{
	"credit": "Made with Blockbench",
	"textures": {
		"0": "blocks/chara",
		"particle": "blocks/chara"
	},
	"elements": [
		{
			"from": [2.5, 10.5, 5],
			"to": [13.5, 12.5, 6],
			"rotation": {"angle": 0, "axis": "y", "origin": [8, 7, 9]},
			"faces": {
				"north": {"uv": [7, 13, 15.5, 15], "texture": "#0"},
				"east": {"uv": [7, 13, 15.5, 15], "texture": "#0"},
				"south": {"uv": [7, 13, 15.5, 15], "texture": "#0"},
				"west": {"uv": [7, 13, 15.5, 15], "texture": "#0"},
				"up": {"uv": [7, 13, 15.5, 14], "texture": "#0"},
				"down": {"uv": [7, 14, 15.5, 16], "texture": "#0"}
			}
		},
		{
			"from": [2.5, 3.5, 5],
			"to": [13.5, 5.5, 6],
			"rotation": {"angle": 0, "axis": "y", "origin": [8, 8, 9]},
			"faces": {
				"north": {"uv": [7, 13, 15.5, 15], "texture": "#0"},
				"east": {"uv": [7, 13, 15.5, 15], "texture": "#0"},
				"south": {"uv": [7, 13, 15.5, 15], "texture": "#0"},
				"west": {"uv": [7, 13, 15.5, 15], "texture": "#0"},
				"up": {"uv": [7, 13, 15.5, 14], "texture": "#0"},
				"down": {"uv": [7, 14, 15.5, 16], "texture": "#0"}
			}
		},
		{
			"from": [1.5, 10, 5],
			"to": [2.5, 13, 15],
			"rotation": {"angle": 0, "axis": "y", "origin": [9, 7, 8]},
			"faces": {
				"north": {"uv": [2, 13, 16, 16], "texture": "#0"},
				"east": {"uv": [2, 13, 16, 16], "texture": "#0"},
				"south": {"uv": [2, 13, 16, 16], "texture": "#0"},
				"west": {"uv": [2, 13, 16, 16], "texture": "#0"},
				"up": {"uv": [2, 13, 16, 14], "texture": "#0"},
				"down": {"uv": [2, 14, 16, 16], "texture": "#0"}
			}
		},
		{
			"from": [1.5, 3, 5],
			"to": [2.5, 6, 15],
			"rotation": {"angle": 0, "axis": "y", "origin": [9, 8, 8]},
			"faces": {
				"north": {"uv": [2, 13, 16, 16], "texture": "#0"},
				"east": {"uv": [2, 13, 16, 16], "texture": "#0"},
				"south": {"uv": [2, 13, 16, 16], "texture": "#0"},
				"west": {"uv": [2, 13, 16, 16], "texture": "#0"},
				"up": {"uv": [2, 13, 16, 14], "texture": "#0"},
				"down": {"uv": [2, 14, 16, 16], "texture": "#0"}
			}
		},
		{
			"from": [13.5, 10, 5],
			"to": [14.5, 13, 15],
			"rotation": {"angle": 0, "axis": "y", "origin": [7, 7, 8]},
			"faces": {
				"north": {"uv": [2, 13, 16, 16], "texture": "#0"},
				"east": {"uv": [2, 13, 16, 16], "texture": "#0"},
				"south": {"uv": [2, 13, 16, 16], "texture": "#0"},
				"west": {"uv": [2, 13, 16, 16], "texture": "#0"},
				"up": {"uv": [2, 13, 16, 14], "texture": "#0"},
				"down": {"uv": [2, 14, 16, 16], "texture": "#0"}
			}
		},
		{
			"from": [13.5, 3, 5],
			"to": [14.5, 6, 15],
			"rotation": {"angle": 0, "axis": "y", "origin": [7, 8, 8]},
			"faces": {
				"north": {"uv": [2, 13, 16, 16], "texture": "#0"},
				"east": {"uv": [2, 13, 16, 16], "texture": "#0"},
				"south": {"uv": [2, 13, 16, 16], "texture": "#0"},
				"west": {"uv": [2, 13, 16, 16], "texture": "#0"},
				"up": {"uv": [2, 13, 16, 14], "texture": "#0"},
				"down": {"uv": [2, 14, 16, 16], "texture": "#0"}
			}
		},
		{
			"from": [1.5, 2, 18],
			"to": [13.5, 11, 19],
			"faces": {
				"north": {"uv": [2, 1, 4, 3], "texture": "#0"},
				"east": {"uv": [2, 1, 4, 3], "texture": "#0"},
				"south": {"uv": [0, 0, 12, 9], "texture": "#0"},
				"west": {"uv": [2, 1, 4, 3], "texture": "#0"},
				"up": {"uv": [2, 1, 4, 3], "texture": "#0"},
				"down": {"uv": [2, 1, 4, 3], "texture": "#0"}
			}
		},
		{
			"from": [13.5, 5, 18],
			"to": [15.5, 8, 19],
			"faces": {
				"north": {"uv": [2, 1, 4, 3], "texture": "#0"},
				"east": {"uv": [2, 1, 4, 3], "texture": "#0"},
				"south": {"uv": [1, 0, 3, 2], "texture": "#0"},
				"west": {"uv": [2, 1, 4, 3], "texture": "#0"},
				"up": {"uv": [2, 1, 4, 3], "texture": "#0"},
				"down": {"uv": [2, 1, 4, 3], "texture": "#0"}
			}
		},
		{
			"from": [1.5, 1, 15],
			"to": [14.5, 2, 19],
			"faces": {
				"north": {"uv": [1, 10, 2, 11], "texture": "#0"},
				"east": {"uv": [1, 10, 2, 11], "texture": "#0"},
				"south": {"uv": [4, 10, 5, 11], "texture": "#0"},
				"west": {"uv": [1, 10, 2, 11], "texture": "#0"},
				"up": {"uv": [1, 10, 2, 11], "texture": "#0"},
				"down": {"uv": [1, 10, 2, 11], "texture": "#0"}
			}
		},
		{
			"from": [-0.5, 1, 15],
			"to": [0.5, 2, 19],
			"faces": {
				"north": {"uv": [1, 10, 2, 11], "texture": "#0"},
				"east": {"uv": [1, 10, 2, 11], "texture": "#0"},
				"south": {"uv": [4, 10, 5, 11], "texture": "#0"},
				"west": {"uv": [1, 10, 2, 11], "texture": "#0"},
				"up": {"uv": [1, 10, 2, 11], "texture": "#0"},
				"down": {"uv": [1, 10, 2, 11], "texture": "#0"}
			}
		},
		{
			"from": [-0.5, 2, 15],
			"to": [0.5, 8, 20],
			"faces": {
				"north": {"uv": [1, 10, 2, 11], "texture": "#0"},
				"east": {"uv": [1, 10, 2, 11], "texture": "#0"},
				"south": {"uv": [1, 10, 2, 11], "texture": "#0"},
				"west": {"uv": [1, 10, 2, 11], "texture": "#0"},
				"up": {"uv": [1, 10, 2, 11], "texture": "#0"},
				"down": {"uv": [1, 10, 2, 11], "texture": "#0"}
			}
		},
		{
			"from": [1.5, 8, 15],
			"to": [2.5, 13, 20],
			"faces": {
				"north": {"uv": [1, 10, 2, 11], "texture": "#0"},
				"east": {"uv": [1, 10, 2, 11], "texture": "#0"},
				"south": {"uv": [1, 10, 2, 11], "texture": "#0"},
				"west": {"uv": [1, 10, 2, 11], "texture": "#0"},
				"up": {"uv": [1, 10, 2, 11], "texture": "#0"},
				"down": {"uv": [1, 10, 2, 11], "texture": "#0"}
			}
		},
		{
			"from": [13.5, 7, 15],
			"to": [14.5, 13, 20],
			"faces": {
				"north": {"uv": [1, 10, 2, 11], "texture": "#0"},
				"east": {"uv": [1, 10, 2, 11], "texture": "#0"},
				"south": {"uv": [1, 10, 2, 11], "texture": "#0"},
				"west": {"uv": [1, 10, 2, 11], "texture": "#0"},
				"up": {"uv": [1, 10, 2, 11], "texture": "#0"},
				"down": {"uv": [1, 10, 2, 11], "texture": "#0"}
			}
		},
		{
			"from": [1.5, 2, 15],
			"to": [13.5, 6, 16],
			"faces": {
				"north": {"uv": [1, 10, 2, 11], "texture": "#0"},
				"east": {"uv": [1, 10, 2, 11], "texture": "#0"},
				"south": {"uv": [1, 10, 2, 11], "texture": "#0"},
				"west": {"uv": [1, 10, 2, 11], "texture": "#0"},
				"up": {"uv": [1, 10, 2, 11], "texture": "#0"},
				"down": {"uv": [1, 10, 2, 11], "texture": "#0"}
			}
		},
		{
			"from": [2.5, 6, 15],
			"to": [13.5, 9, 16],
			"faces": {
				"north": {"uv": [1, 10, 2, 11], "texture": "#0"},
				"east": {"uv": [1, 10, 2, 11], "texture": "#0"},
				"south": {"uv": [1, 10, 2, 11], "texture": "#0"},
				"west": {"uv": [1, 10, 2, 11], "texture": "#0"},
				"up": {"uv": [1, 10, 2, 11], "texture": "#0"},
				"down": {"uv": [1, 10, 2, 11], "texture": "#0"}
			}
		},
		{
			"from": [13.5, 3, 15],
			"to": [14.5, 6, 16],
			"faces": {
				"north": {"uv": [1, 10, 2, 11], "texture": "#0"},
				"east": {"uv": [1, 10, 2, 11], "texture": "#0"},
				"south": {"uv": [1, 10, 2, 11], "texture": "#0"},
				"west": {"uv": [1, 10, 2, 11], "texture": "#0"},
				"up": {"uv": [1, 10, 2, 11], "texture": "#0"},
				"down": {"uv": [1, 10, 2, 11], "texture": "#0"}
			}
		},
		{
			"from": [14.5, 7, 15],
			"to": [15.5, 8, 16],
			"faces": {
				"north": {"uv": [1, 10, 2, 11], "texture": "#0"},
				"east": {"uv": [1, 10, 2, 11], "texture": "#0"},
				"south": {"uv": [1, 10, 2, 11], "texture": "#0"},
				"west": {"uv": [1, 10, 2, 11], "texture": "#0"},
				"up": {"uv": [1, 10, 2, 11], "texture": "#0"},
				"down": {"uv": [1, 10, 2, 11], "texture": "#0"}
			}
		},
		{
			"from": [5.5, 9, 15],
			"to": [6.5, 10, 16],
			"faces": {
				"north": {"uv": [1, 10, 2, 11], "texture": "#0"},
				"east": {"uv": [1, 10, 2, 11], "texture": "#0"},
				"south": {"uv": [1, 10, 2, 11], "texture": "#0"},
				"west": {"uv": [1, 10, 2, 11], "texture": "#0"},
				"up": {"uv": [1, 10, 2, 11], "texture": "#0"},
				"down": {"uv": [1, 10, 2, 11], "texture": "#0"}
			}
		},
		{
			"from": [4.5, 10, 15],
			"to": [5.5, 11, 16],
			"faces": {
				"north": {"uv": [1, 10, 2, 11], "texture": "#0"},
				"east": {"uv": [1, 10, 2, 11], "texture": "#0"},
				"south": {"uv": [1, 10, 2, 11], "texture": "#0"},
				"west": {"uv": [1, 10, 2, 11], "texture": "#0"},
				"up": {"uv": [1, 10, 2, 11], "texture": "#0"},
				"down": {"uv": [1, 10, 2, 11], "texture": "#0"}
			}
		},
		{
			"from": [1.5, 6, 15],
			"to": [2.5, 8, 16],
			"faces": {
				"north": {"uv": [1, 10, 2, 11], "texture": "#0"},
				"east": {"uv": [1, 10, 2, 11], "texture": "#0"},
				"south": {"uv": [1, 10, 2, 11], "texture": "#0"},
				"west": {"uv": [1, 10, 2, 11], "texture": "#0"},
				"up": {"uv": [1, 10, 2, 11], "texture": "#0"},
				"down": {"uv": [1, 10, 2, 11], "texture": "#0"}
			}
		},
		{
			"from": [9.5, 9, 15],
			"to": [11.5, 10, 16],
			"faces": {
				"north": {"uv": [1, 10, 2, 11], "texture": "#0"},
				"east": {"uv": [1, 10, 2, 11], "texture": "#0"},
				"south": {"uv": [1, 10, 2, 11], "texture": "#0"},
				"west": {"uv": [1, 10, 2, 11], "texture": "#0"},
				"up": {"uv": [1, 10, 2, 11], "texture": "#0"},
				"down": {"uv": [1, 10, 2, 11], "texture": "#0"}
			}
		},
		{
			"from": [8.5, 10, 15],
			"to": [9.5, 11, 16],
			"rotation": {"angle": 0, "axis": "y", "origin": [2, 11, 8]},
			"faces": {
				"north": {"uv": [1, 10, 2, 11], "texture": "#0"},
				"east": {"uv": [1, 10, 2, 11], "texture": "#0"},
				"south": {"uv": [1, 10, 2, 11], "texture": "#0"},
				"west": {"uv": [1, 10, 2, 11], "texture": "#0"},
				"up": {"uv": [1, 10, 2, 11], "texture": "#0"},
				"down": {"uv": [1, 10, 2, 11], "texture": "#0"}
			}
		},
		{
			"from": [3.5, 10, 15],
			"to": [4.5, 11, 16],
			"rotation": {"angle": 0, "axis": "y", "origin": [-3, 11, 8]},
			"faces": {
				"north": {"uv": [1, 10, 2, 11], "texture": "#0"},
				"east": {"uv": [1, 10, 2, 11], "texture": "#0"},
				"south": {"uv": [1, 10, 2, 11], "texture": "#0"},
				"west": {"uv": [1, 10, 2, 11], "texture": "#0"},
				"up": {"uv": [1, 10, 2, 11], "texture": "#0"},
				"down": {"uv": [1, 10, 2, 11], "texture": "#0"}
			}
		},
		{
			"from": [11.5, 9, 15],
			"to": [12.5, 10, 16],
			"rotation": {"angle": 0, "axis": "y", "origin": [-3, 11, 8]},
			"faces": {
				"north": {"uv": [1, 10, 2, 11], "texture": "#0"},
				"east": {"uv": [1, 10, 2, 11], "texture": "#0"},
				"south": {"uv": [1, 10, 2, 11], "texture": "#0"},
				"west": {"uv": [1, 10, 2, 11], "texture": "#0"},
				"up": {"uv": [1, 10, 2, 11], "texture": "#0"},
				"down": {"uv": [1, 10, 2, 11], "texture": "#0"}
			}
		},
		{
			"from": [13.5, 6, 15],
			"to": [15.5, 7, 16],
			"faces": {
				"north": {"uv": [1, 10, 2, 11], "texture": "#0"},
				"east": {"uv": [1, 10, 2, 11], "texture": "#0"},
				"south": {"uv": [1, 10, 2, 11], "texture": "#0"},
				"west": {"uv": [1, 10, 2, 11], "texture": "#0"},
				"up": {"uv": [1, 10, 2, 11], "texture": "#0"},
				"down": {"uv": [1, 10, 2, 11], "texture": "#0"}
			}
		},
		{
			"from": [7.5, 9, 15],
			"to": [9.5, 10, 16],
			"rotation": {"angle": 0, "axis": "y", "origin": [2, 11, 8]},
			"faces": {
				"north": {"uv": [1, 10, 2, 11], "texture": "#0"},
				"east": {"uv": [1, 10, 2, 11], "texture": "#0"},
				"south": {"uv": [1, 10, 2, 11], "texture": "#0"},
				"west": {"uv": [1, 10, 2, 11], "texture": "#0"},
				"up": {"uv": [1, 10, 2, 11], "texture": "#0"},
				"down": {"uv": [1, 10, 2, 11], "texture": "#0"}
			}
		},
		{
			"from": [2.5, 9, 15],
			"to": [5.5, 10, 16],
			"rotation": {"angle": 0, "axis": "y", "origin": [-3, 11, 8]},
			"faces": {
				"north": {"uv": [1, 10, 2, 11], "texture": "#0"},
				"east": {"uv": [1, 10, 2, 11], "texture": "#0"},
				"south": {"uv": [1, 10, 2, 11], "texture": "#0"},
				"west": {"uv": [1, 10, 2, 11], "texture": "#0"},
				"up": {"uv": [1, 10, 2, 11], "texture": "#0"},
				"down": {"uv": [1, 10, 2, 11], "texture": "#0"}
			}
		},
		{
			"from": [14.5, 8, 15],
			"to": [15.5, 12, 20],
			"faces": {
				"north": {"uv": [1, 10, 2, 11], "texture": "#0"},
				"east": {"uv": [1, 10, 2, 11], "texture": "#0"},
				"south": {"uv": [1, 10, 2, 11], "texture": "#0"},
				"west": {"uv": [1, 10, 2, 11], "texture": "#0"},
				"up": {"uv": [1, 10, 2, 11], "texture": "#0"},
				"down": {"uv": [1, 10, 2, 11], "texture": "#0"}
			}
		},
		{
			"from": [14.5, 2, 15],
			"to": [15.5, 6, 20],
			"faces": {
				"north": {"uv": [1, 10, 2, 11], "texture": "#0"},
				"east": {"uv": [1, 10, 2, 11], "texture": "#0"},
				"south": {"uv": [1, 10, 2, 11], "texture": "#0"},
				"west": {"uv": [1, 10, 2, 11], "texture": "#0"},
				"up": {"uv": [1, 10, 2, 11], "texture": "#0"},
				"down": {"uv": [1, 10, 2, 11], "texture": "#0"}
			}
		},
		{
			"from": [15.5, 2, 15],
			"to": [16.5, 9, 20],
			"faces": {
				"north": {"uv": [1, 10, 2, 11], "texture": "#0"},
				"east": {"uv": [1, 10, 2, 11], "texture": "#0"},
				"south": {"uv": [1, 10, 2, 11], "texture": "#0"},
				"west": {"uv": [1, 10, 2, 11], "texture": "#0"},
				"up": {"uv": [1, 10, 2, 11], "texture": "#0"},
				"down": {"uv": [1, 10, 2, 11], "texture": "#0"}
			}
		},
		{
			"from": [5.5, 10, 15],
			"to": [11.5, 11, 20],
			"faces": {
				"north": {"uv": [1, 10, 2, 11], "texture": "#0"},
				"east": {"uv": [1, 10, 2, 11], "texture": "#0"},
				"south": {"uv": [1, 10, 2, 11], "texture": "#0"},
				"west": {"uv": [1, 10, 2, 11], "texture": "#0"},
				"up": {"uv": [1, 10, 2, 11], "texture": "#0"},
				"down": {"uv": [1, 10, 2, 11], "texture": "#0"}
			}
		},
		{
			"from": [6.5, 9, 15],
			"to": [7.5, 10, 20],
			"faces": {
				"north": {"uv": [1, 10, 2, 11], "texture": "#0"},
				"east": {"uv": [1, 10, 2, 11], "texture": "#0"},
				"south": {"uv": [1, 10, 2, 11], "texture": "#0"},
				"west": {"uv": [1, 10, 2, 11], "texture": "#0"},
				"up": {"uv": [1, 10, 2, 11], "texture": "#0"},
				"down": {"uv": [1, 10, 2, 11], "texture": "#0"}
			}
		},
		{
			"from": [12.5, 6, 15],
			"to": [13.5, 11, 20],
			"faces": {
				"north": {"uv": [1, 10, 2, 11], "texture": "#0"},
				"east": {"uv": [1, 10, 2, 11], "texture": "#0"},
				"south": {"uv": [1, 10, 2, 11], "texture": "#0"},
				"west": {"uv": [1, 10, 2, 11], "texture": "#0"},
				"up": {"uv": [1, 10, 2, 11], "texture": "#0"},
				"down": {"uv": [1, 10, 2, 11], "texture": "#0"}
			}
		},
		{
			"from": [11.5, 9, 15],
			"to": [12.5, 11, 20],
			"faces": {
				"north": {"uv": [1, 10, 2, 11], "texture": "#0"},
				"east": {"uv": [1, 10, 2, 11], "texture": "#0"},
				"south": {"uv": [1, 10, 2, 11], "texture": "#0"},
				"west": {"uv": [1, 10, 2, 11], "texture": "#0"},
				"up": {"uv": [1, 10, 2, 11], "texture": "#0"},
				"down": {"uv": [1, 10, 2, 11], "texture": "#0"}
			}
		},
		{
			"from": [2.5, 10, 15],
			"to": [3.5, 11, 20],
			"faces": {
				"north": {"uv": [1, 10, 2, 11], "texture": "#0"},
				"east": {"uv": [1, 10, 2, 11], "texture": "#0"},
				"south": {"uv": [1, 10, 2, 11], "texture": "#0"},
				"west": {"uv": [1, 10, 2, 11], "texture": "#0"},
				"up": {"uv": [1, 10, 2, 11], "texture": "#0"},
				"down": {"uv": [1, 10, 2, 11], "texture": "#0"}
			}
		},
		{
			"from": [2.5, 11, 15],
			"to": [13.5, 14, 20],
			"faces": {
				"north": {"uv": [1, 10, 2, 11], "texture": "#0"},
				"east": {"uv": [1, 10, 2, 11], "texture": "#0"},
				"south": {"uv": [1, 10, 2, 11], "texture": "#0"},
				"west": {"uv": [1, 10, 2, 11], "texture": "#0"},
				"up": {"uv": [1, 10, 2, 11], "texture": "#0"},
				"down": {"uv": [1, 10, 2, 11], "texture": "#0"}
			}
		},
		{
			"from": [3.5, 14, 15],
			"to": [12.5, 15, 20],
			"faces": {
				"north": {"uv": [1, 10, 2, 11], "texture": "#0"},
				"east": {"uv": [1, 10, 2, 11], "texture": "#0"},
				"south": {"uv": [1, 10, 2, 11], "texture": "#0"},
				"west": {"uv": [1, 10, 2, 11], "texture": "#0"},
				"up": {"uv": [1, 10, 2, 11], "texture": "#0"},
				"down": {"uv": [1, 10, 2, 11], "texture": "#0"}
			}
		},
		{
			"from": [0.5, 3, 15],
			"to": [1.5, 11, 20],
			"faces": {
				"north": {"uv": [1, 10, 2, 11], "texture": "#0"},
				"east": {"uv": [1, 10, 2, 11], "texture": "#0"},
				"south": {"uv": [1, 10, 2, 11], "texture": "#0"},
				"west": {"uv": [1, 10, 2, 11], "texture": "#0"},
				"up": {"uv": [1, 10, 2, 11], "texture": "#0"},
				"down": {"uv": [1, 10, 2, 11], "texture": "#0"}
			}
		},
		{
			"from": [4.5, 1, 19],
			"to": [10.5, 2, 20],
			"faces": {
				"north": {"uv": [1, 10, 2, 11], "texture": "#0"},
				"east": {"uv": [1, 10, 2, 11], "texture": "#0"},
				"south": {"uv": [1, 10, 2, 11], "texture": "#0"},
				"west": {"uv": [1, 10, 2, 11], "texture": "#0"},
				"up": {"uv": [1, 10, 2, 11], "texture": "#0"},
				"down": {"uv": [1, 10, 2, 11], "texture": "#0"}
			}
		},
		{
			"from": [12.5, 3, 19],
			"to": [13.5, 4, 20],
			"faces": {
				"north": {"uv": [1, 10, 2, 11], "texture": "#0"},
				"east": {"uv": [1, 10, 2, 11], "texture": "#0"},
				"south": {"uv": [1, 10, 2, 11], "texture": "#0"},
				"west": {"uv": [1, 10, 2, 11], "texture": "#0"},
				"up": {"uv": [1, 10, 2, 11], "texture": "#0"},
				"down": {"uv": [1, 10, 2, 11], "texture": "#0"}
			}
		},
		{
			"from": [10.5, 2, 19],
			"to": [13.5, 3, 20],
			"faces": {
				"north": {"uv": [1, 10, 2, 11], "texture": "#0"},
				"east": {"uv": [1, 10, 2, 11], "texture": "#0"},
				"south": {"uv": [1, 10, 2, 11], "texture": "#0"},
				"west": {"uv": [1, 10, 2, 11], "texture": "#0"},
				"up": {"uv": [1, 10, 2, 11], "texture": "#0"},
				"down": {"uv": [1, 10, 2, 11], "texture": "#0"}
			}
		},
		{
			"from": [2.5, 2, 19],
			"to": [4.5, 3, 20],
			"faces": {
				"north": {"uv": [1, 10, 2, 11], "texture": "#0"},
				"east": {"uv": [1, 10, 2, 11], "texture": "#0"},
				"south": {"uv": [1, 10, 2, 11], "texture": "#0"},
				"west": {"uv": [1, 10, 2, 11], "texture": "#0"},
				"up": {"uv": [1, 10, 2, 11], "texture": "#0"},
				"down": {"uv": [1, 10, 2, 11], "texture": "#0"}
			}
		},
		{
			"from": [1.5, 2, 19],
			"to": [2.5, 4, 20],
			"faces": {
				"north": {"uv": [1, 10, 2, 11], "texture": "#0"},
				"east": {"uv": [1, 10, 2, 11], "texture": "#0"},
				"south": {"uv": [1, 10, 2, 11], "texture": "#0"},
				"west": {"uv": [1, 10, 2, 11], "texture": "#0"},
				"up": {"uv": [1, 10, 2, 11], "texture": "#0"},
				"down": {"uv": [1, 10, 2, 11], "texture": "#0"}
			}
		},
		{
			"from": [13.5, 3, 19],
			"to": [14.5, 5, 20],
			"faces": {
				"north": {"uv": [1, 10, 2, 11], "texture": "#0"},
				"east": {"uv": [1, 10, 2, 11], "texture": "#0"},
				"south": {"uv": [1, 10, 2, 11], "texture": "#0"},
				"west": {"uv": [1, 10, 2, 11], "texture": "#0"},
				"up": {"uv": [1, 10, 2, 11], "texture": "#0"},
				"down": {"uv": [1, 10, 2, 11], "texture": "#0"}
			}
		},
		{
			"from": [0.5, 2, 15],
			"to": [1.5, 3, 19],
			"faces": {
				"north": {"uv": [1, 10, 2, 11], "texture": "#0"},
				"east": {"uv": [1, 10, 2, 11], "texture": "#0"},
				"south": {"uv": [4, 10, 5, 11], "texture": "#0"},
				"west": {"uv": [1, 10, 2, 11], "texture": "#0"},
				"up": {"uv": [1, 10, 2, 11], "texture": "#0"},
				"down": {"uv": [1, 10, 2, 11], "texture": "#0"}
			}
		},
		{
			"from": [-0.5, 8, 15],
			"to": [0.5, 11, 19],
			"faces": {
				"north": {"uv": [1, 10, 2, 11], "texture": "#0"},
				"east": {"uv": [1, 10, 2, 11], "texture": "#0"},
				"south": {"uv": [4, 10, 5, 11], "texture": "#0"},
				"west": {"uv": [1, 10, 2, 11], "texture": "#0"},
				"up": {"uv": [1, 10, 2, 11], "texture": "#0"},
				"down": {"uv": [1, 10, 2, 11], "texture": "#0"}
			}
		},
		{
			"from": [15.5, 9, 15],
			"to": [16.5, 12, 19],
			"rotation": {"angle": 0, "axis": "y", "origin": [26, 8, 8]},
			"faces": {
				"north": {"uv": [1, 10, 2, 11], "texture": "#0"},
				"east": {"uv": [1, 10, 2, 11], "texture": "#0"},
				"south": {"uv": [4, 10, 5, 11], "texture": "#0"},
				"west": {"uv": [1, 10, 2, 11], "texture": "#0"},
				"up": {"uv": [1, 10, 2, 11], "texture": "#0"},
				"down": {"uv": [1, 10, 2, 11], "texture": "#0"}
			}
		},
		{
			"from": [0.5, 11, 15],
			"to": [1.5, 13, 19],
			"faces": {
				"north": {"uv": [1, 10, 2, 11], "texture": "#0"},
				"east": {"uv": [1, 10, 2, 11], "texture": "#0"},
				"south": {"uv": [4, 10, 5, 11], "texture": "#0"},
				"west": {"uv": [1, 10, 2, 11], "texture": "#0"},
				"up": {"uv": [1, 10, 2, 11], "texture": "#0"},
				"down": {"uv": [1, 10, 2, 11], "texture": "#0"}
			}
		},
		{
			"from": [14.5, 12, 15],
			"to": [15.5, 13, 19],
			"rotation": {"angle": 0, "axis": "y", "origin": [20, 8, 8]},
			"faces": {
				"north": {"uv": [1, 10, 2, 11], "texture": "#0"},
				"east": {"uv": [1, 10, 2, 11], "texture": "#0"},
				"south": {"uv": [4, 10, 5, 11], "texture": "#0"},
				"west": {"uv": [1, 10, 2, 11], "texture": "#0"},
				"up": {"uv": [1, 10, 2, 11], "texture": "#0"},
				"down": {"uv": [1, 10, 2, 11], "texture": "#0"}
			}
		},
		{
			"from": [1.5, 13, 15],
			"to": [2.5, 14, 19],
			"faces": {
				"north": {"uv": [1, 10, 2, 11], "texture": "#0"},
				"east": {"uv": [1, 10, 2, 11], "texture": "#0"},
				"south": {"uv": [4, 10, 5, 11], "texture": "#0"},
				"west": {"uv": [1, 10, 2, 11], "texture": "#0"},
				"up": {"uv": [1, 10, 2, 11], "texture": "#0"},
				"down": {"uv": [1, 10, 2, 11], "texture": "#0"}
			}
		},
		{
			"from": [13.5, 13, 15],
			"to": [14.5, 14, 19],
			"rotation": {"angle": 0, "axis": "y", "origin": [20, 8, 8]},
			"faces": {
				"north": {"uv": [1, 10, 2, 11], "texture": "#0"},
				"east": {"uv": [1, 10, 2, 11], "texture": "#0"},
				"south": {"uv": [4, 10, 5, 11], "texture": "#0"},
				"west": {"uv": [1, 10, 2, 11], "texture": "#0"},
				"up": {"uv": [1, 10, 2, 11], "texture": "#0"},
				"down": {"uv": [1, 10, 2, 11], "texture": "#0"}
			}
		},
		{
			"from": [2.5, 14, 15],
			"to": [3.5, 15, 19],
			"faces": {
				"north": {"uv": [1, 10, 2, 11], "texture": "#0"},
				"east": {"uv": [1, 10, 2, 11], "texture": "#0"},
				"south": {"uv": [4, 10, 5, 11], "texture": "#0"},
				"west": {"uv": [1, 10, 2, 11], "texture": "#0"},
				"up": {"uv": [1, 10, 2, 11], "texture": "#0"},
				"down": {"uv": [1, 10, 2, 11], "texture": "#0"}
			}
		},
		{
			"from": [12.5, 14, 15],
			"to": [13.5, 15, 19],
			"rotation": {"angle": 0, "axis": "y", "origin": [18, 8, 8]},
			"faces": {
				"north": {"uv": [1, 10, 2, 11], "texture": "#0"},
				"east": {"uv": [1, 10, 2, 11], "texture": "#0"},
				"south": {"uv": [4, 10, 5, 11], "texture": "#0"},
				"west": {"uv": [1, 10, 2, 11], "texture": "#0"},
				"up": {"uv": [1, 10, 2, 11], "texture": "#0"},
				"down": {"uv": [1, 10, 2, 11], "texture": "#0"}
			}
		},
		{
			"from": [3.5, 15, 15],
			"to": [12.5, 16, 19],
			"faces": {
				"north": {"uv": [1, 10, 2, 11], "texture": "#0"},
				"east": {"uv": [1, 10, 2, 11], "texture": "#0"},
				"south": {"uv": [4, 10, 5, 11], "texture": "#0"},
				"west": {"uv": [1, 10, 2, 11], "texture": "#0"},
				"up": {"uv": [1, 10, 2, 11], "texture": "#0"},
				"down": {"uv": [1, 10, 2, 11], "texture": "#0"}
			}
		},
		{
			"from": [-1.5, 2, 15],
			"to": [-0.5, 8, 19],
			"faces": {
				"north": {"uv": [1, 10, 2, 11], "texture": "#0"},
				"east": {"uv": [1, 10, 2, 11], "texture": "#0"},
				"south": {"uv": [4, 10, 5, 11], "texture": "#0"},
				"west": {"uv": [1, 10, 2, 11], "texture": "#0"},
				"up": {"uv": [1, 10, 2, 11], "texture": "#0"},
				"down": {"uv": [1, 10, 2, 11], "texture": "#0"}
			}
		},
		{
			"from": [16.5, 2, 15],
			"to": [17.5, 9, 19],
			"rotation": {"angle": 0, "axis": "y", "origin": [26, 8, 8]},
			"faces": {
				"north": {"uv": [1, 10, 2, 11], "texture": "#0"},
				"east": {"uv": [1, 10, 2, 11], "texture": "#0"},
				"south": {"uv": [4, 10, 5, 11], "texture": "#0"},
				"west": {"uv": [1, 10, 2, 11], "texture": "#0"},
				"up": {"uv": [1, 10, 2, 11], "texture": "#0"},
				"down": {"uv": [1, 10, 2, 11], "texture": "#0"}
			}
		},
		{
			"from": [15.5, 1, 15],
			"to": [16.5, 2, 19],
			"faces": {
				"north": {"uv": [1, 10, 2, 11], "texture": "#0"},
				"east": {"uv": [1, 10, 2, 11], "texture": "#0"},
				"south": {"uv": [4, 10, 5, 11], "texture": "#0"},
				"west": {"uv": [1, 10, 2, 11], "texture": "#0"},
				"up": {"uv": [1, 10, 2, 11], "texture": "#0"},
				"down": {"uv": [1, 10, 2, 11], "texture": "#0"}
			}
		},
		{
			"from": [13.5, 0, 15],
			"to": [14.5, 1, 19],
			"faces": {
				"north": {"uv": [1, 10, 2, 11], "texture": "#0"},
				"east": {"uv": [1, 10, 2, 11], "texture": "#0"},
				"south": {"uv": [4, 10, 5, 11], "texture": "#0"},
				"west": {"uv": [1, 10, 2, 11], "texture": "#0"},
				"up": {"uv": [1, 10, 2, 11], "texture": "#0"},
				"down": {"uv": [1, 10, 2, 11], "texture": "#0"}
			}
		},
		{
			"from": [13.5, 2, 15],
			"to": [14.5, 3, 19],
			"faces": {
				"north": {"uv": [1, 10, 2, 11], "texture": "#0"},
				"east": {"uv": [1, 10, 2, 11], "texture": "#0"},
				"south": {"uv": [4, 10, 5, 11], "texture": "#0"},
				"west": {"uv": [1, 10, 2, 11], "texture": "#0"},
				"up": {"uv": [1, 10, 2, 11], "texture": "#0"},
				"down": {"uv": [1, 10, 2, 11], "texture": "#0"}
			}
		}
	],
	"display": {
		"gui": {
			"rotation": [-30, 135, 0],
			"translation": [0, -0.5, 0]
		},
		"head": {
			"rotation": [0, 180, 0],
			"translation": [0, 0.5, 2.2],
			"scale": [1.4, 1.4, 1.4]
		},
		"fixed": {
			"rotation": [0, 180, 0],
			"translation": [0, -0.8, 3.8]
		}
	},
	"groups": [
		{
			"name": "group",
			"origin": [8, 8, 8],
			"children": [0, 1, 2, 3, 4, 5]
		},
		{
			"name": "face",
			"origin": [8, 8, 8],
			"children": [6, 7]
		},
		{
			"name": "hair",
			"origin": [8, 8, 8],
			"children": [8, 9, 10, 11, 12, 13, 14, 15, 16, 17, 18, 19, 20, 21, 22, 23, 24, 25, 26, 27, 28, 29, 30, 31, 32, 33, 34, 35, 36, 37, 38, 39, 40, 41, 42, 43, 44, 45, 46, 47, 48, 49, 50, 51, 52, 53, 54, 55, 56, 57, 58]
		}
	]
}
