{"__comment":"Designed by Hypixel minecraft server with BDcraft Cubik PRO 0.90 Beta - http://bdcraft.net","textures":{"particle":"blocks/bulk","bulk":"blocks/bulk"},"elements":[{"from":[2.5,1.5,15],"to":[13.5,2.5,16],"faces":{"down":{"uv":[10,13,10.5,12.5],"texture":"#bulk"},"up":{"uv":[10,12.5,10.5,13],"texture":"#bulk"},"north":{"uv":[10,12.5,10.5,13],"texture":"#bulk"},"south":{"uv":[10,13,10.5,12.5],"texture":"#bulk"},"west":{"uv":[10,12.5,10.5,13],"texture":"#bulk"},"east":{"uv":[10.5,12.5,10,13],"texture":"#bulk"}}},{"from":[2.5,2,16],"to":[13.5,3,17],"faces":{"down":{"uv":[10,13,10.5,12.5],"texture":"#bulk"},"up":{"uv":[10,12.5,10.5,13],"texture":"#bulk"},"north":{"uv":[10,12.5,10.5,13],"texture":"#bulk"},"south":{"uv":[10,13,10.5,12.5],"texture":"#bulk"},"west":{"uv":[10,12.5,10.5,13],"texture":"#bulk"},"east":{"uv":[10.5,12.5,10,13],"texture":"#bulk"}}},{"from":[2.5,3,16.5],"to":[13.5,5.5,17],"faces":{"down":{"uv":[10,13,10.5,12.5],"texture":"#bulk"},"up":{"uv":[10,12.5,10.5,13],"texture":"#bulk"},"north":{"uv":[10,12.5,10.5,13],"texture":"#bulk"},"south":{"uv":[10,13,10.5,12.5],"texture":"#bulk"},"west":{"uv":[10,12.5,10.5,13],"texture":"#bulk"},"east":{"uv":[10.5,12.5,10,13],"texture":"#bulk"}}},{"from":[2.5,5,15.5],"to":[13.5,5.5,16.5],"faces":{"down":{"uv":[10,13,10.5,12.5],"texture":"#bulk"},"up":{"uv":[10,12.5,10.5,13],"texture":"#bulk"},"north":{"uv":[10,12.5,10.5,13],"texture":"#bulk"},"south":{"uv":[10,13,10.5,12.5],"texture":"#bulk"},"west":{"uv":[10,12.5,10.5,13],"texture":"#bulk"},"east":{"uv":[10.5,12.5,10,13],"texture":"#bulk"}}},{"from":[2.5,5.5,14.5],"to":[13.5,6,15.5],"faces":{"down":{"uv":[10,13,10.5,12.5],"texture":"#bulk"},"up":{"uv":[10,12.5,10.5,13],"texture":"#bulk"},"north":{"uv":[10,12.5,10.5,13],"texture":"#bulk"},"south":{"uv":[10,13,10.5,12.5],"texture":"#bulk"},"west":{"uv":[10,12.5,10.5,13],"texture":"#bulk"},"east":{"uv":[10.5,12.5,10,13],"texture":"#bulk"}}},{"from":[2,3.5,14.5],"to":[14,5.5,15.5],"faces":{"down":{"uv":[9.5,8.5,10,8],"texture":"#bulk"},"up":{"uv":[9.5,8,10,8.5],"texture":"#bulk"},"north":{"uv":[9.5,8,10,8.5],"texture":"#bulk"},"south":{"uv":[9.5,8.5,10,8],"texture":"#bulk"},"west":{"uv":[9.5,8,10,8.5],"texture":"#bulk"},"east":{"uv":[10,8,9.5,8.5],"texture":"#bulk"}}},{"from":[2,2.5,15],"to":[14,5,16],"faces":{"down":{"uv":[9.5,8.5,10,8],"texture":"#bulk"},"up":{"uv":[9.5,8,10,8.5],"texture":"#bulk"},"north":{"uv":[9.5,8,10,8.5],"texture":"#bulk"},"south":{"uv":[9.5,8.5,10,8],"texture":"#bulk"},"west":{"uv":[9.5,8,10,8.5],"texture":"#bulk"},"east":{"uv":[10,8,9.5,8.5],"texture":"#bulk"}}},{"from":[2,3,16],"to":[14,5,16.5],"faces":{"down":{"uv":[9.5,8.5,10,8],"texture":"#bulk"},"up":{"uv":[9.5,8,10,8.5],"texture":"#bulk"},"north":{"uv":[9.5,8,10,8.5],"texture":"#bulk"},"south":{"uv":[9.5,8.5,10,8],"texture":"#bulk"},"west":{"uv":[9.5,8,10,8.5],"texture":"#bulk"},"east":{"uv":[10,8,9.5,8.5],"texture":"#bulk"}}},{"from":[3,5.5,15.5],"to":[13,6.5,17],"faces":{"down":{"uv":[5,15,5.5,14.5],"texture":"#bulk"},"up":{"uv":[5,14.5,5.5,15],"texture":"#bulk"},"north":{"uv":[5,14.5,5.5,15],"texture":"#bulk"},"south":{"uv":[5,15,5.5,14.5],"texture":"#bulk"},"west":{"uv":[5,14.5,5.5,15],"texture":"#bulk"},"east":{"uv":[5.5,14.5,5,15],"texture":"#bulk"}}},{"from":[2.5,7.5,15],"to":[13.5,8,16],"faces":{"down":{"uv":[10,13,10.5,12.5],"texture":"#bulk"},"up":{"uv":[10,12.5,10.5,13],"texture":"#bulk"},"north":{"uv":[10,12.5,10.5,13],"texture":"#bulk"},"south":{"uv":[10,13,10.5,12.5],"texture":"#bulk"},"west":{"uv":[10,12.5,10.5,13],"texture":"#bulk"},"east":{"uv":[10.5,12.5,10,13],"texture":"#bulk"}}},{"from":[2.5,6.5,15.5],"to":[13.5,7.5,16],"faces":{"down":{"uv":[10,13,10.5,12.5],"texture":"#bulk"},"up":{"uv":[10,12.5,10.5,13],"texture":"#bulk"},"north":{"uv":[10,12.5,10.5,13],"texture":"#bulk"},"south":{"uv":[10,13,10.5,12.5],"texture":"#bulk"},"west":{"uv":[10,12.5,10.5,13],"texture":"#bulk"},"east":{"uv":[10.5,12.5,10,13],"texture":"#bulk"}}},{"from":[2.5,6.5,16],"to":[13.5,7,16.5],"faces":{"down":{"uv":[10,13,10.5,12.5],"texture":"#bulk"},"up":{"uv":[10,12.5,10.5,13],"texture":"#bulk"},"north":{"uv":[10,12.5,10.5,13],"texture":"#bulk"},"south":{"uv":[10,13,10.5,12.5],"texture":"#bulk"},"west":{"uv":[10,12.5,10.5,13],"texture":"#bulk"},"east":{"uv":[10.5,12.5,10,13],"texture":"#bulk"}}},{"from":[2.5,6.5,15],"to":[13.5,7.5,15.5],"faces":{"down":{"uv":[9.5,8.5,10,8],"texture":"#bulk"},"up":{"uv":[9.5,8,10,8.5],"texture":"#bulk"},"north":{"uv":[9.5,8,10,8.5],"texture":"#bulk"},"south":{"uv":[9.5,8.5,10,8],"texture":"#bulk"},"west":{"uv":[9.5,8,10,8.5],"texture":"#bulk"},"east":{"uv":[10,8,9.5,8.5],"texture":"#bulk"}}},{"from":[3,8,15.5],"to":[13,8.5,17],"faces":{"down":{"uv":[5,15,5.5,14.5],"texture":"#bulk"},"up":{"uv":[5,14.5,5.5,15],"texture":"#bulk"},"north":{"uv":[5,14.5,5.5,15],"texture":"#bulk"},"south":{"uv":[5,15,5.5,14.5],"texture":"#bulk"},"west":{"uv":[5,14.5,5.5,15],"texture":"#bulk"},"east":{"uv":[5.5,14.5,5,15],"texture":"#bulk"}}},{"from":[3,7.5,16],"to":[13,9,16.5],"faces":{"down":{"uv":[5,15,5.5,14.5],"texture":"#bulk"},"up":{"uv":[5,14.5,5.5,15],"texture":"#bulk"},"north":{"uv":[5,14.5,5.5,15],"texture":"#bulk"},"south":{"uv":[5,15,5.5,14.5],"texture":"#bulk"},"west":{"uv":[5,14.5,5.5,15],"texture":"#bulk"},"east":{"uv":[5.5,14.5,5,15],"texture":"#bulk"}}},{"from":[3.5,8,17],"to":[12.5,9,17.5],"faces":{"down":{"uv":[5,6.5,5.5,6],"texture":"#bulk"},"up":{"uv":[5,6,5.5,6.5],"texture":"#bulk"},"north":{"uv":[5,6,5.5,6.5],"texture":"#bulk"},"south":{"uv":[5,6.5,5.5,6],"texture":"#bulk"},"west":{"uv":[5,6,5.5,6.5],"texture":"#bulk"},"east":{"uv":[5.5,6,5,6.5],"texture":"#bulk"}}},{"from":[3.5,8.5,16.5],"to":[12.5,9.5,17],"faces":{"down":{"uv":[5,15,5.5,14.5],"texture":"#bulk"},"up":{"uv":[5,14.5,5.5,15],"texture":"#bulk"},"north":{"uv":[5,14.5,5.5,15],"texture":"#bulk"},"south":{"uv":[5,15,5.5,14.5],"texture":"#bulk"},"west":{"uv":[5,14.5,5.5,15],"texture":"#bulk"},"east":{"uv":[5.5,14.5,5,15],"texture":"#bulk"}}},{"from":[4,9,17],"to":[12,10,17.5],"faces":{"down":{"uv":[5,15,5.5,14.5],"texture":"#bulk"},"up":{"uv":[5,14.5,5.5,15],"texture":"#bulk"},"north":{"uv":[5,14.5,5.5,15],"texture":"#bulk"},"south":{"uv":[5,15,5.5,14.5],"texture":"#bulk"},"west":{"uv":[5,14.5,5.5,15],"texture":"#bulk"},"east":{"uv":[5.5,14.5,5,15],"texture":"#bulk"}}},{"from":[2.5,7,16],"to":[13.5,7.5,17],"faces":{"down":{"uv":[9.5,8.5,10,8],"texture":"#bulk"},"up":{"uv":[9.5,8,10,8.5],"texture":"#bulk"},"north":{"uv":[9.5,8,10,8.5],"texture":"#bulk"},"south":{"uv":[9.5,8.5,10,8],"texture":"#bulk"},"west":{"uv":[9.5,8,10,8.5],"texture":"#bulk"},"east":{"uv":[10,8,9.5,8.5],"texture":"#bulk"}}},{"from":[2.5,6.5,16.5],"to":[13.5,7,17.5],"faces":{"down":{"uv":[9.5,8.5,10,8],"texture":"#bulk"},"up":{"uv":[9.5,8,10,8.5],"texture":"#bulk"},"north":{"uv":[9.5,8,10,8.5],"texture":"#bulk"},"south":{"uv":[9.5,8.5,10,8],"texture":"#bulk"},"west":{"uv":[9.5,8,10,8.5],"texture":"#bulk"},"east":{"uv":[10,8,9.5,8.5],"texture":"#bulk"}}},{"from":[3,7,17],"to":[13,7.5,18],"faces":{"down":{"uv":[9.5,8.5,10,8],"texture":"#bulk"},"up":{"uv":[9.5,8,10,8.5],"texture":"#bulk"},"north":{"uv":[9.5,8,10,8.5],"texture":"#bulk"},"south":{"uv":[9.5,8.5,10,8],"texture":"#bulk"},"west":{"uv":[9.5,8,10,8.5],"texture":"#bulk"},"east":{"uv":[10,8,9.5,8.5],"texture":"#bulk"}}},{"from":[3.5,7,18],"to":[5,7.5,18.5],"faces":{"down":{"uv":[9.5,8.5,10,8],"texture":"#bulk"},"up":{"uv":[9.5,8,10,8.5],"texture":"#bulk"},"north":{"uv":[9.5,8,10,8.5],"texture":"#bulk"},"south":{"uv":[9.5,8.5,10,8],"texture":"#bulk"},"west":{"uv":[9.5,8,10,8.5],"texture":"#bulk"},"east":{"uv":[10,8,9.5,8.5],"texture":"#bulk"}}},{"from":[3.5,7.5,17.5],"to":[4.5,8,18.5],"faces":{"down":{"uv":[3.5,7.5,4,7],"texture":"#bulk"},"up":{"uv":[3.5,7,4,7.5],"texture":"#bulk"},"north":{"uv":[3.5,7,4,7.5],"texture":"#bulk"},"south":{"uv":[3.5,7.5,4,7],"texture":"#bulk"},"west":{"uv":[3.5,7,4,7.5],"texture":"#bulk"},"east":{"uv":[4,7,3.5,7.5],"texture":"#bulk"}}},{"from":[3,7.5,16.5],"to":[13,8,17.5],"faces":{"down":{"uv":[3,6.5,3.5,6],"texture":"#bulk"},"up":{"uv":[3,6,3.5,6.5],"texture":"#bulk"},"north":{"uv":[3,6,3.5,6.5],"texture":"#bulk"},"south":{"uv":[3,6.5,3.5,6],"texture":"#bulk"},"west":{"uv":[3,6,3.5,6.5],"texture":"#bulk"},"east":{"uv":[3.5,6,3,6.5],"texture":"#bulk"}}},{"from":[2.5,1.5,16],"to":[13.5,2,17],"faces":{"down":{"uv":[9.5,8.5,10,8],"texture":"#bulk"},"up":{"uv":[9.5,8,10,8.5],"texture":"#bulk"},"north":{"uv":[9.5,8,10,8.5],"texture":"#bulk"},"south":{"uv":[9.5,8.5,10,8],"texture":"#bulk"},"west":{"uv":[9.5,8,10,8.5],"texture":"#bulk"},"east":{"uv":[10,8,9.5,8.5],"texture":"#bulk"}}},{"from":[3,1.5,17],"to":[13,2,17.5],"faces":{"down":{"uv":[3,6.5,3.5,6],"texture":"#bulk"},"up":{"uv":[3,6,3.5,6.5],"texture":"#bulk"},"north":{"uv":[3,6,3.5,6.5],"texture":"#bulk"},"south":{"uv":[3,6.5,3.5,6],"texture":"#bulk"},"west":{"uv":[3,6,3.5,6.5],"texture":"#bulk"},"east":{"uv":[3.5,6,3,6.5],"texture":"#bulk"}}},{"from":[3,1,17],"to":[13,1.5,17.5],"faces":{"down":{"uv":[9.5,8.5,10,8],"texture":"#bulk"},"up":{"uv":[9.5,8,10,8.5],"texture":"#bulk"},"north":{"uv":[9.5,8,10,8.5],"texture":"#bulk"},"south":{"uv":[9.5,8.5,10,8],"texture":"#bulk"},"west":{"uv":[9.5,8,10,8.5],"texture":"#bulk"},"east":{"uv":[10,8,9.5,8.5],"texture":"#bulk"}}},{"from":[3,1,17.5],"to":[13,1.5,18.5],"faces":{"down":{"uv":[3,6.5,3.5,6],"texture":"#bulk"},"up":{"uv":[3,6,3.5,6.5],"texture":"#bulk"},"north":{"uv":[3,6,3.5,6.5],"texture":"#bulk"},"south":{"uv":[3,6.5,3.5,6],"texture":"#bulk"},"west":{"uv":[3,6,3.5,6.5],"texture":"#bulk"},"east":{"uv":[3.5,6,3,6.5],"texture":"#bulk"}}},{"from":[7,1,21],"to":[9,1.5,21.5],"faces":{"down":{"uv":[5,15,5.5,14.5],"texture":"#bulk"},"up":{"uv":[5,14.5,5.5,15],"texture":"#bulk"},"north":{"uv":[5,14.5,5.5,15],"texture":"#bulk"},"south":{"uv":[5,15,5.5,14.5],"texture":"#bulk"},"west":{"uv":[5,14.5,5.5,15],"texture":"#bulk"},"east":{"uv":[5.5,14.5,5,15],"texture":"#bulk"}}},{"from":[3,8.5,15.5],"to":[13,9.5,16],"faces":{"down":{"uv":[9.5,8.5,10,8],"texture":"#bulk"},"up":{"uv":[9.5,8,10,8.5],"texture":"#bulk"},"north":{"uv":[9.5,8,10,8.5],"texture":"#bulk"},"south":{"uv":[9.5,8.5,10,8],"texture":"#bulk"},"west":{"uv":[9.5,8,10,8.5],"texture":"#bulk"},"east":{"uv":[10,8,9.5,8.5],"texture":"#bulk"}}},{"from":[3,2,17],"to":[13,5.5,17.5],"faces":{"down":{"uv":[5,15,5.5,14.5],"texture":"#bulk"},"up":{"uv":[5,14.5,5.5,15],"texture":"#bulk"},"north":{"uv":[5,14.5,5.5,15],"texture":"#bulk"},"south":{"uv":[5,15,5.5,14.5],"texture":"#bulk"},"west":{"uv":[5,14.5,5.5,15],"texture":"#bulk"},"east":{"uv":[5.5,14.5,5,15],"texture":"#bulk"}}},{"from":[3,9,16],"to":[13,10,16.5],"faces":{"down":{"uv":[9.5,8.5,10,8],"texture":"#bulk"},"up":{"uv":[9.5,8,10,8.5],"texture":"#bulk"},"north":{"uv":[9.5,8,10,8.5],"texture":"#bulk"},"south":{"uv":[9.5,8.5,10,8],"texture":"#bulk"},"west":{"uv":[9.5,8,10,8.5],"texture":"#bulk"},"east":{"uv":[10,8,9.5,8.5],"texture":"#bulk"}}},{"from":[3,9.5,15],"to":[13,10,16],"faces":{"down":{"uv":[9.5,8.5,10,8],"texture":"#bulk"},"up":{"uv":[9.5,8,10,8.5],"texture":"#bulk"},"north":{"uv":[9.5,8,10,8.5],"texture":"#bulk"},"south":{"uv":[9.5,8.5,10,8],"texture":"#bulk"},"west":{"uv":[9.5,8,10,8.5],"texture":"#bulk"},"east":{"uv":[10,8,9.5,8.5],"texture":"#bulk"}}},{"from":[11.5,7.5,17.5],"to":[12.5,8,18.5],"faces":{"down":{"uv":[3.5,7.5,4,7],"texture":"#bulk"},"up":{"uv":[3.5,7,4,7.5],"texture":"#bulk"},"north":{"uv":[3.5,7,4,7.5],"texture":"#bulk"},"south":{"uv":[3.5,7.5,4,7],"texture":"#bulk"},"west":{"uv":[3.5,7,4,7.5],"texture":"#bulk"},"east":{"uv":[4,7,3.5,7.5],"texture":"#bulk"}}},{"from":[11,7,18],"to":[12.5,7.5,18.5],"faces":{"down":{"uv":[9.5,8.5,10,8],"texture":"#bulk"},"up":{"uv":[9.5,8,10,8.5],"texture":"#bulk"},"north":{"uv":[9.5,8,10,8.5],"texture":"#bulk"},"south":{"uv":[9.5,8.5,10,8],"texture":"#bulk"},"west":{"uv":[9.5,8,10,8.5],"texture":"#bulk"},"east":{"uv":[10,8,9.5,8.5],"texture":"#bulk"}}},{"from":[11.5,6.5,17.5],"to":[12.5,7,18.5],"faces":{"down":{"uv":[9.5,8.5,10,8],"texture":"#bulk"},"up":{"uv":[9.5,8,10,8.5],"texture":"#bulk"},"north":{"uv":[9.5,8,10,8.5],"texture":"#bulk"},"south":{"uv":[9.5,8.5,10,8],"texture":"#bulk"},"west":{"uv":[9.5,8,10,8.5],"texture":"#bulk"},"east":{"uv":[10,8,9.5,8.5],"texture":"#bulk"}}},{"from":[3.5,6.5,17.5],"to":[4.5,7,18.5],"faces":{"down":{"uv":[9.5,8.5,10,8],"texture":"#bulk"},"up":{"uv":[9.5,8,10,8.5],"texture":"#bulk"},"north":{"uv":[9.5,8,10,8.5],"texture":"#bulk"},"south":{"uv":[9.5,8.5,10,8],"texture":"#bulk"},"west":{"uv":[9.5,8,10,8.5],"texture":"#bulk"},"east":{"uv":[10,8,9.5,8.5],"texture":"#bulk"}}},{"from":[4.5,2.5,18.5],"to":[11.5,5.5,19],"faces":{"down":{"uv":[4.5,10.5,5,10],"texture":"#bulk"},"up":{"uv":[4.5,10,5,10.5],"texture":"#bulk"},"north":{"uv":[4.5,10,5,10.5],"texture":"#bulk"},"south":{"uv":[4.5,10.5,5,10],"texture":"#bulk"},"west":{"uv":[4.5,10,5,10.5],"texture":"#bulk"},"east":{"uv":[5,10,4.5,10.5],"texture":"#bulk"}}},{"from":[3,1.5,17.5],"to":[13,2,18.5],"faces":{"down":{"uv":[5,15,5.5,14.5],"texture":"#bulk"},"up":{"uv":[5,14.5,5.5,15],"texture":"#bulk"},"north":{"uv":[5,14.5,5.5,15],"texture":"#bulk"},"south":{"uv":[5,15,5.5,14.5],"texture":"#bulk"},"west":{"uv":[5,14.5,5.5,15],"texture":"#bulk"},"east":{"uv":[5.5,14.5,5,15],"texture":"#bulk"}}},{"from":[3,1,18.5],"to":[13,1.5,19],"faces":{"down":{"uv":[5,15,5.5,14.5],"texture":"#bulk"},"up":{"uv":[5,14.5,5.5,15],"texture":"#bulk"},"north":{"uv":[5,14.5,5.5,15],"texture":"#bulk"},"south":{"uv":[5,15,5.5,14.5],"texture":"#bulk"},"west":{"uv":[5,14.5,5.5,15],"texture":"#bulk"},"east":{"uv":[5.5,14.5,5,15],"texture":"#bulk"}}},{"from":[3,10,14.5],"to":[13,10.5,15],"faces":{"down":{"uv":[9.5,8.5,10,8],"texture":"#bulk"},"up":{"uv":[9.5,8,10,8.5],"texture":"#bulk"},"north":{"uv":[9.5,8,10,8.5],"texture":"#bulk"},"south":{"uv":[9.5,8.5,10,8],"texture":"#bulk"},"west":{"uv":[9.5,8,10,8.5],"texture":"#bulk"},"east":{"uv":[10,8,9.5,8.5],"texture":"#bulk"}}},{"from":[3.5,10,16],"to":[12.5,10.5,16.5],"faces":{"down":{"uv":[9.5,8.5,10,8],"texture":"#bulk"},"up":{"uv":[9.5,8,10,8.5],"texture":"#bulk"},"north":{"uv":[9.5,8,10,8.5],"texture":"#bulk"},"south":{"uv":[9.5,8.5,10,8],"texture":"#bulk"},"west":{"uv":[9.5,8,10,8.5],"texture":"#bulk"},"east":{"uv":[10,8,9.5,8.5],"texture":"#bulk"}}},{"from":[3.5,9.5,16.5],"to":[12.5,10,17],"faces":{"down":{"uv":[9.5,8.5,10,8],"texture":"#bulk"},"up":{"uv":[9.5,8,10,8.5],"texture":"#bulk"},"north":{"uv":[9.5,8,10,8.5],"texture":"#bulk"},"south":{"uv":[9.5,8.5,10,8],"texture":"#bulk"},"west":{"uv":[9.5,8,10,8.5],"texture":"#bulk"},"east":{"uv":[10,8,9.5,8.5],"texture":"#bulk"}}},{"from":[4.5,10.5,16.5],"to":[6,11,17],"faces":{"down":{"uv":[9.5,8.5,10,8],"texture":"#bulk"},"up":{"uv":[9.5,8,10,8.5],"texture":"#bulk"},"north":{"uv":[9.5,8,10,8.5],"texture":"#bulk"},"south":{"uv":[9.5,8.5,10,8],"texture":"#bulk"},"west":{"uv":[9.5,8,10,8.5],"texture":"#bulk"},"east":{"uv":[10,8,9.5,8.5],"texture":"#bulk"}}},{"from":[3.5,10,15],"to":[12.5,11,16],"faces":{"down":{"uv":[5,15,5.5,14.5],"texture":"#bulk"},"up":{"uv":[5,14.5,5.5,15],"texture":"#bulk"},"north":{"uv":[5,14.5,5.5,15],"texture":"#bulk"},"south":{"uv":[5,15,5.5,14.5],"texture":"#bulk"},"west":{"uv":[5,14.5,5.5,15],"texture":"#bulk"},"east":{"uv":[5.5,14.5,5,15],"texture":"#bulk"}}},{"from":[3.5,10.5,14.5],"to":[12.5,11,15],"faces":{"down":{"uv":[10,13,10.5,12.5],"texture":"#bulk"},"up":{"uv":[10,12.5,10.5,13],"texture":"#bulk"},"north":{"uv":[10,12.5,10.5,13],"texture":"#bulk"},"south":{"uv":[10,13,10.5,12.5],"texture":"#bulk"},"west":{"uv":[10,12.5,10.5,13],"texture":"#bulk"},"east":{"uv":[10.5,12.5,10,13],"texture":"#bulk"}}},{"from":[3.5,10.5,16],"to":[7,11,16.5],"faces":{"down":{"uv":[10,13,10.5,12.5],"texture":"#bulk"},"up":{"uv":[10,12.5,10.5,13],"texture":"#bulk"},"north":{"uv":[10,12.5,10.5,13],"texture":"#bulk"},"south":{"uv":[10,13,10.5,12.5],"texture":"#bulk"},"west":{"uv":[10,12.5,10.5,13],"texture":"#bulk"},"east":{"uv":[10.5,12.5,10,13],"texture":"#bulk"}}},{"from":[4.5,10,16.5],"to":[11.5,10.5,17],"faces":{"down":{"uv":[10,13,10.5,12.5],"texture":"#bulk"},"up":{"uv":[10,12.5,10.5,13],"texture":"#bulk"},"north":{"uv":[10,12.5,10.5,13],"texture":"#bulk"},"south":{"uv":[10,13,10.5,12.5],"texture":"#bulk"},"west":{"uv":[10,12.5,10.5,13],"texture":"#bulk"},"east":{"uv":[10.5,12.5,10,13],"texture":"#bulk"}}},{"from":[4.5,10,17],"to":[6.5,10.5,17.5],"faces":{"down":{"uv":[9.5,8.5,10,8],"texture":"#bulk"},"up":{"uv":[9.5,8,10,8.5],"texture":"#bulk"},"north":{"uv":[9.5,8,10,8.5],"texture":"#bulk"},"south":{"uv":[9.5,8.5,10,8],"texture":"#bulk"},"west":{"uv":[9.5,8,10,8.5],"texture":"#bulk"},"east":{"uv":[10,8,9.5,8.5],"texture":"#bulk"}}},{"from":[9.5,10,17],"to":[11.5,10.5,17.5],"faces":{"down":{"uv":[9.5,8.5,10,8],"texture":"#bulk"},"up":{"uv":[9.5,8,10,8.5],"texture":"#bulk"},"north":{"uv":[9.5,8,10,8.5],"texture":"#bulk"},"south":{"uv":[9.5,8.5,10,8],"texture":"#bulk"},"west":{"uv":[9.5,8,10,8.5],"texture":"#bulk"},"east":{"uv":[10,8,9.5,8.5],"texture":"#bulk"}}},{"from":[10,10.5,16.5],"to":[11.5,11,17],"faces":{"down":{"uv":[9.5,8.5,10,8],"texture":"#bulk"},"up":{"uv":[9.5,8,10,8.5],"texture":"#bulk"},"north":{"uv":[9.5,8,10,8.5],"texture":"#bulk"},"south":{"uv":[9.5,8.5,10,8],"texture":"#bulk"},"west":{"uv":[9.5,8,10,8.5],"texture":"#bulk"},"east":{"uv":[10,8,9.5,8.5],"texture":"#bulk"}}},{"from":[9,10.5,16],"to":[12.5,11,16.5],"faces":{"down":{"uv":[10,13,10.5,12.5],"texture":"#bulk"},"up":{"uv":[10,12.5,10.5,13],"texture":"#bulk"},"north":{"uv":[10,12.5,10.5,13],"texture":"#bulk"},"south":{"uv":[10,13,10.5,12.5],"texture":"#bulk"},"west":{"uv":[10,12.5,10.5,13],"texture":"#bulk"},"east":{"uv":[10.5,12.5,10,13],"texture":"#bulk"}}},{"from":[4,10,16.5],"to":[4.5,10.5,17],"faces":{"down":{"uv":[9.5,8.5,10,8],"texture":"#bulk"},"up":{"uv":[9.5,8,10,8.5],"texture":"#bulk"},"north":{"uv":[9.5,8,10,8.5],"texture":"#bulk"},"south":{"uv":[9.5,8.5,10,8],"texture":"#bulk"},"west":{"uv":[9.5,8,10,8.5],"texture":"#bulk"},"east":{"uv":[10,8,9.5,8.5],"texture":"#bulk"}}},{"from":[11.5,10,16.5],"to":[12,10.5,17],"faces":{"down":{"uv":[9.5,8.5,10,8],"texture":"#bulk"},"up":{"uv":[9.5,8,10,8.5],"texture":"#bulk"},"north":{"uv":[9.5,8,10,8.5],"texture":"#bulk"},"south":{"uv":[9.5,8.5,10,8],"texture":"#bulk"},"west":{"uv":[9.5,8,10,8.5],"texture":"#bulk"},"east":{"uv":[10,8,9.5,8.5],"texture":"#bulk"}}},{"from":[3.5,8,17.5],"to":[4,9,18],"faces":{"down":{"uv":[9.5,8.5,10,8],"texture":"#bulk"},"up":{"uv":[9.5,8,10,8.5],"texture":"#bulk"},"north":{"uv":[9.5,8,10,8.5],"texture":"#bulk"},"south":{"uv":[9.5,8.5,10,8],"texture":"#bulk"},"west":{"uv":[9.5,8,10,8.5],"texture":"#bulk"},"east":{"uv":[10,8,9.5,8.5],"texture":"#bulk"}}},{"from":[12,8,17.5],"to":[12.5,9,18],"faces":{"down":{"uv":[9.5,8.5,10,8],"texture":"#bulk"},"up":{"uv":[9.5,8,10,8.5],"texture":"#bulk"},"north":{"uv":[9.5,8,10,8.5],"texture":"#bulk"},"south":{"uv":[9.5,8.5,10,8],"texture":"#bulk"},"west":{"uv":[9.5,8,10,8.5],"texture":"#bulk"},"east":{"uv":[10,8,9.5,8.5],"texture":"#bulk"}}},{"from":[4,8,17.5],"to":[4.5,9,18],"faces":{"down":{"uv":[10,13,10.5,12.5],"texture":"#bulk"},"up":{"uv":[10,12.5,10.5,13],"texture":"#bulk"},"north":{"uv":[10,12.5,10.5,13],"texture":"#bulk"},"south":{"uv":[10,13,10.5,12.5],"texture":"#bulk"},"west":{"uv":[10,12.5,10.5,13],"texture":"#bulk"},"east":{"uv":[10.5,12.5,10,13],"texture":"#bulk"}}},{"from":[11.5,8,17.5],"to":[12,9,18],"faces":{"down":{"uv":[10,13,10.5,12.5],"texture":"#bulk"},"up":{"uv":[10,12.5,10.5,13],"texture":"#bulk"},"north":{"uv":[10,12.5,10.5,13],"texture":"#bulk"},"south":{"uv":[10,13,10.5,12.5],"texture":"#bulk"},"west":{"uv":[10,12.5,10.5,13],"texture":"#bulk"},"east":{"uv":[10.5,12.5,10,13],"texture":"#bulk"}}},{"from":[5.5,7.5,17.5],"to":[10.5,8,18],"faces":{"down":{"uv":[5,6.5,5.5,6],"texture":"#bulk"},"up":{"uv":[5,6,5.5,6.5],"texture":"#bulk"},"north":{"uv":[5,6,5.5,6.5],"texture":"#bulk"},"south":{"uv":[5,6.5,5.5,6],"texture":"#bulk"},"west":{"uv":[5,6,5.5,6.5],"texture":"#bulk"},"east":{"uv":[5.5,6,5,6.5],"texture":"#bulk"}}},{"from":[4.5,7.5,17.5],"to":[5.5,8,18],"faces":{"down":{"uv":[10,13,10.5,12.5],"texture":"#bulk"},"up":{"uv":[10,12.5,10.5,13],"texture":"#bulk"},"north":{"uv":[10,12.5,10.5,13],"texture":"#bulk"},"south":{"uv":[10,13,10.5,12.5],"texture":"#bulk"},"west":{"uv":[10,12.5,10.5,13],"texture":"#bulk"},"east":{"uv":[10.5,12.5,10,13],"texture":"#bulk"}}},{"from":[10.5,7.5,17.5],"to":[11.5,8,18],"faces":{"down":{"uv":[10,13,10.5,12.5],"texture":"#bulk"},"up":{"uv":[10,12.5,10.5,13],"texture":"#bulk"},"north":{"uv":[10,12.5,10.5,13],"texture":"#bulk"},"south":{"uv":[10,13,10.5,12.5],"texture":"#bulk"},"west":{"uv":[10,12.5,10.5,13],"texture":"#bulk"},"east":{"uv":[10.5,12.5,10,13],"texture":"#bulk"}}},{"from":[5,8.5,17.5],"to":[5.5,9.5,18],"faces":{"down":{"uv":[5.5,6.5,6,6],"texture":"#bulk"},"up":{"uv":[5.5,6,6,6.5],"texture":"#bulk"},"north":{"uv":[5.5,6,6,6.5],"texture":"#bulk"},"south":{"uv":[5.5,6.5,6,6],"texture":"#bulk"},"west":{"uv":[5.5,6,6,6.5],"texture":"#bulk"},"east":{"uv":[6,6,5.5,6.5],"texture":"#bulk"}}},{"from":[5.5,9,17.5],"to":[6,9.5,18.5],"faces":{"down":{"uv":[6,6,6.5,5.5],"texture":"#bulk"},"up":{"uv":[6,5.5,6.5,6],"texture":"#bulk"},"north":{"uv":[6,5.5,6.5,6],"texture":"#bulk"},"south":{"uv":[6,6,6.5,5.5],"texture":"#bulk"},"west":{"uv":[6,5.5,6.5,6],"texture":"#bulk"},"east":{"uv":[6.5,5.5,6,6],"texture":"#bulk"}}},{"from":[5,8,17.5],"to":[6,8.5,18.5],"faces":{"down":{"uv":[6,6,6.5,5.5],"texture":"#bulk"},"up":{"uv":[6,5.5,6.5,6],"texture":"#bulk"},"north":{"uv":[6,5.5,6.5,6],"texture":"#bulk"},"south":{"uv":[6,6,6.5,5.5],"texture":"#bulk"},"west":{"uv":[6,5.5,6.5,6],"texture":"#bulk"},"east":{"uv":[6.5,5.5,6,6],"texture":"#bulk"}}},{"from":[6,8.5,17.5],"to":[6.5,9,18.5],"faces":{"down":{"uv":[6,6,6.5,5.5],"texture":"#bulk"},"up":{"uv":[6,5.5,6.5,6],"texture":"#bulk"},"north":{"uv":[6,5.5,6.5,6],"texture":"#bulk"},"south":{"uv":[6,6,6.5,5.5],"texture":"#bulk"},"west":{"uv":[6,5.5,6.5,6],"texture":"#bulk"},"east":{"uv":[6.5,5.5,6,6],"texture":"#bulk"}}},{"from":[5.5,8.5,17.5],"to":[6,9,18.5],"faces":{"down":{"uv":[6,6.5,6.5,6],"texture":"#bulk"},"up":{"uv":[6,6,6.5,6.5],"texture":"#bulk"},"north":{"uv":[6,6,6.5,6.5],"texture":"#bulk"},"south":{"uv":[6,6.5,6.5,6],"texture":"#bulk"},"west":{"uv":[6,6,6.5,6.5],"texture":"#bulk"},"east":{"uv":[6.5,6,6,6.5],"texture":"#bulk"}}},{"from":[6,8,17.5],"to":[6.5,8.5,18],"faces":{"down":{"uv":[6.5,7,7,6.5],"texture":"#bulk"},"up":{"uv":[6.5,6.5,7,7],"texture":"#bulk"},"north":{"uv":[6.5,6.5,7,7],"texture":"#bulk"},"south":{"uv":[6.5,7,7,6.5],"texture":"#bulk"},"west":{"uv":[6.5,6.5,7,7],"texture":"#bulk"},"east":{"uv":[7,6.5,6.5,7],"texture":"#bulk"}}},{"from":[9.5,8.5,17.5],"to":[10,9,18.5],"faces":{"down":{"uv":[6,6,6.5,5.5],"texture":"#bulk"},"up":{"uv":[6,5.5,6.5,6],"texture":"#bulk"},"north":{"uv":[6,5.5,6.5,6],"texture":"#bulk"},"south":{"uv":[6,6,6.5,5.5],"texture":"#bulk"},"west":{"uv":[6,5.5,6.5,6],"texture":"#bulk"},"east":{"uv":[6.5,5.5,6,6],"texture":"#bulk"}}},{"from":[9.5,8,17.5],"to":[10,8.5,18],"faces":{"down":{"uv":[6.5,7,7,6.5],"texture":"#bulk"},"up":{"uv":[6.5,6.5,7,7],"texture":"#bulk"},"north":{"uv":[6.5,6.5,7,7],"texture":"#bulk"},"south":{"uv":[6.5,7,7,6.5],"texture":"#bulk"},"west":{"uv":[6.5,6.5,7,7],"texture":"#bulk"},"east":{"uv":[7,6.5,6.5,7],"texture":"#bulk"}}},{"from":[10,8,17.5],"to":[11,8.5,18.5],"faces":{"down":{"uv":[6,6,6.5,5.5],"texture":"#bulk"},"up":{"uv":[6,5.5,6.5,6],"texture":"#bulk"},"north":{"uv":[6,5.5,6.5,6],"texture":"#bulk"},"south":{"uv":[6,6,6.5,5.5],"texture":"#bulk"},"west":{"uv":[6,5.5,6.5,6],"texture":"#bulk"},"east":{"uv":[6.5,5.5,6,6],"texture":"#bulk"}}},{"from":[10,8.5,17.5],"to":[10.5,9,18.5],"faces":{"down":{"uv":[6,6.5,6.5,6],"texture":"#bulk"},"up":{"uv":[6,6,6.5,6.5],"texture":"#bulk"},"north":{"uv":[6,6,6.5,6.5],"texture":"#bulk"},"south":{"uv":[6,6.5,6.5,6],"texture":"#bulk"},"west":{"uv":[6,6,6.5,6.5],"texture":"#bulk"},"east":{"uv":[6.5,6,6,6.5],"texture":"#bulk"}}},{"from":[10,9,17.5],"to":[10.5,9.5,18.5],"faces":{"down":{"uv":[6,6,6.5,5.5],"texture":"#bulk"},"up":{"uv":[6,5.5,6.5,6],"texture":"#bulk"},"north":{"uv":[6,5.5,6.5,6],"texture":"#bulk"},"south":{"uv":[6,6,6.5,5.5],"texture":"#bulk"},"west":{"uv":[6,5.5,6.5,6],"texture":"#bulk"},"east":{"uv":[6.5,5.5,6,6],"texture":"#bulk"}}},{"from":[10.5,8.5,17.5],"to":[11,9.5,18],"faces":{"down":{"uv":[5.5,6.5,6,6],"texture":"#bulk"},"up":{"uv":[5.5,6,6,6.5],"texture":"#bulk"},"north":{"uv":[5.5,6,6,6.5],"texture":"#bulk"},"south":{"uv":[5.5,6.5,6,6],"texture":"#bulk"},"west":{"uv":[5.5,6,6,6.5],"texture":"#bulk"},"east":{"uv":[6,6,5.5,6.5],"texture":"#bulk"}}},{"from":[4.5,9.5,17.5],"to":[6,10,18],"faces":{"down":{"uv":[10,13,10.5,12.5],"texture":"#bulk"},"up":{"uv":[10,12.5,10.5,13],"texture":"#bulk"},"north":{"uv":[10,12.5,10.5,13],"texture":"#bulk"},"south":{"uv":[10,13,10.5,12.5],"texture":"#bulk"},"west":{"uv":[10,12.5,10.5,13],"texture":"#bulk"},"east":{"uv":[10.5,12.5,10,13],"texture":"#bulk"}}},{"from":[10,9.5,17.5],"to":[11.5,10,18],"faces":{"down":{"uv":[10,13,10.5,12.5],"texture":"#bulk"},"up":{"uv":[10,12.5,10.5,13],"texture":"#bulk"},"north":{"uv":[10,12.5,10.5,13],"texture":"#bulk"},"south":{"uv":[10,13,10.5,12.5],"texture":"#bulk"},"west":{"uv":[10,12.5,10.5,13],"texture":"#bulk"},"east":{"uv":[10.5,12.5,10,13],"texture":"#bulk"}}},{"from":[6,9,17.5],"to":[6.5,9.5,18],"faces":{"down":{"uv":[10,13,10.5,12.5],"texture":"#bulk"},"up":{"uv":[10,12.5,10.5,13],"texture":"#bulk"},"north":{"uv":[10,12.5,10.5,13],"texture":"#bulk"},"south":{"uv":[10,13,10.5,12.5],"texture":"#bulk"},"west":{"uv":[10,12.5,10.5,13],"texture":"#bulk"},"east":{"uv":[10.5,12.5,10,13],"texture":"#bulk"}}},{"from":[9.5,9,17.5],"to":[10,9.5,18],"faces":{"down":{"uv":[10,13,10.5,12.5],"texture":"#bulk"},"up":{"uv":[10,12.5,10.5,13],"texture":"#bulk"},"north":{"uv":[10,12.5,10.5,13],"texture":"#bulk"},"south":{"uv":[10,13,10.5,12.5],"texture":"#bulk"},"west":{"uv":[10,12.5,10.5,13],"texture":"#bulk"},"east":{"uv":[10.5,12.5,10,13],"texture":"#bulk"}}},{"from":[6,9.5,17.5],"to":[7.5,10,18],"faces":{"down":{"uv":[9.5,8.5,10,8],"texture":"#bulk"},"up":{"uv":[9.5,8,10,8.5],"texture":"#bulk"},"north":{"uv":[9.5,8,10,8.5],"texture":"#bulk"},"south":{"uv":[9.5,8.5,10,8],"texture":"#bulk"},"west":{"uv":[9.5,8,10,8.5],"texture":"#bulk"},"east":{"uv":[10,8,9.5,8.5],"texture":"#bulk"}}},{"from":[8.5,9.5,17.5],"to":[10,10,18],"faces":{"down":{"uv":[9.5,8.5,10,8],"texture":"#bulk"},"up":{"uv":[9.5,8,10,8.5],"texture":"#bulk"},"north":{"uv":[9.5,8,10,8.5],"texture":"#bulk"},"south":{"uv":[9.5,8.5,10,8],"texture":"#bulk"},"west":{"uv":[9.5,8,10,8.5],"texture":"#bulk"},"east":{"uv":[10,8,9.5,8.5],"texture":"#bulk"}}},{"from":[6.5,10,17],"to":[9.5,10.5,17.5],"faces":{"down":{"uv":[10,13,10.5,12.5],"texture":"#bulk"},"up":{"uv":[10,12.5,10.5,13],"texture":"#bulk"},"north":{"uv":[10,12.5,10.5,13],"texture":"#bulk"},"south":{"uv":[10,13,10.5,12.5],"texture":"#bulk"},"west":{"uv":[10,12.5,10.5,13],"texture":"#bulk"},"east":{"uv":[10.5,12.5,10,13],"texture":"#bulk"}}},{"from":[4.5,10.5,17],"to":[6,11,17.5],"faces":{"down":{"uv":[9.5,8.5,10,8],"texture":"#bulk"},"up":{"uv":[9.5,8,10,8.5],"texture":"#bulk"},"north":{"uv":[9.5,8,10,8.5],"texture":"#bulk"},"south":{"uv":[9.5,8.5,10,8],"texture":"#bulk"},"west":{"uv":[9.5,8,10,8.5],"texture":"#bulk"},"east":{"uv":[10,8,9.5,8.5],"texture":"#bulk"}}},{"from":[4.5,10,17.5],"to":[6.5,10.5,18],"faces":{"down":{"uv":[9.5,8.5,10,8],"texture":"#bulk"},"up":{"uv":[9.5,8,10,8.5],"texture":"#bulk"},"north":{"uv":[9.5,8,10,8.5],"texture":"#bulk"},"south":{"uv":[9.5,8.5,10,8],"texture":"#bulk"},"west":{"uv":[9.5,8,10,8.5],"texture":"#bulk"},"east":{"uv":[10,8,9.5,8.5],"texture":"#bulk"}}},{"from":[4.5,9.5,18],"to":[6,10,18.5],"faces":{"down":{"uv":[10,13,10.5,12.5],"texture":"#bulk"},"up":{"uv":[10,12.5,10.5,13],"texture":"#bulk"},"north":{"uv":[10,12.5,10.5,13],"texture":"#bulk"},"south":{"uv":[10,13,10.5,12.5],"texture":"#bulk"},"west":{"uv":[10,12.5,10.5,13],"texture":"#bulk"},"east":{"uv":[10.5,12.5,10,13],"texture":"#bulk"}}},{"from":[10,9.5,18],"to":[11.5,10,18.5],"faces":{"down":{"uv":[10,13,10.5,12.5],"texture":"#bulk"},"up":{"uv":[10,12.5,10.5,13],"texture":"#bulk"},"north":{"uv":[10,12.5,10.5,13],"texture":"#bulk"},"south":{"uv":[10,13,10.5,12.5],"texture":"#bulk"},"west":{"uv":[10,12.5,10.5,13],"texture":"#bulk"},"east":{"uv":[10.5,12.5,10,13],"texture":"#bulk"}}},{"from":[9.5,10,17.5],"to":[11.5,10.5,18],"faces":{"down":{"uv":[9.5,8.5,10,8],"texture":"#bulk"},"up":{"uv":[9.5,8,10,8.5],"texture":"#bulk"},"north":{"uv":[9.5,8,10,8.5],"texture":"#bulk"},"south":{"uv":[9.5,8.5,10,8],"texture":"#bulk"},"west":{"uv":[9.5,8,10,8.5],"texture":"#bulk"},"east":{"uv":[10,8,9.5,8.5],"texture":"#bulk"}}},{"from":[10,10.5,17],"to":[11.5,11,17.5],"faces":{"down":{"uv":[9.5,8.5,10,8],"texture":"#bulk"},"up":{"uv":[9.5,8,10,8.5],"texture":"#bulk"},"north":{"uv":[9.5,8,10,8.5],"texture":"#bulk"},"south":{"uv":[9.5,8.5,10,8],"texture":"#bulk"},"west":{"uv":[9.5,8,10,8.5],"texture":"#bulk"},"east":{"uv":[10,8,9.5,8.5],"texture":"#bulk"}}},{"from":[6.5,9,17.5],"to":[9.5,9.5,18],"faces":{"down":{"uv":[9.5,8.5,10,8],"texture":"#bulk"},"up":{"uv":[9.5,8,10,8.5],"texture":"#bulk"},"north":{"uv":[9.5,8,10,8.5],"texture":"#bulk"},"south":{"uv":[9.5,8.5,10,8],"texture":"#bulk"},"west":{"uv":[9.5,8,10,8.5],"texture":"#bulk"},"east":{"uv":[10,8,9.5,8.5],"texture":"#bulk"}}},{"from":[7.5,8.5,17.5],"to":[8.5,9,19.5],"faces":{"down":{"uv":[9.5,8.5,10,8],"texture":"#bulk"},"up":{"uv":[9.5,8,10,8.5],"texture":"#bulk"},"north":{"uv":[9.5,8,10,8.5],"texture":"#bulk"},"south":{"uv":[9.5,8.5,10,8],"texture":"#bulk"},"west":{"uv":[9.5,8,10,8.5],"texture":"#bulk"},"east":{"uv":[10,8,9.5,8.5],"texture":"#bulk"}}},{"from":[6,9.5,18],"to":[7.5,10,18.5],"faces":{"down":{"uv":[3.5,7.5,4,7],"texture":"#bulk"},"up":{"uv":[3.5,7,4,7.5],"texture":"#bulk"},"north":{"uv":[3.5,7,4,7.5],"texture":"#bulk"},"south":{"uv":[3.5,7.5,4,7],"texture":"#bulk"},"west":{"uv":[3.5,7,4,7.5],"texture":"#bulk"},"east":{"uv":[4,7,3.5,7.5],"texture":"#bulk"}}},{"from":[5,10,18],"to":[6.5,10.5,18.5],"faces":{"down":{"uv":[3.5,7.5,4,7],"texture":"#bulk"},"up":{"uv":[3.5,7,4,7.5],"texture":"#bulk"},"north":{"uv":[3.5,7,4,7.5],"texture":"#bulk"},"south":{"uv":[3.5,7.5,4,7],"texture":"#bulk"},"west":{"uv":[3.5,7,4,7.5],"texture":"#bulk"},"east":{"uv":[4,7,3.5,7.5],"texture":"#bulk"}}},{"from":[7,9,18],"to":[8,9.5,18.5],"faces":{"down":{"uv":[3.5,7.5,4,7],"texture":"#bulk"},"up":{"uv":[3.5,7,4,7.5],"texture":"#bulk"},"north":{"uv":[3.5,7,4,7.5],"texture":"#bulk"},"south":{"uv":[3.5,7.5,4,7],"texture":"#bulk"},"west":{"uv":[3.5,7,4,7.5],"texture":"#bulk"},"east":{"uv":[4,7,3.5,7.5],"texture":"#bulk"}}},{"from":[8,9,18],"to":[9,9.5,18.5],"faces":{"down":{"uv":[3,6.5,3.5,6],"texture":"#bulk"},"up":{"uv":[3,6,3.5,6.5],"texture":"#bulk"},"north":{"uv":[3,6,3.5,6.5],"texture":"#bulk"},"south":{"uv":[3,6.5,3.5,6],"texture":"#bulk"},"west":{"uv":[3,6,3.5,6.5],"texture":"#bulk"},"east":{"uv":[3.5,6,3,6.5],"texture":"#bulk"}}},{"from":[9,9.5,18],"to":[10,10,18.5],"faces":{"down":{"uv":[3,6.5,3.5,6],"texture":"#bulk"},"up":{"uv":[3,6,3.5,6.5],"texture":"#bulk"},"north":{"uv":[3,6,3.5,6.5],"texture":"#bulk"},"south":{"uv":[3,6.5,3.5,6],"texture":"#bulk"},"west":{"uv":[3,6,3.5,6.5],"texture":"#bulk"},"east":{"uv":[3.5,6,3,6.5],"texture":"#bulk"}}},{"from":[10,10,18],"to":[11,10.5,18.5],"faces":{"down":{"uv":[3,6.5,3.5,6],"texture":"#bulk"},"up":{"uv":[3,6,3.5,6.5],"texture":"#bulk"},"north":{"uv":[3,6,3.5,6.5],"texture":"#bulk"},"south":{"uv":[3,6.5,3.5,6],"texture":"#bulk"},"west":{"uv":[3,6,3.5,6.5],"texture":"#bulk"},"east":{"uv":[3.5,6,3,6.5],"texture":"#bulk"}}},{"from":[6.5,9,18],"to":[7,9.5,18.5],"faces":{"down":{"uv":[3,6.5,3.5,6],"texture":"#bulk"},"up":{"uv":[3,6,3.5,6.5],"texture":"#bulk"},"north":{"uv":[3,6,3.5,6.5],"texture":"#bulk"},"south":{"uv":[3,6.5,3.5,6],"texture":"#bulk"},"west":{"uv":[3,6,3.5,6.5],"texture":"#bulk"},"east":{"uv":[3.5,6,3,6.5],"texture":"#bulk"}}},{"from":[5.5,10.5,17.5],"to":[6,11,18],"faces":{"down":{"uv":[3,6.5,3.5,6],"texture":"#bulk"},"up":{"uv":[3,6,3.5,6.5],"texture":"#bulk"},"north":{"uv":[3,6,3.5,6.5],"texture":"#bulk"},"south":{"uv":[3,6.5,3.5,6],"texture":"#bulk"},"west":{"uv":[3,6,3.5,6.5],"texture":"#bulk"},"east":{"uv":[3.5,6,3,6.5],"texture":"#bulk"}}},{"from":[4.5,10,18],"to":[5,10.5,18.5],"faces":{"down":{"uv":[3,6.5,3.5,6],"texture":"#bulk"},"up":{"uv":[3,6,3.5,6.5],"texture":"#bulk"},"north":{"uv":[3,6,3.5,6.5],"texture":"#bulk"},"south":{"uv":[3,6.5,3.5,6],"texture":"#bulk"},"west":{"uv":[3,6,3.5,6.5],"texture":"#bulk"},"east":{"uv":[3.5,6,3,6.5],"texture":"#bulk"}}},{"from":[7.5,9,18.5],"to":[8.5,9.5,19],"faces":{"down":{"uv":[3,6.5,3.5,6],"texture":"#bulk"},"up":{"uv":[3,6,3.5,6.5],"texture":"#bulk"},"north":{"uv":[3,6,3.5,6.5],"texture":"#bulk"},"south":{"uv":[3,6.5,3.5,6],"texture":"#bulk"},"west":{"uv":[3,6,3.5,6.5],"texture":"#bulk"},"east":{"uv":[3.5,6,3,6.5],"texture":"#bulk"}}},{"from":[7,8,17.5],"to":[9,9,18],"faces":{"down":{"uv":[5,15,5.5,14.5],"texture":"#bulk"},"up":{"uv":[5,14.5,5.5,15],"texture":"#bulk"},"north":{"uv":[5,14.5,5.5,15],"texture":"#bulk"},"south":{"uv":[5,15,5.5,14.5],"texture":"#bulk"},"west":{"uv":[5,14.5,5.5,15],"texture":"#bulk"},"east":{"uv":[5.5,14.5,5,15],"texture":"#bulk"}}},{"from":[7.5,8,18],"to":[8.5,8.5,19.5],"faces":{"down":{"uv":[5,6.5,5.5,6],"texture":"#bulk"},"up":{"uv":[5,6,5.5,6.5],"texture":"#bulk"},"north":{"uv":[5,6,5.5,6.5],"texture":"#bulk"},"south":{"uv":[5,6.5,5.5,6],"texture":"#bulk"},"west":{"uv":[5,6,5.5,6.5],"texture":"#bulk"},"east":{"uv":[5.5,6,5,6.5],"texture":"#bulk"}}},{"from":[7.5,7.5,17.5],"to":[8.5,8,19.5],"faces":{"down":{"uv":[9.5,8.5,10,8],"texture":"#bulk"},"up":{"uv":[9.5,8,10,8.5],"texture":"#bulk"},"north":{"uv":[9.5,8,10,8.5],"texture":"#bulk"},"south":{"uv":[9.5,8.5,10,8],"texture":"#bulk"},"west":{"uv":[9.5,8,10,8.5],"texture":"#bulk"},"east":{"uv":[10,8,9.5,8.5],"texture":"#bulk"}}},{"from":[7.5,7.5,19.5],"to":[8.5,8,20],"faces":{"down":{"uv":[3,6.5,3.5,6],"texture":"#bulk"},"up":{"uv":[3,6,3.5,6.5],"texture":"#bulk"},"north":{"uv":[3,6,3.5,6.5],"texture":"#bulk"},"south":{"uv":[3,6.5,3.5,6],"texture":"#bulk"},"west":{"uv":[3,6,3.5,6.5],"texture":"#bulk"},"east":{"uv":[3.5,6,3,6.5],"texture":"#bulk"}}},{"from":[7,7.5,18],"to":[9,8,18.5],"faces":{"down":{"uv":[10,13,10.5,12.5],"texture":"#bulk"},"up":{"uv":[10,12.5,10.5,13],"texture":"#bulk"},"north":{"uv":[10,12.5,10.5,13],"texture":"#bulk"},"south":{"uv":[10,13,10.5,12.5],"texture":"#bulk"},"west":{"uv":[10,12.5,10.5,13],"texture":"#bulk"},"east":{"uv":[10.5,12.5,10,13],"texture":"#bulk"}}},{"from":[7.5,7,17.5],"to":[8.5,7.5,20.5],"faces":{"down":{"uv":[9.5,8.5,10,8],"texture":"#bulk"},"up":{"uv":[9.5,8,10,8.5],"texture":"#bulk"},"north":{"uv":[9.5,8,10,8.5],"texture":"#bulk"},"south":{"uv":[9.5,8.5,10,8],"texture":"#bulk"},"west":{"uv":[9.5,8,10,8.5],"texture":"#bulk"},"east":{"uv":[10,8,9.5,8.5],"texture":"#bulk"}}},{"from":[7,7,18],"to":[7.5,7.5,19.5],"faces":{"down":{"uv":[3.5,7.5,4,7],"texture":"#bulk"},"up":{"uv":[3.5,7,4,7.5],"texture":"#bulk"},"north":{"uv":[3.5,7,4,7.5],"texture":"#bulk"},"south":{"uv":[3.5,7.5,4,7],"texture":"#bulk"},"west":{"uv":[3.5,7,4,7.5],"texture":"#bulk"},"east":{"uv":[4,7,3.5,7.5],"texture":"#bulk"}}},{"from":[8.5,7,18],"to":[9,7.5,19],"faces":{"down":{"uv":[3,6.5,3.5,6],"texture":"#bulk"},"up":{"uv":[3,6,3.5,6.5],"texture":"#bulk"},"north":{"uv":[3,6,3.5,6.5],"texture":"#bulk"},"south":{"uv":[3,6.5,3.5,6],"texture":"#bulk"},"west":{"uv":[3,6,3.5,6.5],"texture":"#bulk"},"east":{"uv":[3.5,6,3,6.5],"texture":"#bulk"}}},{"from":[5,6,17],"to":[11,7.5,18.5],"faces":{"down":{"uv":[5,15,5.5,14.5],"texture":"#bulk"},"up":{"uv":[5,14.5,5.5,15],"texture":"#bulk"},"north":{"uv":[5,14.5,5.5,15],"texture":"#bulk"},"south":{"uv":[5,15,5.5,14.5],"texture":"#bulk"},"west":{"uv":[5,14.5,5.5,15],"texture":"#bulk"},"east":{"uv":[5.5,14.5,5,15],"texture":"#bulk"}}},{"from":[3.5,2,17],"to":[12.5,6,18],"faces":{"down":{"uv":[10,13,10.5,12.5],"texture":"#bulk"},"up":{"uv":[10,12.5,10.5,13],"texture":"#bulk"},"north":{"uv":[10,12.5,10.5,13],"texture":"#bulk"},"south":{"uv":[10,13,10.5,12.5],"texture":"#bulk"},"west":{"uv":[10,12.5,10.5,13],"texture":"#bulk"},"east":{"uv":[10.5,12.5,10,13],"texture":"#bulk"}}},{"from":[4.5,6,17],"to":[11.5,7,18.5],"faces":{"down":{"uv":[5,15,5.5,14.5],"texture":"#bulk"},"up":{"uv":[5,14.5,5.5,15],"texture":"#bulk"},"north":{"uv":[5,14.5,5.5,15],"texture":"#bulk"},"south":{"uv":[5,15,5.5,14.5],"texture":"#bulk"},"west":{"uv":[5,14.5,5.5,15],"texture":"#bulk"},"east":{"uv":[5.5,14.5,5,15],"texture":"#bulk"}}},{"from":[4,6,16.5],"to":[12,6.5,18],"faces":{"down":{"uv":[5,15,5.5,14.5],"texture":"#bulk"},"up":{"uv":[5,14.5,5.5,15],"texture":"#bulk"},"north":{"uv":[5,14.5,5.5,15],"texture":"#bulk"},"south":{"uv":[5,15,5.5,14.5],"texture":"#bulk"},"west":{"uv":[5,14.5,5.5,15],"texture":"#bulk"},"east":{"uv":[5.5,14.5,5,15],"texture":"#bulk"}}},{"from":[5,6.5,17.5],"to":[6.5,7,19],"faces":{"down":{"uv":[9.5,8.5,10,8],"texture":"#bulk"},"up":{"uv":[9.5,8,10,8.5],"texture":"#bulk"},"north":{"uv":[9.5,8,10,8.5],"texture":"#bulk"},"south":{"uv":[9.5,8.5,10,8],"texture":"#bulk"},"west":{"uv":[9.5,8,10,8.5],"texture":"#bulk"},"east":{"uv":[10,8,9.5,8.5],"texture":"#bulk"}}},{"from":[9.5,6.5,17.5],"to":[11,7,19],"faces":{"down":{"uv":[9.5,8.5,10,8],"texture":"#bulk"},"up":{"uv":[9.5,8,10,8.5],"texture":"#bulk"},"north":{"uv":[9.5,8,10,8.5],"texture":"#bulk"},"south":{"uv":[9.5,8.5,10,8],"texture":"#bulk"},"west":{"uv":[9.5,8,10,8.5],"texture":"#bulk"},"east":{"uv":[10,8,9.5,8.5],"texture":"#bulk"}}},{"from":[11,6,18.5],"to":[11.5,6.5,19],"faces":{"down":{"uv":[9.5,8.5,10,8],"texture":"#bulk"},"up":{"uv":[9.5,8,10,8.5],"texture":"#bulk"},"north":{"uv":[9.5,8,10,8.5],"texture":"#bulk"},"south":{"uv":[9.5,8.5,10,8],"texture":"#bulk"},"west":{"uv":[9.5,8,10,8.5],"texture":"#bulk"},"east":{"uv":[10,8,9.5,8.5],"texture":"#bulk"}}},{"from":[4.5,6,18.5],"to":[5,6.5,19],"faces":{"down":{"uv":[9.5,8.5,10,8],"texture":"#bulk"},"up":{"uv":[9.5,8,10,8.5],"texture":"#bulk"},"north":{"uv":[9.5,8,10,8.5],"texture":"#bulk"},"south":{"uv":[9.5,8.5,10,8],"texture":"#bulk"},"west":{"uv":[9.5,8,10,8.5],"texture":"#bulk"},"east":{"uv":[10,8,9.5,8.5],"texture":"#bulk"}}},{"from":[6.5,6.5,18.5],"to":[7,7,19],"faces":{"down":{"uv":[10,13,10.5,12.5],"texture":"#bulk"},"up":{"uv":[10,12.5,10.5,13],"texture":"#bulk"},"north":{"uv":[10,12.5,10.5,13],"texture":"#bulk"},"south":{"uv":[10,13,10.5,12.5],"texture":"#bulk"},"west":{"uv":[10,12.5,10.5,13],"texture":"#bulk"},"east":{"uv":[10.5,12.5,10,13],"texture":"#bulk"}}},{"from":[9,6.5,18.5],"to":[9.5,7,19],"faces":{"down":{"uv":[10,13,10.5,12.5],"texture":"#bulk"},"up":{"uv":[10,12.5,10.5,13],"texture":"#bulk"},"north":{"uv":[10,12.5,10.5,13],"texture":"#bulk"},"south":{"uv":[10,13,10.5,12.5],"texture":"#bulk"},"west":{"uv":[10,12.5,10.5,13],"texture":"#bulk"},"east":{"uv":[10.5,12.5,10,13],"texture":"#bulk"}}},{"from":[7,6.5,18.5],"to":[9,7,19],"faces":{"down":{"uv":[5,15,5.5,14.5],"texture":"#bulk"},"up":{"uv":[5,14.5,5.5,15],"texture":"#bulk"},"north":{"uv":[5,14.5,5.5,15],"texture":"#bulk"},"south":{"uv":[5,15,5.5,14.5],"texture":"#bulk"},"west":{"uv":[5,14.5,5.5,15],"texture":"#bulk"},"east":{"uv":[5.5,14.5,5,15],"texture":"#bulk"}}},{"from":[5,6,19],"to":[11,6.5,20],"faces":{"down":{"uv":[10,13,10.5,12.5],"texture":"#bulk"},"up":{"uv":[10,12.5,10.5,13],"texture":"#bulk"},"north":{"uv":[10,12.5,10.5,13],"texture":"#bulk"},"south":{"uv":[10,13,10.5,12.5],"texture":"#bulk"},"west":{"uv":[10,12.5,10.5,13],"texture":"#bulk"},"east":{"uv":[10.5,12.5,10,13],"texture":"#bulk"}}},{"from":[4,5.5,18],"to":[12,6,19],"faces":{"down":{"uv":[10,13,10.5,12.5],"texture":"#bulk"},"up":{"uv":[10,12.5,10.5,13],"texture":"#bulk"},"north":{"uv":[10,12.5,10.5,13],"texture":"#bulk"},"south":{"uv":[10,13,10.5,12.5],"texture":"#bulk"},"west":{"uv":[10,12.5,10.5,13],"texture":"#bulk"},"east":{"uv":[10.5,12.5,10,13],"texture":"#bulk"}}},{"from":[6,6,20],"to":[7.5,6.5,20.5],"faces":{"down":{"uv":[10,13,10.5,12.5],"texture":"#bulk"},"up":{"uv":[10,12.5,10.5,13],"texture":"#bulk"},"north":{"uv":[10,12.5,10.5,13],"texture":"#bulk"},"south":{"uv":[10,13,10.5,12.5],"texture":"#bulk"},"west":{"uv":[10,12.5,10.5,13],"texture":"#bulk"},"east":{"uv":[10.5,12.5,10,13],"texture":"#bulk"}}},{"from":[8.5,6,20],"to":[10,6.5,20.5],"faces":{"down":{"uv":[10,13,10.5,12.5],"texture":"#bulk"},"up":{"uv":[10,12.5,10.5,13],"texture":"#bulk"},"north":{"uv":[10,12.5,10.5,13],"texture":"#bulk"},"south":{"uv":[10,13,10.5,12.5],"texture":"#bulk"},"west":{"uv":[10,12.5,10.5,13],"texture":"#bulk"},"east":{"uv":[10.5,12.5,10,13],"texture":"#bulk"}}},{"from":[7,8.5,18],"to":[9,9,19],"faces":{"down":{"uv":[5,6.5,5.5,6],"texture":"#bulk"},"up":{"uv":[5,6,5.5,6.5],"texture":"#bulk"},"north":{"uv":[5,6,5.5,6.5],"texture":"#bulk"},"south":{"uv":[5,6.5,5.5,6],"texture":"#bulk"},"west":{"uv":[5,6,5.5,6.5],"texture":"#bulk"},"east":{"uv":[5.5,6,5,6.5],"texture":"#bulk"}}},{"from":[9,6.5,19],"to":[10,7,19.5],"faces":{"down":{"uv":[10,13,10.5,12.5],"texture":"#bulk"},"up":{"uv":[10,12.5,10.5,13],"texture":"#bulk"},"north":{"uv":[10,12.5,10.5,13],"texture":"#bulk"},"south":{"uv":[10,13,10.5,12.5],"texture":"#bulk"},"west":{"uv":[10,12.5,10.5,13],"texture":"#bulk"},"east":{"uv":[10.5,12.5,10,13],"texture":"#bulk"}}},{"from":[6,6.5,19],"to":[7,7,20],"faces":{"down":{"uv":[10,13,10.5,12.5],"texture":"#bulk"},"up":{"uv":[10,12.5,10.5,13],"texture":"#bulk"},"north":{"uv":[10,12.5,10.5,13],"texture":"#bulk"},"south":{"uv":[10,13,10.5,12.5],"texture":"#bulk"},"west":{"uv":[10,12.5,10.5,13],"texture":"#bulk"},"east":{"uv":[10.5,12.5,10,13],"texture":"#bulk"}}},{"from":[3.5,5.5,18],"to":[4,6,18.5],"faces":{"down":{"uv":[9.5,8.5,10,8],"texture":"#bulk"},"up":{"uv":[9.5,8,10,8.5],"texture":"#bulk"},"north":{"uv":[9.5,8,10,8.5],"texture":"#bulk"},"south":{"uv":[9.5,8.5,10,8],"texture":"#bulk"},"west":{"uv":[9.5,8,10,8.5],"texture":"#bulk"},"east":{"uv":[10,8,9.5,8.5],"texture":"#bulk"}}},{"from":[3,5,17.5],"to":[3.5,5.5,18],"faces":{"down":{"uv":[9.5,8.5,10,8],"texture":"#bulk"},"up":{"uv":[9.5,8,10,8.5],"texture":"#bulk"},"north":{"uv":[9.5,8,10,8.5],"texture":"#bulk"},"south":{"uv":[9.5,8.5,10,8],"texture":"#bulk"},"west":{"uv":[9.5,8,10,8.5],"texture":"#bulk"},"east":{"uv":[10,8,9.5,8.5],"texture":"#bulk"}}},{"from":[12,5.5,18],"to":[12.5,6,18.5],"faces":{"down":{"uv":[9.5,8.5,10,8],"texture":"#bulk"},"up":{"uv":[9.5,8,10,8.5],"texture":"#bulk"},"north":{"uv":[9.5,8,10,8.5],"texture":"#bulk"},"south":{"uv":[9.5,8.5,10,8],"texture":"#bulk"},"west":{"uv":[9.5,8,10,8.5],"texture":"#bulk"},"east":{"uv":[10,8,9.5,8.5],"texture":"#bulk"}}},{"from":[12.5,5,17.5],"to":[13,5.5,18],"faces":{"down":{"uv":[9.5,8.5,10,8],"texture":"#bulk"},"up":{"uv":[9.5,8,10,8.5],"texture":"#bulk"},"north":{"uv":[9.5,8,10,8.5],"texture":"#bulk"},"south":{"uv":[9.5,8.5,10,8],"texture":"#bulk"},"west":{"uv":[9.5,8,10,8.5],"texture":"#bulk"},"east":{"uv":[10,8,9.5,8.5],"texture":"#bulk"}}},{"from":[3.5,2,18],"to":[12.5,5.5,18.5],"faces":{"down":{"uv":[10,13,10.5,12.5],"texture":"#bulk"},"up":{"uv":[10,12.5,10.5,13],"texture":"#bulk"},"north":{"uv":[10,12.5,10.5,13],"texture":"#bulk"},"south":{"uv":[10,13,10.5,12.5],"texture":"#bulk"},"west":{"uv":[10,12.5,10.5,13],"texture":"#bulk"},"east":{"uv":[10.5,12.5,10,13],"texture":"#bulk"}}},{"from":[3.5,2.5,18.5],"to":[4,3.5,19],"faces":{"down":{"uv":[9.5,8.5,10,8],"texture":"#bulk"},"up":{"uv":[9.5,8,10,8.5],"texture":"#bulk"},"north":{"uv":[9.5,8,10,8.5],"texture":"#bulk"},"south":{"uv":[9.5,8.5,10,8],"texture":"#bulk"},"west":{"uv":[9.5,8,10,8.5],"texture":"#bulk"},"east":{"uv":[10,8,9.5,8.5],"texture":"#bulk"}}},{"from":[12,2.5,18.5],"to":[12.5,3.5,19],"faces":{"down":{"uv":[9.5,8.5,10,8],"texture":"#bulk"},"up":{"uv":[9.5,8,10,8.5],"texture":"#bulk"},"north":{"uv":[9.5,8,10,8.5],"texture":"#bulk"},"south":{"uv":[9.5,8.5,10,8],"texture":"#bulk"},"west":{"uv":[9.5,8,10,8.5],"texture":"#bulk"},"east":{"uv":[10,8,9.5,8.5],"texture":"#bulk"}}},{"from":[3,1.5,18.5],"to":[13,2.5,19.5],"faces":{"down":{"uv":[10,13,10.5,12.5],"texture":"#bulk"},"up":{"uv":[10,12.5,10.5,13],"texture":"#bulk"},"north":{"uv":[10,12.5,10.5,13],"texture":"#bulk"},"south":{"uv":[10,13,10.5,12.5],"texture":"#bulk"},"west":{"uv":[10,12.5,10.5,13],"texture":"#bulk"},"east":{"uv":[10.5,12.5,10,13],"texture":"#bulk"}}},{"from":[3,2,18],"to":[13,3,18.5],"faces":{"down":{"uv":[10,13,10.5,12.5],"texture":"#bulk"},"up":{"uv":[10,12.5,10.5,13],"texture":"#bulk"},"north":{"uv":[10,12.5,10.5,13],"texture":"#bulk"},"south":{"uv":[10,13,10.5,12.5],"texture":"#bulk"},"west":{"uv":[10,12.5,10.5,13],"texture":"#bulk"},"east":{"uv":[10.5,12.5,10,13],"texture":"#bulk"}}},{"from":[3,2,17.5],"to":[13,3.5,18],"faces":{"down":{"uv":[10,13,10.5,12.5],"texture":"#bulk"},"up":{"uv":[10,12.5,10.5,13],"texture":"#bulk"},"north":{"uv":[10,12.5,10.5,13],"texture":"#bulk"},"south":{"uv":[10,13,10.5,12.5],"texture":"#bulk"},"west":{"uv":[10,12.5,10.5,13],"texture":"#bulk"},"east":{"uv":[10.5,12.5,10,13],"texture":"#bulk"}}},{"from":[3,2,19.5],"to":[13,2.5,20],"faces":{"down":{"uv":[10,13,10.5,12.5],"texture":"#bulk"},"up":{"uv":[10,12.5,10.5,13],"texture":"#bulk"},"north":{"uv":[10,12.5,10.5,13],"texture":"#bulk"},"south":{"uv":[10,13,10.5,12.5],"texture":"#bulk"},"west":{"uv":[10,12.5,10.5,13],"texture":"#bulk"},"east":{"uv":[10.5,12.5,10,13],"texture":"#bulk"}}},{"from":[3.5,1,19],"to":[12.5,2,20],"faces":{"down":{"uv":[10,13,10.5,12.5],"texture":"#bulk"},"up":{"uv":[10,12.5,10.5,13],"texture":"#bulk"},"north":{"uv":[10,12.5,10.5,13],"texture":"#bulk"},"south":{"uv":[10,13,10.5,12.5],"texture":"#bulk"},"west":{"uv":[10,12.5,10.5,13],"texture":"#bulk"},"east":{"uv":[10.5,12.5,10,13],"texture":"#bulk"}}},{"from":[3.5,2.5,19],"to":[4,3,20],"faces":{"down":{"uv":[9.5,8.5,10,8],"texture":"#bulk"},"up":{"uv":[9.5,8,10,8.5],"texture":"#bulk"},"north":{"uv":[9.5,8,10,8.5],"texture":"#bulk"},"south":{"uv":[9.5,8.5,10,8],"texture":"#bulk"},"west":{"uv":[9.5,8,10,8.5],"texture":"#bulk"},"east":{"uv":[10,8,9.5,8.5],"texture":"#bulk"}}},{"from":[12,2.5,19],"to":[12.5,3,20],"faces":{"down":{"uv":[9.5,8.5,10,8],"texture":"#bulk"},"up":{"uv":[9.5,8,10,8.5],"texture":"#bulk"},"north":{"uv":[9.5,8,10,8.5],"texture":"#bulk"},"south":{"uv":[9.5,8.5,10,8],"texture":"#bulk"},"west":{"uv":[9.5,8,10,8.5],"texture":"#bulk"},"east":{"uv":[10,8,9.5,8.5],"texture":"#bulk"}}},{"from":[4,2,20],"to":[6.5,2.5,21],"faces":{"down":{"uv":[9.5,8.5,10,8],"texture":"#bulk"},"up":{"uv":[9.5,8,10,8.5],"texture":"#bulk"},"north":{"uv":[9.5,8,10,8.5],"texture":"#bulk"},"south":{"uv":[9.5,8.5,10,8],"texture":"#bulk"},"west":{"uv":[9.5,8,10,8.5],"texture":"#bulk"},"east":{"uv":[10,8,9.5,8.5],"texture":"#bulk"}}},{"from":[9.5,2,20],"to":[12,2.5,21],"faces":{"down":{"uv":[9.5,8.5,10,8],"texture":"#bulk"},"up":{"uv":[9.5,8,10,8.5],"texture":"#bulk"},"north":{"uv":[9.5,8,10,8.5],"texture":"#bulk"},"south":{"uv":[9.5,8.5,10,8],"texture":"#bulk"},"west":{"uv":[9.5,8,10,8.5],"texture":"#bulk"},"east":{"uv":[10,8,9.5,8.5],"texture":"#bulk"}}},{"from":[5,2.5,20.5],"to":[11,3,21.5],"faces":{"down":{"uv":[9.5,8.5,10,8],"texture":"#bulk"},"up":{"uv":[9.5,8,10,8.5],"texture":"#bulk"},"north":{"uv":[9.5,8,10,8.5],"texture":"#bulk"},"south":{"uv":[9.5,8.5,10,8],"texture":"#bulk"},"west":{"uv":[9.5,8,10,8.5],"texture":"#bulk"},"east":{"uv":[10,8,9.5,8.5],"texture":"#bulk"}}},{"from":[6,3,21.5],"to":[10,3.5,22],"faces":{"down":{"uv":[10,13,10.5,12.5],"texture":"#bulk"},"up":{"uv":[10,12.5,10.5,13],"texture":"#bulk"},"north":{"uv":[10,12.5,10.5,13],"texture":"#bulk"},"south":{"uv":[10,13,10.5,12.5],"texture":"#bulk"},"west":{"uv":[10,12.5,10.5,13],"texture":"#bulk"},"east":{"uv":[10.5,12.5,10,13],"texture":"#bulk"}}},{"from":[4,2.5,20],"to":[5,3,21.5],"faces":{"down":{"uv":[10,13,10.5,12.5],"texture":"#bulk"},"up":{"uv":[10,12.5,10.5,13],"texture":"#bulk"},"north":{"uv":[10,12.5,10.5,13],"texture":"#bulk"},"south":{"uv":[10,13,10.5,12.5],"texture":"#bulk"},"west":{"uv":[10,12.5,10.5,13],"texture":"#bulk"},"east":{"uv":[10.5,12.5,10,13],"texture":"#bulk"}}},{"from":[11,2.5,20],"to":[12,3,21.5],"faces":{"down":{"uv":[10,13,10.5,12.5],"texture":"#bulk"},"up":{"uv":[10,12.5,10.5,13],"texture":"#bulk"},"north":{"uv":[10,12.5,10.5,13],"texture":"#bulk"},"south":{"uv":[10,13,10.5,12.5],"texture":"#bulk"},"west":{"uv":[10,12.5,10.5,13],"texture":"#bulk"},"east":{"uv":[10.5,12.5,10,13],"texture":"#bulk"}}},{"from":[5,3,21],"to":[6,3.5,21.5],"faces":{"down":{"uv":[10,13,10.5,12.5],"texture":"#bulk"},"up":{"uv":[10,12.5,10.5,13],"texture":"#bulk"},"north":{"uv":[10,12.5,10.5,13],"texture":"#bulk"},"south":{"uv":[10,13,10.5,12.5],"texture":"#bulk"},"west":{"uv":[10,12.5,10.5,13],"texture":"#bulk"},"east":{"uv":[10.5,12.5,10,13],"texture":"#bulk"}}},{"from":[10,3,21],"to":[11,3.5,21.5],"faces":{"down":{"uv":[10,13,10.5,12.5],"texture":"#bulk"},"up":{"uv":[10,12.5,10.5,13],"texture":"#bulk"},"north":{"uv":[10,12.5,10.5,13],"texture":"#bulk"},"south":{"uv":[10,13,10.5,12.5],"texture":"#bulk"},"west":{"uv":[10,12.5,10.5,13],"texture":"#bulk"},"east":{"uv":[10.5,12.5,10,13],"texture":"#bulk"}}},{"from":[4,1,20],"to":[12,2,20.5],"faces":{"down":{"uv":[10,13,10.5,12.5],"texture":"#bulk"},"up":{"uv":[10,12.5,10.5,13],"texture":"#bulk"},"north":{"uv":[10,12.5,10.5,13],"texture":"#bulk"},"south":{"uv":[10,13,10.5,12.5],"texture":"#bulk"},"west":{"uv":[10,12.5,10.5,13],"texture":"#bulk"},"east":{"uv":[10.5,12.5,10,13],"texture":"#bulk"}}},{"from":[4,1.5,20.5],"to":[12,2,21],"faces":{"down":{"uv":[10,13,10.5,12.5],"texture":"#bulk"},"up":{"uv":[10,12.5,10.5,13],"texture":"#bulk"},"north":{"uv":[10,12.5,10.5,13],"texture":"#bulk"},"south":{"uv":[10,13,10.5,12.5],"texture":"#bulk"},"west":{"uv":[10,12.5,10.5,13],"texture":"#bulk"},"east":{"uv":[10.5,12.5,10,13],"texture":"#bulk"}}},{"from":[4.5,1,20.5],"to":[11.5,1.5,21],"faces":{"down":{"uv":[10,13,10.5,12.5],"texture":"#bulk"},"up":{"uv":[10,12.5,10.5,13],"texture":"#bulk"},"north":{"uv":[10,12.5,10.5,13],"texture":"#bulk"},"south":{"uv":[10,13,10.5,12.5],"texture":"#bulk"},"west":{"uv":[10,12.5,10.5,13],"texture":"#bulk"},"east":{"uv":[10.5,12.5,10,13],"texture":"#bulk"}}},{"from":[6,1.5,21],"to":[10,2.5,21.5],"faces":{"down":{"uv":[10,13,10.5,12.5],"texture":"#bulk"},"up":{"uv":[10,12.5,10.5,13],"texture":"#bulk"},"north":{"uv":[10,12.5,10.5,13],"texture":"#bulk"},"south":{"uv":[10,13,10.5,12.5],"texture":"#bulk"},"west":{"uv":[10,12.5,10.5,13],"texture":"#bulk"},"east":{"uv":[10.5,12.5,10,13],"texture":"#bulk"}}},{"from":[5,2,20.5],"to":[6,2.5,21.5],"faces":{"down":{"uv":[3,6.5,3.5,6],"texture":"#bulk"},"up":{"uv":[3,6,3.5,6.5],"texture":"#bulk"},"north":{"uv":[3,6,3.5,6.5],"texture":"#bulk"},"south":{"uv":[3,6.5,3.5,6],"texture":"#bulk"},"west":{"uv":[3,6,3.5,6.5],"texture":"#bulk"},"east":{"uv":[3.5,6,3,6.5],"texture":"#bulk"}}},{"from":[10,2,20.5],"to":[11,2.5,21.5],"faces":{"down":{"uv":[3,6.5,3.5,6],"texture":"#bulk"},"up":{"uv":[3,6,3.5,6.5],"texture":"#bulk"},"north":{"uv":[3,6,3.5,6.5],"texture":"#bulk"},"south":{"uv":[3,6.5,3.5,6],"texture":"#bulk"},"west":{"uv":[3,6,3.5,6.5],"texture":"#bulk"},"east":{"uv":[3.5,6,3,6.5],"texture":"#bulk"}}},{"from":[6,2.5,21.5],"to":[7,3,22],"faces":{"down":{"uv":[3,6.5,3.5,6],"texture":"#bulk"},"up":{"uv":[3,6,3.5,6.5],"texture":"#bulk"},"north":{"uv":[3,6,3.5,6.5],"texture":"#bulk"},"south":{"uv":[3,6.5,3.5,6],"texture":"#bulk"},"west":{"uv":[3,6,3.5,6.5],"texture":"#bulk"},"east":{"uv":[3.5,6,3,6.5],"texture":"#bulk"}}},{"from":[9,2.5,21.5],"to":[10,3,22],"faces":{"down":{"uv":[3,6.5,3.5,6],"texture":"#bulk"},"up":{"uv":[3,6,3.5,6.5],"texture":"#bulk"},"north":{"uv":[3,6,3.5,6.5],"texture":"#bulk"},"south":{"uv":[3,6.5,3.5,6],"texture":"#bulk"},"west":{"uv":[3,6,3.5,6.5],"texture":"#bulk"},"east":{"uv":[3.5,6,3,6.5],"texture":"#bulk"}}},{"from":[7,7.5,18.5],"to":[7.5,8,19],"faces":{"down":{"uv":[3.5,7.5,4,7],"texture":"#bulk"},"up":{"uv":[3.5,7,4,7.5],"texture":"#bulk"},"north":{"uv":[3.5,7,4,7.5],"texture":"#bulk"},"south":{"uv":[3.5,7.5,4,7],"texture":"#bulk"},"west":{"uv":[3.5,7,4,7.5],"texture":"#bulk"},"east":{"uv":[4,7,3.5,7.5],"texture":"#bulk"}}},{"from":[5.5,2.5,19],"to":[10.5,5.5,19.5],"faces":{"down":{"uv":[6,10,6.5,9.5],"texture":"#bulk"},"up":{"uv":[6,9.5,6.5,10],"texture":"#bulk"},"north":{"uv":[6,9.5,6.5,10],"texture":"#bulk"},"south":{"uv":[6,10,6.5,9.5],"texture":"#bulk"},"west":{"uv":[6,9.5,6.5,10],"texture":"#bulk"},"east":{"uv":[6.5,9.5,6,10],"texture":"#bulk"}}},{"from":[6.5,2.5,19.5],"to":[9.5,5.5,20],"faces":{"down":{"uv":[6,10,6.5,9.5],"texture":"#bulk"},"up":{"uv":[6,9.5,6.5,10],"texture":"#bulk"},"north":{"uv":[6,9.5,6.5,10],"texture":"#bulk"},"south":{"uv":[6,10,6.5,9.5],"texture":"#bulk"},"west":{"uv":[6,9.5,6.5,10],"texture":"#bulk"},"east":{"uv":[6.5,9.5,6,10],"texture":"#bulk"}}},{"from":[5,5.5,19],"to":[11,6,19.5],"faces":{"down":{"uv":[5,9,11,9.5],"texture":"#bulk"},"up":{"uv":[5,9,11,9.5],"texture":"#bulk"},"north":{"uv":[5,9,11,9.5],"texture":"#bulk"},"south":{"uv":[5,9,11,9.5],"texture":"#bulk"},"west":{"uv":[5,9,5.5,9.5],"texture":"#bulk"},"east":{"uv":[5,9,5.5,9.5],"texture":"#bulk"}}},{"from":[6,5.5,19.5],"to":[10,6,20],"faces":{"down":{"uv":[6,9,10,9.5],"texture":"#bulk"},"up":{"uv":[6,9,10,9.5],"texture":"#bulk"},"north":{"uv":[6,9,10,9.5],"texture":"#bulk"},"south":{"uv":[6,9,10,9.5],"texture":"#bulk"},"west":{"uv":[6,9,6.5,9.5],"texture":"#bulk"},"east":{"uv":[6,9,6.5,9.5],"texture":"#bulk"}}},{"from":[6.5,4.5,20],"to":[7.5,6,20.5],"faces":{"down":{"uv":[7,10.5,7.5,10],"texture":"#bulk"},"up":{"uv":[7,9,7.5,9.5],"texture":"#bulk"},"north":{"uv":[6.5,9,7.5,10.5],"texture":"#bulk"},"south":{"uv":[6.5,9,7.5,10.5],"texture":"#bulk"},"west":{"uv":[6.5,9,7,10.5],"texture":"#bulk"},"east":{"uv":[6.5,9,7,10.5],"texture":"#bulk"}}},{"from":[8.5,4.5,20],"to":[9.5,6,20.5],"faces":{"down":{"uv":[7,10.5,7.5,10],"texture":"#bulk"},"up":{"uv":[7,9,7.5,9.5],"texture":"#bulk"},"north":{"uv":[6.5,9,7.5,10.5],"texture":"#bulk"},"south":{"uv":[6.5,9,7.5,10.5],"texture":"#bulk"},"west":{"uv":[6.5,9,7,10.5],"texture":"#bulk"},"east":{"uv":[6.5,9,7,10.5],"texture":"#bulk"}}},{"from":[5.5,4.5,19.5],"to":[6,6,20],"faces":{"down":{"uv":[7,10.5,7.5,10],"texture":"#bulk"},"up":{"uv":[7,9,7.5,9.5],"texture":"#bulk"},"north":{"uv":[6.5,9,7.5,10.5],"texture":"#bulk"},"south":{"uv":[6.5,9,7.5,10.5],"texture":"#bulk"},"west":{"uv":[6.5,9,7,10.5],"texture":"#bulk"},"east":{"uv":[6.5,9,7,10.5],"texture":"#bulk"}}},{"from":[10,4.5,19.5],"to":[10.5,6,20],"faces":{"down":{"uv":[7,10.5,7.5,10],"texture":"#bulk"},"up":{"uv":[7,9,7.5,9.5],"texture":"#bulk"},"north":{"uv":[6.5,9,7.5,10.5],"texture":"#bulk"},"south":{"uv":[6.5,9,7.5,10.5],"texture":"#bulk"},"west":{"uv":[6.5,9,7,10.5],"texture":"#bulk"},"east":{"uv":[6.5,9,7,10.5],"texture":"#bulk"}}},{"from":[6.5,3,20],"to":[9.5,4.5,21],"faces":{"down":{"uv":[6.5,11,7,10.5],"texture":"#bulk"},"up":{"uv":[6.5,10.5,7,11],"texture":"#bulk"},"north":{"uv":[6.5,10.5,9.5,12],"texture":"#bulk"},"south":{"uv":[6.5,10.5,9.5,12],"texture":"#bulk"},"west":{"uv":[6.5,10.5,7,12],"texture":"#bulk"},"east":{"uv":[6.5,10.5,7,12],"texture":"#bulk"}}},{"from":[5.5,3,19.5],"to":[6.5,4.5,20.5],"faces":{"down":{"uv":[6.5,11,7,10.5],"texture":"#bulk"},"up":{"uv":[6.5,10.5,7,11],"texture":"#bulk"},"north":{"uv":[5.5,10.5,6.5,12],"texture":"#bulk"},"south":{"uv":[5.5,10.5,6.5,12],"texture":"#bulk"},"west":{"uv":[5.5,10.5,6,12],"texture":"#bulk"},"east":{"uv":[6,10.5,6.5,12],"texture":"#bulk"}}},{"from":[4.5,2.5,19],"to":[5.5,4,20],"faces":{"down":{"uv":[4.5,12,5,12.5],"texture":"#bulk"},"up":{"uv":[4.5,11,5,11.5],"texture":"#bulk"},"north":{"uv":[4.5,11,5.5,12.5],"texture":"#bulk"},"south":{"uv":[4.5,11,5.5,12.5],"texture":"#bulk"},"west":{"uv":[4.5,11,5,12.5],"texture":"#bulk"},"east":{"uv":[4.5,11,5,12.5],"texture":"#bulk"}}},{"from":[10.5,2.5,19],"to":[11.5,4,20],"faces":{"down":{"uv":[4.5,12,5,12.5],"texture":"#bulk"},"up":{"uv":[4.5,11,5,11.5],"texture":"#bulk"},"north":{"uv":[4.5,11,5.5,12.5],"texture":"#bulk"},"south":{"uv":[4.5,11,5.5,12.5],"texture":"#bulk"},"west":{"uv":[4.5,11,5,12.5],"texture":"#bulk"},"east":{"uv":[4.5,11,5,12.5],"texture":"#bulk"}}},{"from":[9.5,3,19.5],"to":[10.5,4.5,20.5],"faces":{"down":{"uv":[6.5,11,7,10.5],"texture":"#bulk"},"up":{"uv":[6.5,10.5,7,11],"texture":"#bulk"},"north":{"uv":[6.5,10.5,5.5,12],"texture":"#bulk"},"south":{"uv":[6.5,10.5,5.5,12],"texture":"#bulk"},"west":{"uv":[6,10.5,6.5,12],"texture":"#bulk"},"east":{"uv":[5.5,10.5,6,12],"texture":"#bulk"}}},{"from":[4,2.5,18.5],"to":[12,4.5,19],"faces":{"down":{"uv":[4.5,10.5,5,10],"texture":"#bulk"},"up":{"uv":[4.5,10,5,10.5],"texture":"#bulk"},"north":{"uv":[4.5,10,5,10.5],"texture":"#bulk"},"south":{"uv":[4.5,10.5,5,10],"texture":"#bulk"},"west":{"uv":[4.5,10,5,10.5],"texture":"#bulk"},"east":{"uv":[5,10,4.5,10.5],"texture":"#bulk"}}},{"from":[4,4.5,18.5],"to":[4.5,5.5,19],"faces":{"down":{"uv":[3.5,10.5,4,10],"texture":"#bulk"},"up":{"uv":[3.5,10,4,10.5],"texture":"#bulk"},"north":{"uv":[3.5,10,4,10.5],"texture":"#bulk"},"south":{"uv":[3.5,10.5,4,10],"texture":"#bulk"},"west":{"uv":[3.5,10,4,10.5],"texture":"#bulk"},"east":{"uv":[4,10,3.5,10.5],"texture":"#bulk"}}},{"from":[11.5,4.5,18.5],"to":[12,5.5,19],"faces":{"down":{"uv":[3.5,10.5,4,10],"texture":"#bulk"},"up":{"uv":[3.5,10,4,10.5],"texture":"#bulk"},"north":{"uv":[3.5,10,4,10.5],"texture":"#bulk"},"south":{"uv":[3.5,10.5,4,10],"texture":"#bulk"},"west":{"uv":[3.5,10,4,10.5],"texture":"#bulk"},"east":{"uv":[4,10,3.5,10.5],"texture":"#bulk"}}},{"from":[12,3.5,18.5],"to":[12.5,4.5,19],"faces":{"down":{"uv":[3.5,10.5,4,10],"texture":"#bulk"},"up":{"uv":[3.5,10,4,10.5],"texture":"#bulk"},"north":{"uv":[3.5,10,4,10.5],"texture":"#bulk"},"south":{"uv":[3.5,10.5,4,10],"texture":"#bulk"},"west":{"uv":[3.5,10,4,10.5],"texture":"#bulk"},"east":{"uv":[4,10,3.5,10.5],"texture":"#bulk"}}},{"from":[3.5,3.5,18.5],"to":[4,4.5,19],"faces":{"down":{"uv":[3.5,10.5,4,10],"texture":"#bulk"},"up":{"uv":[3.5,10,4,10.5],"texture":"#bulk"},"north":{"uv":[3.5,10,4,10.5],"texture":"#bulk"},"south":{"uv":[3.5,10.5,4,10],"texture":"#bulk"},"west":{"uv":[3.5,10,4,10.5],"texture":"#bulk"},"east":{"uv":[4,10,3.5,10.5],"texture":"#bulk"}}},{"from":[3.5,3,19],"to":[4,3.5,19.5],"faces":{"down":{"uv":[3.5,10.5,4,10],"texture":"#bulk"},"up":{"uv":[3.5,10,4,10.5],"texture":"#bulk"},"north":{"uv":[3.5,10,4,10.5],"texture":"#bulk"},"south":{"uv":[3.5,10.5,4,10],"texture":"#bulk"},"west":{"uv":[3.5,10,4,10.5],"texture":"#bulk"},"east":{"uv":[4,10,3.5,10.5],"texture":"#bulk"}}},{"from":[12,3,19],"to":[12.5,3.5,19.5],"faces":{"down":{"uv":[3.5,10.5,4,10],"texture":"#bulk"},"up":{"uv":[3.5,10,4,10.5],"texture":"#bulk"},"north":{"uv":[3.5,10,4,10.5],"texture":"#bulk"},"south":{"uv":[3.5,10.5,4,10],"texture":"#bulk"},"west":{"uv":[3.5,10,4,10.5],"texture":"#bulk"},"east":{"uv":[4,10,3.5,10.5],"texture":"#bulk"}}},{"from":[4.5,5.5,19],"to":[5,6,19.5],"faces":{"down":{"uv":[3.5,10.5,4,10],"texture":"#bulk"},"up":{"uv":[3.5,10,4,10.5],"texture":"#bulk"},"north":{"uv":[3.5,10,4,10.5],"texture":"#bulk"},"south":{"uv":[3.5,10.5,4,10],"texture":"#bulk"},"west":{"uv":[3.5,10,4,10.5],"texture":"#bulk"},"east":{"uv":[4,10,3.5,10.5],"texture":"#bulk"}}},{"from":[11,5.5,19],"to":[11.5,6,19.5],"faces":{"down":{"uv":[3.5,10.5,4,10],"texture":"#bulk"},"up":{"uv":[3.5,10,4,10.5],"texture":"#bulk"},"north":{"uv":[3.5,10,4,10.5],"texture":"#bulk"},"south":{"uv":[3.5,10.5,4,10],"texture":"#bulk"},"west":{"uv":[3.5,10,4,10.5],"texture":"#bulk"},"east":{"uv":[4,10,3.5,10.5],"texture":"#bulk"}}},{"from":[7,8,17.5],"to":[9,8.5,18.5],"faces":{"down":{"uv":[5,6.5,5.5,6],"texture":"#bulk"},"up":{"uv":[5,6,5.5,6.5],"texture":"#bulk"},"north":{"uv":[5,6,5.5,6.5],"texture":"#bulk"},"south":{"uv":[5,6.5,5.5,6],"texture":"#bulk"},"west":{"uv":[5,6,5.5,6.5],"texture":"#bulk"},"east":{"uv":[5.5,6,5,6.5],"texture":"#bulk"}}},{"from":[4,11,14.5],"to":[12,11.5,16.5],"faces":{"down":{"uv":[5.5,3.5,6,3],"rotation":180,"texture":"#bulk"},"up":{"uv":[5.5,3,6,3.5],"rotation":180,"texture":"#bulk"},"north":{"uv":[5.5,3.5,6,3],"texture":"#bulk"},"south":{"uv":[5.5,3,6,3.5],"texture":"#bulk"},"west":{"uv":[6,3,5.5,3.5],"texture":"#bulk"},"east":{"uv":[5.5,3,6,3.5],"texture":"#bulk"}}},{"from":[10,11,16.5],"to":[11.5,11.5,17],"faces":{"down":{"uv":[5.5,3.5,6,3],"rotation":180,"texture":"#bulk"},"up":{"uv":[5.5,3,6,3.5],"rotation":180,"texture":"#bulk"},"north":{"uv":[5.5,3.5,6,3],"texture":"#bulk"},"south":{"uv":[5.5,3,6,3.5],"texture":"#bulk"},"west":{"uv":[6,3,5.5,3.5],"texture":"#bulk"},"east":{"uv":[5.5,3,6,3.5],"texture":"#bulk"}}},{"from":[4.5,11,16.5],"to":[6,11.5,17],"faces":{"down":{"uv":[5.5,3.5,6,3],"rotation":180,"texture":"#bulk"},"up":{"uv":[5.5,3,6,3.5],"rotation":180,"texture":"#bulk"},"north":{"uv":[5.5,3.5,6,3],"texture":"#bulk"},"south":{"uv":[5.5,3,6,3.5],"texture":"#bulk"},"west":{"uv":[6,3,5.5,3.5],"texture":"#bulk"},"east":{"uv":[5.5,3,6,3.5],"texture":"#bulk"}}},{"from":[4.5,11.5,14.5],"to":[11.5,12,15.5],"faces":{"down":{"uv":[5.5,3.5,6,3],"rotation":180,"texture":"#bulk"},"up":{"uv":[5.5,3,6,3.5],"rotation":180,"texture":"#bulk"},"north":{"uv":[5.5,3.5,6,3],"texture":"#bulk"},"south":{"uv":[5.5,3,6,3.5],"texture":"#bulk"},"west":{"uv":[6,3,5.5,3.5],"texture":"#bulk"},"east":{"uv":[5.5,3,6,3.5],"texture":"#bulk"}}},{"from":[9,10.5,16.5],"to":[10,11,17],"faces":{"down":{"uv":[6,4,6.5,3.5],"texture":"#bulk"},"up":{"uv":[6,3.5,6.5,4],"texture":"#bulk"},"north":{"uv":[6,3.5,6.5,4],"texture":"#bulk"},"south":{"uv":[6,4,6.5,3.5],"texture":"#bulk"},"west":{"uv":[6,3.5,6.5,4],"texture":"#bulk"},"east":{"uv":[6.5,3.5,6,4],"texture":"#bulk"}}},{"from":[6,10.5,16.5],"to":[7,11,17],"faces":{"down":{"uv":[6,4,6.5,3.5],"texture":"#bulk"},"up":{"uv":[6,3.5,6.5,4],"texture":"#bulk"},"north":{"uv":[6,3.5,6.5,4],"texture":"#bulk"},"south":{"uv":[6,4,6.5,3.5],"texture":"#bulk"},"west":{"uv":[6,3.5,6.5,4],"texture":"#bulk"},"east":{"uv":[6.5,3.5,6,4],"texture":"#bulk"}}},{"from":[4.5,11,17],"to":[6,11.5,17.5],"faces":{"down":{"uv":[6,4,6.5,3.5],"texture":"#bulk"},"up":{"uv":[6,3.5,6.5,4],"texture":"#bulk"},"north":{"uv":[6,3.5,6.5,4],"texture":"#bulk"},"south":{"uv":[6,4,6.5,3.5],"texture":"#bulk"},"west":{"uv":[6,3.5,6.5,4],"texture":"#bulk"},"east":{"uv":[6.5,3.5,6,4],"texture":"#bulk"}}},{"from":[10,11,17],"to":[11.5,11.5,17.5],"faces":{"down":{"uv":[6,4,6.5,3.5],"texture":"#bulk"},"up":{"uv":[6,3.5,6.5,4],"texture":"#bulk"},"north":{"uv":[6,3.5,6.5,4],"texture":"#bulk"},"south":{"uv":[6,4,6.5,3.5],"texture":"#bulk"},"west":{"uv":[6,3.5,6.5,4],"texture":"#bulk"},"east":{"uv":[6.5,3.5,6,4],"texture":"#bulk"}}},{"from":[8.5,11.5,15.5],"to":[10.5,12,16],"faces":{"down":{"uv":[5.5,3.5,6,3],"rotation":180,"texture":"#bulk"},"up":{"uv":[5.5,3,6,3.5],"rotation":180,"texture":"#bulk"},"north":{"uv":[5.5,3.5,6,3],"texture":"#bulk"},"south":{"uv":[5.5,3,6,3.5],"texture":"#bulk"},"west":{"uv":[6,3,5.5,3.5],"texture":"#bulk"},"east":{"uv":[5.5,3,6,3.5],"texture":"#bulk"}}},{"from":[5.5,11.5,15.5],"to":[7.5,12,16],"faces":{"down":{"uv":[5.5,3.5,6,3],"rotation":180,"texture":"#bulk"},"up":{"uv":[5.5,3,6,3.5],"rotation":180,"texture":"#bulk"},"north":{"uv":[5.5,3.5,6,3],"texture":"#bulk"},"south":{"uv":[5.5,3,6,3.5],"texture":"#bulk"},"west":{"uv":[6,3,5.5,3.5],"texture":"#bulk"},"east":{"uv":[5.5,3,6,3.5],"texture":"#bulk"}}},{"from":[7.5,11,15.5],"to":[8.5,12,16.5],"faces":{"down":{"uv":[5.5,3.5,6,3],"rotation":180,"texture":"#bulk"},"up":{"uv":[5.5,3,6,3.5],"rotation":180,"texture":"#bulk"},"north":{"uv":[5.5,3.5,6,3],"texture":"#bulk"},"south":{"uv":[5.5,3,6,3.5],"texture":"#bulk"},"west":{"uv":[6,3,5.5,3.5],"texture":"#bulk"},"east":{"uv":[5.5,3,6,3.5],"texture":"#bulk"}}},{"from":[7.5,12,15.5],"to":[8,13,16.5],"faces":{"down":{"uv":[5.5,3.5,6,3],"rotation":180,"texture":"#bulk"},"up":{"uv":[5.5,3,6,3.5],"rotation":180,"texture":"#bulk"},"north":{"uv":[5.5,3.5,6,3],"texture":"#bulk"},"south":{"uv":[5.5,3,6,3.5],"texture":"#bulk"},"west":{"uv":[6,3,5.5,3.5],"texture":"#bulk"},"east":{"uv":[5.5,3,6,3.5],"texture":"#bulk"}}},{"from":[8,12,15.5],"to":[8.5,13,16],"faces":{"down":{"uv":[5.5,3.5,6,3],"rotation":180,"texture":"#bulk"},"up":{"uv":[5.5,3,6,3.5],"rotation":180,"texture":"#bulk"},"north":{"uv":[5.5,3.5,6,3],"texture":"#bulk"},"south":{"uv":[5.5,3,6,3.5],"texture":"#bulk"},"west":{"uv":[6,3,5.5,3.5],"texture":"#bulk"},"east":{"uv":[5.5,3,6,3.5],"texture":"#bulk"}}},{"from":[7,11.5,15.5],"to":[7.5,12.5,16.5],"faces":{"down":{"uv":[5.5,3.5,6,3],"rotation":180,"texture":"#bulk"},"up":{"uv":[5.5,3,6,3.5],"rotation":180,"texture":"#bulk"},"north":{"uv":[5.5,3.5,6,3],"texture":"#bulk"},"south":{"uv":[5.5,3,6,3.5],"texture":"#bulk"},"west":{"uv":[6,3,5.5,3.5],"texture":"#bulk"},"east":{"uv":[5.5,3,6,3.5],"texture":"#bulk"}}},{"from":[8,11.5,15],"to":[8.5,12.5,15.5],"faces":{"down":{"uv":[5.5,3.5,6,3],"rotation":180,"texture":"#bulk"},"up":{"uv":[5.5,3,6,3.5],"rotation":180,"texture":"#bulk"},"north":{"uv":[5.5,3.5,6,3],"texture":"#bulk"},"south":{"uv":[5.5,3,6,3.5],"texture":"#bulk"},"west":{"uv":[6,3,5.5,3.5],"texture":"#bulk"},"east":{"uv":[5.5,3,6,3.5],"texture":"#bulk"}}},{"from":[8,12,16],"to":[8.5,12.5,16.5],"faces":{"down":{"uv":[6,4,6.5,3.5],"texture":"#bulk"},"up":{"uv":[6,3.5,6.5,4],"texture":"#bulk"},"north":{"uv":[6,3.5,6.5,4],"texture":"#bulk"},"south":{"uv":[6,4,6.5,3.5],"texture":"#bulk"},"west":{"uv":[6,3.5,6.5,4],"texture":"#bulk"},"east":{"uv":[6.5,3.5,6,4],"texture":"#bulk"}}},{"from":[8.5,11.5,16],"to":[9,12,16.5],"faces":{"down":{"uv":[6,4,6.5,3.5],"texture":"#bulk"},"up":{"uv":[6,3.5,6.5,4],"texture":"#bulk"},"north":{"uv":[6,3.5,6.5,4],"texture":"#bulk"},"south":{"uv":[6,4,6.5,3.5],"texture":"#bulk"},"west":{"uv":[6,3.5,6.5,4],"texture":"#bulk"},"east":{"uv":[6.5,3.5,6,4],"texture":"#bulk"}}},{"from":[7.5,11,16.5],"to":[9.5,11.5,17],"faces":{"down":{"uv":[6,4,6.5,3.5],"texture":"#bulk"},"up":{"uv":[6,3.5,6.5,4],"texture":"#bulk"},"north":{"uv":[6,3.5,6.5,4],"texture":"#bulk"},"south":{"uv":[6,4,6.5,3.5],"texture":"#bulk"},"west":{"uv":[6,3.5,6.5,4],"texture":"#bulk"},"east":{"uv":[6.5,3.5,6,4],"texture":"#bulk"}}},{"from":[7,11.5,16.5],"to":[7.5,12,17],"faces":{"down":{"uv":[6,4,6.5,3.5],"texture":"#bulk"},"up":{"uv":[6,3.5,6.5,4],"texture":"#bulk"},"north":{"uv":[6,3.5,6.5,4],"texture":"#bulk"},"south":{"uv":[6,4,6.5,3.5],"texture":"#bulk"},"west":{"uv":[6,3.5,6.5,4],"texture":"#bulk"},"east":{"uv":[6.5,3.5,6,4],"texture":"#bulk"}}},{"from":[6.5,11.5,16],"to":[7,12,16.5],"faces":{"down":{"uv":[6,4,6.5,3.5],"texture":"#bulk"},"up":{"uv":[6,3.5,6.5,4],"texture":"#bulk"},"north":{"uv":[6,3.5,6.5,4],"texture":"#bulk"},"south":{"uv":[6,4,6.5,3.5],"texture":"#bulk"},"west":{"uv":[6,3.5,6.5,4],"texture":"#bulk"},"east":{"uv":[6.5,3.5,6,4],"texture":"#bulk"}}},{"from":[6,11,16.5],"to":[6.5,11.5,17],"faces":{"down":{"uv":[6,4,6.5,3.5],"texture":"#bulk"},"up":{"uv":[6,3.5,6.5,4],"texture":"#bulk"},"north":{"uv":[6,3.5,6.5,4],"texture":"#bulk"},"south":{"uv":[6,4,6.5,3.5],"texture":"#bulk"},"west":{"uv":[6,3.5,6.5,4],"texture":"#bulk"},"east":{"uv":[6.5,3.5,6,4],"texture":"#bulk"}}},{"from":[11.5,11,16.5],"to":[12,11.5,17],"faces":{"down":{"uv":[6,4,6.5,3.5],"texture":"#bulk"},"up":{"uv":[6,3.5,6.5,4],"texture":"#bulk"},"north":{"uv":[6,3.5,6.5,4],"texture":"#bulk"},"south":{"uv":[6,4,6.5,3.5],"texture":"#bulk"},"west":{"uv":[6,3.5,6.5,4],"texture":"#bulk"},"east":{"uv":[6.5,3.5,6,4],"texture":"#bulk"}}},{"from":[11.5,11,15.5],"to":[12.5,11.5,16],"faces":{"down":{"uv":[5.5,3.5,6,3],"rotation":180,"texture":"#bulk"},"up":{"uv":[5.5,3,6,3.5],"rotation":180,"texture":"#bulk"},"north":{"uv":[5.5,3.5,6,3],"texture":"#bulk"},"south":{"uv":[5.5,3,6,3.5],"texture":"#bulk"},"west":{"uv":[6,3,5.5,3.5],"texture":"#bulk"},"east":{"uv":[5.5,3,6,3.5],"texture":"#bulk"}}},{"from":[3.5,11,15],"to":[4.5,11.5,15.5],"faces":{"down":{"uv":[5.5,3.5,6,3],"rotation":180,"texture":"#bulk"},"up":{"uv":[5.5,3,6,3.5],"rotation":180,"texture":"#bulk"},"north":{"uv":[5.5,3.5,6,3],"texture":"#bulk"},"south":{"uv":[5.5,3,6,3.5],"texture":"#bulk"},"west":{"uv":[6,3,5.5,3.5],"texture":"#bulk"},"east":{"uv":[5.5,3,6,3.5],"texture":"#bulk"}}},{"from":[3,8,14.5],"to":[13,9.5,15.5],"faces":{"down":{"uv":[4,7,4.5,6.5],"texture":"#bulk"},"up":{"uv":[4,6.5,4.5,7],"texture":"#bulk"},"north":{"uv":[4,6.5,4.5,7],"texture":"#bulk"},"south":{"uv":[4,7,4.5,6.5],"texture":"#bulk"},"west":{"uv":[4,6.5,4.5,7],"texture":"#bulk"},"east":{"uv":[4.5,6.5,4,7],"texture":"#bulk"}}},{"from":[3,9.5,14.5],"to":[13,10,15],"faces":{"down":{"uv":[4,7,4.5,6.5],"texture":"#bulk"},"up":{"uv":[4,6.5,4.5,7],"texture":"#bulk"},"north":{"uv":[4,6.5,4.5,7],"texture":"#bulk"},"south":{"uv":[4,7,4.5,6.5],"texture":"#bulk"},"west":{"uv":[4,6.5,4.5,7],"texture":"#bulk"},"east":{"uv":[4.5,6.5,4,7],"texture":"#bulk"}}},{"from":[3,6,14.5],"to":[13,8,15],"faces":{"down":{"uv":[4,7,4.5,6.5],"texture":"#bulk"},"up":{"uv":[4,6.5,4.5,7],"texture":"#bulk"},"north":{"uv":[4,6.5,4.5,7],"texture":"#bulk"},"south":{"uv":[4,7,4.5,6.5],"texture":"#bulk"},"west":{"uv":[4,6.5,4.5,7],"texture":"#bulk"},"east":{"uv":[4.5,6.5,4,7],"texture":"#bulk"}}},{"from":[3,6,15],"to":[13,6.5,15.5],"faces":{"down":{"uv":[4,7,4.5,6.5],"texture":"#bulk"},"up":{"uv":[4,6.5,4.5,7],"texture":"#bulk"},"north":{"uv":[4,6.5,4.5,7],"texture":"#bulk"},"south":{"uv":[4,7,4.5,6.5],"texture":"#bulk"},"west":{"uv":[4,6.5,4.5,7],"texture":"#bulk"},"east":{"uv":[4.5,6.5,4,7],"texture":"#bulk"}}},{"from":[3,1.5,14.5],"to":[13,3.5,15],"faces":{"down":{"uv":[4,7,4.5,6.5],"texture":"#bulk"},"up":{"uv":[4,6.5,4.5,7],"texture":"#bulk"},"north":{"uv":[4,6.5,4.5,7],"texture":"#bulk"},"south":{"uv":[4,7,4.5,6.5],"texture":"#bulk"},"west":{"uv":[4,6.5,4.5,7],"texture":"#bulk"},"east":{"uv":[4.5,6.5,4,7],"texture":"#bulk"}}},{"from":[2.5,2.5,14.5],"to":[13.5,3.5,15],"faces":{"down":{"uv":[4,7,4.5,6.5],"texture":"#bulk"},"up":{"uv":[4,6.5,4.5,7],"texture":"#bulk"},"north":{"uv":[4,6.5,4.5,7],"texture":"#bulk"},"south":{"uv":[4,7,4.5,6.5],"texture":"#bulk"},"west":{"uv":[4,6.5,4.5,7],"texture":"#bulk"},"east":{"uv":[4.5,6.5,4,7],"texture":"#bulk"}}},{"from":[3,1,15],"to":[13,1.5,17],"faces":{"down":{"uv":[4,7,4.5,6.5],"texture":"#bulk"},"up":{"uv":[4,6.5,4.5,7],"texture":"#bulk"},"north":{"uv":[4,6.5,4.5,7],"texture":"#bulk"},"south":{"uv":[4,7,4.5,6.5],"texture":"#bulk"},"west":{"uv":[4,6.5,4.5,7],"texture":"#bulk"},"east":{"uv":[4.5,6.5,4,7],"texture":"#bulk"}}},{"from":[3,8,13.5],"to":[4,9.5,14.5],"faces":{"down":{"uv":[15,1,15.5,0.5],"texture":"#bulk"},"up":{"uv":[15,0.5,15.5,1],"texture":"#bulk"},"north":{"uv":[15,0.5,15.5,1],"texture":"#bulk"},"south":{"uv":[15,1,15.5,0.5],"texture":"#bulk"},"west":{"uv":[15,0.5,15.5,1],"texture":"#bulk"},"east":{"uv":[15.5,0.5,15,1],"texture":"#bulk"}}},{"from":[12,8,13.5],"to":[13,9.5,14.5],"faces":{"down":{"uv":[15,1,15.5,0.5],"texture":"#bulk"},"up":{"uv":[15,0.5,15.5,1],"texture":"#bulk"},"north":{"uv":[15,0.5,15.5,1],"texture":"#bulk"},"south":{"uv":[15,1,15.5,0.5],"texture":"#bulk"},"west":{"uv":[15,0.5,15.5,1],"texture":"#bulk"},"east":{"uv":[15.5,0.5,15,1],"texture":"#bulk"}}},{"from":[3,4,13.5],"to":[4,5.5,14.5],"faces":{"down":{"uv":[15,1,15.5,0.5],"texture":"#bulk"},"up":{"uv":[15,0.5,15.5,1],"texture":"#bulk"},"north":{"uv":[15,0.5,15.5,1],"texture":"#bulk"},"south":{"uv":[15,1,15.5,0.5],"texture":"#bulk"},"west":{"uv":[15,0.5,15.5,1],"texture":"#bulk"},"east":{"uv":[15.5,0.5,15,1],"texture":"#bulk"}}},{"from":[12,4,13.5],"to":[13,5.5,14.5],"faces":{"down":{"uv":[15,1,15.5,0.5],"texture":"#bulk"},"up":{"uv":[15,0.5,15.5,1],"texture":"#bulk"},"north":{"uv":[15,0.5,15.5,1],"texture":"#bulk"},"south":{"uv":[15,1,15.5,0.5],"texture":"#bulk"},"west":{"uv":[15,0.5,15.5,1],"texture":"#bulk"},"east":{"uv":[15.5,0.5,15,1],"texture":"#bulk"}}},{"from":[4,8,7],"to":[12,9.5,7.5],"faces":{"down":{"uv":[10.5,1,11,1.5],"texture":"#bulk"},"up":{"uv":[10.5,0,11,0.5],"texture":"#bulk"},"north":{"uv":[10.5,0,11,1.5],"texture":"#bulk"},"south":{"uv":[10.5,0,11,1.5],"texture":"#bulk"},"west":{"uv":[10.5,0,11,1.5],"texture":"#bulk"},"east":{"uv":[10.5,0,11,1.5],"texture":"#bulk"}}},{"from":[3.5,4,7.5],"to":[4,5.5,13.5],"faces":{"down":{"uv":[12.5,1,13,1.5],"texture":"#bulk"},"up":{"uv":[12.5,0,13,0.5],"texture":"#bulk"},"north":{"uv":[13,0,13.5,1.5],"texture":"#bulk"},"south":{"uv":[13,0,13.5,1.5],"texture":"#bulk"},"west":{"uv":[12.5,0,13,1.5],"texture":"#bulk"},"east":{"uv":[12.5,0,13,1.5],"texture":"#bulk"}}},{"from":[12,4,7.5],"to":[12.5,5.5,13.5],"faces":{"down":{"uv":[12.5,1,13,1.5],"texture":"#bulk"},"up":{"uv":[12.5,0,13,0.5],"texture":"#bulk"},"north":{"uv":[13,0,13.5,1.5],"texture":"#bulk"},"south":{"uv":[13,0,13.5,1.5],"texture":"#bulk"},"west":{"uv":[12.5,0,13,1.5],"texture":"#bulk"},"east":{"uv":[12.5,0,13,1.5],"texture":"#bulk"}}},{"from":[12,8,7.5],"to":[12.5,9.5,13.5],"faces":{"down":{"uv":[12.5,1,13,1.5],"texture":"#bulk"},"up":{"uv":[12.5,0,13,0.5],"texture":"#bulk"},"north":{"uv":[13,0,13.5,1.5],"texture":"#bulk"},"south":{"uv":[13,0,13.5,1.5],"texture":"#bulk"},"west":{"uv":[12.5,0,13,1.5],"texture":"#bulk"},"east":{"uv":[12.5,0,13,1.5],"texture":"#bulk"}}},{"from":[3.5,8,7.5],"to":[4,9.5,13.5],"faces":{"down":{"uv":[12.5,1,13,1.5],"texture":"#bulk"},"up":{"uv":[12.5,0,13,0.5],"texture":"#bulk"},"north":{"uv":[13,0,13.5,1.5],"texture":"#bulk"},"south":{"uv":[13,0,13.5,1.5],"texture":"#bulk"},"west":{"uv":[12.5,0,13,1.5],"texture":"#bulk"},"east":{"uv":[12.5,0,13,1.5],"texture":"#bulk"}}},{"from":[4,4,7],"to":[12,5.5,7.5],"faces":{"down":{"uv":[10.5,1,11,1.5],"texture":"#bulk"},"up":{"uv":[10.5,0,11,0.5],"texture":"#bulk"},"north":{"uv":[10.5,0,11,1.5],"texture":"#bulk"},"south":{"uv":[10.5,0,11,1.5],"texture":"#bulk"},"west":{"uv":[10.5,0,11,1.5],"texture":"#bulk"},"east":{"uv":[10.5,0,11,1.5],"texture":"#bulk"}}},{"from":[7,8,6.5],"to":[9,9.5,7],"faces":{"down":{"uv":[10,0.5,10.5,0],"texture":"#bulk"},"up":{"uv":[10,0,10.5,0.5],"texture":"#bulk"},"north":{"uv":[10,0,10.5,0.5],"texture":"#bulk"},"south":{"uv":[10,0.5,10.5,0],"texture":"#bulk"},"west":{"uv":[10,0,10.5,0.5],"texture":"#bulk"},"east":{"uv":[10.5,0,10,0.5],"texture":"#bulk"}}},{"from":[7,9.5,7],"to":[9,10,7.5],"faces":{"down":{"uv":[10,0.5,10.5,0],"texture":"#bulk"},"up":{"uv":[10,0,10.5,0.5],"texture":"#bulk"},"north":{"uv":[10,0,10.5,0.5],"texture":"#bulk"},"south":{"uv":[10,0.5,10.5,0],"texture":"#bulk"},"west":{"uv":[10,0,10.5,0.5],"texture":"#bulk"},"east":{"uv":[10.5,0,10,0.5],"texture":"#bulk"}}},{"from":[7,7.5,7],"to":[9,8,7.5],"faces":{"down":{"uv":[10,0.5,10.5,0],"texture":"#bulk"},"up":{"uv":[10,0,10.5,0.5],"texture":"#bulk"},"north":{"uv":[10,0,10.5,0.5],"texture":"#bulk"},"south":{"uv":[10,0.5,10.5,0],"texture":"#bulk"},"west":{"uv":[10,0,10.5,0.5],"texture":"#bulk"},"east":{"uv":[10.5,0,10,0.5],"texture":"#bulk"}}},{"from":[7,4,6.5],"to":[9,5.5,7],"faces":{"down":{"uv":[10,0.5,10.5,0],"texture":"#bulk"},"up":{"uv":[10,0,10.5,0.5],"texture":"#bulk"},"north":{"uv":[10,0,10.5,0.5],"texture":"#bulk"},"south":{"uv":[10,0.5,10.5,0],"texture":"#bulk"},"west":{"uv":[10,0,10.5,0.5],"texture":"#bulk"},"east":{"uv":[10.5,0,10,0.5],"texture":"#bulk"}}},{"from":[7,5.5,7],"to":[9,6,7.5],"faces":{"down":{"uv":[10,0.5,10.5,0],"texture":"#bulk"},"up":{"uv":[10,0,10.5,0.5],"texture":"#bulk"},"north":{"uv":[10,0,10.5,0.5],"texture":"#bulk"},"south":{"uv":[10,0.5,10.5,0],"texture":"#bulk"},"west":{"uv":[10,0,10.5,0.5],"texture":"#bulk"},"east":{"uv":[10.5,0,10,0.5],"texture":"#bulk"}}},{"from":[7,3.5,7],"to":[9,4,7.5],"faces":{"down":{"uv":[10,0.5,10.5,0],"texture":"#bulk"},"up":{"uv":[10,0,10.5,0.5],"texture":"#bulk"},"north":{"uv":[10,0,10.5,0.5],"texture":"#bulk"},"south":{"uv":[10,0.5,10.5,0],"texture":"#bulk"},"west":{"uv":[10,0,10.5,0.5],"texture":"#bulk"},"east":{"uv":[10.5,0,10,0.5],"texture":"#bulk"}}}],"display":{"head":{"rotation":[0,180,0],"translation":[0,1.6,3.1],"scale":[1.81,1.81,1.81]},"fixed":{"rotation":[0,180,0],"translation":[0,1.3,7.6],"scale":[2,2,2]},"gui":{"rotation":[-30,135,0],"translation":[0.1,1.4,0],"scale":[1.4,1.4,1.4]}}}