{
	"credit": "Made with Blockbench",
	"textures": {
		"texture": "blocks/flakes",
		"particle": "blocks/flakes"
	},
	"elements": [
		{
			"from": [6, 4, 11],
			"to": [11, 6, 13],
			"rotation": {"angle": 22.5, "axis": "z", "origin": [8, 8, 8]},
			"faces": {
				"north": {"uv": [0, 0, 5, 2], "texture": "#texture"},
				"east": {"uv": [0, 0, 5, 2], "texture": "#texture"},
				"south": {"uv": [0, 0, 5, 2], "texture": "#texture"},
				"west": {"uv": [0, 0, 5, 2], "texture": "#texture"},
				"up": {"uv": [0, 0, 5, 2], "texture": "#texture"},
				"down": {"uv": [0, 0, 5, 2], "texture": "#texture"}
			}
		},
		{
			"from": [3, 7, 4],
			"to": [8, 9, 6],
			"rotation": {"angle": -22.5, "axis": "z", "origin": [8, 8, 8]},
			"faces": {
				"north": {"uv": [0, 0, 5, 2], "texture": "#texture"},
				"east": {"uv": [0, 0, 5, 2], "texture": "#texture"},
				"south": {"uv": [0, 0, 5, 2], "texture": "#texture"},
				"west": {"uv": [0, 0, 5, 2], "texture": "#texture"},
				"up": {"uv": [0, 0, 5, 2], "texture": "#texture"},
				"down": {"uv": [0, 0, 5, 2], "texture": "#texture"}
			}
		},
		{
			"from": [6, 11, 10],
			"to": [11, 13, 12],
			"rotation": {"angle": -22.5, "axis": "z", "origin": [8, 8, 8]},
			"faces": {
				"north": {"uv": [6, 6, 11, 8], "texture": "#texture"},
				"east": {"uv": [6, 6, 11, 8], "texture": "#texture"},
				"south": {"uv": [6, 6, 11, 8], "texture": "#texture"},
				"west": {"uv": [6, 6, 11, 8], "texture": "#texture"},
				"up": {"uv": [6, 6, 11, 8], "texture": "#texture"},
				"down": {"uv": [6, 6, 11, 8], "texture": "#texture"}
			}
		},
		{
			"from": [8, 7, 9],
			"to": [13, 9, 11],
			"rotation": {"angle": 45, "axis": "y", "origin": [8, 8, 8]},
			"faces": {
				"north": {"uv": [0, 6, 5, 8], "texture": "#texture"},
				"east": {"uv": [0, 6, 5, 8], "texture": "#texture"},
				"south": {"uv": [0, 6, 5, 8], "texture": "#texture"},
				"west": {"uv": [0, 6, 5, 8], "texture": "#texture"},
				"up": {"uv": [0, 6, 5, 8], "texture": "#texture"},
				"down": {"uv": [0, 6, 5, 8], "texture": "#texture"}
			}
		},
		{
			"from": [3, 2, 6],
			"to": [5, 4, 11],
			"rotation": {"angle": -22.5, "axis": "y", "origin": [8, 8, 8]},
			"faces": {
				"north": {"uv": [0, 3, 5, 5], "texture": "#texture"},
				"east": {"uv": [0, 3, 5, 5], "texture": "#texture"},
				"south": {"uv": [0, 3, 5, 5], "texture": "#texture"},
				"west": {"uv": [0, 3, 5, 5], "texture": "#texture"},
				"up": {"uv": [0, 3, 5, 5], "rotation": 90, "texture": "#texture"},
				"down": {"uv": [0, 3, 5, 5], "rotation": 90, "texture": "#texture"}
			}
		},
		{
			"from": [5, 12, 7],
			"to": [7, 14, 12],
			"rotation": {"angle": -45, "axis": "y", "origin": [8, 8, 8]},
			"faces": {
				"north": {"uv": [6, 0, 11, 2], "texture": "#texture"},
				"east": {"uv": [6, 0, 11, 2], "texture": "#texture"},
				"south": {"uv": [6, 0, 11, 2], "texture": "#texture"},
				"west": {"uv": [6, 0, 11, 2], "texture": "#texture"},
				"up": {"uv": [6, 0, 11, 2], "rotation": 90, "texture": "#texture"},
				"down": {"uv": [6, 0, 11, 2], "rotation": 90, "texture": "#texture"}
			}
		},
		{
			"from": [13, 5, 8],
			"to": [15, 10, 10],
			"rotation": {"angle": -22.5, "axis": "x", "origin": [8, 8, 8]},
			"faces": {
				"north": {"uv": [6, 0, 11, 2], "rotation": 90, "texture": "#texture"},
				"east": {"uv": [6, 0, 11, 2], "rotation": 90, "texture": "#texture"},
				"south": {"uv": [6, 0, 11, 2], "rotation": 90, "texture": "#texture"},
				"west": {"uv": [6, 0, 11, 2], "rotation": 90, "texture": "#texture"},
				"up": {"uv": [6, 0, 11, 2], "rotation": 90, "texture": "#texture"},
				"down": {"uv": [6, 0, 11, 2], "rotation": 90, "texture": "#texture"}
			}
		},
		{
			"from": [1, 6, 8],
			"to": [3, 11, 10],
			"rotation": {"angle": 22.5, "axis": "x", "origin": [8, 8, 8]},
			"faces": {
				"north": {"uv": [0, 6, 5, 8], "rotation": 270, "texture": "#texture"},
				"east": {"uv": [0, 6, 5, 8], "rotation": 270, "texture": "#texture"},
				"south": {"uv": [0, 6, 5, 8], "rotation": 270, "texture": "#texture"},
				"west": {"uv": [0, 6, 5, 8], "rotation": 270, "texture": "#texture"},
				"up": {"uv": [0, 6, 5, 8], "rotation": 270, "texture": "#texture"},
				"down": {"uv": [0, 6, 5, 8], "rotation": 270, "texture": "#texture"}
			}
		},
		{
			"from": [8, 4, 3],
			"to": [10, 6, 8],
			"faces": {
				"north": {"uv": [6, 6, 11, 8], "texture": "#texture"},
				"east": {"uv": [6, 6, 11, 8], "texture": "#texture"},
				"south": {"uv": [6, 6, 11, 8], "texture": "#texture"},
				"west": {"uv": [6, 6, 11, 8], "texture": "#texture"},
				"up": {"uv": [6, 6, 11, 8], "rotation": 90, "texture": "#texture"},
				"down": {"uv": [6, 6, 11, 8], "rotation": 90, "texture": "#texture"}
			}
		},
		{
			"from": [5, 6, 7],
			"to": [7, 8, 12],
			"rotation": {"angle": -22.5, "axis": "x", "origin": [8, 8, 8]},
			"faces": {
				"north": {"uv": [6, 3, 11, 5], "rotation": 90, "texture": "#texture"},
				"east": {"uv": [6, 3, 11, 5], "texture": "#texture"},
				"south": {"uv": [6, 3, 11, 5], "rotation": 90, "texture": "#texture"},
				"west": {"uv": [6, 3, 11, 5], "texture": "#texture"},
				"up": {"uv": [6, 3, 11, 5], "rotation": 90, "texture": "#texture"},
				"down": {"uv": [6, 3, 11, 5], "rotation": 90, "texture": "#texture"}
			}
		},
		{
			"from": [9, 12, 7],
			"to": [11, 14, 12],
			"rotation": {"angle": -45, "axis": "x", "origin": [8, 8, 8]},
			"faces": {
				"north": {"uv": [0, 3, 5, 5], "rotation": 90, "texture": "#texture"},
				"east": {"uv": [0, 3, 5, 5], "texture": "#texture"},
				"south": {"uv": [0, 3, 5, 5], "rotation": 90, "texture": "#texture"},
				"west": {"uv": [0, 3, 5, 5], "texture": "#texture"},
				"up": {"uv": [0, 3, 5, 5], "rotation": 90, "texture": "#texture"},
				"down": {"uv": [0, 3, 5, 5], "rotation": 90, "texture": "#texture"}
			}
		},
		{
			"from": [11, 2, 7],
			"to": [13, 4, 12],
			"rotation": {"angle": 22.5, "axis": "x", "origin": [8, 8, 8]},
			"faces": {
				"north": {"uv": [6, 3, 11, 5], "texture": "#texture"},
				"east": {"uv": [6, 3, 11, 5], "texture": "#texture"},
				"south": {"uv": [6, 3, 11, 5], "texture": "#texture"},
				"west": {"uv": [6, 3, 11, 5], "texture": "#texture"},
				"up": {"uv": [6, 3, 11, 5], "rotation": 90, "texture": "#texture"},
				"down": {"uv": [6, 3, 11, 5], "rotation": 90, "texture": "#texture"}
			}
		}
	],
	"display": {
		"gui": {
			"rotation": [30, -45, 0],
			"translation": [0.4, -0.7, 0],
			"scale": [1.5, 1.5, 1.5]
		},
		"head": {
			"scale": [2, 2, 2]
		}
	}
}