{
	"__comment": "Designed by Hypixel with BDcraft Cubik PRO 0.96 Beta - http://bdcraft.net",
	"ambientocclusion": false,
	"textures": {
		"texture": "items/sith_front",
		"sanictexture2": "items/sith_side"
	},
	"elements": [ 	 
		{
			"__comment": "Element",
			"from": [ 5.5, 0, 10.5 ],
			"to": [ 10.5, 0.5, 15.5 ],
			"faces": {
				"down": { "uv": [ 5.5, 15.5, 10.5, 16 ], "texture": "#texture", "cullface": "down" },
				"north": { "uv": [ 5.5, 15.5, 10.5, 16 ], "texture": "#texture" },
				"south": { "uv": [ 5.5, 15.5, 10.5, 16 ], "texture": "#texture" },
				"west": { "uv": [ 5.5, 15.5, 10.5, 16 ], "texture": "#texture" },
				"east": { "uv": [ 5.5, 15.5, 10.5, 16 ], "texture": "#texture" }
			}
		},
		{
			"__comment": "Element",
			"from": [ 4.5, 0.5, 9.5 ],
			"to": [ 11.5, 1, 15.5 ],
			"faces": {
				"down": { "uv": [ 5, 15, 11, 15.5 ], "texture": "#texture" },
				"north": { "uv": [ 4.5, 15, 11.5, 15.5 ], "texture": "#texture" },
				"south": { "uv": [ 4.5, 15, 11.5, 15.5 ], "texture": "#texture" },
				"west": { "uv": [ 5.5, 15, 11.5, 15.5 ], "texture": "#texture" },
				"east": { "uv": [ 5.5, 15, 11.5, 15.5 ], "texture": "#texture" }
			}
		},
		{
			"__comment": "Element",
			"from": [ 4, 1, 9.5 ],
			"to": [ 12, 2, 16 ],
			"faces": {
				"down": { "uv": [ 6.5, 13, 9, 15.5 ], "texture": "#texture" },
				"north": { "uv": [ 4, 8, 7, 8.5 ], "texture": "#texture" },
				"south": { "uv": [ 4, 14, 12, 15 ], "texture": "#texture", "cullface": "south" },
				"west": { "uv": [ 4.5, 14, 11, 15 ], "texture": "#texture" },
				"east": { "uv": [ 4.5, 14, 11, 15 ], "texture": "#texture" }
			}
		},
		{
			"__comment": "Element",
			"from": [ 4, 1.5, 9 ],
			"to": [ 5, 2, 9.5 ],
			"faces": {
				"down": { "uv": [ 9.5, 14, 10.5, 14.5 ], "texture": "#texture" },
				"north": { "uv": [ 11, 14, 12, 14.5 ], "texture": "#texture" },
				"west": { "uv": [ 9, 14, 9.5, 14.5 ], "texture": "#texture" },
				"east": { "uv": [ 6.5, 14, 7, 14.5 ], "texture": "#texture" }
			}
		},
		{
			"__comment": "Element",
			"from": [ 3.5, 2, 8.5 ],
			"to": [ 5, 2.5, 15.5 ],
			"faces": {
				"down": { "uv": [ 11, 13.5, 12.5, 14 ], "texture": "#texture" },
				"up": { "uv": [ 3.5, 13.5, 5, 14 ], "texture": "#texture" },
				"north": { "uv": [ 11, 13.5, 12.5, 14 ], "texture": "#texture" },
				"south": { "uv": [ 3.5, 13.5, 5, 14 ], "texture": "#texture" },
				"west": { "uv": [ 3.5, 13.5, 4.5, 14 ], "texture": "#texture" },
				"east": { "uv": [ 6, 13.5, 7, 14 ], "texture": "#texture" }
			}
		},
		{
			"__comment": "Element",
			"from": [ 11, 2, 8.5 ],
			"to": [ 12.5, 2.5, 15.5 ],
			"faces": {
				"down": { "uv": [ 3.5, 13.5, 5, 14 ], "texture": "#texture" },
				"up": { "uv": [ 11, 13.5, 12.5, 14 ], "texture": "#texture" },
				"north": { "uv": [ 3.5, 13.5, 5, 14 ], "texture": "#texture" },
				"south": { "uv": [ 11, 13.5, 12.5, 14 ], "texture": "#texture" },
				"west": { "uv": [ 8.5, 13.5, 9, 14 ], "texture": "#texture" },
				"east": { "uv": [ 11, 13.5, 11.5, 14 ], "texture": "#texture" }
			}
		},
		{
			"__comment": "Element",
			"from": [ 11, 1.5, 9 ],
			"to": [ 12, 2, 9.5 ],
			"faces": {
				"down": { "uv": [ 8.5, 13.5, 9.5, 14 ], "texture": "#texture" },
				"north": { "uv": [ 4, 14, 5, 14.5 ], "texture": "#texture" },
				"west": { "uv": [ 9, 14, 9.5, 14.5 ], "texture": "#texture" },
				"east": { "uv": [ 6.5, 14, 7, 14.5 ], "texture": "#texture" }
			}
		},
		{
			"__comment": "Element",
			"from": [ 5, 0.5, 15.5 ],
			"to": [ 11, 1, 16 ],
			"faces": {
				"down": { "uv": [ 11, 15.5, 5, 15 ], "texture": "#texture" },
				"south": { "uv": [ 5, 15, 11, 15.5 ], "texture": "#texture", "cullface": "south" },
				"west": { "uv": [ 9.5, 14.5, 10, 15 ], "texture": "#texture" },
				"east": { "uv": [ 9.5, 14.5, 10, 15 ], "texture": "#texture" }
			}
		},
		{
			"__comment": "Element",
			"from": [ 3.5, 2.5, 7.5 ],
			"to": [ 4.5, 3, 9.5 ],
			"faces": {
				"down": { "uv": [ 10, 13, 11, 13.5 ], "texture": "#texture" },
				"up": { "uv": [ 11.5, 13, 12.5, 13.5 ], "texture": "#texture" },
				"north": { "uv": [ 11.5, 13, 12.5, 13.5 ], "texture": "#texture" },
				"south": { "uv": [ 3.5, 13, 4.5, 13.5 ], "texture": "#texture" },
				"west": { "uv": [ 11, 13, 11.5, 13.5 ], "texture": "#texture" },
				"east": { "uv": [ 12, 13, 12.5, 13.5 ], "texture": "#texture" }
			}
		},
		{
			"__comment": "Element",
			"from": [ 4, 3, 7 ],
			"to": [ 4.5, 3.5, 9 ],
			"faces": {
				"down": { "uv": [ 11.5, 12.5, 12, 13 ], "texture": "#texture" },
				"up": { "uv": [ 11.5, 12.5, 12, 13 ], "texture": "#texture" },
				"north": { "uv": [ 11.5, 12.5, 12, 13 ], "texture": "#texture" },
				"south": { "uv": [ 4, 12.5, 4.5, 13 ], "texture": "#texture" },
				"west": { "uv": [ 10.5, 13, 11.5, 13.5 ], "texture": "#texture" },
				"east": { "uv": [ 10.5, 13, 11.5, 13.5 ], "texture": "#texture" }
			}
		},
		{
			"__comment": "Element",
			"from": [ 11.5, 2.5, 7.5 ],
			"to": [ 12.5, 3, 9.5 ],
			"faces": {
				"down": { "uv": [ 3.5, 13, 4.5, 13.5 ], "texture": "#texture" },
				"up": { "uv": [ 3.5, 13, 4.5, 13.5 ], "texture": "#texture" },
				"north": { "uv": [ 3.5, 13, 4.5, 13.5 ], "texture": "#texture" },
				"south": { "uv": [ 11.5, 13, 12.5, 13.5 ], "texture": "#texture" },
				"west": { "uv": [ 3.5, 13.5, 4.5, 14 ], "texture": "#texture" },
				"east": { "uv": [ 3.5, 13.5, 4.5, 14 ], "texture": "#texture" }
			}
		},
		{
			"__comment": "Element",
			"from": [ 11.5, 3, 7 ],
			"to": [ 12, 3.5, 9 ],
			"faces": {
				"down": { "uv": [ 4, 13, 4.5, 13.5 ], "texture": "#texture" },
				"up": { "uv": [ 4, 13, 4.5, 13.5 ], "texture": "#texture" },
				"north": { "uv": [ 4, 12.5, 4.5, 13 ], "texture": "#texture" },
				"south": { "uv": [ 11.5, 12.5, 12, 13 ], "texture": "#texture" },
				"west": { "uv": [ 3.5, 13.5, 4.5, 14 ], "texture": "#texture" },
				"east": { "uv": [ 3.5, 13.5, 4.5, 14 ], "texture": "#texture" }
			}
		},
		{
			"__comment": "Element",
			"from": [ 4, 2, 9.5 ],
			"to": [ 12, 3.5, 16 ],
			"faces": {
				"up": { "uv": [ 4, 13, 12, 13.5 ], "texture": "#texture" },
				"north": { "uv": [ 4, 7, 8.5, 8.5 ], "texture": "#texture" },
				"south": { "uv": [ 4, 13, 12, 14.5 ], "texture": "#texture", "cullface": "south" },
				"west": { "uv": [ 5, 13, 6, 14 ], "texture": "#texture" },
				"east": { "uv": [ 5, 13, 6, 14 ], "texture": "#texture" }
			}
		},
		{
			"__comment": "Element",
			"from": [ 3.5, 2.5, 10 ],
			"to": [ 12.5, 6, 15.5 ],
			"faces": {
				"down": { "uv": [ 3.5, 13, 12.5, 13.5 ], "texture": "#texture" },
				"north": { "uv": [ 3.5, 10, 12.5, 13.5 ], "texture": "#texture" },
				"south": { "uv": [ 3.5, 10, 12.5, 13.5 ], "texture": "#texture" },
				"west": { "uv": [ 6, 10, 11.5, 13.5 ], "texture": "#sanictexture2" },
				"east": { "uv": [ 11.5, 10, 6, 13.5 ], "texture": "#sanictexture2" }
			}
		},
		{
			"__comment": "Element",
			"from": [ 4, 3.5, 9.5 ],
			"to": [ 12, 9, 10 ],
			"faces": {
				"up": { "uv": [ 4.5, 13, 11.5, 13.5 ], "texture": "#texture" },
				"north": { "uv": [ 5, 6.5, 6.5, 8 ], "texture": "#texture" },
				"south": { "uv": [ 4.5, 13, 11.5, 15.5 ], "texture": "#texture" },
				"west": { "uv": [ 4.5, 13, 5, 15.5 ], "texture": "#texture" },
				"east": { "uv": [ 11, 13, 11.5, 15.5 ], "texture": "#texture" }
			}
		},
		{
			"__comment": "Element",
			"from": [ 5.5, 3.5, 15 ],
			"to": [ 10, 5, 17.5 ],
			"faces": {
				"down": { "uv": [ 5.5, 11.5, 10, 12 ], "texture": "#texture", "cullface": "south" },
				"up": { "uv": [ 5.5, 11, 10, 11.5 ], "texture": "#texture", "cullface": "south" },
				"north": { "uv": [ 5.5, 11, 10, 12.5 ], "texture": "#texture", "cullface": "south" },
				"south": { "uv": [ 5.5, 11, 10, 12.5 ], "texture": "#texture", "cullface": "south" },
				"west": { "uv": [ 11.5, 11, 12, 12.5 ], "texture": "#sanictexture2", "cullface": "south" },
				"east": { "uv": [ 13.5, 11, 14, 12.5 ], "texture": "#sanictexture2", "cullface": "south" }
			}
		},
		{
			"__comment": "Element",
			"from": [ 6, 3, 15.5 ],
			"to": [ 9.5, 5.5, 17 ],
			"faces": {
				"down": { "uv": [ 6, 12.5, 9.5, 13 ], "texture": "#texture", "cullface": "south" },
				"up": { "uv": [ 6, 10.5, 9.5, 11 ], "texture": "#texture", "cullface": "south" },
				"south": { "uv": [ 6, 10.5, 9.5, 13 ], "texture": "#texture", "cullface": "south" },
				"west": { "uv": [ 6, 10.5, 6.5, 13 ], "texture": "#texture", "cullface": "south" },
				"east": { "uv": [ 9, 10.5, 9.5, 13 ], "texture": "#texture", "cullface": "south" }
			}
		},
		{
			"__comment": "Element",
			"from": [ 7, 5, 16.5 ],
			"to": [ 8, 6.5, 17.5 ],
			"faces": {
				"up": { "uv": [ 7, 9.5, 8, 10 ], "texture": "#texture", "cullface": "south" },
				"south": { "uv": [ 7, 9.5, 8, 11 ], "texture": "#texture", "cullface": "south" },
				"west": { "uv": [ 7, 9.5, 7.5, 11 ], "texture": "#texture", "cullface": "south" },
				"east": { "uv": [ 7.5, 9.5, 8, 11 ], "texture": "#texture", "cullface": "south" }
			}
		},
		{
			"__comment": "Element",
			"from": [ 6.5, 5, 16 ],
			"to": [ 9.5, 8.5, 16.5 ],
			"faces": {
				"up": { "uv": [ 6.5, 7.5, 9.5, 8 ], "texture": "#texture", "cullface": "south" },
				"south": { "uv": [ 6.5, 7.5, 9.5, 11 ], "texture": "#texture", "cullface": "south" },
				"west": { "uv": [ 6.5, 7.5, 7, 11 ], "texture": "#texture", "cullface": "south" },
				"east": { "uv": [ 8.5, 7.5, 9, 11 ], "texture": "#texture", "cullface": "south" }
			}
		},
		{
			"__comment": "Element",
			"from": [ 5, 5, 15.5 ],
			"to": [ 11, 8.5, 16 ],
			"faces": {
				"down": { "uv": [ 5, 10.5, 11, 11 ], "texture": "#texture" },
				"up": { "uv": [ 5, 7.5, 11, 8 ], "texture": "#texture" },
				"north": { "uv": [ 5, 7.5, 11, 11 ], "texture": "#texture" },
				"south": { "uv": [ 5, 7.5, 11, 11 ], "texture": "#texture", "cullface": "south" },
				"west": { "uv": [ 5, 7.5, 5.5, 11 ], "texture": "#texture" },
				"east": { "uv": [ 10.5, 7.5, 11, 11 ], "texture": "#texture" }
			}
		},
		{
			"__comment": "Element",
			"from": [ 6.5, 8.5, 15.5 ],
			"to": [ 9.5, 9.5, 16 ],
			"faces": {
				"up": { "uv": [ 6.5, 6.5, 9.5, 7 ], "texture": "#texture" },
				"north": { "uv": [ 6.5, 6.5, 9.5, 7.5 ], "texture": "#texture" },
				"south": { "uv": [ 6.5, 6.5, 9.5, 7.5 ], "texture": "#texture", "cullface": "south" },
				"west": { "uv": [ 6.5, 6.5, 7, 7.5 ], "texture": "#texture" },
				"east": { "uv": [ 9, 6.5, 9.5, 7.5 ], "texture": "#texture" }
			}
		},
		{
			"__comment": "Element",
			"from": [ 6, 10, 14 ],
			"to": [ 9.5, 10.5, 15.5 ],
			"faces": {
				"down": { "uv": [ 6, 6, 9.5, 6.5 ], "texture": "#texture" },
				"up": { "uv": [ 6, 6, 9.5, 6.5 ], "texture": "#texture" },
				"north": { "uv": [ 6, 6, 9.5, 6.5 ], "texture": "#texture" },
				"south": { "uv": [ 6, 6, 9.5, 6.5 ], "texture": "#texture" },
				"west": { "uv": [ 6.5, 6, 7.5, 6.5 ], "texture": "#texture" },
				"east": { "uv": [ 8.5, 6, 9.5, 6.5 ], "texture": "#texture" }
			}
		},
		{
			"__comment": "Element",
			"from": [ 7, 10, 14.5 ],
			"to": [ 9.5, 11, 15 ],
			"faces": {
				"up": { "uv": [ 7, 5.5, 9.5, 6 ], "texture": "#texture" },
				"north": { "uv": [ 7, 5.5, 9.5, 6.5 ], "texture": "#texture" },
				"south": { "uv": [ 7, 5.5, 9.5, 6.5 ], "texture": "#texture" },
				"west": { "uv": [ 7, 5.5, 7.5, 6.5 ], "texture": "#texture" },
				"east": { "uv": [ 9, 5.5, 9.5, 6.5 ], "texture": "#texture" }
			}
		},
		{
			"__comment": "Element",
			"from": [ 7, 10, 11.5 ],
			"to": [ 9, 12, 14.5 ],
			"faces": {
				"up": { "uv": [ 7, 4.5, 9, 5 ], "texture": "#texture" },
				"north": { "uv": [ 7, 4.5, 9, 6.5 ], "texture": "#texture" },
				"south": { "uv": [ 7, 4.5, 9, 6.5 ], "texture": "#texture" },
				"west": { "uv": [ 7.5, 4, 10.5, 6 ], "texture": "#sanictexture2" },
				"east": { "uv": [ 10.5, 4, 7.5, 6 ], "texture": "#sanictexture2" }
			}
		},
		{
			"__comment": "Element",
			"from": [ 7.5, 11.5, 11 ],
			"to": [ 9, 12.5, 13.5 ],
			"faces": {
				"down": { "uv": [ 7.5, 4, 9, 4.5 ], "texture": "#texture" },
				"up": { "uv": [ 7.5, 3.5, 9, 4 ], "texture": "#texture" },
				"north": { "uv": [ 7.5, 3.5, 9, 4.5 ], "texture": "#texture" },
				"south": { "uv": [ 7.5, 3.5, 9, 4.5 ], "texture": "#texture" },
				"west": { "uv": [ 7, 3.5, 9.5, 4.5 ], "texture": "#sanictexture2" },
				"east": { "uv": [ 9.5, 3.5, 7, 4.5 ], "texture": "#sanictexture2" }
			}
		},
		{
			"__comment": "Element",
			"from": [ 8, 12, 10 ],
			"to": [ 9, 13, 12 ],
			"faces": {
				"down": { "uv": [ 8, 3.5, 9, 4 ], "texture": "#texture" },
				"up": { "uv": [ 8, 3, 9, 3.5 ], "texture": "#texture" },
				"north": { "uv": [ 8, 3, 9, 4 ], "texture": "#texture" },
				"south": { "uv": [ 8, 3, 9, 4 ], "texture": "#texture" },
				"west": { "uv": [ 6, 3, 8, 4 ], "texture": "#sanictexture2" },
				"east": { "uv": [ 8, 3, 6, 4 ], "texture": "#sanictexture2" }
			}
		},
		{
			"__comment": "Element",
			"from": [ 7.5, 12, 9.5 ],
			"to": [ 8.5, 12.5, 10.5 ],
			"faces": {
				"down": { "uv": [ 7.5, 3.5, 8.5, 4 ], "texture": "#texture" },
				"up": { "uv": [ 7.5, 3.5, 8.5, 4 ], "texture": "#texture" },
				"north": { "uv": [ 8.5, 3.5, 7.5, 4 ], "texture": "#texture" },
				"south": { "uv": [ 7.5, 3.5, 8.5, 4 ], "texture": "#texture" },
				"west": { "uv": [ 5.5, 3.5, 6.5, 4 ], "texture": "#sanictexture2" },
				"east": { "uv": [ 6.5, 3.5, 5.5, 4 ], "texture": "#sanictexture2" }
			}
		},
		{
			"__comment": "Element",
			"from": [ 3.5, 4, 9 ],
			"to": [ 5, 7.5, 10 ],
			"faces": {
				"down": { "uv": [ 7, 8, 8.5, 9 ], "texture": "#texture" },
				"up": { "uv": [ 7, 5.5, 8.5, 6.5 ], "texture": "#texture" },
				"north": { "uv": [ 8.5, 5.5, 7, 9 ], "texture": "#texture" },
				"south": { "uv": [ 7, 5.5, 8.5, 9 ], "texture": "#texture" },
				"west": { "uv": [ 4.5, 8, 5.5, 11.5 ], "texture": "#sanictexture2" },
				"east": { "uv": [ 5.5, 8, 4.5, 11.5 ], "texture": "#sanictexture2" }
			}
		},
		{
			"__comment": "Element",
			"from": [ 3.5, 5, 8.5 ],
			"to": [ 5, 7.5, 9 ],
			"faces": {
				"down": { "uv": [ 7, 9, 8.5, 9.5 ], "texture": "#texture" },
				"up": { "uv": [ 7, 7, 8.5, 7.5 ], "texture": "#texture" },
				"north": { "uv": [ 7, 8.5, 8, 9.5 ], "texture": "#texture" },
				"west": { "uv": [ 4, 8, 4.5, 10.5 ], "texture": "#sanictexture2" },
				"east": { "uv": [ 4.5, 8, 4, 10.5 ], "texture": "#sanictexture2" }
			}
		},
		{
			"__comment": "Element",
			"from": [ 4, 5.5, 7.5 ],
			"to": [ 5, 7.5, 8.5 ],
			"faces": {
				"down": { "uv": [ 7, 8.5, 8, 9.5 ], "texture": "#texture" },
				"up": { "uv": [ 7, 7.5, 8, 8.5 ], "texture": "#texture" },
				"north": { "uv": [ 7.5, 7.5, 6.5, 9.5 ], "texture": "#texture" },
				"west": { "uv": [ 3, 8, 4, 10 ], "texture": "#sanictexture2" },
				"east": { "uv": [ 4, 8, 3, 10 ], "texture": "#sanictexture2" }
			}
		},
		{
			"__comment": "Element",
			"from": [ 4.5, 6, 6 ],
			"to": [ 5, 7, 7.5 ],
			"faces": {
				"down": { "uv": [ 8.5, 6.5, 9, 8 ], "texture": "#texture" },
				"up": { "uv": [ 8.5, 6.5, 9, 8 ], "texture": "#texture" },
				"north": { "uv": [ 11.5, 9, 12, 10 ], "texture": "#texture" },
				"west": { "uv": [ 1.5, 8.5, 3, 9.5 ], "texture": "#sanictexture2" },
				"east": { "uv": [ 3, 8.5, 1.5, 9.5 ], "texture": "#sanictexture2" }
			}
		},
		{
			"__comment": "Element",
			"from": [ 11, 4, 9 ],
			"to": [ 12.5, 7.5, 10 ],
			"faces": {
				"down": { "uv": [ 7, 8.5, 8.5, 9.5 ], "texture": "#texture" },
				"up": { "uv": [ 7, 6, 8.5, 7 ], "texture": "#texture" },
				"north": { "uv": [ 8.5, 6, 7, 9.5 ], "texture": "#texture" },
				"south": { "uv": [ 7, 6, 8.5, 9.5 ], "texture": "#texture" },
				"west": { "uv": [ 4.5, 8, 5.5, 11.5 ], "texture": "#sanictexture2" },
				"east": { "uv": [ 5.5, 8, 4.5, 11.5 ], "texture": "#sanictexture2" }
			}
		},
		{
			"__comment": "Element",
			"from": [ 11, 5, 8.5 ],
			"to": [ 12.5, 7.5, 9 ],
			"faces": {
				"down": { "uv": [ 7, 9, 8.5, 9.5 ], "texture": "#texture" },
				"up": { "uv": [ 7, 7, 8.5, 7.5 ], "texture": "#texture" },
				"north": { "uv": [ 8.5, 7, 7, 9.5 ], "texture": "#texture" },
				"west": { "uv": [ 4, 8, 4.5, 10.5 ], "texture": "#sanictexture2" },
				"east": { "uv": [ 4, 8, 4.5, 10.5 ], "texture": "#sanictexture2" }
			}
		},
		{
			"__comment": "Element",
			"from": [ 11, 5.5, 7.5 ],
			"to": [ 12, 7.5, 8.5 ],
			"faces": {
				"down": { "uv": [ 7.5, 8.5, 8.5, 9 ], "texture": "#texture" },
				"up": { "uv": [ 7.5, 7.5, 8.5, 8 ], "texture": "#texture" },
				"north": { "uv": [ 8.5, 7.5, 7.5, 9.5 ], "texture": "#texture" },
				"west": { "uv": [ 3, 8, 4, 10 ], "texture": "#sanictexture2" },
				"east": { "uv": [ 4, 8, 3, 10 ], "texture": "#sanictexture2" }
			}
		},
		{
			"__comment": "Element",
			"from": [ 11, 6, 6 ],
			"to": [ 11.5, 7, 7.5 ],
			"faces": {
				"down": { "uv": [ 11.5, 6.5, 12, 8 ], "texture": "#texture" },
				"up": { "uv": [ 11.5, 6.5, 12, 8 ], "texture": "#texture" },
				"north": { "uv": [ 7, 8.5, 7.5, 9.5 ], "texture": "#texture" },
				"west": { "uv": [ 1.5, 8.5, 3, 9.5 ], "texture": "#sanictexture2" },
				"east": { "uv": [ 1.5, 8.5, 3, 9.5 ], "texture": "#sanictexture2" }
			}
		},
		{
			"__comment": "Element",
			"from": [ 3.5, 6, 10 ],
			"to": [ 12.5, 9, 15.5 ],
			"faces": {
				"up": { "uv": [ 3.5, 7.5, 12.5, 8 ], "texture": "#texture" },
				"north": { "uv": [ 3.5, 13, 12.5, 14 ], "texture": "#texture" },
				"south": { "uv": [ 3.5, 7.5, 12.5, 10.5 ], "texture": "#texture" },
				"west": { "uv": [ 5.5, 7, 11, 10 ], "texture": "#sanictexture2" },
				"east": { "uv": [ 11, 7, 5.5, 10 ], "texture": "#sanictexture2" }
			}
		},
		{
			"__comment": "Element",
			"from": [ 12.5, 6.5, 11 ],
			"to": [ 13, 8, 14.5 ],
			"faces": {
				"down": { "uv": [ 8.5, 13, 9, 15 ], "texture": "#texture" },
				"north": { "uv": [ 12.5, 8.5, 13, 10 ], "texture": "#texture" },
				"south": { "uv": [ 12.5, 8.5, 13, 10 ], "texture": "#texture" },
				"east": { "uv": [ 10.5, 8, 7, 9.5 ], "texture": "#sanictexture2" }
			}
		},
		{
			"__comment": "Element",
			"from": [ 3, 6, 11 ],
			"to": [ 3.5, 7, 14.5 ],
			"faces": {
				"down": { "uv": [ 3, 9.5, 3.5, 10.5 ], "texture": "#texture" },
				"north": { "uv": [ 3, 9.5, 3.5, 10.5 ], "texture": "#texture" },
				"south": { "uv": [ 3, 9.5, 3.5, 10.5 ], "texture": "#texture" },
				"west": { "uv": [ 6, 8.5, 9.5, 9.5 ], "texture": "#sanictexture2" }
			}
		},
		{
			"__comment": "Element",
			"from": [ 2.5, 7, 10.5 ],
			"to": [ 3.5, 8.5, 15 ],
			"faces": {
				"down": { "uv": [ 2.5, 9, 3.5, 9.5 ], "texture": "#texture" },
				"up": { "uv": [ 2.5, 8, 3.5, 8.5 ], "texture": "#texture" },
				"north": { "uv": [ 3.5, 8, 2.5, 9.5 ], "texture": "#texture" },
				"south": { "uv": [ 2.5, 8, 3.5, 9.5 ], "texture": "#texture" },
				"west": { "uv": [ 6.5, 7, 11, 8.5 ], "texture": "#sanictexture2" }
			}
		},
		{
			"__comment": "Element",
			"from": [ 12.5, 8, 10.5 ],
			"to": [ 13.5, 8.5, 15 ],
			"faces": {
				"down": { "uv": [ 12.5, 8, 13.5, 8.5 ], "texture": "#texture" },
				"up": { "uv": [ 12.5, 8, 13.5, 8.5 ], "texture": "#texture" },
				"north": { "uv": [ 12.5, 8, 13.5, 8.5 ], "texture": "#texture" },
				"south": { "uv": [ 12.5, 8, 13.5, 8.5 ], "texture": "#texture" },
				"east": { "uv": [ 12.5, 8, 13.5, 8.5 ], "texture": "#texture" }
			}
		},
		{
			"__comment": "Element",
			"from": [ 5.75, 9.125, 10.125 ],
			"to": [ 10, 10.125, 15.625 ],
			"faces": {
				"down": { "uv": [ 6, 7, 10, 7.5 ], "texture": "#texture" },
				"up": { "uv": [ 6, 6.5, 10, 7 ], "texture": "#texture" },
				"north": { "uv": [ 10, 6.5, 6, 7.5 ], "texture": "#texture" },
				"south": { "uv": [ 6, 6.5, 10, 7.5 ], "texture": "#texture" },
				"west": { "uv": [ 6, 6.5, 6.5, 7.5 ], "texture": "#texture" },
				"east": { "uv": [ 9.5, 6.5, 10, 7.5 ], "texture": "#texture" }
			}
		},
		{
			"__comment": "Element",
			"from": [ 4, 9, 10.5 ],
			"to": [ 12, 10, 15 ],
			"faces": {
				"up": { "uv": [ 4, 6.5, 12, 7.5 ], "texture": "#texture" },
				"north": { "uv": [ 12, 6.5, 4, 7.5 ], "texture": "#texture" },
				"south": { "uv": [ 4, 6.5, 12, 7.5 ], "texture": "#texture" },
				"west": { "uv": [ 6.5, 6, 11, 7 ], "texture": "#sanictexture2" },
				"east": { "uv": [ 11, 6, 6.5, 7 ], "texture": "#sanictexture2" }
			}
		},
		{
			"__comment": "Element",
			"from": [ 5, 9, 10 ],
			"to": [ 11, 9.5, 15.5 ],
			"faces": {
				"up": { "uv": [ 4, 6.5, 10, 8 ], "texture": "#texture" },
				"north": { "uv": [ 11, 7, 5, 7.5 ], "texture": "#texture" },
				"south": { "uv": [ 5, 7, 11, 7.5 ], "texture": "#texture" },
				"west": { "uv": [ 6.5, 7, 12, 7.5 ], "texture": "#sanictexture2" },
				"east": { "uv": [ 5, 12.5, 10, 13 ], "texture": "#sanictexture2" }
			}
		},
		{
			"__comment": "Element",
			"from": [ 3.5, 8, 9 ],
			"to": [ 4.5, 10, 10 ],
			"faces": {
				"down": { "uv": [ 10, 13.5, 11, 14 ], "texture": "#texture" },
				"up": { "uv": [ 10.5, 13, 11.5, 14 ], "texture": "#texture" },
				"north": { "uv": [ 10.5, 13, 11.5, 15 ], "texture": "#texture" },
				"south": { "uv": [ 10.5, 13, 11.5, 15 ], "texture": "#texture" },
				"west": { "uv": [ 5, 6, 6, 8 ], "texture": "#sanictexture2" },
				"east": { "uv": [ 6, 6, 5, 8 ], "texture": "#sanictexture2" }
			}
		},
		{
			"__comment": "Element",
			"from": [ 3.5, 8.5, 8.5 ],
			"to": [ 4.5, 10.5, 9 ],
			"faces": {
				"down": { "uv": [ 10.5, 14, 11.5, 14.5 ], "texture": "#texture" },
				"up": { "uv": [ 10.5, 13.5, 11.5, 14 ], "texture": "#texture" },
				"north": { "uv": [ 11, 12.5, 11.5, 14.5 ], "texture": "#texture" },
				"south": { "uv": [ 11, 12.5, 11.5, 14.5 ], "texture": "#texture" },
				"west": { "uv": [ 4.5, 5.5, 5, 7.5 ], "texture": "#sanictexture2" },
				"east": { "uv": [ 4.5, 5.5, 5, 7.5 ], "texture": "#sanictexture2" }
			}
		},
		{
			"__comment": "Element",
			"from": [ 3.5, 9, 8 ],
			"to": [ 4.5, 10.5, 8.5 ],
			"faces": {
				"down": { "uv": [ 11, 14, 12, 14.5 ], "texture": "#texture" },
				"up": { "uv": [ 11, 13.5, 12, 14 ], "texture": "#texture" },
				"west": { "uv": [ 4, 5.5, 4.5, 7 ], "texture": "#sanictexture2" },
				"east": { "uv": [ 4, 5.5, 4.5, 7 ], "texture": "#sanictexture2" }
			}
		},
		{
			"__comment": "Element",
			"from": [ 3.5, 9, 6.5 ],
			"to": [ 4.5, 10.5, 8 ],
			"faces": {
				"down": { "uv": [ 9.5, 14, 10.5, 14.5 ], "texture": "#texture" },
				"up": { "uv": [ 10.5, 13, 11.5, 13.5 ], "texture": "#texture" },
				"north": { "uv": [ 11, 13.5, 12, 14.5 ], "texture": "#texture" },
				"west": { "uv": [ 4, 5, 2.5, 6.5 ], "texture": "#sanictexture2" },
				"east": { "uv": [ 2.5, 5, 4, 6.5 ], "texture": "#sanictexture2" }
			}
		},
		{
			"__comment": "Element",
			"from": [ 4, 10, 5.5 ],
			"to": [ 5, 10.5, 6.5 ],
			"faces": {
				"down": { "uv": [ 7.5, 13.5, 8.5, 14.5 ], "texture": "#texture" },
				"up": { "uv": [ 7.5, 13.5, 8.5, 14.5 ], "texture": "#texture" },
				"north": { "uv": [ 9, 14, 10, 14.5 ], "texture": "#texture" },
				"south": { "uv": [ 9, 14, 10, 14.5 ], "texture": "#texture" },
				"west": { "uv": [ 1.5, 5.5, 2.5, 6 ], "texture": "#sanictexture2" },
				"east": { "uv": [ 1.5, 5.5, 2.5, 6 ], "texture": "#sanictexture2" }
			}
		},
		{
			"__comment": "Element",
			"from": [ 4.5, 10.5, 6 ],
			"to": [ 5.5, 11, 6.5 ],
			"faces": {
				"down": { "uv": [ 5.5, 7, 6.5, 7.5 ], "texture": "#texture" },
				"up": { "uv": [ 5.5, 7, 6.5, 7.5 ], "texture": "#texture" },
				"north": { "uv": [ 6, 7.5, 7, 8 ], "texture": "#texture" },
				"west": { "uv": [ 2, 5, 2.5, 5.5 ], "texture": "#sanictexture2" },
				"east": { "uv": [ 2, 5, 2.5, 5.5 ], "texture": "#sanictexture2" }
			}
		},
		{
			"__comment": "Element",
			"from": [ 4.5, 10.5, 6.5 ],
			"to": [ 5.5, 11.5, 9 ],
			"faces": {
				"down": { "uv": [ 5, 5, 6, 7.5 ], "texture": "#texture" },
				"up": { "uv": [ 5, 5, 6, 7.5 ], "texture": "#texture" },
				"north": { "uv": [ 5, 7, 6, 8 ], "texture": "#texture" },
				"south": { "uv": [ 5, 7, 6, 8 ], "texture": "#texture" },
				"west": { "uv": [ 2.5, 4.5, 5, 5.5 ], "texture": "#sanictexture2" },
				"east": { "uv": [ 2.5, 4.5, 5, 5.5 ], "texture": "#sanictexture2" }
			}
		},
		{
			"__comment": "Element",
			"from": [ 4, 10, 9 ],
			"to": [ 5, 11, 11 ],
			"faces": {
				"down": { "uv": [ 5, 6, 6, 8 ], "texture": "#texture" },
				"up": { "uv": [ 5, 6, 6, 8 ], "texture": "#texture" },
				"north": { "uv": [ 7.5, 7.5, 6.5, 8.5 ], "texture": "#texture" },
				"south": { "uv": [ 6.5, 7, 7.5, 8 ], "texture": "#texture" },
				"west": { "uv": [ 5, 5, 7, 6 ], "texture": "#sanictexture2" },
				"east": { "uv": [ 7, 5, 5, 6 ], "texture": "#sanictexture2" }
			}
		},
		{
			"__comment": "Element",
			"from": [ 4, 10, 11 ],
			"to": [ 5, 10.5, 11.5 ],
			"faces": {
				"up": { "uv": [ 6.5, 7, 7.5, 7.5 ], "texture": "#texture" },
				"south": { "uv": [ 6.5, 7.5, 7.5, 8 ], "texture": "#texture" },
				"west": { "uv": [ 7, 5.5, 7.5, 6 ], "texture": "#sanictexture2" },
				"east": { "uv": [ 7, 5.5, 7.5, 6 ], "texture": "#sanictexture2" }
			}
		},
		{
			"__comment": "Element",
			"from": [ 3.5, 9, 10 ],
			"to": [ 4.5, 10, 10.5 ],
			"faces": {
				"up": { "uv": [ 8, 8.5, 9, 9 ], "texture": "#texture" },
				"south": { "uv": [ 8, 8.5, 9, 9.5 ], "texture": "#texture" },
				"west": { "uv": [ 6, 6, 6.5, 7 ], "texture": "#sanictexture2" },
				"east": { "uv": [ 6, 6, 6.5, 7 ], "texture": "#sanictexture2" }
			}
		},
		{
			"__comment": "Element",
			"from": [ 11, 9, 10 ],
			"to": [ 12, 10, 10.5 ],
			"faces": {
				"up": { "uv": [ 11, 13.5, 12, 14 ], "texture": "#texture" },
				"north": { "uv": [ 10.5, 13, 11.5, 14 ], "texture": "#texture" },
				"west": { "uv": [ 6, 6, 6.5, 7 ], "texture": "#sanictexture2" },
				"east": { "uv": [ 6, 6, 6.5, 7 ], "texture": "#sanictexture2" }
			}
		},
		{
			"__comment": "Element",
			"from": [ 10.5, 10, 9 ],
			"to": [ 11.5, 10.5, 11.5 ],
			"faces": {
				"down": { "uv": [ 5, 5.5, 6, 8 ], "texture": "#texture" },
				"up": { "uv": [ 5, 5.5, 6, 8 ], "texture": "#texture" },
				"north": { "uv": [ 7, 6.5, 6, 7 ], "texture": "#texture" },
				"south": { "uv": [ 5, 7.5, 6, 8 ], "texture": "#texture" },
				"west": { "uv": [ 7.5, 5.5, 5, 6 ], "texture": "#sanictexture2" },
				"east": { "uv": [ 5, 5.5, 7.5, 6 ], "texture": "#sanictexture2" }
			}
		},
		{
			"__comment": "Element",
			"from": [ 11, 8.5, 8.5 ],
			"to": [ 12, 10.5, 9 ],
			"faces": {
				"down": { "uv": [ 10.5, 14, 11.5, 14.5 ], "texture": "#texture" },
				"up": { "uv": [ 10.5, 13.5, 11.5, 14 ], "texture": "#texture" },
				"north": { "uv": [ 11, 12.5, 11.5, 14.5 ], "texture": "#texture" },
				"south": { "uv": [ 11, 12.5, 11.5, 14.5 ], "texture": "#texture" },
				"west": { "uv": [ 4.5, 5.5, 5, 7.5 ], "texture": "#sanictexture2" },
				"east": { "uv": [ 4.5, 5.5, 5, 7.5 ], "texture": "#sanictexture2" }
			}
		},
		{
			"__comment": "Element",
			"from": [ 10, 10, 9 ],
			"to": [ 11, 11, 11 ],
			"faces": {
				"down": { "uv": [ 7.5, 5.5, 8.5, 7.5 ], "texture": "#texture" },
				"up": { "uv": [ 7.5, 5.5, 8.5, 7.5 ], "texture": "#texture" },
				"north": { "uv": [ 7.5, 7.5, 6.5, 8.5 ], "texture": "#texture" },
				"south": { "uv": [ 7, 7.5, 8, 8.5 ], "texture": "#texture" },
				"west": { "uv": [ 7, 5, 5, 6 ], "texture": "#sanictexture2" },
				"east": { "uv": [ 5, 5, 7, 6 ], "texture": "#sanictexture2" }
			}
		},
		{
			"__comment": "Element",
			"from": [ 10.5, 10.5, 6.5 ],
			"to": [ 11.5, 11.5, 9 ],
			"faces": {
				"down": { "uv": [ 5, 5.5, 6, 8 ], "texture": "#texture" },
				"up": { "uv": [ 5, 5.5, 6, 8 ], "texture": "#texture" },
				"north": { "uv": [ 5, 7, 6, 8 ], "texture": "#texture" },
				"south": { "uv": [ 5, 7, 6, 8 ], "texture": "#texture" },
				"west": { "uv": [ 2.5, 4.5, 5, 5.5 ], "texture": "#sanictexture2" },
				"east": { "uv": [ 2.5, 4.5, 5, 5.5 ], "texture": "#sanictexture2" }
			}
		},
		{
			"__comment": "Element",
			"from": [ 10.5, 10.5, 6 ],
			"to": [ 11.5, 11, 6.5 ],
			"faces": {
				"down": { "uv": [ 10, 6, 11, 6.5 ], "texture": "#texture" },
				"up": { "uv": [ 10, 6, 11, 6.5 ], "texture": "#texture" },
				"north": { "uv": [ 5, 7, 6, 7.5 ], "texture": "#texture" },
				"west": { "uv": [ 2, 5, 2.5, 5.5 ], "texture": "#sanictexture2" },
				"east": { "uv": [ 2, 5, 2.5, 5.5 ], "texture": "#sanictexture2" }
			}
		},
		{
			"__comment": "Element",
			"from": [ 10, 10, 5.5 ],
			"to": [ 11, 10.5, 6.5 ],
			"faces": {
				"down": { "uv": [ 8, 13, 9, 14 ], "texture": "#texture" },
				"up": { "uv": [ 8, 13, 9, 14 ], "texture": "#texture" },
				"north": { "uv": [ 6, 13, 7, 13.5 ], "texture": "#texture" },
				"south": { "uv": [ 6, 13, 7, 13.5 ], "texture": "#texture" },
				"west": { "uv": [ 1.5, 5.5, 2.5, 6 ], "texture": "#sanictexture2" },
				"east": { "uv": [ 1.5, 5.5, 2.5, 6 ], "texture": "#sanictexture2" }
			}
		},
		{
			"__comment": "Element",
			"from": [ 10.5, 9.5, 6.5 ],
			"to": [ 11.5, 11, 8 ],
			"faces": {
				"down": { "uv": [ 7, 13, 8, 13.5 ], "texture": "#texture" },
				"up": { "uv": [ 7, 8, 8, 8.5 ], "texture": "#texture" },
				"north": { "uv": [ 8, 8, 7, 9.5 ], "texture": "#texture" },
				"south": { "uv": [ 7, 8, 8, 9.5 ], "texture": "#texture" },
				"west": { "uv": [ 2.5, 5, 4, 6.5 ], "texture": "#sanictexture2" },
				"east": { "uv": [ 2.5, 5, 4, 6.5 ], "texture": "#sanictexture2" }
			}
		},
		{
			"__comment": "Element",
			"from": [ 11, 9, 8 ],
			"to": [ 12, 11, 8.5 ],
			"faces": {
				"down": { "uv": [ 6.5, 14, 7.5, 14.5 ], "texture": "#texture" },
				"up": { "uv": [ 6.5, 7, 7.5, 7.5 ], "texture": "#texture" },
				"north": { "uv": [ 11.5, 12, 12, 14 ], "texture": "#texture" },
				"west": { "uv": [ 4, 5, 4.5, 7 ], "texture": "#sanictexture2" },
				"east": { "uv": [ 4, 5, 4.5, 7 ], "texture": "#sanictexture2" }
			}
		},
		{
			"__comment": "Element",
			"from": [ 11, 9, 8.5 ],
			"to": [ 12, 11, 9 ],
			"faces": {
				"down": { "uv": [ 7, 8.5, 8, 9 ], "texture": "#texture" },
				"up": { "uv": [ 7, 8, 8, 8.5 ], "texture": "#texture" },
				"south": { "uv": [ 11.5, 12, 12, 14 ], "texture": "#texture" },
				"west": { "uv": [ 4.5, 5, 5, 7 ], "texture": "#sanictexture2" },
				"east": { "uv": [ 4.5, 5, 5, 7 ], "texture": "#sanictexture2" }
			}
		},
		{
			"__comment": "Element",
			"from": [ 11.5, 9, 9 ],
			"to": [ 12.5, 10.5, 10.5 ],
			"faces": {
				"down": { "uv": [ 7, 8.5, 8, 9 ], "texture": "#texture" },
				"up": { "uv": [ 7, 6.5, 8, 7 ], "texture": "#texture" },
				"north": { "uv": [ 8, 8, 9, 9.5 ], "texture": "#texture" },
				"south": { "uv": [ 7, 8, 8, 9.5 ], "texture": "#texture" },
				"west": { "uv": [ 6.5, 5.5, 5, 7 ], "texture": "#sanictexture2" },
				"east": { "uv": [ 5, 5.5, 6.5, 7 ], "texture": "#sanictexture2" }
			}
		},
		{
			"__comment": "Element",
			"from": [ 11.5, 8.5, 9 ],
			"to": [ 12.5, 9, 10 ],
			"faces": {
				"down": { "uv": [ 10.5, 14.5, 11.5, 13.5 ], "texture": "#texture" },
				"north": { "uv": [ 11, 13.5, 10, 14 ], "texture": "#texture" },
				"west": { "uv": [ 6, 7, 5, 7.5 ], "texture": "#sanictexture2" },
				"east": { "uv": [ 5, 7, 6, 7.5 ], "texture": "#sanictexture2" }
			}
		},
		{
			"__comment": "Element",
			"from": [ 4.5, 6, 15.5 ],
			"to": [ 6, 7, 16.5 ],
			"faces": {
				"down": { "uv": [ 4.5, 9.5, 6, 10 ], "texture": "#texture", "cullface": "south" },
				"up": { "uv": [ 4.5, 9, 6, 9.5 ], "texture": "#texture", "cullface": "south" },
				"south": { "uv": [ 4.5, 9, 6, 10 ], "texture": "#texture", "cullface": "south" },
				"west": { "uv": [ 4.5, 9, 5, 10 ], "texture": "#texture", "cullface": "south" },
				"east": { "uv": [ 5.5, 9, 6, 10 ], "texture": "#texture", "cullface": "south" }
			}
		},
		{
			"__comment": "Element",
			"from": [ 4, 5.5, 15 ],
			"to": [ 5.5, 6.5, 16 ],
			"faces": {
				"down": { "uv": [ 4, 10, 5.5, 10.5 ], "texture": "#texture" },
				"up": { "uv": [ 4, 9.5, 5.5, 10 ], "texture": "#texture" },
				"north": { "uv": [ 4, 9.5, 5.5, 10.5 ], "texture": "#texture" },
				"south": { "uv": [ 4, 9.5, 5.5, 10.5 ], "texture": "#texture", "cullface": "south" },
				"west": { "uv": [ 4, 9.5, 4.5, 10.5 ], "texture": "#texture" },
				"east": { "uv": [ 5, 9.5, 5.5, 10.5 ], "texture": "#texture" }
			}
		},
		{
			"__comment": "Element",
			"from": [ 5, 6.5, 15.5 ],
			"to": [ 6.5, 7.5, 16.5 ],
			"faces": {
				"down": { "uv": [ 5, 9, 6.5, 9.5 ], "texture": "#texture", "cullface": "south" },
				"up": { "uv": [ 5, 8.5, 6.5, 9 ], "texture": "#texture", "cullface": "south" },
				"south": { "uv": [ 5, 8.5, 6.5, 9.5 ], "texture": "#texture", "cullface": "south" },
				"west": { "uv": [ 5, 8.5, 5.5, 9.5 ], "texture": "#texture", "cullface": "south" },
				"east": { "uv": [ 6, 8.5, 6.5, 9.5 ], "texture": "#texture", "cullface": "south" }
			}
		},
		{
			"__comment": "Element",
			"from": [ 10, 6, 16 ],
			"to": [ 11, 6.5, 16.5 ],
			"faces": {
				"down": { "uv": [ 10, 9.5, 11, 10 ], "texture": "#texture", "cullface": "south" },
				"south": { "uv": [ 10, 9.5, 11, 10 ], "texture": "#texture", "cullface": "south" },
				"west": { "uv": [ 10, 9.5, 10.5, 10 ], "texture": "#texture", "cullface": "south" },
				"east": { "uv": [ 10.5, 9.5, 11, 10 ], "texture": "#texture", "cullface": "south" }
			}
		},
		{
			"__comment": "Element",
			"from": [ 9.5, 6.5, 15.5 ],
			"to": [ 11.5, 7, 16.5 ],
			"faces": {
				"down": { "uv": [ 9.5, 9, 11.5, 9.5 ], "texture": "#texture", "cullface": "south" },
				"up": { "uv": [ 9.5, 9, 11.5, 9.5 ], "texture": "#texture", "cullface": "south" },
				"south": { "uv": [ 9.5, 9, 11.5, 9.5 ], "texture": "#texture", "cullface": "south" },
				"west": { "uv": [ 9.5, 9, 10, 9.5 ], "texture": "#texture", "cullface": "south" },
				"east": { "uv": [ 9.5, 9, 10, 9.5 ], "texture": "#texture", "cullface": "south" }
			}
		},
		{
			"__comment": "Element",
			"from": [ 9.5, 7, 15.5 ],
			"to": [ 11, 8, 16.5 ],
			"faces": {
				"up": { "uv": [ 9.5, 8, 11, 8.5 ], "texture": "#texture", "cullface": "south" },
				"south": { "uv": [ 9.5, 8, 11, 9 ], "texture": "#texture", "cullface": "south" },
				"west": { "uv": [ 9.5, 8, 10, 9 ], "texture": "#texture", "cullface": "south" },
				"east": { "uv": [ 10.5, 8, 11, 9 ], "texture": "#texture", "cullface": "south" }
			}
		},
		{
			"__comment": "Element",
			"from": [ 10, 8, 15.5 ],
			"to": [ 11, 8.5, 16.5 ],
			"faces": {
				"up": { "uv": [ 10, 7.5, 11, 8 ], "texture": "#texture", "cullface": "south" },
				"south": { "uv": [ 10, 7.5, 11, 8 ], "texture": "#texture", "cullface": "south" },
				"west": { "uv": [ 10.5, 7.5, 11, 8 ], "texture": "#texture", "cullface": "south" },
				"east": { "uv": [ 10.5, 7.5, 11, 8 ], "texture": "#texture", "cullface": "south" }
			}
		},
		{
			"__comment": "Element",
			"from": [ 11, 7, 15 ],
			"to": [ 12, 8, 16 ],
			"faces": {
				"down": { "uv": [ 11, 8.5, 12, 9 ], "texture": "#texture" },
				"up": { "uv": [ 11, 8, 12, 8.5 ], "texture": "#texture" },
				"north": { "uv": [ 11, 8, 12, 9 ], "texture": "#texture" },
				"south": { "uv": [ 11, 8, 12, 9 ], "texture": "#texture", "cullface": "south" },
				"west": { "uv": [ 11, 8, 11.5, 9 ], "texture": "#texture" },
				"east": { "uv": [ 11.5, 8, 12, 9 ], "texture": "#texture" }
			}
		},
		{
			"__comment": "Element",
			"from": [ 11, 8, 15.5 ],
			"to": [ 11.5, 8.5, 16 ],
			"faces": {
				"up": { "uv": [ 11, 7.5, 11.5, 8 ], "texture": "#texture" },
				"south": { "uv": [ 11, 7.5, 11.5, 8 ], "texture": "#texture", "cullface": "south" },
				"east": { "uv": [ 11, 7.5, 11.5, 8 ], "texture": "#texture" }
			}
		},
		{
			"__comment": "Element",
			"from": [ 11, 7.5, 7.5 ],
			"to": [ 11.5, 8.5, 9.5 ],
			"faces": {
				"down": { "uv": [ 11, 11, 12, 11.5 ], "texture": "#texture" },
				"up": { "uv": [ 11, 11, 12, 11.5 ], "texture": "#texture" },
				"west": { "uv": [ 10, 11, 11.5, 11.5 ], "texture": "#texture" },
				"east": { "uv": [ 10, 11, 11.5, 11.5 ], "texture": "#texture" }
			}
		},
		{
			"__comment": "Element",
			"from": [ 4.5, 7.5, 7.5 ],
			"to": [ 5, 8.5, 9.5 ],
			"faces": {
				"down": { "uv": [ 11, 11, 12, 11.5 ], "texture": "#texture" },
				"up": { "uv": [ 11, 11, 12, 11.5 ], "texture": "#texture" },
				"west": { "uv": [ 10, 11, 11.5, 11.5 ], "texture": "#texture" },
				"east": { "uv": [ 10, 11, 11.5, 11.5 ], "texture": "#texture" }
			}
		},
		{
			"__comment": "Element",
			"from": [ 4.5, 7.5, 7 ],
			"to": [ 11.5, 8.5, 7.5 ],
			"faces": {
				"down": { "uv": [ 11, 11, 12, 11.5 ], "texture": "#texture" },
				"up": { "uv": [ 11, 11, 12, 11.5 ], "texture": "#texture" },
				"north": { "uv": [ 10.5, 11, 11.5, 11.5 ], "texture": "#texture" },
				"south": { "uv": [ 10.5, 11, 11.5, 11.5 ], "texture": "#texture" },
				"west": { "uv": [ 10, 11, 11.5, 11.5 ], "texture": "#texture" },
				"east": { "uv": [ 10, 11, 11.5, 11.5 ], "texture": "#texture" }
			}
		},
		{
			"__comment": "Element",
			"from": [ 4.5, 3.5, 7.5 ],
			"to": [ 5, 4.5, 9.5 ],
			"faces": {
				"down": { "uv": [ 11, 11, 12, 11.5 ], "texture": "#texture" },
				"up": { "uv": [ 11, 11, 12, 11.5 ], "texture": "#texture" },
				"west": { "uv": [ 10, 11, 11.5, 11.5 ], "texture": "#texture" },
				"east": { "uv": [ 10, 11, 11.5, 11.5 ], "texture": "#texture" }
			}
		},
		{
			"__comment": "Element",
			"from": [ 11, 3.5, 7.5 ],
			"to": [ 11.5, 4.5, 9.5 ],
			"faces": {
				"down": { "uv": [ 11, 11, 12, 11.5 ], "texture": "#texture" },
				"up": { "uv": [ 11, 11, 12, 11.5 ], "texture": "#texture" },
				"west": { "uv": [ 10, 11, 11.5, 11.5 ], "texture": "#texture" },
				"east": { "uv": [ 10, 11, 11.5, 11.5 ], "texture": "#texture" }
			}
		},
		{
			"__comment": "Element",
			"from": [ 4.5, 3.5, 7 ],
			"to": [ 11.5, 4.5, 7.5 ],
			"faces": {
				"down": { "uv": [ 11, 11, 12, 11.5 ], "texture": "#texture" },
				"up": { "uv": [ 11, 11, 12, 11.5 ], "texture": "#texture" },
				"north": { "uv": [ 10.5, 11, 11.5, 11.5 ], "texture": "#texture" },
				"south": { "uv": [ 10.5, 11, 11.5, 11.5 ], "texture": "#texture" },
				"west": { "uv": [ 10, 11, 11.5, 11.5 ], "texture": "#texture" },
				"east": { "uv": [ 10, 11, 11.5, 11.5 ], "texture": "#texture" }
			}
		}
	],
	"display": {
		"gui": {
			"rotation":  [ -30, 135, 0 ],
			"translation":  [ 0, 1.2, 0 ],
			"scale":  [ 1.3, 1.3, 1.3 ]
		},
		"head": {
			"rotation":  [ 0, 180, 0 ],
			"translation":  [ 0, 3.1, 3.1 ],
			"scale":  [ 2.1, 2.1, 2.1 ]
		},
		"fixed": {
			"rotation":  [ 0, 180, 0 ],
			"translation":  [ 0, 3, 3.2 ],
			"scale":  [ 2, 2, 2 ]
		}
	}
}