{
	"credit": "Made with Blockbench",
	"textures": {
		"9": "gauntlet/yellowgem",
		"11": "gauntlet/Iron1",
		"12": "gauntlet/Iron2",
		"13": "gauntlet/Iron3",
		"14": "gauntlet/Ironepic",
		"15": "gauntlet/Ironshine",
		"16": "gauntlet/orin3",
		"17": "blocks/coal_block",
		"18": "gauntlet/ElectroField",
		"particle": "blocks/coal_block",
		"power": "gauntlet/greengem",
		"mind": "gauntlet/bluegem",
		"time": "gauntlet/orangegem",
		"space": "gauntlet/redgem",
		"reality": "gauntlet/purplegem"
	},
	"elements": [
		{
			"from": [4.29, 11.18, 8.67],
			"to": [10.65, 16.48, 10.59],
			"faces": {
				"north": {"uv": [0, 0, 16, 16], "texture": "#11"},
				"east": {"uv": [0, 0, 16, 16], "texture": "#15"},
				"south": {"uv": [0, 0, 16, 16], "texture": "#15"},
				"west": {"uv": [0, 0, 16, 16], "texture": "#11"},
				"up": {"uv": [0, 0, 16, 16], "rotation": 90, "texture": "#15"},
				"down": {"uv": [0, 0, 16, 16], "rotation": 270, "texture": "#17", "cullface": "down"}
			}
		},
		{
			"from": [6.94, 19.66, 3.70106],
			"to": [10.12, 21.25, 5.29],
			"rotation": {"angle": 45, "axis": "z", "origin": [10.12, 22.31, 3.7]},
			"faces": {
				"north": {"uv": [0, 0, 16, 16], "texture": "#11"},
				"east": {"uv": [0, 0, 16, 16], "texture": "#15"},
				"south": {"uv": [0, 0, 16, 16], "texture": "#15"},
				"west": {"uv": [0, 0, 0, 0], "texture": "#11"},
				"up": {"uv": [0, 0, 16, 16], "rotation": 90, "texture": "#15"},
				"down": {"uv": [0, 0, 16, 16], "rotation": 270, "texture": "#11"}
			}
		},
		{
			"from": [8.53, 22.03, 4.23106],
			"to": [9.59, 24.43, 5.28894],
			"rotation": {"angle": -45, "axis": "z", "origin": [9.59, 24.43, 4.23]},
			"faces": {
				"north": {"uv": [0, 0, 16, 16], "texture": "#11"},
				"east": {"uv": [0, 0, 16, 16], "texture": "#15"},
				"south": {"uv": [0, 0, 16, 16], "texture": "#15"},
				"west": {"uv": [0, 0, 16, 16], "texture": "#11"},
				"up": {"uv": [0, 0, 16, 16], "rotation": 90, "texture": "#15"},
				"down": {"uv": [0, 0, 16, 16], "rotation": 270, "texture": "#11"}
			}
		},
		{
			"from": [6.94, 20.19, 4.23],
			"to": [8, 22.84, 5.29],
			"rotation": {"angle": -22.5, "axis": "z", "origin": [8, 22.84, 4.23]},
			"faces": {
				"north": {"uv": [0, 0, 16, 16], "texture": "#11"},
				"east": {"uv": [0, 0, 16, 16], "texture": "#15"},
				"south": {"uv": [0, 0, 16, 16], "texture": "#15"},
				"west": {"uv": [0, 0, 16, 16], "texture": "#11"},
				"up": {"uv": [0, 0, 16, 16], "rotation": 90, "texture": "#11"},
				"down": {"uv": [0, 0, 0, 0], "texture": "#11"}
			}
		},
		{
			"from": [6.94, 20.19, 5.82],
			"to": [8, 22.84, 6.88],
			"rotation": {"angle": -22.5, "axis": "z", "origin": [8, 22.84, 5.82]},
			"faces": {
				"north": {"uv": [0, 0, 16, 16], "texture": "#11"},
				"east": {"uv": [0, 0, 16, 16], "texture": "#15"},
				"south": {"uv": [0, 0, 16, 16], "texture": "#15"},
				"west": {"uv": [0, 0, 16, 16], "texture": "#11"},
				"up": {"uv": [0, 0, 16, 16], "rotation": 90, "texture": "#15"},
				"down": {"uv": [0, 0, 0, 0], "texture": "#11"}
			}
		},
		{
			"from": [6.13, 24.43, 5.82106],
			"to": [9.06, 25.49, 6.87894],
			"rotation": {"angle": 45, "axis": "z", "origin": [9.06, 25.49, 5.82]},
			"faces": {
				"north": {"uv": [0, 0, 16, 16], "texture": "#11"},
				"east": {"uv": [0, 0, 16, 16], "texture": "#15"},
				"south": {"uv": [0, 0, 16, 16], "texture": "#15"},
				"west": {"uv": [0, 0, 16, 16], "texture": "#11"},
				"up": {"uv": [0, 0, 16, 16], "rotation": 90, "texture": "#11"},
				"down": {"uv": [0, 0, 16, 16], "rotation": 270, "texture": "#15"}
			}
		},
		{
			"from": [6.41, 20.72, 7.41],
			"to": [7.47, 22.31, 8.47],
			"rotation": {"angle": -22.5, "axis": "z", "origin": [7.47, 22.31, 7.41]},
			"faces": {
				"north": {"uv": [0, 0, 16, 16], "texture": "#11"},
				"east": {"uv": [0, 0, 16, 16], "texture": "#15"},
				"south": {"uv": [0, 0, 16, 16], "texture": "#15"},
				"west": {"uv": [0, 0, 16, 16], "texture": "#11"},
				"up": {"uv": [0, 0, 16, 16], "rotation": 90, "texture": "#11"},
				"down": {"uv": [0, 0, 16, 16], "rotation": 270, "texture": "#11"}
			}
		},
		{
			"from": [8, 21.5, 7.41106],
			"to": [9.06, 23.9, 8.21894],
			"rotation": {"angle": -45, "axis": "z", "origin": [9.06, 23.9, 7.41]},
			"faces": {
				"north": {"uv": [0, 0, 16, 16], "texture": "#11"},
				"east": {"uv": [0, 0, 16, 16], "texture": "#15"},
				"south": {"uv": [0, 0, 16, 16], "texture": "#11"},
				"west": {"uv": [0, 0, 16, 16], "texture": "#11"},
				"up": {"uv": [0, 0, 16, 16], "rotation": 90, "texture": "#15"},
				"down": {"uv": [0, 0, 16, 16], "rotation": 270, "texture": "#11"}
			}
		},
		{
			"from": [6.41, 20.72, 9],
			"to": [7.47, 21.78, 10.05894],
			"rotation": {"angle": -22.5, "axis": "z", "origin": [7.47, 21.78, 9]},
			"faces": {
				"north": {"uv": [0, 0, 16, 16], "texture": "#11"},
				"east": {"uv": [0, 0, 16, 16], "texture": "#15"},
				"south": {"uv": [0, 0, 16, 16], "texture": "#15"},
				"west": {"uv": [0, 0, 16, 16], "texture": "#11"},
				"up": {"uv": [0, 0, 16, 16], "rotation": 90, "texture": "#11"},
				"down": {"uv": [0, 0, 16, 16], "rotation": 270, "texture": "#11"}
			}
		},
		{
			"from": [7.47, 20.97, 9.00106],
			"to": [8.53, 22.84, 10.05788],
			"rotation": {"angle": -45, "axis": "z", "origin": [8.53, 22.84, 9]},
			"faces": {
				"north": {"uv": [0, 0, 16, 16], "texture": "#11"},
				"east": {"uv": [0, 0, 16, 16], "texture": "#15"},
				"south": {"uv": [0, 0, 16, 16], "texture": "#15"},
				"west": {"uv": [0, 0, 16, 16], "texture": "#11"},
				"up": {"uv": [0, 0, 16, 16], "rotation": 90, "texture": "#15"},
				"down": {"uv": [0, 0, 16, 16], "rotation": 270, "texture": "#11"}
			}
		},
		{
			"from": [10.65, 19.66, 3.17],
			"to": [11.18, 20.72, 4.23],
			"rotation": {"angle": -45, "axis": "z", "origin": [10.12, 20.72, 3.17]},
			"faces": {
				"north": {"uv": [1, 1, 2, 3], "texture": "#power"},
				"east": {"uv": [0, 1, 1, 3], "texture": "#power"},
				"west": {"uv": [2, 1, 3, 3], "texture": "#power"},
				"up": {"uv": [1, 0, 2, 1], "rotation": 90, "texture": "#power"},
				"down": {"uv": [1, 3, 2, 4], "rotation": 270, "texture": "#power"}
			}
		},
		{
			"from": [5.88, 20.72, 4.495],
			"to": [6.41, 21.78, 5.025],
			"rotation": {"angle": -22.5, "axis": "z", "origin": [6.41, 21.78, 4.23]},
			"faces": {
				"north": {"uv": [0, 1, 1, 3], "texture": "#reality"},
				"south": {"uv": [2, 1, 3, 3], "texture": "#reality"},
				"west": {"uv": [1, 1, 2, 3], "texture": "#reality"},
				"up": {"uv": [1, 0, 2, 1], "rotation": 90, "texture": "#reality"},
				"down": {"uv": [1, 3, 2, 4], "rotation": 270, "texture": "#reality"}
			}
		},
		{
			"from": [5.88, 20.72, 6.085],
			"to": [6.41, 21.78, 6.615],
			"rotation": {"angle": -22.5, "axis": "z", "origin": [6.41, 21.78, 5.82]},
			"faces": {
				"north": {"uv": [0, 1, 1, 3], "texture": "#mind"},
				"south": {"uv": [2, 1, 3, 3], "texture": "#mind"},
				"west": {"uv": [1, 1, 2, 3], "texture": "#mind"},
				"up": {"uv": [1, 0, 2, 1], "rotation": 90, "texture": "#mind"},
				"down": {"uv": [1, 3, 2, 4], "rotation": 270, "texture": "#mind"}
			}
		},
		{
			"from": [5.88, 20.72, 7.675],
			"to": [6.41, 21.78, 8.205],
			"rotation": {"angle": -22.5, "axis": "z", "origin": [6.41, 21.78, 7.41]},
			"faces": {
				"north": {"uv": [0, 1, 1, 3], "texture": "#space"},
				"south": {"uv": [2, 1, 3, 3], "texture": "#space"},
				"west": {"uv": [1, 1, 2, 3], "texture": "#space"},
				"up": {"uv": [1, 0, 2, 1], "rotation": 90, "texture": "#space"},
				"down": {"uv": [1, 3, 2, 4], "rotation": 270, "texture": "#space"}
			}
		},
		{
			"from": [5.88, 20.72, 9.265],
			"to": [6.41, 21.78, 9.795],
			"rotation": {"angle": -22.5, "axis": "z", "origin": [6.41, 21.78, 9]},
			"faces": {
				"north": {"uv": [0, 1, 1, 3], "texture": "#time"},
				"south": {"uv": [2, 1, 3, 3], "texture": "#time"},
				"west": {"uv": [1, 1, 2, 3], "texture": "#time"},
				"up": {"uv": [1, 0, 2, 1], "rotation": 90, "texture": "#time"},
				"down": {"uv": [1, 3, 2, 4], "rotation": 270, "texture": "#time"}
			}
		},
		{
			"from": [4.82, 18.6, 5.82],
			"to": [5.88, 19.66, 7.94],
			"rotation": {"angle": -22.5, "axis": "z", "origin": [5.88, 19.66, 5.82]},
			"faces": {
				"north": {"uv": [1, 0, 2, 1], "rotation": 270, "texture": "#9"},
				"east": {"uv": [0, 0, 0, 0], "texture": "#9"},
				"south": {"uv": [1, 3, 2, 4], "rotation": 270, "texture": "#9"},
				"west": {"uv": [1, 1, 2, 3], "rotation": 270, "texture": "#9"},
				"up": {"uv": [2, 1, 3, 3], "texture": "#9"},
				"down": {"uv": [0, 1, 1, 3], "rotation": 180, "texture": "#9"}
			}
		},
		{
			"from": [5.35, 11.38, 4.23],
			"to": [9.59, 17.54, 9.53],
			"faces": {
				"north": {"uv": [0, 0, 16, 16], "texture": "#13"},
				"east": {"uv": [0, 0, 16, 16], "texture": "#13"},
				"south": {"uv": [0, 0, 16, 16], "texture": "#13"},
				"west": {"uv": [0, 0, 16, 16], "texture": "#13"},
				"up": {"uv": [0, 0, 16, 16], "rotation": 90, "texture": "#13"},
				"down": {"uv": [0, 0, 16, 16], "rotation": 270, "texture": "#13", "cullface": "down"}
			}
		},
		{
			"from": [6.41, 11.23, 4.23],
			"to": [10.71, 15.77, 9.53],
			"faces": {
				"north": {"uv": [0, 0, 16, 16], "texture": "#11"},
				"east": {"uv": [0, 0, 16, 16], "texture": "#15"},
				"south": {"uv": [0, 0, 16, 16], "texture": "#11"},
				"west": {"uv": [0, 0, 16, 16], "texture": "#11"},
				"up": {"uv": [0, 0, 16, 16], "rotation": 90, "texture": "#11"},
				"down": {"uv": [0, 0, 16, 16], "rotation": 270, "texture": "#17", "cullface": "down"}
			}
		},
		{
			"from": [7.47, 20.72, 9.00106],
			"to": [8.53, 20.99, 10.05788],
			"rotation": {"angle": -45, "axis": "z", "origin": [8.53, 22.84, 9]},
			"faces": {
				"north": {"uv": [0, 0, 16, 16], "texture": "#13"},
				"east": {"uv": [0, 0, 16, 16], "texture": "#13"},
				"south": {"uv": [0, 0, 16, 16], "texture": "#13"},
				"west": {"uv": [0, 0, 16, 16], "texture": "#16"},
				"up": {"uv": [0, 0, 16, 16], "rotation": 90, "texture": "#13"},
				"down": {"uv": [0, 0, 16, 16], "rotation": 270, "texture": "#13"}
			}
		},
		{
			"from": [8, 21.25, 7.41106],
			"to": [9.06, 21.5, 8.46894],
			"rotation": {"angle": -45, "axis": "z", "origin": [9.06, 23.9, 7.41]},
			"faces": {
				"north": {"uv": [0, 0, 16, 16], "texture": "#13"},
				"east": {"uv": [0, 0, 16, 16], "texture": "#13"},
				"south": {"uv": [0, 0, 16, 16], "texture": "#13"},
				"west": {"uv": [0, 0, 16, 16], "texture": "#16"},
				"up": {"uv": [0, 0, 16, 16], "rotation": 90, "texture": "#13"},
				"down": {"uv": [0, 0, 16, 16], "rotation": 270, "texture": "#13"}
			}
		},
		{
			"from": [5.88, 24.43, 5.82106],
			"to": [6.16, 25.49, 6.87894],
			"rotation": {"angle": 45, "axis": "z", "origin": [9.06, 25.49, 5.82]},
			"faces": {
				"north": {"uv": [0, 0, 16, 16], "texture": "#13"},
				"east": {"uv": [0, 0, 16, 16], "texture": "#13"},
				"south": {"uv": [0, 0, 16, 16], "texture": "#13"},
				"west": {"uv": [0, 0, 16, 16], "texture": "#13"},
				"up": {"uv": [0, 0, 16, 16], "rotation": 90, "texture": "#16"},
				"down": {"uv": [0, 0, 16, 16], "rotation": 270, "texture": "#13"}
			}
		},
		{
			"from": [8.53, 21.78, 4.23106],
			"to": [9.59, 22.03, 5.28894],
			"rotation": {"angle": -45, "axis": "z", "origin": [9.59, 24.43, 4.23]},
			"faces": {
				"north": {"uv": [0, 0, 16, 16], "texture": "#13"},
				"east": {"uv": [0, 0, 16, 16], "texture": "#13"},
				"south": {"uv": [0, 0, 16, 16], "texture": "#13"},
				"west": {"uv": [0, 0, 16, 16], "texture": "#16"},
				"up": {"uv": [0, 0, 16, 16], "rotation": 90, "texture": "#13"},
				"down": {"uv": [0, 0, 16, 16], "rotation": 270, "texture": "#13"}
			}
		},
		{
			"from": [5.88, 15.42, 3.7],
			"to": [11.18, 19.66, 10.06],
			"rotation": {"angle": -22.5, "axis": "z", "origin": [10.12, 19.66, 3.7]},
			"faces": {
				"north": {"uv": [0, 0, 16, 16], "texture": "#11"},
				"east": {"uv": [0, 0, 16, 16], "texture": "#15"},
				"south": {"uv": [0, 0, 16, 16], "texture": "#15"},
				"west": {"uv": [0, 0, 16, 16], "texture": "#11"},
				"up": {"uv": [0, 0, 16, 16], "rotation": 90, "texture": "#15"},
				"down": {"uv": [0, 0, 0, 0], "rotation": 270, "texture": "#11"}
			}
		},
		{
			"from": [7.94, 19.66, 3.70106],
			"to": [8.12, 21.35, 5.29],
			"rotation": {"angle": 45, "axis": "z", "origin": [10.12, 22.31, 3.7]},
			"faces": {
				"north": {"uv": [0, 0, 16, 16], "texture": "#13"},
				"east": {"uv": [0, 0, 16, 16], "texture": "#16"},
				"south": {"uv": [0, 0, 16, 16], "texture": "#16"},
				"west": {"uv": [0, 0, 0, 0], "texture": "#13"},
				"up": {"uv": [0, 0, 16, 16], "rotation": 90, "texture": "#16"},
				"down": {"uv": [0, 0, 16, 16], "rotation": 270, "texture": "#13"}
			}
		},
		{
			"from": [5.78, 15.32, 8.2],
			"to": [6.88, 18.91, 8.76],
			"rotation": {"angle": -22.5, "axis": "z", "origin": [10.12, 19.66, 3.7]},
			"faces": {
				"north": {"uv": [0, 0, 16, 16], "texture": "#12"},
				"east": {"uv": [0, 0, 16, 16], "texture": "#12"},
				"south": {"uv": [0, 0, 16, 16], "texture": "#12"},
				"west": {"uv": [0, 0, 16, 16], "texture": "#12"},
				"up": {"uv": [0, 0, 16, 16], "rotation": 90, "texture": "#12"},
				"down": {"uv": [0, 0, 0, 0], "rotation": 270, "texture": "#12"}
			}
		},
		{
			"from": [5.79, 11.33, 2.92],
			"to": [6.15, 16.58, 10.84],
			"faces": {
				"north": {"uv": [0, 0, 16, 16], "texture": "#14"},
				"east": {"uv": [0, 0, 16, 16], "texture": "#12"},
				"south": {"uv": [0, 0, 16, 16], "texture": "#12"},
				"west": {"uv": [0, 0, 16, 16], "texture": "#12"},
				"up": {"uv": [0, 0, 16, 16], "rotation": 90, "texture": "#12"},
				"down": {"uv": [0, 0, 16, 16], "rotation": 270, "texture": "#12", "cullface": "down"}
			}
		},
		{
			"from": [5.78, 15.32, 5.65],
			"to": [6.88, 18.71, 8.21],
			"rotation": {"angle": -22.5, "axis": "z", "origin": [10.12, 19.66, 3.7]},
			"faces": {
				"north": {"uv": [0, 0, 16, 16], "texture": "#14"},
				"east": {"uv": [0, 0, 16, 16], "texture": "#14"},
				"south": {"uv": [0, 0, 16, 16], "texture": "#14"},
				"west": {"uv": [0, 0, 16, 16], "texture": "#14"},
				"up": {"uv": [0, 0, 16, 16], "rotation": 90, "texture": "#14"},
				"down": {"uv": [0, 0, 0, 0], "rotation": 270, "texture": "#14"}
			}
		},
		{
			"from": [5.78, 15.32, 5],
			"to": [6.88, 18.91, 5.65],
			"rotation": {"angle": -22.5, "axis": "z", "origin": [10.12, 19.66, 3.7]},
			"faces": {
				"north": {"uv": [0, 0, 16, 16], "texture": "#12"},
				"east": {"uv": [0, 0, 16, 16], "texture": "#12"},
				"south": {"uv": [0, 0, 16, 16], "texture": "#12"},
				"west": {"uv": [0, 0, 16, 16], "texture": "#12"},
				"up": {"uv": [0, 0, 16, 16], "rotation": 90, "texture": "#12"},
				"down": {"uv": [0, 0, 0, 0], "rotation": 270, "texture": "#12"}
			}
		},
		{
			"from": [5.78, 18.7, 5.15],
			"to": [6.88, 18.91, 8.35],
			"rotation": {"angle": -22.5, "axis": "z", "origin": [10.12, 19.66, 3.7]},
			"faces": {
				"north": {"uv": [0, 0, 16, 16], "texture": "#12"},
				"east": {"uv": [0, 0, 16, 16], "texture": "#12"},
				"south": {"uv": [0, 0, 16, 16], "texture": "#12"},
				"west": {"uv": [0, 0, 16, 16], "texture": "#12"},
				"up": {"uv": [0, 0, 16, 16], "rotation": 90, "texture": "#12"},
				"down": {"uv": [0, 0, 0, 0], "rotation": 270, "texture": "#12"}
			}
		},
		{
			"from": [8, 21.5, 8.16106],
			"to": [9.06, 23.9, 8.46894],
			"rotation": {"angle": -45, "axis": "z", "origin": [9.06, 23.9, 7.41]},
			"faces": {
				"north": {"uv": [0, 0, 16, 16], "texture": "#11"},
				"east": {"uv": [0, 0, 16, 16], "texture": "#15"},
				"south": {"uv": [0, 0, 16, 16], "texture": "#15"},
				"west": {"uv": [0, 0, 16, 16], "texture": "#11"},
				"up": {"uv": [0, 0, 16, 16], "rotation": 90, "texture": "#15"},
				"down": {"uv": [0, 0, 16, 16], "rotation": 270, "texture": "#11"}
			}
		},
		{
			"from": [4.29, 11.18, 3.17],
			"to": [10.65, 16.48, 5.09],
			"faces": {
				"north": {"uv": [0, 0, 16, 16], "texture": "#11"},
				"east": {"uv": [0, 0, 16, 16], "texture": "#15"},
				"south": {"uv": [0, 0, 16, 16], "texture": "#11"},
				"west": {"uv": [0, 0, 16, 16], "texture": "#11"},
				"up": {"uv": [0, 0, 16, 16], "rotation": 90, "texture": "#15"},
				"down": {"uv": [0, 0, 16, 16], "rotation": 270, "texture": "#17", "cullface": "down"}
			}
		},
		{
			"from": [4.54, 11.18, 7.92],
			"to": [10.65, 16.48, 8.72],
			"faces": {
				"north": {"uv": [0, 0, 16, 16], "texture": "#11"},
				"east": {"uv": [0, 0, 16, 16], "texture": "#15"},
				"south": {"uv": [0, 0, 16, 16], "texture": "#11"},
				"west": {"uv": [0, 0, 16, 16], "texture": "#12"},
				"up": {"uv": [0, 0, 16, 16], "rotation": 90, "texture": "#12"},
				"down": {"uv": [0, 0, 16, 16], "rotation": 270, "texture": "#17", "cullface": "down"}
			}
		},
		{
			"from": [4.54, 11.18, 5.04],
			"to": [10.65, 16.48, 5.84],
			"faces": {
				"north": {"uv": [0, 0, 16, 16], "texture": "#11"},
				"east": {"uv": [0, 0, 16, 16], "texture": "#15"},
				"south": {"uv": [0, 0, 16, 16], "texture": "#11"},
				"west": {"uv": [0, 0, 16, 16], "texture": "#12"},
				"up": {"uv": [0, 0, 16, 16], "rotation": 90, "texture": "#12"},
				"down": {"uv": [0, 0, 16, 16], "rotation": 270, "texture": "#17", "cullface": "down"}
			}
		},
		{
			"from": [4.54, 11.18, 5.84],
			"to": [10.65, 16.48, 7.94],
			"faces": {
				"north": {"uv": [0, 0, 16, 16], "texture": "#11"},
				"east": {"uv": [0, 0, 16, 16], "texture": "#15"},
				"south": {"uv": [0, 0, 16, 16], "texture": "#11"},
				"west": {"uv": [0, 0, 16, 16], "texture": "#14"},
				"up": {"uv": [0, 0, 16, 16], "rotation": 90, "texture": "#14"},
				"down": {"uv": [0, 0, 16, 16], "rotation": 270, "texture": "#17", "cullface": "down"}
			}
		},
		{
			"from": [5.78, 15.82, 4.6],
			"to": [6.88, 18.61, 5.65],
			"rotation": {"angle": -22.5, "axis": "z", "origin": [10.12, 19.66, 3.7]},
			"faces": {
				"north": {"uv": [0, 0, 16, 16], "texture": "#12"},
				"east": {"uv": [0, 0, 16, 16], "texture": "#12"},
				"south": {"uv": [0, 0, 16, 16], "texture": "#12"},
				"west": {"uv": [0, 0, 16, 16], "texture": "#12"},
				"up": {"uv": [0, 0, 16, 16], "rotation": 90, "texture": "#12"},
				"down": {"uv": [0, 0, 0, 0], "rotation": 270, "texture": "#12"}
			}
		},
		{
			"from": [5.78, 15.82, 8.35],
			"to": [6.88, 18.61, 9.15],
			"rotation": {"angle": -22.5, "axis": "z", "origin": [10.12, 19.66, 3.7]},
			"faces": {
				"north": {"uv": [0, 0, 16, 16], "texture": "#12"},
				"east": {"uv": [0, 0, 16, 16], "texture": "#12"},
				"south": {"uv": [0, 0, 16, 16], "texture": "#12"},
				"west": {"uv": [0, 0, 16, 16], "texture": "#12"},
				"up": {"uv": [0, 0, 16, 16], "rotation": 90, "texture": "#12"},
				"down": {"uv": [0, 0, 0, 0], "rotation": 270, "texture": "#12"}
			}
		},
		{
			"from": [4.75, 11.25, 3],
			"to": [9, 18.75, 3],
			"faces": {
				"north": {"uv": [0, 11, 8.996, 15.998], "rotation": 270, "texture": "#18"},
				"east": {"uv": [0, 0, 4, 0], "rotation": 90, "texture": "#18"},
				"south": {"uv": [0, 0, 4, 3.5], "rotation": 90, "texture": "#18"},
				"west": {"uv": [0, 0, 4, 0], "rotation": 90, "texture": "#18"},
				"up": {"uv": [0, 0, 0, 3.5], "rotation": 90, "texture": "#18"},
				"down": {"uv": [0, 0, 0, 3.5], "rotation": 90, "texture": "#18"}
			}
		},
		{
			"from": [11.5, 11.25, 4.75],
			"to": [11.5, 16.5, 7.25],
			"faces": {
				"north": {"uv": [0, 0, 4, 0], "rotation": 90, "texture": "#18"},
				"east": {"uv": [0, 11, 8.996, 15.998], "rotation": 270, "texture": "#18"},
				"south": {"uv": [0, 0, 4, 0], "rotation": 90, "texture": "#18"},
				"west": {"uv": [0, 0, 4, 3.5], "rotation": 90, "texture": "#18"},
				"up": {"uv": [0, 0, 0, 3.5], "rotation": 180, "texture": "#18"},
				"down": {"uv": [0, 0, 0, 3.5], "texture": "#18"}
			}
		},
		{
			"from": [7.75, 16.25, 3.5],
			"to": [10.5, 20, 3.5],
			"faces": {
				"north": {"uv": [0, 11, 8.996, 15.998], "rotation": 270, "texture": "#18"},
				"east": {"uv": [0, 0, 4, 0], "rotation": 90, "texture": "#18"},
				"south": {"uv": [0, 0, 4, 3.5], "rotation": 90, "texture": "#18"},
				"west": {"uv": [0, 0, 4, 0], "rotation": 90, "texture": "#18"},
				"up": {"uv": [0, 0, 0, 3.5], "rotation": 90, "texture": "#18"},
				"down": {"uv": [0, 0, 0, 3.5], "rotation": 90, "texture": "#18"}
			}
		},
		{
			"from": [4.25, 9, 5],
			"to": [4.25, 14.5, 8.5],
			"rotation": {"angle": -22.5, "axis": "x", "origin": [8, 14, 2]},
			"faces": {
				"north": {"uv": [0, 0, 4, 0], "rotation": 90, "texture": "#18"},
				"east": {"uv": [0, 0, 4, 3.5], "rotation": 90, "texture": "#18"},
				"south": {"uv": [0, 0, 4, 0], "rotation": 90, "texture": "#18"},
				"west": {"uv": [0, 11, 8.996, 15.998], "rotation": 270, "texture": "#18"},
				"up": {"uv": [0, 0, 0, 3.5], "texture": "#18"},
				"down": {"uv": [0, 0, 0, 3.5], "rotation": 180, "texture": "#18"}
			}
		},
		{
			"from": [3, 16.5, 3.5],
			"to": [3, 19.75, 5.75],
			"rotation": {"angle": -22.5, "axis": "z", "origin": [8, 14, 2]},
			"faces": {
				"north": {"uv": [0, 0, 4, 0], "rotation": 90, "texture": "#18"},
				"east": {"uv": [0, 0, 4, 3.5], "rotation": 90, "texture": "#18"},
				"south": {"uv": [0, 0, 4, 0], "rotation": 90, "texture": "#18"},
				"west": {"uv": [0, 11, 8.996, 15.998], "rotation": 270, "texture": "#18"},
				"up": {"uv": [0, 0, 0, 3.5], "texture": "#18"},
				"down": {"uv": [0, 0, 0, 3.5], "rotation": 180, "texture": "#18"}
			}
		},
		{
			"from": [3.25, 11, 11],
			"to": [6.5, 15.75, 11],
			"rotation": {"angle": -22.5, "axis": "z", "origin": [8, 14, 2]},
			"faces": {
				"north": {"uv": [0, 0, 4, 3.5], "rotation": 90, "texture": "#18"},
				"east": {"uv": [0, 0, 4, 0], "rotation": 90, "texture": "#18"},
				"south": {"uv": [0, 11, 8.996, 15.998], "rotation": 270, "texture": "#18"},
				"west": {"uv": [0, 0, 4, 0], "rotation": 90, "texture": "#18"},
				"up": {"uv": [0, 0, 0, 3.5], "rotation": 270, "texture": "#18"},
				"down": {"uv": [0, 0, 0, 3.5], "rotation": 270, "texture": "#18"}
			}
		},
		{
			"from": [5.75, 14.25, 10.75],
			"to": [10, 19.75, 10.75],
			"faces": {
				"north": {"uv": [0, 0, 4, 3.5], "rotation": 90, "texture": "#18"},
				"east": {"uv": [0, 0, 4, 0], "rotation": 90, "texture": "#18"},
				"south": {"uv": [0, 11, 8.996, 15.998], "rotation": 270, "texture": "#18"},
				"west": {"uv": [0, 0, 4, 0], "rotation": 90, "texture": "#18"},
				"up": {"uv": [0, 0, 0, 3.5], "rotation": 270, "texture": "#18"},
				"down": {"uv": [0, 0, 0, 3.5], "rotation": 270, "texture": "#18"}
			}
		},
		{
			"from": [9, 16.25, 7.25],
			"to": [9, 20.25, 9.5],
			"rotation": {"angle": -22.5, "axis": "z", "origin": [8, 14, 2]},
			"faces": {
				"north": {"uv": [0, 0, 4, 0], "rotation": 90, "texture": "#18"},
				"east": {"uv": [0, 11, 8.996, 15.998], "rotation": 270, "texture": "#18"},
				"south": {"uv": [0, 0, 4, 0], "rotation": 90, "texture": "#18"},
				"west": {"uv": [0, 0, 4, 3.5], "rotation": 90, "texture": "#18"},
				"up": {"uv": [0, 0, 0, 3.5], "rotation": 180, "texture": "#18"},
				"down": {"uv": [0, 0, 0, 3.5], "texture": "#18"}
			}
		}
	],
	"display": {
		"firstperson": {
                        "rotation": [ 0, 40, -50 ],
                        "translation": [ 0, -1, 2.0 ],
                        "scale": [ 1.7, 1.7, 1.7 ]
		},
		"ground": {
			"translation": [0, -13, 0],
			"scale": [4, 4, 4]
		},
		"gui": {
			"rotation": [0, 280, 0],
			"translation": [0, -6.3, 0],
			"scale": [1.8, 1.8, 1.8]
		},
		"fixed": {
			"rotation": [-90, 0, 0],
			"translation": [0, 0, -9],
			"scale": [3, 3, 3]
		}
	}
}