{
	"credit": "Made with Blockbench",
	"textures": {
		"8": "gauntlet/gauntlet1",
		"particle": "gauntlet/gauntlet1",
		"texture": "gauntlet/gauntlet2 copy",
		"texture2": "blocks/coal_block",
		"power": "gauntlet/greengem",
		"mind": "gauntlet/bluegem",
		"time": "gauntlet/orangegem",
		"space": "gauntlet/redgem",
		"reality": "gauntlet/purplegem"
	},
	"elements": [
		{
			"from": [4.29, 11.18, 3.42],
			"to": [10.65, 16.48, 10.84],
			"faces": {
				"north": {"uv": [0, 0, 16, 16], "texture": "#texture"},
				"east": {"uv": [0, 0, 16, 16], "texture": "#texture"},
				"south": {"uv": [0, 0, 16, 16], "texture": "#texture"},
				"west": {"uv": [0, 0, 16, 16], "texture": "#texture"},
				"up": {"uv": [0, 0, 16, 16], "rotation": 90, "texture": "#8"},
				"down": {"uv": [0, 0, 16, 16], "rotation": 270, "texture": "#texture2", "cullface": "down"}
			}
		},
		{
			"from": [5.88, 15.42, 3.95],
			"to": [11.18, 19.66, 10.31],
			"rotation": {"angle": -22.5, "axis": "z", "origin": [10.12, 19.66, 3.95]},
			"faces": {
				"north": {"uv": [0, 0, 16, 16], "texture": "#texture"},
				"east": {"uv": [0, 0, 16, 16], "texture": "#texture"},
				"south": {"uv": [0, 0, 16, 16], "texture": "#texture"},
				"west": {"uv": [0, 0, 16, 16], "texture": "#texture"},
				"up": {"uv": [0, 0, 16, 16], "rotation": 90, "texture": "#8"},
				"down": {"uv": [0, 0, 0, 0], "rotation": 270, "texture": "#8"}
			}
		},
		{
			"from": [6.94, 19.66, 3.95106],
			"to": [10.12, 21.25, 5.54],
			"rotation": {"angle": 45, "axis": "z", "origin": [10.12, 22.31, 3.95]},
			"faces": {
				"north": {"uv": [0, 0, 16, 16], "texture": "#texture"},
				"east": {"uv": [0, 0, 16, 16], "texture": "#texture"},
				"south": {"uv": [0, 0, 16, 16], "texture": "#texture"},
				"up": {"uv": [0, 0, 16, 16], "rotation": 90, "texture": "#texture"},
				"down": {"uv": [0, 0, 16, 16], "rotation": 270, "texture": "#texture"}
			}
		},
		{
			"from": [8.53, 21.78, 4.48106],
			"to": [9.59, 24.43, 5.53894],
			"rotation": {"angle": -45, "axis": "z", "origin": [9.59, 24.43, 4.48]},
			"faces": {
				"north": {"uv": [0, 0, 16, 16], "texture": "#texture"},
				"east": {"uv": [0, 0, 16, 16], "texture": "#texture"},
				"south": {"uv": [0, 0, 16, 16], "texture": "#texture"},
				"west": {"uv": [0, 0, 16, 16], "texture": "#texture"},
				"up": {"uv": [0, 0, 16, 16], "rotation": 90, "texture": "#texture"},
				"down": {"uv": [0, 0, 16, 16], "rotation": 270, "texture": "#texture"}
			}
		},
		{
			"from": [6.94, 20.19, 4.48],
			"to": [8, 22.84, 5.54],
			"rotation": {"angle": -22.5, "axis": "z", "origin": [8, 22.84, 4.48]},
			"faces": {
				"north": {"uv": [0, 0, 16, 16], "texture": "#texture"},
				"east": {"uv": [0, 0, 16, 16], "texture": "#texture"},
				"south": {"uv": [0, 0, 16, 16], "texture": "#texture"},
				"west": {"uv": [0, 0, 16, 16], "texture": "#texture"},
				"up": {"uv": [0, 0, 16, 16], "rotation": 90, "texture": "#texture"}
			}
		},
		{
			"from": [6.94, 20.19, 6.07],
			"to": [8, 22.84, 7.13],
			"rotation": {"angle": -22.5, "axis": "z", "origin": [8, 22.84, 6.07]},
			"faces": {
				"north": {"uv": [0, 0, 16, 16], "texture": "#texture"},
				"east": {"uv": [0, 0, 16, 16], "texture": "#8"},
				"south": {"uv": [0, 0, 16, 16], "texture": "#texture"},
				"west": {"uv": [0, 0, 16, 16], "texture": "#texture"},
				"up": {"uv": [0, 0, 16, 16], "rotation": 90, "texture": "#texture"}
			}
		},
		{
			"from": [5.88, 24.43, 6.07106],
			"to": [9.06, 25.49, 7.12894],
			"rotation": {"angle": 45, "axis": "z", "origin": [9.06, 25.49, 6.07]},
			"faces": {
				"north": {"uv": [0, 0, 16, 16], "texture": "#texture"},
				"east": {"uv": [0, 0, 16, 16], "texture": "#texture"},
				"south": {"uv": [0, 0, 16, 16], "texture": "#texture"},
				"west": {"uv": [0, 0, 16, 16], "texture": "#texture"},
				"up": {"uv": [0, 0, 16, 16], "rotation": 90, "texture": "#texture"},
				"down": {"uv": [0, 0, 16, 16], "rotation": 270, "texture": "#8"}
			}
		},
		{
			"from": [6.41, 20.72, 7.66],
			"to": [7.47, 22.31, 8.72],
			"rotation": {"angle": -22.5, "axis": "z", "origin": [7.47, 22.31, 7.66]},
			"faces": {
				"north": {"uv": [0, 0, 16, 16], "texture": "#texture"},
				"east": {"uv": [0, 0, 16, 16], "texture": "#8"},
				"south": {"uv": [0, 0, 16, 16], "texture": "#texture"},
				"west": {"uv": [0, 0, 16, 16], "texture": "#texture"},
				"up": {"uv": [0, 0, 16, 16], "rotation": 90, "texture": "#texture"},
				"down": {"uv": [0, 0, 16, 16], "rotation": 270, "texture": "#texture"}
			}
		},
		{
			"from": [8, 21.25, 7.66106],
			"to": [9.06, 23.9, 8.71894],
			"rotation": {"angle": -45, "axis": "z", "origin": [9.06, 23.9, 7.66]},
			"faces": {
				"north": {"uv": [0, 0, 16, 16], "texture": "#texture"},
				"east": {"uv": [0, 0, 16, 16], "texture": "#8"},
				"south": {"uv": [0, 0, 16, 16], "texture": "#texture"},
				"west": {"uv": [0, 0, 16, 16], "texture": "#texture"},
				"up": {"uv": [0, 0, 16, 16], "rotation": 90, "texture": "#texture"},
				"down": {"uv": [0, 0, 16, 16], "rotation": 270, "texture": "#texture"}
			}
		},
		{
			"from": [6.41, 20.72, 9.25],
			"to": [7.47, 21.78, 10.30894],
			"rotation": {"angle": -22.5, "axis": "z", "origin": [7.47, 21.78, 9.25]},
			"faces": {
				"north": {"uv": [0, 0, 16, 16], "texture": "#texture"},
				"east": {"uv": [0, 0, 16, 16], "texture": "#8"},
				"south": {"uv": [0, 0, 16, 16], "texture": "#texture"},
				"west": {"uv": [0, 0, 16, 16], "texture": "#texture"},
				"up": {"uv": [0, 0, 16, 16], "rotation": 90, "texture": "#texture"},
				"down": {"uv": [0, 0, 16, 16], "rotation": 270, "texture": "#texture"}
			}
		},
		{
			"from": [7.47, 20.72, 9.25106],
			"to": [8.53, 22.84, 10.30788],
			"rotation": {"angle": -45, "axis": "z", "origin": [8.53, 22.84, 9.25]},
			"faces": {
				"north": {"uv": [0, 0, 16, 16], "texture": "#texture"},
				"east": {"uv": [0, 0, 16, 16], "texture": "#8"},
				"south": {"uv": [0, 0, 16, 16], "texture": "#texture"},
				"west": {"uv": [0, 0, 16, 16], "texture": "#texture"},
				"up": {"uv": [0, 0, 16, 16], "rotation": 90, "texture": "#texture"},
				"down": {"uv": [0, 0, 16, 16], "rotation": 270, "texture": "#texture"}
			}
		},
		{
			"from": [10.65, 19.66, 3.42],
			"to": [11.18, 20.72, 4.48],
			"rotation": {"angle": -45, "axis": "z", "origin": [10.12, 20.72, 3.42]},
			"faces": {
				"north": {"uv": [1, 1, 2, 3], "texture": "#power"},
				"east": {"uv": [0, 1, 1, 3], "texture": "#power"},
				"west": {"uv": [2, 1, 3, 3], "texture": "#power"},
				"up": {"uv": [1, 0, 2, 1], "rotation": 90, "texture": "#power"},
				"down": {"uv": [1, 3, 2, 4], "rotation": 270, "texture": "#power"}
			}
		},
		{
			"from": [5.88, 20.72, 4.745],
			"to": [6.41, 21.78, 5.275],
			"rotation": {"angle": -22.5, "axis": "z", "origin": [6.41, 21.78, 4.48]},
			"faces": {
				"north": {"uv": [0, 1, 1, 3], "texture": "#reality"},
				"south": {"uv": [2, 1, 3, 3], "texture": "#reality"},
				"west": {"uv": [1, 1, 2, 3], "texture": "#reality"},
				"up": {"uv": [1, 0, 2, 1], "rotation": 90, "texture": "#reality"},
				"down": {"uv": [1, 3, 2, 4], "rotation": 270, "texture": "#reality"}
			}
		},
		{
			"from": [5.88, 20.72, 6.335],
			"to": [6.41, 21.78, 6.865],
			"rotation": {"angle": -22.5, "axis": "z", "origin": [6.41, 21.78, 6.07]},
			"faces": {
				"north": {"uv": [0, 1, 1, 3], "texture": "#mind"},
				"south": {"uv": [2, 1, 3, 3], "texture": "#mind"},
				"west": {"uv": [1, 1, 2, 3], "texture": "#mind"},
				"up": {"uv": [1, 0, 2, 1], "rotation": 90, "texture": "#mind"},
				"down": {"uv": [1, 3, 2, 4], "rotation": 270, "texture": "#mind"}
			}
		},
		{
			"from": [5.88, 20.72, 7.925],
			"to": [6.41, 21.78, 8.455],
			"rotation": {"angle": -22.5, "axis": "z", "origin": [6.41, 21.78, 7.66]},
			"faces": {
				"north": {"uv": [0, 1, 1, 3], "texture": "#space"},
				"south": {"uv": [2, 1, 3, 3], "texture": "#space"},
				"west": {"uv": [1, 1, 2, 3], "texture": "#space"},
				"up": {"uv": [1, 0, 2, 1], "rotation": 90, "texture": "#space"},
				"down": {"uv": [1, 3, 2, 4], "rotation": 270, "texture": "#space"}
			}
		},
		{
			"from": [5.88, 20.72, 9.515],
			"to": [6.41, 21.78, 10.045],
			"rotation": {"angle": -22.5, "axis": "z", "origin": [6.41, 21.78, 9.25]},
			"faces": {
				"north": {"uv": [0, 1, 1, 3], "texture": "#time"},
				"south": {"uv": [2, 1, 3, 3], "texture": "#time"},
				"west": {"uv": [1, 1, 2, 3], "texture": "#time"},
				"up": {"uv": [1, 0, 2, 1], "rotation": 90, "texture": "#time"},
				"down": {"uv": [1, 3, 2, 4], "rotation": 270, "texture": "#time"}
			}
		},
		{
			"from": [4.82, 18.6, 6.07],
			"to": [5.88, 19.66, 8.19],
			"rotation": {"angle": -22.5, "axis": "z", "origin": [5.88, 19.66, 6.07]},
			"faces": {
				"north": {"uv": [1, 0, 2, 1], "rotation": 270, "texture": "#8"},
				"south": {"uv": [1, 3, 2, 4], "rotation": 270, "texture": "#8"},
				"west": {"uv": [1, 1, 2, 3], "rotation": 270, "texture": "#8"},
				"up": {"uv": [2, 1, 3, 3], "texture": "#8"},
				"down": {"uv": [0, 1, 1, 3], "rotation": 180, "texture": "#8"}
			}
		},
		{
			"from": [5.35, 11.18, 4.48],
			"to": [9.59, 17.54, 9.78],
			"faces": {
				"north": {"uv": [0, 0, 16, 16], "texture": "#8"},
				"east": {"uv": [0, 0, 16, 16], "texture": "#texture"},
				"south": {"uv": [0, 0, 16, 16], "texture": "#8"},
				"west": {"uv": [0, 0, 16, 16], "texture": "#8"},
				"up": {"uv": [0, 0, 16, 16], "rotation": 90, "texture": "#texture"},
				"down": {"uv": [0, 0, 16, 16], "rotation": 270, "texture": "#texture2", "cullface": "down"}
			}
		},
		{
			"from": [6.41, 11.18, 4.48],
			"to": [11.71, 15.42, 9.78],
			"faces": {
				"north": {"uv": [0, 0, 16, 16], "texture": "#texture"},
				"east": {"uv": [0, 0, 16, 16], "texture": "#texture"},
				"south": {"uv": [0, 0, 16, 16], "texture": "#texture"},
				"west": {"uv": [0, 0, 16, 16], "texture": "#texture"},
				"up": {"uv": [0, 0, 16, 16], "rotation": 90, "texture": "#texture"},
				"down": {"uv": [0, 0, 16, 16], "rotation": 270, "texture": "#texture2", "cullface": "down"}
			}
		}
	],
	"display": {
		"firstperson": {
                        "rotation": [ 0, 40, -50 ],
                        "translation": [ 0, -1, 2.0 ],
                        "scale": [ 1.7, 1.7, 1.7 ]
		},
		"ground": {
			"translation": [0, -13, 0],
			"scale": [4, 4, 4]
		},
		"gui": {
			"rotation": [0, 280, 0],
			"translation": [0, -6.3, 0],
			"scale": [1.8, 1.8, 1.8]
		},
		"fixed": {
			"rotation": [-90, 0, 0],
			"translation": [0, 0, -9],
			"scale": [3, 3, 3]
		}
	}
}