{
"__comment": "Model generated By CrypticMemes",
"textures": {
    "texture1": "blocks/nuko_side",
    "texture": "blocks/nuko"
},
"elements": [ 
{
    "from": [ 2, 2, -3.5 ],
    "to": [ 4, 5, -1.5 ],
    "faces": {
        "down":  { "uv": [ 1.5, 11.5, 4, 14.5 ], "texture": "#texture1", "cullface": "north" },
        "up":    { "uv": [ 1.5, 11.5, 4, 14.5 ], "texture": "#texture1", "cullface": "north" },
        "north": { "uv": [ 1.5, 11.5, 4, 14.5 ], "texture": "#texture1", "cullface": "north" },
        "south": { "uv": [ 1.5, 11.5, 4, 14.5 ], "texture": "#texture1", "cullface": "north" },
        "west":  { "uv": [ 1.5, 11.5, 4, 14.5 ], "texture": "#texture1", "cullface": "north" },
        "east":  { "uv": [ 1.5, 11.5, 4, 14.5 ], "texture": "#texture1", "cullface": "north" }
    }
},
{
    "from": [ 2, 2, 5.5 ],
    "to": [ 4, 5, 7.5 ],
    "faces": {
        "down":  { "uv": [ 1.5, 11.5, 4, 14.5 ], "texture": "#texture1" },
        "up":    { "uv": [ 1.5, 11.5, 4, 14.5 ], "texture": "#texture1" },
        "north": { "uv": [ 1.5, 11.5, 4, 14.5 ], "texture": "#texture1" },
        "south": { "uv": [ 1.5, 11.5, 4, 14.5 ], "texture": "#texture1" },
        "west":  { "uv": [ 1.5, 11.5, 4, 14.5 ], "texture": "#texture1" },
        "east":  { "uv": [ 1.5, 11.5, 4, 14.5 ], "texture": "#texture1" }
    }
},
{
    "from": [ 12.5, 2, 5.5 ],
    "to": [ 14.5, 5, 7.5 ],
    "faces": {
        "down":  { "uv": [ 1.5, 11.5, 4, 14.5 ], "texture": "#texture1" },
        "up":    { "uv": [ 1.5, 11.5, 4, 14.5 ], "texture": "#texture1" },
        "north": { "uv": [ 1.5, 11.5, 4, 14.5 ], "texture": "#texture1" },
        "south": { "uv": [ 1.5, 11.5, 4, 14.5 ], "texture": "#texture1" },
        "west":  { "uv": [ 1.5, 11.5, 4, 14.5 ], "texture": "#texture1" },
        "east":  { "uv": [ 1.5, 11.5, 4, 14.5 ], "texture": "#texture1" }
    }
},
{
    "from": [ 12.5, 2, -3.5 ],
    "to": [ 14.5, 5, -1.5 ],
    "faces": {
        "down":  { "uv": [ 1.5, 11.5, 4, 14.5 ], "texture": "#texture1", "cullface": "north" },
        "up":    { "uv": [ 1.5, 11.5, 4, 14.5 ], "texture": "#texture1", "cullface": "north" },
        "north": { "uv": [ 1.5, 11.5, 4, 14.5 ], "texture": "#texture1", "cullface": "north" },
        "south": { "uv": [ 1.5, 11.5, 4, 14.5 ], "texture": "#texture1", "cullface": "north" },
        "west":  { "uv": [ 1.5, 11.5, 4, 14.5 ], "texture": "#texture1", "cullface": "north" },
        "east":  { "uv": [ 1.5, 11.5, 4, 14.5 ], "texture": "#texture1", "cullface": "north" }
    }
},
{
    "from": [ 3, 3, -3 ],
    "to": [ 14, 14, 7 ],
    "faces": {
        "down":  { "uv": [ 3, 6, 13, 13 ], "texture": "#texture1", "cullface": "north" },
        "up":    { "uv": [ 3, 6, 13, 13 ], "texture": "#texture1", "cullface": "north" },
        "north": { "uv": [ 3, 6, 13, 13 ], "texture": "#texture1", "cullface": "north" },
        "south": { "uv": [ 3, 6, 13, 13 ], "texture": "#texture1", "cullface": "north" },
        "west":  { "uv": [ 3, 6, 13, 13 ], "texture": "#texture1", "cullface": "north" },
        "east":  { "uv": [ 3, 6, 13, 13 ], "texture": "#texture1", "cullface": "north" }
    }
},
{
    "from": [ 4, 10.1154, -3.5 ],
    "to": [ 5.5, 11.6154, -3 ],
    "faces": {
        "down":  { "uv": [ 4.5, 6.5, 5, 7.5 ], "texture": "#texture", "cullface": "north" },
        "up":    { "uv": [ 4.5, 6.5, 5, 7.5 ], "texture": "#texture", "cullface": "north" },
        "north": { "uv": [ 4.5, 6.5, 5, 7.5 ], "texture": "#texture", "cullface": "north" },
        "west":  { "uv": [ 4.5, 6.5, 5, 7.5 ], "texture": "#texture", "cullface": "north" },
        "east":  { "uv": [ 4.5, 6.5, 5, 7.5 ], "texture": "#texture", "cullface": "north" }
    }
},
{
    "from": [ 4.5, 9.5, -3.5 ],
    "to": [ 6, 11, -3 ],
    "faces": {
        "down":  { "uv": [ 4.5, 6.5, 5, 7.5 ], "texture": "#texture", "cullface": "north" },
        "up":    { "uv": [ 4.5, 6.5, 5, 7.5 ], "texture": "#texture", "cullface": "north" },
        "north": { "uv": [ 4.5, 6.5, 5, 7.5 ], "texture": "#texture", "cullface": "north" },
        "west":  { "uv": [ 4.5, 6.5, 5, 7.5 ], "texture": "#texture", "cullface": "north" },
        "east":  { "uv": [ 4.5, 6.5, 5, 7.5 ], "texture": "#texture", "cullface": "north" }
    }
},
{
    "from": [ 10.5, 9.5, -3.5 ],
    "to": [ 12, 11, -3 ],
    "faces": {
        "down":  { "uv": [ 4.5, 6.5, 5, 7.5 ], "texture": "#texture", "cullface": "north" },
        "up":    { "uv": [ 4.5, 6.5, 5, 7.5 ], "texture": "#texture", "cullface": "north" },
        "north": { "uv": [ 4.5, 6.5, 5, 7.5 ], "texture": "#texture", "cullface": "north" },
        "west":  { "uv": [ 4.5, 6.5, 5, 7.5 ], "texture": "#texture", "cullface": "north" },
        "east":  { "uv": [ 4.5, 6.5, 5, 7.5 ], "texture": "#texture", "cullface": "north" }
    }
},
{
    "from": [ 11, 10.1154, -3.5 ],
    "to": [ 12.5, 11.6154, -3 ],
    "faces": {
        "down":  { "uv": [ 4.5, 6.5, 5, 7.5 ], "texture": "#texture", "cullface": "north" },
        "up":    { "uv": [ 4.5, 6.5, 5, 7.5 ], "texture": "#texture", "cullface": "north" },
        "north": { "uv": [ 4.5, 6.5, 5, 7.5 ], "texture": "#texture", "cullface": "north" },
        "west":  { "uv": [ 4.5, 6.5, 5, 7.5 ], "rotation": 270, "texture": "#texture", "cullface": "north" },
        "east":  { "uv": [ 4.5, 6.5, 5.5, 7.5 ], "texture": "#texture", "cullface": "north" }
    }
},
{
    "from": [ 5, 5.5, -3.5 ],
    "to": [ 6, 6.5, -3 ],
    "faces": {
        "down":  { "uv": [ 5, 10.5, 5.5, 11 ], "texture": "#texture", "cullface": "north" },
        "up":    { "uv": [ 5, 10.5, 5.4999990463256836, 11 ], "texture": "#texture", "cullface": "north" },
        "north": { "uv": [ 5, 10.5, 5.4999990463256836, 11 ], "texture": "#texture", "cullface": "north" },
        "west":  { "uv": [ 5, 10.5, 5.4999990463256836, 11 ], "texture": "#texture", "cullface": "north" },
        "east":  { "uv": [ 5, 10.5, 5.4999990463256836, 11 ], "texture": "#texture", "cullface": "north" }
    }
},
{
    "from": [ 6, 6.5, -3.5 ],
    "to": [ 11, 7.5, -3 ],
    "faces": {
        "down":  { "uv": [ 5.5, 10, 9.5, 10.5 ], "texture": "#texture", "cullface": "north" },
        "up":    { "uv": [ 5.5, 10, 9.5, 10.5 ], "texture": "#texture", "cullface": "north" },
        "north": { "uv": [ 5.5, 10, 9.5, 10.5 ], "texture": "#texture", "cullface": "north" },
        "west":  { "uv": [ 5.5, 10, 9.5, 10.5 ], "texture": "#texture", "cullface": "north" },
        "east":  { "uv": [ 5.5, 10, 9.5, 10.5 ], "texture": "#texture", "cullface": "north" }
    }
},
{
    "from": [ 11, 5.5, -3.5 ],
    "to": [ 12, 6.5, -3 ],
    "faces": {
        "down":  { "uv": [ 5, 10.5, 5.5, 11 ], "texture": "#texture", "cullface": "north" },
        "up":    { "uv": [ 5, 10.5, 5.4999990463256836, 11 ], "texture": "#texture", "cullface": "north" },
        "north": { "uv": [ 5, 10.5, 5.4999990463256836, 11 ], "texture": "#texture", "cullface": "north" },
        "west":  { "uv": [ 5, 10.5, 5.4999990463256836, 11 ], "texture": "#texture", "cullface": "north" },
        "east":  { "uv": [ 5, 10.5, 5.4999990463256836, 11 ], "texture": "#texture", "cullface": "north" }
    }
},
{
    "__comment": "Box14",
    "from": [ 3.5, 14, -2.5 ],
    "to": [ 13.5, 14.5, 6.5 ],
    "faces": {
        "up":    { "uv": [ 3, 4, 13, 4.5 ], "texture": "#texture", "cullface": "north" },
        "north": { "uv": [ 3, 4, 13, 4.5 ], "texture": "#texture", "cullface": "north" },
        "south": { "uv": [ 3, 4, 13, 4.5 ], "texture": "#texture", "cullface": "north" },
        "west":  { "uv": [ 3, 4, 13, 4.5 ], "texture": "#texture", "cullface": "north" },
        "east":  { "uv": [ 3, 4, 13, 4.5 ], "texture": "#texture", "cullface": "north" }
    }
},
{
    "__comment": "Box15",
    "from": [ 4, 14.5, -2 ],
    "to": [ 13, 15, 6 ],
    "faces": {
        "up":    { "uv": [ 3.5, 3.5, 12.5, 4 ], "texture": "#texture", "cullface": "north" },
        "north": { "uv": [ 3.5, 3.5, 12.5, 4 ], "texture": "#texture", "cullface": "north" },
        "south": { "uv": [ 3.5, 3.5, 12.5, 4 ], "texture": "#texture", "cullface": "north" },
        "west":  { "uv": [ 3.5, 3.5, 12.5, 4 ], "texture": "#texture", "cullface": "north" },
        "east":  { "uv": [ 4, 3, 12, 3.5 ], "texture": "#texture", "cullface": "north" }
    }
},
{
    "__comment": "Box16",
    "from": [ 4.5, 15, -1.5 ],
    "to": [ 12.5, 15.5, 5.5 ],
    "faces": {
        "up":    { "uv": [ 4, 3, 12, 3.5 ], "texture": "#texture", "cullface": "north" },
        "north": { "uv": [ 4, 3, 12, 3.5 ], "texture": "#texture", "cullface": "north" },
        "south": { "uv": [ 4, 3, 12, 3.5 ], "texture": "#texture", "cullface": "north" },
        "west":  { "uv": [ 4, 3, 12, 3.5 ], "texture": "#texture", "cullface": "north" },
        "east":  { "uv": [ 4, 3, 12, 3.5 ], "texture": "#texture", "cullface": "north" }
    }
},
{
    "__comment": "Box17",
    "from": [ 5, 15.5, -1 ],
    "to": [ 12, 16, 5 ],
    "faces": {
        "up":    { "uv": [ 4.5, 2.5, 11.5, 3 ], "texture": "#texture", "cullface": "north" },
        "north": { "uv": [ 4.5, 2.5, 11.5, 3 ], "texture": "#texture", "cullface": "north" },
        "south": { "uv": [ 4.5, 2.5, 11.5, 3 ], "texture": "#texture", "cullface": "north" },
        "west":  { "uv": [ 4.5, 2.5, 11.5, 3 ], "texture": "#texture", "cullface": "north" },
        "east":  { "uv": [ 4.5, 2.5, 11.5, 3 ], "texture": "#texture", "cullface": "north" }
    }
},
{
    "__comment": "Box18",
    "from": [ 5.5, 16, -0.5 ],
    "to": [ 11.5, 16.5, 4.5 ],
    "faces": {
        "up":    { "uv": [ 5, 2, 11, 2.5 ], "texture": "#texture" },
        "north": { "uv": [ 5, 2, 11, 2.5 ], "texture": "#texture" },
        "south": { "uv": [ 5, 2, 11, 2.5 ], "texture": "#texture" },
        "west":  { "uv": [ 5, 2, 11, 2.5 ], "texture": "#texture" },
        "east":  { "uv": [ 5, 2, 11, 2.5 ], "texture": "#texture" }
    }
},
{
    "__comment": "Box19",
    "from": [ 6, 16.5, 0 ],
    "to": [ 11, 17, 4 ],
    "faces": {
        "up":    { "uv": [ 5.5, 1.5, 10.5, 2 ], "texture": "#texture", "cullface": "up" },
        "north": { "uv": [ 5.5, 1.5, 10.5, 2 ], "texture": "#texture", "cullface": "up" },
        "south": { "uv": [ 5.5, 1.5, 10.5, 2 ], "texture": "#texture", "cullface": "up" },
        "west":  { "uv": [ 5.5, 1.5, 10.5, 2 ], "texture": "#texture", "cullface": "up" },
        "east":  { "uv": [ 5.5, 1.5, 10.5, 2 ], "texture": "#texture", "cullface": "up" }
    }
},
{
    "__comment": "Box20",
    "from": [ 6.5, 17, 0.5 ],
    "to": [ 10.5, 17.5, 3.5 ],
    "faces": {
        "up":    { "uv": [ 6, 1, 10, 1.5 ], "texture": "#texture", "cullface": "up" },
        "north": { "uv": [ 6, 1, 10, 1.5 ], "texture": "#texture", "cullface": "up" },
        "south": { "uv": [ 6, 1, 10, 1.5 ], "texture": "#texture", "cullface": "up" },
        "west":  { "uv": [ 6, 1, 10, 1.5 ], "texture": "#texture", "cullface": "up" },
        "east":  { "uv": [ 6, 1, 10, 1.5 ], "texture": "#texture", "cullface": "up" }
    }
},
{
    "__comment": "Box21",
    "from": [ 7, 17.5, 1 ],
    "to": [ 10, 18, 3 ],
    "faces": {
        "up":    { "uv": [ 6.5, 0.5, 9.5, 1 ], "texture": "#texture", "cullface": "up" },
        "north": { "uv": [ 6.5, 0.5, 9.5, 1 ], "texture": "#texture", "cullface": "up" },
        "south": { "uv": [ 6.5, 0.5, 9.5, 1 ], "texture": "#texture", "cullface": "up" },
        "west":  { "uv": [ 6.5, 0.5, 9.5, 1 ], "texture": "#texture", "cullface": "up" },
        "east":  { "uv": [ 6.5, 0.5, 9.5, 1 ], "texture": "#texture", "cullface": "up" }
    }
},
{
    "__comment": "Box22",
    "from": [ 7.5, 18, 1.5 ],
    "to": [ 9.5, 18.5, 2.5 ],
    "faces": {
        "up":    { "uv": [ 7, 0, 9, 0.5 ], "texture": "#texture", "cullface": "up" },
        "north": { "uv": [ 7, 0, 9, 0.5 ], "texture": "#texture", "cullface": "up" },
        "south": { "uv": [ 7, 0, 9, 0.5 ], "texture": "#texture", "cullface": "up" },
        "west":  { "uv": [ 7, 0, 9, 0.5 ], "texture": "#texture", "cullface": "up" },
        "east":  { "uv": [ 7, 0, 9, 0.5 ], "texture": "#texture", "cullface": "up" }
    }
}
],
"display": {
    "thirdperson": {
        "rotation": [ 145, 180, 0 ],
        "translation": [ 0, 0.2, 0.1 ],
        "scale": [ 0.5, 0.5, 0.5 ]
    },
    "head": {
        "rotation": [ 0, 0, 0 ],
        "translation": [ 0, 0.4, 5.4 ],
        "scale": [ 1.66, 1.66, 1.66]
    },
    "fixed": {
        "rotation": [ 0, 0, 0 ],
        "translation": [ 0, 0, 4.7 ],
        "scale": [ 1.23, 1.29, 1.39 ]
    },
    "firstperson": {
        "rotation": [ 0, 44, 0 ],
        "translation": [ 0, 0, 0 ],
        "scale": [ 1, 1, 1 ]
    },
    "gui": {
        "rotation": [ 28, -45, 0 ],
        "translation": [ -0.5, -1.8, 0 ],
        "scale": [ 1.67, 1.54, 1 ]
    }
}
}