{
    "__comment": "Model generated using MrCrayfish's Model Creator (http://mrcrayfish.com/modelcreator/)",
    "textures": {
        "0": "blocks/TNTW_Front",
        "1": "blocks/TNTW_Right",
        "2": "blocks/TNTW_Back",
        "3": "blocks/TNTW_Left",
        "4": "blocks/TNTW_Top",
        "5": "blocks/TNTW_Low",
        "6": "blocks/hairfill"
    },
    "elements": [
        {
            "name": "Head",
            "from": [ 0.0, 0.0, 0.0 ], 
            "to": [ 16.0, 16.0, 16.0 ], 
            "faces": {
                "north": { "texture": "#0", "uv": [ 0.0, 0.0, 16.0, 16.0 ] },
                "east": { "texture": "#1", "uv": [ 0.0, 0.0, 16.0, 16.0 ] },
                "south": { "texture": "#2", "uv": [ 0.0, 0.0, 16.0, 16.0 ] },
                "west": { "texture": "#3", "uv": [ 0.0, 0.0, 16.0, 16.0 ] },
                "up": { "texture": "#4", "uv": [ 0.0, 0.0, 16.0, 16.0 ] },
                "down": { "texture": "#5", "uv": [ 0.0, 0.0, 16.0, 16.0 ] }
            }
        },
        {
            "name": "Beard1",
            "from": [ 10.0, 0.0, -1.0 ], 
            "to": [ 14.0, 2.0, 0.0 ], 
            "faces": {
                "north": { "texture": "#0", "uv": [ 2.0, 14.0, 6.0, 16.0 ] },
                "east": { "texture": "#6", "uv": [ 0.0, 8.0, 1.0, 10.0 ] },
                "south": { "texture": "#6", "uv": [ 0.0, 0.0, 4.0, 2.0 ] },
                "west": { "texture": "#6", "uv": [ 0.0, 0.0, 1.0, 2.0 ] },
                "up": { "texture": "#6", "uv": [ 0.0, 0.0, 4.0, 1.0 ] },
                "down": { "texture": "#6", "uv": [ 0.0, 0.0, 4.0, 1.0 ] }
            }
        },
        {
            "name": "Beard2",
            "from": [ 2.0, 0.0, -1.0 ], 
            "to": [ 6.0, 2.0, 0.0 ], 
            "faces": {
                "north": { "texture": "#0", "uv": [ 10.0, 14.0, 14.0, 16.0 ] },
                "east": { "texture": "#6", "uv": [ 1.0, 2.0, 2.0, 4.0 ] },
                "south": { "texture": "#6", "uv": [ 0.0, 0.0, 4.0, 2.0 ] },
                "west": { "texture": "#6", "uv": [ 0.0, 0.0, 1.0, 2.0 ] },
                "up": { "texture": "#6", "uv": [ 0.0, 0.0, 4.0, 1.0 ] },
                "down": { "texture": "#6", "uv": [ 0.0, 0.0, 4.0, 1.0 ] }
            }
        },
        {
            "name": "Beard3",
            "from": [ 4.0, 2.0, -1.0 ], 
            "to": [ 12.0, 4.0, 0.0 ], 
            "faces": {
                "north": { "texture": "#0", "uv": [ 4.0, 12.0, 12.0, 14.0 ] },
                "east": { "texture": "#6", "uv": [ 0.0, 0.0, 1.0, 2.0 ] },
                "south": { "texture": "#6", "uv": [ 0.0, 0.0, 8.0, 2.0 ] },
                "west": { "texture": "#6", "uv": [ 0.0, 0.0, 1.0, 2.0 ] },
                "up": { "texture": "#6", "uv": [ 0.0, 0.0, 8.0, 1.0 ] },
                "down": { "texture": "#6", "uv": [ 0.0, 0.0, 8.0, 1.0 ] }
            }
        },
        {
            "name": "HairF1",
            "from": [ 0.0, 8.0, -1.0 ], 
            "to": [ 2.0, 10.0, 0.0 ], 
            "faces": {
                "north": { "texture": "#0", "uv": [ 14.0, 6.0, 16.0, 8.0 ] },
                "east": { "texture": "#6", "uv": [ 0.0, 0.0, 1.0, 2.0 ] },
                "south": { "texture": "#6", "uv": [ 0.0, 0.0, 2.0, 2.0 ] },
                "west": { "texture": "#6", "uv": [ 0.0, 0.0, 1.0, 2.0 ] },
                "up": { "texture": "#6", "uv": [ 0.0, 0.0, 2.0, 1.0 ] },
                "down": { "texture": "#6", "uv": [ 0.0, 0.0, 2.0, 1.0 ] }
            }
        },
        {
            "name": "HairF2",
            "from": [ 2.0, 10.0, -1.0 ], 
            "to": [ 14.0, 12.0, 0.0 ], 
            "faces": {
                "north": { "texture": "#0", "uv": [ 2.0, 4.0, 14.0, 6.0 ] },
                "east": { "texture": "#6", "uv": [ 0.0, 0.0, 1.0, 2.0 ] },
                "south": { "texture": "#6", "uv": [ 0.0, 0.0, 12.0, 2.0 ] },
                "west": { "texture": "#6", "uv": [ 0.0, 0.0, 1.0, 2.0 ] },
                "up": { "texture": "#6", "uv": [ 0.0, 0.0, 12.0, 1.0 ] },
                "down": { "texture": "#6", "uv": [ 0.0, 0.0, 12.0, 1.0 ] }
            }
        },
        {
            "name": "HairF3",
            "from": [ 14.0, 8.0, -1.0 ], 
            "to": [ 16.0, 10.0, 0.0 ], 
            "faces": {
                "north": { "texture": "#0", "uv": [ 0.0, 6.0, 2.0, 8.0 ] },
                "east": { "texture": "#6", "uv": [ 0.0, 0.0, 1.0, 2.0 ] },
                "south": { "texture": "#6", "uv": [ 0.0, 0.0, 2.0, 2.0 ] },
                "west": { "texture": "#6", "uv": [ 0.0, 0.0, 1.0, 2.0 ] },
                "up": { "texture": "#6", "uv": [ 0.0, 0.0, 2.0, 1.0 ] },
                "down": { "texture": "#6", "uv": [ 0.0, 0.0, 2.0, 1.0 ] }
            }
        },
        {
            "name": "HairS1",
            "from": [ -1.0, 6.0, 0.10000000149011612 ], 
            "to": [ 17.0, 10.0, 2.0 ], 
            "faces": {
                "north": { "texture": "#6", "uv": [ 0.0, 0.0, 16.0, 4.0 ] },
                "east": { "texture": "#1", "uv": [ 14.0, 6.0, 15.899999998509884, 10.0 ] },
                "south": { "texture": "#6", "uv": [ 0.0, 0.0, 16.0, 4.0 ] },
                "west": { "texture": "#3", "uv": [ 0.0, 6.0, 1.8999999985098839, 10.0 ] },
                "up": { "texture": "#6", "uv": [ 0.0, 2.0, 16.0, 4.0 ] },
                "down": { "texture": "#6", "uv": [ 0.0, 0.0, 16.0, 2.0 ] }
            }
        },
        {
            "name": "HairS2",
            "from": [ -1.0, 8.0, 2.0 ], 
            "to": [ 17.0, 10.0, 6.0 ], 
            "faces": {
                "north": { "texture": "#6", "uv": [ 0.0, 0.0, 16.0, 2.0 ] },
                "east": { "texture": "#1", "uv": [ 10.0, 6.0, 14.0, 8.0 ] },
                "south": { "texture": "#6", "uv": [ 0.0, 0.0, 16.0, 2.0 ] },
                "west": { "texture": "#3", "uv": [ 2.0, 6.0, 6.0, 8.0 ] },
                "up": { "texture": "#6", "uv": [ 0.0, 0.0, 16.0, 4.0 ] },
                "down": { "texture": "#6", "uv": [ 0.0, 0.0, 16.0, 4.0 ] }
            }
        },
        {
            "name": "HairS3",
            "from": [ -1.0, 6.0, 4.0 ], 
            "to": [ 17.0, 8.0, 14.0 ], 
            "faces": {
                "north": { "texture": "#6", "uv": [ 0.0, 0.0, 16.0, 2.0 ] },
                "east": { "texture": "#1", "uv": [ 2.0, 8.0, 12.0, 10.0 ] },
                "south": { "texture": "#6", "uv": [ 0.0, 0.0, 16.0, 2.0 ] },
                "west": { "texture": "#3", "uv": [ 4.0, 8.0, 14.0, 10.0 ] },
                "up": { "texture": "#6", "uv": [ 0.0, 0.0, 16.0, 10.0 ] },
                "down": { "texture": "#6", "uv": [ 0.0, 0.0, 16.0, 10.0 ] }
            }
        },
        {
            "name": "HairS4",
            "from": [ -1.0, 4.0, 4.0 ], 
            "to": [ 17.0, 6.0, 16.0 ], 
            "faces": {
                "north": { "texture": "#6", "uv": [ 0.0, 0.0, 16.0, 2.0 ] },
                "east": { "texture": "#1", "uv": [ 0.0, 10.0, 12.0, 12.0 ] },
                "south": { "texture": "#6", "uv": [ 0.0, 0.0, 16.0, 2.0 ] },
                "west": { "texture": "#3", "uv": [ 4.0, 10.0, 16.0, 12.0 ] },
                "up": { "texture": "#6", "uv": [ 0.0, 0.0, 16.0, 12.0 ] },
                "down": { "texture": "#6", "uv": [ 0.0, 0.0, 16.0, 12.0 ] }
            }
        },
        {
            "name": "HairS5",
            "from": [ -1.0, 0.0, 6.0 ], 
            "to": [ 17.0, 4.0, 16.0 ], 
            "faces": {
                "north": { "texture": "#6", "uv": [ 0.0, 0.0, 16.0, 4.0 ] },
                "east": { "texture": "#1", "uv": [ 0.0, 12.0, 10.0, 16.0 ] },
                "south": { "texture": "#6", "uv": [ 0.0, 0.0, 16.0, 4.0 ] },
                "west": { "texture": "#3", "uv": [ 6.0, 12.0, 16.0, 16.0 ] },
                "up": { "texture": "#6", "uv": [ 0.0, 0.0, 16.0, 10.0 ] },
                "down": { "texture": "#6", "uv": [ 0.0, 0.0, 16.0, 10.0 ] }
            }
        },
        {
            "name": "HairB1",
            "from": [ 0.0, 0.0, 16.0 ], 
            "to": [ 2.0, 6.0, 17.0 ], 
            "faces": {
                "north": { "texture": "#6", "uv": [ 0.0, 0.0, 2.0, 6.0 ] },
                "east": { "texture": "#6", "uv": [ 0.0, 0.0, 1.0, 6.0 ] },
                "south": { "texture": "#2", "uv": [ 0.0, 10.0, 2.0, 16.0 ] },
                "west": { "texture": "#6", "uv": [ 0.0, 0.0, 1.0, 6.0 ] },
                "up": { "texture": "#6", "uv": [ 0.0, 0.0, 2.0, 1.0 ] },
                "down": { "texture": "#6", "uv": [ 0.0, 0.0, 2.0, 1.0 ] }
            }
        },
        {
            "name": "HairB2",
            "from": [ 14.0, 0.0, 16.0 ], 
            "to": [ 16.0, 6.0, 17.0 ], 
            "faces": {
                "north": { "texture": "#6", "uv": [ 0.0, 0.0, 2.0, 6.0 ] },
                "east": { "texture": "#6", "uv": [ 0.0, 0.0, 1.0, 6.0 ] },
                "south": { "texture": "#2", "uv": [ 14.0, 10.0, 16.0, 16.0 ] },
                "west": { "texture": "#6", "uv": [ 0.0, 0.0, 1.0, 6.0 ] },
                "up": { "texture": "#6", "uv": [ 0.0, 0.0, 2.0, 1.0 ] },
                "down": { "texture": "#6", "uv": [ 0.0, 0.0, 2.0, 1.0 ] }
            }
        },
        {
            "name": "HairB3",
            "from": [ 2.0, 0.0, 16.0 ], 
            "to": [ 14.0, 4.0, 17.0 ], 
            "faces": {
                "north": { "texture": "#6", "uv": [ 0.0, 0.0, 12.0, 4.0 ] },
                "east": { "texture": "#6", "uv": [ 0.0, 0.0, 1.0, 4.0 ] },
                "south": { "texture": "#2", "uv": [ 2.0, 12.0, 14.0, 16.0 ] },
                "west": { "texture": "#6", "uv": [ 0.0, 3.0, 1.0, 7.0 ] },
                "up": { "texture": "#6", "uv": [ 0.0, 0.0, 12.0, 1.0 ] },
                "down": { "texture": "#-1", "uv": [ 0.0, 0.0, 12.0, 1.0 ] }
            }
        },
        {
            "name": "HatTop",
            "from": [ -2.0, 12.0, -2.0 ], 
            "to": [ 18.0, 18.0, 18.0 ], 
            "faces": {
                "north": { "texture": "#0", "uv": [ 0.0, 0.0, 16.0, 4.0 ] },
                "east": { "texture": "#1", "uv": [ 0.0, 0.0, 16.0, 6.0 ] },
                "south": { "texture": "#2", "uv": [ 0.0, 0.0, 16.0, 6.0 ] },
                "west": { "texture": "#3", "uv": [ 0.0, 0.0, 16.0, 6.0 ] },
                "up": { "texture": "#4", "uv": [ 0.0, 0.0, 16.0, 16.0 ] },
                "down": { "texture": "#4", "uv": [ 0.0, 0.0, 20.0, 20.0 ] }
            }
        },
        {
            "name": "HatMain1",
            "from": [ -2.0, 10.0, -2.0 ], 
            "to": [ 2.0, 12.0, 18.0 ], 
            "faces": {
                "north": { "texture": "#0", "uv": [ 12.0, 4.0, 16.0, 6.0 ] },
                "east": { "texture": "#3", "uv": [ 0.0, 0.0, 16.0, 2.0 ] },
                "south": { "texture": "#2", "uv": [ 0.0, 5.0, 4.0, 7.0 ] },
                "west": { "texture": "#3", "uv": [ 0.0, 4.0, 16.0, 6.0 ] },
                "up": { "texture": "#4", "uv": [ 0.0, 0.0, 4.0, 16.0 ] },
                "down": { "texture": "#4", "uv": [ 0.0, 0.0, 4.0, 16.0 ] }
            }
        },
        {
            "name": "HatMain2",
            "from": [ 14.0, 10.0, -2.0 ], 
            "to": [ 18.0, 12.0, 18.0 ], 
            "faces": {
                "north": { "texture": "#0", "uv": [ 12.0, 4.0, 16.0, 6.0 ] },
                "east": { "texture": "#3", "uv": [ 0.0, 4.0, 16.0, 6.0 ] },
                "south": { "texture": "#2", "uv": [ 0.0, 5.0, 4.0, 7.0 ] },
                "west": { "texture": "#3", "uv": [ 0.0, 4.0, 16.0, 6.0 ] },
                "up": { "texture": "#4", "uv": [ 0.0, 0.0, 4.0, 16.0 ] },
                "down": { "texture": "#4", "uv": [ 0.0, 0.0, 4.0, 16.0 ] }
            }
        },
        {
            "name": "HatMain4",
            "from": [ 2.0, 10.0, 16.0 ], 
            "to": [ 14.0, 12.0, 18.0 ], 
            "faces": {
                "north": { "texture": "#-1", "uv": [ 0.0, 0.0, 12.0, 2.0 ] },
                "east": { "texture": "#-1", "uv": [ 0.0, 0.0, 2.0, 2.0 ] },
                "south": { "texture": "#2", "uv": [ 2.0, 5.0, 14.0, 7.0 ] },
                "west": { "texture": "#-1", "uv": [ 0.0, 0.0, 2.0, 2.0 ] },
                "up": { "texture": "#-1", "uv": [ 0.0, 0.0, 12.0, 2.0 ] },
                "down": { "texture": "#-1", "uv": [ 0.0, 0.0, 12.0, 2.0 ] }
            }
        },
        {
            "name": "HatMain5",
            "from": [ -2.0, 8.0, 6.0 ], 
            "to": [ 18.0, 10.0, 18.0 ], 
            "faces": {
                "north": { "texture": "#4", "uv": [ 0.0, 0.0, 16.0, 2.0 ] },
                "east": { "texture": "#1", "uv": [ 0.0, 3.0, 12.0, 5.0 ] },
                "south": { "texture": "#2", "uv": [ 0.0, 6.0, 16.0, 8.0 ] },
                "west": { "texture": "#3", "uv": [ 0.0, 4.0, 12.0, 6.0 ] },
                "up": { "texture": "#-1", "uv": [ 0.0, 0.0, 16.0, 12.0 ] },
                "down": { "texture": "#4", "uv": [ 0.0, 0.0, 16.0, 12.0 ] }
            }
        },
        {
            "name": "HatMain6",
            "from": [ -2.0, 6.0, 14.0 ], 
            "to": [ 18.0, 8.0, 18.0 ], 
            "faces": {
                "north": { "texture": "#4", "uv": [ 0.0, 0.0, 16.0, 2.0 ] },
                "east": { "texture": "#1", "uv": [ 0.0, 6.0, 4.0, 8.0 ] },
                "south": { "texture": "#2", "uv": [ 0.0, 0.0, 16.0, 2.0 ] },
                "west": { "texture": "#3", "uv": [ 12.0, 6.0, 16.0, 8.0 ] },
                "up": { "texture": "#-1", "uv": [ 0.0, 0.0, 16.0, 4.0 ] },
                "down": { "texture": "#4", "uv": [ 0.0, 8.0, 16.0, 12.0 ] }
            }
        },
        {
            "name": "HatMain7",
            "from": [ 2.0, 4.0, 16.0 ], 
            "to": [ 14.0, 6.0, 18.0 ], 
            "faces": {
                "north": { "texture": "#-1", "uv": [ 0.0, 0.0, 12.0, 2.0 ] },
                "east": { "texture": "#4", "uv": [ 0.0, 0.0, 2.0, 2.0 ] },
                "south": { "texture": "#2", "uv": [ 2.0, 10.0, 14.0, 12.0 ] },
                "west": { "texture": "#4", "uv": [ 0.0, 0.0, 2.0, 2.0 ] },
                "up": { "texture": "#-1", "uv": [ 0.0, 0.0, 12.0, 2.0 ] },
                "down": { "texture": "#4", "uv": [ 0.0, 0.0, 12.0, 2.0 ] }
            }
        }
    ]
}