{
	"__comment": "Designed by Cryptic with Cubik Studio - https://cubik.studio",
	"textures": {
		"particle": "blocks/anakin_skywalker",
		"texture": "blocks/anakin_skywalker"
	},
	"elements": [ 	 
		{
			"__comment": "Box1",
			"from": [ 1.5, 6, 8 ],
			"to": [ 14.5, 7.5, 9 ],
			"faces": {
				"down": { "uv": [ 1.5, 9.5, 14.5, 10 ], "texture": "#texture" },
				"up": { "uv": [ 1.5, 9, 14.5, 8.5 ], "texture": "#texture" },
				"north": { "uv": [ 14.5, 8.5, 1.5, 10 ], "texture": "#texture" },
				"south": { "uv": [ 1.5, 8.5, 14.5, 10 ], "texture": "#texture" },
				"west": { "uv": [ 1.5, 8.5, 2, 10 ], "texture": "#texture" },
				"east": { "uv": [ 14.5, 10, 14, 8.5 ], "texture": "#texture", "rotation": 180 }
			}
		},
		{
			"__comment": "Box2",
			"from": [ 1.5, 5, 8 ],
			"to": [ 14, 6, 9 ],
			"faces": {
				"down": { "uv": [ 1.5, 10.5, 14, 11 ], "texture": "#texture" },
				"up": { "uv": [ 1.5, 10.5, 14, 10 ], "texture": "#texture" },
				"north": { "uv": [ 14, 10, 1.5, 11 ], "texture": "#texture" },
				"south": { "uv": [ 1.5, 10, 14, 11 ], "texture": "#texture" },
				"west": { "uv": [ 1.5, 10, 2, 11 ], "texture": "#texture" },
				"east": { "uv": [ 14, 11, 13.5, 10 ], "texture": "#texture", "rotation": 180 }
			}
		},
		{
			"__comment": "Box3",
			"from": [ 2, 4, 8 ],
			"to": [ 14, 9, 9 ],
			"faces": {
				"down": { "uv": [ 2, 11.5, 14, 12 ], "texture": "#texture" },
				"up": { "uv": [ 2, 7.5, 14, 7 ], "texture": "#texture" },
				"north": { "uv": [ 14, 7, 2, 12 ], "texture": "#texture" },
				"south": { "uv": [ 2, 7, 14, 12 ], "texture": "#texture" },
				"west": { "uv": [ 2, 7, 2.5, 12 ], "texture": "#texture" },
				"east": { "uv": [ 14, 12, 13.5, 7 ], "texture": "#texture", "rotation": 180 }
			}
		},
		{
			"__comment": "Box4",
			"from": [ 2.5, 9, 8 ],
			"to": [ 14, 12, 9 ],
			"faces": {
				"down": { "uv": [ 2.5, 6.5, 14, 7 ], "texture": "#texture" },
				"up": { "uv": [ 2.5, 4.5, 14, 4 ], "texture": "#texture" },
				"north": { "uv": [ 14, 4, 2.5, 7 ], "texture": "#texture" },
				"south": { "uv": [ 2.5, 4, 14, 7 ], "texture": "#texture" },
				"west": { "uv": [ 2.5, 4, 3, 7 ], "texture": "#texture" },
				"east": { "uv": [ 14, 7, 13.5, 4 ], "texture": "#texture", "rotation": 180 }
			}
		},
		{
			"__comment": "Box5",
			"from": [ 2.5, 3, 8 ],
			"to": [ 13.5, 4, 9 ],
			"faces": {
				"down": { "uv": [ 2.5, 12.5, 13.5, 13 ], "texture": "#texture" },
				"up": { "uv": [ 2.5, 12.5, 13.5, 12 ], "texture": "#texture" },
				"north": { "uv": [ 13.5, 12, 2.5, 13 ], "texture": "#texture" },
				"south": { "uv": [ 2.5, 12, 13.5, 13 ], "texture": "#texture" },
				"west": { "uv": [ 2.5, 12, 3, 13 ], "texture": "#texture" },
				"east": { "uv": [ 13.5, 13, 13, 12 ], "texture": "#texture", "rotation": 180 }
			}
		},
		{
			"__comment": "Box6",
			"from": [ 3, 2.5, 8 ],
			"to": [ 13, 13, 9 ],
			"faces": {
				"down": { "uv": [ 3, 13, 13, 13.5 ], "texture": "#texture" },
				"up": { "uv": [ 3, 3.5, 13, 3 ], "texture": "#texture" },
				"north": { "uv": [ 13, 3, 3, 13.5 ], "texture": "#texture" },
				"south": { "uv": [ 3, 3, 13, 13.5 ], "texture": "#texture" },
				"west": { "uv": [ 3, 3, 3.5, 13.5 ], "texture": "#texture" },
				"east": { "uv": [ 13, 13.5, 12.5, 3 ], "texture": "#texture", "rotation": 180 }
			}
		},
		{
			"__comment": "Box7",
			"from": [ 4, 13, 8 ],
			"to": [ 12, 13.5, 9 ],
			"faces": {
				"down": { "uv": [ 4, 2.5, 12, 3 ], "texture": "#texture" },
				"up": { "uv": [ 4, 3, 12, 2.5 ], "texture": "#texture" },
				"north": { "uv": [ 12, 2.5, 4, 3 ], "texture": "#texture" },
				"south": { "uv": [ 4, 2.5, 12, 3 ], "texture": "#texture" },
				"west": { "uv": [ 4, 2.5, 4.5, 3 ], "texture": "#texture" },
				"east": { "uv": [ 12, 3, 11.5, 2.5 ], "texture": "#texture", "rotation": 180 }
			}
		},
		{
			"__comment": "Box8",
			"from": [ 5, 13.5, 8 ],
			"to": [ 10.5, 14, 9 ],
			"faces": {
				"down": { "uv": [ 5, 2, 10.5, 2.5 ], "texture": "#texture" },
				"up": { "uv": [ 5, 2.5, 10.5, 2 ], "texture": "#texture" },
				"north": { "uv": [ 10.5, 2, 5, 2.5 ], "texture": "#texture" },
				"south": { "uv": [ 5, 2, 10.5, 2.5 ], "texture": "#texture" },
				"west": { "uv": [ 5, 2, 5.5, 2.5 ], "texture": "#texture" },
				"east": { "uv": [ 10.5, 2.5, 10, 2 ], "texture": "#texture", "rotation": 180 }
			}
		},
		{
			"__comment": "Box9",
			"from": [ 5.5, 2, 8 ],
			"to": [ 10, 14.5, 9 ],
			"faces": {
				"down": { "uv": [ 5.5, 13.5, 10, 14 ], "texture": "#texture" },
				"up": { "uv": [ 5.5, 2, 10, 1.5 ], "texture": "#texture" },
				"north": { "uv": [ 10, 1.5, 5.5, 14 ], "texture": "#texture" },
				"south": { "uv": [ 5.5, 1.5, 10, 14 ], "texture": "#texture" },
				"west": { "uv": [ 5.5, 1.5, 6, 14 ], "texture": "#texture" },
				"east": { "uv": [ 10, 14, 9.5, 1.5 ], "texture": "#texture", "rotation": 180 }
			}
		},
		{
			"__comment": "Box10",
			"from": [ 7, 1.5, 8 ],
			"to": [ 9, 2, 9 ],
			"faces": {
				"down": { "uv": [ 7, 14, 9, 14.5 ], "texture": "#texture" },
				"up": { "uv": [ 7, 14.5, 9, 14 ], "texture": "#texture" },
				"north": { "uv": [ 9, 14, 7, 14.5 ], "texture": "#texture" },
				"south": { "uv": [ 7, 14, 9, 14.5 ], "texture": "#texture" },
				"west": { "uv": [ 7, 14, 7.5, 14.5 ], "texture": "#texture" },
				"east": { "uv": [ 9, 14.5, 8.5, 14 ], "texture": "#texture", "rotation": 180 }
			}
		},
		{
			"__comment": "Box11",
			"from": [ 10, 2, 8 ],
			"to": [ 10.5, 2.5, 9 ],
			"faces": {
				"down": { "uv": [ 10, 13.5, 10.5, 14 ], "texture": "#texture" },
				"up": { "uv": [ 10, 14, 10.5, 13.5 ], "texture": "#texture" },
				"north": { "uv": [ 10.5, 13.5, 10, 14 ], "texture": "#texture" },
				"south": { "uv": [ 10, 13.5, 10.5, 14 ], "texture": "#texture" },
				"west": { "uv": [ 10, 13.5, 10.5, 14 ], "texture": "#texture" },
				"east": { "uv": [ 10.5, 14, 10, 13.5 ], "texture": "#texture", "rotation": 180 }
			}
		},
		{
			"__comment": "Box13",
			"from": [ 14, 7.5, 8 ],
			"to": [ 14.5, 8.5, 9 ],
			"faces": {
				"down": { "uv": [ 14, 8, 14.5, 8.5 ], "texture": "#texture" },
				"up": { "uv": [ 14, 8, 14.5, 7.5 ], "texture": "#texture" },
				"north": { "uv": [ 14.5, 7.5, 14, 8.5 ], "texture": "#texture" },
				"south": { "uv": [ 14, 7.5, 14.5, 8.5 ], "texture": "#texture" },
				"west": { "uv": [ 14, 7.5, 14.5, 8.5 ], "texture": "#texture" },
				"east": { "uv": [ 14.5, 8.5, 14, 7.5 ], "texture": "#texture", "rotation": 180 }
			}
		},
		{
			"__comment": "Box15",
			"from": [ 3, 2.5, 9 ],
			"to": [ 5, 4.5, 10.1 ],
			"faces": {
				"down": { "uv": [ 3, 11.5, 5, 13.5 ], "texture": "#texture" },
				"up": { "uv": [ 3, 11.5, 5, 13.5 ], "texture": "#texture" },
				"north": { "uv": [ 3, 11.5, 5, 13.5 ], "texture": "#texture" },
				"south": { "uv": [ 3, 11.5, 5, 13.5 ], "texture": "#texture" },
				"west": { "uv": [ 3, 11.5, 5, 13.5 ], "texture": "#texture" },
				"east": { "uv": [ 3, 11.5, 5, 13.5 ], "texture": "#texture" }
			}
		},
		{
			"__comment": "Box16",
			"from": [ 2, 4, 9 ],
			"to": [ 3, 5, 10.1 ],
			"faces": {
				"down": { "uv": [ 2, 11, 3, 12 ], "texture": "#texture" },
				"up": { "uv": [ 2, 11, 3, 12 ], "texture": "#texture" },
				"north": { "uv": [ 2, 11, 3, 12 ], "texture": "#texture" },
				"south": { "uv": [ 2, 11, 3, 12 ], "texture": "#texture" },
				"west": { "uv": [ 14, 7.5, 14.5, 10 ], "texture": "#texture" },
				"east": { "uv": [ 2, 11, 3, 12 ], "texture": "#texture" }
			}
		},
		{
			"__comment": "Box17",
			"from": [ 2.5, 3, 9 ],
			"to": [ 3, 4, 10.1 ],
			"faces": {
				"down": { "uv": [ 2.5, 6.5, 3, 7 ], "texture": "#texture" },
				"up": { "uv": [ 13, 12, 13.5, 13 ], "texture": "#texture" },
				"north": { "uv": [ 13, 12, 13.5, 13 ], "texture": "#texture" },
				"south": { "uv": [ 13, 12, 13.5, 13 ], "texture": "#texture" },
				"west": { "uv": [ 13, 12, 13.5, 13 ], "texture": "#texture" },
				"east": { "uv": [ 13, 12, 13.5, 13 ], "texture": "#texture" }
			}
		},
		{
			"__comment": "Box18",
			"from": [ 1.5, 5, 9 ],
			"to": [ 4, 7.5, 10.2 ],
			"faces": {
				"down": { "uv": [ 2.5, 6.5, 4, 7 ], "texture": "#texture" },
				"up": { "uv": [ 1.5, 8.5, 4, 11 ], "texture": "#texture" },
				"north": { "uv": [ 1.5, 8.5, 4, 11 ], "texture": "#texture" },
				"south": { "uv": [ 1.5, 8.5, 4, 11 ], "texture": "#texture" },
				"west": { "uv": [ 14, 7.5, 14.5, 10 ], "texture": "#texture" },
				"east": { "uv": [ 1.5, 8.5, 4, 11 ], "texture": "#texture" }
			}
		},
		{
			"__comment": "Box19",
			"from": [ 3, 4.5, 9 ],
			"to": [ 5, 5, 10.1 ],
			"faces": {
				"down": { "uv": [ 3, 6, 5, 7 ], "texture": "#texture" },
				"up": { "uv": [ 3, 11, 5, 12 ], "texture": "#texture" },
				"north": { "uv": [ 11, 11, 13, 11.5 ], "texture": "#texture" },
				"south": { "uv": [ 3, 11, 5, 11.5 ], "texture": "#texture" },
				"west": { "uv": [ 3, 11, 5, 11.5 ], "texture": "#texture" },
				"east": { "uv": [ 3, 11, 5, 11.5 ], "texture": "#texture" }
			}
		},
		{
			"__comment": "Box21",
			"from": [ 2.5, 9, 9 ],
			"to": [ 4, 11, 10.3 ],
			"faces": {
				"down": { "uv": [ 12, 5, 13.5, 7 ], "texture": "#texture" },
				"up": { "uv": [ 12, 5, 13.5, 7 ], "texture": "#texture" },
				"north": { "uv": [ 12, 5, 13.5, 7 ], "texture": "#texture" },
				"south": { "uv": [ 12, 5, 13.5, 7 ], "texture": "#texture" },
				"west": { "uv": [ 14, 7.5, 14.5, 10 ], "texture": "#texture" },
				"east": { "uv": [ 12, 5, 13.5, 7 ], "texture": "#texture" }
			}
		},
		{
			"__comment": "Box22",
			"from": [ 3, 11, 9 ],
			"to": [ 5, 13, 10.3 ],
			"faces": {
				"down": { "uv": [ 3, 6, 5, 7 ], "texture": "#texture" },
				"up": { "uv": [ 14, 7.5, 14.5, 10 ], "texture": "#texture" },
				"north": { "uv": [ 11, 3, 13, 5 ], "texture": "#texture" },
				"south": { "uv": [ 3, 3, 5, 5 ], "texture": "#texture" },
				"west": { "uv": [ 14, 7.5, 14.5, 10 ], "texture": "#texture" },
				"east": { "uv": [ 14, 7.5, 14.5, 10 ], "texture": "#texture" }
			}
		},
		{
			"__comment": "Box23",
			"from": [ 2.5, 11, 9 ],
			"to": [ 3, 12, 10.3 ],
			"faces": {
				"down": { "uv": [ 2.5, 6, 3, 7 ], "texture": "#texture" },
				"up": { "uv": [ 14, 7.5, 14.5, 10 ], "texture": "#texture" },
				"north": { "uv": [ 13, 4, 13.5, 5 ], "texture": "#texture" },
				"south": { "uv": [ 2.5, 4, 3, 5 ], "texture": "#texture" },
				"west": { "uv": [ 14, 7.5, 14.5, 10 ], "texture": "#texture" },
				"east": { "uv": [ 6, 4, 7, 5 ], "texture": "#texture" }
			}
		},
		{
			"__comment": "Box24",
			"from": [ 4, 10.5, 9 ],
			"to": [ 5, 11, 10.3 ],
			"faces": {
				"down": { "uv": [ 4, 5, 5, 5.5 ], "texture": "#texture" },
				"up": { "uv": [ 4, 9, 5, 10 ], "texture": "#texture" },
				"north": { "uv": [ 11, 5, 12, 5.5 ], "texture": "#texture" },
				"south": { "uv": [ 4, 5, 5, 5.5 ], "texture": "#texture" },
				"west": { "uv": [ 9, 5, 10, 5.5 ], "texture": "#texture" },
				"east": { "uv": [ 3, 11, 5, 11.5 ], "texture": "#texture" }
			}
		},
		{
			"__comment": "Box25",
			"from": [ 4, 13, 9 ],
			"to": [ 5, 13.5, 10.3 ],
			"faces": {
				"down": { "uv": [ 4, 6.5, 5, 7 ], "texture": "#texture" },
				"up": { "uv": [ 4, 2.5, 5, 3 ], "texture": "#texture" },
				"north": { "uv": [ 11, 2.5, 12, 3 ], "texture": "#texture" },
				"south": { "uv": [ 4, 2.5, 5, 3 ], "texture": "#texture" },
				"west": { "uv": [ 14, 7.5, 14.5, 10 ], "texture": "#texture" },
				"east": { "uv": [ 6.5, 2.5, 7, 3 ], "texture": "#texture" }
			}
		},
		{
			"__comment": "Box26",
			"from": [ 5, 11, 9 ],
			"to": [ 9, 14, 10.4 ],
			"faces": {
				"down": { "uv": [ 5.5, 4.5, 8.5, 5 ], "texture": "#texture" },
				"up": { "uv": [ 5, 2, 5.5, 2.5 ], "texture": "#texture" },
				"north": { "uv": [ 5, 2, 5.5, 2.5 ], "texture": "#texture" },
				"south": { "uv": [ 5, 2, 9, 5 ], "texture": "#texture" },
				"west": { "uv": [ 14, 7.5, 14.5, 10 ], "texture": "#texture" },
				"east": { "uv": [ 6.5, 2, 7, 5 ], "texture": "#texture" }
			}
		},
		{
			"__comment": "Box27",
			"from": [ 5.5, 14, 9 ],
			"to": [ 10, 14.5, 10.3 ],
			"faces": {
				"down": { "uv": [ 5.5, 6.5, 10, 7 ], "texture": "#texture" },
				"up": { "uv": [ 5.5, 1.5, 10, 2 ], "texture": "#texture" },
				"north": { "uv": [ 5.5, 1.5, 10, 2 ], "texture": "#texture" },
				"south": { "uv": [ 5.5, 1.5, 10, 2 ], "texture": "#texture" },
				"west": { "uv": [ 9, 1.5, 9.5, 2 ], "texture": "#texture" },
				"east": { "uv": [ 6.5, 1.5, 7, 2 ], "texture": "#texture" }
			}
		},
		{
			"__comment": "Box28",
			"from": [ 9, 10, 9 ],
			"to": [ 12, 13.5, 10.4 ],
			"faces": {
				"down": { "uv": [ 10.5, 2.5, 12, 3 ], "texture": "#texture" },
				"up": { "uv": [ 10.5, 2.5, 12, 3 ], "texture": "#texture" },
				"north": { "uv": [ 10.5, 2.5, 12, 3 ], "texture": "#texture" },
				"south": { "uv": [ 10.5, 2.5, 12, 3 ], "texture": "#texture" },
				"west": { "uv": [ 10.5, 2.5, 12, 3 ], "texture": "#texture" },
				"east": { "uv": [ 10.5, 2.5, 12, 3 ], "texture": "#texture" }
			}
		},
		{
			"__comment": "Box29",
			"from": [ 9, 13.5, 9 ],
			"to": [ 10.5, 14, 10.3 ],
			"faces": {
				"down": { "uv": [ 9, 6.5, 10.5, 7 ], "texture": "#texture" },
				"up": { "uv": [ 10, 2, 10.5, 2.5 ], "texture": "#texture" },
				"north": { "uv": [ 10, 2, 10.5, 2.5 ], "texture": "#texture" },
				"south": { "uv": [ 10, 2, 10.5, 2.5 ], "texture": "#texture" },
				"west": { "uv": [ 10, 2, 10.5, 2.5 ], "texture": "#texture" },
				"east": { "uv": [ 10, 2, 10.5, 2.5 ], "texture": "#texture" }
			}
		},
		{
			"__comment": "Box30",
			"from": [ 12, 5, 9 ],
			"to": [ 14, 7.5, 10.2 ],
			"faces": {
				"down": { "uv": [ 12, 7.5, 14, 11 ], "texture": "#texture" },
				"up": { "uv": [ 12, 7.5, 14, 11 ], "texture": "#texture" },
				"north": { "uv": [ 12, 7.5, 14, 11 ], "texture": "#texture" },
				"south": { "uv": [ 12, 7.5, 14, 11 ], "texture": "#texture" },
				"west": { "uv": [ 12, 7.5, 14, 11 ], "texture": "#texture" },
				"east": { "uv": [ 14, 7.5, 14.5, 10 ], "texture": "#texture" }
			}
		},
		{
			"__comment": "Box31",
			"from": [ 14, 6, 9 ],
			"to": [ 14.5, 8.5, 10.25 ],
			"faces": {
				"down": { "uv": [ 14, 7.5, 14.5, 10 ], "texture": "#texture" },
				"up": { "uv": [ 14, 7.5, 14.5, 10 ], "texture": "#texture" },
				"north": { "uv": [ 14, 7.5, 14.5, 10 ], "texture": "#texture" },
				"south": { "uv": [ 14, 7.5, 14.5, 10 ], "texture": "#texture" },
				"west": { "uv": [ 14, 7.5, 14.5, 10 ], "texture": "#texture" },
				"east": { "uv": [ 14, 7.5, 14.5, 10 ], "texture": "#texture" }
			}
		},
		{
			"__comment": "Box32",
			"from": [ 12, 8.5, 9 ],
			"to": [ 13.5, 11, 10.3 ],
			"faces": {
				"down": { "uv": [ 12, 6, 13.5, 7 ], "texture": "#texture" },
				"up": { "uv": [ 12, 9, 13.5, 10 ], "texture": "#texture" },
				"north": { "uv": [ 2.5, 4, 4, 7.5 ], "texture": "#texture" },
				"south": { "uv": [ 12, 4, 13.5, 7.5 ], "texture": "#texture" },
				"west": { "uv": [ 12, 6, 13.5, 7 ], "texture": "#texture" },
				"east": { "uv": [ 12, 6, 13.5, 7 ], "texture": "#texture" }
			}
		},
		{
			"__comment": "Box34",
			"from": [ 13.5, 8.5, 9 ],
			"to": [ 14, 12, 10.3 ],
			"faces": {
				"down": { "uv": [ 13.5, 4, 14, 7.5 ], "texture": "#texture" },
				"up": { "uv": [ 13.5, 4, 14, 7.5 ], "texture": "#texture" },
				"north": { "uv": [ 13.5, 4, 14, 7.5 ], "texture": "#texture" },
				"south": { "uv": [ 13.5, 4, 14, 7.5 ], "texture": "#texture" },
				"west": { "uv": [ 13.5, 4, 14, 7.5 ], "texture": "#texture" },
				"east": { "uv": [ 13.5, 4, 14, 7.5 ], "texture": "#texture" }
			}
		},
		{
			"__comment": "Box35",
			"from": [ 11, 2.5, 9 ],
			"to": [ 13, 5, 10.1 ],
			"faces": {
				"down": { "uv": [ 11, 11, 13, 13.5 ], "texture": "#texture" },
				"up": { "uv": [ 11, 11, 13, 13.5 ], "texture": "#texture" },
				"north": { "uv": [ 11, 11, 13, 13.5 ], "texture": "#texture" },
				"south": { "uv": [ 11, 11, 13, 13.5 ], "texture": "#texture" },
				"west": { "uv": [ 11, 11, 13, 13.5 ], "texture": "#texture" },
				"east": { "uv": [ 11, 11, 13, 13.5 ], "texture": "#texture" }
			}
		},
		{
			"__comment": "Box36",
			"from": [ 13, 3, 9 ],
			"to": [ 13.5, 5, 10.1 ],
			"faces": {
				"down": { "uv": [ 2.5, 11, 3, 13 ], "texture": "#texture" },
				"up": { "uv": [ 2.5, 11, 3, 13 ], "texture": "#texture" },
				"north": { "uv": [ 2.5, 11, 3, 13 ], "texture": "#texture" },
				"south": { "uv": [ 2.5, 11, 3, 13 ], "texture": "#texture" },
				"west": { "uv": [ 2.5, 11, 3, 13 ], "texture": "#texture" },
				"east": { "uv": [ 2.5, 11, 3, 13 ], "texture": "#texture" }
			}
		},
		{
			"__comment": "Box37",
			"from": [ 13.5, 4, 9 ],
			"to": [ 14, 5, 10.1 ],
			"faces": {
				"down": { "uv": [ 13.5, 11, 14, 12 ], "texture": "#texture" },
				"up": { "uv": [ 13.5, 11, 14, 12 ], "texture": "#texture" },
				"north": { "uv": [ 13.5, 11, 14, 12 ], "texture": "#texture" },
				"south": { "uv": [ 13.5, 11, 14, 12 ], "texture": "#texture" },
				"west": { "uv": [ 13.5, 11, 14, 12 ], "texture": "#texture" },
				"east": { "uv": [ 13.5, 11, 14, 12 ], "texture": "#texture" }
			}
		},
		{
			"__comment": "Box38",
			"from": [ 2, 7.5, 9 ],
			"to": [ 4, 9, 10.25 ],
			"faces": {
				"down": { "uv": [ 12, 7, 14, 8.5 ], "texture": "#texture" },
				"up": { "uv": [ 14, 7.5, 14.5, 10 ], "texture": "#texture" },
				"north": { "uv": [ 12, 7, 14, 8.5 ], "texture": "#texture" },
				"south": { "uv": [ 12, 7, 14, 8.5 ], "texture": "#texture" },
				"west": { "uv": [ 14, 7.5, 14.5, 10 ], "texture": "#texture" },
				"east": { "uv": [ 12, 7, 14, 8.5 ], "texture": "#texture" }
			}
		},
		{
			"__comment": "Box39",
			"from": [ 4, 5, 9 ],
			"to": [ 6, 6, 9.8 ],
			"faces": {
				"down": { "uv": [ 4, 6.2, 6, 7 ], "texture": "#texture" },
				"up": { "uv": [ 4, 9, 6, 9.8 ], "texture": "#texture" },
				"north": { "uv": [ 10, 10, 12, 11 ], "texture": "#texture" },
				"south": { "uv": [ 4, 10, 6, 11 ], "texture": "#texture" },
				"west": { "uv": [ 9, 10, 9.8, 11 ], "texture": "#texture" },
				"east": { "uv": [ 6.2, 10, 7, 11 ], "texture": "#texture" }
			}
		},
		{
			"__comment": "Box43",
			"from": [ 5, 2.5, 9 ],
			"to": [ 6, 4, 9.7 ],
			"faces": {
				"down": { "uv": [ 5, 6.3, 6, 7 ], "texture": "#texture" },
				"up": { "uv": [ 5, 9, 6, 9.7 ], "texture": "#texture" },
				"north": { "uv": [ 10, 12, 11, 13.5 ], "texture": "#texture" },
				"south": { "uv": [ 5, 12, 6, 13.5 ], "texture": "#texture" },
				"west": { "uv": [ 9, 12, 9.7, 13.5 ], "texture": "#texture" },
				"east": { "uv": [ 6.3, 12, 7, 13.5 ], "texture": "#texture" }
			}
		},
		{
			"__comment": "Box44",
			"from": [ 5.5, 2, 9 ],
			"to": [ 10.5, 2.5, 9.6 ],
			"faces": {
				"down": { "uv": [ 7, 14, 9, 14.5 ], "texture": "#texture" },
				"up": { "uv": [ 7, 14, 9, 14.5 ], "texture": "#texture" },
				"north": { "uv": [ 5.5, 13.5, 10.5, 14 ], "texture": "#texture" },
				"south": { "uv": [ 5.5, 13.5, 10.5, 14 ], "texture": "#texture" },
				"west": { "uv": [ 9, 13.5, 9.5, 14 ], "texture": "#texture" },
				"east": { "uv": [ 6.5, 13.5, 7, 14 ], "texture": "#texture" }
			}
		},
		{
			"__comment": "Box45",
			"from": [ 7, 1.5, 9 ],
			"to": [ 9, 2, 9.5 ],
			"faces": {
				"down": { "uv": [ 7, 6.5, 9, 7 ], "texture": "#texture" },
				"up": { "uv": [ 7, 9, 9, 9.5 ], "texture": "#texture" },
				"north": { "uv": [ 7, 14, 9, 14.5 ], "texture": "#texture" },
				"south": { "uv": [ 7, 14, 9, 14.5 ], "texture": "#texture" },
				"west": { "uv": [ 9, 14, 9.5, 14.5 ], "texture": "#texture" },
				"east": { "uv": [ 7, 14, 9, 14.5 ], "texture": "#texture" }
			}
		},
		{
			"__comment": "Box46",
			"from": [ 4.5, 6, 9 ],
			"to": [ 5, 8.5, 9.89 ],
			"faces": {
				"down": { "uv": [ 4.5, 7.5, 5, 10 ], "texture": "#texture" },
				"up": { "uv": [ 4.5, 7.5, 5, 10 ], "texture": "#texture" },
				"north": { "uv": [ 4.5, 7.5, 5, 10 ], "texture": "#texture" },
				"south": { "uv": [ 4.5, 7.5, 5, 10 ], "texture": "#texture" },
				"west": { "uv": [ 4.5, 7.5, 5, 10 ], "texture": "#texture" },
				"east": { "uv": [ 4.5, 7.5, 5, 10 ], "texture": "#texture" }
			}
		},
		{
			"__comment": "Box48",
			"from": [ 5, 8.5, 9 ],
			"to": [ 5.5, 9, 9.89 ],
			"faces": {
				"down": { "uv": [ 5, 7, 5.5, 7.5 ], "texture": "#texture" },
				"up": { "uv": [ 5, 7, 5.5, 7.5 ], "texture": "#texture" },
				"north": { "uv": [ 5, 7, 5.5, 7.5 ], "texture": "#texture" },
				"south": { "uv": [ 5, 7, 5.5, 7.5 ], "texture": "#texture" },
				"west": { "uv": [ 5, 7, 5.5, 7.5 ], "texture": "#texture" },
				"east": { "uv": [ 5, 7, 5.5, 7.5 ], "texture": "#texture" }
			}
		},
		{
			"__comment": "Box49",
			"from": [ 10.5, 7, 9 ],
			"to": [ 11, 8.5, 9.7 ],
			"faces": {
				"down": { "uv": [ 5, 7.5, 6, 8.5 ], "texture": "#texture" },
				"up": { "uv": [ 5, 7.5, 6, 8.5 ], "texture": "#texture" },
				"north": { "uv": [ 5, 7.5, 5.5, 9 ], "texture": "#texture" },
				"south": { "uv": [ 5, 7.5, 6, 8.5 ], "texture": "#texture" },
				"west": { "uv": [ 5, 7.5, 6, 8.5 ], "texture": "#texture" },
				"east": { "uv": [ 5, 7.5, 6, 8.5 ], "texture": "#texture" }
			}
		},
		{
			"__comment": "Box50",
			"from": [ 10, 7.5, 9 ],
			"to": [ 10.5, 8.5, 9.7 ],
			"faces": {
				"down": { "uv": [ 5, 7.5, 6, 8.5 ], "texture": "#texture" },
				"up": { "uv": [ 5, 7.5, 6, 8.5 ], "texture": "#texture" },
				"north": { "uv": [ 5.5, 7.5, 6, 8.5 ], "texture": "#texture" },
				"south": { "uv": [ 10, 7.5, 10.5, 8.5 ], "texture": "#texture" },
				"west": { "uv": [ 9, 7.5, 9.8, 8.5 ], "texture": "#texture" },
				"east": { "uv": [ 6.2, 7.5, 7, 8.5 ], "texture": "#texture" }
			}
		},
		{
			"__comment": "Box51",
			"from": [ 9, 7, 9 ],
			"to": [ 10, 7.5, 9.7 ],
			"faces": {
				"down": { "uv": [ 5, 7.5, 6, 8.5 ], "texture": "#texture" },
				"up": { "uv": [ 9, 9, 10, 9.8 ], "texture": "#texture" },
				"north": { "uv": [ 6, 8.5, 7, 9 ], "texture": "#texture" },
				"south": { "uv": [ 9, 8.5, 10, 9 ], "texture": "#texture" },
				"west": { "uv": [ 9, 8.5, 9.8, 9 ], "texture": "#texture" },
				"east": { "uv": [ 6.2, 8.5, 7, 9 ], "texture": "#texture" }
			}
		},
		{
			"__comment": "Box52",
			"from": [ 6, 7, 9 ],
			"to": [ 7, 7.5, 9.7 ],
			"faces": {
				"down": { "uv": [ 5, 7.5, 6, 8.5 ], "texture": "#texture" },
				"up": { "uv": [ 6, 9, 7, 9.8 ], "texture": "#texture" },
				"north": { "uv": [ 9, 8.5, 10, 9 ], "texture": "#texture" },
				"south": { "uv": [ 6, 8.5, 7, 9 ], "texture": "#texture" },
				"west": { "uv": [ 9, 8.5, 9.8, 9 ], "texture": "#texture" },
				"east": { "uv": [ 6.2, 8.5, 7, 9 ], "texture": "#texture" }
			}
		},
		{
			"__comment": "Box54",
			"from": [ 5, 7.5, 9 ],
			"to": [ 6, 8.5, 9.7 ],
			"faces": {
				"down": { "uv": [ 5, 7.5, 6, 8.5 ], "texture": "#texture" },
				"up": { "uv": [ 5, 7.5, 6, 8.5 ], "texture": "#texture" },
				"north": { "uv": [ 10, 7.5, 11, 8.5 ], "texture": "#texture" },
				"south": { "uv": [ 5, 7.5, 6, 8.5 ], "texture": "#texture" },
				"west": { "uv": [ 5, 7.5, 6, 8.5 ], "texture": "#texture" },
				"east": { "uv": [ 5, 7.5, 6, 8.5 ], "texture": "#texture" }
			}
		},
		{
			"__comment": "Box55",
			"from": [ 5, 7, 9 ],
			"to": [ 5.5, 7.5, 9.7 ],
			"faces": {
				"down": { "uv": [ 5, 7.5, 6, 8.5 ], "texture": "#texture" },
				"up": { "uv": [ 5, 9, 5.5, 9.8 ], "texture": "#texture" },
				"north": { "uv": [ 10.5, 8.5, 11, 9 ], "texture": "#texture" },
				"south": { "uv": [ 5, 8.5, 5.5, 9 ], "texture": "#texture" },
				"west": { "uv": [ 9, 8.5, 9.8, 9 ], "texture": "#texture" },
				"east": { "uv": [ 6.2, 8.5, 7, 9 ], "texture": "#texture" }
			}
		},
		{
			"__comment": "Box56",
			"from": [ 5.5, 7, 9 ],
			"to": [ 6, 7.5, 9.6 ],
			"faces": {
				"down": { "uv": [ 5.5, 8.5, 6, 9 ], "texture": "#texture" },
				"up": { "uv": [ 5.5, 8.5, 6, 9 ], "texture": "#texture" },
				"north": { "uv": [ 10, 8.5, 10.5, 9 ], "texture": "#texture" },
				"south": { "uv": [ 5.5, 8.5, 6, 9 ], "texture": "#texture" },
				"west": { "uv": [ 9, 8.5, 9.7, 9 ], "texture": "#texture" },
				"east": { "uv": [ 6.3, 8.5, 7, 9 ], "texture": "#texture" }
			}
		},
		{
			"__comment": "Box56",
			"from": [ 10, 7, 9 ],
			"to": [ 10.5, 7.5, 9.6 ],
			"faces": {
				"down": { "uv": [ 5.5, 8.5, 6, 9 ], "texture": "#texture" },
				"up": { "uv": [ 5.5, 8.5, 6, 9 ], "texture": "#texture" },
				"north": { "uv": [ 10, 8.5, 10.5, 9 ], "texture": "#texture" },
				"south": { "uv": [ 5.5, 8.5, 6, 9 ], "texture": "#texture" },
				"west": { "uv": [ 9, 8.5, 9.7, 9 ], "texture": "#texture" },
				"east": { "uv": [ 6.3, 8.5, 7, 9 ], "texture": "#texture" }
			}
		},
		{
			"__comment": "Box58",
			"from": [ 8.5, 10.5, 9 ],
			"to": [ 9, 11, 10.4 ],
			"faces": {
				"down": { "uv": [ 3.5, 8, 4, 9.3 ], "texture": "#texture" },
				"up": { "uv": [ 3.5, 8, 4, 9.3 ], "texture": "#texture" },
				"north": { "uv": [ 7, 5, 7.5, 5.5 ], "texture": "#texture" },
				"south": { "uv": [ 8.5, 5, 9, 5.5 ], "texture": "#texture" },
				"west": { "uv": [ 9, 5, 10.3, 5.5 ], "texture": "#texture" },
				"east": { "uv": [ 5.7, 5, 7, 5.5 ], "texture": "#texture" }
			}
		},
		{
			"__comment": "Box59",
			"from": [ 7.5, 7, 9 ],
			"to": [ 8.5, 8.5, 9.9 ],
			"faces": {
				"down": { "uv": [ 7.5, 7.5, 8.5, 9 ], "texture": "#texture" },
				"up": { "uv": [ 7.5, 7.5, 8.5, 9 ], "texture": "#texture" },
				"north": { "uv": [ 7.5, 7.5, 8.5, 9 ], "texture": "#texture" },
				"south": { "uv": [ 7.5, 7.5, 8.5, 9 ], "texture": "#texture" },
				"west": { "uv": [ 7.5, 7.5, 8.5, 9 ], "texture": "#texture" },
				"east": { "uv": [ 7.5, 7.5, 8.5, 9 ], "texture": "#texture" }
			}
		},
		{
			"__comment": "Box60",
			"from": [ 6, 5.5, 9 ],
			"to": [ 10, 6, 9.7 ],
			"faces": {
				"down": { "uv": [ 6, 10, 10, 10.5 ], "texture": "#texture" },
				"up": { "uv": [ 6, 10, 10, 10.5 ], "texture": "#texture" },
				"north": { "uv": [ 6, 10, 10, 10.5 ], "texture": "#texture" },
				"south": { "uv": [ 6, 10, 10, 10.5 ], "texture": "#texture" },
				"west": { "uv": [ 6, 10, 10, 10.5 ], "texture": "#texture" },
				"east": { "uv": [ 6, 10, 10, 10.5 ], "texture": "#texture" }
			}
		},
		{
			"__comment": "Box61",
			"from": [ 7, 5, 9 ],
			"to": [ 9, 5.5, 9.7 ],
			"faces": {
				"down": { "uv": [ 7, 6.3, 9, 7 ], "texture": "#texture" },
				"up": { "uv": [ 7, 9, 9, 9.7 ], "texture": "#texture" },
				"north": { "uv": [ 7, 10.5, 9, 11 ], "texture": "#texture" },
				"south": { "uv": [ 7, 10.5, 9, 11 ], "texture": "#texture" },
				"west": { "uv": [ 9, 10.5, 9.7, 11 ], "texture": "#texture" },
				"east": { "uv": [ 6.3, 10.5, 7, 11 ], "texture": "#texture" }
			}
		},
		{
			"__comment": "Box65",
			"from": [ 4, 6, 9 ],
			"to": [ 4.5, 10.5, 9.8 ],
			"faces": {
				"down": { "uv": [ 4, 6.2, 4.5, 7 ], "texture": "#texture" },
				"up": { "uv": [ 4, 9, 4.5, 9.8 ], "texture": "#texture" },
				"north": { "uv": [ 11.5, 5.5, 12, 10 ], "texture": "#texture" },
				"south": { "uv": [ 4, 5.5, 4.5, 10 ], "texture": "#texture" },
				"west": { "uv": [ 9, 5.5, 9.8, 10 ], "texture": "#texture" },
				"east": { "uv": [ 6.2, 5.5, 7, 10 ], "texture": "#texture" }
			}
		},
		{
			"__comment": "Box66",
			"from": [ 4.5, 8.5, 9 ],
			"to": [ 5, 10.5, 9.8 ],
			"faces": {
				"down": { "uv": [ 4.5, 6.2, 5, 7 ], "texture": "#texture" },
				"up": { "uv": [ 4.5, 9, 5, 9.8 ], "texture": "#texture" },
				"north": { "uv": [ 11, 5.5, 11.5, 7.5 ], "texture": "#texture" },
				"south": { "uv": [ 4.5, 5.5, 5, 7.5 ], "texture": "#texture" },
				"west": { "uv": [ 9, 5.5, 9.8, 7.5 ], "texture": "#texture" },
				"east": { "uv": [ 6.2, 5.5, 7, 7.5 ], "texture": "#texture" }
			}
		},
		{
			"__comment": "Box67",
			"from": [ 5, 9.5, 9 ],
			"to": [ 8.5, 11, 9.8 ],
			"faces": {
				"down": { "uv": [ 5, 6.2, 8.5, 7 ], "texture": "#texture" },
				"up": { "uv": [ 5, 9, 8.5, 9.8 ], "texture": "#texture" },
				"north": { "uv": [ 7.5, 5, 11, 6.5 ], "texture": "#texture" },
				"south": { "uv": [ 5, 5, 8.5, 6.5 ], "texture": "#texture" },
				"west": { "uv": [ 9, 5, 9.8, 6.5 ], "texture": "#texture" },
				"east": { "uv": [ 6.2, 5, 7, 6.5 ], "texture": "#texture" }
			}
		},
		{
			"__comment": "Box68",
			"from": [ 6, 9, 9 ],
			"to": [ 12, 9.5, 9.8 ],
			"faces": {
				"down": { "uv": [ 6, 6.2, 12, 7 ], "texture": "#texture" },
				"up": { "uv": [ 6, 9, 12, 9.8 ], "texture": "#texture" },
				"north": { "uv": [ 4, 6.5, 10, 7 ], "texture": "#texture" },
				"south": { "uv": [ 6, 6.5, 12, 7 ], "texture": "#texture" },
				"west": { "uv": [ 9, 6.5, 9.8, 7 ], "texture": "#texture" },
				"east": { "uv": [ 6.2, 6.5, 7, 7 ], "texture": "#texture" }
			}
		},
		{
			"__comment": "Box69",
			"from": [ 8.5, 9.5, 9 ],
			"to": [ 9, 10.5, 9.8 ],
			"faces": {
				"down": { "uv": [ 8.5, 6.2, 9, 7 ], "texture": "#texture" },
				"up": { "uv": [ 8.5, 9, 9, 9.8 ], "texture": "#texture" },
				"north": { "uv": [ 7, 5.5, 7.5, 6.5 ], "texture": "#texture" },
				"south": { "uv": [ 8.5, 5.5, 9, 6.5 ], "texture": "#texture" },
				"west": { "uv": [ 9, 5.5, 9.8, 6.5 ], "texture": "#texture" },
				"east": { "uv": [ 6.2, 5.5, 7, 6.5 ], "texture": "#texture" }
			}
		},
		{
			"__comment": "Box70",
			"from": [ 9, 9.5, 9 ],
			"to": [ 12, 10, 9.8 ],
			"faces": {
				"down": { "uv": [ 9, 6.2, 12, 7 ], "texture": "#texture" },
				"up": { "uv": [ 9, 9, 12, 9.8 ], "texture": "#texture" },
				"north": { "uv": [ 4, 6, 7, 6.5 ], "texture": "#texture" },
				"south": { "uv": [ 9, 6, 12, 6.5 ], "texture": "#texture" },
				"west": { "uv": [ 9, 6, 9.8, 6.5 ], "texture": "#texture" },
				"east": { "uv": [ 6.2, 6, 7, 6.5 ], "texture": "#texture" }
			}
		},
		{
			"__comment": "Box71",
			"from": [ 11, 5, 9 ],
			"to": [ 12, 9, 9.8 ],
			"faces": {
				"down": { "uv": [ 11, 6.2, 12, 7 ], "texture": "#texture" },
				"up": { "uv": [ 11, 9, 12, 9.8 ], "texture": "#texture" },
				"north": { "uv": [ 4, 7, 5, 11 ], "texture": "#texture" },
				"south": { "uv": [ 11, 7, 12, 11 ], "texture": "#texture" },
				"west": { "uv": [ 11, 6.2, 12, 7 ], "texture": "#texture" },
				"east": { "uv": [ 11, 6.2, 12, 7 ], "texture": "#texture" }
			}
		},
		{
			"__comment": "Box72",
			"from": [ 6, 6, 9 ],
			"to": [ 9.5, 7, 9.8 ],
			"faces": {
				"down": { "uv": [ 6, 6.2, 9.5, 7 ], "texture": "#texture" },
				"up": { "uv": [ 6, 9, 9.5, 9.8 ], "texture": "#texture" },
				"north": { "uv": [ 6.5, 9, 10, 10 ], "texture": "#texture" },
				"south": { "uv": [ 6, 9, 9.5, 10 ], "texture": "#texture" },
				"west": { "uv": [ 9, 9, 9.8, 10 ], "texture": "#texture" },
				"east": { "uv": [ 6.2, 9, 7, 10 ], "texture": "#texture" }
			}
		},
		{
			"__comment": "Box73",
			"from": [ 5, 6, 9 ],
			"to": [ 6, 7, 9.8 ],
			"faces": {
				"down": { "uv": [ 5, 6.2, 6, 7 ], "texture": "#texture" },
				"up": { "uv": [ 5, 9, 6, 9.8 ], "texture": "#texture" },
				"north": { "uv": [ 10, 9, 11, 10 ], "texture": "#texture" },
				"south": { "uv": [ 5, 9, 6, 10 ], "texture": "#texture" },
				"west": { "uv": [ 9, 9, 9.8, 10 ], "texture": "#texture" },
				"east": { "uv": [ 6.2, 9, 7, 10 ], "texture": "#texture" }
			}
		},
		{
			"__comment": "Box74",
			"from": [ 6, 7.5, 9 ],
			"to": [ 7.5, 8.5, 9.8 ],
			"faces": {
				"down": { "uv": [ 6, 6.2, 7.5, 7 ], "texture": "#texture" },
				"up": { "uv": [ 6, 9, 7.5, 9.8 ], "texture": "#texture" },
				"north": { "uv": [ 8.5, 7.5, 10, 8.5 ], "texture": "#texture" },
				"south": { "uv": [ 6, 7.5, 7.5, 8.5 ], "texture": "#texture" },
				"west": { "uv": [ 9, 7.5, 9.8, 8.5 ], "texture": "#texture" },
				"east": { "uv": [ 6.2, 7.5, 7, 8.5 ], "texture": "#texture" }
			}
		},
		{
			"__comment": "Box75",
			"from": [ 5.5, 8.5, 9 ],
			"to": [ 6, 9, 9.8 ],
			"faces": {
				"down": { "uv": [ 5.5, 6.2, 6, 7 ], "texture": "#texture" },
				"up": { "uv": [ 5.5, 9, 6, 9.8 ], "texture": "#texture" },
				"north": { "uv": [ 10, 7, 10.5, 7.5 ], "texture": "#texture" },
				"south": { "uv": [ 5.5, 7, 6, 7.5 ], "texture": "#texture" },
				"west": { "uv": [ 9, 7, 9.8, 7.5 ], "texture": "#texture" },
				"east": { "uv": [ 6.2, 7, 7, 7.5 ], "texture": "#texture" }
			}
		},
		{
			"__comment": "Box76",
			"from": [ 7, 8.5, 9 ],
			"to": [ 10, 9, 9.8 ],
			"faces": {
				"down": { "uv": [ 7, 6.2, 10, 7 ], "texture": "#texture" },
				"up": { "uv": [ 7, 9, 10, 9.8 ], "texture": "#texture" },
				"north": { "uv": [ 6, 7, 9, 7.5 ], "texture": "#texture" },
				"south": { "uv": [ 7, 7, 10, 7.5 ], "texture": "#texture" },
				"west": { "uv": [ 9, 7, 9.8, 7.5 ], "texture": "#texture" },
				"east": { "uv": [ 6.2, 7, 7, 7.5 ], "texture": "#texture" }
			}
		},
		{
			"__comment": "Box77",
			"from": [ 8.5, 7, 9 ],
			"to": [ 9, 8.5, 9.8 ],
			"faces": {
				"down": { "uv": [ 8.5, 6.2, 9, 7 ], "texture": "#texture" },
				"up": { "uv": [ 8.5, 9, 9, 9.8 ], "texture": "#texture" },
				"north": { "uv": [ 7, 7.5, 7.5, 9 ], "texture": "#texture" },
				"south": { "uv": [ 8.5, 7.5, 9, 9 ], "texture": "#texture" },
				"west": { "uv": [ 9, 7.5, 9.8, 9 ], "texture": "#texture" },
				"east": { "uv": [ 6.2, 7.5, 7, 9 ], "texture": "#texture" }
			}
		},
		{
			"__comment": "Box78",
			"from": [ 9, 7.5, 9 ],
			"to": [ 10, 8, 9.8 ],
			"faces": {
				"down": { "uv": [ 9, 6.2, 10, 7 ], "texture": "#texture" },
				"up": { "uv": [ 9, 9, 10, 9.8 ], "texture": "#texture" },
				"north": { "uv": [ 6, 8, 7, 8.5 ], "texture": "#texture" },
				"south": { "uv": [ 9, 8, 10, 8.5 ], "texture": "#texture" },
				"west": { "uv": [ 9, 8, 9.8, 8.5 ], "texture": "#texture" },
				"east": { "uv": [ 6.2, 8, 7, 8.5 ], "texture": "#texture" }
			}
		},
		{
			"__comment": "Box79",
			"from": [ 7, 7, 9 ],
			"to": [ 7.5, 7.5, 9.8 ],
			"faces": {
				"down": { "uv": [ 7, 6.2, 7.5, 7 ], "texture": "#texture" },
				"up": { "uv": [ 7, 9, 7.5, 9.8 ], "texture": "#texture" },
				"north": { "uv": [ 8.5, 8.5, 9, 9 ], "texture": "#texture" },
				"south": { "uv": [ 7, 8.5, 7.5, 9 ], "texture": "#texture" },
				"west": { "uv": [ 9, 8.5, 9.8, 9 ], "texture": "#texture" },
				"east": { "uv": [ 6.2, 8.5, 7, 9 ], "texture": "#texture" }
			}
		},
		{
			"__comment": "Box80",
			"from": [ 5, 4, 9 ],
			"to": [ 6, 5, 9.7 ],
			"faces": {
				"down": { "uv": [ 5, 6.3, 6, 7 ], "texture": "#texture" },
				"up": { "uv": [ 5, 9, 6, 9.7 ], "texture": "#texture" },
				"north": { "uv": [ 10, 11, 11, 12 ], "texture": "#texture" },
				"south": { "uv": [ 5, 11, 6, 12 ], "texture": "#texture" },
				"west": { "uv": [ 9, 11, 9.7, 12 ], "texture": "#texture" },
				"east": { "uv": [ 6.3, 11, 7, 12 ], "texture": "#texture" }
			}
		},
		{
			"__comment": "Box81",
			"from": [ 6, 2.5, 9 ],
			"to": [ 8, 4, 9.7 ],
			"faces": {
				"down": { "uv": [ 6, 6.3, 8, 7 ], "texture": "#texture" },
				"up": { "uv": [ 6, 9, 8, 9.7 ], "texture": "#texture" },
				"north": { "uv": [ 8, 12, 10, 13.5 ], "texture": "#texture" },
				"south": { "uv": [ 6, 12, 8, 13.5 ], "texture": "#texture" },
				"west": { "uv": [ 9, 12, 9.7, 13.5 ], "texture": "#texture" },
				"east": { "uv": [ 6.3, 12, 7, 13.5 ], "texture": "#texture" }
			}
		},
		{
			"__comment": "Box82",
			"from": [ 8, 2.5, 9 ],
			"to": [ 10, 4, 9.7 ],
			"faces": {
				"down": { "uv": [ 8, 6.3, 10, 7 ], "texture": "#texture" },
				"up": { "uv": [ 8, 9, 10, 9.7 ], "texture": "#texture" },
				"north": { "uv": [ 6, 12, 8, 13.5 ], "texture": "#texture" },
				"south": { "uv": [ 8, 12, 10, 13.5 ], "texture": "#texture" },
				"west": { "uv": [ 9, 12, 9.7, 13.5 ], "texture": "#texture" },
				"east": { "uv": [ 6.3, 12, 7, 13.5 ], "texture": "#texture" }
			}
		},
		{
			"__comment": "Box83",
			"from": [ 10, 3, 9 ],
			"to": [ 11, 5, 9.7 ],
			"faces": {
				"down": { "uv": [ 10, 6.3, 11, 7 ], "texture": "#texture" },
				"up": { "uv": [ 10, 9, 11, 9.7 ], "texture": "#texture" },
				"north": { "uv": [ 5, 11, 6, 13 ], "texture": "#texture" },
				"south": { "uv": [ 10, 11, 11, 13 ], "texture": "#texture" },
				"west": { "uv": [ 9, 11, 9.7, 13 ], "texture": "#texture" },
				"east": { "uv": [ 6.3, 11, 7, 13 ], "texture": "#texture" }
			}
		},
		{
			"__comment": "Box85",
			"from": [ 6, 5, 9 ],
			"to": [ 7, 5.5, 9.8 ],
			"faces": {
				"down": { "uv": [ 6, 6.2, 7, 7 ], "texture": "#texture" },
				"up": { "uv": [ 6, 9, 7, 9.8 ], "texture": "#texture" },
				"north": { "uv": [ 9, 10.5, 10, 11 ], "texture": "#texture" },
				"south": { "uv": [ 6, 10.5, 7, 11 ], "texture": "#texture" },
				"west": { "uv": [ 9, 10.5, 9.8, 11 ], "texture": "#texture" },
				"east": { "uv": [ 6.2, 10.5, 7, 11 ], "texture": "#texture" }
			}
		},
		{
			"__comment": "Box86",
			"from": [ 9, 5, 9 ],
			"to": [ 10.5, 5.5, 9.8 ],
			"faces": {
				"down": { "uv": [ 9, 6.2, 10.5, 7 ], "texture": "#texture" },
				"up": { "uv": [ 9, 9, 10.5, 9.8 ], "texture": "#texture" },
				"north": { "uv": [ 5.5, 10.5, 7, 11 ], "texture": "#texture" },
				"south": { "uv": [ 9, 10.5, 10.5, 11 ], "texture": "#texture" },
				"west": { "uv": [ 9, 10.5, 9.8, 11 ], "texture": "#texture" },
				"east": { "uv": [ 6.2, 10.5, 7, 11 ], "texture": "#texture" }
			}
		},
		{
			"__comment": "Box87",
			"from": [ 10, 5.5, 9 ],
			"to": [ 11, 6, 9.8 ],
			"faces": {
				"down": { "uv": [ 10, 6.2, 11, 7 ], "texture": "#texture" },
				"up": { "uv": [ 10, 9, 11, 9.8 ], "texture": "#texture" },
				"north": { "uv": [ 5, 10, 6, 10.5 ], "texture": "#texture" },
				"south": { "uv": [ 10, 10, 11, 10.5 ], "texture": "#texture" },
				"west": { "uv": [ 9, 10, 9.8, 10.5 ], "texture": "#texture" },
				"east": { "uv": [ 6.2, 10, 7, 10.5 ], "texture": "#texture" }
			}
		},
		{
			"__comment": "Box88",
			"from": [ 10, 2.5, 9 ],
			"to": [ 11, 3, 9.7 ],
			"faces": {
				"down": { "uv": [ 10, 6.3, 11, 7 ], "texture": "#texture" },
				"up": { "uv": [ 10, 9, 11, 9.7 ], "texture": "#texture" },
				"north": { "uv": [ 5, 13, 6, 13.5 ], "texture": "#texture" },
				"south": { "uv": [ 10, 13, 11, 13.5 ], "texture": "#texture" },
				"west": { "uv": [ 9, 13, 9.7, 13.5 ], "texture": "#texture" },
				"east": { "uv": [ 6.3, 13, 7, 13.5 ], "texture": "#texture" }
			}
		},
		{
			"__comment": "Box89",
			"from": [ 6, 4, 9 ],
			"to": [ 8, 5, 9.75 ],
			"faces": {
				"down": { "uv": [ 6, 6.25, 8, 7 ], "texture": "#texture" },
				"up": { "uv": [ 6, 9, 8, 9.75 ], "texture": "#texture" },
				"north": { "uv": [ 8, 11, 10, 12 ], "texture": "#texture" },
				"south": { "uv": [ 6, 11, 8, 12 ], "texture": "#texture" },
				"west": { "uv": [ 9, 11, 9.75, 12 ], "texture": "#texture" },
				"east": { "uv": [ 6.25, 11, 7, 12 ], "texture": "#texture" }
			}
		},
		{
			"__comment": "Box90",
			"from": [ 8, 4, 9 ],
			"to": [ 10, 5, 9.76 ],
			"faces": {
				"down": { "uv": [ 8, 6.24, 10, 7 ], "texture": "#texture" },
				"up": { "uv": [ 8, 9, 10, 9.76 ], "texture": "#texture" },
				"north": { "uv": [ 6, 11, 8, 12 ], "texture": "#texture" },
				"south": { "uv": [ 8, 11, 10, 12 ], "texture": "#texture" },
				"west": { "uv": [ 9, 11, 9.76, 12 ], "texture": "#texture" },
				"east": { "uv": [ 6.24, 11, 7, 12 ], "texture": "#texture" }
			}
		},
		{
			"__comment": "Box92",
			"from": [ 10, 6, 9 ],
			"to": [ 11, 7, 9.8 ],
			"faces": {
				"down": { "uv": [ 10, 6.2, 11, 7 ], "texture": "#texture" },
				"up": { "uv": [ 10, 9, 11, 9.8 ], "texture": "#texture" },
				"north": { "uv": [ 5, 9, 6, 10 ], "texture": "#texture" },
				"south": { "uv": [ 10, 9, 11, 10 ], "texture": "#texture" },
				"west": { "uv": [ 9, 9, 9.8, 10 ], "texture": "#texture" },
				"east": { "uv": [ 6.2, 9, 7, 10 ], "texture": "#texture" }
			}
		},
		{
			"__comment": "Box93",
			"from": [ 9.5, 6.5, 9 ],
			"to": [ 10, 7, 9.8 ],
			"faces": {
				"down": { "uv": [ 9.5, 6.2, 10, 7 ], "texture": "#texture" },
				"up": { "uv": [ 9.5, 9, 10, 9.8 ], "texture": "#texture" },
				"north": { "uv": [ 6, 9, 6.5, 9.5 ], "texture": "#texture" },
				"south": { "uv": [ 9.5, 9, 10, 9.5 ], "texture": "#texture" },
				"west": { "uv": [ 9, 9, 9.8, 9.5 ], "texture": "#texture" },
				"east": { "uv": [ 6.2, 9, 7, 9.5 ], "texture": "#texture" }
			}
		},
		{
			"__comment": "Box94",
			"from": [ 5, 9, 9 ],
			"to": [ 6, 9.5, 9.85 ],
			"faces": {
				"down": { "uv": [ 5, 6.5, 6, 7 ], "texture": "#texture" },
				"up": { "uv": [ 5, 6.5, 6, 7 ], "texture": "#texture" },
				"north": { "uv": [ 5, 6.5, 6, 7 ], "texture": "#texture" },
				"south": { "uv": [ 5, 6.5, 6, 7 ], "texture": "#texture" },
				"west": { "uv": [ 5, 6.5, 6, 7 ], "texture": "#texture" },
				"east": { "uv": [ 5, 6.5, 6, 7 ], "texture": "#texture" }
			}
		},
		{
			"__comment": "Box95",
			"from": [ 6, 8.5, 9 ],
			"to": [ 7, 9, 9.85 ],
			"faces": {
				"down": { "uv": [ 5, 6.5, 6, 7 ], "texture": "#texture" },
				"up": { "uv": [ 5, 6.5, 6, 7 ], "texture": "#texture" },
				"north": { "uv": [ 5, 6.5, 6, 7 ], "texture": "#texture" },
				"south": { "uv": [ 5, 6.5, 6, 7 ], "texture": "#texture" },
				"west": { "uv": [ 5, 6.5, 6, 7 ], "texture": "#texture" },
				"east": { "uv": [ 5, 6.5, 6, 7 ], "texture": "#texture" }
			}
		},
		{
			"__comment": "Box96",
			"from": [ 9, 8, 9 ],
			"to": [ 10, 8.5, 9.85 ],
			"faces": {
				"down": { "uv": [ 5, 6.5, 6, 7 ], "texture": "#texture" },
				"up": { "uv": [ 5, 6.5, 6, 7 ], "texture": "#texture" },
				"north": { "uv": [ 5, 6.5, 6, 7 ], "texture": "#texture" },
				"south": { "uv": [ 5, 6.5, 6, 7 ], "texture": "#texture" },
				"west": { "uv": [ 5, 6.5, 6, 7 ], "texture": "#texture" },
				"east": { "uv": [ 5, 6.5, 6, 7 ], "texture": "#texture" }
			}
		},
		{
			"__comment": "Box97",
			"from": [ 10, 8.5, 9 ],
			"to": [ 11, 9, 9.85 ],
			"faces": {
				"down": { "uv": [ 5, 6.5, 6, 7 ], "texture": "#texture" },
				"up": { "uv": [ 5, 6.5, 6, 7 ], "texture": "#texture" },
				"north": { "uv": [ 5, 6.5, 6, 7 ], "texture": "#texture" },
				"south": { "uv": [ 5, 6.5, 6, 7 ], "texture": "#texture" },
				"west": { "uv": [ 5, 6.5, 6, 7 ], "texture": "#texture" },
				"east": { "uv": [ 5, 6.5, 6, 7 ], "texture": "#texture" }
			}
		},
		{
			"__comment": "Box98",
			"from": [ 9.5, 6, 9 ],
			"to": [ 10, 6.5, 9.7 ],
			"faces": {
				"down": { "uv": [ 9.5, 6.3, 10, 7 ], "texture": "#texture" },
				"up": { "uv": [ 9.5, 9, 10, 9.7 ], "texture": "#texture" },
				"north": { "uv": [ 6, 9.5, 6.5, 10 ], "texture": "#texture" },
				"south": { "uv": [ 9.5, 9.5, 10, 10 ], "texture": "#texture" },
				"west": { "uv": [ 9, 9.5, 9.7, 10 ], "texture": "#texture" },
				"east": { "uv": [ 6.3, 9.5, 7, 10 ], "texture": "#texture" }
			}
		},
		{
			"__comment": "Box87",
			"from": [ 10.5, 5, 9 ],
			"to": [ 11, 5.5, 9.8 ],
			"faces": {
				"down": { "uv": [ 10.5, 6.2, 11, 7 ], "texture": "#texture" },
				"up": { "uv": [ 10.5, 9, 11, 9.8 ], "texture": "#texture" },
				"north": { "uv": [ 5, 10.5, 5.5, 11 ], "texture": "#texture" },
				"south": { "uv": [ 10.5, 10.5, 11, 11 ], "texture": "#texture" },
				"west": { "uv": [ 9, 10.5, 9.8, 11 ], "texture": "#texture" },
				"east": { "uv": [ 6.2, 10.5, 7, 11 ], "texture": "#texture" }
			}
		},
		{
			"__comment": "Box88",
			"from": [ 12, 7.5, 9 ],
			"to": [ 14, 8.5, 10.25 ],
			"faces": {
				"down": { "uv": [ 12, 5.7, 14, 7 ], "texture": "#texture" },
				"up": { "uv": [ 12, 9, 14, 10.3 ], "texture": "#texture" },
				"north": { "uv": [ 2, 7.5, 4, 8.5 ], "texture": "#texture" },
				"south": { "uv": [ 2, 7.5, 4, 8.5 ], "texture": "#texture" },
				"west": { "uv": [ 2, 7.5, 4, 8.5 ], "texture": "#texture" },
				"east": { "uv": [ 2, 7.5, 4, 8.5 ], "texture": "#texture" }
			}
		},
		{
			"__comment": "Box89",
			"from": [ 12, 11, 9 ],
			"to": [ 13.5, 12, 10.3 ],
			"faces": {
				"down": { "uv": [ 12, 6, 13.5, 7 ], "texture": "#texture" },
				"up": { "uv": [ 2.5, 4, 3, 5 ], "texture": "#texture" },
				"north": { "uv": [ 2.5, 4, 3, 5 ], "texture": "#texture" },
				"south": { "uv": [ 12, 4, 13.5, 5 ], "texture": "#texture" },
				"west": { "uv": [ 9, 4, 10, 5 ], "texture": "#texture" },
				"east": { "uv": [ 6, 4, 7, 5 ], "texture": "#texture" }
			}
		},
		{
			"__comment": "Box90",
			"from": [ 12, 12, 9 ],
			"to": [ 13, 13, 10.3 ],
			"faces": {
				"down": { "uv": [ 3, 3, 4, 4 ], "texture": "#texture" },
				"up": { "uv": [ 3, 3, 4, 4 ], "texture": "#texture" },
				"north": { "uv": [ 3, 3, 4, 4 ], "texture": "#texture" },
				"south": { "uv": [ 3, 3, 4, 4 ], "texture": "#texture" },
				"west": { "uv": [ 3, 3, 4, 4 ], "texture": "#texture" },
				"east": { "uv": [ 3, 3, 4, 4 ], "texture": "#texture" }
			}
		},
		{
			"__comment": "Box91",
			"from": [ 3, 9.5, -1 ],
			"to": [ 3.5, 11, 8 ],
			"faces": {
				"down": { "uv": [ 11, 0.5, 15.5, 1 ], "texture": "#texture" },
				"up": { "uv": [ 11, 0.5, 15.5, 1 ], "texture": "#texture" },
				"north": { "uv": [ 11, 0.5, 15.5, 1 ], "texture": "#texture" },
				"south": { "uv": [ 11, 0.5, 15.5, 1 ], "texture": "#texture" },
				"west": { "uv": [ 11, 0.5, 15.5, 1 ], "texture": "#texture" },
				"east": { "uv": [ 11, 0.5, 15.5, 1 ], "texture": "#texture" }
			}
		},
		{
			"__comment": "Box91",
			"from": [ 12.5, 9.5, -1 ],
			"to": [ 13, 11, 8 ],
			"faces": {
				"down": { "uv": [ 11, 0.5, 15.5, 1 ], "texture": "#texture" },
				"up": { "uv": [ 11, 0.5, 15.5, 1 ], "texture": "#texture" },
				"north": { "uv": [ 11, 0.5, 15.5, 1 ], "texture": "#texture" },
				"south": { "uv": [ 11, 0.5, 15.5, 1 ], "texture": "#texture" },
				"west": { "uv": [ 11, 0.5, 15.5, 1 ], "texture": "#texture" },
				"east": { "uv": [ 11, 0.5, 15.5, 1 ], "texture": "#texture" }
			}
		},
		{
			"__comment": "Box91",
			"from": [ 3, 3, -1 ],
			"to": [ 3.5, 4.5, 8 ],
			"faces": {
				"down": { "uv": [ 11, 0.5, 15.5, 1 ], "texture": "#texture" },
				"up": { "uv": [ 11, 0.5, 15.5, 1 ], "texture": "#texture" },
				"north": { "uv": [ 11, 0.5, 15.5, 1 ], "texture": "#texture" },
				"south": { "uv": [ 11, 0.5, 15.5, 1 ], "texture": "#texture" },
				"west": { "uv": [ 11, 0.5, 15.5, 1 ], "texture": "#texture" },
				"east": { "uv": [ 11, 0.5, 15.5, 1 ], "texture": "#texture" }
			}
		},
		{
			"__comment": "Box91",
			"from": [ 12.5, 3, -1 ],
			"to": [ 13, 4.5, 8 ],
			"faces": {
				"down": { "uv": [ 11, 0.5, 15.5, 1 ], "texture": "#texture" },
				"up": { "uv": [ 11, 0.5, 15.5, 1 ], "texture": "#texture" },
				"north": { "uv": [ 11, 0.5, 15.5, 1 ], "texture": "#texture" },
				"south": { "uv": [ 11, 0.5, 15.5, 1 ], "texture": "#texture" },
				"west": { "uv": [ 11, 0.5, 16, 1 ], "texture": "#texture" },
				"east": { "uv": [ 11, 0.5, 15.5, 1 ], "texture": "#texture" }
			}
		},
		{
			"__comment": "Box96",
			"from": [ 3.5, 3, -1.5 ],
			"to": [ 12.5, 4.5, -1 ],
			"faces": {
				"down": { "uv": [ 11, 0.5, 15.5, 1 ], "texture": "#texture" },
				"up": { "uv": [ 11, 0.5, 15.5, 1 ], "texture": "#texture" },
				"north": { "uv": [ 11, 0.5, 15.5, 1 ], "texture": "#texture" },
				"south": { "uv": [ 11, 0.5, 15.5, 1 ], "texture": "#texture" },
				"west": { "uv": [ 11, 0.5, 15.5, 1 ], "texture": "#texture" },
				"east": { "uv": [ 11, 0.5, 15.5, 1 ], "texture": "#texture" }
			}
		},
		{
			"__comment": "Box96",
			"from": [ 3.5, 9.5, -1.5 ],
			"to": [ 12.5, 11, -1 ],
			"faces": {
				"down": { "uv": [ 11, 0.5, 15.5, 1 ], "texture": "#texture" },
				"up": { "uv": [ 11, 0.5, 15.5, 1 ], "texture": "#texture" },
				"north": { "uv": [ 11, 0.5, 15.5, 1 ], "texture": "#texture" },
				"south": { "uv": [ 11, 0.5, 15.5, 1 ], "texture": "#texture" },
				"west": { "uv": [ 11, 0.5, 15.5, 1 ], "texture": "#texture" },
				"east": { "uv": [ 11, 0.5, 15.5, 1 ], "texture": "#texture" }
			}
		}
	],
	"display": {
    "thirdperson": {
        "rotation": [ -177, 0, 0 ],
        "translation": [ 0, 0, -2 ],
        "scale": [ 0.69, 0.72, 0.6 ]
    },
    "head": {
        "rotation": [ 0, 180, 0 ],
        "translation": [ 0, 0.8, -3.4 ],
        "scale": [ 1.64, 1.8, 1.64 ]
    },
    "fixed": {
        "rotation": [ 0, 180, 0 ],
        "translation": [ 0, 0, 0 ],
        "scale": [ 2.49, 2.61, 1.51 ]
    },
    "firstperson": {
        "rotation": [ 0, 153, 0 ],
        "translation": [ 0, 0, 0 ],
        "scale": [ 1, 1, 1 ]
    },
    "gui": {
        "rotation": [ -28, 135, 0 ],
        "translation": [ 0, 0, 0 ],
        "scale": [ 1.64, 1.8, 1 ]
    }
}
}