{
	"__comment": "Designed by Cryptic with Cubik Studio - https://cubik.studio",
	"textures": {
		"particle": "blocks/starsprite",
		"starsprite": "blocks/starsprite"
	},
	"elements": [ 	 
		{
			"__comment": "Box1",
			"from": [ 0, 7, 7 ],
			"to": [ 16, 10, 8 ],
			"faces": {
				"down": { "uv": [ 13.5, 2, 15, 1 ], "texture": "#particle", "rotation": 180 },
				"up": { "uv": [ 13.5, 2, 15, 1 ], "texture": "#particle", "rotation": 180 },
				"north": { "uv": [ 13.5, 2, 15, 1 ], "texture": "#particle", "rotation": 180 },
				"south": { "uv": [ 13.5, 2, 15, 1 ], "texture": "#particle", "rotation": 180 },
				"west": { "uv": [ 13.5, 2, 15, 1 ], "texture": "#particle", "rotation": 180 },
				"east": { "uv": [ 13.5, 2, 15, 1 ], "texture": "#particle", "rotation": 180 }
			}
		},
		{
			"__comment": "Box2",
			"from": [ 1, 6, 7 ],
			"to": [ 15, 11, 8 ],
			"faces": {
				"down": { "uv": [ 13.5, 2, 15, 1 ], "texture": "#particle", "rotation": 180 },
				"up": { "uv": [ 13.5, 2, 15, 1 ], "texture": "#particle", "rotation": 180 },
				"north": { "uv": [ 13.5, 2, 15, 1 ], "texture": "#particle", "rotation": 180 },
				"south": { "uv": [ 13.5, 2, 15, 1 ], "texture": "#particle", "rotation": 180 },
				"west": { "uv": [ 13.5, 2, 15, 1 ], "texture": "#particle", "rotation": 180 },
				"east": { "uv": [ 13.5, 2, 15, 1 ], "texture": "#particle", "rotation": 180 }
			}
		},
		{
			"__comment": "Box3",
			"from": [ 2, 2, 7 ],
			"to": [ 14, 5, 8 ],
			"faces": {
				"down": { "uv": [ 13.5, 2, 15, 1 ], "texture": "#particle", "rotation": 180 },
				"up": { "uv": [ 13.5, 2, 15, 1 ], "texture": "#particle", "rotation": 180 },
				"north": { "uv": [ 13.5, 2, 15, 1 ], "texture": "#particle", "rotation": 180 },
				"south": { "uv": [ 13.5, 2, 15, 1 ], "texture": "#particle", "rotation": 180 },
				"west": { "uv": [ 13.5, 2, 15, 1 ], "texture": "#particle", "rotation": 180 },
				"east": { "uv": [ 13.5, 2, 15, 1 ], "texture": "#particle", "rotation": 180 }
			}
		},
		{
			"__comment": "Box4",
			"from": [ 3, 5, 7 ],
			"to": [ 13, 6, 8 ],
			"faces": {
				"down": { "uv": [ 13.5, 2, 15, 1 ], "texture": "#particle", "rotation": 180 },
				"up": { "uv": [ 13.5, 2, 15, 1 ], "texture": "#particle", "rotation": 180 },
				"north": { "uv": [ 13.5, 2, 15, 1 ], "texture": "#particle", "rotation": 180 },
				"south": { "uv": [ 13.5, 2, 15, 1 ], "texture": "#particle", "rotation": 180 },
				"west": { "uv": [ 13.5, 2, 15, 1 ], "texture": "#particle", "rotation": 180 },
				"east": { "uv": [ 13.5, 2, 15, 1 ], "texture": "#particle", "rotation": 180 }
			}
		},
		{
			"__comment": "Box6",
			"from": [ 5, 11, 7 ],
			"to": [ 11, 13, 8 ],
			"faces": {
				"down": { "uv": [ 13.5, 2, 15, 1 ], "texture": "#particle", "rotation": 180 },
				"up": { "uv": [ 13.5, 2, 15, 1 ], "texture": "#particle", "rotation": 180 },
				"north": { "uv": [ 13.5, 2, 15, 1 ], "texture": "#particle", "rotation": 180 },
				"south": { "uv": [ 13.5, 2, 15, 1 ], "texture": "#particle", "rotation": 180 },
				"west": { "uv": [ 13.5, 2, 15, 1 ], "texture": "#particle", "rotation": 180 },
				"east": { "uv": [ 13.5, 2, 15, 1 ], "texture": "#particle", "rotation": 180 }
			}
		},
		{
			"__comment": "Box7",
			"from": [ 6, 13, 7 ],
			"to": [ 10, 15, 8 ],
			"faces": {
				"down": { "uv": [ 13.5, 2, 15, 1 ], "texture": "#particle", "rotation": 180 },
				"up": { "uv": [ 13.5, 2, 15, 1 ], "texture": "#particle", "rotation": 180 },
				"north": { "uv": [ 13.5, 2, 15, 1 ], "texture": "#particle", "rotation": 180 },
				"south": { "uv": [ 13.5, 2, 15, 1 ], "texture": "#particle", "rotation": 180 },
				"west": { "uv": [ 13.5, 2, 15, 1 ], "texture": "#particle", "rotation": 180 },
				"east": { "uv": [ 13.5, 2, 15, 1 ], "texture": "#particle", "rotation": 180 }
			}
		},
		{
			"__comment": "Box8",
			"from": [ 7, 15, 7 ],
			"to": [ 9, 16, 8 ],
			"faces": {
				"down": { "uv": [ 13.5, 2, 15, 1 ], "texture": "#particle", "rotation": 180 },
				"up": { "uv": [ 13.5, 2, 15, 1 ], "texture": "#particle", "rotation": 180 },
				"north": { "uv": [ 13.5, 2, 15, 1 ], "texture": "#particle", "rotation": 180 },
				"south": { "uv": [ 13.5, 2, 15, 1 ], "texture": "#particle", "rotation": 180 },
				"west": { "uv": [ 13.5, 2, 15, 1 ], "texture": "#particle", "rotation": 180 },
				"east": { "uv": [ 13.5, 2, 15, 1 ], "texture": "#particle", "rotation": 180 }
			}
		},
		{
			"__comment": "Box10",
			"from": [ 4.5, 5, 7 ],
			"to": [ 6.5, 6, 8 ],
			"faces": {
				"down": { "uv": [ 14, 16, 12, 15 ], "texture": "#particle" },
				"up": { "uv": [ 14, 15, 12, 16 ], "texture": "#particle" },
				"north": { "uv": [ 14, 16, 12, 15 ], "texture": "#particle", "rotation": 180 },
				"south": { "uv": [ 12, 16, 14, 15 ], "texture": "#particle", "rotation": 180 },
				"west": { "uv": [ 14, 16, 13, 15 ], "texture": "#particle", "rotation": 180 },
				"east": { "uv": [ 12, 15, 13, 16 ], "texture": "#particle" }
			}
		},
		{
			"__comment": "Box14",
			"from": [ 3, 1, 7 ],
			"to": [ 5, 2, 8 ],
			"faces": {
				"down": { "uv": [ 13.5, 2, 15, 1 ], "texture": "#particle", "rotation": 180 },
				"up": { "uv": [ 13.5, 2, 15, 1 ], "texture": "#particle", "rotation": 180 },
				"north": { "uv": [ 13.5, 2, 15, 1 ], "texture": "#particle", "rotation": 180 },
				"south": { "uv": [ 13.5, 2, 15, 1 ], "texture": "#particle", "rotation": 180 },
				"west": { "uv": [ 13.5, 2, 15, 1 ], "texture": "#particle", "rotation": 180 },
				"east": { "uv": [ 13.5, 2, 15, 1 ], "texture": "#particle", "rotation": 180 }
			}
		},
		{
			"__comment": "Box14",
			"from": [ 11, 1, 7 ],
			"to": [ 13, 2, 8 ],
			"faces": {
				"down": { "uv": [ 13.5, 2, 15, 1 ], "texture": "#particle", "rotation": 180 },
				"up": { "uv": [ 13.5, 2, 15, 1 ], "texture": "#particle", "rotation": 180 },
				"north": { "uv": [ 13.5, 2, 15, 1 ], "texture": "#particle", "rotation": 180 },
				"south": { "uv": [ 13.5, 2, 15, 1 ], "texture": "#particle", "rotation": 180 },
				"west": { "uv": [ 13.5, 2, 15, 1 ], "texture": "#particle", "rotation": 180 },
				"east": { "uv": [ 13.5, 2, 15, 1 ], "texture": "#particle", "rotation": 180 }
			}
		},
		{
			"__comment": "Box16",
			"from": [ 7, 13, 8 ],
			"to": [ 9, 15, 8.5 ],
			"faces": {
				"down": { "uv": [ 6.5, 4, 7.5, 6 ], "texture": "#particle" },
				"up": { "uv": [ 6.5, 4, 7.5, 6 ], "texture": "#particle" },
				"north": { "uv": [ 6.5, 4, 7.5, 6 ], "texture": "#particle" },
				"south": { "uv": [ 6.5, 4, 7.5, 6 ], "texture": "#particle" },
				"west": { "uv": [ 6.5, 4, 7.5, 6 ], "texture": "#particle" },
				"east": { "uv": [ 6.5, 4, 7.5, 6 ], "texture": "#particle" }
			}
		},
		{
			"__comment": "Box16",
			"from": [ 6, 11, 8 ],
			"to": [ 10, 13, 8.5 ],
			"faces": {
				"down": { "uv": [ 6.5, 4, 7.5, 6 ], "texture": "#particle" },
				"up": { "uv": [ 6.5, 4, 7.5, 6 ], "texture": "#particle" },
				"north": { "uv": [ 6.5, 4, 7.5, 6 ], "texture": "#particle" },
				"south": { "uv": [ 6.5, 4, 7.5, 6 ], "texture": "#particle" },
				"west": { "uv": [ 6.5, 4, 7.5, 6 ], "texture": "#particle" },
				"east": { "uv": [ 6.5, 4, 7.5, 6 ], "texture": "#particle" }
			}
		},
		{
			"__comment": "Box16",
			"from": [ 5, 9, 8 ],
			"to": [ 11, 11, 8.5 ],
			"faces": {
				"down": { "uv": [ 6.5, 4, 7.5, 6 ], "texture": "#particle" },
				"up": { "uv": [ 6.5, 4, 7.5, 6 ], "texture": "#particle" },
				"north": { "uv": [ 6.5, 4, 7.5, 6 ], "texture": "#particle" },
				"south": { "uv": [ 6.5, 4, 7.5, 6 ], "texture": "#particle" },
				"west": { "uv": [ 6.5, 4, 7.5, 6 ], "texture": "#particle" },
				"east": { "uv": [ 6.5, 4, 7.5, 6 ], "texture": "#particle" }
			}
		},
		{
			"__comment": "Box16",
			"from": [ 1, 7, 8 ],
			"to": [ 5, 10, 8.5 ],
			"faces": {
				"down": { "uv": [ 6.5, 4, 7.5, 6 ], "texture": "#particle" },
				"up": { "uv": [ 6.5, 4, 7.5, 6 ], "texture": "#particle" },
				"north": { "uv": [ 6.5, 4, 7.5, 6 ], "texture": "#particle" },
				"south": { "uv": [ 6.5, 4, 7.5, 6 ], "texture": "#particle" },
				"west": { "uv": [ 6.5, 4, 7.5, 6 ], "texture": "#particle" },
				"east": { "uv": [ 6.5, 4, 7.5, 6 ], "texture": "#particle" }
			}
		},
		{
			"__comment": "Box16",
			"from": [ 6, 6, 8 ],
			"to": [ 10, 9, 8.5 ],
			"faces": {
				"down": { "uv": [ 7, 7, 9, 8 ], "texture": "#particle" },
				"up": { "uv": [ 6.5, 4, 7.5, 6 ], "texture": "#particle" },
				"north": { "uv": [ 6.5, 4, 7.5, 6 ], "texture": "#particle" },
				"south": { "uv": [ 6.5, 4, 7.5, 6 ], "texture": "#particle" },
				"west": { "uv": [ 6.5, 4, 7.5, 6 ], "texture": "#particle" },
				"east": { "uv": [ 6.5, 4, 7.5, 6 ], "texture": "#particle" }
			}
		},
		{
			"__comment": "Box16",
			"from": [ 4, 3, 8 ],
			"to": [ 12, 6, 8.5 ],
			"faces": {
				"down": { "uv": [ 6.5, 4, 7.5, 6 ], "texture": "#particle" },
				"up": { "uv": [ 6.5, 4, 7.5, 6 ], "texture": "#particle" },
				"north": { "uv": [ 6.5, 4, 7.5, 6 ], "texture": "#particle" },
				"south": { "uv": [ 6.5, 4, 7.5, 6 ], "texture": "#particle" },
				"west": { "uv": [ 6.5, 4, 7.5, 6 ], "texture": "#particle" },
				"east": { "uv": [ 6.5, 4, 7.5, 6 ], "texture": "#particle" }
			}
		},
		{
			"__comment": "Box16",
			"from": [ 3, 2, 8 ],
			"to": [ 5, 5, 8.5 ],
			"faces": {
				"down": { "uv": [ 6.5, 4, 7.5, 6 ], "texture": "#particle" },
				"up": { "uv": [ 6.5, 4, 7.5, 6 ], "texture": "#particle" },
				"north": { "uv": [ 6.5, 4, 7.5, 6 ], "texture": "#particle" },
				"south": { "uv": [ 6.5, 4, 7.5, 6 ], "texture": "#particle" },
				"west": { "uv": [ 6.5, 4, 7.5, 6 ], "texture": "#particle" },
				"east": { "uv": [ 6.5, 4, 7.5, 6 ], "texture": "#particle" }
			}
		},
		{
			"__comment": "Box16",
			"from": [ 11, 2, 8 ],
			"to": [ 13, 5, 8.5 ],
			"faces": {
				"down": { "uv": [ 6.5, 4, 7.5, 6 ], "texture": "#particle" },
				"up": { "uv": [ 6.5, 4, 7.5, 6 ], "texture": "#particle" },
				"north": { "uv": [ 6.5, 4, 7.5, 6 ], "texture": "#particle" },
				"south": { "uv": [ 6.5, 4, 7.5, 6 ], "texture": "#particle" },
				"west": { "uv": [ 6.5, 4, 7.5, 6 ], "texture": "#particle" },
				"east": { "uv": [ 6.5, 4, 7.5, 6 ], "texture": "#particle" }
			}
		},
		{
			"__comment": "Box16",
			"from": [ 3, 6, 8 ],
			"to": [ 5, 7, 8.5 ],
			"faces": {
				"down": { "uv": [ 6.5, 4, 7.5, 6 ], "texture": "#particle" },
				"up": { "uv": [ 6.5, 4, 7.5, 6 ], "texture": "#particle" },
				"north": { "uv": [ 6.5, 4, 7.5, 6 ], "texture": "#particle" },
				"south": { "uv": [ 6.5, 4, 7.5, 6 ], "texture": "#particle" },
				"west": { "uv": [ 6.5, 4, 7.5, 6 ], "texture": "#particle" },
				"east": { "uv": [ 6.5, 4, 7.5, 6 ], "texture": "#particle" }
			}
		},
		{
			"__comment": "Box16",
			"from": [ 12, 6, 8 ],
			"to": [ 13, 7, 8.5 ],
			"faces": {
				"down": { "uv": [ 4, 6, 5, 7 ], "texture": "#particle" },
				"up": { "uv": [ 4, 6, 5, 7 ], "texture": "#particle" },
				"north": { "uv": [ 4, 6, 5, 7 ], "texture": "#particle" },
				"south": { "uv": [ 4, 6, 5, 7 ], "texture": "#particle" },
				"west": { "uv": [ 4, 6, 5, 7 ], "texture": "#particle" },
				"east": { "uv": [ 4, 6, 5, 7 ], "texture": "#particle" }
			}
		},
		{
			"__comment": "Box16",
			"from": [ 13, 7, 8 ],
			"to": [ 15, 8, 8.5 ],
			"faces": {
				"down": { "uv": [ 4, 6, 5, 7 ], "texture": "#particle" },
				"up": { "uv": [ 4, 6, 5, 7 ], "texture": "#particle" },
				"north": { "uv": [ 4, 6, 5, 7 ], "texture": "#particle" },
				"south": { "uv": [ 4, 6, 5, 7 ], "texture": "#particle" },
				"west": { "uv": [ 4, 6, 5, 7 ], "texture": "#particle" },
				"east": { "uv": [ 4, 6, 5, 7 ], "texture": "#particle" }
			}
		},
		{
			"__comment": "Box16",
			"from": [ 14, 8, 8 ],
			"to": [ 15, 10, 8.5 ],
			"faces": {
				"down": { "uv": [ 4, 6, 5, 7 ], "texture": "#particle" },
				"up": { "uv": [ 4, 6, 5, 7 ], "texture": "#particle" },
				"north": { "uv": [ 4, 6, 5, 7 ], "texture": "#particle" },
				"south": { "uv": [ 4, 6, 5, 7 ], "texture": "#particle" },
				"west": { "uv": [ 4, 6, 5, 7 ], "texture": "#particle" },
				"east": { "uv": [ 4, 6, 5, 7 ], "texture": "#particle" }
			}
		},
		{
			"__comment": "Box16",
			"from": [ 11, 9, 8 ],
			"to": [ 14, 10, 8.5 ],
			"faces": {
				"down": { "uv": [ 4, 6, 5, 7 ], "texture": "#particle" },
				"up": { "uv": [ 4, 6, 5, 7 ], "texture": "#particle" },
				"north": { "uv": [ 4, 6, 5, 7 ], "texture": "#particle" },
				"south": { "uv": [ 4, 6, 5, 7 ], "texture": "#particle" },
				"west": { "uv": [ 4, 6, 5, 7 ], "texture": "#particle" },
				"east": { "uv": [ 4, 6, 5, 7 ], "texture": "#particle" }
			}
		},
		{
			"__comment": "Box29",
			"from": [ 10, 6, 8 ],
			"to": [ 11, 9, 9 ],
			"faces": {
				"down": { "uv": [ 13.5, 2, 15, 1 ], "texture": "#particle", "rotation": 180 },
				"up": { "uv": [ 13.5, 2, 15, 1 ], "texture": "#particle", "rotation": 180 },
				"north": { "uv": [ 13.5, 2, 15, 1 ], "texture": "#particle", "rotation": 180 },
				"south": { "uv": [ 13.5, 2, 15, 1 ], "texture": "#particle", "rotation": 180 },
				"west": { "uv": [ 13.5, 2, 15, 1 ], "texture": "#particle", "rotation": 180 },
				"east": { "uv": [ 13.5, 2, 15, 1 ], "texture": "#particle", "rotation": 180 }
			}
		},
		{
			"__comment": "Box29",
			"from": [ 5, 6, 8 ],
			"to": [ 6, 9, 9 ],
			"faces": {
				"down": { "uv": [ 13.5, 2, 15, 1 ], "texture": "#particle", "rotation": 180 },
				"up": { "uv": [ 13.5, 2, 15, 1 ], "texture": "#particle", "rotation": 180 },
				"north": { "uv": [ 13.5, 2, 15, 1 ], "texture": "#particle", "rotation": 180 },
				"south": { "uv": [ 13.5, 2, 15, 1 ], "texture": "#particle", "rotation": 180 },
				"west": { "uv": [ 13.5, 2, 15, 1 ], "texture": "#particle", "rotation": 180 },
				"east": { "uv": [ 13.5, 2, 15, 1 ], "texture": "#particle", "rotation": 180 }
			}
		},
		{
			"__comment": "Box16",
			"from": [ 11, 6, 8 ],
			"to": [ 12, 9, 8.5 ],
			"faces": {
				"down": { "uv": [ 7, 7, 9, 8 ], "texture": "#particle" },
				"up": { "uv": [ 6.5, 4, 7.5, 6 ], "texture": "#particle" },
				"north": { "uv": [ 6.5, 4, 7.5, 6 ], "texture": "#particle" },
				"south": { "uv": [ 6.5, 4, 7.5, 6 ], "texture": "#particle" },
				"west": { "uv": [ 6.5, 4, 7.5, 6 ], "texture": "#particle" },
				"east": { "uv": [ 6.5, 4, 7.5, 6 ], "texture": "#particle" }
			}
		},
		{
			"__comment": "Box16",
			"from": [ 11.5, 8, 8 ],
			"to": [ 14, 9, 8.5 ],
			"faces": {
				"down": { "uv": [ 7, 7, 9, 8 ], "texture": "#particle" },
				"up": { "uv": [ 6.5, 4, 7.5, 6 ], "texture": "#particle" },
				"north": { "uv": [ 6.5, 4, 7.5, 6 ], "texture": "#particle" },
				"south": { "uv": [ 6.5, 4, 7.5, 6 ], "texture": "#particle" },
				"west": { "uv": [ 6.5, 4, 7.5, 6 ], "texture": "#particle" },
				"east": { "uv": [ 6.5, 4, 7.5, 6 ], "texture": "#particle" }
			}
		},
		{
			"__comment": "Box16",
			"from": [ 12, 7, 8 ],
			"to": [ 13, 8, 8.5 ],
			"faces": {
				"down": { "uv": [ 7, 7, 9, 8 ], "texture": "#particle" },
				"up": { "uv": [ 6.5, 4, 7.5, 6 ], "texture": "#particle" },
				"north": { "uv": [ 6.5, 4, 7.5, 6 ], "texture": "#particle" },
				"south": { "uv": [ 6.5, 4, 7.5, 6 ], "texture": "#particle" },
				"west": { "uv": [ 6.5, 4, 7.5, 6 ], "texture": "#particle" },
				"east": { "uv": [ 6.5, 4, 7.5, 6 ], "texture": "#particle" }
			}
		},
		{
			"__comment": "Box34",
			"from": [ 11, 2, 6.5 ],
			"to": [ 13, 5, 7 ],
			"faces": {
				"down": { "uv": [ 3, 11, 5, 14 ], "texture": "#particle" },
				"up": { "uv": [ 3, 11, 5, 14 ], "texture": "#particle" },
				"north": { "uv": [ 3, 11, 5, 14 ], "texture": "#particle" },
				"south": { "uv": [ 3, 11, 5, 14 ], "texture": "#particle" },
				"west": { "uv": [ 3, 11, 5, 14 ], "texture": "#particle" },
				"east": { "uv": [ 3, 11, 5, 14 ], "texture": "#particle" }
			}
		},
		{
			"__comment": "Box35",
			"from": [ 4, 3, 6.5 ],
			"to": [ 11, 6, 7 ],
			"faces": {
				"down": { "uv": [ 5, 10.5, 11, 12.5 ], "texture": "#particle" },
				"up": { "uv": [ 5, 10.5, 11, 12.5 ], "texture": "#particle" },
				"north": { "uv": [ 5, 10.5, 11, 12.5 ], "texture": "#particle" },
				"south": { "uv": [ 5, 10.5, 11, 12.5 ], "texture": "#particle" },
				"west": { "uv": [ 5, 10.5, 11, 12.5 ], "texture": "#particle" },
				"east": { "uv": [ 5, 10.5, 11, 12.5 ], "texture": "#particle" }
			}
		},
		{
			"__comment": "Box29",
			"from": [ 5, 6, 6 ],
			"to": [ 6, 9, 7 ],
			"faces": {
				"down": { "uv": [ 13.5, 2, 15, 1 ], "texture": "#particle", "rotation": 180 },
				"up": { "uv": [ 13.5, 2, 15, 1 ], "texture": "#particle", "rotation": 180 },
				"north": { "uv": [ 13.5, 2, 15, 1 ], "texture": "#particle", "rotation": 180 },
				"south": { "uv": [ 13.5, 2, 15, 1 ], "texture": "#particle", "rotation": 180 },
				"west": { "uv": [ 13.5, 2, 15, 1 ], "texture": "#particle", "rotation": 180 },
				"east": { "uv": [ 13.5, 2, 15, 1 ], "texture": "#particle", "rotation": 180 }
			}
		},
		{
			"__comment": "Box29",
			"from": [ 10, 6, 6 ],
			"to": [ 11, 9, 7 ],
			"faces": {
				"down": { "uv": [ 13.5, 2, 15, 1 ], "texture": "#particle", "rotation": 180 },
				"up": { "uv": [ 13.5, 2, 15, 1 ], "texture": "#particle", "rotation": 180 },
				"north": { "uv": [ 13.5, 2, 15, 1 ], "texture": "#particle", "rotation": 180 },
				"south": { "uv": [ 13.5, 2, 15, 1 ], "texture": "#particle", "rotation": 180 },
				"west": { "uv": [ 13.5, 2, 15, 1 ], "texture": "#particle", "rotation": 180 },
				"east": { "uv": [ 13.5, 2, 15, 1 ], "texture": "#particle", "rotation": 180 }
			}
		},
		{
			"__comment": "Box35",
			"from": [ 6, 6, 6.5 ],
			"to": [ 10.5, 11, 7 ],
			"faces": {
				"down": { "uv": [ 5, 10.5, 11, 12.5 ], "texture": "#particle" },
				"up": { "uv": [ 5, 10.5, 11, 12.5 ], "texture": "#particle" },
				"north": { "uv": [ 5, 10.5, 11, 12.5 ], "texture": "#particle" },
				"south": { "uv": [ 5, 10.5, 11, 12.5 ], "texture": "#particle" },
				"west": { "uv": [ 5, 10.5, 11, 12.5 ], "texture": "#particle" },
				"east": { "uv": [ 5, 10.5, 11, 12.5 ], "texture": "#particle" }
			}
		},
		{
			"__comment": "Box39",
			"from": [ 11, 5, 6.5 ],
			"to": [ 12, 6, 7 ],
			"faces": {
				"down": { "uv": [ 11, 9, 12, 9.5 ], "texture": "#particle" },
				"up": { "uv": [ 11, 6.5, 12, 7 ], "texture": "#particle" },
				"north": { "uv": [ 4, 10, 5, 11 ], "texture": "#particle" },
				"south": { "uv": [ 11, 10, 12, 11 ], "texture": "#particle" },
				"west": { "uv": [ 6.5, 10, 7, 11 ], "texture": "#particle" },
				"east": { "uv": [ 9, 10, 9.5, 11 ], "texture": "#particle" }
			}
		},
		{
			"__comment": "Box39",
			"from": [ 6, 11, 6.5 ],
			"to": [ 10, 13, 7 ],
			"faces": {
				"down": { "uv": [ 11, 9, 12, 9.5 ], "texture": "#particle" },
				"up": { "uv": [ 11, 6.5, 12, 7 ], "texture": "#particle" },
				"north": { "uv": [ 4, 10, 5, 11 ], "texture": "#particle" },
				"south": { "uv": [ 11, 10, 12, 11 ], "texture": "#particle" },
				"west": { "uv": [ 6.5, 10, 7, 11 ], "texture": "#particle" },
				"east": { "uv": [ 9, 10, 9.5, 11 ], "texture": "#particle" }
			}
		},
		{
			"__comment": "Box39",
			"from": [ 10, 9, 6.5 ],
			"to": [ 11, 11, 7 ],
			"faces": {
				"down": { "uv": [ 11, 9, 12, 9.5 ], "texture": "#particle" },
				"up": { "uv": [ 11, 6.5, 12, 7 ], "texture": "#particle" },
				"north": { "uv": [ 4, 10, 5, 11 ], "texture": "#particle" },
				"south": { "uv": [ 11, 10, 12, 11 ], "texture": "#particle" },
				"west": { "uv": [ 6.5, 10, 7, 11 ], "texture": "#particle" },
				"east": { "uv": [ 9, 10, 9.5, 11 ], "texture": "#particle" }
			}
		},
		{
			"__comment": "Box39",
			"from": [ 5, 9, 6.5 ],
			"to": [ 6, 11, 7 ],
			"faces": {
				"down": { "uv": [ 11, 9, 12, 9.5 ], "texture": "#particle" },
				"up": { "uv": [ 11, 6.5, 12, 7 ], "texture": "#particle" },
				"north": { "uv": [ 4, 10, 5, 11 ], "texture": "#particle" },
				"south": { "uv": [ 11, 10, 12, 11 ], "texture": "#particle" },
				"west": { "uv": [ 6.5, 10, 7, 11 ], "texture": "#particle" },
				"east": { "uv": [ 9, 10, 9.5, 11 ], "texture": "#particle" }
			}
		},
		{
			"__comment": "Box16",
			"from": [ 1, 7, 6.5 ],
			"to": [ 5, 10, 7 ],
			"faces": {
				"down": { "uv": [ 6.5, 4, 7.5, 6 ], "texture": "#particle" },
				"up": { "uv": [ 6.5, 4, 7.5, 6 ], "texture": "#particle" },
				"north": { "uv": [ 6.5, 4, 7.5, 6 ], "texture": "#particle" },
				"south": { "uv": [ 6.5, 4, 7.5, 6 ], "texture": "#particle" },
				"west": { "uv": [ 6.5, 4, 7.5, 6 ], "texture": "#particle" },
				"east": { "uv": [ 6.5, 4, 7.5, 6 ], "texture": "#particle" }
			}
		},
		{
			"__comment": "Box39",
			"from": [ 7, 13, 6.5 ],
			"to": [ 9, 15, 7 ],
			"faces": {
				"down": { "uv": [ 11, 9, 12, 9.5 ], "texture": "#particle" },
				"up": { "uv": [ 11, 6.5, 12, 7 ], "texture": "#particle" },
				"north": { "uv": [ 4, 10, 5, 11 ], "texture": "#particle" },
				"south": { "uv": [ 11, 10, 12, 11 ], "texture": "#particle" },
				"west": { "uv": [ 6.5, 10, 7, 11 ], "texture": "#particle" },
				"east": { "uv": [ 9, 10, 9.5, 11 ], "texture": "#particle" }
			}
		},
		{
			"__comment": "Box16",
			"from": [ 3, 6, 6.5 ],
			"to": [ 5, 7, 7 ],
			"faces": {
				"down": { "uv": [ 6.5, 4, 7.5, 6 ], "texture": "#particle" },
				"up": { "uv": [ 6.5, 4, 7.5, 6 ], "texture": "#particle" },
				"north": { "uv": [ 6.5, 4, 7.5, 6 ], "texture": "#particle" },
				"south": { "uv": [ 6.5, 4, 7.5, 6 ], "texture": "#particle" },
				"west": { "uv": [ 6.5, 4, 7.5, 6 ], "texture": "#particle" },
				"east": { "uv": [ 6.5, 4, 7.5, 6 ], "texture": "#particle" }
			}
		},
		{
			"__comment": "Box16",
			"from": [ 3, 2, 6.5 ],
			"to": [ 4, 5, 7 ],
			"faces": {
				"down": { "uv": [ 6.5, 4, 7.5, 6 ], "texture": "#particle" },
				"up": { "uv": [ 6.5, 4, 7.5, 6 ], "texture": "#particle" },
				"north": { "uv": [ 6.5, 4, 7.5, 6 ], "texture": "#particle" },
				"south": { "uv": [ 6.5, 4, 7.5, 6 ], "texture": "#particle" },
				"west": { "uv": [ 6.5, 4, 7.5, 6 ], "texture": "#particle" },
				"east": { "uv": [ 6.5, 4, 7.5, 6 ], "texture": "#particle" }
			}
		},
		{
			"__comment": "Box16",
			"from": [ 4, 2, 6.5 ],
			"to": [ 5, 3, 7 ],
			"faces": {
				"down": { "uv": [ 6.5, 4, 7.5, 6 ], "texture": "#particle" },
				"up": { "uv": [ 6.5, 4, 7.5, 6 ], "texture": "#particle" },
				"north": { "uv": [ 6.5, 4, 7.5, 6 ], "texture": "#particle" },
				"south": { "uv": [ 6.5, 4, 7.5, 6 ], "texture": "#particle" },
				"west": { "uv": [ 6.5, 4, 7.5, 6 ], "texture": "#particle" },
				"east": { "uv": [ 6.5, 4, 7.5, 6 ], "texture": "#particle" }
			}
		},
		{
			"__comment": "Box48",
			"from": [ 11, 9, 6.5 ],
			"to": [ 15, 10, 7.5 ],
			"faces": {
				"down": { "uv": [ 11.5, 7.5, 14.5, 8.5 ], "texture": "#particle" },
				"up": { "uv": [ 11.5, 7.5, 14.5, 8.5 ], "texture": "#particle" },
				"north": { "uv": [ 1.5, 6, 4.5, 7 ], "texture": "#particle" },
				"south": { "uv": [ 1.5, 6, 4.5, 7 ], "texture": "#particle" },
				"west": { "uv": [ 11.5, 7.5, 14.5, 8.5 ], "texture": "#particle" },
				"east": { "uv": [ 11.5, 7.5, 14.5, 8.5 ], "texture": "#particle" }
			}
		},
		{
			"__comment": "Box48",
			"from": [ 14, 7, 6.5 ],
			"to": [ 15, 9, 7.5 ],
			"faces": {
				"down": { "uv": [ 11.5, 7.5, 14.5, 8.5 ], "texture": "#particle" },
				"up": { "uv": [ 11.5, 7.5, 14.5, 8.5 ], "texture": "#particle" },
				"north": { "uv": [ 1.5, 6, 4.5, 7 ], "texture": "#particle" },
				"south": { "uv": [ 1.5, 6, 4.5, 7 ], "texture": "#particle" },
				"west": { "uv": [ 11.5, 7.5, 14.5, 8.5 ], "texture": "#particle" },
				"east": { "uv": [ 11.5, 7.5, 14.5, 8.5 ], "texture": "#particle" }
			}
		},
		{
			"__comment": "Box48",
			"from": [ 13, 7, 6.5 ],
			"to": [ 14, 8, 7.5 ],
			"faces": {
				"down": { "uv": [ 11.5, 7.5, 14.5, 8.5 ], "texture": "#particle" },
				"up": { "uv": [ 11.5, 7.5, 14.5, 8.5 ], "texture": "#particle" },
				"north": { "uv": [ 1.5, 6, 4.5, 7 ], "texture": "#particle" },
				"south": { "uv": [ 1.5, 6, 4.5, 7 ], "texture": "#particle" },
				"west": { "uv": [ 11.5, 7.5, 14.5, 8.5 ], "texture": "#particle" },
				"east": { "uv": [ 11.5, 7.5, 14.5, 8.5 ], "texture": "#particle" }
			}
		},
		{
			"__comment": "Box48",
			"from": [ 12, 6, 6.5 ],
			"to": [ 13, 7, 7.5 ],
			"faces": {
				"down": { "uv": [ 11.5, 7.5, 14.5, 8.5 ], "texture": "#particle" },
				"up": { "uv": [ 11.5, 7.5, 14.5, 8.5 ], "texture": "#particle" },
				"north": { "uv": [ 1.5, 6, 4.5, 7 ], "texture": "#particle" },
				"south": { "uv": [ 1.5, 6, 4.5, 7 ], "texture": "#particle" },
				"west": { "uv": [ 11.5, 7.5, 14.5, 8.5 ], "texture": "#particle" },
				"east": { "uv": [ 11.5, 7.5, 14.5, 8.5 ], "texture": "#particle" }
			}
		},
		{
			"__comment": "Box16",
			"from": [ 11, 8, 6.5 ],
			"to": [ 14, 9, 7 ],
			"faces": {
				"down": { "uv": [ 7, 7, 9, 8 ], "texture": "#particle" },
				"up": { "uv": [ 6.5, 4, 7.5, 6 ], "texture": "#particle" },
				"north": { "uv": [ 6.5, 4, 7.5, 6 ], "texture": "#particle" },
				"south": { "uv": [ 6.5, 4, 7.5, 6 ], "texture": "#particle" },
				"west": { "uv": [ 6.5, 4, 7.5, 6 ], "texture": "#particle" },
				"east": { "uv": [ 6.5, 4, 7.5, 6 ], "texture": "#particle" }
			}
		},
		{
			"__comment": "Box16",
			"from": [ 11, 7, 6.5 ],
			"to": [ 13, 8, 7 ],
			"faces": {
				"down": { "uv": [ 7, 7, 9, 8 ], "texture": "#particle" },
				"up": { "uv": [ 6.5, 4, 7.5, 6 ], "texture": "#particle" },
				"north": { "uv": [ 6.5, 4, 7.5, 6 ], "texture": "#particle" },
				"south": { "uv": [ 6.5, 4, 7.5, 6 ], "texture": "#particle" },
				"west": { "uv": [ 6.5, 4, 7.5, 6 ], "texture": "#particle" },
				"east": { "uv": [ 6.5, 4, 7.5, 6 ], "texture": "#particle" }
			}
		},
		{
			"__comment": "Box16",
			"from": [ 11, 6, 6.5 ],
			"to": [ 12, 7, 7 ],
			"faces": {
				"down": { "uv": [ 7, 7, 9, 8 ], "texture": "#particle" },
				"up": { "uv": [ 6.5, 4, 7.5, 6 ], "texture": "#particle" },
				"north": { "uv": [ 6.5, 4, 7.5, 6 ], "texture": "#particle" },
				"south": { "uv": [ 6.5, 4, 7.5, 6 ], "texture": "#particle" },
				"west": { "uv": [ 6.5, 4, 7.5, 6 ], "texture": "#particle" },
				"east": { "uv": [ 6.5, 4, 7.5, 6 ], "texture": "#particle" }
			}
		}
	],
	"display": {
    "thirdperson": {
        "rotation": [ 0, 90, -129 ],
        "translation": [ 0.1, 0.7, -1.5 ],
        "scale": [ 0.5, 0.47, 1 ]
    },
    "head": {
        "rotation": [ 0, 0, 0 ],
        "translation": [ 0, 1.1, 0 ],
        "scale": [ 2.11, 2.11, 1.95 ]
    },
    "ground": {
        "rotation": [ 0, 0, 0 ],
        "translation": [ 0, 0, 0 ],
        "scale": [ 1.89, 1.8, 2.17 ]
    },
    "fixed": {
        "rotation": [ 0, 0, 0 ],
        "translation": [ 0, 0, 0 ],
        "scale": [ 1.73, 1.83, 1 ]
    },
    "firstperson": {
        "rotation": [ 0, 58, 0 ],
        "translation": [ 0, 0, 0 ],
        "scale": [ 1, 1, 1 ]
    },
    "gui": {
        "rotation": [ 26, -45, 0 ],
        "translation": [ 0, 0, 0 ],
        "scale": [ 1.42, 1.39, 1 ]
    }
}
}