{
    "__comment": "Model generated using MrCrayfish's Model Creator (http://mrcrayfish.com/modelcreator/)",
    "textures": {
        "particle": "blocks/blocks/frying_pan",
        "0": "blocks/cookie",
        "1": "blocks/cookie3"
    },
    "elements": [
        {
            "name": "Element",
            "from": [ -1.0, 5.0, 13.0 ], 
            "to": [ 6.0, 9.0, 20.0 ], 
            "faces": {
                "north": { "texture": "#0", "uv": [ 1.5, 1.0, 5.0, 2.0 ] },
                "east": { "texture": "#0", "uv": [ 4.5, 1.0, 5.0, 3.0 ] },
                "south": { "texture": "#0", "uv": [ 1.5, 1.0, 5.0, 3.0 ] },
                "west": { "texture": "#0", "uv": [ 1.5, 1.0, 2.0, 3.0 ], "cullface": "west" },
                "up": { "texture": "#0", "uv": [ 1.5, 1.0, 5.0, 1.5 ] },
                "down": { "texture": "#0", "uv": [ 1.5, 2.5, 5.0, 3.0 ] }
            }
        },
        {
            "name": "Element",
            "from": [ 0.0, 9.0, 13.0 ], 
            "to": [ 5.0, 10.0, 20.0 ], 
            "faces": {
                "north": { "texture": "#0", "uv": [ 2.0, 0.5, 4.5, 1.0 ] },
                "east": { "texture": "#0", "uv": [ 2.0, 0.5, 4.5, 1.0 ] },
                "south": { "texture": "#0", "uv": [ 2.0, 0.5, 4.5, 1.0 ], "cullface": "south" },
                "west": { "texture": "#0", "uv": [ 2.0, 0.5, 4.5, 1.0 ] },
                "up": { "texture": "#0", "uv": [ 2.0, 0.5, 4.5, 1.0 ] }
            }
        },
        {
            "name": "Element",
            "from": [ 1.0, 10.0, 14.0 ], 
            "to": [ 4.0, 11.0, 19.0 ], 
            "faces": {
                "north": { "texture": "#0", "uv": [ 2.5, 0.0, 4.0, 0.5 ] },
                "east": { "texture": "#0", "uv": [ 2.5, 0.0, 4.0, 0.5 ] },
                "south": { "texture": "#0", "uv": [ 2.5, 0.0, 4.0, 0.5 ], "cullface": "south" },
                "west": { "texture": "#0", "uv": [ 2.5, 0.0, 4.0, 0.5 ] },
                "up": { "texture": "#0", "uv": [ 2.5, 0.0, 4.0, 0.5 ] }
            }
        },
        {
            "name": "Element",
            "from": [ 0.0, 10.0, 15.0 ], 
            "to": [ 1.0, 11.0, 18.0 ], 
            "faces": {
                "north": { "texture": "#0", "uv": [ 2.0, 0.0, 2.5, 0.5 ] },
                "south": { "texture": "#0", "uv": [ 2.0, 0.0, 2.5, 0.5 ], "cullface": "south" },
                "west": { "texture": "#0", "uv": [ 2.0, 0.0, 2.5, 0.5 ] },
                "up": { "texture": "#0", "uv": [ 2.0, 0.0, 2.5, 0.5 ] }
            }
        },
        {
            "name": "Element",
            "from": [ -1.0, 9.0, 14.0 ], 
            "to": [ 0.0, 10.0, 19.0 ], 
            "faces": {
                "north": { "texture": "#0", "uv": [ 1.5, 0.5, 2.0, 1.0 ] },
                "south": { "texture": "#0", "uv": [ 1.5, 0.5, 2.0, 1.0 ] },
                "west": { "texture": "#0", "uv": [ 1.5, 0.5, 2.0, 1.0 ], "cullface": "west" },
                "up": { "texture": "#0", "uv": [ 1.5, 0.5, 2.0, 1.0 ] }
            }
        },
        {
            "name": "Element",
            "from": [ -2.0, 5.0, 14.0 ], 
            "to": [ -1.0, 9.0, 19.0 ], 
            "faces": {
                "north": { "texture": "#0", "uv": [ 1.0, 1.0, 1.5, 3.0 ] },
                "south": { "texture": "#0", "uv": [ 1.0, 1.0, 1.5, 3.0 ] },
                "west": { "texture": "#0", "uv": [ 1.0, 1.0, 1.5, 3.0 ], "cullface": "west" },
                "up": { "texture": "#0", "uv": [ 1.0, 1.0, 1.5, 1.5 ] },
                "down": { "texture": "#0", "uv": [ 1.0, 2.5, 1.5, 3.0 ] }
            }
        },
        {
            "name": "Element",
            "from": [ -2.0, 6.0, 19.0 ], 
            "to": [ -1.0, 8.0, 20.0 ], 
            "faces": {
                "south": { "texture": "#0", "uv": [ 1.0, 1.5, 1.5, 2.5 ] },
                "west": { "texture": "#0", "uv": [ 1.0, 1.5, 1.5, 2.5 ], "cullface": "west" },
                "up": { "texture": "#0", "uv": [ 1.0, 1.5, 1.5, 2.0 ] },
                "down": { "texture": "#0", "uv": [ 1.0, 2.0, 1.5, 2.5 ] }
            }
        },
        {
            "name": "Element",
            "from": [ 0.0, 4.0, 13.0 ], 
            "to": [ 5.0, 5.0, 20.0 ], 
            "faces": {
                "north": { "texture": "#0", "uv": [ 2.0, 1.5, 4.5, 2.0 ] },
                "east": { "texture": "#0", "uv": [ 2.0, 3.0, 2.5, 3.5 ] },
                "south": { "texture": "#0", "uv": [ 2.0, 3.0, 4.5, 3.5 ], "cullface": "south" },
                "west": { "texture": "#0", "uv": [ 2.0, 3.0, 2.5, 3.5 ] },
                "down": { "texture": "#0", "uv": [ 2.0, 3.0, 4.5, 3.5 ] }
            }
        },
        {
            "name": "Element",
            "from": [ 1.0, 3.0, 14.0 ], 
            "to": [ 4.0, 4.0, 19.0 ], 
            "faces": {
                "north": { "texture": "#0", "uv": [ 2.5, 3.5, 4.0, 4.0 ] },
                "east": { "texture": "#0", "uv": [ 2.5, 3.5, 4.0, 4.0 ] },
                "south": { "texture": "#0", "uv": [ 2.5, 3.5, 4.0, 4.0 ], "cullface": "south" },
                "west": { "texture": "#0", "uv": [ 2.5, 3.5, 4.0, 4.0 ] },
                "down": { "texture": "#0", "uv": [ 2.5, 3.5, 4.0, 4.0 ] }
            }
        },
        {
            "name": "Element",
            "from": [ 0.0, 3.0, 15.0 ], 
            "to": [ 1.0, 4.0, 18.0 ], 
            "faces": {
                "north": { "texture": "#0", "uv": [ 2.0, 3.5, 2.5, 4.0 ] },
                "south": { "texture": "#0", "uv": [ 2.0, 3.5, 2.5, 4.0 ], "cullface": "south" },
                "west": { "texture": "#0", "uv": [ 2.0, 3.5, 2.5, 4.0 ] },
                "down": { "texture": "#0", "uv": [ 2.0, 3.5, 2.5, 4.0 ] }
            }
        },
        {
            "name": "Element",
            "from": [ -1.0, 4.0, 14.0 ], 
            "to": [ 0.0, 5.0, 19.0 ], 
            "faces": {
                "north": { "texture": "#0", "uv": [ 1.5, 3.0, 2.0, 3.5 ] },
                "south": { "texture": "#0", "uv": [ 1.5, 3.0, 2.0, 3.5 ] },
                "west": { "texture": "#0", "uv": [ 1.5, 3.0, 2.0, 3.5 ], "cullface": "west" },
                "down": { "texture": "#0", "uv": [ 1.5, 3.0, 2.0, 3.5 ] }
            }
        },
        {
            "name": "Element",
            "from": [ 0.0, 6.0, 20.0 ], 
            "to": [ 5.0, 8.0, 21.0 ], 
            "faces": {
                "east": { "texture": "#0", "uv": [ 4.5, 1.5, 5.0, 2.0 ] },
                "south": { "texture": "#0", "uv": [ 2.0, 1.5, 4.5, 2.5 ], "cullface": "south" },
                "west": { "texture": "#0", "uv": [ 4.5, 1.5, 5.0, 2.0 ] },
                "up": { "texture": "#0", "uv": [ 2.0, 1.5, 4.5, 2.0 ] },
                "down": { "texture": "#0", "uv": [ 2.0, 2.0, 4.5, 2.5 ] }
            }
        },
        {
            "name": "Element",
            "from": [ 1.0, 5.0, 20.0 ], 
            "to": [ 4.0, 6.0, 21.0 ], 
            "faces": {
                "east": { "texture": "#0", "uv": [ 3.5, 2.5, 4.0, 3.0 ] },
                "south": { "texture": "#0", "uv": [ 2.5, 2.5, 4.0, 3.0 ], "cullface": "south" },
                "west": { "texture": "#0", "uv": [ 2.5, 2.5, 3.0, 3.0 ] },
                "down": { "texture": "#0", "uv": [ 2.5, 2.5, 4.0, 3.0 ] }
            }
        },
        {
            "name": "Element",
            "from": [ 1.0, 8.0, 20.0 ], 
            "to": [ 4.0, 9.0, 21.0 ], 
            "faces": {
                "east": { "texture": "#0", "uv": [ 2.5, 1.0, 3.0, 1.5 ] },
                "south": { "texture": "#0", "uv": [ 2.5, 1.0, 4.0, 1.5 ], "cullface": "south" },
                "west": { "texture": "#0", "uv": [ 2.5, 1.0, 3.0, 1.5 ] },
                "up": { "texture": "#0", "uv": [ 2.5, 1.0, 4.0, 1.5 ] }
            }
        },
        {
            "name": "Element",
            "from": [ 4.0, 3.0, 15.0 ], 
            "to": [ 5.0, 4.0, 18.0 ], 
            "faces": {
                "north": { "texture": "#0", "uv": [ 2.0, 3.5, 2.5, 4.0 ] },
                "east": { "texture": "#0", "uv": [ 2.0, 3.5, 2.5, 4.0 ] },
                "south": { "texture": "#0", "uv": [ 2.0, 3.5, 2.5, 4.0 ], "cullface": "south" },
                "down": { "texture": "#0", "uv": [ 2.0, 3.5, 2.5, 4.0 ] }
            }
        },
        {
            "name": "Element",
            "from": [ 5.0, 4.0, 14.0 ], 
            "to": [ 6.0, 5.0, 19.0 ], 
            "faces": {
                "north": { "texture": "#0", "uv": [ 1.5, 3.0, 2.0, 3.5 ] },
                "east": { "texture": "#0", "uv": [ 1.5, 3.0, 2.0, 3.5 ] },
                "south": { "texture": "#0", "uv": [ 1.5, 3.0, 2.0, 3.5 ], "cullface": "south" },
                "down": { "texture": "#0", "uv": [ 1.5, 3.0, 2.0, 3.5 ] }
            }
        },
        {
            "name": "Element",
            "from": [ -2.0, 6.0, 13.0 ], 
            "to": [ -1.0, 8.0, 14.0 ], 
            "faces": {
                "north": { "texture": "#0", "uv": [ 1.0, 1.5, 1.5, 2.5 ] },
                "west": { "texture": "#0", "uv": [ 1.0, 1.5, 1.5, 2.5 ], "cullface": "west" },
                "up": { "texture": "#0", "uv": [ 1.0, 1.5, 1.5, 2.0 ] },
                "down": { "texture": "#0", "uv": [ 1.0, 2.0, 1.5, 2.5 ] }
            }
        },
        {
            "name": "Element",
            "from": [ 6.0, 6.0, 19.0 ], 
            "to": [ 7.0, 8.0, 20.0 ], 
            "faces": {
                "east": { "texture": "#0", "uv": [ 5.0, 1.5, 5.5, 2.5 ] },
                "south": { "texture": "#0", "uv": [ 5.0, 1.5, 5.5, 2.5 ], "cullface": "south" },
                "up": { "texture": "#0", "uv": [ 5.0, 1.5, 5.5, 2.0 ] },
                "down": { "texture": "#0", "uv": [ 5.0, 1.5, 5.5, 2.0 ] }
            }
        },
        {
            "name": "Element",
            "from": [ 6.0, 5.0, 14.0 ], 
            "to": [ 7.0, 9.0, 19.0 ], 
            "faces": {
                "north": { "texture": "#0", "uv": [ 5.0, 1.0, 5.5, 3.0 ] },
                "east": { "texture": "#0", "uv": [ 5.0, 1.0, 5.5, 3.0 ] },
                "south": { "texture": "#0", "uv": [ 5.0, 1.0, 5.5, 3.0 ], "cullface": "south" },
                "up": { "texture": "#0", "uv": [ 1.0, 1.0, 1.5, 1.5 ] },
                "down": { "texture": "#0", "uv": [ 1.0, 2.5, 1.5, 3.0 ] }
            }
        },
        {
            "name": "Element",
            "from": [ 6.0, 6.0, 13.0 ], 
            "to": [ 7.0, 8.0, 14.0 ], 
            "faces": {
                "north": { "texture": "#0", "uv": [ 5.0, 1.5, 5.5, 2.5 ] },
                "east": { "texture": "#0", "uv": [ 5.0, 1.5, 5.5, 2.5 ] },
                "up": { "texture": "#0", "uv": [ 5.0, 1.5, 5.5, 2.0 ], "cullface": "up" },
                "down": { "texture": "#0", "uv": [ 5.0, 1.5, 5.5, 2.0 ] }
            }
        },
        {
            "name": "Element",
            "from": [ 5.0, 9.0, 14.0 ], 
            "to": [ 6.0, 10.0, 19.0 ], 
            "faces": {
                "north": { "texture": "#0", "uv": [ 4.5, 0.5, 5.0, 1.0 ] },
                "east": { "texture": "#0", "uv": [ 4.5, 0.5, 5.0, 1.0 ] },
                "south": { "texture": "#0", "uv": [ 4.5, 0.5, 5.0, 1.0 ], "cullface": "south" },
                "up": { "texture": "#0", "uv": [ 4.5, 0.5, 5.0, 1.0 ] }
            }
        },
        {
            "name": "Element",
            "from": [ 4.0, 10.0, 15.0 ], 
            "to": [ 5.0, 11.0, 18.0 ], 
            "faces": {
                "north": { "texture": "#0", "uv": [ 2.0, 0.0, 2.5, 0.5 ] },
                "east": { "texture": "#0", "uv": [ 2.0, 0.0, 2.5, 0.5 ] },
                "south": { "texture": "#0", "uv": [ 2.0, 0.0, 2.5, 0.5 ], "cullface": "south" },
                "up": { "texture": "#0", "uv": [ 2.0, 0.0, 2.5, 0.5 ] }
            }
        },
        {
            "name": "Element",
            "from": [ 0.0, 6.0, 12.0 ], 
            "to": [ 5.0, 8.0, 13.0 ], 
            "faces": {
                "north": { "texture": "#0", "uv": [ 2.0, 1.5, 4.5, 2.0 ] },
                "east": { "texture": "#0", "uv": [ 4.5, 1.5, 5.0, 2.0 ] },
                "west": { "texture": "#0", "uv": [ 4.5, 1.5, 5.0, 2.0 ] },
                "up": { "texture": "#0", "uv": [ 2.0, 1.5, 4.5, 2.0 ], "cullface": "up" },
                "down": { "texture": "#0", "uv": [ 2.0, 2.0, 4.5, 2.5 ] }
            }
        },
        {
            "name": "Element",
            "from": [ 1.0, 8.0, 12.0 ], 
            "to": [ 4.0, 9.0, 13.0 ], 
            "faces": {
                "north": { "texture": "#0", "uv": [ 2.5, 1.0, 4.0, 1.5 ] },
                "east": { "texture": "#0", "uv": [ 2.5, 1.0, 3.0, 1.5 ] },
                "west": { "texture": "#0", "uv": [ 2.5, 1.0, 3.0, 1.5 ] },
                "up": { "texture": "#0", "uv": [ 2.5, 1.0, 4.0, 1.5 ], "cullface": "up" }
            }
        },
        {
            "name": "Element",
            "from": [ 1.0, 5.0, 12.0 ], 
            "to": [ 4.0, 6.0, 13.0 ], 
            "faces": {
                "north": { "texture": "#0", "uv": [ 2.5, 1.0, 4.0, 1.5 ] },
                "east": { "texture": "#0", "uv": [ 2.5, 1.0, 3.0, 1.5 ] },
                "west": { "texture": "#0", "uv": [ 2.5, 1.0, 3.0, 1.5 ] },
                "down": { "texture": "#0", "uv": [ 2.5, 1.0, 4.0, 1.5 ] }
            }
        },
        {
            "name": "Element",
            "from": [ 10.0, 4.0, 12.0 ], 
            "to": [ 16.0, 8.0, 19.0 ], 
            "faces": {
                "north": { "texture": "#0", "uv": [ 10.0, 1.5, 7.0, 3.5 ] },
                "east": { "texture": "#0", "uv": [ 9.5, 1.5, 10.0, 3.5 ] },
                "south": { "texture": "#0", "uv": [ 7.0, 1.5, 10.0, 3.5 ], "cullface": "south" },
                "west": { "texture": "#0", "uv": [ 7.0, 1.5, 7.5, 3.5 ] },
                "up": { "texture": "#0", "uv": [ 7.0, 1.5, 10.0, 2.0 ] },
                "down": { "texture": "#0", "uv": [ 7.0, 3.0, 10.0, 3.5 ] }
            }
        },
        {
            "name": "Element",
            "from": [ 11.0, 5.0, 20.0 ], 
            "to": [ 15.0, 7.0, 21.0 ], 
            "faces": {
                "east": { "texture": "#0", "uv": [ 7.5, 2.0, 9.5, 3.0 ] },
                "south": { "texture": "#0", "uv": [ 7.5, 2.0, 9.5, 3.0 ], "cullface": "south" },
                "west": { "texture": "#0", "uv": [ 7.5, 2.0, 9.5, 3.0 ] },
                "up": { "texture": "#0", "uv": [ 7.5, 2.0, 9.5, 3.0 ] },
                "down": { "texture": "#0", "uv": [ 7.5, 2.0, 9.5, 3.0 ] }
            }
        },
        {
            "name": "Element",
            "from": [ 12.0, 7.0, 20.0 ], 
            "to": [ 14.0, 8.0, 21.0 ], 
            "faces": {
                "east": { "texture": "#0", "uv": [ 2.5, 1.0, 3.0, 1.5 ] },
                "south": { "texture": "#0", "uv": [ 2.5, 1.0, 4.0, 1.5 ], "cullface": "south" },
                "west": { "texture": "#0", "uv": [ 2.5, 1.0, 3.0, 1.5 ] },
                "up": { "texture": "#0", "uv": [ 2.5, 1.0, 4.0, 1.5 ] }
            }
        },
        {
            "name": "Element",
            "from": [ 12.0, 4.0, 20.0 ], 
            "to": [ 14.0, 5.0, 21.0 ], 
            "faces": {
                "east": { "texture": "#0", "uv": [ 2.5, 1.0, 3.0, 1.5 ] },
                "south": { "texture": "#0", "uv": [ 2.5, 1.0, 4.0, 1.5 ], "cullface": "south" },
                "west": { "texture": "#0", "uv": [ 2.5, 1.0, 3.0, 1.5 ] },
                "down": { "texture": "#0", "uv": [ 2.5, 1.0, 4.0, 1.5 ] }
            }
        },
        {
            "name": "Element",
            "from": [ 9.0, 5.0, 19.0 ], 
            "to": [ 10.0, 7.0, 20.0 ], 
            "faces": {
                "south": { "texture": "#0", "uv": [ 5.0, 1.5, 5.5, 2.5 ], "cullface": "south" },
                "west": { "texture": "#0", "uv": [ 5.0, 1.5, 5.5, 2.5 ] },
                "up": { "texture": "#0", "uv": [ 5.0, 1.5, 5.5, 2.0 ] },
                "down": { "texture": "#0", "uv": [ 5.0, 1.5, 5.5, 2.0 ] }
            }
        },
        {
            "name": "Element",
            "from": [ 9.0, 4.0, 14.0 ], 
            "to": [ 10.0, 8.0, 19.0 ], 
            "faces": {
                "north": { "texture": "#0", "uv": [ 6.5, 1.5, 7.0, 3.5 ] },
                "south": { "texture": "#0", "uv": [ 6.5, 1.5, 7.0, 3.5 ], "cullface": "south" },
                "west": { "texture": "#0", "uv": [ 6.5, 1.5, 7.0, 3.5 ] },
                "up": { "texture": "#0", "uv": [ 6.5, 1.5, 7.0, 2.0 ] },
                "down": { "texture": "#0", "uv": [ 6.5, 1.5, 7.0, 2.0 ] }
            }
        },
        {
            "name": "Element",
            "from": [ 16.0, 4.0, 14.0 ], 
            "to": [ 17.0, 8.0, 19.0 ], 
            "faces": {
                "north": { "texture": "#0", "uv": [ 10.0, 1.5, 10.5, 3.5 ] },
                "east": { "texture": "#0", "uv": [ 10.0, 1.5, 10.5, 3.5 ], "cullface": "east" },
                "south": { "texture": "#0", "uv": [ 10.0, 1.5, 10.5, 3.5 ] },
                "up": { "texture": "#0", "uv": [ 10.0, 1.5, 10.5, 2.0 ] },
                "down": { "texture": "#0", "uv": [ 10.0, 3.0, 10.5, 3.5 ] }
            }
        },
        {
            "name": "Element",
            "from": [ 12.0, 7.0, 12.0 ], 
            "to": [ 14.0, 8.0, 13.0 ], 
            "faces": {
                "north": { "texture": "#0", "uv": [ 2.5, 1.0, 4.0, 1.5 ] },
                "east": { "texture": "#0", "uv": [ 2.5, 1.0, 3.0, 1.5 ] },
                "west": { "texture": "#0", "uv": [ 2.5, 1.0, 3.0, 1.5 ] },
                "up": { "texture": "#0", "uv": [ 2.5, 1.0, 4.0, 1.5 ], "cullface": "up" }
            }
        },
        {
            "name": "Element",
            "from": [ 11.0, 5.0, 12.0 ], 
            "to": [ 15.0, 7.0, 13.0 ], 
            "faces": {
                "north": { "texture": "#0", "uv": [ 7.5, 1.5, 9.5, 2.0 ] },
                "east": { "texture": "#0", "uv": [ 9.0, 2.0, 9.5, 2.5 ] },
                "west": { "texture": "#0", "uv": [ 9.0, 2.0, 9.5, 2.5 ] },
                "down": { "texture": "#0", "uv": [ 7.5, 1.5, 9.5, 2.0 ] }
            }
        },
        {
            "name": "Element",
            "from": [ 12.0, 4.0, 12.0 ], 
            "to": [ 14.0, 5.0, 13.0 ], 
            "faces": {
                "north": { "texture": "#0", "uv": [ 2.5, 1.0, 4.0, 1.5 ] },
                "east": { "texture": "#0", "uv": [ 2.5, 1.0, 3.0, 1.5 ] },
                "west": { "texture": "#0", "uv": [ 2.5, 1.0, 3.0, 1.5 ] },
                "down": { "texture": "#0", "uv": [ 2.5, 1.0, 4.0, 1.5 ] }
            }
        },
        {
            "name": "Element",
            "from": [ 9.0, 5.0, 13.0 ], 
            "to": [ 10.0, 7.0, 14.0 ], 
            "faces": {
                "north": { "texture": "#0", "uv": [ 5.0, 1.5, 5.5, 2.5 ] },
                "west": { "texture": "#0", "uv": [ 5.0, 1.5, 5.5, 2.5 ] },
                "up": { "texture": "#0", "uv": [ 5.0, 1.5, 5.5, 2.0 ], "cullface": "up" },
                "down": { "texture": "#0", "uv": [ 5.0, 1.5, 5.5, 2.0 ] }
            }
        },
        {
            "name": "Element",
            "from": [ 16.0, 5.0, 19.0 ], 
            "to": [ 17.0, 7.0, 20.0 ], 
            "faces": {
                "east": { "texture": "#0", "uv": [ 10.0, 2.0, 10.5, 3.0 ], "cullface": "east" },
                "south": { "texture": "#0", "uv": [ 10.0, 2.0, 10.5, 3.0 ] },
                "up": { "texture": "#0", "uv": [ 10.0, 2.0, 10.5, 2.5 ] },
                "down": { "texture": "#0", "uv": [ 10.0, 2.0, 10.5, 2.5 ] }
            }
        },
        {
            "name": "Element",
            "from": [ 16.0, 5.0, 13.0 ], 
            "to": [ 17.0, 7.0, 14.0 ], 
            "faces": {
                "north": { "texture": "#0", "uv": [ 10.0, 2.0, 10.5, 3.0 ] },
                "east": { "texture": "#0", "uv": [ 10.0, 2.0, 10.5, 3.0 ], "cullface": "east" },
                "up": { "texture": "#0", "uv": [ 10.0, 2.0, 10.5, 2.5 ] },
                "down": { "texture": "#0", "uv": [ 10.0, 2.0, 10.5, 2.5 ] }
            }
        },
        {
            "name": "Element",
            "from": [ 11.0, 8.0, 13.0 ], 
            "to": [ 15.0, 9.0, 20.0 ], 
            "faces": {
                "north": { "texture": "#0", "uv": [ 7.5, 1.5, 9.5, 2.0 ] },
                "east": { "texture": "#0", "uv": [ 8.5, 1.0, 9.5, 1.5 ] },
                "south": { "texture": "#0", "uv": [ 7.5, 1.0, 9.5, 1.5 ], "cullface": "south" },
                "west": { "texture": "#0", "uv": [ 8.5, 1.0, 9.5, 1.5 ] },
                "up": { "texture": "#0", "uv": [ 7.5, 2.0, 9.5, 1.0 ] }
            }
        },
        {
            "name": "Element",
            "from": [ 10.0, 8.0, 14.0 ], 
            "to": [ 11.0, 9.0, 19.0 ], 
            "faces": {
                "north": { "texture": "#0", "uv": [ 7.0, 1.0, 7.5, 1.5 ] },
                "south": { "texture": "#0", "uv": [ 7.0, 1.0, 7.5, 1.5 ], "cullface": "south" },
                "west": { "texture": "#0", "uv": [ 7.0, 1.0, 7.5, 1.5 ] },
                "up": { "texture": "#0", "uv": [ 7.0, 1.0, 7.5, 1.5 ] }
            }
        },
        {
            "name": "Element",
            "from": [ 15.0, 8.0, 14.0 ], 
            "to": [ 16.0, 9.0, 19.0 ], 
            "faces": {
                "north": { "texture": "#0", "uv": [ 1.5, 0.5, 2.0, 1.0 ] },
                "east": { "texture": "#0", "uv": [ 1.5, 0.5, 2.0, 1.0 ] },
                "south": { "texture": "#0", "uv": [ 1.5, 0.5, 2.0, 1.0 ], "cullface": "south" },
                "up": { "texture": "#0", "uv": [ 1.5, 0.5, 2.0, 1.0 ] }
            }
        },
        {
            "name": "Element",
            "from": [ 12.0, 9.0, 14.0 ], 
            "to": [ 14.0, 10.0, 19.0 ], 
            "faces": {
                "north": { "texture": "#0", "uv": [ 8.5, 1.0, 9.5, 1.5 ] },
                "east": { "texture": "#0", "uv": [ 8.5, 0.5, 9.5, 1.0 ] },
                "south": { "texture": "#0", "uv": [ 8.0, 0.5, 9.0, 1.0 ], "cullface": "south" },
                "west": { "texture": "#0", "uv": [ 7.0, 1.0, 8.0, 1.5 ] },
                "up": { "texture": "#0", "uv": [ 8.0, 1.5, 9.0, 2.0 ] }
            }
        },
        {
            "name": "Element",
            "from": [ 11.0, 9.0, 15.0 ], 
            "to": [ 12.0, 10.0, 18.0 ], 
            "faces": {
                "north": { "texture": "#0", "uv": [ 7.0, 1.0, 7.5, 1.5 ] },
                "south": { "texture": "#0", "uv": [ 7.5, 0.5, 8.0, 1.0 ], "cullface": "south" },
                "west": { "texture": "#0", "uv": [ 7.0, 1.0, 8.0, 1.5 ] },
                "up": { "texture": "#0", "uv": [ 8.5, 2.0, 9.0, 2.5 ] }
            }
        },
        {
            "name": "Element",
            "from": [ 14.0, 9.0, 15.0 ], 
            "to": [ 15.0, 10.0, 18.0 ], 
            "faces": {
                "north": { "texture": "#0", "uv": [ 2.0, 0.0, 2.5, 0.5 ] },
                "east": { "texture": "#0", "uv": [ 2.0, 0.0, 2.5, 0.5 ] },
                "south": { "texture": "#0", "uv": [ 2.0, 0.0, 2.5, 0.5 ], "cullface": "south" },
                "up": { "texture": "#0", "uv": [ 2.0, 0.0, 2.5, 0.5 ] }
            }
        },
        {
            "name": "Element",
            "from": [ 11.0, 3.0, 13.0 ], 
            "to": [ 15.0, 4.0, 20.0 ], 
            "faces": {
                "north": { "texture": "#0", "uv": [ 7.5, 3.5, 9.5, 4.0 ] },
                "east": { "texture": "#0", "uv": [ 7.5, 3.5, 9.5, 4.0 ] },
                "south": { "texture": "#0", "uv": [ 7.5, 3.5, 9.5, 4.0 ], "cullface": "south" },
                "west": { "texture": "#0", "uv": [ 7.5, 3.5, 9.5, 4.0 ] },
                "down": { "texture": "#0", "uv": [ 7.5, 3.5, 9.5, 4.0 ] }
            }
        },
        {
            "name": "Element",
            "from": [ 15.0, 3.0, 14.0 ], 
            "to": [ 16.0, 4.0, 19.0 ], 
            "faces": {
                "north": { "texture": "#0", "uv": [ 1.5, 3.0, 2.0, 3.5 ] },
                "east": { "texture": "#0", "uv": [ 1.5, 3.0, 2.0, 3.5 ] },
                "south": { "texture": "#0", "uv": [ 1.5, 3.0, 2.0, 3.5 ], "cullface": "south" },
                "down": { "texture": "#0", "uv": [ 1.5, 3.0, 2.0, 3.5 ] }
            }
        },
        {
            "name": "Element",
            "from": [ 10.0, 3.0, 14.0 ], 
            "to": [ 11.0, 4.0, 19.0 ], 
            "faces": {
                "north": { "texture": "#0", "uv": [ 1.5, 3.0, 2.0, 3.5 ] },
                "south": { "texture": "#0", "uv": [ 1.5, 3.0, 2.0, 3.5 ], "cullface": "south" },
                "west": { "texture": "#0", "uv": [ 1.5, 3.0, 2.0, 3.5 ] },
                "down": { "texture": "#0", "uv": [ 1.5, 3.0, 2.0, 3.5 ] }
            }
        },
        {
            "name": "Element",
            "from": [ 12.0, 2.0, 14.0 ], 
            "to": [ 14.0, 3.0, 19.0 ], 
            "faces": {
                "north": { "texture": "#0", "uv": [ 2.5, 3.5, 4.0, 4.0 ] },
                "east": { "texture": "#0", "uv": [ 2.5, 3.5, 4.0, 4.0 ] },
                "south": { "texture": "#0", "uv": [ 2.5, 3.5, 4.0, 4.0 ], "cullface": "south" },
                "west": { "texture": "#0", "uv": [ 2.5, 3.5, 4.0, 4.0 ] },
                "down": { "texture": "#0", "uv": [ 2.5, 3.5, 4.0, 4.0 ] }
            }
        },
        {
            "name": "Element",
            "from": [ 11.0, 2.0, 15.0 ], 
            "to": [ 12.0, 3.0, 18.0 ], 
            "faces": {
                "north": { "texture": "#0", "uv": [ 2.0, 3.5, 2.5, 4.0 ] },
                "south": { "texture": "#0", "uv": [ 2.0, 3.5, 2.5, 4.0 ], "cullface": "south" },
                "west": { "texture": "#0", "uv": [ 2.0, 3.5, 2.5, 4.0 ] },
                "down": { "texture": "#0", "uv": [ 2.0, 3.5, 2.5, 4.0 ] }
            }
        },
        {
            "name": "Element",
            "from": [ 14.0, 2.0, 15.0 ], 
            "to": [ 15.0, 3.0, 18.0 ], 
            "faces": {
                "north": { "texture": "#0", "uv": [ 2.0, 3.5, 2.5, 4.0 ] },
                "east": { "texture": "#0", "uv": [ 2.0, 3.5, 2.5, 4.0 ] },
                "south": { "texture": "#0", "uv": [ 2.0, 3.5, 2.5, 4.0 ], "cullface": "south" },
                "down": { "texture": "#0", "uv": [ 2.0, 3.5, 2.5, 4.0 ] }
            }
        },
        {
            "name": "Element",
            "from": [ -3.0, -1.0, 14.0 ], 
            "to": [ 19.0, 5.0, 17.0 ], 
            "faces": {
                "north": { "texture": "#0", "uv": [ 11.5, 3.0, 0.5, 6.0 ] },
                "east": { "texture": "#0", "uv": [ 11.0, 3.0, 11.5, 6.0 ] },
                "south": { "texture": "#0", "uv": [ 0.5, 3.0, 11.5, 6.0 ], "cullface": "south" },
                "west": { "texture": "#0", "uv": [ 0.5, 3.0, 1.0, 6.0 ] },
                "up": { "texture": "#0", "uv": [ 0.5, 3.0, 11.5, 3.5 ] },
                "down": { "texture": "#0", "uv": [ 0.5, 5.5, 11.5, 6.0 ] }
            }
        },
        {
            "name": "Element",
            "from": [ -4.0, -1.0, 14.0 ], 
            "to": [ -3.0, 4.0, 17.0 ], 
            "faces": {
                "north": { "texture": "#0", "uv": [ 0.0, 3.5, 0.5, 6.0 ] },
                "south": { "texture": "#0", "uv": [ 0.0, 3.5, 0.5, 6.0 ] },
                "west": { "texture": "#0", "uv": [ 0.0, 3.5, 0.5, 6.0 ], "cullface": "west" },
                "up": { "texture": "#0", "uv": [ 0.0, 3.5, 0.5, 4.0 ] },
                "down": { "texture": "#0", "uv": [ 0.0, 5.5, 0.5, 6.0 ] }
            }
        },
        {
            "name": "Element",
            "from": [ 17.0, 5.0, 16.0 ], 
            "to": [ 18.0, 6.0, 17.0 ], 
            "faces": {
                "north": { "texture": "#0", "uv": [ 10.5, 2.5, 11.0, 3.0 ] },
                "east": { "texture": "#0", "uv": [ 10.5, 2.5, 11.0, 3.0 ], "cullface": "east" },
                "south": { "texture": "#0", "uv": [ 10.5, 2.5, 11.0, 3.0 ] },
                "up": { "texture": "#0", "uv": [ 10.5, 2.5, 11.0, 3.0 ] }
            }
        },
        {
            "name": "Element",
            "from": [ -3.0, -7.0, 14.0 ], 
            "to": [ 18.0, -1.0, 17.0 ], 
            "faces": {
                "north": { "texture": "#0", "uv": [ 11.0, 6.0, 0.5, 9.0 ] },
                "east": { "texture": "#0", "uv": [ 10.5, 6.0, 11.0, 9.0 ] },
                "south": { "texture": "#0", "uv": [ 0.5, 6.0, 11.0, 9.0 ], "cullface": "south" },
                "west": { "texture": "#0", "uv": [ 0.5, 6.0, 1.0, 9.0 ] },
                "down": { "texture": "#0", "uv": [ 0.5, 8.5, 11.0, 9.0 ] }
            }
        },
        {
            "name": "Element",
            "from": [ -3.0, -8.0, 14.0 ], 
            "to": [ 17.0, -7.0, 17.0 ], 
            "faces": {
                "north": { "texture": "#0", "uv": [ 10.5, 9.0, 0.5, 9.5 ] },
                "east": { "texture": "#0", "uv": [ 10.0, 9.0, 10.5, 9.5 ] },
                "south": { "texture": "#0", "uv": [ 0.5, 9.0, 10.5, 9.5 ], "cullface": "south" },
                "west": { "texture": "#0", "uv": [ 0.5, 9.0, 1.0, 9.5 ] },
                "down": { "texture": "#0", "uv": [ 0.5, 9.0, 10.5, 9.5 ] }
            }
        },
        {
            "name": "Element",
            "from": [ -2.0, -9.0, 14.0 ], 
            "to": [ 17.0, -8.0, 17.0 ], 
            "faces": {
                "north": { "texture": "#0", "uv": [ 10.5, 9.5, 1.0, 10.0 ] },
                "east": { "texture": "#0", "uv": [ 10.0, 9.5, 10.5, 10.0 ] },
                "south": { "texture": "#0", "uv": [ 1.0, 9.5, 10.5, 10.0 ], "cullface": "south" },
                "west": { "texture": "#0", "uv": [ 1.0, 9.5, 1.5, 10.0 ] },
                "down": { "texture": "#0", "uv": [ 1.0, 9.5, 10.5, 10.0 ] }
            }
        },
        {
            "name": "Element",
            "from": [ -1.0, -10.0, 14.0 ], 
            "to": [ 16.0, -9.0, 17.0 ], 
            "faces": {
                "north": { "texture": "#0", "uv": [ 1.5, 10.0, 10.0, 10.5 ] },
                "east": { "texture": "#0", "uv": [ 9.5, 10.0, 10.0, 10.5 ] },
                "south": { "texture": "#0", "uv": [ 1.5, 10.0, 10.0, 10.5 ], "cullface": "south" },
                "west": { "texture": "#0", "uv": [ 1.5, 10.0, 2.0, 10.5 ] },
                "down": { "texture": "#0", "uv": [ 1.5, 10.0, 10.0, 10.5 ] }
            }
        },
        {
            "name": "Element",
            "from": [ 0.0, -11.0, 14.0 ], 
            "to": [ 15.0, -10.0, 17.0 ], 
            "faces": {
                "north": { "texture": "#0", "uv": [ 2.0, 10.5, 9.5, 11.0 ] },
                "east": { "texture": "#0", "uv": [ 9.0, 10.5, 9.5, 11.0 ] },
                "south": { "texture": "#0", "uv": [ 2.0, 10.5, 9.5, 11.0 ], "cullface": "south" },
                "west": { "texture": "#0", "uv": [ 2.0, 10.5, 2.5, 11.0 ] },
                "down": { "texture": "#0", "uv": [ 2.0, 10.5, 9.5, 11.0 ] }
            }
        },
        {
            "name": "Element",
            "from": [ 0.0, -12.0, 15.5 ], 
            "to": [ 1.0, -11.0, 16.5 ], 
            "faces": {
                "north": { "texture": "#0", "uv": [ 2.0, 11.0, 2.5, 11.5 ] },
                "east": { "texture": "#0", "uv": [ 2.0, 11.0, 2.5, 11.5 ] },
                "south": { "texture": "#0", "uv": [ 2.0, 11.0, 2.5, 11.5 ], "cullface": "south" },
                "west": { "texture": "#0", "uv": [ 2.0, 11.0, 2.5, 11.5 ], "rotation": 90 },
                "down": { "texture": "#0", "uv": [ 2.0, 11.0, 2.5, 11.5 ] }
            }
        },
        {
            "name": "Element",
            "from": [ 8.0, -12.0, 15.5 ], 
            "to": [ 9.0, -11.0, 16.5 ], 
            "faces": {
                "north": { "texture": "#0", "uv": [ 6.0, 11.0, 6.5, 11.5 ] },
                "east": { "texture": "#0", "uv": [ 6.0, 11.0, 6.5, 11.5 ] },
                "south": { "texture": "#0", "uv": [ 6.0, 11.0, 6.5, 11.5 ], "cullface": "south" },
                "west": { "texture": "#0", "uv": [ 6.0, 11.0, 6.5, 11.5 ], "rotation": 90 },
                "down": { "texture": "#0", "uv": [ 6.0, 11.0, 6.5, 11.5 ] }
            }
        },
        {
            "name": "Element",
            "from": [ -3.0, 2.0, 16.9375 ], 
            "to": [ 18.0, 4.0, 17.9375 ], 
            "faces": {
                "north": { "texture": "#0", "uv": [ 11.0, 3.5, 0.5, 4.5 ] },
                "east": { "texture": "#0", "uv": [ 10.5, 3.5, 11.0, 4.5 ] },
                "south": { "texture": "#0", "uv": [ 0.5, 3.5, 11.0, 4.5 ], "cullface": "south" },
                "west": { "texture": "#0", "uv": [ 0.5, 3.5, 1.0, 4.5 ] },
                "up": { "texture": "#0", "uv": [ 0.5, 3.5, 11.0, 4.0 ] },
                "down": { "texture": "#0", "uv": [ 0.5, 4.0, 11.0, 4.5 ] }
            }
        },
        {
            "name": "Element",
            "from": [ -1.0, 1.0, 17.0 ], 
            "to": [ 16.0, 2.0, 18.0 ], 
            "faces": {
                "east": { "texture": "#0", "uv": [ 9.5, 4.5, 10.0, 5.0 ] },
                "south": { "texture": "#0", "uv": [ 1.5, 4.5, 10.0, 5.0 ], "cullface": "south" },
                "west": { "texture": "#0", "uv": [ 1.5, 4.5, 2.0, 5.0 ] },
                "up": { "texture": "#0", "uv": [ 1.5, 4.5, 10.0, 5.0 ] },
                "down": { "texture": "#0", "uv": [ 1.5, 4.5, 10.0, 5.0 ] }
            }
        },
        {
            "name": "Element",
            "from": [ 0.0, 0.0, 17.0 ], 
            "to": [ 14.0, 1.0, 21.0 ], 
            "faces": {
                "east": { "texture": "#0", "uv": [ 8.5, 5.0, 9.0, 5.5 ] },
                "south": { "texture": "#0", "uv": [ 2.0, 5.0, 9.0, 5.5 ], "cullface": "south" },
                "west": { "texture": "#0", "uv": [ 2.0, 5.0, 2.5, 5.5 ] },
                "up": { "texture": "#0", "uv": [ 2.0, 5.0, 9.0, 5.5 ] },
                "down": { "texture": "#0", "uv": [ 2.0, 5.0, 9.0, 5.5 ] }
            }
        },
        {
            "name": "Element",
            "from": [ 1.0, 1.0, 18.0 ], 
            "to": [ 14.0, 2.0, 21.0 ], 
            "faces": {
                "south": { "texture": "#0", "uv": [ 2.5, 4.5, 9.0, 5.0 ], "cullface": "south" },
                "up": { "texture": "#0", "uv": [ 2.5, 4.5, 9.0, 5.0 ] }
            }
        },
        {
            "name": "Element",
            "from": [ 5.0, 2.0, 18.0 ], 
            "to": [ 10.0, 3.0, 20.0 ], 
            "faces": {
                "north": { "texture": "#0", "uv": [ 7.0, 4.0, 4.5, 4.5 ] },
                "east": { "texture": "#0", "uv": [ 6.5, 4.0, 7.0, 4.5 ] },
                "south": { "texture": "#0", "uv": [ 4.5, 4.0, 7.0, 4.5 ], "cullface": "south" },
                "west": { "texture": "#0", "uv": [ 4.5, 4.0, 5.0, 4.5 ] },
                "up": { "texture": "#0", "uv": [ 4.5, 4.0, 7.0, 4.5 ] }
            }
        },
        {
            "name": "Element",
            "from": [ 7.0, 3.0, 18.0 ], 
            "to": [ 9.0, 4.0, 19.0 ], 
            "faces": {
                "north": { "texture": "#0", "uv": [ 5.5, 3.5, 6.5, 4.0 ] },
                "east": { "texture": "#0", "uv": [ 6.0, 3.5, 6.5, 4.0 ] },
                "south": { "texture": "#0", "uv": [ 6.5, 3.5, 5.5, 4.0 ], "cullface": "south" },
                "west": { "texture": "#0", "uv": [ 5.5, 3.5, 6.0, 4.0 ] },
                "up": { "texture": "#0", "uv": [ 5.5, 3.5, 6.5, 4.0 ] }
            }
        },
        {
            "name": "Element",
            "from": [ 5.0, 1.0, 19.0 ], 
            "to": [ 10.0, 2.0, 21.0 ], 
            "faces": {
                "north": { "texture": "#0", "uv": [ 7.0, 4.5, 4.5, 5.0 ] },
                "east": { "texture": "#0", "uv": [ 6.5, 4.5, 7.0, 5.0 ] },
                "south": { "texture": "#0", "uv": [ 4.5, 4.5, 7.0, 5.0 ], "cullface": "south" },
                "west": { "texture": "#0", "uv": [ 4.5, 4.5, 5.0, 5.0 ] },
                "up": { "texture": "#0", "uv": [ 4.5, 4.5, 7.0, 5.0 ] }
            }
        },
        {
            "name": "Element",
            "from": [ 14.0, 1.0, 18.0 ], 
            "to": [ 16.0, 2.0, 21.0 ], 
            "faces": {
                "east": { "texture": "#0", "uv": [ 8.5, 5.0, 9.0, 5.5 ] },
                "south": { "texture": "#0", "uv": [ 2.0, 5.0, 9.0, 5.5 ], "cullface": "south" },
                "up": { "texture": "#0", "uv": [ 2.0, 5.0, 9.0, 5.5 ] },
                "down": { "texture": "#0", "uv": [ 2.0, 5.0, 9.0, 5.5 ] }
            }
        },
        {
            "name": "Element",
            "from": [ -1.0, 1.0, 18.0 ], 
            "to": [ 1.0, 2.0, 21.0 ], 
            "faces": {
                "south": { "texture": "#0", "uv": [ 2.0, 5.0, 9.0, 5.5 ] },
                "west": { "texture": "#0", "uv": [ 2.0, 5.0, 2.5, 5.5 ], "cullface": "west" },
                "down": { "texture": "#0", "uv": [ 2.0, 5.0, 9.0, 5.5 ] }
            }
        },
        {
            "name": "Element",
            "from": [ -3.0, 0.0, 17.0 ], 
            "to": [ -1.0, 1.0, 20.0 ], 
            "faces": {
                "east": { "texture": "#0", "uv": [ 0.5, 5.0, 1.5, 5.5 ] },
                "south": { "texture": "#0", "uv": [ 0.5, 5.0, 1.5, 5.5 ] },
                "west": { "texture": "#0", "uv": [ 0.5, 5.0, 1.5, 5.5 ], "cullface": "west" },
                "up": { "texture": "#0", "uv": [ 0.5, 5.0, 1.5, 5.5 ] },
                "down": { "texture": "#0", "uv": [ 0.5, 5.0, 1.5, 5.5 ] }
            }
        },
        {
            "name": "Element",
            "from": [ -2.0, -2.0, 17.0 ], 
            "to": [ -1.0, 0.0, 20.0 ], 
            "faces": {
                "north": { "texture": "#0", "uv": [ 0.5, 5.0, 1.5, 5.5 ] },
                "east": { "texture": "#0", "uv": [ 0.5, 5.0, 1.5, 5.5 ] },
                "south": { "texture": "#0", "uv": [ 0.5, 5.0, 1.5, 5.5 ] },
                "west": { "texture": "#0", "uv": [ 0.5, 5.0, 1.5, 5.5 ], "cullface": "west" },
                "down": { "texture": "#0", "uv": [ 0.5, 5.0, 1.5, 5.5 ] }
            }
        },
        {
            "name": "Element",
            "from": [ -2.0, -3.0, 17.0 ], 
            "to": [ -1.0, -2.0, 19.0 ], 
            "faces": {
                "east": { "texture": "#0", "uv": [ 1.0, 6.5, 1.5, 7.0 ] },
                "south": { "texture": "#0", "uv": [ 1.0, 6.5, 1.5, 7.0 ] },
                "west": { "texture": "#0", "uv": [ 1.0, 6.5, 1.5, 7.0 ], "cullface": "west" },
                "down": { "texture": "#0", "uv": [ 1.0, 6.5, 1.5, 7.0 ] }
            }
        },
        {
            "name": "Element",
            "from": [ -1.0, -5.0, 17.0 ], 
            "to": [ 0.0, -3.0, 20.0 ], 
            "faces": {
                "east": { "texture": "#0", "uv": [ 1.5, 7.0, 2.0, 8.0 ] },
                "south": { "texture": "#0", "uv": [ 1.5, 7.0, 2.0, 8.0 ] },
                "west": { "texture": "#0", "uv": [ 1.5, 7.0, 2.0, 8.0 ], "cullface": "west" },
                "up": { "texture": "#0", "uv": [ 1.5, 7.0, 2.0, 7.5 ] },
                "down": { "texture": "#0", "uv": [ 1.5, 7.0, 2.0, 7.5 ] }
            }
        },
        {
            "name": "Element",
            "from": [ 0.0, -7.0, 17.0 ], 
            "to": [ 1.0, -5.0, 21.0 ], 
            "faces": {
                "east": { "texture": "#0", "uv": [ 2.0, 8.0, 2.5, 9.0 ] },
                "south": { "texture": "#0", "uv": [ 2.0, 8.0, 2.5, 9.0 ], "cullface": "south" },
                "west": { "texture": "#0", "uv": [ 2.0, 8.0, 2.5, 9.0 ] },
                "up": { "texture": "#0", "uv": [ 2.0, 8.0, 2.5, 8.5 ] }
            }
        },
        {
            "name": "Element",
            "from": [ 1.0, -8.0, 17.0 ], 
            "to": [ 2.0, -7.0, 22.0 ], 
            "faces": {
                "east": { "texture": "#0", "uv": [ 2.0, 8.0, 2.5, 9.0 ] },
                "south": { "texture": "#0", "uv": [ 2.0, 8.0, 2.5, 9.0 ], "cullface": "south" },
                "west": { "texture": "#0", "uv": [ 2.0, 8.0, 2.5, 9.0 ] },
                "up": { "texture": "#0", "uv": [ 2.0, 8.0, 2.5, 8.5 ] },
                "down": { "texture": "#0", "uv": [ 2.0, 8.0, 2.5, 8.5 ] }
            }
        },
        {
            "name": "Element",
            "from": [ 2.0, -9.0, 17.0 ], 
            "to": [ 12.0, -8.0, 23.0 ], 
            "faces": {
                "east": { "texture": "#0", "uv": [ 7.5, 9.5, 8.0, 10.0 ] },
                "south": { "texture": "#0", "uv": [ 3.0, 9.5, 8.0, 10.0 ], "cullface": "south" },
                "west": { "texture": "#0", "uv": [ 3.0, 9.5, 3.5, 10.0 ] },
                "up": { "texture": "#0", "uv": [ 5.0, 9.5, 7.5, 10.0 ] },
                "down": { "texture": "#0", "uv": [ 3.0, 9.5, 8.0, 10.0 ] }
            }
        },
        {
            "name": "Element",
            "from": [ 12.0, -8.0, 17.0 ], 
            "to": [ 14.0, -7.0, 22.0 ], 
            "faces": {
                "east": { "texture": "#0", "uv": [ 8.0, 9.0, 8.5, 9.5 ] },
                "south": { "texture": "#0", "uv": [ 8.0, 9.0, 9.0, 9.5 ], "cullface": "south" },
                "west": { "texture": "#0", "uv": [ 8.0, 9.0, 8.5, 9.5 ] },
                "up": { "texture": "#0", "uv": [ 8.0, 9.0, 9.0, 9.5 ] },
                "down": { "texture": "#0", "uv": [ 8.0, 9.0, 9.0, 9.5 ] }
            }
        },
        {
            "name": "Element",
            "from": [ 14.0, -7.0, 17.0 ], 
            "to": [ 16.0, -5.0, 21.0 ], 
            "faces": {
                "east": { "texture": "#0", "uv": [ 8.0, 9.0, 8.5, 9.5 ] },
                "south": { "texture": "#0", "uv": [ 8.0, 9.0, 9.0, 9.5 ], "cullface": "south" },
                "west": { "texture": "#0", "uv": [ 8.0, 9.0, 8.5, 9.5 ] },
                "up": { "texture": "#0", "uv": [ 8.0, 9.0, 9.0, 9.5 ] }
            }
        },
        {
            "name": "Element",
            "from": [ 15.0, -5.0, 17.0 ], 
            "to": [ 16.0, -3.0, 20.0 ], 
            "faces": {
                "east": { "texture": "#0", "uv": [ 8.0, 9.0, 8.5, 9.5 ] },
                "south": { "texture": "#0", "uv": [ 8.0, 9.0, 9.0, 9.5 ], "cullface": "south" },
                "west": { "texture": "#0", "uv": [ 8.0, 9.0, 8.5, 9.5 ] },
                "up": { "texture": "#0", "uv": [ 8.0, 9.0, 9.0, 9.5 ] }
            }
        },
        {
            "name": "Element",
            "from": [ 16.0, -3.0, 17.0 ], 
            "to": [ 17.0, -1.0, 19.0 ], 
            "faces": {
                "east": { "texture": "#0", "uv": [ 8.0, 9.0, 8.5, 9.5 ], "cullface": "east" },
                "south": { "texture": "#0", "uv": [ 8.0, 9.0, 9.0, 9.5 ] },
                "west": { "texture": "#0", "uv": [ 8.0, 9.0, 8.5, 9.5 ] },
                "up": { "texture": "#0", "uv": [ 8.0, 9.0, 9.0, 9.5 ] }
            }
        },
        {
            "name": "Element",
            "from": [ 17.0, -1.0, 17.0 ], 
            "to": [ 18.0, 2.0, 19.0 ], 
            "faces": {
                "east": { "texture": "#0", "uv": [ 10.5, 4.5, 11.0, 6.0 ], "cullface": "east" },
                "south": { "texture": "#0", "uv": [ 10.5, 4.5, 11.0, 6.0 ] },
                "west": { "texture": "#0", "uv": [ 10.5, 4.5, 11.0, 6.0 ] },
                "up": { "texture": "#0", "uv": [ 10.5, 4.5, 11.0, 5.0 ] },
                "down": { "texture": "#0", "uv": [ 10.5, 5.5, 11.0, 6.0 ] }
            }
        },
        {
            "name": "Element",
            "from": [ -2.0, 2.0, 18.0 ], 
            "to": [ 1.0, 3.0, 21.0 ], 
            "faces": {
                "north": { "texture": "#0", "uv": [ 1.0, 4.0, 2.5, 4.5 ] },
                "east": { "texture": "#0", "uv": [ 8.5, 5.0, 9.0, 5.5 ] },
                "south": { "texture": "#0", "uv": [ 1.0, 4.0, 2.5, 4.5 ] },
                "west": { "texture": "#0", "uv": [ 2.0, 5.0, 2.5, 5.5 ], "cullface": "west" },
                "up": { "texture": "#0", "uv": [ 1.0, 4.0, 2.5, 4.5 ] },
                "down": { "texture": "#0", "uv": [ 1.0, 4.0, 2.5, 4.5 ] }
            }
        },
        {
            "name": "Element",
            "from": [ -3.0, 1.0, 17.0 ], 
            "to": [ -2.0, 2.0, 19.0 ], 
            "faces": {
                "east": { "texture": "#0", "uv": [ 0.5, 4.5, 1.0, 5.0 ] },
                "south": { "texture": "#0", "uv": [ 0.5, 4.5, 1.0, 5.0 ] },
                "west": { "texture": "#0", "uv": [ 0.5, 4.5, 1.0, 5.0 ], "cullface": "west" },
                "up": { "texture": "#0", "uv": [ 0.5, 4.5, 1.0, 5.0 ] }
            }
        },
        {
            "name": "Element",
            "from": [ -3.0, -3.0, 17.0 ], 
            "to": [ -2.0, 0.0, 18.0 ], 
            "faces": {
                "north": { "texture": "#0", "uv": [ 0.5, 5.5, 1.0, 7.0 ] },
                "east": { "texture": "#0", "uv": [ 0.5, 5.5, 1.0, 7.0 ] },
                "south": { "texture": "#0", "uv": [ 0.5, 5.5, 1.0, 7.0 ] },
                "west": { "texture": "#0", "uv": [ 0.5, 5.5, 1.0, 7.0 ], "cullface": "west" },
                "down": { "texture": "#0", "uv": [ 0.5, 5.5, 1.0, 6.0 ] }
            }
        },
        {
            "name": "Element",
            "from": [ 18.0, -1.0, 17.0 ], 
            "to": [ 19.0, 2.0, 18.0 ], 
            "faces": {
                "east": { "texture": "#0", "uv": [ 0.5, 5.5, 1.0, 7.0 ], "cullface": "east" },
                "south": { "texture": "#0", "uv": [ 0.5, 5.5, 1.0, 7.0 ] },
                "up": { "texture": "#0", "uv": [ 0.5, 5.5, 1.0, 6.0 ] },
                "down": { "texture": "#0", "uv": [ 0.5, 5.5, 1.0, 6.0 ] }
            }
        },
        {
            "name": "Element",
            "from": [ 0.0, -10.0, 17.0 ], 
            "to": [ 15.0, -9.0, 20.0 ], 
            "faces": {
                "east": { "texture": "#0", "uv": [ 9.0, 10.0, 9.5, 10.5 ] },
                "south": { "texture": "#0", "uv": [ 2.0, 10.0, 9.5, 10.5 ], "cullface": "south" },
                "west": { "texture": "#0", "uv": [ 2.0, 10.0, 2.5, 10.5 ] },
                "up": { "texture": "#0", "uv": [ 2.0, 10.0, 9.5, 10.5 ] },
                "down": { "texture": "#0", "uv": [ 6.0, 10.0, 7.0, 10.5 ] }
            }
        },
        {
            "name": "Element",
            "from": [ -1.0, -9.0, 17.0 ], 
            "to": [ 2.0, -8.0, 18.0 ], 
            "faces": {
                "south": { "texture": "#0", "uv": [ 1.5, 9.5, 3.0, 10.0 ] },
                "west": { "texture": "#0", "uv": [ 1.5, 9.5, 2.0, 10.0 ], "cullface": "west" },
                "up": { "texture": "#0", "uv": [ 1.5, 9.5, 3.0, 10.0 ] },
                "down": { "texture": "#0", "uv": [ 1.5, 9.5, 3.0, 10.0 ] }
            }
        },
        {
            "name": "Element",
            "from": [ -2.0, -8.0, 17.0 ], 
            "to": [ 1.0, -7.0, 18.0 ], 
            "faces": {
                "south": { "texture": "#0", "uv": [ 1.0, 9.0, 2.5, 9.5 ] },
                "west": { "texture": "#0", "uv": [ 1.0, 9.0, 1.5, 9.5 ], "cullface": "west" },
                "up": { "texture": "#0", "uv": [ 1.0, 9.0, 2.5, 9.5 ] },
                "down": { "texture": "#0", "uv": [ 1.0, 9.0, 2.5, 9.5 ] }
            }
        },
        {
            "name": "Element",
            "from": [ -2.0, -7.0, 17.0 ], 
            "to": [ 0.0, -5.0, 18.0 ], 
            "faces": {
                "south": { "texture": "#0", "uv": [ 1.0, 8.0, 2.0, 9.0 ] },
                "west": { "texture": "#0", "uv": [ 1.0, 8.0, 1.5, 9.0 ], "cullface": "west" },
                "up": { "texture": "#0", "uv": [ 1.0, 8.0, 2.0, 8.5 ] }
            }
        },
        {
            "name": "Element",
            "from": [ -2.0, -5.0, 17.0 ], 
            "to": [ -1.0, -3.0, 18.0 ], 
            "faces": {
                "south": { "texture": "#0", "uv": [ 1.0, 7.0, 1.5, 8.0 ] },
                "west": { "texture": "#0", "uv": [ 1.0, 7.0, 1.5, 8.0 ], "cullface": "west" }
            }
        },
        {
            "name": "Element",
            "from": [ 12.0, -9.0, 17.0 ], 
            "to": [ 14.0, -8.0, 21.0 ], 
            "faces": {
                "east": { "texture": "#0", "uv": [ 9.5, 9.5, 10.0, 10.0 ] },
                "south": { "texture": "#0", "uv": [ 8.0, 9.5, 9.0, 10.0 ], "cullface": "south" },
                "down": { "texture": "#0", "uv": [ 8.0, 9.5, 9.0, 10.0 ] }
            }
        },
        {
            "name": "Element",
            "from": [ 14.0, -8.0, 17.0 ], 
            "to": [ 16.0, -7.0, 21.0 ], 
            "faces": {
                "east": { "texture": "#0", "uv": [ 9.5, 9.0, 10.0, 9.5 ] },
                "south": { "texture": "#0", "uv": [ 9.0, 9.0, 10.0, 9.5 ], "cullface": "south" },
                "down": { "texture": "#0", "uv": [ 9.0, 9.0, 10.0, 9.5 ] }
            }
        },
        {
            "name": "Element",
            "from": [ 16.0, -7.0, 17.0 ], 
            "to": [ 17.0, -3.0, 19.0 ], 
            "faces": {
                "east": { "texture": "#0", "uv": [ 10.0, 7.0, 10.5, 9.0 ], "cullface": "east" },
                "south": { "texture": "#0", "uv": [ 10.0, 7.0, 10.5, 9.0 ] },
                "west": { "texture": "#0", "uv": [ 10.0, 7.0, 10.5, 9.0 ] },
                "down": { "texture": "#0", "uv": [ 10.0, 8.5, 10.5, 9.0 ] }
            }
        },
        {
            "name": "Element",
            "from": [ 17.0, -3.0, 17.0 ], 
            "to": [ 18.0, -1.0, 18.0 ], 
            "faces": {
                "east": { "texture": "#0", "uv": [ 10.5, 6.0, 11.0, 7.0 ], "cullface": "east" },
                "south": { "texture": "#0", "uv": [ 10.5, 6.0, 11.0, 7.0 ] },
                "down": { "texture": "#0", "uv": [ 10.5, 6.0, 11.0, 6.5 ] }
            }
        },
        {
            "name": "Element",
            "from": [ 2.0, -10.0, 20.0 ], 
            "to": [ 12.0, -9.0, 22.0 ], 
            "faces": {
                "east": { "texture": "#0", "uv": [ 9.0, 10.0, 9.5, 10.5 ] },
                "south": { "texture": "#0", "uv": [ 3.0, 10.0, 8.0, 10.5 ], "cullface": "south" },
                "west": { "texture": "#0", "uv": [ 2.0, 10.0, 2.5, 10.5 ] },
                "down": { "texture": "#0", "uv": [ 6.5, 10.0, 7.0, 10.5 ] }
            }
        },
        {
            "name": "Element",
            "from": [ -1.0, -7.0, 18.0 ], 
            "to": [ 0.0, -5.0, 20.0 ], 
            "faces": {
                "south": { "texture": "#0", "uv": [ 1.5, 8.0, 2.0, 9.0 ] },
                "west": { "texture": "#0", "uv": [ 2.0, 9.0, 2.5, 10.0 ], "cullface": "west" }
            }
        },
        {
            "name": "Element",
            "from": [ 14.0, -9.0, 17.0 ], 
            "to": [ 16.0, -8.0, 20.0 ], 
            "faces": {
                "east": { "texture": "#0", "uv": [ 9.5, 9.5, 10.0, 10.0 ] },
                "south": { "texture": "#0", "uv": [ 9.0, 9.5, 10.0, 10.0 ], "cullface": "south" },
                "down": { "texture": "#0", "uv": [ 9.0, 9.5, 10.0, 10.0 ] }
            }
        },
        {
            "name": "Element",
            "from": [ 0.0, -9.0, 17.0 ], 
            "to": [ 2.0, -8.0, 21.0 ], 
            "faces": {
                "south": { "texture": "#0", "uv": [ 2.0, 9.5, 3.0, 10.0 ], "cullface": "south" },
                "west": { "texture": "#0", "uv": [ 2.0, 9.5, 2.5, 10.0 ] },
                "up": { "texture": "#0", "uv": [ 2.0, 9.5, 3.0, 10.0 ] },
                "down": { "texture": "#0", "uv": [ 2.0, 9.5, 3.0, 10.0 ] }
            }
        },
        {
            "name": "Element",
            "from": [ 0.0, -8.0, 17.0 ], 
            "to": [ 1.0, -7.0, 21.0 ], 
            "faces": {
                "south": { "texture": "#0", "uv": [ 2.0, 9.0, 2.5, 9.5 ], "cullface": "south" },
                "west": { "texture": "#0", "uv": [ 9.0, 9.0, 9.5, 9.5 ] }
            }
        },
        {
            "name": "Element",
            "from": [ -1.0, -8.0, 17.0 ], 
            "to": [ 0.0, -7.0, 20.0 ], 
            "faces": {
                "south": { "texture": "#0", "uv": [ 1.5, 9.0, 2.0, 9.5 ] },
                "west": { "texture": "#0", "uv": [ 1.5, 9.0, 2.0, 9.5 ], "cullface": "west" },
                "up": { "texture": "#0", "uv": [ 1.5, 9.0, 2.0, 9.5 ] },
                "down": { "texture": "#0", "uv": [ 1.5, 9.0, 2.0, 9.5 ] }
            }
        },
        {
            "name": "Element",
            "from": [ 17.0, 2.0, 18.0 ], 
            "to": [ 18.0, 3.0, 19.0 ], 
            "faces": {
                "north": { "texture": "#0", "uv": [ 2.0, 5.0, 9.0, 5.5 ] },
                "east": { "texture": "#0", "uv": [ 8.5, 5.0, 9.0, 5.5 ], "cullface": "east" },
                "south": { "texture": "#0", "uv": [ 2.0, 5.0, 9.0, 5.5 ] },
                "west": { "texture": "#0", "uv": [ 2.0, 5.0, 2.5, 5.5 ] },
                "up": { "texture": "#0", "uv": [ 2.0, 5.0, 9.0, 5.5 ] }
            }
        },
        {
            "name": "Element",
            "from": [ 15.0, 2.0, 18.0 ], 
            "to": [ 16.0, 3.0, 21.0 ], 
            "faces": {
                "north": { "texture": "#0", "uv": [ 2.0, 5.0, 9.0, 5.5 ] },
                "east": { "texture": "#0", "uv": [ 8.5, 5.0, 9.0, 5.5 ] },
                "south": { "texture": "#0", "uv": [ 2.0, 5.0, 9.0, 5.5 ], "cullface": "south" },
                "west": { "texture": "#0", "uv": [ 2.0, 5.0, 2.5, 5.5 ] },
                "up": { "texture": "#0", "uv": [ 2.0, 5.0, 9.0, 5.5 ] }
            }
        },
        {
            "name": "Element",
            "from": [ 16.0, 3.0, 18.0 ], 
            "to": [ 17.0, 4.0, 20.0 ], 
            "faces": {
                "north": { "texture": "#0", "uv": [ 2.0, 5.0, 9.0, 5.5 ] },
                "east": { "texture": "#0", "uv": [ 8.5, 5.0, 9.0, 5.5 ], "cullface": "east" },
                "south": { "texture": "#0", "uv": [ 2.0, 5.0, 9.0, 5.5 ] },
                "west": { "texture": "#0", "uv": [ 2.0, 5.0, 2.5, 5.5 ] },
                "up": { "texture": "#0", "uv": [ 2.0, 5.0, 9.0, 5.5 ] },
                "down": { "texture": "#0", "uv": [ 2.0, 5.0, 9.0, 5.5 ] }
            }
        },
        {
            "name": "Element",
            "from": [ 0.5, 1.0, 1.0 ], 
            "to": [ 1.5, 4.0, 14.0 ], 
            "faces": {
                "north": { "texture": "#0", "uv": [ 11.0, 0.5, 11.5, 2.0 ] },
                "east": { "texture": "#0", "uv": [ 16.0, 0.5, 11.0, 2.0 ] },
                "west": { "texture": "#0", "uv": [ 11.0, 0.5, 16.0, 2.0 ] },
                "up": { "texture": "#0", "uv": [ 11.0, 0.5, 16.0, 1.0 ], "rotation": 90 },
                "down": { "texture": "#0", "uv": [ 11.0, 1.5, 16.0, 2.0 ], "rotation": 90 }
            }
        },
        {
            "name": "Element",
            "from": [ 14.5, 1.0, 1.0 ], 
            "to": [ 15.5, 4.0, 14.0 ], 
            "faces": {
                "north": { "texture": "#0", "uv": [ 11.0, 0.5, 11.5, 2.0 ] },
                "east": { "texture": "#0", "uv": [ 16.0, 0.5, 11.0, 2.0 ] },
                "west": { "texture": "#0", "uv": [ 11.0, 0.5, 16.0, 2.0 ] },
                "up": { "texture": "#0", "uv": [ 11.0, 0.5, 16.0, 1.0 ], "rotation": 90 },
                "down": { "texture": "#0", "uv": [ 11.0, 1.5, 16.0, 2.0 ], "rotation": 90 }
            }
        },
        {
            "name": "Element",
            "from": [ 1.5, 1.5, 1.0 ], 
            "to": [ 14.5, 3.5, 2.0 ], 
            "faces": {
                "north": { "texture": "#0", "uv": [ 11.0, 1.0, 11.5, 2.0 ] },
                "south": { "texture": "#0", "uv": [ 11.0, 1.0, 11.5, 2.0 ] },
                "up": { "texture": "#0", "uv": [ 11.0, 1.0, 11.5, 2.0 ] },
                "down": { "texture": "#0", "uv": [ 11.0, 1.0, 11.5, 2.0 ] }
            }
        },
        {
            "name": "Element",
            "from": [ 0.5, -7.0, 1.0 ], 
            "to": [ 1.5, -4.0, 14.0 ], 
            "faces": {
                "north": { "texture": "#0", "uv": [ 11.0, 0.5, 11.5, 2.0 ] },
                "east": { "texture": "#0", "uv": [ 16.0, 0.5, 11.0, 2.0 ] },
                "west": { "texture": "#0", "uv": [ 11.0, 0.5, 16.0, 2.0 ] },
                "up": { "texture": "#0", "uv": [ 11.0, 0.5, 16.0, 1.0 ], "rotation": 90 },
                "down": { "texture": "#0", "uv": [ 11.0, 1.5, 16.0, 2.0 ], "rotation": 90 }
            }
        },
        {
            "name": "Element",
            "from": [ 14.5, -7.0, 1.0 ], 
            "to": [ 15.5, -4.0, 14.0 ], 
            "faces": {
                "north": { "texture": "#0", "uv": [ 11.0, 0.5, 11.5, 2.0 ] },
                "east": { "texture": "#0", "uv": [ 16.0, 0.5, 11.0, 2.0 ] },
                "west": { "texture": "#0", "uv": [ 11.0, 0.5, 16.0, 2.0 ] },
                "up": { "texture": "#0", "uv": [ 11.0, 0.5, 16.0, 1.0 ], "rotation": 90 },
                "down": { "texture": "#0", "uv": [ 11.0, 1.5, 16.0, 2.0 ], "rotation": 90 }
            }
        },
        {
            "name": "Element",
            "from": [ 1.5, -6.5, 1.0 ], 
            "to": [ 14.5, -4.5, 2.0 ], 
            "faces": {
                "north": { "texture": "#0", "uv": [ 11.0, 1.0, 11.5, 2.0 ] },
                "south": { "texture": "#0", "uv": [ 11.0, 1.0, 11.5, 2.0 ] },
                "up": { "texture": "#0", "uv": [ 11.0, 1.0, 11.5, 2.0 ] },
                "down": { "texture": "#0", "uv": [ 11.0, 1.0, 11.5, 2.0 ] }
            }
        },
        {
            "name": "Element",
            "from": [ -1.9375, 6.0, 12.9375 ], 
            "to": [ 17.0625, 11.0, 15.4375 ], 
            "faces": {
                "north": { "texture": "#1", "uv": [ 13.5, 8.5, 4.0, 11.0 ] },
                "east": { "texture": "#1", "uv": [ 13.0, 9.5, 13.5, 12.0 ] },
                "south": { "texture": "#1", "uv": [ 4.0, 9.5, 13.5, 12.0 ] },
                "west": { "texture": "#1", "uv": [ 4.0, 9.0, 4.5, 11.5 ] },
                "up": { "texture": "#1", "uv": [ 4.0, 9.5, 13.5, 10.0 ], "cullface": "up" },
                "down": { "texture": "#1", "uv": [ 4.0, 11.5, 13.5, 12.0 ] }
            }
        },
        {
            "name": "Element",
            "from": [ 7.0, 5.0, 15.0 ], 
            "to": [ 9.0, 6.0, 16.5 ], 
            "faces": {
                "north": { "texture": "#0", "uv": [ 10.5, 2.5, 11.0, 3.0 ] },
                "south": { "texture": "#0", "uv": [ 10.5, 2.5, 11.0, 3.0 ], "cullface": "south" }
            }
        },
        {
            "name": "Element",
            "from": [ 8.0, 6.0, 14.5 ], 
            "to": [ 9.0, 7.0, 15.5 ], 
            "faces": {
                "north": { "texture": "#0", "uv": [ 10.5, 2.5, 11.0, 3.0 ] },
                "south": { "texture": "#0", "uv": [ 10.5, 2.5, 11.0, 3.0 ] },
                "west": { "texture": "#0", "uv": [ 10.5, 2.5, 11.0, 3.0 ] },
                "up": { "texture": "#0", "uv": [ 10.5, 2.5, 11.0, 3.0 ], "cullface": "up" },
                "down": { "texture": "#0", "uv": [ 10.5, 2.5, 11.0, 3.0 ] }
            }
        },
        {
            "name": "Element",
            "from": [ -2.0, 11.0, 13.0 ], 
            "to": [ 17.0, 14.0, 16.0 ], 
            "faces": {
                "north": { "texture": "#1", "uv": [ 13.5, 8.0, 4.0, 9.5 ] },
                "east": { "texture": "#1", "uv": [ 13.0, 8.0, 13.5, 9.5 ] },
                "south": { "texture": "#1", "uv": [ 4.0, 8.0, 13.5, 9.5 ] },
                "west": { "texture": "#1", "uv": [ 4.0, 8.0, 4.5, 9.5 ] },
                "up": { "texture": "#1", "uv": [ 4.0, 8.0, 13.5, 8.5 ], "cullface": "up" },
                "down": { "texture": "#1", "uv": [ 4.0, 9.0, 13.5, 9.5 ] }
            }
        },
        {
            "name": "Element",
            "from": [ -4.0, 14.0, 13.0 ], 
            "to": [ 16.0, 15.0, 16.0 ], 
            "faces": {
                "north": { "texture": "#1", "uv": [ 13.0, 7.5, 3.0, 8.0 ] },
                "east": { "texture": "#1", "uv": [ 12.5, 7.5, 13.0, 8.0 ] },
                "south": { "texture": "#1", "uv": [ 3.0, 7.5, 13.0, 8.0 ] },
                "west": { "texture": "#1", "uv": [ 3.0, 7.5, 3.5, 8.0 ] },
                "down": { "texture": "#1", "uv": [ 3.0, 7.5, 13.0, 8.0 ] }
            }
        },
        {
            "name": "Element",
            "from": [ -6.0, 15.0, 13.0 ], 
            "to": [ 16.0, 16.0, 16.0 ], 
            "faces": {
                "north": { "texture": "#1", "uv": [ 13.0, 7.0, 2.0, 7.5 ] },
                "east": { "texture": "#1", "uv": [ 12.5, 7.0, 13.0, 7.5 ] },
                "south": { "texture": "#1", "uv": [ 2.0, 7.0, 13.0, 7.5 ] },
                "west": { "texture": "#1", "uv": [ 2.0, 7.0, 2.5, 7.5 ] },
                "down": { "texture": "#1", "uv": [ 2.0, 7.0, 13.0, 7.5 ] }
            }
        },
        {
            "name": "Element",
            "from": [ -7.0, 16.0, 12.0 ], 
            "to": [ 17.0, 19.0, 17.0 ], 
            "faces": {
                "north": { "texture": "#1", "uv": [ 13.5, 5.5, 1.5, 7.0 ] },
                "east": { "texture": "#1", "uv": [ 13.0, 5.5, 13.5, 7.0 ] },
                "south": { "texture": "#1", "uv": [ 1.5, 5.5, 13.5, 7.0 ], "cullface": "south" },
                "west": { "texture": "#1", "uv": [ 1.5, 5.5, 2.0, 7.0 ] },
                "down": { "texture": "#1", "uv": [ 1.5, 6.5, 13.5, 7.0 ] }
            }
        },
        {
            "name": "Element",
            "from": [ -7.0, 19.0, 12.0 ], 
            "to": [ 18.0, 21.0, 17.0 ], 
            "faces": {
                "north": { "texture": "#1", "uv": [ 14.0, 4.5, 1.5, 5.5 ] },
                "east": { "texture": "#1", "uv": [ 13.5, 4.5, 14.0, 5.5 ] },
                "south": { "texture": "#1", "uv": [ 1.5, 4.5, 14.0, 5.5 ], "cullface": "south" },
                "west": { "texture": "#1", "uv": [ 1.5, 4.5, 2.0, 5.5 ] },
                "up": { "texture": "#1", "uv": [ 1.5, 4.5, 14.0, 5.0 ] },
                "down": { "texture": "#1", "uv": [ 1.5, 5.0, 14.0, 5.5 ] }
            }
        },
        {
            "name": "Element",
            "from": [ -6.0, 21.0, 12.0 ], 
            "to": [ 18.0, 22.0, 17.0 ], 
            "faces": {
                "north": { "texture": "#1", "uv": [ 14.0, 4.0, 2.0, 4.5 ] },
                "east": { "texture": "#1", "uv": [ 13.5, 4.0, 14.0, 4.5 ] },
                "south": { "texture": "#1", "uv": [ 2.0, 4.0, 14.0, 4.5 ], "cullface": "south" },
                "west": { "texture": "#1", "uv": [ 2.0, 4.0, 2.5, 4.5 ] },
                "up": { "texture": "#1", "uv": [ 2.0, 4.0, 14.0, 4.5 ] }
            }
        },
        {
            "name": "Element",
            "from": [ -5.0, 22.0, 12.5 ], 
            "to": [ 18.0, 23.0, 16.5 ], 
            "faces": {
                "north": { "texture": "#1", "uv": [ 14.0, 3.5, 2.5, 4.0 ] },
                "east": { "texture": "#1", "uv": [ 13.5, 3.5, 14.0, 4.0 ] },
                "south": { "texture": "#1", "uv": [ 2.5, 3.5, 14.0, 4.0 ], "cullface": "south" },
                "west": { "texture": "#1", "uv": [ 2.5, 3.5, 3.0, 4.0 ] },
                "up": { "texture": "#1", "uv": [ 2.5, 3.5, 14.0, 4.0 ] }
            }
        },
        {
            "name": "Element",
            "from": [ -4.0, 23.0, 13.0 ], 
            "to": [ 18.0, 24.0, 16.0 ], 
            "faces": {
                "north": { "texture": "#1", "uv": [ 14.0, 3.0, 3.0, 3.5 ] },
                "east": { "texture": "#1", "uv": [ 13.5, 3.0, 14.0, 3.5 ] },
                "south": { "texture": "#1", "uv": [ 3.0, 3.0, 14.0, 3.5 ] },
                "west": { "texture": "#1", "uv": [ 3.0, 3.0, 3.5, 3.5 ] },
                "up": { "texture": "#1", "uv": [ 3.0, 3.0, 14.0, 3.5 ], "cullface": "up" }
            }
        },
        {
            "name": "Element",
            "from": [ -3.0, 24.0, 13.0 ], 
            "to": [ 18.0, 25.0, 16.0 ], 
            "faces": {
                "north": { "texture": "#1", "uv": [ 14.0, 2.5, 3.5, 3.0 ] },
                "east": { "texture": "#1", "uv": [ 13.5, 2.5, 14.0, 3.0 ] },
                "south": { "texture": "#1", "uv": [ 3.5, 2.5, 14.0, 3.0 ] },
                "west": { "texture": "#1", "uv": [ 3.5, 2.5, 4.0, 3.0 ] },
                "up": { "texture": "#1", "uv": [ 3.5, 2.5, 14.0, 3.0 ], "cullface": "up" }
            }
        },
        {
            "name": "Element",
            "from": [ 4.0, 25.0, 13.0 ], 
            "to": [ 17.0, 26.0, 16.0 ], 
            "faces": {
                "north": { "texture": "#1", "uv": [ 13.5, 2.0, 7.0, 2.5 ] },
                "east": { "texture": "#1", "uv": [ 13.0, 2.0, 13.5, 2.5 ], "cullface": "east" },
                "south": { "texture": "#1", "uv": [ 7.0, 2.0, 13.5, 2.5 ] },
                "west": { "texture": "#1", "uv": [ 7.0, 2.0, 7.5, 2.5 ] },
                "up": { "texture": "#1", "uv": [ 7.0, 2.0, 13.5, 2.5 ] }
            }
        },
        {
            "name": "Element",
            "from": [ 7.0, 26.0, 13.5 ], 
            "to": [ 16.0, 27.0, 15.5 ], 
            "faces": {
                "north": { "texture": "#1", "uv": [ 13.0, 1.5, 8.5, 2.0 ] },
                "east": { "texture": "#1", "uv": [ 12.5, 1.5, 13.0, 2.0 ] },
                "south": { "texture": "#1", "uv": [ 8.5, 1.5, 13.0, 2.0 ] },
                "west": { "texture": "#1", "uv": [ 8.5, 1.5, 9.0, 2.0 ] },
                "up": { "texture": "#1", "uv": [ 8.5, 1.5, 13.0, 2.0 ], "cullface": "up" }
            }
        },
        {
            "name": "Element",
            "from": [ -1.0, 6.0, 14.0625 ], 
            "to": [ 16.0, 11.0, 17.0625 ], 
            "faces": {
                "north": { "texture": "#1", "uv": [ 13.0, 9.0, 4.5, 11.5 ] },
                "east": { "texture": "#1", "uv": [ 12.5, 9.5, 13.0, 12.0 ] },
                "south": { "texture": "#1", "uv": [ 4.5, 9.5, 13.0, 12.0 ], "cullface": "south" },
                "west": { "texture": "#1", "uv": [ 4.5, 9.5, 5.0, 12.0 ] },
                "up": { "texture": "#1", "uv": [ 4.5, 9.5, 13.0, 10.0 ] },
                "down": { "texture": "#1", "uv": [ 4.5, 11.5, 13.0, 12.0 ] }
            }
        },
        {
            "name": "Element",
            "from": [ 0.0, 7.0, 17.0 ], 
            "to": [ 15.0, 11.0, 18.0 ], 
            "faces": {
                "north": { "texture": "#1", "uv": [ 12.5, 9.5, 5.0, 11.5 ] },
                "east": { "texture": "#1", "uv": [ 12.0, 9.5, 12.5, 11.5 ] },
                "south": { "texture": "#1", "uv": [ 5.0, 9.5, 12.5, 11.5 ], "cullface": "south" },
                "west": { "texture": "#1", "uv": [ 5.0, 9.5, 5.5, 11.5 ] },
                "down": { "texture": "#1", "uv": [ 5.0, 11.0, 12.5, 11.5 ] }
            }
        },
        {
            "name": "Element",
            "from": [ -1.0, 11.0, 12.0 ], 
            "to": [ 16.0, 14.0, 17.0 ], 
            "faces": {
                "north": { "texture": "#1", "uv": [ 13.0, 8.0, 4.5, 9.5 ] },
                "east": { "texture": "#1", "uv": [ 12.5, 8.0, 13.0, 9.5 ] },
                "south": { "texture": "#1", "uv": [ 4.5, 8.0, 13.0, 9.5 ], "cullface": "south" },
                "west": { "texture": "#1", "uv": [ 4.5, 8.0, 5.0, 9.5 ] },
                "up": { "texture": "#1", "uv": [ 4.5, 8.0, 13.0, 8.5 ] },
                "down": { "texture": "#1", "uv": [ 4.5, 9.0, 13.0, 9.5 ] }
            }
        },
        {
            "name": "Element",
            "from": [ 0.0625, 7.0, 11.125 ], 
            "to": [ 15.0625, 14.0, 13.125 ], 
            "faces": {
                "north": { "texture": "#1", "uv": [ 12.5, 8.0, 5.0, 9.5 ] },
                "east": { "texture": "#1", "uv": [ 12.0, 8.0, 12.5, 9.5 ] },
                "south": { "texture": "#1", "uv": [ 5.0, 8.0, 12.5, 9.5 ] },
                "west": { "texture": "#1", "uv": [ 5.0, 8.0, 5.5, 9.5 ] },
                "up": { "texture": "#1", "uv": [ 5.0, 8.0, 12.5, 8.5 ], "cullface": "up" },
                "down": { "texture": "#1", "uv": [ 5.0, 9.0, 12.5, 9.5 ] }
            }
        },
        {
            "name": "Element",
            "from": [ 3.0, 11.0, 10.125 ], 
            "to": [ 12.0, 14.0, 11.125 ], 
            "faces": {
                "north": { "texture": "#1", "uv": [ 11.0, 8.0, 6.5, 9.5 ] },
                "east": { "texture": "#1", "uv": [ 10.5, 8.0, 11.0, 9.5 ] },
                "west": { "texture": "#1", "uv": [ 6.5, 8.0, 7.0, 9.5 ] },
                "up": { "texture": "#1", "uv": [ 6.5, 8.0, 11.0, 8.5 ], "cullface": "up" },
                "down": { "texture": "#1", "uv": [ 6.5, 9.0, 11.0, 9.5 ] }
            }
        },
        {
            "name": "Element",
            "from": [ -3.0, 14.0, 12.0 ], 
            "to": [ 15.0, 15.0, 17.0 ], 
            "faces": {
                "north": { "texture": "#1", "uv": [ 12.5, 7.5, 3.5, 8.0 ] },
                "east": { "texture": "#1", "uv": [ 12.0, 7.5, 12.5, 8.0 ] },
                "south": { "texture": "#1", "uv": [ 3.5, 7.5, 12.5, 8.0 ] },
                "west": { "texture": "#1", "uv": [ 3.5, 7.5, 4.0, 8.0 ], "cullface": "west" },
                "down": { "texture": "#1", "uv": [ 3.5, 7.5, 12.5, 8.0 ] }
            }
        },
        {
            "name": "Element",
            "from": [ -2.0, 14.0, 11.0 ], 
            "to": [ 14.0, 15.0, 18.0 ], 
            "faces": {
                "north": { "texture": "#1", "uv": [ 12.0, 7.5, 4.0, 8.0 ] },
                "east": { "texture": "#1", "uv": [ 11.5, 7.5, 12.0, 8.0 ] },
                "south": { "texture": "#1", "uv": [ 4.0, 7.5, 12.0, 8.0 ] },
                "west": { "texture": "#1", "uv": [ 4.0, 7.5, 4.5, 8.0 ], "cullface": "west" },
                "down": { "texture": "#1", "uv": [ 4.0, 7.5, 12.0, 8.0 ] }
            }
        },
        {
            "name": "Element",
            "from": [ 3.0, 11.0, 18.0 ], 
            "to": [ 12.0, 14.0, 19.0 ], 
            "faces": {
                "east": { "texture": "#1", "uv": [ 10.5, 8.0, 11.0, 9.5 ] },
                "south": { "texture": "#1", "uv": [ 6.5, 8.0, 11.0, 9.5 ], "cullface": "south" },
                "west": { "texture": "#1", "uv": [ 6.5, 8.0, 7.0, 9.5 ] },
                "up": { "texture": "#1", "uv": [ 6.5, 8.0, 11.0, 8.5 ] },
                "down": { "texture": "#1", "uv": [ 6.5, 9.0, 11.0, 9.5 ] }
            }
        },
        {
            "name": "Element",
            "from": [ 0.0, 11.0, 17.0 ], 
            "to": [ 15.0, 14.0, 18.0 ], 
            "faces": {
                "east": { "texture": "#1", "uv": [ 12.0, 8.0, 12.5, 9.5 ] },
                "south": { "texture": "#1", "uv": [ 5.0, 8.0, 12.5, 9.5 ], "cullface": "south" },
                "west": { "texture": "#1", "uv": [ 5.0, 8.0, 5.5, 9.5 ] },
                "up": { "texture": "#1", "uv": [ 5.0, 8.0, 12.5, 8.5 ] }
            }
        },
        {
            "name": "Element",
            "from": [ -5.0, 15.0, 12.0 ], 
            "to": [ 15.0, 16.0, 17.0 ], 
            "faces": {
                "north": { "texture": "#1", "uv": [ 12.5, 7.0, 2.5, 7.5 ] },
                "east": { "texture": "#1", "uv": [ 12.0, 7.0, 12.5, 7.5 ] },
                "south": { "texture": "#1", "uv": [ 2.5, 7.0, 12.5, 7.5 ] },
                "west": { "texture": "#1", "uv": [ 2.5, 7.0, 3.0, 7.5 ], "cullface": "west" },
                "down": { "texture": "#1", "uv": [ 2.5, 7.0, 12.5, 7.5 ] }
            }
        },
        {
            "name": "Element",
            "from": [ -4.0, 15.0, 11.0 ], 
            "to": [ 14.0, 16.0, 18.0 ], 
            "faces": {
                "north": { "texture": "#1", "uv": [ 12.0, 7.0, 3.0, 7.5 ] },
                "east": { "texture": "#1", "uv": [ 11.5, 7.0, 12.0, 7.5 ] },
                "south": { "texture": "#1", "uv": [ 3.0, 7.0, 12.0, 7.5 ] },
                "west": { "texture": "#1", "uv": [ 3.0, 7.0, 3.5, 7.5 ], "cullface": "west" },
                "down": { "texture": "#1", "uv": [ 3.0, 7.0, 12.0, 7.5 ] }
            }
        },
        {
            "name": "Element",
            "from": [ 1.0, 14.0, 10.0 ], 
            "to": [ 11.0, 15.0, 19.0 ], 
            "faces": {
                "north": { "texture": "#1", "uv": [ 10.5, 7.5, 5.5, 8.0 ] },
                "east": { "texture": "#1", "uv": [ 10.0, 7.5, 10.5, 8.0 ] },
                "south": { "texture": "#1", "uv": [ 5.5, 7.5, 10.5, 8.0 ], "cullface": "south" },
                "west": { "texture": "#1", "uv": [ 5.5, 7.5, 6.0, 8.0 ] },
                "down": { "texture": "#1", "uv": [ 5.5, 7.5, 10.0, 8.0 ] }
            }
        },
        {
            "name": "Element",
            "from": [ -1.0, 15.0, 10.0 ], 
            "to": [ 11.0, 16.0, 19.0 ], 
            "faces": {
                "north": { "texture": "#1", "uv": [ 10.5, 7.5, 4.5, 8.0 ] },
                "east": { "texture": "#1", "uv": [ 11.0, 7.5, 11.5, 8.0 ] },
                "south": { "texture": "#1", "uv": [ 4.5, 7.5, 10.5, 8.0 ] },
                "west": { "texture": "#1", "uv": [ 5.5, 7.5, 6.0, 8.0 ], "cullface": "west" },
                "down": { "texture": "#1", "uv": [ 5.5, 7.5, 11.5, 8.0 ] }
            }
        },
        {
            "name": "Element",
            "from": [ -6.0, 16.0, 11.0 ], 
            "to": [ 16.0, 19.0, 18.0 ], 
            "faces": {
                "north": { "texture": "#1", "uv": [ 13.0, 5.5, 2.0, 7.0 ] },
                "east": { "texture": "#1", "uv": [ 12.5, 5.5, 13.0, 7.0 ] },
                "south": { "texture": "#1", "uv": [ 2.0, 5.5, 13.0, 7.0 ], "cullface": "south" },
                "west": { "texture": "#1", "uv": [ 2.0, 5.5, 2.5, 7.0 ] },
                "down": { "texture": "#1", "uv": [ 2.0, 6.5, 13.0, 7.0 ] }
            }
        },
        {
            "name": "Element",
            "from": [ -3.0, 16.0, 10.0 ], 
            "to": [ 13.0, 19.0, 19.0 ], 
            "faces": {
                "north": { "texture": "#1", "uv": [ 11.5, 5.5, 3.5, 7.0 ] },
                "east": { "texture": "#1", "uv": [ 11.0, 5.5, 11.5, 7.0 ] },
                "south": { "texture": "#1", "uv": [ 3.5, 5.5, 11.5, 7.0 ] },
                "west": { "texture": "#1", "uv": [ 3.5, 5.5, 4.0, 7.0 ], "cullface": "west" },
                "down": { "texture": "#1", "uv": [ 3.5, 5.5, 11.5, 6.0 ] }
            }
        },
        {
            "name": "Element",
            "from": [ -1.0, 17.0, 9.0 ], 
            "to": [ 4.0, 19.0, 20.0 ], 
            "faces": {
                "north": { "texture": "#1", "uv": [ 7.0, 5.5, 4.5, 6.5 ] },
                "east": { "texture": "#1", "uv": [ 6.5, 5.5, 7.0, 6.5 ] },
                "south": { "texture": "#1", "uv": [ 4.5, 5.5, 7.0, 6.5 ] },
                "west": { "texture": "#1", "uv": [ 4.5, 5.5, 5.0, 6.5 ], "cullface": "west" },
                "down": { "texture": "#1", "uv": [ 4.5, 5.5, 7.0, 6.0 ] }
            }
        },
        {
            "name": "Element",
            "from": [ 6.0, 17.0, 9.0 ], 
            "to": [ 11.0, 19.0, 20.0 ], 
            "faces": {
                "north": { "texture": "#1", "uv": [ 10.5, 5.5, 8.0, 6.5 ] },
                "east": { "texture": "#1", "uv": [ 10.0, 5.5, 10.5, 6.5 ] },
                "south": { "texture": "#1", "uv": [ 8.0, 5.5, 10.5, 6.5 ], "cullface": "south" },
                "west": { "texture": "#1", "uv": [ 8.0, 5.5, 8.5, 6.5 ] },
                "down": { "texture": "#1", "uv": [ 8.0, 6.0, 10.5, 6.5 ] }
            }
        },
        {
            "name": "Element",
            "from": [ -6.0, 19.0, 11.0 ], 
            "to": [ 17.0, 21.0, 18.0 ], 
            "faces": {
                "north": { "texture": "#1", "uv": [ 13.5, 4.5, 2.0, 5.5 ] },
                "east": { "texture": "#1", "uv": [ 13.0, 4.5, 13.5, 5.5 ] },
                "south": { "texture": "#1", "uv": [ 2.0, 4.5, 13.5, 5.5 ], "cullface": "south" },
                "west": { "texture": "#1", "uv": [ 2.0, 4.5, 2.5, 5.5 ] },
                "up": { "texture": "#1", "uv": [ 2.0, 4.5, 13.5, 5.0 ] },
                "down": { "texture": "#1", "uv": [ 2.0, 5.0, 13.5, 5.5 ] }
            }
        },
        {
            "name": "Element",
            "from": [ -3.0, 19.0, 10.0 ], 
            "to": [ 14.0, 21.0, 19.0 ], 
            "faces": {
                "north": { "texture": "#1", "uv": [ 13.5, 4.5, 2.0, 5.5 ] },
                "east": { "texture": "#1", "uv": [ 13.0, 4.5, 13.5, 5.5 ] },
                "south": { "texture": "#1", "uv": [ 2.0, 4.5, 13.5, 5.5 ] },
                "west": { "texture": "#1", "uv": [ 2.0, 4.5, 2.5, 5.5 ], "cullface": "west" },
                "up": { "texture": "#1", "uv": [ 2.0, 4.5, 13.5, 5.0 ] },
                "down": { "texture": "#1", "uv": [ 2.0, 5.0, 13.5, 5.5 ] }
            }
        },
        {
            "name": "Element",
            "from": [ -1.0, 19.0, 9.0 ], 
            "to": [ 11.0, 21.0, 20.0 ], 
            "faces": {
                "north": { "texture": "#1", "uv": [ 10.5, 4.5, 4.5, 5.5 ] },
                "east": { "texture": "#1", "uv": [ 10.0, 4.5, 10.5, 5.5 ] },
                "south": { "texture": "#1", "uv": [ 4.5, 4.5, 10.5, 5.5 ] },
                "west": { "texture": "#1", "uv": [ 4.5, 4.5, 5.0, 5.5 ], "cullface": "west" },
                "up": { "texture": "#1", "uv": [ 4.5, 4.5, 10.5, 5.0 ] },
                "down": { "texture": "#1", "uv": [ 4.5, 5.0, 10.5, 5.5 ] }
            }
        },
        {
            "name": "Element",
            "from": [ -5.0, 21.0, 11.0 ], 
            "to": [ 17.0, 22.0, 18.0 ], 
            "faces": {
                "north": { "texture": "#1", "uv": [ 13.5, 4.0, 2.5, 4.5 ] },
                "east": { "texture": "#1", "uv": [ 13.0, 4.0, 13.5, 4.5 ] },
                "south": { "texture": "#1", "uv": [ 2.5, 4.0, 13.5, 4.5 ], "cullface": "south" },
                "west": { "texture": "#1", "uv": [ 2.5, 4.0, 3.0, 4.5 ] },
                "up": { "texture": "#1", "uv": [ 2.5, 4.0, 13.5, 4.5 ] }
            }
        },
        {
            "name": "Element",
            "from": [ -2.0, 21.0, 10.0 ], 
            "to": [ 14.0, 22.0, 19.0 ], 
            "faces": {
                "north": { "texture": "#1", "uv": [ 12.0, 4.0, 4.0, 4.5 ] },
                "east": { "texture": "#1", "uv": [ 11.5, 4.0, 12.0, 4.5 ] },
                "south": { "texture": "#1", "uv": [ 4.0, 4.0, 12.0, 4.5 ] },
                "west": { "texture": "#1", "uv": [ 4.0, 4.0, 4.5, 4.5 ], "cullface": "west" },
                "up": { "texture": "#1", "uv": [ 4.0, 4.0, 12.0, 4.5 ] }
            }
        },
        {
            "name": "Element",
            "from": [ 0.0, 21.0, 9.0 ], 
            "to": [ 10.0, 22.0, 20.0 ], 
            "faces": {
                "north": { "texture": "#1", "uv": [ 10.0, 4.0, 5.0, 4.5 ] },
                "east": { "texture": "#1", "uv": [ 9.5, 4.0, 10.0, 4.5 ] },
                "south": { "texture": "#1", "uv": [ 5.0, 4.0, 10.0, 4.5 ], "cullface": "south" },
                "west": { "texture": "#1", "uv": [ 5.0, 4.0, 5.5, 4.5 ] },
                "up": { "texture": "#1", "uv": [ 5.0, 4.0, 10.0, 4.5 ] }
            }
        },
        {
            "name": "Element",
            "from": [ -4.0, 22.0, 11.0 ], 
            "to": [ 17.0, 23.0, 18.0 ], 
            "faces": {
                "north": { "texture": "#1", "uv": [ 13.5, 3.5, 3.0, 4.0 ] },
                "east": { "texture": "#1", "uv": [ 13.0, 3.5, 13.5, 4.0 ] },
                "south": { "texture": "#1", "uv": [ 3.0, 3.5, 13.5, 4.0 ], "cullface": "south" },
                "west": { "texture": "#1", "uv": [ 3.0, 3.5, 3.5, 4.0 ] },
                "up": { "texture": "#1", "uv": [ 3.0, 3.5, 13.5, 4.0 ] }
            }
        },
        {
            "name": "Element",
            "from": [ -1.0, 22.0, 10.0 ], 
            "to": [ 14.0, 23.0, 19.0 ], 
            "faces": {
                "north": { "texture": "#1", "uv": [ 12.0, 3.5, 4.5, 4.0 ] },
                "east": { "texture": "#1", "uv": [ 11.5, 3.5, 12.0, 4.0 ] },
                "south": { "texture": "#1", "uv": [ 4.5, 3.5, 12.0, 4.0 ] },
                "west": { "texture": "#1", "uv": [ 4.5, 3.5, 5.0, 4.0 ], "cullface": "west" },
                "up": { "texture": "#1", "uv": [ 4.5, 3.5, 12.0, 4.0 ] }
            }
        },
        {
            "name": "Element",
            "from": [ -3.0, 23.0, 12.0 ], 
            "to": [ 17.0, 24.0, 17.0 ], 
            "faces": {
                "north": { "texture": "#1", "uv": [ 13.5, 3.0, 3.5, 3.5 ] },
                "east": { "texture": "#1", "uv": [ 13.0, 3.0, 13.5, 3.5 ] },
                "south": { "texture": "#1", "uv": [ 3.5, 3.0, 13.5, 3.5 ], "cullface": "south" },
                "west": { "texture": "#1", "uv": [ 3.5, 3.0, 4.0, 3.5 ] },
                "up": { "texture": "#1", "uv": [ 3.5, 3.0, 13.5, 3.5 ] }
            }
        },
        {
            "name": "Element",
            "from": [ -1.0, 23.0, 11.0 ], 
            "to": [ 14.0, 24.0, 18.0 ], 
            "faces": {
                "north": { "texture": "#1", "uv": [ 12.0, 3.0, 5.0, 3.5 ] },
                "east": { "texture": "#1", "uv": [ 12.0, 3.0, 12.5, 3.5 ] },
                "south": { "texture": "#1", "uv": [ 5.0, 3.0, 12.0, 3.5 ] },
                "west": { "texture": "#1", "uv": [ 4.5, 3.0, 5.0, 3.5 ], "cullface": "west" },
                "up": { "texture": "#1", "uv": [ 5.0, 3.0, 12.0, 3.5 ] }
            }
        },
        {
            "name": "Element",
            "from": [ 3.0, 23.0, 10.0 ], 
            "to": [ 11.0, 24.0, 19.0 ], 
            "faces": {
                "north": { "texture": "#1", "uv": [ 10.5, 3.0, 6.5, 3.5 ] },
                "east": { "texture": "#1", "uv": [ 10.0, 3.0, 10.5, 3.5 ] },
                "south": { "texture": "#1", "uv": [ 6.5, 3.0, 10.5, 3.5 ], "cullface": "south" },
                "west": { "texture": "#1", "uv": [ 6.5, 3.0, 7.0, 3.5 ] },
                "up": { "texture": "#1", "uv": [ 6.0, 3.0, 10.5, 3.5 ] }
            }
        },
        {
            "name": "Element",
            "from": [ -1.0, 24.0, 12.0 ], 
            "to": [ 16.0, 25.0, 17.0 ], 
            "faces": {
                "north": { "texture": "#1", "uv": [ 13.0, 2.5, 4.5, 3.0 ] },
                "east": { "texture": "#1", "uv": [ 12.5, 2.5, 13.0, 3.0 ] },
                "south": { "texture": "#1", "uv": [ 4.5, 2.5, 13.0, 3.0 ], "cullface": "south" },
                "west": { "texture": "#1", "uv": [ 4.5, 2.5, 5.0, 3.0 ] },
                "up": { "texture": "#1", "uv": [ 4.5, 2.5, 13.0, 3.0 ] }
            }
        },
        {
            "name": "Element",
            "from": [ 2.0, 24.0, 11.0 ], 
            "to": [ 13.0, 25.0, 18.0 ], 
            "faces": {
                "north": { "texture": "#1", "uv": [ 13.0, 2.5, 4.5, 3.0 ] },
                "east": { "texture": "#1", "uv": [ 12.5, 2.5, 13.0, 3.0 ] },
                "south": { "texture": "#1", "uv": [ 4.5, 2.5, 13.0, 3.0 ], "cullface": "south" },
                "west": { "texture": "#1", "uv": [ 4.5, 2.5, 5.0, 3.0 ] },
                "up": { "texture": "#1", "uv": [ 4.5, 2.5, 13.0, 3.0 ] }
            }
        },
        {
            "name": "Element",
            "from": [ 8.0, 26.0, 13.0 ], 
            "to": [ 15.0, 27.0, 16.0 ], 
            "faces": {
                "north": { "texture": "#1", "uv": [ 13.0, 1.5, 8.5, 2.0 ] },
                "east": { "texture": "#1", "uv": [ 12.5, 1.5, 13.0, 2.0 ] },
                "south": { "texture": "#1", "uv": [ 8.5, 1.5, 13.0, 2.0 ] },
                "west": { "texture": "#1", "uv": [ 8.5, 1.5, 9.0, 2.0 ] },
                "up": { "texture": "#1", "uv": [ 8.5, 1.5, 13.0, 2.0 ], "cullface": "up" }
            }
        },
        {
            "name": "Element",
            "from": [ 5.0, 25.0, 12.0 ], 
            "to": [ 14.0, 26.0, 17.0 ], 
            "faces": {
                "north": { "texture": "#1", "uv": [ 13.5, 2.0, 7.0, 2.5 ] },
                "east": { "texture": "#1", "uv": [ 13.0, 2.0, 13.5, 2.5 ] },
                "south": { "texture": "#1", "uv": [ 7.0, 2.0, 13.5, 2.5 ], "cullface": "south" },
                "west": { "texture": "#1", "uv": [ 7.0, 2.0, 7.5, 2.5 ] },
                "up": { "texture": "#1", "uv": [ 7.0, 2.0, 13.5, 2.5 ] }
            }
        },
        {
            "name": "Cube",
            "from": [ 4.0, -4.0, 16.0 ], 
            "to": [ 5.0, -3.0, 18.0 ], 
            "faces": {
                "north": { "texture": "#0", "uv": [ 4.0, 7.0, 4.5, 7.5 ] },
                "east": { "texture": "#0", "uv": [ 4.0, 7.0, 4.5, 7.5 ] },
                "south": { "texture": "#0", "uv": [ 4.0, 7.0, 4.5, 7.5 ] },
                "west": { "texture": "#0", "uv": [ 4.0, 7.0, 4.5, 7.5 ] },
                "up": { "texture": "#0", "uv": [ 4.0, 7.0, 4.5, 7.5 ] },
                "down": { "texture": "#0", "uv": [ 4.0, 7.0, 4.5, 7.5 ] }
            }
        },
        {
            "name": "Cube",
            "from": [ 7.0, -3.0, 16.0 ], 
            "to": [ 8.0, -2.0, 18.0 ], 
            "faces": {
                "north": { "texture": "#0", "uv": [ 4.0, 7.0, 4.5, 7.5 ] },
                "east": { "texture": "#0", "uv": [ 4.0, 7.0, 4.5, 7.5 ] },
                "south": { "texture": "#0", "uv": [ 4.0, 7.0, 4.5, 7.5 ] },
                "west": { "texture": "#0", "uv": [ 4.0, 7.0, 4.5, 7.5 ] },
                "up": { "texture": "#0", "uv": [ 4.0, 7.0, 4.5, 7.5 ] },
                "down": { "texture": "#0", "uv": [ 4.0, 7.0, 4.5, 7.5 ] }
            }
        },
        {
            "name": "Cube",
            "from": [ 11.0, -5.0, 16.0 ], 
            "to": [ 12.0, -4.0, 18.0 ], 
            "faces": {
                "north": { "texture": "#0", "uv": [ 4.0, 7.0, 4.5, 7.5 ] },
                "east": { "texture": "#0", "uv": [ 4.0, 7.0, 4.5, 7.5 ] },
                "south": { "texture": "#0", "uv": [ 4.0, 7.0, 4.5, 7.5 ] },
                "west": { "texture": "#0", "uv": [ 4.0, 7.0, 4.5, 7.5 ] },
                "up": { "texture": "#0", "uv": [ 4.0, 7.0, 4.5, 7.5 ] },
                "down": { "texture": "#0", "uv": [ 4.0, 7.0, 4.5, 7.5 ] }
            }
        },
        {
            "name": "Cube",
            "from": [ 7.0, -6.0, 16.0 ], 
            "to": [ 9.0, -4.0, 18.0 ], 
            "faces": {
                "north": { "texture": "#0", "uv": [ 5.5, 7.5, 6.5, 8.5 ] },
                "east": { "texture": "#0", "uv": [ 6.0, 7.5, 6.5, 8.5 ] },
                "south": { "texture": "#0", "uv": [ 5.5, 7.5, 6.5, 8.5 ] },
                "west": { "texture": "#0", "uv": [ 4.0, 7.0, 4.5, 7.5 ] },
                "up": { "texture": "#0", "uv": [ 5.5, 7.5, 6.5, 8.0 ] },
                "down": { "texture": "#0", "uv": [ 4.0, 7.0, 4.5, 7.5 ] }
            }
        }
    ]
}