{
	"__comment": "Designed by Cryptic with Cubik Studio - https://cubik.studio",
	"textures": {
		"texture": "items/crusade_shield_front_gold",
		"crusade_shield_back": "items/crusade_shield_back_gold"
	},
	"elements": [ 	 
		{
			"__comment": "Shield",
			"from": [ 7.5, 0.5, 7 ],
			"to": [ 8.5, 1.5, 7.5 ],
			"faces": {
				"down": { "uv": [ 7.5, 14.5, 8.5, 15.5 ], "texture": "#texture" },
				"up": { "uv": [ 7.5, 14.5, 8.5, 15.5 ], "texture": "#texture" },
				"north": { "uv": [ 7.5, 14.5, 8.5, 15.5 ], "texture": "#texture" },
				"south": { "uv": [ 7.5, 14.5, 8.5, 15.5 ], "texture": "#texture" },
				"west": { "uv": [ 7.5, 14.5, 8.5, 15.5 ], "texture": "#texture" },
				"east": { "uv": [ 7.5, 14.5, 8.5, 15.5 ], "texture": "#texture" }
			}
		},
		{
			"__comment": "Shield1",
			"from": [ 9, 1.5, 7 ],
			"to": [ 9.5, 2.5, 8.5 ],
			"shade": false,
			"faces": {
				"down": { "uv": [ 10, 3, 11, 3.5 ], "texture": "#texture" },
				"up": { "uv": [ 9, 13.5, 9.5, 14.5 ], "texture": "#texture" },
				"north": { "uv": [ 9, 13.5, 9.5, 14.5 ], "texture": "#texture" },
				"south": { "uv": [ 9, 13.5, 9.5, 14.5 ], "texture": "#texture" },
				"west": { "uv": [ 9, 13.5, 9.5, 14.5 ], "texture": "#texture" },
				"east": { "uv": [ 9, 13.5, 9.5, 14.5 ], "texture": "#texture" }
			}
		},
		{
			"__comment": "Shield2",
			"from": [ 6.5, 1.5, 7 ],
			"to": [ 7, 2.5, 8.5 ],
			"faces": {
				"down": { "uv": [ 7, 13.5, 6.5, 14.5 ], "texture": "#texture" },
				"up": { "uv": [ 7, 13.5, 6.5, 14.5 ], "texture": "#texture" },
				"north": { "uv": [ 7, 13.5, 6.5, 14.5 ], "texture": "#texture" },
				"south": { "uv": [ 7, 13.5, 6.5, 14.5 ], "texture": "#texture" },
				"west": { "uv": [ 7, 13.5, 6.5, 14.5 ], "texture": "#texture" },
				"east": { "uv": [ 7, 13.5, 6.5, 14.5 ], "texture": "#texture" }
			}
		},
		{
			"__comment": "Shield3",
			"from": [ 8.5, 1, 7 ],
			"to": [ 9, 1.5, 7.5 ],
			"faces": {
				"down": { "uv": [ 8.5, 14.5, 9, 15 ], "texture": "#texture" },
				"up": { "uv": [ 8.5, 14.5, 9, 15 ], "texture": "#texture" },
				"north": { "uv": [ 7, 14.5, 7.5, 15 ], "texture": "#texture" },
				"south": { "uv": [ 8.5, 14.5, 9, 15 ], "texture": "#texture" },
				"west": { "uv": [ 7, 14.5, 7.5, 15 ], "texture": "#texture" },
				"east": { "uv": [ 8.5, 14.5, 9, 15 ], "texture": "#texture" }
			}
		},
		{
			"__comment": "Shield4",
			"from": [ 7, 1, 7 ],
			"to": [ 7.5, 1.5, 7.5 ],
			"faces": {
				"down": { "uv": [ 8.5, 14.5, 9, 15 ], "texture": "#texture" },
				"up": { "uv": [ 7, 7, 7.5, 7.5 ], "texture": "#texture" },
				"north": { "uv": [ 8.5, 14.5, 9, 15 ], "texture": "#texture" },
				"south": { "uv": [ 7, 14.5, 7.5, 15 ], "texture": "#texture" },
				"west": { "uv": [ 7, 14.5, 7.5, 15 ], "texture": "#texture" },
				"east": { "uv": [ 8.5, 14.5, 9, 15 ], "texture": "#texture" }
			}
		},
		{
			"__comment": "Shield5",
			"from": [ 7, 1.5, 7 ],
			"to": [ 9, 8.5, 7.5 ],
			"faces": {
				"down": { "uv": [ 7, 8.5, 9, 9 ], "texture": "#texture" },
				"up": { "uv": [ 7, 7, 9, 7.5 ], "texture": "#texture" },
				"north": { "uv": [ 7, 7.5, 9, 14.5 ], "texture": "#texture" },
				"south": { "uv": [ 7, 7.5, 9, 14.5 ], "texture": "#texture" },
				"west": { "uv": [ 7, 7.5, 7.5, 14.5 ], "texture": "#texture" },
				"east": { "uv": [ 8.5, 7.5, 9, 14.5 ], "texture": "#texture" }
			}
		},
		{
			"__comment": "Shield6",
			"from": [ 9, 8.5, 7 ],
			"to": [ 13, 10.5, 7.5 ],
			"faces": {
				"down": { "uv": [ 9, 8.5, 13, 9 ], "texture": "#texture" },
				"up": { "uv": [ 9, 7.5, 13, 8 ], "texture": "#texture" },
				"north": { "uv": [ 3, 5.5, 7, 7.5 ], "texture": "#texture" },
				"south": { "uv": [ 9, 5.5, 13, 7.5 ], "texture": "#texture" },
				"west": { "uv": [ 12.5, 5.5, 13, 7.5 ], "texture": "#texture" },
				"east": { "uv": [ 12.5, 5.5, 13, 7.5 ], "texture": "#texture" }
			}
		},
		{
			"__comment": "Shield7",
			"from": [ 3, 8.5, 7 ],
			"to": [ 7, 10.5, 7.5 ],
			"faces": {
				"down": { "uv": [ 3, 8.5, 7, 9 ], "texture": "#texture" },
				"up": { "uv": [ 3, 7, 7, 7.5 ], "texture": "#texture" },
				"north": { "uv": [ 9, 5.5, 13, 7.5 ], "texture": "#texture" },
				"south": { "uv": [ 3, 5.5, 7, 7.5 ], "texture": "#texture" },
				"west": { "uv": [ 3, 5.5, 3.5, 7.5 ], "texture": "#texture" },
				"east": { "uv": [ 3, 5.5, 3.5, 7.5 ], "texture": "#texture" }
			}
		},
		{
			"__comment": "Shield8",
			"from": [ 7, 10.5, 7 ],
			"to": [ 9, 15.5, 7.5 ],
			"faces": {
				"down": { "uv": [ 7, 8.5, 9, 9 ], "texture": "#texture" },
				"up": { "uv": [ 7, 0.5, 9, 1 ], "texture": "#texture" },
				"north": { "uv": [ 7, 0.5, 9, 5.5 ], "texture": "#texture" },
				"south": { "uv": [ 7, 0.5, 9, 5.5 ], "texture": "#texture" },
				"west": { "uv": [ 7, 0.5, 7.5, 5.5 ], "texture": "#texture" },
				"east": { "uv": [ 8.5, 0.5, 9, 5.5 ], "texture": "#texture" }
			}
		},
		{
			"__comment": "Shield9",
			"from": [ 9, 4.5, 7 ],
			"to": [ 12, 8.5, 8.5 ],
			"faces": {
				"down": { "uv": [ 9, 8.5, 12, 9 ], "texture": "#texture" },
				"up": { "uv": [ 9, 7, 12, 7.5 ], "texture": "#texture" },
				"north": { "uv": [ 4, 7.5, 7, 11.5 ], "texture": "#texture" },
				"south": { "uv": [ 9, 7.5, 12, 11.5 ], "texture": "#texture" },
				"west": { "uv": [ 6.5, 7.5, 7, 11.5 ], "texture": "#texture" },
				"east": { "uv": [ 9, 7.5, 9.5, 11.5 ], "texture": "#texture" }
			}
		},
		{
			"__comment": "Shield10",
			"from": [ 12, 6, 7 ],
			"to": [ 12.5, 8.5, 8.5 ],
			"faces": {
				"down": { "uv": [ 12, 8.5, 12.5, 9 ], "texture": "#texture" },
				"up": { "uv": [ 12, 7, 12.5, 7.5 ], "texture": "#texture" },
				"north": { "uv": [ 3.5, 7.5, 4, 10 ], "texture": "#texture" },
				"south": { "uv": [ 12, 7.5, 12.5, 10 ], "texture": "#texture" },
				"west": { "uv": [ 7, 7.5, 7.5, 10 ], "texture": "#texture" },
				"east": { "uv": [ 9.5, 7.5, 10, 10 ], "texture": "#texture" }
			}
		},
		{
			"__comment": "Shield11",
			"from": [ 12.5, 7.5, 7 ],
			"to": [ 13, 8.5, 8.5 ],
			"faces": {
				"down": { "uv": [ 12, 8.5, 12.5, 9 ], "texture": "#texture" },
				"up": { "uv": [ 12.5, 7, 13, 7.5 ], "texture": "#texture" },
				"north": { "uv": [ 3, 7.5, 3.5, 8.5 ], "texture": "#texture" },
				"south": { "uv": [ 12.5, 7.5, 13, 8.5 ], "texture": "#texture" },
				"west": { "uv": [ 7, 7.5, 7.5, 8.5 ], "texture": "#texture" },
				"east": { "uv": [ 9, 7.5, 9.5, 8.5 ], "texture": "#texture" }
			}
		},
		{
			"__comment": "Shield12",
			"from": [ 9, 2.5, 7 ],
			"to": [ 10.5, 4.5, 8.5 ],
			"faces": {
				"down": { "uv": [ 9, 8.5, 10.5, 9 ], "texture": "#texture" },
				"up": { "uv": [ 9.5, 10.5, 11, 11 ], "texture": "#texture" },
				"north": { "uv": [ 5.5, 11.5, 7, 13.5 ], "texture": "#texture" },
				"south": { "uv": [ 9, 11.5, 10.5, 13.5 ], "texture": "#texture" },
				"west": { "uv": [ 9, 11.5, 9.5, 13.5 ], "texture": "#texture" },
				"east": { "uv": [ 9, 11.5, 9.5, 13.5 ], "texture": "#texture" }
			}
		},
		{
			"__comment": "Shield13",
			"from": [ 10.5, 3, 7 ],
			"to": [ 11, 4.5, 8.5 ],
			"faces": {
				"down": { "uv": [ 10.5, 8.5, 11, 9 ], "texture": "#texture" },
				"up": { "uv": [ 9.5, 10.5, 11, 11 ], "texture": "#texture" },
				"north": { "uv": [ 5, 11.5, 5.5, 13 ], "texture": "#texture" },
				"south": { "uv": [ 10.5, 11.5, 11, 13 ], "texture": "#texture" },
				"west": { "uv": [ 7, 11.5, 7.5, 13 ], "texture": "#texture" },
				"east": { "uv": [ 9, 11.5, 9.5, 13 ], "texture": "#texture" }
			}
		},
		{
			"__comment": "Shield14",
			"from": [ 11, 4, 7 ],
			"to": [ 11.5, 4.5, 8.5 ],
			"faces": {
				"down": { "uv": [ 11, 8.5, 11.5, 9 ], "texture": "#texture" },
				"up": { "uv": [ 9.5, 10.5, 11, 11 ], "texture": "#texture" },
				"north": { "uv": [ 4.5, 11.5, 5, 12 ], "texture": "#texture" },
				"south": { "uv": [ 11, 11.5, 11.5, 12 ], "texture": "#texture" },
				"west": { "uv": [ 7, 11.5, 7.5, 12 ], "texture": "#texture" },
				"east": { "uv": [ 9, 11.5, 9.5, 12 ], "texture": "#texture" }
			}
		},
		{
			"__comment": "Shield15",
			"from": [ 9.5, 2, 7 ],
			"to": [ 10, 2.5, 8.5 ],
			"faces": {
				"down": { "uv": [ 9.5, 8.5, 10, 9 ], "texture": "#texture" },
				"up": { "uv": [ 9.5, 7, 10, 7.5 ], "texture": "#texture" },
				"north": { "uv": [ 6, 13.5, 6.5, 14 ], "texture": "#texture" },
				"south": { "uv": [ 9.5, 13.5, 10, 14 ], "texture": "#texture" },
				"west": { "uv": [ 7, 13.5, 7.5, 14 ], "texture": "#texture" },
				"east": { "uv": [ 9, 13.5, 9.5, 14 ], "texture": "#texture" }
			}
		},
		{
			"__comment": "Shield16",
			"from": [ 3, 7.5, 7 ],
			"to": [ 7, 8.5, 8.5 ],
			"faces": {
				"down": { "uv": [ 3.5, 8.5, 7, 9 ], "texture": "#texture" },
				"up": { "uv": [ 3, 7.5, 7, 8 ], "texture": "#texture" },
				"north": { "uv": [ 9, 7.5, 13, 8.5 ], "texture": "#texture" },
				"south": { "uv": [ 3, 7.5, 7, 8.5 ], "texture": "#texture" },
				"west": { "uv": [ 6.5, 7.5, 7, 8.5 ], "texture": "#texture" },
				"east": { "uv": [ 3, 7.5, 7, 8.5 ], "texture": "#texture" }
			}
		},
		{
			"__comment": "Shield17",
			"from": [ 4, 4.5, 7 ],
			"to": [ 7, 7.5, 8.5 ],
			"faces": {
				"down": { "uv": [ 4, 8.5, 7, 9 ], "texture": "#texture" },
				"up": { "uv": [ 4, 7, 7, 7.5 ], "texture": "#texture" },
				"north": { "uv": [ 9, 8.5, 12, 11.5 ], "texture": "#texture" },
				"south": { "uv": [ 4, 8.5, 7, 11.5 ], "texture": "#texture" },
				"west": { "uv": [ 6.5, 8.5, 7, 11.5 ], "texture": "#texture" },
				"east": { "uv": [ 9, 8.5, 9.5, 11.5 ], "texture": "#texture" }
			}
		},
		{
			"__comment": "Shield18",
			"from": [ 3.5, 6, 7 ],
			"to": [ 4, 7.5, 8.3 ],
			"faces": {
				"down": { "uv": [ 3.5, 8.5, 4, 9 ], "texture": "#texture" },
				"up": { "uv": [ 3.5, 7, 4, 7.5 ], "texture": "#texture" },
				"north": { "uv": [ 12, 8.5, 12.5, 10 ], "texture": "#texture" },
				"south": { "uv": [ 3.5, 8.5, 4, 10 ], "texture": "#texture" },
				"west": { "uv": [ 6.5, 8.5, 7, 10 ], "texture": "#texture" },
				"east": { "uv": [ 9, 8.5, 9.5, 10 ], "texture": "#texture" }
			}
		},
		{
			"__comment": "Shield19",
			"from": [ 4.5, 3.5, 7 ],
			"to": [ 7, 4.5, 8.5 ],
			"faces": {
				"down": { "uv": [ 4.5, 8.5, 7, 9 ], "texture": "#texture" },
				"up": { "uv": [ 9.5, 10.5, 11, 11 ], "texture": "#texture" },
				"north": { "uv": [ 9, 11.5, 11.5, 12.5 ], "texture": "#texture" },
				"south": { "uv": [ 4.5, 11.5, 7, 12.5 ], "texture": "#texture", "rotation": 270 },
				"west": { "uv": [ 6.5, 11.5, 7, 12.5 ], "texture": "#texture" },
				"east": { "uv": [ 6.5, 11.5, 7, 12.5 ], "texture": "#texture" }
			}
		},
		{
			"__comment": "Shield20",
			"from": [ 5.5, 2.5, 7 ],
			"to": [ 7, 3.5, 8.5 ],
			"faces": {
				"down": { "uv": [ 5.5, 8.5, 7, 9 ], "texture": "#texture" },
				"up": { "uv": [ 5.5, 7, 7, 7.5 ], "texture": "#texture" },
				"north": { "uv": [ 9, 12.5, 10.5, 13.5 ], "texture": "#texture" },
				"south": { "uv": [ 5.5, 12.5, 7, 13.5 ], "texture": "#texture" },
				"west": { "uv": [ 6.5, 11.5, 7, 12.5 ], "texture": "#texture" },
				"east": { "uv": [ 6.5, 11.5, 7, 12.5 ], "texture": "#texture" }
			}
		},
		{
			"__comment": "Shield21",
			"from": [ 6, 2, 7 ],
			"to": [ 6.5, 2.5, 8.5 ],
			"faces": {
				"down": { "uv": [ 6, 8.5, 6.5, 9 ], "texture": "#texture" },
				"up": { "uv": [ 6, 7, 6.5, 7.5 ], "texture": "#texture" },
				"north": { "uv": [ 9.5, 13.5, 10, 14 ], "texture": "#texture" },
				"south": { "uv": [ 6, 13.5, 6.5, 14 ], "texture": "#texture" },
				"west": { "uv": [ 6, 13.5, 6.5, 14 ], "texture": "#texture" },
				"east": { "uv": [ 8.5, 13.5, 9, 14 ], "texture": "#texture" }
			}
		},
		{
			"__comment": "Shield22",
			"from": [ 5, 3, 7 ],
			"to": [ 5.5, 3.5, 8.5 ],
			"faces": {
				"down": { "uv": [ 9, 12.5, 9.5, 13 ], "texture": "#texture" },
				"up": { "uv": [ 9, 12.5, 9.5, 13 ], "texture": "#texture" },
				"north": { "uv": [ 9, 12.5, 9.5, 13 ], "texture": "#texture" },
				"south": { "uv": [ 9, 12.5, 9.5, 13 ], "texture": "#texture" },
				"west": { "uv": [ 9, 12.5, 9.5, 13 ], "texture": "#texture" },
				"east": { "uv": [ 9, 12.5, 9.5, 13 ], "texture": "#texture" }
			}
		},
		{
			"__comment": "Shield23",
			"from": [ 7, 8.5, 7 ],
			"to": [ 9, 10.5, 7.5 ],
			"faces": {
				"down": { "uv": [ 7, 8.5, 9, 9 ], "texture": "#texture" },
				"up": { "uv": [ 7, 7, 9, 7.5 ], "texture": "#texture" },
				"north": { "uv": [ 7, 5.5, 9, 7.5 ], "texture": "#texture" },
				"south": { "uv": [ 7, 5.5, 9, 7.5 ], "texture": "#texture" },
				"west": { "uv": [ 7, 5.5, 7.5, 7.5 ], "texture": "#texture" },
				"east": { "uv": [ 8.5, 5.5, 9, 7.5 ], "texture": "#texture" }
			}
		},
		{
			"__comment": "Shield24",
			"from": [ 9, 10.5, 7 ],
			"to": [ 13, 14.5, 8.5 ],
			"faces": {
				"down": { "uv": [ 9, 8.5, 12.5, 9 ], "texture": "#texture" },
				"up": { "uv": [ 9, 7.5, 13, 8 ], "texture": "#texture" },
				"north": { "uv": [ 3, 1.5, 7, 5.5 ], "texture": "#texture" },
				"south": { "uv": [ 9, 1.5, 13, 5.5 ], "texture": "#texture" },
				"west": { "uv": [ 6.5, 1.5, 7, 5.5 ], "texture": "#texture" },
				"east": { "uv": [ 9, 1.5, 9.5, 5.5 ], "texture": "#texture" }
			}
		},
		{
			"__comment": "Shield25",
			"from": [ 3, 10.5, 7 ],
			"to": [ 7, 14.5, 8.5 ],
			"faces": {
				"down": { "uv": [ 3.5, 8.5, 7, 9 ], "texture": "#texture" },
				"up": { "uv": [ 3, 7.5, 7, 8 ], "texture": "#texture" },
				"north": { "uv": [ 9, 1.5, 13, 5.5 ], "texture": "#texture" },
				"south": { "uv": [ 3, 1.5, 7, 5.5 ], "texture": "#texture" },
				"west": { "uv": [ 6.5, 1.5, 7, 5.5 ], "texture": "#texture" },
				"east": { "uv": [ 9, 1.5, 9.5, 5.5 ], "texture": "#texture" }
			}
		},
		{
			"__comment": "Shield26",
			"from": [ 9, 14.5, 7 ],
			"to": [ 10, 15.5, 8 ],
			"faces": {
				"down": { "uv": [ 9, 8.5, 10, 9 ], "texture": "#texture" },
				"up": { "uv": [ 9, 0.5, 10, 1 ], "texture": "#texture" },
				"north": { "uv": [ 6, 0.5, 7, 1.5 ], "texture": "#texture" },
				"south": { "uv": [ 9, 0.5, 10, 1.5 ], "texture": "#texture" },
				"west": { "uv": [ 9, 0.5, 10, 1 ], "texture": "#texture" },
				"east": { "uv": [ 9, 0.5, 10, 1.5 ], "texture": "#texture" }
			}
		},
		{
			"__comment": "Shield27",
			"from": [ 6, 14.5, 7 ],
			"to": [ 7, 15.5, 8 ],
			"faces": {
				"down": { "uv": [ 6, 8.5, 7, 9 ], "texture": "#texture" },
				"up": { "uv": [ 6, 7.5, 7, 8 ], "texture": "#texture" },
				"north": { "uv": [ 9, 0.5, 10, 1.5 ], "texture": "#texture" },
				"south": { "uv": [ 6, 0.5, 7, 1.5 ], "texture": "#texture" },
				"west": { "uv": [ 9, 0.5, 10, 1.5 ], "texture": "#texture" },
				"east": { "uv": [ 9, 0.5, 10, 1.5 ], "texture": "#texture" }
			}
		},
		{
			"__comment": "Shield28",
			"from": [ 10, 14.5, 7 ],
			"to": [ 11.5, 15, 8 ],
			"faces": {
				"down": { "uv": [ 10, 8.5, 11.5, 9 ], "texture": "#texture" },
				"up": { "uv": [ 10, 1, 11.5, 1.5 ], "texture": "#texture" },
				"north": { "uv": [ 10, 1, 11.5, 1.5 ], "texture": "#texture" },
				"south": { "uv": [ 10, 1, 11.5, 1.5 ], "texture": "#texture" },
				"west": { "uv": [ 10, 1, 11.5, 1.5 ], "texture": "#texture" },
				"east": { "uv": [ 10, 1, 11.5, 1.5 ], "texture": "#texture" }
			}
		},
		{
			"__comment": "Shield29",
			"from": [ 4.5, 14.5, 7 ],
			"to": [ 6, 15, 8 ],
			"faces": {
				"down": { "uv": [ 4.5, 8.5, 6, 9 ], "texture": "#texture" },
				"up": { "uv": [ 4.5, 7.5, 6, 8 ], "texture": "#texture" },
				"north": { "uv": [ 10, 1, 11.5, 1.5 ], "texture": "#texture" },
				"south": { "uv": [ 4.5, 1, 6, 1.5 ], "texture": "#texture" },
				"west": { "uv": [ 4.5, 1, 6, 1.5 ], "texture": "#texture" },
				"east": { "uv": [ 4.5, 1, 6, 1.5 ], "texture": "#texture" }
			}
		},
		{
			"__comment": "Shield30",
			"from": [ 7.5, 15.5, 7 ],
			"to": [ 8.5, 16, 7.5 ],
			"faces": {
				"down": { "uv": [ 7.5, 0, 8.5, 0.5 ], "texture": "#texture" },
				"up": { "uv": [ 7.5, 0, 8.5, 0.5 ], "texture": "#texture" },
				"north": { "uv": [ 7.5, 0, 8.5, 0.5 ], "texture": "#texture" },
				"south": { "uv": [ 7.5, 0, 8.5, 0.5 ], "texture": "#texture" },
				"west": { "uv": [ 7.5, 0, 8.5, 0.5 ], "texture": "#texture" },
				"east": { "uv": [ 7.5, 0, 8.5, 0.5 ], "texture": "#texture" }
			}
		},
		{
			"__comment": "Shield31",
			"from": [ 7, 10, 7.5 ],
			"to": [ 9, 10.5, 8 ],
			"faces": {
				"down": { "uv": [ 7, 8.5, 9, 9 ], "texture": "#texture" },
				"up": { "uv": [ 7, 5.5, 9, 6 ], "texture": "#texture" },
				"north": { "uv": [ 7, 5.5, 9, 6 ], "texture": "#texture" },
				"south": { "uv": [ 7, 5.5, 9, 6 ], "texture": "#texture" },
				"west": { "uv": [ 7, 5.5, 9, 6 ], "texture": "#texture" },
				"east": { "uv": [ 7, 5.5, 9, 6 ], "texture": "#texture" }
			}
		},
		{
			"__comment": "Shield32",
			"from": [ 8.5, 8.5, 7.5 ],
			"to": [ 9, 10, 8 ],
			"faces": {
				"down": { "uv": [ 7, 7, 8.5, 7.5 ], "texture": "#texture" },
				"up": { "uv": [ 7, 7, 8.5, 7.5 ], "texture": "#texture" },
				"north": { "uv": [ 7, 6, 7.5, 7.5 ], "texture": "#texture" },
				"south": { "uv": [ 7, 7, 8.5, 7.5 ], "texture": "#texture" },
				"west": { "uv": [ 7, 7, 8.5, 7.5 ], "texture": "#texture" },
				"east": { "uv": [ 7, 7, 8.5, 7.5 ], "texture": "#texture" }
			}
		},
		{
			"__comment": "Shield33",
			"from": [ 7, 8.5, 7.5 ],
			"to": [ 8.5, 9, 8 ],
			"faces": {
				"down": { "uv": [ 7, 7, 8.5, 7.5 ], "texture": "#texture" },
				"up": { "uv": [ 7, 7.5, 8.5, 8 ], "texture": "#texture" },
				"north": { "uv": [ 7.5, 7, 9, 7.5 ], "texture": "#texture" },
				"south": { "uv": [ 7, 7, 8.5, 7.5 ], "texture": "#texture" },
				"west": { "uv": [ 7.5, 7, 8, 7.5 ], "texture": "#texture" },
				"east": { "uv": [ 8, 7, 8.5, 7.5 ], "texture": "#texture" }
			}
		},
		{
			"__comment": "Shield34",
			"from": [ 7, 9, 7.5 ],
			"to": [ 7.5, 10, 8 ],
			"faces": {
				"down": { "uv": [ 7, 6, 7.5, 7 ], "texture": "#texture" },
				"up": { "uv": [ 7, 6, 7.5, 7 ], "texture": "#texture" },
				"north": { "uv": [ 8.5, 6, 9, 7 ], "texture": "#texture" },
				"south": { "uv": [ 7, 6, 7.5, 7 ], "texture": "#texture" },
				"west": { "uv": [ 7, 6, 7.5, 7 ], "texture": "#texture" },
				"east": { "uv": [ 7, 6, 7.5, 7 ], "texture": "#texture" }
			}
		},
		{
			"__comment": "Shield35",
			"from": [ 7.5, 9, 7.5 ],
			"to": [ 8.5, 10, 8.2 ],
			"faces": {
				"down": { "uv": [ 7.5, 6, 8.5, 7 ], "texture": "#texture" },
				"up": { "uv": [ 7.5, 6, 8.5, 7 ], "texture": "#texture" },
				"north": { "uv": [ 7.5, 6, 8.5, 7 ], "texture": "#texture" },
				"south": { "uv": [ 7.5, 6, 8.5, 7 ], "texture": "#texture" },
				"west": { "uv": [ 7.5, 6, 8.5, 7 ], "texture": "#texture" },
				"east": { "uv": [ 7.5, 6, 8.5, 7 ], "texture": "#texture" }
			}
		},
		{
			"__comment": "Shield36",
			"from": [ 9, 8.5, 7.5 ],
			"to": [ 9.5, 10.5, 8.1 ],
			"faces": {
				"down": { "uv": [ 9, 7.9, 9.5, 8.5 ], "texture": "#texture" },
				"up": { "uv": [ 9, 7.5, 9.5, 8.1 ], "texture": "#texture" },
				"north": { "uv": [ 6.5, 5.5, 7, 7.5 ], "texture": "#texture" },
				"south": { "uv": [ 9, 5.5, 9.5, 7.5 ], "texture": "#texture" },
				"west": { "uv": [ 7.5, 5.5, 8.1, 7.5 ], "texture": "#texture" },
				"east": { "uv": [ 7.9, 5.5, 8.5, 7.5 ], "texture": "#texture" }
			}
		},
		{
			"__comment": "Shield37",
			"from": [ 9.5, 8.5, 7.5 ],
			"to": [ 10, 10.5, 8.2 ],
			"faces": {
				"down": { "uv": [ 9.5, 7.8, 10, 8.5 ], "texture": "#texture" },
				"up": { "uv": [ 9.5, 7.5, 10, 8.2 ], "texture": "#texture" },
				"north": { "uv": [ 6, 5.5, 6.5, 7.5 ], "texture": "#texture" },
				"south": { "uv": [ 9.5, 5.5, 10, 7.5 ], "texture": "#texture" },
				"west": { "uv": [ 7.5, 5.5, 8.2, 7.5 ], "texture": "#texture" },
				"east": { "uv": [ 7.8, 5.5, 8.5, 7.5 ], "texture": "#texture" }
			}
		},
		{
			"__comment": "Shield38",
			"from": [ 10, 8.5, 7.5 ],
			"to": [ 10.5, 10.5, 8.3 ],
			"faces": {
				"down": { "uv": [ 10, 7.7, 10.5, 8.5 ], "texture": "#texture" },
				"up": { "uv": [ 10, 7.5, 10.5, 8.3 ], "texture": "#texture" },
				"north": { "uv": [ 5.5, 5.5, 6, 7.5 ], "texture": "#texture" },
				"south": { "uv": [ 10, 5.5, 10.5, 7.5 ], "texture": "#texture" },
				"west": { "uv": [ 7.5, 5.5, 8.3, 7.5 ], "texture": "#texture" },
				"east": { "uv": [ 7.7, 5.5, 8.5, 7.5 ], "texture": "#texture" }
			}
		},
		{
			"__comment": "Shield39",
			"from": [ 10.5, 8.5, 7.5 ],
			"to": [ 11, 10.5, 8.4 ],
			"faces": {
				"down": { "uv": [ 10.5, 6.5, 11, 7.4 ], "texture": "#texture" },
				"up": { "uv": [ 10.5, 6.5, 11, 7.4 ], "texture": "#texture" },
				"north": { "uv": [ 5, 5.5, 5.5, 7.5 ], "texture": "#texture" },
				"south": { "uv": [ 10.5, 5.5, 11, 7.5 ], "texture": "#texture" },
				"west": { "uv": [ 7.5, 5.5, 8.4, 7.5 ], "texture": "#texture" },
				"east": { "uv": [ 7.6, 5.5, 8.5, 7.5 ], "texture": "#texture" }
			}
		},
		{
			"__comment": "Shield40",
			"from": [ 11, 8.5, 7.5 ],
			"to": [ 11.5, 10.5, 8.5 ],
			"faces": {
				"down": { "uv": [ 11, 6.5, 11.5, 7.5 ], "texture": "#texture" },
				"up": { "uv": [ 11, 6.5, 11.5, 7.5 ], "texture": "#texture" },
				"north": { "uv": [ 4.5, 5.5, 5, 7.5 ], "texture": "#texture" },
				"south": { "uv": [ 11, 5.5, 11.5, 7.5 ], "texture": "#texture" },
				"west": { "uv": [ 7.5, 5.5, 8.5, 7.5 ], "texture": "#texture" },
				"east": { "uv": [ 7.5, 5.5, 8.5, 7.5 ], "texture": "#texture" }
			}
		},
		{
			"__comment": "Shield41",
			"from": [ 11.5, 8.5, 7.5 ],
			"to": [ 12, 10.5, 8.6 ],
			"faces": {
				"down": { "uv": [ 11.5, 6, 12, 7.1 ], "texture": "#texture" },
				"up": { "uv": [ 11.5, 6, 12, 7.1 ], "texture": "#texture" },
				"north": { "uv": [ 4, 5.5, 4.5, 7.5 ], "texture": "#texture" },
				"south": { "uv": [ 11.5, 5.5, 12, 7.5 ], "texture": "#texture" },
				"west": { "uv": [ 7.5, 5.5, 8.6, 7.5 ], "texture": "#texture" },
				"east": { "uv": [ 7.4, 5.5, 8.5, 7.5 ], "texture": "#texture" }
			}
		},
		{
			"__comment": "Shield42",
			"from": [ 12, 8.5, 7.5 ],
			"to": [ 12.5, 10.5, 8.7 ],
			"faces": {
				"down": { "uv": [ 12, 6, 12.5, 7.2 ], "texture": "#texture" },
				"up": { "uv": [ 12, 6, 12.5, 7.2 ], "texture": "#texture" },
				"north": { "uv": [ 3.5, 5.5, 4, 7.5 ], "texture": "#texture" },
				"south": { "uv": [ 12, 5.5, 12.5, 7.5 ], "texture": "#texture" },
				"west": { "uv": [ 7.5, 5.5, 8.7, 7.5 ], "texture": "#texture" },
				"east": { "uv": [ 7.3, 5.5, 8.5, 7.5 ], "texture": "#texture" }
			}
		},
		{
			"__comment": "Shield43",
			"from": [ 12.5, 8.5, 7.5 ],
			"to": [ 13, 10.5, 8.8 ],
			"faces": {
				"down": { "uv": [ 12.5, 6, 13, 7.3 ], "texture": "#texture" },
				"up": { "uv": [ 12.5, 6, 13, 7.3 ], "texture": "#texture" },
				"north": { "uv": [ 12.5, 6, 13, 7.3 ], "texture": "#texture" },
				"south": { "uv": [ 12.5, 6, 13, 7.3 ], "texture": "#texture" },
				"west": { "uv": [ 12.5, 6, 13, 7.3 ], "texture": "#texture" },
				"east": { "uv": [ 12.5, 6, 13, 7.3 ], "texture": "#texture" }
			}
		},
		{
			"__comment": "Shield44",
			"from": [ 7, 8, 7.5 ],
			"to": [ 9, 8.5, 8 ],
			"faces": {
				"down": { "uv": [ 7, 8, 9, 8.5 ], "texture": "#texture" },
				"up": { "uv": [ 7, 7.5, 9, 8 ], "texture": "#texture" },
				"north": { "uv": [ 7, 7.5, 9, 8 ], "texture": "#texture" },
				"south": { "uv": [ 7, 7.5, 9, 8 ], "texture": "#texture" },
				"west": { "uv": [ 7.5, 7.5, 8, 8 ], "texture": "#texture" },
				"east": { "uv": [ 8, 7.5, 8.5, 8 ], "texture": "#texture" }
			}
		},
		{
			"__comment": "Shield45",
			"from": [ 7, 7.5, 7.5 ],
			"to": [ 9, 8, 8.1 ],
			"faces": {
				"down": { "uv": [ 7, 7.9, 9, 8.5 ], "texture": "#texture" },
				"up": { "uv": [ 7, 7.5, 9, 8.1 ], "texture": "#texture" },
				"north": { "uv": [ 7, 8, 9, 8.5 ], "texture": "#texture" },
				"south": { "uv": [ 7, 8, 9, 8.5 ], "texture": "#texture" },
				"west": { "uv": [ 7.5, 8, 8.1, 8.5 ], "texture": "#texture" },
				"east": { "uv": [ 7.9, 8, 8.5, 8.5 ], "texture": "#texture" }
			}
		},
		{
			"__comment": "Shield46",
			"from": [ 7, 7, 7.5 ],
			"to": [ 9, 7.5, 8.2 ],
			"faces": {
				"down": { "uv": [ 7, 7.8, 9, 8.5 ], "texture": "#texture" },
				"up": { "uv": [ 7, 7.5, 9, 8.2 ], "texture": "#texture" },
				"north": { "uv": [ 7, 8.5, 9, 9 ], "texture": "#texture" },
				"south": { "uv": [ 7, 8.5, 9, 9 ], "texture": "#texture" },
				"west": { "uv": [ 7.5, 8.5, 8.2, 9 ], "texture": "#texture" },
				"east": { "uv": [ 7.8, 8.5, 8.5, 9 ], "texture": "#texture" }
			}
		},
		{
			"__comment": "Shield47",
			"from": [ 7, 6.5, 7.5 ],
			"to": [ 9, 7, 8.3 ],
			"faces": {
				"down": { "uv": [ 7, 7.7, 9, 8.5 ], "texture": "#texture" },
				"up": { "uv": [ 7, 7.5, 9, 8.3 ], "texture": "#texture" },
				"north": { "uv": [ 7, 9, 9, 9.5 ], "texture": "#texture" },
				"south": { "uv": [ 7, 9, 9, 9.5 ], "texture": "#texture" },
				"west": { "uv": [ 7.5, 9, 8.3, 9.5 ], "texture": "#texture" },
				"east": { "uv": [ 7.7, 9, 8.5, 9.5 ], "texture": "#texture" }
			}
		},
		{
			"__comment": "Shield48",
			"from": [ 7, 6, 7.5 ],
			"to": [ 9, 6.5, 8.3 ],
			"faces": {
				"down": { "uv": [ 7, 7.7, 9, 8.5 ], "texture": "#texture" },
				"up": { "uv": [ 7, 7.5, 9, 8.3 ], "texture": "#texture" },
				"north": { "uv": [ 7, 9.5, 9, 10 ], "texture": "#texture" },
				"south": { "uv": [ 7, 9.5, 9, 10 ], "texture": "#texture" },
				"west": { "uv": [ 7.5, 9.5, 8.3, 10 ], "texture": "#texture" },
				"east": { "uv": [ 7.7, 9.5, 8.5, 10 ], "texture": "#texture" }
			}
		},
		{
			"__comment": "Shield49",
			"from": [ 7, 5.5, 7.5 ],
			"to": [ 9, 6, 8.4 ],
			"faces": {
				"down": { "uv": [ 7, 7.6, 9, 8.5 ], "texture": "#texture" },
				"up": { "uv": [ 7, 7.5, 9, 8.4 ], "texture": "#texture" },
				"north": { "uv": [ 7, 10, 9, 10.5 ], "texture": "#texture" },
				"south": { "uv": [ 7, 10, 9, 10.5 ], "texture": "#texture" },
				"west": { "uv": [ 7.5, 10, 8.4, 10.5 ], "texture": "#texture" },
				"east": { "uv": [ 7.6, 10, 8.5, 10.5 ], "texture": "#texture" }
			}
		},
		{
			"__comment": "Shield50",
			"from": [ 7, 5, 7.5 ],
			"to": [ 9, 5.5, 8.5 ],
			"faces": {
				"down": { "uv": [ 7, 7.5, 9, 8.5 ], "texture": "#texture" },
				"up": { "uv": [ 7, 7.5, 9, 8.5 ], "texture": "#texture" },
				"north": { "uv": [ 7, 10.5, 9, 11 ], "texture": "#texture" },
				"south": { "uv": [ 7, 10.5, 9, 11 ], "texture": "#texture" },
				"west": { "uv": [ 7.5, 10.5, 8.5, 11 ], "texture": "#texture" },
				"east": { "uv": [ 7.5, 10.5, 8.5, 11 ], "texture": "#texture" }
			}
		},
		{
			"__comment": "Shield51",
			"from": [ 7, 4.5, 7.5 ],
			"to": [ 9, 5, 8.6 ],
			"faces": {
				"down": { "uv": [ 7, 7.4, 9, 8.5 ], "texture": "#texture" },
				"up": { "uv": [ 7, 7.5, 9, 8.6 ], "texture": "#texture" },
				"north": { "uv": [ 7, 11, 9, 11.5 ], "texture": "#texture" },
				"south": { "uv": [ 7, 11, 9, 11.5 ], "texture": "#texture" },
				"west": { "uv": [ 7.5, 11, 8.6, 11.5 ], "texture": "#texture" },
				"east": { "uv": [ 7.4, 11, 8.5, 11.5 ], "texture": "#texture" }
			}
		},
		{
			"__comment": "Shield52",
			"from": [ 7, 4, 7.5 ],
			"to": [ 9, 4.5, 8.64 ],
			"faces": {
				"down": { "uv": [ 7, 7.36, 9, 8.5 ], "texture": "#texture" },
				"up": { "uv": [ 7, 7.5, 9, 8.639999 ], "texture": "#texture" },
				"north": { "uv": [ 7, 11.5, 9, 12 ], "texture": "#texture" },
				"south": { "uv": [ 7, 11.5, 9, 12 ], "texture": "#texture" },
				"west": { "uv": [ 7.5, 11.5, 8.64, 12 ], "texture": "#texture" },
				"east": { "uv": [ 7.36, 11.5, 8.5, 12 ], "texture": "#texture" }
			}
		},
		{
			"__comment": "Shield53",
			"from": [ 7, 3.5, 7.5 ],
			"to": [ 9, 4, 8.66 ],
			"faces": {
				"down": { "uv": [ 7, 7.34, 9, 8.5 ], "texture": "#texture" },
				"up": { "uv": [ 7, 7.5, 9, 8.66 ], "texture": "#texture" },
				"north": { "uv": [ 7, 12, 9, 12.5 ], "texture": "#texture" },
				"south": { "uv": [ 7, 12, 9, 12.5 ], "texture": "#texture" },
				"west": { "uv": [ 7.5, 12, 8.66, 12.5 ], "texture": "#texture" },
				"east": { "uv": [ 7.34, 12, 8.5, 12.5 ], "texture": "#texture" }
			}
		},
		{
			"__comment": "Shield54",
			"from": [ 7, 3, 7.5 ],
			"to": [ 9, 3.5, 8.7 ],
			"faces": {
				"down": { "uv": [ 7, 7.3, 9, 8.5 ], "texture": "#texture" },
				"up": { "uv": [ 7, 7.5, 9, 8.7 ], "texture": "#texture" },
				"north": { "uv": [ 7, 12.5, 9, 13 ], "texture": "#texture" },
				"south": { "uv": [ 7, 12.5, 9, 13 ], "texture": "#texture" },
				"west": { "uv": [ 7.5, 12.5, 8.7, 13 ], "texture": "#texture" },
				"east": { "uv": [ 7.3, 12.5, 8.5, 13 ], "texture": "#texture" }
			}
		},
		{
			"__comment": "Shield55",
			"from": [ 7, 2.5, 7.5 ],
			"to": [ 9, 3, 8.76 ],
			"faces": {
				"down": { "uv": [ 7, 7.24, 9, 8.5 ], "texture": "#texture" },
				"up": { "uv": [ 7, 7.5, 9, 8.76 ], "texture": "#texture" },
				"north": { "uv": [ 7, 13, 9, 13.5 ], "texture": "#texture" },
				"south": { "uv": [ 7, 13, 9, 13.5 ], "texture": "#texture" },
				"west": { "uv": [ 7.5, 13, 8.76, 13.5 ], "texture": "#texture" },
				"east": { "uv": [ 7.24, 13, 8.5, 13.5 ], "texture": "#texture" }
			}
		},
		{
			"__comment": "Shield56",
			"from": [ 7, 2, 7.5 ],
			"to": [ 9, 2.5, 8.8 ],
			"faces": {
				"down": { "uv": [ 7, 7.2, 9, 8.5 ], "texture": "#texture" },
				"up": { "uv": [ 7, 7.5, 9, 8.8 ], "texture": "#texture" },
				"north": { "uv": [ 7, 13.5, 9, 14 ], "texture": "#texture" },
				"south": { "uv": [ 7, 13.5, 9, 14 ], "texture": "#texture" },
				"west": { "uv": [ 7.5, 13.5, 8.8, 14 ], "texture": "#texture" },
				"east": { "uv": [ 7.2, 13.5, 8.5, 14 ], "texture": "#texture" }
			}
		},
		{
			"__comment": "Shield57",
			"from": [ 7, 2, 7.5 ],
			"to": [ 9, 2.5, 8 ],
			"faces": {
				"down": { "uv": [ 7, 8, 9, 8.5 ], "texture": "#texture" },
				"up": { "uv": [ 7, 7.5, 9, 8 ], "texture": "#texture" },
				"north": { "uv": [ 7, 13.5, 9, 14 ], "texture": "#texture" },
				"south": { "uv": [ 7, 13.5, 9, 14 ], "texture": "#texture" },
				"west": { "uv": [ 7.5, 13.5, 8, 14 ], "texture": "#texture" },
				"east": { "uv": [ 8, 13.5, 8.5, 14 ], "texture": "#texture" }
			}
		},
		{
			"__comment": "Shield58",
			"from": [ 7, 1.5, 7.5 ],
			"to": [ 9, 2, 8.85 ],
			"faces": {
				"down": { "uv": [ 7, 7.15, 9, 8.5 ], "texture": "#texture" },
				"up": { "uv": [ 7, 7.5, 9, 8.85 ], "texture": "#texture" },
				"north": { "uv": [ 7, 14, 9, 14.5 ], "texture": "#texture" },
				"south": { "uv": [ 7, 14, 9, 14.5 ], "texture": "#texture" },
				"west": { "uv": [ 7.5, 14, 8.85, 14.5 ], "texture": "#texture" },
				"east": { "uv": [ 7.15, 14, 8.5, 14.5 ], "texture": "#texture" }
			}
		},
		{
			"__comment": "Shield59",
			"from": [ 7, 1, 7.5 ],
			"to": [ 9, 1.5, 8.9 ],
			"faces": {
				"down": { "uv": [ 7, 7.1, 9, 8.5 ], "texture": "#texture" },
				"up": { "uv": [ 7, 7.5, 9, 8.9 ], "texture": "#texture" },
				"north": { "uv": [ 7, 14.5, 9, 15 ], "texture": "#texture" },
				"south": { "uv": [ 7, 14.5, 9, 15 ], "texture": "#texture" },
				"west": { "uv": [ 7.5, 14.5, 8.9, 15 ], "texture": "#texture" },
				"east": { "uv": [ 7.1, 14.5, 8.5, 15 ], "texture": "#texture" }
			}
		},
		{
			"__comment": "Shield60",
			"from": [ 7.5, 0.5, 7.5 ],
			"to": [ 8.5, 1, 8.95 ],
			"faces": {
				"down": { "uv": [ 7.5, 7.05, 8.5, 8.5 ], "texture": "#texture" },
				"up": { "uv": [ 7.5, 7.5, 8.5, 8.95 ], "texture": "#texture" },
				"north": { "uv": [ 7.5, 15, 8.5, 15.5 ], "texture": "#texture" },
				"south": { "uv": [ 7.5, 15, 8.5, 15.5 ], "texture": "#texture" },
				"west": { "uv": [ 7.5, 15, 8.5, 15.5 ], "texture": "#texture" },
				"east": { "uv": [ 7.5, 15, 8.5, 15.5 ], "texture": "#texture" }
			}
		},
		{
			"__comment": "Shield61",
			"from": [ 6.5, 8.5, 7.5 ],
			"to": [ 7, 10.5, 8 ],
			"faces": {
				"down": { "uv": [ 6.5, 8, 7, 8.5 ], "texture": "#texture" },
				"up": { "uv": [ 6.5, 7.5, 7, 8 ], "texture": "#texture" },
				"north": { "uv": [ 9, 5.5, 9.5, 7.5 ], "texture": "#texture" },
				"south": { "uv": [ 6.5, 5.5, 7, 7.5 ], "texture": "#texture" },
				"west": { "uv": [ 7.5, 5.5, 8, 7.5 ], "texture": "#texture" },
				"east": { "uv": [ 8, 5.5, 8.5, 7.5 ], "texture": "#texture" }
			}
		},
		{
			"__comment": "Shield62",
			"from": [ 6, 8.5, 7.5 ],
			"to": [ 6.5, 10.5, 8.1 ],
			"faces": {
				"down": { "uv": [ 6, 7.9, 6.5, 8.5 ], "texture": "#texture" },
				"up": { "uv": [ 6, 7.5, 6.5, 8.1 ], "texture": "#texture" },
				"north": { "uv": [ 9.5, 5.5, 10, 7.5 ], "texture": "#texture" },
				"south": { "uv": [ 6, 5.5, 6.5, 7.5 ], "texture": "#texture" },
				"west": { "uv": [ 7.5, 5.5, 8.1, 7.5 ], "texture": "#texture" },
				"east": { "uv": [ 7.9, 5.5, 8.5, 7.5 ], "texture": "#texture" }
			}
		},
		{
			"__comment": "Shield63",
			"from": [ 5.5, 8.5, 7.5 ],
			"to": [ 6, 10.5, 8.2 ],
			"faces": {
				"down": { "uv": [ 5.5, 7.8, 6, 8.5 ], "texture": "#texture" },
				"up": { "uv": [ 5.5, 7.5, 6, 8.2 ], "texture": "#texture" },
				"north": { "uv": [ 10, 5.5, 10.5, 7.5 ], "texture": "#texture" },
				"south": { "uv": [ 5.5, 5.5, 6, 7.5 ], "texture": "#texture" },
				"west": { "uv": [ 7.5, 5.5, 8.2, 7.5 ], "texture": "#texture" },
				"east": { "uv": [ 7.8, 5.5, 8.5, 7.5 ], "texture": "#texture" }
			}
		},
		{
			"__comment": "Shield64",
			"from": [ 4.5, 8.5, 7.5 ],
			"to": [ 5, 10.5, 8.4 ],
			"faces": {
				"down": { "uv": [ 4.5, 7.6, 5, 8.5 ], "texture": "#texture" },
				"up": { "uv": [ 4.5, 6.5, 5, 7.4 ], "texture": "#texture" },
				"north": { "uv": [ 11, 5.5, 11.5, 7.5 ], "texture": "#texture" },
				"south": { "uv": [ 4.5, 5.5, 5, 7.5 ], "texture": "#texture" },
				"west": { "uv": [ 7.5, 5.5, 8.4, 7.5 ], "texture": "#texture" },
				"east": { "uv": [ 7.6, 5.5, 8.5, 7.5 ], "texture": "#texture" }
			}
		},
		{
			"__comment": "Shield65",
			"from": [ 5, 8.5, 7.5 ],
			"to": [ 5.5, 10.5, 8.3 ],
			"faces": {
				"down": { "uv": [ 5, 7.7, 5.5, 8.5 ], "texture": "#texture" },
				"up": { "uv": [ 5, 7.5, 5.5, 8.3 ], "texture": "#texture" },
				"north": { "uv": [ 10.5, 5.5, 11, 7.5 ], "texture": "#texture" },
				"south": { "uv": [ 5, 5.5, 5.5, 7.5 ], "texture": "#texture" },
				"west": { "uv": [ 7.5, 5.5, 8.3, 7.5 ], "texture": "#texture" },
				"east": { "uv": [ 7.7, 5.5, 8.5, 7.5 ], "texture": "#texture" }
			}
		},
		{
			"__comment": "Shield66",
			"from": [ 3.5, 8.5, 7.5 ],
			"to": [ 4, 10.5, 8.6 ],
			"faces": {
				"down": { "uv": [ 3.5, 7.4, 4, 8.5 ], "texture": "#texture" },
				"up": { "uv": [ 3.5, 6, 4, 7.1 ], "texture": "#texture" },
				"north": { "uv": [ 12, 5.5, 12.5, 7.5 ], "texture": "#texture" },
				"south": { "uv": [ 3.5, 5.5, 4, 7.5 ], "texture": "#texture" },
				"west": { "uv": [ 7.5, 5.5, 8.6, 7.5 ], "texture": "#texture" },
				"east": { "uv": [ 7.4, 5.5, 8.5, 7.5 ], "texture": "#texture" }
			}
		},
		{
			"__comment": "Shield67",
			"from": [ 4, 8.5, 7.5 ],
			"to": [ 4.5, 10.5, 8.5 ],
			"faces": {
				"down": { "uv": [ 4, 7.5, 4.5, 8.5 ], "texture": "#texture" },
				"up": { "uv": [ 4, 6.5, 4.5, 7.5 ], "texture": "#texture" },
				"north": { "uv": [ 11.5, 5.5, 12, 7.5 ], "texture": "#texture" },
				"south": { "uv": [ 4, 5.5, 4.5, 7.5 ], "texture": "#texture" },
				"west": { "uv": [ 7.5, 5.5, 8.5, 7.5 ], "texture": "#texture" },
				"east": { "uv": [ 7.5, 5.5, 8.5, 7.5 ], "texture": "#texture" }
			}
		},
		{
			"__comment": "Shield68",
			"from": [ 7, 10.5, 7.5 ],
			"to": [ 9, 11, 8 ],
			"faces": {
				"down": { "uv": [ 7, 8, 9, 8.5 ], "texture": "#texture" },
				"up": { "uv": [ 7, 7.5, 9, 8 ], "texture": "#texture" },
				"north": { "uv": [ 7, 5, 9, 5.5 ], "texture": "#texture" },
				"south": { "uv": [ 7, 5, 9, 5.5 ], "texture": "#texture" },
				"west": { "uv": [ 7.5, 5, 8, 5.5 ], "texture": "#texture" },
				"east": { "uv": [ 8, 5, 8.5, 5.5 ], "texture": "#texture" }
			}
		},
		{
			"__comment": "Shield69",
			"from": [ 3, 8.5, 7.5 ],
			"to": [ 3.5, 10.5, 8.7 ],
			"faces": {
				"down": { "uv": [ 3, 7.3, 3.5, 8.5 ], "texture": "#texture" },
				"up": { "uv": [ 3, 6, 3.5, 7.2 ], "texture": "#texture" },
				"north": { "uv": [ 12.5, 5.5, 13, 7.5 ], "texture": "#texture" },
				"south": { "uv": [ 3, 5.5, 3.5, 7.5 ], "texture": "#texture" },
				"west": { "uv": [ 3, 5.5, 3.5, 7.5 ], "texture": "#texture" },
				"east": { "uv": [ 3, 5.5, 3.5, 7.5 ], "texture": "#texture" }
			}
		},
		{
			"__comment": "Shield70",
			"from": [ 7, 11, 7.5 ],
			"to": [ 9, 11.5, 8.1 ],
			"faces": {
				"down": { "uv": [ 7, 7.9, 9, 8.5 ], "texture": "#texture" },
				"up": { "uv": [ 7, 7.5, 9, 8.1 ], "texture": "#texture" },
				"north": { "uv": [ 7, 4.5, 9, 5 ], "texture": "#texture" },
				"south": { "uv": [ 7, 4.5, 9, 5 ], "texture": "#texture" },
				"west": { "uv": [ 7.5, 4.5, 8.1, 5 ], "texture": "#texture" },
				"east": { "uv": [ 7.9, 4.5, 8.5, 5 ], "texture": "#texture" }
			}
		},
		{
			"__comment": "Shield71",
			"from": [ 7, 11.5, 7.5 ],
			"to": [ 9, 12, 8.2 ],
			"faces": {
				"down": { "uv": [ 7, 7.8, 9, 8.5 ], "texture": "#texture" },
				"up": { "uv": [ 7, 7.5, 9, 8.2 ], "texture": "#texture" },
				"north": { "uv": [ 7, 4, 9, 4.5 ], "texture": "#texture" },
				"south": { "uv": [ 7, 4, 9, 4.5 ], "texture": "#texture" },
				"west": { "uv": [ 7.5, 4, 8.2, 4.5 ], "texture": "#texture" },
				"east": { "uv": [ 7.8, 4, 8.5, 4.5 ], "texture": "#texture" }
			}
		},
		{
			"__comment": "Shield72",
			"from": [ 7, 12, 7.5 ],
			"to": [ 9, 12.5, 8.3 ],
			"faces": {
				"down": { "uv": [ 7, 7.7, 9, 8.5 ], "texture": "#texture" },
				"up": { "uv": [ 7, 7.5, 9, 8.3 ], "texture": "#texture" },
				"north": { "uv": [ 7, 3.5, 9, 4 ], "texture": "#texture" },
				"south": { "uv": [ 7, 3.5, 9, 4 ], "texture": "#texture" },
				"west": { "uv": [ 7.5, 3.5, 8.3, 4 ], "texture": "#texture" },
				"east": { "uv": [ 7.7, 3.5, 8.5, 4 ], "texture": "#texture" }
			}
		},
		{
			"__comment": "Shield73",
			"from": [ 7, 12.5, 7.5 ],
			"to": [ 9, 13, 8.4 ],
			"faces": {
				"down": { "uv": [ 7, 7.6, 9, 8.5 ], "texture": "#texture" },
				"up": { "uv": [ 7, 7.5, 9, 8.4 ], "texture": "#texture" },
				"north": { "uv": [ 7, 3, 9, 3.5 ], "texture": "#texture" },
				"south": { "uv": [ 7, 3, 9, 3.5 ], "texture": "#texture" },
				"west": { "uv": [ 7.5, 3, 8.4, 3.5 ], "texture": "#texture" },
				"east": { "uv": [ 7.6, 3, 8.5, 3.5 ], "texture": "#texture" }
			}
		},
		{
			"__comment": "Shield74",
			"from": [ 7, 13, 7.5 ],
			"to": [ 9, 13.5, 8.5 ],
			"faces": {
				"down": { "uv": [ 7, 7.5, 9, 8.5 ], "texture": "#texture" },
				"up": { "uv": [ 7, 7.5, 9, 8.5 ], "texture": "#texture" },
				"north": { "uv": [ 7, 2.5, 9, 3 ], "texture": "#texture" },
				"south": { "uv": [ 7, 2.5, 9, 3 ], "texture": "#texture" },
				"west": { "uv": [ 7.5, 2.5, 8.5, 3 ], "texture": "#texture" },
				"east": { "uv": [ 7.5, 2.5, 8.5, 3 ], "texture": "#texture" }
			}
		},
		{
			"__comment": "Shield75",
			"from": [ 7, 13.5, 7.5 ],
			"to": [ 9, 14, 8.6 ],
			"faces": {
				"down": { "uv": [ 7, 7.4, 9, 8.5 ], "texture": "#texture" },
				"up": { "uv": [ 7, 7.5, 9, 8.6 ], "texture": "#texture" },
				"north": { "uv": [ 7, 2, 9, 2.5 ], "texture": "#texture" },
				"south": { "uv": [ 7, 2, 9, 2.5 ], "texture": "#texture" },
				"west": { "uv": [ 7.5, 2, 8.6, 2.5 ], "texture": "#texture" },
				"east": { "uv": [ 7.4, 2, 8.5, 2.5 ], "texture": "#texture" }
			}
		},
		{
			"__comment": "Shield76",
			"from": [ 7, 14, 7.5 ],
			"to": [ 9, 14.5, 8.7 ],
			"faces": {
				"down": { "uv": [ 7, 7.3, 9, 8.5 ], "texture": "#texture" },
				"up": { "uv": [ 7, 7.5, 9, 8.7 ], "texture": "#texture" },
				"north": { "uv": [ 7, 1.5, 9, 2 ], "texture": "#texture" },
				"south": { "uv": [ 7, 1.5, 9, 2 ], "texture": "#texture" },
				"west": { "uv": [ 7.5, 1.5, 8.7, 2 ], "texture": "#texture" },
				"east": { "uv": [ 7.3, 1.5, 8.5, 2 ], "texture": "#texture" }
			}
		},
		{
			"__comment": "Shield77",
			"from": [ 7, 14.5, 7.5 ],
			"to": [ 9, 15, 8.8 ],
			"faces": {
				"down": { "uv": [ 7, 7.2, 9, 8.5 ], "texture": "#texture" },
				"up": { "uv": [ 7, 7.5, 9, 8.8 ], "texture": "#texture" },
				"north": { "uv": [ 7, 1, 9, 1.5 ], "texture": "#texture" },
				"south": { "uv": [ 7, 1, 9, 1.5 ], "texture": "#texture" },
				"west": { "uv": [ 7.5, 1, 8.8, 1.5 ], "texture": "#texture" },
				"east": { "uv": [ 7.2, 1, 8.5, 1.5 ], "texture": "#texture" }
			}
		},
		{
			"__comment": "Shield78",
			"from": [ 7, 15, 7.5 ],
			"to": [ 9, 15.5, 8.9 ],
			"faces": {
				"down": { "uv": [ 7, 7.1, 9, 8.5 ], "texture": "#texture" },
				"up": { "uv": [ 7, 7.5, 9, 8.9 ], "texture": "#texture" },
				"north": { "uv": [ 7, 0.5, 9, 1 ], "texture": "#texture" },
				"south": { "uv": [ 7, 0.5, 9, 1 ], "texture": "#texture" },
				"west": { "uv": [ 7.5, 0.5, 8.9, 1 ], "texture": "#texture" },
				"east": { "uv": [ 7.1, 0.5, 8.5, 1 ], "texture": "#texture" }
			}
		},
		{
			"__comment": "Shield79",
			"from": [ 7.5, 15.5, 7.5 ],
			"to": [ 8.5, 16, 9 ],
			"faces": {
				"down": { "uv": [ 7.5, 0, 8.5, 0.5 ], "texture": "#texture" },
				"up": { "uv": [ 7.5, 0, 8.5, 0.5 ], "texture": "#texture" },
				"north": { "uv": [ 7.5, 0, 8.5, 0.5 ], "texture": "#texture" },
				"south": { "uv": [ 7.5, 0, 8.5, 0.5 ], "texture": "#texture" },
				"west": { "uv": [ 7.5, 0, 8.5, 0.5 ], "texture": "#texture" },
				"east": { "uv": [ 7.5, 0, 8.5, 0.5 ], "texture": "#texture" }
			}
		},
		{
			"__comment": "Shield80",
			"from": [ 3, 7.5, 6.5 ],
			"to": [ 13, 14.5, 7 ],
			"faces": {
				"down": { "uv": [ 3, 8, 13, 8.5 ], "texture": "#crusade_shield_back" },
				"up": { "uv": [ 3, 2, 13, 1.5 ], "texture": "#crusade_shield_back" },
				"north": { "uv": [ 13, 1.5, 3, 8.5 ], "texture": "#crusade_shield_back" },
				"south": { "uv": [ 3, 1.5, 13, 8.5 ], "texture": "#crusade_shield_back" },
				"west": { "uv": [ 3, 1.5, 3.5, 8.5 ], "texture": "#crusade_shield_back" },
				"east": { "uv": [ 13, 8.5, 12.5, 1.5 ], "texture": "#crusade_shield_back", "rotation": 180 }
			}
		},
		{
			"__comment": "Shield81",
			"from": [ 3.5, 6, 6.5 ],
			"to": [ 12.5, 7.5, 7 ],
			"faces": {
				"down": { "uv": [ 3.5, 9.5, 12.5, 10 ], "texture": "#crusade_shield_back" },
				"up": { "uv": [ 3.5, 9, 12.5, 8.5 ], "texture": "#crusade_shield_back" },
				"north": { "uv": [ 12.5, 8.5, 3.5, 10 ], "texture": "#crusade_shield_back" },
				"south": { "uv": [ 3.5, 8.5, 12.5, 10 ], "texture": "#crusade_shield_back" },
				"west": { "uv": [ 3.5, 8.5, 4, 10 ], "texture": "#crusade_shield_back" },
				"east": { "uv": [ 12.5, 10, 12, 8.5 ], "texture": "#crusade_shield_back", "rotation": 180 }
			}
		},
		{
			"__comment": "Shield82",
			"from": [ 4, 4.5, 6.5 ],
			"to": [ 12, 6, 7 ],
			"faces": {
				"down": { "uv": [ 4, 11, 12, 11.5 ], "texture": "#crusade_shield_back" },
				"up": { "uv": [ 4, 10.5, 12, 10 ], "texture": "#crusade_shield_back" },
				"north": { "uv": [ 12, 10, 4, 11.5 ], "texture": "#crusade_shield_back" },
				"south": { "uv": [ 4, 10, 12, 11.5 ], "texture": "#crusade_shield_back" },
				"west": { "uv": [ 4, 10, 4.5, 11.5 ], "texture": "#crusade_shield_back" },
				"east": { "uv": [ 12, 11.5, 11.5, 10 ], "texture": "#crusade_shield_back", "rotation": 180 }
			}
		},
		{
			"__comment": "Shield83",
			"from": [ 4.5, 4, 6.5 ],
			"to": [ 11.5, 15, 7 ],
			"faces": {
				"down": { "uv": [ 4.5, 11.5, 11.5, 12 ], "texture": "#crusade_shield_back" },
				"up": { "uv": [ 4.5, 1.5, 11.5, 1 ], "texture": "#crusade_shield_back" },
				"north": { "uv": [ 11.5, 1, 4.5, 12 ], "texture": "#crusade_shield_back" },
				"south": { "uv": [ 4.5, 1, 11.5, 12 ], "texture": "#crusade_shield_back" },
				"west": { "uv": [ 4.5, 1, 5, 12 ], "texture": "#crusade_shield_back" },
				"east": { "uv": [ 11.5, 12, 11, 1 ], "texture": "#crusade_shield_back", "rotation": 180 }
			}
		},
		{
			"__comment": "Shield84",
			"from": [ 4.5, 3.5, 6.5 ],
			"to": [ 11, 4, 7 ],
			"faces": {
				"down": { "uv": [ 4.5, 12, 11, 12.5 ], "texture": "#crusade_shield_back" },
				"up": { "uv": [ 4.5, 12.5, 11, 12 ], "texture": "#crusade_shield_back" },
				"north": { "uv": [ 11, 12, 4.5, 12.5 ], "texture": "#crusade_shield_back" },
				"south": { "uv": [ 4.5, 12, 11, 12.5 ], "texture": "#crusade_shield_back" },
				"west": { "uv": [ 4.5, 12, 5, 12.5 ], "texture": "#crusade_shield_back" },
				"east": { "uv": [ 11, 12.5, 10.5, 12 ], "texture": "#crusade_shield_back", "rotation": 180 }
			}
		},
		{
			"__comment": "Shield85",
			"from": [ 5, 3, 6.5 ],
			"to": [ 11, 3.5, 7 ],
			"faces": {
				"down": { "uv": [ 5, 12.5, 11, 13 ], "texture": "#crusade_shield_back" },
				"up": { "uv": [ 5, 13, 11, 12.5 ], "texture": "#crusade_shield_back" },
				"north": { "uv": [ 11, 12.5, 5, 13 ], "texture": "#crusade_shield_back" },
				"south": { "uv": [ 5, 12.5, 11, 13 ], "texture": "#crusade_shield_back" },
				"west": { "uv": [ 5, 12.5, 5.5, 13 ], "texture": "#crusade_shield_back" },
				"east": { "uv": [ 11, 13, 10.5, 12.5 ], "texture": "#crusade_shield_back", "rotation": 180 }
			}
		},
		{
			"__comment": "Shield86",
			"from": [ 5.5, 2.5, 6.5 ],
			"to": [ 10.5, 3, 7 ],
			"faces": {
				"down": { "uv": [ 5.5, 13, 10.5, 13.5 ], "texture": "#crusade_shield_back" },
				"up": { "uv": [ 5.5, 13.5, 10.5, 13 ], "texture": "#crusade_shield_back" },
				"north": { "uv": [ 10.5, 13, 5.5, 13.5 ], "texture": "#crusade_shield_back" },
				"south": { "uv": [ 5.5, 13, 10.5, 13.5 ], "texture": "#crusade_shield_back" },
				"west": { "uv": [ 5.5, 13, 6, 13.5 ], "texture": "#crusade_shield_back" },
				"east": { "uv": [ 10.5, 13.5, 10, 13 ], "texture": "#crusade_shield_back", "rotation": 180 }
			}
		},
		{
			"__comment": "Shield87",
			"from": [ 6, 2, 6.5 ],
			"to": [ 10, 15.5, 7 ],
			"faces": {
				"down": { "uv": [ 6, 13.5, 10, 14 ], "texture": "#crusade_shield_back" },
				"up": { "uv": [ 6, 1, 10, 0.5 ], "texture": "#crusade_shield_back" },
				"north": { "uv": [ 10, 0.5, 6, 14 ], "texture": "#crusade_shield_back" },
				"south": { "uv": [ 6, 0.5, 10, 14 ], "texture": "#crusade_shield_back" },
				"west": { "uv": [ 6, 0.5, 6.5, 14 ], "texture": "#crusade_shield_back" },
				"east": { "uv": [ 10, 14, 9.5, 0.5 ], "texture": "#crusade_shield_back", "rotation": 180 }
			}
		},
		{
			"__comment": "Shield88",
			"from": [ 6.5, 1.5, 6.5 ],
			"to": [ 9.5, 2, 7 ],
			"faces": {
				"down": { "uv": [ 6.5, 14, 9.5, 14.5 ], "texture": "#crusade_shield_back" },
				"up": { "uv": [ 6.5, 14.5, 9.5, 14 ], "texture": "#crusade_shield_back" },
				"north": { "uv": [ 9.5, 14, 6.5, 14.5 ], "texture": "#crusade_shield_back" },
				"south": { "uv": [ 6.5, 14, 9.5, 14.5 ], "texture": "#crusade_shield_back" },
				"west": { "uv": [ 6.5, 14, 7, 14.5 ], "texture": "#crusade_shield_back" },
				"east": { "uv": [ 9.5, 14.5, 9, 14 ], "texture": "#crusade_shield_back", "rotation": 180 }
			}
		},
		{
			"__comment": "Shield89",
			"from": [ 7, 1, 6.5 ],
			"to": [ 9, 1.5, 7 ],
			"faces": {
				"down": { "uv": [ 7, 14.5, 9, 15 ], "texture": "#crusade_shield_back" },
				"up": { "uv": [ 7, 15, 9, 14.5 ], "texture": "#crusade_shield_back" },
				"north": { "uv": [ 9, 14.5, 7, 15 ], "texture": "#crusade_shield_back" },
				"south": { "uv": [ 7, 14.5, 9, 15 ], "texture": "#crusade_shield_back" },
				"west": { "uv": [ 7, 14.5, 7.5, 15 ], "texture": "#crusade_shield_back" },
				"east": { "uv": [ 9, 15, 8.5, 14.5 ], "texture": "#crusade_shield_back", "rotation": 180 }
			}
		},
		{
			"__comment": "Shield90",
			"from": [ 7.5, 0.5, 6.5 ],
			"to": [ 8.5, 16, 7 ],
			"faces": {
				"down": { "uv": [ 7.5, 15, 8.5, 15.5 ], "texture": "#crusade_shield_back" },
				"up": { "uv": [ 7.5, 0.5, 8.5, 0 ], "texture": "#crusade_shield_back" },
				"north": { "uv": [ 8.5, 0, 7.5, 15.5 ], "texture": "#crusade_shield_back" },
				"south": { "uv": [ 7.5, 0, 8.5, 15.5 ], "texture": "#crusade_shield_back" },
				"west": { "uv": [ 7.5, 0, 8, 15.5 ], "texture": "#crusade_shield_back" },
				"east": { "uv": [ 8.5, 15.5, 8, 0 ], "texture": "#crusade_shield_back", "rotation": 180 }
			}
		},
		{
			"__comment": "Shield91",
			"from": [ 6, 9, 4.5 ],
			"to": [ 10, 10, 5 ],
			"faces": {
				"down": { "uv": [ 7.5, 6, 8.5, 7 ], "texture": "#crusade_shield_back" },
				"up": { "uv": [ 7.5, 6, 8.5, 7 ], "texture": "#crusade_shield_back" },
				"north": { "uv": [ 7.5, 6, 8.5, 7 ], "texture": "#crusade_shield_back" },
				"south": { "uv": [ 7.5, 6, 8.5, 7 ], "texture": "#crusade_shield_back" },
				"west": { "uv": [ 7.5, 6, 8.5, 7 ], "texture": "#crusade_shield_back" },
				"east": { "uv": [ 7.5, 6, 8.5, 7 ], "texture": "#crusade_shield_back" }
			}
		},
		{
			"__comment": "Shield92",
			"from": [ 10, 9, 5 ],
			"to": [ 10.5, 10, 6.5 ],
			"faces": {
				"down": { "uv": [ 7.5, 6, 8.5, 7 ], "texture": "#crusade_shield_back" },
				"up": { "uv": [ 7.5, 6, 8.5, 7 ], "texture": "#crusade_shield_back" },
				"north": { "uv": [ 7.5, 6, 8.5, 7 ], "texture": "#crusade_shield_back" },
				"south": { "uv": [ 7.5, 6, 8.5, 7 ], "texture": "#crusade_shield_back" },
				"west": { "uv": [ 7.5, 6, 8.5, 7 ], "texture": "#crusade_shield_back" },
				"east": { "uv": [ 7.5, 6, 8.5, 7 ], "texture": "#crusade_shield_back" }
			}
		},
		{
			"__comment": "Shield93",
			"from": [ 5.5, 9, 5 ],
			"to": [ 6, 10, 6.5 ],
			"faces": {
				"down": { "uv": [ 7.5, 6, 8.5, 7 ], "texture": "#crusade_shield_back" },
				"up": { "uv": [ 7.5, 6, 8.5, 7 ], "texture": "#crusade_shield_back" },
				"north": { "uv": [ 7.5, 6, 8.5, 7 ], "texture": "#crusade_shield_back" },
				"south": { "uv": [ 7.5, 6, 8.5, 7 ], "texture": "#crusade_shield_back" },
				"west": { "uv": [ 7.5, 6, 8.5, 7 ], "texture": "#crusade_shield_back" },
				"east": { "uv": [ 7.5, 6, 8.5, 7 ], "texture": "#crusade_shield_back" }
			}
		},
		{
			"__comment": "Shield94",
			"from": [ 6, 9, 6 ],
			"to": [ 10, 10, 6.5 ],
			"faces": {
				"down": { "uv": [ 6, 5, 10, 6 ], "texture": "#crusade_shield_back" },
				"up": { "uv": [ 6, 5, 10, 6 ], "texture": "#crusade_shield_back" },
				"north": { "uv": [ 6, 5, 10, 6 ], "texture": "#crusade_shield_back" },
				"south": { "uv": [ 6, 5, 10, 6 ], "texture": "#crusade_shield_back" },
				"west": { "uv": [ 6, 5, 10, 6 ], "texture": "#crusade_shield_back" },
				"east": { "uv": [ 6, 5, 10, 6 ], "texture": "#crusade_shield_back" }
			}
		},
		{
			"__comment": "Shield95",
			"from": [ 8.5, 15, 6 ],
			"to": [ 10, 15.5, 6.5 ],
			"faces": {
				"down": { "uv": [ 9, 9.5, 10, 10 ], "texture": "#crusade_shield_back" },
				"up": { "uv": [ 6, 0.5, 7, 1 ], "texture": "#crusade_shield_back" },
				"north": { "uv": [ 6, 0.5, 7, 1 ], "texture": "#crusade_shield_back" },
				"south": { "uv": [ 6, 0.5, 7, 1 ], "texture": "#crusade_shield_back" },
				"west": { "uv": [ 6, 0.5, 7, 1 ], "texture": "#crusade_shield_back" },
				"east": { "uv": [ 6, 0.5, 7, 1 ], "texture": "#crusade_shield_back" }
			}
		},
		{
			"__comment": "Shield96",
			"from": [ 6, 15, 6 ],
			"to": [ 7.5, 15.5, 6.5 ],
			"faces": {
				"down": { "uv": [ 9, 9.5, 10, 10 ], "texture": "#crusade_shield_back" },
				"up": { "uv": [ 6, 0.5, 7, 1 ], "texture": "#crusade_shield_back" },
				"north": { "uv": [ 6, 0.5, 7, 1 ], "texture": "#crusade_shield_back" },
				"south": { "uv": [ 6, 0.5, 7, 1 ], "texture": "#crusade_shield_back" },
				"west": { "uv": [ 6, 0.5, 7, 1 ], "texture": "#crusade_shield_back" },
				"east": { "uv": [ 6, 0.5, 7, 1 ], "texture": "#crusade_shield_back" }
			}
		},
		{
			"__comment": "Shield97",
			"from": [ 4.5, 14.5, 6 ],
			"to": [ 6, 15, 6.5 ],
			"faces": {
				"down": { "uv": [ 4.5, 1, 6, 1.5 ], "texture": "#crusade_shield_back" },
				"up": { "uv": [ 4.5, 1, 6, 1.5 ], "texture": "#crusade_shield_back" },
				"north": { "uv": [ 4.5, 1, 6, 1.5 ], "texture": "#crusade_shield_back" },
				"south": { "uv": [ 4.5, 1, 6, 1.5 ], "texture": "#crusade_shield_back" },
				"west": { "uv": [ 4.5, 1, 6, 1.5 ], "texture": "#crusade_shield_back" },
				"east": { "uv": [ 9.5, 1, 10, 1.5 ], "texture": "#crusade_shield_back" }
			}
		},
		{
			"__comment": "Shield98",
			"from": [ 7.5, 15.5, 6 ],
			"to": [ 8.5, 16, 6.5 ],
			"faces": {
				"down": { "uv": [ 7.5, 0, 8.5, 0.5 ], "texture": "#crusade_shield_back" },
				"up": { "uv": [ 7.5, 0, 8.5, 0.5 ], "texture": "#crusade_shield_back" },
				"north": { "uv": [ 7.5, 0, 8.5, 0.5 ], "texture": "#crusade_shield_back" },
				"south": { "uv": [ 7.5, 0, 8.5, 0.5 ], "texture": "#crusade_shield_back" },
				"west": { "uv": [ 7.5, 0, 8.5, 0.5 ], "texture": "#crusade_shield_back" },
				"east": { "uv": [ 7.5, 0, 8.5, 0.5 ], "texture": "#crusade_shield_back" }
			}
		},
		{
			"__comment": "Shield99",
			"from": [ 10, 14.5, 6 ],
			"to": [ 11.5, 15, 6.5 ],
			"faces": {
				"down": { "uv": [ 4.5, 1, 6, 1.5 ], "texture": "#crusade_shield_back" },
				"up": { "uv": [ 4.5, 1, 6, 1.5 ], "texture": "#crusade_shield_back" },
				"north": { "uv": [ 4.5, 1, 6, 1.5 ], "texture": "#crusade_shield_back" },
				"south": { "uv": [ 4.5, 1, 6, 1.5 ], "texture": "#crusade_shield_back" },
				"west": { "uv": [ 4.5, 1, 6, 1.5 ], "texture": "#crusade_shield_back" },
				"east": { "uv": [ 9.5, 1, 10, 1.5 ], "texture": "#crusade_shield_back" }
			}
		},
		{
			"__comment": "Shield100",
			"from": [ 11.5, 14, 6 ],
			"to": [ 13, 14.5, 6.6 ],
			"faces": {
				"down": { "uv": [ 3, 1.5, 4.5, 2 ], "texture": "#crusade_shield_back" },
				"up": { "uv": [ 3, 1.5, 4.5, 2 ], "texture": "#crusade_shield_back" },
				"north": { "uv": [ 3, 1.5, 4.5, 2 ], "texture": "#crusade_shield_back" },
				"south": { "uv": [ 3, 1.5, 4.5, 2 ], "texture": "#crusade_shield_back" },
				"west": { "uv": [ 3, 1.5, 4.5, 2 ], "texture": "#crusade_shield_back" },
				"east": { "uv": [ 3, 1.5, 4.5, 2 ], "texture": "#crusade_shield_back" }
			}
		},
		{
			"__comment": "Shield101",
			"from": [ 12.5, 7.5, 6 ],
			"to": [ 13, 14, 6.5 ],
			"faces": {
				"down": { "uv": [ 12.5, 7.5, 13, 8 ], "texture": "#crusade_shield_back" },
				"up": { "uv": [ 3, 2, 3.5, 8.5 ], "texture": "#crusade_shield_back" },
				"north": { "uv": [ 3, 2, 3.5, 8.5 ], "texture": "#crusade_shield_back" },
				"south": { "uv": [ 3, 2, 3.5, 8.5 ], "texture": "#crusade_shield_back" },
				"west": { "uv": [ 3, 2, 3.5, 8.5 ], "texture": "#crusade_shield_back" },
				"east": { "uv": [ 3, 2, 3.5, 8.5 ], "texture": "#crusade_shield_back" }
			}
		},
		{
			"__comment": "Shield102",
			"from": [ 3, 7.5, 6 ],
			"to": [ 3.5, 14, 6.5 ],
			"faces": {
				"down": { "uv": [ 3, 2, 3.5, 8.5 ], "texture": "#crusade_shield_back" },
				"up": { "uv": [ 3, 2, 3.5, 8.5 ], "texture": "#crusade_shield_back" },
				"north": { "uv": [ 3, 2, 3.5, 8.5 ], "texture": "#crusade_shield_back" },
				"south": { "uv": [ 3, 2, 3.5, 8.5 ], "texture": "#crusade_shield_back" },
				"west": { "uv": [ 3, 2, 3.5, 8.5 ], "texture": "#crusade_shield_back" },
				"east": { "uv": [ 3, 2, 3.5, 8.5 ], "texture": "#crusade_shield_back" }
			}
		},
		{
			"__comment": "Shield103",
			"from": [ 3, 14, 6 ],
			"to": [ 4.5, 14.5, 6.5 ],
			"faces": {
				"down": { "uv": [ 3, 1.5, 4.5, 2 ], "texture": "#crusade_shield_back" },
				"up": { "uv": [ 3, 1.5, 4.5, 2 ], "texture": "#crusade_shield_back" },
				"north": { "uv": [ 3, 1.5, 4.5, 2 ], "texture": "#crusade_shield_back" },
				"south": { "uv": [ 3, 1.5, 4.5, 2 ], "texture": "#crusade_shield_back" },
				"west": { "uv": [ 3, 1.5, 4.5, 2 ], "texture": "#crusade_shield_back" },
				"east": { "uv": [ 3, 1.5, 4.5, 2 ], "texture": "#crusade_shield_back" }
			}
		},
		{
			"__comment": "Shield104",
			"from": [ 12, 6, 6 ],
			"to": [ 12.5, 7.5, 6.5 ],
			"faces": {
				"down": { "uv": [ 3.5, 8.5, 4, 10 ], "texture": "#crusade_shield_back" },
				"up": { "uv": [ 3.5, 8.5, 4, 10 ], "texture": "#crusade_shield_back" },
				"north": { "uv": [ 3.5, 8.5, 4, 10 ], "texture": "#crusade_shield_back" },
				"south": { "uv": [ 3.5, 8.5, 4, 10 ], "texture": "#crusade_shield_back" },
				"west": { "uv": [ 3.5, 8.5, 4, 10 ], "texture": "#crusade_shield_back" },
				"east": { "uv": [ 3.5, 8.5, 4, 10 ], "texture": "#crusade_shield_back" }
			}
		},
		{
			"__comment": "Shield105",
			"from": [ 3.5, 6, 6 ],
			"to": [ 4, 7.5, 6.5 ],
			"faces": {
				"down": { "uv": [ 3.5, 8.5, 4, 10 ], "texture": "#crusade_shield_back" },
				"up": { "uv": [ 3.5, 8.5, 4, 10 ], "texture": "#crusade_shield_back" },
				"north": { "uv": [ 3.5, 8.5, 4, 10 ], "texture": "#crusade_shield_back" },
				"south": { "uv": [ 3.5, 8.5, 4, 10 ], "texture": "#crusade_shield_back" },
				"west": { "uv": [ 3.5, 8.5, 4, 10 ], "texture": "#crusade_shield_back" },
				"east": { "uv": [ 3.5, 8.5, 4, 10 ], "texture": "#crusade_shield_back" }
			}
		},
		{
			"__comment": "Shield106",
			"from": [ 11.5, 4.5, 6 ],
			"to": [ 12, 6, 6.5 ],
			"faces": {
				"down": { "uv": [ 4, 10, 4.5, 11.5 ], "texture": "#crusade_shield_back" },
				"up": { "uv": [ 4, 10, 4.5, 11.5 ], "texture": "#crusade_shield_back" },
				"north": { "uv": [ 4, 10, 4.5, 11.5 ], "texture": "#crusade_shield_back" },
				"south": { "uv": [ 4, 10, 4.5, 11.5 ], "texture": "#crusade_shield_back" },
				"west": { "uv": [ 4, 10, 4.5, 11.5 ], "texture": "#crusade_shield_back" },
				"east": { "uv": [ 4, 10, 4.5, 11.5 ], "texture": "#crusade_shield_back" }
			}
		},
		{
			"__comment": "Shield107",
			"from": [ 10.5, 3, 6 ],
			"to": [ 11, 4, 6.5 ],
			"faces": {
				"down": { "uv": [ 10.5, 12, 11, 13 ], "texture": "#crusade_shield_back" },
				"up": { "uv": [ 10.5, 12, 11, 13 ], "texture": "#crusade_shield_back" },
				"north": { "uv": [ 10.5, 12, 11, 13 ], "texture": "#crusade_shield_back" },
				"south": { "uv": [ 10.5, 12, 11, 13 ], "texture": "#crusade_shield_back" },
				"west": { "uv": [ 10.5, 12, 11, 13 ], "texture": "#crusade_shield_back" },
				"east": { "uv": [ 10.5, 12, 11, 13 ], "texture": "#crusade_shield_back" }
			}
		},
		{
			"__comment": "Shield108",
			"from": [ 11, 4, 6 ],
			"to": [ 11.5, 4.5, 6.5 ],
			"faces": {
				"down": { "uv": [ 11, 9.5, 11.5, 10 ], "texture": "#crusade_shield_back" },
				"up": { "uv": [ 5, 12.5, 5.5, 13 ], "texture": "#crusade_shield_back" },
				"north": { "uv": [ 5, 12.5, 5.5, 13 ], "texture": "#crusade_shield_back" },
				"south": { "uv": [ 5, 12.5, 5.5, 13 ], "texture": "#crusade_shield_back" },
				"west": { "uv": [ 5, 12.5, 5.5, 13 ], "texture": "#crusade_shield_back" },
				"east": { "uv": [ 5, 12.5, 5.5, 13 ], "texture": "#crusade_shield_back" }
			}
		},
		{
			"__comment": "Shield109",
			"from": [ 4, 4.5, 6 ],
			"to": [ 4.5, 6, 6.5 ],
			"faces": {
				"down": { "uv": [ 3.5, 8.5, 4, 10 ], "texture": "#crusade_shield_back" },
				"up": { "uv": [ 3.5, 8.5, 4, 10 ], "texture": "#crusade_shield_back" },
				"north": { "uv": [ 3.5, 8.5, 4, 10 ], "texture": "#crusade_shield_back" },
				"south": { "uv": [ 3.5, 8.5, 4, 10 ], "texture": "#crusade_shield_back" },
				"west": { "uv": [ 3.5, 8.5, 4, 10 ], "texture": "#crusade_shield_back" },
				"east": { "uv": [ 3.5, 8.5, 4, 10 ], "texture": "#crusade_shield_back" }
			}
		},
		{
			"__comment": "Shield110",
			"from": [ 4.5, 3.5, 6 ],
			"to": [ 5, 4.5, 6.5 ],
			"faces": {
				"down": { "uv": [ 3.5, 8.5, 4, 10 ], "texture": "#crusade_shield_back" },
				"up": { "uv": [ 3.5, 8.5, 4, 10 ], "texture": "#crusade_shield_back" },
				"north": { "uv": [ 3.5, 8.5, 4, 10 ], "texture": "#crusade_shield_back" },
				"south": { "uv": [ 3.5, 8.5, 4, 10 ], "texture": "#crusade_shield_back" },
				"west": { "uv": [ 3.5, 8.5, 4, 10 ], "texture": "#crusade_shield_back" },
				"east": { "uv": [ 3.5, 8.5, 4, 10 ], "texture": "#crusade_shield_back" }
			}
		},
		{
			"__comment": "Shield111",
			"from": [ 5, 3, 6 ],
			"to": [ 5.5, 3.5, 6.5 ],
			"faces": {
				"down": { "uv": [ 3.5, 8.5, 4, 10 ], "texture": "#crusade_shield_back" },
				"up": { "uv": [ 3.5, 8.5, 4, 10 ], "texture": "#crusade_shield_back" },
				"north": { "uv": [ 3.5, 8.5, 4, 10 ], "texture": "#crusade_shield_back" },
				"south": { "uv": [ 3.5, 8.5, 4, 10 ], "texture": "#crusade_shield_back" },
				"west": { "uv": [ 3.5, 8.5, 4, 10 ], "texture": "#crusade_shield_back" },
				"east": { "uv": [ 3.5, 8.5, 4, 10 ], "texture": "#crusade_shield_back" }
			}
		},
		{
			"__comment": "Shield112",
			"from": [ 5.5, 2.5, 6 ],
			"to": [ 6, 3, 6.5 ],
			"faces": {
				"down": { "uv": [ 3.5, 8.5, 4, 10 ], "texture": "#crusade_shield_back" },
				"up": { "uv": [ 3.5, 8.5, 4, 10 ], "texture": "#crusade_shield_back" },
				"north": { "uv": [ 3.5, 8.5, 4, 10 ], "texture": "#crusade_shield_back" },
				"south": { "uv": [ 3.5, 8.5, 4, 10 ], "texture": "#crusade_shield_back" },
				"west": { "uv": [ 3.5, 8.5, 4, 10 ], "texture": "#crusade_shield_back" },
				"east": { "uv": [ 3.5, 8.5, 4, 10 ], "texture": "#crusade_shield_back" }
			}
		},
		{
			"__comment": "Shield113",
			"from": [ 6, 2, 6 ],
			"to": [ 6.5, 2.5, 6.5 ],
			"faces": {
				"down": { "uv": [ 3.5, 8.5, 4, 10 ], "texture": "#crusade_shield_back" },
				"up": { "uv": [ 3.5, 8.5, 4, 10 ], "texture": "#crusade_shield_back" },
				"north": { "uv": [ 3.5, 8.5, 4, 10 ], "texture": "#crusade_shield_back" },
				"south": { "uv": [ 3.5, 8.5, 4, 10 ], "texture": "#crusade_shield_back" },
				"west": { "uv": [ 3.5, 8.5, 4, 10 ], "texture": "#crusade_shield_back" },
				"east": { "uv": [ 3.5, 8.5, 4, 10 ], "texture": "#crusade_shield_back" }
			}
		},
		{
			"__comment": "Shield114",
			"from": [ 6.5, 1.5, 6 ],
			"to": [ 7, 2, 6.5 ],
			"faces": {
				"down": { "uv": [ 3.5, 8.5, 4, 10 ], "texture": "#crusade_shield_back" },
				"up": { "uv": [ 3.5, 8.5, 4, 10 ], "texture": "#crusade_shield_back" },
				"north": { "uv": [ 3.5, 8.5, 4, 10 ], "texture": "#crusade_shield_back" },
				"south": { "uv": [ 3.5, 8.5, 4, 10 ], "texture": "#crusade_shield_back" },
				"west": { "uv": [ 3.5, 8.5, 4, 10 ], "texture": "#crusade_shield_back" },
				"east": { "uv": [ 3.5, 8.5, 4, 10 ], "texture": "#crusade_shield_back" }
			}
		},
		{
			"__comment": "Shield115",
			"from": [ 7, 1, 6 ],
			"to": [ 7.5, 1.5, 6.5 ],
			"faces": {
				"down": { "uv": [ 3.5, 8.5, 4, 10 ], "texture": "#crusade_shield_back" },
				"up": { "uv": [ 3.5, 8.5, 4, 10 ], "texture": "#crusade_shield_back" },
				"north": { "uv": [ 3.5, 8.5, 4, 10 ], "texture": "#crusade_shield_back" },
				"south": { "uv": [ 3.5, 8.5, 4, 10 ], "texture": "#crusade_shield_back" },
				"west": { "uv": [ 3.5, 8.5, 4, 10 ], "texture": "#crusade_shield_back" },
				"east": { "uv": [ 3.5, 8.5, 4, 10 ], "texture": "#crusade_shield_back" }
			}
		},
		{
			"__comment": "Shield116",
			"from": [ 7.5, 0.5, 6 ],
			"to": [ 8.5, 1, 6.5 ],
			"faces": {
				"down": { "uv": [ 3.5, 8.5, 4, 10 ], "texture": "#crusade_shield_back" },
				"up": { "uv": [ 3.5, 8.5, 4, 10 ], "texture": "#crusade_shield_back" },
				"north": { "uv": [ 3.5, 8.5, 4, 10 ], "texture": "#crusade_shield_back" },
				"south": { "uv": [ 3.5, 8.5, 4, 10 ], "texture": "#crusade_shield_back" },
				"west": { "uv": [ 3.5, 8.5, 4, 10 ], "texture": "#crusade_shield_back" },
				"east": { "uv": [ 3.5, 8.5, 4, 10 ], "texture": "#crusade_shield_back" }
			}
		},
		{
			"__comment": "Shield117",
			"from": [ 8.5, 1, 6 ],
			"to": [ 9, 1.5, 6.5 ],
			"faces": {
				"down": { "uv": [ 3.5, 8.5, 4, 10 ], "texture": "#crusade_shield_back" },
				"up": { "uv": [ 3.5, 8.5, 4, 10 ], "texture": "#crusade_shield_back" },
				"north": { "uv": [ 3.5, 8.5, 4, 10 ], "texture": "#crusade_shield_back" },
				"south": { "uv": [ 3.5, 8.5, 4, 10 ], "texture": "#crusade_shield_back" },
				"west": { "uv": [ 3.5, 8.5, 4, 10 ], "texture": "#crusade_shield_back" },
				"east": { "uv": [ 3.5, 8.5, 4, 10 ], "texture": "#crusade_shield_back" }
			}
		},
		{
			"__comment": "Shield118",
			"from": [ 9, 1.5, 6 ],
			"to": [ 9.5, 2, 6.5 ],
			"faces": {
				"down": { "uv": [ 3.5, 8.5, 4, 10 ], "texture": "#crusade_shield_back" },
				"up": { "uv": [ 3.5, 8.5, 4, 10 ], "texture": "#crusade_shield_back" },
				"north": { "uv": [ 3.5, 8.5, 4, 10 ], "texture": "#crusade_shield_back" },
				"south": { "uv": [ 3.5, 8.5, 4, 10 ], "texture": "#crusade_shield_back" },
				"west": { "uv": [ 3.5, 8.5, 4, 10 ], "texture": "#crusade_shield_back" },
				"east": { "uv": [ 3.5, 8.5, 4, 10 ], "texture": "#crusade_shield_back" }
			}
		},
		{
			"__comment": "Shield119",
			"from": [ 9.5, 2, 6 ],
			"to": [ 10, 2.5, 6.5 ],
			"faces": {
				"down": { "uv": [ 3.5, 8.5, 4, 10 ], "texture": "#crusade_shield_back" },
				"up": { "uv": [ 3.5, 8.5, 4, 10 ], "texture": "#crusade_shield_back" },
				"north": { "uv": [ 3.5, 8.5, 4, 10 ], "texture": "#crusade_shield_back" },
				"south": { "uv": [ 3.5, 8.5, 4, 10 ], "texture": "#crusade_shield_back" },
				"west": { "uv": [ 3.5, 8.5, 4, 10 ], "texture": "#crusade_shield_back" },
				"east": { "uv": [ 3.5, 8.5, 4, 10 ], "texture": "#crusade_shield_back" }
			}
		},
		{
			"__comment": "Shield120",
			"from": [ 10, 2.5, 6 ],
			"to": [ 10.5, 3, 6.5 ],
			"faces": {
				"down": { "uv": [ 3.5, 8.5, 4, 10 ], "texture": "#crusade_shield_back" },
				"up": { "uv": [ 3.5, 8.5, 4, 10 ], "texture": "#crusade_shield_back" },
				"north": { "uv": [ 3.5, 8.5, 4, 10 ], "texture": "#crusade_shield_back" },
				"south": { "uv": [ 3.5, 8.5, 4, 10 ], "texture": "#crusade_shield_back" },
				"west": { "uv": [ 3.5, 8.5, 4, 10 ], "texture": "#crusade_shield_back" },
				"east": { "uv": [ 3.5, 8.5, 4, 10 ], "texture": "#crusade_shield_back" }
			}
		},
		{
			"__comment": "Shield121",
			"from": [ 9, 2, 5.5 ],
			"to": [ 9.5, 2.5, 6.5 ],
			"faces": {
				"down": { "uv": [ 6.5, 13.5, 7, 14 ], "texture": "#crusade_shield_back" },
				"up": { "uv": [ 6.5, 13.5, 7, 14 ], "texture": "#crusade_shield_back" },
				"north": { "uv": [ 6.5, 13.5, 7, 14 ], "texture": "#crusade_shield_back" },
				"south": { "uv": [ 6.5, 13.5, 7, 14 ], "texture": "#crusade_shield_back" },
				"west": { "uv": [ 6.5, 13.5, 7, 14 ], "texture": "#crusade_shield_back" },
				"east": { "uv": [ 6.5, 13.5, 7, 14 ], "texture": "#crusade_shield_back" }
			}
		},
		{
			"__comment": "Shield122",
			"from": [ 9.5, 2.5, 5.5 ],
			"to": [ 10, 3, 6.5 ],
			"faces": {
				"down": { "uv": [ 6.5, 13.5, 7, 14 ], "texture": "#crusade_shield_back" },
				"up": { "uv": [ 6.5, 13.5, 7, 14 ], "texture": "#crusade_shield_back" },
				"north": { "uv": [ 6.5, 13.5, 7, 14 ], "texture": "#crusade_shield_back" },
				"south": { "uv": [ 6.5, 13.5, 7, 14 ], "texture": "#crusade_shield_back" },
				"west": { "uv": [ 6.5, 13.5, 7, 14 ], "texture": "#crusade_shield_back" },
				"east": { "uv": [ 6.5, 13.5, 7, 14 ], "texture": "#crusade_shield_back" }
			}
		},
		{
			"__comment": "Shield123",
			"from": [ 10, 3, 5.5 ],
			"to": [ 10.5, 4, 6.5 ],
			"faces": {
				"down": { "uv": [ 6.5, 13.5, 7, 14 ], "texture": "#crusade_shield_back" },
				"up": { "uv": [ 6.5, 13.5, 7, 14 ], "texture": "#crusade_shield_back" },
				"north": { "uv": [ 6.5, 13.5, 7, 14 ], "texture": "#crusade_shield_back" },
				"south": { "uv": [ 6.5, 13.5, 7, 14 ], "texture": "#crusade_shield_back" },
				"west": { "uv": [ 6.5, 13.5, 7, 14 ], "texture": "#crusade_shield_back" },
				"east": { "uv": [ 6.5, 13.5, 7, 14 ], "texture": "#crusade_shield_back" }
			}
		},
		{
			"__comment": "Shield124",
			"from": [ 10.5, 4, 5.5 ],
			"to": [ 11, 4.5, 6.5 ],
			"faces": {
				"down": { "uv": [ 6.5, 13.5, 7, 14 ], "texture": "#crusade_shield_back" },
				"up": { "uv": [ 6.5, 13.5, 7, 14 ], "texture": "#crusade_shield_back" },
				"north": { "uv": [ 6.5, 13.5, 7, 14 ], "texture": "#crusade_shield_back" },
				"south": { "uv": [ 6.5, 13.5, 7, 14 ], "texture": "#crusade_shield_back" },
				"west": { "uv": [ 6.5, 13.5, 7, 14 ], "texture": "#crusade_shield_back" },
				"east": { "uv": [ 6.5, 13.5, 7, 14 ], "texture": "#crusade_shield_back" }
			}
		},
		{
			"__comment": "Shield125",
			"from": [ 11, 4.5, 5.5 ],
			"to": [ 11.5, 6, 6.5 ],
			"faces": {
				"down": { "uv": [ 6.5, 13.5, 7, 14 ], "texture": "#crusade_shield_back" },
				"up": { "uv": [ 6.5, 13.5, 7, 14 ], "texture": "#crusade_shield_back" },
				"north": { "uv": [ 6.5, 13.5, 7, 14 ], "texture": "#crusade_shield_back" },
				"south": { "uv": [ 6.5, 13.5, 7, 14 ], "texture": "#crusade_shield_back" },
				"west": { "uv": [ 6.5, 13.5, 7, 14 ], "texture": "#crusade_shield_back" },
				"east": { "uv": [ 6.5, 13.5, 7, 14 ], "texture": "#crusade_shield_back" }
			}
		},
		{
			"__comment": "Shield126",
			"from": [ 11.5, 6, 5.5 ],
			"to": [ 12, 7.5, 6.5 ],
			"faces": {
				"down": { "uv": [ 6.5, 13.5, 7, 14 ], "texture": "#crusade_shield_back" },
				"up": { "uv": [ 6.5, 13.5, 7, 14 ], "texture": "#crusade_shield_back" },
				"north": { "uv": [ 6.5, 13.5, 7, 14 ], "texture": "#crusade_shield_back" },
				"south": { "uv": [ 6.5, 13.5, 7, 14 ], "texture": "#crusade_shield_back" },
				"west": { "uv": [ 6.5, 13.5, 7, 14 ], "texture": "#crusade_shield_back" },
				"east": { "uv": [ 6.5, 13.5, 7, 14 ], "texture": "#crusade_shield_back" }
			}
		},
		{
			"__comment": "Shield127",
			"from": [ 12, 7.5, 5.5 ],
			"to": [ 12.5, 14, 6.5 ],
			"faces": {
				"down": { "uv": [ 6.5, 13.5, 7, 14 ], "texture": "#crusade_shield_back" },
				"up": { "uv": [ 6.5, 13.5, 7, 14 ], "texture": "#crusade_shield_back" },
				"north": { "uv": [ 6.5, 13.5, 7, 14 ], "texture": "#crusade_shield_back" },
				"south": { "uv": [ 6.5, 13.5, 7, 14 ], "texture": "#crusade_shield_back" },
				"west": { "uv": [ 6.5, 13.5, 7, 14 ], "texture": "#crusade_shield_back" },
				"east": { "uv": [ 6.5, 13.5, 7, 14 ], "texture": "#crusade_shield_back" }
			}
		},
		{
			"__comment": "Shield128",
			"from": [ 11.5, 13.5, 5.5 ],
			"to": [ 12, 14, 6.5 ],
			"faces": {
				"down": { "uv": [ 6.5, 13.5, 7, 14 ], "texture": "#crusade_shield_back" },
				"up": { "uv": [ 6.5, 13.5, 7, 14 ], "texture": "#crusade_shield_back" },
				"north": { "uv": [ 6.5, 13.5, 7, 14 ], "texture": "#crusade_shield_back" },
				"south": { "uv": [ 6.5, 13.5, 7, 14 ], "texture": "#crusade_shield_back" },
				"west": { "uv": [ 6.5, 13.5, 7, 14 ], "texture": "#crusade_shield_back" },
				"east": { "uv": [ 6.5, 13.5, 7, 14 ], "texture": "#crusade_shield_back" }
			}
		},
		{
			"__comment": "Shield129",
			"from": [ 9.5, 14, 5.5 ],
			"to": [ 11.5, 14.5, 6.5 ],
			"faces": {
				"down": { "uv": [ 6.5, 13.5, 7, 14 ], "texture": "#crusade_shield_back" },
				"up": { "uv": [ 6.5, 13.5, 7, 14 ], "texture": "#crusade_shield_back" },
				"north": { "uv": [ 6.5, 13.5, 7, 14 ], "texture": "#crusade_shield_back" },
				"south": { "uv": [ 6.5, 13.5, 7, 14 ], "texture": "#crusade_shield_back" },
				"west": { "uv": [ 6.5, 13.5, 7, 14 ], "texture": "#crusade_shield_back" },
				"east": { "uv": [ 6.5, 13.5, 7, 14 ], "texture": "#crusade_shield_back" }
			}
		},
		{
			"__comment": "Shield130",
			"from": [ 8.5, 14.5, 5.5 ],
			"to": [ 10, 15, 6.5 ],
			"faces": {
				"down": { "uv": [ 6.5, 13.5, 7, 14 ], "texture": "#crusade_shield_back" },
				"up": { "uv": [ 6.5, 13.5, 7, 14 ], "texture": "#crusade_shield_back" },
				"north": { "uv": [ 6.5, 13.5, 7, 14 ], "texture": "#crusade_shield_back" },
				"south": { "uv": [ 6.5, 13.5, 7, 14 ], "texture": "#crusade_shield_back" },
				"west": { "uv": [ 6.5, 13.5, 7, 14 ], "texture": "#crusade_shield_back" },
				"east": { "uv": [ 6.5, 13.5, 7, 14 ], "texture": "#crusade_shield_back" }
			}
		},
		{
			"__comment": "Shield131",
			"from": [ 7.5, 15, 5.5 ],
			"to": [ 8.5, 15.5, 6.5 ],
			"faces": {
				"down": { "uv": [ 6.5, 13.5, 7, 14 ], "texture": "#crusade_shield_back" },
				"up": { "uv": [ 6.5, 13.5, 7, 14 ], "texture": "#crusade_shield_back" },
				"north": { "uv": [ 6.5, 13.5, 7, 14 ], "texture": "#crusade_shield_back" },
				"south": { "uv": [ 6.5, 13.5, 7, 14 ], "texture": "#crusade_shield_back" },
				"west": { "uv": [ 6.5, 13.5, 7, 14 ], "texture": "#crusade_shield_back" },
				"east": { "uv": [ 6.5, 13.5, 7, 14 ], "texture": "#crusade_shield_back" }
			}
		},
		{
			"__comment": "Shield132",
			"from": [ 6, 14.5, 5.5 ],
			"to": [ 7.5, 15, 6.5 ],
			"faces": {
				"down": { "uv": [ 8.5, 9.5, 10, 10 ], "texture": "#crusade_shield_back" },
				"up": { "uv": [ 6.5, 13.5, 7, 14 ], "texture": "#crusade_shield_back" },
				"north": { "uv": [ 6, 1, 7.5, 1.5 ], "texture": "#crusade_shield_back" },
				"south": { "uv": [ 8.5, 1, 10, 1.5 ], "texture": "#crusade_shield_back" },
				"west": { "uv": [ 6.5, 13.5, 7, 14 ], "texture": "#crusade_shield_back" },
				"east": { "uv": [ 9.5, 1, 10, 1.5 ], "texture": "#crusade_shield_back" }
			}
		},
		{
			"__comment": "Shield133",
			"from": [ 4.5, 14, 5.5 ],
			"to": [ 6, 14.5, 6.5 ],
			"faces": {
				"down": { "uv": [ 6.5, 13.5, 7, 14 ], "texture": "#crusade_shield_back" },
				"up": { "uv": [ 6.5, 13.5, 7, 14 ], "texture": "#crusade_shield_back" },
				"north": { "uv": [ 6.5, 13.5, 7, 14 ], "texture": "#crusade_shield_back" },
				"south": { "uv": [ 6.5, 13.5, 7, 14 ], "texture": "#crusade_shield_back" },
				"west": { "uv": [ 6.5, 13.5, 7, 14 ], "texture": "#crusade_shield_back" },
				"east": { "uv": [ 6.5, 13.5, 7, 14 ], "texture": "#crusade_shield_back" }
			}
		},
		{
			"__comment": "Shield134",
			"from": [ 3.5, 13.5, 5.5 ],
			"to": [ 4.5, 14, 6.5 ],
			"faces": {
				"down": { "uv": [ 6.5, 13.5, 7, 14 ], "texture": "#crusade_shield_back" },
				"up": { "uv": [ 6.5, 13.5, 7, 14 ], "texture": "#crusade_shield_back" },
				"north": { "uv": [ 6.5, 13.5, 7, 14 ], "texture": "#crusade_shield_back" },
				"south": { "uv": [ 6.5, 13.5, 7, 14 ], "texture": "#crusade_shield_back" },
				"west": { "uv": [ 6.5, 13.5, 7, 14 ], "texture": "#crusade_shield_back" },
				"east": { "uv": [ 6.5, 13.5, 7, 14 ], "texture": "#crusade_shield_back" }
			}
		},
		{
			"__comment": "Shield135",
			"from": [ 3.5, 7.5, 5.5 ],
			"to": [ 4, 13.5, 6.5 ],
			"faces": {
				"down": { "uv": [ 6.5, 13.5, 7, 14 ], "texture": "#crusade_shield_back" },
				"up": { "uv": [ 6.5, 13.5, 7, 14 ], "texture": "#crusade_shield_back" },
				"north": { "uv": [ 6.5, 13.5, 7, 14 ], "texture": "#crusade_shield_back" },
				"south": { "uv": [ 6.5, 13.5, 7, 14 ], "texture": "#crusade_shield_back" },
				"west": { "uv": [ 6.5, 13.5, 7, 14 ], "texture": "#crusade_shield_back" },
				"east": { "uv": [ 6.5, 13.5, 7, 14 ], "texture": "#crusade_shield_back" }
			}
		},
		{
			"__comment": "Shield136",
			"from": [ 4, 6, 5.5 ],
			"to": [ 4.5, 7.5, 6.5 ],
			"faces": {
				"down": { "uv": [ 6.5, 13.5, 7, 14 ], "texture": "#crusade_shield_back" },
				"up": { "uv": [ 6.5, 13.5, 7, 14 ], "texture": "#crusade_shield_back" },
				"north": { "uv": [ 6.5, 13.5, 7, 14 ], "texture": "#crusade_shield_back" },
				"south": { "uv": [ 6.5, 13.5, 7, 14 ], "texture": "#crusade_shield_back" },
				"west": { "uv": [ 6.5, 13.5, 7, 14 ], "texture": "#crusade_shield_back" },
				"east": { "uv": [ 6.5, 13.5, 7, 14 ], "texture": "#crusade_shield_back" }
			}
		},
		{
			"__comment": "Shield137",
			"from": [ 4.5, 4.5, 5.5 ],
			"to": [ 5, 6, 6.5 ],
			"faces": {
				"down": { "uv": [ 6.5, 13.5, 7, 14 ], "texture": "#crusade_shield_back" },
				"up": { "uv": [ 6.5, 13.5, 7, 14 ], "texture": "#crusade_shield_back" },
				"north": { "uv": [ 6.5, 13.5, 7, 14 ], "texture": "#crusade_shield_back" },
				"south": { "uv": [ 6.5, 13.5, 7, 14 ], "texture": "#crusade_shield_back" },
				"west": { "uv": [ 6.5, 13.5, 7, 14 ], "texture": "#crusade_shield_back" },
				"east": { "uv": [ 6.5, 13.5, 7, 14 ], "texture": "#crusade_shield_back" }
			}
		},
		{
			"__comment": "Shield138",
			"from": [ 5, 3.5, 5.5 ],
			"to": [ 5.5, 4.5, 6.5 ],
			"faces": {
				"down": { "uv": [ 6.5, 13.5, 7, 14 ], "texture": "#crusade_shield_back" },
				"up": { "uv": [ 6.5, 13.5, 7, 14 ], "texture": "#crusade_shield_back" },
				"north": { "uv": [ 6.5, 13.5, 7, 14 ], "texture": "#crusade_shield_back" },
				"south": { "uv": [ 6.5, 13.5, 7, 14 ], "texture": "#crusade_shield_back" },
				"west": { "uv": [ 6.5, 13.5, 7, 14 ], "texture": "#crusade_shield_back" },
				"east": { "uv": [ 6.5, 13.5, 7, 14 ], "texture": "#crusade_shield_back" }
			}
		},
		{
			"__comment": "Shield139",
			"from": [ 5.5, 3, 5.5 ],
			"to": [ 6, 3.5, 6.5 ],
			"faces": {
				"down": { "uv": [ 6.5, 13.5, 7, 14 ], "texture": "#crusade_shield_back" },
				"up": { "uv": [ 6.5, 13.5, 7, 14 ], "texture": "#crusade_shield_back" },
				"north": { "uv": [ 6.5, 13.5, 7, 14 ], "texture": "#crusade_shield_back" },
				"south": { "uv": [ 6.5, 13.5, 7, 14 ], "texture": "#crusade_shield_back" },
				"west": { "uv": [ 6.5, 13.5, 7, 14 ], "texture": "#crusade_shield_back" },
				"east": { "uv": [ 6.5, 13.5, 7, 14 ], "texture": "#crusade_shield_back" }
			}
		},
		{
			"__comment": "Shield140",
			"from": [ 6, 2.5, 5.5 ],
			"to": [ 6.5, 3, 6.5 ],
			"faces": {
				"down": { "uv": [ 6.5, 13.5, 7, 14 ], "texture": "#crusade_shield_back" },
				"up": { "uv": [ 6.5, 13.5, 7, 14 ], "texture": "#crusade_shield_back" },
				"north": { "uv": [ 6.5, 13.5, 7, 14 ], "texture": "#crusade_shield_back" },
				"south": { "uv": [ 6.5, 13.5, 7, 14 ], "texture": "#crusade_shield_back" },
				"west": { "uv": [ 6.5, 13.5, 7, 14 ], "texture": "#crusade_shield_back" },
				"east": { "uv": [ 6.5, 13.5, 7, 14 ], "texture": "#crusade_shield_back" }
			}
		},
		{
			"__comment": "Shield141",
			"from": [ 6.5, 2, 5.5 ],
			"to": [ 7, 2.5, 6.5 ],
			"faces": {
				"down": { "uv": [ 6.5, 13.5, 7, 14 ], "texture": "#crusade_shield_back" },
				"up": { "uv": [ 6.5, 13.5, 7, 14 ], "texture": "#crusade_shield_back" },
				"north": { "uv": [ 6.5, 13.5, 7, 14 ], "texture": "#crusade_shield_back" },
				"south": { "uv": [ 6.5, 13.5, 7, 14 ], "texture": "#crusade_shield_back" },
				"west": { "uv": [ 6.5, 13.5, 7, 14 ], "texture": "#crusade_shield_back" },
				"east": { "uv": [ 6.5, 13.5, 7, 14 ], "texture": "#crusade_shield_back" }
			}
		},
		{
			"__comment": "Shield142",
			"from": [ 7, 1.5, 5.5 ],
			"to": [ 7.5, 2, 6.5 ],
			"faces": {
				"down": { "uv": [ 6.5, 13.5, 7, 14 ], "texture": "#crusade_shield_back" },
				"up": { "uv": [ 6.5, 13.5, 7, 14 ], "texture": "#crusade_shield_back" },
				"north": { "uv": [ 6.5, 13.5, 7, 14 ], "texture": "#crusade_shield_back" },
				"south": { "uv": [ 6.5, 13.5, 7, 14 ], "texture": "#crusade_shield_back" },
				"west": { "uv": [ 6.5, 13.5, 7, 14 ], "texture": "#crusade_shield_back" },
				"east": { "uv": [ 6.5, 13.5, 7, 14 ], "texture": "#crusade_shield_back" }
			}
		},
		{
			"__comment": "Shield143",
			"from": [ 8.5, 1.5, 5.5 ],
			"to": [ 9, 2, 6.5 ],
			"faces": {
				"down": { "uv": [ 6.5, 13.5, 7, 14 ], "texture": "#crusade_shield_back" },
				"up": { "uv": [ 6.5, 13.5, 7, 14 ], "texture": "#crusade_shield_back" },
				"north": { "uv": [ 6.5, 13.5, 7, 14 ], "texture": "#crusade_shield_back" },
				"south": { "uv": [ 6.5, 13.5, 7, 14 ], "texture": "#crusade_shield_back" },
				"west": { "uv": [ 6.5, 13.5, 7, 14 ], "texture": "#crusade_shield_back" },
				"east": { "uv": [ 6.5, 13.5, 7, 14 ], "texture": "#crusade_shield_back" }
			}
		},
		{
			"__comment": "Shield144",
			"from": [ 7.5, 1, 5.5 ],
			"to": [ 8.5, 1.5, 6.5 ],
			"faces": {
				"down": { "uv": [ 6.5, 13.5, 7, 14 ], "texture": "#crusade_shield_back" },
				"up": { "uv": [ 6.5, 13.5, 7, 14 ], "texture": "#crusade_shield_back" },
				"north": { "uv": [ 6.5, 13.5, 7, 14 ], "texture": "#crusade_shield_back" },
				"south": { "uv": [ 6.5, 13.5, 7, 14 ], "texture": "#crusade_shield_back" },
				"west": { "uv": [ 6.5, 13.5, 7, 14 ], "texture": "#crusade_shield_back" },
				"east": { "uv": [ 6.5, 13.5, 7, 14 ], "texture": "#crusade_shield_back" }
			}
		}
	],
	"display": {
		"thirdperson": {
			"rotation":   [ 210, 0, 0 ],
			"translation":  [ -0.25, 1.00, -1.75 ],
			"scale":  [ 1.00, 1.00, 1.00 ]
		},
		"firstperson": {
			"rotation":  [ 0, 134, 0 ],
			"translation":  [ -12.00, 4.50, -4.00 ],
			"scale":  [ 1.40, 1.49, 1.17 ]
		},
		"gui": {
			"rotation":  [ 336, 138, 0 ],
			"translation":  [ 0.00, -0.25, 0.00 ],
			"scale":  [ 1.76, 1.50, 1.20 ]
		},
		"head": {
			"rotation":  [ -89, 0, 0 ],
			"translation":  [ 0, 2.7826, 0 ],
			"scale":  [ 1.5565, 1.6608, 1.4173 ]
		},
		"ground": {
			"rotation":  [ -92, 0, 72 ],
			"translation":  [ 0, -5.565, 0 ],
			"scale":  [ 1.626, 1.5216, 1 ]
		},
		"fixed": {
			"rotation":  [ 0, 180, 0 ]
		}
	}
}