{"__comment":"Designed by Hypixel minecraft server with BDcraft Cubik PRO 0.93 Beta - http://bdcraft.net","textures":{"texture":"blocks/greenhood"},"elements":[{"from":[5,0,15],"to":[11,1,18],"faces":{"down":{"uv":[3.5,10.5,6.5,11],"texture":"#texture"},"up":{"uv":[3.5,10.5,6.5,11],"texture":"#texture"},"north":{"uv":[3.5,10.5,6.5,11],"texture":"#texture"},"south":{"uv":[3.5,10.5,6.5,11],"texture":"#texture"},"west":{"uv":[3.5,10.5,4,11],"texture":"#texture"},"east":{"uv":[6,10.5,6.5,11],"texture":"#texture"}}},{"from":[-1,0,15],"to":[3,1,16],"faces":{"down":{"uv":[0.5,10.5,2.5,11],"texture":"#texture"},"up":{"uv":[0.5,10.5,2.5,11],"texture":"#texture"},"north":{"uv":[0.5,10.5,2.5,11],"texture":"#texture"},"south":{"uv":[0.5,10.5,2.5,11],"texture":"#texture"},"west":{"uv":[10.5,10.5,11,11],"texture":"#texture"},"east":{"uv":[10.5,10.5,11,11],"texture":"#texture"}}},{"from":[13,0,15],"to":[17,1,16],"faces":{"down":{"uv":[3,16,0,15],"texture":"#texture"},"up":{"uv":[7.5,10.5,9.5,11],"texture":"#texture"},"north":{"uv":[7.5,10.5,9.5,11],"texture":"#texture"},"south":{"uv":[7.5,10.5,9.5,11],"texture":"#texture"},"west":{"uv":[7.5,10.5,8.5,11],"texture":"#texture"},"east":{"uv":[7.5,10.5,8.5,11],"texture":"#texture"}}},{"from":[-2,1,15],"to":[18,2,16],"faces":{"down":{"uv":[0,10,10,10.5],"texture":"#texture"},"up":{"uv":[0,10,10,10.5],"texture":"#texture"},"north":{"uv":[10,10,0,10.5],"texture":"#texture"},"south":{"uv":[0,10,10,10.5],"texture":"#texture"},"west":{"uv":[10.5,10,11,10.5],"texture":"#texture"},"east":{"uv":[10.5,10,11,10.5],"texture":"#texture"}}},{"from":[-2,2,15],"to":[18,3,16],"faces":{"down":{"uv":[0,9.5,10,10],"texture":"#texture"},"up":{"uv":[0,9.5,10,10],"texture":"#texture"},"north":{"uv":[10,9.5,0,10],"texture":"#texture"},"south":{"uv":[0,9.5,10,10],"texture":"#texture"},"west":{"uv":[10.5,9.5,11,10],"texture":"#texture"},"east":{"uv":[10.5,9.5,11,10],"texture":"#texture"}}},{"from":[-2,3,15],"to":[18,4,16],"faces":{"down":{"uv":[0,9,10,9.5],"texture":"#texture"},"up":{"uv":[0,9,10,9.5],"texture":"#texture"},"north":{"uv":[10,9,0,9.5],"texture":"#texture"},"south":{"uv":[0,9,10,9.5],"texture":"#texture"},"west":{"uv":[10.5,9,11,9.5],"texture":"#texture"},"east":{"uv":[10.5,9,11,9.5],"texture":"#texture"}}},{"from":[-2,4,15],"to":[18,5,16],"faces":{"down":{"uv":[0,8.5,10,9],"texture":"#texture"},"up":{"uv":[0,8.5,10,9],"texture":"#texture"},"north":{"uv":[10,8.5,0,9],"texture":"#texture"},"south":{"uv":[0,8.5,10,9],"texture":"#texture"},"west":{"uv":[10.5,8.5,11,9],"texture":"#texture"},"east":{"uv":[10.5,8.5,11,9],"texture":"#texture"}}},{"from":[-2,5,15],"to":[18,6,16],"faces":{"down":{"uv":[0,8,10,8.5],"texture":"#texture"},"up":{"uv":[0,8,10,8.5],"texture":"#texture"},"north":{"uv":[10,8,0,8.5],"texture":"#texture"},"south":{"uv":[0,8,10,8.5],"texture":"#texture"},"west":{"uv":[10.5,8,11,8.5],"texture":"#texture"},"east":{"uv":[10.5,8,11,8.5],"texture":"#texture"}}},{"from":[-2,6,15],"to":[18,7,16],"faces":{"down":{"uv":[0,7.5,10,8],"texture":"#texture"},"up":{"uv":[0,7.5,10,8],"texture":"#texture"},"north":{"uv":[10,7.5,0,8],"texture":"#texture"},"south":{"uv":[0,7.5,10,8],"texture":"#texture"},"west":{"uv":[10.5,7.5,11,8],"texture":"#texture"},"east":{"uv":[10.5,7.5,11,8],"texture":"#texture"}}},{"from":[-2,7,15],"to":[18,8,16],"faces":{"down":{"uv":[0,7,10,7.5],"texture":"#texture"},"up":{"uv":[0,7,10,7.5],"texture":"#texture"},"north":{"uv":[10,7,0,7.5],"texture":"#texture"},"south":{"uv":[0,7,10,7.5],"texture":"#texture"},"west":{"uv":[10.5,7,11,7.5],"texture":"#texture"},"east":{"uv":[10.5,7,11,7.5],"texture":"#texture"}}},{"from":[-2,8,15],"to":[18,9,17],"faces":{"down":{"uv":[0,6.5,10,7],"texture":"#texture"},"up":{"uv":[0,6.5,10,7],"texture":"#texture"},"north":{"uv":[10,6.5,0,7],"texture":"#texture"},"south":{"uv":[0,6.5,10,7],"texture":"#texture"},"west":{"uv":[10.5,6.5,11.5,7],"texture":"#texture"},"east":{"uv":[10.5,6.5,11.5,7],"texture":"#texture"}}},{"from":[-2,9,15],"to":[18,10,17],"faces":{"down":{"uv":[0,6,10,6.5],"texture":"#texture"},"up":{"uv":[0,6,10,6.5],"texture":"#texture"},"north":{"uv":[10,6,0,6.5],"texture":"#texture"},"south":{"uv":[0,6,10,6.5],"texture":"#texture"},"west":{"uv":[10.5,6,11.5,6.5],"texture":"#texture"},"east":{"uv":[10.5,6,11.5,6.5],"texture":"#texture"}}},{"from":[-2,11,15],"to":[18,12,17],"faces":{"down":{"uv":[0,5,10,5.5],"texture":"#texture"},"up":{"uv":[0,5,10,5.5],"texture":"#texture"},"north":{"uv":[10,5,0,5.5],"texture":"#texture"},"south":{"uv":[0,5,10,5.5],"texture":"#texture"},"west":{"uv":[10.5,5,11.5,5.5],"texture":"#texture"},"east":{"uv":[11.5,5,10.5,5.5],"texture":"#texture"}}},{"from":[-2,12,15],"to":[18,13,18],"faces":{"down":{"uv":[0,4.5,10,5],"texture":"#texture"},"up":{"uv":[0,4.5,10,5],"texture":"#texture"},"north":{"uv":[10,4.5,0,5],"texture":"#texture"},"south":{"uv":[0,4.5,10,5],"texture":"#texture"},"west":{"uv":[10.5,4.5,12,5],"texture":"#texture"},"east":{"uv":[12,4.5,10.5,5],"texture":"#texture"}}},{"from":[-2,13,15],"to":[18,14,18],"faces":{"down":{"uv":[0,4,10,4.5],"texture":"#texture"},"up":{"uv":[0,4,10,4.5],"texture":"#texture"},"north":{"uv":[10,4,0,4.5],"texture":"#texture"},"south":{"uv":[0,4,10,4.5],"texture":"#texture"},"west":{"uv":[10.5,4,12,4.5],"texture":"#texture"},"east":{"uv":[12,4,10.5,4.5],"texture":"#texture"}}},{"from":[-2,14,15],"to":[18,15,18],"faces":{"down":{"uv":[0,3.5,10,4],"texture":"#texture"},"up":{"uv":[0,3.5,10,4],"texture":"#texture"},"north":{"uv":[10,3.5,0,4],"texture":"#texture"},"south":{"uv":[0,3.5,10,4],"texture":"#texture"},"west":{"uv":[10.5,3.5,12,4],"texture":"#texture"},"east":{"uv":[12,3.5,10.5,4],"texture":"#texture"}}},{"from":[-1,15,15],"to":[18,16,18],"faces":{"down":{"uv":[0.5,3,10,3.5],"texture":"#texture"},"up":{"uv":[0.5,3,10,3.5],"texture":"#texture"},"north":{"uv":[10,3,0.5,3.5],"texture":"#texture"},"south":{"uv":[0.5,3,10,3.5],"texture":"#texture"},"west":{"uv":[10.5,3,12,3.5],"texture":"#texture"},"east":{"uv":[12,3,10.5,3.5],"texture":"#texture"}}},{"from":[-1,16,15],"to":[17,17,19],"faces":{"down":{"uv":[0.5,2.5,9.5,3],"texture":"#texture"},"up":{"uv":[0.5,2.5,9.5,3],"texture":"#texture"},"north":{"uv":[9.5,2.5,0.5,3],"texture":"#texture"},"south":{"uv":[0.5,2.5,9.5,3],"texture":"#texture"},"west":{"uv":[10.5,2.5,12.5,3],"texture":"#texture"},"east":{"uv":[12.5,2.5,10.5,3],"texture":"#texture"}}},{"from":[-1,17,15],"to":[17,18,19],"faces":{"down":{"uv":[0.5,2,9.5,2.5],"texture":"#texture"},"up":{"uv":[0.5,2,9.5,2.5],"texture":"#texture"},"north":{"uv":[9.5,2,0.5,2.5],"texture":"#texture"},"south":{"uv":[0.5,2,9.5,2.5],"texture":"#texture"},"west":{"uv":[10.5,2,12,2.5],"texture":"#texture"},"east":{"uv":[10.5,2,12,2.5],"texture":"#texture"}}},{"from":[0,18,15],"to":[16,19,18],"faces":{"down":{"uv":[1,1.5,9,2],"texture":"#texture"},"up":{"uv":[1,1.5,9,2],"texture":"#texture"},"north":{"uv":[9,1.5,1,2],"texture":"#texture"},"south":{"uv":[1,1.5,9,2],"texture":"#texture"},"west":{"uv":[1,1.5,1.5,2],"texture":"#texture"},"east":{"uv":[8.5,1.5,9,2],"texture":"#texture"}}},{"from":[0,19,15],"to":[16,20,18],"faces":{"down":{"uv":[1,1,9,1.5],"texture":"#texture"},"up":{"uv":[1,1,9,1.5],"texture":"#texture"},"north":{"uv":[9,1,1,1.5],"texture":"#texture"},"south":{"uv":[1,1,9,1.5],"texture":"#texture"},"west":{"uv":[10.5,1,12,1.5],"texture":"#texture"},"east":{"uv":[10.5,1,12,1.5],"texture":"#texture"}}},{"from":[1,20,15],"to":[15,21,17],"faces":{"down":{"uv":[1.5,0.5,8.5,1],"texture":"#texture"},"up":{"uv":[1.5,0.5,8.5,1],"texture":"#texture"},"north":{"uv":[8.5,0.5,1.5,1],"texture":"#texture"},"south":{"uv":[8.5,0.5,1.5,1],"texture":"#texture"},"west":{"uv":[10.5,0.5,11.5,1],"texture":"#texture"},"east":{"uv":[10.5,0.5,11.5,1],"texture":"#texture"}}},{"from":[3,21,15],"to":[13,22,16],"faces":{"down":{"uv":[2.5,0,7.5,0.5],"texture":"#texture"},"up":{"uv":[2.5,0,7.5,0.5],"texture":"#texture"},"north":{"uv":[7.5,0,2.5,0.5],"texture":"#texture"},"south":{"uv":[2.5,0,7.5,0.5],"texture":"#texture"},"west":{"uv":[10.5,0,11,0.5],"texture":"#texture"},"east":{"uv":[10.5,0,11,0.5],"texture":"#texture"}}},{"from":[-2,10,15],"to":[18,11,17],"faces":{"down":{"uv":[0,5.5,10,6],"texture":"#texture"},"up":{"uv":[0,5.5,10,6],"texture":"#texture"},"north":{"uv":[10,5.5,0,6],"texture":"#texture"},"south":{"uv":[0,5.5,10,6],"texture":"#texture"},"west":{"uv":[10.5,5.5,11.5,6],"texture":"#texture"},"east":{"uv":[11.5,5.5,10.5,6],"texture":"#texture"}}},{"from":[4,21,16],"to":[12,22,17],"faces":{"down":{"uv":[2.5,0,7.5,0.5],"texture":"#texture"},"up":{"uv":[2.5,0,7.5,0.5],"texture":"#texture"},"north":{"uv":[7.5,0,2.5,0.5],"texture":"#texture"},"south":{"uv":[2.5,0,7.5,0.5],"texture":"#texture"},"west":{"uv":[10.5,0,11,0.5],"texture":"#texture"},"east":{"uv":[10.5,0,11,0.5],"texture":"#texture"}}},{"from":[2,20,17],"to":[14,21,18],"faces":{"down":{"uv":[2,0.5,8,1],"texture":"#texture"},"up":{"uv":[2,0.5,8,1],"texture":"#texture"},"north":{"uv":[8,0.5,2,1],"texture":"#texture"},"south":{"uv":[2,0.5,8,1],"texture":"#texture"},"west":{"uv":[11.5,0.5,12.5,1],"texture":"#texture"},"east":{"uv":[11.5,0.5,12.5,1],"texture":"#texture"}}},{"from":[4,20,18],"to":[12,21,19],"faces":{"down":{"uv":[3,0.5,7,1],"texture":"#texture"},"up":{"uv":[3,0.5,7,1],"texture":"#texture"},"north":{"uv":[7,0.5,3,1],"texture":"#texture"},"south":{"uv":[3,0.5,7,1],"texture":"#texture"},"west":{"uv":[11.5,0.5,12.5,1],"texture":"#texture"},"east":{"uv":[11.5,0.5,12.5,1],"texture":"#texture"}}},{"from":[1,18,18],"to":[15,20,19],"faces":{"down":{"uv":[1.5,1,8.5,1.5],"texture":"#texture"},"up":{"uv":[1.5,1,8.5,1.5],"texture":"#texture"},"north":{"uv":[8.5,1,1.5,1.5],"texture":"#texture"},"south":{"uv":[1.5,1,8.5,1.5],"texture":"#texture"},"west":{"uv":[12,1,12.5,1.5],"texture":"#texture"},"east":{"uv":[12,1,12.5,1.5],"texture":"#texture"}}},{"from":[3,19,19],"to":[13,20,20],"faces":{"down":{"uv":[2.5,1,7.5,1.5],"texture":"#texture"},"up":{"uv":[2.5,1,7.5,1.5],"texture":"#texture"},"north":{"uv":[7.5,1,2.5,1.5],"texture":"#texture"},"south":{"uv":[2.5,1,7.5,1.5],"texture":"#texture"},"west":{"uv":[12.5,1,13,1.5],"texture":"#texture"},"east":{"uv":[12.5,1,13,1.5],"texture":"#texture"}}},{"from":[1,18,19],"to":[15,19,20],"faces":{"down":{"uv":[1.5,1.5,8.5,2],"texture":"#texture"},"up":{"uv":[1.5,1.5,8.5,2],"texture":"#texture"},"north":{"uv":[8.5,1.5,1.5,2],"texture":"#texture"},"south":{"uv":[1.5,1.5,8.5,2],"texture":"#texture"},"west":{"uv":[10.5,1.5,11,2],"texture":"#texture"},"east":{"uv":[10.5,1.5,11,2],"texture":"#texture"}}},{"from":[3,18,20],"to":[13,19,21],"faces":{"down":{"uv":[2.5,1.5,7.5,2],"texture":"#texture"},"up":{"uv":[2.5,1.5,7.5,2],"texture":"#texture"},"north":{"uv":[7.5,1.5,2.5,2],"texture":"#texture"},"south":{"uv":[2.5,1.5,7.5,2],"texture":"#texture"},"west":{"uv":[12.5,1,13,1.5],"texture":"#texture"},"east":{"uv":[12.5,1,13,1.5],"texture":"#texture"}}},{"from":[0,17,19],"to":[16,18,20],"faces":{"down":{"uv":[1,2,9,2.5],"texture":"#texture"},"up":{"uv":[1,2,9,2.5],"texture":"#texture"},"north":{"uv":[9,2,1,2.5],"texture":"#texture"},"south":{"uv":[1,2,9,2.5],"texture":"#texture"},"west":{"uv":[10.5,2,12,2.5],"texture":"#texture"},"east":{"uv":[10.5,2,12,2.5],"texture":"#texture"}}},{"from":[1,17,20],"to":[15,18,21],"faces":{"down":{"uv":[1.5,2,8.5,2.5],"texture":"#texture"},"up":{"uv":[1.5,2,8.5,2.5],"texture":"#texture"},"north":{"uv":[8.5,2,1.5,2.5],"texture":"#texture"},"south":{"uv":[1.5,2,8.5,2.5],"texture":"#texture"},"west":{"uv":[10.5,2,12,2.5],"texture":"#texture"},"east":{"uv":[10.5,2,12,2.5],"texture":"#texture"}}},{"from":[3,17,21],"to":[13,18,22],"faces":{"down":{"uv":[2.5,2,7.5,2.5],"texture":"#texture"},"up":{"uv":[2.5,2,7.5,2.5],"texture":"#texture"},"north":{"uv":[7.5,2,2.5,2.5],"texture":"#texture"},"south":{"uv":[2.5,2,7.5,2.5],"texture":"#texture"},"west":{"uv":[12.5,1,13,1.5],"texture":"#texture"},"east":{"uv":[12.5,1,13,1.5],"texture":"#texture"}}},{"from":[0,16,19],"to":[16,17,21],"faces":{"down":{"uv":[1,2.5,9,3],"texture":"#texture"},"up":{"uv":[1,2.5,9,3],"texture":"#texture"},"north":{"uv":[9,2.5,1,3],"texture":"#texture"},"south":{"uv":[1,2.5,9,3],"texture":"#texture"},"west":{"uv":[12.5,2.5,13.5,3],"texture":"#texture"},"east":{"uv":[12.5,2.5,13.5,3],"texture":"#texture"}}},{"from":[1,16,21],"to":[15,17,22],"faces":{"down":{"uv":[1.5,2.5,8.5,3],"texture":"#texture"},"up":{"uv":[1.5,2.5,8.5,3],"texture":"#texture"},"north":{"uv":[8.5,2.5,1.5,3],"texture":"#texture"},"south":{"uv":[1.5,2.5,8.5,3],"texture":"#texture"},"west":{"uv":[13.5,2.5,14.5,3],"texture":"#texture"},"east":{"uv":[13.5,2.5,14.5,3],"texture":"#texture"}}},{"from":[4,16,22],"to":[12,17,23],"faces":{"down":{"uv":[3,2.5,6.5,3],"texture":"#texture"},"up":{"uv":[3,2.5,6.5,3],"texture":"#texture"},"north":{"uv":[7.5,2.5,3,3],"texture":"#texture"},"south":{"uv":[7.5,2.5,3,3],"texture":"#texture"},"west":{"uv":[13.5,2.5,14.5,3],"texture":"#texture"},"east":{"uv":[13.5,2.5,14.5,3],"texture":"#texture"}}},{"from":[0,15,18],"to":[17,16,20],"faces":{"down":{"uv":[1,3,9.5,3.5],"texture":"#texture"},"up":{"uv":[1,3,9.5,3.5],"texture":"#texture"},"north":{"uv":[9.5,3,1,3.5],"texture":"#texture"},"south":{"uv":[1,3,9.5,3.5],"texture":"#texture"},"west":{"uv":[12,3,13,3.5],"texture":"#texture"},"east":{"uv":[13,3,12,3.5],"texture":"#texture"}}},{"from":[1,15,20],"to":[16,16,21],"faces":{"down":{"uv":[1.5,3,9,3.5],"texture":"#texture"},"up":{"uv":[1.5,3,9,3.5],"texture":"#texture"},"north":{"uv":[9,3,1.5,3.5],"texture":"#texture"},"south":{"uv":[1.5,3,9,3.5],"texture":"#texture"},"west":{"uv":[13,3,13.5,3.5],"texture":"#texture"},"east":{"uv":[13,3,13.5,3.5],"texture":"#texture"}}},{"from":[-1,12,18],"to":[17,15,19],"faces":{"down":{"uv":[0.5,4.5,9.5,5],"texture":"#texture"},"up":{"uv":[0.5,3.5,9.5,4],"texture":"#texture"},"north":{"uv":[9.5,3.5,0.5,5],"texture":"#texture"},"south":{"uv":[0.5,3.5,9.5,5],"texture":"#texture"},"west":{"uv":[12,3.5,12.5,5],"texture":"#texture"},"east":{"uv":[12.5,3.5,12,5],"texture":"#texture"}}},{"from":[1,14,19],"to":[15,15,20],"faces":{"down":{"uv":[1.5,3.5,8.5,4],"texture":"#texture"},"up":{"uv":[1.5,3.5,8.5,4],"texture":"#texture"},"north":{"uv":[8.5,3.5,1.5,4],"texture":"#texture"},"south":{"uv":[1.5,3.5,8.5,4],"texture":"#texture"},"west":{"uv":[12.5,3.5,13,4],"texture":"#texture"},"east":{"uv":[12.5,3.5,13,4],"texture":"#texture"}}},{"from":[-1,9,17],"to":[17,12,18],"faces":{"down":{"uv":[0.5,6,9.5,6.5],"texture":"#texture"},"up":{"uv":[0.5,5,9.5,5.5],"texture":"#texture"},"north":{"uv":[9.5,5,0.5,6.5],"texture":"#texture"},"south":{"uv":[0.5,5,9.5,6.5],"texture":"#texture"},"west":{"uv":[11.5,5,12,6.5],"texture":"#texture"},"east":{"uv":[12,5,11.5,6.5],"texture":"#texture"}}},{"from":[-1,6,16],"to":[17,8,17],"faces":{"down":{"uv":[0.5,7,9.5,7.5],"texture":"#texture"},"up":{"uv":[0.5,7,9.5,7.5],"texture":"#texture"},"north":{"uv":[9.5,7,0.5,8],"texture":"#texture"},"south":{"uv":[0.5,7,9.5,8],"texture":"#texture"},"west":{"uv":[11,7,11.5,8],"texture":"#texture"},"east":{"uv":[11,7,11.5,8],"texture":"#texture"}}},{"from":[3,11,18],"to":[4,12,19],"faces":{"down":{"uv":[2.5,5,3,5.5],"texture":"#texture"},"up":{"uv":[2.5,5,3,5.5],"texture":"#texture"},"north":{"uv":[2.5,5,3,5.5],"texture":"#texture"},"south":{"uv":[7,5,7.5,5.5],"texture":"#texture"},"west":{"uv":[12,5,12.5,5.5],"texture":"#texture"},"east":{"uv":[12,5,12.5,5.5],"texture":"#texture"}}},{"from":[12,11,18],"to":[13,12,19],"faces":{"down":{"uv":[2.5,5,3,5.5],"texture":"#texture"},"up":{"uv":[2.5,5,3,5.5],"texture":"#texture"},"north":{"uv":[2.5,5,3,5.5],"texture":"#texture"},"south":{"uv":[7,5,7.5,5.5],"texture":"#texture"},"west":{"uv":[12,5,12.5,5.5],"texture":"#texture"},"east":{"uv":[12,5,12.5,5.5],"texture":"#texture"}}},{"from":[6,11,18],"to":[10,12,19],"faces":{"down":{"uv":[4,5,6,5.5],"texture":"#texture"},"up":{"uv":[4,5,6,5.5],"texture":"#texture"},"north":{"uv":[4,5,6,5.5],"texture":"#texture"},"south":{"uv":[4,5,6,5.5],"texture":"#texture"},"west":{"uv":[4,5,4.5,5.5],"texture":"#texture"},"east":{"uv":[5.5,5,6,5.5],"texture":"#texture"}}},{"from":[4,11,18],"to":[6,12,20],"faces":{"down":{"uv":[3,5,4,5.5],"texture":"#texture"},"up":{"uv":[3,5,4,5.5],"texture":"#texture"},"north":{"uv":[4,5,3,5.5],"texture":"#texture"},"south":{"uv":[3,5,4,5.5],"texture":"#texture"},"west":{"uv":[12.5,5,13,5.5],"texture":"#texture"},"east":{"uv":[12.5,5,13,5.5],"texture":"#texture"}}},{"from":[10,11,18],"to":[12,12,20],"faces":{"down":{"uv":[4,5,3,5.5],"texture":"#texture"},"up":{"uv":[4,5,3,5.5],"texture":"#texture"},"north":{"uv":[3,5,4,5.5],"texture":"#texture"},"south":{"uv":[4,5,3,5.5],"texture":"#texture"},"west":{"uv":[12.5,5,13,5.5],"texture":"#texture"},"east":{"uv":[12.5,5,13,5.5],"texture":"#texture"}}},{"from":[2,10,18],"to":[14,11,19],"faces":{"down":{"uv":[2,5.5,8,6],"texture":"#texture"},"up":{"uv":[2,5.5,8,6],"texture":"#texture"},"north":{"uv":[8,5.5,2,6],"texture":"#texture"},"south":{"uv":[2,5.5,8,6],"texture":"#texture"},"west":{"uv":[12,5.5,12.5,6],"texture":"#texture"},"east":{"uv":[12,5.5,12.5,6],"texture":"#texture"}}},{"from":[6,10,19],"to":[10,14,20],"faces":{"down":{"uv":[4,5.5,6,6],"texture":"#texture"},"up":{"uv":[4,4,6,4.5],"texture":"#texture"},"north":{"uv":[6,4,4,6],"texture":"#texture"},"south":{"uv":[4,4,6,6],"texture":"#texture"},"west":{"uv":[4,4,4.5,6],"texture":"#texture"},"east":{"uv":[5.5,4,6,6],"texture":"#texture"}}},{"from":[4,12,18.9375],"to":[12,13,19.9375],"faces":{"down":{"uv":[3,4.5,7,5],"texture":"#texture"},"up":{"uv":[3,4.5,7,5],"texture":"#texture"},"north":{"uv":[3,4.5,7,5],"texture":"#texture"},"south":{"uv":[3,4.5,7,5],"texture":"#texture"},"west":{"uv":[12.5,4.5,13,5],"texture":"#texture"},"east":{"uv":[12.5,4.5,13,5],"texture":"#texture"}}},{"from":[7,10,20],"to":[9,11,21],"faces":{"down":{"uv":[4.5,5.5,5.5,6],"texture":"#texture"},"up":{"uv":[4.5,5.5,5.5,6],"texture":"#texture"},"north":{"uv":[4.5,5.5,5.5,6],"texture":"#texture"},"south":{"uv":[4.5,5.5,5.5,6],"texture":"#texture"},"west":{"uv":[4.5,5.5,5,6],"texture":"#texture"},"east":{"uv":[5,5.5,5.5,6],"texture":"#texture"}}},{"from":[6,13,20],"to":[9,14,21],"faces":{"down":{"uv":[4,4,5.5,4.5],"texture":"#texture"},"up":{"uv":[4,4,5.5,4.5],"texture":"#texture"},"north":{"uv":[4,4,5.5,4.5],"texture":"#texture"},"south":{"uv":[4,4,5.5,4.5],"texture":"#texture"},"west":{"uv":[4,4,4.5,4.5],"texture":"#texture"},"east":{"uv":[5,4,5.5,4.5],"texture":"#texture"}}},{"from":[7,12,20],"to":[9,13,22],"faces":{"down":{"uv":[4.5,4.5,5.5,5],"texture":"#texture"},"up":{"uv":[4.5,4.5,5.5,5],"texture":"#texture"},"north":{"uv":[4.5,4.5,5.5,5],"texture":"#texture"},"south":{"uv":[4.5,4.5,5.5,5],"texture":"#texture"},"west":{"uv":[13.5,4.5,14.5,5],"texture":"#texture"},"east":{"uv":[13.5,4.5,14.5,5],"texture":"#texture"}}},{"from":[5,13,19],"to":[6,14,20],"faces":{"down":{"uv":[3.5,4,4,4.5],"texture":"#texture"},"up":{"uv":[3.5,4,4,4.5],"texture":"#texture"},"north":{"uv":[3.5,4,4,4.5],"texture":"#texture"},"south":{"uv":[3.5,4,4,4.5],"texture":"#texture"},"west":{"uv":[3.5,4,4,4.5],"texture":"#texture"},"east":{"uv":[3.5,4,4,4.5],"texture":"#texture"}}},{"from":[3,9,18],"to":[13,10,19],"faces":{"down":{"uv":[2.5,6,7.5,6.5],"texture":"#texture"},"up":{"uv":[2.5,6,7.5,6.5],"texture":"#texture"},"north":{"uv":[7.5,6,2.5,6.5],"texture":"#texture"},"south":{"uv":[2.5,6,7.5,6.5],"texture":"#texture"},"west":{"uv":[2.5,6,3,6.5],"texture":"#texture"},"east":{"uv":[7,6,7.5,6.5],"texture":"#texture"}}},{"from":[4,9,19],"to":[12,10,20],"faces":{"down":{"uv":[3,6.5,7,7],"texture":"#texture"},"up":{"uv":[3,6.5,7,7],"texture":"#texture"},"north":{"uv":[3,6.5,7,7],"texture":"#texture"},"south":{"uv":[7,6.5,3,7],"texture":"#texture"},"west":{"uv":[4,6.5,4.5,7],"texture":"#texture"},"east":{"uv":[5.5,6.5,6,7],"texture":"#texture"}}},{"from":[7,9,21],"to":[9,10,22],"faces":{"down":{"uv":[4.5,6.5,5.5,7],"texture":"#texture"},"up":{"uv":[4.5,6.5,5.5,7],"texture":"#texture"},"north":{"uv":[5.5,6.5,4.5,7],"texture":"#texture"},"south":{"uv":[4.5,6.5,5.5,7],"texture":"#texture"},"west":{"uv":[4.5,6.5,5,7],"texture":"#texture"},"east":{"uv":[5,6.5,5.5,7],"texture":"#texture"}}},{"from":[6,9,20],"to":[10,10,21],"faces":{"down":{"uv":[4,6.5,6,7],"texture":"#texture"},"up":{"uv":[4,6.5,6,7],"texture":"#texture"},"north":{"uv":[6,6.5,4,7],"texture":"#texture"},"south":{"uv":[4,6.5,6,7],"texture":"#texture"},"west":{"uv":[4,6.5,4.5,7],"texture":"#texture"},"east":{"uv":[5.5,6.5,6,7],"texture":"#texture"}}},{"from":[2,6,17],"to":[14,9,18],"faces":{"down":{"uv":[2,7,8,7.5],"texture":"#texture"},"up":{"uv":[2,7,8,7.5],"texture":"#texture"},"north":{"uv":[8,7,2,8.5],"texture":"#texture"},"south":{"uv":[2,7,8,8.5],"texture":"#texture"},"west":{"uv":[11.5,7,12,7.5],"texture":"#texture"},"east":{"uv":[11.5,7,12,7.5],"texture":"#texture"}}},{"from":[3,6,18],"to":[13,9,19],"faces":{"down":{"uv":[2.5,8,7.5,8.5],"texture":"#texture"},"up":{"uv":[2.5,7,7.5,7.5],"texture":"#texture"},"north":{"uv":[7.5,7,2.5,8.5],"texture":"#texture"},"south":{"uv":[2.5,7,7.5,8.5],"texture":"#texture"},"west":{"uv":[12,7,12.5,8.5],"texture":"#texture"},"east":{"uv":[12,7,12.5,8.5],"texture":"#texture"}}},{"from":[5,6,19],"to":[11,9,20],"faces":{"down":{"uv":[3.5,8,6.5,8.5],"texture":"#texture"},"up":{"uv":[3.5,7,6.5,7.5],"texture":"#texture"},"north":{"uv":[6.5,7,3.5,8.5],"texture":"#texture"},"south":{"uv":[3.5,7,6.5,8.5],"texture":"#texture"},"west":{"uv":[12.5,7,13,8.5],"texture":"#texture"},"east":{"uv":[12.5,7,13,8.5],"texture":"#texture"}}},{"from":[6,8,20],"to":[10,9,21],"faces":{"down":{"uv":[4,7,6,7.5],"texture":"#texture"},"up":{"uv":[4,7,6,7.5],"texture":"#texture"},"north":{"uv":[4,7,6,7.5],"texture":"#texture"},"south":{"uv":[4,7,6,7.5],"texture":"#texture"},"west":{"uv":[4,7,4.5,7.5],"texture":"#texture"},"east":{"uv":[4,7,4.5,7.5],"texture":"#texture"}}},{"from":[3,5,16],"to":[13,6,19],"faces":{"down":{"uv":[2.5,8,7.5,8.5],"texture":"#texture"},"up":{"uv":[2.5,8,7.5,8.5],"texture":"#texture"},"north":{"uv":[7.5,8,2.5,8.5],"texture":"#texture"},"south":{"uv":[2.5,8,7.5,8.5],"texture":"#texture"},"west":{"uv":[11,8,11.5,8.5],"texture":"#texture"},"east":{"uv":[11,8,11.5,8.5],"texture":"#texture"}}},{"from":[4,1,16],"to":[12,5,18],"faces":{"down":{"uv":[3,10,7,10.5],"texture":"#texture"},"up":{"uv":[3,8.5,7,9],"texture":"#texture"},"north":{"uv":[7,8.5,3,10.5],"texture":"#texture"},"south":{"uv":[3,8.5,7,10.5],"texture":"#texture"},"west":{"uv":[3,8.5,3.5,10.5],"texture":"#texture"},"east":{"uv":[6.5,8.5,7,10.5],"texture":"#texture"}}},{"from":[5,2,18.0625],"to":[11,6,19.0625],"faces":{"down":{"uv":[3.5,10,6.5,10.5],"texture":"#texture"},"up":{"uv":[3.5,8.5,6.5,9],"texture":"#texture"},"north":{"uv":[6.5,8.5,3.5,10.5],"texture":"#texture"},"south":{"uv":[3.5,8.5,6.5,10.5],"texture":"#texture"},"west":{"uv":[12.5,8.5,13,10.5],"texture":"#texture"},"east":{"uv":[12.5,8.5,13,10.5],"texture":"#texture"}}},{"from":[6,2,21],"to":[10,4,22],"faces":{"down":{"uv":[4,9.5,6,10],"texture":"#texture"},"up":{"uv":[4,9,6,9.5],"texture":"#texture"},"north":{"uv":[4,9,6,10],"texture":"#texture"},"south":{"uv":[4,9,6,10],"texture":"#texture"},"west":{"uv":[4,9,4.5,10],"texture":"#texture"},"east":{"uv":[5.5,9,6,10],"texture":"#texture"}}},{"from":[7,2,22],"to":[9,3,23],"faces":{"down":{"uv":[4.5,9.5,5.5,10],"texture":"#texture"},"up":{"uv":[4.5,9.5,5.5,10],"texture":"#texture"},"north":{"uv":[4.5,9.5,5.5,10],"texture":"#texture"},"south":{"uv":[4.5,9.5,5.5,10],"texture":"#texture"},"west":{"uv":[4.5,9.5,5,10],"texture":"#texture"},"east":{"uv":[5,9.5,5.5,10],"texture":"#texture"}}},{"from":[6,6,20],"to":[10,8,21],"faces":{"down":{"uv":[4,8,6,8.5],"texture":"#texture"},"up":{"uv":[4,7.5,6,8],"rotation":90,"texture":"#texture"},"north":{"uv":[4,7.5,6,8.5],"texture":"#texture"},"south":{"uv":[4,7.5,6,8.5],"texture":"#texture"},"west":{"uv":[12.5,7.5,13,8.5],"texture":"#texture"},"east":{"uv":[12.5,7.5,13,8.5],"texture":"#texture"}}},{"from":[7,6,21],"to":[9,8,22],"faces":{"down":{"uv":[4.5,8,5.5,8.5],"texture":"#texture"},"up":{"uv":[4.5,7.5,5.5,8],"rotation":90,"texture":"#texture"},"north":{"uv":[4.5,7.5,5.5,8.5],"texture":"#texture"},"south":{"uv":[4.5,7.5,5.5,8.5],"texture":"#texture"},"west":{"uv":[13.5,7.5,14,8.5],"texture":"#texture"},"east":{"uv":[13.5,7.5,14,8.5],"texture":"#texture"}}},{"from":[5,5,19],"to":[6,6,20],"faces":{"down":{"uv":[3.5,8.5,4,9],"texture":"#texture"},"up":{"uv":[3.5,8.5,4,9],"texture":"#texture"},"north":{"uv":[3.5,8.5,4,9],"texture":"#texture"},"south":{"uv":[3.5,8.5,4,9],"texture":"#texture"},"west":{"uv":[3.5,8.5,4,9],"texture":"#texture"},"east":{"uv":[3.5,8.5,4,9],"texture":"#texture"}}},{"from":[10,5,19],"to":[11,6,20],"faces":{"down":{"uv":[3.5,8.5,4,9],"texture":"#texture"},"up":{"uv":[3.5,8.5,4,9],"texture":"#texture"},"north":{"uv":[3.5,8.5,4,9],"texture":"#texture"},"south":{"uv":[3.5,8.5,4,9],"texture":"#texture"},"west":{"uv":[3.5,8.5,4,9],"texture":"#texture"},"east":{"uv":[3.5,8.5,4,9],"texture":"#texture"}}},{"from":[5,2,19],"to":[11,5,20],"faces":{"down":{"uv":[3.5,9,6.5,9.5],"texture":"#texture"},"up":{"uv":[3.5,9,6.5,9.5],"texture":"#texture"},"north":{"uv":[6.5,9,3.5,10.5],"texture":"#texture"},"south":{"uv":[3.5,9,6.5,10.5],"texture":"#texture"},"west":{"uv":[13,9,13.5,10.5],"texture":"#texture"},"east":{"uv":[13,9,13.5,10.5],"texture":"#texture"}}},{"from":[6,2,20],"to":[10,5,21],"faces":{"down":{"uv":[4,10,6,10.5],"texture":"#texture"},"up":{"uv":[4,9,6,9.5],"texture":"#texture"},"north":{"uv":[6,9,4,10.5],"texture":"#texture"},"south":{"uv":[4,9,6,10.5],"texture":"#texture"},"west":{"uv":[13.5,9,14,10.5],"texture":"#texture"},"east":{"uv":[13.5,9,14,10.5],"texture":"#texture"}}},{"from":[7,1,20],"to":[9,2,22],"faces":{"down":{"uv":[4.5,9.5,5.5,10],"texture":"#texture"},"up":{"uv":[4.5,9.5,5.5,10],"texture":"#texture"},"north":{"uv":[4.5,9.5,5.5,10],"texture":"#texture"},"south":{"uv":[4.5,9.5,5.5,10],"texture":"#texture"},"west":{"uv":[4.5,9.5,5,10],"texture":"#texture"},"east":{"uv":[5,9.5,5.5,10],"texture":"#texture"}}},{"from":[6,1,19],"to":[10,2,20],"faces":{"down":{"uv":[4,10.5,6,11],"texture":"#texture"},"up":{"uv":[4,10.5,6,11],"texture":"#texture"},"north":{"uv":[4,10.5,6,11],"texture":"#texture"},"south":{"uv":[4,10.5,6,11],"texture":"#texture"},"west":{"uv":[12.5,10.5,13,11],"texture":"#texture"},"east":{"uv":[12.5,10.5,13,11],"texture":"#texture"}}},{"from":[5,1,18],"to":[11,2,19],"faces":{"down":{"uv":[4,10.5,6,11],"texture":"#texture"},"up":{"uv":[4,10.5,6,11],"texture":"#texture"},"north":{"uv":[4,10.5,6,11],"texture":"#texture"},"south":{"uv":[4,10.5,6,11],"texture":"#texture"},"west":{"uv":[12.5,10.5,13,11],"texture":"#texture"},"east":{"uv":[12.5,10.5,13,11],"texture":"#texture"}}},{"from":[15,13,1],"to":[16,16,15],"faces":{"down":{"uv":[0,15.5,6.5,16],"rotation":90,"texture":"#texture"},"up":{"uv":[0,14.5,6.5,15],"rotation":90,"texture":"#texture"},"north":{"uv":[0,14.5,0.5,16],"texture":"#texture"},"south":{"uv":[6,14.5,6.5,16],"texture":"#texture"},"west":{"uv":[0,14.5,6.5,16],"texture":"#texture"},"east":{"uv":[6.5,14.5,0,16],"texture":"#texture"}}},{"from":[15,4,1],"to":[16,7,15],"faces":{"down":{"uv":[0,15.5,6.5,16],"rotation":90,"texture":"#texture"},"up":{"uv":[0,14.5,6.5,15],"rotation":90,"texture":"#texture"},"north":{"uv":[0,14.5,0.5,16],"texture":"#texture"},"south":{"uv":[6,14.5,6.5,16],"texture":"#texture"},"west":{"uv":[0,14.5,6.5,16],"texture":"#texture"},"east":{"uv":[6.5,14.5,0,16],"texture":"#texture"}}},{"from":[1,13.5,1],"to":[15,15.5,2],"faces":{"down":{"uv":[0,15,0.5,16],"texture":"#texture"},"up":{"uv":[0,15,0.5,16],"texture":"#texture"},"north":{"uv":[0,15,0.5,16],"texture":"#texture"},"south":{"uv":[0,15,0.5,16],"texture":"#texture"},"west":{"uv":[0,15,0.5,16],"texture":"#texture"},"east":{"uv":[0,15,0.5,16],"texture":"#texture"}}},{"from":[1,4.5,1],"to":[15,6.5,2],"faces":{"down":{"uv":[0,15,0.5,16],"texture":"#texture"},"up":{"uv":[0,15,0.5,16],"texture":"#texture"},"north":{"uv":[0,15,0.5,16],"texture":"#texture"},"south":{"uv":[0,15,0.5,16],"texture":"#texture"},"west":{"uv":[0,15,0.5,16],"texture":"#texture"},"east":{"uv":[0,15,0.5,16],"texture":"#texture"}}},{"from":[0,4,1],"to":[1,7,15],"faces":{"down":{"uv":[0,15.5,6.5,16],"rotation":90,"texture":"#texture"},"up":{"uv":[0,14.5,6.5,15],"rotation":90,"texture":"#texture"},"north":{"uv":[0,14.5,0.5,16],"texture":"#texture"},"south":{"uv":[6,14.5,6.5,16],"texture":"#texture"},"west":{"uv":[0,14.5,6.5,16],"texture":"#texture"},"east":{"uv":[6.5,14.5,0,16],"texture":"#texture"}}},{"from":[0,13,1],"to":[1,16,15],"faces":{"down":{"uv":[0,15.5,6.5,16],"rotation":90,"texture":"#texture"},"up":{"uv":[0,14.5,6.5,15],"rotation":90,"texture":"#texture"},"north":{"uv":[0,14.5,0.5,16],"texture":"#texture"},"south":{"uv":[6,14.5,6.5,16],"texture":"#texture"},"west":{"uv":[0,14.5,6.5,16],"texture":"#texture"},"east":{"uv":[6.5,14.5,0,16],"texture":"#texture"}}}],"display":{"head":{"rotation":[0,180,0],"translation":[0,-1.3,0.5],"scale":[1,1,1]},"fixed":{"rotation":[0,180,0],"translation":[0,-0.9,4.1],"scale":[1.1,1.1,1.1]},"gui":{"rotation":[-30,133,0],"translation":[0,-1.5,0],"scale":[0.7,0.7,0.7]}}}