{
	"__comment": "Designed by Cryptic with Cubik Studio - https://cubik.studio",
	"textures": {
		"particle": "blocks/parappa_blackhat",
		"texture": "blocks/parappa_blackhat",
		"parappa_front": "blocks/parappa_blackhat"
	},
	"elements": [ 	 
		{
			"__comment": "Box2",
			"from": [ 0, 5.5, 9 ],
			"to": [ 2.5, 6, 10 ],
			"faces": {
				"down": { "uv": [ 0, 10, 2.5, 10.5 ], "texture": "#parappa_front" },
				"north": { "uv": [ 2.5, 10, 0, 10.5 ], "texture": "#parappa_front" },
				"south": { "uv": [ 0, 10, 2.5, 10.5 ], "texture": "#parappa_front" },
				"west": { "uv": [ 0, 10, 0.5, 10.5 ], "texture": "#parappa_front" },
				"east": { "uv": [ 2.5, 10.5, 2, 10 ], "texture": "#parappa_front", "rotation": 180 }
			}
		},
		{
			"__comment": "Box3",
			"from": [ 0, 5, 9.5 ],
			"to": [ 2, 5.5, 10.5 ],
			"faces": {
				"down": { "uv": [ 0, 10.5, 2, 11 ], "texture": "#parappa_front" },
				"up": { "uv": [ 0, 11, 2, 10.5 ], "texture": "#parappa_front" },
				"north": { "uv": [ 2, 10.5, 0, 11 ], "texture": "#parappa_front" },
				"south": { "uv": [ 0, 10.5, 2, 11 ], "texture": "#parappa_front" },
				"west": { "uv": [ 0, 10.5, 0.5, 11 ], "texture": "#parappa_front" },
				"east": { "uv": [ 2, 11, 1.5, 10.5 ], "texture": "#parappa_front", "rotation": 180 }
			}
		},
		{
			"__comment": "Box5",
			"from": [ 0.5, 4.5, 10 ],
			"to": [ 1.5, 5, 11 ],
			"faces": {
				"down": { "uv": [ 0.5, 11, 1.5, 11.5 ], "texture": "#parappa_front" },
				"up": { "uv": [ 0.5, 11.5, 1.5, 11 ], "texture": "#parappa_front" },
				"north": { "uv": [ 1.5, 11, 0.5, 11.5 ], "texture": "#parappa_front" },
				"south": { "uv": [ 0.5, 11, 1.5, 11.5 ], "texture": "#parappa_front" },
				"west": { "uv": [ 0.5, 11, 1, 11.5 ], "texture": "#parappa_front" },
				"east": { "uv": [ 1.5, 11.5, 1, 11 ], "texture": "#parappa_front", "rotation": 180 }
			}
		},
		{
			"__comment": "Box6",
			"from": [ 2.5, 7, 9 ],
			"to": [ 13, 9, 10 ],
			"faces": {
				"down": { "uv": [ 2.5, 8.5, 13, 9 ], "texture": "#parappa_front" },
				"up": { "uv": [ 2.5, 7.5, 13, 7 ], "texture": "#parappa_front" },
				"north": { "uv": [ 13, 7, 2.5, 9 ], "texture": "#parappa_front" },
				"south": { "uv": [ 2.5, 7, 13, 9 ], "texture": "#parappa_front" },
				"west": { "uv": [ 2.5, 7, 3, 9 ], "texture": "#parappa_front" },
				"east": { "uv": [ 13, 9, 12.5, 7 ], "texture": "#parappa_front", "rotation": 180 }
			}
		},
		{
			"__comment": "Box7",
			"from": [ 3, 3, 9 ],
			"to": [ 12.5, 10, 10 ],
			"faces": {
				"down": { "uv": [ 3, 12.5, 12.5, 13 ], "texture": "#parappa_front" },
				"up": { "uv": [ 3, 6.5, 12.5, 6 ], "texture": "#parappa_front" },
				"north": { "uv": [ 12.5, 6, 3, 13 ], "texture": "#parappa_front" },
				"south": { "uv": [ 3, 6, 12.5, 13 ], "texture": "#parappa_front" },
				"west": { "uv": [ 3, 6, 3.5, 13 ], "texture": "#parappa_front" },
				"east": { "uv": [ 12.5, 13, 12, 6 ], "texture": "#parappa_front", "rotation": 180 }
			}
		},
		{
			"__comment": "Box8",
			"from": [ 3.5, 2, 9 ],
			"to": [ 12, 11, 10 ],
			"faces": {
				"down": { "uv": [ 3.5, 13.5, 12, 14 ], "texture": "#parappa_front" },
				"up": { "uv": [ 3.5, 5.5, 12, 5 ], "texture": "#parappa_front" },
				"north": { "uv": [ 12, 5, 3.5, 14 ], "texture": "#parappa_front" },
				"south": { "uv": [ 3.5, 5, 12, 14 ], "texture": "#parappa_front" },
				"west": { "uv": [ 3.5, 5, 4, 14 ], "texture": "#parappa_front" },
				"east": { "uv": [ 12, 14, 11.5, 5 ], "texture": "#parappa_front", "rotation": 180 }
			}
		},
		{
			"__comment": "Box9",
			"from": [ 4, 11, 9 ],
			"to": [ 11.5, 12, 10 ],
			"faces": {
				"up": { "uv": [ 4, 4.5, 11.5, 4 ], "texture": "#parappa_front" },
				"north": { "uv": [ 11.5, 4, 4, 5 ], "texture": "#parappa_front" },
				"south": { "uv": [ 4, 4, 11.5, 5 ], "texture": "#parappa_front" },
				"west": { "uv": [ 4, 4, 4.5, 5 ], "texture": "#parappa_front" },
				"east": { "uv": [ 11.5, 5, 11, 4 ], "texture": "#parappa_front", "rotation": 180 }
			}
		},
		{
			"__comment": "Box10",
			"from": [ 4.5, 12, 9 ],
			"to": [ 11, 12.5, 10 ],
			"faces": {
				"up": { "uv": [ 4.5, 4, 11, 3.5 ], "texture": "#parappa_front" },
				"north": { "uv": [ 11, 3.5, 4.5, 4 ], "texture": "#parappa_front" },
				"south": { "uv": [ 4.5, 3.5, 11, 4 ], "texture": "#parappa_front" },
				"west": { "uv": [ 4.5, 3.5, 5, 4 ], "texture": "#parappa_front" },
				"east": { "uv": [ 11, 4, 10.5, 3.5 ], "texture": "#parappa_front", "rotation": 180 }
			}
		},
		{
			"__comment": "Box11",
			"from": [ 5, 12.5, 9 ],
			"to": [ 10.5, 13.5, 10 ],
			"faces": {
				"up": { "uv": [ 5, 3, 10.5, 2.5 ], "texture": "#parappa_front" },
				"north": { "uv": [ 10.5, 2.5, 5, 3.5 ], "texture": "#parappa_front" },
				"south": { "uv": [ 5, 2.5, 10.5, 3.5 ], "texture": "#parappa_front" },
				"west": { "uv": [ 5, 2.5, 5.5, 3.5 ], "texture": "#parappa_front" },
				"east": { "uv": [ 10.5, 3.5, 10, 2.5 ], "texture": "#parappa_front", "rotation": 180 }
			}
		},
		{
			"__comment": "Box12",
			"from": [ 5.5, 13.5, 9 ],
			"to": [ 10, 14, 10 ],
			"faces": {
				"up": { "uv": [ 5.5, 2.5, 10, 2 ], "texture": "#parappa_front" },
				"north": { "uv": [ 10, 2, 5.5, 2.5 ], "texture": "#parappa_front" },
				"south": { "uv": [ 5.5, 2, 10, 2.5 ], "texture": "#parappa_front" },
				"west": { "uv": [ 5.5, 2, 6, 2.5 ], "texture": "#parappa_front" },
				"east": { "uv": [ 10, 2.5, 9.5, 2 ], "texture": "#parappa_front", "rotation": 180 }
			}
		},
		{
			"__comment": "Box13",
			"from": [ 6, 14, 9 ],
			"to": [ 9.5, 14.5, 10 ],
			"faces": {
				"up": { "uv": [ 6, 2, 9.5, 1.5 ], "texture": "#parappa_front" },
				"north": { "uv": [ 9.5, 1.5, 6, 2 ], "texture": "#parappa_front" },
				"south": { "uv": [ 6, 1.5, 9.5, 2 ], "texture": "#parappa_front" },
				"west": { "uv": [ 6, 1.5, 6.5, 2 ], "texture": "#parappa_front" },
				"east": { "uv": [ 9.5, 2, 9, 1.5 ], "texture": "#parappa_front", "rotation": 180 }
			}
		},
		{
			"__comment": "Box14",
			"from": [ 6.5, 14.5, 9 ],
			"to": [ 9, 15, 10 ],
			"faces": {
				"up": { "uv": [ 6.5, 1.5, 9, 1 ], "texture": "#parappa_front" },
				"north": { "uv": [ 9, 1, 6.5, 1.5 ], "texture": "#parappa_front" },
				"west": { "uv": [ 6.5, 1, 7, 1.5 ], "texture": "#parappa_front" },
				"east": { "uv": [ 9, 1.5, 8.5, 1 ], "texture": "#parappa_front", "rotation": 180 }
			}
		},
		{
			"__comment": "Box16",
			"from": [ 12.5, 5.5, 9 ],
			"to": [ 16, 6, 10 ],
			"faces": {
				"down": { "uv": [ 12.5, 10, 16, 10.5 ], "texture": "#parappa_front" },
				"up": { "uv": [ 12.5, 10.5, 16, 10 ], "texture": "#parappa_front" },
				"north": { "uv": [ 16, 10, 12.5, 10.5 ], "texture": "#parappa_front" },
				"south": { "uv": [ 12.5, 10, 16, 10.5 ], "texture": "#parappa_front" }
			}
		},
		{
			"__comment": "Box17",
			"from": [ 13, 5, 9.5 ],
			"to": [ 16, 5.5, 10.5 ],
			"faces": {
				"down": { "uv": [ 13, 10.5, 16, 11 ], "texture": "#parappa_front" },
				"up": { "uv": [ 13, 11, 16, 10.5 ], "texture": "#parappa_front" },
				"north": { "uv": [ 16, 10.5, 13, 11 ], "texture": "#parappa_front" },
				"south": { "uv": [ 13, 10.5, 16, 11 ], "texture": "#parappa_front" },
				"west": { "uv": [ 13, 10.5, 13.5, 11 ], "texture": "#parappa_front" },
				"east": { "uv": [ 16, 11, 15.5, 10.5 ], "texture": "#parappa_front", "rotation": 180 }
			}
		},
		{
			"__comment": "Box18",
			"from": [ 13.5, 4.5, 9.5 ],
			"to": [ 15.5, 5, 10.5 ],
			"faces": {
				"down": { "uv": [ 13.5, 11, 15.5, 11.5 ], "texture": "#parappa_front" },
				"north": { "uv": [ 15.5, 11, 13.5, 11.5 ], "texture": "#parappa_front" },
				"south": { "uv": [ 13.5, 11, 15.5, 11.5 ], "texture": "#parappa_front" },
				"west": { "uv": [ 13.5, 11, 14, 11.5 ], "texture": "#parappa_front" },
				"east": { "uv": [ 15.5, 11.5, 15, 11 ], "texture": "#parappa_front", "rotation": 180 }
			}
		},
		{
			"__comment": "Box19",
			"from": [ 14, 4, 10 ],
			"to": [ 15, 4.5, 11 ],
			"faces": {
				"down": { "uv": [ 14, 11.5, 15, 12 ], "texture": "#parappa_front" },
				"up": { "uv": [ 14, 12, 15, 11.5 ], "texture": "#parappa_front" },
				"north": { "uv": [ 15, 11.5, 14, 12 ], "texture": "#parappa_front" },
				"south": { "uv": [ 14, 11.5, 15, 12 ], "texture": "#parappa_front" },
				"west": { "uv": [ 14, 11.5, 14.5, 12 ], "texture": "#parappa_front" },
				"east": { "uv": [ 15, 12, 14.5, 11.5 ], "texture": "#parappa_front", "rotation": 180 }
			}
		},
		{
			"__comment": "Box22",
			"from": [ 3, 3, 10 ],
			"to": [ 4, 6, 11.3 ],
			"faces": {
				"down": { "uv": [ 3, 10, 3.5, 13 ], "texture": "#texture" },
				"south": { "uv": [ 3, 10, 3.5, 13 ], "texture": "#texture" },
				"west": { "uv": [ 3, 10, 3.5, 13 ], "texture": "#texture" },
				"east": { "uv": [ 3, 10, 3.5, 13 ], "texture": "#texture" }
			}
		},
		{
			"__comment": "Box23",
			"from": [ 3, 6, 10 ],
			"to": [ 4, 6.5, 11.3 ],
			"faces": {
				"south": { "uv": [ 3.5, 10, 4, 11.3 ], "texture": "#texture" },
				"west": { "uv": [ 3.5, 10, 4, 11.3 ], "texture": "#texture" },
				"east": { "uv": [ 3.5, 10, 4, 11.3 ], "texture": "#texture" }
			}
		},
		{
			"__comment": "Box26",
			"from": [ 4.5, 4.5, 10 ],
			"to": [ 5.5, 5, 11.2 ],
			"faces": {
				"down": { "uv": [ 4.5, 4.8, 5.5, 6 ], "texture": "#texture" },
				"up": { "uv": [ 4.5, 10, 5.5, 11.2 ], "texture": "#texture" },
				"south": { "uv": [ 4.5, 11, 5.5, 11.5 ], "texture": "#texture" }
			}
		},
		{
			"__comment": "Box27",
			"from": [ 6.5, 5, 10 ],
			"to": [ 7, 6, 11.1 ],
			"faces": {
				"south": { "uv": [ 6.5, 10, 7, 11 ], "texture": "#texture" },
				"west": { "uv": [ 10, 10, 11.2, 11 ], "texture": "#texture" }
			}
		},
		{
			"__comment": "Box29",
			"from": [ 6.5, 6, 10 ],
			"to": [ 9, 6.5, 11.2 ],
			"faces": {
				"down": { "uv": [ 6.5, 10, 9, 11.2 ], "texture": "#texture" },
				"south": { "uv": [ 6.5, 9.5, 9, 10 ], "texture": "#texture" },
				"west": { "uv": [ 10, 9.5, 11.2, 10 ], "texture": "#texture" },
				"east": { "uv": [ 4.8, 9.5, 6, 10 ], "texture": "#texture" }
			}
		},
		{
			"__comment": "Box30",
			"from": [ 7, 5, 10 ],
			"to": [ 8.5, 6, 11.1 ],
			"faces": {
				"down": { "uv": [ 6.5, 10, 9, 11.2 ], "texture": "#texture" },
				"south": { "uv": [ 7, 10, 8.5, 11 ], "texture": "#texture" }
			}
		},
		{
			"__comment": "Box31",
			"from": [ 6.5, 4.5, 10 ],
			"to": [ 7, 5, 11.1 ],
			"faces": {
				"south": { "uv": [ 6.5, 11, 7, 11.5 ], "texture": "#texture" }
			}
		},
		{
			"__comment": "Box33",
			"from": [ 5, 3, 10 ],
			"to": [ 5.5, 4.5, 11.2 ],
			"faces": {
				"south": { "uv": [ 5, 11.5, 5.5, 13 ], "texture": "#texture" },
				"east": { "uv": [ 4.8, 11.5, 6, 13 ], "texture": "#texture" }
			}
		},
		{
			"__comment": "Box34",
			"from": [ 5.5, 3.5, 10 ],
			"to": [ 6, 4.5, 11.2 ],
			"faces": {
				"down": { "uv": [ 6.5, 10, 9, 11.2 ], "texture": "#texture" },
				"south": { "uv": [ 5.5, 11.5, 6, 12.5 ], "texture": "#texture" }
			}
		},
		{
			"__comment": "Box35",
			"from": [ 6, 3, 10 ],
			"to": [ 8.5, 3.5, 11.1 ],
			"faces": {
				"up": { "uv": [ 6, 10, 8.5, 11.1 ], "texture": "#texture" },
				"south": { "uv": [ 6, 12.5, 8.5, 13 ], "texture": "#texture" }
			}
		},
		{
			"__comment": "Box36",
			"from": [ 6.5, 3.5, 10 ],
			"to": [ 8.5, 4, 11.1 ],
			"faces": {
				"up": { "uv": [ 6.5, 10, 8.5, 11.1 ], "texture": "#texture" },
				"south": { "uv": [ 6.5, 12, 8.5, 12.5 ], "texture": "#texture" }
			}
		},
		{
			"__comment": "Box38",
			"from": [ 8, 4.5, 10 ],
			"to": [ 8.5, 5, 11.1 ],
			"faces": {
				"south": { "uv": [ 8, 11, 8.5, 11.5 ], "texture": "#texture" }
			}
		},
		{
			"__comment": "Box41",
			"from": [ 9.5, 4, 10 ],
			"to": [ 10.5, 5, 11.2 ],
			"faces": {
				"up": { "uv": [ 9.5, 10, 10.5, 11.2 ], "texture": "#texture" },
				"south": { "uv": [ 9.5, 11, 10.5, 12 ], "texture": "#texture" },
				"west": { "uv": [ 10, 11, 11.2, 12 ], "texture": "#texture" }
			}
		},
		{
			"__comment": "Box43",
			"from": [ 10.5, 2, 10 ],
			"to": [ 12, 3, 11.3 ],
			"faces": {
				"down": { "uv": [ 10.5, 13, 12, 14 ], "texture": "#texture" },
				"south": { "uv": [ 10.5, 13, 12, 14 ], "texture": "#texture" },
				"east": { "uv": [ 10.5, 13, 12, 14 ], "texture": "#texture" }
			}
		},
		{
			"__comment": "Box43",
			"from": [ 6, 2, 10 ],
			"to": [ 8.5, 2.5, 11.2 ],
			"faces": {
				"up": { "uv": [ 6, 10, 8.5, 11.2 ], "texture": "#texture" },
				"south": { "uv": [ 6, 13.5, 8.5, 14 ], "texture": "#texture" }
			}
		},
		{
			"__comment": "Box45",
			"from": [ 11, 5, 10 ],
			"to": [ 12.5, 5.5, 11.3 ],
			"faces": {
				"up": { "uv": [ 12, 10, 12.5, 10.5 ], "texture": "#texture" },
				"south": { "uv": [ 11, 10.5, 12.5, 11 ], "texture": "#texture" },
				"west": { "uv": [ 12, 10, 12.5, 10.5 ], "texture": "#texture" },
				"east": { "uv": [ 12, 10, 12.5, 10.5 ], "texture": "#texture" }
			}
		},
		{
			"__comment": "Box46",
			"from": [ 11.5, 5.5, 10 ],
			"to": [ 12.5, 6, 11.3 ],
			"faces": {
				"south": { "uv": [ 11.5, 10, 12.5, 10.5 ], "texture": "#texture" },
				"west": { "uv": [ 12, 10, 12.5, 10.5 ], "texture": "#texture" },
				"east": { "uv": [ 12, 10, 12.5, 10.5 ], "texture": "#texture" }
			}
		},
		{
			"__comment": "Box47",
			"from": [ 5.5, 3, 10 ],
			"to": [ 6, 3.5, 11 ],
			"faces": {
				"south": { "uv": [ 5.5, 12.5, 6, 13 ], "texture": "#texture" }
			}
		},
		{
			"__comment": "Box48",
			"from": [ 6, 2.5, 10 ],
			"to": [ 8.5, 3, 11 ],
			"faces": {
				"south": { "uv": [ 6, 13, 8.5, 13.5 ], "texture": "#texture" }
			}
		},
		{
			"__comment": "Box52",
			"from": [ 0, 6, 9 ],
			"to": [ 3, 6.5, 10 ],
			"faces": {
				"down": { "uv": [ 0, 9.5, 3, 10 ], "texture": "#particle" },
				"up": { "uv": [ 0, 9.5, 3, 10 ], "texture": "#particle" },
				"north": { "uv": [ 0, 9.5, 3, 10 ], "texture": "#particle" },
				"south": { "uv": [ 0, 9.5, 3, 10 ], "texture": "#particle" },
				"west": { "uv": [ 0, 9.5, 3, 10 ], "texture": "#particle" }
			}
		},
		{
			"__comment": "Box53",
			"from": [ 0.5, 6.5, 9 ],
			"to": [ 3, 7, 10 ],
			"faces": {
				"up": { "uv": [ 0.5, 9, 3, 9.5 ], "texture": "#particle" },
				"north": { "uv": [ 0.5, 9, 3, 9.5 ], "texture": "#particle" },
				"south": { "uv": [ 0.5, 9, 3, 9.5 ], "texture": "#particle" },
				"west": { "uv": [ 0.5, 9, 3, 9.5 ], "texture": "#particle" }
			}
		},
		{
			"__comment": "Box54",
			"from": [ 12.5, 5.5, 9 ],
			"to": [ 13, 7, 10 ],
			"faces": {
				"north": { "uv": [ 12.5, 9, 13, 10.5 ], "texture": "#particle" },
				"south": { "uv": [ 12.5, 9, 13, 10.5 ], "texture": "#particle" },
				"east": { "uv": [ 12.5, 9, 13, 10.5 ], "texture": "#particle" }
			}
		},
		{
			"__comment": "Box55",
			"from": [ 13, 5.5, 9 ],
			"to": [ 15.5, 6.5, 10 ],
			"faces": {
				"up": { "uv": [ 13, 9.5, 15.5, 10.5 ], "texture": "#particle" },
				"north": { "uv": [ 13, 9.5, 15.5, 10.5 ], "texture": "#particle" },
				"south": { "uv": [ 13, 9.5, 15.5, 10.5 ], "texture": "#particle" },
				"east": { "uv": [ 13, 9.5, 15.5, 10.5 ], "texture": "#particle" }
			}
		},
		{
			"__comment": "Box57",
			"from": [ 5, 5.5, 10 ],
			"to": [ 6, 6.5, 11.1 ],
			"faces": {
				"south": { "uv": [ 5, 9.5, 6, 10.5 ], "texture": "#texture" }
			}
		},
		{
			"__comment": "Box58",
			"from": [ 9.5, 5.5, 10 ],
			"to": [ 10.5, 6.5, 11.1 ],
			"faces": {
				"south": { "uv": [ 9.5, 9.5, 10.5, 10.5 ], "texture": "#texture" }
			}
		},
		{
			"__comment": "Box59",
			"from": [ 4.5, 5, 10 ],
			"to": [ 6.5, 5.5, 11 ],
			"faces": {
				"down": { "uv": [ 6.5, 10, 9, 11.2 ], "texture": "#texture" },
				"up": { "uv": [ 4.5, 10, 6.5, 11 ], "texture": "#texture" },
				"south": { "uv": [ 4.5, 10.5, 6.5, 11 ], "texture": "#texture" }
			}
		},
		{
			"__comment": "Box60",
			"from": [ 4, 5.5, 10 ],
			"to": [ 5, 6.5, 11 ],
			"faces": {
				"down": { "uv": [ 4, 5, 5, 6 ], "texture": "#texture" },
				"south": { "uv": [ 4, 9.5, 5, 10.5 ], "texture": "#texture" },
				"west": { "uv": [ 10, 9.5, 11, 10.5 ], "texture": "#texture" }
			}
		},
		{
			"__comment": "Box61",
			"from": [ 6, 5.5, 10 ],
			"to": [ 6.5, 6.5, 11 ],
			"faces": {
				"south": { "uv": [ 6, 9.5, 6.5, 10.5 ], "texture": "#texture" },
				"east": { "uv": [ 5, 9.5, 6, 10.5 ], "texture": "#texture" }
			}
		},
		{
			"__comment": "Box62",
			"from": [ 10.5, 5.5, 10 ],
			"to": [ 11.5, 6.5, 11 ],
			"faces": {
				"down": { "uv": [ 10.5, 5, 11.5, 6 ], "texture": "#texture" },
				"south": { "uv": [ 10.5, 9.5, 11.5, 10.5 ], "texture": "#texture" },
				"east": { "uv": [ 5, 9.5, 6, 10.5 ], "texture": "#texture" }
			}
		},
		{
			"__comment": "Box63",
			"from": [ 9, 5, 10 ],
			"to": [ 11, 5.5, 11 ],
			"faces": {
				"down": { "uv": [ 9, 5, 11, 6 ], "texture": "#texture" },
				"up": { "uv": [ 9, 10, 11, 11 ], "texture": "#texture" },
				"south": { "uv": [ 9, 10.5, 11, 11 ], "texture": "#texture" }
			}
		},
		{
			"__comment": "Box64",
			"from": [ 9, 5.5, 10 ],
			"to": [ 9.5, 6.5, 11 ],
			"faces": {
				"south": { "uv": [ 9, 9.5, 9.5, 10.5 ], "texture": "#texture" },
				"west": { "uv": [ 10, 9.5, 11, 10.5 ], "texture": "#texture" }
			}
		},
		{
			"__comment": "Box65",
			"from": [ 3, 6.5, 10 ],
			"to": [ 12.5, 7, 12 ],
			"faces": {
				"down": { "uv": [ 3.5, 6, 12, 7 ], "texture": "#texture" },
				"up": { "uv": [ 3, 9, 12.5, 9.5 ], "texture": "#texture" },
				"south": { "uv": [ 3, 9, 12.5, 9.5 ], "texture": "#texture" },
				"west": { "uv": [ 10, 9, 12, 9.5 ], "texture": "#texture" },
				"east": { "uv": [ 4, 9, 6, 9.5 ], "texture": "#texture" }
			}
		},
		{
			"__comment": "Box66",
			"from": [ 2.5, 7, 10 ],
			"to": [ 3, 9, 12 ],
			"faces": {
				"down": { "uv": [ 2.5, 7, 3, 9 ], "texture": "#texture" },
				"up": { "uv": [ 2.5, 7, 3, 9 ], "texture": "#texture" },
				"south": { "uv": [ 2.5, 7, 3, 9 ], "texture": "#texture" },
				"west": { "uv": [ 2.5, 7, 3, 9 ], "texture": "#texture" }
			}
		},
		{
			"__comment": "Box67",
			"from": [ 3, 9, 10 ],
			"to": [ 3.5, 10, 11.8 ],
			"faces": {
				"up": { "uv": [ 3, 6, 3.5, 7 ], "texture": "#texture" },
				"south": { "uv": [ 3, 6, 3.5, 7 ], "texture": "#texture" },
				"west": { "uv": [ 3, 6, 3.5, 7 ], "texture": "#texture" }
			}
		},
		{
			"__comment": "Box68",
			"from": [ 3.5, 10, 10 ],
			"to": [ 4, 11, 11.6 ],
			"faces": {
				"up": { "uv": [ 6.5, 1, 9, 1.5 ], "texture": "#texture" },
				"south": { "uv": [ 6.5, 1, 9, 1.5 ], "texture": "#texture" },
				"west": { "uv": [ 6.5, 1, 9, 1.5 ], "texture": "#texture" }
			}
		},
		{
			"__comment": "Box70",
			"from": [ 4, 11, 10 ],
			"to": [ 4.5, 12, 11.4 ],
			"faces": {
				"up": { "uv": [ 6.5, 1, 9, 1.5 ], "texture": "#texture" },
				"south": { "uv": [ 6.5, 1, 9, 1.5 ], "texture": "#texture" },
				"west": { "uv": [ 6.5, 1, 9, 1.5 ], "texture": "#texture" }
			}
		},
		{
			"__comment": "Box71",
			"from": [ 4.5, 12, 10 ],
			"to": [ 5, 12.5, 11.3 ],
			"faces": {
				"up": { "uv": [ 6.5, 1, 9, 1.5 ], "texture": "#texture" },
				"south": { "uv": [ 6.5, 1, 9, 1.5 ], "texture": "#texture" },
				"west": { "uv": [ 6.5, 1, 9, 1.5 ], "texture": "#texture" }
			}
		},
		{
			"__comment": "Box72",
			"from": [ 5, 12.5, 10 ],
			"to": [ 5.5, 13.5, 11.2 ],
			"faces": {
				"up": { "uv": [ 6.5, 1, 9, 1.5 ], "texture": "#texture" },
				"south": { "uv": [ 6.5, 1, 9, 1.5 ], "texture": "#texture" },
				"west": { "uv": [ 6.5, 1, 9, 1.5 ], "texture": "#texture" },
				"east": { "uv": [ 6.5, 1, 9, 1.5 ], "texture": "#texture" }
			}
		},
		{
			"__comment": "Box73",
			"from": [ 5.5, 13.5, 10 ],
			"to": [ 6, 14, 11.1 ],
			"faces": {
				"up": { "uv": [ 6.5, 1, 9, 1.5 ], "texture": "#texture" },
				"south": { "uv": [ 6.5, 1, 9, 1.5 ], "texture": "#texture" },
				"west": { "uv": [ 6.5, 1, 9, 1.5 ], "texture": "#texture" }
			}
		},
		{
			"__comment": "Box74",
			"from": [ 6, 14, 10 ],
			"to": [ 6.5, 14.5, 11.1 ],
			"faces": {
				"up": { "uv": [ 6.5, 1, 9, 1.5 ], "texture": "#texture" },
				"south": { "uv": [ 6.5, 1, 9, 1.5 ], "texture": "#texture" },
				"west": { "uv": [ 6.5, 1, 9, 1.5 ], "texture": "#texture" }
			}
		},
		{
			"__comment": "Box74",
			"from": [ 12.5, 7, 10 ],
			"to": [ 13, 9, 12 ],
			"faces": {
				"down": { "uv": [ 12.5, 7, 13, 9 ], "texture": "#texture" },
				"up": { "uv": [ 12.5, 7, 13, 9 ], "texture": "#texture" },
				"south": { "uv": [ 12.5, 7, 13, 9 ], "texture": "#texture" },
				"east": { "uv": [ 12.5, 7, 13, 9 ], "texture": "#texture" }
			}
		},
		{
			"__comment": "Box75",
			"from": [ 12, 9, 10 ],
			"to": [ 12.5, 10, 11.8 ],
			"faces": {
				"up": { "uv": [ 10.5, 3.5, 11, 4 ], "texture": "#texture" },
				"south": { "uv": [ 10.5, 3.5, 11, 4 ], "texture": "#texture" },
				"east": { "uv": [ 10.5, 3.5, 11, 4 ], "texture": "#texture" }
			}
		},
		{
			"__comment": "Box76",
			"from": [ 11.5, 10, 10 ],
			"to": [ 12, 11, 11.6 ],
			"faces": {
				"up": { "uv": [ 10.5, 3.5, 11, 4 ], "texture": "#texture" },
				"south": { "uv": [ 10.5, 3.5, 11, 4 ], "texture": "#texture" },
				"east": { "uv": [ 10.5, 3.5, 11, 4 ], "texture": "#texture" }
			}
		},
		{
			"__comment": "Box77",
			"from": [ 11, 11, 10 ],
			"to": [ 11.5, 12, 11.4 ],
			"faces": {
				"up": { "uv": [ 10.5, 3.5, 11, 4 ], "texture": "#texture" },
				"south": { "uv": [ 10.5, 3.5, 11, 4 ], "texture": "#texture" },
				"east": { "uv": [ 10.5, 3.5, 11, 4 ], "texture": "#texture" }
			}
		},
		{
			"__comment": "Box78",
			"from": [ 10.5, 12, 10 ],
			"to": [ 11, 12.5, 11.2 ],
			"faces": {
				"up": { "uv": [ 10.5, 3.5, 11, 4 ], "texture": "#texture" },
				"south": { "uv": [ 10.5, 3.5, 11, 4 ], "texture": "#texture" },
				"east": { "uv": [ 10.5, 3.5, 11, 4 ], "texture": "#texture" }
			}
		},
		{
			"__comment": "Box79",
			"from": [ 10, 12.5, 10 ],
			"to": [ 10.5, 13.5, 11.2 ],
			"faces": {
				"up": { "uv": [ 10, 2.5, 10.5, 3.5 ], "texture": "#texture" },
				"south": { "uv": [ 10, 2.5, 10.5, 3.5 ], "texture": "#texture" },
				"west": { "uv": [ 10, 2.5, 10.5, 3.5 ], "texture": "#texture" },
				"east": { "uv": [ 10, 2.5, 10.5, 3.5 ], "texture": "#texture" }
			}
		},
		{
			"__comment": "Box80",
			"from": [ 9.5, 13.5, 10 ],
			"to": [ 10, 14, 11.1 ],
			"faces": {
				"up": { "uv": [ 9.5, 2, 10, 2.5 ], "texture": "#texture" },
				"south": { "uv": [ 9.5, 2, 10, 2.5 ], "texture": "#texture" },
				"east": { "uv": [ 9.5, 2, 10, 2.5 ], "texture": "#texture" }
			}
		},
		{
			"__comment": "Box81",
			"from": [ 9, 14, 10 ],
			"to": [ 9.5, 14.5, 11.1 ],
			"faces": {
				"up": { "uv": [ 9, 1.5, 9.5, 2 ], "texture": "#texture" },
				"south": { "uv": [ 9, 1.5, 9.5, 2 ], "texture": "#texture" },
				"east": { "uv": [ 9, 1.5, 9.5, 2 ], "texture": "#texture" }
			}
		},
		{
			"__comment": "Box83",
			"from": [ 6.5, 14, 10 ],
			"to": [ 9, 14.5, 11.1 ],
			"faces": {
				"south": { "uv": [ 6.5, 1.5, 9, 2 ], "texture": "#texture" }
			}
		},
		{
			"__comment": "Box84",
			"from": [ 6, 13, 10 ],
			"to": [ 9.5, 14, 11.1 ],
			"faces": {
				"up": { "uv": [ 6, 2, 9.5, 3 ], "texture": "#texture" },
				"north": { "uv": [ 6.5, 2, 10, 3 ], "texture": "#texture" },
				"south": { "uv": [ 6, 2, 9.5, 3 ], "texture": "#texture" },
				"west": { "uv": [ 9.5, 2.5, 10, 3 ], "texture": "#texture" },
				"east": { "uv": [ 9.5, 2.5, 10, 3 ], "texture": "#texture" }
			}
		},
		{
			"__comment": "Box85",
			"from": [ 5.5, 13, 10 ],
			"to": [ 6, 13.5, 11.1 ],
			"faces": {
				"south": { "uv": [ 5.5, 2.5, 6, 3 ], "texture": "#texture" }
			}
		},
		{
			"__comment": "Box86",
			"from": [ 9.5, 13, 10 ],
			"to": [ 10, 13.5, 11.1 ],
			"faces": {
				"south": { "uv": [ 9.5, 2.5, 10, 3 ], "texture": "#texture" }
			}
		},
		{
			"__comment": "Box87",
			"from": [ 5.5, 12, 10 ],
			"to": [ 10, 13, 11.2 ],
			"faces": {
				"up": { "uv": [ 5.5, 3, 10, 4 ], "texture": "#texture" },
				"north": { "uv": [ 6, 3, 10.5, 4 ], "texture": "#texture" },
				"south": { "uv": [ 5.5, 3, 10, 4 ], "texture": "#texture" },
				"west": { "uv": [ 9.5, 2.5, 10, 3 ], "texture": "#texture" },
				"east": { "uv": [ 9.5, 2.5, 10, 3 ], "texture": "#texture" }
			}
		},
		{
			"__comment": "Box88",
			"from": [ 5, 12, 10 ],
			"to": [ 5.5, 12.5, 11.2 ],
			"faces": {
				"up": { "uv": [ 5, 3.5, 5.5, 4 ], "texture": "#texture" },
				"south": { "uv": [ 5, 3.5, 5.5, 4 ], "texture": "#texture" },
				"west": { "uv": [ 9.5, 2.5, 10, 3 ], "texture": "#texture" }
			}
		},
		{
			"__comment": "Box89",
			"from": [ 10, 12, 10 ],
			"to": [ 10.5, 12.5, 11.2 ],
			"faces": {
				"south": { "uv": [ 10, 3.5, 10.5, 4 ], "texture": "#texture" }
			}
		},
		{
			"__comment": "Box90",
			"from": [ 4.5, 11, 10 ],
			"to": [ 11, 12, 11.4 ],
			"faces": {
				"up": { "uv": [ 4.5, 4, 11, 5 ], "texture": "#texture" },
				"south": { "uv": [ 4.5, 4, 11, 5 ], "texture": "#texture" }
			}
		},
		{
			"__comment": "Box91",
			"from": [ 4, 10, 10 ],
			"to": [ 11.5, 11, 11.6 ],
			"faces": {
				"up": { "uv": [ 4, 5, 11.5, 6 ], "texture": "#texture" },
				"south": { "uv": [ 4, 5, 11.5, 6 ], "texture": "#texture" }
			}
		},
		{
			"__comment": "Box92",
			"from": [ 3.5, 9, 10 ],
			"to": [ 12, 10, 11.8 ],
			"faces": {
				"down": { "uv": [ 3.5, 4.2, 12, 6 ], "texture": "#texture" },
				"up": { "uv": [ 3.5, 6, 12, 7 ], "texture": "#texture" },
				"south": { "uv": [ 3.5, 6, 12, 7 ], "texture": "#texture" }
			}
		},
		{
			"__comment": "Box93",
			"from": [ 3, 7, 10 ],
			"to": [ 6, 9, 12 ],
			"faces": {
				"up": { "uv": [ 10, 7, 13, 9 ], "texture": "#texture" },
				"south": { "uv": [ 3, 7, 6, 9 ], "texture": "#texture" },
				"west": { "uv": [ 10, 7, 12, 9 ], "texture": "#texture" },
				"east": { "uv": [ 4, 7, 6, 9 ], "texture": "#texture" }
			}
		},
		{
			"__comment": "Box94",
			"from": [ 9.5, 7, 10 ],
			"to": [ 12.5, 9, 12 ],
			"faces": {
				"up": { "uv": [ 10, 7, 13, 9 ], "texture": "#texture" },
				"south": { "uv": [ 9.5, 7, 12.5, 9 ], "texture": "#texture" },
				"west": { "uv": [ 10, 7, 12, 9 ], "texture": "#texture" },
				"east": { "uv": [ 4, 7, 6, 9 ], "texture": "#texture" }
			}
		},
		{
			"__comment": "Box95",
			"from": [ 6, 8.5, 10 ],
			"to": [ 9.5, 9, 12 ],
			"faces": {
				"up": { "uv": [ 10, 7, 13, 9 ], "texture": "#texture" },
				"south": { "uv": [ 6, 7, 10, 7.5 ], "texture": "#texture" }
			}
		},
		{
			"__comment": "Box96",
			"from": [ 6, 8, 10 ],
			"to": [ 9.5, 8.5, 12 ],
			"faces": {
				"down": { "uv": [ 6, 4, 9.5, 6 ], "texture": "#texture" },
				"south": { "uv": [ 6, 7.5, 9.5, 8 ], "texture": "#texture" }
			}
		},
		{
			"__comment": "Box97",
			"from": [ 5.5, 1.5, 9 ],
			"to": [ 10, 2, 11.5 ],
			"faces": {
				"down": { "uv": [ 5.5, 14, 10, 14.5 ], "texture": "#texture" },
				"up": { "uv": [ 5.5, 14, 10, 14.5 ], "texture": "#texture" },
				"north": { "uv": [ 5.5, 14, 10, 14.5 ], "texture": "#texture" },
				"south": { "uv": [ 5.5, 14, 10, 14.5 ], "texture": "#texture" },
				"west": { "uv": [ 5.5, 14, 10, 14.5 ], "texture": "#texture" },
				"east": { "uv": [ 5.5, 14, 10, 14.5 ], "texture": "#texture" }
			}
		},
		{
			"__comment": "Box98",
			"from": [ 6, 7, 10 ],
			"to": [ 6.5, 8, 12 ],
			"faces": {
				"south": { "uv": [ 6, 8, 6.5, 9 ], "texture": "#texture" }
			}
		},
		{
			"__comment": "Box99",
			"from": [ 9, 7, 10 ],
			"to": [ 9.5, 8, 12 ],
			"faces": {
				"south": { "uv": [ 9, 8, 9.5, 9 ], "texture": "#texture" }
			}
		},
		{
			"__comment": "Box100",
			"from": [ 6.5, 7, 10 ],
			"to": [ 9, 8, 12.3 ],
			"faces": {
				"down": { "uv": [ 6.5, 8, 9, 8.5 ], "texture": "#texture" },
				"up": { "uv": [ 6.5, 8, 9, 8.5 ], "texture": "#texture" },
				"south": { "uv": [ 6.5, 8, 9, 8.5 ], "texture": "#texture" },
				"west": { "uv": [ 6.5, 8, 9, 8.5 ], "texture": "#texture" },
				"east": { "uv": [ 6.5, 8, 9, 8.5 ], "texture": "#texture" }
			}
		},
		{
			"__comment": "Box99",
			"from": [ 11.5, 6, 10 ],
			"to": [ 12.5, 6.5, 11.3 ],
			"faces": {
				"south": { "uv": [ 11.5, 9.5, 12.5, 10 ], "texture": "#texture" },
				"west": { "uv": [ 11.5, 9.5, 12.5, 10 ], "texture": "#texture" },
				"east": { "uv": [ 11.5, 9.5, 12.5, 10 ], "texture": "#texture" }
			}
		},
		{
			"__comment": "Box100",
			"from": [ 3.5, 4.5, 1 ],
			"to": [ 4, 6.5, 9 ],
			"faces": {
				"down": { "uv": [ 10.5, 0, 16, 1.5 ], "texture": "#texture" },
				"up": { "uv": [ 10.5, 0, 16, 1.5 ], "texture": "#texture" },
				"north": { "uv": [ 10.5, 0, 16, 1.5 ], "texture": "#texture" },
				"west": { "uv": [ 10.5, 0, 16, 1.5 ], "texture": "#texture" },
				"east": { "uv": [ 10.5, 0, 16, 1.5 ], "texture": "#texture" }
			}
		},
		{
			"__comment": "Box100",
			"from": [ 12, 4.5, 1 ],
			"to": [ 12.5, 6.5, 9 ],
			"faces": {
				"down": { "uv": [ 10.5, 0, 16, 1.5 ], "texture": "#texture" },
				"up": { "uv": [ 10.5, 0, 16, 1.5 ], "texture": "#texture" },
				"north": { "uv": [ 10.5, 0, 16, 1.5 ], "texture": "#texture" },
				"west": { "uv": [ 10.5, 0, 16, 1.5 ], "texture": "#texture" },
				"east": { "uv": [ 10.5, 0, 16, 1.5 ], "texture": "#texture" }
			}
		},
		{
			"__comment": "Box100",
			"from": [ 3.5, 8, 1 ],
			"to": [ 4, 10, 9 ],
			"faces": {
				"down": { "uv": [ 10.5, 0, 16, 1.5 ], "texture": "#texture" },
				"up": { "uv": [ 10.5, 0, 16, 1.5 ], "texture": "#texture" },
				"north": { "uv": [ 10.5, 0, 16, 1.5 ], "texture": "#texture" },
				"west": { "uv": [ 10.5, 0, 16, 1.5 ], "texture": "#texture" },
				"east": { "uv": [ 10.5, 0, 16, 1.5 ], "texture": "#texture" }
			}
		},
		{
			"__comment": "Box100",
			"from": [ 12, 8, 1 ],
			"to": [ 12.5, 10, 9 ],
			"faces": {
				"down": { "uv": [ 10.5, 0, 16, 1.5 ], "texture": "#texture" },
				"up": { "uv": [ 10.5, 0, 16, 1.5 ], "texture": "#texture" },
				"north": { "uv": [ 10.5, 0, 16, 1.5 ], "texture": "#texture" },
				"west": { "uv": [ 10.5, 0, 16, 1.5 ], "texture": "#texture" },
				"east": { "uv": [ 10.5, 0, 16, 1.5 ], "texture": "#texture" }
			}
		},
		{
			"__comment": "Box104",
			"from": [ 4, 4.5, 1 ],
			"to": [ 12, 6.5, 1.5 ],
			"faces": {
				"down": { "uv": [ 10.5, 0, 16, 1.5 ], "texture": "#texture" },
				"up": { "uv": [ 10.5, 0, 16, 1.5 ], "texture": "#texture" },
				"north": { "uv": [ 10.5, 0, 16, 1.5 ], "texture": "#texture" },
				"south": { "uv": [ 10.5, 0, 16, 1.5 ], "texture": "#texture" }
			}
		},
		{
			"__comment": "Box104",
			"from": [ 4, 8, 1 ],
			"to": [ 12, 10, 1.5 ],
			"faces": {
				"down": { "uv": [ 10.5, 0, 16, 1.5 ], "texture": "#texture" },
				"up": { "uv": [ 10.5, 0, 16, 1.5 ], "texture": "#texture" },
				"north": { "uv": [ 10.5, 0, 16, 1.5 ], "texture": "#texture" },
				"south": { "uv": [ 10.5, 0, 16, 1.5 ], "texture": "#texture" }
			}
		},
		{
			"__comment": "Box106",
			"from": [ 5.5, 2, 10 ],
			"to": [ 6, 3, 11.2 ],
			"faces": {
				"up": { "uv": [ 5.5, 10, 6, 11.2 ], "texture": "#texture" },
				"south": { "uv": [ 5.5, 13, 6, 14 ], "texture": "#texture" },
				"east": { "uv": [ 4.8, 13, 6, 14 ], "texture": "#texture" }
			}
		},
		{
			"__comment": "Box109",
			"from": [ 8.5, 4.5, 10 ],
			"to": [ 9, 5, 11.1 ],
			"faces": {
				"south": { "uv": [ 8.5, 11, 9, 11.5 ], "texture": "#texture" }
			}
		},
		{
			"__comment": "Box110",
			"from": [ 6, 3.5, 10 ],
			"to": [ 6.5, 4.5, 11.1 ],
			"faces": {
				"south": { "uv": [ 6, 11.5, 6.5, 12.5 ], "texture": "#texture" },
				"east": { "uv": [ 4.9, 11.5, 6, 12.5 ], "texture": "#texture" }
			}
		},
		{
			"__comment": "Box37",
			"from": [ 8.5, 2, 10 ],
			"to": [ 9, 4.5, 11.1 ],
			"faces": {
				"south": { "uv": [ 9, 11.5, 9.5, 14 ], "texture": "#texture" },
				"west": { "uv": [ 10, 11.5, 11, 14 ], "texture": "#texture" }
			}
		},
		{
			"__comment": "Box111",
			"from": [ 7, 4, 10 ],
			"to": [ 8, 5, 11.4 ],
			"faces": {
				"down": { "uv": [ 8, 11.5, 8.5, 12 ], "texture": "#texture" },
				"up": { "uv": [ 8, 11.5, 8.5, 12 ], "texture": "#texture" },
				"north": { "uv": [ 8, 11.5, 8.5, 12 ], "texture": "#texture" },
				"south": { "uv": [ 7, 11, 8, 12 ], "texture": "#texture" },
				"west": { "uv": [ 8, 11.5, 8.5, 12 ], "texture": "#texture" },
				"east": { "uv": [ 8, 11.5, 8.5, 12 ], "texture": "#texture" }
			}
		},
		{
			"__comment": "Box112",
			"from": [ 6.5, 4, 10 ],
			"to": [ 7, 4.5, 11.35 ],
			"faces": {
				"down": { "uv": [ 8, 11.5, 8.5, 12 ], "texture": "#texture" },
				"up": { "uv": [ 8, 11.5, 8.5, 12 ], "texture": "#texture" },
				"north": { "uv": [ 8, 11.5, 8.5, 12 ], "texture": "#texture" },
				"south": { "uv": [ 8, 11.5, 8.5, 12 ], "texture": "#texture" },
				"west": { "uv": [ 8, 11.5, 8.5, 12 ], "texture": "#texture" },
				"east": { "uv": [ 8, 11.5, 8.5, 12 ], "texture": "#texture" }
			}
		},
		{
			"__comment": "Box113",
			"from": [ 8, 4, 10 ],
			"to": [ 8.5, 4.5, 11.35 ],
			"faces": {
				"down": { "uv": [ 8, 11.5, 8.5, 12 ], "texture": "#texture" },
				"up": { "uv": [ 8, 11.5, 8.5, 12 ], "texture": "#texture" },
				"north": { "uv": [ 8, 11.5, 8.5, 12 ], "texture": "#texture" },
				"south": { "uv": [ 8, 11.5, 8.5, 12 ], "texture": "#texture" },
				"west": { "uv": [ 8, 11.5, 8.5, 12 ], "texture": "#texture" },
				"east": { "uv": [ 8, 11.5, 8.5, 12 ], "texture": "#texture" }
			}
		},
		{
			"__comment": "Box115",
			"from": [ 4, 4.5, 10 ],
			"to": [ 4.5, 5.5, 11.2 ],
			"faces": {
				"down": { "uv": [ 4, 4.8, 4.5, 6 ], "texture": "#texture" },
				"up": { "uv": [ 4, 10, 4.5, 11.2 ], "texture": "#texture" },
				"north": { "uv": [ 11.5, 10.5, 12, 11.5 ], "texture": "#texture" },
				"south": { "uv": [ 4, 10.5, 4.5, 11.5 ], "texture": "#texture" },
				"west": { "uv": [ 10, 10.5, 11.2, 11.5 ], "texture": "#texture" },
				"east": { "uv": [ 4.8, 10.5, 6, 11.5 ], "texture": "#texture" }
			}
		},
		{
			"__comment": "Box116",
			"from": [ 4.5, 2, 10 ],
			"to": [ 5.5, 3, 11.2 ],
			"faces": {
				"down": { "uv": [ 3.5, 13, 4.5, 14 ], "texture": "#texture" },
				"up": { "uv": [ 10.5, 13, 11.5, 14 ], "texture": "#texture" },
				"north": { "uv": [ 10.5, 13, 11.5, 14 ], "texture": "#texture" },
				"south": { "uv": [ 10.5, 13, 11.5, 14 ], "texture": "#texture" },
				"west": { "uv": [ 10.5, 13, 11.5, 14 ], "texture": "#texture" },
				"east": { "uv": [ 10.5, 13, 11.5, 14 ], "texture": "#texture" }
			}
		},
		{
			"__comment": "Box117",
			"from": [ 4, 3, 10 ],
			"to": [ 5, 4.5, 11.2 ],
			"faces": {
				"down": { "uv": [ 4, 11.5, 5, 13 ], "texture": "#texture" },
				"up": { "uv": [ 4, 11.5, 5, 13 ], "texture": "#texture" },
				"north": { "uv": [ 4, 11.5, 5, 13 ], "texture": "#texture" },
				"south": { "uv": [ 4, 11.5, 5, 13 ], "texture": "#texture" },
				"west": { "uv": [ 4, 11.5, 5, 13 ], "texture": "#texture" },
				"east": { "uv": [ 4, 11.5, 5, 13 ], "texture": "#texture" }
			}
		},
		{
			"__comment": "Box118",
			"from": [ 3.5, 2, 10 ],
			"to": [ 4.5, 3, 11.3 ],
			"faces": {
				"down": { "uv": [ 3.5, 13, 4.5, 14 ], "texture": "#texture" },
				"up": { "uv": [ 3.5, 13, 4.5, 14 ], "texture": "#texture" },
				"north": { "uv": [ 3.5, 13, 4.5, 14 ], "texture": "#texture" },
				"south": { "uv": [ 3.5, 13, 4.5, 14 ], "texture": "#texture" },
				"west": { "uv": [ 3.5, 13, 4.5, 14 ], "texture": "#texture" },
				"east": { "uv": [ 3.5, 13, 4.5, 14 ], "texture": "#texture" }
			}
		},
		{
			"__comment": "Box119",
			"from": [ 5.5, 4.5, 10 ],
			"to": [ 6.5, 5, 11.2 ],
			"faces": {
				"down": { "uv": [ 4.8, 11, 6, 11.5 ], "texture": "#texture" },
				"up": { "uv": [ 5.5, 10, 6.5, 11.2 ], "texture": "#texture" },
				"north": { "uv": [ 9.5, 11, 10.5, 11.5 ], "texture": "#texture" },
				"south": { "uv": [ 5.5, 11, 6.5, 11.5 ], "texture": "#texture" },
				"west": { "uv": [ 10, 11, 11.2, 11.5 ], "texture": "#texture" },
				"east": { "uv": [ 4.8, 11, 6, 11.5 ], "texture": "#texture" }
			}
		},
		{
			"__comment": "Box120",
			"from": [ 8.5, 5, 10 ],
			"to": [ 9, 6, 11.1 ],
			"faces": {
				"down": { "uv": [ 8.5, 4.9, 9, 6 ], "texture": "#texture" },
				"up": { "uv": [ 8.5, 10, 9, 11.1 ], "texture": "#texture" },
				"north": { "uv": [ 7, 10, 7.5, 11 ], "texture": "#texture" },
				"south": { "uv": [ 8.5, 10, 9, 11 ], "texture": "#texture" },
				"west": { "uv": [ 10, 10, 11.1, 11 ], "texture": "#texture" },
				"east": { "uv": [ 4.9, 10, 6, 11 ], "texture": "#texture" }
			}
		},
		{
			"__comment": "Box121",
			"from": [ 9, 2, 10 ],
			"to": [ 9.5, 4.5, 11.2 ],
			"faces": {
				"down": { "uv": [ 9, 4.8, 9.5, 6 ], "texture": "#texture" },
				"up": { "uv": [ 9, 10, 9.5, 11.2 ], "texture": "#texture" },
				"north": { "uv": [ 6.5, 11.5, 7, 14 ], "texture": "#texture" },
				"south": { "uv": [ 9, 11.5, 9.5, 14 ], "texture": "#texture" },
				"west": { "uv": [ 10, 11.5, 11.2, 14 ], "texture": "#texture" },
				"east": { "uv": [ 4.8, 11.5, 6, 14 ], "texture": "#texture" }
			}
		},
		{
			"__comment": "Box122",
			"from": [ 9.5, 2, 10 ],
			"to": [ 10.5, 3, 11.3 ],
			"faces": {
				"down": { "uv": [ 10, 13, 11.3, 14 ], "texture": "#texture" },
				"up": { "uv": [ 9.5, 10, 10.5, 11.3 ], "texture": "#texture" },
				"north": { "uv": [ 5.5, 13, 6.5, 14 ], "texture": "#texture" },
				"south": { "uv": [ 9.5, 13, 10.5, 14 ], "texture": "#texture" },
				"west": { "uv": [ 10, 13, 11.3, 14 ], "texture": "#texture" },
				"east": { "uv": [ 4.7, 13, 6, 14 ], "texture": "#texture" }
			}
		},
		{
			"__comment": "Box123",
			"from": [ 10.5, 4, 10 ],
			"to": [ 12.5, 5, 11.3 ],
			"faces": {
				"down": { "uv": [ 10.5, 4.7, 12.5, 6 ], "texture": "#texture" },
				"up": { "uv": [ 10.5, 10, 12.5, 11.3 ], "texture": "#texture" },
				"north": { "uv": [ 3.5, 11, 5.5, 12 ], "texture": "#texture" },
				"south": { "uv": [ 10.5, 11, 12.5, 12 ], "texture": "#texture" },
				"west": { "uv": [ 10, 11, 11.3, 12 ], "texture": "#texture" },
				"east": { "uv": [ 4.7, 11, 6, 12 ], "texture": "#texture" }
			}
		},
		{
			"__comment": "Box124",
			"from": [ 9, 4.5, 10 ],
			"to": [ 9.5, 5, 11.2 ],
			"faces": {
				"down": { "uv": [ 9, 4.8, 9.5, 6 ], "texture": "#texture" },
				"up": { "uv": [ 9, 10, 9.5, 11.2 ], "texture": "#texture" },
				"north": { "uv": [ 6.5, 11, 7, 11.5 ], "texture": "#texture" },
				"south": { "uv": [ 9, 11, 9.5, 11.5 ], "texture": "#texture" },
				"west": { "uv": [ 10, 11, 11.2, 11.5 ], "texture": "#texture" },
				"east": { "uv": [ 4.8, 11, 6, 11.5 ], "texture": "#texture" }
			}
		},
		{
			"__comment": "Box125",
			"from": [ 9.5, 3, 10 ],
			"to": [ 12.5, 4, 11.3 ],
			"faces": {
				"down": { "uv": [ 9.5, 12, 12.5, 13 ], "texture": "#texture" },
				"up": { "uv": [ 9.5, 10, 12.5, 11.3 ], "texture": "#texture" },
				"north": { "uv": [ 9.5, 12, 12.5, 13 ], "texture": "#texture" },
				"south": { "uv": [ 9.5, 12, 12.5, 13 ], "texture": "#texture" },
				"west": { "uv": [ 10, 12, 11.3, 13 ], "texture": "#texture" },
				"east": { "uv": [ 9.5, 12, 12.5, 13 ], "texture": "#texture" }
			}
		},
		{
			"__comment": "Box126",
			"from": [ 6.5, 14.5, 10 ],
			"to": [ 9, 15, 11 ],
			"faces": {
				"down": { "uv": [ 6.5, 1, 9, 1.5 ], "texture": "#texture" },
				"up": { "uv": [ 6.5, 1, 9, 1.5 ], "texture": "#texture" },
				"north": { "uv": [ 6.5, 1, 9, 1.5 ], "texture": "#texture" },
				"south": { "uv": [ 6.5, 1, 9, 1.5 ], "texture": "#texture" },
				"west": { "uv": [ 6.5, 1, 9, 1.5 ], "texture": "#texture" },
				"east": { "uv": [ 6.5, 1, 9, 1.5 ], "texture": "#texture" }
			}
		}
	],
"display": {
    "thirdperson": {
        "rotation": [ -154, 0, 0 ],
        "translation": [ 0, 0, -1.2 ],
        "scale": [ 1, 1, 1 ]
    },
    "head": {
        "rotation": [ 0, 180, 0 ],
        "translation": [ 0, 1.2, -2.5 ],
        "scale": [ 1.99, 2.04, 2 ]
    },
    "fixed": {
        "rotation": [ 0, 180, 0 ],
        "translation": [ 0, 0, 0 ],
        "scale": [ 2.36, 2.3, 1 ]
    },
    "firstperson": {
        "rotation": [ 0, 162, 0 ],
        "translation": [ 0, 0, 0 ],
        "scale": [ 1, 1, 1 ]
    },
    "gui": {
        "rotation": [ -27, 135, 0 ],
        "translation": [ 0, 0, 0 ],
        "scale": [ 1.54, 1.61, 1 ]
    }
}
}