{
	"__comment": "Designed by Hypixel minecraft server with BDcraft Cubik PRO 0.91 Beta - http://bdcraft.net",
	"textures": {
		"texture": "items/webbing"
	},
	"elements": [ 	 
		{
			"from": [ 0, 6, 6.5 ],
			"to": [ 16, 8.5, 9 ],
			"faces": {
				"down": { "uv": [ 0, 0, 16, 4 ], "texture": "#texture" },
				"up": { "uv": [ 0, 0, 16, 4 ], "texture": "#texture" },
				"north": { "uv": [ 0, 0, 16, 4 ], "texture": "#texture" },
				"south": { "uv": [ 0, 0, 16, 4 ], "texture": "#texture" },
				"west": { "uv": [ 7, 8.5, 7.5, 9 ], "texture": "#texture", "cullface": "west" },
				"east": { "uv": [ 8.5, 7, 9, 7.5 ], "texture": "#texture", "cullface": "east" }
			}
		}
	],
"display":{"head":{"rotation":[45,90,0],"translation":[0,0,0],"scale":[2.00,1.25,1.25]}}}