{
	"__comment": "Designed by Cryptic with Cubik Studio - https://cubik.studio",
	"textures": {
		"particle": "blocks/e_particle",
		"texture": "items/fyre"
	},
	"elements": [ 	 
		{
			"__comment": "Box1",
			"from": [ 0, 0, -16 ],
			"to": [ 16, 16, 32 ],
			"faces": {
				"down": { "uv": [ 3.5, 7.5, 11, 15.5 ], "texture": "#texture" },
				"up": { "uv": [ 3.5, 7.5, 11, 15.5 ], "texture": "#texture" },
				"north": { "uv": [ 3.5, 7.5, 11, 15.5 ], "texture": "#texture" },
				"south": { "uv": [ 3.5, 7.5, 11, 15.5 ], "texture": "#texture" },
				"west": { "uv": [ 3.5, 7.5, 11, 15.5 ], "texture": "#texture" },
				"east": { "uv": [ 3.5, 7.5, 11, 15.5 ], "texture": "#texture" }
			}
		}
	]
}