{
"__comment": "Designed by Hypixel with BDcraft Cubik PRO 0.90 Beta - http://bdcraft.net",
"textures": {
    "particle": "blocks/botbomb",
    "texture": "blocks/botbomb"
},
"elements": [ 
{
    "from": [ 3.5, 2, 12.5 ],
    "to": [ 11, 10.5, 13 ],
    "faces": {
        "down":  { "uv": [ 11, 14, 3.5, 13.5 ], "texture": "#texture" },
        "up":    { "uv": [ 3.5, 5.5, 11, 6 ], "texture": "#texture" },
        "south": { "uv": [ 3.5, 5.5, 11, 14 ], "texture": "#texture" },
        "west":  { "uv": [ 3.5, 5.5, 4, 14 ], "texture": "#texture" },
        "east":  { "uv": [ 10.5, 5.5, 11, 14 ], "texture": "#texture" }
    }
},
{
    "from": [ 3, 1.5, 4.5 ],
    "to": [ 3.5, 2, 12 ],
    "faces": {
        "down":  { "uv": [ 7.5, 13.5, 8, 14 ], "texture": "#texture" },
        "north": { "uv": [ 10.5, 14, 11, 14.5 ], "texture": "#texture" },
        "south": { "uv": [ 10.5, 14, 11, 14.5 ], "texture": "#texture" },
        "west":  { "uv": [ 4.5, 14, 5, 14.5 ], "texture": "#texture" }
    }
},
{
    "from": [ 2, 2.5, 5.5 ],
    "to": [ 2.5, 10, 11 ],
    "faces": {
        "down":  { "uv": [ 2, 6.5, 2.5, 12 ], "texture": "#texture" },
        "up":    { "uv": [ 2, 6.5, 2.5, 12 ], "texture": "#texture" },
        "north": { "uv": [ 2, 6, 2.5, 13.5 ], "texture": "#texture" },
        "south": { "uv": [ 2, 6, 2.5, 13.5 ], "texture": "#texture" },
        "west":  { "uv": [ 2, 6, 2.5, 13.5 ], "texture": "#texture" }
    }
},
{
    "from": [ 2, 3.5, 4.5 ],
    "to": [ 2.5, 9, 12 ],
    "faces": {
        "down":  { "uv": [ 2, 7, 2.5, 12.5 ], "texture": "#texture" },
        "up":    { "uv": [ 2, 7, 2.5, 12.5 ], "texture": "#texture" },
        "north": { "uv": [ 2, 7, 2.5, 12.5 ], "texture": "#texture" },
        "south": { "uv": [ 2, 7, 2.5, 12.5 ], "texture": "#texture" },
        "west":  { "uv": [ 2, 7, 2.5, 12.5 ], "texture": "#texture" }
    }
},
{
    "from": [ 12, 2.5, 5.5 ],
    "to": [ 12.5, 10, 11 ],
    "faces": {
        "down":  { "uv": [ 12, 7.5, 12.5, 13 ], "texture": "#texture" },
        "up":    { "uv": [ 12, 5.5, 12.5, 11 ], "texture": "#texture" },
        "north": { "uv": [ 12, 6, 12.5, 13.5 ], "texture": "#texture" },
        "south": { "uv": [ 12, 6, 12.5, 13.5 ], "texture": "#texture" },
        "east":  { "uv": [ 12, 6, 12.5, 13.5 ], "texture": "#texture" }
    }
},
{
    "from": [ 12, 3.5, 4.5 ],
    "to": [ 12.5, 9, 12 ],
    "faces": {
        "down":  { "uv": [ 12, 4.5, 12.5, 12 ], "texture": "#texture" },
        "up":    { "uv": [ 12, 4.5, 12.5, 12 ], "texture": "#texture" },
        "north": { "uv": [ 12, 7, 12.5, 12.5 ], "texture": "#texture" },
        "south": { "uv": [ 12, 7, 12.5, 12.5 ], "texture": "#texture" },
        "east":  { "uv": [ 12, 7, 12.5, 12.5 ], "texture": "#texture" }
    }
},
{
    "from": [ 4.5, 11, 4.5 ],
    "to": [ 10, 11.5, 12 ],
    "faces": {
        "up":    { "uv": [ 4.5, 4.5, 10, 5 ], "texture": "#texture" },
        "north": { "uv": [ 4.5, 4.5, 10, 5 ], "texture": "#texture" },
        "south": { "uv": [ 4.5, 4.5, 10, 5 ], "texture": "#texture" },
        "west":  { "uv": [ 4, 4.5, 11.5, 5 ], "texture": "#texture" },
        "east":  { "uv": [ 4, 4.5, 11.5, 5 ], "texture": "#texture" }
    }
},
{
    "from": [ 3.5, 11, 5.5 ],
    "to": [ 11, 11.5, 11 ],
    "faces": {
        "up":    { "uv": [ 3.5, 4.5, 11, 5 ], "texture": "#texture" },
        "north": { "uv": [ 3.5, 4.5, 11, 5 ], "texture": "#texture" },
        "south": { "uv": [ 3.5, 4.5, 11, 5 ], "texture": "#texture" },
        "west":  { "uv": [ 3.5, 4.5, 4, 5 ], "texture": "#texture" },
        "east":  { "uv": [ 10.5, 4.5, 11, 5 ], "texture": "#texture" }
    }
},
{
    "from": [ 3.5, 1, 5.5 ],
    "to": [ 11, 1.5, 11 ],
    "faces": {
        "down":  { "uv": [ 6, 15, 8.5, 15.5 ], "texture": "#texture" },
        "north": { "uv": [ 5, 14.5, 9.5, 15 ], "texture": "#texture" },
        "south": { "uv": [ 5, 14.5, 9.5, 15 ], "texture": "#texture" },
        "west":  { "uv": [ 5.5, 14.5, 9, 15 ], "texture": "#texture" },
        "east":  { "uv": [ 5.5, 14.5, 9, 15 ], "texture": "#texture" }
    }
},
{
    "from": [ 4.5, 1, 4.5 ],
    "to": [ 10, 1.5, 12 ],
    "faces": {
        "down":  { "uv": [ 7, 15, 8, 15.5 ], "texture": "#texture" },
        "north": { "uv": [ 4.5, 15, 10, 15.5 ], "texture": "#texture" },
        "south": { "uv": [ 4.5, 15, 10, 15.5 ], "texture": "#texture" },
        "west":  { "uv": [ 3.5, 14.5, 11, 15 ], "texture": "#texture" },
        "east":  { "uv": [ 3.5, 14.5, 11, 15 ], "texture": "#texture" }
    }
},
{
    "from": [ 3.5, 3, 5.5 ],
    "to": [ 11, 10, 11 ],
    "faces": {
        "down":  { "uv": [ 12.5, 11, 5, 5.5 ], "texture": "#texture" },
        "up":    { "uv": [ 3.5, 5.5, 11, 11 ], "texture": "#texture" },
        "north": { "uv": [ 5, 6, 12.5, 13 ], "texture": "#texture" },
        "south": { "uv": [ 3.5, 6, 11, 13 ], "texture": "#texture" },
        "west":  { "uv": [ 5.5, 6, 11, 13 ], "texture": "#texture" },
        "east":  { "uv": [ 5, 6, 10.5, 13 ], "texture": "#texture" }
    }
},
{
    "from": [ 4.5, 3.5, 4.5 ],
    "to": [ 10, 9, 12 ],
    "faces": {
        "down":  { "uv": [ 11.5, 12, 6, 4.5 ], "texture": "#texture" },
        "up":    { "uv": [ 4.5, 4.5, 10, 12 ], "texture": "#texture" },
        "north": { "uv": [ 6, 7, 11.5, 12.5 ], "texture": "#texture" },
        "south": { "uv": [ 4.5, 7, 10, 12.5 ], "texture": "#texture" },
        "west":  { "uv": [ 4.5, 7, 12, 12.5 ], "texture": "#texture" },
        "east":  { "uv": [ 4, 7, 11.5, 12.5 ], "texture": "#texture" }
    }
},
{
    "from": [ 4.5, 2.5, 13 ],
    "to": [ 10, 10, 13.5 ],
    "faces": {
        "down":  { "uv": [ 10, 13.5, 4.5, 13 ], "texture": "#texture" },
        "up":    { "uv": [ 4.5, 6, 10, 6.5 ], "texture": "#texture" },
        "south": { "uv": [ 4.5, 6, 10, 13.5 ], "texture": "#texture" },
        "west":  { "uv": [ 4.5, 6, 5, 13.5 ], "texture": "#texture" },
        "east":  { "uv": [ 9.5, 6, 10, 13.5 ], "texture": "#texture" }
    }
},
{
    "from": [ 12.5, 4.5, 5.5 ],
    "to": [ 13, 8, 11 ],
    "faces": {
        "down":  { "uv": [ 12.5, 6.5, 13, 12 ], "texture": "#texture" },
        "up":    { "uv": [ 12.5, 5.5, 13, 11 ], "texture": "#texture" },
        "north": { "uv": [ 12.5, 8, 13, 11.5 ], "texture": "#texture" },
        "south": { "uv": [ 12.5, 8, 13, 11.5 ], "texture": "#texture" },
        "east":  { "uv": [ 12.5, 8, 13, 11.5 ], "texture": "#texture" }
    }
},
{
    "from": [ 12.5, 3.5, 6.5 ],
    "to": [ 13, 9, 10 ],
    "faces": {
        "down":  { "uv": [ 12.5, 8.5, 13, 12 ], "texture": "#texture" },
        "up":    { "uv": [ 12.5, 6.5, 13, 10 ], "texture": "#texture" },
        "north": { "uv": [ 12.5, 7, 13, 12.5 ], "texture": "#texture" },
        "south": { "uv": [ 12.5, 7, 13, 12.5 ], "texture": "#texture" },
        "east":  { "uv": [ 12.5, 7, 13, 12.5 ], "texture": "#texture" }
    }
},
{
    "from": [ 4.5, 11.5, 6.5 ],
    "to": [ 10, 12, 10 ],
    "faces": {
        "up":    { "uv": [ 4.5, 4, 9.5, 4.5 ], "texture": "#texture" },
        "north": { "uv": [ 6, 4, 9, 4.5 ], "texture": "#texture" },
        "south": { "uv": [ 6, 4, 9, 4.5 ], "texture": "#texture" },
        "west":  { "uv": [ 6.5, 4, 10, 4.5 ], "texture": "#texture" },
        "east":  { "uv": [ 6, 4, 9.5, 4.5 ], "texture": "#texture" }
    }
},
{
    "from": [ 5.5, 0.5, 5.5 ],
    "to": [ 9, 1, 11 ],
    "faces": {
        "down":  { "uv": [ 6, 15, 9.5, 15.5 ], "texture": "#texture" },
        "north": { "uv": [ 5.5, 15.5, 9, 16 ], "texture": "#texture" },
        "south": { "uv": [ 5.5, 15.5, 9, 16 ], "texture": "#texture" },
        "west":  { "uv": [ 5, 15.5, 9, 16 ], "texture": "#texture" },
        "east":  { "uv": [ 5, 15.5, 9, 16 ], "texture": "#texture" }
    }
},
{
    "from": [ 4.5, 0.5, 6.5 ],
    "to": [ 10, 1, 10 ],
    "faces": {
        "down":  { "uv": [ 4.5, 15, 9.5, 15.5 ], "texture": "#texture" },
        "north": { "uv": [ 4.5, 15, 10, 15.5 ], "texture": "#texture" },
        "south": { "uv": [ 4.5, 15, 10, 15.5 ], "texture": "#texture" },
        "west":  { "uv": [ 6.5, 15, 10, 15.5 ], "texture": "#texture" },
        "east":  { "uv": [ 6, 15, 9.5, 15.5 ], "texture": "#texture" }
    }
},
{
    "from": [ 5.5, 11.5, 5.5 ],
    "to": [ 9, 12, 11 ],
    "faces": {
        "up":    { "uv": [ 5.5, 4, 8.5, 4.5 ], "texture": "#texture" },
        "north": { "uv": [ 5.5, 4, 9, 4.5 ], "texture": "#texture" },
        "south": { "uv": [ 5.5, 4, 9, 4.5 ], "texture": "#texture" },
        "west":  { "uv": [ 5.5, 4, 8.5, 4.5 ], "texture": "#texture" },
        "east":  { "uv": [ 5.5, 4, 8.5, 4.5 ], "texture": "#texture" }
    }
},
{
    "from": [ 5.5, 3.5, 13.5 ],
    "to": [ 9, 9, 14 ],
    "faces": {
        "down":  { "uv": [ 9.5, 12.5, 6, 12 ], "texture": "#texture" },
        "up":    { "uv": [ 5.5, 7, 9, 7.5 ], "texture": "#texture" },
        "south": { "uv": [ 5.5, 7, 9, 12.5 ], "texture": "#texture" },
        "west":  { "uv": [ 5.5, 7, 6, 12.5 ], "texture": "#texture" },
        "east":  { "uv": [ 8.5, 7, 9, 12.5 ], "texture": "#texture" }
    }
},
{
    "from": [ 4.5, 4.5, 13.5 ],
    "to": [ 10, 8, 14 ],
    "faces": {
        "down":  { "uv": [ 4.5, 11.5, 10, 11 ], "texture": "#texture" },
        "up":    { "uv": [ 4.5, 8, 10, 8.5 ], "texture": "#texture" },
        "south": { "uv": [ 4.5, 8, 10, 11.5 ], "texture": "#texture" },
        "west":  { "uv": [ 4.5, 8, 5, 11.5 ], "texture": "#texture" },
        "east":  { "uv": [ 9.5, 8, 10, 11.5 ], "texture": "#texture" }
    }
},
{
    "from": [ 3.5, 3.5, 13 ],
    "to": [ 11, 9, 13.5 ],
    "faces": {
        "down":  { "uv": [ 3.5, 12, 11, 12.5 ], "texture": "#texture" },
        "up":    { "uv": [ 3.5, 7, 11, 7.5 ], "texture": "#texture" },
        "south": { "uv": [ 3.5, 7, 11, 12.5 ], "texture": "#texture" },
        "west":  { "uv": [ 3.5, 7, 4, 12.5 ], "texture": "#texture" },
        "east":  { "uv": [ 10.5, 7, 11, 12.5 ], "texture": "#texture" }
    }
},
{
    "from": [ 1, 5.5, 6.5 ],
    "to": [ 1.5, 7, 10 ],
    "faces": {
        "down":  { "uv": [ 1.5, 8, 2, 11.5 ], "texture": "#texture" },
        "up":    { "uv": [ 1.5, 8, 2, 11.5 ], "texture": "#texture" },
        "north": { "uv": [ 1.5, 9, 2, 10.5 ], "texture": "#texture" },
        "south": { "uv": [ 1.5, 9, 2, 10.5 ], "texture": "#texture" },
        "west":  { "uv": [ 1.5, 9, 2, 10.5 ], "texture": "#texture" }
    }
},
{
    "from": [ 13, 4.5, 7.5 ],
    "to": [ 13.5, 8, 9 ],
    "faces": {
        "down":  { "uv": [ 13, 9.5, 13.5, 11 ], "texture": "#texture" },
        "up":    { "uv": [ 13, 7.5, 13.5, 9 ], "texture": "#texture" },
        "north": { "uv": [ 13, 8, 13.5, 11.5 ], "texture": "#texture" },
        "south": { "uv": [ 13, 8, 13.5, 11.5 ], "texture": "#texture" },
        "east":  { "uv": [ 13, 8, 13.5, 11.5 ], "texture": "#texture" }
    }
},
{
    "from": [ 13, 5.5, 6.5 ],
    "to": [ 13.5, 7, 10 ],
    "faces": {
        "down":  { "uv": [ 13, 8, 13.5, 11.5 ], "texture": "#texture" },
        "up":    { "uv": [ 13, 8, 13.5, 11.5 ], "texture": "#texture" },
        "north": { "uv": [ 13, 9, 13.5, 10.5 ], "texture": "#texture" },
        "south": { "uv": [ 13, 9, 13.5, 10.5 ], "texture": "#texture" },
        "east":  { "uv": [ 13, 9, 13.5, 10.5 ], "texture": "#texture" }
    }
},
{
    "from": [ 6.5, 4.5, 14 ],
    "to": [ 8, 8, 14.5 ],
    "faces": {
        "down":  { "uv": [ 6.5, 11, 8, 11.5 ], "texture": "#texture" },
        "up":    { "uv": [ 6.5, 8, 8, 8.5 ], "texture": "#texture" },
        "south": { "uv": [ 6.5, 8, 8, 11.5 ], "texture": "#texture" },
        "west":  { "uv": [ 6.5, 8, 7, 11.5 ], "texture": "#texture" },
        "east":  { "uv": [ 7.5, 8, 8, 11.5 ], "texture": "#texture" }
    }
},
{
    "from": [ 5.5, 5.5, 14 ],
    "to": [ 6.5, 7, 14.5 ],
    "faces": {
        "down":  { "uv": [ 5.5, 10, 6.5, 10.5 ], "texture": "#texture" },
        "up":    { "uv": [ 5.5, 8.5, 6.5, 9 ], "texture": "#texture" },
        "south": { "uv": [ 5.5, 9, 6.5, 10.5 ], "texture": "#texture" },
        "west":  { "uv": [ 5.5, 9, 6, 10.5 ], "texture": "#texture" }
    }
},
{
    "from": [ 6.5, 12, 6.5 ],
    "to": [ 8, 12.5, 10 ],
    "faces": {
        "up":    { "uv": [ 6.5, 3.5, 8, 4 ], "texture": "#texture" },
        "north": { "uv": [ 6.5, 3.5, 8, 4 ], "texture": "#texture" },
        "south": { "uv": [ 6.5, 3.5, 8, 4 ], "texture": "#texture" },
        "west":  { "uv": [ 6.5, 3.5, 8, 4 ], "texture": "#texture" },
        "east":  { "uv": [ 6.5, 3.5, 8, 4 ], "texture": "#texture" }
    }
},
{
    "from": [ 5.5, 12, 7.5 ],
    "to": [ 9, 12.5, 9 ],
    "faces": {
        "up":    { "uv": [ 5.5, 3.5, 7, 4 ], "texture": "#texture" },
        "north": { "uv": [ 5.5, 3.5, 7, 4 ], "texture": "#texture" },
        "south": { "uv": [ 5.5, 3.5, 7, 4 ], "texture": "#texture" },
        "west":  { "uv": [ 5.5, 3.5, 7, 4 ], "texture": "#texture" },
        "east":  { "uv": [ 5.5, 3.5, 7, 4 ], "texture": "#texture" }
    }
},
{
    "from": [ 5.5, 0, 7.5 ],
    "to": [ 9, 0.5, 9 ],
    "faces": {
        "down":  { "uv": [ 5.5, 15.5, 9, 16 ], "texture": "#texture", "cullface": "down" },
        "north": { "uv": [ 5.5, 15.5, 9, 16 ], "texture": "#texture" },
        "south": { "uv": [ 5.5, 15.5, 9, 16 ], "texture": "#texture" },
        "west":  { "uv": [ 7.5, 15.5, 9, 16 ], "texture": "#texture" },
        "east":  { "uv": [ 7, 15.5, 8.5, 16 ], "texture": "#texture" }
    }
},
{
    "from": [ 6.5, 0, 6.5 ],
    "to": [ 8, 0.5, 10 ],
    "faces": {
        "down":  { "uv": [ 6.5, 15.5, 8, 16 ], "texture": "#texture", "cullface": "down" },
        "north": { "uv": [ 6.5, 15.5, 8, 16 ], "texture": "#texture" },
        "south": { "uv": [ 6.5, 15.5, 8, 16 ], "texture": "#texture" },
        "west":  { "uv": [ 5.5, 15.5, 9, 16 ], "texture": "#texture" },
        "east":  { "uv": [ 5.5, 15.5, 9, 16 ], "texture": "#texture" }
    }
},
{
    "from": [ 11.5, 2, 4.5 ],
    "to": [ 12, 10.5, 12 ],
    "faces": {
        "down":  { "uv": [ 11.5, 5.5, 12, 6 ], "texture": "#texture" },
        "up":    { "uv": [ 11.5, 5.5, 12, 6 ], "texture": "#texture" },
        "north": { "uv": [ 11.5, 5.5, 12, 14 ], "texture": "#texture" },
        "south": { "uv": [ 11.5, 5.5, 12, 14 ], "texture": "#texture" },
        "east":  { "uv": [ 11.5, 5.5, 12, 14 ], "texture": "#texture" }
    }
},
{
    "from": [ 8, 5.5, 14 ],
    "to": [ 9, 7, 14.5 ],
    "faces": {
        "down":  { "uv": [ 7, 10, 8, 10.5 ], "texture": "#texture" },
        "up":    { "uv": [ 7, 9, 8, 9.5 ], "texture": "#texture" },
        "south": { "uv": [ 8, 9, 9, 10.5 ], "texture": "#texture" },
        "east":  { "uv": [ 7.5, 9, 8, 10.5 ], "texture": "#texture" }
    }
},
{
    "from": [ 11, 2.5, 12.5 ],
    "to": [ 11.5, 10, 13 ],
    "faces": {
        "down":  { "uv": [ 11.5, 13.5, 11, 13 ], "texture": "#texture" },
        "up":    { "uv": [ 11, 6, 11.5, 6.5 ], "texture": "#texture" },
        "south": { "uv": [ 11, 6, 11.5, 13.5 ], "texture": "#texture" },
        "east":  { "uv": [ 11, 6, 11.5, 13.5 ], "texture": "#texture" }
    }
},
{
    "from": [ 3, 2.5, 12.5 ],
    "to": [ 3.5, 10, 13 ],
    "faces": {
        "down":  { "uv": [ 3, 12.5, 3.5, 13 ], "texture": "#texture" },
        "up":    { "uv": [ 3, 6, 3.5, 6.5 ], "texture": "#texture" },
        "south": { "uv": [ 3, 6, 3.5, 13.5 ], "texture": "#texture" },
        "west":  { "uv": [ 3, 6, 3.5, 13.5 ], "texture": "#texture" }
    }
},
{
    "from": [ 3.5, 10.5, 4 ],
    "to": [ 11, 11, 12.5 ],
    "faces": {
        "up":    { "uv": [ 3.5, 5, 11, 5.5 ], "texture": "#texture" },
        "north": { "uv": [ 3.5, 5, 11, 5.5 ], "texture": "#texture" },
        "south": { "uv": [ 3.5, 5, 11, 5.5 ], "texture": "#texture" },
        "west":  { "uv": [ 4, 5, 4.5, 5.5 ], "texture": "#texture" },
        "east":  { "uv": [ 4, 5, 4.5, 5.5 ], "texture": "#texture" }
    }
},
{
    "from": [ 11, 10.5, 4.5 ],
    "to": [ 11.5, 11, 12 ],
    "faces": {
        "up":    { "uv": [ 11, 5, 11.5, 5.5 ], "texture": "#texture" },
        "north": { "uv": [ 11, 5, 11.5, 5.5 ], "texture": "#texture" },
        "south": { "uv": [ 11, 5, 11.5, 5.5 ], "texture": "#texture" },
        "east":  { "uv": [ 11.5, 5, 12, 5.5 ], "texture": "#texture" }
    }
},
{
    "from": [ 3.5, 1.5, 4 ],
    "to": [ 11, 2, 12.5 ],
    "faces": {
        "down":  { "uv": [ 3.5, 14, 11.5, 14.5 ], "texture": "#texture" },
        "north": { "uv": [ 3.5, 14, 11, 14.5 ], "texture": "#texture" },
        "south": { "uv": [ 3.5, 14, 11, 14.5 ], "texture": "#texture" },
        "west":  { "uv": [ 3, 14, 11.5, 14.5 ], "texture": "#texture" },
        "east":  { "uv": [ 3, 14, 11.5, 14.5 ], "texture": "#texture" }
    }
},
{
    "from": [ 11, 1.5, 4.5 ],
    "to": [ 11.5, 2, 12 ],
    "faces": {
        "down":  { "uv": [ 7.5, 14.5, 8, 15 ], "texture": "#texture" },
        "north": { "uv": [ 4.5, 14, 5, 14.5 ], "texture": "#texture" },
        "south": { "uv": [ 4.5, 14, 5, 14.5 ], "texture": "#texture" },
        "east":  { "uv": [ 4.5, 14, 5, 14.5 ], "texture": "#texture" }
    }
},
{
    "from": [ 3, 10.5, 4.5 ],
    "to": [ 3.5, 11, 12 ],
    "faces": {
        "up":    { "uv": [ 3, 5, 3.5, 5.5 ], "texture": "#texture" },
        "north": { "uv": [ 3, 5, 3.5, 5.5 ], "texture": "#texture" },
        "south": { "uv": [ 3, 5, 3.5, 5.5 ], "texture": "#texture" },
        "west":  { "uv": [ 3, 5, 3.5, 5.5 ], "texture": "#texture" }
    }
},
{
    "from": [ 2.5, 2.5, 12 ],
    "to": [ 3, 10, 12.5 ],
    "faces": {
        "down":  { "uv": [ 2.5, 12.5, 2, 12 ], "texture": "#texture" },
        "up":    { "uv": [ 2.5, 12.5, 2, 12 ], "texture": "#texture" },
        "south": { "uv": [ 2.5, 6, 3, 13.5 ], "texture": "#texture" },
        "west":  { "uv": [ 2.5, 6, 3, 13.5 ], "texture": "#texture" }
    }
},
{
    "from": [ 2.5, 2, 4.5 ],
    "to": [ 3, 10.5, 12 ],
    "faces": {
        "down":  { "uv": [ 2.5, 12.5, 3, 13 ], "texture": "#texture" },
        "up":    { "uv": [ 2.5, 6, 3, 6.5 ], "texture": "#texture" },
        "north": { "uv": [ 2.5, 5.5, 3, 14 ], "texture": "#texture" },
        "south": { "uv": [ 2.5, 5.5, 3, 14 ], "texture": "#texture" },
        "west":  { "uv": [ 2.5, 5.5, 3, 14 ], "texture": "#texture" }
    }
},
{
    "from": [ 11.5, 2.5, 12 ],
    "to": [ 12, 10, 12.5 ],
    "faces": {
        "down":  { "uv": [ 11.5, 13, 12, 13.5 ], "texture": "#texture" },
        "up":    { "uv": [ 11.5, 6, 12, 6.5 ], "texture": "#texture" },
        "south": { "uv": [ 11.5, 6, 12, 13.5 ], "texture": "#texture" },
        "east":  { "uv": [ 11.5, 6, 12, 13.5 ], "texture": "#texture" }
    }
},
{
    "from": [ 3, 2, 4 ],
    "to": [ 11.5, 10.5, 12.5 ],
    "faces": {
        "down":  { "uv": [ 3, 5.5, 3.5, 6 ], "texture": "#texture" },
        "up":    { "uv": [ 3, 5.5, 3.5, 6 ], "texture": "#texture" },
        "north": { "uv": [ 3, 5.5, 3.5, 6 ], "texture": "#texture" },
        "south": { "uv": [ 3, 5.5, 3.5, 6 ], "texture": "#texture" },
        "west":  { "uv": [ 3, 5.5, 3.5, 6 ], "texture": "#texture" },
        "east":  { "uv": [ 3, 5.5, 3.5, 6 ], "texture": "#texture" }
    }
},
{
    "from": [ 13, 8.5, 7.5 ],
    "to": [ 13.5, 9, 8.5 ],
    "faces": {
        "down":  { "uv": [ 13, 7, 13.5, 7.5 ], "texture": "#texture" },
        "north": { "uv": [ 13, 7, 13.5, 7.5 ], "texture": "#texture" },
        "south": { "uv": [ 13, 7, 13.5, 7.5 ], "texture": "#texture" },
        "east":  { "uv": [ 13, 7, 13.5, 7.5 ], "texture": "#texture" }
    }
},
{
    "from": [ 13.5, 9, 7.5 ],
    "to": [ 14.5, 9.5, 8.5 ],
    "faces": {
        "down":  { "uv": [ 13.5, 6, 14.5, 7 ], "texture": "#texture" },
        "up":    { "uv": [ 13.5, 6, 14.5, 7 ], "texture": "#texture" },
        "north": { "uv": [ 13.5, 6.5, 14.5, 7 ], "texture": "#texture" },
        "south": { "uv": [ 13.5, 6.5, 14.5, 7 ], "texture": "#texture" },
        "east":  { "uv": [ 13.5, 6.5, 14.5, 7 ], "texture": "#texture" }
    }
},
{
    "from": [ 14, 9.5, 7.5 ],
    "to": [ 14.5, 10.5, 8.5 ],
    "faces": {
        "up":    { "uv": [ 14, 5.5, 14.5, 6.5 ], "texture": "#texture" },
        "north": { "uv": [ 14, 5.5, 14.5, 6.5 ], "texture": "#texture" },
        "south": { "uv": [ 14, 5.5, 14.5, 6.5 ], "texture": "#texture" },
        "west":  { "uv": [ 14, 5.5, 14.5, 6.5 ], "texture": "#texture" },
        "east":  { "uv": [ 14, 5.5, 14.5, 6.5 ], "texture": "#texture" }
    }
},
{
    "from": [ 13, 10.5, 7 ],
    "to": [ 14, 11, 9 ],
    "faces": {
        "up":    { "uv": [ 13, 5, 14, 5.5 ], "texture": "#texture" },
        "north": { "uv": [ 14, 5, 13, 5.5 ], "texture": "#texture" },
        "south": { "uv": [ 13, 5, 14, 5.5 ], "texture": "#texture" },
        "east":  { "uv": [ 13.5, 5, 14, 5.5 ], "texture": "#texture" }
    }
},
{
    "from": [ 12.5, 11, 7 ],
    "to": [ 13.5, 11.5, 9 ],
    "faces": {
        "down":  { "uv": [ 12.5, 4.5, 13.5, 5 ], "texture": "#texture" },
        "up":    { "uv": [ 12.5, 4.5, 13.5, 5 ], "texture": "#texture" },
        "north": { "uv": [ 12.5, 4.5, 13.5, 5 ], "texture": "#texture" },
        "south": { "uv": [ 12.5, 4.5, 13.5, 5 ], "texture": "#texture" },
        "east":  { "uv": [ 12.5, 4.5, 13.5, 5 ], "texture": "#texture" }
    }
},
{
    "from": [ 10.5, 11.5, 7 ],
    "to": [ 13, 12, 9 ],
    "faces": {
        "down":  { "uv": [ 10.5, 4, 13, 4.5 ], "texture": "#texture" },
        "up":    { "uv": [ 10.5, 4, 13, 4.5 ], "texture": "#texture" },
        "north": { "uv": [ 13, 4, 10.5, 4.5 ], "texture": "#texture" },
        "south": { "uv": [ 10.5, 4, 13, 4.5 ], "texture": "#texture" },
        "west":  { "uv": [ 10.5, 4, 11, 4.5 ], "texture": "#texture" },
        "east":  { "uv": [ 12.5, 4, 13, 4.5 ], "texture": "#texture" }
    }
},
{
    "from": [ 11.5, 12, 7.5 ],
    "to": [ 12.5, 12.5, 8.5 ],
    "faces": {
        "up":    { "uv": [ 11.5, 3.5, 12.5, 4 ], "texture": "#texture" },
        "north": { "uv": [ 11.5, 3.5, 12.5, 4 ], "texture": "#texture" },
        "south": { "uv": [ 11.5, 3.5, 12.5, 4 ], "texture": "#texture" },
        "west":  { "uv": [ 11.5, 3.5, 12.5, 4 ], "texture": "#texture" },
        "east":  { "uv": [ 11.5, 3.5, 12.5, 4 ], "texture": "#texture" }
    }
},
{
    "from": [ 12, 9.5, 6.5 ],
    "to": [ 13, 10.5, 9.5 ],
    "faces": {
        "down":  { "uv": [ 12, 5.5, 13, 6.5 ], "texture": "#texture" },
        "north": { "uv": [ 13, 5.5, 12, 6.5 ], "texture": "#texture" },
        "south": { "uv": [ 12, 5.5, 13, 6.5 ], "texture": "#texture" },
        "east":  { "uv": [ 12, 5.5, 13, 6.5 ], "texture": "#texture" }
    }
},
{
    "from": [ 12.5, 9, 7 ],
    "to": [ 13.5, 10, 9 ],
    "faces": {
        "down":  { "uv": [ 12.5, 6, 13.5, 7 ], "texture": "#texture" },
        "up":    { "uv": [ 12.5, 6, 13.5, 7 ], "texture": "#texture" },
        "north": { "uv": [ 12.5, 6, 13.5, 7 ], "texture": "#texture" },
        "south": { "uv": [ 12.5, 6, 13.5, 7 ], "texture": "#texture" },
        "east":  { "uv": [ 12.5, 6, 13.5, 7 ], "texture": "#texture" }
    }
},
{
    "from": [ 13, 9.5, 7.5 ],
    "to": [ 14, 10, 8.5 ],
    "faces": {
        "down":  { "uv": [ 3, 8.5, 2, 7.5 ], "texture": "#texture" },
        "north": { "uv": [ 2, 6, 3, 6.5 ], "texture": "#texture" },
        "south": { "uv": [ 13, 6, 14, 6.5 ], "texture": "#texture" }
    }
},
{
    "from": [ 13, 10, 7 ],
    "to": [ 14, 10.5, 9 ],
    "faces": {
        "down":  { "uv": [ 13, 5.5, 14, 6 ], "texture": "#texture" },
        "north": { "uv": [ 13, 5.5, 14, 6 ], "texture": "#texture" },
        "south": { "uv": [ 13, 5.5, 14, 6 ], "texture": "#texture" },
        "east":  { "uv": [ 13.5, 5.5, 14, 6 ], "texture": "#texture" }
    }
},
{
    "from": [ 11.5, 10.5, 6.5 ],
    "to": [ 13, 11, 9.5 ],
    "faces": {
        "down":  { "uv": [ 4.5, 9.5, 3, 6.5 ], "texture": "#texture" },
        "up":    { "uv": [ 11.5, 6.5, 13, 9.5 ], "texture": "#texture" },
        "north": { "uv": [ 3, 5, 4.5, 5.5 ], "texture": "#texture" },
        "south": { "uv": [ 11.5, 5, 13, 5.5 ], "texture": "#texture" },
        "east":  { "uv": [ 6.5, 5, 9.5, 5.5 ], "texture": "#texture" }
    }
},
{
    "from": [ 11, 11, 6.5 ],
    "to": [ 12.5, 11.5, 9.5 ],
    "faces": {
        "down":  { "uv": [ 5, 9.5, 3.5, 6.5 ], "texture": "#texture" },
        "up":    { "uv": [ 11, 6.5, 12.5, 9.5 ], "texture": "#texture" },
        "north": { "uv": [ 3.5, 4.5, 5, 5 ], "texture": "#texture" },
        "south": { "uv": [ 11, 4.5, 12.5, 5 ], "texture": "#texture" },
        "east":  { "uv": [ 6.5, 4.5, 9.5, 5 ], "texture": "#texture" }
    }
},
{
    "from": [ 13, 11, 7.5 ],
    "to": [ 14.5, 12, 8.5 ],
    "faces": {
        "down":  { "uv": [ 13, 4.5, 14.5, 5 ], "texture": "#texture" },
        "up":    { "uv": [ 13, 4, 14.5, 4.5 ], "texture": "#texture" },
        "north": { "uv": [ 14.5, 4, 13, 5 ], "texture": "#texture" },
        "south": { "uv": [ 13, 4, 14.5, 5 ], "texture": "#texture" },
        "west":  { "uv": [ 13, 4, 13.5, 5 ], "texture": "#texture" },
        "east":  { "uv": [ 14, 4, 14.5, 5 ], "texture": "#texture" }
    }
},
{
    "from": [ 9.5, 13, 6 ],
    "to": [ 11.5, 14, 7 ],
    "faces": {
        "down":  { "uv": [ 9.5, 2.5, 11.5, 3 ], "texture": "#texture" },
        "up":    { "uv": [ 9.5, 2, 11.5, 2.5 ], "texture": "#texture" },
        "north": { "uv": [ 11.5, 2, 9.5, 3 ], "texture": "#texture" },
        "south": { "uv": [ 9.5, 2, 11.5, 3 ], "texture": "#texture" },
        "west":  { "uv": [ 9.5, 2, 10, 3 ], "texture": "#texture" },
        "east":  { "uv": [ 11, 2, 11.5, 3 ], "texture": "#texture" }
    }
},
{
    "from": [ 10, 14, 6 ],
    "to": [ 11.5, 14.5, 7 ],
    "faces": {
        "up":    { "uv": [ 10, 1.5, 11.5, 2 ], "texture": "#texture" },
        "north": { "uv": [ 10, 1.5, 11.5, 2 ], "texture": "#texture" },
        "south": { "uv": [ 10, 1.5, 11.5, 2 ], "texture": "#texture" },
        "west":  { "uv": [ 10, 1.5, 11, 2 ], "texture": "#texture" },
        "east":  { "uv": [ 10, 1.5, 11, 2 ], "texture": "#texture" }
    }
},
{
    "from": [ 7.5, 12.5, 5.5 ],
    "to": [ 10.5, 13.5, 6.5 ],
    "faces": {
        "down":  { "uv": [ 7.5, 3, 10.5, 3.5 ], "texture": "#texture" },
        "up":    { "uv": [ 7.5, 2.5, 10.5, 3 ], "texture": "#texture" },
        "north": { "uv": [ 10.5, 2.5, 7.5, 3.5 ], "texture": "#texture" },
        "south": { "uv": [ 7.5, 2.5, 10.5, 3.5 ], "texture": "#texture" },
        "west":  { "uv": [ 7.5, 2.5, 8, 3.5 ], "texture": "#texture" },
        "east":  { "uv": [ 10, 2.5, 10.5, 3.5 ], "texture": "#texture" }
    }
},
{
    "from": [ 7, 13, 5 ],
    "to": [ 8.5, 14, 6 ],
    "faces": {
        "down":  { "uv": [ 7, 2.5, 8.5, 3 ], "texture": "#texture" },
        "up":    { "uv": [ 7, 2, 8.5, 2.5 ], "texture": "#texture" },
        "north": { "uv": [ 8.5, 2, 7, 3 ], "texture": "#texture" },
        "south": { "uv": [ 7, 2, 8.5, 3 ], "texture": "#texture" },
        "west":  { "uv": [ 7, 2, 7.5, 3 ], "texture": "#texture" },
        "east":  { "uv": [ 8, 2, 8.5, 3 ], "texture": "#texture" }
    }
},
{
    "from": [ 13, 12, 7 ],
    "to": [ 14.5, 13.5, 8 ],
    "faces": {
        "down":  { "uv": [ 13, 3.5, 14.5, 4 ], "texture": "#texture" },
        "up":    { "uv": [ 13, 2.5, 14.5, 3 ], "texture": "#texture" },
        "north": { "uv": [ 13, 2.5, 14.5, 4 ], "texture": "#texture" },
        "south": { "uv": [ 13, 2.5, 14.5, 4 ], "texture": "#texture" },
        "west":  { "uv": [ 12.5, 2.5, 13, 4 ], "texture": "#texture" },
        "east":  { "uv": [ 13.5, 2.5, 14, 4 ], "texture": "#texture" }
    }
},
{
    "from": [ 11.5, 13, 6.5 ],
    "to": [ 14, 14, 7.5 ],
    "faces": {
        "down":  { "uv": [ 11.5, 2.5, 14, 3 ], "texture": "#texture" },
        "up":    { "uv": [ 11.5, 2, 14, 2.5 ], "texture": "#texture" },
        "north": { "uv": [ 14, 2, 11.5, 3 ], "texture": "#texture" },
        "south": { "uv": [ 11.5, 2, 14, 3 ], "texture": "#texture" },
        "west":  { "uv": [ 11.5, 2, 12, 3 ], "texture": "#texture" },
        "east":  { "uv": [ 13.5, 2, 14, 3 ], "texture": "#texture" }
    }
},
{
    "from": [ 11.5, 14, 6.5 ],
    "to": [ 13.5, 14.5, 7.5 ],
    "faces": {
        "up":    { "uv": [ 11.5, 1.5, 13.5, 2 ], "texture": "#texture" },
        "north": { "uv": [ 11.5, 1.5, 13.5, 2 ], "texture": "#texture" },
        "south": { "uv": [ 11.5, 1.5, 13.5, 2 ], "texture": "#texture" },
        "west":  { "uv": [ 11.5, 1.5, 12.5, 2 ], "texture": "#texture" },
        "east":  { "uv": [ 11.5, 1.5, 12.5, 2 ], "texture": "#texture" }
    }
},
{
    "from": [ 1, 4.5, 7.5 ],
    "to": [ 1.5, 8, 9 ],
    "faces": {
        "down":  { "uv": [ 1, 7.5, 1.5, 9 ], "texture": "#texture" },
        "up":    { "uv": [ 1, 7.5, 1.5, 9 ], "texture": "#texture" },
        "north": { "uv": [ 1.5, 9, 2, 12.5 ], "texture": "#texture" },
        "south": { "uv": [ 1.5, 9, 2, 12.5 ], "texture": "#texture" },
        "west":  { "uv": [ 1.5, 9, 2, 12.5 ], "texture": "#texture" }
    }
},
{
    "from": [ 1.5, 4.5, 5.5 ],
    "to": [ 2, 8, 11 ],
    "faces": {
        "down":  { "uv": [ 12.5, 6.5, 13, 12 ], "texture": "#texture" },
        "up":    { "uv": [ 12.5, 5.5, 13, 11 ], "texture": "#texture" },
        "north": { "uv": [ 12.5, 8, 13, 11.5 ], "texture": "#texture" },
        "south": { "uv": [ 12.5, 8, 13, 11.5 ], "texture": "#texture" },
        "west":  { "uv": [ 12.5, 8, 13, 11.5 ], "texture": "#texture" }
    }
},
{
    "from": [ 1.5, 3.5, 6.5 ],
    "to": [ 2, 9, 10 ],
    "faces": {
        "down":  { "uv": [ 1.5, 7.5, 2, 8 ], "texture": "#texture" },
        "up":    { "uv": [ 1.5, 7.5, 2, 8 ], "texture": "#texture" },
        "north": { "uv": [ 1.5, 7, 2, 12.5 ], "texture": "#texture" },
        "south": { "uv": [ 1.5, 7, 2, 12.5 ], "texture": "#texture" },
        "west":  { "uv": [ 1.5, 7, 2, 12.5 ], "texture": "#texture" }
    }
},
{
    "from": [ 1.5, 4.5, 5.5 ],
    "to": [ 2, 8, 11 ],
    "faces": {
        "down":  { "uv": [ 1.5, 7, 2, 12.5 ], "texture": "#texture" },
        "up":    { "uv": [ 1.5, 7, 2, 12.5 ], "texture": "#texture" },
        "north": { "uv": [ 1.5, 8, 2, 11.5 ], "texture": "#texture" },
        "south": { "uv": [ 1.5, 8, 2, 11.5 ], "texture": "#texture" },
        "west":  { "uv": [ 1.5, 8, 2, 11.5 ], "texture": "#texture" }
    }
},
{
    "from": [ 2.5, 2.5, 4 ],
    "to": [ 3, 10, 4.5 ],
    "faces": {
        "down":  { "uv": [ 2.5, 12.5, 2, 12 ], "texture": "#texture" },
        "up":    { "uv": [ 2.5, 12.5, 2, 12 ], "texture": "#texture" },
        "north": { "uv": [ 2.5, 6, 3, 13.5 ], "texture": "#texture" },
        "west":  { "uv": [ 2.5, 6, 3, 13.5 ], "texture": "#texture" }
    }
},
{
    "from": [ 3.5, 2, 3.5 ],
    "to": [ 11, 10.5, 4 ],
    "faces": {
        "down":  { "uv": [ 11, 14, 3.5, 13.5 ], "texture": "#texture" },
        "up":    { "uv": [ 3.5, 5.5, 11, 6 ], "texture": "#texture" },
        "north": { "uv": [ 11, 5.5, 3.5, 14 ], "texture": "#texture" },
        "west":  { "uv": [ 3.5, 5.5, 4, 14 ], "texture": "#texture" },
        "east":  { "uv": [ 10.5, 5.5, 11, 14 ], "texture": "#texture" }
    }
},
{
    "from": [ 11, 2.5, 3.5 ],
    "to": [ 11.5, 10, 4 ],
    "faces": {
        "down":  { "uv": [ 11.5, 13.5, 11, 13 ], "texture": "#texture" },
        "up":    { "uv": [ 11, 6, 11.5, 6.5 ], "texture": "#texture" },
        "north": { "uv": [ 11, 6, 11.5, 13.5 ], "texture": "#texture" },
        "east":  { "uv": [ 11, 6, 11.5, 13.5 ], "texture": "#texture" }
    }
},
{
    "from": [ 3, 2.5, 3.5 ],
    "to": [ 3.5, 10, 4 ],
    "faces": {
        "down":  { "uv": [ 3, 12.5, 3.5, 13 ], "texture": "#texture" },
        "up":    { "uv": [ 3, 6, 3.5, 6.5 ], "texture": "#texture" },
        "north": { "uv": [ 3, 6, 3.5, 13.5 ], "texture": "#texture" },
        "west":  { "uv": [ 3, 6, 3.5, 13.5 ], "texture": "#texture" }
    }
},
{
    "from": [ 4.5, 2.5, 3 ],
    "to": [ 10, 10, 3.5 ],
    "faces": {
        "down":  { "uv": [ 10, 13.5, 4.5, 13 ], "texture": "#texture" },
        "up":    { "uv": [ 4.5, 6, 10, 6.5 ], "texture": "#texture" },
        "north": { "uv": [ 10, 6, 4.5, 13.5 ], "texture": "#texture" },
        "west":  { "uv": [ 4.5, 6, 5, 13.5 ], "texture": "#texture" },
        "east":  { "uv": [ 9.5, 6, 10, 13.5 ], "texture": "#texture" }
    }
},
{
    "from": [ 3.5, 3.5, 3 ],
    "to": [ 11, 9, 3.5 ],
    "faces": {
        "down":  { "uv": [ 3.5, 12, 11, 12.5 ], "texture": "#texture" },
        "up":    { "uv": [ 3.5, 7, 11, 7.5 ], "texture": "#texture" },
        "north": { "uv": [ 11, 7, 3.5, 12.5 ], "texture": "#texture" },
        "west":  { "uv": [ 3.5, 7, 4, 12.5 ], "texture": "#texture" },
        "east":  { "uv": [ 10.5, 7, 11, 12.5 ], "texture": "#texture" }
    }
},
{
    "from": [ 5.5, 3.5, 2.5 ],
    "to": [ 9, 9, 3 ],
    "faces": {
        "down":  { "uv": [ 9, 12.5, 5.5, 12 ], "texture": "#texture" },
        "up":    { "uv": [ 5.5, 7, 9, 7.5 ], "texture": "#texture" },
        "north": { "uv": [ 9, 7, 5.5, 12.5 ], "texture": "#texture" },
        "west":  { "uv": [ 5.5, 7, 6, 12.5 ], "texture": "#texture" },
        "east":  { "uv": [ 8.5, 7, 9, 12.5 ], "texture": "#texture" }
    }
},
{
    "from": [ 4.5, 4.5, 2.5 ],
    "to": [ 10, 8, 3 ],
    "faces": {
        "down":  { "uv": [ 4.5, 11.5, 10, 11 ], "texture": "#texture" },
        "up":    { "uv": [ 4.5, 8, 10, 8.5 ], "texture": "#texture" },
        "north": { "uv": [ 10, 8, 4.5, 11.5 ], "texture": "#texture" },
        "west":  { "uv": [ 4.5, 8, 5, 11.5 ], "texture": "#texture" },
        "east":  { "uv": [ 9.5, 8, 10, 11.5 ], "texture": "#texture" }
    }
},
{
    "from": [ 6.5, 4.5, 2 ],
    "to": [ 8, 8, 2.5 ],
    "faces": {
        "down":  { "uv": [ 6.5, 11, 8, 11.5 ], "texture": "#texture" },
        "up":    { "uv": [ 6.5, 8, 8, 8.5 ], "texture": "#texture" },
        "north": { "uv": [ 8, 8, 6.5, 11.5 ], "texture": "#texture" },
        "west":  { "uv": [ 6.5, 8, 7, 11.5 ], "texture": "#texture" },
        "east":  { "uv": [ 7.5, 8, 8, 11.5 ], "texture": "#texture" }
    }
},
{
    "from": [ 8, 5.5, 2 ],
    "to": [ 9, 7, 2.5 ],
    "faces": {
        "down":  { "uv": [ 7, 10, 8, 10.5 ], "texture": "#texture" },
        "up":    { "uv": [ 7, 9, 8, 9.5 ], "texture": "#texture" },
        "north": { "uv": [ 8, 9, 7, 10.5 ], "texture": "#texture" },
        "east":  { "uv": [ 7.5, 9, 8, 10.5 ], "texture": "#texture" }
    }
},
{
    "from": [ 5.5, 5.5, 2 ],
    "to": [ 6.5, 7, 2.5 ],
    "faces": {
        "down":  { "uv": [ 5.5, 10, 6.5, 10.5 ], "texture": "#texture" },
        "up":    { "uv": [ 5.5, 8.5, 6.5, 9 ], "texture": "#texture" },
        "north": { "uv": [ 6.5, 9, 5.5, 10.5 ], "texture": "#texture" },
        "west":  { "uv": [ 5.5, 9, 6, 10.5 ], "texture": "#texture" }
    }
},
{
    "from": [ 11.5, 2.5, 4 ],
    "to": [ 12, 10, 4.5 ],
    "faces": {
        "down":  { "uv": [ 11.5, 13, 12, 13.5 ], "texture": "#texture" },
        "up":    { "uv": [ 11.5, 6, 12, 6.5 ], "texture": "#texture" },
        "north": { "uv": [ 11.5, 6, 12, 13.5 ], "texture": "#texture" },
        "east":  { "uv": [ 11.5, 6, 12, 13.5 ], "texture": "#texture" }
    }
}
],
"display": {
    "thirdperson": {
        "rotation": [ -90, 0, 0 ],
        "translation": [ 0, 0.5, -1.9 ],
        "scale": [ 0.6, 0.6, 0.6 ]
    },
    "head": {
        "rotation": [ 0, 0, 0 ],
        "translation": [ 0, -2, 0 ],
        "scale": [ 10, 10, 10 ]
    },
    "firstperson": {
        "rotation": [ 0, 92, 0 ],
        "translation": [ -3.5, 3.4, 0.5 ],
        "scale": [ 1, 1, 1 ]
    }
}
}