{
	"__comment": "Designed by Cryptic with Cubik Studio - https://cubik.studio",
	"textures": {
		"particle": "blocks/e_particle",
		"texture": "blocks/e_texture",
		"Bonk": "blocks/bonk"
	},
	"elements": [
		{
			"__comment": "Bonk",
			"from": [ 8, 4, 7 ],
			"to": [ 11, 5, 10 ],
			"faces": {
				"down": { "uv": [ 0.96, 4.96, 3.04, 7.04 ], "texture": "#Bonk" },
				"up": { "uv": [ 0.96, 4.96, 3.04, 7.04 ], "texture": "#Bonk" },
				"north": { "uv": [ 0.96, 4.96, 3.04, 7.04 ], "texture": "#Bonk" },
				"south": { "uv": [ 0.96, 4.96, 3.04, 7.04 ], "texture": "#Bonk" },
				"west": { "uv": [ 0.96, 4.96, 3.04, 7.04 ], "texture": "#Bonk" },
				"east": { "uv": [ 0.96, 4.96, 3.04, 7.04 ], "texture": "#Bonk" }
			}
		},
		{
			"__comment": "Bonk1",
			"from": [ 8, 5, 7 ],
			"to": [ 11, 9, 10 ],
			"faces": {
				"down": { "uv": [ 12.96, 0.96, 15.04, 3.04 ], "texture": "#Bonk" },
				"up": { "uv": [ 12.96, 0.96, 15.04, 3.04 ], "texture": "#Bonk" },
				"north": { "uv": [ 12.96, 0.96, 15.04, 3.04 ], "texture": "#Bonk" },
				"south": { "uv": [ 12.96, 0.96, 15.04, 3.04 ], "texture": "#Bonk" },
				"west": { "uv": [ 12.96, 0.96, 15.04, 3.04 ], "texture": "#Bonk" },
				"east": { "uv": [ 12.96, 0.96, 15.04, 3.04 ], "texture": "#Bonk" }
			}
		},
		{
			"__comment": "Bonk2",
			"from": [ 8, 9, 7 ],
			"to": [ 11, 10, 10 ],
			"faces": {
				"down": { "uv": [ 0.96, 4.96, 3.04, 7.04 ], "texture": "#Bonk" },
				"up": { "uv": [ 0.96, 4.96, 3.04, 7.04 ], "texture": "#Bonk" },
				"north": { "uv": [ 0.96, 4.96, 3.04, 7.04 ], "texture": "#Bonk" },
				"south": { "uv": [ 0.96, 4.96, 3.04, 7.04 ], "texture": "#Bonk" },
				"west": { "uv": [ 0.96, 4.96, 3.04, 7.04 ], "texture": "#Bonk" },
				"east": { "uv": [ 0.96, 4.96, 3.04, 7.04 ], "texture": "#Bonk" }
			}
		},
		{
			"__comment": "Bonk3",
			"from": [ 8, 10, 7 ],
			"to": [ 9, 11, 10 ],
			"faces": {
				"down": { "uv": [ 8.96, 0.96, 11.04, 3.04 ], "texture": "#Bonk" },
				"up": { "uv": [ 8.96, 0.96, 11.04, 3.04 ], "texture": "#Bonk" },
				"north": { "uv": [ 8.96, 0.96, 11.04, 3.04 ], "texture": "#Bonk" },
				"south": { "uv": [ 8.96, 0.96, 11.04, 3.04 ], "texture": "#Bonk" },
				"west": { "uv": [ 8.96, 0.96, 11.04, 3.04 ], "texture": "#Bonk" },
				"east": { "uv": [ 8.96, 0.96, 11.04, 3.04 ], "texture": "#Bonk" }
			}
		},
		{
			"__comment": "Bonk4",
			"from": [ 9, 10, 7 ],
			"to": [ 10, 11, 8 ],
			"faces": {
				"down": { "uv": [ 4.96, 4.96, 7.04, 7.04 ], "texture": "#Bonk" },
				"up": { "uv": [ 4.96, 4.96, 7.04, 7.04 ], "texture": "#Bonk" },
				"north": { "uv": [ 4.96, 4.96, 7.04, 7.04 ], "texture": "#Bonk" },
				"south": { "uv": [ 4.96, 4.96, 7.04, 7.04 ], "texture": "#Bonk" },
				"west": { "uv": [ 4.96, 4.96, 7.04, 7.04 ], "texture": "#Bonk" },
				"east": { "uv": [ 4.96, 4.96, 7.04, 7.04 ], "texture": "#Bonk" }
			}
		},
		{
			"__comment": "Bonk5",
			"from": [ 9, 10, 8 ],
			"to": [ 11, 11, 10 ],
			"faces": {
				"down": { "uv": [ 8.96, 0.96, 11.04, 3.04 ], "texture": "#Bonk" },
				"up": { "uv": [ 8.96, 0.96, 11.04, 3.04 ], "texture": "#Bonk" },
				"north": { "uv": [ 8.96, 0.96, 11.04, 3.04 ], "texture": "#Bonk" },
				"south": { "uv": [ 8.96, 0.96, 11.04, 3.04 ], "texture": "#Bonk" },
				"west": { "uv": [ 8.96, 0.96, 11.04, 3.04 ], "texture": "#Bonk" },
				"east": { "uv": [ 8.96, 0.96, 11.04, 3.04 ], "texture": "#Bonk" }
			}
		},
		{
			"__comment": "Bonk6",
			"from": [ 10, 10, 7 ],
			"to": [ 11, 11, 8 ],
			"faces": {
				"down": { "uv": [ 8.96, 0.96, 11.04, 3.04 ], "texture": "#Bonk" },
				"up": { "uv": [ 8.96, 0.96, 11.04, 3.04 ], "texture": "#Bonk" },
				"north": { "uv": [ 8.96, 0.96, 11.04, 3.04 ], "texture": "#Bonk" },
				"south": { "uv": [ 8.96, 0.96, 11.04, 3.04 ], "texture": "#Bonk" },
				"west": { "uv": [ 8.96, 0.96, 11.04, 3.04 ], "texture": "#Bonk" },
				"east": { "uv": [ 8.96, 0.96, 11.04, 3.04 ], "texture": "#Bonk" }
			}
		}
	],
	"display": {
		"gui": {
			"rotation":  [ 9, -42, -8 ],
			"translation":  [ -1.391, 2.0869, -1.386 ],
			"scale":  [ 1.4521, 1.626, 1.5913 ]
		},
		"head": {
			"translation":  [ -4.173, 9.0434, 0 ],
			"scale":  [ 3.513, 2.2521, 3.4782 ]
		}
	}
}