{
"__comment": "Designed by Cryptic with Cubik Studio - https://cubik.studio",
"textures": {
    "particle": "blocks/e_particle",
    "finn": "blocks/Finn"
},
"elements": [ 
{
    "__comment": "Box2",
    "from": [ 1.5, -0.5, 6.5 ],
    "to": [ 9.5, 7, 8 ],
    "faces": {
        "down":  { "uv": [ 1.5, 10.5, 9.5, 11 ], "texture": "#finn" },
        "up":    { "uv": [ 1.5, 4, 9.5, 3.5 ], "texture": "#finn" },
        "north": { "uv": [ 9.5, 3.5, 1.5, 11 ], "texture": "#finn" },
        "south": { "uv": [ 1.5, 3.5, 9.5, 11 ], "texture": "#finn" },
        "west":  { "uv": [ 1.5, 3.5, 2, 11 ], "texture": "#finn" },
        "east":  { "uv": [ 9.5, 11, 9, 3.5 ], "texture": "#finn" }
    }
},
{
    "__comment": "Box3",
    "from": [ 2, -1, 6.5 ],
    "to": [ 9, 7.5, 8 ],
    "faces": {
        "down":  { "uv": [ 2, 11, 9, 11.5 ], "texture": "#finn" },
        "up":    { "uv": [ 2, 3.5, 9, 3 ], "texture": "#finn" },
        "north": { "uv": [ 9, 3, 2, 11.5 ], "texture": "#finn" },
        "south": { "uv": [ 2, 3, 9, 11.5 ], "texture": "#finn" },
        "west":  { "uv": [ 2, 3, 2.5, 11.5 ], "texture": "#finn" },
        "east":  { "uv": [ 9, 11.5, 8.5, 3 ], "texture": "#finn" }
    }
},
{
    "__comment": "Box4",
    "from": [ 2.5, 7.5, 6.75 ],
    "to": [ 4.5, 9, 8.25 ],
    "faces": {
        "down":  { "uv": [ 2.5, 2.5, 4.5, 3 ], "texture": "#finn" },
        "up":    { "uv": [ 2.5, 2, 4.5, 1.5 ], "texture": "#finn" },
        "north": { "uv": [ 4.5, 1.5, 2.5, 3 ], "texture": "#finn" },
        "south": { "uv": [ 2.5, 1.5, 4.5, 3 ], "texture": "#finn" },
        "west":  { "uv": [ 2.5, 1.5, 3, 3 ], "texture": "#finn" },
        "east":  { "uv": [ 4.5, 3, 4, 1.5 ], "texture": "#finn" }
    }
},
{
    "__comment": "Box5",
    "from": [ 3, 9, 7 ],
    "to": [ 4, 9.5, 8 ],
    "faces": {
        "down":  { "uv": [ 3, 1, 4, 1.5 ], "texture": "#finn" },
        "up":    { "uv": [ 3, 1.5, 4, 1 ], "texture": "#finn" },
        "north": { "uv": [ 4, 1, 3, 1.5 ], "texture": "#finn" },
        "south": { "uv": [ 3, 1, 4, 1.5 ], "texture": "#finn" },
        "west":  { "uv": [ 3, 1, 3.5, 1.5 ], "texture": "#finn" },
        "east":  { "uv": [ 4, 1.5, 3.5, 1 ], "texture": "#finn" }
    }
},
{
    "__comment": "Box6",
    "from": [ 6.5, 7.5, 6.75 ],
    "to": [ 8.5, 9, 8.25 ],
    "faces": {
        "down":  { "uv": [ 6.5, 2.5, 8.5, 3 ], "texture": "#finn" },
        "up":    { "uv": [ 6.5, 2, 8.5, 1.5 ], "texture": "#finn" },
        "north": { "uv": [ 8.5, 1.5, 6.5, 3 ], "texture": "#finn" },
        "south": { "uv": [ 6.5, 1.5, 8.5, 3 ], "texture": "#finn" },
        "west":  { "uv": [ 6.5, 1.5, 7, 3 ], "texture": "#finn" },
        "east":  { "uv": [ 8.5, 3, 8, 1.5 ], "texture": "#finn" }
    }
},
{
    "__comment": "Box7",
    "from": [ 7, 9, 7 ],
    "to": [ 8, 9.5, 8 ],
    "faces": {
        "down":  { "uv": [ 7, 1, 8, 1.5 ], "texture": "#finn" },
        "up":    { "uv": [ 7, 1.5, 8, 1 ], "texture": "#finn" },
        "north": { "uv": [ 8, 1, 7, 1.5 ], "texture": "#finn" },
        "south": { "uv": [ 7, 1, 8, 1.5 ], "texture": "#finn" },
        "west":  { "uv": [ 7, 1, 7.5, 1.5 ], "texture": "#finn" },
        "east":  { "uv": [ 8, 1.5, 7.5, 1 ], "texture": "#finn" }
    }
},
{
    "__comment": "Box12",
    "from": [ 2, -0.5, 0 ],
    "to": [ 2.5, 1.5, 6.5 ],
    "faces": {
        "down":  { "uv": [ 0, 15.5, 5.5, 16 ], "texture": "#finn" },
        "up":    { "uv": [ 0, 14.5, 5.5, 15 ], "texture": "#finn" },
        "north": { "uv": [ 0, 14.5, 5.5, 16 ], "texture": "#finn" },
        "south": { "uv": [ 0, 14.5, 5.5, 16 ], "texture": "#finn" },
        "west":  { "uv": [ 0, 14.5, 5.5, 16 ], "texture": "#finn" },
        "east":  { "uv": [ 0, 14.5, 5.5, 16 ], "texture": "#finn" }
    }
},
{
    "__comment": "Box12",
    "from": [ 2, 5, 0 ],
    "to": [ 2.5, 7, 6.5 ],
    "faces": {
        "down":  { "uv": [ 0, 15.5, 5.5, 16 ], "texture": "#finn" },
        "up":    { "uv": [ 0, 14.5, 5.5, 15 ], "texture": "#finn" },
        "north": { "uv": [ 0, 14.5, 5.5, 16 ], "texture": "#finn" },
        "south": { "uv": [ 0, 14.5, 5.5, 16 ], "texture": "#finn" },
        "west":  { "uv": [ 0, 14.5, 5.5, 16 ], "texture": "#finn" },
        "east":  { "uv": [ 0, 14.5, 5.5, 16 ], "texture": "#finn" }
    }
},
{
    "__comment": "Box12",
    "from": [ 8.5, 5, 0 ],
    "to": [ 9, 7, 6.5 ],
    "faces": {
        "down":  { "uv": [ 0, 15.5, 5.5, 16 ], "texture": "#finn" },
        "up":    { "uv": [ 0, 14.5, 5.5, 15 ], "texture": "#finn" },
        "north": { "uv": [ 0, 14.5, 5.5, 16 ], "texture": "#finn" },
        "south": { "uv": [ 0, 14.5, 5.5, 16 ], "texture": "#finn" },
        "west":  { "uv": [ 0, 14.5, 5.5, 16 ], "texture": "#finn" },
        "east":  { "uv": [ 0, 14.5, 5.5, 16 ], "texture": "#finn" }
    }
},
{
    "__comment": "Box12",
    "from": [ 8.5, -0.5, 0 ],
    "to": [ 9, 1.5, 6.5 ],
    "faces": {
        "down":  { "uv": [ 0, 15.5, 5.5, 16 ], "texture": "#finn" },
        "up":    { "uv": [ 0, 14.5, 5.5, 15 ], "texture": "#finn" },
        "north": { "uv": [ 0, 14.5, 5.5, 16 ], "texture": "#finn" },
        "south": { "uv": [ 0, 14.5, 5.5, 16 ], "texture": "#finn" },
        "west":  { "uv": [ 0, 14.5, 5.5, 16 ], "texture": "#finn" },
        "east":  { "uv": [ 0, 14.5, 5.5, 16 ], "texture": "#finn" }
    }
},
{
    "__comment": "Box16",
    "from": [ 2.5, -0.5, 0 ],
    "to": [ 8.5, 1.5, 0.5 ],
    "faces": {
        "down":  { "uv": [ 0, 15.5, 5.5, 16 ], "texture": "#finn" },
        "up":    { "uv": [ 0, 14.5, 5.5, 15 ], "texture": "#finn" },
        "north": { "uv": [ 0, 14.5, 5.5, 16 ], "texture": "#finn" },
        "south": { "uv": [ 0, 14.5, 5.5, 16 ], "texture": "#finn" },
        "west":  { "uv": [ 0, 14.5, 5.5, 16 ], "texture": "#finn" },
        "east":  { "uv": [ 0, 14.5, 5.5, 16 ], "texture": "#finn" }
    }
},
{
    "__comment": "Box16",
    "from": [ 2.5, 5, 0 ],
    "to": [ 8.5, 7, 0.5 ],
    "faces": {
        "down":  { "uv": [ 0, 15.5, 5.5, 16 ], "texture": "#finn" },
        "up":    { "uv": [ 0, 14.5, 5.5, 15 ], "texture": "#finn" },
        "north": { "uv": [ 0, 14.5, 5.5, 16 ], "texture": "#finn" },
        "south": { "uv": [ 0, 14.5, 5.5, 16 ], "texture": "#finn" },
        "west":  { "uv": [ 0, 14.5, 5.5, 16 ], "texture": "#finn" },
        "east":  { "uv": [ 0, 14.5, 5.5, 16 ], "texture": "#finn" }
    }
},
{
    "__comment": "Box13",
    "from": [ 2, -1, 8 ],
    "to": [ 9, 0, 8.5 ],
    "faces": {
        "down":  { "uv": [ 2, 10.5, 9, 11.5 ], "texture": "#finn" },
        "up":    { "uv": [ 2, 10.5, 9, 11.5 ], "texture": "#finn" },
        "north": { "uv": [ 1.5, 3.5, 2, 11 ], "texture": "#finn" },
        "south": { "uv": [ 2, 10.5, 9, 11.5 ], "texture": "#finn" },
        "west":  { "uv": [ 2, 10.5, 9, 11.5 ], "texture": "#finn" },
        "east":  { "uv": [ 2, 10.5, 9, 11.5 ], "texture": "#finn" }
    }
},
{
    "__comment": "Box14",
    "from": [ 1.5, -0.5, 8 ],
    "to": [ 2, 7, 8.5 ],
    "faces": {
        "down":  { "uv": [ 1.5, 7.5, 2, 8 ], "texture": "#finn" },
        "up":    { "uv": [ 1.5, 8, 2, 8.5 ], "texture": "#finn" },
        "north": { "uv": [ 1.5, 3.5, 2, 11 ], "texture": "#finn" },
        "south": { "uv": [ 1.5, 3.5, 2, 11 ], "texture": "#finn" },
        "west":  { "uv": [ 1.5, 3.5, 2, 11 ], "texture": "#finn" },
        "east":  { "uv": [ 1.5, 3.5, 2, 11 ], "texture": "#finn" }
    }
},
{
    "__comment": "Box15",
    "from": [ 2, 0, 8 ],
    "to": [ 3, 0.5, 8.5 ],
    "faces": {
        "down":  { "uv": [ 2, 7.5, 3, 8 ], "texture": "#finn" },
        "up":    { "uv": [ 1.5, 3.5, 2, 11 ], "texture": "#finn" },
        "north": { "uv": [ 13, 10.5, 14, 11 ], "texture": "#finn" },
        "south": { "uv": [ 2, 10.5, 3, 11 ], "texture": "#finn" },
        "west":  { "uv": [ 8, 10.5, 8.5, 11 ], "texture": "#finn" },
        "east":  { "uv": [ 7.5, 10.5, 8, 11 ], "texture": "#finn" }
    }
},
{
    "__comment": "Box16",
    "from": [ 8, 0, 8 ],
    "to": [ 9, 0.5, 8.5 ],
    "faces": {
        "down":  { "uv": [ 8, 7.5, 9, 8 ], "texture": "#finn" },
        "up":    { "uv": [ 1.5, 3.5, 2, 11 ], "texture": "#finn" },
        "north": { "uv": [ 7, 11, 8, 11.5 ], "texture": "#finn" },
        "south": { "uv": [ 8, 11, 9, 11.5 ], "texture": "#finn" },
        "west":  { "uv": [ 8, 11, 8.5, 11.5 ], "texture": "#finn" },
        "east":  { "uv": [ 7.5, 11, 8, 11.5 ], "texture": "#finn" }
    }
},
{
    "__comment": "Box17",
    "from": [ 9, -0.5, 8 ],
    "to": [ 9.5, 7, 8.5 ],
    "faces": {
        "down":  { "uv": [ 9, 7.5, 9.5, 8 ], "texture": "#finn" },
        "up":    { "uv": [ 9, 8, 9.5, 8.5 ], "texture": "#finn" },
        "north": { "uv": [ 1.5, 3.5, 2, 11 ], "texture": "#finn" },
        "south": { "uv": [ 1.5, 3.5, 2, 11 ], "texture": "#finn" },
        "west":  { "uv": [ 1.5, 3.5, 2, 11 ], "texture": "#finn" },
        "east":  { "uv": [ 1.5, 3.5, 2, 11 ], "texture": "#finn" }
    }
},
{
    "__comment": "Box18",
    "from": [ 2, 0.5, 8 ],
    "to": [ 2.5, 7.5, 8.5 ],
    "faces": {
        "down":  { "uv": [ 2, 3, 2.5, 10 ], "texture": "#finn" },
        "up":    { "uv": [ 2, 3, 2.5, 10 ], "texture": "#finn" },
        "north": { "uv": [ 2, 3, 2.5, 10 ], "texture": "#finn" },
        "south": { "uv": [ 2, 3, 2.5, 10 ], "texture": "#finn" },
        "west":  { "uv": [ 2, 3, 2.5, 10 ], "texture": "#finn" },
        "east":  { "uv": [ 2, 3, 2.5, 10 ], "texture": "#finn" }
    }
},
{
    "__comment": "Box19",
    "from": [ 8.5, 0.5, 8 ],
    "to": [ 9, 7.5, 8.5 ],
    "faces": {
        "down":  { "uv": [ 8.5, 3.5, 9, 10.5 ], "texture": "#finn" },
        "up":    { "uv": [ 8.5, 3.5, 9, 10.5 ], "texture": "#finn" },
        "north": { "uv": [ 8.5, 3, 9, 10 ], "texture": "#finn" },
        "south": { "uv": [ 8.5, 3.5, 9, 10.5 ], "texture": "#finn" },
        "west":  { "uv": [ 8.5, 3.5, 9, 10.5 ], "texture": "#finn" },
        "east":  { "uv": [ 8.5, 3.5, 9, 10.5 ], "texture": "#finn" }
    }
},
{
    "__comment": "Box20",
    "from": [ 2.5, 5, 8 ],
    "to": [ 3, 7.5, 8.5 ],
    "faces": {
        "down":  { "uv": [ 1.5, 3.5, 2, 11 ], "texture": "#finn" },
        "up":    { "uv": [ 1.5, 3.5, 2, 11 ], "texture": "#finn" },
        "north": { "uv": [ 13, 3.5, 13.5, 6 ], "texture": "#finn" },
        "south": { "uv": [ 2.5, 3, 3, 5.5 ], "texture": "#finn" },
        "west":  { "uv": [ 8, 3.5, 8.5, 6 ], "texture": "#finn" },
        "east":  { "uv": [ 7.5, 3.5, 8, 6 ], "texture": "#finn" }
    }
},
{
    "__comment": "Box21",
    "from": [ 8, 5, 8 ],
    "to": [ 8.5, 7.5, 8.5 ],
    "faces": {
        "down":  { "uv": [ 1.5, 3.5, 2, 11 ], "texture": "#finn" },
        "up":    { "uv": [ 1.5, 3.5, 2, 11 ], "texture": "#finn" },
        "north": { "uv": [ 7.5, 3.5, 8, 6 ], "texture": "#finn" },
        "south": { "uv": [ 8, 3, 8.5, 5.5 ], "texture": "#finn" },
        "west":  { "uv": [ 8, 3.5, 8.5, 6 ], "texture": "#finn" },
        "east":  { "uv": [ 7.5, 3.5, 8, 6 ], "texture": "#finn" }
    }
},
{
    "__comment": "Box22",
    "from": [ 3, 5.5, 8 ],
    "to": [ 8, 7.5, 8.5 ],
    "faces": {
        "down":  { "uv": [ 1.5, 3.5, 2, 11 ], "texture": "#finn" },
        "up":    { "uv": [ 1.5, 3.5, 2, 11 ], "texture": "#finn" },
        "north": { "uv": [ 8, 3.5, 13, 5.5 ], "texture": "#finn" },
        "south": { "uv": [ 3, 3, 8, 5 ], "texture": "#finn" },
        "west":  { "uv": [ 8, 3.5, 8.5, 5.5 ], "texture": "#finn" },
        "east":  { "uv": [ 7.5, 3.5, 8, 5.5 ], "texture": "#finn" }
    }
},
{
    "__comment": "Box23",
    "from": [ 3, 0, 8 ],
    "to": [ 8, 1, 8.6 ],
    "faces": {
        "down":  { "uv": [ 3, 9.5, 8, 10.5 ], "texture": "#finn" },
        "up":    { "uv": [ 3, 9.5, 8, 10.5 ], "texture": "#finn" },
        "north": { "uv": [ 3, 9.5, 8, 10.5 ], "texture": "#finn" },
        "south": { "uv": [ 3, 9.5, 8, 10.5 ], "texture": "#finn" },
        "west":  { "uv": [ 3, 9.5, 8, 10.5 ], "texture": "#finn" },
        "east":  { "uv": [ 3, 9.5, 8, 10.5 ], "texture": "#finn" }
    }
},
{
    "__comment": "Box24",
    "from": [ 2.5, 0.5, 8 ],
    "to": [ 3, 5, 8.6 ],
    "faces": {
        "down":  { "uv": [ 2.5, 5.5, 3, 10 ], "texture": "#finn" },
        "up":    { "uv": [ 2.5, 5.5, 3, 10 ], "texture": "#finn" },
        "north": { "uv": [ 2.5, 5.5, 3, 10 ], "texture": "#finn" },
        "south": { "uv": [ 2.5, 5.5, 3, 10 ], "texture": "#finn" },
        "west":  { "uv": [ 2.5, 5.5, 3, 10 ], "texture": "#finn" },
        "east":  { "uv": [ 2.5, 5.5, 3, 10 ], "texture": "#finn" }
    }
},
{
    "__comment": "Box25",
    "from": [ 8, 0.5, 8 ],
    "to": [ 8.5, 5, 8.6 ],
    "faces": {
        "down":  { "uv": [ 8, 5.5, 8.5, 10 ], "texture": "#finn" },
        "up":    { "uv": [ 8, 5.5, 8.5, 10 ], "texture": "#finn" },
        "north": { "uv": [ 8, 5.5, 8.5, 10 ], "texture": "#finn" },
        "south": { "uv": [ 8, 5.5, 8.5, 10 ], "texture": "#finn" },
        "west":  { "uv": [ 8, 5.5, 8.5, 10 ], "texture": "#finn" },
        "east":  { "uv": [ 8, 5.5, 8.5, 10 ], "texture": "#finn" }
    }
},
{
    "__comment": "Box26",
    "from": [ 3, 4.5, 8 ],
    "to": [ 8, 5.5, 8.6 ],
    "faces": {
        "down":  { "uv": [ 3, 5, 8, 6 ], "texture": "#finn" },
        "up":    { "uv": [ 3, 5, 8, 6 ], "texture": "#finn" },
        "north": { "uv": [ 3, 5, 8, 6 ], "texture": "#finn" },
        "south": { "uv": [ 3, 5, 8, 6 ], "texture": "#finn" },
        "west":  { "uv": [ 3, 5, 8, 6 ], "texture": "#finn" },
        "east":  { "uv": [ 3, 5, 8, 6 ], "texture": "#finn" }
    }
},
{
    "__comment": "Box27",
    "from": [ 3, 1, 8 ],
    "to": [ 4.5, 3, 8.7 ],
    "faces": {
        "down":  { "uv": [ 3, 7.5, 4.5, 9.5 ], "texture": "#finn" },
        "up":    { "uv": [ 3, 7.5, 4.5, 9.5 ], "texture": "#finn" },
        "north": { "uv": [ 3, 7.5, 4.5, 9.5 ], "texture": "#finn" },
        "south": { "uv": [ 3, 7.5, 4.5, 9.5 ], "texture": "#finn" },
        "west":  { "uv": [ 3, 7.5, 4.5, 9.5 ], "texture": "#finn" },
        "east":  { "uv": [ 3, 7.5, 4.5, 9.5 ], "texture": "#finn" }
    }
},
{
    "__comment": "Box28",
    "from": [ 6.5, 1, 8 ],
    "to": [ 8, 3, 8.7 ],
    "faces": {
        "down":  { "uv": [ 6.5, 8, 8, 10 ], "texture": "#finn" },
        "up":    { "uv": [ 6.5, 8, 8, 10 ], "texture": "#finn" },
        "north": { "uv": [ 6.5, 8, 8, 10 ], "texture": "#finn" },
        "south": { "uv": [ 6.5, 8, 8, 10 ], "texture": "#finn" },
        "west":  { "uv": [ 6.5, 8, 8, 10 ], "texture": "#finn" },
        "east":  { "uv": [ 6.5, 8, 8, 10 ], "texture": "#finn" }
    }
},
{
    "__comment": "Box29",
    "from": [ 4.5, 2, 8 ],
    "to": [ 5, 4.5, 8.65 ],
    "faces": {
        "down":  { "uv": [ 4.5, 6, 5, 8.5 ], "texture": "#finn" },
        "up":    { "uv": [ 4.5, 6, 5, 8.5 ], "texture": "#finn" },
        "north": { "uv": [ 4.5, 6, 5, 8.5 ], "texture": "#finn" },
        "south": { "uv": [ 4.5, 6, 5, 8.5 ], "texture": "#finn" },
        "west":  { "uv": [ 4.5, 6, 5, 8.5 ], "texture": "#finn" },
        "east":  { "uv": [ 4.5, 6, 5, 8.5 ], "texture": "#finn" }
    }
},
{
    "__comment": "Box30",
    "from": [ 3, 3, 8 ],
    "to": [ 3.5, 4.5, 8.65 ],
    "faces": {
        "down":  { "uv": [ 3, 6, 3.5, 7.5 ], "texture": "#finn" },
        "up":    { "uv": [ 3, 6, 3.5, 7.5 ], "texture": "#finn" },
        "north": { "uv": [ 3, 6, 3.5, 7.5 ], "texture": "#finn" },
        "south": { "uv": [ 3, 6, 3.5, 7.5 ], "texture": "#finn" },
        "west":  { "uv": [ 3, 6, 3.5, 7.5 ], "texture": "#finn" },
        "east":  { "uv": [ 3, 6, 3.5, 7.5 ], "texture": "#finn" }
    }
},
{
    "__comment": "Box31",
    "from": [ 4, 3, 8 ],
    "to": [ 4.5, 4.5, 8.65 ],
    "faces": {
        "down":  { "uv": [ 4, 6, 4.5, 7.5 ], "texture": "#finn" },
        "up":    { "uv": [ 4, 6, 4.5, 7.5 ], "texture": "#finn" },
        "north": { "uv": [ 4, 6, 4.5, 7.5 ], "texture": "#finn" },
        "south": { "uv": [ 4, 6, 4.5, 7.5 ], "texture": "#finn" },
        "west":  { "uv": [ 4, 6, 4.5, 7.5 ], "texture": "#finn" },
        "east":  { "uv": [ 4, 6, 4.5, 7.5 ], "texture": "#finn" }
    }
},
{
    "__comment": "Box32",
    "from": [ 7.5, 3, 8 ],
    "to": [ 8, 4.5, 8.65 ],
    "faces": {
        "down":  { "uv": [ 7.5, 6, 8, 7.5 ], "texture": "#finn" },
        "up":    { "uv": [ 7.5, 6, 8, 7.5 ], "texture": "#finn" },
        "north": { "uv": [ 7.5, 6, 8, 7.5 ], "texture": "#finn" },
        "south": { "uv": [ 7.5, 6, 8, 7.5 ], "texture": "#finn" },
        "west":  { "uv": [ 7.5, 6, 8, 7.5 ], "texture": "#finn" },
        "east":  { "uv": [ 7.5, 6, 8, 7.5 ], "texture": "#finn" }
    }
},
{
    "__comment": "Box33",
    "from": [ 6.5, 3, 8 ],
    "to": [ 7, 4.5, 8.65 ],
    "faces": {
        "down":  { "uv": [ 6.5, 6, 7, 7.5 ], "texture": "#finn" },
        "up":    { "uv": [ 6.5, 6, 7, 7.5 ], "texture": "#finn" },
        "north": { "uv": [ 6.5, 6, 7, 7.5 ], "texture": "#finn" },
        "south": { "uv": [ 6.5, 6, 7, 7.5 ], "texture": "#finn" },
        "west":  { "uv": [ 6.5, 6, 7, 7.5 ], "texture": "#finn" },
        "east":  { "uv": [ 6.5, 6, 7, 7.5 ], "texture": "#finn" }
    }
},
{
    "__comment": "Box34",
    "from": [ 4.5, 1, 8 ],
    "to": [ 5, 1.5, 8.65 ],
    "faces": {
        "down":  { "uv": [ 4.5, 9, 5, 9.5 ], "texture": "#finn" },
        "up":    { "uv": [ 4.5, 9, 5, 9.5 ], "texture": "#finn" },
        "north": { "uv": [ 4.5, 9, 5, 9.5 ], "texture": "#finn" },
        "south": { "uv": [ 4.5, 9, 5, 9.5 ], "texture": "#finn" },
        "west":  { "uv": [ 4.5, 9, 5, 9.5 ], "texture": "#finn" },
        "east":  { "uv": [ 4.5, 9, 5, 9.5 ], "texture": "#finn" }
    }
},
{
    "__comment": "Box35",
    "from": [ 6, 1, 8 ],
    "to": [ 6.5, 1.5, 8.65 ],
    "faces": {
        "down":  { "uv": [ 6, 9, 6.5, 9.5 ], "texture": "#finn" },
        "up":    { "uv": [ 6, 9, 6.5, 9.5 ], "texture": "#finn" },
        "north": { "uv": [ 6, 9, 6.5, 9.5 ], "texture": "#finn" },
        "south": { "uv": [ 6, 9, 6.5, 9.5 ], "texture": "#finn" },
        "west":  { "uv": [ 6, 9, 6.5, 9.5 ], "texture": "#finn" },
        "east":  { "uv": [ 6, 9, 6.5, 9.5 ], "texture": "#finn" }
    }
},
{
    "__comment": "Box36",
    "from": [ 6, 2, 8 ],
    "to": [ 6.5, 4.5, 8.65 ],
    "faces": {
        "down":  { "uv": [ 6, 6, 6.5, 8.5 ], "texture": "#finn" },
        "up":    { "uv": [ 6, 6, 6.5, 8.5 ], "texture": "#finn" },
        "north": { "uv": [ 6, 6, 6.5, 8.5 ], "texture": "#finn" },
        "south": { "uv": [ 6, 6, 6.5, 8.5 ], "texture": "#finn" },
        "west":  { "uv": [ 6, 6, 6.5, 8.5 ], "texture": "#finn" },
        "east":  { "uv": [ 6, 6, 6.5, 8.5 ], "texture": "#finn" }
    }
},
{
    "__comment": "Box37",
    "from": [ 5, 1.5, 8 ],
    "to": [ 6, 4.5, 8.65 ],
    "faces": {
        "down":  { "uv": [ 5, 6, 6, 9 ], "texture": "#finn" },
        "up":    { "uv": [ 5, 6, 6, 9 ], "texture": "#finn" },
        "north": { "uv": [ 5, 6, 6, 9 ], "texture": "#finn" },
        "south": { "uv": [ 5, 6, 6, 9 ], "texture": "#finn" },
        "west":  { "uv": [ 5, 6, 6, 9 ], "texture": "#finn" },
        "east":  { "uv": [ 5, 6, 6, 9 ], "texture": "#finn" }
    }
},
{
    "__comment": "Box38",
    "from": [ 3.5, 3, 8 ],
    "to": [ 4, 4.5, 9 ],
    "faces": {
        "down":  { "uv": [ 3.5, 6, 4, 7.5 ], "texture": "#finn" },
        "up":    { "uv": [ 3.5, 6, 4, 7.5 ], "texture": "#finn" },
        "north": { "uv": [ 3.5, 6, 4, 7.5 ], "texture": "#finn" },
        "south": { "uv": [ 3.5, 6, 4, 7.5 ], "texture": "#finn" },
        "west":  { "uv": [ 3.5, 6, 4, 7.5 ], "texture": "#finn" },
        "east":  { "uv": [ 3.5, 6, 4, 7.5 ], "texture": "#finn" }
    }
},
{
    "__comment": "Box39",
    "from": [ 7, 3, 8 ],
    "to": [ 7.5, 4.5, 9 ],
    "faces": {
        "down":  { "uv": [ 3.5, 6, 4, 7.5 ], "texture": "#finn" },
        "up":    { "uv": [ 3.5, 6, 4, 7.5 ], "texture": "#finn" },
        "north": { "uv": [ 3.5, 6, 4, 7.5 ], "texture": "#finn" },
        "south": { "uv": [ 3.5, 6, 4, 7.5 ], "texture": "#finn" },
        "west":  { "uv": [ 3.5, 6, 4, 7.5 ], "texture": "#finn" },
        "east":  { "uv": [ 3.5, 6, 4, 7.5 ], "texture": "#finn" }
    }
},
{
    "__comment": "Box40",
    "from": [ 4.5, 1.5, 8 ],
    "to": [ 5, 2, 9 ],
    "faces": {
        "down":  { "uv": [ 3.5, 6, 4, 7.5 ], "texture": "#finn" },
        "up":    { "uv": [ 3.5, 6, 4, 7.5 ], "texture": "#finn" },
        "north": { "uv": [ 3.5, 6, 4, 7.5 ], "texture": "#finn" },
        "south": { "uv": [ 3.5, 6, 4, 7.5 ], "texture": "#finn" },
        "west":  { "uv": [ 3.5, 6, 4, 7.5 ], "texture": "#finn" },
        "east":  { "uv": [ 3.5, 6, 4, 7.5 ], "texture": "#finn" }
    }
},
{
    "__comment": "Box41",
    "from": [ 5, 1, 8 ],
    "to": [ 6, 1.5, 9 ],
    "faces": {
        "down":  { "uv": [ 3.5, 6, 4, 7.5 ], "texture": "#finn" },
        "up":    { "uv": [ 3.5, 6, 4, 7.5 ], "texture": "#finn" },
        "north": { "uv": [ 3.5, 6, 4, 7.5 ], "texture": "#finn" },
        "south": { "uv": [ 3.5, 6, 4, 7.5 ], "texture": "#finn" },
        "west":  { "uv": [ 3.5, 6, 4, 7.5 ], "texture": "#finn" },
        "east":  { "uv": [ 3.5, 6, 4, 7.5 ], "texture": "#finn" }
    }
},
{
    "__comment": "Box42",
    "from": [ 6, 1.5, 8 ],
    "to": [ 6.5, 2, 9 ],
    "faces": {
        "down":  { "uv": [ 3.5, 6, 4, 7.5 ], "texture": "#finn" },
        "up":    { "uv": [ 3.5, 6, 4, 7.5 ], "texture": "#finn" },
        "north": { "uv": [ 3.5, 6, 4, 7.5 ], "texture": "#finn" },
        "south": { "uv": [ 3.5, 6, 4, 7.5 ], "texture": "#finn" },
        "west":  { "uv": [ 3.5, 6, 4, 7.5 ], "texture": "#finn" },
        "east":  { "uv": [ 3.5, 6, 4, 7.5 ], "texture": "#finn" }
    }
}
],
"display": {
    "thirdperson": {
        "rotation": [ -180, 0, 0 ],
        "translation": [ 0, -1.8, -2.4 ],
        "scale": [ 1, 1, 1 ]
    },
    "head": {
        "rotation": [ 0, 180, 0 ],
        "translation": [ -3, 4.5, -3.9 ],
        "scale": [ 2.2, 2.05, 2.24 ]
    },
    "ground": {
        "rotation": [ 0, 0, 0 ],
        "translation": [ 0, 0, 0 ],
        "scale": [ 1, 1, 1 ]
    },
    "fixed": {
        "rotation": [ 0, 180, 0 ],
        "translation": [ -3.1, 5.8, -0.7 ],
        "scale": [ 2.93, 2.77, 1.39 ]
    },
    "firstperson": {
        "rotation": [ 0, 180, 0 ],
        "translation": [ 0, 1.7, -1.2 ],
        "scale": [ 1, 1, 1 ]
    },
    "gui": {
        "rotation": [ -28, 142, -4 ],
        "translation": [ -3.5, 2.7, 0.1 ],
        "scale": [ 1.95, 1.83, 1 ]
    }
}
}