{
	"__comment": "Designed by Hypixel minecraft server with BDcraft Cubik PRO 0.93 Beta - http://bdcraft.net",
	"textures": {
		"texture": "items/gokumario_ms"
	},
	"elements": [ 	 
		{
			"from": [ 3, -1, 17 ],
			"to": [ 13, 0, 19 ],
			"faces": {
				"down": { "uv": [ 4.5, 12, 9.5, 12.5 ], "texture": "#texture" },
				"up": { "uv": [ 4.5, 12, 9.5, 12.5 ], "texture": "#texture" },
				"north": { "uv": [ 4.5, 12, 9.5, 12.5 ], "texture": "#texture" },
				"south": { "uv": [ 4.5, 12, 9.5, 12.5 ], "texture": "#texture" },
				"west": { "uv": [ 4.5, 12, 5, 12.5 ], "texture": "#texture" },
				"east": { "uv": [ 4.5, 12, 5, 12.5 ], "texture": "#texture" }
			}
		},
		{
			"from": [ 2, 0, 15 ],
			"to": [ 14, 1, 20 ],
			"faces": {
				"down": { "uv": [ 4, 11.5, 10, 12 ], "texture": "#texture" },
				"up": { "uv": [ 4, 11.5, 10, 12 ], "texture": "#texture" },
				"north": { "uv": [ 4, 11.5, 10, 12 ], "texture": "#texture" },
				"south": { "uv": [ 4, 11.5, 10, 12 ], "texture": "#texture" },
				"west": { "uv": [ 4, 11.5, 4.5, 12 ], "texture": "#texture" },
				"east": { "uv": [ 4, 11.5, 4.5, 12 ], "texture": "#texture" }
			}
		},
		{
			"from": [ 1, 1, 15 ],
			"to": [ 15, 2, 20 ],
			"faces": {
				"down": { "uv": [ 3.5, 11, 10.5, 11.5 ], "texture": "#texture" },
				"up": { "uv": [ 3.5, 11, 10.5, 11.5 ], "texture": "#texture" },
				"north": { "uv": [ 3.5, 11, 10.5, 11.5 ], "texture": "#texture" },
				"south": { "uv": [ 3.5, 11, 10.5, 11.5 ], "texture": "#texture" },
				"west": { "uv": [ 3.5, 11, 4, 11.5 ], "texture": "#texture" },
				"east": { "uv": [ 3.5, 11, 4, 11.5 ], "texture": "#texture" }
			}
		},
		{
			"from": [ 0, 2, 15 ],
			"to": [ 16, 3, 20 ],
			"faces": {
				"down": { "uv": [ 3, 10.5, 11, 11 ], "texture": "#texture" },
				"up": { "uv": [ 3, 10.5, 11, 11 ], "texture": "#texture" },
				"north": { "uv": [ 11, 10.5, 3, 11 ], "texture": "#texture" },
				"south": { "uv": [ 3, 10.5, 11, 11 ], "texture": "#texture" },
				"west": { "uv": [ 3, 10.5, 3.5, 11 ], "texture": "#texture" },
				"east": { "uv": [ 3, 10.5, 3.5, 11 ], "texture": "#texture" }
			}
		},
		{
			"from": [ -2, 3, 15 ],
			"to": [ 17, 4, 17 ],
			"faces": {
				"down": { "uv": [ 2, 10, 11.5, 10.5 ], "texture": "#texture" },
				"up": { "uv": [ 2, 10, 11.5, 10.5 ], "texture": "#texture" },
				"north": { "uv": [ 11.5, 10, 2, 10.5 ], "texture": "#texture" },
				"south": { "uv": [ 2, 10, 11.5, 10.5 ], "texture": "#texture" },
				"west": { "uv": [ 2, 10, 2.5, 10.5 ], "texture": "#texture" },
				"east": { "uv": [ 11, 10, 11.5, 10.5 ], "texture": "#texture" }
			}
		},
		{
			"from": [ -3, 4, 15 ],
			"to": [ 18, 5, 17 ],
			"faces": {
				"down": { "uv": [ 1.5, 9.5, 12, 10 ], "texture": "#texture" },
				"up": { "uv": [ 1.5, 9.5, 12, 10 ], "texture": "#texture" },
				"north": { "uv": [ 12, 9.5, 1.5, 10 ], "texture": "#texture" },
				"south": { "uv": [ 1.5, 9.5, 12, 10 ], "texture": "#texture" },
				"west": { "uv": [ 1.5, 9.5, 2, 10 ], "texture": "#texture" },
				"east": { "uv": [ 11.5, 9.5, 12, 10 ], "texture": "#texture" }
			}
		},
		{
			"from": [ -3, 5, 15 ],
			"to": [ 18, 6, 17 ],
			"faces": {
				"down": { "uv": [ 1.5, 9, 12, 9.5 ], "texture": "#texture" },
				"up": { "uv": [ 1.5, 9, 12, 9.5 ], "texture": "#texture" },
				"north": { "uv": [ 12, 9, 1.5, 9.5 ], "texture": "#texture" },
				"south": { "uv": [ 1.5, 9, 12, 9.5 ], "texture": "#texture" },
				"west": { "uv": [ 1.5, 9, 2, 9.5 ], "texture": "#texture" },
				"east": { "uv": [ 11.5, 9, 12, 9.5 ], "texture": "#texture" }
			}
		},
		{
			"from": [ -3, 6, 15 ],
			"to": [ 18, 7, 17 ],
			"faces": {
				"down": { "uv": [ 1.5, 8.5, 12, 9 ], "texture": "#texture" },
				"up": { "uv": [ 1.5, 8.5, 12, 9 ], "texture": "#texture" },
				"north": { "uv": [ 12, 8.5, 1.5, 9 ], "texture": "#texture" },
				"south": { "uv": [ 1.5, 8.5, 12, 9 ], "texture": "#texture" },
				"west": { "uv": [ 1.5, 8.5, 2, 9 ], "texture": "#texture" },
				"east": { "uv": [ 11.5, 8.5, 12, 9 ], "texture": "#texture" }
			}
		},
		{
			"from": [ -4.5, 7, 15 ],
			"to": [ 19.5, 8, 17 ],
			"faces": {
				"down": { "uv": [ 0.5, 7.5, 1, 8 ], "texture": "#texture" },
				"up": { "uv": [ 0.5, 8, 12.5, 8.5 ], "texture": "#texture" },
				"north": { "uv": [ 12.5, 8, 0.5, 8.5 ], "texture": "#texture" },
				"south": { "uv": [ 1, 8, 12.5, 8.5 ], "texture": "#texture" },
				"west": { "uv": [ 0.5, 7.5, 1, 8 ], "texture": "#texture" },
				"east": { "uv": [ 0.5, 7.5, 1, 8 ], "texture": "#texture" }
			}
		},
		{
			"from": [ -5, 8, 15 ],
			"to": [ 20.5, 9, 17 ],
			"faces": {
				"down": { "uv": [ 0.5, 7.5, 1, 8 ], "texture": "#texture" },
				"up": { "uv": [ 0.5, 7.5, 1, 8 ], "texture": "#texture" },
				"north": { "uv": [ 13, 7.5, 0, 8 ], "texture": "#texture" },
				"south": { "uv": [ 0.5, 7.5, 13, 8 ], "texture": "#texture" },
				"west": { "uv": [ 0.5, 7.5, 1, 8 ], "texture": "#texture" },
				"east": { "uv": [ 0.5, 7.5, 1, 8 ], "texture": "#texture" }
			}
		},
		{
			"from": [ -4.5, 9, 15 ],
			"to": [ 20, 10, 17 ],
			"faces": {
				"down": { "uv": [ 1, 7.5, 1.5, 8 ], "texture": "#texture" },
				"up": { "uv": [ 0.5, 7.5, 1, 8 ], "texture": "#texture" },
				"north": { "uv": [ 0.5, 7.5, 1, 8 ], "texture": "#texture" },
				"south": { "uv": [ 0.5, 7, 13, 7.5 ], "texture": "#texture" },
				"west": { "uv": [ 0.5, 7.5, 1, 8 ], "texture": "#texture" },
				"east": { "uv": [ 0.5, 7.5, 1, 8 ], "texture": "#texture" }
			}
		},
		{
			"from": [ 1, 16, 15 ],
			"to": [ 18, 17, 18 ],
			"faces": {
				"down": { "uv": [ 3.5, 3.5, 12, 4 ], "texture": "#texture" },
				"up": { "uv": [ 3.5, 3.5, 12, 4 ], "texture": "#texture" },
				"north": { "uv": [ 12, 3.5, 3.5, 4 ], "texture": "#texture" },
				"south": { "uv": [ 3.5, 3.5, 12, 4 ], "texture": "#texture" },
				"west": { "uv": [ 3.5, 3.5, 4, 4 ], "texture": "#texture" },
				"east": { "uv": [ 3.5, 3.5, 4, 4 ], "texture": "#texture" }
			}
		},
		{
			"from": [ 2, 17, 15 ],
			"to": [ 19, 18, 16 ],
			"faces": {
				"down": { "uv": [ 4, 3, 12.5, 3.5 ], "texture": "#texture" },
				"up": { "uv": [ 4, 3, 12.5, 3.5 ], "texture": "#texture" },
				"north": { "uv": [ 12.5, 3, 4, 3.5 ], "texture": "#texture" },
				"south": { "uv": [ 4, 3, 12.5, 3.5 ], "texture": "#texture" },
				"west": { "uv": [ 4, 3, 4.5, 3.5 ], "texture": "#texture" },
				"east": { "uv": [ 4, 3, 4.5, 3.5 ], "texture": "#texture" }
			}
		},
		{
			"from": [ 1, 11.5, 4 ],
			"to": [ 15, 13.5, 5 ],
			"faces": {
				"down": { "uv": [ 7, 12.5, 7.5, 13.5 ], "texture": "#texture" },
				"up": { "uv": [ 7, 12.5, 7.5, 13.5 ], "texture": "#texture" },
				"north": { "uv": [ 7, 12.5, 7.5, 13.5 ], "texture": "#texture" },
				"south": { "uv": [ 7, 12.5, 7.5, 13.5 ], "texture": "#texture" },
				"west": { "uv": [ 7, 12.5, 7.5, 13.5 ], "texture": "#texture" },
				"east": { "uv": [ 7, 12.5, 7.5, 13.5 ], "texture": "#texture" }
			}
		},
		{
			"from": [ 1, 3.5, 4 ],
			"to": [ 15, 5.5, 5 ],
			"faces": {
				"down": { "uv": [ 7, 12.5, 7.5, 13.5 ], "texture": "#texture" },
				"up": { "uv": [ 7, 12.5, 7.5, 13.5 ], "texture": "#texture" },
				"north": { "uv": [ 7, 12.5, 7.5, 13.5 ], "texture": "#texture" },
				"south": { "uv": [ 7, 12.5, 7.5, 13.5 ], "texture": "#texture" },
				"west": { "uv": [ 7, 12.5, 7.5, 13.5 ], "texture": "#texture" },
				"east": { "uv": [ 7, 12.5, 7.5, 13.5 ], "texture": "#texture" }
			}
		},
		{
			"from": [ 0, 11, 4 ],
			"to": [ 1, 14, 15 ],
			"faces": {
				"down": { "uv": [ 7.5, 13, 8, 13.5 ], "texture": "#texture" },
				"up": { "uv": [ 7, 12.5, 7.5, 13 ], "texture": "#texture" },
				"north": { "uv": [ 7, 12.5, 7.5, 14 ], "texture": "#texture" },
				"south": { "uv": [ 12, 12.5, 12.5, 14 ], "texture": "#texture" },
				"west": { "uv": [ 7, 12.5, 12.5, 14 ], "texture": "#texture" },
				"east": { "uv": [ 12.5, 12.5, 7, 14 ], "texture": "#texture" }
			}
		},
		{
			"from": [ 4, -1, 19 ],
			"to": [ 12, 0, 20 ],
			"faces": {
				"down": { "uv": [ 5, 12, 9, 12.5 ], "texture": "#texture" },
				"up": { "uv": [ 5, 12, 9, 12.5 ], "texture": "#texture" },
				"north": { "uv": [ 5, 12, 9, 12.5 ], "texture": "#texture" },
				"south": { "uv": [ 5, 12, 9, 12.5 ], "texture": "#texture" },
				"west": { "uv": [ 5, 12, 5.5, 12.5 ], "texture": "#texture" },
				"east": { "uv": [ 8.5, 12, 9, 12.5 ], "texture": "#texture" }
			}
		},
		{
			"from": [ 4, -1, 16 ],
			"to": [ 12, 0, 17 ],
			"faces": {
				"down": { "uv": [ 5, 12, 9, 12.5 ], "texture": "#texture" },
				"up": { "uv": [ 5, 12, 9, 12.5 ], "texture": "#texture" },
				"north": { "uv": [ 5, 12, 9, 12.5 ], "texture": "#texture" },
				"south": { "uv": [ 5, 12, 9, 12.5 ], "texture": "#texture" },
				"west": { "uv": [ 5, 12, 5.5, 12.5 ], "texture": "#texture" },
				"east": { "uv": [ 8.5, 12, 9, 12.5 ], "texture": "#texture" }
			}
		},
		{
			"from": [ 3, 0, 20 ],
			"to": [ 6, 1, 21 ],
			"faces": {
				"down": { "uv": [ 4.5, 11.5, 6, 12 ], "texture": "#texture" },
				"up": { "uv": [ 4.5, 11.5, 6, 12 ], "texture": "#texture" },
				"north": { "uv": [ 6, 11.5, 4.5, 12 ], "texture": "#texture" },
				"south": { "uv": [ 4.5, 11.5, 6, 12 ], "texture": "#texture" },
				"west": { "uv": [ 4.5, 11.5, 5, 12 ], "texture": "#texture" },
				"east": { "uv": [ 5.5, 11.5, 6, 12 ], "texture": "#texture" }
			}
		},
		{
			"from": [ 10, 0, 20 ],
			"to": [ 13, 1, 21 ],
			"faces": {
				"down": { "uv": [ 4.5, 11.5, 6, 12 ], "texture": "#texture" },
				"up": { "uv": [ 4.5, 11.5, 6, 12 ], "texture": "#texture" },
				"north": { "uv": [ 4.5, 11.5, 6, 12 ], "texture": "#texture" },
				"south": { "uv": [ 6, 11.5, 4.5, 12 ], "texture": "#texture" },
				"west": { "uv": [ 5.5, 11.5, 6, 12 ], "texture": "#texture" },
				"east": { "uv": [ 4.5, 11.5, 5, 12 ], "texture": "#texture" }
			}
		},
		{
			"from": [ 2, 1, 20 ],
			"to": [ 6, 2, 21 ],
			"faces": {
				"down": { "uv": [ 3.5, 11, 6, 11.5 ], "texture": "#texture" },
				"up": { "uv": [ 3.5, 11, 6, 11.5 ], "texture": "#texture" },
				"north": { "uv": [ 6, 11, 4, 11.5 ], "texture": "#texture" },
				"south": { "uv": [ 4, 11, 6, 11.5 ], "texture": "#texture" },
				"west": { "uv": [ 3.5, 11, 4, 11.5 ], "texture": "#texture" },
				"east": { "uv": [ 5.5, 11, 6, 11.5 ], "texture": "#texture" }
			}
		},
		{
			"from": [ 10, 1, 20 ],
			"to": [ 14, 2, 21 ],
			"faces": {
				"down": { "uv": [ 3.5, 11, 6, 11.5 ], "texture": "#texture" },
				"up": { "uv": [ 3.5, 11, 6, 11.5 ], "texture": "#texture" },
				"north": { "uv": [ 4, 11, 6, 11.5 ], "texture": "#texture" },
				"south": { "uv": [ 6, 11, 4, 11.5 ], "texture": "#texture" },
				"west": { "uv": [ 5.5, 11, 6, 11.5 ], "texture": "#texture" },
				"east": { "uv": [ 3.5, 11, 4, 11.5 ], "texture": "#texture" }
			}
		},
		{
			"from": [ 6, 1, 20 ],
			"to": [ 10, 2, 21 ],
			"faces": {
				"down": { "uv": [ 6.5, 11, 7.5, 11.5 ], "texture": "#texture" },
				"up": { "uv": [ 6.5, 11, 7.5, 11.5 ], "texture": "#texture" },
				"north": { "uv": [ 6, 11, 8, 11.5 ], "texture": "#texture" },
				"south": { "uv": [ 6, 11, 8, 11.5 ], "texture": "#texture" },
				"west": { "uv": [ 6.5, 11, 7, 11.5 ], "texture": "#texture" },
				"east": { "uv": [ 6.5, 11, 7, 11.5 ], "texture": "#texture" }
			}
		},
		{
			"from": [ 4, 1, 21 ],
			"to": [ 6, 2, 22 ],
			"faces": {
				"down": { "uv": [ 5, 11, 6, 11.5 ], "texture": "#texture" },
				"up": { "uv": [ 5, 11, 6, 11.5 ], "texture": "#texture" },
				"north": { "uv": [ 6, 11, 5, 11.5 ], "texture": "#texture" },
				"south": { "uv": [ 5, 11, 6, 11.5 ], "texture": "#texture" },
				"west": { "uv": [ 5, 11, 5.5, 11.5 ], "texture": "#texture" },
				"east": { "uv": [ 5.5, 11, 6, 11.5 ], "texture": "#texture" }
			}
		},
		{
			"from": [ 10, 1, 21 ],
			"to": [ 12, 2, 22 ],
			"faces": {
				"down": { "uv": [ 5, 11, 6, 11.5 ], "texture": "#texture" },
				"up": { "uv": [ 5, 11, 6, 11.5 ], "texture": "#texture" },
				"north": { "uv": [ 5, 11, 6, 11.5 ], "texture": "#texture" },
				"south": { "uv": [ 6, 11, 5, 11.5 ], "texture": "#texture" },
				"west": { "uv": [ 5.5, 11, 6, 11.5 ], "texture": "#texture" },
				"east": { "uv": [ 5, 11, 5.5, 11.5 ], "texture": "#texture" }
			}
		},
		{
			"from": [ 1, 2, 20 ],
			"to": [ 15, 3, 21 ],
			"faces": {
				"down": { "uv": [ 3.5, 10.5, 10.5, 11 ], "texture": "#texture" },
				"up": { "uv": [ 3.5, 10.5, 10.5, 11 ], "texture": "#texture" },
				"north": { "uv": [ 3.5, 10.5, 10.5, 11 ], "texture": "#texture" },
				"south": { "uv": [ 3.5, 10.5, 10.5, 11 ], "texture": "#texture" },
				"west": { "uv": [ 3.5, 10.5, 4, 11 ], "texture": "#texture" },
				"east": { "uv": [ 10, 10.5, 10.5, 11 ], "texture": "#texture" }
			}
		},
		{
			"from": [ 3, 2, 21 ],
			"to": [ 13, 3, 22 ],
			"faces": {
				"down": { "uv": [ 4.5, 10.5, 9.5, 11 ], "texture": "#texture" },
				"up": { "uv": [ 4.5, 10.5, 9.5, 11 ], "texture": "#texture" },
				"north": { "uv": [ 4.5, 10.5, 9.5, 11 ], "texture": "#texture" },
				"south": { "uv": [ 4.5, 10.5, 9.5, 11 ], "texture": "#texture" },
				"west": { "uv": [ 5, 10.5, 5.5, 11 ], "texture": "#texture" },
				"east": { "uv": [ 5, 10.5, 5.5, 11 ], "texture": "#texture" }
			}
		},
		{
			"from": [ -1, 3, 17 ],
			"to": [ 17, 4, 19 ],
			"faces": {
				"down": { "uv": [ 2.5, 10, 11.5, 10.5 ], "texture": "#texture" },
				"up": { "uv": [ 2.5, 10, 11.5, 10.5 ], "texture": "#texture" },
				"north": { "uv": [ 11.5, 10, 2.5, 10.5 ], "texture": "#texture" },
				"south": { "uv": [ 2.5, 10, 11.5, 10.5 ], "texture": "#texture" },
				"west": { "uv": [ 2.5, 10, 3, 10.5 ], "texture": "#texture" },
				"east": { "uv": [ 11, 10, 11.5, 10.5 ], "texture": "#texture" }
			}
		},
		{
			"from": [ 0, 3, 19 ],
			"to": [ 16, 4, 20 ],
			"faces": {
				"down": { "uv": [ 3, 10, 11, 10.5 ], "texture": "#texture" },
				"up": { "uv": [ 3, 10, 11, 10.5 ], "texture": "#texture" },
				"north": { "uv": [ 11, 10, 3, 10.5 ], "texture": "#texture" },
				"south": { "uv": [ 3, 10, 11, 10.5 ], "texture": "#texture" },
				"west": { "uv": [ 3, 10, 3.5, 10.5 ], "texture": "#texture" },
				"east": { "uv": [ 10.5, 10, 11, 10.5 ], "texture": "#texture" }
			}
		},
		{
			"from": [ 6, 3, 21 ],
			"to": [ 10, 4, 22 ],
			"faces": {
				"down": { "uv": [ 6, 10, 8, 10.5 ], "texture": "#texture" },
				"up": { "uv": [ 6, 10, 8, 10.5 ], "texture": "#texture" },
				"north": { "uv": [ 8, 10, 6, 10.5 ], "texture": "#texture" },
				"south": { "uv": [ 6, 10, 8, 10.5 ], "texture": "#texture" },
				"west": { "uv": [ 6, 10, 6.5, 10.5 ], "texture": "#texture" },
				"east": { "uv": [ 7.5, 10, 8, 10.5 ], "texture": "#texture" }
			}
		},
		{
			"from": [ -2, 4, 17 ],
			"to": [ 18, 5, 18 ],
			"faces": {
				"down": { "uv": [ 2, 9.5, 12, 10 ], "texture": "#texture" },
				"up": { "uv": [ 2, 9.5, 12, 10 ], "texture": "#texture" },
				"north": { "uv": [ 12, 9.5, 2, 10 ], "texture": "#texture" },
				"south": { "uv": [ 2, 9.5, 12, 10 ], "texture": "#texture" },
				"west": { "uv": [ 2, 9.5, 2.5, 10 ], "texture": "#texture" },
				"east": { "uv": [ 11.5, 9.5, 12, 10 ], "texture": "#texture" }
			}
		},
		{
			"from": [ 2, 3, 20 ],
			"to": [ 14, 4, 21 ],
			"faces": {
				"down": { "uv": [ 4, 10, 10, 10.5 ], "texture": "#texture" },
				"up": { "uv": [ 4, 10, 10, 10.5 ], "texture": "#texture" },
				"north": { "uv": [ 10, 10, 4, 10.5 ], "texture": "#texture" },
				"south": { "uv": [ 4, 10, 10, 10.5 ], "texture": "#texture" },
				"west": { "uv": [ 4, 10, 4.5, 10.5 ], "texture": "#texture" },
				"east": { "uv": [ 9.5, 10, 10, 10.5 ], "texture": "#texture" }
			}
		},
		{
			"from": [ 0, 4, 18 ],
			"to": [ 16, 6, 19 ],
			"faces": {
				"down": { "uv": [ 3, 9.5, 11, 10 ], "texture": "#texture" },
				"up": { "uv": [ 3, 9.5, 11, 10 ], "texture": "#texture" },
				"north": { "uv": [ 11, 9.5, 3, 10 ], "texture": "#texture" },
				"south": { "uv": [ 3, 9.5, 11, 10 ], "texture": "#texture" },
				"west": { "uv": [ 3, 9.5, 3.5, 10 ], "texture": "#texture" },
				"east": { "uv": [ 10.5, 9.5, 11, 10 ], "texture": "#texture" }
			}
		},
		{
			"from": [ 2, 4, 19 ],
			"to": [ 6, 6, 20 ],
			"faces": {
				"down": { "uv": [ 4, 9.5, 6, 10 ], "texture": "#texture" },
				"up": { "uv": [ 4, 9, 6, 9.5 ], "texture": "#texture" },
				"north": { "uv": [ 6, 9, 4, 10 ], "texture": "#texture" },
				"south": { "uv": [ 4, 9, 6, 10 ], "texture": "#texture" },
				"west": { "uv": [ 4, 9, 4.5, 10 ], "texture": "#texture" },
				"east": { "uv": [ 5.5, 9, 6, 10 ], "texture": "#texture" }
			}
		},
		{
			"from": [ 10, 4, 19 ],
			"to": [ 14, 6, 20 ],
			"faces": {
				"down": { "uv": [ 4, 9.5, 6, 10 ], "texture": "#texture" },
				"up": { "uv": [ 4, 9, 6, 9.5 ], "texture": "#texture" },
				"north": { "uv": [ 4, 9, 6, 10 ], "texture": "#texture" },
				"south": { "uv": [ 6, 9, 4, 10 ], "texture": "#texture" },
				"west": { "uv": [ 5.5, 9, 6, 10 ], "texture": "#texture" },
				"east": { "uv": [ 4, 9, 4.5, 10 ], "texture": "#texture" }
			}
		},
		{
			"from": [ 6, 4, 19 ],
			"to": [ 10, 5, 21 ],
			"faces": {
				"down": { "uv": [ 6, 9.5, 8, 10 ], "texture": "#texture" },
				"up": { "uv": [ 6, 9.5, 8, 10 ], "texture": "#texture" },
				"north": { "uv": [ 8, 9.5, 6, 10 ], "texture": "#texture" },
				"south": { "uv": [ 6, 9.5, 8, 10 ], "texture": "#texture" },
				"west": { "uv": [ 6, 9.5, 6.5, 10 ], "texture": "#texture" },
				"east": { "uv": [ 7.5, 9.5, 8, 10 ], "texture": "#texture" }
			}
		},
		{
			"from": [ 7, 4, 21 ],
			"to": [ 9, 5, 22 ],
			"faces": {
				"down": { "uv": [ 6, 9.5, 8, 10 ], "texture": "#texture" },
				"up": { "uv": [ 6, 9.5, 8, 10 ], "texture": "#texture" },
				"north": { "uv": [ 8, 9.5, 6, 10 ], "texture": "#texture" },
				"south": { "uv": [ 6, 9.5, 8, 10 ], "texture": "#texture" },
				"west": { "uv": [ 6, 9.5, 6.5, 10 ], "texture": "#texture" },
				"east": { "uv": [ 7.5, 9.5, 8, 10 ], "texture": "#texture" }
			}
		},
		{
			"from": [ 6, 5, 19 ],
			"to": [ 10, 6, 21 ],
			"faces": {
				"down": { "uv": [ 6, 9.5, 8, 10 ], "texture": "#texture" },
				"up": { "uv": [ 6, 9.5, 8, 10 ], "texture": "#texture" },
				"north": { "uv": [ 8, 9.5, 6, 10 ], "texture": "#texture" },
				"south": { "uv": [ 6, 9.5, 8, 10 ], "texture": "#texture" },
				"west": { "uv": [ 6, 9.5, 6.5, 10 ], "texture": "#texture" },
				"east": { "uv": [ 7.5, 9.5, 8, 10 ], "texture": "#texture" }
			}
		},
		{
			"from": [ -2, 5, 17 ],
			"to": [ 18, 6, 18 ],
			"faces": {
				"down": { "uv": [ 2, 9, 12, 9.5 ], "texture": "#texture" },
				"up": { "uv": [ 2, 9, 12, 9.5 ], "texture": "#texture" },
				"north": { "uv": [ 12, 9, 2, 9.5 ], "texture": "#texture" },
				"south": { "uv": [ 2, 9, 12, 9.5 ], "texture": "#texture" },
				"west": { "uv": [ 2, 9, 2.5, 9.5 ], "texture": "#texture" },
				"east": { "uv": [ 11.5, 9, 12, 9.5 ], "texture": "#texture" }
			}
		},
		{
			"from": [ 3, 6, 19 ],
			"to": [ 6, 7, 20 ],
			"faces": {
				"down": { "uv": [ 4.5, 8.5, 6, 9 ], "texture": "#texture" },
				"up": { "uv": [ 4.5, 8.5, 6, 9 ], "texture": "#texture" },
				"north": { "uv": [ 6, 8.5, 4.5, 9 ], "texture": "#texture" },
				"south": { "uv": [ 6, 8.5, 4.5, 9 ], "texture": "#texture" },
				"west": { "uv": [ 4.5, 8.5, 5, 9 ], "texture": "#texture" },
				"east": { "uv": [ 5.5, 8.5, 6, 9 ], "texture": "#texture" }
			}
		},
		{
			"from": [ 10, 6, 19 ],
			"to": [ 13, 7, 20 ],
			"faces": {
				"down": { "uv": [ 4.5, 8.5, 6, 9 ], "texture": "#texture" },
				"up": { "uv": [ 4.5, 8.5, 6, 9 ], "texture": "#texture" },
				"north": { "uv": [ 6, 8.5, 4.5, 9 ], "texture": "#texture" },
				"south": { "uv": [ 6, 8.5, 4.5, 9 ], "texture": "#texture" },
				"west": { "uv": [ 4.5, 8.5, 5, 9 ], "texture": "#texture" },
				"east": { "uv": [ 5.5, 8.5, 6, 9 ], "texture": "#texture" }
			}
		},
		{
			"from": [ -2, 6, 17 ],
			"to": [ 18, 7, 18 ],
			"faces": {
				"down": { "uv": [ 2, 8.5, 12, 9 ], "texture": "#texture" },
				"up": { "uv": [ 2, 8.5, 12, 9 ], "texture": "#texture" },
				"north": { "uv": [ 12, 8.5, 2, 9 ], "texture": "#texture" },
				"south": { "uv": [ 2, 8.5, 12, 9 ], "texture": "#texture" },
				"west": { "uv": [ 2, 8.5, 2.5, 9 ], "texture": "#texture" },
				"east": { "uv": [ 11.5, 8.5, 12, 9 ], "texture": "#texture" }
			}
		},
		{
			"from": [ 1, 6, 18 ],
			"to": [ 15, 7, 19 ],
			"faces": {
				"down": { "uv": [ 3.5, 8.5, 10.5, 9 ], "texture": "#texture" },
				"up": { "uv": [ 3.5, 8.5, 10.5, 9 ], "texture": "#texture" },
				"north": { "uv": [ 10.5, 8.5, 3.5, 9 ], "texture": "#texture" },
				"south": { "uv": [ 3.5, 8.5, 10.5, 9 ], "texture": "#texture" },
				"west": { "uv": [ 3.5, 8.5, 4, 9 ], "texture": "#texture" },
				"east": { "uv": [ 10, 8.5, 10.5, 9 ], "texture": "#texture" }
			}
		},
		{
			"from": [ -2, 4, 18 ],
			"to": [ -1, 7, 18.5 ],
			"faces": {
				"down": { "uv": [ 2, 8.5, 3, 9 ], "texture": "#texture" },
				"up": { "uv": [ 2, 8.5, 3, 9 ], "texture": "#texture" },
				"north": { "uv": [ 2, 8.5, 2.5, 10 ], "texture": "#texture" },
				"south": { "uv": [ 2, 8.5, 2.5, 10 ], "texture": "#texture" },
				"west": { "uv": [ 2, 8.5, 2.5, 10 ], "texture": "#texture" },
				"east": { "uv": [ 2, 8.5, 2.5, 10 ], "texture": "#texture" }
			}
		},
		{
			"from": [ 17, 4, 18 ],
			"to": [ 18, 7, 18.5 ],
			"faces": {
				"down": { "uv": [ 2, 8.5, 3, 9 ], "texture": "#texture" },
				"up": { "uv": [ 2, 8.5, 3, 9 ], "texture": "#texture" },
				"north": { "uv": [ 2, 8.5, 2.5, 10 ], "texture": "#texture" },
				"south": { "uv": [ 2, 8.5, 2.5, 10 ], "texture": "#texture" },
				"west": { "uv": [ 2, 8.5, 2.5, 10 ], "texture": "#texture" },
				"east": { "uv": [ 2, 8.5, 2.5, 10 ], "texture": "#texture" }
			}
		},
		{
			"from": [ -1, 6, 18 ],
			"to": [ 0, 7, 18.5 ],
			"faces": {
				"down": { "uv": [ 2, 8.5, 3, 9 ], "texture": "#texture" },
				"up": { "uv": [ 2, 8.5, 3, 9 ], "texture": "#texture" },
				"north": { "uv": [ 2, 8.5, 2.5, 9 ], "texture": "#texture" },
				"south": { "uv": [ 2, 8.5, 2.5, 9 ], "texture": "#texture" },
				"west": { "uv": [ 2, 8.5, 2.5, 9 ], "texture": "#texture" },
				"east": { "uv": [ 2, 8.5, 2.5, 9 ], "texture": "#texture" }
			}
		},
		{
			"from": [ 16, 6, 18 ],
			"to": [ 17, 7, 18.5 ],
			"faces": {
				"down": { "uv": [ 2, 8.5, 3, 9 ], "texture": "#texture" },
				"up": { "uv": [ 2, 8.5, 3, 9 ], "texture": "#texture" },
				"north": { "uv": [ 2, 8.5, 2.5, 9 ], "texture": "#texture" },
				"south": { "uv": [ 2, 8.5, 2.5, 9 ], "texture": "#texture" },
				"west": { "uv": [ 2, 8.5, 2.5, 9 ], "texture": "#texture" },
				"east": { "uv": [ 2, 8.5, 2.5, 9 ], "texture": "#texture" }
			}
		},
		{
			"from": [ 0, 6, 17.5625 ],
			"to": [ 1, 7, 18.0625 ],
			"faces": {
				"down": { "uv": [ 2, 8.5, 3, 9 ], "texture": "#texture" },
				"up": { "uv": [ 2, 8.5, 3, 9 ], "texture": "#texture" },
				"north": { "uv": [ 2, 8.5, 2.5, 9 ], "texture": "#texture" },
				"south": { "uv": [ 2, 8.5, 2.5, 9 ], "texture": "#texture" },
				"west": { "uv": [ 2, 8.5, 2.5, 9 ], "texture": "#texture" },
				"east": { "uv": [ 2, 8.5, 2.5, 9 ], "texture": "#texture" }
			}
		},
		{
			"from": [ -2, 7, 17 ],
			"to": [ 18, 8, 19 ],
			"faces": {
				"down": { "uv": [ 2, 8, 12, 8.5 ], "texture": "#texture" },
				"up": { "uv": [ 2, 8, 12, 8.5 ], "texture": "#texture" },
				"north": { "uv": [ 12, 8, 2, 8.5 ], "texture": "#texture" },
				"south": { "uv": [ 2, 8, 12, 8.5 ], "texture": "#texture" },
				"west": { "uv": [ 2, 8, 2.5, 8.5 ], "texture": "#texture" },
				"east": { "uv": [ 2, 8, 2.5, 8.5 ], "texture": "#texture" }
			}
		},
		{
			"from": [ 2, 7, 19 ],
			"to": [ 15, 8, 20 ],
			"faces": {
				"down": { "uv": [ 4, 10, 10.5, 10.5 ], "texture": "#texture" },
				"up": { "uv": [ 4, 10, 10.5, 10.5 ], "texture": "#texture" },
				"north": { "uv": [ 4, 10, 10.5, 10.5 ], "texture": "#texture" },
				"south": { "uv": [ 4, 10, 10.5, 10.5 ], "texture": "#texture" },
				"west": { "uv": [ 4, 10, 4.5, 10.5 ], "texture": "#texture" },
				"east": { "uv": [ 4, 10, 4.5, 10.5 ], "texture": "#texture" }
			}
		},
		{
			"from": [ 7, 6, 20 ],
			"to": [ 9, 8, 21 ],
			"faces": {
				"down": { "uv": [ 6, 9.5, 8, 10 ], "texture": "#texture" },
				"up": { "uv": [ 6, 9.5, 8, 10 ], "texture": "#texture" },
				"north": { "uv": [ 8, 9.5, 6, 10 ], "texture": "#texture" },
				"south": { "uv": [ 6, 9.5, 8, 10 ], "texture": "#texture" },
				"west": { "uv": [ 6, 9.5, 6.5, 10 ], "texture": "#texture" },
				"east": { "uv": [ 7.5, 9.5, 8, 10 ], "texture": "#texture" }
			}
		},
		{
			"from": [ 6, 6, 18 ],
			"to": [ 10, 7, 20 ],
			"faces": {
				"down": { "uv": [ 6, 9.5, 8, 10 ], "texture": "#texture" },
				"up": { "uv": [ 6, 9.5, 8, 10 ], "texture": "#texture" },
				"north": { "uv": [ 8, 9.5, 6, 10 ], "texture": "#texture" },
				"south": { "uv": [ 6, 9.5, 8, 10 ], "texture": "#texture" },
				"west": { "uv": [ 6, 9.5, 6.5, 10 ], "texture": "#texture" },
				"east": { "uv": [ 7.5, 9.5, 8, 10 ], "texture": "#texture" }
			}
		},
		{
			"from": [ -4, 14, 17 ],
			"to": [ 0, 15, 18 ],
			"faces": {
				"down": { "uv": [ 0.5, 4, 2.5, 4.5 ], "texture": "#texture" },
				"up": { "uv": [ 0.5, 4, 2.5, 4.5 ], "texture": "#texture" },
				"north": { "uv": [ 0.5, 4, 2.5, 4.5 ], "texture": "#texture" },
				"south": { "uv": [ 0.5, 4, 2.5, 4.5 ], "texture": "#texture" },
				"west": { "uv": [ 0.5, 4, 1.5, 4.5 ], "texture": "#texture" },
				"east": { "uv": [ 0.5, 4, 1.5, 4.5 ], "texture": "#texture" }
			}
		},
		{
			"from": [ -3, 13, 17 ],
			"to": [ -1, 14, 18 ],
			"faces": {
				"down": { "uv": [ 0.5, 4, 2.5, 4.5 ], "texture": "#texture" },
				"up": { "uv": [ 0.5, 4, 2.5, 4.5 ], "texture": "#texture" },
				"north": { "uv": [ 0.5, 4, 2.5, 4.5 ], "texture": "#texture" },
				"south": { "uv": [ 0.5, 4, 2.5, 4.5 ], "texture": "#texture" },
				"west": { "uv": [ 0.5, 4, 1.5, 4.5 ], "texture": "#texture" },
				"east": { "uv": [ 0.5, 4, 1.5, 4.5 ], "texture": "#texture" }
			}
		},
		{
			"from": [ -4, 13, 16 ],
			"to": [ 16, 14, 17 ],
			"faces": {
				"down": { "uv": [ 1, 5, 11, 5.5 ], "texture": "#texture" },
				"up": { "uv": [ 1, 5, 11, 5.5 ], "texture": "#texture" },
				"north": { "uv": [ 11, 5, 1, 5.5 ], "texture": "#texture" },
				"south": { "uv": [ 1, 5, 11, 5.5 ], "texture": "#texture" },
				"west": { "uv": [ 1, 5, 1.5, 5.5 ], "texture": "#texture" },
				"east": { "uv": [ 1, 5, 1.5, 5.5 ], "texture": "#texture" }
			}
		},
		{
			"from": [ 0.9375, 13, 16 ],
			"to": [ 16.9375, 16, 18 ],
			"faces": {
				"down": { "uv": [ 3.5, 4, 11.5, 4.5 ], "texture": "#texture" },
				"up": { "uv": [ 3.5, 4, 11.5, 4.5 ], "texture": "#texture" },
				"north": { "uv": [ 11.5, 4, 3.5, 5.5 ], "texture": "#texture" },
				"south": { "uv": [ 3.5, 4, 11.5, 5.5 ], "texture": "#texture" },
				"west": { "uv": [ 3.5, 4, 4, 4.5 ], "texture": "#texture" },
				"east": { "uv": [ 3.5, 4, 4, 4.5 ], "texture": "#texture" }
			}
		},
		{
			"from": [ 2, 16, 18 ],
			"to": [ 18, 17, 19 ],
			"faces": {
				"down": { "uv": [ 4, 3.5, 12, 4 ], "texture": "#texture" },
				"up": { "uv": [ 4, 3.5, 12, 4 ], "texture": "#texture" },
				"north": { "uv": [ 12, 3.5, 4, 4 ], "texture": "#texture" },
				"south": { "uv": [ 4, 3.5, 12, 4 ], "texture": "#texture" },
				"west": { "uv": [ 4, 3.5, 4.5, 4 ], "texture": "#texture" },
				"east": { "uv": [ 4, 3.5, 4.5, 4 ], "texture": "#texture" }
			}
		},
		{
			"from": [ 3, 17, 16 ],
			"to": [ 19, 18, 18 ],
			"faces": {
				"down": { "uv": [ 4.5, 3, 12.5, 3.5 ], "texture": "#texture" },
				"up": { "uv": [ 4.5, 3, 12.5, 3.5 ], "texture": "#texture" },
				"north": { "uv": [ 12.5, 3, 4.5, 3.5 ], "texture": "#texture" },
				"south": { "uv": [ 4.5, 3, 12.5, 3.5 ], "texture": "#texture" },
				"west": { "uv": [ 4.5, 3, 5, 3.5 ], "texture": "#texture" },
				"east": { "uv": [ 4.5, 3, 5, 3.5 ], "texture": "#texture" }
			}
		},
		{
			"from": [ 4, 17, 18 ],
			"to": [ 18, 18, 19 ],
			"faces": {
				"down": { "uv": [ 5, 3, 12, 3.5 ], "texture": "#texture" },
				"up": { "uv": [ 5, 3, 12, 3.5 ], "texture": "#texture" },
				"north": { "uv": [ 12, 3, 5, 3.5 ], "texture": "#texture" },
				"south": { "uv": [ 5, 3, 12, 3.5 ], "texture": "#texture" },
				"west": { "uv": [ 4.5, 3, 5, 3.5 ], "texture": "#texture" },
				"east": { "uv": [ 4.5, 3, 5, 3.5 ], "texture": "#texture" }
			}
		},
		{
			"from": [ 2, 12, 18 ],
			"to": [ 16, 16, 19 ],
			"faces": {
				"down": { "uv": [ 4, 4, 11, 4.5 ], "texture": "#texture" },
				"up": { "uv": [ 4, 4, 11, 4.5 ], "texture": "#texture" },
				"north": { "uv": [ 4, 4, 11, 6 ], "texture": "#texture" },
				"south": { "uv": [ 11, 4, 4, 6 ], "texture": "#texture" },
				"west": { "uv": [ 4.5, 3, 5, 3.5 ], "texture": "#texture" },
				"east": { "uv": [ 4.5, 3, 5, 3.5 ], "texture": "#texture" }
			}
		},
		{
			"from": [ 6, 18, 18 ],
			"to": [ 11, 19, 19 ],
			"faces": {
				"down": { "uv": [ 6, 2.5, 8.5, 3 ], "texture": "#texture" },
				"up": { "uv": [ 6, 2.5, 8.5, 3 ], "texture": "#texture" },
				"north": { "uv": [ 8.5, 2.5, 6, 3 ], "texture": "#texture" },
				"south": { "uv": [ 6, 2.5, 8.5, 3 ], "texture": "#texture" },
				"west": { "uv": [ 6, 2.5, 6.5, 3 ], "texture": "#texture" },
				"east": { "uv": [ 6, 2.5, 6.5, 3 ], "texture": "#texture" }
			}
		},
		{
			"from": [ -4.5, 8, 17 ],
			"to": [ 19, 10, 19 ],
			"faces": {
				"down": { "uv": [ 0.5, 7.5, 12.5, 8 ], "texture": "#texture" },
				"up": { "uv": [ 0.5, 7, 12.5, 7.5 ], "texture": "#texture" },
				"north": { "uv": [ 12.5, 7, 0.5, 8 ], "texture": "#texture" },
				"south": { "uv": [ 0.5, 7, 12.5, 8 ], "texture": "#texture" },
				"west": { "uv": [ 1, 7.5, 1.5, 8 ], "texture": "#texture" },
				"east": { "uv": [ 1, 7.5, 1.5, 8 ], "texture": "#texture" }
			}
		},
		{
			"from": [ -3.5, 8, 19 ],
			"to": [ 18.5, 10, 20 ],
			"faces": {
				"down": { "uv": [ 1, 7, 12, 7.5 ], "texture": "#texture" },
				"up": { "uv": [ 1, 7, 12, 7.5 ], "texture": "#texture" },
				"north": { "uv": [ 12, 7, 1, 8 ], "texture": "#texture" },
				"south": { "uv": [ 1, 7, 12, 8 ], "texture": "#texture" },
				"west": { "uv": [ 7, 9, 7.5, 9.5 ], "texture": "#texture" },
				"east": { "uv": [ 7, 9, 7.5, 9.5 ], "texture": "#texture" }
			}
		},
		{
			"from": [ -2, 8, 20 ],
			"to": [ 3, 10, 21 ],
			"faces": {
				"down": { "uv": [ 2, 7, 4.5, 7.5 ], "texture": "#texture" },
				"up": { "uv": [ 2, 7, 4.5, 7.5 ], "texture": "#texture" },
				"north": { "uv": [ 2, 7, 4.5, 8 ], "texture": "#texture" },
				"south": { "uv": [ 2, 7, 4.5, 8 ], "texture": "#texture" },
				"west": { "uv": [ 2, 7, 2.5, 8 ], "texture": "#texture" },
				"east": { "uv": [ 2, 7, 2.5, 8 ], "texture": "#texture" }
			}
		},
		{
			"from": [ 10, 8, 20 ],
			"to": [ 16, 10, 21 ],
			"faces": {
				"down": { "uv": [ 2, 7, 4.5, 7.5 ], "texture": "#texture" },
				"up": { "uv": [ 2, 7, 4.5, 7.5 ], "texture": "#texture" },
				"north": { "uv": [ 10, 7, 12.5, 8 ], "texture": "#texture" },
				"south": { "uv": [ 10, 7, 12.5, 8 ], "texture": "#texture" },
				"west": { "uv": [ 2, 7, 2.5, 8 ], "texture": "#texture" },
				"east": { "uv": [ 2, 7, 2.5, 8 ], "texture": "#texture" }
			}
		},
		{
			"from": [ 3, 9, 20 ],
			"to": [ 9, 10, 21 ],
			"faces": {
				"down": { "uv": [ 4.5, 7, 7.5, 7.5 ], "texture": "#texture" },
				"up": { "uv": [ 4.5, 7, 7.5, 7.5 ], "texture": "#texture" },
				"north": { "uv": [ 4.5, 7, 7.5, 7.5 ], "texture": "#texture" },
				"south": { "uv": [ 4.5, 7, 7.5, 7.5 ], "texture": "#texture" },
				"west": { "uv": [ 8, 6, 8.5, 7 ], "texture": "#texture" },
				"east": { "uv": [ 8, 6, 8.5, 7 ], "texture": "#texture" }
			}
		},
		{
			"from": [ 5, 8, 20 ],
			"to": [ 9, 9, 21 ],
			"faces": {
				"down": { "uv": [ 5.5, 7.5, 7.5, 8 ], "texture": "#texture" },
				"up": { "uv": [ 5.5, 7.5, 7.5, 8 ], "texture": "#texture" },
				"north": { "uv": [ 5.5, 7.5, 7.5, 8 ], "texture": "#texture" },
				"south": { "uv": [ 5.5, 7.5, 7.5, 8 ], "texture": "#texture" },
				"west": { "uv": [ 7, 9, 7.5, 9.5 ], "texture": "#texture" },
				"east": { "uv": [ 7, 9, 7.5, 9.5 ], "texture": "#texture" }
			}
		},
		{
			"from": [ 2, 11, 19 ],
			"to": [ 15, 12, 20 ],
			"faces": {
				"down": { "uv": [ 4, 6, 10.5, 6.5 ], "texture": "#texture" },
				"up": { "uv": [ 4, 6, 10.5, 6.5 ], "texture": "#texture" },
				"north": { "uv": [ 10.5, 6, 4, 6.5 ], "texture": "#texture" },
				"south": { "uv": [ 4, 6, 10.5, 6.5 ], "texture": "#texture" },
				"west": { "uv": [ 4, 6, 4.5, 6.5 ], "texture": "#texture" },
				"east": { "uv": [ 4, 6, 4.5, 6.5 ], "texture": "#texture" }
			}
		},
		{
			"from": [ 2, 10, 20 ],
			"to": [ 15, 11, 21 ],
			"faces": {
				"down": { "uv": [ 4, 6.5, 10.5, 7 ], "texture": "#texture" },
				"up": { "uv": [ 4, 6.5, 10.5, 7 ], "texture": "#texture" },
				"north": { "uv": [ 10.5, 6.5, 4, 7 ], "texture": "#texture" },
				"south": { "uv": [ 4, 6.5, 10.5, 7 ], "texture": "#texture" },
				"west": { "uv": [ 4, 6.5, 4.5, 7 ], "texture": "#texture" },
				"east": { "uv": [ 4, 7, 4.5, 7.5 ], "texture": "#texture" }
			}
		},
		{
			"from": [ 3, 9, 21 ],
			"to": [ 9, 10, 22 ],
			"faces": {
				"down": { "uv": [ 4.5, 7, 7.5, 7.5 ], "texture": "#texture" },
				"up": { "uv": [ 4.5, 7, 7.5, 7.5 ], "texture": "#texture" },
				"north": { "uv": [ 4.5, 7, 7.5, 7.5 ], "texture": "#texture" },
				"south": { "uv": [ 4.5, 7, 7.5, 7.5 ], "texture": "#texture" },
				"west": { "uv": [ 7, 9, 7.5, 9.5 ], "texture": "#texture" },
				"east": { "uv": [ 7, 9, 7.5, 9.5 ], "texture": "#texture" }
			}
		},
		{
			"from": [ 5, 8, 21 ],
			"to": [ 9, 9, 23 ],
			"faces": {
				"down": { "uv": [ 5.5, 7.5, 7.5, 8 ], "texture": "#texture" },
				"up": { "uv": [ 5.5, 7.5, 7.5, 8 ], "texture": "#texture" },
				"north": { "uv": [ 5.5, 7.5, 7.5, 8 ], "texture": "#texture" },
				"south": { "uv": [ 5.5, 7.5, 7.5, 8 ], "texture": "#texture" },
				"west": { "uv": [ 7, 9, 7.5, 9.5 ], "texture": "#texture" },
				"east": { "uv": [ 7, 9, 7.5, 9.5 ], "texture": "#texture" }
			}
		},
		{
			"from": [ 6, 7, 21 ],
			"to": [ 9, 8, 23 ],
			"faces": {
				"down": { "uv": [ 5.5, 7.5, 7.5, 8 ], "texture": "#texture" },
				"up": { "uv": [ 6, 8, 7.5, 8.5 ], "texture": "#texture" },
				"north": { "uv": [ 6, 8, 7.5, 8.5 ], "texture": "#texture" },
				"south": { "uv": [ 6, 8, 7.5, 8.5 ], "texture": "#texture" },
				"west": { "uv": [ 7, 9, 7.5, 9.5 ], "texture": "#texture" },
				"east": { "uv": [ 7, 9, 7.5, 9.5 ], "texture": "#texture" }
			}
		},
		{
			"from": [ 7, 6, 23 ],
			"to": [ 9, 7, 24 ],
			"faces": {
				"down": { "uv": [ 5.5, 7.5, 7.5, 8 ], "texture": "#texture" },
				"up": { "uv": [ 6, 8, 7.5, 8.5 ], "texture": "#texture" },
				"north": { "uv": [ 6, 8, 7.5, 8.5 ], "texture": "#texture" },
				"south": { "uv": [ 6, 8, 7.5, 8.5 ], "texture": "#texture" },
				"west": { "uv": [ 7, 9, 7.5, 9.5 ], "texture": "#texture" },
				"east": { "uv": [ 7, 9, 7.5, 9.5 ], "texture": "#texture" }
			}
		},
		{
			"from": [ 8, 5, 23 ],
			"to": [ 9, 6, 24 ],
			"faces": {
				"down": { "uv": [ 5.5, 7.5, 7.5, 8 ], "texture": "#texture" },
				"up": { "uv": [ 6, 8, 7.5, 8.5 ], "texture": "#texture" },
				"north": { "uv": [ 6, 8, 7.5, 8.5 ], "texture": "#texture" },
				"south": { "uv": [ 6, 8, 7.5, 8.5 ], "texture": "#texture" },
				"west": { "uv": [ 7, 9, 7.5, 9.5 ], "texture": "#texture" },
				"east": { "uv": [ 7, 9, 7.5, 9.5 ], "texture": "#texture" }
			}
		},
		{
			"from": [ 7, 7, 23 ],
			"to": [ 8, 8, 24 ],
			"faces": {
				"down": { "uv": [ 6, 7, 6.5, 7.5 ], "texture": "#texture" },
				"up": { "uv": [ 6, 7, 6.5, 7.5 ], "texture": "#texture" },
				"north": { "uv": [ 6, 7, 6.5, 7.5 ], "texture": "#texture" },
				"south": { "uv": [ 6, 7, 6.5, 7.5 ], "texture": "#texture" },
				"west": { "uv": [ 6, 7, 6.5, 7.5 ], "texture": "#texture" },
				"east": { "uv": [ 6, 7, 6.5, 7.5 ], "texture": "#texture" }
			}
		},
		{
			"from": [ 6, 6, 22 ],
			"to": [ 9, 7, 23 ],
			"faces": {
				"down": { "uv": [ 5.5, 7.5, 7.5, 8 ], "texture": "#texture" },
				"up": { "uv": [ 6, 8, 7.5, 8.5 ], "texture": "#texture" },
				"north": { "uv": [ 6, 8, 7.5, 8.5 ], "texture": "#texture" },
				"south": { "uv": [ 6, 8, 7.5, 8.5 ], "texture": "#texture" },
				"west": { "uv": [ 7, 9, 7.5, 9.5 ], "texture": "#texture" },
				"east": { "uv": [ 7, 9, 7.5, 9.5 ], "texture": "#texture" }
			}
		},
		{
			"from": [ 1, 12, 18 ],
			"to": [ 2, 15, 19 ],
			"faces": {
				"down": { "uv": [ 3.5, 5, 4, 5.5 ], "texture": "#texture" },
				"up": { "uv": [ 3.5, 4, 4, 4.5 ], "texture": "#texture" },
				"north": { "uv": [ 3.5, 4, 4, 5.5 ], "texture": "#texture" },
				"south": { "uv": [ 3.5, 4, 4, 5.5 ], "texture": "#texture" },
				"west": { "uv": [ 3.5, 4, 4, 5.5 ], "texture": "#texture" },
				"east": { "uv": [ 3.5, 4, 4, 5.5 ], "texture": "#texture" }
			}
		},
		{
			"from": [ 3, 12, 19 ],
			"to": [ 15, 14, 20 ],
			"faces": {
				"down": { "uv": [ 3.5, 6, 9.5, 6.5 ], "texture": "#texture" },
				"up": { "uv": [ 3.5, 5.5, 9.5, 6 ], "texture": "#texture" },
				"north": { "uv": [ 9.5, 5.5, 3.5, 6.5 ], "texture": "#texture" },
				"south": { "uv": [ 3.5, 5.5, 9.5, 6.5 ], "texture": "#texture" },
				"west": { "uv": [ 4.5, 5.5, 5, 6.5 ], "texture": "#texture" },
				"east": { "uv": [ 4.5, 5.5, 5, 6.5 ], "texture": "#texture" }
			}
		},
		{
			"from": [ 0, 3, 4 ],
			"to": [ 1, 6, 15 ],
			"faces": {
				"down": { "uv": [ 7.5, 13, 8, 13.5 ], "texture": "#texture" },
				"up": { "uv": [ 7, 12.5, 7.5, 13 ], "texture": "#texture" },
				"north": { "uv": [ 7, 12.5, 7.5, 14 ], "texture": "#texture" },
				"south": { "uv": [ 12, 12.5, 12.5, 14 ], "texture": "#texture" },
				"west": { "uv": [ 7, 12.5, 12.5, 14 ], "texture": "#texture" },
				"east": { "uv": [ 12.5, 12.5, 7, 14 ], "texture": "#texture" }
			}
		},
		{
			"from": [ 15, 11, 4 ],
			"to": [ 16, 14, 15 ],
			"faces": {
				"down": { "uv": [ 7.5, 13, 8, 13.5 ], "texture": "#texture" },
				"up": { "uv": [ 7, 12.5, 7.5, 13 ], "texture": "#texture" },
				"north": { "uv": [ 7, 12.5, 7.5, 14 ], "texture": "#texture" },
				"south": { "uv": [ 12, 12.5, 12.5, 14 ], "texture": "#texture" },
				"west": { "uv": [ 7, 12.5, 12.5, 14 ], "texture": "#texture" },
				"east": { "uv": [ 12.5, 12.5, 7, 14 ], "texture": "#texture" }
			}
		},
		{
			"from": [ 15, 3, 4 ],
			"to": [ 16, 6, 15 ],
			"faces": {
				"down": { "uv": [ 7.5, 13, 8, 13.5 ], "texture": "#texture" },
				"up": { "uv": [ 7, 12.5, 7.5, 13 ], "texture": "#texture" },
				"north": { "uv": [ 7, 12.5, 7.5, 14 ], "texture": "#texture" },
				"south": { "uv": [ 12, 12.5, 12.5, 14 ], "texture": "#texture" },
				"west": { "uv": [ 7, 12.5, 12.5, 14 ], "texture": "#texture" },
				"east": { "uv": [ 12.5, 12.5, 7, 14 ], "texture": "#texture" }
			}
		},
		{
			"from": [ 1, 3.5, 4 ],
			"to": [ 15, 5.5, 5 ],
			"faces": {
				"down": { "uv": [ 7, 12.5, 7.5, 13.5 ], "texture": "#texture" },
				"up": { "uv": [ 7, 12.5, 7.5, 13.5 ], "texture": "#texture" },
				"north": { "uv": [ 7, 12.5, 7.5, 13.5 ], "texture": "#texture" },
				"south": { "uv": [ 7, 12.5, 7.5, 13.5 ], "texture": "#texture" },
				"west": { "uv": [ 7, 12.5, 7.5, 13.5 ], "texture": "#texture" },
				"east": { "uv": [ 7, 12.5, 7.5, 13.5 ], "texture": "#texture" }
			}
		},
		{
			"__comment": "Box115",
			"from": [ -3, 9.5, 13 ],
			"to": [ 18.5, 18.5, 21.5 ],
			"faces": {
				"down": { "uv": [ 5, 3.5, 8.5, 6 ], "texture": "#texture" },
				"up": { "uv": [ 5, 3.5, 8.5, 6 ], "texture": "#texture" },
				"north": { "uv": [ 5, 3.5, 8.5, 6 ], "texture": "#texture" },
				"south": { "uv": [ 5, 3.5, 8.5, 6 ], "texture": "#texture" },
				"west": { "uv": [ 5, 3.5, 8.5, 6 ], "texture": "#texture" },
				"east": { "uv": [ 5, 3.5, 8.5, 6 ], "texture": "#texture" }
			}
		},
		{
			"__comment": "Box115",
			"from": [ -4, 9.5, 13.5 ],
			"to": [ -3, 18.5, 21 ],
			"faces": {
				"down": { "uv": [ 3.5, 2.5, 10, 3 ], "texture": "#texture" },
				"up": { "uv": [ 3.5, 2.5, 10, 3 ], "texture": "#texture" },
				"north": { "uv": [ 3.5, 2.5, 10, 3 ], "texture": "#texture" },
				"south": { "uv": [ 3.5, 2.5, 10, 3 ], "texture": "#texture" },
				"west": { "uv": [ 3.5, 2.5, 10, 3 ], "texture": "#texture" },
				"east": { "uv": [ 3.5, 2.5, 10, 3 ], "texture": "#texture" }
			}
		},
		{
			"__comment": "Box115",
			"from": [ 18.5, 9.5, 14 ],
			"to": [ 19.5, 18.5, 21 ],
			"faces": {
				"down": { "uv": [ 3.5, 2.5, 10, 3 ], "texture": "#texture" },
				"up": { "uv": [ 3.5, 2.5, 10, 3 ], "texture": "#texture" },
				"north": { "uv": [ 3.5, 2.5, 10, 3 ], "texture": "#texture" },
				"south": { "uv": [ 3.5, 2.5, 10, 3 ], "texture": "#texture" },
				"west": { "uv": [ 3.5, 2.5, 10, 3 ], "texture": "#texture" },
				"east": { "uv": [ 3.5, 2.5, 10, 3 ], "texture": "#texture" }
			}
		},
		{
			"__comment": "Box115",
			"from": [ -3, 18.5, 13 ],
			"to": [ 18.5, 19.5, 21.5 ],
			"faces": {
				"down": { "uv": [ 3.5, 2.5, 10, 3 ], "texture": "#texture" },
				"up": { "uv": [ 3.5, 2.5, 10, 3 ], "texture": "#texture" },
				"north": { "uv": [ 3.5, 2.5, 10, 3 ], "texture": "#texture" },
				"south": { "uv": [ 3.5, 2.5, 10, 3 ], "texture": "#texture" },
				"west": { "uv": [ 3.5, 2.5, 10, 3 ], "texture": "#texture" },
				"east": { "uv": [ 3.5, 2.5, 10, 3 ], "texture": "#texture" }
			}
		},
		{
			"__comment": "Box120",
			"from": [ -1, 10, 21 ],
			"to": [ 4, 11, 26.5 ],
			"faces": {
				"down": { "uv": [ 3.5, 6, 8.5, 6.5 ], "texture": "#texture" },
				"up": { "uv": [ 3.5, 6, 8.5, 6.5 ], "texture": "#texture" },
				"north": { "uv": [ 3.5, 6, 8.5, 6.5 ], "texture": "#texture" },
				"south": { "uv": [ 3.5, 6, 8.5, 6.5 ], "texture": "#texture" },
				"west": { "uv": [ 3.5, 6, 8.5, 6.5 ], "texture": "#texture" },
				"east": { "uv": [ 3.5, 6, 8.5, 6.5 ], "texture": "#texture" }
			}
		},
		{
			"__comment": "Box120",
			"from": [ 3.5, 11, 21 ],
			"to": [ 12, 12, 26.5 ],
			"faces": {
				"down": { "uv": [ 3.5, 6, 8.5, 6.5 ], "texture": "#texture" },
				"up": { "uv": [ 3.5, 6, 8.5, 6.5 ], "texture": "#texture" },
				"north": { "uv": [ 3.5, 6, 8.5, 6.5 ], "texture": "#texture" },
				"south": { "uv": [ 3.5, 6, 8.5, 6.5 ], "texture": "#texture" },
				"west": { "uv": [ 3.5, 6, 8.5, 6.5 ], "texture": "#texture" },
				"east": { "uv": [ 3.5, 6, 8.5, 6.5 ], "texture": "#texture" }
			}
		},
		{
			"__comment": "Box120",
			"from": [ 12, 10, 21 ],
			"to": [ 17, 11, 26.5 ],
			"faces": {
				"down": { "uv": [ 3.5, 6, 8.5, 6.5 ], "texture": "#texture" },
				"up": { "uv": [ 3.5, 6, 8.5, 6.5 ], "texture": "#texture" },
				"north": { "uv": [ 3.5, 6, 8.5, 6.5 ], "texture": "#texture" },
				"south": { "uv": [ 3.5, 6, 8.5, 6.5 ], "texture": "#texture" },
				"west": { "uv": [ 3.5, 6, 8.5, 6.5 ], "texture": "#texture" },
				"east": { "uv": [ 3.5, 6, 8.5, 6.5 ], "texture": "#texture" }
			}
		},
		{
			"__comment": "Box123",
			"from": [ 4, 12, 21.5 ],
			"to": [ 11.5, 17.5, 22 ],
			"faces": {
				"down": { "uv": [ 5.5, 3, 9, 5.5 ], "texture": "#texture" },
				"up": { "uv": [ 5.5, 3, 9, 5.5 ], "texture": "#texture" },
				"north": { "uv": [ 5.5, 3, 9, 5.5 ], "texture": "#texture" },
				"south": { "uv": [ 0, 13, 4.5, 16 ], "texture": "#texture" },
				"west": { "uv": [ 5.5, 3, 9, 5.5 ], "texture": "#texture" },
				"east": { "uv": [ 5.5, 3, 9, 5.5 ], "texture": "#texture" }
			}
		},
		{
			"__comment": "Box124",
			"from": [ -2.5, 10, 12 ],
			"to": [ 18, 18, 13 ],
			"faces": {
				"down": { "uv": [ 3.5, 2.5, 10, 3 ], "texture": "#texture" },
				"up": { "uv": [ 3.5, 2.5, 10, 3 ], "texture": "#texture" },
				"north": { "uv": [ 3.5, 2.5, 10, 3 ], "texture": "#texture" },
				"south": { "uv": [ 3.5, 2.5, 10, 3 ], "texture": "#texture" },
				"west": { "uv": [ 3.5, 2.5, 10, 3 ], "texture": "#texture" },
				"east": { "uv": [ 3.5, 2.5, 10, 3 ], "texture": "#texture" }
			}
		},
		{
			"__comment": "Box122",
			"from": [ -5, 14, 16.5 ],
			"to": [ -4, 17, 17.5 ],
			"faces": {
				"down": { "uv": [ 14, 1.5, 14.5, 2 ], "texture": "#texture" },
				"up": { "uv": [ 14, 1.5, 14.5, 2 ], "texture": "#texture" },
				"north": { "uv": [ 14, 1.5, 14.5, 2 ], "texture": "#texture" },
				"south": { "uv": [ 14, 1.5, 14.5, 2 ], "texture": "#texture" },
				"west": { "uv": [ 14, 1.5, 14.5, 2 ], "texture": "#texture" },
				"east": { "uv": [ 14, 1.5, 14.5, 2 ], "texture": "#texture" }
			}
		},
		{
			"__comment": "Box122",
			"from": [ -5, 16.25, 16.75 ],
			"to": [ -4, 19.25, 17.75 ],
			"rotation": { "origin": [ -5, 16.25, 16.75 ], "axis": "x", "angle": -45 },
			"faces": {
				"down": { "uv": [ 14, 1.5, 14.5, 2 ], "texture": "#texture" },
				"up": { "uv": [ 14, 1.5, 14.5, 2 ], "texture": "#texture" },
				"north": { "uv": [ 14, 1.5, 14.5, 2 ], "texture": "#texture" },
				"south": { "uv": [ 14, 1.5, 14.5, 2 ], "texture": "#texture" },
				"west": { "uv": [ 14, 1.5, 14.5, 2 ], "texture": "#texture" },
				"east": { "uv": [ 14, 1.5, 14.5, 2 ], "texture": "#texture" }
			}
		},
		{
			"__comment": "Box122",
			"from": [ -5, 18.125, 12.375 ],
			"to": [ -4, 19.125, 15.375 ],
			"rotation": { "origin": [ -5, 18.125, 15.375 ], "axis": "x", "angle": 0 },
			"faces": {
				"down": { "uv": [ 14.5, 2, 14, 1.5 ], "texture": "#texture" },
				"up": { "uv": [ 14, 1.5, 14.5, 2 ], "texture": "#texture" },
				"north": { "uv": [ 14.5, 2, 14, 1.5 ], "texture": "#texture" },
				"south": { "uv": [ 14, 1.5, 14.5, 2 ], "texture": "#texture" },
				"west": { "uv": [ 14, 1.5, 14.5, 2 ], "texture": "#texture", "rotation": 270 },
				"east": { "uv": [ 14, 1.5, 14.5, 2 ], "texture": "#texture", "rotation": 90 }
			}
		},
		{
			"__comment": "Box125",
			"from": [ -4.75, 14, 12.5 ],
			"to": [ -4.25, 17.5, 16.5 ],
			"faces": {
				"down": { "uv": [ 14, 1.5, 14.5, 2 ], "texture": "#texture" },
				"up": { "uv": [ 14, 1.5, 14.5, 2 ], "texture": "#texture" },
				"north": { "uv": [ 14, 1.5, 14.5, 2 ], "texture": "#texture" },
				"south": { "uv": [ 14, 1.5, 14.5, 2 ], "texture": "#texture" },
				"west": { "uv": [ 14, 1.5, 14.5, 2 ], "texture": "#texture" },
				"east": { "uv": [ 14, 1.5, 14.5, 2 ], "texture": "#texture" }
			}
		},
		{
			"__comment": "Box125",
			"from": [ -4.75, 16.125, 12.5 ],
			"to": [ -4.25, 18.125, 15.5 ],
			"faces": {
				"down": { "uv": [ 14, 1.5, 14.5, 2 ], "texture": "#texture" },
				"up": { "uv": [ 14, 1.5, 14.5, 2 ], "texture": "#texture" },
				"north": { "uv": [ 14, 1.5, 14.5, 2 ], "texture": "#texture" },
				"south": { "uv": [ 14, 1.5, 14.5, 2 ], "texture": "#texture" },
				"west": { "uv": [ 14, 1.5, 14.5, 2 ], "texture": "#texture" },
				"east": { "uv": [ 14, 1.5, 14.5, 2 ], "texture": "#texture" }
			}
		},
		{
			"__comment": "Box122",
			"from": [ 19.5, 14, 16.5 ],
			"to": [ 20.5, 17, 17.5 ],
			"faces": {
				"down": { "uv": [ 14, 1.5, 14.5, 2 ], "texture": "#texture" },
				"up": { "uv": [ 14, 1.5, 14.5, 2 ], "texture": "#texture" },
				"north": { "uv": [ 14, 1.5, 14.5, 2 ], "texture": "#texture" },
				"south": { "uv": [ 14, 1.5, 14.5, 2 ], "texture": "#texture" },
				"west": { "uv": [ 14, 1.5, 14.5, 2 ], "texture": "#texture" },
				"east": { "uv": [ 14, 1.5, 14.5, 2 ], "texture": "#texture" }
			}
		},
		{
			"__comment": "Box122",
			"from": [ 19.5, 16.25, 16.75 ],
			"to": [ 20.5, 19.25, 17.75 ],
			"rotation": { "origin": [ 19.5, 16.25, 16.75 ], "axis": "x", "angle": -45 },
			"faces": {
				"down": { "uv": [ 14, 1.5, 14.5, 2 ], "texture": "#texture" },
				"up": { "uv": [ 14, 1.5, 14.5, 2 ], "texture": "#texture" },
				"north": { "uv": [ 14, 1.5, 14.5, 2 ], "texture": "#texture" },
				"south": { "uv": [ 14, 1.5, 14.5, 2 ], "texture": "#texture" },
				"west": { "uv": [ 14, 1.5, 14.5, 2 ], "texture": "#texture" },
				"east": { "uv": [ 14, 1.5, 14.5, 2 ], "texture": "#texture" }
			}
		},
		{
			"__comment": "Box122",
			"from": [ 19.5, 18.125, 12.375 ],
			"to": [ 20.5, 19.125, 15.375 ],
			"faces": {
				"down": { "uv": [ 14.5, 2, 14, 1.5 ], "texture": "#texture" },
				"up": { "uv": [ 14, 1.5, 14.5, 2 ], "texture": "#texture" },
				"north": { "uv": [ 14.5, 2, 14, 1.5 ], "texture": "#texture" },
				"south": { "uv": [ 14, 1.5, 14.5, 2 ], "texture": "#texture" },
				"west": { "uv": [ 14, 1.5, 14.5, 2 ], "texture": "#texture", "rotation": 270 },
				"east": { "uv": [ 14, 1.5, 14.5, 2 ], "texture": "#texture", "rotation": 90 }
			}
		},
		{
			"__comment": "Box125",
			"from": [ 19.75, 14, 12.5 ],
			"to": [ 20.25, 17.5, 16.5 ],
			"faces": {
				"down": { "uv": [ 14, 1.5, 14.5, 2 ], "texture": "#texture" },
				"up": { "uv": [ 14, 1.5, 14.5, 2 ], "texture": "#texture" },
				"north": { "uv": [ 14, 1.5, 14.5, 2 ], "texture": "#texture" },
				"south": { "uv": [ 14, 1.5, 14.5, 2 ], "texture": "#texture" },
				"west": { "uv": [ 14, 1.5, 14.5, 2 ], "texture": "#texture" },
				"east": { "uv": [ 14, 1.5, 14.5, 2 ], "texture": "#texture" }
			}
		},
		{
			"__comment": "Box125",
			"from": [ 19.75, 16.125, 12.5 ],
			"to": [ 20.25, 18.125, 15.5 ],
			"faces": {
				"down": { "uv": [ 14, 1.5, 14.5, 2 ], "texture": "#texture" },
				"up": { "uv": [ 14, 1.5, 14.5, 2 ], "texture": "#texture" },
				"north": { "uv": [ 14, 1.5, 14.5, 2 ], "texture": "#texture" },
				"south": { "uv": [ 14, 1.5, 14.5, 2 ], "texture": "#texture" },
				"west": { "uv": [ 14, 1.5, 14.5, 2 ], "texture": "#texture" },
				"east": { "uv": [ 14, 1.5, 14.5, 2 ], "texture": "#texture" }
			}
		}
	],
"display":{"head":{"rotation":[0,180,0],"translation":[0,0,2.2],"scale":[1.1,1.1,1.1]},"fixed":{"rotation":[0,180,0],"translation":[0,-0.8,3.8],"scale":[1,1,1]},"gui":{"rotation":[-30,135,0],"translation":[0,-1.2,0],"scale":[0.7,0.7,0.7]}}}