{
	"__comment": "Designed by Cryptic with Cubik Studio - https://cubik.studio",
	"textures": {
		"texture": "items/soldier_ms"
	},
	"elements": [ 	 
		{
			"__comment": "SoldierBase",
			"from": [ 0.5, 9, 8 ],
			"to": [ 10.5, 13, 9 ],
			"faces": {
				"down": { "uv": [ 0.5, 6.5, 10.5, 7 ], "texture": "#texture" },
				"up": { "uv": [ 0.5, 3.5, 10.5, 3 ], "texture": "#texture" },
				"north": { "uv": [ 10.5, 3, 0.5, 7 ], "texture": "#texture" },
				"south": { "uv": [ 0.5, 3, 10.5, 7 ], "texture": "#texture" },
				"west": { "uv": [ 0.5, 3, 1, 7 ], "texture": "#texture" },
				"east": { "uv": [ 10.5, 6.5, 10, 2.5 ], "texture": "#texture" }
			}
		},
		{
			"__comment": "SoldierBase2",
			"from": [ 1, 5.5, 8 ],
			"to": [ 10, 13.5, 9 ],
			"faces": {
				"down": { "uv": [ 1, 10, 10, 10.5 ], "texture": "#texture" },
				"up": { "uv": [ 1, 3, 10, 2.5 ], "texture": "#texture" },
				"north": { "uv": [ 10, 2.5, 1, 10.5 ], "texture": "#texture" },
				"south": { "uv": [ 1, 2.5, 10, 10.5 ], "texture": "#texture" },
				"west": { "uv": [ 1, 2.5, 1.5, 10.5 ], "texture": "#texture" },
				"east": { "uv": [ 1, 2.5, 1.5, 10.5 ], "texture": "#texture" }
			}
		},
		{
			"__comment": "SoldierBase3",
			"from": [ 1.5, 4.5, 8 ],
			"to": [ 9.5, 14, 9 ],
			"faces": {
				"down": { "uv": [ 1.5, 11, 9.5, 11.5 ], "texture": "#texture" },
				"up": { "uv": [ 1.5, 2.5, 9.5, 2 ], "texture": "#texture" },
				"north": { "uv": [ 9.5, 2, 1.5, 11.5 ], "texture": "#texture" },
				"south": { "uv": [ 1.5, 2, 9.5, 11.5 ], "texture": "#texture" },
				"west": { "uv": [ 1.5, 2, 2, 11.5 ], "texture": "#texture" },
				"east": { "uv": [ 1, 2.5, 1.5, 10.5 ], "texture": "#texture" }
			}
		},
		{
			"__comment": "SoldierBase4",
			"from": [ 2, 4, 8 ],
			"to": [ 9, 14.5, 9 ],
			"faces": {
				"down": { "uv": [ 2, 11.5, 9, 12 ], "texture": "#texture" },
				"up": { "uv": [ 2, 2, 9, 1.5 ], "texture": "#texture" },
				"north": { "uv": [ 9, 1.5, 2, 12 ], "texture": "#texture" },
				"south": { "uv": [ 2, 1.5, 9, 12 ], "texture": "#texture" },
				"west": { "uv": [ 2, 1.5, 2.5, 12 ], "texture": "#texture" },
				"east": { "uv": [ 1, 2.5, 1.5, 10.5 ], "texture": "#texture" }
			}
		},
		{
			"__comment": "SoldierHelm1",
			"from": [ 1, 9.5, 9 ],
			"to": [ 10, 13, 10.5 ],
			"faces": {
				"down": { "uv": [ 7, 2.5, 8.5, 3.5 ], "texture": "#texture" },
				"up": { "uv": [ 7, 2.5, 8.5, 3.5 ], "texture": "#texture" },
				"north": { "uv": [ 6, 3, 15, 6.5 ], "texture": "#texture" },
				"south": { "uv": [ 1, 3, 10, 6.5 ], "texture": "#texture" },
				"west": { "uv": [ 0.5, 3, 1, 6.5 ], "texture": "#texture" },
				"east": { "uv": [ 9, 3, 10.3, 6.5 ], "texture": "#texture" }
			}
		},
		{
			"__comment": "SoldierHelm2",
			"from": [ 1.5, 13, 9 ],
			"to": [ 9.5, 13.5, 10.5 ],
			"faces": {
				"down": { "uv": [ 1.5, 5.5, 9.5, 7 ], "texture": "#texture" },
				"up": { "uv": [ 7, 2.5, 8.5, 3.5 ], "texture": "#texture" },
				"north": { "uv": [ 6.5, 2.5, 14.5, 3 ], "texture": "#texture" },
				"south": { "uv": [ 1.5, 2.5, 9.5, 3 ], "texture": "#texture" },
				"west": { "uv": [ 2, 2, 9, 2.5 ], "texture": "#texture" },
				"east": { "uv": [ 5.5, 2.5, 7, 3 ], "texture": "#texture" }
			}
		},
		{
			"__comment": "SoldierHelm3",
			"from": [ 2, 13.5, 9 ],
			"to": [ 9, 14, 10.5 ],
			"faces": {
				"down": { "uv": [ 2, 5.5, 9, 7 ], "texture": "#texture" },
				"up": { "uv": [ 2, 2, 9, 2.5 ], "texture": "#texture" },
				"north": { "uv": [ 2, 2, 9, 2.5 ], "texture": "#texture" },
				"south": { "uv": [ 2, 2, 9, 2.5 ], "texture": "#texture" },
				"west": { "uv": [ 2, 2, 9, 2.5 ], "texture": "#texture" },
				"east": { "uv": [ 5.5, 2, 7, 2.5 ], "texture": "#texture" }
			}
		},
		{
			"__comment": "SoldierHelm4",
			"from": [ 0.5, 9.5, 9 ],
			"to": [ 1, 13, 10.3 ],
			"faces": {
				"down": { "uv": [ 0.5, 5.7, 1, 7 ], "texture": "#texture" },
				"up": { "uv": [ 7, 2.5, 8.5, 3.5 ], "texture": "#texture" },
				"north": { "uv": [ 15, 3, 15.5, 6.5 ], "texture": "#texture" },
				"south": { "uv": [ 0.5, 3, 1, 6.5 ], "texture": "#texture" },
				"west": { "uv": [ 0.5, 3, 1, 6.5 ], "texture": "#texture" },
				"east": { "uv": [ 5.5, 3.5, 6.8, 5.5 ], "texture": "#texture" }
			}
		},
		{
			"__comment": "SoldierHelm5",
			"from": [ 10, 9.5, 9 ],
			"to": [ 10.5, 13, 10.3 ],
			"faces": {
				"down": { "uv": [ 10, 5.7, 10.5, 7 ], "texture": "#texture" },
				"up": { "uv": [ 1.5, 2, 2, 2.5 ], "texture": "#texture" },
				"north": { "uv": [ 5.5, 3, 6, 6.5 ], "texture": "#texture" },
				"south": { "uv": [ 10, 3, 10.5, 6.5 ], "texture": "#texture" },
				"west": { "uv": [ 9, 3, 10.3, 6.5 ], "texture": "#texture" },
				"east": { "uv": [ 9, 3, 10.3, 6.5 ], "texture": "#texture" }
			}
		},
		{
			"__comment": "SoldierHelm6",
			"from": [ 0.5, 9, 8 ],
			"to": [ 10.5, 9.5, 10.3 ],
			"faces": {
				"down": { "uv": [ 5.7, 6.5, 7, 7 ], "texture": "#texture" },
				"up": { "uv": [ 0.5, 9, 10.5, 10.3 ], "texture": "#texture" },
				"north": { "uv": [ 0.5, 6.5, 10.5, 7 ], "texture": "#texture" },
				"south": { "uv": [ 0.5, 6.5, 10.5, 7 ], "texture": "#texture" },
				"west": { "uv": [ 9, 6.5, 10.3, 7 ], "texture": "#texture" },
				"east": { "uv": [ 5.7, 6.5, 7, 7 ], "texture": "#texture" }
			}
		},
		{
			"__comment": "SoldierHelm7",
			"from": [ 1, 13, 9 ],
			"to": [ 1.5, 13.5, 10.3 ],
			"faces": {
				"down": { "uv": [ 1, 5.7, 1.5, 7 ], "texture": "#texture" },
				"up": { "uv": [ 1.5, 2, 2, 2.5 ], "texture": "#texture" },
				"north": { "uv": [ 14.5, 2.5, 15, 3 ], "texture": "#texture" },
				"south": { "uv": [ 1, 2.5, 1.5, 3 ], "texture": "#texture" },
				"west": { "uv": [ 1.5, 2, 2, 2.5 ], "texture": "#texture" },
				"east": { "uv": [ 5.7, 2.5, 7, 3 ], "texture": "#texture" }
			}
		},
		{
			"__comment": "SoldierHelm8",
			"from": [ 1.5, 13.5, 9 ],
			"to": [ 2, 14, 10.3 ],
			"faces": {
				"down": { "uv": [ 1.5, 5.7, 2, 7 ], "texture": "#texture" },
				"up": { "uv": [ 1.5, 2, 2, 2.5 ], "texture": "#texture" },
				"north": { "uv": [ 14, 2, 14.5, 2.5 ], "texture": "#texture" },
				"south": { "uv": [ 1.5, 2, 2, 2.5 ], "texture": "#texture" },
				"west": { "uv": [ 1.5, 2, 2, 2.5 ], "texture": "#texture" },
				"east": { "uv": [ 5.7, 2, 7, 2.5 ], "texture": "#texture" }
			}
		},
		{
			"__comment": "SoldierHelm10",
			"from": [ 2, 14, 9 ],
			"to": [ 9, 14.5, 10.3 ],
			"faces": {
				"down": { "uv": [ 2.5, 1.5, 9, 2 ], "texture": "#texture" },
				"up": { "uv": [ 2.5, 1.5, 9, 2 ], "texture": "#texture" },
				"north": { "uv": [ 2.5, 1.5, 9, 2 ], "texture": "#texture" },
				"south": { "uv": [ 2.5, 1.5, 9, 2 ], "texture": "#texture" },
				"west": { "uv": [ 2.5, 1.5, 9, 2 ], "texture": "#texture" },
				"east": { "uv": [ 5.7, 1.5, 7, 2 ], "texture": "#texture" }
			}
		},
		{
			"__comment": "SoldierHelm11",
			"from": [ 9, 13.5, 9 ],
			"to": [ 9.5, 14, 10.3 ],
			"faces": {
				"down": { "uv": [ 9, 5.7, 9.5, 7 ], "texture": "#texture" },
				"up": { "uv": [ 1.5, 2, 2, 2.5 ], "texture": "#texture" },
				"north": { "uv": [ 6.5, 2, 7, 2.5 ], "texture": "#texture" },
				"south": { "uv": [ 9, 2, 9.5, 2.5 ], "texture": "#texture" },
				"west": { "uv": [ 9, 2, 10.3, 2.5 ], "texture": "#texture" },
				"east": { "uv": [ 1.5, 2, 2, 2.5 ], "texture": "#texture" }
			}
		},
		{
			"__comment": "SoldierHelm",
			"from": [ 9.5, 13, 9 ],
			"to": [ 10, 13.5, 10.3 ],
			"faces": {
				"down": { "uv": [ 9.5, 5.7, 10, 7 ], "texture": "#texture" },
				"up": { "uv": [ 1.5, 2, 2, 2.5 ], "texture": "#texture" },
				"north": { "uv": [ 6, 2.5, 6.5, 3 ], "texture": "#texture" },
				"south": { "uv": [ 9.5, 2.5, 10, 3 ], "texture": "#texture" },
				"west": { "uv": [ 9, 2.5, 10.3, 3 ], "texture": "#texture" },
				"east": { "uv": [ 1.5, 2, 2, 2.5 ], "texture": "#texture" }
			}
		},
		{
			"__comment": "SoldierFace",
			"from": [ 1, 5.5, 9 ],
			"to": [ 2, 8, 10 ],
			"faces": {
				"down": { "uv": [ 5.5, 11.5, 9, 12 ], "texture": "#texture" },
				"up": { "uv": [ 1, 9, 2, 10 ], "texture": "#texture" },
				"north": { "uv": [ 14, 8, 15, 10.5 ], "texture": "#texture" },
				"south": { "uv": [ 1, 8, 2, 10.5 ], "texture": "#texture" },
				"west": { "uv": [ 9, 8, 10, 10.5 ], "texture": "#texture" },
				"east": { "uv": [ 6, 8, 7, 10.5 ], "texture": "#texture" }
			}
		},
		{
			"__comment": "SoldierFace1",
			"from": [ 9, 5.5, 9 ],
			"to": [ 10, 8, 10 ],
			"faces": {
				"down": { "uv": [ 5.5, 11.5, 9, 12 ], "texture": "#texture" },
				"up": { "uv": [ 5.5, 11.5, 9, 12 ], "texture": "#texture" },
				"north": { "uv": [ 5.5, 11.5, 9, 12 ], "texture": "#texture" },
				"south": { "uv": [ 5.5, 11.5, 9, 12 ], "texture": "#texture" },
				"west": { "uv": [ 5.5, 11.5, 9, 12 ], "texture": "#texture" },
				"east": { "uv": [ 5.5, 11.5, 9, 12 ], "texture": "#texture" }
			}
		},
		{
			"__comment": "SoldierFace2",
			"from": [ 1, 8, 9 ],
			"to": [ 1.5, 8.5, 10 ],
			"faces": {
				"down": { "uv": [ 13.5, 14, 14.5, 15 ], "texture": "#texture" },
				"up": { "uv": [ 1, 9, 1.5, 10 ], "texture": "#texture" },
				"north": { "uv": [ 14.5, 7.5, 15, 8 ], "texture": "#texture" },
				"south": { "uv": [ 1, 7.5, 1.5, 8 ], "texture": "#texture" },
				"west": { "uv": [ 14.5, 7, 15, 7.5 ], "texture": "#texture" },
				"east": { "uv": [ 14.5, 7.5, 15.5, 8 ], "texture": "#texture" }
			}
		},
		{
			"__comment": "SoldierFace3",
			"from": [ 1.5, 4.5, 9 ],
			"to": [ 2.5, 5.5, 10 ],
			"faces": {
				"down": { "uv": [ 5.5, 11.5, 9, 12 ], "texture": "#texture" },
				"up": { "uv": [ 5.5, 11.5, 9, 12 ], "texture": "#texture" },
				"north": { "uv": [ 5.5, 11.5, 9, 12 ], "texture": "#texture" },
				"south": { "uv": [ 5.5, 11.5, 9, 12 ], "texture": "#texture" },
				"west": { "uv": [ 5.5, 11.5, 9, 12 ], "texture": "#texture" },
				"east": { "uv": [ 5.5, 11.5, 9, 12 ], "texture": "#texture" }
			}
		},
		{
			"__comment": "SoldierFace4",
			"from": [ 8.5, 4.5, 9 ],
			"to": [ 9.5, 5.5, 10 ],
			"faces": {
				"down": { "uv": [ 5.5, 11.5, 9, 12 ], "texture": "#texture" },
				"up": { "uv": [ 5.5, 11.5, 9, 12 ], "texture": "#texture" },
				"north": { "uv": [ 5.5, 11.5, 9, 12 ], "texture": "#texture" },
				"south": { "uv": [ 5.5, 11.5, 9, 12 ], "texture": "#texture" },
				"west": { "uv": [ 5.5, 11.5, 9, 12 ], "texture": "#texture" },
				"east": { "uv": [ 5.5, 11.5, 9, 12 ], "texture": "#texture" }
			}
		},
		{
			"__comment": "SoldierFace5",
			"from": [ 2, 5.5, 9 ],
			"to": [ 2.5, 7.5, 10.05 ],
			"faces": {
				"down": { "uv": [ 2, 5.95, 2.5, 7 ], "texture": "#texture" },
				"up": { "uv": [ 2, 9, 2.5, 10.05 ], "texture": "#texture" },
				"north": { "uv": [ 13.5, 8.5, 14, 10.5 ], "texture": "#texture" },
				"south": { "uv": [ 2, 8.5, 2.5, 10.5 ], "texture": "#texture" },
				"west": { "uv": [ 9, 8.5, 10.05, 10.5 ], "texture": "#texture" },
				"east": { "uv": [ 5.95, 8.5, 7, 10.5 ], "texture": "#texture" }
			}
		},
		{
			"__comment": "SoldierFace6",
			"from": [ 8.5, 5.5, 9 ],
			"to": [ 9, 7.5, 10.05 ],
			"faces": {
				"down": { "uv": [ 8.5, 5.95, 9, 7 ], "texture": "#texture" },
				"up": { "uv": [ 8.5, 9, 9, 10.05 ], "texture": "#texture" },
				"north": { "uv": [ 7, 8.5, 7.5, 10.5 ], "texture": "#texture" },
				"south": { "uv": [ 8.5, 8.5, 9, 10.5 ], "texture": "#texture" },
				"west": { "uv": [ 9, 8.5, 10.05, 10.5 ], "texture": "#texture" },
				"east": { "uv": [ 5.95, 8.5, 7, 10.5 ], "texture": "#texture" }
			}
		},
		{
			"__comment": "SoldierFace7",
			"from": [ 2.5, 7, 9 ],
			"to": [ 3, 7.5, 10.05 ],
			"faces": {
				"down": { "uv": [ 2.5, 5.95, 3, 7 ], "texture": "#texture" },
				"up": { "uv": [ 2.5, 9, 3, 10.05 ], "texture": "#texture" },
				"north": { "uv": [ 13, 8.5, 13.5, 9 ], "texture": "#texture" },
				"south": { "uv": [ 2.5, 8.5, 3, 9 ], "texture": "#texture" },
				"west": { "uv": [ 9, 8.5, 10.05, 9 ], "texture": "#texture" },
				"east": { "uv": [ 5.95, 8.5, 7, 9 ], "texture": "#texture" }
			}
		},
		{
			"__comment": "SoldierFace8",
			"from": [ 8, 7, 9 ],
			"to": [ 8.5, 7.5, 10.05 ],
			"faces": {
				"down": { "uv": [ 8, 5.95, 8.5, 7 ], "texture": "#texture" },
				"up": { "uv": [ 8, 9, 8.5, 10.05 ], "texture": "#texture" },
				"north": { "uv": [ 7.5, 8.5, 8, 9 ], "texture": "#texture" },
				"south": { "uv": [ 8, 8.5, 8.5, 9 ], "texture": "#texture" },
				"west": { "uv": [ 9, 8.5, 10.05, 9 ], "texture": "#texture" },
				"east": { "uv": [ 5.95, 8.5, 7, 9 ], "texture": "#texture" }
			}
		},
		{
			"__comment": "SoldierFace9",
			"from": [ 5.5, 4, 9 ],
			"to": [ 9, 4.5, 10 ],
			"faces": {
				"down": { "uv": [ 5.5, 11.5, 9, 12 ], "texture": "#texture" },
				"up": { "uv": [ 5.5, 9, 9, 10 ], "texture": "#texture" },
				"north": { "uv": [ 7, 11.5, 10.5, 12 ], "texture": "#texture" },
				"south": { "uv": [ 5.5, 11.5, 9, 12 ], "texture": "#texture" },
				"west": { "uv": [ 9, 11.5, 10, 12 ], "texture": "#texture" },
				"east": { "uv": [ 6, 11.5, 7, 12 ], "texture": "#texture" }
			}
		},
		{
			"__comment": "SoldierFace10",
			"from": [ 5.5, 4.5, 9 ],
			"to": [ 8, 5.5, 10.05 ],
			"faces": {
				"down": { "uv": [ 5.5, 5.95, 8, 7 ], "texture": "#texture" },
				"up": { "uv": [ 5.5, 9, 8, 10.05 ], "texture": "#texture" },
				"north": { "uv": [ 8, 10.5, 10.5, 11.5 ], "texture": "#texture" },
				"south": { "uv": [ 5.5, 10.5, 8, 11.5 ], "texture": "#texture" },
				"west": { "uv": [ 9, 10.5, 10.05, 11.5 ], "texture": "#texture" },
				"east": { "uv": [ 5.95, 10.5, 7, 11.5 ], "texture": "#texture" }
			}
		},
		{
			"__comment": "SoldierFace11",
			"from": [ 2, 4, 9 ],
			"to": [ 5.5, 4.5, 10 ],
			"faces": {
				"down": { "uv": [ 5.5, 11.5, 9, 12 ], "texture": "#texture" },
				"up": { "uv": [ 5.5, 11.5, 9, 12 ], "texture": "#texture" },
				"north": { "uv": [ 5.5, 11.5, 9, 12 ], "texture": "#texture" },
				"south": { "uv": [ 5.5, 11.5, 9, 12 ], "texture": "#texture" },
				"west": { "uv": [ 5.5, 11.5, 9, 12 ], "texture": "#texture" },
				"east": { "uv": [ 5.5, 11.5, 9, 12 ], "texture": "#texture" }
			}
		},
		{
			"__comment": "SoldierFace12",
			"from": [ 3, 4.5, 9 ],
			"to": [ 5.5, 5.5, 10.05 ],
			"faces": {
				"down": { "uv": [ 5.5, 6, 8, 7 ], "texture": "#texture" },
				"up": { "uv": [ 5.5, 9, 8, 10 ], "texture": "#texture" },
				"north": { "uv": [ 8, 10.5, 10.5, 11.5 ], "texture": "#texture" },
				"south": { "uv": [ 5.5, 10.5, 8, 11.5 ], "texture": "#texture" },
				"west": { "uv": [ 9, 10.5, 10, 11.5 ], "texture": "#texture" },
				"east": { "uv": [ 6, 10.5, 7, 11.5 ], "texture": "#texture" }
			}
		},
		{
			"__comment": "SoldierFace13",
			"from": [ 2.5, 4.5, 9 ],
			"to": [ 3, 5, 10.05 ],
			"faces": {
				"down": { "uv": [ 2.5, 5.95, 3, 7 ], "texture": "#texture" },
				"up": { "uv": [ 2.5, 9, 3, 10.05 ], "texture": "#texture" },
				"north": { "uv": [ 13, 11, 13.5, 11.5 ], "texture": "#texture" },
				"south": { "uv": [ 2.5, 11, 3, 11.5 ], "texture": "#texture" },
				"west": { "uv": [ 9, 11, 10.05, 11.5 ], "texture": "#texture" },
				"east": { "uv": [ 5.95, 11, 7, 11.5 ], "texture": "#texture" }
			}
		},
		{
			"__comment": "SoldierFace14",
			"from": [ 8, 4.5, 9 ],
			"to": [ 8.5, 5, 10.05 ],
			"faces": {
				"down": { "uv": [ 8, 5.95, 8.5, 7 ], "texture": "#texture" },
				"up": { "uv": [ 8, 9, 8.5, 10.05 ], "texture": "#texture" },
				"north": { "uv": [ 7.5, 11, 8, 11.5 ], "texture": "#texture" },
				"south": { "uv": [ 8, 11, 8.5, 11.5 ], "texture": "#texture" },
				"west": { "uv": [ 9, 11, 10.05, 11.5 ], "texture": "#texture" },
				"east": { "uv": [ 5.95, 11, 7, 11.5 ], "texture": "#texture" }
			}
		},
		{
			"__comment": "SoldierFace15",
			"from": [ 2.5, 5.5, 9 ],
			"to": [ 3, 6, 10.05 ],
			"faces": {
				"down": { "uv": [ 2.5, 5.95, 3, 7 ], "texture": "#texture" },
				"up": { "uv": [ 2.5, 9, 3, 10.05 ], "texture": "#texture" },
				"north": { "uv": [ 13, 10, 13.5, 10.5 ], "texture": "#texture" },
				"south": { "uv": [ 2.5, 10, 3, 10.5 ], "texture": "#texture" },
				"west": { "uv": [ 9, 10, 10.05, 10.5 ], "texture": "#texture" },
				"east": { "uv": [ 5.95, 10, 7, 10.5 ], "texture": "#texture" }
			}
		},
		{
			"__comment": "SoldierFace16",
			"from": [ 8, 5.5, 9 ],
			"to": [ 8.5, 6, 10.05 ],
			"faces": {
				"down": { "uv": [ 8, 5.95, 8.5, 7 ], "texture": "#texture" },
				"up": { "uv": [ 8, 9, 8.5, 10.05 ], "texture": "#texture" },
				"north": { "uv": [ 7.5, 10, 8, 10.5 ], "texture": "#texture" },
				"south": { "uv": [ 8, 10, 8.5, 10.5 ], "texture": "#texture" },
				"west": { "uv": [ 9, 10, 10.05, 10.5 ], "texture": "#texture" },
				"east": { "uv": [ 5.95, 10, 7, 10.5 ], "texture": "#texture" }
			}
		},
		{
			"__comment": "SoldierFace17",
			"from": [ 3.5, 7, 9 ],
			"to": [ 5.5, 7.5, 9.97 ],
			"faces": {
				"down": { "uv": [ 3.5, 6.030001, 5.5, 7 ], "texture": "#texture" },
				"up": { "uv": [ 3.5, 9, 5.5, 9.97 ], "texture": "#texture" },
				"north": { "uv": [ 10.5, 8.5, 12.5, 9 ], "texture": "#texture" },
				"south": { "uv": [ 3.5, 8.5, 5.5, 9 ], "texture": "#texture" },
				"west": { "uv": [ 9, 8.5, 9.97, 9 ], "texture": "#texture" },
				"east": { "uv": [ 6.03, 8.5, 7, 9 ], "texture": "#texture" }
			}
		},
		{
			"__comment": "SoldierFace18",
			"from": [ 5.5, 7, 9 ],
			"to": [ 7.5, 7.5, 9.97 ],
			"faces": {
				"down": { "uv": [ 3.5, 6, 5.5, 7 ], "texture": "#texture" },
				"up": { "uv": [ 3.5, 9, 5.5, 10 ], "texture": "#texture" },
				"north": { "uv": [ 3.5, 9, 5.5, 8.5 ], "texture": "#texture", "rotation": 180 },
				"south": { "uv": [ 3.5, 8.5, 5.5, 9 ], "texture": "#texture", "rotation": 180 },
				"west": { "uv": [ 9, 8.5, 10, 9 ], "texture": "#texture" },
				"east": { "uv": [ 6, 8.5, 7, 9 ], "texture": "#texture" }
			}
		},
		{
			"__comment": "SoldierFace19",
			"from": [ 5.5, 8.5, 9 ],
			"to": [ 7.5, 9, 9.97 ],
			"faces": {
				"down": { "uv": [ 5.5, 6.030001, 7.5, 7 ], "texture": "#texture" },
				"up": { "uv": [ 5.5, 9, 7.5, 9.97 ], "texture": "#texture" },
				"north": { "uv": [ 8.5, 7, 10.5, 7.5 ], "texture": "#texture" },
				"south": { "uv": [ 5.5, 7, 7.5, 7.5 ], "texture": "#texture" },
				"west": { "uv": [ 9, 7, 9.97, 7.5 ], "texture": "#texture" },
				"east": { "uv": [ 6.03, 7, 7, 7.5 ], "texture": "#texture" }
			}
		},
		{
			"__comment": "SoldierFace20",
			"from": [ 3.5, 8.5, 9 ],
			"to": [ 5.5, 9, 9.97 ],
			"faces": {
				"down": { "uv": [ 5.5, 6, 7.5, 7 ], "texture": "#texture" },
				"up": { "uv": [ 5.5, 9, 7.5, 10 ], "texture": "#texture" },
				"north": { "uv": [ 8.5, 7, 10.5, 7.5 ], "texture": "#texture" },
				"south": { "uv": [ 5.5, 7, 7.5, 7.5 ], "texture": "#texture" },
				"west": { "uv": [ 9, 7, 10, 7.5 ], "texture": "#texture" },
				"east": { "uv": [ 6, 7, 7, 7.5 ], "texture": "#texture" }
			}
		},
		{
			"__comment": "SoldierFace21",
			"from": [ 7.5, 7.5, 9 ],
			"to": [ 9, 9, 9.97 ],
			"faces": {
				"down": { "uv": [ 7.5, 6.030001, 9, 7 ], "texture": "#texture" },
				"up": { "uv": [ 7.5, 9, 9, 9.97 ], "texture": "#texture" },
				"north": { "uv": [ 7, 7, 8.5, 8.5 ], "texture": "#texture" },
				"south": { "uv": [ 7.5, 7, 9, 8.5 ], "texture": "#texture" },
				"west": { "uv": [ 9, 7, 9.97, 8.5 ], "texture": "#texture" },
				"east": { "uv": [ 6.03, 7, 7, 8.5 ], "texture": "#texture" }
			}
		},
		{
			"__comment": "SoldierFace22",
			"from": [ 9, 8, 9 ],
			"to": [ 9.5, 9, 9.97 ],
			"faces": {
				"down": { "uv": [ 9, 6.030001, 9.5, 7 ], "texture": "#texture" },
				"up": { "uv": [ 9, 9, 9.5, 9.97 ], "texture": "#texture" },
				"north": { "uv": [ 6.5, 7, 7, 8 ], "texture": "#texture" },
				"south": { "uv": [ 9, 7, 9.5, 8 ], "texture": "#texture" },
				"west": { "uv": [ 9, 7, 9.97, 8 ], "texture": "#texture" },
				"east": { "uv": [ 6.03, 7, 7, 8 ], "texture": "#texture" }
			}
		},
		{
			"__comment": "SoldierFace23",
			"from": [ 9.5, 8, 9 ],
			"to": [ 10, 8.5, 10 ],
			"faces": {
				"down": { "uv": [ 9.5, 6, 10, 7 ], "texture": "#texture" },
				"up": { "uv": [ 9.5, 9, 10, 10 ], "texture": "#texture" },
				"north": { "uv": [ 6, 7.5, 6.5, 8 ], "texture": "#texture" },
				"south": { "uv": [ 9.5, 7.5, 10, 8 ], "texture": "#texture", "rotation": 270 },
				"west": { "uv": [ 9.500001, 7.5, 10, 8 ], "texture": "#texture" },
				"east": { "uv": [ 9.500001, 7.5, 10, 8 ], "texture": "#texture" }
			}
		},
		{
			"__comment": "SoldierFace24",
			"from": [ 2, 7.5, 9 ],
			"to": [ 3.5, 9, 9.97 ],
			"faces": {
				"down": { "uv": [ 7.5, 6, 9, 7 ], "texture": "#texture" },
				"up": { "uv": [ 7.5, 9, 9, 10 ], "texture": "#texture" },
				"north": { "uv": [ 7, 7, 8.5, 8.5 ], "texture": "#texture" },
				"south": { "uv": [ 7.5, 7, 9, 8.5 ], "texture": "#texture", "rotation": 90 },
				"west": { "uv": [ 9, 7, 10, 8.5 ], "texture": "#texture" },
				"east": { "uv": [ 6, 7, 7, 8.5 ], "texture": "#texture" }
			}
		},
		{
			"__comment": "SoldierFace25",
			"from": [ 1.5, 8, 9 ],
			"to": [ 2, 9, 9.97 ],
			"faces": {
				"down": { "uv": [ 9, 6, 9.5, 7 ], "texture": "#texture" },
				"up": { "uv": [ 9, 9, 9.5, 10 ], "texture": "#texture" },
				"north": { "uv": [ 6.5, 7, 7, 8 ], "texture": "#texture" },
				"south": { "uv": [ 9, 7, 9.5, 8 ], "texture": "#texture" },
				"west": { "uv": [ 9, 7, 10, 8 ], "texture": "#texture" },
				"east": { "uv": [ 6, 7, 7, 8 ], "texture": "#texture" }
			}
		},
		{
			"__comment": "SoldierFace26",
			"from": [ 1, 8.5, 9 ],
			"to": [ 1.5, 9, 9.97 ],
			"faces": {
				"down": { "uv": [ 1, 6.030001, 1.5, 7 ], "texture": "#texture" },
				"up": { "uv": [ 1, 9, 1.5, 9.97 ], "texture": "#texture" },
				"north": { "uv": [ 14.5, 7, 15, 7.5 ], "texture": "#texture" },
				"south": { "uv": [ 1, 7, 1.5, 7.5 ], "texture": "#texture" },
				"west": { "uv": [ 9, 7, 9.97, 7.5 ], "texture": "#texture" },
				"east": { "uv": [ 6.03, 7, 7, 7.5 ], "texture": "#texture" }
			}
		},
		{
			"__comment": "SoldierFace27",
			"from": [ 9.5, 8.5, 9 ],
			"to": [ 10, 9, 9.97 ],
			"faces": {
				"down": { "uv": [ 1, 6, 1.5, 7 ], "texture": "#texture" },
				"up": { "uv": [ 1, 9, 1.5, 10 ], "texture": "#texture" },
				"north": { "uv": [ 14.5, 7, 15, 7.5 ], "texture": "#texture" },
				"south": { "uv": [ 1, 7, 1.5, 7.5 ], "texture": "#texture" },
				"west": { "uv": [ 9, 7, 10, 7.5 ], "texture": "#texture" },
				"east": { "uv": [ 6, 7, 7, 7.5 ], "texture": "#texture" }
			}
		},
		{
			"__comment": "SoldierFace28",
			"from": [ 3.5, 8, 9 ],
			"to": [ 5, 8.5, 9.97 ],
			"faces": {
				"down": { "uv": [ 3.5, 6.030001, 5, 7 ], "texture": "#texture" },
				"up": { "uv": [ 3.5, 9, 5, 9.97 ], "texture": "#texture" },
				"north": { "uv": [ 11, 7.5, 12.5, 8 ], "texture": "#texture" },
				"south": { "uv": [ 3.5, 7.5, 5, 8 ], "texture": "#texture" },
				"west": { "uv": [ 9, 7.5, 9.97, 8 ], "texture": "#texture" },
				"east": { "uv": [ 6.03, 7.5, 7, 8 ], "texture": "#texture" }
			}
		},
		{
			"__comment": "SoldierFace29",
			"from": [ 6, 8, 9 ],
			"to": [ 7.5, 8.5, 9.97 ],
			"faces": {
				"down": { "uv": [ 6, 6.030001, 7.5, 7 ], "texture": "#texture" },
				"up": { "uv": [ 6, 9, 7.5, 9.97 ], "texture": "#texture" },
				"north": { "uv": [ 8.5, 7.5, 10, 8 ], "texture": "#texture" },
				"south": { "uv": [ 6, 7.5, 7.5, 8 ], "texture": "#texture" },
				"west": { "uv": [ 9, 7.5, 9.97, 8 ], "texture": "#texture" },
				"east": { "uv": [ 6.03, 7.5, 7, 8 ], "texture": "#texture" }
			}
		},
		{
			"__comment": "SoldierFace30",
			"from": [ 4, 7.5, 9 ],
			"to": [ 4.5, 8, 9.97 ],
			"faces": {
				"down": { "uv": [ 4, 6.030001, 4.5, 7 ], "texture": "#texture" },
				"up": { "uv": [ 4, 9, 4.5, 9.97 ], "texture": "#texture" },
				"north": { "uv": [ 11.5, 8, 12, 8.5 ], "texture": "#texture" },
				"south": { "uv": [ 4, 8, 4.5, 8.5 ], "texture": "#texture" },
				"west": { "uv": [ 9, 8, 9.97, 8.5 ], "texture": "#texture" },
				"east": { "uv": [ 6.03, 8, 7, 8.5 ], "texture": "#texture" }
			}
		},
		{
			"__comment": "SoldierFace31",
			"from": [ 6.5, 7.5, 9 ],
			"to": [ 7, 8, 9.97 ],
			"faces": {
				"down": { "uv": [ 6.5, 6.030001, 7, 7 ], "texture": "#texture" },
				"up": { "uv": [ 6.5, 9, 7, 9.97 ], "texture": "#texture" },
				"north": { "uv": [ 9, 8, 9.5, 8.5 ], "texture": "#texture" },
				"south": { "uv": [ 6.5, 8, 7, 8.5 ], "texture": "#texture" },
				"west": { "uv": [ 9, 8, 9.97, 8.5 ], "texture": "#texture" },
				"east": { "uv": [ 6.03, 8, 7, 8.5 ], "texture": "#texture" }
			}
		},
		{
			"__comment": "SoldierFace32",
			"from": [ 3, 6, 9 ],
			"to": [ 5.5, 7, 10.12 ],
			"faces": {
				"down": { "uv": [ 3, 5.88, 5.5, 7 ], "texture": "#texture" },
				"up": { "uv": [ 3, 9, 5.5, 10.12 ], "texture": "#texture" },
				"north": { "uv": [ 10.5, 9, 13, 10 ], "texture": "#texture" },
				"south": { "uv": [ 3, 9, 5.5, 10 ], "texture": "#texture" },
				"west": { "uv": [ 9, 9, 10.12, 10 ], "texture": "#texture" },
				"east": { "uv": [ 5.88, 9, 7, 10 ], "texture": "#texture" }
			}
		},
		{
			"__comment": "SoldierFace33",
			"from": [ 5.5, 6, 9 ],
			"to": [ 8, 7, 10.12 ],
			"faces": {
				"down": { "uv": [ 5.5, 9, 8, 10 ], "texture": "#texture" },
				"up": { "uv": [ 5.5, 9, 8, 9.95 ], "texture": "#texture" },
				"north": { "uv": [ 8, 9, 10.5, 10 ], "texture": "#texture" },
				"south": { "uv": [ 5.5, 9, 8, 10 ], "texture": "#texture" },
				"west": { "uv": [ 5.5, 9, 8, 10 ], "texture": "#texture" },
				"east": { "uv": [ 5.5, 9, 8, 10 ], "texture": "#texture" }
			}
		},
		{
			"__comment": "SoldierFace34",
			"from": [ 3, 5.5, 9 ],
			"to": [ 8, 6, 10.1 ],
			"faces": {
				"down": { "uv": [ 3, 10, 8, 10.5 ], "texture": "#texture" },
				"up": { "uv": [ 3, 9, 8, 10 ], "texture": "#texture" },
				"north": { "uv": [ 8, 10, 13, 10.5 ], "texture": "#texture" },
				"south": { "uv": [ 3, 10, 8, 10.5 ], "texture": "#texture" },
				"west": { "uv": [ 9, 10, 10, 10.5 ], "texture": "#texture" },
				"east": { "uv": [ 6, 10, 7, 10.5 ], "texture": "#texture" }
			}
		},
		{
			"__comment": "SoldierFace35",
			"from": [ 2.5, 5, 9 ],
			"to": [ 3, 5.5, 10.1 ],
			"faces": {
				"down": { "uv": [ 3, 10, 8, 10.5 ], "texture": "#texture" },
				"up": { "uv": [ 2.5, 9, 3, 10 ], "texture": "#texture" },
				"north": { "uv": [ 13, 10.5, 13.5, 11 ], "texture": "#texture" },
				"south": { "uv": [ 2.5, 10.5, 3, 11 ], "texture": "#texture" },
				"west": { "uv": [ 9, 10.5, 10, 11 ], "texture": "#texture" },
				"east": { "uv": [ 6, 10.5, 7, 11 ], "texture": "#texture" }
			}
		},
		{
			"__comment": "SoldierFace36",
			"from": [ 8, 5, 9 ],
			"to": [ 8.5, 5.5, 10.1 ],
			"faces": {
				"down": { "uv": [ 3, 10, 8, 10.5 ], "texture": "#texture" },
				"up": { "uv": [ 8, 9, 8.5, 10 ], "texture": "#texture" },
				"north": { "uv": [ 7.5, 10.5, 8, 11 ], "texture": "#texture" },
				"south": { "uv": [ 8, 10.5, 8.5, 11 ], "texture": "#texture" },
				"west": { "uv": [ 8, 10.5, 8.5, 11 ], "texture": "#texture" },
				"east": { "uv": [ 6, 10.5, 7, 11 ], "texture": "#texture" }
			}
		},
		{
			"__comment": "SoldierFace37",
			"from": [ 2.5, 6, 9 ],
			"to": [ 3, 7, 10 ],
			"faces": {
				"down": { "uv": [ 3, 10, 8, 10.5 ], "texture": "#texture" },
				"up": { "uv": [ 2.5, 9, 3, 10 ], "texture": "#texture" },
				"north": { "uv": [ 13, 9, 13.5, 10 ], "texture": "#texture" },
				"south": { "uv": [ 2.5, 9, 3, 10 ], "texture": "#texture" },
				"west": { "uv": [ 9, 9, 10, 10 ], "texture": "#texture" },
				"east": { "uv": [ 6, 9, 7, 10 ], "texture": "#texture" }
			}
		},
		{
			"__comment": "SoldierFace38",
			"from": [ 8, 6, 9 ],
			"to": [ 8.5, 7, 10.1 ],
			"faces": {
				"down": { "uv": [ 3, 10, 8, 10.5 ], "texture": "#texture" },
				"up": { "uv": [ 8, 9, 8.5, 10 ], "texture": "#texture" },
				"north": { "uv": [ 7.5, 9, 8, 10 ], "texture": "#texture" },
				"south": { "uv": [ 8, 9, 8.5, 10 ], "texture": "#texture" },
				"west": { "uv": [ 9, 9, 10, 10 ], "texture": "#texture" },
				"east": { "uv": [ 6, 9, 7, 10 ], "texture": "#texture" }
			}
		},
		{
			"__comment": "SoldierFace39",
			"from": [ 3.5, 7.5, 9 ],
			"to": [ 4, 8, 10.1 ],
			"faces": {
				"down": { "uv": [ 7, 8, 7.5, 8.5 ], "texture": "#texture" },
				"up": { "uv": [ 7, 8, 7.5, 8.5 ], "texture": "#texture" },
				"north": { "uv": [ 7, 8, 7.5, 8.5 ], "texture": "#texture" },
				"south": { "uv": [ 7, 8, 7.5, 8.5 ], "texture": "#texture" },
				"west": { "uv": [ 7, 8, 7.5, 8.5 ], "texture": "#texture" },
				"east": { "uv": [ 7, 8, 7.5, 8.5 ], "texture": "#texture" }
			}
		},
		{
			"__comment": "SoldierFace40",
			"from": [ 5, 7.5, 9 ],
			"to": [ 6, 8.5, 10.3 ],
			"faces": {
				"down": { "uv": [ 10, 11.5, 12.5, 13 ], "texture": "#texture" },
				"up": { "uv": [ 5, 7.5, 6, 8.5 ], "texture": "#texture" },
				"north": { "uv": [ 10, 7.5, 11, 8.5 ], "texture": "#texture" },
				"south": { "uv": [ 5, 7.5, 6, 8.5 ], "texture": "#texture" },
				"west": { "uv": [ 5, 7.5, 6, 8.5 ], "texture": "#texture" },
				"east": { "uv": [ 5, 7.5, 6, 8.5 ], "texture": "#texture" }
			}
		},
		{
			"__comment": "SoldierFace41",
			"from": [ 3, 7, 9 ],
			"to": [ 3.5, 7.5, 10.1 ],
			"faces": {
				"down": { "uv": [ 3, 10, 8, 10.5 ], "texture": "#texture" },
				"up": { "uv": [ 3, 9, 3.5, 10 ], "texture": "#texture" },
				"north": { "uv": [ 12.5, 8.5, 13, 9 ], "texture": "#texture" },
				"south": { "uv": [ 3, 8.5, 3.5, 9 ], "texture": "#texture" },
				"west": { "uv": [ 9, 8.5, 10, 9 ], "texture": "#texture" },
				"east": { "uv": [ 6, 8.5, 7, 9 ], "texture": "#texture" }
			}
		},
		{
			"__comment": "SoldierFace42",
			"from": [ 2.5, 6, 9 ],
			"to": [ 3, 7, 10.1 ],
			"faces": {
				"down": { "uv": [ 7, 8, 7.5, 8.5 ], "texture": "#texture" },
				"up": { "uv": [ 7, 8, 7.5, 8.5 ], "texture": "#texture" },
				"north": { "uv": [ 7, 8, 7.5, 8.5 ], "texture": "#texture" },
				"south": { "uv": [ 7, 8, 7.5, 8.5 ], "texture": "#texture" },
				"west": { "uv": [ 7, 8, 7.5, 8.5 ], "texture": "#texture" },
				"east": { "uv": [ 7, 8, 7.5, 8.5 ], "texture": "#texture" }
			}
		},
		{
			"__comment": "SoldierFace43",
			"from": [ 7.5, 7, 9 ],
			"to": [ 8, 7.5, 10.1 ],
			"faces": {
				"down": { "uv": [ 7, 8, 7.5, 8.5 ], "texture": "#texture" },
				"up": { "uv": [ 7, 8, 7.5, 8.5 ], "texture": "#texture" },
				"north": { "uv": [ 7, 8, 7.5, 8.5 ], "texture": "#texture" },
				"south": { "uv": [ 7, 8, 7.5, 8.5 ], "texture": "#texture" },
				"west": { "uv": [ 7, 8, 7.5, 8.5 ], "texture": "#texture" },
				"east": { "uv": [ 7, 8, 7.5, 8.5 ], "texture": "#texture" }
			}
		},
		{
			"__comment": "SoldierFace44",
			"from": [ 7, 7.5, 9 ],
			"to": [ 7.5, 8, 10.1 ],
			"faces": {
				"down": { "uv": [ 7, 8, 7.5, 8.5 ], "texture": "#texture" },
				"up": { "uv": [ 7, 9, 7.5, 10.1 ], "texture": "#texture" },
				"north": { "uv": [ 8.5, 8, 9, 8.5 ], "texture": "#texture" },
				"south": { "uv": [ 7, 8, 7.5, 8.5 ], "texture": "#texture" },
				"west": { "uv": [ 7, 8, 7.5, 8.5 ], "texture": "#texture" },
				"east": { "uv": [ 7, 8, 7.5, 8.5 ], "texture": "#texture" }
			}
		},
		{
			"__comment": "SoldierFace45",
			"from": [ 4.5, 7.5, 9 ],
			"to": [ 5, 8, 10.2 ],
			"faces": {
				"down": { "uv": [ 4.5, 8, 5, 8.5 ], "texture": "#texture" },
				"up": { "uv": [ 4.5, 8, 5, 8.5 ], "texture": "#texture" },
				"north": { "uv": [ 4.5, 8, 5, 8.5 ], "texture": "#texture" },
				"south": { "uv": [ 4.5, 8, 5, 8.5 ], "texture": "#texture" },
				"west": { "uv": [ 4.5, 8, 5, 8.5 ], "texture": "#texture" },
				"east": { "uv": [ 4.5, 8, 5, 8.5 ], "texture": "#texture" }
			}
		},
		{
			"__comment": "SoldierFace46",
			"from": [ 6, 7.5, 9 ],
			"to": [ 6.5, 8, 10.2 ],
			"faces": {
				"down": { "uv": [ 4.5, 8, 5, 8.5 ], "texture": "#texture" },
				"up": { "uv": [ 4.5, 8, 5, 8.5 ], "texture": "#texture" },
				"north": { "uv": [ 4.5, 8, 5, 8.5 ], "texture": "#texture" },
				"south": { "uv": [ 4.5, 8, 5, 8.5 ], "texture": "#texture" },
				"west": { "uv": [ 4.5, 8, 5, 8.5 ], "texture": "#texture" },
				"east": { "uv": [ 4.5, 8, 5, 8.5 ], "texture": "#texture" }
			}
		},
		{
			"__comment": "Box75",
			"from": [ 1.5, 5.5, 0 ],
			"to": [ 2, 7.5, 8 ],
			"faces": {
				"down": { "uv": [ 1, 15, 8, 15.5 ], "texture": "#texture" },
				"up": { "uv": [ 1, 15, 8, 15.5 ], "texture": "#texture" },
				"north": { "uv": [ 1, 15, 8, 15.5 ], "texture": "#texture" },
				"south": { "uv": [ 1, 15, 8, 15.5 ], "texture": "#texture" },
				"west": { "uv": [ 1, 15, 8, 15.5 ], "texture": "#texture" },
				"east": { "uv": [ 1, 15, 8, 15.5 ], "texture": "#texture" }
			}
		},
		{
			"__comment": "Box75",
			"from": [ 9, 5.5, 0 ],
			"to": [ 9.5, 7.5, 8 ],
			"faces": {
				"down": { "uv": [ 1, 15, 8, 15.5 ], "texture": "#texture" },
				"up": { "uv": [ 1, 15, 8, 15.5 ], "texture": "#texture" },
				"north": { "uv": [ 1, 15, 8, 15.5 ], "texture": "#texture" },
				"south": { "uv": [ 1, 15, 8, 15.5 ], "texture": "#texture" },
				"west": { "uv": [ 1, 15, 8, 15.5 ], "texture": "#texture" },
				"east": { "uv": [ 1, 15, 8, 15.5 ], "texture": "#texture" }
			}
		},
		{
			"__comment": "Box75",
			"from": [ 1.5, 10, 0 ],
			"to": [ 2, 12, 8 ],
			"faces": {
				"down": { "uv": [ 1, 15, 8, 15.5 ], "texture": "#texture" },
				"up": { "uv": [ 1, 15, 8, 15.5 ], "texture": "#texture" },
				"north": { "uv": [ 1, 15, 8, 15.5 ], "texture": "#texture" },
				"south": { "uv": [ 1, 15, 8, 15.5 ], "texture": "#texture" },
				"west": { "uv": [ 1, 15, 8, 15.5 ], "texture": "#texture" },
				"east": { "uv": [ 1, 15, 8, 15.5 ], "texture": "#texture" }
			}
		},
		{
			"__comment": "Box75",
			"from": [ 9, 10, 0 ],
			"to": [ 9.5, 12, 8 ],
			"faces": {
				"down": { "uv": [ 1, 15, 8, 15.5 ], "texture": "#texture" },
				"up": { "uv": [ 1, 15, 8, 15.5 ], "texture": "#texture" },
				"north": { "uv": [ 1, 15, 8, 15.5 ], "texture": "#texture" },
				"south": { "uv": [ 1, 15, 8, 15.5 ], "texture": "#texture" },
				"west": { "uv": [ 1, 15, 8, 15.5 ], "texture": "#texture" },
				"east": { "uv": [ 1, 15, 8, 15.5 ], "texture": "#texture" }
			}
		},
		{
			"__comment": "Box75",
			"from": [ 1.9995, 5.5, -0.5 ],
			"to": [ 8.9995, 7.5, 0 ],
			"faces": {
				"down": { "uv": [ 1, 15, 8, 15.5 ], "texture": "#texture" },
				"up": { "uv": [ 1, 15, 8, 15.5 ], "texture": "#texture" },
				"north": { "uv": [ 1, 15, 8, 15.5 ], "texture": "#texture" },
				"south": { "uv": [ 1, 15, 8, 15.5 ], "texture": "#texture" },
				"west": { "uv": [ 1, 15, 8, 15.5 ], "texture": "#texture" },
				"east": { "uv": [ 1, 15, 8, 15.5 ], "texture": "#texture" }
			}
		},
		{
			"__comment": "Box75",
			"from": [ 1.9995, 10, -0.5 ],
			"to": [ 8.9995, 12, 0 ],
			"faces": {
				"down": { "uv": [ 1, 15, 8, 15.5 ], "texture": "#texture" },
				"up": { "uv": [ 1, 15, 8, 15.5 ], "texture": "#texture" },
				"north": { "uv": [ 1, 15, 8, 15.5 ], "texture": "#texture" },
				"south": { "uv": [ 1, 15, 8, 15.5 ], "texture": "#texture" },
				"west": { "uv": [ 1, 15, 8, 15.5 ], "texture": "#texture" },
				"east": { "uv": [ 1, 15, 8, 15.5 ], "texture": "#texture" }
			}
		},
		{
			"__comment": "Box69",
			"from": [ 4, 12.125, 10.125 ],
			"to": [ 6.5, 12.625, 10.625 ],
			"rotation": { "origin": [ 4, 12.125, 10.125 ], "axis": "x", "angle": 22.5 },
			"faces": {
				"down": { "uv": [ 4, 3.5, 6.5, 4 ], "texture": "#texture" },
				"up": { "uv": [ 4, 3.5, 6.5, 4 ], "texture": "#texture" },
				"north": { "uv": [ 4, 3.5, 6.5, 4 ], "texture": "#texture" },
				"south": { "uv": [ 4, 3.5, 6.5, 4 ], "texture": "#texture" },
				"west": { "uv": [ 4, 3.5, 4.5, 4 ], "texture": "#texture" },
				"east": { "uv": [ 5.5, 5.5, 6, 6.5 ], "texture": "#texture" }
			}
		},
		{
			"__comment": "Box70",
			"from": [ 4, 9.375, 10.375 ],
			"to": [ 6.5, 10.375, 10.875 ],
			"rotation": { "origin": [ 4, 9.375, 10.375 ], "axis": "x", "angle": -22.5 },
			"faces": {
				"down": { "uv": [ 4, 6, 6.5, 6.5 ], "texture": "#texture" },
				"up": { "uv": [ 4, 5.5, 6.5, 6 ], "texture": "#texture" },
				"north": { "uv": [ 4, 5.5, 6.5, 6.5 ], "texture": "#texture" },
				"south": { "uv": [ 4, 5.5, 6.5, 6.5 ], "texture": "#texture" },
				"west": { "uv": [ 4, 5.5, 4.5, 6.5 ], "texture": "#texture" },
				"east": { "uv": [ 6, 5.5, 6.5, 6.5 ], "texture": "#texture" }
			}
		},
		{
			"__comment": "Box71",
			"from": [ 0.5, 11.875, 8.125 ],
			"to": [ 1, 12.875, 10.125 ],
			"rotation": { "origin": [ 0.5, 11.875, 8.125 ], "axis": "z", "angle": 22.5 },
			"faces": {
				"down": { "uv": [ 13, 3, 15, 4 ], "texture": "#texture", "rotation": 180 },
				"up": { "uv": [ 4, 5.5, 6, 6 ], "texture": "#texture", "rotation": 270 },
				"north": { "uv": [ 13, 3, 15, 4 ], "texture": "#texture" },
				"south": { "uv": [ 13, 3, 15, 4 ], "texture": "#texture" },
				"west": { "uv": [ 13, 3, 15, 4 ], "texture": "#texture" },
				"east": { "uv": [ 13, 3, 15, 4 ], "texture": "#texture" }
			}
		},
		{
			"__comment": "Box72",
			"from": [ 0.25, 9.5, 8.125 ],
			"to": [ 1.25, 10, 10.125 ],
			"rotation": { "origin": [ 0.25, 9.5, 8.125 ], "axis": "z", "angle": 45 },
			"faces": {
				"down": { "uv": [ 13, 5.5, 15, 6 ], "texture": "#texture" },
				"up": { "uv": [ 13, 5.5, 15, 6 ], "texture": "#texture" },
				"north": { "uv": [ 13, 5.5, 15, 6 ], "texture": "#texture" },
				"south": { "uv": [ 13, 5.5, 15, 6 ], "texture": "#texture" },
				"west": { "uv": [ 13, 5.5, 15, 6 ], "texture": "#texture" },
				"east": { "uv": [ 13, 5.5, 15, 6 ], "texture": "#texture" }
			}
		},
		{
			"__comment": "Box73",
			"from": [ 0.125, 12.75, 8.125 ],
			"to": [ 0.625, 12.95, 10.125 ],
			"rotation": { "origin": [ 0.125, 12.75, 8.125 ], "axis": "x", "angle": -22.5 },
			"faces": {
				"down": { "uv": [ 4, 5.5, 6, 6 ], "texture": "#texture" },
				"up": { "uv": [ 4, 5.5, 6, 6 ], "texture": "#texture" },
				"north": { "uv": [ 4, 5.5, 6, 6 ], "texture": "#texture" },
				"south": { "uv": [ 4, 5.5, 6, 6 ], "texture": "#texture" },
				"west": { "uv": [ 4, 5.5, 6, 6 ], "texture": "#texture" },
				"east": { "uv": [ 4, 5.5, 6, 6 ], "texture": "#texture" }
			}
		},
		{
			"__comment": "Box74",
			"from": [ 0.125, 12.7, 9.375 ],
			"to": [ 0.425, 13, 10.375 ],
			"rotation": { "origin": [ 0.125, 13, 9.375 ], "axis": "x", "angle": -22.5 },
			"faces": {
				"down": { "uv": [ 14, 15.5, 16, 16 ], "texture": "#texture", "rotation": 270 },
				"up": { "uv": [ 14, 15.5, 16, 16 ], "texture": "#texture", "rotation": 90 },
				"north": { "uv": [ 14, 15.5, 15.5, 16 ], "texture": "#texture" },
				"south": { "uv": [ 15.5, 15.5, 16, 16 ], "texture": "#texture" },
				"west": { "uv": [ 14, 15.5, 16, 16 ], "texture": "#texture" },
				"east": { "uv": [ 14, 15.5, 16, 16 ], "texture": "#texture", "rotation": 180 }
			}
		},
		{
			"__comment": "Box75",
			"from": [ 1, 10.5, 10.5 ],
			"to": [ 10, 12, 11 ],
			"faces": {
				"down": { "uv": [ 0.5, 4, 10.5, 5.5 ], "texture": "#texture" },
				"up": { "uv": [ 0.5, 4, 10.5, 5.5 ], "texture": "#texture" },
				"north": { "uv": [ 0.5, 4, 10.5, 5.5 ], "texture": "#texture" },
				"south": { "uv": [ 0.5, 4, 10.5, 5.5 ], "texture": "#texture" },
				"west": { "uv": [ 0.5, 4, 10.5, 5.5 ], "texture": "#texture" },
				"east": { "uv": [ 0.5, 4, 10.5, 5.5 ], "texture": "#texture" }
			}
		},
		{
			"__comment": "Box76",
			"from": [ 0, 10.5, 8 ],
			"to": [ 0.5, 12, 10.5 ],
			"faces": {
				"down": { "uv": [ 0.5, 4, 10.5, 5.5 ], "texture": "#texture" },
				"up": { "uv": [ 0.5, 4, 10.5, 5.5 ], "texture": "#texture" },
				"north": { "uv": [ 0.5, 4, 10.5, 5.5 ], "texture": "#texture" },
				"south": { "uv": [ 0.5, 4, 10.5, 5.5 ], "texture": "#texture" },
				"west": { "uv": [ 0.5, 4, 10.5, 5.5 ], "texture": "#texture" },
				"east": { "uv": [ 0.5, 4, 10.5, 5.5 ], "texture": "#texture" }
			}
		},
		{
			"__comment": "Box77",
			"from": [ 0.5, 10.5, 10.25 ],
			"to": [ 1, 12, 10.75 ],
			"faces": {
				"down": { "uv": [ 0.5, 4, 10.5, 5.5 ], "texture": "#texture" },
				"up": { "uv": [ 0.5, 4, 10.5, 5.5 ], "texture": "#texture" },
				"north": { "uv": [ 0.5, 4, 10.5, 5.5 ], "texture": "#texture" },
				"south": { "uv": [ 0.5, 4, 10.5, 5.5 ], "texture": "#texture" },
				"west": { "uv": [ 0.5, 4, 10.5, 5.5 ], "texture": "#texture" },
				"east": { "uv": [ 0.5, 4, 10.5, 5.5 ], "texture": "#texture" }
			}
		},
		{
			"__comment": "Box77",
			"from": [ 10, 10.5, 10.25 ],
			"to": [ 10.5, 12, 10.75 ],
			"faces": {
				"down": { "uv": [ 0.5, 4, 10.5, 5.5 ], "texture": "#texture" },
				"up": { "uv": [ 0.5, 4, 10.5, 5.5 ], "texture": "#texture" },
				"north": { "uv": [ 0.5, 4, 10.5, 5.5 ], "texture": "#texture" },
				"south": { "uv": [ 0.5, 4, 10.5, 5.5 ], "texture": "#texture" },
				"west": { "uv": [ 0.5, 4, 10.5, 5.5 ], "texture": "#texture" },
				"east": { "uv": [ 0.5, 4, 10.5, 5.5 ], "texture": "#texture" }
			}
		},
		{
			"__comment": "Box76",
			"from": [ 10.5, 10.5, 8 ],
			"to": [ 11, 12, 10.5 ],
			"faces": {
				"down": { "uv": [ 0.5, 4, 10.5, 5.5 ], "texture": "#texture" },
				"up": { "uv": [ 0.5, 4, 10.5, 5.5 ], "texture": "#texture" },
				"north": { "uv": [ 0.5, 4, 10.5, 5.5 ], "texture": "#texture" },
				"south": { "uv": [ 0.5, 4, 10.5, 5.5 ], "texture": "#texture" },
				"west": { "uv": [ 0.5, 4, 10.5, 5.5 ], "texture": "#texture" },
				"east": { "uv": [ 0.5, 4, 10.5, 5.5 ], "texture": "#texture" }
			}
		}
	],
	"display": {
		"gui": {
			"rotation":  [ 13, 33, 19 ],
			"translation":  [ 2.8695, 0.3869, -0.204 ],
			"scale":  [ 0.6259, 0.6259, 0.6259 ]
		},
		"head": {
			"rotation":  [ 0, 180, 0 ],
			"translation":  [ -2.7, -0.5, -3.3 ],
			"scale":  [ 2.08, 1.95, 1.73 ]
		},
		"fixed": {
			"rotation":  [ 0, 180, 0 ],
			"translation":  [ -1.5, -0.6, -0.2 ],
			"scale":  [ 1.92, 1.86, 1 ]
		}
	}
}