{
"__comment": "Model generated using MrCrayfish's Model Creator (http://mrcrayfish.com/modelcreator/)",
"textures": {
    "particle": "blocks/cobblestone",
    "0": "blocks/cobblestone",
    "1": "blocks/dirt",
    "2": "blocks/Untitled",
    "3": "wool_colored_black"
},
"elements": [ 
{
    "from": [ 0, 2, -13 ],
    "to": [ 22, 4, 20 ],
    "faces": {
        "down":  { "uv": [ 0, 0, 16, 16 ], "texture": "#0" },
        "up":    { "uv": [ 0, 0, 16, 16 ], "texture": "#1" },
        "north": { "uv": [ 0, 0, 16, 2 ], "texture": "#0" },
        "south": { "uv": [ 0, 0, 16, 2 ], "texture": "#0" },
        "west":  { "uv": [ 0, 0, 16, 2 ], "texture": "#0", "cullface": "west" },
        "east":  { "uv": [ 0, 0, 16, 2 ], "texture": "#0" }
    }
},
{
    "from": [ 0, 4, 17 ],
    "to": [ 22, 32, 20 ],
    "faces": {
        "down":  { "uv": [ 0, 0, 16, 3 ], "texture": "#2" },
        "up":    { "uv": [ 0, 0, 16, 3 ], "texture": "#0" },
        "north": { "uv": [ 0, 0, 16, 16 ], "texture": "#0", "cullface": "north" },
        "south": { "uv": [ 0, 0, 16, 16 ], "texture": "#0" },
        "west":  { "uv": [ 0, 0, 3, 16 ], "texture": "#0" },
        "east":  { "uv": [ 0, 0, 3, 16 ], "texture": "#0" }
    }
},
{
    "from": [ 0, 4, -11 ],
    "to": [ 5, 11, 17 ],
    "faces": {
        "down":  { "uv": [ 0, 0, 5, 16 ], "texture": "#0" },
        "up":    { "uv": [ 0, 0, 5, 16 ], "texture": "#0" },
        "north": { "uv": [ 0, 0, 5, 7 ], "texture": "#0", "cullface": "north" },
        "south": { "uv": [ 0, 0, 5, 7 ], "texture": "#0" },
        "west":  { "uv": [ 0, 0, 16, 7 ], "texture": "#0" },
        "east":  { "uv": [ 0, 0, 16, 7 ], "texture": "#0" }
    }
},
{
    "from": [ 17, 4, -11 ],
    "to": [ 22, 11, 17 ],
    "faces": {
        "down":  { "uv": [ 0, 0, 5, 16 ], "texture": "#0" },
        "up":    { "uv": [ 0, 0, 5, 16 ], "texture": "#0" },
        "north": { "uv": [ 0, 0, 5, 7 ], "texture": "#0", "cullface": "north" },
        "south": { "uv": [ 0, 0, 5, 7 ], "texture": "#0" },
        "west":  { "uv": [ 0, 0, 16, 7 ], "texture": "#0" },
        "east":  { "uv": [ 0, 0, 16, 7 ], "texture": "#0" }
    }
},
{
    "from": [ 0, 4, -13 ],
    "to": [ 22, 11, -11 ],
    "faces": {
        "down":  { "uv": [ 0, 0, 16, 1 ], "texture": "#0" },
        "up":    { "uv": [ 0, 0, 16, 1 ], "texture": "#0" },
        "north": { "uv": [ 0, 0, 16, 7 ], "texture": "#0", "cullface": "north" },
        "south": { "uv": [ 0, 0, 16, 7 ], "texture": "#0" },
        "west":  { "uv": [ 0, 0, 1, 7 ], "texture": "#0" },
        "east":  { "uv": [ 0, 0, 1, 7 ], "texture": "#0" }
    }
},
{
    "from": [ 16, 21, 16 ],
    "to": [ 17, 27, 17 ],
    "faces": {
        "down":  { "uv": [ 0, 0, 1, 1 ], "texture": "#3", "cullface": "down" },
        "up":    { "uv": [ 0, 0, 1, 1 ], "texture": "#3" },
        "north": { "uv": [ 0, 1, 1, 7 ], "texture": "#3" },
        "south": { "uv": [ 0, 0, 1, 6 ], "texture": "#3" },
        "west":  { "uv": [ 0, 0, 1, 6 ], "texture": "#3" },
        "east":  { "uv": [ 0, 0, 1, 6 ], "texture": "#3" }
    }
},
{
    "from": [ 14, 25, 16 ],
    "to": [ 16, 26, 17 ],
    "faces": {
        "down":  { "uv": [ 0, 0, 2, 1 ], "texture": "#3" },
        "up":    { "uv": [ 0, 0, 2, 1 ], "texture": "#3" },
        "north": { "uv": [ 0, 0, 2, 1 ], "texture": "#3", "cullface": "north" },
        "south": { "uv": [ 0, 0, 2, 1 ], "texture": "#3" },
        "west":  { "uv": [ 0, 0, 1, 1 ], "texture": "#3" },
        "east":  { "uv": [ 0, 0, 1, 1 ], "texture": "#3" }
    }
},
{
    "from": [ 12, 21, 16 ],
    "to": [ 13, 25, 17 ],
    "faces": {
        "down":  { "uv": [ 0, 0, 1, 1 ], "texture": "#3" },
        "up":    { "uv": [ 0, 0, 1, 1 ], "texture": "#3" },
        "north": { "uv": [ 0, 0, 1, 4 ], "texture": "#3", "cullface": "north" },
        "south": { "uv": [ 0, 0, 1, 4 ], "texture": "#3" },
        "west":  { "uv": [ 0, 0, 1, 4 ], "texture": "#3" },
        "east":  { "uv": [ 0, 0, 1, 4 ], "texture": "#3" }
    }
},
{
    "from": [ 12, 26, 16 ],
    "to": [ 13, 27, 17 ],
    "faces": {
        "down":  { "uv": [ 0, 0, 1, 1 ], "texture": "#3" },
        "up":    { "uv": [ 0, 0, 1, 1 ], "texture": "#3" },
        "north": { "uv": [ 0, 0, 1, 1 ], "texture": "#3", "cullface": "north" },
        "south": { "uv": [ 0, 0, 1, 1 ], "texture": "#3" },
        "west":  { "uv": [ 0, 0, 1, 1 ], "texture": "#3" },
        "east":  { "uv": [ 0, 0, 1, 1 ], "texture": "#3" }
    }
},
{
    "from": [ 8, 21, 16 ],
    "to": [ 9, 27, 17 ],
    "faces": {
        "down":  { "uv": [ 0, 0, 1, 1 ], "texture": "#3" },
        "up":    { "uv": [ 0, 0, 1, 1 ], "texture": "#3" },
        "north": { "uv": [ 0, 0, 1, 6 ], "texture": "#3", "cullface": "north" },
        "south": { "uv": [ 0, 0, 1, 6 ], "texture": "#3" },
        "west":  { "uv": [ 0, 0, 1, 6 ], "texture": "#3" },
        "east":  { "uv": [ 0, 0, 1, 6 ], "texture": "#3" }
    }
},
{
    "from": [ 6, 26, 16 ],
    "to": [ 8, 27, 17 ],
    "faces": {
        "down":  { "uv": [ 0, 0, 2, 1 ], "texture": "#3" },
        "up":    { "uv": [ 0, 0, 2, 1 ], "texture": "#3" },
        "north": { "uv": [ 0, 0, 2, 1 ], "texture": "#3", "cullface": "north" },
        "south": { "uv": [ 0, 0, 2, 1 ], "texture": "#3" },
        "west":  { "uv": [ 0, 0, 1, 1 ], "texture": "#3" },
        "east":  { "uv": [ 0, 0, 1, 1 ], "texture": "#3" }
    }
},
{
    "from": [ 6, 25, 16 ],
    "to": [ 7, 26, 17 ],
    "faces": {
        "down":  { "uv": [ 0, 0, 1, 1 ], "texture": "#3" },
        "up":    { "uv": [ 0, 0, 1, 1 ], "texture": "#3" },
        "north": { "uv": [ 0, 0, 1, 1 ], "texture": "#3", "cullface": "north" },
        "south": { "uv": [ 0, 0, 1, 1 ], "texture": "#3" },
        "west":  { "uv": [ 0, 0, 1, 1 ], "texture": "#3" },
        "east":  { "uv": [ 0, 0, 1, 1 ], "texture": "#3" }
    }
},
{
    "from": [ 6, 24, 16 ],
    "to": [ 8, 25, 17 ],
    "faces": {
        "down":  { "uv": [ 0, 0, 10, 13 ], "texture": "#3" },
        "up":    { "uv": [ 0, 0, 12, 5 ], "texture": "#3" },
        "north": { "uv": [ 0, 0, 2, 1 ], "texture": "#3", "cullface": "north" },
        "south": { "uv": [ 0, 0, 2, 1 ], "texture": "#3" },
        "west":  { "uv": [ 0, 0, 1, 1 ], "texture": "#3" },
        "east":  { "uv": [ 0, 0, 1, 1 ], "texture": "#3" }
    }
}
],
"display": {
    "thirdperson": {
        "rotation": [ -88, -101, 128 ],
        "translation": [ 0, -0.1, -2 ],
        "scale": [ 0.13, 0.13, 0.13 ]
    },
    "head": {
        "rotation": [ 0, 0, 0 ],
        "translation": [ -1.1, 5.7, -0.6 ],
        "scale": [ 1, 1, 1 ]
    },
    "firstperson": {
        "rotation": [ 0, -10, 0 ],
        "translation": [ 0, 0, 0 ],
        "scale": [ 1, 1, 1 ]
    },
    "gui": {
        "rotation": [ 0, 0, 0 ],
        "translation": [ 0, -1.8, 0 ],
        "scale": [ 0.54, 0.6, 0.6 ]
    }
}
}