{
	"__comment": "Designed by Hypixel minecraft server with BDcraft Cubik PRO 0.95 Beta - http://bdcraft.net",
	"textures": {
		"texture": "blocks/leaf",
		"glass_blue": "blocks/glass_blue"
	},
	"elements": [
		{
			"from": [ 7, 0, -0.5 ],
			"to": [ 7.0625, 16, 15.5 ],
			"faces": {
				"west": { "uv": [ 0, 0, 16, 16 ], "texture": "#texture" },
				"east": { "uv": [ 16, 0, 0, 16 ], "texture": "#texture" }
			}
		}
	],
	"display": {
		"head": {
			"rotation":  [ 0, -90, 0 ],
			"scale":  [ 1.5, 1.5, 1.5 ]
		}
	}
}