{
	"__comment": "Designed by Cryptic with Cubik Studio - https://cubik.studio",
	"textures": {
		"particle": "blocks/particle",
		"texture": "blocks/texture",
		"crypticmemes": "blocks/crypticmemes",
		"cryptic_eyes": "blocks/cryptic_eyes",
		"MypticCremes": "blocks/mypticcremes",
		"scarf": "blocks/scarf"
	},
	"elements": [
		{
			"__comment": "Voxels-251509",
			"from": [ -2, 11, 4 ],
			"to": [ 10, 14, 10 ],
			"faces": {
				"down": { "uv": [ 0.96, 4.96, 3.04, 7.04 ], "texture": "#crypticmemes" },
				"up": { "uv": [ 0.96, 4.96, 3.04, 7.04 ], "texture": "#crypticmemes" },
				"north": { "uv": [ 0.96, 4.96, 3.04, 7.04 ], "texture": "#crypticmemes" },
				"south": { "uv": [ 0.96, 4.96, 3.04, 7.04 ], "texture": "#crypticmemes" },
				"west": { "uv": [ 0.96, 4.96, 3.04, 7.04 ], "texture": "#crypticmemes" },
				"east": { "uv": [ 0.96, 4.96, 3.04, 7.04 ], "texture": "#crypticmemes" }
			}
		},
		{
			"__comment": "Voxels-251509",
			"from": [ -2, 11, 10 ],
			"to": [ -1, 12, 11 ],
			"faces": {
				"down": { "uv": [ 0.96, 4.96, 3.04, 7.04 ], "texture": "#crypticmemes" },
				"up": { "uv": [ 0.96, 4.96, 3.04, 7.04 ], "texture": "#crypticmemes" },
				"north": { "uv": [ 0.96, 4.96, 3.04, 7.04 ], "texture": "#crypticmemes" },
				"south": { "uv": [ 0.96, 4.96, 3.04, 7.04 ], "texture": "#crypticmemes" },
				"west": { "uv": [ 0.96, 4.96, 3.04, 7.04 ], "texture": "#crypticmemes" },
				"east": { "uv": [ 0.96, 4.96, 3.04, 7.04 ], "texture": "#crypticmemes" }
			}
		},
		{
			"__comment": "Voxels-251509",
			"from": [ -2, 13, 10 ],
			"to": [ -1, 18, 15 ],
			"faces": {
				"down": { "uv": [ 0.96, 4.96, 3.04, 7.04 ], "texture": "#crypticmemes" },
				"up": { "uv": [ 0.96, 4.96, 3.04, 7.04 ], "texture": "#crypticmemes" },
				"north": { "uv": [ 0.96, 4.96, 3.04, 7.04 ], "texture": "#crypticmemes" },
				"south": { "uv": [ 0.96, 4.96, 3.04, 7.04 ], "texture": "#crypticmemes" },
				"west": { "uv": [ 0.96, 4.96, 3.04, 7.04 ], "texture": "#crypticmemes" },
				"east": { "uv": [ 0.96, 4.96, 3.04, 7.04 ], "texture": "#crypticmemes" }
			}
		},
		{
			"__comment": "Voxels-251509",
			"from": [ -2, 14, 4 ],
			"to": [ 9, 18, 5 ],
			"faces": {
				"down": { "uv": [ 0.96, 4.96, 3.04, 7.04 ], "texture": "#crypticmemes" },
				"up": { "uv": [ 0.96, 4.96, 3.04, 7.04 ], "texture": "#crypticmemes" },
				"north": { "uv": [ 0.96, 4.96, 3.04, 7.04 ], "texture": "#crypticmemes" },
				"south": { "uv": [ 0.96, 4.96, 3.04, 7.04 ], "texture": "#crypticmemes" },
				"west": { "uv": [ 0.96, 4.96, 3.04, 7.04 ], "texture": "#crypticmemes" },
				"east": { "uv": [ 0.96, 4.96, 3.04, 7.04 ], "texture": "#crypticmemes" }
			}
		},
		{
			"__comment": "Voxels-251509",
			"from": [ -2, 14, 5 ],
			"to": [ -1, 18, 10 ],
			"faces": {
				"down": { "uv": [ 0.96, 4.96, 3.04, 7.04 ], "texture": "#crypticmemes" },
				"up": { "uv": [ 0.96, 4.96, 3.04, 7.04 ], "texture": "#crypticmemes" },
				"north": { "uv": [ 0.96, 4.96, 3.04, 7.04 ], "texture": "#crypticmemes" },
				"south": { "uv": [ 0.96, 4.96, 3.04, 7.04 ], "texture": "#crypticmemes" },
				"west": { "uv": [ 0.96, 4.96, 3.04, 7.04 ], "texture": "#crypticmemes" },
				"east": { "uv": [ 0.96, 4.96, 3.04, 7.04 ], "texture": "#crypticmemes" }
			}
		},
		{
			"__comment": "Voxels-251509",
			"from": [ -2, 14, 15 ],
			"to": [ 0, 18, 16 ],
			"faces": {
				"down": { "uv": [ 0.96, 4.96, 3.04, 7.04 ], "texture": "#crypticmemes" },
				"up": { "uv": [ 0.96, 4.96, 3.04, 7.04 ], "texture": "#crypticmemes" },
				"north": { "uv": [ 0.96, 4.96, 3.04, 7.04 ], "texture": "#crypticmemes" },
				"south": { "uv": [ 0.96, 4.96, 3.04, 7.04 ], "texture": "#crypticmemes" },
				"west": { "uv": [ 0.96, 4.96, 3.04, 7.04 ], "texture": "#crypticmemes" },
				"east": { "uv": [ 0.96, 4.96, 3.04, 7.04 ], "texture": "#crypticmemes" }
			}
		},
		{
			"__comment": "Voxels-E3AB7E",
			"from": [ -1, 11, 10 ],
			"to": [ 9, 17, 14 ],
			"faces": {
				"down": { "uv": [ 12.96, 0.96, 15.04, 3.04 ], "texture": "#crypticmemes" },
				"up": { "uv": [ 12.96, 0.96, 15.04, 3.04 ], "texture": "#crypticmemes" },
				"north": { "uv": [ 12.96, 0.96, 15.04, 3.04 ], "texture": "#crypticmemes" },
				"south": { "uv": [ 12.96, 0.96, 15.04, 3.04 ], "texture": "#crypticmemes" },
				"west": { "uv": [ 12.96, 0.96, 15.04, 3.04 ], "texture": "#crypticmemes" },
				"east": { "uv": [ 12.96, 0.96, 15.04, 3.04 ], "texture": "#crypticmemes" }
			}
		},
		{
			"__comment": "Voxels-E3AB7E",
			"from": [ -1, 14, 5 ],
			"to": [ 9, 17, 10 ],
			"faces": {
				"down": { "uv": [ 12.96, 0.96, 15.04, 3.04 ], "texture": "#crypticmemes" },
				"up": { "uv": [ 12.96, 0.96, 15.04, 3.04 ], "texture": "#crypticmemes" },
				"north": { "uv": [ 12.96, 0.96, 15.04, 3.04 ], "texture": "#crypticmemes" },
				"south": { "uv": [ 12.96, 0.96, 15.04, 3.04 ], "texture": "#crypticmemes" },
				"west": { "uv": [ 12.96, 0.96, 15.04, 3.04 ], "texture": "#crypticmemes" },
				"east": { "uv": [ 12.96, 0.96, 15.04, 3.04 ], "texture": "#crypticmemes" }
			}
		},
		{
			"__comment": "Voxels-251509",
			"from": [ -1, 17, 5 ],
			"to": [ 10, 18, 15 ],
			"faces": {
				"down": { "uv": [ 0.96, 4.96, 3.04, 7.04 ], "texture": "#crypticmemes" },
				"up": { "uv": [ 0.96, 4.96, 3.04, 7.04 ], "texture": "#crypticmemes" },
				"north": { "uv": [ 0.96, 4.96, 3.04, 7.04 ], "texture": "#crypticmemes" },
				"south": { "uv": [ 0.96, 4.96, 3.04, 7.04 ], "texture": "#crypticmemes" },
				"west": { "uv": [ 0.96, 4.96, 3.04, 7.04 ], "texture": "#crypticmemes" },
				"east": { "uv": [ 0.96, 4.96, 3.04, 7.04 ], "texture": "#crypticmemes" }
			}
		},
		{
			"__comment": "Voxels-251509",
			"from": [ 0, 15, 15 ],
			"to": [ 1, 18, 16 ],
			"faces": {
				"down": { "uv": [ 0.96, 4.96, 3.04, 7.04 ], "texture": "#crypticmemes" },
				"up": { "uv": [ 0.96, 4.96, 3.04, 7.04 ], "texture": "#crypticmemes" },
				"north": { "uv": [ 0.96, 4.96, 3.04, 7.04 ], "texture": "#crypticmemes" },
				"south": { "uv": [ 0.96, 4.96, 3.04, 7.04 ], "texture": "#crypticmemes" },
				"west": { "uv": [ 0.96, 4.96, 3.04, 7.04 ], "texture": "#crypticmemes" },
				"east": { "uv": [ 0.96, 4.96, 3.04, 7.04 ], "texture": "#crypticmemes" }
			}
		},
		{
			"__comment": "Voxels-251509",
			"from": [ 1, 16, 15 ],
			"to": [ 10, 18, 16 ],
			"faces": {
				"down": { "uv": [ 0.96, 4.96, 3.04, 7.04 ], "texture": "#crypticmemes" },
				"up": { "uv": [ 0.96, 4.96, 3.04, 7.04 ], "texture": "#crypticmemes" },
				"north": { "uv": [ 0.96, 4.96, 3.04, 7.04 ], "texture": "#crypticmemes" },
				"south": { "uv": [ 0.96, 4.96, 3.04, 7.04 ], "texture": "#crypticmemes" },
				"west": { "uv": [ 0.96, 4.96, 3.04, 7.04 ], "texture": "#crypticmemes" },
				"east": { "uv": [ 0.96, 4.96, 3.04, 7.04 ], "texture": "#crypticmemes" }
			}
		},
		{
			"__comment": "Voxels-251509",
			"from": [ 7, 15, 15 ],
			"to": [ 10, 16, 16 ],
			"faces": {
				"down": { "uv": [ 0.96, 4.96, 3.04, 7.04 ], "texture": "#crypticmemes" },
				"up": { "uv": [ 0.96, 4.96, 3.04, 7.04 ], "texture": "#crypticmemes" },
				"north": { "uv": [ 0.96, 4.96, 3.04, 7.04 ], "texture": "#crypticmemes" },
				"south": { "uv": [ 0.96, 4.96, 3.04, 7.04 ], "texture": "#crypticmemes" },
				"west": { "uv": [ 0.96, 4.96, 3.04, 7.04 ], "texture": "#crypticmemes" },
				"east": { "uv": [ 0.96, 4.96, 3.04, 7.04 ], "texture": "#crypticmemes" }
			}
		},
		{
			"__comment": "Voxels-251509",
			"from": [ 8, 14, 15 ],
			"to": [ 9, 15, 16 ],
			"faces": {
				"down": { "uv": [ 0.96, 4.96, 3.04, 7.04 ], "texture": "#crypticmemes" },
				"up": { "uv": [ 0.96, 4.96, 3.04, 7.04 ], "texture": "#crypticmemes" },
				"north": { "uv": [ 0.96, 4.96, 3.04, 7.04 ], "texture": "#crypticmemes" },
				"south": { "uv": [ 0.96, 4.96, 3.04, 7.04 ], "texture": "#crypticmemes" },
				"west": { "uv": [ 0.96, 4.96, 3.04, 7.04 ], "texture": "#crypticmemes" },
				"east": { "uv": [ 0.96, 4.96, 3.04, 7.04 ], "texture": "#crypticmemes" }
			}
		},
		{
			"__comment": "Voxels-251509",
			"from": [ 9, 11, 10 ],
			"to": [ 10, 12, 11 ],
			"faces": {
				"down": { "uv": [ 0.96, 4.96, 3.04, 7.04 ], "texture": "#crypticmemes" },
				"up": { "uv": [ 0.96, 4.96, 3.04, 7.04 ], "texture": "#crypticmemes" },
				"north": { "uv": [ 0.96, 4.96, 3.04, 7.04 ], "texture": "#crypticmemes" },
				"south": { "uv": [ 0.96, 4.96, 3.04, 7.04 ], "texture": "#crypticmemes" },
				"west": { "uv": [ 0.96, 4.96, 3.04, 7.04 ], "texture": "#crypticmemes" },
				"east": { "uv": [ 0.96, 4.96, 3.04, 7.04 ], "texture": "#crypticmemes" }
			}
		},
		{
			"__comment": "Voxels-251509",
			"from": [ 9, 13, 10 ],
			"to": [ 10, 17, 15 ],
			"faces": {
				"down": { "uv": [ 0.96, 4.96, 3.04, 7.04 ], "texture": "#crypticmemes" },
				"up": { "uv": [ 0.96, 4.96, 3.04, 7.04 ], "texture": "#crypticmemes" },
				"north": { "uv": [ 0.96, 4.96, 3.04, 7.04 ], "texture": "#crypticmemes" },
				"south": { "uv": [ 0.96, 4.96, 3.04, 7.04 ], "texture": "#crypticmemes" },
				"west": { "uv": [ 0.96, 4.96, 3.04, 7.04 ], "texture": "#crypticmemes" },
				"east": { "uv": [ 0.96, 4.96, 3.04, 7.04 ], "texture": "#crypticmemes" }
			}
		},
		{
			"__comment": "Voxels-251509",
			"from": [ 9, 14, 5 ],
			"to": [ 10, 17, 10 ],
			"faces": {
				"down": { "uv": [ 0.96, 4.96, 3.04, 7.04 ], "texture": "#crypticmemes" },
				"up": { "uv": [ 0.96, 4.96, 3.04, 7.04 ], "texture": "#crypticmemes" },
				"north": { "uv": [ 0.96, 4.96, 3.04, 7.04 ], "texture": "#crypticmemes" },
				"south": { "uv": [ 0.96, 4.96, 3.04, 7.04 ], "texture": "#crypticmemes" },
				"west": { "uv": [ 0.96, 4.96, 3.04, 7.04 ], "texture": "#crypticmemes" },
				"east": { "uv": [ 0.96, 4.96, 3.04, 7.04 ], "texture": "#crypticmemes" }
			}
		},
		{
			"__comment": "Voxels-251509",
			"from": [ 9, 14, 4 ],
			"to": [ 10, 18, 5 ],
			"faces": {
				"down": { "uv": [ 0.96, 4.96, 3.04, 7.04 ], "texture": "#crypticmemes" },
				"up": { "uv": [ 0.96, 4.96, 3.04, 7.04 ], "texture": "#crypticmemes" },
				"north": { "uv": [ 0.96, 4.96, 3.04, 7.04 ], "texture": "#crypticmemes" },
				"south": { "uv": [ 0.96, 4.96, 3.04, 7.04 ], "texture": "#crypticmemes" },
				"west": { "uv": [ 0.96, 4.96, 3.04, 7.04 ], "texture": "#crypticmemes" },
				"east": { "uv": [ 0.96, 4.96, 3.04, 7.04 ], "texture": "#crypticmemes" }
			}
		},
		{
			"__comment": "Voxels-E3AB7E",
			"from": [ -1, 11, 14 ],
			"to": [ 9, 12, 15 ],
			"faces": {
				"down": { "uv": [ 4.96, 0.96, 7.04, 3.04 ], "texture": "#MypticCremes" },
				"up": { "uv": [ 4.96, 0.96, 7.04, 3.04 ], "texture": "#MypticCremes" },
				"north": { "uv": [ 4.96, 0.96, 7.04, 3.04 ], "texture": "#MypticCremes" },
				"south": { "uv": [ 4.96, 0.96, 7.04, 3.04 ], "texture": "#MypticCremes" },
				"west": { "uv": [ 4.96, 0.96, 7.04, 3.04 ], "texture": "#MypticCremes" },
				"east": { "uv": [ 4.96, 0.96, 7.04, 3.04 ], "texture": "#MypticCremes" }
			}
		},
		{
			"__comment": "Voxels-E3AB7E",
			"from": [ -1, 12, 14 ],
			"to": [ 0, 15, 15 ],
			"faces": {
				"down": { "uv": [ 4.96, 0.96, 7.04, 3.04 ], "texture": "#MypticCremes" },
				"up": { "uv": [ 4.96, 0.96, 7.04, 3.04 ], "texture": "#MypticCremes" },
				"north": { "uv": [ 4.96, 0.96, 7.04, 3.04 ], "texture": "#MypticCremes" },
				"south": { "uv": [ 4.96, 0.96, 7.04, 3.04 ], "texture": "#MypticCremes" },
				"west": { "uv": [ 4.96, 0.96, 7.04, 3.04 ], "texture": "#MypticCremes" },
				"east": { "uv": [ 4.96, 0.96, 7.04, 3.04 ], "texture": "#MypticCremes" }
			}
		},
		{
			"__comment": "Voxels-000000",
			"from": [ 0, 12, 14 ],
			"to": [ 1, 13, 15 ],
			"faces": {
				"down": { "uv": [ 8.96, 0.96, 11.04, 3.04 ], "texture": "#MypticCremes" },
				"up": { "uv": [ 8.96, 0.96, 11.04, 3.04 ], "texture": "#MypticCremes" },
				"north": { "uv": [ 8.96, 0.96, 11.04, 3.04 ], "texture": "#MypticCremes" },
				"south": { "uv": [ 8.96, 0.96, 11.04, 3.04 ], "texture": "#MypticCremes" },
				"west": { "uv": [ 8.96, 0.96, 11.04, 3.04 ], "texture": "#MypticCremes" },
				"east": { "uv": [ 8.96, 0.96, 11.04, 3.04 ], "texture": "#MypticCremes" }
			}
		},
		{
			"__comment": "Voxels-E3AB7E",
			"from": [ 0, 13, 14 ],
			"to": [ 6, 16, 15 ],
			"faces": {
				"down": { "uv": [ 4.96, 0.96, 7.04, 3.04 ], "texture": "#MypticCremes" },
				"up": { "uv": [ 4.96, 0.96, 7.04, 3.04 ], "texture": "#MypticCremes" },
				"north": { "uv": [ 4.96, 0.96, 7.04, 3.04 ], "texture": "#MypticCremes" },
				"south": { "uv": [ 4.96, 0.96, 7.04, 3.04 ], "texture": "#MypticCremes" },
				"west": { "uv": [ 4.96, 0.96, 7.04, 3.04 ], "texture": "#MypticCremes" },
				"east": { "uv": [ 4.96, 0.96, 7.04, 3.04 ], "texture": "#MypticCremes" }
			}
		},
		{
			"__comment": "Voxels-FFFFFF",
			"from": [ 1, 12, 14 ],
			"to": [ 2, 13, 15 ],
			"faces": {
				"down": { "uv": [ 12.96, 0.96, 15.04, 3.04 ], "texture": "#MypticCremes" },
				"up": { "uv": [ 12.96, 0.96, 15.04, 3.04 ], "texture": "#MypticCremes" },
				"north": { "uv": [ 12.96, 0.96, 15.04, 3.04 ], "texture": "#MypticCremes" },
				"south": { "uv": [ 12.96, 0.96, 15.04, 3.04 ], "texture": "#MypticCremes" },
				"west": { "uv": [ 12.96, 0.96, 15.04, 3.04 ], "texture": "#MypticCremes" },
				"east": { "uv": [ 12.96, 0.96, 15.04, 3.04 ], "texture": "#MypticCremes" }
			}
		},
		{
			"__comment": "Voxels-E3AB7E",
			"from": [ 2, 12, 14 ],
			"to": [ 9, 13, 15 ],
			"faces": {
				"down": { "uv": [ 4.96, 0.96, 7.04, 3.04 ], "texture": "#MypticCremes" },
				"up": { "uv": [ 4.96, 0.96, 7.04, 3.04 ], "texture": "#MypticCremes" },
				"north": { "uv": [ 4.96, 0.96, 7.04, 3.04 ], "texture": "#MypticCremes" },
				"south": { "uv": [ 4.96, 0.96, 7.04, 3.04 ], "texture": "#MypticCremes" },
				"west": { "uv": [ 4.96, 0.96, 7.04, 3.04 ], "texture": "#MypticCremes" },
				"east": { "uv": [ 4.96, 0.96, 7.04, 3.04 ], "texture": "#MypticCremes" }
			}
		},
		{
			"__comment": "Voxels-FFFFFF",
			"from": [ 6, 13, 14 ],
			"to": [ 7, 14, 15 ],
			"faces": {
				"down": { "uv": [ 12.96, 0.96, 15.04, 3.04 ], "texture": "#MypticCremes" },
				"up": { "uv": [ 12.96, 0.96, 15.04, 3.04 ], "texture": "#MypticCremes" },
				"north": { "uv": [ 12.96, 0.96, 15.04, 3.04 ], "texture": "#MypticCremes" },
				"south": { "uv": [ 12.96, 0.96, 15.04, 3.04 ], "texture": "#MypticCremes" },
				"west": { "uv": [ 12.96, 0.96, 15.04, 3.04 ], "texture": "#MypticCremes" },
				"east": { "uv": [ 12.96, 0.96, 15.04, 3.04 ], "texture": "#MypticCremes" }
			}
		},
		{
			"__comment": "Voxels-E3AB7E",
			"from": [ 6, 14, 14 ],
			"to": [ 8, 16, 15 ],
			"faces": {
				"down": { "uv": [ 4.96, 0.96, 7.04, 3.04 ], "texture": "#MypticCremes" },
				"up": { "uv": [ 4.96, 0.96, 7.04, 3.04 ], "texture": "#MypticCremes" },
				"north": { "uv": [ 4.96, 0.96, 7.04, 3.04 ], "texture": "#MypticCremes" },
				"south": { "uv": [ 4.96, 0.96, 7.04, 3.04 ], "texture": "#MypticCremes" },
				"west": { "uv": [ 4.96, 0.96, 7.04, 3.04 ], "texture": "#MypticCremes" },
				"east": { "uv": [ 4.96, 0.96, 7.04, 3.04 ], "texture": "#MypticCremes" }
			}
		},
		{
			"__comment": "Voxels-000000",
			"from": [ 7, 13, 14 ],
			"to": [ 8, 14, 15 ],
			"faces": {
				"down": { "uv": [ 8.96, 0.96, 11.04, 3.04 ], "texture": "#MypticCremes" },
				"up": { "uv": [ 8.96, 0.96, 11.04, 3.04 ], "texture": "#MypticCremes" },
				"north": { "uv": [ 8.96, 0.96, 11.04, 3.04 ], "texture": "#MypticCremes" },
				"south": { "uv": [ 8.96, 0.96, 11.04, 3.04 ], "texture": "#MypticCremes" },
				"west": { "uv": [ 8.96, 0.96, 11.04, 3.04 ], "texture": "#MypticCremes" },
				"east": { "uv": [ 8.96, 0.96, 11.04, 3.04 ], "texture": "#MypticCremes" }
			}
		},
		{
			"__comment": "Voxels-E3AB7E",
			"from": [ 8, 13, 14 ],
			"to": [ 9, 14, 15 ],
			"faces": {
				"down": { "uv": [ 4.96, 0.96, 7.04, 3.04 ], "texture": "#MypticCremes" },
				"up": { "uv": [ 4.96, 0.96, 7.04, 3.04 ], "texture": "#MypticCremes" },
				"north": { "uv": [ 4.96, 0.96, 7.04, 3.04 ], "texture": "#MypticCremes" },
				"south": { "uv": [ 4.96, 0.96, 7.04, 3.04 ], "texture": "#MypticCremes" },
				"west": { "uv": [ 4.96, 0.96, 7.04, 3.04 ], "texture": "#MypticCremes" },
				"east": { "uv": [ 4.96, 0.96, 7.04, 3.04 ], "texture": "#MypticCremes" }
			}
		},
		{
			"__comment": "Voxels-B82E00",
			"from": [ -1, 9, 4 ],
			"to": [ 0, 11, 5 ],
			"faces": {
				"down": { "uv": [ 4.96, 0.96, 7.04, 3.04 ], "texture": "#scarf" },
				"up": { "uv": [ 4.96, 0.96, 7.04, 3.04 ], "texture": "#scarf" },
				"north": { "uv": [ 4.96, 0.96, 7.04, 3.04 ], "texture": "#scarf" },
				"south": { "uv": [ 4.96, 0.96, 7.04, 3.04 ], "texture": "#scarf" },
				"west": { "uv": [ 4.96, 0.96, 7.04, 3.04 ], "texture": "#scarf" },
				"east": { "uv": [ 4.96, 0.96, 7.04, 3.04 ], "texture": "#scarf" }
			}
		},
		{
			"__comment": "Voxels-FF8000",
			"from": [ -1, 9, 5 ],
			"to": [ 0, 11, 6 ],
			"faces": {
				"down": { "uv": [ 8.96, 0.96, 11.04, 3.04 ], "texture": "#scarf" },
				"up": { "uv": [ 8.96, 0.96, 11.04, 3.04 ], "texture": "#scarf" },
				"north": { "uv": [ 8.96, 0.96, 11.04, 3.04 ], "texture": "#scarf" },
				"south": { "uv": [ 8.96, 0.96, 11.04, 3.04 ], "texture": "#scarf" },
				"west": { "uv": [ 8.96, 0.96, 11.04, 3.04 ], "texture": "#scarf" },
				"east": { "uv": [ 8.96, 0.96, 11.04, 3.04 ], "texture": "#scarf" }
			}
		},
		{
			"__comment": "Voxels-B82E00",
			"from": [ -1, 9, 6 ],
			"to": [ 8, 11, 7 ],
			"faces": {
				"down": { "uv": [ 4.96, 0.96, 7.04, 3.04 ], "texture": "#scarf" },
				"up": { "uv": [ 4.96, 0.96, 7.04, 3.04 ], "texture": "#scarf" },
				"north": { "uv": [ 4.96, 0.96, 7.04, 3.04 ], "texture": "#scarf" },
				"south": { "uv": [ 4.96, 0.96, 7.04, 3.04 ], "texture": "#scarf" },
				"west": { "uv": [ 4.96, 0.96, 7.04, 3.04 ], "texture": "#scarf" },
				"east": { "uv": [ 4.96, 0.96, 7.04, 3.04 ], "texture": "#scarf" }
			}
		},
		{
			"__comment": "Voxels-FF8000",
			"from": [ -1, 9, 7 ],
			"to": [ 0, 11, 8 ],
			"faces": {
				"down": { "uv": [ 8.96, 0.96, 11.04, 3.04 ], "texture": "#scarf" },
				"up": { "uv": [ 8.96, 0.96, 11.04, 3.04 ], "texture": "#scarf" },
				"north": { "uv": [ 8.96, 0.96, 11.04, 3.04 ], "texture": "#scarf" },
				"south": { "uv": [ 8.96, 0.96, 11.04, 3.04 ], "texture": "#scarf" },
				"west": { "uv": [ 8.96, 0.96, 11.04, 3.04 ], "texture": "#scarf" },
				"east": { "uv": [ 8.96, 0.96, 11.04, 3.04 ], "texture": "#scarf" }
			}
		},
		{
			"__comment": "Voxels-B82E00",
			"from": [ -1, 9, 8 ],
			"to": [ 8, 11, 9 ],
			"faces": {
				"down": { "uv": [ 4.96, 0.96, 7.04, 3.04 ], "texture": "#scarf" },
				"up": { "uv": [ 4.96, 0.96, 7.04, 3.04 ], "texture": "#scarf" },
				"north": { "uv": [ 4.96, 0.96, 7.04, 3.04 ], "texture": "#scarf" },
				"south": { "uv": [ 4.96, 0.96, 7.04, 3.04 ], "texture": "#scarf" },
				"west": { "uv": [ 4.96, 0.96, 7.04, 3.04 ], "texture": "#scarf" },
				"east": { "uv": [ 4.96, 0.96, 7.04, 3.04 ], "texture": "#scarf" }
			}
		},
		{
			"__comment": "Voxels-FF8000",
			"from": [ -1, 9, 9 ],
			"to": [ 0, 11, 10 ],
			"faces": {
				"down": { "uv": [ 8.96, 0.96, 11.04, 3.04 ], "texture": "#scarf" },
				"up": { "uv": [ 8.96, 0.96, 11.04, 3.04 ], "texture": "#scarf" },
				"north": { "uv": [ 8.96, 0.96, 11.04, 3.04 ], "texture": "#scarf" },
				"south": { "uv": [ 8.96, 0.96, 11.04, 3.04 ], "texture": "#scarf" },
				"west": { "uv": [ 8.96, 0.96, 11.04, 3.04 ], "texture": "#scarf" },
				"east": { "uv": [ 8.96, 0.96, 11.04, 3.04 ], "texture": "#scarf" }
			}
		},
		{
			"__comment": "Voxels-B82E00",
			"from": [ -1, 9, 10 ],
			"to": [ 8, 11, 11 ],
			"faces": {
				"down": { "uv": [ 4.96, 0.96, 7.04, 3.04 ], "texture": "#scarf" },
				"up": { "uv": [ 4.96, 0.96, 7.04, 3.04 ], "texture": "#scarf" },
				"north": { "uv": [ 4.96, 0.96, 7.04, 3.04 ], "texture": "#scarf" },
				"south": { "uv": [ 4.96, 0.96, 7.04, 3.04 ], "texture": "#scarf" },
				"west": { "uv": [ 4.96, 0.96, 7.04, 3.04 ], "texture": "#scarf" },
				"east": { "uv": [ 4.96, 0.96, 7.04, 3.04 ], "texture": "#scarf" }
			}
		},
		{
			"__comment": "Voxels-FF8000",
			"from": [ -1, 9, 11 ],
			"to": [ 0, 11, 12 ],
			"faces": {
				"down": { "uv": [ 8.96, 0.96, 11.04, 3.04 ], "texture": "#scarf" },
				"up": { "uv": [ 8.96, 0.96, 11.04, 3.04 ], "texture": "#scarf" },
				"north": { "uv": [ 8.96, 0.96, 11.04, 3.04 ], "texture": "#scarf" },
				"south": { "uv": [ 8.96, 0.96, 11.04, 3.04 ], "texture": "#scarf" },
				"west": { "uv": [ 8.96, 0.96, 11.04, 3.04 ], "texture": "#scarf" },
				"east": { "uv": [ 8.96, 0.96, 11.04, 3.04 ], "texture": "#scarf" }
			}
		},
		{
			"__comment": "Voxels-B82E00",
			"from": [ -1, 9, 12 ],
			"to": [ 8, 11, 13 ],
			"faces": {
				"down": { "uv": [ 4.96, 0.96, 7.04, 3.04 ], "texture": "#scarf" },
				"up": { "uv": [ 4.96, 0.96, 7.04, 3.04 ], "texture": "#scarf" },
				"north": { "uv": [ 4.96, 0.96, 7.04, 3.04 ], "texture": "#scarf" },
				"south": { "uv": [ 4.96, 0.96, 7.04, 3.04 ], "texture": "#scarf" },
				"west": { "uv": [ 4.96, 0.96, 7.04, 3.04 ], "texture": "#scarf" },
				"east": { "uv": [ 4.96, 0.96, 7.04, 3.04 ], "texture": "#scarf" }
			}
		},
		{
			"__comment": "Voxels-FF8000",
			"from": [ -1, 9, 13 ],
			"to": [ 0, 11, 14 ],
			"faces": {
				"down": { "uv": [ 8.96, 0.96, 11.04, 3.04 ], "texture": "#scarf" },
				"up": { "uv": [ 8.96, 0.96, 11.04, 3.04 ], "texture": "#scarf" },
				"north": { "uv": [ 8.96, 0.96, 11.04, 3.04 ], "texture": "#scarf" },
				"south": { "uv": [ 8.96, 0.96, 11.04, 3.04 ], "texture": "#scarf" },
				"west": { "uv": [ 8.96, 0.96, 11.04, 3.04 ], "texture": "#scarf" },
				"east": { "uv": [ 8.96, 0.96, 11.04, 3.04 ], "texture": "#scarf" }
			}
		},
		{
			"__comment": "Voxels-B82E00",
			"from": [ -1, 9, 14 ],
			"to": [ 0, 11, 15 ],
			"faces": {
				"down": { "uv": [ 4.96, 0.96, 7.04, 3.04 ], "texture": "#scarf" },
				"up": { "uv": [ 4.96, 0.96, 7.04, 3.04 ], "texture": "#scarf" },
				"north": { "uv": [ 4.96, 0.96, 7.04, 3.04 ], "texture": "#scarf" },
				"south": { "uv": [ 4.96, 0.96, 7.04, 3.04 ], "texture": "#scarf" },
				"west": { "uv": [ 4.96, 0.96, 7.04, 3.04 ], "texture": "#scarf" },
				"east": { "uv": [ 4.96, 0.96, 7.04, 3.04 ], "texture": "#scarf" }
			}
		},
		{
			"__comment": "Voxels-FF8000",
			"from": [ 0, 9, 4 ],
			"to": [ 1, 11, 5 ],
			"faces": {
				"down": { "uv": [ 8.96, 0.96, 11.04, 3.04 ], "texture": "#scarf" },
				"up": { "uv": [ 8.96, 0.96, 11.04, 3.04 ], "texture": "#scarf" },
				"north": { "uv": [ 8.96, 0.96, 11.04, 3.04 ], "texture": "#scarf" },
				"south": { "uv": [ 8.96, 0.96, 11.04, 3.04 ], "texture": "#scarf" },
				"west": { "uv": [ 8.96, 0.96, 11.04, 3.04 ], "texture": "#scarf" },
				"east": { "uv": [ 8.96, 0.96, 11.04, 3.04 ], "texture": "#scarf" }
			}
		},
		{
			"__comment": "Voxels-B82E00",
			"from": [ 0, 9, 5 ],
			"to": [ 9, 11, 6 ],
			"faces": {
				"down": { "uv": [ 4.96, 0.96, 7.04, 3.04 ], "texture": "#scarf" },
				"up": { "uv": [ 4.96, 0.96, 7.04, 3.04 ], "texture": "#scarf" },
				"north": { "uv": [ 4.96, 0.96, 7.04, 3.04 ], "texture": "#scarf" },
				"south": { "uv": [ 4.96, 0.96, 7.04, 3.04 ], "texture": "#scarf" },
				"west": { "uv": [ 4.96, 0.96, 7.04, 3.04 ], "texture": "#scarf" },
				"east": { "uv": [ 4.96, 0.96, 7.04, 3.04 ], "texture": "#scarf" }
			}
		},
		{
			"__comment": "Voxels-B82E00",
			"from": [ 0, 9, 7 ],
			"to": [ 9, 11, 8 ],
			"faces": {
				"down": { "uv": [ 4.96, 0.96, 7.04, 3.04 ], "texture": "#scarf" },
				"up": { "uv": [ 4.96, 0.96, 7.04, 3.04 ], "texture": "#scarf" },
				"north": { "uv": [ 4.96, 0.96, 7.04, 3.04 ], "texture": "#scarf" },
				"south": { "uv": [ 4.96, 0.96, 7.04, 3.04 ], "texture": "#scarf" },
				"west": { "uv": [ 4.96, 0.96, 7.04, 3.04 ], "texture": "#scarf" },
				"east": { "uv": [ 4.96, 0.96, 7.04, 3.04 ], "texture": "#scarf" }
			}
		},
		{
			"__comment": "Voxels-B82E00",
			"from": [ 0, 9, 9 ],
			"to": [ 9, 11, 10 ],
			"faces": {
				"down": { "uv": [ 4.96, 0.96, 7.04, 3.04 ], "texture": "#scarf" },
				"up": { "uv": [ 4.96, 0.96, 7.04, 3.04 ], "texture": "#scarf" },
				"north": { "uv": [ 4.96, 0.96, 7.04, 3.04 ], "texture": "#scarf" },
				"south": { "uv": [ 4.96, 0.96, 7.04, 3.04 ], "texture": "#scarf" },
				"west": { "uv": [ 4.96, 0.96, 7.04, 3.04 ], "texture": "#scarf" },
				"east": { "uv": [ 4.96, 0.96, 7.04, 3.04 ], "texture": "#scarf" }
			}
		},
		{
			"__comment": "Voxels-B82E00",
			"from": [ 0, 9, 11 ],
			"to": [ 9, 11, 12 ],
			"faces": {
				"down": { "uv": [ 4.96, 0.96, 7.04, 3.04 ], "texture": "#scarf" },
				"up": { "uv": [ 4.96, 0.96, 7.04, 3.04 ], "texture": "#scarf" },
				"north": { "uv": [ 4.96, 0.96, 7.04, 3.04 ], "texture": "#scarf" },
				"south": { "uv": [ 4.96, 0.96, 7.04, 3.04 ], "texture": "#scarf" },
				"west": { "uv": [ 4.96, 0.96, 7.04, 3.04 ], "texture": "#scarf" },
				"east": { "uv": [ 4.96, 0.96, 7.04, 3.04 ], "texture": "#scarf" }
			}
		},
		{
			"__comment": "Voxels-B82E00",
			"from": [ 0, 9, 13 ],
			"to": [ 9, 11, 14 ],
			"faces": {
				"down": { "uv": [ 4.96, 0.96, 7.04, 3.04 ], "texture": "#scarf" },
				"up": { "uv": [ 4.96, 0.96, 7.04, 3.04 ], "texture": "#scarf" },
				"north": { "uv": [ 4.96, 0.96, 7.04, 3.04 ], "texture": "#scarf" },
				"south": { "uv": [ 4.96, 0.96, 7.04, 3.04 ], "texture": "#scarf" },
				"west": { "uv": [ 4.96, 0.96, 7.04, 3.04 ], "texture": "#scarf" },
				"east": { "uv": [ 4.96, 0.96, 7.04, 3.04 ], "texture": "#scarf" }
			}
		},
		{
			"__comment": "Voxels-FF8000",
			"from": [ 0, 9, 14 ],
			"to": [ 1, 11, 15 ],
			"faces": {
				"down": { "uv": [ 8.96, 0.96, 11.04, 3.04 ], "texture": "#scarf" },
				"up": { "uv": [ 8.96, 0.96, 11.04, 3.04 ], "texture": "#scarf" },
				"north": { "uv": [ 8.96, 0.96, 11.04, 3.04 ], "texture": "#scarf" },
				"south": { "uv": [ 8.96, 0.96, 11.04, 3.04 ], "texture": "#scarf" },
				"west": { "uv": [ 8.96, 0.96, 11.04, 3.04 ], "texture": "#scarf" },
				"east": { "uv": [ 8.96, 0.96, 11.04, 3.04 ], "texture": "#scarf" }
			}
		},
		{
			"__comment": "Voxels-B82E00",
			"from": [ 1, 9, 4 ],
			"to": [ 2, 11, 5 ],
			"faces": {
				"down": { "uv": [ 4.96, 0.96, 7.04, 3.04 ], "texture": "#scarf" },
				"up": { "uv": [ 4.96, 0.96, 7.04, 3.04 ], "texture": "#scarf" },
				"north": { "uv": [ 4.96, 0.96, 7.04, 3.04 ], "texture": "#scarf" },
				"south": { "uv": [ 4.96, 0.96, 7.04, 3.04 ], "texture": "#scarf" },
				"west": { "uv": [ 4.96, 0.96, 7.04, 3.04 ], "texture": "#scarf" },
				"east": { "uv": [ 4.96, 0.96, 7.04, 3.04 ], "texture": "#scarf" }
			}
		},
		{
			"__comment": "Voxels-B82E00",
			"from": [ 1, 9, 14 ],
			"to": [ 2, 11, 15 ],
			"faces": {
				"down": { "uv": [ 4.96, 0.96, 7.04, 3.04 ], "texture": "#scarf" },
				"up": { "uv": [ 4.96, 0.96, 7.04, 3.04 ], "texture": "#scarf" },
				"north": { "uv": [ 4.96, 0.96, 7.04, 3.04 ], "texture": "#scarf" },
				"south": { "uv": [ 4.96, 0.96, 7.04, 3.04 ], "texture": "#scarf" },
				"west": { "uv": [ 4.96, 0.96, 7.04, 3.04 ], "texture": "#scarf" },
				"east": { "uv": [ 4.96, 0.96, 7.04, 3.04 ], "texture": "#scarf" }
			}
		},
		{
			"__comment": "Voxels-FF8000",
			"from": [ 2, 9, 4 ],
			"to": [ 3, 11, 5 ],
			"faces": {
				"down": { "uv": [ 8.96, 0.96, 11.04, 3.04 ], "texture": "#scarf" },
				"up": { "uv": [ 8.96, 0.96, 11.04, 3.04 ], "texture": "#scarf" },
				"north": { "uv": [ 8.96, 0.96, 11.04, 3.04 ], "texture": "#scarf" },
				"south": { "uv": [ 8.96, 0.96, 11.04, 3.04 ], "texture": "#scarf" },
				"west": { "uv": [ 8.96, 0.96, 11.04, 3.04 ], "texture": "#scarf" },
				"east": { "uv": [ 8.96, 0.96, 11.04, 3.04 ], "texture": "#scarf" }
			}
		},
		{
			"__comment": "Voxels-FF8000",
			"from": [ 2, 9, 14 ],
			"to": [ 3, 11, 15 ],
			"faces": {
				"down": { "uv": [ 8.96, 0.96, 11.04, 3.04 ], "texture": "#scarf" },
				"up": { "uv": [ 8.96, 0.96, 11.04, 3.04 ], "texture": "#scarf" },
				"north": { "uv": [ 8.96, 0.96, 11.04, 3.04 ], "texture": "#scarf" },
				"south": { "uv": [ 8.96, 0.96, 11.04, 3.04 ], "texture": "#scarf" },
				"west": { "uv": [ 8.96, 0.96, 11.04, 3.04 ], "texture": "#scarf" },
				"east": { "uv": [ 8.96, 0.96, 11.04, 3.04 ], "texture": "#scarf" }
			}
		},
		{
			"__comment": "Voxels-B82E00",
			"from": [ 3, 9, 4 ],
			"to": [ 4, 11, 5 ],
			"faces": {
				"down": { "uv": [ 4.96, 0.96, 7.04, 3.04 ], "texture": "#scarf" },
				"up": { "uv": [ 4.96, 0.96, 7.04, 3.04 ], "texture": "#scarf" },
				"north": { "uv": [ 4.96, 0.96, 7.04, 3.04 ], "texture": "#scarf" },
				"south": { "uv": [ 4.96, 0.96, 7.04, 3.04 ], "texture": "#scarf" },
				"west": { "uv": [ 4.96, 0.96, 7.04, 3.04 ], "texture": "#scarf" },
				"east": { "uv": [ 4.96, 0.96, 7.04, 3.04 ], "texture": "#scarf" }
			}
		},
		{
			"__comment": "Voxels-B82E00",
			"from": [ 3, 9, 14 ],
			"to": [ 4, 11, 15 ],
			"faces": {
				"down": { "uv": [ 4.96, 0.96, 7.04, 3.04 ], "texture": "#scarf" },
				"up": { "uv": [ 4.96, 0.96, 7.04, 3.04 ], "texture": "#scarf" },
				"north": { "uv": [ 4.96, 0.96, 7.04, 3.04 ], "texture": "#scarf" },
				"south": { "uv": [ 4.96, 0.96, 7.04, 3.04 ], "texture": "#scarf" },
				"west": { "uv": [ 4.96, 0.96, 7.04, 3.04 ], "texture": "#scarf" },
				"east": { "uv": [ 4.96, 0.96, 7.04, 3.04 ], "texture": "#scarf" }
			}
		},
		{
			"__comment": "Voxels-FF8000",
			"from": [ 4, 9, 4 ],
			"to": [ 5, 11, 5 ],
			"faces": {
				"down": { "uv": [ 8.96, 0.96, 11.04, 3.04 ], "texture": "#scarf" },
				"up": { "uv": [ 8.96, 0.96, 11.04, 3.04 ], "texture": "#scarf" },
				"north": { "uv": [ 8.96, 0.96, 11.04, 3.04 ], "texture": "#scarf" },
				"south": { "uv": [ 8.96, 0.96, 11.04, 3.04 ], "texture": "#scarf" },
				"west": { "uv": [ 8.96, 0.96, 11.04, 3.04 ], "texture": "#scarf" },
				"east": { "uv": [ 8.96, 0.96, 11.04, 3.04 ], "texture": "#scarf" }
			}
		},
		{
			"__comment": "Voxels-FF8000",
			"from": [ 4, 9, 14 ],
			"to": [ 5, 11, 15 ],
			"faces": {
				"down": { "uv": [ 8.96, 0.96, 11.04, 3.04 ], "texture": "#scarf" },
				"up": { "uv": [ 8.96, 0.96, 11.04, 3.04 ], "texture": "#scarf" },
				"north": { "uv": [ 8.96, 0.96, 11.04, 3.04 ], "texture": "#scarf" },
				"south": { "uv": [ 8.96, 0.96, 11.04, 3.04 ], "texture": "#scarf" },
				"west": { "uv": [ 8.96, 0.96, 11.04, 3.04 ], "texture": "#scarf" },
				"east": { "uv": [ 8.96, 0.96, 11.04, 3.04 ], "texture": "#scarf" }
			}
		},
		{
			"__comment": "Voxels-B82E00",
			"from": [ 5, 9, 4 ],
			"to": [ 6, 11, 5 ],
			"faces": {
				"down": { "uv": [ 4.96, 0.96, 7.04, 3.04 ], "texture": "#scarf" },
				"up": { "uv": [ 4.96, 0.96, 7.04, 3.04 ], "texture": "#scarf" },
				"north": { "uv": [ 4.96, 0.96, 7.04, 3.04 ], "texture": "#scarf" },
				"south": { "uv": [ 4.96, 0.96, 7.04, 3.04 ], "texture": "#scarf" },
				"west": { "uv": [ 4.96, 0.96, 7.04, 3.04 ], "texture": "#scarf" },
				"east": { "uv": [ 4.96, 0.96, 7.04, 3.04 ], "texture": "#scarf" }
			}
		},
		{
			"__comment": "Voxels-B82E00",
			"from": [ 5, 9, 14 ],
			"to": [ 6, 11, 15 ],
			"faces": {
				"down": { "uv": [ 4.96, 0.96, 7.04, 3.04 ], "texture": "#scarf" },
				"up": { "uv": [ 4.96, 0.96, 7.04, 3.04 ], "texture": "#scarf" },
				"north": { "uv": [ 4.96, 0.96, 7.04, 3.04 ], "texture": "#scarf" },
				"south": { "uv": [ 4.96, 0.96, 7.04, 3.04 ], "texture": "#scarf" },
				"west": { "uv": [ 4.96, 0.96, 7.04, 3.04 ], "texture": "#scarf" },
				"east": { "uv": [ 4.96, 0.96, 7.04, 3.04 ], "texture": "#scarf" }
			}
		},
		{
			"__comment": "Voxels-FF8000",
			"from": [ 6, 9, 4 ],
			"to": [ 7, 11, 5 ],
			"faces": {
				"down": { "uv": [ 8.96, 0.96, 11.04, 3.04 ], "texture": "#scarf" },
				"up": { "uv": [ 8.96, 0.96, 11.04, 3.04 ], "texture": "#scarf" },
				"north": { "uv": [ 8.96, 0.96, 11.04, 3.04 ], "texture": "#scarf" },
				"south": { "uv": [ 8.96, 0.96, 11.04, 3.04 ], "texture": "#scarf" },
				"west": { "uv": [ 8.96, 0.96, 11.04, 3.04 ], "texture": "#scarf" },
				"east": { "uv": [ 8.96, 0.96, 11.04, 3.04 ], "texture": "#scarf" }
			}
		},
		{
			"__comment": "Voxels-FF8000",
			"from": [ 6, 9, 14 ],
			"to": [ 7, 11, 15 ],
			"faces": {
				"down": { "uv": [ 8.96, 0.96, 11.04, 3.04 ], "texture": "#scarf" },
				"up": { "uv": [ 8.96, 0.96, 11.04, 3.04 ], "texture": "#scarf" },
				"north": { "uv": [ 8.96, 0.96, 11.04, 3.04 ], "texture": "#scarf" },
				"south": { "uv": [ 8.96, 0.96, 11.04, 3.04 ], "texture": "#scarf" },
				"west": { "uv": [ 8.96, 0.96, 11.04, 3.04 ], "texture": "#scarf" },
				"east": { "uv": [ 8.96, 0.96, 11.04, 3.04 ], "texture": "#scarf" }
			}
		},
		{
			"__comment": "Voxels-B82E00",
			"from": [ 7, 9, 4 ],
			"to": [ 8, 11, 5 ],
			"faces": {
				"down": { "uv": [ 4.96, 0.96, 7.04, 3.04 ], "texture": "#scarf" },
				"up": { "uv": [ 4.96, 0.96, 7.04, 3.04 ], "texture": "#scarf" },
				"north": { "uv": [ 4.96, 0.96, 7.04, 3.04 ], "texture": "#scarf" },
				"south": { "uv": [ 4.96, 0.96, 7.04, 3.04 ], "texture": "#scarf" },
				"west": { "uv": [ 4.96, 0.96, 7.04, 3.04 ], "texture": "#scarf" },
				"east": { "uv": [ 4.96, 0.96, 7.04, 3.04 ], "texture": "#scarf" }
			}
		},
		{
			"__comment": "Voxels-B82E00",
			"from": [ 7, 9, 14 ],
			"to": [ 8, 11, 15 ],
			"faces": {
				"down": { "uv": [ 4.96, 0.96, 7.04, 3.04 ], "texture": "#scarf" },
				"up": { "uv": [ 4.96, 0.96, 7.04, 3.04 ], "texture": "#scarf" },
				"north": { "uv": [ 4.96, 0.96, 7.04, 3.04 ], "texture": "#scarf" },
				"south": { "uv": [ 4.96, 0.96, 7.04, 3.04 ], "texture": "#scarf" },
				"west": { "uv": [ 4.96, 0.96, 7.04, 3.04 ], "texture": "#scarf" },
				"east": { "uv": [ 4.96, 0.96, 7.04, 3.04 ], "texture": "#scarf" }
			}
		},
		{
			"__comment": "Voxels-FF8000",
			"from": [ 8, 9, 4 ],
			"to": [ 9, 11, 5 ],
			"faces": {
				"down": { "uv": [ 8.96, 0.96, 11.04, 3.04 ], "texture": "#scarf" },
				"up": { "uv": [ 8.96, 0.96, 11.04, 3.04 ], "texture": "#scarf" },
				"north": { "uv": [ 8.96, 0.96, 11.04, 3.04 ], "texture": "#scarf" },
				"south": { "uv": [ 8.96, 0.96, 11.04, 3.04 ], "texture": "#scarf" },
				"west": { "uv": [ 8.96, 0.96, 11.04, 3.04 ], "texture": "#scarf" },
				"east": { "uv": [ 8.96, 0.96, 11.04, 3.04 ], "texture": "#scarf" }
			}
		},
		{
			"__comment": "Voxels-FF8000",
			"from": [ 8, 9, 6 ],
			"to": [ 9, 11, 7 ],
			"faces": {
				"down": { "uv": [ 8.96, 0.96, 11.04, 3.04 ], "texture": "#scarf" },
				"up": { "uv": [ 8.96, 0.96, 11.04, 3.04 ], "texture": "#scarf" },
				"north": { "uv": [ 8.96, 0.96, 11.04, 3.04 ], "texture": "#scarf" },
				"south": { "uv": [ 8.96, 0.96, 11.04, 3.04 ], "texture": "#scarf" },
				"west": { "uv": [ 8.96, 0.96, 11.04, 3.04 ], "texture": "#scarf" },
				"east": { "uv": [ 8.96, 0.96, 11.04, 3.04 ], "texture": "#scarf" }
			}
		},
		{
			"__comment": "Voxels-FF8000",
			"from": [ 8, 9, 8 ],
			"to": [ 9, 11, 9 ],
			"faces": {
				"down": { "uv": [ 8.96, 0.96, 11.04, 3.04 ], "texture": "#scarf" },
				"up": { "uv": [ 8.96, 0.96, 11.04, 3.04 ], "texture": "#scarf" },
				"north": { "uv": [ 8.96, 0.96, 11.04, 3.04 ], "texture": "#scarf" },
				"south": { "uv": [ 8.96, 0.96, 11.04, 3.04 ], "texture": "#scarf" },
				"west": { "uv": [ 8.96, 0.96, 11.04, 3.04 ], "texture": "#scarf" },
				"east": { "uv": [ 8.96, 0.96, 11.04, 3.04 ], "texture": "#scarf" }
			}
		},
		{
			"__comment": "Voxels-FF8000",
			"from": [ 8, 9, 10 ],
			"to": [ 9, 11, 11 ],
			"faces": {
				"down": { "uv": [ 8.96, 0.96, 11.04, 3.04 ], "texture": "#scarf" },
				"up": { "uv": [ 8.96, 0.96, 11.04, 3.04 ], "texture": "#scarf" },
				"north": { "uv": [ 8.96, 0.96, 11.04, 3.04 ], "texture": "#scarf" },
				"south": { "uv": [ 8.96, 0.96, 11.04, 3.04 ], "texture": "#scarf" },
				"west": { "uv": [ 8.96, 0.96, 11.04, 3.04 ], "texture": "#scarf" },
				"east": { "uv": [ 8.96, 0.96, 11.04, 3.04 ], "texture": "#scarf" }
			}
		},
		{
			"__comment": "Voxels-FF8000",
			"from": [ 8, 9, 12 ],
			"to": [ 9, 11, 13 ],
			"faces": {
				"down": { "uv": [ 8.96, 0.96, 11.04, 3.04 ], "texture": "#scarf" },
				"up": { "uv": [ 8.96, 0.96, 11.04, 3.04 ], "texture": "#scarf" },
				"north": { "uv": [ 8.96, 0.96, 11.04, 3.04 ], "texture": "#scarf" },
				"south": { "uv": [ 8.96, 0.96, 11.04, 3.04 ], "texture": "#scarf" },
				"west": { "uv": [ 8.96, 0.96, 11.04, 3.04 ], "texture": "#scarf" },
				"east": { "uv": [ 8.96, 0.96, 11.04, 3.04 ], "texture": "#scarf" }
			}
		},
		{
			"__comment": "Voxels-FF8000",
			"from": [ 8, 9, 14 ],
			"to": [ 9, 11, 15 ],
			"faces": {
				"down": { "uv": [ 8.96, 0.96, 11.04, 3.04 ], "texture": "#scarf" },
				"up": { "uv": [ 8.96, 0.96, 11.04, 3.04 ], "texture": "#scarf" },
				"north": { "uv": [ 8.96, 0.96, 11.04, 3.04 ], "texture": "#scarf" },
				"south": { "uv": [ 8.96, 0.96, 11.04, 3.04 ], "texture": "#scarf" },
				"west": { "uv": [ 8.96, 0.96, 11.04, 3.04 ], "texture": "#scarf" },
				"east": { "uv": [ 8.96, 0.96, 11.04, 3.04 ], "texture": "#scarf" }
			}
		}
	],
	"display": {
		"head": {
			"rotation":  [ 0, 180, 0 ],
			"translation":  [ -4.017, -4.866, 1.3921 ],
			"scale":  [ 1.939, 2.0781, 1.6259 ]
		}
	}
}