{
	"__comment": "Designed by Cryptic with Cubik Studio - https://cubik.studio",
	"textures": {
		"texture1": "items/sword_blade",
		"texture2": "items/sword_bottom_handle",
		"texture3": "items/sword_hilt",
		"texture4": "items/sword_hilt_wrap",
		"texture5": "items/inside_sword"
	},
	"elements": [ 	 
		{
			"__comment": "Box3",
			"from": [ 5.5, -7, 8 ],
			"to": [ 6, -5.5, 9 ],
			"faces": {
				"down": { "uv": [ 5.5, 7, 6, 8 ], "texture": "#texture2" },
				"up": { "uv": [ 5.5, 8, 6, 9 ], "texture": "#texture2" },
				"north": { "uv": [ 10, 5.5, 10.5, 7 ], "texture": "#texture2" },
				"south": { "uv": [ 5.5, 5.5, 6, 7 ], "texture": "#texture2" },
				"west": { "uv": [ 8, 5.5, 9, 7 ], "texture": "#texture2" },
				"east": { "uv": [ 7, 5.5, 8, 7 ], "texture": "#texture2" }
			}
		},
		{
			"__comment": "Box3",
			"from": [ 8, -7, 8 ],
			"to": [ 8.5, -5.5, 9 ],
			"faces": {
				"down": { "uv": [ 3, 7, 3.5, 8 ], "texture": "#texture2" },
				"up": { "uv": [ 3, 8, 3.5, 9 ], "texture": "#texture2" },
				"north": { "uv": [ 12.5, 13, 13, 14.5 ], "texture": "#texture2" },
				"south": { "uv": [ 3, 13, 3.5, 14.5 ], "texture": "#texture2" },
				"west": { "uv": [ 8, 13, 9, 14.5 ], "texture": "#texture2" },
				"east": { "uv": [ 7, 13, 8, 14.5 ], "texture": "#texture2" }
			}
		},
		{
			"__comment": "Box3",
			"from": [ 5.203, -5.7313, 8 ],
			"to": [ 5.703, -4.7313, 9 ],
			"rotation": { "origin": [ 5.5, -6, 8 ], "axis": "z", "angle": -45 },
			"faces": {
				"down": { "uv": [ 5.5, 7, 6, 8 ], "texture": "#texture2" },
				"up": { "uv": [ 5.5, 8, 6, 9 ], "texture": "#texture2" },
				"north": { "uv": [ 10, 5.5, 10.5, 7 ], "texture": "#texture2" },
				"south": { "uv": [ 5.5, 5.5, 6, 7 ], "texture": "#texture2" },
				"west": { "uv": [ 8, 5.5, 9, 7 ], "texture": "#texture2" },
				"east": { "uv": [ 7, 5.5, 8, 7 ], "texture": "#texture2" }
			}
		},
		{
			"__comment": "Box3",
			"from": [ 8.337399, -5.7384, 8 ],
			"to": [ 8.837399, -4.7384, 9 ],
			"rotation": { "origin": [ 8.5, -6, 8 ], "axis": "z", "angle": 45 },
			"faces": {
				"down": { "uv": [ 5.5, 7, 6, 8 ], "texture": "#texture2" },
				"up": { "uv": [ 5.5, 8, 6, 9 ], "texture": "#texture2" },
				"north": { "uv": [ 10, 5.5, 10.5, 7 ], "texture": "#texture2" },
				"south": { "uv": [ 5.5, 5.5, 6, 7 ], "texture": "#texture2" },
				"west": { "uv": [ 8, 5.5, 9, 7 ], "texture": "#texture2" },
				"east": { "uv": [ 7, 5.5, 8, 7 ], "texture": "#texture2" }
			}
		},
		{
			"__comment": "Box7",
			"from": [ 6, -5.5, 8 ],
			"to": [ 8, -4.9, 9 ],
			"faces": {
				"down": { "uv": [ 6, 7, 8, 8 ], "texture": "#texture2" },
				"up": { "uv": [ 6, 8, 8, 9 ], "texture": "#texture2" },
				"north": { "uv": [ 8, 4.9, 10, 5.5 ], "texture": "#texture2" },
				"south": { "uv": [ 6, 4.9, 8, 5.5 ], "texture": "#texture2" },
				"west": { "uv": [ 8, 4.9, 9, 5.5 ], "texture": "#texture2" },
				"east": { "uv": [ 7, 4.9, 8, 5.5 ], "texture": "#texture2" }
			}
		},
		{
			"__comment": "Box7",
			"from": [ 6, -7.7, 8 ],
			"to": [ 8, -7.1, 9 ],
			"faces": {
				"down": { "uv": [ 6, 7, 8, 8 ], "texture": "#texture2" },
				"up": { "uv": [ 6, 8, 8, 9 ], "texture": "#texture2" },
				"north": { "uv": [ 8, 4.9, 10, 5.5 ], "texture": "#texture2" },
				"south": { "uv": [ 6, 4.9, 8, 5.5 ], "texture": "#texture2" },
				"west": { "uv": [ 8, 4.9, 9, 5.5 ], "texture": "#texture2" },
				"east": { "uv": [ 7, 4.9, 8, 5.5 ], "texture": "#texture2" }
			}
		},
		{
			"__comment": "Box3",
			"from": [ 5.1626, -7.7616, 8 ],
			"to": [ 5.6626, -6.7616, 9 ],
			"rotation": { "origin": [ 5.5, -6.5, 8 ], "axis": "z", "angle": 45 },
			"faces": {
				"down": { "uv": [ 5.5, 8, 6, 9 ], "texture": "#texture2", "rotation": 180 },
				"up": { "uv": [ 5.5, 7, 6, 8 ], "texture": "#texture2", "rotation": 180 },
				"north": { "uv": [ 10.5, 7, 10, 5.5 ], "texture": "#texture2" },
				"south": { "uv": [ 6, 7, 5.5, 5.5 ], "texture": "#texture2" },
				"west": { "uv": [ 7, 5.5, 8, 7 ], "texture": "#texture2", "rotation": 180 },
				"east": { "uv": [ 8, 5.5, 9, 7 ], "texture": "#texture2", "rotation": 180 }
			}
		},
		{
			"__comment": "Box3",
			"from": [ 7.948, -8.047, 8 ],
			"to": [ 8.448, -7.047, 9 ],
			"rotation": { "origin": [ 8.5, -7, 8 ], "axis": "z", "angle": -45 },
			"faces": {
				"down": { "uv": [ 5.5, 8, 6, 9 ], "texture": "#texture2", "rotation": 180 },
				"up": { "uv": [ 5.5, 7, 6, 8 ], "texture": "#texture2", "rotation": 180 },
				"north": { "uv": [ 10.5, 7, 10, 5.5 ], "texture": "#texture2" },
				"south": { "uv": [ 6, 7, 5.5, 5.5 ], "texture": "#texture2" },
				"west": { "uv": [ 7, 5.5, 8, 7 ], "texture": "#texture2", "rotation": 180 },
				"east": { "uv": [ 8, 5.5, 9, 7 ], "texture": "#texture2", "rotation": 180 }
			}
		},
		{
			"__comment": "Box11",
			"from": [ 6, -4.875, 7.8 ],
			"to": [ 8, 2.625, 9.299999 ],
			"faces": {
				"down": { "uv": [ 6, 6.7, 8, 8.2 ], "texture": "#texture3" },
				"up": { "uv": [ 6, 7.8, 8, 9.3 ], "texture": "#texture3" },
				"north": { "uv": [ 8, 13.375, 10, 16 ], "texture": "#texture3" },
				"south": { "uv": [ 6, 13.375, 8, 16 ], "texture": "#texture3" },
				"west": { "uv": [ 7.8, 13.375, 9.3, 16 ], "texture": "#texture3" },
				"east": { "uv": [ 6.7, 13.375, 8.2, 16 ], "texture": "#texture3" }
			}
		},
		{
			"__comment": "Box10",
			"from": [ 6, -7.5, 8.5 ],
			"to": [ 8, -5.5, 8.501 ],
			"faces": {
				"down": { "uv": [ 4.5, 6, 10, 11.5 ], "texture": "#texture5" },
				"up": { "uv": [ 4.5, 6, 10, 11.5 ], "texture": "#texture5" },
				"north": { "uv": [ 4.5, 6, 10, 11.5 ], "texture": "#texture5" },
				"south": { "uv": [ 4.5, 6, 10, 11.5 ], "texture": "#texture5" },
				"west": { "uv": [ 4.5, 6, 10, 11.5 ], "texture": "#texture5" },
				"east": { "uv": [ 4.5, 6, 10, 11.5 ], "texture": "#texture5" }
			}
		},
		{
			"__comment": "Box11",
			"from": [ 4, 2.5, 8 ],
			"to": [ 10, 3.5, 9 ],
			"faces": {
				"down": { "uv": [ 4, 7, 10, 8 ], "texture": "#texture3" },
				"up": { "uv": [ 4, 8, 10, 9 ], "texture": "#texture3" },
				"north": { "uv": [ 6, 12.5, 12, 13.5 ], "texture": "#texture3" },
				"south": { "uv": [ 4, 12.5, 10, 13.5 ], "texture": "#texture3" },
				"west": { "uv": [ 8, 12.5, 9, 13.5 ], "texture": "#texture3" },
				"east": { "uv": [ 7, 12.5, 8, 13.5 ], "texture": "#texture3" }
			}
		},
		{
			"__comment": "Box12",
			"from": [ 2.5541, 3.1307, 8.25 ],
			"to": [ 4.0541, 4.1307, 8.75 ],
			"rotation": { "origin": [ 2.5, 3, 8 ], "axis": "z", "angle": -22.5 },
			"faces": {
				"down": { "uv": [ 2.5, 7.25, 4, 7.75 ], "texture": "#texture3" },
				"up": { "uv": [ 2.5, 8.25, 4, 8.75 ], "texture": "#texture3" },
				"north": { "uv": [ 12, 12, 13.5, 13 ], "texture": "#texture3" },
				"south": { "uv": [ 2.5, 12, 4, 13 ], "texture": "#texture3" },
				"west": { "uv": [ 8.25, 12, 8.75, 13 ], "texture": "#texture3" },
				"east": { "uv": [ 7.25, 12, 7.75, 13 ], "texture": "#texture3" }
			}
		},
		{
			"__comment": "Box12",
			"from": [ 10, 2.5, 8.25 ],
			"to": [ 11.5, 3.5, 8.75 ],
			"rotation": { "origin": [ 10, 2.5, 8 ], "axis": "z", "angle": 22.5 },
			"faces": {
				"down": { "uv": [ 2, 7.25, 4, 7.75 ], "texture": "#texture3" },
				"up": { "uv": [ 2, 8.25, 4, 8.75 ], "texture": "#texture3" },
				"north": { "uv": [ 12, 14.5, 14, 15.5 ], "texture": "#texture3" },
				"south": { "uv": [ 2, 14.5, 4, 15.5 ], "texture": "#texture3" },
				"west": { "uv": [ 8.25, 14.5, 8.75, 15.5 ], "texture": "#texture3" },
				"east": { "uv": [ 7.25, 14.5, 7.75, 15.5 ], "texture": "#texture3" }
			}
		},
		{
			"__comment": "Box14",
			"from": [ 5.5, 3.5, 8.25 ],
			"to": [ 8.5, 26.5, 8.75 ],
			"faces": {
				"down": { "uv": [ 5.5, 7.5, 8.5, 8 ], "texture": "#texture1" },
				"up": { "uv": [ 5.5, 8, 8.5, 8.5 ], "texture": "#texture1" },
				"north": { "uv": [ 7.5, 0, 10.5, 12.5 ], "texture": "#texture1" },
				"south": { "uv": [ 5.5, 0, 8.5, 12.5 ], "texture": "#texture1" },
				"west": { "uv": [ 8, 0, 8.5, 12.5 ], "texture": "#texture1" },
				"east": { "uv": [ 7.5, 0, 8, 12.5 ], "texture": "#texture1" }
			}
		},
		{
			"__comment": "Box15",
			"from": [ 6, 26.5, 8.25 ],
			"to": [ 8, 27.5, 8.75 ],
			"faces": {
				"down": { "uv": [ 6, 7.5, 8, 8 ], "texture": "#texture1" },
				"up": { "uv": [ 6, 8, 8, 8.5 ], "texture": "#texture1" },
				"north": { "uv": [ 8, 4.5, 10, 5.5 ], "texture": "#texture1" },
				"south": { "uv": [ 6, 4.5, 8, 5.5 ], "texture": "#texture1" },
				"west": { "uv": [ 8, 4.5, 8.5, 5.5 ], "texture": "#texture1" },
				"east": { "uv": [ 7.5, 4.5, 8, 5.5 ], "texture": "#texture1" }
			}
		},
		{
			"__comment": "Box16",
			"from": [ 6.5, 27.5, 8.25 ],
			"to": [ 7.5, 28.5, 8.75 ],
			"faces": {
				"down": { "uv": [ 6.5, 7.5, 7.5, 8 ], "texture": "#texture1" },
				"up": { "uv": [ 6.5, 8, 7.5, 8.5 ], "texture": "#texture1" },
				"north": { "uv": [ 8.5, 3.5, 9.5, 4.5 ], "texture": "#texture1" },
				"south": { "uv": [ 6.5, 3.5, 7.5, 4.5 ], "texture": "#texture1" },
				"west": { "uv": [ 8, 3.5, 8.5, 4.5 ], "texture": "#texture1" },
				"east": { "uv": [ 7.5, 3.5, 8, 4.5 ], "texture": "#texture1" }
			}
		},
		{
			"__comment": "Box17",
			"from": [ 6, 4, 8 ],
			"to": [ 8, 26.5, 9 ],
			"faces": {
				"down": { "uv": [ 6, 6.8, 8, 7.8 ], "texture": "#texture1" },
				"up": { "uv": [ 6, 8.2, 8, 9.2 ], "texture": "#texture1" },
				"north": { "uv": [ 8, 0, 10, 12 ], "texture": "#texture1" },
				"south": { "uv": [ 6, 0, 8, 12 ], "texture": "#texture1" },
				"west": { "uv": [ 8.2, 0, 9.2, 12 ], "texture": "#texture1" },
				"east": { "uv": [ 6.8, 0, 7.8, 12 ], "texture": "#texture1" }
			}
		},
		{
			"__comment": "Box18",
			"from": [ 6.5, 26.5, 8 ],
			"to": [ 7.5, 27, 9 ],
			"faces": {
				"down": { "uv": [ 6.5, 7.1875, 7.5, 8.1875 ], "texture": "#texture1" },
				"up": { "uv": [ 6.5, 7.8125, 7.5, 8.8125 ], "texture": "#texture1" },
				"north": { "uv": [ 8.5, 5, 9.5, 5.5 ], "texture": "#texture1" },
				"south": { "uv": [ 6.5, 5, 7.5, 5.5 ], "texture": "#texture1" },
				"west": { "uv": [ 7.8125, 5, 8.8125, 5.5 ], "texture": "#texture1" },
				"east": { "uv": [ 7.1875, 5, 8.1875, 5.5 ], "texture": "#texture1" }
			}
		},
		{
			"__comment": "Box20",
			"from": [ 6, -5, 7.5 ],
			"to": [ 8.3, -4.5, 9.5 ],
			"rotation": { "origin": [ 6, -5, 7.5 ], "axis": "z", "angle": 22.5 },
			"faces": {
				"down": { "uv": [ 7, 6.5, 9, 8.5 ], "texture": "#texture4" },
				"up": { "uv": [ 6, 7.5, 8, 9.5 ], "texture": "#texture4" },
				"north": { "uv": [ 8.5, 3, 10.5, 3.5 ], "texture": "#texture4" },
				"south": { "uv": [ 7.5, 4.5, 9.5, 5 ], "texture": "#texture4" },
				"west": { "uv": [ 7.5, 4.5, 9.5, 5 ], "texture": "#texture4" },
				"east": { "uv": [ 6.5, 4.5, 8.5, 5 ], "texture": "#texture4" }
			}
		},
		{
			"__comment": "Box20",
			"from": [ 5.3686, -4.3686, 7.5 ],
			"to": [ 7.8686, -3.8686, 9.5 ],
			"rotation": { "origin": [ 8, -4, 7.5 ], "axis": "z", "angle": -45 },
			"faces": {
				"down": { "uv": [ 6, 7.5, 8, 9.5 ], "texture": "#texture4", "rotation": 180 },
				"up": { "uv": [ 6, 6.5, 8, 8.5 ], "texture": "#texture4", "rotation": 180 },
				"north": { "uv": [ 10, 5, 8, 4.5 ], "texture": "#texture4" },
				"south": { "uv": [ 8, 5, 6, 4.5 ], "texture": "#texture4" },
				"west": { "uv": [ 6.5, 4.5, 8.5, 5 ], "texture": "#texture4", "rotation": 180 },
				"east": { "uv": [ 7.5, 4.5, 9.5, 5 ], "texture": "#texture4", "rotation": 180 }
			}
		},
		{
			"__comment": "Box20",
			"from": [ 6, -2.5, 7.5 ],
			"to": [ 8.5, -2, 9.5 ],
			"rotation": { "origin": [ 6, -2.5, 7.5 ], "axis": "z", "angle": 22.5 },
			"faces": {
				"down": { "uv": [ 6, 7.5, 8, 9.5 ], "texture": "#texture4", "rotation": 180 },
				"up": { "uv": [ 6, 6.5, 8, 8.5 ], "texture": "#texture4", "rotation": 180 },
				"north": { "uv": [ 10, 5, 8, 4.5 ], "texture": "#texture4" },
				"south": { "uv": [ 8, 5, 6, 4.5 ], "texture": "#texture4" },
				"west": { "uv": [ 6.5, 4.5, 8.5, 5 ], "texture": "#texture4", "rotation": 180 },
				"east": { "uv": [ 7.5, 4.5, 9.5, 5 ], "texture": "#texture4", "rotation": 180 }
			}
		},
		{
			"__comment": "Box20",
			"from": [ 5.3686, -1.8686, 7.5 ],
			"to": [ 7.8686, -1.3686, 9.5 ],
			"rotation": { "origin": [ 8, -1.5, 7.5 ], "axis": "z", "angle": -45 },
			"faces": {
				"down": { "uv": [ 6, 7.5, 8, 9.5 ], "texture": "#texture4", "rotation": 180 },
				"up": { "uv": [ 6, 6.5, 8, 8.5 ], "texture": "#texture4", "rotation": 180 },
				"north": { "uv": [ 10, 5, 8, 4.5 ], "texture": "#texture4" },
				"south": { "uv": [ 8, 5, 6, 4.5 ], "texture": "#texture4" },
				"west": { "uv": [ 6.5, 4.5, 8.5, 5 ], "texture": "#texture4", "rotation": 180 },
				"east": { "uv": [ 7.5, 4.5, 9.5, 5 ], "texture": "#texture4", "rotation": 180 }
			}
		},
		{
			"__comment": "Box20",
			"from": [ 6, 0, 7.5 ],
			"to": [ 8.5, 0.5, 9.5 ],
			"rotation": { "origin": [ 6, 0, 7.5 ], "axis": "z", "angle": 22.5 },
			"faces": {
				"down": { "uv": [ 6, 7.5, 8, 9.5 ], "texture": "#texture4", "rotation": 180 },
				"up": { "uv": [ 6, 6.5, 8, 8.5 ], "texture": "#texture4", "rotation": 180 },
				"north": { "uv": [ 10, 5, 8, 4.5 ], "texture": "#texture4" },
				"south": { "uv": [ 8, 5, 6, 4.5 ], "texture": "#texture4" },
				"west": { "uv": [ 6.5, 4.5, 8.5, 5 ], "texture": "#texture4", "rotation": 180 },
				"east": { "uv": [ 7.5, 4.5, 9.5, 5 ], "texture": "#texture4", "rotation": 180 }
			}
		},
		{
			"__comment": "Box20",
			"from": [ 5.7793, 0.8472, 7.5 ],
			"to": [ 8.2793, 1.3472, 9.5 ],
			"rotation": { "origin": [ 8.5, 1, 7.5 ], "axis": "z", "angle": -22.5 },
			"faces": {
				"down": { "uv": [ 6, 7.5, 8, 9.5 ], "texture": "#texture4", "rotation": 180 },
				"up": { "uv": [ 6, 6.5, 8, 8.5 ], "texture": "#texture4", "rotation": 180 },
				"north": { "uv": [ 10, 5, 8, 4.5 ], "texture": "#texture4" },
				"south": { "uv": [ 8, 5, 6, 4.5 ], "texture": "#texture4" },
				"west": { "uv": [ 6.5, 4.5, 8.5, 5 ], "texture": "#texture4", "rotation": 180 },
				"east": { "uv": [ 7.5, 4.5, 9.5, 5 ], "texture": "#texture4", "rotation": 180 }
			}
		}
	],
"display": {
    "thirdperson": {
        "rotation": [ -64, -179, 176 ],
        "translation": [ 0, 0.5, -2.7 ],
        "scale": [ 0.31, 0.19, 0.41 ]
    },
    "head": {
        "rotation": [ 91, -3, 90 ],
        "translation": [ 0.4, 0.5, -0.2 ],
        "scale": [ 1.57, 1.42, 1.45 ]
    },
    "ground": {
        "rotation": [ 0, 0, 0 ],
        "translation": [ 0, 0, 0 ],
        "scale": [ 1, 1, 1 ]
    },
    "fixed": {
        "rotation": [ 0, 180, 0 ],
        "translation": [ 0, 0, 0 ],
        "scale": [ 1, 1, 1 ]
    },
    "firstperson": {
        "rotation": [ 0, 180, 0 ],
        "translation": [ 0, 0, 0 ],
        "scale": [ 1, 1, 1 ]
    },
    "gui": {
        "rotation": [ 28, 334, 54 ],
        "translation": [ 2.00, 0.50, 0.00 ],
        "scale": [ 1.00, 1.00, 1.00 ]
    }
}
}