{
	"__comment": "Designed by Cryptic with Cubik Studio - https://cubik.studio",
	"textures": {
		"particle": "blocks/e_particle",
		"texture": "blocks/e_texture",
		"toastmonster": "blocks/toastmonster"
	},
	"elements": [
		{
			"__comment": "Voxels-835626",
			"from": [ 3, 13, 5 ],
			"to": [ 13, 14, 6 ],
			"faces": {
				"down": { "uv": [ 4.96, 0.96, 7.04, 3.04 ], "texture": "#toastmonster" },
				"up": { "uv": [ 4.96, 0.96, 7.04, 3.04 ], "texture": "#toastmonster" },
				"north": { "uv": [ 4.96, 0.96, 7.04, 3.04 ], "texture": "#toastmonster" },
				"south": { "uv": [ 4.96, 0.96, 7.04, 3.04 ], "texture": "#toastmonster" },
				"west": { "uv": [ 4.96, 0.96, 7.04, 3.04 ], "texture": "#toastmonster" },
				"east": { "uv": [ 4.96, 0.96, 7.04, 3.04 ], "texture": "#toastmonster" }
			}
		},
		{
			"__comment": "Voxels-835626",
			"from": [ 3, 14, 5 ],
			"to": [ 5, 15, 6 ],
			"faces": {
				"down": { "uv": [ 4.96, 0.96, 7.04, 3.04 ], "texture": "#toastmonster" },
				"up": { "uv": [ 4.96, 0.96, 7.04, 3.04 ], "texture": "#toastmonster" },
				"north": { "uv": [ 4.96, 0.96, 7.04, 3.04 ], "texture": "#toastmonster" },
				"south": { "uv": [ 4.96, 0.96, 7.04, 3.04 ], "texture": "#toastmonster" },
				"west": { "uv": [ 4.96, 0.96, 7.04, 3.04 ], "texture": "#toastmonster" },
				"east": { "uv": [ 4.96, 0.96, 7.04, 3.04 ], "texture": "#toastmonster" }
			}
		},
		{
			"__comment": "Voxels-835626",
			"from": [ 4, 5, 5 ],
			"to": [ 12, 6, 6 ],
			"faces": {
				"down": { "uv": [ 4.96, 0.96, 7.04, 3.04 ], "texture": "#toastmonster" },
				"up": { "uv": [ 4.96, 0.96, 7.04, 3.04 ], "texture": "#toastmonster" },
				"north": { "uv": [ 4.96, 0.96, 7.04, 3.04 ], "texture": "#toastmonster" },
				"south": { "uv": [ 4.96, 0.96, 7.04, 3.04 ], "texture": "#toastmonster" },
				"west": { "uv": [ 4.96, 0.96, 7.04, 3.04 ], "texture": "#toastmonster" },
				"east": { "uv": [ 4.96, 0.96, 7.04, 3.04 ], "texture": "#toastmonster" }
			}
		},
		{
			"__comment": "Voxels-835626",
			"from": [ 4, 6, 5 ],
			"to": [ 5, 13, 6 ],
			"faces": {
				"down": { "uv": [ 4.96, 0.96, 7.04, 3.04 ], "texture": "#toastmonster" },
				"up": { "uv": [ 4.96, 0.96, 7.04, 3.04 ], "texture": "#toastmonster" },
				"north": { "uv": [ 4.96, 0.96, 7.04, 3.04 ], "texture": "#toastmonster" },
				"south": { "uv": [ 4.96, 0.96, 7.04, 3.04 ], "texture": "#toastmonster" },
				"west": { "uv": [ 4.96, 0.96, 7.04, 3.04 ], "texture": "#toastmonster" },
				"east": { "uv": [ 4.96, 0.96, 7.04, 3.04 ], "texture": "#toastmonster" }
			}
		},
		{
			"__comment": "Voxels-D5C199",
			"from": [ 5, 6, 5 ],
			"to": [ 11, 13, 6 ],
			"faces": {
				"down": { "uv": [ 8.96, 0.96, 11.04, 3.04 ], "texture": "#toastmonster" },
				"up": { "uv": [ 8.96, 0.96, 11.04, 3.04 ], "texture": "#toastmonster" },
				"north": { "uv": [ 8.96, 0.96, 11.04, 3.04 ], "texture": "#toastmonster" },
				"south": { "uv": [ 8.96, 0.96, 11.04, 3.04 ], "texture": "#toastmonster" },
				"west": { "uv": [ 8.96, 0.96, 11.04, 3.04 ], "texture": "#toastmonster" },
				"east": { "uv": [ 8.96, 0.96, 11.04, 3.04 ], "texture": "#toastmonster" }
			}
		},
		{
			"__comment": "Voxels-835626",
			"from": [ 11, 6, 5 ],
			"to": [ 12, 13, 6 ],
			"faces": {
				"down": { "uv": [ 4.96, 0.96, 7.04, 3.04 ], "texture": "#toastmonster" },
				"up": { "uv": [ 4.96, 0.96, 7.04, 3.04 ], "texture": "#toastmonster" },
				"north": { "uv": [ 4.96, 0.96, 7.04, 3.04 ], "texture": "#toastmonster" },
				"south": { "uv": [ 4.96, 0.96, 7.04, 3.04 ], "texture": "#toastmonster" },
				"west": { "uv": [ 4.96, 0.96, 7.04, 3.04 ], "texture": "#toastmonster" },
				"east": { "uv": [ 4.96, 0.96, 7.04, 3.04 ], "texture": "#toastmonster" }
			}
		},
		{
			"__comment": "Voxels-835626",
			"from": [ 11, 14, 5 ],
			"to": [ 13, 15, 6 ],
			"faces": {
				"down": { "uv": [ 4.96, 0.96, 7.04, 3.04 ], "texture": "#toastmonster" },
				"up": { "uv": [ 4.96, 0.96, 7.04, 3.04 ], "texture": "#toastmonster" },
				"north": { "uv": [ 4.96, 0.96, 7.04, 3.04 ], "texture": "#toastmonster" },
				"south": { "uv": [ 4.96, 0.96, 7.04, 3.04 ], "texture": "#toastmonster" },
				"west": { "uv": [ 4.96, 0.96, 7.04, 3.04 ], "texture": "#toastmonster" },
				"east": { "uv": [ 4.96, 0.96, 7.04, 3.04 ], "texture": "#toastmonster" }
			}
		}
	],
	"display": {
		"thirdperson": {
			"rotation":  [ 0, 90, 266 ],
			"translation":  [1.25, -0.75, -2.25 ],
			"scale":  [ 1, 1, 1 ]
		},
		"firstperson": {
			"rotation":  [16, 56, 0 ],
			"translation":  [ 4.75, 2.75, 3.5 ],
			"scale":  [ 1.5, 1.5, 1.5 ]
		},
		"gui": {
			"rotation":  [ 0, 314, 0 ],
			"translation":  [ 0, -0.25, 0 ],
			"scale":  [ 2, 2, 2 ]
		}
	}
}