{
    "__comment": "Model generated using MrCrayfish's Model Creator (http://mrcrayfish.com/modelcreator/)",
    "textures": {
        "0": "blocks/loku"
    },
    "elements": [
        {
            "name": "Element",
            "from": [ 3.0, -1.0, 17.0 ], 
            "to": [ 13.0, 0.0, 19.0 ], 
            "faces": {
                "north": { "texture": "#0", "uv": [ 4.5, 12.0, 9.5, 12.5 ] },
                "east": { "texture": "#0", "uv": [ 4.5, 12.0, 5.0, 12.5 ] },
                "south": { "texture": "#0", "uv": [ 4.5, 12.0, 9.5, 12.5 ] },
                "west": { "texture": "#0", "uv": [ 4.5, 12.0, 5.0, 12.5 ] },
                "up": { "texture": "#0", "uv": [ 4.5, 12.0, 9.5, 12.5 ] },
                "down": { "texture": "#0", "uv": [ 4.5, 12.0, 9.5, 12.5 ] }
            }
        },
        {
            "name": "Element",
            "from": [ 2.0, 0.0, 15.0 ], 
            "to": [ 14.0, 1.0, 20.0 ], 
            "faces": {
                "north": { "texture": "#0", "uv": [ 4.0, 11.5, 10.0, 12.0 ] },
                "east": { "texture": "#0", "uv": [ 4.0, 11.5, 4.5, 12.0 ] },
                "south": { "texture": "#0", "uv": [ 4.0, 11.5, 10.0, 12.0 ] },
                "west": { "texture": "#0", "uv": [ 4.0, 11.5, 4.5, 12.0 ] },
                "up": { "texture": "#0", "uv": [ 4.0, 11.5, 10.0, 12.0 ] },
                "down": { "texture": "#0", "uv": [ 4.0, 11.5, 10.0, 12.0 ] }
            }
        },
        {
            "name": "Element",
            "from": [ 1.0, 1.0, 15.0 ], 
            "to": [ 15.0, 2.0, 20.0 ], 
            "faces": {
                "north": { "texture": "#0", "uv": [ 3.5, 11.0, 10.5, 11.5 ] },
                "east": { "texture": "#0", "uv": [ 3.5, 11.0, 4.0, 11.5 ] },
                "south": { "texture": "#0", "uv": [ 3.5, 11.0, 10.5, 11.5 ] },
                "west": { "texture": "#0", "uv": [ 3.5, 11.0, 4.0, 11.5 ] },
                "up": { "texture": "#0", "uv": [ 3.5, 11.0, 10.5, 11.5 ] },
                "down": { "texture": "#0", "uv": [ 3.5, 11.0, 10.5, 11.5 ] }
            }
        },
        {
            "name": "Element",
            "from": [ 0.0, 2.0, 15.0 ], 
            "to": [ 16.0, 3.0, 20.0 ], 
            "faces": {
                "north": { "texture": "#0", "uv": [ 11.0, 10.5, 3.0, 11.0 ] },
                "east": { "texture": "#0", "uv": [ 3.0, 10.5, 3.5, 11.0 ] },
                "south": { "texture": "#0", "uv": [ 3.0, 10.5, 11.0, 11.0 ] },
                "west": { "texture": "#0", "uv": [ 3.0, 10.5, 3.5, 11.0 ] },
                "up": { "texture": "#0", "uv": [ 3.0, 10.5, 11.0, 11.0 ] },
                "down": { "texture": "#0", "uv": [ 3.0, 10.5, 11.0, 11.0 ] }
            }
        },
        {
            "name": "Element",
            "from": [ -2.0, 3.0, 15.0 ], 
            "to": [ 17.0, 4.0, 17.0 ], 
            "faces": {
                "north": { "texture": "#0", "uv": [ 11.5, 10.0, 2.0, 10.5 ] },
                "east": { "texture": "#0", "uv": [ 11.0, 10.0, 11.5, 10.5 ] },
                "south": { "texture": "#0", "uv": [ 2.0, 10.0, 11.5, 10.5 ] },
                "west": { "texture": "#0", "uv": [ 2.0, 10.0, 2.5, 10.5 ] },
                "up": { "texture": "#0", "uv": [ 2.0, 10.0, 11.5, 10.5 ] },
                "down": { "texture": "#0", "uv": [ 2.0, 10.0, 11.5, 10.5 ] }
            }
        },
        {
            "name": "Element",
            "from": [ -3.0, 4.0, 15.0 ], 
            "to": [ 18.0, 5.0, 17.0 ], 
            "faces": {
                "north": { "texture": "#0", "uv": [ 12.0, 9.5, 1.5, 10.0 ] },
                "east": { "texture": "#0", "uv": [ 11.5, 9.5, 12.0, 10.0 ] },
                "south": { "texture": "#0", "uv": [ 1.5, 9.5, 12.0, 10.0 ] },
                "west": { "texture": "#0", "uv": [ 1.5, 9.5, 2.0, 10.0 ] },
                "up": { "texture": "#0", "uv": [ 1.5, 9.5, 12.0, 10.0 ] },
                "down": { "texture": "#0", "uv": [ 1.5, 9.5, 12.0, 10.0 ] }
            }
        },
        {
            "name": "Element",
            "from": [ -3.0, 5.0, 15.0 ], 
            "to": [ 18.0, 6.0, 17.0 ], 
            "faces": {
                "north": { "texture": "#0", "uv": [ 12.0, 9.0, 1.5, 9.5 ] },
                "east": { "texture": "#0", "uv": [ 11.5, 9.0, 12.0, 9.5 ] },
                "south": { "texture": "#0", "uv": [ 1.5, 9.0, 12.0, 9.5 ] },
                "west": { "texture": "#0", "uv": [ 1.5, 9.0, 2.0, 9.5 ] },
                "up": { "texture": "#0", "uv": [ 1.5, 9.0, 12.0, 9.5 ] },
                "down": { "texture": "#0", "uv": [ 1.5, 9.0, 12.0, 9.5 ] }
            }
        },
        {
            "name": "Element",
            "from": [ -3.0, 6.0, 15.0 ], 
            "to": [ 18.0, 7.0, 17.0 ], 
            "faces": {
                "north": { "texture": "#0", "uv": [ 12.0, 8.5, 1.5, 9.0 ] },
                "east": { "texture": "#0", "uv": [ 11.5, 8.5, 12.0, 9.0 ] },
                "south": { "texture": "#0", "uv": [ 1.5, 8.5, 12.0, 9.0 ] },
                "west": { "texture": "#0", "uv": [ 1.5, 8.5, 2.0, 9.0 ] },
                "up": { "texture": "#0", "uv": [ 1.5, 8.5, 12.0, 9.0 ] },
                "down": { "texture": "#0", "uv": [ 1.5, 8.5, 12.0, 9.0 ] }
            }
        },
        {
            "name": "Element",
            "from": [ -3.0, 7.0, 15.0 ], 
            "to": [ 18.0, 8.0, 17.0 ], 
            "faces": {
                "north": { "texture": "#0", "uv": [ 11.5, 8.0, 1.5, 8.5 ] },
                "east": { "texture": "#0", "uv": [ 11.0, 8.0, 11.5, 8.5 ] },
                "south": { "texture": "#0", "uv": [ 1.5, 8.0, 11.5, 8.5 ] },
                "west": { "texture": "#0", "uv": [ 3.5, 8.0, 4.0, 8.5 ] },
                "up": { "texture": "#0", "uv": [ 1.5, 8.0, 11.5, 8.5 ] },
                "down": { "texture": "#0", "uv": [ 1.5, 8.0, 11.5, 8.5 ] }
            }
        },
        {
            "name": "Element",
            "from": [ -3.0, 8.0, 15.0 ], 
            "to": [ 19.0, 9.0, 17.0 ], 
            "faces": {
                "north": { "texture": "#0", "uv": [ 12.0, 7.5, 2.0, 8.0 ] },
                "east": { "texture": "#0", "uv": [ 2.0, 7.5, 2.5, 8.0 ] },
                "south": { "texture": "#0", "uv": [ 2.0, 7.5, 12.0, 8.0 ] },
                "west": { "texture": "#0", "uv": [ 2.0, 7.5, 2.5, 8.0 ] },
                "up": { "texture": "#0", "uv": [ 2.0, 7.5, 12.0, 8.0 ] },
                "down": { "texture": "#0", "uv": [ 2.0, 7.5, 12.0, 8.0 ] }
            }
        },
        {
            "name": "Element",
            "from": [ -3.0, 9.0, 15.0 ], 
            "to": [ 18.0, 10.0, 17.0 ], 
            "faces": {
                "north": { "texture": "#0", "uv": [ 12.0, 7.0, 2.0, 7.5 ] },
                "east": { "texture": "#0", "uv": [ 10.5, 7.0, 11.0, 7.5 ] },
                "south": { "texture": "#0", "uv": [ 2.0, 7.0, 12.0, 7.5 ] },
                "west": { "texture": "#0", "uv": [ 3.0, 7.0, 3.5, 7.5 ] },
                "up": { "texture": "#0", "uv": [ 2.0, 7.0, 12.0, 7.5 ] },
                "down": { "texture": "#0", "uv": [ 2.0, 7.0, 12.0, 7.5 ] }
            }
        },
        {
            "name": "Element",
            "from": [ -2.0, 10.0, 15.0 ], 
            "to": [ 18.0, 11.0, 18.0 ], 
            "faces": {
                "north": { "texture": "#0", "uv": [ 11.5, 6.5, 2.5, 7.0 ] },
                "east": { "texture": "#0", "uv": [ 2.5, 6.5, 3.0, 7.0 ] },
                "south": { "texture": "#0", "uv": [ 2.5, 6.5, 11.5, 7.0 ] },
                "west": { "texture": "#0", "uv": [ 2.5, 6.5, 3.0, 7.0 ] },
                "up": { "texture": "#0", "uv": [ 2.5, 6.5, 11.5, 7.0 ] },
                "down": { "texture": "#0", "uv": [ 2.5, 6.5, 11.5, 7.0 ] }
            }
        },
        {
            "name": "Element",
            "from": [ -2.0, 11.0, 15.0 ], 
            "to": [ 18.0, 12.0, 18.0 ], 
            "faces": {
                "north": { "texture": "#0", "uv": [ 12.0, 6.0, 2.0, 6.5 ] },
                "east": { "texture": "#0", "uv": [ 4.0, 6.0, 4.5, 6.5 ] },
                "south": { "texture": "#0", "uv": [ 3.0, 6.0, 12.0, 6.5 ] },
                "west": { "texture": "#0", "uv": [ 3.0, 6.0, 3.5, 6.5 ] },
                "up": { "texture": "#0", "uv": [ 3.0, 6.0, 12.0, 6.5 ] },
                "down": { "texture": "#0", "uv": [ 2.0, 6.0, 12.0, 6.5 ] }
            }
        },
        {
            "name": "Element",
            "from": [ -2.0, 12.0, 15.0 ], 
            "to": [ 18.0, 13.0, 17.0 ], 
            "faces": {
                "north": { "texture": "#0", "uv": [ 12.0, 5.5, 3.0, 6.0 ] },
                "east": { "texture": "#0", "uv": [ 10.5, 5.5, 11.0, 6.0 ] },
                "south": { "texture": "#0", "uv": [ 2.0, 5.5, 12.0, 6.0 ] },
                "west": { "texture": "#0", "uv": [ 10.5, 5.5, 11.0, 6.0 ] },
                "up": { "texture": "#0", "uv": [ 3.0, 5.5, 12.0, 6.0 ] },
                "down": { "texture": "#0", "uv": [ 2.0, 5.5, 12.0, 6.0 ] }
            }
        },
        {
            "name": "Element",
            "from": [ -2.0, 13.0, 15.0 ], 
            "to": [ 18.0, 14.0, 16.0 ], 
            "faces": {
                "north": { "texture": "#0", "uv": [ 11.5, 5.0, 2.5, 5.5 ] },
                "east": { "texture": "#0", "uv": [ 2.5, 5.0, 3.0, 5.5 ] },
                "south": { "texture": "#0", "uv": [ 2.5, 5.0, 11.5, 5.5 ] },
                "west": { "texture": "#0", "uv": [ 2.5, 5.0, 3.0, 5.5 ] },
                "up": { "texture": "#0", "uv": [ 2.5, 5.0, 11.5, 5.5 ] },
                "down": { "texture": "#0", "uv": [ 2.5, 5.0, 10.5, 5.5 ] }
            }
        },
        {
            "name": "Element",
            "from": [ -1.0, 14.0, 15.0 ], 
            "to": [ 18.0, 15.0, 16.0 ], 
            "faces": {
                "north": { "texture": "#0", "uv": [ 11.5, 4.5, 3.0, 5.0 ] },
                "east": { "texture": "#0", "uv": [ 4.0, 4.5, 4.5, 5.0 ] },
                "south": { "texture": "#0", "uv": [ 3.0, 4.5, 11.5, 5.0 ] },
                "west": { "texture": "#0", "uv": [ 3.0, 4.5, 3.5, 5.0 ] },
                "up": { "texture": "#0", "uv": [ 3.0, 4.5, 11.5, 5.0 ] },
                "down": { "texture": "#0", "uv": [ 2.0, 4.5, 11.5, 5.0 ] }
            }
        },
        {
            "name": "Element",
            "from": [ 0.0, 15.0, 15.0 ], 
            "to": [ 17.0, 16.0, 16.0 ], 
            "faces": {
                "north": { "texture": "#0", "uv": [ 11.5, 4.0, 3.0, 4.5 ] },
                "east": { "texture": "#0", "uv": [ 3.0, 4.0, 3.5, 4.5 ] },
                "south": { "texture": "#0", "uv": [ 3.0, 4.0, 10.5, 4.5 ] },
                "west": { "texture": "#0", "uv": [ 3.0, 4.0, 3.5, 4.5 ] },
                "up": { "texture": "#0", "uv": [ 3.0, 4.0, 9.5, 4.5 ] },
                "down": { "texture": "#0", "uv": [ 3.0, 4.0, 10.5, 4.5 ] }
            }
        },
        {
            "name": "Element",
            "from": [ 1.0, 16.0, 15.0 ], 
            "to": [ 18.0, 17.0, 18.0 ], 
            "faces": {
                "north": { "texture": "#0", "uv": [ 11.0, 3.5, 3.5, 4.0 ] },
                "east": { "texture": "#0", "uv": [ 3.5, 3.5, 4.0, 4.0 ] },
                "south": { "texture": "#0", "uv": [ 3.5, 3.5, 11.0, 4.0 ] },
                "west": { "texture": "#0", "uv": [ 3.5, 3.5, 4.0, 4.0 ] },
                "up": { "texture": "#0", "uv": [ 3.5, 3.5, 11.0, 4.0 ] },
                "down": { "texture": "#0", "uv": [ 3.5, 3.5, 11.0, 4.0 ] }
            }
        },
        {
            "name": "Element",
            "from": [ 2.0, 17.0, 15.0 ], 
            "to": [ 19.0, 18.0, 16.0 ], 
            "faces": {
                "north": { "texture": "#0", "uv": [ 10.5, 3.0, 5.0, 3.5 ] },
                "east": { "texture": "#0", "uv": [ 5.0, 3.0, 5.5, 3.5 ] },
                "south": { "texture": "#0", "uv": [ 5.0, 3.0, 10.5, 3.5 ] },
                "west": { "texture": "#0", "uv": [ 5.0, 3.0, 5.5, 3.5 ] },
                "up": { "texture": "#0", "uv": [ 5.0, 3.0, 10.5, 3.5 ] },
                "down": { "texture": "#0", "uv": [ 5.0, 3.0, 10.5, 3.5 ] }
            }
        },
        {
            "name": "Element",
            "from": [ 3.0, 18.0, 16.0 ], 
            "to": [ 20.0, 19.0, 18.0 ], 
            "faces": {
                "north": { "texture": "#0", "uv": [ 11.0, 3.5, 4.5, 4.0 ] },
                "east": { "texture": "#0", "uv": [ 8.5, 3.5, 4.5, 4.0 ] },
                "south": { "texture": "#0", "uv": [ 4.5, 3.5, 11.0, 4.0 ] },
                "west": { "texture": "#0", "uv": [ 4.5, 3.5, 5.5, 4.0 ] },
                "up": { "texture": "#0", "uv": [ 4.5, 3.5, 11.0, 4.0 ] },
                "down": { "texture": "#0", "uv": [ 4.5, 3.5, 11.0, 4.0 ] }
            }
        },
        {
            "name": "Element",
            "from": [ 1.0, 11.5, 4.0 ], 
            "to": [ 15.0, 13.5, 5.0 ], 
            "faces": {
                "north": { "texture": "#0", "uv": [ 7.0, 12.5, 7.5, 13.5 ] },
                "east": { "texture": "#0", "uv": [ 7.0, 12.5, 7.5, 13.5 ] },
                "south": { "texture": "#0", "uv": [ 7.0, 12.5, 7.5, 13.5 ] },
                "west": { "texture": "#0", "uv": [ 7.0, 12.5, 7.5, 13.5 ] },
                "up": { "texture": "#0", "uv": [ 7.0, 12.5, 7.5, 13.5 ] },
                "down": { "texture": "#0", "uv": [ 7.0, 12.5, 7.5, 13.5 ] }
            }
        },
        {
            "name": "Element",
            "from": [ 1.0, 3.5, 4.0 ], 
            "to": [ 15.0, 5.5, 5.0 ], 
            "faces": {
                "north": { "texture": "#0", "uv": [ 7.0, 12.5, 7.5, 13.5 ] },
                "east": { "texture": "#0", "uv": [ 7.0, 12.5, 7.5, 13.5 ] },
                "south": { "texture": "#0", "uv": [ 7.0, 12.5, 7.5, 13.5 ] },
                "west": { "texture": "#0", "uv": [ 7.0, 12.5, 7.5, 13.5 ] },
                "up": { "texture": "#0", "uv": [ 7.0, 12.5, 7.5, 13.5 ] },
                "down": { "texture": "#0", "uv": [ 7.0, 12.5, 7.5, 13.5 ] }
            }
        },
        {
            "name": "Element",
            "from": [ 0.0, 11.0, 4.0 ], 
            "to": [ 1.0, 14.0, 15.0 ], 
            "faces": {
                "north": { "texture": "#0", "uv": [ 7.0, 12.5, 7.5, 14.0 ] },
                "east": { "texture": "#0", "uv": [ 12.5, 12.5, 7.0, 14.0 ] },
                "south": { "texture": "#0", "uv": [ 12.0, 12.5, 12.5, 14.0 ] },
                "west": { "texture": "#0", "uv": [ 7.0, 12.5, 12.5, 14.0 ] },
                "up": { "texture": "#0", "uv": [ 7.0, 12.5, 7.5, 13.0 ] },
                "down": { "texture": "#0", "uv": [ 7.5, 13.0, 8.0, 13.5 ] }
            }
        },
        {
            "name": "Element",
            "from": [ 4.0, -1.0, 19.0 ], 
            "to": [ 12.0, 0.0, 20.0 ], 
            "faces": {
                "north": { "texture": "#0", "uv": [ 5.0, 12.0, 9.0, 12.5 ] },
                "east": { "texture": "#0", "uv": [ 8.5, 12.0, 9.0, 12.5 ] },
                "south": { "texture": "#0", "uv": [ 5.0, 12.0, 9.0, 12.5 ] },
                "west": { "texture": "#0", "uv": [ 5.0, 12.0, 5.5, 12.5 ] },
                "up": { "texture": "#0", "uv": [ 5.0, 12.0, 9.0, 12.5 ] },
                "down": { "texture": "#0", "uv": [ 5.0, 12.0, 9.0, 12.5 ] }
            }
        },
        {
            "name": "Element",
            "from": [ 4.0, -1.0, 16.0 ], 
            "to": [ 12.0, 0.0, 17.0 ], 
            "faces": {
                "north": { "texture": "#0", "uv": [ 5.0, 12.0, 9.0, 12.5 ] },
                "east": { "texture": "#0", "uv": [ 8.5, 12.0, 9.0, 12.5 ] },
                "south": { "texture": "#0", "uv": [ 5.0, 12.0, 9.0, 12.5 ] },
                "west": { "texture": "#0", "uv": [ 5.0, 12.0, 5.5, 12.5 ] },
                "up": { "texture": "#0", "uv": [ 5.0, 12.0, 9.0, 12.5 ] },
                "down": { "texture": "#0", "uv": [ 5.0, 12.0, 9.0, 12.5 ] }
            }
        },
        {
            "name": "Element",
            "from": [ 3.0, 0.0, 20.0 ], 
            "to": [ 6.0, 1.0, 21.0 ], 
            "faces": {
                "north": { "texture": "#0", "uv": [ 6.0, 11.5, 4.5, 12.0 ] },
                "east": { "texture": "#0", "uv": [ 5.5, 11.5, 6.0, 12.0 ] },
                "south": { "texture": "#0", "uv": [ 4.5, 11.5, 6.0, 12.0 ] },
                "west": { "texture": "#0", "uv": [ 4.5, 11.5, 5.0, 12.0 ] },
                "up": { "texture": "#0", "uv": [ 4.5, 11.5, 6.0, 12.0 ] },
                "down": { "texture": "#0", "uv": [ 4.5, 11.5, 6.0, 12.0 ] }
            }
        },
        {
            "name": "Element",
            "from": [ 10.0, 0.0, 20.0 ], 
            "to": [ 13.0, 1.0, 21.0 ], 
            "faces": {
                "north": { "texture": "#0", "uv": [ 4.5, 11.5, 6.0, 12.0 ] },
                "east": { "texture": "#0", "uv": [ 4.5, 11.5, 5.0, 12.0 ] },
                "south": { "texture": "#0", "uv": [ 6.0, 11.5, 4.5, 12.0 ] },
                "west": { "texture": "#0", "uv": [ 5.5, 11.5, 6.0, 12.0 ] },
                "up": { "texture": "#0", "uv": [ 4.5, 11.5, 6.0, 12.0 ] },
                "down": { "texture": "#0", "uv": [ 4.5, 11.5, 6.0, 12.0 ] }
            }
        },
        {
            "name": "Element",
            "from": [ 2.0, 1.0, 20.0 ], 
            "to": [ 6.0, 2.0, 21.0 ], 
            "faces": {
                "north": { "texture": "#0", "uv": [ 6.0, 11.0, 4.0, 11.5 ] },
                "east": { "texture": "#0", "uv": [ 5.5, 11.0, 6.0, 11.5 ] },
                "south": { "texture": "#0", "uv": [ 4.0, 11.0, 6.0, 11.5 ] },
                "west": { "texture": "#0", "uv": [ 3.5, 11.0, 4.0, 11.5 ] },
                "up": { "texture": "#0", "uv": [ 3.5, 11.0, 6.0, 11.5 ] },
                "down": { "texture": "#0", "uv": [ 3.5, 11.0, 6.0, 11.5 ] }
            }
        },
        {
            "name": "Element",
            "from": [ 10.0, 1.0, 20.0 ], 
            "to": [ 14.0, 2.0, 21.0 ], 
            "faces": {
                "north": { "texture": "#0", "uv": [ 4.0, 11.0, 6.0, 11.5 ] },
                "east": { "texture": "#0", "uv": [ 3.5, 11.0, 4.0, 11.5 ] },
                "south": { "texture": "#0", "uv": [ 6.0, 11.0, 4.0, 11.5 ] },
                "west": { "texture": "#0", "uv": [ 5.5, 11.0, 6.0, 11.5 ] },
                "up": { "texture": "#0", "uv": [ 3.5, 11.0, 6.0, 11.5 ] },
                "down": { "texture": "#0", "uv": [ 3.5, 11.0, 6.0, 11.5 ] }
            }
        },
        {
            "name": "Element",
            "from": [ 6.0, 1.0, 20.0 ], 
            "to": [ 10.0, 2.0, 21.0 ], 
            "faces": {
                "north": { "texture": "#0", "uv": [ 6.0, 11.0, 8.0, 11.5 ] },
                "east": { "texture": "#0", "uv": [ 6.5, 11.0, 7.0, 11.5 ] },
                "south": { "texture": "#0", "uv": [ 6.0, 11.0, 8.0, 11.5 ] },
                "west": { "texture": "#0", "uv": [ 6.5, 11.0, 7.0, 11.5 ] },
                "up": { "texture": "#0", "uv": [ 6.5, 11.0, 7.5, 11.5 ] },
                "down": { "texture": "#0", "uv": [ 6.5, 11.0, 7.5, 11.5 ] }
            }
        },
        {
            "name": "Element",
            "from": [ 4.0, 1.0, 21.0 ], 
            "to": [ 6.0, 2.0, 22.0 ], 
            "faces": {
                "north": { "texture": "#0", "uv": [ 6.0, 11.0, 5.0, 11.5 ] },
                "east": { "texture": "#0", "uv": [ 5.5, 11.0, 6.0, 11.5 ] },
                "south": { "texture": "#0", "uv": [ 5.0, 11.0, 6.0, 11.5 ] },
                "west": { "texture": "#0", "uv": [ 5.0, 11.0, 5.5, 11.5 ] },
                "up": { "texture": "#0", "uv": [ 5.0, 11.0, 6.0, 11.5 ] },
                "down": { "texture": "#0", "uv": [ 5.0, 11.0, 6.0, 11.5 ] }
            }
        },
        {
            "name": "Element",
            "from": [ 10.0, 1.0, 21.0 ], 
            "to": [ 12.0, 2.0, 22.0 ], 
            "faces": {
                "north": { "texture": "#0", "uv": [ 5.0, 11.0, 6.0, 11.5 ] },
                "east": { "texture": "#0", "uv": [ 5.0, 11.0, 5.5, 11.5 ] },
                "south": { "texture": "#0", "uv": [ 6.0, 11.0, 5.0, 11.5 ] },
                "west": { "texture": "#0", "uv": [ 5.5, 11.0, 6.0, 11.5 ] },
                "up": { "texture": "#0", "uv": [ 5.0, 11.0, 6.0, 11.5 ] },
                "down": { "texture": "#0", "uv": [ 5.0, 11.0, 6.0, 11.5 ] }
            }
        },
        {
            "name": "Element",
            "from": [ 1.0, 2.0, 20.0 ], 
            "to": [ 15.0, 3.0, 21.0 ], 
            "faces": {
                "north": { "texture": "#0", "uv": [ 3.5, 10.5, 10.5, 11.0 ] },
                "east": { "texture": "#0", "uv": [ 10.0, 10.5, 10.5, 11.0 ] },
                "south": { "texture": "#0", "uv": [ 3.5, 10.5, 10.5, 11.0 ] },
                "west": { "texture": "#0", "uv": [ 3.5, 10.5, 4.0, 11.0 ] },
                "up": { "texture": "#0", "uv": [ 3.5, 10.5, 10.5, 11.0 ] },
                "down": { "texture": "#0", "uv": [ 3.5, 10.5, 10.5, 11.0 ] }
            }
        },
        {
            "name": "Element",
            "from": [ 3.0, 2.0, 21.0 ], 
            "to": [ 13.0, 3.0, 22.0 ], 
            "faces": {
                "north": { "texture": "#0", "uv": [ 4.5, 10.5, 9.5, 11.0 ] },
                "east": { "texture": "#0", "uv": [ 5.0, 10.5, 5.5, 11.0 ] },
                "south": { "texture": "#0", "uv": [ 4.5, 10.5, 9.5, 11.0 ] },
                "west": { "texture": "#0", "uv": [ 5.0, 10.5, 5.5, 11.0 ] },
                "up": { "texture": "#0", "uv": [ 4.5, 10.5, 9.5, 11.0 ] },
                "down": { "texture": "#0", "uv": [ 4.5, 10.5, 9.5, 11.0 ] }
            }
        },
        {
            "name": "Element",
            "from": [ -1.0, 3.0, 17.0 ], 
            "to": [ 17.0, 4.0, 19.0 ], 
            "faces": {
                "north": { "texture": "#0", "uv": [ 11.5, 10.0, 2.5, 10.5 ] },
                "east": { "texture": "#0", "uv": [ 11.0, 10.0, 11.5, 10.5 ] },
                "south": { "texture": "#0", "uv": [ 2.5, 10.0, 11.5, 10.5 ] },
                "west": { "texture": "#0", "uv": [ 2.5, 10.0, 3.0, 10.5 ] },
                "up": { "texture": "#0", "uv": [ 2.5, 10.0, 11.5, 10.5 ] },
                "down": { "texture": "#0", "uv": [ 2.5, 10.0, 11.5, 10.5 ] }
            }
        },
        {
            "name": "Element",
            "from": [ 0.0, 3.0, 19.0 ], 
            "to": [ 16.0, 4.0, 20.0 ], 
            "faces": {
                "north": { "texture": "#0", "uv": [ 11.0, 10.0, 3.0, 10.5 ] },
                "east": { "texture": "#0", "uv": [ 10.5, 10.0, 11.0, 10.5 ] },
                "south": { "texture": "#0", "uv": [ 3.0, 10.0, 11.0, 10.5 ] },
                "west": { "texture": "#0", "uv": [ 3.0, 10.0, 3.5, 10.5 ] },
                "up": { "texture": "#0", "uv": [ 3.0, 10.0, 11.0, 10.5 ] },
                "down": { "texture": "#0", "uv": [ 3.0, 10.0, 11.0, 10.5 ] }
            }
        },
        {
            "name": "Element",
            "from": [ 6.0, 3.0, 21.0 ], 
            "to": [ 10.0, 4.0, 22.0 ], 
            "faces": {
                "north": { "texture": "#0", "uv": [ 8.0, 10.0, 6.0, 10.5 ] },
                "east": { "texture": "#0", "uv": [ 7.5, 10.0, 8.0, 10.5 ] },
                "south": { "texture": "#0", "uv": [ 6.0, 10.0, 8.0, 10.5 ] },
                "west": { "texture": "#0", "uv": [ 6.0, 10.0, 6.5, 10.5 ] },
                "up": { "texture": "#0", "uv": [ 6.0, 10.0, 8.0, 10.5 ] },
                "down": { "texture": "#0", "uv": [ 6.0, 10.0, 8.0, 10.5 ] }
            }
        },
        {
            "name": "Element",
            "from": [ -2.0, 4.0, 17.0 ], 
            "to": [ 18.0, 5.0, 18.0 ], 
            "faces": {
                "north": { "texture": "#0", "uv": [ 12.0, 9.5, 2.0, 10.0 ] },
                "east": { "texture": "#0", "uv": [ 11.5, 9.5, 12.0, 10.0 ] },
                "south": { "texture": "#0", "uv": [ 2.0, 9.5, 12.0, 10.0 ] },
                "west": { "texture": "#0", "uv": [ 2.0, 9.5, 2.5, 10.0 ] },
                "up": { "texture": "#0", "uv": [ 2.0, 9.5, 12.0, 10.0 ] },
                "down": { "texture": "#0", "uv": [ 2.0, 9.5, 12.0, 10.0 ] }
            }
        },
        {
            "name": "Element",
            "from": [ 2.0, 3.0, 20.0 ], 
            "to": [ 14.0, 4.0, 21.0 ], 
            "faces": {
                "north": { "texture": "#0", "uv": [ 10.0, 10.0, 4.0, 10.5 ] },
                "east": { "texture": "#0", "uv": [ 9.5, 10.0, 10.0, 10.5 ] },
                "south": { "texture": "#0", "uv": [ 4.0, 10.0, 10.0, 10.5 ] },
                "west": { "texture": "#0", "uv": [ 4.0, 10.0, 4.5, 10.5 ] },
                "up": { "texture": "#0", "uv": [ 4.0, 10.0, 10.0, 10.5 ] },
                "down": { "texture": "#0", "uv": [ 4.0, 10.0, 10.0, 10.5 ] }
            }
        },
        {
            "name": "Element",
            "from": [ 0.0, 4.0, 18.0 ], 
            "to": [ 16.0, 6.0, 19.0 ], 
            "faces": {
                "north": { "texture": "#0", "uv": [ 11.0, 9.5, 3.0, 10.0 ] },
                "east": { "texture": "#0", "uv": [ 10.5, 9.5, 11.0, 10.0 ] },
                "south": { "texture": "#0", "uv": [ 3.0, 8.5, 11.0, 9.0 ] },
                "west": { "texture": "#0", "uv": [ 3.0, 9.5, 3.5, 10.0 ] },
                "up": { "texture": "#0", "uv": [ 3.0, 9.5, 11.0, 10.0 ] },
                "down": { "texture": "#0", "uv": [ 3.0, 9.5, 11.0, 10.0 ] }
            }
        },
        {
            "name": "Element",
            "from": [ 2.0, 4.0, 19.0 ], 
            "to": [ 6.0, 6.0, 20.0 ], 
            "faces": {
                "north": { "texture": "#0", "uv": [ 6.0, 9.0, 4.0, 10.0 ] },
                "east": { "texture": "#0", "uv": [ 5.5, 9.0, 6.0, 10.0 ] },
                "south": { "texture": "#0", "uv": [ 4.0, 9.0, 6.0, 10.0 ] },
                "west": { "texture": "#0", "uv": [ 4.0, 9.0, 4.5, 10.0 ] },
                "up": { "texture": "#0", "uv": [ 4.0, 9.0, 6.0, 9.5 ] },
                "down": { "texture": "#0", "uv": [ 4.0, 9.5, 6.0, 10.0 ] }
            }
        },
        {
            "name": "Element",
            "from": [ 10.0, 4.0, 19.0 ], 
            "to": [ 14.0, 6.0, 20.0 ], 
            "faces": {
                "north": { "texture": "#0", "uv": [ 4.0, 9.0, 6.0, 10.0 ] },
                "east": { "texture": "#0", "uv": [ 4.0, 9.0, 4.5, 10.0 ] },
                "south": { "texture": "#0", "uv": [ 6.0, 9.0, 4.0, 10.0 ] },
                "west": { "texture": "#0", "uv": [ 5.5, 9.0, 6.0, 10.0 ] },
                "up": { "texture": "#0", "uv": [ 4.0, 9.0, 6.0, 9.5 ] },
                "down": { "texture": "#0", "uv": [ 4.0, 9.5, 6.0, 10.0 ] }
            }
        },
        {
            "name": "Element",
            "from": [ 6.0, 4.0, 19.0 ], 
            "to": [ 10.0, 5.0, 21.0 ], 
            "faces": {
                "north": { "texture": "#0", "uv": [ 8.0, 9.5, 6.0, 10.0 ] },
                "east": { "texture": "#0", "uv": [ 7.5, 9.5, 8.0, 10.0 ] },
                "south": { "texture": "#0", "uv": [ 6.0, 9.5, 8.0, 10.0 ] },
                "west": { "texture": "#0", "uv": [ 6.0, 9.5, 6.5, 10.0 ] },
                "up": { "texture": "#0", "uv": [ 6.0, 9.5, 8.0, 10.0 ] },
                "down": { "texture": "#0", "uv": [ 6.0, 9.5, 8.0, 10.0 ] }
            }
        },
        {
            "name": "Element",
            "from": [ 7.0, 4.0, 21.0 ], 
            "to": [ 9.0, 5.0, 22.0 ], 
            "faces": {
                "north": { "texture": "#0", "uv": [ 8.0, 9.5, 6.0, 10.0 ] },
                "east": { "texture": "#0", "uv": [ 7.5, 9.5, 8.0, 10.0 ] },
                "south": { "texture": "#0", "uv": [ 6.0, 9.5, 8.0, 10.0 ] },
                "west": { "texture": "#0", "uv": [ 6.0, 9.5, 6.5, 10.0 ] },
                "up": { "texture": "#0", "uv": [ 6.0, 9.5, 8.0, 10.0 ] },
                "down": { "texture": "#0", "uv": [ 6.0, 9.5, 8.0, 10.0 ] }
            }
        },
        {
            "name": "Element",
            "from": [ 6.0, 5.0, 19.0 ], 
            "to": [ 10.0, 6.0, 21.0 ], 
            "faces": {
                "north": { "texture": "#0", "uv": [ 8.0, 9.5, 6.0, 10.0 ] },
                "east": { "texture": "#0", "uv": [ 7.5, 9.5, 8.0, 10.0 ] },
                "south": { "texture": "#0", "uv": [ 6.0, 9.5, 8.0, 10.0 ] },
                "west": { "texture": "#0", "uv": [ 6.0, 9.5, 6.5, 10.0 ] },
                "up": { "texture": "#0", "uv": [ 6.0, 9.5, 8.0, 10.0 ] },
                "down": { "texture": "#0", "uv": [ 6.0, 9.5, 8.0, 10.0 ] }
            }
        },
        {
            "name": "Element",
            "from": [ -2.0, 5.0, 17.0 ], 
            "to": [ 18.0, 6.0, 18.0 ], 
            "faces": {
                "north": { "texture": "#0", "uv": [ 12.0, 9.0, 2.0, 9.5 ] },
                "east": { "texture": "#0", "uv": [ 11.5, 9.0, 12.0, 9.5 ] },
                "south": { "texture": "#0", "uv": [ 2.0, 9.0, 12.0, 9.5 ] },
                "west": { "texture": "#0", "uv": [ 2.0, 9.0, 2.5, 9.5 ] },
                "up": { "texture": "#0", "uv": [ 2.0, 9.0, 12.0, 9.5 ] },
                "down": { "texture": "#0", "uv": [ 2.0, 9.0, 12.0, 9.5 ] }
            }
        },
        {
            "name": "Element",
            "from": [ 3.0, 6.0, 19.0 ], 
            "to": [ 6.0, 7.0, 20.0 ], 
            "faces": {
                "north": { "texture": "#0", "uv": [ 6.0, 8.5, 4.5, 9.0 ] },
                "east": { "texture": "#0", "uv": [ 5.5, 8.5, 6.0, 9.0 ] },
                "south": { "texture": "#0", "uv": [ 6.0, 8.5, 4.5, 9.0 ] },
                "west": { "texture": "#0", "uv": [ 4.5, 8.5, 5.0, 9.0 ] },
                "up": { "texture": "#0", "uv": [ 4.5, 8.5, 6.0, 9.0 ] },
                "down": { "texture": "#0", "uv": [ 4.5, 8.5, 6.0, 9.0 ] }
            }
        },
        {
            "name": "Element",
            "from": [ 10.0, 6.0, 19.0 ], 
            "to": [ 13.0, 7.0, 20.0 ], 
            "faces": {
                "north": { "texture": "#0", "uv": [ 6.0, 8.5, 4.5, 9.0 ] },
                "east": { "texture": "#0", "uv": [ 5.5, 8.5, 6.0, 9.0 ] },
                "south": { "texture": "#0", "uv": [ 6.0, 8.5, 4.5, 9.0 ] },
                "west": { "texture": "#0", "uv": [ 4.5, 8.5, 5.0, 9.0 ] },
                "up": { "texture": "#0", "uv": [ 4.5, 8.5, 6.0, 9.0 ] },
                "down": { "texture": "#0", "uv": [ 4.5, 8.5, 6.0, 9.0 ] }
            }
        },
        {
            "name": "Element",
            "from": [ -2.0, 6.0, 17.0 ], 
            "to": [ 18.0, 7.0, 18.0 ], 
            "faces": {
                "north": { "texture": "#0", "uv": [ 12.0, 8.5, 2.0, 9.0 ] },
                "east": { "texture": "#0", "uv": [ 11.5, 8.5, 12.0, 9.0 ] },
                "south": { "texture": "#0", "uv": [ 2.0, 8.5, 12.0, 9.0 ] },
                "west": { "texture": "#0", "uv": [ 2.0, 8.5, 2.5, 9.0 ] },
                "up": { "texture": "#0", "uv": [ 2.0, 8.5, 12.0, 9.0 ] },
                "down": { "texture": "#0", "uv": [ 2.0, 8.5, 12.0, 9.0 ] }
            }
        },
        {
            "name": "Element",
            "from": [ 1.0, 6.0, 18.0 ], 
            "to": [ 15.0, 7.0, 19.0 ], 
            "faces": {
                "north": { "texture": "#0", "uv": [ 10.5, 8.5, 3.5, 9.0 ] },
                "east": { "texture": "#0", "uv": [ 10.0, 8.5, 10.5, 9.0 ] },
                "south": { "texture": "#0", "uv": [ 3.5, 8.5, 10.5, 9.0 ] },
                "west": { "texture": "#0", "uv": [ 3.5, 8.5, 4.0, 9.0 ] },
                "up": { "texture": "#0", "uv": [ 3.5, 8.5, 10.5, 9.0 ] },
                "down": { "texture": "#0", "uv": [ 3.5, 8.5, 10.5, 9.0 ] }
            }
        },
        {
            "name": "Element",
            "from": [ -2.0, 4.0, 18.0 ], 
            "to": [ -1.0, 7.0, 18.5 ], 
            "faces": {
                "north": { "texture": "#0", "uv": [ 2.0, 8.5, 2.5, 10.0 ] },
                "east": { "texture": "#0", "uv": [ 2.0, 8.5, 2.5, 10.0 ] },
                "south": { "texture": "#0", "uv": [ 2.0, 8.5, 2.5, 10.0 ] },
                "west": { "texture": "#0", "uv": [ 2.0, 8.5, 2.5, 10.0 ] },
                "up": { "texture": "#0", "uv": [ 2.0, 8.5, 3.0, 9.0 ] },
                "down": { "texture": "#0", "uv": [ 2.0, 8.5, 3.0, 9.0 ] }
            }
        },
        {
            "name": "Element",
            "from": [ 17.0, 4.0, 18.0 ], 
            "to": [ 18.0, 7.0, 18.5 ], 
            "faces": {
                "north": { "texture": "#0", "uv": [ 2.0, 8.5, 2.5, 10.0 ] },
                "east": { "texture": "#0", "uv": [ 2.0, 8.5, 2.5, 10.0 ] },
                "south": { "texture": "#0", "uv": [ 2.0, 8.5, 2.5, 10.0 ] },
                "west": { "texture": "#0", "uv": [ 2.0, 8.5, 2.5, 10.0 ] },
                "up": { "texture": "#0", "uv": [ 2.0, 8.5, 3.0, 9.0 ] },
                "down": { "texture": "#0", "uv": [ 2.0, 8.5, 3.0, 9.0 ] }
            }
        },
        {
            "name": "Element",
            "from": [ -1.0, 6.0, 18.0 ], 
            "to": [ 0.0, 7.0, 18.5 ], 
            "faces": {
                "north": { "texture": "#0", "uv": [ 2.0, 8.5, 2.5, 9.0 ] },
                "east": { "texture": "#0", "uv": [ 2.0, 8.5, 2.5, 9.0 ] },
                "south": { "texture": "#0", "uv": [ 2.0, 8.5, 2.5, 9.0 ] },
                "west": { "texture": "#0", "uv": [ 2.0, 8.5, 2.5, 9.0 ] },
                "up": { "texture": "#0", "uv": [ 2.0, 8.5, 3.0, 9.0 ] },
                "down": { "texture": "#0", "uv": [ 2.0, 8.5, 3.0, 9.0 ] }
            }
        },
        {
            "name": "Element",
            "from": [ 16.0, 6.0, 18.0 ], 
            "to": [ 17.0, 7.0, 18.5 ], 
            "faces": {
                "north": { "texture": "#0", "uv": [ 2.0, 8.5, 2.5, 9.0 ] },
                "east": { "texture": "#0", "uv": [ 2.0, 8.5, 2.5, 9.0 ] },
                "south": { "texture": "#0", "uv": [ 2.0, 8.5, 2.5, 9.0 ] },
                "west": { "texture": "#0", "uv": [ 2.0, 8.5, 2.5, 9.0 ] },
                "up": { "texture": "#0", "uv": [ 2.0, 8.5, 3.0, 9.0 ] },
                "down": { "texture": "#0", "uv": [ 2.0, 8.5, 3.0, 9.0 ] }
            }
        },
        {
            "name": "Element",
            "from": [ 0.0, 6.0, 17.5625 ], 
            "to": [ 1.0, 7.0, 18.0625 ], 
            "faces": {
                "north": { "texture": "#0", "uv": [ 2.0, 8.5, 2.5, 9.0 ] },
                "east": { "texture": "#0", "uv": [ 2.0, 8.5, 2.5, 9.0 ] },
                "south": { "texture": "#0", "uv": [ 2.0, 8.5, 2.5, 9.0 ] },
                "west": { "texture": "#0", "uv": [ 2.0, 8.5, 2.5, 9.0 ] },
                "up": { "texture": "#0", "uv": [ 2.0, 8.5, 3.0, 9.0 ] },
                "down": { "texture": "#0", "uv": [ 2.0, 8.5, 3.0, 9.0 ] }
            }
        },
        {
            "name": "Element",
            "from": [ -2.0, 7.0, 17.0 ], 
            "to": [ 18.0, 8.0, 19.0 ], 
            "faces": {
                "north": { "texture": "#0", "uv": [ 12.0, 8.0, 2.0, 8.5 ] },
                "east": { "texture": "#0", "uv": [ 2.0, 8.0, 2.5, 8.5 ] },
                "south": { "texture": "#0", "uv": [ 2.0, 8.0, 12.0, 8.5 ] },
                "west": { "texture": "#0", "uv": [ 2.0, 8.0, 2.5, 8.5 ] },
                "up": { "texture": "#0", "uv": [ 2.0, 8.0, 12.0, 8.5 ] },
                "down": { "texture": "#0", "uv": [ 2.0, 8.0, 12.0, 8.5 ] }
            }
        },
        {
            "name": "Element",
            "from": [ 2.0, 7.0, 19.0 ], 
            "to": [ 15.0, 8.0, 20.0 ], 
            "faces": {
                "north": { "texture": "#0", "uv": [ 4.0, 10.0, 10.5, 10.5 ] },
                "east": { "texture": "#0", "uv": [ 4.0, 8.0, 4.5, 8.5 ] },
                "south": { "texture": "#0", "uv": [ 4.0, 8.0, 10.5, 8.5 ] },
                "west": { "texture": "#0", "uv": [ 4.0, 8.0, 4.5, 8.5 ] },
                "up": { "texture": "#0", "uv": [ 4.0, 10.0, 10.5, 10.5 ] },
                "down": { "texture": "#0", "uv": [ 4.0, 11.0, 10.5, 11.5 ] }
            }
        },
        {
            "name": "Element",
            "from": [ 7.0, 6.0, 20.0 ], 
            "to": [ 9.0, 8.0, 21.0 ], 
            "faces": {
                "north": { "texture": "#0", "uv": [ 8.0, 9.5, 6.0, 10.0 ] },
                "east": { "texture": "#0", "uv": [ 7.5, 9.5, 8.0, 10.0 ] },
                "south": { "texture": "#0", "uv": [ 6.0, 9.5, 8.0, 10.0 ] },
                "west": { "texture": "#0", "uv": [ 6.0, 9.5, 6.5, 10.0 ] },
                "up": { "texture": "#0", "uv": [ 6.0, 9.5, 8.0, 10.0 ] },
                "down": { "texture": "#0", "uv": [ 6.0, 9.5, 8.0, 10.0 ] }
            }
        },
        {
            "name": "Element",
            "from": [ 6.0, 6.0, 18.0 ], 
            "to": [ 10.0, 7.0, 20.0 ], 
            "faces": {
                "north": { "texture": "#0", "uv": [ 8.0, 9.5, 6.0, 10.0 ] },
                "east": { "texture": "#0", "uv": [ 7.5, 9.5, 8.0, 10.0 ] },
                "south": { "texture": "#0", "uv": [ 6.0, 9.5, 8.0, 10.0 ] },
                "west": { "texture": "#0", "uv": [ 6.0, 9.5, 6.5, 10.0 ] },
                "up": { "texture": "#0", "uv": [ 6.0, 9.5, 8.0, 10.0 ] },
                "down": { "texture": "#0", "uv": [ 6.0, 9.5, 8.0, 10.0 ] }
            }
        },
        {
            "name": "Element",
            "from": [ -1.0, 15.0, 16.0 ], 
            "to": [ 0.0, 16.0, 17.0 ], 
            "faces": {
                "north": { "texture": "#0", "uv": [ 7.0, 4.0, 4.0, 4.5 ] },
                "east": { "texture": "#0", "uv": [ 4.0, 4.5, 5.0, 5.0 ] },
                "south": { "texture": "#0", "uv": [ 4.0, 4.0, 7.0, 4.5 ] },
                "west": { "texture": "#0", "uv": [ 6.0, 3.5, 7.0, 4.0 ] },
                "up": { "texture": "#0", "uv": [ 5.0, 4.0, 8.0, 4.5 ] },
                "down": { "texture": "#0", "uv": [ 4.0, 4.0, 7.0, 4.5 ] }
            }
        },
        {
            "name": "Element",
            "from": [ -1.0, 15.0, 17.0 ], 
            "to": [ 1.0, 16.0, 18.0 ], 
            "faces": {
                "north": { "texture": "#0", "uv": [ 4.5, 4.0, 4.5, 4.5 ] },
                "east": { "texture": "#0", "uv": [ 6.5, 4.0, 6.5, 4.5 ] },
                "south": { "texture": "#0", "uv": [ 3.5, 4.0, 3.5, 4.5 ] },
                "west": { "texture": "#0", "uv": [ 4.5, 4.0, 4.5, 4.5 ] },
                "up": { "texture": "#0", "uv": [ 4.5, 5.0, 4.5, 5.5 ] },
                "down": { "texture": "#0", "uv": [ 3.5, 4.0, 3.5, 4.5 ] }
            }
        },
        {
            "name": "Element",
            "from": [ -1.0, 14.0, 17.0 ], 
            "to": [ 0.0, 15.0, 18.0 ], 
            "faces": {
                "north": { "texture": "#0", "uv": [ 3.5, 4.0, 5.5, 4.5 ] },
                "east": { "texture": "#0", "uv": [ 4.5, 4.0, 5.5, 4.5 ] },
                "south": { "texture": "#0", "uv": [ 3.5, 4.0, 5.5, 4.5 ] },
                "west": { "texture": "#0", "uv": [ 3.5, 4.0, 4.5, 4.5 ] },
                "up": { "texture": "#0", "uv": [ 2.5, 4.0, 4.5, 4.5 ] },
                "down": { "texture": "#0", "uv": [ 3.5, 4.0, 5.5, 4.5 ] }
            }
        },
        {
            "name": "Element",
            "from": [ -1.0, 14.0, 16.0 ], 
            "to": [ 17.0, 15.0, 17.0 ], 
            "faces": {
                "north": { "texture": "#0", "uv": [ 11.5, 4.5, 2.0, 5.0 ] },
                "east": { "texture": "#0", "uv": [ 4.0, 3.5, 5.0, 4.0 ] },
                "south": { "texture": "#0", "uv": [ 2.0, 4.5, 11.5, 5.0 ] },
                "west": { "texture": "#0", "uv": [ 5.0, 3.5, 6.0, 4.0 ] },
                "up": { "texture": "#0", "uv": [ 2.0, 4.5, 11.5, 5.0 ] },
                "down": { "texture": "#0", "uv": [ 2.0, 4.5, 11.5, 5.0 ] }
            }
        },
        {
            "name": "Element",
            "from": [ -2.0, 13.0, 17.0 ], 
            "to": [ -1.0, 14.0, 18.0 ], 
            "faces": {
                "north": { "texture": "#0", "uv": [ 3.5, 4.0, 4.5, 4.5 ] },
                "east": { "texture": "#0", "uv": [ 6.5, 4.0, 7.5, 4.5 ] },
                "south": { "texture": "#0", "uv": [ 3.5, 4.0, 3.5, 4.5 ] },
                "west": { "texture": "#0", "uv": [ 4.5, 4.0, 5.5, 4.5 ] },
                "up": { "texture": "#0", "uv": [ 3.5, 4.0, 3.5, 4.5 ] },
                "down": { "texture": "#0", "uv": [ 6.5, 4.0, 6.5, 4.5 ] }
            }
        },
        {
            "name": "Element",
            "from": [ -1.0, 13.0, 16.0 ], 
            "to": [ 17.0, 14.0, 17.0 ], 
            "faces": {
                "north": { "texture": "#0", "uv": [ 11.0, 5.0, 2.0, 5.5 ] },
                "east": { "texture": "#0", "uv": [ 2.0, 5.0, 2.5, 5.5 ] },
                "south": { "texture": "#0", "uv": [ 2.0, 5.0, 9.0, 5.5 ] },
                "west": { "texture": "#0", "uv": [ 3.0, 5.0, 3.5, 5.5 ] },
                "up": { "texture": "#0", "uv": [ 2.0, 5.0, 11.0, 5.5 ] },
                "down": { "texture": "#0", "uv": [ 2.0, 5.0, 11.0, 5.5 ] }
            }
        },
        {
            "name": "Element",
            "from": [ 0.9375, 13.0, 16.0 ], 
            "to": [ 16.9375, 16.0, 18.0 ], 
            "faces": {
                "north": { "texture": "#0", "uv": [ 11.5, 4.0, 3.5, 5.5 ] },
                "east": { "texture": "#0", "uv": [ 3.5, 4.0, 4.0, 4.5 ] },
                "south": { "texture": "#0", "uv": [ 3.5, 4.0, 11.5, 5.5 ] },
                "west": { "texture": "#0", "uv": [ 3.5, 4.0, 4.0, 4.5 ] },
                "up": { "texture": "#0", "uv": [ 3.5, 4.0, 11.5, 4.5 ] },
                "down": { "texture": "#0", "uv": [ 3.5, 4.0, 11.5, 4.5 ] }
            }
        },
        {
            "name": "Element",
            "from": [ 2.0, 16.0, 18.0 ], 
            "to": [ 18.0, 17.0, 19.0 ], 
            "faces": {
                "north": { "texture": "#0", "uv": [ 11.0, 3.5, 5.0, 4.0 ] },
                "east": { "texture": "#0", "uv": [ 4.0, 3.5, 4.5, 4.0 ] },
                "south": { "texture": "#0", "uv": [ 4.0, 3.5, 11.0, 4.0 ] },
                "west": { "texture": "#0", "uv": [ 4.0, 3.5, 4.5, 4.0 ] },
                "up": { "texture": "#0", "uv": [ 4.0, 3.5, 11.0, 4.0 ] },
                "down": { "texture": "#0", "uv": [ 4.0, 3.5, 11.0, 4.0 ] }
            }
        },
        {
            "name": "Element",
            "from": [ 3.0, 17.0, 16.0 ], 
            "to": [ 19.0, 18.0, 18.0 ], 
            "faces": {
                "north": { "texture": "#0", "uv": [ 10.5, 4.0, 4.5, 4.5 ] },
                "east": { "texture": "#0", "uv": [ 5.5, 3.0, 6.0, 3.5 ] },
                "south": { "texture": "#0", "uv": [ 4.5, 3.0, 10.5, 3.5 ] },
                "west": { "texture": "#0", "uv": [ 5.5, 3.0, 6.0, 3.5 ] },
                "up": { "texture": "#0", "uv": [ 5.5, 3.0, 10.5, 3.5 ] },
                "down": { "texture": "#0", "uv": [ 5.5, 3.0, 10.5, 3.5 ] }
            }
        },
        {
            "name": "Element",
            "from": [ 4.0, 17.0, 18.0 ], 
            "to": [ 18.0, 18.0, 19.0 ], 
            "faces": {
                "north": { "texture": "#0", "uv": [ 11.0, 3.0, 5.0, 3.5 ] },
                "east": { "texture": "#0", "uv": [ 5.5, 3.0, 6.0, 3.5 ] },
                "south": { "texture": "#0", "uv": [ 5.0, 3.0, 11.0, 3.5 ] },
                "west": { "texture": "#0", "uv": [ 5.5, 3.0, 6.0, 3.5 ] },
                "up": { "texture": "#0", "uv": [ 5.0, 3.0, 11.0, 3.5 ] },
                "down": { "texture": "#0", "uv": [ 5.0, 3.0, 11.0, 3.5 ] }
            }
        },
        {
            "name": "Element",
            "from": [ 2.0, 12.0, 18.0 ], 
            "to": [ 16.0, 16.0, 19.0 ], 
            "faces": {
                "north": { "texture": "#0", "uv": [ 4.0, 4.0, 11.0, 6.0 ] },
                "east": { "texture": "#0", "uv": [ 4.5, 3.0, 5.0, 3.5 ] },
                "south": { "texture": "#0", "uv": [ 11.0, 4.0, 4.0, 6.0 ] },
                "west": { "texture": "#0", "uv": [ 4.5, 3.0, 5.0, 3.5 ] },
                "up": { "texture": "#0", "uv": [ 4.0, 4.0, 11.0, 4.5 ] },
                "down": { "texture": "#0", "uv": [ 4.0, 4.0, 11.0, 4.5 ] }
            }
        },
        {
            "name": "Element",
            "from": [ 6.0, 18.0, 18.0 ], 
            "to": [ 11.0, 19.0, 19.0 ], 
            "faces": {
                "north": { "texture": "#0", "uv": [ 8.5, 2.5, 6.0, 3.0 ] },
                "east": { "texture": "#0", "uv": [ 6.0, 2.5, 6.5, 3.0 ] },
                "south": { "texture": "#0", "uv": [ 6.0, 2.5, 8.5, 3.0 ] },
                "west": { "texture": "#0", "uv": [ 6.0, 2.5, 6.5, 3.0 ] },
                "up": { "texture": "#0", "uv": [ 6.0, 2.5, 8.5, 3.0 ] },
                "down": { "texture": "#0", "uv": [ 6.0, 2.5, 8.5, 3.0 ] }
            }
        },
        {
            "name": "Element",
            "from": [ 13.0, 18.0, 18.0 ], 
            "to": [ 19.0, 19.0, 19.0 ], 
            "faces": {
                "north": { "texture": "#0", "uv": [ 10.5, 3.5, 7.5, 4.0 ] },
                "east": { "texture": "#0", "uv": [ 10.0, 3.5, 10.5, 4.0 ] },
                "south": { "texture": "#0", "uv": [ 7.5, 3.5, 10.5, 4.0 ] },
                "west": { "texture": "#0", "uv": [ 7.5, 3.5, 8.0, 4.0 ] },
                "up": { "texture": "#0", "uv": [ 7.5, 3.5, 10.5, 4.0 ] },
                "down": { "texture": "#0", "uv": [ 7.5, 3.5, 10.5, 4.0 ] }
            }
        },
        {
            "name": "Element",
            "from": [ -2.0, 8.0, 17.0 ], 
            "to": [ 18.0, 10.0, 19.0 ], 
            "faces": {
                "north": { "texture": "#0", "uv": [ 11.5, 7.0, 2.5, 8.0 ] },
                "east": { "texture": "#0", "uv": [ 3.0, 7.5, 3.5, 8.0 ] },
                "south": { "texture": "#0", "uv": [ 2.5, 7.0, 11.5, 8.0 ] },
                "west": { "texture": "#0", "uv": [ 3.0, 7.5, 3.5, 8.0 ] },
                "up": { "texture": "#0", "uv": [ 2.5, 7.0, 11.5, 7.5 ] },
                "down": { "texture": "#0", "uv": [ 2.5, 7.5, 11.5, 8.0 ] }
            }
        },
        {
            "name": "Element",
            "from": [ -2.0, 8.0, 19.0 ], 
            "to": [ 18.0, 10.0, 20.0 ], 
            "faces": {
                "north": { "texture": "#0", "uv": [ 12.0, 7.0, 1.0, 8.0 ] },
                "east": { "texture": "#0", "uv": [ 9.5, 7.0, 10.0, 7.5 ] },
                "south": { "texture": "#0", "uv": [ 2.0, 6.500000000000002, 12.0, 7.0 ] },
                "west": { "texture": "#0", "uv": [ 9.5, 7.0, 10.0, 7.5 ] },
                "up": { "texture": "#0", "uv": [ 2.0, 7.0, 12.0, 7.5 ] },
                "down": { "texture": "#0", "uv": [ 2.0, 7.0, 11.0, 7.5 ] }
            }
        },
        {
            "name": "Element",
            "from": [ -2.0, 8.0, 20.0 ], 
            "to": [ 3.0, 10.0, 21.0 ], 
            "faces": {
                "north": { "texture": "#0", "uv": [ 2.0, 7.0, 4.5, 8.0 ] },
                "east": { "texture": "#0", "uv": [ 2.0, 7.0, 2.5, 8.0 ] },
                "south": { "texture": "#0", "uv": [ 2.0, 7.0, 4.5, 8.0 ] },
                "west": { "texture": "#0", "uv": [ 2.0, 7.0, 2.5, 8.0 ] },
                "up": { "texture": "#0", "uv": [ 2.0, 7.0, 4.5, 7.5 ] },
                "down": { "texture": "#0", "uv": [ 2.0, 7.0, 4.5, 7.5 ] }
            }
        },
        {
            "name": "Element",
            "from": [ 10.0, 8.0, 20.0 ], 
            "to": [ 16.0, 10.0, 21.0 ], 
            "faces": {
                "north": { "texture": "#0", "uv": [ 10.0, 7.0, 11.5, 8.0 ] },
                "east": { "texture": "#0", "uv": [ 2.0, 7.0, 2.5, 8.0 ] },
                "south": { "texture": "#0", "uv": [ 10.0, 7.0, 11.5, 8.0 ] },
                "west": { "texture": "#0", "uv": [ 2.0, 7.0, 2.5, 8.0 ] },
                "up": { "texture": "#0", "uv": [ 2.0, 7.0, 4.5, 7.5 ] },
                "down": { "texture": "#0", "uv": [ 2.0, 7.0, 4.5, 7.5 ] }
            }
        },
        {
            "name": "Element",
            "from": [ 3.0, 9.0, 20.0 ], 
            "to": [ 9.0, 10.0, 21.0 ], 
            "faces": {
                "north": { "texture": "#0", "uv": [ 4.5, 7.0, 7.5, 7.5 ] },
                "east": { "texture": "#0", "uv": [ 8.0, 7.0, 8.5, 7.0 ] },
                "south": { "texture": "#0", "uv": [ 4.5, 7.0, 7.5, 7.5 ] },
                "west": { "texture": "#0", "uv": [ 8.0, 7.0, 8.5, 7.0 ] },
                "up": { "texture": "#0", "uv": [ 4.5, 7.0, 7.5, 7.5 ] },
                "down": { "texture": "#0", "uv": [ 4.5, 7.0, 7.5, 7.5 ] }
            }
        },
        {
            "name": "Element",
            "from": [ 5.0, 8.0, 20.0 ], 
            "to": [ 9.0, 9.0, 21.0 ], 
            "faces": {
                "north": { "texture": "#0", "uv": [ 5.5, 7.5, 7.5, 8.0 ] },
                "east": { "texture": "#0", "uv": [ 8.0, 7.0, 8.5, 7.0 ] },
                "south": { "texture": "#0", "uv": [ 5.5, 7.5, 7.5, 8.0 ] },
                "west": { "texture": "#0", "uv": [ 8.0, 7.0, 8.5, 7.0 ] },
                "up": { "texture": "#0", "uv": [ 5.5, 7.5, 7.5, 8.0 ] },
                "down": { "texture": "#0", "uv": [ 5.5, 7.5, 7.5, 8.0 ] }
            }
        },
        {
            "name": "Element",
            "from": [ -2.0, 10.0, 18.0 ], 
            "to": [ 18.0, 11.0, 20.0 ], 
            "faces": {
                "north": { "texture": "#0", "uv": [ 12.0, 6.5, 4.0, 7.0 ] },
                "east": { "texture": "#0", "uv": [ 3.5, 6.5, 4.0, 7.0 ] },
                "south": { "texture": "#0", "uv": [ 2.0, 6.5, 11.0, 7.0 ] },
                "west": { "texture": "#0", "uv": [ 2.5, 6.5, 3.0, 7.0 ] },
                "up": { "texture": "#0", "uv": [ 2.0, 6.5, 12.0, 7.0 ] },
                "down": { "texture": "#0", "uv": [ 2.0, 6.5, 12.0, 7.0 ] }
            }
        },
        {
            "name": "Element",
            "from": [ -1.0, 11.0, 18.0 ], 
            "to": [ 18.0, 12.0, 19.0 ], 
            "faces": {
                "north": { "texture": "#0", "uv": [ 12.0, 6.0, 3.5, 6.5 ] },
                "east": { "texture": "#0", "uv": [ 5.5, 4.0, 6.0, 5.0 ] },
                "south": { "texture": "#0", "uv": [ 2.5, 6.0, 12.0, 6.5 ] },
                "west": { "texture": "#0", "uv": [ 5.5, 4.0, 6.0, 5.0 ] },
                "up": { "texture": "#0", "uv": [ 2.5, 6.0, 12.0, 6.5 ] },
                "down": { "texture": "#0", "uv": [ 2.5, 6.0, 11.0, 6.5 ] }
            }
        },
        {
            "name": "Element",
            "from": [ -2.0, 12.0, 17.0 ], 
            "to": [ 18.0, 13.0, 18.0 ], 
            "faces": {
                "north": { "texture": "#0", "uv": [ 11.0, 5.5, 3.0, 6.0 ] },
                "east": { "texture": "#0", "uv": [ 4.5, 5.0, 5.0, 6.0 ] },
                "south": { "texture": "#0", "uv": [ 2.0, 5.5, 12.0, 6.0 ] },
                "west": { "texture": "#0", "uv": [ 4.5, 5.0, 5.0, 6.0 ] },
                "up": { "texture": "#0", "uv": [ 2.0, 5.5, 12.0, 6.0 ] },
                "down": { "texture": "#0", "uv": [ 2.0, 5.5, 12.0, 6.0 ] }
            }
        },
        {
            "name": "Element",
            "from": [ 2.0, 11.0, 19.0 ], 
            "to": [ 15.0, 12.0, 20.0 ], 
            "faces": {
                "north": { "texture": "#0", "uv": [ 10.5, 6.0, 4.0, 6.5 ] },
                "east": { "texture": "#0", "uv": [ 4.0, 6.0, 4.5, 6.5 ] },
                "south": { "texture": "#0", "uv": [ 4.0, 6.0, 10.5, 6.5 ] },
                "west": { "texture": "#0", "uv": [ 4.0, 6.0, 4.5, 6.5 ] },
                "up": { "texture": "#0", "uv": [ 4.0, 6.0, 10.5, 6.5 ] },
                "down": { "texture": "#0", "uv": [ 4.0, 6.0, 10.5, 6.5 ] }
            }
        },
        {
            "name": "Element",
            "from": [ 2.0, 10.0, 20.0 ], 
            "to": [ 15.0, 11.0, 21.0 ], 
            "faces": {
                "north": { "texture": "#0", "uv": [ 10.5, 6.5, 4.0, 7.0 ] },
                "east": { "texture": "#0", "uv": [ 4.0, 7.0, 4.5, 7.5 ] },
                "south": { "texture": "#0", "uv": [ 4.0, 6.5, 10.5, 7.0 ] },
                "west": { "texture": "#0", "uv": [ 4.0, 6.5, 4.5, 7.0 ] },
                "up": { "texture": "#0", "uv": [ 4.0, 6.5, 10.5, 7.0 ] },
                "down": { "texture": "#0", "uv": [ 4.0, 6.5, 10.5, 7.0 ] }
            }
        },
        {
            "name": "Element",
            "from": [ 3.0, 9.0, 21.0 ], 
            "to": [ 9.0, 10.0, 22.0 ], 
            "faces": {
                "north": { "texture": "#0", "uv": [ 4.5, 7.0, 7.5, 7.5 ] },
                "east": { "texture": "#0", "uv": [ 5.0, 7.0, 5.5, 7.5 ] },
                "south": { "texture": "#0", "uv": [ 4.5, 7.0, 7.5, 7.5 ] },
                "west": { "texture": "#0", "uv": [ 5.0, 7.0, 5.5, 7.5 ] },
                "up": { "texture": "#0", "uv": [ 4.5, 7.0, 7.5, 7.5 ] },
                "down": { "texture": "#0", "uv": [ 4.5, 7.0, 7.5, 7.5 ] }
            }
        },
        {
            "name": "Element",
            "from": [ 5.0, 8.0, 21.0 ], 
            "to": [ 9.0, 9.0, 23.0 ], 
            "faces": {
                "north": { "texture": "#0", "uv": [ 5.5, 7.5, 7.5, 8.0 ] },
                "east": { "texture": "#0", "uv": [ 5.0, 7.0, 5.5, 7.5 ] },
                "south": { "texture": "#0", "uv": [ 5.5, 7.5, 5.5, 8.0 ] },
                "west": { "texture": "#0", "uv": [ 5.0, 7.0, 5.5, 7.5 ] },
                "up": { "texture": "#0", "uv": [ 5.5, 7.5, 6.5, 8.0 ] },
                "down": { "texture": "#0", "uv": [ 5.5, 7.5, 7.5, 8.0 ] }
            }
        },
        {
            "name": "Element",
            "from": [ 6.0, 7.0, 21.0 ], 
            "to": [ 9.0, 8.0, 23.0 ], 
            "faces": {
                "north": { "texture": "#0", "uv": [ 6.0, 8.0, 7.5, 8.5 ] },
                "east": { "texture": "#0", "uv": [ 5.0, 7.0, 5.5, 7.5 ] },
                "south": { "texture": "#0", "uv": [ 6.0, 8.0, 5.5, 8.5 ] },
                "west": { "texture": "#0", "uv": [ 5.0, 7.0, 5.5, 7.5 ] },
                "up": { "texture": "#0", "uv": [ 6.0, 8.0, 7.5, 8.5 ] },
                "down": { "texture": "#0", "uv": [ 5.5, 7.5, 6.5, 8.0 ] }
            }
        },
        {
            "name": "Element",
            "from": [ 7.0, 7.0, 23.0 ], 
            "to": [ 8.0, 8.0, 24.0 ], 
            "faces": {
                "north": { "texture": "#0", "uv": [ 6.0, 7.0, 6.5, 7.5 ] },
                "east": { "texture": "#0", "uv": [ 6.0, 7.0, 6.5, 7.5 ] },
                "south": { "texture": "#0", "uv": [ 6.0, 7.0, 6.5, 7.5 ] },
                "west": { "texture": "#0", "uv": [ 6.0, 7.0, 6.5, 7.5 ] },
                "up": { "texture": "#0", "uv": [ 6.0, 7.0, 6.5, 7.5 ] },
                "down": { "texture": "#0", "uv": [ 6.0, 7.0, 6.5, 7.5 ] }
            }
        },
        {
            "name": "Element",
            "from": [ 6.0, 6.0, 22.0 ], 
            "to": [ 7.999999985098839, 7.0, 23.0 ], 
            "faces": {
                "north": { "texture": "#0", "uv": [ 6.0, 8.0, 7.5, 8.5 ] },
                "east": { "texture": "#0", "uv": [ 5.0, 7.0, 5.5, 7.5 ] },
                "south": { "texture": "#0", "uv": [ 6.0, 8.0, 5.5, 8.5 ] },
                "west": { "texture": "#0", "uv": [ 5.0, 7.0, 5.5, 7.5 ] },
                "up": { "texture": "#0", "uv": [ 6.0, 8.0, 7.5, 8.5 ] },
                "down": { "texture": "#0", "uv": [ 5.5, 7.5, 6.5, 8.0 ] }
            }
        },
        {
            "name": "Element",
            "from": [ 1.0, 12.0, 18.0 ], 
            "to": [ 2.0, 15.0, 19.0 ], 
            "faces": {
                "north": { "texture": "#0", "uv": [ 3.5, 4.0, 4.0, 5.5 ] },
                "east": { "texture": "#0", "uv": [ 3.5, 4.0, 4.0, 5.5 ] },
                "south": { "texture": "#0", "uv": [ 3.5, 4.0, 4.0, 5.5 ] },
                "west": { "texture": "#0", "uv": [ 3.5, 4.0, 4.0, 5.5 ] },
                "up": { "texture": "#0", "uv": [ 3.5, 4.0, 4.0, 4.5 ] },
                "down": { "texture": "#0", "uv": [ 3.5, 5.0, 4.0, 5.5 ] }
            }
        },
        {
            "name": "Element",
            "from": [ 3.0, 12.0, 19.0 ], 
            "to": [ 15.0, 14.0, 20.0 ], 
            "faces": {
                "north": { "texture": "#0", "uv": [ 9.5, 5.5, 3.5, 6.5 ] },
                "east": { "texture": "#0", "uv": [ 4.5, 5.5, 5.0, 6.5 ] },
                "south": { "texture": "#0", "uv": [ 3.5, 5.5, 9.5, 6.5 ] },
                "west": { "texture": "#0", "uv": [ 4.5, 5.5, 5.0, 6.5 ] },
                "up": { "texture": "#0", "uv": [ 3.5, 5.5, 9.5, 6.0 ] },
                "down": { "texture": "#0", "uv": [ 3.5, 6.0, 9.5, 6.5 ] }
            }
        },
        {
            "name": "Element",
            "from": [ 0.0, 3.0, 4.0 ], 
            "to": [ 1.0, 6.0, 15.0 ], 
            "faces": {
                "north": { "texture": "#0", "uv": [ 7.0, 12.5, 7.5, 14.0 ] },
                "east": { "texture": "#0", "uv": [ 12.5, 12.5, 7.0, 14.0 ] },
                "south": { "texture": "#0", "uv": [ 12.0, 12.5, 12.5, 14.0 ] },
                "west": { "texture": "#0", "uv": [ 7.0, 12.5, 12.5, 14.0 ] },
                "up": { "texture": "#0", "uv": [ 7.0, 12.5, 7.5, 13.0 ] },
                "down": { "texture": "#0", "uv": [ 7.5, 13.0, 8.0, 13.5 ] }
            }
        },
        {
            "name": "Element",
            "from": [ 15.0, 11.0, 4.0 ], 
            "to": [ 16.0, 14.0, 15.0 ], 
            "faces": {
                "north": { "texture": "#0", "uv": [ 7.0, 12.5, 7.5, 14.0 ] },
                "east": { "texture": "#0", "uv": [ 12.5, 12.5, 7.0, 14.0 ] },
                "south": { "texture": "#0", "uv": [ 12.0, 12.5, 12.5, 14.0 ] },
                "west": { "texture": "#0", "uv": [ 7.0, 12.5, 12.5, 14.0 ] },
                "up": { "texture": "#0", "uv": [ 7.0, 12.5, 7.5, 13.0 ] },
                "down": { "texture": "#0", "uv": [ 7.5, 13.0, 8.0, 13.5 ] }
            }
        },
        {
            "name": "Element",
            "from": [ 15.0, 3.0, 4.0 ], 
            "to": [ 16.0, 6.0, 15.0 ], 
            "faces": {
                "north": { "texture": "#0", "uv": [ 7.0, 12.5, 7.5, 14.0 ] },
                "east": { "texture": "#0", "uv": [ 12.5, 12.5, 7.0, 14.0 ] },
                "south": { "texture": "#0", "uv": [ 12.0, 12.5, 12.5, 14.0 ] },
                "west": { "texture": "#0", "uv": [ 7.0, 12.5, 12.5, 14.0 ] },
                "up": { "texture": "#0", "uv": [ 7.0, 12.5, 7.5, 13.0 ] },
                "down": { "texture": "#0", "uv": [ 7.5, 13.0, 8.0, 13.5 ] }
            }
        },
        {
            "name": "Element",
            "from": [ 1.0, 3.5, 4.0 ], 
            "to": [ 15.0, 5.5, 5.0 ], 
            "faces": {
                "north": { "texture": "#0", "uv": [ 7.0, 12.5, 7.5, 13.5 ] },
                "east": { "texture": "#0", "uv": [ 7.0, 12.5, 7.5, 13.5 ] },
                "south": { "texture": "#0", "uv": [ 7.0, 12.5, 7.5, 13.5 ] },
                "west": { "texture": "#0", "uv": [ 7.0, 12.5, 7.5, 13.5 ] },
                "up": { "texture": "#0", "uv": [ 7.0, 12.5, 7.5, 13.5 ] },
                "down": { "texture": "#0", "uv": [ 7.0, 12.5, 7.5, 13.5 ] }
            }
        },
        {
            "name": "Cube",
            "from": [ 15.199999988079071, 19.0, 16.0 ], 
            "to": [ 20.19999998807907, 20.100000001490116, 18.0 ], 
            "faces": {
                "north": { "texture": "#0", "uv": [ 11.0, 3.5, 4.5, 4.0 ] },
                "east": { "texture": "#0", "uv": [ 4.5, 3.5, 5.5, 4.0 ] },
                "south": { "texture": "#0", "uv": [ 4.5, 3.5, 11.0, 4.0 ] },
                "west": { "texture": "#0", "uv": [ 4.5, 3.5, 5.5, 4.0 ] },
                "up": { "texture": "#0", "uv": [ 4.5, 3.5, 11.0, 4.0 ] },
                "down": { "texture": "#0", "uv": [ 4.5, 3.5, 11.0, 4.0 ] }
    }
}
],
"display":{"head":{"rotation":[0,180,0],"translation":[0,0,2.2],"scale":[1.1,1.1,1.1]},"fixed":{"rotation":[0,180,0],"translation":[0,-0.8,3.8],"scale":[1,1,1]},"gui":{"rotation":[-30,135,0],"translation":[0,-1.2,0],"scale":[0.7,0.7,0.7]}}}