{
	"credit": "Made with Blockbench",
	"textures": {
		"0": "block/skin2",
		"particle": "block/skin2"
	},
	"elements": [
		{
			"from": [0, 0, 0],
			"to": [16, 16, 16],
			"faces": {
				"north": {"uv": [2, 2, 4, 4], "texture": "#0"},
				"east": {"uv": [0, 2, 2, 4], "texture": "#0"},
				"south": {"uv": [6, 2, 8, 4], "texture": "#0"},
				"west": {"uv": [4, 2, 6, 4], "texture": "#0"},
				"up": {"uv": [2, 0, 4, 2], "rotation": 180, "texture": "#0"},
				"down": {"uv": [4, 0, 6, 2], "rotation": 180, "texture": "#0"}
			}
		},
		{
			"from": [-1, -1, -1],
			"to": [17, 17, 17],
			"faces": {
				"north": {"uv": [10, 2, 12, 4], "texture": "#0"},
				"east": {"uv": [8, 2, 10, 4], "texture": "#0"},
				"south": {"uv": [14, 2, 16, 4], "texture": "#0"},
				"west": {"uv": [12, 2, 14, 4], "texture": "#0"},
				"up": {"uv": [10, 0, 12, 2], "rotation": 180, "texture": "#0"},
				"down": {"uv": [11.75, 0, 13.75, 2], "texture": "#0"}
			}
		}
	],
	"display": {
		"head": {
			"translation": [0, 2, 0],
			"scale": [1.4, 1.4, 1.4]
		}
	}
}
