{
	"credit": "Made with Blockbench",
	"textures": {
		"1": "block/skin",
		"particle": "block/pugbody",
		"pugbody": "block/pugbody"
	},
	"elements": [
		{
			"from": [4, -12.5, 11.5],
			"to": [6, -8.5, 13.5],
			"rotation": {"angle": -22.5, "axis": "x", "origin": [4, -8.5, 11.5]},
			"faces": {
				"north": {"uv": [14, 12, 16, 16], "texture": "#pugbody", "cullface": "down"},
				"east": {"uv": [14, 12, 16, 16], "texture": "#pugbody", "cullface": "down"},
				"south": {"uv": [14, 12, 16, 16], "texture": "#pugbody", "cullface": "down"},
				"west": {"uv": [14, 12, 16, 16], "texture": "#pugbody", "cullface": "down"},
				"up": {"uv": [14, 12, 16, 14], "texture": "#pugbody", "cullface": "down"},
				"down": {"uv": [14, 15.5, 16, 16], "texture": "#pugbody", "cullface": "down"}
			}
		},
		{
			"from": [4, -11.5, 0],
			"to": [6, -7.5, 2],
			"rotation": {"angle": 22.5, "axis": "x", "origin": [4, -7.5, 0]},
			"faces": {
				"north": {"uv": [14, 12, 16, 16], "texture": "#pugbody", "cullface": "down"},
				"east": {"uv": [14, 12, 16, 16], "texture": "#pugbody", "cullface": "down"},
				"south": {"uv": [14, 12, 16, 16], "texture": "#pugbody", "cullface": "down"},
				"west": {"uv": [14, 12, 16, 16], "texture": "#pugbody", "cullface": "down"},
				"up": {"uv": [14, 12, 16, 14], "texture": "#pugbody", "cullface": "down"},
				"down": {"uv": [14, 15.5, 16, 16], "texture": "#pugbody", "cullface": "down"}
			}
		},
		{
			"from": [7, -6.5, -4.5],
			"to": [9, -4.5, -0.5],
			"faces": {
				"north": {"uv": [9, 0, 11, 2], "texture": "#pugbody", "cullface": "north"},
				"east": {"uv": [9, 0, 10.5, 2], "texture": "#pugbody", "cullface": "north"},
				"west": {"uv": [9, 0, 10.5, 2], "texture": "#pugbody", "cullface": "north"},
				"up": {"uv": [9, 0, 11, 1.5], "texture": "#pugbody", "cullface": "north"},
				"down": {"uv": [11, 1.5, 9, 0], "texture": "#pugbody", "cullface": "north"}
			}
		},
		{
			"from": [7, -4.5, -4.5],
			"to": [9, -1.5, -2.5],
			"faces": {
				"north": {"uv": [9, 0, 11, 2], "texture": "#pugbody", "cullface": "north"},
				"east": {"uv": [9, 0, 10.5, 2], "texture": "#pugbody", "cullface": "north"},
				"west": {"uv": [9, 0, 10.5, 2], "texture": "#pugbody", "cullface": "north"},
				"up": {"uv": [9, 0, 11, 1.5], "texture": "#pugbody", "cullface": "north"},
				"down": {"uv": [11, 1.5, 9, 0], "texture": "#pugbody", "cullface": "north"}
			}
		},
		{
			"from": [4.5, -10, -0.5],
			"to": [11.5, -4, 13.5],
			"faces": {
				"north": {"uv": [0, 7, 9, 16], "texture": "#pugbody", "cullface": "down"},
				"east": {"uv": [9, 7, 0, 16], "texture": "#pugbody", "cullface": "down"},
				"south": {"uv": [9, 7, 0, 16], "texture": "#pugbody", "cullface": "down"},
				"west": {"uv": [0, 7, 9, 16], "texture": "#pugbody", "cullface": "down"},
				"up": {"uv": [0, 0, 9, 9], "texture": "#pugbody", "cullface": "down"},
				"down": {"uv": [0, 15.5, 0.5, 16], "texture": "#pugbody", "cullface": "down"}
			}
		},
		{
			"from": [4.5, -8, 13.5],
			"to": [11.5, -2, 19.5],
			"faces": {
				"north": {"uv": [6, 0, 4, 2], "texture": "#1", "cullface": "down"},
				"east": {"uv": [6, 4, 4, 2], "rotation": 180, "texture": "#1", "cullface": "down"},
				"south": {"uv": [4, 2, 2, 4], "texture": "#1", "cullface": "down"},
				"west": {"uv": [0, 2, 2, 4], "texture": "#1", "cullface": "down"},
				"up": {"uv": [4, 0, 2, 2], "texture": "#1", "cullface": "down"},
				"down": {"uv": [6, 0, 4, 2], "rotation": 180, "texture": "#1", "cullface": "down"}
			}
		},
		{
			"from": [10, -11.5, 0],
			"to": [12, -7.5, 2],
			"rotation": {"angle": 22.5, "axis": "x", "origin": [10, -7.5, 0]},
			"faces": {
				"north": {"uv": [14, 12, 16, 16], "texture": "#pugbody", "cullface": "down"},
				"east": {"uv": [14, 12, 16, 16], "texture": "#pugbody", "cullface": "down"},
				"south": {"uv": [14, 12, 16, 16], "texture": "#pugbody", "cullface": "down"},
				"west": {"uv": [14, 12, 16, 16], "texture": "#pugbody", "cullface": "down"},
				"up": {"uv": [14, 12, 16, 14], "texture": "#pugbody", "cullface": "down"},
				"down": {"uv": [14, 15.5, 16, 16], "texture": "#pugbody", "cullface": "down"}
			}
		},
		{
			"from": [10, -12.5, 11.5],
			"to": [12, -8.5, 13.5],
			"rotation": {"angle": -22.5, "axis": "x", "origin": [10, -8.5, 11.5]},
			"faces": {
				"north": {"uv": [14, 12, 16, 16], "texture": "#pugbody", "cullface": "down"},
				"east": {"uv": [14, 12, 16, 16], "texture": "#pugbody", "cullface": "down"},
				"south": {"uv": [14, 12, 16, 16], "texture": "#pugbody", "cullface": "down"},
				"west": {"uv": [14, 12, 16, 16], "texture": "#pugbody", "cullface": "down"},
				"up": {"uv": [14, 12, 16, 14], "texture": "#pugbody", "cullface": "down"},
				"down": {"uv": [14, 15.5, 16, 16], "texture": "#pugbody", "cullface": "down"}
			}
		},
		{
			"from": [4, -12.5, 11.5],
			"to": [6, -8.5, 13.5],
			"rotation": {"angle": 0, "axis": "y", "origin": [9, 8, 12]},
			"faces": {
				"north": {"uv": [12, 12, 14, 16], "texture": "#pugbody", "cullface": "down"},
				"east": {"uv": [12, 12, 14, 16], "texture": "#pugbody", "cullface": "down"},
				"south": {"uv": [12, 12, 14, 16], "texture": "#pugbody", "cullface": "down"},
				"west": {"uv": [12, 12, 14, 16], "texture": "#pugbody", "cullface": "down"},
				"up": {"uv": [12, 12, 14, 14], "texture": "#pugbody", "cullface": "down"},
				"down": {"uv": [12, 15.5, 14, 16], "texture": "#pugbody", "cullface": "down"}
			}
		},
		{
			"from": [10, -12.5, 11.5],
			"to": [12, -8.5, 13.5],
			"rotation": {"angle": 0, "axis": "y", "origin": [7, 8, 12]},
			"faces": {
				"north": {"uv": [12, 12, 14, 16], "texture": "#pugbody", "cullface": "down"},
				"east": {"uv": [12, 12, 14, 16], "texture": "#pugbody", "cullface": "down"},
				"south": {"uv": [12, 12, 14, 16], "texture": "#pugbody", "cullface": "down"},
				"west": {"uv": [12, 12, 14, 16], "texture": "#pugbody", "cullface": "down"},
				"up": {"uv": [12, 12, 14, 14], "texture": "#pugbody", "cullface": "down"},
				"down": {"uv": [12, 15.5, 14, 16], "texture": "#pugbody", "cullface": "down"}
			}
		},
		{
			"from": [4, -12, 0],
			"to": [6, -8, 2],
			"faces": {
				"north": {"uv": [12, 12, 14, 16], "texture": "#pugbody", "cullface": "down"},
				"east": {"uv": [12, 12, 14, 16], "texture": "#pugbody", "cullface": "down"},
				"south": {"uv": [12, 12, 14, 16], "texture": "#pugbody", "cullface": "down"},
				"west": {"uv": [12, 12, 14, 16], "texture": "#pugbody", "cullface": "down"},
				"up": {"uv": [12, 12, 14, 14], "texture": "#pugbody", "cullface": "down"},
				"down": {"uv": [12, 15.5, 14, 16], "texture": "#pugbody", "cullface": "down"}
			}
		},
		{
			"from": [10, -12, 0],
			"to": [12, -8, 2],
			"faces": {
				"north": {"uv": [12, 12, 14, 16], "texture": "#pugbody", "cullface": "down"},
				"east": {"uv": [12, 12, 14, 16], "texture": "#pugbody", "cullface": "down"},
				"south": {"uv": [12, 12, 14, 16], "texture": "#pugbody", "cullface": "down"},
				"west": {"uv": [12, 12, 14, 16], "texture": "#pugbody", "cullface": "down"},
				"up": {"uv": [12, 12, 14, 14], "texture": "#pugbody", "cullface": "down"},
				"down": {"uv": [12, 15.5, 14, 16], "texture": "#pugbody", "cullface": "down"}
			}
		}
	],
	"display": {
		"head": {
			"rotation": [0, 180, 0],
			"translation": [0.2, -11.5, 0]
		}
	}
}