{
	"credit": "Made with Blockbench",
	"textures": {
		"1": "items/wooden_axe",
		"particle": "items/wooden_axe"
	},
	"elements": [
		{
			"from": [13, -2, 4],
			"to": [21, 2, 12],
			"rotation": {"angle": 0, "axis": "y", "origin": [-7, -7, 6]},
			"faces": {
				"north": {"uv": [0, 11, 4, 13], "texture": "#1"},
				"east": {"uv": [0, 9, 4, 11], "texture": "#1"},
				"south": {"uv": [0, 11, 4, 13], "texture": "#1"},
				"west": {"uv": [0, 9, 4, 11], "texture": "#1"},
				"up": {"uv": [0, 5, 4, 9], "rotation": 180, "texture": "#1"},
				"down": {"uv": [0, 5, 4, 9], "texture": "#1"}
			}
		},
		{
			"from": [0, -2, 2],
			"to": [11, 8, 14],
			"rotation": {"angle": 0, "axis": "y", "origin": [-7, -7, 6]},
			"faces": {
				"north": {"uv": [1, 0, 6, 5], "texture": "#1"},
				"east": {"uv": [5, 1, 5.5, 1.5], "texture": "#1"},
				"south": {"uv": [0, 0, 5, 5], "texture": "#1"},
				"west": {"uv": [0, 0, 6, 5], "texture": "#1"},
				"up": {"uv": [1, 0, 6, 5], "rotation": 180, "texture": "#1"},
				"down": {"uv": [1, 0, 6, 5], "rotation": 180, "texture": "#1"}
			}
		},
		{
			"from": [11, -2, 2],
			"to": [13, 3, 14],
			"rotation": {"angle": 0, "axis": "y", "origin": [-7, -7, 6]},
			"faces": {
				"north": {"uv": [0, 2.5, 1, 5], "texture": "#1"},
				"east": {"uv": [0, 2.5, 6, 5], "texture": "#1"},
				"south": {"uv": [5, 2.5, 6, 5], "texture": "#1"},
				"west": {"uv": [7, 7, 12, 13], "texture": "#missing"},
				"up": {"uv": [4.5, 4, 5.5, 4.5], "rotation": 180, "texture": "#1"},
				"down": {"uv": [0, 0, 1, 5], "rotation": 180, "texture": "#1"}
			}
		},
		{
			"from": [11, 3, 12],
			"to": [13, 7, 14],
			"rotation": {"angle": 0, "axis": "y", "origin": [-7, -7, 6]},
			"faces": {
				"north": {"uv": [4.5, 4, 5.5, 4.5], "texture": "#1"},
				"east": {"uv": [0, 0.5, 1, 2.5], "texture": "#1"},
				"south": {"uv": [5, 0.5, 6, 2.5], "texture": "#1"},
				"west": {"uv": [7, 7, 12, 13], "texture": "#missing"},
				"up": {"uv": [7, 7, 12, 13], "texture": "#missing"},
				"down": {"uv": [7, 7, 12, 13], "texture": "#missing"}
			}
		},
		{
			"from": [11, 4, 9.5],
			"to": [12, 6, 11],
			"rotation": {"angle": 0, "axis": "y", "origin": [-7, -7, 6]},
			"faces": {
				"north": {"uv": [6.5, 0.5, 7, 1], "texture": "#1"},
				"east": {"uv": [6.5, 0.5, 7, 1], "texture": "#1"},
				"south": {"uv": [6.5, 0.5, 7, 1], "texture": "#1"},
				"west": {"uv": [6.5, 0.5, 7, 1], "texture": "#1"},
				"up": {"uv": [6.5, 0.5, 7, 1], "texture": "#1"},
				"down": {"uv": [6.5, 0.5, 7, 1], "texture": "#1"}
			}
		},
		{
			"from": [11, 4, 5],
			"to": [12, 6, 6.5],
			"rotation": {"angle": 0, "axis": "y", "origin": [-7, -7, 6]},
			"faces": {
				"north": {"uv": [6.5, 0.5, 7, 1], "texture": "#1"},
				"east": {"uv": [6.5, 0.5, 7, 1], "texture": "#1"},
				"south": {"uv": [6.5, 0.5, 7, 1], "texture": "#1"},
				"west": {"uv": [6.5, 0.5, 7, 1], "texture": "#1"},
				"up": {"uv": [6.5, 0.5, 7, 1], "texture": "#1"},
				"down": {"uv": [6.5, 0.5, 7, 1], "texture": "#1"}
			}
		},
		{
			"from": [11, 3, 2],
			"to": [13, 7, 4],
			"rotation": {"angle": 0, "axis": "y", "origin": [-7, -7, 6]},
			"faces": {
				"north": {"uv": [0, 0.5, 1, 2.5], "texture": "#1"},
				"east": {"uv": [5, 0.5, 6, 2.5], "texture": "#1"},
				"south": {"uv": [4.5, 4, 5.5, 4.5], "rotation": 180, "texture": "#1"},
				"west": {"uv": [7, 7, 12, 13], "texture": "#missing"},
				"up": {"uv": [7, 7, 12, 13], "texture": "#missing"},
				"down": {"uv": [7, 7, 12, 13], "texture": "#missing"}
			}
		},
		{
			"from": [11, 7, 2],
			"to": [13, 8, 14],
			"rotation": {"angle": 0, "axis": "y", "origin": [-7, -7, 6]},
			"faces": {
				"north": {"uv": [0, 0, 1, 0.5], "texture": "#1"},
				"east": {"uv": [0, 0, 6, 0.5], "texture": "#1"},
				"south": {"uv": [5, 0, 6, 0.5], "texture": "#1"},
				"west": {"uv": [7, 7, 12, 13], "texture": "#missing"},
				"up": {"uv": [0, 0, 1, 5], "rotation": 180, "texture": "#1"},
				"down": {"uv": [4.5, 4, 5.5, 4.5], "rotation": 180, "texture": "#1"}
			}
		},
		{
			"from": [3, -16, 4],
			"to": [11, -14, 12],
			"rotation": {"angle": 0, "axis": "y", "origin": [-7, -8, 6]},
			"faces": {
				"north": {"uv": [4.5, 7, 5.5, 8], "texture": "#1"},
				"east": {"uv": [4.5, 7, 5.5, 8], "texture": "#1"},
				"south": {"uv": [4.5, 7, 5.5, 8], "texture": "#1"},
				"west": {"uv": [4.5, 7, 5.5, 8], "texture": "#1"},
				"up": {"uv": [0, 5, 4, 9], "rotation": 180, "texture": "#1"},
				"down": {"uv": [0, 5, 4, 9], "rotation": 90, "texture": "#1"}
			}
		},
		{
			"from": [5, -14, 6],
			"to": [9, -10, 10],
			"rotation": {"angle": 0, "axis": "y", "origin": [-7, -8, 6]},
			"faces": {
				"north": {"uv": [4, 5, 6, 8], "texture": "#1"},
				"east": {"uv": [4, 5, 6, 8], "texture": "#1"},
				"south": {"uv": [4, 5, 6, 8], "texture": "#1"},
				"west": {"uv": [4, 5, 6, 8], "texture": "#1"},
				"up": {"uv": [4, 5, 6, 8], "texture": "#1"},
				"down": {"uv": [4, 5, 6, 8], "texture": "#1"}
			}
		},
		{
			"from": [3, -10, 4],
			"to": [11, -2, 12],
			"rotation": {"angle": 0, "axis": "y", "origin": [-7, -7, 6]},
			"faces": {
				"north": {"uv": [0, 5, 4, 9], "texture": "#1"},
				"east": {"uv": [0, 5, 4, 9], "texture": "#1"},
				"south": {"uv": [0, 5, 4, 9], "texture": "#1"},
				"west": {"uv": [0, 5, 4, 9], "texture": "#1"},
				"up": {"uv": [0, 5, 4, 9], "texture": "#1"},
				"down": {"uv": [0, 5, 4, 9], "texture": "#1"}
			}
		}
	],
	"display": {
		"head": {
			"rotation": [0, 90, 0],
			"translation": [0, -6.5, 0],
			"scale": [1.5, 1.5, 1.5]
		}
	}
}
