{
	"credit": "Made with Blockbench",
	"textures": {
		"0": "items/leaf",
		"1": "items/oak_boat",
		"particle": "items/leaf"
	},
	"elements": [
		{
			"from": [7, -9, 7],
			"to": [9, 16, 9],
			"rotation": {"angle": 0, "axis": "y", "origin": [15, 8, 16]},
			"faces": {
				"north": {"uv": [0, 0, 2, 16], "texture": "#1"},
				"east": {"uv": [0, 0, 2, 16], "texture": "#1"},
				"south": {"uv": [0, 0, 2, 16], "texture": "#1"},
				"west": {"uv": [0, 0, 2, 16], "texture": "#1"},
				"up": {"uv": [0, 0, 2, 16], "texture": "#1"},
				"down": {"uv": [0, 0, 2, 16], "texture": "#1"}
			}
		},
		{
			"from": [7.05, 12, 4.8],
			"to": [8.95, 22, 6.8],
			"rotation": {"angle": 22.5, "axis": "x", "origin": [15, 8, 16]},
			"faces": {
				"north": {"uv": [0, 0, 2, 10], "texture": "#1"},
				"east": {"uv": [0, 0, 2, 10], "texture": "#1"},
				"south": {"uv": [0, 0, 2, 10], "texture": "#1"},
				"west": {"uv": [0, 0, 2, 10], "texture": "#1"},
				"up": {"uv": [0, 0, 2, 10], "texture": "#1"},
				"down": {"uv": [0, 0, 2, 10], "texture": "#1"}
			}
		},
		{
			"from": [7.1, 21, 8.8],
			"to": [8.9, 26, 10.8],
			"rotation": {"angle": -45, "axis": "x", "origin": [15, 16, 16]},
			"faces": {
				"north": {"uv": [1, 6, 3, 11], "texture": "#1"},
				"east": {"uv": [1, 6, 3, 11], "texture": "#1"},
				"south": {"uv": [1, 6, 3, 11], "texture": "#1"},
				"west": {"uv": [1, 6, 3, 11], "texture": "#1"},
				"up": {"uv": [1, 6, 3, 11], "texture": "#1"},
				"down": {"uv": [1, 6, 3, 11], "texture": "#1"}
			}
		},
		{
			"from": [8, 25.8, 7.8],
			"to": [8, 32, 11.8],
			"rotation": {"angle": -45, "axis": "x", "origin": [15, 16, 16]},
			"faces": {
				"north": {"uv": [5, 3, 11, 12], "texture": "#0"},
				"east": {"uv": [5, 3, 11, 12], "texture": "#0"},
				"south": {"uv": [5, 3, 11, 12], "texture": "#0"},
				"west": {"uv": [5, 3, 11, 12], "texture": "#0"},
				"up": {"uv": [5, 3, 11, 12], "texture": "#0"},
				"down": {"uv": [5, 3, 11, 12], "texture": "#0"}
			}
		}
	],
	"display": {
		"gui": {
			"rotation": [-45, 45, 20],
			"scale": [0.7, 0.7, 0.7]
		},
		"firstperson": {
			"rotation": [0, 160, 0],
			"scale": [1.6, 1.6, 1.6],
			"translation": [0,5,-1.5]
		},
		"thirdperson": {
			"rotation": [-110, 0, 0],
			"scale": [1.2, 1.2, 1.2],
			"translation": [0,-1.0,-6.5]
		},
		"fixed": {
			"rotation": [-45, 90, 0],
			"translation": [0, 0.2, 0]
		}
	}
}
