{
	"credit": "Made with Blockbench",
	"textures": {
		"0": "items/glove",
		"particle": "items/glove"
	},
	"elements": [
		{
			"from": [2, 0, 5],
			"to": [13, 10, 11],
			"rotation": {"angle": 0, "axis": "y", "origin": [9, 8, 8]},
			"faces": {
				"north": {"uv": [0, 6, 11, 16], "texture": "#0"},
				"east": {"uv": [1, 4, 7, 14], "texture": "#0"},
				"south": {"uv": [0, 4, 11, 14], "texture": "#0"},
				"west": {"uv": [0, 4, 6, 14], "texture": "#0"},
				"up": {"uv": [3, 1, 14, 7], "texture": "#0"},
				"down": {"uv": [3, 1, 14, 7], "texture": "#0"}
			}
		},
		{
			"from": [3, 0, 4],
			"to": [12, 10, 5],
			"rotation": {"angle": 0, "axis": "y", "origin": [9, 8, 1]},
			"faces": {
				"north": {"uv": [1, 6, 10, 16], "texture": "#0"},
				"east": {"uv": [0, 6, 1, 16], "texture": "#0"},
				"south": {"uv": [0, 0, 9, 10], "texture": "#missing"},
				"west": {"uv": [12, 6, 13, 16], "texture": "#0"},
				"up": {"uv": [2, 5, 11, 6], "texture": "#0"},
				"down": {"uv": [2, 0, 11, 1], "texture": "#0"}
			}
		},
		{
			"from": [3, 0, 11],
			"to": [12, 10, 12],
			"rotation": {"angle": 0, "axis": "y", "origin": [9, 8, 8]},
			"faces": {
				"north": {"uv": [1, 6, 10, 16], "texture": "#0"},
				"east": {"uv": [0, 4, 1, 14], "texture": "#0"},
				"south": {"uv": [3, 6, 12, 16], "texture": "#0"},
				"west": {"uv": [12, 6, 13, 16], "texture": "#0"},
				"up": {"uv": [3, 5, 12, 6], "texture": "#0"},
				"down": {"uv": [4, 0, 13, 1], "texture": "#0"}
			}
		},
		{
			"from": [8, 10, 4],
			"to": [12, 17, 5],
			"rotation": {"angle": 0, "axis": "y", "origin": [9, 8, 1]},
			"faces": {
				"north": {"uv": [3, 1, 7, 8], "texture": "#0"},
				"east": {"uv": [3, 1, 4, 8], "texture": "#0"},
				"south": {"uv": [0, 0, 4, 7], "texture": "#missing"},
				"west": {"uv": [7, 1, 8, 8], "texture": "#0"},
				"up": {"uv": [3, 0, 7, 1], "texture": "#0"},
				"down": {"uv": [0, 0, 4, 1], "texture": "#missing"}
			}
		},
		{
			"from": [8, 10, 11],
			"to": [12, 17, 12],
			"rotation": {"angle": 0, "axis": "y", "origin": [9, 8, 8]},
			"faces": {
				"north": {"uv": [3, 1, 7, 8], "texture": "#0"},
				"east": {"uv": [2, 3, 3, 10], "texture": "#0"},
				"south": {"uv": [6, 1, 10, 8], "texture": "#0"},
				"west": {"uv": [7, 1, 8, 8], "texture": "#0"},
				"up": {"uv": [2, 0, 6, 1], "texture": "#0"},
				"down": {"uv": [0, 0, 4, 1], "texture": "#missing"}
			}
		},
		{
			"from": [3, 10, 4],
			"to": [5, 13, 5],
			"rotation": {"angle": 0, "axis": "y", "origin": [9, 8, 1]},
			"faces": {
				"north": {"uv": [8, 3, 10, 6], "texture": "#0"},
				"east": {"uv": [7, 1, 8, 4], "texture": "#0"},
				"south": {"uv": [0, 0, 2, 3], "texture": "#missing"},
				"west": {"uv": [10, 1, 11, 4], "texture": "#0"},
				"up": {"uv": [8, 2, 10, 3], "texture": "#0"},
				"down": {"uv": [0, 0, 2, 1], "texture": "#missing"}
			}
		},
		{
			"from": [3, 10, 11],
			"to": [5, 13, 12],
			"rotation": {"angle": 0, "axis": "y", "origin": [9, 8, 8]},
			"faces": {
				"north": {"uv": [8, 3, 10, 6], "texture": "#0"},
				"east": {"uv": [7, 1, 8, 4], "texture": "#0"},
				"south": {"uv": [7, 3, 9, 6], "texture": "#0"},
				"west": {"uv": [10, 1, 11, 4], "texture": "#0"},
				"up": {"uv": [8, 2, 10, 3], "texture": "#0"},
				"down": {"uv": [0, 0, 2, 1], "texture": "#missing"}
			}
		},
		{
			"from": [2, 10, 5],
			"to": [6, 13, 11],
			"rotation": {"angle": 0, "axis": "y", "origin": [9, 10, 8]},
			"faces": {
				"north": {"uv": [7, 3, 11, 6], "texture": "#0"},
				"east": {"uv": [0, 1, 6, 4], "texture": "#0"},
				"south": {"uv": [0, 1, 4, 4], "texture": "#0"},
				"west": {"uv": [0, 1, 6, 4], "texture": "#0"},
				"up": {"uv": [1, 0, 5, 6], "texture": "#0"},
				"down": {"uv": [0, 0, 4, 6], "texture": "#missing"}
			}
		},
		{
			"from": [3, 13, 5],
			"to": [5, 14, 11],
			"rotation": {"angle": 0, "axis": "y", "origin": [9, 9, 8]},
			"faces": {
				"north": {"uv": [8, 2, 10, 3], "texture": "#0"},
				"east": {"uv": [2, 1, 8, 2], "texture": "#0"},
				"south": {"uv": [2, 0, 4, 1], "texture": "#0"},
				"west": {"uv": [2, 0, 8, 1], "texture": "#0"},
				"up": {"uv": [2, 0, 4, 6], "texture": "#0"},
				"down": {"uv": [0, 0, 2, 6], "texture": "#missing"}
			}
		},
		{
			"from": [6, 10, 6],
			"to": [7, 12, 10],
			"rotation": {"angle": 0, "axis": "y", "origin": [9, 10, 8]},
			"faces": {
				"north": {"uv": [6, 4, 7, 6], "texture": "#0"},
				"east": {"uv": [0, 0, 4, 2], "texture": "#missing"},
				"south": {"uv": [2, 0, 3, 2], "texture": "#0"},
				"west": {"uv": [0, 0, 4, 2], "texture": "#missing"},
				"up": {"uv": [0, 0, 1, 4], "texture": "#0"},
				"down": {"uv": [0, 0, 1, 4], "texture": "#0"}
			}
		},
		{
			"from": [7, 10, 5],
			"to": [13, 17, 11],
			"rotation": {"angle": 0, "axis": "y", "origin": [9, 10, 8]},
			"faces": {
				"north": {"uv": [0, 3, 6, 10], "texture": "#0"},
				"east": {"uv": [5, 9, 11, 16], "texture": "#0"},
				"south": {"uv": [8, 1, 14, 8], "texture": "#0"},
				"west": {"uv": [5, 3, 11, 10], "texture": "#0"},
				"up": {"uv": [2, 1, 8, 7], "texture": "#0"},
				"down": {"uv": [0, 0, 6, 6], "texture": "#missing"}
			}
		},
		{
			"from": [8, 17, 5],
			"to": [12, 18, 11],
			"rotation": {"angle": 0, "axis": "y", "origin": [9, 9, 8]},
			"faces": {
				"north": {"uv": [3, 0, 7, 1], "texture": "#0"},
				"east": {"uv": [5, 5, 11, 6], "texture": "#0"},
				"south": {"uv": [1, 0, 5, 1], "texture": "#0"},
				"west": {"uv": [3, 0, 9, 1], "texture": "#0"},
				"up": {"uv": [3, 1, 7, 7], "texture": "#0"},
				"down": {"uv": [0, 0, 4, 6], "texture": "#missing"}
			}
		}
	],
	"display": {
		"thirdperson": {
			"rotation": [0, -90, 0],
			"translation": [0, 2.5, 0],
			"scale": [0.85, 0.75, 0.85]
		},
		"firstperson": {
			"rotation": [0, 70, -20],
			"translation": [0, 4, 0],
			"scale": [1, 1.1, 1]
		},
		"gui": {
			"rotation": [0, 0, 0],
			"translation": [0, 0, 0],
			"scale": [1, 1, 1]
		}
	}
}
