{"__comment":"Designed by Hypixel minecraft server with BDcraft Cubik PRO 0.90 Beta - http://bdcraft.net","textures":{"particle":"items/brush","texture":"items/brush"},"elements":[{"from":[5,-16,6.5],"to":[11,20,9.5],"faces":{"down":{"uv":[6.5,15.5,8.5,16],"texture":"#texture"},"up":{"uv":[6.5,4,8.5,4.5],"texture":"#texture"},"north":{"uv":[8.5,4,6.5,16],"texture":"#texture"},"south":{"uv":[6.5,4,8.5,16],"texture":"#texture"},"west":{"uv":[6.5,4,7,16],"texture":"#texture"},"east":{"uv":[8,4,8.5,16],"texture":"#texture"}}},{"from":[3.5,-14.5,6.5],"to":[12.5,6.5,9.5],"faces":{"down":{"uv":[6,15,9,15.5],"texture":"#texture"},"up":{"uv":[6,8.5,9,9],"texture":"#texture"},"north":{"uv":[9,8.5,6,15.5],"texture":"#texture"},"south":{"uv":[6,8.5,9,15.5],"texture":"#texture"},"west":{"uv":[6,8.5,6.5,15.5],"texture":"#texture"},"east":{"uv":[8.5,8.5,9,15.5],"texture":"#texture"}}},{"from":[2,-11.5,6.5],"to":[14,5,9.5],"faces":{"down":{"uv":[5.5,14,9.5,14.5],"texture":"#texture"},"up":{"uv":[5.5,9,9.5,9.5],"texture":"#texture"},"north":{"uv":[9.5,9,5.5,14.5],"texture":"#texture"},"south":{"uv":[5.5,9,9.5,14.5],"texture":"#texture"},"west":{"uv":[5.5,9,6,14.5],"texture":"#texture"},"east":{"uv":[9,9,9.5,14.5],"texture":"#texture"}}},{"from":[3.5,8,6.5],"to":[12.5,18.5,9.5],"faces":{"down":{"uv":[6,7.5,9,8],"texture":"#texture"},"up":{"uv":[6,4.5,9,5],"texture":"#texture"},"north":{"uv":[9,4.5,6,8],"texture":"#texture"},"south":{"uv":[6,4.5,9,8],"texture":"#texture"},"west":{"uv":[6,4.5,6.5,8],"texture":"#texture"},"east":{"uv":[8.5,4.5,9,8],"texture":"#texture"}}},{"from":[2,9.5,6.5],"to":[3.5,15.5,9.5],"faces":{"down":{"uv":[5.5,7,6,7.5],"texture":"#texture"},"up":{"uv":[5.5,5.5,6,6],"texture":"#texture"},"north":{"uv":[6,5.5,5.5,7.5],"texture":"#texture"},"south":{"uv":[5.5,5.5,6,7.5],"texture":"#texture"},"west":{"uv":[5.5,5.5,6,7.5],"texture":"#texture"}}},{"from":[12.5,11,6.5],"to":[14,17,9.5],"faces":{"down":{"uv":[9,6.5,9.5,7],"texture":"#texture"},"up":{"uv":[9,5,9.5,5.5],"texture":"#texture"},"north":{"uv":[9.5,5,9,7],"texture":"#texture"},"south":{"uv":[9,5,9.5,7],"texture":"#texture"},"east":{"uv":[9,5,9.5,7],"texture":"#texture"}}},{"from":[6.5,18.5,6.5],"to":[12.5,21.5,9.5],"faces":{"up":{"uv":[7,3.5,9,4.5],"texture":"#texture"},"north":{"uv":[9,3.5,7,4.5],"texture":"#texture"},"south":{"uv":[7,3.5,9,4.5],"texture":"#texture"},"west":{"uv":[7,3.5,7.5,4.5],"texture":"#texture"},"east":{"uv":[8.5,3.5,9,4.5],"texture":"#texture"}}},{"from":[8,21.5,6.5],"to":[11,23,9.5],"faces":{"up":{"uv":[7.5,3.5,8,4],"texture":"#texture"},"north":{"uv":[7.5,3.5,8,4],"texture":"#texture"},"south":{"uv":[7.5,4,8,3.5],"texture":"#texture"},"west":{"uv":[7.5,3.5,8,4],"texture":"#texture"},"east":{"uv":[8,3.5,7.5,4],"texture":"#texture"}}},{"from":[9.5,23,6.5],"to":[11,24.5,9.5],"faces":{"up":{"uv":[7.5,3.5,8,4],"texture":"#texture"},"north":{"uv":[7.5,3.5,8,4],"texture":"#texture"},"south":{"uv":[7.5,4,8,3.5],"texture":"#texture"},"west":{"uv":[7.5,3.5,8,4],"texture":"#texture"},"east":{"uv":[8,3.5,7.5,4],"texture":"#texture"}}}],"display":{"thirdperson":{"rotation":[2,90,-69],"translation":[0,2,-4.0],"scale":[0.4,0.4,0.4 ]},"head":{"rotation":[0,0,45],"translation":[-8.8,4.4,0],"scale":[5,5,5 ]},"firstperson":{"rotation":[0,-135,25],"translation":[6.8,6.8,-1.4],"scale":[1,1,1 ]},"gui":{"rotation":[-30,135,-45],"translation":[0,1.6,-1.1],"scale":[1.0,0.6,0.6 ]}}}