{
  "Pug.intruders.activation": {
    "category": "master",
    "sounds": [
      "Pug/intruders_activation"
    ]
  },
  "mob.wolf.bark":  {
    "category": "master",
    "replace": true,
    "sounds": [
      "BlackCat/bark"
      ]
  },
  "mob.wolf.howl":  {
    "category": "master",
    "replace": true,
    "sounds": [
      "BlackCat/howl"
      ]
  },
  "mob.wolf.growl":  {
    "category": "master",
    "replace": true,
    "sounds": [
      "BlackCat/bark"
      ]
  },
  "mob.wolf.hurt":  {
    "category": "master",
    "replace": true,
    "sounds": [
      "BlackCat/hitt1",
      "BlackCat/hitt2",
      "BlackCat/hitt3"
      ]
  }
}