{
    "__comment": "Model generated using MrCrayfish's Model Creator (http://mrcrayfish.com/modelcreator/)",
    "textures": {
        "particle": "blocks/blocks/blocks/blocks/blocks/blocks/pinky",
        "0": "blocks/pinky"
    },
    "elements": [
        {
            "name": "Cube",
            "from": [ 0.4999999925494194, 0.0, 0.0 ], 
            "to": [ 15.49999999254942, 20.0, 1.0 ], 
            "faces": {
                "north": { "texture": "#0", "uv": [ 0.5, -2.7755575615628914E-17, 8.299999999999999, 10.0 ] },
                "east": { "texture": "#0", "uv": [ 1.0, 1.0, 3.0, 5.0 ] },
                "south": { "texture": "#0", "uv": [ 1.0, 0.0, 3.0, 6.0 ] },
                "west": { "texture": "#0", "uv": [ 9.0, 8.0, 12.0, 13.0 ] },
                "up": { "texture": "#0", "uv": [ 0.0, 5.0, 2.0, 3.0 ] },
                "down": { "texture": "#0", "uv": [ 9.0, 8.0, 14.0, 9.0 ] }
            }
        },
        {
            "name": "Cube",
            "from": [ 0.4999999925494194, 0.0, 15.0 ], 
            "to": [ 15.49999999254942, 20.0, 16.0 ], 
            "faces": {
                "north": { "texture": "#0", "uv": [ 8.0, 8.0, 13.0, 16.0 ] },
                "east": { "texture": "#0", "uv": [ 8.0, 8.0, 13.0, 16.0 ] },
                "south": { "texture": "#0", "uv": [ 8.0, 8.0, 13.500000000000002, 16.0 ] },
                "west": { "texture": "#0", "uv": [ 8.0, 8.0, 13.0, 16.0 ] },
                "up": { "texture": "#0", "uv": [ 8.0, 8.0, 13.0, 16.0 ] },
                "down": { "texture": "#0", "uv": [ 8.0, 8.0, 13.0, 16.0 ] }
            }
        },
        {
            "name": "Cube",
            "from": [ -0.5000000074505806, 0.0, 1.0 ], 
            "to": [ 0.4999999925494194, 20.0, 15.0 ], 
            "faces": {
                "north": { "texture": "#0", "uv": [ 8.0, 8.0, 13.0, 16.0 ] },
                "east": { "texture": "#0", "uv": [ 8.0, 8.0, 13.0, 16.0 ] },
                "south": { "texture": "#0", "uv": [ 8.0, 8.0, 13.0, 16.0 ] },
                "west": { "texture": "#0", "uv": [ 8.0, 8.0, 13.500000000000002, 16.0 ] },
                "up": { "texture": "#0", "uv": [ 8.0, 8.0, 13.0, 16.0 ] },
                "down": { "texture": "#0", "uv": [ 8.0, 8.0, 13.0, 16.0 ] }
            }
        },
        {
            "name": "Cube",
            "from": [ 15.49999999254942, 0.0, 1.0 ], 
            "to": [ 16.49999999254942, 20.0, 15.0 ], 
            "faces": {
                "north": { "texture": "#0", "uv": [ 8.0, 8.0, 13.0, 16.0 ] },
                "east": { "texture": "#0", "uv": [ 8.0, 8.0, 13.499999999999998, 16.0 ] },
                "south": { "texture": "#0", "uv": [ 8.0, 8.0, 13.0, 16.0 ] },
                "west": { "texture": "#0", "uv": [ 8.0, 8.0, 13.0, 16.0 ] },
                "up": { "texture": "#0", "uv": [ 8.0, 8.0, 13.0, 16.0 ] },
                "down": { "texture": "#0", "uv": [ 8.0, 9.0, 13.0, 16.0 ] }
            }
        },
        {
            "name": "Cube",
            "from": [ 0.4999999925494194, 20.0, 1.0 ], 
            "to": [ 15.49999999254942, 21.0, 15.0 ], 
            "faces": {
                "north": { "texture": "#0", "uv": [ 8.0, 8.0, 13.0, 16.0 ] },
                "east": { "texture": "#0", "uv": [ 8.0, 12.0, 15.0, 16.0 ] },
                "south": { "texture": "#0", "uv": [ 8.0, 8.0, 12.0, 16.0 ] },
                "west": { "texture": "#0", "uv": [ 8.0, 9.0, 12.0, 16.0 ] },
                "up": { "texture": "#0", "uv": [ 8.0, 9.0, 13.0, 16.0 ] },
                "down": { "texture": "#0", "uv": [ 8.0, 9.0, 13.0, 16.0 ] }
            }
        },
        {
            "name": "Cube",
            "from": [ 14.49999999254942, 0.0, -0.09999998658895493 ], 
            "to": [ 15.49999999254942, 1.0, 0.9000000134110451 ], 
            "faces": {
                "north": { "texture": "#0", "uv": [ 1.0, 4.0, 2.0, 5.0 ] },
                "east": { "texture": "#0", "uv": [ 1.0, 4.0, 2.0, 5.0 ] },
                "south": { "texture": "#0", "uv": [ 2.0, 4.0, 3.0, 5.0 ] },
                "west": { "texture": "#0", "uv": [ 2.0, 4.0, 3.0, 5.0 ] },
                "up": { "texture": "#0", "uv": [ 2.0, 5.0, 3.0, 6.0 ] },
                "down": { "texture": "#0", "uv": [ 2.0, 5.0, 3.0, 6.0 ] }
            }
        },
        {
            "name": "Cube",
            "from": [ 14.49999999254942, 19.0, -0.09999998658895493 ], 
            "to": [ 15.49999999254942, 20.0, 0.9000000134110451 ], 
            "faces": {
                "north": { "texture": "#0", "uv": [ 1.0, 4.0, 2.0, 5.0 ] },
                "east": { "texture": "#0", "uv": [ 1.0, 4.0, 2.0, 5.0 ] },
                "south": { "texture": "#0", "uv": [ 2.0, 4.0, 3.0, 5.0 ] },
                "west": { "texture": "#0", "uv": [ 2.0, 4.0, 3.0, 5.0 ] },
                "up": { "texture": "#0", "uv": [ 2.0, 5.0, 3.0, 6.0 ] },
                "down": { "texture": "#0", "uv": [ 2.0, 5.0, 3.0, 6.0 ] }
            }
        },
        {
            "name": "Cube",
            "from": [ 0.4999999925494194, 19.0, -0.09999998658895493 ], 
            "to": [ 1.4999999925494194, 20.0, 0.9000000134110451 ], 
            "faces": {
                "north": { "texture": "#0", "uv": [ 1.0, 4.0, 2.0, 5.0 ] },
                "east": { "texture": "#0", "uv": [ 1.0, 4.0, 2.0, 5.0 ] },
                "south": { "texture": "#0", "uv": [ 2.0, 4.0, 3.0, 5.0 ] },
                "west": { "texture": "#0", "uv": [ 2.0, 4.0, 3.0, 5.0 ] },
                "up": { "texture": "#0", "uv": [ 2.0, 5.0, 3.0, 6.0 ] },
                "down": { "texture": "#0", "uv": [ 2.0, 5.0, 3.0, 6.0 ] }
            }
        },
        {
            "name": "Cube",
            "from": [ -0.5000000074505806, 0.0, 1.0 ], 
            "to": [ 14.49999999254942, 1.0, 15.0 ], 
            "faces": {
                "north": { "texture": "#0", "uv": [ 8.0, 8.0, 13.0, 16.0 ] },
                "east": { "texture": "#0", "uv": [ 8.0, 12.0, 15.0, 16.0 ] },
                "south": { "texture": "#0", "uv": [ 8.0, 8.0, 12.0, 16.0 ] },
                "west": { "texture": "#0", "uv": [ 8.0, 9.0, 12.0, 16.0 ] },
                "up": { "texture": "#0", "uv": [ 8.0, 9.0, 13.0, 16.0 ] },
                "down": { "texture": "#0", "uv": [ 8.0, 9.0, 13.0, 16.0 ] }
            }
        },
        {
            "name": "Cube",
            "from": [ 0.0, 4.0, 0.0 ], 
            "to": [ 1.0, 7.000000014901161, 1.0 ], 
            "faces": {
                "north": { "texture": "#0", "uv": [ 3.0, 4.0, 4.0, 6.300000004470348 ] },
                "east": { "texture": "#0", "uv": [ 4.0, 6.0, 5.0, 8.300000004470348 ] },
                "south": { "texture": "#0", "uv": [ 4.0, 5.0, 5.0, 7.300000004470348 ] },
                "west": { "texture": "#0", "uv": [ 3.0, 4.0, 4.0, 6.300000004470348 ] },
                "up": { "texture": "#0", "uv": [ 5.0, 5.0, 6.0, 6.0 ] },
                "down": { "texture": "#0", "uv": [ 4.0, 6.0, 5.0, 7.0 ] }
            }
        },
        {
            "name": "Cube",
            "from": [ -0.3999999910593033, 4.000000014901161, 0.7999999821186066 ], 
            "to": [ 0.0, 6.3000000193715096, 2.099999986588955 ], 
            "faces": {
                "north": { "texture": "#0", "uv": [ 3.0, 4.0, 3.3999999910593033, 6.300000004470348 ] },
                "east": { "texture": "#0", "uv": [ 4.0, 6.0, 5.300000004470348, 8.300000004470348 ] },
                "south": { "texture": "#0", "uv": [ 4.0, 5.0, 4.399999991059303, 7.300000004470348 ] },
                "west": { "texture": "#0", "uv": [ 3.0, 4.0, 4.300000004470348, 6.300000004470348 ] },
                "up": { "texture": "#0", "uv": [ 5.0, 5.0, 5.399999991059303, 6.300000004470348 ] },
                "down": { "texture": "#0", "uv": [ 4.0, 6.0, 4.399999991059303, 7.300000004470348 ] }
            }
        },
        {
            "name": "Cube",
            "from": [ -0.5999999940395355, 4.0, 0.7999999821186066 ], 
            "to": [ -0.10000000149011612, 7.000000014901161, 3.199999988079071 ], 
            "faces": {
                "north": { "texture": "#0", "uv": [ 3.0, 4.0, 3.3999999910593033, 6.300000004470348 ] },
                "east": { "texture": "#0", "uv": [ 4.0, 6.0, 6.300000004470348, 8.300000004470348 ] },
                "south": { "texture": "#0", "uv": [ 4.0, 5.0, 4.399999991059303, 7.300000004470348 ] },
                "west": { "texture": "#0", "uv": [ 3.0, 4.0, 5.300000004470348, 6.300000004470348 ] },
                "up": { "texture": "#0", "uv": [ 5.0, 5.0, 5.399999991059303, 7.300000004470348 ] },
                "down": { "texture": "#0", "uv": [ 4.0, 6.0, 4.399999991059303, 8.300000004470348 ] }
            }
        },
        {
            "name": "Cube",
            "from": [ 16.400000005960464, 4.000000014901161, 0.7999999821186066 ], 
            "to": [ 16.799999997019768, 7.000000029802322, 3.099999986588955 ], 
            "faces": {
                "north": { "texture": "#0", "uv": [ 3.0, 4.0, 3.3999999910593033, 6.300000004470348 ] },
                "east": { "texture": "#0", "uv": [ 4.0, 6.0, 5.300000004470348, 8.300000004470348 ] },
                "south": { "texture": "#0", "uv": [ 4.0, 5.0, 4.399999991059303, 7.300000004470348 ] },
                "west": { "texture": "#0", "uv": [ 3.0, 4.0, 5.300000004470348, 6.300000004470348 ] },
                "up": { "texture": "#0", "uv": [ 5.0, 5.0, 5.399999991059303, 7.300000004470348 ] },
                "down": { "texture": "#0", "uv": [ 4.0, 6.0, 4.399999991059303, 8.300000004470348 ] }
            }
        },
        {
            "name": "Cube",
            "from": [ 15.0, 3.999999985098839, 0.0 ], 
            "to": [ 16.0, 7.0, 1.0 ], 
            "faces": {
                "north": { "texture": "#0", "uv": [ 3.0, 4.0, 4.0, 6.300000004470348 ] },
                "east": { "texture": "#0", "uv": [ 4.0, 6.0, 5.0, 8.300000004470348 ] },
                "south": { "texture": "#0", "uv": [ 4.0, 5.0, 5.0, 7.300000004470348 ] },
                "west": { "texture": "#0", "uv": [ 3.0, 4.0, 4.0, 6.300000004470348 ] },
                "up": { "texture": "#0", "uv": [ 5.0, 5.0, 6.0, 6.0 ] },
                "down": { "texture": "#0", "uv": [ 4.0, 6.0, 5.0, 7.0 ] }
            }
        },
        {
            "name": "Cube",
            "from": [ 16.0, 4.000000014901161, 0.4999999925494194 ], 
            "to": [ 16.400000005960464, 7.000000029802322, 1.4999999925494194 ], 
            "faces": {
                "north": { "texture": "#0", "uv": [ 3.0, 4.0, 3.4000000059604645, 6.300000004470348 ] },
                "east": { "texture": "#0", "uv": [ 4.0, 6.0, 5.0, 8.300000004470348 ] },
                "south": { "texture": "#0", "uv": [ 4.0, 5.0, 4.4000000059604645, 7.300000004470348 ] },
                "west": { "texture": "#0", "uv": [ 3.0, 4.0, 4.0, 6.300000004470348 ] },
                "up": { "texture": "#0", "uv": [ 5.0, 5.0, 5.4000000059604645, 6.0 ] },
                "down": { "texture": "#0", "uv": [ 4.0, 6.0, 4.4000000059604645, 7.0 ] }
            }
        },
        {
            "name": "Cube",
            "from": [ -1.0, 4.699999995529652, 3.0 ], 
            "to": [ 0.0, 6.699999995529652, 4.0 ], 
            "faces": {
                "north": { "texture": "#0", "uv": [ 11.0, 10.0, 12.0, 12.0 ] },
                "east": { "texture": "#0", "uv": [ 11.0, 10.0, 12.0, 12.0 ] },
                "south": { "texture": "#0", "uv": [ 11.0, 10.0, 12.0, 12.0 ] },
                "west": { "texture": "#0", "uv": [ 11.0, 8.0, 12.0, 10.0 ] },
                "up": { "texture": "#0", "uv": [ 10.0, 10.0, 11.0, 11.0 ] },
                "down": { "texture": "#0", "uv": [ 11.0, 9.0, 12.0, 10.0 ] }
            }
        },
        {
            "name": "Cube",
            "from": [ 16.0, 5.0, 4.0 ], 
            "to": [ 17.0, 7.0, 5.0 ], 
            "faces": {
                "north": { "texture": "#0", "uv": [ 10.0, 11.0, 11.0, 13.0 ] },
                "east": { "texture": "#0", "uv": [ 10.0, 11.0, 11.0, 13.0 ] },
                "south": { "texture": "#0", "uv": [ 10.0, 12.0, 11.0, 14.0 ] },
                "west": { "texture": "#0", "uv": [ 10.0, 11.0, 11.0, 13.0 ] },
                "up": { "texture": "#0", "uv": [ 10.0, 12.0, 11.0, 13.0 ] },
                "down": { "texture": "#0", "uv": [ 11.0, 12.0, 12.0, 13.0 ] }
            }
        },
        {
            "name": "Cube",
            "from": [ -1.0, 3.6000000089406967, 4.0 ], 
            "to": [ 0.0, 5.600000008940697, 5.0 ], 
            "faces": {
                "north": { "texture": "#0", "uv": [ 11.0, 11.0, 12.0, 13.0 ] },
                "east": { "texture": "#0", "uv": [ 10.0, 12.0, 11.0, 14.0 ] },
                "south": { "texture": "#0", "uv": [ 10.0, 11.0, 11.0, 13.0 ] },
                "west": { "texture": "#0", "uv": [ 9.0, 11.0, 10.0, 13.0 ] },
                "up": { "texture": "#0", "uv": [ 10.0, 12.0, 11.0, 13.0 ] },
                "down": { "texture": "#0", "uv": [ 10.0, 12.0, 11.0, 13.0 ] }
            }
        },
        {
            "name": "Cube",
            "from": [ -1.0, 3.6000000089406967, 5.0 ], 
            "to": [ 0.0, 5.600000008940697, 6.0 ], 
            "faces": {
                "north": { "texture": "#0", "uv": [ 11.0, 11.0, 12.0, 13.0 ] },
                "east": { "texture": "#0", "uv": [ 11.0, 11.0, 12.0, 13.0 ] },
                "south": { "texture": "#0", "uv": [ 10.0, 11.0, 11.0, 13.0 ] },
                "west": { "texture": "#0", "uv": [ 12.0, 11.0, 13.0, 13.0 ] },
                "up": { "texture": "#0", "uv": [ 10.0, 12.0, 11.0, 13.0 ] },
                "down": { "texture": "#0", "uv": [ 10.0, 11.0, 11.0, 12.0 ] }
            }
        },
        {
            "name": "Cube",
            "from": [ -1.0, 5.300000004470348, 5.0 ], 
            "to": [ 1.0, 7.300000004470348, 6.0 ], 
            "faces": {
                "north": { "texture": "#0", "uv": [ 11.0, 10.0, 13.0, 12.0 ] },
                "east": { "texture": "#0", "uv": [ 10.0, 11.0, 11.0, 13.0 ] },
                "south": { "texture": "#0", "uv": [ 11.0, 11.0, 13.0, 13.0 ] },
                "west": { "texture": "#0", "uv": [ 11.0, 12.0, 12.0, 14.0 ] },
                "up": { "texture": "#0", "uv": [ 10.0, 10.0, 12.0, 11.0 ] },
                "down": { "texture": "#0", "uv": [ 11.0, 12.0, 13.0, 13.0 ] }
            }
        },
        {
            "name": "Cube",
            "from": [ -1.0, 4.699999995529652, 6.0 ], 
            "to": [ 0.0, 6.699999995529652, 7.0 ], 
            "faces": {
                "north": { "texture": "#0", "uv": [ 11.0, 11.0, 12.0, 13.0 ] },
                "east": { "texture": "#0", "uv": [ 12.0, 10.0, 13.0, 12.0 ] },
                "south": { "texture": "#0", "uv": [ 12.0, 11.0, 13.0, 13.0 ] },
                "west": { "texture": "#0", "uv": [ 12.0, 12.0, 13.0, 14.0 ] },
                "up": { "texture": "#0", "uv": [ 13.0, 10.0, 14.0, 11.0 ] },
                "down": { "texture": "#0", "uv": [ 12.0, 8.0, 13.0, 9.0 ] }
            }
        },
        {
            "name": "Cube",
            "from": [ -0.9999999850988388, 4.600000008940697, 3.4000000059604645 ], 
            "to": [ 1.4901161193847656E-8, 5.600000008940697, 4.4000000059604645 ], 
            "faces": {
                "north": { "texture": "#0", "uv": [ 12.0, 12.0, 13.0, 13.0 ] },
                "east": { "texture": "#0", "uv": [ 12.0, 12.0, 13.0, 13.0 ] },
                "south": { "texture": "#0", "uv": [ 12.0, 11.0, 13.0, 12.0 ] },
                "west": { "texture": "#0", "uv": [ 12.0, 12.0, 13.0, 13.0 ] },
                "up": { "texture": "#0", "uv": [ 12.0, 12.0, 13.0, 13.0 ] },
                "down": { "texture": "#0", "uv": [ 12.0, 11.0, 13.0, 12.0 ] }
            }
        },
        {
            "name": "Cube",
            "from": [ -0.9999999850988388, 3.900000013411045, 3.4000000059604645 ], 
            "to": [ 1.4901161193847656E-8, 4.900000013411045, 4.4000000059604645 ], 
            "faces": {
                "north": { "texture": "#0", "uv": [ 12.0, 12.0, 13.0, 13.0 ] },
                "east": { "texture": "#0", "uv": [ 0.0, 0.0, 1.0, 1.0 ] },
                "south": { "texture": "#0", "uv": [ 10.0, 12.0, 11.0, 13.0 ] },
                "west": { "texture": "#0", "uv": [ 12.0, 12.0, 13.0, 13.0 ] },
                "up": { "texture": "#0", "uv": [ 12.0, 12.0, 13.0, 13.0 ] },
                "down": { "texture": "#0", "uv": [ 10.0, 11.0, 11.0, 12.0 ] }
            }
        },
        {
            "name": "Cube",
            "from": [ -0.9999999850988388, 6.099999986588955, 5.700000010430813 ], 
            "to": [ 1.4901161193847656E-8, 7.099999986588955, 6.700000010430813 ], 
            "faces": {
                "north": { "texture": "#0", "uv": [ 12.0, 12.0, 13.0, 13.0 ] },
                "east": { "texture": "#0", "uv": [ 13.0, 12.0, 14.0, 13.0 ] },
                "south": { "texture": "#0", "uv": [ 12.0, 12.0, 13.0, 13.0 ] },
                "west": { "texture": "#0", "uv": [ 11.0, 12.0, 12.0, 13.0 ] },
                "up": { "texture": "#0", "uv": [ 13.0, 12.0, 14.0, 13.0 ] },
                "down": { "texture": "#0", "uv": [ 11.0, 12.0, 12.0, 13.0 ] }
            }
        },
        {
            "name": "Cube",
            "from": [ -0.9999999850988388, 3.900000013411045, 5.600000008940697 ], 
            "to": [ 1.4901161193847656E-8, 4.900000013411045, 6.600000008940697 ], 
            "faces": {
                "north": { "texture": "#0", "uv": [ 12.0, 12.0, 14.0, 15.0 ] },
                "east": { "texture": "#0", "uv": [ 12.0, 12.0, 14.0, 14.0 ] },
                "south": { "texture": "#0", "uv": [ 13.0, 11.0, 13.0, 14.0 ] },
                "west": { "texture": "#0", "uv": [ 11.0, 11.0, 13.0, 12.0 ] },
                "up": { "texture": "#0", "uv": [ 12.0, 12.0, 14.0, 13.0 ] },
                "down": { "texture": "#0", "uv": [ 12.0, 12.0, 13.0, 11.0 ] }
            }
        },
        {
            "name": "Cube",
            "from": [ 16.0, 4.300000004470348, 3.0 ], 
            "to": [ 17.0, 6.300000004470348, 4.0 ], 
            "faces": {
                "north": { "texture": "#0", "uv": [ 11.0, 10.0, 12.0, 12.0 ] },
                "east": { "texture": "#0", "uv": [ 11.0, 10.0, 12.0, 12.0 ] },
                "south": { "texture": "#0", "uv": [ 11.0, 11.0, 12.0, 13.0 ] },
                "west": { "texture": "#0", "uv": [ 11.0, 10.0, 12.0, 12.0 ] },
                "up": { "texture": "#0", "uv": [ 10.0, 10.0, 11.0, 11.0 ] },
                "down": { "texture": "#0", "uv": [ 11.0, 9.0, 12.0, 10.0 ] }
            }
        },
        {
            "name": "Cube",
            "from": [ 16.00000001490116, 4.900000013411045, 3.4000000059604645 ], 
            "to": [ 17.00000001490116, 5.900000013411045, 4.4000000059604645 ], 
            "faces": {
                "north": { "texture": "#0", "uv": [ 12.0, 12.0, 13.0, 13.0 ] },
                "east": { "texture": "#0", "uv": [ 12.0, 10.0, 13.0, 11.0 ] },
                "south": { "texture": "#0", "uv": [ 10.0, 12.0, 11.0, 13.0 ] },
                "west": { "texture": "#0", "uv": [ 12.0, 12.0, 13.0, 13.0 ] },
                "up": { "texture": "#0", "uv": [ 12.0, 12.0, 13.0, 13.0 ] },
                "down": { "texture": "#0", "uv": [ 10.0, 11.0, 11.0, 12.0 ] }
            }
        },
        {
            "name": "Cube",
            "from": [ 16.00000001490116, 3.6000000089406967, 3.4000000059604645 ], 
            "to": [ 17.00000001490116, 4.600000008940697, 4.4000000059604645 ], 
            "faces": {
                "north": { "texture": "#0", "uv": [ 10.0, 12.0, 11.0, 13.0 ] },
                "east": { "texture": "#0", "uv": [ 9.0, 13.0, 10.0, 14.0 ] },
                "south": { "texture": "#0", "uv": [ 12.0, 11.0, 13.0, 12.0 ] },
                "west": { "texture": "#0", "uv": [ 12.0, 12.0, 13.0, 13.0 ] },
                "up": { "texture": "#0", "uv": [ 12.0, 12.0, 13.0, 13.0 ] },
                "down": { "texture": "#0", "uv": [ 12.0, 11.0, 13.0, 12.0 ] }
            }
        },
        {
            "name": "Cube",
            "from": [ 16.0, 3.3000000044703484, 4.0 ], 
            "to": [ 17.0, 5.300000004470348, 5.0 ], 
            "faces": {
                "north": { "texture": "#0", "uv": [ 11.0, 11.0, 12.0, 13.0 ] },
                "east": { "texture": "#0", "uv": [ 10.0, 11.0, 11.0, 13.0 ] },
                "south": { "texture": "#0", "uv": [ 10.0, 11.0, 11.0, 13.0 ] },
                "west": { "texture": "#0", "uv": [ 10.0, 12.0, 11.0, 14.0 ] },
                "up": { "texture": "#0", "uv": [ 10.0, 12.0, 11.0, 13.0 ] },
                "down": { "texture": "#0", "uv": [ 10.0, 12.0, 11.0, 13.0 ] }
            }
        },
        {
            "name": "Cube",
            "from": [ 16.0, 4.299999989569187, 6.0 ], 
            "to": [ 17.0, 6.299999989569187, 7.0 ], 
            "faces": {
                "north": { "texture": "#0", "uv": [ 11.0, 11.0, 12.0, 13.0 ] },
                "east": { "texture": "#0", "uv": [ 11.0, 10.0, 12.0, 12.0 ] },
                "south": { "texture": "#0", "uv": [ 12.0, 11.0, 13.0, 13.0 ] },
                "west": { "texture": "#0", "uv": [ 12.0, 12.0, 13.0, 14.0 ] },
                "up": { "texture": "#0", "uv": [ 12.0, 10.0, 13.0, 11.0 ] },
                "down": { "texture": "#0", "uv": [ 12.0, 8.0, 13.0, 9.0 ] }
            }
        },
        {
            "name": "Cube",
            "from": [ 16.00000001490116, 5.600000008940697, 5.4000000059604645 ], 
            "to": [ 17.00000001490116, 6.600000008940697, 6.4000000059604645 ], 
            "faces": {
                "north": { "texture": "#0", "uv": [ 11.0, 12.0, 12.0, 13.0 ] },
                "east": { "texture": "#0", "uv": [ 10.0, 11.0, 11.0, 12.0 ] },
                "south": { "texture": "#0", "uv": [ 12.0, 12.0, 13.0, 13.0 ] },
                "west": { "texture": "#0", "uv": [ 11.0, 12.0, 12.0, 13.0 ] },
                "up": { "texture": "#0", "uv": [ 13.0, 12.0, 14.0, 13.0 ] },
                "down": { "texture": "#0", "uv": [ 11.0, 12.0, 12.0, 13.0 ] }
            }
        },
        {
            "name": "Cube",
            "from": [ 16.0, 5.0, 5.0 ], 
            "to": [ 17.0, 7.0, 6.0 ], 
            "faces": {
                "north": { "texture": "#0", "uv": [ 11.0, 11.0, 12.0, 13.0 ] },
                "east": { "texture": "#0", "uv": [ 10.0, 11.0, 11.0, 13.0 ] },
                "south": { "texture": "#0", "uv": [ 11.0, 11.0, 12.0, 13.0 ] },
                "west": { "texture": "#0", "uv": [ 12.0, 12.0, 13.0, 14.0 ] },
                "up": { "texture": "#0", "uv": [ 12.0, 10.0, 13.0, 11.0 ] },
                "down": { "texture": "#0", "uv": [ 12.0, 8.0, 13.0, 9.0 ] }
            }
        },
        {
            "name": "Cube",
            "from": [ 16.0, 3.3000000044703484, 5.0 ], 
            "to": [ 17.0, 5.300000004470348, 6.0 ], 
            "faces": {
                "north": { "texture": "#0", "uv": [ 11.0, 11.0, 12.0, 13.0 ] },
                "east": { "texture": "#0", "uv": [ 10.0, 12.0, 11.0, 13.0 ] },
                "south": { "texture": "#0", "uv": [ 10.0, 11.0, 11.0, 13.0 ] },
                "west": { "texture": "#0", "uv": [ 12.0, 12.0, 13.0, 14.0 ] },
                "up": { "texture": "#0", "uv": [ 12.0, 10.0, 13.0, 11.0 ] },
                "down": { "texture": "#0", "uv": [ 12.0, 8.0, 13.0, 9.0 ] }
            }
        },
        {
            "name": "Cube",
            "from": [ -1.0, 5.300000004470348, 4.0 ], 
            "to": [ 0.0, 7.300000004470348, 5.0 ], 
            "faces": {
                "north": { "texture": "#0", "uv": [ 9.0, 11.0, 10.0, 13.0 ] },
                "east": { "texture": "#0", "uv": [ 10.0, 11.0, 11.0, 13.0 ] },
                "south": { "texture": "#0", "uv": [ 10.0, 12.0, 11.0, 14.0 ] },
                "west": { "texture": "#0", "uv": [ 10.0, 11.0, 11.0, 13.0 ] },
                "up": { "texture": "#0", "uv": [ 10.0, 12.0, 11.0, 13.0 ] },
                "down": { "texture": "#0", "uv": [ 10.0, 12.0, 11.0, 13.0 ] }
            }
        },
        {
            "name": "Cube",
            "from": [ 2.3000000044703484, 6.000000014901161, -0.09999998658895493 ], 
            "to": [ 4.700000010430813, 6.500000007450581, 0.9000000134110451 ], 
            "faces": {
                "north": { "texture": "#0", "uv": [ 6.0, 7.0, 6.0, 7.29999999254942 ] },
                "east": { "texture": "#0", "uv": [ 2.6000000000000005, 7.0, 2.900000000000001, 7.3 ] },
                "south": { "texture": "#0", "uv": [ 2.6000000000000005, 7.0, 2.900000000000001, 7.3 ] },
                "west": { "texture": "#0", "uv": [ 2.6000000000000005, 7.0, 2.900000000000001, 7.3 ] },
                "up": { "texture": "#0", "uv": [ 1.5000000000000004, 7.0, 2.0, 7.300000000000001 ] },
                "down": { "texture": "#0", "uv": [ 6.4000000000000075, 7.0, 6.099999999999996, 7.300000000000001 ] }
            }
        },
        {
            "name": "Cube",
            "from": [ -0.9999999850988388, 6.099999986588955, 3.700000010430813 ], 
            "to": [ 1.4901161193847656E-8, 7.099999986588955, 4.700000010430813 ], 
            "shade": false,
            "faces": {
                "north": { "texture": "#0", "uv": [ 12.0, 12.0, 13.0, 13.0 ] },
                "east": { "texture": "#0", "uv": [ 13.0, 12.0, 14.0, 13.0 ] },
                "south": { "texture": "#0", "uv": [ 12.0, 12.0, 13.0, 13.0 ] },
                "west": { "texture": "#0", "uv": [ 11.0, 12.0, 12.0, 13.0 ] },
                "up": { "texture": "#0", "uv": [ 13.0, 12.0, 14.0, 13.0 ] },
                "down": { "texture": "#0", "uv": [ 11.0, 12.0, 12.0, 13.0 ] }
            }
        },
        {
            "name": "Cube",
            "from": [ 16.00000001490116, 5.600000008940697, 3.4000000059604645 ], 
            "to": [ 17.00000001490116, 6.600000008940697, 4.4000000059604645 ], 
            "faces": {
                "north": { "texture": "#0", "uv": [ 10.0, 12.0, 11.0, 13.0 ] },
                "east": { "texture": "#0", "uv": [ 10.0, 12.0, 11.0, 13.0 ] },
                "south": { "texture": "#0", "uv": [ 12.0, 11.0, 13.0, 12.0 ] },
                "west": { "texture": "#0", "uv": [ 12.0, 12.0, 13.0, 13.0 ] },
                "up": { "texture": "#0", "uv": [ 12.0, 12.0, 13.0, 13.0 ] },
                "down": { "texture": "#0", "uv": [ 12.0, 11.0, 13.0, 12.0 ] }
            }
        },
        {
            "name": "Cube",
            "from": [ 16.00000001490116, 3.6000000089406967, 5.4000000059604645 ], 
            "to": [ 17.00000001490116, 4.600000008940697, 6.4000000059604645 ], 
            "faces": {
                "north": { "texture": "#0", "uv": [ 10.0, 12.0, 11.0, 13.0 ] },
                "east": { "texture": "#0", "uv": [ 11.0, 12.0, 12.0, 13.0 ] },
                "south": { "texture": "#0", "uv": [ 12.0, 11.0, 13.0, 12.0 ] },
                "west": { "texture": "#0", "uv": [ 12.0, 12.0, 13.0, 13.0 ] },
                "up": { "texture": "#0", "uv": [ 12.0, 12.0, 13.0, 13.0 ] },
                "down": { "texture": "#0", "uv": [ 12.0, 11.0, 13.0, 12.0 ] }
            }
        },
        {
            "name": "Cube",
            "from": [ 10.899999998509884, 6.000000014901161, -0.09999998658895493 ], 
            "to": [ 13.300000004470348, 6.500000007450581, 0.9000000134110451 ], 
            "faces": {
                "north": { "texture": "#0", "uv": [ 6.0, 7.0, 6.0, 7.29999999254942 ] },
                "east": { "texture": "#0", "uv": [ 2.6000000000000005, 7.0, 2.900000000000001, 7.3 ] },
                "south": { "texture": "#0", "uv": [ 2.6000000000000005, 7.0, 2.900000000000001, 7.3 ] },
                "west": { "texture": "#0", "uv": [ 2.6000000000000005, 7.0, 2.900000000000001, 7.3 ] },
                "up": { "texture": "#0", "uv": [ 1.5000000000000004, 7.0, 2.0, 7.300000000000001 ] },
                "down": { "texture": "#0", "uv": [ 6.4000000000000075, 7.0, 6.099999999999996, 7.300000000000001 ] }
            }
        },
        {
            "name": "Cube",
            "from": [ 11.100000001490116, 6.500000022351742, -0.09999998658895493 ], 
            "to": [ 13.100000001490116, 6.800000011920929, 0.9000000134110451 ], 
            "faces": {
                "north": { "texture": "#0", "uv": [ 6.0, 7.0, 6.0, 7.29999999254942 ] },
                "east": { "texture": "#0", "uv": [ 2.6000000000000005, 7.0, 2.900000000000001, 7.3 ] },
                "south": { "texture": "#0", "uv": [ 2.6000000000000005, 7.0, 2.900000000000001, 7.3 ] },
                "west": { "texture": "#0", "uv": [ 2.6000000000000005, 7.0, 2.900000000000001, 7.3 ] },
                "up": { "texture": "#0", "uv": [ 1.5000000000000004, 7.0, 2.0, 7.300000000000001 ] },
                "down": { "texture": "#0", "uv": [ 6.4000000000000075, 7.0, 6.099999999999996, 7.300000000000001 ] }
            }
        },
        {
            "name": "Cube",
            "from": [ 2.5000000074505806, 6.500000022351742, -0.09999998658895493 ], 
            "to": [ 4.500000007450581, 6.800000011920929, 0.9000000134110451 ], 
            "faces": {
                "north": { "texture": "#0", "uv": [ 6.0, 7.0, 6.0, 7.29999999254942 ] },
                "east": { "texture": "#0", "uv": [ 2.6000000000000005, 7.0, 2.900000000000001, 7.3 ] },
                "south": { "texture": "#0", "uv": [ 2.6000000000000005, 7.0, 2.900000000000001, 7.3 ] },
                "west": { "texture": "#0", "uv": [ 2.6000000000000005, 7.0, 2.900000000000001, 7.3 ] },
                "up": { "texture": "#0", "uv": [ 1.5000000000000004, 7.0, 2.0, 7.300000000000001 ] },
                "down": { "texture": "#0", "uv": [ 6.4000000000000075, 7.0, 6.099999999999996, 7.300000000000001 ] }
            }
        },
        {
            "name": "Cube",
            "from": [ 2.900000013411045, 6.700000025331974, -0.09999998658895493 ], 
            "to": [ 4.100000001490116, 7.000000014901161, 0.9000000134110451 ], 
            "faces": {
                "north": { "texture": "#0", "uv": [ 6.0, 7.0, 6.0, 7.29999999254942 ] },
                "east": { "texture": "#0", "uv": [ 2.6000000000000005, 7.0, 2.900000000000001, 7.3 ] },
                "south": { "texture": "#0", "uv": [ 2.6000000000000005, 7.0, 2.900000000000001, 7.3 ] },
                "west": { "texture": "#0", "uv": [ 2.6000000000000005, 7.0, 2.900000000000001, 7.3 ] },
                "up": { "texture": "#0", "uv": [ 1.5000000000000004, 7.0, 2.0, 7.300000000000001 ] },
                "down": { "texture": "#0", "uv": [ 6.4000000000000075, 7.0, 6.099999999999996, 7.300000000000001 ] }
            }
        },
        {
            "name": "Cube",
            "from": [ 11.50000000745058, 6.700000025331974, -0.09999998658895493 ], 
            "to": [ 12.699999995529652, 7.000000014901161, 0.9000000134110451 ], 
            "faces": {
                "north": { "texture": "#0", "uv": [ 6.0, 7.0, 6.0, 7.29999999254942 ] },
                "east": { "texture": "#0", "uv": [ 2.6000000000000005, 7.0, 2.900000000000001, 7.3 ] },
                "south": { "texture": "#0", "uv": [ 2.6000000000000005, 7.0, 2.900000000000001, 7.3 ] },
                "west": { "texture": "#0", "uv": [ 2.6000000000000005, 7.0, 2.900000000000001, 7.3 ] },
                "up": { "texture": "#0", "uv": [ 1.5000000000000004, 7.0, 2.0, 7.300000000000001 ] },
                "down": { "texture": "#0", "uv": [ 6.4000000000000075, 7.0, 6.099999999999996, 7.300000000000001 ] }
    }
}
],
"display": {
    "thirdperson": {
        "rotation": [ 0, 0, 0 ],
        "translation": [ 0.00, 0.00, 0.00 ],
        "scale": [ 1.00, 1.00, 1.00 ]
    },
    "firstperson": {
        "rotation": [ 0, 0, 0 ],
        "translation": [ 0.00, 0.00, 0.00 ],
        "scale": [ 1.00, 1.00, 1.00 ]
    },
    "gui": {
        "rotation": [ 0, 180, 0 ],
        "translation": [ 0.00, -1.00, 0.00 ],
        "scale": [ 0.70, 0.70, 0.70 ]
    },
    "head": {
        "rotation": [ 0, 0, 0 ],
        "translation": [ 0.00, 0.00, 0.00 ],
        "scale": [ 1.00, 1.00, 1.00 ]
    }
}
}