{
	"__comment": "Designed by Cryptic with Cubik Studio - https://cubik.studio",
	"textures": {
		"sentaisword_golden": "items/sentaisword_golden"
	},
	"elements": [ 	 
		{
			"__comment": "Voxels",
			"from": [ 3.5, -0.5, 5.5 ],
			"to": [ 5.5, 0, 8 ],
			"faces": {
				"down": { "uv": [ 2.5, 1, 3.5, 2.25 ], "texture": "#sentaisword_golden" },
				"up": { "uv": [ 2.5, 3.5, 3.5, 2.25 ], "texture": "#sentaisword_golden" },
				"north": { "uv": [ 12, 13.25, 11, 13.5 ], "texture": "#sentaisword_golden" },
				"south": { "uv": [ 12.25, 11, 13.25, 11.25 ], "texture": "#sentaisword_golden" },
				"west": { "uv": [ 8.5, 11.25, 9.75, 11.5 ], "texture": "#sentaisword_golden" },
				"east": { "uv": [ 9.75, 11, 8.5, 11.25 ], "texture": "#sentaisword_golden" }
			}
		},
		{
			"__comment": "Voxels",
			"from": [ 3.5, 0, 6 ],
			"to": [ 7.5, 0.5, 7.5 ],
			"faces": {
				"down": { "uv": [ 6.75, 15.25, 8.75, 16 ], "texture": "#sentaisword_golden" },
				"up": { "uv": [ 8.75, 16, 10.75, 15.25 ], "texture": "#sentaisword_golden" },
				"north": { "uv": [ 10.5, 12.75, 8.5, 13 ], "texture": "#sentaisword_golden" },
				"south": { "uv": [ 8.5, 13, 10.5, 13.25 ], "texture": "#sentaisword_golden" },
				"west": { "uv": [ 6.5, 13.25, 7.25, 13.5 ], "texture": "#sentaisword_golden" },
				"east": { "uv": [ 16, 13.25, 15.25, 13.5 ], "texture": "#sentaisword_golden" }
			}
		},
		{
			"__comment": "Voxels",
			"from": [ 4, -1, 5.5 ],
			"to": [ 5, -0.5, 8 ],
			"faces": {
				"down": { "uv": [ 15.25, 13.5, 15.75, 14.75 ], "texture": "#sentaisword_golden" },
				"up": { "uv": [ 14.75, 14.75, 15.25, 13.5 ], "texture": "#sentaisword_golden" },
				"north": { "uv": [ 15.25, 13.25, 14.75, 13.5 ], "texture": "#sentaisword_golden" },
				"south": { "uv": [ 10, 11.5, 10.5, 11.75 ], "texture": "#sentaisword_golden" },
				"west": { "uv": [ 8.5, 10.75, 9.75, 11 ], "texture": "#sentaisword_golden" },
				"east": { "uv": [ 11, 11.25, 9.75, 11.5 ], "texture": "#sentaisword_golden" }
			}
		},
		{
			"__comment": "Voxels",
			"from": [ 4, 0, 5.5 ],
			"to": [ 6, 0.5, 6 ],
			"faces": {
				"down": { "uv": [ 13.5, 11, 14.5, 11.25 ], "texture": "#sentaisword_golden" },
				"up": { "uv": [ 13.5, 11, 14.5, 10.75 ], "texture": "#sentaisword_golden" },
				"north": { "uv": [ 15.5, 11.25, 14.5, 11.5 ], "texture": "#sentaisword_golden" },
				"south": { "uv": [ 14.5, 11, 15.5, 11.25 ], "texture": "#sentaisword_golden" },
				"west": { "uv": [ 15.75, 9.25, 16, 9.5 ], "texture": "#sentaisword_golden" },
				"east": { "uv": [ 6.75, 2.5, 6.5, 2.75 ], "texture": "#sentaisword_golden" }
			}
		},
		{
			"__comment": "Voxels",
			"from": [ 4, 0, 7.5 ],
			"to": [ 6, 0.5, 8 ],
			"faces": {
				"down": { "uv": [ 14.5, 10.75, 15.5, 11 ], "texture": "#sentaisword_golden" },
				"up": { "uv": [ 5.5, 10.75, 6.5, 10.5 ], "texture": "#sentaisword_golden" },
				"north": { "uv": [ 7.5, 10.5, 6.5, 10.75 ], "texture": "#sentaisword_golden" },
				"south": { "uv": [ 7.5, 10.5, 8.5, 10.75 ], "texture": "#sentaisword_golden" },
				"west": { "uv": [ 6.5, 2.25, 6.75, 2.5 ], "texture": "#sentaisword_golden" },
				"east": { "uv": [ 6.75, 2, 6.5, 2.25 ], "texture": "#sentaisword_golden" }
			}
		},
		{
			"__comment": "Voxels",
			"from": [ 4.5, -3.5, 6.5 ],
			"to": [ 8, -2.5, 7 ],
			"faces": {
				"down": { "uv": [ 8.5, 12.5, 10.25, 12.75 ], "texture": "#sentaisword_golden" },
				"up": { "uv": [ 8.5, 12.5, 10.25, 12.25 ], "texture": "#sentaisword_golden" },
				"north": { "uv": [ 9, 13.75, 7.25, 14.25 ], "texture": "#sentaisword_golden" },
				"south": { "uv": [ 7.25, 14.25, 9, 14.75 ], "texture": "#sentaisword_golden" },
				"west": { "uv": [ 10.5, 14.75, 10.75, 15.25 ], "texture": "#sentaisword_golden" },
				"east": { "uv": [ 9, 13.25, 8.75, 13.75 ], "texture": "#sentaisword_golden" }
			}
		},
		{
			"__comment": "Voxels",
			"from": [ 5, -12.5, 6 ],
			"to": [ 8, -12, 7.5 ],
			"faces": {
				"down": { "uv": [ 12.25, 15.25, 13.75, 16 ], "texture": "#sentaisword_golden" },
				"up": { "uv": [ 13.75, 16, 15.25, 15.25 ], "texture": "#sentaisword_golden" },
				"north": { "uv": [ 7.25, 11.25, 5.75, 11.5 ], "texture": "#sentaisword_golden" },
				"south": { "uv": [ 12, 11.5, 13.5, 11.75 ], "texture": "#sentaisword_golden" },
				"west": { "uv": [ 8.25, 9.75, 9, 10 ], "texture": "#sentaisword_golden" },
				"east": { "uv": [ 9.75, 9.75, 9, 10 ], "texture": "#sentaisword_golden" }
			}
		},
		{
			"__comment": "Voxels",
			"from": [ 5, -12, 6.5 ],
			"to": [ 8.5, -11, 7 ],
			"faces": {
				"down": { "uv": [ 8.5, 11.75, 10.25, 12 ], "texture": "#sentaisword_golden" },
				"up": { "uv": [ 8.5, 12.25, 10.25, 12 ], "texture": "#sentaisword_golden" },
				"north": { "uv": [ 8.5, 14.75, 6.75, 15.25 ], "texture": "#sentaisword_golden" },
				"south": { "uv": [ 8.75, 14.75, 10.5, 15.25 ], "texture": "#sentaisword_golden" },
				"west": { "uv": [ 15.75, 12.75, 16, 13.25 ], "texture": "#sentaisword_golden" },
				"east": { "uv": [ 16, 11.5, 15.75, 12 ], "texture": "#sentaisword_golden" }
			}
		},
		{
			"__comment": "Voxels",
			"from": [ 5, -11, 6.5 ],
			"to": [ 8, -3.5, 7 ],
			"faces": {
				"down": { "uv": [ 12, 11.75, 13.5, 12 ], "texture": "#sentaisword_golden" },
				"up": { "uv": [ 12, 13.25, 13.5, 13 ], "texture": "#sentaisword_golden" },
				"north": { "uv": [ 1.5, 8.5, 0, 12.25 ], "texture": "#sentaisword_golden" },
				"south": { "uv": [ 0, 12.25, 1.5, 16 ], "texture": "#sentaisword_golden" },
				"west": { "uv": [ 4.25, 2.75, 4.5, 6.5 ], "texture": "#sentaisword_golden" },
				"east": { "uv": [ 4.75, 9.5, 4.5, 13.25 ], "texture": "#sentaisword_golden" }
			}
		},
		{
			"__comment": "Voxels",
			"from": [ 5, -3.5, 6 ],
			"to": [ 7.5, -1, 6.5 ],
			"faces": {
				"down": { "uv": [ 9.75, 11, 11, 11.25 ], "texture": "#sentaisword_golden" },
				"up": { "uv": [ 9.75, 11, 11, 10.75 ], "texture": "#sentaisword_golden" },
				"north": { "uv": [ 5.5, 14.75, 4.25, 16 ], "texture": "#sentaisword_golden" },
				"south": { "uv": [ 0, 2.25, 1.25, 3.5 ], "texture": "#sentaisword_golden" },
				"west": { "uv": [ 5.25, 8.25, 5.5, 9.5 ], "texture": "#sentaisword_golden" },
				"east": { "uv": [ 5.5, 7, 5.25, 8.25 ], "texture": "#sentaisword_golden" }
			}
		},
		{
			"__comment": "Voxels",
			"from": [ 5, -3.5, 7 ],
			"to": [ 7.5, -1, 7.5 ],
			"faces": {
				"down": { "uv": [ 11, 11.25, 12.25, 11.5 ], "texture": "#sentaisword_golden" },
				"up": { "uv": [ 11, 11.25, 12.25, 11 ], "texture": "#sentaisword_golden" },
				"north": { "uv": [ 1.25, 1, 0, 2.25 ], "texture": "#sentaisword_golden" },
				"south": { "uv": [ 5.5, 14.75, 6.75, 16 ], "texture": "#sentaisword_golden" },
				"west": { "uv": [ 5.25, 5.75, 5.5, 7 ], "texture": "#sentaisword_golden" },
				"east": { "uv": [ 5.25, 1.75, 5, 3 ], "texture": "#sentaisword_golden" }
			}
		},
		{
			"__comment": "Voxels",
			"from": [ 5, -2.5, 6.5 ],
			"to": [ 8, -0.5, 7 ],
			"faces": {
				"down": { "uv": [ 10.75, 14.75, 12.25, 15 ], "texture": "#sentaisword_golden" },
				"up": { "uv": [ 8.5, 11.75, 10, 11.5 ], "texture": "#sentaisword_golden" },
				"north": { "uv": [ 12.25, 15, 10.75, 16 ], "texture": "#sentaisword_golden" },
				"south": { "uv": [ 0, 0, 1.5, 1 ], "texture": "#sentaisword_golden" },
				"west": { "uv": [ 3.25, 0, 3.5, 1 ], "texture": "#sentaisword_golden" },
				"east": { "uv": [ 8.5, 11.5, 8.25, 12.5 ], "texture": "#sentaisword_golden" }
			}
		},
		{
			"__comment": "Voxels",
			"from": [ 5, -1, 6 ],
			"to": [ 6.5, -0.5, 6.5 ],
			"faces": {
				"down": { "uv": [ 11.25, 9.75, 12, 10 ], "texture": "#sentaisword_golden" },
				"up": { "uv": [ 12, 10, 12.75, 9.75 ], "texture": "#sentaisword_golden" },
				"north": { "uv": [ 13.5, 9.75, 12.75, 10 ], "texture": "#sentaisword_golden" },
				"south": { "uv": [ 13.5, 9.75, 14.25, 10 ], "texture": "#sentaisword_golden" },
				"west": { "uv": [ 15.5, 8.5, 15.75, 8.75 ], "texture": "#sentaisword_golden" },
				"east": { "uv": [ 16, 8.5, 15.75, 8.75 ], "texture": "#sentaisword_golden" }
			}
		},
		{
			"__comment": "Voxels",
			"from": [ 5, -1, 7 ],
			"to": [ 6.5, -0.5, 7.5 ],
			"faces": {
				"down": { "uv": [ 14.25, 9.75, 15, 10 ], "texture": "#sentaisword_golden" },
				"up": { "uv": [ 15, 10, 15.75, 9.75 ], "texture": "#sentaisword_golden" },
				"north": { "uv": [ 6.75, 9.5, 6, 9.75 ], "texture": "#sentaisword_golden" },
				"south": { "uv": [ 6.75, 9.5, 7.5, 9.75 ], "texture": "#sentaisword_golden" },
				"west": { "uv": [ 7.25, 6.25, 7.5, 6.5 ], "texture": "#sentaisword_golden" },
				"east": { "uv": [ 7.5, 6, 7.25, 6.25 ], "texture": "#sentaisword_golden" }
			}
		},
		{
			"__comment": "Voxels",
			"from": [ 5, 0.5, 6 ],
			"to": [ 7.5, 1, 7.5 ],
			"faces": {
				"down": { "uv": [ 5.25, 13.25, 6.5, 14 ], "texture": "#sentaisword_golden" },
				"up": { "uv": [ 5.25, 14.75, 6.5, 14 ], "texture": "#sentaisword_golden" },
				"north": { "uv": [ 12.25, 10.75, 11, 11 ], "texture": "#sentaisword_golden" },
				"south": { "uv": [ 12.25, 11.25, 13.5, 11.5 ], "texture": "#sentaisword_golden" },
				"west": { "uv": [ 7.5, 9.5, 8.25, 9.75 ], "texture": "#sentaisword_golden" },
				"east": { "uv": [ 9, 9.5, 8.25, 9.75 ], "texture": "#sentaisword_golden" }
			}
		},
		{
			"__comment": "Voxels",
			"from": [ 5.5, -13, 6 ],
			"to": [ 7.5, -12.5, 7.5 ],
			"faces": {
				"down": { "uv": [ 13.25, 14, 14.25, 14.75 ], "texture": "#sentaisword_golden" },
				"up": { "uv": [ 11, 14.25, 12, 13.5 ], "texture": "#sentaisword_golden" },
				"north": { "uv": [ 9.5, 10, 8.5, 10.25 ], "texture": "#sentaisword_golden" },
				"south": { "uv": [ 11, 10.25, 12, 10.5 ], "texture": "#sentaisword_golden" },
				"west": { "uv": [ 9, 9.5, 9.75, 9.75 ], "texture": "#sentaisword_golden" },
				"east": { "uv": [ 10.5, 9.5, 9.75, 9.75 ], "texture": "#sentaisword_golden" }
			}
		},
		{
			"__comment": "Voxels",
			"from": [ 5.5, -12, 6 ],
			"to": [ 8.5, -11, 6.5 ],
			"faces": {
				"down": { "uv": [ 12, 12.75, 13.5, 13 ], "texture": "#sentaisword_golden" },
				"up": { "uv": [ 12, 12.75, 13.5, 12.5 ], "texture": "#sentaisword_golden" },
				"north": { "uv": [ 13.75, 14.75, 12.25, 15.25 ], "texture": "#sentaisword_golden" },
				"south": { "uv": [ 13.75, 14.75, 15.25, 15.25 ], "texture": "#sentaisword_golden" },
				"west": { "uv": [ 5, 0, 5.25, 0.5 ], "texture": "#sentaisword_golden" },
				"east": { "uv": [ 15.75, 10, 15.5, 10.5 ], "texture": "#sentaisword_golden" }
			}
		},
		{
			"__comment": "Voxels",
			"from": [ 5.5, -12, 7 ],
			"to": [ 8.5, -11, 7.5 ],
			"faces": {
				"down": { "uv": [ 12, 12.25, 13.5, 12.5 ], "texture": "#sentaisword_golden" },
				"up": { "uv": [ 12, 12.25, 13.5, 12 ], "texture": "#sentaisword_golden" },
				"north": { "uv": [ 12.5, 14.25, 11, 14.75 ], "texture": "#sentaisword_golden" },
				"south": { "uv": [ 7.25, 13.25, 8.75, 13.75 ], "texture": "#sentaisword_golden" },
				"west": { "uv": [ 15.75, 10, 16, 10.5 ], "texture": "#sentaisword_golden" },
				"east": { "uv": [ 6, 0, 5.75, 0.5 ], "texture": "#sentaisword_golden" }
			}
		},
		{
			"__comment": "Voxels",
			"from": [ 5.5, -11, 6 ],
			"to": [ 7.5, -3.5, 6.5 ],
			"faces": {
				"down": { "uv": [ 11, 10, 12, 10.25 ], "texture": "#sentaisword_golden" },
				"up": { "uv": [ 12, 10.5, 13, 10.25 ], "texture": "#sentaisword_golden" },
				"north": { "uv": [ 3.5, 8.5, 2.5, 12.25 ], "texture": "#sentaisword_golden" },
				"south": { "uv": [ 2.5, 12.25, 3.5, 16 ], "texture": "#sentaisword_golden" },
				"west": { "uv": [ 4.5, 5.75, 4.75, 9.5 ], "texture": "#sentaisword_golden" },
				"east": { "uv": [ 4.5, 6.5, 4.25, 10.25 ], "texture": "#sentaisword_golden" }
			}
		},
		{
			"__comment": "Voxels",
			"from": [ 5.5, -11, 7 ],
			"to": [ 7.5, -3.5, 7.5 ],
			"faces": {
				"down": { "uv": [ 12, 10, 13, 10.25 ], "texture": "#sentaisword_golden" },
				"up": { "uv": [ 13, 10.5, 14, 10.25 ], "texture": "#sentaisword_golden" },
				"north": { "uv": [ 2.5, 3.5, 1.5, 7.25 ], "texture": "#sentaisword_golden" },
				"south": { "uv": [ 1.5, 7.25, 2.5, 11 ], "texture": "#sentaisword_golden" },
				"west": { "uv": [ 4.5, 2, 4.75, 5.75 ], "texture": "#sentaisword_golden" },
				"east": { "uv": [ 5, 9.5, 4.75, 13.25 ], "texture": "#sentaisword_golden" }
			}
		},
		{
			"__comment": "Voxels",
			"from": [ 5.5, -0.5, 6 ],
			"to": [ 7, 0, 7.5 ],
			"faces": {
				"down": { "uv": [ 7, 11.75, 7.75, 12.5 ], "texture": "#sentaisword_golden" },
				"up": { "uv": [ 7.75, 13.25, 8.5, 12.5 ], "texture": "#sentaisword_golden" },
				"north": { "uv": [ 12.75, 9.5, 12, 9.75 ], "texture": "#sentaisword_golden" },
				"south": { "uv": [ 12.75, 9.5, 13.5, 9.75 ], "texture": "#sentaisword_golden" },
				"west": { "uv": [ 13.5, 9.5, 14.25, 9.75 ], "texture": "#sentaisword_golden" },
				"east": { "uv": [ 15, 9.5, 14.25, 9.75 ], "texture": "#sentaisword_golden" }
			}
		},
		{
			"__comment": "Voxels",
			"from": [ 5.5, 0.5, 5.5 ],
			"to": [ 6.5, 1, 6 ],
			"faces": {
				"down": { "uv": [ 14.25, 11.5, 14.75, 11.75 ], "texture": "#sentaisword_golden" },
				"up": { "uv": [ 15.5, 11.5, 16, 11.25 ], "texture": "#sentaisword_golden" },
				"north": { "uv": [ 16, 10.5, 15.5, 10.75 ], "texture": "#sentaisword_golden" },
				"south": { "uv": [ 6, 2.5, 6.5, 2.75 ], "texture": "#sentaisword_golden" },
				"west": { "uv": [ 7.25, 4.75, 7.5, 5 ], "texture": "#sentaisword_golden" },
				"east": { "uv": [ 7.5, 4.5, 7.25, 4.75 ], "texture": "#sentaisword_golden" }
			}
		},
		{
			"__comment": "Voxels",
			"from": [ 5.5, 0.5, 7.5 ],
			"to": [ 6.5, 1, 8 ],
			"faces": {
				"down": { "uv": [ 6, 2.25, 6.5, 2.5 ], "texture": "#sentaisword_golden" },
				"up": { "uv": [ 6, 2.25, 6.5, 2 ], "texture": "#sentaisword_golden" },
				"north": { "uv": [ 6.5, 1.75, 6, 2 ], "texture": "#sentaisword_golden" },
				"south": { "uv": [ 6, 1.5, 6.5, 1.75 ], "texture": "#sentaisword_golden" },
				"west": { "uv": [ 7.25, 4.25, 7.5, 4.5 ], "texture": "#sentaisword_golden" },
				"east": { "uv": [ 7.5, 4, 7.25, 4.25 ], "texture": "#sentaisword_golden" }
			}
		},
		{
			"__comment": "Voxels",
			"from": [ 5.5, 1, 6.5 ],
			"to": [ 7.5, 11, 7 ],
			"faces": {
				"down": { "uv": [ 12.5, 10.5, 13.5, 10.75 ], "texture": "#sentaisword_golden" },
				"up": { "uv": [ 13.5, 10.75, 14.5, 10.5 ], "texture": "#sentaisword_golden" },
				"north": { "uv": [ 1, 3.5, 0, 8.5 ], "texture": "#sentaisword_golden" },
				"south": { "uv": [ 1.5, 11, 2.5, 16 ], "texture": "#sentaisword_golden" },
				"west": { "uv": [ 3.5, 1.5, 3.75, 6.5 ], "texture": "#sentaisword_golden" },
				"east": { "uv": [ 4, 1.5, 3.75, 6.5 ], "texture": "#sentaisword_golden" }
			}
		},
		{
			"__comment": "Voxels",
			"from": [ 6, 1, 6 ],
			"to": [ 7.5, 11, 6.5 ],
			"faces": {
				"down": { "uv": [ 8.25, 9.25, 9, 9.5 ], "texture": "#sentaisword_golden" },
				"up": { "uv": [ 9, 9.5, 9.75, 9.25 ], "texture": "#sentaisword_golden" },
				"north": { "uv": [ 3.25, 3.5, 2.5, 8.5 ], "texture": "#sentaisword_golden" },
				"south": { "uv": [ 3.5, 11, 4.25, 16 ], "texture": "#sentaisword_golden" },
				"west": { "uv": [ 4, 1.5, 4.25, 6.5 ], "texture": "#sentaisword_golden" },
				"east": { "uv": [ 3.5, 3.5, 3.25, 8.5 ], "texture": "#sentaisword_golden" }
			}
		},
		{
			"__comment": "Voxels",
			"from": [ 6, 1, 7 ],
			"to": [ 7.5, 2, 7.5 ],
			"faces": {
				"down": { "uv": [ 9.75, 9.25, 10.5, 9.5 ], "texture": "#sentaisword_golden" },
				"up": { "uv": [ 10.5, 9.5, 11.25, 9.25 ], "texture": "#sentaisword_golden" },
				"north": { "uv": [ 13.25, 13.25, 12.5, 13.75 ], "texture": "#sentaisword_golden" },
				"south": { "uv": [ 9, 13.25, 9.75, 13.75 ], "texture": "#sentaisword_golden" },
				"west": { "uv": [ 6, 1, 6.25, 1.5 ], "texture": "#sentaisword_golden" },
				"east": { "uv": [ 6.5, 1, 6.25, 1.5 ], "texture": "#sentaisword_golden" }
			}
		},
		{
			"__comment": "Voxels",
			"from": [ 6, 2, 7 ],
			"to": [ 7, 11, 7.5 ],
			"faces": {
				"down": { "uv": [ 6, 0.75, 6.5, 1 ], "texture": "#sentaisword_golden" },
				"up": { "uv": [ 6, 0.75, 6.5, 0.5 ], "texture": "#sentaisword_golden" },
				"north": { "uv": [ 4, 6.5, 3.5, 11 ], "texture": "#sentaisword_golden" },
				"south": { "uv": [ 1, 4, 1.5, 8.5 ], "texture": "#sentaisword_golden" },
				"west": { "uv": [ 4, 6.5, 4.25, 11 ], "texture": "#sentaisword_golden" },
				"east": { "uv": [ 4.5, 10.25, 4.25, 14.75 ], "texture": "#sentaisword_golden" }
			}
		},
		{
			"__comment": "Voxels",
			"from": [ 6, 11, 6.5 ],
			"to": [ 7.5, 14.5, 7 ],
			"faces": {
				"down": { "uv": [ 13.5, 9.25, 14.25, 9.5 ], "texture": "#sentaisword_golden" },
				"up": { "uv": [ 14.25, 9.5, 15, 9.25 ], "texture": "#sentaisword_golden" },
				"north": { "uv": [ 2.25, 1.75, 1.5, 3.5 ], "texture": "#sentaisword_golden" },
				"south": { "uv": [ 1.5, 0, 2.25, 1.75 ], "texture": "#sentaisword_golden" },
				"west": { "uv": [ 11.25, 11.5, 11.5, 13.25 ], "texture": "#sentaisword_golden" },
				"east": { "uv": [ 11.75, 11.5, 11.5, 13.25 ], "texture": "#sentaisword_golden" }
			}
		},
		{
			"__comment": "Voxels",
			"from": [ 6.5, 1, 5.5 ],
			"to": [ 7.5, 1.5, 6 ],
			"faces": {
				"down": { "uv": [ 6, 0.25, 6.5, 0.5 ], "texture": "#sentaisword_golden" },
				"up": { "uv": [ 6, 0.25, 6.5, 0 ], "texture": "#sentaisword_golden" },
				"north": { "uv": [ 7.25, 9, 6.75, 9.25 ], "texture": "#sentaisword_golden" },
				"south": { "uv": [ 7.25, 9, 7.75, 9.25 ], "texture": "#sentaisword_golden" },
				"west": { "uv": [ 7.25, 3.25, 7.5, 3.5 ], "texture": "#sentaisword_golden" },
				"east": { "uv": [ 7.5, 3, 7.25, 3.25 ], "texture": "#sentaisword_golden" }
			}
		},
		{
			"__comment": "Voxels",
			"from": [ 6.5, 1, 7.5 ],
			"to": [ 7.5, 1.5, 8 ],
			"faces": {
				"down": { "uv": [ 8.75, 9, 9.25, 9.25 ], "texture": "#sentaisword_golden" },
				"up": { "uv": [ 9.25, 9.25, 9.75, 9 ], "texture": "#sentaisword_golden" },
				"north": { "uv": [ 10.25, 9, 9.75, 9.25 ], "texture": "#sentaisword_golden" },
				"south": { "uv": [ 10.25, 9, 10.75, 9.25 ], "texture": "#sentaisword_golden" },
				"west": { "uv": [ 7.25, 2.75, 7.5, 3 ], "texture": "#sentaisword_golden" },
				"east": { "uv": [ 7.5, 2.5, 7.25, 2.75 ], "texture": "#sentaisword_golden" }
			}
		},
		{
			"__comment": "Voxels",
			"from": [ 6.5, 11, 6 ],
			"to": [ 7.5, 14.5, 6.5 ],
			"faces": {
				"down": { "uv": [ 10.25, 8.5, 10.75, 8.75 ], "texture": "#sentaisword_golden" },
				"up": { "uv": [ 7.25, 8.75, 7.75, 8.5 ], "texture": "#sentaisword_golden" },
				"north": { "uv": [ 6, 11.5, 5.5, 13.25 ], "texture": "#sentaisword_golden" },
				"south": { "uv": [ 5, 11.5, 5.5, 13.25 ], "texture": "#sentaisword_golden" },
				"west": { "uv": [ 2.25, 0, 2.5, 1.75 ], "texture": "#sentaisword_golden" },
				"east": { "uv": [ 10.75, 11.5, 10.5, 13.25 ], "texture": "#sentaisword_golden" }
			}
		},
		{
			"__comment": "Voxels",
			"from": [ 6.5, 11, 7 ],
			"to": [ 7, 14.5, 7.5 ],
			"faces": {
				"down": { "uv": [ 7.25, 2.25, 7.5, 2.5 ], "texture": "#sentaisword_golden" },
				"up": { "uv": [ 7.25, 2.25, 7.5, 2 ], "texture": "#sentaisword_golden" },
				"north": { "uv": [ 2.5, 1.75, 2.25, 3.5 ], "texture": "#sentaisword_golden" },
				"south": { "uv": [ 10.75, 11.5, 11, 13.25 ], "texture": "#sentaisword_golden" },
				"west": { "uv": [ 11, 11.5, 11.25, 13.25 ], "texture": "#sentaisword_golden" },
				"east": { "uv": [ 12, 11.5, 11.75, 13.25 ], "texture": "#sentaisword_golden" }
			}
		},
		{
			"__comment": "Voxels",
			"from": [ 6.5, 14.5, 6.5 ],
			"to": [ 8, 17.5, 7 ],
			"faces": {
				"down": { "uv": [ 6, 5.75, 6.75, 6 ], "texture": "#sentaisword_golden" },
				"up": { "uv": [ 6, 7.5, 6.75, 7.25 ], "texture": "#sentaisword_golden" },
				"north": { "uv": [ 4.25, 0, 3.5, 1.5 ], "texture": "#sentaisword_golden" },
				"south": { "uv": [ 4.5, 13.25, 5.25, 14.75 ], "texture": "#sentaisword_golden" },
				"west": { "uv": [ 5, 4.5, 5.25, 6 ], "texture": "#sentaisword_golden" },
				"east": { "uv": [ 15, 11.75, 14.75, 13.25 ], "texture": "#sentaisword_golden" }
			}
		},
		{
			"__comment": "Voxels",
			"from": [ 7, -1, 6 ],
			"to": [ 7.5, -0.5, 6.5 ],
			"faces": {
				"down": { "uv": [ 7.25, 0.5, 7.5, 0.75 ], "texture": "#sentaisword_golden" },
				"up": { "uv": [ 7.25, 0.5, 7.5, 0.25 ], "texture": "#sentaisword_golden" },
				"north": { "uv": [ 7.5, 0, 7.25, 0.25 ], "texture": "#sentaisword_golden" },
				"south": { "uv": [ 8, 8.25, 8.25, 8.5 ], "texture": "#sentaisword_golden" },
				"west": { "uv": [ 8.25, 8.25, 8.5, 8.5 ], "texture": "#sentaisword_golden" },
				"east": { "uv": [ 8.75, 8.25, 8.5, 8.5 ], "texture": "#sentaisword_golden" }
			}
		},
		{
			"__comment": "Voxels",
			"from": [ 7, -1, 7 ],
			"to": [ 7.5, -0.5, 7.5 ],
			"faces": {
				"down": { "uv": [ 8.75, 8.25, 9, 8.5 ], "texture": "#sentaisword_golden" },
				"up": { "uv": [ 9, 8.5, 9.25, 8.25 ], "texture": "#sentaisword_golden" },
				"north": { "uv": [ 11.75, 8.25, 11.5, 8.5 ], "texture": "#sentaisword_golden" },
				"south": { "uv": [ 11.75, 8.25, 12, 8.5 ], "texture": "#sentaisword_golden" },
				"west": { "uv": [ 13, 8.25, 13.25, 8.5 ], "texture": "#sentaisword_golden" },
				"east": { "uv": [ 13.5, 8.25, 13.25, 8.5 ], "texture": "#sentaisword_golden" }
			}
		},
		{
			"__comment": "Voxels",
			"from": [ 7, -0.5, 6.5 ],
			"to": [ 8, 0, 7 ],
			"faces": {
				"down": { "uv": [ 13.25, 9, 13.75, 9.25 ], "texture": "#sentaisword_golden" },
				"up": { "uv": [ 12.75, 9.25, 13.25, 9 ], "texture": "#sentaisword_golden" },
				"north": { "uv": [ 12.75, 9, 12.25, 9.25 ], "texture": "#sentaisword_golden" },
				"south": { "uv": [ 11.75, 9, 12.25, 9.25 ], "texture": "#sentaisword_golden" },
				"west": { "uv": [ 15.75, 8.25, 16, 8.5 ], "texture": "#sentaisword_golden" },
				"east": { "uv": [ 7.75, 7, 7.5, 7.25 ], "texture": "#sentaisword_golden" }
			}
		},
		{
			"__comment": "Voxels",
			"from": [ 7, 1.5, 5.5 ],
			"to": [ 8.5, 2, 6 ],
			"faces": {
				"down": { "uv": [ 6, 6.75, 6.75, 7 ], "texture": "#sentaisword_golden" },
				"up": { "uv": [ 6, 6.75, 6.75, 6.5 ], "texture": "#sentaisword_golden" },
				"north": { "uv": [ 6.75, 6.25, 6, 6.5 ], "texture": "#sentaisword_golden" },
				"south": { "uv": [ 6, 6, 6.75, 6.25 ], "texture": "#sentaisword_golden" },
				"west": { "uv": [ 11.25, 8.25, 11.5, 8.5 ], "texture": "#sentaisword_golden" },
				"east": { "uv": [ 11.25, 8.25, 11, 8.5 ], "texture": "#sentaisword_golden" }
			}
		},
		{
			"__comment": "Voxels",
			"from": [ 7, 1.5, 7.5 ],
			"to": [ 8.5, 2, 8 ],
			"faces": {
				"down": { "uv": [ 6, 8.75, 6.75, 9 ], "texture": "#sentaisword_golden" },
				"up": { "uv": [ 6, 9.25, 6.75, 9 ], "texture": "#sentaisword_golden" },
				"north": { "uv": [ 12, 9.25, 11.25, 9.5 ], "texture": "#sentaisword_golden" },
				"south": { "uv": [ 7.5, 9.25, 8.25, 9.5 ], "texture": "#sentaisword_golden" },
				"west": { "uv": [ 13.25, 10.75, 13.5, 11 ], "texture": "#sentaisword_golden" },
				"east": { "uv": [ 13.5, 11, 13.25, 11.25 ], "texture": "#sentaisword_golden" }
			}
		},
		{
			"__comment": "Voxels",
			"from": [ 7, 13.5, 7 ],
			"to": [ 7.5, 17.5, 7.5 ],
			"faces": {
				"down": { "uv": [ 12.25, 8.25, 12.5, 8.5 ], "texture": "#sentaisword_golden" },
				"up": { "uv": [ 12, 8.5, 12.25, 8.25 ], "texture": "#sentaisword_golden" },
				"north": { "uv": [ 5, 1.5, 4.75, 3.5 ], "texture": "#sentaisword_golden" },
				"south": { "uv": [ 5, 9.5, 5.25, 11.5 ], "texture": "#sentaisword_golden" },
				"west": { "uv": [ 5, 7.5, 5.25, 9.5 ], "texture": "#sentaisword_golden" },
				"east": { "uv": [ 4.5, 0.75, 4.25, 2.75 ], "texture": "#sentaisword_golden" }
			}
		},
		{
			"__comment": "Voxels",
			"from": [ 7, 14.5, 6 ],
			"to": [ 8, 17.5, 6.5 ],
			"faces": {
				"down": { "uv": [ 13.5, 8.75, 14, 9 ], "texture": "#sentaisword_golden" },
				"up": { "uv": [ 13, 9, 13.5, 8.75 ], "texture": "#sentaisword_golden" },
				"north": { "uv": [ 14.75, 13.25, 14.25, 14.75 ], "texture": "#sentaisword_golden" },
				"south": { "uv": [ 10.5, 13.25, 11, 14.75 ], "texture": "#sentaisword_golden" },
				"west": { "uv": [ 13.75, 11.75, 14, 13.25 ], "texture": "#sentaisword_golden" },
				"east": { "uv": [ 14.25, 11.75, 14, 13.25 ], "texture": "#sentaisword_golden" }
			}
		},
		{
			"__comment": "Voxels",
			"from": [ 7, 17.5, 6.5 ],
			"to": [ 8.5, 20, 7 ],
			"faces": {
				"down": { "uv": [ 6, 9.75, 6.75, 10 ], "texture": "#sentaisword_golden" },
				"up": { "uv": [ 6, 7.25, 6.75, 7 ], "texture": "#sentaisword_golden" },
				"north": { "uv": [ 7.25, 13.5, 6.5, 14.75 ], "texture": "#sentaisword_golden" },
				"south": { "uv": [ 15.25, 14.75, 16, 16 ], "texture": "#sentaisword_golden" },
				"west": { "uv": [ 1.25, 1, 1.5, 2.25 ], "texture": "#sentaisword_golden" },
				"east": { "uv": [ 16, 13.5, 15.75, 14.75 ], "texture": "#sentaisword_golden" }
			}
		},
		{
			"__comment": "Voxels",
			"from": [ 7.5, 1.5, 6 ],
			"to": [ 8.5, 2.5, 6.5 ],
			"faces": {
				"down": { "uv": [ 8, 8.75, 8.5, 9 ], "texture": "#sentaisword_golden" },
				"up": { "uv": [ 9.5, 9, 10, 8.75 ], "texture": "#sentaisword_golden" },
				"north": { "uv": [ 11, 10, 10.5, 10.5 ], "texture": "#sentaisword_golden" },
				"south": { "uv": [ 10, 10, 10.5, 10.5 ], "texture": "#sentaisword_golden" },
				"west": { "uv": [ 6.75, 2.5, 7, 3 ], "texture": "#sentaisword_golden" },
				"east": { "uv": [ 7.25, 6.25, 7, 6.75 ], "texture": "#sentaisword_golden" }
			}
		},
		{
			"__comment": "Voxels",
			"from": [ 7.5, 1.5, 7 ],
			"to": [ 8.5, 2.5, 7.5 ],
			"faces": {
				"down": { "uv": [ 15.5, 8.75, 16, 9 ], "texture": "#sentaisword_golden" },
				"up": { "uv": [ 10.75, 8.75, 11.25, 8.5 ], "texture": "#sentaisword_golden" },
				"north": { "uv": [ 14.5, 10, 14, 10.5 ], "texture": "#sentaisword_golden" },
				"south": { "uv": [ 14.5, 10, 15, 10.5 ], "texture": "#sentaisword_golden" },
				"west": { "uv": [ 7.25, 7, 7.5, 7.5 ], "texture": "#sentaisword_golden" },
				"east": { "uv": [ 7, 5, 6.75, 5.5 ], "texture": "#sentaisword_golden" }
			}
		},
		{
			"__comment": "Voxels",
			"from": [ 7.5, 13.5, 6 ],
			"to": [ 8, 14.5, 7 ],
			"faces": {
				"down": { "uv": [ 6.75, 4, 7, 4.5 ], "texture": "#sentaisword_golden" },
				"up": { "uv": [ 6.75, 1, 7, 0.5 ], "texture": "#sentaisword_golden" },
				"north": { "uv": [ 7, 1, 6.75, 1.5 ], "texture": "#sentaisword_golden" },
				"south": { "uv": [ 8.5, 14.75, 8.75, 15.25 ], "texture": "#sentaisword_golden" },
				"west": { "uv": [ 6.5, 11.5, 7, 12 ], "texture": "#sentaisword_golden" },
				"east": { "uv": [ 6, 10, 5.5, 10.5 ], "texture": "#sentaisword_golden" }
			}
		},
		{
			"__comment": "Voxels",
			"from": [ 7.5, 16, 7 ],
			"to": [ 8, 20, 7.5 ],
			"faces": {
				"down": { "uv": [ 7.25, 1, 7.5, 1.25 ], "texture": "#sentaisword_golden" },
				"up": { "uv": [ 7.25, 1, 7.5, 0.75 ], "texture": "#sentaisword_golden" },
				"north": { "uv": [ 5, 7.5, 4.75, 9.5 ], "texture": "#sentaisword_golden" },
				"south": { "uv": [ 4.5, 0, 4.75, 2 ], "texture": "#sentaisword_golden" },
				"west": { "uv": [ 4.75, 3.5, 5, 5.5 ], "texture": "#sentaisword_golden" },
				"east": { "uv": [ 5, 5.5, 4.75, 7.5 ], "texture": "#sentaisword_golden" }
			}
		},
		{
			"__comment": "Voxels",
			"from": [ 7.5, 17.5, 6 ],
			"to": [ 8.5, 20, 6.5 ],
			"faces": {
				"down": { "uv": [ 7.75, 8.5, 8.25, 8.75 ], "texture": "#sentaisword_golden" },
				"up": { "uv": [ 14, 9, 14.5, 8.75 ], "texture": "#sentaisword_golden" },
				"north": { "uv": [ 7, 12, 6.5, 13.25 ], "texture": "#sentaisword_golden" },
				"south": { "uv": [ 6, 12, 6.5, 13.25 ], "texture": "#sentaisword_golden" },
				"west": { "uv": [ 5, 0.5, 5.25, 1.75 ], "texture": "#sentaisword_golden" },
				"east": { "uv": [ 5.5, 9.5, 5.25, 10.75 ], "texture": "#sentaisword_golden" }
			}
		},
		{
			"__comment": "Voxels",
			"from": [ 7.5, 20, 6.5 ],
			"to": [ 9, 22, 7 ],
			"faces": {
				"down": { "uv": [ 6, 5.5, 6.75, 5.75 ], "texture": "#sentaisword_golden" },
				"up": { "uv": [ 6, 5.5, 6.75, 5.25 ], "texture": "#sentaisword_golden" },
				"north": { "uv": [ 3.25, 0, 2.5, 1 ], "texture": "#sentaisword_golden" },
				"south": { "uv": [ 9.75, 13.75, 10.5, 14.75 ], "texture": "#sentaisword_golden" },
				"west": { "uv": [ 5.75, 8, 6, 9 ], "texture": "#sentaisword_golden" },
				"east": { "uv": [ 5.75, 5, 5.5, 6 ], "texture": "#sentaisword_golden" }
			}
		},
		{
			"__comment": "Voxels",
			"from": [ 8, 2, 5.5 ],
			"to": [ 9.5, 2.5, 6 ],
			"faces": {
				"down": { "uv": [ 6, 5, 6.75, 5.25 ], "texture": "#sentaisword_golden" },
				"up": { "uv": [ 6, 5, 6.75, 4.75 ], "texture": "#sentaisword_golden" },
				"north": { "uv": [ 6.75, 4.5, 6, 4.75 ], "texture": "#sentaisword_golden" },
				"south": { "uv": [ 6, 4.25, 6.75, 4.5 ], "texture": "#sentaisword_golden" },
				"west": { "uv": [ 7.5, 6.75, 7.75, 7 ], "texture": "#sentaisword_golden" },
				"east": { "uv": [ 7.75, 2.5, 7.5, 2.75 ], "texture": "#sentaisword_golden" }
			}
		},
		{
			"__comment": "Voxels",
			"from": [ 8, 2, 7.5 ],
			"to": [ 9.5, 2.5, 8 ],
			"faces": {
				"down": { "uv": [ 6, 3.5, 6.75, 3.75 ], "texture": "#sentaisword_golden" },
				"up": { "uv": [ 6, 3.5, 6.75, 3.25 ], "texture": "#sentaisword_golden" },
				"north": { "uv": [ 6.75, 3, 6, 3.25 ], "texture": "#sentaisword_golden" },
				"south": { "uv": [ 6, 2.75, 6.75, 3 ], "texture": "#sentaisword_golden" },
				"west": { "uv": [ 7.5, 2.25, 7.75, 2.5 ], "texture": "#sentaisword_golden" },
				"east": { "uv": [ 10.5, 12, 10.25, 12.25 ], "texture": "#sentaisword_golden" }
			}
		},
		{
			"__comment": "Voxels",
			"from": [ 8, 2.5, 6 ],
			"to": [ 10, 3, 6.5 ],
			"faces": {
				"down": { "uv": [ 8.5, 10.5, 9.5, 10.75 ], "texture": "#sentaisword_golden" },
				"up": { "uv": [ 9.5, 10.75, 10.5, 10.5 ], "texture": "#sentaisword_golden" },
				"north": { "uv": [ 15.5, 10.5, 14.5, 10.75 ], "texture": "#sentaisword_golden" },
				"south": { "uv": [ 8.5, 10.25, 9.5, 10.5 ], "texture": "#sentaisword_golden" },
				"west": { "uv": [ 10.25, 11.75, 10.5, 12 ], "texture": "#sentaisword_golden" },
				"east": { "uv": [ 13.75, 11.5, 13.5, 11.75 ], "texture": "#sentaisword_golden" }
			}
		},
		{
			"__comment": "Voxels",
			"from": [ 8, 2.5, 7 ],
			"to": [ 10, 3, 7.5 ],
			"faces": {
				"down": { "uv": [ 12.25, 10.75, 13.25, 11 ], "texture": "#sentaisword_golden" },
				"up": { "uv": [ 13.5, 11.5, 14.5, 11.25 ], "texture": "#sentaisword_golden" },
				"north": { "uv": [ 11.5, 10.5, 10.5, 10.75 ], "texture": "#sentaisword_golden" },
				"south": { "uv": [ 11.5, 10.5, 12.5, 10.75 ], "texture": "#sentaisword_golden" },
				"west": { "uv": [ 13.75, 11.5, 14, 11.75 ], "texture": "#sentaisword_golden" },
				"east": { "uv": [ 14.25, 11.5, 14, 11.75 ], "texture": "#sentaisword_golden" }
			}
		},
		{
			"__comment": "Voxels",
			"from": [ 8, 16, 6 ],
			"to": [ 8.5, 17.5, 7 ],
			"faces": {
				"down": { "uv": [ 6.5, 1, 6.75, 1.5 ], "texture": "#sentaisword_golden" },
				"up": { "uv": [ 7, 2.75, 7.25, 2.25 ], "texture": "#sentaisword_golden" },
				"north": { "uv": [ 6, 1.25, 5.75, 2 ], "texture": "#sentaisword_golden" },
				"south": { "uv": [ 5.75, 0.5, 6, 1.25 ], "texture": "#sentaisword_golden" },
				"west": { "uv": [ 14.25, 11.75, 14.75, 12.5 ], "texture": "#sentaisword_golden" },
				"east": { "uv": [ 16, 12, 15.5, 12.75 ], "texture": "#sentaisword_golden" }
			}
		},
		{
			"__comment": "Voxels",
			"from": [ 8, 19, 7 ],
			"to": [ 8.5, 22, 7.5 ],
			"faces": {
				"down": { "uv": [ 14.75, 11.5, 15, 11.75 ], "texture": "#sentaisword_golden" },
				"up": { "uv": [ 13.75, 10.25, 14, 10 ], "texture": "#sentaisword_golden" },
				"north": { "uv": [ 5.25, 6, 5, 7.5 ], "texture": "#sentaisword_golden" },
				"south": { "uv": [ 5, 3, 5.25, 4.5 ], "texture": "#sentaisword_golden" },
				"west": { "uv": [ 4.75, 0, 5, 1.5 ], "texture": "#sentaisword_golden" },
				"east": { "uv": [ 13.75, 11.75, 13.5, 13.25 ], "texture": "#sentaisword_golden" }
			}
		},
		{
			"__comment": "Voxels",
			"from": [ 8, 20, 6 ],
			"to": [ 9, 22, 6.5 ],
			"faces": {
				"down": { "uv": [ 9, 8.75, 9.5, 9 ], "texture": "#sentaisword_golden" },
				"up": { "uv": [ 8.5, 9, 9, 8.75 ], "texture": "#sentaisword_golden" },
				"north": { "uv": [ 12.5, 13.25, 12, 14.25 ], "texture": "#sentaisword_golden" },
				"south": { "uv": [ 7.75, 11.5, 8.25, 12.5 ], "texture": "#sentaisword_golden" },
				"west": { "uv": [ 5.5, 0, 5.75, 1 ], "texture": "#sentaisword_golden" },
				"east": { "uv": [ 6, 9, 5.75, 10 ], "texture": "#sentaisword_golden" }
			}
		},
		{
			"__comment": "Voxels",
			"from": [ 8, 22, 6.5 ],
			"to": [ 9.5, 24, 7 ],
			"faces": {
				"down": { "uv": [ 6, 4, 6.75, 4.25 ], "texture": "#sentaisword_golden" },
				"up": { "uv": [ 6, 4, 6.75, 3.75 ], "texture": "#sentaisword_golden" },
				"north": { "uv": [ 13.25, 13.75, 12.5, 14.75 ], "texture": "#sentaisword_golden" },
				"south": { "uv": [ 9, 13.75, 9.75, 14.75 ], "texture": "#sentaisword_golden" },
				"west": { "uv": [ 5.25, 0, 5.5, 1 ], "texture": "#sentaisword_golden" },
				"east": { "uv": [ 5.75, 9, 5.5, 10 ], "texture": "#sentaisword_golden" }
			}
		},
		{
			"__comment": "Voxels",
			"from": [ 8.5, 2, 6 ],
			"to": [ 9.5, 2.5, 6.5 ],
			"faces": {
				"down": { "uv": [ 7.75, 9, 8.25, 9.25 ], "texture": "#sentaisword_golden" },
				"up": { "uv": [ 8.25, 9.25, 8.75, 9 ], "texture": "#sentaisword_golden" },
				"north": { "uv": [ 13, 8.75, 12.5, 9 ], "texture": "#sentaisword_golden" },
				"south": { "uv": [ 11, 8.75, 11.5, 9 ], "texture": "#sentaisword_golden" },
				"west": { "uv": [ 15.75, 9.75, 16, 10 ], "texture": "#sentaisword_golden" },
				"east": { "uv": [ 16, 9.5, 15.75, 9.75 ], "texture": "#sentaisword_golden" }
			}
		},
		{
			"__comment": "Voxels",
			"from": [ 8.5, 2, 7 ],
			"to": [ 9.5, 2.5, 7.5 ],
			"faces": {
				"down": { "uv": [ 11.25, 8.5, 11.75, 8.75 ], "texture": "#sentaisword_golden" },
				"up": { "uv": [ 11.75, 8.75, 12.25, 8.5 ], "texture": "#sentaisword_golden" },
				"north": { "uv": [ 15.25, 9, 14.75, 9.25 ], "texture": "#sentaisword_golden" },
				"south": { "uv": [ 15.25, 9, 15.75, 9.25 ], "texture": "#sentaisword_golden" },
				"west": { "uv": [ 6.5, 1.75, 6.75, 2 ], "texture": "#sentaisword_golden" },
				"east": { "uv": [ 15, 8.5, 14.75, 8.75 ], "texture": "#sentaisword_golden" }
			}
		},
		{
			"__comment": "Voxels",
			"from": [ 8.5, 2.5, 5.5 ],
			"to": [ 10, 3, 6 ],
			"faces": {
				"down": { "uv": [ 7, 11.5, 7.75, 11.75 ], "texture": "#sentaisword_golden" },
				"up": { "uv": [ 7.75, 11, 8.5, 10.75 ], "texture": "#sentaisword_golden" },
				"north": { "uv": [ 13.75, 10, 13, 10.25 ], "texture": "#sentaisword_golden" },
				"south": { "uv": [ 6.75, 9.75, 7.5, 10 ], "texture": "#sentaisword_golden" },
				"west": { "uv": [ 7.25, 5.25, 7.5, 5.5 ], "texture": "#sentaisword_golden" },
				"east": { "uv": [ 7.5, 5, 7.25, 5.25 ], "texture": "#sentaisword_golden" }
			}
		},
		{
			"__comment": "Voxels",
			"from": [ 8.5, 2.5, 7.5 ],
			"to": [ 10, 3, 8 ],
			"faces": {
				"down": { "uv": [ 7.5, 9.75, 8.25, 10 ], "texture": "#sentaisword_golden" },
				"up": { "uv": [ 9.75, 10, 10.5, 9.75 ], "texture": "#sentaisword_golden" },
				"north": { "uv": [ 11.25, 9.75, 10.5, 10 ], "texture": "#sentaisword_golden" },
				"south": { "uv": [ 10.5, 9.5, 11.25, 9.75 ], "texture": "#sentaisword_golden" },
				"west": { "uv": [ 7.25, 3.75, 7.5, 4 ], "texture": "#sentaisword_golden" },
				"east": { "uv": [ 7.5, 3.5, 7.25, 3.75 ], "texture": "#sentaisword_golden" }
			}
		},
		{
			"__comment": "Voxels",
			"from": [ 8.5, 19, 6 ],
			"to": [ 9, 20, 7 ],
			"faces": {
				"down": { "uv": [ 6.75, 7, 7, 7.5 ], "texture": "#sentaisword_golden" },
				"up": { "uv": [ 6.75, 7, 7, 6.5 ], "texture": "#sentaisword_golden" },
				"north": { "uv": [ 7, 6, 6.75, 6.5 ], "texture": "#sentaisword_golden" },
				"south": { "uv": [ 6.75, 5.5, 7, 6 ], "texture": "#sentaisword_golden" },
				"west": { "uv": [ 6, 10, 6.5, 10.5 ], "texture": "#sentaisword_golden" },
				"east": { "uv": [ 16, 10.75, 15.5, 11.25 ], "texture": "#sentaisword_golden" }
			}
		},
		{
			"__comment": "Voxels",
			"from": [ 8.5, 21.5, 7 ],
			"to": [ 9, 24, 7.5 ],
			"faces": {
				"down": { "uv": [ 7.25, 1.75, 7.5, 2 ], "texture": "#sentaisword_golden" },
				"up": { "uv": [ 7.25, 1.75, 7.5, 1.5 ], "texture": "#sentaisword_golden" },
				"north": { "uv": [ 5.5, 4.5, 5.25, 5.75 ], "texture": "#sentaisword_golden" },
				"south": { "uv": [ 5.25, 3.25, 5.5, 4.5 ], "texture": "#sentaisword_golden" },
				"west": { "uv": [ 5.25, 2, 5.5, 3.25 ], "texture": "#sentaisword_golden" },
				"east": { "uv": [ 1.5, 2.25, 1.25, 3.5 ], "texture": "#sentaisword_golden" }
			}
		},
		{
			"__comment": "Voxels",
			"from": [ 8.5, 22, 6 ],
			"to": [ 9.5, 23.5, 6.5 ],
			"faces": {
				"down": { "uv": [ 11.5, 8.75, 12, 9 ], "texture": "#sentaisword_golden" },
				"up": { "uv": [ 12, 9, 12.5, 8.75 ], "texture": "#sentaisword_golden" },
				"north": { "uv": [ 7.75, 10.75, 7.25, 11.5 ], "texture": "#sentaisword_golden" },
				"south": { "uv": [ 14.25, 12.5, 14.75, 13.25 ], "texture": "#sentaisword_golden" },
				"west": { "uv": [ 4.25, 0, 4.5, 0.75 ], "texture": "#sentaisword_golden" },
				"east": { "uv": [ 14.25, 13.25, 14, 14 ], "texture": "#sentaisword_golden" }
			}
		},
		{
			"__comment": "Voxels",
			"from": [ 8.5, 23.5, 6 ],
			"to": [ 9, 24, 6.5 ],
			"faces": {
				"down": { "uv": [ 9.25, 8.25, 9.5, 8.5 ], "texture": "#sentaisword_golden" },
				"up": { "uv": [ 9.5, 8.5, 9.75, 8.25 ], "texture": "#sentaisword_golden" },
				"north": { "uv": [ 10, 8.25, 9.75, 8.5 ], "texture": "#sentaisword_golden" },
				"south": { "uv": [ 10, 8.25, 10.25, 8.5 ], "texture": "#sentaisword_golden" },
				"west": { "uv": [ 10.25, 8.25, 10.5, 8.5 ], "texture": "#sentaisword_golden" },
				"east": { "uv": [ 10.75, 8.25, 10.5, 8.5 ], "texture": "#sentaisword_golden" }
			}
		},
		{
			"__comment": "Voxels",
			"from": [ 8.5, 24, 6.5 ],
			"to": [ 10, 25.5, 7 ],
			"faces": {
				"down": { "uv": [ 11.25, 9.5, 12, 9.75 ], "texture": "#sentaisword_golden" },
				"up": { "uv": [ 15, 9.75, 15.75, 9.5 ], "texture": "#sentaisword_golden" },
				"north": { "uv": [ 7.75, 12.5, 7, 13.25 ], "texture": "#sentaisword_golden" },
				"south": { "uv": [ 13.25, 13.25, 14, 14 ], "texture": "#sentaisword_golden" },
				"west": { "uv": [ 5.75, 7.25, 6, 8 ], "texture": "#sentaisword_golden" },
				"east": { "uv": [ 6, 6.5, 5.75, 7.25 ], "texture": "#sentaisword_golden" }
			}
		},
		{
			"__comment": "Voxels",
			"from": [ 9, 3, 6 ],
			"to": [ 9.5, 3.5, 6.5 ],
			"faces": {
				"down": { "uv": [ 13.5, 8.25, 13.75, 8.5 ], "texture": "#sentaisword_golden" },
				"up": { "uv": [ 13.75, 8.5, 14, 8.25 ], "texture": "#sentaisword_golden" },
				"north": { "uv": [ 14.25, 8.25, 14, 8.5 ], "texture": "#sentaisword_golden" },
				"south": { "uv": [ 14.25, 8.25, 14.5, 8.5 ], "texture": "#sentaisword_golden" },
				"west": { "uv": [ 14.5, 8.25, 14.75, 8.5 ], "texture": "#sentaisword_golden" },
				"east": { "uv": [ 15, 8.25, 14.75, 8.5 ], "texture": "#sentaisword_golden" }
			}
		},
		{
			"__comment": "Voxels",
			"from": [ 9, 3, 7 ],
			"to": [ 9.5, 3.5, 7.5 ],
			"faces": {
				"down": { "uv": [ 15.5, 8.25, 15.75, 8.5 ], "texture": "#sentaisword_golden" },
				"up": { "uv": [ 7.25, 1.5, 7.5, 1.25 ], "texture": "#sentaisword_golden" },
				"north": { "uv": [ 7.75, 8, 7.5, 8.25 ], "texture": "#sentaisword_golden" },
				"south": { "uv": [ 7.5, 7.75, 7.75, 8 ], "texture": "#sentaisword_golden" },
				"west": { "uv": [ 7.5, 7.5, 7.75, 7.75 ], "texture": "#sentaisword_golden" },
				"east": { "uv": [ 7.75, 7.25, 7.5, 7.5 ], "texture": "#sentaisword_golden" }
			}
		},
		{
			"__comment": "Voxels",
			"from": [ 9, 21.5, 6 ],
			"to": [ 9.5, 22, 7 ],
			"faces": {
				"down": { "uv": [ 6.75, 8, 7, 8.5 ], "texture": "#sentaisword_golden" },
				"up": { "uv": [ 6.75, 8, 7, 7.5 ], "texture": "#sentaisword_golden" },
				"north": { "uv": [ 7.75, 3, 7.5, 3.25 ], "texture": "#sentaisword_golden" },
				"south": { "uv": [ 7.5, 2.75, 7.75, 3 ], "texture": "#sentaisword_golden" },
				"west": { "uv": [ 10.75, 9, 11.25, 9.25 ], "texture": "#sentaisword_golden" },
				"east": { "uv": [ 11.75, 9, 11.25, 9.25 ], "texture": "#sentaisword_golden" }
			}
		},
		{
			"__comment": "Voxels",
			"from": [ 9, 23.5, 7 ],
			"to": [ 9.5, 25.5, 7.5 ],
			"faces": {
				"down": { "uv": [ 10.25, 12.5, 10.5, 12.75 ], "texture": "#sentaisword_golden" },
				"up": { "uv": [ 10.25, 12.5, 10.5, 12.25 ], "texture": "#sentaisword_golden" },
				"north": { "uv": [ 5.75, 1, 5.5, 2 ], "texture": "#sentaisword_golden" },
				"south": { "uv": [ 5.5, 2, 5.75, 3 ], "texture": "#sentaisword_golden" },
				"west": { "uv": [ 5.5, 3, 5.75, 4 ], "texture": "#sentaisword_golden" },
				"east": { "uv": [ 5.75, 4, 5.5, 5 ], "texture": "#sentaisword_golden" }
			}
		},
		{
			"__comment": "Voxels",
			"from": [ 9, 24, 6 ],
			"to": [ 10, 25.5, 6.5 ],
			"faces": {
				"down": { "uv": [ 13.75, 9, 14.25, 9.25 ], "texture": "#sentaisword_golden" },
				"up": { "uv": [ 14.25, 9.25, 14.75, 9 ], "texture": "#sentaisword_golden" },
				"north": { "uv": [ 5.75, 10.75, 5.25, 11.5 ], "texture": "#sentaisword_golden" },
				"south": { "uv": [ 15, 12, 15.5, 12.75 ], "texture": "#sentaisword_golden" },
				"west": { "uv": [ 5.75, 5.75, 6, 6.5 ], "texture": "#sentaisword_golden" },
				"east": { "uv": [ 6, 5, 5.75, 5.75 ], "texture": "#sentaisword_golden" }
			}
		},
		{
			"__comment": "Voxels",
			"from": [ 9, 25.5, 6.5 ],
			"to": [ 10.5, 26.5, 7 ],
			"faces": {
				"down": { "uv": [ 6, 9.25, 6.75, 9.5 ], "texture": "#sentaisword_golden" },
				"up": { "uv": [ 6.75, 9.5, 7.5, 9.25 ], "texture": "#sentaisword_golden" },
				"north": { "uv": [ 15.75, 12.75, 15, 13.25 ], "texture": "#sentaisword_golden" },
				"south": { "uv": [ 9.75, 13.25, 10.5, 13.75 ], "texture": "#sentaisword_golden" },
				"west": { "uv": [ 7, 5.75, 7.25, 6.25 ], "texture": "#sentaisword_golden" },
				"east": { "uv": [ 7, 4.5, 6.75, 5 ], "texture": "#sentaisword_golden" }
			}
		},
		{
			"__comment": "Voxels",
			"from": [ 9.5, 3, 5.5 ],
			"to": [ 10, 3.5, 6 ],
			"faces": {
				"down": { "uv": [ 6.5, 1.5, 6.75, 1.75 ], "texture": "#sentaisword_golden" },
				"up": { "uv": [ 6.5, 1, 6.75, 0.75 ], "texture": "#sentaisword_golden" },
				"north": { "uv": [ 6.75, 0.5, 6.5, 0.75 ], "texture": "#sentaisword_golden" },
				"south": { "uv": [ 6.5, 0.25, 6.75, 0.5 ], "texture": "#sentaisword_golden" },
				"west": { "uv": [ 6.5, 0, 6.75, 0.25 ], "texture": "#sentaisword_golden" },
				"east": { "uv": [ 16, 9, 15.75, 9.25 ], "texture": "#sentaisword_golden" }
			}
		},
		{
			"__comment": "Voxels",
			"from": [ 9.5, 3, 7.5 ],
			"to": [ 10, 3.5, 8 ],
			"faces": {
				"down": { "uv": [ 7, 0, 7.25, 0.25 ], "texture": "#sentaisword_golden" },
				"up": { "uv": [ 14.25, 8.75, 14.5, 8.5 ], "texture": "#sentaisword_golden" },
				"north": { "uv": [ 14.75, 8.5, 14.5, 8.75 ], "texture": "#sentaisword_golden" },
				"south": { "uv": [ 10.75, 8.25, 11, 8.5 ], "texture": "#sentaisword_golden" },
				"west": { "uv": [ 15, 8.5, 15.25, 8.75 ], "texture": "#sentaisword_golden" },
				"east": { "uv": [ 15.5, 8.5, 15.25, 8.75 ], "texture": "#sentaisword_golden" }
			}
		},
		{
			"__comment": "Voxels",
			"from": [ 9.5, 23.5, 6 ],
			"to": [ 10, 24, 7 ],
			"faces": {
				"down": { "uv": [ 6.75, 3.5, 7, 4 ], "texture": "#sentaisword_golden" },
				"up": { "uv": [ 6.75, 3.5, 7, 3 ], "texture": "#sentaisword_golden" },
				"north": { "uv": [ 7.5, 6.75, 7.25, 7 ], "texture": "#sentaisword_golden" },
				"south": { "uv": [ 7.25, 6.5, 7.5, 6.75 ], "texture": "#sentaisword_golden" },
				"west": { "uv": [ 7, 8.75, 7.5, 9 ], "texture": "#sentaisword_golden" },
				"east": { "uv": [ 8, 8.75, 7.5, 9 ], "texture": "#sentaisword_golden" }
			}
		},
		{
			"__comment": "Voxels",
			"from": [ 9.5, 24.5, 7 ],
			"to": [ 10, 26.5, 7.5 ],
			"faces": {
				"down": { "uv": [ 7.25, 5.75, 7.5, 6 ], "texture": "#sentaisword_golden" },
				"up": { "uv": [ 7.25, 5.75, 7.5, 5.5 ], "texture": "#sentaisword_golden" },
				"north": { "uv": [ 5.75, 6, 5.5, 7 ], "texture": "#sentaisword_golden" },
				"south": { "uv": [ 5.5, 7, 5.75, 8 ], "texture": "#sentaisword_golden" },
				"west": { "uv": [ 5.5, 8, 5.75, 9 ], "texture": "#sentaisword_golden" },
				"east": { "uv": [ 5.5, 1, 5.25, 2 ], "texture": "#sentaisword_golden" }
			}
		},
		{
			"__comment": "Voxels",
			"from": [ 9.5, 25.5, 6 ],
			"to": [ 10.5, 26.5, 6.5 ],
			"faces": {
				"down": { "uv": [ 10, 8.75, 10.5, 9 ], "texture": "#sentaisword_golden" },
				"up": { "uv": [ 10.5, 9, 11, 8.75 ], "texture": "#sentaisword_golden" },
				"north": { "uv": [ 10, 10, 9.5, 10.5 ], "texture": "#sentaisword_golden" },
				"south": { "uv": [ 8, 10, 8.5, 10.5 ], "texture": "#sentaisword_golden" },
				"west": { "uv": [ 6.75, 2, 7, 2.5 ], "texture": "#sentaisword_golden" },
				"east": { "uv": [ 7, 1.5, 6.75, 2 ], "texture": "#sentaisword_golden" }
			}
		},
		{
			"__comment": "Voxels",
			"from": [ 9.5, 26.5, 6.5 ],
			"to": [ 11, 27.5, 7 ],
			"faces": {
				"down": { "uv": [ 12.75, 9.25, 13.5, 9.5 ], "texture": "#sentaisword_golden" },
				"up": { "uv": [ 15, 9.5, 15.75, 9.25 ], "texture": "#sentaisword_golden" },
				"north": { "uv": [ 8.5, 11, 7.75, 11.5 ], "texture": "#sentaisword_golden" },
				"south": { "uv": [ 6.5, 10.75, 7.25, 11.25 ], "texture": "#sentaisword_golden" },
				"west": { "uv": [ 6.75, 0, 7, 0.5 ], "texture": "#sentaisword_golden" },
				"east": { "uv": [ 7.25, 8.25, 7, 8.75 ], "texture": "#sentaisword_golden" }
			}
		},
		{
			"__comment": "Voxels",
			"from": [ 10, 24.5, 6 ],
			"to": [ 10.5, 25.5, 7 ],
			"faces": {
				"down": { "uv": [ 6.75, 8.5, 7, 9 ], "texture": "#sentaisword_golden" },
				"up": { "uv": [ 7, 8.25, 7.25, 7.75 ], "texture": "#sentaisword_golden" },
				"north": { "uv": [ 7.25, 7.25, 7, 7.75 ], "texture": "#sentaisword_golden" },
				"south": { "uv": [ 7, 6.75, 7.25, 7.25 ], "texture": "#sentaisword_golden" },
				"west": { "uv": [ 7.5, 10, 8, 10.5 ], "texture": "#sentaisword_golden" },
				"east": { "uv": [ 7.5, 10, 7, 10.5 ], "texture": "#sentaisword_golden" }
			}
		},
		{
			"__comment": "Voxels",
			"from": [ 10, 26, 7 ],
			"to": [ 10.5, 27.5, 7.5 ],
			"faces": {
				"down": { "uv": [ 7.5, 8.25, 7.75, 8.5 ], "texture": "#sentaisword_golden" },
				"up": { "uv": [ 7.75, 8.5, 8, 8.25 ], "texture": "#sentaisword_golden" },
				"north": { "uv": [ 6, 3.5, 5.75, 4.25 ], "texture": "#sentaisword_golden" },
				"south": { "uv": [ 5.75, 2.75, 6, 3.5 ], "texture": "#sentaisword_golden" },
				"west": { "uv": [ 5.75, 2, 6, 2.75 ], "texture": "#sentaisword_golden" },
				"east": { "uv": [ 6, 4.25, 5.75, 5 ], "texture": "#sentaisword_golden" }
			}
		},
		{
			"__comment": "Voxels",
			"from": [ 10, 26.5, 6 ],
			"to": [ 11, 27.5, 6.5 ],
			"faces": {
				"down": { "uv": [ 14.5, 8.75, 15, 9 ], "texture": "#sentaisword_golden" },
				"up": { "uv": [ 15, 9, 15.5, 8.75 ], "texture": "#sentaisword_golden" },
				"north": { "uv": [ 7, 10, 6.5, 10.5 ], "texture": "#sentaisword_golden" },
				"south": { "uv": [ 6, 11.5, 6.5, 12 ], "texture": "#sentaisword_golden" },
				"west": { "uv": [ 7, 5.25, 7.25, 5.75 ], "texture": "#sentaisword_golden" },
				"east": { "uv": [ 7.25, 4.75, 7, 5.25 ], "texture": "#sentaisword_golden" }
			}
		},
		{
			"__comment": "Voxels",
			"from": [ 10, 27.5, 6.5 ],
			"to": [ 11.5, 28.5, 7 ],
			"faces": {
				"down": { "uv": [ 6, 8.5, 6.75, 8.75 ], "texture": "#sentaisword_golden" },
				"up": { "uv": [ 12, 9.5, 12.75, 9.25 ], "texture": "#sentaisword_golden" },
				"north": { "uv": [ 6.5, 10.75, 5.75, 11.25 ], "texture": "#sentaisword_golden" },
				"south": { "uv": [ 15, 11.5, 15.75, 12 ], "texture": "#sentaisword_golden" },
				"west": { "uv": [ 7, 4.25, 7.25, 4.75 ], "texture": "#sentaisword_golden" },
				"east": { "uv": [ 7.25, 3.75, 7, 4.25 ], "texture": "#sentaisword_golden" }
			}
		},
		{
			"__comment": "Voxels",
			"from": [ 10.5, 26, 6 ],
			"to": [ 11, 26.5, 7 ],
			"faces": {
				"down": { "uv": [ 7, 3.25, 7.25, 3.75 ], "texture": "#sentaisword_golden" },
				"up": { "uv": [ 7, 3.25, 7.25, 2.75 ], "texture": "#sentaisword_golden" },
				"north": { "uv": [ 12.75, 8.25, 12.5, 8.5 ], "texture": "#sentaisword_golden" },
				"south": { "uv": [ 12.75, 8.25, 13, 8.5 ], "texture": "#sentaisword_golden" },
				"west": { "uv": [ 8.25, 8.5, 8.75, 8.75 ], "texture": "#sentaisword_golden" },
				"east": { "uv": [ 9.25, 8.5, 8.75, 8.75 ], "texture": "#sentaisword_golden" }
			}
		},
		{
			"__comment": "Voxels",
			"from": [ 10.5, 27.5, 6 ],
			"to": [ 11.5, 28.5, 6.5 ],
			"faces": {
				"down": { "uv": [ 9.25, 8.5, 9.75, 8.75 ], "texture": "#sentaisword_golden" },
				"up": { "uv": [ 9.75, 8.75, 10.25, 8.5 ], "texture": "#sentaisword_golden" },
				"north": { "uv": [ 1.5, 3.5, 1, 4 ], "texture": "#sentaisword_golden" },
				"south": { "uv": [ 15, 10, 15.5, 10.5 ], "texture": "#sentaisword_golden" },
				"west": { "uv": [ 7, 1.75, 7.25, 2.25 ], "texture": "#sentaisword_golden" },
				"east": { "uv": [ 7.25, 1.25, 7, 1.75 ], "texture": "#sentaisword_golden" }
			}
		},
		{
			"__comment": "Voxels",
			"from": [ 10.5, 27.5, 7 ],
			"to": [ 11, 28.5, 7.5 ],
			"faces": {
				"down": { "uv": [ 15, 8.25, 15.25, 8.5 ], "texture": "#sentaisword_golden" },
				"up": { "uv": [ 15.25, 8.5, 15.5, 8.25 ], "texture": "#sentaisword_golden" },
				"north": { "uv": [ 7.25, 0.75, 7, 1.25 ], "texture": "#sentaisword_golden" },
				"south": { "uv": [ 7, 0.25, 7.25, 0.75 ], "texture": "#sentaisword_golden" },
				"west": { "uv": [ 7.25, 8, 7.5, 8.5 ], "texture": "#sentaisword_golden" },
				"east": { "uv": [ 7.5, 7.5, 7.25, 8 ], "texture": "#sentaisword_golden" }
			}
		},
		{
			"__comment": "Voxels",
			"from": [ 10.5, 28.5, 6.5 ],
			"to": [ 12, 29, 7 ],
			"faces": {
				"down": { "uv": [ 6, 8.25, 6.75, 8.5 ], "texture": "#sentaisword_golden" },
				"up": { "uv": [ 6, 8.25, 6.75, 8 ], "texture": "#sentaisword_golden" },
				"north": { "uv": [ 6.75, 7.75, 6, 8 ], "texture": "#sentaisword_golden" },
				"south": { "uv": [ 6, 7.5, 6.75, 7.75 ], "texture": "#sentaisword_golden" },
				"west": { "uv": [ 7.5, 6.5, 7.75, 6.75 ], "texture": "#sentaisword_golden" },
				"east": { "uv": [ 7.75, 6.25, 7.5, 6.5 ], "texture": "#sentaisword_golden" }
			}
		},
		{
			"__comment": "Voxels",
			"from": [ 11, 28.5, 6 ],
			"to": [ 11.5, 29, 6.5 ],
			"faces": {
				"down": { "uv": [ 7.5, 6, 7.75, 6.25 ], "texture": "#sentaisword_golden" },
				"up": { "uv": [ 7.5, 6, 7.75, 5.75 ], "texture": "#sentaisword_golden" },
				"north": { "uv": [ 7.75, 5.5, 7.5, 5.75 ], "texture": "#sentaisword_golden" },
				"south": { "uv": [ 7.5, 5.25, 7.75, 5.5 ], "texture": "#sentaisword_golden" },
				"west": { "uv": [ 7.5, 5, 7.75, 5.25 ], "texture": "#sentaisword_golden" },
				"east": { "uv": [ 7.75, 4.75, 7.5, 5 ], "texture": "#sentaisword_golden" }
			}
		},
		{
			"__comment": "Voxels",
			"from": [ 11, 28.5, 7 ],
			"to": [ 11.5, 29, 7.5 ],
			"faces": {
				"down": { "uv": [ 7.5, 4.5, 7.75, 4.75 ], "texture": "#sentaisword_golden" },
				"up": { "uv": [ 7.5, 4.5, 7.75, 4.25 ], "texture": "#sentaisword_golden" },
				"north": { "uv": [ 7.75, 4, 7.5, 4.25 ], "texture": "#sentaisword_golden" },
				"south": { "uv": [ 7.5, 3.75, 7.75, 4 ], "texture": "#sentaisword_golden" },
				"west": { "uv": [ 7.5, 3.5, 7.75, 3.75 ], "texture": "#sentaisword_golden" },
				"east": { "uv": [ 7.75, 3.25, 7.5, 3.5 ], "texture": "#sentaisword_golden" }
			}
		},
		{
			"__comment": "Voxels",
			"from": [ 11, 29, 6.5 ],
			"to": [ 12, 29.5, 7 ],
			"faces": {
				"down": { "uv": [ 12.25, 8.5, 12.75, 8.75 ], "texture": "#sentaisword_golden" },
				"up": { "uv": [ 12.75, 8.75, 13.25, 8.5 ], "texture": "#sentaisword_golden" },
				"north": { "uv": [ 13.75, 8.5, 13.25, 8.75 ], "texture": "#sentaisword_golden" },
				"south": { "uv": [ 13.75, 8.5, 14.25, 8.75 ], "texture": "#sentaisword_golden" },
				"west": { "uv": [ 7.5, 2, 7.75, 2.25 ], "texture": "#sentaisword_golden" },
				"east": { "uv": [ 7.75, 1.75, 7.5, 2 ], "texture": "#sentaisword_golden" }
			}
		}
	],
	"display": {
		"thirdperson": {
			"rotation":   [ 178, 268, 78 ],
			"translation":  [ 0.75, -2.00, -6.50 ],
			"scale":  [ 0.88, 0.88, 0.88 ]
		},
		"firstperson": {
			"rotation":  [ 0, 256, 0 ],
			"translation":   [ -2.75, 8.00, 2.00 ],
			"scale":  [ 1.00, 1.06, 1.00 ]
		},
		"gui": {
			"rotation": [ 0, 112, 330 ],
			"translation": [ 0.00, 0.00, 0.00 ],
			"scale": [ 1.33, 1.22, 1.74 ]
		}
	}
}