{
	"__comment": "Designed by CodePixel with Cubik Studio - https://cubik.studio",
	"textures": {
		"particle": "blocks/particle",
		"megaxgun": "items/megaxgun"
	},
	"elements": [ 	 
		{
			"__comment": "Voxels-0045B8",
			"from": [ 1, 6, 6 ],
			"to": [ 13, 7, 10 ],
			"faces": {
				"down": { "uv": [ 4.96, 0.96, 7.04, 3.04 ], "texture": "#megaxgun" },
				"up": { "uv": [ 4.96, 0.96, 7.04, 3.04 ], "texture": "#megaxgun" },
				"north": { "uv": [ 4.96, 0.96, 7.04, 3.04 ], "texture": "#megaxgun" },
				"south": { "uv": [ 4.96, 0.96, 7.04, 3.04 ], "texture": "#megaxgun" },
				"west": { "uv": [ 4.96, 0.96, 7.04, 3.04 ], "texture": "#megaxgun" },
				"east": { "uv": [ 4.96, 0.96, 7.04, 3.04 ], "texture": "#megaxgun" }
			}
		},
		{
			"__comment": "Voxels-0054DE",
			"from": [ 1, 7, 6 ],
			"to": [ 14, 9, 7 ],
			"faces": {
				"down": { "uv": [ 8.96, 0.96, 11.04, 3.04 ], "texture": "#megaxgun" },
				"up": { "uv": [ 8.96, 0.96, 11.04, 3.04 ], "texture": "#megaxgun" },
				"north": { "uv": [ 8.96, 0.96, 11.04, 3.04 ], "texture": "#megaxgun" },
				"south": { "uv": [ 8.96, 0.96, 11.04, 3.04 ], "texture": "#megaxgun" },
				"west": { "uv": [ 8.96, 0.96, 11.04, 3.04 ], "texture": "#megaxgun" },
				"east": { "uv": [ 8.96, 0.96, 11.04, 3.04 ], "texture": "#megaxgun" }
			}
		},
		{
			"__comment": "Voxels-0054DE",
			"from": [ 1, 7, 9 ],
			"to": [ 14, 9, 10 ],
			"faces": {
				"down": { "uv": [ 8.96, 0.96, 11.04, 3.04 ], "texture": "#megaxgun" },
				"up": { "uv": [ 8.96, 0.96, 11.04, 3.04 ], "texture": "#megaxgun" },
				"north": { "uv": [ 8.96, 0.96, 11.04, 3.04 ], "texture": "#megaxgun" },
				"south": { "uv": [ 8.96, 0.96, 11.04, 3.04 ], "texture": "#megaxgun" },
				"west": { "uv": [ 8.96, 0.96, 11.04, 3.04 ], "texture": "#megaxgun" },
				"east": { "uv": [ 8.96, 0.96, 11.04, 3.04 ], "texture": "#megaxgun" }
			}
		},
		{
			"__comment": "Voxels-0060FF",
			"from": [ 1, 9, 6 ],
			"to": [ 4, 10, 10 ],
			"faces": {
				"down": { "uv": [ 12.96, 0.96, 15.04, 3.04 ], "texture": "#megaxgun" },
				"up": { "uv": [ 12.96, 0.96, 15.04, 3.04 ], "texture": "#megaxgun" },
				"north": { "uv": [ 12.96, 0.96, 15.04, 3.04 ], "texture": "#megaxgun" },
				"south": { "uv": [ 12.96, 0.96, 15.04, 3.04 ], "texture": "#megaxgun" },
				"west": { "uv": [ 12.96, 0.96, 15.04, 3.04 ], "texture": "#megaxgun" },
				"east": { "uv": [ 12.96, 0.96, 15.04, 3.04 ], "texture": "#megaxgun" }
			}
		},
		{
			"__comment": "Voxels-0045B8",
			"from": [ 2, 5, 6 ],
			"to": [ 12, 6, 10 ],
			"faces": {
				"down": { "uv": [ 4.96, 0.96, 7.04, 3.04 ], "texture": "#megaxgun" },
				"up": { "uv": [ 4.96, 0.96, 7.04, 3.04 ], "texture": "#megaxgun" },
				"north": { "uv": [ 4.96, 0.96, 7.04, 3.04 ], "texture": "#megaxgun" },
				"south": { "uv": [ 4.96, 0.96, 7.04, 3.04 ], "texture": "#megaxgun" },
				"west": { "uv": [ 4.96, 0.96, 7.04, 3.04 ], "texture": "#megaxgun" },
				"east": { "uv": [ 4.96, 0.96, 7.04, 3.04 ], "texture": "#megaxgun" }
			}
		},
		{
			"__comment": "Voxels-0045B8",
			"from": [ 2, 6, 5 ],
			"to": [ 12, 7, 6 ],
			"faces": {
				"down": { "uv": [ 4.96, 0.96, 7.04, 3.04 ], "texture": "#megaxgun" },
				"up": { "uv": [ 4.96, 0.96, 7.04, 3.04 ], "texture": "#megaxgun" },
				"north": { "uv": [ 4.96, 0.96, 7.04, 3.04 ], "texture": "#megaxgun" },
				"south": { "uv": [ 4.96, 0.96, 7.04, 3.04 ], "texture": "#megaxgun" },
				"west": { "uv": [ 4.96, 0.96, 7.04, 3.04 ], "texture": "#megaxgun" },
				"east": { "uv": [ 4.96, 0.96, 7.04, 3.04 ], "texture": "#megaxgun" }
			}
		},
		{
			"__comment": "Voxels-0045B8",
			"from": [ 2, 6, 10 ],
			"to": [ 12, 7, 11 ],
			"faces": {
				"down": { "uv": [ 4.96, 0.96, 7.04, 3.04 ], "texture": "#megaxgun" },
				"up": { "uv": [ 4.96, 0.96, 7.04, 3.04 ], "texture": "#megaxgun" },
				"north": { "uv": [ 4.96, 0.96, 7.04, 3.04 ], "texture": "#megaxgun" },
				"south": { "uv": [ 4.96, 0.96, 7.04, 3.04 ], "texture": "#megaxgun" },
				"west": { "uv": [ 4.96, 0.96, 7.04, 3.04 ], "texture": "#megaxgun" },
				"east": { "uv": [ 4.96, 0.96, 7.04, 3.04 ], "texture": "#megaxgun" }
			}
		},
		{
			"__comment": "Voxels-0054DE",
			"from": [ 2, 7, 5 ],
			"to": [ 12, 9, 6 ],
			"faces": {
				"down": { "uv": [ 8.96, 0.96, 11.04, 3.04 ], "texture": "#megaxgun" },
				"up": { "uv": [ 8.96, 0.96, 11.04, 3.04 ], "texture": "#megaxgun" },
				"north": { "uv": [ 8.96, 0.96, 11.04, 3.04 ], "texture": "#megaxgun" },
				"south": { "uv": [ 8.96, 0.96, 11.04, 3.04 ], "texture": "#megaxgun" },
				"west": { "uv": [ 8.96, 0.96, 11.04, 3.04 ], "texture": "#megaxgun" },
				"east": { "uv": [ 8.96, 0.96, 11.04, 3.04 ], "texture": "#megaxgun" }
			}
		},
		{
			"__comment": "Voxels-0054DE",
			"from": [ 2, 7, 10 ],
			"to": [ 12, 9, 11 ],
			"faces": {
				"down": { "uv": [ 8.96, 0.96, 11.04, 3.04 ], "texture": "#megaxgun" },
				"up": { "uv": [ 8.96, 0.96, 11.04, 3.04 ], "texture": "#megaxgun" },
				"north": { "uv": [ 8.96, 0.96, 11.04, 3.04 ], "texture": "#megaxgun" },
				"south": { "uv": [ 8.96, 0.96, 11.04, 3.04 ], "texture": "#megaxgun" },
				"west": { "uv": [ 8.96, 0.96, 11.04, 3.04 ], "texture": "#megaxgun" },
				"east": { "uv": [ 8.96, 0.96, 11.04, 3.04 ], "texture": "#megaxgun" }
			}
		},
		{
			"__comment": "Voxels-0060FF",
			"from": [ 2, 9, 5 ],
			"to": [ 12, 10, 6 ],
			"faces": {
				"down": { "uv": [ 12.96, 0.96, 15.04, 3.04 ], "texture": "#megaxgun" },
				"up": { "uv": [ 12.96, 0.96, 15.04, 3.04 ], "texture": "#megaxgun" },
				"north": { "uv": [ 12.96, 0.96, 15.04, 3.04 ], "texture": "#megaxgun" },
				"south": { "uv": [ 12.96, 0.96, 15.04, 3.04 ], "texture": "#megaxgun" },
				"west": { "uv": [ 12.96, 0.96, 15.04, 3.04 ], "texture": "#megaxgun" },
				"east": { "uv": [ 12.96, 0.96, 15.04, 3.04 ], "texture": "#megaxgun" }
			}
		},
		{
			"__comment": "Voxels-0060FF",
			"from": [ 2, 9, 10 ],
			"to": [ 12, 10, 11 ],
			"faces": {
				"down": { "uv": [ 12.96, 0.96, 15.04, 3.04 ], "texture": "#megaxgun" },
				"up": { "uv": [ 12.96, 0.96, 15.04, 3.04 ], "texture": "#megaxgun" },
				"north": { "uv": [ 12.96, 0.96, 15.04, 3.04 ], "texture": "#megaxgun" },
				"south": { "uv": [ 12.96, 0.96, 15.04, 3.04 ], "texture": "#megaxgun" },
				"west": { "uv": [ 12.96, 0.96, 15.04, 3.04 ], "texture": "#megaxgun" },
				"east": { "uv": [ 12.96, 0.96, 15.04, 3.04 ], "texture": "#megaxgun" }
			}
		},
		{
			"__comment": "Voxels-0060FF",
			"from": [ 2, 10, 6 ],
			"to": [ 12, 11, 10 ],
			"faces": {
				"down": { "uv": [ 12.96, 0.96, 15.04, 3.04 ], "texture": "#megaxgun" },
				"up": { "uv": [ 12.96, 0.96, 15.04, 3.04 ], "texture": "#megaxgun" },
				"north": { "uv": [ 12.96, 0.96, 15.04, 3.04 ], "texture": "#megaxgun" },
				"south": { "uv": [ 12.96, 0.96, 15.04, 3.04 ], "texture": "#megaxgun" },
				"west": { "uv": [ 12.96, 0.96, 15.04, 3.04 ], "texture": "#megaxgun" },
				"east": { "uv": [ 12.96, 0.96, 15.04, 3.04 ], "texture": "#megaxgun" }
			}
		},
		{
			"__comment": "Voxels-0045B8",
			"from": [ 3, 4, 7 ],
			"to": [ 11, 5, 9 ],
			"faces": {
				"down": { "uv": [ 4.96, 0.96, 7.04, 3.04 ], "texture": "#megaxgun" },
				"up": { "uv": [ 4.96, 0.96, 7.04, 3.04 ], "texture": "#megaxgun" },
				"north": { "uv": [ 4.96, 0.96, 7.04, 3.04 ], "texture": "#megaxgun" },
				"south": { "uv": [ 4.96, 0.96, 7.04, 3.04 ], "texture": "#megaxgun" },
				"west": { "uv": [ 4.96, 0.96, 7.04, 3.04 ], "texture": "#megaxgun" },
				"east": { "uv": [ 4.96, 0.96, 7.04, 3.04 ], "texture": "#megaxgun" }
			}
		},
		{
			"__comment": "Voxels-0045B8",
			"from": [ 3, 6, 4 ],
			"to": [ 10, 7, 5 ],
			"faces": {
				"down": { "uv": [ 4.96, 0.96, 7.04, 3.04 ], "texture": "#megaxgun" },
				"up": { "uv": [ 4.96, 0.96, 7.04, 3.04 ], "texture": "#megaxgun" },
				"north": { "uv": [ 4.96, 0.96, 7.04, 3.04 ], "texture": "#megaxgun" },
				"south": { "uv": [ 4.96, 0.96, 7.04, 3.04 ], "texture": "#megaxgun" },
				"west": { "uv": [ 4.96, 0.96, 7.04, 3.04 ], "texture": "#megaxgun" },
				"east": { "uv": [ 4.96, 0.96, 7.04, 3.04 ], "texture": "#megaxgun" }
			}
		},
		{
			"__comment": "Voxels-0054DE",
			"from": [ 3, 7, 4 ],
			"to": [ 10, 9, 5 ],
			"faces": {
				"down": { "uv": [ 8.96, 0.96, 11.04, 3.04 ], "texture": "#megaxgun" },
				"up": { "uv": [ 8.96, 0.96, 11.04, 3.04 ], "texture": "#megaxgun" },
				"north": { "uv": [ 8.96, 0.96, 11.04, 3.04 ], "texture": "#megaxgun" },
				"south": { "uv": [ 8.96, 0.96, 11.04, 3.04 ], "texture": "#megaxgun" },
				"west": { "uv": [ 8.96, 0.96, 11.04, 3.04 ], "texture": "#megaxgun" },
				"east": { "uv": [ 8.96, 0.96, 11.04, 3.04 ], "texture": "#megaxgun" }
			}
		},
		{
			"__comment": "Voxels-000000",
			"from": [ 3, 7, 7 ],
			"to": [ 4, 9, 9 ],
			"faces": {
				"down": { "uv": [ 0.96, 4.96, 3.04, 7.04 ], "texture": "#megaxgun" },
				"up": { "uv": [ 0.96, 4.96, 3.04, 7.04 ], "texture": "#megaxgun" },
				"north": { "uv": [ 0.96, 4.96, 3.04, 7.04 ], "texture": "#megaxgun" },
				"south": { "uv": [ 0.96, 4.96, 3.04, 7.04 ], "texture": "#megaxgun" },
				"west": { "uv": [ 0.96, 4.96, 3.04, 7.04 ], "texture": "#megaxgun" },
				"east": { "uv": [ 0.96, 4.96, 3.04, 7.04 ], "texture": "#megaxgun" }
			}
		},
		{
			"__comment": "Voxels-0060FF",
			"from": [ 3, 9, 4 ],
			"to": [ 10, 10, 5 ],
			"faces": {
				"down": { "uv": [ 12.96, 0.96, 15.04, 3.04 ], "texture": "#megaxgun" },
				"up": { "uv": [ 12.96, 0.96, 15.04, 3.04 ], "texture": "#megaxgun" },
				"north": { "uv": [ 12.96, 0.96, 15.04, 3.04 ], "texture": "#megaxgun" },
				"south": { "uv": [ 12.96, 0.96, 15.04, 3.04 ], "texture": "#megaxgun" },
				"west": { "uv": [ 12.96, 0.96, 15.04, 3.04 ], "texture": "#megaxgun" },
				"east": { "uv": [ 12.96, 0.96, 15.04, 3.04 ], "texture": "#megaxgun" }
			}
		},
		{
			"__comment": "Voxels-0060FF",
			"from": [ 3, 11, 7 ],
			"to": [ 5, 12, 9 ],
			"faces": {
				"down": { "uv": [ 12.96, 0.96, 15.04, 3.04 ], "texture": "#megaxgun" },
				"up": { "uv": [ 12.96, 0.96, 15.04, 3.04 ], "texture": "#megaxgun" },
				"north": { "uv": [ 12.96, 0.96, 15.04, 3.04 ], "texture": "#megaxgun" },
				"south": { "uv": [ 12.96, 0.96, 15.04, 3.04 ], "texture": "#megaxgun" },
				"west": { "uv": [ 12.96, 0.96, 15.04, 3.04 ], "texture": "#megaxgun" },
				"east": { "uv": [ 12.96, 0.96, 15.04, 3.04 ], "texture": "#megaxgun" }
			}
		},
		{
			"__comment": "Voxels-0045B8",
			"from": [ 4, 5, 5 ],
			"to": [ 10, 6, 6 ],
			"faces": {
				"down": { "uv": [ 4.96, 0.96, 7.04, 3.04 ], "texture": "#megaxgun" },
				"up": { "uv": [ 4.96, 0.96, 7.04, 3.04 ], "texture": "#megaxgun" },
				"north": { "uv": [ 4.96, 0.96, 7.04, 3.04 ], "texture": "#megaxgun" },
				"south": { "uv": [ 4.96, 0.96, 7.04, 3.04 ], "texture": "#megaxgun" },
				"west": { "uv": [ 4.96, 0.96, 7.04, 3.04 ], "texture": "#megaxgun" },
				"east": { "uv": [ 4.96, 0.96, 7.04, 3.04 ], "texture": "#megaxgun" }
			}
		},
		{
			"__comment": "Voxels-0045B8",
			"from": [ 4, 5, 10 ],
			"to": [ 10, 6, 11 ],
			"faces": {
				"down": { "uv": [ 4.96, 0.96, 7.04, 3.04 ], "texture": "#megaxgun" },
				"up": { "uv": [ 4.96, 0.96, 7.04, 3.04 ], "texture": "#megaxgun" },
				"north": { "uv": [ 4.96, 0.96, 7.04, 3.04 ], "texture": "#megaxgun" },
				"south": { "uv": [ 4.96, 0.96, 7.04, 3.04 ], "texture": "#megaxgun" },
				"west": { "uv": [ 4.96, 0.96, 7.04, 3.04 ], "texture": "#megaxgun" },
				"east": { "uv": [ 4.96, 0.96, 7.04, 3.04 ], "texture": "#megaxgun" }
			}
		},
		{
			"__comment": "Voxels-0045B8",
			"from": [ 4, 6, 11 ],
			"to": [ 10, 7, 12 ],
			"faces": {
				"down": { "uv": [ 4.96, 0.96, 7.04, 3.04 ], "texture": "#megaxgun" },
				"up": { "uv": [ 4.96, 0.96, 7.04, 3.04 ], "texture": "#megaxgun" },
				"north": { "uv": [ 4.96, 0.96, 7.04, 3.04 ], "texture": "#megaxgun" },
				"south": { "uv": [ 4.96, 0.96, 7.04, 3.04 ], "texture": "#megaxgun" },
				"west": { "uv": [ 4.96, 0.96, 7.04, 3.04 ], "texture": "#megaxgun" },
				"east": { "uv": [ 4.96, 0.96, 7.04, 3.04 ], "texture": "#megaxgun" }
			}
		},
		{
			"__comment": "Voxels-0054DE",
			"from": [ 4, 7, 7 ],
			"to": [ 12, 10, 9 ],
			"faces": {
				"down": { "uv": [ 8.96, 0.96, 11.04, 3.04 ], "texture": "#megaxgun" },
				"up": { "uv": [ 8.96, 0.96, 11.04, 3.04 ], "texture": "#megaxgun" },
				"north": { "uv": [ 8.96, 0.96, 11.04, 3.04 ], "texture": "#megaxgun" },
				"south": { "uv": [ 8.96, 0.96, 11.04, 3.04 ], "texture": "#megaxgun" },
				"west": { "uv": [ 8.96, 0.96, 11.04, 3.04 ], "texture": "#megaxgun" },
				"east": { "uv": [ 8.96, 0.96, 11.04, 3.04 ], "texture": "#megaxgun" }
			}
		},
		{
			"__comment": "Voxels-0054DE",
			"from": [ 4, 7, 11 ],
			"to": [ 10, 9, 12 ],
			"faces": {
				"down": { "uv": [ 8.96, 0.96, 11.04, 3.04 ], "texture": "#megaxgun" },
				"up": { "uv": [ 8.96, 0.96, 11.04, 3.04 ], "texture": "#megaxgun" },
				"north": { "uv": [ 8.96, 0.96, 11.04, 3.04 ], "texture": "#megaxgun" },
				"south": { "uv": [ 8.96, 0.96, 11.04, 3.04 ], "texture": "#megaxgun" },
				"west": { "uv": [ 8.96, 0.96, 11.04, 3.04 ], "texture": "#megaxgun" },
				"east": { "uv": [ 8.96, 0.96, 11.04, 3.04 ], "texture": "#megaxgun" }
			}
		},
		{
			"__comment": "Voxels-0054DE",
			"from": [ 4, 9, 6 ],
			"to": [ 10, 10, 7 ],
			"faces": {
				"down": { "uv": [ 8.96, 0.96, 11.04, 3.04 ], "texture": "#megaxgun" },
				"up": { "uv": [ 8.96, 0.96, 11.04, 3.04 ], "texture": "#megaxgun" },
				"north": { "uv": [ 8.96, 0.96, 11.04, 3.04 ], "texture": "#megaxgun" },
				"south": { "uv": [ 8.96, 0.96, 11.04, 3.04 ], "texture": "#megaxgun" },
				"west": { "uv": [ 8.96, 0.96, 11.04, 3.04 ], "texture": "#megaxgun" },
				"east": { "uv": [ 8.96, 0.96, 11.04, 3.04 ], "texture": "#megaxgun" }
			}
		},
		{
			"__comment": "Voxels-0054DE",
			"from": [ 4, 9, 9 ],
			"to": [ 10, 10, 10 ],
			"faces": {
				"down": { "uv": [ 8.96, 0.96, 11.04, 3.04 ], "texture": "#megaxgun" },
				"up": { "uv": [ 8.96, 0.96, 11.04, 3.04 ], "texture": "#megaxgun" },
				"north": { "uv": [ 8.96, 0.96, 11.04, 3.04 ], "texture": "#megaxgun" },
				"south": { "uv": [ 8.96, 0.96, 11.04, 3.04 ], "texture": "#megaxgun" },
				"west": { "uv": [ 8.96, 0.96, 11.04, 3.04 ], "texture": "#megaxgun" },
				"east": { "uv": [ 8.96, 0.96, 11.04, 3.04 ], "texture": "#megaxgun" }
			}
		},
		{
			"__comment": "Voxels-0060FF",
			"from": [ 4, 9, 11 ],
			"to": [ 10, 10, 12 ],
			"faces": {
				"down": { "uv": [ 12.96, 0.96, 15.04, 3.04 ], "texture": "#megaxgun" },
				"up": { "uv": [ 12.96, 0.96, 15.04, 3.04 ], "texture": "#megaxgun" },
				"north": { "uv": [ 12.96, 0.96, 15.04, 3.04 ], "texture": "#megaxgun" },
				"south": { "uv": [ 12.96, 0.96, 15.04, 3.04 ], "texture": "#megaxgun" },
				"west": { "uv": [ 12.96, 0.96, 15.04, 3.04 ], "texture": "#megaxgun" },
				"east": { "uv": [ 12.96, 0.96, 15.04, 3.04 ], "texture": "#megaxgun" }
			}
		},
		{
			"__comment": "Voxels-0060FF",
			"from": [ 4, 10, 5 ],
			"to": [ 10, 11, 6 ],
			"faces": {
				"down": { "uv": [ 12.96, 0.96, 15.04, 3.04 ], "texture": "#megaxgun" },
				"up": { "uv": [ 12.96, 0.96, 15.04, 3.04 ], "texture": "#megaxgun" },
				"north": { "uv": [ 12.96, 0.96, 15.04, 3.04 ], "texture": "#megaxgun" },
				"south": { "uv": [ 12.96, 0.96, 15.04, 3.04 ], "texture": "#megaxgun" },
				"west": { "uv": [ 12.96, 0.96, 15.04, 3.04 ], "texture": "#megaxgun" },
				"east": { "uv": [ 12.96, 0.96, 15.04, 3.04 ], "texture": "#megaxgun" }
			}
		},
		{
			"__comment": "Voxels-0060FF",
			"from": [ 4, 10, 10 ],
			"to": [ 10, 11, 11 ],
			"faces": {
				"down": { "uv": [ 12.96, 0.96, 15.04, 3.04 ], "texture": "#megaxgun" },
				"up": { "uv": [ 12.96, 0.96, 15.04, 3.04 ], "texture": "#megaxgun" },
				"north": { "uv": [ 12.96, 0.96, 15.04, 3.04 ], "texture": "#megaxgun" },
				"south": { "uv": [ 12.96, 0.96, 15.04, 3.04 ], "texture": "#megaxgun" },
				"west": { "uv": [ 12.96, 0.96, 15.04, 3.04 ], "texture": "#megaxgun" },
				"east": { "uv": [ 12.96, 0.96, 15.04, 3.04 ], "texture": "#megaxgun" }
			}
		},
		{
			"__comment": "Voxels-0045B8",
			"from": [ 5, 4, 6 ],
			"to": [ 10, 5, 7 ],
			"faces": {
				"down": { "uv": [ 4.96, 0.96, 7.04, 3.04 ], "texture": "#megaxgun" },
				"up": { "uv": [ 4.96, 0.96, 7.04, 3.04 ], "texture": "#megaxgun" },
				"north": { "uv": [ 4.96, 0.96, 7.04, 3.04 ], "texture": "#megaxgun" },
				"south": { "uv": [ 4.96, 0.96, 7.04, 3.04 ], "texture": "#megaxgun" },
				"west": { "uv": [ 4.96, 0.96, 7.04, 3.04 ], "texture": "#megaxgun" },
				"east": { "uv": [ 4.96, 0.96, 7.04, 3.04 ], "texture": "#megaxgun" }
			}
		},
		{
			"__comment": "Voxels-0045B8",
			"from": [ 5, 4, 9 ],
			"to": [ 10, 5, 10 ],
			"faces": {
				"down": { "uv": [ 4.96, 0.96, 7.04, 3.04 ], "texture": "#megaxgun" },
				"up": { "uv": [ 4.96, 0.96, 7.04, 3.04 ], "texture": "#megaxgun" },
				"north": { "uv": [ 4.96, 0.96, 7.04, 3.04 ], "texture": "#megaxgun" },
				"south": { "uv": [ 4.96, 0.96, 7.04, 3.04 ], "texture": "#megaxgun" },
				"west": { "uv": [ 4.96, 0.96, 7.04, 3.04 ], "texture": "#megaxgun" },
				"east": { "uv": [ 4.96, 0.96, 7.04, 3.04 ], "texture": "#megaxgun" }
			}
		},
		{
			"__comment": "Voxels-0060FF",
			"from": [ 5, 11, 6 ],
			"to": [ 10, 12, 7 ],
			"faces": {
				"down": { "uv": [ 12.96, 0.96, 15.04, 3.04 ], "texture": "#megaxgun" },
				"up": { "uv": [ 12.96, 0.96, 15.04, 3.04 ], "texture": "#megaxgun" },
				"north": { "uv": [ 12.96, 0.96, 15.04, 3.04 ], "texture": "#megaxgun" },
				"south": { "uv": [ 12.96, 0.96, 15.04, 3.04 ], "texture": "#megaxgun" },
				"west": { "uv": [ 12.96, 0.96, 15.04, 3.04 ], "texture": "#megaxgun" },
				"east": { "uv": [ 12.96, 0.96, 15.04, 3.04 ], "texture": "#megaxgun" }
			}
		},
		{
			"__comment": "Voxels-FFFF71",
			"from": [ 5, 11, 7 ],
			"to": [ 6, 12, 9 ],
			"faces": {
				"down": { "uv": [ 4.96, 4.96, 7.04, 7.04 ], "texture": "#megaxgun" },
				"up": { "uv": [ 4.96, 4.96, 7.04, 7.04 ], "texture": "#megaxgun" },
				"north": { "uv": [ 4.96, 4.96, 7.04, 7.04 ], "texture": "#megaxgun" },
				"south": { "uv": [ 4.96, 4.96, 7.04, 7.04 ], "texture": "#megaxgun" },
				"west": { "uv": [ 4.96, 4.96, 7.04, 7.04 ], "texture": "#megaxgun" },
				"east": { "uv": [ 4.96, 4.96, 7.04, 7.04 ], "texture": "#megaxgun" }
			}
		},
		{
			"__comment": "Voxels-0060FF",
			"from": [ 5, 11, 9 ],
			"to": [ 10, 12, 10 ],
			"faces": {
				"down": { "uv": [ 12.96, 0.96, 15.04, 3.04 ], "texture": "#megaxgun" },
				"up": { "uv": [ 12.96, 0.96, 15.04, 3.04 ], "texture": "#megaxgun" },
				"north": { "uv": [ 12.96, 0.96, 15.04, 3.04 ], "texture": "#megaxgun" },
				"south": { "uv": [ 12.96, 0.96, 15.04, 3.04 ], "texture": "#megaxgun" },
				"west": { "uv": [ 12.96, 0.96, 15.04, 3.04 ], "texture": "#megaxgun" },
				"east": { "uv": [ 12.96, 0.96, 15.04, 3.04 ], "texture": "#megaxgun" }
			}
		},
		{
			"__comment": "Voxels-DEDE00",
			"from": [ 6, 11, 7 ],
			"to": [ 7, 12, 9 ],
			"faces": {
				"down": { "uv": [ 8.96, 4.96, 11.04, 7.04 ], "texture": "#megaxgun" },
				"up": { "uv": [ 8.96, 4.96, 11.04, 7.04 ], "texture": "#megaxgun" },
				"north": { "uv": [ 8.96, 4.96, 11.04, 7.04 ], "texture": "#megaxgun" },
				"south": { "uv": [ 8.96, 4.96, 11.04, 7.04 ], "texture": "#megaxgun" },
				"west": { "uv": [ 8.96, 4.96, 11.04, 7.04 ], "texture": "#megaxgun" },
				"east": { "uv": [ 8.96, 4.96, 11.04, 7.04 ], "texture": "#megaxgun" }
			}
		},
		{
			"__comment": "Voxels-FFFF71",
			"from": [ 7, 11, 7 ],
			"to": [ 8, 12, 9 ],
			"faces": {
				"down": { "uv": [ 4.96, 4.96, 7.04, 7.04 ], "texture": "#megaxgun" },
				"up": { "uv": [ 4.96, 4.96, 7.04, 7.04 ], "texture": "#megaxgun" },
				"north": { "uv": [ 4.96, 4.96, 7.04, 7.04 ], "texture": "#megaxgun" },
				"south": { "uv": [ 4.96, 4.96, 7.04, 7.04 ], "texture": "#megaxgun" },
				"west": { "uv": [ 4.96, 4.96, 7.04, 7.04 ], "texture": "#megaxgun" },
				"east": { "uv": [ 4.96, 4.96, 7.04, 7.04 ], "texture": "#megaxgun" }
			}
		},
		{
			"__comment": "Voxels-DEDE00",
			"from": [ 8, 11, 7 ],
			"to": [ 9, 12, 9 ],
			"faces": {
				"down": { "uv": [ 8.96, 4.96, 11.04, 7.04 ], "texture": "#megaxgun" },
				"up": { "uv": [ 8.96, 4.96, 11.04, 7.04 ], "texture": "#megaxgun" },
				"north": { "uv": [ 8.96, 4.96, 11.04, 7.04 ], "texture": "#megaxgun" },
				"south": { "uv": [ 8.96, 4.96, 11.04, 7.04 ], "texture": "#megaxgun" },
				"west": { "uv": [ 8.96, 4.96, 11.04, 7.04 ], "texture": "#megaxgun" },
				"east": { "uv": [ 8.96, 4.96, 11.04, 7.04 ], "texture": "#megaxgun" }
			}
		},
		{
			"__comment": "Voxels-FFFF71",
			"from": [ 9, 11, 7 ],
			"to": [ 10, 12, 9 ],
			"faces": {
				"down": { "uv": [ 4.96, 4.96, 7.04, 7.04 ], "texture": "#megaxgun" },
				"up": { "uv": [ 4.96, 4.96, 7.04, 7.04 ], "texture": "#megaxgun" },
				"north": { "uv": [ 4.96, 4.96, 7.04, 7.04 ], "texture": "#megaxgun" },
				"south": { "uv": [ 4.96, 4.96, 7.04, 7.04 ], "texture": "#megaxgun" },
				"west": { "uv": [ 4.96, 4.96, 7.04, 7.04 ], "texture": "#megaxgun" },
				"east": { "uv": [ 4.96, 4.96, 7.04, 7.04 ], "texture": "#megaxgun" }
			}
		},
		{
			"__comment": "Voxels-0060FF",
			"from": [ 10, 9, 6 ],
			"to": [ 13, 10, 7 ],
			"faces": {
				"down": { "uv": [ 12.96, 0.96, 15.04, 3.04 ], "texture": "#megaxgun" },
				"up": { "uv": [ 12.96, 0.96, 15.04, 3.04 ], "texture": "#megaxgun" },
				"north": { "uv": [ 12.96, 0.96, 15.04, 3.04 ], "texture": "#megaxgun" },
				"south": { "uv": [ 12.96, 0.96, 15.04, 3.04 ], "texture": "#megaxgun" },
				"west": { "uv": [ 12.96, 0.96, 15.04, 3.04 ], "texture": "#megaxgun" },
				"east": { "uv": [ 12.96, 0.96, 15.04, 3.04 ], "texture": "#megaxgun" }
			}
		},
		{
			"__comment": "Voxels-0060FF",
			"from": [ 10, 9, 9 ],
			"to": [ 13, 10, 10 ],
			"faces": {
				"down": { "uv": [ 12.96, 0.96, 15.04, 3.04 ], "texture": "#megaxgun" },
				"up": { "uv": [ 12.96, 0.96, 15.04, 3.04 ], "texture": "#megaxgun" },
				"north": { "uv": [ 12.96, 0.96, 15.04, 3.04 ], "texture": "#megaxgun" },
				"south": { "uv": [ 12.96, 0.96, 15.04, 3.04 ], "texture": "#megaxgun" },
				"west": { "uv": [ 12.96, 0.96, 15.04, 3.04 ], "texture": "#megaxgun" },
				"east": { "uv": [ 12.96, 0.96, 15.04, 3.04 ], "texture": "#megaxgun" }
			}
		},
		{
			"__comment": "Voxels-0060FF",
			"from": [ 10, 11, 7 ],
			"to": [ 11, 12, 9 ],
			"faces": {
				"down": { "uv": [ 12.96, 0.96, 15.04, 3.04 ], "texture": "#megaxgun" },
				"up": { "uv": [ 12.96, 0.96, 15.04, 3.04 ], "texture": "#megaxgun" },
				"north": { "uv": [ 12.96, 0.96, 15.04, 3.04 ], "texture": "#megaxgun" },
				"south": { "uv": [ 12.96, 0.96, 15.04, 3.04 ], "texture": "#megaxgun" },
				"west": { "uv": [ 12.96, 0.96, 15.04, 3.04 ], "texture": "#megaxgun" },
				"east": { "uv": [ 12.96, 0.96, 15.04, 3.04 ], "texture": "#megaxgun" }
			}
		},
		{
			"__comment": "Voxels-DE0000",
			"from": [ 12, 7, 7 ],
			"to": [ 13, 9, 9 ],
			"faces": {
				"down": { "uv": [ 12.96, 4.96, 15.04, 7.04 ], "texture": "#megaxgun" },
				"up": { "uv": [ 12.96, 4.96, 15.04, 7.04 ], "texture": "#megaxgun" },
				"north": { "uv": [ 12.96, 4.96, 15.04, 7.04 ], "texture": "#megaxgun" },
				"south": { "uv": [ 12.96, 4.96, 15.04, 7.04 ], "texture": "#megaxgun" },
				"west": { "uv": [ 12.96, 4.96, 15.04, 7.04 ], "texture": "#megaxgun" },
				"east": { "uv": [ 12.96, 4.96, 15.04, 7.04 ], "texture": "#megaxgun" }
			}
		},
		{
			"__comment": "Voxels-0060FF",
			"from": [ 12, 9, 7 ],
			"to": [ 14, 10, 9 ],
			"faces": {
				"down": { "uv": [ 12.96, 0.96, 15.04, 3.04 ], "texture": "#megaxgun" },
				"up": { "uv": [ 12.96, 0.96, 15.04, 3.04 ], "texture": "#megaxgun" },
				"north": { "uv": [ 12.96, 0.96, 15.04, 3.04 ], "texture": "#megaxgun" },
				"south": { "uv": [ 12.96, 0.96, 15.04, 3.04 ], "texture": "#megaxgun" },
				"west": { "uv": [ 12.96, 0.96, 15.04, 3.04 ], "texture": "#megaxgun" },
				"east": { "uv": [ 12.96, 0.96, 15.04, 3.04 ], "texture": "#megaxgun" }
			}
		},
		{
			"__comment": "Voxels-0045B8",
			"from": [ 13, 6, 7 ],
			"to": [ 14, 7, 9 ],
			"faces": {
				"down": { "uv": [ 4.96, 0.96, 7.04, 3.04 ], "texture": "#megaxgun" },
				"up": { "uv": [ 4.96, 0.96, 7.04, 3.04 ], "texture": "#megaxgun" },
				"north": { "uv": [ 4.96, 0.96, 7.04, 3.04 ], "texture": "#megaxgun" },
				"south": { "uv": [ 4.96, 0.96, 7.04, 3.04 ], "texture": "#megaxgun" },
				"west": { "uv": [ 4.96, 0.96, 7.04, 3.04 ], "texture": "#megaxgun" },
				"east": { "uv": [ 4.96, 0.96, 7.04, 3.04 ], "texture": "#megaxgun" }
			}
		}
	],
"display": {
    "thirdperson": {
        "rotation":  [ 356, 268, 78 ],
        "translation":  [ -0.22, 0.00, -0.50 ],
        "scale":   [ 1.16, 1.43, 1.49 ]
    },
    "ground": {
        "rotation": [ 0, 0, 0 ],
        "translation": [ 0, 0, 0 ],
        "scale": [ 2.55, 2.55, 2.55 ]
    },
    "firstperson": {
        "rotation": [ 0, 60, 11 ],
        "translation": [ 0, 1.2, 0.5 ],
        "scale": [ 1.45, 1.51, 1.73 ]
    },
    "gui": {
        "rotation": [ 0, -1, 31 ],
        "translation": [ 0, 0.1, 0 ],
        "scale": [ 1.76, 1.64, 1.64 ]
    }
}
}