{
	"__comment": "Designed by Colin0904 with Cubik Studio - https://cubik.studio",
	"textures": {
		"particle": "blocks/particle",
		"texture": "items/blaster",
		"mesh_atlas": "items/lance_atlas"
	},
	"elements": [ 	 
		{
			"__comment": "Voxels",
			"from": [ 4, 4.5, 9 ],
			"to": [ 5, 5, 9.5 ],
			"faces": {
				"down": { "uv": [ 12.625, 13.875, 12.875, 14 ], "texture": "#mesh_atlas", "cullface": "down" },
				"up": { "uv": [ 12.375, 14, 12.625, 13.875 ], "texture": "#mesh_atlas" },
				"north": { "uv": [ 12.375, 13.875, 12.125, 14 ], "texture": "#mesh_atlas" },
				"south": { "uv": [ 11.875, 13.875, 12.125, 14 ], "texture": "#mesh_atlas" },
				"west": { "uv": [ 9.625, 8.5, 9.75, 8.625 ], "texture": "#mesh_atlas" },
				"east": { "uv": [ 9.75, 8.625, 9.625, 8.75 ], "texture": "#mesh_atlas" }
			}
		},
		{
			"__comment": "Voxels",
			"from": [ 4, 4.5, 9.5 ],
			"to": [ 4.5, 5, 10.5 ],
			"faces": {
				"down": { "uv": [ 10, 12.625, 10.125, 12.875 ], "texture": "#mesh_atlas", "cullface": "down" },
				"up": { "uv": [ 10, 13.125, 10.125, 12.875 ], "texture": "#mesh_atlas" },
				"south": { "uv": [ 9.625, 9.125, 9.75, 9.25 ], "texture": "#mesh_atlas" },
				"west": { "uv": [ 15.125, 13.875, 15.375, 14 ], "texture": "#mesh_atlas" },
				"east": { "uv": [ 15.125, 13.875, 14.875, 14 ], "texture": "#mesh_atlas" }
			}
		},
		{
			"__comment": "Voxels",
			"from": [ 4.5, 3.5, 2.5 ],
			"to": [ 5, 4.5, 3 ],
			"faces": {
				"down": { "uv": [ 9.625, 9.5, 9.75, 9.625 ], "texture": "#mesh_atlas", "cullface": "down" },
				"up": { "uv": [ 9.625, 9.75, 9.75, 9.625 ], "texture": "#mesh_atlas", "cullface": "down" },
				"north": { "uv": [ 9.875, 8.625, 9.75, 8.875 ], "texture": "#mesh_atlas", "cullface": "down" },
				"south": { "uv": [ 9.75, 8.875, 9.875, 9.125 ], "texture": "#mesh_atlas", "cullface": "down" },
				"west": { "uv": [ 9.75, 9.125, 9.875, 9.375 ], "texture": "#mesh_atlas", "cullface": "down" },
				"east": { "uv": [ 9.875, 9.375, 9.75, 9.625 ], "texture": "#mesh_atlas", "cullface": "down" }
			}
		},
		{
			"__comment": "Voxels",
			"from": [ 4.5, 3.5, 3 ],
			"to": [ 5, 4, 5 ],
			"faces": {
				"down": { "uv": [ 7.75, 11, 7.875, 11.5 ], "texture": "#mesh_atlas", "cullface": "down" },
				"up": { "uv": [ 7.875, 11.5, 8, 11 ], "texture": "#mesh_atlas", "cullface": "down" },
				"south": { "uv": [ 10, 10.5, 10.125, 10.625 ], "texture": "#mesh_atlas", "cullface": "down" },
				"west": { "uv": [ 7.5, 8.75, 8, 8.875 ], "texture": "#mesh_atlas", "cullface": "down" },
				"east": { "uv": [ 8, 8.625, 7.5, 8.75 ], "texture": "#mesh_atlas", "cullface": "down" }
			}
		},
		{
			"__comment": "Voxels",
			"from": [ 4.5, 4, 4.5 ],
			"to": [ 5, 4.5, 5.5 ],
			"faces": {
				"down": { "uv": [ 9.75, 10.625, 9.875, 10.875 ], "texture": "#mesh_atlas", "cullface": "down" },
				"up": { "uv": [ 9.75, 11.125, 9.875, 10.875 ], "texture": "#mesh_atlas", "cullface": "down" },
				"north": { "uv": [ 10.125, 10.875, 10, 11 ], "texture": "#mesh_atlas", "cullface": "down" },
				"south": { "uv": [ 10, 11, 10.125, 11.125 ], "texture": "#mesh_atlas", "cullface": "down" },
				"west": { "uv": [ 10.875, 13.875, 11.125, 14 ], "texture": "#mesh_atlas", "cullface": "down" },
				"east": { "uv": [ 10.875, 13.875, 10.625, 14 ], "texture": "#mesh_atlas", "cullface": "down" }
			}
		},
		{
			"__comment": "Voxels",
			"from": [ 4.5, 4.5, 5 ],
			"to": [ 5, 5, 6 ],
			"faces": {
				"down": { "uv": [ 9.875, 12.375, 10, 12.625 ], "texture": "#mesh_atlas", "cullface": "down" },
				"up": { "uv": [ 9.875, 12.875, 10, 12.625 ], "texture": "#mesh_atlas" },
				"north": { "uv": [ 10.125, 11.375, 10, 11.5 ], "texture": "#mesh_atlas" },
				"south": { "uv": [ 10, 11.5, 10.125, 11.625 ], "texture": "#mesh_atlas" },
				"west": { "uv": [ 11.625, 13.875, 11.875, 14 ], "texture": "#mesh_atlas" },
				"east": { "uv": [ 13.125, 14, 12.875, 14.125 ], "texture": "#mesh_atlas" }
			}
		},
		{
			"__comment": "Voxels",
			"from": [ 4.5, 4.5, 10 ],
			"to": [ 5, 5.5, 10.5 ],
			"faces": {
				"down": { "uv": [ 10, 11.875, 10.125, 12 ], "texture": "#mesh_atlas", "cullface": "down" },
				"up": { "uv": [ 10, 12.125, 10.125, 12 ], "texture": "#mesh_atlas" },
				"north": { "uv": [ 10.125, 13.375, 10, 13.625 ], "texture": "#mesh_atlas" },
				"south": { "uv": [ 10, 13.125, 10.125, 13.375 ], "texture": "#mesh_atlas" },
				"west": { "uv": [ 9.875, 10.125, 10, 10.375 ], "texture": "#mesh_atlas" },
				"east": { "uv": [ 10, 9.875, 9.875, 10.125 ], "texture": "#mesh_atlas" }
			}
		},
		{
			"__comment": "Voxels",
			"from": [ 4.5, 5, 5.5 ],
			"to": [ 5, 5.5, 7 ],
			"faces": {
				"down": { "uv": [ 8, 9.375, 8.125, 9.75 ], "texture": "#mesh_atlas" },
				"up": { "uv": [ 8.125, 9.75, 8.25, 9.375 ], "texture": "#mesh_atlas" },
				"north": { "uv": [ 8, 8.125, 7.875, 8.25 ], "texture": "#mesh_atlas" },
				"south": { "uv": [ 7.875, 8.25, 8, 8.375 ], "texture": "#mesh_atlas" },
				"west": { "uv": [ 8.25, 9.375, 8.625, 9.5 ], "texture": "#mesh_atlas" },
				"east": { "uv": [ 8.375, 9.25, 8, 9.375 ], "texture": "#mesh_atlas" }
			}
		},
		{
			"__comment": "Voxels",
			"from": [ 4.5, 5, 8.5 ],
			"to": [ 5, 6, 9 ],
			"faces": {
				"down": { "uv": [ 8.625, 9.75, 8.75, 9.875 ], "texture": "#mesh_atlas" },
				"up": { "uv": [ 8.625, 10, 8.75, 9.875 ], "texture": "#mesh_atlas" },
				"north": { "uv": [ 9.875, 9.875, 9.75, 10.125 ], "texture": "#mesh_atlas" },
				"south": { "uv": [ 9.75, 9.625, 9.875, 9.875 ], "texture": "#mesh_atlas" },
				"west": { "uv": [ 9.875, 9.125, 10, 9.375 ], "texture": "#mesh_atlas" },
				"east": { "uv": [ 10, 8.875, 9.875, 9.125 ], "texture": "#mesh_atlas" }
			}
		},
		{
			"__comment": "Voxels",
			"from": [ 4.5, 5, 9 ],
			"to": [ 5, 5.5, 9.5 ],
			"faces": {
				"up": { "uv": [ 8.625, 10.75, 8.75, 10.625 ], "texture": "#mesh_atlas" },
				"south": { "uv": [ 7.875, 8, 8, 8.125 ], "texture": "#mesh_atlas" },
				"west": { "uv": [ 10.125, 13.125, 10.25, 13.25 ], "texture": "#mesh_atlas" },
				"east": { "uv": [ 10.25, 13.25, 10.125, 13.375 ], "texture": "#mesh_atlas" }
			}
		},
		{
			"__comment": "Voxels",
			"from": [ 4.5, 5, 10.5 ],
			"to": [ 5, 6, 11 ],
			"faces": {
				"down": { "uv": [ 10.125, 13.375, 10.25, 13.5 ], "texture": "#mesh_atlas" },
				"up": { "uv": [ 10.125, 13.625, 10.25, 13.5 ], "texture": "#mesh_atlas" },
				"north": { "uv": [ 10, 10.875, 9.875, 11.125 ], "texture": "#mesh_atlas" },
				"south": { "uv": [ 9.875, 11.125, 10, 11.375 ], "texture": "#mesh_atlas" },
				"west": { "uv": [ 9.875, 11.375, 10, 11.625 ], "texture": "#mesh_atlas" },
				"east": { "uv": [ 10, 11.625, 9.875, 11.875 ], "texture": "#mesh_atlas" }
			}
		},
		{
			"__comment": "Voxels",
			"from": [ 4.5, 5.5, 6.5 ],
			"to": [ 5, 6, 8 ],
			"faces": {
				"down": { "uv": [ 8.75, 8.375, 8.875, 8.75 ], "texture": "#mesh_atlas" },
				"up": { "uv": [ 8.75, 9.125, 8.875, 8.75 ], "texture": "#mesh_atlas" },
				"north": { "uv": [ 10.25, 13.625, 10.125, 13.75 ], "texture": "#mesh_atlas" },
				"south": { "uv": [ 15.875, 13.75, 16, 13.875 ], "texture": "#mesh_atlas" },
				"west": { "uv": [ 8.25, 9.875, 8.625, 10 ], "texture": "#mesh_atlas" },
				"east": { "uv": [ 8.625, 9.75, 8.25, 9.875 ], "texture": "#mesh_atlas" }
			}
		},
		{
			"__comment": "Voxels",
			"from": [ 5, 4, 2.5 ],
			"to": [ 5.5, 5, 3 ],
			"faces": {
				"down": { "uv": [ 15.5, 13.75, 15.625, 13.875 ], "texture": "#mesh_atlas", "cullface": "down" },
				"up": { "uv": [ 15.375, 13.875, 15.5, 13.75 ], "texture": "#mesh_atlas", "cullface": "down" },
				"north": { "uv": [ 10.125, 13.625, 10, 13.875 ], "texture": "#mesh_atlas", "cullface": "down" },
				"south": { "uv": [ 9.875, 8.125, 10, 8.375 ], "texture": "#mesh_atlas", "cullface": "down" },
				"west": { "uv": [ 9.875, 8.375, 10, 8.625 ], "texture": "#mesh_atlas", "cullface": "down" },
				"east": { "uv": [ 10, 8.625, 9.875, 8.875 ], "texture": "#mesh_atlas", "cullface": "down" }
			}
		},
		{
			"__comment": "Voxels",
			"from": [ 5, 5.5, 7.5 ],
			"to": [ 11.5, 6, 8 ],
			"faces": {
				"down": { "uv": [ 12, 15.875, 13.625, 16 ], "texture": "#mesh_atlas" },
				"up": { "uv": [ 13.625, 16, 15.25, 15.875 ], "texture": "#mesh_atlas" },
				"north": { "uv": [ 14, 15.375, 12.375, 15.5 ], "texture": "#mesh_atlas" },
				"south": { "uv": [ 9.125, 15.5, 10.75, 15.625 ], "texture": "#mesh_atlas" },
				"east": { "uv": [ 15.25, 13.75, 15.125, 13.875 ], "texture": "#mesh_atlas" }
			}
		},
		{
			"__comment": "Voxels",
			"from": [ 5, 5.5, 8.5 ],
			"to": [ 11.5, 6, 9 ],
			"faces": {
				"down": { "uv": [ 12.375, 15.5, 14, 15.625 ], "texture": "#mesh_atlas" },
				"up": { "uv": [ 14, 15.625, 15.625, 15.5 ], "texture": "#mesh_atlas" },
				"north": { "uv": [ 12.375, 15.375, 10.75, 15.5 ], "texture": "#mesh_atlas" },
				"south": { "uv": [ 7.5, 15.5, 9.125, 15.625 ], "texture": "#mesh_atlas" },
				"east": { "uv": [ 15, 13.75, 14.875, 13.875 ], "texture": "#mesh_atlas" }
			}
		},
		{
			"__comment": "Voxels",
			"from": [ 5, 5.5, 10.5 ],
			"to": [ 11.5, 6, 11 ],
			"faces": {
				"down": { "uv": [ 7.5, 15.375, 9.125, 15.5 ], "texture": "#mesh_atlas" },
				"up": { "uv": [ 9.125, 15.5, 10.75, 15.375 ], "texture": "#mesh_atlas" },
				"north": { "uv": [ 12.375, 15.5, 10.75, 15.625 ], "texture": "#mesh_atlas" },
				"south": { "uv": [ 14, 15.375, 15.625, 15.5 ], "texture": "#mesh_atlas" },
				"east": { "uv": [ 10.25, 10.25, 10.125, 10.375 ], "texture": "#mesh_atlas" }
			}
		},
		{
			"__comment": "Voxels",
			"from": [ 5.5, 4.5, 2.5 ],
			"to": [ 11, 5, 3 ],
			"faces": {
				"down": { "uv": [ 8.75, 15.25, 10.125, 15.375 ], "texture": "#mesh_atlas", "cullface": "down" },
				"up": { "uv": [ 10.125, 15.375, 11.5, 15.25 ], "texture": "#mesh_atlas" },
				"north": { "uv": [ 12.875, 15.25, 11.5, 15.375 ], "texture": "#mesh_atlas" },
				"south": { "uv": [ 12.875, 15.25, 14.25, 15.375 ], "texture": "#mesh_atlas" },
				"east": { "uv": [ 10.25, 10.5, 10.125, 10.625 ], "texture": "#mesh_atlas" }
			}
		},
		{
			"__comment": "Voxels",
			"from": [ 5.5, 5, 7 ],
			"to": [ 10.5, 6.5, 7.5 ],
			"faces": {
				"down": { "uv": [ 11.25, 14.75, 12.5, 14.875 ], "texture": "#mesh_atlas" },
				"up": { "uv": [ 12.5, 14.875, 13.75, 14.75 ], "texture": "#mesh_atlas" },
				"north": { "uv": [ 7.5, 15.625, 6.25, 16 ], "texture": "#mesh_atlas" },
				"south": { "uv": [ 6.25, 15.25, 7.5, 15.625 ], "texture": "#mesh_atlas" },
				"west": { "uv": [ 7.875, 9, 8, 9.375 ], "texture": "#mesh_atlas" },
				"east": { "uv": [ 7.875, 9, 7.75, 9.375 ], "texture": "#mesh_atlas" }
			}
		},
		{
			"__comment": "Voxels",
			"from": [ 5.5, 5, 7.5 ],
			"to": [ 10.5, 5.5, 11.5 ],
			"faces": {
				"down": { "uv": [ 1, 14, 2.25, 15 ], "texture": "#mesh_atlas" },
				"up": { "uv": [ 1, 16, 2.25, 15 ], "texture": "#mesh_atlas" },
				"south": { "uv": [ 8.75, 14.625, 10, 14.75 ], "texture": "#mesh_atlas" },
				"west": { "uv": [ 8.75, 11.625, 9.75, 11.75 ], "texture": "#mesh_atlas" },
				"east": { "uv": [ 9.75, 11.5, 8.75, 11.625 ], "texture": "#mesh_atlas" }
			}
		},
		{
			"__comment": "Voxels",
			"from": [ 5.5, 5.5, 8 ],
			"to": [ 10.5, 6.5, 8.5 ],
			"faces": {
				"up": { "uv": [ 12.5, 14.75, 13.75, 14.625 ], "texture": "#mesh_atlas" },
				"north": { "uv": [ 7.5, 12.25, 6.25, 12.5 ], "texture": "#mesh_atlas" },
				"south": { "uv": [ 6.25, 12, 7.5, 12.25 ], "texture": "#mesh_atlas" },
				"west": { "uv": [ 9.75, 10.375, 9.875, 10.625 ], "texture": "#mesh_atlas" },
				"east": { "uv": [ 9.875, 10.125, 9.75, 10.375 ], "texture": "#mesh_atlas" }
			}
		},
		{
			"__comment": "Voxels",
			"from": [ 5.5, 5.5, 9 ],
			"to": [ 10.5, 6.5, 9.5 ],
			"faces": {
				"up": { "uv": [ 10, 14.625, 11.25, 14.5 ], "texture": "#mesh_atlas" },
				"north": { "uv": [ 7.5, 11.75, 6.25, 12 ], "texture": "#mesh_atlas" },
				"south": { "uv": [ 6.25, 11.5, 7.5, 11.75 ], "texture": "#mesh_atlas" },
				"west": { "uv": [ 10, 12.375, 10.125, 12.625 ], "texture": "#mesh_atlas" },
				"east": { "uv": [ 10.125, 12.125, 10, 12.375 ], "texture": "#mesh_atlas" }
			}
		},
		{
			"__comment": "Voxels",
			"from": [ 5.5, 5.5, 10 ],
			"to": [ 10.5, 6.5, 10.5 ],
			"faces": {
				"up": { "uv": [ 12.5, 14.625, 13.75, 14.5 ], "texture": "#mesh_atlas" },
				"north": { "uv": [ 7.5, 11.25, 6.25, 11.5 ], "texture": "#mesh_atlas" },
				"south": { "uv": [ 6.25, 11, 7.5, 11.25 ], "texture": "#mesh_atlas" },
				"west": { "uv": [ 9.875, 9.375, 10, 9.625 ], "texture": "#mesh_atlas" },
				"east": { "uv": [ 10, 9.625, 9.875, 9.875 ], "texture": "#mesh_atlas" }
			}
		},
		{
			"__comment": "Voxels",
			"from": [ 5.5, 5.5, 11 ],
			"to": [ 10.5, 6.5, 11.5 ],
			"faces": {
				"up": { "uv": [ 8.75, 15.25, 10, 15.125 ], "texture": "#mesh_atlas" },
				"north": { "uv": [ 7.5, 10.75, 6.25, 11 ], "texture": "#mesh_atlas" },
				"south": { "uv": [ 6.25, 10, 7.5, 10.25 ], "texture": "#mesh_atlas" },
				"west": { "uv": [ 9.875, 11.875, 10, 12.125 ], "texture": "#mesh_atlas" },
				"east": { "uv": [ 10, 12.125, 9.875, 12.375 ], "texture": "#mesh_atlas" }
			}
		},
		{
			"__comment": "Voxels",
			"from": [ 5.5, 6, 7.5 ],
			"to": [ 10.5, 6.5, 8 ],
			"faces": {
				"up": { "uv": [ 11.25, 15.25, 12.5, 15.125 ], "texture": "#mesh_atlas" },
				"west": { "uv": [ 10.125, 11.375, 10.25, 11.5 ], "texture": "#mesh_atlas" },
				"east": { "uv": [ 10.25, 11.5, 10.125, 11.625 ], "texture": "#mesh_atlas" }
			}
		},
		{
			"__comment": "Voxels",
			"from": [ 5.5, 6, 8.5 ],
			"to": [ 10.5, 6.5, 9 ],
			"faces": {
				"up": { "uv": [ 10, 15.125, 11.25, 15 ], "texture": "#mesh_atlas" },
				"west": { "uv": [ 10.125, 11.625, 10.25, 11.75 ], "texture": "#mesh_atlas" },
				"east": { "uv": [ 10.25, 11.75, 10.125, 11.875 ], "texture": "#mesh_atlas" }
			}
		},
		{
			"__comment": "Voxels",
			"from": [ 5.5, 6, 9.5 ],
			"to": [ 10.5, 6.5, 10 ],
			"faces": {
				"down": { "uv": [ 13.75, 15, 15, 15.125 ], "texture": "#mesh_atlas" },
				"up": { "uv": [ 8.75, 15, 10, 14.875 ], "texture": "#mesh_atlas" },
				"west": { "uv": [ 10.125, 12.125, 10.25, 12.25 ], "texture": "#mesh_atlas" },
				"east": { "uv": [ 10.25, 12.25, 10.125, 12.375 ], "texture": "#mesh_atlas" }
			}
		},
		{
			"__comment": "Voxels",
			"from": [ 5.5, 6, 10.5 ],
			"to": [ 10.5, 6.5, 11 ],
			"faces": {
				"up": { "uv": [ 13.75, 15, 15, 14.875 ], "texture": "#mesh_atlas" },
				"west": { "uv": [ 10.125, 12.375, 10.25, 12.5 ], "texture": "#mesh_atlas" },
				"east": { "uv": [ 10.25, 12.5, 10.125, 12.625 ], "texture": "#mesh_atlas" }
			}
		},
		{
			"__comment": "Voxels",
			"from": [ 5.5, 7, 7 ],
			"to": [ 10.5, 9, 8 ],
			"faces": {
				"down": { "uv": [ 6.25, 12.5, 7.5, 12.75 ], "texture": "#mesh_atlas" },
				"up": { "uv": [ 6.25, 10.5, 7.5, 10.25 ], "texture": "#mesh_atlas" },
				"north": { "uv": [ 4.5, 10, 3.25, 10.5 ], "texture": "#mesh_atlas" },
				"south": { "uv": [ 3.25, 9.5, 4.5, 10 ], "texture": "#mesh_atlas" },
				"west": { "uv": [ 2, 9, 2.25, 9.5 ], "texture": "#mesh_atlas" },
				"east": { "uv": [ 4.5, 9, 4.25, 9.5 ], "texture": "#mesh_atlas" }
			}
		},
		{
			"__comment": "Voxels",
			"from": [ 5.5, 7.5, 6.5 ],
			"to": [ 10.5, 8.5, 7 ],
			"faces": {
				"down": { "uv": [ 10, 14.625, 11.25, 14.75 ], "texture": "#mesh_atlas" },
				"up": { "uv": [ 10, 14.875, 11.25, 14.75 ], "texture": "#mesh_atlas" },
				"north": { "uv": [ 7.5, 12.75, 6.25, 13 ], "texture": "#mesh_atlas" },
				"west": { "uv": [ 9.875, 13.375, 10, 13.625 ], "texture": "#mesh_atlas" },
				"east": { "uv": [ 10, 13.625, 9.875, 13.875 ], "texture": "#mesh_atlas" }
			}
		},
		{
			"__comment": "Voxels",
			"from": [ 5.5, 7.5, 8 ],
			"to": [ 10.5, 8.5, 8.5 ],
			"faces": {
				"down": { "uv": [ 13.75, 14.625, 15, 14.75 ], "texture": "#mesh_atlas" },
				"up": { "uv": [ 14.25, 15.375, 15.5, 15.25 ], "texture": "#mesh_atlas" },
				"south": { "uv": [ 6.25, 9.75, 7.5, 10 ], "texture": "#mesh_atlas" },
				"west": { "uv": [ 9.75, 8.375, 9.875, 8.625 ], "texture": "#mesh_atlas" },
				"east": { "uv": [ 9.875, 8.125, 9.75, 8.375 ], "texture": "#mesh_atlas" }
			}
		},
		{
			"__comment": "Voxels",
			"from": [ 6, 3.5, 12.5 ],
			"to": [ 10, 9, 14 ],
			"faces": {
				"down": { "uv": [ 6.25, 13.75, 7.25, 14.125 ], "texture": "#mesh_atlas", "cullface": "down" },
				"up": { "uv": [ 6.25, 14.5, 7.25, 14.125 ], "texture": "#mesh_atlas", "cullface": "down" },
				"north": { "uv": [ 1, 8.75, 0, 10.125 ], "texture": "#mesh_atlas", "cullface": "down" },
				"south": { "uv": [ 0, 10.125, 1, 11.5 ], "texture": "#mesh_atlas", "cullface": "down" },
				"west": { "uv": [ 4.875, 10.25, 5.25, 11.625 ], "texture": "#mesh_atlas", "cullface": "down" },
				"east": { "uv": [ 4.875, 10.25, 4.5, 11.625 ], "texture": "#mesh_atlas", "cullface": "down" }
			}
		},
		{
			"__comment": "Voxels",
			"from": [ 6, 4, 12 ],
			"to": [ 10, 8.5, 12.5 ],
			"faces": {
				"down": { "uv": [ 8.75, 9.875, 9.75, 10 ], "texture": "#mesh_atlas", "cullface": "down" },
				"up": { "uv": [ 8.75, 10.125, 9.75, 10 ], "texture": "#mesh_atlas", "cullface": "down" },
				"north": { "uv": [ 2, 12.875, 1, 14 ], "texture": "#mesh_atlas", "cullface": "down" },
				"west": { "uv": [ 2.125, 9.5, 2.25, 10.625 ], "texture": "#mesh_atlas", "cullface": "down" },
				"east": { "uv": [ 2.125, 10.625, 2, 11.75 ], "texture": "#mesh_atlas", "cullface": "down" }
			}
		},
		{
			"__comment": "Voxels",
			"from": [ 6, 4.5, -1 ],
			"to": [ 10, 5.5, 0 ],
			"faces": {
				"down": { "uv": [ 8.5, 15.625, 9.5, 15.875 ], "texture": "#mesh_atlas" },
				"up": { "uv": [ 6.25, 8.75, 7.25, 8.5 ], "texture": "#mesh_atlas" },
				"north": { "uv": [ 7.25, 8.25, 6.25, 8.5 ], "texture": "#mesh_atlas" },
				"south": { "uv": [ 13.5, 15.625, 14.5, 15.875 ], "texture": "#mesh_atlas" },
				"west": { "uv": [ 7.25, 9, 7.5, 9.25 ], "texture": "#mesh_atlas" },
				"east": { "uv": [ 7.5, 8.75, 7.25, 9 ], "texture": "#mesh_atlas" }
			}
		},
		{
			"__comment": "Voxels",
			"from": [ 6, 4.5, 0 ],
			"to": [ 10, 5, 2.5 ],
			"faces": {
				"down": { "uv": [ 4.5, 11.625, 5.5, 12.25 ], "texture": "#mesh_atlas", "cullface": "down" },
				"west": { "uv": [ 8, 10.25, 8.625, 10.375 ], "texture": "#mesh_atlas" },
				"east": { "uv": [ 8.625, 10.125, 8, 10.25 ], "texture": "#mesh_atlas" }
			}
		},
		{
			"__comment": "Voxels",
			"from": [ 6, 4.5, 3 ],
			"to": [ 10, 5, 12 ],
			"faces": {
				"down": { "uv": [ 0, 11.5, 1, 13.75 ], "texture": "#mesh_atlas", "cullface": "down" },
				"up": { "uv": [ 0, 16, 1, 13.75 ], "texture": "#mesh_atlas" },
				"west": { "uv": [ 7.5, 15.875, 9.75, 16 ], "texture": "#mesh_atlas" },
				"east": { "uv": [ 12, 15.875, 9.75, 16 ], "texture": "#mesh_atlas" }
			}
		},
		{
			"__comment": "Voxels",
			"from": [ 6, 5, 2.5 ],
			"to": [ 10, 8, 3 ],
			"faces": {
				"up": { "uv": [ 8.75, 12, 9.75, 11.875 ], "texture": "#mesh_atlas" },
				"north": { "uv": [ 3.25, 12.125, 2.25, 12.875 ], "texture": "#mesh_atlas" },
				"south": { "uv": [ 2.25, 11.375, 3.25, 12.125 ], "texture": "#mesh_atlas" },
				"west": { "uv": [ 5.25, 10.875, 5.375, 11.625 ], "texture": "#mesh_atlas" },
				"east": { "uv": [ 5.5, 10.875, 5.375, 11.625 ], "texture": "#mesh_atlas" }
			}
		},
		{
			"__comment": "Voxels",
			"from": [ 6, 5, 5.5 ],
			"to": [ 10, 8, 6.5 ],
			"faces": {
				"up": { "uv": [ 11.5, 15.875, 12.5, 15.625 ], "texture": "#mesh_atlas" },
				"north": { "uv": [ 3.25, 9.875, 2.25, 10.625 ], "texture": "#mesh_atlas" },
				"south": { "uv": [ 2.25, 10.625, 3.25, 11.375 ], "texture": "#mesh_atlas" },
				"west": { "uv": [ 2, 13.25, 2.25, 14 ], "texture": "#mesh_atlas" },
				"east": { "uv": [ 2.25, 12.125, 2, 12.875 ], "texture": "#mesh_atlas" }
			}
		},
		{
			"__comment": "Voxels",
			"from": [ 6, 5, 6.5 ],
			"to": [ 10, 7.5, 7 ],
			"faces": {
				"south": { "uv": [ 4.5, 15.375, 5.5, 16 ], "texture": "#mesh_atlas" },
				"west": { "uv": [ 7.5, 10.875, 7.625, 11.5 ], "texture": "#mesh_atlas" },
				"east": { "uv": [ 7.75, 10.875, 7.625, 11.5 ], "texture": "#mesh_atlas" }
			}
		},
		{
			"__comment": "Voxels",
			"from": [ 6, 5, 11.5 ],
			"to": [ 10, 8, 12 ],
			"faces": {
				"up": { "uv": [ 8.75, 12.5, 9.75, 12.375 ], "texture": "#mesh_atlas" },
				"north": { "uv": [ 3.25, 12.875, 2.25, 13.625 ], "texture": "#mesh_atlas" },
				"west": { "uv": [ 7.5, 12, 7.625, 12.75 ], "texture": "#mesh_atlas" },
				"east": { "uv": [ 7.75, 12, 7.625, 12.75 ], "texture": "#mesh_atlas" }
			}
		},
		{
			"__comment": "Voxels",
			"from": [ 6, 5.5, -0.5 ],
			"to": [ 10, 8.5, 0 ],
			"faces": {
				"up": { "uv": [ 8.75, 12.75, 9.75, 12.625 ], "texture": "#mesh_atlas", "cullface": "north" },
				"north": { "uv": [ 3.25, 14.375, 2.25, 15.125 ], "texture": "#mesh_atlas", "cullface": "north" },
				"south": { "uv": [ 0, 8, 1, 8.75 ], "texture": "#mesh_atlas", "cullface": "north" },
				"west": { "uv": [ 7.75, 12, 7.875, 12.75 ], "texture": "#mesh_atlas", "cullface": "north" },
				"east": { "uv": [ 8, 12, 7.875, 12.75 ], "texture": "#mesh_atlas", "cullface": "north" }
			}
		},
		{
			"__comment": "Voxels",
			"from": [ 6, 5.5, 14 ],
			"to": [ 7.5, 6, 15 ],
			"faces": {
				"down": { "uv": [ 7.5, 11.75, 7.875, 12 ], "texture": "#mesh_atlas" },
				"up": { "uv": [ 7.5, 11.75, 7.875, 11.5 ], "texture": "#mesh_atlas" },
				"south": { "uv": [ 8.375, 8.75, 8.75, 8.875 ], "texture": "#mesh_atlas" },
				"west": { "uv": [ 15.125, 14, 15.375, 14.125 ], "texture": "#mesh_atlas" },
				"east": { "uv": [ 15.625, 14, 15.375, 14.125 ], "texture": "#mesh_atlas" }
			}
		},
		{
			"__comment": "Voxels",
			"from": [ 6, 6, -1 ],
			"to": [ 10, 8.5, -0.5 ],
			"faces": {
				"down": { "uv": [ 8.75, 13, 9.75, 13.125 ], "texture": "#mesh_atlas", "cullface": "north" },
				"up": { "uv": [ 8.75, 13.25, 9.75, 13.125 ], "texture": "#mesh_atlas", "cullface": "north" },
				"north": { "uv": [ 5.5, 14.125, 4.5, 14.75 ], "texture": "#mesh_atlas", "cullface": "north" },
				"west": { "uv": [ 6.125, 10, 6.25, 10.625 ], "texture": "#mesh_atlas", "cullface": "north" },
				"east": { "uv": [ 6.25, 10.625, 6.125, 11.25 ], "texture": "#mesh_atlas", "cullface": "north" }
			}
		},
		{
			"__comment": "Voxels",
			"from": [ 6, 6.5, -1.5 ],
			"to": [ 10, 8.5, -1 ],
			"faces": {
				"down": { "uv": [ 8.75, 13.25, 9.75, 13.375 ], "texture": "#mesh_atlas", "cullface": "north" },
				"up": { "uv": [ 8.75, 13.5, 9.75, 13.375 ], "texture": "#mesh_atlas", "cullface": "north" },
				"north": { "uv": [ 5.5, 9.75, 4.5, 10.25 ], "texture": "#mesh_atlas", "cullface": "north" },
				"west": { "uv": [ 7.5, 8.875, 7.625, 9.375 ], "texture": "#mesh_atlas", "cullface": "north" },
				"east": { "uv": [ 7.75, 8.875, 7.625, 9.375 ], "texture": "#mesh_atlas", "cullface": "north" }
			}
		},
		{
			"__comment": "Voxels",
			"from": [ 6, 6.5, 7 ],
			"to": [ 10, 7, 11.5 ],
			"faces": {
				"down": { "uv": [ 1, 10.625, 2, 11.75 ], "texture": "#mesh_atlas" },
				"up": { "uv": [ 1, 10.625, 2, 9.5 ], "texture": "#mesh_atlas" },
				"west": { "uv": [ 11.125, 14.375, 12.25, 14.5 ], "texture": "#mesh_atlas" },
				"east": { "uv": [ 11.125, 14.375, 10, 14.5 ], "texture": "#mesh_atlas" }
			}
		},
		{
			"__comment": "Voxels",
			"from": [ 6, 6.5, 14 ],
			"to": [ 7.5, 7, 15 ],
			"faces": {
				"down": { "uv": [ 7.5, 13.75, 7.875, 14 ], "texture": "#mesh_atlas" },
				"up": { "uv": [ 7.5, 14.25, 7.875, 14 ], "texture": "#mesh_atlas" },
				"south": { "uv": [ 8.375, 9.25, 8.75, 9.375 ], "texture": "#mesh_atlas" },
				"west": { "uv": [ 15.625, 14, 15.875, 14.125 ], "texture": "#mesh_atlas" },
				"east": { "uv": [ 10.125, 13.875, 9.875, 14 ], "texture": "#mesh_atlas" }
			}
		},
		{
			"__comment": "Voxels",
			"from": [ 6, 7, -2 ],
			"to": [ 10, 8.5, -1.5 ],
			"faces": {
				"down": { "uv": [ 8.75, 14, 9.75, 14.125 ], "texture": "#mesh_atlas", "cullface": "north" },
				"up": { "uv": [ 8.75, 14.25, 9.75, 14.125 ], "texture": "#mesh_atlas", "cullface": "north" },
				"north": { "uv": [ 7.25, 13.375, 6.25, 13.75 ], "texture": "#mesh_atlas", "cullface": "north" },
				"west": { "uv": [ 8.125, 8.875, 8.25, 9.25 ], "texture": "#mesh_atlas", "cullface": "north" },
				"east": { "uv": [ 8.125, 8.875, 8, 9.25 ], "texture": "#mesh_atlas", "cullface": "north" }
			}
		},
		{
			"__comment": "Voxels",
			"from": [ 6, 7, 8 ],
			"to": [ 10, 7.5, 11.5 ],
			"faces": {
				"up": { "uv": [ 1, 9.5, 2, 8.625 ], "texture": "#mesh_atlas" },
				"west": { "uv": [ 8.75, 9.25, 9.625, 9.375 ], "texture": "#mesh_atlas" },
				"east": { "uv": [ 9.625, 9.125, 8.75, 9.25 ], "texture": "#mesh_atlas" }
			}
		},
		{
			"__comment": "Voxels",
			"from": [ 6, 7.5, -2.5 ],
			"to": [ 10, 8, -2 ],
			"faces": {
				"down": { "uv": [ 10.75, 14.25, 11.75, 14.375 ], "texture": "#mesh_atlas", "cullface": "north" },
				"up": { "uv": [ 9.75, 14.375, 10.75, 14.25 ], "texture": "#mesh_atlas", "cullface": "north" },
				"north": { "uv": [ 9.75, 14.25, 8.75, 14.375 ], "texture": "#mesh_atlas", "cullface": "north" },
				"west": { "uv": [ 10.125, 12.625, 10.25, 12.75 ], "texture": "#mesh_atlas", "cullface": "north" },
				"east": { "uv": [ 10.25, 12.75, 10.125, 12.875 ], "texture": "#mesh_atlas", "cullface": "north" }
			}
		},
		{
			"__comment": "Voxels",
			"from": [ 6, 7.5, 0 ],
			"to": [ 10, 8.5, 1.5 ],
			"faces": {
				"up": { "uv": [ 6.25, 14.875, 7.25, 14.5 ], "texture": "#mesh_atlas" },
				"south": { "uv": [ 6.25, 9.5, 7.25, 9.75 ], "texture": "#mesh_atlas" },
				"west": { "uv": [ 7.5, 13.25, 7.875, 13.5 ], "texture": "#mesh_atlas" },
				"east": { "uv": [ 7.875, 13.5, 7.5, 13.75 ], "texture": "#mesh_atlas" }
			}
		},
		{
			"__comment": "Voxels",
			"from": [ 6, 7.5, 1.5 ],
			"to": [ 10, 8, 2.5 ],
			"faces": {
				"up": { "uv": [ 6.25, 9, 7.25, 8.75 ], "texture": "#mesh_atlas" },
				"west": { "uv": [ 10.125, 13.875, 10.375, 14 ], "texture": "#mesh_atlas" },
				"east": { "uv": [ 10.625, 13.875, 10.375, 14 ], "texture": "#mesh_atlas" }
			}
		},
		{
			"__comment": "Voxels",
			"from": [ 6, 7.5, 3 ],
			"to": [ 10, 8, 5.5 ],
			"faces": {
				"up": { "uv": [ 4.5, 13.5, 5.5, 12.875 ], "texture": "#mesh_atlas" },
				"west": { "uv": [ 8, 11.125, 8.625, 11.25 ], "texture": "#mesh_atlas" },
				"east": { "uv": [ 8.625, 11.25, 8, 11.375 ], "texture": "#mesh_atlas" }
			}
		},
		{
			"__comment": "Voxels",
			"from": [ 6, 7.5, 8.5 ],
			"to": [ 10, 8.5, 9 ],
			"faces": {
				"up": { "uv": [ 14.75, 14.375, 15.75, 14.25 ], "texture": "#mesh_atlas" },
				"south": { "uv": [ 6.25, 8, 7.25, 8.25 ], "texture": "#mesh_atlas" },
				"west": { "uv": [ 9.875, 13.125, 10, 13.375 ], "texture": "#mesh_atlas" },
				"east": { "uv": [ 10, 12.875, 9.875, 13.125 ], "texture": "#mesh_atlas" }
			}
		},
		{
			"__comment": "Voxels",
			"from": [ 6, 7.5, 9 ],
			"to": [ 10, 8, 11.5 ],
			"faces": {
				"up": { "uv": [ 3.25, 9.5, 4.25, 8.875 ], "texture": "#mesh_atlas" },
				"west": { "uv": [ 8, 10.5, 8.625, 10.625 ], "texture": "#mesh_atlas" },
				"east": { "uv": [ 8.625, 10.375, 8, 10.5 ], "texture": "#mesh_atlas" }
			}
		},
		{
			"__comment": "Voxels",
			"from": [ 6, 8, 6 ],
			"to": [ 10, 8.5, 6.5 ],
			"faces": {
				"up": { "uv": [ 8.75, 12.875, 9.75, 12.75 ], "texture": "#mesh_atlas" },
				"north": { "uv": [ 3.25, 8, 2.25, 8.125 ], "texture": "#mesh_atlas" },
				"west": { "uv": [ 10.125, 12.875, 10.25, 13 ], "texture": "#mesh_atlas" },
				"east": { "uv": [ 10.25, 13, 10.125, 13.125 ], "texture": "#mesh_atlas" }
			}
		},
		{
			"__comment": "Voxels",
			"from": [ 6, 8.5, 6.5 ],
			"to": [ 10, 9, 7 ],
			"faces": {
				"up": { "uv": [ 8.75, 10.5, 9.75, 10.375 ], "texture": "#mesh_atlas" },
				"north": { "uv": [ 9.75, 10.5, 8.75, 10.625 ], "texture": "#mesh_atlas" },
				"west": { "uv": [ 10.75, 13.75, 10.875, 13.875 ], "texture": "#mesh_atlas" },
				"east": { "uv": [ 10.75, 13.75, 10.625, 13.875 ], "texture": "#mesh_atlas" }
			}
		},
		{
			"__comment": "Voxels",
			"from": [ 6, 8.5, 8 ],
			"to": [ 10, 9, 8.5 ],
			"faces": {
				"up": { "uv": [ 8.75, 11, 9.75, 10.875 ], "texture": "#mesh_atlas" },
				"south": { "uv": [ 8.75, 11.125, 9.75, 11.25 ], "texture": "#mesh_atlas" },
				"west": { "uv": [ 10.5, 13.75, 10.625, 13.875 ], "texture": "#mesh_atlas" },
				"east": { "uv": [ 10.5, 13.75, 10.375, 13.875 ], "texture": "#mesh_atlas" }
			}
		},
		{
			"__comment": "Voxels",
			"from": [ 6, 9, 7 ],
			"to": [ 10, 9.5, 8 ],
			"faces": {
				"up": { "uv": [ 9.5, 15.875, 10.5, 15.625 ], "texture": "#mesh_atlas" },
				"north": { "uv": [ 9.75, 11.25, 8.75, 11.375 ], "texture": "#mesh_atlas" },
				"south": { "uv": [ 8.75, 11.375, 9.75, 11.5 ], "texture": "#mesh_atlas" },
				"west": { "uv": [ 11.125, 13.875, 11.375, 14 ], "texture": "#mesh_atlas" },
				"east": { "uv": [ 11.625, 13.875, 11.375, 14 ], "texture": "#mesh_atlas" }
			}
		},
		{
			"__comment": "Voxels",
			"from": [ 6.5, 4.5, 14 ],
			"to": [ 9.5, 5.5, 15 ],
			"faces": {
				"down": { "uv": [ 5.5, 8.125, 6.25, 8.375 ], "texture": "#mesh_atlas", "cullface": "down" },
				"up": { "uv": [ 5.5, 8.625, 6.25, 8.375 ], "texture": "#mesh_atlas" },
				"south": { "uv": [ 8, 14.875, 8.75, 15.125 ], "texture": "#mesh_atlas" },
				"west": { "uv": [ 5.25, 10.25, 5.5, 10.5 ], "texture": "#mesh_atlas" },
				"east": { "uv": [ 4.5, 8.25, 4.25, 8.5 ], "texture": "#mesh_atlas" }
			}
		},
		{
			"__comment": "Voxels",
			"from": [ 6.5, 5.5, 9.5 ],
			"to": [ 10, 6, 10 ],
			"faces": {
				"west": { "uv": [ 10.25, 13.75, 10.375, 13.875 ], "texture": "#mesh_atlas" },
				"east": { "uv": [ 10.25, 13.75, 10.125, 13.875 ], "texture": "#mesh_atlas" }
			}
		},
		{
			"__comment": "Voxels",
			"from": [ 6.5, 5.5, 15 ],
			"to": [ 7.5, 6, 15.5 ],
			"faces": {
				"down": { "uv": [ 13.125, 14, 13.375, 14.125 ], "texture": "#mesh_atlas" },
				"up": { "uv": [ 13.375, 14.125, 13.625, 14 ], "texture": "#mesh_atlas" },
				"south": { "uv": [ 13.875, 14, 14.125, 14.125 ], "texture": "#mesh_atlas" },
				"west": { "uv": [ 10, 8.25, 10.125, 8.375 ], "texture": "#mesh_atlas" },
				"east": { "uv": [ 10.125, 8.375, 10, 8.5 ], "texture": "#mesh_atlas" }
			}
		},
		{
			"__comment": "Voxels",
			"from": [ 6.5, 5.5, 15.5 ],
			"to": [ 7, 6, 16 ],
			"faces": {
				"down": { "uv": [ 10, 8.5, 10.125, 8.625 ], "texture": "#mesh_atlas" },
				"up": { "uv": [ 10, 8.75, 10.125, 8.625 ], "texture": "#mesh_atlas" },
				"south": { "uv": [ 10, 8.875, 10.125, 9 ], "texture": "#mesh_atlas", "cullface": "south" },
				"west": { "uv": [ 10, 9, 10.125, 9.125 ], "texture": "#mesh_atlas" },
				"east": { "uv": [ 10.125, 9.125, 10, 9.25 ], "texture": "#mesh_atlas" }
			}
		},
		{
			"__comment": "Voxels",
			"from": [ 6.5, 6, 14 ],
			"to": [ 7.5, 6.5, 14.5 ],
			"faces": {
				"south": { "uv": [ 14.875, 14, 15.125, 14.125 ], "texture": "#mesh_atlas" },
				"west": { "uv": [ 10, 9.5, 10.125, 9.625 ], "texture": "#mesh_atlas" },
				"east": { "uv": [ 10.125, 9.625, 10, 9.75 ], "texture": "#mesh_atlas" }
			}
		},
		{
			"__comment": "Voxels",
			"from": [ 6.5, 6.5, 15 ],
			"to": [ 7.5, 7, 15.5 ],
			"faces": {
				"down": { "uv": [ 13.875, 13.875, 14.125, 14 ], "texture": "#mesh_atlas" },
				"up": { "uv": [ 14.125, 14, 14.375, 13.875 ], "texture": "#mesh_atlas" },
				"south": { "uv": [ 14.625, 13.875, 14.875, 14 ], "texture": "#mesh_atlas" },
				"west": { "uv": [ 10, 10, 10.125, 10.125 ], "texture": "#mesh_atlas" },
				"east": { "uv": [ 13.75, 13.75, 13.625, 13.875 ], "texture": "#mesh_atlas" }
			}
		},
		{
			"__comment": "Voxels",
			"from": [ 6.5, 6.5, 15.5 ],
			"to": [ 7, 7, 16 ],
			"faces": {
				"down": { "uv": [ 13.25, 13.75, 13.375, 13.875 ], "texture": "#mesh_atlas" },
				"up": { "uv": [ 13.125, 13.875, 13.25, 13.75 ], "texture": "#mesh_atlas" },
				"south": { "uv": [ 12.875, 13.75, 13, 13.875 ], "texture": "#mesh_atlas", "cullface": "south" },
				"west": { "uv": [ 12.75, 13.75, 12.875, 13.875 ], "texture": "#mesh_atlas" },
				"east": { "uv": [ 12.75, 13.75, 12.625, 13.875 ], "texture": "#mesh_atlas" }
			}
		},
		{
			"__comment": "Voxels",
			"from": [ 6.5, 7, 14 ],
			"to": [ 9.5, 8, 15 ],
			"faces": {
				"down": { "uv": [ 15.25, 15.625, 16, 15.875 ], "texture": "#mesh_atlas" },
				"up": { "uv": [ 14.5, 15.875, 15.25, 15.625 ], "texture": "#mesh_atlas" },
				"south": { "uv": [ 8, 14.125, 8.75, 14.375 ], "texture": "#mesh_atlas" },
				"west": { "uv": [ 7.25, 14.25, 7.5, 14.5 ], "texture": "#mesh_atlas" },
				"east": { "uv": [ 7.5, 13.875, 7.25, 14.125 ], "texture": "#mesh_atlas" }
			}
		},
		{
			"__comment": "Voxels",
			"from": [ 6.5, 8, 3.5 ],
			"to": [ 9.5, 8.5, 6 ],
			"faces": {
				"down": { "uv": [ 5.5, 14.75, 6.25, 15.375 ], "texture": "#mesh_atlas" },
				"up": { "uv": [ 5.5, 16, 6.25, 15.375 ], "texture": "#mesh_atlas" },
				"north": { "uv": [ 8.75, 14, 8, 14.125 ], "texture": "#mesh_atlas" },
				"west": { "uv": [ 8, 10.625, 8.625, 10.75 ], "texture": "#mesh_atlas" },
				"east": { "uv": [ 8.625, 10.75, 8, 10.875 ], "texture": "#mesh_atlas" }
			}
		},
		{
			"__comment": "Voxels",
			"from": [ 6.5, 8, 9 ],
			"to": [ 9.5, 8.5, 11.5 ],
			"faces": {
				"up": { "uv": [ 4.5, 8.625, 5.25, 8 ], "texture": "#mesh_atlas" },
				"south": { "uv": [ 8, 13.625, 8.75, 13.75 ], "texture": "#mesh_atlas" },
				"west": { "uv": [ 8, 10.875, 8.625, 11 ], "texture": "#mesh_atlas" },
				"east": { "uv": [ 8.625, 11, 8, 11.125 ], "texture": "#mesh_atlas" }
			}
		},
		{
			"__comment": "Voxels",
			"from": [ 6.5, 8.5, 6 ],
			"to": [ 9.5, 9, 6.5 ],
			"faces": {
				"up": { "uv": [ 8, 13, 8.75, 12.875 ], "texture": "#mesh_atlas" },
				"north": { "uv": [ 8.75, 12.75, 8, 12.875 ], "texture": "#mesh_atlas" },
				"west": { "uv": [ 12.5, 13.75, 12.625, 13.875 ], "texture": "#mesh_atlas" },
				"east": { "uv": [ 12.5, 13.75, 12.375, 13.875 ], "texture": "#mesh_atlas" }
			}
		},
		{
			"__comment": "Voxels",
			"from": [ 6.5, 8.5, 8.5 ],
			"to": [ 9.5, 9, 9 ],
			"faces": {
				"up": { "uv": [ 8, 12.375, 8.75, 12.25 ], "texture": "#mesh_atlas" },
				"south": { "uv": [ 8, 12.5, 8.75, 12.625 ], "texture": "#mesh_atlas" },
				"west": { "uv": [ 12.25, 13.75, 12.375, 13.875 ], "texture": "#mesh_atlas" },
				"east": { "uv": [ 12.25, 13.75, 12.125, 13.875 ], "texture": "#mesh_atlas" }
			}
		},
		{
			"__comment": "Voxels",
			"from": [ 6.5, 9, 6.5 ],
			"to": [ 9.5, 9.5, 7 ],
			"faces": {
				"up": { "uv": [ 8, 12.25, 8.75, 12.125 ], "texture": "#mesh_atlas" },
				"north": { "uv": [ 8.75, 13.125, 8, 13.25 ], "texture": "#mesh_atlas" },
				"west": { "uv": [ 12, 13.75, 12.125, 13.875 ], "texture": "#mesh_atlas" },
				"east": { "uv": [ 12, 13.75, 11.875, 13.875 ], "texture": "#mesh_atlas" }
			}
		},
		{
			"__comment": "Voxels",
			"from": [ 6.5, 9, 8 ],
			"to": [ 9.5, 9.5, 8.5 ],
			"faces": {
				"up": { "uv": [ 15.25, 16, 16, 15.875 ], "texture": "#mesh_atlas" },
				"south": { "uv": [ 8, 13.375, 8.75, 13.5 ], "texture": "#mesh_atlas" },
				"west": { "uv": [ 11.75, 13.75, 11.875, 13.875 ], "texture": "#mesh_atlas" },
				"east": { "uv": [ 11.75, 13.75, 11.625, 13.875 ], "texture": "#mesh_atlas" }
			}
		},
		{
			"__comment": "Voxels",
			"from": [ 6.5, 9.5, 7 ],
			"to": [ 9.5, 10, 8 ],
			"faces": {
				"up": { "uv": [ 8, 14.875, 8.75, 14.625 ], "texture": "#mesh_atlas" },
				"north": { "uv": [ 8.75, 11.625, 8, 11.75 ], "texture": "#mesh_atlas" },
				"south": { "uv": [ 8, 11.75, 8.75, 11.875 ], "texture": "#mesh_atlas" },
				"west": { "uv": [ 12.875, 13.875, 13.125, 14 ], "texture": "#mesh_atlas" },
				"east": { "uv": [ 13.375, 13.875, 13.125, 14 ], "texture": "#mesh_atlas" }
			}
		},
		{
			"__comment": "Voxels",
			"from": [ 7, 0, 7.5 ],
			"to": [ 9.5, 4.5, 9 ],
			"faces": {
				"down": { "uv": [ 5.5, 9.25, 6.125, 9.625 ], "texture": "#mesh_atlas", "cullface": "down" },
				"north": { "uv": [ 3.875, 10.5, 3.25, 11.625 ], "texture": "#mesh_atlas", "cullface": "down" },
				"south": { "uv": [ 2.25, 8.75, 2.875, 9.875 ], "texture": "#mesh_atlas", "cullface": "down" },
				"west": { "uv": [ 5.5, 12.5, 5.875, 13.625 ], "texture": "#mesh_atlas", "cullface": "down" },
				"east": { "uv": [ 6.25, 13.625, 5.875, 14.75 ], "texture": "#mesh_atlas", "cullface": "down" }
			}
		},
		{
			"__comment": "Voxels",
			"from": [ 7, 5, 15 ],
			"to": [ 9, 5.5, 15.5 ],
			"faces": {
				"down": { "uv": [ 7.5, 9.375, 8, 9.5 ], "texture": "#mesh_atlas" },
				"up": { "uv": [ 7.5, 9.625, 8, 9.5 ], "texture": "#mesh_atlas" },
				"south": { "uv": [ 7.5, 9.75, 8, 9.875 ], "texture": "#mesh_atlas" },
				"west": { "uv": [ 11.5, 13.75, 11.625, 13.875 ], "texture": "#mesh_atlas" },
				"east": { "uv": [ 11.5, 13.75, 11.375, 13.875 ], "texture": "#mesh_atlas" }
			}
		},
		{
			"__comment": "Voxels",
			"from": [ 7, 6, 14.5 ],
			"to": [ 7.5, 6.5, 15.5 ],
			"faces": {
				"down": { "uv": [ 9.875, 10.625, 10, 10.875 ], "texture": "#mesh_atlas" },
				"up": { "uv": [ 9.875, 10.625, 10, 10.375 ], "texture": "#mesh_atlas" },
				"south": { "uv": [ 11.125, 13.75, 11.25, 13.875 ], "texture": "#mesh_atlas" },
				"west": { "uv": [ 13.375, 13.875, 13.625, 14 ], "texture": "#mesh_atlas" },
				"east": { "uv": [ 13.875, 13.875, 13.625, 14 ], "texture": "#mesh_atlas" }
			}
		},
		{
			"__comment": "Voxels",
			"from": [ 7, 7, 15 ],
			"to": [ 9, 7.5, 15.5 ],
			"faces": {
				"down": { "uv": [ 7.5, 10.75, 8, 10.875 ], "texture": "#mesh_atlas" },
				"up": { "uv": [ 7.5, 10.75, 8, 10.625 ], "texture": "#mesh_atlas" },
				"south": { "uv": [ 7.5, 10.375, 8, 10.5 ], "texture": "#mesh_atlas" },
				"west": { "uv": [ 11, 13.75, 11.125, 13.875 ], "texture": "#mesh_atlas" },
				"east": { "uv": [ 11, 13.75, 10.875, 13.875 ], "texture": "#mesh_atlas" }
			}
		},
		{
			"__comment": "Voxels",
			"from": [ 7, 10, 3.5 ],
			"to": [ 9, 11.5, 4 ],
			"faces": {
				"down": { "uv": [ 7.5, 10.25, 8, 10.375 ], "texture": "#mesh_atlas" },
				"up": { "uv": [ 7.5, 10.25, 8, 10.125 ], "texture": "#mesh_atlas" },
				"north": { "uv": [ 8, 14.625, 7.5, 15 ], "texture": "#mesh_atlas" },
				"south": { "uv": [ 7.5, 14.25, 8, 14.625 ], "texture": "#mesh_atlas" },
				"west": { "uv": [ 8, 8, 8.125, 8.375 ], "texture": "#mesh_atlas" },
				"east": { "uv": [ 8.125, 8.375, 8, 8.75 ], "texture": "#mesh_atlas" }
			}
		},
		{
			"__comment": "Voxels",
			"from": [ 7, 10.5, 6 ],
			"to": [ 9, 12, 6.5 ],
			"faces": {
				"down": { "uv": [ 7.5, 10, 8, 10.125 ], "texture": "#mesh_atlas" },
				"up": { "uv": [ 7.5, 10, 8, 9.875 ], "texture": "#mesh_atlas" },
				"north": { "uv": [ 6, 8.875, 5.5, 9.25 ], "texture": "#mesh_atlas" },
				"south": { "uv": [ 7.5, 15, 8, 15.375 ], "texture": "#mesh_atlas" },
				"west": { "uv": [ 6.125, 9.625, 6.25, 10 ], "texture": "#mesh_atlas" },
				"east": { "uv": [ 6.25, 9.25, 6.125, 9.625 ], "texture": "#mesh_atlas" }
			}
		},
		{
			"__comment": "Voxels",
			"from": [ 7.5, 0, 7 ],
			"to": [ 9, 4.5, 7.5 ],
			"faces": {
				"down": { "uv": [ 7.5, 8.5, 7.875, 8.625 ], "texture": "#mesh_atlas", "cullface": "down" },
				"north": { "uv": [ 3.25, 8.75, 2.875, 9.875 ], "texture": "#mesh_atlas", "cullface": "down" },
				"west": { "uv": [ 4.25, 10.5, 4.375, 11.625 ], "texture": "#mesh_atlas", "cullface": "down" },
				"east": { "uv": [ 4.5, 10.5, 4.375, 11.625 ], "texture": "#mesh_atlas", "cullface": "down" }
			}
		},
		{
			"__comment": "Voxels",
			"from": [ 7.5, 0, 9 ],
			"to": [ 9, 4.5, 9.5 ],
			"faces": {
				"down": { "uv": [ 8.25, 9.5, 8.625, 9.625 ], "texture": "#mesh_atlas", "cullface": "down" },
				"south": { "uv": [ 5.875, 12.5, 6.25, 13.625 ], "texture": "#mesh_atlas", "cullface": "down" },
				"west": { "uv": [ 2.125, 10.625, 2.25, 11.75 ], "texture": "#mesh_atlas", "cullface": "down" },
				"east": { "uv": [ 2.125, 9.5, 2, 10.625 ], "texture": "#mesh_atlas", "cullface": "down" }
			}
		},
		{
			"__comment": "Voxels",
			"from": [ 7.5, 8.5, 4 ],
			"to": [ 8.5, 9.5, 4.5 ],
			"faces": {
				"up": { "uv": [ 7.25, 13.5, 7.5, 13.375 ], "texture": "#mesh_atlas" },
				"north": { "uv": [ 7.5, 13.125, 7.25, 13.375 ], "texture": "#mesh_atlas" },
				"south": { "uv": [ 7.25, 13.5, 7.5, 13.75 ], "texture": "#mesh_atlas" },
				"west": { "uv": [ 9.75, 11.875, 9.875, 12.125 ], "texture": "#mesh_atlas" },
				"east": { "uv": [ 9.875, 11.625, 9.75, 11.875 ], "texture": "#mesh_atlas" }
			}
		},
		{
			"__comment": "Voxels",
			"from": [ 7.5, 8.5, 4.5 ],
			"to": [ 8.5, 9, 5 ],
			"faces": {
				"up": { "uv": [ 14.75, 14.25, 15, 14.125 ], "texture": "#mesh_atlas" },
				"south": { "uv": [ 15.25, 14.125, 15.5, 14.25 ], "texture": "#mesh_atlas" },
				"west": { "uv": [ 13.375, 13.75, 13.5, 13.875 ], "texture": "#mesh_atlas" },
				"east": { "uv": [ 13.625, 13.75, 13.5, 13.875 ], "texture": "#mesh_atlas" }
			}
		},
		{
			"__comment": "Voxels",
			"from": [ 7.5, 8.5, 9.5 ],
			"to": [ 8.5, 9, 10 ],
			"faces": {
				"up": { "uv": [ 15.75, 14.25, 16, 14.125 ], "texture": "#mesh_atlas" },
				"north": { "uv": [ 10.125, 14, 9.875, 14.125 ], "texture": "#mesh_atlas" },
				"south": { "uv": [ 10.125, 14, 10.375, 14.125 ], "texture": "#mesh_atlas" },
				"west": { "uv": [ 10, 9.875, 10.125, 10 ], "texture": "#mesh_atlas" },
				"east": { "uv": [ 10.125, 9.75, 10, 9.875 ], "texture": "#mesh_atlas" }
			}
		},
		{
			"__comment": "Voxels",
			"from": [ 7.5, 8.5, 10.5 ],
			"to": [ 8.5, 9, 11 ],
			"faces": {
				"up": { "uv": [ 10.625, 14.125, 10.875, 14 ], "texture": "#mesh_atlas" },
				"north": { "uv": [ 11.125, 14, 10.875, 14.125 ], "texture": "#mesh_atlas" },
				"south": { "uv": [ 11.125, 14, 11.375, 14.125 ], "texture": "#mesh_atlas" },
				"west": { "uv": [ 10, 9.375, 10.125, 9.5 ], "texture": "#mesh_atlas" },
				"east": { "uv": [ 10.125, 9.25, 10, 9.375 ], "texture": "#mesh_atlas" }
			}
		},
		{
			"__comment": "Voxels",
			"from": [ 7.5, 9, 3.5 ],
			"to": [ 8.5, 10, 4 ],
			"faces": {
				"down": { "uv": [ 11.375, 14, 11.625, 14.125 ], "texture": "#mesh_atlas" },
				"north": { "uv": [ 7.5, 14.625, 7.25, 14.875 ], "texture": "#mesh_atlas" },
				"south": { "uv": [ 7.25, 15, 7.5, 15.25 ], "texture": "#mesh_atlas" },
				"west": { "uv": [ 9.75, 11.375, 9.875, 11.625 ], "texture": "#mesh_atlas" },
				"east": { "uv": [ 9.875, 11.125, 9.75, 11.375 ], "texture": "#mesh_atlas" }
			}
		},
		{
			"__comment": "Voxels",
			"from": [ 7.5, 9.5, 6 ],
			"to": [ 8.5, 10.5, 6.5 ],
			"faces": {
				"down": { "uv": [ 12.375, 14, 12.625, 14.125 ], "texture": "#mesh_atlas" },
				"north": { "uv": [ 5.5, 8, 5.25, 8.25 ], "texture": "#mesh_atlas" },
				"south": { "uv": [ 5.25, 8.625, 5.5, 8.875 ], "texture": "#mesh_atlas" },
				"west": { "uv": [ 8.875, 8.125, 9, 8.375 ], "texture": "#mesh_atlas" },
				"east": { "uv": [ 9.125, 8.125, 9, 8.375 ], "texture": "#mesh_atlas" }
			}
		},
		{
			"__comment": "Voxels",
			"from": [ 7.5, 9.5, 6.5 ],
			"to": [ 8.5, 10, 7 ],
			"faces": {
				"up": { "uv": [ 9.125, 8.625, 9.375, 8.5 ], "texture": "#mesh_atlas" },
				"west": { "uv": [ 10, 8.125, 10.125, 8.25 ], "texture": "#mesh_atlas" },
				"east": { "uv": [ 10.125, 8, 10, 8.125 ], "texture": "#mesh_atlas" }
			}
		},
		{
			"__comment": "Voxels",
			"from": [ 7.5, 10, 3 ],
			"to": [ 8.5, 11.5, 3.5 ],
			"faces": {
				"down": { "uv": [ 9.375, 8.375, 9.625, 8.5 ], "texture": "#mesh_atlas" },
				"up": { "uv": [ 9.125, 8.375, 9.375, 8.25 ], "texture": "#mesh_atlas" },
				"north": { "uv": [ 5.5, 8.875, 5.25, 9.25 ], "texture": "#mesh_atlas" },
				"west": { "uv": [ 8.5, 8.25, 8.625, 8.625 ], "texture": "#mesh_atlas" },
				"east": { "uv": [ 8.75, 8.25, 8.625, 8.625 ], "texture": "#mesh_atlas" }
			}
		},
		{
			"__comment": "Voxels",
			"from": [ 7.5, 10, 4 ],
			"to": [ 8.5, 11.5, 4.5 ],
			"faces": {
				"down": { "uv": [ 11, 14.125, 11.25, 14.25 ], "texture": "#mesh_atlas" },
				"up": { "uv": [ 11.25, 14.25, 11.5, 14.125 ], "texture": "#mesh_atlas" },
				"south": { "uv": [ 2, 8.625, 2.25, 9 ], "texture": "#mesh_atlas" },
				"west": { "uv": [ 8.625, 8.875, 8.75, 9.25 ], "texture": "#mesh_atlas" },
				"east": { "uv": [ 8.625, 8.875, 8.5, 9.25 ], "texture": "#mesh_atlas" }
			}
		},
		{
			"__comment": "Voxels",
			"from": [ 7.5, 10.5, 5.5 ],
			"to": [ 8.5, 12, 6 ],
			"faces": {
				"down": { "uv": [ 13.25, 14.125, 13.5, 14.25 ], "texture": "#mesh_atlas" },
				"up": { "uv": [ 13, 14.25, 13.25, 14.125 ], "texture": "#mesh_atlas" },
				"north": { "uv": [ 5.5, 8.25, 5.25, 8.625 ], "texture": "#mesh_atlas" },
				"west": { "uv": [ 8.25, 8.875, 8.375, 9.25 ], "texture": "#mesh_atlas" },
				"east": { "uv": [ 8.5, 8.875, 8.375, 9.25 ], "texture": "#mesh_atlas" }
			}
		},
		{
			"__comment": "Voxels",
			"from": [ 7.5, 10.5, 6.5 ],
			"to": [ 8.5, 12, 7 ],
			"faces": {
				"down": { "uv": [ 12.75, 14.125, 13, 14.25 ], "texture": "#mesh_atlas" },
				"up": { "uv": [ 12.5, 14.25, 12.75, 14.125 ], "texture": "#mesh_atlas" },
				"south": { "uv": [ 2, 11.75, 2.25, 12.125 ], "texture": "#mesh_atlas" },
				"west": { "uv": [ 8.125, 8.25, 8.25, 8.625 ], "texture": "#mesh_atlas" },
				"east": { "uv": [ 8.875, 8, 8.75, 8.375 ], "texture": "#mesh_atlas" }
			}
		},
		{
			"__comment": "Voxels",
			"from": [ 7.5, 11.5, 3.5 ],
			"to": [ 8.5, 12, 4 ],
			"faces": {
				"up": { "uv": [ 12, 14.25, 12.25, 14.125 ], "texture": "#mesh_atlas" },
				"north": { "uv": [ 12, 14.125, 11.75, 14.25 ], "texture": "#mesh_atlas" },
				"south": { "uv": [ 11.5, 14.125, 11.75, 14.25 ], "texture": "#mesh_atlas" },
				"west": { "uv": [ 10.125, 12, 10.25, 12.125 ], "texture": "#mesh_atlas" },
				"east": { "uv": [ 10.25, 11.875, 10.125, 12 ], "texture": "#mesh_atlas" }
			}
		},
		{
			"__comment": "Voxels",
			"from": [ 7.5, 12, 6 ],
			"to": [ 8.5, 12.5, 6.5 ],
			"faces": {
				"up": { "uv": [ 10.5, 14.25, 10.75, 14.125 ], "texture": "#mesh_atlas" },
				"north": { "uv": [ 10.5, 14.125, 10.25, 14.25 ], "texture": "#mesh_atlas" },
				"south": { "uv": [ 10, 14.125, 10.25, 14.25 ], "texture": "#mesh_atlas" },
				"west": { "uv": [ 10.125, 11.25, 10.25, 11.375 ], "texture": "#mesh_atlas" },
				"east": { "uv": [ 10.25, 11.125, 10.125, 11.25 ], "texture": "#mesh_atlas" }
			}
		},
		{
			"__comment": "Voxels",
			"from": [ 8, 3, 9.5 ],
			"to": [ 8.5, 3.5, 11 ],
			"faces": {
				"down": { "uv": [ 8.375, 8.25, 8.5, 8.625 ], "texture": "#mesh_atlas", "cullface": "down" },
				"up": { "uv": [ 8.25, 8.625, 8.375, 8.25 ], "texture": "#mesh_atlas", "cullface": "down" },
				"south": { "uv": [ 10.125, 10.875, 10.25, 11 ], "texture": "#mesh_atlas", "cullface": "down" },
				"west": { "uv": [ 15.625, 15.5, 16, 15.625 ], "texture": "#mesh_atlas", "cullface": "down" },
				"east": { "uv": [ 16, 15.375, 15.625, 15.5 ], "texture": "#mesh_atlas", "cullface": "down" }
			}
		},
		{
			"__comment": "Voxels",
			"from": [ 8, 3.5, 10.5 ],
			"to": [ 8.5, 4, 11.5 ],
			"faces": {
				"down": { "uv": [ 9.75, 13.625, 9.875, 13.875 ], "texture": "#mesh_atlas", "cullface": "down" },
				"up": { "uv": [ 9.75, 14.125, 9.875, 13.875 ], "texture": "#mesh_atlas", "cullface": "down" },
				"north": { "uv": [ 10.25, 10.75, 10.125, 10.875 ], "texture": "#mesh_atlas", "cullface": "down" },
				"south": { "uv": [ 10.125, 10.625, 10.25, 10.75 ], "texture": "#mesh_atlas", "cullface": "down" },
				"west": { "uv": [ 9.75, 14.125, 10, 14.25 ], "texture": "#mesh_atlas", "cullface": "down" },
				"east": { "uv": [ 9.625, 8, 9.375, 8.125 ], "texture": "#mesh_atlas", "cullface": "down" }
			}
		},
		{
			"__comment": "Voxels",
			"from": [ 8, 4, 9.5 ],
			"to": [ 8.5, 4.5, 10 ],
			"faces": {
				"down": { "uv": [ 9.375, 8.125, 9.625, 8.25 ], "texture": "#mesh_atlas", "cullface": "down" },
				"south": { "uv": [ 9.125, 8.125, 9.375, 8.25 ], "texture": "#mesh_atlas", "cullface": "down" },
				"west": { "uv": [ 13.875, 13.75, 14, 13.875 ], "texture": "#mesh_atlas", "cullface": "down" },
				"east": { "uv": [ 14.125, 13.75, 14, 13.875 ], "texture": "#mesh_atlas", "cullface": "down" }
			}
		},
		{
			"__comment": "Voxels",
			"from": [ 8, 4, 11 ],
			"to": [ 8.5, 4.5, 11.5 ],
			"faces": {
				"north": { "uv": [ 14.5, 13.75, 14.375, 13.875 ], "texture": "#mesh_atlas", "cullface": "down" },
				"south": { "uv": [ 14.5, 13.75, 14.625, 13.875 ], "texture": "#mesh_atlas", "cullface": "down" },
				"west": { "uv": [ 14.625, 13.75, 14.75, 13.875 ], "texture": "#mesh_atlas", "cullface": "down" },
				"east": { "uv": [ 14.875, 13.75, 14.75, 13.875 ], "texture": "#mesh_atlas", "cullface": "down" }
			}
		},
		{
			"__comment": "Voxels",
			"from": [ 8.5, 5.5, 14 ],
			"to": [ 10, 6, 15 ],
			"faces": {
				"down": { "uv": [ 7.5, 13, 7.875, 13.25 ], "texture": "#mesh_atlas" },
				"up": { "uv": [ 7.5, 13, 7.875, 12.75 ], "texture": "#mesh_atlas" },
				"south": { "uv": [ 8.25, 10, 8.625, 10.125 ], "texture": "#mesh_atlas" },
				"west": { "uv": [ 8.875, 8.375, 9.125, 8.5 ], "texture": "#mesh_atlas" },
				"east": { "uv": [ 9.125, 8.5, 8.875, 8.625 ], "texture": "#mesh_atlas" }
			}
		},
		{
			"__comment": "Voxels",
			"from": [ 8.5, 5.5, 15 ],
			"to": [ 9.5, 6, 15.5 ],
			"faces": {
				"down": { "uv": [ 12.125, 14, 12.375, 14.125 ], "texture": "#mesh_atlas" },
				"up": { "uv": [ 11.875, 14.125, 12.125, 14 ], "texture": "#mesh_atlas" },
				"south": { "uv": [ 14, 14.125, 14.25, 14.25 ], "texture": "#mesh_atlas" },
				"west": { "uv": [ 15.625, 13.75, 15.75, 13.875 ], "texture": "#mesh_atlas" },
				"east": { "uv": [ 15.875, 13.75, 15.75, 13.875 ], "texture": "#mesh_atlas" }
			}
		},
		{
			"__comment": "Voxels",
			"from": [ 8.5, 6, 14 ],
			"to": [ 9.5, 7, 14.5 ],
			"faces": {
				"south": { "uv": [ 7.25, 9.25, 7.5, 9.5 ], "texture": "#mesh_atlas" },
				"west": { "uv": [ 9.75, 12.125, 9.875, 12.375 ], "texture": "#mesh_atlas" },
				"east": { "uv": [ 9.875, 12.375, 9.75, 12.625 ], "texture": "#mesh_atlas" }
			}
		},
		{
			"__comment": "Voxels",
			"from": [ 8.5, 6, 14.5 ],
			"to": [ 9, 7, 15.5 ],
			"faces": {
				"down": { "uv": [ 9.75, 12.625, 9.875, 12.875 ], "texture": "#mesh_atlas" },
				"up": { "uv": [ 9.75, 13.125, 9.875, 12.875 ], "texture": "#mesh_atlas" },
				"south": { "uv": [ 9.75, 13.375, 9.875, 13.625 ], "texture": "#mesh_atlas" },
				"west": { "uv": [ 7.25, 8.5, 7.5, 8.75 ], "texture": "#mesh_atlas" },
				"east": { "uv": [ 7.5, 8.25, 7.25, 8.5 ], "texture": "#mesh_atlas" }
			}
		},
		{
			"__comment": "Voxels",
			"from": [ 9, 5.5, 15.5 ],
			"to": [ 9.5, 6, 16 ],
			"faces": {
				"down": { "uv": [ 8.625, 11.375, 8.75, 11.5 ], "texture": "#mesh_atlas" },
				"up": { "uv": [ 8.625, 11.375, 8.75, 11.25 ], "texture": "#mesh_atlas" },
				"south": { "uv": [ 8.625, 11, 8.75, 11.125 ], "texture": "#mesh_atlas", "cullface": "south" },
				"west": { "uv": [ 8.625, 10.875, 8.75, 11 ], "texture": "#mesh_atlas" },
				"east": { "uv": [ 8.75, 10.75, 8.625, 10.875 ], "texture": "#mesh_atlas" }
			}
		},
		{
			"__comment": "Voxels",
			"from": [ 9, 6.5, 14.5 ],
			"to": [ 10, 7, 15 ],
			"faces": {
				"down": { "uv": [ 8.5, 8.625, 8.75, 8.75 ], "texture": "#mesh_atlas" },
				"up": { "uv": [ 7.25, 13.875, 7.5, 13.75 ], "texture": "#mesh_atlas" },
				"north": { "uv": [ 7.5, 14.125, 7.25, 14.25 ], "texture": "#mesh_atlas" },
				"south": { "uv": [ 7.25, 14.5, 7.5, 14.625 ], "texture": "#mesh_atlas" },
				"east": { "uv": [ 8.75, 10.25, 8.625, 10.375 ], "texture": "#mesh_atlas" }
			}
		},
		{
			"__comment": "Voxels",
			"from": [ 9, 6.5, 15 ],
			"to": [ 9.5, 7, 16 ],
			"faces": {
				"down": { "uv": [ 7.25, 8, 7.375, 8.25 ], "texture": "#mesh_atlas" },
				"up": { "uv": [ 7.375, 8.25, 7.5, 8 ], "texture": "#mesh_atlas" },
				"south": { "uv": [ 8.625, 10, 8.75, 10.125 ], "texture": "#mesh_atlas", "cullface": "south" },
				"west": { "uv": [ 7.25, 14.875, 7.5, 15 ], "texture": "#mesh_atlas" },
				"east": { "uv": [ 4.5, 8.875, 4.25, 9 ], "texture": "#mesh_atlas" }
			}
		},
		{
			"__comment": "Voxels",
			"from": [ 9.5, 6.5, 14 ],
			"to": [ 10, 7, 14.5 ],
			"faces": {
				"down": { "uv": [ 8.625, 9.625, 8.75, 9.75 ], "texture": "#mesh_atlas" },
				"up": { "uv": [ 8.625, 9.625, 8.75, 9.5 ], "texture": "#mesh_atlas" },
				"east": { "uv": [ 8, 8.375, 7.875, 8.5 ], "texture": "#mesh_atlas" }
			}
		},
		{
			"__comment": "Voxels",
			"from": [ 10.5, 4, 2.5 ],
			"to": [ 11.5, 4.5, 3 ],
			"faces": {
				"down": { "uv": [ 7.75, 10.875, 8, 11 ], "texture": "#mesh_atlas", "cullface": "down" },
				"up": { "uv": [ 7.75, 9, 8, 8.875 ], "texture": "#mesh_atlas", "cullface": "down" },
				"north": { "uv": [ 8.625, 8.125, 8.375, 8.25 ], "texture": "#mesh_atlas", "cullface": "down" },
				"south": { "uv": [ 8.375, 8, 8.625, 8.125 ], "texture": "#mesh_atlas", "cullface": "down" },
				"west": { "uv": [ 15.625, 13.875, 15.75, 14 ], "texture": "#mesh_atlas", "cullface": "down" },
				"east": { "uv": [ 15.875, 13.875, 15.75, 14 ], "texture": "#mesh_atlas", "cullface": "down" }
			}
		},
		{
			"__comment": "Voxels",
			"from": [ 11, 3.5, 2.5 ],
			"to": [ 11.5, 4, 5 ],
			"faces": {
				"down": { "uv": [ 6.125, 11.875, 6.25, 12.5 ], "texture": "#mesh_atlas", "cullface": "down" },
				"up": { "uv": [ 6.125, 11.875, 6.25, 11.25 ], "texture": "#mesh_atlas", "cullface": "down" },
				"north": { "uv": [ 16, 13.875, 15.875, 14 ], "texture": "#mesh_atlas", "cullface": "down" },
				"south": { "uv": [ 9.875, 8, 10, 8.125 ], "texture": "#mesh_atlas", "cullface": "down" },
				"west": { "uv": [ 8, 11.5, 8.625, 11.625 ], "texture": "#mesh_atlas", "cullface": "down" },
				"east": { "uv": [ 8.625, 11.375, 8, 11.5 ], "texture": "#mesh_atlas", "cullface": "down" }
			}
		},
		{
			"__comment": "Voxels",
			"from": [ 11, 4, 4.5 ],
			"to": [ 11.5, 4.5, 5.5 ],
			"faces": {
				"down": { "uv": [ 7.875, 14, 8, 14.25 ], "texture": "#mesh_atlas", "cullface": "down" },
				"up": { "uv": [ 8.25, 8.25, 8.375, 8 ], "texture": "#mesh_atlas", "cullface": "down" },
				"north": { "uv": [ 10.125, 11.75, 10, 11.875 ], "texture": "#mesh_atlas", "cullface": "down" },
				"south": { "uv": [ 10, 11.625, 10.125, 11.75 ], "texture": "#mesh_atlas", "cullface": "down" },
				"west": { "uv": [ 9.375, 8.625, 9.625, 8.75 ], "texture": "#mesh_atlas", "cullface": "down" },
				"east": { "uv": [ 9.375, 8.625, 9.125, 8.75 ], "texture": "#mesh_atlas", "cullface": "down" }
			}
		},
		{
			"__comment": "Voxels",
			"from": [ 11, 4.5, 5 ],
			"to": [ 11.5, 5, 6 ],
			"faces": {
				"down": { "uv": [ 8.125, 8, 8.25, 8.25 ], "texture": "#mesh_atlas", "cullface": "down" },
				"up": { "uv": [ 7.875, 11.75, 8, 11.5 ], "texture": "#mesh_atlas" },
				"north": { "uv": [ 10.125, 11.25, 10, 11.375 ], "texture": "#mesh_atlas" },
				"south": { "uv": [ 10, 11.125, 10.125, 11.25 ], "texture": "#mesh_atlas" },
				"west": { "uv": [ 8.875, 8.625, 9.125, 8.75 ], "texture": "#mesh_atlas" },
				"east": { "uv": [ 9.625, 8.75, 9.375, 8.875 ], "texture": "#mesh_atlas" }
			}
		},
		{
			"__comment": "Voxels",
			"from": [ 11, 4.5, 9 ],
			"to": [ 12, 5, 9.5 ],
			"faces": {
				"down": { "uv": [ 9.125, 8.75, 9.375, 8.875 ], "texture": "#mesh_atlas", "cullface": "down" },
				"up": { "uv": [ 8.875, 8.875, 9.125, 8.75 ], "texture": "#mesh_atlas" },
				"north": { "uv": [ 9.625, 8.875, 9.375, 9 ], "texture": "#mesh_atlas" },
				"south": { "uv": [ 9.125, 8.875, 9.375, 9 ], "texture": "#mesh_atlas" },
				"west": { "uv": [ 10, 10.75, 10.125, 10.875 ], "texture": "#mesh_atlas" },
				"east": { "uv": [ 10.125, 10.625, 10, 10.75 ], "texture": "#mesh_atlas" }
			}
		},
		{
			"__comment": "Voxels",
			"from": [ 11, 4.5, 10 ],
			"to": [ 12, 5, 10.5 ],
			"faces": {
				"down": { "uv": [ 8.875, 8.875, 9.125, 9 ], "texture": "#mesh_atlas", "cullface": "down" },
				"up": { "uv": [ 9.375, 9.125, 9.625, 9 ], "texture": "#mesh_atlas" },
				"north": { "uv": [ 9.375, 9, 9.125, 9.125 ], "texture": "#mesh_atlas" },
				"south": { "uv": [ 8.875, 9, 9.125, 9.125 ], "texture": "#mesh_atlas" },
				"west": { "uv": [ 10, 10.25, 10.125, 10.375 ], "texture": "#mesh_atlas" },
				"east": { "uv": [ 10.125, 10.125, 10, 10.25 ], "texture": "#mesh_atlas" }
			}
		},
		{
			"__comment": "Voxels",
			"from": [ 11, 5, 5.5 ],
			"to": [ 11.5, 5.5, 7 ],
			"faces": {
				"down": { "uv": [ 8.125, 9.75, 8.25, 10.125 ], "texture": "#mesh_atlas" },
				"up": { "uv": [ 8, 10.125, 8.125, 9.75 ], "texture": "#mesh_atlas" },
				"north": { "uv": [ 8.75, 8, 8.625, 8.125 ], "texture": "#mesh_atlas" },
				"south": { "uv": [ 9.625, 9.75, 9.75, 9.875 ], "texture": "#mesh_atlas" },
				"west": { "uv": [ 7.5, 8.125, 7.875, 8.25 ], "texture": "#mesh_atlas" },
				"east": { "uv": [ 7.875, 8.25, 7.5, 8.375 ], "texture": "#mesh_atlas" }
			}
		},
		{
			"__comment": "Voxels",
			"from": [ 11, 5, 8.5 ],
			"to": [ 11.5, 5.5, 9.5 ],
			"faces": {
				"down": { "uv": [ 7.875, 11.75, 8, 12 ], "texture": "#mesh_atlas" },
				"up": { "uv": [ 7.875, 13, 8, 12.75 ], "texture": "#mesh_atlas" },
				"north": { "uv": [ 9.75, 9.375, 9.625, 9.5 ], "texture": "#mesh_atlas" },
				"south": { "uv": [ 9.625, 9.25, 9.75, 9.375 ], "texture": "#mesh_atlas" },
				"west": { "uv": [ 15.75, 14.25, 16, 14.375 ], "texture": "#mesh_atlas" },
				"east": { "uv": [ 16, 14.375, 15.75, 14.5 ], "texture": "#mesh_atlas" }
			}
		},
		{
			"__comment": "Voxels",
			"from": [ 11, 5, 10 ],
			"to": [ 11.5, 5.5, 11 ],
			"faces": {
				"down": { "uv": [ 7.875, 13, 8, 13.25 ], "texture": "#mesh_atlas" },
				"up": { "uv": [ 7.875, 13.5, 8, 13.25 ], "texture": "#mesh_atlas" },
				"north": { "uv": [ 9.75, 8.875, 9.625, 9 ], "texture": "#mesh_atlas" },
				"south": { "uv": [ 9.625, 8.75, 9.75, 8.875 ], "texture": "#mesh_atlas" },
				"west": { "uv": [ 15.5, 14.375, 15.75, 14.5 ], "texture": "#mesh_atlas" },
				"east": { "uv": [ 15.5, 14.375, 15.25, 14.5 ], "texture": "#mesh_atlas" }
			}
		},
		{
			"__comment": "Voxels",
			"from": [ 11, 5.5, 6.5 ],
			"to": [ 11.5, 6, 7.5 ],
			"faces": {
				"down": { "uv": [ 7.875, 13.5, 8, 13.75 ], "texture": "#mesh_atlas" },
				"up": { "uv": [ 7.875, 14, 8, 13.75 ], "texture": "#mesh_atlas" },
				"north": { "uv": [ 9.75, 8.375, 9.625, 8.5 ], "texture": "#mesh_atlas" },
				"west": { "uv": [ 15.75, 15.25, 16, 15.375 ], "texture": "#mesh_atlas" },
				"east": { "uv": [ 15.75, 15.25, 15.5, 15.375 ], "texture": "#mesh_atlas" }
			}
		},
		{
			"__comment": "Voxels",
			"from": [ 11.5, 4.5, 9.5 ],
			"to": [ 12, 5, 10 ],
			"faces": {
				"down": { "uv": [ 9.625, 8.125, 9.75, 8.25 ], "texture": "#mesh_atlas", "cullface": "down" },
				"up": { "uv": [ 9.625, 8.125, 9.75, 8 ], "texture": "#mesh_atlas" },
				"west": { "uv": [ 15.375, 13.875, 15.5, 14 ], "texture": "#mesh_atlas" },
				"east": { "uv": [ 15.625, 13.875, 15.5, 14 ], "texture": "#mesh_atlas" }
			}
		},
		{
			"__comment": "Box119",
			"from": [ 5.5, 5, 5 ],
			"to": [ 10.5, 7.5, 5.5 ],
			"faces": {
				"down": { "uv": [ 2.5, 13.5, 3, 15.5 ], "texture": "#texture" },
				"up": { "uv": [ 2.5, 13.5, 3, 15.5 ], "texture": "#texture" },
				"north": { "uv": [ 2.5, 13.5, 3, 15.5 ], "texture": "#texture" },
				"south": { "uv": [ 2.5, 13.5, 3, 15.5 ], "texture": "#texture" },
				"west": { "uv": [ 2.5, 13.5, 3, 15.5 ], "texture": "#texture" },
				"east": { "uv": [ 2.5, 13.5, 3, 15.5 ], "texture": "#texture" }
			}
		},
		{
			"__comment": "Box119",
			"from": [ 6, 5, 4.5 ],
			"to": [ 10, 7.5, 5 ],
			"faces": {
				"down": { "uv": [ 2.5, 10.5, 3, 12.5 ], "texture": "#texture" },
				"up": { "uv": [ 2.5, 10.5, 3, 12.5 ], "texture": "#texture" },
				"north": { "uv": [ 2.5, 10.5, 3, 12.5 ], "texture": "#texture" },
				"south": { "uv": [ 2.5, 10.5, 3, 12.5 ], "texture": "#texture" },
				"west": { "uv": [ 2.5, 10.5, 3, 12.5 ], "texture": "#texture" },
				"east": { "uv": [ 2.5, 10.5, 3, 12.5 ], "texture": "#texture" }
			}
		},
		{
			"__comment": "Box119",
			"from": [ 5.5, 5, 4 ],
			"to": [ 10.5, 7.5, 4.5 ],
			"faces": {
				"down": { "uv": [ 2, 13.5, 2.5, 15.5 ], "texture": "#texture" },
				"up": { "uv": [ 2, 13.5, 2.5, 15.5 ], "texture": "#texture" },
				"north": { "uv": [ 2, 13.5, 2.5, 15.5 ], "texture": "#texture" },
				"south": { "uv": [ 2, 13.5, 2.5, 15.5 ], "texture": "#texture" },
				"west": { "uv": [ 2, 13.5, 2.5, 15.5 ], "texture": "#texture" },
				"east": { "uv": [ 2, 13.5, 2.5, 15.5 ], "texture": "#texture" }
			}
		},
		{
			"__comment": "Box119",
			"from": [ 5.5, 5, 3 ],
			"to": [ 10.5, 7.5, 3.5 ],
			"faces": {
				"down": { "uv": [ 2, 13.5, 2.5, 15.5 ], "texture": "#texture" },
				"up": { "uv": [ 2, 13.5, 2.5, 15.5 ], "texture": "#texture" },
				"north": { "uv": [ 2, 13.5, 2.5, 15.5 ], "texture": "#texture" },
				"south": { "uv": [ 2, 13.5, 2.5, 15.5 ], "texture": "#texture" },
				"west": { "uv": [ 2, 13.5, 2.5, 15.5 ], "texture": "#texture" },
				"east": { "uv": [ 2, 13.5, 2.5, 15.5 ], "texture": "#texture" }
			}
		},
		{
			"__comment": "Box119",
			"from": [ 6, 5, 3.5 ],
			"to": [ 10, 7.5, 4 ],
			"faces": {
				"down": { "uv": [ 2.5, 10.5, 3, 12.5 ], "texture": "#texture" },
				"up": { "uv": [ 2.5, 10.5, 3, 12.5 ], "texture": "#texture" },
				"north": { "uv": [ 2.5, 10.5, 3, 12.5 ], "texture": "#texture" },
				"south": { "uv": [ 2.5, 10.5, 3, 12.5 ], "texture": "#texture" },
				"west": { "uv": [ 2.5, 10.5, 3, 12.5 ], "texture": "#texture" },
				"east": { "uv": [ 2.5, 10.5, 3, 12.5 ], "texture": "#texture" }
			}
		},
		{
			"__comment": "Box119",
			"from": [ 5.5, 5, 2 ],
			"to": [ 10.5, 7.5, 2.5 ],
			"faces": {
				"down": { "uv": [ 2.5, 13.5, 3, 15.5 ], "texture": "#texture" },
				"up": { "uv": [ 2.5, 13.5, 3, 15.5 ], "texture": "#texture" },
				"north": { "uv": [ 2.5, 13.5, 3, 15.5 ], "texture": "#texture" },
				"south": { "uv": [ 2.5, 13.5, 3, 15.5 ], "texture": "#texture" },
				"west": { "uv": [ 2.5, 13.5, 3, 15.5 ], "texture": "#texture" },
				"east": { "uv": [ 2.5, 13.5, 3, 15.5 ], "texture": "#texture" }
			}
		},
		{
			"__comment": "Box119",
			"from": [ 5.5, 5, 1 ],
			"to": [ 10.5, 7.5, 1.5 ],
			"faces": {
				"down": { "uv": [ 2, 13.5, 2.5, 15.5 ], "texture": "#texture" },
				"up": { "uv": [ 2, 13.5, 2.5, 15.5 ], "texture": "#texture" },
				"north": { "uv": [ 2, 13.5, 2.5, 15.5 ], "texture": "#texture" },
				"south": { "uv": [ 2, 13.5, 2.5, 15.5 ], "texture": "#texture" },
				"west": { "uv": [ 2, 13.5, 2.5, 15.5 ], "texture": "#texture" },
				"east": { "uv": [ 2, 13.5, 2.5, 15.5 ], "texture": "#texture" }
			}
		},
		{
			"__comment": "Box119",
			"from": [ 5.5, 5, 0 ],
			"to": [ 10.5, 7.5, 0.5 ],
			"faces": {
				"down": { "uv": [ 2, 13.5, 2.5, 15.5 ], "texture": "#texture" },
				"up": { "uv": [ 2, 13.5, 2.5, 15.5 ], "texture": "#texture" },
				"north": { "uv": [ 2, 13.5, 2.5, 15.5 ], "texture": "#texture" },
				"south": { "uv": [ 2, 13.5, 2.5, 15.5 ], "texture": "#texture" },
				"west": { "uv": [ 2, 13.5, 2.5, 15.5 ], "texture": "#texture" },
				"east": { "uv": [ 2, 13.5, 2.5, 15.5 ], "texture": "#texture" }
			}
		},
		{
			"__comment": "Box119",
			"from": [ 6, 5, 1.5 ],
			"to": [ 10, 7.5, 2 ],
			"faces": {
				"down": { "uv": [ 2.5, 10.5, 3, 12.5 ], "texture": "#texture" },
				"up": { "uv": [ 2.5, 10.5, 3, 12.5 ], "texture": "#texture" },
				"north": { "uv": [ 2.5, 10.5, 3, 12.5 ], "texture": "#texture" },
				"south": { "uv": [ 2.5, 10.5, 3, 12.5 ], "texture": "#texture" },
				"west": { "uv": [ 2.5, 10.5, 3, 12.5 ], "texture": "#texture" },
				"east": { "uv": [ 2.5, 10.5, 3, 12.5 ], "texture": "#texture" }
			}
		},
		{
			"__comment": "Box119",
			"from": [ 6, 5, 0.5 ],
			"to": [ 10, 7.5, 1 ],
			"faces": {
				"down": { "uv": [ 2.5, 10.5, 3, 12.5 ], "texture": "#texture" },
				"up": { "uv": [ 2.5, 10.5, 3, 12.5 ], "texture": "#texture" },
				"north": { "uv": [ 2.5, 10.5, 3, 12.5 ], "texture": "#texture" },
				"south": { "uv": [ 2.5, 10.5, 3, 12.5 ], "texture": "#texture" },
				"west": { "uv": [ 2.5, 10.5, 3, 12.5 ], "texture": "#texture" },
				"east": { "uv": [ 2.5, 10.5, 3, 12.5 ], "texture": "#texture" }
			}
		}
	],
	"display": {
		"thirdperson_righthand": {
			"rotation":  [ 0, 180, 0 ],
			"translation":  [ 0, 5.25, 2 ],
			"scale":  [ 1.25, 1.25, 1.25 ]
		},
		"firstperson_righthand": {
			"rotation":  [ 0, -157, -9 ],
			"translation":  [ 0, 6, 0 ],
			"scale":  [ 1.1, 1.1, 1.1 ]
		},
		"gui": {
			"rotation":  [ -41, 55, 50 ],
			"translation":  [ 0.25, 2, 0 ],
			"scale":  [ 0.9, 0.9, 0.9 ]
		}
	}
}