{
	"credit": "Made with Blockbench",
	"textures": {
		"0": "items/asgoretrident",
		"particle": "items/asgoretrident"
	},
	"elements": [
		{
			"from": [7, -1, 7],
			"to": [9, 13, 9],
			"rotation": {"angle": 0, "axis": "y", "origin": [8, 1, 8]},
			"faces": {
				"north": {"uv": [1, 1, 4, 4], "texture": "#0"},
				"east": {"uv": [1, 1, 4, 4], "texture": "#0"},
				"south": {"uv": [1, 1, 4, 4], "texture": "#0"},
				"west": {"uv": [1, 1, 4, 4], "texture": "#0"},
				"up": {"uv": [1, 1, 4, 4], "texture": "#0"},
				"down": {"uv": [1, 1, 4, 4], "texture": "#0"}
			}
		},
		{
			"from": [7, 17, 7],
			"to": [9, 20, 9],
			"rotation": {"angle": 0, "axis": "y", "origin": [8, 1, 8]},
			"faces": {
				"north": {"uv": [1, 1, 4, 4], "texture": "#0"},
				"east": {"uv": [1, 1, 4, 4], "texture": "#0"},
				"south": {"uv": [1, 1, 4, 4], "texture": "#0"},
				"west": {"uv": [1, 1, 4, 4], "texture": "#0"},
				"up": {"uv": [1, 1, 4, 4], "texture": "#0"},
				"down": {"uv": [1, 1, 4, 4], "texture": "#0"}
			}
		},
		{
			"from": [6.5, 20, 1.5],
			"to": [9.5, 22, 14.5],
			"rotation": {"angle": 0, "axis": "y", "origin": [8, 0, 8]},
			"faces": {
				"north": {"uv": [1, 1, 4, 4], "texture": "#0"},
				"east": {"uv": [1, 1, 4, 4], "texture": "#0"},
				"south": {"uv": [1, 1, 4, 4], "texture": "#0"},
				"west": {"uv": [1, 1, 4, 4], "texture": "#0"},
				"up": {"uv": [1, 1, 4, 4], "texture": "#0"},
				"down": {"uv": [1, 1, 4, 4], "texture": "#0"}
			}
		},
		{
			"from": [6.5, 22, 7],
			"to": [9.5, 29, 9],
			"rotation": {"angle": 0, "axis": "y", "origin": [8, 0, 8]},
			"faces": {
				"north": {"uv": [1, 1, 4, 4], "texture": "#0"},
				"east": {"uv": [1, 1, 4, 4], "texture": "#0"},
				"south": {"uv": [1, 1, 4, 4], "texture": "#0"},
				"west": {"uv": [1, 1, 4, 4], "texture": "#0"},
				"up": {"uv": [1, 1, 4, 4], "texture": "#0"},
				"down": {"uv": [1, 1, 4, 4], "texture": "#0"}
			}
		},
		{
			"from": [7, 29, 7.5],
			"to": [9, 32, 8.5],
			"rotation": {"angle": 0, "axis": "y", "origin": [8, 0, 8]},
			"faces": {
				"north": {"uv": [1, 1, 4, 4], "texture": "#0"},
				"east": {"uv": [1, 1, 4, 4], "texture": "#0"},
				"south": {"uv": [1, 1, 4, 4], "texture": "#0"},
				"west": {"uv": [1, 1, 4, 4], "texture": "#0"},
				"up": {"uv": [1, 1, 4, 4], "texture": "#0"},
				"down": {"uv": [1, 1, 4, 4], "texture": "#0"}
			}
		},
		{
			"from": [7, 24.3, 13.5],
			"to": [9, 27.3, 14.5],
			"rotation": {"angle": 22.5, "axis": "x", "origin": [7.97644, 26.48947, 14.03407]},
			"faces": {
				"north": {"uv": [1, 1, 4, 4], "texture": "#0"},
				"east": {"uv": [1, 1, 4, 4], "texture": "#0"},
				"south": {"uv": [1, 1, 4, 4], "texture": "#0"},
				"west": {"uv": [1, 1, 4, 4], "texture": "#0"},
				"up": {"uv": [1, 1, 4, 4], "texture": "#0"},
				"down": {"uv": [1, 1, 4, 4], "texture": "#0"}
			}
		},
		{
			"from": [7, 24.3, 1.3],
			"to": [9, 27.3, 2.3],
			"rotation": {"angle": -22.5, "axis": "x", "origin": [7.95549, 26.51041, 2.03411]},
			"faces": {
				"north": {"uv": [1, 1, 4, 4], "texture": "#0"},
				"east": {"uv": [1, 1, 4, 4], "texture": "#0"},
				"south": {"uv": [1, 1, 4, 4], "texture": "#0"},
				"west": {"uv": [1, 1, 4, 4], "texture": "#0"},
				"up": {"uv": [1, 1, 4, 4], "texture": "#0"},
				"down": {"uv": [1, 1, 4, 4], "texture": "#0"}
			}
		},
		{
			"from": [6.5, 20, 13.3],
			"to": [9.5, 25, 14.8],
			"rotation": {"angle": -22.5, "axis": "x", "origin": [7.98211, 22.98992, 13.77796]},
			"faces": {
				"north": {"uv": [1, 1, 4, 4], "texture": "#0"},
				"east": {"uv": [1, 1, 4, 4], "texture": "#0"},
				"south": {"uv": [1, 1, 4, 4], "texture": "#0"},
				"west": {"uv": [1, 1, 4, 4], "texture": "#0"},
				"up": {"uv": [1, 1, 4, 4], "texture": "#0"},
				"down": {"uv": [1, 1, 4, 4], "texture": "#0"}
			}
		},
		{
			"from": [6.5, 20, 1.3],
			"to": [9.5, 25, 2.8],
			"rotation": {"angle": 22.5, "axis": "x", "origin": [7.96204, 23.00999, 2.27799]},
			"faces": {
				"north": {"uv": [1, 1, 4, 4], "texture": "#0"},
				"east": {"uv": [1, 1, 4, 4], "texture": "#0"},
				"south": {"uv": [1, 1, 4, 4], "texture": "#0"},
				"west": {"uv": [1, 1, 4, 4], "texture": "#0"},
				"up": {"uv": [1, 1, 4, 4], "texture": "#0"},
				"down": {"uv": [1, 1, 4, 4], "texture": "#0"}
			}
		},
		{
			"from": [6.5, -9, 6.5],
			"to": [9.5, -1, 9.5],
			"rotation": {"angle": 0, "axis": "y", "origin": [8, 1, 8]},
			"faces": {
				"north": {"uv": [12, 12, 15, 15], "texture": "#0"},
				"east": {"uv": [12, 12, 15, 15], "texture": "#0"},
				"south": {"uv": [12, 12, 15, 15], "texture": "#0"},
				"west": {"uv": [12, 12, 15, 15], "texture": "#0"},
				"up": {"uv": [12, 12, 15, 15], "texture": "#0"},
				"down": {"uv": [12, 12, 15, 15], "texture": "#0"}
			}
		},
		{
			"from": [6, -13, 6],
			"to": [10, -9, 10],
			"rotation": {"angle": 0, "axis": "y", "origin": [8, 1, 8]},
			"faces": {
				"north": {"uv": [1, 12, 4, 15], "texture": "#0"},
				"east": {"uv": [1, 12, 4, 15], "texture": "#0"},
				"south": {"uv": [1, 12, 4, 15], "texture": "#0"},
				"west": {"uv": [1, 12, 4, 15], "texture": "#0"},
				"up": {"uv": [1, 12, 4, 15], "texture": "#0"},
				"down": {"uv": [1, 12, 4, 15], "texture": "#0"}
			}
		},
		{
			"from": [6, 13, 6],
			"to": [10, 17, 10],
			"rotation": {"angle": 0, "axis": "y", "origin": [8, 1, 8]},
			"faces": {
				"north": {"uv": [12, 1, 15, 4], "texture": "#0"},
				"east": {"uv": [12, 1, 15, 4], "texture": "#0"},
				"south": {"uv": [12, 1, 15, 4], "texture": "#0"},
				"west": {"uv": [12, 1, 15, 4], "texture": "#0"},
				"up": {"uv": [12, 1, 15, 4], "texture": "#0"},
				"down": {"uv": [12, 1, 15, 4], "texture": "#0"}
			}
		}
	],
	"display": {
		"thirdperson": {
			"rotation": [-90, 0, 0],
			"translation": [0, 1, -4]
		},
		"firstperson": {
			"rotation": [-20, -30, 0],
			"translation": [2, 2, 2],
			"scale": [1.0, 1.4, 1.0]
		}
}}
