{
"__comment": "Designed by Theocomix with BDcraft Cubik PRO 0.96 Beta - http://bdcraft.net",
"textures": {
    "texture": "blocks/Fire Demon"
},
"elements": [ 
{
    "from": [ 3.5, 1.5, 11.5 ],
    "to": [ 13, 13.5, 12 ],
    "faces": {
        "down":  { "uv": [ 13.5, 10, 13, 6.5 ], "texture": "#texture" },
        "up":    { "uv": [ 2, 8, 2.5, 11 ], "texture": "#texture" },
        "north": { "uv": [ 1.5, 6, 2, 11 ], "texture": "#texture" },
        "south": { "uv": [ 3.5, 2.5, 12.5, 14.5 ], "texture": "#texture" },
        "west":  { "uv": [ 2, 5.5, 2.5, 11 ], "texture": "#texture" },
        "east":  { "uv": [ 2, 5.5, 2.5, 10.5 ], "texture": "#texture" }
    }
},
{
    "from": [ 2.5, 2.5, 11.5 ],
    "to": [ 3.5, 12.5, 12 ],
    "faces": {
        "down":  { "uv": [ 13.5, 12.5, 13, 11.5 ], "texture": "#texture" },
        "up":    { "uv": [ 1.5, 9.5, 2, 10.5 ], "texture": "#texture" },
        "north": { "uv": [ 1.5, 5.5, 2, 11 ], "texture": "#texture" },
        "south": { "uv": [ 2.5, 3, 3.5, 13 ], "texture": "#texture" },
        "west":  { "uv": [ 2, 6, 2.5, 11 ], "texture": "#texture" },
        "east":  { "uv": [ 2, 5.5, 2.5, 11 ], "texture": "#texture" }
    }
},
{
    "from": [ 1.5, 5, 11.5 ],
    "to": [ 2.5, 10.5, 12 ],
    "faces": {
        "down":  { "uv": [ 15.5, 4.5, 15, 3.5 ], "texture": "#texture" },
        "up":    { "uv": [ 1.5, 10, 2, 11 ], "texture": "#texture" },
        "north": { "uv": [ 15.5, 2, 16, 5.5 ], "texture": "#texture" },
        "south": { "uv": [ 1.5, 5.5, 2.5, 11 ], "texture": "#texture" },
        "west":  { "uv": [ 1.5, 5.5, 2, 11 ], "texture": "#texture" },
        "east":  { "uv": [ 1.5, 5.5, 2, 11 ], "texture": "#texture" }
    }
},
{
    "from": [ 4, 13.5, 11.5 ],
    "to": [ 12.5, 14.5, 12 ],
    "faces": {
        "down":  { "uv": [ 14, 8, 13.5, 9.5 ], "texture": "#texture" },
        "up":    { "uv": [ 1.5, 8.5, 2, 11 ], "texture": "#texture" },
        "north": { "uv": [ 4, 1.5, 4.5, 2.5 ], "texture": "#texture" },
        "south": { "uv": [ 4, 1, 11.5, 2 ], "texture": "#texture" },
        "west":  { "uv": [ 11.5, 1.5, 12, 2.5 ], "texture": "#texture" },
        "east":  { "uv": [ 4, 1.5, 4.5, 2.5 ], "texture": "#texture" }
    }
},
{
    "from": [ 4.5, 14.5, 11.5 ],
    "to": [ 12.5, 15.5, 12 ],
    "faces": {
        "down":  { "uv": [ 14, 9.5, 13.5, 7 ], "texture": "#texture" },
        "up":    { "uv": [ 1.5, 8.5, 2.5, 10.5 ], "texture": "#texture" },
        "north": { "uv": [ 0, 6, 0.5, 10 ], "texture": "#texture" },
        "south": { "uv": [ 4.5, 0.5, 11, 1.5 ], "texture": "#texture" },
        "west":  { "uv": [ 2, 6, 2.5, 8.5 ], "texture": "#texture" },
        "east":  { "uv": [ 2, 6, 2.5, 7.5 ], "texture": "#texture" }
    }
},
{
    "from": [ 9, 15.5, 11.5 ],
    "to": [ 12, 16.5, 12 ],
    "faces": {
        "down":  { "uv": [ 2.5, 9.5, 2, 7.5 ], "texture": "#texture" },
        "up":    { "uv": [ 2, 8, 2.5, 10.5 ], "texture": "#texture" },
        "north": { "uv": [ 4.5, 0, 5, 0.5 ], "texture": "#texture" },
        "south": { "uv": [ 7, 0, 10.5, 0.5 ], "texture": "#texture" },
        "west":  { "uv": [ 8, 0, 9, 0.5 ], "texture": "#texture" },
        "east":  { "uv": [ 7.5, 0, 8.5, 0.5 ], "texture": "#texture" }
    }
},
{
    "from": [ 9, 16.5, 11.5 ],
    "to": [ 11, 17.5, 12 ],
    "faces": {
        "down":  { "uv": [ 2, 9.5, 1.5, 8 ], "texture": "#texture" },
        "up":    { "uv": [ 1.5, 8, 2, 11 ], "texture": "#texture" },
        "north": { "uv": [ 1.5, 6, 2, 8.5 ], "texture": "#texture" },
        "south": { "uv": [ 9, 0, 11.5, 0 ], "texture": "#texture" },
        "west":  { "uv": [ 2, 7, 2.5, 8.5 ], "texture": "#texture" },
        "east":  { "uv": [ 2, 7, 2.5, 8.5 ], "texture": "#texture" }
    }
},
{
    "from": [ 9.5, 17.5, 11.5 ],
    "to": [ 11, 18.5, 12 ],
    "faces": {
        "down":  { "uv": [ 6.5, 12.5, 5, 11.5 ], "texture": "#texture" },
        "up":    { "uv": [ 2, 8, 2.5, 10.5 ], "texture": "#texture" },
        "north": { "uv": [ 1.5, 6, 2, 7.5 ], "texture": "#texture" },
        "south": { "uv": [ 12.5, 2.5, 14, 3 ], "texture": "#texture" },
        "west":  { "uv": [ 2, 6, 2.5, 7 ], "texture": "#texture" },
        "east":  { "uv": [ 2, 6, 2.5, 7.5 ], "texture": "#texture" }
    }
},
{
    "from": [ 6.5, 14.5, 11 ],
    "to": [ 12.5, 16, 11.5 ],
    "faces": {
        "down":  { "uv": [ 2, 9, 1.5, 8.5 ], "texture": "#texture" },
        "up":    { "uv": [ 1.5, 8, 2, 9 ], "texture": "#texture" },
        "north": { "uv": [ 3.5, 0, 4.5, 0.5 ], "texture": "#texture" },
        "south": { "uv": [ 3.5, 0, 4.5, 1 ], "texture": "#texture" },
        "west":  { "uv": [ 1.5, 7, 2, 8 ], "texture": "#texture" },
        "east":  { "uv": [ 1.5, 7.5, 2, 8.5 ], "texture": "#texture" }
    }
},
{
    "from": [ 10, 18.5, 11.5 ],
    "to": [ 10.5, 19.5, 12 ],
    "faces": {
        "down":  { "uv": [ 2, 10, 1.5, 9 ], "texture": "#texture" },
        "up":    { "uv": [ 1.5, 9, 2, 10 ], "texture": "#texture" },
        "north": { "uv": [ 5.5, 0.5, 6, 1 ], "texture": "#texture" },
        "south": { "uv": [ 8.5, 0, 9, 0.5 ], "texture": "#texture" },
        "west":  { "uv": [ 13.5, 3.5, 14, 5 ], "texture": "#texture" },
        "east":  { "uv": [ 2, 6, 2.5, 8 ], "texture": "#texture" }
    }
},
{
    "from": [ 13, 5.5, 11.5 ],
    "to": [ 14, 13.5, 12 ],
    "faces": {
        "down":  { "uv": [ 2, 11, 1.5, 9.5 ], "texture": "#texture" },
        "up":    { "uv": [ 13.5, 9.5, 14, 10.5 ], "texture": "#texture" },
        "north": { "uv": [ 1.5, 6, 2, 11 ], "texture": "#texture" },
        "south": { "uv": [ 13, 2.5, 14, 10.5 ], "texture": "#texture" },
        "west":  { "uv": [ 2, 6, 2.5, 11 ], "texture": "#texture" },
        "east":  { "uv": [ 2, 5.5, 2.5, 11 ], "texture": "#texture" }
    }
},
{
    "from": [ 14, 9.5, 11.5 ],
    "to": [ 14.5, 12.5, 12 ],
    "faces": {
        "down":  { "uv": [ 2, 10.5, 1.5, 9.5 ], "texture": "#texture" },
        "up":    { "uv": [ 13.5, 9, 14, 10 ], "texture": "#texture" },
        "north": { "uv": [ 1.5, 6, 2, 9 ], "texture": "#texture" },
        "south": { "uv": [ 13.5, 3.5, 14, 6.5 ], "texture": "#texture" },
        "west":  { "uv": [ 2, 6.5, 2.5, 9.5 ], "texture": "#texture" },
        "east":  { "uv": [ 2, 6, 2.5, 9 ], "texture": "#texture" }
    }
},
{
    "from": [ 13, 2.5, 11.5 ],
    "to": [ 13.5, 5.5, 12 ],
    "faces": {
        "down":  { "uv": [ 2.5, 12.5, 2, 11.5 ], "texture": "#texture" },
        "up":    { "uv": [ 13, 11.5, 13.5, 12.5 ], "texture": "#texture" },
        "north": { "uv": [ 1.5, 8, 2, 11 ], "texture": "#texture" },
        "south": { "uv": [ 13, 10.5, 13.5, 13.5 ], "texture": "#texture" },
        "west":  { "uv": [ 13, 7, 13.5, 10 ], "texture": "#texture" },
        "east":  { "uv": [ 2, 7.5, 2.5, 10 ], "texture": "#texture" }
    }
},
{
    "from": [ 4, 0.5, 11.5 ],
    "to": [ 12, 1.5, 12 ],
    "faces": {
        "down":  { "uv": [ 14, 9.5, 13.5, 6.5 ], "texture": "#texture" },
        "up":    { "uv": [ 1.5, 8.5, 2, 10 ], "texture": "#texture" },
        "north": { "uv": [ 1.5, 8.5, 2, 10 ], "texture": "#texture" },
        "south": { "uv": [ 4, 14.5, 12, 15.5 ], "texture": "#texture" },
        "west":  { "uv": [ 1.5, 9, 2, 10.5 ], "texture": "#texture" },
        "east":  { "uv": [ 1.5, 9, 2, 10 ], "texture": "#texture" }
    }
},
{
    "from": [ 4.5, 0, 11.5 ],
    "to": [ 11.5, 0.5, 12 ],
    "faces": {
        "down":  { "uv": [ 10, 16, 8.5, 15.5 ], "texture": "#texture" },
        "up":    { "uv": [ 3.5, 1.5, 4, 3 ], "texture": "#texture" },
        "north": { "uv": [ 4.5, 15.5, 11.5, 16 ], "texture": "#texture" },
        "south": { "uv": [ 4.5, 15.5, 11.5, 16 ], "texture": "#texture" },
        "west":  { "uv": [ 10, 15.5, 11, 16 ], "texture": "#texture" },
        "east":  { "uv": [ 6.5, 15.5, 7.5, 16 ], "texture": "#texture" }
    }
},
{
    "from": [ 2, 3.5, 11.5 ],
    "to": [ 2.5, 5, 12 ],
    "faces": {
        "down":  { "uv": [ 14, 12.5, 13.5, 11.5 ], "texture": "#texture" },
        "up":    { "uv": [ 2.5, 11.5, 3, 12.5 ], "texture": "#texture" },
        "north": { "uv": [ 13.5, 8.5, 14, 10 ], "texture": "#texture" },
        "south": { "uv": [ 2.5, 11, 3, 12.5 ], "texture": "#texture" },
        "west":  { "uv": [ 13, 7.5, 13.5, 9 ], "texture": "#texture" },
        "east":  { "uv": [ 2, 6, 2.5, 8.5 ], "texture": "#texture" }
    }
},
{
    "from": [ 2, 10.5, 11.5 ],
    "to": [ 2.5, 11.5, 12 ],
    "faces": {
        "down":  { "uv": [ 14, 12.5, 13.5, 11.5 ], "texture": "#texture" },
        "up":    { "uv": [ 2, 11.5, 2.5, 12.5 ], "texture": "#texture" },
        "north": { "uv": [ 14, 4.5, 14.5, 5.5 ], "texture": "#texture" },
        "south": { "uv": [ 2, 4.5, 2.5, 5.5 ], "texture": "#texture" },
        "west":  { "uv": [ 14, 5, 14.5, 6 ], "texture": "#texture" },
        "east":  { "uv": [ 1.5, 6, 2, 7 ], "texture": "#texture" }
    }
},
{
    "from": [ 3, 1.5, 11.5 ],
    "to": [ 3.5, 2.5, 12 ],
    "faces": {
        "down":  { "uv": [ 14, 10, 13.5, 9 ], "texture": "#texture" },
        "up":    { "uv": [ 2, 11.5, 2.5, 12.5 ], "texture": "#texture" },
        "north": { "uv": [ 12.5, 13.5, 13, 14.5 ], "texture": "#texture" },
        "south": { "uv": [ 3, 13, 3.5, 14 ], "texture": "#texture" },
        "west":  { "uv": [ 13.5, 9.5, 14, 10.5 ], "texture": "#texture" },
        "east":  { "uv": [ 1.5, 9.5, 2, 11 ], "texture": "#texture" }
    }
},
{
    "from": [ 3.5, 1, 11.5 ],
    "to": [ 12.5, 1.5, 12 ],
    "faces": {
        "down":  { "uv": [ 14, 10.5, 13.5, 6.5 ], "texture": "#texture" },
        "up":    { "uv": [ 1.5, 9.5, 2, 10.5 ], "texture": "#texture" },
        "north": { "uv": [ 1.5, 9.5, 2, 10.5 ], "texture": "#texture" },
        "south": { "uv": [ 3.5, 14.5, 12.5, 15 ], "texture": "#texture" },
        "west":  { "uv": [ 12, 14.5, 12.5, 15 ], "texture": "#texture" },
        "east":  { "uv": [ 3.5, 14.5, 4, 15 ], "texture": "#texture" }
    }
},
{
    "from": [ 3, 12.5, 11.5 ],
    "to": [ 4, 13, 12 ],
    "faces": {
        "down":  { "uv": [ 13.5, 12.5, 13, 11.5 ], "texture": "#texture" },
        "up":    { "uv": [ 1.5, 9, 2, 10 ], "texture": "#texture" },
        "north": { "uv": [ 1.5, 6, 2, 8 ], "texture": "#texture" },
        "south": { "uv": [ 3, 3, 4, 3.5 ], "texture": "#texture" },
        "west":  { "uv": [ 2, 5.5, 2.5, 7 ], "texture": "#texture" },
        "east":  { "uv": [ 2, 6.5, 2.5, 7 ], "texture": "#texture" }
    }
},
{
    "from": [ 11, 16.5, 11.5 ],
    "to": [ 11.5, 17.5, 12 ],
    "faces": {
        "down":  { "uv": [ 2, 10, 1.5, 9 ], "texture": "#texture" },
        "up":    { "uv": [ 13.5, 9.5, 14, 10.5 ], "texture": "#texture" },
        "north": { "uv": [ 4, 1, 4.5, 1.5 ], "texture": "#texture" },
        "south": { "uv": [ 11, 1, 11.5, 1.5 ], "texture": "#texture" },
        "west":  { "uv": [ 2, 6.5, 2.5, 7 ], "texture": "#texture" },
        "east":  { "uv": [ 2.5, 6, 2, 6.5 ], "texture": "#texture" }
    }
},
{
    "from": [ 13, 13.5, 11.5 ],
    "to": [ 13.5, 14, 12 ],
    "faces": {
        "down":  { "uv": [ 2.5, 11.5, 2, 10.5 ], "texture": "#texture" },
        "up":    { "uv": [ 13, 11.5, 13.5, 12.5 ], "texture": "#texture" },
        "north": { "uv": [ 6.5, 0.5, 7, 1 ], "texture": "#texture" },
        "south": { "uv": [ 13, 2, 13.5, 2.5 ], "texture": "#texture" },
        "west":  { "uv": [ 2, 6, 2.5, 7 ], "texture": "#texture" },
        "east":  { "uv": [ 2, 5.5, 2.5, 6.5 ], "texture": "#texture" }
    }
},
{
    "from": [ 3.5, 7.5, 12.5 ],
    "to": [ 12, 10, 13 ],
    "faces": {
        "down":  { "uv": [ 12, 8, 11.5, 5 ], "texture": "#texture" },
        "up":    { "uv": [ 3.5, 6.5, 4, 8.5 ], "texture": "#texture" },
        "north": { "uv": [ 3.5, 6, 4, 8.5 ], "texture": "#texture" },
        "south": { "uv": [ 3.5, 6, 12, 8.5 ], "texture": "#texture" },
        "west":  { "uv": [ 11.5, 6, 12, 8.5 ], "texture": "#texture" },
        "east":  { "uv": [ 3.5, 6, 4, 8.5 ], "texture": "#texture" }
    }
},
{
    "from": [ 4, 6, 12.5 ],
    "to": [ 11.5, 7.5, 13 ],
    "faces": {
        "down":  { "uv": [ 11.5, 10, 4, 9.5 ], "texture": "#texture" },
        "up":    { "uv": [ 3.5, 7.5, 4, 8.5 ], "texture": "#texture" },
        "north": { "uv": [ 4, 8.5, 11.5, 10 ], "texture": "#texture" },
        "south": { "uv": [ 4, 8.5, 11.5, 10 ], "texture": "#texture" },
        "west":  { "uv": [ 11, 8.5, 11.5, 10 ], "texture": "#texture" },
        "east":  { "uv": [ 4, 8.5, 4.5, 10 ], "texture": "#texture" }
    }
},
{
    "from": [ 5.5, 5.5, 12.5 ],
    "to": [ 10, 6, 13 ],
    "faces": {
        "down":  { "uv": [ 10, 10.5, 5.5, 10 ], "texture": "#texture" },
        "up":    { "uv": [ 5.5, 10, 5.5, 10.5 ], "texture": "#texture" },
        "north": { "uv": [ 5.5, 10, 10, 10.5 ], "texture": "#texture" },
        "south": { "uv": [ 5.5, 10, 10, 10.5 ], "texture": "#texture" },
        "west":  { "uv": [ 10.5, 10, 11, 10.5 ], "texture": "#texture" },
        "east":  { "uv": [ 4.5, 10.5, 5, 11 ], "texture": "#texture" }
    }
},
{
    "from": [ 6, 5, 13 ],
    "to": [ 7.5, 5.5, 13.5 ],
    "faces": {
        "down":  { "uv": [ 4, 8, 3.5, 7.5 ], "texture": "#texture" },
        "up":    { "uv": [ 3.5, 7.5, 4, 8.5 ], "texture": "#texture" },
        "north": { "uv": [ 3.5, 6, 4, 8 ], "texture": "#texture" },
        "south": { "uv": [ 6, 10.5, 7.5, 11 ], "texture": "#texture" },
        "west":  { "uv": [ 11, 9, 11.5, 10 ], "texture": "#texture" },
        "east":  { "uv": [ 4, 9, 4.5, 10 ], "texture": "#texture" }
    }
},
{
    "from": [ 8, 5, 13 ],
    "to": [ 9.5, 5.5, 13.5 ],
    "faces": {
        "down":  { "uv": [ 9.5, 10.5, 9, 11 ], "texture": "#texture" },
        "up":    { "uv": [ 6, 10.5, 6.5, 11 ], "texture": "#texture" },
        "north": { "uv": [ 6, 10.5, 7.5, 11 ], "texture": "#texture" },
        "south": { "uv": [ 8, 10.5, 9.5, 11 ], "texture": "#texture" },
        "west":  { "uv": [ 8.5, 11, 9, 11.5 ], "texture": "#texture" },
        "east":  { "uv": [ 4.5, 10, 5, 10.5 ], "texture": "#texture" }
    }
},
{
    "from": [ 4.5, 5, 12.5 ],
    "to": [ 5, 6, 13 ],
    "faces": {
        "down":  { "uv": [ 11, 11, 10.5, 10.5 ], "texture": "#texture" },
        "up":    { "uv": [ 4.5, 10, 5, 10.5 ], "texture": "#texture" },
        "north": { "uv": [ 10.5, 10, 11, 11 ], "texture": "#texture" },
        "south": { "uv": [ 4.5, 10, 5, 11 ], "texture": "#texture" },
        "west":  { "uv": [ 10.5, 10, 11, 11 ], "texture": "#texture" },
        "east":  { "uv": [ 4.5, 9.5, 5, 10.5 ], "texture": "#texture" }
    }
},
{
    "from": [ 10.5, 5, 12.5 ],
    "to": [ 11, 6, 13 ],
    "faces": {
        "down":  { "uv": [ 5.5, 13, 5, 12 ], "texture": "#texture" },
        "up":    { "uv": [ 10, 12, 10.5, 13 ], "texture": "#texture" },
        "north": { "uv": [ 4.5, 10, 5, 11 ], "texture": "#texture" },
        "south": { "uv": [ 10.5, 10, 11, 11 ], "texture": "#texture" },
        "west":  { "uv": [ 10.5, 10, 11, 11 ], "texture": "#texture" },
        "east":  { "uv": [ 3.5, 6.5, 4, 8.5 ], "texture": "#texture" }
    }
},
{
    "from": [ 3.5, 10, 12.5 ],
    "to": [ 7, 11, 13 ],
    "faces": {
        "down":  { "uv": [ 12, 5.5, 8.5, 5 ], "texture": "#texture" },
        "up":    { "uv": [ 3.5, 5, 7, 5.5 ], "texture": "#texture" },
        "north": { "uv": [ 8.5, 5, 12, 6 ], "texture": "#texture" },
        "south": { "uv": [ 3.5, 5, 7, 6 ], "texture": "#texture" },
        "west":  { "uv": [ 11.5, 5, 12, 6 ], "texture": "#texture" },
        "east":  { "uv": [ 3.5, 4.5, 4, 5.5 ], "texture": "#texture" }
    }
},
{
    "from": [ 3.5, 11, 12.5 ],
    "to": [ 6.5, 11.5, 13 ],
    "faces": {
        "down":  { "uv": [ 12, 5, 9, 4.5 ], "texture": "#texture" },
        "up":    { "uv": [ 3.5, 4.5, 6.5, 5 ], "texture": "#texture" },
        "north": { "uv": [ 9, 4.5, 12, 5 ], "texture": "#texture" },
        "south": { "uv": [ 3.5, 4.5, 6.5, 5 ], "texture": "#texture" },
        "west":  { "uv": [ 11.5, 4.5, 12, 5 ], "texture": "#texture" },
        "east":  { "uv": [ 3.5, 4, 4, 4.5 ], "texture": "#texture" }
    }
},
{
    "from": [ 3.5, 11.5, 12.5 ],
    "to": [ 4, 12.5, 13 ],
    "faces": {
        "down":  { "uv": [ 12, 7.5, 11.5, 7 ], "texture": "#texture" },
        "up":    { "uv": [ 3.5, 7.5, 4, 8 ], "texture": "#texture" },
        "north": { "uv": [ 11.5, 4, 12, 5 ], "texture": "#texture" },
        "south": { "uv": [ 3.5, 3.5, 4, 4.5 ], "texture": "#texture" },
        "west":  { "uv": [ 11.5, 4, 12, 5 ], "texture": "#texture" },
        "east":  { "uv": [ 3.5, 4, 4, 5 ], "texture": "#texture" }
    }
},
{
    "from": [ 4, 11.5, 12.5 ],
    "to": [ 4.5, 12, 13 ],
    "faces": {
        "down":  { "uv": [ 12, 8, 11.5, 7.5 ], "texture": "#texture" },
        "up":    { "uv": [ 4, 9, 4.5, 9.5 ], "texture": "#texture" },
        "north": { "uv": [ 11.5, 4, 12, 4.5 ], "texture": "#texture" },
        "south": { "uv": [ 3.5, 4, 4, 4.5 ], "texture": "#texture" },
        "west":  { "uv": [ 11.5, 4, 12, 4.5 ], "texture": "#texture" },
        "east":  { "uv": [ 3.5, 4, 4, 4.5 ], "texture": "#texture" }
    }
},
{
    "from": [ 5, 11.5, 12.5 ],
    "to": [ 6, 12, 13 ],
    "faces": {
        "down":  { "uv": [ 12, 8.5, 11.5, 7.5 ], "texture": "#texture" },
        "up":    { "uv": [ 5, 12.5, 5.5, 13 ], "texture": "#texture" },
        "north": { "uv": [ 3.5, 4, 4.5, 4.5 ], "texture": "#texture" },
        "south": { "uv": [ 5, 4, 6, 4.5 ], "texture": "#texture" },
        "west":  { "uv": [ 11.5, 4, 12, 4.5 ], "texture": "#texture" },
        "east":  { "uv": [ 3.5, 5, 4, 5.5 ], "texture": "#texture" }
    }
},
{
    "from": [ 5, 12, 12.5 ],
    "to": [ 5.5, 12.5, 13 ],
    "faces": {
        "down":  { "uv": [ 10.5, 13, 10, 12.5 ], "texture": "#texture" },
        "up":    { "uv": [ 5, 12.5, 5.5, 13 ], "texture": "#texture" },
        "north": { "uv": [ 10, 3.5, 10.5, 4 ], "texture": "#texture" },
        "south": { "uv": [ 5, 3.5, 5.5, 4 ], "texture": "#texture" },
        "west":  { "uv": [ 11.5, 3.5, 12, 4 ], "texture": "#texture" },
        "east":  { "uv": [ 3.5, 3.5, 4, 4 ], "texture": "#texture" }
    }
},
{
    "from": [ 7, 10, 12.5 ],
    "to": [ 7.5, 10.5, 13 ],
    "faces": {
        "down":  { "uv": [ 4, 7, 3.5, 6.5 ], "texture": "#texture" },
        "up":    { "uv": [ 7.5, 12.5, 8, 13 ], "texture": "#texture" },
        "north": { "uv": [ 8, 5.5, 8.5, 6 ], "texture": "#texture" },
        "south": { "uv": [ 7, 5.5, 7.5, 6 ], "texture": "#texture" },
        "west":  { "uv": [ 12.5, 5.5, 13, 6 ], "texture": "#texture" },
        "east":  { "uv": [ 3.5, 5, 4, 5.5 ], "texture": "#texture" }
    }
},
{
    "from": [ 8, 10, 12.5 ],
    "to": [ 8.5, 10.5, 13 ],
    "faces": {
        "down":  { "uv": [ 8, 13, 7.5, 12.5 ], "texture": "#texture" },
        "up":    { "uv": [ 7.5, 12.5, 8, 13 ], "texture": "#texture" },
        "north": { "uv": [ 8, 5.5, 8.5, 6 ], "texture": "#texture" },
        "south": { "uv": [ 8, 5.5, 8.5, 6 ], "texture": "#texture" },
        "west":  { "uv": [ 11.5, 5.5, 12, 6 ], "texture": "#texture" },
        "east":  { "uv": [ 3.5, 5.5, 4, 6 ], "texture": "#texture" }
    }
},
{
    "from": [ 8.5, 10, 12.5 ],
    "to": [ 12, 11, 13 ],
    "faces": {
        "down":  { "uv": [ 4, 6.5, 3.5, 5 ], "texture": "#texture" },
        "up":    { "uv": [ 3.5, 7, 4, 8 ], "texture": "#texture" },
        "north": { "uv": [ 3.5, 5, 4, 7.5 ], "texture": "#texture" },
        "south": { "uv": [ 8.5, 5, 12, 6 ], "texture": "#texture" },
        "west":  { "uv": [ 11.5, 5, 12, 6 ], "texture": "#texture" },
        "east":  { "uv": [ 3.5, 4.5, 4, 5.5 ], "texture": "#texture" }
    }
},
{
    "from": [ 9, 11, 12.5 ],
    "to": [ 12, 11.5, 13 ],
    "faces": {
        "down":  { "uv": [ 4, 6.5, 3.5, 7.5 ], "texture": "#texture" },
        "up":    { "uv": [ 11.5, 7, 12, 8.5 ], "texture": "#texture" },
        "north": { "uv": [ 3.5, 4.5, 6.5, 5 ], "texture": "#texture" },
        "south": { "uv": [ 9, 4.5, 12, 5 ], "texture": "#texture" },
        "west":  { "uv": [ 11.5, 4.5, 12, 5 ], "texture": "#texture" },
        "east":  { "uv": [ 3.5, 4.5, 4, 5 ], "texture": "#texture" }
    }
},
{
    "from": [ 9.5, 11.5, 12.5 ],
    "to": [ 10.5, 12, 13 ],
    "faces": {
        "down":  { "uv": [ 6, 13, 5, 12.5 ], "texture": "#texture" },
        "up":    { "uv": [ 9.5, 12.5, 10.5, 13 ], "texture": "#texture" },
        "north": { "uv": [ 5, 4, 6, 4.5 ], "texture": "#texture" },
        "south": { "uv": [ 9.5, 4, 10.5, 4.5 ], "texture": "#texture" },
        "west":  { "uv": [ 11.5, 4, 12, 4.5 ], "texture": "#texture" },
        "east":  { "uv": [ 3.5, 4, 4, 4.5 ], "texture": "#texture" }
    }
},
{
    "from": [ 10, 12, 12.5 ],
    "to": [ 10.5, 12.5, 13 ],
    "faces": {
        "down":  { "uv": [ 6, 13, 5.5, 12.5 ], "texture": "#texture" },
        "up":    { "uv": [ 10, 12.5, 10.5, 13 ], "texture": "#texture" },
        "north": { "uv": [ 5, 3.5, 5.5, 4 ], "texture": "#texture" },
        "south": { "uv": [ 10, 3.5, 10.5, 4 ], "texture": "#texture" },
        "west":  { "uv": [ 11.5, 3.5, 12, 4 ], "texture": "#texture" },
        "east":  { "uv": [ 3.5, 3.5, 4, 4 ], "texture": "#texture" }
    }
},
{
    "from": [ 11, 11.5, 12.5 ],
    "to": [ 12, 12, 13 ],
    "faces": {
        "down":  { "uv": [ 4.5, 5, 4, 5 ], "texture": "#texture" },
        "up":    { "uv": [ 11, 9.5, 11.5, 10 ], "texture": "#texture" },
        "north": { "uv": [ 3.5, 4, 4.5, 4.5 ], "texture": "#texture" },
        "south": { "uv": [ 11, 4, 12, 4.5 ], "texture": "#texture" },
        "west":  { "uv": [ 11.5, 4, 12, 4.5 ], "texture": "#texture" },
        "east":  { "uv": [ 3.5, 4, 4, 4.5 ], "texture": "#texture" }
    }
},
{
    "from": [ 11.5, 12, 12.5 ],
    "to": [ 12, 12.5, 13 ],
    "faces": {
        "down":  { "uv": [ 5.5, 13, 5, 12.5 ], "texture": "#texture" },
        "up":    { "uv": [ 10, 12.5, 10.5, 13 ], "texture": "#texture" },
        "north": { "uv": [ 3.5, 3.5, 4, 4 ], "texture": "#texture" },
        "south": { "uv": [ 11.5, 3.5, 12, 4 ], "texture": "#texture" },
        "west":  { "uv": [ 11.5, 3.5, 12, 4 ], "texture": "#texture" },
        "east":  { "uv": [ 3.5, 3.5, 4, 4 ], "texture": "#texture" }
    }
},
{
    "from": [ 4, 7.5, 12.5 ],
    "to": [ 11.5, 10, 13.5 ],
    "faces": {
        "down":  { "uv": [ 12, 8, 11.5, 5.5 ], "texture": "#texture" },
        "up":    { "uv": [ 3.5, 6.5, 11, 7.5 ], "texture": "#texture" },
        "north": { "uv": [ 4, 6, 11.5, 8.5 ], "texture": "#texture" },
        "south": { "uv": [ 4, 6, 11.5, 8.5 ], "texture": "#texture" },
        "west":  { "uv": [ 11.5, 6, 12, 8.5 ], "texture": "#texture" },
        "east":  { "uv": [ 3.5, 5.5, 4, 8 ], "texture": "#texture" }
    }
},
{
    "from": [ 4.5, 6.5, 13 ],
    "to": [ 11, 7.5, 13.5 ],
    "faces": {
        "down":  { "uv": [ 12, 8.5, 11.5, 7 ], "texture": "#texture" },
        "up":    { "uv": [ 4.5, 9.5, 11, 10 ], "texture": "#texture" },
        "north": { "uv": [ 4, 8.5, 10.5, 9.5 ], "texture": "#texture" },
        "south": { "uv": [ 4.5, 8.5, 11, 9.5 ], "texture": "#texture" },
        "west":  { "uv": [ 11.5, 7, 12, 8 ], "texture": "#texture" },
        "east":  { "uv": [ 3.5, 7, 4, 8 ], "texture": "#texture" }
    }
},
{
    "from": [ 5.5, 6, 13 ],
    "to": [ 10, 6.5, 13.5 ],
    "faces": {
        "down":  { "uv": [ 10, 10.5, 5.5, 10 ], "texture": "#texture" },
        "up":    { "uv": [ 5.5, 10, 10, 10.5 ], "texture": "#texture" },
        "north": { "uv": [ 5.5, 9.5, 10, 10 ], "texture": "#texture" },
        "south": { "uv": [ 5.5, 9.5, 10, 10 ], "texture": "#texture" },
        "west":  { "uv": [ 10.5, 10, 11, 10.5 ], "texture": "#texture" },
        "east":  { "uv": [ 4, 9.5, 4.5, 10 ], "texture": "#texture" }
    }
},
{
    "from": [ 5.5, 5.5, 13 ],
    "to": [ 10, 6, 13.5 ],
    "faces": {
        "down":  { "uv": [ 10, 10.5, 5.5, 10 ], "texture": "#texture" },
        "up":    { "uv": [ 5.5, 10, 10, 10.5 ], "texture": "#texture" },
        "north": { "uv": [ 5.5, 10, 10, 10.5 ], "texture": "#texture" },
        "south": { "uv": [ 5.5, 10, 10, 10.5 ], "texture": "#texture" },
        "west":  { "uv": [ 10.5, 10, 11, 10.5 ], "texture": "#texture" },
        "east":  { "uv": [ 4.5, 10, 5, 10.5 ], "texture": "#texture" }
    }
},
{
    "from": [ 4.5, 6, 13 ],
    "to": [ 5, 6.5, 13.5 ],
    "faces": {
        "down":  { "uv": [ 10, 13.5, 9.5, 13 ], "texture": "#texture" },
        "up":    { "uv": [ 4.5, 9.5, 5, 10 ], "texture": "#texture" },
        "north": { "uv": [ 10.5, 9.5, 11, 10 ], "texture": "#texture" },
        "south": { "uv": [ 4.5, 9.5, 5, 10 ], "texture": "#texture" },
        "west":  { "uv": [ 10.5, 9.5, 11, 10 ], "texture": "#texture" },
        "east":  { "uv": [ 4.5, 9.5, 5, 10 ], "texture": "#texture" }
    }
},
{
    "from": [ 10.5, 6, 13 ],
    "to": [ 11, 6.5, 13.5 ],
    "faces": {
        "down":  { "uv": [ 5.5, 13.5, 5, 13 ], "texture": "#texture" },
        "up":    { "uv": [ 9.5, 13, 10, 13.5 ], "texture": "#texture" },
        "north": { "uv": [ 5, 9.5, 5.5, 10 ], "texture": "#texture" },
        "south": { "uv": [ 10.5, 9.5, 11, 10 ], "texture": "#texture" },
        "west":  { "uv": [ 10.5, 9.5, 11, 10 ], "texture": "#texture" },
        "east":  { "uv": [ 4.5, 9.5, 5, 10 ], "texture": "#texture" }
    }
},
{
    "from": [ 4, 10, 13 ],
    "to": [ 6.5, 11, 13.5 ],
    "faces": {
        "down":  { "uv": [ 6.5, 5.5, 4, 5 ], "texture": "#texture" },
        "up":    { "uv": [ 4, 5, 6.5, 5.5 ], "texture": "#texture" },
        "north": { "uv": [ 9.5, 5, 12, 6 ], "texture": "#texture" },
        "south": { "uv": [ 4, 5, 6.5, 6 ], "texture": "#texture" },
        "west":  { "uv": [ 11.5, 5, 12, 6 ], "texture": "#texture" },
        "east":  { "uv": [ 3.5, 5, 4, 6 ], "texture": "#texture" }
    }
},
{
    "from": [ 4, 11, 13 ],
    "to": [ 4.5, 11.5, 13.5 ],
    "faces": {
        "down":  { "uv": [ 11.5, 5, 11, 4.5 ], "texture": "#texture" },
        "up":    { "uv": [ 3.5, 4.5, 4, 5 ], "texture": "#texture" },
        "north": { "uv": [ 11.5, 4.5, 12, 5 ], "texture": "#texture" },
        "south": { "uv": [ 4, 4.5, 4.5, 5 ], "texture": "#texture" },
        "west":  { "uv": [ 11.5, 4.5, 12, 5 ], "texture": "#texture" },
        "east":  { "uv": [ 3.5, 4.5, 4, 5 ], "texture": "#texture" }
    }
},
{
    "from": [ 5, 11, 13 ],
    "to": [ 6, 11.5, 13.5 ],
    "faces": {
        "down":  { "uv": [ 10.5, 13.5, 10, 12.5 ], "texture": "#texture" },
        "up":    { "uv": [ 5, 13, 5.5, 14 ], "texture": "#texture" },
        "north": { "uv": [ 11.5, 5, 12, 5.5 ], "texture": "#texture" },
        "south": { "uv": [ 5, 4.5, 6, 5 ], "texture": "#texture" },
        "west":  { "uv": [ 11.5, 4.5, 12, 5 ], "texture": "#texture" },
        "east":  { "uv": [ 3.5, 4.5, 4, 5 ], "texture": "#texture" }
    }
},
{
    "from": [ 6.5, 10, 13 ],
    "to": [ 7, 10.5, 13.5 ],
    "faces": {
        "down":  { "uv": [ 8, 13, 7.5, 12.5 ], "texture": "#texture" },
        "up":    { "uv": [ 5, 13, 5.5, 13.5 ], "texture": "#texture" },
        "north": { "uv": [ 9, 4.5, 9.5, 5 ], "texture": "#texture" },
        "south": { "uv": [ 6, 5.5, 6.5, 6 ], "texture": "#texture" },
        "west":  { "uv": [ 11.5, 5.5, 12, 6 ], "texture": "#texture" },
        "east":  { "uv": [ 3.5, 5, 4, 5.5 ], "texture": "#texture" }
    }
},
{
    "from": [ 9, 10, 13 ],
    "to": [ 11.5, 11, 13.5 ],
    "faces": {
        "down":  { "uv": [ 12, 8, 11.5, 6 ], "texture": "#texture" },
        "up":    { "uv": [ 3.5, 6, 4, 7.5 ], "texture": "#texture" },
        "north": { "uv": [ 4.5, 5, 7, 6 ], "texture": "#texture" },
        "south": { "uv": [ 9, 5, 11.5, 6 ], "texture": "#texture" },
        "west":  { "uv": [ 11.5, 5, 12, 6 ], "texture": "#texture" },
        "east":  { "uv": [ 3.5, 4.5, 4, 5.5 ], "texture": "#texture" }
    }
},
{
    "from": [ 9.5, 11, 13 ],
    "to": [ 10.5, 11.5, 13.5 ],
    "faces": {
        "down":  { "uv": [ 6.5, 13.5, 5.5, 13 ], "texture": "#texture" },
        "up":    { "uv": [ 11.5, 7, 12, 8 ], "texture": "#texture" },
        "north": { "uv": [ 3.5, 5, 4, 6 ], "texture": "#texture" },
        "south": { "uv": [ 9.5, 4.5, 10.5, 5 ], "texture": "#texture" },
        "west":  { "uv": [ 11.5, 4.5, 12, 5 ], "texture": "#texture" },
        "east":  { "uv": [ 3.5, 5, 4, 5.5 ], "texture": "#texture" }
    }
},
{
    "from": [ 8.5, 10, 13 ],
    "to": [ 9, 10.5, 13.5 ],
    "faces": {
        "down":  { "uv": [ 7.5, 13.5, 7, 13 ], "texture": "#texture" },
        "up":    { "uv": [ 8, 13, 8.5, 13.5 ], "texture": "#texture" },
        "north": { "uv": [ 7, 5.5, 7.5, 6 ], "texture": "#texture" },
        "south": { "uv": [ 8.5, 5.5, 9, 6 ], "texture": "#texture" },
        "west":  { "uv": [ 11.5, 5.5, 12, 6 ], "texture": "#texture" },
        "east":  { "uv": [ 3.5, 5.5, 4, 6 ], "texture": "#texture" }
    }
},
{
    "from": [ 11, 11, 13 ],
    "to": [ 11.5, 11.5, 13.5 ],
    "faces": {
        "down":  { "uv": [ 5.5, 13.5, 5, 13 ], "texture": "#texture" },
        "up":    { "uv": [ 10, 13, 10.5, 13.5 ], "texture": "#texture" },
        "north": { "uv": [ 4.5, 4.5, 5, 5 ], "texture": "#texture" },
        "south": { "uv": [ 11, 4.5, 11.5, 5 ], "texture": "#texture" },
        "west":  { "uv": [ 11.5, 4.5, 12, 5 ], "texture": "#texture" },
        "east":  { "uv": [ 3.5, 4.5, 4, 5 ], "texture": "#texture" }
    }
},
{
    "from": [ 4.5, 7.5, 13.5 ],
    "to": [ 11, 9.5, 14 ],
    "faces": {
        "down":  { "uv": [ 10.5, 6.5, 5, 6 ], "texture": "#texture" },
        "up":    { "uv": [ 4.5, 6.5, 11, 7 ], "texture": "#texture" },
        "north": { "uv": [ 5, 6.5, 11.5, 8.5 ], "texture": "#texture" },
        "south": { "uv": [ 4.5, 6.5, 11, 8.5 ], "texture": "#texture" },
        "west":  { "uv": [ 11, 6.5, 11.5, 8.5 ], "texture": "#texture" },
        "east":  { "uv": [ 4, 6, 4.5, 8 ], "texture": "#texture" }
    }
},
{
    "from": [ 5, 6.5, 13 ],
    "to": [ 10.5, 7.5, 14 ],
    "faces": {
        "down":  { "uv": [ 9.5, 7.5, 6, 6.5 ], "texture": "#texture" },
        "up":    { "uv": [ 6, 6.5, 9.5, 7.5 ], "texture": "#texture" },
        "north": { "uv": [ 5.5, 8.5, 11, 9.5 ], "texture": "#texture" },
        "south": { "uv": [ 5, 8.5, 10.5, 9.5 ], "texture": "#texture" },
        "west":  { "uv": [ 7.5, 8, 8.5, 9 ], "texture": "#texture" },
        "east":  { "uv": [ 7, 7, 8, 8 ], "texture": "#texture" }
    }
},
{
    "from": [ 6, 6, 13 ],
    "to": [ 9.5, 6.5, 14 ],
    "faces": {
        "down":  { "uv": [ 9.5, 10, 6, 9.5 ], "texture": "#texture" },
        "up":    { "uv": [ 6, 13, 9.5, 14 ], "texture": "#texture" },
        "north": { "uv": [ 6.5, 9.5, 10, 10 ], "texture": "#texture" },
        "south": { "uv": [ 6, 9.5, 9.5, 10 ], "texture": "#texture" },
        "west":  { "uv": [ 8, 9.5, 9, 10 ], "texture": "#texture" },
        "east":  { "uv": [ 6.5, 9.5, 7.5, 10 ], "texture": "#texture" }
    }
},
{
    "from": [ 6, 5.5, 13.5 ],
    "to": [ 9.5, 6, 14 ],
    "faces": {
        "down":  { "uv": [ 10, 14, 6.5, 13.5 ], "texture": "#texture" },
        "up":    { "uv": [ 6, 13.5, 9.5, 14 ], "texture": "#texture" },
        "north": { "uv": [ 6.5, 10, 10, 10.5 ], "texture": "#texture" },
        "south": { "uv": [ 6, 10, 9.5, 10.5 ], "texture": "#texture" },
        "west":  { "uv": [ 11, 8.5, 11.5, 9 ], "texture": "#texture" },
        "east":  { "uv": [ 3.5, 8, 4, 8.5 ], "texture": "#texture" }
    }
},
{
    "from": [ 6, 5, 13 ],
    "to": [ 7.5, 5.5, 14 ],
    "faces": {
        "down":  { "uv": [ 10.5, 13.5, 10, 12.5 ], "texture": "#texture" },
        "up":    { "uv": [ 6, 10.5, 6.5, 11 ], "texture": "#texture" },
        "north": { "uv": [ 8.5, 10.5, 10, 11 ], "texture": "#texture" },
        "south": { "uv": [ 6, 10.5, 7.5, 11 ], "texture": "#texture" },
        "west":  { "uv": [ 11.5, 6, 12, 7.5 ], "texture": "#texture" },
        "east":  { "uv": [ 3.5, 7, 4, 7.5 ], "texture": "#texture" }
    }
},
{
    "from": [ 8, 5, 13 ],
    "to": [ 9.5, 5.5, 14 ],
    "faces": {
        "down":  { "uv": [ 4, 7, 3.5, 6 ], "texture": "#texture" },
        "up":    { "uv": [ 8, 13, 9, 13.5 ], "texture": "#texture" },
        "north": { "uv": [ 6.5, 10.5, 8, 11 ], "texture": "#texture" },
        "south": { "uv": [ 8, 10.5, 9.5, 11 ], "texture": "#texture" },
        "west":  { "uv": [ 11.5, 7, 12, 8.5 ], "texture": "#texture" },
        "east":  { "uv": [ 3.5, 7.5, 4, 8.5 ], "texture": "#texture" }
    }
},
{
    "from": [ 6.5, 4.5, 13.5 ],
    "to": [ 7, 5, 14 ],
    "faces": {
        "down":  { "uv": [ 11, 11, 10.5, 10.5 ], "texture": "#texture" },
        "up":    { "uv": [ 6.5, 13.5, 7, 14 ], "texture": "#texture" },
        "north": { "uv": [ 9, 11, 9.5, 11.5 ], "texture": "#texture" },
        "south": { "uv": [ 6.5, 11, 7, 11.5 ], "texture": "#texture" },
        "west":  { "uv": [ 10.5, 10, 11, 10.5 ], "texture": "#texture" },
        "east":  { "uv": [ 4.5, 10.5, 5, 11 ], "texture": "#texture" }
    }
},
{
    "from": [ 8.5, 4.5, 13.5 ],
    "to": [ 9, 5, 14 ],
    "faces": {
        "down":  { "uv": [ 7, 11.5, 6.5, 11 ], "texture": "#texture" },
        "up":    { "uv": [ 8.5, 11, 9, 11.5 ], "texture": "#texture" },
        "north": { "uv": [ 6.5, 11, 7, 11.5 ], "texture": "#texture" },
        "south": { "uv": [ 8.5, 11, 9, 11.5 ], "texture": "#texture" },
        "west":  { "uv": [ 8.5, 11, 9, 11.5 ], "texture": "#texture" },
        "east":  { "uv": [ 4.5, 10.5, 5, 11 ], "texture": "#texture" }
    }
},
{
    "from": [ 4.5, 9.5, 13 ],
    "to": [ 6.5, 10.5, 14 ],
    "faces": {
        "down":  { "uv": [ 9, 7.5, 7, 6.5 ], "texture": "#texture" },
        "up":    { "uv": [ 7, 7, 9, 8 ], "texture": "#texture" },
        "north": { "uv": [ 9.5, 5.5, 11.5, 6.5 ], "texture": "#texture" },
        "south": { "uv": [ 4.5, 5.5, 6.5, 6.5 ], "texture": "#texture" },
        "west":  { "uv": [ 7.5, 7.5, 8.5, 8.5 ], "texture": "#texture" },
        "east":  { "uv": [ 7, 7, 8, 8 ], "texture": "#texture" }
    }
},
{
    "from": [ 5, 10, 13 ],
    "to": [ 6, 11, 14 ],
    "faces": {
        "down":  { "uv": [ 11, 14, 10, 13 ], "texture": "#texture" },
        "up":    { "uv": [ 5.5, 5.5, 6.5, 6.5 ], "texture": "#texture" },
        "north": { "uv": [ 10, 5, 11, 6 ], "texture": "#texture" },
        "south": { "uv": [ 5, 5, 6, 6 ], "texture": "#texture" },
        "west":  { "uv": [ 9, 5.5, 10, 6.5 ], "texture": "#texture" },
        "east":  { "uv": [ 6, 6, 7, 7 ], "texture": "#texture" }
    }
},
{
    "from": [ 6, 9, 13 ],
    "to": [ 7, 10, 14 ],
    "faces": {
        "down":  { "uv": [ 10, 14, 9, 13 ], "texture": "#texture" },
        "up":    { "uv": [ 6.5, 7, 7.5, 8 ], "texture": "#texture" },
        "north": { "uv": [ 9, 6, 10, 7 ], "texture": "#texture" },
        "south": { "uv": [ 6, 6, 7, 7 ], "texture": "#texture" },
        "west":  { "uv": [ 8.5, 6.5, 9.5, 7.5 ], "texture": "#texture" },
        "east":  { "uv": [ 6.5, 7, 7.5, 8 ], "texture": "#texture" }
    }
},
{
    "from": [ 8.5, 9, 13 ],
    "to": [ 9.5, 10, 14 ],
    "faces": {
        "down":  { "uv": [ 8, 14.5, 7, 13.5 ], "texture": "#texture" },
        "up":    { "uv": [ 7.5, 13.5, 8.5, 14.5 ], "texture": "#texture" },
        "north": { "uv": [ 6.5, 6, 7.5, 7 ], "texture": "#texture" },
        "south": { "uv": [ 8.5, 6, 9.5, 7 ], "texture": "#texture" },
        "west":  { "uv": [ 8.5, 6.5, 9.5, 7.5 ], "texture": "#texture" },
        "east":  { "uv": [ 6.5, 7, 7.5, 8 ], "texture": "#texture" }
    }
},
{
    "from": [ 9, 9.5, 13 ],
    "to": [ 11, 10.5, 14 ],
    "faces": {
        "down":  { "uv": [ 7, 14, 5, 13 ], "texture": "#texture" },
        "up":    { "uv": [ 7, 7, 9, 8 ], "texture": "#texture" },
        "north": { "uv": [ 7, 7, 9, 8 ], "texture": "#texture" },
        "south": { "uv": [ 9, 5.5, 11, 6.5 ], "texture": "#texture" },
        "west":  { "uv": [ 7, 8.5, 8, 9.5 ], "texture": "#texture" },
        "east":  { "uv": [ 7.5, 7.5, 8.5, 8.5 ], "texture": "#texture" }
    }
},
{
    "from": [ 9.5, 9.5, 13 ],
    "to": [ 10.5, 10.5, 14 ],
    "faces": {
        "down":  { "uv": [ 6.5, 14, 5.5, 13 ], "texture": "#texture" },
        "up":    { "uv": [ 9.5, 13, 10.5, 14 ], "texture": "#texture" },
        "north": { "uv": [ 5.5, 5.5, 6.5, 6.5 ], "texture": "#texture" },
        "south": { "uv": [ 9.5, 5.5, 10.5, 6.5 ], "texture": "#texture" },
        "west":  { "uv": [ 13, 5.5, 14, 6.5 ], "texture": "#texture" },
        "east":  { "uv": [ 2, 5.5, 3, 6.5 ], "texture": "#texture" }
    }
},
{
    "from": [ 9.5, 10, 13 ],
    "to": [ 10.5, 11, 14 ],
    "faces": {
        "down":  { "uv": [ 6.5, 14, 5.5, 13 ], "texture": "#texture" },
        "up":    { "uv": [ 7.5, 8.5, 8.5, 9.5 ], "texture": "#texture" },
        "north": { "uv": [ 5.5, 5, 6.5, 6 ], "texture": "#texture" },
        "south": { "uv": [ 9.5, 5, 10.5, 6 ], "texture": "#texture" },
        "west":  { "uv": [ 7, 8, 8, 9 ], "texture": "#texture" },
        "east":  { "uv": [ 7.5, 8.5, 8.5, 9.5 ], "texture": "#texture" }
    }
},
{
    "from": [ 5, 2, 12.5 ],
    "to": [ 5.5, 4, 13 ],
    "faces": {
        "down":  { "uv": [ 10.5, 13, 10, 12.5 ], "texture": "#texture" },
        "up":    { "uv": [ 5, 12.5, 5.5, 13 ], "texture": "#texture" },
        "north": { "uv": [ 10, 12, 10.5, 13.5 ], "texture": "#texture" },
        "south": { "uv": [ 5, 12, 5.5, 13.5 ], "texture": "#texture" },
        "west":  { "uv": [ 10, 12, 10.5, 13.5 ], "texture": "#texture" },
        "east":  { "uv": [ 5, 12, 5.5, 13.5 ], "texture": "#texture" }
    }
},
{
    "from": [ 10, 2, 12.5 ],
    "to": [ 10.5, 4, 13 ],
    "faces": {
        "down":  { "uv": [ 6, 13, 5.5, 12.5 ], "texture": "#texture" },
        "up":    { "uv": [ 10, 12.5, 10.5, 13 ], "texture": "#texture" },
        "north": { "uv": [ 5, 12, 5.5, 13.5 ], "texture": "#texture" },
        "south": { "uv": [ 10, 12, 10.5, 13.5 ], "texture": "#texture" },
        "west":  { "uv": [ 10, 12, 10.5, 13.5 ], "texture": "#texture" },
        "east":  { "uv": [ 5, 12, 5.5, 13.5 ], "texture": "#texture" }
    }
},
{
    "from": [ 5.5, 1.5, 12.5 ],
    "to": [ 10, 2.5, 13 ],
    "faces": {
        "down":  { "uv": [ 10, 14, 5.5, 13.5 ], "texture": "#texture" },
        "up":    { "uv": [ 5.5, 13.5, 10, 14 ], "texture": "#texture" },
        "north": { "uv": [ 5.5, 13.5, 10, 14.5 ], "texture": "#texture" },
        "south": { "uv": [ 5.5, 13.5, 10, 14.5 ], "texture": "#texture" },
        "west":  { "uv": [ 10, 12.5, 10.5, 13.5 ], "texture": "#texture" },
        "east":  { "uv": [ 5, 13, 5.5, 14 ], "texture": "#texture" }
    }
},
{
    "from": [ 6, 1, 12.5 ],
    "to": [ 9.5, 1.5, 13 ],
    "faces": {
        "down":  { "uv": [ 9.5, 14, 6, 13.5 ], "texture": "#texture" },
        "up":    { "uv": [ 6, 13.5, 9.5, 14 ], "texture": "#texture" },
        "north": { "uv": [ 6, 13.5, 9.5, 14 ], "texture": "#texture" },
        "south": { "uv": [ 6, 14.5, 9.5, 15 ], "texture": "#texture" },
        "west":  { "uv": [ 10.5, 10, 11, 10.5 ], "texture": "#texture" },
        "east":  { "uv": [ 4.5, 10, 5, 10.5 ], "texture": "#texture" }
    }
},
{
    "from": [ 6.5, 0.5, 12.5 ],
    "to": [ 9, 1, 13 ],
    "faces": {
        "down":  { "uv": [ 9, 15.5, 6.5, 15 ], "texture": "#texture" },
        "up":    { "uv": [ 6.5, 15, 9, 15.5 ], "texture": "#texture" },
        "north": { "uv": [ 6.5, 15, 9, 15.5 ], "texture": "#texture" },
        "south": { "uv": [ 6.5, 15, 9, 15.5 ], "texture": "#texture" },
        "west":  { "uv": [ 8.5, 15, 9, 15.5 ], "texture": "#texture" },
        "east":  { "uv": [ 7, 15, 7.5, 15.5 ], "texture": "#texture" }
    }
},
{
    "from": [ 5.5, 2, 12.5 ],
    "to": [ 6.5, 3, 13 ],
    "faces": {
        "down":  { "uv": [ 10.5, 13, 9.5, 12.5 ], "texture": "#texture" },
        "up":    { "uv": [ 5.5, 13, 6.5, 13.5 ], "texture": "#texture" },
        "north": { "uv": [ 9.5, 13, 10.5, 14 ], "texture": "#texture" },
        "south": { "uv": [ 5.5, 13, 6.5, 14 ], "texture": "#texture" },
        "west":  { "uv": [ 10, 13, 10.5, 14 ], "texture": "#texture" },
        "east":  { "uv": [ 5, 12.5, 5.5, 13.5 ], "texture": "#texture" }
    }
},
{
    "from": [ 5.5, 3, 12.5 ],
    "to": [ 6, 3.5, 13 ],
    "faces": {
        "down":  { "uv": [ 10.5, 13, 10, 12.5 ], "texture": "#texture" },
        "up":    { "uv": [ 5.5, 12.5, 6, 13 ], "texture": "#texture" },
        "north": { "uv": [ 10, 12.5, 10.5, 13 ], "texture": "#texture" },
        "south": { "uv": [ 5.5, 12.5, 6, 13 ], "texture": "#texture" },
        "west":  { "uv": [ 10, 13, 10.5, 13.5 ], "texture": "#texture" },
        "east":  { "uv": [ 5, 12, 5.5, 12.5 ], "texture": "#texture" }
    }
},
{
    "from": [ 9, 2.5, 12.5 ],
    "to": [ 9.5, 3, 13 ],
    "faces": {
        "down":  { "uv": [ 5.5, 13, 5, 12.5 ], "texture": "#texture" },
        "up":    { "uv": [ 9.5, 12.5, 10, 13 ], "texture": "#texture" },
        "north": { "uv": [ 7, 13, 7.5, 13.5 ], "texture": "#texture" },
        "south": { "uv": [ 9, 13, 9.5, 13.5 ], "texture": "#texture" },
        "west":  { "uv": [ 10, 13, 10.5, 13.5 ], "texture": "#texture" },
        "east":  { "uv": [ 5, 12.5, 5.5, 13 ], "texture": "#texture" }
    }
},
{
    "from": [ 9.5, 2.5, 12.5 ],
    "to": [ 10, 3.5, 13 ],
    "faces": {
        "down":  { "uv": [ 5.5, 13, 5, 12.5 ], "texture": "#texture" },
        "up":    { "uv": [ 9.5, 12.5, 10, 13 ], "texture": "#texture" },
        "north": { "uv": [ 5, 13, 5.5, 14 ], "texture": "#texture" },
        "south": { "uv": [ 9.5, 12.5, 10, 13.5 ], "texture": "#texture" },
        "west":  { "uv": [ 10, 13, 10.5, 14 ], "texture": "#texture" },
        "east":  { "uv": [ 5, 12.5, 5.5, 13.5 ], "texture": "#texture" }
    }
},
{
    "from": [ 7, 1, 13 ],
    "to": [ 8.5, 3, 13.5 ],
    "faces": {
        "down":  { "uv": [ 8.5, 13.5, 7, 13 ], "texture": "#texture" },
        "up":    { "uv": [ 7, 13, 8.5, 13.5 ], "texture": "#texture" },
        "north": { "uv": [ 7.5, 13, 9, 15 ], "texture": "#texture" },
        "south": { "uv": [ 7, 13, 8.5, 15 ], "texture": "#texture" },
        "west":  { "uv": [ 8, 13, 8.5, 15 ], "texture": "#texture" },
        "east":  { "uv": [ 7, 13, 7.5, 15 ], "texture": "#texture" }
    }
},
{
    "from": [ 7.5, 1.5, 13.5 ],
    "to": [ 8, 3.5, 14 ],
    "faces": {
        "down":  { "uv": [ 8, 13, 7.5, 12.5 ], "texture": "#texture" },
        "up":    { "uv": [ 7.5, 13, 8, 13.5 ], "texture": "#texture" },
        "north": { "uv": [ 7.5, 12.5, 8, 14.5 ], "texture": "#texture" },
        "south": { "uv": [ 7.5, 12.5, 8, 14.5 ], "texture": "#texture" },
        "west":  { "uv": [ 7.5, 12.5, 8, 14.5 ], "texture": "#texture" },
        "east":  { "uv": [ 7.5, 12.5, 8, 14.5 ], "texture": "#texture" }
    }
},
{
    "from": [ 5.5, 2, 13 ],
    "to": [ 6, 3, 13.5 ],
    "faces": {
        "down":  { "uv": [ 8, 14, 7.5, 13.5 ], "texture": "#texture" },
        "up":    { "uv": [ 5.5, 13, 6, 13.5 ], "texture": "#texture" },
        "north": { "uv": [ 10, 13, 10.5, 14 ], "texture": "#texture" },
        "south": { "uv": [ 5.5, 13, 6, 14 ], "texture": "#texture" },
        "west":  { "uv": [ 7.5, 13.5, 8, 14.5 ], "texture": "#texture" },
        "east":  { "uv": [ 8, 14, 8.5, 15 ], "texture": "#texture" }
    }
},
{
    "from": [ 6, 1.5, 13 ],
    "to": [ 6.5, 2.5, 13.5 ],
    "faces": {
        "down":  { "uv": [ 10, 14, 9.5, 13 ], "texture": "#texture" },
        "up":    { "uv": [ 6, 13.5, 6.5, 14.5 ], "texture": "#texture" },
        "north": { "uv": [ 9.5, 13.5, 10, 14.5 ], "texture": "#texture" },
        "south": { "uv": [ 6, 13.5, 6.5, 14.5 ], "texture": "#texture" },
        "west":  { "uv": [ 7, 14, 8, 15 ], "texture": "#texture" },
        "east":  { "uv": [ 7, 13.5, 8, 14.5 ], "texture": "#texture" }
    }
},
{
    "from": [ 6.5, 1, 13 ],
    "to": [ 9, 2, 13.5 ],
    "faces": {
        "down":  { "uv": [ 9, 14.5, 6.5, 14 ], "texture": "#texture" },
        "up":    { "uv": [ 6.5, 14.5, 9, 15 ], "texture": "#texture" },
        "north": { "uv": [ 7, 14, 9.5, 15 ], "texture": "#texture" },
        "south": { "uv": [ 6.5, 14, 9, 15 ], "texture": "#texture" },
        "west":  { "uv": [ 9.5, 13, 10, 14 ], "texture": "#texture" },
        "east":  { "uv": [ 5.5, 13, 6, 14 ], "texture": "#texture" }
    }
},
{
    "from": [ 9, 1.5, 13 ],
    "to": [ 9.5, 2.5, 13.5 ],
    "faces": {
        "down":  { "uv": [ 7.5, 15, 7, 14.5 ], "texture": "#texture" },
        "up":    { "uv": [ 8.5, 14, 9, 14.5 ], "texture": "#texture" },
        "north": { "uv": [ 6.5, 13.5, 7, 14.5 ], "texture": "#texture" },
        "south": { "uv": [ 9, 13.5, 9.5, 14.5 ], "texture": "#texture" },
        "west":  { "uv": [ 9.5, 13, 10, 14 ], "texture": "#texture" },
        "east":  { "uv": [ 5.5, 13, 6, 14 ], "texture": "#texture" }
    }
},
{
    "from": [ 9.5, 2, 13 ],
    "to": [ 10, 3, 13.5 ],
    "faces": {
        "down":  { "uv": [ 6.5, 13.5, 6, 13 ], "texture": "#texture" },
        "up":    { "uv": [ 9.5, 13, 10, 13.5 ], "texture": "#texture" },
        "north": { "uv": [ 6, 13, 6.5, 14 ], "texture": "#texture" },
        "south": { "uv": [ 9.5, 13, 10, 14 ], "texture": "#texture" },
        "west":  { "uv": [ 7.5, 13.5, 8, 14.5 ], "texture": "#texture" },
        "east":  { "uv": [ 7.5, 13.5, 8, 14.5 ], "texture": "#texture" }
    }
},
{
    "from": [ 7, 1.5, 13 ],
    "to": [ 8.5, 3, 14 ],
    "faces": {
        "down":  { "uv": [ 8.5, 14.5, 7, 13.5 ], "texture": "#texture" },
        "up":    { "uv": [ 7, 13, 8.5, 14 ], "texture": "#texture" },
        "north": { "uv": [ 7, 13, 8.5, 14.5 ], "texture": "#texture" },
        "south": { "uv": [ 7, 13, 8.5, 14.5 ], "texture": "#texture" },
        "west":  { "uv": [ 7.5, 13.5, 8.5, 15 ], "texture": "#texture" },
        "east":  { "uv": [ 7, 13.5, 8, 15 ], "texture": "#texture" }
    }
},
{
    "from": [ 7.5, 1, 13 ],
    "to": [ 8, 1.5, 14 ],
    "faces": {
        "down":  { "uv": [ 8.5, 14, 8, 13 ], "texture": "#texture" },
        "up":    { "uv": [ 7.5, 13, 8, 14 ], "texture": "#texture" },
        "north": { "uv": [ 8, 14.5, 8.5, 15 ], "texture": "#texture" },
        "south": { "uv": [ 7.5, 14.5, 8, 15 ], "texture": "#texture" },
        "west":  { "uv": [ 7, 14.5, 8, 15 ], "texture": "#texture" },
        "east":  { "uv": [ 7.5, 14.5, 8.5, 15 ], "texture": "#texture" }
    }
},
{
    "from": [ 2, 5.5, 12 ],
    "to": [ 13.5, 10.5, 12.5 ],
    "faces": {
        "down":  { "uv": [ 14, 12.5, 2.5, 12 ], "texture": "#texture" },
        "up":    { "uv": [ 2, 11.5, 13.5, 12 ], "texture": "#texture" },
        "north": { "uv": [ 2.5, 5.5, 3.5, 10.5 ], "texture": "#texture" },
        "south": { "uv": [ 2, 5, 13.5, 10 ], "texture": "#texture" },
        "west":  { "uv": [ 13, 6.5, 13.5, 10.5 ], "texture": "#texture" },
        "east":  { "uv": [ 2, 5.5, 2.5, 10.5 ], "texture": "#texture" }
    }
},
{
    "from": [ 2, 5, 12 ],
    "to": [ 13, 5.5, 12.5 ],
    "faces": {
        "down":  { "uv": [ 13, 11.5, 2.5, 11 ], "texture": "#texture" },
        "up":    { "uv": [ 2, 11.5, 13, 12 ], "texture": "#texture" },
        "north": { "uv": [ 2.5, 11.5, 13, 12 ], "texture": "#texture" },
        "south": { "uv": [ 2.5, 11.5, 13, 12 ], "texture": "#texture" },
        "west":  { "uv": [ 12.5, 10.5, 13, 11 ], "texture": "#texture" },
        "east":  { "uv": [ 2, 10.5, 2.5, 11 ], "texture": "#texture" }
    }
},
{
    "from": [ 2.5, 3.5, 12 ],
    "to": [ 13, 5, 12.5 ],
    "faces": {
        "down":  { "uv": [ 13, 12, 2.5, 11.5 ], "texture": "#texture" },
        "up":    { "uv": [ 2.5, 11.5, 13, 12 ], "texture": "#texture" },
        "north": { "uv": [ 3, 11.5, 13.5, 12 ], "texture": "#texture" },
        "south": { "uv": [ 2.5, 11.5, 13, 12 ], "texture": "#texture" },
        "west":  { "uv": [ 12.5, 11, 13, 12.5 ], "texture": "#texture" },
        "east":  { "uv": [ 2.5, 11, 3, 12.5 ], "texture": "#texture" }
    }
},
{
    "from": [ 3, 3, 12 ],
    "to": [ 13, 3.5, 12.5 ],
    "faces": {
        "down":  { "uv": [ 13, 12, 2.5, 11.5 ], "texture": "#texture" },
        "up":    { "uv": [ 3, 11.5, 13.5, 12 ], "texture": "#texture" },
        "north": { "uv": [ 2.5, 11.5, 13, 12 ], "texture": "#texture" },
        "south": { "uv": [ 2.5, 11.5, 13, 12 ], "texture": "#texture" },
        "west":  { "uv": [ 13, 12.5, 13.5, 13 ], "texture": "#texture" },
        "east":  { "uv": [ 3, 12.5, 3.5, 13 ], "texture": "#texture" }
    }
},
{
    "from": [ 3, 2.5, 11.5 ],
    "to": [ 13, 3, 12.5 ],
    "faces": {
        "down":  { "uv": [ 13, 12, 3, 11.5 ], "texture": "#texture" },
        "up":    { "uv": [ 3, 11.5, 13, 12 ], "texture": "#texture" },
        "north": { "uv": [ 2.5, 11.5, 13, 12 ], "texture": "#texture" },
        "south": { "uv": [ 2.5, 11.5, 13, 12 ], "texture": "#texture" },
        "west":  { "uv": [ 13, 12.5, 13.5, 13 ], "texture": "#texture" },
        "east":  { "uv": [ 3, 13, 3.5, 13.5 ], "texture": "#texture" }
    }
},
{
    "from": [ 3.5, 1.5, 11.5 ],
    "to": [ 12.5, 2.5, 12.5 ],
    "faces": {
        "down":  { "uv": [ 13, 12, 2.5, 11.5 ], "texture": "#texture" },
        "up":    { "uv": [ 2.5, 11.5, 13, 12 ], "texture": "#texture" },
        "north": { "uv": [ 2.5, 11.5, 13, 12 ], "texture": "#texture" },
        "south": { "uv": [ 3.5, 13.5, 12.5, 14.5 ], "texture": "#texture" },
        "west":  { "uv": [ 11.5, 13.5, 12, 14.5 ], "texture": "#texture" },
        "east":  { "uv": [ 3.5, 13.5, 4, 14.5 ], "texture": "#texture" }
    }
},
{
    "from": [ 4, 1, 11.5 ],
    "to": [ 11.5, 1.5, 12.5 ],
    "faces": {
        "down":  { "uv": [ 15, 11, 13, 10.5 ], "texture": "#texture" },
        "up":    { "uv": [ 2.5, 12.5, 3, 13 ], "texture": "#texture" },
        "north": { "uv": [ 4.5, 14.5, 12, 15 ], "texture": "#texture" },
        "south": { "uv": [ 4, 14.5, 11.5, 15 ], "texture": "#texture" },
        "west":  { "uv": [ 11.5, 14.5, 12.5, 15 ], "texture": "#texture" },
        "east":  { "uv": [ 3.5, 14.5, 4.5, 15 ], "texture": "#texture" }
    }
},
{
    "from": [ 4.5, 0.5, 11.5 ],
    "to": [ 11.5, 1, 12.5 ],
    "faces": {
        "down":  { "uv": [ 11.5, 15.5, 9, 15 ], "texture": "#texture" },
        "up":    { "uv": [ 4.5, 15, 6.5, 15.5 ], "texture": "#texture" },
        "north": { "uv": [ 4.5, 15, 11.5, 15.5 ], "texture": "#texture" },
        "south": { "uv": [ 4.5, 15, 11.5, 15.5 ], "texture": "#texture" },
        "west":  { "uv": [ 10, 15, 11, 15.5 ], "texture": "#texture" },
        "east":  { "uv": [ 5.5, 15, 6.5, 15.5 ], "texture": "#texture" }
    }
},
{
    "from": [ 2.5, 9.5, 12 ],
    "to": [ 14, 11.5, 12.5 ],
    "faces": {
        "down":  { "uv": [ 13, 12, 2.5, 11.5 ], "texture": "#texture" },
        "up":    { "uv": [ 2, 11.5, 13.5, 12 ], "texture": "#texture" },
        "north": { "uv": [ 2.5, 11.5, 13, 12 ], "texture": "#texture" },
        "south": { "uv": [ 2.5, 4.5, 14, 6.5 ], "texture": "#texture" },
        "west":  { "uv": [ 13, 7.5, 13.5, 9.5 ], "texture": "#texture" },
        "east":  { "uv": [ 2, 6, 2.5, 8 ], "texture": "#texture" }
    }
},
{
    "from": [ 3, 11.5, 12 ],
    "to": [ 14, 12.5, 12.5 ],
    "faces": {
        "down":  { "uv": [ 13, 12.5, 2, 12 ], "texture": "#texture" },
        "up":    { "uv": [ 2.5, 11.5, 13, 12 ], "texture": "#texture" },
        "north": { "uv": [ 2.5, 11.5, 13, 12 ], "texture": "#texture" },
        "south": { "uv": [ 3, 3.5, 14, 4.5 ], "texture": "#texture" },
        "west":  { "uv": [ 13.5, 4.5, 14, 5.5 ], "texture": "#texture" },
        "east":  { "uv": [ 2, 5.5, 2.5, 6.5 ], "texture": "#texture" }
    }
},
{
    "from": [ 3.5, 12.5, 12 ],
    "to": [ 13.5, 13, 12.5 ],
    "faces": {
        "down":  { "uv": [ 13, 12, 2.5, 11.5 ], "texture": "#texture" },
        "up":    { "uv": [ 2.5, 11.5, 13, 12 ], "texture": "#texture" },
        "north": { "uv": [ 2.5, 3, 12.5, 3.5 ], "texture": "#texture" },
        "south": { "uv": [ 3.5, 3, 13.5, 3.5 ], "texture": "#texture" },
        "west":  { "uv": [ 12.5, 3, 13, 3.5 ], "texture": "#texture" },
        "east":  { "uv": [ 3.5, 3, 4, 3.5 ], "texture": "#texture" }
    }
},
{
    "from": [ 4, 12.5, 12 ],
    "to": [ 12.5, 13.5, 12.5 ],
    "faces": {
        "down":  { "uv": [ 13, 12, 2.5, 11.5 ], "texture": "#texture" },
        "up":    { "uv": [ 2.5, 11.5, 13, 12 ], "texture": "#texture" },
        "north": { "uv": [ 3.5, 2.5, 12, 3.5 ], "texture": "#texture" },
        "south": { "uv": [ 4, 2.5, 12.5, 3.5 ], "texture": "#texture" },
        "west":  { "uv": [ 11.5, 1.5, 12, 2.5 ], "texture": "#texture" },
        "east":  { "uv": [ 4.5, 1.5, 5, 2.5 ], "texture": "#texture" }
    }
},
{
    "from": [ 13, 12.5, 12 ],
    "to": [ 13.5, 13.5, 12.5 ],
    "faces": {
        "down":  { "uv": [ 3, 12.5, 2.5, 12 ], "texture": "#texture" },
        "up":    { "uv": [ 13, 12, 13.5, 12.5 ], "texture": "#texture" },
        "north": { "uv": [ 2.5, 2.5, 3, 3.5 ], "texture": "#texture" },
        "south": { "uv": [ 13, 2.5, 13.5, 3.5 ], "texture": "#texture" },
        "west":  { "uv": [ 12, 2.5, 12.5, 3.5 ], "texture": "#texture" },
        "east":  { "uv": [ 3.5, 2.5, 4, 3.5 ], "texture": "#texture" }
    }
},
{
    "from": [ 5, 13, 12 ],
    "to": [ 12, 15, 12.5 ],
    "faces": {
        "down":  { "uv": [ 11, 12.5, 4, 12 ], "texture": "#texture" },
        "up":    { "uv": [ 5, 0.5, 7.5, 1 ], "texture": "#texture" },
        "north": { "uv": [ 4.5, 1, 11.5, 3 ], "texture": "#texture" },
        "south": { "uv": [ 5, 1, 11.5, 3 ], "texture": "#texture" },
        "west":  { "uv": [ 13, 4, 13.5, 6 ], "texture": "#texture" },
        "east":  { "uv": [ 13, 4, 13.5, 6 ], "texture": "#texture" }
    }
},
{
    "from": [ 7.5, 15, 12 ],
    "to": [ 12, 15.5, 12.5 ],
    "faces": {
        "down":  { "uv": [ 9, 12, 4.5, 11.5 ], "texture": "#texture" },
        "up":    { "uv": [ 9, 1, 11.5, 1.5 ], "texture": "#texture" },
        "north": { "uv": [ 4, 0.5, 8.5, 1 ], "texture": "#texture" },
        "south": { "uv": [ 7.5, 0.5, 11, 1 ], "texture": "#texture" },
        "west":  { "uv": [ 6.5, 1, 7, 1.5 ], "texture": "#texture" },
        "east":  { "uv": [ 11, 1, 11.5, 1.5 ], "texture": "#texture" }
    }
},
{
    "from": [ 9.5, 15.5, 12 ],
    "to": [ 11.5, 16.5, 12.5 ],
    "faces": {
        "down":  { "uv": [ 10.5, 0.5, 8.5, 0 ], "texture": "#texture" },
        "up":    { "uv": [ 8.5, 0, 10.5, 0.5 ], "texture": "#texture" },
        "north": { "uv": [ 10.5, 0, 12, 0.5 ], "texture": "#texture" },
        "south": { "uv": [ 8.5, 0, 10.5, 0.5 ], "texture": "#texture" },
        "west":  { "uv": [ 9.5, 0, 10, 0.5 ], "texture": "#texture" },
        "east":  { "uv": [ 10, 0, 10.5, 0.5 ], "texture": "#texture" }
    }
},
{
    "from": [ 9.5, 16.5, 12 ],
    "to": [ 11, 17.5, 12.5 ],
    "faces": {
        "down":  { "uv": [ 7.5, 1.5, 6, 1 ], "texture": "#texture" },
        "up":    { "uv": [ 8, 0.5, 9.5, 1 ], "texture": "#texture" },
        "north": { "uv": [ 5, 1, 6.5, 1.5 ], "texture": "#texture" },
        "south": { "uv": [ 8.5, 0, 10.5, 0.5 ], "texture": "#texture" },
        "west":  { "uv": [ 8, 0, 8.5, 0.5 ], "texture": "#texture" },
        "east":  { "uv": [ 6.5, 0, 7, 0.5 ], "texture": "#texture" }
    }
},
{
    "from": [ 10, 17.5, 12 ],
    "to": [ 10.5, 18.5, 12.5 ],
    "faces": {
        "down":  { "uv": [ 3, 12.5, 2.5, 12 ], "texture": "#texture" },
        "up":    { "uv": [ 12.5, 11.5, 13, 12 ], "texture": "#texture" },
        "north": { "uv": [ 5.5, 0, 6, 0 ], "texture": "#texture" },
        "south": { "uv": [ 9.5, 0, 10, 0.5 ], "texture": "#texture" },
        "west":  { "uv": [ 11.5, 2.5, 12, 3 ], "texture": "#texture" },
        "east":  { "uv": [ 4, 2.5, 4.5, 3 ], "texture": "#texture" }
    }
},
{
    "from": [ 0, 11.5, 11 ],
    "to": [ 0.5, 13.5, 11.5 ],
    "faces": {
        "down":  { "uv": [ 15, 11.5, 14.5, 11 ], "texture": "#texture" },
        "up":    { "uv": [ 0.5, 11, 1, 11.5 ], "texture": "#texture" },
        "north": { "uv": [ 15.5, 2.5, 16, 4.5 ], "texture": "#texture" },
        "south": { "uv": [ 0, 2.5, 0.5, 4.5 ], "texture": "#texture" },
        "west":  { "uv": [ 0, 2.5, 0.5, 4.5 ], "texture": "#texture" },
        "east":  { "uv": [ 0, 2.5, 0.5, 4.5 ], "texture": "#texture" }
    }
},
{
    "from": [ 0.5, 10.5, 11 ],
    "to": [ 1, 11.5, 11.5 ],
    "faces": {
        "down":  { "uv": [ 15.5, 11.5, 15, 11 ], "texture": "#texture" },
        "up":    { "uv": [ 0.5, 11, 1, 11.5 ], "texture": "#texture" },
        "north": { "uv": [ 15.5, 4.5, 16, 5.5 ], "texture": "#texture" },
        "south": { "uv": [ 0.5, 4.5, 1, 5.5 ], "texture": "#texture" },
        "west":  { "uv": [ 15.5, 4, 16, 5 ], "texture": "#texture" },
        "east":  { "uv": [ 0, 3.5, 0.5, 4.5 ], "texture": "#texture" }
    }
},
{
    "from": [ 0.5, 11.5, 11 ],
    "to": [ 1, 14.5, 11.5 ],
    "faces": {
        "down":  { "uv": [ 15.5, 11.5, 15, 11 ], "texture": "#texture" },
        "up":    { "uv": [ 0.5, 11, 1, 11.5 ], "texture": "#texture" },
        "north": { "uv": [ 15.5, 2, 16, 5 ], "texture": "#texture" },
        "south": { "uv": [ 0.5, 1.5, 1, 4.5 ], "texture": "#texture" },
        "west":  { "uv": [ 0.5, 1.5, 1, 4.5 ], "texture": "#texture" },
        "east":  { "uv": [ 0.5, 1.5, 1, 4.5 ], "texture": "#texture" }
    }
},
{
    "from": [ 1, 9, 11 ],
    "to": [ 1.5, 14, 11.5 ],
    "faces": {
        "down":  { "uv": [ 15, 11.5, 14.5, 11 ], "texture": "#texture" },
        "up":    { "uv": [ 1, 11, 1.5, 11.5 ], "texture": "#texture" },
        "north": { "uv": [ 15.5, 2, 16, 5.5 ], "texture": "#texture" },
        "south": { "uv": [ 1, 2, 1.5, 7 ], "texture": "#texture" },
        "west":  { "uv": [ 14, 1, 14.5, 4.5 ], "texture": "#texture" },
        "east":  { "uv": [ 0.5, 1.5, 1, 5.5 ], "texture": "#texture" }
    }
},
{
    "from": [ 1.5, 8.5, 11 ],
    "to": [ 2, 13.5, 11.5 ],
    "faces": {
        "down":  { "uv": [ 14.5, 11.5, 14, 11 ], "texture": "#texture" },
        "up":    { "uv": [ 1.5, 11, 2, 11.5 ], "texture": "#texture" },
        "north": { "uv": [ 0, 6, 0.5, 10.5 ], "texture": "#texture" },
        "south": { "uv": [ 1.5, 2.5, 2, 7.5 ], "texture": "#texture" },
        "west":  { "uv": [ 0, 6, 0.5, 10.5 ], "texture": "#texture" },
        "east":  { "uv": [ 0.5, 1.5, 1, 5.5 ], "texture": "#texture" }
    }
},
{
    "from": [ 2, 8, 11 ],
    "to": [ 2.5, 13, 11.5 ],
    "faces": {
        "down":  { "uv": [ 15.5, 11, 15, 10.5 ], "texture": "#texture" },
        "up":    { "uv": [ 1, 11, 1.5, 11.5 ], "texture": "#texture" },
        "north": { "uv": [ 0.5, 1.5, 1, 5.5 ], "texture": "#texture" },
        "south": { "uv": [ 2, 3, 2.5, 8 ], "texture": "#texture" },
        "west":  { "uv": [ 11, 3, 11.5, 8 ], "texture": "#texture" },
        "east":  { "uv": [ 4.5, 3, 5, 8 ], "texture": "#texture" }
    }
},
{
    "from": [ 2.5, 10, 11 ],
    "to": [ 3, 15, 11.5 ],
    "faces": {
        "down":  { "uv": [ 1.5, 6.5, 1, 6 ], "texture": "#texture" },
        "up":    { "uv": [ 1.5, 11.5, 2, 12 ], "texture": "#texture" },
        "north": { "uv": [ 0.5, 1.5, 1, 5.5 ], "texture": "#texture" },
        "south": { "uv": [ 2.5, 1, 3, 6 ], "texture": "#texture" },
        "west":  { "uv": [ 0.5, 1.5, 1, 5.5 ], "texture": "#texture" },
        "east":  { "uv": [ 0.5, 1.5, 1, 5.5 ], "texture": "#texture" }
    }
},
{
    "from": [ 3, 11.5, 11 ],
    "to": [ 3.5, 16.5, 11.5 ],
    "faces": {
        "down":  { "uv": [ 14, 9, 13.5, 8.5 ], "texture": "#texture" },
        "up":    { "uv": [ 0, 10, 0.5, 10.5 ], "texture": "#texture" },
        "north": { "uv": [ 11.5, 0, 12, 1.5 ], "texture": "#texture" },
        "south": { "uv": [ 3, 0.5, 3.5, 5 ], "texture": "#texture" },
        "west":  { "uv": [ 0.5, 1.5, 1, 5.5 ], "texture": "#texture" },
        "east":  { "uv": [ 0.5, 1.5, 1, 5.5 ], "texture": "#texture" }
    }
},
{
    "from": [ 3.5, 12, 11 ],
    "to": [ 4, 17, 11.5 ],
    "faces": {
        "down":  { "uv": [ 1, 2, 0.5, 1.5 ], "texture": "#texture" },
        "up":    { "uv": [ 1, 7.5, 1.5, 8 ], "texture": "#texture" },
        "north": { "uv": [ 0.5, 1.5, 1, 5.5 ], "texture": "#texture" },
        "south": { "uv": [ 3.5, 0, 4, 4 ], "texture": "#texture" },
        "west":  { "uv": [ 0.5, 1.5, 1, 5.5 ], "texture": "#texture" },
        "east":  { "uv": [ 0.5, 1.5, 1, 5.5 ], "texture": "#texture" }
    }
},
{
    "from": [ 4, 12.5, 11 ],
    "to": [ 4.5, 17.5, 11.5 ],
    "faces": {
        "down":  { "uv": [ 1, 2.5, 0.5, 2 ], "texture": "#texture" },
        "up":    { "uv": [ 0.5, 1.5, 1, 2 ], "texture": "#texture" },
        "north": { "uv": [ 0.5, 2, 1, 5.5 ], "texture": "#texture" },
        "south": { "uv": [ 4, 0, 4.5, 3.5 ], "texture": "#texture" },
        "west":  { "uv": [ 0.5, 1.5, 1, 5 ], "texture": "#texture" },
        "east":  { "uv": [ 0.5, 1.5, 1, 5 ], "texture": "#texture" }
    }
},
{
    "from": [ 4.5, 13.5, 11 ],
    "to": [ 5, 18, 11.5 ],
    "faces": {
        "down":  { "uv": [ 1, 2, 0.5, 1.5 ], "texture": "#texture" },
        "up":    { "uv": [ 0, 6, 0.5, 6.5 ], "texture": "#texture" },
        "north": { "uv": [ 0.5, 1.5, 1, 4 ], "texture": "#texture" },
        "south": { "uv": [ 11, 0, 11.5, 2.5 ], "texture": "#texture" },
        "west":  { "uv": [ 0, 6, 0.5, 8.5 ], "texture": "#texture" },
        "east":  { "uv": [ 0, 6, 0.5, 8.5 ], "texture": "#texture" }
    }
},
{
    "from": [ 5, 13.5, 11 ],
    "to": [ 5.5, 18.5, 11.5 ],
    "faces": {
        "down":  { "uv": [ 16, 7.5, 15.5, 7 ], "texture": "#texture" },
        "up":    { "uv": [ 0, 2.5, 0.5, 3 ], "texture": "#texture" },
        "north": { "uv": [ 0.5, 1.5, 1, 4 ], "texture": "#texture" },
        "south": { "uv": [ 3, 1.5, 3.5, 4 ], "texture": "#texture" },
        "west":  { "uv": [ 2.5, 1, 3, 3 ], "texture": "#texture" },
        "east":  { "uv": [ 0.5, 1.5, 1, 4 ], "texture": "#texture" }
    }
},
{
    "from": [ 5.5, 12.5, 11 ],
    "to": [ 6, 17.5, 11.5 ],
    "faces": {
        "down":  { "uv": [ 15.5, 8, 15, 7.5 ], "texture": "#texture" },
        "up":    { "uv": [ 0, 8.5, 0.5, 9 ], "texture": "#texture" },
        "north": { "uv": [ 0.5, 1.5, 1, 5 ], "texture": "#texture" },
        "south": { "uv": [ 4, 0, 4.5, 3.5 ], "texture": "#texture" },
        "west":  { "uv": [ 0.5, 1.5, 1, 5 ], "texture": "#texture" },
        "east":  { "uv": [ 2.5, 1, 3, 3 ], "texture": "#texture" }
    }
},
{
    "from": [ 6, 12, 11 ],
    "to": [ 6.5, 17, 11.5 ],
    "faces": {
        "down":  { "uv": [ 10, 11.5, 9.5, 11 ], "texture": "#texture" },
        "up":    { "uv": [ 0, 3, 0.5, 3.5 ], "texture": "#texture" },
        "north": { "uv": [ 0.5, 1.5, 1, 5.5 ], "texture": "#texture" },
        "south": { "uv": [ 2.5, 1, 3, 5 ], "texture": "#texture" },
        "west":  { "uv": [ 11, 0, 11.5, 4 ], "texture": "#texture" },
        "east":  { "uv": [ 4.5, 0, 5, 4 ], "texture": "#texture" }
    }
},
{
    "from": [ 6.5, 11, 11 ],
    "to": [ 7, 16, 11.5 ],
    "faces": {
        "down":  { "uv": [ 0.5, 3, 0, 2.5 ], "texture": "#texture" },
        "up":    { "uv": [ 0, 6, 0.5, 6.5 ], "texture": "#texture" },
        "north": { "uv": [ 0.5, 1.5, 1, 5.5 ], "texture": "#texture" },
        "south": { "uv": [ 2.5, 1, 3, 3 ], "texture": "#texture" },
        "west":  { "uv": [ 0.5, 2, 1, 5.5 ], "texture": "#texture" },
        "east":  { "uv": [ 0.5, 1.5, 1, 5.5 ], "texture": "#texture" }
    }
},
{
    "from": [ 1, 4, 11 ],
    "to": [ 1.5, 8.5, 11.5 ],
    "faces": {
        "down":  { "uv": [ 15, 11.5, 14.5, 11 ], "texture": "#texture" },
        "up":    { "uv": [ 1, 11, 1.5, 11.5 ], "texture": "#texture" },
        "north": { "uv": [ 0, 6, 0.5, 10.5 ], "texture": "#texture" },
        "south": { "uv": [ 1, 7.5, 1.5, 12 ], "texture": "#texture" },
        "west":  { "uv": [ 0, 6, 0.5, 10.5 ], "texture": "#texture" },
        "east":  { "uv": [ 0, 6, 0.5, 10.5 ], "texture": "#texture" }
    }
},
{
    "from": [ 0.5, 4.5, 11 ],
    "to": [ 1, 9, 11.5 ],
    "faces": {
        "down":  { "uv": [ 15.5, 11.5, 15, 11 ], "texture": "#texture" },
        "up":    { "uv": [ 0.5, 11, 1, 11.5 ], "texture": "#texture" },
        "north": { "uv": [ 14, 6.5, 14.5, 9.5 ], "texture": "#texture" },
        "south": { "uv": [ 0.5, 7, 1, 11.5 ], "texture": "#texture" },
        "west":  { "uv": [ 15.5, 2, 16, 5.5 ], "texture": "#texture" },
        "east":  { "uv": [ 0.5, 1.5, 1, 5.5 ], "texture": "#texture" }
    }
},
{
    "from": [ 0, 5.5, 11 ],
    "to": [ 0.5, 9.5, 11.5 ],
    "faces": {
        "down":  { "uv": [ 15.5, 11.5, 15, 11 ], "texture": "#texture" },
        "up":    { "uv": [ 0.5, 11, 1, 11.5 ], "texture": "#texture" },
        "north": { "uv": [ 15.5, 7, 16, 9.5 ], "texture": "#texture" },
        "south": { "uv": [ 0, 6.5, 0.5, 10.5 ], "texture": "#texture" },
        "west":  { "uv": [ 15.5, 2, 16, 5.5 ], "texture": "#texture" },
        "east":  { "uv": [ 0, 6, 0.5, 10 ], "texture": "#texture" }
    }
},
{
    "from": [ 1.5, 3, 11 ],
    "to": [ 2, 6, 11.5 ],
    "faces": {
        "down":  { "uv": [ 15.5, 11, 15, 10.5 ], "texture": "#texture" },
        "up":    { "uv": [ 1.5, 11, 2, 11.5 ], "texture": "#texture" },
        "north": { "uv": [ 0, 6.5, 0.5, 10 ], "texture": "#texture" },
        "south": { "uv": [ 1.5, 10, 2, 13.5 ], "texture": "#texture" },
        "west":  { "uv": [ 0, 7, 0.5, 10.5 ], "texture": "#texture" },
        "east":  { "uv": [ 0, 7, 0.5, 10.5 ], "texture": "#texture" }
    }
},
{
    "from": [ 4.5, -0.5, 11 ],
    "to": [ 11.5, 0, 11.5 ],
    "faces": {
        "down":  { "uv": [ 16, 3.5, 14, 3 ], "texture": "#texture" },
        "up":    { "uv": [ 0, 2.5, 2, 3 ], "texture": "#texture" },
        "north": { "uv": [ 0, 7, 1, 7.5 ], "texture": "#texture" },
        "south": { "uv": [ 0, 2.5, 2, 3 ], "texture": "#texture" },
        "west":  { "uv": [ 15.5, 8.5, 16, 9 ], "texture": "#texture" },
        "east":  { "uv": [ 0, 7.5, 0.5, 8 ], "texture": "#texture" }
    }
},
{
    "from": [ 11.5, 0, 11 ],
    "to": [ 12, 3.5, 11.5 ],
    "faces": {
        "down":  { "uv": [ 0.5, 10.5, 0, 10 ], "texture": "#texture" },
        "up":    { "uv": [ 15, 10.5, 15.5, 11 ], "texture": "#texture" },
        "north": { "uv": [ 0, 6.5, 0.5, 10 ], "texture": "#texture" },
        "south": { "uv": [ 11.5, 12.5, 12, 16 ], "texture": "#texture" },
        "west":  { "uv": [ 0, 7, 0.5, 10.5 ], "texture": "#texture" },
        "east":  { "uv": [ 0, 6.5, 0.5, 10 ], "texture": "#texture" }
    }
},
{
    "from": [ 12, 0.5, 11 ],
    "to": [ 12.5, 4, 11.5 ],
    "faces": {
        "down":  { "uv": [ 0.5, 10.5, 0, 10 ], "texture": "#texture" },
        "up":    { "uv": [ 15, 10.5, 15.5, 11 ], "texture": "#texture" },
        "north": { "uv": [ 0, 7, 0.5, 10.5 ], "texture": "#texture" },
        "south": { "uv": [ 3.5, 12, 4, 15.5 ], "texture": "#texture" },
        "west":  { "uv": [ 0, 7, 0.5, 10.5 ], "texture": "#texture" },
        "east":  { "uv": [ 0, 6.5, 0.5, 10 ], "texture": "#texture" }
    }
},
{
    "from": [ 12.5, 1, 11 ],
    "to": [ 13, 4.5, 11.5 ],
    "faces": {
        "down":  { "uv": [ 0.5, 10, 0, 9.5 ], "texture": "#texture" },
        "up":    { "uv": [ 0, 9.5, 0.5, 10 ], "texture": "#texture" },
        "north": { "uv": [ 0, 7, 0.5, 10.5 ], "texture": "#texture" },
        "south": { "uv": [ 12.5, 11.5, 13, 15 ], "texture": "#texture" },
        "west":  { "uv": [ 0, 7, 0.5, 10.5 ], "texture": "#texture" },
        "east":  { "uv": [ 0, 7, 0.5, 10.5 ], "texture": "#texture" }
    }
},
{
    "from": [ 13, 1.5, 11 ],
    "to": [ 13.5, 5, 11.5 ],
    "faces": {
        "down":  { "uv": [ 0.5, 10, 0, 9.5 ], "texture": "#texture" },
        "up":    { "uv": [ 15, 10.5, 15.5, 11 ], "texture": "#texture" },
        "north": { "uv": [ 0, 6.5, 0.5, 10 ], "texture": "#texture" },
        "south": { "uv": [ 13, 11, 13.5, 14.5 ], "texture": "#texture" },
        "west":  { "uv": [ 0, 7, 0.5, 10.5 ], "texture": "#texture" },
        "east":  { "uv": [ 0, 6.5, 0.5, 10 ], "texture": "#texture" }
    }
},
{
    "from": [ 13.5, 2.5, 11 ],
    "to": [ 14, 6, 11.5 ],
    "faces": {
        "down":  { "uv": [ 0.5, 9.5, 0, 9 ], "texture": "#texture" },
        "up":    { "uv": [ 15, 10.5, 15.5, 11 ], "texture": "#texture" },
        "north": { "uv": [ 0, 6, 0.5, 9.5 ], "texture": "#texture" },
        "south": { "uv": [ 13.5, 10, 14, 13.5 ], "texture": "#texture" },
        "west":  { "uv": [ 0, 6.5, 0.5, 10 ], "texture": "#texture" },
        "east":  { "uv": [ 0, 7, 0.5, 10.5 ], "texture": "#texture" }
    }
},
{
    "from": [ 14, 3.5, 11 ],
    "to": [ 14.5, 11, 11.5 ],
    "faces": {
        "down":  { "uv": [ 2, 11.5, 1.5, 11 ], "texture": "#texture" },
        "up":    { "uv": [ 14, 11, 14.5, 11.5 ], "texture": "#texture" },
        "north": { "uv": [ 0, 6, 0.5, 10 ], "texture": "#texture" },
        "south": { "uv": [ 14, 5, 14.5, 12.5 ], "texture": "#texture" },
        "west":  { "uv": [ 0, 6, 0.5, 10.5 ], "texture": "#texture" },
        "east":  { "uv": [ 0, 6, 0.5, 10.5 ], "texture": "#texture" }
    }
},
{
    "from": [ 14.5, 4, 11 ],
    "to": [ 15, 8, 11.5 ],
    "faces": {
        "down":  { "uv": [ 1.5, 11.5, 1, 11 ], "texture": "#texture" },
        "up":    { "uv": [ 14.5, 11, 15, 11.5 ], "texture": "#texture" },
        "north": { "uv": [ 0, 6.5, 0.5, 10.5 ], "texture": "#texture" },
        "south": { "uv": [ 14.5, 8, 15, 12 ], "texture": "#texture" },
        "west":  { "uv": [ 0, 6, 0.5, 10 ], "texture": "#texture" },
        "east":  { "uv": [ 0, 6, 0.5, 10 ], "texture": "#texture" }
    }
},
{
    "from": [ 15, 4.5, 11 ],
    "to": [ 15.5, 8.5, 11.5 ],
    "faces": {
        "down":  { "uv": [ 1, 11.5, 0.5, 11 ], "texture": "#texture" },
        "up":    { "uv": [ 15, 11, 15.5, 11.5 ], "texture": "#texture" },
        "north": { "uv": [ 0, 6.5, 0.5, 10.5 ], "texture": "#texture" },
        "south": { "uv": [ 15, 7.5, 15.5, 11.5 ], "texture": "#texture" },
        "west":  { "uv": [ 0, 6.5, 0.5, 10.5 ], "texture": "#texture" },
        "east":  { "uv": [ 0, 6.5, 0.5, 10.5 ], "texture": "#texture" }
    }
},
{
    "from": [ 15.5, 6.5, 11 ],
    "to": [ 16, 9, 11.5 ],
    "faces": {
        "down":  { "uv": [ 0.5, 10.5, 0, 10 ], "texture": "#texture" },
        "up":    { "uv": [ 15, 11, 15.5, 11.5 ], "texture": "#texture" },
        "north": { "uv": [ 0, 7, 0.5, 9.5 ], "texture": "#texture" },
        "south": { "uv": [ 15.5, 7, 16, 9.5 ], "texture": "#texture" },
        "west":  { "uv": [ 15.5, 7, 16, 9.5 ], "texture": "#texture" },
        "east":  { "uv": [ 0, 6.5, 0.5, 9 ], "texture": "#texture" }
    }
},
{
    "from": [ 14.5, 9, 11 ],
    "to": [ 15, 13, 11.5 ],
    "faces": {
        "down":  { "uv": [ 1.5, 11.5, 1, 11 ], "texture": "#texture" },
        "up":    { "uv": [ 14.5, 11, 15, 11.5 ], "texture": "#texture" },
        "north": { "uv": [ 0, 2.5, 0.5, 4.5 ], "texture": "#texture" },
        "south": { "uv": [ 14.5, 3, 15, 7 ], "texture": "#texture" },
        "west":  { "uv": [ 14, 1, 14.5, 3.5 ], "texture": "#texture" },
        "east":  { "uv": [ 0.5, 1.5, 1, 5.5 ], "texture": "#texture" }
    }
},
{
    "from": [ 15, 10, 11 ],
    "to": [ 15.5, 13.5, 11.5 ],
    "faces": {
        "down":  { "uv": [ 1, 11.5, 0.5, 11 ], "texture": "#texture" },
        "up":    { "uv": [ 15, 11, 15.5, 11.5 ], "texture": "#texture" },
        "north": { "uv": [ 0.5, 2, 1, 5.5 ], "texture": "#texture" },
        "south": { "uv": [ 15, 2.5, 15.5, 6 ], "texture": "#texture" },
        "west":  { "uv": [ 14, 1, 14.5, 4.5 ], "texture": "#texture" },
        "east":  { "uv": [ 0.5, 1.5, 1, 5 ], "texture": "#texture" }
    }
},
{
    "from": [ 15.5, 11, 11 ],
    "to": [ 16, 14, 11.5 ],
    "faces": {
        "down":  { "uv": [ 0.5, 10, 0, 9.5 ], "texture": "#texture" },
        "up":    { "uv": [ 15, 11, 15.5, 11.5 ], "texture": "#texture" },
        "north": { "uv": [ 0, 2.5, 0.5, 4.5 ], "texture": "#texture" },
        "south": { "uv": [ 15.5, 2, 16, 5 ], "texture": "#texture" },
        "west":  { "uv": [ 15.5, 2, 16, 5 ], "texture": "#texture" },
        "east":  { "uv": [ 0.5, 1.5, 1, 4.5 ], "texture": "#texture" }
    }
},
{
    "from": [ 12.5, 12.5, 11 ],
    "to": [ 14.5, 15, 11.5 ],
    "faces": {
        "down":  { "uv": [ 2, 8, 0, 7.5 ], "texture": "#texture" },
        "up":    { "uv": [ 14, 8, 16, 8.5 ], "texture": "#texture" },
        "north": { "uv": [ 3.5, 0, 5.5, 0.5 ], "texture": "#texture" },
        "south": { "uv": [ 12, 1.5, 14.5, 4 ], "texture": "#texture" },
        "west":  { "uv": [ 14, 1, 14.5, 3.5 ], "texture": "#texture" },
        "east":  { "uv": [ 0.5, 1.5, 1, 4 ], "texture": "#texture" }
    }
},
{
    "from": [ 8.5, 16, 11 ],
    "to": [ 12, 17.5, 11.5 ],
    "faces": {
        "down":  { "uv": [ 2, 9, 1.5, 8.5 ], "texture": "#texture" },
        "up":    { "uv": [ 1.5, 8, 2, 9 ], "texture": "#texture" },
        "north": { "uv": [ 3.5, 0, 4.5, 0.5 ], "texture": "#texture" },
        "south": { "uv": [ 3.5, 0, 4.5, 1 ], "texture": "#texture" },
        "west":  { "uv": [ 1.5, 7, 2, 8 ], "texture": "#texture" },
        "east":  { "uv": [ 1.5, 7.5, 2, 8.5 ], "texture": "#texture" }
    }
},
{
    "from": [ 9, 17, 11 ],
    "to": [ 11.5, 18.5, 11.5 ],
    "faces": {
        "down":  { "uv": [ 2, 9, 1.5, 8.5 ], "texture": "#texture" },
        "up":    { "uv": [ 1.5, 8, 2, 9 ], "texture": "#texture" },
        "north": { "uv": [ 3.5, 0, 4.5, 0.5 ], "texture": "#texture" },
        "south": { "uv": [ 3.5, 0, 4.5, 1 ], "texture": "#texture" },
        "west":  { "uv": [ 1.5, 7, 2, 8 ], "texture": "#texture" },
        "east":  { "uv": [ 1.5, 7.5, 2, 8.5 ], "texture": "#texture" }
    }
},
{
    "from": [ 7, 13.5, 11 ],
    "to": [ 13, 15, 11.5 ],
    "faces": {
        "down":  { "uv": [ 2, 9, 1.5, 8.5 ], "texture": "#texture" },
        "up":    { "uv": [ 1.5, 8, 2, 9 ], "texture": "#texture" },
        "north": { "uv": [ 3.5, 0, 4.5, 0.5 ], "texture": "#texture" },
        "south": { "uv": [ 3.5, 0, 4.5, 1 ], "texture": "#texture" },
        "west":  { "uv": [ 1.5, 7, 2, 8 ], "texture": "#texture" },
        "east":  { "uv": [ 1.5, 7.5, 2, 8.5 ], "texture": "#texture" }
    }
},
{
    "from": [ 9.5, 18, 11 ],
    "to": [ 11, 19.5, 11.5 ],
    "faces": {
        "down":  { "uv": [ 2, 9, 1.5, 8.5 ], "texture": "#texture" },
        "up":    { "uv": [ 1.5, 8, 2, 9 ], "texture": "#texture" },
        "north": { "uv": [ 3.5, 0, 4.5, 0.5 ], "texture": "#texture" },
        "south": { "uv": [ 3.5, 0, 4.5, 1 ], "texture": "#texture" },
        "west":  { "uv": [ 1.5, 7, 2, 8 ], "texture": "#texture" },
        "east":  { "uv": [ 1.5, 7.5, 2, 8.5 ], "texture": "#texture" }
    }
},
{
    "from": [ 10, 19.5, 11 ],
    "to": [ 10.5, 20, 11.5 ],
    "faces": {
        "down":  { "uv": [ 2, 9, 1.5, 8.5 ], "texture": "#texture" },
        "up":    { "uv": [ 1.5, 8, 2, 9 ], "texture": "#texture" },
        "north": { "uv": [ 3.5, 0, 4.5, 0.5 ], "texture": "#texture" },
        "south": { "uv": [ 3.5, 0, 4.5, 1 ], "texture": "#texture" },
        "west":  { "uv": [ 1.5, 7, 2, 8 ], "texture": "#texture" },
        "east":  { "uv": [ 1.5, 7.5, 2, 8.5 ], "texture": "#texture" }
    }
},
{
    "from": [ 8, 12, 11 ],
    "to": [ 8.5, 17, 11.5 ],
    "faces": {
        "down":  { "uv": [ 10, 11.5, 9.5, 11 ], "texture": "#texture" },
        "up":    { "uv": [ 0, 3, 0.5, 3.5 ], "texture": "#texture" },
        "north": { "uv": [ 0.5, 1.5, 1, 5.5 ], "texture": "#texture" },
        "south": { "uv": [ 2.5, 1, 3, 5 ], "texture": "#texture" },
        "west":  { "uv": [ 11, 0, 11.5, 4 ], "texture": "#texture" },
        "east":  { "uv": [ 4.5, 0, 5, 4 ], "texture": "#texture" }
    }
},
{
    "from": [ 7.5, 11.5, 11 ],
    "to": [ 8, 16.5, 11.5 ],
    "faces": {
        "down":  { "uv": [ 10, 11.5, 9.5, 11 ], "texture": "#texture" },
        "up":    { "uv": [ 0, 3, 0.5, 3.5 ], "texture": "#texture" },
        "north": { "uv": [ 0.5, 1.5, 1, 5.5 ], "texture": "#texture" },
        "south": { "uv": [ 2.5, 1, 3, 5 ], "texture": "#texture" },
        "west":  { "uv": [ 11, 0, 11.5, 4 ], "texture": "#texture" },
        "east":  { "uv": [ 4.5, 0, 5, 4 ], "texture": "#texture" }
    }
},
{
    "from": [ 6.5, 11.5, 11 ],
    "to": [ 7, 16.5, 11.5 ],
    "faces": {
        "down":  { "uv": [ 10, 11.5, 9.5, 11 ], "texture": "#texture" },
        "up":    { "uv": [ 0, 3, 0.5, 3.5 ], "texture": "#texture" },
        "north": { "uv": [ 0.5, 1.5, 1, 5.5 ], "texture": "#texture" },
        "south": { "uv": [ 2.5, 1, 3, 5 ], "texture": "#texture" },
        "west":  { "uv": [ 11, 0, 11.5, 4 ], "texture": "#texture" },
        "east":  { "uv": [ 4.5, 0, 5, 4 ], "texture": "#texture" }
    }
},
{
    "from": [ 13, 15, 11 ],
    "to": [ 14, 15.5, 11.5 ],
    "faces": {
        "down":  { "uv": [ 10, 11.5, 9.5, 11 ], "texture": "#texture" },
        "up":    { "uv": [ 0, 3, 0.5, 3.5 ], "texture": "#texture" },
        "north": { "uv": [ 0.5, 1.5, 1, 5.5 ], "texture": "#texture" },
        "south": { "uv": [ 2.5, 1, 3, 2 ], "texture": "#texture" },
        "west":  { "uv": [ 14, 1, 14.5, 3 ], "texture": "#texture" },
        "east":  { "uv": [ 2.5, 1, 3, 3 ], "texture": "#texture" }
    }
},
{
    "from": [ 14, 10.5, 11 ],
    "to": [ 14.5, 15.5, 11.5 ],
    "faces": {
        "down":  { "uv": [ 10, 11.5, 9.5, 11 ], "texture": "#texture" },
        "up":    { "uv": [ 0, 3, 0.5, 3.5 ], "texture": "#texture" },
        "north": { "uv": [ 0.5, 1.5, 1, 5.5 ], "texture": "#texture" },
        "south": { "uv": [ 2.5, 1, 3, 5 ], "texture": "#texture" },
        "west":  { "uv": [ 11, 0, 11.5, 4 ], "texture": "#texture" },
        "east":  { "uv": [ 0.5, 1.5, 1, 5.5 ], "texture": "#texture" }
    }
},
{
    "from": [ 15.5, 5, 11 ],
    "to": [ 16, 6.5, 11.5 ],
    "faces": {
        "down":  { "uv": [ 1, 11, 0.5, 10.5 ], "texture": "#texture" },
        "up":    { "uv": [ 15, 11, 15.5, 11.5 ], "texture": "#texture" },
        "north": { "uv": [ 0, 9, 0.5, 10.5 ], "texture": "#texture" },
        "south": { "uv": [ 15, 9.5, 15.5, 11 ], "texture": "#texture" },
        "west":  { "uv": [ 15, 9.5, 15.5, 11 ], "texture": "#texture" },
        "east":  { "uv": [ 0, 8.5, 0.5, 10 ], "texture": "#texture" }
    }
},
{
    "from": [ 2, 2.5, 11 ],
    "to": [ 2.5, 5.5, 11.5 ],
    "faces": {
        "down":  { "uv": [ 15.5, 11, 15, 10.5 ], "texture": "#texture" },
        "up":    { "uv": [ 1.5, 11, 2, 11.5 ], "texture": "#texture" },
        "north": { "uv": [ 0, 6.5, 0.5, 10 ], "texture": "#texture" },
        "south": { "uv": [ 1.5, 10, 2, 13.5 ], "texture": "#texture" },
        "west":  { "uv": [ 0, 7, 0.5, 10.5 ], "texture": "#texture" },
        "east":  { "uv": [ 0, 7, 0.5, 10.5 ], "texture": "#texture" }
    }
},
{
    "from": [ 2.5, 2, 11 ],
    "to": [ 3, 5, 11.5 ],
    "faces": {
        "down":  { "uv": [ 15.5, 11, 15, 10.5 ], "texture": "#texture" },
        "up":    { "uv": [ 1.5, 11, 2, 11.5 ], "texture": "#texture" },
        "north": { "uv": [ 0, 6.5, 0.5, 10 ], "texture": "#texture" },
        "south": { "uv": [ 1.5, 10, 2, 13.5 ], "texture": "#texture" },
        "west":  { "uv": [ 0, 7, 0.5, 10.5 ], "texture": "#texture" },
        "east":  { "uv": [ 0, 7, 0.5, 10.5 ], "texture": "#texture" }
    }
},
{
    "from": [ 4, 0, 11 ],
    "to": [ 4.5, 3, 11.5 ],
    "faces": {
        "down":  { "uv": [ 15.5, 11, 15, 10.5 ], "texture": "#texture" },
        "up":    { "uv": [ 1.5, 11, 2, 11.5 ], "texture": "#texture" },
        "north": { "uv": [ 0, 6.5, 0.5, 10 ], "texture": "#texture" },
        "south": { "uv": [ 1.5, 10, 2, 13.5 ], "texture": "#texture" },
        "west":  { "uv": [ 0, 7, 0.5, 10.5 ], "texture": "#texture" },
        "east":  { "uv": [ 0, 7, 0.5, 10.5 ], "texture": "#texture" }
    }
},
{
    "from": [ 3.5, 0.5, 11 ],
    "to": [ 4, 3.5, 11.5 ],
    "faces": {
        "down":  { "uv": [ 15.5, 11, 15, 10.5 ], "texture": "#texture" },
        "up":    { "uv": [ 1.5, 11, 2, 11.5 ], "texture": "#texture" },
        "north": { "uv": [ 0, 6.5, 0.5, 10 ], "texture": "#texture" },
        "south": { "uv": [ 1.5, 10, 2, 13.5 ], "texture": "#texture" },
        "west":  { "uv": [ 0, 7, 0.5, 10.5 ], "texture": "#texture" },
        "east":  { "uv": [ 0, 7, 0.5, 10.5 ], "texture": "#texture" }
    }
},
{
    "from": [ 3, 1, 11 ],
    "to": [ 3.5, 4, 11.5 ],
    "faces": {
        "down":  { "uv": [ 15.5, 11, 15, 10.5 ], "texture": "#texture" },
        "up":    { "uv": [ 1.5, 11, 2, 11.5 ], "texture": "#texture" },
        "north": { "uv": [ 0, 6.5, 0.5, 10 ], "texture": "#texture" },
        "south": { "uv": [ 1.5, 10, 2, 13.5 ], "texture": "#texture" },
        "west":  { "uv": [ 0, 7, 0.5, 10.5 ], "texture": "#texture" },
        "east":  { "uv": [ 0, 7, 0.5, 10.5 ], "texture": "#texture" }
    }
},
{
    "from": [ 2.5, 1.5, 11 ],
    "to": [ 3, 4.5, 11.5 ],
    "faces": {
        "down":  { "uv": [ 15.5, 11, 15, 10.5 ], "texture": "#texture" },
        "up":    { "uv": [ 1.5, 11, 2, 11.5 ], "texture": "#texture" },
        "north": { "uv": [ 0, 6.5, 0.5, 10 ], "texture": "#texture" },
        "south": { "uv": [ 1.5, 10, 2, 13.5 ], "texture": "#texture" },
        "west":  { "uv": [ 0, 7, 0.5, 10.5 ], "texture": "#texture" },
        "east":  { "uv": [ 0, 7, 0.5, 10.5 ], "texture": "#texture" }
    }
},
{
    "from": [ 2, 2, 11 ],
    "to": [ 2.5, 5, 11.5 ],
    "faces": {
        "down":  { "uv": [ 15.5, 11, 15, 10.5 ], "texture": "#texture" },
        "up":    { "uv": [ 1.5, 11, 2, 11.5 ], "texture": "#texture" },
        "north": { "uv": [ 0, 6.5, 0.5, 10 ], "texture": "#texture" },
        "south": { "uv": [ 1.5, 10, 2, 13.5 ], "texture": "#texture" },
        "west":  { "uv": [ 0, 7, 0.5, 10.5 ], "texture": "#texture" },
        "east":  { "uv": [ 0, 7, 0.5, 10.5 ], "texture": "#texture" }
    }
},
{
    "from": [ 4, 14.5, 11.5 ],
    "to": [ 4.5, 15.5, 12 ],
    "faces": {
        "down":  { "uv": [ 13.5, 12.5, 13, 11.5 ], "texture": "#texture" },
        "up":    { "uv": [ 1.5, 9.5, 2, 10.5 ], "texture": "#texture" },
        "north": { "uv": [ 8.5, 0, 9, 0.5 ], "texture": "#texture" },
        "south": { "uv": [ 5.5, 0, 6, 0.5 ], "texture": "#texture" },
        "west":  { "uv": [ 14.5, 4.5, 15, 6 ], "texture": "#texture" },
        "east":  { "uv": [ 2, 3.5, 2.5, 5.5 ], "texture": "#texture" }
    }
},
{
    "from": [ 3.5, 13.5, 11.5 ],
    "to": [ 4, 14.5, 12 ],
    "faces": {
        "down":  { "uv": [ 13.5, 11.5, 13, 10.5 ], "texture": "#texture" },
        "up":    { "uv": [ 1.5, 9.5, 2, 10.5 ], "texture": "#texture" },
        "north": { "uv": [ 8.5, 0, 9, 0.5 ], "texture": "#texture" },
        "south": { "uv": [ 5.5, 0, 6, 0.5 ], "texture": "#texture" },
        "west":  { "uv": [ 14, 4.5, 14.5, 6 ], "texture": "#texture" },
        "east":  { "uv": [ 1.5, 5.5, 2, 7.5 ], "texture": "#texture" }
    }
},
{
    "from": [ 4.5, 15.5, 11.5 ],
    "to": [ 5, 16.5, 12 ],
    "faces": {
        "down":  { "uv": [ 13.5, 12.5, 13, 11.5 ], "texture": "#texture" },
        "up":    { "uv": [ 1.5, 9.5, 2, 10.5 ], "texture": "#texture" },
        "north": { "uv": [ 8.5, 0, 9, 0.5 ], "texture": "#texture" },
        "south": { "uv": [ 5.5, 0, 6, 0.5 ], "texture": "#texture" },
        "west":  { "uv": [ 14.5, 4.5, 15, 6 ], "texture": "#texture" },
        "east":  { "uv": [ 2, 3.5, 2.5, 5.5 ], "texture": "#texture" }
    }
},
{
    "from": [ 5, 15, 11.5 ],
    "to": [ 5.5, 16, 12 ],
    "faces": {
        "down":  { "uv": [ 13.5, 12.5, 13, 11.5 ], "texture": "#texture" },
        "up":    { "uv": [ 1.5, 9.5, 2, 10.5 ], "texture": "#texture" },
        "north": { "uv": [ 8.5, 0, 9, 0.5 ], "texture": "#texture" },
        "south": { "uv": [ 5.5, 0, 6, 0.5 ], "texture": "#texture" },
        "west":  { "uv": [ 14.5, 4.5, 15, 6 ], "texture": "#texture" },
        "east":  { "uv": [ 2, 3.5, 2.5, 5.5 ], "texture": "#texture" }
    }
},
{
    "from": [ 4.5, 13.5, 12 ],
    "to": [ 5, 14.5, 12.5 ],
    "faces": {
        "down":  { "uv": [ 13.5, 9, 13, 8.5 ], "texture": "#texture" },
        "up":    { "uv": [ 2.5, 12, 3, 12.5 ], "texture": "#texture" },
        "north": { "uv": [ 11, 2, 11.5, 3 ], "texture": "#texture" },
        "south": { "uv": [ 4.5, 0.5, 5, 1.5 ], "texture": "#texture" },
        "west":  { "uv": [ 12, 2, 12.5, 3 ], "texture": "#texture" },
        "east":  { "uv": [ 3.5, 1.5, 4, 2.5 ], "texture": "#texture" }
    }
},
{
    "from": [ 12, 15.5, 11 ],
    "to": [ 12.5, 17, 11.5 ],
    "faces": {
        "down":  { "uv": [ 2, 9, 1.5, 8.5 ], "texture": "#texture" },
        "up":    { "uv": [ 1.5, 8, 2, 9 ], "texture": "#texture" },
        "north": { "uv": [ 3.5, 0, 4.5, 0.5 ], "texture": "#texture" },
        "south": { "uv": [ 3.5, 0, 4.5, 1 ], "texture": "#texture" },
        "west":  { "uv": [ 1.5, 7, 2, 8 ], "texture": "#texture" },
        "east":  { "uv": [ 1.5, 7.5, 2, 8.5 ], "texture": "#texture" }
    }
},
{
    "from": [ 13.5, 15.5, 11 ],
    "to": [ 14, 16, 11.5 ],
    "faces": {
        "down":  { "uv": [ 10, 11.5, 9.5, 11 ], "texture": "#texture" },
        "up":    { "uv": [ 0, 3, 0.5, 3.5 ], "texture": "#texture" },
        "north": { "uv": [ 0.5, 1.5, 1, 5.5 ], "texture": "#texture" },
        "south": { "uv": [ 2.5, 1, 3, 2 ], "texture": "#texture" },
        "west":  { "uv": [ 14, 1, 14.5, 3 ], "texture": "#texture" },
        "east":  { "uv": [ 2.5, 1, 3, 3 ], "texture": "#texture" }
    }
},
{
    "from": [ 2.5, 3.5, 11 ],
    "to": [ 14.5, 14, 11.5 ],
    "faces": {
        "down":  { "uv": [ 16, 3.5, 14, 3 ], "rotation": 180, "texture": "#texture" },
        "up":    { "uv": [ 0, 2.5, 2, 3 ], "rotation": 180, "texture": "#texture" },
        "north": { "uv": [ 0, 2.5, 0.5, 4.5 ], "texture": "#texture" },
        "south": { "uv": [ 2.5, 2, 14.5, 13 ], "texture": "#texture" },
        "west":  { "uv": [ 15.5, 2, 16, 5.5 ], "texture": "#texture" },
        "east":  { "uv": [ 0.5, 1.5, 1, 5.5 ], "texture": "#texture" }
    }
},
{
    "from": [ 4.5, 0, 11 ],
    "to": [ 11.5, 10.5, 11.5 ],
    "faces": {
        "down":  { "uv": [ 16, 3.5, 14, 3 ], "rotation": 180, "texture": "#texture" },
        "up":    { "uv": [ 0, 2.5, 2, 3 ], "rotation": 180, "texture": "#texture" },
        "north": { "uv": [ 0, 2.5, 0.5, 4.5 ], "texture": "#texture" },
        "south": { "uv": [ 2.5, 2, 14.5, 13 ], "texture": "#texture" },
        "west":  { "uv": [ 15.5, 2, 16, 5.5 ], "texture": "#texture" },
        "east":  { "uv": [ 0.5, 1.5, 1, 5.5 ], "texture": "#texture" }
    }
},
{
    "from": [ 4, 3, 11 ],
    "to": [ 4.5, 3.5, 11.5 ],
    "faces": {
        "down":  { "uv": [ 16, 3.5, 14, 3 ], "rotation": 180, "texture": "#texture" },
        "up":    { "uv": [ 0, 2.5, 2, 3 ], "rotation": 180, "texture": "#texture" },
        "north": { "uv": [ 0, 2.5, 0.5, 4.5 ], "texture": "#texture" },
        "south": { "uv": [ 2.5, 2, 14.5, 13 ], "texture": "#texture" },
        "west":  { "uv": [ 15.5, 2, 16, 5.5 ], "texture": "#texture" },
        "east":  { "uv": [ 0.5, 1.5, 1, 5.5 ], "texture": "#texture" }
    }
},
{
    "from": [ 2, 5.5, 11 ],
    "to": [ 2.5, 8, 11.5 ],
    "faces": {
        "down":  { "uv": [ 16, 3.5, 14, 3 ], "rotation": 180, "texture": "#texture" },
        "up":    { "uv": [ 0, 2.5, 2, 3 ], "rotation": 180, "texture": "#texture" },
        "north": { "uv": [ 0, 2.5, 0.5, 4.5 ], "texture": "#texture" },
        "south": { "uv": [ 2.5, 2, 14.5, 13 ], "texture": "#texture" },
        "west":  { "uv": [ 15.5, 2, 16, 5.5 ], "texture": "#texture" },
        "east":  { "uv": [ 0.5, 1.5, 1, 5.5 ], "texture": "#texture" }
    }
},
{
    "from": [ 1.5, 6, 11 ],
    "to": [ 2, 8.5, 11.5 ],
    "faces": {
        "down":  { "uv": [ 16, 3.5, 14, 3 ], "rotation": 180, "texture": "#texture" },
        "up":    { "uv": [ 0, 2.5, 2, 3 ], "rotation": 180, "texture": "#texture" },
        "north": { "uv": [ 0, 2.5, 0.5, 4.5 ], "texture": "#texture" },
        "south": { "uv": [ 2.5, 2, 14.5, 13 ], "texture": "#texture" },
        "west":  { "uv": [ 15.5, 2, 16, 5.5 ], "texture": "#texture" },
        "east":  { "uv": [ 0.5, 1.5, 1, 5.5 ], "texture": "#texture" }
    }
},
{
    "from": [ 2, 8.5, 2 ],
    "to": [ 3, 10, 11 ],
    "faces": {
        "down":  { "uv": [ 12, 8.5, 11.5, 4 ], "texture": "#texture" },
        "up":    { "uv": [ 3.5, 3.5, 4, 8.5 ], "texture": "#texture" },
        "north": { "uv": [ 11.5, 5.5, 12, 6.5 ], "texture": "#texture" },
        "south": { "uv": [ 3.5, 3.5, 4, 4 ], "texture": "#texture" },
        "west":  { "uv": [ 3.5, 3.5, 4, 7.5 ], "texture": "#texture" },
        "east":  { "uv": [ 3.5, 3.5, 4, 7.5 ], "texture": "#texture" }
    }
},
{
    "from": [ 2, 3.5, 2 ],
    "to": [ 3, 5, 11 ],
    "faces": {
        "down":  { "uv": [ 12, 8.5, 11.5, 4 ], "texture": "#texture" },
        "up":    { "uv": [ 3.5, 3.5, 4, 8.5 ], "texture": "#texture" },
        "north": { "uv": [ 11.5, 5.5, 12, 6.5 ], "texture": "#texture" },
        "south": { "uv": [ 3.5, 3.5, 4, 4 ], "texture": "#texture" },
        "west":  { "uv": [ 3.5, 3.5, 4, 7.5 ], "texture": "#texture" },
        "east":  { "uv": [ 3.5, 3.5, 4, 7.5 ], "texture": "#texture" }
    }
},
{
    "from": [ 13, 3.5, 2 ],
    "to": [ 14, 5, 11 ],
    "faces": {
        "down":  { "uv": [ 12, 8.5, 11.5, 4 ], "texture": "#texture" },
        "up":    { "uv": [ 3.5, 3.5, 4, 8.5 ], "texture": "#texture" },
        "north": { "uv": [ 11.5, 5.5, 12, 6.5 ], "texture": "#texture" },
        "south": { "uv": [ 3.5, 3.5, 4, 4 ], "texture": "#texture" },
        "west":  { "uv": [ 3.5, 3.5, 4, 7.5 ], "texture": "#texture" },
        "east":  { "uv": [ 3.5, 3.5, 4, 7.5 ], "texture": "#texture" }
    }
},
{
    "from": [ 13, 8.5, 2 ],
    "to": [ 14, 10, 11 ],
    "faces": {
        "down":  { "uv": [ 12, 8.5, 11.5, 4 ], "texture": "#texture" },
        "up":    { "uv": [ 3.5, 3.5, 4, 8.5 ], "texture": "#texture" },
        "north": { "uv": [ 11.5, 5.5, 12, 6.5 ], "texture": "#texture" },
        "south": { "uv": [ 3.5, 3.5, 4, 4 ], "texture": "#texture" },
        "west":  { "uv": [ 3.5, 3.5, 4, 7.5 ], "texture": "#texture" },
        "east":  { "uv": [ 3.5, 3.5, 4, 7.5 ], "texture": "#texture" }
    }
},
{
    "from": [ 2.5, 8.5, 1.5 ],
    "to": [ 13.5, 10, 2.5 ],
    "faces": {
        "down":  { "uv": [ 12, 8.5, 11.5, 4 ], "texture": "#texture" },
        "up":    { "uv": [ 3.5, 3.5, 4, 8.5 ], "texture": "#texture" },
        "north": { "uv": [ 11.5, 5.5, 12, 6.5 ], "texture": "#texture" },
        "south": { "uv": [ 3.5, 3.5, 4, 4 ], "texture": "#texture" },
        "west":  { "uv": [ 3.5, 3.5, 4, 7.5 ], "texture": "#texture" },
        "east":  { "uv": [ 3.5, 3.5, 4, 7.5 ], "texture": "#texture" }
    }
},
{
    "from": [ 2.5, 3.5, 1.5 ],
    "to": [ 13.5, 5, 2.5 ],
    "faces": {
        "down":  { "uv": [ 12, 8.5, 11.5, 4 ], "texture": "#texture" },
        "up":    { "uv": [ 3.5, 3.5, 4, 8.5 ], "texture": "#texture" },
        "north": { "uv": [ 11.5, 5.5, 12, 6.5 ], "texture": "#texture" },
        "south": { "uv": [ 3.5, 3.5, 4, 4 ], "texture": "#texture" },
        "west":  { "uv": [ 3.5, 3.5, 4, 7.5 ], "texture": "#texture" },
        "east":  { "uv": [ 3.5, 3.5, 4, 7.5 ], "texture": "#texture" }
    }
}
],
"display": {
    "head": {
        "rotation": [ 0, 180, 0 ],
        "translation": [ 0, 0.6, -1.1 ],
        "scale": [ 1.32, 1.26, 1.57 ]
    },
    "fixed": {
        "rotation": [ 0, 180, 0 ],
        "translation": [ 0, 0, 3.3 ],
        "scale": [ 1.7, 1.7, 2.02 ]
    },
    "gui": {
        "rotation": [ -30, 135, 0 ],
        "translation": [ 0, -0.8, 0 ],
        "scale": [ 1.13, 1.13, 1 ]
    }
}
}