{
"__comment": "Designed by Hypixel minecraft server with BDcraft Cubik PRO 0.90 Beta - http://bdcraft.net",
"textures": {
    "texture": "blocks/Pitch the Red Menace"
},
"elements": [ 
{
    "from": [ 3.5, 5, 7 ],
    "to": [ 12.5, 6, 9 ],
    "faces": {
        "down":  { "uv": [ 13, 9.5, 12.5, 8 ], "texture": "#texture" },
        "up":    { "uv": [ 3, 8, 3.5, 9.5 ], "texture": "#texture" },
        "north": { "uv": [ 3.5, 10, 4, 11 ], "texture": "#texture" },
        "south": { "uv": [ 3.5, 10, 12.5, 11 ], "texture": "#texture" },
        "west":  { "uv": [ 3.5, 9.5, 4, 10.5 ], "texture": "#texture" },
        "east":  { "uv": [ 3.5, 10, 4, 11 ], "texture": "#texture" }
    }
},
{
    "from": [ 4, 4, 7 ],
    "to": [ 12, 5, 9 ],
    "faces": {
        "down":  { "uv": [ 13, 9.5, 12.5, 8 ], "texture": "#texture" },
        "up":    { "uv": [ 3, 8, 3.5, 9.5 ], "texture": "#texture" },
        "north": { "uv": [ 4, 11, 4.5, 12 ], "texture": "#texture" },
        "south": { "uv": [ 4, 11, 12, 12 ], "texture": "#texture" },
        "west":  { "uv": [ 4, 11, 4.5, 12 ], "texture": "#texture" },
        "east":  { "uv": [ 3.5, 9.5, 4, 11 ], "texture": "#texture" }
    }
},
{
    "from": [ 4.5, 3, 7 ],
    "to": [ 11.5, 4, 9 ],
    "faces": {
        "down":  { "uv": [ 13, 9.5, 12.5, 8 ], "texture": "#texture" },
        "up":    { "uv": [ 3, 8, 3.5, 9.5 ], "texture": "#texture" },
        "north": { "uv": [ 4.5, 12, 5, 13 ], "texture": "#texture" },
        "south": { "uv": [ 4.5, 12, 11.5, 13 ], "texture": "#texture" },
        "west":  { "uv": [ 4.5, 12, 5, 13 ], "texture": "#texture" },
        "east":  { "uv": [ 4.5, 12, 5, 13 ], "texture": "#texture" }
    }
},
{
    "from": [ 5, 2.5, 7 ],
    "to": [ 11, 3, 9 ],
    "faces": {
        "down":  { "uv": [ 13, 9.5, 12.5, 8 ], "texture": "#texture" },
        "up":    { "uv": [ 3, 8, 3.5, 9.5 ], "texture": "#texture" },
        "north": { "uv": [ 7.5, 15.5, 8.5, 16 ], "texture": "#texture" },
        "south": { "uv": [ 5, 13, 11, 13.5 ], "texture": "#texture" },
        "west":  { "uv": [ 7.5, 15.5, 8.5, 16 ], "texture": "#texture" },
        "east":  { "uv": [ 7.5, 15.5, 8.5, 16 ], "texture": "#texture" }
    }
},
{
    "from": [ 5.5, 2, 7 ],
    "to": [ 10.5, 2.5, 9 ],
    "faces": {
        "down":  { "uv": [ 14, 6.5, 13.5, 5 ], "texture": "#texture" },
        "up":    { "uv": [ 2, 5, 2.5, 6.5 ], "texture": "#texture" },
        "north": { "uv": [ 7.5, 15.5, 8.5, 16 ], "texture": "#texture" },
        "south": { "uv": [ 5.5, 13.5, 10.5, 14 ], "texture": "#texture" },
        "west":  { "uv": [ 7.5, 15.5, 8.5, 16 ], "texture": "#texture" },
        "east":  { "uv": [ 7.5, 15.5, 8.5, 16 ], "texture": "#texture" }
    }
},
{
    "from": [ 6, 1.5, 7.5 ],
    "to": [ 10, 2, 9 ],
    "faces": {
        "down":  { "uv": [ 13, 9.5, 12.5, 8 ], "texture": "#texture" },
        "up":    { "uv": [ 1.5, 2, 2, 3.5 ], "texture": "#texture" },
        "north": { "uv": [ 7.5, 15.5, 8.5, 16 ], "texture": "#texture" },
        "south": { "uv": [ 6, 14, 10, 14.5 ], "texture": "#texture" },
        "west":  { "uv": [ 7.5, 15.5, 8.5, 16 ], "texture": "#texture" },
        "east":  { "uv": [ 7.5, 15.5, 8.5, 16 ], "texture": "#texture" }
    }
},
{
    "from": [ 6.5, 1, 7.5 ],
    "to": [ 9.5, 1.5, 9 ],
    "faces": {
        "down":  { "uv": [ 13, 9.5, 12.5, 8 ], "texture": "#texture" },
        "up":    { "uv": [ 2.5, 6.5, 3, 8 ], "texture": "#texture" },
        "north": { "uv": [ 7.5, 15.5, 8.5, 16 ], "texture": "#texture" },
        "south": { "uv": [ 6.5, 14.5, 9.5, 15 ], "texture": "#texture" },
        "west":  { "uv": [ 7.5, 15.5, 8.5, 16 ], "texture": "#texture" },
        "east":  { "uv": [ 7.5, 15.5, 8.5, 16 ], "texture": "#texture" }
    }
},
{
    "from": [ 7, 0.5, 8 ],
    "to": [ 9, 1, 9 ],
    "faces": {
        "down":  { "uv": [ 13, 9.5, 12.5, 8 ], "texture": "#texture" },
        "up":    { "uv": [ 1.5, 2.5, 2, 4 ], "texture": "#texture" },
        "north": { "uv": [ 7.5, 15.5, 8.5, 16 ], "texture": "#texture" },
        "south": { "uv": [ 7, 15, 9, 15.5 ], "texture": "#texture" },
        "west":  { "uv": [ 7.5, 15.5, 8.5, 16 ], "texture": "#texture" },
        "east":  { "uv": [ 7.5, 15.5, 8.5, 16 ], "texture": "#texture" }
    }
},
{
    "from": [ 7.5, 0, 8 ],
    "to": [ 8.5, 0.5, 9 ],
    "faces": {
        "down":  { "uv": [ 8.5, 16, 7.5, 15.5 ], "texture": "#texture" },
        "up":    { "uv": [ 1.5, 2.5, 2.5, 3 ], "texture": "#texture" },
        "north": { "uv": [ 7.5, 15.5, 8.5, 16 ], "texture": "#texture" },
        "south": { "uv": [ 7.5, 15.5, 8.5, 16 ], "texture": "#texture" },
        "west":  { "uv": [ 7.5, 15.5, 8.5, 16 ], "texture": "#texture" },
        "east":  { "uv": [ 7.5, 15.5, 8.5, 16 ], "texture": "#texture" }
    }
},
{
    "from": [ 3.5, 6, 7 ],
    "to": [ 12.5, 6.5, 9 ],
    "faces": {
        "down":  { "uv": [ 13, 9.5, 12.5, 8 ], "texture": "#texture" },
        "up":    { "uv": [ 3, 8, 3.5, 9.5 ], "texture": "#texture" },
        "north": { "uv": [ 3.5, 9.5, 4, 10.5 ], "texture": "#texture" },
        "south": { "uv": [ 3.5, 9.5, 12.5, 10 ], "texture": "#texture" },
        "west":  { "uv": [ 13.5, 2.5, 14.5, 3 ], "texture": "#texture" },
        "east":  { "uv": [ 1.5, 2.5, 2.5, 3 ], "texture": "#texture" }
    }
},
{
    "from": [ 3, 6.5, 7 ],
    "to": [ 13, 7, 9 ],
    "faces": {
        "down":  { "uv": [ 13, 9.5, 12.5, 8 ], "texture": "#texture" },
        "up":    { "uv": [ 3, 8, 3.5, 9.5 ], "texture": "#texture" },
        "north": { "uv": [ 3, 9, 3.5, 9.5 ], "texture": "#texture" },
        "south": { "uv": [ 3, 9, 13, 9.5 ], "texture": "#texture" },
        "west":  { "uv": [ 1.5, 2.5, 2.5, 3 ], "texture": "#texture" },
        "east":  { "uv": [ 1.5, 2.5, 2.5, 3 ], "texture": "#texture" }
    }
},
{
    "from": [ 3, 7, 7 ],
    "to": [ 13, 7.5, 9 ],
    "faces": {
        "down":  { "uv": [ 13, 9.5, 12.5, 8.5 ], "texture": "#texture" },
        "up":    { "uv": [ 3, 8, 3.5, 9.5 ], "texture": "#texture" },
        "north": { "uv": [ 3, 8.5, 3.5, 9.5 ], "texture": "#texture" },
        "south": { "uv": [ 3, 8.5, 13, 9 ], "texture": "#texture" },
        "west":  { "uv": [ 13.5, 2.5, 14.5, 3 ], "texture": "#texture" },
        "east":  { "uv": [ 1.5, 2.5, 2.5, 3 ], "texture": "#texture" }
    }
},
{
    "from": [ 3, 7.5, 7 ],
    "to": [ 13, 8, 9 ],
    "faces": {
        "down":  { "uv": [ 13, 9.5, 12.5, 8 ], "texture": "#texture" },
        "up":    { "uv": [ 3, 8, 3.5, 9.5 ], "texture": "#texture" },
        "north": { "uv": [ 3, 8, 3.5, 9 ], "texture": "#texture" },
        "south": { "uv": [ 3, 8, 13, 8.5 ], "texture": "#texture" },
        "west":  { "uv": [ 13.5, 2.5, 14.5, 3 ], "texture": "#texture" },
        "east":  { "uv": [ 1.5, 2.5, 2.5, 3 ], "texture": "#texture" }
    }
},
{
    "from": [ 2.5, 8, 7 ],
    "to": [ 13.5, 9, 9 ],
    "faces": {
        "down":  { "uv": [ 13, 9.5, 12.5, 8 ], "texture": "#texture" },
        "up":    { "uv": [ 3, 8, 3.5, 9.5 ], "texture": "#texture" },
        "north": { "uv": [ 2.5, 7, 3, 8 ], "texture": "#texture" },
        "south": { "uv": [ 2.5, 7, 13.5, 8 ], "texture": "#texture" },
        "west":  { "uv": [ 1.5, 3, 2, 4 ], "texture": "#texture" },
        "east":  { "uv": [ 2.5, 6.5, 3, 7.5 ], "texture": "#texture" }
    }
},
{
    "from": [ 2.5, 9, 7 ],
    "to": [ 13.5, 9.5, 9 ],
    "faces": {
        "down":  { "uv": [ 13, 9.5, 12.5, 8 ], "texture": "#texture" },
        "up":    { "uv": [ 3, 8, 3.5, 9.5 ], "texture": "#texture" },
        "north": { "uv": [ 2.5, 6.5, 3, 7.5 ], "texture": "#texture" },
        "south": { "uv": [ 2.5, 6.5, 13.5, 7 ], "texture": "#texture" },
        "west":  { "uv": [ 1.5, 2.5, 2.5, 3 ], "texture": "#texture" },
        "east":  { "uv": [ 1.5, 2.5, 2.5, 3 ], "texture": "#texture" }
    }
},
{
    "from": [ 2, 9.5, 7 ],
    "to": [ 14, 10.5, 9 ],
    "faces": {
        "down":  { "uv": [ 13.5, 8, 2.5, 6.5 ], "texture": "#texture" },
        "up":    { "uv": [ 2, 4.5, 2.5, 5.5 ], "texture": "#texture" },
        "north": { "uv": [ 2, 5.5, 2.5, 6.5 ], "texture": "#texture" },
        "south": { "uv": [ 2, 5.5, 14, 6.5 ], "texture": "#texture" },
        "west":  { "uv": [ 2, 5, 2.5, 6 ], "texture": "#texture" },
        "east":  { "uv": [ 2, 5, 2.5, 6 ], "texture": "#texture" }
    }
},
{
    "from": [ 2, 10.5, 7 ],
    "to": [ 5, 11, 9 ],
    "faces": {
        "down":  { "uv": [ 13, 9.5, 12.5, 8 ], "texture": "#texture" },
        "up":    { "uv": [ 3, 8, 3.5, 9.5 ], "texture": "#texture" },
        "north": { "uv": [ 11, 5, 11.5, 5.5 ], "texture": "#texture" },
        "south": { "uv": [ 2, 5, 5, 5.5 ], "texture": "#texture" },
        "west":  { "uv": [ 1.5, 2.5, 2.5, 3 ], "texture": "#texture" },
        "east":  { "uv": [ 1.5, 2.5, 2.5, 3 ], "texture": "#texture" }
    }
},
{
    "from": [ 2, 11, 7.5 ],
    "to": [ 4.5, 11.5, 9 ],
    "faces": {
        "down":  { "uv": [ 13, 9.5, 13, 8.5 ], "texture": "#texture" },
        "up":    { "uv": [ 3, 8, 3.5, 9.5 ], "texture": "#texture" },
        "north": { "uv": [ 11.5, 4.5, 12, 5 ], "texture": "#texture" },
        "south": { "uv": [ 2, 4.5, 4.5, 5 ], "texture": "#texture" },
        "west":  { "uv": [ 1.5, 2.5, 2.5, 3 ], "texture": "#texture" },
        "east":  { "uv": [ 1.5, 2.5, 2.5, 3 ], "texture": "#texture" }
    }
},
{
    "from": [ 2, 11.5, 8 ],
    "to": [ 4, 12, 9 ],
    "faces": {
        "down":  { "uv": [ 13, 9.5, 12.5, 8 ], "texture": "#texture" },
        "up":    { "uv": [ 3, 8, 3.5, 9.5 ], "texture": "#texture" },
        "north": { "uv": [ 12, 4, 12.5, 4.5 ], "texture": "#texture" },
        "south": { "uv": [ 2, 4, 4, 4.5 ], "texture": "#texture" },
        "west":  { "uv": [ 1.5, 2.5, 2.5, 3 ], "texture": "#texture" },
        "east":  { "uv": [ 1.5, 2.5, 2.5, 3 ], "texture": "#texture" }
    }
},
{
    "from": [ 1.5, 12, 8.5 ],
    "to": [ 3.5, 12.5, 9 ],
    "faces": {
        "down":  { "uv": [ 13, 9.5, 12.5, 8 ], "texture": "#texture" },
        "up":    { "uv": [ 3, 8, 3.5, 9.5 ], "texture": "#texture" },
        "north": { "uv": [ 13.5, 2.5, 14.5, 3 ], "texture": "#texture" },
        "south": { "uv": [ 1.5, 3.5, 3.5, 4 ], "texture": "#texture" },
        "west":  { "uv": [ 1.5, 2.5, 2.5, 3 ], "texture": "#texture" },
        "east":  { "uv": [ 1.5, 2.5, 2.5, 3 ], "texture": "#texture" }
    }
},
{
    "from": [ 1.5, 12.5, 8.5 ],
    "to": [ 3, 13, 9 ],
    "faces": {
        "down":  { "uv": [ 13, 9.5, 12.5, 8.5 ], "texture": "#texture" },
        "up":    { "uv": [ 3, 8, 3.5, 9.5 ], "texture": "#texture" },
        "north": { "uv": [ 13, 3, 13.5, 3.5 ], "texture": "#texture" },
        "south": { "uv": [ 1.5, 3, 3, 3.5 ], "texture": "#texture" },
        "west":  { "uv": [ 1.5, 2.5, 2.5, 3 ], "texture": "#texture" },
        "east":  { "uv": [ 1.5, 2.5, 2.5, 3 ], "texture": "#texture" }
    }
},
{
    "from": [ 1.5, 13, 8.5 ],
    "to": [ 2.5, 13.5, 9 ],
    "faces": {
        "down":  { "uv": [ 13, 9.5, 12.5, 8 ], "texture": "#texture" },
        "up":    { "uv": [ 3, 8, 3.5, 9.5 ], "texture": "#texture" },
        "north": { "uv": [ 13.5, 2.5, 14.5, 3 ], "texture": "#texture" },
        "south": { "uv": [ 1.5, 2.5, 2.5, 3 ], "texture": "#texture" },
        "west":  { "uv": [ 1.5, 2.5, 2.5, 3 ], "texture": "#texture" },
        "east":  { "uv": [ 1.5, 2.5, 2.5, 3 ], "texture": "#texture" }
    }
},
{
    "from": [ 1.5, 13.5, 8.5 ],
    "to": [ 2, 14, 9 ],
    "faces": {
        "down":  { "uv": [ 13, 9.5, 12.5, 8 ], "texture": "#texture" },
        "up":    { "uv": [ 3, 8, 3.5, 9.5 ], "texture": "#texture" },
        "north": { "uv": [ 14, 2, 14.5, 2.5 ], "texture": "#texture" },
        "south": { "uv": [ 1.5, 2, 2, 2.5 ], "texture": "#texture" },
        "west":  { "uv": [ 13.5, 2.5, 14.5, 3 ], "texture": "#texture" },
        "east":  { "uv": [ 13.5, 2.5, 14.5, 3 ], "texture": "#texture" }
    }
},
{
    "from": [ 11, 10.5, 7 ],
    "to": [ 14, 11, 9 ],
    "faces": {
        "down":  { "uv": [ 3.5, 9.5, 3, 8 ], "texture": "#texture" },
        "up":    { "uv": [ 12.5, 8, 13, 9.5 ], "texture": "#texture" },
        "north": { "uv": [ 2, 5, 2.5, 5.5 ], "texture": "#texture" },
        "south": { "uv": [ 11, 5, 14, 5.5 ], "texture": "#texture" },
        "west":  { "uv": [ 1.5, 2.5, 2.5, 3 ], "texture": "#texture" },
        "east":  { "uv": [ 1.5, 2.5, 2, 3 ], "texture": "#texture" }
    }
},
{
    "from": [ 11.5, 11, 7.5 ],
    "to": [ 14, 11.5, 9 ],
    "faces": {
        "down":  { "uv": [ 3.5, 9.5, 3, 8 ], "texture": "#texture" },
        "up":    { "uv": [ 12.5, 8, 13, 9.5 ], "texture": "#texture" },
        "north": { "uv": [ 2, 4.5, 2.5, 5 ], "texture": "#texture" },
        "south": { "uv": [ 11.5, 4.5, 14, 5 ], "texture": "#texture" },
        "west":  { "uv": [ 14, 2, 14.5, 2.5 ], "texture": "#texture" },
        "east":  { "uv": [ 13.5, 2.5, 14.5, 3 ], "texture": "#texture" }
    }
},
{
    "from": [ 12, 11.5, 8 ],
    "to": [ 14, 12, 9 ],
    "faces": {
        "down":  { "uv": [ 3.5, 9.5, 3, 8 ], "texture": "#texture" },
        "up":    { "uv": [ 12.5, 8, 13, 9.5 ], "texture": "#texture" },
        "north": { "uv": [ 1.5, 2.5, 2.5, 3 ], "texture": "#texture" },
        "south": { "uv": [ 12, 4, 14, 4.5 ], "texture": "#texture" },
        "west":  { "uv": [ 1.5, 2.5, 2.5, 3 ], "texture": "#texture" },
        "east":  { "uv": [ 1.5, 2.5, 2, 3 ], "texture": "#texture" }
    }
},
{
    "from": [ 12.5, 12, 8.5 ],
    "to": [ 14.5, 12.5, 9 ],
    "faces": {
        "down":  { "uv": [ 3.5, 9.5, 3, 8 ], "texture": "#texture" },
        "up":    { "uv": [ 12.5, 8, 13, 9.5 ], "texture": "#texture" },
        "north": { "uv": [ 1.5, 3.5, 2, 4 ], "texture": "#texture" },
        "south": { "uv": [ 12.5, 3.5, 14.5, 4 ], "texture": "#texture" },
        "west":  { "uv": [ 1.5, 2.5, 2.5, 3 ], "texture": "#texture" },
        "east":  { "uv": [ 1.5, 2.5, 2.5, 2.5 ], "texture": "#texture" }
    }
},
{
    "from": [ 13, 12.5, 8.5 ],
    "to": [ 14.5, 13, 9 ],
    "faces": {
        "down":  { "uv": [ 3, 9, 1.5, 7.5 ], "texture": "#texture" },
        "up":    { "uv": [ 12.5, 8, 13, 9.5 ], "texture": "#texture" },
        "north": { "uv": [ 1.5, 3, 2, 3.5 ], "texture": "#texture" },
        "south": { "uv": [ 13, 3, 14.5, 3.5 ], "texture": "#texture" },
        "west":  { "uv": [ 1.5, 3.5, 2, 4 ], "texture": "#texture" },
        "east":  { "uv": [ 1.5, 2.5, 2.5, 3 ], "texture": "#texture" }
    }
},
{
    "from": [ 13.5, 13, 8.5 ],
    "to": [ 14.5, 13.5, 9 ],
    "faces": {
        "down":  { "uv": [ 3.5, 9.5, 3, 8 ], "texture": "#texture" },
        "up":    { "uv": [ 12.5, 8, 13, 9.5 ], "texture": "#texture" },
        "north": { "uv": [ 1.5, 2.5, 2.5, 3 ], "texture": "#texture" },
        "south": { "uv": [ 13.5, 2.5, 14.5, 3 ], "texture": "#texture" },
        "west":  { "uv": [ 2, 4.5, 2.5, 5.5 ], "texture": "#texture" },
        "east":  { "uv": [ 1.5, 3.5, 2, 4 ], "texture": "#texture" }
    }
},
{
    "from": [ 14, 13.5, 8.5 ],
    "to": [ 14.5, 14, 9 ],
    "faces": {
        "down":  { "uv": [ 14.5, 4, 14, 2.5 ], "texture": "#texture" },
        "up":    { "uv": [ 1.5, 2, 2, 3.5 ], "texture": "#texture" },
        "north": { "uv": [ 14, 2, 14.5, 2.5 ], "texture": "#texture" },
        "south": { "uv": [ 1.5, 2, 2, 2.5 ], "texture": "#texture" },
        "west":  { "uv": [ 1.5, 2, 2, 2.5 ], "texture": "#texture" },
        "east":  { "uv": [ 1.5, 2, 2, 2.5 ], "texture": "#texture" }
    }
},
{
    "from": [ 5, 10, 7.5 ],
    "to": [ 11, 10.5, 9.5 ],
    "faces": {
        "down":  { "uv": [ 8.5, 9, 7.5, 8.5 ], "texture": "#texture" },
        "up":    { "uv": [ 6.5, 7.5, 7, 8 ], "texture": "#texture" },
        "north": { "uv": [ 5, 5.5, 11, 6 ], "texture": "#texture" },
        "south": { "uv": [ 5, 5.5, 11, 6 ], "texture": "#texture" },
        "west":  { "uv": [ 7.5, 1.5, 8.5, 2 ], "texture": "#texture" },
        "east":  { "uv": [ 5, 5.5, 5.5, 6 ], "texture": "#texture" }
    }
},
{
    "from": [ 5.5, 9.5, 7.5 ],
    "to": [ 10.5, 10, 9.5 ],
    "faces": {
        "down":  { "uv": [ 9.5, 8, 9, 7 ], "texture": "#texture" },
        "up":    { "uv": [ 6.5, 7.5, 7, 8 ], "texture": "#texture" },
        "north": { "uv": [ 5.5, 6, 10.5, 6.5 ], "texture": "#texture" },
        "south": { "uv": [ 5.5, 6, 10.5, 6.5 ], "texture": "#texture" },
        "west":  { "uv": [ 5, 5.5, 5.5, 6 ], "texture": "#texture" },
        "east":  { "uv": [ 7.5, 1.5, 8.5, 2 ], "texture": "#texture" }
    }
},
{
    "from": [ 6, 9, 7.5 ],
    "to": [ 10, 9.5, 9.5 ],
    "faces": {
        "down":  { "uv": [ 8.5, 9, 7.5, 8.5 ], "texture": "#texture" },
        "up":    { "uv": [ 6.5, 7, 7, 8 ], "texture": "#texture" },
        "north": { "uv": [ 6, 6.5, 10, 7 ], "texture": "#texture" },
        "south": { "uv": [ 6, 6.5, 10, 7 ], "texture": "#texture" },
        "west":  { "uv": [ 6, 6.5, 6.5, 7 ], "texture": "#texture" },
        "east":  { "uv": [ 6, 6.5, 6.5, 7 ], "texture": "#texture" }
    }
},
{
    "from": [ 6.5, 8, 7.5 ],
    "to": [ 9.5, 9, 9.5 ],
    "faces": {
        "down":  { "uv": [ 9.5, 8, 9, 7.5 ], "texture": "#texture" },
        "up":    { "uv": [ 6.5, 7.5, 7, 8 ], "texture": "#texture" },
        "north": { "uv": [ 6.5, 7, 7, 8 ], "texture": "#texture" },
        "south": { "uv": [ 6.5, 7, 9.5, 8 ], "texture": "#texture" },
        "west":  { "uv": [ 6.5, 7, 7, 8 ], "texture": "#texture" },
        "east":  { "uv": [ 6.5, 7, 7, 8 ], "texture": "#texture" }
    }
},
{
    "from": [ 7, 7.5, 7.5 ],
    "to": [ 9, 8, 9.5 ],
    "faces": {
        "down":  { "uv": [ 8.5, 9, 7.5, 8.5 ], "texture": "#texture" },
        "up":    { "uv": [ 7.5, 8.5, 8.5, 9 ], "texture": "#texture" },
        "north": { "uv": [ 7, 8, 9, 8.5 ], "texture": "#texture" },
        "south": { "uv": [ 7, 8, 9, 8.5 ], "texture": "#texture" },
        "west":  { "uv": [ 7.5, 8.5, 8.5, 9 ], "texture": "#texture" },
        "east":  { "uv": [ 7.5, 8.5, 8.5, 9 ], "texture": "#texture" }
    }
},
{
    "from": [ 7.5, 7, 7.5 ],
    "to": [ 8.5, 7.5, 9.5 ],
    "faces": {
        "down":  { "uv": [ 8.5, 9, 7.5, 8.5 ], "texture": "#texture" },
        "up":    { "uv": [ 7.5, 8.5, 8.5, 9 ], "texture": "#texture" },
        "north": { "uv": [ 7.5, 8.5, 8.5, 9 ], "texture": "#texture" },
        "south": { "uv": [ 7.5, 8.5, 8.5, 9 ], "texture": "#texture" },
        "west":  { "uv": [ 7.5, 8.5, 8.5, 9 ], "texture": "#texture" },
        "east":  { "uv": [ 7.5, 8.5, 8.5, 9 ], "texture": "#texture" }
    }
},
{
    "from": [ 5.5, 10.5, 7.5 ],
    "to": [ 10.5, 11, 9.5 ],
    "faces": {
        "down":  { "uv": [ 9.5, 8, 9, 7.5 ], "texture": "#texture" },
        "up":    { "uv": [ 6.5, 7, 7, 8 ], "texture": "#texture" },
        "north": { "uv": [ 5.5, 5, 10.5, 5.5 ], "texture": "#texture" },
        "south": { "uv": [ 5.5, 5, 10.5, 5.5 ], "texture": "#texture" },
        "west":  { "uv": [ 7.5, 1.5, 8.5, 2 ], "texture": "#texture" },
        "east":  { "uv": [ 7.5, 1.5, 8.5, 2 ], "texture": "#texture" }
    }
},
{
    "from": [ 6, 11, 8 ],
    "to": [ 10, 11.5, 9.5 ],
    "faces": {
        "down":  { "uv": [ 8.5, 9, 7.5, 8.5 ], "texture": "#texture" },
        "up":    { "uv": [ 7.5, 8.5, 8.5, 9 ], "texture": "#texture" },
        "north": { "uv": [ 6, 4.5, 10, 5 ], "texture": "#texture" },
        "south": { "uv": [ 6, 4.5, 10, 5 ], "texture": "#texture" },
        "west":  { "uv": [ 7.5, 1.5, 8.5, 2 ], "texture": "#texture" },
        "east":  { "uv": [ 7.5, 1.5, 8.5, 2 ], "texture": "#texture" }
    }
},
{
    "from": [ 6, 11.5, 8.5 ],
    "to": [ 10, 12, 9.5 ],
    "faces": {
        "down":  { "uv": [ 8.5, 2, 7.5, 1.5 ], "texture": "#texture" },
        "up":    { "uv": [ 7.5, 1.5, 8.5, 2 ], "texture": "#texture" },
        "north": { "uv": [ 6, 4, 10, 4.5 ], "texture": "#texture" },
        "south": { "uv": [ 6, 4, 10, 4.5 ], "texture": "#texture" },
        "west":  { "uv": [ 7.5, 1.5, 8.5, 2 ], "texture": "#texture" },
        "east":  { "uv": [ 7.5, 1.5, 8.5, 2 ], "texture": "#texture" }
    }
},
{
    "from": [ 6.5, 12, 8.5 ],
    "to": [ 9.5, 13, 9.5 ],
    "faces": {
        "down":  { "uv": [ 8.5, 9, 7.5, 8.5 ], "texture": "#texture" },
        "up":    { "uv": [ 7.5, 8.5, 8.5, 9 ], "texture": "#texture" },
        "north": { "uv": [ 6.5, 3, 9.5, 4 ], "texture": "#texture" },
        "south": { "uv": [ 6.5, 3, 9.5, 4 ], "texture": "#texture" },
        "west":  { "uv": [ 9, 3, 9.5, 4 ], "texture": "#texture" },
        "east":  { "uv": [ 6.5, 3, 7, 4 ], "texture": "#texture" }
    }
},
{
    "from": [ 7, 13, 9 ],
    "to": [ 9, 14, 9.5 ],
    "faces": {
        "down":  { "uv": [ 8.5, 2, 7.5, 1.5 ], "texture": "#texture" },
        "up":    { "uv": [ 7.5, 8.5, 8.5, 9 ], "texture": "#texture" },
        "north": { "uv": [ 7, 2, 9, 3 ], "texture": "#texture" },
        "south": { "uv": [ 7, 2, 9, 3 ], "texture": "#texture" },
        "west":  { "uv": [ 8.5, 2, 9, 3 ], "texture": "#texture" },
        "east":  { "uv": [ 7, 2, 7.5, 3 ], "texture": "#texture" }
    }
},
{
    "from": [ 7.5, 14, 9 ],
    "to": [ 8.5, 14.5, 9.5 ],
    "faces": {
        "down":  { "uv": [ 8.5, 9, 7.5, 8.5 ], "texture": "#texture" },
        "up":    { "uv": [ 7.5, 1.5, 8.5, 2 ], "texture": "#texture" },
        "north": { "uv": [ 7.5, 1.5, 8.5, 2 ], "texture": "#texture" },
        "south": { "uv": [ 7.5, 1.5, 8.5, 2 ], "texture": "#texture" },
        "west":  { "uv": [ 7.5, 1.5, 8, 2 ], "texture": "#texture" },
        "east":  { "uv": [ 8, 1.5, 8.5, 2 ], "texture": "#texture" }
    }
},
{
    "from": [ 7.5, 13, 8.5 ],
    "to": [ 8.5, 13.5, 9 ],
    "faces": {
        "down":  { "uv": [ 8.5, 2.5, 7.5, 2 ], "texture": "#texture" },
        "up":    { "uv": [ 7.5, 2.5, 8.5, 3 ], "texture": "#texture" },
        "north": { "uv": [ 7.5, 2.5, 8.5, 3 ], "texture": "#texture" },
        "south": { "uv": [ 7.5, 2, 8.5, 2.5 ], "texture": "#texture" },
        "west":  { "uv": [ 7.5, 2, 8, 2.5 ], "texture": "#texture" },
        "east":  { "uv": [ 7.5, 2, 8, 2.5 ], "texture": "#texture" }
    }
},
{
    "from": [ 6.5, 11, 7.5 ],
    "to": [ 9.5, 11.5, 8 ],
    "faces": {
        "down":  { "uv": [ 8.5, 2.5, 7.5, 2 ], "texture": "#texture" },
        "up":    { "uv": [ 7.5, 2.5, 8.5, 3 ], "texture": "#texture" },
        "north": { "uv": [ 7.5, 2.5, 8.5, 3 ], "texture": "#texture" },
        "south": { "uv": [ 7.5, 2, 8.5, 2.5 ], "texture": "#texture" },
        "west":  { "uv": [ 7.5, 2, 8, 2.5 ], "texture": "#texture" },
        "east":  { "uv": [ 7.5, 2, 8, 2.5 ], "texture": "#texture" }
    }
},
{
    "from": [ 6.5, 11.5, 8 ],
    "to": [ 9.5, 12, 8.5 ],
    "faces": {
        "down":  { "uv": [ 8.5, 2.5, 7.5, 2 ], "texture": "#texture" },
        "up":    { "uv": [ 7.5, 2.5, 8.5, 3 ], "texture": "#texture" },
        "north": { "uv": [ 7.5, 2.5, 8.5, 3 ], "texture": "#texture" },
        "south": { "uv": [ 7.5, 2, 8.5, 2.5 ], "texture": "#texture" },
        "west":  { "uv": [ 7.5, 2, 8, 2.5 ], "texture": "#texture" },
        "east":  { "uv": [ 7.5, 2, 8, 2.5 ], "texture": "#texture" }
    }
},
{
    "from": [ 7, 12, 8 ],
    "to": [ 9, 12.5, 8.5 ],
    "faces": {
        "down":  { "uv": [ 8.5, 2.5, 7.5, 2 ], "texture": "#texture" },
        "up":    { "uv": [ 7.5, 2.5, 8.5, 3 ], "texture": "#texture" },
        "north": { "uv": [ 7.5, 2.5, 8.5, 3 ], "texture": "#texture" },
        "south": { "uv": [ 7.5, 2, 8.5, 2.5 ], "texture": "#texture" },
        "west":  { "uv": [ 7.5, 2, 8, 2.5 ], "texture": "#texture" },
        "east":  { "uv": [ 7.5, 2, 8, 2.5 ], "texture": "#texture" }
    }
},
{
    "from": [ 7.5, 12.5, 8 ],
    "to": [ 8.5, 13, 8.5 ],
    "faces": {
        "down":  { "uv": [ 8.5, 2.5, 7.5, 2 ], "texture": "#texture" },
        "up":    { "uv": [ 7.5, 2.5, 8.5, 3 ], "texture": "#texture" },
        "north": { "uv": [ 7.5, 2.5, 8.5, 3 ], "texture": "#texture" },
        "south": { "uv": [ 7.5, 2, 8.5, 2.5 ], "texture": "#texture" },
        "west":  { "uv": [ 7.5, 2, 8, 2.5 ], "texture": "#texture" },
        "east":  { "uv": [ 7.5, 2, 8, 2.5 ], "texture": "#texture" }
    }
},
{
    "from": [ 3, 8, 9 ],
    "to": [ 6.5, 9, 9.5 ],
    "faces": {
        "down":  { "uv": [ 12, 10.5, 8.5, 10 ], "texture": "#texture" },
        "up":    { "uv": [ 3, 9, 6.5, 9.5 ], "texture": "#texture" },
        "north": { "uv": [ 9.5, 7, 13, 8 ], "texture": "#texture" },
        "south": { "uv": [ 3, 7, 6.5, 8 ], "texture": "#texture" },
        "west":  { "uv": [ 12.5, 7, 13, 8 ], "texture": "#texture" },
        "east":  { "uv": [ 3, 7, 3.5, 8 ], "texture": "#texture" }
    }
},
{
    "from": [ 9.5, 8, 9 ],
    "to": [ 13, 9, 9.5 ],
    "faces": {
        "down":  { "uv": [ 8.5, 15.5, 7.5, 15 ], "texture": "#texture" },
        "up":    { "uv": [ 7.5, 15, 8.5, 15.5 ], "texture": "#texture" },
        "north": { "uv": [ 3, 7, 6.5, 8 ], "texture": "#texture" },
        "south": { "uv": [ 9.5, 7, 13, 8 ], "texture": "#texture" },
        "west":  { "uv": [ 13, 5, 13.5, 6 ], "texture": "#texture" },
        "east":  { "uv": [ 7.5, 15, 8, 15.5 ], "texture": "#texture" }
    }
},
{
    "from": [ 3, 9, 9 ],
    "to": [ 6, 9.5, 9.5 ],
    "faces": {
        "down":  { "uv": [ 13, 9.5, 10, 9 ], "texture": "#texture" },
        "up":    { "uv": [ 3, 9, 6, 9.5 ], "texture": "#texture" },
        "north": { "uv": [ 10, 6.5, 13, 7 ], "texture": "#texture" },
        "south": { "uv": [ 3, 6.5, 6, 7 ], "texture": "#texture" },
        "west":  { "uv": [ 13, 6, 13.5, 6.5 ], "texture": "#texture" },
        "east":  { "uv": [ 2.5, 6, 3, 6.5 ], "texture": "#texture" }
    }
},
{
    "from": [ 2.5, 9.5, 9 ],
    "to": [ 5.5, 10, 9.5 ],
    "faces": {
        "down":  { "uv": [ 13.5, 9.5, 10.5, 9 ], "texture": "#texture" },
        "up":    { "uv": [ 3, 9, 5, 9.5 ], "texture": "#texture" },
        "north": { "uv": [ 10.5, 6, 13.5, 6.5 ], "texture": "#texture" },
        "south": { "uv": [ 2.5, 6, 5.5, 6.5 ], "texture": "#texture" },
        "west":  { "uv": [ 2.5, 5.5, 3, 6 ], "texture": "#texture" },
        "east":  { "uv": [ 2.5, 5.5, 3, 6 ], "texture": "#texture" }
    }
},
{
    "from": [ 2.5, 10.5, 9 ],
    "to": [ 4.5, 11, 9.5 ],
    "faces": {
        "down":  { "uv": [ 13, 9.5, 11, 9 ], "texture": "#texture" },
        "up":    { "uv": [ 2, 3.5, 3, 4 ], "texture": "#texture" },
        "north": { "uv": [ 11.5, 5, 13.5, 5.5 ], "texture": "#texture" },
        "south": { "uv": [ 2.5, 5, 4.5, 5.5 ], "texture": "#texture" },
        "west":  { "uv": [ 13, 5.5, 13.5, 6 ], "texture": "#texture" },
        "east":  { "uv": [ 2.5, 5, 3, 5.5 ], "texture": "#texture" }
    }
},
{
    "from": [ 2.5, 11, 9 ],
    "to": [ 4, 11.5, 9.5 ],
    "faces": {
        "down":  { "uv": [ 13.5, 5, 12, 4.5 ], "texture": "#texture" },
        "up":    { "uv": [ 2.5, 4, 3.5, 4.5 ], "texture": "#texture" },
        "north": { "uv": [ 12, 4.5, 13.5, 5 ], "texture": "#texture" },
        "south": { "uv": [ 2.5, 4.5, 4, 5 ], "texture": "#texture" },
        "west":  { "uv": [ 13.5, 3, 14, 3.5 ], "texture": "#texture" },
        "east":  { "uv": [ 2, 3, 2.5, 3.5 ], "texture": "#texture" }
    }
},
{
    "from": [ 2.5, 11.5, 9 ],
    "to": [ 3.5, 12, 9.5 ],
    "faces": {
        "down":  { "uv": [ 14, 3.5, 13.5, 3 ], "texture": "#texture" },
        "up":    { "uv": [ 2, 3.5, 2.5, 4 ], "texture": "#texture" },
        "north": { "uv": [ 13.5, 4.5, 14, 5 ], "texture": "#texture" },
        "south": { "uv": [ 2.5, 4, 3.5, 4.5 ], "texture": "#texture" },
        "west":  { "uv": [ 2.5, 4, 3, 4.5 ], "texture": "#texture" },
        "east":  { "uv": [ 2.5, 4, 3, 4.5 ], "texture": "#texture" }
    }
},
{
    "from": [ 2.5, 12, 9 ],
    "to": [ 3, 12.5, 9.5 ],
    "faces": {
        "down":  { "uv": [ 14, 3.5, 13.5, 3 ], "texture": "#texture" },
        "up":    { "uv": [ 2.5, 3.5, 3, 4 ], "texture": "#texture" },
        "north": { "uv": [ 13, 3.5, 13.5, 4 ], "texture": "#texture" },
        "south": { "uv": [ 2.5, 3.5, 3, 4 ], "texture": "#texture" },
        "west":  { "uv": [ 13.5, 3, 14, 3.5 ], "texture": "#texture" },
        "east":  { "uv": [ 2, 3, 2.5, 3.5 ], "texture": "#texture" }
    }
},
{
    "from": [ 2, 12, 9 ],
    "to": [ 2.5, 13, 9.5 ],
    "faces": {
        "down":  { "uv": [ 13.5, 4, 13, 3.5 ], "texture": "#texture" },
        "up":    { "uv": [ 2, 3, 2.5, 3.5 ], "texture": "#texture" },
        "north": { "uv": [ 13.5, 3, 14, 4 ], "texture": "#texture" },
        "south": { "uv": [ 2, 3, 2.5, 4 ], "texture": "#texture" },
        "west":  { "uv": [ 13.5, 3, 14, 4 ], "texture": "#texture" },
        "east":  { "uv": [ 13.5, 3, 14, 4 ], "texture": "#texture" }
    }
},
{
    "from": [ 10, 9, 9 ],
    "to": [ 13, 9.5, 9.5 ],
    "faces": {
        "down":  { "uv": [ 8.5, 15.5, 7.5, 15 ], "texture": "#texture" },
        "up":    { "uv": [ 7.5, 15, 8.5, 15.5 ], "texture": "#texture" },
        "north": { "uv": [ 3, 6.5, 6, 7 ], "texture": "#texture" },
        "south": { "uv": [ 10, 6.5, 13, 7 ], "texture": "#texture" },
        "west":  { "uv": [ 7.5, 15, 8, 15.5 ], "texture": "#texture" },
        "east":  { "uv": [ 8, 15, 8.5, 15.5 ], "texture": "#texture" }
    }
},
{
    "from": [ 10.5, 9.5, 9 ],
    "to": [ 13.5, 10, 9.5 ],
    "faces": {
        "down":  { "uv": [ 8.5, 15.5, 7.5, 15 ], "texture": "#texture" },
        "up":    { "uv": [ 7.5, 15, 8.5, 15.5 ], "texture": "#texture" },
        "north": { "uv": [ 2.5, 6, 5.5, 6.5 ], "texture": "#texture" },
        "south": { "uv": [ 10.5, 6, 13.5, 6.5 ], "texture": "#texture" },
        "west":  { "uv": [ 7.5, 15, 8, 15.5 ], "texture": "#texture" },
        "east":  { "uv": [ 7.5, 15, 8, 15.5 ], "texture": "#texture" }
    }
},
{
    "from": [ 11, 10, 9 ],
    "to": [ 13.5, 10.5, 9.5 ],
    "faces": {
        "down":  { "uv": [ 8.5, 15.5, 7.5, 15 ], "texture": "#texture" },
        "up":    { "uv": [ 7.5, 15, 8.5, 15.5 ], "texture": "#texture" },
        "north": { "uv": [ 2.5, 5.5, 5, 6 ], "texture": "#texture" },
        "south": { "uv": [ 11, 5.5, 13.5, 6 ], "texture": "#texture" },
        "west":  { "uv": [ 7.5, 15, 8, 15.5 ], "texture": "#texture" },
        "east":  { "uv": [ 8, 15, 8.5, 15.5 ], "texture": "#texture" }
    }
},
{
    "from": [ 11.5, 10.5, 9 ],
    "to": [ 13.5, 11, 9.5 ],
    "faces": {
        "down":  { "uv": [ 8.5, 15.5, 7.5, 15 ], "texture": "#texture" },
        "up":    { "uv": [ 11.5, 9.5, 13.5, 10 ], "texture": "#texture" },
        "north": { "uv": [ 2.5, 5, 4.5, 5.5 ], "texture": "#texture" },
        "south": { "uv": [ 11.5, 5, 13.5, 5.5 ], "texture": "#texture" },
        "west":  { "uv": [ 8, 15, 8.5, 15.5 ], "texture": "#texture" },
        "east":  { "uv": [ 8, 15, 8.5, 15.5 ], "texture": "#texture" }
    }
},
{
    "from": [ 12, 11, 9 ],
    "to": [ 13.5, 11.5, 9.5 ],
    "faces": {
        "down":  { "uv": [ 8.5, 15.5, 7.5, 15 ], "texture": "#texture" },
        "up":    { "uv": [ 7.5, 15, 8, 15.5 ], "texture": "#texture" },
        "north": { "uv": [ 2.5, 4.5, 4, 5 ], "texture": "#texture" },
        "south": { "uv": [ 12, 4.5, 13.5, 5 ], "texture": "#texture" },
        "west":  { "uv": [ 2.5, 5, 3, 5.5 ], "texture": "#texture" },
        "east":  { "uv": [ 2.5, 4.5, 3, 5 ], "texture": "#texture" }
    }
},
{
    "from": [ 12.5, 11.5, 9 ],
    "to": [ 13.5, 12, 9.5 ],
    "faces": {
        "down":  { "uv": [ 8.5, 15.5, 7.5, 15 ], "texture": "#texture" },
        "up":    { "uv": [ 7.5, 15, 8.5, 15.5 ], "texture": "#texture" },
        "north": { "uv": [ 2.5, 4, 3.5, 4.5 ], "texture": "#texture" },
        "south": { "uv": [ 12.5, 4, 13.5, 4.5 ], "texture": "#texture" },
        "west":  { "uv": [ 7.5, 15, 8, 15.5 ], "texture": "#texture" },
        "east":  { "uv": [ 7.5, 15, 8, 15.5 ], "texture": "#texture" }
    }
},
{
    "from": [ 13, 12, 9 ],
    "to": [ 14, 12.5, 9.5 ],
    "faces": {
        "down":  { "uv": [ 2.5, 3.5, 2, 3 ], "texture": "#texture" },
        "up":    { "uv": [ 13.5, 3, 14, 3.5 ], "texture": "#texture" },
        "north": { "uv": [ 2, 3.5, 3, 4 ], "texture": "#texture" },
        "south": { "uv": [ 13, 3.5, 14, 4 ], "texture": "#texture" },
        "west":  { "uv": [ 13.5, 3, 14, 3.5 ], "texture": "#texture" },
        "east":  { "uv": [ 13.5, 3, 14, 3.5 ], "texture": "#texture" }
    }
},
{
    "from": [ 13.5, 12.5, 9 ],
    "to": [ 14, 13, 9.5 ],
    "faces": {
        "down":  { "uv": [ 2.5, 3.5, 2, 3 ], "texture": "#texture" },
        "up":    { "uv": [ 13.5, 3, 14, 3.5 ], "texture": "#texture" },
        "north": { "uv": [ 2, 3, 2.5, 3.5 ], "texture": "#texture" },
        "south": { "uv": [ 13.5, 3, 14, 3.5 ], "texture": "#texture" },
        "west":  { "uv": [ 13.5, 3, 14, 3.5 ], "texture": "#texture" },
        "east":  { "uv": [ 2, 3, 2.5, 3.5 ], "texture": "#texture" }
    }
},
{
    "from": [ 3.5, 7.5, 9 ],
    "to": [ 7, 8, 9.5 ],
    "faces": {
        "down":  { "uv": [ 12, 10.5, 8.5, 10 ], "texture": "#texture" },
        "up":    { "uv": [ 4, 10.5, 7.5, 11 ], "texture": "#texture" },
        "north": { "uv": [ 9, 8, 12.5, 8.5 ], "texture": "#texture" },
        "south": { "uv": [ 3.5, 8, 7, 8.5 ], "texture": "#texture" },
        "west":  { "uv": [ 12.5, 7.5, 13, 8 ], "texture": "#texture" },
        "east":  { "uv": [ 3, 7, 3.5, 7.5 ], "texture": "#texture" }
    }
},
{
    "from": [ 9, 7.5, 9 ],
    "to": [ 12.5, 8, 9.5 ],
    "faces": {
        "down":  { "uv": [ 8.5, 15.5, 7.5, 15 ], "texture": "#texture" },
        "up":    { "uv": [ 7.5, 15, 8.5, 15.5 ], "texture": "#texture" },
        "north": { "uv": [ 3.5, 8, 7, 8.5 ], "texture": "#texture" },
        "south": { "uv": [ 9, 8, 12.5, 8.5 ], "texture": "#texture" },
        "west":  { "uv": [ 7.5, 15, 8, 15.5 ], "texture": "#texture" },
        "east":  { "uv": [ 7.5, 15, 8, 15.5 ], "texture": "#texture" }
    }
},
{
    "from": [ 5.5, 7, 9 ],
    "to": [ 7.5, 7.5, 9.5 ],
    "faces": {
        "down":  { "uv": [ 10.5, 9, 8.5, 8.5 ], "texture": "#texture" },
        "up":    { "uv": [ 5.5, 8.5, 7.5, 9 ], "texture": "#texture" },
        "north": { "uv": [ 8.5, 8.5, 10.5, 9 ], "texture": "#texture" },
        "south": { "uv": [ 5.5, 8.5, 7.5, 9 ], "texture": "#texture" },
        "west":  { "uv": [ 9, 8.5, 9.5, 9 ], "texture": "#texture" },
        "east":  { "uv": [ 6.5, 8.5, 7, 9 ], "texture": "#texture" }
    }
},
{
    "from": [ 8.5, 7, 9 ],
    "to": [ 10.5, 7.5, 9.5 ],
    "faces": {
        "down":  { "uv": [ 7.5, 9, 5.5, 8.5 ], "texture": "#texture" },
        "up":    { "uv": [ 8.5, 8.5, 10.5, 9 ], "texture": "#texture" },
        "north": { "uv": [ 5.5, 8.5, 7.5, 9 ], "texture": "#texture" },
        "south": { "uv": [ 8.5, 8.5, 10.5, 9 ], "texture": "#texture" },
        "west":  { "uv": [ 9, 8.5, 9.5, 9 ], "texture": "#texture" },
        "east":  { "uv": [ 6.5, 8.5, 7, 9 ], "texture": "#texture" }
    }
},
{
    "from": [ 3.5, 6.5, 9 ],
    "to": [ 5, 7.5, 9.5 ],
    "faces": {
        "down":  { "uv": [ 12.5, 9.5, 11, 9 ], "texture": "#texture" },
        "up":    { "uv": [ 3.5, 9, 5, 9.5 ], "texture": "#texture" },
        "north": { "uv": [ 11, 8.5, 12.5, 9.5 ], "texture": "#texture" },
        "south": { "uv": [ 3.5, 8.5, 5, 9.5 ], "texture": "#texture" },
        "west":  { "uv": [ 3.5, 8, 4, 9 ], "texture": "#texture" },
        "east":  { "uv": [ 11.5, 9.5, 12, 10.5 ], "texture": "#texture" }
    }
},
{
    "from": [ 11, 6.5, 9 ],
    "to": [ 12.5, 7.5, 9.5 ],
    "faces": {
        "down":  { "uv": [ 5, 9.5, 3.5, 9 ], "texture": "#texture" },
        "up":    { "uv": [ 11, 9, 12.5, 9.5 ], "texture": "#texture" },
        "north": { "uv": [ 3.5, 8.5, 5, 9.5 ], "texture": "#texture" },
        "south": { "uv": [ 11, 8.5, 12.5, 9.5 ], "texture": "#texture" },
        "west":  { "uv": [ 11, 8.5, 11.5, 9.5 ], "texture": "#texture" },
        "east":  { "uv": [ 3.5, 8.5, 4, 9.5 ], "texture": "#texture" }
    }
},
{
    "from": [ 10.5, 6, 9 ],
    "to": [ 12, 6.5, 9.5 ],
    "faces": {
        "down":  { "uv": [ 5.5, 9.5, 4, 9 ], "texture": "#texture" },
        "up":    { "uv": [ 10.5, 9.5, 12, 10 ], "texture": "#texture" },
        "north": { "uv": [ 4, 9.5, 5.5, 10 ], "texture": "#texture" },
        "south": { "uv": [ 10.5, 9.5, 12, 10 ], "texture": "#texture" },
        "west":  { "uv": [ 10.5, 9.5, 11, 10 ], "texture": "#texture" },
        "east":  { "uv": [ 11.5, 9.5, 12, 10 ], "texture": "#texture" }
    }
},
{
    "from": [ 4, 6, 9 ],
    "to": [ 5.5, 6.5, 9.5 ],
    "faces": {
        "down":  { "uv": [ 12, 9.5, 10.5, 9 ], "texture": "#texture" },
        "up":    { "uv": [ 4, 9.5, 5.5, 10 ], "texture": "#texture" },
        "north": { "uv": [ 10.5, 9.5, 12, 10 ], "texture": "#texture" },
        "south": { "uv": [ 4, 9.5, 5.5, 10 ], "texture": "#texture" },
        "west":  { "uv": [ 11.5, 10, 12, 10.5 ], "texture": "#texture" },
        "east":  { "uv": [ 4, 9.5, 4.5, 10 ], "texture": "#texture" }
    }
},
{
    "from": [ 4, 5, 9 ],
    "to": [ 12, 6, 9.5 ],
    "faces": {
        "down":  { "uv": [ 12, 11, 4, 10.5 ], "texture": "#texture" },
        "up":    { "uv": [ 4, 10, 12, 10.5 ], "texture": "#texture" },
        "north": { "uv": [ 4, 10, 12, 11 ], "texture": "#texture" },
        "south": { "uv": [ 4, 10, 12, 11 ], "texture": "#texture" },
        "west":  { "uv": [ 11.5, 10, 12, 11 ], "texture": "#texture" },
        "east":  { "uv": [ 4, 10, 4.5, 11 ], "texture": "#texture" }
    }
},
{
    "from": [ 4.5, 4, 9 ],
    "to": [ 11.5, 5, 9.5 ],
    "faces": {
        "down":  { "uv": [ 11.5, 12, 4.5, 11.5 ], "texture": "#texture" },
        "up":    { "uv": [ 4.5, 9, 11.5, 9.5 ], "texture": "#texture" },
        "north": { "uv": [ 4.5, 11, 11.5, 12 ], "texture": "#texture" },
        "south": { "uv": [ 4.5, 11, 11.5, 12 ], "texture": "#texture" },
        "west":  { "uv": [ 5, 12, 5.5, 13 ], "texture": "#texture" },
        "east":  { "uv": [ 5, 12, 5.5, 13 ], "texture": "#texture" }
    }
},
{
    "from": [ 5, 3, 9 ],
    "to": [ 11, 4, 9.5 ],
    "faces": {
        "down":  { "uv": [ 11, 13, 5, 12.5 ], "texture": "#texture" },
        "up":    { "uv": [ 5, 9, 11, 9.5 ], "texture": "#texture" },
        "north": { "uv": [ 5, 12, 11, 13 ], "texture": "#texture" },
        "south": { "uv": [ 5, 12, 11, 13 ], "texture": "#texture" },
        "west":  { "uv": [ 10.5, 12, 11, 13 ], "texture": "#texture" },
        "east":  { "uv": [ 5, 12, 5.5, 13 ], "texture": "#texture" }
    }
},
{
    "from": [ 5.5, 2.5, 9 ],
    "to": [ 10.5, 3, 9.5 ],
    "faces": {
        "down":  { "uv": [ 10.5, 13.5, 5.5, 13 ], "texture": "#texture" },
        "up":    { "uv": [ 5.5, 9, 10.5, 9.5 ], "texture": "#texture" },
        "north": { "uv": [ 5.5, 13, 10.5, 13.5 ], "texture": "#texture" },
        "south": { "uv": [ 5.5, 13, 10.5, 13.5 ], "texture": "#texture" },
        "west":  { "uv": [ 10, 13, 10.5, 13.5 ], "texture": "#texture" },
        "east":  { "uv": [ 5.5, 13, 6, 13.5 ], "texture": "#texture" }
    }
},
{
    "from": [ 6, 2, 9 ],
    "to": [ 10, 2.5, 9.5 ],
    "faces": {
        "down":  { "uv": [ 10, 14, 6, 13.5 ], "texture": "#texture" },
        "up":    { "uv": [ 6, 9, 10, 9.5 ], "texture": "#texture" },
        "north": { "uv": [ 6, 13.5, 10, 14 ], "texture": "#texture" },
        "south": { "uv": [ 6, 13.5, 10, 14 ], "texture": "#texture" },
        "west":  { "uv": [ 9.5, 13.5, 10, 14 ], "texture": "#texture" },
        "east":  { "uv": [ 6, 13.5, 6.5, 14 ], "texture": "#texture" }
    }
},
{
    "from": [ 6.5, 1.5, 9 ],
    "to": [ 9.5, 2, 9.5 ],
    "faces": {
        "down":  { "uv": [ 9.5, 14.5, 6.5, 14 ], "texture": "#texture" },
        "up":    { "uv": [ 6.5, 9, 9.5, 9.5 ], "texture": "#texture" },
        "north": { "uv": [ 6.5, 14, 9.5, 14.5 ], "texture": "#texture" },
        "south": { "uv": [ 6.5, 14, 9.5, 14.5 ], "texture": "#texture" },
        "west":  { "uv": [ 9, 14, 9.5, 14.5 ], "texture": "#texture" },
        "east":  { "uv": [ 6.5, 14, 7, 14.5 ], "texture": "#texture" }
    }
},
{
    "from": [ 7, 1, 9 ],
    "to": [ 9, 1.5, 9.5 ],
    "faces": {
        "down":  { "uv": [ 9, 15, 7, 14.5 ], "texture": "#texture" },
        "up":    { "uv": [ 7, 9, 9, 9.5 ], "texture": "#texture" },
        "north": { "uv": [ 7, 14.5, 9, 15 ], "texture": "#texture" },
        "south": { "uv": [ 7, 14.5, 9, 15 ], "texture": "#texture" },
        "west":  { "uv": [ 8.5, 14.5, 9, 15 ], "texture": "#texture" },
        "east":  { "uv": [ 7, 14, 7.5, 14.5 ], "texture": "#texture" }
    }
},
{
    "from": [ 7.5, 0.5, 9 ],
    "to": [ 8.5, 1, 9.5 ],
    "faces": {
        "down":  { "uv": [ 8.5, 15.5, 7.5, 15 ], "texture": "#texture" },
        "up":    { "uv": [ 7.5, 9, 8.5, 9.5 ], "texture": "#texture" },
        "north": { "uv": [ 7.5, 15, 8.5, 15.5 ], "texture": "#texture" },
        "south": { "uv": [ 7.5, 15, 8.5, 15.5 ], "texture": "#texture" },
        "west":  { "uv": [ 8, 15, 8.5, 15.5 ], "texture": "#texture" },
        "east":  { "uv": [ 7.5, 15, 8, 15.5 ], "texture": "#texture" }
    }
},
{
    "from": [ 7, 6.5, 9 ],
    "to": [ 9, 7, 9.5 ],
    "faces": {
        "down":  { "uv": [ 9, 9.5, 7, 9 ], "texture": "#texture" },
        "up":    { "uv": [ 7, 9, 9, 9.5 ], "texture": "#texture" },
        "north": { "uv": [ 7, 9, 9, 9.5 ], "texture": "#texture" },
        "south": { "uv": [ 7, 9, 9, 9.5 ], "texture": "#texture" },
        "west":  { "uv": [ 8.5, 9, 9, 9.5 ], "texture": "#texture" },
        "east":  { "uv": [ 7, 9, 7.5, 9.5 ], "texture": "#texture" }
    }
},
{
    "from": [ 7.5, 6, 9 ],
    "to": [ 8.5, 6.5, 9.5 ],
    "faces": {
        "down":  { "uv": [ 8.5, 9.5, 7.5, 9 ], "texture": "#texture" },
        "up":    { "uv": [ 7.5, 9, 8.5, 9.5 ], "texture": "#texture" },
        "north": { "uv": [ 7.5, 9.5, 8.5, 10 ], "texture": "#texture" },
        "south": { "uv": [ 7.5, 9.5, 8.5, 10 ], "texture": "#texture" },
        "west":  { "uv": [ 8, 9.5, 8.5, 10 ], "texture": "#texture" },
        "east":  { "uv": [ 7.5, 9.5, 8, 10 ], "texture": "#texture" }
    }
},
{
    "from": [ 3, 9.5, 9.5 ],
    "to": [ 3.5, 11.5, 10 ],
    "faces": {
        "down":  { "uv": [ 11.5, 10, 11, 9.5 ], "texture": "#texture" },
        "up":    { "uv": [ 4.5, 9.5, 5, 10 ], "texture": "#texture" },
        "north": { "uv": [ 12.5, 4.5, 13, 6.5 ], "texture": "#texture" },
        "south": { "uv": [ 3, 4.5, 3.5, 6.5 ], "texture": "#texture" },
        "west":  { "uv": [ 12.5, 4.5, 13, 6.5 ], "texture": "#texture" },
        "east":  { "uv": [ 3, 4.5, 3.5, 6.5 ], "texture": "#texture" }
    }
},
{
    "from": [ 12.5, 9.5, 9.5 ],
    "to": [ 13, 11.5, 10 ],
    "faces": {
        "down":  { "uv": [ 4.5, 10, 4, 9.5 ], "texture": "#texture" },
        "up":    { "uv": [ 11.5, 9.5, 12, 10 ], "texture": "#texture" },
        "north": { "uv": [ 3, 4.5, 3.5, 6.5 ], "texture": "#texture" },
        "south": { "uv": [ 12.5, 4.5, 13, 6.5 ], "texture": "#texture" },
        "west":  { "uv": [ 13, 4.5, 13.5, 6.5 ], "texture": "#texture" },
        "east":  { "uv": [ 3, 4.5, 3.5, 6.5 ], "texture": "#texture" }
    }
},
{
    "from": [ 3.5, 8, 9.5 ],
    "to": [ 4, 11, 10 ],
    "faces": {
        "down":  { "uv": [ 11.5, 10, 11, 9.5 ], "texture": "#texture" },
        "up":    { "uv": [ 4.5, 9.5, 5, 10 ], "texture": "#texture" },
        "north": { "uv": [ 12, 5, 12.5, 8 ], "texture": "#texture" },
        "south": { "uv": [ 3.5, 5, 4, 8 ], "texture": "#texture" },
        "west":  { "uv": [ 12, 5, 12.5, 8 ], "texture": "#texture" },
        "east":  { "uv": [ 3.5, 5, 4, 8 ], "texture": "#texture" }
    }
},
{
    "from": [ 12, 8, 9.5 ],
    "to": [ 12.5, 11, 10 ],
    "faces": {
        "down":  { "uv": [ 4, 10, 3.5, 9.5 ], "texture": "#texture" },
        "up":    { "uv": [ 11.5, 9.5, 12, 10 ], "texture": "#texture" },
        "north": { "uv": [ 3.5, 5, 4, 8 ], "texture": "#texture" },
        "south": { "uv": [ 12, 5, 12.5, 8 ], "texture": "#texture" },
        "west":  { "uv": [ 12.5, 5, 13, 8 ], "texture": "#texture" },
        "east":  { "uv": [ 3.5, 5, 4, 8 ], "texture": "#texture" }
    }
},
{
    "from": [ 4, 6.5, 9.5 ],
    "to": [ 4.5, 10.5, 10 ],
    "faces": {
        "down":  { "uv": [ 11.5, 10, 11, 9.5 ], "texture": "#texture" },
        "up":    { "uv": [ 4.5, 9.5, 5, 10 ], "texture": "#texture" },
        "north": { "uv": [ 11.5, 5.5, 12, 9.5 ], "texture": "#texture" },
        "south": { "uv": [ 4, 5.5, 4.5, 9.5 ], "texture": "#texture" },
        "west":  { "uv": [ 11.5, 5.5, 12, 9.5 ], "texture": "#texture" },
        "east":  { "uv": [ 4, 5.5, 4.5, 9.5 ], "texture": "#texture" }
    }
},
{
    "from": [ 11.5, 6.5, 9.5 ],
    "to": [ 12, 10.5, 10 ],
    "faces": {
        "down":  { "uv": [ 4.5, 10, 4, 9.5 ], "texture": "#texture" },
        "up":    { "uv": [ 11.5, 9.5, 12, 10 ], "texture": "#texture" },
        "north": { "uv": [ 4, 5.5, 4.5, 9.5 ], "texture": "#texture" },
        "south": { "uv": [ 11.5, 5.5, 12, 9.5 ], "texture": "#texture" },
        "west":  { "uv": [ 11.5, 5.5, 12, 9.5 ], "texture": "#texture" },
        "east":  { "uv": [ 4, 5.5, 4.5, 9.5 ], "texture": "#texture" }
    }
},
{
    "from": [ 4.5, 5, 9.5 ],
    "to": [ 5, 10, 10 ],
    "faces": {
        "down":  { "uv": [ 11.5, 10, 11, 9.5 ], "texture": "#texture" },
        "up":    { "uv": [ 4.5, 9.5, 5, 10 ], "texture": "#texture" },
        "north": { "uv": [ 11, 6, 11.5, 11 ], "texture": "#texture" },
        "south": { "uv": [ 4.5, 6, 5, 11 ], "texture": "#texture" },
        "west":  { "uv": [ 11, 6, 11.5, 11 ], "texture": "#texture" },
        "east":  { "uv": [ 4.5, 6, 5, 11 ], "texture": "#texture" }
    }
},
{
    "from": [ 11, 5, 9.5 ],
    "to": [ 11.5, 10, 10 ],
    "faces": {
        "down":  { "uv": [ 5, 10, 4.5, 9.5 ], "texture": "#texture" },
        "up":    { "uv": [ 11, 9.5, 11.5, 10 ], "texture": "#texture" },
        "north": { "uv": [ 4.5, 6, 5, 11 ], "texture": "#texture" },
        "south": { "uv": [ 11, 6, 11.5, 11 ], "texture": "#texture" },
        "west":  { "uv": [ 11, 6, 11.5, 11 ], "texture": "#texture" },
        "east":  { "uv": [ 4.5, 6, 5, 11 ], "texture": "#texture" }
    }
},
{
    "from": [ 5, 7.5, 9.5 ],
    "to": [ 5.5, 9.5, 10 ],
    "faces": {
        "down":  { "uv": [ 10.5, 9, 10, 8.5 ], "texture": "#texture" },
        "up":    { "uv": [ 5, 9.5, 5.5, 10 ], "texture": "#texture" },
        "north": { "uv": [ 10.5, 6.5, 11, 8.5 ], "texture": "#texture" },
        "south": { "uv": [ 5, 6.5, 5.5, 8.5 ], "texture": "#texture" },
        "west":  { "uv": [ 9.5, 7, 10, 9 ], "texture": "#texture" },
        "east":  { "uv": [ 6, 7, 6.5, 9 ], "texture": "#texture" }
    }
},
{
    "from": [ 5.5, 7, 9.5 ],
    "to": [ 6, 9, 10 ],
    "faces": {
        "down":  { "uv": [ 10.5, 9, 10, 8.5 ], "texture": "#texture" },
        "up":    { "uv": [ 5.5, 8.5, 6, 9 ], "texture": "#texture" },
        "north": { "uv": [ 10, 7, 10.5, 9 ], "texture": "#texture" },
        "south": { "uv": [ 5.5, 7, 6, 9 ], "texture": "#texture" },
        "west":  { "uv": [ 9.5, 7, 10, 9 ], "texture": "#texture" },
        "east":  { "uv": [ 6, 7, 6.5, 9 ], "texture": "#texture" }
    }
},
{
    "from": [ 6, 7, 9.5 ],
    "to": [ 6.5, 8, 10 ],
    "faces": {
        "down":  { "uv": [ 10, 9, 9.5, 8.5 ], "texture": "#texture" },
        "up":    { "uv": [ 6, 8.5, 6.5, 9 ], "texture": "#texture" },
        "north": { "uv": [ 9.5, 8, 10, 9 ], "texture": "#texture" },
        "south": { "uv": [ 6, 8, 6.5, 9 ], "texture": "#texture" },
        "west":  { "uv": [ 9.5, 8, 10, 9 ], "texture": "#texture" },
        "east":  { "uv": [ 6, 8, 6.5, 9 ], "texture": "#texture" }
    }
},
{
    "from": [ 6.5, 7, 9.5 ],
    "to": [ 7, 7.5, 10 ],
    "faces": {
        "down":  { "uv": [ 9.5, 9, 9, 8.5 ], "texture": "#texture" },
        "up":    { "uv": [ 6.5, 8.5, 7, 9 ], "texture": "#texture" },
        "north": { "uv": [ 9, 8.5, 9.5, 9 ], "texture": "#texture" },
        "south": { "uv": [ 6.5, 8.5, 7, 9 ], "texture": "#texture" },
        "west":  { "uv": [ 9.5, 8.5, 10, 9 ], "texture": "#texture" },
        "east":  { "uv": [ 6, 8.5, 6.5, 9 ], "texture": "#texture" }
    }
},
{
    "from": [ 10.5, 7.5, 9.5 ],
    "to": [ 11, 9.5, 10 ],
    "faces": {
        "down":  { "uv": [ 5.5, 10, 5, 9.5 ], "texture": "#texture" },
        "up":    { "uv": [ 10.5, 9.5, 11, 10 ], "texture": "#texture" },
        "north": { "uv": [ 5, 6.5, 5.5, 8.5 ], "texture": "#texture" },
        "south": { "uv": [ 10.5, 6.5, 11, 8.5 ], "texture": "#texture" },
        "west":  { "uv": [ 10, 6.5, 10.5, 8.5 ], "texture": "#texture" },
        "east":  { "uv": [ 5.5, 6.5, 6, 8.5 ], "texture": "#texture" }
    }
},
{
    "from": [ 10, 7, 9.5 ],
    "to": [ 10.5, 9, 10 ],
    "faces": {
        "down":  { "uv": [ 6, 9, 5.5, 8.5 ], "texture": "#texture" },
        "up":    { "uv": [ 10, 8.5, 10.5, 9 ], "texture": "#texture" },
        "north": { "uv": [ 5.5, 7, 6, 9 ], "texture": "#texture" },
        "south": { "uv": [ 10, 7, 10.5, 9 ], "texture": "#texture" },
        "west":  { "uv": [ 9.5, 7, 10, 9 ], "texture": "#texture" },
        "east":  { "uv": [ 6, 7, 6.5, 9 ], "texture": "#texture" }
    }
},
{
    "from": [ 9.5, 7, 9.5 ],
    "to": [ 10, 8, 10 ],
    "faces": {
        "down":  { "uv": [ 6.5, 8.5, 6, 8 ], "texture": "#texture" },
        "up":    { "uv": [ 9.5, 8.5, 10, 9 ], "texture": "#texture" },
        "north": { "uv": [ 6, 8, 6.5, 9 ], "texture": "#texture" },
        "south": { "uv": [ 9.5, 8, 10, 9 ], "texture": "#texture" },
        "west":  { "uv": [ 9.5, 8, 10, 9 ], "texture": "#texture" },
        "east":  { "uv": [ 6, 8, 6.5, 9 ], "texture": "#texture" }
    }
},
{
    "from": [ 9, 7, 9.5 ],
    "to": [ 9.5, 7.5, 10 ],
    "faces": {
        "down":  { "uv": [ 7, 9, 6.5, 8.5 ], "texture": "#texture" },
        "up":    { "uv": [ 9, 8.5, 9.5, 9 ], "texture": "#texture" },
        "north": { "uv": [ 6.5, 8.5, 7, 9 ], "texture": "#texture" },
        "south": { "uv": [ 9, 8.5, 9.5, 9 ], "texture": "#texture" },
        "west":  { "uv": [ 9.5, 8.5, 10, 9 ], "texture": "#texture" },
        "east":  { "uv": [ 6, 8.5, 6.5, 9 ], "texture": "#texture" }
    }
},
{
    "from": [ 7, 6.5, 9.5 ],
    "to": [ 7.5, 7, 10 ],
    "faces": {
        "down":  { "uv": [ 9.5, 9, 9, 8.5 ], "texture": "#texture" },
        "up":    { "uv": [ 7, 9, 7.5, 9.5 ], "texture": "#texture" },
        "north": { "uv": [ 9, 8.5, 9.5, 9 ], "texture": "#texture" },
        "south": { "uv": [ 6.5, 8.5, 7, 9 ], "texture": "#texture" },
        "west":  { "uv": [ 9.5, 8.5, 10, 9 ], "texture": "#texture" },
        "east":  { "uv": [ 6, 8.5, 6.5, 9 ], "texture": "#texture" }
    }
},
{
    "from": [ 8.5, 6.5, 9.5 ],
    "to": [ 9, 7, 10 ],
    "faces": {
        "down":  { "uv": [ 9.5, 9, 9, 8.5 ], "texture": "#texture" },
        "up":    { "uv": [ 6.5, 8.5, 7, 9 ], "texture": "#texture" },
        "north": { "uv": [ 9, 8.5, 9.5, 9 ], "texture": "#texture" },
        "south": { "uv": [ 6.5, 8.5, 7, 9 ], "texture": "#texture" },
        "west":  { "uv": [ 9.5, 8.5, 10, 9 ], "texture": "#texture" },
        "east":  { "uv": [ 6, 8.5, 6.5, 9 ], "texture": "#texture" }
    }
},
{
    "from": [ 5, 6, 9.5 ],
    "to": [ 5.5, 6.5, 10 ],
    "faces": {
        "down":  { "uv": [ 11, 10, 10.5, 9.5 ], "texture": "#texture" },
        "up":    { "uv": [ 5, 9.5, 5.5, 10 ], "texture": "#texture" },
        "north": { "uv": [ 10.5, 9.5, 11, 10 ], "texture": "#texture" },
        "south": { "uv": [ 5, 9.5, 5.5, 10 ], "texture": "#texture" },
        "west":  { "uv": [ 10.5, 9.5, 11, 10 ], "texture": "#texture" },
        "east":  { "uv": [ 5, 9.5, 5.5, 10 ], "texture": "#texture" }
    }
},
{
    "from": [ 10.5, 6, 9.5 ],
    "to": [ 11, 6.5, 10 ],
    "faces": {
        "down":  { "uv": [ 5.5, 10, 5, 9.5 ], "texture": "#texture" },
        "up":    { "uv": [ 10.5, 9.5, 11, 10 ], "texture": "#texture" },
        "north": { "uv": [ 5, 9.5, 5.5, 10 ], "texture": "#texture" },
        "south": { "uv": [ 10.5, 9.5, 11, 10 ], "texture": "#texture" },
        "west":  { "uv": [ 10.5, 9.5, 11, 10 ], "texture": "#texture" },
        "east":  { "uv": [ 5, 9.5, 5.5, 10 ], "texture": "#texture" }
    }
},
{
    "from": [ 7.5, 6, 9.5 ],
    "to": [ 8.5, 6.5, 10 ],
    "faces": {
        "down":  { "uv": [ 8.5, 10, 7.5, 9.5 ], "texture": "#texture" },
        "up":    { "uv": [ 7.5, 9.5, 8.5, 10 ], "texture": "#texture" },
        "north": { "uv": [ 7.5, 9.5, 8.5, 10 ], "texture": "#texture" },
        "south": { "uv": [ 7.5, 9.5, 8.5, 10 ], "texture": "#texture" },
        "west":  { "uv": [ 8, 9.5, 8.5, 10 ], "texture": "#texture" },
        "east":  { "uv": [ 7.5, 9.5, 8, 10 ], "texture": "#texture" }
    }
},
{
    "from": [ 5, 5, 9.5 ],
    "to": [ 11, 6, 10 ],
    "faces": {
        "down":  { "uv": [ 11, 10.5, 5, 10 ], "texture": "#texture" },
        "up":    { "uv": [ 5, 10, 11, 10.5 ], "texture": "#texture" },
        "north": { "uv": [ 5, 10, 11, 11 ], "texture": "#texture" },
        "south": { "uv": [ 5, 10, 11, 11 ], "texture": "#texture" },
        "west":  { "uv": [ 9.5, 10, 10, 11 ], "texture": "#texture" },
        "east":  { "uv": [ 6, 10, 6.5, 11 ], "texture": "#texture" }
    }
},
{
    "from": [ 5, 4, 9.5 ],
    "to": [ 11, 5, 10 ],
    "faces": {
        "down":  { "uv": [ 11, 11.5, 5, 11 ], "texture": "#texture" },
        "up":    { "uv": [ 5, 11, 11, 11.5 ], "texture": "#texture" },
        "north": { "uv": [ 5, 11, 11, 12 ], "texture": "#texture" },
        "south": { "uv": [ 5, 11, 11, 12 ], "texture": "#texture" },
        "west":  { "uv": [ 10.5, 11, 11, 12 ], "texture": "#texture" },
        "east":  { "uv": [ 5, 11, 5.5, 12 ], "texture": "#texture" }
    }
},
{
    "from": [ 5.5, 3, 9.5 ],
    "to": [ 10.5, 4, 10 ],
    "faces": {
        "down":  { "uv": [ 10.5, 12, 5.5, 11.5 ], "texture": "#texture" },
        "up":    { "uv": [ 5.5, 12, 10.5, 12.5 ], "texture": "#texture" },
        "north": { "uv": [ 5.5, 12, 10.5, 13 ], "texture": "#texture" },
        "south": { "uv": [ 5.5, 12, 10.5, 13 ], "texture": "#texture" },
        "west":  { "uv": [ 10, 12, 10.5, 13 ], "texture": "#texture" },
        "east":  { "uv": [ 5.5, 12, 6, 13 ], "texture": "#texture" }
    }
},
{
    "from": [ 6, 2.5, 9.5 ],
    "to": [ 10, 3, 10 ],
    "faces": {
        "down":  { "uv": [ 10, 13.5, 6, 13 ], "texture": "#texture" },
        "up":    { "uv": [ 6, 13, 10, 13.5 ], "texture": "#texture" },
        "north": { "uv": [ 6, 13, 10, 13.5 ], "texture": "#texture" },
        "south": { "uv": [ 6, 13, 10, 13.5 ], "texture": "#texture" },
        "west":  { "uv": [ 9.5, 13, 10, 13.5 ], "texture": "#texture" },
        "east":  { "uv": [ 6, 13, 6.5, 13.5 ], "texture": "#texture" }
    }
},
{
    "from": [ 6.5, 2, 9.5 ],
    "to": [ 9.5, 2.5, 10 ],
    "faces": {
        "down":  { "uv": [ 9.5, 14, 6.5, 13.5 ], "texture": "#texture" },
        "up":    { "uv": [ 6.5, 9.5, 9.5, 10 ], "texture": "#texture" },
        "north": { "uv": [ 6.5, 13.5, 9.5, 14 ], "texture": "#texture" },
        "south": { "uv": [ 6.5, 13.5, 9.5, 14 ], "texture": "#texture" },
        "west":  { "uv": [ 9, 13.5, 9.5, 14 ], "texture": "#texture" },
        "east":  { "uv": [ 6.5, 13.5, 7, 14 ], "texture": "#texture" }
    }
},
{
    "from": [ 7, 1.5, 9.5 ],
    "to": [ 9, 2, 10 ],
    "faces": {
        "down":  { "uv": [ 9, 14.5, 7, 14 ], "texture": "#texture" },
        "up":    { "uv": [ 7, 14, 9, 14.5 ], "texture": "#texture" },
        "north": { "uv": [ 7, 14, 9, 14.5 ], "texture": "#texture" },
        "south": { "uv": [ 7, 14, 9, 14.5 ], "texture": "#texture" },
        "west":  { "uv": [ 8.5, 14, 9, 14.5 ], "texture": "#texture" },
        "east":  { "uv": [ 7, 14, 7.5, 14.5 ], "texture": "#texture" }
    }
},
{
    "from": [ 7.5, 1, 9.5 ],
    "to": [ 8.5, 1.5, 10 ],
    "faces": {
        "down":  { "uv": [ 8.5, 15, 7.5, 14.5 ], "texture": "#texture" },
        "up":    { "uv": [ 7.5, 14.5, 8.5, 15 ], "texture": "#texture" },
        "north": { "uv": [ 7.5, 14.5, 8.5, 15 ], "texture": "#texture" },
        "south": { "uv": [ 7.5, 14.5, 8.5, 15 ], "texture": "#texture" },
        "west":  { "uv": [ 8, 14.5, 8.5, 15 ], "texture": "#texture" },
        "east":  { "uv": [ 7.5, 14.5, 8, 15 ], "texture": "#texture" }
    }
},
{
    "from": [ 5.5, 6, 9 ],
    "to": [ 7, 7, 9.5 ],
    "faces": {
        "down":  { "uv": [ 11, 9.5, 10, 9 ], "texture": "#texture" },
        "up":    { "uv": [ 5, 9, 6, 9.5 ], "texture": "#texture" },
        "north": { "uv": [ 10, 9, 10.5, 10 ], "texture": "#texture" },
        "south": { "uv": [ 5.5, 9, 7, 10 ], "texture": "#texture" },
        "west":  { "uv": [ 10, 9, 10.5, 10 ], "texture": "#texture" },
        "east":  { "uv": [ 5.5, 9, 6, 10 ], "texture": "#texture" }
    }
},
{
    "from": [ 9, 6, 9 ],
    "to": [ 10.5, 7, 9.5 ],
    "faces": {
        "down":  { "uv": [ 6, 9.5, 5, 9 ], "texture": "#texture" },
        "up":    { "uv": [ 10, 9, 11, 9.5 ], "texture": "#texture" },
        "north": { "uv": [ 5.5, 9, 7, 10 ], "texture": "#texture" },
        "south": { "uv": [ 9, 9, 10.5, 10 ], "texture": "#texture" },
        "west":  { "uv": [ 10, 9, 10.5, 10 ], "texture": "#texture" },
        "east":  { "uv": [ 5.5, 9, 6, 10 ], "texture": "#texture" }
    }
},
{
    "from": [ 5.5, 10, 9.5 ],
    "to": [ 10.5, 10.5, 10 ],
    "faces": {
        "down":  { "uv": [ 10.5, 6, 5.5, 5.5 ], "texture": "#texture" },
        "up":    { "uv": [ 5.5, 5.5, 10.5, 6 ], "texture": "#texture" },
        "north": { "uv": [ 5.5, 5.5, 10.5, 6 ], "texture": "#texture" },
        "south": { "uv": [ 5.5, 5.5, 10.5, 6 ], "texture": "#texture" },
        "west":  { "uv": [ 10, 5.5, 10.5, 6 ], "texture": "#texture" },
        "east":  { "uv": [ 5.5, 5.5, 6, 6 ], "texture": "#texture" }
    }
},
{
    "from": [ 6, 10.5, 9.5 ],
    "to": [ 10, 11, 10 ],
    "faces": {
        "down":  { "uv": [ 10, 5.5, 6, 5 ], "texture": "#texture" },
        "up":    { "uv": [ 6, 5, 10, 5.5 ], "texture": "#texture" },
        "north": { "uv": [ 6, 5, 10, 5.5 ], "texture": "#texture" },
        "south": { "uv": [ 6, 5, 10, 5.5 ], "texture": "#texture" },
        "west":  { "uv": [ 9.5, 5, 10, 5.5 ], "texture": "#texture" },
        "east":  { "uv": [ 6, 5, 6.5, 5.5 ], "texture": "#texture" }
    }
},
{
    "from": [ 6.5, 11, 9.5 ],
    "to": [ 9.5, 12, 10 ],
    "faces": {
        "down":  { "uv": [ 9.5, 4.5, 6.5, 4 ], "texture": "#texture" },
        "up":    { "uv": [ 6.5, 4, 9.5, 4.5 ], "texture": "#texture" },
        "north": { "uv": [ 6.5, 4, 9.5, 5 ], "texture": "#texture" },
        "south": { "uv": [ 6.5, 4, 9.5, 5 ], "texture": "#texture" },
        "west":  { "uv": [ 9, 4, 9.5, 5 ], "texture": "#texture" },
        "east":  { "uv": [ 6.5, 4, 7, 5 ], "texture": "#texture" }
    }
},
{
    "from": [ 7, 12, 9.5 ],
    "to": [ 9, 13, 10 ],
    "faces": {
        "down":  { "uv": [ 9, 3.5, 7, 3 ], "texture": "#texture" },
        "up":    { "uv": [ 7, 3, 9, 3.5 ], "texture": "#texture" },
        "north": { "uv": [ 7, 3, 9, 4 ], "texture": "#texture" },
        "south": { "uv": [ 7, 3, 9, 4 ], "texture": "#texture" },
        "west":  { "uv": [ 8.5, 3, 9, 4 ], "texture": "#texture" },
        "east":  { "uv": [ 7, 3, 7.5, 4 ], "texture": "#texture" }
    }
},
{
    "from": [ 7.5, 13, 9.5 ],
    "to": [ 8.5, 14, 10 ],
    "faces": {
        "down":  { "uv": [ 8.5, 2.5, 7.5, 2 ], "texture": "#texture" },
        "up":    { "uv": [ 7.5, 2, 8.5, 2.5 ], "texture": "#texture" },
        "north": { "uv": [ 7.5, 2, 8.5, 3 ], "texture": "#texture" },
        "south": { "uv": [ 7.5, 2, 8.5, 3 ], "texture": "#texture" },
        "west":  { "uv": [ 8, 2, 8.5, 3 ], "texture": "#texture" },
        "east":  { "uv": [ 7.5, 2, 8, 3 ], "texture": "#texture" }
    }
},
{
    "from": [ 6, 9.5, 9.5 ],
    "to": [ 10, 10, 10 ],
    "faces": {
        "down":  { "uv": [ 10, 6.5, 6, 6 ], "texture": "#texture" },
        "up":    { "uv": [ 6, 6, 10, 6.5 ], "texture": "#texture" },
        "north": { "uv": [ 6, 6, 10, 6.5 ], "texture": "#texture" },
        "south": { "uv": [ 6, 6, 10, 6.5 ], "texture": "#texture" },
        "west":  { "uv": [ 9.5, 6, 10, 6.5 ], "texture": "#texture" },
        "east":  { "uv": [ 6, 6, 6.5, 6.5 ], "texture": "#texture" }
    }
},
{
    "from": [ 6.5, 9, 9.5 ],
    "to": [ 9.5, 9.5, 10 ],
    "faces": {
        "down":  { "uv": [ 9.5, 7, 6.5, 6.5 ], "texture": "#texture" },
        "up":    { "uv": [ 6.5, 6.5, 9.5, 7 ], "texture": "#texture" },
        "north": { "uv": [ 6.5, 6.5, 9.5, 7 ], "texture": "#texture" },
        "south": { "uv": [ 6.5, 6.5, 9.5, 7 ], "texture": "#texture" },
        "west":  { "uv": [ 9, 6.5, 9.5, 7 ], "texture": "#texture" },
        "east":  { "uv": [ 6.5, 6.5, 7, 7 ], "texture": "#texture" }
    }
},
{
    "from": [ 7, 8.5, 9.5 ],
    "to": [ 9, 9, 10 ],
    "faces": {
        "down":  { "uv": [ 9, 8, 7, 7.5 ], "texture": "#texture" },
        "up":    { "uv": [ 7, 7.5, 9, 8 ], "texture": "#texture" },
        "north": { "uv": [ 7, 7, 9, 7.5 ], "texture": "#texture" },
        "south": { "uv": [ 7, 7, 9, 7.5 ], "texture": "#texture" },
        "west":  { "uv": [ 8.5, 7, 9, 7.5 ], "texture": "#texture" },
        "east":  { "uv": [ 7, 7, 7.5, 7.5 ], "texture": "#texture" }
    }
},
{
    "from": [ 7.5, 7.5, 9.5 ],
    "to": [ 8.5, 8.5, 10 ],
    "faces": {
        "down":  { "uv": [ 8.5, 8.5, 7.5, 8 ], "texture": "#texture" },
        "up":    { "uv": [ 7.5, 8, 8.5, 8.5 ], "texture": "#texture" },
        "north": { "uv": [ 7.5, 7.5, 8.5, 8.5 ], "texture": "#texture" },
        "south": { "uv": [ 7.5, 7.5, 8.5, 8.5 ], "texture": "#texture" },
        "west":  { "uv": [ 8, 7.5, 8.5, 8.5 ], "texture": "#texture" },
        "east":  { "uv": [ 7.5, 7.5, 8, 8.5 ], "texture": "#texture" }
    }
},
{
    "from": [ 7, 8, 9.5 ],
    "to": [ 7.5, 8.5, 10 ],
    "faces": {
        "down":  { "uv": [ 9, 8, 8.5, 7.5 ], "texture": "#texture" },
        "up":    { "uv": [ 7, 7.5, 7.5, 8 ], "texture": "#texture" },
        "north": { "uv": [ 8.5, 7.5, 9, 8 ], "texture": "#texture" },
        "south": { "uv": [ 7, 7.5, 7.5, 8 ], "texture": "#texture" },
        "west":  { "uv": [ 8.5, 7.5, 9, 8 ], "texture": "#texture" },
        "east":  { "uv": [ 7, 7.5, 7.5, 8 ], "texture": "#texture" }
    }
},
{
    "from": [ 8.5, 8, 9.5 ],
    "to": [ 9, 8.5, 10 ],
    "faces": {
        "down":  { "uv": [ 7.5, 8, 7, 7.5 ], "texture": "#texture" },
        "up":    { "uv": [ 8.5, 7.5, 9, 8 ], "texture": "#texture" },
        "north": { "uv": [ 7, 7.5, 7.5, 8 ], "texture": "#texture" },
        "south": { "uv": [ 8.5, 7.5, 9, 8 ], "texture": "#texture" },
        "west":  { "uv": [ 7, 7.5, 7.5, 8 ], "texture": "#texture" },
        "east":  { "uv": [ 7, 7.5, 7.5, 8 ], "texture": "#texture" }
    }
},
{
    "from": [ 7.5, 12, 10 ],
    "to": [ 8.5, 13, 10.5 ],
    "faces": {
        "down":  { "uv": [ 8.5, 10.5, 7.5, 10 ], "texture": "#texture" },
        "up":    { "uv": [ 7.5, 2.5, 8.5, 3 ], "texture": "#texture" },
        "north": { "uv": [ 7.5, 3, 8.5, 4 ], "texture": "#texture" },
        "south": { "uv": [ 7.5, 3, 8.5, 4 ], "texture": "#texture" },
        "west":  { "uv": [ 8, 3, 8.5, 4 ], "texture": "#texture" },
        "east":  { "uv": [ 7.5, 2.5, 8, 3.5 ], "texture": "#texture" }
    }
},
{
    "from": [ 7, 11, 10 ],
    "to": [ 9, 12, 10.5 ],
    "faces": {
        "down":  { "uv": [ 9, 3.5, 7, 3 ], "texture": "#texture" },
        "up":    { "uv": [ 7, 3, 9, 3.5 ], "texture": "#texture" },
        "north": { "uv": [ 7, 4, 9, 5 ], "texture": "#texture" },
        "south": { "uv": [ 7, 4, 9, 5 ], "texture": "#texture" },
        "west":  { "uv": [ 9, 4, 9.5, 5 ], "texture": "#texture" },
        "east":  { "uv": [ 6.5, 4, 7, 5 ], "texture": "#texture" }
    }
},
{
    "from": [ 6.5, 9.5, 10 ],
    "to": [ 9.5, 11, 10.5 ],
    "faces": {
        "down":  { "uv": [ 9.5, 7, 6.5, 6.5 ], "texture": "#texture" },
        "up":    { "uv": [ 6.5, 6.5, 9.5, 7 ], "texture": "#texture" },
        "north": { "uv": [ 6.5, 5, 9.5, 6.5 ], "texture": "#texture" },
        "south": { "uv": [ 6.5, 5, 9.5, 6.5 ], "texture": "#texture" },
        "west":  { "uv": [ 9.5, 5, 10, 6.5 ], "texture": "#texture" },
        "east":  { "uv": [ 6, 5, 6.5, 6.5 ], "texture": "#texture" }
    }
},
{
    "from": [ 7, 9, 10 ],
    "to": [ 9, 9.5, 10.5 ],
    "faces": {
        "down":  { "uv": [ 9, 8, 7, 7.5 ], "texture": "#texture" },
        "up":    { "uv": [ 7, 7.5, 9, 8 ], "texture": "#texture" },
        "north": { "uv": [ 7, 6.5, 9, 7 ], "texture": "#texture" },
        "south": { "uv": [ 7, 6.5, 9, 7 ], "texture": "#texture" },
        "west":  { "uv": [ 9, 6.5, 9.5, 7 ], "texture": "#texture" },
        "east":  { "uv": [ 6.5, 6.5, 7, 7 ], "texture": "#texture" }
    }
},
{
    "from": [ 7.5, 8.5, 10 ],
    "to": [ 8.5, 9, 10.5 ],
    "faces": {
        "down":  { "uv": [ 8.5, 8, 7.5, 7.5 ], "texture": "#texture" },
        "up":    { "uv": [ 7.5, 7, 8.5, 7.5 ], "texture": "#texture" },
        "north": { "uv": [ 7.5, 7, 8.5, 7.5 ], "texture": "#texture" },
        "south": { "uv": [ 7.5, 7, 8.5, 7.5 ], "texture": "#texture" },
        "west":  { "uv": [ 8, 7, 8.5, 7.5 ], "texture": "#texture" },
        "east":  { "uv": [ 7.5, 7, 8, 7.5 ], "texture": "#texture" }
    }
},
{
    "from": [ 6, 10, 10 ],
    "to": [ 6.5, 10.5, 10.5 ],
    "faces": {
        "down":  { "uv": [ 10, 6, 9.5, 5.5 ], "texture": "#texture" },
        "up":    { "uv": [ 6, 5.5, 6.5, 6 ], "texture": "#texture" },
        "north": { "uv": [ 9.5, 5.5, 10, 6 ], "texture": "#texture" },
        "south": { "uv": [ 6, 5.5, 6.5, 6 ], "texture": "#texture" },
        "west":  { "uv": [ 10, 5.5, 10.5, 6 ], "texture": "#texture" },
        "east":  { "uv": [ 5.5, 5.5, 6, 6 ], "texture": "#texture" }
    }
},
{
    "from": [ 9.5, 10, 10 ],
    "to": [ 10, 10.5, 10.5 ],
    "faces": {
        "down":  { "uv": [ 6.5, 6, 6, 5.5 ], "texture": "#texture" },
        "up":    { "uv": [ 9.5, 5.5, 10, 6 ], "texture": "#texture" },
        "north": { "uv": [ 6, 5.5, 6.5, 6 ], "texture": "#texture" },
        "south": { "uv": [ 9.5, 5.5, 10, 6 ], "texture": "#texture" },
        "west":  { "uv": [ 9.5, 5.5, 10, 6 ], "texture": "#texture" },
        "east":  { "uv": [ 6, 5.5, 6.5, 6 ], "texture": "#texture" }
    }
},
{
    "from": [ 3, 8.5, -3.5 ],
    "to": [ 4, 9.5, 7 ],
    "faces": {
        "down":  { "uv": [ 13.5, 8, 13, 6.5 ], "texture": "#texture" },
        "up":    { "uv": [ 2, 4, 2.5, 6.5 ], "texture": "#texture" },
        "north": { "uv": [ 13, 7, 13.5, 8 ], "texture": "#texture" },
        "south": { "uv": [ 2.5, 7, 3, 8 ], "texture": "#texture" },
        "west":  { "uv": [ 2.5, 7, 3, 8 ], "texture": "#texture" },
        "east":  { "uv": [ 13, 7, 13.5, 8 ], "texture": "#texture" }
    }
},
{
    "from": [ 3.5, 5.5, -3.5 ],
    "to": [ 4.5, 6.5, 7 ],
    "faces": {
        "down":  { "uv": [ 13.5, 8, 13, 6.5 ], "texture": "#texture" },
        "up":    { "uv": [ 2, 4, 2.5, 6.5 ], "texture": "#texture" },
        "north": { "uv": [ 13, 7, 13.5, 8 ], "texture": "#texture" },
        "south": { "uv": [ 2.5, 7, 3, 8 ], "texture": "#texture" },
        "west":  { "uv": [ 2.5, 7, 3, 8 ], "texture": "#texture" },
        "east":  { "uv": [ 13, 7, 13.5, 8 ], "texture": "#texture" }
    }
},
{
    "from": [ 12, 8.5, -3.5 ],
    "to": [ 13, 9.5, 7 ],
    "faces": {
        "down":  { "uv": [ 13.5, 8, 13, 6.5 ], "texture": "#texture" },
        "up":    { "uv": [ 2, 4, 2.5, 6.5 ], "texture": "#texture" },
        "north": { "uv": [ 13, 7, 13.5, 8 ], "texture": "#texture" },
        "south": { "uv": [ 2.5, 7, 3, 8 ], "texture": "#texture" },
        "west":  { "uv": [ 2.5, 7, 3, 8 ], "texture": "#texture" },
        "east":  { "uv": [ 13, 7, 13.5, 8 ], "texture": "#texture" }
    }
},
{
    "from": [ 11.5, 5.5, -3.5 ],
    "to": [ 12.5, 6.5, 7 ],
    "faces": {
        "down":  { "uv": [ 13.5, 8, 13, 6.5 ], "texture": "#texture" },
        "up":    { "uv": [ 2, 4, 2.5, 6.5 ], "texture": "#texture" },
        "north": { "uv": [ 13, 7, 13.5, 8 ], "texture": "#texture" },
        "south": { "uv": [ 2.5, 7, 3, 8 ], "texture": "#texture" },
        "west":  { "uv": [ 2.5, 7, 3, 8 ], "texture": "#texture" },
        "east":  { "uv": [ 13, 7, 13.5, 8 ], "texture": "#texture" }
    }
},
{
    "from": [ 3.5, 8.5, -4.5 ],
    "to": [ 12.5, 9.5, -3.5 ],
    "faces": {
        "down":  { "uv": [ 13.5, 8, 13, 6.5 ], "texture": "#texture" },
        "up":    { "uv": [ 2, 4, 2.5, 6.5 ], "texture": "#texture" },
        "north": { "uv": [ 13, 7, 13.5, 8 ], "texture": "#texture" },
        "south": { "uv": [ 2.5, 7, 3, 8 ], "texture": "#texture" },
        "west":  { "uv": [ 2.5, 7, 3, 8 ], "texture": "#texture" },
        "east":  { "uv": [ 13, 7, 13.5, 8 ], "texture": "#texture" }
    }
},
{
    "from": [ 4, 5.5, -4.5 ],
    "to": [ 12, 6.5, -3.5 ],
    "faces": {
        "down":  { "uv": [ 13.5, 8, 13, 6.5 ], "texture": "#texture" },
        "up":    { "uv": [ 2, 4, 2.5, 6.5 ], "texture": "#texture" },
        "north": { "uv": [ 13, 7, 13.5, 8 ], "texture": "#texture" },
        "south": { "uv": [ 2.5, 7, 3, 8 ], "texture": "#texture" },
        "west":  { "uv": [ 2.5, 7, 3, 8 ], "texture": "#texture" },
        "east":  { "uv": [ 13, 7, 13.5, 8 ], "texture": "#texture" }
    }
},
{
    "from": [ 2.5, 10, 9 ],
    "to": [ 5.5, 10.5, 9.5 ],
    "faces": {
        "down":  { "uv": [ 12, 10.5, 9, 10 ], "texture": "#texture" },
        "up":    { "uv": [ 2.5, 9, 5.5, 9.5 ], "texture": "#texture" },
        "north": { "uv": [ 10.5, 6, 13.5, 6.5 ], "texture": "#texture" },
        "south": { "uv": [ 2.5, 6, 5.5, 6.5 ], "texture": "#texture" },
        "west":  { "uv": [ 12, 8.5, 12.5, 9 ], "texture": "#texture" },
        "east":  { "uv": [ 2.5, 6, 3, 6.5 ], "texture": "#texture" }
    }
}
],
"display": {
    "head": {
        "rotation": [ 0, 180, 0 ],
        "translation": [ 0, 0.9, -4.5 ],
        "scale": [ 1.83, 1.8, 1.45 ]
    },
    "gui": {
        "rotation": [ -30, 135, 0 ],
        "translation": [ 0, 0, 0 ],
        "scale": [ 1.39, 1.39, 1 ]
    }
}
}