{
"__comment": "Designed by Hypixel minecraft server with BDcraft Cubik PRO 0.91 Beta - http://bdcraft.net",
"textures": {
    "texture": "items/NecroHood",
    "magemask": "items/NecroMask"
},
"elements": [ 
{
    "from": [ 1, 0, 2 ],
    "to": [ 2, 1, 13 ],
    "faces": {
        "down":  { "uv": [ 7, 5, 8, 11 ], "texture": "#texture", "cullface": "down" },
        "north": { "uv": [ 6.5, 10, 7.5, 11 ], "texture": "#texture" },
        "south": { "uv": [ 6.5, 10, 7.5, 11 ], "texture": "#texture" },
        "west":  { "uv": [ 3, 10.5, 9, 11 ], "texture": "#texture" }
    }
},
{
    "from": [ 3, -1, 2 ],
    "to": [ 5, 0, 14 ],
    "faces": {
        "down":  { "uv": [ 3, 11, 9, 11.5 ], "texture": "#texture", "cullface": "down" },
        "up":    { "uv": [ 3, 11, 9, 11.5 ], "texture": "#texture", "cullface": "down" },
        "north": { "uv": [ 13.5, 14.5, 14, 15 ], "texture": "#texture", "cullface": "down" },
        "south": { "uv": [ 13.5, 14.5, 14, 15 ], "texture": "#texture", "cullface": "down" },
        "west":  { "uv": [ 3, 11, 9, 11.5 ], "texture": "#texture", "cullface": "down" },
        "east":  { "uv": [ 3, 11, 9, 11.5 ], "texture": "#texture", "cullface": "down" }
    }
},
{
    "from": [ 14, 2, -2 ],
    "to": [ 15, 3, 17 ],
    "faces": {
        "down":  { "uv": [ 10.5, 9.5, 1, 10 ], "rotation": 90, "texture": "#texture" },
        "up":    { "uv": [ 1, 9.5, 10.5, 10 ], "rotation": 90, "texture": "#texture" },
        "north": { "uv": [ 10, 10, 10.5, 10.5 ], "texture": "#texture" },
        "south": { "uv": [ 10, 9.5, 10.5, 10 ], "texture": "#texture" },
        "west":  { "uv": [ 1, 9.5, 10.5, 10 ], "texture": "#texture" },
        "east":  { "uv": [ 10.5, 9.5, 1, 10 ], "texture": "#texture" }
    }
},
{
    "from": [ 0, 1, 1 ],
    "to": [ 1, 2, 14 ],
    "faces": {
        "down":  { "uv": [ 6, 6, 7, 10 ], "texture": "#texture" },
        "north": { "uv": [ 6.5, 9.5, 7.5, 10.5 ], "texture": "#texture" },
        "south": { "uv": [ 6.5, 9.5, 7.5, 10.5 ], "texture": "#texture" },
        "west":  { "uv": [ 3, 10, 8.5, 11 ], "texture": "#texture", "cullface": "west" }
    }
},
{
    "from": [ -1, 6, -1 ],
    "to": [ 8.88178e-016, 9, 14 ],
    "faces": {
        "down":  { "uv": [ 5, 6, 6, 6.5 ], "texture": "#texture", "cullface": "west" },
        "up":    { "uv": [ 5, 6, 6, 6.5 ], "texture": "#texture", "cullface": "west" },
        "north": { "uv": [ 1.5, 6, 2, 7.5 ], "texture": "#texture", "cullface": "west" },
        "south": { "uv": [ 8.5, 6.5, 9, 8 ], "texture": "#texture", "cullface": "west" },
        "west":  { "uv": [ 1.5, 6.5, 9, 8 ], "texture": "#texture", "cullface": "west" },
        "east":  { "uv": [ 9, 6.5, 1.5, 8 ], "texture": "#texture", "cullface": "west" }
    }
},
{
    "from": [ 15, 6, -1 ],
    "to": [ 16, 8, 15 ],
    "faces": {
        "north": { "uv": [ 1.5, 7, 2, 8 ], "texture": "#texture", "cullface": "north" },
        "south": { "uv": [ 9, 7, 9.5, 8 ], "texture": "#texture", "cullface": "north" },
        "west":  { "uv": [ 1.5, 7, 9.5, 8 ], "texture": "#texture", "cullface": "north" },
        "east":  { "uv": [ 9.5, 8, 1.5, 7 ], "texture": "#texture", "cullface": "north" }
    }
},
{
    "from": [ -1, 9, 0 ],
    "to": [ 8.88178e-016, 11, 14 ],
    "faces": {
        "up":    { "uv": [ 6, 5, 7.5, 6.5 ], "texture": "#texture", "cullface": "west" },
        "north": { "uv": [ 1.5, 5.5, 2, 6.5 ], "texture": "#texture", "cullface": "west" },
        "south": { "uv": [ 6, 5, 6.5, 6 ], "texture": "#texture", "cullface": "west" },
        "west":  { "uv": [ 2, 6, 9, 7 ], "texture": "#texture", "cullface": "west" }
    }
},
{
    "from": [ -1, 11, 1 ],
    "to": [ 8.88178e-016, 12, 14 ],
    "faces": {
        "north": { "uv": [ 7.5, 4, 8, 5 ], "texture": "#texture", "cullface": "west" },
        "south": { "uv": [ 7.5, 4, 8, 5 ], "texture": "#texture", "cullface": "west" },
        "west":  { "uv": [ 2.5, 5.5, 9, 6 ], "texture": "#texture", "cullface": "west" }
    }
},
{
    "from": [ -1, 12, 1 ],
    "to": [ 8.88178e-016, 13, 15 ],
    "faces": {
        "down":  { "uv": [ 5, 5, 6.5, 6.5 ], "texture": "#texture", "cullface": "west" },
        "up":    { "uv": [ 5, 5, 6.5, 6.5 ], "texture": "#texture", "cullface": "west" },
        "north": { "uv": [ 7, 5.5, 7.5, 6.5 ], "texture": "#texture", "cullface": "west" },
        "south": { "uv": [ 7, 5.5, 7.5, 6.5 ], "texture": "#texture", "cullface": "west" },
        "west":  { "uv": [ 2.5, 4.5, 9.5, 5 ], "texture": "#texture", "cullface": "west" }
    }
},
{
    "from": [ -1, 15, 1 ],
    "to": [ 6.66134e-016, 16, 11 ],
    "faces": {
        "up":    { "uv": [ 2.5, 3, 7, 3.5 ], "rotation": 90, "texture": "#texture", "cullface": "west" },
        "north": { "uv": [ 2.5, 3, 3, 4 ], "texture": "#texture", "cullface": "west" },
        "south": { "uv": [ 6.5, 2.5, 7, 3.5 ], "texture": "#texture", "cullface": "west" },
        "west":  { "uv": [ 2.5, 3, 7, 3.5 ], "texture": "#texture", "cullface": "west" }
    }
},
{
    "from": [ 0, 16, 0 ],
    "to": [ 1, 17, 13 ],
    "faces": {
        "up":    { "uv": [ 2, 2.5, 8.5, 3 ], "rotation": 90, "texture": "#texture", "cullface": "up" },
        "north": { "uv": [ 2, 2.5, 3, 3 ], "texture": "#texture", "cullface": "up" },
        "south": { "uv": [ 7.5, 2.5, 8.5, 3 ], "texture": "#texture", "cullface": "up" },
        "west":  { "uv": [ 2, 2.5, 8.5, 3 ], "texture": "#texture", "cullface": "up" }
    }
},
{
    "from": [ 1, 18, 1 ],
    "to": [ 2, 19, 12 ],
    "faces": {
        "up":    { "uv": [ 2.5, 1.5, 8, 2 ], "rotation": 90, "texture": "#texture", "cullface": "up" },
        "north": { "uv": [ 2.5, 1.5, 3, 2 ], "texture": "#texture", "cullface": "up" },
        "south": { "uv": [ 7.5, 1.5, 8, 2 ], "texture": "#texture", "cullface": "up" },
        "west":  { "uv": [ 2.5, 1.5, 8, 2 ], "texture": "#texture", "cullface": "up" }
    }
},
{
    "from": [ 3, 20, 1 ],
    "to": [ 4, 21, 12 ],
    "faces": {
        "up":    { "uv": [ 2.5, 0.5, 8, 1 ], "rotation": 90, "texture": "#texture", "cullface": "up" },
        "north": { "uv": [ 6.5, 0.5, 8.5, 1 ], "texture": "#texture", "cullface": "up" },
        "south": { "uv": [ 6.5, 0.5, 8.5, 1 ], "texture": "#texture", "cullface": "up" },
        "west":  { "uv": [ 2.5, 0.5, 8, 1 ], "texture": "#texture", "cullface": "up" }
    }
},
{
    "from": [ 4, 21, 3 ],
    "to": [ 5, 22, 11 ],
    "faces": {
        "up":    { "uv": [ 8.5, 0, 2.5, 0.5 ], "rotation": 270, "texture": "#texture", "cullface": "up" },
        "north": { "uv": [ 2.5, 0, 3.5, 0.5 ], "texture": "#texture", "cullface": "up" },
        "south": { "uv": [ 7.5, 0, 8.5, 0.5 ], "texture": "#texture", "cullface": "up" },
        "west":  { "uv": [ 2.5, 0, 8.5, 0.5 ], "texture": "#texture", "cullface": "up" }
    }
},
{
    "from": [ -1, 13, 1 ],
    "to": [ 8.88178e-016, 14, 14 ],
    "faces": {
        "up":    { "uv": [ 4.5, 5, 6, 6 ], "texture": "#texture", "cullface": "west" },
        "north": { "uv": [ 5.5, 4.5, 6, 5.5 ], "texture": "#texture", "cullface": "west" },
        "south": { "uv": [ 5.5, 4.5, 6, 5.5 ], "texture": "#texture", "cullface": "west" },
        "west":  { "uv": [ 2, 4, 9, 4.5 ], "texture": "#texture", "cullface": "west" }
    }
},
{
    "from": [ 1, 17, -1 ],
    "to": [ 2, 18, 14 ],
    "faces": {
        "up":    { "uv": [ 1.5, 2, 9, 2.5 ], "rotation": 90, "texture": "#texture", "cullface": "north" },
        "north": { "uv": [ 7, 2, 9, 2.5 ], "texture": "#texture", "cullface": "north" },
        "south": { "uv": [ 0.5, 2, 2.5, 2.5 ], "texture": "#texture", "cullface": "north" },
        "west":  { "uv": [ 1.5, 2, 9, 2.5 ], "texture": "#texture", "cullface": "north" }
    }
},
{
    "from": [ 15, 3, -2 ],
    "to": [ 16, 5, 16 ],
    "faces": {
        "down":  { "uv": [ 10, 9, 1, 9.5 ], "rotation": 90, "texture": "#texture" },
        "up":    { "uv": [ 1, 8.5, 10, 9 ], "rotation": 90, "texture": "#texture" },
        "north": { "uv": [ 2, 8.5, 2.5, 9.5 ], "texture": "#texture" },
        "south": { "uv": [ 9.5, 8.5, 10, 9.5 ], "texture": "#texture", "cullface": "south" },
        "west":  { "uv": [ 1, 8.5, 10, 9.5 ], "texture": "#texture" },
        "east":  { "uv": [ 10, 8.5, 1, 9.5 ], "texture": "#texture", "cullface": "east" }
    }
},
{
    "from": [ 2, 0, 0 ],
    "to": [ 3, 1, 15 ],
    "faces": {
        "down":  { "uv": [ 8, 10.5, 9, 11 ], "texture": "#texture", "cullface": "down" },
        "north": { "uv": [ 13, 14.5, 14, 15 ], "texture": "#texture", "cullface": "north" },
        "south": { "uv": [ 13, 14.5, 14, 15 ], "texture": "#texture" },
        "west":  { "uv": [ 2, 10.5, 10, 11 ], "texture": "#texture" },
        "east":  { "uv": [ 2, 10.5, 10, 11 ], "texture": "#texture" }
    }
},
{
    "from": [ 4, 0, 14 ],
    "to": [ 5, 1, 16 ],
    "faces": {
        "down":  { "uv": [ 14, 14, 14.5, 14.5 ], "texture": "#texture", "cullface": "down" },
        "up":    { "uv": [ 14, 14, 14.5, 14.5 ], "texture": "#texture" },
        "north": { "uv": [ 14, 14, 14.5, 14.5 ], "texture": "#texture" },
        "south": { "uv": [ 14, 14, 14.5, 14.5 ], "texture": "#texture", "cullface": "south" },
        "west":  { "uv": [ 13.5, 14, 14.5, 14.5 ], "texture": "#texture" },
        "east":  { "uv": [ 14.5, 14, 13.5, 14.5 ], "texture": "#texture" }
    }
},
{
    "from": [ 1, 1, -1 ],
    "to": [ 2, 2, 16 ],
    "faces": {
        "down":  { "uv": [ 2, 10.5, 3, 11 ], "texture": "#texture" },
        "north": { "uv": [ 2, 10.5, 3, 11 ], "texture": "#texture" },
        "south": { "uv": [ 2, 10.5, 3, 11 ], "texture": "#texture", "cullface": "south" },
        "west":  { "uv": [ 1.5, 10, 2, 10.5 ], "texture": "#texture" }
    }
},
{
    "from": [ 2, 1, -1 ],
    "to": [ 3, 2, 17 ],
    "faces": {
        "down":  { "uv": [ 10.5, 9.5, 1.5, 10 ], "rotation": 90, "texture": "#texture" },
        "up":    { "uv": [ 1.5, 9.5, 10.5, 10 ], "rotation": 90, "texture": "#texture" },
        "north": { "uv": [ 2, 9.5, 2.5, 10 ], "texture": "#texture" },
        "south": { "uv": [ 10, 9.5, 10.5, 10 ], "texture": "#texture" },
        "west":  { "uv": [ 1.5, 9.5, 10.5, 10 ], "texture": "#texture" },
        "east":  { "uv": [ 10.5, 9.5, 1.5, 10 ], "texture": "#texture" }
    }
},
{
    "from": [ 1, 3, -2 ],
    "to": [ 2, 4, 16 ],
    "faces": {
        "up":    { "uv": [ 10, 9, 1, 9.5 ], "rotation": 270, "texture": "#texture" },
        "north": { "uv": [ 1, 9, 1.5, 10 ], "texture": "#texture" },
        "south": { "uv": [ 9.5, 8.5, 10, 9.5 ], "texture": "#texture", "cullface": "south" },
        "east":  { "uv": [ 10, 9, 1, 9.5 ], "texture": "#texture" }
    }
},
{
    "from": [ 0, 5, -2 ],
    "to": [ 1, 6, 15 ],
    "faces": {
        "up":    { "uv": [ 1, 8, 9.5, 8.5 ], "rotation": 90, "texture": "#texture", "cullface": "north" },
        "north": { "uv": [ 1, 8, 1.5, 9 ], "texture": "#texture", "cullface": "north" },
        "south": { "uv": [ 9.5, 8.5, 10, 9.5 ], "texture": "#texture", "cullface": "north" },
        "west":  { "uv": [ 1, 8, 9.5, 8.5 ], "texture": "#texture", "cullface": "north" },
        "east":  { "uv": [ 9.5, 8, 1, 8.5 ], "texture": "#texture", "cullface": "north" }
    }
},
{
    "from": [ 0, 6, 0 ],
    "to": [ 1, 9, 15 ],
    "faces": {
        "south": { "uv": [ 9, 6.5, 9.5, 8 ], "texture": "#texture" },
        "west":  { "uv": [ 2, 6.5, 9.5, 8 ], "texture": "#texture", "cullface": "west" },
        "east":  { "uv": [ 9.5, 6.5, 2, 8 ], "texture": "#texture" }
    }
},
{
    "from": [ 0, 9, -1 ],
    "to": [ 1, 11, 15 ],
    "faces": {
        "down":  { "uv": [ 6.5, 4.5, 8.5, 6.5 ], "texture": "#texture", "cullface": "north" },
        "up":    { "uv": [ 6.5, 4.5, 8.5, 6.5 ], "texture": "#texture", "cullface": "north" },
        "north": { "uv": [ 1.5, 6, 2, 7 ], "texture": "#texture", "cullface": "north" },
        "south": { "uv": [ 8.5, 6, 9, 7 ], "texture": "#texture", "cullface": "north" },
        "west":  { "uv": [ 1.5, 6, 9, 7 ], "texture": "#texture", "cullface": "north" },
        "east":  { "uv": [ 9, 6, 1.5, 7 ], "texture": "#texture", "cullface": "north" }
    }
},
{
    "from": [ 3, 11, 0 ],
    "to": [ 6, 12, 16 ],
    "faces": {
        "down":  { "uv": [ 10, 5.5, 2, 6 ], "rotation": 90, "texture": "#texture" },
        "up":    { "uv": [ 2, 5.5, 10, 6 ], "rotation": 90, "texture": "#texture" },
        "south": { "uv": [ 9, 5.5, 9.5, 6 ], "texture": "#texture", "cullface": "south" }
    }
},
{
    "from": [ 3, 12, -1 ],
    "to": [ 12, 13, 16 ],
    "faces": {
        "down":  { "uv": [ 5, 6.5, 6.5, 8 ], "texture": "#texture" },
        "north": { "uv": [ 1.5, 5, 2.5, 6 ], "texture": "#texture" },
        "south": { "uv": [ 7.5, 4.5, 9.5, 5.5 ], "texture": "#texture", "cullface": "south" }
    }
},
{
    "from": [ 5, 12, -2 ],
    "to": [ 11, 14, 16 ],
    "faces": {
        "down":  { "uv": [ 5, 11, 7, 11.5 ], "texture": "#texture" },
        "up":    { "uv": [ 5, 11, 7, 11.5 ], "texture": "#texture" },
        "north": { "uv": [ 3, 11, 6, 11.5 ], "texture": "#texture" },
        "west":  { "uv": [ 4.5, 11, 7.5, 11.5 ], "texture": "#texture" },
        "east":  { "uv": [ 4.5, 11, 7.5, 11.5 ], "texture": "#texture" }
    }
},
{
    "from": [ 11, 13, -2 ],
    "to": [ 13, 14, 17 ],
    "faces": {
        "down":  { "uv": [ 6.5, 4.5, 7.5, 5.5 ], "texture": "#texture" },
        "north": { "uv": [ 7, 3.5, 8, 4 ], "texture": "#texture" },
        "south": { "uv": [ 7, 3.5, 8, 4 ], "texture": "#texture" },
        "west":  { "uv": [ 7, 5, 8, 5.5 ], "texture": "#texture" },
        "east":  { "uv": [ 7, 5, 8, 5.5 ], "texture": "#texture" }
    }
},
{
    "from": [ 13, 13, -1 ],
    "to": [ 15, 14, 17 ],
    "faces": {
        "down":  { "uv": [ 6, 4.5, 7.5, 6 ], "texture": "#texture" },
        "up":    { "uv": [ 6, 4.5, 7.5, 6 ], "texture": "#texture" },
        "north": { "uv": [ 3, 3.5, 5, 4.5 ], "texture": "#texture" },
        "south": { "uv": [ 3, 3.5, 5, 4.5 ], "texture": "#texture" },
        "east":  { "uv": [ 4, 4, 6, 5 ], "texture": "#texture" }
    }
},
{
    "from": [ 0, 15, -1 ],
    "to": [ 1, 16, 15 ],
    "faces": {
        "up":    { "uv": [ 1.5, 3, 9.5, 3.5 ], "rotation": 90, "texture": "#texture", "cullface": "north" },
        "north": { "uv": [ 7.5, 3.5, 8.5, 4.5 ], "texture": "#texture", "cullface": "north" },
        "south": { "uv": [ 7.5, 3.5, 8.5, 4.5 ], "texture": "#texture", "cullface": "north" },
        "west":  { "uv": [ 1.5, 3, 9.5, 3.5 ], "texture": "#texture", "cullface": "north" }
    }
},
{
    "from": [ 1, 15, -2 ],
    "to": [ 2, 16, 15 ],
    "faces": {
        "down":  { "uv": [ 9.5, 3.5, 1.5, 4 ], "rotation": 90, "texture": "#texture", "cullface": "north" },
        "north": { "uv": [ 1, 3, 2, 4 ], "texture": "#texture", "cullface": "north" },
        "south": { "uv": [ 9, 3.5, 9.5, 4.5 ], "texture": "#texture", "cullface": "north" },
        "west":  { "uv": [ 1.5, 3.5, 9.5, 4 ], "texture": "#texture", "cullface": "north" }
    }
},
{
    "from": [ 2, 15, -2 ],
    "to": [ 3, 16, 16 ],
    "faces": {
        "north": { "uv": [ 1, 3, 2, 4 ], "texture": "#texture" },
        "south": { "uv": [ 9.5, 3, 10, 3.5 ], "texture": "#texture", "cullface": "south" },
        "west":  { "uv": [ 1, 3, 10, 3.5 ], "texture": "#texture" }
    }
},
{
    "from": [ 3, 15, -3 ],
    "to": [ 6, 16, 17 ],
    "faces": {
        "down":  { "uv": [ 3.5, 4.5, 7, 6 ], "rotation": 90, "texture": "#texture" },
        "up":    { "uv": [ 3.5, 4.5, 7, 6 ], "rotation": 90, "texture": "#texture", "cullface": "up" },
        "north": { "uv": [ 0.5, 3, 1.5, 3.5 ], "texture": "#texture" },
        "south": { "uv": [ 6, 4.5, 7, 5 ], "texture": "#texture" },
        "west":  { "uv": [ 2.5, 4, 9, 4.5 ], "texture": "#texture" }
    }
},
{
    "from": [ 4, 17, -3 ],
    "to": [ 6, 18, 16 ],
    "faces": {
        "down":  { "uv": [ 10, 2, 0.5, 2.5 ], "rotation": 90, "texture": "#texture", "cullface": "up" },
        "up":    { "uv": [ 0.5, 2, 10, 2.5 ], "rotation": 90, "texture": "#texture", "cullface": "up" },
        "north": { "uv": [ 1, 2, 2, 2.5 ], "texture": "#texture", "cullface": "up" },
        "south": { "uv": [ 9, 2, 10, 2.5 ], "texture": "#texture", "cullface": "up" }
    }
},
{
    "from": [ 5, 18, -3 ],
    "to": [ 8, 19, 16 ],
    "faces": {
        "down":  { "uv": [ 10, 1.5, 0.5, 2 ], "rotation": 90, "texture": "#texture", "cullface": "up" },
        "up":    { "uv": [ 0.5, 1.5, 10, 2 ], "rotation": 90, "texture": "#texture", "cullface": "up" },
        "north": { "uv": [ 0.5, 1.5, 1.5, 2 ], "texture": "#texture", "cullface": "up" },
        "south": { "uv": [ 9, 1.5, 10, 2 ], "texture": "#texture", "cullface": "up" },
        "west":  { "uv": [ 0.5, 1.5, 10, 2 ], "texture": "#texture", "cullface": "up" }
    }
},
{
    "from": [ 3, 19, -1 ],
    "to": [ 5, 20, 14 ],
    "faces": {
        "up":    { "uv": [ 1.5, 1, 9, 1.5 ], "rotation": 90, "texture": "#texture", "cullface": "north" },
        "north": { "uv": [ 1.5, 1, 3, 1.5 ], "texture": "#texture", "cullface": "north" },
        "south": { "uv": [ 7.5, 1, 9, 1.5 ], "texture": "#texture", "cullface": "north" },
        "west":  { "uv": [ 1.5, 1, 9, 1.5 ], "texture": "#texture", "cullface": "north" }
    }
},
{
    "from": [ 5, 19, -2 ],
    "to": [ 8, 20, 15 ],
    "faces": {
        "up":    { "uv": [ 1, 1, 9.5, 1.5 ], "rotation": 90, "texture": "#texture", "cullface": "north" },
        "north": { "uv": [ 1.5, 0.5, 2, 1.5 ], "texture": "#texture", "cullface": "north" },
        "south": { "uv": [ 7.5, 0.5, 8, 1.5 ], "texture": "#texture", "cullface": "north" },
        "west":  { "uv": [ 1, 1, 9.5, 1.5 ], "texture": "#texture", "cullface": "north" }
    }
},
{
    "from": [ 4, 20, 0 ],
    "to": [ 6, 21, 13 ],
    "faces": {
        "down":  { "uv": [ 8.5, 0.5, 2, 1 ], "rotation": 90, "texture": "#texture", "cullface": "up" },
        "up":    { "uv": [ 2, 0.5, 8.5, 1 ], "rotation": 90, "texture": "#texture", "cullface": "up" },
        "north": { "uv": [ 5.5, 0.5, 9, 1 ], "texture": "#texture", "cullface": "up" },
        "south": { "uv": [ 5.5, 0.5, 9, 1 ], "texture": "#texture", "cullface": "up" },
        "west":  { "uv": [ 2, 0.5, 8.5, 1 ], "texture": "#texture", "cullface": "up" }
    }
},
{
    "from": [ 6, 20, 0 ],
    "to": [ 8, 21, 14 ],
    "faces": {
        "up":    { "uv": [ 1.5, 0.5, 9, 1 ], "rotation": 90, "texture": "#texture", "cullface": "up" },
        "south": { "uv": [ 5.5, 0.5, 9, 1 ], "texture": "#texture", "cullface": "up" },
        "west":  { "uv": [ 1.5, 0.5, 9, 1 ], "texture": "#texture", "cullface": "up" }
    }
},
{
    "from": [ 5, 21, 2 ],
    "to": [ 7, 22, 12 ],
    "faces": {
        "down":  { "uv": [ 2.5, 0, 8.5, 0.5 ], "rotation": 90, "texture": "#texture", "cullface": "up" },
        "up":    { "uv": [ 2.5, 0, 8.5, 0.5 ], "rotation": 90, "texture": "#texture", "cullface": "up" },
        "south": { "uv": [ 7, 0, 8.5, 0.5 ], "texture": "#texture", "cullface": "up" },
        "west":  { "uv": [ 2.5, 0, 8.5, 0.5 ], "texture": "#texture", "cullface": "up" }
    }
},
{
    "from": [ -1, 14, 0 ],
    "to": [ 8.88178e-016, 15, 13 ],
    "faces": {
        "down":  { "uv": [ 8, 3.5, 2, 4 ], "rotation": 90, "texture": "#texture", "cullface": "west" },
        "up":    { "uv": [ 2, 3.5, 8, 4 ], "rotation": 90, "texture": "#texture", "cullface": "west" },
        "north": { "uv": [ 2, 3.5, 2.5, 4.5 ], "texture": "#texture", "cullface": "west" },
        "south": { "uv": [ 2, 3.5, 2.5, 4.5 ], "texture": "#texture", "cullface": "west" },
        "west":  { "uv": [ 2, 3.5, 8, 4 ], "texture": "#texture", "cullface": "west" }
    }
},
{
    "from": [ 0, 14, -1 ],
    "to": [ 1, 15, 15 ],
    "faces": {
        "down":  { "uv": [ 9.5, 3.5, 1.5, 4 ], "rotation": 90, "texture": "#texture", "cullface": "north" },
        "north": { "uv": [ 2, 3.5, 2.5, 4.5 ], "texture": "#texture", "cullface": "north" },
        "south": { "uv": [ 9, 3.5, 9.5, 4.5 ], "texture": "#texture", "cullface": "north" },
        "west":  { "uv": [ 1.5, 3.5, 9.5, 4 ], "texture": "#texture", "cullface": "north" }
    }
},
{
    "from": [ 1, 14, -1 ],
    "to": [ 2, 15, 16 ],
    "faces": {
        "up":    { "uv": [ 1.5, 3.5, 10.5, 4 ], "rotation": 90, "texture": "#texture" },
        "north": { "uv": [ 7, 4, 8, 5 ], "texture": "#texture" },
        "south": { "uv": [ 9.5, 3.5, 10, 4 ], "texture": "#texture", "cullface": "south" },
        "west":  { "uv": [ 1.5, 3.5, 10, 4 ], "texture": "#texture" }
    }
},
{
    "from": [ 2, 14, -2 ],
    "to": [ 5, 15, 17 ],
    "faces": {
        "down":  { "uv": [ 1, 3.5, 10.5, 4 ], "rotation": 90, "texture": "#texture" },
        "up":    { "uv": [ 1, 3.5, 10.5, 4 ], "rotation": 90, "texture": "#texture" },
        "north": { "uv": [ 1, 3.5, 1.5, 4 ], "texture": "#texture" },
        "south": { "uv": [ 10, 3.5, 10.5, 4 ], "texture": "#texture" },
        "west":  { "uv": [ 1, 3.5, 10.5, 4 ], "texture": "#texture" }
    }
},
{
    "from": [ 5, 14, -2 ],
    "to": [ 7, 15, 17 ],
    "faces": {
        "down":  { "uv": [ 10.5, 3.5, 1, 4 ], "rotation": 90, "texture": "#texture" },
        "up":    { "uv": [ 1, 3.5, 10.5, 4 ], "rotation": 90, "texture": "#texture" },
        "north": { "uv": [ 1, 3.5, 1.5, 4 ], "texture": "#texture" },
        "south": { "uv": [ 10, 3.5, 10.5, 4 ], "texture": "#texture" }
    }
},
{
    "from": [ 7, 14, -3 ],
    "to": [ 9, 15, 18 ],
    "faces": {
        "down":  { "uv": [ 11, 3.5, 0.5, 4 ], "rotation": 90, "texture": "#texture" },
        "up":    { "uv": [ 0.5, 3.5, 11, 4 ], "rotation": 90, "texture": "#texture" },
        "north": { "uv": [ 1.5, 4, 2, 5 ], "texture": "#texture" },
        "south": { "uv": [ 10.5, 3, 11, 4 ], "texture": "#texture" },
        "west":  { "uv": [ 0.5, 3.5, 11, 4 ], "texture": "#texture" },
        "east":  { "uv": [ 11, 3.5, 0.5, 4 ], "texture": "#texture" }
    }
},
{
    "from": [ 0, 17, 2 ],
    "to": [ 1, 18, 11 ],
    "faces": {
        "up":    { "uv": [ 5, 2, 7, 2.5 ], "texture": "#texture", "cullface": "up" },
        "north": { "uv": [ 5, 2, 7, 2.5 ], "texture": "#texture", "cullface": "up" },
        "south": { "uv": [ 5, 2, 7, 2.5 ], "texture": "#texture", "cullface": "up" },
        "west":  { "uv": [ 5, 2, 7, 2.5 ], "texture": "#texture", "cullface": "up" }
    }
},
{
    "from": [ 2, 18, -1 ],
    "to": [ 3, 19, 14 ],
    "faces": {
        "up":    { "uv": [ 1.5, 1.5, 9, 2 ], "rotation": 90, "texture": "#texture", "cullface": "north" },
        "north": { "uv": [ 8, 1.5, 9, 2 ], "texture": "#texture", "cullface": "north" },
        "south": { "uv": [ 8, 1.5, 9, 2 ], "texture": "#texture", "cullface": "north" },
        "west":  { "uv": [ 1.5, 1.5, 9, 2 ], "texture": "#texture", "cullface": "north" }
    }
},
{
    "from": [ 7, 21, 2 ],
    "to": [ 9, 22, 13 ],
    "faces": {
        "down":  { "uv": [ 2.5, 0, 8.5, 0.5 ], "rotation": 90, "texture": "#texture", "cullface": "up" },
        "up":    { "uv": [ 2.5, 0, 8.5, 0.5 ], "rotation": 90, "texture": "#texture", "cullface": "up" },
        "south": { "uv": [ 4.5, 0, 6.5, 0.5 ], "texture": "#texture", "cullface": "up" },
        "west":  { "uv": [ 2.5, 0, 8.5, 0.5 ], "texture": "#texture", "cullface": "up" },
        "east":  { "uv": [ 8.5, 0, 2.5, 0.5 ], "texture": "#texture", "cullface": "up" }
    }
},
{
    "from": [ 2, 19, 0 ],
    "to": [ 3, 20, 13 ],
    "faces": {
        "up":    { "uv": [ 2, 1, 8.5, 1.5 ], "rotation": 90, "texture": "#texture", "cullface": "up" },
        "north": { "uv": [ 2, 1, 3.5, 1.5 ], "texture": "#texture", "cullface": "up" },
        "south": { "uv": [ 7.5, 1, 9, 1.5 ], "texture": "#texture", "cullface": "up" },
        "west":  { "uv": [ 2, 1, 8.5, 1.5 ], "texture": "#texture", "cullface": "up" }
    }
},
{
    "from": [ 3, 18, -2 ],
    "to": [ 5, 19, 15 ],
    "faces": {
        "down":  { "uv": [ 9.5, 1.5, 1, 2 ], "rotation": 90, "texture": "#texture", "cullface": "north" },
        "up":    { "uv": [ 1, 1.5, 9.5, 2 ], "rotation": 90, "texture": "#texture", "cullface": "north" },
        "north": { "uv": [ 1, 1, 3, 1.5 ], "texture": "#texture", "cullface": "north" },
        "south": { "uv": [ 7.5, 1.5, 8, 2 ], "texture": "#texture", "cullface": "north" },
        "west":  { "uv": [ 1, 1.5, 9.5, 2 ], "texture": "#texture", "cullface": "north" }
    }
},
{
    "from": [ 2, 16, -3 ],
    "to": [ 4, 17, 16 ],
    "faces": {
        "down":  { "uv": [ 10, 2.5, 0.5, 3 ], "rotation": 90, "texture": "#texture", "cullface": "up" },
        "up":    { "uv": [ 0.5, 2.5, 10, 3 ], "rotation": 90, "texture": "#texture", "cullface": "up" },
        "north": { "uv": [ 8.5, 2.5, 9.5, 3 ], "texture": "#texture", "cullface": "up" },
        "south": { "uv": [ 8.5, 2.5, 9.5, 3 ], "texture": "#texture", "cullface": "up" },
        "west":  { "uv": [ 0.5, 2.5, 10, 3 ], "texture": "#texture", "cullface": "up" }
    }
},
{
    "from": [ 1, 16, -2 ],
    "to": [ 2, 17, 15 ],
    "faces": {
        "up":    { "uv": [ 1, 2.5, 9.5, 3 ], "rotation": 90, "texture": "#texture", "cullface": "north" },
        "north": { "uv": [ 1, 2.5, 1.5, 3 ], "texture": "#texture", "cullface": "north" },
        "south": { "uv": [ 8.5, 2.5, 10, 3 ], "texture": "#texture", "cullface": "north" },
        "west":  { "uv": [ 1, 2.5, 9.5, 3 ], "texture": "#texture", "cullface": "north" }
    }
},
{
    "from": [ 0, 13, 0 ],
    "to": [ 1, 14, 16 ],
    "faces": {
        "up":    { "uv": [ 2, 4, 10, 4.5 ], "rotation": 90, "texture": "#texture" },
        "north": { "uv": [ 8.5, 4.5, 9.5, 5.5 ], "texture": "#texture", "cullface": "north" },
        "south": { "uv": [ 8.5, 4.5, 9.5, 5.5 ], "texture": "#texture", "cullface": "south" },
        "west":  { "uv": [ 2, 4, 10, 4.5 ], "texture": "#texture", "cullface": "west" }
    }
},
{
    "from": [ 0, 12, 0 ],
    "to": [ 2, 13, 16 ],
    "faces": {
        "down":  { "uv": [ 5.5, 5.5, 7, 7 ], "texture": "#texture" },
        "up":    { "uv": [ 5.5, 5.5, 7, 7 ], "texture": "#texture" },
        "north": { "uv": [ 2, 4.5, 2.5, 5 ], "texture": "#texture", "cullface": "north" },
        "south": { "uv": [ 9, 4.5, 9.5, 5 ], "texture": "#texture", "cullface": "south" },
        "west":  { "uv": [ 2, 4.5, 9.5, 5 ], "texture": "#texture", "cullface": "west" }
    }
},
{
    "from": [ 0, 11, 0 ],
    "to": [ 1, 12, 15 ],
    "faces": {
        "north": { "uv": [ 1.5, 5, 2.5, 6 ], "texture": "#texture", "cullface": "north" },
        "south": { "uv": [ 8.5, 5.5, 9, 6 ], "texture": "#texture" },
        "west":  { "uv": [ 2, 5.5, 9, 6 ], "texture": "#texture", "cullface": "west" }
    }
},
{
    "from": [ 4, 16, -4 ],
    "to": [ 5, 17, 16 ],
    "faces": {
        "down":  { "uv": [ 10, 2.5, 0, 3 ], "rotation": 90, "texture": "#texture", "cullface": "up" },
        "up":    { "uv": [ 0, 2.5, 10, 3 ], "rotation": 90, "texture": "#texture", "cullface": "up" },
        "north": { "uv": [ 0, 2.5, 1, 3 ], "texture": "#texture", "cullface": "up" },
        "south": { "uv": [ 8.5, 2.5, 10, 3 ], "texture": "#texture", "cullface": "up" },
        "west":  { "uv": [ 0, 2.5, 10, 3 ], "texture": "#texture", "cullface": "up" }
    }
},
{
    "from": [ 6, 17, -4 ],
    "to": [ 7, 18, 16 ],
    "faces": {
        "up":    { "uv": [ 0, 2, 10, 2.5 ], "rotation": 90, "texture": "#texture", "cullface": "up" },
        "north": { "uv": [ 0, 2, 0.5, 2.5 ], "texture": "#texture", "cullface": "up" },
        "south": { "uv": [ 9, 2, 10, 2.5 ], "texture": "#texture", "cullface": "up" },
        "west":  { "uv": [ 0, 2, 10, 2.5 ], "texture": "#texture", "cullface": "up" }
    }
},
{
    "from": [ 7, 17, -4 ],
    "to": [ 8, 18, 17 ],
    "faces": {
        "up":    { "uv": [ 0, 2, 10.5, 2.5 ], "rotation": 90, "texture": "#texture", "cullface": "up" },
        "north": { "uv": [ 10, 2, 10.5, 2.5 ], "texture": "#texture", "cullface": "up" },
        "south": { "uv": [ 0, 2, 0.5, 2.5 ], "texture": "#texture", "cullface": "up" },
        "west":  { "uv": [ 0, 2, 10.5, 2.5 ], "texture": "#texture", "cullface": "up" }
    }
},
{
    "from": [ 11, 12, -1 ],
    "to": [ 12, 13, 16 ],
    "faces": {
        "down":  { "uv": [ 10, 4.5, 1.5, 5 ], "rotation": 90, "texture": "#texture" },
        "north": { "uv": [ 1.5, 4.5, 2, 5 ], "texture": "#texture" },
        "south": { "uv": [ 8, 5.5, 8.5, 6 ], "texture": "#texture", "cullface": "south" }
    }
},
{
    "from": [ 12, 12, -1 ],
    "to": [ 13, 13, 17 ],
    "faces": {
        "down":  { "uv": [ 4, 5, 5.5, 6.5 ], "texture": "#texture" },
        "north": { "uv": [ 2, 4, 3, 5 ], "texture": "#texture" },
        "south": { "uv": [ 2, 4, 3, 5 ], "texture": "#texture" },
        "west":  { "uv": [ 2, 4.5, 9.5, 5 ], "texture": "#texture" }
    }
},
{
    "from": [ -1, 2, 2 ],
    "to": [ 6.66134e-016, 3, 13 ],
    "faces": {
        "down":  { "uv": [ 7, 4, 8, 10.5 ], "texture": "#texture", "cullface": "west" },
        "north": { "uv": [ 6, 7.5, 6.5, 8.5 ], "texture": "#texture", "cullface": "west" },
        "south": { "uv": [ 6, 7.5, 6.5, 8.5 ], "texture": "#texture", "cullface": "west" },
        "west":  { "uv": [ 1.5, 9.5, 9.5, 10 ], "texture": "#texture", "cullface": "west" }
    }
},
{
    "from": [ 0, 2, -1 ],
    "to": [ 1, 3, 16 ],
    "faces": {
        "down":  { "uv": [ 6, 5.5, 7, 10 ], "texture": "#texture" },
        "north": { "uv": [ 8, 9.5, 8.5, 10 ], "texture": "#texture" },
        "south": { "uv": [ 9.5, 9.5, 10, 10 ], "texture": "#texture", "cullface": "south" },
        "west":  { "uv": [ 1.5, 9.5, 10, 10 ], "texture": "#texture", "cullface": "west" }
    }
},
{
    "from": [ 2, 12, -1 ],
    "to": [ 3, 13, 17 ],
    "faces": {
        "down":  { "uv": [ 5.5, 5.5, 7, 7 ], "texture": "#texture" },
        "north": { "uv": [ 1.5, 5, 2.5, 5.5 ], "texture": "#texture" },
        "south": { "uv": [ 8.5, 4.5, 9.5, 5 ], "texture": "#texture" },
        "west":  { "uv": [ 1.5, 4.5, 9.5, 5 ], "texture": "#texture" },
        "east":  { "uv": [ 9, 4.5, 1.5, 5 ], "texture": "#texture" }
    }
},
{
    "from": [ 15, 13, 0 ],
    "to": [ 16, 14, 16 ],
    "faces": {
        "up":    { "uv": [ 2, 4, 10, 4.5 ], "rotation": 90, "texture": "#texture" },
        "north": { "uv": [ 8.5, 4.5, 9.5, 5.5 ], "texture": "#texture", "cullface": "north" },
        "south": { "uv": [ 8.5, 4.5, 9.5, 5.5 ], "texture": "#texture", "cullface": "south" },
        "east":  { "uv": [ 10, 4, 2, 4.5 ], "texture": "#texture", "cullface": "east" }
    }
},
{
    "from": [ 16, 12, 1 ],
    "to": [ 17, 13, 15 ],
    "faces": {
        "down":  { "uv": [ 4, 4.5, 8, 6 ], "rotation": 90, "texture": "#texture", "cullface": "east" },
        "up":    { "uv": [ 4, 4.5, 8, 6 ], "rotation": 90, "texture": "#texture", "cullface": "east" },
        "north": { "uv": [ 8.5, 4.5, 9, 5.5 ], "texture": "#texture", "cullface": "east" },
        "south": { "uv": [ 2, 4, 2.5, 5 ], "texture": "#texture", "cullface": "east" },
        "east":  { "uv": [ 2.5, 4.5, 9, 5 ], "texture": "#texture", "cullface": "east" }
    }
},
{
    "from": [ 14, 12, 0 ],
    "to": [ 15, 13, 16 ],
    "faces": {
        "north": { "uv": [ 5.5, 5, 6.5, 6 ], "texture": "#texture", "cullface": "north" },
        "south": { "uv": [ 5.5, 5, 6.5, 6 ], "texture": "#texture", "cullface": "south" }
    }
},
{
    "from": [ 13, 12, -1 ],
    "to": [ 14, 13, 17 ],
    "faces": {
        "down":  { "uv": [ 6, 6, 7.5, 7.5 ], "texture": "#texture" },
        "north": { "uv": [ 2, 3, 3, 4 ], "texture": "#texture" },
        "south": { "uv": [ 2, 3, 3, 4 ], "texture": "#texture" },
        "east":  { "uv": [ 2.5, 4.5, 8.5, 6 ], "texture": "#texture" }
    }
},
{
    "from": [ 16, 11, 2 ],
    "to": [ 17, 12, 14 ],
    "faces": {
        "north": { "uv": [ 6, 4.5, 6.5, 5.5 ], "texture": "#texture", "cullface": "east" },
        "south": { "uv": [ 6, 4.5, 6.5, 5.5 ], "texture": "#texture", "cullface": "east" },
        "east":  { "uv": [ 3, 5.5, 9, 6 ], "texture": "#texture", "cullface": "east" }
    }
},
{
    "from": [ 16, 10, 2 ],
    "to": [ 17, 11, 14 ],
    "faces": {
        "north": { "uv": [ 7.5, 5, 8, 6 ], "texture": "#texture", "cullface": "east" },
        "south": { "uv": [ 7.5, 5, 8, 6 ], "texture": "#texture", "cullface": "east" },
        "east":  { "uv": [ 3, 6, 9, 6.5 ], "texture": "#texture", "cullface": "east" }
    }
},
{
    "from": [ 16, 6, 1 ],
    "to": [ 17, 10, 14 ],
    "faces": {
        "up":    { "uv": [ 5, 6.5, 6, 7 ], "texture": "#texture", "cullface": "east" },
        "north": { "uv": [ 1.5, 6, 2, 8 ], "texture": "#texture", "cullface": "east" },
        "south": { "uv": [ 8.5, 6.5, 9, 8.5 ], "texture": "#texture", "cullface": "east" },
        "west":  { "uv": [ 2, 6.5, 9, 8 ], "texture": "#texture", "cullface": "east" },
        "east":  { "uv": [ 9, 6.5, 2, 8 ], "texture": "#texture", "cullface": "east" }
    }
},
{
    "from": [ 16, 3, 0 ],
    "to": [ 17, 6, 15 ],
    "faces": {
        "down":  { "uv": [ 2, 9, 9.5, 9.5 ], "rotation": 90, "texture": "#texture", "cullface": "east" },
        "up":    { "uv": [ 2, 8, 9.5, 8.5 ], "rotation": 90, "texture": "#texture", "cullface": "east" },
        "north": { "uv": [ 2, 8, 2.5, 9.5 ], "texture": "#texture", "cullface": "east" },
        "south": { "uv": [ 9, 8, 9.5, 9.5 ], "texture": "#texture", "cullface": "east" },
        "west":  { "uv": [ 2, 8, 9.5, 9.5 ], "texture": "#texture", "cullface": "east" },
        "east":  { "uv": [ 9.5, 8, 2, 9.5 ], "texture": "#texture", "cullface": "east" }
    }
},
{
    "from": [ 16, 2, 2 ],
    "to": [ 17, 3, 13 ],
    "faces": {
        "down":  { "uv": [ 7, 6.5, 8, 8.5 ], "texture": "#texture", "cullface": "east" },
        "north": { "uv": [ 7, 9.5, 7.5, 10.5 ], "texture": "#texture", "cullface": "east" },
        "south": { "uv": [ 7, 9.5, 7.5, 10.5 ], "texture": "#texture", "cullface": "east" },
        "east":  { "uv": [ 3, 9.5, 8.5, 10 ], "texture": "#texture", "cullface": "east" }
    }
},
{
    "from": [ 15, 2, -1 ],
    "to": [ 16, 3, 16 ],
    "faces": {
        "down":  { "uv": [ 7.5, 5.5, 5.5, 7.5 ], "texture": "#texture" },
        "north": { "uv": [ 8.5, 9, 9, 10 ], "texture": "#texture" },
        "south": { "uv": [ 9.5, 9.5, 10, 10 ], "texture": "#texture", "cullface": "south" },
        "east":  { "uv": [ 10, 9.5, 2, 10 ], "texture": "#texture", "cullface": "east" }
    }
},
{
    "from": [ 15, 1, 1 ],
    "to": [ 16, 2, 14 ],
    "faces": {
        "down":  { "uv": [ 7, 5.5, 7.5, 10 ], "texture": "#texture" },
        "north": { "uv": [ 4.5, 10, 5.5, 11 ], "texture": "#texture" },
        "south": { "uv": [ 4.5, 10, 5.5, 11 ], "texture": "#texture" },
        "east":  { "uv": [ 9, 10, 2.5, 10.5 ], "texture": "#texture", "cullface": "east" }
    }
},
{
    "from": [ 14, 1.5, -1 ],
    "to": [ 15, 2, 16 ],
    "faces": {
        "down":  { "uv": [ 13.5, 6, 14.5, 6.5 ], "texture": "#texture" },
        "north": { "uv": [ 13.5, 6, 14.5, 6.5 ], "texture": "#texture" },
        "south": { "uv": [ 13.5, 6, 14.5, 6.5 ], "texture": "#texture", "cullface": "south" },
        "east":  { "uv": [ 13.5, 6, 14.5, 6.5 ], "texture": "#texture" }
    }
},
{
    "from": [ 5, 12, -1 ],
    "to": [ 11, 13, -3.33067e-016 ],
    "faces": {
        "up":    { "uv": [ 1.5, 7.5, 3.5, 8 ], "texture": "#texture", "cullface": "north" },
        "north": { "uv": [ 1.5, 6.5, 3, 7.5 ], "texture": "#texture", "cullface": "north" },
        "south": { "uv": [ 1.5, 6.5, 3, 7.5 ], "texture": "#texture", "cullface": "north" }
    }
},
{
    "from": [ 3, 11, -1 ],
    "to": [ 13, 12, -6.66134e-016 ],
    "faces": {
        "up":    { "uv": [ 1.5, 7, 3, 8 ], "texture": "#texture", "cullface": "north" },
        "north": { "uv": [ 1.5, 4.5, 2, 5.5 ], "texture": "#texture", "cullface": "north" },
        "south": { "uv": [ 1.5, 4.5, 2, 5.5 ], "texture": "#texture", "cullface": "north" }
    }
},
{
    "from": [ 1, 10, -1 ],
    "to": [ 14, 11, -7.77156e-016 ],
    "faces": {
        "up":    { "uv": [ 1.5, 6, 3, 8 ], "texture": "#texture", "cullface": "north" },
        "north": { "uv": [ 1.5, 6.5, 2.5, 7.5 ], "texture": "#texture", "cullface": "north" },
        "south": { "uv": [ 1.5, 6.5, 2.5, 7.5 ], "texture": "#texture", "cullface": "north" }
    }
},
{
    "from": [ 1, 9, -1 ],
    "to": [ 15, 10, -8.88178e-016 ],
    "faces": {
        "up":    { "uv": [ 1.5, 6, 3, 7.5 ], "texture": "#texture", "cullface": "north" },
        "north": { "uv": [ 1.5, 6, 2.5, 7 ], "texture": "#texture", "cullface": "north" },
        "south": { "uv": [ 1.5, 6, 2.5, 7 ], "texture": "#texture", "cullface": "north" }
    }
},
{
    "from": [ 0, 6, -1 ],
    "to": [ 15, 9, -8.88178e-016 ],
    "faces": {
        "down":  { "uv": [ 1.5, 6.5, 2.5, 7.5 ], "texture": "#texture", "cullface": "north" },
        "up":    { "uv": [ 1.5, 6.5, 2.5, 7.5 ], "texture": "#texture", "cullface": "north" },
        "north": { "uv": [ 2, 6, 3, 7 ], "texture": "#texture", "cullface": "north" },
        "south": { "uv": [ 2, 6, 3, 7 ], "texture": "#texture", "cullface": "north" },
        "east":  { "uv": [ 1.5, 6.5, 2, 7.5 ], "texture": "#texture", "cullface": "north" }
    }
},
{
    "from": [ 2, 3, -1 ],
    "to": [ 15, 4, -7.77156e-016 ],
    "faces": {
        "down":  { "uv": [ 1.5, 6, 3, 8 ], "texture": "#texture", "cullface": "north" },
        "north": { "uv": [ 2, 7, 3, 8 ], "texture": "#texture", "cullface": "north" },
        "south": { "uv": [ 2, 7, 3, 8 ], "texture": "#texture", "cullface": "north" }
    }
},
{
    "from": [ 2, 2, -1 ],
    "to": [ 7, 3, -3.33067e-016 ],
    "faces": {
        "down":  { "uv": [ 1.5, 7.5, 3, 8 ], "texture": "#texture", "cullface": "north" },
        "south": { "uv": [ 1.5, 7, 3, 8 ], "texture": "#texture", "cullface": "north" },
        "east":  { "uv": [ 1.5, 6.5, 2, 7.5 ], "texture": "#texture", "cullface": "north" }
    }
},
{
    "from": [ 3, 1, -1 ],
    "to": [ 5, 2, -1.11022e-016 ],
    "faces": {
        "down":  { "uv": [ 1.5, 7, 2.5, 8 ], "texture": "#texture", "cullface": "north" },
        "north": { "uv": [ 1.5, 6.5, 2.5, 7.5 ], "texture": "#texture", "cullface": "north" },
        "south": { "uv": [ 1.5, 6.5, 2.5, 7.5 ], "texture": "#texture", "cullface": "north" },
        "east":  { "uv": [ 1.5, 6, 2.5, 7 ], "texture": "#texture", "cullface": "north" }
    }
},
{
    "from": [ 1, 4, -2 ],
    "to": [ 3, 5, -1 ],
    "faces": {
        "down":  { "uv": [ 1.5, 6.5, 2.5, 7.5 ], "texture": "#texture", "cullface": "north" },
        "up":    { "uv": [ 1.5, 6.5, 2.5, 7.5 ], "texture": "#texture", "cullface": "north" },
        "north": { "uv": [ 1.5, 6.5, 2.5, 7.5 ], "texture": "#texture", "cullface": "north" },
        "east":  { "uv": [ 1.5, 5.5, 2, 6.5 ], "texture": "#texture", "cullface": "north" }
    }
},
{
    "from": [ 2, 2, -2 ],
    "to": [ 7, 3, -1 ],
    "faces": {
        "down":  { "uv": [ 1.5, 6.5, 2.5, 7.5 ], "texture": "#texture", "cullface": "north" },
        "up":    { "uv": [ 1.5, 6.5, 2.5, 7.5 ], "texture": "#texture", "cullface": "north" },
        "north": { "uv": [ 1.5, 6.5, 2.5, 7.5 ], "texture": "#texture", "cullface": "north" },
        "east":  { "uv": [ 2, 6.5, 3, 7.5 ], "texture": "#texture", "cullface": "north" }
    }
},
{
    "from": [ 13, 3, -2 ],
    "to": [ 15, 4, -1 ],
    "faces": {
        "down":  { "uv": [ 2, 6.5, 3, 8 ], "texture": "#texture", "cullface": "north" },
        "up":    { "uv": [ 2, 6.5, 3, 8 ], "texture": "#texture", "cullface": "north" },
        "north": { "uv": [ 2, 6.5, 3, 7.5 ], "texture": "#texture", "cullface": "north" },
        "west":  { "uv": [ 1.5, 7, 2, 8 ], "texture": "#texture", "cullface": "north" }
    }
},
{
    "from": [ 10, 2, -2 ],
    "to": [ 14, 3, -1 ],
    "faces": {
        "down":  { "uv": [ 1.5, 7.5, 2.5, 8 ], "texture": "#texture", "cullface": "north" },
        "up":    { "uv": [ 1.5, 7.5, 2.5, 8 ], "texture": "#texture", "cullface": "north" },
        "north": { "uv": [ 1.5, 7, 2.5, 8 ], "texture": "#texture", "cullface": "north" },
        "west":  { "uv": [ 2, 7, 3, 8 ], "texture": "#texture", "cullface": "north" }
    }
},
{
    "from": [ 14, 4, -2 ],
    "to": [ 15, 5, -1 ],
    "faces": {
        "up":    { "uv": [ 2, 7, 3, 7.5 ], "texture": "#texture", "cullface": "north" },
        "north": { "uv": [ 1.5, 7, 2.5, 8 ], "texture": "#texture", "cullface": "north" },
        "west":  { "uv": [ 2, 6.5, 2.5, 7.5 ], "texture": "#texture", "cullface": "north" }
    }
},
{
    "from": [ 1, 4, -1 ],
    "to": [ 15, 6, -8.88178e-016 ],
    "faces": {
        "down":  { "uv": [ 1.5, 6.5, 2.5, 7.5 ], "texture": "#texture", "cullface": "north" },
        "north": { "uv": [ 2, 6, 3, 7 ], "texture": "#texture", "cullface": "north" },
        "south": { "uv": [ 2, 6, 3, 7 ], "texture": "#texture", "cullface": "north" },
        "west":  { "uv": [ 1.5, 6.5, 2, 7.5 ], "texture": "#texture", "cullface": "north" },
        "east":  { "uv": [ 1.5, 6.5, 2, 7.5 ], "texture": "#texture", "cullface": "north" }
    }
},
{
    "from": [ 9, 2, -1 ],
    "to": [ 14, 3, -3.33067e-016 ],
    "faces": {
        "down":  { "uv": [ 1.5, 7.5, 3, 8 ], "texture": "#texture", "cullface": "north" },
        "north": { "uv": [ 1.5, 7, 3, 8 ], "texture": "#texture", "cullface": "north" },
        "south": { "uv": [ 1.5, 7, 3, 8 ], "texture": "#texture", "cullface": "north" },
        "west":  { "uv": [ 1.5, 6.5, 2, 7.5 ], "texture": "#texture", "cullface": "north" }
    }
},
{
    "from": [ 12, 1, -1 ],
    "to": [ 13, 2, -1.11022e-016 ],
    "faces": {
        "down":  { "uv": [ 1.5, 7, 2.5, 8 ], "texture": "#texture", "cullface": "north" },
        "north": { "uv": [ 1.5, 6.5, 2.5, 7.5 ], "texture": "#texture", "cullface": "north" },
        "south": { "uv": [ 1.5, 6.5, 2.5, 7.5 ], "texture": "#texture", "cullface": "north" },
        "west":  { "uv": [ 1.5, 6, 2.5, 7 ], "texture": "#texture", "cullface": "north" }
    }
},
{
    "from": [ 2, 3, -2 ],
    "to": [ 5, 4, -1 ],
    "faces": {
        "up":    { "uv": [ 2, 6.5, 3, 8 ], "texture": "#texture", "cullface": "north" },
        "north": { "uv": [ 2, 6.5, 3, 7.5 ], "texture": "#texture", "cullface": "north" },
        "east":  { "uv": [ 1.5, 7, 2, 8 ], "texture": "#texture", "cullface": "north" }
    }
},
{
    "from": [ 1, 11, -1 ],
    "to": [ 3, 12, 16 ],
    "faces": {
        "down":  { "uv": [ 6, 5, 8.5, 7 ], "texture": "#texture" },
        "up":    { "uv": [ 6, 5, 8.5, 7 ], "texture": "#texture" },
        "north": { "uv": [ 1.5, 5, 2.5, 5.5 ], "texture": "#texture" },
        "south": { "uv": [ 7.5, 5.5, 8.5, 6 ], "texture": "#texture", "cullface": "south" },
        "west":  { "uv": [ 1.5, 5.5, 9, 6 ], "texture": "#texture" },
        "east":  { "uv": [ 9, 5.5, 1.5, 6 ], "texture": "#texture" }
    }
},
{
    "from": [ 16, 13, 1 ],
    "to": [ 17, 14, 14 ],
    "faces": {
        "up":    { "uv": [ 4.5, 5, 6, 6 ], "texture": "#texture", "cullface": "east" },
        "north": { "uv": [ 5.5, 4.5, 6, 5.5 ], "texture": "#texture", "cullface": "east" },
        "south": { "uv": [ 5.5, 4.5, 6, 5.5 ], "texture": "#texture", "cullface": "east" },
        "east":  { "uv": [ 2, 4, 9, 4.5 ], "texture": "#texture", "cullface": "east" }
    }
},
{
    "from": [ 9, 14, -2 ],
    "to": [ 11, 15, 17 ],
    "faces": {
        "down":  { "uv": [ 10.5, 3.5, 1, 4 ], "rotation": 90, "texture": "#texture" },
        "up":    { "uv": [ 1, 3.5, 10.5, 4 ], "rotation": 90, "texture": "#texture" },
        "north": { "uv": [ 1, 3.5, 1.5, 4 ], "texture": "#texture" },
        "south": { "uv": [ 10, 3.5, 10.5, 4 ], "texture": "#texture" }
    }
},
{
    "from": [ 11, 14, -2 ],
    "to": [ 14, 15, 17 ],
    "faces": {
        "down":  { "uv": [ 1, 3.5, 10.5, 4 ], "rotation": 90, "texture": "#texture" },
        "up":    { "uv": [ 1, 3.5, 10.5, 4 ], "rotation": 90, "texture": "#texture" },
        "north": { "uv": [ 1, 3.5, 1.5, 4 ], "texture": "#texture" },
        "south": { "uv": [ 10, 3.5, 10.5, 4 ], "texture": "#texture" },
        "east":  { "uv": [ 10.5, 3.5, 1, 4 ], "texture": "#texture" }
    }
},
{
    "from": [ 14, 14, -1 ],
    "to": [ 15, 15, 16 ],
    "faces": {
        "up":    { "uv": [ 1.5, 3.5, 10.5, 4 ], "rotation": 90, "texture": "#texture" },
        "north": { "uv": [ 7, 4, 8, 5 ], "texture": "#texture" },
        "south": { "uv": [ 9.5, 3.5, 10, 4 ], "texture": "#texture", "cullface": "south" },
        "east":  { "uv": [ 10, 3.5, 1.5, 4 ], "texture": "#texture" }
    }
},
{
    "from": [ 15, 14, -1 ],
    "to": [ 16, 15, 15 ],
    "faces": {
        "down":  { "uv": [ 9.5, 3.5, 1.5, 4 ], "rotation": 90, "texture": "#texture", "cullface": "north" },
        "north": { "uv": [ 2, 3.5, 2.5, 4.5 ], "texture": "#texture", "cullface": "north" },
        "south": { "uv": [ 9, 3.5, 9.5, 4.5 ], "texture": "#texture", "cullface": "north" },
        "east":  { "uv": [ 9.5, 3.5, 1.5, 4 ], "texture": "#texture", "cullface": "north" }
    }
},
{
    "from": [ 16, 14, 0 ],
    "to": [ 17, 15, 13 ],
    "faces": {
        "down":  { "uv": [ 8, 3.5, 2, 4 ], "rotation": 90, "texture": "#texture", "cullface": "east" },
        "up":    { "uv": [ 2, 3.5, 8, 4 ], "rotation": 90, "texture": "#texture", "cullface": "east" },
        "north": { "uv": [ 2, 3.5, 2.5, 4.5 ], "texture": "#texture", "cullface": "east" },
        "south": { "uv": [ 2, 3.5, 2.5, 4.5 ], "texture": "#texture", "cullface": "east" },
        "east":  { "uv": [ 8, 3.5, 2, 4 ], "texture": "#texture", "cullface": "east" }
    }
},
{
    "from": [ 8, 15, -3 ],
    "to": [ 10, 16, 18 ],
    "faces": {
        "down":  { "uv": [ 2.5, 4.5, 9, 5.5 ], "rotation": 90, "texture": "#texture" },
        "up":    { "uv": [ 2.5, 4.5, 9, 5.5 ], "rotation": 90, "texture": "#texture", "cullface": "up" },
        "north": { "uv": [ 2, 3.5, 2.5, 4.5 ], "texture": "#texture" },
        "south": { "uv": [ 7.5, 4, 8, 5 ], "texture": "#texture" },
        "east":  { "uv": [ 2, 4, 8.5, 5 ], "texture": "#texture" }
    }
},
{
    "from": [ 16, 15, 1 ],
    "to": [ 17, 16, 11 ],
    "faces": {
        "up":    { "uv": [ 2.5, 3, 7, 3.5 ], "rotation": 90, "texture": "#texture", "cullface": "east" },
        "north": { "uv": [ 2.5, 3, 3, 4 ], "texture": "#texture", "cullface": "east" },
        "south": { "uv": [ 6.5, 2.5, 7, 3.5 ], "texture": "#texture", "cullface": "east" },
        "east":  { "uv": [ 7, 3, 2.5, 3.5 ], "texture": "#texture", "cullface": "east" }
    }
},
{
    "from": [ 15, 15, -1 ],
    "to": [ 16, 16, 15 ],
    "faces": {
        "up":    { "uv": [ 1.5, 3, 9.5, 3.5 ], "rotation": 90, "texture": "#texture", "cullface": "north" },
        "north": { "uv": [ 7.5, 3.5, 8.5, 4.5 ], "texture": "#texture", "cullface": "north" },
        "south": { "uv": [ 7.5, 3.5, 8.5, 4.5 ], "texture": "#texture", "cullface": "north" },
        "east":  { "uv": [ 9.5, 3, 1.5, 3.5 ], "texture": "#texture", "cullface": "north" }
    }
},
{
    "from": [ 14, 15, -2 ],
    "to": [ 15, 16, 15 ],
    "faces": {
        "down":  { "uv": [ 9.5, 3.5, 1.5, 4 ], "rotation": 90, "texture": "#texture", "cullface": "north" },
        "north": { "uv": [ 1, 3, 2, 4 ], "texture": "#texture", "cullface": "north" },
        "south": { "uv": [ 9, 3.5, 9.5, 4.5 ], "texture": "#texture", "cullface": "north" },
        "east":  { "uv": [ 9.5, 3.5, 1.5, 4 ], "texture": "#texture", "cullface": "north" }
    }
},
{
    "from": [ 13, 15, -2 ],
    "to": [ 14, 16, 16 ],
    "faces": {
        "north": { "uv": [ 1, 3, 2, 4 ], "texture": "#texture" },
        "south": { "uv": [ 9.5, 3, 10, 3.5 ], "texture": "#texture", "cullface": "south" },
        "east":  { "uv": [ 10, 3, 1, 3.5 ], "texture": "#texture" }
    }
},
{
    "from": [ 11, 16, -4 ],
    "to": [ 12, 17, 16 ],
    "faces": {
        "down":  { "uv": [ 10, 2.5, 0, 3 ], "rotation": 90, "texture": "#texture", "cullface": "up" },
        "up":    { "uv": [ 0, 2.5, 10, 3 ], "rotation": 90, "texture": "#texture", "cullface": "up" },
        "north": { "uv": [ 0, 2.5, 1, 3 ], "texture": "#texture", "cullface": "up" },
        "south": { "uv": [ 8.5, 2.5, 10, 3 ], "texture": "#texture", "cullface": "up" },
        "east":  { "uv": [ 10, 2.5, 0, 3 ], "texture": "#texture", "cullface": "up" }
    }
},
{
    "from": [ 15, 16, 0 ],
    "to": [ 16, 17, 13 ],
    "faces": {
        "up":    { "uv": [ 2, 2.5, 8.5, 3 ], "rotation": 90, "texture": "#texture", "cullface": "up" },
        "north": { "uv": [ 2, 2.5, 3, 3 ], "texture": "#texture", "cullface": "up" },
        "south": { "uv": [ 7.5, 2.5, 8.5, 3 ], "texture": "#texture", "cullface": "up" },
        "east":  { "uv": [ 8.5, 2.5, 2, 3 ], "texture": "#texture", "cullface": "up" }
    }
},
{
    "from": [ 14, 16, -2 ],
    "to": [ 15, 17, 15 ],
    "faces": {
        "up":    { "uv": [ 1, 2.5, 9.5, 3 ], "rotation": 90, "texture": "#texture", "cullface": "north" },
        "north": { "uv": [ 1, 2.5, 1.5, 3 ], "texture": "#texture", "cullface": "north" },
        "south": { "uv": [ 8.5, 2.5, 10, 3 ], "texture": "#texture", "cullface": "north" },
        "east":  { "uv": [ 9.5, 2.5, 1, 3 ], "texture": "#texture", "cullface": "north" }
    }
},
{
    "from": [ 12, 16, -3 ],
    "to": [ 14, 17, 16 ],
    "faces": {
        "down":  { "uv": [ 10, 2.5, 0.5, 3 ], "rotation": 90, "texture": "#texture", "cullface": "up" },
        "up":    { "uv": [ 0.5, 2.5, 10, 3 ], "rotation": 90, "texture": "#texture", "cullface": "up" },
        "north": { "uv": [ 8.5, 2.5, 9.5, 3 ], "texture": "#texture", "cullface": "up" },
        "south": { "uv": [ 8.5, 2.5, 9.5, 3 ], "texture": "#texture", "cullface": "up" },
        "east":  { "uv": [ 10, 2.5, 0.5, 3 ], "texture": "#texture", "cullface": "up" }
    }
},
{
    "from": [ 1, 13, -1 ],
    "to": [ 3, 14, 17 ],
    "faces": {
        "down":  { "uv": [ 6, 4.5, 7.5, 6 ], "texture": "#texture" },
        "up":    { "uv": [ 6, 4.5, 7.5, 6 ], "texture": "#texture" },
        "north": { "uv": [ 3, 3.5, 5, 4.5 ], "texture": "#texture" },
        "south": { "uv": [ 3, 3.5, 5, 4.5 ], "texture": "#texture" },
        "west":  { "uv": [ 4, 4, 6, 5 ], "texture": "#texture" }
    }
},
{
    "from": [ 3, 13, -2 ],
    "to": [ 5, 14, 17 ],
    "faces": {
        "down":  { "uv": [ 6.5, 4.5, 7.5, 5.5 ], "texture": "#texture" },
        "north": { "uv": [ 7, 3.5, 8, 4 ], "texture": "#texture" },
        "south": { "uv": [ 7, 3.5, 8, 4 ], "texture": "#texture" },
        "west":  { "uv": [ 7, 5, 8, 5.5 ], "texture": "#texture" },
        "east":  { "uv": [ 7, 5, 8, 5.5 ], "texture": "#texture" }
    }
},
{
    "from": [ 8, 17, -4 ],
    "to": [ 9, 18, 17 ],
    "faces": {
        "up":    { "uv": [ 0, 2, 10.5, 2.5 ], "rotation": 90, "texture": "#texture", "cullface": "up" },
        "north": { "uv": [ 10, 2, 10.5, 2.5 ], "texture": "#texture", "cullface": "up" },
        "south": { "uv": [ 0, 2, 0.5, 2.5 ], "texture": "#texture", "cullface": "up" },
        "east":  { "uv": [ 10.5, 2, 0, 2.5 ], "texture": "#texture", "cullface": "up" }
    }
},
{
    "from": [ 9, 17, -4 ],
    "to": [ 10, 18, 16 ],
    "faces": {
        "up":    { "uv": [ 0, 2, 10, 2.5 ], "rotation": 90, "texture": "#texture", "cullface": "up" },
        "north": { "uv": [ 0, 2, 0.5, 2.5 ], "texture": "#texture", "cullface": "up" },
        "south": { "uv": [ 9, 2, 10, 2.5 ], "texture": "#texture", "cullface": "up" },
        "east":  { "uv": [ 10, 2, 0, 2.5 ], "texture": "#texture", "cullface": "up" }
    }
},
{
    "from": [ 15, 17, 2 ],
    "to": [ 16, 18, 11 ],
    "faces": {
        "up":    { "uv": [ 5, 2, 7, 2.5 ], "texture": "#texture", "cullface": "up" },
        "north": { "uv": [ 5, 2, 7, 2.5 ], "texture": "#texture", "cullface": "up" },
        "south": { "uv": [ 5, 2, 7, 2.5 ], "texture": "#texture", "cullface": "up" },
        "east":  { "uv": [ 5, 2, 7, 2.5 ], "texture": "#texture", "cullface": "up" }
    }
},
{
    "from": [ 14, 17, -1 ],
    "to": [ 15, 18, 14 ],
    "faces": {
        "up":    { "uv": [ 1.5, 2, 9, 2.5 ], "rotation": 90, "texture": "#texture", "cullface": "north" },
        "north": { "uv": [ 7, 2, 9, 2.5 ], "texture": "#texture", "cullface": "north" },
        "south": { "uv": [ 0.5, 2, 2.5, 2.5 ], "texture": "#texture", "cullface": "north" },
        "east":  { "uv": [ 9, 2, 1.5, 2.5 ], "texture": "#texture", "cullface": "north" }
    }
},
{
    "from": [ 13, 17, -3 ],
    "to": [ 14, 18, 15 ],
    "faces": {
        "up":    { "uv": [ 0.5, 2, 9.5, 2.5 ], "rotation": 90, "texture": "#texture", "cullface": "north" },
        "north": { "uv": [ 0.5, 2, 1, 2.5 ], "texture": "#texture", "cullface": "north" },
        "south": { "uv": [ 9, 2, 9.5, 2.5 ], "texture": "#texture", "cullface": "north" },
        "east":  { "uv": [ 9.5, 2, 0.5, 2.5 ], "texture": "#texture", "cullface": "north" }
    }
},
{
    "from": [ 12, 17, -3 ],
    "to": [ 13, 18, 16 ],
    "faces": {
        "up":    { "uv": [ 0.5, 2, 10, 2.5 ], "rotation": 90, "texture": "#texture", "cullface": "up" },
        "north": { "uv": [ 0.5, 2, 1, 2.5 ], "texture": "#texture", "cullface": "up" },
        "south": { "uv": [ 9, 1.5, 9.5, 2 ], "texture": "#texture", "cullface": "up" },
        "east":  { "uv": [ 10, 2, 0.5, 2.5 ], "texture": "#texture", "cullface": "up" }
    }
},
{
    "from": [ 10, 17, -3 ],
    "to": [ 12, 18, 16 ],
    "faces": {
        "down":  { "uv": [ 10, 2, 0.5, 2.5 ], "rotation": 90, "texture": "#texture", "cullface": "up" },
        "up":    { "uv": [ 0.5, 2, 10, 2.5 ], "rotation": 90, "texture": "#texture", "cullface": "up" },
        "north": { "uv": [ 1, 2, 2, 2.5 ], "texture": "#texture", "cullface": "up" },
        "south": { "uv": [ 9, 2, 10, 2.5 ], "texture": "#texture", "cullface": "up" }
    }
},
{
    "from": [ 8, 18, -3 ],
    "to": [ 11, 19, 16 ],
    "faces": {
        "down":  { "uv": [ 10, 1.5, 0.5, 2 ], "rotation": 90, "texture": "#texture", "cullface": "up" },
        "up":    { "uv": [ 0.5, 1.5, 10, 2 ], "rotation": 90, "texture": "#texture", "cullface": "up" },
        "north": { "uv": [ 0.5, 1.5, 1.5, 2 ], "texture": "#texture", "cullface": "up" },
        "south": { "uv": [ 9, 1.5, 10, 2 ], "texture": "#texture", "cullface": "up" },
        "east":  { "uv": [ 10, 1.5, 0.5, 2 ], "texture": "#texture", "cullface": "up" }
    }
},
{
    "from": [ 11, 18, -2 ],
    "to": [ 13, 19, 15 ],
    "faces": {
        "down":  { "uv": [ 9.5, 1.5, 1, 2 ], "rotation": 90, "texture": "#texture", "cullface": "north" },
        "up":    { "uv": [ 1, 1.5, 9.5, 2 ], "rotation": 90, "texture": "#texture", "cullface": "north" },
        "north": { "uv": [ 1, 1, 3, 1.5 ], "texture": "#texture", "cullface": "north" },
        "south": { "uv": [ 7.5, 1.5, 8, 2 ], "texture": "#texture", "cullface": "north" },
        "east":  { "uv": [ 9.5, 1.5, 1, 2 ], "texture": "#texture", "cullface": "north" }
    }
},
{
    "from": [ 13, 18, -1 ],
    "to": [ 14, 19, 14 ],
    "faces": {
        "up":    { "uv": [ 1.5, 1.5, 9, 2 ], "rotation": 90, "texture": "#texture", "cullface": "north" },
        "north": { "uv": [ 8, 1.5, 9, 2 ], "texture": "#texture", "cullface": "north" },
        "south": { "uv": [ 8, 1.5, 9, 2 ], "texture": "#texture", "cullface": "north" },
        "east":  { "uv": [ 9, 1.5, 1.5, 2 ], "texture": "#texture", "cullface": "north" }
    }
},
{
    "from": [ 14, 18, 1 ],
    "to": [ 15, 19, 12 ],
    "faces": {
        "up":    { "uv": [ 2.5, 1.5, 8, 2 ], "rotation": 90, "texture": "#texture", "cullface": "up" },
        "north": { "uv": [ 2.5, 1.5, 3, 2 ], "texture": "#texture", "cullface": "up" },
        "south": { "uv": [ 7.5, 1.5, 8, 2 ], "texture": "#texture", "cullface": "up" },
        "east":  { "uv": [ 8, 1.5, 2.5, 2 ], "texture": "#texture", "cullface": "up" }
    }
},
{
    "from": [ 8, 19, -2 ],
    "to": [ 11, 20, 15 ],
    "faces": {
        "up":    { "uv": [ 1, 1, 9.5, 1.5 ], "rotation": 90, "texture": "#texture", "cullface": "north" },
        "north": { "uv": [ 1.5, 0.5, 2, 1.5 ], "texture": "#texture", "cullface": "north" },
        "south": { "uv": [ 7.5, 0.5, 8, 1.5 ], "texture": "#texture", "cullface": "north" },
        "east":  { "uv": [ 9.5, 1, 1, 1.5 ], "texture": "#texture", "cullface": "north" }
    }
},
{
    "from": [ 11, 19, -1 ],
    "to": [ 13, 20, 14 ],
    "faces": {
        "up":    { "uv": [ 1.5, 1, 9, 1.5 ], "rotation": 90, "texture": "#texture", "cullface": "north" },
        "north": { "uv": [ 1.5, 1, 3, 1.5 ], "texture": "#texture", "cullface": "north" },
        "south": { "uv": [ 7.5, 1, 9, 1.5 ], "texture": "#texture", "cullface": "north" },
        "east":  { "uv": [ 9, 1, 1.5, 1.5 ], "texture": "#texture", "cullface": "north" }
    }
},
{
    "from": [ 13, 19, 0 ],
    "to": [ 14, 20, 13 ],
    "faces": {
        "up":    { "uv": [ 2, 1, 8.5, 1.5 ], "rotation": 90, "texture": "#texture", "cullface": "up" },
        "north": { "uv": [ 2, 1, 3.5, 1.5 ], "texture": "#texture", "cullface": "up" },
        "south": { "uv": [ 7.5, 1, 9, 1.5 ], "texture": "#texture", "cullface": "up" },
        "east":  { "uv": [ 8.5, 1, 2, 1.5 ], "texture": "#texture", "cullface": "up" }
    }
},
{
    "from": [ 8, 20, 0 ],
    "to": [ 10, 21, 14 ],
    "faces": {
        "up":    { "uv": [ 1.5, 0.5, 9, 1 ], "rotation": 90, "texture": "#texture", "cullface": "up" },
        "south": { "uv": [ 5.5, 0.5, 9, 1 ], "texture": "#texture", "cullface": "up" },
        "east":  { "uv": [ 9, 0.5, 1.5, 1 ], "texture": "#texture", "cullface": "up" }
    }
},
{
    "from": [ 10, 20, 0 ],
    "to": [ 12, 21, 13 ],
    "faces": {
        "down":  { "uv": [ 8.5, 0.5, 2, 1 ], "rotation": 90, "texture": "#texture", "cullface": "up" },
        "up":    { "uv": [ 2, 0.5, 8.5, 1 ], "rotation": 90, "texture": "#texture", "cullface": "up" },
        "north": { "uv": [ 2, 0.5, 3, 1 ], "texture": "#texture", "cullface": "up" },
        "south": { "uv": [ 2, 0.5, 3, 1 ], "texture": "#texture", "cullface": "up" },
        "east":  { "uv": [ 8.5, 0.5, 2, 1 ], "texture": "#texture", "cullface": "up" }
    }
},
{
    "from": [ 12, 20, 1 ],
    "to": [ 13, 21, 12 ],
    "faces": {
        "up":    { "uv": [ 2.5, 0.5, 8, 1 ], "rotation": 90, "texture": "#texture", "cullface": "up" },
        "north": { "uv": [ 2.5, 0.5, 3, 1 ], "texture": "#texture", "cullface": "up" },
        "south": { "uv": [ 2.5, 0.5, 3, 1 ], "texture": "#texture", "cullface": "up" },
        "east":  { "uv": [ 8, 0.5, 2.5, 1 ], "texture": "#texture", "cullface": "up" }
    }
},
{
    "from": [ 15, 11, 0 ],
    "to": [ 16, 12, 15 ],
    "faces": {
        "north": { "uv": [ 1.5, 5, 2.5, 6 ], "texture": "#texture", "cullface": "north" },
        "south": { "uv": [ 8.5, 5.5, 9, 6 ], "texture": "#texture" },
        "east":  { "uv": [ 9, 5.5, 2, 6 ], "texture": "#texture", "cullface": "east" }
    }
},
{
    "from": [ 14, 11, -1 ],
    "to": [ 15, 12, 16 ],
    "faces": {
        "up":    { "uv": [ 6, 5, 8.5, 7 ], "texture": "#texture" },
        "north": { "uv": [ 1.5, 5, 2.5, 5.5 ], "texture": "#texture" },
        "south": { "uv": [ 7.5, 5.5, 8.5, 6 ], "texture": "#texture", "cullface": "south" },
        "east":  { "uv": [ 9, 5.5, 1.5, 6 ], "texture": "#texture" }
    }
},
{
    "from": [ 13, 11, -1 ],
    "to": [ 14, 12, 16 ],
    "faces": {
        "down":  { "uv": [ 6, 5, 8.5, 7 ], "texture": "#texture" },
        "north": { "uv": [ 1.5, 5, 2.5, 5.5 ], "texture": "#texture" },
        "south": { "uv": [ 7.5, 5.5, 8.5, 6 ], "texture": "#texture", "cullface": "south" },
        "west":  { "uv": [ 1.5, 5.5, 10, 6 ], "texture": "#texture" }
    }
},
{
    "from": [ 15, 8, -1 ],
    "to": [ 16, 11, 15 ],
    "faces": {
        "up":    { "uv": [ 1.5, 4.5, 9.5, 5 ], "rotation": 90, "texture": "#texture", "cullface": "north" },
        "north": { "uv": [ 1.5, 6, 2, 7 ], "texture": "#texture", "cullface": "north" },
        "south": { "uv": [ 9, 4.5, 9.5, 6 ], "texture": "#texture", "cullface": "north" },
        "west":  { "uv": [ 1.5, 4.5, 9.5, 6 ], "texture": "#texture", "cullface": "north" },
        "east":  { "uv": [ 9.5, 4.5, 1.5, 6 ], "texture": "#texture", "cullface": "north" }
    }
},
{
    "from": [ 14, 10, -1 ],
    "to": [ 15, 11, 16 ],
    "faces": {
        "down":  { "uv": [ 6, 5, 8.5, 7 ], "texture": "#texture" },
        "north": { "uv": [ 1.5, 5, 2.5, 5.5 ], "texture": "#texture" },
        "south": { "uv": [ 7.5, 5.5, 8.5, 6 ], "texture": "#texture", "cullface": "south" },
        "west":  { "uv": [ 1.5, 5.5, 9, 6 ], "texture": "#texture" },
        "east":  { "uv": [ 9, 5.5, 1.5, 6 ], "texture": "#texture" }
    }
},
{
    "from": [ 15, 12, 0 ],
    "to": [ 16, 13, 16 ],
    "faces": {
        "down":  { "uv": [ 10, 4, 2, 4.5 ], "rotation": 90, "texture": "#texture" },
        "north": { "uv": [ 8.5, 4.5, 9.5, 5.5 ], "texture": "#texture", "cullface": "north" },
        "south": { "uv": [ 8.5, 4.5, 9.5, 5.5 ], "texture": "#texture", "cullface": "south" },
        "east":  { "uv": [ 10, 4, 2, 4.5 ], "texture": "#texture", "cullface": "east" }
    }
},
{
    "from": [ 10, 15, -3 ],
    "to": [ 13, 16, 17 ],
    "faces": {
        "down":  { "uv": [ 3.5, 4.5, 7, 6 ], "rotation": 90, "texture": "#texture" },
        "up":    { "uv": [ 3.5, 4.5, 7, 6 ], "rotation": 90, "texture": "#texture", "cullface": "up" },
        "north": { "uv": [ 0.5, 3, 1.5, 3.5 ], "texture": "#texture" },
        "south": { "uv": [ 6, 4.5, 7, 5 ], "texture": "#texture" },
        "east":  { "uv": [ 2.5, 4, 9, 4.5 ], "texture": "#texture" }
    }
},
{
    "from": [ 8, 16, -4 ],
    "to": [ 11, 17, 17 ],
    "faces": {
        "down":  { "uv": [ 3.5, 4.5, 6.5, 5.5 ], "rotation": 90, "texture": "#texture", "cullface": "up" },
        "up":    { "uv": [ 3.5, 4.5, 6.5, 5.5 ], "rotation": 90, "texture": "#texture", "cullface": "up" },
        "north": { "uv": [ 3.5, 4.5, 4, 5 ], "texture": "#texture", "cullface": "up" },
        "south": { "uv": [ 3.5, 4.5, 4, 5 ], "texture": "#texture", "cullface": "up" },
        "east":  { "uv": [ 3, 4, 8, 5 ], "texture": "#texture", "cullface": "up" }
    }
},
{
    "from": [ 5, 16, -4 ],
    "to": [ 8, 17, 17 ],
    "faces": {
        "down":  { "uv": [ 3.5, 4.5, 6.5, 5.5 ], "rotation": 90, "texture": "#texture", "cullface": "up" },
        "up":    { "uv": [ 3.5, 4.5, 6.5, 5.5 ], "rotation": 90, "texture": "#texture", "cullface": "up" },
        "north": { "uv": [ 3.5, 4.5, 4, 5 ], "texture": "#texture", "cullface": "up" },
        "south": { "uv": [ 3.5, 4.5, 4, 5 ], "texture": "#texture", "cullface": "up" },
        "west":  { "uv": [ 3, 4, 8, 5 ], "texture": "#texture", "cullface": "up" }
    }
},
{
    "from": [ 9, 21, 2 ],
    "to": [ 11, 22, 12 ],
    "faces": {
        "down":  { "uv": [ 2.5, 0, 8.5, 0.5 ], "rotation": 90, "texture": "#texture", "cullface": "up" },
        "up":    { "uv": [ 2.5, 0, 8.5, 0.5 ], "rotation": 90, "texture": "#texture", "cullface": "up" },
        "south": { "uv": [ 7, 0, 8.5, 0.5 ], "texture": "#texture", "cullface": "up" },
        "east":  { "uv": [ 8.5, 0, 2.5, 0.5 ], "texture": "#texture", "cullface": "up" }
    }
},
{
    "from": [ 11, 21, 3 ],
    "to": [ 12, 22, 11 ],
    "faces": {
        "up":    { "uv": [ 8.5, 0, 2.5, 0.5 ], "rotation": 270, "texture": "#texture", "cullface": "up" },
        "north": { "uv": [ 2.5, 0, 3.5, 0.5 ], "texture": "#texture", "cullface": "up" },
        "south": { "uv": [ 7.5, 0, 8.5, 0.5 ], "texture": "#texture", "cullface": "up" },
        "east":  { "uv": [ 8.5, 0, 2.5, 0.5 ], "texture": "#texture", "cullface": "up" }
    }
},
{
    "from": [ 6, 15, -3 ],
    "to": [ 8, 16, 18 ],
    "faces": {
        "down":  { "uv": [ 2.5, 4.5, 9, 5.5 ], "rotation": 90, "texture": "#texture" },
        "up":    { "uv": [ 2.5, 4.5, 9, 5.5 ], "rotation": 90, "texture": "#texture", "cullface": "up" },
        "north": { "uv": [ 2, 3.5, 2.5, 4.5 ], "texture": "#texture" },
        "south": { "uv": [ 7.5, 4, 8, 5 ], "texture": "#texture" },
        "west":  { "uv": [ 2, 4, 8.5, 5 ], "texture": "#texture" }
    }
},
{
    "from": [ 15, 5, -2 ],
    "to": [ 16, 6, 15 ],
    "faces": {
        "up":    { "uv": [ 1.5, 8, 9.5, 8.5 ], "rotation": 90, "texture": "#texture", "cullface": "north" },
        "north": { "uv": [ 2, 8, 2.5, 8.5 ], "texture": "#texture", "cullface": "north" },
        "south": { "uv": [ 9, 8, 9.5, 8.5 ], "texture": "#texture", "cullface": "north" },
        "west":  { "uv": [ 1.5, 8, 9.5, 8.5 ], "texture": "#texture", "cullface": "north" },
        "east":  { "uv": [ 9.5, 8, 2, 8.5 ], "texture": "#texture", "cullface": "north" }
    }
},
{
    "from": [ 1, 2, -2 ],
    "to": [ 2, 3, 17 ],
    "faces": {
        "down":  { "uv": [ 10.5, 9.5, 1, 10 ], "rotation": 90, "texture": "#texture" },
        "up":    { "uv": [ 1, 9.5, 10.5, 10 ], "rotation": 90, "texture": "#texture" },
        "north": { "uv": [ 1, 9, 1.5, 10 ], "texture": "#texture" },
        "south": { "uv": [ 9.5, 8.5, 10, 9.5 ], "texture": "#texture" },
        "west":  { "uv": [ 1, 9.5, 10.5, 10 ], "texture": "#texture" },
        "east":  { "uv": [ 10.5, 9.5, 1, 10 ], "texture": "#texture" }
    }
},
{
    "from": [ 14, 0, 2 ],
    "to": [ 15, 1, 13 ],
    "faces": {
        "down":  { "uv": [ 7, 5, 8, 11 ], "texture": "#texture", "cullface": "down" },
        "north": { "uv": [ 6.5, 10, 7.5, 11 ], "texture": "#texture" },
        "south": { "uv": [ 6.5, 10, 7.5, 11 ], "texture": "#texture" },
        "east":  { "uv": [ 3, 10.5, 9, 11 ], "texture": "#texture" }
    }
},
{
    "from": [ 13, 0, 0 ],
    "to": [ 14, 1, 15 ],
    "faces": {
        "down":  { "uv": [ 8, 10.5, 9, 11 ], "texture": "#texture", "cullface": "down" },
        "north": { "uv": [ 13, 14.5, 14, 15 ], "texture": "#texture", "cullface": "north" },
        "south": { "uv": [ 13, 14.5, 14, 15 ], "texture": "#texture" },
        "west":  { "uv": [ 2, 10.5, 10, 11 ], "texture": "#texture" },
        "east":  { "uv": [ 2, 10.5, 10, 11 ], "texture": "#texture" }
    }
},
{
    "from": [ 11, -1, 2 ],
    "to": [ 13, 0, 14 ],
    "faces": {
        "down":  { "uv": [ 3, 11, 9, 11.5 ], "texture": "#texture", "cullface": "down" },
        "up":    { "uv": [ 3, 11, 9, 11.5 ], "texture": "#texture", "cullface": "down" },
        "north": { "uv": [ 13.5, 14.5, 14, 15 ], "texture": "#texture", "cullface": "down" },
        "south": { "uv": [ 13.5, 14.5, 14, 15 ], "texture": "#texture", "cullface": "down" },
        "west":  { "uv": [ 3, 11, 9, 11.5 ], "texture": "#texture", "cullface": "down" },
        "east":  { "uv": [ 3, 11, 9, 11.5 ], "texture": "#texture", "cullface": "down" }
    }
},
{
    "from": [ 13, 1, -1 ],
    "to": [ 14, 2, 17 ],
    "faces": {
        "down":  { "uv": [ 10.5, 9.5, 1.5, 10 ], "rotation": 90, "texture": "#texture" },
        "up":    { "uv": [ 1.5, 9.5, 10.5, 10 ], "rotation": 90, "texture": "#texture" },
        "north": { "uv": [ 2, 9.5, 2.5, 10 ], "texture": "#texture" },
        "south": { "uv": [ 10, 9.5, 10.5, 10 ], "texture": "#texture" },
        "west":  { "uv": [ 1.5, 9.5, 10.5, 10 ], "texture": "#texture" },
        "east":  { "uv": [ 10.5, 9.5, 1.5, 10 ], "texture": "#texture" }
    }
},
{
    "from": [ 0, 3, -2 ],
    "to": [ 1, 5, 16 ],
    "faces": {
        "down":  { "uv": [ 10, 9, 1, 9.5 ], "rotation": 90, "texture": "#texture" },
        "up":    { "uv": [ 1, 8.5, 10, 9 ], "rotation": 90, "texture": "#texture" },
        "north": { "uv": [ 2, 8.5, 2.5, 9.5 ], "texture": "#texture" },
        "south": { "uv": [ 9.5, 8.5, 10, 9.5 ], "texture": "#texture", "cullface": "south" },
        "west":  { "uv": [ 1, 8.5, 10, 9.5 ], "texture": "#texture", "cullface": "west" },
        "east":  { "uv": [ 10, 8.5, 1, 9.5 ], "texture": "#texture" }
    }
},
{
    "from": [ -1, 3, 0 ],
    "to": [ 8.88178e-016, 6, 15 ],
    "faces": {
        "down":  { "uv": [ 2, 9, 9.5, 9.5 ], "rotation": 90, "texture": "#texture", "cullface": "west" },
        "up":    { "uv": [ 2, 8, 9.5, 8.5 ], "rotation": 90, "texture": "#texture", "cullface": "west" },
        "north": { "uv": [ 2, 8, 2.5, 9.5 ], "texture": "#texture", "cullface": "west" },
        "south": { "uv": [ 9, 8, 9.5, 9.5 ], "texture": "#texture", "cullface": "west" },
        "west":  { "uv": [ 2, 8, 9.5, 9.5 ], "texture": "#texture", "cullface": "west" },
        "east":  { "uv": [ 9.5, 8, 2, 9.5 ], "texture": "#texture", "cullface": "west" }
    }
},
{
    "from": [ 2, 10, 0 ],
    "to": [ 3, 11, 15 ],
    "faces": {
        "down":  { "uv": [ 9.5, 6, 2, 6.5 ], "rotation": 90, "texture": "#texture" },
        "south": { "uv": [ 9, 6, 9.5, 7 ], "texture": "#texture" },
        "east":  { "uv": [ 9.5, 6, 2, 7 ], "texture": "#texture" }
    }
},
{
    "from": [ 1, 10, -1 ],
    "to": [ 2, 11, 15 ],
    "faces": {
        "down":  { "uv": [ 9.5, 6, 1.5, 6.5 ], "rotation": 90, "texture": "#texture", "cullface": "north" },
        "north": { "uv": [ 1.5, 6, 2, 7 ], "texture": "#texture", "cullface": "north" },
        "south": { "uv": [ 9, 6, 9.5, 7 ], "texture": "#texture", "cullface": "north" },
        "east":  { "uv": [ 1.5, 6, 9.5, 6.5 ], "texture": "#texture", "cullface": "north" }
    }
},
{
    "from": [ 3, 0, 13 ],
    "to": [ 4, 1, 15 ],
    "faces": {
        "down":  { "uv": [ 14, 14, 14.5, 14.5 ], "texture": "#texture", "cullface": "down" },
        "up":    { "uv": [ 14, 14, 14.5, 14.5 ], "texture": "#texture" },
        "north": { "uv": [ 14, 14, 14.5, 14.5 ], "texture": "#texture" },
        "south": { "uv": [ 14, 14, 14.5, 14.5 ], "texture": "#texture" },
        "east":  { "uv": [ 14.5, 14, 13.5, 14.5 ], "texture": "#texture" }
    }
},
{
    "from": [ 11, 0, 14 ],
    "to": [ 12, 1, 16 ],
    "faces": {
        "down":  { "uv": [ 14, 14, 14.5, 14.5 ], "texture": "#texture", "cullface": "down" },
        "up":    { "uv": [ 14, 14, 14.5, 14.5 ], "texture": "#texture" },
        "north": { "uv": [ 14, 14, 14.5, 14.5 ], "texture": "#texture" },
        "south": { "uv": [ 14, 14, 14.5, 14.5 ], "texture": "#texture", "cullface": "south" },
        "west":  { "uv": [ 13.5, 14, 14.5, 14.5 ], "texture": "#texture" },
        "east":  { "uv": [ 14.5, 14, 13.5, 14.5 ], "texture": "#texture" }
    }
},
{
    "from": [ 12, 0, 13 ],
    "to": [ 13, 1, 15 ],
    "faces": {
        "down":  { "uv": [ 14, 14, 14.5, 14.5 ], "texture": "#texture", "cullface": "down" },
        "up":    { "uv": [ 14, 14, 14.5, 14.5 ], "texture": "#texture" },
        "north": { "uv": [ 14, 14, 14.5, 14.5 ], "texture": "#texture" },
        "south": { "uv": [ 14, 14, 14.5, 14.5 ], "texture": "#texture" },
        "west":  { "uv": [ 13.5, 14, 14.5, 14.5 ], "texture": "#texture" }
    }
},
{
    "from": [ 10, 11, 0 ],
    "to": [ 13, 12, 16 ],
    "faces": {
        "down":  { "uv": [ 10, 5.5, 2, 6 ], "rotation": 90, "texture": "#texture" },
        "up":    { "uv": [ 2, 5.5, 10, 6 ], "rotation": 90, "texture": "#texture" },
        "south": { "uv": [ 9, 5.5, 9.5, 6 ], "texture": "#texture", "cullface": "south" }
    }
},
{
    "from": [ 1, 9, 0 ],
    "to": [ 2, 10, 15 ],
    "faces": {
        "down":  { "uv": [ 9.5, 6, 2, 6.5 ], "rotation": 90, "texture": "#texture" },
        "south": { "uv": [ 9, 6, 9.5, 7 ], "texture": "#texture" },
        "east":  { "uv": [ 9.5, 6, 2, 7 ], "texture": "#texture" }
    }
},
{
    "from": [ 14, 8, 0 ],
    "to": [ 15, 10, 15 ],
    "faces": {
        "down":  { "uv": [ 9.5, 6, 2, 6.5 ], "rotation": 90, "texture": "#texture" },
        "north": { "uv": [ 1.5, 6, 2, 7 ], "texture": "#texture", "cullface": "north" },
        "south": { "uv": [ 9, 6, 9.5, 7 ], "texture": "#texture" },
        "west":  { "uv": [ 2, 6, 9.5, 7 ], "texture": "#texture" }
    }
},
{
    "from": [ 13, 10, 0 ],
    "to": [ 14, 11, 15 ],
    "faces": {
        "down":  { "uv": [ 9.5, 6, 2, 6.5 ], "rotation": 90, "texture": "#texture" },
        "south": { "uv": [ 9, 6, 9.5, 7 ], "texture": "#texture" },
        "west":  { "uv": [ 2, 6, 9.5, 7 ], "texture": "#texture" }
    }
},
{
    "from": [ 6, 12, 16 ],
    "to": [ 10, 13, 17 ],
    "faces": {
        "down":  { "uv": [ 14, 14, 14.5, 14.5 ], "texture": "#texture", "cullface": "south" },
        "south": { "uv": [ 14, 14, 14.5, 14.5 ], "texture": "#texture", "cullface": "south" },
        "west":  { "uv": [ 14, 14, 14.5, 14.5 ], "texture": "#texture", "cullface": "south" },
        "east":  { "uv": [ 14, 14, 14.5, 14.5 ], "texture": "#texture", "cullface": "south" }
    }
},
{
    "from": [ 5, 14.5, 17 ],
    "to": [ 11, 15, 18 ],
    "faces": {
        "up":    { "uv": [ 1, 0.5, 1.5, 1.5 ], "texture": "#texture", "cullface": "south" },
        "south": { "uv": [ 0.5, 0, 1, 0.5 ], "texture": "#texture", "cullface": "south" },
        "west":  { "uv": [ 0.5, 0, 1, 0.5 ], "texture": "#texture", "cullface": "south" },
        "east":  { "uv": [ 0.5, 0, 1, 0.5 ], "texture": "#texture", "cullface": "south" }
    }
},
{
    "from": [ 5, 13, 16 ],
    "to": [ 11, 15, 17 ],
    "faces": {
        "down":  { "uv": [ 0.5, 0.5, 1, 1.5 ], "texture": "#texture", "cullface": "south" },
        "up":    { "uv": [ 0.5, 0.5, 1, 1.5 ], "texture": "#texture", "cullface": "south" },
        "south": { "uv": [ 0.5, 0.5, 1, 1 ], "texture": "#texture", "cullface": "south" },
        "west":  { "uv": [ 0.5, 0.5, 1, 1 ], "texture": "#texture", "cullface": "south" },
        "east":  { "uv": [ 0.5, 0.5, 1, 1 ], "texture": "#texture", "cullface": "south" }
    }
},
{
    "from": [ 5.5, 21, -1 ],
    "to": [ 10.5, 22, 1 ],
    "faces": {
        "down":  { "uv": [ 1, 0.5, 1.5, 1.5 ], "texture": "#texture", "cullface": "north" },
        "up":    { "uv": [ 1, 0.5, 1.5, 1.5 ], "texture": "#texture", "cullface": "north" },
        "north": { "uv": [ 0.5, 0, 1, 0.5 ], "texture": "#texture", "cullface": "north" },
        "west":  { "uv": [ 0.5, 0, 1, 0.5 ], "texture": "#texture", "cullface": "north" },
        "east":  { "uv": [ 0.5, 0, 1, 0.5 ], "texture": "#texture", "cullface": "north" }
    }
},
{
    "from": [ 5, 22, -2 ],
    "to": [ 8, 23, -1 ],
    "faces": {
        "up":    { "uv": [ 1, 0.5, 1.5, 1.5 ], "texture": "#texture", "cullface": "north" },
        "north": { "uv": [ 0.5, 0, 1, 0.5 ], "texture": "#texture", "cullface": "north" },
        "south": { "uv": [ 0.5, 0, 1, 0.5 ], "texture": "#texture", "cullface": "north" },
        "west":  { "uv": [ 0.5, 0, 1, 0.5 ], "texture": "#texture", "cullface": "north" },
        "east":  { "uv": [ 0.5, 0, 1, 0.5 ], "texture": "#texture", "cullface": "north" }
    }
},
{
    "from": [ 6, 23, -5 ],
    "to": [ 7, 24, -2 ],
    "faces": {
        "down":  { "uv": [ 1, 0.5, 1.5, 1.5 ], "texture": "#texture", "cullface": "north" },
        "up":    { "uv": [ 1, 0.5, 1.5, 1.5 ], "texture": "#texture", "cullface": "north" },
        "north": { "uv": [ 0.5, 0, 1, 0.5 ], "texture": "#texture", "cullface": "north" },
        "south": { "uv": [ 0.5, 0, 1, 0.5 ], "texture": "#texture", "cullface": "north" },
        "west":  { "uv": [ 0.5, 0, 1, 0.5 ], "texture": "#texture", "cullface": "north" },
        "east":  { "uv": [ 0.5, 0, 1, 0.5 ], "texture": "#texture", "cullface": "north" }
    }
},
{
    "from": [ 6, 22, -5 ],
    "to": [ 7, 23, -4 ],
    "faces": {
        "north": { "uv": [ 0.5, 0, 1, 0.5 ], "texture": "#texture", "cullface": "north" },
        "west":  { "uv": [ 0.5, 0, 1, 0.5 ], "texture": "#texture", "cullface": "north" },
        "east":  { "uv": [ 0.5, 0, 1, 0.5 ], "texture": "#texture", "cullface": "north" }
    }
},
{
    "from": [ 5.5, 22, -4 ],
    "to": [ 7.5, 23, -2 ],
    "faces": {
        "down":  { "uv": [ 1, 0.5, 1.5, 1.5 ], "texture": "#texture", "cullface": "north" },
        "up":    { "uv": [ 1, 0.5, 1.5, 1.5 ], "texture": "#texture", "cullface": "north" },
        "north": { "uv": [ 0.5, 0, 1, 0.5 ], "texture": "#texture", "cullface": "north" },
        "west":  { "uv": [ 0.5, 0, 1, 0.5 ], "texture": "#texture", "cullface": "north" },
        "east":  { "uv": [ 0.5, 0, 1, 0.5 ], "texture": "#texture", "cullface": "north" }
    }
},
{
    "from": [ 6, 21, -5 ],
    "to": [ 8, 22, -4 ],
    "faces": {
        "up":    { "uv": [ 1, 0.5, 1.5, 1.5 ], "texture": "#texture", "cullface": "north" },
        "north": { "uv": [ 0.5, 0, 1, 0.5 ], "texture": "#texture", "cullface": "north" },
        "south": { "uv": [ 0.5, 0, 1, 0.5 ], "texture": "#texture", "cullface": "north" },
        "west":  { "uv": [ 0.5, 0, 1, 0.5 ], "texture": "#texture", "cullface": "north" },
        "east":  { "uv": [ 0.5, 0, 1, 0.5 ], "texture": "#texture", "cullface": "north" }
    }
},
{
    "from": [ 5, 21, -3 ],
    "to": [ 9, 22, -1 ],
    "faces": {
        "down":  { "uv": [ 1, 0.5, 1.5, 1.5 ], "texture": "#texture", "cullface": "north" },
        "up":    { "uv": [ 1, 0.5, 1.5, 1.5 ], "texture": "#texture", "cullface": "north" },
        "north": { "uv": [ 0.5, 0, 1, 0.5 ], "texture": "#texture", "cullface": "north" },
        "south": { "uv": [ 0.5, 0, 1, 0.5 ], "texture": "#texture", "cullface": "north" },
        "west":  { "uv": [ 0.5, 0, 1, 0.5 ], "texture": "#texture", "cullface": "north" },
        "east":  { "uv": [ 0.5, 0, 1, 0.5 ], "texture": "#texture", "cullface": "north" }
    }
},
{
    "from": [ 6, 20, -5 ],
    "to": [ 8, 21, -4 ],
    "faces": {
        "down":  { "uv": [ 1, 0.5, 1.5, 1.5 ], "texture": "#texture", "cullface": "north" },
        "north": { "uv": [ 0.5, 0, 1, 0.5 ], "texture": "#texture", "cullface": "north" },
        "west":  { "uv": [ 0.5, 0, 1, 0.5 ], "texture": "#texture", "cullface": "north" },
        "east":  { "uv": [ 0.5, 0, 1, 0.5 ], "texture": "#texture", "cullface": "north" }
    }
},
{
    "from": [ 4.5, 20, -2 ],
    "to": [ 10.5, 21, -4.44089e-016 ],
    "faces": {
        "down":  { "uv": [ 1, 0.5, 1.5, 1.5 ], "texture": "#texture", "cullface": "north" },
        "up":    { "uv": [ 1, 0.5, 1.5, 1.5 ], "texture": "#texture", "cullface": "north" },
        "north": { "uv": [ 0.5, 0, 1, 0.5 ], "texture": "#texture", "cullface": "north" },
        "south": { "uv": [ 0.5, 0, 1, 0.5 ], "texture": "#texture", "cullface": "north" },
        "west":  { "uv": [ 0.5, 0, 1, 0.5 ], "texture": "#texture", "cullface": "north" },
        "east":  { "uv": [ 0.5, 0, 1, 0.5 ], "texture": "#texture", "cullface": "north" }
    }
},
{
    "from": [ 7, 18, -5 ],
    "to": [ 9, 19, -3 ],
    "faces": {
        "down":  { "uv": [ 1, 0.5, 1.5, 1.5 ], "texture": "#texture", "cullface": "north" },
        "up":    { "uv": [ 1, 0.5, 1.5, 1.5 ], "texture": "#texture", "cullface": "north" },
        "north": { "uv": [ 0.5, 0, 1, 0.5 ], "texture": "#texture", "cullface": "north" },
        "south": { "uv": [ 0.5, 0, 1, 0.5 ], "texture": "#texture", "cullface": "north" },
        "west":  { "uv": [ 0.5, 0, 1, 0.5 ], "texture": "#texture", "cullface": "north" },
        "east":  { "uv": [ 0.5, 0, 1, 0.5 ], "texture": "#texture", "cullface": "north" }
    }
},
{
    "from": [ 6.5, 19, -5 ],
    "to": [ 8.5, 20, -3 ],
    "faces": {
        "down":  { "uv": [ 1, 0.5, 1.5, 1.5 ], "texture": "#texture", "cullface": "north" },
        "up":    { "uv": [ 1, 0.5, 1.5, 1.5 ], "texture": "#texture", "cullface": "north" },
        "north": { "uv": [ 0.5, 0, 1, 0.5 ], "texture": "#texture", "cullface": "north" },
        "west":  { "uv": [ 0.5, 0, 1, 0.5 ], "texture": "#texture", "cullface": "north" },
        "east":  { "uv": [ 0.5, 0, 1, 0.5 ], "texture": "#texture", "cullface": "north" }
    }
},
{
    "from": [ 6.5, 19, -3 ],
    "to": [ 9.5, 20, -2 ],
    "faces": {
        "down":  { "uv": [ 1, 0.5, 1.5, 1.5 ], "texture": "#texture", "cullface": "north" },
        "up":    { "uv": [ 1, 0.5, 1.5, 1.5 ], "texture": "#texture", "cullface": "north" },
        "north": { "uv": [ 0.5, 0, 1, 0.5 ], "texture": "#texture", "cullface": "north" },
        "south": { "uv": [ 0.5, 0, 1, 0.5 ], "texture": "#texture", "cullface": "north" },
        "west":  { "uv": [ 0.5, 0, 1, 0.5 ], "texture": "#texture", "cullface": "north" },
        "east":  { "uv": [ 0.5, 0, 1, 0.5 ], "texture": "#texture", "cullface": "north" }
    }
},
{
    "from": [ 7.5, 17, -5 ],
    "to": [ 8.5, 18, -4 ],
    "faces": {
        "down":  { "uv": [ 1, 0.5, 1.5, 1.5 ], "texture": "#texture", "cullface": "north" },
        "north": { "uv": [ 0.5, 0, 1, 0.5 ], "texture": "#texture", "cullface": "north" },
        "south": { "uv": [ 0.5, 0, 1, 0.5 ], "texture": "#texture", "cullface": "north" },
        "west":  { "uv": [ 0.5, 0, 1, 0.5 ], "texture": "#texture", "cullface": "north" },
        "east":  { "uv": [ 0.5, 0, 1, 0.5 ], "texture": "#texture", "cullface": "north" }
    }
},
{
    "from": [ 2, 17, -3 ],
    "to": [ 3, 18, 15 ],
    "faces": {
        "up":    { "uv": [ 0.5, 2, 9.5, 2.5 ], "rotation": 90, "texture": "#texture", "cullface": "north" },
        "north": { "uv": [ 0.5, 2, 1, 2.5 ], "texture": "#texture", "cullface": "north" },
        "south": { "uv": [ 9, 2, 9.5, 2.5 ], "texture": "#texture", "cullface": "north" },
        "west":  { "uv": [ 0.5, 2, 9.5, 2.5 ], "texture": "#texture", "cullface": "north" }
    }
},
{
    "from": [ 3, 17, -3 ],
    "to": [ 4, 18, 16 ],
    "faces": {
        "up":    { "uv": [ 0.5, 2, 10, 2.5 ], "rotation": 90, "texture": "#texture", "cullface": "up" },
        "north": { "uv": [ 0.5, 2, 1, 2.5 ], "texture": "#texture", "cullface": "up" },
        "south": { "uv": [ 9, 1.5, 9.5, 2 ], "texture": "#texture", "cullface": "up" },
        "west":  { "uv": [ 0.5, 2, 10, 2.5 ], "texture": "#texture", "cullface": "up" }
    }
},
{
    "from": [ 5.5, 21, -4 ],
    "to": [ 7.5, 22, -3 ],
    "faces": {
        "north": { "uv": [ 0.5, 0, 1, 0.5 ], "texture": "#texture", "cullface": "north" },
        "west":  { "uv": [ 0.5, 0, 1, 0.5 ], "texture": "#texture", "cullface": "north" },
        "east":  { "uv": [ 0.5, 0, 1, 0.5 ], "texture": "#texture", "cullface": "north" }
    }
},
{
    "from": [ 5, 20, -4 ],
    "to": [ 9, 21, -2 ],
    "faces": {
        "down":  { "uv": [ 1, 0.5, 1.5, 1.5 ], "texture": "#texture", "cullface": "north" },
        "up":    { "uv": [ 1, 0.5, 1.5, 1.5 ], "texture": "#texture", "cullface": "north" },
        "north": { "uv": [ 0.5, 0, 1, 0.5 ], "texture": "#texture", "cullface": "north" },
        "west":  { "uv": [ 0.5, 0, 1, 0.5 ], "texture": "#texture", "cullface": "north" },
        "east":  { "uv": [ 0.5, 0, 1, 0.5 ], "texture": "#texture", "cullface": "north" }
    }
},
{
    "from": [ 5, 21, 1 ],
    "to": [ 11, 22, 2 ],
    "faces": {
        "down":  { "uv": [ 1, 0.5, 1.5, 1.5 ], "texture": "#texture", "cullface": "up" },
        "up":    { "uv": [ 1, 0.5, 1.5, 1.5 ], "texture": "#texture", "cullface": "up" },
        "north": { "uv": [ 0.5, 0, 1, 0.5 ], "texture": "#texture", "cullface": "up" },
        "south": { "uv": [ 0.5, 0, 1, 0.5 ], "texture": "#texture", "cullface": "up" },
        "west":  { "uv": [ 0.5, 0, 1, 0.5 ], "texture": "#texture", "cullface": "up" },
        "east":  { "uv": [ 0.5, 0, 1, 0.5 ], "texture": "#texture", "cullface": "up" }
    }
},
{
    "from": [ 1, 5.5, 12.5 ],
    "to": [ 15, 15.5, 13.5 ],
    "faces": {
        "down":  { "uv": [ 5, 11, 6, 12 ], "texture": "#magemask" },
        "up":    { "uv": [ 5, 11, 6, 12 ], "texture": "#magemask" },
        "north": { "uv": [ 5, 6, 11.5, 11 ], "texture": "#magemask" },
        "south": { "uv": [ 11.5, 6, 5, 11 ], "texture": "#magemask" },
        "west":  { "uv": [ 5, 6, 6, 12 ], "texture": "#magemask" },
        "east":  { "uv": [ 11.5, 6, 10.5, 12 ], "texture": "#magemask" }
    }
},
{
    "from": [ 6.5, -0.5, 15 ],
    "to": [ 9.5, 15.5, 16 ],
    "faces": {
        "down":  { "uv": [ 9, 13.5, 7.5, 14 ], "texture": "#magemask" },
        "up":    { "uv": [ 7.5, 13.5, 9, 14 ], "texture": "#magemask" },
        "north": { "uv": [ 7.5, 6, 9, 14 ], "texture": "#magemask" },
        "south": { "uv": [ 9, 6, 7.5, 14 ], "texture": "#magemask" },
        "west":  { "uv": [ 7.5, 6, 8, 14 ], "texture": "#magemask" },
        "east":  { "uv": [ 9, 6, 8.5, 14 ], "texture": "#magemask" }
    }
},
{
    "from": [ 5.5, -0.5, 14.5 ],
    "to": [ 10.5, 15.5, 15.5 ],
    "faces": {
        "down":  { "uv": [ 7.5, 13.5, 7, 14 ], "texture": "#magemask" },
        "up":    { "uv": [ 7, 13.5, 7.5, 14 ], "texture": "#magemask" },
        "north": { "uv": [ 7, 6, 9.5, 14 ], "texture": "#magemask" },
        "south": { "uv": [ 9.5, 6, 7, 14 ], "texture": "#magemask" },
        "west":  { "uv": [ 7, 6, 7.5, 14 ], "texture": "#magemask" },
        "east":  { "uv": [ 9.5, 6, 9, 14 ], "texture": "#magemask" }
    }
},
{
    "from": [ 4.5, 4, 13.5 ],
    "to": [ 11.5, 15.5, 14.5 ],
    "faces": {
        "down":  { "uv": [ 7.5, 13.5, 7, 14 ], "texture": "#magemask" },
        "up":    { "uv": [ 7, 13.5, 7.5, 14 ], "texture": "#magemask" },
        "north": { "uv": [ 6.5, 6, 10, 12 ], "texture": "#magemask" },
        "south": { "uv": [ 9.5, 6.5, 7, 11.5 ], "texture": "#magemask" },
        "west":  { "uv": [ 6.5, 6.5, 7, 11.5 ], "texture": "#magemask" },
        "east":  { "uv": [ 10, 6.5, 9.5, 11.5 ], "texture": "#magemask" }
    }
},
{
    "from": [ 1, 1.5, 12 ],
    "to": [ 15, 6, 13 ],
    "faces": {
        "down":  { "uv": [ 9.5, 16, 1.5, 15 ], "texture": "#texture" },
        "up":    { "uv": [ 2, 14.5, 10, 15.5 ], "texture": "#texture" },
        "north": { "uv": [ 2, 14.5, 10, 16 ], "texture": "#texture" },
        "south": { "uv": [ 1, 8.5, 1.5, 10 ], "texture": "#texture" },
        "west":  { "uv": [ 5.5, 14, 6.5, 15.5 ], "texture": "#texture" },
        "east":  { "uv": [ 3.5, 14, 4.5, 15.5 ], "texture": "#texture" }
    }
},
{
    "from": [ 2.5, 1, 13 ],
    "to": [ 13.5, 2, 14 ],
    "faces": {
        "down":  { "uv": [ 10.5, 16, 2.5, 15 ], "texture": "#texture" },
        "up":    { "uv": [ 2, 14.5, 9.5, 15.5 ], "texture": "#texture" },
        "north": { "uv": [ 2, 14.5, 7, 15.5 ], "texture": "#texture" },
        "south": { "uv": [ 2.5, 14, 10, 15 ], "texture": "#texture" },
        "west":  { "uv": [ 7, 15, 8, 16 ], "texture": "#texture" },
        "east":  { "uv": [ 2, 14, 3, 15 ], "texture": "#texture" }
    }
},
{
    "from": [ 6.5, -1.5, 15 ],
    "to": [ 7.5, -0.5, 16 ],
    "faces": {
        "down":  { "uv": [ 9, 14, 8.5, 14.5 ], "texture": "#magemask" },
        "up":    { "uv": [ 7.5, 14, 8, 14.5 ], "texture": "#magemask" },
        "north": { "uv": [ 7.5, 14, 8, 14.5 ], "texture": "#magemask" },
        "south": { "uv": [ 8, 14, 7.5, 14.5 ], "texture": "#magemask" },
        "west":  { "uv": [ 7.5, 14, 8, 14.5 ], "texture": "#magemask" },
        "east":  { "uv": [ 9, 14, 8.5, 14.5 ], "texture": "#magemask" }
    }
},
{
    "from": [ 8.5, -1.5, 15 ],
    "to": [ 9.5, -0.5, 16 ],
    "faces": {
        "down":  { "uv": [ 9, 14, 8.5, 14.5 ], "texture": "#magemask" },
        "up":    { "uv": [ 7.5, 14, 8, 14.5 ], "texture": "#magemask" },
        "north": { "uv": [ 7.5, 14, 8, 14.5 ], "texture": "#magemask" },
        "south": { "uv": [ 8, 14, 7.5, 14.5 ], "texture": "#magemask" },
        "west":  { "uv": [ 7.5, 14, 8, 14.5 ], "texture": "#magemask" },
        "east":  { "uv": [ 9, 14, 8.5, 14.5 ], "texture": "#magemask" }
    }
},
{
    "from": [ 6, 11, 15 ],
    "to": [ 10, 12.5, 16 ],
    "faces": {
        "down":  { "uv": [ 9, 14, 8.5, 14.5 ], "texture": "#magemask" },
        "up":    { "uv": [ 7.5, 14, 8, 14.5 ], "texture": "#magemask" },
        "north": { "uv": [ 7.5, 14, 8, 14.5 ], "texture": "#magemask" },
        "south": { "uv": [ 7.5, 6, 8.5, 6.5 ], "texture": "#magemask" },
        "west":  { "uv": [ 7.5, 14, 8, 14.5 ], "texture": "#magemask" },
        "east":  { "uv": [ 9, 14, 8.5, 14.5 ], "texture": "#magemask" }
    }
}
],
"display": {
    "thirdperson": {
        "rotation": [ 0, 86, -89 ],
        "translation": [ 0, 0, 0 ],
        "scale": [ 0.35, 0.31, 0.35 ]
    },
    "head": {
        "rotation": [ 0, 180, 0 ],
        "translation": [ 0, 0.4, -0.9 ],
        "scale": [ 1.2, 1.2, 1.2 ]
    },
    "fixed": {
        "rotation": [ 0, 180, 0 ],
        "translation": [ 0, 0, 0 ],
        "scale": [ 3.81, 3.78, 3.75 ]
    },
    "firstperson": {
        "rotation": [ 20, -50, -1 ],
        "translation": [ -8.1, 10.3, 2.2 ],
        "scale": [ 0.85, 0.85, 0.85 ]
    },
    "gui": {
        "rotation": [ -30, 135, 0 ],
        "translation": [ 0, -1.4, 0 ],
        "scale": [ 1, 1, 1 ]
    }
}
}