{
"__comment": "Designed by Hypixel with BDcraft Cubik PRO 0.96 Beta - http://bdcraft.net",
"textures": {
    "texture": "blocks/BulkJuggernaut"
},
"elements": [ 
{
    "from": [ 10, 6, 5.5 ],
    "to": [ 11, 7, 11.5 ],
    "faces": {
        "down":  { "uv": [ 5, 11, 4.5, 10 ], "texture": "#texture" },
        "up":    { "uv": [ 11, 10, 11.5, 11 ], "texture": "#texture" },
        "north": { "uv": [ 7.5, 14, 8, 15 ], "texture": "#texture" },
        "south": { "uv": [ 8, 13.5, 8.5, 14 ], "texture": "#texture" },
        "west":  { "uv": [ 8, 13.5, 8.5, 14.5 ], "texture": "#texture" },
        "east":  { "uv": [ 8, 14, 8.5, 15 ], "texture": "#texture" }
    }
},
{
    "from": [ 5, 6, 5.5 ],
    "to": [ 6, 7, 11.5 ],
    "faces": {
        "down":  { "uv": [ 8, 15, 8.5, 13.5 ], "texture": "#texture" },
        "up":    { "uv": [ 8, 13.5, 8.5, 15.5 ], "texture": "#texture" },
        "north": { "uv": [ 7.5, 14, 8, 15 ], "texture": "#texture" },
        "south": { "uv": [ 7.5, 13.5, 8, 14.5 ], "texture": "#texture" },
        "west":  { "uv": [ 11, 10, 11.5, 11 ], "texture": "#texture" },
        "east":  { "uv": [ 7.5, 13.5, 8, 14.5 ], "texture": "#texture" }
    }
},
{
    "from": [ 5.5, 6, 5 ],
    "to": [ 10.5, 7, 6 ],
    "faces": {
        "down":  { "uv": [ 8.5, 15, 8, 14 ], "texture": "#texture" },
        "up":    { "uv": [ 7.5, 4.5, 8, 5.5 ], "texture": "#texture" },
        "north": { "uv": [ 7.5, 13.5, 8, 15 ], "texture": "#texture" },
        "south": { "uv": [ 7.5, 13.5, 8, 14 ], "texture": "#texture" },
        "west":  { "uv": [ 7.5, 13.5, 8, 14.5 ], "texture": "#texture" },
        "east":  { "uv": [ 7.5, 14.5, 8, 15 ], "texture": "#texture" }
    }
},
{
    "from": [ 4, 7, 11 ],
    "to": [ 12, 9, 13 ],
    "faces": {
        "down":  { "uv": [ 12, 9, 11.5, 7 ], "texture": "#texture" },
        "up":    { "uv": [ 4, 7, 4.5, 9 ], "texture": "#texture" },
        "north": { "uv": [ 4, 7, 12, 9 ], "texture": "#texture" },
        "south": { "uv": [ 4, 7, 12, 9 ], "texture": "#texture" },
        "west":  { "uv": [ 4, 7, 4.5, 9 ], "texture": "#texture" },
        "east":  { "uv": [ 4, 7, 4.5, 9 ], "texture": "#texture" }
    }
},
{
    "from": [ 4.5, 6, 11.5 ],
    "to": [ 11.5, 7, 13.5 ],
    "faces": {
        "down":  { "uv": [ 12, 9, 11.5, 7 ], "texture": "#texture" },
        "up":    { "uv": [ 4, 7, 4.5, 9 ], "texture": "#texture" },
        "north": { "uv": [ 4.5, 7.5, 11.5, 8.5 ], "texture": "#texture" },
        "south": { "uv": [ 4.5, 9, 11.5, 10 ], "texture": "#texture" },
        "west":  { "uv": [ 11, 7.5, 12, 8.5 ], "texture": "#texture" },
        "east":  { "uv": [ 4, 7.5, 5, 8.5 ], "texture": "#texture" }
    }
},
{
    "from": [ 5, 5, 11 ],
    "to": [ 11, 6, 13.5 ],
    "faces": {
        "down":  { "uv": [ 12, 9, 11.5, 7 ], "texture": "#texture" },
        "up":    { "uv": [ 4, 7, 4.5, 8.5 ], "texture": "#texture" },
        "north": { "uv": [ 5, 8, 11, 9 ], "texture": "#texture" },
        "south": { "uv": [ 5, 10, 11, 11 ], "texture": "#texture" },
        "west":  { "uv": [ 4.5, 9, 5, 10 ], "texture": "#texture" },
        "east":  { "uv": [ 4.5, 9, 5, 10 ], "texture": "#texture" }
    }
},
{
    "from": [ 5.5, 4, 11 ],
    "to": [ 10.5, 5, 13 ],
    "faces": {
        "down":  { "uv": [ 12, 9, 11.5, 7 ], "texture": "#texture" },
        "up":    { "uv": [ 4, 7, 4.5, 9 ], "texture": "#texture" },
        "north": { "uv": [ 5.5, 8, 10.5, 9 ], "texture": "#texture" },
        "south": { "uv": [ 5.5, 11, 10.5, 12 ], "texture": "#texture" },
        "west":  { "uv": [ 4, 8, 4.5, 9 ], "texture": "#texture" },
        "east":  { "uv": [ 4, 7.5, 4.5, 8.5 ], "texture": "#texture" }
    }
},
{
    "from": [ 6, 2.5, 11.5 ],
    "to": [ 10, 4, 13 ],
    "faces": {
        "down":  { "uv": [ 12, 9, 11.5, 7 ], "texture": "#texture" },
        "up":    { "uv": [ 4, 7, 4.5, 9 ], "texture": "#texture" },
        "north": { "uv": [ 6, 8, 10, 9.5 ], "texture": "#texture" },
        "south": { "uv": [ 6, 12, 10, 13.5 ], "texture": "#texture" },
        "west":  { "uv": [ 4, 7.5, 4.5, 9 ], "texture": "#texture" },
        "east":  { "uv": [ 4, 7.5, 4.5, 9 ], "texture": "#texture" }
    }
},
{
    "from": [ 6.5, 1.5, 12 ],
    "to": [ 7.5, 2.5, 13 ],
    "faces": {
        "down":  { "uv": [ 7, 15, 6.5, 13.5 ], "texture": "#texture" },
        "up":    { "uv": [ 6.5, 13.5, 7, 15 ], "texture": "#texture" },
        "north": { "uv": [ 7.5, 7.5, 8.5, 8.5 ], "texture": "#texture" },
        "south": { "uv": [ 6.5, 13.5, 7.5, 14.5 ], "texture": "#texture" },
        "west":  { "uv": [ 6.5, 14, 7, 15 ], "texture": "#texture" },
        "east":  { "uv": [ 6.5, 13.5, 7, 14.5 ], "texture": "#texture" }
    }
},
{
    "from": [ 6.5, 1, 12.5 ],
    "to": [ 7.5, 1.5, 13 ],
    "faces": {
        "down":  { "uv": [ 9.5, 15, 9, 14 ], "texture": "#texture" },
        "up":    { "uv": [ 6.5, 13.5, 7, 14.5 ], "texture": "#texture" },
        "north": { "uv": [ 7.5, 7, 8.5, 7.5 ], "texture": "#texture" },
        "south": { "uv": [ 6.5, 14.5, 7.5, 15 ], "texture": "#texture" },
        "west":  { "uv": [ 9, 14.5, 9.5, 15 ], "texture": "#texture" },
        "east":  { "uv": [ 6.5, 14, 7, 14.5 ], "texture": "#texture" }
    }
},
{
    "from": [ 7, -1, 14 ],
    "to": [ 7.5, 0.5, 14.5 ],
    "faces": {
        "down":  { "uv": [ 9, 16, 8.5, 15.5 ], "texture": "#texture" },
        "up":    { "uv": [ 7, 15, 7.5, 15.5 ], "texture": "#texture" },
        "north": { "uv": [ 8.5, 15, 9, 16 ], "texture": "#texture" },
        "south": { "uv": [ 7, 15, 7.5, 16 ], "texture": "#texture" },
        "west":  { "uv": [ 8.5, 15, 9, 16 ], "texture": "#texture" },
        "east":  { "uv": [ 7, 15, 7.5, 16 ], "texture": "#texture" }
    }
},
{
    "from": [ 8.5, 1, 12 ],
    "to": [ 9.5, 2.5, 13 ],
    "faces": {
        "down":  { "uv": [ 10, 13.5, 9.5, 12.5 ], "texture": "#texture" },
        "up":    { "uv": [ 9, 13.5, 9.5, 14.5 ], "texture": "#texture" },
        "north": { "uv": [ 6.5, 13.5, 7.5, 15 ], "texture": "#texture" },
        "south": { "uv": [ 8.5, 13.5, 9.5, 15 ], "texture": "#texture" },
        "west":  { "uv": [ 9.5, 12, 10, 13.5 ], "texture": "#texture" },
        "east":  { "uv": [ 9.5, 12, 10, 13.5 ], "texture": "#texture" }
    }
},
{
    "from": [ 8.5, -1, 14 ],
    "to": [ 9, 0.5, 14.5 ],
    "faces": {
        "down":  { "uv": [ 9, 16, 8.5, 15.5 ], "texture": "#texture" },
        "up":    { "uv": [ 8.5, 15.5, 9, 16 ], "texture": "#texture" },
        "north": { "uv": [ 7, 15, 7.5, 16 ], "texture": "#texture" },
        "south": { "uv": [ 8.5, 15, 9, 16 ], "texture": "#texture" },
        "west":  { "uv": [ 8.5, 15, 9, 16 ], "texture": "#texture" },
        "east":  { "uv": [ 8.5, 15, 9, 16 ], "texture": "#texture" }
    }
},
{
    "from": [ 4.5, 9, 11 ],
    "to": [ 11.5, 9.5, 13 ],
    "faces": {
        "down":  { "uv": [ 11.5, 9, 11, 7 ], "texture": "#texture" },
        "up":    { "uv": [ 4.5, 7, 5, 9 ], "texture": "#texture" },
        "north": { "uv": [ 4.5, 6.5, 11.5, 7 ], "texture": "#texture" },
        "south": { "uv": [ 4.5, 6.5, 11.5, 7 ], "texture": "#texture" },
        "west":  { "uv": [ 4, 7.5, 4.5, 8.5 ], "texture": "#texture" },
        "east":  { "uv": [ 4, 7.5, 4.5, 9 ], "texture": "#texture" }
    }
},
{
    "from": [ 5, 9.5, 11.5 ],
    "to": [ 6.5, 10.5, 13 ],
    "faces": {
        "down":  { "uv": [ 12, 9, 11.5, 7.5 ], "texture": "#texture" },
        "up":    { "uv": [ 4, 7, 4.5, 8.5 ], "texture": "#texture" },
        "north": { "uv": [ 9.5, 5.5, 11, 6.5 ], "texture": "#texture" },
        "south": { "uv": [ 5, 5.5, 6.5, 6.5 ], "texture": "#texture" },
        "west":  { "uv": [ 4, 7.5, 4.5, 8.5 ], "texture": "#texture" },
        "east":  { "uv": [ 4, 7.5, 4.5, 8.5 ], "texture": "#texture" }
    }
},
{
    "from": [ 7, 9.5, 12 ],
    "to": [ 9, 10, 13 ],
    "faces": {
        "down":  { "uv": [ 4.5, 8, 4, 7 ], "texture": "#texture" },
        "up":    { "uv": [ 4, 7, 4.5, 8 ], "texture": "#texture" },
        "north": { "uv": [ 7, 6, 9, 6.5 ], "texture": "#texture" },
        "south": { "uv": [ 7, 6, 9, 6.5 ], "texture": "#texture" },
        "west":  { "uv": [ 7.5, 5.5, 8.5, 6 ], "texture": "#texture" },
        "east":  { "uv": [ 7.5, 5.5, 8.5, 6 ], "texture": "#texture" }
    }
},
{
    "from": [ 7.5, 9.5, 11.5 ],
    "to": [ 8.5, 10.5, 12.5 ],
    "faces": {
        "down":  { "uv": [ 8.5, 6, 7.5, 5.5 ], "texture": "#texture" },
        "up":    { "uv": [ 7.5, 5.5, 8.5, 6 ], "texture": "#texture" },
        "north": { "uv": [ 7.5, 5.5, 8.5, 6.5 ], "texture": "#texture" },
        "south": { "uv": [ 7.5, 5.5, 8.5, 6.5 ], "texture": "#texture" },
        "west":  { "uv": [ 7.5, 5.5, 8.5, 6 ], "texture": "#texture" },
        "east":  { "uv": [ 7.5, 5.5, 8.5, 6 ], "texture": "#texture" }
    }
},
{
    "from": [ 5.5, 10.5, 11 ],
    "to": [ 6.5, 11.5, 12.5 ],
    "faces": {
        "down":  { "uv": [ 10, 5.5, 9.5, 4.5 ], "texture": "#texture" },
        "up":    { "uv": [ 6, 5, 6.5, 6 ], "texture": "#texture" },
        "north": { "uv": [ 9.5, 4.5, 10.5, 5.5 ], "texture": "#texture" },
        "south": { "uv": [ 5.5, 4.5, 6.5, 5.5 ], "texture": "#texture" },
        "west":  { "uv": [ 9.5, 5, 10, 6 ], "texture": "#texture" },
        "east":  { "uv": [ 5.5, 3, 6, 4 ], "texture": "#texture" }
    }
},
{
    "from": [ 9.5, 9.5, 11.5 ],
    "to": [ 11, 10.5, 13 ],
    "faces": {
        "down":  { "uv": [ 10, 6.5, 9.5, 5 ], "texture": "#texture" },
        "up":    { "uv": [ 10.5, 5, 11, 6 ], "texture": "#texture" },
        "north": { "uv": [ 5, 5.5, 6.5, 6.5 ], "texture": "#texture" },
        "south": { "uv": [ 9.5, 5.5, 11, 6.5 ], "texture": "#texture" },
        "west":  { "uv": [ 10.5, 5.5, 11, 6.5 ], "texture": "#texture" },
        "east":  { "uv": [ 9.5, 5.5, 10, 6.5 ], "texture": "#texture" }
    }
},
{
    "from": [ 9.5, 10.5, 11 ],
    "to": [ 10.5, 11.5, 12.5 ],
    "faces": {
        "down":  { "uv": [ 10.5, 4.5, 10, 3.5 ], "texture": "#texture" },
        "up":    { "uv": [ 10, 3.5, 10.5, 4.5 ], "texture": "#texture" },
        "north": { "uv": [ 5.5, 4.5, 6.5, 5.5 ], "texture": "#texture" },
        "south": { "uv": [ 9.5, 4.5, 10.5, 5.5 ], "texture": "#texture" },
        "west":  { "uv": [ 9.5, 3.5, 10, 4.5 ], "texture": "#texture" },
        "east":  { "uv": [ 10, 3.5, 10.5, 4.5 ], "texture": "#texture" }
    }
},
{
    "from": [ 7.5, 9.5, 11.5 ],
    "to": [ 8.5, 10, 12 ],
    "faces": {
        "down":  { "uv": [ 8.5, 6, 7.5, 5.5 ], "texture": "#texture" },
        "up":    { "uv": [ 7.5, 5.5, 8.5, 6 ], "texture": "#texture" },
        "north": { "uv": [ 7.5, 5.5, 8.5, 6 ], "texture": "#texture" },
        "south": { "uv": [ 7.5, 5.5, 8.5, 6 ], "texture": "#texture" },
        "west":  { "uv": [ 8, 5.5, 8.5, 6 ], "texture": "#texture" },
        "east":  { "uv": [ 7.5, 5.5, 8, 6 ], "texture": "#texture" }
    }
},
{
    "from": [ 4, 7, 10.5 ],
    "to": [ 12, 9.5, 11 ],
    "faces": {
        "down":  { "uv": [ 9, 5.5, 7.5, 5 ], "texture": "#texture" },
        "up":    { "uv": [ 7, 4.5, 9, 5.5 ], "texture": "#texture" },
        "north": { "uv": [ 7, 4.5, 9, 5.5 ], "texture": "#texture" },
        "south": { "uv": [ 7, 4.5, 9, 5.5 ], "texture": "#texture" },
        "west":  { "uv": [ 7.5, 4.5, 8.5, 5.5 ], "texture": "#texture" },
        "east":  { "uv": [ 7.5, 13.5, 8.5, 15 ], "texture": "#texture" }
    }
},
{
    "from": [ 4, 5.5, 10.5 ],
    "to": [ 12, 7, 11 ],
    "faces": {
        "down":  { "uv": [ 9, 5.5, 7, 4.5 ], "texture": "#texture" },
        "up":    { "uv": [ 7, 4.5, 9, 5.5 ], "texture": "#texture" },
        "north": { "uv": [ 7, 4.5, 9, 5.5 ], "texture": "#texture" },
        "south": { "uv": [ 7, 4.5, 9, 5.5 ], "texture": "#texture" },
        "west":  { "uv": [ 7.5, 13.5, 8.5, 15 ], "texture": "#texture" },
        "east":  { "uv": [ 7.5, 14, 8.5, 15.5 ], "texture": "#texture" }
    }
},
{
    "from": [ 4.5, 5, 10.5 ],
    "to": [ 11.5, 5.5, 11 ],
    "faces": {
        "down":  { "uv": [ 9, 5.5, 7, 4.5 ], "texture": "#texture" },
        "up":    { "uv": [ 7.5, 4.5, 9, 5.5 ], "texture": "#texture" },
        "north": { "uv": [ 7.5, 5, 8.5, 5.5 ], "texture": "#texture" },
        "south": { "uv": [ 7, 5, 9.5, 5.5 ], "texture": "#texture" },
        "west":  { "uv": [ 7.5, 4.5, 8.5, 5 ], "texture": "#texture" },
        "east":  { "uv": [ 7.5, 4.5, 8.5, 5 ], "texture": "#texture" }
    }
},
{
    "from": [ 5, 4, 10.5 ],
    "to": [ 11, 5, 11.5 ],
    "faces": {
        "down":  { "uv": [ 9, 5.5, 7, 4.5 ], "texture": "#texture" },
        "up":    { "uv": [ 7, 4.5, 9, 5.5 ], "texture": "#texture" },
        "north": { "uv": [ 7, 4.5, 8.5, 5.5 ], "texture": "#texture" },
        "south": { "uv": [ 7, 4.5, 9, 5.5 ], "texture": "#texture" },
        "west":  { "uv": [ 7.5, 13.5, 8.5, 14.5 ], "texture": "#texture" },
        "east":  { "uv": [ 7.5, 14, 8.5, 15 ], "texture": "#texture" }
    }
},
{
    "from": [ 5.5, 3, 10.5 ],
    "to": [ 10.5, 4, 11.5 ],
    "faces": {
        "down":  { "uv": [ 9, 5.5, 7, 4.5 ], "texture": "#texture" },
        "up":    { "uv": [ 7, 4.5, 9, 5.5 ], "texture": "#texture" },
        "north": { "uv": [ 7.5, 4.5, 9, 5.5 ], "texture": "#texture" },
        "south": { "uv": [ 5.5, 12, 10.5, 13 ], "texture": "#texture" },
        "west":  { "uv": [ 7.5, 4.5, 8.5, 5.5 ], "texture": "#texture" },
        "east":  { "uv": [ 7.5, 14.5, 8.5, 15.5 ], "texture": "#texture" }
    }
},
{
    "from": [ 6, 2, 11 ],
    "to": [ 10, 3, 12 ],
    "faces": {
        "down":  { "uv": [ 9, 5.5, 7, 4.5 ], "texture": "#texture" },
        "up":    { "uv": [ 7, 4.5, 9, 5.5 ], "texture": "#texture" },
        "north": { "uv": [ 7, 4.5, 9, 5.5 ], "texture": "#texture" },
        "south": { "uv": [ 7, 4.5, 9, 5.5 ], "texture": "#texture" },
        "west":  { "uv": [ 7.5, 14, 8.5, 15 ], "texture": "#texture" },
        "east":  { "uv": [ 7.5, 14, 8.5, 15 ], "texture": "#texture" }
    }
},
{
    "from": [ 7, 1, 11 ],
    "to": [ 9.5, 2, 12 ],
    "faces": {
        "down":  { "uv": [ 9, 5.5, 7, 4.5 ], "texture": "#texture" },
        "up":    { "uv": [ 7, 11, 9.5, 12 ], "texture": "#texture" },
        "north": { "uv": [ 7.5, 13.5, 8.5, 14.5 ], "texture": "#texture" },
        "south": { "uv": [ 7.5, 14, 8.5, 15 ], "texture": "#texture" },
        "west":  { "uv": [ 7.5, 13.5, 8.5, 14.5 ], "texture": "#texture" },
        "east":  { "uv": [ 7.5, 13.5, 8.5, 14.5 ], "texture": "#texture" }
    }
},
{
    "from": [ 7.5, 0.5, 11.5 ],
    "to": [ 8.5, 1.5, 12.5 ],
    "faces": {
        "down":  { "uv": [ 8.5, 15, 7.5, 14 ], "texture": "#texture" },
        "up":    { "uv": [ 7.5, 14, 8.5, 15 ], "texture": "#texture" },
        "north": { "uv": [ 7.5, 14.5, 8.5, 15.5 ], "texture": "#texture" },
        "south": { "uv": [ 7.5, 14.5, 8.5, 15.5 ], "texture": "#texture" },
        "west":  { "uv": [ 7.5, 14, 8.5, 15 ], "texture": "#texture" },
        "east":  { "uv": [ 7.5, 14.5, 8.5, 15.5 ], "texture": "#texture" }
    }
},
{
    "from": [ 4.5, 9.5, 10.5 ],
    "to": [ 11.5, 10, 11.5 ],
    "faces": {
        "down":  { "uv": [ 9, 5.5, 7, 4.5 ], "texture": "#texture" },
        "up":    { "uv": [ 7, 4.5, 9, 5.5 ], "texture": "#texture" },
        "north": { "uv": [ 7, 5, 9, 5.5 ], "texture": "#texture" },
        "south": { "uv": [ 6.5, 5, 9.5, 5.5 ], "texture": "#texture" },
        "west":  { "uv": [ 7.5, 5, 8.5, 5.5 ], "texture": "#texture" },
        "east":  { "uv": [ 7, 5, 8, 5.5 ], "texture": "#texture" }
    }
},
{
    "from": [ 2, 7, 10.5 ],
    "to": [ 13.5, 8.5, 11.5 ],
    "faces": {
        "down":  { "uv": [ 15.5, 10, 14.5, 8.5 ], "texture": "#texture" },
        "up":    { "uv": [ 0.5, 9, 1.5, 10.5 ], "texture": "#texture" },
        "north": { "uv": [ 0.5, 9, 2, 10.5 ], "texture": "#texture" },
        "south": { "uv": [ 0, 8.5, 1.5, 10 ], "texture": "#texture" },
        "west":  { "uv": [ 0, 8.5, 1.5, 10 ], "texture": "#texture" },
        "east":  { "uv": [ 0, 8.5, 1.5, 10 ], "texture": "#texture" }
    }
},
{
    "from": [ 1, 5.5, 11 ],
    "to": [ 2, 8, 11.5 ],
    "faces": {
        "down":  { "uv": [ 15, 10.5, 14, 9 ], "texture": "#texture" },
        "up":    { "uv": [ 1, 9, 2, 10.5 ], "texture": "#texture" },
        "north": { "uv": [ 14, 9, 15, 11 ], "texture": "#texture" },
        "south": { "uv": [ 1, 9, 2, 11 ], "texture": "#texture" },
        "west":  { "uv": [ 13.5, 10, 14.5, 12 ], "texture": "#texture" },
        "east":  { "uv": [ 1, 9.5, 2, 11 ], "texture": "#texture" }
    }
},
{
    "from": [ 0.5, 6, 11 ],
    "to": [ 1.5, 7.5, 12 ],
    "faces": {
        "down":  { "uv": [ 15, 10.5, 14, 9 ], "texture": "#texture" },
        "up":    { "uv": [ 1, 9, 2, 10.5 ], "texture": "#texture" },
        "north": { "uv": [ 14.5, 8.5, 15.5, 10 ], "texture": "#texture" },
        "south": { "uv": [ 0.5, 8.5, 1.5, 10 ], "texture": "#texture" },
        "west":  { "uv": [ 14, 9, 15.5, 10.5 ], "texture": "#texture" },
        "east":  { "uv": [ 0.5, 9, 2, 10.5 ], "texture": "#texture" }
    }
},
{
    "from": [ 1.5, 6.5, 11 ],
    "to": [ 2.5, 7, 12.5 ],
    "faces": {
        "down":  { "uv": [ 14.5, 12, 13.5, 10.5 ], "texture": "#texture" },
        "up":    { "uv": [ 1.5, 10.5, 2.5, 12 ], "texture": "#texture" },
        "north": { "uv": [ 13.5, 9, 14.5, 9.5 ], "texture": "#texture" },
        "south": { "uv": [ 1.5, 9, 2.5, 9.5 ], "texture": "#texture" },
        "west":  { "uv": [ 13.5, 9, 15, 9.5 ], "texture": "#texture" },
        "east":  { "uv": [ 1, 9, 2.5, 9.5 ], "texture": "#texture" }
    }
},
{
    "from": [ 3.5, 6.5, 11 ],
    "to": [ 12.5, 7.5, 12 ],
    "faces": {
        "down":  { "uv": [ 15.5, 10.5, 14, 9 ], "texture": "#texture" },
        "up":    { "uv": [ 0.5, 9, 2, 10.5 ], "texture": "#texture" },
        "north": { "uv": [ 0, 8.5, 1.5, 9.5 ], "texture": "#texture" },
        "south": { "uv": [ 0, 9, 2, 10 ], "texture": "#texture" },
        "west":  { "uv": [ 0, 9, 1.5, 10 ], "texture": "#texture" },
        "east":  { "uv": [ 0, 8.5, 1.5, 9.5 ], "texture": "#texture" }
    }
},
{
    "from": [ 2.5, 8, 10.5 ],
    "to": [ 12.5, 9, 11.5 ],
    "faces": {
        "down":  { "uv": [ 13, 9, 12, 7.5 ], "texture": "#texture" },
        "up":    { "uv": [ 2.5, 12, 3.5, 13 ], "texture": "#texture" },
        "north": { "uv": [ 0.5, 9.5, 2, 10.5 ], "texture": "#texture" },
        "south": { "uv": [ 0, 8.5, 1.5, 10 ], "texture": "#texture" },
        "west":  { "uv": [ 14.5, 9, 16, 10 ], "texture": "#texture" },
        "east":  { "uv": [ 0, 8.5, 1.5, 9.5 ], "texture": "#texture" }
    }
},
{
    "from": [ 1, 5, 11.5 ],
    "to": [ 2, 6.5, 12.5 ],
    "faces": {
        "down":  { "uv": [ 14.5, 12.5, 13.5, 11 ], "texture": "#texture" },
        "up":    { "uv": [ 0.5, 8.5, 1.5, 10 ], "texture": "#texture" },
        "north": { "uv": [ 14.5, 8.5, 15.5, 10 ], "texture": "#texture" },
        "south": { "uv": [ 1.5, 10, 2.5, 11.5 ], "texture": "#texture" },
        "west":  { "uv": [ 14.5, 8.5, 15.5, 10 ], "texture": "#texture" },
        "east":  { "uv": [ 0, 8.5, 1.5, 10 ], "texture": "#texture" }
    }
},
{
    "from": [ 1.5, 4.5, 12 ],
    "to": [ 2.5, 6, 13 ],
    "faces": {
        "down":  { "uv": [ 15.5, 9.5, 14.5, 8.5 ], "texture": "#texture" },
        "up":    { "uv": [ 0.5, 8.5, 1.5, 9.5 ], "texture": "#texture" },
        "north": { "uv": [ 14, 9, 15, 10 ], "texture": "#texture" },
        "south": { "uv": [ 2, 11, 3, 12 ], "texture": "#texture" },
        "west":  { "uv": [ 14.5, 9, 15.5, 10 ], "texture": "#texture" },
        "east":  { "uv": [ 0.5, 9, 1.5, 10 ], "texture": "#texture" }
    }
},
{
    "from": [ 2, 3.5, 12.5 ],
    "to": [ 3, 5.5, 13.5 ],
    "faces": {
        "down":  { "uv": [ 15, 10, 14, 9 ], "texture": "#texture" },
        "up":    { "uv": [ 1, 9, 2, 10 ], "texture": "#texture" },
        "north": { "uv": [ 12.5, 11.5, 13.5, 12.5 ], "texture": "#texture" },
        "south": { "uv": [ 2.5, 11.5, 3.5, 12.5 ], "texture": "#texture" },
        "west":  { "uv": [ 15, 9, 16, 10 ], "texture": "#texture" },
        "east":  { "uv": [ 2.5, 11.5, 3.5, 12.5 ], "texture": "#texture" }
    }
},
{
    "from": [ 2.5, 3, 13.5 ],
    "to": [ 3, 4.5, 14 ],
    "faces": {
        "down":  { "uv": [ 15, 9.5, 14.5, 9 ], "texture": "#texture" },
        "up":    { "uv": [ 2.5, 12, 3, 12.5 ], "texture": "#texture" },
        "north": { "uv": [ 12.5, 12, 13, 13 ], "texture": "#texture" },
        "south": { "uv": [ 3, 12, 3.5, 13 ], "texture": "#texture" },
        "west":  { "uv": [ 14.5, 9, 15, 10 ], "texture": "#texture" },
        "east":  { "uv": [ 3, 11.5, 3.5, 12.5 ], "texture": "#texture" }
    }
},
{
    "from": [ 14, 5.5, 11 ],
    "to": [ 15, 8, 12 ],
    "faces": {
        "down":  { "uv": [ 2, 10.5, 1, 9 ], "texture": "#texture" },
        "up":    { "uv": [ 14, 9, 15, 10.5 ], "texture": "#texture" },
        "north": { "uv": [ 1, 9, 2, 11 ], "texture": "#texture" },
        "south": { "uv": [ 14, 9, 15, 11 ], "texture": "#texture" },
        "west":  { "uv": [ 14, 9, 15, 11 ], "texture": "#texture" },
        "east":  { "uv": [ 0.5, 8.5, 1.5, 10.5 ], "texture": "#texture" }
    }
},
{
    "from": [ 13.5, 6.5, 11 ],
    "to": [ 14.5, 7.5, 12 ],
    "faces": {
        "down":  { "uv": [ 1.5, 10, 0.5, 8.5 ], "texture": "#texture" },
        "up":    { "uv": [ 14, 9, 15, 10.5 ], "texture": "#texture" },
        "north": { "uv": [ 0, 8.5, 1, 9.5 ], "texture": "#texture" },
        "south": { "uv": [ 13.5, 10, 14.5, 11 ], "texture": "#texture" },
        "west":  { "uv": [ 14, 9, 15.5, 10 ], "texture": "#texture" },
        "east":  { "uv": [ 0, 8.5, 1.5, 9.5 ], "texture": "#texture" }
    }
},
{
    "from": [ 15, 6, 11 ],
    "to": [ 15.5, 7.5, 12.5 ],
    "faces": {
        "down":  { "uv": [ 2, 10.5, 1.5, 9 ], "texture": "#texture" },
        "up":    { "uv": [ 14.5, 8.5, 15, 10 ], "texture": "#texture" },
        "north": { "uv": [ 0.5, 8.5, 1, 10 ], "texture": "#texture" },
        "south": { "uv": [ 15, 8.5, 15.5, 10 ], "texture": "#texture" },
        "west":  { "uv": [ 14, 9, 15, 10 ], "texture": "#texture" },
        "east":  { "uv": [ 0.5, 8.5, 1.5, 10 ], "texture": "#texture" }
    }
},
{
    "from": [ 14, 5, 11.5 ],
    "to": [ 15, 6.5, 12.5 ],
    "faces": {
        "down":  { "uv": [ 2, 10, 1, 9 ], "texture": "#texture" },
        "up":    { "uv": [ 14, 9, 15, 10 ], "texture": "#texture" },
        "north": { "uv": [ 1.5, 10, 2.5, 11.5 ], "texture": "#texture" },
        "south": { "uv": [ 13.5, 10, 14.5, 11.5 ], "texture": "#texture" },
        "west":  { "uv": [ 14, 9, 15, 10.5 ], "texture": "#texture" },
        "east":  { "uv": [ 1, 9, 2, 10.5 ], "texture": "#texture" }
    }
},
{
    "from": [ 13.5, 4.5, 12 ],
    "to": [ 14.5, 6, 13 ],
    "faces": {
        "down":  { "uv": [ 2, 10, 1, 9 ], "texture": "#texture" },
        "up":    { "uv": [ 13.5, 9, 14.5, 10 ], "texture": "#texture" },
        "north": { "uv": [ 2, 11, 3, 12 ], "texture": "#texture" },
        "south": { "uv": [ 13, 11, 14, 12 ], "texture": "#texture" },
        "west":  { "uv": [ 14, 9, 15, 10 ], "texture": "#texture" },
        "east":  { "uv": [ 1, 9, 2, 10 ], "texture": "#texture" }
    }
},
{
    "from": [ 13, 3.5, 12.5 ],
    "to": [ 14, 5.5, 13.5 ],
    "faces": {
        "down":  { "uv": [ 3, 12, 2, 11 ], "texture": "#texture" },
        "up":    { "uv": [ 14.5, 9, 15.5, 10 ], "texture": "#texture" },
        "north": { "uv": [ 2.5, 11.5, 3.5, 12.5 ], "texture": "#texture" },
        "south": { "uv": [ 12.5, 11.5, 13.5, 12.5 ], "texture": "#texture" },
        "west":  { "uv": [ 14.5, 9, 15.5, 10 ], "texture": "#texture" },
        "east":  { "uv": [ 2.5, 11.5, 3.5, 12.5 ], "texture": "#texture" }
    }
},
{
    "from": [ 13, 3, 13.5 ],
    "to": [ 13.5, 4.5, 14 ],
    "faces": {
        "down":  { "uv": [ 3.5, 13, 3, 12.5 ], "texture": "#texture" },
        "up":    { "uv": [ 12.5, 12.5, 13, 13 ], "texture": "#texture" },
        "north": { "uv": [ 3, 12, 3.5, 13 ], "texture": "#texture" },
        "south": { "uv": [ 12.5, 12, 13, 13 ], "texture": "#texture" },
        "west":  { "uv": [ 14, 9.5, 14.5, 10.5 ], "texture": "#texture" },
        "east":  { "uv": [ 2.5, 11.5, 3, 12.5 ], "texture": "#texture" }
    }
},
{
    "from": [ 5.5, 6.5, 13 ],
    "to": [ 11, 9, 13.5 ],
    "faces": {
        "down":  { "uv": [ 10.5, 8.5, 5, 8 ], "texture": "#texture" },
        "up":    { "uv": [ 5.5, 8.5, 11, 9 ], "texture": "#texture" },
        "north": { "uv": [ 5, 7, 10.5, 9.5 ], "texture": "#texture" },
        "south": { "uv": [ 5.5, 7, 11, 9.5 ], "texture": "#texture" },
        "west":  { "uv": [ 7.5, 7.5, 8, 10 ], "texture": "#texture" },
        "east":  { "uv": [ 8, 7.5, 8.5, 10 ], "texture": "#texture" }
    }
},
{
    "from": [ 6, 6, 12.5 ],
    "to": [ 10, 6.5, 13.5 ],
    "faces": {
        "down":  { "uv": [ 10, 9.5, 6, 8.5 ], "texture": "#texture" },
        "up":    { "uv": [ 6, 9, 10, 10 ], "texture": "#texture" },
        "north": { "uv": [ 6, 9.5, 10, 10 ], "texture": "#texture" },
        "south": { "uv": [ 6, 9.5, 10, 10 ], "texture": "#texture" },
        "west":  { "uv": [ 8, 9.5, 9, 10 ], "texture": "#texture" },
        "east":  { "uv": [ 6.5, 9.5, 7.5, 10 ], "texture": "#texture" }
    }
},
{
    "from": [ 7.5, 5, 12.5 ],
    "to": [ 8.5, 6, 13.5 ],
    "faces": {
        "down":  { "uv": [ 8.5, 11, 7.5, 10 ], "texture": "#texture" },
        "up":    { "uv": [ 7.5, 12.5, 8.5, 13.5 ], "texture": "#texture" },
        "north": { "uv": [ 7.5, 10, 8.5, 11 ], "texture": "#texture" },
        "south": { "uv": [ 7.5, 10, 8.5, 11 ], "texture": "#texture" },
        "west":  { "uv": [ 7.5, 10.5, 8.5, 11.5 ], "texture": "#texture" },
        "east":  { "uv": [ 7.5, 10.5, 8.5, 11.5 ], "texture": "#texture" }
    }
},
{
    "from": [ 5.5, 5, 12.5 ],
    "to": [ 10.5, 5.5, 13.5 ],
    "faces": {
        "down":  { "uv": [ 10.5, 9, 5.5, 8 ], "texture": "#texture" },
        "up":    { "uv": [ 5, 8, 10, 9 ], "texture": "#texture" },
        "north": { "uv": [ 5.5, 10.5, 10.5, 11 ], "texture": "#texture" },
        "south": { "uv": [ 5.5, 10.5, 10.5, 11 ], "texture": "#texture" },
        "west":  { "uv": [ 12.5, 10.5, 13.5, 11 ], "texture": "#texture" },
        "east":  { "uv": [ 8, 8.5, 9, 9 ], "texture": "#texture" }
    }
},
{
    "from": [ 6, 4, 13 ],
    "to": [ 10, 5, 13.5 ],
    "faces": {
        "down":  { "uv": [ 10, 9.5, 6, 9 ], "texture": "#texture" },
        "up":    { "uv": [ 6, 9, 10, 9.5 ], "texture": "#texture" },
        "north": { "uv": [ 6, 11, 10, 12 ], "texture": "#texture" },
        "south": { "uv": [ 6, 11, 10, 12 ], "texture": "#texture" },
        "west":  { "uv": [ 8, 9.5, 8.5, 10.5 ], "texture": "#texture" },
        "east":  { "uv": [ 7.5, 9.5, 8, 10.5 ], "texture": "#texture" }
    }
},
{
    "from": [ 6.5, 3, 12.5 ],
    "to": [ 9.5, 4, 13.5 ],
    "faces": {
        "down":  { "uv": [ 9.5, 13.5, 6.5, 12.5 ], "texture": "#texture" },
        "up":    { "uv": [ 6.5, 12.5, 9.5, 13.5 ], "texture": "#texture" },
        "north": { "uv": [ 6.5, 12, 9.5, 13 ], "texture": "#texture" },
        "south": { "uv": [ 6.5, 12, 9.5, 13 ], "texture": "#texture" },
        "west":  { "uv": [ 7.5, 12, 8.5, 13 ], "texture": "#texture" },
        "east":  { "uv": [ 8, 12, 9, 13 ], "texture": "#texture" }
    }
},
{
    "from": [ 6.5, 2.5, 12.5 ],
    "to": [ 9.5, 3, 13.5 ],
    "faces": {
        "down":  { "uv": [ 9.5, 13.5, 6.5, 12.5 ], "texture": "#texture" },
        "up":    { "uv": [ 6.5, 12.5, 9.5, 13.5 ], "texture": "#texture" },
        "north": { "uv": [ 6.5, 13, 9.5, 13.5 ], "texture": "#texture" },
        "south": { "uv": [ 6.5, 13, 9.5, 13.5 ], "texture": "#texture" },
        "west":  { "uv": [ 7.5, 13, 8.5, 13.5 ], "texture": "#texture" },
        "east":  { "uv": [ 7.5, 13, 8.5, 13.5 ], "texture": "#texture" }
    }
},
{
    "from": [ 7, 0, 13 ],
    "to": [ 7.5, 2.5, 13.5 ],
    "faces": {
        "down":  { "uv": [ 9, 13.5, 8.5, 13 ], "texture": "#texture" },
        "up":    { "uv": [ 7, 13, 7.5, 13.5 ], "texture": "#texture" },
        "north": { "uv": [ 8.5, 13.5, 9, 15 ], "texture": "#texture" },
        "south": { "uv": [ 7, 13.5, 7.5, 15 ], "texture": "#texture" },
        "west":  { "uv": [ 6.5, 13.5, 7, 15 ], "texture": "#texture" },
        "east":  { "uv": [ 6.5, 13.5, 7, 15 ], "texture": "#texture" }
    }
},
{
    "from": [ 8.5, 0, 13 ],
    "to": [ 9, 3, 13.5 ],
    "faces": {
        "down":  { "uv": [ 7.5, 15, 7, 14 ], "texture": "#texture" },
        "up":    { "uv": [ 8.5, 14, 9, 15 ], "texture": "#texture" },
        "north": { "uv": [ 7, 13, 7.5, 15 ], "texture": "#texture" },
        "south": { "uv": [ 8.5, 13, 9, 15 ], "texture": "#texture" },
        "west":  { "uv": [ 9, 13.5, 9.5, 15 ], "texture": "#texture" },
        "east":  { "uv": [ 9, 13.5, 9.5, 15 ], "texture": "#texture" }
    }
},
{
    "from": [ 4.5, 7, 12.5 ],
    "to": [ 6.5, 9, 13.5 ],
    "faces": {
        "down":  { "uv": [ 5, 9, 4.5, 8 ], "texture": "#texture" },
        "up":    { "uv": [ 4.5, 8, 5, 9.5 ], "texture": "#texture" },
        "north": { "uv": [ 9.5, 7, 11.5, 9 ], "texture": "#texture" },
        "south": { "uv": [ 4.5, 7, 6.5, 9 ], "texture": "#texture" },
        "west":  { "uv": [ 4.5, 7, 5, 9 ], "texture": "#texture" },
        "east":  { "uv": [ 4.5, 7, 5, 9 ], "texture": "#texture" }
    }
},
{
    "from": [ 5, 6, 13.5 ],
    "to": [ 5.5, 7, 14 ],
    "faces": {
        "down":  { "uv": [ 10, 13.5, 9.5, 12.5 ], "texture": "#texture" },
        "up":    { "uv": [ 6, 12, 6.5, 13 ], "texture": "#texture" },
        "north": { "uv": [ 10.5, 9, 11, 10 ], "texture": "#texture" },
        "south": { "uv": [ 5, 9, 5.5, 10 ], "texture": "#texture" },
        "west":  { "uv": [ 10.5, 9, 11, 10 ], "texture": "#texture" },
        "east":  { "uv": [ 5, 9, 5.5, 10 ], "texture": "#texture" }
    }
},
{
    "from": [ 10.5, 6, 12.5 ],
    "to": [ 11, 7.5, 13.5 ],
    "faces": {
        "down":  { "uv": [ 5.5, 10, 5, 9 ], "texture": "#texture" },
        "up":    { "uv": [ 10.5, 10, 11, 11 ], "texture": "#texture" },
        "north": { "uv": [ 5, 8.5, 5.5, 10 ], "texture": "#texture" },
        "south": { "uv": [ 10.5, 8.5, 11, 10 ], "texture": "#texture" },
        "west":  { "uv": [ 10.5, 8.5, 11.5, 10 ], "texture": "#texture" },
        "east":  { "uv": [ 4.5, 8.5, 5.5, 10 ], "texture": "#texture" }
    }
},
{
    "from": [ 11, 7, 12.5 ],
    "to": [ 11.5, 9, 13.5 ],
    "faces": {
        "down":  { "uv": [ 6.5, 13.5, 6, 12.5 ], "texture": "#texture" },
        "up":    { "uv": [ 9.5, 12.5, 10, 13.5 ], "texture": "#texture" },
        "north": { "uv": [ 4.5, 7, 5, 9 ], "texture": "#texture" },
        "south": { "uv": [ 11, 7, 11.5, 9 ], "texture": "#texture" },
        "west":  { "uv": [ 10.5, 7, 11.5, 9 ], "texture": "#texture" },
        "east":  { "uv": [ 4, 7, 5, 9 ], "texture": "#texture" }
    }
},
{
    "from": [ 5, 8.5, 12.5 ],
    "to": [ 11, 9.5, 13.5 ],
    "faces": {
        "down":  { "uv": [ 11.5, 8.5, 11, 7.5 ], "texture": "#texture" },
        "up":    { "uv": [ 4.5, 7.5, 5, 8.5 ], "texture": "#texture" },
        "north": { "uv": [ 5, 8, 11, 9 ], "texture": "#texture" },
        "south": { "uv": [ 5, 6.5, 11, 7.5 ], "texture": "#texture" },
        "west":  { "uv": [ 9.5, 5.5, 10, 6.5 ], "texture": "#texture" },
        "east":  { "uv": [ 5.5, 5, 6, 6 ], "texture": "#texture" }
    }
},
{
    "from": [ 7.5, 9, 13 ],
    "to": [ 8.5, 10, 13.5 ],
    "faces": {
        "down":  { "uv": [ 8.5, 12.5, 7.5, 12 ], "texture": "#texture" },
        "up":    { "uv": [ 7.5, 9.5, 8.5, 10 ], "texture": "#texture" },
        "north": { "uv": [ 7.5, 6.5, 8.5, 7.5 ], "texture": "#texture" },
        "south": { "uv": [ 7.5, 6.5, 8.5, 7.5 ], "texture": "#texture" },
        "west":  { "uv": [ 7.5, 8, 8, 9 ], "texture": "#texture" },
        "east":  { "uv": [ 7.5, 8, 8, 9 ], "texture": "#texture" }
    }
},
{
    "from": [ 5, 7, 13.5 ],
    "to": [ 11, 9, 14 ],
    "faces": {
        "down":  { "uv": [ 11, 8, 5, 7.5 ], "texture": "#texture" },
        "up":    { "uv": [ 5, 8, 11, 8.5 ], "texture": "#texture" },
        "north": { "uv": [ 5, 7, 11, 9 ], "texture": "#texture" },
        "south": { "uv": [ 5, 7, 11, 9 ], "texture": "#texture" },
        "west":  { "uv": [ 9.5, 7.5, 10, 9.5 ], "texture": "#texture" },
        "east":  { "uv": [ 6.5, 8, 7, 10 ], "texture": "#texture" }
    }
},
{
    "from": [ 6.5, 8, 13.5 ],
    "to": [ 9.5, 9.5, 14 ],
    "faces": {
        "down":  { "uv": [ 8.5, 13.5, 7.5, 13 ], "texture": "#texture" },
        "up":    { "uv": [ 7.5, 13, 8.5, 13.5 ], "texture": "#texture" },
        "north": { "uv": [ 7.5, 6.5, 8.5, 7.5 ], "texture": "#texture" },
        "south": { "uv": [ 7.5, 6.5, 8.5, 7.5 ], "texture": "#texture" },
        "west":  { "uv": [ 11, 6.5, 11.5, 7.5 ], "texture": "#texture" },
        "east":  { "uv": [ 4.5, 6.5, 5, 7.5 ], "texture": "#texture" }
    }
},
{
    "from": [ 7.5, 5, 13.5 ],
    "to": [ 8.5, 6, 14 ],
    "faces": {
        "down":  { "uv": [ 8.5, 13.5, 7.5, 13 ], "texture": "#texture" },
        "up":    { "uv": [ 7.5, 13, 8.5, 13.5 ], "texture": "#texture" },
        "north": { "uv": [ 7.5, 10, 8.5, 11 ], "texture": "#texture" },
        "south": { "uv": [ 7.5, 10, 8.5, 11 ], "texture": "#texture" },
        "west":  { "uv": [ 10.5, 10, 11, 11 ], "texture": "#texture" },
        "east":  { "uv": [ 5, 10, 5.5, 11 ], "texture": "#texture" }
    }
},
{
    "from": [ 6.5, 4, 13.5 ],
    "to": [ 9.5, 5, 14 ],
    "faces": {
        "down":  { "uv": [ 9.5, 13, 6.5, 12.5 ], "texture": "#texture" },
        "up":    { "uv": [ 6.5, 12.5, 9.5, 13 ], "texture": "#texture" },
        "north": { "uv": [ 6.5, 8, 9.5, 9 ], "texture": "#texture" },
        "south": { "uv": [ 6.5, 11, 9.5, 12 ], "texture": "#texture" },
        "west":  { "uv": [ 7.5, 12, 8, 13 ], "texture": "#texture" },
        "east":  { "uv": [ 7, 8.5, 7.5, 9.5 ], "texture": "#texture" }
    }
},
{
    "from": [ 7, 3, 13.5 ],
    "to": [ 9, 4, 14 ],
    "faces": {
        "down":  { "uv": [ 9, 13.5, 7, 13 ], "texture": "#texture" },
        "up":    { "uv": [ 7, 13, 9, 13.5 ], "texture": "#texture" },
        "north": { "uv": [ 7, 12, 9, 13 ], "texture": "#texture" },
        "south": { "uv": [ 7, 12, 9, 13 ], "texture": "#texture" },
        "west":  { "uv": [ 9, 12, 9.5, 13 ], "texture": "#texture" },
        "east":  { "uv": [ 6.5, 12, 7, 13 ], "texture": "#texture" }
    }
},
{
    "from": [ 7, -0.5, 13.5 ],
    "to": [ 7.5, 3, 14 ],
    "faces": {
        "down":  { "uv": [ 9, 14, 8.5, 13.5 ], "texture": "#texture" },
        "up":    { "uv": [ 7, 13.5, 7.5, 14 ], "texture": "#texture" },
        "north": { "uv": [ 8.5, 13, 9, 15.5 ], "texture": "#texture" },
        "south": { "uv": [ 7, 13, 7.5, 15.5 ], "texture": "#texture" },
        "west":  { "uv": [ 8.5, 13, 9, 15.5 ], "texture": "#texture" },
        "east":  { "uv": [ 7, 13.5, 7.5, 16 ], "texture": "#texture" }
    }
},
{
    "from": [ 8.5, -0.5, 13.5 ],
    "to": [ 9, 3, 14 ],
    "faces": {
        "down":  { "uv": [ 7.5, 14, 7, 13.5 ], "texture": "#texture" },
        "up":    { "uv": [ 8.5, 13.5, 9, 14 ], "texture": "#texture" },
        "north": { "uv": [ 7, 13, 7.5, 15 ], "texture": "#texture" },
        "south": { "uv": [ 8.5, 13, 9, 15 ], "texture": "#texture" },
        "west":  { "uv": [ 9, 13, 9.5, 15 ], "texture": "#texture" },
        "east":  { "uv": [ 6.5, 13, 7, 15 ], "texture": "#texture" }
    }
},
{
    "from": [ 3, 2.5, 14 ],
    "to": [ 3.5, 4, 14.5 ],
    "faces": {
        "down":  { "uv": [ 12.5, 14, 12, 13.5 ], "texture": "#texture" },
        "up":    { "uv": [ 3, 13, 3.5, 13.5 ], "texture": "#texture" },
        "north": { "uv": [ 12.5, 11.5, 13, 13 ], "texture": "#texture" },
        "south": { "uv": [ 3, 11.5, 3.5, 13 ], "texture": "#texture" },
        "west":  { "uv": [ 14, 9, 14.5, 10.5 ], "texture": "#texture" },
        "east":  { "uv": [ 1, 8.5, 1.5, 10 ], "texture": "#texture" }
    }
},
{
    "from": [ 12.5, 2.5, 14 ],
    "to": [ 13, 4, 14.5 ],
    "faces": {
        "down":  { "uv": [ 3, 13.5, 2.5, 13 ], "texture": "#texture" },
        "up":    { "uv": [ 12.5, 15, 13, 15.5 ], "texture": "#texture" },
        "north": { "uv": [ 3, 12, 3.5, 13.5 ], "texture": "#texture" },
        "south": { "uv": [ 12.5, 12, 13, 13.5 ], "texture": "#texture" },
        "west":  { "uv": [ 12.5, 11.5, 13, 13 ], "texture": "#texture" },
        "east":  { "uv": [ 3, 11.5, 3.5, 13 ], "texture": "#texture" }
    }
},
{
    "from": [ 6.5, 6, 13.5 ],
    "to": [ 9.5, 7, 14 ],
    "faces": {
        "down":  { "uv": [ 9.5, 13.5, 6.5, 13 ], "texture": "#texture" },
        "up":    { "uv": [ 6.5, 13, 9.5, 13.5 ], "texture": "#texture" },
        "north": { "uv": [ 6.5, 9, 9.5, 10 ], "texture": "#texture" },
        "south": { "uv": [ 6.5, 9, 9.5, 10 ], "texture": "#texture" },
        "west":  { "uv": [ 11, 9, 11.5, 10 ], "texture": "#texture" },
        "east":  { "uv": [ 5, 9, 5.5, 10 ], "texture": "#texture" }
    }
},
{
    "from": [ 6, 6.5, 13.5 ],
    "to": [ 10, 7, 14 ],
    "faces": {
        "down":  { "uv": [ 8.5, 5.5, 7.5, 6 ], "texture": "#texture" },
        "up":    { "uv": [ 7.5, 5.5, 8.5, 6 ], "texture": "#texture" },
        "north": { "uv": [ 6, 9, 10, 9.5 ], "texture": "#texture" },
        "south": { "uv": [ 6, 9, 10, 9.5 ], "texture": "#texture" },
        "west":  { "uv": [ 11.5, 8, 12, 8.5 ], "texture": "#texture" },
        "east":  { "uv": [ 4, 8.5, 4.5, 9 ], "texture": "#texture" }
    }
},
{
    "from": [ 6, 5, 13.5 ],
    "to": [ 7, 5.5, 14 ],
    "faces": {
        "down":  { "uv": [ 10, 11, 9, 10.5 ], "texture": "#texture" },
        "up":    { "uv": [ 6, 10.5, 7, 11 ], "texture": "#texture" },
        "north": { "uv": [ 9, 10.5, 10, 11 ], "texture": "#texture" },
        "south": { "uv": [ 6, 10.5, 7, 11 ], "texture": "#texture" },
        "west":  { "uv": [ 9.5, 10.5, 10, 11 ], "texture": "#texture" },
        "east":  { "uv": [ 6, 10.5, 6.5, 11 ], "texture": "#texture" }
    }
},
{
    "from": [ 9, 5, 13.5 ],
    "to": [ 10, 5.5, 14 ],
    "faces": {
        "down":  { "uv": [ 7, 11, 6, 10.5 ], "texture": "#texture" },
        "up":    { "uv": [ 9, 10.5, 10, 11 ], "texture": "#texture" },
        "north": { "uv": [ 6, 10.5, 7, 11 ], "texture": "#texture" },
        "south": { "uv": [ 9, 10.5, 10, 11 ], "texture": "#texture" },
        "west":  { "uv": [ 9.5, 10.5, 10, 11 ], "texture": "#texture" },
        "east":  { "uv": [ 6, 10.5, 6.5, 11 ], "texture": "#texture" }
    }
},
{
    "from": [ 5, 2.5, 13.5 ],
    "to": [ 5.5, 6, 14 ],
    "faces": {
        "down":  { "uv": [ 11, 13.5, 10.5, 13 ], "texture": "#texture" },
        "up":    { "uv": [ 5, 13, 5.5, 13.5 ], "texture": "#texture" },
        "north": { "uv": [ 10.5, 11, 11, 14 ], "texture": "#texture" },
        "south": { "uv": [ 5, 11, 5.5, 14 ], "texture": "#texture" },
        "west":  { "uv": [ 10.5, 11, 11, 14 ], "texture": "#texture" },
        "east":  { "uv": [ 5, 11.5, 5.5, 14 ], "texture": "#texture" }
    }
},
{
    "from": [ 10.5, 2.5, 13.5 ],
    "to": [ 11, 7, 14 ],
    "faces": {
        "down":  { "uv": [ 5.5, 14, 5, 13.5 ], "texture": "#texture" },
        "up":    { "uv": [ 10.5, 13.5, 11, 14 ], "texture": "#texture" },
        "north": { "uv": [ 5, 9, 5.5, 13.5 ], "texture": "#texture" },
        "south": { "uv": [ 10.5, 9, 11, 13.5 ], "texture": "#texture" },
        "west":  { "uv": [ 10.5, 9.5, 11, 14 ], "texture": "#texture" },
        "east":  { "uv": [ 5, 9.5, 5.5, 14 ], "texture": "#texture" }
    }
},
{
    "from": [ 1, 7.5, 11.5 ],
    "to": [ 15, 8.5, 12.5 ],
    "faces": {
        "down":  { "uv": [ 14.5, 9, 12, 8 ], "texture": "#texture" },
        "up":    { "uv": [ 1.5, 7.5, 4, 9 ], "texture": "#texture" },
        "north": { "uv": [ 1, 7.5, 3.5, 8.5 ], "texture": "#texture" },
        "south": { "uv": [ 1, 7.5, 15, 8.5 ], "texture": "#texture" },
        "west":  { "uv": [ 12, 7.5, 13, 8.5 ], "texture": "#texture" },
        "east":  { "uv": [ 2.5, 7.5, 3.5, 8.5 ], "texture": "#texture" }
    }
},
{
    "from": [ 2, 7, 12 ],
    "to": [ 13.5, 7.5, 12.5 ],
    "faces": {
        "down":  { "uv": [ 14.5, 8, 12, 7.5 ], "texture": "#texture" },
        "up":    { "uv": [ 1, 8, 4, 8.5 ], "texture": "#texture" },
        "north": { "uv": [ 1, 7.5, 4, 8.5 ], "texture": "#texture" },
        "south": { "uv": [ 2, 8.5, 13.5, 9 ], "texture": "#texture" },
        "west":  { "uv": [ 12, 8.5, 12.5, 9 ], "texture": "#texture" },
        "east":  { "uv": [ 3.5, 8.5, 4, 9 ], "texture": "#texture" }
    }
},
{
    "from": [ 3, 6.5, 12 ],
    "to": [ 13, 7, 12.5 ],
    "faces": {
        "down":  { "uv": [ 13.5, 9.5, 11.5, 9 ], "texture": "#texture" },
        "up":    { "uv": [ 1.5, 8.5, 4, 9 ], "texture": "#texture" },
        "north": { "uv": [ 3, 9, 4.5, 9.5 ], "texture": "#texture" },
        "south": { "uv": [ 3, 9, 13, 9.5 ], "texture": "#texture" },
        "west":  { "uv": [ 12, 9, 12.5, 9.5 ], "texture": "#texture" },
        "east":  { "uv": [ 3.5, 9, 4, 9.5 ], "texture": "#texture" }
    }
},
{
    "from": [ 3.5, 8.5, 12 ],
    "to": [ 12.5, 9, 12.5 ],
    "faces": {
        "down":  { "uv": [ 15.5, 8, 12, 7.5 ], "texture": "#texture" },
        "up":    { "uv": [ 0.5, 7.5, 4, 8 ], "texture": "#texture" },
        "north": { "uv": [ 0.5, 7.5, 4, 8 ], "texture": "#texture" },
        "south": { "uv": [ 3.5, 7, 12.5, 7.5 ], "texture": "#texture" },
        "west":  { "uv": [ 12, 7, 12.5, 7.5 ], "texture": "#texture" },
        "east":  { "uv": [ 3.5, 7, 4, 7.5 ], "texture": "#texture" }
    }
},
{
    "from": [ 4, 6, 12 ],
    "to": [ 12, 6.5, 12.5 ],
    "faces": {
        "down":  { "uv": [ 14, 9, 12, 8.5 ], "texture": "#texture" },
        "up":    { "uv": [ 2, 8.5, 4, 9 ], "texture": "#texture" },
        "north": { "uv": [ 1, 7.5, 3.5, 8 ], "texture": "#texture" },
        "south": { "uv": [ 4, 9.5, 12, 10 ], "texture": "#texture" },
        "west":  { "uv": [ 13, 9, 13.5, 9.5 ], "texture": "#texture" },
        "east":  { "uv": [ 4, 9, 4.5, 9.5 ], "texture": "#texture" }
    }
},
{
    "from": [ 1, 8, 11.5 ],
    "to": [ 2, 10.5, 12.5 ],
    "faces": {
        "down":  { "uv": [ 14.5, 6.5, 13.5, 5.5 ], "texture": "#texture" },
        "up":    { "uv": [ 1.5, 5.5, 2.5, 6.5 ], "texture": "#texture" },
        "north": { "uv": [ 14, 5.5, 15, 8 ], "texture": "#texture" },
        "south": { "uv": [ 1, 5.5, 2, 8 ], "texture": "#texture" },
        "west":  { "uv": [ 14, 5.5, 15, 8 ], "texture": "#texture" },
        "east":  { "uv": [ 1, 5.5, 2, 8 ], "texture": "#texture" }
    }
},
{
    "from": [ 0.5, 8, 11.5 ],
    "to": [ 1, 9.5, 12.5 ],
    "faces": {
        "down":  { "uv": [ 15.5, 7.5, 15, 6.5 ], "texture": "#texture" },
        "up":    { "uv": [ 0.5, 6.5, 1, 7.5 ], "texture": "#texture" },
        "north": { "uv": [ 15, 6.5, 15.5, 8 ], "texture": "#texture" },
        "south": { "uv": [ 0.5, 6.5, 1, 8 ], "texture": "#texture" },
        "west":  { "uv": [ 13.5, 7, 14.5, 8.5 ], "texture": "#texture" },
        "east":  { "uv": [ 2.5, 7.5, 3.5, 9 ], "texture": "#texture" }
    }
},
{
    "from": [ 1.5, 9.5, 11 ],
    "to": [ 2.5, 11, 12 ],
    "faces": {
        "down":  { "uv": [ 15, 6.5, 14, 5.5 ], "texture": "#texture" },
        "up":    { "uv": [ 0.5, 6.5, 1.5, 7.5 ], "texture": "#texture" },
        "north": { "uv": [ 13.5, 5, 14.5, 6.5 ], "texture": "#texture" },
        "south": { "uv": [ 1.5, 5, 2.5, 6.5 ], "texture": "#texture" },
        "west":  { "uv": [ 14, 5.5, 15, 7 ], "texture": "#texture" },
        "east":  { "uv": [ 1.5, 5, 2.5, 6.5 ], "texture": "#texture" }
    }
},
{
    "from": [ 2, 10.5, 10.5 ],
    "to": [ 3, 11.5, 11.5 ],
    "faces": {
        "down":  { "uv": [ 15.5, 8, 14.5, 7 ], "texture": "#texture" },
        "up":    { "uv": [ 0.5, 7, 1.5, 8 ], "texture": "#texture" },
        "north": { "uv": [ 13, 4.5, 14, 5.5 ], "texture": "#texture" },
        "south": { "uv": [ 2, 4.5, 3, 5.5 ], "texture": "#texture" },
        "west":  { "uv": [ 12.5, 3, 13.5, 4 ], "texture": "#texture" },
        "east":  { "uv": [ 2, 2.5, 3, 3.5 ], "texture": "#texture" }
    }
},
{
    "from": [ 2.5, 11, 10 ],
    "to": [ 3.5, 12, 11 ],
    "faces": {
        "down":  { "uv": [ 13.5, 11, 12.5, 10 ], "texture": "#texture" },
        "up":    { "uv": [ 2.5, 8.5, 3.5, 9.5 ], "texture": "#texture" },
        "north": { "uv": [ 12.5, 4, 13.5, 5 ], "texture": "#texture" },
        "south": { "uv": [ 2.5, 4, 3.5, 5 ], "texture": "#texture" },
        "west":  { "uv": [ 12.5, 3.5, 13.5, 4.5 ], "texture": "#texture" },
        "east":  { "uv": [ 2.5, 4, 3.5, 5 ], "texture": "#texture" }
    }
},
{
    "from": [ 2.5, 11.5, 9.5 ],
    "to": [ 3.5, 12.5, 10.5 ],
    "faces": {
        "down":  { "uv": [ 13.5, 9.5, 12.5, 8.5 ], "texture": "#texture" },
        "up":    { "uv": [ 2.5, 8.5, 3.5, 9.5 ], "texture": "#texture" },
        "north": { "uv": [ 12.5, 3.5, 13.5, 4.5 ], "texture": "#texture" },
        "south": { "uv": [ 2.5, 3.5, 3.5, 4.5 ], "texture": "#texture" },
        "west":  { "uv": [ 12.5, 3.5, 13.5, 4.5 ], "texture": "#texture" },
        "east":  { "uv": [ 2.5, 3.5, 3.5, 4.5 ], "texture": "#texture" }
    }
},
{
    "from": [ 2, 12, 9 ],
    "to": [ 3, 13, 10 ],
    "faces": {
        "down":  { "uv": [ 13, 9.5, 12, 8.5 ], "texture": "#texture" },
        "up":    { "uv": [ 3, 8.5, 4, 9.5 ], "texture": "#texture" },
        "north": { "uv": [ 12.5, 3, 13.5, 4 ], "texture": "#texture" },
        "south": { "uv": [ 2.5, 3, 3.5, 4 ], "texture": "#texture" },
        "west":  { "uv": [ 12.5, 3, 13.5, 4 ], "texture": "#texture" },
        "east":  { "uv": [ 2.5, 3.5, 3.5, 4.5 ], "texture": "#texture" }
    }
},
{
    "from": [ 2, 12.5, 8.5 ],
    "to": [ 2.5, 13.5, 9 ],
    "faces": {
        "down":  { "uv": [ 14, 9, 13.5, 8.5 ], "texture": "#texture" },
        "up":    { "uv": [ 2, 8.5, 2.5, 9 ], "texture": "#texture" },
        "north": { "uv": [ 13.5, 2.5, 14, 3.5 ], "texture": "#texture" },
        "south": { "uv": [ 2, 2.5, 2.5, 3.5 ], "texture": "#texture" },
        "west":  { "uv": [ 13, 4, 13.5, 5 ], "texture": "#texture" },
        "east":  { "uv": [ 3, 3, 3.5, 4 ], "texture": "#texture" }
    }
},
{
    "from": [ 2, 8, 11.5 ],
    "to": [ 2.5, 9, 12.5 ],
    "faces": {
        "down":  { "uv": [ 13, 9.5, 12.5, 8.5 ], "texture": "#texture" },
        "up":    { "uv": [ 2, 8, 2.5, 9 ], "texture": "#texture" },
        "north": { "uv": [ 13.5, 7, 14, 8 ], "texture": "#texture" },
        "south": { "uv": [ 2, 7, 2.5, 8 ], "texture": "#texture" },
        "west":  { "uv": [ 12.5, 7.5, 13.5, 8.5 ], "texture": "#texture" },
        "east":  { "uv": [ 2.5, 7.5, 3.5, 8.5 ], "texture": "#texture" }
    }
},
{
    "from": [ 13.5, 7, 12 ],
    "to": [ 14, 7.5, 12.5 ],
    "faces": {
        "down":  { "uv": [ 3, 9, 2.5, 8.5 ], "texture": "#texture" },
        "up":    { "uv": [ 13.5, 8.5, 14, 9 ], "texture": "#texture" },
        "north": { "uv": [ 2, 8.5, 2.5, 9 ], "texture": "#texture" },
        "south": { "uv": [ 13.5, 8.5, 14, 9 ], "texture": "#texture" },
        "west":  { "uv": [ 12, 8.5, 12.5, 9 ], "texture": "#texture" },
        "east":  { "uv": [ 3.5, 8.5, 4, 9 ], "texture": "#texture" }
    }
},
{
    "from": [ 14, 7.5, 11.5 ],
    "to": [ 15, 10.5, 12.5 ],
    "faces": {
        "down":  { "uv": [ 2.5, 9, 1.5, 8 ], "texture": "#texture" },
        "up":    { "uv": [ 13.5, 8, 14.5, 9 ], "texture": "#texture" },
        "north": { "uv": [ 1, 5.5, 2, 8.5 ], "texture": "#texture" },
        "south": { "uv": [ 14, 5.5, 15, 8.5 ], "texture": "#texture" },
        "west":  { "uv": [ 14, 5.5, 15, 8.5 ], "texture": "#texture" },
        "east":  { "uv": [ 1, 5.5, 2, 8.5 ], "texture": "#texture" }
    }
},
{
    "from": [ 13.5, 8, 11.5 ],
    "to": [ 14.5, 9, 12.5 ],
    "faces": {
        "down":  { "uv": [ 1.5, 7.5, 0.5, 6.5 ], "texture": "#texture" },
        "up":    { "uv": [ 13.5, 8, 14.5, 9 ], "texture": "#texture" },
        "north": { "uv": [ 1.5, 7, 2.5, 8 ], "texture": "#texture" },
        "south": { "uv": [ 13.5, 7, 14.5, 8 ], "texture": "#texture" },
        "west":  { "uv": [ 12.5, 7.5, 13.5, 8.5 ], "texture": "#texture" },
        "east":  { "uv": [ 2.5, 7.5, 3.5, 8.5 ], "texture": "#texture" }
    }
},
{
    "from": [ 15, 8, 11.5 ],
    "to": [ 15.5, 9.5, 12.5 ],
    "faces": {
        "down":  { "uv": [ 1, 12.5, 0.5, 11.5 ], "texture": "#texture" },
        "up":    { "uv": [ 15, 7, 15.5, 8 ], "texture": "#texture" },
        "north": { "uv": [ 0.5, 6.5, 1, 8 ], "texture": "#texture" },
        "south": { "uv": [ 15, 6.5, 15.5, 8 ], "texture": "#texture" },
        "west":  { "uv": [ 14.5, 6.5, 15.5, 8 ], "texture": "#texture" },
        "east":  { "uv": [ 0.5, 6.5, 1.5, 8 ], "texture": "#texture" }
    }
},
{
    "from": [ 13.5, 9.5, 11 ],
    "to": [ 14.5, 11, 12 ],
    "faces": {
        "down":  { "uv": [ 2.5, 8, 1.5, 7 ], "texture": "#texture" },
        "up":    { "uv": [ 13.5, 5.5, 14.5, 6.5 ], "texture": "#texture" },
        "north": { "uv": [ 1.5, 5, 2.5, 6.5 ], "texture": "#texture" },
        "south": { "uv": [ 13.5, 5, 14.5, 6.5 ], "texture": "#texture" },
        "west":  { "uv": [ 13.5, 5, 14.5, 6.5 ], "texture": "#texture" },
        "east":  { "uv": [ 1.5, 5, 2.5, 6.5 ], "texture": "#texture" }
    }
},
{
    "from": [ 13, 10.5, 10.5 ],
    "to": [ 14, 11.5, 11.5 ],
    "faces": {
        "down":  { "uv": [ 3, 8.5, 2, 7.5 ], "texture": "#texture" },
        "up":    { "uv": [ 13.5, 5.5, 14.5, 6.5 ], "texture": "#texture" },
        "north": { "uv": [ 2, 4.5, 3, 5.5 ], "texture": "#texture" },
        "south": { "uv": [ 13, 4.5, 14, 5.5 ], "texture": "#texture" },
        "west":  { "uv": [ 13, 4.5, 14, 5.5 ], "texture": "#texture" },
        "east":  { "uv": [ 2.5, 4, 3.5, 5 ], "texture": "#texture" }
    }
},
{
    "from": [ 12.5, 11, 10 ],
    "to": [ 13.5, 12, 11 ],
    "faces": {
        "down":  { "uv": [ 3.5, 8.5, 2.5, 7.5 ], "texture": "#texture" },
        "up":    { "uv": [ 12.5, 7.5, 13.5, 8.5 ], "texture": "#texture" },
        "north": { "uv": [ 2.5, 4, 3.5, 5 ], "texture": "#texture" },
        "south": { "uv": [ 12.5, 4, 13.5, 5 ], "texture": "#texture" },
        "west":  { "uv": [ 12.5, 4, 13.5, 5 ], "texture": "#texture" },
        "east":  { "uv": [ 2.5, 4, 3.5, 5 ], "texture": "#texture" }
    }
},
{
    "from": [ 12.5, 11.5, 9.5 ],
    "to": [ 13.5, 12.5, 10.5 ],
    "faces": {
        "down":  { "uv": [ 3.5, 9.5, 2.5, 8.5 ], "texture": "#texture" },
        "up":    { "uv": [ 12.5, 8.5, 13.5, 9.5 ], "texture": "#texture" },
        "north": { "uv": [ 2.5, 3.5, 3.5, 4.5 ], "texture": "#texture" },
        "south": { "uv": [ 12.5, 3.5, 13.5, 4.5 ], "texture": "#texture" },
        "west":  { "uv": [ 12.5, 4, 13.5, 5 ], "texture": "#texture" },
        "east":  { "uv": [ 2.5, 3.5, 3.5, 4.5 ], "texture": "#texture" }
    }
},
{
    "from": [ 13, 12, 9 ],
    "to": [ 14, 13, 10 ],
    "faces": {
        "down":  { "uv": [ 3, 9, 2, 8 ], "texture": "#texture" },
        "up":    { "uv": [ 13, 8, 14, 9 ], "texture": "#texture" },
        "north": { "uv": [ 2.5, 3, 3.5, 4 ], "texture": "#texture" },
        "south": { "uv": [ 12.5, 3, 13.5, 4 ], "texture": "#texture" },
        "west":  { "uv": [ 12.5, 3, 13.5, 4 ], "texture": "#texture" },
        "east":  { "uv": [ 2.5, 3, 3.5, 4 ], "texture": "#texture" }
    }
},
{
    "from": [ 13.5, 12.5, 8.5 ],
    "to": [ 14, 13.5, 9 ],
    "faces": {
        "down":  { "uv": [ 2.5, 9, 2, 8.5 ], "texture": "#texture" },
        "up":    { "uv": [ 13.5, 8.5, 14, 9 ], "texture": "#texture" },
        "north": { "uv": [ 2, 2.5, 2.5, 3.5 ], "texture": "#texture" },
        "south": { "uv": [ 13.5, 2.5, 14, 3.5 ], "texture": "#texture" },
        "west":  { "uv": [ 12.5, 3, 13, 4 ], "texture": "#texture" },
        "east":  { "uv": [ 3, 3, 3.5, 4 ], "texture": "#texture" }
    }
},
{
    "from": [ 5, 10, 11 ],
    "to": [ 6, 11.5, 12 ],
    "faces": {
        "down":  { "uv": [ 11, 12, 10, 11 ], "texture": "#texture" },
        "up":    { "uv": [ 5, 11, 6, 12 ], "texture": "#texture" },
        "north": { "uv": [ 10, 4.5, 11, 6 ], "texture": "#texture" },
        "south": { "uv": [ 5, 4.5, 6, 6 ], "texture": "#texture" },
        "west":  { "uv": [ 10.5, 4.5, 11, 6 ], "texture": "#texture" },
        "east":  { "uv": [ 5, 4.5, 5.5, 6 ], "texture": "#texture" }
    }
},
{
    "from": [ 10, 10, 11 ],
    "to": [ 11, 11.5, 12 ],
    "faces": {
        "down":  { "uv": [ 11, 6, 10.5, 5 ], "texture": "#texture" },
        "up":    { "uv": [ 5, 5.5, 5.5, 6.5 ], "texture": "#texture" },
        "north": { "uv": [ 10.5, 4.5, 11, 6 ], "texture": "#texture" },
        "south": { "uv": [ 5, 4.5, 5.5, 6 ], "texture": "#texture" },
        "west":  { "uv": [ 10.5, 4.5, 11, 6 ], "texture": "#texture" },
        "east":  { "uv": [ 5, 4.5, 5.5, 6 ], "texture": "#texture" }
    }
},
{
    "from": [ 5.5, 11.5, 11 ],
    "to": [ 6.5, 13, 12 ],
    "faces": {
        "down":  { "uv": [ 10, 4, 9.5, 3 ], "texture": "#texture" },
        "up":    { "uv": [ 5.5, 3, 6, 4 ], "texture": "#texture" },
        "north": { "uv": [ 9.5, 3, 10.5, 4.5 ], "texture": "#texture" },
        "south": { "uv": [ 5.5, 3, 6.5, 4.5 ], "texture": "#texture" },
        "west":  { "uv": [ 10, 3, 10.5, 4.5 ], "texture": "#texture" },
        "east":  { "uv": [ 5.5, 3, 6, 4.5 ], "texture": "#texture" }
    }
},
{
    "from": [ 9.5, 11.5, 11 ],
    "to": [ 10.5, 13, 12 ],
    "faces": {
        "down":  { "uv": [ 10.5, 4, 10, 3 ], "texture": "#texture" },
        "up":    { "uv": [ 10, 3, 10.5, 4.5 ], "texture": "#texture" },
        "north": { "uv": [ 5.5, 3, 6.5, 4.5 ], "texture": "#texture" },
        "south": { "uv": [ 9.5, 3, 10.5, 4.5 ], "texture": "#texture" },
        "west":  { "uv": [ 9.5, 3, 10, 4.5 ], "texture": "#texture" },
        "east":  { "uv": [ 10, 3, 10.5, 4.5 ], "texture": "#texture" }
    }
},
{
    "from": [ 6, 13, 11 ],
    "to": [ 6.5, 14, 11.5 ],
    "faces": {
        "down":  { "uv": [ 10, 2.5, 9.5, 2 ], "texture": "#texture" },
        "up":    { "uv": [ 6, 2.5, 6.5, 3 ], "texture": "#texture" },
        "north": { "uv": [ 9.5, 2, 10, 3 ], "texture": "#texture" },
        "south": { "uv": [ 6, 2, 6.5, 3 ], "texture": "#texture" },
        "west":  { "uv": [ 9.5, 2, 10, 3 ], "texture": "#texture" },
        "east":  { "uv": [ 6, 2, 6.5, 3 ], "texture": "#texture" }
    }
},
{
    "from": [ 9.5, 13, 11 ],
    "to": [ 10, 14, 11.5 ],
    "faces": {
        "down":  { "uv": [ 6.5, 2.5, 6, 2 ], "texture": "#texture" },
        "up":    { "uv": [ 9.5, 2, 10, 2.5 ], "texture": "#texture" },
        "north": { "uv": [ 6, 2, 6.5, 3 ], "texture": "#texture" },
        "south": { "uv": [ 9.5, 2, 10, 3 ], "texture": "#texture" },
        "west":  { "uv": [ 9.5, 3, 10, 4 ], "texture": "#texture" },
        "east":  { "uv": [ 10, 3.5, 10.5, 4.5 ], "texture": "#texture" }
    }
}
],
"display": {
    "head": {
        "rotation": [ 0, 180, 0 ],
        "translation": [ 0, 2.7, 0 ],
        "scale": [ 2.2, 2.33, 2.3 ]
    },
    "gui": {
        "rotation": [ -28, 135, 0 ],
        "translation": [ 0, 1.5, 0 ],
        "scale": [ 1.42, 1.42, 1 ]
    }
}
}