{
"__comment": "Designed by Hypixel minecraft server with BDcraft Cubik PRO 0.90 Beta - http://bdcraft.net",
"textures": {
    "particle": "blocks/pug",
    "texture": "blocks/NiceHound"
},
"elements": [ 
{
    "from": [ 1.5, 6, 15 ],
    "to": [ 2, 7.5, 15.5 ],
    "faces": {
        "down":  { "uv": [ 1.5, 9, 2, 9.5 ], "texture": "#texture" },
        "up":    { "uv": [ 1.5, 8, 2, 8.5 ], "texture": "#texture" },
        "north": { "uv": [ 1.5, 8, 2, 9.5 ], "texture": "#texture" },
        "south": { "uv": [ 1.5, 8, 2, 9.5 ], "texture": "#texture" },
        "west":  { "uv": [ 1.5, 8, 2, 9.5 ], "texture": "#texture" },
        "east":  { "uv": [ 1.5, 8, 2, 9.5 ], "texture": "#texture" }
    }
},
{
    "from": [ 2, 7.5, 13.5 ],
    "to": [ 2.5, 8.5, 15 ],
    "faces": {
        "down":  { "uv": [ 12.5, 7.5, 14, 8 ], "rotation": 270, "texture": "#texture" },
        "up":    { "uv": [ 12.5, 7, 14, 7.5 ], "rotation": 90, "texture": "#texture" },
        "north": { "uv": [ 2.5, 7.5, 3, 8.5 ], "texture": "#texture" },
        "south": { "uv": [ 2, 7, 2.5, 8 ], "texture": "#texture" },
        "west":  { "uv": [ 12.5, 7, 14, 8 ], "texture": "#texture" },
        "east":  { "uv": [ 14, 7, 12.5, 8 ], "texture": "#texture" }
    }
},
{
    "from": [ 1.5, 6.5, 14 ],
    "to": [ 2, 8, 15 ],
    "faces": {
        "down":  { "uv": [ 2, 8.5, 2.5, 9 ], "texture": "#texture" },
        "up":    { "uv": [ 2, 7.5, 2.5, 8.5 ], "texture": "#texture" },
        "north": { "uv": [ 2, 7.5, 2.5, 9 ], "texture": "#texture" },
        "south": { "uv": [ 2, 7.5, 2.5, 9 ], "texture": "#texture" },
        "west":  { "uv": [ 2, 7.5, 2.5, 9 ], "texture": "#texture" },
        "east":  { "uv": [ 2, 7.5, 2.5, 9 ], "texture": "#texture" }
    }
},
{
    "from": [ 2, 6.5, 14 ],
    "to": [ 2.5, 8, 15.5 ],
    "faces": {
        "down":  { "uv": [ 2, 8.5, 2.5, 9 ], "texture": "#texture" },
        "up":    { "uv": [ 2, 7.5, 2.5, 8.5 ], "texture": "#texture" },
        "north": { "uv": [ 2, 7.5, 2.5, 9 ], "texture": "#texture" },
        "south": { "uv": [ 2, 7.5, 2.5, 9 ], "texture": "#texture" },
        "west":  { "uv": [ 2, 7.5, 2.5, 9 ], "texture": "#texture" },
        "east":  { "uv": [ 2, 7.5, 2.5, 9 ], "texture": "#texture" }
    }
},
{
    "from": [ 1.5, 7.5, 13.5 ],
    "to": [ 2.5, 8, 14 ],
    "faces": {
        "down":  { "uv": [ 2, 8, 3, 8.5 ], "texture": "#texture" },
        "up":    { "uv": [ 2, 8, 3, 8.5 ], "texture": "#texture" },
        "north": { "uv": [ 3, 8, 2, 8.5 ], "texture": "#texture" },
        "south": { "uv": [ 2, 8, 3, 8.5 ], "texture": "#texture" },
        "west":  { "uv": [ 2, 8, 2.5, 8.5 ], "texture": "#texture" },
        "east":  { "uv": [ 2.5, 8, 3, 8.5 ], "texture": "#texture" }
    }
},
{
    "from": [ 14, 6.5, 15 ],
    "to": [ 14.5, 8, 15.5 ],
    "faces": {
        "down":  { "uv": [ 1.5, 9, 2, 9.5 ], "texture": "#texture" },
        "up":    { "uv": [ 1.5, 8, 2, 8.5 ], "texture": "#texture" },
        "north": { "uv": [ 1.5, 8, 2, 9.5 ], "texture": "#texture" },
        "south": { "uv": [ 1.5, 8, 2, 9.5 ], "texture": "#texture" },
        "west":  { "uv": [ 1.5, 8, 2, 9.5 ], "texture": "#texture" },
        "east":  { "uv": [ 1.5, 8, 2, 9.5 ], "texture": "#texture" }
    }
},
{
    "from": [ 13.5, 7, 14 ],
    "to": [ 14, 8.5, 15.5 ],
    "faces": {
        "down":  { "uv": [ 2, 8.5, 2.5, 9 ], "texture": "#texture" },
        "up":    { "uv": [ 2, 7.5, 2.5, 8.5 ], "texture": "#texture" },
        "north": { "uv": [ 2, 7.5, 2.5, 9 ], "texture": "#texture" },
        "south": { "uv": [ 2, 7.5, 2.5, 9 ], "texture": "#texture" },
        "west":  { "uv": [ 2, 7.5, 2.5, 9 ], "texture": "#texture" },
        "east":  { "uv": [ 2, 7.5, 2.5, 9 ], "texture": "#texture" }
    }
},
{
    "from": [ 14, 7, 14 ],
    "to": [ 14.5, 8.5, 15 ],
    "faces": {
        "down":  { "uv": [ 2, 8.5, 2.5, 9 ], "texture": "#texture" },
        "up":    { "uv": [ 2, 7.5, 2.5, 8.5 ], "texture": "#texture" },
        "north": { "uv": [ 2, 7.5, 2.5, 9 ], "texture": "#texture" },
        "south": { "uv": [ 2, 7.5, 2.5, 9 ], "texture": "#texture" },
        "west":  { "uv": [ 2, 7.5, 2.5, 9 ], "texture": "#texture" },
        "east":  { "uv": [ 2, 7.5, 2.5, 9 ], "texture": "#texture" }
    }
},
{
    "from": [ 13.5, 7.5, 13.5 ],
    "to": [ 14.5, 8, 14 ],
    "faces": {
        "down":  { "uv": [ 13, 8, 14, 8.5 ], "texture": "#texture" },
        "up":    { "uv": [ 13, 8, 14, 8.5 ], "texture": "#texture" },
        "north": { "uv": [ 14, 8, 13, 8.5 ], "texture": "#texture" },
        "south": { "uv": [ 13, 8, 14, 8.5 ], "texture": "#texture" },
        "west":  { "uv": [ 13, 8, 13.5, 8.5 ], "texture": "#texture" },
        "east":  { "uv": [ 2, 8, 2.5, 8.5 ], "texture": "#texture" }
    }
},
{
    "from": [ 2, 7.5, 13.5 ],
    "to": [ 2.5, 8.5, 15 ],
    "faces": {
        "down":  { "uv": [ 12.5, 7.5, 14, 8 ], "rotation": 270, "texture": "#texture" },
        "up":    { "uv": [ 12.5, 7, 14, 7.5 ], "rotation": 90, "texture": "#texture" },
        "north": { "uv": [ 2, 7, 2.5, 8 ], "texture": "#texture" },
        "south": { "uv": [ 2, 7, 2.5, 8 ], "texture": "#texture" },
        "west":  { "uv": [ 12.5, 7, 14, 8 ], "texture": "#texture" },
        "east":  { "uv": [ 12.5, 7, 14, 8 ], "texture": "#texture" }
    }
},
{
    "from": [ 2.5, 7.5, 13.5 ],
    "to": [ 3, 9, 15 ],
    "faces": {
        "down":  { "uv": [ 2.5, 8, 3, 8.5 ], "texture": "#texture" },
        "up":    { "uv": [ 2.5, 7, 3, 7.5 ], "texture": "#texture" },
        "north": { "uv": [ 2.5, 7, 3, 8.5 ], "texture": "#texture" },
        "south": { "uv": [ 2.5, 7, 3, 8.5 ], "texture": "#texture" },
        "west":  { "uv": [ 2.5, 7, 3, 8.5 ], "texture": "#texture" },
        "east":  { "uv": [ 2.5, 7, 3, 8.5 ], "texture": "#texture" }
    }
},
{
    "from": [ 1.5, 5.5, 15.5 ],
    "to": [ 2, 7, 16 ],
    "faces": {
        "down":  { "uv": [ 1.5, 9, 2, 9.5 ], "texture": "#texture" },
        "up":    { "uv": [ 1.5, 8, 2, 8.5 ], "texture": "#texture" },
        "north": { "uv": [ 1.5, 8, 2, 9.5 ], "texture": "#texture" },
        "south": { "uv": [ 1.5, 8, 2, 9.5 ], "texture": "#texture" },
        "west":  { "uv": [ 1.5, 8, 2, 9.5 ], "texture": "#texture" },
        "east":  { "uv": [ 1.5, 8, 2, 9.5 ], "texture": "#texture" }
    }
},
{
    "from": [ 13, 7.5, 13.5 ],
    "to": [ 13.5, 9, 15 ],
    "faces": {
        "down":  { "uv": [ 2.5, 8, 3, 8.5 ], "texture": "#texture" },
        "up":    { "uv": [ 2.5, 7, 3, 7.5 ], "texture": "#texture" },
        "north": { "uv": [ 2.5, 7, 3, 8.5 ], "texture": "#texture" },
        "south": { "uv": [ 2.5, 7, 3, 8.5 ], "texture": "#texture" },
        "west":  { "uv": [ 2.5, 7, 3, 8.5 ], "texture": "#texture" },
        "east":  { "uv": [ 2.5, 7, 3, 8.5 ], "texture": "#texture" }
    }
},
{
    "from": [ 14, 6, 15.5 ],
    "to": [ 14.5, 7.5, 16 ],
    "faces": {
        "down":  { "uv": [ 1.5, 9, 2, 9.5 ], "texture": "#texture" },
        "up":    { "uv": [ 1.5, 8, 2, 8.5 ], "texture": "#texture" },
        "north": { "uv": [ 1.5, 8, 2, 9.5 ], "texture": "#texture" },
        "south": { "uv": [ 1.5, 8, 2, 9.5 ], "texture": "#texture" },
        "west":  { "uv": [ 1.5, 8, 2, 9.5 ], "texture": "#texture" },
        "east":  { "uv": [ 1.5, 8, 2, 9.5 ], "texture": "#texture" }
    }
},
{
    "from": [ 13.5, 8, 13.5 ],
    "to": [ 14, 9, 15 ],
    "faces": {
        "down":  { "uv": [ 12.5, 7.5, 14, 8 ], "rotation": 270, "texture": "#texture" },
        "up":    { "uv": [ 12.5, 7, 14, 7.5 ], "rotation": 90, "texture": "#texture" },
        "north": { "uv": [ 2.5, 7.5, 3, 8.5 ], "texture": "#texture" },
        "south": { "uv": [ 2, 7, 2.5, 8 ], "texture": "#texture" },
        "west":  { "uv": [ 12.5, 7, 14, 8 ], "texture": "#texture" },
        "east":  { "uv": [ 14, 7, 12.5, 8 ], "texture": "#texture" }
    }
},
{
    "from": [ 2, 7.5, 12 ],
    "to": [ 2.5, 9, 13.5 ],
    "faces": {
        "down":  { "uv": [ 2.5, 9, 3, 7.5 ], "texture": "#texture" },
        "up":    { "uv": [ 1.5, 7.5, 2, 9 ], "texture": "#texture" },
        "north": { "uv": [ 2, 7, 2.5, 8.5 ], "texture": "#texture" },
        "south": { "uv": [ 2, 7, 2.5, 8.5 ], "texture": "#texture" },
        "west":  { "uv": [ 1.5, 7.5, 3, 9 ], "texture": "#texture" },
        "east":  { "uv": [ 3, 7.5, 1.5, 9 ], "texture": "#texture" }
    }
},
{
    "from": [ 13.5, 7.5, 12 ],
    "to": [ 14, 9, 13.5 ],
    "faces": {
        "down":  { "uv": [ 2.5, 9, 3, 7.5 ], "texture": "#texture" },
        "up":    { "uv": [ 1.5, 7.5, 2, 9 ], "texture": "#texture" },
        "north": { "uv": [ 2, 7, 2.5, 8.5 ], "texture": "#texture" },
        "south": { "uv": [ 2, 7, 2.5, 8.5 ], "texture": "#texture" },
        "west":  { "uv": [ 1.5, 7.5, 3, 9 ], "texture": "#texture" },
        "east":  { "uv": [ 3, 7.5, 1.5, 9 ], "texture": "#texture" }
    }
},
{
    "from": [ 2, 7.5, 11.5 ],
    "to": [ 2.5, 8.5, 12 ],
    "faces": {
        "down":  { "uv": [ 2, 7.5, 2.5, 8 ], "texture": "#texture" },
        "up":    { "uv": [ 2, 7.5, 2.5, 8 ], "texture": "#texture" },
        "north": { "uv": [ 2, 7.5, 2.5, 8.5 ], "texture": "#texture" },
        "south": { "uv": [ 2, 7.5, 2.5, 8.5 ], "texture": "#texture" },
        "west":  { "uv": [ 2, 7.5, 2.5, 8.5 ], "texture": "#texture" },
        "east":  { "uv": [ 2, 7.5, 2.5, 8.5 ], "texture": "#texture" }
    }
},
{
    "from": [ 13.5, 7.5, 11.5 ],
    "to": [ 14, 8.5, 12 ],
    "faces": {
        "down":  { "uv": [ 2, 7.5, 2.5, 8 ], "texture": "#texture" },
        "up":    { "uv": [ 2, 7.5, 2.5, 8 ], "texture": "#texture" },
        "north": { "uv": [ 2, 7.5, 2.5, 8.5 ], "texture": "#texture" },
        "south": { "uv": [ 2, 7.5, 2.5, 8.5 ], "texture": "#texture" },
        "west":  { "uv": [ 2, 7.5, 2.5, 8.5 ], "texture": "#texture" },
        "east":  { "uv": [ 2, 7.5, 2.5, 8.5 ], "texture": "#texture" }
    }
},
{
    "from": [ 2, 7.5, 11 ],
    "to": [ 2.5, 8, 11.5 ],
    "faces": {
        "down":  { "uv": [ 2, 7.5, 2.5, 8 ], "texture": "#texture" },
        "up":    { "uv": [ 2, 7.5, 2.5, 8 ], "texture": "#texture" },
        "north": { "uv": [ 2, 7.5, 2.5, 8.5 ], "texture": "#texture" },
        "south": { "uv": [ 2, 7.5, 2.5, 8.5 ], "texture": "#texture" },
        "west":  { "uv": [ 2, 7.5, 2.5, 8.5 ], "texture": "#texture" },
        "east":  { "uv": [ 2, 7.5, 2.5, 8.5 ], "texture": "#texture" }
    }
},
{
    "from": [ 13.5, 7.5, 11 ],
    "to": [ 14, 8, 11.5 ],
    "faces": {
        "down":  { "uv": [ 2, 7.5, 2.5, 8 ], "texture": "#texture" },
        "up":    { "uv": [ 2, 7.5, 2.5, 8 ], "texture": "#texture" },
        "north": { "uv": [ 2, 7.5, 2.5, 8.5 ], "texture": "#texture" },
        "south": { "uv": [ 2, 7.5, 2.5, 8.5 ], "texture": "#texture" },
        "west":  { "uv": [ 2, 7.5, 2.5, 8.5 ], "texture": "#texture" },
        "east":  { "uv": [ 2, 7.5, 2.5, 8.5 ], "texture": "#texture" }
    }
},
{
    "from": [ 3, 8.5, 13 ],
    "to": [ 5.5, 9.5, 14 ],
    "faces": {
        "down":  { "uv": [ 3, 7, 5.5, 7.5 ], "texture": "#texture" },
        "up":    { "uv": [ 3, 6.5, 5.5, 7 ], "texture": "#texture" },
        "north": { "uv": [ 5.5, 6.5, 3, 7.5 ], "texture": "#texture" },
        "south": { "uv": [ 3, 6.5, 5.5, 7.5 ], "texture": "#texture" },
        "west":  { "uv": [ 12.5, 6.5, 13, 7.5 ], "texture": "#texture" },
        "east":  { "uv": [ 5, 6.5, 5.5, 7.5 ], "texture": "#texture" }
    }
},
{
    "from": [ 2.5, 8.5, 12.5 ],
    "to": [ 3, 9.5, 13.5 ],
    "faces": {
        "down":  { "uv": [ 2, 7.5, 2.5, 8 ], "texture": "#texture" },
        "up":    { "uv": [ 2, 7.5, 2.5, 8 ], "texture": "#texture" },
        "north": { "uv": [ 2, 7.5, 2.5, 8.5 ], "texture": "#texture" },
        "south": { "uv": [ 2, 7.5, 2.5, 8.5 ], "texture": "#texture" },
        "west":  { "uv": [ 2, 7.5, 2.5, 8.5 ], "texture": "#texture" },
        "east":  { "uv": [ 2, 7.5, 2.5, 8.5 ], "texture": "#texture" }
    }
},
{
    "from": [ 13, 8.5, 12.5 ],
    "to": [ 13.5, 9.5, 13.5 ],
    "faces": {
        "down":  { "uv": [ 2, 7.5, 2.5, 8 ], "texture": "#texture" },
        "up":    { "uv": [ 2, 7.5, 2.5, 8 ], "texture": "#texture" },
        "north": { "uv": [ 2, 7.5, 2.5, 8.5 ], "texture": "#texture" },
        "south": { "uv": [ 2, 7.5, 2.5, 8.5 ], "texture": "#texture" },
        "west":  { "uv": [ 2, 7.5, 2.5, 8.5 ], "texture": "#texture" },
        "east":  { "uv": [ 2, 7.5, 2.5, 8.5 ], "texture": "#texture" }
    }
},
{
    "from": [ 3, 8.5, 14 ],
    "to": [ 4, 9, 14.5 ],
    "faces": {
        "down":  { "uv": [ 2, 7.5, 2.5, 8 ], "texture": "#texture" },
        "up":    { "uv": [ 2, 7.5, 2.5, 8 ], "texture": "#texture" },
        "north": { "uv": [ 2, 7.5, 2.5, 8.5 ], "texture": "#texture" },
        "south": { "uv": [ 2, 7.5, 2.5, 8.5 ], "texture": "#texture" },
        "west":  { "uv": [ 2, 7.5, 2.5, 8.5 ], "texture": "#texture" },
        "east":  { "uv": [ 2, 7.5, 2.5, 8.5 ], "texture": "#texture" }
    }
},
{
    "from": [ 12, 8.5, 14 ],
    "to": [ 13, 9, 14.5 ],
    "faces": {
        "down":  { "uv": [ 2, 7.5, 2.5, 8 ], "texture": "#texture" },
        "up":    { "uv": [ 2, 7.5, 2.5, 8 ], "texture": "#texture" },
        "north": { "uv": [ 2, 7.5, 2.5, 8.5 ], "texture": "#texture" },
        "south": { "uv": [ 2, 7.5, 2.5, 8.5 ], "texture": "#texture" },
        "west":  { "uv": [ 2, 7.5, 2.5, 8.5 ], "texture": "#texture" },
        "east":  { "uv": [ 2, 7.5, 2.5, 8.5 ], "texture": "#texture" }
    }
},
{
    "from": [ 3, 8, 11 ],
    "to": [ 13, 9.5, 12.5 ],
    "faces": {
        "down":  { "uv": [ 5.5, 7, 6, 6.5 ], "texture": "#texture" },
        "up":    { "uv": [ 5.5, 6.5, 6, 7 ], "texture": "#texture" },
        "north": { "uv": [ 5.5, 6.5, 6, 7 ], "texture": "#texture" },
        "south": { "uv": [ 5.5, 7, 6, 6.5 ], "texture": "#texture" },
        "west":  { "uv": [ 5.5, 6.5, 6, 7 ], "texture": "#texture" },
        "east":  { "uv": [ 6, 6.5, 5.5, 7 ], "texture": "#texture" }
    }
},
{
    "from": [ 2.5, 8, 11.5 ],
    "to": [ 13.5, 9, 12.5 ],
    "faces": {
        "down":  { "uv": [ 5.5, 7, 6, 6.5 ], "texture": "#texture" },
        "up":    { "uv": [ 5.5, 6.5, 6, 7 ], "texture": "#texture" },
        "north": { "uv": [ 5.5, 6.5, 6, 7 ], "texture": "#texture" },
        "south": { "uv": [ 5.5, 7, 6, 6.5 ], "texture": "#texture" },
        "west":  { "uv": [ 5.5, 6.5, 6, 7 ], "texture": "#texture" },
        "east":  { "uv": [ 6, 6.5, 5.5, 7 ], "texture": "#texture" }
    }
},
{
    "from": [ 2.5, 7.5, 11 ],
    "to": [ 13.5, 8.5, 12 ],
    "faces": {
        "down":  { "uv": [ 5.5, 7, 6, 6.5 ], "texture": "#texture" },
        "up":    { "uv": [ 5.5, 6.5, 6, 7 ], "texture": "#texture" },
        "north": { "uv": [ 5.5, 6.5, 6, 7 ], "texture": "#texture" },
        "south": { "uv": [ 5.5, 7, 6, 6.5 ], "texture": "#texture" },
        "west":  { "uv": [ 5.5, 6.5, 6, 7 ], "texture": "#texture" },
        "east":  { "uv": [ 6, 6.5, 5.5, 7 ], "texture": "#texture" }
    }
},
{
    "from": [ 2.5, 9, 12 ],
    "to": [ 13.5, 9.5, 12.5 ],
    "faces": {
        "down":  { "uv": [ 5.5, 7, 6, 6.5 ], "texture": "#texture" },
        "up":    { "uv": [ 5.5, 6.5, 6, 7 ], "texture": "#texture" },
        "north": { "uv": [ 5.5, 6.5, 6, 7 ], "texture": "#texture" },
        "south": { "uv": [ 5.5, 7, 6, 6.5 ], "texture": "#texture" },
        "west":  { "uv": [ 5.5, 6.5, 6, 7 ], "texture": "#texture" },
        "east":  { "uv": [ 6, 6.5, 5.5, 7 ], "texture": "#texture" }
    }
},
{
    "from": [ 3.5, 9.5, 11 ],
    "to": [ 12.5, 10, 12 ],
    "faces": {
        "down":  { "uv": [ 5.5, 7, 6, 6.5 ], "texture": "#texture" },
        "up":    { "uv": [ 5.5, 6.5, 6, 7 ], "texture": "#texture" },
        "north": { "uv": [ 5.5, 6.5, 6, 7 ], "texture": "#texture" },
        "south": { "uv": [ 5.5, 7, 6, 6.5 ], "texture": "#texture" },
        "west":  { "uv": [ 5.5, 6.5, 6, 7 ], "texture": "#texture" },
        "east":  { "uv": [ 6, 6.5, 5.5, 7 ], "texture": "#texture" }
    }
},
{
    "from": [ 4, 9.5, 12 ],
    "to": [ 12, 10, 12.5 ],
    "faces": {
        "down":  { "uv": [ 5.5, 7, 6, 6.5 ], "texture": "#texture" },
        "up":    { "uv": [ 5.5, 6.5, 6, 7 ], "texture": "#texture" },
        "north": { "uv": [ 5.5, 6.5, 6, 7 ], "texture": "#texture" },
        "south": { "uv": [ 5.5, 7, 6, 6.5 ], "texture": "#texture" },
        "west":  { "uv": [ 5.5, 6.5, 6, 7 ], "texture": "#texture" },
        "east":  { "uv": [ 6, 6.5, 5.5, 7 ], "texture": "#texture" }
    }
},
{
    "from": [ 5.5, 9.5, 12.5 ],
    "to": [ 10.5, 10, 13 ],
    "faces": {
        "down":  { "uv": [ 5.5, 7, 6, 6.5 ], "texture": "#texture" },
        "up":    { "uv": [ 5.5, 6.5, 6, 7 ], "texture": "#texture" },
        "north": { "uv": [ 5.5, 6.5, 6, 7 ], "texture": "#texture" },
        "south": { "uv": [ 5.5, 7, 6, 6.5 ], "texture": "#texture" },
        "west":  { "uv": [ 5.5, 6.5, 6, 7 ], "texture": "#texture" },
        "east":  { "uv": [ 6, 6.5, 5.5, 7 ], "texture": "#texture" }
    }
},
{
    "from": [ 10.5, 8.5, 13 ],
    "to": [ 13, 9.5, 14 ],
    "faces": {
        "down":  { "uv": [ 5.5, 7, 3, 7.5 ], "texture": "#texture" },
        "up":    { "uv": [ 10.5, 6.5, 13, 7 ], "texture": "#texture" },
        "north": { "uv": [ 3, 6.5, 5.5, 7.5 ], "texture": "#texture" },
        "south": { "uv": [ 5.5, 6.5, 3, 7.5 ], "texture": "#texture" },
        "west":  { "uv": [ 5, 6.5, 5.5, 7.5 ], "texture": "#texture" },
        "east":  { "uv": [ 12.5, 6.5, 13, 7.5 ], "texture": "#texture" }
    }
},
{
    "from": [ 5.5, 8.5, 13 ],
    "to": [ 10.5, 9.5, 13.5 ],
    "faces": {
        "down":  { "uv": [ 5.5, 7, 10.5, 7.5 ], "texture": "#texture" },
        "up":    { "uv": [ 5.5, 6.5, 10.5, 7 ], "texture": "#texture" },
        "north": { "uv": [ 5.5, 6.5, 10.5, 7.5 ], "texture": "#texture" },
        "south": { "uv": [ 5.5, 6.5, 10.5, 7.5 ], "texture": "#texture" },
        "west":  { "uv": [ 5.5, 6.5, 6, 7.5 ], "texture": "#texture" },
        "east":  { "uv": [ 10, 6.5, 10.5, 7.5 ], "texture": "#texture" }
    }
},
{
    "from": [ 5.5, 8.5, 13.5 ],
    "to": [ 6, 9, 14 ],
    "faces": {
        "down":  { "uv": [ 5.5, 7.5, 6, 7 ], "texture": "#texture" },
        "up":    { "uv": [ 5.5, 7, 6, 7.5 ], "texture": "#texture" },
        "north": { "uv": [ 5.5, 7, 6, 7.5 ], "texture": "#texture" },
        "south": { "uv": [ 5.5, 7.5, 6, 7 ], "texture": "#texture" },
        "west":  { "uv": [ 5.5, 7, 6, 7.5 ], "texture": "#texture" },
        "east":  { "uv": [ 6, 7, 5.5, 7.5 ], "texture": "#texture" }
    }
},
{
    "from": [ 10, 8.5, 13.5 ],
    "to": [ 10.5, 9, 14 ],
    "faces": {
        "down":  { "uv": [ 5.5, 7.5, 6, 7 ], "texture": "#texture" },
        "up":    { "uv": [ 5.5, 7, 6, 7.5 ], "texture": "#texture" },
        "north": { "uv": [ 5.5, 7, 6, 7.5 ], "texture": "#texture" },
        "south": { "uv": [ 5.5, 7.5, 6, 7 ], "texture": "#texture" },
        "west":  { "uv": [ 5.5, 7, 6, 7.5 ], "texture": "#texture" },
        "east":  { "uv": [ 6, 7, 5.5, 7.5 ], "texture": "#texture" }
    }
},
{
    "from": [ 3, 8, 12.5 ],
    "to": [ 13, 9.5, 13 ],
    "faces": {
        "down":  { "uv": [ 5, 7, 5.5, 6.5 ], "texture": "#texture" },
        "up":    { "uv": [ 5, 6.5, 5.5, 7 ], "texture": "#texture" },
        "north": { "uv": [ 5, 6.5, 5.5, 7 ], "texture": "#texture" },
        "south": { "uv": [ 5, 7, 5.5, 6.5 ], "texture": "#texture" },
        "west":  { "uv": [ 5, 6.5, 5.5, 7 ], "texture": "#texture" },
        "east":  { "uv": [ 5.5, 6.5, 5, 7 ], "texture": "#texture" }
    }
},
{
    "from": [ 3, 8, 12.5 ],
    "to": [ 5.5, 8.5, 13.5 ],
    "faces": {
        "down":  { "uv": [ 3.5, 8, 4, 7.5 ], "texture": "#texture" },
        "up":    { "uv": [ 3.5, 7.5, 4, 8 ], "texture": "#texture" },
        "north": { "uv": [ 3.5, 7.5, 4, 8 ], "texture": "#texture" },
        "south": { "uv": [ 3.5, 8, 4, 7.5 ], "texture": "#texture" },
        "west":  { "uv": [ 3.5, 7.5, 4, 8 ], "texture": "#texture" },
        "east":  { "uv": [ 4, 7.5, 3.5, 8 ], "texture": "#texture" }
    }
},
{
    "from": [ 10.5, 8, 12.5 ],
    "to": [ 13, 8.5, 13.5 ],
    "faces": {
        "down":  { "uv": [ 3.5, 8, 4, 7.5 ], "texture": "#texture" },
        "up":    { "uv": [ 3.5, 7.5, 4, 8 ], "texture": "#texture" },
        "north": { "uv": [ 3.5, 7.5, 4, 8 ], "texture": "#texture" },
        "south": { "uv": [ 3.5, 8, 4, 7.5 ], "texture": "#texture" },
        "west":  { "uv": [ 3.5, 7.5, 4, 8 ], "texture": "#texture" },
        "east":  { "uv": [ 4, 7.5, 3.5, 8 ], "texture": "#texture" }
    }
},
{
    "from": [ 12, 8, 13.5 ],
    "to": [ 13, 8.5, 14 ],
    "faces": {
        "down":  { "uv": [ 3.5, 8, 4, 7.5 ], "texture": "#texture" },
        "up":    { "uv": [ 3.5, 7.5, 4, 8 ], "texture": "#texture" },
        "north": { "uv": [ 3.5, 7.5, 4, 8 ], "texture": "#texture" },
        "south": { "uv": [ 3.5, 8, 4, 7.5 ], "texture": "#texture" },
        "west":  { "uv": [ 3.5, 7.5, 4, 8 ], "texture": "#texture" },
        "east":  { "uv": [ 4, 7.5, 3.5, 8 ], "texture": "#texture" }
    }
},
{
    "from": [ 3, 8, 13.5 ],
    "to": [ 4, 8.5, 14 ],
    "faces": {
        "down":  { "uv": [ 3.5, 8, 4, 7.5 ], "texture": "#texture" },
        "up":    { "uv": [ 3.5, 7.5, 4, 8 ], "texture": "#texture" },
        "north": { "uv": [ 3.5, 7.5, 4, 8 ], "texture": "#texture" },
        "south": { "uv": [ 3.5, 8, 4, 7.5 ], "texture": "#texture" },
        "west":  { "uv": [ 3.5, 7.5, 4, 8 ], "texture": "#texture" },
        "east":  { "uv": [ 4, 7.5, 3.5, 8 ], "texture": "#texture" }
    }
},
{
    "from": [ 5.5, 8, 13 ],
    "to": [ 10.5, 8.5, 14 ],
    "faces": {
        "down":  { "uv": [ 5.5, 7.5, 10.5, 8 ], "texture": "#texture" },
        "up":    { "uv": [ 5.5, 7.5, 10.5, 8 ], "texture": "#texture" },
        "north": { "uv": [ 5.5, 7.5, 10.5, 8 ], "texture": "#texture" },
        "south": { "uv": [ 5.5, 7.5, 10.5, 8 ], "texture": "#texture" },
        "west":  { "uv": [ 5.5, 7.5, 6.5, 8 ], "texture": "#texture" },
        "east":  { "uv": [ 5.5, 7.5, 6.5, 8 ], "texture": "#texture" }
    }
},
{
    "from": [ 5, 7.5, 13 ],
    "to": [ 11, 8, 14 ],
    "faces": {
        "down":  { "uv": [ 5, 8, 11, 8.5 ], "texture": "#texture" },
        "up":    { "uv": [ 5, 8, 11, 8.5 ], "texture": "#texture" },
        "north": { "uv": [ 5, 8, 11, 8.5 ], "texture": "#texture" },
        "south": { "uv": [ 5, 8, 11, 8.5 ], "texture": "#texture" },
        "west":  { "uv": [ 5, 8, 5.5, 8.5 ], "texture": "#texture" },
        "east":  { "uv": [ 5, 8, 5.5, 8.5 ], "texture": "#texture" }
    }
},
{
    "from": [ 7, 7, 13 ],
    "to": [ 7.5, 7.5, 14 ],
    "faces": {
        "down":  { "uv": [ 7, 8.5, 7.5, 7.5 ], "texture": "#texture" },
        "up":    { "uv": [ 7, 7.5, 7.5, 8.5 ], "texture": "#texture" },
        "north": { "uv": [ 7, 7.5, 7.5, 8 ], "texture": "#texture" },
        "south": { "uv": [ 7, 8.5, 7.5, 8 ], "texture": "#texture" },
        "west":  { "uv": [ 7, 7.5, 7.5, 8 ], "texture": "#texture" },
        "east":  { "uv": [ 7.5, 7.5, 7, 8 ], "texture": "#texture" }
    }
},
{
    "from": [ 8, 7, 13 ],
    "to": [ 9, 7.5, 14 ],
    "faces": {
        "down":  { "uv": [ 7, 8.5, 7.5, 7.5 ], "texture": "#texture" },
        "up":    { "uv": [ 7, 7.5, 7.5, 8.5 ], "texture": "#texture" },
        "north": { "uv": [ 7, 7.5, 7.5, 8 ], "texture": "#texture" },
        "south": { "uv": [ 7, 8.5, 7.5, 8 ], "texture": "#texture" },
        "west":  { "uv": [ 7, 7.5, 7.5, 8 ], "texture": "#texture" },
        "east":  { "uv": [ 7.5, 7.5, 7, 8 ], "texture": "#texture" }
    }
},
{
    "from": [ 5, 7, 13 ],
    "to": [ 6, 7.5, 14 ],
    "faces": {
        "down":  { "uv": [ 7, 8.5, 7.5, 7.5 ], "texture": "#texture" },
        "up":    { "uv": [ 7, 7.5, 7.5, 8.5 ], "texture": "#texture" },
        "north": { "uv": [ 7, 7.5, 7.5, 8 ], "texture": "#texture" },
        "south": { "uv": [ 7, 8.5, 7.5, 8 ], "texture": "#texture" },
        "west":  { "uv": [ 7, 7.5, 7.5, 8 ], "texture": "#texture" },
        "east":  { "uv": [ 7.5, 7.5, 7, 8 ], "texture": "#texture" }
    }
},
{
    "from": [ 10, 7, 13 ],
    "to": [ 11, 7.5, 14 ],
    "faces": {
        "down":  { "uv": [ 7, 8.5, 7.5, 7.5 ], "texture": "#texture" },
        "up":    { "uv": [ 7, 7.5, 7.5, 8.5 ], "texture": "#texture" },
        "north": { "uv": [ 7, 7.5, 7.5, 8 ], "texture": "#texture" },
        "south": { "uv": [ 7, 8.5, 7.5, 8 ], "texture": "#texture" },
        "west":  { "uv": [ 7, 7.5, 7.5, 8 ], "texture": "#texture" },
        "east":  { "uv": [ 7.5, 7.5, 7, 8 ], "texture": "#texture" }
    }
},
{
    "from": [ 5, 6.5, 13 ],
    "to": [ 7.5, 7, 14 ],
    "faces": {
        "down":  { "uv": [ 5, 9.5, 7.5, 9 ], "texture": "#texture" },
        "up":    { "uv": [ 5, 9, 7.5, 9.5 ], "texture": "#texture" },
        "north": { "uv": [ 5, 9, 7.5, 9.5 ], "texture": "#texture" },
        "south": { "uv": [ 5, 9.5, 7.5, 9 ], "texture": "#texture" },
        "west":  { "uv": [ 5, 9, 5.5, 9.5 ], "texture": "#texture" },
        "east":  { "uv": [ 7.5, 9, 7, 9.5 ], "texture": "#texture" }
    }
},
{
    "from": [ 4.5, 6, 13 ],
    "to": [ 7, 6.5, 14 ],
    "faces": {
        "down":  { "uv": [ 4.5, 10, 7, 9.5 ], "texture": "#texture" },
        "up":    { "uv": [ 4.5, 9.5, 7, 10 ], "texture": "#texture" },
        "north": { "uv": [ 4.5, 9.5, 7, 10 ], "texture": "#texture" },
        "south": { "uv": [ 4.5, 10, 7, 9.5 ], "texture": "#texture" },
        "west":  { "uv": [ 4.5, 9.5, 5, 10 ], "texture": "#texture" },
        "east":  { "uv": [ 7, 9.5, 6.5, 10 ], "texture": "#texture" }
    }
},
{
    "from": [ 9, 6.5, 13 ],
    "to": [ 11, 7, 14 ],
    "faces": {
        "down":  { "uv": [ 5, 9.5, 6.5, 9 ], "texture": "#texture" },
        "up":    { "uv": [ 5, 9, 6.5, 9.5 ], "texture": "#texture" },
        "north": { "uv": [ 5, 9, 6.5, 9.5 ], "texture": "#texture" },
        "south": { "uv": [ 5, 9.5, 6.5, 9 ], "texture": "#texture" },
        "west":  { "uv": [ 5, 9, 5.5, 9.5 ], "texture": "#texture" },
        "east":  { "uv": [ 6.5, 9, 6, 9.5 ], "texture": "#texture" }
    }
},
{
    "from": [ 9, 6, 13 ],
    "to": [ 11.5, 6.5, 14 ],
    "faces": {
        "down":  { "uv": [ 9, 10, 11.5, 9.5 ], "texture": "#texture" },
        "up":    { "uv": [ 9, 9.5, 11.5, 10 ], "texture": "#texture" },
        "north": { "uv": [ 9, 9.5, 11.5, 10 ], "texture": "#texture" },
        "south": { "uv": [ 9, 10, 11.5, 9.5 ], "texture": "#texture" },
        "west":  { "uv": [ 9, 9.5, 9.5, 10 ], "texture": "#texture" },
        "east":  { "uv": [ 11.5, 9.5, 11, 10 ], "texture": "#texture" }
    }
},
{
    "from": [ 4, 5.5, 13 ],
    "to": [ 7, 6, 14 ],
    "faces": {
        "down":  { "uv": [ 4, 10.5, 7, 10 ], "texture": "#texture" },
        "up":    { "uv": [ 4, 10, 7, 10.5 ], "texture": "#texture" },
        "north": { "uv": [ 4, 10, 7, 10.5 ], "texture": "#texture" },
        "south": { "uv": [ 4, 10.5, 7, 10 ], "texture": "#texture" },
        "west":  { "uv": [ 4, 10, 4.5, 10.5 ], "texture": "#texture" },
        "east":  { "uv": [ 7, 10, 6.5, 10.5 ], "texture": "#texture" }
    }
},
{
    "from": [ 10, 5.5, 13 ],
    "to": [ 11.5, 6, 14 ],
    "faces": {
        "down":  { "uv": [ 10, 10.5, 11.5, 10 ], "texture": "#texture" },
        "up":    { "uv": [ 10, 10, 11.5, 10.5 ], "texture": "#texture" },
        "north": { "uv": [ 10, 10, 11.5, 10.5 ], "texture": "#texture" },
        "south": { "uv": [ 10, 10.5, 11.5, 10 ], "texture": "#texture" },
        "west":  { "uv": [ 10, 10, 10.5, 10.5 ], "texture": "#texture" },
        "east":  { "uv": [ 11.5, 10, 11, 10.5 ], "texture": "#texture" }
    }
},
{
    "from": [ 5, 6, 14 ],
    "to": [ 6.5, 6.5, 14.5 ],
    "faces": {
        "down":  { "uv": [ 5, 10, 6.5, 9.5 ], "texture": "#texture" },
        "up":    { "uv": [ 5, 9.5, 6.5, 10 ], "texture": "#texture" },
        "north": { "uv": [ 5, 9.5, 6.5, 10 ], "texture": "#texture" },
        "south": { "uv": [ 5, 10, 6.5, 9.5 ], "texture": "#texture" },
        "west":  { "uv": [ 5, 9.5, 5.5, 10 ], "texture": "#texture" },
        "east":  { "uv": [ 6.5, 9.5, 6, 10 ], "texture": "#texture" }
    }
},
{
    "from": [ 5.5, 6.5, 14 ],
    "to": [ 7, 7, 14.5 ],
    "faces": {
        "down":  { "uv": [ 5, 10, 6.5, 9.5 ], "texture": "#texture" },
        "up":    { "uv": [ 5, 9.5, 6.5, 10 ], "texture": "#texture" },
        "north": { "uv": [ 5, 9.5, 6.5, 10 ], "texture": "#texture" },
        "south": { "uv": [ 5, 10, 6.5, 9.5 ], "texture": "#texture" },
        "west":  { "uv": [ 5, 9.5, 5.5, 10 ], "texture": "#texture" },
        "east":  { "uv": [ 6.5, 9.5, 6, 10 ], "texture": "#texture" }
    }
},
{
    "from": [ 9.5, 6.5, 14 ],
    "to": [ 11, 7, 14.5 ],
    "faces": {
        "down":  { "uv": [ 5, 10, 6.5, 9.5 ], "texture": "#texture" },
        "up":    { "uv": [ 5, 9.5, 6.5, 10 ], "texture": "#texture" },
        "north": { "uv": [ 5, 9.5, 6.5, 10 ], "texture": "#texture" },
        "south": { "uv": [ 5, 10, 6.5, 9.5 ], "texture": "#texture" },
        "west":  { "uv": [ 5, 9.5, 5.5, 10 ], "texture": "#texture" },
        "east":  { "uv": [ 6.5, 9.5, 6, 10 ], "texture": "#texture" }
    }
},
{
    "from": [ 10, 6, 14 ],
    "to": [ 11, 6.5, 14.5 ],
    "faces": {
        "down":  { "uv": [ 5, 10, 6.5, 9.5 ], "texture": "#texture" },
        "up":    { "uv": [ 5, 9.5, 6.5, 10 ], "texture": "#texture" },
        "north": { "uv": [ 5, 9.5, 6.5, 10 ], "texture": "#texture" },
        "south": { "uv": [ 5, 10, 6.5, 9.5 ], "texture": "#texture" },
        "west":  { "uv": [ 5, 9.5, 5.5, 10 ], "texture": "#texture" },
        "east":  { "uv": [ 6.5, 9.5, 6, 10 ], "texture": "#texture" }
    }
},
{
    "from": [ 4.5, 6, 13 ],
    "to": [ 8.5, 7.5, 13.5 ],
    "faces": {
        "down":  { "uv": [ 4.5, 9.5, 8.5, 10 ], "texture": "#texture" },
        "up":    { "uv": [ 4.5, 8.5, 8.5, 9 ], "texture": "#texture" },
        "north": { "uv": [ 4.5, 8.5, 8.5, 10 ], "texture": "#texture" },
        "south": { "uv": [ 4.5, 8.5, 8.5, 10 ], "texture": "#texture" },
        "west":  { "uv": [ 4.5, 8.5, 5, 10 ], "texture": "#texture" },
        "east":  { "uv": [ 8, 8.5, 8.5, 10 ], "texture": "#texture" }
    }
},
{
    "from": [ 9, 6, 13 ],
    "to": [ 11.5, 7.5, 13.5 ],
    "faces": {
        "down":  { "uv": [ 9, 9.5, 11.5, 10 ], "texture": "#texture" },
        "up":    { "uv": [ 9, 8.5, 11.5, 9 ], "texture": "#texture" },
        "north": { "uv": [ 9, 8.5, 11.5, 10 ], "texture": "#texture" },
        "south": { "uv": [ 9, 8.5, 11.5, 10 ], "texture": "#texture" },
        "west":  { "uv": [ 9, 8.5, 9.5, 10 ], "texture": "#texture" },
        "east":  { "uv": [ 11, 8.5, 11.5, 10 ], "texture": "#texture" }
    }
},
{
    "from": [ 7, 5.5, 12.5 ],
    "to": [ 10, 7, 13 ],
    "faces": {
        "down":  { "uv": [ 7, 10, 10, 10.5 ], "texture": "#texture" },
        "up":    { "uv": [ 7, 9, 10, 9.5 ], "texture": "#texture" },
        "north": { "uv": [ 7, 9, 10, 10.5 ], "texture": "#texture" },
        "south": { "uv": [ 7, 9, 10, 10.5 ], "texture": "#texture" },
        "west":  { "uv": [ 7, 9, 7.5, 10.5 ], "texture": "#texture" },
        "east":  { "uv": [ 9.5, 9, 10, 10.5 ], "texture": "#texture" }
    }
},
{
    "from": [ 3.5, 5.5, 12 ],
    "to": [ 5, 8, 13 ],
    "faces": {
        "down":  { "uv": [ 3.5, 12, 5, 13 ], "texture": "#texture" },
        "up":    { "uv": [ 3.5, 12, 5, 13 ], "texture": "#texture" },
        "north": { "uv": [ 3.5, 8, 5, 10.5 ], "texture": "#texture" },
        "south": { "uv": [ 3.5, 8, 5, 10.5 ], "texture": "#texture" },
        "west":  { "uv": [ 12, 8, 13, 10.5 ], "texture": "#texture" },
        "east":  { "uv": [ 12, 8, 13, 10.5 ], "texture": "#texture" }
    }
},
{
    "from": [ 11, 5.5, 12 ],
    "to": [ 12.5, 8, 13 ],
    "faces": {
        "down":  { "uv": [ 11, 12, 12.5, 13 ], "texture": "#texture" },
        "up":    { "uv": [ 11, 12, 12.5, 13 ], "texture": "#texture" },
        "north": { "uv": [ 11, 8, 12.5, 10.5 ], "texture": "#texture" },
        "south": { "uv": [ 11, 8, 12.5, 10.5 ], "texture": "#texture" },
        "west":  { "uv": [ 12, 8, 13, 10.5 ], "texture": "#texture" },
        "east":  { "uv": [ 12, 8, 13, 10.5 ], "texture": "#texture" }
    }
},
{
    "from": [ 4, 3, 13 ],
    "to": [ 6, 5.5, 14 ],
    "faces": {
        "down":  { "uv": [ 4, 12.5, 6, 13 ], "texture": "#texture" },
        "up":    { "uv": [ 4, 10.5, 6, 11 ], "texture": "#texture" },
        "north": { "uv": [ 4, 10.5, 6, 13 ], "texture": "#texture" },
        "south": { "uv": [ 4, 10.5, 6, 13 ], "texture": "#texture" },
        "west":  { "uv": [ 4, 10.5, 4.5, 13 ], "texture": "#texture" },
        "east":  { "uv": [ 5.5, 10.5, 6, 13 ], "texture": "#texture" }
    }
},
{
    "from": [ 4, 3.5, 13 ],
    "to": [ 5, 5.5, 14.5 ],
    "faces": {
        "down":  { "uv": [ 4, 12, 5, 12.5 ], "texture": "#texture" },
        "up":    { "uv": [ 4, 10.5, 5, 11 ], "texture": "#texture" },
        "north": { "uv": [ 4, 10.5, 5, 12.5 ], "texture": "#texture" },
        "south": { "uv": [ 4, 10.5, 5, 12.5 ], "texture": "#texture" },
        "west":  { "uv": [ 4, 10.5, 4.5, 12.5 ], "texture": "#texture" },
        "east":  { "uv": [ 4.5, 10.5, 5, 12.5 ], "texture": "#texture" }
    }
},
{
    "from": [ 3.5, 4, 13 ],
    "to": [ 5.5, 5, 14.5 ],
    "faces": {
        "down":  { "uv": [ 3.5, 11.5, 5.5, 12 ], "texture": "#texture" },
        "up":    { "uv": [ 3.5, 11, 5.5, 11.5 ], "texture": "#texture" },
        "north": { "uv": [ 3.5, 11, 5.5, 12 ], "texture": "#texture" },
        "south": { "uv": [ 3.5, 11, 5.5, 12 ], "texture": "#texture" },
        "west":  { "uv": [ 3.5, 11, 4, 12 ], "texture": "#texture" },
        "east":  { "uv": [ 5, 11, 5.5, 12 ], "texture": "#texture" }
    }
},
{
    "from": [ 4, 4, 14 ],
    "to": [ 5, 5, 14.5 ],
    "faces": {
        "down":  { "uv": [ 4, 11.5, 5, 12 ], "texture": "#texture" },
        "up":    { "uv": [ 4, 11, 5, 11.5 ], "texture": "#texture" },
        "north": { "uv": [ 4, 11, 5, 12 ], "texture": "#texture" },
        "south": { "uv": [ 4, 11, 5, 12 ], "texture": "#texture" },
        "west":  { "uv": [ 4, 11, 4.5, 12 ], "texture": "#texture" },
        "east":  { "uv": [ 4.5, 11, 5, 12 ], "texture": "#texture" }
    }
},
{
    "from": [ 10.5, 4, 13 ],
    "to": [ 12.5, 5, 14.5 ],
    "faces": {
        "down":  { "uv": [ 3.5, 11.5, 5.5, 12 ], "texture": "#texture" },
        "up":    { "uv": [ 3.5, 11, 5.5, 11.5 ], "texture": "#texture" },
        "north": { "uv": [ 3.5, 11, 5.5, 12 ], "texture": "#texture" },
        "south": { "uv": [ 3.5, 11, 5.5, 12 ], "texture": "#texture" },
        "west":  { "uv": [ 3.5, 11, 4, 12 ], "texture": "#texture" },
        "east":  { "uv": [ 5, 11, 5.5, 12 ], "texture": "#texture" }
    }
},
{
    "from": [ 11, 3.5, 13 ],
    "to": [ 12, 5.5, 14.5 ],
    "faces": {
        "down":  { "uv": [ 4, 12, 5, 12.5 ], "texture": "#texture" },
        "up":    { "uv": [ 4, 10.5, 5, 11 ], "texture": "#texture" },
        "north": { "uv": [ 4, 10.5, 5, 12.5 ], "texture": "#texture" },
        "south": { "uv": [ 4, 10.5, 5, 12.5 ], "texture": "#texture" },
        "west":  { "uv": [ 4, 10.5, 4.5, 12.5 ], "texture": "#texture" },
        "east":  { "uv": [ 4.5, 10.5, 5, 12.5 ], "texture": "#texture" }
    }
},
{
    "from": [ 11, 4, 14 ],
    "to": [ 12, 5, 14.5 ],
    "faces": {
        "down":  { "uv": [ 4, 11.5, 5, 12 ], "texture": "#texture" },
        "up":    { "uv": [ 4, 11, 5, 11.5 ], "texture": "#texture" },
        "north": { "uv": [ 4, 11, 5, 12 ], "texture": "#texture" },
        "south": { "uv": [ 4, 11, 5, 12 ], "texture": "#texture" },
        "west":  { "uv": [ 4, 11, 4.5, 12 ], "texture": "#texture" },
        "east":  { "uv": [ 4.5, 11, 5, 12 ], "texture": "#texture" }
    }
},
{
    "from": [ 7.5, 5, 12.5 ],
    "to": [ 8.5, 5.5, 13.5 ],
    "faces": {
        "down":  { "uv": [ 7.5, 11, 8.5, 10.5 ], "texture": "#texture" },
        "up":    { "uv": [ 7.5, 10.5, 8.5, 11 ], "texture": "#texture" },
        "north": { "uv": [ 7.5, 10.5, 8.5, 11 ], "texture": "#texture" },
        "south": { "uv": [ 7.5, 11, 8.5, 10.5 ], "texture": "#texture" },
        "west":  { "uv": [ 7.5, 10.5, 8, 11 ], "texture": "#texture" },
        "east":  { "uv": [ 8.5, 10.5, 8, 11 ], "texture": "#texture" }
    }
},
{
    "from": [ 6, 4, 12.5 ],
    "to": [ 10, 5.5, 13 ],
    "faces": {
        "down":  { "uv": [ 6, 12.5, 10, 13 ], "texture": "#texture" },
        "up":    { "uv": [ 6, 12.5, 10, 13 ], "texture": "#texture" },
        "north": { "uv": [ 6, 10.5, 10, 12 ], "texture": "#texture" },
        "south": { "uv": [ 6, 10.5, 10, 12 ], "texture": "#texture" },
        "west":  { "uv": [ 12.5, 10.5, 13, 12 ], "texture": "#texture" },
        "east":  { "uv": [ 12.5, 10.5, 13, 12 ], "texture": "#texture" }
    }
},
{
    "from": [ 4, 1, 12.5 ],
    "to": [ 12, 5, 13.5 ],
    "faces": {
        "down":  { "uv": [ 4, 14.5, 12, 15 ], "texture": "#texture" },
        "up":    { "uv": [ 4, 11, 12, 11.5 ], "texture": "#texture" },
        "north": { "uv": [ 4, 11, 12, 15 ], "texture": "#texture" },
        "south": { "uv": [ 4, 11, 12, 15 ], "texture": "#texture" },
        "west":  { "uv": [ 4, 11, 4.5, 15 ], "texture": "#texture" },
        "east":  { "uv": [ 11.5, 11, 12, 15 ], "texture": "#texture" }
    }
},
{
    "from": [ 6, 5, 12.5 ],
    "to": [ 6.5, 5.5, 13.5 ],
    "faces": {
        "down":  { "uv": [ 7.5, 11, 8.5, 10.5 ], "texture": "#texture" },
        "up":    { "uv": [ 7.5, 10.5, 8.5, 11 ], "texture": "#texture" },
        "north": { "uv": [ 7.5, 10.5, 8.5, 11 ], "texture": "#texture" },
        "south": { "uv": [ 7.5, 11, 8.5, 10.5 ], "texture": "#texture" },
        "west":  { "uv": [ 7.5, 10.5, 8, 11 ], "texture": "#texture" },
        "east":  { "uv": [ 8.5, 10.5, 8, 11 ], "texture": "#texture" }
    }
},
{
    "from": [ 9.5, 5, 12.5 ],
    "to": [ 10, 5.5, 13.5 ],
    "faces": {
        "down":  { "uv": [ 7.5, 11, 8.5, 10.5 ], "texture": "#texture" },
        "up":    { "uv": [ 7.5, 10.5, 8.5, 11 ], "texture": "#texture" },
        "north": { "uv": [ 7.5, 10.5, 8.5, 11 ], "texture": "#texture" },
        "south": { "uv": [ 7.5, 11, 8.5, 10.5 ], "texture": "#texture" },
        "west":  { "uv": [ 7.5, 10.5, 8, 11 ], "texture": "#texture" },
        "east":  { "uv": [ 8.5, 10.5, 8, 11 ], "texture": "#texture" }
    }
},
{
    "from": [ 10, 3, 13 ],
    "to": [ 12, 5.5, 14 ],
    "faces": {
        "down":  { "uv": [ 10, 12.5, 12, 13 ], "texture": "#texture" },
        "up":    { "uv": [ 10, 10.5, 12, 11 ], "texture": "#texture" },
        "north": { "uv": [ 10, 10.5, 12, 13 ], "texture": "#texture" },
        "south": { "uv": [ 10, 10.5, 12, 13 ], "texture": "#texture" },
        "west":  { "uv": [ 10, 10.5, 10.5, 13 ], "texture": "#texture" },
        "east":  { "uv": [ 11.5, 10.5, 12, 13 ], "texture": "#texture" }
    }
},
{
    "from": [ 7, 3, 13.5 ],
    "to": [ 9, 4.5, 14.5 ],
    "faces": {
        "down":  { "uv": [ 7, 12.5, 9, 13 ], "texture": "#texture" },
        "up":    { "uv": [ 7, 11.5, 9, 12 ], "texture": "#texture" },
        "north": { "uv": [ 7, 11.5, 9, 13 ], "texture": "#texture" },
        "south": { "uv": [ 7, 11.5, 9, 13 ], "texture": "#texture" },
        "west":  { "uv": [ 7, 11.5, 7.5, 13 ], "texture": "#texture" },
        "east":  { "uv": [ 8.5, 11.5, 9, 13 ], "texture": "#texture" }
    }
},
{
    "from": [ 9.5, 3.5, 13 ],
    "to": [ 10, 4, 14 ],
    "faces": {
        "down":  { "uv": [ 9.5, 12.5, 10, 12 ], "texture": "#texture" },
        "up":    { "uv": [ 9.5, 12, 10, 12.5 ], "texture": "#texture" },
        "north": { "uv": [ 9.5, 12, 10, 12.5 ], "texture": "#texture" },
        "south": { "uv": [ 9.5, 12.5, 10, 12 ], "texture": "#texture" },
        "west":  { "uv": [ 9.5, 12, 10, 12.5 ], "texture": "#texture" },
        "east":  { "uv": [ 10, 12, 9.5, 12.5 ], "texture": "#texture" }
    }
},
{
    "from": [ 6, 3.5, 13 ],
    "to": [ 6.5, 4, 14 ],
    "faces": {
        "down":  { "uv": [ 9.5, 12.5, 10, 12 ], "texture": "#texture" },
        "up":    { "uv": [ 9.5, 12, 10, 12.5 ], "texture": "#texture" },
        "north": { "uv": [ 9.5, 12, 10, 12.5 ], "texture": "#texture" },
        "south": { "uv": [ 9.5, 12.5, 10, 12 ], "texture": "#texture" },
        "west":  { "uv": [ 9.5, 12, 10, 12.5 ], "texture": "#texture" },
        "east":  { "uv": [ 10, 12, 9.5, 12.5 ], "texture": "#texture" }
    }
},
{
    "from": [ 7.5, 4.5, 13 ],
    "to": [ 8.5, 5, 14 ],
    "faces": {
        "down":  { "uv": [ 7.5, 11.5, 8.5, 11 ], "texture": "#texture" },
        "up":    { "uv": [ 7.5, 11, 8.5, 11.5 ], "texture": "#texture" },
        "north": { "uv": [ 7.5, 11, 8.5, 11.5 ], "texture": "#texture" },
        "south": { "uv": [ 7.5, 11.5, 8.5, 11 ], "texture": "#texture" },
        "west":  { "uv": [ 7.5, 11, 8, 11.5 ], "texture": "#texture" },
        "east":  { "uv": [ 8.5, 11, 8, 11.5 ], "texture": "#texture" }
    }
},
{
    "from": [ 6, 0, 13.5 ],
    "to": [ 10, 3, 15 ],
    "faces": {
        "down":  { "uv": [ 6, 15.5, 10, 16 ], "texture": "#texture" },
        "up":    { "uv": [ 6, 13, 10, 13.5 ], "texture": "#texture" },
        "north": { "uv": [ 6, 13, 10, 16 ], "texture": "#texture" },
        "south": { "uv": [ 6, 13, 10, 16 ], "texture": "#texture" },
        "west":  { "uv": [ 5, 13, 6.5, 16 ], "texture": "#texture" },
        "east":  { "uv": [ 9.5, 13, 11, 16 ], "texture": "#texture" }
    }
},
{
    "from": [ 5, 0.5, 13 ],
    "to": [ 11, 3.5, 14.5 ],
    "faces": {
        "down":  { "uv": [ 5, 15, 11, 15.5 ], "texture": "#texture" },
        "up":    { "uv": [ 5, 12.5, 11, 13 ], "texture": "#texture" },
        "north": { "uv": [ 5, 12.5, 11, 15.5 ], "texture": "#texture" },
        "south": { "uv": [ 5, 12.5, 11, 15.5 ], "texture": "#texture" },
        "west":  { "uv": [ 9.5, 12.5, 11, 15.5 ], "texture": "#texture" },
        "east":  { "uv": [ 5, 12.5, 6.5, 15.5 ], "texture": "#texture" }
    }
},
{
    "from": [ 7, 3, 13.5 ],
    "to": [ 9, 3.5, 15 ],
    "faces": {
        "down":  { "uv": [ 7, 13, 9, 12.5 ], "texture": "#texture" },
        "up":    { "uv": [ 7, 12.5, 9, 13 ], "texture": "#texture" },
        "north": { "uv": [ 7, 12.5, 9, 13 ], "texture": "#texture" },
        "south": { "uv": [ 7, 13, 9, 12.5 ], "texture": "#texture" },
        "west":  { "uv": [ 7, 12.5, 7.5, 13 ], "texture": "#texture" },
        "east":  { "uv": [ 9, 12.5, 8.5, 13 ], "texture": "#texture" }
    }
},
{
    "from": [ 5.5, 0.5, 13.5 ],
    "to": [ 10.5, 2.5, 15 ],
    "faces": {
        "down":  { "uv": [ 5.5, 15, 10.5, 15.5 ], "texture": "#texture" },
        "up":    { "uv": [ 5.5, 13.5, 10.5, 14 ], "texture": "#texture" },
        "north": { "uv": [ 5.5, 13.5, 10.5, 15.5 ], "texture": "#texture" },
        "south": { "uv": [ 5.5, 13.5, 10.5, 15.5 ], "texture": "#texture" },
        "west":  { "uv": [ 4.5, 13.5, 6, 15.5 ], "texture": "#texture" },
        "east":  { "uv": [ 10, 13.5, 11.5, 15.5 ], "texture": "#texture" }
    }
},
{
    "from": [ 3.5, 5, 13 ],
    "to": [ 5, 6.5, 13.5 ],
    "faces": {
        "down":  { "uv": [ 3.5, 10.5, 5, 11 ], "texture": "#texture" },
        "up":    { "uv": [ 3.5, 9.5, 5, 10 ], "texture": "#texture" },
        "north": { "uv": [ 3.5, 9.5, 5, 11 ], "texture": "#texture" },
        "south": { "uv": [ 3.5, 9.5, 5, 11 ], "texture": "#texture" },
        "west":  { "uv": [ 3.5, 9.5, 4, 11 ], "texture": "#texture" },
        "east":  { "uv": [ 4.5, 9.5, 5, 11 ], "texture": "#texture" }
    }
},
{
    "from": [ 11, 5, 13 ],
    "to": [ 12.5, 6.5, 13.5 ],
    "faces": {
        "down":  { "uv": [ 11, 10.5, 12.5, 11 ], "texture": "#texture" },
        "up":    { "uv": [ 11, 9.5, 12.5, 10 ], "texture": "#texture" },
        "north": { "uv": [ 11, 9.5, 12.5, 11 ], "texture": "#texture" },
        "south": { "uv": [ 11, 9.5, 12.5, 11 ], "texture": "#texture" },
        "west":  { "uv": [ 11, 9.5, 11.5, 11 ], "texture": "#texture" },
        "east":  { "uv": [ 12, 9.5, 12.5, 11 ], "texture": "#texture" }
    }
},
{
    "from": [ 4.5, 1.5, 13 ],
    "to": [ 11.5, 3, 14 ],
    "faces": {
        "down":  { "uv": [ 4.5, 14, 11.5, 14.5 ], "texture": "#texture" },
        "up":    { "uv": [ 4.5, 13, 11.5, 13.5 ], "texture": "#texture" },
        "north": { "uv": [ 4.5, 13, 11.5, 14.5 ], "texture": "#texture" },
        "south": { "uv": [ 4.5, 13, 11.5, 14.5 ], "texture": "#texture" },
        "west":  { "uv": [ 4, 13, 5, 14.5 ], "texture": "#texture" },
        "east":  { "uv": [ 11, 13, 12, 14.5 ], "texture": "#texture" }
    }
},
{
    "from": [ 6.5, 0.5, 15 ],
    "to": [ 9.5, 1, 15.5 ],
    "faces": {
        "down":  { "uv": [ 6.5, 15.5, 9.5, 15 ], "texture": "#texture" },
        "up":    { "uv": [ 6.5, 15, 9.5, 15.5 ], "texture": "#texture" },
        "north": { "uv": [ 6.5, 15, 9.5, 15.5 ], "texture": "#texture" },
        "south": { "uv": [ 6.5, 15.5, 9.5, 15 ], "texture": "#texture" },
        "west":  { "uv": [ 6.5, 15, 7, 15.5 ], "texture": "#texture" },
        "east":  { "uv": [ 9.5, 15, 9, 15.5 ], "texture": "#texture" }
    }
},
{
    "from": [ 7, 1, 15 ],
    "to": [ 9, 1.5, 15.5 ],
    "faces": {
        "down":  { "uv": [ 7, 15, 9, 14.5 ], "texture": "#texture" },
        "up":    { "uv": [ 7, 14.5, 9, 15 ], "texture": "#texture" },
        "north": { "uv": [ 7, 14.5, 9, 15 ], "texture": "#texture" },
        "south": { "uv": [ 7, 15, 9, 14.5 ], "texture": "#texture" },
        "west":  { "uv": [ 7, 14.5, 7.5, 15 ], "texture": "#texture" },
        "east":  { "uv": [ 9, 14.5, 8.5, 15 ], "texture": "#texture" }
    }
},
{
    "from": [ 7, 0, 15 ],
    "to": [ 9, 0.5, 15.5 ],
    "faces": {
        "down":  { "uv": [ 7, 16, 9, 15.5 ], "texture": "#texture" },
        "up":    { "uv": [ 7, 15.5, 9, 16 ], "texture": "#texture" },
        "north": { "uv": [ 7, 15.5, 9, 16 ], "texture": "#texture" },
        "south": { "uv": [ 7, 16, 9, 15.5 ], "texture": "#texture" },
        "west":  { "uv": [ 7, 15.5, 7.5, 16 ], "texture": "#texture" },
        "east":  { "uv": [ 9, 15.5, 8.5, 16 ], "texture": "#texture" }
    }
},
{
    "from": [ 7, -0.5, 13.5 ],
    "to": [ 9, 0, 15 ],
    "faces": {
        "down":  { "uv": [ 7, 16, 9, 15.5 ], "texture": "#texture" },
        "up":    { "uv": [ 7, 15.5, 9, 16 ], "texture": "#texture" },
        "north": { "uv": [ 7, 15.5, 9, 16 ], "texture": "#texture" },
        "south": { "uv": [ 7, 16, 9, 15.5 ], "texture": "#texture" },
        "west":  { "uv": [ 7, 15.5, 7.5, 16 ], "texture": "#texture" },
        "east":  { "uv": [ 9, 15.5, 8.5, 16 ], "texture": "#texture" }
    }
},
{
    "from": [ 6.5, -0.5, 13.5 ],
    "to": [ 9.5, 0, 14.5 ],
    "faces": {
        "down":  { "uv": [ 7, 16, 9, 15.5 ], "texture": "#texture" },
        "up":    { "uv": [ 7, 15.5, 9, 16 ], "texture": "#texture" },
        "north": { "uv": [ 7, 15.5, 9, 16 ], "texture": "#texture" },
        "south": { "uv": [ 7, 16, 9, 15.5 ], "texture": "#texture" },
        "west":  { "uv": [ 7, 15.5, 7.5, 16 ], "texture": "#texture" },
        "east":  { "uv": [ 9, 15.5, 8.5, 16 ], "texture": "#texture" }
    }
},
{
    "from": [ 3.5, 1.5, 11.5 ],
    "to": [ 4, 7, 13 ],
    "faces": {
        "down":  { "uv": [ 3, 14, 3.5, 14.5 ], "texture": "#texture" },
        "up":    { "uv": [ 3, 9, 3.5, 9.5 ], "texture": "#texture" },
        "north": { "uv": [ 3, 9, 3.5, 14.5 ], "texture": "#texture" },
        "south": { "uv": [ 3, 9, 3.5, 14.5 ], "texture": "#texture" },
        "west":  { "uv": [ 3, 9, 3.5, 14.5 ], "texture": "#texture" },
        "east":  { "uv": [ 3, 9, 3.5, 14.5 ], "texture": "#texture" }
    }
},
{
    "from": [ 3, 2, 11 ],
    "to": [ 3.5, 7.5, 12.5 ],
    "faces": {
        "down":  { "uv": [ 3, 14, 3.5, 14.5 ], "texture": "#texture" },
        "up":    { "uv": [ 3, 9, 3.5, 9.5 ], "texture": "#texture" },
        "north": { "uv": [ 3, 9, 3.5, 14.5 ], "texture": "#texture" },
        "south": { "uv": [ 3, 9, 3.5, 14.5 ], "texture": "#texture" },
        "west":  { "uv": [ 3, 9, 3.5, 14.5 ], "texture": "#texture" },
        "east":  { "uv": [ 3, 9, 3.5, 14.5 ], "texture": "#texture" }
    }
},
{
    "from": [ 12, 1, 11.5 ],
    "to": [ 12.5, 6.5, 13 ],
    "faces": {
        "down":  { "uv": [ 3, 14, 3.5, 14.5 ], "texture": "#texture" },
        "up":    { "uv": [ 3, 9, 3.5, 9.5 ], "texture": "#texture" },
        "north": { "uv": [ 3, 9, 3.5, 14.5 ], "texture": "#texture" },
        "south": { "uv": [ 3, 9, 3.5, 14.5 ], "texture": "#texture" },
        "west":  { "uv": [ 3, 9, 3.5, 14.5 ], "texture": "#texture" },
        "east":  { "uv": [ 3, 9, 3.5, 14.5 ], "texture": "#texture" }
    }
},
{
    "from": [ 12.5, 1.5, 11 ],
    "to": [ 13, 7, 12.5 ],
    "faces": {
        "down":  { "uv": [ 3, 14, 3.5, 14.5 ], "texture": "#texture" },
        "up":    { "uv": [ 3, 9, 3.5, 9.5 ], "texture": "#texture" },
        "north": { "uv": [ 3, 9, 3.5, 14.5 ], "texture": "#texture" },
        "south": { "uv": [ 3, 9, 3.5, 14.5 ], "texture": "#texture" },
        "west":  { "uv": [ 3, 9, 3.5, 14.5 ], "texture": "#texture" },
        "east":  { "uv": [ 3, 9, 3.5, 14.5 ], "texture": "#texture" }
    }
},
{
    "from": [ 12.5, 4.5, 12.5 ],
    "to": [ 13, 6.5, 13 ],
    "faces": {
        "down":  { "uv": [ 12.5, 11.5, 13, 12 ], "texture": "#texture" },
        "up":    { "uv": [ 12.5, 10, 13, 10.5 ], "texture": "#texture" },
        "north": { "uv": [ 12.5, 10, 13, 12 ], "texture": "#texture" },
        "south": { "uv": [ 12.5, 10, 13, 12 ], "texture": "#texture" },
        "west":  { "uv": [ 12.5, 10, 13, 12 ], "texture": "#texture" },
        "east":  { "uv": [ 12.5, 10, 13, 12 ], "texture": "#texture" }
    }
},
{
    "from": [ 3, 5, 12.5 ],
    "to": [ 3.5, 7, 13 ],
    "faces": {
        "down":  { "uv": [ 12.5, 11.5, 13, 12 ], "texture": "#texture" },
        "up":    { "uv": [ 12.5, 10, 13, 10.5 ], "texture": "#texture" },
        "north": { "uv": [ 12.5, 10, 13, 12 ], "texture": "#texture" },
        "south": { "uv": [ 12.5, 10, 13, 12 ], "texture": "#texture" },
        "west":  { "uv": [ 12.5, 10, 13, 12 ], "texture": "#texture" },
        "east":  { "uv": [ 12.5, 10, 13, 12 ], "texture": "#texture" }
    }
},
{
    "from": [ 2, 6.5, 11 ],
    "to": [ 3, 7.5, 12 ],
    "faces": {
        "down":  { "uv": [ 3, 9.5, 3.5, 9 ], "texture": "#texture" },
        "up":    { "uv": [ 3, 9, 3.5, 9.5 ], "texture": "#texture" },
        "north": { "uv": [ 3, 9, 3.5, 9.5 ], "texture": "#texture" },
        "south": { "uv": [ 3, 9.5, 3.5, 9 ], "texture": "#texture" },
        "west":  { "uv": [ 3, 9, 3.5, 9.5 ], "texture": "#texture" },
        "east":  { "uv": [ 3.5, 9, 3, 9.5 ], "texture": "#texture" }
    }
},
{
    "from": [ 2, 7, 12 ],
    "to": [ 3, 7.5, 12.5 ],
    "faces": {
        "down":  { "uv": [ 3, 9.5, 3.5, 9 ], "texture": "#texture" },
        "up":    { "uv": [ 3, 9, 3.5, 9.5 ], "texture": "#texture" },
        "north": { "uv": [ 3, 9, 3.5, 9.5 ], "texture": "#texture" },
        "south": { "uv": [ 3, 9.5, 3.5, 9 ], "texture": "#texture" },
        "west":  { "uv": [ 3, 9, 3.5, 9.5 ], "texture": "#texture" },
        "east":  { "uv": [ 3.5, 9, 3, 9.5 ], "texture": "#texture" }
    }
},
{
    "from": [ 2.5, 5.5, 11 ],
    "to": [ 3, 7, 12 ],
    "faces": {
        "down":  { "uv": [ 3, 9.5, 3.5, 9 ], "texture": "#texture" },
        "up":    { "uv": [ 3, 9, 3.5, 9.5 ], "texture": "#texture" },
        "north": { "uv": [ 3, 9, 3.5, 9.5 ], "texture": "#texture" },
        "south": { "uv": [ 3, 9.5, 3.5, 9 ], "texture": "#texture" },
        "west":  { "uv": [ 3, 9, 3.5, 9.5 ], "texture": "#texture" },
        "east":  { "uv": [ 3.5, 9, 3, 9.5 ], "texture": "#texture" }
    }
},
{
    "from": [ 2.5, 6, 11.5 ],
    "to": [ 3, 7.5, 12.5 ],
    "faces": {
        "down":  { "uv": [ 3, 9.5, 3.5, 9 ], "texture": "#texture" },
        "up":    { "uv": [ 3, 9, 3.5, 9.5 ], "texture": "#texture" },
        "north": { "uv": [ 3, 9, 3.5, 9.5 ], "texture": "#texture" },
        "south": { "uv": [ 3, 9.5, 3.5, 9 ], "texture": "#texture" },
        "west":  { "uv": [ 3, 9, 3.5, 9.5 ], "texture": "#texture" },
        "east":  { "uv": [ 3.5, 9, 3, 9.5 ], "texture": "#texture" }
    }
},
{
    "from": [ 13, 5.5, 11 ],
    "to": [ 13.5, 7, 12 ],
    "faces": {
        "down":  { "uv": [ 3, 9.5, 3.5, 9 ], "texture": "#texture" },
        "up":    { "uv": [ 3, 9, 3.5, 9.5 ], "texture": "#texture" },
        "north": { "uv": [ 3, 9, 3.5, 9.5 ], "texture": "#texture" },
        "south": { "uv": [ 3, 9.5, 3.5, 9 ], "texture": "#texture" },
        "west":  { "uv": [ 3, 9, 3.5, 9.5 ], "texture": "#texture" },
        "east":  { "uv": [ 3.5, 9, 3, 9.5 ], "texture": "#texture" }
    }
},
{
    "from": [ 13, 6, 11.5 ],
    "to": [ 13.5, 7.5, 12.5 ],
    "faces": {
        "down":  { "uv": [ 3, 9.5, 3.5, 9 ], "texture": "#texture" },
        "up":    { "uv": [ 3, 9, 3.5, 9.5 ], "texture": "#texture" },
        "north": { "uv": [ 3, 9, 3.5, 9.5 ], "texture": "#texture" },
        "south": { "uv": [ 3, 9.5, 3.5, 9 ], "texture": "#texture" },
        "west":  { "uv": [ 3, 9, 3.5, 9.5 ], "texture": "#texture" },
        "east":  { "uv": [ 3.5, 9, 3, 9.5 ], "texture": "#texture" }
    }
},
{
    "from": [ 13, 6.5, 11 ],
    "to": [ 14, 7.5, 12 ],
    "faces": {
        "down":  { "uv": [ 3, 9.5, 3.5, 9 ], "texture": "#texture" },
        "up":    { "uv": [ 3, 9, 3.5, 9.5 ], "texture": "#texture" },
        "north": { "uv": [ 3, 9, 3.5, 9.5 ], "texture": "#texture" },
        "south": { "uv": [ 3, 9.5, 3.5, 9 ], "texture": "#texture" },
        "west":  { "uv": [ 3, 9, 3.5, 9.5 ], "texture": "#texture" },
        "east":  { "uv": [ 3.5, 9, 3, 9.5 ], "texture": "#texture" }
    }
},
{
    "from": [ 13, 7, 12 ],
    "to": [ 14, 7.5, 12.5 ],
    "faces": {
        "down":  { "uv": [ 3, 9.5, 3.5, 9 ], "texture": "#texture" },
        "up":    { "uv": [ 3, 9, 3.5, 9.5 ], "texture": "#texture" },
        "north": { "uv": [ 3, 9, 3.5, 9.5 ], "texture": "#texture" },
        "south": { "uv": [ 3, 9.5, 3.5, 9 ], "texture": "#texture" },
        "west":  { "uv": [ 3, 9, 3.5, 9.5 ], "texture": "#texture" },
        "east":  { "uv": [ 3.5, 9, 3, 9.5 ], "texture": "#texture" }
    }
},
{
    "from": [ 2.5, 7.5, 12.5 ],
    "to": [ 4, 8, 13.5 ],
    "faces": {
        "down":  { "uv": [ 3.5, 8, 4, 7.5 ], "texture": "#texture" },
        "up":    { "uv": [ 3.5, 7.5, 4, 8 ], "texture": "#texture" },
        "north": { "uv": [ 3.5, 7.5, 4, 8 ], "texture": "#texture" },
        "south": { "uv": [ 3.5, 8, 4, 7.5 ], "texture": "#texture" },
        "west":  { "uv": [ 3.5, 7.5, 4, 8 ], "texture": "#texture" },
        "east":  { "uv": [ 4, 7.5, 3.5, 8 ], "texture": "#texture" }
    }
},
{
    "from": [ 12, 7.5, 12.5 ],
    "to": [ 13.5, 8, 13.5 ],
    "faces": {
        "down":  { "uv": [ 3.5, 8, 4, 7.5 ], "texture": "#texture" },
        "up":    { "uv": [ 3.5, 7.5, 4, 8 ], "texture": "#texture" },
        "north": { "uv": [ 3.5, 7.5, 4, 8 ], "texture": "#texture" },
        "south": { "uv": [ 3.5, 8, 4, 7.5 ], "texture": "#texture" },
        "west":  { "uv": [ 3.5, 7.5, 4, 8 ], "texture": "#texture" },
        "east":  { "uv": [ 4, 7.5, 3.5, 8 ], "texture": "#texture" }
    }
},
{
    "from": [ 12.5, 7, 12 ],
    "to": [ 13, 7.5, 13 ],
    "faces": {
        "down":  { "uv": [ 11, 8.5, 11.5, 8 ], "texture": "#texture" },
        "up":    { "uv": [ 11, 8, 11.5, 8.5 ], "texture": "#texture" },
        "north": { "uv": [ 11, 8, 11.5, 8.5 ], "texture": "#texture" },
        "south": { "uv": [ 11, 8.5, 11.5, 8 ], "texture": "#texture" },
        "west":  { "uv": [ 11, 8, 11.5, 8.5 ], "texture": "#texture" },
        "east":  { "uv": [ 11.5, 8, 11, 8.5 ], "texture": "#texture" }
    }
},
{
    "from": [ 3.5, 3, 13 ],
    "to": [ 4, 4, 13.5 ],
    "faces": {
        "down":  { "uv": [ 3.5, 12.5, 4, 13 ], "texture": "#texture" },
        "up":    { "uv": [ 3.5, 12, 4, 12.5 ], "texture": "#texture" },
        "north": { "uv": [ 3.5, 12, 4, 13 ], "texture": "#texture" },
        "south": { "uv": [ 3.5, 12, 4, 13 ], "texture": "#texture" },
        "west":  { "uv": [ 3.5, 12, 4, 13 ], "texture": "#texture" },
        "east":  { "uv": [ 3.5, 12, 4, 13 ], "texture": "#texture" }
    }
},
{
    "from": [ 12, 3, 13 ],
    "to": [ 12.5, 4, 13.5 ],
    "faces": {
        "down":  { "uv": [ 3.5, 12.5, 4, 13 ], "texture": "#texture" },
        "up":    { "uv": [ 3.5, 12, 4, 12.5 ], "texture": "#texture" },
        "north": { "uv": [ 3.5, 12, 4, 13 ], "texture": "#texture" },
        "south": { "uv": [ 3.5, 12, 4, 13 ], "texture": "#texture" },
        "west":  { "uv": [ 3.5, 12, 4, 13 ], "texture": "#texture" },
        "east":  { "uv": [ 3.5, 12, 4, 13 ], "texture": "#texture" }
    }
},
{
    "from": [ 3.5, 2.5, 10.5 ],
    "to": [ 12.5, 10, 11 ],
    "faces": {
        "down":  { "uv": [ 14.5, 14.5, 15, 15 ], "texture": "#texture" },
        "up":    { "uv": [ 14.5, 7.5, 15, 8 ], "texture": "#texture" },
        "north": { "uv": [ 14.5, 7.5, 15, 15 ], "texture": "#texture" },
        "south": { "uv": [ 14.5, 7.5, 15, 15 ], "texture": "#texture" },
        "west":  { "uv": [ 14.5, 7.5, 15, 15 ], "texture": "#texture" },
        "east":  { "uv": [ 14.5, 7.5, 15, 15 ], "texture": "#texture" }
    }
},
{
    "from": [ 3, 4.5, 10.5 ],
    "to": [ 13, 9.5, 11 ],
    "faces": {
        "down":  { "uv": [ 14.5, 12, 15, 12.5 ], "rotation": 180, "texture": "#texture" },
        "up":    { "uv": [ 14.5, 8.5, 15, 9 ], "rotation": 180, "texture": "#texture" },
        "north": { "uv": [ 14.5, 8, 15, 13 ], "texture": "#texture" },
        "south": { "uv": [ 14.5, 8, 15, 13 ], "texture": "#texture" },
        "west":  { "uv": [ 14.5, 8, 15, 13 ], "texture": "#texture" },
        "east":  { "uv": [ 14.5, 8, 15, 13 ], "texture": "#texture" }
    }
},
{
    "from": [ 3.5, 1.5, 11 ],
    "to": [ 12.5, 2.5, 12 ],
    "faces": {
        "down":  { "uv": [ 14.5, 11, 15, 10.5 ], "texture": "#texture" },
        "up":    { "uv": [ 14.5, 10.5, 15, 11 ], "texture": "#texture" },
        "north": { "uv": [ 14.5, 11, 15, 10.5 ], "texture": "#texture" },
        "south": { "uv": [ 14.5, 10.5, 15, 11 ], "texture": "#texture" },
        "west":  { "uv": [ 15, 10.5, 14.5, 11 ], "texture": "#texture" },
        "east":  { "uv": [ 14.5, 10.5, 15, 11 ], "texture": "#texture" }
    }
},
{
    "from": [ 4, 1, 11.5 ],
    "to": [ 12, 1.5, 12.5 ],
    "faces": {
        "down":  { "uv": [ 14.5, 11, 15, 10.5 ], "texture": "#texture" },
        "up":    { "uv": [ 14.5, 10.5, 15, 11 ], "texture": "#texture" },
        "north": { "uv": [ 14.5, 11, 15, 10.5 ], "texture": "#texture" },
        "south": { "uv": [ 14.5, 10.5, 15, 11 ], "texture": "#texture" },
        "west":  { "uv": [ 15, 10.5, 14.5, 11 ], "texture": "#texture" },
        "east":  { "uv": [ 14.5, 10.5, 15, 11 ], "texture": "#texture" }
    }
},
{
    "from": [ 5, 0.5, 12 ],
    "to": [ 11, 1, 13 ],
    "faces": {
        "down":  { "uv": [ 14.5, 11, 15, 10.5 ], "texture": "#texture" },
        "up":    { "uv": [ 14.5, 10.5, 15, 11 ], "texture": "#texture" },
        "north": { "uv": [ 14.5, 11, 15, 10.5 ], "texture": "#texture" },
        "south": { "uv": [ 14.5, 10.5, 15, 11 ], "texture": "#texture" },
        "west":  { "uv": [ 15, 10.5, 14.5, 11 ], "texture": "#texture" },
        "east":  { "uv": [ 14.5, 10.5, 15, 11 ], "texture": "#texture" }
    }
},
{
    "from": [ 3, 7, 4 ],
    "to": [ 3.5, 8.5, 10 ],
    "faces": {
        "down":  { "uv": [ 12.5, 1, 13, 1.5 ], "texture": "#texture" },
        "up":    { "uv": [ 12.5, 0, 13, 0.5 ], "texture": "#texture" },
        "north": { "uv": [ 12, 0, 12.5, 1.5 ], "texture": "#texture" },
        "south": { "uv": [ 12, 0, 12.5, 1.5 ], "texture": "#texture" },
        "west":  { "uv": [ 12, 0, 12.5, 1.5 ], "texture": "#texture" },
        "east":  { "uv": [ 12, 0, 12.5, 1.5 ], "texture": "#texture" }
    }
},
{
    "from": [ 12.5, 7, 4 ],
    "to": [ 13, 8.5, 10 ],
    "faces": {
        "down":  { "uv": [ 12.5, 1, 13, 1.5 ], "texture": "#texture" },
        "up":    { "uv": [ 12.5, 0, 13, 0.5 ], "texture": "#texture" },
        "north": { "uv": [ 12, 0, 12.5, 1.5 ], "texture": "#texture" },
        "south": { "uv": [ 12, 0, 12.5, 1.5 ], "texture": "#texture" },
        "west":  { "uv": [ 12, 0, 12.5, 1.5 ], "texture": "#texture" },
        "east":  { "uv": [ 12, 0, 12.5, 1.5 ], "texture": "#texture" }
    }
},
{
    "from": [ 2.5, 7, 10 ],
    "to": [ 3.5, 8.5, 11 ],
    "faces": {
        "down":  { "uv": [ 15.5, 0.5, 16, 0 ], "texture": "#texture" },
        "up":    { "uv": [ 15.5, 0, 16, 0.5 ], "texture": "#texture" },
        "north": { "uv": [ 15.5, 0, 16, 0.5 ], "texture": "#texture" },
        "south": { "uv": [ 15.5, 0.5, 16, 0 ], "texture": "#texture" },
        "west":  { "uv": [ 15.5, 0, 16, 0.5 ], "texture": "#texture" },
        "east":  { "uv": [ 16, 0, 15.5, 0.5 ], "texture": "#texture" }
    }
},
{
    "from": [ 12.5, 7, 10 ],
    "to": [ 13.5, 8.5, 11 ],
    "faces": {
        "down":  { "uv": [ 15.5, 0.5, 16, 0 ], "texture": "#texture" },
        "up":    { "uv": [ 15.5, 0, 16, 0.5 ], "texture": "#texture" },
        "north": { "uv": [ 15.5, 0, 16, 0.5 ], "texture": "#texture" },
        "south": { "uv": [ 15.5, 0.5, 16, 0 ], "texture": "#texture" },
        "west":  { "uv": [ 15.5, 0, 16, 0.5 ], "texture": "#texture" },
        "east":  { "uv": [ 16, 0, 15.5, 0.5 ], "texture": "#texture" }
    }
},
{
    "from": [ 3, 3, 10 ],
    "to": [ 4, 4.5, 11 ],
    "faces": {
        "down":  { "uv": [ 15.5, 0.5, 16, 0 ], "texture": "#texture" },
        "up":    { "uv": [ 15.5, 0, 16, 0.5 ], "texture": "#texture" },
        "north": { "uv": [ 15.5, 0, 16, 0.5 ], "texture": "#texture" },
        "south": { "uv": [ 15.5, 0.5, 16, 0 ], "texture": "#texture" },
        "west":  { "uv": [ 15.5, 0, 16, 0.5 ], "texture": "#texture" },
        "east":  { "uv": [ 16, 0, 15.5, 0.5 ], "texture": "#texture" }
    }
},
{
    "from": [ 12, 3, 10 ],
    "to": [ 13, 4.5, 11 ],
    "faces": {
        "down":  { "uv": [ 15.5, 0.5, 16, 0 ], "texture": "#texture" },
        "up":    { "uv": [ 15.5, 0, 16, 0.5 ], "texture": "#texture" },
        "north": { "uv": [ 15.5, 0, 16, 0.5 ], "texture": "#texture" },
        "south": { "uv": [ 15.5, 0.5, 16, 0 ], "texture": "#texture" },
        "west":  { "uv": [ 15.5, 0, 16, 0.5 ], "texture": "#texture" },
        "east":  { "uv": [ 16, 0, 15.5, 0.5 ], "texture": "#texture" }
    }
},
{
    "from": [ 3, 3, 4 ],
    "to": [ 3.5, 4.5, 10 ],
    "faces": {
        "down":  { "uv": [ 12.5, 1, 13, 1.5 ], "texture": "#texture" },
        "up":    { "uv": [ 12.5, 0, 13, 0.5 ], "texture": "#texture" },
        "north": { "uv": [ 12, 0, 12.5, 1.5 ], "texture": "#texture" },
        "south": { "uv": [ 12, 0, 12.5, 1.5 ], "texture": "#texture" },
        "west":  { "uv": [ 12, 0, 12.5, 1.5 ], "texture": "#texture" },
        "east":  { "uv": [ 12, 0, 12.5, 1.5 ], "texture": "#texture" }
    }
},
{
    "from": [ 12.5, 3, 4 ],
    "to": [ 13, 4.5, 10 ],
    "faces": {
        "down":  { "uv": [ 12.5, 1, 13, 1.5 ], "texture": "#texture" },
        "up":    { "uv": [ 12.5, 0, 13, 0.5 ], "texture": "#texture" },
        "north": { "uv": [ 12, 0, 12.5, 1.5 ], "texture": "#texture" },
        "south": { "uv": [ 12, 0, 12.5, 1.5 ], "texture": "#texture" },
        "west":  { "uv": [ 12, 0, 12.5, 1.5 ], "texture": "#texture" },
        "east":  { "uv": [ 12, 0, 12.5, 1.5 ], "texture": "#texture" }
    }
},
{
    "from": [ 3.5, 7, 3.5 ],
    "to": [ 12.5, 8.5, 4 ],
    "faces": {
        "down":  { "uv": [ 11, 1, 11.5, 1.5 ], "texture": "#texture" },
        "up":    { "uv": [ 11, 0, 11.5, 0.5 ], "texture": "#texture" },
        "north": { "uv": [ 11, 0, 11.5, 1.5 ], "texture": "#texture" },
        "south": { "uv": [ 11, 0, 11.5, 1.5 ], "texture": "#texture" },
        "west":  { "uv": [ 11, 0, 11.5, 1.5 ], "texture": "#texture" },
        "east":  { "uv": [ 11, 0, 11.5, 1.5 ], "texture": "#texture" }
    }
},
{
    "from": [ 3.5, 3, 3.5 ],
    "to": [ 12.5, 4.5, 4 ],
    "faces": {
        "down":  { "uv": [ 11, 1, 11.5, 1.5 ], "texture": "#texture" },
        "up":    { "uv": [ 11, 0, 11.5, 0.5 ], "texture": "#texture" },
        "north": { "uv": [ 11, 0, 11.5, 1.5 ], "texture": "#texture" },
        "south": { "uv": [ 11, 0, 11.5, 1.5 ], "texture": "#texture" },
        "west":  { "uv": [ 11, 0, 11.5, 1.5 ], "texture": "#texture" },
        "east":  { "uv": [ 11, 0, 11.5, 1.5 ], "texture": "#texture" }
    }
},
{
    "from": [ 7, 7, 3 ],
    "to": [ 9, 8.5, 3.5 ],
    "faces": {
        "down":  { "uv": [ 10.5, 0.5, 11, 0 ], "texture": "#texture" },
        "up":    { "uv": [ 10.5, 0, 11, 0.5 ], "texture": "#texture" },
        "north": { "uv": [ 10.5, 0, 11, 0.5 ], "texture": "#texture" },
        "south": { "uv": [ 10.5, 0.5, 11, 0 ], "texture": "#texture" },
        "west":  { "uv": [ 10.5, 0, 11, 0.5 ], "texture": "#texture" },
        "east":  { "uv": [ 11, 0, 10.5, 0.5 ], "texture": "#texture" }
    }
},
{
    "from": [ 7, 3, 3 ],
    "to": [ 9, 4.5, 3.5 ],
    "faces": {
        "down":  { "uv": [ 10.5, 0.5, 11, 0 ], "texture": "#texture" },
        "up":    { "uv": [ 10.5, 0, 11, 0.5 ], "texture": "#texture" },
        "north": { "uv": [ 10.5, 0, 11, 0.5 ], "texture": "#texture" },
        "south": { "uv": [ 10.5, 0.5, 11, 0 ], "texture": "#texture" },
        "west":  { "uv": [ 10.5, 0, 11, 0.5 ], "texture": "#texture" },
        "east":  { "uv": [ 11, 0, 10.5, 0.5 ], "texture": "#texture" }
    }
},
{
    "from": [ 7, 4.5, 3.5 ],
    "to": [ 9, 5, 4 ],
    "faces": {
        "down":  { "uv": [ 10.5, 0.5, 11, 0 ], "texture": "#texture" },
        "up":    { "uv": [ 10.5, 0, 11, 0.5 ], "texture": "#texture" },
        "north": { "uv": [ 10.5, 0, 11, 0.5 ], "texture": "#texture" },
        "south": { "uv": [ 10.5, 0.5, 11, 0 ], "texture": "#texture" },
        "west":  { "uv": [ 10.5, 0, 11, 0.5 ], "texture": "#texture" },
        "east":  { "uv": [ 11, 0, 10.5, 0.5 ], "texture": "#texture" }
    }
},
{
    "from": [ 7, 2.5, 3.5 ],
    "to": [ 9, 3, 4 ],
    "faces": {
        "down":  { "uv": [ 10.5, 0.5, 11, 0 ], "texture": "#texture" },
        "up":    { "uv": [ 10.5, 0, 11, 0.5 ], "texture": "#texture" },
        "north": { "uv": [ 10.5, 0, 11, 0.5 ], "texture": "#texture" },
        "south": { "uv": [ 10.5, 0.5, 11, 0 ], "texture": "#texture" },
        "west":  { "uv": [ 10.5, 0, 11, 0.5 ], "texture": "#texture" },
        "east":  { "uv": [ 11, 0, 10.5, 0.5 ], "texture": "#texture" }
    }
},
{
    "from": [ 7, 6.5, 3.5 ],
    "to": [ 9, 7, 4 ],
    "faces": {
        "down":  { "uv": [ 10.5, 0.5, 11, 0 ], "texture": "#texture" },
        "up":    { "uv": [ 10.5, 0, 11, 0.5 ], "texture": "#texture" },
        "north": { "uv": [ 10.5, 0, 11, 0.5 ], "texture": "#texture" },
        "south": { "uv": [ 10.5, 0.5, 11, 0 ], "texture": "#texture" },
        "west":  { "uv": [ 10.5, 0, 11, 0.5 ], "texture": "#texture" },
        "east":  { "uv": [ 11, 0, 10.5, 0.5 ], "texture": "#texture" }
    }
},
{
    "from": [ 7, 8.5, 3.5 ],
    "to": [ 9, 9, 4 ],
    "faces": {
        "down":  { "uv": [ 10.5, 0.5, 11, 0 ], "texture": "#texture" },
        "up":    { "uv": [ 10.5, 0, 11, 0.5 ], "texture": "#texture" },
        "north": { "uv": [ 10.5, 0, 11, 0.5 ], "texture": "#texture" },
        "south": { "uv": [ 10.5, 0.5, 11, 0 ], "texture": "#texture" },
        "west":  { "uv": [ 10.5, 0, 11, 0.5 ], "texture": "#texture" },
        "east":  { "uv": [ 11, 0, 10.5, 0.5 ], "texture": "#texture" }
    }
}
],
"display": {
    "thirdperson": {
        "rotation": [ 40, -10, 0 ],
        "translation": [ 0, 0, 0 ],
        "scale": [ 1, 1, 1 ]
    },
    "head": {
        "rotation": [ 0, 180, 0 ],
        "translation": [ 0, 2.1, -0.4 ],
        "scale": [ 1.76, 1.8, 1.95 ]
    },
    "firstperson": {
        "rotation": [ -16, -43, -17 ],
        "translation": [ 2.6, 3.9, -4 ],
        "scale": [ 2.24, 2.2, 2.14 ]
    },
    "gui": {
        "rotation": [ -30, 135, 0 ],
        "translation": [ 0, 2.2, 0 ],
        "scale": [ 1.61, 1.61, 1 ]
    }
}
}