{
"__comment": "Designed by Theocomix with BDcraft Cubik PRO 0.95 Beta - http://bdcraft.net",
"textures": {
    "texture": "blocks/JackBlackFront",
    "JackTheLanternSidesandBack": "blocks/JackBlackSidesandBack",
    "JackTheLanternTop": "blocks/JackBlackTop",
    "JackFire": "blocks/JackBlackFire"
},
"elements": [ 
{
    "from": [ 0, 0, 0 ],
    "to": [ 16, 4, 16 ],
    "faces": {
        "down":  { "uv": [ 0, 0, 16, 0.5 ], "texture": "#texture" },
        "up":    { "uv": [ 0, 0, 16, 0.5 ], "texture": "#texture" },
        "north": { "uv": [ 0, 12, 16, 16 ], "texture": "#texture" },
        "south": { "uv": [ 0, 12, 16, 16 ], "texture": "#texture" },
        "west":  { "uv": [ 0, 12, 16, 16 ], "texture": "#texture" },
        "east":  { "uv": [ 0, 12, 16, 16 ], "texture": "#texture" }
    }
},
{
    "from": [ 0, 4, 0 ],
    "to": [ 16, 4.5, 16 ],
    "faces": {
        "down":  { "uv": [ 16, 16, 0, 15.5 ], "texture": "#texture" },
        "up":    { "uv": [ 0, 0, 16, 0.5 ], "texture": "#texture" },
        "north": { "uv": [ 0, 11.5, 16, 12 ], "texture": "#texture" },
        "south": { "uv": [ 0, 11.5, 16, 12 ], "texture": "#texture" },
        "west":  { "uv": [ 0, 11.5, 16, 12 ], "texture": "#texture" },
        "east":  { "uv": [ 0, 11.5, 16, 12 ], "texture": "#texture" }
    }
},
{
    "from": [ 0, 4.5, 15.5 ],
    "to": [ 0.5, 6.5, 16 ],
    "faces": {
        "down":  { "uv": [ 16, 16, 15.5, 15.5 ], "texture": "#texture" },
        "up":    { "uv": [ 0, 15.5, 0.5, 16 ], "texture": "#texture" },
        "north": { "uv": [ 15.5, 9.5, 16, 11.5 ], "texture": "#texture" },
        "south": { "uv": [ 0, 9.5, 0.5, 11.5 ], "texture": "#texture" },
        "west":  { "uv": [ 15.5, 9.5, 16, 11.5 ], "texture": "#texture" },
        "east":  { "uv": [ 0, 9.5, 0.5, 11.5 ], "texture": "#texture" }
    }
},
{
    "from": [ 0, 6, 15.5 ],
    "to": [ 0.5, 6.5, 16 ],
    "faces": {
        "down":  { "uv": [ 16, 16, 15.5, 15.5 ], "texture": "#texture" },
        "up":    { "uv": [ 0, 15.5, 0.5, 16 ], "texture": "#texture" },
        "north": { "uv": [ 15.5, 9.5, 16, 11.5 ], "texture": "#texture" },
        "south": { "uv": [ 0, 9.5, 0.5, 11.5 ], "texture": "#texture" },
        "west":  { "uv": [ 15.5, 9.5, 16, 11.5 ], "texture": "#texture" },
        "east":  { "uv": [ 0, 9.5, 0.5, 11.5 ], "texture": "#texture" }
    }
},
{
    "from": [ 15.5, 6, 15.5 ],
    "to": [ 16, 6.5, 16 ],
    "faces": {
        "down":  { "uv": [ 16, 16, 15.5, 15.5 ], "texture": "#texture" },
        "up":    { "uv": [ 0, 15.5, 0.5, 16 ], "texture": "#texture" },
        "north": { "uv": [ 15.5, 9.5, 16, 11.5 ], "texture": "#texture" },
        "south": { "uv": [ 0, 9.5, 0.5, 11.5 ], "texture": "#texture" },
        "west":  { "uv": [ 15.5, 9.5, 16, 11.5 ], "texture": "#texture" },
        "east":  { "uv": [ 0, 9.5, 0.5, 11.5 ], "texture": "#texture" }
    }
},
{
    "from": [ 15.5, 6, 0 ],
    "to": [ 16, 6.5, 0.5 ],
    "faces": {
        "down":  { "uv": [ 16, 16, 15.5, 15.5 ], "texture": "#texture" },
        "up":    { "uv": [ 0, 15.5, 0.5, 16 ], "texture": "#texture" },
        "north": { "uv": [ 15.5, 9.5, 16, 11.5 ], "texture": "#texture" },
        "south": { "uv": [ 0, 9.5, 0.5, 11.5 ], "texture": "#texture" },
        "west":  { "uv": [ 15.5, 9.5, 16, 11.5 ], "texture": "#texture" },
        "east":  { "uv": [ 0, 9.5, 0.5, 11.5 ], "texture": "#texture" }
    }
},
{
    "from": [ 0, 6, 0 ],
    "to": [ 0.5, 6.5, 0.5 ],
    "faces": {
        "down":  { "uv": [ 16, 16, 15.5, 15.5 ], "texture": "#texture" },
        "up":    { "uv": [ 0, 15.5, 0.5, 16 ], "texture": "#texture" },
        "north": { "uv": [ 15.5, 9.5, 16, 11.5 ], "texture": "#texture" },
        "south": { "uv": [ 0, 9.5, 0.5, 11.5 ], "texture": "#texture" },
        "west":  { "uv": [ 15.5, 9.5, 16, 11.5 ], "texture": "#texture" },
        "east":  { "uv": [ 0, 9.5, 0.5, 11.5 ], "texture": "#texture" }
    }
},
{
    "from": [ 0, 4.5, 15 ],
    "to": [ 1, 6, 16 ],
    "faces": {
        "down":  { "uv": [ 16, 16, 15.5, 15.5 ], "texture": "#texture" },
        "up":    { "uv": [ 0, 15, 0.5, 16 ], "texture": "#texture" },
        "north": { "uv": [ 15.5, 10, 16, 11.5 ], "texture": "#texture" },
        "south": { "uv": [ 0, 10, 1, 11.5 ], "texture": "#texture" },
        "west":  { "uv": [ 15, 10, 16, 11.5 ], "texture": "#texture" },
        "east":  { "uv": [ 0, 10, 0.5, 11.5 ], "texture": "#texture" }
    }
},
{
    "from": [ 0, 4.5, 0 ],
    "to": [ 1, 6, 1 ],
    "faces": {
        "down":  { "uv": [ 16, 16, 15.5, 15.5 ], "texture": "#texture" },
        "up":    { "uv": [ 0, 15, 0.5, 16 ], "texture": "#texture" },
        "north": { "uv": [ 15, 10, 16, 11.5 ], "texture": "#texture" },
        "south": { "uv": [ 0, 10, 0.5, 11.5 ], "texture": "#texture" },
        "west":  { "uv": [ 0, 10, 1, 11.5 ], "texture": "#texture" },
        "east":  { "uv": [ 0, 10, 0.5, 11.5 ], "texture": "#texture" }
    }
},
{
    "from": [ 15, 4.5, 0 ],
    "to": [ 16, 6, 1 ],
    "faces": {
        "down":  { "uv": [ 16, 16, 15.5, 15.5 ], "texture": "#texture" },
        "up":    { "uv": [ 0, 15, 0.5, 16 ], "texture": "#texture" },
        "north": { "uv": [ 0, 10, 1, 11.5 ], "texture": "#texture" },
        "south": { "uv": [ 0, 10, 0.5, 11.5 ], "texture": "#texture" },
        "west":  { "uv": [ 15.5, 10, 16, 11.5 ], "texture": "#texture" },
        "east":  { "uv": [ 15, 10, 16, 11.5 ], "texture": "#texture" }
    }
},
{
    "from": [ 15, 4.5, 15 ],
    "to": [ 16, 6, 16 ],
    "faces": {
        "down":  { "uv": [ 16, 16, 15.5, 15.5 ], "texture": "#texture" },
        "up":    { "uv": [ 0, 15, 0.5, 16 ], "texture": "#texture" },
        "north": { "uv": [ 15.5, 10, 16, 11.5 ], "texture": "#texture" },
        "south": { "uv": [ 15, 10, 16, 11.5 ], "texture": "#texture" },
        "west":  { "uv": [ 0, 10, 0.5, 11.5 ], "texture": "#texture" },
        "east":  { "uv": [ 0, 10, 1, 11.5 ], "texture": "#texture" }
    }
},
{
    "from": [ 1, 4.5, 15 ],
    "to": [ 1.5, 5.5, 16 ],
    "faces": {
        "down":  { "uv": [ 16, 16, 15.5, 15 ], "texture": "#texture" },
        "up":    { "uv": [ 0, 15, 0.5, 16 ], "texture": "#texture" },
        "north": { "uv": [ 15.5, 10.5, 16, 11.5 ], "texture": "#texture" },
        "south": { "uv": [ 1, 10.5, 1.5, 11.5 ], "texture": "#texture" },
        "west":  { "uv": [ 15, 10.5, 16, 11.5 ], "texture": "#texture" },
        "east":  { "uv": [ 0, 10.5, 0.5, 11.5 ], "texture": "#texture" }
    }
},
{
    "from": [ 0, 4.5, 14.5 ],
    "to": [ 1.5, 5.5, 15 ],
    "faces": {
        "down":  { "uv": [ 16, 15, 15.5, 13.5 ], "texture": "#texture" },
        "up":    { "uv": [ 0, 14.5, 0.5, 16 ], "texture": "#texture" },
        "north": { "uv": [ 15.5, 11, 16, 13.5 ], "texture": "#texture" },
        "south": { "uv": [ 0, 10.5, 1.5, 11.5 ], "texture": "#texture" },
        "west":  { "uv": [ 14.5, 10.5, 15, 11.5 ], "texture": "#texture" },
        "east":  { "uv": [ 0, 10.5, 0.5, 11.5 ], "texture": "#texture" }
    }
},
{
    "from": [ 14.5, 4.5, 15 ],
    "to": [ 15, 5.5, 16 ],
    "faces": {
        "down":  { "uv": [ 16, 16, 15.5, 15 ], "texture": "#texture" },
        "up":    { "uv": [ 0, 15, 0.5, 16 ], "texture": "#texture" },
        "north": { "uv": [ 15.5, 10.5, 16, 11.5 ], "texture": "#texture" },
        "south": { "uv": [ 14.5, 10.5, 15, 11.5 ], "texture": "#texture" },
        "west":  { "uv": [ 15.5, 10.5, 16, 11.5 ], "texture": "#texture" },
        "east":  { "uv": [ 0, 10.5, 0.5, 11.5 ], "texture": "#texture" }
    }
},
{
    "from": [ 14.5, 4.5, 14.5 ],
    "to": [ 16, 5.5, 15 ],
    "faces": {
        "down":  { "uv": [ 16, 15, 15.5, 13.5 ], "texture": "#texture" },
        "up":    { "uv": [ 0, 14.5, 0.5, 16 ], "texture": "#texture" },
        "north": { "uv": [ 0, 10.5, 0.5, 11.5 ], "texture": "#texture" },
        "south": { "uv": [ 0, 10.5, 0.5, 11.5 ], "texture": "#texture" },
        "west":  { "uv": [ 15.5, 10.5, 16, 11.5 ], "texture": "#texture" },
        "east":  { "uv": [ 1, 10.5, 1.5, 11.5 ], "texture": "#texture" }
    }
},
{
    "from": [ 14.5, 4.5, 1 ],
    "to": [ 16, 5.5, 1.5 ],
    "faces": {
        "down":  { "uv": [ 16, 15, 15.5, 13.5 ], "texture": "#texture" },
        "up":    { "uv": [ 0, 14.5, 0.5, 16 ], "texture": "#texture" },
        "north": { "uv": [ 15.5, 11, 16, 13.5 ], "texture": "#texture" },
        "south": { "uv": [ 0, 10.5, 0.5, 12 ], "texture": "#texture" },
        "west":  { "uv": [ 15.5, 10.5, 16, 11.5 ], "texture": "#texture" },
        "east":  { "uv": [ 14.5, 10.5, 15, 11.5 ], "texture": "#texture" }
    }
},
{
    "from": [ 0, 4.5, 1 ],
    "to": [ 1.5, 5.5, 1.5 ],
    "faces": {
        "down":  { "uv": [ 16, 15, 15.5, 13.5 ], "texture": "#texture" },
        "up":    { "uv": [ 0, 14.5, 0.5, 16 ], "texture": "#texture" },
        "north": { "uv": [ 15.5, 11, 16, 13.5 ], "texture": "#texture" },
        "south": { "uv": [ 0, 10.5, 0.5, 11.5 ], "texture": "#texture" },
        "west":  { "uv": [ 14.5, 10.5, 15, 11.5 ], "texture": "#texture" },
        "east":  { "uv": [ 0, 10.5, 0.5, 11.5 ], "texture": "#texture" }
    }
},
{
    "from": [ 1, 4.5, 0 ],
    "to": [ 1.5, 5.5, 1 ],
    "faces": {
        "down":  { "uv": [ 16, 16, 15.5, 15 ], "texture": "#texture" },
        "up":    { "uv": [ 0, 15, 0.5, 16 ], "texture": "#texture" },
        "north": { "uv": [ 14.5, 10.5, 15, 11.5 ], "texture": "#texture" },
        "south": { "uv": [ 1, 10.5, 1.5, 11.5 ], "texture": "#texture" },
        "west":  { "uv": [ 15, 10.5, 16, 11.5 ], "texture": "#texture" },
        "east":  { "uv": [ 0, 10.5, 0.5, 11.5 ], "texture": "#texture" }
    }
},
{
    "from": [ 14.5, 4.5, 0 ],
    "to": [ 15, 5.5, 1 ],
    "faces": {
        "down":  { "uv": [ 16, 16, 15.5, 15 ], "texture": "#texture" },
        "up":    { "uv": [ 0, 15, 0.5, 16 ], "texture": "#texture" },
        "north": { "uv": [ 1, 10.5, 1.5, 11.5 ], "texture": "#texture" },
        "south": { "uv": [ 1, 10.5, 1.5, 11.5 ], "texture": "#texture" },
        "west":  { "uv": [ 15.5, 10.5, 16, 11.5 ], "texture": "#texture" },
        "east":  { "uv": [ 0, 10.5, 0.5, 11.5 ], "texture": "#texture" }
    }
},
{
    "from": [ 0, 4.5, 14 ],
    "to": [ 2, 5, 14.5 ],
    "faces": {
        "down":  { "uv": [ 16, 16, 14, 15.5 ], "texture": "#texture" },
        "up":    { "uv": [ 0, 15.5, 2, 16 ], "texture": "#texture" },
        "north": { "uv": [ 14, 15.5, 16, 16 ], "texture": "#texture" },
        "south": { "uv": [ 0.5, 15.5, 2.5, 16 ], "texture": "#texture" },
        "west":  { "uv": [ 14, 11, 14.5, 11.5 ], "texture": "#texture" },
        "east":  { "uv": [ 1.5, 11, 2, 11.5 ], "texture": "#texture" }
    }
},
{
    "from": [ 1.5, 4.5, 14.5 ],
    "to": [ 2, 5, 16 ],
    "faces": {
        "down":  { "uv": [ 16, 15.5, 15.5, 14 ], "texture": "#texture" },
        "up":    { "uv": [ 0, 14.5, 0.5, 16 ], "texture": "#texture" },
        "north": { "uv": [ 14, 11, 14.5, 11.5 ], "texture": "#texture" },
        "south": { "uv": [ 1.5, 11, 2, 11.5 ], "texture": "#texture" },
        "west":  { "uv": [ 15.5, 11, 16, 13.5 ], "texture": "#texture" },
        "east":  { "uv": [ 0, 11, 0.5, 12.5 ], "texture": "#texture" }
    }
},
{
    "from": [ 0, 4.5, 1.5 ],
    "to": [ 2, 5, 2 ],
    "faces": {
        "down":  { "uv": [ 16, 16, 14, 15.5 ], "texture": "#texture" },
        "up":    { "uv": [ 0, 15.5, 2, 16 ], "texture": "#texture" },
        "north": { "uv": [ 14, 15.5, 16, 16 ], "texture": "#texture" },
        "south": { "uv": [ 0.5, 15.5, 2.5, 16 ], "texture": "#texture" },
        "west":  { "uv": [ 14, 11, 14.5, 11.5 ], "texture": "#texture" },
        "east":  { "uv": [ 1.5, 11, 2, 11.5 ], "texture": "#texture" }
    }
},
{
    "from": [ 14, 4.5, 1.5 ],
    "to": [ 16, 5, 2 ],
    "faces": {
        "down":  { "uv": [ 16, 16, 14, 15.5 ], "texture": "#texture" },
        "up":    { "uv": [ 0, 15.5, 2, 16 ], "texture": "#texture" },
        "north": { "uv": [ 14, 15.5, 16, 16 ], "texture": "#texture" },
        "south": { "uv": [ 0.5, 15.5, 2.5, 16 ], "texture": "#texture" },
        "west":  { "uv": [ 14, 11, 14.5, 11.5 ], "texture": "#texture" },
        "east":  { "uv": [ 1.5, 11, 2, 11.5 ], "texture": "#texture" }
    }
},
{
    "from": [ 14, 4.5, 14 ],
    "to": [ 16, 5, 14.5 ],
    "faces": {
        "down":  { "uv": [ 16, 16, 14, 15.5 ], "texture": "#texture" },
        "up":    { "uv": [ 0, 15.5, 2, 16 ], "texture": "#texture" },
        "north": { "uv": [ 14, 15.5, 16, 16 ], "texture": "#texture" },
        "south": { "uv": [ 0.5, 15.5, 2.5, 16 ], "texture": "#texture" },
        "west":  { "uv": [ 14, 11, 14.5, 11.5 ], "texture": "#texture" },
        "east":  { "uv": [ 1.5, 11, 2, 11.5 ], "texture": "#texture" }
    }
},
{
    "from": [ 14, 4.5, 14.5 ],
    "to": [ 14.5, 5, 16 ],
    "faces": {
        "down":  { "uv": [ 16, 15.5, 15.5, 14 ], "texture": "#texture" },
        "up":    { "uv": [ 0, 14.5, 0.5, 16 ], "texture": "#texture" },
        "north": { "uv": [ 14, 11, 14.5, 11.5 ], "texture": "#texture" },
        "south": { "uv": [ 1.5, 11, 2, 11.5 ], "texture": "#texture" },
        "west":  { "uv": [ 15.5, 11, 16, 13.5 ], "texture": "#texture" },
        "east":  { "uv": [ 0, 11, 0.5, 12.5 ], "texture": "#texture" }
    }
},
{
    "from": [ 14, 4.5, 0 ],
    "to": [ 14.5, 5, 1.5 ],
    "faces": {
        "down":  { "uv": [ 16, 15.5, 15.5, 14 ], "texture": "#texture" },
        "up":    { "uv": [ 0, 14.5, 0.5, 16 ], "texture": "#texture" },
        "north": { "uv": [ 14, 11, 14.5, 11.5 ], "texture": "#texture" },
        "south": { "uv": [ 1.5, 11, 2, 11.5 ], "texture": "#texture" },
        "west":  { "uv": [ 15.5, 11, 16, 13.5 ], "texture": "#texture" },
        "east":  { "uv": [ 0, 11, 0.5, 12.5 ], "texture": "#texture" }
    }
},
{
    "from": [ 1.5, 4.5, 0 ],
    "to": [ 2, 5, 1.5 ],
    "faces": {
        "down":  { "uv": [ 16, 15.5, 15.5, 14 ], "texture": "#texture" },
        "up":    { "uv": [ 0, 14.5, 0.5, 16 ], "texture": "#texture" },
        "north": { "uv": [ 14, 11, 14.5, 11.5 ], "texture": "#texture" },
        "south": { "uv": [ 1.5, 11, 2, 11.5 ], "texture": "#texture" },
        "west":  { "uv": [ 15.5, 11, 16, 13.5 ], "texture": "#texture" },
        "east":  { "uv": [ 0, 11, 0.5, 12.5 ], "texture": "#texture" }
    }
},
{
    "from": [ 2.5, 4.5, 14.5 ],
    "to": [ 5, 5, 16 ],
    "faces": {
        "down":  { "uv": [ 13.5, 16, 11, 15.5 ], "texture": "#texture" },
        "up":    { "uv": [ 2.5, 15.5, 5, 16 ], "texture": "#texture" },
        "north": { "uv": [ 10.5, 15.5, 13, 16 ], "texture": "#texture" },
        "south": { "uv": [ 2.5, 11, 5, 11.5 ], "texture": "#texture" },
        "west":  { "uv": [ 15.5, 11, 16, 12 ], "texture": "#texture" },
        "east":  { "uv": [ 0, 11, 0.5, 12.5 ], "texture": "#texture" }
    }
},
{
    "from": [ 5.5, 4.5, 14.5 ],
    "to": [ 10.5, 5, 16 ],
    "faces": {
        "down":  { "uv": [ 10.5, 16, 5.5, 15.5 ], "texture": "#texture" },
        "up":    { "uv": [ 5.5, 15.5, 10.5, 16 ], "texture": "#texture" },
        "north": { "uv": [ 5, 15.5, 10, 16 ], "texture": "#texture" },
        "south": { "uv": [ 5.5, 11, 10.5, 11.5 ], "texture": "#texture" },
        "west":  { "uv": [ 15.5, 11, 16, 11.5 ], "texture": "#texture" },
        "east":  { "uv": [ 0, 11, 0.5, 12 ], "texture": "#texture" }
    }
},
{
    "from": [ 11, 4.5, 14.5 ],
    "to": [ 13.5, 5, 16 ],
    "faces": {
        "down":  { "uv": [ 5, 16, 2.5, 16 ], "texture": "#texture" },
        "up":    { "uv": [ 11, 15.5, 13.5, 16 ], "texture": "#texture" },
        "north": { "uv": [ 0, 11.5, 0.5, 13 ], "texture": "#texture" },
        "south": { "uv": [ 11, 11, 13.5, 11.5 ], "texture": "#texture" },
        "west":  { "uv": [ 15.5, 11, 16, 12.5 ], "texture": "#texture" },
        "east":  { "uv": [ 0, 11, 0, 12 ], "texture": "#texture" }
    }
},
{
    "from": [ 2.5, 4.5, 0 ],
    "to": [ 5, 5, 1.5 ],
    "faces": {
        "down":  { "uv": [ 13.5, 16, 11, 15.5 ], "texture": "#texture" },
        "up":    { "uv": [ 2.5, 15.5, 5, 16 ], "texture": "#texture" },
        "north": { "uv": [ 11, 11, 13.5, 11.5 ], "texture": "#texture" },
        "south": { "uv": [ 11, 15.5, 13.5, 16 ], "texture": "#texture" },
        "west":  { "uv": [ 15.5, 11, 16, 12 ], "texture": "#texture" },
        "east":  { "uv": [ 0, 11, 0.5, 12.5 ], "texture": "#texture" }
    }
},
{
    "from": [ 11, 4.5, 0 ],
    "to": [ 13.5, 5, 1.5 ],
    "faces": {
        "down":  { "uv": [ 5, 16, 2.5, 16 ], "texture": "#texture" },
        "up":    { "uv": [ 11, 15.5, 13.5, 16 ], "texture": "#texture" },
        "north": { "uv": [ 2.5, 11, 5, 11.5 ], "texture": "#texture" },
        "south": { "uv": [ 10.5, 15.5, 13, 16 ], "texture": "#texture" },
        "west":  { "uv": [ 15.5, 11, 16, 12.5 ], "texture": "#texture" },
        "east":  { "uv": [ 0, 11, 0, 12 ], "texture": "#texture" }
    }
},
{
    "from": [ 5.5, 4.5, 0 ],
    "to": [ 10.5, 5, 1.5 ],
    "faces": {
        "down":  { "uv": [ 10.5, 16, 5.5, 15.5 ], "texture": "#texture" },
        "up":    { "uv": [ 5.5, 15.5, 10.5, 16 ], "texture": "#texture" },
        "north": { "uv": [ 5.5, 11, 10.5, 11.5 ], "texture": "#texture" },
        "south": { "uv": [ 5.5, 15.5, 10.5, 16 ], "texture": "#texture" },
        "west":  { "uv": [ 15.5, 11, 16, 11.5 ], "texture": "#texture" },
        "east":  { "uv": [ 0, 11, 0.5, 12 ], "texture": "#texture" }
    }
},
{
    "from": [ 0, 4.5, 2.5 ],
    "to": [ 1.5, 5, 5 ],
    "faces": {
        "down":  { "uv": [ 16, 5, 15.5, 2.5 ], "texture": "#texture" },
        "up":    { "uv": [ 0, 2.5, 0.5, 5 ], "texture": "#texture" },
        "north": { "uv": [ 15.5, 11, 16, 12.5 ], "texture": "#texture" },
        "south": { "uv": [ 0, 11, 0.5, 13 ], "texture": "#texture" },
        "west":  { "uv": [ 2.5, 11, 5, 11.5 ], "texture": "#texture" },
        "east":  { "uv": [ 11, 15.5, 13.5, 16 ], "texture": "#texture" }
    }
},
{
    "from": [ 0, 4.5, 5.5 ],
    "to": [ 1.5, 5, 10.5 ],
    "faces": {
        "down":  { "uv": [ 16, 8, 15.5, 2 ], "texture": "#texture" },
        "up":    { "uv": [ 0, 5.5, 0.5, 8.5 ], "texture": "#texture" },
        "north": { "uv": [ 15.5, 11.5, 16, 13 ], "texture": "#texture" },
        "south": { "uv": [ 0, 11, 0.5, 12.5 ], "texture": "#texture" },
        "west":  { "uv": [ 5.5, 11, 10.5, 11.5 ], "texture": "#texture" },
        "east":  { "uv": [ 5.5, 15.5, 10.5, 16 ], "texture": "#texture" }
    }
},
{
    "from": [ 0, 4.5, 11 ],
    "to": [ 1.5, 5, 13.5 ],
    "faces": {
        "down":  { "uv": [ 16, 13.5, 15.5, 11.5 ], "texture": "#texture" },
        "up":    { "uv": [ 0, 11, 0.5, 13.5 ], "texture": "#texture" },
        "north": { "uv": [ 15.5, 11, 16, 12.5 ], "texture": "#texture" },
        "south": { "uv": [ 0, 11, 0.5, 12.5 ], "texture": "#texture" },
        "west":  { "uv": [ 11, 11, 13.5, 11.5 ], "texture": "#texture" },
        "east":  { "uv": [ 2.5, 15.5, 5, 16 ], "texture": "#texture" }
    }
},
{
    "from": [ 14.5, 4.5, 2.5 ],
    "to": [ 16, 5, 5 ],
    "faces": {
        "down":  { "uv": [ 16, 5, 15.5, 2.5 ], "texture": "#texture" },
        "up":    { "uv": [ 0, 2.5, 0.5, 5 ], "texture": "#texture" },
        "north": { "uv": [ 15.5, 11, 16, 12.5 ], "texture": "#texture" },
        "south": { "uv": [ 0, 11, 0.5, 13 ], "texture": "#texture" },
        "west":  { "uv": [ 2, 15.5, 4.5, 16 ], "texture": "#texture" },
        "east":  { "uv": [ 11, 11, 13.5, 11.5 ], "texture": "#texture" }
    }
},
{
    "from": [ 14.5, 4.5, 5.5 ],
    "to": [ 16, 5, 10.5 ],
    "faces": {
        "down":  { "uv": [ 16, 8, 15.5, 2 ], "texture": "#texture" },
        "up":    { "uv": [ 0, 5.5, 0.5, 8.5 ], "texture": "#texture" },
        "north": { "uv": [ 15.5, 11.5, 16, 13 ], "texture": "#texture" },
        "south": { "uv": [ 0, 11, 0.5, 12.5 ], "texture": "#texture" },
        "west":  { "uv": [ 5.5, 15.5, 10.5, 16 ], "texture": "#texture" },
        "east":  { "uv": [ 5.5, 11, 10.5, 11.5 ], "texture": "#texture" }
    }
},
{
    "from": [ 14.5, 4.5, 11 ],
    "to": [ 16, 5, 13.5 ],
    "faces": {
        "down":  { "uv": [ 16, 13.5, 15.5, 11.5 ], "texture": "#texture" },
        "up":    { "uv": [ 0, 11, 0.5, 13.5 ], "texture": "#texture" },
        "north": { "uv": [ 15.5, 11, 16, 12.5 ], "texture": "#texture" },
        "south": { "uv": [ 0, 11, 0.5, 12.5 ], "texture": "#texture" },
        "west":  { "uv": [ 11, 15.5, 13.5, 16 ], "texture": "#texture" },
        "east":  { "uv": [ 2.5, 11, 5, 11.5 ], "texture": "#texture" }
    }
},
{
    "from": [ 3, 5, 15 ],
    "to": [ 4.5, 5.5, 16 ],
    "faces": {
        "down":  { "uv": [ 13, 16, 11.5, 15.5 ], "texture": "#texture" },
        "up":    { "uv": [ 3, 15.5, 4.5, 16 ], "texture": "#texture" },
        "north": { "uv": [ 11.5, 15.5, 13, 16 ], "texture": "#texture" },
        "south": { "uv": [ 3, 10.5, 4.5, 11 ], "texture": "#texture" },
        "west":  { "uv": [ 15.5, 10.5, 16, 12 ], "texture": "#texture" },
        "east":  { "uv": [ 0, 10.5, 0.5, 13.5 ], "texture": "#texture" }
    }
},
{
    "from": [ 6, 5, 15 ],
    "to": [ 7.5, 5.5, 16 ],
    "faces": {
        "down":  { "uv": [ 10, 16, 8.5, 15.5 ], "texture": "#texture" },
        "up":    { "uv": [ 6, 15.5, 7, 16 ], "texture": "#texture" },
        "north": { "uv": [ 8, 15.5, 9.5, 16 ], "texture": "#texture" },
        "south": { "uv": [ 6, 10.5, 7.5, 11 ], "texture": "#texture" },
        "west":  { "uv": [ 15.5, 10.5, 16, 11.5 ], "texture": "#texture" },
        "east":  { "uv": [ 0, 10.5, 0.5, 11.5 ], "texture": "#texture" }
    }
},
{
    "from": [ 8.5, 5, 15 ],
    "to": [ 10, 5.5, 16 ],
    "faces": {
        "down":  { "uv": [ 7.5, 16, 6, 15.5 ], "texture": "#texture" },
        "up":    { "uv": [ 8.5, 15.5, 10, 16 ], "texture": "#texture" },
        "north": { "uv": [ 5.5, 15.5, 7, 16 ], "texture": "#texture" },
        "south": { "uv": [ 8.5, 10.5, 10, 11 ], "texture": "#texture" },
        "west":  { "uv": [ 15.5, 10.5, 16, 11 ], "texture": "#texture" },
        "east":  { "uv": [ 0, 10.5, 0.5, 11 ], "texture": "#texture" }
    }
},
{
    "from": [ 11.5, 5, 15 ],
    "to": [ 13, 5.5, 16 ],
    "faces": {
        "down":  { "uv": [ 4.5, 16, 3.5, 15.5 ], "texture": "#texture" },
        "up":    { "uv": [ 11.5, 15.5, 13, 16 ], "texture": "#texture" },
        "north": { "uv": [ 0, 10, 1, 10.5 ], "texture": "#texture" },
        "south": { "uv": [ 11.5, 10.5, 13, 11 ], "texture": "#texture" },
        "west":  { "uv": [ 15.5, 10.5, 16, 11 ], "texture": "#texture" },
        "east":  { "uv": [ 0, 10.5, 0.5, 11 ], "texture": "#texture" }
    }
},
{
    "from": [ 3, 5, 0 ],
    "to": [ 4.5, 5.5, 1 ],
    "faces": {
        "down":  { "uv": [ 13, 16, 11.5, 15.5 ], "texture": "#texture" },
        "up":    { "uv": [ 3, 15.5, 4.5, 16 ], "texture": "#texture" },
        "north": { "uv": [ 11.5, 10.5, 13, 11 ], "texture": "#texture" },
        "south": { "uv": [ 3, 15.5, 4.5, 16 ], "texture": "#texture" },
        "west":  { "uv": [ 15.5, 10.5, 16, 12 ], "texture": "#texture" },
        "east":  { "uv": [ 0, 10.5, 0.5, 13.5 ], "texture": "#texture" }
    }
},
{
    "from": [ 6, 5, 0 ],
    "to": [ 7.5, 5.5, 1 ],
    "faces": {
        "down":  { "uv": [ 10, 16, 8.5, 15.5 ], "texture": "#texture" },
        "up":    { "uv": [ 6, 15.5, 7, 16 ], "texture": "#texture" },
        "north": { "uv": [ 8.5, 10.5, 10, 11 ], "texture": "#texture" },
        "south": { "uv": [ 6, 15.5, 7.5, 16 ], "texture": "#texture" },
        "west":  { "uv": [ 15.5, 10.5, 16, 11.5 ], "texture": "#texture" },
        "east":  { "uv": [ 0, 10.5, 0.5, 11.5 ], "texture": "#texture" }
    }
},
{
    "from": [ 8.5, 5, 0 ],
    "to": [ 10, 5.5, 1 ],
    "faces": {
        "down":  { "uv": [ 7.5, 16, 6, 15.5 ], "texture": "#texture" },
        "up":    { "uv": [ 8.5, 15.5, 10, 16 ], "texture": "#texture" },
        "north": { "uv": [ 8.5, 10.5, 10, 11 ], "texture": "#texture" },
        "south": { "uv": [ 7.5, 15.5, 9, 16 ], "texture": "#texture" },
        "west":  { "uv": [ 15.5, 10.5, 16, 11 ], "texture": "#texture" },
        "east":  { "uv": [ 0, 10.5, 0.5, 11 ], "texture": "#texture" }
    }
},
{
    "from": [ 11.5, 5, 0 ],
    "to": [ 13, 5.5, 1 ],
    "faces": {
        "down":  { "uv": [ 4.5, 16, 3.5, 15.5 ], "texture": "#texture" },
        "up":    { "uv": [ 11.5, 15.5, 13, 16 ], "texture": "#texture" },
        "north": { "uv": [ 3, 10.5, 4.5, 11 ], "texture": "#texture" },
        "south": { "uv": [ 11.5, 15.5, 13, 16 ], "texture": "#texture" },
        "west":  { "uv": [ 15.5, 10.5, 16, 11 ], "texture": "#texture" },
        "east":  { "uv": [ 0, 10.5, 0.5, 11 ], "texture": "#texture" }
    }
},
{
    "from": [ 0, 5, 3 ],
    "to": [ 1, 5.5, 4.5 ],
    "faces": {
        "down":  { "uv": [ 16, 4.5, 15.5, 3 ], "texture": "#texture" },
        "up":    { "uv": [ 0, 3, 0.5, 4.5 ], "texture": "#texture" },
        "north": { "uv": [ 15.5, 10.5, 16, 12 ], "texture": "#texture" },
        "south": { "uv": [ 0, 10.5, 0.5, 11.5 ], "texture": "#texture" },
        "west":  { "uv": [ 3, 10.5, 4.5, 11 ], "texture": "#texture" },
        "east":  { "uv": [ 0, 10.5, 0.5, 11.5 ], "texture": "#texture" }
    }
},
{
    "from": [ 0, 5, 6 ],
    "to": [ 1, 5.5, 7.5 ],
    "faces": {
        "down":  { "uv": [ 16, 4.5, 15.5, 3 ], "texture": "#texture" },
        "up":    { "uv": [ 0, 3, 0.5, 4.5 ], "texture": "#texture" },
        "north": { "uv": [ 15.5, 10.5, 16, 12 ], "texture": "#texture" },
        "south": { "uv": [ 0, 10.5, 0.5, 11.5 ], "texture": "#texture" },
        "west":  { "uv": [ 3, 10.5, 4.5, 11 ], "texture": "#texture" },
        "east":  { "uv": [ 0, 10.5, 0.5, 11.5 ], "texture": "#texture" }
    }
},
{
    "from": [ 0, 5, 8.5 ],
    "to": [ 1, 5.5, 10 ],
    "faces": {
        "down":  { "uv": [ 16, 4.5, 15.5, 3 ], "texture": "#texture" },
        "up":    { "uv": [ 0, 3, 0.5, 4.5 ], "texture": "#texture" },
        "north": { "uv": [ 15.5, 10.5, 16, 12 ], "texture": "#texture" },
        "south": { "uv": [ 0, 10.5, 0.5, 11.5 ], "texture": "#texture" },
        "west":  { "uv": [ 3, 10.5, 4.5, 11 ], "texture": "#texture" },
        "east":  { "uv": [ 0, 10.5, 0.5, 11.5 ], "texture": "#texture" }
    }
},
{
    "from": [ 0, 5, 11.5 ],
    "to": [ 1, 5.5, 13 ],
    "faces": {
        "down":  { "uv": [ 16, 4.5, 15.5, 3 ], "texture": "#texture" },
        "up":    { "uv": [ 0, 3, 0.5, 4.5 ], "texture": "#texture" },
        "north": { "uv": [ 15.5, 10.5, 16, 12 ], "texture": "#texture" },
        "south": { "uv": [ 0, 10.5, 0.5, 11.5 ], "texture": "#texture" },
        "west":  { "uv": [ 3, 10.5, 4.5, 11 ], "texture": "#texture" },
        "east":  { "uv": [ 11.5, 15.5, 13, 16 ], "texture": "#texture" }
    }
},
{
    "from": [ 15, 5, 11.5 ],
    "to": [ 16, 5.5, 13 ],
    "faces": {
        "down":  { "uv": [ 16, 4.5, 15.5, 3 ], "texture": "#texture" },
        "up":    { "uv": [ 0, 3, 0.5, 4.5 ], "texture": "#texture" },
        "north": { "uv": [ 15.5, 10.5, 16, 12 ], "texture": "#texture" },
        "south": { "uv": [ 0, 10.5, 0.5, 11.5 ], "texture": "#texture" },
        "west":  { "uv": [ 3, 15.5, 4.5, 16 ], "texture": "#texture" },
        "east":  { "uv": [ 11.5, 10.5, 13, 11 ], "texture": "#texture" }
    }
},
{
    "from": [ 15, 5, 8.5 ],
    "to": [ 16, 5.5, 10 ],
    "faces": {
        "down":  { "uv": [ 16, 4.5, 15.5, 3 ], "texture": "#texture" },
        "up":    { "uv": [ 0, 3, 0.5, 4.5 ], "texture": "#texture" },
        "north": { "uv": [ 15.5, 10.5, 16, 12 ], "texture": "#texture" },
        "south": { "uv": [ 0, 10.5, 0.5, 11.5 ], "texture": "#texture" },
        "west":  { "uv": [ 3, 15.5, 4.5, 16 ], "texture": "#texture" },
        "east":  { "uv": [ 11.5, 10.5, 13, 11 ], "texture": "#texture" }
    }
},
{
    "from": [ 15, 5, 6 ],
    "to": [ 16, 5.5, 7.5 ],
    "faces": {
        "down":  { "uv": [ 16, 4.5, 15.5, 3 ], "texture": "#texture" },
        "up":    { "uv": [ 0, 3, 0.5, 4.5 ], "texture": "#texture" },
        "north": { "uv": [ 15.5, 10.5, 16, 12 ], "texture": "#texture" },
        "south": { "uv": [ 0, 10.5, 0.5, 11.5 ], "texture": "#texture" },
        "west":  { "uv": [ 3, 15.5, 4.5, 16 ], "texture": "#texture" },
        "east":  { "uv": [ 11.5, 10.5, 13, 11 ], "texture": "#texture" }
    }
},
{
    "from": [ 15, 5, 3 ],
    "to": [ 16, 5.5, 4.5 ],
    "faces": {
        "down":  { "uv": [ 16, 4.5, 15.5, 3 ], "texture": "#texture" },
        "up":    { "uv": [ 0, 3, 0.5, 4.5 ], "texture": "#texture" },
        "north": { "uv": [ 15.5, 10.5, 16, 12 ], "texture": "#texture" },
        "south": { "uv": [ 0, 10.5, 0.5, 11.5 ], "texture": "#texture" },
        "west":  { "uv": [ 3, 15.5, 4.5, 16 ], "texture": "#texture" },
        "east":  { "uv": [ 11.5, 10.5, 13, 11 ], "texture": "#texture" }
    }
},
{
    "from": [ 3.5, 5.5, 15.5 ],
    "to": [ 4, 6, 16 ],
    "faces": {
        "down":  { "uv": [ 12.5, 16, 12, 15.5 ], "texture": "#texture" },
        "up":    { "uv": [ 3.5, 15.5, 4, 16 ], "texture": "#texture" },
        "north": { "uv": [ 12, 10, 12.5, 10.5 ], "texture": "#texture" },
        "south": { "uv": [ 3.5, 10, 4, 10.5 ], "texture": "#texture" },
        "west":  { "uv": [ 15.5, 10, 16, 10.5 ], "texture": "#texture" },
        "east":  { "uv": [ 0, 10, 0.5, 10.5 ], "texture": "#texture" }
    }
},
{
    "from": [ 6.5, 5.5, 15.5 ],
    "to": [ 7, 6, 16 ],
    "faces": {
        "down":  { "uv": [ 12.5, 16, 12, 15.5 ], "texture": "#texture" },
        "up":    { "uv": [ 3.5, 15.5, 4, 16 ], "texture": "#texture" },
        "north": { "uv": [ 12, 10, 12.5, 10.5 ], "texture": "#texture" },
        "south": { "uv": [ 3.5, 10, 4, 10.5 ], "texture": "#texture" },
        "west":  { "uv": [ 15.5, 10, 16, 10.5 ], "texture": "#texture" },
        "east":  { "uv": [ 0, 10, 0.5, 10.5 ], "texture": "#texture" }
    }
},
{
    "from": [ 9, 5.5, 15.5 ],
    "to": [ 9.5, 6, 16 ],
    "faces": {
        "down":  { "uv": [ 12.5, 16, 12, 15.5 ], "texture": "#texture" },
        "up":    { "uv": [ 3.5, 15.5, 4, 16 ], "texture": "#texture" },
        "north": { "uv": [ 12, 10, 12.5, 10.5 ], "texture": "#texture" },
        "south": { "uv": [ 3.5, 10, 4, 10.5 ], "texture": "#texture" },
        "west":  { "uv": [ 15.5, 10, 16, 10.5 ], "texture": "#texture" },
        "east":  { "uv": [ 0, 10, 0.5, 10.5 ], "texture": "#texture" }
    }
},
{
    "from": [ 12, 5.5, 15.5 ],
    "to": [ 12.5, 6, 16 ],
    "faces": {
        "down":  { "uv": [ 12.5, 16, 12, 15.5 ], "texture": "#texture" },
        "up":    { "uv": [ 3.5, 15.5, 4, 16 ], "texture": "#texture" },
        "north": { "uv": [ 12, 10, 12.5, 10.5 ], "texture": "#texture" },
        "south": { "uv": [ 3.5, 10, 4, 10.5 ], "texture": "#texture" },
        "west":  { "uv": [ 15.5, 10, 16, 10.5 ], "texture": "#texture" },
        "east":  { "uv": [ 0, 10, 0.5, 10.5 ], "texture": "#texture" }
    }
},
{
    "from": [ 15.5, 5.5, 12 ],
    "to": [ 16, 6, 12.5 ],
    "faces": {
        "down":  { "uv": [ 12.5, 16, 12, 15.5 ], "texture": "#texture" },
        "up":    { "uv": [ 3.5, 15.5, 4, 16 ], "texture": "#texture" },
        "north": { "uv": [ 12, 10, 12.5, 10.5 ], "texture": "#texture" },
        "south": { "uv": [ 3.5, 10, 4, 10.5 ], "texture": "#texture" },
        "west":  { "uv": [ 15.5, 10, 16, 10.5 ], "texture": "#texture" },
        "east":  { "uv": [ 0, 10, 0.5, 10.5 ], "texture": "#texture" }
    }
},
{
    "from": [ 15.5, 5.5, 9 ],
    "to": [ 16, 6, 9.5 ],
    "faces": {
        "down":  { "uv": [ 12.5, 16, 12, 15.5 ], "texture": "#texture" },
        "up":    { "uv": [ 3.5, 15.5, 4, 16 ], "texture": "#texture" },
        "north": { "uv": [ 12, 10, 12.5, 10.5 ], "texture": "#texture" },
        "south": { "uv": [ 3.5, 10, 4, 10.5 ], "texture": "#texture" },
        "west":  { "uv": [ 15.5, 10, 16, 10.5 ], "texture": "#texture" },
        "east":  { "uv": [ 0, 10, 0.5, 10.5 ], "texture": "#texture" }
    }
},
{
    "from": [ 15.5, 5.5, 6.5 ],
    "to": [ 16, 6, 7 ],
    "faces": {
        "down":  { "uv": [ 12.5, 16, 12, 15.5 ], "texture": "#texture" },
        "up":    { "uv": [ 3.5, 15.5, 4, 16 ], "texture": "#texture" },
        "north": { "uv": [ 12, 10, 12.5, 10.5 ], "texture": "#texture" },
        "south": { "uv": [ 3.5, 10, 4, 10.5 ], "texture": "#texture" },
        "west":  { "uv": [ 15.5, 10, 16, 10.5 ], "texture": "#texture" },
        "east":  { "uv": [ 0, 10, 0.5, 10.5 ], "texture": "#texture" }
    }
},
{
    "from": [ 15.5, 5.5, 3.5 ],
    "to": [ 16, 6, 4 ],
    "faces": {
        "down":  { "uv": [ 12.5, 16, 12, 15.5 ], "texture": "#texture" },
        "up":    { "uv": [ 3.5, 15.5, 4, 16 ], "texture": "#texture" },
        "north": { "uv": [ 12, 10, 12.5, 10.5 ], "texture": "#texture" },
        "south": { "uv": [ 3.5, 10, 4, 10.5 ], "texture": "#texture" },
        "west":  { "uv": [ 15.5, 10, 16, 10.5 ], "texture": "#texture" },
        "east":  { "uv": [ 0, 10, 0.5, 10.5 ], "texture": "#texture" }
    }
},
{
    "from": [ 12, 5.5, 0 ],
    "to": [ 12.5, 6, 0.5 ],
    "faces": {
        "down":  { "uv": [ 12.5, 16, 12, 15.5 ], "texture": "#texture" },
        "up":    { "uv": [ 3.5, 15.5, 4, 16 ], "texture": "#texture" },
        "north": { "uv": [ 12, 10, 12.5, 10.5 ], "texture": "#texture" },
        "south": { "uv": [ 3.5, 10, 4, 10.5 ], "texture": "#texture" },
        "west":  { "uv": [ 15.5, 10, 16, 10.5 ], "texture": "#texture" },
        "east":  { "uv": [ 0, 10, 0.5, 10.5 ], "texture": "#texture" }
    }
},
{
    "from": [ 9, 5.5, 0 ],
    "to": [ 9.5, 6, 0.5 ],
    "faces": {
        "down":  { "uv": [ 12.5, 16, 12, 15.5 ], "texture": "#texture" },
        "up":    { "uv": [ 3.5, 15.5, 4, 16 ], "texture": "#texture" },
        "north": { "uv": [ 12, 10, 12.5, 10.5 ], "texture": "#texture" },
        "south": { "uv": [ 3.5, 10, 4, 10.5 ], "texture": "#texture" },
        "west":  { "uv": [ 15.5, 10, 16, 10.5 ], "texture": "#texture" },
        "east":  { "uv": [ 0, 10, 0.5, 10.5 ], "texture": "#texture" }
    }
},
{
    "from": [ 6.5, 5.5, 0 ],
    "to": [ 7, 6, 0.5 ],
    "faces": {
        "down":  { "uv": [ 12.5, 16, 12, 15.5 ], "texture": "#texture" },
        "up":    { "uv": [ 3.5, 15.5, 4, 16 ], "texture": "#texture" },
        "north": { "uv": [ 12, 10, 12.5, 10.5 ], "texture": "#texture" },
        "south": { "uv": [ 3.5, 10, 4, 10.5 ], "texture": "#texture" },
        "west":  { "uv": [ 15.5, 10, 16, 10.5 ], "texture": "#texture" },
        "east":  { "uv": [ 0, 10, 0.5, 10.5 ], "texture": "#texture" }
    }
},
{
    "from": [ 3.5, 5.5, 0 ],
    "to": [ 4, 6, 0.5 ],
    "faces": {
        "down":  { "uv": [ 12.5, 16, 12, 15.5 ], "texture": "#texture" },
        "up":    { "uv": [ 3.5, 15.5, 4, 16 ], "texture": "#texture" },
        "north": { "uv": [ 12, 10, 12.5, 10.5 ], "texture": "#texture" },
        "south": { "uv": [ 3.5, 10, 4, 10.5 ], "texture": "#texture" },
        "west":  { "uv": [ 15.5, 10, 16, 10.5 ], "texture": "#texture" },
        "east":  { "uv": [ 0, 10, 0.5, 10.5 ], "texture": "#texture" }
    }
},
{
    "from": [ 0, 5.5, 3.5 ],
    "to": [ 0.5, 6, 4 ],
    "faces": {
        "down":  { "uv": [ 12.5, 16, 12, 15.5 ], "texture": "#texture" },
        "up":    { "uv": [ 3.5, 15.5, 4, 16 ], "texture": "#texture" },
        "north": { "uv": [ 12, 10, 12.5, 10.5 ], "texture": "#texture" },
        "south": { "uv": [ 3.5, 10, 4, 10.5 ], "texture": "#texture" },
        "west":  { "uv": [ 15.5, 10, 16, 10.5 ], "texture": "#texture" },
        "east":  { "uv": [ 0, 10, 0.5, 10.5 ], "texture": "#texture" }
    }
},
{
    "from": [ 0, 5.5, 6.5 ],
    "to": [ 0.5, 6, 7 ],
    "faces": {
        "down":  { "uv": [ 12.5, 16, 12, 15.5 ], "texture": "#texture" },
        "up":    { "uv": [ 3.5, 15.5, 4, 16 ], "texture": "#texture" },
        "north": { "uv": [ 12, 10, 12.5, 10.5 ], "texture": "#texture" },
        "south": { "uv": [ 3.5, 10, 4, 10.5 ], "texture": "#texture" },
        "west":  { "uv": [ 15.5, 10, 16, 10.5 ], "texture": "#texture" },
        "east":  { "uv": [ 0, 10, 0.5, 10.5 ], "texture": "#texture" }
    }
},
{
    "from": [ 0, 5.5, 9 ],
    "to": [ 0.5, 6, 9.5 ],
    "faces": {
        "down":  { "uv": [ 12.5, 16, 12, 15.5 ], "texture": "#texture" },
        "up":    { "uv": [ 3.5, 15.5, 4, 16 ], "texture": "#texture" },
        "north": { "uv": [ 12, 10, 12.5, 10.5 ], "texture": "#texture" },
        "south": { "uv": [ 3.5, 10, 4, 10.5 ], "texture": "#texture" },
        "west":  { "uv": [ 15.5, 10, 16, 10.5 ], "texture": "#texture" },
        "east":  { "uv": [ 0, 10, 0.5, 10.5 ], "texture": "#texture" }
    }
},
{
    "from": [ 0, 5.5, 12 ],
    "to": [ 0.5, 6, 12.5 ],
    "faces": {
        "down":  { "uv": [ 12.5, 16, 12, 15.5 ], "texture": "#texture" },
        "up":    { "uv": [ 3.5, 15.5, 4, 16 ], "texture": "#texture" },
        "north": { "uv": [ 12, 10, 12.5, 10.5 ], "texture": "#texture" },
        "south": { "uv": [ 3.5, 10, 4, 10.5 ], "texture": "#texture" },
        "west":  { "uv": [ 15.5, 10, 16, 10.5 ], "texture": "#texture" },
        "east":  { "uv": [ 0, 10, 0.5, 10.5 ], "texture": "#texture" }
    }
},
{
    "from": [ 0.5, 7, 0.5 ],
    "to": [ 15.5, 15.5, 15.5 ],
    "faces": {
        "down":  { "uv": [ 15.5, 16, 0, 15.5 ], "texture": "#texture" },
        "up":    { "uv": [ 0.5, 0, 16, 0.5 ], "texture": "#texture" },
        "north": { "uv": [ 0, 0, 12, 0.5 ], "texture": "#texture" },
        "south": { "uv": [ 0.5, 0, 16, 0.5 ], "texture": "#texture" },
        "west":  { "uv": [ 0.5, 0, 16, 0.5 ], "texture": "#texture" },
        "east":  { "uv": [ 0, 0, 13.5, 0.5 ], "texture": "#texture" }
    }
},
{
    "from": [ 0.5, 7, 15.5 ],
    "to": [ 15.5, 15.5, 16 ],
    "faces": {
        "down":  { "uv": [ 15.5, 16, 0.5, 15.5 ], "texture": "#texture" },
        "up":    { "uv": [ 0.5, 15.5, 15.5, 16 ], "texture": "#texture" },
        "north": { "uv": [ 0.5, 0.5, 15.5, 9 ], "texture": "#texture" },
        "south": { "uv": [ 0.5, 0.5, 15.5, 9 ], "texture": "#texture" },
        "west":  { "uv": [ 15.5, 0, 16, 8.5 ], "texture": "#texture" },
        "east":  { "uv": [ 0, 0, 0.5, 8.5 ], "texture": "#texture" }
    }
},
{
    "from": [ 1, 6.5, 14.5 ],
    "to": [ 3.5, 7, 16 ],
    "faces": {
        "down":  { "uv": [ 15, 16, 12.5, 15.5 ], "texture": "#texture" },
        "up":    { "uv": [ 1, 15.5, 3.5, 16 ], "texture": "#texture" },
        "north": { "uv": [ 13.5, 0, 16, 0.5 ], "texture": "#texture" },
        "south": { "uv": [ 1, 9, 3.5, 9.5 ], "texture": "#texture" },
        "west":  { "uv": [ 14.5, 9, 15, 9.5 ], "texture": "#texture" },
        "east":  { "uv": [ 0, 7.5, 0.5, 6.5 ], "texture": "#texture" }
    }
},
{
    "from": [ 4, 6.5, 14.5 ],
    "to": [ 6.5, 7, 16 ],
    "faces": {
        "down":  { "uv": [ 12, 16, 9.5, 15.5 ], "texture": "#texture" },
        "up":    { "uv": [ 4, 15.5, 6.5, 16 ], "texture": "#texture" },
        "north": { "uv": [ 9, 0, 11.5, 0.5 ], "texture": "#texture" },
        "south": { "uv": [ 4, 9, 6.5, 9.5 ], "texture": "#texture" },
        "west":  { "uv": [ 14.5, 9, 15, 9.5 ], "texture": "#texture" },
        "east":  { "uv": [ 1, 9, 1.5, 9.5 ], "texture": "#texture" }
    }
},
{
    "from": [ 7, 6.5, 14.5 ],
    "to": [ 9, 7, 16 ],
    "faces": {
        "down":  { "uv": [ 9, 16, 7, 16 ], "texture": "#texture" },
        "up":    { "uv": [ 6.5, 15.5, 8.5, 16 ], "texture": "#texture" },
        "north": { "uv": [ 7, 0, 9, 0.5 ], "texture": "#texture" },
        "south": { "uv": [ 7, 9, 9, 9.5 ], "texture": "#texture" },
        "west":  { "uv": [ 14.5, 9, 15, 9.5 ], "texture": "#texture" },
        "east":  { "uv": [ 1, 9, 1.5, 9.5 ], "texture": "#texture" }
    }
},
{
    "from": [ 9.5, 6.5, 14.5 ],
    "to": [ 12, 7, 16 ],
    "faces": {
        "down":  { "uv": [ 6.5, 16, 4, 15.5 ], "texture": "#texture" },
        "up":    { "uv": [ 9.5, 15.5, 12, 16 ], "texture": "#texture" },
        "north": { "uv": [ 4.5, 0, 7, 0.5 ], "texture": "#texture" },
        "south": { "uv": [ 9.5, 9, 12, 9.5 ], "texture": "#texture" },
        "west":  { "uv": [ 14.5, 9, 15, 9.5 ], "texture": "#texture" },
        "east":  { "uv": [ 0, 10, 0.5, 10.5 ], "texture": "#texture" }
    }
},
{
    "from": [ 12.5, 6.5, 14.5 ],
    "to": [ 15, 7, 16 ],
    "faces": {
        "down":  { "uv": [ 3.5, 16, 1, 15.5 ], "texture": "#texture" },
        "up":    { "uv": [ 12.5, 15.5, 15, 16 ], "texture": "#texture" },
        "north": { "uv": [ 1, 15.5, 3.5, 16 ], "texture": "#texture" },
        "south": { "uv": [ 12.5, 9, 15, 9.5 ], "texture": "#texture" },
        "west":  { "uv": [ 14.5, 9, 15, 9.5 ], "texture": "#texture" },
        "east":  { "uv": [ 1, 9, 1.5, 9.5 ], "texture": "#texture" }
    }
},
{
    "from": [ 1, 6.5, 0 ],
    "to": [ 3.5, 7, 1.5 ],
    "faces": {
        "down":  { "uv": [ 15, 16, 12.5, 15.5 ], "texture": "#texture" },
        "up":    { "uv": [ 1, 15.5, 3.5, 16 ], "texture": "#texture" },
        "north": { "uv": [ 12.5, 9, 15, 9.5 ], "texture": "#texture" },
        "south": { "uv": [ 1, 15.5, 3.5, 16 ], "texture": "#texture" },
        "west":  { "uv": [ 14.5, 9, 15, 9.5 ], "texture": "#texture" },
        "east":  { "uv": [ 0, 7.5, 0.5, 6.5 ], "texture": "#texture" }
    }
},
{
    "from": [ 4, 6.5, 0 ],
    "to": [ 6.5, 7, 1.5 ],
    "faces": {
        "down":  { "uv": [ 12, 16, 9.5, 15.5 ], "texture": "#texture" },
        "up":    { "uv": [ 4, 15.5, 6.5, 16 ], "texture": "#texture" },
        "north": { "uv": [ 9.5, 9, 12, 9.5 ], "texture": "#texture" },
        "south": { "uv": [ 3.5, 15.5, 6, 16 ], "texture": "#texture" },
        "west":  { "uv": [ 14.5, 9, 15, 9.5 ], "texture": "#texture" },
        "east":  { "uv": [ 1, 9, 1.5, 9.5 ], "texture": "#texture" }
    }
},
{
    "from": [ 7, 6.5, 0 ],
    "to": [ 9, 7, 1.5 ],
    "faces": {
        "down":  { "uv": [ 9, 16, 7, 16 ], "texture": "#texture" },
        "up":    { "uv": [ 6.5, 15.5, 8.5, 16 ], "texture": "#texture" },
        "north": { "uv": [ 7, 9, 9, 9.5 ], "texture": "#texture" },
        "south": { "uv": [ 7, 15.5, 9, 16 ], "texture": "#texture" },
        "west":  { "uv": [ 14.5, 9, 15, 9.5 ], "texture": "#texture" },
        "east":  { "uv": [ 1, 9, 1.5, 9.5 ], "texture": "#texture" }
    }
},
{
    "from": [ 9.5, 6.5, 0 ],
    "to": [ 12, 7, 1.5 ],
    "faces": {
        "down":  { "uv": [ 6.5, 16, 4, 15.5 ], "texture": "#texture" },
        "up":    { "uv": [ 9.5, 15.5, 12, 16 ], "texture": "#texture" },
        "north": { "uv": [ 4, 9, 6.5, 9.5 ], "texture": "#texture" },
        "south": { "uv": [ 9.5, 15.5, 12, 16 ], "texture": "#texture" },
        "west":  { "uv": [ 14.5, 9, 15, 9.5 ], "texture": "#texture" },
        "east":  { "uv": [ 0, 10, 0.5, 10.5 ], "texture": "#texture" }
    }
},
{
    "from": [ 12.5, 6.5, 0 ],
    "to": [ 15, 7, 1.5 ],
    "faces": {
        "down":  { "uv": [ 3.5, 16, 1, 15.5 ], "texture": "#texture" },
        "up":    { "uv": [ 12.5, 15.5, 15, 16 ], "texture": "#texture" },
        "north": { "uv": [ 1, 9, 3.5, 9.5 ], "texture": "#texture" },
        "south": { "uv": [ 12.5, 15.5, 15, 16 ], "texture": "#texture" },
        "west":  { "uv": [ 14.5, 9, 15, 9.5 ], "texture": "#texture" },
        "east":  { "uv": [ 1, 9, 1.5, 9.5 ], "texture": "#texture" }
    }
},
{
    "from": [ 1.5, 6, 15 ],
    "to": [ 3, 6.5, 16 ],
    "faces": {
        "down":  { "uv": [ 14.5, 16, 13, 15.5 ], "texture": "#texture" },
        "up":    { "uv": [ 1.5, 15.5, 3, 16 ], "texture": "#texture" },
        "north": { "uv": [ 13, 9.5, 13.5, 10 ], "texture": "#texture" },
        "south": { "uv": [ 1.5, 9.5, 3, 10 ], "texture": "#texture" },
        "west":  { "uv": [ 15.5, 9.5, 16, 10 ], "texture": "#texture" },
        "east":  { "uv": [ 0, 9.5, 0.5, 10 ], "texture": "#texture" }
    }
},
{
    "from": [ 4.5, 6, 15 ],
    "to": [ 6, 6.5, 16 ],
    "faces": {
        "down":  { "uv": [ 14.5, 16, 13, 15.5 ], "texture": "#texture" },
        "up":    { "uv": [ 1.5, 15.5, 3, 16 ], "texture": "#texture" },
        "north": { "uv": [ 13, 9.5, 13.5, 10 ], "texture": "#texture" },
        "south": { "uv": [ 1.5, 9.5, 3, 10 ], "texture": "#texture" },
        "west":  { "uv": [ 15.5, 9.5, 16, 10 ], "texture": "#texture" },
        "east":  { "uv": [ 0, 9.5, 0.5, 10 ], "texture": "#texture" }
    }
},
{
    "from": [ 7.5, 6, 15 ],
    "to": [ 8.5, 6.5, 16 ],
    "faces": {
        "down":  { "uv": [ 14.5, 16, 13, 15.5 ], "texture": "#texture" },
        "up":    { "uv": [ 1.5, 15.5, 3, 16 ], "texture": "#texture" },
        "north": { "uv": [ 13, 9.5, 13.5, 10 ], "texture": "#texture" },
        "south": { "uv": [ 1.5, 15.5, 3, 16 ], "texture": "#texture" },
        "west":  { "uv": [ 15.5, 9.5, 16, 10 ], "texture": "#texture" },
        "east":  { "uv": [ 0, 9.5, 0.5, 10 ], "texture": "#texture" }
    }
},
{
    "from": [ 10, 6, 15 ],
    "to": [ 11.5, 6.5, 16 ],
    "faces": {
        "down":  { "uv": [ 14.5, 16, 13, 15.5 ], "texture": "#texture" },
        "up":    { "uv": [ 1.5, 15.5, 3, 16 ], "texture": "#texture" },
        "north": { "uv": [ 13, 9.5, 13.5, 10 ], "texture": "#texture" },
        "south": { "uv": [ 1.5, 9.5, 3, 10 ], "texture": "#texture" },
        "west":  { "uv": [ 15.5, 9.5, 16, 10 ], "texture": "#texture" },
        "east":  { "uv": [ 0, 9.5, 0.5, 10 ], "texture": "#texture" }
    }
},
{
    "from": [ 13, 6, 15 ],
    "to": [ 14.5, 6.5, 16 ],
    "faces": {
        "down":  { "uv": [ 14.5, 16, 13, 15.5 ], "texture": "#texture" },
        "up":    { "uv": [ 1.5, 15.5, 3, 16 ], "texture": "#texture" },
        "north": { "uv": [ 13, 9.5, 13.5, 10 ], "texture": "#texture" },
        "south": { "uv": [ 1.5, 9.5, 3, 10 ], "texture": "#texture" },
        "west":  { "uv": [ 15.5, 9.5, 16, 10 ], "texture": "#texture" },
        "east":  { "uv": [ 0, 9.5, 0.5, 10 ], "texture": "#texture" }
    }
},
{
    "from": [ 1.5, 6, 0 ],
    "to": [ 3, 6.5, 1 ],
    "faces": {
        "down":  { "uv": [ 14.5, 16, 13, 15.5 ], "texture": "#texture" },
        "up":    { "uv": [ 1.5, 15.5, 3, 16 ], "texture": "#texture" },
        "north": { "uv": [ 13, 9.5, 14.5, 10 ], "texture": "#texture" },
        "south": { "uv": [ 1.5, 15.5, 3, 16 ], "texture": "#texture" },
        "west":  { "uv": [ 15.5, 9.5, 16, 10 ], "texture": "#texture" },
        "east":  { "uv": [ 0, 9.5, 0.5, 10 ], "texture": "#texture" }
    }
},
{
    "from": [ 4.5, 6, 0 ],
    "to": [ 6, 6.5, 1 ],
    "faces": {
        "down":  { "uv": [ 14.5, 16, 13, 15.5 ], "texture": "#texture" },
        "up":    { "uv": [ 1.5, 15.5, 3, 16 ], "texture": "#texture" },
        "north": { "uv": [ 13, 9.5, 14.5, 10 ], "texture": "#texture" },
        "south": { "uv": [ 1.5, 15.5, 3, 16 ], "texture": "#texture" },
        "west":  { "uv": [ 15.5, 9.5, 16, 10 ], "texture": "#texture" },
        "east":  { "uv": [ 0, 9.5, 0.5, 10 ], "texture": "#texture" }
    }
},
{
    "from": [ 7.5, 6, 0 ],
    "to": [ 8.5, 6.5, 1 ],
    "faces": {
        "down":  { "uv": [ 14.5, 16, 13, 15.5 ], "texture": "#texture" },
        "up":    { "uv": [ 1.5, 15.5, 3, 16 ], "texture": "#texture" },
        "north": { "uv": [ 13, 9.5, 13.5, 10 ], "texture": "#texture" },
        "south": { "uv": [ 1.5, 15.5, 3, 16 ], "texture": "#texture" },
        "west":  { "uv": [ 15.5, 9.5, 16, 10 ], "texture": "#texture" },
        "east":  { "uv": [ 0, 9.5, 0.5, 10 ], "texture": "#texture" }
    }
},
{
    "from": [ 10, 6, 0 ],
    "to": [ 11.5, 6.5, 1 ],
    "faces": {
        "down":  { "uv": [ 14.5, 16, 13, 15.5 ], "texture": "#texture" },
        "up":    { "uv": [ 1.5, 15.5, 3, 16 ], "texture": "#texture" },
        "north": { "uv": [ 13, 9.5, 14.5, 10 ], "texture": "#texture" },
        "south": { "uv": [ 1.5, 15.5, 3, 16 ], "texture": "#texture" },
        "west":  { "uv": [ 15.5, 9.5, 16, 10 ], "texture": "#texture" },
        "east":  { "uv": [ 0, 9.5, 0.5, 10 ], "texture": "#texture" }
    }
},
{
    "from": [ 13, 6, 0 ],
    "to": [ 14.5, 6.5, 1 ],
    "faces": {
        "down":  { "uv": [ 14.5, 16, 13, 15.5 ], "texture": "#texture" },
        "up":    { "uv": [ 1.5, 15.5, 3, 16 ], "texture": "#texture" },
        "north": { "uv": [ 13, 9.5, 14.5, 10 ], "texture": "#texture" },
        "south": { "uv": [ 1.5, 15.5, 3, 16 ], "texture": "#texture" },
        "west":  { "uv": [ 15.5, 9.5, 16, 10 ], "texture": "#texture" },
        "east":  { "uv": [ 0, 9.5, 0.5, 10 ], "texture": "#texture" }
    }
},
{
    "from": [ 0.5, 7, 0 ],
    "to": [ 15.5, 15.5, 0.5 ],
    "faces": {
        "down":  { "uv": [ 15.5, 0.5, 0.5, 0 ], "texture": "#texture" },
        "up":    { "uv": [ 0.5, 0, 15.5, 0.5 ], "texture": "#texture" },
        "north": { "uv": [ 0.5, 0.5, 15.5, 9 ], "texture": "#JackTheLanternSidesandBack" },
        "south": { "uv": [ 0.5, 0.5, 15.5, 9 ], "texture": "#texture" },
        "west":  { "uv": [ 0, 0, 0.5, 8.5 ], "texture": "#texture" },
        "east":  { "uv": [ 15.5, 0, 16, 8.5 ], "texture": "#texture" }
    }
},
{
    "from": [ 0, 7, 0.5 ],
    "to": [ 0.5, 15.5, 15.5 ],
    "faces": {
        "down":  { "uv": [ 16, 16, 15.5, 9.5 ], "texture": "#texture" },
        "up":    { "uv": [ 0, 0, 0.5, 8.5 ], "texture": "#texture" },
        "north": { "uv": [ 15.5, 0, 16, 8.5 ], "texture": "#texture" },
        "south": { "uv": [ 0, 0, 0.5, 8.5 ], "texture": "#texture" },
        "west":  { "uv": [ 0.5, 0.5, 15.5, 9 ], "texture": "#JackTheLanternSidesandBack" },
        "east":  { "uv": [ 0.5, 0.5, 15.5, 9 ], "texture": "#JackTheLanternSidesandBack" }
    }
},
{
    "from": [ 0, 6.5, 1 ],
    "to": [ 1.5, 7, 3.5 ],
    "faces": {
        "down":  { "uv": [ 16, 3.5, 15.5, 1 ], "texture": "#texture" },
        "up":    { "uv": [ 0, 1, 0.5, 3.5 ], "texture": "#texture" },
        "north": { "uv": [ 15.5, 8, 16, 8.5 ], "texture": "#texture" },
        "south": { "uv": [ 0, 9.5, 0.5, 10 ], "texture": "#texture" },
        "west":  { "uv": [ 1, 9, 3.5, 9.5 ], "texture": "#texture" },
        "east":  { "uv": [ 12.5, 15.5, 15, 16 ], "texture": "#texture" }
    }
},
{
    "from": [ 0, 6.5, 4 ],
    "to": [ 1.5, 7, 6.5 ],
    "faces": {
        "down":  { "uv": [ 16, 6.5, 15.5, 4.5 ], "texture": "#texture" },
        "up":    { "uv": [ 0, 4, 0.5, 6.5 ], "texture": "#texture" },
        "north": { "uv": [ 14.5, 9, 15, 9.5 ], "texture": "#texture" },
        "south": { "uv": [ 1, 9, 1.5, 9.5 ], "texture": "#texture" },
        "west":  { "uv": [ 4, 9, 6.5, 9.5 ], "texture": "#texture" },
        "east":  { "uv": [ 9, 0, 11.5, 0.5 ], "texture": "#texture" }
    }
},
{
    "from": [ 0, 6.5, 7 ],
    "to": [ 1, 7, 9 ],
    "faces": {
        "down":  { "uv": [ 16, 8, 15.5, 6.5 ], "texture": "#texture" },
        "up":    { "uv": [ 0, 7, 0.5, 8.5 ], "texture": "#texture" },
        "north": { "uv": [ 14.5, 9, 15, 9.5 ], "texture": "#texture" },
        "south": { "uv": [ 0, 7.5, 0.5, 8 ], "texture": "#texture" },
        "west":  { "uv": [ 7, 9, 9, 9.5 ], "texture": "#texture" },
        "east":  { "uv": [ 7, 0, 9, 0.5 ], "texture": "#texture" }
    }
},
{
    "from": [ 0, 6.5, 9.5 ],
    "to": [ 1.5, 7, 12 ],
    "faces": {
        "down":  { "uv": [ 16, 12, 15.5, 9.5 ], "texture": "#texture" },
        "up":    { "uv": [ 0, 9.5, 0, 12 ], "texture": "#texture" },
        "north": { "uv": [ 14.5, 9, 15, 9.5 ], "texture": "#texture" },
        "south": { "uv": [ 0, 7.5, 0.5, 6 ], "texture": "#texture" },
        "west":  { "uv": [ 9.5, 9, 12, 9.5 ], "texture": "#texture" },
        "east":  { "uv": [ 4, 0, 6.5, 0.5 ], "texture": "#texture" }
    }
},
{
    "from": [ 0, 6.5, 12.5 ],
    "to": [ 1.5, 7, 15 ],
    "faces": {
        "down":  { "uv": [ 16, 15, 15.5, 13 ], "texture": "#texture" },
        "up":    { "uv": [ 0, 12.5, 0.5, 15 ], "texture": "#texture" },
        "north": { "uv": [ 14.5, 9, 15, 9.5 ], "texture": "#texture" },
        "south": { "uv": [ 0, 9.5, 0.5, 10 ], "texture": "#texture" },
        "west":  { "uv": [ 12.5, 9, 15, 9.5 ], "texture": "#texture" },
        "east":  { "uv": [ 1, 0, 3.5, 0.5 ], "texture": "#texture" }
    }
},
{
    "from": [ 0, 6, 1.5 ],
    "to": [ 1, 6.5, 3 ],
    "faces": {
        "down":  { "uv": [ 16, 3, 15.5, 2 ], "texture": "#texture" },
        "up":    { "uv": [ 0, 1.5, 0.5, 3 ], "texture": "#texture" },
        "north": { "uv": [ 15.5, 9.5, 16, 10 ], "texture": "#texture" },
        "south": { "uv": [ 0, 9.5, 0.5, 10 ], "texture": "#texture" },
        "west":  { "uv": [ 1.5, 9.5, 3, 10 ], "texture": "#texture" },
        "east":  { "uv": [ 13, 15.5, 14.5, 16 ], "texture": "#texture" }
    }
},
{
    "from": [ 0, 6, 4.5 ],
    "to": [ 1, 6.5, 6 ],
    "faces": {
        "down":  { "uv": [ 16, 6, 15.5, 4.5 ], "texture": "#texture" },
        "up":    { "uv": [ 0, 4.5, 0.5, 6 ], "texture": "#texture" },
        "north": { "uv": [ 15.5, 9.5, 16, 10 ], "texture": "#texture" },
        "south": { "uv": [ 0, 9.5, 0.5, 10 ], "texture": "#texture" },
        "west":  { "uv": [ 4.5, 9.5, 6, 10 ], "texture": "#texture" },
        "east":  { "uv": [ 10, 15.5, 11.5, 16 ], "texture": "#texture" }
    }
},
{
    "from": [ 0, 6, 7.5 ],
    "to": [ 1, 6.5, 8.5 ],
    "faces": {
        "down":  { "uv": [ 16, 6, 15.5, 4.5 ], "texture": "#texture" },
        "up":    { "uv": [ 0, 4.5, 0.5, 6 ], "texture": "#texture" },
        "north": { "uv": [ 15.5, 9.5, 16, 10 ], "texture": "#texture" },
        "south": { "uv": [ 0, 9.5, 0.5, 10 ], "texture": "#texture" },
        "west":  { "uv": [ 4.5, 9.5, 5, 10 ], "texture": "#texture" },
        "east":  { "uv": [ 10, 15.5, 11.5, 16 ], "texture": "#texture" }
    }
},
{
    "from": [ 0, 6, 10 ],
    "to": [ 1, 6.5, 11.5 ],
    "faces": {
        "down":  { "uv": [ 16, 6, 15.5, 4.5 ], "texture": "#texture" },
        "up":    { "uv": [ 0, 4.5, 0.5, 6 ], "texture": "#texture" },
        "north": { "uv": [ 15.5, 9.5, 16, 10 ], "texture": "#texture" },
        "south": { "uv": [ 0, 9.5, 0.5, 10 ], "texture": "#texture" },
        "west":  { "uv": [ 4.5, 9.5, 6, 10 ], "texture": "#texture" },
        "east":  { "uv": [ 10, 15.5, 11.5, 16 ], "texture": "#texture" }
    }
},
{
    "from": [ 0, 6, 13 ],
    "to": [ 1, 6.5, 14.5 ],
    "faces": {
        "down":  { "uv": [ 16, 6, 15.5, 4.5 ], "texture": "#texture" },
        "up":    { "uv": [ 0, 4.5, 0.5, 6 ], "texture": "#texture" },
        "north": { "uv": [ 15.5, 9.5, 16, 10 ], "texture": "#texture" },
        "south": { "uv": [ 0, 9.5, 0.5, 10 ], "texture": "#texture" },
        "west":  { "uv": [ 4.5, 9.5, 6, 10 ], "texture": "#texture" },
        "east":  { "uv": [ 10, 15.5, 11.5, 16 ], "texture": "#texture" }
    }
},
{
    "from": [ 0.5, 15.5, 0.5 ],
    "to": [ 15.5, 16, 15.5 ],
    "faces": {
        "down":  { "uv": [ 15.5, 15.5, 0.5, 0.5 ], "texture": "#JackTheLanternTop" },
        "up":    { "uv": [ 0.5, 0.5, 15.5, 15.5 ], "texture": "#JackTheLanternTop" },
        "north": { "uv": [ 0.5, 0, 15.5, 0.5 ], "texture": "#JackTheLanternTop" },
        "south": { "uv": [ 0.5, 0, 15.5, 0.5 ], "texture": "#JackTheLanternTop" },
        "west":  { "uv": [ 0.5, 0, 15.5, 0.5 ], "texture": "#texture" },
        "east":  { "uv": [ 0.5, 0, 15.5, 0.5 ], "texture": "#JackTheLanternTop" }
    }
},
{
    "from": [ 15.5, 7, 0.5 ],
    "to": [ 16, 15.5, 15.5 ],
    "faces": {
        "down":  { "uv": [ 0.5, 15.5, 0, 0.5 ], "texture": "#texture" },
        "up":    { "uv": [ 15.5, 0.5, 16, 15.5 ], "texture": "#texture" },
        "north": { "uv": [ 0, 0.5, 0.5, 9 ], "texture": "#texture" },
        "south": { "uv": [ 15.5, 0.5, 16, 9 ], "texture": "#texture" },
        "west":  { "uv": [ 0.5, 0.5, 15.5, 9 ], "texture": "#texture" },
        "east":  { "uv": [ 0.5, 0.5, 15.5, 9 ], "texture": "#JackTheLanternSidesandBack" }
    }
},
{
    "from": [ 14.5, 6.5, 12.5 ],
    "to": [ 16, 7, 15 ],
    "faces": {
        "down":  { "uv": [ 16, 3.5, 15.5, 1 ], "rotation": 180, "texture": "#texture" },
        "up":    { "uv": [ 0, 1, 0.5, 3.5 ], "rotation": 180, "texture": "#texture" },
        "north": { "uv": [ 0, 9.5, 0.5, 10 ], "texture": "#texture" },
        "south": { "uv": [ 14.5, 9, 15, 9.5 ], "texture": "#texture" },
        "west":  { "uv": [ 12.5, 15.5, 15, 16 ], "texture": "#texture" },
        "east":  { "uv": [ 1, 9, 3.5, 9.5 ], "texture": "#texture" }
    }
},
{
    "from": [ 15, 6.5, 9.5 ],
    "to": [ 16, 7, 12 ],
    "faces": {
        "down":  { "uv": [ 16, 6.5, 15.5, 4 ], "rotation": 180, "texture": "#texture" },
        "up":    { "uv": [ 0, 4, 0.5, 6.5 ], "rotation": 180, "texture": "#texture" },
        "north": { "uv": [ 0, 9.5, 0.5, 10 ], "texture": "#texture" },
        "south": { "uv": [ 15, 9, 16, 9.5 ], "texture": "#texture" },
        "west":  { "uv": [ 10, 15.5, 12.5, 16 ], "texture": "#texture" },
        "east":  { "uv": [ 4, 9, 6.5, 9.5 ], "texture": "#texture" }
    }
},
{
    "from": [ 15.5, 6, 7.5 ],
    "to": [ 16, 6.5, 8.5 ],
    "faces": {
        "down":  { "uv": [ 16, 6, 15.5, 4.5 ], "texture": "#texture" },
        "up":    { "uv": [ 0, 4.5, 0.5, 6 ], "texture": "#texture" },
        "north": { "uv": [ 15.5, 9.5, 16, 10 ], "texture": "#texture" },
        "south": { "uv": [ 0, 9.5, 0.5, 10 ], "texture": "#texture" },
        "west":  { "uv": [ 4.5, 9.5, 6, 10 ], "texture": "#texture" },
        "east":  { "uv": [ 10, 15.5, 11.5, 16 ], "texture": "#texture" }
    }
},
{
    "from": [ 15, 6.5, 7 ],
    "to": [ 16, 7, 9 ],
    "faces": {
        "down":  { "uv": [ 16, 3.5, 15.5, 1 ], "rotation": 180, "texture": "#texture" },
        "up":    { "uv": [ 0, 1, 0.5, 3.5 ], "rotation": 180, "texture": "#texture" },
        "north": { "uv": [ 0, 9.5, 0.5, 10 ], "texture": "#texture" },
        "south": { "uv": [ 14.5, 9, 15, 9.5 ], "texture": "#texture" },
        "west":  { "uv": [ 12.5, 15.5, 15, 16 ], "texture": "#texture" },
        "east":  { "uv": [ 7, 9, 9, 9.5 ], "texture": "#texture" }
    }
},
{
    "from": [ 15, 6.5, 4 ],
    "to": [ 16, 7, 6.5 ],
    "faces": {
        "down":  { "uv": [ 16, 6.5, 15.5, 4 ], "rotation": 180, "texture": "#texture" },
        "up":    { "uv": [ 0, 4, 0.5, 6.5 ], "rotation": 180, "texture": "#texture" },
        "north": { "uv": [ 0, 9.5, 0.5, 10 ], "texture": "#texture" },
        "south": { "uv": [ 15, 9, 16, 9.5 ], "texture": "#texture" },
        "west":  { "uv": [ 10, 15.5, 12.5, 16 ], "texture": "#texture" },
        "east":  { "uv": [ 9.5, 9, 12, 9.5 ], "texture": "#texture" }
    }
},
{
    "from": [ 15, 6.5, 1 ],
    "to": [ 16, 7, 3.5 ],
    "faces": {
        "down":  { "uv": [ 16, 6.5, 15.5, 4 ], "rotation": 180, "texture": "#texture" },
        "up":    { "uv": [ 0, 4, 0.5, 6.5 ], "rotation": 180, "texture": "#texture" },
        "north": { "uv": [ 0, 9.5, 0.5, 10 ], "texture": "#texture" },
        "south": { "uv": [ 15, 9, 16, 9.5 ], "texture": "#texture" },
        "west":  { "uv": [ 10, 15.5, 12.5, 16 ], "texture": "#texture" },
        "east":  { "uv": [ 12.5, 9, 15, 9.5 ], "texture": "#texture" }
    }
},
{
    "from": [ 15, 6, 13 ],
    "to": [ 16, 6.5, 14.5 ],
    "faces": {
        "down":  { "uv": [ 16, 3, 15.5, 1.5 ], "rotation": 180, "texture": "#texture" },
        "up":    { "uv": [ 0, 1.5, 0.5, 3.5 ], "rotation": 180, "texture": "#texture" },
        "north": { "uv": [ 0, 9.5, 0.5, 10 ], "texture": "#texture" },
        "south": { "uv": [ 15.5, 9.5, 16, 10 ], "texture": "#texture" },
        "west":  { "uv": [ 13.5, 15.5, 15, 16 ], "texture": "#texture" },
        "east":  { "uv": [ 1.5, 9.5, 3, 10 ], "texture": "#texture" }
    }
},
{
    "from": [ 15, 6, 10 ],
    "to": [ 16, 6.5, 11.5 ],
    "faces": {
        "down":  { "uv": [ 16, 3, 15.5, 1.5 ], "rotation": 180, "texture": "#texture" },
        "up":    { "uv": [ 0, 1.5, 0.5, 3.5 ], "rotation": 180, "texture": "#texture" },
        "north": { "uv": [ 0, 9.5, 0.5, 10 ], "texture": "#texture" },
        "south": { "uv": [ 15.5, 9.5, 16, 10 ], "texture": "#texture" },
        "west":  { "uv": [ 13.5, 15.5, 15, 16 ], "texture": "#texture" },
        "east":  { "uv": [ 1.5, 9.5, 3, 10 ], "texture": "#texture" }
    }
},
{
    "from": [ 15, 6, 7.5 ],
    "to": [ 16, 6.5, 8.5 ],
    "faces": {
        "down":  { "uv": [ 16, 3, 15.5, 1.5 ], "rotation": 180, "texture": "#texture" },
        "up":    { "uv": [ 0, 1.5, 0.5, 3.5 ], "rotation": 180, "texture": "#texture" },
        "north": { "uv": [ 0, 9.5, 0.5, 10 ], "texture": "#texture" },
        "south": { "uv": [ 15.5, 9.5, 16, 10 ], "texture": "#texture" },
        "west":  { "uv": [ 13.5, 15.5, 15, 16 ], "texture": "#texture" },
        "east":  { "uv": [ 1.5, 9.5, 2, 10 ], "texture": "#texture" }
    }
},
{
    "from": [ 15, 6, 4.5 ],
    "to": [ 16, 6.5, 6 ],
    "faces": {
        "down":  { "uv": [ 16, 3, 15.5, 1.5 ], "rotation": 180, "texture": "#texture" },
        "up":    { "uv": [ 0, 1.5, 0.5, 3.5 ], "rotation": 180, "texture": "#texture" },
        "north": { "uv": [ 0, 9.5, 0.5, 10 ], "texture": "#texture" },
        "south": { "uv": [ 15.5, 9.5, 16, 10 ], "texture": "#texture" },
        "west":  { "uv": [ 13.5, 15.5, 15, 16 ], "texture": "#texture" },
        "east":  { "uv": [ 1.5, 9.5, 3, 10 ], "texture": "#texture" }
    }
},
{
    "from": [ 15, 6, 1.5 ],
    "to": [ 16, 6.5, 3 ],
    "faces": {
        "down":  { "uv": [ 16, 3, 15.5, 1.5 ], "rotation": 180, "texture": "#texture" },
        "up":    { "uv": [ 0, 1.5, 0.5, 3.5 ], "rotation": 180, "texture": "#texture" },
        "north": { "uv": [ 0, 9.5, 0.5, 10 ], "texture": "#texture" },
        "south": { "uv": [ 15.5, 9.5, 16, 10 ], "texture": "#texture" },
        "west":  { "uv": [ 13.5, 15.5, 15, 16 ], "texture": "#texture" },
        "east":  { "uv": [ 1.5, 9.5, 3, 10 ], "texture": "#texture" }
    }
},
{
    "from": [ 15.5, 5.5, 13.5 ],
    "to": [ 16, 6, 14 ],
    "faces": {
        "down":  { "uv": [ 16, 3, 15.5, 1.5 ], "rotation": 180, "texture": "#texture" },
        "up":    { "uv": [ 0, 1.5, 0.5, 3.5 ], "rotation": 180, "texture": "#texture" },
        "north": { "uv": [ 0, 9.5, 0.5, 10 ], "texture": "#texture" },
        "south": { "uv": [ 15.5, 9.5, 16, 10 ], "texture": "#texture" },
        "west":  { "uv": [ 13.5, 15.5, 15, 16 ], "texture": "#texture" },
        "east":  { "uv": [ 1.5, 9.5, 2, 10 ], "texture": "#texture" }
    }
},
{
    "from": [ 15.5, 5.5, 10.5 ],
    "to": [ 16, 6, 11 ],
    "faces": {
        "down":  { "uv": [ 16, 3, 15.5, 1.5 ], "rotation": 180, "texture": "#texture" },
        "up":    { "uv": [ 0, 1.5, 0.5, 3.5 ], "rotation": 180, "texture": "#texture" },
        "north": { "uv": [ 0, 9.5, 0.5, 10 ], "texture": "#texture" },
        "south": { "uv": [ 15.5, 9.5, 16, 10 ], "texture": "#texture" },
        "west":  { "uv": [ 13.5, 15.5, 15, 16 ], "texture": "#texture" },
        "east":  { "uv": [ 1.5, 9.5, 2, 10 ], "texture": "#texture" }
    }
},
{
    "from": [ 15.5, 5.5, 5 ],
    "to": [ 16, 6, 5.5 ],
    "faces": {
        "down":  { "uv": [ 16, 3, 15.5, 1.5 ], "rotation": 180, "texture": "#texture" },
        "up":    { "uv": [ 0, 1.5, 0.5, 3.5 ], "rotation": 180, "texture": "#texture" },
        "north": { "uv": [ 0, 9.5, 0.5, 10 ], "texture": "#texture" },
        "south": { "uv": [ 15.5, 9.5, 16, 10 ], "texture": "#texture" },
        "west":  { "uv": [ 13.5, 15.5, 15, 16 ], "texture": "#texture" },
        "east":  { "uv": [ 1.5, 9.5, 2, 10 ], "texture": "#texture" }
    }
},
{
    "from": [ 15.5, 5.5, 2 ],
    "to": [ 16, 6, 2.5 ],
    "faces": {
        "down":  { "uv": [ 16, 3, 15.5, 1.5 ], "rotation": 180, "texture": "#texture" },
        "up":    { "uv": [ 0, 1.5, 0.5, 3.5 ], "rotation": 180, "texture": "#texture" },
        "north": { "uv": [ 0, 9.5, 0.5, 10 ], "texture": "#texture" },
        "south": { "uv": [ 15.5, 9.5, 16, 10 ], "texture": "#texture" },
        "west":  { "uv": [ 13.5, 15.5, 15, 16 ], "texture": "#texture" },
        "east":  { "uv": [ 1.5, 9.5, 2, 10 ], "texture": "#texture" }
    }
},
{
    "from": [ 13.5, 5.5, 0 ],
    "to": [ 14, 6, 0.5 ],
    "faces": {
        "down":  { "uv": [ 14.5, 16, 13, 15.5 ], "texture": "#texture" },
        "up":    { "uv": [ 1.5, 15.5, 3, 16 ], "texture": "#texture" },
        "north": { "uv": [ 13, 9.5, 13.5, 10 ], "texture": "#texture" },
        "south": { "uv": [ 1.5, 15.5, 3, 16 ], "texture": "#texture" },
        "west":  { "uv": [ 15.5, 9.5, 16, 10 ], "texture": "#texture" },
        "east":  { "uv": [ 0, 9.5, 0.5, 10 ], "texture": "#texture" }
    }
},
{
    "from": [ 10.5, 5.5, 0 ],
    "to": [ 11, 6, 0.5 ],
    "faces": {
        "down":  { "uv": [ 14.5, 16, 13, 15.5 ], "texture": "#texture" },
        "up":    { "uv": [ 1.5, 15.5, 3, 16 ], "texture": "#texture" },
        "north": { "uv": [ 13, 9.5, 13.5, 10 ], "texture": "#texture" },
        "south": { "uv": [ 1.5, 15.5, 3, 16 ], "texture": "#texture" },
        "west":  { "uv": [ 15.5, 9.5, 16, 10 ], "texture": "#texture" },
        "east":  { "uv": [ 0, 9.5, 0.5, 10 ], "texture": "#texture" }
    }
},
{
    "from": [ 5, 5.5, 0 ],
    "to": [ 5.5, 6, 0.5 ],
    "faces": {
        "down":  { "uv": [ 14.5, 16, 13, 15.5 ], "texture": "#texture" },
        "up":    { "uv": [ 1.5, 15.5, 3, 16 ], "texture": "#texture" },
        "north": { "uv": [ 13, 9.5, 13.5, 10 ], "texture": "#texture" },
        "south": { "uv": [ 1.5, 15.5, 3, 16 ], "texture": "#texture" },
        "west":  { "uv": [ 15.5, 9.5, 16, 10 ], "texture": "#texture" },
        "east":  { "uv": [ 0, 9.5, 0.5, 10 ], "texture": "#texture" }
    }
},
{
    "from": [ 2, 5.5, 0 ],
    "to": [ 2.5, 6, 0.5 ],
    "faces": {
        "down":  { "uv": [ 14.5, 16, 13, 15.5 ], "texture": "#texture" },
        "up":    { "uv": [ 1.5, 15.5, 3, 16 ], "texture": "#texture" },
        "north": { "uv": [ 13, 9.5, 13.5, 10 ], "texture": "#texture" },
        "south": { "uv": [ 1.5, 15.5, 3, 16 ], "texture": "#texture" },
        "west":  { "uv": [ 15.5, 9.5, 16, 10 ], "texture": "#texture" },
        "east":  { "uv": [ 0, 9.5, 0.5, 10 ], "texture": "#texture" }
    }
},
{
    "from": [ 0, 5.5, 2 ],
    "to": [ 0.5, 6, 2.5 ],
    "faces": {
        "down":  { "uv": [ 16, 6, 15.5, 4.5 ], "texture": "#texture" },
        "up":    { "uv": [ 0, 4.5, 0.5, 6 ], "texture": "#texture" },
        "north": { "uv": [ 15.5, 9.5, 16, 10 ], "texture": "#texture" },
        "south": { "uv": [ 0, 9.5, 0.5, 10 ], "texture": "#texture" },
        "west":  { "uv": [ 4.5, 9.5, 5, 10 ], "texture": "#texture" },
        "east":  { "uv": [ 10, 15.5, 11.5, 16 ], "texture": "#texture" }
    }
},
{
    "from": [ 0, 5.5, 5 ],
    "to": [ 0.5, 6, 5.5 ],
    "faces": {
        "down":  { "uv": [ 16, 6, 15.5, 4.5 ], "texture": "#texture" },
        "up":    { "uv": [ 0, 4.5, 0.5, 6 ], "texture": "#texture" },
        "north": { "uv": [ 15.5, 9.5, 16, 10 ], "texture": "#texture" },
        "south": { "uv": [ 0, 9.5, 0.5, 10 ], "texture": "#texture" },
        "west":  { "uv": [ 4.5, 9.5, 5, 10 ], "texture": "#texture" },
        "east":  { "uv": [ 10, 15.5, 11.5, 16 ], "texture": "#texture" }
    }
},
{
    "from": [ 0, 5.5, 10.5 ],
    "to": [ 0.5, 6, 11 ],
    "faces": {
        "down":  { "uv": [ 16, 6, 15.5, 4.5 ], "texture": "#texture" },
        "up":    { "uv": [ 0, 4.5, 0.5, 6 ], "texture": "#texture" },
        "north": { "uv": [ 15.5, 9.5, 16, 10 ], "texture": "#texture" },
        "south": { "uv": [ 0, 9.5, 0.5, 10 ], "texture": "#texture" },
        "west":  { "uv": [ 4.5, 9.5, 5, 10 ], "texture": "#texture" },
        "east":  { "uv": [ 10, 15.5, 11.5, 16 ], "texture": "#texture" }
    }
},
{
    "from": [ 0, 5.5, 13.5 ],
    "to": [ 0.5, 6, 14 ],
    "faces": {
        "down":  { "uv": [ 16, 6, 15.5, 4.5 ], "texture": "#texture" },
        "up":    { "uv": [ 0, 4.5, 0.5, 6 ], "texture": "#texture" },
        "north": { "uv": [ 15.5, 9.5, 16, 10 ], "texture": "#texture" },
        "south": { "uv": [ 0, 9.5, 0.5, 10 ], "texture": "#texture" },
        "west":  { "uv": [ 4.5, 9.5, 5, 10 ], "texture": "#texture" },
        "east":  { "uv": [ 10, 15.5, 11.5, 16 ], "texture": "#texture" }
    }
},
{
    "from": [ 0.5, 6, 15 ],
    "to": [ 1.5, 6.5, 16 ],
    "faces": {
        "down":  { "uv": [ 14.5, 16, 13, 15.5 ], "texture": "#texture" },
        "up":    { "uv": [ 1.5, 15.5, 3, 16 ], "texture": "#texture" },
        "north": { "uv": [ 13, 9.5, 13.5, 10 ], "texture": "#texture" },
        "south": { "uv": [ 1.5, 15.5, 3, 16 ], "texture": "#texture" },
        "west":  { "uv": [ 15.5, 9.5, 16, 10 ], "texture": "#texture" },
        "east":  { "uv": [ 0, 9.5, 0.5, 10 ], "texture": "#texture" }
    }
},
{
    "from": [ 0.5, 6, 15 ],
    "to": [ 1.5, 6.5, 16 ],
    "faces": {
        "down":  { "uv": [ 14.5, 16, 13, 15.5 ], "texture": "#texture" },
        "up":    { "uv": [ 1.5, 15.5, 3, 16 ], "texture": "#texture" },
        "north": { "uv": [ 13, 9.5, 13.5, 10 ], "texture": "#texture" },
        "south": { "uv": [ 1.5, 15.5, 3, 16 ], "texture": "#texture" },
        "west":  { "uv": [ 15.5, 9.5, 16, 10 ], "texture": "#texture" },
        "east":  { "uv": [ 0, 9.5, 0.5, 10 ], "texture": "#texture" }
    }
},
{
    "from": [ 5, 5.5, 15.5 ],
    "to": [ 5.5, 6, 16 ],
    "faces": {
        "down":  { "uv": [ 14.5, 16, 13, 15.5 ], "texture": "#texture" },
        "up":    { "uv": [ 1.5, 15.5, 3, 16 ], "texture": "#texture" },
        "north": { "uv": [ 13, 9.5, 13.5, 10 ], "texture": "#texture" },
        "south": { "uv": [ 1.5, 15.5, 3, 16 ], "texture": "#texture" },
        "west":  { "uv": [ 15.5, 9.5, 16, 10 ], "texture": "#texture" },
        "east":  { "uv": [ 0, 9.5, 0.5, 10 ], "texture": "#texture" }
    }
},
{
    "from": [ 2, 5.5, 15.5 ],
    "to": [ 2.5, 6, 16 ],
    "faces": {
        "down":  { "uv": [ 14.5, 16, 13, 15.5 ], "texture": "#texture" },
        "up":    { "uv": [ 1.5, 15.5, 3, 16 ], "texture": "#texture" },
        "north": { "uv": [ 13, 9.5, 13.5, 10 ], "texture": "#texture" },
        "south": { "uv": [ 1.5, 15.5, 3, 16 ], "texture": "#texture" },
        "west":  { "uv": [ 15.5, 9.5, 16, 10 ], "texture": "#texture" },
        "east":  { "uv": [ 0, 9.5, 0.5, 10 ], "texture": "#texture" }
    }
},
{
    "from": [ 10.5, 5.5, 15.5 ],
    "to": [ 11, 6, 16 ],
    "faces": {
        "down":  { "uv": [ 14.5, 16, 13, 15.5 ], "texture": "#texture" },
        "up":    { "uv": [ 1.5, 15.5, 3, 16 ], "texture": "#texture" },
        "north": { "uv": [ 13, 9.5, 13.5, 10 ], "texture": "#texture" },
        "south": { "uv": [ 1.5, 15.5, 3, 16 ], "texture": "#texture" },
        "west":  { "uv": [ 15.5, 9.5, 16, 10 ], "texture": "#texture" },
        "east":  { "uv": [ 0, 9.5, 0.5, 10 ], "texture": "#texture" }
    }
},
{
    "from": [ 13.5, 5.5, 15.5 ],
    "to": [ 14, 6, 16 ],
    "faces": {
        "down":  { "uv": [ 14.5, 16, 13, 15.5 ], "texture": "#texture" },
        "up":    { "uv": [ 1.5, 15.5, 3, 16 ], "texture": "#texture" },
        "north": { "uv": [ 13, 9.5, 13.5, 10 ], "texture": "#texture" },
        "south": { "uv": [ 1.5, 15.5, 3, 16 ], "texture": "#texture" },
        "west":  { "uv": [ 15.5, 9.5, 16, 10 ], "texture": "#texture" },
        "east":  { "uv": [ 0, 9.5, 0.5, 10 ], "texture": "#texture" }
    }
},
{
    "from": [ 0, 15.5, 0 ],
    "to": [ 0.5, 16, 16 ],
    "faces": {
        "down":  { "uv": [ 16, 16, 15.5, 0 ], "texture": "#texture" },
        "up":    { "uv": [ 0, 0, 0.5, 16 ], "texture": "#texture" },
        "north": { "uv": [ 15.5, 0, 16, 0.5 ], "texture": "#texture" },
        "south": { "uv": [ 0, 0, 0.5, 0.5 ], "texture": "#texture" },
        "west":  { "uv": [ 0, 0, 16, 0.5 ], "texture": "#texture" },
        "east":  { "uv": [ 0, 0, 16, 0.5 ], "texture": "#texture" }
    }
},
{
    "from": [ 0, 15.5, 0 ],
    "to": [ 16, 16, 0.5 ],
    "faces": {
        "down":  { "uv": [ 16, 0.5, 0, 0 ], "texture": "#texture" },
        "up":    { "uv": [ 0, 0, 16, 0.5 ], "texture": "#texture" },
        "north": { "uv": [ 0, 0, 16, 0.5 ], "texture": "#texture" },
        "south": { "uv": [ 0, 0, 16, 0.5 ], "texture": "#texture" },
        "west":  { "uv": [ 0, 0, 0.5, 0.5 ], "texture": "#texture" },
        "east":  { "uv": [ 15.5, 0, 16, 0.5 ], "texture": "#texture" }
    }
},
{
    "from": [ 15.5, 15.5, 0.5 ],
    "to": [ 16, 16, 15.5 ],
    "faces": {
        "down":  { "uv": [ 0.5, 15.5, 0, 0.5 ], "texture": "#texture" },
        "up":    { "uv": [ 15.5, 0.5, 16, 15.5 ], "texture": "#texture" },
        "north": { "uv": [ 0, 0, 0.5, 0.5 ], "texture": "#texture" },
        "south": { "uv": [ 15.5, 0, 16, 0.5 ], "texture": "#texture" },
        "west":  { "uv": [ 0.5, 0, 15.5, 0.5 ], "texture": "#texture" },
        "east":  { "uv": [ 0.5, 0, 15.5, 0.5 ], "texture": "#texture" }
    }
},
{
    "from": [ 0.5, 15.5, 15.5 ],
    "to": [ 15.5, 16, 16 ],
    "faces": {
        "down":  { "uv": [ 15.5, 16, 0.5, 15.5 ], "texture": "#texture" },
        "up":    { "uv": [ 0.5, 15.5, 15.5, 16 ], "texture": "#texture" },
        "north": { "uv": [ 0.5, 0, 15.5, 0.5 ], "texture": "#texture" },
        "south": { "uv": [ 0.5, 0, 15.5, 0.5 ], "texture": "#texture" },
        "west":  { "uv": [ 15.5, 0, 16, 0.5 ], "texture": "#texture" },
        "east":  { "uv": [ 0, 0, 0.5, 0.5 ], "texture": "#texture" }
    }
},
{
    "from": [ 0, 7.5, 15.5 ],
    "to": [ 0.5, 15.5, 16 ],
    "faces": {
        "down":  { "uv": [ 16, 16, 15.5, 15.5 ], "texture": "#texture" },
        "up":    { "uv": [ 0, 15.5, 0.5, 16 ], "texture": "#texture" },
        "north": { "uv": [ 15.5, 0.5, 16, 8.5 ], "texture": "#texture" },
        "south": { "uv": [ 0, 0.5, 0.5, 8.5 ], "texture": "#texture" },
        "west":  { "uv": [ 15.5, 0.5, 16, 8.5 ], "texture": "#texture" },
        "east":  { "uv": [ 0, 0.5, 0.5, 8.5 ], "texture": "#texture" }
    }
},
{
    "from": [ 15.5, 7.5, 15.5 ],
    "to": [ 16, 16, 16 ],
    "faces": {
        "down":  { "uv": [ 0.5, 16, 0, 15.5 ], "texture": "#texture" },
        "up":    { "uv": [ 15.5, 15.5, 16, 16 ], "texture": "#texture" },
        "north": { "uv": [ 0, 0, 0.5, 8.5 ], "texture": "#texture" },
        "south": { "uv": [ 15.5, 0, 16, 8.5 ], "texture": "#texture" },
        "west":  { "uv": [ 15.5, 0, 16, 8.5 ], "texture": "#texture" },
        "east":  { "uv": [ 0, 0, 0.5, 8.5 ], "texture": "#texture" }
    }
},
{
    "from": [ 15.5, 7.5, 0 ],
    "to": [ 16, 16, 0.5 ],
    "faces": {
        "down":  { "uv": [ 0.5, 0.5, 0, 0 ], "texture": "#texture" },
        "up":    { "uv": [ 15.5, 0, 16, 0.5 ], "texture": "#texture" },
        "north": { "uv": [ 0, 0, 0.5, 8.5 ], "texture": "#texture" },
        "south": { "uv": [ 15.5, 0, 16, 8.5 ], "texture": "#texture" },
        "west":  { "uv": [ 0, 0, 0.5, 8.5 ], "texture": "#texture" },
        "east":  { "uv": [ 15.5, 0, 16, 8.5 ], "texture": "#texture" }
    }
},
{
    "from": [ 15.5, 7, 0.5 ],
    "to": [ 16, 15.5, 15.5 ],
    "faces": {
        "down":  { "uv": [ 0.5, 15.5, 0, 0.5 ], "texture": "#texture" },
        "up":    { "uv": [ 15.5, 0.5, 16, 15.5 ], "texture": "#texture" },
        "north": { "uv": [ 0, 0.5, 0.5, 9 ], "texture": "#texture" },
        "south": { "uv": [ 15.5, 0.5, 16, 9 ], "texture": "#texture" },
        "west":  { "uv": [ 0.5, 0.5, 15.5, 9 ], "texture": "#texture" },
        "east":  { "uv": [ 0.5, 0.5, 15.5, 9 ], "texture": "#JackTheLanternSidesandBack" }
    }
},
{
    "from": [ 0, 7.5, 0 ],
    "to": [ 0.5, 16, 0.5 ],
    "faces": {
        "down":  { "uv": [ 16, 0.5, 15.5, 0 ], "texture": "#texture" },
        "up":    { "uv": [ 0, 0, 0.5, 0.5 ], "texture": "#texture" },
        "north": { "uv": [ 15.5, 0, 16, 8.5 ], "texture": "#texture" },
        "south": { "uv": [ 0, 0, 0.5, 8.5 ], "texture": "#texture" },
        "west":  { "uv": [ 0, 0, 0.5, 8.5 ], "texture": "#texture" },
        "east":  { "uv": [ 15.5, 0, 16, 8.5 ], "texture": "#texture" }
    }
},
{
    "from": [ 1, 1, 1 ],
    "to": [ 15, 16, 15 ],
    "faces": {
        "down":  { "uv": [ 14, 16, 0.5, 16 ], "texture": "#JackFire" },
        "up":    { "uv": [ 2, 16, 15.5, 16 ], "texture": "#JackFire" },
        "north": { "uv": [ 0.5, 0.5, 14, 15.5 ], "texture": "#JackFire" },
        "south": { "uv": [ 2, 0.5, 15.5, 15.5 ], "texture": "#JackFire" },
        "west":  { "uv": [ 9, 0.5, 9.5, 15.5 ], "texture": "#JackFire" },
        "east":  { "uv": [ 10, 0.5, 10.5, 15.5 ], "texture": "#JackFire" }
    }
},
{
    "from": [ 0.5, 15.5, 0.5 ],
    "to": [ 15.5, 16.5, 15.5 ],
    "faces": {
        "down":  { "uv": [ 15.5, 15.5, 0.5, 0.5 ], "texture": "#JackTheLanternTop" },
        "up":    { "uv": [ 0.5, 0.5, 15.5, 15.5 ], "texture": "#JackTheLanternTop" },
        "north": { "uv": [ 0.5, 0, 15.5, 0.5 ], "texture": "#JackTheLanternTop" },
        "south": { "uv": [ 0.5, 0, 15.5, 0.5 ], "texture": "#texture" },
        "west":  { "uv": [ 0.5, 0, 15.5, 0.5 ], "texture": "#texture" },
        "east":  { "uv": [ 0.5, 0, 15.5, 0.5 ], "texture": "#texture" }
    }
}
],
"display": {
    "head": {
        "rotation": [ 0, 180, 0 ],
        "translation": [ 0, 0, 0 ],
        "scale": [ 1.32, 1.32, 1.29 ]
    },
    "gui": {
        "rotation": [ -30, 135, 0 ],
        "translation": [ 0, 0, 0 ],
        "scale": [ 1.17, 1.2, 1 ]
    }
}
}