{
"__comment": "Designed by Theocomix with BDcraft Cubik PRO 0.95 Beta - http://bdcraft.net",
"textures": {
    "JackPumpkinShottop": "blocks/JackPumpkinShottop",
    "JackPupkinShotSides": "blocks/JackPupkinShotSides",
    "texture": "blocks/JackPumpkinShot",
    "JackFire": "blocks/JackFire"
},
"elements": [ 
{
    "from": [ 1.4, 2.2, -0.25 ],
    "to": [ 14.6, 15.4, 12.4 ],
    "faces": {
        "down":  { "uv": [ 0, 0, 16, 16 ], "rotation": 180, "texture": "#JackPumpkinShottop" },
        "up":    { "uv": [ 0, 0, 16, 16 ], "rotation": 180, "texture": "#JackPumpkinShottop" },
        "north": { "uv": [ 0, 0, 16, 16 ], "texture": "#texture" },
        "south": { "uv": [ 0, 0, 16, 16 ], "texture": "#JackPupkinShotSides" },
        "west":  { "uv": [ 0, 0, 16, 16 ], "texture": "#JackPupkinShotSides" },
        "east":  { "uv": [ 0, 0, 16, 16 ], "texture": "#JackPupkinShotSides" }
    }
},
{
    "from": [ 7.93125, 1.1, -0.25 ],
    "to": [ 8, 15.95, 26.15 ],
    "faces": {
        "down":  { "uv": [ 8, 1, 7.9375, 0 ], "rotation": 180, "texture": "#JackFire" },
        "up":    { "uv": [ 8, 0, 8.0625, 1 ], "rotation": 180, "texture": "#JackFire" },
        "north": { "uv": [ 0, 0, 0.5, 16 ], "texture": "#JackFire" },
        "south": { "uv": [ 0, 0, 0.5, 16 ], "texture": "#JackFire" },
        "west":  { "uv": [ 0, 0, 16, 16 ], "texture": "#JackFire" },
        "east":  { "uv": [ 0, 0, 16, 16 ], "texture": "#JackFire" }
    }
},
{
    "from": [ -4.1, -3.3, 2.5 ],
    "to": [ 21.2, 21.45, 2.56875 ],
    "faces": {
        "down":  { "uv": [ 16, 15.5, 0, 16 ], "rotation": 180, "texture": "#JackFire" },
        "up":    { "uv": [ 0, 15.5, 16, 16 ], "rotation": 180, "texture": "#JackFire" },
        "north": { "uv": [ 0, 0, 16, 16 ], "texture": "#JackFire" },
        "south": { "uv": [ 0, 0, 16, 16 ], "texture": "#JackFire" },
        "west":  { "uv": [ 0, 0, 0.5, 16 ], "texture": "#JackFire" },
        "east":  { "uv": [ 15.5, 0, 16, 16 ], "texture": "#JackFire" }
    }
},
{
    "from": [ -4.1, -3.3, 9.65 ],
    "to": [ 21.2, 21.45, 9.71875 ],
    "faces": {
        "down":  { "uv": [ 16, 15.5, 0, 16 ], "rotation": 180, "texture": "#JackFire" },
        "up":    { "uv": [ 0, 15.5, 16, 16 ], "rotation": 180, "texture": "#JackFire" },
        "north": { "uv": [ 0, 0, 16, 16 ], "texture": "#JackFire" },
        "south": { "uv": [ 0, 0, 16, 16 ], "texture": "#JackFire" },
        "west":  { "uv": [ 0, 0, 0.5, 16 ], "texture": "#JackFire" },
        "east":  { "uv": [ 15.5, 0, 16, 16 ], "texture": "#JackFire" }
    }
}
],
"display": {
    "thirdperson": {
        "rotation": [ -180, -98, 0 ],
        "translation": [ 0, 0, 0 ],
        "scale": [ 0.88, 0.88, 0.88 ]
    },
    "gui": {
        "rotation": [ -3, -99, 0 ],
        "translation": [ 0, 0, 0 ],
        "scale": [ 0.63, 0.66, 0.66 ]
    }
}
}