{
"__comment": "Designed by Hypixel minecraft server with BDcraft Cubik PRO 0.93 Beta - http://bdcraft.net",
"textures": {
    "texture": "blocks/PALADIN Fire",
    "fx": "blocks/PALADIN Fire"
},
"elements": [ 
{
    "from": [ 5.12, 4.92, 5.12 ],
    "to": [ 10.88, 12.12, 10.88 ],
    "faces": {
        "down":  { "uv": [ 10, 10.5, 6, 5.5 ], "texture": "#texture" },
        "up":    { "uv": [ 6, 5.5, 10, 10.5 ], "texture": "#texture" },
        "north": { "uv": [ 5.5, 6.5, 10.5, 9.5 ], "texture": "#texture" },
        "south": { "uv": [ 5.5, 6.5, 10.5, 9.5 ], "texture": "#texture" },
        "west":  { "uv": [ 5.5, 6.5, 10.5, 9.5 ], "texture": "#texture" },
        "east":  { "uv": [ 5.5, 6.5, 10.5, 9.5 ], "texture": "#texture" }
    }
},
{
    "from": [ 6.56, 4.2, 6.56 ],
    "to": [ 9.44, 12.84, 9.44 ],
    "faces": {
        "down":  { "uv": [ 10, 10.5, 6, 5.5 ], "texture": "#texture" },
        "up":    { "uv": [ 6, 5.5, 10, 10.5 ], "texture": "#texture" },
        "north": { "uv": [ 5.5, 6.5, 10.5, 9.5 ], "texture": "#texture" },
        "south": { "uv": [ 5.5, 6.5, 10.5, 9.5 ], "texture": "#texture" },
        "west":  { "uv": [ 5.5, 6.5, 10.5, 9.5 ], "texture": "#texture" },
        "east":  { "uv": [ 5.5, 6.5, 10.5, 9.5 ], "texture": "#texture" }
    }
},
{
    "from": [ 5.12, 5.64, 4.4 ],
    "to": [ 10.88, 11.4, 11.6 ],
    "faces": {
        "down":  { "uv": [ 10, 10.5, 6, 5.5 ], "texture": "#texture" },
        "up":    { "uv": [ 6, 5.5, 10, 10.5 ], "texture": "#texture" },
        "north": { "uv": [ 5.5, 6.5, 10.5, 9.5 ], "texture": "#texture" },
        "south": { "uv": [ 5.5, 6.5, 10.5, 9.5 ], "texture": "#texture" },
        "west":  { "uv": [ 5.5, 6.5, 10.5, 9.5 ], "texture": "#texture" },
        "east":  { "uv": [ 5.5, 6.5, 10.5, 9.5 ], "texture": "#texture" }
    }
},
{
    "from": [ 4.4, 5.64, 5.12 ],
    "to": [ 11.6, 11.4, 10.88 ],
    "faces": {
        "down":  { "uv": [ 10, 10.5, 6, 5.5 ], "texture": "#texture" },
        "up":    { "uv": [ 6, 5.5, 10, 10.5 ], "texture": "#texture" },
        "north": { "uv": [ 5.5, 6.5, 10.5, 9.5 ], "texture": "#texture" },
        "south": { "uv": [ 5.5, 6.5, 10.5, 9.5 ], "texture": "#texture" },
        "west":  { "uv": [ 5.5, 6.5, 10.5, 9.5 ], "texture": "#texture" },
        "east":  { "uv": [ 5.5, 6.5, 10.5, 9.5 ], "texture": "#texture" }
    }
},
{
    "from": [ 3.68, 7.08, 6.56 ],
    "to": [ 12.32, 9.96, 9.44 ],
    "faces": {
        "down":  { "uv": [ 10, 10.5, 6, 5.5 ], "texture": "#texture" },
        "up":    { "uv": [ 6, 5.5, 10, 10.5 ], "texture": "#texture" },
        "north": { "uv": [ 5.5, 6.5, 10.5, 9.5 ], "texture": "#texture" },
        "south": { "uv": [ 5.5, 6.5, 10.5, 9.5 ], "texture": "#texture" },
        "west":  { "uv": [ 5.5, 6.5, 10.5, 9.5 ], "texture": "#texture" },
        "east":  { "uv": [ 5.5, 6.5, 10.5, 9.5 ], "texture": "#texture" }
    }
},
{
    "from": [ 6.56, 7.08, 3.68 ],
    "to": [ 9.44, 9.96, 12.32 ],
    "faces": {
        "down":  { "uv": [ 10, 10.5, 6, 5.5 ], "texture": "#texture" },
        "up":    { "uv": [ 6, 5.5, 10, 10.5 ], "texture": "#texture" },
        "north": { "uv": [ 5.5, 6.5, 10.5, 9.5 ], "texture": "#texture" },
        "south": { "uv": [ 5.5, 6.5, 10.5, 9.5 ], "texture": "#texture" },
        "west":  { "uv": [ 5.5, 6.5, 10.5, 9.5 ], "texture": "#texture" },
        "east":  { "uv": [ 5.5, 6.5, 10.5, 9.5 ], "texture": "#texture" }
    }
},
{
    "from": [ -3.52, 8.43, -3.52 ],
    "to": [ 19.52, 8.52, 19.52 ],
    "faces": {
        "down":  { "uv": [ 0, 16, 16, 0 ], "texture": "#fx" },
        "up":    { "uv": [ 0, 0, 16, 16 ], "texture": "#fx" }
    }
},
{
    "from": [ 8, -3, -3.52 ],
    "to": [ 8.09, 20.04, 19.52 ],
    "faces": {
        "west":  { "uv": [ 0, 0, 16, 16 ], "texture": "#fx" },
        "east":  { "uv": [ 16, 0, 0, 16 ], "texture": "#fx" }
    }
},
{
    "from": [ -3.52, -3, 8 ],
    "to": [ 19.52, 20.04, 8.09 ],
    "faces": {
        "north": { "uv": [ 0, 0, 16, 16 ], "texture": "#fx" },
        "south": { "uv": [ 16, 0, 0, 16 ], "texture": "#fx" }
    }
}
]
}