{"__comment":"Designed by Hypixel minecraft server with BDcraft Cubik PRO 0.90 Beta - http://bdcraft.net","textures":{"texture":"blocks/tnt","particle":"blocks/tnt"},"elements":[{"from":[-0.58,24.42,0.74],"to":[15.92,26.4,1.4],"faces":{"down":{"uv":[8.75,9,15,9.25],"texture":"#texture"},"up":{"uv":[8.75,9,15,9.25],"texture":"#texture"},"north":{"uv":[0.75,1.75,7,2.5],"texture":"#texture"},"south":{"uv":[8.75,9,15,9.25],"texture":"#texture"},"west":{"uv":[0.75,1.75,1,2.5],"texture":"#texture"},"east":{"uv":[0.75,1.75,1,2.5],"texture":"#texture"}}},{"from":[-0.58,24.42,1.4],"to":[0.74,26.4,15.92],"faces":{"down":{"uv":[8.75,9.25,9.25,14.25],"texture":"#texture"},"up":{"uv":[8.75,9.25,9.25,14.25],"texture":"#texture"},"north":{"uv":[6,1.75,6.5,2.5],"texture":"#texture"},"south":{"uv":[6,1.75,6.5,2.5],"texture":"#texture"},"west":{"uv":[1.25,1.75,6.5,2.5],"texture":"#texture"},"east":{"uv":[1.25,1.75,6.5,2.5],"texture":"#texture"}}},{"from":[14.6,24.42,1.4],"to":[15.92,26.4,15.26],"faces":{"down":{"uv":[14.5,9.25,15,14.75],"texture":"#texture"},"up":{"uv":[14.5,9.25,15,14.75],"texture":"#texture"},"north":{"uv":[6.25,1.75,6.5,2.5],"texture":"#texture"},"south":{"uv":[6.25,1.75,6.5,2.5],"texture":"#texture"},"west":{"uv":[14.75,14.5,14.5,9.25],"rotation":90,"texture":"#texture"},"east":{"uv":[1.25,1.75,6.25,2.5],"texture":"#texture"}}},{"from":[0.08,24.42,0.08],"to":[15.26,26.4,0.74],"faces":{"down":{"uv":[9,8.75,14.75,9],"texture":"#texture"},"up":{"uv":[9,8.75,14.75,9],"texture":"#texture"},"north":{"uv":[1,1.75,6.75,2.5],"texture":"#texture"},"south":{"uv":[1,1.75,6.75,2.5],"texture":"#texture"},"west":{"uv":[1.25,1.75,1.5,2.5],"texture":"#texture"},"east":{"uv":[1.25,1.75,1.5,2.5],"texture":"#texture"}}},{"from":[0.74,24.42,1.4],"to":[14.6,25.74,15.26],"faces":{"down":{"uv":[9.25,9.25,14.5,14.5],"texture":"#texture"},"up":{"uv":[9.25,9.25,14.5,14.5],"texture":"#texture"},"north":{"uv":[9.25,9.25,14.5,9.75],"texture":"#texture"},"south":{"uv":[9.25,9.25,14.5,9.75],"texture":"#texture"},"west":{"uv":[9.25,9.25,14.5,9.75],"texture":"#texture"},"east":{"uv":[9.25,9.25,14.5,9.75],"texture":"#texture"}}},{"from":[-0.58,24.42,15.26],"to":[15.92,26.4,15.92],"faces":{"down":{"uv":[8.75,14.5,15,14.75],"texture":"#texture"},"up":{"uv":[8.75,14.5,15,14.75],"texture":"#texture"},"north":{"uv":[8.75,14.5,15,14.75],"texture":"#texture"},"south":{"uv":[0.75,1.75,7,2.5],"texture":"#texture"},"west":{"uv":[6,1.75,6.25,2.5],"texture":"#texture"},"east":{"uv":[6,1.75,6.25,2.5],"texture":"#texture"}}},{"from":[0.08,24.42,15.92],"to":[15.26,26.4,16.58],"faces":{"down":{"uv":[9,14.75,14.75,15],"texture":"#texture"},"up":{"uv":[9,14.75,14.75,15],"texture":"#texture"},"north":{"uv":[1,1.75,6.75,2.5],"texture":"#texture"},"south":{"uv":[1,1.75,6.75,2.5],"texture":"#texture"},"west":{"uv":[1,1.75,1.25,2.5],"texture":"#texture"},"east":{"uv":[6.25,1.75,6.5,2.5],"texture":"#texture"}}},{"from":[0.74,25.74,1.4],"to":[1.4,26.4,2.06],"faces":{"down":{"uv":[9.5,9.5,9.25,9.25],"texture":"#texture"},"up":{"uv":[9.25,9.25,9.5,9.5],"texture":"#texture"},"north":{"uv":[9.25,9.25,9.5,9.5],"texture":"#texture"},"south":{"uv":[9.25,9.25,9.5,9.5],"texture":"#texture"},"west":{"uv":[9.25,9.25,9.5,9.5],"texture":"#texture"},"east":{"uv":[9.25,9.25,9.5,9.5],"texture":"#texture"}}},{"from":[13.94,25.74,1.4],"to":[14.6,26.4,2.06],"faces":{"down":{"uv":[9.5,9.5,9.25,9.25],"texture":"#texture"},"up":{"uv":[9.25,9.25,9.5,9.5],"texture":"#texture"},"north":{"uv":[9.25,9.25,9.5,9.5],"texture":"#texture"},"south":{"uv":[9.25,9.25,9.5,9.5],"texture":"#texture"},"west":{"uv":[9.25,9.25,9.5,9.5],"texture":"#texture"},"east":{"uv":[9.25,9.25,9.5,9.5],"texture":"#texture"}}},{"from":[13.94,25.74,14.6],"to":[14.6,26.4,15.26],"faces":{"down":{"uv":[9.25,14.25,9.5,14.5],"texture":"#texture"},"up":{"uv":[9.25,14.25,9.5,14.5],"texture":"#texture"},"north":{"uv":[9.25,14.25,9.5,14.5],"texture":"#texture"},"south":{"uv":[9.25,14.25,9.5,14.5],"texture":"#texture"},"west":{"uv":[9.25,14.25,9.5,14.5],"texture":"#texture"},"east":{"uv":[9.25,14.25,9.5,14.5],"texture":"#texture"}}},{"from":[0.74,25.74,14.6],"to":[1.4,26.4,15.26],"faces":{"down":{"uv":[9.25,14.25,9.5,14.5],"texture":"#texture"},"up":{"uv":[9.25,14.25,9.5,14.5],"texture":"#texture"},"north":{"uv":[9.25,14.25,9.5,14.5],"texture":"#texture"},"south":{"uv":[9.25,14.25,9.5,14.5],"texture":"#texture"},"west":{"uv":[9.25,14.25,9.5,14.5],"texture":"#texture"},"east":{"uv":[9.25,14.25,9.5,14.5],"texture":"#texture"}}},{"from":[-1.24,16.5,17.9],"to":[16.58,19.14,18.56],"faces":{"down":{"uv":[0.5,5.25,7.25,5.5],"texture":"#texture"},"up":{"uv":[0.5,4.5,7.25,4.75],"texture":"#texture"},"north":{"uv":[0.5,4.5,7.25,5.5],"texture":"#texture"},"south":{"uv":[0.5,4.5,7.25,5.5],"texture":"#texture"},"west":{"uv":[0.5,4.5,0.75,5.5],"texture":"#texture"},"east":{"uv":[7,4.5,7.25,5.5],"texture":"#texture"}}},{"from":[-2.56,16.5,-0.58],"to":[-1.9,19.14,17.24],"faces":{"down":{"uv":[0.25,5.25,7.25,5.5],"rotation":270,"texture":"#texture"},"up":{"uv":[0.5,4.5,7.5,4.75],"rotation":270,"texture":"#texture"},"north":{"uv":[0.25,4.5,0.5,5.5],"texture":"#texture"},"south":{"uv":[0.5,4.5,0.75,5.5],"texture":"#texture"},"west":{"uv":[7.25,4.5,0.5,5.5],"texture":"#texture"},"east":{"uv":[7.25,4.5,0.5,5.5],"texture":"#texture"}}},{"from":[-1.9,16.5,16.58],"to":[-0.58,19.14,17.9],"faces":{"down":{"uv":[0.25,5.25,0.5,5.5],"texture":"#texture"},"up":{"uv":[0.25,4.5,0.5,4.75],"texture":"#texture"},"north":{"uv":[0.75,4.5,1,5.5],"texture":"#texture"},"south":{"uv":[0.75,4.5,1,5.5],"texture":"#texture"},"west":{"uv":[0.75,4.5,1,5.5],"texture":"#texture"},"east":{"uv":[0.75,4.5,1,5.5],"texture":"#texture"}}},{"from":[-1.9,16.5,-1.24],"to":[-0.58,19.14,0.08],"faces":{"down":{"uv":[0.25,5.25,0.5,5.5],"texture":"#texture"},"up":{"uv":[0.25,4.5,0.5,4.75],"texture":"#texture"},"north":{"uv":[0.25,4.5,0.5,5.5],"texture":"#texture"},"south":{"uv":[0.25,4.5,0.5,5.5],"texture":"#texture"},"west":{"uv":[0.25,4.5,0.5,5.5],"texture":"#texture"},"east":{"uv":[0.25,4.5,0.5,5.5],"texture":"#texture"}}},{"from":[15.92,16.5,16.58],"to":[17.24,19.14,17.9],"faces":{"down":{"uv":[0.25,5.25,0.5,5.5],"texture":"#texture"},"up":{"uv":[0.25,4.5,0.5,4.75],"texture":"#texture"},"north":{"uv":[0.25,4.5,0.5,5.5],"texture":"#texture"},"south":{"uv":[0.25,4.5,0.5,5.5],"texture":"#texture"},"west":{"uv":[0.25,4.5,0.5,5.5],"texture":"#texture"},"east":{"uv":[0.25,4.5,0.5,5.5],"texture":"#texture"}}},{"from":[17.24,16.5,-0.58],"to":[17.9,19.14,17.24],"faces":{"down":{"uv":[0.5,5.25,7.25,5.5],"rotation":270,"texture":"#texture"},"up":{"uv":[0.5,4.5,7.5,4.75],"rotation":270,"texture":"#texture"},"north":{"uv":[0.5,4.5,0.75,5.5],"texture":"#texture"},"south":{"uv":[0.25,4.5,0.5,5.5],"texture":"#texture"},"west":{"uv":[7.25,4.5,0.5,5.5],"texture":"#texture"},"east":{"uv":[7.25,4.5,0.5,5.5],"texture":"#texture"}}},{"from":[-1.24,16.5,-1.9],"to":[16.58,19.14,-1.24],"faces":{"down":{"uv":[0.5,5.25,7.25,5.5],"texture":"#texture"},"up":{"uv":[0.5,4.5,7.25,4.75],"texture":"#texture"},"north":{"uv":[0.5,4.5,7.25,5.5],"texture":"#texture"},"south":{"uv":[0.5,4.5,7.25,5.5],"texture":"#texture"},"west":{"uv":[0.25,4.5,0.5,5.5],"texture":"#texture"},"east":{"uv":[0.5,4.5,0.75,5.5],"texture":"#texture"}}},{"from":[15.92,16.5,-1.24],"to":[17.24,19.14,0.08],"faces":{"down":{"uv":[0.25,5.25,0.5,5.5],"texture":"#texture"},"up":{"uv":[0.25,4.5,0.5,4.75],"texture":"#texture"},"north":{"uv":[0.75,4.5,1,5.5],"texture":"#texture"},"south":{"uv":[0.75,4.5,1,5.5],"texture":"#texture"},"west":{"uv":[0.75,4.5,1,5.5],"texture":"#texture"},"east":{"uv":[0.75,4.5,1,5.5],"texture":"#texture"}}},{"from":[-1.24,7.26,17.9],"to":[16.58,9.9,18.56],"faces":{"down":{"uv":[0.5,8,7.25,8.25],"texture":"#texture"},"up":{"uv":[0.5,8,7.25,8.25],"texture":"#texture"},"north":{"uv":[0.5,8,7.25,9],"texture":"#texture"},"south":{"uv":[0.5,8,7.25,9],"texture":"#texture"},"west":{"uv":[0.5,8,0.75,9],"texture":"#texture"},"east":{"uv":[6.75,8,7,9],"texture":"#texture"}}},{"from":[-1.9,7.26,16.58],"to":[-0.58,9.9,17.9],"faces":{"down":{"uv":[0.25,5.25,0.5,5.5],"texture":"#texture"},"up":{"uv":[0.25,4.5,0.5,4.75],"texture":"#texture"},"north":{"uv":[0.75,4.5,1,5.5],"texture":"#texture"},"south":{"uv":[0.75,4.5,1,5.5],"texture":"#texture"},"west":{"uv":[0.75,4.5,1,5.5],"texture":"#texture"},"east":{"uv":[0.75,4.5,1,5.5],"texture":"#texture"}}},{"from":[-2.56,7.26,-0.58],"to":[-1.9,9.9,17.24],"faces":{"down":{"uv":[0.25,5.25,7.25,5.5],"rotation":270,"texture":"#texture"},"up":{"uv":[0.5,4.5,7.5,4.75],"rotation":270,"texture":"#texture"},"north":{"uv":[0.25,4.5,0.5,5.5],"texture":"#texture"},"south":{"uv":[0.5,4.5,0.75,5.5],"texture":"#texture"},"west":{"uv":[7.5,8,0.75,9],"texture":"#texture"},"east":{"uv":[7.25,8,0.5,9],"texture":"#texture"}}},{"from":[15.92,7.26,16.58],"to":[17.24,9.9,17.9],"faces":{"down":{"uv":[0.25,5.25,0.5,5.5],"texture":"#texture"},"up":{"uv":[0.25,4.5,0.5,4.75],"texture":"#texture"},"north":{"uv":[0.25,4.5,0.5,5.5],"texture":"#texture"},"south":{"uv":[0.25,4.5,0.5,5.5],"texture":"#texture"},"west":{"uv":[0.25,4.5,0.5,5.5],"texture":"#texture"},"east":{"uv":[0.25,4.5,0.5,5.5],"texture":"#texture"}}},{"from":[17.24,7.26,-0.58],"to":[17.9,9.9,17.24],"faces":{"down":{"uv":[0.5,5.25,7.25,5.5],"rotation":270,"texture":"#texture"},"up":{"uv":[0.5,4.5,7.5,4.75],"rotation":270,"texture":"#texture"},"north":{"uv":[0.5,4.5,0.75,5.5],"texture":"#texture"},"south":{"uv":[0.25,4.5,0.5,5.5],"texture":"#texture"},"west":{"uv":[7.25,8,0.5,9],"texture":"#texture"},"east":{"uv":[7.25,8,0.5,9],"texture":"#texture"}}},{"from":[-1.9,7.26,-1.24],"to":[-0.58,9.9,0.08],"faces":{"down":{"uv":[0.25,5.25,0.5,5.5],"texture":"#texture"},"up":{"uv":[0.25,4.5,0.5,4.75],"texture":"#texture"},"north":{"uv":[0.25,4.5,0.5,5.5],"texture":"#texture"},"south":{"uv":[0.25,4.5,0.5,5.5],"texture":"#texture"},"west":{"uv":[0.25,4.5,0.5,5.5],"texture":"#texture"},"east":{"uv":[0.25,4.5,0.5,5.5],"texture":"#texture"}}},{"from":[-1.24,7.26,-1.9],"to":[16.58,9.9,-1.24],"faces":{"down":{"uv":[0.5,8,7.25,8.25],"texture":"#texture"},"up":{"uv":[0.5,8,7.25,8.25],"texture":"#texture"},"north":{"uv":[0.5,8,7.25,9],"texture":"#texture"},"south":{"uv":[0.5,8,7.25,9],"texture":"#texture"},"west":{"uv":[0.25,4.5,0.5,5.5],"texture":"#texture"},"east":{"uv":[0.5,4.5,0.75,5.5],"texture":"#texture"}}},{"from":[15.92,7.26,-1.24],"to":[17.24,9.9,0.08],"faces":{"down":{"uv":[0.25,5.25,0.5,5.5],"texture":"#texture"},"up":{"uv":[0.25,4.5,0.5,4.75],"texture":"#texture"},"north":{"uv":[0.75,4.5,1,5.5],"texture":"#texture"},"south":{"uv":[0.75,4.5,1,5.5],"texture":"#texture"},"west":{"uv":[0.75,4.5,1,5.5],"texture":"#texture"},"east":{"uv":[0.75,4.5,1,5.5],"texture":"#texture"}}},{"from":[0.08,0,15.92],"to":[15.26,1.98,16.58],"faces":{"down":{"uv":[1,11.5,6.75,11.75],"texture":"#texture"},"up":{"uv":[1,11,6.75,11.25],"texture":"#texture"},"north":{"uv":[0.75,11,7,11.75],"texture":"#texture"},"south":{"uv":[0.75,11,7,11.75],"texture":"#texture"},"west":{"uv":[0.75,11,1,11.75],"texture":"#texture"},"east":{"uv":[6.75,11,7,11.75],"texture":"#texture"}}},{"from":[15.26,0,0.74],"to":[15.92,1.98,15.92],"faces":{"down":{"uv":[0.75,11.5,7,11.75],"texture":"#texture"},"up":{"uv":[0.75,11,7,11.25],"texture":"#texture"},"north":{"uv":[6.5,11,6.75,11.75],"texture":"#texture"},"south":{"uv":[6.5,11,6.75,11.75],"texture":"#texture"},"west":{"uv":[0.75,11,7,11.75],"texture":"#texture"},"east":{"uv":[0.75,11,7,11.75],"texture":"#texture"}}},{"from":[-0.58,0,0.74],"to":[0.08,1.98,15.92],"faces":{"down":{"uv":[0.75,11.5,7,11.75],"texture":"#texture"},"up":{"uv":[0.75,11,7,11.25],"texture":"#texture"},"north":{"uv":[6.5,11,6.75,11.75],"texture":"#texture"},"south":{"uv":[6.5,11,6.75,11.75],"texture":"#texture"},"west":{"uv":[0.75,11,7,11.75],"texture":"#texture"},"east":{"uv":[0.75,11,7,11.75],"texture":"#texture"}}},{"from":[0.08,0,0.08],"to":[15.26,1.98,0.74],"faces":{"down":{"uv":[1,11.5,6.75,11.75],"texture":"#texture"},"up":{"uv":[1,11,6.75,11.25],"texture":"#texture"},"north":{"uv":[0.75,11,7,11.75],"texture":"#texture"},"south":{"uv":[0.75,11,7,11.75],"texture":"#texture"},"west":{"uv":[0.75,11,1,11.75],"texture":"#texture"},"east":{"uv":[6.75,11,7,11.75],"texture":"#texture"}}},{"from":[-0.58,5.94,-1.24],"to":[15.92,21.12,0.08],"faces":{"down":{"uv":[7,9.75,0.75,9.5],"texture":"#texture"},"up":{"uv":[0.75,3.75,7,3.5],"texture":"#texture"},"north":{"uv":[0.75,3.75,7,9.5],"texture":"#texture"},"south":{"uv":[0.75,3.75,7,9.5],"texture":"#texture"},"west":{"uv":[0.5,3.75,0.75,9.5],"texture":"#texture"},"east":{"uv":[7,3.75,7.25,9.5],"texture":"#texture"}}},{"from":[-0.58,5.94,16.58],"to":[15.92,21.12,17.9],"faces":{"down":{"uv":[0.75,9.25,7,9.5],"texture":"#texture"},"up":{"uv":[0.75,3.5,7,3.75],"texture":"#texture"},"north":{"uv":[0.75,3.75,7,9.5],"texture":"#texture"},"south":{"uv":[0.75,3.75,7,9.5],"texture":"#texture"},"west":{"uv":[7,3.75,7.25,9.5],"texture":"#texture"},"east":{"uv":[7,3.75,7.25,9.5],"texture":"#texture"}}},{"from":[-1.9,5.94,0.08],"to":[-0.58,21.12,16.58],"faces":{"down":{"uv":[7,9.5,0.75,9.75],"rotation":90,"texture":"#texture"},"up":{"uv":[0.75,3.5,7,3.75],"rotation":90,"texture":"#texture"},"north":{"uv":[7,3.75,7.25,9.5],"texture":"#texture"},"south":{"uv":[7,3.75,7.25,9.5],"texture":"#texture"},"west":{"uv":[0.75,3.75,7,9.5],"texture":"#texture"},"east":{"uv":[0.75,3.75,7,9.5],"texture":"#texture"}}},{"from":[15.92,5.94,0.08],"to":[17.24,21.12,16.58],"faces":{"down":{"uv":[0.75,9.5,7,9.75],"rotation":90,"texture":"#texture"},"up":{"uv":[0.75,3.5,7,3.75],"rotation":90,"texture":"#texture"},"north":{"uv":[0.5,3.75,0.75,9.5],"texture":"#texture"},"south":{"uv":[0.5,3.75,0.75,9.5],"texture":"#texture"},"west":{"uv":[0.75,3.75,7,9.5],"texture":"#texture"},"east":{"uv":[0.75,3.75,7,9.5],"texture":"#texture"}}},{"from":[-1.24,5.28,-0.58],"to":[-0.58,21.78,0.08],"faces":{"down":{"uv":[0.75,3.5,1,3.75],"texture":"#texture"},"up":{"uv":[0.75,3.5,1,3.75],"texture":"#texture"},"north":{"uv":[0.75,3.5,1,9.75],"texture":"#texture"},"south":{"uv":[0.75,3.5,1,9.75],"texture":"#texture"},"west":{"uv":[0.75,3.5,1,9.75],"texture":"#texture"},"east":{"uv":[0.75,3.5,1,9.75],"texture":"#texture"}}},{"from":[-1.24,5.28,16.58],"to":[-0.58,21.78,17.24],"faces":{"down":{"uv":[6.75,3.5,7,3.75],"texture":"#texture"},"up":{"uv":[6.75,3.5,7,3.75],"texture":"#texture"},"north":{"uv":[6.75,3.5,7,9.75],"texture":"#texture"},"south":{"uv":[6.75,3.5,7,9.75],"texture":"#texture"},"west":{"uv":[6.75,3.5,7,9.75],"texture":"#texture"},"east":{"uv":[6.75,3.5,7,9.75],"texture":"#texture"}}},{"from":[15.92,5.28,16.58],"to":[16.58,21.78,17.24],"faces":{"down":{"uv":[7,3.5,7.25,3.75],"texture":"#texture"},"up":{"uv":[7,3.5,7.25,3.75],"texture":"#texture"},"north":{"uv":[7,3.5,7.25,9.75],"texture":"#texture"},"south":{"uv":[7,3.5,7.25,9.75],"texture":"#texture"},"west":{"uv":[7,3.5,7.25,9.75],"texture":"#texture"},"east":{"uv":[7,3.5,7.25,9.75],"texture":"#texture"}}},{"from":[15.92,5.28,-0.58],"to":[16.58,21.78,0.08],"faces":{"down":{"uv":[1,9.75,0.75,9.5],"texture":"#texture"},"up":{"uv":[1,9.75,0.75,9.5],"texture":"#texture"},"north":{"uv":[0.75,3.5,1,9.75],"texture":"#texture"},"south":{"uv":[0.75,3.5,1,9.75],"texture":"#texture"},"west":{"uv":[0.75,3.5,1,9.75],"texture":"#texture"},"east":{"uv":[0.75,3.5,1,9.75],"texture":"#texture"}}},{"from":[-0.58,21.12,15.92],"to":[15.92,24.42,17.24],"faces":{"down":{"uv":[0.75,2.5,7,2.75],"texture":"#texture"},"up":{"uv":[0.75,2.5,7,2.75],"texture":"#texture"},"north":{"uv":[0.75,2.5,7,3.5],"texture":"#texture"},"south":{"uv":[0.75,2.5,7,3.5],"texture":"#texture"},"west":{"uv":[0.5,2.5,1,3.5],"texture":"#texture"},"east":{"uv":[0.5,2.5,1,3.5],"texture":"#texture"}}},{"from":[-0.58,21.12,-0.58],"to":[15.92,24.42,0.74],"faces":{"down":{"uv":[0.75,2.5,7,2.75],"texture":"#texture"},"up":{"uv":[0.75,2.5,7,2.75],"texture":"#texture"},"north":{"uv":[7,2.5,0.75,3.5],"texture":"#texture"},"south":{"uv":[7,2.5,0.75,3.5],"texture":"#texture"},"west":{"uv":[0.5,2.5,1,3.5],"texture":"#texture"},"east":{"uv":[0.5,2.5,1,3.5],"texture":"#texture"}}},{"from":[-1.24,21.12,0.08],"to":[-0.58,24.42,16.58],"faces":{"down":{"uv":[0.75,2.5,7,2.75],"rotation":90,"texture":"#texture"},"up":{"uv":[0.75,2.5,7,2.75],"rotation":90,"texture":"#texture"},"north":{"uv":[0.75,2.5,1,3.5],"texture":"#texture"},"south":{"uv":[6.75,2.5,7,3.5],"texture":"#texture"},"west":{"uv":[0.75,2.5,7,3.5],"texture":"#texture"},"east":{"uv":[0.75,2.5,7,3.5],"texture":"#texture"}}},{"from":[15.92,21.12,0.08],"to":[16.58,24.42,16.58],"faces":{"down":{"uv":[0.75,2.5,7,2.75],"rotation":90,"texture":"#texture"},"up":{"uv":[0.75,2.5,7,2.75],"rotation":90,"texture":"#texture"},"north":{"uv":[0.75,2.5,1,3.5],"texture":"#texture"},"south":{"uv":[6.75,2.5,7,3.5],"texture":"#texture"},"west":{"uv":[7,2.5,0.75,3.5],"texture":"#texture"},"east":{"uv":[7,2.5,0.75,3.5],"texture":"#texture"}}},{"from":[-1.9,21.12,4.04],"to":[-1.24,23.1,12.62],"faces":{"down":{"uv":[2.25,3,5.5,3.25],"rotation":90,"texture":"#texture"},"up":{"uv":[2.25,3,5.5,3.25],"rotation":90,"texture":"#texture"},"north":{"uv":[2.25,3,2.5,3.5],"texture":"#texture"},"south":{"uv":[5.25,3,5.5,3.5],"texture":"#texture"},"west":{"uv":[2.25,3,5.5,3.5],"texture":"#texture"},"east":{"uv":[2.25,3,5.5,3.5],"texture":"#texture"}}},{"from":[16.58,21.12,4.04],"to":[17.24,23.1,12.62],"faces":{"down":{"uv":[2.25,3,5.5,3.25],"rotation":90,"texture":"#texture"},"up":{"uv":[2.25,3,5.5,3.25],"rotation":90,"texture":"#texture"},"north":{"uv":[2.25,3,2.5,3.5],"texture":"#texture"},"south":{"uv":[5.25,3,5.5,3.5],"texture":"#texture"},"west":{"uv":[5.5,3,2.25,3.5],"texture":"#texture"},"east":{"uv":[5.5,3,2.25,3.5],"texture":"#texture"}}},{"from":[3.38,21.12,17.24],"to":[11.96,23.1,17.9],"faces":{"down":{"uv":[2.25,3,5.5,3.25],"texture":"#texture"},"up":{"uv":[2.25,3,5.5,3.25],"texture":"#texture"},"north":{"uv":[2.25,3,5.5,3.5],"texture":"#texture"},"south":{"uv":[2.25,3,5.5,3.5],"texture":"#texture"},"west":{"uv":[2.25,3,2.5,3.5],"texture":"#texture"},"east":{"uv":[2.25,3,2.5,3.5],"texture":"#texture"}}},{"from":[3.38,21.12,-1.24],"to":[11.96,23.1,-0.58],"faces":{"down":{"uv":[2.25,3,5.5,3.25],"texture":"#texture"},"up":{"uv":[2.25,3,5.5,3.25],"texture":"#texture"},"north":{"uv":[5.5,3,2.25,3.5],"texture":"#texture"},"south":{"uv":[5.5,3,2.25,3.5],"texture":"#texture"},"west":{"uv":[2.25,3,2.5,3.5],"texture":"#texture"},"east":{"uv":[2.25,3,2.5,3.5],"texture":"#texture"}}},{"from":[-0.58,1.98,-0.58],"to":[15.92,5.94,0.74],"faces":{"down":{"uv":[7,11,0.75,10.75],"texture":"#texture"},"up":{"uv":[0.75,9.5,7,9.75],"texture":"#texture"},"north":{"uv":[0.75,9.5,7,11],"texture":"#texture"},"south":{"uv":[0.75,9.5,7,11],"texture":"#texture"},"west":{"uv":[6.75,9.5,7,11],"texture":"#texture"},"east":{"uv":[6.75,9.5,7,11],"texture":"#texture"}}},{"from":[-1.24,1.98,0.08],"to":[0.08,5.94,16.58],"faces":{"down":{"uv":[0.75,10.75,7,11],"rotation":270,"texture":"#texture"},"up":{"uv":[0.75,9.5,7,9.75],"texture":"#texture"},"north":{"uv":[0.75,9.5,1,11],"texture":"#texture"},"south":{"uv":[6.75,9.5,7,11],"texture":"#texture"},"west":{"uv":[0.75,9.5,7,11],"texture":"#texture"},"east":{"uv":[0.75,9.5,7,11],"texture":"#texture"}}},{"from":[-0.58,1.98,15.92],"to":[15.92,5.94,17.24],"faces":{"down":{"uv":[0.75,11,7,10.75],"texture":"#texture"},"up":{"uv":[0.75,9.5,7,9.75],"texture":"#texture"},"north":{"uv":[0.75,9.5,7,11],"texture":"#texture"},"south":{"uv":[0.75,9.5,7,11],"texture":"#texture"},"west":{"uv":[0.75,9.5,1,11],"texture":"#texture"},"east":{"uv":[0.75,9.5,1,11],"texture":"#texture"}}},{"from":[15.26,1.98,0.08],"to":[16.58,5.94,16.58],"faces":{"down":{"uv":[7,10.75,0.75,11],"rotation":270,"texture":"#texture"},"up":{"uv":[0.75,9.5,7,9.75],"texture":"#texture"},"north":{"uv":[0.75,9.5,1.25,11],"texture":"#texture"},"south":{"uv":[6.5,9.5,7,11],"texture":"#texture"},"west":{"uv":[0.75,9.5,7,11],"texture":"#texture"},"east":{"uv":[0.75,9.5,7,11],"texture":"#texture"}}},{"from":[0.08,0,0.74],"to":[15.26,0.66,15.92],"faces":{"down":{"uv":[1.5,11.5,6,11.75],"texture":"#texture"},"up":{"uv":[1.5,11.5,6,11.75],"texture":"#texture"},"north":{"uv":[0.75,11.5,7,11.75],"texture":"#texture"},"south":{"uv":[0.75,11.5,7,11.75],"texture":"#texture"},"west":{"uv":[0.75,11.5,6.75,11.75],"texture":"#texture"},"east":{"uv":[2,15.5,13.5,16],"texture":"#texture"}}},{"from":[3.38,3.96,-1.24],"to":[11.96,5.94,-0.58],"faces":{"down":{"uv":[5.5,9.75,2.25,10],"texture":"#texture"},"up":{"uv":[5.5,9.5,2.25,9.75],"texture":"#texture"},"north":{"uv":[2.25,9.5,5.5,10],"texture":"#texture"},"south":{"uv":[2.25,9.5,5.5,10],"texture":"#texture"},"west":{"uv":[2.25,3,2.5,3.5],"texture":"#texture"},"east":{"uv":[2.25,3,2.5,3.5],"texture":"#texture"}}},{"from":[3.38,3.96,17.24],"to":[11.96,5.94,17.9],"faces":{"down":{"uv":[2.25,9.75,5.5,10],"texture":"#texture"},"up":{"uv":[5.5,9.5,2.25,9.75],"texture":"#texture"},"north":{"uv":[2.25,9.5,5.5,10],"texture":"#texture"},"south":{"uv":[2.25,9.5,5.5,10],"texture":"#texture"},"west":{"uv":[2.25,3,2.5,3.5],"texture":"#texture"},"east":{"uv":[2.25,3,2.5,3.5],"texture":"#texture"}}},{"from":[-1.9,3.96,4.04],"to":[-1.24,5.94,12.62],"faces":{"down":{"uv":[5.5,9.75,2.25,10],"rotation":90,"texture":"#texture"},"up":{"uv":[5.5,9.5,2.25,9.75],"rotation":90,"texture":"#texture"},"north":{"uv":[2.25,3,2.5,3.5],"texture":"#texture"},"south":{"uv":[5.25,3,5.5,3.5],"texture":"#texture"},"west":{"uv":[2.25,9.5,5.5,10],"texture":"#texture"},"east":{"uv":[2.25,9.5,5.5,10],"texture":"#texture"}}},{"from":[16.58,3.96,4.04],"to":[17.24,5.94,12.62],"faces":{"down":{"uv":[2.25,9.75,5.5,10],"rotation":90,"texture":"#texture"},"up":{"uv":[5.5,9.5,2.25,9.75],"rotation":90,"texture":"#texture"},"north":{"uv":[2.25,3,2.5,3.5],"texture":"#texture"},"south":{"uv":[5.25,3,5.5,3.5],"texture":"#texture"},"west":{"uv":[2.25,9.5,5.5,10],"texture":"#texture"},"east":{"uv":[2.25,9.5,5.5,10],"texture":"#texture"}}},{"from":[7.01,25.74,5.36],"to":[8.33,27.72,7.34],"faces":{"down":{"uv":[3.5,1.75,2.75,1],"texture":"#texture"},"up":{"uv":[2.75,1.25,3.5,0.75],"texture":"#texture"},"north":{"uv":[2.75,0.75,3.5,1.75],"texture":"#texture"},"south":{"uv":[2.75,0.75,3.5,1.75],"texture":"#texture"},"west":{"uv":[2.75,1,3.25,1.75],"texture":"#texture"},"east":{"uv":[3,0.75,3.5,1.75],"texture":"#texture"}}},{"from":[6.02,27.72,5.69],"to":[8,29.04,7.01],"faces":{"down":{"uv":[2.5,0.75,3.25,0.5],"texture":"#texture"},"up":{"uv":[2.5,0.5,3.25,0.25],"texture":"#texture"},"north":{"uv":[2.5,0.25,3.25,0.75],"texture":"#texture"},"south":{"uv":[2.5,0.25,3.25,0.75],"texture":"#texture"},"west":{"uv":[2.75,0.25,3.25,0.75],"texture":"#texture"},"east":{"uv":[2.75,0.25,3.25,0.75],"texture":"#texture"}}},{"from":[6.02,27.06,6.02],"to":[6.68,27.72,6.68],"faces":{"down":{"uv":[2.5,0.75,2.75,1],"texture":"#texture"},"up":{"uv":[2.5,0.75,2.75,1],"texture":"#texture"},"north":{"uv":[2.5,0.75,2.75,1],"texture":"#texture"},"south":{"uv":[2.5,0.75,2.75,1],"texture":"#texture"},"west":{"uv":[2.5,0.75,2.75,1],"texture":"#texture"},"east":{"uv":[2.5,0.75,2.75,1],"texture":"#texture"}}},{"from":[4.04,29.04,5.69],"to":[7.34,29.7,7.01],"faces":{"down":{"uv":[1.75,0.25,3,0],"texture":"#texture"},"up":{"uv":[1.75,0.5,3,0],"texture":"#texture"},"north":{"uv":[1.75,0,3,0.25],"texture":"#texture"},"south":{"uv":[1.75,0,3,0.25],"texture":"#texture"},"west":{"uv":[1.75,0,2,0.25],"texture":"#texture"},"east":{"uv":[1.75,0,2,0.25],"texture":"#texture"}}},{"from":[4.7,28.38,6.02],"to":[6.02,29.04,6.68],"faces":{"down":{"uv":[2,0.25,2.5,0.5],"texture":"#texture"},"up":{"uv":[2,0.25,2.5,0.5],"texture":"#texture"},"north":{"uv":[2,0.25,2.5,0.5],"texture":"#texture"},"south":{"uv":[2,0.25,2.5,0.5],"texture":"#texture"},"west":{"uv":[2,0.25,2.5,0.5],"texture":"#texture"},"east":{"uv":[2,0.25,2.5,0.5],"texture":"#texture"}}},{"from":[3.38,27.72,6.02],"to":[4.7,29.04,6.68],"faces":{"down":{"uv":[1.5,0.75,2,0.25],"texture":"#texture"},"up":{"uv":[1.5,0.25,2,0.75],"texture":"#texture"},"north":{"uv":[1.5,0.25,2,0.75],"texture":"#texture"},"south":{"uv":[1.5,0.25,2,0.75],"texture":"#texture"},"west":{"uv":[1.5,0.25,1.75,0.75],"texture":"#texture"},"east":{"uv":[1.5,0.25,1.75,0.75],"texture":"#texture"}}},{"from":[8.33,26.07,5.69],"to":[8.66,27.72,7.01],"faces":{"down":{"uv":[3.5,1.75,3.25,1.25],"texture":"#texture"},"up":{"uv":[3.5,1.25,3.25,0.75],"texture":"#texture"},"north":{"uv":[3.25,0.75,3.5,1.75],"texture":"#texture"},"south":{"uv":[3.25,0.75,3.5,1.75],"texture":"#texture"},"west":{"uv":[3,0.75,3.5,1.75],"texture":"#texture"},"east":{"uv":[3,0.75,3.5,1.75],"texture":"#texture"}}},{"from":[6.68,26.07,5.69],"to":[7.01,27.72,7.01],"faces":{"down":{"uv":[3.5,1.75,3.25,1.25],"texture":"#texture"},"up":{"uv":[3.5,1.25,3.25,0.75],"texture":"#texture"},"north":{"uv":[2.75,0.75,3,1.75],"texture":"#texture"},"south":{"uv":[2.75,0.75,3,1.75],"texture":"#texture"},"west":{"uv":[2.75,0.75,3,1.75],"texture":"#texture"},"east":{"uv":[2.75,0.75,3,1.75],"texture":"#texture"}}}],"display":{"fixed":{"rotation":[0,0,0],"translation":[0,-2.6,0],"scale":[0.9,0.9,0.9]},"head":{"rotation":[0,0,0],"translation":[0,-14,0],"scale":[2,2,2]}}}