{
    "__comment": "Model generated using MrCrayfish's Model Creator (http://mrcrayfish.com/modelcreator/)",
    "textures": {
        "0": "blocks/botman_money"
    },
    "elements": [
        {
            "name": "Cube",
            "from": [ 5.0, 0.0, 2.0 ], 
            "to": [ 12.0, 5.0, 15.0 ], 
            "faces": {
                "north": { "texture": "#0", "uv": [ 0.0, 0.0, 8.0, 16.0 ] },
                "east": { "texture": "#0", "uv": [ 0.0, 0.0, 8.0, 16.0 ] },
                "south": { "texture": "#0", "uv": [ 0.0, 0.0, 8.0, 16.0 ] },
                "west": { "texture": "#0", "uv": [ 0.0, 0.0, 8.0, 16.0 ] },
                "up": { "texture": "#0", "uv": [ 8.0, 0.0, 16.0, 16.0 ] },
                "down": { "texture": "#0", "uv": [ 8.0, 0.0, 16.0, 16.0 ] }
            }
        },
        {
            "name": "Cube",
            "from": [ 4.200000002980232, -0.7999999970197678, 6.500000007450581 ], 
            "to": [ 12.799999997019768, 5.799999997019768, 10.50000000745058 ], 
            "faces": {
                "north": { "texture": "#0", "uv": [ 13.0, 0.0, 10.599999994039536, 15.999999994039529 ] },
                "east": { "texture": "#0", "uv": [ 11.0, 0.0, 13.0, 16.0 ] },
                "south": { "texture": "#0", "uv": [ 11.0, 0.0, 12.6, 16.0 ] },
                "west": { "texture": "#0", "uv": [ 11.0, 0.0, 13.0, 16.0 ] },
                "up": { "texture": "#0", "uv": [ 11.0, 0.0, 12.599999994039536, 16.0 ] },
                "down": { "texture": "#0", "uv": [ 11.0, 0.0, 12.599999994039536, 16.0 ] }
            }
        }
    ],
"display": {
    "thirdperson": {
        "rotation": [ 0, 0, 0 ],
        "translation": [ -0.25, 4.00, -0.25 ],
        "scale": [ 1.00, 1.00, 1.00 ]
    },
    "firstperson": {
        "rotation": [ 0, 0, 0 ],
        "translation": [ 0.00, 8.00, 0.00 ],
        "scale": [ 1.50, 1.50, 1.50 ]
    },
    "gui": {
        "rotation": [ 0, 0, 0 ],
        "translation": [ -0.50, 3.50, 0.00 ],
        "scale": [ 1.50, 1.50, 1.50 ]
    },
    "head": {
        "rotation": [ 0, 90, 0 ],
        "translation": [ -0.50, 5.50, 0.00 ],
        "scale": [ 2.00, 2.00, 2.00 ]
    }
}
}