{
    "__createdwith": "opl's Model Creator",
    "ambientocclusion": false,
    "textures": {
        "texture": "blocks/fox",
        "particle": "blocks/botman"
    },
    "elements": [
        {
            "from": [4,0.5,12.5],
            "to": [12,7.5,13],
            "faces": {
                "up": {
                    "uv": [4,8.5,12,9],
                    "texture": "#texture"
                },
                "down": {
                    "uv": [4,15,12,15.5],
                    "texture": "#texture"
                },
                "west": {
                    "uv": [4,8.5,4.5,15.5],
                    "texture": "#texture"
                },
                "east": {
                    "uv": [11.5,8.5,12,15.5],
                    "texture": "#texture"
                },
                "north": {
                    "uv": [12,8.5,4,15.5],
                    "texture": "#texture"
                },
                "south": {
                    "texture": "#texture"
                }
            }
        },
        {
            "from": [4.5,1,13],
            "to": [11.5,7.5,13.5],
            "faces": {
                "up": {
                    "uv": [4.5,8.5,11.5,9],
                    "texture": "#texture"
                },
                "down": {
                    "uv": [4.5,15,11.5,15.5],
                    "texture": "#texture"
                },
                "west": {
                    "uv": [4.5,8.5,5,15.5],
                    "texture": "#texture"
                },
                "east": {
                    "uv": [11,8.5,11.5,15.5],
                    "texture": "#texture"
                },
                "north": {
                    "uv": [11.5,8.5,4.5,15.5],
                    "texture": "#texture"
                },
                "south": {
                    "texture": "#texture"
                }
            }
        },
        {
            "from": [3.5,0.5,12],
            "to": [8,7.5,12.5],
            "faces": {
                "up": {
                    "uv": [14.5,8.5,15.5,9],
                    "texture": "#texture"
                },
                "down": {
                    "uv": [15,15,15.5,15.5],
                    "texture": "#texture"
                },
                "west": {
                    "uv": [12,15.5,12.5,8.5],
                    "texture": "#texture"
                },
                "east": {
                    "uv": [15,15.5,15.5,8.5],
                    "texture": "#texture"
                },
                "north": {
                    "uv": [15,15.5,15.5,8.5],
                    "texture": "#texture"
                },
                "south": {
                    "uv": [15,15.5,15.5,8.5],
                    "texture": "#texture"
                }
            }
        },
        {
            "from": [8,0.5,12],
            "to": [12.5,7.5,12.5],
            "faces": {
                "up": {
                    "uv": [14.5,8,15.5,8.5],
                    "texture": "#texture"
                },
                "down": {
                    "uv": [15,15,15.5,15.5],
                    "texture": "#texture"
                },
                "west": {
                    "uv": [15,8,15.5,15],
                    "texture": "#texture"
                },
                "east": {
                    "uv": [12,8,12.5,15],
                    "texture": "#texture"
                },
                "north": {
                    "uv": [15,8,15.5,15],
                    "texture": "#texture"
                },
                "south": {
                    "uv": [15,8,15.5,15],
                    "texture": "#texture"
                }
            }
        },
        {
            "from": [3.5,1.5,12.5],
            "to": [8,6.5,13],
            "faces": {
                "up": {
                    "uv": [4,10.5,4.5,11],
                    "texture": "#texture"
                },
                "down": {
                    "uv": [4,11,4.5,10.5],
                    "texture": "#texture"
                },
                "west": {
                    "uv": [4,10.5,4.5,11],
                    "texture": "#texture"
                },
                "east": {
                    "uv": [4.5,10.5,4,11],
                    "texture": "#texture"
                },
                "north": {
                    "uv": [4,10.5,4.5,11],
                    "texture": "#texture"
                },
                "south": {
                    "uv": [4,11,4.5,10.5],
                    "texture": "#texture"
                }
            }
        },
        {
            "from": [8,1.5,12.5],
            "to": [12.5,6.5,13],
            "faces": {
                "up": {
                    "uv": [4,10.5,4.5,11],
                    "texture": "#texture"
                },
                "down": {
                    "uv": [4,11,4.5,10.5],
                    "texture": "#texture"
                },
                "west": {
                    "uv": [4,10.5,4.5,11],
                    "texture": "#texture"
                },
                "east": {
                    "uv": [4.5,10.5,4,11],
                    "texture": "#texture"
                },
                "north": {
                    "uv": [4,10.5,4.5,11],
                    "texture": "#texture"
                },
                "south": {
                    "uv": [4,11,4.5,10.5],
                    "texture": "#texture"
                }
            }
        },
        {
            "from": [3.5,0.5,11],
            "to": [12.5,7.5,12],
            "faces": {
                "up": {
                    "uv": [14,8.5,15,9],
                    "texture": "#texture",
                    "rotation": 90
                },
                "down": {
                    "uv": [15.25,12.75,15,11],
                    "texture": "#texture"
                },
                "west": {
                    "uv": [11.5,8.5,12.5,15.5],
                    "texture": "#texture"
                },
                "east": {
                    "uv": [12.5,8.25,11.5,15.25],
                    "texture": "#texture"
                },
                "north": {
                    "uv": [14.5,13,14.75,15.5],
                    "texture": "#texture"
                },
                "south": {
                    "uv": [14.5,8.5,15,15.5],
                    "texture": "#texture"
                }
            }
        },
        {
            "from": [4,0,11],
            "to": [12,0.5,12.5],
            "faces": {
                "up": {
                    "uv": [4,10.5,4.5,11],
                    "texture": "#texture"
                },
                "down": {
                    "uv": [4,11,4.5,10.5],
                    "texture": "#texture"
                },
                "west": {
                    "uv": [4,10.5,4.5,11],
                    "texture": "#texture"
                },
                "east": {
                    "uv": [4.5,10.5,4,11],
                    "texture": "#texture"
                },
                "north": {
                    "uv": [4,10.5,4.5,11],
                    "texture": "#texture"
                },
                "south": {
                    "uv": [4,11,4.5,10.5],
                    "texture": "#texture"
                }
            }
        },
        {
            "from": [4.5,0,12.5],
            "to": [11.5,0.5,13],
            "faces": {
                "up": {
                    "uv": [4,10.5,4.5,11],
                    "texture": "#texture"
                },
                "down": {
                    "uv": [5.5,12.5,10.5,12],
                    "texture": "#texture"
                },
                "west": {
                    "uv": [4,10.5,4.5,11],
                    "texture": "#texture"
                },
                "east": {
                    "uv": [4.5,10.5,4,11],
                    "texture": "#texture"
                },
                "north": {
                    "uv": [4,10.5,4.5,11],
                    "texture": "#texture"
                },
                "south": {
                    "uv": [4,11,4.5,10.5],
                    "texture": "#texture"
                }
            }
        },
        {
            "from": [4,7.5,11],
            "to": [12,8,13],
            "faces": {
                "up": {
                    "uv": [4,8,12,8.5],
                    "texture": "#texture"
                },
                "down": {
                    "uv": [4,8,12,8.5],
                    "texture": "#texture"
                },
                "west": {
                    "uv": [4.5,8,6.5,8.5],
                    "texture": "#texture"
                },
                "east": {
                    "uv": [4.5,8,6.5,8.5],
                    "texture": "#texture"
                },
                "north": {
                    "uv": [4,11,12,11.5],
                    "texture": "#texture"
                },
                "south": {
                    "texture": "#texture"
                }
            }
        },
        {
            "from": [4.5,7.5,13],
            "to": [6.5,8,13.5],
            "faces": {
                "up": {
                    "uv": [4.5,8,6.5,8.5],
                    "texture": "#texture"
                },
                "down": {
                    "uv": [4.5,8.5,6.5,8],
                    "texture": "#texture"
                },
                "west": {
                    "uv": [4.5,8,5,8.5],
                    "texture": "#texture"
                },
                "east": {
                    "uv": [6.5,8,6,8.5],
                    "texture": "#texture"
                },
                "north": {
                    "texture": "#texture"
                },
                "south": {
                    "uv": [4.5,8.5,6.5,8],
                    "texture": "#texture"
                }
            }
        },
        {
            "from": [9.5,7.5,13],
            "to": [11.5,8,13.5],
            "faces": {
                "up": {
                    "uv": [4.5,8,6.5,8.5],
                    "texture": "#texture"
                },
                "down": {
                    "uv": [4.5,8.5,6.5,8],
                    "texture": "#texture"
                },
                "west": {
                    "uv": [4.5,8,5,8.5],
                    "texture": "#texture"
                },
                "east": {
                    "uv": [6.5,8,6,8.5],
                    "texture": "#texture"
                },
                "north": {
                    "uv": [4.5,8,6.5,8.5],
                    "texture": "#texture"
                },
                "south": {
                    "uv": [4.5,8.5,6.5,8],
                    "texture": "#texture"
                }
            }
        },
        {
            "from": [3.5,4.5,10.5],
            "to": [4,6.5,11],
            "faces": {
                "up": {
                    "uv": [15.5,0.5,16,1],
                    "texture": "#texture"
                },
                "down": {
                    "uv": [15.5,1,16,0.5],
                    "texture": "#texture"
                },
                "west": {
                    "uv": [15.5,0.5,16,1],
                    "texture": "#texture"
                },
                "east": {
                    "uv": [16,0.5,15.5,1],
                    "texture": "#texture"
                },
                "north": {
                    "uv": [15.5,0.5,16,1],
                    "texture": "#texture"
                },
                "south": {
                    "uv": [15.5,1,16,0.5],
                    "texture": "#texture"
                }
            }
        },
        {
            "from": [12,4.5,10.5],
            "to": [12.5,6.5,11],
            "faces": {
                "up": {
                    "uv": [15.5,0.5,16,1],
                    "texture": "#texture"
                },
                "down": {
                    "uv": [15.5,1,16,0.5],
                    "texture": "#texture"
                },
                "west": {
                    "uv": [15.5,0.5,16,1],
                    "texture": "#texture"
                },
                "east": {
                    "uv": [16,0.5,15.5,1],
                    "texture": "#texture"
                },
                "north": {
                    "uv": [15.5,0.5,16,1],
                    "texture": "#texture"
                },
                "south": {
                    "uv": [15.5,1,16,0.5],
                    "texture": "#texture"
                }
            }
        },
        {
            "from": [3.5,4.5,2.5],
            "to": [4,6.5,10.5],
            "faces": {
                "up": {
                    "uv": [11.5,0,12,0.5],
                    "texture": "#texture"
                },
                "down": {
                    "uv": [11.5,1,12,1.5],
                    "texture": "#texture"
                },
                "west": {
                    "uv": [11,0,11.5,1.5],
                    "texture": "#texture"
                },
                "east": {
                    "uv": [11,0,11.5,1.5],
                    "texture": "#texture"
                },
                "north": {
                    "uv": [12,0,12.5,1.5],
                    "texture": "#texture"
                },
                "south": {
                    "uv": [12,0,12.5,1.5],
                    "texture": "#texture"
                }
            }
        },
        {
            "from": [12,4.5,2.5],
            "to": [12.5,6.5,10.5],
            "faces": {
                "up": {
                    "uv": [11.5,0,12,0.5],
                    "texture": "#texture"
                },
                "down": {
                    "uv": [11.5,1,12,1.5],
                    "texture": "#texture"
                },
                "west": {
                    "uv": [11,0,11.5,1.5],
                    "texture": "#texture"
                },
                "east": {
                    "uv": [11,0,11.5,1.5],
                    "texture": "#texture"
                },
                "north": {
                    "uv": [12,0,12.5,1.5],
                    "texture": "#texture"
                },
                "south": {
                    "uv": [12,0,12.5,1.5],
                    "texture": "#texture"
                }
            }
        },
        {
            "from": [4,4.5,2],
            "to": [12,6.5,2.5],
            "faces": {
                "up": {
                    "uv": [11.5,0,12,0.5],
                    "texture": "#texture"
                },
                "down": {
                    "uv": [11.5,1,12,1.5],
                    "texture": "#texture"
                },
                "west": {
                    "uv": [11,0,11.5,1.5],
                    "texture": "#texture"
                },
                "east": {
                    "uv": [11,0,11.5,1.5],
                    "texture": "#texture"
                },
                "north": {
                    "uv": [12,0,12.5,1.5],
                    "texture": "#texture"
                },
                "south": {
                    "uv": [12,0,12.5,1.5],
                    "texture": "#texture"
                }
            }
        },
        {
            "from": [7,4.5,1.5],
            "to": [9,6.5,2],
            "faces": {
                "up": {
                    "uv": [10,0.5,10.5,1],
                    "texture": "#texture"
                },
                "down": {
                    "uv": [10,1,10.5,0.5],
                    "texture": "#texture"
                },
                "west": {
                    "uv": [10,0.5,10.5,1],
                    "texture": "#texture"
                },
                "east": {
                    "uv": [10.5,0.5,10,1],
                    "texture": "#texture"
                },
                "north": {
                    "uv": [10,0.5,10.5,1],
                    "texture": "#texture"
                },
                "south": {
                    "uv": [10,1,10.5,0.5],
                    "texture": "#texture"
                }
            }
        },
        {
            "from": [7,4,2],
            "to": [9,4.5,2.5],
            "faces": {
                "up": {
                    "uv": [10,0.5,10.5,1],
                    "texture": "#texture"
                },
                "down": {
                    "uv": [10,1,10.5,0.5],
                    "texture": "#texture"
                },
                "west": {
                    "uv": [10,0.5,10.5,1],
                    "texture": "#texture"
                },
                "east": {
                    "uv": [10.5,0.5,10,1],
                    "texture": "#texture"
                },
                "north": {
                    "uv": [10,0.5,10.5,1],
                    "texture": "#texture"
                },
                "south": {
                    "uv": [10,1,10.5,0.5],
                    "texture": "#texture"
                }
            }
        },
        {
            "from": [7,6.5,2],
            "to": [9,7,2.5],
            "faces": {
                "up": {
                    "uv": [10,0.5,10.5,1],
                    "texture": "#texture"
                },
                "down": {
                    "uv": [10,1,10.5,0.5],
                    "texture": "#texture"
                },
                "west": {
                    "uv": [10,0.5,10.5,1],
                    "texture": "#texture"
                },
                "east": {
                    "uv": [10.5,0.5,10,1],
                    "texture": "#texture"
                },
                "north": {
                    "uv": [10,0.5,10.5,1],
                    "texture": "#texture"
                },
                "south": {
                    "uv": [10,1,10.5,0.5],
                    "texture": "#texture"
                }
            }
        },
        {
            "from": [6.5,1.5,13.5],
            "to": [9.5,3.5,15],
            "faces": {
                "up": {
                    "uv": [6.5,14,9.5,15.5],
                    "texture": "#texture"
                },
                "down": {
                    "uv": [6.5,14,9.5,15.5],
                    "texture": "#texture"
                },
                "west": {
                    "uv": [6,13.25,7.5,15.25],
                    "texture": "#texture"
                },
                "east": {
                    "uv": [5.5,13.5,7,15.5],
                    "texture": "#texture"
                },
                "south": {
                    "texture": "#texture"
                }
            }
        },
        {
            "from": [6,3.5,13.5],
            "to": [10,4,14.5],
            "faces": {
                "up": {
                    "uv": [6,11.5,10,12.5],
                    "texture": "#texture"
                },
                "west": {
                    "uv": [4.5,12.25,5.5,12.75],
                    "texture": "#texture"
                },
                "east": {
                    "uv": [10,12,10.25,12.25],
                    "texture": "#texture"
                },
                "south": {
                    "texture": "#texture"
                }
            }
        },
        {
            "from": [6.5,1,13.5],
            "to": [9.5,1.5,15],
            "faces": {
                "down": {
                    "uv": [6,14,10,15],
                    "texture": "#texture"
                },
                "west": {
                    "uv": [7.25,14.75,8.25,15.25],
                    "texture": "#texture"
                },
                "east": {
                    "uv": [8.5,14.75,9.5,15.25],
                    "texture": "#texture"
                },
                "south": {
                    "texture": "#texture"
                }
            }
        },
        {
            "from": [9.5,1.5,13.5],
            "to": [10,3.5,14.5],
            "faces": {
                "down": {
                    "texture": "#texture"
                },
                "east": {
                    "uv": [9,12,10,14],
                    "texture": "#texture"
                },
                "south": {
                    "texture": "#texture"
                }
            }
        },
        {
            "from": [6,1.5,13.5],
            "to": [6.5,3.5,14.5],
            "faces": {
                "down": {
                    "texture": "#texture"
                },
                "west": {
                    "uv": [7.5,11,8.5,13],
                    "texture": "#texture"
                },
                "south": {
                    "texture": "#texture"
                }
            }
        },
        {
            "from": [7.5,1.5,15],
            "to": [8.5,2.5,16],
            "faces": {
                "up": {
                    "uv": [7.5,13.5,8.5,14],
                    "texture": "#texture"
                },
                "down": {
                    "uv": [7.5,13.5,8.5,14],
                    "texture": "#texture"
                },
                "west": {
                    "uv": [8,13,8.5,14],
                    "texture": "#texture"
                },
                "east": {
                    "uv": [8,13,8.5,14],
                    "texture": "#texture"
                },
                "south": {
                    "uv": [7.5,13,8.5,14],
                    "texture": "#texture"
                }
            }
        },
        {
            "from": [4.5,6,13.5],
            "to": [7,6.5,14],
            "faces": {
                "up": {
                    "uv": [4.5,9.5,7,10],
                    "texture": "#texture"
                },
                "down": {
                    "uv": [4.5,9.5,7,10],
                    "texture": "#texture"
                },
                "west": {
                    "uv": [4.5,9.5,6.25,10],
                    "texture": "#texture"
                },
                "east": {
                    "uv": [5,9.5,5.5,10],
                    "texture": "#texture"
                },
                "south": {
                    "texture": "#texture"
                }
            }
        },
        {
            "from": [9,6,13.5],
            "to": [11.5,6.5,14],
            "faces": {
                "up": {
                    "uv": [4.5,9.5,7,10],
                    "texture": "#texture"
                },
                "down": {
                    "uv": [4.5,9.5,7,10],
                    "texture": "#texture"
                },
                "west": {
                    "uv": [4.5,9.5,6.25,10],
                    "texture": "#texture"
                },
                "east": {
                    "uv": [5,9.5,5.5,10],
                    "texture": "#texture"
                },
                "south": {
                    "uv": [4.5,9.5,7,10],
                    "texture": "#texture"
                }
            }
        },
        {
            "from": [7,4,13.5],
            "to": [9,6.5,14],
            "faces": {
                "up": {
                    "uv": [9.5,12,11.5,12.5],
                    "texture": "#texture"
                },
                "west": {
                    "uv": [11.5,10.25,12,12.75],
                    "texture": "#texture"
                },
                "east": {
                    "uv": [11.75,10.5,12.25,13],
                    "texture": "#texture"
                },
                "south": {
                    "texture": "#texture"
                }
            }
        },
        {
            "from": [7,2.5,15],
            "to": [9,3,15.5],
            "faces": {
                "up": {
                    "texture": "#texture"
                },
                "down": {
                    "texture": "#texture"
                },
                "west": {
                    "uv": [9.5,14.25,10.25,15.25],
                    "texture": "#texture"
                },
                "east": {
                    "uv": [8.75,14.5,9.25,15],
                    "texture": "#texture"
                },
                "south": {
                    "uv": [7,12.5,9,13],
                    "texture": "#texture"
                }
            }
        },
        {
            "from": [7,1.5,15],
            "to": [7.5,2.5,15.5],
            "faces": {
                "down": {
                    "texture": "#texture"
                },
                "west": {
                    "uv": [9.75,14,10.25,15],
                    "texture": "#texture"
                },
                "south": {
                    "texture": "#texture"
                }
            }
        },
        {
            "from": [8.5,1.5,15],
            "to": [9,2.5,15.5],
            "faces": {
                "down": {
                    "texture": "#texture"
                },
                "west": {
                    "uv": [9.75,14,10.25,15],
                    "texture": "#texture"
                },
                "east": {
                    "uv": [9.25,14,9.75,15],
                    "texture": "#texture"
                },
                "south": {
                    "texture": "#texture"
                }
            }
        },
        {
            "from": [7,1,15],
            "to": [9,2,15.5],
            "faces": {
                "down": {
                    "texture": "#texture"
                },
                "west": {
                    "uv": [9.5,14.25,10,14.75],
                    "texture": "#texture"
                },
                "east": {
                    "uv": [7,14.5,7.5,15],
                    "texture": "#texture"
                },
                "south": {
                    "texture": "#texture"
                }
            }
        },
        {
            "from": [4.5,4,13.5],
            "to": [11.5,5,14],
            "faces": {
                "west": {
                    "uv": [11,11.25,11.5,12.25],
                    "texture": "#texture"
                },
                "east": {
                    "uv": [10.5,11.25,11,12.25],
                    "texture": "#texture"
                },
                "south": {
                    "texture": "#texture"
                }
            }
        },
        {
            "from": [4.5,1,13.5],
            "to": [6.5,4,14],
            "faces": {
                "down": {
                    "uv": [5.5,14.75,7.5,15.25],
                    "texture": "#texture"
                },
                "west": {
                    "uv": [5,11.5,5.5,14.5],
                    "texture": "#texture"
                },
                "south": {
                    "texture": "#texture"
                }
            }
        },
        {
            "from": [9.5,1,13.5],
            "to": [11.5,4,14],
            "faces": {
                "down": {
                    "uv": [5.5,14.75,7.5,15.25],
                    "texture": "#texture"
                },
                "west": {
                    "uv": [5,11.5,5.5,14.5],
                    "texture": "#texture"
                },
                "east": {
                    "uv": [10.5,11.5,11,14.5],
                    "texture": "#texture"
                },
                "south": {
                    "texture": "#texture"
                }
            }
        },
        {
            "from": [6.5,0.5,13],
            "to": [9.5,1,14.5],
            "faces": {
                "down": {
                    "uv": [6.5,14,9.5,15.5],
                    "texture": "#texture"
                },
                "west": {
                    "uv": [6.5,14.5,8,15],
                    "texture": "#texture"
                },
                "east": {
                    "uv": [7.75,14.25,9.25,14.75],
                    "texture": "#texture"
                },
                "south": {
                    "texture": "#texture"
                }
            }
        },
        {
            "from": [5,0.5,13],
            "to": [11,1,13.5],
            "faces": {
                "down": {
                    "uv": [5,14.75,11,15.25],
                    "texture": "#texture"
                },
                "west": {
                    "uv": [7,14.5,7.25,14.75],
                    "texture": "#texture"
                },
                "east": {
                    "uv": [7.5,14.75,8,15],
                    "texture": "#texture"
                },
                "south": {
                    "texture": "#texture"
                }
            }
        },
        {
            "from": [6.5,0,13],
            "to": [9.5,0.5,14],
            "faces": {
                "down": {
                    "uv": [6.5,14,9.5,15],
                    "texture": "#texture"
                },
                "west": {
                    "uv": [7.25,14.75,8.25,15.25],
                    "texture": "#texture"
                },
                "east": {
                    "uv": [7.25,15,7.75,15.25],
                    "texture": "#texture"
                },
                "south": {
                    "uv": [6.25,14.5,9.25,15],
                    "texture": "#texture"
                }
            }
        },
        {
            "from": [4,1,13],
            "to": [4.5,7.5,13.5],
            "faces": {
                "up": {
                    "texture": "#texture"
                },
                "down": {
                    "texture": "#texture"
                },
                "west": {
                    "uv": [3.5,8,4,14.5],
                    "texture": "#texture"
                },
                "south": {
                    "texture": "#texture"
                }
            }
        },
        {
            "from": [11.5,1,13],
            "to": [12,7.5,13.5],
            "faces": {
                "up": {
                    "texture": "#texture"
                },
                "down": {
                    "texture": "#texture"
                },
                "west": {
                    "uv": [3.5,8,4,14.5],
                    "texture": "#texture"
                },
                "east": {
                    "uv": [11.75,8.75,12.25,15.25],
                    "texture": "#texture"
                },
                "south": {
                    "texture": "#texture"
                }
            }
        },
        {
            "from": [4,8,11.5],
            "to": [6,9,12],
            "faces": {
                "up": {
                    "texture": "#texture"
                },
                "east": {
                    "uv": [11.5,7.5,12,8],
                    "texture": "#texture"
                },
                "north": {
                    "uv": [4,7.5,4.5,8],
                    "texture": "#texture"
                },
                "south": {
                    "uv": [4.5,7.25,5,8],
                    "texture": "#texture"
                }
            }
        },
        {
            "from": [3.5,9,11.5],
            "to": [5.5,10,12],
            "faces": {
                "up": {
                    "texture": "#texture"
                },
                "west": {
                    "uv": [12,5.5,12.5,6.5],
                    "texture": "#texture"
                },
                "east": {
                    "uv": [12,6.5,12.5,7.5],
                    "texture": "#texture"
                },
                "north": {
                    "uv": [3.5,6.5,4,7],
                    "texture": "#texture"
                },
                "south": {
                    "uv": [4,6.75,4.5,7],
                    "texture": "#texture"
                }
            }
        },
        {
            "from": [3.5,10,11.5],
            "to": [5,11,12],
            "faces": {
                "up": {
                    "texture": "#texture"
                },
                "west": {
                    "uv": [11.5,5,12,5.5],
                    "texture": "#texture"
                },
                "east": {
                    "uv": [11.5,5,12,5.5],
                    "texture": "#texture"
                },
                "north": {
                    "uv": [3.5,5.5,4,6],
                    "texture": "#texture"
                },
                "south": {
                    "uv": [4,5.5,4.5,6.5],
                    "texture": "#texture"
                }
            }
        },
        {
            "from": [3.5,11,11.5],
            "to": [4.5,11.5,12],
            "faces": {
                "up": {
                    "texture": "#texture"
                },
                "west": {
                    "uv": [12,4.5,12.5,5],
                    "texture": "#texture"
                },
                "east": {
                    "uv": [12,4.5,12.5,5],
                    "texture": "#texture"
                },
                "north": {
                    "uv": [3.5,4.5,4,5],
                    "texture": "#texture"
                },
                "south": {
                    "uv": [4,6.5,4.5,7],
                    "texture": "#texture"
                }
            }
        },
        {
            "from": [3.5,7.5,11.5],
            "to": [4,9,12],
            "faces": {
                "west": {
                    "uv": [12,7.5,12.5,8.5],
                    "texture": "#texture"
                },
                "north": {
                    "texture": "#texture"
                },
                "south": {
                    "uv": [4,7,5,7.25],
                    "texture": "#texture"
                }
            }
        },
        {
            "from": [6,8,12],
            "to": [6.5,9,12.5],
            "faces": {
                "up": {
                    "texture": "#texture"
                },
                "west": {
                    "texture": "#texture"
                },
                "east": {
                    "texture": "#texture"
                },
                "north": {
                    "uv": [6,7.5,6.5,8],
                    "texture": "#texture"
                },
                "south": {
                    "uv": [3.5,4.5,4,5],
                    "texture": "#texture"
                }
            }
        },
        {
            "from": [5.5,9,12],
            "to": [6,9.5,12.5],
            "faces": {
                "up": {
                    "texture": "#texture"
                },
                "down": {
                    "texture": "#texture"
                },
                "west": {
                    "texture": "#texture"
                },
                "east": {
                    "texture": "#texture"
                },
                "north": {
                    "texture": "#texture"
                },
                "south": {
                    "uv": [3.5,4.5,4,5],
                    "texture": "#texture"
                }
            }
        },
        {
            "from": [5,9.5,12],
            "to": [5.5,10.5,12.5],
            "faces": {
                "up": {
                    "texture": "#texture"
                },
                "down": {
                    "texture": "#texture"
                },
                "west": {
                    "texture": "#texture"
                },
                "east": {
                    "texture": "#texture"
                },
                "north": {
                    "uv": [5,6,5.5,6.5],
                    "texture": "#texture"
                },
                "south": {
                    "uv": [3.5,4.5,4,5],
                    "texture": "#texture"
                }
            }
        },
        {
            "from": [4.5,10.5,12],
            "to": [5,11.5,12.5],
            "faces": {
                "up": {
                    "texture": "#texture"
                },
                "down": {
                    "texture": "#texture"
                },
                "west": {
                    "texture": "#texture"
                },
                "east": {
                    "texture": "#texture"
                },
                "north": {
                    "uv": [3.5,5,4,5.5],
                    "texture": "#texture"
                },
                "south": {
                    "uv": [3.5,4.5,4,5],
                    "texture": "#texture"
                }
            }
        },
        {
            "from": [4,11.5,12],
            "to": [4.5,12,12.5],
            "faces": {
                "up": {
                    "texture": "#texture"
                },
                "down": {
                    "texture": "#texture"
                },
                "west": {
                    "uv": [12,4.5,12.5,5],
                    "texture": "#texture"
                },
                "east": {
                    "uv": [12,4.5,12.5,5],
                    "texture": "#texture"
                },
                "north": {
                    "uv": [3.5,4.5,4,5],
                    "texture": "#texture"
                },
                "south": {
                    "uv": [3.5,4.5,4,5],
                    "texture": "#texture"
                }
            }
        },
        {
            "from": [3.5,11,12],
            "to": [4,11.5,12.5],
            "faces": {
                "up": {
                    "texture": "#texture"
                },
                "down": {
                    "texture": "#texture"
                },
                "west": {
                    "texture": "#texture"
                },
                "east": {
                    "texture": "#texture"
                },
                "south": {
                    "texture": "#texture"
                }
            }
        },
        {
            "from": [3,7,12],
            "to": [3.5,11,12.5],
            "faces": {
                "up": {
                    "uv": [3.5,12,4,12.5],
                    "texture": "#texture"
                },
                "down": {
                    "uv": [3.5,12,4,12.5],
                    "texture": "#texture"
                },
                "west": {
                    "texture": "#texture"
                },
                "east": {
                    "texture": "#texture"
                },
                "north": {
                    "uv": [3.5,5.5,4,9.5],
                    "texture": "#texture"
                },
                "south": {
                    "uv": [3.5,4.5,4,5],
                    "texture": "#texture"
                }
            }
        },
        {
            "from": [12.5,7,12],
            "to": [13,11,12.5],
            "faces": {
                "up": {
                    "uv": [3.5,12,4,12.5],
                    "texture": "#texture"
                },
                "down": {
                    "uv": [3.5,12,4,12.5],
                    "texture": "#texture"
                },
                "west": {
                    "texture": "#texture"
                },
                "east": {
                    "texture": "#texture"
                },
                "north": {
                    "uv": [3.5,5.5,4,9.5],
                    "texture": "#texture"
                },
                "south": {
                    "uv": [3.5,4.5,4,5],
                    "texture": "#texture"
                }
            }
        },
        {
            "from": [10,8,11.5],
            "to": [12,9,12],
            "faces": {
                "up": {
                    "texture": "#texture"
                },
                "west": {
                    "uv": [11.75,8,12.25,9],
                    "texture": "#texture"
                },
                "east": {
                    "uv": [11.5,7.5,12,8],
                    "texture": "#texture"
                },
                "north": {
                    "uv": [4,7.5,4.5,8],
                    "texture": "#texture"
                },
                "south": {
                    "uv": [4.5,7.25,5,8],
                    "texture": "#texture"
                }
            }
        },
        {
            "from": [12,7.5,11.5],
            "to": [12.5,9,12],
            "faces": {
                "west": {
                    "uv": [12,7.5,12.5,8.5],
                    "texture": "#texture"
                },
                "east": {
                    "uv": [11.5,7.75,12,9.25],
                    "texture": "#texture"
                },
                "north": {
                    "texture": "#texture"
                },
                "south": {
                    "uv": [4,7,5,7.25],
                    "texture": "#texture"
                }
            }
        },
        {
            "from": [10.5,9,11.5],
            "to": [12.5,10,12],
            "faces": {
                "up": {
                    "texture": "#texture"
                },
                "west": {
                    "uv": [12,5.5,12.5,6.5],
                    "texture": "#texture"
                },
                "east": {
                    "uv": [12,6.5,12.5,7.5],
                    "texture": "#texture"
                },
                "north": {
                    "uv": [3.5,6.5,4,7],
                    "texture": "#texture"
                },
                "south": {
                    "uv": [4,6.75,4.5,7],
                    "texture": "#texture"
                }
            }
        },
        {
            "from": [11,10,11.5],
            "to": [12.5,11,12],
            "faces": {
                "up": {
                    "texture": "#texture"
                },
                "west": {
                    "uv": [11.5,5,12,5.5],
                    "texture": "#texture"
                },
                "east": {
                    "uv": [11.5,5,12,5.5],
                    "texture": "#texture"
                },
                "north": {
                    "uv": [3.5,5.5,4,6],
                    "texture": "#texture"
                },
                "south": {
                    "uv": [4,5.5,4.5,6.5],
                    "texture": "#texture"
                }
            }
        },
        {
            "from": [11.5,11,11.5],
            "to": [12.5,11.5,12],
            "faces": {
                "up": {
                    "texture": "#texture"
                },
                "west": {
                    "uv": [12,4.5,12.5,5],
                    "texture": "#texture"
                },
                "east": {
                    "uv": [12,4.5,12.5,5],
                    "texture": "#texture"
                },
                "north": {
                    "uv": [3.5,4.5,4,5],
                    "texture": "#texture"
                },
                "south": {
                    "uv": [4,6.5,4.5,7],
                    "texture": "#texture"
                }
            }
        },
        {
            "from": [12,11,12],
            "to": [12.5,11.5,12.5],
            "faces": {
                "up": {
                    "texture": "#texture"
                },
                "down": {
                    "texture": "#texture"
                },
                "west": {
                    "texture": "#texture"
                },
                "east": {
                    "texture": "#texture"
                },
                "south": {
                    "texture": "#texture"
                }
            }
        },
        {
            "from": [11.5,11.5,12],
            "to": [12,12,12.5],
            "faces": {
                "up": {
                    "texture": "#texture"
                },
                "down": {
                    "texture": "#texture"
                },
                "west": {
                    "uv": [12,4.5,12.5,5],
                    "texture": "#texture"
                },
                "east": {
                    "texture": "#texture"
                },
                "north": {
                    "uv": [11.5,8.25,12,9],
                    "texture": "#texture"
                },
                "south": {
                    "uv": [11.25,8.25,11.75,8.75],
                    "texture": "#texture"
                }
            }
        },
        {
            "from": [11,10.5,12],
            "to": [11.5,11.5,12.5],
            "faces": {
                "up": {
                    "texture": "#texture"
                },
                "down": {
                    "texture": "#texture"
                },
                "west": {
                    "texture": "#texture"
                },
                "east": {
                    "texture": "#texture"
                },
                "north": {
                    "uv": [11.5,8.5,12,9.5],
                    "texture": "#texture"
                },
                "south": {
                    "uv": [11,8.25,11.5,9.25],
                    "texture": "#texture"
                }
            }
        },
        {
            "from": [10.5,9.5,12],
            "to": [11,10.5,12.5],
            "faces": {
                "up": {
                    "texture": "#texture"
                },
                "down": {
                    "texture": "#texture"
                },
                "west": {
                    "texture": "#texture"
                },
                "east": {
                    "texture": "#texture"
                },
                "north": {
                    "uv": [10.5,6,11,6.5],
                    "texture": "#texture"
                },
                "south": {
                    "uv": [11,8.25,11.5,9.25],
                    "texture": "#texture"
                }
            }
        },
        {
            "from": [10,9,12],
            "to": [10.5,9.5,12.5],
            "faces": {
                "up": {
                    "texture": "#texture"
                },
                "down": {
                    "texture": "#texture"
                },
                "west": {
                    "texture": "#texture"
                },
                "east": {
                    "texture": "#texture"
                },
                "north": {
                    "texture": "#texture"
                },
                "south": {
                    "texture": "#texture"
                }
            }
        },
        {
            "from": [9.5,8,12],
            "to": [10,9,12.5],
            "faces": {
                "up": {
                    "texture": "#texture"
                },
                "down": {
                    "texture": "#texture"
                },
                "west": {
                    "texture": "#texture"
                },
                "east": {
                    "texture": "#texture"
                },
                "north": {
                    "uv": [9.5,7.5,10,8],
                    "texture": "#texture"
                },
                "south": {
                    "uv": [9.75,8,10,8.25],
                    "texture": "#texture"
                }
            }
        },
        {
            "from": [3,4.5,10],
            "to": [3.5,6.5,13],
            "faces": {
                "up": {
                    "uv": [11.5,0,12,1],
                    "texture": "#texture"
                },
                "down": {
                    "uv": [12.25,0,12.75,1.25],
                    "texture": "#texture"
                },
                "west": {
                    "uv": [12.25,0,14.5,1],
                    "texture": "#texture"
                },
                "north": {
                    "uv": [10.75,0,11.5,1.25],
                    "texture": "#texture"
                },
                "south": {
                    "uv": [13.75,0,14,0.75],
                    "texture": "#texture"
                }
            }
        },
        {
            "from": [2.5,5,10.5],
            "to": [3,6,12.5],
            "faces": {
                "up": {
                    "uv": [11.75,0,12.25,0.75],
                    "texture": "#texture"
                },
                "down": {
                    "uv": [12.25,0,12.75,1.25],
                    "texture": "#texture"
                },
                "west": {
                    "uv": [11.75,0,13.75,1],
                    "texture": "#texture"
                },
                "north": {
                    "uv": [11.5,0,12,1],
                    "texture": "#texture"
                },
                "south": {
                    "uv": [11.25,0.5,11.75,1.5],
                    "texture": "#texture"
                }
            }
        },
        {
            "from": [12.5,4.5,10],
            "to": [13,6.5,13],
            "faces": {
                "up": {
                    "uv": [11.5,0,12,1],
                    "texture": "#texture"
                },
                "down": {
                    "uv": [12.25,0,12.75,1.25],
                    "texture": "#texture"
                },
                "west": {
                    "uv": [12.25,0,14.5,1],
                    "texture": "#texture"
                },
                "east": {
                    "uv": [11.75,0,14.25,1],
                    "texture": "#texture"
                },
                "north": {
                    "uv": [10.75,0,11.5,1.25],
                    "texture": "#texture"
                },
                "south": {
                    "uv": [13.75,0,14,0.75],
                    "texture": "#texture"
                }
            }
        },
        {
            "from": [13,5,10.5],
            "to": [13.5,6,12.5],
            "faces": {
                "up": {
                    "uv": [11.75,0,12.25,0.75],
                    "texture": "#texture"
                },
                "down": {
                    "uv": [12.25,0,12.75,1.25],
                    "texture": "#texture"
                },
                "west": {
                    "uv": [11.75,0,13.75,1],
                    "texture": "#texture"
                },
                "east": {
                    "uv": [10.75,0,12.75,1],
                    "texture": "#texture"
                },
                "north": {
                    "uv": [11.5,0,12,1],
                    "texture": "#texture"
                },
                "south": {
                    "uv": [11.25,0.5,11.75,1.5],
                    "texture": "#texture"
                }
            }
        },
        {
            "from": [7,8,11],
            "to": [9,8.5,13],
            "faces": {
                "up": {
                    "uv": [11.75,0,12.25,0.75],
                    "texture": "#texture"
                },
                "down": {
                    "uv": [12.25,0,12.75,1.25],
                    "texture": "#texture"
                },
                "west": {
                    "uv": [11.75,0,13.75,1],
                    "texture": "#texture"
                },
                "north": {
                    "uv": [11.5,0,12,1],
                    "texture": "#texture"
                },
                "south": {
                    "uv": [11.25,0.5,11.75,1.5],
                    "texture": "#texture"
                }
            }
        }
    ],"display":{"head":{"rotation":[0,180,0],"translation":[0,3.4,-1],"scale":[1.7,1.7,1.7]},"fixed":{"rotation":[0,180,0],"translation":[0,2.6,3.1],"scale":[2,2,2]},"gui":{"rotation":[-30,135,0],"translation":[0.1,1.4,0],"scale":[1.4,1.4,1.4]}}
}