{
	"__comment": "Designed by CodePixel with Cubik Studio - https://cubik.studio",
	"textures": {
		"king_dede": "blocks/king_dede"
	},
	"elements": [
		{
			"__comment": "Voxels-0082B8",
			"from": [ 4, 8, 1 ],
			"to": [ 6, 10, 2 ],
			"faces": {
				"down": { "uv": [ 4.96, 0.96, 7.04, 3.04 ], "texture": "#king_dede" },
				"up": { "uv": [ 4.96, 0.96, 7.04, 3.04 ], "texture": "#king_dede" },
				"north": { "uv": [ 4.96, 0.96, 7.04, 3.04 ], "texture": "#king_dede" },
				"south": { "uv": [ 4.96, 0.96, 7.04, 3.04 ], "texture": "#king_dede" },
				"west": { "uv": [ 4.96, 0.96, 7.04, 3.04 ], "texture": "#king_dede" },
				"east": { "uv": [ 4.96, 0.96, 7.04, 3.04 ], "texture": "#king_dede" }
			}
		},
		{
			"__comment": "Voxels-0082B8",
			"from": [ 4, 8, 2 ],
			"to": [ 5, 12, 3 ],
			"faces": {
				"down": { "uv": [ 4.96, 0.96, 7.04, 3.04 ], "texture": "#king_dede" },
				"up": { "uv": [ 4.96, 0.96, 7.04, 3.04 ], "texture": "#king_dede" },
				"north": { "uv": [ 4.96, 0.96, 7.04, 3.04 ], "texture": "#king_dede" },
				"south": { "uv": [ 4.96, 0.96, 7.04, 3.04 ], "texture": "#king_dede" },
				"west": { "uv": [ 4.96, 0.96, 7.04, 3.04 ], "texture": "#king_dede" },
				"east": { "uv": [ 4.96, 0.96, 7.04, 3.04 ], "texture": "#king_dede" }
			}
		},
		{
			"__comment": "Voxels-FFD400",
			"from": [ 4, 8, 3 ],
			"to": [ 5, 10, 4 ],
			"faces": {
				"down": { "uv": [ 8.96, 0.96, 11.04, 3.04 ], "texture": "#king_dede" },
				"up": { "uv": [ 8.96, 0.96, 11.04, 3.04 ], "texture": "#king_dede" },
				"north": { "uv": [ 8.96, 0.96, 11.04, 3.04 ], "texture": "#king_dede" },
				"south": { "uv": [ 8.96, 0.96, 11.04, 3.04 ], "texture": "#king_dede" },
				"west": { "uv": [ 8.96, 0.96, 11.04, 3.04 ], "texture": "#king_dede" },
				"east": { "uv": [ 8.96, 0.96, 11.04, 3.04 ], "texture": "#king_dede" }
			}
		},
		{
			"__comment": "Voxels-FFD400",
			"from": [ 4, 8, 4 ],
			"to": [ 5, 9, 8 ],
			"faces": {
				"down": { "uv": [ 8.96, 0.96, 11.04, 3.04 ], "texture": "#king_dede" },
				"up": { "uv": [ 8.96, 0.96, 11.04, 3.04 ], "texture": "#king_dede" },
				"north": { "uv": [ 8.96, 0.96, 11.04, 3.04 ], "texture": "#king_dede" },
				"south": { "uv": [ 8.96, 0.96, 11.04, 3.04 ], "texture": "#king_dede" },
				"west": { "uv": [ 8.96, 0.96, 11.04, 3.04 ], "texture": "#king_dede" },
				"east": { "uv": [ 8.96, 0.96, 11.04, 3.04 ], "texture": "#king_dede" }
			}
		},
		{
			"__comment": "Voxels-FFD400",
			"from": [ 4, 11, 3 ],
			"to": [ 5, 12, 8 ],
			"faces": {
				"down": { "uv": [ 8.96, 0.96, 11.04, 3.04 ], "texture": "#king_dede" },
				"up": { "uv": [ 8.96, 0.96, 11.04, 3.04 ], "texture": "#king_dede" },
				"north": { "uv": [ 8.96, 0.96, 11.04, 3.04 ], "texture": "#king_dede" },
				"south": { "uv": [ 8.96, 0.96, 11.04, 3.04 ], "texture": "#king_dede" },
				"west": { "uv": [ 8.96, 0.96, 11.04, 3.04 ], "texture": "#king_dede" },
				"east": { "uv": [ 8.96, 0.96, 11.04, 3.04 ], "texture": "#king_dede" }
			}
		},
		{
			"__comment": "Voxels-0082B8",
			"from": [ 4, 12, 3 ],
			"to": [ 5, 13, 8 ],
			"faces": {
				"down": { "uv": [ 4.96, 0.96, 7.04, 3.04 ], "texture": "#king_dede" },
				"up": { "uv": [ 4.96, 0.96, 7.04, 3.04 ], "texture": "#king_dede" },
				"north": { "uv": [ 4.96, 0.96, 7.04, 3.04 ], "texture": "#king_dede" },
				"south": { "uv": [ 4.96, 0.96, 7.04, 3.04 ], "texture": "#king_dede" },
				"west": { "uv": [ 4.96, 0.96, 7.04, 3.04 ], "texture": "#king_dede" },
				"east": { "uv": [ 4.96, 0.96, 7.04, 3.04 ], "texture": "#king_dede" }
			}
		},
		{
			"__comment": "Voxels-FFD400",
			"from": [ 4, 14, 3 ],
			"to": [ 6, 15, 7 ],
			"faces": {
				"down": { "uv": [ 8.96, 0.96, 11.04, 3.04 ], "texture": "#king_dede" },
				"up": { "uv": [ 8.96, 0.96, 11.04, 3.04 ], "texture": "#king_dede" },
				"north": { "uv": [ 8.96, 0.96, 11.04, 3.04 ], "texture": "#king_dede" },
				"south": { "uv": [ 8.96, 0.96, 11.04, 3.04 ], "texture": "#king_dede" },
				"west": { "uv": [ 8.96, 0.96, 11.04, 3.04 ], "texture": "#king_dede" },
				"east": { "uv": [ 8.96, 0.96, 11.04, 3.04 ], "texture": "#king_dede" }
			}
		},
		{
			"__comment": "Voxels-DE0000",
			"from": [ 4, 15, 3 ],
			"to": [ 5, 17, 7 ],
			"faces": {
				"down": { "uv": [ 12.96, 0.96, 15.04, 3.04 ], "texture": "#king_dede" },
				"up": { "uv": [ 12.96, 0.96, 15.04, 3.04 ], "texture": "#king_dede" },
				"north": { "uv": [ 12.96, 0.96, 15.04, 3.04 ], "texture": "#king_dede" },
				"south": { "uv": [ 12.96, 0.96, 15.04, 3.04 ], "texture": "#king_dede" },
				"west": { "uv": [ 12.96, 0.96, 15.04, 3.04 ], "texture": "#king_dede" },
				"east": { "uv": [ 12.96, 0.96, 15.04, 3.04 ], "texture": "#king_dede" }
			}
		},
		{
			"__comment": "Voxels-FFD400",
			"from": [ 4, 15, 7 ],
			"to": [ 7, 16, 8 ],
			"faces": {
				"down": { "uv": [ 8.96, 0.96, 11.04, 3.04 ], "texture": "#king_dede" },
				"up": { "uv": [ 8.96, 0.96, 11.04, 3.04 ], "texture": "#king_dede" },
				"north": { "uv": [ 8.96, 0.96, 11.04, 3.04 ], "texture": "#king_dede" },
				"south": { "uv": [ 8.96, 0.96, 11.04, 3.04 ], "texture": "#king_dede" },
				"west": { "uv": [ 8.96, 0.96, 11.04, 3.04 ], "texture": "#king_dede" },
				"east": { "uv": [ 8.96, 0.96, 11.04, 3.04 ], "texture": "#king_dede" }
			}
		},
		{
			"__comment": "Voxels-DE0000",
			"from": [ 4, 16, 7 ],
			"to": [ 6, 17, 8 ],
			"faces": {
				"down": { "uv": [ 12.96, 0.96, 15.04, 3.04 ], "texture": "#king_dede" },
				"up": { "uv": [ 12.96, 0.96, 15.04, 3.04 ], "texture": "#king_dede" },
				"north": { "uv": [ 12.96, 0.96, 15.04, 3.04 ], "texture": "#king_dede" },
				"south": { "uv": [ 12.96, 0.96, 15.04, 3.04 ], "texture": "#king_dede" },
				"west": { "uv": [ 12.96, 0.96, 15.04, 3.04 ], "texture": "#king_dede" },
				"east": { "uv": [ 12.96, 0.96, 15.04, 3.04 ], "texture": "#king_dede" }
			}
		},
		{
			"__comment": "Voxels-0082B8",
			"from": [ 5, 8, 0 ],
			"to": [ 12, 10, 1 ],
			"faces": {
				"down": { "uv": [ 4.96, 0.96, 7.04, 3.04 ], "texture": "#king_dede" },
				"up": { "uv": [ 4.96, 0.96, 7.04, 3.04 ], "texture": "#king_dede" },
				"north": { "uv": [ 4.96, 0.96, 7.04, 3.04 ], "texture": "#king_dede" },
				"south": { "uv": [ 4.96, 0.96, 7.04, 3.04 ], "texture": "#king_dede" },
				"west": { "uv": [ 4.96, 0.96, 7.04, 3.04 ], "texture": "#king_dede" },
				"east": { "uv": [ 4.96, 0.96, 7.04, 3.04 ], "texture": "#king_dede" }
			}
		},
		{
			"__comment": "Voxels-FFD400",
			"from": [ 5, 8, 7 ],
			"to": [ 6, 9, 9 ],
			"faces": {
				"down": { "uv": [ 8.96, 0.96, 11.04, 3.04 ], "texture": "#king_dede" },
				"up": { "uv": [ 8.96, 0.96, 11.04, 3.04 ], "texture": "#king_dede" },
				"north": { "uv": [ 8.96, 0.96, 11.04, 3.04 ], "texture": "#king_dede" },
				"south": { "uv": [ 8.96, 0.96, 11.04, 3.04 ], "texture": "#king_dede" },
				"west": { "uv": [ 8.96, 0.96, 11.04, 3.04 ], "texture": "#king_dede" },
				"east": { "uv": [ 8.96, 0.96, 11.04, 3.04 ], "texture": "#king_dede" }
			}
		},
		{
			"__comment": "Voxels-F3F3F3",
			"from": [ 5, 9, 4 ],
			"to": [ 6, 10, 5 ],
			"faces": {
				"down": { "uv": [ 0.96, 4.96, 3.04, 7.04 ], "texture": "#king_dede" },
				"up": { "uv": [ 0.96, 4.96, 3.04, 7.04 ], "texture": "#king_dede" },
				"north": { "uv": [ 0.96, 4.96, 3.04, 7.04 ], "texture": "#king_dede" },
				"south": { "uv": [ 0.96, 4.96, 3.04, 7.04 ], "texture": "#king_dede" },
				"west": { "uv": [ 0.96, 4.96, 3.04, 7.04 ], "texture": "#king_dede" },
				"east": { "uv": [ 0.96, 4.96, 3.04, 7.04 ], "texture": "#king_dede" }
			}
		},
		{
			"__comment": "Voxels-FFFFFF",
			"from": [ 5, 9, 5 ],
			"to": [ 6, 10, 6 ],
			"faces": {
				"down": { "uv": [ 4.96, 4.96, 7.04, 7.04 ], "texture": "#king_dede" },
				"up": { "uv": [ 4.96, 4.96, 7.04, 7.04 ], "texture": "#king_dede" },
				"north": { "uv": [ 4.96, 4.96, 7.04, 7.04 ], "texture": "#king_dede" },
				"south": { "uv": [ 4.96, 4.96, 7.04, 7.04 ], "texture": "#king_dede" },
				"west": { "uv": [ 4.96, 4.96, 7.04, 7.04 ], "texture": "#king_dede" },
				"east": { "uv": [ 4.96, 4.96, 7.04, 7.04 ], "texture": "#king_dede" }
			}
		},
		{
			"__comment": "Voxels-F3F3F3",
			"from": [ 5, 9, 6 ],
			"to": [ 6, 10, 7 ],
			"faces": {
				"down": { "uv": [ 0.96, 4.96, 3.04, 7.04 ], "texture": "#king_dede" },
				"up": { "uv": [ 0.96, 4.96, 3.04, 7.04 ], "texture": "#king_dede" },
				"north": { "uv": [ 0.96, 4.96, 3.04, 7.04 ], "texture": "#king_dede" },
				"south": { "uv": [ 0.96, 4.96, 3.04, 7.04 ], "texture": "#king_dede" },
				"west": { "uv": [ 0.96, 4.96, 3.04, 7.04 ], "texture": "#king_dede" },
				"east": { "uv": [ 0.96, 4.96, 3.04, 7.04 ], "texture": "#king_dede" }
			}
		},
		{
			"__comment": "Voxels-FFFFFF",
			"from": [ 5, 9, 7 ],
			"to": [ 6, 10, 8 ],
			"faces": {
				"down": { "uv": [ 4.96, 4.96, 7.04, 7.04 ], "texture": "#king_dede" },
				"up": { "uv": [ 4.96, 4.96, 7.04, 7.04 ], "texture": "#king_dede" },
				"north": { "uv": [ 4.96, 4.96, 7.04, 7.04 ], "texture": "#king_dede" },
				"south": { "uv": [ 4.96, 4.96, 7.04, 7.04 ], "texture": "#king_dede" },
				"west": { "uv": [ 4.96, 4.96, 7.04, 7.04 ], "texture": "#king_dede" },
				"east": { "uv": [ 4.96, 4.96, 7.04, 7.04 ], "texture": "#king_dede" }
			}
		},
		{
			"__comment": "Voxels-0082B8",
			"from": [ 5, 10, 1 ],
			"to": [ 6, 11, 2 ],
			"faces": {
				"down": { "uv": [ 4.96, 0.96, 7.04, 3.04 ], "texture": "#king_dede" },
				"up": { "uv": [ 4.96, 0.96, 7.04, 3.04 ], "texture": "#king_dede" },
				"north": { "uv": [ 4.96, 0.96, 7.04, 3.04 ], "texture": "#king_dede" },
				"south": { "uv": [ 4.96, 0.96, 7.04, 3.04 ], "texture": "#king_dede" },
				"west": { "uv": [ 4.96, 0.96, 7.04, 3.04 ], "texture": "#king_dede" },
				"east": { "uv": [ 4.96, 0.96, 7.04, 3.04 ], "texture": "#king_dede" }
			}
		},
		{
			"__comment": "Voxels-F3F3F3",
			"from": [ 5, 10, 3 ],
			"to": [ 6, 11, 4 ],
			"faces": {
				"down": { "uv": [ 0.96, 4.96, 3.04, 7.04 ], "texture": "#king_dede" },
				"up": { "uv": [ 0.96, 4.96, 3.04, 7.04 ], "texture": "#king_dede" },
				"north": { "uv": [ 0.96, 4.96, 3.04, 7.04 ], "texture": "#king_dede" },
				"south": { "uv": [ 0.96, 4.96, 3.04, 7.04 ], "texture": "#king_dede" },
				"west": { "uv": [ 0.96, 4.96, 3.04, 7.04 ], "texture": "#king_dede" },
				"east": { "uv": [ 0.96, 4.96, 3.04, 7.04 ], "texture": "#king_dede" }
			}
		},
		{
			"__comment": "Voxels-FFFFFF",
			"from": [ 5, 10, 4 ],
			"to": [ 6, 11, 5 ],
			"faces": {
				"down": { "uv": [ 4.96, 4.96, 7.04, 7.04 ], "texture": "#king_dede" },
				"up": { "uv": [ 4.96, 4.96, 7.04, 7.04 ], "texture": "#king_dede" },
				"north": { "uv": [ 4.96, 4.96, 7.04, 7.04 ], "texture": "#king_dede" },
				"south": { "uv": [ 4.96, 4.96, 7.04, 7.04 ], "texture": "#king_dede" },
				"west": { "uv": [ 4.96, 4.96, 7.04, 7.04 ], "texture": "#king_dede" },
				"east": { "uv": [ 4.96, 4.96, 7.04, 7.04 ], "texture": "#king_dede" }
			}
		},
		{
			"__comment": "Voxels-F3F3F3",
			"from": [ 5, 10, 5 ],
			"to": [ 6, 11, 6 ],
			"faces": {
				"down": { "uv": [ 0.96, 4.96, 3.04, 7.04 ], "texture": "#king_dede" },
				"up": { "uv": [ 0.96, 4.96, 3.04, 7.04 ], "texture": "#king_dede" },
				"north": { "uv": [ 0.96, 4.96, 3.04, 7.04 ], "texture": "#king_dede" },
				"south": { "uv": [ 0.96, 4.96, 3.04, 7.04 ], "texture": "#king_dede" },
				"west": { "uv": [ 0.96, 4.96, 3.04, 7.04 ], "texture": "#king_dede" },
				"east": { "uv": [ 0.96, 4.96, 3.04, 7.04 ], "texture": "#king_dede" }
			}
		},
		{
			"__comment": "Voxels-FFFFFF",
			"from": [ 5, 10, 6 ],
			"to": [ 6, 11, 7 ],
			"faces": {
				"down": { "uv": [ 4.96, 4.96, 7.04, 7.04 ], "texture": "#king_dede" },
				"up": { "uv": [ 4.96, 4.96, 7.04, 7.04 ], "texture": "#king_dede" },
				"north": { "uv": [ 4.96, 4.96, 7.04, 7.04 ], "texture": "#king_dede" },
				"south": { "uv": [ 4.96, 4.96, 7.04, 7.04 ], "texture": "#king_dede" },
				"west": { "uv": [ 4.96, 4.96, 7.04, 7.04 ], "texture": "#king_dede" },
				"east": { "uv": [ 4.96, 4.96, 7.04, 7.04 ], "texture": "#king_dede" }
			}
		},
		{
			"__comment": "Voxels-F3F3F3",
			"from": [ 5, 10, 7 ],
			"to": [ 6, 11, 8 ],
			"faces": {
				"down": { "uv": [ 0.96, 4.96, 3.04, 7.04 ], "texture": "#king_dede" },
				"up": { "uv": [ 0.96, 4.96, 3.04, 7.04 ], "texture": "#king_dede" },
				"north": { "uv": [ 0.96, 4.96, 3.04, 7.04 ], "texture": "#king_dede" },
				"south": { "uv": [ 0.96, 4.96, 3.04, 7.04 ], "texture": "#king_dede" },
				"west": { "uv": [ 0.96, 4.96, 3.04, 7.04 ], "texture": "#king_dede" },
				"east": { "uv": [ 0.96, 4.96, 3.04, 7.04 ], "texture": "#king_dede" }
			}
		},
		{
			"__comment": "Voxels-0082B8",
			"from": [ 5, 11, 2 ],
			"to": [ 13, 12, 3 ],
			"faces": {
				"down": { "uv": [ 4.96, 0.96, 7.04, 3.04 ], "texture": "#king_dede" },
				"up": { "uv": [ 4.96, 0.96, 7.04, 3.04 ], "texture": "#king_dede" },
				"north": { "uv": [ 4.96, 0.96, 7.04, 3.04 ], "texture": "#king_dede" },
				"south": { "uv": [ 4.96, 0.96, 7.04, 3.04 ], "texture": "#king_dede" },
				"west": { "uv": [ 4.96, 0.96, 7.04, 3.04 ], "texture": "#king_dede" },
				"east": { "uv": [ 4.96, 0.96, 7.04, 3.04 ], "texture": "#king_dede" }
			}
		},
		{
			"__comment": "Voxels-FFD400",
			"from": [ 5, 11, 4 ],
			"to": [ 6, 12, 9 ],
			"faces": {
				"down": { "uv": [ 8.96, 0.96, 11.04, 3.04 ], "texture": "#king_dede" },
				"up": { "uv": [ 8.96, 0.96, 11.04, 3.04 ], "texture": "#king_dede" },
				"north": { "uv": [ 8.96, 0.96, 11.04, 3.04 ], "texture": "#king_dede" },
				"south": { "uv": [ 8.96, 0.96, 11.04, 3.04 ], "texture": "#king_dede" },
				"west": { "uv": [ 8.96, 0.96, 11.04, 3.04 ], "texture": "#king_dede" },
				"east": { "uv": [ 8.96, 0.96, 11.04, 3.04 ], "texture": "#king_dede" }
			}
		},
		{
			"__comment": "Voxels-0082B8",
			"from": [ 5, 12, 2 ],
			"to": [ 6, 13, 3 ],
			"faces": {
				"down": { "uv": [ 4.96, 0.96, 7.04, 3.04 ], "texture": "#king_dede" },
				"up": { "uv": [ 4.96, 0.96, 7.04, 3.04 ], "texture": "#king_dede" },
				"north": { "uv": [ 4.96, 0.96, 7.04, 3.04 ], "texture": "#king_dede" },
				"south": { "uv": [ 4.96, 0.96, 7.04, 3.04 ], "texture": "#king_dede" },
				"west": { "uv": [ 4.96, 0.96, 7.04, 3.04 ], "texture": "#king_dede" },
				"east": { "uv": [ 4.96, 0.96, 7.04, 3.04 ], "texture": "#king_dede" }
			}
		},
		{
			"__comment": "Voxels-0082B8",
			"from": [ 5, 12, 4 ],
			"to": [ 6, 14, 7 ],
			"faces": {
				"down": { "uv": [ 4.96, 0.96, 7.04, 3.04 ], "texture": "#king_dede" },
				"up": { "uv": [ 4.96, 0.96, 7.04, 3.04 ], "texture": "#king_dede" },
				"north": { "uv": [ 4.96, 0.96, 7.04, 3.04 ], "texture": "#king_dede" },
				"south": { "uv": [ 4.96, 0.96, 7.04, 3.04 ], "texture": "#king_dede" },
				"west": { "uv": [ 4.96, 0.96, 7.04, 3.04 ], "texture": "#king_dede" },
				"east": { "uv": [ 4.96, 0.96, 7.04, 3.04 ], "texture": "#king_dede" }
			}
		},
		{
			"__comment": "Voxels-0082B8",
			"from": [ 5, 12, 7 ],
			"to": [ 13, 13, 8 ],
			"faces": {
				"down": { "uv": [ 4.96, 0.96, 7.04, 3.04 ], "texture": "#king_dede" },
				"up": { "uv": [ 4.96, 0.96, 7.04, 3.04 ], "texture": "#king_dede" },
				"north": { "uv": [ 4.96, 0.96, 7.04, 3.04 ], "texture": "#king_dede" },
				"south": { "uv": [ 4.96, 0.96, 7.04, 3.04 ], "texture": "#king_dede" },
				"west": { "uv": [ 4.96, 0.96, 7.04, 3.04 ], "texture": "#king_dede" },
				"east": { "uv": [ 4.96, 0.96, 7.04, 3.04 ], "texture": "#king_dede" }
			}
		},
		{
			"__comment": "Voxels-0082B8",
			"from": [ 5, 12, 8 ],
			"to": [ 6, 13, 9 ],
			"faces": {
				"down": { "uv": [ 4.96, 0.96, 7.04, 3.04 ], "texture": "#king_dede" },
				"up": { "uv": [ 4.96, 0.96, 7.04, 3.04 ], "texture": "#king_dede" },
				"north": { "uv": [ 4.96, 0.96, 7.04, 3.04 ], "texture": "#king_dede" },
				"south": { "uv": [ 4.96, 0.96, 7.04, 3.04 ], "texture": "#king_dede" },
				"west": { "uv": [ 4.96, 0.96, 7.04, 3.04 ], "texture": "#king_dede" },
				"east": { "uv": [ 4.96, 0.96, 7.04, 3.04 ], "texture": "#king_dede" }
			}
		},
		{
			"__comment": "Voxels-FFD400",
			"from": [ 5, 13, 2 ],
			"to": [ 6, 14, 3 ],
			"faces": {
				"down": { "uv": [ 8.96, 0.96, 11.04, 3.04 ], "texture": "#king_dede" },
				"up": { "uv": [ 8.96, 0.96, 11.04, 3.04 ], "texture": "#king_dede" },
				"north": { "uv": [ 8.96, 0.96, 11.04, 3.04 ], "texture": "#king_dede" },
				"south": { "uv": [ 8.96, 0.96, 11.04, 3.04 ], "texture": "#king_dede" },
				"west": { "uv": [ 8.96, 0.96, 11.04, 3.04 ], "texture": "#king_dede" },
				"east": { "uv": [ 8.96, 0.96, 11.04, 3.04 ], "texture": "#king_dede" }
			}
		},
		{
			"__comment": "Voxels-0082B8",
			"from": [ 5, 13, 3 ],
			"to": [ 6, 14, 4 ],
			"faces": {
				"down": { "uv": [ 4.96, 0.96, 7.04, 3.04 ], "texture": "#king_dede" },
				"up": { "uv": [ 4.96, 0.96, 7.04, 3.04 ], "texture": "#king_dede" },
				"north": { "uv": [ 4.96, 0.96, 7.04, 3.04 ], "texture": "#king_dede" },
				"south": { "uv": [ 4.96, 0.96, 7.04, 3.04 ], "texture": "#king_dede" },
				"west": { "uv": [ 4.96, 0.96, 7.04, 3.04 ], "texture": "#king_dede" },
				"east": { "uv": [ 4.96, 0.96, 7.04, 3.04 ], "texture": "#king_dede" }
			}
		},
		{
			"__comment": "Voxels-FFFFFF",
			"from": [ 5, 13, 7 ],
			"to": [ 7, 14, 8 ],
			"faces": {
				"down": { "uv": [ 4.96, 4.96, 7.04, 7.04 ], "texture": "#king_dede" },
				"up": { "uv": [ 4.96, 4.96, 7.04, 7.04 ], "texture": "#king_dede" },
				"north": { "uv": [ 4.96, 4.96, 7.04, 7.04 ], "texture": "#king_dede" },
				"south": { "uv": [ 4.96, 4.96, 7.04, 7.04 ], "texture": "#king_dede" },
				"west": { "uv": [ 4.96, 4.96, 7.04, 7.04 ], "texture": "#king_dede" },
				"east": { "uv": [ 4.96, 4.96, 7.04, 7.04 ], "texture": "#king_dede" }
			}
		},
		{
			"__comment": "Voxels-DE0000",
			"from": [ 5, 14, 2 ],
			"to": [ 6, 17, 3 ],
			"faces": {
				"down": { "uv": [ 12.96, 0.96, 15.04, 3.04 ], "texture": "#king_dede" },
				"up": { "uv": [ 12.96, 0.96, 15.04, 3.04 ], "texture": "#king_dede" },
				"north": { "uv": [ 12.96, 0.96, 15.04, 3.04 ], "texture": "#king_dede" },
				"south": { "uv": [ 12.96, 0.96, 15.04, 3.04 ], "texture": "#king_dede" },
				"west": { "uv": [ 12.96, 0.96, 15.04, 3.04 ], "texture": "#king_dede" },
				"east": { "uv": [ 12.96, 0.96, 15.04, 3.04 ], "texture": "#king_dede" }
			}
		},
		{
			"__comment": "Voxels-FFFFFF",
			"from": [ 5, 14, 7 ],
			"to": [ 6, 15, 8 ],
			"faces": {
				"down": { "uv": [ 4.96, 4.96, 7.04, 7.04 ], "texture": "#king_dede" },
				"up": { "uv": [ 4.96, 4.96, 7.04, 7.04 ], "texture": "#king_dede" },
				"north": { "uv": [ 4.96, 4.96, 7.04, 7.04 ], "texture": "#king_dede" },
				"south": { "uv": [ 4.96, 4.96, 7.04, 7.04 ], "texture": "#king_dede" },
				"west": { "uv": [ 4.96, 4.96, 7.04, 7.04 ], "texture": "#king_dede" },
				"east": { "uv": [ 4.96, 4.96, 7.04, 7.04 ], "texture": "#king_dede" }
			}
		},
		{
			"__comment": "Voxels-FFD400",
			"from": [ 5, 15, 8 ],
			"to": [ 12, 16, 9 ],
			"faces": {
				"down": { "uv": [ 8.96, 0.96, 11.04, 3.04 ], "texture": "#king_dede" },
				"up": { "uv": [ 8.96, 0.96, 11.04, 3.04 ], "texture": "#king_dede" },
				"north": { "uv": [ 8.96, 0.96, 11.04, 3.04 ], "texture": "#king_dede" },
				"south": { "uv": [ 8.96, 0.96, 11.04, 3.04 ], "texture": "#king_dede" },
				"west": { "uv": [ 8.96, 0.96, 11.04, 3.04 ], "texture": "#king_dede" },
				"east": { "uv": [ 8.96, 0.96, 11.04, 3.04 ], "texture": "#king_dede" }
			}
		},
		{
			"__comment": "Voxels-DE0000",
			"from": [ 5, 16, 4 ],
			"to": [ 6, 19, 5 ],
			"faces": {
				"down": { "uv": [ 12.96, 0.96, 15.04, 3.04 ], "texture": "#king_dede" },
				"up": { "uv": [ 12.96, 0.96, 15.04, 3.04 ], "texture": "#king_dede" },
				"north": { "uv": [ 12.96, 0.96, 15.04, 3.04 ], "texture": "#king_dede" },
				"south": { "uv": [ 12.96, 0.96, 15.04, 3.04 ], "texture": "#king_dede" },
				"west": { "uv": [ 12.96, 0.96, 15.04, 3.04 ], "texture": "#king_dede" },
				"east": { "uv": [ 12.96, 0.96, 15.04, 3.04 ], "texture": "#king_dede" }
			}
		},
		{
			"__comment": "Voxels-DE0000",
			"from": [ 5, 16, 8 ],
			"to": [ 12, 17, 9 ],
			"faces": {
				"down": { "uv": [ 12.96, 0.96, 15.04, 3.04 ], "texture": "#king_dede" },
				"up": { "uv": [ 12.96, 0.96, 15.04, 3.04 ], "texture": "#king_dede" },
				"north": { "uv": [ 12.96, 0.96, 15.04, 3.04 ], "texture": "#king_dede" },
				"south": { "uv": [ 12.96, 0.96, 15.04, 3.04 ], "texture": "#king_dede" },
				"west": { "uv": [ 12.96, 0.96, 15.04, 3.04 ], "texture": "#king_dede" },
				"east": { "uv": [ 12.96, 0.96, 15.04, 3.04 ], "texture": "#king_dede" }
			}
		},
		{
			"__comment": "Voxels-DE0000",
			"from": [ 5, 17, 3 ],
			"to": [ 6, 19, 4 ],
			"faces": {
				"down": { "uv": [ 12.96, 0.96, 15.04, 3.04 ], "texture": "#king_dede" },
				"up": { "uv": [ 12.96, 0.96, 15.04, 3.04 ], "texture": "#king_dede" },
				"north": { "uv": [ 12.96, 0.96, 15.04, 3.04 ], "texture": "#king_dede" },
				"south": { "uv": [ 12.96, 0.96, 15.04, 3.04 ], "texture": "#king_dede" },
				"west": { "uv": [ 12.96, 0.96, 15.04, 3.04 ], "texture": "#king_dede" },
				"east": { "uv": [ 12.96, 0.96, 15.04, 3.04 ], "texture": "#king_dede" }
			}
		},
		{
			"__comment": "Voxels-DE0000",
			"from": [ 5, 17, 5 ],
			"to": [ 6, 19, 7 ],
			"faces": {
				"down": { "uv": [ 12.96, 0.96, 15.04, 3.04 ], "texture": "#king_dede" },
				"up": { "uv": [ 12.96, 0.96, 15.04, 3.04 ], "texture": "#king_dede" },
				"north": { "uv": [ 12.96, 0.96, 15.04, 3.04 ], "texture": "#king_dede" },
				"south": { "uv": [ 12.96, 0.96, 15.04, 3.04 ], "texture": "#king_dede" },
				"west": { "uv": [ 12.96, 0.96, 15.04, 3.04 ], "texture": "#king_dede" },
				"east": { "uv": [ 12.96, 0.96, 15.04, 3.04 ], "texture": "#king_dede" }
			}
		},
		{
			"__comment": "Voxels-DE0000",
			"from": [ 5, 17, 7 ],
			"to": [ 6, 18, 8 ],
			"faces": {
				"down": { "uv": [ 12.96, 0.96, 15.04, 3.04 ], "texture": "#king_dede" },
				"up": { "uv": [ 12.96, 0.96, 15.04, 3.04 ], "texture": "#king_dede" },
				"north": { "uv": [ 12.96, 0.96, 15.04, 3.04 ], "texture": "#king_dede" },
				"south": { "uv": [ 12.96, 0.96, 15.04, 3.04 ], "texture": "#king_dede" },
				"west": { "uv": [ 12.96, 0.96, 15.04, 3.04 ], "texture": "#king_dede" },
				"east": { "uv": [ 12.96, 0.96, 15.04, 3.04 ], "texture": "#king_dede" }
			}
		},
		{
			"__comment": "Voxels-FFD400",
			"from": [ 6, 8, 8 ],
			"to": [ 12, 9, 9 ],
			"faces": {
				"down": { "uv": [ 8.96, 0.96, 11.04, 3.04 ], "texture": "#king_dede" },
				"up": { "uv": [ 8.96, 0.96, 11.04, 3.04 ], "texture": "#king_dede" },
				"north": { "uv": [ 8.96, 0.96, 11.04, 3.04 ], "texture": "#king_dede" },
				"south": { "uv": [ 8.96, 0.96, 11.04, 3.04 ], "texture": "#king_dede" },
				"west": { "uv": [ 8.96, 0.96, 11.04, 3.04 ], "texture": "#king_dede" },
				"east": { "uv": [ 8.96, 0.96, 11.04, 3.04 ], "texture": "#king_dede" }
			}
		},
		{
			"__comment": "Voxels-F3F3F3",
			"from": [ 6, 9, 7 ],
			"to": [ 7, 10, 8 ],
			"faces": {
				"down": { "uv": [ 0.96, 4.96, 3.04, 7.04 ], "texture": "#king_dede" },
				"up": { "uv": [ 0.96, 4.96, 3.04, 7.04 ], "texture": "#king_dede" },
				"north": { "uv": [ 0.96, 4.96, 3.04, 7.04 ], "texture": "#king_dede" },
				"south": { "uv": [ 0.96, 4.96, 3.04, 7.04 ], "texture": "#king_dede" },
				"west": { "uv": [ 0.96, 4.96, 3.04, 7.04 ], "texture": "#king_dede" },
				"east": { "uv": [ 0.96, 4.96, 3.04, 7.04 ], "texture": "#king_dede" }
			}
		},
		{
			"__comment": "Voxels-0082B8",
			"from": [ 6, 10, 0 ],
			"to": [ 11, 11, 1 ],
			"faces": {
				"down": { "uv": [ 4.96, 0.96, 7.04, 3.04 ], "texture": "#king_dede" },
				"up": { "uv": [ 4.96, 0.96, 7.04, 3.04 ], "texture": "#king_dede" },
				"north": { "uv": [ 4.96, 0.96, 7.04, 3.04 ], "texture": "#king_dede" },
				"south": { "uv": [ 4.96, 0.96, 7.04, 3.04 ], "texture": "#king_dede" },
				"west": { "uv": [ 4.96, 0.96, 7.04, 3.04 ], "texture": "#king_dede" },
				"east": { "uv": [ 4.96, 0.96, 7.04, 3.04 ], "texture": "#king_dede" }
			}
		},
		{
			"__comment": "Voxels-FFFFFF",
			"from": [ 6, 10, 7 ],
			"to": [ 7, 11, 8 ],
			"faces": {
				"down": { "uv": [ 4.96, 4.96, 7.04, 7.04 ], "texture": "#king_dede" },
				"up": { "uv": [ 4.96, 4.96, 7.04, 7.04 ], "texture": "#king_dede" },
				"north": { "uv": [ 4.96, 4.96, 7.04, 7.04 ], "texture": "#king_dede" },
				"south": { "uv": [ 4.96, 4.96, 7.04, 7.04 ], "texture": "#king_dede" },
				"west": { "uv": [ 4.96, 4.96, 7.04, 7.04 ], "texture": "#king_dede" },
				"east": { "uv": [ 4.96, 4.96, 7.04, 7.04 ], "texture": "#king_dede" }
			}
		},
		{
			"__comment": "Voxels-FFD400",
			"from": [ 6, 10, 8 ],
			"to": [ 11, 13, 9 ],
			"faces": {
				"down": { "uv": [ 8.96, 0.96, 11.04, 3.04 ], "texture": "#king_dede" },
				"up": { "uv": [ 8.96, 0.96, 11.04, 3.04 ], "texture": "#king_dede" },
				"north": { "uv": [ 8.96, 0.96, 11.04, 3.04 ], "texture": "#king_dede" },
				"south": { "uv": [ 8.96, 0.96, 11.04, 3.04 ], "texture": "#king_dede" },
				"west": { "uv": [ 8.96, 0.96, 11.04, 3.04 ], "texture": "#king_dede" },
				"east": { "uv": [ 8.96, 0.96, 11.04, 3.04 ], "texture": "#king_dede" }
			}
		},
		{
			"__comment": "Voxels-0082B8",
			"from": [ 6, 11, 1 ],
			"to": [ 11, 13, 2 ],
			"faces": {
				"down": { "uv": [ 4.96, 0.96, 7.04, 3.04 ], "texture": "#king_dede" },
				"up": { "uv": [ 4.96, 0.96, 7.04, 3.04 ], "texture": "#king_dede" },
				"north": { "uv": [ 4.96, 0.96, 7.04, 3.04 ], "texture": "#king_dede" },
				"south": { "uv": [ 4.96, 0.96, 7.04, 3.04 ], "texture": "#king_dede" },
				"west": { "uv": [ 4.96, 0.96, 7.04, 3.04 ], "texture": "#king_dede" },
				"east": { "uv": [ 4.96, 0.96, 7.04, 3.04 ], "texture": "#king_dede" }
			}
		},
		{
			"__comment": "Voxels-FFD400",
			"from": [ 6, 11, 7 ],
			"to": [ 13, 12, 8 ],
			"faces": {
				"down": { "uv": [ 8.96, 0.96, 11.04, 3.04 ], "texture": "#king_dede" },
				"up": { "uv": [ 8.96, 0.96, 11.04, 3.04 ], "texture": "#king_dede" },
				"north": { "uv": [ 8.96, 0.96, 11.04, 3.04 ], "texture": "#king_dede" },
				"south": { "uv": [ 8.96, 0.96, 11.04, 3.04 ], "texture": "#king_dede" },
				"west": { "uv": [ 8.96, 0.96, 11.04, 3.04 ], "texture": "#king_dede" },
				"east": { "uv": [ 8.96, 0.96, 11.04, 3.04 ], "texture": "#king_dede" }
			}
		},
		{
			"__comment": "Voxels-FFD400",
			"from": [ 6, 13, 1 ],
			"to": [ 11, 14, 2 ],
			"faces": {
				"down": { "uv": [ 8.96, 0.96, 11.04, 3.04 ], "texture": "#king_dede" },
				"up": { "uv": [ 8.96, 0.96, 11.04, 3.04 ], "texture": "#king_dede" },
				"north": { "uv": [ 8.96, 0.96, 11.04, 3.04 ], "texture": "#king_dede" },
				"south": { "uv": [ 8.96, 0.96, 11.04, 3.04 ], "texture": "#king_dede" },
				"west": { "uv": [ 8.96, 0.96, 11.04, 3.04 ], "texture": "#king_dede" },
				"east": { "uv": [ 8.96, 0.96, 11.04, 3.04 ], "texture": "#king_dede" }
			}
		},
		{
			"__comment": "Voxels-DE0000",
			"from": [ 6, 14, 1 ],
			"to": [ 11, 17, 2 ],
			"faces": {
				"down": { "uv": [ 12.96, 0.96, 15.04, 3.04 ], "texture": "#king_dede" },
				"up": { "uv": [ 12.96, 0.96, 15.04, 3.04 ], "texture": "#king_dede" },
				"north": { "uv": [ 12.96, 0.96, 15.04, 3.04 ], "texture": "#king_dede" },
				"south": { "uv": [ 12.96, 0.96, 15.04, 3.04 ], "texture": "#king_dede" },
				"west": { "uv": [ 12.96, 0.96, 15.04, 3.04 ], "texture": "#king_dede" },
				"east": { "uv": [ 12.96, 0.96, 15.04, 3.04 ], "texture": "#king_dede" }
			}
		},
		{
			"__comment": "Voxels-000000",
			"from": [ 6, 14, 7 ],
			"to": [ 7, 15, 8 ],
			"faces": {
				"down": { "uv": [ 8.96, 4.96, 11.04, 7.04 ], "texture": "#king_dede" },
				"up": { "uv": [ 8.96, 4.96, 11.04, 7.04 ], "texture": "#king_dede" },
				"north": { "uv": [ 8.96, 4.96, 11.04, 7.04 ], "texture": "#king_dede" },
				"south": { "uv": [ 8.96, 4.96, 11.04, 7.04 ], "texture": "#king_dede" },
				"west": { "uv": [ 8.96, 4.96, 11.04, 7.04 ], "texture": "#king_dede" },
				"east": { "uv": [ 8.96, 4.96, 11.04, 7.04 ], "texture": "#king_dede" }
			}
		},
		{
			"__comment": "Voxels-DE0000",
			"from": [ 6, 16, 2 ],
			"to": [ 7, 19, 3 ],
			"faces": {
				"down": { "uv": [ 12.96, 0.96, 15.04, 3.04 ], "texture": "#king_dede" },
				"up": { "uv": [ 12.96, 0.96, 15.04, 3.04 ], "texture": "#king_dede" },
				"north": { "uv": [ 12.96, 0.96, 15.04, 3.04 ], "texture": "#king_dede" },
				"south": { "uv": [ 12.96, 0.96, 15.04, 3.04 ], "texture": "#king_dede" },
				"west": { "uv": [ 12.96, 0.96, 15.04, 3.04 ], "texture": "#king_dede" },
				"east": { "uv": [ 12.96, 0.96, 15.04, 3.04 ], "texture": "#king_dede" }
			}
		},
		{
			"__comment": "Voxels-DE0000",
			"from": [ 6, 17, 8 ],
			"to": [ 11, 18, 9 ],
			"faces": {
				"down": { "uv": [ 12.96, 0.96, 15.04, 3.04 ], "texture": "#king_dede" },
				"up": { "uv": [ 12.96, 0.96, 15.04, 3.04 ], "texture": "#king_dede" },
				"north": { "uv": [ 12.96, 0.96, 15.04, 3.04 ], "texture": "#king_dede" },
				"south": { "uv": [ 12.96, 0.96, 15.04, 3.04 ], "texture": "#king_dede" },
				"west": { "uv": [ 12.96, 0.96, 15.04, 3.04 ], "texture": "#king_dede" },
				"east": { "uv": [ 12.96, 0.96, 15.04, 3.04 ], "texture": "#king_dede" }
			}
		},
		{
			"__comment": "Voxels-DE0000",
			"from": [ 6, 18, 6 ],
			"to": [ 7, 20, 7 ],
			"faces": {
				"down": { "uv": [ 12.96, 0.96, 15.04, 3.04 ], "texture": "#king_dede" },
				"up": { "uv": [ 12.96, 0.96, 15.04, 3.04 ], "texture": "#king_dede" },
				"north": { "uv": [ 12.96, 0.96, 15.04, 3.04 ], "texture": "#king_dede" },
				"south": { "uv": [ 12.96, 0.96, 15.04, 3.04 ], "texture": "#king_dede" },
				"west": { "uv": [ 12.96, 0.96, 15.04, 3.04 ], "texture": "#king_dede" },
				"east": { "uv": [ 12.96, 0.96, 15.04, 3.04 ], "texture": "#king_dede" }
			}
		},
		{
			"__comment": "Voxels-DE0000",
			"from": [ 6, 18, 7 ],
			"to": [ 11, 19, 8 ],
			"faces": {
				"down": { "uv": [ 12.96, 0.96, 15.04, 3.04 ], "texture": "#king_dede" },
				"up": { "uv": [ 12.96, 0.96, 15.04, 3.04 ], "texture": "#king_dede" },
				"north": { "uv": [ 12.96, 0.96, 15.04, 3.04 ], "texture": "#king_dede" },
				"south": { "uv": [ 12.96, 0.96, 15.04, 3.04 ], "texture": "#king_dede" },
				"west": { "uv": [ 12.96, 0.96, 15.04, 3.04 ], "texture": "#king_dede" },
				"east": { "uv": [ 12.96, 0.96, 15.04, 3.04 ], "texture": "#king_dede" }
			}
		},
		{
			"__comment": "Voxels-DE0000",
			"from": [ 6, 19, 3 ],
			"to": [ 11, 20, 6 ],
			"faces": {
				"down": { "uv": [ 12.96, 0.96, 15.04, 3.04 ], "texture": "#king_dede" },
				"up": { "uv": [ 12.96, 0.96, 15.04, 3.04 ], "texture": "#king_dede" },
				"north": { "uv": [ 12.96, 0.96, 15.04, 3.04 ], "texture": "#king_dede" },
				"south": { "uv": [ 12.96, 0.96, 15.04, 3.04 ], "texture": "#king_dede" },
				"west": { "uv": [ 12.96, 0.96, 15.04, 3.04 ], "texture": "#king_dede" },
				"east": { "uv": [ 12.96, 0.96, 15.04, 3.04 ], "texture": "#king_dede" }
			}
		},
		{
			"__comment": "Voxels-FFFFFF",
			"from": [ 7, 9, 7 ],
			"to": [ 8, 10, 8 ],
			"faces": {
				"down": { "uv": [ 4.96, 4.96, 7.04, 7.04 ], "texture": "#king_dede" },
				"up": { "uv": [ 4.96, 4.96, 7.04, 7.04 ], "texture": "#king_dede" },
				"north": { "uv": [ 4.96, 4.96, 7.04, 7.04 ], "texture": "#king_dede" },
				"south": { "uv": [ 4.96, 4.96, 7.04, 7.04 ], "texture": "#king_dede" },
				"west": { "uv": [ 4.96, 4.96, 7.04, 7.04 ], "texture": "#king_dede" },
				"east": { "uv": [ 4.96, 4.96, 7.04, 7.04 ], "texture": "#king_dede" }
			}
		},
		{
			"__comment": "Voxels-F3F3F3",
			"from": [ 7, 10, 7 ],
			"to": [ 8, 11, 8 ],
			"faces": {
				"down": { "uv": [ 0.96, 4.96, 3.04, 7.04 ], "texture": "#king_dede" },
				"up": { "uv": [ 0.96, 4.96, 3.04, 7.04 ], "texture": "#king_dede" },
				"north": { "uv": [ 0.96, 4.96, 3.04, 7.04 ], "texture": "#king_dede" },
				"south": { "uv": [ 0.96, 4.96, 3.04, 7.04 ], "texture": "#king_dede" },
				"west": { "uv": [ 0.96, 4.96, 3.04, 7.04 ], "texture": "#king_dede" },
				"east": { "uv": [ 0.96, 4.96, 3.04, 7.04 ], "texture": "#king_dede" }
			}
		},
		{
			"__comment": "Voxels-FFD400",
			"from": [ 7, 10, 9 ],
			"to": [ 10, 13, 10 ],
			"faces": {
				"down": { "uv": [ 8.96, 0.96, 11.04, 3.04 ], "texture": "#king_dede" },
				"up": { "uv": [ 8.96, 0.96, 11.04, 3.04 ], "texture": "#king_dede" },
				"north": { "uv": [ 8.96, 0.96, 11.04, 3.04 ], "texture": "#king_dede" },
				"south": { "uv": [ 8.96, 0.96, 11.04, 3.04 ], "texture": "#king_dede" },
				"west": { "uv": [ 8.96, 0.96, 11.04, 3.04 ], "texture": "#king_dede" },
				"east": { "uv": [ 8.96, 0.96, 11.04, 3.04 ], "texture": "#king_dede" }
			}
		},
		{
			"__comment": "Voxels-0082B8",
			"from": [ 7, 13, 7 ],
			"to": [ 9, 15, 8 ],
			"faces": {
				"down": { "uv": [ 4.96, 0.96, 7.04, 3.04 ], "texture": "#king_dede" },
				"up": { "uv": [ 4.96, 0.96, 7.04, 3.04 ], "texture": "#king_dede" },
				"north": { "uv": [ 4.96, 0.96, 7.04, 3.04 ], "texture": "#king_dede" },
				"south": { "uv": [ 4.96, 0.96, 7.04, 3.04 ], "texture": "#king_dede" },
				"west": { "uv": [ 4.96, 0.96, 7.04, 3.04 ], "texture": "#king_dede" },
				"east": { "uv": [ 4.96, 0.96, 7.04, 3.04 ], "texture": "#king_dede" }
			}
		},
		{
			"__comment": "Voxels-FFD400",
			"from": [ 7, 15, 9 ],
			"to": [ 9, 17, 10 ],
			"faces": {
				"down": { "uv": [ 8.96, 0.96, 11.04, 3.04 ], "texture": "#king_dede" },
				"up": { "uv": [ 8.96, 0.96, 11.04, 3.04 ], "texture": "#king_dede" },
				"north": { "uv": [ 8.96, 0.96, 11.04, 3.04 ], "texture": "#king_dede" },
				"south": { "uv": [ 8.96, 0.96, 11.04, 3.04 ], "texture": "#king_dede" },
				"west": { "uv": [ 8.96, 0.96, 11.04, 3.04 ], "texture": "#king_dede" },
				"east": { "uv": [ 8.96, 0.96, 11.04, 3.04 ], "texture": "#king_dede" }
			}
		},
		{
			"__comment": "Voxels-DE0000",
			"from": [ 7, 17, 2 ],
			"to": [ 11, 19, 3 ],
			"faces": {
				"down": { "uv": [ 12.96, 0.96, 15.04, 3.04 ], "texture": "#king_dede" },
				"up": { "uv": [ 12.96, 0.96, 15.04, 3.04 ], "texture": "#king_dede" },
				"north": { "uv": [ 12.96, 0.96, 15.04, 3.04 ], "texture": "#king_dede" },
				"south": { "uv": [ 12.96, 0.96, 15.04, 3.04 ], "texture": "#king_dede" },
				"west": { "uv": [ 12.96, 0.96, 15.04, 3.04 ], "texture": "#king_dede" },
				"east": { "uv": [ 12.96, 0.96, 15.04, 3.04 ], "texture": "#king_dede" }
			}
		},
		{
			"__comment": "Voxels-DE0000",
			"from": [ 7, 19, 6 ],
			"to": [ 11, 20, 7 ],
			"faces": {
				"down": { "uv": [ 12.96, 0.96, 15.04, 3.04 ], "texture": "#king_dede" },
				"up": { "uv": [ 12.96, 0.96, 15.04, 3.04 ], "texture": "#king_dede" },
				"north": { "uv": [ 12.96, 0.96, 15.04, 3.04 ], "texture": "#king_dede" },
				"south": { "uv": [ 12.96, 0.96, 15.04, 3.04 ], "texture": "#king_dede" },
				"west": { "uv": [ 12.96, 0.96, 15.04, 3.04 ], "texture": "#king_dede" },
				"east": { "uv": [ 12.96, 0.96, 15.04, 3.04 ], "texture": "#king_dede" }
			}
		},
		{
			"__comment": "Voxels-F3F3F3",
			"from": [ 8, 9, 7 ],
			"to": [ 9, 10, 8 ],
			"faces": {
				"down": { "uv": [ 0.96, 4.96, 3.04, 7.04 ], "texture": "#king_dede" },
				"up": { "uv": [ 0.96, 4.96, 3.04, 7.04 ], "texture": "#king_dede" },
				"north": { "uv": [ 0.96, 4.96, 3.04, 7.04 ], "texture": "#king_dede" },
				"south": { "uv": [ 0.96, 4.96, 3.04, 7.04 ], "texture": "#king_dede" },
				"west": { "uv": [ 0.96, 4.96, 3.04, 7.04 ], "texture": "#king_dede" },
				"east": { "uv": [ 0.96, 4.96, 3.04, 7.04 ], "texture": "#king_dede" }
			}
		},
		{
			"__comment": "Voxels-FFFFFF",
			"from": [ 8, 10, 7 ],
			"to": [ 9, 11, 8 ],
			"faces": {
				"down": { "uv": [ 4.96, 4.96, 7.04, 7.04 ], "texture": "#king_dede" },
				"up": { "uv": [ 4.96, 4.96, 7.04, 7.04 ], "texture": "#king_dede" },
				"north": { "uv": [ 4.96, 4.96, 7.04, 7.04 ], "texture": "#king_dede" },
				"south": { "uv": [ 4.96, 4.96, 7.04, 7.04 ], "texture": "#king_dede" },
				"west": { "uv": [ 4.96, 4.96, 7.04, 7.04 ], "texture": "#king_dede" },
				"east": { "uv": [ 4.96, 4.96, 7.04, 7.04 ], "texture": "#king_dede" }
			}
		},
		{
			"__comment": "Voxels-FFFFFF",
			"from": [ 8, 20, 4 ],
			"to": [ 10, 22, 6 ],
			"faces": {
				"down": { "uv": [ 4.96, 4.96, 7.04, 7.04 ], "texture": "#king_dede" },
				"up": { "uv": [ 4.96, 4.96, 7.04, 7.04 ], "texture": "#king_dede" },
				"north": { "uv": [ 4.96, 4.96, 7.04, 7.04 ], "texture": "#king_dede" },
				"south": { "uv": [ 4.96, 4.96, 7.04, 7.04 ], "texture": "#king_dede" },
				"west": { "uv": [ 4.96, 4.96, 7.04, 7.04 ], "texture": "#king_dede" },
				"east": { "uv": [ 4.96, 4.96, 7.04, 7.04 ], "texture": "#king_dede" }
			}
		},
		{
			"__comment": "Voxels-FFFFFF",
			"from": [ 9, 9, 7 ],
			"to": [ 10, 10, 8 ],
			"faces": {
				"down": { "uv": [ 4.96, 4.96, 7.04, 7.04 ], "texture": "#king_dede" },
				"up": { "uv": [ 4.96, 4.96, 7.04, 7.04 ], "texture": "#king_dede" },
				"north": { "uv": [ 4.96, 4.96, 7.04, 7.04 ], "texture": "#king_dede" },
				"south": { "uv": [ 4.96, 4.96, 7.04, 7.04 ], "texture": "#king_dede" },
				"west": { "uv": [ 4.96, 4.96, 7.04, 7.04 ], "texture": "#king_dede" },
				"east": { "uv": [ 4.96, 4.96, 7.04, 7.04 ], "texture": "#king_dede" }
			}
		},
		{
			"__comment": "Voxels-F3F3F3",
			"from": [ 9, 10, 7 ],
			"to": [ 10, 11, 8 ],
			"faces": {
				"down": { "uv": [ 0.96, 4.96, 3.04, 7.04 ], "texture": "#king_dede" },
				"up": { "uv": [ 0.96, 4.96, 3.04, 7.04 ], "texture": "#king_dede" },
				"north": { "uv": [ 0.96, 4.96, 3.04, 7.04 ], "texture": "#king_dede" },
				"south": { "uv": [ 0.96, 4.96, 3.04, 7.04 ], "texture": "#king_dede" },
				"west": { "uv": [ 0.96, 4.96, 3.04, 7.04 ], "texture": "#king_dede" },
				"east": { "uv": [ 0.96, 4.96, 3.04, 7.04 ], "texture": "#king_dede" }
			}
		},
		{
			"__comment": "Voxels-FFFFFF",
			"from": [ 9, 13, 7 ],
			"to": [ 10, 15, 8 ],
			"faces": {
				"down": { "uv": [ 4.96, 4.96, 7.04, 7.04 ], "texture": "#king_dede" },
				"up": { "uv": [ 4.96, 4.96, 7.04, 7.04 ], "texture": "#king_dede" },
				"north": { "uv": [ 4.96, 4.96, 7.04, 7.04 ], "texture": "#king_dede" },
				"south": { "uv": [ 4.96, 4.96, 7.04, 7.04 ], "texture": "#king_dede" },
				"west": { "uv": [ 4.96, 4.96, 7.04, 7.04 ], "texture": "#king_dede" },
				"east": { "uv": [ 4.96, 4.96, 7.04, 7.04 ], "texture": "#king_dede" }
			}
		},
		{
			"__comment": "Voxels-F3F3F3",
			"from": [ 10, 9, 7 ],
			"to": [ 11, 10, 8 ],
			"faces": {
				"down": { "uv": [ 0.96, 4.96, 3.04, 7.04 ], "texture": "#king_dede" },
				"up": { "uv": [ 0.96, 4.96, 3.04, 7.04 ], "texture": "#king_dede" },
				"north": { "uv": [ 0.96, 4.96, 3.04, 7.04 ], "texture": "#king_dede" },
				"south": { "uv": [ 0.96, 4.96, 3.04, 7.04 ], "texture": "#king_dede" },
				"west": { "uv": [ 0.96, 4.96, 3.04, 7.04 ], "texture": "#king_dede" },
				"east": { "uv": [ 0.96, 4.96, 3.04, 7.04 ], "texture": "#king_dede" }
			}
		},
		{
			"__comment": "Voxels-FFFFFF",
			"from": [ 10, 10, 7 ],
			"to": [ 11, 11, 8 ],
			"faces": {
				"down": { "uv": [ 4.96, 4.96, 7.04, 7.04 ], "texture": "#king_dede" },
				"up": { "uv": [ 4.96, 4.96, 7.04, 7.04 ], "texture": "#king_dede" },
				"north": { "uv": [ 4.96, 4.96, 7.04, 7.04 ], "texture": "#king_dede" },
				"south": { "uv": [ 4.96, 4.96, 7.04, 7.04 ], "texture": "#king_dede" },
				"west": { "uv": [ 4.96, 4.96, 7.04, 7.04 ], "texture": "#king_dede" },
				"east": { "uv": [ 4.96, 4.96, 7.04, 7.04 ], "texture": "#king_dede" }
			}
		},
		{
			"__comment": "Voxels-000000",
			"from": [ 10, 13, 7 ],
			"to": [ 11, 14, 8 ],
			"faces": {
				"down": { "uv": [ 8.96, 4.96, 11.04, 7.04 ], "texture": "#king_dede" },
				"up": { "uv": [ 8.96, 4.96, 11.04, 7.04 ], "texture": "#king_dede" },
				"north": { "uv": [ 8.96, 4.96, 11.04, 7.04 ], "texture": "#king_dede" },
				"south": { "uv": [ 8.96, 4.96, 11.04, 7.04 ], "texture": "#king_dede" },
				"west": { "uv": [ 8.96, 4.96, 11.04, 7.04 ], "texture": "#king_dede" },
				"east": { "uv": [ 8.96, 4.96, 11.04, 7.04 ], "texture": "#king_dede" }
			}
		},
		{
			"__comment": "Voxels-FFFFFF",
			"from": [ 10, 14, 7 ],
			"to": [ 12, 15, 8 ],
			"faces": {
				"down": { "uv": [ 4.96, 4.96, 7.04, 7.04 ], "texture": "#king_dede" },
				"up": { "uv": [ 4.96, 4.96, 7.04, 7.04 ], "texture": "#king_dede" },
				"north": { "uv": [ 4.96, 4.96, 7.04, 7.04 ], "texture": "#king_dede" },
				"south": { "uv": [ 4.96, 4.96, 7.04, 7.04 ], "texture": "#king_dede" },
				"west": { "uv": [ 4.96, 4.96, 7.04, 7.04 ], "texture": "#king_dede" },
				"east": { "uv": [ 4.96, 4.96, 7.04, 7.04 ], "texture": "#king_dede" }
			}
		},
		{
			"__comment": "Voxels-DE0000",
			"from": [ 10, 16, 2 ],
			"to": [ 12, 17, 3 ],
			"faces": {
				"down": { "uv": [ 12.96, 0.96, 15.04, 3.04 ], "texture": "#king_dede" },
				"up": { "uv": [ 12.96, 0.96, 15.04, 3.04 ], "texture": "#king_dede" },
				"north": { "uv": [ 12.96, 0.96, 15.04, 3.04 ], "texture": "#king_dede" },
				"south": { "uv": [ 12.96, 0.96, 15.04, 3.04 ], "texture": "#king_dede" },
				"west": { "uv": [ 12.96, 0.96, 15.04, 3.04 ], "texture": "#king_dede" },
				"east": { "uv": [ 12.96, 0.96, 15.04, 3.04 ], "texture": "#king_dede" }
			}
		},
		{
			"__comment": "Voxels-DE0000",
			"from": [ 10, 17, 7 ],
			"to": [ 12, 18, 8 ],
			"faces": {
				"down": { "uv": [ 12.96, 0.96, 15.04, 3.04 ], "texture": "#king_dede" },
				"up": { "uv": [ 12.96, 0.96, 15.04, 3.04 ], "texture": "#king_dede" },
				"north": { "uv": [ 12.96, 0.96, 15.04, 3.04 ], "texture": "#king_dede" },
				"south": { "uv": [ 12.96, 0.96, 15.04, 3.04 ], "texture": "#king_dede" },
				"west": { "uv": [ 12.96, 0.96, 15.04, 3.04 ], "texture": "#king_dede" },
				"east": { "uv": [ 12.96, 0.96, 15.04, 3.04 ], "texture": "#king_dede" }
			}
		},
		{
			"__comment": "Voxels-0082B8",
			"from": [ 11, 8, 1 ],
			"to": [ 13, 10, 2 ],
			"faces": {
				"down": { "uv": [ 4.96, 0.96, 7.04, 3.04 ], "texture": "#king_dede" },
				"up": { "uv": [ 4.96, 0.96, 7.04, 3.04 ], "texture": "#king_dede" },
				"north": { "uv": [ 4.96, 0.96, 7.04, 3.04 ], "texture": "#king_dede" },
				"south": { "uv": [ 4.96, 0.96, 7.04, 3.04 ], "texture": "#king_dede" },
				"west": { "uv": [ 4.96, 0.96, 7.04, 3.04 ], "texture": "#king_dede" },
				"east": { "uv": [ 4.96, 0.96, 7.04, 3.04 ], "texture": "#king_dede" }
			}
		},
		{
			"__comment": "Voxels-FFD400",
			"from": [ 11, 8, 7 ],
			"to": [ 13, 9, 8 ],
			"faces": {
				"down": { "uv": [ 8.96, 0.96, 11.04, 3.04 ], "texture": "#king_dede" },
				"up": { "uv": [ 8.96, 0.96, 11.04, 3.04 ], "texture": "#king_dede" },
				"north": { "uv": [ 8.96, 0.96, 11.04, 3.04 ], "texture": "#king_dede" },
				"south": { "uv": [ 8.96, 0.96, 11.04, 3.04 ], "texture": "#king_dede" },
				"west": { "uv": [ 8.96, 0.96, 11.04, 3.04 ], "texture": "#king_dede" },
				"east": { "uv": [ 8.96, 0.96, 11.04, 3.04 ], "texture": "#king_dede" }
			}
		},
		{
			"__comment": "Voxels-F3F3F3",
			"from": [ 11, 9, 4 ],
			"to": [ 12, 10, 5 ],
			"faces": {
				"down": { "uv": [ 0.96, 4.96, 3.04, 7.04 ], "texture": "#king_dede" },
				"up": { "uv": [ 0.96, 4.96, 3.04, 7.04 ], "texture": "#king_dede" },
				"north": { "uv": [ 0.96, 4.96, 3.04, 7.04 ], "texture": "#king_dede" },
				"south": { "uv": [ 0.96, 4.96, 3.04, 7.04 ], "texture": "#king_dede" },
				"west": { "uv": [ 0.96, 4.96, 3.04, 7.04 ], "texture": "#king_dede" },
				"east": { "uv": [ 0.96, 4.96, 3.04, 7.04 ], "texture": "#king_dede" }
			}
		},
		{
			"__comment": "Voxels-FFFFFF",
			"from": [ 11, 9, 5 ],
			"to": [ 12, 10, 6 ],
			"faces": {
				"down": { "uv": [ 4.96, 4.96, 7.04, 7.04 ], "texture": "#king_dede" },
				"up": { "uv": [ 4.96, 4.96, 7.04, 7.04 ], "texture": "#king_dede" },
				"north": { "uv": [ 4.96, 4.96, 7.04, 7.04 ], "texture": "#king_dede" },
				"south": { "uv": [ 4.96, 4.96, 7.04, 7.04 ], "texture": "#king_dede" },
				"west": { "uv": [ 4.96, 4.96, 7.04, 7.04 ], "texture": "#king_dede" },
				"east": { "uv": [ 4.96, 4.96, 7.04, 7.04 ], "texture": "#king_dede" }
			}
		},
		{
			"__comment": "Voxels-F3F3F3",
			"from": [ 11, 9, 6 ],
			"to": [ 12, 10, 7 ],
			"faces": {
				"down": { "uv": [ 0.96, 4.96, 3.04, 7.04 ], "texture": "#king_dede" },
				"up": { "uv": [ 0.96, 4.96, 3.04, 7.04 ], "texture": "#king_dede" },
				"north": { "uv": [ 0.96, 4.96, 3.04, 7.04 ], "texture": "#king_dede" },
				"south": { "uv": [ 0.96, 4.96, 3.04, 7.04 ], "texture": "#king_dede" },
				"west": { "uv": [ 0.96, 4.96, 3.04, 7.04 ], "texture": "#king_dede" },
				"east": { "uv": [ 0.96, 4.96, 3.04, 7.04 ], "texture": "#king_dede" }
			}
		},
		{
			"__comment": "Voxels-FFFFFF",
			"from": [ 11, 9, 7 ],
			"to": [ 12, 10, 8 ],
			"faces": {
				"down": { "uv": [ 4.96, 4.96, 7.04, 7.04 ], "texture": "#king_dede" },
				"up": { "uv": [ 4.96, 4.96, 7.04, 7.04 ], "texture": "#king_dede" },
				"north": { "uv": [ 4.96, 4.96, 7.04, 7.04 ], "texture": "#king_dede" },
				"south": { "uv": [ 4.96, 4.96, 7.04, 7.04 ], "texture": "#king_dede" },
				"west": { "uv": [ 4.96, 4.96, 7.04, 7.04 ], "texture": "#king_dede" },
				"east": { "uv": [ 4.96, 4.96, 7.04, 7.04 ], "texture": "#king_dede" }
			}
		},
		{
			"__comment": "Voxels-0082B8",
			"from": [ 11, 10, 1 ],
			"to": [ 12, 11, 2 ],
			"faces": {
				"down": { "uv": [ 4.96, 0.96, 7.04, 3.04 ], "texture": "#king_dede" },
				"up": { "uv": [ 4.96, 0.96, 7.04, 3.04 ], "texture": "#king_dede" },
				"north": { "uv": [ 4.96, 0.96, 7.04, 3.04 ], "texture": "#king_dede" },
				"south": { "uv": [ 4.96, 0.96, 7.04, 3.04 ], "texture": "#king_dede" },
				"west": { "uv": [ 4.96, 0.96, 7.04, 3.04 ], "texture": "#king_dede" },
				"east": { "uv": [ 4.96, 0.96, 7.04, 3.04 ], "texture": "#king_dede" }
			}
		},
		{
			"__comment": "Voxels-F3F3F3",
			"from": [ 11, 10, 3 ],
			"to": [ 12, 11, 4 ],
			"faces": {
				"down": { "uv": [ 0.96, 4.96, 3.04, 7.04 ], "texture": "#king_dede" },
				"up": { "uv": [ 0.96, 4.96, 3.04, 7.04 ], "texture": "#king_dede" },
				"north": { "uv": [ 0.96, 4.96, 3.04, 7.04 ], "texture": "#king_dede" },
				"south": { "uv": [ 0.96, 4.96, 3.04, 7.04 ], "texture": "#king_dede" },
				"west": { "uv": [ 0.96, 4.96, 3.04, 7.04 ], "texture": "#king_dede" },
				"east": { "uv": [ 0.96, 4.96, 3.04, 7.04 ], "texture": "#king_dede" }
			}
		},
		{
			"__comment": "Voxels-FFFFFF",
			"from": [ 11, 10, 4 ],
			"to": [ 12, 11, 5 ],
			"faces": {
				"down": { "uv": [ 4.96, 4.96, 7.04, 7.04 ], "texture": "#king_dede" },
				"up": { "uv": [ 4.96, 4.96, 7.04, 7.04 ], "texture": "#king_dede" },
				"north": { "uv": [ 4.96, 4.96, 7.04, 7.04 ], "texture": "#king_dede" },
				"south": { "uv": [ 4.96, 4.96, 7.04, 7.04 ], "texture": "#king_dede" },
				"west": { "uv": [ 4.96, 4.96, 7.04, 7.04 ], "texture": "#king_dede" },
				"east": { "uv": [ 4.96, 4.96, 7.04, 7.04 ], "texture": "#king_dede" }
			}
		},
		{
			"__comment": "Voxels-F3F3F3",
			"from": [ 11, 10, 5 ],
			"to": [ 12, 11, 6 ],
			"faces": {
				"down": { "uv": [ 0.96, 4.96, 3.04, 7.04 ], "texture": "#king_dede" },
				"up": { "uv": [ 0.96, 4.96, 3.04, 7.04 ], "texture": "#king_dede" },
				"north": { "uv": [ 0.96, 4.96, 3.04, 7.04 ], "texture": "#king_dede" },
				"south": { "uv": [ 0.96, 4.96, 3.04, 7.04 ], "texture": "#king_dede" },
				"west": { "uv": [ 0.96, 4.96, 3.04, 7.04 ], "texture": "#king_dede" },
				"east": { "uv": [ 0.96, 4.96, 3.04, 7.04 ], "texture": "#king_dede" }
			}
		},
		{
			"__comment": "Voxels-FFFFFF",
			"from": [ 11, 10, 6 ],
			"to": [ 12, 11, 7 ],
			"faces": {
				"down": { "uv": [ 4.96, 4.96, 7.04, 7.04 ], "texture": "#king_dede" },
				"up": { "uv": [ 4.96, 4.96, 7.04, 7.04 ], "texture": "#king_dede" },
				"north": { "uv": [ 4.96, 4.96, 7.04, 7.04 ], "texture": "#king_dede" },
				"south": { "uv": [ 4.96, 4.96, 7.04, 7.04 ], "texture": "#king_dede" },
				"west": { "uv": [ 4.96, 4.96, 7.04, 7.04 ], "texture": "#king_dede" },
				"east": { "uv": [ 4.96, 4.96, 7.04, 7.04 ], "texture": "#king_dede" }
			}
		},
		{
			"__comment": "Voxels-F3F3F3",
			"from": [ 11, 10, 7 ],
			"to": [ 12, 11, 8 ],
			"faces": {
				"down": { "uv": [ 0.96, 4.96, 3.04, 7.04 ], "texture": "#king_dede" },
				"up": { "uv": [ 0.96, 4.96, 3.04, 7.04 ], "texture": "#king_dede" },
				"north": { "uv": [ 0.96, 4.96, 3.04, 7.04 ], "texture": "#king_dede" },
				"south": { "uv": [ 0.96, 4.96, 3.04, 7.04 ], "texture": "#king_dede" },
				"west": { "uv": [ 0.96, 4.96, 3.04, 7.04 ], "texture": "#king_dede" },
				"east": { "uv": [ 0.96, 4.96, 3.04, 7.04 ], "texture": "#king_dede" }
			}
		},
		{
			"__comment": "Voxels-FFD400",
			"from": [ 11, 11, 4 ],
			"to": [ 13, 12, 7 ],
			"faces": {
				"down": { "uv": [ 8.96, 0.96, 11.04, 3.04 ], "texture": "#king_dede" },
				"up": { "uv": [ 8.96, 0.96, 11.04, 3.04 ], "texture": "#king_dede" },
				"north": { "uv": [ 8.96, 0.96, 11.04, 3.04 ], "texture": "#king_dede" },
				"south": { "uv": [ 8.96, 0.96, 11.04, 3.04 ], "texture": "#king_dede" },
				"west": { "uv": [ 8.96, 0.96, 11.04, 3.04 ], "texture": "#king_dede" },
				"east": { "uv": [ 8.96, 0.96, 11.04, 3.04 ], "texture": "#king_dede" }
			}
		},
		{
			"__comment": "Voxels-FFD400",
			"from": [ 11, 11, 8 ],
			"to": [ 12, 12, 9 ],
			"faces": {
				"down": { "uv": [ 8.96, 0.96, 11.04, 3.04 ], "texture": "#king_dede" },
				"up": { "uv": [ 8.96, 0.96, 11.04, 3.04 ], "texture": "#king_dede" },
				"north": { "uv": [ 8.96, 0.96, 11.04, 3.04 ], "texture": "#king_dede" },
				"south": { "uv": [ 8.96, 0.96, 11.04, 3.04 ], "texture": "#king_dede" },
				"west": { "uv": [ 8.96, 0.96, 11.04, 3.04 ], "texture": "#king_dede" },
				"east": { "uv": [ 8.96, 0.96, 11.04, 3.04 ], "texture": "#king_dede" }
			}
		},
		{
			"__comment": "Voxels-0082B8",
			"from": [ 11, 12, 2 ],
			"to": [ 12, 13, 3 ],
			"faces": {
				"down": { "uv": [ 4.96, 0.96, 7.04, 3.04 ], "texture": "#king_dede" },
				"up": { "uv": [ 4.96, 0.96, 7.04, 3.04 ], "texture": "#king_dede" },
				"north": { "uv": [ 4.96, 0.96, 7.04, 3.04 ], "texture": "#king_dede" },
				"south": { "uv": [ 4.96, 0.96, 7.04, 3.04 ], "texture": "#king_dede" },
				"west": { "uv": [ 4.96, 0.96, 7.04, 3.04 ], "texture": "#king_dede" },
				"east": { "uv": [ 4.96, 0.96, 7.04, 3.04 ], "texture": "#king_dede" }
			}
		},
		{
			"__comment": "Voxels-0082B8",
			"from": [ 11, 12, 4 ],
			"to": [ 13, 13, 7 ],
			"faces": {
				"down": { "uv": [ 4.96, 0.96, 7.04, 3.04 ], "texture": "#king_dede" },
				"up": { "uv": [ 4.96, 0.96, 7.04, 3.04 ], "texture": "#king_dede" },
				"north": { "uv": [ 4.96, 0.96, 7.04, 3.04 ], "texture": "#king_dede" },
				"south": { "uv": [ 4.96, 0.96, 7.04, 3.04 ], "texture": "#king_dede" },
				"west": { "uv": [ 4.96, 0.96, 7.04, 3.04 ], "texture": "#king_dede" },
				"east": { "uv": [ 4.96, 0.96, 7.04, 3.04 ], "texture": "#king_dede" }
			}
		},
		{
			"__comment": "Voxels-0082B8",
			"from": [ 11, 12, 8 ],
			"to": [ 12, 13, 9 ],
			"faces": {
				"down": { "uv": [ 4.96, 0.96, 7.04, 3.04 ], "texture": "#king_dede" },
				"up": { "uv": [ 4.96, 0.96, 7.04, 3.04 ], "texture": "#king_dede" },
				"north": { "uv": [ 4.96, 0.96, 7.04, 3.04 ], "texture": "#king_dede" },
				"south": { "uv": [ 4.96, 0.96, 7.04, 3.04 ], "texture": "#king_dede" },
				"west": { "uv": [ 4.96, 0.96, 7.04, 3.04 ], "texture": "#king_dede" },
				"east": { "uv": [ 4.96, 0.96, 7.04, 3.04 ], "texture": "#king_dede" }
			}
		},
		{
			"__comment": "Voxels-FFD400",
			"from": [ 11, 13, 2 ],
			"to": [ 12, 14, 3 ],
			"faces": {
				"down": { "uv": [ 8.96, 0.96, 11.04, 3.04 ], "texture": "#king_dede" },
				"up": { "uv": [ 8.96, 0.96, 11.04, 3.04 ], "texture": "#king_dede" },
				"north": { "uv": [ 8.96, 0.96, 11.04, 3.04 ], "texture": "#king_dede" },
				"south": { "uv": [ 8.96, 0.96, 11.04, 3.04 ], "texture": "#king_dede" },
				"west": { "uv": [ 8.96, 0.96, 11.04, 3.04 ], "texture": "#king_dede" },
				"east": { "uv": [ 8.96, 0.96, 11.04, 3.04 ], "texture": "#king_dede" }
			}
		},
		{
			"__comment": "Voxels-0082B8",
			"from": [ 11, 13, 3 ],
			"to": [ 12, 14, 7 ],
			"faces": {
				"down": { "uv": [ 4.96, 0.96, 7.04, 3.04 ], "texture": "#king_dede" },
				"up": { "uv": [ 4.96, 0.96, 7.04, 3.04 ], "texture": "#king_dede" },
				"north": { "uv": [ 4.96, 0.96, 7.04, 3.04 ], "texture": "#king_dede" },
				"south": { "uv": [ 4.96, 0.96, 7.04, 3.04 ], "texture": "#king_dede" },
				"west": { "uv": [ 4.96, 0.96, 7.04, 3.04 ], "texture": "#king_dede" },
				"east": { "uv": [ 4.96, 0.96, 7.04, 3.04 ], "texture": "#king_dede" }
			}
		},
		{
			"__comment": "Voxels-FFFFFF",
			"from": [ 11, 13, 7 ],
			"to": [ 12, 14, 8 ],
			"faces": {
				"down": { "uv": [ 4.96, 4.96, 7.04, 7.04 ], "texture": "#king_dede" },
				"up": { "uv": [ 4.96, 4.96, 7.04, 7.04 ], "texture": "#king_dede" },
				"north": { "uv": [ 4.96, 4.96, 7.04, 7.04 ], "texture": "#king_dede" },
				"south": { "uv": [ 4.96, 4.96, 7.04, 7.04 ], "texture": "#king_dede" },
				"west": { "uv": [ 4.96, 4.96, 7.04, 7.04 ], "texture": "#king_dede" },
				"east": { "uv": [ 4.96, 4.96, 7.04, 7.04 ], "texture": "#king_dede" }
			}
		},
		{
			"__comment": "Voxels-DE0000",
			"from": [ 11, 14, 2 ],
			"to": [ 12, 16, 3 ],
			"faces": {
				"down": { "uv": [ 12.96, 0.96, 15.04, 3.04 ], "texture": "#king_dede" },
				"up": { "uv": [ 12.96, 0.96, 15.04, 3.04 ], "texture": "#king_dede" },
				"north": { "uv": [ 12.96, 0.96, 15.04, 3.04 ], "texture": "#king_dede" },
				"south": { "uv": [ 12.96, 0.96, 15.04, 3.04 ], "texture": "#king_dede" },
				"west": { "uv": [ 12.96, 0.96, 15.04, 3.04 ], "texture": "#king_dede" },
				"east": { "uv": [ 12.96, 0.96, 15.04, 3.04 ], "texture": "#king_dede" }
			}
		},
		{
			"__comment": "Voxels-FFD400",
			"from": [ 11, 14, 3 ],
			"to": [ 13, 15, 7 ],
			"faces": {
				"down": { "uv": [ 8.96, 0.96, 11.04, 3.04 ], "texture": "#king_dede" },
				"up": { "uv": [ 8.96, 0.96, 11.04, 3.04 ], "texture": "#king_dede" },
				"north": { "uv": [ 8.96, 0.96, 11.04, 3.04 ], "texture": "#king_dede" },
				"south": { "uv": [ 8.96, 0.96, 11.04, 3.04 ], "texture": "#king_dede" },
				"west": { "uv": [ 8.96, 0.96, 11.04, 3.04 ], "texture": "#king_dede" },
				"east": { "uv": [ 8.96, 0.96, 11.04, 3.04 ], "texture": "#king_dede" }
			}
		},
		{
			"__comment": "Voxels-DE0000",
			"from": [ 11, 17, 3 ],
			"to": [ 12, 19, 7 ],
			"faces": {
				"down": { "uv": [ 12.96, 0.96, 15.04, 3.04 ], "texture": "#king_dede" },
				"up": { "uv": [ 12.96, 0.96, 15.04, 3.04 ], "texture": "#king_dede" },
				"north": { "uv": [ 12.96, 0.96, 15.04, 3.04 ], "texture": "#king_dede" },
				"south": { "uv": [ 12.96, 0.96, 15.04, 3.04 ], "texture": "#king_dede" },
				"west": { "uv": [ 12.96, 0.96, 15.04, 3.04 ], "texture": "#king_dede" },
				"east": { "uv": [ 12.96, 0.96, 15.04, 3.04 ], "texture": "#king_dede" }
			}
		},
		{
			"__comment": "Voxels-0082B8",
			"from": [ 12, 8, 2 ],
			"to": [ 13, 11, 3 ],
			"faces": {
				"down": { "uv": [ 4.96, 0.96, 7.04, 3.04 ], "texture": "#king_dede" },
				"up": { "uv": [ 4.96, 0.96, 7.04, 3.04 ], "texture": "#king_dede" },
				"north": { "uv": [ 4.96, 0.96, 7.04, 3.04 ], "texture": "#king_dede" },
				"south": { "uv": [ 4.96, 0.96, 7.04, 3.04 ], "texture": "#king_dede" },
				"west": { "uv": [ 4.96, 0.96, 7.04, 3.04 ], "texture": "#king_dede" },
				"east": { "uv": [ 4.96, 0.96, 7.04, 3.04 ], "texture": "#king_dede" }
			}
		},
		{
			"__comment": "Voxels-FFD400",
			"from": [ 12, 8, 3 ],
			"to": [ 13, 10, 4 ],
			"faces": {
				"down": { "uv": [ 8.96, 0.96, 11.04, 3.04 ], "texture": "#king_dede" },
				"up": { "uv": [ 8.96, 0.96, 11.04, 3.04 ], "texture": "#king_dede" },
				"north": { "uv": [ 8.96, 0.96, 11.04, 3.04 ], "texture": "#king_dede" },
				"south": { "uv": [ 8.96, 0.96, 11.04, 3.04 ], "texture": "#king_dede" },
				"west": { "uv": [ 8.96, 0.96, 11.04, 3.04 ], "texture": "#king_dede" },
				"east": { "uv": [ 8.96, 0.96, 11.04, 3.04 ], "texture": "#king_dede" }
			}
		},
		{
			"__comment": "Voxels-FFD400",
			"from": [ 12, 8, 4 ],
			"to": [ 13, 9, 7 ],
			"faces": {
				"down": { "uv": [ 8.96, 0.96, 11.04, 3.04 ], "texture": "#king_dede" },
				"up": { "uv": [ 8.96, 0.96, 11.04, 3.04 ], "texture": "#king_dede" },
				"north": { "uv": [ 8.96, 0.96, 11.04, 3.04 ], "texture": "#king_dede" },
				"south": { "uv": [ 8.96, 0.96, 11.04, 3.04 ], "texture": "#king_dede" },
				"west": { "uv": [ 8.96, 0.96, 11.04, 3.04 ], "texture": "#king_dede" },
				"east": { "uv": [ 8.96, 0.96, 11.04, 3.04 ], "texture": "#king_dede" }
			}
		},
		{
			"__comment": "Voxels-FFD400",
			"from": [ 12, 11, 3 ],
			"to": [ 13, 12, 4 ],
			"faces": {
				"down": { "uv": [ 8.96, 0.96, 11.04, 3.04 ], "texture": "#king_dede" },
				"up": { "uv": [ 8.96, 0.96, 11.04, 3.04 ], "texture": "#king_dede" },
				"north": { "uv": [ 8.96, 0.96, 11.04, 3.04 ], "texture": "#king_dede" },
				"south": { "uv": [ 8.96, 0.96, 11.04, 3.04 ], "texture": "#king_dede" },
				"west": { "uv": [ 8.96, 0.96, 11.04, 3.04 ], "texture": "#king_dede" },
				"east": { "uv": [ 8.96, 0.96, 11.04, 3.04 ], "texture": "#king_dede" }
			}
		},
		{
			"__comment": "Voxels-0082B8",
			"from": [ 12, 12, 3 ],
			"to": [ 13, 13, 4 ],
			"faces": {
				"down": { "uv": [ 4.96, 0.96, 7.04, 3.04 ], "texture": "#king_dede" },
				"up": { "uv": [ 4.96, 0.96, 7.04, 3.04 ], "texture": "#king_dede" },
				"north": { "uv": [ 4.96, 0.96, 7.04, 3.04 ], "texture": "#king_dede" },
				"south": { "uv": [ 4.96, 0.96, 7.04, 3.04 ], "texture": "#king_dede" },
				"west": { "uv": [ 4.96, 0.96, 7.04, 3.04 ], "texture": "#king_dede" },
				"east": { "uv": [ 4.96, 0.96, 7.04, 3.04 ], "texture": "#king_dede" }
			}
		},
		{
			"__comment": "Voxels-FFD400",
			"from": [ 12, 14, 7 ],
			"to": [ 13, 15, 8 ],
			"faces": {
				"down": { "uv": [ 8.96, 0.96, 11.04, 3.04 ], "texture": "#king_dede" },
				"up": { "uv": [ 8.96, 0.96, 11.04, 3.04 ], "texture": "#king_dede" },
				"north": { "uv": [ 8.96, 0.96, 11.04, 3.04 ], "texture": "#king_dede" },
				"south": { "uv": [ 8.96, 0.96, 11.04, 3.04 ], "texture": "#king_dede" },
				"west": { "uv": [ 8.96, 0.96, 11.04, 3.04 ], "texture": "#king_dede" },
				"east": { "uv": [ 8.96, 0.96, 11.04, 3.04 ], "texture": "#king_dede" }
			}
		},
		{
			"__comment": "Voxels-DE0000",
			"from": [ 12, 15, 3 ],
			"to": [ 13, 17, 8 ],
			"faces": {
				"down": { "uv": [ 12.96, 0.96, 15.04, 3.04 ], "texture": "#king_dede" },
				"up": { "uv": [ 12.96, 0.96, 15.04, 3.04 ], "texture": "#king_dede" },
				"north": { "uv": [ 12.96, 0.96, 15.04, 3.04 ], "texture": "#king_dede" },
				"south": { "uv": [ 12.96, 0.96, 15.04, 3.04 ], "texture": "#king_dede" },
				"west": { "uv": [ 12.96, 0.96, 15.04, 3.04 ], "texture": "#king_dede" },
				"east": { "uv": [ 12.96, 0.96, 15.04, 3.04 ], "texture": "#king_dede" }
			}
		}
	],
	"display": {
		"gui": {
			"rotation":   [ 346, 136, 0 ],
			"translation":   [ 0.00, -5.25, 0.25 ],
			"scale":   [ 1.54, 1.47, 1.49 ]
		},
		"head": {
			"rotation":  [ 0, 180, 0 ],
			"translation":  [ 0.6956, -5.563, -4.173 ],
			"scale":  [ 2.3911, 2.1127, 2.7738 ]
		}
	}
}