{
	"__comment": "Designed by CodePixel with Cubik Studio - https://cubik.studio",
	"textures": {
		"particle": "blocks/particle",
		"texture": "blocks/texture",
		"spikytexturesofdoom": "blocks/spikytexturesofdoom"
	},
	"elements": [
		{
			"__comment": "Voxels-E5E5E5",
			"from": [ 2, 2, 8 ],
			"to": [ 3, 3, 9 ],
			"faces": {
				"down": { "uv": [ 4.96, 0.96, 7.04, 3.04 ], "texture": "#spikytexturesofdoom" },
				"up": { "uv": [ 4.96, 0.96, 7.04, 3.04 ], "texture": "#spikytexturesofdoom" },
				"north": { "uv": [ 4.96, 0.96, 7.04, 3.04 ], "texture": "#spikytexturesofdoom" },
				"south": { "uv": [ 4.96, 0.96, 7.04, 3.04 ], "texture": "#spikytexturesofdoom" },
				"west": { "uv": [ 4.96, 0.96, 7.04, 3.04 ], "texture": "#spikytexturesofdoom" },
				"east": { "uv": [ 4.96, 0.96, 7.04, 3.04 ], "texture": "#spikytexturesofdoom" }
			}
		},
		{
			"__comment": "Voxels-E5E5E5",
			"from": [ 2, 8, 8 ],
			"to": [ 3, 9, 9 ],
			"faces": {
				"down": { "uv": [ 4.96, 0.96, 7.04, 3.04 ], "texture": "#spikytexturesofdoom" },
				"up": { "uv": [ 4.96, 0.96, 7.04, 3.04 ], "texture": "#spikytexturesofdoom" },
				"north": { "uv": [ 4.96, 0.96, 7.04, 3.04 ], "texture": "#spikytexturesofdoom" },
				"south": { "uv": [ 4.96, 0.96, 7.04, 3.04 ], "texture": "#spikytexturesofdoom" },
				"west": { "uv": [ 4.96, 0.96, 7.04, 3.04 ], "texture": "#spikytexturesofdoom" },
				"east": { "uv": [ 4.96, 0.96, 7.04, 3.04 ], "texture": "#spikytexturesofdoom" }
			}
		},
		{
			"__comment": "Voxels-E5E5E5",
			"from": [ 2, 14, 8 ],
			"to": [ 3, 15, 9 ],
			"faces": {
				"down": { "uv": [ 4.96, 0.96, 7.04, 3.04 ], "texture": "#spikytexturesofdoom" },
				"up": { "uv": [ 4.96, 0.96, 7.04, 3.04 ], "texture": "#spikytexturesofdoom" },
				"north": { "uv": [ 4.96, 0.96, 7.04, 3.04 ], "texture": "#spikytexturesofdoom" },
				"south": { "uv": [ 4.96, 0.96, 7.04, 3.04 ], "texture": "#spikytexturesofdoom" },
				"west": { "uv": [ 4.96, 0.96, 7.04, 3.04 ], "texture": "#spikytexturesofdoom" },
				"east": { "uv": [ 4.96, 0.96, 7.04, 3.04 ], "texture": "#spikytexturesofdoom" }
			}
		},
		{
			"__comment": "Voxels-E5E5E5",
			"from": [ 3, 3, 8 ],
			"to": [ 5, 5, 9 ],
			"faces": {
				"down": { "uv": [ 4.96, 0.96, 7.04, 3.04 ], "texture": "#spikytexturesofdoom" },
				"up": { "uv": [ 4.96, 0.96, 7.04, 3.04 ], "texture": "#spikytexturesofdoom" },
				"north": { "uv": [ 4.96, 0.96, 7.04, 3.04 ], "texture": "#spikytexturesofdoom" },
				"south": { "uv": [ 4.96, 0.96, 7.04, 3.04 ], "texture": "#spikytexturesofdoom" },
				"west": { "uv": [ 4.96, 0.96, 7.04, 3.04 ], "texture": "#spikytexturesofdoom" },
				"east": { "uv": [ 4.96, 0.96, 7.04, 3.04 ], "texture": "#spikytexturesofdoom" }
			}
		},
		{
			"__comment": "Voxels-FFF5C5",
			"from": [ 3, 8, 8 ],
			"to": [ 14, 9, 9 ],
			"faces": {
				"down": { "uv": [ 8.96, 0.96, 11.04, 3.04 ], "texture": "#spikytexturesofdoom" },
				"up": { "uv": [ 8.96, 0.96, 11.04, 3.04 ], "texture": "#spikytexturesofdoom" },
				"north": { "uv": [ 8.96, 0.96, 11.04, 3.04 ], "texture": "#spikytexturesofdoom" },
				"south": { "uv": [ 8.96, 0.96, 11.04, 3.04 ], "texture": "#spikytexturesofdoom" },
				"west": { "uv": [ 8.96, 0.96, 11.04, 3.04 ], "texture": "#spikytexturesofdoom" },
				"east": { "uv": [ 8.96, 0.96, 11.04, 3.04 ], "texture": "#spikytexturesofdoom" }
			}
		},
		{
			"__comment": "Voxels-E5E5E5",
			"from": [ 3, 12, 8 ],
			"to": [ 5, 14, 9 ],
			"faces": {
				"down": { "uv": [ 4.96, 0.96, 7.04, 3.04 ], "texture": "#spikytexturesofdoom" },
				"up": { "uv": [ 4.96, 0.96, 7.04, 3.04 ], "texture": "#spikytexturesofdoom" },
				"north": { "uv": [ 4.96, 0.96, 7.04, 3.04 ], "texture": "#spikytexturesofdoom" },
				"south": { "uv": [ 4.96, 0.96, 7.04, 3.04 ], "texture": "#spikytexturesofdoom" },
				"west": { "uv": [ 4.96, 0.96, 7.04, 3.04 ], "texture": "#spikytexturesofdoom" },
				"east": { "uv": [ 4.96, 0.96, 7.04, 3.04 ], "texture": "#spikytexturesofdoom" }
			}
		},
		{
			"__comment": "Voxels-FFF5C5",
			"from": [ 4, 5, 8 ],
			"to": [ 13, 6, 9 ],
			"faces": {
				"down": { "uv": [ 8.96, 0.96, 11.04, 3.04 ], "texture": "#spikytexturesofdoom" },
				"up": { "uv": [ 8.96, 0.96, 11.04, 3.04 ], "texture": "#spikytexturesofdoom" },
				"north": { "uv": [ 8.96, 0.96, 11.04, 3.04 ], "texture": "#spikytexturesofdoom" },
				"south": { "uv": [ 8.96, 0.96, 11.04, 3.04 ], "texture": "#spikytexturesofdoom" },
				"west": { "uv": [ 8.96, 0.96, 11.04, 3.04 ], "texture": "#spikytexturesofdoom" },
				"east": { "uv": [ 8.96, 0.96, 11.04, 3.04 ], "texture": "#spikytexturesofdoom" }
			}
		},
		{
			"__comment": "Voxels-2B2B2B",
			"from": [ 4, 6, 8 ],
			"to": [ 13, 8, 9 ],
			"faces": {
				"down": { "uv": [ 12.96, 0.96, 15.04, 3.04 ], "texture": "#spikytexturesofdoom" },
				"up": { "uv": [ 12.96, 0.96, 15.04, 3.04 ], "texture": "#spikytexturesofdoom" },
				"north": { "uv": [ 12.96, 0.96, 15.04, 3.04 ], "texture": "#spikytexturesofdoom" },
				"south": { "uv": [ 12.96, 0.96, 15.04, 3.04 ], "texture": "#spikytexturesofdoom" },
				"west": { "uv": [ 12.96, 0.96, 15.04, 3.04 ], "texture": "#spikytexturesofdoom" },
				"east": { "uv": [ 12.96, 0.96, 15.04, 3.04 ], "texture": "#spikytexturesofdoom" }
			}
		},
		{
			"__comment": "Voxels-2B2B2B",
			"from": [ 4, 7, 7 ],
			"to": [ 13, 10, 8 ],
			"faces": {
				"down": { "uv": [ 12.96, 0.96, 15.04, 3.04 ], "texture": "#spikytexturesofdoom" },
				"up": { "uv": [ 12.96, 0.96, 15.04, 3.04 ], "texture": "#spikytexturesofdoom" },
				"north": { "uv": [ 12.96, 0.96, 15.04, 3.04 ], "texture": "#spikytexturesofdoom" },
				"south": { "uv": [ 12.96, 0.96, 15.04, 3.04 ], "texture": "#spikytexturesofdoom" },
				"west": { "uv": [ 12.96, 0.96, 15.04, 3.04 ], "texture": "#spikytexturesofdoom" },
				"east": { "uv": [ 12.96, 0.96, 15.04, 3.04 ], "texture": "#spikytexturesofdoom" }
			}
		},
		{
			"__comment": "Voxels-2B2B2B",
			"from": [ 4, 7, 9 ],
			"to": [ 13, 10, 10 ],
			"faces": {
				"down": { "uv": [ 12.96, 0.96, 15.04, 3.04 ], "texture": "#spikytexturesofdoom" },
				"up": { "uv": [ 12.96, 0.96, 15.04, 3.04 ], "texture": "#spikytexturesofdoom" },
				"north": { "uv": [ 12.96, 0.96, 15.04, 3.04 ], "texture": "#spikytexturesofdoom" },
				"south": { "uv": [ 12.96, 0.96, 15.04, 3.04 ], "texture": "#spikytexturesofdoom" },
				"west": { "uv": [ 12.96, 0.96, 15.04, 3.04 ], "texture": "#spikytexturesofdoom" },
				"east": { "uv": [ 12.96, 0.96, 15.04, 3.04 ], "texture": "#spikytexturesofdoom" }
			}
		},
		{
			"__comment": "Voxels-2B2B2B",
			"from": [ 4, 8, 6 ],
			"to": [ 13, 9, 7 ],
			"faces": {
				"down": { "uv": [ 12.96, 0.96, 15.04, 3.04 ], "texture": "#spikytexturesofdoom" },
				"up": { "uv": [ 12.96, 0.96, 15.04, 3.04 ], "texture": "#spikytexturesofdoom" },
				"north": { "uv": [ 12.96, 0.96, 15.04, 3.04 ], "texture": "#spikytexturesofdoom" },
				"south": { "uv": [ 12.96, 0.96, 15.04, 3.04 ], "texture": "#spikytexturesofdoom" },
				"west": { "uv": [ 12.96, 0.96, 15.04, 3.04 ], "texture": "#spikytexturesofdoom" },
				"east": { "uv": [ 12.96, 0.96, 15.04, 3.04 ], "texture": "#spikytexturesofdoom" }
			}
		},
		{
			"__comment": "Voxels-2B2B2B",
			"from": [ 4, 8, 10 ],
			"to": [ 13, 9, 11 ],
			"faces": {
				"down": { "uv": [ 12.96, 0.96, 15.04, 3.04 ], "texture": "#spikytexturesofdoom" },
				"up": { "uv": [ 12.96, 0.96, 15.04, 3.04 ], "texture": "#spikytexturesofdoom" },
				"north": { "uv": [ 12.96, 0.96, 15.04, 3.04 ], "texture": "#spikytexturesofdoom" },
				"south": { "uv": [ 12.96, 0.96, 15.04, 3.04 ], "texture": "#spikytexturesofdoom" },
				"west": { "uv": [ 12.96, 0.96, 15.04, 3.04 ], "texture": "#spikytexturesofdoom" },
				"east": { "uv": [ 12.96, 0.96, 15.04, 3.04 ], "texture": "#spikytexturesofdoom" }
			}
		},
		{
			"__comment": "Voxels-2B2B2B",
			"from": [ 4, 9, 8 ],
			"to": [ 13, 11, 9 ],
			"faces": {
				"down": { "uv": [ 12.96, 0.96, 15.04, 3.04 ], "texture": "#spikytexturesofdoom" },
				"up": { "uv": [ 12.96, 0.96, 15.04, 3.04 ], "texture": "#spikytexturesofdoom" },
				"north": { "uv": [ 12.96, 0.96, 15.04, 3.04 ], "texture": "#spikytexturesofdoom" },
				"south": { "uv": [ 12.96, 0.96, 15.04, 3.04 ], "texture": "#spikytexturesofdoom" },
				"west": { "uv": [ 12.96, 0.96, 15.04, 3.04 ], "texture": "#spikytexturesofdoom" },
				"east": { "uv": [ 12.96, 0.96, 15.04, 3.04 ], "texture": "#spikytexturesofdoom" }
			}
		},
		{
			"__comment": "Voxels-FFF5C5",
			"from": [ 4, 11, 8 ],
			"to": [ 5, 12, 9 ],
			"faces": {
				"down": { "uv": [ 8.96, 0.96, 11.04, 3.04 ], "texture": "#spikytexturesofdoom" },
				"up": { "uv": [ 8.96, 0.96, 11.04, 3.04 ], "texture": "#spikytexturesofdoom" },
				"north": { "uv": [ 8.96, 0.96, 11.04, 3.04 ], "texture": "#spikytexturesofdoom" },
				"south": { "uv": [ 8.96, 0.96, 11.04, 3.04 ], "texture": "#spikytexturesofdoom" },
				"west": { "uv": [ 8.96, 0.96, 11.04, 3.04 ], "texture": "#spikytexturesofdoom" },
				"east": { "uv": [ 8.96, 0.96, 11.04, 3.04 ], "texture": "#spikytexturesofdoom" }
			}
		},
		{
			"__comment": "Voxels-FFF5C5",
			"from": [ 5, 4, 8 ],
			"to": [ 6, 5, 9 ],
			"faces": {
				"down": { "uv": [ 8.96, 0.96, 11.04, 3.04 ], "texture": "#spikytexturesofdoom" },
				"up": { "uv": [ 8.96, 0.96, 11.04, 3.04 ], "texture": "#spikytexturesofdoom" },
				"north": { "uv": [ 8.96, 0.96, 11.04, 3.04 ], "texture": "#spikytexturesofdoom" },
				"south": { "uv": [ 8.96, 0.96, 11.04, 3.04 ], "texture": "#spikytexturesofdoom" },
				"west": { "uv": [ 8.96, 0.96, 11.04, 3.04 ], "texture": "#spikytexturesofdoom" },
				"east": { "uv": [ 8.96, 0.96, 11.04, 3.04 ], "texture": "#spikytexturesofdoom" }
			}
		},
		{
			"__comment": "Voxels-2B2B2B",
			"from": [ 5, 5, 7 ],
			"to": [ 12, 7, 8 ],
			"faces": {
				"down": { "uv": [ 12.96, 0.96, 15.04, 3.04 ], "texture": "#spikytexturesofdoom" },
				"up": { "uv": [ 12.96, 0.96, 15.04, 3.04 ], "texture": "#spikytexturesofdoom" },
				"north": { "uv": [ 12.96, 0.96, 15.04, 3.04 ], "texture": "#spikytexturesofdoom" },
				"south": { "uv": [ 12.96, 0.96, 15.04, 3.04 ], "texture": "#spikytexturesofdoom" },
				"west": { "uv": [ 12.96, 0.96, 15.04, 3.04 ], "texture": "#spikytexturesofdoom" },
				"east": { "uv": [ 12.96, 0.96, 15.04, 3.04 ], "texture": "#spikytexturesofdoom" }
			}
		},
		{
			"__comment": "Voxels-2B2B2B",
			"from": [ 5, 5, 9 ],
			"to": [ 12, 7, 10 ],
			"faces": {
				"down": { "uv": [ 12.96, 0.96, 15.04, 3.04 ], "texture": "#spikytexturesofdoom" },
				"up": { "uv": [ 12.96, 0.96, 15.04, 3.04 ], "texture": "#spikytexturesofdoom" },
				"north": { "uv": [ 12.96, 0.96, 15.04, 3.04 ], "texture": "#spikytexturesofdoom" },
				"south": { "uv": [ 12.96, 0.96, 15.04, 3.04 ], "texture": "#spikytexturesofdoom" },
				"west": { "uv": [ 12.96, 0.96, 15.04, 3.04 ], "texture": "#spikytexturesofdoom" },
				"east": { "uv": [ 12.96, 0.96, 15.04, 3.04 ], "texture": "#spikytexturesofdoom" }
			}
		},
		{
			"__comment": "Voxels-2B2B2B",
			"from": [ 5, 6, 6 ],
			"to": [ 12, 8, 7 ],
			"faces": {
				"down": { "uv": [ 12.96, 0.96, 15.04, 3.04 ], "texture": "#spikytexturesofdoom" },
				"up": { "uv": [ 12.96, 0.96, 15.04, 3.04 ], "texture": "#spikytexturesofdoom" },
				"north": { "uv": [ 12.96, 0.96, 15.04, 3.04 ], "texture": "#spikytexturesofdoom" },
				"south": { "uv": [ 12.96, 0.96, 15.04, 3.04 ], "texture": "#spikytexturesofdoom" },
				"west": { "uv": [ 12.96, 0.96, 15.04, 3.04 ], "texture": "#spikytexturesofdoom" },
				"east": { "uv": [ 12.96, 0.96, 15.04, 3.04 ], "texture": "#spikytexturesofdoom" }
			}
		},
		{
			"__comment": "Voxels-2B2B2B",
			"from": [ 5, 6, 10 ],
			"to": [ 12, 8, 11 ],
			"faces": {
				"down": { "uv": [ 12.96, 0.96, 15.04, 3.04 ], "texture": "#spikytexturesofdoom" },
				"up": { "uv": [ 12.96, 0.96, 15.04, 3.04 ], "texture": "#spikytexturesofdoom" },
				"north": { "uv": [ 12.96, 0.96, 15.04, 3.04 ], "texture": "#spikytexturesofdoom" },
				"south": { "uv": [ 12.96, 0.96, 15.04, 3.04 ], "texture": "#spikytexturesofdoom" },
				"west": { "uv": [ 12.96, 0.96, 15.04, 3.04 ], "texture": "#spikytexturesofdoom" },
				"east": { "uv": [ 12.96, 0.96, 15.04, 3.04 ], "texture": "#spikytexturesofdoom" }
			}
		},
		{
			"__comment": "Voxels-2B2B2B",
			"from": [ 5, 7, 5 ],
			"to": [ 6, 10, 6 ],
			"faces": {
				"down": { "uv": [ 12.96, 0.96, 15.04, 3.04 ], "texture": "#spikytexturesofdoom" },
				"up": { "uv": [ 12.96, 0.96, 15.04, 3.04 ], "texture": "#spikytexturesofdoom" },
				"north": { "uv": [ 12.96, 0.96, 15.04, 3.04 ], "texture": "#spikytexturesofdoom" },
				"south": { "uv": [ 12.96, 0.96, 15.04, 3.04 ], "texture": "#spikytexturesofdoom" },
				"west": { "uv": [ 12.96, 0.96, 15.04, 3.04 ], "texture": "#spikytexturesofdoom" },
				"east": { "uv": [ 12.96, 0.96, 15.04, 3.04 ], "texture": "#spikytexturesofdoom" }
			}
		},
		{
			"__comment": "Voxels-2B2B2B",
			"from": [ 5, 7, 11 ],
			"to": [ 12, 10, 12 ],
			"faces": {
				"down": { "uv": [ 12.96, 0.96, 15.04, 3.04 ], "texture": "#spikytexturesofdoom" },
				"up": { "uv": [ 12.96, 0.96, 15.04, 3.04 ], "texture": "#spikytexturesofdoom" },
				"north": { "uv": [ 12.96, 0.96, 15.04, 3.04 ], "texture": "#spikytexturesofdoom" },
				"south": { "uv": [ 12.96, 0.96, 15.04, 3.04 ], "texture": "#spikytexturesofdoom" },
				"west": { "uv": [ 12.96, 0.96, 15.04, 3.04 ], "texture": "#spikytexturesofdoom" },
				"east": { "uv": [ 12.96, 0.96, 15.04, 3.04 ], "texture": "#spikytexturesofdoom" }
			}
		},
		{
			"__comment": "Voxels-2B2B2B",
			"from": [ 5, 9, 6 ],
			"to": [ 12, 11, 7 ],
			"faces": {
				"down": { "uv": [ 12.96, 0.96, 15.04, 3.04 ], "texture": "#spikytexturesofdoom" },
				"up": { "uv": [ 12.96, 0.96, 15.04, 3.04 ], "texture": "#spikytexturesofdoom" },
				"north": { "uv": [ 12.96, 0.96, 15.04, 3.04 ], "texture": "#spikytexturesofdoom" },
				"south": { "uv": [ 12.96, 0.96, 15.04, 3.04 ], "texture": "#spikytexturesofdoom" },
				"west": { "uv": [ 12.96, 0.96, 15.04, 3.04 ], "texture": "#spikytexturesofdoom" },
				"east": { "uv": [ 12.96, 0.96, 15.04, 3.04 ], "texture": "#spikytexturesofdoom" }
			}
		},
		{
			"__comment": "Voxels-2B2B2B",
			"from": [ 5, 9, 10 ],
			"to": [ 12, 11, 11 ],
			"faces": {
				"down": { "uv": [ 12.96, 0.96, 15.04, 3.04 ], "texture": "#spikytexturesofdoom" },
				"up": { "uv": [ 12.96, 0.96, 15.04, 3.04 ], "texture": "#spikytexturesofdoom" },
				"north": { "uv": [ 12.96, 0.96, 15.04, 3.04 ], "texture": "#spikytexturesofdoom" },
				"south": { "uv": [ 12.96, 0.96, 15.04, 3.04 ], "texture": "#spikytexturesofdoom" },
				"west": { "uv": [ 12.96, 0.96, 15.04, 3.04 ], "texture": "#spikytexturesofdoom" },
				"east": { "uv": [ 12.96, 0.96, 15.04, 3.04 ], "texture": "#spikytexturesofdoom" }
			}
		},
		{
			"__comment": "Voxels-2B2B2B",
			"from": [ 5, 10, 7 ],
			"to": [ 12, 12, 8 ],
			"faces": {
				"down": { "uv": [ 12.96, 0.96, 15.04, 3.04 ], "texture": "#spikytexturesofdoom" },
				"up": { "uv": [ 12.96, 0.96, 15.04, 3.04 ], "texture": "#spikytexturesofdoom" },
				"north": { "uv": [ 12.96, 0.96, 15.04, 3.04 ], "texture": "#spikytexturesofdoom" },
				"south": { "uv": [ 12.96, 0.96, 15.04, 3.04 ], "texture": "#spikytexturesofdoom" },
				"west": { "uv": [ 12.96, 0.96, 15.04, 3.04 ], "texture": "#spikytexturesofdoom" },
				"east": { "uv": [ 12.96, 0.96, 15.04, 3.04 ], "texture": "#spikytexturesofdoom" }
			}
		},
		{
			"__comment": "Voxels-2B2B2B",
			"from": [ 5, 10, 9 ],
			"to": [ 12, 12, 10 ],
			"faces": {
				"down": { "uv": [ 12.96, 0.96, 15.04, 3.04 ], "texture": "#spikytexturesofdoom" },
				"up": { "uv": [ 12.96, 0.96, 15.04, 3.04 ], "texture": "#spikytexturesofdoom" },
				"north": { "uv": [ 12.96, 0.96, 15.04, 3.04 ], "texture": "#spikytexturesofdoom" },
				"south": { "uv": [ 12.96, 0.96, 15.04, 3.04 ], "texture": "#spikytexturesofdoom" },
				"west": { "uv": [ 12.96, 0.96, 15.04, 3.04 ], "texture": "#spikytexturesofdoom" },
				"east": { "uv": [ 12.96, 0.96, 15.04, 3.04 ], "texture": "#spikytexturesofdoom" }
			}
		},
		{
			"__comment": "Voxels-2B2B2B",
			"from": [ 5, 11, 8 ],
			"to": [ 12, 12, 9 ],
			"faces": {
				"down": { "uv": [ 12.96, 0.96, 15.04, 3.04 ], "texture": "#spikytexturesofdoom" },
				"up": { "uv": [ 12.96, 0.96, 15.04, 3.04 ], "texture": "#spikytexturesofdoom" },
				"north": { "uv": [ 12.96, 0.96, 15.04, 3.04 ], "texture": "#spikytexturesofdoom" },
				"south": { "uv": [ 12.96, 0.96, 15.04, 3.04 ], "texture": "#spikytexturesofdoom" },
				"west": { "uv": [ 12.96, 0.96, 15.04, 3.04 ], "texture": "#spikytexturesofdoom" },
				"east": { "uv": [ 12.96, 0.96, 15.04, 3.04 ], "texture": "#spikytexturesofdoom" }
			}
		},
		{
			"__comment": "Voxels-FFF5C5",
			"from": [ 5, 12, 8 ],
			"to": [ 6, 13, 9 ],
			"faces": {
				"down": { "uv": [ 8.96, 0.96, 11.04, 3.04 ], "texture": "#spikytexturesofdoom" },
				"up": { "uv": [ 8.96, 0.96, 11.04, 3.04 ], "texture": "#spikytexturesofdoom" },
				"north": { "uv": [ 8.96, 0.96, 11.04, 3.04 ], "texture": "#spikytexturesofdoom" },
				"south": { "uv": [ 8.96, 0.96, 11.04, 3.04 ], "texture": "#spikytexturesofdoom" },
				"west": { "uv": [ 8.96, 0.96, 11.04, 3.04 ], "texture": "#spikytexturesofdoom" },
				"east": { "uv": [ 8.96, 0.96, 11.04, 3.04 ], "texture": "#spikytexturesofdoom" }
			}
		},
		{
			"__comment": "Voxels-2B2B2B",
			"from": [ 6, 4, 8 ],
			"to": [ 11, 5, 9 ],
			"faces": {
				"down": { "uv": [ 12.96, 0.96, 15.04, 3.04 ], "texture": "#spikytexturesofdoom" },
				"up": { "uv": [ 12.96, 0.96, 15.04, 3.04 ], "texture": "#spikytexturesofdoom" },
				"north": { "uv": [ 12.96, 0.96, 15.04, 3.04 ], "texture": "#spikytexturesofdoom" },
				"south": { "uv": [ 12.96, 0.96, 15.04, 3.04 ], "texture": "#spikytexturesofdoom" },
				"west": { "uv": [ 12.96, 0.96, 15.04, 3.04 ], "texture": "#spikytexturesofdoom" },
				"east": { "uv": [ 12.96, 0.96, 15.04, 3.04 ], "texture": "#spikytexturesofdoom" }
			}
		},
		{
			"__comment": "Voxels-2B2B2B",
			"from": [ 6, 5, 6 ],
			"to": [ 11, 6, 7 ],
			"faces": {
				"down": { "uv": [ 12.96, 0.96, 15.04, 3.04 ], "texture": "#spikytexturesofdoom" },
				"up": { "uv": [ 12.96, 0.96, 15.04, 3.04 ], "texture": "#spikytexturesofdoom" },
				"north": { "uv": [ 12.96, 0.96, 15.04, 3.04 ], "texture": "#spikytexturesofdoom" },
				"south": { "uv": [ 12.96, 0.96, 15.04, 3.04 ], "texture": "#spikytexturesofdoom" },
				"west": { "uv": [ 12.96, 0.96, 15.04, 3.04 ], "texture": "#spikytexturesofdoom" },
				"east": { "uv": [ 12.96, 0.96, 15.04, 3.04 ], "texture": "#spikytexturesofdoom" }
			}
		},
		{
			"__comment": "Voxels-2B2B2B",
			"from": [ 6, 5, 10 ],
			"to": [ 11, 6, 11 ],
			"faces": {
				"down": { "uv": [ 12.96, 0.96, 15.04, 3.04 ], "texture": "#spikytexturesofdoom" },
				"up": { "uv": [ 12.96, 0.96, 15.04, 3.04 ], "texture": "#spikytexturesofdoom" },
				"north": { "uv": [ 12.96, 0.96, 15.04, 3.04 ], "texture": "#spikytexturesofdoom" },
				"south": { "uv": [ 12.96, 0.96, 15.04, 3.04 ], "texture": "#spikytexturesofdoom" },
				"west": { "uv": [ 12.96, 0.96, 15.04, 3.04 ], "texture": "#spikytexturesofdoom" },
				"east": { "uv": [ 12.96, 0.96, 15.04, 3.04 ], "texture": "#spikytexturesofdoom" }
			}
		},
		{
			"__comment": "Voxels-2B2B2B",
			"from": [ 6, 6, 5 ],
			"to": [ 11, 7, 6 ],
			"faces": {
				"down": { "uv": [ 12.96, 0.96, 15.04, 3.04 ], "texture": "#spikytexturesofdoom" },
				"up": { "uv": [ 12.96, 0.96, 15.04, 3.04 ], "texture": "#spikytexturesofdoom" },
				"north": { "uv": [ 12.96, 0.96, 15.04, 3.04 ], "texture": "#spikytexturesofdoom" },
				"south": { "uv": [ 12.96, 0.96, 15.04, 3.04 ], "texture": "#spikytexturesofdoom" },
				"west": { "uv": [ 12.96, 0.96, 15.04, 3.04 ], "texture": "#spikytexturesofdoom" },
				"east": { "uv": [ 12.96, 0.96, 15.04, 3.04 ], "texture": "#spikytexturesofdoom" }
			}
		},
		{
			"__comment": "Voxels-2B2B2B",
			"from": [ 6, 6, 11 ],
			"to": [ 11, 7, 12 ],
			"faces": {
				"down": { "uv": [ 12.96, 0.96, 15.04, 3.04 ], "texture": "#spikytexturesofdoom" },
				"up": { "uv": [ 12.96, 0.96, 15.04, 3.04 ], "texture": "#spikytexturesofdoom" },
				"north": { "uv": [ 12.96, 0.96, 15.04, 3.04 ], "texture": "#spikytexturesofdoom" },
				"south": { "uv": [ 12.96, 0.96, 15.04, 3.04 ], "texture": "#spikytexturesofdoom" },
				"west": { "uv": [ 12.96, 0.96, 15.04, 3.04 ], "texture": "#spikytexturesofdoom" },
				"east": { "uv": [ 12.96, 0.96, 15.04, 3.04 ], "texture": "#spikytexturesofdoom" }
			}
		},
		{
			"__comment": "Voxels-FFFFFF",
			"from": [ 6, 7, 5 ],
			"to": [ 7, 8, 6 ],
			"faces": {
				"down": { "uv": [ 0.96, 4.96, 3.04, 7.04 ], "texture": "#spikytexturesofdoom" },
				"up": { "uv": [ 0.96, 4.96, 3.04, 7.04 ], "texture": "#spikytexturesofdoom" },
				"north": { "uv": [ 0.96, 4.96, 3.04, 7.04 ], "texture": "#spikytexturesofdoom" },
				"south": { "uv": [ 0.96, 4.96, 3.04, 7.04 ], "texture": "#spikytexturesofdoom" },
				"west": { "uv": [ 0.96, 4.96, 3.04, 7.04 ], "texture": "#spikytexturesofdoom" },
				"east": { "uv": [ 0.96, 4.96, 3.04, 7.04 ], "texture": "#spikytexturesofdoom" }
			}
		},
		{
			"__comment": "Voxels-FFFFFF",
			"from": [ 6, 8, 4 ],
			"to": [ 7, 9, 5 ],
			"faces": {
				"down": { "uv": [ 0.96, 4.96, 3.04, 7.04 ], "texture": "#spikytexturesofdoom" },
				"up": { "uv": [ 0.96, 4.96, 3.04, 7.04 ], "texture": "#spikytexturesofdoom" },
				"north": { "uv": [ 0.96, 4.96, 3.04, 7.04 ], "texture": "#spikytexturesofdoom" },
				"south": { "uv": [ 0.96, 4.96, 3.04, 7.04 ], "texture": "#spikytexturesofdoom" },
				"west": { "uv": [ 0.96, 4.96, 3.04, 7.04 ], "texture": "#spikytexturesofdoom" },
				"east": { "uv": [ 0.96, 4.96, 3.04, 7.04 ], "texture": "#spikytexturesofdoom" }
			}
		},
		{
			"__comment": "Voxels-2B2B2B",
			"from": [ 6, 8, 5 ],
			"to": [ 12, 9, 6 ],
			"faces": {
				"down": { "uv": [ 12.96, 0.96, 15.04, 3.04 ], "texture": "#spikytexturesofdoom" },
				"up": { "uv": [ 12.96, 0.96, 15.04, 3.04 ], "texture": "#spikytexturesofdoom" },
				"north": { "uv": [ 12.96, 0.96, 15.04, 3.04 ], "texture": "#spikytexturesofdoom" },
				"south": { "uv": [ 12.96, 0.96, 15.04, 3.04 ], "texture": "#spikytexturesofdoom" },
				"west": { "uv": [ 12.96, 0.96, 15.04, 3.04 ], "texture": "#spikytexturesofdoom" },
				"east": { "uv": [ 12.96, 0.96, 15.04, 3.04 ], "texture": "#spikytexturesofdoom" }
			}
		},
		{
			"__comment": "Voxels-2B2B2B",
			"from": [ 6, 8, 12 ],
			"to": [ 11, 9, 13 ],
			"faces": {
				"down": { "uv": [ 12.96, 0.96, 15.04, 3.04 ], "texture": "#spikytexturesofdoom" },
				"up": { "uv": [ 12.96, 0.96, 15.04, 3.04 ], "texture": "#spikytexturesofdoom" },
				"north": { "uv": [ 12.96, 0.96, 15.04, 3.04 ], "texture": "#spikytexturesofdoom" },
				"south": { "uv": [ 12.96, 0.96, 15.04, 3.04 ], "texture": "#spikytexturesofdoom" },
				"west": { "uv": [ 12.96, 0.96, 15.04, 3.04 ], "texture": "#spikytexturesofdoom" },
				"east": { "uv": [ 12.96, 0.96, 15.04, 3.04 ], "texture": "#spikytexturesofdoom" }
			}
		},
		{
			"__comment": "Voxels-FFFFFF",
			"from": [ 6, 9, 5 ],
			"to": [ 7, 10, 6 ],
			"faces": {
				"down": { "uv": [ 0.96, 4.96, 3.04, 7.04 ], "texture": "#spikytexturesofdoom" },
				"up": { "uv": [ 0.96, 4.96, 3.04, 7.04 ], "texture": "#spikytexturesofdoom" },
				"north": { "uv": [ 0.96, 4.96, 3.04, 7.04 ], "texture": "#spikytexturesofdoom" },
				"south": { "uv": [ 0.96, 4.96, 3.04, 7.04 ], "texture": "#spikytexturesofdoom" },
				"west": { "uv": [ 0.96, 4.96, 3.04, 7.04 ], "texture": "#spikytexturesofdoom" },
				"east": { "uv": [ 0.96, 4.96, 3.04, 7.04 ], "texture": "#spikytexturesofdoom" }
			}
		},
		{
			"__comment": "Voxels-2B2B2B",
			"from": [ 6, 10, 5 ],
			"to": [ 7, 11, 6 ],
			"faces": {
				"down": { "uv": [ 12.96, 0.96, 15.04, 3.04 ], "texture": "#spikytexturesofdoom" },
				"up": { "uv": [ 12.96, 0.96, 15.04, 3.04 ], "texture": "#spikytexturesofdoom" },
				"north": { "uv": [ 12.96, 0.96, 15.04, 3.04 ], "texture": "#spikytexturesofdoom" },
				"south": { "uv": [ 12.96, 0.96, 15.04, 3.04 ], "texture": "#spikytexturesofdoom" },
				"west": { "uv": [ 12.96, 0.96, 15.04, 3.04 ], "texture": "#spikytexturesofdoom" },
				"east": { "uv": [ 12.96, 0.96, 15.04, 3.04 ], "texture": "#spikytexturesofdoom" }
			}
		},
		{
			"__comment": "Voxels-2B2B2B",
			"from": [ 6, 10, 11 ],
			"to": [ 11, 11, 12 ],
			"faces": {
				"down": { "uv": [ 12.96, 0.96, 15.04, 3.04 ], "texture": "#spikytexturesofdoom" },
				"up": { "uv": [ 12.96, 0.96, 15.04, 3.04 ], "texture": "#spikytexturesofdoom" },
				"north": { "uv": [ 12.96, 0.96, 15.04, 3.04 ], "texture": "#spikytexturesofdoom" },
				"south": { "uv": [ 12.96, 0.96, 15.04, 3.04 ], "texture": "#spikytexturesofdoom" },
				"west": { "uv": [ 12.96, 0.96, 15.04, 3.04 ], "texture": "#spikytexturesofdoom" },
				"east": { "uv": [ 12.96, 0.96, 15.04, 3.04 ], "texture": "#spikytexturesofdoom" }
			}
		},
		{
			"__comment": "Voxels-2B2B2B",
			"from": [ 6, 11, 6 ],
			"to": [ 11, 12, 7 ],
			"faces": {
				"down": { "uv": [ 12.96, 0.96, 15.04, 3.04 ], "texture": "#spikytexturesofdoom" },
				"up": { "uv": [ 12.96, 0.96, 15.04, 3.04 ], "texture": "#spikytexturesofdoom" },
				"north": { "uv": [ 12.96, 0.96, 15.04, 3.04 ], "texture": "#spikytexturesofdoom" },
				"south": { "uv": [ 12.96, 0.96, 15.04, 3.04 ], "texture": "#spikytexturesofdoom" },
				"west": { "uv": [ 12.96, 0.96, 15.04, 3.04 ], "texture": "#spikytexturesofdoom" },
				"east": { "uv": [ 12.96, 0.96, 15.04, 3.04 ], "texture": "#spikytexturesofdoom" }
			}
		},
		{
			"__comment": "Voxels-2B2B2B",
			"from": [ 6, 11, 10 ],
			"to": [ 11, 12, 11 ],
			"faces": {
				"down": { "uv": [ 12.96, 0.96, 15.04, 3.04 ], "texture": "#spikytexturesofdoom" },
				"up": { "uv": [ 12.96, 0.96, 15.04, 3.04 ], "texture": "#spikytexturesofdoom" },
				"north": { "uv": [ 12.96, 0.96, 15.04, 3.04 ], "texture": "#spikytexturesofdoom" },
				"south": { "uv": [ 12.96, 0.96, 15.04, 3.04 ], "texture": "#spikytexturesofdoom" },
				"west": { "uv": [ 12.96, 0.96, 15.04, 3.04 ], "texture": "#spikytexturesofdoom" },
				"east": { "uv": [ 12.96, 0.96, 15.04, 3.04 ], "texture": "#spikytexturesofdoom" }
			}
		},
		{
			"__comment": "Voxels-2B2B2B",
			"from": [ 6, 12, 8 ],
			"to": [ 11, 13, 9 ],
			"faces": {
				"down": { "uv": [ 12.96, 0.96, 15.04, 3.04 ], "texture": "#spikytexturesofdoom" },
				"up": { "uv": [ 12.96, 0.96, 15.04, 3.04 ], "texture": "#spikytexturesofdoom" },
				"north": { "uv": [ 12.96, 0.96, 15.04, 3.04 ], "texture": "#spikytexturesofdoom" },
				"south": { "uv": [ 12.96, 0.96, 15.04, 3.04 ], "texture": "#spikytexturesofdoom" },
				"west": { "uv": [ 12.96, 0.96, 15.04, 3.04 ], "texture": "#spikytexturesofdoom" },
				"east": { "uv": [ 12.96, 0.96, 15.04, 3.04 ], "texture": "#spikytexturesofdoom" }
			}
		},
		{
			"__comment": "Voxels-2B2B2B",
			"from": [ 7, 4, 7 ],
			"to": [ 10, 5, 8 ],
			"faces": {
				"down": { "uv": [ 12.96, 0.96, 15.04, 3.04 ], "texture": "#spikytexturesofdoom" },
				"up": { "uv": [ 12.96, 0.96, 15.04, 3.04 ], "texture": "#spikytexturesofdoom" },
				"north": { "uv": [ 12.96, 0.96, 15.04, 3.04 ], "texture": "#spikytexturesofdoom" },
				"south": { "uv": [ 12.96, 0.96, 15.04, 3.04 ], "texture": "#spikytexturesofdoom" },
				"west": { "uv": [ 12.96, 0.96, 15.04, 3.04 ], "texture": "#spikytexturesofdoom" },
				"east": { "uv": [ 12.96, 0.96, 15.04, 3.04 ], "texture": "#spikytexturesofdoom" }
			}
		},
		{
			"__comment": "Voxels-2B2B2B",
			"from": [ 7, 4, 9 ],
			"to": [ 10, 5, 10 ],
			"faces": {
				"down": { "uv": [ 12.96, 0.96, 15.04, 3.04 ], "texture": "#spikytexturesofdoom" },
				"up": { "uv": [ 12.96, 0.96, 15.04, 3.04 ], "texture": "#spikytexturesofdoom" },
				"north": { "uv": [ 12.96, 0.96, 15.04, 3.04 ], "texture": "#spikytexturesofdoom" },
				"south": { "uv": [ 12.96, 0.96, 15.04, 3.04 ], "texture": "#spikytexturesofdoom" },
				"west": { "uv": [ 12.96, 0.96, 15.04, 3.04 ], "texture": "#spikytexturesofdoom" },
				"east": { "uv": [ 12.96, 0.96, 15.04, 3.04 ], "texture": "#spikytexturesofdoom" }
			}
		},
		{
			"__comment": "Voxels-2B2B2B",
			"from": [ 7, 5, 5 ],
			"to": [ 10, 6, 6 ],
			"faces": {
				"down": { "uv": [ 12.96, 0.96, 15.04, 3.04 ], "texture": "#spikytexturesofdoom" },
				"up": { "uv": [ 12.96, 0.96, 15.04, 3.04 ], "texture": "#spikytexturesofdoom" },
				"north": { "uv": [ 12.96, 0.96, 15.04, 3.04 ], "texture": "#spikytexturesofdoom" },
				"south": { "uv": [ 12.96, 0.96, 15.04, 3.04 ], "texture": "#spikytexturesofdoom" },
				"west": { "uv": [ 12.96, 0.96, 15.04, 3.04 ], "texture": "#spikytexturesofdoom" },
				"east": { "uv": [ 12.96, 0.96, 15.04, 3.04 ], "texture": "#spikytexturesofdoom" }
			}
		},
		{
			"__comment": "Voxels-2B2B2B",
			"from": [ 7, 5, 11 ],
			"to": [ 10, 6, 12 ],
			"faces": {
				"down": { "uv": [ 12.96, 0.96, 15.04, 3.04 ], "texture": "#spikytexturesofdoom" },
				"up": { "uv": [ 12.96, 0.96, 15.04, 3.04 ], "texture": "#spikytexturesofdoom" },
				"north": { "uv": [ 12.96, 0.96, 15.04, 3.04 ], "texture": "#spikytexturesofdoom" },
				"south": { "uv": [ 12.96, 0.96, 15.04, 3.04 ], "texture": "#spikytexturesofdoom" },
				"west": { "uv": [ 12.96, 0.96, 15.04, 3.04 ], "texture": "#spikytexturesofdoom" },
				"east": { "uv": [ 12.96, 0.96, 15.04, 3.04 ], "texture": "#spikytexturesofdoom" }
			}
		},
		{
			"__comment": "Voxels-FFFFFF",
			"from": [ 7, 7, 4 ],
			"to": [ 8, 8, 5 ],
			"faces": {
				"down": { "uv": [ 0.96, 4.96, 3.04, 7.04 ], "texture": "#spikytexturesofdoom" },
				"up": { "uv": [ 0.96, 4.96, 3.04, 7.04 ], "texture": "#spikytexturesofdoom" },
				"north": { "uv": [ 0.96, 4.96, 3.04, 7.04 ], "texture": "#spikytexturesofdoom" },
				"south": { "uv": [ 0.96, 4.96, 3.04, 7.04 ], "texture": "#spikytexturesofdoom" },
				"west": { "uv": [ 0.96, 4.96, 3.04, 7.04 ], "texture": "#spikytexturesofdoom" },
				"east": { "uv": [ 0.96, 4.96, 3.04, 7.04 ], "texture": "#spikytexturesofdoom" }
			}
		},
		{
			"__comment": "Voxels-2B2B2B",
			"from": [ 7, 7, 5 ],
			"to": [ 10, 8, 6 ],
			"faces": {
				"down": { "uv": [ 12.96, 0.96, 15.04, 3.04 ], "texture": "#spikytexturesofdoom" },
				"up": { "uv": [ 12.96, 0.96, 15.04, 3.04 ], "texture": "#spikytexturesofdoom" },
				"north": { "uv": [ 12.96, 0.96, 15.04, 3.04 ], "texture": "#spikytexturesofdoom" },
				"south": { "uv": [ 12.96, 0.96, 15.04, 3.04 ], "texture": "#spikytexturesofdoom" },
				"west": { "uv": [ 12.96, 0.96, 15.04, 3.04 ], "texture": "#spikytexturesofdoom" },
				"east": { "uv": [ 12.96, 0.96, 15.04, 3.04 ], "texture": "#spikytexturesofdoom" }
			}
		},
		{
			"__comment": "Voxels-2B2B2B",
			"from": [ 7, 7, 12 ],
			"to": [ 10, 8, 13 ],
			"faces": {
				"down": { "uv": [ 12.96, 0.96, 15.04, 3.04 ], "texture": "#spikytexturesofdoom" },
				"up": { "uv": [ 12.96, 0.96, 15.04, 3.04 ], "texture": "#spikytexturesofdoom" },
				"north": { "uv": [ 12.96, 0.96, 15.04, 3.04 ], "texture": "#spikytexturesofdoom" },
				"south": { "uv": [ 12.96, 0.96, 15.04, 3.04 ], "texture": "#spikytexturesofdoom" },
				"west": { "uv": [ 12.96, 0.96, 15.04, 3.04 ], "texture": "#spikytexturesofdoom" },
				"east": { "uv": [ 12.96, 0.96, 15.04, 3.04 ], "texture": "#spikytexturesofdoom" }
			}
		},
		{
			"__comment": "Voxels-000000",
			"from": [ 7, 8, 4 ],
			"to": [ 8, 9, 5 ],
			"faces": {
				"down": { "uv": [ 4.96, 4.96, 7.04, 7.04 ], "texture": "#spikytexturesofdoom" },
				"up": { "uv": [ 4.96, 4.96, 7.04, 7.04 ], "texture": "#spikytexturesofdoom" },
				"north": { "uv": [ 4.96, 4.96, 7.04, 7.04 ], "texture": "#spikytexturesofdoom" },
				"south": { "uv": [ 4.96, 4.96, 7.04, 7.04 ], "texture": "#spikytexturesofdoom" },
				"west": { "uv": [ 4.96, 4.96, 7.04, 7.04 ], "texture": "#spikytexturesofdoom" },
				"east": { "uv": [ 4.96, 4.96, 7.04, 7.04 ], "texture": "#spikytexturesofdoom" }
			}
		},
		{
			"__comment": "Voxels-FFFFFF",
			"from": [ 7, 9, 4 ],
			"to": [ 8, 10, 5 ],
			"faces": {
				"down": { "uv": [ 0.96, 4.96, 3.04, 7.04 ], "texture": "#spikytexturesofdoom" },
				"up": { "uv": [ 0.96, 4.96, 3.04, 7.04 ], "texture": "#spikytexturesofdoom" },
				"north": { "uv": [ 0.96, 4.96, 3.04, 7.04 ], "texture": "#spikytexturesofdoom" },
				"south": { "uv": [ 0.96, 4.96, 3.04, 7.04 ], "texture": "#spikytexturesofdoom" },
				"west": { "uv": [ 0.96, 4.96, 3.04, 7.04 ], "texture": "#spikytexturesofdoom" },
				"east": { "uv": [ 0.96, 4.96, 3.04, 7.04 ], "texture": "#spikytexturesofdoom" }
			}
		},
		{
			"__comment": "Voxels-2B2B2B",
			"from": [ 7, 9, 5 ],
			"to": [ 10, 10, 6 ],
			"faces": {
				"down": { "uv": [ 12.96, 0.96, 15.04, 3.04 ], "texture": "#spikytexturesofdoom" },
				"up": { "uv": [ 12.96, 0.96, 15.04, 3.04 ], "texture": "#spikytexturesofdoom" },
				"north": { "uv": [ 12.96, 0.96, 15.04, 3.04 ], "texture": "#spikytexturesofdoom" },
				"south": { "uv": [ 12.96, 0.96, 15.04, 3.04 ], "texture": "#spikytexturesofdoom" },
				"west": { "uv": [ 12.96, 0.96, 15.04, 3.04 ], "texture": "#spikytexturesofdoom" },
				"east": { "uv": [ 12.96, 0.96, 15.04, 3.04 ], "texture": "#spikytexturesofdoom" }
			}
		},
		{
			"__comment": "Voxels-2B2B2B",
			"from": [ 7, 9, 12 ],
			"to": [ 10, 10, 13 ],
			"faces": {
				"down": { "uv": [ 12.96, 0.96, 15.04, 3.04 ], "texture": "#spikytexturesofdoom" },
				"up": { "uv": [ 12.96, 0.96, 15.04, 3.04 ], "texture": "#spikytexturesofdoom" },
				"north": { "uv": [ 12.96, 0.96, 15.04, 3.04 ], "texture": "#spikytexturesofdoom" },
				"south": { "uv": [ 12.96, 0.96, 15.04, 3.04 ], "texture": "#spikytexturesofdoom" },
				"west": { "uv": [ 12.96, 0.96, 15.04, 3.04 ], "texture": "#spikytexturesofdoom" },
				"east": { "uv": [ 12.96, 0.96, 15.04, 3.04 ], "texture": "#spikytexturesofdoom" }
			}
		},
		{
			"__comment": "Voxels-FFFFFF",
			"from": [ 7, 10, 5 ],
			"to": [ 8, 11, 6 ],
			"faces": {
				"down": { "uv": [ 0.96, 4.96, 3.04, 7.04 ], "texture": "#spikytexturesofdoom" },
				"up": { "uv": [ 0.96, 4.96, 3.04, 7.04 ], "texture": "#spikytexturesofdoom" },
				"north": { "uv": [ 0.96, 4.96, 3.04, 7.04 ], "texture": "#spikytexturesofdoom" },
				"south": { "uv": [ 0.96, 4.96, 3.04, 7.04 ], "texture": "#spikytexturesofdoom" },
				"west": { "uv": [ 0.96, 4.96, 3.04, 7.04 ], "texture": "#spikytexturesofdoom" },
				"east": { "uv": [ 0.96, 4.96, 3.04, 7.04 ], "texture": "#spikytexturesofdoom" }
			}
		},
		{
			"__comment": "Voxels-2B2B2B",
			"from": [ 7, 11, 5 ],
			"to": [ 10, 12, 6 ],
			"faces": {
				"down": { "uv": [ 12.96, 0.96, 15.04, 3.04 ], "texture": "#spikytexturesofdoom" },
				"up": { "uv": [ 12.96, 0.96, 15.04, 3.04 ], "texture": "#spikytexturesofdoom" },
				"north": { "uv": [ 12.96, 0.96, 15.04, 3.04 ], "texture": "#spikytexturesofdoom" },
				"south": { "uv": [ 12.96, 0.96, 15.04, 3.04 ], "texture": "#spikytexturesofdoom" },
				"west": { "uv": [ 12.96, 0.96, 15.04, 3.04 ], "texture": "#spikytexturesofdoom" },
				"east": { "uv": [ 12.96, 0.96, 15.04, 3.04 ], "texture": "#spikytexturesofdoom" }
			}
		},
		{
			"__comment": "Voxels-2B2B2B",
			"from": [ 7, 11, 11 ],
			"to": [ 10, 12, 12 ],
			"faces": {
				"down": { "uv": [ 12.96, 0.96, 15.04, 3.04 ], "texture": "#spikytexturesofdoom" },
				"up": { "uv": [ 12.96, 0.96, 15.04, 3.04 ], "texture": "#spikytexturesofdoom" },
				"north": { "uv": [ 12.96, 0.96, 15.04, 3.04 ], "texture": "#spikytexturesofdoom" },
				"south": { "uv": [ 12.96, 0.96, 15.04, 3.04 ], "texture": "#spikytexturesofdoom" },
				"west": { "uv": [ 12.96, 0.96, 15.04, 3.04 ], "texture": "#spikytexturesofdoom" },
				"east": { "uv": [ 12.96, 0.96, 15.04, 3.04 ], "texture": "#spikytexturesofdoom" }
			}
		},
		{
			"__comment": "Voxels-2B2B2B",
			"from": [ 7, 12, 7 ],
			"to": [ 10, 13, 8 ],
			"faces": {
				"down": { "uv": [ 12.96, 0.96, 15.04, 3.04 ], "texture": "#spikytexturesofdoom" },
				"up": { "uv": [ 12.96, 0.96, 15.04, 3.04 ], "texture": "#spikytexturesofdoom" },
				"north": { "uv": [ 12.96, 0.96, 15.04, 3.04 ], "texture": "#spikytexturesofdoom" },
				"south": { "uv": [ 12.96, 0.96, 15.04, 3.04 ], "texture": "#spikytexturesofdoom" },
				"west": { "uv": [ 12.96, 0.96, 15.04, 3.04 ], "texture": "#spikytexturesofdoom" },
				"east": { "uv": [ 12.96, 0.96, 15.04, 3.04 ], "texture": "#spikytexturesofdoom" }
			}
		},
		{
			"__comment": "Voxels-2B2B2B",
			"from": [ 7, 12, 9 ],
			"to": [ 10, 13, 10 ],
			"faces": {
				"down": { "uv": [ 12.96, 0.96, 15.04, 3.04 ], "texture": "#spikytexturesofdoom" },
				"up": { "uv": [ 12.96, 0.96, 15.04, 3.04 ], "texture": "#spikytexturesofdoom" },
				"north": { "uv": [ 12.96, 0.96, 15.04, 3.04 ], "texture": "#spikytexturesofdoom" },
				"south": { "uv": [ 12.96, 0.96, 15.04, 3.04 ], "texture": "#spikytexturesofdoom" },
				"west": { "uv": [ 12.96, 0.96, 15.04, 3.04 ], "texture": "#spikytexturesofdoom" },
				"east": { "uv": [ 12.96, 0.96, 15.04, 3.04 ], "texture": "#spikytexturesofdoom" }
			}
		},
		{
			"__comment": "Voxels-E5E5E5",
			"from": [ 8, 2, 8 ],
			"to": [ 9, 3, 9 ],
			"faces": {
				"down": { "uv": [ 4.96, 0.96, 7.04, 3.04 ], "texture": "#spikytexturesofdoom" },
				"up": { "uv": [ 4.96, 0.96, 7.04, 3.04 ], "texture": "#spikytexturesofdoom" },
				"north": { "uv": [ 4.96, 0.96, 7.04, 3.04 ], "texture": "#spikytexturesofdoom" },
				"south": { "uv": [ 4.96, 0.96, 7.04, 3.04 ], "texture": "#spikytexturesofdoom" },
				"west": { "uv": [ 4.96, 0.96, 7.04, 3.04 ], "texture": "#spikytexturesofdoom" },
				"east": { "uv": [ 4.96, 0.96, 7.04, 3.04 ], "texture": "#spikytexturesofdoom" }
			}
		},
		{
			"__comment": "Voxels-FFF5C5",
			"from": [ 8, 3, 8 ],
			"to": [ 9, 4, 9 ],
			"faces": {
				"down": { "uv": [ 8.96, 0.96, 11.04, 3.04 ], "texture": "#spikytexturesofdoom" },
				"up": { "uv": [ 8.96, 0.96, 11.04, 3.04 ], "texture": "#spikytexturesofdoom" },
				"north": { "uv": [ 8.96, 0.96, 11.04, 3.04 ], "texture": "#spikytexturesofdoom" },
				"south": { "uv": [ 8.96, 0.96, 11.04, 3.04 ], "texture": "#spikytexturesofdoom" },
				"west": { "uv": [ 8.96, 0.96, 11.04, 3.04 ], "texture": "#spikytexturesofdoom" },
				"east": { "uv": [ 8.96, 0.96, 11.04, 3.04 ], "texture": "#spikytexturesofdoom" }
			}
		},
		{
			"__comment": "Voxels-2B2B2B",
			"from": [ 8, 4, 6 ],
			"to": [ 9, 5, 7 ],
			"faces": {
				"down": { "uv": [ 12.96, 0.96, 15.04, 3.04 ], "texture": "#spikytexturesofdoom" },
				"up": { "uv": [ 12.96, 0.96, 15.04, 3.04 ], "texture": "#spikytexturesofdoom" },
				"north": { "uv": [ 12.96, 0.96, 15.04, 3.04 ], "texture": "#spikytexturesofdoom" },
				"south": { "uv": [ 12.96, 0.96, 15.04, 3.04 ], "texture": "#spikytexturesofdoom" },
				"west": { "uv": [ 12.96, 0.96, 15.04, 3.04 ], "texture": "#spikytexturesofdoom" },
				"east": { "uv": [ 12.96, 0.96, 15.04, 3.04 ], "texture": "#spikytexturesofdoom" }
			}
		},
		{
			"__comment": "Voxels-2B2B2B",
			"from": [ 8, 4, 10 ],
			"to": [ 9, 5, 11 ],
			"faces": {
				"down": { "uv": [ 12.96, 0.96, 15.04, 3.04 ], "texture": "#spikytexturesofdoom" },
				"up": { "uv": [ 12.96, 0.96, 15.04, 3.04 ], "texture": "#spikytexturesofdoom" },
				"north": { "uv": [ 12.96, 0.96, 15.04, 3.04 ], "texture": "#spikytexturesofdoom" },
				"south": { "uv": [ 12.96, 0.96, 15.04, 3.04 ], "texture": "#spikytexturesofdoom" },
				"west": { "uv": [ 12.96, 0.96, 15.04, 3.04 ], "texture": "#spikytexturesofdoom" },
				"east": { "uv": [ 12.96, 0.96, 15.04, 3.04 ], "texture": "#spikytexturesofdoom" }
			}
		},
		{
			"__comment": "Voxels-2B2B2B",
			"from": [ 8, 6, 4 ],
			"to": [ 9, 11, 5 ],
			"faces": {
				"down": { "uv": [ 12.96, 0.96, 15.04, 3.04 ], "texture": "#spikytexturesofdoom" },
				"up": { "uv": [ 12.96, 0.96, 15.04, 3.04 ], "texture": "#spikytexturesofdoom" },
				"north": { "uv": [ 12.96, 0.96, 15.04, 3.04 ], "texture": "#spikytexturesofdoom" },
				"south": { "uv": [ 12.96, 0.96, 15.04, 3.04 ], "texture": "#spikytexturesofdoom" },
				"west": { "uv": [ 12.96, 0.96, 15.04, 3.04 ], "texture": "#spikytexturesofdoom" },
				"east": { "uv": [ 12.96, 0.96, 15.04, 3.04 ], "texture": "#spikytexturesofdoom" }
			}
		},
		{
			"__comment": "Voxels-2B2B2B",
			"from": [ 8, 6, 12 ],
			"to": [ 9, 7, 13 ],
			"faces": {
				"down": { "uv": [ 12.96, 0.96, 15.04, 3.04 ], "texture": "#spikytexturesofdoom" },
				"up": { "uv": [ 12.96, 0.96, 15.04, 3.04 ], "texture": "#spikytexturesofdoom" },
				"north": { "uv": [ 12.96, 0.96, 15.04, 3.04 ], "texture": "#spikytexturesofdoom" },
				"south": { "uv": [ 12.96, 0.96, 15.04, 3.04 ], "texture": "#spikytexturesofdoom" },
				"west": { "uv": [ 12.96, 0.96, 15.04, 3.04 ], "texture": "#spikytexturesofdoom" },
				"east": { "uv": [ 12.96, 0.96, 15.04, 3.04 ], "texture": "#spikytexturesofdoom" }
			}
		},
		{
			"__comment": "Voxels-2B2B2B",
			"from": [ 8, 10, 5 ],
			"to": [ 9, 11, 6 ],
			"faces": {
				"down": { "uv": [ 12.96, 0.96, 15.04, 3.04 ], "texture": "#spikytexturesofdoom" },
				"up": { "uv": [ 12.96, 0.96, 15.04, 3.04 ], "texture": "#spikytexturesofdoom" },
				"north": { "uv": [ 12.96, 0.96, 15.04, 3.04 ], "texture": "#spikytexturesofdoom" },
				"south": { "uv": [ 12.96, 0.96, 15.04, 3.04 ], "texture": "#spikytexturesofdoom" },
				"west": { "uv": [ 12.96, 0.96, 15.04, 3.04 ], "texture": "#spikytexturesofdoom" },
				"east": { "uv": [ 12.96, 0.96, 15.04, 3.04 ], "texture": "#spikytexturesofdoom" }
			}
		},
		{
			"__comment": "Voxels-2B2B2B",
			"from": [ 8, 10, 12 ],
			"to": [ 9, 11, 13 ],
			"faces": {
				"down": { "uv": [ 12.96, 0.96, 15.04, 3.04 ], "texture": "#spikytexturesofdoom" },
				"up": { "uv": [ 12.96, 0.96, 15.04, 3.04 ], "texture": "#spikytexturesofdoom" },
				"north": { "uv": [ 12.96, 0.96, 15.04, 3.04 ], "texture": "#spikytexturesofdoom" },
				"south": { "uv": [ 12.96, 0.96, 15.04, 3.04 ], "texture": "#spikytexturesofdoom" },
				"west": { "uv": [ 12.96, 0.96, 15.04, 3.04 ], "texture": "#spikytexturesofdoom" },
				"east": { "uv": [ 12.96, 0.96, 15.04, 3.04 ], "texture": "#spikytexturesofdoom" }
			}
		},
		{
			"__comment": "Voxels-2B2B2B",
			"from": [ 8, 12, 6 ],
			"to": [ 9, 13, 7 ],
			"faces": {
				"down": { "uv": [ 12.96, 0.96, 15.04, 3.04 ], "texture": "#spikytexturesofdoom" },
				"up": { "uv": [ 12.96, 0.96, 15.04, 3.04 ], "texture": "#spikytexturesofdoom" },
				"north": { "uv": [ 12.96, 0.96, 15.04, 3.04 ], "texture": "#spikytexturesofdoom" },
				"south": { "uv": [ 12.96, 0.96, 15.04, 3.04 ], "texture": "#spikytexturesofdoom" },
				"west": { "uv": [ 12.96, 0.96, 15.04, 3.04 ], "texture": "#spikytexturesofdoom" },
				"east": { "uv": [ 12.96, 0.96, 15.04, 3.04 ], "texture": "#spikytexturesofdoom" }
			}
		},
		{
			"__comment": "Voxels-2B2B2B",
			"from": [ 8, 12, 10 ],
			"to": [ 9, 13, 11 ],
			"faces": {
				"down": { "uv": [ 12.96, 0.96, 15.04, 3.04 ], "texture": "#spikytexturesofdoom" },
				"up": { "uv": [ 12.96, 0.96, 15.04, 3.04 ], "texture": "#spikytexturesofdoom" },
				"north": { "uv": [ 12.96, 0.96, 15.04, 3.04 ], "texture": "#spikytexturesofdoom" },
				"south": { "uv": [ 12.96, 0.96, 15.04, 3.04 ], "texture": "#spikytexturesofdoom" },
				"west": { "uv": [ 12.96, 0.96, 15.04, 3.04 ], "texture": "#spikytexturesofdoom" },
				"east": { "uv": [ 12.96, 0.96, 15.04, 3.04 ], "texture": "#spikytexturesofdoom" }
			}
		},
		{
			"__comment": "Voxels-FFF5C5",
			"from": [ 8, 13, 8 ],
			"to": [ 9, 14, 9 ],
			"faces": {
				"down": { "uv": [ 8.96, 0.96, 11.04, 3.04 ], "texture": "#spikytexturesofdoom" },
				"up": { "uv": [ 8.96, 0.96, 11.04, 3.04 ], "texture": "#spikytexturesofdoom" },
				"north": { "uv": [ 8.96, 0.96, 11.04, 3.04 ], "texture": "#spikytexturesofdoom" },
				"south": { "uv": [ 8.96, 0.96, 11.04, 3.04 ], "texture": "#spikytexturesofdoom" },
				"west": { "uv": [ 8.96, 0.96, 11.04, 3.04 ], "texture": "#spikytexturesofdoom" },
				"east": { "uv": [ 8.96, 0.96, 11.04, 3.04 ], "texture": "#spikytexturesofdoom" }
			}
		},
		{
			"__comment": "Voxels-E5E5E5",
			"from": [ 8, 14, 8 ],
			"to": [ 9, 15, 9 ],
			"faces": {
				"down": { "uv": [ 4.96, 0.96, 7.04, 3.04 ], "texture": "#spikytexturesofdoom" },
				"up": { "uv": [ 4.96, 0.96, 7.04, 3.04 ], "texture": "#spikytexturesofdoom" },
				"north": { "uv": [ 4.96, 0.96, 7.04, 3.04 ], "texture": "#spikytexturesofdoom" },
				"south": { "uv": [ 4.96, 0.96, 7.04, 3.04 ], "texture": "#spikytexturesofdoom" },
				"west": { "uv": [ 4.96, 0.96, 7.04, 3.04 ], "texture": "#spikytexturesofdoom" },
				"east": { "uv": [ 4.96, 0.96, 7.04, 3.04 ], "texture": "#spikytexturesofdoom" }
			}
		},
		{
			"__comment": "Voxels-FFFFFF",
			"from": [ 9, 7, 4 ],
			"to": [ 10, 8, 5 ],
			"faces": {
				"down": { "uv": [ 0.96, 4.96, 3.04, 7.04 ], "texture": "#spikytexturesofdoom" },
				"up": { "uv": [ 0.96, 4.96, 3.04, 7.04 ], "texture": "#spikytexturesofdoom" },
				"north": { "uv": [ 0.96, 4.96, 3.04, 7.04 ], "texture": "#spikytexturesofdoom" },
				"south": { "uv": [ 0.96, 4.96, 3.04, 7.04 ], "texture": "#spikytexturesofdoom" },
				"west": { "uv": [ 0.96, 4.96, 3.04, 7.04 ], "texture": "#spikytexturesofdoom" },
				"east": { "uv": [ 0.96, 4.96, 3.04, 7.04 ], "texture": "#spikytexturesofdoom" }
			}
		},
		{
			"__comment": "Voxels-000000",
			"from": [ 9, 8, 4 ],
			"to": [ 10, 9, 5 ],
			"faces": {
				"down": { "uv": [ 4.96, 4.96, 7.04, 7.04 ], "texture": "#spikytexturesofdoom" },
				"up": { "uv": [ 4.96, 4.96, 7.04, 7.04 ], "texture": "#spikytexturesofdoom" },
				"north": { "uv": [ 4.96, 4.96, 7.04, 7.04 ], "texture": "#spikytexturesofdoom" },
				"south": { "uv": [ 4.96, 4.96, 7.04, 7.04 ], "texture": "#spikytexturesofdoom" },
				"west": { "uv": [ 4.96, 4.96, 7.04, 7.04 ], "texture": "#spikytexturesofdoom" },
				"east": { "uv": [ 4.96, 4.96, 7.04, 7.04 ], "texture": "#spikytexturesofdoom" }
			}
		},
		{
			"__comment": "Voxels-FFFFFF",
			"from": [ 9, 9, 4 ],
			"to": [ 10, 10, 5 ],
			"faces": {
				"down": { "uv": [ 0.96, 4.96, 3.04, 7.04 ], "texture": "#spikytexturesofdoom" },
				"up": { "uv": [ 0.96, 4.96, 3.04, 7.04 ], "texture": "#spikytexturesofdoom" },
				"north": { "uv": [ 0.96, 4.96, 3.04, 7.04 ], "texture": "#spikytexturesofdoom" },
				"south": { "uv": [ 0.96, 4.96, 3.04, 7.04 ], "texture": "#spikytexturesofdoom" },
				"west": { "uv": [ 0.96, 4.96, 3.04, 7.04 ], "texture": "#spikytexturesofdoom" },
				"east": { "uv": [ 0.96, 4.96, 3.04, 7.04 ], "texture": "#spikytexturesofdoom" }
			}
		},
		{
			"__comment": "Voxels-FFFFFF",
			"from": [ 9, 10, 5 ],
			"to": [ 10, 11, 6 ],
			"faces": {
				"down": { "uv": [ 0.96, 4.96, 3.04, 7.04 ], "texture": "#spikytexturesofdoom" },
				"up": { "uv": [ 0.96, 4.96, 3.04, 7.04 ], "texture": "#spikytexturesofdoom" },
				"north": { "uv": [ 0.96, 4.96, 3.04, 7.04 ], "texture": "#spikytexturesofdoom" },
				"south": { "uv": [ 0.96, 4.96, 3.04, 7.04 ], "texture": "#spikytexturesofdoom" },
				"west": { "uv": [ 0.96, 4.96, 3.04, 7.04 ], "texture": "#spikytexturesofdoom" },
				"east": { "uv": [ 0.96, 4.96, 3.04, 7.04 ], "texture": "#spikytexturesofdoom" }
			}
		},
		{
			"__comment": "Voxels-FFFFFF",
			"from": [ 10, 7, 5 ],
			"to": [ 11, 8, 6 ],
			"faces": {
				"down": { "uv": [ 0.96, 4.96, 3.04, 7.04 ], "texture": "#spikytexturesofdoom" },
				"up": { "uv": [ 0.96, 4.96, 3.04, 7.04 ], "texture": "#spikytexturesofdoom" },
				"north": { "uv": [ 0.96, 4.96, 3.04, 7.04 ], "texture": "#spikytexturesofdoom" },
				"south": { "uv": [ 0.96, 4.96, 3.04, 7.04 ], "texture": "#spikytexturesofdoom" },
				"west": { "uv": [ 0.96, 4.96, 3.04, 7.04 ], "texture": "#spikytexturesofdoom" },
				"east": { "uv": [ 0.96, 4.96, 3.04, 7.04 ], "texture": "#spikytexturesofdoom" }
			}
		},
		{
			"__comment": "Voxels-FFFFFF",
			"from": [ 10, 8, 4 ],
			"to": [ 11, 9, 5 ],
			"faces": {
				"down": { "uv": [ 0.96, 4.96, 3.04, 7.04 ], "texture": "#spikytexturesofdoom" },
				"up": { "uv": [ 0.96, 4.96, 3.04, 7.04 ], "texture": "#spikytexturesofdoom" },
				"north": { "uv": [ 0.96, 4.96, 3.04, 7.04 ], "texture": "#spikytexturesofdoom" },
				"south": { "uv": [ 0.96, 4.96, 3.04, 7.04 ], "texture": "#spikytexturesofdoom" },
				"west": { "uv": [ 0.96, 4.96, 3.04, 7.04 ], "texture": "#spikytexturesofdoom" },
				"east": { "uv": [ 0.96, 4.96, 3.04, 7.04 ], "texture": "#spikytexturesofdoom" }
			}
		},
		{
			"__comment": "Voxels-FFFFFF",
			"from": [ 10, 9, 5 ],
			"to": [ 11, 10, 6 ],
			"faces": {
				"down": { "uv": [ 0.96, 4.96, 3.04, 7.04 ], "texture": "#spikytexturesofdoom" },
				"up": { "uv": [ 0.96, 4.96, 3.04, 7.04 ], "texture": "#spikytexturesofdoom" },
				"north": { "uv": [ 0.96, 4.96, 3.04, 7.04 ], "texture": "#spikytexturesofdoom" },
				"south": { "uv": [ 0.96, 4.96, 3.04, 7.04 ], "texture": "#spikytexturesofdoom" },
				"west": { "uv": [ 0.96, 4.96, 3.04, 7.04 ], "texture": "#spikytexturesofdoom" },
				"east": { "uv": [ 0.96, 4.96, 3.04, 7.04 ], "texture": "#spikytexturesofdoom" }
			}
		},
		{
			"__comment": "Voxels-2B2B2B",
			"from": [ 10, 10, 5 ],
			"to": [ 11, 11, 6 ],
			"faces": {
				"down": { "uv": [ 12.96, 0.96, 15.04, 3.04 ], "texture": "#spikytexturesofdoom" },
				"up": { "uv": [ 12.96, 0.96, 15.04, 3.04 ], "texture": "#spikytexturesofdoom" },
				"north": { "uv": [ 12.96, 0.96, 15.04, 3.04 ], "texture": "#spikytexturesofdoom" },
				"south": { "uv": [ 12.96, 0.96, 15.04, 3.04 ], "texture": "#spikytexturesofdoom" },
				"west": { "uv": [ 12.96, 0.96, 15.04, 3.04 ], "texture": "#spikytexturesofdoom" },
				"east": { "uv": [ 12.96, 0.96, 15.04, 3.04 ], "texture": "#spikytexturesofdoom" }
			}
		},
		{
			"__comment": "Voxels-FFF5C5",
			"from": [ 11, 4, 8 ],
			"to": [ 12, 5, 9 ],
			"faces": {
				"down": { "uv": [ 8.96, 0.96, 11.04, 3.04 ], "texture": "#spikytexturesofdoom" },
				"up": { "uv": [ 8.96, 0.96, 11.04, 3.04 ], "texture": "#spikytexturesofdoom" },
				"north": { "uv": [ 8.96, 0.96, 11.04, 3.04 ], "texture": "#spikytexturesofdoom" },
				"south": { "uv": [ 8.96, 0.96, 11.04, 3.04 ], "texture": "#spikytexturesofdoom" },
				"west": { "uv": [ 8.96, 0.96, 11.04, 3.04 ], "texture": "#spikytexturesofdoom" },
				"east": { "uv": [ 8.96, 0.96, 11.04, 3.04 ], "texture": "#spikytexturesofdoom" }
			}
		},
		{
			"__comment": "Voxels-2B2B2B",
			"from": [ 11, 7, 5 ],
			"to": [ 12, 8, 6 ],
			"faces": {
				"down": { "uv": [ 12.96, 0.96, 15.04, 3.04 ], "texture": "#spikytexturesofdoom" },
				"up": { "uv": [ 12.96, 0.96, 15.04, 3.04 ], "texture": "#spikytexturesofdoom" },
				"north": { "uv": [ 12.96, 0.96, 15.04, 3.04 ], "texture": "#spikytexturesofdoom" },
				"south": { "uv": [ 12.96, 0.96, 15.04, 3.04 ], "texture": "#spikytexturesofdoom" },
				"west": { "uv": [ 12.96, 0.96, 15.04, 3.04 ], "texture": "#spikytexturesofdoom" },
				"east": { "uv": [ 12.96, 0.96, 15.04, 3.04 ], "texture": "#spikytexturesofdoom" }
			}
		},
		{
			"__comment": "Voxels-2B2B2B",
			"from": [ 11, 9, 5 ],
			"to": [ 12, 10, 6 ],
			"faces": {
				"down": { "uv": [ 12.96, 0.96, 15.04, 3.04 ], "texture": "#spikytexturesofdoom" },
				"up": { "uv": [ 12.96, 0.96, 15.04, 3.04 ], "texture": "#spikytexturesofdoom" },
				"north": { "uv": [ 12.96, 0.96, 15.04, 3.04 ], "texture": "#spikytexturesofdoom" },
				"south": { "uv": [ 12.96, 0.96, 15.04, 3.04 ], "texture": "#spikytexturesofdoom" },
				"west": { "uv": [ 12.96, 0.96, 15.04, 3.04 ], "texture": "#spikytexturesofdoom" },
				"east": { "uv": [ 12.96, 0.96, 15.04, 3.04 ], "texture": "#spikytexturesofdoom" }
			}
		},
		{
			"__comment": "Voxels-FFF5C5",
			"from": [ 11, 12, 8 ],
			"to": [ 12, 13, 9 ],
			"faces": {
				"down": { "uv": [ 8.96, 0.96, 11.04, 3.04 ], "texture": "#spikytexturesofdoom" },
				"up": { "uv": [ 8.96, 0.96, 11.04, 3.04 ], "texture": "#spikytexturesofdoom" },
				"north": { "uv": [ 8.96, 0.96, 11.04, 3.04 ], "texture": "#spikytexturesofdoom" },
				"south": { "uv": [ 8.96, 0.96, 11.04, 3.04 ], "texture": "#spikytexturesofdoom" },
				"west": { "uv": [ 8.96, 0.96, 11.04, 3.04 ], "texture": "#spikytexturesofdoom" },
				"east": { "uv": [ 8.96, 0.96, 11.04, 3.04 ], "texture": "#spikytexturesofdoom" }
			}
		},
		{
			"__comment": "Voxels-E5E5E5",
			"from": [ 12, 3, 8 ],
			"to": [ 14, 5, 9 ],
			"faces": {
				"down": { "uv": [ 4.96, 0.96, 7.04, 3.04 ], "texture": "#spikytexturesofdoom" },
				"up": { "uv": [ 4.96, 0.96, 7.04, 3.04 ], "texture": "#spikytexturesofdoom" },
				"north": { "uv": [ 4.96, 0.96, 7.04, 3.04 ], "texture": "#spikytexturesofdoom" },
				"south": { "uv": [ 4.96, 0.96, 7.04, 3.04 ], "texture": "#spikytexturesofdoom" },
				"west": { "uv": [ 4.96, 0.96, 7.04, 3.04 ], "texture": "#spikytexturesofdoom" },
				"east": { "uv": [ 4.96, 0.96, 7.04, 3.04 ], "texture": "#spikytexturesofdoom" }
			}
		},
		{
			"__comment": "Voxels-FFF5C5",
			"from": [ 12, 11, 8 ],
			"to": [ 13, 12, 9 ],
			"faces": {
				"down": { "uv": [ 8.96, 0.96, 11.04, 3.04 ], "texture": "#spikytexturesofdoom" },
				"up": { "uv": [ 8.96, 0.96, 11.04, 3.04 ], "texture": "#spikytexturesofdoom" },
				"north": { "uv": [ 8.96, 0.96, 11.04, 3.04 ], "texture": "#spikytexturesofdoom" },
				"south": { "uv": [ 8.96, 0.96, 11.04, 3.04 ], "texture": "#spikytexturesofdoom" },
				"west": { "uv": [ 8.96, 0.96, 11.04, 3.04 ], "texture": "#spikytexturesofdoom" },
				"east": { "uv": [ 8.96, 0.96, 11.04, 3.04 ], "texture": "#spikytexturesofdoom" }
			}
		},
		{
			"__comment": "Voxels-E5E5E5",
			"from": [ 12, 12, 8 ],
			"to": [ 14, 14, 9 ],
			"faces": {
				"down": { "uv": [ 4.96, 0.96, 7.04, 3.04 ], "texture": "#spikytexturesofdoom" },
				"up": { "uv": [ 4.96, 0.96, 7.04, 3.04 ], "texture": "#spikytexturesofdoom" },
				"north": { "uv": [ 4.96, 0.96, 7.04, 3.04 ], "texture": "#spikytexturesofdoom" },
				"south": { "uv": [ 4.96, 0.96, 7.04, 3.04 ], "texture": "#spikytexturesofdoom" },
				"west": { "uv": [ 4.96, 0.96, 7.04, 3.04 ], "texture": "#spikytexturesofdoom" },
				"east": { "uv": [ 4.96, 0.96, 7.04, 3.04 ], "texture": "#spikytexturesofdoom" }
			}
		},
		{
			"__comment": "Voxels-E5E5E5",
			"from": [ 14, 2, 8 ],
			"to": [ 15, 3, 9 ],
			"faces": {
				"down": { "uv": [ 4.96, 0.96, 7.04, 3.04 ], "texture": "#spikytexturesofdoom" },
				"up": { "uv": [ 4.96, 0.96, 7.04, 3.04 ], "texture": "#spikytexturesofdoom" },
				"north": { "uv": [ 4.96, 0.96, 7.04, 3.04 ], "texture": "#spikytexturesofdoom" },
				"south": { "uv": [ 4.96, 0.96, 7.04, 3.04 ], "texture": "#spikytexturesofdoom" },
				"west": { "uv": [ 4.96, 0.96, 7.04, 3.04 ], "texture": "#spikytexturesofdoom" },
				"east": { "uv": [ 4.96, 0.96, 7.04, 3.04 ], "texture": "#spikytexturesofdoom" }
			}
		},
		{
			"__comment": "Voxels-E5E5E5",
			"from": [ 14, 8, 8 ],
			"to": [ 15, 9, 9 ],
			"faces": {
				"down": { "uv": [ 4.96, 0.96, 7.04, 3.04 ], "texture": "#spikytexturesofdoom" },
				"up": { "uv": [ 4.96, 0.96, 7.04, 3.04 ], "texture": "#spikytexturesofdoom" },
				"north": { "uv": [ 4.96, 0.96, 7.04, 3.04 ], "texture": "#spikytexturesofdoom" },
				"south": { "uv": [ 4.96, 0.96, 7.04, 3.04 ], "texture": "#spikytexturesofdoom" },
				"west": { "uv": [ 4.96, 0.96, 7.04, 3.04 ], "texture": "#spikytexturesofdoom" },
				"east": { "uv": [ 4.96, 0.96, 7.04, 3.04 ], "texture": "#spikytexturesofdoom" }
			}
		},
		{
			"__comment": "Voxels-E5E5E5",
			"from": [ 14, 14, 8 ],
			"to": [ 15, 15, 9 ],
			"faces": {
				"down": { "uv": [ 4.96, 0.96, 7.04, 3.04 ], "texture": "#spikytexturesofdoom" },
				"up": { "uv": [ 4.96, 0.96, 7.04, 3.04 ], "texture": "#spikytexturesofdoom" },
				"north": { "uv": [ 4.96, 0.96, 7.04, 3.04 ], "texture": "#spikytexturesofdoom" },
				"south": { "uv": [ 4.96, 0.96, 7.04, 3.04 ], "texture": "#spikytexturesofdoom" },
				"west": { "uv": [ 4.96, 0.96, 7.04, 3.04 ], "texture": "#spikytexturesofdoom" },
				"east": { "uv": [ 4.96, 0.96, 7.04, 3.04 ], "texture": "#spikytexturesofdoom" }
			}
		}
	],
	"display": {
		"head": {
			"scale":  [ 2.9128, 3.052, 3.513 ]
		}
	}
}