{
    "__comment": "Model generated using MrCrayfish's Model Creator (http://mrcrayfish.com/modelcreator/)",
    "textures": {
        "0": "blocks/Rushlord_Front",
        "1": "blocks/Rushlord_Right",
        "2": "blocks/Rushlord_Back",
        "3": "blocks/Rushlord_Left",
        "4": "blocks/Rushlord_Top",
        "5": "blocks/Rushlord_Low",
        "6": "blocks/Rushlord_HFront",
        "7": "blocks/Rushlord_HRight",
        "8": "blocks/Rushlord_HBack",
        "9": "blocks/Rushlord_HLeft",
        "10": "blocks/Rushlord_HTop",
        "11": "blocks/Rushlord_HLow"
    },
    "elements": [
        {
            "name": "Cube",
            "from": [ 0.0, 0.0, 0.0 ], 
            "to": [ 16.0, 16.0, 16.0 ], 
            "faces": {
                "north": { "texture": "#0", "uv": [ 0.0, 0.0, 16.0, 16.0 ] },
                "east": { "texture": "#1", "uv": [ 0.0, 0.0, 16.0, 16.0 ] },
                "south": { "texture": "#2", "uv": [ 0.0, 0.0, 16.0, 16.0 ] },
                "west": { "texture": "#3", "uv": [ 0.0, 0.0, 16.0, 16.0 ] },
                "up": { "texture": "#4", "uv": [ 0.0, 0.0, 16.0, 16.0 ] },
                "down": { "texture": "#5", "uv": [ 0.0, 0.0, 16.0, 16.0 ] }
            }
        },
        {
            "name": "Cube",
            "from": [ -0.5000000074505806, -0.5000000074505806, -0.5000000074505806 ], 
            "to": [ 16.49999999254942, 16.49999999254942, 16.49999999254942 ], 
            "faces": {
                "north": { "texture": "#6", "uv": [ 0.0, 0.0, 16.0, 16.0 ] },
                "east": { "texture": "#7", "uv": [ 0.0, 0.0, 16.0, 16.0 ] },
                "south": { "texture": "#8", "uv": [ 0.0, 0.0, 16.0, 16.0 ] },
                "west": { "texture": "#9", "uv": [ 0.0, 0.0, 16.0, 16.0 ] },
                "up": { "texture": "#10", "uv": [ 0.0, 0.0, 16.0, 16.0 ] },
                "down": { "texture": "#11", "uv": [ 0.0, 0.0, 16.0, 16.0 ] }
            }
        }
    ]
}