{
	"__comment": "Designed by Cryptic with Cubik Studio - https://cubik.studio",
	"textures": {
		"texture1": "items/brush_green"
	},
	"elements": [ 	 
		{
			"__comment": "brush",
			"from": [ 5.5, 0, 6 ],
			"to": [ 7, 6, 8 ],
			"faces": {
				"down": { "uv": [ 1, 11, 2.5, 14 ], "texture": "#texture1" },
				"up": { "uv": [ 1, 11, 2.5, 14 ], "texture": "#texture1" },
				"north": { "uv": [ 1, 11, 2.5, 14 ], "texture": "#texture1" },
				"south": { "uv": [ 1, 11, 2.5, 14 ], "texture": "#texture1" },
				"west": { "uv": [ 1, 11, 2.5, 14 ], "texture": "#texture1" },
				"east": { "uv": [ 1, 11, 2.5, 14 ], "texture": "#texture1" }
			}
		},
		{
			"__comment": "brush1",
			"from": [ 5.2, 0, 6.25 ],
			"to": [ 7.2, 6, 7.75 ],
			"faces": {
				"down": { "uv": [ 1, 11, 2.5, 14 ], "texture": "#texture1" },
				"up": { "uv": [ 1, 11, 2.5, 14 ], "texture": "#texture1" },
				"north": { "uv": [ 1, 11, 2.5, 14 ], "texture": "#texture1" },
				"south": { "uv": [ 1, 11, 2.5, 14 ], "texture": "#texture1" },
				"west": { "uv": [ 1, 11, 2.5, 14 ], "texture": "#texture1" },
				"east": { "uv": [ 1, 11, 2.5, 14 ], "texture": "#texture1" }
			}
		},
		{
			"__comment": "brush2",
			"from": [ 2.5, 5.5, 5.5 ],
			"to": [ 10, 6.5, 8.5 ],
			"faces": {
				"down": { "uv": [ 2.5, 9.5, 6, 11.5 ], "texture": "#texture1" },
				"up": { "uv": [ 2.5, 9.5, 6, 11.5 ], "texture": "#texture1" },
				"north": { "uv": [ 2.5, 9.5, 6, 11.5 ], "texture": "#texture1" },
				"south": { "uv": [ 2.5, 9.5, 6, 11.5 ], "texture": "#texture1" },
				"west": { "uv": [ 2.5, 9.5, 6, 11.5 ], "texture": "#texture1" },
				"east": { "uv": [ 2.5, 9.5, 6, 11.5 ], "texture": "#texture1" }
			}
		},
		{
			"__comment": "brush3",
			"from": [ 3, 6.5, 5.75 ],
			"to": [ 9.5, 12.5, 8.25 ],
			"faces": {
				"down": { "uv": [ 5, 7, 5.5, 8 ], "texture": "#texture1" },
				"up": { "uv": [ 5, 7, 5.5, 8 ], "texture": "#texture1" },
				"north": { "uv": [ 8, 5.5, 13.5, 9.5 ], "texture": "#texture1" },
				"south": { "uv": [ 8, 5.5, 13.5, 9.5 ], "texture": "#texture1" },
				"west": { "uv": [ 5, 7, 5.5, 8 ], "texture": "#texture1" },
				"east": { "uv": [ 5, 7, 5.5, 8 ], "texture": "#texture1" }
			}
		},
		{
			"__comment": "brush4",
			"from": [ 4, 11, 8 ],
			"to": [ 5, 12, 8.5 ],
			"faces": {
				"down": { "uv": [ 11.5, 14, 12, 14.5 ], "texture": "#texture1" },
				"up": { "uv": [ 11.5, 14, 12, 14.5 ], "texture": "#texture1" },
				"north": { "uv": [ 11.5, 14, 12, 14.5 ], "texture": "#texture1" },
				"south": { "uv": [ 11.5, 14, 12, 14.5 ], "texture": "#texture1" },
				"west": { "uv": [ 11.5, 14, 12, 14.5 ], "texture": "#texture1" },
				"east": { "uv": [ 11.5, 14, 12, 14.5 ], "texture": "#texture1" }
			}
		},
		{
			"__comment": "brush5",
			"from": [ 4.5, 12, 7 ],
			"to": [ 6, 13, 8.5 ],
			"faces": {
				"down": { "uv": [ 12.5, 12.5, 13, 13 ], "texture": "#texture1" },
				"up": { "uv": [ 12.5, 12.5, 13, 13 ], "texture": "#texture1" },
				"north": { "uv": [ 12.5, 12.5, 13, 13 ], "texture": "#texture1" },
				"south": { "uv": [ 12.5, 12.5, 13, 13 ], "texture": "#texture1" },
				"west": { "uv": [ 12.5, 12.5, 13, 13 ], "texture": "#texture1" },
				"east": { "uv": [ 12.5, 12.5, 13, 13 ], "texture": "#texture1" }
			}
		},
		{
			"__comment": "brush6",
			"from": [ 5.5, 12.5, 7 ],
			"to": [ 8, 13.5, 8 ],
			"faces": {
				"down": { "uv": [ 12.5, 12.5, 13, 13 ], "texture": "#texture1" },
				"up": { "uv": [ 12.5, 12.5, 13, 13 ], "texture": "#texture1" },
				"north": { "uv": [ 12.5, 12.5, 13, 13 ], "texture": "#texture1" },
				"south": { "uv": [ 12.5, 12.5, 13, 13 ], "texture": "#texture1" },
				"west": { "uv": [ 12.5, 12.5, 13, 13 ], "texture": "#texture1" },
				"east": { "uv": [ 12.5, 12.5, 13, 13 ], "texture": "#texture1" }
			}
		},
		{
			"__comment": "brush7",
			"from": [ 3, 10.5, 8 ],
			"to": [ 4, 11.5, 8.5 ],
			"faces": {
				"down": { "uv": [ 12.5, 12.5, 13, 13 ], "texture": "#texture1" },
				"up": { "uv": [ 12.5, 12.5, 13, 13 ], "texture": "#texture1" },
				"north": { "uv": [ 12.5, 12.5, 13, 13 ], "texture": "#texture1" },
				"south": { "uv": [ 12.5, 12.5, 13, 13 ], "texture": "#texture1" },
				"west": { "uv": [ 12.5, 12.5, 13, 13 ], "texture": "#texture1" },
				"east": { "uv": [ 12.5, 12.5, 13, 13 ], "texture": "#texture1" }
			}
		},
		{
			"__comment": "brush8",
			"from": [ 2.5, 11.5, 7.5 ],
			"to": [ 3, 12.5, 8.5 ],
			"faces": {
				"down": { "uv": [ 12.5, 12.5, 13, 13 ], "texture": "#texture1" },
				"up": { "uv": [ 12.5, 12.5, 13, 13 ], "texture": "#texture1" },
				"north": { "uv": [ 12.5, 12.5, 13, 13 ], "texture": "#texture1" },
				"south": { "uv": [ 12.5, 12.5, 13, 13 ], "texture": "#texture1" },
				"west": { "uv": [ 12.5, 12.5, 13, 13 ], "texture": "#texture1" },
				"east": { "uv": [ 12.5, 12.5, 13, 13 ], "texture": "#texture1" }
			}
		},
		{
			"__comment": "brush9",
			"from": [ 3, 11.5, 8 ],
			"to": [ 4, 12.5, 8.5 ],
			"faces": {
				"down": { "uv": [ 12.5, 12.5, 13, 13 ], "texture": "#texture1" },
				"up": { "uv": [ 12.5, 12.5, 13, 13 ], "texture": "#texture1" },
				"north": { "uv": [ 12.5, 12.5, 13, 13 ], "texture": "#texture1" },
				"south": { "uv": [ 12.5, 12.5, 13, 13 ], "texture": "#texture1" },
				"west": { "uv": [ 12.5, 12.5, 13, 13 ], "texture": "#texture1" },
				"east": { "uv": [ 12.5, 12.5, 13, 13 ], "texture": "#texture1" }
			}
		},
		{
			"__comment": "brush10",
			"from": [ 3.5, 11.5, 8 ],
			"to": [ 4.5, 12.5, 8.5 ],
			"faces": {
				"down": { "uv": [ 12.5, 12.5, 13, 13 ], "texture": "#texture1" },
				"up": { "uv": [ 12.5, 12.5, 13, 13 ], "texture": "#texture1" },
				"north": { "uv": [ 12.5, 12.5, 13, 13 ], "texture": "#texture1" },
				"south": { "uv": [ 12.5, 12.5, 13, 13 ], "texture": "#texture1" },
				"west": { "uv": [ 12.5, 12.5, 13, 13 ], "texture": "#texture1" },
				"east": { "uv": [ 12.5, 12.5, 13, 13 ], "texture": "#texture1" }
			}
		},
		{
			"__comment": "brush11",
			"from": [ 3, 11, 8 ],
			"to": [ 4, 12, 8.5 ],
			"faces": {
				"down": { "uv": [ 12.5, 12.5, 13, 13 ], "texture": "#texture1" },
				"up": { "uv": [ 12.5, 12.5, 13, 13 ], "texture": "#texture1" },
				"north": { "uv": [ 12.5, 12.5, 13, 13 ], "texture": "#texture1" },
				"south": { "uv": [ 12.5, 12.5, 13, 13 ], "texture": "#texture1" },
				"west": { "uv": [ 12.5, 12.5, 13, 13 ], "texture": "#texture1" },
				"east": { "uv": [ 12.5, 12.5, 13, 13 ], "texture": "#texture1" }
			}
		},
		{
			"__comment": "brush12",
			"from": [ 3, 12, 7 ],
			"to": [ 4.5, 13, 8.5 ],
			"faces": {
				"down": { "uv": [ 12.5, 12.5, 13, 13 ], "texture": "#texture1" },
				"up": { "uv": [ 12.5, 12.5, 13, 13 ], "texture": "#texture1" },
				"north": { "uv": [ 12.5, 12.5, 13, 13 ], "texture": "#texture1" },
				"south": { "uv": [ 12.5, 12.5, 13, 13 ], "texture": "#texture1" },
				"west": { "uv": [ 12.5, 12.5, 13, 13 ], "texture": "#texture1" },
				"east": { "uv": [ 12.5, 12.5, 13, 13 ], "texture": "#texture1" }
			}
		},
		{
			"__comment": "brush13",
			"from": [ 2.5, 10.5, 7 ],
			"to": [ 3, 11.5, 8.5 ],
			"faces": {
				"down": { "uv": [ 12.5, 12.5, 13, 13 ], "texture": "#texture1" },
				"up": { "uv": [ 12.5, 12.5, 13, 13 ], "texture": "#texture1" },
				"north": { "uv": [ 12.5, 12.5, 13, 13 ], "texture": "#texture1" },
				"south": { "uv": [ 12.5, 12.5, 13, 13 ], "texture": "#texture1" },
				"west": { "uv": [ 12.5, 12.5, 13, 13 ], "texture": "#texture1" },
				"east": { "uv": [ 12.5, 12.5, 13, 13 ], "texture": "#texture1" }
			}
		},
		{
			"__comment": "brush14",
			"from": [ 2.5, 9.5, 6 ],
			"to": [ 3, 10.5, 7 ],
			"faces": {
				"down": { "uv": [ 12.5, 12.5, 13, 13 ], "texture": "#texture1" },
				"up": { "uv": [ 12.5, 12.5, 13, 13 ], "texture": "#texture1" },
				"north": { "uv": [ 12.5, 12.5, 13, 13 ], "texture": "#texture1" },
				"south": { "uv": [ 12.5, 12.5, 13, 13 ], "texture": "#texture1" },
				"west": { "uv": [ 12.5, 12.5, 13, 13 ], "texture": "#texture1" },
				"east": { "uv": [ 12.5, 12.5, 13, 13 ], "texture": "#texture1" }
			}
		},
		{
			"__comment": "brush15",
			"from": [ 2.5, 10.5, 6 ],
			"to": [ 3, 11.5, 7 ],
			"faces": {
				"down": { "uv": [ 12.5, 12.5, 13, 13 ], "texture": "#texture1" },
				"up": { "uv": [ 12.5, 12.5, 13, 13 ], "texture": "#texture1" },
				"north": { "uv": [ 12.5, 12.5, 13, 13 ], "texture": "#texture1" },
				"south": { "uv": [ 12.5, 12.5, 13, 13 ], "texture": "#texture1" },
				"west": { "uv": [ 12.5, 12.5, 13, 13 ], "texture": "#texture1" },
				"east": { "uv": [ 12.5, 12.5, 13, 13 ], "texture": "#texture1" }
			}
		},
		{
			"__comment": "brush16",
			"from": [ 2.5, 11.5, 6.5 ],
			"to": [ 3.5, 12.5, 7.5 ],
			"faces": {
				"down": { "uv": [ 12.5, 12.5, 13, 13 ], "texture": "#texture1" },
				"up": { "uv": [ 12.5, 12.5, 13, 13 ], "texture": "#texture1" },
				"north": { "uv": [ 12.5, 12.5, 13, 13 ], "texture": "#texture1" },
				"south": { "uv": [ 12.5, 12.5, 13, 13 ], "texture": "#texture1" },
				"west": { "uv": [ 12.5, 12.5, 13, 13 ], "texture": "#texture1" },
				"east": { "uv": [ 12.5, 12.5, 13, 13 ], "texture": "#texture1" }
			}
		},
		{
			"__comment": "brush17",
			"from": [ 2.5, 11, 5.5 ],
			"to": [ 3.5, 13, 6.5 ],
			"faces": {
				"down": { "uv": [ 12.5, 12.5, 13, 13 ], "texture": "#texture1" },
				"up": { "uv": [ 12.5, 12.5, 13, 13 ], "texture": "#texture1" },
				"north": { "uv": [ 12.5, 12.5, 13, 13 ], "texture": "#texture1" },
				"south": { "uv": [ 12.5, 12.5, 13, 13 ], "texture": "#texture1" },
				"west": { "uv": [ 12.5, 12.5, 13, 13 ], "texture": "#texture1" },
				"east": { "uv": [ 12.5, 12.5, 13, 13 ], "texture": "#texture1" }
			}
		},
		{
			"__comment": "brush18",
			"from": [ 2.5, 9.5, 5.5 ],
			"to": [ 3, 11, 6.5 ],
			"faces": {
				"down": { "uv": [ 12.5, 12.5, 13, 13 ], "texture": "#texture1" },
				"up": { "uv": [ 12.5, 12.5, 13, 13 ], "texture": "#texture1" },
				"north": { "uv": [ 12.5, 12.5, 13, 13 ], "texture": "#texture1" },
				"south": { "uv": [ 12.5, 12.5, 13, 13 ], "texture": "#texture1" },
				"west": { "uv": [ 12.5, 12.5, 13, 13 ], "texture": "#texture1" },
				"east": { "uv": [ 12.5, 12.5, 13, 13 ], "texture": "#texture1" }
			}
		},
		{
			"__comment": "brush19",
			"from": [ 5.5, 11.5, 8 ],
			"to": [ 7.5, 13, 9 ],
			"faces": {
				"down": { "uv": [ 12.5, 12.5, 13, 13 ], "texture": "#texture1" },
				"up": { "uv": [ 12.5, 12.5, 13, 13 ], "texture": "#texture1" },
				"north": { "uv": [ 12.5, 12.5, 13, 13 ], "texture": "#texture1" },
				"south": { "uv": [ 12.5, 12.5, 13, 13 ], "texture": "#texture1" },
				"west": { "uv": [ 12.5, 12.5, 13, 13 ], "texture": "#texture1" },
				"east": { "uv": [ 12.5, 12.5, 13, 13 ], "texture": "#texture1" }
			}
		},
		{
			"__comment": "brush20",
			"from": [ 7.5, 10.5, 8 ],
			"to": [ 9, 12, 9 ],
			"faces": {
				"down": { "uv": [ 12.5, 12.5, 13, 13 ], "texture": "#texture1" },
				"up": { "uv": [ 12.5, 12.5, 13, 13 ], "texture": "#texture1" },
				"north": { "uv": [ 12.5, 12.5, 13, 13 ], "texture": "#texture1" },
				"south": { "uv": [ 12.5, 12.5, 13, 13 ], "texture": "#texture1" },
				"west": { "uv": [ 12.5, 12.5, 13, 13 ], "texture": "#texture1" },
				"east": { "uv": [ 12.5, 12.5, 13, 13 ], "texture": "#texture1" }
			}
		},
		{
			"__comment": "brush21",
			"from": [ 7.5, 12, 6.5 ],
			"to": [ 9.5, 13, 8.5 ],
			"faces": {
				"down": { "uv": [ 12.5, 12.5, 13, 13 ], "texture": "#texture1" },
				"up": { "uv": [ 12.5, 12.5, 13, 13 ], "texture": "#texture1" },
				"north": { "uv": [ 12.5, 12.5, 13, 13 ], "texture": "#texture1" },
				"south": { "uv": [ 12.5, 12.5, 13, 13 ], "texture": "#texture1" },
				"west": { "uv": [ 12.5, 12.5, 13, 13 ], "texture": "#texture1" },
				"east": { "uv": [ 12.5, 12.5, 13, 13 ], "texture": "#texture1" }
			}
		},
		{
			"__comment": "brush22",
			"from": [ 9, 10.5, 8 ],
			"to": [ 10, 12, 9 ],
			"faces": {
				"down": { "uv": [ 12.5, 12.5, 13, 13 ], "texture": "#texture1" },
				"up": { "uv": [ 12.5, 12.5, 13, 13 ], "texture": "#texture1" },
				"north": { "uv": [ 12.5, 12.5, 13, 13 ], "texture": "#texture1" },
				"south": { "uv": [ 12.5, 12.5, 13, 13 ], "texture": "#texture1" },
				"west": { "uv": [ 12.5, 12.5, 13, 13 ], "texture": "#texture1" },
				"east": { "uv": [ 12.5, 12.5, 13, 13 ], "texture": "#texture1" }
			}
		},
		{
			"__comment": "brush23",
			"from": [ 3, 13, 6.5 ],
			"to": [ 4, 13.5, 7.5 ],
			"faces": {
				"down": { "uv": [ 12.5, 12.5, 13, 13 ], "texture": "#texture1" },
				"up": { "uv": [ 12.5, 12.5, 13, 13 ], "texture": "#texture1" },
				"north": { "uv": [ 12.5, 12.5, 13, 13 ], "texture": "#texture1" },
				"south": { "uv": [ 12.5, 12.5, 13, 13 ], "texture": "#texture1" },
				"west": { "uv": [ 12.5, 12.5, 13, 13 ], "texture": "#texture1" },
				"east": { "uv": [ 12.5, 12.5, 13, 13 ], "texture": "#texture1" }
			}
		},
		{
			"__comment": "brush24",
			"from": [ 3, 12.5, 6.5 ],
			"to": [ 3.5, 13, 7 ],
			"faces": {
				"down": { "uv": [ 12.5, 12.5, 13, 13 ], "texture": "#texture1" },
				"up": { "uv": [ 12.5, 12.5, 13, 13 ], "texture": "#texture1" },
				"north": { "uv": [ 12.5, 12.5, 13, 13 ], "texture": "#texture1" },
				"south": { "uv": [ 12.5, 12.5, 13, 13 ], "texture": "#texture1" },
				"west": { "uv": [ 12.5, 12.5, 13, 13 ], "texture": "#texture1" },
				"east": { "uv": [ 12.5, 12.5, 13, 13 ], "texture": "#texture1" }
			}
		},
		{
			"__comment": "brush25",
			"from": [ 9.5, 11, 6.5 ],
			"to": [ 10, 12.5, 8.5 ],
			"faces": {
				"down": { "uv": [ 12.5, 12.5, 13, 13 ], "texture": "#texture1" },
				"up": { "uv": [ 12.5, 12.5, 13, 13 ], "texture": "#texture1" },
				"north": { "uv": [ 12.5, 12.5, 13, 13 ], "texture": "#texture1" },
				"south": { "uv": [ 12.5, 12.5, 13, 13 ], "texture": "#texture1" },
				"west": { "uv": [ 12.5, 12.5, 13, 13 ], "texture": "#texture1" },
				"east": { "uv": [ 12.5, 12.5, 13, 13 ], "texture": "#texture1" }
			}
		},
		{
			"__comment": "brush26",
			"from": [ 4, 12.5, 6 ],
			"to": [ 6, 13, 7 ],
			"faces": {
				"down": { "uv": [ 12.5, 12.5, 13, 13 ], "texture": "#texture1" },
				"up": { "uv": [ 12.5, 12.5, 13, 13 ], "texture": "#texture1" },
				"north": { "uv": [ 12.5, 12.5, 13, 13 ], "texture": "#texture1" },
				"south": { "uv": [ 12.5, 12.5, 13, 13 ], "texture": "#texture1" },
				"west": { "uv": [ 12.5, 12.5, 13, 13 ], "texture": "#texture1" },
				"east": { "uv": [ 12.5, 12.5, 13, 13 ], "texture": "#texture1" }
			}
		},
		{
			"__comment": "brush27",
			"from": [ 6, 12.5, 5.5 ],
			"to": [ 8.5, 13.5, 7 ],
			"faces": {
				"down": { "uv": [ 12.5, 12.5, 13, 13 ], "texture": "#texture1" },
				"up": { "uv": [ 12.5, 12.5, 13, 13 ], "texture": "#texture1" },
				"north": { "uv": [ 12.5, 12.5, 13, 13 ], "texture": "#texture1" },
				"south": { "uv": [ 12.5, 12.5, 13, 13 ], "texture": "#texture1" },
				"west": { "uv": [ 12.5, 12.5, 13, 13 ], "texture": "#texture1" },
				"east": { "uv": [ 12.5, 12.5, 13, 13 ], "texture": "#texture1" }
			}
		},
		{
			"__comment": "brush28",
			"from": [ 3, 11.5, 5.2 ],
			"to": [ 6, 13, 6.7 ],
			"faces": {
				"down": { "uv": [ 12.5, 12.5, 13, 13 ], "texture": "#texture1" },
				"up": { "uv": [ 12.5, 12.5, 13, 13 ], "texture": "#texture1" },
				"north": { "uv": [ 12.5, 12.5, 13, 13 ], "texture": "#texture1" },
				"south": { "uv": [ 12.5, 12.5, 13, 13 ], "texture": "#texture1" },
				"west": { "uv": [ 12.5, 12.5, 13, 13 ], "texture": "#texture1" },
				"east": { "uv": [ 12.5, 12.5, 13, 13 ], "texture": "#texture1" }
			}
		},
		{
			"__comment": "brush29",
			"from": [ 8.5, 10.5, 5.4 ],
			"to": [ 10, 13, 6.7 ],
			"faces": {
				"down": { "uv": [ 12.5, 12.5, 13, 13 ], "texture": "#texture1" },
				"up": { "uv": [ 12.5, 12.5, 13, 13 ], "texture": "#texture1" },
				"north": { "uv": [ 12.5, 12.5, 13, 13 ], "texture": "#texture1" },
				"south": { "uv": [ 12.5, 12.5, 13, 13 ], "texture": "#texture1" },
				"west": { "uv": [ 12.5, 12.5, 13, 13 ], "texture": "#texture1" },
				"east": { "uv": [ 12.5, 12.5, 13, 13 ], "texture": "#texture1" }
			}
		},
		{
			"__comment": "brush30",
			"from": [ 9.5, 9, 6.5 ],
			"to": [ 10, 10.5, 7.5 ],
			"faces": {
				"down": { "uv": [ 12.5, 12.5, 13, 13 ], "texture": "#texture1" },
				"up": { "uv": [ 12.5, 12.5, 13, 13 ], "texture": "#texture1" },
				"north": { "uv": [ 12.5, 12.5, 13, 13 ], "texture": "#texture1" },
				"south": { "uv": [ 12.5, 12.5, 13, 13 ], "texture": "#texture1" },
				"west": { "uv": [ 12.5, 12.5, 13, 13 ], "texture": "#texture1" },
				"east": { "uv": [ 12.5, 12.5, 13, 13 ], "texture": "#texture1" }
			}
		},
		{
			"__comment": "brush31",
			"from": [ 8.8, 8.5, 6.75 ],
			"to": [ 9.8, 9.5, 7.25 ],
			"faces": {
				"down": { "uv": [ 12.5, 12.5, 13, 13 ], "texture": "#texture1" },
				"up": { "uv": [ 12.5, 12.5, 13, 13 ], "texture": "#texture1" },
				"north": { "uv": [ 12.5, 12.5, 13, 13 ], "texture": "#texture1" },
				"south": { "uv": [ 12.5, 12.5, 13, 13 ], "texture": "#texture1" },
				"west": { "uv": [ 12.5, 12.5, 13, 13 ], "texture": "#texture1" },
				"east": { "uv": [ 12.5, 12.5, 13, 13 ], "texture": "#texture1" }
			}
		},
		{
			"__comment": "brush33",
			"from": [ 6, 11.5, 5 ],
			"to": [ 8.5, 12.5, 6 ],
			"faces": {
				"down": { "uv": [ 12.5, 12.5, 13, 13 ], "texture": "#texture1" },
				"up": { "uv": [ 12.5, 12.5, 13, 13 ], "texture": "#texture1" },
				"north": { "uv": [ 12.5, 12.5, 13, 13 ], "texture": "#texture1" },
				"south": { "uv": [ 12.5, 12.5, 13, 13 ], "texture": "#texture1" },
				"west": { "uv": [ 12.5, 12.5, 13, 13 ], "texture": "#texture1" },
				"east": { "uv": [ 12.5, 12.5, 13, 13 ], "texture": "#texture1" }
			}
		},
		{
			"__comment": "Box35",
			"from": [ 9.5, 10.5, 6.7 ],
			"to": [ 10, 11, 7.7 ],
			"faces": {
				"down": { "uv": [ 8.5, 13, 9, 13.5 ], "texture": "#texture1" },
				"up": { "uv": [ 8.5, 13, 9, 13.5 ], "texture": "#texture1" },
				"north": { "uv": [ 8.5, 13, 9, 13.5 ], "texture": "#texture1" },
				"south": { "uv": [ 8.5, 13, 9, 13.5 ], "texture": "#texture1" },
				"west": { "uv": [ 8.5, 13, 9, 13.5 ], "texture": "#texture1" },
				"east": { "uv": [ 8.5, 13, 9, 13.5 ], "texture": "#texture1" }
			}
		}
	],
	"display": {
		"thirdperson": {
			"rotation":  [ 0, 90, -96 ],
			"translation":  [ 0, -0.7, -3.2 ],
			"scale":  [ 1, 1, 1 ]
		},
		"firstperson": {
			"rotation":  [ 0, 254, 0 ],
			"translation": [ -4.75, 6.75, 2.25 ],
			"scale":  [ 1.18, 1.31, 1.31 ]
		},
		"gui": {
			"rotation":  [ 28, 312, 38 ],
			"translation":  [ 0.00, 0.00, 0.00 ],
			"scale":  [ 1.26, 1.35, 1.26 ]
		}
	}
}