{
  "CakeMonster.crystal": {
    "category": "master",
    "sounds": [
      "CakeMonster/crystal"
    ]
  },
  "CakeMonster.defecake.activation": {
    "category": "master",
    "sounds": [
      "CakeMonster/defecake_activation"
    ]
  },
  "CakeMonster.pain": {
    "category": "master",
    "sounds": [
      "CakeMonster/pain1",
      "CakeMonster/pain2"
    ]
  },
  "CakeMonster.reguricake.activation": {
    "category": "master",
    "sounds": [
      "CakeMonster/reguricake_activation"
    ]
  },
  "CakeMonster.select": {
    "category": "master",
    "sounds": [
      "CakeMonster/select"
    ]
  },
  "CakeMonster.smashed": {
    "category": "master",
    "sounds": [
      "CakeMonster/smashed"
    ]
  },
  "CakeMonster.taunt": {
    "category": "master",
    "sounds": [
      "CakeMonster/taunt"
    ]
  }
}