{
    "__comment": "Model generated using MrCrayfish's Model Creator (http://mrcrayfish.com/modelcreator/)",
    "textures": {
        "0": "blocks/batbody",
        "1": "blocks/bathead",
        "2": "blocks/trans",
        "3": "blocks/batwing",
        "4": "blocks/batwing copy"
    },
    "elements": [
        {
            "name": "Body",
            "from": [ 5.0, 0.0, 2.0 ], 
            "to": [ 11.0, 6.0, 14.0 ], 
            "rotation": { "origin": [ 8.0, 8.0, 8.0 ], "axis": "x", "angle": 45.0 },
            "faces": {
                "north": { "texture": "#0", "uv": [ 3.0, 0.0, 5.999999999999998, 2.999999999999999 ] },
                "east": { "texture": "#0", "uv": [ 0.0, 3.0, 3.0, 9.0 ] },
                "south": { "texture": "#0", "uv": [ 9.0, 0.0, 6.0, 3.0 ] },
                "west": { "texture": "#0", "uv": [ 6.0, 3.0, 9.0, 9.0 ] },
                "up": { "texture": "#0", "uv": [ 3.0, 3.0, 6.0, 9.0 ] },
                "down": { "texture": "#0", "uv": [ 9.0, 3.0, 12.0, 9.0 ] }
            }
        },
        {
            "name": "Head",
            "from": [ 5.0, 5.0, -5.499999992549419 ], 
            "to": [ 11.0, 11.0, 0.5000000074505806 ], 
            "faces": {
                "north": { "texture": "#1", "uv": [ 3.0, 3.0, 6.0, 6.0 ] },
                "east": { "texture": "#1", "uv": [ 0.0, 3.0, 3.0, 6.0 ] },
                "south": { "texture": "#1", "uv": [ 9.0, 3.0, 12.0, 6.0 ] },
                "west": { "texture": "#1", "uv": [ 6.0, 3.0, 9.0, 6.0 ] },
                "up": { "texture": "#1", "uv": [ 3.0, 0.0, 6.0, 3.0 ] },
                "down": { "texture": "#1", "uv": [ 6.0, 0.0, 9.0, 3.0 ] }
            }
        },
        {
            "name": "Wing",
            "from": [ -3.0, 2.0, 4.0 ], 
            "to": [ 6.0, 3.0, 11.0 ], 
            "rotation": { "origin": [ 8.0, 8.0, 8.0 ], "axis": "x", "angle": 45.0 },
            "faces": {
                "north": { "texture": "#2", "uv": [ 0.0, 0.0, 9.0, 1.0 ] },
                "east": { "texture": "#2", "uv": [ 0.0, 0.0, 7.0, 1.0 ] },
                "south": { "texture": "#2", "uv": [ 0.0, 0.0, 9.0, 1.0 ] },
                "west": { "texture": "#2", "uv": [ 0.0, 0.0, 7.0, 1.0 ] },
                "up": { "texture": "#3", "uv": [ 2.0, 1.0, 11.0, 8.0 ] },
                "down": { "texture": "#4", "uv": [ 2.0, 1.0, 11.0, 8.0 ] }
            }
        },
        {
            "name": "Cube",
            "from": [ 10.0, 2.0, 4.0 ], 
            "to": [ 19.0, 3.0, 11.0 ], 
            "rotation": { "origin": [ 8.0, 8.0, 8.0 ], "axis": "x", "angle": 45.0 },
            "faces": {
                "north": { "texture": "#2", "uv": [ 0.0, 0.0, 9.0, 1.0 ] },
                "east": { "texture": "#2", "uv": [ 0.0, 0.0, 7.0, 1.0 ] },
                "south": { "texture": "#2", "uv": [ 0.0, 0.0, 9.0, 1.0 ] },
                "west": { "texture": "#2", "uv": [ 0.0, 0.0, 7.0, 1.0 ] },
                "up": { "texture": "#3", "uv": [ 2.0, 1.0, 11.0, 8.0 ], "rotation": 180 },
                "down": { "texture": "#4", "uv": [ 2.0, 1.0, 11.0, 8.0 ], "rotation": 180 }
            }
        }
    ]
}