{
    "__comment": "Model generated using MrCrayfish's Model Creator (http://mrcrayfish.com/modelcreator/)",
    "textures": {
        "0": "blocks/CaveBat_Front",
        "1": "blocks/CaveBat_Right",
        "2": "blocks/CaveBat_Back",
        "3": "blocks/CaveBat_Left",
        "4": "blocks/CaveBat_Top",
        "5": "blocks/CaveBat_Low",
        "6": "blocks/CaveBat_H_Front",
        "7": "blocks/CaveBat_H_Right",
        "8": "blocks/trans",
        "9": "blocks/CaveBat_H_Left",
        "10": "blocks/CaveBat_H_Top"
    },
    "elements": [
        {
            "name": "L1",
            "from": [ 0.0, 0.0, 0.0 ], 
            "to": [ 16.0, 16.0, 16.0 ], 
            "faces": {
                "north": { "texture": "#0", "uv": [ 0.0, 0.0, 16.0, 16.0 ] },
                "east": { "texture": "#1", "uv": [ 0.0, 0.0, 16.0, 16.0 ] },
                "south": { "texture": "#2", "uv": [ 0.0, 0.0, 16.0, 16.0 ] },
                "west": { "texture": "#3", "uv": [ 0.0, 0.0, 16.0, 16.0 ] },
                "up": { "texture": "#4", "uv": [ 0.0, 0.0, 16.0, 16.0 ] },
                "down": { "texture": "#5", "uv": [ 0.0, 0.0, 16.0, 16.0 ] }
            }
        },
        {
            "name": "RightFang",
            "from": [ 10.0, 1.0, -0.4999999925494194 ], 
            "to": [ 12.0, 4.0, 0.0 ], 
            "faces": {
                "north": { "texture": "#0", "uv": [ 4.0, 12.0, 6.0, 14.0 ] },
                "east": { "texture": "#0", "uv": [ 4.0, 12.0, 5.999999992549421, 14.0 ] },
                "south": { "texture": "#0", "uv": [ 4.0, 12.0, 6.0, 14.0 ] },
                "west": { "texture": "#0", "uv": [ 4.0, 12.0, 5.999999992549418, 14.0 ] },
                "up": { "texture": "#0", "uv": [ 4.0, 12.0, 6.0, 13.999999992549427 ] },
                "down": { "texture": "#0", "uv": [ 4.0, 12.0, 6.0, 13.999999992549418 ] }
            }
        },
        {
            "name": "LeftFang",
            "from": [ 4.0, 1.0, -0.4999999925494194 ], 
            "to": [ 6.0, 4.0, 0.0 ], 
            "faces": {
                "north": { "texture": "#0", "uv": [ 10.0, 12.0, 12.0, 14.0 ] },
                "east": { "texture": "#0", "uv": [ 10.0, 12.0, 11.999999992549421, 14.0 ] },
                "south": { "texture": "#0", "uv": [ 10.0, 12.0, 12.0, 14.0 ] },
                "west": { "texture": "#0", "uv": [ 10.0, 12.0, 11.999999992549418, 14.0 ] },
                "up": { "texture": "#0", "uv": [ 10.0, 12.0, 12.0, 13.999999992549427 ] },
                "down": { "texture": "#0", "uv": [ 10.0, 12.0, 12.0, 13.999999992549418 ] }
            }
        },
        {
            "name": "L2",
            "from": [ -0.5000000074505806, -0.5000000074505806, -0.5000000074505806 ], 
            "to": [ 16.49999999254942, 16.49999999254942, 16.49999999254942 ], 
            "faces": {
                "north": { "texture": "#6", "uv": [ 0.0, 0.0, 17.0, 17.0 ] },
                "east": { "texture": "#7", "uv": [ 0.0, 0.0, 17.0, 17.0 ] },
                "south": { "texture": "#8", "uv": [ 0.0, 0.0, 17.0, 17.0 ] },
                "west": { "texture": "#9", "uv": [ 0.0, 0.0, 17.0, 17.0 ] },
                "up": { "texture": "#10", "uv": [ 0.0, 0.0, 17.0, 17.0 ], "rotation": 180 },
                "down": { "texture": "#8", "uv": [ 0.0, 0.0, 17.0, 17.0 ] }
            }
        }
    ]
}