{
"__comment": "Designed by Bamatois with BDcraft Cubik PRO 0.93 Beta - http://bdcraft.net",
"textures": {
    "particle": "items/ghast_tear",
    "texture": "items/ghast_tear"
},
"elements": [ 
{
    "from": [ 8, 3.5, 7 ],
    "to": [ 9, 4.5, 9 ],
    "faces": {
        "down":  { "uv": [ 7, 12.5, 7.5, 12 ], "texture": "#texture" },
        "up":    { "uv": [ 7, 11.5, 7.5, 12 ], "texture": "#texture" },
        "north": { "uv": [ 7, 11.5, 7.5, 12.5 ], "texture": "#texture" },
        "south": { "uv": [ 9, 11.5, 8.5, 12.5 ], "texture": "#texture" },
        "west":  { "uv": [ 7, 11.5, 9, 12.5 ], "texture": "#texture" },
        "east":  { "uv": [ 9, 11.5, 7, 12.5 ], "texture": "#texture" }
    }
},
{
    "from": [ 8, 4, 6 ],
    "to": [ 9, 5, 7 ],
    "faces": {
        "down":  { "uv": [ 6, 12, 6.5, 11.5 ], "texture": "#texture" },
        "up":    { "uv": [ 6, 11, 6.5, 11.5 ], "texture": "#texture" },
        "north": { "uv": [ 6, 11, 6.5, 12 ], "texture": "#texture" },
        "south": { "uv": [ 7, 11, 6.5, 12 ], "texture": "#texture" },
        "west":  { "uv": [ 6, 11, 7, 12 ], "texture": "#texture" },
        "east":  { "uv": [ 7, 11, 6, 12 ], "texture": "#texture" }
    }
},
{
    "from": [ 8, 4.5, 5.5 ],
    "to": [ 9, 5.5, 6 ],
    "faces": {
        "down":  { "uv": [ 5.5, 11.5, 6, 11 ], "texture": "#texture" },
        "up":    { "uv": [ 5.5, 10.5, 6, 11 ], "texture": "#texture" },
        "north": { "uv": [ 5.5, 10.5, 6, 11.5 ], "texture": "#texture" },
        "south": { "uv": [ 6, 10.5, 5.5, 11.5 ], "texture": "#texture" },
        "west":  { "uv": [ 5.5, 10.5, 6, 11.5 ], "texture": "#texture" },
        "east":  { "uv": [ 6, 10.5, 5.5, 11.5 ], "texture": "#texture" }
    }
},
{
    "from": [ 8, 5, 6 ],
    "to": [ 9, 5.5, 6.5 ],
    "faces": {
        "down":  { "uv": [ 6, 11, 6.5, 10.5 ], "texture": "#texture" },
        "up":    { "uv": [ 6, 10.5, 6.5, 11 ], "texture": "#texture" },
        "north": { "uv": [ 6, 10.5, 6.5, 11 ], "texture": "#texture" },
        "south": { "uv": [ 6.5, 10.5, 6, 11 ], "texture": "#texture" },
        "west":  { "uv": [ 6, 10.5, 6.5, 11 ], "texture": "#texture" },
        "east":  { "uv": [ 6.5, 10.5, 6, 11 ], "texture": "#texture" }
    }
},
{
    "from": [ 8, 5.5, 5 ],
    "to": [ 9, 8, 6 ],
    "faces": {
        "down":  { "uv": [ 5, 10.5, 5.5, 10 ], "texture": "#texture" },
        "up":    { "uv": [ 5, 8, 5.5, 8.5 ], "texture": "#texture" },
        "north": { "uv": [ 5, 8, 5.5, 10.5 ], "texture": "#texture" },
        "south": { "uv": [ 6, 8, 5.5, 10.5 ], "texture": "#texture" },
        "west":  { "uv": [ 5, 8, 6, 10.5 ], "texture": "#texture" },
        "east":  { "uv": [ 6, 8, 5, 10.5 ], "texture": "#texture" }
    }
},
{
    "from": [ 8, 5.5, 10 ],
    "to": [ 9, 8, 11 ],
    "faces": {
        "down":  { "uv": [ 10, 10.5, 10.5, 10 ], "texture": "#texture" },
        "up":    { "uv": [ 10, 8, 10.5, 8.5 ], "texture": "#texture" },
        "north": { "uv": [ 10, 8, 10.5, 10.5 ], "texture": "#texture" },
        "south": { "uv": [ 11, 8, 10.5, 10.5 ], "texture": "#texture" },
        "west":  { "uv": [ 10, 8, 11, 10.5 ], "texture": "#texture" },
        "east":  { "uv": [ 11, 8, 10, 10.5 ], "texture": "#texture" }
    }
},
{
    "from": [ 8, 4.5, 9.5 ],
    "to": [ 9, 5.5, 10.5 ],
    "faces": {
        "down":  { "uv": [ 9.5, 11.5, 10, 11 ], "texture": "#texture" },
        "up":    { "uv": [ 9.5, 10.5, 10, 11 ], "texture": "#texture" },
        "north": { "uv": [ 9.5, 10.5, 10, 11.5 ], "texture": "#texture" },
        "south": { "uv": [ 10.5, 10.5, 10, 11.5 ], "texture": "#texture" },
        "west":  { "uv": [ 9.5, 10.5, 10.5, 11.5 ], "texture": "#texture" },
        "east":  { "uv": [ 10.5, 10.5, 9.5, 11.5 ], "texture": "#texture" }
    }
},
{
    "from": [ 8, 4, 9 ],
    "to": [ 9, 4.5, 10 ],
    "faces": {
        "down":  { "uv": [ 9, 12, 9.5, 11.5 ], "texture": "#texture" },
        "up":    { "uv": [ 9, 11.5, 9.5, 12 ], "texture": "#texture" },
        "north": { "uv": [ 9, 11.5, 9.5, 12 ], "texture": "#texture" },
        "south": { "uv": [ 10, 11.5, 9.5, 12 ], "texture": "#texture" },
        "west":  { "uv": [ 9, 11.5, 10, 12 ], "texture": "#texture" },
        "east":  { "uv": [ 10, 11.5, 9, 12 ], "texture": "#texture" }
    }
},
{
    "from": [ 8, 4.5, 9 ],
    "to": [ 9, 5, 9.5 ],
    "faces": {
        "down":  { "uv": [ 9, 11.5, 9.5, 11 ], "texture": "#texture" },
        "up":    { "uv": [ 9, 11, 9.5, 11.5 ], "texture": "#texture" },
        "north": { "uv": [ 9, 11, 9.5, 11.5 ], "texture": "#texture" },
        "south": { "uv": [ 9.5, 11, 9, 11.5 ], "texture": "#texture" },
        "west":  { "uv": [ 9, 11, 9.5, 11.5 ], "texture": "#texture" },
        "east":  { "uv": [ 9.5, 11, 9, 11.5 ], "texture": "#texture" }
    }
},
{
    "from": [ 8, 8, 9.5 ],
    "to": [ 9, 9, 10.5 ],
    "faces": {
        "down":  { "uv": [ 9.5, 8, 10, 7.5 ], "texture": "#texture" },
        "up":    { "uv": [ 9.5, 7, 10, 7.5 ], "texture": "#texture" },
        "north": { "uv": [ 9.5, 7, 10, 8 ], "texture": "#texture" },
        "south": { "uv": [ 10.5, 7, 10, 8 ], "texture": "#texture" },
        "west":  { "uv": [ 9.5, 7, 10.5, 8 ], "texture": "#texture" },
        "east":  { "uv": [ 10.5, 7, 9.5, 8 ], "texture": "#texture" }
    }
},
{
    "from": [ 8, 9, 9 ],
    "to": [ 9, 10, 10 ],
    "faces": {
        "down":  { "uv": [ 9, 7, 9.5, 6.5 ], "texture": "#texture" },
        "up":    { "uv": [ 9, 6, 9.5, 6.5 ], "texture": "#texture" },
        "north": { "uv": [ 9, 6, 9.5, 7 ], "texture": "#texture" },
        "south": { "uv": [ 10, 6, 9.5, 7 ], "texture": "#texture" },
        "west":  { "uv": [ 9, 6, 10, 7 ], "texture": "#texture" },
        "east":  { "uv": [ 10, 6, 9, 7 ], "texture": "#texture" }
    }
},
{
    "from": [ 8, 10, 8.5 ],
    "to": [ 9, 11, 9.5 ],
    "faces": {
        "down":  { "uv": [ 8.5, 6, 9, 5.5 ], "texture": "#texture" },
        "up":    { "uv": [ 8.5, 5, 9, 5.5 ], "texture": "#texture" },
        "north": { "uv": [ 8.5, 5, 9, 6 ], "texture": "#texture" },
        "south": { "uv": [ 9.5, 5, 9, 6 ], "texture": "#texture" },
        "west":  { "uv": [ 8.5, 5, 9.5, 6 ], "texture": "#texture" },
        "east":  { "uv": [ 9.5, 5, 8.5, 6 ], "texture": "#texture" }
    }
},
{
    "from": [ 8, 11, 7 ],
    "to": [ 9, 12, 9 ],
    "faces": {
        "down":  { "uv": [ 7, 5, 7.5, 4.5 ], "texture": "#texture" },
        "up":    { "uv": [ 7, 4, 7.5, 4.5 ], "texture": "#texture" },
        "north": { "uv": [ 7, 4, 7.5, 5 ], "texture": "#texture" },
        "south": { "uv": [ 9, 4, 8.5, 5 ], "texture": "#texture" },
        "west":  { "uv": [ 7, 4, 9, 5 ], "texture": "#texture" },
        "east":  { "uv": [ 9, 4, 7, 5 ], "texture": "#texture" }
    }
},
{
    "from": [ 8, 12, 7.5 ],
    "to": [ 9, 12.5, 8.5 ],
    "faces": {
        "down":  { "uv": [ 7.5, 4, 8, 3.5 ], "texture": "#texture" },
        "up":    { "uv": [ 7.5, 3.5, 8, 4 ], "texture": "#texture" },
        "north": { "uv": [ 7.5, 3.5, 8, 4 ], "texture": "#texture" },
        "south": { "uv": [ 8.5, 3.5, 8, 4 ], "texture": "#texture" },
        "west":  { "uv": [ 7.5, 3.5, 8.5, 4 ], "texture": "#texture" },
        "east":  { "uv": [ 8.5, 3.5, 7.5, 4 ], "texture": "#texture" }
    }
},
{
    "from": [ 8, 10, 6.5 ],
    "to": [ 9, 11, 7.5 ],
    "faces": {
        "down":  { "uv": [ 6.5, 6, 7, 5.5 ], "texture": "#texture" },
        "up":    { "uv": [ 6.5, 5, 7, 5.5 ], "texture": "#texture" },
        "north": { "uv": [ 6.5, 5, 7, 6 ], "texture": "#texture" },
        "south": { "uv": [ 7.5, 5, 7, 6 ], "texture": "#texture" },
        "west":  { "uv": [ 6.5, 5, 7.5, 6 ], "texture": "#texture" },
        "east":  { "uv": [ 7.5, 5, 6.5, 6 ], "texture": "#texture" }
    }
},
{
    "from": [ 8, 9, 6 ],
    "to": [ 9, 10, 7 ],
    "faces": {
        "down":  { "uv": [ 6, 7, 6.5, 6.5 ], "texture": "#texture" },
        "up":    { "uv": [ 6, 6, 6.5, 6.5 ], "texture": "#texture" },
        "north": { "uv": [ 6, 6, 6.5, 7 ], "texture": "#texture" },
        "south": { "uv": [ 7, 6, 6.5, 7 ], "texture": "#texture" },
        "west":  { "uv": [ 6, 6, 7, 7 ], "texture": "#texture" },
        "east":  { "uv": [ 7, 6, 6, 7 ], "texture": "#texture" }
    }
},
{
    "from": [ 8, 8, 5.5 ],
    "to": [ 9, 9, 6.5 ],
    "faces": {
        "down":  { "uv": [ 5.5, 8, 6, 7.5 ], "texture": "#texture" },
        "up":    { "uv": [ 5.5, 7, 6, 7.5 ], "texture": "#texture" },
        "north": { "uv": [ 5.5, 7, 6, 8 ], "texture": "#texture" },
        "south": { "uv": [ 6.5, 7, 6, 8 ], "texture": "#texture" },
        "west":  { "uv": [ 5.5, 7, 6.5, 8 ], "texture": "#texture" },
        "east":  { "uv": [ 6.5, 7, 5.5, 8 ], "texture": "#texture" }
    }
},
{
    "from": [ 7, 5.5, 6 ],
    "to": [ 10, 8, 7 ],
    "faces": {
        "down":  { "uv": [ 6, 10.5, 6.5, 10 ], "texture": "#texture" },
        "up":    { "uv": [ 6, 8, 6.5, 8.5 ], "texture": "#texture" },
        "north": { "uv": [ 6, 8, 6.5, 10.5 ], "texture": "#texture" },
        "south": { "uv": [ 7, 8, 6.5, 10.5 ], "texture": "#texture" },
        "west":  { "uv": [ 6, 8, 7, 10.5 ], "texture": "#texture" },
        "east":  { "uv": [ 7, 8, 6, 10.5 ], "texture": "#texture" }
    }
},
{
    "from": [ 7, 5.5, 9 ],
    "to": [ 10, 8, 10 ],
    "faces": {
        "down":  { "uv": [ 9, 10.5, 9.5, 10 ], "texture": "#texture" },
        "up":    { "uv": [ 9, 8, 9.5, 8.5 ], "texture": "#texture" },
        "north": { "uv": [ 9, 8, 9.5, 10.5 ], "texture": "#texture" },
        "south": { "uv": [ 10, 8, 9.5, 10.5 ], "texture": "#texture" },
        "west":  { "uv": [ 9, 8, 10, 10.5 ], "texture": "#texture" },
        "east":  { "uv": [ 10, 8, 9, 10.5 ], "texture": "#texture" }
    }
},
{
    "from": [ 7, 10, 7.5 ],
    "to": [ 10, 11, 8.5 ],
    "faces": {
        "down":  { "uv": [ 7.5, 6, 8, 5.5 ], "texture": "#texture" },
        "up":    { "uv": [ 7.5, 5, 8, 5.5 ], "texture": "#texture" },
        "north": { "uv": [ 7.5, 5, 8, 6 ], "texture": "#texture" },
        "south": { "uv": [ 8.5, 5, 8, 6 ], "texture": "#texture" },
        "west":  { "uv": [ 7.5, 5, 8.5, 6 ], "texture": "#texture" },
        "east":  { "uv": [ 8.5, 5, 7.5, 6 ], "texture": "#texture" }
    }
},
{
    "from": [ 7, 9, 7 ],
    "to": [ 10, 10, 9 ],
    "faces": {
        "down":  { "uv": [ 7, 7, 7.5, 6.5 ], "texture": "#texture" },
        "up":    { "uv": [ 7, 6, 7.5, 6.5 ], "texture": "#texture" },
        "north": { "uv": [ 7, 6, 7.5, 7 ], "texture": "#texture" },
        "south": { "uv": [ 9, 6, 8.5, 7 ], "texture": "#texture" },
        "west":  { "uv": [ 7, 6, 9, 7 ], "texture": "#texture" },
        "east":  { "uv": [ 9, 6, 7, 7 ], "texture": "#texture" }
    }
},
{
    "from": [ 7, 8, 6.5 ],
    "to": [ 10, 9, 7.5 ],
    "faces": {
        "down":  { "uv": [ 6.5, 8, 7, 7.5 ], "texture": "#texture" },
        "up":    { "uv": [ 6.5, 7, 7, 7.5 ], "texture": "#texture" },
        "north": { "uv": [ 6.5, 7, 7, 8 ], "texture": "#texture" },
        "south": { "uv": [ 7.5, 7, 7, 8 ], "texture": "#texture" },
        "west":  { "uv": [ 6.5, 7, 7.5, 8 ], "texture": "#texture" },
        "east":  { "uv": [ 7.5, 7, 6.5, 8 ], "texture": "#texture" }
    }
},
{
    "from": [ 7, 4.5, 7 ],
    "to": [ 10, 5.5, 9 ],
    "faces": {
        "down":  { "uv": [ 7, 11.5, 7.5, 11 ], "texture": "#texture" },
        "up":    { "uv": [ 7, 10.5, 7.5, 11 ], "texture": "#texture" },
        "north": { "uv": [ 7, 10.5, 7.5, 11.5 ], "texture": "#texture" },
        "south": { "uv": [ 9, 10.5, 8.5, 11.5 ], "texture": "#texture" },
        "west":  { "uv": [ 7, 10.5, 9, 11.5 ], "texture": "#texture" },
        "east":  { "uv": [ 9, 10.5, 7, 11.5 ], "texture": "#texture" }
    }
},
{
    "from": [ 7, 5, 9 ],
    "to": [ 10, 5.5, 9.5 ],
    "faces": {
        "down":  { "uv": [ 9, 11, 9.5, 10.5 ], "texture": "#texture" },
        "up":    { "uv": [ 9, 10.5, 9.5, 11 ], "texture": "#texture" },
        "north": { "uv": [ 9, 10.5, 9.5, 11 ], "texture": "#texture" },
        "south": { "uv": [ 9.5, 10.5, 9, 11 ], "texture": "#texture" },
        "west":  { "uv": [ 9, 10.5, 9.5, 11 ], "texture": "#texture" },
        "east":  { "uv": [ 9.5, 10.5, 9, 11 ], "texture": "#texture" }
    }
},
{
    "from": [ 7.5, 5, 6.5 ],
    "to": [ 9.5, 5.5, 7 ],
    "faces": {
        "down":  { "uv": [ 6.5, 11, 7, 10.5 ], "texture": "#texture" },
        "up":    { "uv": [ 6.5, 10.5, 7, 11 ], "texture": "#texture" },
        "north": { "uv": [ 6.5, 10.5, 7, 11 ], "texture": "#texture" },
        "south": { "uv": [ 7, 10.5, 6.5, 11 ], "texture": "#texture" },
        "west":  { "uv": [ 6.5, 10.5, 7, 11 ], "texture": "#texture" },
        "east":  { "uv": [ 7, 10.5, 6.5, 11 ], "texture": "#texture" }
    }
},
{
    "from": [ 6.5, 8, 7.5 ],
    "to": [ 10.5, 9, 8.5 ],
    "faces": {
        "down":  { "uv": [ 7.5, 8, 8, 7.5 ], "texture": "#texture" },
        "up":    { "uv": [ 7.5, 7, 8, 7.5 ], "texture": "#texture" },
        "north": { "uv": [ 7.5, 7, 8, 8 ], "texture": "#texture" },
        "south": { "uv": [ 8.5, 7, 8, 8 ], "texture": "#texture" },
        "west":  { "uv": [ 7.5, 7, 8.5, 8 ], "texture": "#texture" },
        "east":  { "uv": [ 8.5, 7, 7.5, 8 ], "texture": "#texture" }
    }
},
{
    "from": [ 6.5, 5.5, 7 ],
    "to": [ 10.5, 8, 9 ],
    "faces": {
        "down":  { "uv": [ 7, 10.5, 7.5, 10 ], "texture": "#texture" },
        "up":    { "uv": [ 7, 8, 7.5, 8.5 ], "texture": "#texture" },
        "north": { "uv": [ 7, 8, 7.5, 10.5 ], "texture": "#texture" },
        "south": { "uv": [ 9, 8, 8.5, 10.5 ], "texture": "#texture" },
        "west":  { "uv": [ 7, 8, 9, 10.5 ], "texture": "#texture" },
        "east":  { "uv": [ 9, 8, 7, 10.5 ], "texture": "#texture" }
    }
},
{
    "from": [ 7, 8, 8.5 ],
    "to": [ 10, 9, 9.5 ],
    "faces": {
        "down":  { "uv": [ 6.5, 8, 7, 7.5 ], "texture": "#texture" },
        "up":    { "uv": [ 6.5, 7, 7, 7.5 ], "texture": "#texture" },
        "north": { "uv": [ 6.5, 7, 7, 8 ], "texture": "#texture" },
        "south": { "uv": [ 7.5, 7, 7, 8 ], "texture": "#texture" },
        "west":  { "uv": [ 6.5, 7, 7.5, 8 ], "texture": "#texture" },
        "east":  { "uv": [ 7.5, 7, 6.5, 8 ], "texture": "#texture" }
    }
}
],
"display": {
    "thirdperson": {
        "rotation": [ -78, -37, 0 ],
        "translation": [ 0, 2.2, -0.7 ],
        "scale": [ 0.75, 0.75, 0.75 ]
    },
    "ground": {
        "rotation": [ 0, 0, 0 ],
        "translation": [ 0, -11.5, 0 ],
        "scale": [ 3, 3, 3 ]
    },
    "fixed": {
        "rotation": [ 0, 90, 0 ],
        "translation": [ 0, 0, 0 ],
        "scale": [ 3, 3, 3 ]
    },
    "firstperson": {
        "rotation": [ 0, 0, 0 ],
        "translation": [ 0, 3, 0 ],
        "scale": [ 2, 2, 2 ]
    },
    "gui": {
        "rotation": [ 0, 14, 0 ],
        "translation": [ 0, 0, 0 ],
        "scale": [ 2, 2, 2 ]
    }
}
}