{
"__comment": "Designed by Theocomix with BDcraft Cubik PRO 0.95 Beta - http://bdcraft.net",
"textures": {
    "texture": "items/AntyVanoom"
},
"elements": [ 
{
    "from": [ 3, 3.5, 9 ],
    "to": [ 13.5, 13.5, 11 ],
    "faces": {
        "down":  { "uv": [ 14.5, 9.5, 14, 4 ], "texture": "#texture" },
        "up":    { "uv": [ 2, 4.5, 2.5, 6.5 ], "texture": "#texture" },
        "north": { "uv": [ 2, 4, 2.5, 10.5 ], "texture": "#texture" },
        "south": { "uv": [ 3, 2.5, 13.5, 12.5 ], "texture": "#texture" },
        "west":  { "uv": [ 14, 3.5, 14.5, 10.5 ], "texture": "#texture" },
        "east":  { "uv": [ 2, 4, 2, 10 ], "texture": "#texture" }
    }
},
{
    "from": [ 3.5, 13.5, 9 ],
    "to": [ 13, 14, 11 ],
    "faces": {
        "down":  { "uv": [ 14.5, 9.5, 14, 5.5 ], "texture": "#texture" },
        "up":    { "uv": [ 2, 7.5, 2.5, 10 ], "texture": "#texture" },
        "north": { "uv": [ 2, 4.5, 2.5, 7 ], "texture": "#texture" },
        "south": { "uv": [ 3.5, 2, 13, 2.5 ], "texture": "#texture" },
        "west":  { "uv": [ 6.5, 1, 8.5, 1.5 ], "texture": "#texture" },
        "east":  { "uv": [ 6.5, 1, 8.5, 1.5 ], "texture": "#texture" }
    }
},
{
    "from": [ 4, 14, 9 ],
    "to": [ 12.5, 14.5, 11 ],
    "faces": {
        "down":  { "uv": [ 14.5, 9, 14, 5.5 ], "texture": "#texture" },
        "up":    { "uv": [ 2, 6.5, 2.5, 8.5 ], "texture": "#texture" },
        "north": { "uv": [ 6, 1, 8.5, 1.5 ], "texture": "#texture" },
        "south": { "uv": [ 4, 1.5, 12.5, 2 ], "texture": "#texture" },
        "west":  { "uv": [ 7, 1, 9, 1.5 ], "texture": "#texture" },
        "east":  { "uv": [ 6.5, 1, 8.5, 1.5 ], "texture": "#texture" }
    }
},
{
    "from": [ 4.5, 14.5, 9 ],
    "to": [ 12, 15, 11 ],
    "faces": {
        "down":  { "uv": [ 14.5, 8, 14, 5 ], "texture": "#texture" },
        "up":    { "uv": [ 4.5, 1, 12, 1.5 ], "texture": "#texture" },
        "north": { "uv": [ 6, 1, 9, 1.5 ], "texture": "#texture" },
        "south": { "uv": [ 4.5, 1, 12, 1.5 ], "texture": "#texture" },
        "west":  { "uv": [ 6.5, 1, 8.5, 1.5 ], "texture": "#texture" },
        "east":  { "uv": [ 6.5, 1, 8.5, 1.5 ], "texture": "#texture" }
    }
},
{
    "from": [ 3.5, 3, 9 ],
    "to": [ 13, 3.5, 11 ],
    "faces": {
        "down":  { "uv": [ 14.5, 9.5, 14, 5.5 ], "texture": "#texture" },
        "up":    { "uv": [ 2, 4, 2.5, 7.5 ], "texture": "#texture" },
        "north": { "uv": [ 3.5, 12.5, 4, 13 ], "texture": "#texture" },
        "south": { "uv": [ 3.5, 12.5, 13, 13 ], "texture": "#texture" },
        "west":  { "uv": [ 8.5, 15, 10.5, 15.5 ], "texture": "#texture" },
        "east":  { "uv": [ 6, 15, 8, 15.5 ], "texture": "#texture" }
    }
},
{
    "from": [ 4, 2.5, 9 ],
    "to": [ 12.5, 3, 11 ],
    "faces": {
        "down":  { "uv": [ 9, 1.5, 6.5, 1 ], "texture": "#texture" },
        "up":    { "uv": [ 6, 1, 9, 1.5 ], "texture": "#texture" },
        "north": { "uv": [ 6, 1, 9, 1.5 ], "texture": "#texture" },
        "south": { "uv": [ 4, 13, 12.5, 13.5 ], "texture": "#texture" },
        "west":  { "uv": [ 8, 15, 10, 15.5 ], "texture": "#texture" },
        "east":  { "uv": [ 6.5, 15, 8.5, 15.5 ], "texture": "#texture" }
    }
},
{
    "from": [ 4.5, 2, 9 ],
    "to": [ 12, 2.5, 11 ],
    "faces": {
        "down":  { "uv": [ 14.5, 9, 14, 6 ], "texture": "#texture" },
        "up":    { "uv": [ 2, 5, 2.5, 8.5 ], "texture": "#texture" },
        "north": { "uv": [ 2, 6, 2.5, 7 ], "texture": "#texture" },
        "south": { "uv": [ 4.5, 13.5, 12, 14 ], "texture": "#texture" },
        "west":  { "uv": [ 8.5, 15, 10.5, 15.5 ], "texture": "#texture" },
        "east":  { "uv": [ 6.5, 15, 8.5, 15.5 ], "texture": "#texture" }
    }
},
{
    "from": [ 5, 1.5, 9 ],
    "to": [ 11.5, 2, 11 ],
    "faces": {
        "down":  { "uv": [ 10.5, 15.5, 6, 15 ], "texture": "#texture" },
        "up":    { "uv": [ 6, 15, 10, 15.5 ], "texture": "#texture" },
        "north": { "uv": [ 6, 15, 10.5, 15.5 ], "texture": "#texture" },
        "south": { "uv": [ 5, 14, 11.5, 14.5 ], "texture": "#texture" },
        "west":  { "uv": [ 8, 15, 10, 15.5 ], "texture": "#texture" },
        "east":  { "uv": [ 8, 15, 10, 15.5 ], "texture": "#texture" }
    }
},
{
    "from": [ 5.5, 1, 9 ],
    "to": [ 11, 1.5, 11 ],
    "faces": {
        "down":  { "uv": [ 9.5, 15.5, 6.5, 15 ], "texture": "#texture" },
        "up":    { "uv": [ 6.5, 15, 9.5, 15.5 ], "texture": "#texture" },
        "north": { "uv": [ 6, 15, 10.5, 15.5 ], "texture": "#texture" },
        "south": { "uv": [ 5.5, 14.5, 11, 15 ], "texture": "#texture" },
        "west":  { "uv": [ 8.5, 15, 10.5, 15.5 ], "texture": "#texture" },
        "east":  { "uv": [ 6.5, 15, 8.5, 15.5 ], "texture": "#texture" }
    }
},
{
    "from": [ 2.5, 4.5, 9 ],
    "to": [ 3, 13, 11 ],
    "faces": {
        "down":  { "uv": [ 14.5, 10.5, 14, 8.5 ], "texture": "#texture" },
        "up":    { "uv": [ 2, 8, 2.5, 10 ], "texture": "#texture" },
        "north": { "uv": [ 14, 4, 14.5, 10.5 ], "texture": "#texture" },
        "south": { "uv": [ 2.5, 3, 3, 11.5 ], "texture": "#texture" },
        "west":  { "uv": [ 2, 4, 2.5, 10.5 ], "texture": "#texture" },
        "east":  { "uv": [ 2, 4, 2.5, 10.5 ], "texture": "#texture" }
    }
},
{
    "from": [ 14, 5.5, 9 ],
    "to": [ 14.5, 12.5, 11 ],
    "faces": {
        "down":  { "uv": [ 14.5, 10, 14, 8 ], "texture": "#texture" },
        "up":    { "uv": [ 2, 8.5, 2.5, 10.5 ], "texture": "#texture" },
        "north": { "uv": [ 14, 4, 14.5, 10.5 ], "texture": "#texture" },
        "south": { "uv": [ 2, 4, 2.5, 10.5 ], "texture": "#texture" },
        "west":  { "uv": [ 2, 4, 2.5, 10.5 ], "texture": "#texture" },
        "east":  { "uv": [ 2, 4, 2.5, 10 ], "texture": "#texture" }
    }
},
{
    "from": [ 13.5, 4, 9 ],
    "to": [ 14, 13, 11 ],
    "faces": {
        "down":  { "uv": [ 2.5, 10, 2, 8 ], "texture": "#texture" },
        "up":    { "uv": [ 14, 8.5, 14.5, 10.5 ], "texture": "#texture" },
        "north": { "uv": [ 2, 4, 2.5, 10.5 ], "texture": "#texture" },
        "south": { "uv": [ 13.5, 3, 14, 11.5 ], "texture": "#texture" },
        "west":  { "uv": [ 2, 4, 2.5, 10.5 ], "texture": "#texture" },
        "east":  { "uv": [ 2, 4, 2.5, 10.5 ], "texture": "#texture" }
    }
},
{
    "from": [ 2, 5.5, 9 ],
    "to": [ 2.5, 12, 11 ],
    "faces": {
        "down":  { "uv": [ 14.5, 10, 14, 8 ], "texture": "#texture" },
        "up":    { "uv": [ 2, 8.5, 2.5, 10.5 ], "texture": "#texture" },
        "north": { "uv": [ 14, 4, 14.5, 10.5 ], "texture": "#texture" },
        "south": { "uv": [ 2, 4, 2.5, 10.5 ], "texture": "#texture" },
        "west":  { "uv": [ 2, 4, 2.5, 10.5 ], "texture": "#texture" },
        "east":  { "uv": [ 2, 4, 2.5, 10 ], "texture": "#texture" }
    }
},
{
    "from": [ 6, 0.5, 9 ],
    "to": [ 10.5, 1, 11 ],
    "faces": {
        "down":  { "uv": [ 14.5, 8, 14, 5 ], "texture": "#texture" },
        "up":    { "uv": [ 6, 15, 10.5, 15.5 ], "texture": "#texture" },
        "north": { "uv": [ 6, 1, 9, 1.5 ], "texture": "#texture" },
        "south": { "uv": [ 6, 1, 9, 1.5 ], "texture": "#texture" },
        "west":  { "uv": [ 6.5, 1, 8.5, 1.5 ], "texture": "#texture" },
        "east":  { "uv": [ 6.5, 1, 8.5, 1.5 ], "texture": "#texture" }
    }
},
{
    "from": [ 3, 4.5, 11 ],
    "to": [ 13.5, 13, 11.5 ],
    "faces": {
        "down":  { "uv": [ 13.5, 4, 3, 3.5 ], "texture": "#texture" },
        "up":    { "uv": [ 3, 3.5, 13.5, 4 ], "texture": "#texture" },
        "north": { "uv": [ 2.5, 3, 13, 11.5 ], "texture": "#texture" },
        "south": { "uv": [ 3, 3, 13.5, 11.5 ], "texture": "#texture" },
        "west":  { "uv": [ 13, 3.5, 13.5, 12 ], "texture": "#texture" },
        "east":  { "uv": [ 3, 3.5, 3.5, 12 ], "texture": "#texture" }
    }
},
{
    "from": [ 3.5, 13, 11 ],
    "to": [ 13, 13.5, 11.5 ],
    "faces": {
        "down":  { "uv": [ 12.5, 11.5, 3, 11 ], "texture": "#texture" },
        "up":    { "uv": [ 3.5, 2.5, 13, 3 ], "texture": "#texture" },
        "north": { "uv": [ 3, 2.5, 12.5, 3 ], "texture": "#texture" },
        "south": { "uv": [ 3.5, 2.5, 13, 3 ], "texture": "#texture" },
        "west":  { "uv": [ 11, 2.5, 11.5, 3 ], "texture": "#texture" },
        "east":  { "uv": [ 4.5, 2.5, 5, 3 ], "texture": "#texture" }
    }
},
{
    "from": [ 4, 13.5, 11 ],
    "to": [ 12.5, 14, 11.5 ],
    "faces": {
        "down":  { "uv": [ 12, 11.5, 3.5, 11 ], "texture": "#texture" },
        "up":    { "uv": [ 4, 2, 12.5, 2.5 ], "texture": "#texture" },
        "north": { "uv": [ 3.5, 2, 12, 2.5 ], "texture": "#texture" },
        "south": { "uv": [ 4, 2, 12.5, 2.5 ], "texture": "#texture" },
        "west":  { "uv": [ 11, 2, 11.5, 2.5 ], "texture": "#texture" },
        "east":  { "uv": [ 4.5, 2, 5, 2.5 ], "texture": "#texture" }
    }
},
{
    "from": [ 4.5, 14, 11 ],
    "to": [ 12, 14.5, 11.5 ],
    "faces": {
        "down":  { "uv": [ 12, 2, 4.5, 1.5 ], "texture": "#texture" },
        "up":    { "uv": [ 4.5, 1.5, 12, 2 ], "texture": "#texture" },
        "north": { "uv": [ 4.5, 1.5, 12, 2 ], "texture": "#texture" },
        "south": { "uv": [ 4.5, 1.5, 12, 2 ], "texture": "#texture" },
        "west":  { "uv": [ 11, 1.5, 11.5, 2 ], "texture": "#texture" },
        "east":  { "uv": [ 4.5, 1.5, 5, 2 ], "texture": "#texture" }
    }
},
{
    "from": [ 2.5, 5.5, 11 ],
    "to": [ 3, 12, 11.5 ],
    "faces": {
        "down":  { "uv": [ 13.5, 11.5, 13, 11 ], "texture": "#texture" },
        "up":    { "uv": [ 2.5, 11, 3, 11.5 ], "texture": "#texture" },
        "north": { "uv": [ 13.5, 3.5, 14, 10 ], "texture": "#texture" },
        "south": { "uv": [ 2.5, 4, 3, 10.5 ], "texture": "#texture" },
        "west":  { "uv": [ 13.5, 3.5, 14, 5 ], "texture": "#texture" },
        "east":  { "uv": [ 2.5, 4, 3, 5 ], "texture": "#texture" }
    }
},
{
    "from": [ 13.5, 5.5, 11 ],
    "to": [ 14, 12.5, 11.5 ],
    "faces": {
        "down":  { "uv": [ 3, 11.5, 2.5, 11 ], "texture": "#texture" },
        "up":    { "uv": [ 13.5, 11, 14, 11.5 ], "texture": "#texture" },
        "north": { "uv": [ 2, 3.5, 2.5, 10.5 ], "texture": "#texture" },
        "south": { "uv": [ 13.5, 3.5, 14, 10.5 ], "texture": "#texture" },
        "west":  { "uv": [ 13.5, 3.5, 14, 5 ], "texture": "#texture" },
        "east":  { "uv": [ 13.5, 3.5, 14, 5 ], "texture": "#texture" }
    }
},
{
    "from": [ 3.5, 3.5, 11 ],
    "to": [ 13, 4.5, 11.5 ],
    "faces": {
        "down":  { "uv": [ 13, 10, 3.5, 9.5 ], "texture": "#texture" },
        "up":    { "uv": [ 3.5, 9.5, 13, 10 ], "texture": "#texture" },
        "north": { "uv": [ 3, 11.5, 12.5, 12.5 ], "texture": "#texture" },
        "south": { "uv": [ 3.5, 11.5, 13, 12.5 ], "texture": "#texture" },
        "west":  { "uv": [ 10.5, 13, 11, 14 ], "texture": "#texture" },
        "east":  { "uv": [ 4.5, 12, 5, 13 ], "texture": "#texture" }
    }
},
{
    "from": [ 4, 3, 11 ],
    "to": [ 12.5, 3.5, 11.5 ],
    "faces": {
        "down":  { "uv": [ 12, 10, 3.5, 9.5 ], "texture": "#texture" },
        "up":    { "uv": [ 4, 9.5, 12.5, 10 ], "texture": "#texture" },
        "north": { "uv": [ 3.5, 12.5, 12, 13 ], "texture": "#texture" },
        "south": { "uv": [ 4, 12.5, 12.5, 13 ], "texture": "#texture" },
        "west":  { "uv": [ 11, 13.5, 11.5, 14 ], "texture": "#texture" },
        "east":  { "uv": [ 4.5, 13, 5, 13.5 ], "texture": "#texture" }
    }
},
{
    "from": [ 4.5, 2.5, 11 ],
    "to": [ 12, 3, 11.5 ],
    "faces": {
        "down":  { "uv": [ 12, 10, 4.5, 9.5 ], "texture": "#texture" },
        "up":    { "uv": [ 4.5, 11, 12, 11.5 ], "texture": "#texture" },
        "north": { "uv": [ 4, 13, 11.5, 13.5 ], "texture": "#texture" },
        "south": { "uv": [ 4.5, 13, 12, 13.5 ], "texture": "#texture" },
        "west":  { "uv": [ 11, 13.5, 11.5, 14 ], "texture": "#texture" },
        "east":  { "uv": [ 4.5, 13, 5, 13.5 ], "texture": "#texture" }
    }
},
{
    "from": [ 5, 2, 11 ],
    "to": [ 11.5, 2.5, 11.5 ],
    "faces": {
        "down":  { "uv": [ 11.5, 14.5, 5, 14 ], "texture": "#texture" },
        "up":    { "uv": [ 5, 11, 11.5, 11.5 ], "texture": "#texture" },
        "north": { "uv": [ 4.5, 13.5, 11, 14 ], "texture": "#texture" },
        "south": { "uv": [ 5, 13.5, 11.5, 14 ], "texture": "#texture" },
        "west":  { "uv": [ 11, 13.5, 11.5, 14 ], "texture": "#texture" },
        "east":  { "uv": [ 4.5, 13.5, 5, 14 ], "texture": "#texture" }
    }
},
{
    "from": [ 5.5, 1.5, 11 ],
    "to": [ 11, 2, 11.5 ],
    "faces": {
        "down":  { "uv": [ 11, 14.5, 5.5, 14 ], "texture": "#texture" },
        "up":    { "uv": [ 5.5, 11, 11, 11.5 ], "texture": "#texture" },
        "north": { "uv": [ 5, 14, 10.5, 14.5 ], "texture": "#texture" },
        "south": { "uv": [ 5.5, 14, 11, 14.5 ], "texture": "#texture" },
        "west":  { "uv": [ 10.5, 13, 11, 13.5 ], "texture": "#texture" },
        "east":  { "uv": [ 5.5, 13, 6, 13.5 ], "texture": "#texture" }
    }
},
{
    "from": [ 6, 1, 11 ],
    "to": [ 10.5, 1.5, 11.5 ],
    "faces": {
        "down":  { "uv": [ 10.5, 15, 6, 14.5 ], "texture": "#texture" },
        "up":    { "uv": [ 6, 11, 10.5, 11.5 ], "texture": "#texture" },
        "north": { "uv": [ 5.5, 14.5, 10, 15 ], "texture": "#texture" },
        "south": { "uv": [ 6, 14.5, 10.5, 15 ], "texture": "#texture" },
        "west":  { "uv": [ 10, 14.5, 10.5, 15 ], "texture": "#texture" },
        "east":  { "uv": [ 6, 14.5, 6.5, 15 ], "texture": "#texture" }
    }
},
{
    "from": [ 3.5, 5.5, 11.5 ],
    "to": [ 13, 13, 12 ],
    "faces": {
        "down":  { "uv": [ 13, 12, 3.5, 11.5 ], "texture": "#texture" },
        "up":    { "uv": [ 3.5, 2.5, 13.5, 3 ], "texture": "#texture" },
        "north": { "uv": [ 2.5, 3, 12.5, 10.5 ], "texture": "#texture" },
        "south": { "uv": [ 3.5, 3, 13, 10.5 ], "texture": "#texture" },
        "west":  { "uv": [ 11.5, 2.5, 12, 10 ], "texture": "#texture" },
        "east":  { "uv": [ 4, 2.5, 4.5, 10 ], "texture": "#texture" }
    }
},
{
    "from": [ 3, 5.5, 11.5 ],
    "to": [ 3.5, 12, 12 ],
    "faces": {
        "down":  { "uv": [ 13, 12, 12.5, 11.5 ], "texture": "#texture" },
        "up":    { "uv": [ 3, 11, 3.5, 11.5 ], "texture": "#texture" },
        "north": { "uv": [ 12.5, 4, 13, 10.5 ], "texture": "#texture" },
        "south": { "uv": [ 3, 4, 3.5, 10.5 ], "texture": "#texture" },
        "west":  { "uv": [ 13, 4, 13.5, 10.5 ], "texture": "#texture" },
        "east":  { "uv": [ 3, 4, 3.5, 10.5 ], "texture": "#texture" }
    }
},
{
    "from": [ 4, 13, 11.5 ],
    "to": [ 12.5, 13.5, 12 ],
    "faces": {
        "down":  { "uv": [ 12, 12, 3.5, 11.5 ], "texture": "#texture" },
        "up":    { "uv": [ 4.5, 2.5, 13, 3 ], "texture": "#texture" },
        "north": { "uv": [ 3.5, 2.5, 12, 3 ], "texture": "#texture" },
        "south": { "uv": [ 4, 2.5, 12.5, 3 ], "texture": "#texture" },
        "west":  { "uv": [ 11.5, 2.5, 12, 3 ], "texture": "#texture" },
        "east":  { "uv": [ 4, 2.5, 4.5, 3 ], "texture": "#texture" }
    }
},
{
    "from": [ 4.5, 13.5, 11.5 ],
    "to": [ 12, 14, 12 ],
    "faces": {
        "down":  { "uv": [ 11.5, 12, 4, 11.5 ], "texture": "#texture" },
        "up":    { "uv": [ 4.5, 2, 12, 2.5 ], "texture": "#texture" },
        "north": { "uv": [ 4, 2, 11.5, 2.5 ], "texture": "#texture" },
        "south": { "uv": [ 4.5, 2, 12, 2.5 ], "texture": "#texture" },
        "west":  { "uv": [ 11.5, 2, 12, 2.5 ], "texture": "#texture" },
        "east":  { "uv": [ 4, 2, 4.5, 2.5 ], "texture": "#texture" }
    }
},
{
    "from": [ 3.5, 4.5, 11.5 ],
    "to": [ 13, 5.5, 12 ],
    "faces": {
        "down":  { "uv": [ 13, 12, 3.5, 11.5 ], "texture": "#texture" },
        "up":    { "uv": [ 3.5, 11.5, 13, 12 ], "texture": "#texture" },
        "north": { "uv": [ 3, 10.5, 12.5, 11.5 ], "texture": "#texture" },
        "south": { "uv": [ 3.5, 10.5, 13, 11.5 ], "texture": "#texture" },
        "west":  { "uv": [ 12.5, 10.5, 13, 11.5 ], "texture": "#texture" },
        "east":  { "uv": [ 3.5, 10.5, 4, 11.5 ], "texture": "#texture" }
    }
},
{
    "from": [ 4, 3.5, 11.5 ],
    "to": [ 12.5, 4.5, 12 ],
    "faces": {
        "down":  { "uv": [ 12.5, 12.5, 4, 12 ], "texture": "#texture" },
        "up":    { "uv": [ 4, 11.5, 12.5, 12 ], "texture": "#texture" },
        "north": { "uv": [ 3.5, 11.5, 12, 12.5 ], "texture": "#texture" },
        "south": { "uv": [ 4, 11.5, 12.5, 12.5 ], "texture": "#texture" },
        "west":  { "uv": [ 11.5, 12, 12, 13 ], "texture": "#texture" },
        "east":  { "uv": [ 4.5, 12, 5, 13 ], "texture": "#texture" }
    }
},
{
    "from": [ 4.5, 3, 11.5 ],
    "to": [ 12, 3.5, 12 ],
    "faces": {
        "down":  { "uv": [ 12, 13, 4.5, 12.5 ], "texture": "#texture" },
        "up":    { "uv": [ 4.5, 11.5, 12, 12 ], "texture": "#texture" },
        "north": { "uv": [ 4, 12.5, 11.5, 13 ], "texture": "#texture" },
        "south": { "uv": [ 4.5, 12.5, 12, 13 ], "texture": "#texture" },
        "west":  { "uv": [ 11.5, 12.5, 12, 13 ], "texture": "#texture" },
        "east":  { "uv": [ 4.5, 12.5, 5, 13 ], "texture": "#texture" }
    }
},
{
    "from": [ 5, 2.5, 11.5 ],
    "to": [ 11.5, 3, 12 ],
    "faces": {
        "down":  { "uv": [ 11, 12, 4.5, 11.5 ], "texture": "#texture" },
        "up":    { "uv": [ 5, 11.5, 11.5, 12 ], "texture": "#texture" },
        "north": { "uv": [ 4.5, 13, 11, 13.5 ], "texture": "#texture" },
        "south": { "uv": [ 5, 13, 11.5, 13.5 ], "texture": "#texture" },
        "west":  { "uv": [ 11, 13, 11.5, 13.5 ], "texture": "#texture" },
        "east":  { "uv": [ 5, 13, 5.5, 13.5 ], "texture": "#texture" }
    }
},
{
    "from": [ 5.5, 2, 11.5 ],
    "to": [ 11, 2.5, 12 ],
    "faces": {
        "down":  { "uv": [ 11, 14, 5.5, 13.5 ], "texture": "#texture" },
        "up":    { "uv": [ 5.5, 11.5, 11, 12 ], "texture": "#texture" },
        "north": { "uv": [ 5, 13.5, 10.5, 14 ], "texture": "#texture" },
        "south": { "uv": [ 5.5, 13.5, 11, 14 ], "texture": "#texture" },
        "west":  { "uv": [ 11, 13.5, 11.5, 14 ], "texture": "#texture" },
        "east":  { "uv": [ 5, 13.5, 5.5, 14 ], "texture": "#texture" }
    }
},
{
    "from": [ 6, 1.5, 11.5 ],
    "to": [ 10.5, 2, 12 ],
    "faces": {
        "down":  { "uv": [ 10.5, 15, 6, 14.5 ], "texture": "#texture" },
        "up":    { "uv": [ 6, 11.5, 10.5, 12 ], "texture": "#texture" },
        "north": { "uv": [ 6, 14, 10.5, 14.5 ], "texture": "#texture" },
        "south": { "uv": [ 6, 14, 10.5, 14.5 ], "texture": "#texture" },
        "west":  { "uv": [ 10.5, 14, 11, 14.5 ], "texture": "#texture" },
        "east":  { "uv": [ 5.5, 14, 6, 14.5 ], "texture": "#texture" }
    }
},
{
    "from": [ 13, 5.5, 11.5 ],
    "to": [ 13.5, 12.5, 12 ],
    "faces": {
        "down":  { "uv": [ 13, 12, 12.5, 11.5 ], "texture": "#texture" },
        "up":    { "uv": [ 12.5, 9, 13, 9.5 ], "texture": "#texture" },
        "north": { "uv": [ 2.5, 3.5, 3, 10.5 ], "texture": "#texture" },
        "south": { "uv": [ 13, 3.5, 13.5, 10.5 ], "texture": "#texture" },
        "west":  { "uv": [ 13, 3.5, 13.5, 10.5 ], "texture": "#texture" },
        "east":  { "uv": [ 3, 4, 3.5, 10.5 ], "texture": "#texture" }
    }
},
{
    "from": [ 4, 4.5, 12 ],
    "to": [ 12.5, 13, 12.5 ],
    "faces": {
        "down":  { "uv": [ 12.5, 12, 4, 11.5 ], "texture": "#texture" },
        "up":    { "uv": [ 4.5, 3, 13, 3.5 ], "texture": "#texture" },
        "north": { "uv": [ 3.5, 3, 12, 11.5 ], "texture": "#texture" },
        "south": { "uv": [ 4, 3, 12.5, 11.5 ], "texture": "#texture" },
        "west":  { "uv": [ 13, 3.5, 13.5, 12 ], "texture": "#texture" },
        "east":  { "uv": [ 3, 3.5, 3.5, 12 ], "texture": "#texture" }
    }
},
{
    "from": [ 3.5, 5.5, 12 ],
    "to": [ 4, 12, 12.5 ],
    "faces": {
        "down":  { "uv": [ 12, 12.5, 11.5, 12 ], "texture": "#texture" },
        "up":    { "uv": [ 4.5, 12, 5, 12.5 ], "texture": "#texture" },
        "north": { "uv": [ 12.5, 4, 13, 10.5 ], "texture": "#texture" },
        "south": { "uv": [ 3, 4, 3.5, 10.5 ], "texture": "#texture" },
        "west":  { "uv": [ 13, 4.5, 13.5, 11 ], "texture": "#texture" },
        "east":  { "uv": [ 3, 4.5, 3.5, 11 ], "texture": "#texture" }
    }
},
{
    "from": [ 4.5, 13, 12 ],
    "to": [ 12, 13.5, 12.5 ],
    "faces": {
        "down":  { "uv": [ 11.5, 12.5, 4, 12 ], "texture": "#texture" },
        "up":    { "uv": [ 4.5, 2.5, 12, 3 ], "texture": "#texture" },
        "north": { "uv": [ 4, 2.5, 11.5, 3 ], "texture": "#texture" },
        "south": { "uv": [ 4.5, 2.5, 12, 3 ], "texture": "#texture" },
        "west":  { "uv": [ 12, 2.5, 12.5, 3 ], "texture": "#texture" },
        "east":  { "uv": [ 3.5, 2.5, 4, 3 ], "texture": "#texture" }
    }
},
{
    "from": [ 12.5, 5.5, 12 ],
    "to": [ 13, 12.5, 12.5 ],
    "faces": {
        "down":  { "uv": [ 5, 12.5, 4.5, 12 ], "texture": "#texture" },
        "up":    { "uv": [ 12.5, 12, 13, 12.5 ], "texture": "#texture" },
        "north": { "uv": [ 3, 3.5, 3.5, 10.5 ], "texture": "#texture" },
        "south": { "uv": [ 13, 3.5, 13.5, 10.5 ], "texture": "#texture" },
        "west":  { "uv": [ 13, 3.5, 13.5, 10.5 ], "texture": "#texture" },
        "east":  { "uv": [ 3, 3.5, 3.5, 10.5 ], "texture": "#texture" }
    }
},
{
    "from": [ 4.5, 3.5, 12 ],
    "to": [ 12, 4.5, 12.5 ],
    "faces": {
        "down":  { "uv": [ 12, 12.5, 4.5, 12 ], "texture": "#texture" },
        "up":    { "uv": [ 4.5, 12, 12, 12.5 ], "texture": "#texture" },
        "north": { "uv": [ 4, 11.5, 11.5, 12.5 ], "texture": "#texture" },
        "south": { "uv": [ 4.5, 11.5, 12, 12.5 ], "texture": "#texture" },
        "west":  { "uv": [ 12, 11.5, 12.5, 12.5 ], "texture": "#texture" },
        "east":  { "uv": [ 4, 11.5, 4.5, 12.5 ], "texture": "#texture" }
    }
},
{
    "from": [ 5, 3, 12 ],
    "to": [ 11.5, 3.5, 12.5 ],
    "faces": {
        "down":  { "uv": [ 11.5, 12, 5, 11.5 ], "texture": "#texture" },
        "up":    { "uv": [ 5, 12, 11.5, 12.5 ], "texture": "#texture" },
        "north": { "uv": [ 4.5, 12.5, 11, 13 ], "texture": "#texture" },
        "south": { "uv": [ 5, 12.5, 11.5, 13 ], "texture": "#texture" },
        "west":  { "uv": [ 11.5, 12.5, 12, 13 ], "texture": "#texture" },
        "east":  { "uv": [ 4.5, 12.5, 5, 13 ], "texture": "#texture" }
    }
},
{
    "from": [ 5.5, 2.5, 12 ],
    "to": [ 11, 3, 12.5 ],
    "faces": {
        "down":  { "uv": [ 11, 14, 5.5, 13.5 ], "texture": "#texture" },
        "up":    { "uv": [ 5.5, 12, 11, 12.5 ], "texture": "#texture" },
        "north": { "uv": [ 5, 13, 10.5, 13.5 ], "texture": "#texture" },
        "south": { "uv": [ 5.5, 13, 11, 13.5 ], "texture": "#texture" },
        "west":  { "uv": [ 11.5, 13, 12, 13.5 ], "texture": "#texture" },
        "east":  { "uv": [ 4.5, 13, 5, 13.5 ], "texture": "#texture" }
    }
},
{
    "from": [ 6, 2, 12 ],
    "to": [ 10.5, 2.5, 12.5 ],
    "faces": {
        "down":  { "uv": [ 10.5, 14, 6, 13.5 ], "texture": "#texture" },
        "up":    { "uv": [ 6, 12, 10.5, 12.5 ], "texture": "#texture" },
        "north": { "uv": [ 5.5, 13.5, 10, 14 ], "texture": "#texture" },
        "south": { "uv": [ 6, 13.5, 10.5, 14 ], "texture": "#texture" },
        "west":  { "uv": [ 11, 13.5, 11.5, 14 ], "texture": "#texture" },
        "east":  { "uv": [ 5, 13.5, 5.5, 14 ], "texture": "#texture" }
    }
},
{
    "from": [ 4.5, 5.5, 12.5 ],
    "to": [ 12, 13, 13 ],
    "faces": {
        "down":  { "uv": [ 11.5, 13, 4, 12.5 ], "texture": "#texture" },
        "up":    { "uv": [ 4.5, 3, 12, 3.5 ], "texture": "#texture" },
        "north": { "uv": [ 4, 3, 11.5, 10.5 ], "texture": "#texture" },
        "south": { "uv": [ 4.5, 3, 12, 10.5 ], "texture": "#texture" },
        "west":  { "uv": [ 12.5, 3, 13, 10.5 ], "texture": "#texture" },
        "east":  { "uv": [ 3, 3, 3.5, 10.5 ], "texture": "#texture" }
    }
},
{
    "from": [ 4, 5.5, 12.5 ],
    "to": [ 4.5, 12, 13 ],
    "faces": {
        "down":  { "uv": [ 11.5, 13, 11, 12.5 ], "texture": "#texture" },
        "up":    { "uv": [ 4, 12.5, 4.5, 13 ], "texture": "#texture" },
        "north": { "uv": [ 11.5, 4, 12, 10.5 ], "texture": "#texture" },
        "south": { "uv": [ 4, 4, 4.5, 10.5 ], "texture": "#texture" },
        "west":  { "uv": [ 12.5, 4, 13, 10.5 ], "texture": "#texture" },
        "east":  { "uv": [ 3, 4, 3.5, 10.5 ], "texture": "#texture" }
    }
},
{
    "from": [ 4.5, 4.5, 12.5 ],
    "to": [ 12, 5.5, 13 ],
    "faces": {
        "down":  { "uv": [ 11.5, 12, 4, 11.5 ], "texture": "#texture" },
        "up":    { "uv": [ 4.5, 12.5, 12, 13 ], "texture": "#texture" },
        "north": { "uv": [ 4, 10.5, 11.5, 11.5 ], "texture": "#texture" },
        "south": { "uv": [ 5, 10.5, 11.5, 11.5 ], "texture": "#texture" },
        "west":  { "uv": [ 12, 10.5, 12.5, 11.5 ], "texture": "#texture" },
        "east":  { "uv": [ 4, 10.5, 4.5, 11.5 ], "texture": "#texture" }
    }
},
{
    "from": [ 5, 3.5, 12.5 ],
    "to": [ 11.5, 4.5, 13 ],
    "faces": {
        "down":  { "uv": [ 11.5, 13, 5, 12.5 ], "texture": "#texture" },
        "up":    { "uv": [ 5, 12.5, 11.5, 13 ], "texture": "#texture" },
        "north": { "uv": [ 4.5, 11.5, 11, 12.5 ], "texture": "#texture" },
        "south": { "uv": [ 5, 11.5, 11.5, 12.5 ], "texture": "#texture" },
        "west":  { "uv": [ 12, 11.5, 12.5, 12.5 ], "texture": "#texture" },
        "east":  { "uv": [ 4, 11.5, 4.5, 12.5 ], "texture": "#texture" }
    }
},
{
    "from": [ 5.5, 3, 12.5 ],
    "to": [ 11, 3.5, 13 ],
    "faces": {
        "down":  { "uv": [ 11, 13, 5.5, 12.5 ], "texture": "#texture" },
        "up":    { "uv": [ 5.5, 12.5, 11, 13 ], "texture": "#texture" },
        "north": { "uv": [ 5, 12.5, 10.5, 13 ], "texture": "#texture" },
        "south": { "uv": [ 5.5, 12.5, 11, 13 ], "texture": "#texture" },
        "west":  { "uv": [ 12, 12, 12.5, 12.5 ], "texture": "#texture" },
        "east":  { "uv": [ 4, 12, 4.5, 12.5 ], "texture": "#texture" }
    }
},
{
    "from": [ 6, 2.5, 12.5 ],
    "to": [ 10.5, 3, 13 ],
    "faces": {
        "down":  { "uv": [ 10.5, 13.5, 6, 13 ], "texture": "#texture" },
        "up":    { "uv": [ 6, 12.5, 10.5, 13 ], "texture": "#texture" },
        "north": { "uv": [ 5.5, 13, 10, 13.5 ], "texture": "#texture" },
        "south": { "uv": [ 6, 13, 10.5, 13.5 ], "texture": "#texture" },
        "west":  { "uv": [ 11, 13, 11.5, 13.5 ], "texture": "#texture" },
        "east":  { "uv": [ 5, 13, 5.5, 13.5 ], "texture": "#texture" }
    }
},
{
    "from": [ 12, 5.5, 12.5 ],
    "to": [ 12.5, 12.5, 13 ],
    "faces": {
        "down":  { "uv": [ 4.5, 12.5, 4, 12 ], "texture": "#texture" },
        "up":    { "uv": [ 12, 12.5, 12.5, 13 ], "texture": "#texture" },
        "north": { "uv": [ 3.5, 3.5, 4, 10.5 ], "texture": "#texture" },
        "south": { "uv": [ 12, 3.5, 12.5, 10.5 ], "texture": "#texture" },
        "west":  { "uv": [ 12.5, 3.5, 13, 10.5 ], "texture": "#texture" },
        "east":  { "uv": [ 3, 3.5, 3.5, 10.5 ], "texture": "#texture" }
    }
},
{
    "from": [ 12.5, 6, 12.5 ],
    "to": [ 13, 12, 13 ],
    "faces": {
        "down":  { "uv": [ 5, 13, 4.5, 12.5 ], "texture": "#texture" },
        "up":    { "uv": [ 12, 12.5, 12.5, 13 ], "texture": "#texture" },
        "north": { "uv": [ 3, 4, 3.5, 10 ], "texture": "#texture" },
        "south": { "uv": [ 13, 3.5, 13.5, 9.5 ], "texture": "#texture" },
        "west":  { "uv": [ 13, 4, 13.5, 10 ], "texture": "#texture" },
        "east":  { "uv": [ 3, 4, 3.5, 10 ], "texture": "#texture" }
    }
},
{
    "from": [ 5, 6, 13 ],
    "to": [ 12, 12.5, 13.5 ],
    "faces": {
        "down":  { "uv": [ 11, 13.5, 4, 13 ], "texture": "#texture" },
        "up":    { "uv": [ 5, 3.5, 12, 4 ], "texture": "#texture" },
        "north": { "uv": [ 4, 3.5, 11, 10 ], "texture": "#texture" },
        "south": { "uv": [ 5, 3.5, 12, 10 ], "texture": "#texture" },
        "west":  { "uv": [ 13, 3.5, 13.5, 10 ], "texture": "#texture" },
        "east":  { "uv": [ 2.5, 3.5, 3, 10 ], "texture": "#texture" }
    }
},
{
    "from": [ 4.5, 6, 13 ],
    "to": [ 5, 12, 13.5 ],
    "faces": {
        "down":  { "uv": [ 11.5, 13.5, 11, 13 ], "texture": "#texture" },
        "up":    { "uv": [ 4.5, 13, 5, 13.5 ], "texture": "#texture" },
        "north": { "uv": [ 11, 4, 11.5, 10 ], "texture": "#texture" },
        "south": { "uv": [ 4.5, 4, 5, 10 ], "texture": "#texture" },
        "west":  { "uv": [ 11.5, 4, 12, 10 ], "texture": "#texture" },
        "east":  { "uv": [ 4.5, 3.5, 5, 9.5 ], "texture": "#texture" }
    }
},
{
    "from": [ 12, 6, 13 ],
    "to": [ 12.5, 12, 13.5 ],
    "faces": {
        "down":  { "uv": [ 4, 13, 3.5, 12.5 ], "texture": "#texture" },
        "up":    { "uv": [ 12, 13, 12.5, 13.5 ], "texture": "#texture" },
        "north": { "uv": [ 3.5, 4, 4, 10 ], "texture": "#texture" },
        "south": { "uv": [ 12, 4, 12.5, 10 ], "texture": "#texture" },
        "west":  { "uv": [ 12.5, 4, 13, 10 ], "texture": "#texture" },
        "east":  { "uv": [ 3.5, 4, 4, 10 ], "texture": "#texture" }
    }
},
{
    "from": [ 4.5, 5.5, 13 ],
    "to": [ 12, 6, 13.5 ],
    "faces": {
        "down":  { "uv": [ 12, 13, 4.5, 12.5 ], "texture": "#texture" },
        "up":    { "uv": [ 4.5, 13, 12, 13.5 ], "texture": "#texture" },
        "north": { "uv": [ 4, 10, 11.5, 10.5 ], "texture": "#texture" },
        "south": { "uv": [ 4.5, 10, 12, 10.5 ], "texture": "#texture" },
        "west":  { "uv": [ 13, 10, 13.5, 10.5 ], "texture": "#texture" },
        "east":  { "uv": [ 3, 10, 3.5, 10.5 ], "texture": "#texture" }
    }
},
{
    "from": [ 5, 4.5, 13 ],
    "to": [ 11.5, 5.5, 13.5 ],
    "faces": {
        "down":  { "uv": [ 11.5, 13.5, 5, 13 ], "texture": "#texture" },
        "up":    { "uv": [ 5, 13, 11.5, 13.5 ], "texture": "#texture" },
        "north": { "uv": [ 4.5, 10.5, 11, 11.5 ], "texture": "#texture" },
        "south": { "uv": [ 5, 10.5, 11.5, 11.5 ], "texture": "#texture" },
        "west":  { "uv": [ 12.5, 10.5, 13, 11.5 ], "texture": "#texture" },
        "east":  { "uv": [ 3.5, 10.5, 4, 11.5 ], "texture": "#texture" }
    }
},
{
    "from": [ 5.5, 3.5, 13 ],
    "to": [ 11, 4.5, 13.5 ],
    "faces": {
        "down":  { "uv": [ 11, 13, 5.5, 12.5 ], "texture": "#texture" },
        "up":    { "uv": [ 5.5, 13, 11, 13.5 ], "texture": "#texture" },
        "north": { "uv": [ 5.5, 11.5, 11, 12.5 ], "texture": "#texture" },
        "south": { "uv": [ 5.5, 11.5, 11, 12.5 ], "texture": "#texture" },
        "west":  { "uv": [ 12, 10.5, 12.5, 11.5 ], "texture": "#texture" },
        "east":  { "uv": [ 4, 10.5, 4.5, 11.5 ], "texture": "#texture" }
    }
},
{
    "from": [ 6, 3, 13 ],
    "to": [ 10.5, 3.5, 13.5 ],
    "faces": {
        "down":  { "uv": [ 10.5, 13.5, 6, 13 ], "texture": "#texture" },
        "up":    { "uv": [ 6, 13, 10.5, 13.5 ], "texture": "#texture" },
        "north": { "uv": [ 5.5, 12.5, 10, 13 ], "texture": "#texture" },
        "south": { "uv": [ 6, 13, 10.5, 13.5 ], "texture": "#texture" },
        "west":  { "uv": [ 12, 12, 12.5, 12.5 ], "texture": "#texture" },
        "east":  { "uv": [ 4, 12, 4.5, 12.5 ], "texture": "#texture" }
    }
},
{
    "from": [ 3, 9.5, -1.5 ],
    "to": [ 3.5, 11, 9 ],
    "faces": {
        "down":  { "uv": [ 8.5, 11, 8, 8.5 ], "texture": "#texture" },
        "up":    { "uv": [ 8, 8.5, 8.5, 11 ], "texture": "#texture" },
        "north": { "uv": [ 7.5, 9, 8, 10.5 ], "texture": "#texture" },
        "south": { "uv": [ 8, 8.5, 8.5, 10 ], "texture": "#texture" },
        "west":  { "uv": [ 7, 8.5, 9.5, 10.5 ], "texture": "#texture" },
        "east":  { "uv": [ 7.5, 8.5, 8.5, 10 ], "texture": "#texture" }
    }
},
{
    "from": [ 13, 9.5, -1.5 ],
    "to": [ 13.5, 11, 9 ],
    "faces": {
        "down":  { "uv": [ 8.5, 11, 8, 8.5 ], "texture": "#texture" },
        "up":    { "uv": [ 8, 8.5, 8.5, 11 ], "texture": "#texture" },
        "north": { "uv": [ 7.5, 8, 8, 9.5 ], "texture": "#texture" },
        "south": { "uv": [ 8, 8.5, 8.5, 10 ], "texture": "#texture" },
        "west":  { "uv": [ 7, 8.5, 9.5, 10.5 ], "texture": "#texture" },
        "east":  { "uv": [ 8, 8.5, 9, 10 ], "texture": "#texture" }
    }
},
{
    "from": [ 3.5, 9.5, -2 ],
    "to": [ 13, 11, -1 ],
    "faces": {
        "down":  { "uv": [ 8.5, 11, 8, 8.5 ], "texture": "#texture" },
        "up":    { "uv": [ 8, 8.5, 8.5, 11 ], "texture": "#texture" },
        "north": { "uv": [ 7.5, 9, 8, 10.5 ], "texture": "#texture" },
        "south": { "uv": [ 8, 7.5, 8.5, 9 ], "texture": "#texture" },
        "west":  { "uv": [ 7, 8.5, 9.5, 10.5 ], "texture": "#texture" },
        "east":  { "uv": [ 7.5, 8.5, 8.5, 10 ], "texture": "#texture" }
    }
},
{
    "from": [ 3, 4.5, -1.5 ],
    "to": [ 3.5, 6, 9 ],
    "faces": {
        "down":  { "uv": [ 8.5, 11, 8, 8.5 ], "texture": "#texture" },
        "up":    { "uv": [ 8, 8.5, 8.5, 11 ], "texture": "#texture" },
        "north": { "uv": [ 7.5, 9, 8, 10.5 ], "texture": "#texture" },
        "south": { "uv": [ 8, 8.5, 8.5, 10 ], "texture": "#texture" },
        "west":  { "uv": [ 7, 8.5, 9.5, 10.5 ], "texture": "#texture" },
        "east":  { "uv": [ 7.5, 8.5, 8.5, 10 ], "texture": "#texture" }
    }
},
{
    "from": [ 3, 4.5, -1.5 ],
    "to": [ 3.5, 6, 9 ],
    "faces": {
        "down":  { "uv": [ 8.5, 11, 8, 8.5 ], "texture": "#texture" },
        "up":    { "uv": [ 8, 8.5, 8.5, 11 ], "texture": "#texture" },
        "north": { "uv": [ 7.5, 9, 8, 10.5 ], "texture": "#texture" },
        "south": { "uv": [ 8, 8.5, 8.5, 10 ], "texture": "#texture" },
        "west":  { "uv": [ 7, 8.5, 9.5, 10.5 ], "texture": "#texture" },
        "east":  { "uv": [ 7.5, 8.5, 8.5, 10 ], "texture": "#texture" }
    }
},
{
    "from": [ 3.5, 4.5, -2 ],
    "to": [ 13, 6, -1 ],
    "faces": {
        "down":  { "uv": [ 8.5, 11, 8, 8.5 ], "texture": "#texture" },
        "up":    { "uv": [ 8, 8.5, 8.5, 11 ], "texture": "#texture" },
        "north": { "uv": [ 7.5, 9, 8, 10.5 ], "texture": "#texture" },
        "south": { "uv": [ 8, 7.5, 8.5, 9 ], "texture": "#texture" },
        "west":  { "uv": [ 7, 8.5, 9.5, 10.5 ], "texture": "#texture" },
        "east":  { "uv": [ 7.5, 8.5, 8.5, 10 ], "texture": "#texture" }
    }
},
{
    "from": [ 13, 4.5, -1.5 ],
    "to": [ 13.5, 6, 9 ],
    "faces": {
        "down":  { "uv": [ 8.5, 11, 8, 8.5 ], "texture": "#texture" },
        "up":    { "uv": [ 8, 8.5, 8.5, 11 ], "texture": "#texture" },
        "north": { "uv": [ 7.5, 8, 8, 9.5 ], "texture": "#texture" },
        "south": { "uv": [ 8, 8.5, 8.5, 10 ], "texture": "#texture" },
        "west":  { "uv": [ 7, 8.5, 9.5, 10.5 ], "texture": "#texture" },
        "east":  { "uv": [ 8, 8.5, 9, 10 ], "texture": "#texture" }
    }
}
],
"display": {
    "head": {
        "rotation": [ 0, 180, 0 ],
        "translation": [ 0, 0, -2.4 ],
        "scale": [ 1.45, 1.48, 1.32 ]
    },
    "fixed": {
        "rotation": [ 0, 180, 0 ],
        "translation": [ 0, 0, 0 ],
        "scale": [ 1.51, 1.51, 1.48 ]
    },
    "gui": {
        "rotation": [ -30, 135, 0 ],
        "translation": [ 0, 0, 0 ],
        "scale": [ 1.32, 1.35, 1 ]
    }
}
}