{
	"__comment": "Designed by Colin0904 with Cubik Studio - https://cubik.studio",
	"textures": {
		"particle": "items/toonlink_shield_back",
		"texture": "items/toonlink_shield"
	},
	"elements": [ 	 
		{
			"__comment": "Box1",
			"from": [ 7.5, 3, 14 ],
			"to": [ 8.5, 15.5, 15 ],
			"faces": {
				"down": { "uv": [ 0.5, 1.75, 1.5, 5.25 ], "texture": "#texture" },
				"up": { "uv": [ 0.5, 6.5, 1.5, 7.5 ], "texture": "#texture" },
				"north": { "uv": [ 0.5, 6.5, 1.5, 9.25 ], "texture": "#texture" },
				"south": { "uv": [ 0.5, 6.5, 1.5, 9.25 ], "texture": "#texture" },
				"west": { "uv": [ 0.5, 6.5, 1.5, 9.25 ], "texture": "#texture" },
				"east": { "uv": [ 0.5, 6.5, 1.5, 9.25 ], "texture": "#texture" }
			}
		},
		{
			"__comment": "Box1",
			"from": [ 7.5, 3, 1 ],
			"to": [ 8.5, 15.5, 2 ],
			"faces": {
				"down": { "uv": [ 0.5, 6.5, 1.5, 9.25 ], "texture": "#texture" },
				"up": { "uv": [ 0.5, 6.5, 1.5, 7.5 ], "texture": "#texture" },
				"north": { "uv": [ 0.5, 6.5, 1.5, 9.25 ], "texture": "#texture" },
				"south": { "uv": [ 0.5, 6.5, 1.5, 9.25 ], "texture": "#texture" },
				"west": { "uv": [ 0.5, 6.5, 1.5, 9.25 ], "texture": "#texture" },
				"east": { "uv": [ 0.5, 6.5, 1.5, 9.25 ], "texture": "#texture" }
			}
		},
		{
			"__comment": "Box1",
			"from": [ 7.5, 0.3344, 11.7313 ],
			"to": [ 8.5, 2.5844, 12.7313 ],
			"rotation": { "origin": [ 7.5, 0.0625, 11.4375 ], "axis": "x", "angle": 45 },
			"faces": {
				"down": { "uv": [ 0.75, 10.5, 1.5, 13.75 ], "texture": "#texture" },
				"up": { "uv": [ 0.75, 10.5, 1.5, 13.75 ], "texture": "#texture" },
				"north": { "uv": [ 0.75, 10.5, 1.5, 13.75 ], "texture": "#texture" },
				"south": { "uv": [ 0.75, 10.5, 1.5, 13.75 ], "texture": "#texture" },
				"west": { "uv": [ 0.75, 10.5, 1.5, 13.75 ], "texture": "#texture" },
				"east": { "uv": [ 0.75, 10.5, 1.5, 13.75 ], "texture": "#texture" }
			}
		},
		{
			"__comment": "Box1",
			"from": [ 7.5, -0.5813, 3.348 ],
			"to": [ 8.5, 1.6687, 4.348 ],
			"rotation": { "origin": [ 7.5, -0.5, 3.5 ], "axis": "x", "angle": -45 },
			"faces": {
				"down": { "uv": [ 0.75, 10.5, 1.5, 13.75 ], "texture": "#texture" },
				"up": { "uv": [ 0.75, 10.5, 1.5, 13.75 ], "texture": "#texture" },
				"north": { "uv": [ 0.75, 10.5, 1.5, 13.75 ], "texture": "#texture" },
				"south": { "uv": [ 0.75, 10.5, 1.5, 13.75 ], "texture": "#texture" },
				"west": { "uv": [ 0.75, 10.5, 1.5, 13.75 ], "texture": "#texture" },
				"east": { "uv": [ 0.75, 10.5, 1.5, 13.75 ], "texture": "#texture" }
			}
		},
		{
			"__comment": "Box1",
			"from": [ 7.5, 0.7926, 1.8048 ],
			"to": [ 8.5, 3.0426, 2.8048 ],
			"rotation": { "origin": [ 7.5, 1, 1.5 ], "axis": "x", "angle": -22.5 },
			"faces": {
				"down": { "uv": [ 0.5, 1.75, 1.5, 5.25 ], "texture": "#texture" },
				"up": { "uv": [ 0.5, 1.75, 1.5, 5.25 ], "texture": "#texture" },
				"north": { "uv": [ 0.5, 1.75, 1.5, 5.25 ], "texture": "#texture" },
				"south": { "uv": [ 0.5, 1.75, 1.5, 5.25 ], "texture": "#texture" },
				"west": { "uv": [ 0.5, 1.75, 1.5, 5.25 ], "texture": "#texture" },
				"east": { "uv": [ 0.5, 1.75, 1.5, 5.25 ], "texture": "#texture" }
			}
		},
		{
			"__comment": "Box8",
			"from": [ 7.5, 14.5, 2 ],
			"to": [ 8.5, 15.5, 14 ],
			"faces": {
				"down": { "uv": [ 0.5, 6.5, 1.5, 7.5 ], "texture": "#texture" },
				"up": { "uv": [ 0.5, 6.5, 1.5, 7.5 ], "texture": "#texture" },
				"north": { "uv": [ 0.5, 6.5, 1.5, 7.5 ], "texture": "#texture" },
				"south": { "uv": [ 0.5, 6.5, 1.5, 7.5 ], "texture": "#texture" },
				"west": { "uv": [ 0.5, 6.5, 1.5, 7.5 ], "texture": "#texture" },
				"east": { "uv": [ 0.5, 6.5, 1.5, 7.5 ], "texture": "#texture" }
			}
		},
		{
			"__comment": "Box1",
			"from": [ 7.5, 1.3641, 13.0819 ],
			"to": [ 8.5, 3.6141, 14.0819 ],
			"rotation": { "origin": [ 7.5, 1, 13 ], "axis": "x", "angle": 22.5 },
			"faces": {
				"down": { "uv": [ 0.5, 1.75, 1.5, 5.25 ], "texture": "#texture" },
				"up": { "uv": [ 0.5, 1.75, 1.5, 5.25 ], "texture": "#texture" },
				"north": { "uv": [ 0.5, 1.75, 1.5, 5.25 ], "texture": "#texture" },
				"south": { "uv": [ 0.5, 1.75, 1.5, 5.25 ], "texture": "#texture" },
				"west": { "uv": [ 0.5, 1.75, 1.5, 5.25 ], "texture": "#texture" },
				"east": { "uv": [ 0.5, 1.75, 1.5, 5.25 ], "texture": "#texture" }
			}
		},
		{
			"__comment": "Box8",
			"from": [ 7.5, -0.66, 3.4508 ],
			"to": [ 8.5, 0.34, 12.54455 ],
			"faces": {
				"down": { "uv": [ 0.75, 13.75, 1.5, 12.5 ], "texture": "#texture" },
				"up": { "uv": [ 0.75, 13.75, 1.5, 12.5 ], "texture": "#texture" },
				"north": { "uv": [ 0.75, 13.75, 1.5, 12.5 ], "texture": "#texture" },
				"south": { "uv": [ 0.75, 13.75, 1.5, 12.5 ], "texture": "#texture" },
				"west": { "uv": [ 0.75, 13.75, 1.5, 12.5 ], "texture": "#texture" },
				"east": { "uv": [ 0.75, 13.75, 1.5, 12.5 ], "texture": "#texture" }
			}
		},
		{
			"__comment": "Box9",
			"from": [ 7.625, 0.25, 2 ],
			"to": [ 8.375, 14.5, 14 ],
			"faces": {
				"down": { "uv": [ 14.5, 6.75, 15.25, 9.249999 ], "texture": "#texture" },
				"up": { "uv": [ 14.5, 6.75, 15.25, 9.249999 ], "texture": "#texture" },
				"north": { "uv": [ 14.5, 6.75, 15.25, 9.249999 ], "texture": "#texture" },
				"south": { "uv": [ 14.5, 6.75, 15.25, 9.249999 ], "texture": "#texture" },
				"west": { "uv": [ 2.5, 1, 13.5, 16 ], "texture": "#texture" },
				"east": { "uv": [ 2.5, 1, 13.5, 16 ], "texture": "#particle" }
			}
		},
		{
			"__comment": "Box10",
			"from": [ 7.625, 0.3125, 9.625 ],
			"to": [ 8.375, 0.7275, 10.75 ],
			"faces": {
				"down": { "uv": [ 9.5, 14.5, 10.5, 15.5 ], "texture": "#texture" },
				"up": { "uv": [ 9.5, 14.5, 10.5, 15.5 ], "texture": "#texture" },
				"north": { "uv": [ 9.5, 14.5, 10.5, 15.5 ], "texture": "#texture" },
				"south": { "uv": [ 9.5, 14.5, 10.5, 15.5 ], "texture": "#texture" },
				"west": { "uv": [ 9.5, 14.5, 10.5, 15.5 ], "texture": "#texture" },
				"east": { "uv": [ 9.5, 14.5, 10.5, 15.5 ], "texture": "#particle" }
			}
		},
		{
			"__comment": "Box10",
			"from": [ 7.625, 0.3, 10.725 ],
			"to": [ 8.375, 1.2, 11.8188 ],
			"faces": {
				"down": { "uv": [ 10.5, 14, 11.5, 15 ], "texture": "#texture" },
				"up": { "uv": [ 10.5, 14, 11.5, 15 ], "texture": "#texture" },
				"north": { "uv": [ 10.5, 14, 11.5, 15 ], "texture": "#texture" },
				"south": { "uv": [ 10.5, 14, 11.5, 15 ], "texture": "#texture" },
				"west": { "uv": [ 10.5, 14, 11.5, 15 ], "texture": "#texture" },
				"east": { "uv": [ 10.5, 14, 11.5, 15 ], "texture": "#particle" }
			}
		},
		{
			"__comment": "Box10",
			"from": [ 7.625, 0.31, 11.8125 ],
			"to": [ 8.375, 1.675, 12.5 ],
			"faces": {
				"down": { "uv": [ 12, 13, 12.5, 14.25 ], "texture": "#texture" },
				"up": { "uv": [ 12, 13, 12.5, 14.25 ], "texture": "#texture" },
				"north": { "uv": [ 12, 13, 12.5, 14.25 ], "texture": "#texture" },
				"south": { "uv": [ 12, 13, 12.5, 14.25 ], "texture": "#texture" },
				"west": { "uv": [ 12, 13, 12.5, 14.25 ], "texture": "#texture" },
				"east": { "uv": [ 12, 13, 12.5, 14.25 ], "texture": "#particle" }
			}
		},
		{
			"__comment": "Box10",
			"from": [ 7.625, 0.31, 12.5 ],
			"to": [ 8.375, 1.675, 13.4688 ],
			"faces": {
				"down": { "uv": [ 12, 13, 12.75, 13.75 ], "texture": "#texture" },
				"up": { "uv": [ 12, 13, 12.75, 13.75 ], "texture": "#texture" },
				"north": { "uv": [ 12, 13, 12.75, 13.75 ], "texture": "#texture" },
				"south": { "uv": [ 12, 13, 12.75, 13.75 ], "texture": "#texture" },
				"west": { "uv": [ 12, 13, 12.75, 13.75 ], "texture": "#texture" },
				"east": { "uv": [ 12, 13, 12.75, 13.75 ], "texture": "#particle" }
			}
		},
		{
			"__comment": "Box15",
			"from": [ 7.625, 2.1562, 13.45 ],
			"to": [ 8.375, 2.62495, 13.7625 ],
			"faces": {
				"down": { "uv": [ 13.25, 12.25, 13.5, 12.75 ], "texture": "#texture" },
				"up": { "uv": [ 13.25, 12.25, 13.5, 12.75 ], "texture": "#texture" },
				"north": { "uv": [ 13.25, 12.25, 13.5, 12.75 ], "texture": "#texture" },
				"south": { "uv": [ 13.25, 12.25, 13.5, 12.75 ], "texture": "#texture" },
				"west": { "uv": [ 13.25, 12.25, 13.5, 12.75 ], "texture": "#texture" },
				"east": { "uv": [ 13.25, 12.25, 13.5, 12.75 ], "texture": "#particle" }
			}
		},
		{
			"__comment": "Box15",
			"from": [ 7.625, 1.675, 12.9062 ],
			"to": [ 8.375, 2.175, 13.5937 ],
			"faces": {
				"down": { "uv": [ 13, 13, 13.5, 13.5 ], "texture": "#texture" },
				"up": { "uv": [ 13, 13, 13.5, 13.5 ], "texture": "#texture" },
				"north": { "uv": [ 13, 13, 13.5, 13.5 ], "texture": "#texture" },
				"south": { "uv": [ 13, 13, 13.5, 13.5 ], "texture": "#texture" },
				"west": { "uv": [ 13, 13, 13.5, 13.5 ], "texture": "#texture" },
				"east": { "uv": [ 13, 13, 13.5, 13.5 ], "texture": "#particle" }
			}
		},
		{
			"__comment": "Box15",
			"from": [ 7.625, 1.6875, 2.4062 ],
			"to": [ 8.375, 2.15625, 3.0937 ],
			"faces": {
				"down": { "uv": [ 2.5, 13, 3, 13.5 ], "texture": "#texture" },
				"up": { "uv": [ 2.5, 13, 3, 13.5 ], "texture": "#texture" },
				"north": { "uv": [ 2.5, 13, 3, 13.5 ], "texture": "#texture" },
				"south": { "uv": [ 2.5, 13, 3, 13.5 ], "texture": "#texture" },
				"west": { "uv": [ 2.5, 13, 3, 13.5 ], "texture": "#texture" },
				"east": { "uv": [ 2.5, 13, 3, 13.5 ], "texture": "#particle" }
			}
		},
		{
			"__comment": "Box15",
			"from": [ 7.625, 2.1562, 2.25 ],
			"to": [ 8.375, 2.62495, 2.5625 ],
			"faces": {
				"down": { "uv": [ 2.5, 12.25, 2.75, 12.75 ], "texture": "#texture" },
				"up": { "uv": [ 2.5, 12.25, 2.75, 12.75 ], "texture": "#texture" },
				"north": { "uv": [ 2.5, 12.25, 2.75, 12.75 ], "texture": "#texture" },
				"south": { "uv": [ 2.5, 12.25, 2.75, 12.75 ], "texture": "#texture" },
				"west": { "uv": [ 2.5, 12.25, 2.75, 12.75 ], "texture": "#texture" },
				"east": { "uv": [ 2.5, 12.25, 2.75, 12.75 ], "texture": "#particle" }
			}
		},
		{
			"__comment": "Box10",
			"from": [ 7.625, 0.3125, 5.25 ],
			"to": [ 8.375, 0.75, 6.375 ],
			"faces": {
				"down": { "uv": [ 5.5, 14.5, 6.5, 15.5 ], "texture": "#texture" },
				"up": { "uv": [ 5.5, 14.5, 6.5, 15.5 ], "texture": "#texture" },
				"north": { "uv": [ 5.5, 14.5, 6.5, 15.5 ], "texture": "#texture" },
				"south": { "uv": [ 5.5, 14.5, 6.5, 15.5 ], "texture": "#texture" },
				"west": { "uv": [ 5.5, 14.5, 6.5, 15.5 ], "texture": "#texture" },
				"east": { "uv": [ 5.5, 14.5, 6.5, 15.5 ], "texture": "#particle" }
			}
		},
		{
			"__comment": "Box10",
			"from": [ 7.625, 0.3125, 4.1875 ],
			"to": [ 8.375, 1.21875, 5.28125 ],
			"faces": {
				"down": { "uv": [ 4.5, 14, 5.5, 15 ], "texture": "#texture" },
				"up": { "uv": [ 4.5, 14, 5.5, 15 ], "texture": "#texture" },
				"north": { "uv": [ 4.5, 14, 5.5, 15 ], "texture": "#texture" },
				"south": { "uv": [ 4.5, 14, 5.5, 15 ], "texture": "#texture" },
				"west": { "uv": [ 4.5, 14, 5.5, 15 ], "texture": "#texture" },
				"east": { "uv": [ 4.5, 14, 5.5, 15 ], "texture": "#particle" }
			}
		},
		{
			"__comment": "Box10",
			"from": [ 7.625, 0.3125, 3.5 ],
			"to": [ 8.375, 1.6775, 4.1875 ],
			"faces": {
				"down": { "uv": [ 3.5, 13, 4, 14.25 ], "texture": "#texture" },
				"up": { "uv": [ 3.5, 13, 4, 14.25 ], "texture": "#texture" },
				"north": { "uv": [ 3.5, 13, 4, 14.25 ], "texture": "#texture" },
				"south": { "uv": [ 3.5, 13, 4, 14.25 ], "texture": "#texture" },
				"west": { "uv": [ 3.5, 13, 4, 14.25 ], "texture": "#texture" },
				"east": { "uv": [ 3.5, 13, 4, 14.25 ], "texture": "#particle" }
			}
		},
		{
			"__comment": "Box10",
			"from": [ 7.625, 0.3125, 2.5312 ],
			"to": [ 8.375, 1.6875, 3.49995 ],
			"faces": {
				"down": { "uv": [ 3, 13, 3.5, 13.75 ], "texture": "#texture" },
				"up": { "uv": [ 3, 13, 3.5, 13.75 ], "texture": "#texture" },
				"north": { "uv": [ 3, 13, 3.5, 13.75 ], "texture": "#texture" },
				"south": { "uv": [ 3, 13, 3.5, 13.75 ], "texture": "#texture" },
				"west": { "uv": [ 3, 13, 3.5, 13.75 ], "texture": "#texture" },
				"east": { "uv": [ 3, 13, 3.5, 13.75 ], "texture": "#particle" }
			}
		},
		{
			"__comment": "Box22",
			"from": [ 8.3438, 8.5625, 7.7188 ],
			"to": [ 12.3438, 9.5625, 8.2188 ],
			"faces": {
				"down": { "uv": [ 6.5, 15.5, 9.5, 16 ], "texture": "#texture" },
				"up": { "uv": [ 6.5, 15.5, 9.5, 16 ], "texture": "#texture" },
				"north": { "uv": [ 6.5, 15.5, 9.5, 16 ], "texture": "#texture" },
				"south": { "uv": [ 6.5, 15.5, 9.5, 16 ], "texture": "#texture" },
				"west": { "uv": [ 6.5, 15.5, 9.5, 16 ], "texture": "#texture" },
				"east": { "uv": [ 6.5, 15.5, 9.5, 16 ], "texture": "#texture" }
			}
		},
		{
			"__comment": "Box22",
			"from": [ 11.9375, 4.6562, 7.4687 ],
			"to": [ 12.4375, 9.56245, 8.4687 ],
			"faces": {
				"down": { "uv": [ 6.5, 15.5, 9.5, 16 ], "texture": "#texture" },
				"up": { "uv": [ 9.5, 16, 6.5, 15.5 ], "texture": "#texture" },
				"north": { "uv": [ 9.5, 16, 6.5, 15.5 ], "texture": "#texture", "rotation": 90 },
				"south": { "uv": [ 6.5, 15.5, 9.5, 16 ], "texture": "#texture", "rotation": 270 },
				"west": { "uv": [ 6.5, 15.5, 9.5, 16 ], "texture": "#texture", "rotation": 90 },
				"east": { "uv": [ 6.5, 15.5, 9.5, 16 ], "texture": "#texture", "rotation": 270 }
			}
		},
		{
			"__comment": "Box22",
			"from": [ 8.3438, 4.4062, 7.75 ],
			"to": [ 12.3438, 5.4062, 8.25 ],
			"faces": {
				"down": { "uv": [ 6.5, 15.5, 9.5, 16 ], "texture": "#texture" },
				"up": { "uv": [ 6.5, 15.5, 9.5, 16 ], "texture": "#texture" },
				"north": { "uv": [ 6.5, 15.5, 9.5, 16 ], "texture": "#texture" },
				"south": { "uv": [ 6.5, 15.5, 9.5, 16 ], "texture": "#texture" },
				"west": { "uv": [ 6.5, 15.5, 9.5, 16 ], "texture": "#texture" },
				"east": { "uv": [ 6.5, 15.5, 9.5, 16 ], "texture": "#texture" }
			}
		}
	],
	"display": {
    "thirdperson": {
        "rotation": [ 208, 270, 6 ],
        "translation": [ 0.50, 0.00, -2.75 ],
        "scale": [ 1.15, 1.15, 1.15 ]
    },
    "firstperson": {
        "rotation": [ 38, 228, 6 ],
        "translation": [ -7.50, 4.50, -2.25 ],
        "scale": [ 1.15, 1.15, 1.15 ]
    },
    "gui": {
        "rotation": [ -0, -135, -25 ],
        "translation": [ -0.50, 0.00, 0.00 ],
        "scale": [ 1.40, 1.40, 1.40 ]
		}
	}
}