{
	"__comment": "Designed by Colin0904 with Cubik Studio - https://cubik.studio",
	"textures": {
		"meta_sword": "items/meta_sword"
	},
	"elements": [ 	 
		{
			"__comment": "Voxels-EC4141",
			"from": [ 6, -5.5, 6 ],
			"to": [ 7, -4.5, 7 ],
			"faces": {
				"west": { "uv": [ 2.48, 0.4799995, 3.52, 1.52 ], "texture": "#meta_sword", "cullface": "down" },
				"east": { "uv": [ 2.48, 0.4799995, 3.52, 1.52 ], "texture": "#meta_sword", "cullface": "down" }
			}
		},
		{
			"__comment": "Voxels-EC5C5C",
			"from": [ 6, -5.5, 7 ],
			"to": [ 7, -4.5, 8 ],
			"faces": {
				"west": { "uv": [ 4.48, 0.4799995, 5.52, 1.52 ], "texture": "#meta_sword", "cullface": "down" },
				"east": { "uv": [ 4.48, 0.4799995, 5.52, 1.52 ], "texture": "#meta_sword", "cullface": "down" }
			}
		},
		{
			"__comment": "Voxels-EC4141",
			"from": [ 6, -5.5, 8 ],
			"to": [ 7, -3.5, 9 ],
			"faces": {
				"north": { "uv": [ 2.48, 0.4799995, 3.52, 1.52 ], "texture": "#meta_sword", "cullface": "down" },
				"west": { "uv": [ 2.48, 0.4799995, 3.52, 1.52 ], "texture": "#meta_sword", "cullface": "down" },
				"east": { "uv": [ 2.48, 0.4799995, 3.52, 1.52 ], "texture": "#meta_sword", "cullface": "down" }
			}
		},
		{
			"__comment": "Voxels-EC5C5C",
			"from": [ 6, -4.5, 6 ],
			"to": [ 7, -3.5, 7 ],
			"faces": {
				"west": { "uv": [ 4.48, 0.4799995, 5.52, 1.52 ], "texture": "#meta_sword", "cullface": "down" }
			}
		},
		{
			"__comment": "Voxels-F14B4B",
			"from": [ 6, -4.5, 7 ],
			"to": [ 7, -3.5, 8 ],
			"faces": {
				"west": { "uv": [ 6.48, 0.4799995, 7.52, 1.52 ], "texture": "#meta_sword", "cullface": "down" }
			}
		},
		{
			"__comment": "Voxels-E38556",
			"from": [ 7, -5, 3 ],
			"to": [ 8, -4, 4 ],
			"faces": {
				"down": { "uv": [ 8.48, 0.4799995, 9.52, 1.52 ], "texture": "#meta_sword", "cullface": "down" },
				"north": { "uv": [ 8.48, 0.4799995, 9.52, 1.52 ], "texture": "#meta_sword", "cullface": "down" },
				"west": { "uv": [ 8.48, 0.4799995, 9.52, 1.52 ], "texture": "#meta_sword", "cullface": "down" }
			}
		},
		{
			"__comment": "Voxels-DD7D4C",
			"from": [ 7, -5, 4 ],
			"to": [ 8, -4, 5 ],
			"faces": {
				"down": { "uv": [ 10.48, 0.4799995, 11.52, 1.52 ], "texture": "#meta_sword", "cullface": "down" },
				"west": { "uv": [ 10.48, 0.4799995, 11.52, 1.52 ], "texture": "#meta_sword", "cullface": "down" }
			}
		},
		{
			"__comment": "Voxels-B06037",
			"from": [ 7, -6, 5 ],
			"to": [ 8, -5, 10 ],
			"faces": {
				"down": { "uv": [ 10.5, 0.5, 11.54, 1.540001 ], "texture": "#meta_sword", "cullface": "down" },
				"north": { "uv": [ 10.5, 0.5, 11.54, 1.540001 ], "texture": "#meta_sword", "cullface": "down" },
				"south": { "uv": [ 10.5, 0.5, 11.54, 1.540001 ], "texture": "#meta_sword", "cullface": "down" },
				"west": { "uv": [ 10.5, 0.5, 11.54, 1.540001 ], "texture": "#meta_sword", "cullface": "down" },
				"east": { "uv": [ 10.5, 0.5, 11.54, 1.540001 ], "texture": "#meta_sword", "cullface": "down" }
			}
		},
		{
			"__comment": "Voxels-C86939",
			"from": [ 7, -5, 11 ],
			"to": [ 11, -4, 12 ],
			"faces": {
				"down": { "uv": [ 14.48, 0.4799995, 15.52, 1.52 ], "texture": "#meta_sword", "cullface": "down" },
				"up": { "uv": [ 14.48, 0.4799995, 15.52, 1.52 ], "texture": "#meta_sword", "cullface": "down" },
				"north": { "uv": [ 14.48, 0.4799995, 15.52, 1.52 ], "texture": "#meta_sword", "cullface": "down" },
				"south": { "uv": [ 14.48, 0.4799995, 15.52, 1.52 ], "texture": "#meta_sword", "cullface": "down" },
				"west": { "uv": [ 14.48, 0.4799995, 15.52, 1.52 ], "texture": "#meta_sword", "cullface": "down" },
				"east": { "uv": [ 14.48, 0.4799995, 15.52, 1.52 ], "texture": "#meta_sword", "cullface": "down" }
			}
		},
		{
			"__comment": "Voxels-DD7D4C",
			"from": [ 7, -4, 2 ],
			"to": [ 8, -2, 3 ],
			"faces": {
				"down": { "uv": [ 10.48, 0.4799995, 11.52, 1.52 ], "texture": "#meta_sword", "cullface": "down" },
				"up": { "uv": [ 10.48, 0.4799995, 11.52, 1.52 ], "texture": "#meta_sword", "cullface": "down" },
				"north": { "uv": [ 10.48, 0.4799995, 11.52, 1.52 ], "texture": "#meta_sword", "cullface": "down" },
				"south": { "uv": [ 10.48, 0.4799995, 11.52, 1.52 ], "texture": "#meta_sword", "cullface": "down" },
				"west": { "uv": [ 10.48, 0.4799995, 11.52, 1.52 ], "texture": "#meta_sword", "cullface": "down" },
				"east": { "uv": [ 10.48, 0.4799995, 11.52, 1.52 ], "texture": "#meta_sword", "cullface": "down" }
			}
		},
		{
			"__comment": "Voxels-DD7D4C",
			"from": [ 7, -4, 3 ],
			"to": [ 11, -3, 4 ],
			"faces": {
				"down": { "uv": [ 10.48, 0.4799995, 11.52, 1.52 ], "texture": "#meta_sword", "cullface": "down" },
				"up": { "uv": [ 10.48, 0.4799995, 11.52, 1.52 ], "texture": "#meta_sword", "cullface": "down" },
				"north": { "uv": [ 10.48, 0.4799995, 11.52, 1.52 ], "texture": "#meta_sword", "cullface": "down" },
				"south": { "uv": [ 10.48, 0.4799995, 11.52, 1.52 ], "texture": "#meta_sword", "cullface": "down" },
				"west": { "uv": [ 10.48, 0.4799995, 11.52, 1.52 ], "texture": "#meta_sword", "cullface": "down" },
				"east": { "uv": [ 10.48, 0.4799995, 11.52, 1.52 ], "texture": "#meta_sword", "cullface": "down" }
			}
		},
		{
			"__comment": "Voxels-C86939",
			"from": [ 7, -4, 4 ],
			"to": [ 8, -3, 5 ],
			"faces": {
				"up": { "uv": [ 14.48, 0.4799995, 15.52, 1.52 ], "texture": "#meta_sword", "cullface": "down" },
				"west": { "uv": [ 14.48, 0.4799995, 15.52, 1.52 ], "texture": "#meta_sword", "cullface": "down" }
			}
		},
		{
			"__comment": "Voxels-C86939",
			"from": [ 7, -4, 11 ],
			"to": [ 10, -3, 12 ],
			"faces": {
				"up": { "uv": [ 14.48, 0.4799995, 15.52, 1.52 ], "texture": "#meta_sword", "cullface": "down" },
				"north": { "uv": [ 14.48, 0.4799995, 15.52, 1.52 ], "texture": "#meta_sword", "cullface": "down" },
				"south": { "uv": [ 14.48, 0.4799995, 15.52, 1.52 ], "texture": "#meta_sword", "cullface": "down" },
				"west": { "uv": [ 14.48, 0.4799995, 15.52, 1.52 ], "texture": "#meta_sword", "cullface": "down" }
			}
		},
		{
			"__comment": "Voxels-DD7D4C",
			"from": [ 7, -4, 12 ],
			"to": [ 8, -2, 13 ],
			"faces": {
				"down": { "uv": [ 10.48, 0.4799995, 11.52, 1.52 ], "texture": "#meta_sword", "cullface": "down" },
				"up": { "uv": [ 10.48, 0.4799995, 11.52, 1.52 ], "texture": "#meta_sword", "cullface": "down" },
				"north": { "uv": [ 10.48, 0.4799995, 11.52, 1.52 ], "texture": "#meta_sword", "cullface": "down" },
				"south": { "uv": [ 10.48, 0.4799995, 11.52, 1.52 ], "texture": "#meta_sword", "cullface": "down" },
				"west": { "uv": [ 10.48, 0.4799995, 11.52, 1.52 ], "texture": "#meta_sword", "cullface": "down" },
				"east": { "uv": [ 10.48, 0.4799995, 11.52, 1.52 ], "texture": "#meta_sword", "cullface": "down" }
			}
		},
		{
			"__comment": "Voxels-E38556",
			"from": [ 7, -3, 1 ],
			"to": [ 8, -2, 2 ],
			"faces": {
				"down": { "uv": [ 8.48, 0.4799995, 9.52, 1.52 ], "texture": "#meta_sword", "cullface": "down" },
				"up": { "uv": [ 8.48, 0.4799995, 9.52, 1.52 ], "texture": "#meta_sword", "cullface": "down" },
				"north": { "uv": [ 8.48, 0.4799995, 9.52, 1.52 ], "texture": "#meta_sword", "cullface": "down" },
				"west": { "uv": [ 8.48, 0.4799995, 9.52, 1.52 ], "texture": "#meta_sword", "cullface": "down" }
			}
		},
		{
			"__comment": "Voxels-DD7D4C",
			"from": [ 7, -3, 13 ],
			"to": [ 9, -2, 14 ],
			"faces": {
				"down": { "uv": [ 10.48, 0.4799995, 11.52, 1.52 ], "texture": "#meta_sword", "cullface": "down" },
				"up": { "uv": [ 10.48, 0.4799995, 11.52, 1.52 ], "texture": "#meta_sword", "cullface": "down" },
				"north": { "uv": [ 10.48, 0.4799995, 11.52, 1.52 ], "texture": "#meta_sword", "cullface": "down" },
				"south": { "uv": [ 10.48, 0.4799995, 11.52, 1.52 ], "texture": "#meta_sword", "cullface": "down" },
				"west": { "uv": [ 10.48, 0.4799995, 11.52, 1.52 ], "texture": "#meta_sword", "cullface": "down" }
			}
		},
		{
			"__comment": "Voxels-AB993B",
			"from": [ 8, -15, 6 ],
			"to": [ 10, -13, 9 ],
			"faces": {
				"down": { "uv": [ 6.48, 2.48, 7.52, 3.52 ], "texture": "#meta_sword", "cullface": "down" },
				"up": { "uv": [ 6.48, 2.48, 7.52, 3.52 ], "texture": "#meta_sword", "cullface": "down" },
				"north": { "uv": [ 6.48, 2.48, 7.52, 3.52 ], "texture": "#meta_sword", "cullface": "down" },
				"south": { "uv": [ 6.48, 2.48, 7.52, 3.52 ], "texture": "#meta_sword", "cullface": "down" },
				"west": { "uv": [ 6.48, 2.48, 7.52, 3.52 ], "texture": "#meta_sword", "cullface": "down" },
				"east": { "uv": [ 6.48, 2.48, 7.52, 3.52 ], "texture": "#meta_sword", "cullface": "down" }
			}
		},
		{
			"__comment": "Voxels-AB993B",
			"from": [ 8, -13, 6 ],
			"to": [ 9, -12, 7 ],
			"faces": {
				"north": { "uv": [ 6.48, 2.48, 7.52, 3.52 ], "texture": "#meta_sword", "cullface": "down" },
				"west": { "uv": [ 6.48, 2.48, 7.52, 3.52 ], "texture": "#meta_sword", "cullface": "down" }
			}
		},
		{
			"__comment": "Voxels-B9A642",
			"from": [ 8, -13, 7 ],
			"to": [ 10, -9, 8 ],
			"faces": {
				"up": { "uv": [ 4.48, 2.48, 5.52, 3.52 ], "texture": "#meta_sword", "cullface": "down" },
				"north": { "uv": [ 4.48, 2.48, 5.52, 3.52 ], "texture": "#meta_sword", "cullface": "down" },
				"south": { "uv": [ 4.48, 2.48, 5.52, 3.52 ], "texture": "#meta_sword", "cullface": "down" },
				"west": { "uv": [ 4.48, 2.48, 5.52, 3.52 ], "texture": "#meta_sword", "cullface": "down" },
				"east": { "uv": [ 4.48, 2.48, 5.52, 3.52 ], "texture": "#meta_sword", "cullface": "down" }
			}
		},
		{
			"__comment": "Voxels-AB993B",
			"from": [ 8, -13, 8 ],
			"to": [ 9, -12, 9 ],
			"faces": {
				"south": { "uv": [ 6.48, 2.48, 7.52, 3.52 ], "texture": "#meta_sword", "cullface": "down" },
				"west": { "uv": [ 6.48, 2.48, 7.52, 3.52 ], "texture": "#meta_sword", "cullface": "down" }
			}
		},
		{
			"__comment": "Voxels-B9A642",
			"from": [ 8, -12, 6 ],
			"to": [ 10, -9, 7 ],
			"faces": {
				"down": { "uv": [ 4.48, 2.48, 5.52, 3.52 ], "texture": "#meta_sword", "cullface": "down" },
				"up": { "uv": [ 4.48, 2.48, 5.52, 3.52 ], "texture": "#meta_sword", "cullface": "down" },
				"north": { "uv": [ 4.48, 2.48, 5.52, 3.52 ], "texture": "#meta_sword", "cullface": "down" },
				"west": { "uv": [ 4.48, 2.48, 5.52, 3.52 ], "texture": "#meta_sword", "cullface": "down" },
				"east": { "uv": [ 4.48, 2.48, 5.52, 3.52 ], "texture": "#meta_sword", "cullface": "down" }
			}
		},
		{
			"__comment": "Voxels-B9A642",
			"from": [ 8, -12, 8 ],
			"to": [ 10, -11, 9 ],
			"faces": {
				"down": { "uv": [ 4.48, 2.48, 5.52, 3.52 ], "texture": "#meta_sword", "cullface": "down" },
				"up": { "uv": [ 4.48, 2.48, 5.52, 3.52 ], "texture": "#meta_sword", "cullface": "down" },
				"south": { "uv": [ 4.48, 2.48, 5.52, 3.52 ], "texture": "#meta_sword", "cullface": "down" },
				"west": { "uv": [ 4.48, 2.48, 5.52, 3.52 ], "texture": "#meta_sword", "cullface": "down" },
				"east": { "uv": [ 4.48, 2.48, 5.52, 3.52 ], "texture": "#meta_sword", "cullface": "down" }
			}
		},
		{
			"__comment": "Voxels-C9B446",
			"from": [ 8, -11, 8 ],
			"to": [ 9, -10, 9 ],
			"faces": {
				"south": { "uv": [ 0.48, 2.48, 1.52, 3.52 ], "texture": "#meta_sword", "cullface": "down" },
				"west": { "uv": [ 0.48, 2.48, 1.52, 3.52 ], "texture": "#meta_sword", "cullface": "down" }
			}
		},
		{
			"__comment": "Voxels-B9A642",
			"from": [ 8, -10, 8 ],
			"to": [ 9, -7, 9 ],
			"faces": {
				"north": { "uv": [ 4.48, 2.48, 5.52, 3.52 ], "texture": "#meta_sword", "cullface": "down" },
				"south": { "uv": [ 4.48, 2.48, 5.52, 3.52 ], "texture": "#meta_sword", "cullface": "down" },
				"west": { "uv": [ 4.48, 2.48, 5.52, 3.52 ], "texture": "#meta_sword", "cullface": "down" },
				"east": { "uv": [ 4.48, 2.48, 5.52, 3.52 ], "texture": "#meta_sword", "cullface": "down" }
			}
		},
		{
			"__comment": "Voxels-C9B446",
			"from": [ 8, -9, 6 ],
			"to": [ 9, -5, 8 ],
			"faces": {
				"down": { "uv": [ 0.48, 2.48, 1.52, 3.52 ], "texture": "#meta_sword", "cullface": "down" },
				"north": { "uv": [ 0.48, 2.48, 1.52, 3.52 ], "texture": "#meta_sword", "cullface": "down" },
				"south": { "uv": [ 0.48, 2.48, 1.52, 3.52 ], "texture": "#meta_sword", "cullface": "down" },
				"west": { "uv": [ 0.48, 2.48, 1.52, 3.52 ], "texture": "#meta_sword", "cullface": "down" },
				"east": { "uv": [ 0.48, 2.48, 1.52, 3.52 ], "texture": "#meta_sword", "cullface": "down" }
			}
		},
		{
			"__comment": "Voxels-C9B446",
			"from": [ 8, -7, 8 ],
			"to": [ 10, -5, 9 ],
			"faces": {
				"down": { "uv": [ 0.48, 2.48, 1.52, 3.52 ], "texture": "#meta_sword", "cullface": "down" },
				"north": { "uv": [ 0.48, 2.48, 1.52, 3.52 ], "texture": "#meta_sword", "cullface": "down" },
				"south": { "uv": [ 0.48, 2.48, 1.52, 3.52 ], "texture": "#meta_sword", "cullface": "down" },
				"west": { "uv": [ 0.48, 2.48, 1.52, 3.52 ], "texture": "#meta_sword", "cullface": "down" },
				"east": { "uv": [ 0.48, 2.48, 1.52, 3.52 ], "texture": "#meta_sword", "cullface": "down" }
			}
		},
		{
			"__comment": "Voxels-C86939",
			"from": [ 8, -5, 3 ],
			"to": [ 11, -4, 6 ],
			"faces": {
				"down": { "uv": [ 14.48, 0.4799995, 15.52, 1.52 ], "texture": "#meta_sword", "cullface": "down" },
				"up": { "uv": [ 14.48, 0.4799995, 15.52, 1.52 ], "texture": "#meta_sword", "cullface": "down" },
				"north": { "uv": [ 14.48, 0.4799995, 15.52, 1.52 ], "texture": "#meta_sword", "cullface": "down" },
				"south": { "uv": [ 14.48, 0.4799995, 15.52, 1.52 ], "texture": "#meta_sword", "cullface": "down" },
				"west": { "uv": [ 14.48, 0.4799995, 15.52, 1.52 ], "texture": "#meta_sword", "cullface": "down" },
				"east": { "uv": [ 14.48, 0.4799995, 15.52, 1.52 ], "texture": "#meta_sword", "cullface": "down" }
			}
		},
		{
			"__comment": "Voxels-8A8A8A",
			"from": [ 8, -5, 6 ],
			"to": [ 10, -3, 9 ],
			"faces": {
				"down": { "uv": [ 2.48, 2.48, 3.52, 3.52 ], "texture": "#meta_sword", "cullface": "down" },
				"up": { "uv": [ 2.48, 2.48, 3.52, 3.52 ], "texture": "#meta_sword", "cullface": "down" },
				"north": { "uv": [ 2.48, 2.48, 3.52, 3.52 ], "texture": "#meta_sword", "cullface": "down" },
				"south": { "uv": [ 2.48, 2.48, 3.52, 3.52 ], "texture": "#meta_sword", "cullface": "down" }
			}
		},
		{
			"__comment": "Voxels-C86939",
			"from": [ 8, -6, 9 ],
			"to": [ 9, -4, 10 ],
			"faces": {
				"down": { "uv": [ 14.48, 0.4799995, 15.52, 1.52 ], "texture": "#meta_sword", "cullface": "down" },
				"up": { "uv": [ 14.48, 0.4799995, 15.52, 1.52 ], "texture": "#meta_sword", "cullface": "down" },
				"north": { "uv": [ 14.48, 0.4799995, 15.52, 1.52 ], "texture": "#meta_sword", "cullface": "down" },
				"south": { "uv": [ 14.48, 0.4799995, 15.52, 1.52 ], "texture": "#meta_sword", "cullface": "down" },
				"west": { "uv": [ 14.48, 0.4799995, 15.52, 1.52 ], "texture": "#meta_sword", "cullface": "down" },
				"east": { "uv": [ 14.48, 0.4799995, 15.52, 1.52 ], "texture": "#meta_sword", "cullface": "down" }
			}
		},
		{
			"__comment": "Voxels-B06037",
			"from": [ 6, -3.5, 5.5 ],
			"to": [ 7, -3, 9.5 ],
			"faces": {
				"down": { "uv": [ 12.48, 0.4799995, 13.52, 1.52 ], "texture": "#meta_sword", "cullface": "down" },
				"up": { "uv": [ 12.48, 0.4799995, 13.52, 1.52 ], "texture": "#meta_sword", "cullface": "down" },
				"north": { "uv": [ 12.48, 0.4799995, 13.52, 1.52 ], "texture": "#meta_sword", "cullface": "down" },
				"south": { "uv": [ 12.48, 0.4799995, 13.52, 1.52 ], "texture": "#meta_sword", "cullface": "down" },
				"west": { "uv": [ 12.48, 0.4799995, 13.52, 1.52 ], "texture": "#meta_sword", "cullface": "down" }
			}
		},
		{
			"__comment": "Voxels-E38556",
			"from": [ 8, -4, 1 ],
			"to": [ 10, -3, 2 ],
			"faces": {
				"down": { "uv": [ 8.48, 0.4799995, 9.52, 1.52 ], "texture": "#meta_sword", "cullface": "down" },
				"north": { "uv": [ 8.48, 0.4799995, 9.52, 1.52 ], "texture": "#meta_sword", "cullface": "down" },
				"west": { "uv": [ 8.48, 0.4799995, 9.52, 1.52 ], "texture": "#meta_sword", "cullface": "down" },
				"east": { "uv": [ 8.48, 0.4799995, 9.52, 1.52 ], "texture": "#meta_sword", "cullface": "down" }
			}
		},
		{
			"__comment": "Voxels-C86939",
			"from": [ 8, -4, 2 ],
			"to": [ 10, -3, 3 ],
			"faces": {
				"down": { "uv": [ 14.48, 0.4799995, 15.52, 1.52 ], "texture": "#meta_sword", "cullface": "down" }
			}
		},
		{
			"__comment": "Voxels-B06037",
			"from": [ 8, -4, 4 ],
			"to": [ 10, -3, 5 ],
			"faces": {
				"up": { "uv": [ 12.48, 0.4799995, 13.52, 1.52 ], "texture": "#meta_sword", "cullface": "down" }
			}
		},
		{
			"__comment": "Voxels-C86939",
			"from": [ 8, -4, 12 ],
			"to": [ 10, -3, 13 ],
			"faces": {
				"down": { "uv": [ 14.48, 0.4799995, 15.52, 1.52 ], "texture": "#meta_sword", "cullface": "down" }
			}
		},
		{
			"__comment": "Voxels-E38556",
			"from": [ 8, -4, 13 ],
			"to": [ 10, -3, 14 ],
			"faces": {
				"down": { "uv": [ 8.48, 0.4799995, 9.52, 1.52 ], "texture": "#meta_sword", "cullface": "down" },
				"up": { "uv": [ 8.48, 0.4799995, 9.52, 1.52 ], "texture": "#meta_sword", "cullface": "down" },
				"south": { "uv": [ 8.48, 0.4799995, 9.52, 1.52 ], "texture": "#meta_sword", "cullface": "down" },
				"west": { "uv": [ 8.48, 0.4799995, 9.52, 1.52 ], "texture": "#meta_sword", "cullface": "down" },
				"east": { "uv": [ 8.48, 0.4799995, 9.52, 1.52 ], "texture": "#meta_sword", "cullface": "down" }
			}
		},
		{
			"__comment": "Voxels-E38556",
			"from": [ 8, -3, 0 ],
			"to": [ 9, -2, 1 ],
			"faces": {
				"down": { "uv": [ 8.48, 0.4799995, 9.52, 1.52 ], "texture": "#meta_sword", "cullface": "down" },
				"up": { "uv": [ 8.48, 0.4799995, 9.52, 1.52 ], "texture": "#meta_sword", "cullface": "down" },
				"north": { "uv": [ 8.48, 0.4799995, 9.52, 1.52 ], "texture": "#meta_sword", "cullface": "down" },
				"west": { "uv": [ 8.48, 0.4799995, 9.52, 1.52 ], "texture": "#meta_sword", "cullface": "down" }
			}
		},
		{
			"__comment": "Voxels-DD7D4C",
			"from": [ 8, -3, 1 ],
			"to": [ 11, -2, 2 ],
			"faces": {
				"down": { "uv": [ 10.48, 0.4799995, 11.52, 1.52 ], "texture": "#meta_sword", "cullface": "down" },
				"up": { "uv": [ 10.48, 0.4799995, 11.52, 1.52 ], "texture": "#meta_sword", "cullface": "down" },
				"north": { "uv": [ 10.48, 0.4799995, 11.52, 1.52 ], "texture": "#meta_sword", "cullface": "down" },
				"south": { "uv": [ 10.48, 0.4799995, 11.52, 1.52 ], "texture": "#meta_sword", "cullface": "down" },
				"east": { "uv": [ 10.48, 0.4799995, 11.52, 1.52 ], "texture": "#meta_sword", "cullface": "down" }
			}
		},
		{
			"__comment": "Voxels-E38556",
			"from": [ 8, -3, 2 ],
			"to": [ 10, -2, 3 ],
			"faces": {
				"up": { "uv": [ 8.48, 0.4799995, 9.52, 1.52 ], "texture": "#meta_sword", "cullface": "down" },
				"south": { "uv": [ 8.48, 0.4799995, 9.52, 1.52 ], "texture": "#meta_sword", "cullface": "down" }
			}
		},
		{
			"__comment": "Voxels-C86939",
			"from": [ 8, -3, 3 ],
			"to": [ 9, -2, 4 ],
			"faces": {
				"up": { "uv": [ 14.48, 0.4799995, 15.52, 1.52 ], "texture": "#meta_sword", "cullface": "down" },
				"south": { "uv": [ 14.48, 0.4799995, 15.52, 1.52 ], "texture": "#meta_sword", "cullface": "down" },
				"west": { "uv": [ 14.48, 0.4799995, 15.52, 1.52 ], "texture": "#meta_sword", "cullface": "down" }
			}
		},
		{
			"__comment": "Voxels-B9A642",
			"from": [ 8, -3, 5 ],
			"to": [ 10, -2, 7 ],
			"faces": {
				"down": { "uv": [ 4.48, 2.48, 5.52, 3.52 ], "texture": "#meta_sword", "cullface": "down" },
				"up": { "uv": [ 4.48, 2.48, 5.52, 3.52 ], "texture": "#meta_sword", "cullface": "down" },
				"north": { "uv": [ 4.48, 2.48, 5.52, 3.52 ], "texture": "#meta_sword", "cullface": "down" },
				"west": { "uv": [ 4.48, 2.48, 5.52, 3.52 ], "texture": "#meta_sword", "cullface": "down" },
				"east": { "uv": [ 4.48, 2.48, 5.52, 3.52 ], "texture": "#meta_sword", "cullface": "down" }
			}
		},
		{
			"__comment": "Voxels-AF9E42",
			"from": [ 8, -3, 7 ],
			"to": [ 10, -2, 10 ],
			"faces": {
				"down": { "uv": [ 2.48, 4.48, 3.52, 5.52 ], "texture": "#meta_sword", "cullface": "down" },
				"south": { "uv": [ 2.48, 4.48, 3.52, 5.52 ], "texture": "#meta_sword", "cullface": "down" },
				"west": { "uv": [ 2.48, 4.48, 3.52, 5.52 ], "texture": "#meta_sword", "cullface": "down" },
				"east": { "uv": [ 2.48, 4.48, 3.52, 5.52 ], "texture": "#meta_sword", "cullface": "down" }
			}
		},
		{
			"__comment": "Voxels-C86939",
			"from": [ 8, -3, 11 ],
			"to": [ 9, -2, 12 ],
			"faces": {
				"up": { "uv": [ 14.48, 0.4799995, 15.52, 1.52 ], "texture": "#meta_sword", "cullface": "down" },
				"north": { "uv": [ 14.48, 0.4799995, 15.52, 1.52 ], "texture": "#meta_sword", "cullface": "down" },
				"west": { "uv": [ 14.48, 0.4799995, 15.52, 1.52 ], "texture": "#meta_sword", "cullface": "down" }
			}
		},
		{
			"__comment": "Voxels-E38556",
			"from": [ 8, -3, 12 ],
			"to": [ 10, -2, 13 ],
			"faces": {
				"up": { "uv": [ 8.48, 0.4799995, 9.52, 1.52 ], "texture": "#meta_sword", "cullface": "down" },
				"north": { "uv": [ 8.48, 0.4799995, 9.52, 1.52 ], "texture": "#meta_sword", "cullface": "down" },
				"south": { "uv": [ 8.48, 0.4799995, 9.52, 1.52 ], "texture": "#meta_sword", "cullface": "down" }
			}
		},
		{
			"__comment": "Voxels-DD7D4C",
			"from": [ 8, -3, 14 ],
			"to": [ 9, -2, 15 ],
			"faces": {
				"down": { "uv": [ 10.48, 0.4799995, 11.52, 1.52 ], "texture": "#meta_sword", "cullface": "down" },
				"up": { "uv": [ 10.48, 0.4799995, 11.52, 1.52 ], "texture": "#meta_sword", "cullface": "down" },
				"south": { "uv": [ 10.48, 0.4799995, 11.52, 1.52 ], "texture": "#meta_sword", "cullface": "down" },
				"west": { "uv": [ 10.48, 0.4799995, 11.52, 1.52 ], "texture": "#meta_sword", "cullface": "down" }
			}
		},
		{
			"__comment": "Voxels-AF9E42",
			"from": [ 8, -2, 5 ],
			"to": [ 10, -1, 6 ],
			"faces": {
				"up": { "uv": [ 2.48, 4.48, 3.52, 5.52 ], "texture": "#meta_sword", "cullface": "down" },
				"north": { "uv": [ 2.48, 4.48, 3.52, 5.52 ], "texture": "#meta_sword", "cullface": "down" },
				"west": { "uv": [ 2.48, 4.48, 3.52, 5.52 ], "texture": "#meta_sword", "cullface": "down" },
				"east": { "uv": [ 2.48, 4.48, 3.52, 5.52 ], "texture": "#meta_sword", "cullface": "down" }
			}
		},
		{
			"__comment": "Voxels-B9A642",
			"from": [ 8, -2, 6 ],
			"to": [ 10, -1, 10 ],
			"faces": {
				"down": { "uv": [ 4.48, 2.48, 5.52, 3.52 ], "texture": "#meta_sword", "cullface": "down" },
				"up": { "uv": [ 4.48, 2.48, 5.52, 3.52 ], "texture": "#meta_sword", "cullface": "down" },
				"south": { "uv": [ 4.48, 2.48, 5.52, 3.52 ], "texture": "#meta_sword", "cullface": "down" },
				"west": { "uv": [ 4.48, 2.48, 5.52, 3.52 ], "texture": "#meta_sword", "cullface": "down" },
				"east": { "uv": [ 4.48, 2.48, 5.52, 3.52 ], "texture": "#meta_sword", "cullface": "down" }
			}
		},
		{
			"__comment": "Voxels-AF9E42",
			"from": [ 8, -1, 5 ],
			"to": [ 9, 0, 6 ],
			"faces": {
				"north": { "uv": [ 2.48, 4.48, 3.52, 5.52 ], "texture": "#meta_sword", "cullface": "down" },
				"west": { "uv": [ 2.48, 4.48, 3.52, 5.52 ], "texture": "#meta_sword", "cullface": "down" }
			}
		},
		{
			"__comment": "Voxels-B9A642",
			"from": [ 8, -1, 6 ],
			"to": [ 9, 1, 8 ],
			"faces": {
				"up": { "uv": [ 4.48, 2.48, 5.52, 3.52 ], "texture": "#meta_sword", "cullface": "down" },
				"north": { "uv": [ 4.48, 2.48, 5.52, 3.52 ], "texture": "#meta_sword", "cullface": "down" },
				"south": { "uv": [ 4.48, 2.48, 5.52, 3.52 ], "texture": "#meta_sword", "cullface": "down" },
				"west": { "uv": [ 4.48, 2.48, 5.52, 3.52 ], "texture": "#meta_sword", "cullface": "down" },
				"east": { "uv": [ 4.48, 2.48, 5.52, 3.52 ], "texture": "#meta_sword", "cullface": "down" }
			}
		},
		{
			"__comment": "Voxels-B9A642",
			"from": [ 8, -1, 8 ],
			"to": [ 10, 0, 9 ],
			"faces": {
				"up": { "uv": [ 4.48, 2.48, 5.52, 3.52 ], "texture": "#meta_sword", "cullface": "down" },
				"north": { "uv": [ 4.48, 2.48, 5.52, 3.52 ], "texture": "#meta_sword", "cullface": "down" },
				"south": { "uv": [ 4.48, 2.48, 5.52, 3.52 ], "texture": "#meta_sword", "cullface": "down" },
				"west": { "uv": [ 4.48, 2.48, 5.52, 3.52 ], "texture": "#meta_sword", "cullface": "down" },
				"east": { "uv": [ 4.48, 2.48, 5.52, 3.52 ], "texture": "#meta_sword", "cullface": "down" }
			}
		},
		{
			"__comment": "Voxels-B9A642",
			"from": [ 8, -1, 9 ],
			"to": [ 9, 0, 10 ],
			"faces": {
				"south": { "uv": [ 4.48, 2.48, 5.52, 3.52 ], "texture": "#meta_sword", "cullface": "down" },
				"west": { "uv": [ 4.48, 2.48, 5.52, 3.52 ], "texture": "#meta_sword", "cullface": "down" }
			}
		},
		{
			"__comment": "Voxels-C9B446",
			"from": [ 8, 0, 5 ],
			"to": [ 9, 1, 6 ],
			"faces": {
				"north": { "uv": [ 0.48, 2.48, 1.52, 3.52 ], "texture": "#meta_sword" },
				"west": { "uv": [ 0.48, 2.48, 1.52, 3.52 ], "texture": "#meta_sword" }
			}
		},
		{
			"__comment": "Voxels-AF9E42",
			"from": [ 8, 0, 8 ],
			"to": [ 9, 1, 10 ],
			"faces": {
				"down": { "uv": [ 2.48, 4.48, 3.52, 5.52 ], "texture": "#meta_sword", "cullface": "down" },
				"up": { "uv": [ 2.48, 4.48, 3.52, 5.52 ], "texture": "#meta_sword" },
				"south": { "uv": [ 2.48, 4.48, 3.52, 5.52 ], "texture": "#meta_sword" },
				"west": { "uv": [ 2.48, 4.48, 3.52, 5.52 ], "texture": "#meta_sword" },
				"east": { "uv": [ 2.48, 4.48, 3.52, 5.52 ], "texture": "#meta_sword" }
			}
		},
		{
			"__comment": "Voxels-DAC972",
			"from": [ 8, 1, 2 ],
			"to": [ 10, 2, 3 ],
			"faces": {
				"down": { "uv": [ 6.48, 4.48, 7.52, 5.52 ], "texture": "#meta_sword" },
				"up": { "uv": [ 6.48, 4.48, 7.52, 5.52 ], "texture": "#meta_sword" },
				"north": { "uv": [ 6.48, 4.48, 7.52, 5.52 ], "texture": "#meta_sword" },
				"west": { "uv": [ 6.48, 4.48, 7.52, 5.52 ], "texture": "#meta_sword" },
				"east": { "uv": [ 6.48, 4.48, 7.52, 5.52 ], "texture": "#meta_sword" }
			}
		},
		{
			"__comment": "Voxels-C9B446",
			"from": [ 8, 1, 3 ],
			"to": [ 10, 2, 4 ],
			"faces": {
				"down": { "uv": [ 0.48, 2.48, 1.52, 3.52 ], "texture": "#meta_sword" },
				"up": { "uv": [ 0.48, 2.48, 1.52, 3.52 ], "texture": "#meta_sword" },
				"west": { "uv": [ 0.48, 2.48, 1.52, 3.52 ], "texture": "#meta_sword" },
				"east": { "uv": [ 0.48, 2.48, 1.52, 3.52 ], "texture": "#meta_sword" }
			}
		},
		{
			"__comment": "Voxels-D1B837",
			"from": [ 8, 1, 4 ],
			"to": [ 10, 2, 6 ],
			"faces": {
				"down": { "uv": [ 10.48, 2.48, 11.52, 3.52 ], "texture": "#meta_sword" },
				"up": { "uv": [ 10.48, 2.48, 11.52, 3.52 ], "texture": "#meta_sword" },
				"south": { "uv": [ 10.48, 2.48, 11.52, 3.52 ], "texture": "#meta_sword" },
				"west": { "uv": [ 10.48, 2.48, 11.52, 3.52 ], "texture": "#meta_sword" },
				"east": { "uv": [ 10.48, 2.48, 11.52, 3.52 ], "texture": "#meta_sword" }
			}
		},
		{
			"__comment": "Voxels-C9B446",
			"from": [ 8, 1, 6 ],
			"to": [ 9, 2, 7 ],
			"faces": {
				"west": { "uv": [ 0.48, 2.48, 1.52, 3.52 ], "texture": "#meta_sword" }
			}
		},
		{
			"__comment": "Voxels-B9A642",
			"from": [ 8, 1, 7 ],
			"to": [ 9, 2, 9 ],
			"faces": {
				"down": { "uv": [ 4.48, 2.48, 5.52, 3.52 ], "texture": "#meta_sword" },
				"up": { "uv": [ 4.48, 2.48, 5.52, 3.52 ], "texture": "#meta_sword" },
				"west": { "uv": [ 4.48, 2.48, 5.52, 3.52 ], "texture": "#meta_sword" }
			}
		},
		{
			"__comment": "Voxels-AF9E42",
			"from": [ 8, 1, 9 ],
			"to": [ 9, 2, 10 ],
			"faces": {
				"west": { "uv": [ 2.48, 4.48, 3.52, 5.52 ], "texture": "#meta_sword" }
			}
		},
		{
			"__comment": "Voxels-D1B837",
			"from": [ 8, 1, 10 ],
			"to": [ 10, 2, 11 ],
			"faces": {
				"down": { "uv": [ 10.48, 2.48, 11.52, 3.52 ], "texture": "#meta_sword" },
				"up": { "uv": [ 10.48, 2.48, 11.52, 3.52 ], "texture": "#meta_sword" },
				"north": { "uv": [ 10.48, 2.48, 11.52, 3.52 ], "texture": "#meta_sword" },
				"south": { "uv": [ 10.48, 2.48, 11.52, 3.52 ], "texture": "#meta_sword" },
				"west": { "uv": [ 10.48, 2.48, 11.52, 3.52 ], "texture": "#meta_sword" },
				"east": { "uv": [ 10.48, 2.48, 11.52, 3.52 ], "texture": "#meta_sword" }
			}
		},
		{
			"__comment": "Voxels-C9B446",
			"from": [ 8, 1, 11 ],
			"to": [ 9, 2, 13 ],
			"faces": {
				"down": { "uv": [ 0.48, 2.48, 1.52, 3.52 ], "texture": "#meta_sword" },
				"up": { "uv": [ 0.48, 2.48, 1.52, 3.52 ], "texture": "#meta_sword" },
				"south": { "uv": [ 0.48, 2.48, 1.52, 3.52 ], "texture": "#meta_sword" },
				"west": { "uv": [ 0.48, 2.48, 1.52, 3.52 ], "texture": "#meta_sword" },
				"east": { "uv": [ 0.48, 2.48, 1.52, 3.52 ], "texture": "#meta_sword" }
			}
		},
		{
			"__comment": "Voxels-D1BB4B",
			"from": [ 8, 2, 1 ],
			"to": [ 9, 4, 2 ],
			"faces": {
				"down": { "uv": [ 8.48, 2.48, 9.52, 3.52 ], "texture": "#meta_sword" },
				"up": { "uv": [ 8.48, 2.48, 9.52, 3.52 ], "texture": "#meta_sword" },
				"north": { "uv": [ 8.48, 2.48, 9.52, 3.52 ], "texture": "#meta_sword" },
				"south": { "uv": [ 8.48, 2.48, 9.52, 3.52 ], "texture": "#meta_sword" },
				"west": { "uv": [ 8.48, 2.48, 9.52, 3.52 ], "texture": "#meta_sword" },
				"east": { "uv": [ 8.48, 2.48, 9.52, 3.52 ], "texture": "#meta_sword" }
			}
		},
		{
			"__comment": "Voxels-C9B446",
			"from": [ 8, 2, 2 ],
			"to": [ 9, 3, 3 ],
			"faces": {
				"up": { "uv": [ 0.48, 2.48, 1.52, 3.52 ], "texture": "#meta_sword" },
				"south": { "uv": [ 0.48, 2.48, 1.52, 3.52 ], "texture": "#meta_sword" },
				"west": { "uv": [ 0.48, 2.48, 1.52, 3.52 ], "texture": "#meta_sword" }
			}
		},
		{
			"__comment": "Voxels-D1B837",
			"from": [ 8, 2, 5 ],
			"to": [ 10, 4, 7 ],
			"faces": {
				"down": { "uv": [ 10.48, 2.48, 11.52, 3.52 ], "texture": "#meta_sword" },
				"north": { "uv": [ 10.48, 2.48, 11.52, 3.52 ], "texture": "#meta_sword" },
				"south": { "uv": [ 10.48, 2.48, 11.52, 3.52 ], "texture": "#meta_sword" },
				"west": { "uv": [ 10.48, 2.48, 11.52, 3.52 ], "texture": "#meta_sword" },
				"east": { "uv": [ 10.48, 2.48, 11.52, 3.52 ], "texture": "#meta_sword" }
			}
		},
		{
			"__comment": "Voxels-C9B446",
			"from": [ 8, 2, 7 ],
			"to": [ 9, 3, 8 ],
			"faces": {
				"west": { "uv": [ 0.48, 2.48, 1.52, 3.52 ], "texture": "#meta_sword" }
			}
		},
		{
			"__comment": "Voxels-D1B837",
			"from": [ 8, 2, 8 ],
			"to": [ 10, 3, 10 ],
			"faces": {
				"down": { "uv": [ 10.48, 2.48, 11.52, 3.52 ], "texture": "#meta_sword" },
				"up": { "uv": [ 10.48, 2.48, 11.52, 3.52 ], "texture": "#meta_sword" },
				"north": { "uv": [ 10.48, 2.48, 11.52, 3.52 ], "texture": "#meta_sword" },
				"south": { "uv": [ 10.48, 2.48, 11.52, 3.52 ], "texture": "#meta_sword" },
				"west": { "uv": [ 10.48, 2.48, 11.52, 3.52 ], "texture": "#meta_sword" },
				"east": { "uv": [ 10.48, 2.48, 11.52, 3.52 ], "texture": "#meta_sword" }
			}
		},
		{
			"__comment": "Voxels-C9B446",
			"from": [ 8, 2, 12 ],
			"to": [ 10, 3, 13 ],
			"faces": {
				"down": { "uv": [ 0.48, 2.48, 1.52, 3.52 ], "texture": "#meta_sword" },
				"up": { "uv": [ 0.48, 2.48, 1.52, 3.52 ], "texture": "#meta_sword" },
				"north": { "uv": [ 0.48, 2.48, 1.52, 3.52 ], "texture": "#meta_sword" },
				"south": { "uv": [ 0.48, 2.48, 1.52, 3.52 ], "texture": "#meta_sword" },
				"west": { "uv": [ 0.48, 2.48, 1.52, 3.52 ], "texture": "#meta_sword" },
				"east": { "uv": [ 0.48, 2.48, 1.52, 3.52 ], "texture": "#meta_sword" }
			}
		},
		{
			"__comment": "Voxels-D1BB4B",
			"from": [ 8, 2, 13 ],
			"to": [ 9, 3, 14 ],
			"faces": {
				"down": { "uv": [ 8.48, 2.48, 9.52, 3.52 ], "texture": "#meta_sword" },
				"south": { "uv": [ 8.48, 2.48, 9.52, 3.52 ], "texture": "#meta_sword" },
				"west": { "uv": [ 8.48, 2.48, 9.52, 3.52 ], "texture": "#meta_sword" }
			}
		},
		{
			"__comment": "Voxels-D1B837",
			"from": [ 8, 3, 7 ],
			"to": [ 10, 4, 8 ],
			"faces": {
				"down": { "uv": [ 10.48, 2.48, 11.52, 3.52 ], "texture": "#meta_sword" },
				"up": { "uv": [ 10.48, 2.48, 11.52, 3.52 ], "texture": "#meta_sword" },
				"south": { "uv": [ 10.48, 2.48, 11.52, 3.52 ], "texture": "#meta_sword" },
				"west": { "uv": [ 10.48, 2.48, 11.52, 3.52 ], "texture": "#meta_sword" },
				"east": { "uv": [ 10.48, 2.48, 11.52, 3.52 ], "texture": "#meta_sword" }
			}
		},
		{
			"__comment": "Voxels-D1B837",
			"from": [ 8, 3, 8 ],
			"to": [ 9, 4, 9 ],
			"faces": {
				"west": { "uv": [ 10.48, 2.48, 11.52, 3.52 ], "texture": "#meta_sword" }
			}
		},
		{
			"__comment": "Voxels-D1BB4B",
			"from": [ 8, 3, 9 ],
			"to": [ 10, 9, 10 ],
			"faces": {
				"north": { "uv": [ 8.48, 2.48, 9.52, 3.52 ], "texture": "#meta_sword" },
				"south": { "uv": [ 8.48, 2.48, 9.52, 3.52 ], "texture": "#meta_sword" },
				"west": { "uv": [ 8.48, 2.48, 9.52, 3.52 ], "texture": "#meta_sword" },
				"east": { "uv": [ 8.48, 2.48, 9.52, 3.52 ], "texture": "#meta_sword" }
			}
		},
		{
			"__comment": "Voxels-DAC972",
			"from": [ 8, 3, 13 ],
			"to": [ 10, 4, 14 ],
			"faces": {
				"down": { "uv": [ 6.48, 4.48, 7.52, 5.52 ], "texture": "#meta_sword" },
				"up": { "uv": [ 6.48, 4.48, 7.52, 5.52 ], "texture": "#meta_sword" },
				"north": { "uv": [ 6.48, 4.48, 7.52, 5.52 ], "texture": "#meta_sword" },
				"south": { "uv": [ 6.48, 4.48, 7.52, 5.52 ], "texture": "#meta_sword" },
				"west": { "uv": [ 6.48, 4.48, 7.52, 5.52 ], "texture": "#meta_sword" },
				"east": { "uv": [ 6.48, 4.48, 7.52, 5.52 ], "texture": "#meta_sword" }
			}
		},
		{
			"__comment": "Voxels-D1BB4B",
			"from": [ 8, 4, 5 ],
			"to": [ 10, 6, 7 ],
			"faces": {
				"up": { "uv": [ 8.48, 2.48, 9.52, 3.52 ], "texture": "#meta_sword" },
				"north": { "uv": [ 8.48, 2.48, 9.52, 3.52 ], "texture": "#meta_sword" },
				"south": { "uv": [ 8.48, 2.48, 9.52, 3.52 ], "texture": "#meta_sword" },
				"west": { "uv": [ 8.48, 2.48, 9.52, 3.52 ], "texture": "#meta_sword" },
				"east": { "uv": [ 8.48, 2.48, 9.52, 3.52 ], "texture": "#meta_sword" }
			}
		},
		{
			"__comment": "Voxels-D1B837",
			"from": [ 8, 4, 7 ],
			"to": [ 9, 5, 8 ],
			"faces": {
				"west": { "uv": [ 10.48, 2.48, 11.52, 3.52 ], "texture": "#meta_sword" }
			}
		},
		{
			"__comment": "Voxels-D1BB4B",
			"from": [ 8, 4, 8 ],
			"to": [ 10, 8, 9 ],
			"faces": {
				"down": { "uv": [ 8.48, 2.48, 9.52, 3.52 ], "texture": "#meta_sword" },
				"up": { "uv": [ 8.48, 2.48, 9.52, 3.52 ], "texture": "#meta_sword" },
				"north": { "uv": [ 8.48, 2.48, 9.52, 3.52 ], "texture": "#meta_sword" },
				"west": { "uv": [ 8.48, 2.48, 9.52, 3.52 ], "texture": "#meta_sword" },
				"east": { "uv": [ 8.48, 2.48, 9.52, 3.52 ], "texture": "#meta_sword" }
			}
		},
		{
			"__comment": "Voxels-D1BB4B",
			"from": [ 8, 5, 7 ],
			"to": [ 10, 7, 8 ],
			"faces": {
				"down": { "uv": [ 8.48, 2.48, 9.52, 3.52 ], "texture": "#meta_sword" },
				"up": { "uv": [ 8.48, 2.48, 9.52, 3.52 ], "texture": "#meta_sword" },
				"north": { "uv": [ 8.48, 2.48, 9.52, 3.52 ], "texture": "#meta_sword" },
				"west": { "uv": [ 8.48, 2.48, 9.52, 3.52 ], "texture": "#meta_sword" },
				"east": { "uv": [ 8.48, 2.48, 9.52, 3.52 ], "texture": "#meta_sword" }
			}
		},
		{
			"__comment": "Voxels-D1BB4B",
			"from": [ 8, 6, 2 ],
			"to": [ 10, 7, 3 ],
			"faces": {
				"down": { "uv": [ 8.48, 2.48, 9.52, 3.52 ], "texture": "#meta_sword" },
				"up": { "uv": [ 8.48, 2.48, 9.52, 3.52 ], "texture": "#meta_sword" },
				"north": { "uv": [ 8.48, 2.48, 9.52, 3.52 ], "texture": "#meta_sword" },
				"west": { "uv": [ 8.48, 2.48, 9.52, 3.52 ], "texture": "#meta_sword" },
				"east": { "uv": [ 8.48, 2.48, 9.52, 3.52 ], "texture": "#meta_sword" }
			}
		},
		{
			"__comment": "Voxels-C9B446",
			"from": [ 8, 6, 3 ],
			"to": [ 10, 7, 5 ],
			"faces": {
				"down": { "uv": [ 0.48, 2.48, 1.52, 3.52 ], "texture": "#meta_sword" },
				"up": { "uv": [ 0.48, 2.48, 1.52, 3.52 ], "texture": "#meta_sword" },
				"west": { "uv": [ 0.48, 2.48, 1.52, 3.52 ], "texture": "#meta_sword" },
				"east": { "uv": [ 0.48, 2.48, 1.52, 3.52 ], "texture": "#meta_sword" }
			}
		},
		{
			"__comment": "Voxels-CCB640",
			"from": [ 8, 6, 5 ],
			"to": [ 10, 8, 6 ],
			"faces": {
				"up": { "uv": [ 12.48, 2.48, 13.52, 3.52 ], "texture": "#meta_sword" },
				"north": { "uv": [ 12.48, 2.48, 13.52, 3.52 ], "texture": "#meta_sword" },
				"south": { "uv": [ 12.48, 2.48, 13.52, 3.52 ], "texture": "#meta_sword" },
				"west": { "uv": [ 12.48, 2.48, 13.52, 3.52 ], "texture": "#meta_sword" },
				"east": { "uv": [ 12.48, 2.48, 13.52, 3.52 ], "texture": "#meta_sword" }
			}
		},
		{
			"__comment": "Voxels-D1BB4B",
			"from": [ 8, 6, 6 ],
			"to": [ 9, 8, 7 ],
			"faces": {
				"south": { "uv": [ 8.48, 2.48, 9.52, 3.52 ], "texture": "#meta_sword" },
				"west": { "uv": [ 8.48, 2.48, 9.52, 3.52 ], "texture": "#meta_sword" },
				"east": { "uv": [ 8.48, 2.48, 9.52, 3.52 ], "texture": "#meta_sword" }
			}
		},
		{
			"__comment": "Voxels-C9B446",
			"from": [ 8, 6, 10 ],
			"to": [ 10, 7, 12 ],
			"faces": {
				"down": { "uv": [ 0.48, 2.48, 1.52, 3.52 ], "texture": "#meta_sword" },
				"up": { "uv": [ 0.48, 2.48, 1.52, 3.52 ], "texture": "#meta_sword" },
				"south": { "uv": [ 0.48, 2.48, 1.52, 3.52 ], "texture": "#meta_sword" },
				"west": { "uv": [ 0.48, 2.48, 1.52, 3.52 ], "texture": "#meta_sword" },
				"east": { "uv": [ 0.48, 2.48, 1.52, 3.52 ], "texture": "#meta_sword" }
			}
		},
		{
			"__comment": "Voxels-D1B837",
			"from": [ 8, 6, 12 ],
			"to": [ 9, 8, 13 ],
			"faces": {
				"down": { "uv": [ 10.48, 2.48, 11.52, 3.52 ], "texture": "#meta_sword" },
				"up": { "uv": [ 10.48, 2.48, 11.52, 3.52 ], "texture": "#meta_sword" },
				"north": { "uv": [ 10.48, 2.48, 11.52, 3.52 ], "texture": "#meta_sword" },
				"south": { "uv": [ 10.48, 2.48, 11.52, 3.52 ], "texture": "#meta_sword" },
				"west": { "uv": [ 10.48, 2.48, 11.52, 3.52 ], "texture": "#meta_sword" },
				"east": { "uv": [ 10.48, 2.48, 11.52, 3.52 ], "texture": "#meta_sword" }
			}
		},
		{
			"__comment": "Voxels-DAC972",
			"from": [ 8, 7, 1 ],
			"to": [ 10, 8, 2 ],
			"faces": {
				"down": { "uv": [ 6.48, 4.48, 7.52, 5.52 ], "texture": "#meta_sword" },
				"north": { "uv": [ 6.48, 4.48, 7.52, 5.52 ], "texture": "#meta_sword" },
				"south": { "uv": [ 6.48, 4.48, 7.52, 5.52 ], "texture": "#meta_sword" },
				"west": { "uv": [ 6.48, 4.48, 7.52, 5.52 ], "texture": "#meta_sword" },
				"east": { "uv": [ 6.48, 4.48, 7.52, 5.52 ], "texture": "#meta_sword" }
			}
		},
		{
			"__comment": "Voxels-D1BB4B",
			"from": [ 8, 7, 2 ],
			"to": [ 9, 8, 3 ],
			"faces": {
				"up": { "uv": [ 8.48, 2.48, 9.52, 3.52 ], "texture": "#meta_sword" },
				"south": { "uv": [ 8.48, 2.48, 9.52, 3.52 ], "texture": "#meta_sword" },
				"west": { "uv": [ 8.48, 2.48, 9.52, 3.52 ], "texture": "#meta_sword" }
			}
		},
		{
			"__comment": "Voxels-D1BB4B",
			"from": [ 8, 7, 7 ],
			"to": [ 9, 12, 8 ],
			"faces": {
				"north": { "uv": [ 8.48, 2.48, 9.52, 3.52 ], "texture": "#meta_sword" },
				"south": { "uv": [ 8.48, 2.48, 9.52, 3.52 ], "texture": "#meta_sword" },
				"west": { "uv": [ 8.48, 2.48, 9.52, 3.52 ], "texture": "#meta_sword" },
				"east": { "uv": [ 8.48, 2.48, 9.52, 3.52 ], "texture": "#meta_sword" }
			}
		},
		{
			"__comment": "Voxels-DAC972",
			"from": [ 8, 7, 13 ],
			"to": [ 9, 9, 14 ],
			"faces": {
				"down": { "uv": [ 6.48, 4.48, 7.52, 5.52 ], "texture": "#meta_sword" },
				"up": { "uv": [ 6.48, 4.48, 7.52, 5.52 ], "texture": "#meta_sword" },
				"north": { "uv": [ 6.48, 4.48, 7.52, 5.52 ], "texture": "#meta_sword" },
				"south": { "uv": [ 6.48, 4.48, 7.52, 5.52 ], "texture": "#meta_sword" },
				"west": { "uv": [ 6.48, 4.48, 7.52, 5.52 ], "texture": "#meta_sword" },
				"east": { "uv": [ 6.48, 4.48, 7.52, 5.52 ], "texture": "#meta_sword" }
			}
		},
		{
			"__comment": "Voxels-D1B837",
			"from": [ 8, 8, 1 ],
			"to": [ 10, 9, 2 ],
			"faces": {
				"up": { "uv": [ 10.48, 2.48, 11.52, 3.52 ], "texture": "#meta_sword" },
				"north": { "uv": [ 10.48, 2.48, 11.52, 3.52 ], "texture": "#meta_sword" },
				"south": { "uv": [ 10.48, 2.48, 11.52, 3.52 ], "texture": "#meta_sword" },
				"west": { "uv": [ 10.48, 2.48, 11.52, 3.52 ], "texture": "#meta_sword" },
				"east": { "uv": [ 10.48, 2.48, 11.52, 3.52 ], "texture": "#meta_sword" }
			}
		},
		{
			"__comment": "Voxels-CCB640",
			"from": [ 8, 8, 5 ],
			"to": [ 9, 9, 7 ],
			"faces": {
				"down": { "uv": [ 12.48, 2.48, 13.52, 3.52 ], "texture": "#meta_sword" },
				"up": { "uv": [ 12.48, 2.48, 13.52, 3.52 ], "texture": "#meta_sword" },
				"north": { "uv": [ 12.48, 2.48, 13.52, 3.52 ], "texture": "#meta_sword" },
				"west": { "uv": [ 12.48, 2.48, 13.52, 3.52 ], "texture": "#meta_sword" },
				"east": { "uv": [ 12.48, 2.48, 13.52, 3.52 ], "texture": "#meta_sword" }
			}
		},
		{
			"__comment": "Voxels-D1BB4B",
			"from": [ 8, 8, 8 ],
			"to": [ 9, 10, 9 ],
			"faces": {
				"south": { "uv": [ 8.48, 2.48, 9.52, 3.52 ], "texture": "#meta_sword" },
				"west": { "uv": [ 8.48, 2.48, 9.52, 3.52 ], "texture": "#meta_sword" }
			}
		},
		{
			"__comment": "Voxels-D8C14A",
			"from": [ 8, 9, 5 ],
			"to": [ 9, 10, 6 ],
			"faces": {
				"north": { "uv": [ 14.48, 2.48, 15.52, 3.52 ], "texture": "#meta_sword" },
				"west": { "uv": [ 14.48, 2.48, 15.52, 3.52 ], "texture": "#meta_sword" }
			}
		},
		{
			"__comment": "Voxels-CCB640",
			"from": [ 8, 9, 6 ],
			"to": [ 9, 11, 7 ],
			"faces": {
				"north": { "uv": [ 12.48, 2.48, 13.52, 3.52 ], "texture": "#meta_sword" },
				"west": { "uv": [ 12.48, 2.48, 13.52, 3.52 ], "texture": "#meta_sword" },
				"east": { "uv": [ 12.48, 2.48, 13.52, 3.52 ], "texture": "#meta_sword" }
			}
		},
		{
			"__comment": "Voxels-CCB640",
			"from": [ 8, 9, 9 ],
			"to": [ 10, 10, 10 ],
			"faces": {
				"up": { "uv": [ 12.48, 2.48, 13.52, 3.52 ], "texture": "#meta_sword" },
				"north": { "uv": [ 12.48, 2.48, 13.52, 3.52 ], "texture": "#meta_sword" },
				"south": { "uv": [ 12.48, 2.48, 13.52, 3.52 ], "texture": "#meta_sword" },
				"west": { "uv": [ 12.48, 2.48, 13.52, 3.52 ], "texture": "#meta_sword" },
				"east": { "uv": [ 12.48, 2.48, 13.52, 3.52 ], "texture": "#meta_sword" }
			}
		},
		{
			"__comment": "Voxels-D2BA3A",
			"from": [ 8, 10, 5 ],
			"to": [ 9, 11, 6 ],
			"faces": {
				"up": { "uv": [ 0.48, 4.48, 1.52, 5.52 ], "texture": "#meta_sword" },
				"north": { "uv": [ 0.48, 4.48, 1.52, 5.52 ], "texture": "#meta_sword" },
				"west": { "uv": [ 0.48, 4.48, 1.52, 5.52 ], "texture": "#meta_sword" }
			}
		},
		{
			"__comment": "Voxels-CCB640",
			"from": [ 8, 10, 8 ],
			"to": [ 9, 11, 10 ],
			"faces": {
				"down": { "uv": [ 12.48, 2.48, 13.52, 3.52 ], "texture": "#meta_sword" },
				"up": { "uv": [ 12.48, 2.48, 13.52, 3.52 ], "texture": "#meta_sword" },
				"south": { "uv": [ 12.48, 2.48, 13.52, 3.52 ], "texture": "#meta_sword" },
				"west": { "uv": [ 12.48, 2.48, 13.52, 3.52 ], "texture": "#meta_sword" }
			}
		},
		{
			"__comment": "Voxels-D8C14A",
			"from": [ 8.5, 11, 4 ],
			"to": [ 9.5, 14, 5 ],
			"faces": {
				"down": { "uv": [ 14.48, 2.48, 15.52, 3.52 ], "texture": "#meta_sword" },
				"up": { "uv": [ 14.48, 2.48, 15.52, 3.52 ], "texture": "#meta_sword" },
				"north": { "uv": [ 14.48, 2.48, 15.52, 3.52 ], "texture": "#meta_sword" },
				"south": { "uv": [ 14.48, 2.48, 15.52, 3.52 ], "texture": "#meta_sword" },
				"west": { "uv": [ 14.48, 2.48, 15.52, 3.52 ], "texture": "#meta_sword" },
				"east": { "uv": [ 14.48, 2.48, 15.52, 3.52 ], "texture": "#meta_sword" }
			}
		},
		{
			"__comment": "Voxels-D1BB4B",
			"from": [ 8.5, 11, 6 ],
			"to": [ 9.5, 12, 7 ],
			"faces": {
				"down": { "uv": [ 8.48, 2.48, 9.52, 3.52 ], "texture": "#meta_sword" },
				"south": { "uv": [ 8.48, 2.48, 9.52, 3.52 ], "texture": "#meta_sword" }
			}
		},
		{
			"__comment": "Voxels-D2BA3A",
			"from": [ 8, 11, 8 ],
			"to": [ 10, 12, 9 ],
			"faces": {
				"down": { "uv": [ 0.48, 4.48, 1.52, 5.52 ], "texture": "#meta_sword" },
				"up": { "uv": [ 0.48, 4.48, 1.52, 5.52 ], "texture": "#meta_sword" },
				"north": { "uv": [ 0.48, 4.48, 1.52, 5.52 ], "texture": "#meta_sword" },
				"south": { "uv": [ 0.48, 4.48, 1.52, 5.52 ], "texture": "#meta_sword" },
				"west": { "uv": [ 0.48, 4.48, 1.52, 5.52 ], "texture": "#meta_sword" },
				"east": { "uv": [ 0.48, 4.48, 1.52, 5.52 ], "texture": "#meta_sword" }
			}
		},
		{
			"__comment": "Voxels-D2BA3A",
			"from": [ 8.5, 11, 9 ],
			"to": [ 9.5, 12, 10 ],
			"faces": {
				"down": { "uv": [ 0.48, 4.48, 1.52, 5.52 ], "texture": "#meta_sword" },
				"west": { "uv": [ 0.48, 4.48, 1.52, 5.52 ], "texture": "#meta_sword" },
				"east": { "uv": [ 0.48, 4.48, 1.52, 5.52 ], "texture": "#meta_sword" }
			}
		},
		{
			"__comment": "Voxels-D8C14A",
			"from": [ 8.5, 11, 10 ],
			"to": [ 9.5, 14, 11 ],
			"faces": {
				"down": { "uv": [ 14.48, 2.48, 15.52, 3.52 ], "texture": "#meta_sword" },
				"up": { "uv": [ 14.48, 2.48, 15.52, 3.52 ], "texture": "#meta_sword" },
				"north": { "uv": [ 14.48, 2.48, 15.52, 3.52 ], "texture": "#meta_sword" },
				"south": { "uv": [ 14.48, 2.48, 15.52, 3.52 ], "texture": "#meta_sword" },
				"west": { "uv": [ 14.48, 2.48, 15.52, 3.52 ], "texture": "#meta_sword" },
				"east": { "uv": [ 14.48, 2.48, 15.52, 3.52 ], "texture": "#meta_sword" }
			}
		},
		{
			"__comment": "Voxels-D8C14A",
			"from": [ 8.5, 12, 3 ],
			"to": [ 9.5, 13, 4 ],
			"faces": {
				"down": { "uv": [ 14.48, 2.48, 15.52, 3.52 ], "texture": "#meta_sword" },
				"up": { "uv": [ 14.48, 2.48, 15.52, 3.52 ], "texture": "#meta_sword" },
				"north": { "uv": [ 14.48, 2.48, 15.52, 3.52 ], "texture": "#meta_sword" },
				"west": { "uv": [ 14.48, 2.48, 15.52, 3.52 ], "texture": "#meta_sword" },
				"east": { "uv": [ 14.48, 2.48, 15.52, 3.52 ], "texture": "#meta_sword" }
			}
		},
		{
			"__comment": "Voxels-D8C14A",
			"from": [ 8.5, 12, 5 ],
			"to": [ 9.5, 14, 7 ],
			"faces": {
				"down": { "uv": [ 14.48, 2.48, 15.52, 3.52 ], "texture": "#meta_sword" },
				"up": { "uv": [ 14.48, 2.48, 15.52, 3.52 ], "texture": "#meta_sword" },
				"south": { "uv": [ 14.48, 2.48, 15.52, 3.52 ], "texture": "#meta_sword" },
				"west": { "uv": [ 14.48, 2.48, 15.52, 3.52 ], "texture": "#meta_sword" },
				"east": { "uv": [ 14.48, 2.48, 15.52, 3.52 ], "texture": "#meta_sword" }
			}
		},
		{
			"__comment": "Voxels-D2BA3A",
			"from": [ 8.5, 12, 7 ],
			"to": [ 9.5, 13, 9 ],
			"faces": {
				"down": { "uv": [ 0.48, 4.48, 1.52, 5.52 ], "texture": "#meta_sword" },
				"west": { "uv": [ 0.48, 4.48, 1.52, 5.52 ], "texture": "#meta_sword" },
				"east": { "uv": [ 0.48, 4.48, 1.52, 5.52 ], "texture": "#meta_sword" }
			}
		},
		{
			"__comment": "Voxels-D8C14A",
			"from": [ 8.5, 12, 9 ],
			"to": [ 9.5, 13, 10 ],
			"faces": {
				"west": { "uv": [ 14.48, 2.48, 15.52, 3.52 ], "texture": "#meta_sword" },
				"east": { "uv": [ 14.48, 2.48, 15.52, 3.52 ], "texture": "#meta_sword" }
			}
		},
		{
			"__comment": "Voxels-D8C14A",
			"from": [ 8.5, 12, 11 ],
			"to": [ 9.5, 13, 12 ],
			"faces": {
				"down": { "uv": [ 14.48, 2.48, 15.52, 3.52 ], "texture": "#meta_sword" },
				"up": { "uv": [ 14.48, 2.48, 15.52, 3.52 ], "texture": "#meta_sword" },
				"south": { "uv": [ 14.48, 2.48, 15.52, 3.52 ], "texture": "#meta_sword" },
				"west": { "uv": [ 14.48, 2.48, 15.52, 3.52 ], "texture": "#meta_sword" },
				"east": { "uv": [ 14.48, 2.48, 15.52, 3.52 ], "texture": "#meta_sword" }
			}
		},
		{
			"__comment": "Voxels-D8C14A",
			"from": [ 8.5, 13, 7 ],
			"to": [ 9.5, 14, 9 ],
			"faces": {
				"up": { "uv": [ 14.48, 2.48, 15.52, 3.52 ], "texture": "#meta_sword" },
				"west": { "uv": [ 14.48, 2.48, 15.52, 3.52 ], "texture": "#meta_sword" },
				"east": { "uv": [ 14.48, 2.48, 15.52, 3.52 ], "texture": "#meta_sword" }
			}
		},
		{
			"__comment": "Voxels-D2BA3A",
			"from": [ 8.5, 13, 9 ],
			"to": [ 9.5, 14, 10 ],
			"faces": {
				"west": { "uv": [ 0.48, 4.48, 1.52, 5.52 ], "texture": "#meta_sword" },
				"east": { "uv": [ 0.48, 4.48, 1.52, 5.52 ], "texture": "#meta_sword" }
			}
		},
		{
			"__comment": "Voxels-DAC972",
			"from": [ 8.5, 14, 5 ],
			"to": [ 9.5, 15, 6 ],
			"faces": {
				"up": { "uv": [ 6.48, 4.48, 7.52, 5.52 ], "texture": "#meta_sword" },
				"north": { "uv": [ 6.48, 4.48, 7.52, 5.52 ], "texture": "#meta_sword" },
				"west": { "uv": [ 6.48, 4.48, 7.52, 5.52 ], "texture": "#meta_sword" },
				"east": { "uv": [ 6.48, 4.48, 7.52, 5.52 ], "texture": "#meta_sword" }
			}
		},
		{
			"__comment": "Voxels-D8C14A",
			"from": [ 8.5, 14, 6 ],
			"to": [ 9.5, 15, 7 ],
			"faces": {
				"west": { "uv": [ 14.48, 2.48, 15.52, 3.52 ], "texture": "#meta_sword" },
				"east": { "uv": [ 14.48, 2.48, 15.52, 3.52 ], "texture": "#meta_sword" }
			}
		},
		{
			"__comment": "Voxels-DAC972",
			"from": [ 8.5, 14, 7 ],
			"to": [ 9.5, 17, 8 ],
			"faces": {
				"up": { "uv": [ 6.48, 4.48, 7.52, 5.52 ], "texture": "#meta_sword", "cullface": "up" },
				"north": { "uv": [ 6.48, 4.48, 7.52, 5.52 ], "texture": "#meta_sword", "cullface": "up" },
				"south": { "uv": [ 6.48, 4.48, 7.52, 5.52 ], "texture": "#meta_sword", "cullface": "up" },
				"west": { "uv": [ 6.48, 4.48, 7.52, 5.52 ], "texture": "#meta_sword", "cullface": "up" },
				"east": { "uv": [ 6.48, 4.48, 7.52, 5.52 ], "texture": "#meta_sword", "cullface": "up" }
			}
		},
		{
			"__comment": "Voxels-D8C14A",
			"from": [ 8.5, 14, 8 ],
			"to": [ 9.5, 16, 9 ],
			"faces": {
				"up": { "uv": [ 14.48, 2.48, 15.52, 3.52 ], "texture": "#meta_sword", "cullface": "up" },
				"south": { "uv": [ 14.48, 2.48, 15.52, 3.52 ], "texture": "#meta_sword" },
				"west": { "uv": [ 14.48, 2.48, 15.52, 3.52 ], "texture": "#meta_sword" },
				"east": { "uv": [ 14.48, 2.48, 15.52, 3.52 ], "texture": "#meta_sword" }
			}
		},
		{
			"__comment": "Voxels-D8C14A",
			"from": [ 8.5, 14, 9 ],
			"to": [ 9.5, 15, 10 ],
			"faces": {
				"up": { "uv": [ 14.48, 2.48, 15.52, 3.52 ], "texture": "#meta_sword" },
				"south": { "uv": [ 14.48, 2.48, 15.52, 3.52 ], "texture": "#meta_sword" },
				"west": { "uv": [ 14.48, 2.48, 15.52, 3.52 ], "texture": "#meta_sword" },
				"east": { "uv": [ 14.48, 2.48, 15.52, 3.52 ], "texture": "#meta_sword" }
			}
		},
		{
			"__comment": "Voxels-DAC972",
			"from": [ 8.5, 15, 6 ],
			"to": [ 9.5, 16, 7 ],
			"faces": {
				"up": { "uv": [ 6.48, 4.48, 7.52, 5.52 ], "texture": "#meta_sword", "cullface": "up" },
				"north": { "uv": [ 6.48, 4.48, 7.52, 5.52 ], "texture": "#meta_sword" },
				"west": { "uv": [ 6.48, 4.48, 7.52, 5.52 ], "texture": "#meta_sword" },
				"east": { "uv": [ 6.48, 4.48, 7.52, 5.52 ], "texture": "#meta_sword" }
			}
		},
		{
			"__comment": "Voxels-B9A642",
			"from": [ 9, -13, 6 ],
			"to": [ 10, -12, 7 ],
			"faces": {
				"north": { "uv": [ 4.48, 2.48, 5.52, 3.52 ], "texture": "#meta_sword", "cullface": "down" },
				"east": { "uv": [ 4.48, 2.48, 5.52, 3.52 ], "texture": "#meta_sword", "cullface": "down" }
			}
		},
		{
			"__comment": "Voxels-B9A642",
			"from": [ 9, -13, 8 ],
			"to": [ 10, -12, 9 ],
			"faces": {
				"south": { "uv": [ 4.48, 2.48, 5.52, 3.52 ], "texture": "#meta_sword", "cullface": "down" },
				"east": { "uv": [ 4.48, 2.48, 5.52, 3.52 ], "texture": "#meta_sword", "cullface": "down" }
			}
		},
		{
			"__comment": "Voxels-B9A642",
			"from": [ 9, -11, 8 ],
			"to": [ 10, -10, 9 ],
			"faces": {
				"south": { "uv": [ 4.48, 2.48, 5.52, 3.52 ], "texture": "#meta_sword", "cullface": "down" },
				"east": { "uv": [ 4.48, 2.48, 5.52, 3.52 ], "texture": "#meta_sword", "cullface": "down" }
			}
		},
		{
			"__comment": "Voxels-C9B446",
			"from": [ 9, -10, 8 ],
			"to": [ 10, -8, 9 ],
			"faces": {
				"north": { "uv": [ 0.48, 2.48, 1.52, 3.52 ], "texture": "#meta_sword", "cullface": "down" },
				"south": { "uv": [ 0.48, 2.48, 1.52, 3.52 ], "texture": "#meta_sword", "cullface": "down" },
				"east": { "uv": [ 0.48, 2.48, 1.52, 3.52 ], "texture": "#meta_sword", "cullface": "down" }
			}
		},
		{
			"__comment": "Voxels-B9A642",
			"from": [ 9, -9, 6 ],
			"to": [ 10, -8, 7 ],
			"faces": {
				"north": { "uv": [ 4.48, 2.48, 5.52, 3.52 ], "texture": "#meta_sword", "cullface": "down" },
				"east": { "uv": [ 4.48, 2.48, 5.52, 3.52 ], "texture": "#meta_sword", "cullface": "down" }
			}
		},
		{
			"__comment": "Voxels-C9B446",
			"from": [ 9, -9, 7 ],
			"to": [ 10, -5, 8 ],
			"faces": {
				"north": { "uv": [ 0.48, 2.48, 1.52, 3.52 ], "texture": "#meta_sword", "cullface": "down" },
				"south": { "uv": [ 0.48, 2.48, 1.52, 3.52 ], "texture": "#meta_sword", "cullface": "down" },
				"east": { "uv": [ 0.48, 2.48, 1.52, 3.52 ], "texture": "#meta_sword", "cullface": "down" }
			}
		},
		{
			"__comment": "Voxels-C9B446",
			"from": [ 9, -8, 6 ],
			"to": [ 10, -5, 7 ],
			"faces": {
				"north": { "uv": [ 0.48, 2.48, 1.52, 3.52 ], "texture": "#meta_sword", "cullface": "down" },
				"east": { "uv": [ 0.48, 2.48, 1.52, 3.52 ], "texture": "#meta_sword", "cullface": "down" }
			}
		},
		{
			"__comment": "Voxels-B9A642",
			"from": [ 9, -8, 8 ],
			"to": [ 10, -7, 9 ],
			"faces": {
				"south": { "uv": [ 4.48, 2.48, 5.52, 3.52 ], "texture": "#meta_sword", "cullface": "down" },
				"east": { "uv": [ 4.48, 2.48, 5.52, 3.52 ], "texture": "#meta_sword", "cullface": "down" }
			}
		},
		{
			"__comment": "Voxels-B06037",
			"from": [ 8, -6, 5 ],
			"to": [ 9, -5, 6 ],
			"faces": {
				"down": { "uv": [ 8.5, 0.5, 9.54, 1.540001 ], "texture": "#meta_sword", "cullface": "down" },
				"north": { "uv": [ 8.5, 0.5, 9.54, 1.540001 ], "texture": "#meta_sword", "cullface": "down" }
			}
		},
		{
			"__comment": "Voxels-C86939",
			"from": [ 9, -4, 9 ],
			"to": [ 10, -3, 10 ],
			"faces": {
				"down": { "uv": [ 14.48, 0.4799995, 15.52, 1.52 ], "texture": "#meta_sword", "cullface": "down" },
				"west": { "uv": [ 14.48, 0.4799995, 15.52, 1.52 ], "texture": "#meta_sword", "cullface": "down" }
			}
		},
		{
			"__comment": "Voxels-DD7D4C",
			"from": [ 9, -3, 0 ],
			"to": [ 10, -2, 1 ],
			"faces": {
				"down": { "uv": [ 10.48, 0.4799995, 11.52, 1.52 ], "texture": "#meta_sword", "cullface": "down" },
				"up": { "uv": [ 10.48, 0.4799995, 11.52, 1.52 ], "texture": "#meta_sword", "cullface": "down" },
				"north": { "uv": [ 10.48, 0.4799995, 11.52, 1.52 ], "texture": "#meta_sword", "cullface": "down" },
				"east": { "uv": [ 10.48, 0.4799995, 11.52, 1.52 ], "texture": "#meta_sword", "cullface": "down" }
			}
		},
		{
			"__comment": "Voxels-E38556",
			"from": [ 9, -3, 3 ],
			"to": [ 10, -2, 4 ],
			"faces": {
				"up": { "uv": [ 8.48, 0.4799995, 9.52, 1.52 ], "texture": "#meta_sword", "cullface": "down" },
				"south": { "uv": [ 8.48, 0.4799995, 9.52, 1.52 ], "texture": "#meta_sword", "cullface": "down" },
				"east": { "uv": [ 8.48, 0.4799995, 9.52, 1.52 ], "texture": "#meta_sword", "cullface": "down" }
			}
		},
		{
			"__comment": "Voxels-DD7D4C",
			"from": [ 9, -3, 11 ],
			"to": [ 10, -2, 12 ],
			"faces": {
				"up": { "uv": [ 10.48, 0.4799995, 11.52, 1.52 ], "texture": "#meta_sword", "cullface": "down" },
				"north": { "uv": [ 10.48, 0.4799995, 11.52, 1.52 ], "texture": "#meta_sword", "cullface": "down" },
				"east": { "uv": [ 10.48, 0.4799995, 11.52, 1.52 ], "texture": "#meta_sword", "cullface": "down" }
			}
		},
		{
			"__comment": "Voxels-E38556",
			"from": [ 9, -3, 13 ],
			"to": [ 11, -2, 14 ],
			"faces": {
				"down": { "uv": [ 8.48, 0.4799995, 9.52, 1.52 ], "texture": "#meta_sword", "cullface": "down" },
				"up": { "uv": [ 8.48, 0.4799995, 9.52, 1.52 ], "texture": "#meta_sword", "cullface": "down" },
				"north": { "uv": [ 8.48, 0.4799995, 9.52, 1.52 ], "texture": "#meta_sword", "cullface": "down" },
				"south": { "uv": [ 8.48, 0.4799995, 9.52, 1.52 ], "texture": "#meta_sword", "cullface": "down" },
				"east": { "uv": [ 8.48, 0.4799995, 9.52, 1.52 ], "texture": "#meta_sword", "cullface": "down" }
			}
		},
		{
			"__comment": "Voxels-E38556",
			"from": [ 9, -3, 14 ],
			"to": [ 10, -2, 15 ],
			"faces": {
				"down": { "uv": [ 8.48, 0.4799995, 9.52, 1.52 ], "texture": "#meta_sword", "cullface": "down" },
				"up": { "uv": [ 8.48, 0.4799995, 9.52, 1.52 ], "texture": "#meta_sword", "cullface": "down" },
				"south": { "uv": [ 8.48, 0.4799995, 9.52, 1.52 ], "texture": "#meta_sword", "cullface": "down" },
				"east": { "uv": [ 8.48, 0.4799995, 9.52, 1.52 ], "texture": "#meta_sword", "cullface": "down" }
			}
		},
		{
			"__comment": "Voxels-C9B446",
			"from": [ 9, -1, 5 ],
			"to": [ 10, 0, 6 ],
			"faces": {
				"north": { "uv": [ 0.48, 2.48, 1.52, 3.52 ], "texture": "#meta_sword", "cullface": "down" },
				"east": { "uv": [ 0.48, 2.48, 1.52, 3.52 ], "texture": "#meta_sword", "cullface": "down" }
			}
		},
		{
			"__comment": "Voxels-AF9E42",
			"from": [ 9, -1, 6 ],
			"to": [ 10, 0, 7 ],
			"faces": {
				"east": { "uv": [ 2.48, 4.48, 3.52, 5.52 ], "texture": "#meta_sword", "cullface": "down" }
			}
		},
		{
			"__comment": "Voxels-B9A642",
			"from": [ 9, -1, 7 ],
			"to": [ 10, 0, 8 ],
			"faces": {
				"east": { "uv": [ 4.48, 2.48, 5.52, 3.52 ], "texture": "#meta_sword", "cullface": "down" }
			}
		},
		{
			"__comment": "Voxels-AF9E42",
			"from": [ 9, -1, 9 ],
			"to": [ 10, 1, 10 ],
			"faces": {
				"north": { "uv": [ 2.48, 4.48, 3.52, 5.52 ], "texture": "#meta_sword", "cullface": "down" },
				"south": { "uv": [ 2.48, 4.48, 3.52, 5.52 ], "texture": "#meta_sword", "cullface": "down" },
				"west": { "uv": [ 2.48, 4.48, 3.52, 5.52 ], "texture": "#meta_sword", "cullface": "down" },
				"east": { "uv": [ 2.48, 4.48, 3.52, 5.52 ], "texture": "#meta_sword", "cullface": "down" }
			}
		},
		{
			"__comment": "Voxels-D1B837",
			"from": [ 9, 0, 5 ],
			"to": [ 10, 1, 6 ],
			"faces": {
				"north": { "uv": [ 10.48, 2.48, 11.52, 3.52 ], "texture": "#meta_sword" },
				"east": { "uv": [ 10.48, 2.48, 11.52, 3.52 ], "texture": "#meta_sword" }
			}
		},
		{
			"__comment": "Voxels-C9B446",
			"from": [ 9, 0, 6 ],
			"to": [ 10, 1, 8 ],
			"faces": {
				"down": { "uv": [ 0.48, 2.48, 1.52, 3.52 ], "texture": "#meta_sword", "cullface": "down" },
				"up": { "uv": [ 0.48, 2.48, 1.52, 3.52 ], "texture": "#meta_sword" },
				"east": { "uv": [ 0.48, 2.48, 1.52, 3.52 ], "texture": "#meta_sword" }
			}
		},
		{
			"__comment": "Voxels-B9A642",
			"from": [ 9, 0, 8 ],
			"to": [ 10, 1, 9 ],
			"faces": {
				"east": { "uv": [ 4.48, 2.48, 5.52, 3.52 ], "texture": "#meta_sword" }
			}
		},
		{
			"__comment": "Voxels-D1B837",
			"from": [ 9, 1, 6 ],
			"to": [ 10, 2, 7 ],
			"faces": {
				"east": { "uv": [ 10.48, 2.48, 11.52, 3.52 ], "texture": "#meta_sword" }
			}
		},
		{
			"__comment": "Voxels-C9B446",
			"from": [ 9, 1, 7 ],
			"to": [ 10, 2, 9 ],
			"faces": {
				"down": { "uv": [ 0.48, 2.48, 1.52, 3.52 ], "texture": "#meta_sword" },
				"up": { "uv": [ 0.48, 2.48, 1.52, 3.52 ], "texture": "#meta_sword" },
				"east": { "uv": [ 0.48, 2.48, 1.52, 3.52 ], "texture": "#meta_sword" }
			}
		},
		{
			"__comment": "Voxels-D1B837",
			"from": [ 9, 1, 9 ],
			"to": [ 10, 2, 10 ],
			"faces": {
				"east": { "uv": [ 10.48, 2.48, 11.52, 3.52 ], "texture": "#meta_sword" }
			}
		},
		{
			"__comment": "Voxels-D1B837",
			"from": [ 9, 1, 11 ],
			"to": [ 10, 2, 12 ],
			"faces": {
				"down": { "uv": [ 10.48, 2.48, 11.52, 3.52 ], "texture": "#meta_sword" },
				"up": { "uv": [ 10.48, 2.48, 11.52, 3.52 ], "texture": "#meta_sword" },
				"east": { "uv": [ 10.48, 2.48, 11.52, 3.52 ], "texture": "#meta_sword" }
			}
		},
		{
			"__comment": "Voxels-C9B446",
			"from": [ 9, 1, 12 ],
			"to": [ 10, 2, 13 ],
			"faces": {
				"down": { "uv": [ 0.48, 2.48, 1.52, 3.52 ], "texture": "#meta_sword" },
				"south": { "uv": [ 0.48, 2.48, 1.52, 3.52 ], "texture": "#meta_sword" },
				"east": { "uv": [ 0.48, 2.48, 1.52, 3.52 ], "texture": "#meta_sword" }
			}
		},
		{
			"__comment": "Voxels-DAC972",
			"from": [ 9, 2, 1 ],
			"to": [ 10, 3, 2 ],
			"faces": {
				"down": { "uv": [ 6.48, 4.48, 7.52, 5.52 ], "texture": "#meta_sword" },
				"north": { "uv": [ 6.48, 4.48, 7.52, 5.52 ], "texture": "#meta_sword" },
				"east": { "uv": [ 6.48, 4.48, 7.52, 5.52 ], "texture": "#meta_sword" }
			}
		},
		{
			"__comment": "Voxels-D1B837",
			"from": [ 9, 2, 2 ],
			"to": [ 10, 3, 3 ],
			"faces": {
				"up": { "uv": [ 10.48, 2.48, 11.52, 3.52 ], "texture": "#meta_sword" },
				"south": { "uv": [ 10.48, 2.48, 11.52, 3.52 ], "texture": "#meta_sword" },
				"east": { "uv": [ 10.48, 2.48, 11.52, 3.52 ], "texture": "#meta_sword" }
			}
		},
		{
			"__comment": "Voxels-D1B837",
			"from": [ 9, 2, 7 ],
			"to": [ 10, 3, 8 ],
			"faces": {
				"east": { "uv": [ 10.48, 2.48, 11.52, 3.52 ], "texture": "#meta_sword" }
			}
		},
		{
			"__comment": "Voxels-D1B837",
			"from": [ 9, 2, 13 ],
			"to": [ 10, 3, 14 ],
			"faces": {
				"down": { "uv": [ 10.48, 2.48, 11.52, 3.52 ], "texture": "#meta_sword" },
				"south": { "uv": [ 10.48, 2.48, 11.52, 3.52 ], "texture": "#meta_sword" },
				"east": { "uv": [ 10.48, 2.48, 11.52, 3.52 ], "texture": "#meta_sword" }
			}
		},
		{
			"__comment": "Voxels-D1BB4B",
			"from": [ 9, 3, 1 ],
			"to": [ 10, 4, 2 ],
			"faces": {
				"up": { "uv": [ 8.48, 2.48, 9.52, 3.52 ], "texture": "#meta_sword" },
				"north": { "uv": [ 8.48, 2.48, 9.52, 3.52 ], "texture": "#meta_sword" },
				"south": { "uv": [ 8.48, 2.48, 9.52, 3.52 ], "texture": "#meta_sword" },
				"east": { "uv": [ 8.48, 2.48, 9.52, 3.52 ], "texture": "#meta_sword" }
			}
		},
		{
			"__comment": "Voxels-D1BB4B",
			"from": [ 9, 3, 8 ],
			"to": [ 10, 4, 9 ],
			"faces": {
				"east": { "uv": [ 8.48, 2.48, 9.52, 3.52 ], "texture": "#meta_sword" }
			}
		},
		{
			"__comment": "Voxels-D1BB4B",
			"from": [ 9, 4, 7 ],
			"to": [ 10, 5, 8 ],
			"faces": {
				"east": { "uv": [ 8.48, 2.48, 9.52, 3.52 ], "texture": "#meta_sword" }
			}
		},
		{
			"__comment": "Voxels-C9B446",
			"from": [ 9, 6, 6 ],
			"to": [ 10, 7, 7 ],
			"faces": {
				"east": { "uv": [ 0.48, 2.48, 1.52, 3.52 ], "texture": "#meta_sword" }
			}
		},
		{
			"__comment": "Voxels-C9B446",
			"from": [ 9, 6, 12 ],
			"to": [ 10, 7, 13 ],
			"faces": {
				"down": { "uv": [ 0.48, 2.48, 1.52, 3.52 ], "texture": "#meta_sword" },
				"south": { "uv": [ 0.48, 2.48, 1.52, 3.52 ], "texture": "#meta_sword" },
				"east": { "uv": [ 0.48, 2.48, 1.52, 3.52 ], "texture": "#meta_sword" }
			}
		},
		{
			"__comment": "Voxels-D1B837",
			"from": [ 9, 7, 2 ],
			"to": [ 10, 8, 3 ],
			"faces": {
				"up": { "uv": [ 10.48, 2.48, 11.52, 3.52 ], "texture": "#meta_sword" },
				"south": { "uv": [ 10.48, 2.48, 11.52, 3.52 ], "texture": "#meta_sword" },
				"east": { "uv": [ 10.48, 2.48, 11.52, 3.52 ], "texture": "#meta_sword" }
			}
		},
		{
			"__comment": "Voxels-CCB640",
			"from": [ 9, 7, 6 ],
			"to": [ 10, 9, 8 ],
			"faces": {
				"down": { "uv": [ 12.48, 2.48, 13.52, 3.52 ], "texture": "#meta_sword" },
				"up": { "uv": [ 12.48, 2.48, 13.52, 3.52 ], "texture": "#meta_sword" },
				"north": { "uv": [ 12.48, 2.48, 13.52, 3.52 ], "texture": "#meta_sword" },
				"south": { "uv": [ 12.48, 2.48, 13.52, 3.52 ], "texture": "#meta_sword" },
				"west": { "uv": [ 12.48, 2.48, 13.52, 3.52 ], "texture": "#meta_sword" },
				"east": { "uv": [ 12.48, 2.48, 13.52, 3.52 ], "texture": "#meta_sword" }
			}
		},
		{
			"__comment": "Voxels-D1BB4B",
			"from": [ 9, 7, 12 ],
			"to": [ 10, 8, 14 ],
			"faces": {
				"down": { "uv": [ 8.48, 2.48, 9.52, 3.52 ], "texture": "#meta_sword" },
				"up": { "uv": [ 8.48, 2.48, 9.52, 3.52 ], "texture": "#meta_sword" },
				"north": { "uv": [ 8.48, 2.48, 9.52, 3.52 ], "texture": "#meta_sword" },
				"south": { "uv": [ 8.48, 2.48, 9.52, 3.52 ], "texture": "#meta_sword" },
				"west": { "uv": [ 8.48, 2.48, 9.52, 3.52 ], "texture": "#meta_sword" },
				"east": { "uv": [ 8.48, 2.48, 9.52, 3.52 ], "texture": "#meta_sword" }
			}
		},
		{
			"__comment": "Voxels-C9B446",
			"from": [ 9, 8, 5 ],
			"to": [ 10, 9, 6 ],
			"faces": {
				"north": { "uv": [ 0.48, 2.48, 1.52, 3.52 ], "texture": "#meta_sword" },
				"east": { "uv": [ 0.48, 2.48, 1.52, 3.52 ], "texture": "#meta_sword" }
			}
		},
		{
			"__comment": "Voxels-CCB640",
			"from": [ 9, 8, 8 ],
			"to": [ 10, 10, 9 ],
			"faces": {
				"north": { "uv": [ 12.48, 2.48, 13.52, 3.52 ], "texture": "#meta_sword" },
				"south": { "uv": [ 12.48, 2.48, 13.52, 3.52 ], "texture": "#meta_sword" },
				"east": { "uv": [ 12.48, 2.48, 13.52, 3.52 ], "texture": "#meta_sword" }
			}
		},
		{
			"__comment": "Voxels-DAC972",
			"from": [ 9, 8, 13 ],
			"to": [ 10, 9, 14 ],
			"faces": {
				"up": { "uv": [ 6.48, 4.48, 7.52, 5.52 ], "texture": "#meta_sword" },
				"north": { "uv": [ 6.48, 4.48, 7.52, 5.52 ], "texture": "#meta_sword" },
				"south": { "uv": [ 6.48, 4.48, 7.52, 5.52 ], "texture": "#meta_sword" },
				"east": { "uv": [ 6.48, 4.48, 7.52, 5.52 ], "texture": "#meta_sword" }
			}
		},
		{
			"__comment": "Voxels-D2BA3A",
			"from": [ 9, 9, 5 ],
			"to": [ 10, 10, 7 ],
			"faces": {
				"down": { "uv": [ 0.48, 4.48, 1.52, 5.52 ], "texture": "#meta_sword" },
				"up": { "uv": [ 0.48, 4.48, 1.52, 5.52 ], "texture": "#meta_sword" },
				"north": { "uv": [ 0.48, 4.48, 1.52, 5.52 ], "texture": "#meta_sword" },
				"west": { "uv": [ 0.48, 4.48, 1.52, 5.52 ], "texture": "#meta_sword" },
				"east": { "uv": [ 0.48, 4.48, 1.52, 5.52 ], "texture": "#meta_sword" }
			}
		},
		{
			"__comment": "Voxels-CCB640",
			"from": [ 9, 9, 7 ],
			"to": [ 10, 10, 8 ],
			"faces": {
				"east": { "uv": [ 12.48, 2.48, 13.52, 3.52 ], "texture": "#meta_sword" }
			}
		},
		{
			"__comment": "Voxels-D8C14A",
			"from": [ 9, 10, 5 ],
			"to": [ 10, 11, 6 ],
			"faces": {
				"up": { "uv": [ 14.48, 2.48, 15.52, 3.52 ], "texture": "#meta_sword" },
				"north": { "uv": [ 14.48, 2.48, 15.52, 3.52 ], "texture": "#meta_sword" },
				"east": { "uv": [ 14.48, 2.48, 15.52, 3.52 ], "texture": "#meta_sword" }
			}
		},
		{
			"__comment": "Voxels-D2BA3A",
			"from": [ 9, 10, 6 ],
			"to": [ 10, 11, 8 ],
			"faces": {
				"down": { "uv": [ 0.48, 4.48, 1.52, 5.52 ], "texture": "#meta_sword" },
				"up": { "uv": [ 0.48, 4.48, 1.52, 5.52 ], "texture": "#meta_sword" },
				"west": { "uv": [ 0.48, 4.48, 1.52, 5.52 ], "texture": "#meta_sword" },
				"east": { "uv": [ 0.48, 4.48, 1.52, 5.52 ], "texture": "#meta_sword" }
			}
		},
		{
			"__comment": "Voxels-D8C14A",
			"from": [ 8.5, 11, 5 ],
			"to": [ 9.5, 12, 6 ],
			"faces": {
				"down": { "uv": [ 12.5, 2.5, 13.54, 3.540001 ], "texture": "#meta_sword" },
				"west": { "uv": [ 12.5, 2.5, 13.54, 3.540001 ], "texture": "#meta_sword" },
				"east": { "uv": [ 12.5, 2.5, 13.54, 3.540001 ], "texture": "#meta_sword" }
			}
		},
		{
			"__comment": "Voxels-D8C14A",
			"from": [ 8, 11, 6 ],
			"to": [ 9, 12, 7 ],
			"faces": {
				"up": { "uv": [ 14.48, 2.48, 15.52, 3.52 ], "texture": "#meta_sword" },
				"north": { "uv": [ 14.48, 2.48, 15.52, 3.52 ], "texture": "#meta_sword" },
				"west": { "uv": [ 14.48, 2.48, 15.52, 3.52 ], "texture": "#meta_sword" }
			}
		},
		{
			"__comment": "Voxels-D2BA3A",
			"from": [ 9, 11, 7 ],
			"to": [ 10, 12, 8 ],
			"faces": {
				"east": { "uv": [ 0.48, 4.48, 1.52, 5.52 ], "texture": "#meta_sword" }
			}
		},
		{
			"__comment": "Voxels-D8C14A",
			"from": [ 8, 12, 7 ],
			"to": [ 9, 13, 8 ],
			"faces": {
				"up": { "uv": [ 14.48, 2.48, 15.52, 3.52 ], "texture": "#meta_sword" },
				"north": { "uv": [ 14.48, 2.48, 15.52, 3.52 ], "texture": "#meta_sword" },
				"south": { "uv": [ 14.48, 2.48, 15.52, 3.52 ], "texture": "#meta_sword" },
				"west": { "uv": [ 14.48, 2.48, 15.52, 3.52 ], "texture": "#meta_sword" }
			}
		},
		{
			"__comment": "Voxels-B06037",
			"from": [ 10, -6, 6 ],
			"to": [ 11, -3, 9 ],
			"faces": {
				"down": { "uv": [ 12.48, 0.4799995, 13.52, 1.52 ], "texture": "#meta_sword", "cullface": "down" },
				"up": { "uv": [ 12.48, 0.4799995, 13.52, 1.52 ], "texture": "#meta_sword", "cullface": "down" },
				"north": { "uv": [ 12.48, 0.4799995, 13.52, 1.52 ], "texture": "#meta_sword", "cullface": "down" },
				"south": { "uv": [ 12.48, 0.4799995, 13.52, 1.52 ], "texture": "#meta_sword", "cullface": "down" },
				"west": { "uv": [ 12.48, 0.4799995, 13.52, 1.52 ], "texture": "#meta_sword", "cullface": "down" },
				"east": { "uv": [ 12.48, 0.4799995, 13.52, 1.52 ], "texture": "#meta_sword", "cullface": "down" }
			}
		},
		{
			"__comment": "Voxels-DD7D4C",
			"from": [ 10, -4, 2 ],
			"to": [ 11, -2, 3 ],
			"faces": {
				"down": { "uv": [ 10.48, 0.4799995, 11.52, 1.52 ], "texture": "#meta_sword", "cullface": "down" },
				"up": { "uv": [ 10.48, 0.4799995, 11.52, 1.52 ], "texture": "#meta_sword", "cullface": "down" },
				"north": { "uv": [ 10.48, 0.4799995, 11.52, 1.52 ], "texture": "#meta_sword", "cullface": "down" },
				"south": { "uv": [ 10.48, 0.4799995, 11.52, 1.52 ], "texture": "#meta_sword", "cullface": "down" },
				"west": { "uv": [ 10.48, 0.4799995, 11.52, 1.52 ], "texture": "#meta_sword", "cullface": "down" },
				"east": { "uv": [ 10.48, 0.4799995, 11.52, 1.52 ], "texture": "#meta_sword", "cullface": "down" }
			}
		},
		{
			"__comment": "Voxels-E38556",
			"from": [ 10, -4, 4 ],
			"to": [ 11, -3, 5 ],
			"faces": {
				"up": { "uv": [ 8.48, 0.4799995, 9.52, 1.52 ], "texture": "#meta_sword", "cullface": "down" },
				"east": { "uv": [ 8.48, 0.4799995, 9.52, 1.52 ], "texture": "#meta_sword", "cullface": "down" }
			}
		},
		{
			"__comment": "Voxels-B06037",
			"from": [ 10, -4, 5 ],
			"to": [ 11, -3, 6 ],
			"faces": {
				"up": { "uv": [ 12.48, 0.4799995, 13.52, 1.52 ], "texture": "#meta_sword", "cullface": "down" },
				"east": { "uv": [ 12.48, 0.4799995, 13.52, 1.52 ], "texture": "#meta_sword", "cullface": "down" }
			}
		},
		{
			"__comment": "Voxels-B06037",
			"from": [ 10, -4, 9 ],
			"to": [ 11, -3, 10 ],
			"faces": {
				"down": { "uv": [ 12.48, 0.4799995, 13.52, 1.52 ], "texture": "#meta_sword", "cullface": "down" },
				"up": { "uv": [ 12.48, 0.4799995, 13.52, 1.52 ], "texture": "#meta_sword", "cullface": "down" },
				"east": { "uv": [ 12.48, 0.4799995, 13.52, 1.52 ], "texture": "#meta_sword", "cullface": "down" }
			}
		},
		{
			"__comment": "Voxels-DD7D4C",
			"from": [ 10, -4, 11 ],
			"to": [ 11, -3, 12 ],
			"faces": {
				"up": { "uv": [ 10.48, 0.4799995, 11.52, 1.52 ], "texture": "#meta_sword", "cullface": "down" },
				"east": { "uv": [ 10.48, 0.4799995, 11.52, 1.52 ], "texture": "#meta_sword", "cullface": "down" }
			}
		},
		{
			"__comment": "Voxels-E38556",
			"from": [ 10, -4, 12 ],
			"to": [ 11, -3, 13 ],
			"faces": {
				"down": { "uv": [ 8.48, 0.4799995, 9.52, 1.52 ], "texture": "#meta_sword", "cullface": "down" },
				"south": { "uv": [ 8.48, 0.4799995, 9.52, 1.52 ], "texture": "#meta_sword", "cullface": "down" },
				"east": { "uv": [ 8.48, 0.4799995, 9.52, 1.52 ], "texture": "#meta_sword", "cullface": "down" }
			}
		},
		{
			"__comment": "Voxels-DD7D4C",
			"from": [ 10, -3, 12 ],
			"to": [ 11, -2, 13 ],
			"faces": {
				"up": { "uv": [ 10.48, 0.4799995, 11.52, 1.52 ], "texture": "#meta_sword", "cullface": "down" },
				"north": { "uv": [ 10.48, 0.4799995, 11.52, 1.52 ], "texture": "#meta_sword", "cullface": "down" },
				"east": { "uv": [ 10.48, 0.4799995, 11.52, 1.52 ], "texture": "#meta_sword", "cullface": "down" }
			}
		},
		{
			"__comment": "Voxels-EC4141",
			"from": [ 11, -5.5, 6 ],
			"to": [ 12, -4.5, 7 ],
			"faces": {
				"east": { "uv": [ 2.48, 0.4799995, 3.52, 1.52 ], "texture": "#meta_sword", "cullface": "down" }
			}
		},
		{
			"__comment": "Voxels-EC5C5C",
			"from": [ 11, -5.5, 7 ],
			"to": [ 12, -4.5, 8 ],
			"faces": {
				"east": { "uv": [ 4.48, 0.4799995, 5.52, 1.52 ], "texture": "#meta_sword", "cullface": "down" }
			}
		},
		{
			"__comment": "Voxels-EC4141",
			"from": [ 11, -5.5, 8 ],
			"to": [ 12, -3.5, 9 ],
			"faces": {
				"north": { "uv": [ 2.48, 0.4799995, 3.52, 1.52 ], "texture": "#meta_sword", "cullface": "down" },
				"east": { "uv": [ 2.48, 0.4799995, 3.52, 1.52 ], "texture": "#meta_sword", "cullface": "down" }
			}
		},
		{
			"__comment": "Voxels-EC5C5C",
			"from": [ 11, -4.5, 6 ],
			"to": [ 12, -3.5, 7 ],
			"faces": {
				"east": { "uv": [ 4.48, 0.4799995, 5.52, 1.52 ], "texture": "#meta_sword", "cullface": "down" }
			}
		},
		{
			"__comment": "Voxels-F14B4B",
			"from": [ 11, -4.5, 7 ],
			"to": [ 12, -3.5, 8 ],
			"faces": {
				"east": { "uv": [ 6.48, 0.4799995, 7.52, 1.52 ], "texture": "#meta_sword", "cullface": "down" }
			}
		},
		{
			"__comment": "Voxels-D8C14A",
			"from": [ 9, 10, 8 ],
			"to": [ 10, 11, 10 ],
			"faces": {
				"down": { "uv": [ 14.48, 2.48, 15.52, 3.52 ], "texture": "#meta_sword" },
				"up": { "uv": [ 14.48, 2.48, 15.52, 3.52 ], "texture": "#meta_sword" },
				"south": { "uv": [ 14.48, 2.48, 15.52, 3.52 ], "texture": "#meta_sword" },
				"east": { "uv": [ 14.48, 2.48, 15.52, 3.52 ], "texture": "#meta_sword" }
			}
		},
		{
			"__comment": "Voxels-D8C14A",
			"from": [ 9, 11, 6 ],
			"to": [ 10, 12, 7 ],
			"faces": {
				"up": { "uv": [ 14.48, 2.48, 15.52, 3.52 ], "texture": "#meta_sword" },
				"north": { "uv": [ 14.48, 2.48, 15.52, 3.52 ], "texture": "#meta_sword" },
				"east": { "uv": [ 14.48, 2.48, 15.52, 3.52 ], "texture": "#meta_sword" }
			}
		},
		{
			"__comment": "Voxels-D8C14A",
			"from": [ 9, 12, 7 ],
			"to": [ 10, 13, 8 ],
			"faces": {
				"up": { "uv": [ 14.48, 2.48, 15.52, 3.52 ], "texture": "#meta_sword" },
				"north": { "uv": [ 14.48, 2.48, 15.52, 3.52 ], "texture": "#meta_sword" },
				"south": { "uv": [ 14.48, 2.48, 15.52, 3.52 ], "texture": "#meta_sword" },
				"east": { "uv": [ 14.48, 2.48, 15.52, 3.52 ], "texture": "#meta_sword" }
			}
		},
		{
			"__comment": "Voxels-B06037",
			"from": [ 8, -5, 10 ],
			"to": [ 11, -3, 11 ],
			"faces": {
				"down": { "uv": [ 12.48, 0.4799995, 13.52, 1.52 ], "texture": "#meta_sword", "cullface": "down" },
				"up": { "uv": [ 12.48, 0.4799995, 13.52, 1.52 ], "texture": "#meta_sword", "cullface": "down" },
				"north": { "uv": [ 12.48, 0.4799995, 13.52, 1.52 ], "texture": "#meta_sword", "cullface": "down" },
				"south": { "uv": [ 12.48, 0.4799995, 13.52, 1.52 ], "texture": "#meta_sword", "cullface": "down" },
				"east": { "uv": [ 12.48, 0.4799995, 13.52, 1.52 ], "texture": "#meta_sword", "cullface": "down" }
			}
		},
		{
			"__comment": "Voxels-B06037",
			"from": [ 6, -5.5, 9 ],
			"to": [ 7, -3.5, 10 ],
			"faces": {
				"down": { "uv": [ 12.48, 0.4799995, 13.52, 1.52 ], "texture": "#meta_sword", "cullface": "down" },
				"up": { "uv": [ 12.48, 0.4799995, 13.52, 1.52 ], "texture": "#meta_sword", "cullface": "down" },
				"south": { "uv": [ 12.48, 0.4799995, 13.52, 1.52 ], "texture": "#meta_sword", "cullface": "down" },
				"west": { "uv": [ 12.48, 0.4799995, 13.52, 1.52 ], "texture": "#meta_sword", "cullface": "down" },
				"east": { "uv": [ 12.48, 0.4799995, 13.52, 1.52 ], "texture": "#meta_sword", "cullface": "down" }
			}
		},
		{
			"__comment": "Voxels-B06037",
			"from": [ 6, -5.5, 5 ],
			"to": [ 7, -3.5, 6 ],
			"faces": {
				"down": { "uv": [ 12.48, 0.4799995, 13.52, 1.52 ], "texture": "#meta_sword", "cullface": "down" },
				"up": { "uv": [ 12.48, 0.4799995, 13.52, 1.52 ], "texture": "#meta_sword", "cullface": "down" },
				"north": { "uv": [ 12.48, 0.4799995, 13.52, 1.52 ], "texture": "#meta_sword", "cullface": "down" },
				"south": { "uv": [ 12.48, 0.4799995, 13.52, 1.52 ], "texture": "#meta_sword", "cullface": "down" },
				"west": { "uv": [ 12.48, 0.4799995, 13.52, 1.52 ], "texture": "#meta_sword", "cullface": "down" },
				"east": { "uv": [ 12.48, 0.4799995, 13.52, 1.52 ], "texture": "#meta_sword", "cullface": "down" }
			}
		},
		{
			"__comment": "Voxels-B06037",
			"from": [ 6, -6, 5.5 ],
			"to": [ 7, -5.5, 9.5 ],
			"faces": {
				"down": { "uv": [ 12.48, 0.4799995, 13.52, 1.52 ], "texture": "#meta_sword", "cullface": "down" },
				"up": { "uv": [ 12.48, 0.4799995, 13.52, 1.52 ], "texture": "#meta_sword", "cullface": "down" },
				"north": { "uv": [ 12.48, 0.4799995, 13.52, 1.52 ], "texture": "#meta_sword", "cullface": "down" },
				"south": { "uv": [ 12.48, 0.4799995, 13.52, 1.52 ], "texture": "#meta_sword", "cullface": "down" },
				"west": { "uv": [ 12.48, 0.4799995, 13.52, 1.52 ], "texture": "#meta_sword", "cullface": "down" }
			}
		},
		{
			"__comment": "Voxels-B06037",
			"from": [ 7, -5, 5 ],
			"to": [ 8, -3, 11 ],
			"faces": {
				"down": { "uv": [ 12.48, 0.4799995, 13.52, 1.52 ], "texture": "#meta_sword", "cullface": "down" },
				"up": { "uv": [ 12.48, 0.4799995, 13.52, 1.52 ], "texture": "#meta_sword", "cullface": "down" },
				"north": { "uv": [ 12.48, 0.4799995, 13.52, 1.52 ], "texture": "#meta_sword", "cullface": "down" },
				"south": { "uv": [ 12.48, 0.4799995, 13.52, 1.52 ], "texture": "#meta_sword", "cullface": "down" },
				"west": { "uv": [ 12.48, 0.4799995, 13.52, 1.52 ], "texture": "#meta_sword", "cullface": "down" },
				"east": { "uv": [ 12.48, 0.4799995, 13.52, 1.52 ], "texture": "#meta_sword", "cullface": "down" }
			}
		},
		{
			"__comment": "Voxels-B06037",
			"from": [ 9, -6, 9 ],
			"to": [ 11, -4.5, 10 ],
			"faces": {
				"down": { "uv": [ 12.48, 0.4799995, 13.52, 1.52 ], "texture": "#meta_sword", "cullface": "down" },
				"up": { "uv": [ 12.48, 0.4799995, 13.52, 1.52 ], "texture": "#meta_sword", "cullface": "down" },
				"north": { "uv": [ 12.48, 0.4799995, 13.52, 1.52 ], "texture": "#meta_sword", "cullface": "down" },
				"south": { "uv": [ 12.48, 0.4799995, 13.52, 1.52 ], "texture": "#meta_sword", "cullface": "down" },
				"east": { "uv": [ 12.48, 0.4799995, 13.52, 1.52 ], "texture": "#meta_sword", "cullface": "down" }
			}
		},
		{
			"__comment": "Voxels-B06037",
			"from": [ 9, -6, 5 ],
			"to": [ 11, -5, 6 ],
			"faces": {
				"down": { "uv": [ 12.48, 0.4799995, 13.52, 1.52 ], "texture": "#meta_sword", "cullface": "down" },
				"north": { "uv": [ 12.48, 0.4799995, 13.52, 1.52 ], "texture": "#meta_sword", "cullface": "down" },
				"south": { "uv": [ 12.48, 0.4799995, 13.52, 1.52 ], "texture": "#meta_sword", "cullface": "down" },
				"east": { "uv": [ 12.48, 0.4799995, 13.52, 1.52 ], "texture": "#meta_sword", "cullface": "down" }
			}
		},
		{
			"__comment": "Voxels-B06037",
			"from": [ 11, -5.5, 9 ],
			"to": [ 12, -3.5, 10 ],
			"faces": {
				"down": { "uv": [ 12.48, 0.4799995, 13.52, 1.52 ], "texture": "#meta_sword", "cullface": "down" },
				"up": { "uv": [ 12.48, 0.4799995, 13.52, 1.52 ], "texture": "#meta_sword", "cullface": "down" },
				"south": { "uv": [ 12.48, 0.4799995, 13.52, 1.52 ], "texture": "#meta_sword", "cullface": "down" },
				"west": { "uv": [ 12.48, 0.4799995, 13.52, 1.52 ], "texture": "#meta_sword", "cullface": "down" },
				"east": { "uv": [ 12.48, 0.4799995, 13.52, 1.52 ], "texture": "#meta_sword", "cullface": "down" }
			}
		},
		{
			"__comment": "Voxels-B06037",
			"from": [ 11, -5.5, 5 ],
			"to": [ 12, -3.5, 6 ],
			"faces": {
				"down": { "uv": [ 12.48, 0.4799995, 13.52, 1.52 ], "texture": "#meta_sword", "cullface": "down" },
				"up": { "uv": [ 12.48, 0.4799995, 13.52, 1.52 ], "texture": "#meta_sword", "cullface": "down" },
				"north": { "uv": [ 12.48, 0.4799995, 13.52, 1.52 ], "texture": "#meta_sword", "cullface": "down" },
				"south": { "uv": [ 12.48, 0.4799995, 13.52, 1.52 ], "texture": "#meta_sword", "cullface": "down" },
				"west": { "uv": [ 12.48, 0.4799995, 13.52, 1.52 ], "texture": "#meta_sword", "cullface": "down" },
				"east": { "uv": [ 12.48, 0.4799995, 13.52, 1.52 ], "texture": "#meta_sword", "cullface": "down" }
			}
		},
		{
			"__comment": "Voxels-B06037",
			"from": [ 11, -6, 5.5 ],
			"to": [ 12, -5.5, 9.5 ],
			"faces": {
				"down": { "uv": [ 12.48, 0.4799995, 13.52, 1.52 ], "texture": "#meta_sword", "cullface": "down" },
				"up": { "uv": [ 12.48, 0.4799995, 13.52, 1.52 ], "texture": "#meta_sword", "cullface": "down" },
				"north": { "uv": [ 12.48, 0.4799995, 13.52, 1.52 ], "texture": "#meta_sword", "cullface": "down" },
				"south": { "uv": [ 12.48, 0.4799995, 13.52, 1.52 ], "texture": "#meta_sword", "cullface": "down" },
				"west": { "uv": [ 12.48, 0.4799995, 13.52, 1.52 ], "texture": "#meta_sword", "cullface": "down" },
				"east": { "uv": [ 12.48, 0.4799995, 13.52, 1.52 ], "texture": "#meta_sword", "cullface": "down" }
			}
		},
		{
			"__comment": "Voxels-B06037",
			"from": [ 11, -3.5, 5.5 ],
			"to": [ 12, -3, 9.5 ],
			"faces": {
				"down": { "uv": [ 12.48, 0.4799995, 13.52, 1.52 ], "texture": "#meta_sword", "cullface": "down" },
				"up": { "uv": [ 12.48, 0.4799995, 13.52, 1.52 ], "texture": "#meta_sword", "cullface": "down" },
				"north": { "uv": [ 12.48, 0.4799995, 13.52, 1.52 ], "texture": "#meta_sword", "cullface": "down" },
				"south": { "uv": [ 12.48, 0.4799995, 13.52, 1.52 ], "texture": "#meta_sword", "cullface": "down" },
				"west": { "uv": [ 12.48, 0.4799995, 13.52, 1.52 ], "texture": "#meta_sword", "cullface": "down" },
				"east": { "uv": [ 12.48, 0.4799995, 13.52, 1.52 ], "texture": "#meta_sword", "cullface": "down" }
			}
		}
	],
	"display": {
    "thirdperson": {
        "rotation": [ 90, 180, 0 ],
        "translation": [ 0.25, 0.75, -8.25 ],
        "scale": [ 0.70, 0.80, 0.70 ]
    },
    "firstperson": {
        "rotation": [ 348, 340, -2 ],
        "translation": [ 2.00, 8.25, -0.50 ],
        "scale": [ 1.00, 1.10, 1.00 ]
    },
    "gui": {
        "rotation": [ 42, 216, 352 ],
        "translation": [ -3.25, 0.25, 0.00 ],
        "scale": [ 0.80, 0.90, 0.80 ]
		}
	}
}