{
	"__comment": "Designed by Colin0904 with Cubik Studio - https://cubik.studio",
	"textures": {
		"particle": "blocks/toonlink2",
		"texture": "blocks/toonlink1"
	},
	"elements": [ 	 
		{
			"__comment": "Box1",
			"from": [ 2.5, 1, 0 ],
			"to": [ 13.5, 2, 1.5 ],
			"faces": {
				"down": { "uv": [ 5.5, 14.5, 11, 15 ], "texture": "#texture" },
				"north": { "uv": [ 5.5, 14.5, 11, 15 ], "texture": "#texture", "cullface": "north" },
				"south": { "uv": [ 5.5, 14.5, 11, 15 ], "texture": "#texture" },
				"west": { "uv": [ 10.5, 14.5, 11, 15 ], "texture": "#texture" },
				"east": { "uv": [ 5.5, 14.5, 6, 15 ], "texture": "#texture" }
			}
		},
		{
			"__comment": "Box1",
			"from": [ 1.5, 2, 0 ],
			"to": [ 14.5, 3, 1.5 ],
			"faces": {
				"down": { "uv": [ 5, 14, 11.5, 14.5 ], "texture": "#texture" },
				"north": { "uv": [ 5, 14, 11.5, 14.5 ], "texture": "#texture", "cullface": "north" },
				"south": { "uv": [ 5, 14, 11.5, 14.5 ], "texture": "#texture" },
				"west": { "uv": [ 5, 14, 5.5, 14.5 ], "texture": "#texture" },
				"east": { "uv": [ 11, 14, 11.5, 14.5 ], "texture": "#texture" }
			}
		},
		{
			"__comment": "Box1",
			"from": [ 0.5, 3, 0 ],
			"to": [ 15.5, 4, 1.5 ],
			"faces": {
				"down": { "uv": [ 4.5, 13.5, 12, 14 ], "texture": "#texture" },
				"up": { "uv": [ 4.5, 13.5, 12, 14 ], "texture": "#texture" },
				"north": { "uv": [ 4.5, 13.5, 12, 14 ], "texture": "#texture", "cullface": "north" },
				"south": { "uv": [ 4.5, 13.5, 12, 14 ], "texture": "#texture" },
				"west": { "uv": [ 11.5, 13.5, 12, 14 ], "texture": "#texture" },
				"east": { "uv": [ 4.5, 13.5, 5, 14 ], "texture": "#texture" }
			}
		},
		{
			"__comment": "Box1",
			"from": [ 7.5, 4, 0 ],
			"to": [ 8.5, 5, 1.5 ],
			"faces": {
				"north": { "uv": [ 8, 13.5, 8.5, 14 ], "texture": "#texture", "cullface": "north" },
				"south": { "uv": [ 8, 13.5, 8.5, 14 ], "texture": "#texture" }
			}
		},
		{
			"__comment": "Box8",
			"from": [ 7.5, 5, -0.5 ],
			"to": [ 8.5, 7, 0.5 ],
			"faces": {
				"down": { "uv": [ 8, 13, 8.5, 13.5 ], "texture": "#texture", "cullface": "north" },
				"up": { "uv": [ 8, 13, 8.5, 13.5 ], "texture": "#texture", "cullface": "north" },
				"north": { "uv": [ 8, 13, 8.5, 13.5 ], "texture": "#texture", "cullface": "north" },
				"west": { "uv": [ 8, 13, 8.5, 13.5 ], "texture": "#texture", "cullface": "north" },
				"east": { "uv": [ 8, 13, 8.5, 13.5 ], "texture": "#texture", "cullface": "north" }
			}
		},
		{
			"__comment": "Box1",
			"from": [ 14.5, 5, 0 ],
			"to": [ 15.5, 12, 1.5 ],
			"faces": {
				"north": { "uv": [ 4.5, 10, 5, 13 ], "texture": "#texture", "cullface": "north" },
				"south": { "uv": [ 4.5, 10, 5, 13 ], "texture": "#texture" }
			}
		},
		{
			"__comment": "Box1",
			"from": [ -1.5, 12, 0 ],
			"to": [ 17.5, 17, 1.5 ],
			"faces": {
				"down": { "uv": [ 8.5, 9, 12.5, 9.5 ], "texture": "#texture" },
				"up": { "uv": [ 8.5, 9, 12.5, 9.5 ], "texture": "#texture" },
				"north": { "uv": [ 8.5, 9, 12.5, 9.5 ], "texture": "#texture" },
				"south": { "uv": [ 8.5, 9, 12.5, 9.5 ], "texture": "#texture" },
				"west": { "uv": [ 11.5, 9, 12.5, 9.5 ], "texture": "#texture" },
				"east": { "uv": [ 11.5, 9, 12.5, 9.5 ], "texture": "#texture" }
			}
		},
		{
			"__comment": "Box1",
			"from": [ -0.5, 17, 0 ],
			"to": [ 16.5, 18, 1.5 ],
			"faces": {
				"up": { "uv": [ 4, 6.5, 12.5, 7 ], "texture": "#texture" },
				"north": { "uv": [ 4, 6.5, 12.5, 7 ], "texture": "#texture" },
				"south": { "uv": [ 4, 6.5, 12.5, 7 ], "texture": "#texture" },
				"east": { "uv": [ 4, 6.5, 12.5, 7 ], "texture": "#texture" }
			}
		},
		{
			"__comment": "Box1",
			"from": [ 0.5, 18, 0 ],
			"to": [ 15.5, 19, 1.5 ],
			"faces": {
				"south": { "uv": [ 4.5, 6, 12, 6.5 ], "texture": "#texture", "cullface": "up" },
				"east": { "uv": [ 4.5, 6, 12, 6.5 ], "texture": "#texture", "cullface": "up" }
			}
		},
		{
			"__comment": "Box1",
			"from": [ -1.5, 5, 0 ],
			"to": [ 2.5, 12, 1.5 ],
			"faces": {
				"down": { "uv": [ 11, 9.5, 12.5, 13 ], "texture": "#texture", "cullface": "west" },
				"north": { "uv": [ 11, 9.5, 12.5, 13 ], "texture": "#texture", "cullface": "west" },
				"south": { "uv": [ 11, 9.5, 12.5, 13 ], "texture": "#texture", "cullface": "west" },
				"west": { "uv": [ 4, 10, 4.5, 13.5 ], "texture": "#texture", "cullface": "west" },
				"east": { "uv": [ 12, 9.5, 12.5, 13 ], "texture": "#texture", "cullface": "west" }
			}
		},
		{
			"__comment": "Box1",
			"from": [ 2.5, 8.5, 0.5 ],
			"to": [ 6.5, 12, 1.5 ],
			"faces": {
				"north": { "uv": [ 9, 9.5, 11, 11 ], "texture": "#texture" },
				"south": { "uv": [ 9, 9.5, 11, 11 ], "texture": "#texture" }
			}
		},
		{
			"__comment": "Box1",
			"from": [ 16.5, 5, 0 ],
			"to": [ 17.5, 12, 1.5 ],
			"faces": {
				"down": { "uv": [ 3.5, 11.5, 4, 13 ], "texture": "#texture", "cullface": "east" },
				"north": { "uv": [ 3.5, 11.5, 4, 13 ], "texture": "#texture", "cullface": "east" },
				"south": { "uv": [ 3.5, 11.5, 4, 13 ], "texture": "#texture", "cullface": "east" },
				"east": { "uv": [ 3.5, 11.5, 4, 13 ], "texture": "#texture", "cullface": "east" }
			}
		},
		{
			"__comment": "Box1",
			"from": [ 13.5, 5, 0 ],
			"to": [ 14.5, 12, 1.5 ],
			"faces": {
				"north": { "uv": [ 5, 9.5, 5.5, 13 ], "texture": "#texture", "cullface": "north" },
				"south": { "uv": [ 5, 9.5, 5.5, 13 ], "texture": "#texture" },
				"west": { "uv": [ 5, 9.5, 5.5, 13 ], "texture": "#texture" }
			}
		},
		{
			"__comment": "Box1",
			"from": [ 15.5, 5, 0 ],
			"to": [ 16.5, 12, 1.5 ],
			"faces": {
				"north": { "uv": [ 4, 9.5, 4.5, 13 ], "texture": "#texture", "cullface": "east" },
				"south": { "uv": [ 4, 9.5, 4.5, 13 ], "texture": "#texture", "cullface": "east" }
			}
		},
		{
			"__comment": "Box1",
			"from": [ 6.5, 5, 0 ],
			"to": [ 9.5, 12, 1.5 ],
			"faces": {
				"down": { "uv": [ 7.5, 9.5, 9, 13 ], "texture": "#texture" },
				"north": { "uv": [ 7.5, 9.5, 9, 13 ], "texture": "#texture", "cullface": "north" },
				"south": { "uv": [ 7.5, 9.5, 9, 13 ], "texture": "#texture" },
				"west": { "uv": [ 7.5, 9.5, 9, 13 ], "texture": "#texture" },
				"east": { "uv": [ 7.5, 9.5, 9, 13 ], "texture": "#texture" }
			}
		},
		{
			"__comment": "Box1",
			"from": [ 2.5, 5, 0 ],
			"to": [ 6.5, 8.5, 1.5 ],
			"faces": {
				"up": { "uv": [ 9, 11, 11, 13 ], "texture": "#texture" },
				"north": { "uv": [ 9, 11, 11, 13 ], "texture": "#texture", "cullface": "north" },
				"south": { "uv": [ 9, 11, 11, 13 ], "texture": "#texture" }
			}
		},
		{
			"__comment": "Box1",
			"from": [ 9.5, 8.5, 0.5 ],
			"to": [ 13.5, 12, 1.5 ],
			"faces": {
				"north": { "uv": [ 5.5, 9.5, 7.5, 11 ], "texture": "#texture" },
				"south": { "uv": [ 5.5, 9.5, 7.5, 11 ], "texture": "#texture" }
			}
		},
		{
			"__comment": "Box1",
			"from": [ 9.5, 5, 0 ],
			"to": [ 13.5, 8.5, 1.5 ],
			"faces": {
				"up": { "uv": [ 5.5, 11, 7.5, 13 ], "texture": "#texture" },
				"north": { "uv": [ 5.5, 11, 7.5, 13 ], "texture": "#texture", "cullface": "north" },
				"south": { "uv": [ 5.5, 11, 7.5, 13 ], "texture": "#texture" }
			}
		},
		{
			"__comment": "Box1",
			"from": [ -0.5, 4, 0 ],
			"to": [ 7.5, 5, 1.5 ],
			"faces": {
				"down": { "uv": [ 8.5, 13, 12.5, 13.5 ], "texture": "#texture", "cullface": "west" },
				"up": { "uv": [ 8.5, 13, 12.5, 13.5 ], "texture": "#texture", "cullface": "west" },
				"north": { "uv": [ 8.5, 13, 12.5, 13.5 ], "texture": "#texture", "cullface": "west" },
				"south": { "uv": [ 8.5, 13, 12.5, 13.5 ], "texture": "#texture", "cullface": "west" },
				"west": { "uv": [ 4, 13, 4.5, 13.5 ], "texture": "#texture", "cullface": "west" }
			}
		},
		{
			"__comment": "Box1",
			"from": [ 8.5, 4, 0 ],
			"to": [ 16.5, 5, 1.5 ],
			"faces": {
				"down": { "uv": [ 4, 13, 8, 13.5 ], "texture": "#texture", "cullface": "east" },
				"up": { "uv": [ 4, 13, 8, 13.5 ], "texture": "#texture", "cullface": "east" },
				"north": { "uv": [ 4, 13, 8, 13.5 ], "texture": "#texture", "cullface": "east" },
				"south": { "uv": [ 4, 13, 8, 13.5 ], "texture": "#texture", "cullface": "east" },
				"east": { "uv": [ 4, 13, 8, 13.5 ], "texture": "#texture", "cullface": "east" }
			}
		},
		{
			"__comment": "Voxels-F4D55F",
			"from": [ -2, 7.5, -0.5 ],
			"to": [ -1.5, 16, 0 ],
			"faces": {
				"down": { "uv": [ 12.5, 8, 13, 11.5 ], "texture": "#texture" },
				"up": { "uv": [ 12.5, 8, 13, 11.5 ], "texture": "#texture" },
				"north": { "uv": [ 12.5, 8, 13, 11.5 ], "texture": "#texture" },
				"south": { "uv": [ 12.5, 8, 13, 11.5 ], "texture": "#texture" },
				"west": { "uv": [ 12.5, 8, 13, 11.5 ], "texture": "#texture" },
				"east": { "uv": [ 12.5, 8, 13, 11.5 ], "texture": "#texture" }
			}
		},
		{
			"__comment": "Voxels-00B700",
			"from": [ -2, 16, 0 ],
			"to": [ -1.5, 18.5, 2 ],
			"faces": {
				"down": { "uv": [ 14.5, 8.5, 15, 10 ], "texture": "#particle" },
				"up": { "uv": [ 14.5, 8.5, 15, 10 ], "texture": "#particle" },
				"north": { "uv": [ 14.5, 8.5, 15, 10 ], "texture": "#particle" },
				"south": { "uv": [ 14.5, 8.5, 15, 10 ], "texture": "#particle" },
				"west": { "uv": [ 14.5, 8.5, 15, 10 ], "texture": "#particle" },
				"east": { "uv": [ 14.5, 8.5, 15, 10 ], "texture": "#particle" }
			}
		},
		{
			"__comment": "Voxels-F4D55F",
			"from": [ -1.5, 8, -1 ],
			"to": [ -0.5, 17, -0.5 ],
			"faces": {
				"down": { "uv": [ 12.5, 7, 13, 11 ], "texture": "#texture" },
				"up": { "uv": [ 12.5, 7, 13, 11 ], "texture": "#texture" },
				"north": { "uv": [ 12.5, 7, 13, 11 ], "texture": "#texture" },
				"south": { "uv": [ 12.5, 7, 13, 11 ], "texture": "#texture" },
				"west": { "uv": [ 12.5, 7, 13, 11 ], "texture": "#texture" },
				"east": { "uv": [ 12.5, 7, 13, 11 ], "texture": "#texture" }
			}
		},
		{
			"__comment": "Voxels-F4D55F",
			"from": [ -1.5, 12, -0.5 ],
			"to": [ -0.5, 17, 0 ],
			"faces": {
				"down": { "uv": [ 12.5, 8.500001, 13, 11 ], "texture": "#texture" },
				"west": { "uv": [ 12.5, 8.500001, 13, 11 ], "texture": "#texture" },
				"east": { "uv": [ 12.5, 8.500001, 13, 11 ], "texture": "#texture" }
			}
		},
		{
			"__comment": "Voxels-00B700",
			"from": [ -1.5, 17, -0.5 ],
			"to": [ -0.5, 18, 2 ],
			"faces": {
				"down": { "uv": [ 13.5, 9, 14.5, 10 ], "texture": "#particle" },
				"up": { "uv": [ 13.5, 9, 14.5, 10 ], "texture": "#particle" },
				"north": { "uv": [ 13.5, 9, 14.5, 10 ], "texture": "#particle" },
				"south": { "uv": [ 13.5, 9, 14.5, 10 ], "texture": "#particle" },
				"west": { "uv": [ 13.5, 9, 14.5, 10 ], "texture": "#particle" },
				"east": { "uv": [ 13.5, 9, 14.5, 10 ], "texture": "#particle" }
			}
		},
		{
			"__comment": "Voxels-00B700",
			"from": [ -1.5, 18, 0 ],
			"to": [ 0.5, 19.5, 2 ],
			"faces": {
				"down": { "uv": [ 12.5, 7.5, 14, 8.5 ], "texture": "#particle" },
				"up": { "uv": [ 12.5, 7.5, 14, 8.5 ], "texture": "#particle" },
				"north": { "uv": [ 12.5, 7.5, 14, 8.5 ], "texture": "#particle" },
				"south": { "uv": [ 12.5, 7.5, 14, 8.5 ], "texture": "#particle" },
				"west": { "uv": [ 12.5, 7.5, 14, 8.5 ], "texture": "#particle" },
				"east": { "uv": [ 12.5, 7.5, 14, 8.5 ], "texture": "#particle" }
			}
		},
		{
			"__comment": "Voxels-00B700",
			"from": [ -1, 18, -0.5 ],
			"to": [ 0.5, 19, 0 ],
			"faces": {
				"down": { "uv": [ 13, 8.5, 14, 9.5 ], "texture": "#particle" },
				"up": { "uv": [ 13, 8.5, 14, 9.5 ], "texture": "#particle" },
				"north": { "uv": [ 13, 8.5, 14, 9.5 ], "texture": "#particle" },
				"west": { "uv": [ 13, 8.5, 14, 9.5 ], "texture": "#particle" }
			}
		},
		{
			"__comment": "Voxels-F4D55F",
			"from": [ -0.5, 13.5, -1 ],
			"to": [ 0.5, 18, 0 ],
			"faces": {
				"down": { "uv": [ 12, 6.5, 12.5, 8.5 ], "texture": "#texture" },
				"up": { "uv": [ 12, 6.5, 12.5, 8.5 ], "texture": "#texture" },
				"north": { "uv": [ 12, 6.5, 12.5, 8.5 ], "texture": "#texture" },
				"south": { "uv": [ 12, 6.5, 12.5, 8.5 ], "texture": "#texture" },
				"west": { "uv": [ 12, 6.5, 12.5, 8.5 ], "texture": "#texture" },
				"east": { "uv": [ 12, 6.5, 12.5, 8.5 ], "texture": "#texture" }
			}
		},
		{
			"__comment": "Voxels-00B700",
			"from": [ -0.5, 19.5, 0 ],
			"to": [ 17, 20, 2 ],
			"faces": {
				"down": { "uv": [ 2, 7, 13.5, 7.5 ], "texture": "#particle" },
				"up": { "uv": [ 2, 7, 13.5, 7.5 ], "texture": "#particle" },
				"north": { "uv": [ 2, 7, 13.5, 7.5 ], "texture": "#particle" },
				"south": { "uv": [ 2, 7, 13.5, 7.5 ], "texture": "#particle" },
				"west": { "uv": [ 2, 7, 3, 7.5 ], "texture": "#particle" },
				"east": { "uv": [ 2, 7, 3, 7.5 ], "texture": "#particle" }
			}
		},
		{
			"__comment": "Voxels-00B700",
			"from": [ 0, 19, -0.5 ],
			"to": [ 16.5, 19.5, 0 ],
			"faces": {
				"down": { "uv": [ 2, 8.5, 14, 9 ], "texture": "#particle" },
				"up": { "uv": [ 2, 8.5, 14, 9 ], "texture": "#particle" },
				"north": { "uv": [ 2, 8.5, 14, 9 ], "texture": "#particle" },
				"south": { "uv": [ 2, 8.5, 14, 9 ], "texture": "#particle" },
				"west": { "uv": [ 2.5, 7.5, 3.5, 8.5 ], "texture": "#particle" },
				"east": { "uv": [ 2.5, 7.5, 3.5, 8.5 ], "texture": "#particle" }
			}
		},
		{
			"__comment": "Voxels-00B700",
			"from": [ 0, 25.5, 1 ],
			"to": [ 4.5, 26, 2 ],
			"faces": {
				"down": { "uv": [ 13, 2, 15, 2.5 ], "texture": "#particle", "cullface": "up" },
				"up": { "uv": [ 13, 2, 15, 2.5 ], "texture": "#particle", "cullface": "up" },
				"north": { "uv": [ 13, 2, 15, 2.5 ], "texture": "#particle", "cullface": "up" },
				"south": { "uv": [ 13, 2, 15, 2.5 ], "texture": "#particle", "cullface": "up" },
				"west": { "uv": [ 12.5, 1.5, 13.5, 2 ], "texture": "#particle", "cullface": "up" },
				"east": { "uv": [ 12.5, 1.5, 13.5, 2 ], "texture": "#particle", "cullface": "up" }
			}
		},
		{
			"__comment": "Voxels-00B700",
			"from": [ 0, 26, 1 ],
			"to": [ 3.5, 26.5, 2 ],
			"faces": {
				"up": { "uv": [ 13.5, 1.5, 15, 2 ], "texture": "#particle", "cullface": "up" },
				"north": { "uv": [ 13.5, 1.5, 15, 2 ], "texture": "#particle", "cullface": "up" },
				"south": { "uv": [ 13.5, 1.5, 15, 2 ], "texture": "#particle", "cullface": "up" },
				"west": { "uv": [ 13.5, 1, 14.5, 1.5 ], "texture": "#particle", "cullface": "up" },
				"east": { "uv": [ 13.5, 1, 14.5, 1.5 ], "texture": "#particle", "cullface": "up" }
			}
		},
		{
			"__comment": "Voxels-00B700",
			"from": [ 0, 26.5, 1 ],
			"to": [ 2.5, 27, 2 ],
			"faces": {
				"up": { "uv": [ 14, 1, 15, 1.5 ], "texture": "#particle", "cullface": "up" },
				"north": { "uv": [ 14, 1, 15, 1.5 ], "texture": "#particle", "cullface": "up" },
				"south": { "uv": [ 14, 1, 15, 1.5 ], "texture": "#particle", "cullface": "up" },
				"west": { "uv": [ 14, 0.5, 15, 1 ], "texture": "#particle", "cullface": "up" },
				"east": { "uv": [ 14, 0.5, 15, 1 ], "texture": "#particle", "cullface": "up" }
			}
		},
		{
			"__comment": "Voxels-00B700",
			"from": [ 0, 27, 1 ],
			"to": [ 1.5, 27.5, 2 ],
			"faces": {
				"up": { "uv": [ 14.5, 0.5, 15, 1 ], "texture": "#particle", "cullface": "up" },
				"north": { "uv": [ 14.5, 0.5, 15, 1 ], "texture": "#particle", "cullface": "up" },
				"south": { "uv": [ 14.5, 0.5, 15, 1 ], "texture": "#particle", "cullface": "up" },
				"west": { "uv": [ 14.5, 0.5, 15, 1 ], "texture": "#particle", "cullface": "up" },
				"east": { "uv": [ 14.5, 0.5, 15, 1 ], "texture": "#particle", "cullface": "up" }
			}
		},
		{
			"__comment": "Voxels-00B700",
			"from": [ 0, 27.5, 1 ],
			"to": [ 1, 28, 2 ],
			"faces": {
				"up": { "uv": [ 14.5, 0, 15, 0.5 ], "texture": "#particle", "cullface": "up" },
				"north": { "uv": [ 14.5, 0, 15, 0.5 ], "texture": "#particle", "cullface": "up" },
				"south": { "uv": [ 14.5, 0, 15, 0.5 ], "texture": "#particle", "cullface": "up" },
				"west": { "uv": [ 14.5, 0, 15, 0.5 ], "texture": "#particle", "cullface": "up" },
				"east": { "uv": [ 14.5, 0, 15, 0.5 ], "texture": "#particle", "cullface": "up" }
			}
		},
		{
			"__comment": "Voxels-F4D55F",
			"from": [ 0.5, 14.5, -1.5 ],
			"to": [ 16.5, 15, 0 ],
			"faces": {
				"down": { "uv": [ 4, 7, 12.5, 7.5 ], "texture": "#texture" },
				"up": { "uv": [ 4, 7, 12.5, 7.5 ], "texture": "#texture" },
				"north": { "uv": [ 4, 7, 12.5, 7.5 ], "texture": "#texture" },
				"west": { "uv": [ 4, 7, 12.5, 7.5 ], "texture": "#texture" },
				"east": { "uv": [ 4, 7, 12.5, 7.5 ], "texture": "#texture" }
			}
		},
		{
			"__comment": "Voxels-F4D55F",
			"from": [ 0.5, 15, -1.5 ],
			"to": [ 16, 15.5, 0 ],
			"faces": {
				"up": { "uv": [ 4.5, 6.5, 12, 7 ], "texture": "#texture" },
				"north": { "uv": [ 4.5, 6.5, 12, 7 ], "texture": "#texture" },
				"west": { "uv": [ 4.5, 6.5, 12, 7 ], "texture": "#texture" },
				"east": { "uv": [ 4.5, 6.5, 12, 7 ], "texture": "#texture" }
			}
		},
		{
			"__comment": "Voxels-F4D55F",
			"from": [ 0.5, 15.5, -1.5 ],
			"to": [ 15.5, 16, 0 ],
			"faces": {
				"up": { "uv": [ 5.5, 6.5, 11.5, 7 ], "texture": "#texture" },
				"north": { "uv": [ 5.5, 6.5, 11.5, 7 ], "texture": "#texture" },
				"west": { "uv": [ 5.5, 6.5, 11.5, 7 ], "texture": "#texture" },
				"east": { "uv": [ 5.5, 6.5, 11.5, 7 ], "texture": "#texture" }
			}
		},
		{
			"__comment": "Voxels-F4D55F",
			"from": [ 0.5, 16, -1 ],
			"to": [ 17.5, 17, 0 ],
			"faces": {
				"down": { "uv": [ 4, 6.5, 12.5, 7 ], "texture": "#texture" },
				"up": { "uv": [ 4, 6.5, 12.5, 7 ], "texture": "#texture" },
				"north": { "uv": [ 4, 6.5, 12.5, 7 ], "texture": "#texture" },
				"east": { "uv": [ 4, 6.5, 12.5, 7 ], "texture": "#texture" }
			}
		},
		{
			"__comment": "Voxels-F4D55F",
			"from": [ 0.5, 17, -1 ],
			"to": [ 16.5, 18, 0 ],
			"faces": {
				"up": { "uv": [ 4.5, 6, 12, 6.5 ], "texture": "#texture" },
				"north": { "uv": [ 4.5, 6, 12, 6.5 ], "texture": "#texture" },
				"east": { "uv": [ 4.5, 6, 12, 6.5 ], "texture": "#texture" }
			}
		},
		{
			"__comment": "Voxels-F4D55F",
			"from": [ 0.5, 18, -1 ],
			"to": [ 15.5, 19, 0 ],
			"faces": {
				"up": { "uv": [ 5, 5.5, 11.5, 6 ], "texture": "#texture" },
				"north": { "uv": [ 5, 5.5, 11.5, 6 ], "texture": "#texture" },
				"west": { "uv": [ 5, 5.5, 11.5, 6 ], "texture": "#texture" },
				"east": { "uv": [ 5, 5.5, 11.5, 6 ], "texture": "#texture" }
			}
		},
		{
			"__comment": "Voxels-00B700",
			"from": [ 0.5, 19, 0 ],
			"to": [ 17, 19.5, 2 ],
			"faces": {
				"down": { "uv": [ 2, 8.5, 13.5, 9 ], "texture": "#particle" },
				"north": { "uv": [ 2, 8.5, 13.5, 9 ], "texture": "#particle" },
				"south": { "uv": [ 2, 8.5, 13.5, 9 ], "texture": "#particle" },
				"east": { "uv": [ 1.5, 7.5, 2.5, 8 ], "texture": "#particle" }
			}
		},
		{
			"__comment": "Voxels-00B700",
			"from": [ 0.5, 20, 0 ],
			"to": [ 16, 21, 2 ],
			"faces": {
				"up": { "uv": [ 2, 6.5, 13.5, 7 ], "texture": "#particle" },
				"north": { "uv": [ 2, 6.5, 13.5, 7 ], "texture": "#particle" },
				"south": { "uv": [ 2, 6.5, 13.5, 7 ], "texture": "#particle" },
				"west": { "uv": [ 2.5, 6, 3.5, 7 ], "texture": "#particle" },
				"east": { "uv": [ 2.5, 6, 3.5, 7 ], "texture": "#particle" }
			}
		},
		{
			"__comment": "Voxels-00B700",
			"from": [ 1, 19.5, -0.5 ],
			"to": [ 15.5, 20.5, 0 ],
			"faces": {
				"up": { "uv": [ 2, 7.5, 13.5, 8.5 ], "texture": "#particle" },
				"north": { "uv": [ 2, 7.5, 13.5, 8.5 ], "texture": "#particle" },
				"south": { "uv": [ 2, 7.5, 13.5, 8.5 ], "texture": "#particle" },
				"west": { "uv": [ 3, 7, 4, 8 ], "texture": "#particle" },
				"east": { "uv": [ 3, 7, 4, 8 ], "texture": "#particle" }
			}
		},
		{
			"__comment": "Voxels-00B700",
			"from": [ 1, 21, 0 ],
			"to": [ 15, 22, 2 ],
			"faces": {
				"up": { "uv": [ 2.5, 6, 14, 6.5 ], "texture": "#particle", "cullface": "up" },
				"north": { "uv": [ 2.5, 6, 14, 6.5 ], "texture": "#particle", "cullface": "up" },
				"south": { "uv": [ 2.5, 6, 14, 6.5 ], "texture": "#particle", "cullface": "up" },
				"west": { "uv": [ 3.5, 5.5, 4.5, 6.5 ], "texture": "#particle", "cullface": "up" },
				"east": { "uv": [ 3.5, 5.5, 4.5, 6.5 ], "texture": "#particle", "cullface": "up" }
			}
		},
		{
			"__comment": "Voxels-00B700",
			"from": [ 1, 24.5, 0.5 ],
			"to": [ 7.5, 25, 2 ],
			"faces": {
				"down": { "uv": [ 9.500001, 3, 15, 3.5 ], "texture": "#particle", "cullface": "up" },
				"up": { "uv": [ 9.500001, 3, 15, 3.5 ], "texture": "#particle", "cullface": "up" },
				"north": { "uv": [ 9.500001, 3, 15, 3.5 ], "texture": "#particle", "cullface": "up" },
				"south": { "uv": [ 9.500001, 3, 15, 3.5 ], "texture": "#particle", "cullface": "up" },
				"west": { "uv": [ 10.5, 2.5, 11.5, 3 ], "texture": "#particle", "cullface": "up" },
				"east": { "uv": [ 10.5, 2.5, 11.5, 3 ], "texture": "#particle", "cullface": "up" }
			}
		},
		{
			"__comment": "Voxels-00B700",
			"from": [ 1, 25, 0.5 ],
			"to": [ 6, 25.5, 2 ],
			"faces": {
				"up": { "uv": [ 10.5, 2.5, 15, 3 ], "texture": "#particle", "cullface": "up" },
				"north": { "uv": [ 10.5, 2.5, 15, 3 ], "texture": "#particle", "cullface": "up" },
				"south": { "uv": [ 10.5, 2.5, 15, 3 ], "texture": "#particle", "cullface": "up" },
				"west": { "uv": [ 11.5, 2, 12.5, 2.5 ], "texture": "#particle", "cullface": "up" },
				"east": { "uv": [ 11.5, 2, 12.5, 2.5 ], "texture": "#particle", "cullface": "up" }
			}
		},
		{
			"__comment": "Voxels-00B700",
			"from": [ 1, 25.5, 0.5 ],
			"to": [ 4.5, 26, 1 ],
			"faces": {
				"up": { "uv": [ 12.5, 2, 13.5, 2.5 ], "texture": "#particle", "cullface": "up" },
				"north": { "uv": [ 12.5, 2, 13.5, 2.5 ], "texture": "#particle", "cullface": "up" },
				"west": { "uv": [ 13, 1.5, 13.5, 2 ], "texture": "#particle", "cullface": "up" },
				"east": { "uv": [ 13, 1.5, 13.5, 2 ], "texture": "#particle", "cullface": "up" }
			}
		},
		{
			"__comment": "Voxels-00B700",
			"from": [ 1, 26, 0.5 ],
			"to": [ 3.5, 26.5, 1 ],
			"faces": {
				"up": { "uv": [ 13, 1.5, 14, 2 ], "texture": "#particle", "cullface": "up" },
				"north": { "uv": [ 13, 1.5, 14, 2 ], "texture": "#particle", "cullface": "up" },
				"west": { "uv": [ 13, 1.5, 14, 2 ], "texture": "#particle", "cullface": "up" },
				"east": { "uv": [ 13, 1.5, 14, 2 ], "texture": "#particle", "cullface": "up" }
			}
		},
		{
			"__comment": "Voxels-00B700",
			"from": [ 1, 26.5, 0.5 ],
			"to": [ 2.5, 27, 1 ],
			"faces": {
				"up": { "uv": [ 13.5, 1, 14.5, 1.5 ], "texture": "#particle", "cullface": "up" },
				"north": { "uv": [ 13.5, 1, 14.5, 1.5 ], "texture": "#particle", "cullface": "up" },
				"west": { "uv": [ 13.5, 1, 14.5, 1.5 ], "texture": "#particle", "cullface": "up" },
				"east": { "uv": [ 13.5, 1, 14.5, 1.5 ], "texture": "#particle", "cullface": "up" }
			}
		},
		{
			"__comment": "Voxels-00B700",
			"from": [ 1, 27, 0.5 ],
			"to": [ 1.5, 27.5, 1 ],
			"faces": {
				"up": { "uv": [ 14, 0.5, 14.5, 1 ], "texture": "#particle", "cullface": "up" },
				"north": { "uv": [ 14, 0.5, 14.5, 1 ], "texture": "#particle", "cullface": "up" },
				"west": { "uv": [ 14, 0.5, 14.5, 1 ], "texture": "#particle", "cullface": "up" },
				"east": { "uv": [ 14, 0.5, 14.5, 1 ], "texture": "#particle", "cullface": "up" }
			}
		},
		{
			"__comment": "Voxels-F4D55F",
			"from": [ 1.5, 16, -1.5 ],
			"to": [ 14.5, 16.5, -1 ],
			"faces": {
				"up": { "uv": [ 5, 6, 11.5, 6.5 ], "texture": "#texture" },
				"north": { "uv": [ 5, 6, 11.5, 6.5 ], "texture": "#texture" },
				"west": { "uv": [ 5, 6, 11.5, 6.5 ], "texture": "#texture" },
				"east": { "uv": [ 5, 6, 11.5, 6.5 ], "texture": "#texture" }
			}
		},
		{
			"__comment": "Voxels-00B700",
			"from": [ 1.5, 20.5, -0.5 ],
			"to": [ 14.5, 21.5, 0 ],
			"faces": {
				"up": { "uv": [ 2.5, 6.5, 13, 7.5 ], "texture": "#particle" },
				"north": { "uv": [ 2.5, 6.5, 13, 7.5 ], "texture": "#particle" },
				"south": { "uv": [ 2.5, 6.5, 13, 7.5 ], "texture": "#particle" },
				"west": { "uv": [ 3.5, 6.5, 4.5, 7.5 ], "texture": "#particle" },
				"east": { "uv": [ 3.5, 6.5, 4.5, 7.5 ], "texture": "#particle" }
			}
		},
		{
			"__comment": "Voxels-00B700",
			"from": [ 1.5, 23.5, 0.5 ],
			"to": [ 11, 24, 2 ],
			"faces": {
				"down": { "uv": [ 7, 4, 15, 4.5 ], "texture": "#particle", "cullface": "up" },
				"up": { "uv": [ 7, 4, 15, 4.5 ], "texture": "#particle", "cullface": "up" },
				"north": { "uv": [ 7, 4, 15, 4.5 ], "texture": "#particle", "cullface": "up" },
				"south": { "uv": [ 7, 4, 15, 4.5 ], "texture": "#particle", "cullface": "up" },
				"west": { "uv": [ 8, 3.5, 9, 4 ], "texture": "#particle", "cullface": "up" },
				"east": { "uv": [ 8, 3.5, 9, 4 ], "texture": "#particle", "cullface": "up" }
			}
		},
		{
			"__comment": "Voxels-00B700",
			"from": [ 1.5, 24, 0.5 ],
			"to": [ 9.5, 24.5, 2 ],
			"faces": {
				"up": { "uv": [ 7.999999, 3.5, 15, 4 ], "texture": "#particle", "cullface": "up" },
				"north": { "uv": [ 7.999999, 3.5, 15, 4 ], "texture": "#particle", "cullface": "up" },
				"south": { "uv": [ 7.999999, 3.5, 15, 4 ], "texture": "#particle", "cullface": "up" },
				"west": { "uv": [ 9.499999, 3, 10.5, 3.5 ], "texture": "#particle", "cullface": "up" },
				"east": { "uv": [ 9.499999, 3, 10.5, 3.5 ], "texture": "#particle", "cullface": "up" }
			}
		},
		{
			"__comment": "Voxels-00B700",
			"from": [ 2, 22, 0 ],
			"to": [ 14, 22.5, 2 ],
			"faces": {
				"up": { "uv": [ 3.5, 5.5, 14, 6 ], "texture": "#particle", "cullface": "up" },
				"north": { "uv": [ 3.5, 5.5, 14, 6 ], "texture": "#particle", "cullface": "up" },
				"south": { "uv": [ 3.5, 5.5, 14, 6 ], "texture": "#particle", "cullface": "up" },
				"west": { "uv": [ 4.5, 5, 5.5, 5.5 ], "texture": "#particle", "cullface": "up" },
				"east": { "uv": [ 4.5, 5, 5.5, 5.5 ], "texture": "#particle", "cullface": "up" }
			}
		},
		{
			"__comment": "Voxels-00B700",
			"from": [ 2, 22.5, 0 ],
			"to": [ 13, 23, 2 ],
			"faces": {
				"up": { "uv": [ 4.5, 5, 14.5, 5.5 ], "texture": "#particle", "cullface": "up" },
				"north": { "uv": [ 4.5, 5, 14.5, 5.5 ], "texture": "#particle", "cullface": "up" },
				"south": { "uv": [ 4.5, 5, 14.5, 5.5 ], "texture": "#particle", "cullface": "up" },
				"west": { "uv": [ 5.5, 4.5, 6.5, 5 ], "texture": "#particle", "cullface": "up" },
				"east": { "uv": [ 5.5, 4.5, 6.5, 5 ], "texture": "#particle", "cullface": "up" }
			}
		},
		{
			"__comment": "Voxels-00B700",
			"from": [ 2, 23, 0 ],
			"to": [ 12, 23.5, 2 ],
			"faces": {
				"up": { "uv": [ 5.5, 4.5, 14.5, 5 ], "texture": "#particle", "cullface": "up" },
				"north": { "uv": [ 5.5, 4.5, 14.5, 5 ], "texture": "#particle", "cullface": "up" },
				"south": { "uv": [ 5.5, 4.5, 14.5, 5 ], "texture": "#particle", "cullface": "up" },
				"west": { "uv": [ 7, 4, 8, 4.5 ], "texture": "#particle", "cullface": "up" },
				"east": { "uv": [ 7, 4, 8, 4.5 ], "texture": "#particle", "cullface": "up" }
			}
		},
		{
			"__comment": "Voxels-00B700",
			"from": [ 2, 23.5, 0 ],
			"to": [ 11, 24, 0.5 ],
			"faces": {
				"up": { "uv": [ 7, 4, 12.5, 4.5 ], "texture": "#particle", "cullface": "up" },
				"north": { "uv": [ 7, 4, 12.5, 4.5 ], "texture": "#particle", "cullface": "up" },
				"west": { "uv": [ 7, 4, 12.5, 4.5 ], "texture": "#particle", "cullface": "up" },
				"east": { "uv": [ 8, 3.5, 9, 4 ], "texture": "#particle", "cullface": "up" }
			}
		},
		{
			"__comment": "Voxels-00B700",
			"from": [ 2, 24, 0 ],
			"to": [ 9.5, 24.5, 0.5 ],
			"faces": {
				"up": { "uv": [ 8, 3.5, 12.5, 4 ], "texture": "#particle", "cullface": "up" },
				"north": { "uv": [ 8, 3.5, 12.5, 4 ], "texture": "#particle", "cullface": "up" },
				"west": { "uv": [ 8, 3.5, 12.5, 4 ], "texture": "#particle", "cullface": "up" },
				"east": { "uv": [ 8, 3.5, 12.5, 4 ], "texture": "#particle", "cullface": "up" }
			}
		},
		{
			"__comment": "Voxels-00B700",
			"from": [ 2, 24.5, 0 ],
			"to": [ 7.5, 25, 0.5 ],
			"faces": {
				"up": { "uv": [ 9.499999, 3, 13, 3.5 ], "texture": "#particle", "cullface": "up" },
				"north": { "uv": [ 9.499999, 3, 13, 3.5 ], "texture": "#particle", "cullface": "up" },
				"west": { "uv": [ 10.5, 2.5, 11, 3 ], "texture": "#particle", "cullface": "up" },
				"east": { "uv": [ 10.5, 2.5, 11, 3 ], "texture": "#particle", "cullface": "up" }
			}
		},
		{
			"__comment": "Voxels-00B700",
			"from": [ 2, 25, 0 ],
			"to": [ 6, 25.5, 0.5 ],
			"faces": {
				"up": { "uv": [ 10.5, 2.5, 13, 3 ], "texture": "#particle", "cullface": "up" },
				"north": { "uv": [ 10.5, 2.5, 13, 3 ], "texture": "#particle", "cullface": "up" },
				"west": { "uv": [ 12.5, 2, 13, 2.5 ], "texture": "#particle", "cullface": "up" },
				"east": { "uv": [ 12.5, 2, 13, 2.5 ], "texture": "#particle", "cullface": "up" }
			}
		},
		{
			"__comment": "Voxels-00B700",
			"from": [ 2, 25.5, 0 ],
			"to": [ 4.5, 26, 0.5 ],
			"faces": {
				"up": { "uv": [ 11.5, 2, 13, 2.5 ], "texture": "#particle", "cullface": "up" },
				"north": { "uv": [ 11.5, 2, 13, 2.5 ], "texture": "#particle", "cullface": "up" },
				"west": { "uv": [ 13, 2, 13.5, 2.5 ], "texture": "#particle", "cullface": "up" },
				"east": { "uv": [ 13, 2, 13.5, 2.5 ], "texture": "#particle", "cullface": "up" }
			}
		},
		{
			"__comment": "Voxels-00B700",
			"from": [ 2, 26, 0 ],
			"to": [ 3.5, 26.5, 0.5 ],
			"faces": {
				"up": { "uv": [ 12.5, 1.5, 13.5, 2 ], "texture": "#particle", "cullface": "up" },
				"north": { "uv": [ 12.5, 1.5, 13.5, 2 ], "texture": "#particle", "cullface": "up" },
				"west": { "uv": [ 13.5, 1, 14.5, 1.5 ], "texture": "#particle", "cullface": "up" },
				"east": { "uv": [ 13.5, 1, 14.5, 1.5 ], "texture": "#particle", "cullface": "up" }
			}
		},
		{
			"__comment": "Voxels-00B700",
			"from": [ 2, 26.5, 0 ],
			"to": [ 2.5, 27, 0.5 ],
			"faces": {
				"up": { "uv": [ 13.5, 1, 14, 1.5 ], "texture": "#particle", "cullface": "up" },
				"north": { "uv": [ 13.5, 1, 14, 1.5 ], "texture": "#particle", "cullface": "up" },
				"west": { "uv": [ 13.5, 1, 14, 1.5 ], "texture": "#particle", "cullface": "up" },
				"east": { "uv": [ 13.5, 1, 14, 1.5 ], "texture": "#particle", "cullface": "up" }
			}
		},
		{
			"__comment": "Voxels-F4D55F",
			"from": [ 2.5, 13.5, -1 ],
			"to": [ 17.5, 14.5, -0.5 ],
			"faces": {
				"down": { "uv": [ 3.5, 8, 11, 8.5 ], "texture": "#texture", "cullface": "north" },
				"up": { "uv": [ 3.5, 8, 11, 8.5 ], "texture": "#texture", "cullface": "north" },
				"north": { "uv": [ 3.5, 8, 11, 8.5 ], "texture": "#texture", "cullface": "north" },
				"south": { "uv": [ 3.5, 8, 11, 8.5 ], "texture": "#texture", "cullface": "north" },
				"west": { "uv": [ 3.5, 8, 11, 8.5 ], "texture": "#texture", "cullface": "north" },
				"east": { "uv": [ 3.5, 8, 11, 8.5 ], "texture": "#texture", "cullface": "north" }
			}
		},
		{
			"__comment": "Voxels-F4D55F",
			"from": [ 2.5, 14, -0.5 ],
			"to": [ 18, 14.5, 0 ],
			"faces": {
				"down": { "uv": [ 3.5, 8, 11, 8.5 ], "texture": "#texture" },
				"up": { "uv": [ 3.5, 8, 11, 8.5 ], "texture": "#texture" },
				"north": { "uv": [ 3.5, 8, 11, 8.5 ], "texture": "#texture" },
				"south": { "uv": [ 3.5, 8, 11, 8.5 ], "texture": "#texture" },
				"west": { "uv": [ 3.5, 8, 11, 8.5 ], "texture": "#texture" },
				"east": { "uv": [ 3.5, 8, 11, 8.5 ], "texture": "#texture" }
			}
		},
		{
			"__comment": "Voxels-F4D55F",
			"from": [ 2.5, 16.5, -1.5 ],
			"to": [ 13.5, 17, -1 ],
			"faces": {
				"up": { "uv": [ 5.5, 6, 11, 6.5 ], "texture": "#texture" },
				"north": { "uv": [ 5.5, 6, 11, 6.5 ], "texture": "#texture" },
				"west": { "uv": [ 5.5, 6, 11, 6.5 ], "texture": "#texture" },
				"east": { "uv": [ 5.5, 6, 11, 6.5 ], "texture": "#texture" }
			}
		},
		{
			"__comment": "Voxels-00B700",
			"from": [ 2.5, 21.5, -0.5 ],
			"to": [ 13.5, 22, 0 ],
			"faces": {
				"up": { "uv": [ 4, 6, 13, 6.5 ], "texture": "#particle" },
				"north": { "uv": [ 4, 6, 13, 6.5 ], "texture": "#particle" },
				"west": { "uv": [ 4.5, 5.5, 5.5, 6 ], "texture": "#particle" },
				"east": { "uv": [ 4.5, 5.5, 5.5, 6 ], "texture": "#particle" }
			}
		},
		{
			"__comment": "Voxels-F4D55F",
			"from": [ 3, 13.5, -1.5 ],
			"to": [ 5.5, 14, -1 ],
			"faces": {
				"down": { "uv": [ 8.5, 8, 10.5, 8.5 ], "texture": "#texture", "cullface": "north" },
				"up": { "uv": [ 8.5, 8, 10.5, 8.5 ], "texture": "#texture", "cullface": "north" },
				"north": { "uv": [ 8.5, 8, 10.5, 8.5 ], "texture": "#texture", "cullface": "north" },
				"west": { "uv": [ 8.5, 8, 10.5, 8.5 ], "texture": "#texture", "cullface": "north" },
				"east": { "uv": [ 8.5, 8, 10.5, 8.5 ], "texture": "#texture", "cullface": "north" }
			}
		},
		{
			"__comment": "Voxels-F4D55F",
			"from": [ 3, 14, -1.5 ],
			"to": [ 5, 14.5, -1 ],
			"faces": {
				"north": { "uv": [ 8.5, 7.5, 10.5, 8 ], "texture": "#texture", "cullface": "north" },
				"west": { "uv": [ 8.5, 7.5, 10.5, 8 ], "texture": "#texture", "cullface": "north" },
				"east": { "uv": [ 8.5, 7.5, 10.5, 8 ], "texture": "#texture", "cullface": "north" }
			}
		},
		{
			"__comment": "Voxels-F4D55F",
			"from": [ 3.5, 12.5, -1.5 ],
			"to": [ 6, 13, -1 ],
			"faces": {
				"down": { "uv": [ 8, 8.5, 9, 9 ], "texture": "#texture", "cullface": "north" },
				"up": { "uv": [ 8, 8.5, 9, 9 ], "texture": "#texture", "cullface": "north" },
				"north": { "uv": [ 8, 8.5, 9, 9 ], "texture": "#texture", "cullface": "north" },
				"south": { "uv": [ 8, 8.5, 9, 9 ], "texture": "#texture", "cullface": "north" },
				"west": { "uv": [ 8, 8.5, 9, 9 ], "texture": "#texture", "cullface": "north" },
				"east": { "uv": [ 8, 8.5, 9, 9 ], "texture": "#texture", "cullface": "north" }
			}
		},
		{
			"__comment": "Voxels-F4D55F",
			"from": [ 3.5, 13, -1.5 ],
			"to": [ 5.5, 13.5, -1 ],
			"faces": {
				"north": { "uv": [ 8.5, 8.5, 10, 9 ], "texture": "#texture", "cullface": "north" },
				"south": { "uv": [ 8.5, 8.5, 10, 9 ], "texture": "#texture", "cullface": "north" },
				"west": { "uv": [ 8.5, 8.5, 10, 9 ], "texture": "#texture", "cullface": "north" },
				"east": { "uv": [ 8.5, 8.5, 10, 9 ], "texture": "#texture", "cullface": "north" }
			}
		},
		{
			"__comment": "Voxels-F4D55F",
			"from": [ 3.5, 13.5, -0.5 ],
			"to": [ 4, 14, 0 ],
			"faces": {
				"down": { "uv": [ 12.5, 8, 12, 8.5 ], "texture": "#texture", "cullface": "north" },
				"west": { "uv": [ 12.5, 8, 12, 8.5 ], "texture": "#texture", "cullface": "north" },
				"east": { "uv": [ 12.5, 8, 12, 8.5 ], "texture": "#texture", "cullface": "north" }
			}
		},
		{
			"__comment": "Voxels-F4D55F",
			"from": [ 3.5, 17, -1.5 ],
			"to": [ 12.5, 17.5, -1 ],
			"faces": {
				"up": { "uv": [ 6, 6, 10, 6.5 ], "texture": "#texture" },
				"north": { "uv": [ 6, 6, 10, 6.5 ], "texture": "#texture" },
				"west": { "uv": [ 6, 6, 10, 6.5 ], "texture": "#texture" },
				"east": { "uv": [ 6, 6, 10, 6.5 ], "texture": "#texture" }
			}
		},
		{
			"__comment": "Voxels-F4D55F",
			"from": [ 4, 12, -1.5 ],
			"to": [ 6, 12.5, -1 ],
			"faces": {
				"down": { "uv": [ 8, 9, 8.5, 9.5 ], "texture": "#texture", "cullface": "north" },
				"north": { "uv": [ 8, 9, 8.5, 9.5 ], "texture": "#texture", "cullface": "north" },
				"south": { "uv": [ 8, 9, 8.5, 9.5 ], "texture": "#texture", "cullface": "north" },
				"west": { "uv": [ 8, 9, 8.5, 9.5 ], "texture": "#texture", "cullface": "north" },
				"east": { "uv": [ 8, 9, 8.5, 9.5 ], "texture": "#texture", "cullface": "north" }
			}
		},
		{
			"__comment": "Voxels-F4D55F",
			"from": [ 5, 17.5, -1.5 ],
			"to": [ 11.5, 18, -1 ],
			"faces": {
				"up": { "uv": [ 5.5, 5.5, 11, 6 ], "texture": "#texture" },
				"north": { "uv": [ 5.5, 5.5, 11, 6 ], "texture": "#texture" },
				"west": { "uv": [ 5.5, 5.5, 11, 6 ], "texture": "#texture" },
				"east": { "uv": [ 5.5, 5.5, 11, 6 ], "texture": "#texture" }
			}
		},
		{
			"__comment": "Voxels-F4D55F",
			"from": [ 6, 18, -1.5 ],
			"to": [ 10.5, 18.5, -1 ],
			"faces": {
				"up": { "uv": [ 6.5, 5.5, 10, 6 ], "texture": "#texture" },
				"north": { "uv": [ 6.5, 5.5, 10, 6 ], "texture": "#texture" },
				"west": { "uv": [ 6.5, 5.5, 10, 6 ], "texture": "#texture" },
				"east": { "uv": [ 6.5, 5.5, 10, 6 ], "texture": "#texture" }
			}
		},
		{
			"__comment": "Voxels-F4D55F",
			"from": [ 6.5, 14, -1.5 ],
			"to": [ 16.5, 14.5, -1 ],
			"faces": {
				"down": { "uv": [ 3.5, 7.5, 9, 8 ], "texture": "#texture", "cullface": "north" },
				"north": { "uv": [ 3.5, 7.5, 9, 8 ], "texture": "#texture", "cullface": "north" },
				"west": { "uv": [ 3.5, 7.5, 9, 8 ], "texture": "#texture", "cullface": "north" },
				"east": { "uv": [ 3.5, 7.5, 9, 8 ], "texture": "#texture", "cullface": "north" }
			}
		},
		{
			"__comment": "Voxels-F4D55F",
			"from": [ 7, 13.5, -1.5 ],
			"to": [ 16.5, 14, -1 ],
			"faces": {
				"down": { "uv": [ 3.5, 7.5, 9, 8 ], "texture": "#texture", "cullface": "north" },
				"north": { "uv": [ 3.5, 7.5, 9, 8 ], "texture": "#texture", "cullface": "north" },
				"west": { "uv": [ 3.5, 7.5, 9, 8 ], "texture": "#texture", "cullface": "north" },
				"east": { "uv": [ 3.5, 7.5, 9, 8 ], "texture": "#texture", "cullface": "north" }
			}
		},
		{
			"__comment": "Voxels-F4D55F",
			"from": [ 7.5, 13, -1.5 ],
			"to": [ 10.5, 13.5, -1 ],
			"faces": {
				"down": { "uv": [ 6.5, 7.5, 8.5, 8 ], "texture": "#texture", "cullface": "north" },
				"north": { "uv": [ 6.5, 7.5, 8.5, 8 ], "texture": "#texture", "cullface": "north" },
				"south": { "uv": [ 6.5, 7.5, 8.5, 8 ], "texture": "#texture", "cullface": "north" },
				"west": { "uv": [ 6.5, 7.5, 8.5, 8 ], "texture": "#texture", "cullface": "north" },
				"east": { "uv": [ 6.5, 7.5, 8.5, 8 ], "texture": "#texture", "cullface": "north" }
			}
		},
		{
			"__comment": "Voxels-F4D55F",
			"from": [ 8, 12.5, -1.5 ],
			"to": [ 11, 13, -1 ],
			"faces": {
				"down": { "uv": [ 6.5, 8, 8, 8.5 ], "texture": "#texture", "cullface": "north" },
				"up": { "uv": [ 6.5, 8, 8, 8.5 ], "texture": "#texture", "cullface": "north" },
				"north": { "uv": [ 6.5, 8, 8, 8.5 ], "texture": "#texture", "cullface": "north" },
				"south": { "uv": [ 6.5, 8, 8, 8.5 ], "texture": "#texture", "cullface": "north" },
				"west": { "uv": [ 6.5, 8, 8, 8.5 ], "texture": "#texture", "cullface": "north" },
				"east": { "uv": [ 6.5, 8, 8, 8.5 ], "texture": "#texture", "cullface": "north" }
			}
		},
		{
			"__comment": "Voxels-F4D55F",
			"from": [ 8.5, 11.5, -1.5 ],
			"to": [ 11.5, 12.5, -1 ],
			"faces": {
				"down": { "uv": [ 6, 8.5, 7.5, 9 ], "texture": "#texture", "cullface": "north" },
				"up": { "uv": [ 6, 8.5, 7.5, 9 ], "texture": "#texture", "cullface": "north" },
				"north": { "uv": [ 6, 8.5, 7.5, 9 ], "texture": "#texture", "cullface": "north" },
				"south": { "uv": [ 6, 8.5, 7.5, 9 ], "texture": "#texture", "cullface": "north" },
				"west": { "uv": [ 6, 8.5, 7.5, 9 ], "texture": "#texture", "cullface": "north" },
				"east": { "uv": [ 6, 8.5, 7.5, 9 ], "texture": "#texture", "cullface": "north" }
			}
		},
		{
			"__comment": "Voxels-F4D55F",
			"from": [ 9.5, 11, -1.5 ],
			"to": [ 11.5, 11.5, -1 ],
			"faces": {
				"down": { "uv": [ 6, 9, 7, 9.5 ], "texture": "#texture", "cullface": "north" },
				"north": { "uv": [ 6, 9, 7, 9.5 ], "texture": "#texture", "cullface": "north" },
				"south": { "uv": [ 6, 9, 7, 9.5 ], "texture": "#texture", "cullface": "north" },
				"west": { "uv": [ 6, 9, 7, 9.5 ], "texture": "#texture", "cullface": "north" },
				"east": { "uv": [ 6, 9, 7, 9.5 ], "texture": "#texture", "cullface": "north" }
			}
		},
		{
			"__comment": "Voxels-F4D55F",
			"from": [ 11.5, 13, -1.5 ],
			"to": [ 16, 13.5, -1 ],
			"faces": {
				"down": { "uv": [ 3.5, 8.000001, 6, 8.5 ], "texture": "#texture", "cullface": "north" },
				"north": { "uv": [ 3.5, 8.000001, 6, 8.5 ], "texture": "#texture", "cullface": "north" },
				"south": { "uv": [ 3.5, 8.000001, 6, 8.5 ], "texture": "#texture", "cullface": "north" },
				"west": { "uv": [ 3.5, 8.000001, 6, 8.5 ], "texture": "#texture", "cullface": "north" },
				"east": { "uv": [ 3.5, 8.000001, 6, 8.5 ], "texture": "#texture", "cullface": "north" }
			}
		},
		{
			"__comment": "Voxels-F4D55F",
			"from": [ 12, 12.5, -1.5 ],
			"to": [ 16, 13, -1 ],
			"faces": {
				"down": { "uv": [ 3.5, 8.499999, 5.5, 9 ], "texture": "#texture", "cullface": "north" },
				"north": { "uv": [ 3.5, 8.499999, 5.5, 9 ], "texture": "#texture", "cullface": "north" },
				"south": { "uv": [ 3.5, 8.499999, 5.5, 9 ], "texture": "#texture", "cullface": "north" },
				"west": { "uv": [ 3.5, 8.499999, 5.5, 9 ], "texture": "#texture", "cullface": "north" },
				"east": { "uv": [ 3.5, 8.499999, 5.5, 9 ], "texture": "#texture", "cullface": "north" }
			}
		},
		{
			"__comment": "Voxels-F4D55F",
			"from": [ 13, 12, -1.5 ],
			"to": [ 15.5, 12.5, -1 ],
			"faces": {
				"down": { "uv": [ 4, 9.000001, 5.5, 9.5 ], "texture": "#texture", "cullface": "north" },
				"north": { "uv": [ 4, 9.000001, 5.5, 9.5 ], "texture": "#texture", "cullface": "north" },
				"south": { "uv": [ 4, 9.000001, 5.5, 9.5 ], "texture": "#texture", "cullface": "north" },
				"west": { "uv": [ 4, 9.000001, 5.5, 9.5 ], "texture": "#texture", "cullface": "north" },
				"east": { "uv": [ 4, 9.000001, 5.5, 9.5 ], "texture": "#texture", "cullface": "north" }
			}
		},
		{
			"__comment": "Voxels-F4D55F",
			"from": [ 14, 11.5, -1.5 ],
			"to": [ 15.5, 12, -1 ],
			"faces": {
				"down": { "uv": [ 4, 9.000001, 5, 9.5 ], "texture": "#texture", "cullface": "north" },
				"north": { "uv": [ 4, 9.000001, 5, 9.5 ], "texture": "#texture", "cullface": "north" },
				"south": { "uv": [ 4, 9.000001, 5, 9.5 ], "texture": "#texture", "cullface": "north" },
				"west": { "uv": [ 4, 9.000001, 5, 9.5 ], "texture": "#texture", "cullface": "north" },
				"east": { "uv": [ 4, 9.000001, 5, 9.5 ], "texture": "#texture", "cullface": "north" }
			}
		},
		{
			"__comment": "Voxels-F4D55F",
			"from": [ 14.5, 11, -1.5 ],
			"to": [ 15, 11.5, -1 ],
			"faces": {
				"down": { "uv": [ 4.5, 9.499999, 5, 10 ], "texture": "#texture", "cullface": "north" },
				"north": { "uv": [ 4.5, 9.499999, 5, 10 ], "texture": "#texture", "cullface": "north" },
				"south": { "uv": [ 4.5, 9.499999, 5, 10 ], "texture": "#texture", "cullface": "north" },
				"west": { "uv": [ 4.5, 9.499999, 5, 10 ], "texture": "#texture", "cullface": "north" },
				"east": { "uv": [ 4.5, 9.499999, 5, 10 ], "texture": "#texture", "cullface": "north" }
			}
		},
		{
			"__comment": "Voxels-F4D55F",
			"from": [ 15, 13.5, -0.5 ],
			"to": [ 18, 14, 0 ],
			"faces": {
				"down": { "uv": [ 3.5, 8, 5.5, 8.5 ], "texture": "#texture" },
				"north": { "uv": [ 3.5, 8, 5.5, 8.5 ], "texture": "#texture" },
				"south": { "uv": [ 3.5, 8, 5.5, 8.5 ], "texture": "#texture" },
				"west": { "uv": [ 3.5, 8, 5.5, 8.5 ], "texture": "#texture" },
				"east": { "uv": [ 3.5, 8, 5.5, 8.5 ], "texture": "#texture" }
			}
		},
		{
			"__comment": "Voxels-F4D55F",
			"from": [ 15.5, 15.5, -1 ],
			"to": [ 17.5, 16, 0 ],
			"faces": {
				"down": { "uv": [ 4, 6.5, 5.5, 7 ], "texture": "#texture" },
				"north": { "uv": [ 4, 6.5, 5.5, 7 ], "texture": "#texture" },
				"east": { "uv": [ 4, 6.5, 5.5, 7 ], "texture": "#texture" }
			}
		},
		{
			"__comment": "Voxels-00B700",
			"from": [ 15.5, 18, -0.5 ],
			"to": [ 17, 18.5, 2 ],
			"faces": {
				"down": { "uv": [ 2.5, 8, 4, 8.5 ], "texture": "#particle" },
				"up": { "uv": [ 2.5, 8, 4, 8.5 ], "texture": "#particle" },
				"north": { "uv": [ 2.5, 8, 4, 8.5 ], "texture": "#particle" },
				"south": { "uv": [ 2.5, 8, 4, 8.5 ], "texture": "#particle" },
				"west": { "uv": [ 2.5, 8, 4, 8.5 ], "texture": "#particle" },
				"east": { "uv": [ 2.5, 8, 4, 8.5 ], "texture": "#particle" }
			}
		},
		{
			"__comment": "Voxels-00B700",
			"from": [ 15.5, 18.5, -0.5 ],
			"to": [ 16.5, 19, 2 ],
			"faces": {
				"up": { "uv": [ 3, 7.5, 4, 8 ], "texture": "#particle" },
				"north": { "uv": [ 3, 7.5, 4, 8 ], "texture": "#particle" },
				"south": { "uv": [ 3, 7.5, 4, 8 ], "texture": "#particle" },
				"west": { "uv": [ 3, 7.5, 4, 8 ], "texture": "#particle" },
				"east": { "uv": [ 3, 7.5, 4, 8 ], "texture": "#particle" }
			}
		},
		{
			"__comment": "Voxels-F4D55F",
			"from": [ 16, 12, -1 ],
			"to": [ 17.5, 13.5, -0.5 ],
			"faces": {
				"down": { "uv": [ 4, 8.5, 5, 9.5 ], "texture": "#texture" },
				"north": { "uv": [ 4, 8.5, 5, 9.5 ], "texture": "#texture" },
				"south": { "uv": [ 4, 8.5, 5, 9.5 ], "texture": "#texture" },
				"west": { "uv": [ 4, 8.5, 5, 9.5 ], "texture": "#texture" },
				"east": { "uv": [ 4, 8.5, 5, 9.5 ], "texture": "#texture" }
			}
		},
		{
			"__comment": "Voxels-F4D55F",
			"from": [ 16, 12.5, -0.5 ],
			"to": [ 18, 13.5, 0 ],
			"faces": {
				"down": { "uv": [ 3.5, 8.5, 4.5, 9 ], "texture": "#texture" },
				"north": { "uv": [ 3.5, 8.5, 4.5, 9 ], "texture": "#texture" },
				"south": { "uv": [ 3.5, 8.5, 4.5, 9 ], "texture": "#texture" },
				"west": { "uv": [ 3.5, 8.5, 4.5, 9 ], "texture": "#texture" },
				"east": { "uv": [ 3.5, 8.5, 4.5, 9 ], "texture": "#texture" }
			}
		},
		{
			"__comment": "Voxels-F4D55F",
			"from": [ 16, 15, -1 ],
			"to": [ 17.5, 15.5, 0 ],
			"faces": {
				"down": { "uv": [ 4, 7, 5, 7.5 ], "texture": "#texture" },
				"north": { "uv": [ 4, 7, 5, 7.5 ], "texture": "#texture" },
				"east": { "uv": [ 4, 7, 5, 7.5 ], "texture": "#texture" }
			}
		},
		{
			"__comment": "Voxels-F4D55F",
			"from": [ 16.5, 8, -1 ],
			"to": [ 17.5, 12, -0.5 ],
			"faces": {
				"down": { "uv": [ 3.5, 9, 4, 11 ], "texture": "#texture" },
				"north": { "uv": [ 3.5, 9, 4, 11 ], "texture": "#texture" },
				"south": { "uv": [ 3.5, 9, 4, 11 ], "texture": "#texture" },
				"west": { "uv": [ 3.5, 9, 4, 11 ], "texture": "#texture" },
				"east": { "uv": [ 3.5, 9, 4, 11 ], "texture": "#texture" }
			}
		},
		{
			"__comment": "Voxels-F4D55F",
			"from": [ 16.5, 14.5, -1 ],
			"to": [ 17.5, 15, 0 ],
			"faces": {
				"down": { "uv": [ 4, 7.5, 5, 8 ], "texture": "#texture" },
				"north": { "uv": [ 4, 7.5, 5, 8 ], "texture": "#texture" },
				"east": { "uv": [ 4, 7.5, 5, 8 ], "texture": "#texture" }
			}
		},
		{
			"__comment": "Voxels-00B700",
			"from": [ 16.5, 17, -0.5 ],
			"to": [ 17.5, 17.5, 2 ],
			"faces": {
				"down": { "uv": [ 1.5, 8.5, 2.5, 9 ], "texture": "#particle" },
				"up": { "uv": [ 1.5, 8.5, 2.5, 9 ], "texture": "#particle" },
				"north": { "uv": [ 1.5, 8.5, 2.5, 9 ], "texture": "#particle" },
				"south": { "uv": [ 1.5, 8.5, 2.5, 9 ], "texture": "#particle" },
				"west": { "uv": [ 1.5, 8.5, 2.5, 9 ], "texture": "#particle" },
				"east": { "uv": [ 1.5, 8.5, 2.5, 9 ], "texture": "#particle" }
			}
		},
		{
			"__comment": "Voxels-00B700",
			"from": [ 16.5, 17.5, -0.5 ],
			"to": [ 17, 18, 2 ],
			"faces": {
				"north": { "uv": [ 2, 8, 3, 8.5 ], "texture": "#particle" },
				"south": { "uv": [ 2, 8, 3, 8.5 ], "texture": "#particle" },
				"west": { "uv": [ 2, 8, 3, 8.5 ], "texture": "#particle" },
				"east": { "uv": [ 2, 8, 3, 8.5 ], "texture": "#particle" }
			}
		},
		{
			"__comment": "Voxels-00B700",
			"from": [ 16.5, 18.5, 0 ],
			"to": [ 17.5, 19, 2 ],
			"faces": {
				"down": { "uv": [ 2, 7, 3, 7.5 ], "texture": "#particle" },
				"up": { "uv": [ 2, 7, 3, 7.5 ], "texture": "#particle" },
				"north": { "uv": [ 2, 7, 3, 7.5 ], "texture": "#particle" },
				"south": { "uv": [ 2, 7, 3, 7.5 ], "texture": "#particle" },
				"east": { "uv": [ 2, 7, 3, 7.5 ], "texture": "#particle" }
			}
		},
		{
			"__comment": "Voxels-F4D55F",
			"from": [ 17, 12, -0.5 ],
			"to": [ 18, 12.5, 0 ],
			"faces": {
				"down": { "uv": [ 3.5, 9, 4, 9.5 ], "texture": "#texture" },
				"north": { "uv": [ 3.5, 9, 4, 9.5 ], "texture": "#texture" },
				"south": { "uv": [ 3.5, 9, 4, 9.5 ], "texture": "#texture" },
				"west": { "uv": [ 3.5, 9, 4, 9.5 ], "texture": "#texture" },
				"east": { "uv": [ 3.5, 9, 4, 9.5 ], "texture": "#texture" }
			}
		},
		{
			"__comment": "Voxels-00B700",
			"from": [ 17, 17.5, 0 ],
			"to": [ 18, 18, 2 ],
			"faces": {
				"down": { "uv": [ 1.5, 8, 2.5, 8.5 ], "texture": "#particle" },
				"up": { "uv": [ 1.5, 8, 2.5, 8.5 ], "texture": "#particle" },
				"north": { "uv": [ 1.5, 8, 2.5, 8.5 ], "texture": "#particle" },
				"south": { "uv": [ 1.5, 8, 2.5, 8.5 ], "texture": "#particle" },
				"east": { "uv": [ 1.5, 8, 2.5, 8.5 ], "texture": "#particle" }
			}
		},
		{
			"__comment": "Voxels-00B700",
			"from": [ 17, 18, 0 ],
			"to": [ 17.5, 18.5, 2 ],
			"faces": {
				"north": { "uv": [ 1.5, 7.5, 2.5, 8 ], "texture": "#particle" },
				"south": { "uv": [ 1.5, 7.5, 2.5, 8 ], "texture": "#particle" },
				"east": { "uv": [ 1.5, 7.5, 2.5, 8 ], "texture": "#particle" }
			}
		},
		{
			"__comment": "Voxels-F4D55F",
			"from": [ 17.5, 7.5, -0.5 ],
			"to": [ 18, 12, 0 ],
			"faces": {
				"down": { "uv": [ 3.5, 9.5, 4, 11.5 ], "texture": "#texture" },
				"north": { "uv": [ 3.5, 9.5, 4, 11.5 ], "texture": "#texture" },
				"south": { "uv": [ 3.5, 9.5, 4, 11.5 ], "texture": "#texture" },
				"west": { "uv": [ 3.5, 9.5, 4, 11.5 ], "texture": "#texture" },
				"east": { "uv": [ 3.5, 9.5, 4, 11.5 ], "texture": "#texture" }
			}
		},
		{
			"__comment": "Voxels-FFDBB7",
			"from": [ -2.5, 10, 0 ],
			"to": [ -1.5, 12.5, 1.5 ],
			"faces": {
				"down": { "uv": [ 13, 8.5, 13.5, 10 ], "texture": "#texture", "cullface": "west" },
				"up": { "uv": [ 13, 8.5, 13.5, 10 ], "texture": "#texture", "cullface": "west" },
				"north": { "uv": [ 13, 8.5, 13.5, 10 ], "texture": "#texture", "cullface": "west" },
				"south": { "uv": [ 13, 8.5, 13.5, 10 ], "texture": "#texture", "cullface": "west" },
				"west": { "uv": [ 13, 8.5, 13.5, 10 ], "texture": "#texture", "cullface": "west" },
				"east": { "uv": [ 13, 8.5, 13.5, 10 ], "texture": "#texture", "cullface": "west" }
			}
		},
		{
			"__comment": "Voxels-F4D55F",
			"from": [ 17.5, 14.5, -0.5 ],
			"to": [ 18, 16, 0 ],
			"faces": {
				"up": { "uv": [ 3.5, 7, 4, 8 ], "texture": "#texture" },
				"north": { "uv": [ 3.5, 7, 4, 8 ], "texture": "#texture" },
				"south": { "uv": [ 3.5, 7, 4, 8 ], "texture": "#texture" },
				"west": { "uv": [ 3.5, 7, 4, 8 ], "texture": "#texture" },
				"east": { "uv": [ 3.5, 7, 4, 8 ], "texture": "#texture" }
			}
		},
		{
			"__comment": "Voxels-00B700",
			"from": [ 17.5, 16, 0 ],
			"to": [ 18, 17.5, 2 ],
			"faces": {
				"down": { "uv": [ 1, 8.5, 1.5, 10 ], "texture": "#particle" },
				"north": { "uv": [ 1, 8.5, 1.5, 10 ], "texture": "#particle" },
				"south": { "uv": [ 1, 8.5, 1.5, 10 ], "texture": "#particle" },
				"west": { "uv": [ 1, 8.5, 1.5, 10 ], "texture": "#particle" },
				"east": { "uv": [ 1, 8.5, 1.5, 10 ], "texture": "#particle" }
			}
		},
		{
			"__comment": "Voxels-FFDBB7",
			"from": [ -3, 10.5, 0 ],
			"to": [ -2.5, 13, 1.5 ],
			"faces": {
				"down": { "uv": [ 13.5, 8, 14, 9.5 ], "texture": "#texture", "cullface": "west" },
				"up": { "uv": [ 13.5, 8, 14, 9.5 ], "texture": "#texture", "cullface": "west" },
				"north": { "uv": [ 13.5, 8, 14, 9.5 ], "texture": "#texture", "cullface": "west" },
				"south": { "uv": [ 13.5, 8, 14, 9.5 ], "texture": "#texture", "cullface": "west" },
				"west": { "uv": [ 13.5, 8, 14, 9.5 ], "texture": "#texture", "cullface": "west" },
				"east": { "uv": [ 13.5, 8, 14, 9.5 ], "texture": "#texture", "cullface": "west" }
			}
		},
		{
			"__comment": "Voxels-FFDBB7",
			"from": [ -3.5, 11, 0 ],
			"to": [ -3, 13.5, 1.5 ],
			"faces": {
				"down": { "uv": [ 14, 8, 14.5, 9 ], "texture": "#texture", "cullface": "west" },
				"up": { "uv": [ 14, 8, 14.5, 9 ], "texture": "#texture", "cullface": "west" },
				"north": { "uv": [ 14, 8, 14.5, 9 ], "texture": "#texture", "cullface": "west" },
				"south": { "uv": [ 14, 8, 14.5, 9 ], "texture": "#texture", "cullface": "west" },
				"west": { "uv": [ 14, 8, 14.5, 9 ], "texture": "#texture", "cullface": "west" },
				"east": { "uv": [ 14, 8, 14.5, 9 ], "texture": "#texture", "cullface": "west" }
			}
		},
		{
			"__comment": "Voxels-FFDBB7",
			"from": [ -4, 11.5, 0 ],
			"to": [ -3.5, 14, 1.5 ],
			"faces": {
				"down": { "uv": [ 14, 7.5, 14.5, 8 ], "texture": "#texture", "cullface": "west" },
				"up": { "uv": [ 14, 7.5, 14.5, 8 ], "texture": "#texture", "cullface": "west" },
				"north": { "uv": [ 14, 7.5, 14.5, 8 ], "texture": "#texture", "cullface": "west" },
				"south": { "uv": [ 14, 7.5, 14.5, 8 ], "texture": "#texture", "cullface": "west" },
				"west": { "uv": [ 14, 7.5, 14.5, 8 ], "texture": "#texture", "cullface": "west" },
				"east": { "uv": [ 14, 7.5, 14.5, 8 ], "texture": "#texture", "cullface": "west" }
			}
		},
		{
			"__comment": "Voxels-FFDBB7",
			"from": [ 17.5, 10, 0 ],
			"to": [ 18.5, 12.5, 1.5 ],
			"faces": {
				"down": { "uv": [ 3, 8.5, 3.499999, 10 ], "texture": "#texture", "cullface": "east" },
				"up": { "uv": [ 3, 8.5, 3.499999, 10 ], "texture": "#texture", "cullface": "east" },
				"north": { "uv": [ 3, 8.5, 3.499999, 10 ], "texture": "#texture", "cullface": "east" },
				"south": { "uv": [ 3, 8.5, 3.499999, 10 ], "texture": "#texture", "cullface": "east" },
				"west": { "uv": [ 3, 8.5, 3.499999, 10 ], "texture": "#texture", "cullface": "east" },
				"east": { "uv": [ 3, 8.5, 3.499999, 10 ], "texture": "#texture", "cullface": "east" }
			}
		},
		{
			"__comment": "Voxels-FFDBB7",
			"from": [ 18.5, 10.5, 0 ],
			"to": [ 19, 13, 1.5 ],
			"faces": {
				"down": { "uv": [ 2.5, 8, 2.999999, 9.5 ], "texture": "#texture", "cullface": "east" },
				"up": { "uv": [ 2.5, 8, 2.999999, 9.5 ], "texture": "#texture", "cullface": "east" },
				"north": { "uv": [ 2.5, 8, 2.999999, 9.5 ], "texture": "#texture", "cullface": "east" },
				"south": { "uv": [ 2.5, 8, 2.999999, 9.5 ], "texture": "#texture", "cullface": "east" },
				"west": { "uv": [ 2.5, 8, 2.999999, 9.5 ], "texture": "#texture", "cullface": "east" },
				"east": { "uv": [ 2.5, 8, 2.999999, 9.5 ], "texture": "#texture", "cullface": "east" }
			}
		},
		{
			"__comment": "Voxels-FFDBB7",
			"from": [ 19, 11, 0 ],
			"to": [ 19.5, 13.5, 1.5 ],
			"faces": {
				"down": { "uv": [ 2, 8, 2.5, 9 ], "texture": "#texture", "cullface": "east" },
				"up": { "uv": [ 2, 8, 2.5, 9 ], "texture": "#texture", "cullface": "east" },
				"north": { "uv": [ 2, 8, 2.5, 9 ], "texture": "#texture", "cullface": "east" },
				"south": { "uv": [ 2, 8, 2.5, 9 ], "texture": "#texture", "cullface": "east" },
				"west": { "uv": [ 2, 8, 2.5, 9 ], "texture": "#texture", "cullface": "east" },
				"east": { "uv": [ 2, 8, 2.5, 9 ], "texture": "#texture", "cullface": "east" }
			}
		},
		{
			"__comment": "Voxels-FFDBB7",
			"from": [ 19.5, 11.5, 0 ],
			"to": [ 20, 14, 1.5 ],
			"faces": {
				"down": { "uv": [ 2, 7.5, 2.5, 8 ], "texture": "#texture", "cullface": "east" },
				"up": { "uv": [ 2, 7.5, 2.5, 8 ], "texture": "#texture", "cullface": "east" },
				"north": { "uv": [ 2, 7.5, 2.5, 8 ], "texture": "#texture", "cullface": "east" },
				"south": { "uv": [ 2, 7.5, 2.5, 8 ], "texture": "#texture", "cullface": "east" },
				"west": { "uv": [ 2, 7.5, 2.5, 8 ], "texture": "#texture", "cullface": "east" },
				"east": { "uv": [ 2, 7.5, 2.5, 8 ], "texture": "#texture", "cullface": "east" }
			}
		},
		{
			"__comment": "PlaneX124",
			"from": [ 7.5, 0, 0 ],
			"to": [ 7.501, 1, 1 ],
			"faces": {
				"west": { "uv": [ 0, 15, 1, 16 ], "texture": "#texture" },
				"east": { "uv": [ 15, 15, 16, 16 ], "texture": "#texture" }
			}
		},
		{
			"__comment": "Box125",
			"from": [ 14.5, 5.5, 1.5 ],
			"to": [ 15.5, 6.5, 15 ],
			"faces": {
				"down": { "uv": [ 1, 1.5, 15, 2.5 ], "texture": "#texture", "rotation": 90 },
				"south": { "uv": [ 14.5, 1.5, 15, 2.5 ], "texture": "#texture" },
				"west": { "uv": [ 1, 1.5, 15, 2.5 ], "texture": "#texture" },
				"east": { "uv": [ 1, 1.5, 15, 2.5 ], "texture": "#texture" }
			}
		},
		{
			"__comment": "Box125",
			"from": [ 14.5, 6.5, 1.5 ],
			"to": [ 15.5, 7.5, 15 ],
			"faces": {
				"up": { "uv": [ 1, 0.5, 15, 1.5 ], "texture": "#texture", "rotation": 90 },
				"south": { "uv": [ 14.5, 0.5, 15, 1.5 ], "texture": "#texture" },
				"west": { "uv": [ 1, 0.5, 15, 1.5 ], "texture": "#texture" },
				"east": { "uv": [ 1, 0.5, 15, 1.5 ], "texture": "#texture" }
			}
		},
		{
			"__comment": "Box125",
			"from": [ 1, 11.5, 15 ],
			"to": [ 14.5, 12.5, 16 ],
			"faces": {
				"down": { "uv": [ 15, 1.5, 1, 2.5 ], "texture": "#texture" },
				"north": { "uv": [ 1, 1.5, 15, 2.5 ], "texture": "#texture" },
				"south": { "uv": [ 1, 1.5, 15, 2.5 ], "texture": "#texture", "cullface": "south" },
				"west": { "uv": [ 14.5, 1.5, 15, 2.5 ], "texture": "#texture" },
				"east": { "uv": [ 14.5, 1.5, 15, 2.5 ], "texture": "#texture" }
			}
		},
		{
			"__comment": "Box125",
			"from": [ 14.5, 11.5, 1.5 ],
			"to": [ 15.5, 12.5, 15 ],
			"faces": {
				"down": { "uv": [ 1, 1.5, 15, 2.5 ], "texture": "#texture", "rotation": 90 },
				"north": { "uv": [ 14.5, 1.5, 15, 2.5 ], "texture": "#texture" },
				"south": { "uv": [ 14.5, 1.5, 15, 2.5 ], "texture": "#texture" },
				"west": { "uv": [ 1, 1.5, 15, 2.5 ], "texture": "#texture" },
				"east": { "uv": [ 1, 1.5, 15, 2.5 ], "texture": "#texture" }
			}
		},
		{
			"__comment": "Box125",
			"from": [ 0.5, 5.5, 1.5 ],
			"to": [ 1.5, 6.5, 15 ],
			"faces": {
				"down": { "uv": [ 1, 1.5, 15, 2.5 ], "texture": "#texture", "rotation": 90 },
				"south": { "uv": [ 14.5, 1.5, 15, 2.5 ], "texture": "#texture" },
				"west": { "uv": [ 1, 1.5, 15, 2.5 ], "texture": "#texture" },
				"east": { "uv": [ 1, 1.5, 15, 2.5 ], "texture": "#texture" }
			}
		},
		{
			"__comment": "Box125",
			"from": [ 0.5, 6.5, 1.5 ],
			"to": [ 1.5, 7.5, 15 ],
			"faces": {
				"up": { "uv": [ 1, 0.5, 15, 1.5 ], "texture": "#texture", "rotation": 90 },
				"south": { "uv": [ 14.5, 0.5, 15, 1.5 ], "texture": "#texture" },
				"west": { "uv": [ 1, 0.5, 15, 1.5 ], "texture": "#texture" },
				"east": { "uv": [ 1, 0.5, 15, 1.5 ], "texture": "#texture" }
			}
		},
		{
			"__comment": "Box125",
			"from": [ 0.5, 11.5, 1.5 ],
			"to": [ 1.5, 12.5, 15 ],
			"faces": {
				"down": { "uv": [ 1, 1.5, 15, 2.5 ], "texture": "#texture", "rotation": 90 },
				"north": { "uv": [ 14.5, 1.5, 15, 2.5 ], "texture": "#texture" },
				"south": { "uv": [ 14.5, 1.5, 15, 2.5 ], "texture": "#texture" },
				"west": { "uv": [ 1, 1.5, 15, 2.5 ], "texture": "#texture" },
				"east": { "uv": [ 1, 1.5, 15, 2.5 ], "texture": "#texture" }
			}
		},
		{
			"__comment": "Box125",
			"from": [ 0.5, 12.5, 1.5 ],
			"to": [ 1.5, 13.5, 15 ],
			"faces": {
				"up": { "uv": [ 1, 0.5, 15, 1.5 ], "texture": "#texture", "rotation": 90 },
				"south": { "uv": [ 14.5, 0.5, 15, 1.5 ], "texture": "#texture" },
				"west": { "uv": [ 1, 0.5, 15, 1.5 ], "texture": "#texture" },
				"east": { "uv": [ 1, 0.5, 15, 1.5 ], "texture": "#texture" }
			}
		},
		{
			"__comment": "Box125",
			"from": [ 14.5, 12.5, 1.5 ],
			"to": [ 15.5, 13.5, 15 ],
			"faces": {
				"up": { "uv": [ 1, 0.5, 15, 1.5 ], "texture": "#texture", "rotation": 90 },
				"south": { "uv": [ 14.5, 0.5, 15, 1.5 ], "texture": "#texture" },
				"west": { "uv": [ 1, 0.5, 15, 1.5 ], "texture": "#texture" },
				"east": { "uv": [ 1, 0.5, 15, 1.5 ], "texture": "#texture" }
			}
		},
		{
			"__comment": "Box125",
			"from": [ 1, 12.5, 15 ],
			"to": [ 14.5, 13.5, 16 ],
			"faces": {
				"up": { "uv": [ 1, 0.5, 15, 1.5 ], "texture": "#texture", "rotation": 180 },
				"north": { "uv": [ 1, 0.5, 15, 1.5 ], "texture": "#texture" },
				"south": { "uv": [ 1, 0.5, 15, 1.5 ], "texture": "#texture", "cullface": "south" },
				"west": { "uv": [ 14.5, 0.5, 15, 1.5 ], "texture": "#texture" },
				"east": { "uv": [ 14.5, 0.5, 15, 1.5 ], "texture": "#texture" }
			}
		},
		{
			"__comment": "Box125",
			"from": [ 1, 6.5, 15 ],
			"to": [ 14.5, 7.5, 16 ],
			"faces": {
				"up": { "uv": [ 1, 0.5, 15, 1.5 ], "texture": "#texture", "rotation": 180 },
				"north": { "uv": [ 1, 0.5, 15, 1.5 ], "texture": "#texture" },
				"south": { "uv": [ 1, 0.5, 15, 1.5 ], "texture": "#texture", "cullface": "south" },
				"west": { "uv": [ 14.5, 0.5, 15, 1.5 ], "texture": "#texture" },
				"east": { "uv": [ 14.5, 0.5, 15, 1.5 ], "texture": "#texture" }
			}
		},
		{
			"__comment": "Box125",
			"from": [ 1, 5.5, 15 ],
			"to": [ 14.5, 6.5, 16 ],
			"faces": {
				"down": { "uv": [ 15, 1.5, 1, 2.5 ], "texture": "#texture" },
				"north": { "uv": [ 1, 1.5, 15, 2.5 ], "texture": "#texture" },
				"south": { "uv": [ 1, 1.5, 15, 2.5 ], "texture": "#texture", "cullface": "south" },
				"west": { "uv": [ 14.5, 1.5, 15, 2.5 ], "texture": "#texture" },
				"east": { "uv": [ 14.5, 1.5, 15, 2.5 ], "texture": "#texture" }
			}
		},
		{
			"__comment": "Box137",
			"from": [ 5, 2.5, -0.005 ],
			"to": [ 11, 3.5, 0.995 ],
			"faces": {
				"down": { "uv": [ 5, 12.5, 6, 13.5 ], "texture": "#particle" },
				"up": { "uv": [ 7.5, 0, 8.5, 1 ], "texture": "#particle" },
				"north": { "uv": [ 5, 14.5, 12, 15.5 ], "texture": "#particle" },
				"south": { "uv": [ 7.5, 15, 8.5, 16 ], "texture": "#particle" },
				"west": { "uv": [ 0, 15, 1, 16 ], "texture": "#particle" },
				"east": { "uv": [ 15, 15, 16, 16 ], "texture": "#particle" }
			}
		}
	],
	"display": {
    "gui": {
        "rotation": [ 30, -45, 0 ],
        "translation": [ -0.45, -3.00, 0.00 ],
        "scale": [ 1.00, 1.00, 1.00 ]
    },
    "head": {
        "rotation": [ 0, 0, 0 ],
        "translation": [ 0.00, -1.00, 0.00 ],
        "scale": [ 1.00, 1.00, 1.00 ]
		}
	}
}