{
	"__comment": "Designed by Hypixel minecraft server with BDcraft Cubik PRO 0.95 Beta - http://bdcraft.net",
	"textures": {
		"texture": "items/reflector"
	},
	"elements": [ 	 
		{
			"__comment": "Box43",
			"from": [ 7.1726, -5.1852, 7.7491 ],
			"to": [ 23.9226, -4.1852, 9.7491 ],
			"rotation": { "origin": [ 7.25, -5, 7.75 ], "axis": "z", "angle": 22.5 },
			"faces": {
				"down": { "uv": [ 1, 1.5, 0.5, 15 ], "texture": "#texture", "rotation": 270 },
				"up": { "uv": [ 1, 1.5, 0.5, 15 ], "texture": "#texture", "rotation": 270 },
				"north": { "uv": [ 1, 1.5, 0.5, 15 ], "texture": "#texture", "rotation": 270 },
				"south": { "uv": [ 1, 1.5, 0.5, 15 ], "texture": "#texture", "rotation": 270 },
				"west": { "uv": [ 1, 1.5, 0.5, 15 ], "texture": "#texture", "rotation": 270 },
				"east": { "uv": [ 1, 1.5, 0.5, 15 ], "texture": "#texture", "rotation": 270 }
			}
		},
		{
			"__comment": "Box43",
			"from": [ -10.0742, 1.7848, 7.7492 ],
			"to": [ 7.925804, 2.7848, 9.7492 ],
			"rotation": { "origin": [ -10.5, 1.5, 7.75 ], "axis": "z", "angle": -22.5 },
			"faces": {
				"down": { "uv": [ 1, 1.5, 0.5, 15 ], "texture": "#texture", "rotation": 270 },
				"up": { "uv": [ 1, 1.5, 0.5, 15 ], "texture": "#texture", "rotation": 270 },
				"north": { "uv": [ 1, 1.5, 0.5, 15 ], "texture": "#texture", "rotation": 270 },
				"south": { "uv": [ 1, 1.5, 0.5, 15 ], "texture": "#texture", "rotation": 270 }
			}
		},
		{
			"__comment": "Box43",
			"from": [ -9.9726, 1.6865, 7.7509 ],
			"to": [ -8.9726, 23.6865, 9.750899 ],
			"faces": {
				"down": { "uv": [ 1, 1.5, 0.5, 15 ], "texture": "#texture", "rotation": 270 },
				"up": { "uv": [ 1, 1.5, 0.5, 15 ], "texture": "#texture", "rotation": 270 },
				"north": { "uv": [ 1, 1.5, 0.5, 15 ], "texture": "#texture", "rotation": 270 },
				"south": { "uv": [ 1, 1.5, 0.5, 15 ], "texture": "#texture", "rotation": 270 },
				"west": { "uv": [ 1, 1.5, 0.5, 15 ], "texture": "#texture", "rotation": 270 },
				"east": { "uv": [ 1, 1.5, 0.5, 15 ], "texture": "#texture", "rotation": 270 }
			}
		},
		{
			"__comment": "Box43",
			"from": [ -6.3812, 20.7326, 7.9994 ],
			"to": [ 9.1188, 23.9826, 9.499399 ],
			"rotation": { "origin": [ -6, 20.75, 8 ], "axis": "z", "angle": 22.5 },
			"faces": {
				"down": { "uv": [ 2.5, 1.5, 2, 14.5 ], "texture": "#texture", "rotation": 270 },
				"up": { "uv": [ 2.5, 1.5, 2, 14.5 ], "texture": "#texture", "rotation": 270 },
				"north": { "uv": [ 2.5, 1.5, 2, 14.5 ], "texture": "#texture", "rotation": 270 },
				"south": { "uv": [ 2.5, 1.5, 2, 14.5 ], "texture": "#texture", "rotation": 270 },
				"west": { "uv": [ 2.5, 1.5, 2, 14.5 ], "texture": "#texture", "rotation": 270 },
				"east": { "uv": [ 2.5, 1.5, 2, 14.5 ], "texture": "#texture", "rotation": 270 }
			}
		},
		{
			"__comment": "Box43",
			"from": [ 6.625, -5.25, 7.75 ],
			"to": [ 7.21875, -4.5, 9.75 ],
			"faces": {
				"down": { "uv": [ 1, 1.5, 0.5, 15 ], "texture": "#texture", "rotation": 270 },
				"up": { "uv": [ 1, 1.5, 0.5, 15 ], "texture": "#texture", "rotation": 270 },
				"north": { "uv": [ 1, 1.5, 0.5, 15 ], "texture": "#texture", "rotation": 270 },
				"south": { "uv": [ 1, 1.5, 0.5, 15 ], "texture": "#texture", "rotation": 270 },
				"west": { "uv": [ 1, 1.5, 0.5, 15 ], "texture": "#texture", "rotation": 270 },
				"east": { "uv": [ 1, 1.5, 0.5, 15 ], "texture": "#texture", "rotation": 270 }
			}
		},
		{
			"__comment": "Box43",
			"from": [ 22.0266, 1.2536, 8.0001 ],
			"to": [ 23.0266, 1.7536, 9.5001 ],
			"faces": {
				"down": { "uv": [ 1, 1.5, 0.5, 15 ], "texture": "#texture", "rotation": 270 },
				"north": { "uv": [ 1, 1.5, 0.5, 15 ], "texture": "#texture", "rotation": 270 },
				"south": { "uv": [ 1, 1.5, 0.5, 15 ], "texture": "#texture", "rotation": 270 },
				"east": { "uv": [ 1, 1.5, 0.5, 15 ], "texture": "#texture", "rotation": 270 }
			}
		},
		{
			"__comment": "Box43",
			"from": [ 6.7977, 29.6348, 7.7506 ],
			"to": [ 24.0477, 30.6348, 9.7506 ],
			"rotation": { "origin": [ 6.75, 29.75, 7.75 ], "axis": "z", "angle": -22.5 },
			"faces": {
				"down": { "uv": [ 1, 1.5, 0.5, 15 ], "texture": "#texture", "rotation": 270 },
				"up": { "uv": [ 1, 1.5, 0.5, 15 ], "texture": "#texture", "rotation": 270 },
				"north": { "uv": [ 1, 1.5, 0.5, 15 ], "texture": "#texture", "rotation": 270 },
				"south": { "uv": [ 1, 1.5, 0.5, 15 ], "texture": "#texture", "rotation": 270 },
				"west": { "uv": [ 1, 1.5, 0.5, 15 ], "texture": "#texture", "rotation": 270 }
			}
		},
		{
			"__comment": "Box43",
			"from": [ 22.0257, 1.4406, 7.7497 ],
			"to": [ 23.0257, 23.9406, 9.749701 ],
			"faces": {
				"up": { "uv": [ 1, 1.5, 0.5, 15 ], "texture": "#texture", "rotation": 270 },
				"north": { "uv": [ 1, 1.5, 0.5, 15 ], "texture": "#texture", "rotation": 270 },
				"south": { "uv": [ 1, 1.5, 0.5, 15 ], "texture": "#texture", "rotation": 270 },
				"west": { "uv": [ 1, 1.5, 0.5, 15 ], "texture": "#texture", "rotation": 270 },
				"east": { "uv": [ 1, 1.5, 0.5, 15 ], "texture": "#texture", "rotation": 270 }
			}
		},
		{
			"__comment": "Box43",
			"from": [ 21.7763, 1.2548, 7.9998 ],
			"to": [ 22.7763, 1.7548, 9.4998 ],
			"faces": {
				"down": { "uv": [ 7, 1.5, 6.5, 14 ], "texture": "#texture" },
				"up": { "uv": [ 7, 1.5, 6.5, 14 ], "texture": "#texture" },
				"north": { "uv": [ 7, 1.5, 6.5, 14 ], "texture": "#texture" },
				"south": { "uv": [ 7, 1.5, 6.5, 14 ], "texture": "#texture" },
				"west": { "uv": [ 7, 1.5, 6.5, 14 ], "texture": "#texture" }
			}
		},
		{
			"__comment": "Box43",
			"from": [ 6.7001, -2.6503, 8.000299 ],
			"to": [ 7.2001, -1.8503, 9.500299 ],
			"faces": {
				"down": { "uv": [ 2.5, 1.5, 2, 14.5 ], "texture": "#texture", "rotation": 270 },
				"up": { "uv": [ 2.5, 1.5, 2, 14.5 ], "texture": "#texture", "rotation": 270 },
				"north": { "uv": [ 2.5, 1.5, 2, 14.5 ], "texture": "#texture", "rotation": 270 },
				"south": { "uv": [ 2.5, 1.5, 2, 14.5 ], "texture": "#texture", "rotation": 270 },
				"west": { "uv": [ 2.5, 1.5, 2, 14.5 ], "texture": "#texture", "rotation": 270 },
				"east": { "uv": [ 2.5, 1.5, 2, 14.5 ], "texture": "#texture", "rotation": 270 }
			}
		},
		{
			"__comment": "Box43",
			"from": [ 6.7008, 26.1404, 8.0005 ],
			"to": [ 7.2008, 29.3904, 9.5005 ],
			"faces": {
				"down": { "uv": [ 2.5, 1.5, 2, 14.5 ], "texture": "#texture", "rotation": 270 },
				"up": { "uv": [ 2.5, 1.5, 2, 14.5 ], "texture": "#texture", "rotation": 270 },
				"north": { "uv": [ 2.5, 1.5, 2, 14.5 ], "texture": "#texture", "rotation": 270 },
				"south": { "uv": [ 2.5, 1.5, 2, 14.5 ], "texture": "#texture", "rotation": 270 },
				"west": { "uv": [ 2.5, 1.5, 2, 14.5 ], "texture": "#texture", "rotation": 270 },
				"east": { "uv": [ 2.5, 1.5, 2, 14.5 ], "texture": "#texture", "rotation": 270 }
			}
		},
		{
			"__comment": "Box43",
			"from": [ -6.9364, 21.3412, 7.9997 ],
			"to": [ -5.9364, 23.5912, 9.499699 ],
			"rotation": { "origin": [ -7, 21.25, 8 ], "axis": "z", "angle": 22.5 },
			"faces": {
				"down": { "uv": [ 2.5, 1.5, 2, 14.5 ], "texture": "#texture", "rotation": 270 },
				"up": { "uv": [ 2.5, 1.5, 2, 14.5 ], "texture": "#texture", "rotation": 270 },
				"north": { "uv": [ 2.5, 1.5, 2, 14.5 ], "texture": "#texture", "rotation": 270 },
				"south": { "uv": [ 2.5, 1.5, 2, 14.5 ], "texture": "#texture", "rotation": 270 },
				"east": { "uv": [ 2.5, 1.5, 2, 14.5 ], "texture": "#texture", "rotation": 270 }
			}
		},
		{
			"__comment": "Box43",
			"from": [ -9.0004, 3.0009, 7.9996 ],
			"to": [ -7.000399, 23.5009, 9.499599 ],
			"faces": {
				"down": { "uv": [ 2, 1.5, 2, 15 ], "texture": "#texture", "rotation": 270 },
				"north": { "uv": [ 2, 1.5, 2, 15 ], "texture": "#texture", "rotation": 270 },
				"south": { "uv": [ 2, 1.5, 2, 15 ], "texture": "#texture", "rotation": 270 },
				"east": { "uv": [ 2, 1.5, 2, 15 ], "texture": "#texture", "rotation": 270 }
			}
		},
		{
			"__comment": "Box43",
			"from": [ 7.0904, -4.0202, 8.0004 ],
			"to": [ 23.5904, -2.2702, 9.5004 ],
			"rotation": { "origin": [ 7.5, -4, 8 ], "axis": "z", "angle": 22.5 },
			"faces": {
				"down": { "uv": [ 2.5, 1.5, 2, 14.5 ], "texture": "#texture", "rotation": 270 },
				"up": { "uv": [ 2.5, 1.5, 2, 14.5 ], "texture": "#texture", "rotation": 270 },
				"north": { "uv": [ 2.5, 1.5, 2, 14.5 ], "texture": "#texture", "rotation": 270 },
				"south": { "uv": [ 2.5, 1.5, 2, 14.5 ], "texture": "#texture", "rotation": 270 },
				"west": { "uv": [ 2.5, 1.5, 2, 14.5 ], "texture": "#texture", "rotation": 270 }
			}
		},
		{
			"__comment": "Box43",
			"from": [ 18.3493, 2.4342, 7.9993 ],
			"to": [ 22.0993, 24.1842, 9.4993 ],
			"faces": {
				"down": { "uv": [ 2, 1.5, 2, 15 ], "texture": "#texture", "rotation": 270 },
				"up": { "uv": [ 2, 1.5, 2, 15 ], "texture": "#texture", "rotation": 270 },
				"north": { "uv": [ 2, 1.5, 2, 15 ], "texture": "#texture", "rotation": 270 },
				"south": { "uv": [ 2, 1.5, 2, 15 ], "texture": "#texture", "rotation": 270 },
				"west": { "uv": [ 2, 1.5, 2, 15 ], "texture": "#texture", "rotation": 270 },
				"east": { "uv": [ 2, 1.5, 2, 15 ], "texture": "#texture", "rotation": 270 }
			}
		},
		{
			"__comment": "Box43",
			"from": [ -9.3986, 2.2198, 7.9999 ],
			"to": [ 8.6014, 3.7198, 9.499901 ],
			"rotation": { "origin": [ -9, 2, 8 ], "axis": "z", "angle": -22.5 },
			"faces": {
				"down": { "uv": [ 2.5, 1.5, 2, 14.5 ], "texture": "#texture", "rotation": 270 },
				"up": { "uv": [ 2.5, 1.5, 2, 14.5 ], "texture": "#texture", "rotation": 270 },
				"north": { "uv": [ 2.5, 1.5, 2, 14.5 ], "texture": "#texture", "rotation": 270 },
				"south": { "uv": [ 2.5, 1.5, 2, 14.5 ], "texture": "#texture", "rotation": 270 },
				"east": { "uv": [ 2.5, 1.5, 2, 14.5 ], "texture": "#texture", "rotation": 270 }
			}
		},
		{
			"__comment": "Box43",
			"from": [ -9.485, 22.8469, 7.7493 ],
			"to": [ 8.515, 23.8469, 9.749301 ],
			"rotation": { "origin": [ -9.25, 22.75, 7.75 ], "axis": "z", "angle": 22.5 },
			"faces": {
				"down": { "uv": [ 1, 1.5, 0.5, 15 ], "texture": "#texture", "rotation": 270 },
				"up": { "uv": [ 1, 1.5, 0.5, 15 ], "texture": "#texture", "rotation": 270 },
				"north": { "uv": [ 1, 1.5, 0.5, 15 ], "texture": "#texture", "rotation": 270 },
				"south": { "uv": [ 1, 1.5, 0.5, 15 ], "texture": "#texture", "rotation": 270 },
				"east": { "uv": [ 1, 1.5, 0.5, 15 ], "texture": "#texture", "rotation": 270 }
			}
		},
		{
			"__comment": "Box43",
			"from": [ -7.0007, 2.9999, 7.9994 ],
			"to": [ -6.0007, 21.4999, 9.499399 ],
			"faces": {
				"down": { "uv": [ 2, 1.5, 2, 12.5 ], "texture": "#texture", "rotation": 270 },
				"north": { "uv": [ 2, 1.5, 2, 12.5 ], "texture": "#texture", "rotation": 270 },
				"south": { "uv": [ 2, 1.5, 2, 12.5 ], "texture": "#texture", "rotation": 270 },
				"east": { "uv": [ 2, 1.5, 2, 12.5 ], "texture": "#texture", "rotation": 270 }
			}
		},
		{
			"__comment": "Box43",
			"from": [ -7.0548, 2.8795, 7.9994 ],
			"to": [ 7.6952, 3.8795, 9.4994 ],
			"rotation": { "origin": [ -6.75, 2.75, 8 ], "axis": "z", "angle": -22.5 },
			"faces": {
				"down": { "uv": [ 2.5, 1.5, 2, 14.5 ], "texture": "#texture", "rotation": 270 },
				"up": { "uv": [ 2.5, 1.5, 2, 14.5 ], "texture": "#texture", "rotation": 270 },
				"north": { "uv": [ 2.5, 1.5, 2, 14.5 ], "texture": "#texture", "rotation": 270 },
				"south": { "uv": [ 2.5, 1.5, 2, 14.5 ], "texture": "#texture", "rotation": 270 },
				"east": { "uv": [ 2.5, 1.5, 2, 14.5 ], "texture": "#texture", "rotation": 270 }
			}
		},
		{
			"__comment": "Box43",
			"from": [ 7.1906, -2.4808, 7.9994 ],
			"to": [ 20.1906, -1.4808, 9.499399 ],
			"rotation": { "origin": [ 7.5, -2.5, 8 ], "axis": "z", "angle": 22.5 },
			"faces": {
				"down": { "uv": [ 2.5, 1.5, 2, 14.5 ], "texture": "#texture", "rotation": 270 },
				"up": { "uv": [ 2.5, 1.5, 2, 14.5 ], "texture": "#texture", "rotation": 270 },
				"north": { "uv": [ 2.5, 1.5, 2, 14.5 ], "texture": "#texture", "rotation": 270 },
				"south": { "uv": [ 2.5, 1.5, 2, 14.5 ], "texture": "#texture", "rotation": 270 },
				"west": { "uv": [ 2.5, 1.5, 2, 14.5 ], "texture": "#texture", "rotation": 270 }
			}
		},
		{
			"__comment": "Box43",
			"from": [ 5.1076, 26.9538, 7.9998 ],
			"to": [ 20.3576, 30.2038, 9.4998 ],
			"rotation": { "origin": [ 5, 27, 8 ], "axis": "z", "angle": -22.5 },
			"faces": {
				"down": { "uv": [ 2.5, 1.5, 2, 14.5 ], "texture": "#texture", "rotation": 270 },
				"up": { "uv": [ 2.5, 1.5, 2, 14.5 ], "texture": "#texture", "rotation": 270 },
				"north": { "uv": [ 2.5, 1.5, 2, 14.5 ], "texture": "#texture", "rotation": 270 },
				"south": { "uv": [ 2.5, 1.5, 2, 14.5 ], "texture": "#texture", "rotation": 270 },
				"west": { "uv": [ 2.5, 1.5, 2, 14.5 ], "texture": "#texture", "rotation": 270 }
			}
		},
		{
			"__comment": "Box43",
			"from": [ 6.6995, 29.7504, 7.7507 ],
			"to": [ 7.1995, 30.5629, 9.7507 ],
			"faces": {
				"down": { "uv": [ 1, 1.5, 0.5, 15 ], "texture": "#texture", "rotation": 270 },
				"up": { "uv": [ 1, 1.5, 0.5, 15 ], "texture": "#texture", "rotation": 270 },
				"north": { "uv": [ 1, 1.5, 0.5, 15 ], "texture": "#texture", "rotation": 270 },
				"south": { "uv": [ 1, 1.5, 0.5, 15 ], "texture": "#texture", "rotation": 270 },
				"west": { "uv": [ 1, 1.5, 0.5, 15 ], "texture": "#texture", "rotation": 270 },
				"east": { "uv": [ 1, 1.5, 0.5, 15 ], "texture": "#texture", "rotation": 270 }
			}
		},
		{
			"__comment": "Voxel-2D9CE3",
			"from": [ -0.5, 10, 7.75 ],
			"to": [ 0.5, 11, 9.25 ],
			"faces": {
				"down": { "uv": [ 9.5, 4, 10, 4.5 ], "texture": "#texture" },
				"north": { "uv": [ 9.5, 4, 10, 4.5 ], "texture": "#texture" },
				"south": { "uv": [ 9.5, 4, 10, 4.5 ], "texture": "#texture" },
				"west": { "uv": [ 9.5, 4, 10, 4.5 ], "texture": "#texture" }
			}
		},
		{
			"__comment": "Voxel-2D9CE3",
			"from": [ -0.5, 11, 7.75 ],
			"to": [ 4, 12, 9.25 ],
			"faces": {
				"down": { "uv": [ 9.5, 4, 10, 4.5 ], "texture": "#texture" },
				"north": { "uv": [ 9.5, 4, 10, 4.5 ], "texture": "#texture" },
				"south": { "uv": [ 9.5, 4, 10, 4.5 ], "texture": "#texture" },
				"west": { "uv": [ 9.5, 4, 10, 4.5 ], "texture": "#texture" },
				"east": { "uv": [ 9.5, 4, 10, 4.5 ], "texture": "#texture" }
			}
		},
		{
			"__comment": "Voxel-2D9CE3",
			"from": [ -0.5, 12, 7.75 ],
			"to": [ 4, 13, 9.25 ],
			"faces": {
				"north": { "uv": [ 9.5, 4, 10, 4.5 ], "texture": "#texture" },
				"south": { "uv": [ 9.5, 4, 10, 4.5 ], "texture": "#texture" },
				"west": { "uv": [ 9.5, 4, 10, 4.5 ], "texture": "#texture" },
				"east": { "uv": [ 9.5, 4, 10, 4.5 ], "texture": "#texture" }
			}
		},
		{
			"__comment": "Voxel-2D9CE3",
			"from": [ -0.5, 14, 7.75 ],
			"to": [ 0.5, 15, 9.25 ],
			"faces": {
				"up": { "uv": [ 10.5, 5, 11.5, 5.5 ], "texture": "#texture" },
				"north": { "uv": [ 10.5, 5, 11.5, 5.5 ], "texture": "#texture" },
				"south": { "uv": [ 10.5, 5, 11.5, 5.5 ], "texture": "#texture" },
				"west": { "uv": [ 10.5, 5, 11.5, 5.5 ], "texture": "#texture" }
			}
		},
		{
			"__comment": "Voxel-2D9CE3",
			"from": [ 0.5, 9, 7.75 ],
			"to": [ 1.5, 10, 9.25 ],
			"faces": {
				"down": { "uv": [ 9.5, 4, 10, 4.5 ], "texture": "#texture" },
				"north": { "uv": [ 9.5, 4, 10, 4.5 ], "texture": "#texture" },
				"south": { "uv": [ 9.5, 4, 10, 4.5 ], "texture": "#texture" },
				"west": { "uv": [ 9.5, 4, 10, 4.5 ], "texture": "#texture" }
			}
		},
		{
			"__comment": "Voxel-2D9CE3",
			"from": [ 0.5, 10, 7.75 ],
			"to": [ 4.5, 11, 9.25 ],
			"faces": {
				"down": { "uv": [ 9.5, 4, 10, 4.5 ], "texture": "#texture" },
				"up": { "uv": [ 9.5, 4, 10, 4.5 ], "texture": "#texture" },
				"north": { "uv": [ 9.5, 4, 10, 4.5 ], "texture": "#texture" },
				"south": { "uv": [ 9.5, 4, 10, 4.5 ], "texture": "#texture" },
				"east": { "uv": [ 9.5, 4, 10, 4.5 ], "texture": "#texture" }
			}
		},
		{
			"__comment": "Voxel-2D9CE3",
			"from": [ 0.5, 15, 7.75 ],
			"to": [ 1.5, 16, 9.25 ],
			"faces": {
				"up": { "uv": [ 10.5, 5, 11.5, 5.5 ], "texture": "#texture" },
				"north": { "uv": [ 10.5, 5, 11.5, 5.5 ], "texture": "#texture" },
				"south": { "uv": [ 10.5, 5, 11.5, 5.5 ], "texture": "#texture" },
				"west": { "uv": [ 10.5, 5, 11.5, 5.5 ], "texture": "#texture" }
			}
		},
		{
			"__comment": "Voxel-2D9CE3",
			"from": [ 1.5, 8, 7.75 ],
			"to": [ 2.5, 9, 9.25 ],
			"faces": {
				"down": { "uv": [ 9.5, 4, 10, 4.5 ], "texture": "#texture" },
				"north": { "uv": [ 9.5, 4, 10, 4.5 ], "texture": "#texture" },
				"south": { "uv": [ 9.5, 4, 10, 4.5 ], "texture": "#texture" },
				"west": { "uv": [ 9.5, 4, 10, 4.5 ], "texture": "#texture" }
			}
		},
		{
			"__comment": "Voxel-2D9CE3",
			"from": [ 1.5, 9, 7.75 ],
			"to": [ 4.5, 10, 9.25 ],
			"faces": {
				"down": { "uv": [ 9.5, 4, 10, 4.5 ], "texture": "#texture" },
				"north": { "uv": [ 9.5, 4, 10, 4.5 ], "texture": "#texture" },
				"south": { "uv": [ 9.5, 4, 10, 4.5 ], "texture": "#texture" }
			}
		},
		{
			"__comment": "Voxel-2D9CE3",
			"from": [ 1.5, 15, 7.75 ],
			"to": [ 4.5, 16, 9.25 ],
			"faces": {
				"down": { "uv": [ 10.5, 5, 11.5, 5.5 ], "texture": "#texture" },
				"up": { "uv": [ 10.5, 5, 11.5, 5.5 ], "texture": "#texture" },
				"north": { "uv": [ 10.5, 5, 11.5, 5.5 ], "texture": "#texture" },
				"south": { "uv": [ 10.5, 5, 11.5, 5.5 ], "texture": "#texture" },
				"east": { "uv": [ 10.5, 5, 11.5, 5.5 ], "texture": "#texture" }
			}
		},
		{
			"__comment": "Voxel-2D9CE3",
			"from": [ 1.5, 16, 7.75 ],
			"to": [ 2.5, 17, 9.25 ],
			"faces": {
				"up": { "uv": [ 10.5, 5, 11.5, 5.5 ], "texture": "#texture" },
				"north": { "uv": [ 10.5, 5, 11.5, 5.5 ], "texture": "#texture" },
				"south": { "uv": [ 10.5, 5, 11.5, 5.5 ], "texture": "#texture" },
				"west": { "uv": [ 10.5, 5, 11.5, 5.5 ], "texture": "#texture" }
			}
		},
		{
			"__comment": "Voxel-2D9CE3",
			"from": [ 2.5, 7, 7.75 ],
			"to": [ 3.5, 8, 9.25 ],
			"faces": {
				"down": { "uv": [ 9.5, 4, 10, 4.5 ], "texture": "#texture" },
				"north": { "uv": [ 9.5, 4, 10, 4.5 ], "texture": "#texture" },
				"south": { "uv": [ 9.5, 4, 10, 4.5 ], "texture": "#texture" },
				"west": { "uv": [ 9.5, 4, 10, 4.5 ], "texture": "#texture" }
			}
		},
		{
			"__comment": "Voxel-2D9CE3",
			"from": [ 2.5, 8, 7.75 ],
			"to": [ 4.5, 9, 9.25 ],
			"faces": {
				"down": { "uv": [ 9.5, 4, 10, 4.5 ], "texture": "#texture" },
				"north": { "uv": [ 9.5, 4, 10, 4.5 ], "texture": "#texture" },
				"south": { "uv": [ 9.5, 4, 10, 4.5 ], "texture": "#texture" }
			}
		},
		{
			"__comment": "Voxel-2D9CE3",
			"from": [ 2.5, 16, 7.75 ],
			"to": [ 5.5, 17, 9.25 ],
			"faces": {
				"down": { "uv": [ 10.5, 5, 11.5, 5.5 ], "texture": "#texture" },
				"up": { "uv": [ 10.5, 5, 11.5, 5.5 ], "texture": "#texture" },
				"north": { "uv": [ 10.5, 5, 11.5, 5.5 ], "texture": "#texture" },
				"south": { "uv": [ 10.5, 5, 11.5, 5.5 ], "texture": "#texture" }
			}
		},
		{
			"__comment": "Voxel-2D9CE3",
			"from": [ 2.5, 17, 7.75 ],
			"to": [ 3.5, 18, 9.25 ],
			"faces": {
				"up": { "uv": [ 10.5, 5, 11.5, 5.5 ], "texture": "#texture" },
				"north": { "uv": [ 10.5, 5, 11.5, 5.5 ], "texture": "#texture" },
				"south": { "uv": [ 10.5, 5, 11.5, 5.5 ], "texture": "#texture" },
				"west": { "uv": [ 10.5, 5, 11.5, 5.5 ], "texture": "#texture" }
			}
		},
		{
			"__comment": "Voxel-2D9CE3",
			"from": [ 3.5, 6, 7.75 ],
			"to": [ 4.5, 7, 9.25 ],
			"faces": {
				"down": { "uv": [ 10.5, 5, 11.5, 5.5 ], "texture": "#texture" },
				"north": { "uv": [ 10.5, 5, 11.5, 5.5 ], "texture": "#texture" },
				"south": { "uv": [ 10.5, 5, 11.5, 5.5 ], "texture": "#texture" },
				"west": { "uv": [ 10.5, 5, 11.5, 5.5 ], "texture": "#texture" }
			}
		},
		{
			"__comment": "Voxel-2D9CE3",
			"from": [ 3.5, 7, 7.75 ],
			"to": [ 4.5, 8, 9.25 ],
			"faces": {
				"north": { "uv": [ 10.5, 5, 11.5, 5.5 ], "texture": "#texture" },
				"south": { "uv": [ 10.5, 5, 11.5, 5.5 ], "texture": "#texture" }
			}
		},
		{
			"__comment": "Voxel-2D9CE3",
			"from": [ 3.5, 17, 7.75 ],
			"to": [ 5.5, 18, 9.25 ],
			"faces": {
				"up": { "uv": [ 10.5, 5, 11.5, 5.5 ], "texture": "#texture" },
				"north": { "uv": [ 10.5, 5, 11.5, 5.5 ], "texture": "#texture" },
				"south": { "uv": [ 10.5, 5, 11.5, 5.5 ], "texture": "#texture" }
			}
		},
		{
			"__comment": "Voxel-2D9CE3",
			"from": [ 3.5, 18, 7.75 ],
			"to": [ 4.5, 19, 9.25 ],
			"faces": {
				"up": { "uv": [ 10.5, 5, 11.5, 5.5 ], "texture": "#texture" },
				"north": { "uv": [ 10.5, 5, 11.5, 5.5 ], "texture": "#texture" },
				"south": { "uv": [ 10.5, 5, 11.5, 5.5 ], "texture": "#texture" },
				"west": { "uv": [ 10.5, 5, 11.5, 5.5 ], "texture": "#texture" }
			}
		},
		{
			"__comment": "Voxel-2D9CE3",
			"from": [ 4.5, 5, 7.75 ],
			"to": [ 5.5, 6, 9.25 ],
			"faces": {
				"down": { "uv": [ 10.5, 5, 11.5, 5.5 ], "texture": "#texture" },
				"north": { "uv": [ 10.5, 5, 11.5, 5.5 ], "texture": "#texture" },
				"south": { "uv": [ 10.5, 5, 11.5, 5.5 ], "texture": "#texture" },
				"west": { "uv": [ 10.5, 5, 11.5, 5.5 ], "texture": "#texture" }
			}
		},
		{
			"__comment": "Voxel-2D9CE3",
			"from": [ 4.5, 6, 7.75 ],
			"to": [ 5.5, 10, 9.25 ],
			"faces": {
				"up": { "uv": [ 10.5, 5, 11.5, 5.5 ], "texture": "#texture" },
				"north": { "uv": [ 10.5, 5, 11.5, 5.5 ], "texture": "#texture" },
				"south": { "uv": [ 10.5, 5, 11.5, 5.5 ], "texture": "#texture" },
				"west": { "uv": [ 10.5, 5, 11.5, 5.5 ], "texture": "#texture" }
			}
		},
		{
			"__comment": "Voxel-2D9CE3",
			"from": [ 4.5, 18, 7.75 ],
			"to": [ 5.5, 19, 9.25 ],
			"faces": {
				"north": { "uv": [ 10.5, 5, 11.5, 5.5 ], "texture": "#texture" },
				"south": { "uv": [ 10.5, 5, 11.5, 5.5 ], "texture": "#texture" }
			}
		},
		{
			"__comment": "Voxel-2D9CE3",
			"from": [ 5.5, 5, 7.75 ],
			"to": [ 6.5, 6, 9.25 ],
			"faces": {
				"down": { "uv": [ 10.5, 5, 11.5, 5.5 ], "texture": "#texture" },
				"north": { "uv": [ 10.5, 5, 11.5, 5.5 ], "texture": "#texture" },
				"south": { "uv": [ 10.5, 5, 11.5, 5.5 ], "texture": "#texture" }
			}
		},
		{
			"__comment": "Voxel-2D9CE3",
			"from": [ 5.5, 6, 7.75 ],
			"to": [ 6.5, 10, 9.25 ],
			"faces": {
				"up": { "uv": [ 10.5, 5, 11.5, 5.5 ], "texture": "#texture" },
				"north": { "uv": [ 10.5, 5, 11.5, 5.5 ], "texture": "#texture" },
				"south": { "uv": [ 10.5, 5, 11.5, 5.5 ], "texture": "#texture" }
			}
		},
		{
			"__comment": "Voxel-2D9CE3",
			"from": [ 5.5, 16, 7.75 ],
			"to": [ 6.5, 19, 9.25 ],
			"faces": {
				"down": { "uv": [ 10.5, 1.5, 11.5, 2 ], "texture": "#texture" },
				"north": { "uv": [ 10.5, 1.5, 11.5, 2 ], "texture": "#texture" },
				"south": { "uv": [ 10.5, 1.5, 11.5, 2 ], "texture": "#texture" },
				"west": { "uv": [ 10.5, 1.5, 11.5, 2 ], "texture": "#texture" }
			}
		},
		{
			"__comment": "Voxel-2D9CE3",
			"from": [ 6.5, 5, 7.75 ],
			"to": [ 7.5, 6, 9.25 ],
			"faces": {
				"down": { "uv": [ 10.5, 5, 11.5, 5.5 ], "texture": "#texture" },
				"north": { "uv": [ 10.5, 5, 11.5, 5.5 ], "texture": "#texture" },
				"south": { "uv": [ 10.5, 5, 11.5, 5.5 ], "texture": "#texture" }
			}
		},
		{
			"__comment": "Voxel-2D9CE3",
			"from": [ 6.5, 6, 7.75 ],
			"to": [ 7.5, 10, 9.25 ],
			"faces": {
				"up": { "uv": [ 10.5, 5, 11.5, 5.5 ], "texture": "#texture" },
				"north": { "uv": [ 10.5, 5, 11.5, 5.5 ], "texture": "#texture" },
				"south": { "uv": [ 10.5, 5, 11.5, 5.5 ], "texture": "#texture" }
			}
		},
		{
			"__comment": "Voxel-2D9CE3",
			"from": [ 4.5, 10, 8 ],
			"to": [ 9.5, 11, 9 ],
			"faces": {
				"down": { "uv": [ 10.5, 2.5, 11.5, 3 ], "texture": "#texture" },
				"up": { "uv": [ 10.5, 2.5, 11.5, 3 ], "texture": "#texture" },
				"north": { "uv": [ 10.5, 2.5, 11.5, 3 ], "texture": "#texture" },
				"south": { "uv": [ 10.5, 2.5, 11.5, 3 ], "texture": "#texture" }
			}
		},
		{
			"__comment": "Voxel-2D9CE3",
			"from": [ 7.5, 5, 7.75 ],
			"to": [ 8.5, 6, 9.25 ],
			"faces": {
				"down": { "uv": [ 10.5, 5, 11.5, 5.5 ], "texture": "#texture" },
				"north": { "uv": [ 10.5, 5, 11.5, 5.5 ], "texture": "#texture" },
				"south": { "uv": [ 10.5, 5, 11.5, 5.5 ], "texture": "#texture" }
			}
		},
		{
			"__comment": "Voxel-2D9CE3",
			"from": [ 7.5, 6, 7.75 ],
			"to": [ 8.5, 10, 9.25 ],
			"faces": {
				"up": { "uv": [ 10.5, 5, 11.5, 5.5 ], "texture": "#texture" },
				"north": { "uv": [ 10.5, 5, 11.5, 5.5 ], "texture": "#texture" },
				"south": { "uv": [ 10.5, 5, 11.5, 5.5 ], "texture": "#texture" }
			}
		},
		{
			"__comment": "Voxel-2D9CE3",
			"from": [ 7.5, 16, 7.75 ],
			"to": [ 8.5, 19, 9.25 ],
			"faces": {
				"down": { "uv": [ 10.5, 1.5, 11.5, 2 ], "texture": "#texture" },
				"north": { "uv": [ 10.5, 1.5, 11.5, 2 ], "texture": "#texture" },
				"south": { "uv": [ 10.5, 1.5, 11.5, 2 ], "texture": "#texture" },
				"east": { "uv": [ 10.5, 1.5, 11.5, 2 ], "texture": "#texture" }
			}
		},
		{
			"__comment": "Voxel-2D9CE3",
			"from": [ 8.5, 5, 7.75 ],
			"to": [ 9.5, 6, 9.25 ],
			"faces": {
				"down": { "uv": [ 10.5, 5, 11.5, 5.5 ], "texture": "#texture" },
				"north": { "uv": [ 10.5, 5, 11.5, 5.5 ], "texture": "#texture" },
				"south": { "uv": [ 10.5, 5, 11.5, 5.5 ], "texture": "#texture" },
				"east": { "uv": [ 10.5, 5, 11.5, 5.5 ], "texture": "#texture" }
			}
		},
		{
			"__comment": "Voxel-2D9CE3",
			"from": [ 8.5, 6, 7.75 ],
			"to": [ 9.5, 10, 9.25 ],
			"faces": {
				"up": { "uv": [ 10.5, 5, 11.5, 5.5 ], "texture": "#texture" },
				"north": { "uv": [ 10.5, 5, 11.5, 5.5 ], "texture": "#texture" },
				"south": { "uv": [ 10.5, 5, 11.5, 5.5 ], "texture": "#texture" },
				"east": { "uv": [ 10.5, 5, 11.5, 5.5 ], "texture": "#texture" }
			}
		},
		{
			"__comment": "Voxel-2D9CE3",
			"from": [ 8.5, 18, 7.75 ],
			"to": [ 9.5, 19, 9.25 ],
			"faces": {
				"north": { "uv": [ 10.5, 5, 11.5, 5.5 ], "texture": "#texture" },
				"south": { "uv": [ 10.5, 5, 11.5, 5.5 ], "texture": "#texture" }
			}
		},
		{
			"__comment": "Voxel-2D9CE3",
			"from": [ 9.5, 6, 7.75 ],
			"to": [ 10.5, 7, 9.25 ],
			"faces": {
				"down": { "uv": [ 10.5, 5, 11.5, 5.5 ], "texture": "#texture" },
				"north": { "uv": [ 10.5, 5, 11.5, 5.5 ], "texture": "#texture" },
				"south": { "uv": [ 10.5, 5, 11.5, 5.5 ], "texture": "#texture" },
				"east": { "uv": [ 10.5, 5, 11.5, 5.5 ], "texture": "#texture" }
			}
		},
		{
			"__comment": "Voxel-2D9CE3",
			"from": [ 9.5, 7, 7.75 ],
			"to": [ 10.5, 8, 9.25 ],
			"faces": {
				"north": { "uv": [ 10.5, 5, 11.5, 5.5 ], "texture": "#texture" },
				"south": { "uv": [ 10.5, 5, 11.5, 5.5 ], "texture": "#texture" }
			}
		},
		{
			"__comment": "Voxel-2D9CE3",
			"from": [ 8.5, 17, 7.75 ],
			"to": [ 10.5, 18, 9.25 ],
			"faces": {
				"up": { "uv": [ 10.5, 5, 11.5, 5.5 ], "texture": "#texture" },
				"north": { "uv": [ 10.5, 5, 11.5, 5.5 ], "texture": "#texture" },
				"south": { "uv": [ 10.5, 5, 11.5, 5.5 ], "texture": "#texture" }
			}
		},
		{
			"__comment": "Voxel-2D9CE3",
			"from": [ 9.5, 18, 7.75 ],
			"to": [ 10.5, 19, 9.25 ],
			"faces": {
				"up": { "uv": [ 10.5, 5, 11.5, 5.5 ], "texture": "#texture" },
				"north": { "uv": [ 10.5, 5, 11.5, 5.5 ], "texture": "#texture" },
				"south": { "uv": [ 10.5, 5, 11.5, 5.5 ], "texture": "#texture" },
				"east": { "uv": [ 10.5, 5, 11.5, 5.5 ], "texture": "#texture" }
			}
		},
		{
			"__comment": "Voxel-2D9CE3",
			"from": [ 10.5, 7, 7.75 ],
			"to": [ 11.5, 8, 9.25 ],
			"faces": {
				"down": { "uv": [ 9.5, 4, 10, 4.5 ], "texture": "#texture" },
				"north": { "uv": [ 9.5, 4, 10, 4.5 ], "texture": "#texture" },
				"south": { "uv": [ 9.5, 4, 10, 4.5 ], "texture": "#texture" },
				"east": { "uv": [ 9.5, 4, 10, 4.5 ], "texture": "#texture" }
			}
		},
		{
			"__comment": "Voxel-2D9CE3",
			"from": [ 9.5, 8, 7.75 ],
			"to": [ 11.5, 9, 9.25 ],
			"faces": {
				"down": { "uv": [ 9.5, 4, 10, 4.5 ], "texture": "#texture" },
				"north": { "uv": [ 9.5, 4, 10, 4.5 ], "texture": "#texture" },
				"south": { "uv": [ 9.5, 4, 10, 4.5 ], "texture": "#texture" }
			}
		},
		{
			"__comment": "Voxel-2D9CE3",
			"from": [ 8.5, 16, 7.75 ],
			"to": [ 11.5, 17, 9.25 ],
			"faces": {
				"down": { "uv": [ 10.5, 5, 11.5, 5.5 ], "texture": "#texture" },
				"up": { "uv": [ 10.5, 5, 11.5, 5.5 ], "texture": "#texture" },
				"north": { "uv": [ 10.5, 5, 11.5, 5.5 ], "texture": "#texture" },
				"south": { "uv": [ 10.5, 5, 11.5, 5.5 ], "texture": "#texture" }
			}
		},
		{
			"__comment": "Voxel-2D9CE3",
			"from": [ 10.5, 17, 7.75 ],
			"to": [ 11.5, 18, 9.25 ],
			"faces": {
				"up": { "uv": [ 10.5, 5, 11.5, 5.5 ], "texture": "#texture" },
				"north": { "uv": [ 10.5, 5, 11.5, 5.5 ], "texture": "#texture" },
				"south": { "uv": [ 10.5, 5, 11.5, 5.5 ], "texture": "#texture" },
				"east": { "uv": [ 10.5, 5, 11.5, 5.5 ], "texture": "#texture" }
			}
		},
		{
			"__comment": "Voxel-2D9CE3",
			"from": [ 11.5, 8, 7.75 ],
			"to": [ 12.5, 9, 9.25 ],
			"faces": {
				"down": { "uv": [ 9.5, 4, 10, 4.5 ], "texture": "#texture" },
				"north": { "uv": [ 9.5, 4, 10, 4.5 ], "texture": "#texture" },
				"south": { "uv": [ 9.5, 4, 10, 4.5 ], "texture": "#texture" },
				"east": { "uv": [ 9.5, 4, 10, 4.5 ], "texture": "#texture" }
			}
		},
		{
			"__comment": "Voxel-2D9CE3",
			"from": [ 9.5, 9, 7.75 ],
			"to": [ 13.5, 10, 9.25 ],
			"faces": {
				"down": { "uv": [ 9.5, 4, 10, 4.5 ], "texture": "#texture" },
				"north": { "uv": [ 9.5, 4, 10, 4.5 ], "texture": "#texture" },
				"south": { "uv": [ 9.5, 4, 10, 4.5 ], "texture": "#texture" },
				"east": { "uv": [ 9.5, 4, 10, 4.5 ], "texture": "#texture" }
			}
		},
		{
			"__comment": "Voxel-2D9CE3",
			"from": [ 9.5, 15, 7.75 ],
			"to": [ 12.5, 16, 9.25 ],
			"faces": {
				"down": { "uv": [ 10.5, 5, 11.5, 5.5 ], "texture": "#texture" },
				"up": { "uv": [ 10.5, 5, 11.5, 5.5 ], "texture": "#texture" },
				"north": { "uv": [ 10.5, 5, 11.5, 5.5 ], "texture": "#texture" },
				"south": { "uv": [ 10.5, 5, 11.5, 5.5 ], "texture": "#texture" },
				"west": { "uv": [ 10.5, 5, 11.5, 5.5 ], "texture": "#texture" }
			}
		},
		{
			"__comment": "Voxel-2D9CE3",
			"from": [ 11.5, 16, 7.75 ],
			"to": [ 12.5, 17, 9.25 ],
			"faces": {
				"up": { "uv": [ 10.5, 5, 11.5, 5.5 ], "texture": "#texture" },
				"north": { "uv": [ 10.5, 5, 11.5, 5.5 ], "texture": "#texture" },
				"south": { "uv": [ 10.5, 5, 11.5, 5.5 ], "texture": "#texture" },
				"east": { "uv": [ 10.5, 5, 11.5, 5.5 ], "texture": "#texture" }
			}
		},
		{
			"__comment": "Voxel-2D9CE3",
			"from": [ 9.5, 10, 7.75 ],
			"to": [ 14.5, 11, 9.25 ],
			"faces": {
				"down": { "uv": [ 9.5, 4, 10, 4.5 ], "texture": "#texture" },
				"up": { "uv": [ 9.5, 4, 10, 4.5 ], "texture": "#texture" },
				"north": { "uv": [ 9.5, 4, 10, 4.5 ], "texture": "#texture" },
				"south": { "uv": [ 9.5, 4, 10, 4.5 ], "texture": "#texture" },
				"west": { "uv": [ 9.5, 4, 10, 4.5 ], "texture": "#texture" },
				"east": { "uv": [ 9.5, 4, 10, 4.5 ], "texture": "#texture" }
			}
		},
		{
			"__comment": "Voxel-2D9CE3",
			"from": [ 10, 14, 7.75 ],
			"to": [ 14.5, 15, 9.25 ],
			"faces": {
				"up": { "uv": [ 10.5, 5, 11.5, 5.5 ], "texture": "#texture" },
				"north": { "uv": [ 10.5, 5, 11.5, 5.5 ], "texture": "#texture" },
				"south": { "uv": [ 10.5, 5, 11.5, 5.5 ], "texture": "#texture" },
				"west": { "uv": [ 10.5, 5, 11.5, 5.5 ], "texture": "#texture" },
				"east": { "uv": [ 10.5, 5, 11.5, 5.5 ], "texture": "#texture" }
			}
		},
		{
			"__comment": "Voxel-2D9CE3",
			"from": [ 12.5, 15, 7.75 ],
			"to": [ 13.5, 16, 9.25 ],
			"faces": {
				"up": { "uv": [ 10.5, 5, 11.5, 5.5 ], "texture": "#texture" },
				"north": { "uv": [ 10.5, 5, 11.5, 5.5 ], "texture": "#texture" },
				"south": { "uv": [ 10.5, 5, 11.5, 5.5 ], "texture": "#texture" },
				"east": { "uv": [ 10.5, 5, 11.5, 5.5 ], "texture": "#texture" }
			}
		},
		{
			"__comment": "Voxel-2D9CE3",
			"from": [ 10, 11, 7.75 ],
			"to": [ 14.5, 12, 9.25 ],
			"faces": {
				"north": { "uv": [ 9.5, 4, 10, 4.5 ], "texture": "#texture" },
				"south": { "uv": [ 9.5, 4, 10, 4.5 ], "texture": "#texture" },
				"west": { "uv": [ 9.5, 4, 10, 4.5 ], "texture": "#texture" },
				"east": { "uv": [ 9.5, 4, 10, 4.5 ], "texture": "#texture" }
			}
		},
		{
			"__comment": "Voxel-2D9CE3",
			"from": [ 10, 12, 7.75 ],
			"to": [ 14.5, 13, 9.25 ],
			"faces": {
				"north": { "uv": [ 9.5, 4, 10, 4.5 ], "texture": "#texture" },
				"south": { "uv": [ 9.5, 4, 10, 4.5 ], "texture": "#texture" },
				"west": { "uv": [ 9.5, 4, 10, 4.5 ], "texture": "#texture" },
				"east": { "uv": [ 9.5, 4, 10, 4.5 ], "texture": "#texture" }
			}
		},
		{
			"__comment": "Voxel-2D9CE3",
			"from": [ 10, 13, 7.75 ],
			"to": [ 14.5, 14, 9.25 ],
			"faces": {
				"north": { "uv": [ 10.5, 5, 11.5, 5.5 ], "texture": "#texture" },
				"south": { "uv": [ 10.5, 5, 11.5, 5.5 ], "texture": "#texture" },
				"west": { "uv": [ 10.5, 5, 11.5, 5.5 ], "texture": "#texture" },
				"east": { "uv": [ 10.5, 5, 11.5, 5.5 ], "texture": "#texture" }
			}
		},
		{
			"__comment": "Voxel-2D9CE3",
			"from": [ 8, 20, 8.25 ],
			"to": [ 8.5, 22, 8.75 ],
			"faces": {
				"up": { "uv": [ 10.5, 5, 11.5, 5.5 ], "texture": "#texture" },
				"north": { "uv": [ 10.5, 5, 11.5, 5.5 ], "texture": "#texture" },
				"south": { "uv": [ 10.5, 5, 11.5, 5.5 ], "texture": "#texture" },
				"west": { "uv": [ 10.5, 5, 11.5, 5.5 ], "texture": "#texture" },
				"east": { "uv": [ 10.5, 5, 11.5, 5.5 ], "texture": "#texture" }
			}
		},
		{
			"__comment": "Voxel-2D9CE3",
			"from": [ 4.5, 19, 7.75 ],
			"to": [ 9.5, 20, 9.25 ],
			"faces": {
				"down": { "uv": [ 10.5, 1.5, 11.5, 2 ], "texture": "#texture" },
				"up": { "uv": [ 10.5, 1.5, 11.5, 2 ], "texture": "#texture" },
				"north": { "uv": [ 10.5, 1.5, 11.5, 2 ], "texture": "#texture" },
				"south": { "uv": [ 10.5, 1.5, 11.5, 2 ], "texture": "#texture" },
				"west": { "uv": [ 10.5, 1.5, 11.5, 2 ], "texture": "#texture" },
				"east": { "uv": [ 10.5, 1.5, 11.5, 2 ], "texture": "#texture" }
			}
		},
		{
			"__comment": "Voxel-2D9CE3",
			"from": [ 6, 21.5, 8.25 ],
			"to": [ 8, 22, 8.75 ],
			"faces": {
				"down": { "uv": [ 10.5, 0.5, 11.5, 1 ], "texture": "#texture" },
				"up": { "uv": [ 10.5, 0.5, 11.5, 1 ], "texture": "#texture" },
				"north": { "uv": [ 10.5, 0.5, 11.5, 1 ], "texture": "#texture" },
				"south": { "uv": [ 10.5, 0.5, 11.5, 1 ], "texture": "#texture" }
			}
		},
		{
			"__comment": "Voxel-2D9CE3",
			"from": [ 5.5, 20, 8.25 ],
			"to": [ 6, 22, 8.75 ],
			"faces": {
				"up": { "uv": [ 10.5, 5, 11.5, 5.5 ], "texture": "#texture" },
				"north": { "uv": [ 10.5, 5, 11.5, 5.5 ], "texture": "#texture" },
				"south": { "uv": [ 10.5, 5, 11.5, 5.5 ], "texture": "#texture" },
				"west": { "uv": [ 10.5, 5, 11.5, 5.5 ], "texture": "#texture" },
				"east": { "uv": [ 10.5, 5, 11.5, 5.5 ], "texture": "#texture" }
			}
		},
		{
			"__comment": "Voxel-2D9CE3",
			"from": [ 0.5, 14, 7.75 ],
			"to": [ 4, 15, 9.25 ],
			"faces": {
				"up": { "uv": [ 10.5, 5, 11.5, 5.5 ], "texture": "#texture" },
				"north": { "uv": [ 10.5, 5, 11.5, 5.5 ], "texture": "#texture" },
				"south": { "uv": [ 10.5, 5, 11.5, 5.5 ], "texture": "#texture" },
				"east": { "uv": [ 10.5, 5, 11.5, 5.5 ], "texture": "#texture" }
			}
		},
		{
			"__comment": "Voxel-2D9CE3",
			"from": [ -0.5, 13, 7.75 ],
			"to": [ 4, 14, 9.25 ],
			"faces": {
				"up": { "uv": [ 10.5, 5, 11.5, 5.5 ], "texture": "#texture" },
				"north": { "uv": [ 10.5, 5, 11.5, 5.5 ], "texture": "#texture" },
				"south": { "uv": [ 10.5, 5, 11.5, 5.5 ], "texture": "#texture" },
				"west": { "uv": [ 10.5, 5, 11.5, 5.5 ], "texture": "#texture" },
				"east": { "uv": [ 10.5, 5, 11.5, 5.5 ], "texture": "#texture" }
			}
		},
		{
			"__comment": "Voxel-2D9CE3",
			"from": [ 6.5, 16, 7.75 ],
			"to": [ 7.5, 19, 9.25 ],
			"faces": {
				"down": { "uv": [ 10.5, 1.5, 11.5, 2 ], "texture": "#texture" },
				"north": { "uv": [ 10.5, 1.5, 11.5, 2 ], "texture": "#texture" },
				"south": { "uv": [ 10.5, 1.5, 11.5, 2 ], "texture": "#texture" }
			}
		},
		{
			"__comment": "Voxel-2D9CE3",
			"from": [ 6, 12, 8 ],
			"to": [ 8, 14, 9.5 ],
			"faces": {
				"down": { "uv": [ 10.5, 3, 11.5, 4 ], "texture": "#texture" },
				"up": { "uv": [ 10.5, 3, 11.5, 4 ], "texture": "#texture" },
				"north": { "uv": [ 10.5, 3, 11.5, 4 ], "texture": "#texture" },
				"south": { "uv": [ 10.5, 3, 11.5, 4 ], "texture": "#texture" },
				"west": { "uv": [ 10.5, 3, 11.5, 4 ], "texture": "#texture" },
				"east": { "uv": [ 10.5, 3, 11.5, 4 ], "texture": "#texture" }
			}
		},
		{
			"__comment": "Voxel-2D9CE3",
			"from": [ 8, 11, 8 ],
			"to": [ 10, 15, 9 ],
			"faces": {
				"down": { "uv": [ 10.5, 2.5, 11.5, 3 ], "texture": "#texture" },
				"up": { "uv": [ 10.5, 2.5, 11.5, 3 ], "texture": "#texture" },
				"north": { "uv": [ 10.5, 2.5, 11.5, 3 ], "texture": "#texture" },
				"south": { "uv": [ 10.5, 2.5, 11.5, 3 ], "texture": "#texture" },
				"west": { "uv": [ 10.5, 2.5, 11.5, 3 ], "texture": "#texture" },
				"east": { "uv": [ 10.5, 2.5, 11.5, 3 ], "texture": "#texture" }
			}
		},
		{
			"__comment": "Voxel-2D9CE3",
			"from": [ 4, 11, 8 ],
			"to": [ 6, 15, 9 ],
			"faces": {
				"down": { "uv": [ 10.5, 2.5, 11.5, 3 ], "texture": "#texture" },
				"up": { "uv": [ 10.5, 2.5, 11.5, 3 ], "texture": "#texture" },
				"north": { "uv": [ 10.5, 2.5, 11.5, 3 ], "texture": "#texture" },
				"south": { "uv": [ 10.5, 2.5, 11.5, 3 ], "texture": "#texture" },
				"west": { "uv": [ 10.5, 2.5, 11.5, 3 ], "texture": "#texture" },
				"east": { "uv": [ 10.5, 2.5, 11.5, 3 ], "texture": "#texture" }
			}
		},
		{
			"__comment": "Voxel-2D9CE3",
			"from": [ 6, 11, 8 ],
			"to": [ 8, 12, 9 ],
			"faces": {
				"north": { "uv": [ 10.5, 2.5, 11.5, 3 ], "texture": "#texture" },
				"south": { "uv": [ 10.5, 2.5, 11.5, 3 ], "texture": "#texture" }
			}
		},
		{
			"__comment": "Voxel-2D9CE3",
			"from": [ 4.5, 15, 8 ],
			"to": [ 9.5, 16, 9 ],
			"faces": {
				"down": { "uv": [ 10.5, 2.5, 11.5, 3 ], "texture": "#texture" },
				"up": { "uv": [ 10.5, 2.5, 11.5, 3 ], "texture": "#texture" },
				"north": { "uv": [ 10.5, 2.5, 11.5, 3 ], "texture": "#texture" },
				"south": { "uv": [ 10.5, 2.5, 11.5, 3 ], "texture": "#texture" }
			}
		},
		{
			"__comment": "Voxel-2D9CE3",
			"from": [ 6, 14, 8 ],
			"to": [ 8, 15, 9 ],
			"faces": {
				"north": { "uv": [ 10.5, 2.5, 11.5, 3 ], "texture": "#texture" },
				"south": { "uv": [ 10.5, 2.5, 11.5, 3 ], "texture": "#texture" }
			}
		}
	],
	"display": {
    "thirdperson": {
        "rotation": [ 0, 69, -6 ],
        "translation": [ 0.00, 1.00, -1.40 ],
        "scale": [ 0.40, 0.40, 0.40 ]
    },
    "firstperson": {
        "rotation": [ 356, 220, 357 ],
        "translation": [ 0.25, 3.70, 2.10 ],
        "scale": [ 0.60, 0.60, 0.60 ]
    },
    "gui": {
        "rotation": [ 30, -45, 0 ],
        "translation": [ 0.50, -2.00, 0.00 ],
        "scale": [ 0.65, 0.65, 0.65 ]
    },
    "head": {
        "rotation": [ 90, 90, 0 ],
        "translation": [ -1.00, -0.25, -0.75 ],
        "scale": [ 0.65, 0.65, 0.65 ]
		}
	}
}