{
	"credit": "Made with Blockbench",
	"textures": {
		"texture": "blocks/shwoopda"
	},
	"elements": [
		{
			"from": [0.5, 11, -3],
			"to": [1.5, 14, 12],
			"rotation": {"angle": 0, "axis": "y", "origin": [9, 8, 8]},
			"faces": {
				"north": {"uv": [5.5, 12.5, 6, 14], "texture": "#texture"},
				"east": {"uv": [11.5, 12.5, 5.5, 14], "texture": "#texture"},
				"south": {"uv": [11, 12.5, 11.5, 14], "texture": "#texture"},
				"west": {"uv": [5.5, 12.5, 11.5, 14], "texture": "#texture"},
				"up": {"uv": [5.5, 12.5, 11.5, 13], "rotation": 90, "texture": "#texture"},
				"down": {"uv": [11.5, 12.5, 5.5, 13], "texture": "#texture"}
			}
		},
		{
			"from": [1.5, 11.5, -2.9375],
			"to": [15.5, 13.5, -1.9375],
			"faces": {
				"north": {"uv": [5.5, 12.5, 6, 13], "texture": "#texture"},
				"east": {"uv": [5.5, 12.5, 6, 13], "texture": "#texture"},
				"south": {"uv": [5.5, 12.5, 6, 13], "texture": "#texture"},
				"west": {"uv": [5.5, 12.5, 6, 13], "texture": "#texture"},
				"up": {"uv": [5.5, 12.5, 6, 13], "texture": "#texture"},
				"down": {"uv": [5.5, 12.5, 6, 13], "texture": "#texture"}
			}
		},
		{
			"from": [15.5, 11, -3],
			"to": [16.5, 14, 12],
			"rotation": {"angle": 0, "axis": "y", "origin": [7, 8, 8]},
			"faces": {
				"north": {"uv": [5.5, 12.5, 6, 14], "texture": "#texture"},
				"east": {"uv": [11.5, 12.5, 5.5, 14], "texture": "#texture"},
				"south": {"uv": [11, 12.5, 11.5, 14], "texture": "#texture"},
				"west": {"uv": [5.5, 12.5, 11.5, 14], "texture": "#texture"},
				"up": {"uv": [5.5, 12.5, 11.5, 13], "rotation": 90, "texture": "#texture"},
				"down": {"uv": [11.5, 12.5, 5.5, 13], "texture": "#texture"}
			}
		},
		{
			"from": [6.5, 3, 20],
			"to": [10.5, 5, 21],
			"faces": {
				"north": {"uv": [0.5, 2, 1, 2.5], "texture": "#texture"},
				"east": {"uv": [0.5, 2, 1, 2.5], "texture": "#texture"},
				"south": {"uv": [0.5, 2, 1, 2.5], "texture": "#texture"},
				"west": {"uv": [0.5, 2, 1, 2.5], "texture": "#texture"},
				"up": {"uv": [0.5, 2, 1, 2.5], "texture": "#texture"},
				"down": {"uv": [0.5, 2, 1, 2.5], "texture": "#texture"}
			}
		},
		{
			"from": [10.5, 4, 20],
			"to": [11.5, 5, 21],
			"rotation": {"angle": 0, "axis": "y", "origin": [8, 9, 8]},
			"faces": {
				"north": {"uv": [0.5, 2, 1, 2.5], "texture": "#texture"},
				"east": {"uv": [0.5, 2, 1, 2.5], "texture": "#texture"},
				"south": {"uv": [0.5, 2, 1, 2.5], "texture": "#texture"},
				"west": {"uv": [0.5, 2, 1, 2.5], "texture": "#texture"},
				"up": {"uv": [0.5, 2, 1, 2.5], "texture": "#texture"},
				"down": {"uv": [0.5, 2, 1, 2.5], "texture": "#texture"}
			}
		},
		{
			"from": [5.5, 4, 20],
			"to": [6.5, 5, 21],
			"rotation": {"angle": 0, "axis": "y", "origin": [2, 9, 8]},
			"faces": {
				"north": {"uv": [0.5, 2, 1, 2.5], "texture": "#texture"},
				"east": {"uv": [0.5, 2, 1, 2.5], "texture": "#texture"},
				"south": {"uv": [0.5, 2, 1, 2.5], "texture": "#texture"},
				"west": {"uv": [0.5, 2, 1, 2.5], "texture": "#texture"},
				"up": {"uv": [0.5, 2, 1, 2.5], "texture": "#texture"},
				"down": {"uv": [0.5, 2, 1, 2.5], "texture": "#texture"}
			}
		},
		{
			"from": [11.5, 5, 20],
			"to": [12.5, 6, 21],
			"rotation": {"angle": 0, "axis": "y", "origin": [8, 9, 8]},
			"faces": {
				"north": {"uv": [0.5, 2, 1, 2.5], "texture": "#texture"},
				"east": {"uv": [0.5, 2, 1, 2.5], "texture": "#texture"},
				"south": {"uv": [0.5, 2, 1, 2.5], "texture": "#texture"},
				"west": {"uv": [0.5, 2, 1, 2.5], "texture": "#texture"},
				"up": {"uv": [0.5, 2, 1, 2.5], "texture": "#texture"},
				"down": {"uv": [0.5, 2, 1, 2.5], "texture": "#texture"}
			}
		},
		{
			"from": [4.5, 5, 20],
			"to": [5.5, 6, 21.4],
			"rotation": {"angle": 0, "axis": "y", "origin": [2, 9, 8]},
			"faces": {
				"north": {"uv": [0.5, 2, 1, 2.5], "texture": "#texture"},
				"east": {"uv": [0.5, 2, 1, 2.5], "texture": "#texture"},
				"south": {"uv": [0.5, 2, 1, 2.5], "texture": "#texture"},
				"west": {"uv": [0.5, 2, 1, 2.5], "texture": "#texture"},
				"up": {"uv": [0.5, 2, 1, 2.5], "texture": "#texture"},
				"down": {"uv": [0.5, 2, 1, 2.5], "texture": "#texture"}
			}
		},
		{
			"from": [6.5, 7, 23],
			"to": [7.5, 8, 24],
			"rotation": {"angle": 0, "axis": "y", "origin": [1, 8, 8]},
			"faces": {
				"north": {"uv": [0.5, 2, 1, 2.5], "texture": "#texture"},
				"east": {"uv": [0.5, 2, 1, 2.5], "texture": "#texture"},
				"south": {"uv": [0.5, 2, 1, 2.5], "texture": "#texture"},
				"west": {"uv": [0.5, 2, 1, 2.5], "texture": "#texture"},
				"up": {"uv": [0.5, 2, 1, 2.5], "texture": "#texture"},
				"down": {"uv": [0.5, 2, 1, 2.5], "texture": "#texture"}
			}
		},
		{
			"from": [13.5, 11, 18],
			"to": [14.5, 12, 19],
			"rotation": {"angle": 0, "axis": "y", "origin": [1, 8, 8]},
			"faces": {
				"north": {"uv": [0.5, 2, 1, 2.5], "texture": "#texture"},
				"east": {"uv": [0.5, 2, 1, 2.5], "texture": "#texture"},
				"south": {"uv": [0.5, 2, 1, 2.5], "texture": "#texture"},
				"west": {"uv": [0.5, 2, 1, 2.5], "texture": "#texture"},
				"up": {"uv": [0.5, 2, 1, 2.5], "texture": "#texture"},
				"down": {"uv": [0.5, 2, 1, 2.5], "texture": "#texture"}
			}
		},
		{
			"from": [2.5, 11, 18],
			"to": [3.5, 12, 19],
			"rotation": {"angle": 0, "axis": "y", "origin": [1, 8, 8]},
			"faces": {
				"north": {"uv": [0.5, 2, 1, 2.5], "texture": "#texture"},
				"east": {"uv": [0.5, 2, 1, 2.5], "texture": "#texture"},
				"south": {"uv": [0.5, 2, 1, 2.5], "texture": "#texture"},
				"west": {"uv": [0.5, 2, 1, 2.5], "texture": "#texture"},
				"up": {"uv": [0.5, 2, 1, 2.5], "texture": "#texture"},
				"down": {"uv": [0.5, 2, 1, 2.5], "texture": "#texture"}
			}
		},
		{
			"from": [1.5, 18, 17],
			"to": [5.5, 19, 18],
			"rotation": {"angle": 0, "axis": "y", "origin": [1, 8, 8]},
			"faces": {
				"north": {"uv": [0.5, 2, 1, 2.5], "texture": "#texture"},
				"east": {"uv": [0.5, 2, 1, 2.5], "texture": "#texture"},
				"south": {"uv": [0.5, 2, 1, 2.5], "texture": "#texture"},
				"west": {"uv": [0.5, 2, 1, 2.5], "texture": "#texture"},
				"up": {"uv": [0.5, 2, 1, 2.5], "texture": "#texture"},
				"down": {"uv": [0.5, 2, 1, 2.5], "texture": "#texture"}
			}
		},
		{
			"from": [11.5, 18, 17],
			"to": [15.5, 19, 18],
			"rotation": {"angle": 0, "axis": "y", "origin": [10, 8, 8]},
			"faces": {
				"north": {"uv": [0.5, 2, 1, 2.5], "texture": "#texture"},
				"east": {"uv": [0.5, 2, 1, 2.5], "texture": "#texture"},
				"south": {"uv": [0.5, 2, 1, 2.5], "texture": "#texture"},
				"west": {"uv": [0.5, 2, 1, 2.5], "texture": "#texture"},
				"up": {"uv": [0.5, 2, 1, 2.5], "texture": "#texture"},
				"down": {"uv": [0.5, 2, 1, 2.5], "texture": "#texture"}
			}
		},
		{
			"from": [5.5, 19, 17],
			"to": [7.5, 20, 18],
			"rotation": {"angle": 0, "axis": "y", "origin": [1, 8, 8]},
			"faces": {
				"north": {"uv": [0.5, 2, 1, 2.5], "texture": "#texture"},
				"east": {"uv": [0.5, 2, 1, 2.5], "texture": "#texture"},
				"south": {"uv": [0.5, 2, 1, 2.5], "texture": "#texture"},
				"west": {"uv": [0.5, 2, 1, 2.5], "texture": "#texture"},
				"up": {"uv": [0.5, 2, 1, 2.5], "texture": "#texture"},
				"down": {"uv": [0.5, 2, 1, 2.5], "texture": "#texture"}
			}
		},
		{
			"from": [9.5, 19, 17],
			"to": [11.5, 20, 18],
			"rotation": {"angle": 0, "axis": "y", "origin": [10, 8, 8]},
			"faces": {
				"north": {"uv": [0.5, 2, 1, 2.5], "texture": "#texture"},
				"east": {"uv": [0.5, 2, 1, 2.5], "texture": "#texture"},
				"south": {"uv": [0.5, 2, 1, 2.5], "texture": "#texture"},
				"west": {"uv": [0.5, 2, 1, 2.5], "texture": "#texture"},
				"up": {"uv": [0.5, 2, 1, 2.5], "texture": "#texture"},
				"down": {"uv": [0.5, 2, 1, 2.5], "texture": "#texture"}
			}
		},
		{
			"from": [9.5, 7, 23],
			"to": [10.5, 8, 24],
			"rotation": {"angle": 0, "axis": "y", "origin": [1, 8, 8]},
			"faces": {
				"north": {"uv": [0.5, 2, 1, 2.5], "texture": "#texture"},
				"east": {"uv": [0.5, 2, 1, 2.5], "texture": "#texture"},
				"south": {"uv": [0.5, 2, 1, 2.5], "texture": "#texture"},
				"west": {"uv": [0.5, 2, 1, 2.5], "texture": "#texture"},
				"up": {"uv": [0.5, 2, 1, 2.5], "texture": "#texture"},
				"down": {"uv": [0.5, 2, 1, 2.5], "texture": "#texture"}
			}
		},
		{
			"from": [1.5, 14, 17],
			"to": [2.5, 15, 18],
			"rotation": {"angle": 0, "axis": "y", "origin": [-15, 8, 8]},
			"faces": {
				"north": {"uv": [0.5, 2, 1, 2.5], "texture": "#texture"},
				"east": {"uv": [0.5, 2, 1, 2.5], "texture": "#texture"},
				"south": {"uv": [0.5, 2, 1, 2.5], "texture": "#texture"},
				"west": {"uv": [0.5, 2, 1, 2.5], "texture": "#texture"},
				"up": {"uv": [0.5, 2, 1, 2.5], "texture": "#texture"},
				"down": {"uv": [0.5, 2, 1, 2.5], "texture": "#texture"}
			}
		},
		{
			"from": [14.5, 14, 17],
			"to": [15.5, 15, 18],
			"rotation": {"angle": 0, "axis": "y", "origin": [-15, 8, 8]},
			"faces": {
				"north": {"uv": [0.5, 2, 1, 2.5], "texture": "#texture"},
				"east": {"uv": [0.5, 2, 1, 2.5], "texture": "#texture"},
				"south": {"uv": [0.5, 2, 1, 2.5], "texture": "#texture"},
				"west": {"uv": [0.5, 2, 1, 2.5], "texture": "#texture"},
				"up": {"uv": [0.5, 2, 1, 2.5], "texture": "#texture"},
				"down": {"uv": [0.5, 2, 1, 2.5], "texture": "#texture"}
			}
		},
		{
			"from": [2.5, 12, 17],
			"to": [14.5, 16, 18],
			"rotation": {"angle": 0, "axis": "y", "origin": [-15, 8, 8]},
			"faces": {
				"north": {"uv": [0.5, 2, 1, 2.5], "texture": "#texture"},
				"east": {"uv": [0.5, 2, 1, 2.5], "texture": "#texture"},
				"south": {"uv": [0.5, 2, 1, 2.5], "texture": "#texture"},
				"west": {"uv": [0.5, 2, 1, 2.5], "texture": "#texture"},
				"up": {"uv": [0.5, 2, 1, 2.5], "texture": "#texture"},
				"down": {"uv": [0.5, 2, 1, 2.5], "texture": "#texture"}
			}
		},
		{
			"from": [6.5, 1, 13],
			"to": [10.5, 2, 21],
			"rotation": {"angle": 0, "axis": "y", "origin": [8, 8, 9]},
			"faces": {
				"north": {"uv": [0.5, 0.5, 1, 1], "texture": "#texture"},
				"east": {"uv": [0.5, 0.5, 1, 1], "texture": "#texture"},
				"south": {"uv": [0.5, 0.5, 1, 1], "texture": "#texture"},
				"west": {"uv": [0.5, 0.5, 1, 1], "texture": "#texture"},
				"up": {"uv": [0.5, 0.5, 1, 1], "texture": "#texture"},
				"down": {"uv": [0.5, 0.5, 1, 1], "texture": "#texture"}
			}
		},
		{
			"from": [5.5, 5, 21],
			"to": [11.5, 6, 24],
			"rotation": {"angle": 0, "axis": "y", "origin": [8, 8, 9]},
			"faces": {
				"north": {"uv": [0.5, 0.5, 1, 1], "texture": "#texture"},
				"east": {"uv": [0.5, 0.5, 1, 1], "texture": "#texture"},
				"south": {"uv": [0.5, 0.5, 1, 1], "texture": "#texture"},
				"west": {"uv": [0.5, 0.5, 1, 1], "texture": "#texture"},
				"up": {"uv": [0.5, 0.5, 1, 1], "texture": "#texture"},
				"down": {"uv": [0.5, 0.5, 1, 1], "texture": "#texture"}
			}
		},
		{
			"from": [4.5, 3, 12],
			"to": [12.5, 21, 15],
			"rotation": {"angle": 0, "axis": "y", "origin": [8, 8, 9]},
			"faces": {
				"north": {"uv": [0.5, 0.5, 1, 1], "texture": "#texture"},
				"east": {"uv": [0.5, 0.5, 1, 1], "texture": "#texture"},
				"south": {"uv": [0.5, 0.5, 1, 1], "texture": "#texture"},
				"west": {"uv": [0.5, 0.5, 1, 1], "texture": "#texture"},
				"up": {"uv": [0.5, 0.5, 1, 1], "texture": "#texture"},
				"down": {"uv": [0.5, 0.5, 1, 1], "texture": "#texture"}
			}
		},
		{
			"from": [4.5, 21, 15],
			"to": [12.5, 24, 19],
			"rotation": {"angle": 0, "axis": "y", "origin": [8, 8, 9]},
			"faces": {
				"north": {"uv": [0.5, 0.5, 1, 1], "texture": "#texture"},
				"east": {"uv": [0.5, 0.5, 1, 1], "texture": "#texture"},
				"south": {"uv": [0.5, 0.5, 1, 1], "texture": "#texture"},
				"west": {"uv": [0.5, 0.5, 1, 1], "texture": "#texture"},
				"up": {"uv": [0.5, 0.5, 1, 1], "texture": "#texture"},
				"down": {"uv": [0.5, 0.5, 1, 1], "texture": "#texture"}
			}
		},
		{
			"from": [5.5, 1, 12],
			"to": [10.5, 2, 13],
			"rotation": {"angle": 0, "axis": "y", "origin": [8, 8, 9]},
			"faces": {
				"north": {"uv": [0.5, 0.5, 1, 1], "texture": "#texture"},
				"east": {"uv": [0.5, 0.5, 1, 1], "texture": "#texture"},
				"south": {"uv": [0.5, 0.5, 1, 1], "texture": "#texture"},
				"west": {"uv": [0.5, 0.5, 1, 1], "texture": "#texture"},
				"up": {"uv": [0.5, 0.5, 1, 1], "texture": "#texture"},
				"down": {"uv": [0.5, 0.5, 1, 1], "texture": "#texture"}
			}
		},
		{
			"from": [4.5, 2, 12],
			"to": [11.5, 3, 13],
			"rotation": {"angle": 0, "axis": "y", "origin": [8, 8, 9]},
			"faces": {
				"north": {"uv": [0.5, 0.5, 1, 1], "texture": "#texture"},
				"east": {"uv": [0.5, 0.5, 1, 1], "texture": "#texture"},
				"south": {"uv": [0.5, 0.5, 1, 1], "texture": "#texture"},
				"west": {"uv": [0.5, 0.5, 1, 1], "texture": "#texture"},
				"up": {"uv": [0.5, 0.5, 1, 1], "texture": "#texture"},
				"down": {"uv": [0.5, 0.5, 1, 1], "texture": "#texture"}
			}
		},
		{
			"from": [1.5, 6, 12],
			"to": [4.5, 10, 13],
			"rotation": {"angle": 0, "axis": "y", "origin": [8, 8, 9]},
			"faces": {
				"north": {"uv": [0.5, 0.5, 1, 1], "texture": "#texture"},
				"east": {"uv": [0.5, 0.5, 1, 1], "texture": "#texture"},
				"south": {"uv": [0.5, 0.5, 1, 1], "texture": "#texture"},
				"west": {"uv": [0.5, 0.5, 1, 1], "texture": "#texture"},
				"up": {"uv": [0.5, 0.5, 1, 1], "texture": "#texture"},
				"down": {"uv": [0.5, 0.5, 1, 1], "texture": "#texture"}
			}
		},
		{
			"from": [12.5, 6, 12],
			"to": [15.5, 10, 13],
			"rotation": {"angle": 0, "axis": "y", "origin": [19, 8, 9]},
			"faces": {
				"north": {"uv": [0.5, 0.5, 1, 1], "texture": "#texture"},
				"east": {"uv": [0.5, 0.5, 1, 1], "texture": "#texture"},
				"south": {"uv": [0.5, 0.5, 1, 1], "texture": "#texture"},
				"west": {"uv": [0.5, 0.5, 1, 1], "texture": "#texture"},
				"up": {"uv": [0.5, 0.5, 1, 1], "texture": "#texture"},
				"down": {"uv": [0.5, 0.5, 1, 1], "texture": "#texture"}
			}
		},
		{
			"from": [1.5, 14, 12],
			"to": [4.5, 17, 13],
			"rotation": {"angle": 0, "axis": "y", "origin": [8, 8, 9]},
			"faces": {
				"north": {"uv": [0.5, 0.5, 1, 1], "texture": "#texture"},
				"east": {"uv": [0.5, 0.5, 1, 1], "texture": "#texture"},
				"south": {"uv": [0.5, 0.5, 1, 1], "texture": "#texture"},
				"west": {"uv": [0.5, 0.5, 1, 1], "texture": "#texture"},
				"up": {"uv": [0.5, 0.5, 1, 1], "texture": "#texture"},
				"down": {"uv": [0.5, 0.5, 1, 1], "texture": "#texture"}
			}
		},
		{
			"from": [12.5, 14, 12],
			"to": [15.5, 17, 13],
			"rotation": {"angle": 0, "axis": "y", "origin": [19, 8, 9]},
			"faces": {
				"north": {"uv": [0.5, 0.5, 1, 1], "texture": "#texture"},
				"east": {"uv": [0.5, 0.5, 1, 1], "texture": "#texture"},
				"south": {"uv": [0.5, 0.5, 1, 1], "texture": "#texture"},
				"west": {"uv": [0.5, 0.5, 1, 1], "texture": "#texture"},
				"up": {"uv": [0.5, 0.5, 1, 1], "texture": "#texture"},
				"down": {"uv": [0.5, 0.5, 1, 1], "texture": "#texture"}
			}
		},
		{
			"from": [0.5, 17, 12],
			"to": [4.5, 19, 13],
			"rotation": {"angle": 0, "axis": "y", "origin": [8, 8, 9]},
			"faces": {
				"north": {"uv": [0.5, 0.5, 1, 1], "texture": "#texture"},
				"east": {"uv": [0.5, 0.5, 1, 1], "texture": "#texture"},
				"south": {"uv": [0.5, 0.5, 1, 1], "texture": "#texture"},
				"west": {"uv": [0.5, 0.5, 1, 1], "texture": "#texture"},
				"up": {"uv": [0.5, 0.5, 1, 1], "texture": "#texture"},
				"down": {"uv": [0.5, 0.5, 1, 1], "texture": "#texture"}
			}
		},
		{
			"from": [12.5, 17, 12],
			"to": [16.5, 19, 13],
			"rotation": {"angle": 0, "axis": "y", "origin": [19, 8, 9]},
			"faces": {
				"north": {"uv": [0.5, 0.5, 1, 1], "texture": "#texture"},
				"east": {"uv": [0.5, 0.5, 1, 1], "texture": "#texture"},
				"south": {"uv": [0.5, 0.5, 1, 1], "texture": "#texture"},
				"west": {"uv": [0.5, 0.5, 1, 1], "texture": "#texture"},
				"up": {"uv": [0.5, 0.5, 1, 1], "texture": "#texture"},
				"down": {"uv": [0.5, 0.5, 1, 1], "texture": "#texture"}
			}
		},
		{
			"from": [12.5, 19, 12],
			"to": [15.5, 21, 15],
			"rotation": {"angle": 0, "axis": "y", "origin": [19, 8, 9]},
			"faces": {
				"north": {"uv": [0.5, 0.5, 1, 1], "texture": "#texture"},
				"east": {"uv": [0.5, 0.5, 1, 1], "texture": "#texture"},
				"south": {"uv": [0.5, 0.5, 1, 1], "texture": "#texture"},
				"west": {"uv": [0.5, 0.5, 1, 1], "texture": "#texture"},
				"up": {"uv": [0.5, 0.5, 1, 1], "texture": "#texture"},
				"down": {"uv": [0.5, 0.5, 1, 1], "texture": "#texture"}
			}
		},
		{
			"from": [1.5, 19, 12],
			"to": [4.5, 21, 15],
			"rotation": {"angle": 0, "axis": "y", "origin": [19, 8, 9]},
			"faces": {
				"north": {"uv": [0.5, 0.5, 1, 1], "texture": "#texture"},
				"east": {"uv": [0.5, 0.5, 1, 1], "texture": "#texture"},
				"south": {"uv": [0.5, 0.5, 1, 1], "texture": "#texture"},
				"west": {"uv": [0.5, 0.5, 1, 1], "texture": "#texture"},
				"up": {"uv": [0.5, 0.5, 1, 1], "texture": "#texture"},
				"down": {"uv": [0.5, 0.5, 1, 1], "texture": "#texture"}
			}
		},
		{
			"from": [2.5, 10, 12],
			"to": [4.5, 14, 13],
			"rotation": {"angle": 0, "axis": "y", "origin": [8, 8, 9]},
			"faces": {
				"north": {"uv": [0.5, 0.5, 1, 1], "texture": "#texture"},
				"east": {"uv": [0.5, 0.5, 1, 1], "texture": "#texture"},
				"south": {"uv": [0.5, 0.5, 1, 1], "texture": "#texture"},
				"west": {"uv": [0.5, 0.5, 1, 1], "texture": "#texture"},
				"up": {"uv": [0.5, 0.5, 1, 1], "texture": "#texture"},
				"down": {"uv": [0.5, 0.5, 1, 1], "texture": "#texture"}
			}
		},
		{
			"from": [12.5, 10, 12],
			"to": [14.5, 14, 13],
			"rotation": {"angle": 0, "axis": "y", "origin": [19, 8, 9]},
			"faces": {
				"north": {"uv": [0.5, 0.5, 1, 1], "texture": "#texture"},
				"east": {"uv": [0.5, 0.5, 1, 1], "texture": "#texture"},
				"south": {"uv": [0.5, 0.5, 1, 1], "texture": "#texture"},
				"west": {"uv": [0.5, 0.5, 1, 1], "texture": "#texture"},
				"up": {"uv": [0.5, 0.5, 1, 1], "texture": "#texture"},
				"down": {"uv": [0.5, 0.5, 1, 1], "texture": "#texture"}
			}
		},
		{
			"from": [11.5, 2, 12],
			"to": [12.5, 3, 18],
			"rotation": {"angle": 0, "axis": "y", "origin": [8, 8, 9]},
			"faces": {
				"north": {"uv": [0.5, 0.5, 1, 1], "texture": "#texture"},
				"east": {"uv": [0.5, 0.5, 1, 1], "texture": "#texture"},
				"south": {"uv": [0.5, 0.5, 1, 1], "texture": "#texture"},
				"west": {"uv": [0.5, 0.5, 1, 1], "texture": "#texture"},
				"up": {"uv": [0.5, 0.5, 1, 1], "texture": "#texture"},
				"down": {"uv": [0.5, 0.5, 1, 1], "texture": "#texture"}
			}
		},
		{
			"from": [4.5, 2, 12],
			"to": [5.5, 3, 18],
			"rotation": {"angle": 0, "axis": "y", "origin": [-5, 8, 9]},
			"faces": {
				"north": {"uv": [0.5, 0.5, 1, 1], "texture": "#texture"},
				"east": {"uv": [0.5, 0.5, 1, 1], "texture": "#texture"},
				"south": {"uv": [0.5, 0.5, 1, 1], "texture": "#texture"},
				"west": {"uv": [0.5, 0.5, 1, 1], "texture": "#texture"},
				"up": {"uv": [0.5, 0.5, 1, 1], "texture": "#texture"},
				"down": {"uv": [0.5, 0.5, 1, 1], "texture": "#texture"}
			}
		},
		{
			"from": [13.5, 4, 12],
			"to": [14.5, 5, 18],
			"rotation": {"angle": 0, "axis": "y", "origin": [10, 10, 9]},
			"faces": {
				"north": {"uv": [0.5, 0.5, 1, 1], "texture": "#texture"},
				"east": {"uv": [0.5, 0.5, 1, 1], "texture": "#texture"},
				"south": {"uv": [0.5, 0.5, 1, 1], "texture": "#texture"},
				"west": {"uv": [0.5, 0.5, 1, 1], "texture": "#texture"},
				"up": {"uv": [0.5, 0.5, 1, 1], "texture": "#texture"},
				"down": {"uv": [0.5, 0.5, 1, 1], "texture": "#texture"}
			}
		},
		{
			"from": [2.5, 4, 12],
			"to": [3.5, 5, 18],
			"rotation": {"angle": 0, "axis": "y", "origin": [-3, 10, 9]},
			"faces": {
				"north": {"uv": [0.5, 0.5, 1, 1], "texture": "#texture"},
				"east": {"uv": [0.5, 0.5, 1, 1], "texture": "#texture"},
				"south": {"uv": [0.5, 0.5, 1, 1], "texture": "#texture"},
				"west": {"uv": [0.5, 0.5, 1, 1], "texture": "#texture"},
				"up": {"uv": [0.5, 0.5, 1, 1], "texture": "#texture"},
				"down": {"uv": [0.5, 0.5, 1, 1], "texture": "#texture"}
			}
		},
		{
			"from": [3.5, 4, 12],
			"to": [4.5, 6, 13],
			"rotation": {"angle": 0, "axis": "y", "origin": [-4, 10, 9]},
			"faces": {
				"north": {"uv": [0.5, 0.5, 1, 1], "texture": "#texture"},
				"east": {"uv": [0.5, 0.5, 1, 1], "texture": "#texture"},
				"south": {"uv": [0.5, 0.5, 1, 1], "texture": "#texture"},
				"west": {"uv": [0.5, 0.5, 1, 1], "texture": "#texture"},
				"up": {"uv": [0.5, 0.5, 1, 1], "texture": "#texture"},
				"down": {"uv": [0.5, 0.5, 1, 1], "texture": "#texture"}
			}
		},
		{
			"from": [12.5, 4, 12],
			"to": [13.5, 6, 13],
			"rotation": {"angle": 0, "axis": "y", "origin": [-4, 10, 9]},
			"faces": {
				"north": {"uv": [0.5, 0.5, 1, 1], "texture": "#texture"},
				"east": {"uv": [0.5, 0.5, 1, 1], "texture": "#texture"},
				"south": {"uv": [0.5, 0.5, 1, 1], "texture": "#texture"},
				"west": {"uv": [0.5, 0.5, 1, 1], "texture": "#texture"},
				"up": {"uv": [0.5, 0.5, 1, 1], "texture": "#texture"},
				"down": {"uv": [0.5, 0.5, 1, 1], "texture": "#texture"}
			}
		},
		{
			"from": [2.5, 5, 12],
			"to": [3.5, 6, 13],
			"rotation": {"angle": 0, "axis": "y", "origin": [-4, 10, 9]},
			"faces": {
				"north": {"uv": [0.5, 0.5, 1, 1], "texture": "#texture"},
				"east": {"uv": [0.5, 0.5, 1, 1], "texture": "#texture"},
				"south": {"uv": [0.5, 0.5, 1, 1], "texture": "#texture"},
				"west": {"uv": [0.5, 0.5, 1, 1], "texture": "#texture"},
				"up": {"uv": [0.5, 0.5, 1, 1], "texture": "#texture"},
				"down": {"uv": [0.5, 0.5, 1, 1], "texture": "#texture"}
			}
		},
		{
			"from": [13.5, 5, 12],
			"to": [14.5, 6, 13],
			"rotation": {"angle": 0, "axis": "y", "origin": [-4, 10, 9]},
			"faces": {
				"north": {"uv": [0.5, 0.5, 1, 1], "texture": "#texture"},
				"east": {"uv": [0.5, 0.5, 1, 1], "texture": "#texture"},
				"south": {"uv": [0.5, 0.5, 1, 1], "texture": "#texture"},
				"west": {"uv": [0.5, 0.5, 1, 1], "texture": "#texture"},
				"up": {"uv": [0.5, 0.5, 1, 1], "texture": "#texture"},
				"down": {"uv": [0.5, 0.5, 1, 1], "texture": "#texture"}
			}
		},
		{
			"from": [12.5, 3, 12],
			"to": [13.5, 4, 18],
			"rotation": {"angle": 0, "axis": "y", "origin": [8, 8, 9]},
			"faces": {
				"north": {"uv": [0.5, 0.5, 1, 1], "texture": "#texture"},
				"east": {"uv": [0.5, 0.5, 1, 1], "texture": "#texture"},
				"south": {"uv": [0.5, 0.5, 1, 1], "texture": "#texture"},
				"west": {"uv": [0.5, 0.5, 1, 1], "texture": "#texture"},
				"up": {"uv": [0.5, 0.5, 1, 1], "texture": "#texture"},
				"down": {"uv": [0.5, 0.5, 1, 1], "texture": "#texture"}
			}
		},
		{
			"from": [3.5, 3, 12],
			"to": [4.5, 4, 18],
			"rotation": {"angle": 0, "axis": "y", "origin": [-5, 8, 9]},
			"faces": {
				"north": {"uv": [0.5, 0.5, 1, 1], "texture": "#texture"},
				"east": {"uv": [0.5, 0.5, 1, 1], "texture": "#texture"},
				"south": {"uv": [0.5, 0.5, 1, 1], "texture": "#texture"},
				"west": {"uv": [0.5, 0.5, 1, 1], "texture": "#texture"},
				"up": {"uv": [0.5, 0.5, 1, 1], "texture": "#texture"},
				"down": {"uv": [0.5, 0.5, 1, 1], "texture": "#texture"}
			}
		},
		{
			"from": [14.5, 5, 12],
			"to": [15.5, 6, 18],
			"rotation": {"angle": 0, "axis": "y", "origin": [10, 10, 9]},
			"faces": {
				"north": {"uv": [0.5, 0.5, 1, 1], "texture": "#texture"},
				"east": {"uv": [0.5, 0.5, 1, 1], "texture": "#texture"},
				"south": {"uv": [0.5, 0.5, 1, 1], "texture": "#texture"},
				"west": {"uv": [0.5, 0.5, 1, 1], "texture": "#texture"},
				"up": {"uv": [0.5, 0.5, 1, 1], "texture": "#texture"},
				"down": {"uv": [0.5, 0.5, 1, 1], "texture": "#texture"}
			}
		},
		{
			"from": [1.5, 5, 12],
			"to": [2.5, 6, 18],
			"rotation": {"angle": 0, "axis": "y", "origin": [-3, 10, 9]},
			"faces": {
				"north": {"uv": [0.5, 0.5, 1, 1], "texture": "#texture"},
				"east": {"uv": [0.5, 0.5, 1, 1], "texture": "#texture"},
				"south": {"uv": [0.5, 0.5, 1, 1], "texture": "#texture"},
				"west": {"uv": [0.5, 0.5, 1, 1], "texture": "#texture"},
				"up": {"uv": [0.5, 0.5, 1, 1], "texture": "#texture"},
				"down": {"uv": [0.5, 0.5, 1, 1], "texture": "#texture"}
			}
		},
		{
			"from": [5.5, 1, 12],
			"to": [6.5, 2, 20],
			"rotation": {"angle": 0, "axis": "y", "origin": [4, 8, 9]},
			"faces": {
				"north": {"uv": [0.5, 0.5, 1, 1], "texture": "#texture"},
				"east": {"uv": [0.5, 0.5, 1, 1], "texture": "#texture"},
				"south": {"uv": [0.5, 0.5, 1, 1], "texture": "#texture"},
				"west": {"uv": [0.5, 0.5, 1, 1], "texture": "#texture"},
				"up": {"uv": [0.5, 0.5, 1, 1], "texture": "#texture"},
				"down": {"uv": [0.5, 0.5, 1, 1], "texture": "#texture"}
			}
		},
		{
			"from": [5.5, 2, 18],
			"to": [6.5, 3, 22],
			"rotation": {"angle": 0, "axis": "y", "origin": [4, 8, 9]},
			"faces": {
				"north": {"uv": [0.5, 0.5, 1, 1], "texture": "#texture"},
				"east": {"uv": [0.5, 0.5, 1, 1], "texture": "#texture"},
				"south": {"uv": [0.5, 0.5, 1, 1], "texture": "#texture"},
				"west": {"uv": [0.5, 0.5, 1, 1], "texture": "#texture"},
				"up": {"uv": [0.5, 0.5, 1, 1], "texture": "#texture"},
				"down": {"uv": [0.5, 0.5, 1, 1], "texture": "#texture"}
			}
		},
		{
			"from": [10.5, 2, 18],
			"to": [11.5, 3, 22],
			"rotation": {"angle": 0, "axis": "y", "origin": [9, 8, 9]},
			"faces": {
				"north": {"uv": [0.5, 0.5, 1, 1], "texture": "#texture"},
				"east": {"uv": [0.5, 0.5, 1, 1], "texture": "#texture"},
				"south": {"uv": [0.5, 0.5, 1, 1], "texture": "#texture"},
				"west": {"uv": [0.5, 0.5, 1, 1], "texture": "#texture"},
				"up": {"uv": [0.5, 0.5, 1, 1], "texture": "#texture"},
				"down": {"uv": [0.5, 0.5, 1, 1], "texture": "#texture"}
			}
		},
		{
			"from": [3.5, 4, 18],
			"to": [5.5, 5, 22],
			"rotation": {"angle": 0, "axis": "y", "origin": [2, 10, 9]},
			"faces": {
				"north": {"uv": [0.5, 0.5, 1, 1], "texture": "#texture"},
				"east": {"uv": [0.5, 0.5, 1, 1], "texture": "#texture"},
				"south": {"uv": [0.5, 0.5, 1, 1], "texture": "#texture"},
				"west": {"uv": [0.5, 0.5, 1, 1], "texture": "#texture"},
				"up": {"uv": [0.5, 0.5, 1, 1], "texture": "#texture"},
				"down": {"uv": [0.5, 0.5, 1, 1], "texture": "#texture"}
			}
		},
		{
			"from": [11.5, 4, 18],
			"to": [13.5, 5, 22],
			"rotation": {"angle": 0, "axis": "y", "origin": [13, 10, 9]},
			"faces": {
				"north": {"uv": [0.5, 0.5, 1, 1], "texture": "#texture"},
				"east": {"uv": [0.5, 0.5, 1, 1], "texture": "#texture"},
				"south": {"uv": [0.5, 0.5, 1, 1], "texture": "#texture"},
				"west": {"uv": [0.5, 0.5, 1, 1], "texture": "#texture"},
				"up": {"uv": [0.5, 0.5, 1, 1], "texture": "#texture"},
				"down": {"uv": [0.5, 0.5, 1, 1], "texture": "#texture"}
			}
		},
		{
			"from": [4.5, 3, 18],
			"to": [6.5, 4, 22],
			"rotation": {"angle": 0, "axis": "y", "origin": [4, 8, 9]},
			"faces": {
				"north": {"uv": [0.5, 0.5, 1, 1], "texture": "#texture"},
				"east": {"uv": [0.5, 0.5, 1, 1], "texture": "#texture"},
				"south": {"uv": [0.5, 0.5, 1, 1], "texture": "#texture"},
				"west": {"uv": [0.5, 0.5, 1, 1], "texture": "#texture"},
				"up": {"uv": [0.5, 0.5, 1, 1], "texture": "#texture"},
				"down": {"uv": [0.5, 0.5, 1, 1], "texture": "#texture"}
			}
		},
		{
			"from": [10.5, 3, 18],
			"to": [12.5, 4, 22],
			"rotation": {"angle": 0, "axis": "y", "origin": [9, 8, 9]},
			"faces": {
				"north": {"uv": [0.5, 0.5, 1, 1], "texture": "#texture"},
				"east": {"uv": [0.5, 0.5, 1, 1], "texture": "#texture"},
				"south": {"uv": [0.5, 0.5, 1, 1], "texture": "#texture"},
				"west": {"uv": [0.5, 0.5, 1, 1], "texture": "#texture"},
				"up": {"uv": [0.5, 0.5, 1, 1], "texture": "#texture"},
				"down": {"uv": [0.5, 0.5, 1, 1], "texture": "#texture"}
			}
		},
		{
			"from": [2.5, 5, 18],
			"to": [3.5, 6, 22],
			"rotation": {"angle": 0, "axis": "y", "origin": [2, 10, 9]},
			"faces": {
				"north": {"uv": [0.5, 0.5, 1, 1], "texture": "#texture"},
				"east": {"uv": [0.5, 0.5, 1, 1], "texture": "#texture"},
				"south": {"uv": [0.5, 0.5, 1, 1], "texture": "#texture"},
				"west": {"uv": [0.5, 0.5, 1, 1], "texture": "#texture"},
				"up": {"uv": [0.5, 0.5, 1, 1], "texture": "#texture"},
				"down": {"uv": [0.5, 0.5, 1, 1], "texture": "#texture"}
			}
		},
		{
			"from": [3.5, 5, 21],
			"to": [4.5, 8, 23],
			"rotation": {"angle": 0, "axis": "y", "origin": [2, 10, 9]},
			"faces": {
				"north": {"uv": [0.5, 0.5, 1, 1], "texture": "#texture"},
				"east": {"uv": [0.5, 0.5, 1, 1], "texture": "#texture"},
				"south": {"uv": [0.5, 0.5, 1, 1], "texture": "#texture"},
				"west": {"uv": [0.5, 0.5, 1, 1], "texture": "#texture"},
				"up": {"uv": [0.5, 0.5, 1, 1], "texture": "#texture"},
				"down": {"uv": [0.5, 0.5, 1, 1], "texture": "#texture"}
			}
		},
		{
			"from": [12.5, 5, 21],
			"to": [13.5, 8, 23],
			"rotation": {"angle": 0, "axis": "y", "origin": [1, 10, 9]},
			"faces": {
				"north": {"uv": [0.5, 0.5, 1, 1], "texture": "#texture"},
				"east": {"uv": [0.5, 0.5, 1, 1], "texture": "#texture"},
				"south": {"uv": [0.5, 0.5, 1, 1], "texture": "#texture"},
				"west": {"uv": [0.5, 0.5, 1, 1], "texture": "#texture"},
				"up": {"uv": [0.5, 0.5, 1, 1], "texture": "#texture"},
				"down": {"uv": [0.5, 0.5, 1, 1], "texture": "#texture"}
			}
		},
		{
			"from": [1.5, 6, 18],
			"to": [2.5, 10, 20],
			"rotation": {"angle": 0, "axis": "y", "origin": [3, 10, 9]},
			"faces": {
				"north": {"uv": [0.5, 0.5, 1, 1], "texture": "#texture"},
				"east": {"uv": [0.5, 0.5, 1, 1], "texture": "#texture"},
				"south": {"uv": [0.5, 0.5, 1, 1], "texture": "#texture"},
				"west": {"uv": [0.5, 0.5, 1, 1], "texture": "#texture"},
				"up": {"uv": [0.5, 0.5, 1, 1], "texture": "#texture"},
				"down": {"uv": [0.5, 0.5, 1, 1], "texture": "#texture"}
			}
		},
		{
			"from": [0.5, 6, 12],
			"to": [1.5, 10, 18],
			"rotation": {"angle": 0, "axis": "y", "origin": [3, 10, 9]},
			"faces": {
				"north": {"uv": [0.5, 0.5, 1, 1], "texture": "#texture"},
				"east": {"uv": [0.5, 0.5, 1, 1], "texture": "#texture"},
				"south": {"uv": [0.5, 0.5, 1, 1], "texture": "#texture"},
				"west": {"uv": [0.5, 0.5, 1, 1], "texture": "#texture"},
				"up": {"uv": [0.5, 0.5, 1, 1], "texture": "#texture"},
				"down": {"uv": [0.5, 0.5, 1, 1], "texture": "#texture"}
			}
		},
		{
			"from": [15.5, 6, 12],
			"to": [16.5, 10, 18],
			"rotation": {"angle": 0, "axis": "y", "origin": [3, 10, 9]},
			"faces": {
				"north": {"uv": [0.5, 0.5, 1, 1], "texture": "#texture"},
				"east": {"uv": [0.5, 0.5, 1, 1], "texture": "#texture"},
				"south": {"uv": [0.5, 0.5, 1, 1], "texture": "#texture"},
				"west": {"uv": [0.5, 0.5, 1, 1], "texture": "#texture"},
				"up": {"uv": [0.5, 0.5, 1, 1], "texture": "#texture"},
				"down": {"uv": [0.5, 0.5, 1, 1], "texture": "#texture"}
			}
		},
		{
			"from": [15.5, 12, 12],
			"to": [16.5, 14, 20],
			"rotation": {"angle": 0, "axis": "y", "origin": [3, 10, 9]},
			"faces": {
				"north": {"uv": [0.5, 0.5, 1, 1], "texture": "#texture"},
				"east": {"uv": [0.5, 0.5, 1, 1], "texture": "#texture"},
				"south": {"uv": [0.5, 0.5, 1, 1], "texture": "#texture"},
				"west": {"uv": [0.5, 0.5, 1, 1], "texture": "#texture"},
				"up": {"uv": [0.5, 0.5, 1, 1], "texture": "#texture"},
				"down": {"uv": [0.5, 0.5, 1, 1], "texture": "#texture"}
			}
		},
		{
			"from": [0.5, 12, 12],
			"to": [1.5, 14, 20],
			"rotation": {"angle": 0, "axis": "y", "origin": [-11, 10, 9]},
			"faces": {
				"north": {"uv": [0.5, 0.5, 1, 1], "texture": "#texture"},
				"east": {"uv": [0.5, 0.5, 1, 1], "texture": "#texture"},
				"south": {"uv": [0.5, 0.5, 1, 1], "texture": "#texture"},
				"west": {"uv": [0.5, 0.5, 1, 1], "texture": "#texture"},
				"up": {"uv": [0.5, 0.5, 1, 1], "texture": "#texture"},
				"down": {"uv": [0.5, 0.5, 1, 1], "texture": "#texture"}
			}
		},
		{
			"from": [14.5, 12, 12],
			"to": [15.5, 14, 18],
			"rotation": {"angle": 0, "axis": "y", "origin": [3, 10, 9]},
			"faces": {
				"north": {"uv": [0.5, 0.5, 1, 1], "texture": "#texture"},
				"east": {"uv": [0.5, 0.5, 1, 1], "texture": "#texture"},
				"south": {"uv": [0.5, 0.5, 1, 1], "texture": "#texture"},
				"west": {"uv": [0.5, 0.5, 1, 1], "texture": "#texture"},
				"up": {"uv": [0.5, 0.5, 1, 1], "texture": "#texture"},
				"down": {"uv": [0.5, 0.5, 1, 1], "texture": "#texture"}
			}
		},
		{
			"from": [1.5, 12, 12],
			"to": [2.5, 14, 18],
			"rotation": {"angle": 0, "axis": "y", "origin": [-11, 10, 9]},
			"faces": {
				"north": {"uv": [0.5, 0.5, 1, 1], "texture": "#texture"},
				"east": {"uv": [0.5, 0.5, 1, 1], "texture": "#texture"},
				"south": {"uv": [0.5, 0.5, 1, 1], "texture": "#texture"},
				"west": {"uv": [0.5, 0.5, 1, 1], "texture": "#texture"},
				"up": {"uv": [0.5, 0.5, 1, 1], "texture": "#texture"},
				"down": {"uv": [0.5, 0.5, 1, 1], "texture": "#texture"}
			}
		},
		{
			"from": [2.5, 10, 18],
			"to": [4.5, 11, 20],
			"rotation": {"angle": 0, "axis": "y", "origin": [1, 10, 9]},
			"faces": {
				"north": {"uv": [0.5, 0.5, 1, 1], "texture": "#texture"},
				"east": {"uv": [0.5, 0.5, 1, 1], "texture": "#texture"},
				"south": {"uv": [0.5, 0.5, 1, 1], "texture": "#texture"},
				"west": {"uv": [0.5, 0.5, 1, 1], "texture": "#texture"},
				"up": {"uv": [0.5, 0.5, 1, 1], "texture": "#texture"},
				"down": {"uv": [0.5, 0.5, 1, 1], "texture": "#texture"}
			}
		},
		{
			"from": [1.5, 16, 18],
			"to": [5.5, 17, 20],
			"rotation": {"angle": 0, "axis": "y", "origin": [1, 10, 9]},
			"faces": {
				"north": {"uv": [0.5, 0.5, 1, 1], "texture": "#texture"},
				"east": {"uv": [0.5, 0.5, 1, 1], "texture": "#texture"},
				"south": {"uv": [0.5, 0.5, 1, 1], "texture": "#texture"},
				"west": {"uv": [0.5, 0.5, 1, 1], "texture": "#texture"},
				"up": {"uv": [0.5, 0.5, 1, 1], "texture": "#texture"},
				"down": {"uv": [0.5, 0.5, 1, 1], "texture": "#texture"}
			}
		},
		{
			"from": [14.5, 15, 18],
			"to": [17.5, 16, 20],
			"rotation": {"angle": 0, "axis": "y", "origin": [7, 10, 9]},
			"faces": {
				"north": {"uv": [0.5, 0.5, 1, 1], "texture": "#texture"},
				"east": {"uv": [0.5, 0.5, 1, 1], "texture": "#texture"},
				"south": {"uv": [0.5, 0.5, 1, 1], "texture": "#texture"},
				"west": {"uv": [0.5, 0.5, 1, 1], "texture": "#texture"},
				"up": {"uv": [0.5, 0.5, 1, 1], "texture": "#texture"},
				"down": {"uv": [0.5, 0.5, 1, 1], "texture": "#texture"}
			}
		},
		{
			"from": [-0.5, 15, 18],
			"to": [2.5, 16, 20],
			"rotation": {"angle": 0, "axis": "y", "origin": [1, 10, 9]},
			"faces": {
				"north": {"uv": [0.5, 0.5, 1, 1], "texture": "#texture"},
				"east": {"uv": [0.5, 0.5, 1, 1], "texture": "#texture"},
				"south": {"uv": [0.5, 0.5, 1, 1], "texture": "#texture"},
				"west": {"uv": [0.5, 0.5, 1, 1], "texture": "#texture"},
				"up": {"uv": [0.5, 0.5, 1, 1], "texture": "#texture"},
				"down": {"uv": [0.5, 0.5, 1, 1], "texture": "#texture"}
			}
		},
		{
			"from": [4.5, 17, 19],
			"to": [7.5, 18, 20],
			"rotation": {"angle": 0, "axis": "y", "origin": [1, 10, 9]},
			"faces": {
				"north": {"uv": [0.5, 0.5, 1, 1], "texture": "#texture"},
				"east": {"uv": [0.5, 0.5, 1, 1], "texture": "#texture"},
				"south": {"uv": [0.5, 0.5, 1, 1], "texture": "#texture"},
				"west": {"uv": [0.5, 0.5, 1, 1], "texture": "#texture"},
				"up": {"uv": [0.5, 0.5, 1, 1], "texture": "#texture"},
				"down": {"uv": [0.5, 0.5, 1, 1], "texture": "#texture"}
			}
		},
		{
			"from": [9.5, 17, 19],
			"to": [12.5, 18, 20],
			"rotation": {"angle": 0, "axis": "y", "origin": [1, 10, 9]},
			"faces": {
				"north": {"uv": [0.5, 0.5, 1, 1], "texture": "#texture"},
				"east": {"uv": [0.5, 0.5, 1, 1], "texture": "#texture"},
				"south": {"uv": [0.5, 0.5, 1, 1], "texture": "#texture"},
				"west": {"uv": [0.5, 0.5, 1, 1], "texture": "#texture"},
				"up": {"uv": [0.5, 0.5, 1, 1], "texture": "#texture"},
				"down": {"uv": [0.5, 0.5, 1, 1], "texture": "#texture"}
			}
		},
		{
			"from": [7.5, 19, 18],
			"to": [9.5, 20, 19],
			"rotation": {"angle": 0, "axis": "y", "origin": [1, 10, 9]},
			"faces": {
				"north": {"uv": [0.5, 0.5, 1, 1], "texture": "#texture"},
				"east": {"uv": [0.5, 0.5, 1, 1], "texture": "#texture"},
				"south": {"uv": [0.5, 0.5, 1, 1], "texture": "#texture"},
				"west": {"uv": [0.5, 0.5, 1, 1], "texture": "#texture"},
				"up": {"uv": [0.5, 0.5, 1, 1], "texture": "#texture"},
				"down": {"uv": [0.5, 0.5, 1, 1], "texture": "#texture"}
			}
		},
		{
			"from": [11.5, 16, 18],
			"to": [15.5, 17, 20],
			"rotation": {"angle": 0, "axis": "y", "origin": [7, 10, 9]},
			"faces": {
				"north": {"uv": [0.5, 0.5, 1, 1], "texture": "#texture"},
				"east": {"uv": [0.5, 0.5, 1, 1], "texture": "#texture"},
				"south": {"uv": [0.5, 0.5, 1, 1], "texture": "#texture"},
				"west": {"uv": [0.5, 0.5, 1, 1], "texture": "#texture"},
				"up": {"uv": [0.5, 0.5, 1, 1], "texture": "#texture"},
				"down": {"uv": [0.5, 0.5, 1, 1], "texture": "#texture"}
			}
		},
		{
			"from": [5.5, 22, 19],
			"to": [11.5, 24, 20],
			"rotation": {"angle": 0, "axis": "y", "origin": [1, 10, 9]},
			"faces": {
				"north": {"uv": [0.5, 0.5, 1, 1], "texture": "#texture"},
				"east": {"uv": [0.5, 0.5, 1, 1], "texture": "#texture"},
				"south": {"uv": [0.5, 0.5, 1, 1], "texture": "#texture"},
				"west": {"uv": [0.5, 0.5, 1, 1], "texture": "#texture"},
				"up": {"uv": [0.5, 0.5, 1, 1], "texture": "#texture"},
				"down": {"uv": [0.5, 0.5, 1, 1], "texture": "#texture"}
			}
		},
		{
			"from": [6.5, 11, 19],
			"to": [10.5, 13, 20],
			"rotation": {"angle": 0, "axis": "y", "origin": [1, 10, 9]},
			"faces": {
				"north": {"uv": [0.5, 0.5, 1, 1], "texture": "#texture"},
				"east": {"uv": [0.5, 0.5, 1, 1], "texture": "#texture"},
				"south": {"uv": [0.5, 0.5, 1, 1], "texture": "#texture"},
				"west": {"uv": [0.5, 0.5, 1, 1], "texture": "#texture"},
				"up": {"uv": [0.5, 0.5, 1, 1], "texture": "#texture"},
				"down": {"uv": [0.5, 0.5, 1, 1], "texture": "#texture"}
			}
		},
		{
			"from": [7.5, 13, 19],
			"to": [9.5, 19, 20],
			"rotation": {"angle": 0, "axis": "y", "origin": [1, 10, 9]},
			"faces": {
				"north": {"uv": [0.5, 0.5, 1, 1], "texture": "#texture"},
				"east": {"uv": [0.5, 0.5, 1, 1], "texture": "#texture"},
				"south": {"uv": [0.5, 0.5, 1, 1], "texture": "#texture"},
				"west": {"uv": [0.5, 0.5, 1, 1], "texture": "#texture"},
				"up": {"uv": [0.5, 0.5, 1, 1], "texture": "#texture"},
				"down": {"uv": [0.5, 0.5, 1, 1], "texture": "#texture"}
			}
		},
		{
			"from": [5.5, 15, 18],
			"to": [11.5, 19, 19],
			"rotation": {"angle": 0, "axis": "y", "origin": [1, 10, 9]},
			"faces": {
				"north": {"uv": [0.5, 0.5, 1, 1], "texture": "#texture"},
				"east": {"uv": [0.5, 0.5, 1, 1], "texture": "#texture"},
				"south": {"uv": [0.5, 0.5, 1, 1], "texture": "#texture"},
				"west": {"uv": [0.5, 0.5, 1, 1], "texture": "#texture"},
				"up": {"uv": [0.5, 0.5, 1, 1], "texture": "#texture"},
				"down": {"uv": [0.5, 0.5, 1, 1], "texture": "#texture"}
			}
		},
		{
			"from": [6.5, 20.9, 19],
			"to": [10.5, 22, 20],
			"rotation": {"angle": 0, "axis": "y", "origin": [1, 10, 9]},
			"faces": {
				"north": {"uv": [0.5, 0.5, 1, 1], "texture": "#texture"},
				"east": {"uv": [0.5, 0.5, 1, 1], "texture": "#texture"},
				"south": {"uv": [0.5, 0.5, 1, 1], "texture": "#texture"},
				"west": {"uv": [0.5, 0.5, 1, 1], "texture": "#texture"},
				"up": {"uv": [0.5, 0.5, 1, 1], "texture": "#texture"},
				"down": {"uv": [0.5, 0.5, 1, 1], "texture": "#texture"}
			}
		},
		{
			"from": [6.5, 23.9, 19],
			"to": [8.5, 25, 20],
			"rotation": {"angle": 0, "axis": "y", "origin": [1, 10, 9]},
			"faces": {
				"north": {"uv": [0.5, 0.5, 1, 1], "texture": "#texture"},
				"east": {"uv": [0.5, 0.5, 1, 1], "texture": "#texture"},
				"south": {"uv": [0.5, 0.5, 1, 1], "texture": "#texture"},
				"west": {"uv": [0.5, 0.5, 1, 1], "texture": "#texture"},
				"up": {"uv": [0.5, 0.5, 1, 1], "texture": "#texture"},
				"down": {"uv": [0.5, 0.5, 1, 1], "texture": "#texture"}
			}
		},
		{
			"from": [13.5, 12, 18],
			"to": [14.5, 15, 19],
			"rotation": {"angle": 0, "axis": "y", "origin": [1, 10, 9]},
			"faces": {
				"north": {"uv": [0.5, 0.5, 1, 1], "texture": "#texture"},
				"east": {"uv": [0.5, 0.5, 1, 1], "texture": "#texture"},
				"south": {"uv": [0.5, 0.5, 1, 1], "texture": "#texture"},
				"west": {"uv": [0.5, 0.5, 1, 1], "texture": "#texture"},
				"up": {"uv": [0.5, 0.5, 1, 1], "texture": "#texture"},
				"down": {"uv": [0.5, 0.5, 1, 1], "texture": "#texture"}
			}
		},
		{
			"from": [11.5, 11, 18],
			"to": [13.5, 12, 19],
			"rotation": {"angle": 0, "axis": "y", "origin": [1, 10, 9]},
			"faces": {
				"north": {"uv": [0.5, 0.5, 1, 1], "texture": "#texture"},
				"east": {"uv": [0.5, 0.5, 1, 1], "texture": "#texture"},
				"south": {"uv": [0.5, 0.5, 1, 1], "texture": "#texture"},
				"west": {"uv": [0.5, 0.5, 1, 1], "texture": "#texture"},
				"up": {"uv": [0.5, 0.5, 1, 1], "texture": "#texture"},
				"down": {"uv": [0.5, 0.5, 1, 1], "texture": "#texture"}
			}
		},
		{
			"from": [3.5, 11, 18],
			"to": [5.5, 12, 19],
			"rotation": {"angle": 0, "axis": "y", "origin": [1, 10, 9]},
			"faces": {
				"north": {"uv": [0.5, 0.5, 1, 1], "texture": "#texture"},
				"east": {"uv": [0.5, 0.5, 1, 1], "texture": "#texture"},
				"south": {"uv": [0.5, 0.5, 1, 1], "texture": "#texture"},
				"west": {"uv": [0.5, 0.5, 1, 1], "texture": "#texture"},
				"up": {"uv": [0.5, 0.5, 1, 1], "texture": "#texture"},
				"down": {"uv": [0.5, 0.5, 1, 1], "texture": "#texture"}
			}
		},
		{
			"from": [2.5, 12, 18],
			"to": [3.5, 15, 19],
			"rotation": {"angle": 0, "axis": "y", "origin": [1, 10, 9]},
			"faces": {
				"north": {"uv": [0.5, 0.5, 1, 1], "texture": "#texture"},
				"east": {"uv": [0.5, 0.5, 1, 1], "texture": "#texture"},
				"south": {"uv": [0.5, 0.5, 1, 1], "texture": "#texture"},
				"west": {"uv": [0.5, 0.5, 1, 1], "texture": "#texture"},
				"up": {"uv": [0.5, 0.5, 1, 1], "texture": "#texture"},
				"down": {"uv": [0.5, 0.5, 1, 1], "texture": "#texture"}
			}
		},
		{
			"from": [5.5, 11, 18],
			"to": [11.5, 14, 19],
			"rotation": {"angle": 0, "axis": "y", "origin": [1, 10, 9]},
			"faces": {
				"north": {"uv": [0.5, 0.5, 1, 1], "texture": "#texture"},
				"east": {"uv": [0.5, 0.5, 1, 1], "texture": "#texture"},
				"south": {"uv": [0.5, 0.5, 1, 1], "texture": "#texture"},
				"west": {"uv": [0.5, 0.5, 1, 1], "texture": "#texture"},
				"up": {"uv": [0.5, 0.5, 1, 1], "texture": "#texture"},
				"down": {"uv": [0.5, 0.5, 1, 1], "texture": "#texture"}
			}
		},
		{
			"from": [6.5, 14, 18],
			"to": [10.5, 15, 19],
			"rotation": {"angle": 0, "axis": "y", "origin": [1, 10, 9]},
			"faces": {
				"north": {"uv": [0.5, 0.5, 1, 1], "texture": "#texture"},
				"east": {"uv": [0.5, 0.5, 1, 1], "texture": "#texture"},
				"south": {"uv": [0.5, 0.5, 1, 1], "texture": "#texture"},
				"west": {"uv": [0.5, 0.5, 1, 1], "texture": "#texture"},
				"up": {"uv": [0.5, 0.5, 1, 1], "texture": "#texture"},
				"down": {"uv": [0.5, 0.5, 1, 1], "texture": "#texture"}
			}
		},
		{
			"from": [13.5, 9, 18],
			"to": [14.5, 11, 20],
			"rotation": {"angle": 0, "axis": "y", "origin": [1, 10, 9]},
			"faces": {
				"north": {"uv": [0.5, 0.5, 1, 1], "texture": "#texture"},
				"east": {"uv": [0.5, 0.5, 1, 1], "texture": "#texture"},
				"south": {"uv": [0.5, 0.5, 1, 1], "texture": "#texture"},
				"west": {"uv": [0.5, 0.5, 1, 1], "texture": "#texture"},
				"up": {"uv": [0.5, 0.5, 1, 1], "texture": "#texture"},
				"down": {"uv": [0.5, 0.5, 1, 1], "texture": "#texture"}
			}
		},
		{
			"from": [0.5, 10, 12],
			"to": [2.5, 12, 19],
			"rotation": {"angle": 0, "axis": "y", "origin": [1, 10, 9]},
			"faces": {
				"north": {"uv": [0.5, 0.5, 1, 1], "texture": "#texture"},
				"east": {"uv": [0.5, 0.5, 1, 1], "texture": "#texture"},
				"south": {"uv": [0.5, 0.5, 1, 1], "texture": "#texture"},
				"west": {"uv": [0.5, 0.5, 1, 1], "texture": "#texture"},
				"up": {"uv": [0.5, 0.5, 1, 1], "texture": "#texture"},
				"down": {"uv": [0.5, 0.5, 1, 1], "texture": "#texture"}
			}
		},
		{
			"from": [-5.5, 6, 12],
			"to": [-0.5, 14, 18],
			"rotation": {"angle": 0, "axis": "y", "origin": [2, 10, 9]},
			"faces": {
				"north": {"uv": [0.5, 0.5, 1, 1], "texture": "#texture"},
				"east": {"uv": [0.5, 0.5, 1, 1], "texture": "#texture"},
				"south": {"uv": [0.5, 0.5, 1, 1], "texture": "#texture"},
				"west": {"uv": [0.5, 0.5, 1, 1], "texture": "#texture"},
				"up": {"uv": [0.5, 0.5, 1, 1], "texture": "#texture"},
				"down": {"uv": [0.5, 0.5, 1, 1], "texture": "#texture"}
			}
		},
		{
			"from": [17.5, 6, 12],
			"to": [22.5, 14, 18],
			"rotation": {"angle": 0, "axis": "y", "origin": [25, 10, 9]},
			"faces": {
				"north": {"uv": [0.5, 0.5, 1, 1], "texture": "#texture"},
				"east": {"uv": [0.5, 0.5, 1, 1], "texture": "#texture"},
				"south": {"uv": [0.5, 0.5, 1, 1], "texture": "#texture"},
				"west": {"uv": [0.5, 0.5, 1, 1], "texture": "#texture"},
				"up": {"uv": [0.5, 0.5, 1, 1], "texture": "#texture"},
				"down": {"uv": [0.5, 0.5, 1, 1], "texture": "#texture"}
			}
		},
		{
			"from": [-3.5, 2, 12],
			"to": [-0.5, 6, 18],
			"rotation": {"angle": 0, "axis": "y", "origin": [2, 9, 9]},
			"faces": {
				"north": {"uv": [0.5, 0.5, 1, 1], "texture": "#texture"},
				"east": {"uv": [0.5, 0.5, 1, 1], "texture": "#texture"},
				"south": {"uv": [0.5, 0.5, 1, 1], "texture": "#texture"},
				"west": {"uv": [0.5, 0.5, 1, 1], "texture": "#texture"},
				"up": {"uv": [0.5, 0.5, 1, 1], "texture": "#texture"},
				"down": {"uv": [0.5, 0.5, 1, 1], "texture": "#texture"}
			}
		},
		{
			"from": [17.5, 2, 12],
			"to": [20.5, 6, 18],
			"rotation": {"angle": 0, "axis": "y", "origin": [25, 9, 9]},
			"faces": {
				"north": {"uv": [0.5, 0.5, 1, 1], "texture": "#texture"},
				"east": {"uv": [0.5, 0.5, 1, 1], "texture": "#texture"},
				"south": {"uv": [0.5, 0.5, 1, 1], "texture": "#texture"},
				"west": {"uv": [0.5, 0.5, 1, 1], "texture": "#texture"},
				"up": {"uv": [0.5, 0.5, 1, 1], "texture": "#texture"},
				"down": {"uv": [0.5, 0.5, 1, 1], "texture": "#texture"}
			}
		},
		{
			"from": [-3.5, 14, 18],
			"to": [-0.5, 17, 19],
			"rotation": {"angle": 0, "axis": "y", "origin": [2, 9, 9]},
			"faces": {
				"north": {"uv": [0.5, 0.5, 1, 1], "texture": "#texture"},
				"east": {"uv": [0.5, 0.5, 1, 1], "texture": "#texture"},
				"south": {"uv": [0.5, 0.5, 1, 1], "texture": "#texture"},
				"west": {"uv": [0.5, 0.5, 1, 1], "texture": "#texture"},
				"up": {"uv": [0.5, 0.5, 1, 1], "texture": "#texture"},
				"down": {"uv": [0.5, 0.5, 1, 1], "texture": "#texture"}
			}
		},
		{
			"from": [17.5, 14, 18],
			"to": [20.5, 17, 19],
			"rotation": {"angle": 0, "axis": "y", "origin": [25, 9, 9]},
			"faces": {
				"north": {"uv": [0.5, 0.5, 1, 1], "texture": "#texture"},
				"east": {"uv": [0.5, 0.5, 1, 1], "texture": "#texture"},
				"south": {"uv": [0.5, 0.5, 1, 1], "texture": "#texture"},
				"west": {"uv": [0.5, 0.5, 1, 1], "texture": "#texture"},
				"up": {"uv": [0.5, 0.5, 1, 1], "texture": "#texture"},
				"down": {"uv": [0.5, 0.5, 1, 1], "texture": "#texture"}
			}
		},
		{
			"from": [-2.5, 17, 18],
			"to": [1.5, 19, 19],
			"rotation": {"angle": 0, "axis": "y", "origin": [2, 9, 9]},
			"faces": {
				"north": {"uv": [0.5, 0.5, 1, 1], "texture": "#texture"},
				"east": {"uv": [0.5, 0.5, 1, 1], "texture": "#texture"},
				"south": {"uv": [0.5, 0.5, 1, 1], "texture": "#texture"},
				"west": {"uv": [0.5, 0.5, 1, 1], "texture": "#texture"},
				"up": {"uv": [0.5, 0.5, 1, 1], "texture": "#texture"},
				"down": {"uv": [0.5, 0.5, 1, 1], "texture": "#texture"}
			}
		},
		{
			"from": [1.5, 17, 18],
			"to": [5.5, 18, 19],
			"rotation": {"angle": 0, "axis": "y", "origin": [2, 9, 9]},
			"faces": {
				"north": {"uv": [0.5, 0.5, 1, 1], "texture": "#texture"},
				"east": {"uv": [0.5, 0.5, 1, 1], "texture": "#texture"},
				"south": {"uv": [0.5, 0.5, 1, 1], "texture": "#texture"},
				"west": {"uv": [0.5, 0.5, 1, 1], "texture": "#texture"},
				"up": {"uv": [0.5, 0.5, 1, 1], "texture": "#texture"},
				"down": {"uv": [0.5, 0.5, 1, 1], "texture": "#texture"}
			}
		},
		{
			"from": [11.5, 17, 18],
			"to": [15.5, 18, 19],
			"rotation": {"angle": 0, "axis": "y", "origin": [2, 9, 9]},
			"faces": {
				"north": {"uv": [0.5, 0.5, 1, 1], "texture": "#texture"},
				"east": {"uv": [0.5, 0.5, 1, 1], "texture": "#texture"},
				"south": {"uv": [0.5, 0.5, 1, 1], "texture": "#texture"},
				"west": {"uv": [0.5, 0.5, 1, 1], "texture": "#texture"},
				"up": {"uv": [0.5, 0.5, 1, 1], "texture": "#texture"},
				"down": {"uv": [0.5, 0.5, 1, 1], "texture": "#texture"}
			}
		},
		{
			"from": [-0.5, 16, 18],
			"to": [1.5, 17, 19],
			"rotation": {"angle": 0, "axis": "y", "origin": [2, 9, 9]},
			"faces": {
				"north": {"uv": [0.5, 0.5, 1, 1], "texture": "#texture"},
				"east": {"uv": [0.5, 0.5, 1, 1], "texture": "#texture"},
				"south": {"uv": [0.5, 0.5, 1, 1], "texture": "#texture"},
				"west": {"uv": [0.5, 0.5, 1, 1], "texture": "#texture"},
				"up": {"uv": [0.5, 0.5, 1, 1], "texture": "#texture"},
				"down": {"uv": [0.5, 0.5, 1, 1], "texture": "#texture"}
			}
		},
		{
			"from": [15.5, 16, 18],
			"to": [17.5, 17, 19],
			"rotation": {"angle": 0, "axis": "y", "origin": [2, 9, 9]},
			"faces": {
				"north": {"uv": [0.5, 0.5, 1, 1], "texture": "#texture"},
				"east": {"uv": [0.5, 0.5, 1, 1], "texture": "#texture"},
				"south": {"uv": [0.5, 0.5, 1, 1], "texture": "#texture"},
				"west": {"uv": [0.5, 0.5, 1, 1], "texture": "#texture"},
				"up": {"uv": [0.5, 0.5, 1, 1], "texture": "#texture"},
				"down": {"uv": [0.5, 0.5, 1, 1], "texture": "#texture"}
			}
		},
		{
			"from": [15.5, 17, 18],
			"to": [19.5, 19, 19],
			"rotation": {"angle": 0, "axis": "y", "origin": [25, 9, 9]},
			"faces": {
				"north": {"uv": [0.5, 0.5, 1, 1], "texture": "#texture"},
				"east": {"uv": [0.5, 0.5, 1, 1], "texture": "#texture"},
				"south": {"uv": [0.5, 0.5, 1, 1], "texture": "#texture"},
				"west": {"uv": [0.5, 0.5, 1, 1], "texture": "#texture"},
				"up": {"uv": [0.5, 0.5, 1, 1], "texture": "#texture"},
				"down": {"uv": [0.5, 0.5, 1, 1], "texture": "#texture"}
			}
		},
		{
			"from": [-3.5, 17, 12],
			"to": [0.5, 19, 18],
			"rotation": {"angle": 0, "axis": "y", "origin": [2, 9, 9]},
			"faces": {
				"north": {"uv": [0.5, 0.5, 1, 1], "texture": "#texture"},
				"east": {"uv": [0.5, 0.5, 1, 1], "texture": "#texture"},
				"south": {"uv": [0.5, 0.5, 1, 1], "texture": "#texture"},
				"west": {"uv": [0.5, 0.5, 1, 1], "texture": "#texture"},
				"up": {"uv": [0.5, 0.5, 1, 1], "texture": "#texture"},
				"down": {"uv": [0.5, 0.5, 1, 1], "texture": "#texture"}
			}
		},
		{
			"from": [16.5, 17, 12],
			"to": [20.5, 19, 18],
			"rotation": {"angle": 0, "axis": "y", "origin": [25, 9, 9]},
			"faces": {
				"north": {"uv": [0.5, 0.5, 1, 1], "texture": "#texture"},
				"east": {"uv": [0.5, 0.5, 1, 1], "texture": "#texture"},
				"south": {"uv": [0.5, 0.5, 1, 1], "texture": "#texture"},
				"west": {"uv": [0.5, 0.5, 1, 1], "texture": "#texture"},
				"up": {"uv": [0.5, 0.5, 1, 1], "texture": "#texture"},
				"down": {"uv": [0.5, 0.5, 1, 1], "texture": "#texture"}
			}
		},
		{
			"from": [-1.5, 19, 12],
			"to": [1.5, 21, 18],
			"rotation": {"angle": 0, "axis": "y", "origin": [2, 9, 9]},
			"faces": {
				"north": {"uv": [0.5, 0.5, 1, 1], "texture": "#texture"},
				"east": {"uv": [0.5, 0.5, 1, 1], "texture": "#texture"},
				"south": {"uv": [0.5, 0.5, 1, 1], "texture": "#texture"},
				"west": {"uv": [0.5, 0.5, 1, 1], "texture": "#texture"},
				"up": {"uv": [0.5, 0.5, 1, 1], "texture": "#texture"},
				"down": {"uv": [0.5, 0.5, 1, 1], "texture": "#texture"}
			}
		},
		{
			"from": [2.5, 20, 15],
			"to": [4.5, 21, 18],
			"rotation": {"angle": 0, "axis": "y", "origin": [1, 9, 9]},
			"faces": {
				"north": {"uv": [0.5, 0.5, 1, 1], "texture": "#texture"},
				"east": {"uv": [0.5, 0.5, 1, 1], "texture": "#texture"},
				"south": {"uv": [0.5, 0.5, 1, 1], "texture": "#texture"},
				"west": {"uv": [0.5, 0.5, 1, 1], "texture": "#texture"},
				"up": {"uv": [0.5, 0.5, 1, 1], "texture": "#texture"},
				"down": {"uv": [0.5, 0.5, 1, 1], "texture": "#texture"}
			}
		},
		{
			"from": [12.5, 20, 15],
			"to": [13.5, 21, 18],
			"rotation": {"angle": 0, "axis": "y", "origin": [10, 9, 9]},
			"faces": {
				"north": {"uv": [0.5, 0.5, 1, 1], "texture": "#texture"},
				"east": {"uv": [0.5, 0.5, 1, 1], "texture": "#texture"},
				"south": {"uv": [0.5, 0.5, 1, 1], "texture": "#texture"},
				"west": {"uv": [0.5, 0.5, 1, 1], "texture": "#texture"},
				"up": {"uv": [0.5, 0.5, 1, 1], "texture": "#texture"},
				"down": {"uv": [0.5, 0.5, 1, 1], "texture": "#texture"}
			}
		},
		{
			"from": [10.5, 24, 15],
			"to": [11.5, 25, 19],
			"rotation": {"angle": 0, "axis": "y", "origin": [1, 9, 9]},
			"faces": {
				"north": {"uv": [0.5, 0.5, 1, 1], "texture": "#texture"},
				"east": {"uv": [0.5, 0.5, 1, 1], "texture": "#texture"},
				"south": {"uv": [0.5, 0.5, 1, 1], "texture": "#texture"},
				"west": {"uv": [0.5, 0.5, 1, 1], "texture": "#texture"},
				"up": {"uv": [0.5, 0.5, 1, 1], "texture": "#texture"},
				"down": {"uv": [0.5, 0.5, 1, 1], "texture": "#texture"}
			}
		},
		{
			"from": [5.5, 24, 15],
			"to": [6.5, 25, 19],
			"rotation": {"angle": 0, "axis": "y", "origin": [1, 9, 9]},
			"faces": {
				"north": {"uv": [0.5, 0.5, 1, 1], "texture": "#texture"},
				"east": {"uv": [0.5, 0.5, 1, 1], "texture": "#texture"},
				"south": {"uv": [0.5, 0.5, 1, 1], "texture": "#texture"},
				"west": {"uv": [0.5, 0.5, 1, 1], "texture": "#texture"},
				"up": {"uv": [0.5, 0.5, 1, 1], "texture": "#texture"},
				"down": {"uv": [0.5, 0.5, 1, 1], "texture": "#texture"}
			}
		},
		{
			"from": [6.5, 24, 15],
			"to": [9.5, 26, 19],
			"rotation": {"angle": 0, "axis": "y", "origin": [1, 9, 9]},
			"faces": {
				"north": {"uv": [0.5, 0.5, 1, 1], "texture": "#texture"},
				"east": {"uv": [0.5, 0.5, 1, 1], "texture": "#texture"},
				"south": {"uv": [0.5, 0.5, 1, 1], "texture": "#texture"},
				"west": {"uv": [0.5, 0.5, 1, 1], "texture": "#texture"},
				"up": {"uv": [0.5, 0.5, 1, 1], "texture": "#texture"},
				"down": {"uv": [0.5, 0.5, 1, 1], "texture": "#texture"}
			}
		},
		{
			"from": [11.5, 25, 17],
			"to": [12.5, 26, 19],
			"rotation": {"angle": 0, "axis": "y", "origin": [1, 9, 9]},
			"faces": {
				"north": {"uv": [0.5, 0.5, 1, 1], "texture": "#texture"},
				"east": {"uv": [0.5, 0.5, 1, 1], "texture": "#texture"},
				"south": {"uv": [0.5, 0.5, 1, 1], "texture": "#texture"},
				"west": {"uv": [0.5, 0.5, 1, 1], "texture": "#texture"},
				"up": {"uv": [0.5, 0.5, 1, 1], "texture": "#texture"},
				"down": {"uv": [0.5, 0.5, 1, 1], "texture": "#texture"}
			}
		},
		{
			"from": [8.5, 26, 17],
			"to": [9.5, 27, 19],
			"rotation": {"angle": 0, "axis": "y", "origin": [1, 9, 9]},
			"faces": {
				"north": {"uv": [0.5, 0.5, 1, 1], "texture": "#texture"},
				"east": {"uv": [0.5, 0.5, 1, 1], "texture": "#texture"},
				"south": {"uv": [0.5, 0.5, 1, 1], "texture": "#texture"},
				"west": {"uv": [0.5, 0.5, 1, 1], "texture": "#texture"},
				"up": {"uv": [0.5, 0.5, 1, 1], "texture": "#texture"},
				"down": {"uv": [0.5, 0.5, 1, 1], "texture": "#texture"}
			}
		},
		{
			"from": [15.5, 19, 12],
			"to": [18.5, 21, 18],
			"rotation": {"angle": 0, "axis": "y", "origin": [25, 9, 9]},
			"faces": {
				"north": {"uv": [0.5, 0.5, 1, 1], "texture": "#texture"},
				"east": {"uv": [0.5, 0.5, 1, 1], "texture": "#texture"},
				"south": {"uv": [0.5, 0.5, 1, 1], "texture": "#texture"},
				"west": {"uv": [0.5, 0.5, 1, 1], "texture": "#texture"},
				"up": {"uv": [0.5, 0.5, 1, 1], "texture": "#texture"},
				"down": {"uv": [0.5, 0.5, 1, 1], "texture": "#texture"}
			}
		},
		{
			"from": [-2.5, 19, 12],
			"to": [-1.5, 20, 18],
			"rotation": {"angle": 0, "axis": "y", "origin": [2, 9, 9]},
			"faces": {
				"north": {"uv": [0.5, 0.5, 1, 1], "texture": "#texture"},
				"east": {"uv": [0.5, 0.5, 1, 1], "texture": "#texture"},
				"south": {"uv": [0.5, 0.5, 1, 1], "texture": "#texture"},
				"west": {"uv": [0.5, 0.5, 1, 1], "texture": "#texture"},
				"up": {"uv": [0.5, 0.5, 1, 1], "texture": "#texture"},
				"down": {"uv": [0.5, 0.5, 1, 1], "texture": "#texture"}
			}
		},
		{
			"from": [18.5, 19, 12],
			"to": [19.5, 20, 18],
			"rotation": {"angle": 0, "axis": "y", "origin": [25, 9, 9]},
			"faces": {
				"north": {"uv": [0.5, 0.5, 1, 1], "texture": "#texture"},
				"east": {"uv": [0.5, 0.5, 1, 1], "texture": "#texture"},
				"south": {"uv": [0.5, 0.5, 1, 1], "texture": "#texture"},
				"west": {"uv": [0.5, 0.5, 1, 1], "texture": "#texture"},
				"up": {"uv": [0.5, 0.5, 1, 1], "texture": "#texture"},
				"down": {"uv": [0.5, 0.5, 1, 1], "texture": "#texture"}
			}
		},
		{
			"from": [-0.5, 21, 12],
			"to": [3.5, 22, 18],
			"rotation": {"angle": 0, "axis": "y", "origin": [2, 9, 9]},
			"faces": {
				"north": {"uv": [0.5, 0.5, 1, 1], "texture": "#texture"},
				"east": {"uv": [0.5, 0.5, 1, 1], "texture": "#texture"},
				"south": {"uv": [0.5, 0.5, 1, 1], "texture": "#texture"},
				"west": {"uv": [0.5, 0.5, 1, 1], "texture": "#texture"},
				"up": {"uv": [0.5, 0.5, 1, 1], "texture": "#texture"},
				"down": {"uv": [0.5, 0.5, 1, 1], "texture": "#texture"}
			}
		},
		{
			"from": [13.5, 21, 12],
			"to": [17.5, 22, 18],
			"rotation": {"angle": 0, "axis": "y", "origin": [25, 9, 9]},
			"faces": {
				"north": {"uv": [0.5, 0.5, 1, 1], "texture": "#texture"},
				"east": {"uv": [0.5, 0.5, 1, 1], "texture": "#texture"},
				"south": {"uv": [0.5, 0.5, 1, 1], "texture": "#texture"},
				"west": {"uv": [0.5, 0.5, 1, 1], "texture": "#texture"},
				"up": {"uv": [0.5, 0.5, 1, 1], "texture": "#texture"},
				"down": {"uv": [0.5, 0.5, 1, 1], "texture": "#texture"}
			}
		},
		{
			"from": [-1.5, 19, 18],
			"to": [5.5, 20, 19],
			"rotation": {"angle": 0, "axis": "y", "origin": [2, 9, 9]},
			"faces": {
				"north": {"uv": [0.5, 0.5, 1, 1], "texture": "#texture"},
				"east": {"uv": [0.5, 0.5, 1, 1], "texture": "#texture"},
				"south": {"uv": [0.5, 0.5, 1, 1], "texture": "#texture"},
				"west": {"uv": [0.5, 0.5, 1, 1], "texture": "#texture"},
				"up": {"uv": [0.5, 0.5, 1, 1], "texture": "#texture"},
				"down": {"uv": [0.5, 0.5, 1, 1], "texture": "#texture"}
			}
		},
		{
			"from": [11.5, 19, 18],
			"to": [18.5, 20, 19],
			"rotation": {"angle": 0, "axis": "y", "origin": [25, 9, 9]},
			"faces": {
				"north": {"uv": [0.5, 0.5, 1, 1], "texture": "#texture"},
				"east": {"uv": [0.5, 0.5, 1, 1], "texture": "#texture"},
				"south": {"uv": [0.5, 0.5, 1, 1], "texture": "#texture"},
				"west": {"uv": [0.5, 0.5, 1, 1], "texture": "#texture"},
				"up": {"uv": [0.5, 0.5, 1, 1], "texture": "#texture"},
				"down": {"uv": [0.5, 0.5, 1, 1], "texture": "#texture"}
			}
		},
		{
			"from": [-0.5, 20, 18],
			"to": [8.5, 21, 19],
			"rotation": {"angle": 0, "axis": "y", "origin": [2, 9, 9]},
			"faces": {
				"north": {"uv": [0.5, 0.5, 1, 1], "texture": "#texture"},
				"east": {"uv": [0.5, 0.5, 1, 1], "texture": "#texture"},
				"south": {"uv": [0.5, 0.5, 1, 1], "texture": "#texture"},
				"west": {"uv": [0.5, 0.5, 1, 1], "texture": "#texture"},
				"up": {"uv": [0.5, 0.5, 1, 1], "texture": "#texture"},
				"down": {"uv": [0.5, 0.5, 1, 1], "texture": "#texture"}
			}
		},
		{
			"from": [8.5, 20, 18],
			"to": [17.5, 21, 19],
			"rotation": {"angle": 0, "axis": "y", "origin": [25, 9, 9]},
			"faces": {
				"north": {"uv": [0.5, 0.5, 1, 1], "texture": "#texture"},
				"east": {"uv": [0.5, 0.5, 1, 1], "texture": "#texture"},
				"south": {"uv": [0.5, 0.5, 1, 1], "texture": "#texture"},
				"west": {"uv": [0.5, 0.5, 1, 1], "texture": "#texture"},
				"up": {"uv": [0.5, 0.5, 1, 1], "texture": "#texture"},
				"down": {"uv": [0.5, 0.5, 1, 1], "texture": "#texture"}
			}
		},
		{
			"from": [-4.5, 2, 12],
			"to": [-3.5, 5, 17],
			"rotation": {"angle": 0, "axis": "y", "origin": [2, 9, 9]},
			"faces": {
				"north": {"uv": [0.5, 0.5, 1, 1], "texture": "#texture"},
				"east": {"uv": [0.5, 0.5, 1, 1], "texture": "#texture"},
				"south": {"uv": [0.5, 0.5, 1, 1], "texture": "#texture"},
				"west": {"uv": [0.5, 0.5, 1, 1], "texture": "#texture"},
				"up": {"uv": [0.5, 0.5, 1, 1], "texture": "#texture"},
				"down": {"uv": [0.5, 0.5, 1, 1], "texture": "#texture"}
			}
		},
		{
			"from": [20.5, 2, 12],
			"to": [21.5, 5, 17],
			"rotation": {"angle": 0, "axis": "y", "origin": [27, 9, 9]},
			"faces": {
				"north": {"uv": [0.5, 0.5, 1, 1], "texture": "#texture"},
				"east": {"uv": [0.5, 0.5, 1, 1], "texture": "#texture"},
				"south": {"uv": [0.5, 0.5, 1, 1], "texture": "#texture"},
				"west": {"uv": [0.5, 0.5, 1, 1], "texture": "#texture"},
				"up": {"uv": [0.5, 0.5, 1, 1], "texture": "#texture"},
				"down": {"uv": [0.5, 0.5, 1, 1], "texture": "#texture"}
			}
		},
		{
			"from": [-4.5, 5, 12],
			"to": [-3.5, 6, 18],
			"rotation": {"angle": 0, "axis": "y", "origin": [2, 9, 9]},
			"faces": {
				"north": {"uv": [0.5, 0.5, 1, 1], "texture": "#texture"},
				"east": {"uv": [0.5, 0.5, 1, 1], "texture": "#texture"},
				"south": {"uv": [0.5, 0.5, 1, 1], "texture": "#texture"},
				"west": {"uv": [0.5, 0.5, 1, 1], "texture": "#texture"},
				"up": {"uv": [0.5, 0.5, 1, 1], "texture": "#texture"},
				"down": {"uv": [0.5, 0.5, 1, 1], "texture": "#texture"}
			}
		},
		{
			"from": [20.5, 5, 12],
			"to": [21.5, 6, 18],
			"rotation": {"angle": 0, "axis": "y", "origin": [27, 9, 9]},
			"faces": {
				"north": {"uv": [0.5, 0.5, 1, 1], "texture": "#texture"},
				"east": {"uv": [0.5, 0.5, 1, 1], "texture": "#texture"},
				"south": {"uv": [0.5, 0.5, 1, 1], "texture": "#texture"},
				"west": {"uv": [0.5, 0.5, 1, 1], "texture": "#texture"},
				"up": {"uv": [0.5, 0.5, 1, 1], "texture": "#texture"},
				"down": {"uv": [0.5, 0.5, 1, 1], "texture": "#texture"}
			}
		},
		{
			"from": [-3.5, 6, 18],
			"to": [-1.5, 8, 19],
			"rotation": {"angle": 0, "axis": "y", "origin": [2, 9, 9]},
			"faces": {
				"north": {"uv": [0.5, 0.5, 1, 1], "texture": "#texture"},
				"east": {"uv": [0.5, 0.5, 1, 1], "texture": "#texture"},
				"south": {"uv": [0.5, 0.5, 1, 1], "texture": "#texture"},
				"west": {"uv": [0.5, 0.5, 1, 1], "texture": "#texture"},
				"up": {"uv": [0.5, 0.5, 1, 1], "texture": "#texture"},
				"down": {"uv": [0.5, 0.5, 1, 1], "texture": "#texture"}
			}
		},
		{
			"from": [18.5, 6, 18],
			"to": [20.5, 8, 19],
			"rotation": {"angle": 0, "axis": "y", "origin": [25, 9, 9]},
			"faces": {
				"north": {"uv": [0.5, 0.5, 1, 1], "texture": "#texture"},
				"east": {"uv": [0.5, 0.5, 1, 1], "texture": "#texture"},
				"south": {"uv": [0.5, 0.5, 1, 1], "texture": "#texture"},
				"west": {"uv": [0.5, 0.5, 1, 1], "texture": "#texture"},
				"up": {"uv": [0.5, 0.5, 1, 1], "texture": "#texture"},
				"down": {"uv": [0.5, 0.5, 1, 1], "texture": "#texture"}
			}
		},
		{
			"from": [-4.5, 8, 18],
			"to": [-1.5, 14, 19],
			"rotation": {"angle": 0, "axis": "y", "origin": [2, 9, 9]},
			"faces": {
				"north": {"uv": [0.5, 0.5, 1, 1], "texture": "#texture"},
				"east": {"uv": [0.5, 0.5, 1, 1], "texture": "#texture"},
				"south": {"uv": [0.5, 0.5, 1, 1], "texture": "#texture"},
				"west": {"uv": [0.5, 0.5, 1, 1], "texture": "#texture"},
				"up": {"uv": [0.5, 0.5, 1, 1], "texture": "#texture"},
				"down": {"uv": [0.5, 0.5, 1, 1], "texture": "#texture"}
			}
		},
		{
			"from": [18.5, 8, 18],
			"to": [21.5, 14, 19],
			"rotation": {"angle": 0, "axis": "y", "origin": [25, 9, 9]},
			"faces": {
				"north": {"uv": [0.5, 0.5, 1, 1], "texture": "#texture"},
				"east": {"uv": [0.5, 0.5, 1, 1], "texture": "#texture"},
				"south": {"uv": [0.5, 0.5, 1, 1], "texture": "#texture"},
				"west": {"uv": [0.5, 0.5, 1, 1], "texture": "#texture"},
				"up": {"uv": [0.5, 0.5, 1, 1], "texture": "#texture"},
				"down": {"uv": [0.5, 0.5, 1, 1], "texture": "#texture"}
			}
		},
		{
			"from": [-1.5, -2, 12],
			"to": [1.5, 1, 17],
			"rotation": {"angle": 0, "axis": "y", "origin": [2, 9, 9]},
			"faces": {
				"north": {"uv": [0.5, 0.5, 1, 1], "texture": "#texture"},
				"east": {"uv": [0.5, 0.5, 1, 1], "texture": "#texture"},
				"south": {"uv": [0.5, 0.5, 1, 1], "texture": "#texture"},
				"west": {"uv": [0.5, 0.5, 1, 1], "texture": "#texture"},
				"up": {"uv": [0.5, 0.5, 1, 1], "texture": "#texture"},
				"down": {"uv": [0.5, 0.5, 1, 1], "texture": "#texture"}
			}
		},
		{
			"from": [15.5, -2, 12],
			"to": [18.5, 1, 17],
			"rotation": {"angle": 0, "axis": "y", "origin": [25, 9, 9]},
			"faces": {
				"north": {"uv": [0.5, 0.5, 1, 1], "texture": "#texture"},
				"east": {"uv": [0.5, 0.5, 1, 1], "texture": "#texture"},
				"south": {"uv": [0.5, 0.5, 1, 1], "texture": "#texture"},
				"west": {"uv": [0.5, 0.5, 1, 1], "texture": "#texture"},
				"up": {"uv": [0.5, 0.5, 1, 1], "texture": "#texture"},
				"down": {"uv": [0.5, 0.5, 1, 1], "texture": "#texture"}
			}
		},
		{
			"from": [-4.5, 14, 12],
			"to": [-0.5, 17, 18],
			"rotation": {"angle": 0, "axis": "y", "origin": [2, 9, 9]},
			"faces": {
				"north": {"uv": [0.5, 0.5, 1, 1], "texture": "#texture"},
				"east": {"uv": [0.5, 0.5, 1, 1], "texture": "#texture"},
				"south": {"uv": [0.5, 0.5, 1, 1], "texture": "#texture"},
				"west": {"uv": [0.5, 0.5, 1, 1], "texture": "#texture"},
				"up": {"uv": [0.5, 0.5, 1, 1], "texture": "#texture"},
				"down": {"uv": [0.5, 0.5, 1, 1], "texture": "#texture"}
			}
		},
		{
			"from": [17.5, 14, 12],
			"to": [21.5, 17, 18],
			"rotation": {"angle": 0, "axis": "y", "origin": [25, 9, 9]},
			"faces": {
				"north": {"uv": [0.5, 0.5, 1, 1], "texture": "#texture"},
				"east": {"uv": [0.5, 0.5, 1, 1], "texture": "#texture"},
				"south": {"uv": [0.5, 0.5, 1, 1], "texture": "#texture"},
				"west": {"uv": [0.5, 0.5, 1, 1], "texture": "#texture"},
				"up": {"uv": [0.5, 0.5, 1, 1], "texture": "#texture"},
				"down": {"uv": [0.5, 0.5, 1, 1], "texture": "#texture"}
			}
		},
		{
			"from": [-2.5, 1, 12],
			"to": [0.5, 2, 18],
			"rotation": {"angle": 0, "axis": "y", "origin": [1, 10, 9]},
			"faces": {
				"north": {"uv": [0.5, 0.5, 1, 1], "texture": "#texture"},
				"east": {"uv": [0.5, 0.5, 1, 1], "texture": "#texture"},
				"south": {"uv": [0.5, 0.5, 1, 1], "texture": "#texture"},
				"west": {"uv": [0.5, 0.5, 1, 1], "texture": "#texture"},
				"up": {"uv": [0.5, 0.5, 1, 1], "texture": "#texture"},
				"down": {"uv": [0.5, 0.5, 1, 1], "texture": "#texture"}
			}
		},
		{
			"from": [16.5, 1, 12],
			"to": [19.5, 2, 18],
			"rotation": {"angle": 0, "axis": "y", "origin": [25, 10, 9]},
			"faces": {
				"north": {"uv": [0.5, 0.5, 1, 1], "texture": "#texture"},
				"east": {"uv": [0.5, 0.5, 1, 1], "texture": "#texture"},
				"south": {"uv": [0.5, 0.5, 1, 1], "texture": "#texture"},
				"west": {"uv": [0.5, 0.5, 1, 1], "texture": "#texture"},
				"up": {"uv": [0.5, 0.5, 1, 1], "texture": "#texture"},
				"down": {"uv": [0.5, 0.5, 1, 1], "texture": "#texture"}
			}
		},
		{
			"from": [-0.5, 2, 12],
			"to": [0.5, 4, 18],
			"rotation": {"angle": 0, "axis": "y", "origin": [2, 10, 9]},
			"faces": {
				"north": {"uv": [0.5, 0.5, 1, 1], "texture": "#texture"},
				"east": {"uv": [0.5, 0.5, 1, 1], "texture": "#texture"},
				"south": {"uv": [0.5, 0.5, 1, 1], "texture": "#texture"},
				"west": {"uv": [0.5, 0.5, 1, 1], "texture": "#texture"},
				"up": {"uv": [0.5, 0.5, 1, 1], "texture": "#texture"},
				"down": {"uv": [0.5, 0.5, 1, 1], "texture": "#texture"}
			}
		},
		{
			"from": [16.5, 2, 12],
			"to": [17.5, 4, 18],
			"rotation": {"angle": 0, "axis": "y", "origin": [25, 10, 9]},
			"faces": {
				"north": {"uv": [0.5, 0.5, 1, 1], "texture": "#texture"},
				"east": {"uv": [0.5, 0.5, 1, 1], "texture": "#texture"},
				"south": {"uv": [0.5, 0.5, 1, 1], "texture": "#texture"},
				"west": {"uv": [0.5, 0.5, 1, 1], "texture": "#texture"},
				"up": {"uv": [0.5, 0.5, 1, 1], "texture": "#texture"},
				"down": {"uv": [0.5, 0.5, 1, 1], "texture": "#texture"}
			}
		},
		{
			"from": [-2.5, -2, 12],
			"to": [-1.5, 0, 16],
			"rotation": {"angle": 0, "axis": "y", "origin": [2, 10, 9]},
			"faces": {
				"north": {"uv": [0.5, 0.5, 1, 1], "texture": "#texture"},
				"east": {"uv": [0.5, 0.5, 1, 1], "texture": "#texture"},
				"south": {"uv": [0.5, 0.5, 1, 1], "texture": "#texture"},
				"west": {"uv": [0.5, 0.5, 1, 1], "texture": "#texture"},
				"up": {"uv": [0.5, 0.5, 1, 1], "texture": "#texture"},
				"down": {"uv": [0.5, 0.5, 1, 1], "texture": "#texture"}
			}
		},
		{
			"from": [18.5, -2, 12],
			"to": [19.5, 0, 16],
			"rotation": {"angle": 0, "axis": "y", "origin": [25, 10, 9]},
			"faces": {
				"north": {"uv": [0.5, 0.5, 1, 1], "texture": "#texture"},
				"east": {"uv": [0.5, 0.5, 1, 1], "texture": "#texture"},
				"south": {"uv": [0.5, 0.5, 1, 1], "texture": "#texture"},
				"west": {"uv": [0.5, 0.5, 1, 1], "texture": "#texture"},
				"up": {"uv": [0.5, 0.5, 1, 1], "texture": "#texture"},
				"down": {"uv": [0.5, 0.5, 1, 1], "texture": "#texture"}
			}
		},
		{
			"from": [-3.5, 0, 12],
			"to": [-1.5, 1, 17],
			"rotation": {"angle": 0, "axis": "y", "origin": [2, 10, 9]},
			"faces": {
				"north": {"uv": [0.5, 0.5, 1, 1], "texture": "#texture"},
				"east": {"uv": [0.5, 0.5, 1, 1], "texture": "#texture"},
				"south": {"uv": [0.5, 0.5, 1, 1], "texture": "#texture"},
				"west": {"uv": [0.5, 0.5, 1, 1], "texture": "#texture"},
				"up": {"uv": [0.5, 0.5, 1, 1], "texture": "#texture"},
				"down": {"uv": [0.5, 0.5, 1, 1], "texture": "#texture"}
			}
		},
		{
			"from": [18.5, 0, 12],
			"to": [20.5, 1, 17],
			"rotation": {"angle": 0, "axis": "y", "origin": [25, 10, 9]},
			"faces": {
				"north": {"uv": [0.5, 0.5, 1, 1], "texture": "#texture"},
				"east": {"uv": [0.5, 0.5, 1, 1], "texture": "#texture"},
				"south": {"uv": [0.5, 0.5, 1, 1], "texture": "#texture"},
				"west": {"uv": [0.5, 0.5, 1, 1], "texture": "#texture"},
				"up": {"uv": [0.5, 0.5, 1, 1], "texture": "#texture"},
				"down": {"uv": [0.5, 0.5, 1, 1], "texture": "#texture"}
			}
		},
		{
			"from": [-3.5, 1, 12],
			"to": [-2.5, 2, 17],
			"rotation": {"angle": 0, "axis": "y", "origin": [2, 10, 9]},
			"faces": {
				"north": {"uv": [0.5, 0.5, 1, 1], "texture": "#texture"},
				"east": {"uv": [0.5, 0.5, 1, 1], "texture": "#texture"},
				"south": {"uv": [0.5, 0.5, 1, 1], "texture": "#texture"},
				"west": {"uv": [0.5, 0.5, 1, 1], "texture": "#texture"},
				"up": {"uv": [0.5, 0.5, 1, 1], "texture": "#texture"},
				"down": {"uv": [0.5, 0.5, 1, 1], "texture": "#texture"}
			}
		},
		{
			"from": [19.5, 1, 12],
			"to": [20.5, 2, 17],
			"rotation": {"angle": 0, "axis": "y", "origin": [25, 10, 9]},
			"faces": {
				"north": {"uv": [0.5, 0.5, 1, 1], "texture": "#texture"},
				"east": {"uv": [0.5, 0.5, 1, 1], "texture": "#texture"},
				"south": {"uv": [0.5, 0.5, 1, 1], "texture": "#texture"},
				"west": {"uv": [0.5, 0.5, 1, 1], "texture": "#texture"},
				"up": {"uv": [0.5, 0.5, 1, 1], "texture": "#texture"},
				"down": {"uv": [0.5, 0.5, 1, 1], "texture": "#texture"}
			}
		},
		{
			"from": [-0.5, 14, 12],
			"to": [1.5, 15, 20],
			"rotation": {"angle": 0, "axis": "y", "origin": [1, 10, 9]},
			"faces": {
				"north": {"uv": [0.5, 0.5, 1, 1], "texture": "#texture"},
				"east": {"uv": [0.5, 0.5, 1, 1], "texture": "#texture"},
				"south": {"uv": [0.5, 0.5, 1, 1], "texture": "#texture"},
				"west": {"uv": [0.5, 0.5, 1, 1], "texture": "#texture"},
				"up": {"uv": [0.5, 0.5, 1, 1], "texture": "#texture"},
				"down": {"uv": [0.5, 0.5, 1, 1], "texture": "#texture"}
			}
		},
		{
			"from": [15.5, 14, 12],
			"to": [17.5, 15, 20],
			"rotation": {"angle": 0, "axis": "y", "origin": [1, 10, 9]},
			"faces": {
				"north": {"uv": [0.5, 0.5, 1, 1], "texture": "#texture"},
				"east": {"uv": [0.5, 0.5, 1, 1], "texture": "#texture"},
				"south": {"uv": [0.5, 0.5, 1, 1], "texture": "#texture"},
				"west": {"uv": [0.5, 0.5, 1, 1], "texture": "#texture"},
				"up": {"uv": [0.5, 0.5, 1, 1], "texture": "#texture"},
				"down": {"uv": [0.5, 0.5, 1, 1], "texture": "#texture"}
			}
		},
		{
			"from": [15.5, 15, 12],
			"to": [17.5, 17, 13],
			"rotation": {"angle": 0, "axis": "y", "origin": [1, 10, 9]},
			"faces": {
				"north": {"uv": [0.5, 0.5, 1, 1], "texture": "#texture"},
				"east": {"uv": [0.5, 0.5, 1, 1], "texture": "#texture"},
				"south": {"uv": [0.5, 0.5, 1, 1], "texture": "#texture"},
				"west": {"uv": [0.5, 0.5, 1, 1], "texture": "#texture"},
				"up": {"uv": [0.5, 0.5, 1, 1], "texture": "#texture"},
				"down": {"uv": [0.5, 0.5, 1, 1], "texture": "#texture"}
			}
		},
		{
			"from": [-0.5, 15, 12],
			"to": [1.5, 17, 13],
			"rotation": {"angle": 0, "axis": "y", "origin": [1, 10, 9]},
			"faces": {
				"north": {"uv": [0.5, 0.5, 1, 1], "texture": "#texture"},
				"east": {"uv": [0.5, 0.5, 1, 1], "texture": "#texture"},
				"south": {"uv": [0.5, 0.5, 1, 1], "texture": "#texture"},
				"west": {"uv": [0.5, 0.5, 1, 1], "texture": "#texture"},
				"up": {"uv": [0.5, 0.5, 1, 1], "texture": "#texture"},
				"down": {"uv": [0.5, 0.5, 1, 1], "texture": "#texture"}
			}
		},
		{
			"from": [14.5, 10, 12],
			"to": [16.5, 12, 19],
			"rotation": {"angle": 0, "axis": "y", "origin": [1, 10, 9]},
			"faces": {
				"north": {"uv": [0.5, 0.5, 1, 1], "texture": "#texture"},
				"east": {"uv": [0.5, 0.5, 1, 1], "texture": "#texture"},
				"south": {"uv": [0.5, 0.5, 1, 1], "texture": "#texture"},
				"west": {"uv": [0.5, 0.5, 1, 1], "texture": "#texture"},
				"up": {"uv": [0.5, 0.5, 1, 1], "texture": "#texture"},
				"down": {"uv": [0.5, 0.5, 1, 1], "texture": "#texture"}
			}
		},
		{
			"from": [11.5, 10, 18],
			"to": [13.5, 11, 20],
			"rotation": {"angle": 0, "axis": "y", "origin": [10, 10, 9]},
			"faces": {
				"north": {"uv": [0.5, 0.5, 1, 1], "texture": "#texture"},
				"east": {"uv": [0.5, 0.5, 1, 1], "texture": "#texture"},
				"south": {"uv": [0.5, 0.5, 1, 1], "texture": "#texture"},
				"west": {"uv": [0.5, 0.5, 1, 1], "texture": "#texture"},
				"up": {"uv": [0.5, 0.5, 1, 1], "texture": "#texture"},
				"down": {"uv": [0.5, 0.5, 1, 1], "texture": "#texture"}
			}
		},
		{
			"from": [4.5, 10, 18],
			"to": [5.5, 11, 20],
			"rotation": {"angle": 0, "axis": "y", "origin": [1, 10, 9]},
			"faces": {
				"north": {"uv": [0.5, 0.5, 1, 1], "texture": "#texture"},
				"east": {"uv": [0.5, 0.5, 1, 1], "texture": "#texture"},
				"south": {"uv": [0.5, 0.5, 1, 1], "texture": "#texture"},
				"west": {"uv": [0.5, 0.5, 1, 1], "texture": "#texture"},
				"up": {"uv": [0.5, 0.5, 1, 1], "texture": "#texture"},
				"down": {"uv": [0.5, 0.5, 1, 1], "texture": "#texture"}
			}
		},
		{
			"from": [10.5, 10, 18],
			"to": [11.5, 11, 21],
			"rotation": {"angle": 0, "axis": "y", "origin": [10, 10, 9]},
			"faces": {
				"north": {"uv": [0.5, 0.5, 1, 1], "texture": "#texture"},
				"east": {"uv": [0.5, 0.5, 1, 1], "texture": "#texture"},
				"south": {"uv": [0.5, 0.5, 1, 1], "texture": "#texture"},
				"west": {"uv": [0.5, 0.5, 1, 1], "texture": "#texture"},
				"up": {"uv": [0.5, 0.5, 1, 1], "texture": "#texture"},
				"down": {"uv": [0.5, 0.5, 1, 1], "texture": "#texture"}
			}
		},
		{
			"from": [2.5, 9, 19],
			"to": [3.5, 10, 20],
			"rotation": {"angle": 0, "axis": "y", "origin": [1, 10, 9]},
			"faces": {
				"north": {"uv": [0.5, 0.5, 1, 1], "texture": "#texture"},
				"east": {"uv": [0.5, 0.5, 1, 1], "texture": "#texture"},
				"south": {"uv": [0.5, 0.5, 1, 1], "texture": "#texture"},
				"west": {"uv": [0.5, 0.5, 1, 1], "texture": "#texture"},
				"up": {"uv": [0.5, 0.5, 1, 1], "texture": "#texture"},
				"down": {"uv": [0.5, 0.5, 1, 1], "texture": "#texture"}
			}
		},
		{
			"from": [3.5, 9, 19],
			"to": [5.5, 10, 21],
			"rotation": {"angle": 0, "axis": "y", "origin": [10, 10, 9]},
			"faces": {
				"north": {"uv": [0.5, 0.5, 1, 1], "texture": "#texture"},
				"east": {"uv": [0.5, 0.5, 1, 1], "texture": "#texture"},
				"south": {"uv": [0.5, 0.5, 1, 1], "texture": "#texture"},
				"west": {"uv": [0.5, 0.5, 1, 1], "texture": "#texture"},
				"up": {"uv": [0.5, 0.5, 1, 1], "texture": "#texture"},
				"down": {"uv": [0.5, 0.5, 1, 1], "texture": "#texture"}
			}
		},
		{
			"from": [11.5, 9, 19],
			"to": [13.5, 10, 21],
			"rotation": {"angle": 0, "axis": "y", "origin": [10, 10, 9]},
			"faces": {
				"north": {"uv": [0.5, 0.5, 1, 1], "texture": "#texture"},
				"east": {"uv": [0.5, 0.5, 1, 1], "texture": "#texture"},
				"south": {"uv": [0.5, 0.5, 1, 1], "texture": "#texture"},
				"west": {"uv": [0.5, 0.5, 1, 1], "texture": "#texture"},
				"up": {"uv": [0.5, 0.5, 1, 1], "texture": "#texture"},
				"down": {"uv": [0.5, 0.5, 1, 1], "texture": "#texture"}
			}
		},
		{
			"from": [5.5, 10, 19],
			"to": [6.5, 11, 21],
			"rotation": {"angle": 0, "axis": "y", "origin": [1, 10, 9]},
			"faces": {
				"north": {"uv": [0.5, 0.5, 1, 1], "texture": "#texture"},
				"east": {"uv": [0.5, 0.5, 1, 1], "texture": "#texture"},
				"south": {"uv": [0.5, 0.5, 1, 1], "texture": "#texture"},
				"west": {"uv": [0.5, 0.5, 1, 1], "texture": "#texture"},
				"up": {"uv": [0.5, 0.5, 1, 1], "texture": "#texture"},
				"down": {"uv": [0.5, 0.5, 1, 1], "texture": "#texture"}
			}
		},
		{
			"from": [9.5, 10, 19],
			"to": [10.5, 11, 20],
			"rotation": {"angle": 0, "axis": "y", "origin": [10, 10, 9]},
			"faces": {
				"north": {"uv": [0.5, 0.5, 1, 1], "texture": "#texture"},
				"east": {"uv": [0.5, 0.5, 1, 1], "texture": "#texture"},
				"south": {"uv": [0.5, 0.5, 1, 1], "texture": "#texture"},
				"west": {"uv": [0.5, 0.5, 1, 1], "texture": "#texture"},
				"up": {"uv": [0.5, 0.5, 1, 1], "texture": "#texture"},
				"down": {"uv": [0.5, 0.5, 1, 1], "texture": "#texture"}
			}
		},
		{
			"from": [14.5, 6, 18],
			"to": [15.5, 10, 20],
			"rotation": {"angle": 0, "axis": "y", "origin": [16, 10, 9]},
			"faces": {
				"north": {"uv": [0.5, 0.5, 1, 1], "texture": "#texture"},
				"east": {"uv": [0.5, 0.5, 1, 1], "texture": "#texture"},
				"south": {"uv": [0.5, 0.5, 1, 1], "texture": "#texture"},
				"west": {"uv": [0.5, 0.5, 1, 1], "texture": "#texture"},
				"up": {"uv": [0.5, 0.5, 1, 1], "texture": "#texture"},
				"down": {"uv": [0.5, 0.5, 1, 1], "texture": "#texture"}
			}
		},
		{
			"from": [2.5, 6, 20],
			"to": [3.5, 8, 23],
			"rotation": {"angle": 0, "axis": "y", "origin": [3, 10, 9]},
			"faces": {
				"north": {"uv": [0.5, 0.5, 1, 1], "texture": "#texture"},
				"east": {"uv": [0.5, 0.5, 1, 1], "texture": "#texture"},
				"south": {"uv": [0.5, 0.5, 1, 1], "texture": "#texture"},
				"west": {"uv": [0.5, 0.5, 1, 1], "texture": "#texture"},
				"up": {"uv": [0.5, 0.5, 1, 1], "texture": "#texture"},
				"down": {"uv": [0.5, 0.5, 1, 1], "texture": "#texture"}
			}
		},
		{
			"from": [4.5, 6, 21],
			"to": [6.5, 7, 24],
			"rotation": {"angle": 0, "axis": "y", "origin": [2, 10, 9]},
			"faces": {
				"north": {"uv": [0.5, 0.5, 1, 1], "texture": "#texture"},
				"east": {"uv": [0.5, 0.5, 1, 1], "texture": "#texture"},
				"south": {"uv": [0.5, 0.5, 1, 1], "texture": "#texture"},
				"west": {"uv": [0.5, 0.5, 1, 1], "texture": "#texture"},
				"up": {"uv": [0.5, 0.5, 1, 1], "texture": "#texture"},
				"down": {"uv": [0.5, 0.5, 1, 1], "texture": "#texture"}
			}
		},
		{
			"from": [5.5, 7, 23],
			"to": [6.5, 9, 24],
			"rotation": {"angle": 0, "axis": "y", "origin": [2, 10, 9]},
			"faces": {
				"north": {"uv": [0.5, 0.5, 1, 1], "texture": "#texture"},
				"east": {"uv": [0.5, 0.5, 1, 1], "texture": "#texture"},
				"south": {"uv": [0.5, 0.5, 1, 1], "texture": "#texture"},
				"west": {"uv": [0.5, 0.5, 1, 1], "texture": "#texture"},
				"up": {"uv": [0.5, 0.5, 1, 1], "texture": "#texture"},
				"down": {"uv": [0.5, 0.5, 1, 1], "texture": "#texture"}
			}
		},
		{
			"from": [6.5, 9, 23],
			"to": [10.5, 10, 24],
			"rotation": {"angle": 0, "axis": "y", "origin": [1, 10, 9]},
			"faces": {
				"north": {"uv": [0.5, 0.5, 1, 1], "texture": "#texture"},
				"east": {"uv": [0.5, 0.5, 1, 1], "texture": "#texture"},
				"south": {"uv": [0.5, 0.5, 1, 1], "texture": "#texture"},
				"west": {"uv": [0.5, 0.5, 1, 1], "texture": "#texture"},
				"up": {"uv": [0.5, 0.5, 1, 1], "texture": "#texture"},
				"down": {"uv": [0.5, 0.5, 1, 1], "texture": "#texture"}
			}
		},
		{
			"from": [6.5, 10, 20],
			"to": [10.5, 11, 23],
			"rotation": {"angle": 0, "axis": "y", "origin": [1, 10, 9]},
			"faces": {
				"north": {"uv": [0.5, 0.5, 1, 1], "texture": "#texture"},
				"east": {"uv": [0.5, 0.5, 1, 1], "texture": "#texture"},
				"south": {"uv": [0.5, 0.5, 1, 1], "texture": "#texture"},
				"west": {"uv": [0.5, 0.5, 1, 1], "texture": "#texture"},
				"up": {"uv": [0.5, 0.5, 1, 1], "texture": "#texture"},
				"down": {"uv": [0.5, 0.5, 1, 1], "texture": "#texture"}
			}
		},
		{
			"from": [6.5, 8, 24],
			"to": [10.5, 9, 25],
			"rotation": {"angle": 0, "axis": "y", "origin": [1, 10, 9]},
			"faces": {
				"north": {"uv": [0.5, 0.5, 1, 1], "texture": "#texture"},
				"east": {"uv": [0.5, 0.5, 1, 1], "texture": "#texture"},
				"south": {"uv": [0.5, 0.5, 1, 1], "texture": "#texture"},
				"west": {"uv": [0.5, 0.5, 1, 1], "texture": "#texture"},
				"up": {"uv": [0.5, 0.5, 1, 1], "texture": "#texture"},
				"down": {"uv": [0.5, 0.5, 1, 1], "texture": "#texture"}
			}
		},
		{
			"from": [6.5, 6, 24],
			"to": [10.5, 7, 25],
			"rotation": {"angle": 0, "axis": "y", "origin": [1, 10, 9]},
			"faces": {
				"north": {"uv": [0.5, 0.5, 1, 1], "texture": "#texture"},
				"east": {"uv": [0.5, 0.5, 1, 1], "texture": "#texture"},
				"south": {"uv": [0.5, 0.5, 1, 1], "texture": "#texture"},
				"west": {"uv": [0.5, 0.5, 1, 1], "texture": "#texture"},
				"up": {"uv": [0.5, 0.5, 1, 1], "texture": "#texture"},
				"down": {"uv": [0.5, 0.5, 1, 1], "texture": "#texture"}
			}
		},
		{
			"from": [7.5, 7, 24],
			"to": [9.5, 8, 25],
			"rotation": {"angle": 0, "axis": "y", "origin": [1, 10, 9]},
			"faces": {
				"north": {"uv": [0.5, 0.5, 1, 1], "texture": "#texture"},
				"east": {"uv": [0.5, 0.5, 1, 1], "texture": "#texture"},
				"south": {"uv": [0.5, 0.5, 1, 1], "texture": "#texture"},
				"west": {"uv": [0.5, 0.5, 1, 1], "texture": "#texture"},
				"up": {"uv": [0.5, 0.5, 1, 1], "texture": "#texture"},
				"down": {"uv": [0.5, 0.5, 1, 1], "texture": "#texture"}
			}
		},
		{
			"from": [10.5, 7, 23],
			"to": [11.5, 9, 24],
			"rotation": {"angle": 0, "axis": "y", "origin": [7, 10, 9]},
			"faces": {
				"north": {"uv": [0.5, 0.5, 1, 1], "texture": "#texture"},
				"east": {"uv": [0.5, 0.5, 1, 1], "texture": "#texture"},
				"south": {"uv": [0.5, 0.5, 1, 1], "texture": "#texture"},
				"west": {"uv": [0.5, 0.5, 1, 1], "texture": "#texture"},
				"up": {"uv": [0.5, 0.5, 1, 1], "texture": "#texture"},
				"down": {"uv": [0.5, 0.5, 1, 1], "texture": "#texture"}
			}
		},
		{
			"from": [4.5, 7, 22],
			"to": [5.5, 9, 23],
			"rotation": {"angle": 0, "axis": "y", "origin": [2, 10, 9]},
			"faces": {
				"north": {"uv": [0.5, 0.5, 1, 1], "texture": "#texture"},
				"east": {"uv": [0.5, 0.5, 1, 1], "texture": "#texture"},
				"south": {"uv": [0.5, 0.5, 1, 1], "texture": "#texture"},
				"west": {"uv": [0.5, 0.5, 1, 1], "texture": "#texture"},
				"up": {"uv": [0.5, 0.5, 1, 1], "texture": "#texture"},
				"down": {"uv": [0.5, 0.5, 1, 1], "texture": "#texture"}
			}
		},
		{
			"from": [3.5, 8, 21],
			"to": [4.5, 9, 23],
			"rotation": {"angle": 0, "axis": "y", "origin": [2, 10, 9]},
			"faces": {
				"north": {"uv": [0.5, 0.5, 1, 1], "texture": "#texture"},
				"east": {"uv": [0.5, 0.5, 1, 1], "texture": "#texture"},
				"south": {"uv": [0.5, 0.5, 1, 1], "texture": "#texture"},
				"west": {"uv": [0.5, 0.5, 1, 1], "texture": "#texture"},
				"up": {"uv": [0.5, 0.5, 1, 1], "texture": "#texture"},
				"down": {"uv": [0.5, 0.5, 1, 1], "texture": "#texture"}
			}
		},
		{
			"from": [12.5, 8, 21],
			"to": [13.5, 9, 23],
			"rotation": {"angle": 0, "axis": "y", "origin": [11, 10, 9]},
			"faces": {
				"north": {"uv": [0.5, 0.5, 1, 1], "texture": "#texture"},
				"east": {"uv": [0.5, 0.5, 1, 1], "texture": "#texture"},
				"south": {"uv": [0.5, 0.5, 1, 1], "texture": "#texture"},
				"west": {"uv": [0.5, 0.5, 1, 1], "texture": "#texture"},
				"up": {"uv": [0.5, 0.5, 1, 1], "texture": "#texture"},
				"down": {"uv": [0.5, 0.5, 1, 1], "texture": "#texture"}
			}
		},
		{
			"from": [4.5, 9, 21],
			"to": [6.5, 10, 23],
			"rotation": {"angle": 0, "axis": "y", "origin": [2, 10, 9]},
			"faces": {
				"north": {"uv": [0.5, 0.5, 1, 1], "texture": "#texture"},
				"east": {"uv": [0.5, 0.5, 1, 1], "texture": "#texture"},
				"south": {"uv": [0.5, 0.5, 1, 1], "texture": "#texture"},
				"west": {"uv": [0.5, 0.5, 1, 1], "texture": "#texture"},
				"up": {"uv": [0.5, 0.5, 1, 1], "texture": "#texture"},
				"down": {"uv": [0.5, 0.5, 1, 1], "texture": "#texture"}
			}
		},
		{
			"from": [10.5, 9, 21],
			"to": [12.5, 10, 23],
			"rotation": {"angle": 0, "axis": "y", "origin": [11, 10, 9]},
			"faces": {
				"north": {"uv": [0.5, 0.5, 1, 1], "texture": "#texture"},
				"east": {"uv": [0.5, 0.5, 1, 1], "texture": "#texture"},
				"south": {"uv": [0.5, 0.5, 1, 1], "texture": "#texture"},
				"west": {"uv": [0.5, 0.5, 1, 1], "texture": "#texture"},
				"up": {"uv": [0.5, 0.5, 1, 1], "texture": "#texture"},
				"down": {"uv": [0.5, 0.5, 1, 1], "texture": "#texture"}
			}
		},
		{
			"from": [11.5, 7, 22],
			"to": [12.5, 9, 23],
			"rotation": {"angle": 0, "axis": "y", "origin": [7, 10, 9]},
			"faces": {
				"north": {"uv": [0.5, 0.5, 1, 1], "texture": "#texture"},
				"east": {"uv": [0.5, 0.5, 1, 1], "texture": "#texture"},
				"south": {"uv": [0.5, 0.5, 1, 1], "texture": "#texture"},
				"west": {"uv": [0.5, 0.5, 1, 1], "texture": "#texture"},
				"up": {"uv": [0.5, 0.5, 1, 1], "texture": "#texture"},
				"down": {"uv": [0.5, 0.5, 1, 1], "texture": "#texture"}
			}
		},
		{
			"from": [10.5, 6, 21],
			"to": [12.5, 7, 24],
			"rotation": {"angle": 0, "axis": "y", "origin": [1, 10, 9]},
			"faces": {
				"north": {"uv": [0.5, 0.5, 1, 1], "texture": "#texture"},
				"east": {"uv": [0.5, 0.5, 1, 1], "texture": "#texture"},
				"south": {"uv": [0.5, 0.5, 1, 1], "texture": "#texture"},
				"west": {"uv": [0.5, 0.5, 1, 1], "texture": "#texture"},
				"up": {"uv": [0.5, 0.5, 1, 1], "texture": "#texture"},
				"down": {"uv": [0.5, 0.5, 1, 1], "texture": "#texture"}
			}
		},
		{
			"from": [13.5, 6, 20],
			"to": [14.5, 8, 23],
			"rotation": {"angle": 0, "axis": "y", "origin": [13, 10, 9]},
			"faces": {
				"north": {"uv": [0.5, 0.5, 1, 1], "texture": "#texture"},
				"east": {"uv": [0.5, 0.5, 1, 1], "texture": "#texture"},
				"south": {"uv": [0.5, 0.5, 1, 1], "texture": "#texture"},
				"west": {"uv": [0.5, 0.5, 1, 1], "texture": "#texture"},
				"up": {"uv": [0.5, 0.5, 1, 1], "texture": "#texture"},
				"down": {"uv": [0.5, 0.5, 1, 1], "texture": "#texture"}
			}
		},
		{
			"from": [2.5, 8, 19],
			"to": [3.5, 9, 22],
			"rotation": {"angle": 0, "axis": "y", "origin": [2, 10, 9]},
			"faces": {
				"north": {"uv": [0.5, 0.5, 1, 1], "texture": "#texture"},
				"east": {"uv": [0.5, 0.5, 1, 1], "texture": "#texture"},
				"south": {"uv": [0.5, 0.5, 1, 1], "texture": "#texture"},
				"west": {"uv": [0.5, 0.5, 1, 1], "texture": "#texture"},
				"up": {"uv": [0.5, 0.5, 1, 1], "texture": "#texture"},
				"down": {"uv": [0.5, 0.5, 1, 1], "texture": "#texture"}
			}
		},
		{
			"from": [13.5, 8, 19],
			"to": [14.5, 9, 22],
			"rotation": {"angle": 0, "axis": "y", "origin": [13, 10, 9]},
			"faces": {
				"north": {"uv": [0.5, 0.5, 1, 1], "texture": "#texture"},
				"east": {"uv": [0.5, 0.5, 1, 1], "texture": "#texture"},
				"south": {"uv": [0.5, 0.5, 1, 1], "texture": "#texture"},
				"west": {"uv": [0.5, 0.5, 1, 1], "texture": "#texture"},
				"up": {"uv": [0.5, 0.5, 1, 1], "texture": "#texture"},
				"down": {"uv": [0.5, 0.5, 1, 1], "texture": "#texture"}
			}
		},
		{
			"from": [6.5, 4, 21],
			"to": [7.5, 5, 22],
			"rotation": {"angle": 0, "axis": "y", "origin": [1, 10, 9]},
			"faces": {
				"north": {"uv": [0.5, 0.5, 1, 1], "texture": "#texture"},
				"east": {"uv": [0.5, 0.5, 1, 1], "texture": "#texture"},
				"south": {"uv": [0.5, 0.5, 1, 1], "texture": "#texture"},
				"west": {"uv": [0.5, 0.5, 1, 1], "texture": "#texture"},
				"up": {"uv": [0.5, 0.5, 1, 1], "texture": "#texture"},
				"down": {"uv": [0.5, 0.5, 1, 1], "texture": "#texture"}
			}
		},
		{
			"from": [6.5, 2, 21],
			"to": [10.5, 3, 22],
			"rotation": {"angle": 0, "axis": "y", "origin": [1, 10, 9]},
			"faces": {
				"north": {"uv": [0.5, 0.5, 1, 1], "texture": "#texture"},
				"east": {"uv": [0.5, 0.5, 1, 1], "texture": "#texture"},
				"south": {"uv": [0.5, 0.5, 1, 1], "texture": "#texture"},
				"west": {"uv": [0.5, 0.5, 1, 1], "texture": "#texture"},
				"up": {"uv": [0.5, 0.5, 1, 1], "texture": "#texture"},
				"down": {"uv": [0.5, 0.5, 1, 1], "texture": "#texture"}
			}
		},
		{
			"from": [9.5, 4, 21],
			"to": [10.5, 5, 22],
			"rotation": {"angle": 0, "axis": "y", "origin": [1, 10, 9]},
			"faces": {
				"north": {"uv": [0.5, 0.5, 1, 1], "texture": "#texture"},
				"east": {"uv": [0.5, 0.5, 1, 1], "texture": "#texture"},
				"south": {"uv": [0.5, 0.5, 1, 1], "texture": "#texture"},
				"west": {"uv": [0.5, 0.5, 1, 1], "texture": "#texture"},
				"up": {"uv": [0.5, 0.5, 1, 1], "texture": "#texture"},
				"down": {"uv": [0.5, 0.5, 1, 1], "texture": "#texture"}
			}
		},
		{
			"from": [13.5, 5, 18],
			"to": [14.5, 6, 22],
			"rotation": {"angle": 0, "axis": "y", "origin": [13, 10, 9]},
			"faces": {
				"north": {"uv": [0.5, 0.5, 1, 1], "texture": "#texture"},
				"east": {"uv": [0.5, 0.5, 1, 1], "texture": "#texture"},
				"south": {"uv": [0.5, 0.5, 1, 1], "texture": "#texture"},
				"west": {"uv": [0.5, 0.5, 1, 1], "texture": "#texture"},
				"up": {"uv": [0.5, 0.5, 1, 1], "texture": "#texture"},
				"down": {"uv": [0.5, 0.5, 1, 1], "texture": "#texture"}
			}
		},
		{
			"from": [10.5, 1, 12],
			"to": [11.5, 2, 20],
			"rotation": {"angle": 0, "axis": "y", "origin": [3, 8, 9]},
			"faces": {
				"north": {"uv": [0.5, 0.5, 1, 1], "texture": "#texture"},
				"east": {"uv": [0.5, 0.5, 1, 1], "texture": "#texture"},
				"south": {"uv": [0.5, 0.5, 1, 1], "texture": "#texture"},
				"west": {"uv": [0.5, 0.5, 1, 1], "texture": "#texture"},
				"up": {"uv": [0.5, 0.5, 1, 1], "texture": "#texture"},
				"down": {"uv": [0.5, 0.5, 1, 1], "texture": "#texture"}
			}
		}
	],
	"display": {
		"gui": {
			"rotation": [-30, 135, 0],
			"translation": [0, -1.8, 0],
			"scale": [0.7, 0.7, 0.7]
		},
		"head": {
			"rotation": [0, 180, 0],
			"translation": [0.25, -0.5, -0.8]
		},
		"fixed": {
			"rotation": [0, 180, 0],
			"translation": [0, -1.3, 2.7],
			"scale": [1.2, 1.2, 1.2]
		}
	},
	"groups": [
		{
			"name": "Mask",
			"origin": [8, 8, 8],
			"children": [0, 1, 2]
		},
		{
			"name": "VoidFace",
			"origin": [8, 8, 8],
			"children": [3, 4, 5, 6, 7, 8, 9, 10, 11, 12, 13, 14, 15, 16, 17, 18]
		},
		{
			"name": "Face",
			"origin": [8, 8, 8],
			"children": [19, 20, 21, 22, 23, 24, 25, 26, 27, 28, 29, 30, 31, 32, 33, 34, 35, 36, 37, 38, 39, 40, 41, 42, 43, 44, 45, 46, 47, 48, 49, 50, 51, 52, 53, 54, 55, 56, 57, 58, 59, 60, 61, 62, 63, 64, 65, 66, 67, 68, 69, 70, 71, 72, 73, 74, 75, 76, 77, 78, 79, 80, 81, 82, 83, 84, 85, 86, 87, 88, 89, 90, 91, 92, 93, 94, 95, 96, 97, 98, 99, 100, 101, 102, 103, 104, 105, 106, 107, 108, 109, 110, 111, 112, 113, 114, 115, 116, 117, 118, 119, 120, 121, 122, 123, 124, 125, 126, 127, 128, 129, 130, 131, 132, 133, 134, 135, 136, 137, 138, 139, 140, 141, 142, 143, 144, 145, 146, 147, 148, 149, 150, 151, 152, 153, 154, 155, 156, 157, 158, 159, 160, 161, 162, 163, 164, 165, 166, 167, 168, 169, 170, 171, 172, 173, 174, 175, 176]
		}
	]
}
