{
	"credit": "Made with Blockbench",
	"textures": {
		"1": "blocks/spongefill",
		"2": "blocks/spongeoutline",
		"3": "blocks/mouth",
		"4": "blocks/white",
		"5": "blocks/black",
		"6": "blocks/spongecheeks",
		"7": "blocks/spongeye",
		"8": "blocks/belt",
		"particle": "blocks/spongeoutline"
	},
	"elements": [
		{
			"from": [0, 0, 0],
			"to": [16, 0.5, 2.5],
			"faces": {
				"north": {"uv": [0, 0, 16, 0.5], "texture": "#2"},
				"east": {"uv": [0, 0, 4, 0.5], "texture": "#2"},
				"south": {"uv": [0, 0, 16, 16], "texture": "#2"},
				"west": {"uv": [0, 0, 4, 0.5], "texture": "#2"},
				"up": {"uv": [0, 0, 16, 4], "texture": "#2"},
				"down": {"uv": [0, 0, 16, 4], "texture": "#2"}
			}
		},
		{
			"from": [15.5, 0.5, 0],
			"to": [16, 1.5, 2.5],
			"faces": {
				"north": {"uv": [0, 0, 0.5, 1], "texture": "#2"},
				"east": {"uv": [0, 0, 4, 1], "texture": "#2"},
				"south": {"uv": [0, 0, 16, 16], "texture": "#2"},
				"west": {"uv": [0, 0, 4, 1], "texture": "#2"},
				"up": {"uv": [0, 0, 0.5, 4], "texture": "#2"},
				"down": {"uv": [0, 0, 0.5, 4], "texture": "#2"}
			}
		},
		{
			"from": [0, 0.5, 0],
			"to": [0.5, 1.5, 2.5],
			"faces": {
				"north": {"uv": [0, 0, 0.5, 1], "texture": "#2"},
				"east": {"uv": [0, 0, 4, 1], "texture": "#2"},
				"south": {"uv": [0, 0, 16, 16], "texture": "#2"},
				"west": {"uv": [0, 0, 4, 1], "texture": "#2"},
				"up": {"uv": [0, 0, 0.5, 4], "rotation": 180, "texture": "#2"},
				"down": {"uv": [0, 0, 0.5, 4], "rotation": 180, "texture": "#2"}
			}
		},
		{
			"from": [16, 1.5, 0],
			"to": [16.5, 4.5, 2.5],
			"faces": {
				"north": {"uv": [0, 0, 0.5, 3], "texture": "#2"},
				"east": {"uv": [0, 0, 4, 3], "texture": "#2"},
				"south": {"uv": [0, 0, 16, 16], "texture": "#2"},
				"west": {"uv": [0, 0, 4, 3], "texture": "#2"},
				"up": {"uv": [0, 0, 0.5, 4], "texture": "#2"},
				"down": {"uv": [0, 0, 0.5, 4], "texture": "#2"}
			}
		},
		{
			"from": [-0.5, 1.5, 0],
			"to": [0, 4.5, 2.5],
			"faces": {
				"north": {"uv": [0, 0, 0.5, 3], "texture": "#2"},
				"east": {"uv": [0, 0, 4, 3], "texture": "#2"},
				"south": {"uv": [0, 0, 16, 16], "texture": "#2"},
				"west": {"uv": [0, 0, 4, 3], "texture": "#2"},
				"up": {"uv": [0, 0, 0.5, 4], "rotation": 180, "texture": "#2"},
				"down": {"uv": [0, 0, 0.5, 4], "rotation": 180, "texture": "#2"}
			}
		},
		{
			"from": [16.5, 4.5, 0],
			"to": [17, 6.5, 2.5],
			"faces": {
				"north": {"uv": [0, 0, 0.5, 2], "texture": "#2"},
				"east": {"uv": [0, 0, 4, 2], "texture": "#2"},
				"south": {"uv": [0, 0, 16, 16], "texture": "#2"},
				"west": {"uv": [0, 0, 4, 2], "texture": "#2"},
				"up": {"uv": [0, 0, 0.5, 4], "texture": "#2"},
				"down": {"uv": [0, 0, 0.5, 4], "texture": "#2"}
			}
		},
		{
			"from": [-1, 4.5, 0],
			"to": [-0.5, 6.5, 2.5],
			"faces": {
				"north": {"uv": [0, 0, 0.5, 2], "texture": "#2"},
				"east": {"uv": [0, 0, 4, 2], "texture": "#2"},
				"south": {"uv": [0, 0, 16, 16], "texture": "#2"},
				"west": {"uv": [0, 0, 4, 2], "texture": "#2"},
				"up": {"uv": [0, 0, 0.5, 4], "rotation": 180, "texture": "#2"},
				"down": {"uv": [0, 0, 0.5, 4], "rotation": 180, "texture": "#2"}
			}
		},
		{
			"from": [16, 6.5, 0],
			"to": [16.5, 8.5, 2.5],
			"faces": {
				"north": {"uv": [0, 0, 0.5, 2], "texture": "#2"},
				"east": {"uv": [0, 0, 4, 2], "texture": "#2"},
				"south": {"uv": [0, 0, 16, 16], "texture": "#2"},
				"west": {"uv": [0, 0, 4, 2], "texture": "#2"},
				"up": {"uv": [0, 0, 0.5, 4], "texture": "#2"},
				"down": {"uv": [0, 0, 0.5, 4], "texture": "#2"}
			}
		},
		{
			"from": [-0.5, 6.5, 0],
			"to": [0, 8.5, 2.5],
			"faces": {
				"north": {"uv": [0, 0, 0.5, 2], "texture": "#2"},
				"east": {"uv": [0, 0, 4, 2], "texture": "#2"},
				"south": {"uv": [0, 0, 16, 16], "texture": "#2"},
				"west": {"uv": [0, 0, 4, 2], "texture": "#2"},
				"up": {"uv": [0, 0, 0.5, 4], "rotation": 180, "texture": "#2"},
				"down": {"uv": [0, 0, 0.5, 4], "rotation": 180, "texture": "#2"}
			}
		},
		{
			"from": [16.5, 8.5, 0],
			"to": [17, 11, 2.5],
			"faces": {
				"north": {"uv": [0, 0, 0.5, 2.5], "texture": "#2"},
				"east": {"uv": [0, 0, 4, 2.5], "texture": "#2"},
				"south": {"uv": [0, 0, 16, 16], "texture": "#2"},
				"west": {"uv": [0, 0, 4, 2.5], "texture": "#2"},
				"up": {"uv": [0, 0, 0.5, 4], "texture": "#2"},
				"down": {"uv": [0, 0, 0.5, 4], "texture": "#2"}
			}
		},
		{
			"from": [-1, 8.5, 0],
			"to": [-0.5, 11, 2.5],
			"faces": {
				"north": {"uv": [0, 0, 0.5, 2.5], "texture": "#2"},
				"east": {"uv": [0, 0, 4, 2.5], "texture": "#2"},
				"south": {"uv": [0, 0, 16, 16], "texture": "#2"},
				"west": {"uv": [0, 0, 4, 2.5], "texture": "#2"},
				"up": {"uv": [0, 0, 0.5, 4], "rotation": 180, "texture": "#2"},
				"down": {"uv": [0, 0, 0.5, 4], "rotation": 180, "texture": "#2"}
			}
		},
		{
			"from": [17, 11, 0],
			"to": [17.5, 13.5, 2.5],
			"faces": {
				"north": {"uv": [0, 0, 0.5, 2.5], "texture": "#2"},
				"east": {"uv": [0, 0, 4, 2.5], "texture": "#2"},
				"south": {"uv": [0, 0, 16, 16], "texture": "#2"},
				"west": {"uv": [0, 0, 4, 2.5], "texture": "#2"},
				"up": {"uv": [0, 0, 0.5, 4], "texture": "#2"},
				"down": {"uv": [0, 0, 0.5, 4], "texture": "#2"}
			}
		},
		{
			"from": [-1.5, 11, 0],
			"to": [-1, 13.5, 2.5],
			"faces": {
				"north": {"uv": [0, 0, 0.5, 2.5], "texture": "#2"},
				"east": {"uv": [0, 0, 4, 2.5], "texture": "#2"},
				"south": {"uv": [0, 0, 16, 16], "texture": "#2"},
				"west": {"uv": [0, 0, 4, 2.5], "texture": "#2"},
				"up": {"uv": [0, 0, 0.5, 4], "rotation": 180, "texture": "#2"},
				"down": {"uv": [0, 0, 0.5, 4], "rotation": 180, "texture": "#2"}
			}
		},
		{
			"from": [16.5, 13.5, 0],
			"to": [17, 16, 2.5],
			"faces": {
				"north": {"uv": [0, 0, 0.5, 2.5], "texture": "#2"},
				"east": {"uv": [0, 0, 4, 2.5], "texture": "#2"},
				"south": {"uv": [0, 0, 16, 16], "texture": "#2"},
				"west": {"uv": [0, 0, 4, 2.5], "texture": "#2"},
				"up": {"uv": [0, 0, 0.5, 4], "texture": "#2"},
				"down": {"uv": [0, 0, 0.5, 4], "texture": "#2"}
			}
		},
		{
			"from": [-1, 13.5, 0],
			"to": [-0.5, 16, 2.5],
			"faces": {
				"north": {"uv": [0, 0, 0.5, 2.5], "texture": "#2"},
				"east": {"uv": [0, 0, 4, 2.5], "texture": "#2"},
				"south": {"uv": [0, 0, 16, 16], "texture": "#2"},
				"west": {"uv": [0, 0, 4, 2.5], "texture": "#2"},
				"up": {"uv": [0, 0, 0.5, 4], "rotation": 180, "texture": "#2"},
				"down": {"uv": [0, 0, 0.5, 4], "rotation": 180, "texture": "#2"}
			}
		},
		{
			"from": [17, 16, 0],
			"to": [17.5, 18, 2.5],
			"faces": {
				"north": {"uv": [0, 0, 0.5, 2], "texture": "#2"},
				"east": {"uv": [0, 0, 4, 2], "texture": "#2"},
				"south": {"uv": [0, 0, 16, 16], "texture": "#2"},
				"west": {"uv": [0, 0, 4, 2], "texture": "#2"},
				"up": {"uv": [0, 0, 0.5, 4], "texture": "#2"},
				"down": {"uv": [0, 0, 0.5, 4], "texture": "#2"}
			}
		},
		{
			"from": [-1.5, 16, 0],
			"to": [-1, 18, 2.5],
			"faces": {
				"north": {"uv": [0, 0, 0.5, 2], "texture": "#2"},
				"east": {"uv": [0, 0, 4, 2], "texture": "#2"},
				"south": {"uv": [0, 0, 16, 16], "texture": "#2"},
				"west": {"uv": [0, 0, 4, 2], "texture": "#2"},
				"up": {"uv": [0, 0, 0.5, 4], "rotation": 180, "texture": "#2"},
				"down": {"uv": [0, 0, 0.5, 4], "rotation": 180, "texture": "#2"}
			}
		},
		{
			"from": [16.5, 18, 0],
			"to": [17, 18.5, 2.5],
			"faces": {
				"north": {"uv": [0, 0, 0.5, 0.5], "texture": "#2"},
				"east": {"uv": [0, 0, 4, 0.5], "texture": "#2"},
				"south": {"uv": [0, 0, 16, 16], "texture": "#2"},
				"west": {"uv": [0, 0, 4, 0.5], "texture": "#2"},
				"up": {"uv": [0, 0, 0.5, 4], "texture": "#2"},
				"down": {"uv": [0, 0, 0.5, 4], "texture": "#2"}
			}
		},
		{
			"from": [14.5, 17.5, 0],
			"to": [16.5, 18, 2.5],
			"faces": {
				"north": {"uv": [0, 0, 2, 0.5], "texture": "#2"},
				"east": {"uv": [0, 0, 4, 0.5], "texture": "#2"},
				"south": {"uv": [0, 0, 16, 16], "texture": "#2"},
				"west": {"uv": [0, 0, 4, 0.5], "texture": "#2"},
				"up": {"uv": [0, 0, 2, 4], "texture": "#2"},
				"down": {"uv": [0, 0, 2, 4], "texture": "#2"}
			}
		},
		{
			"from": [12.5, 18, 0],
			"to": [14.5, 18.5, 2.5],
			"faces": {
				"north": {"uv": [0, 0, 2, 0.5], "texture": "#2"},
				"east": {"uv": [0, 0, 4, 0.5], "texture": "#2"},
				"south": {"uv": [0, 0, 16, 16], "texture": "#2"},
				"west": {"uv": [0, 0, 4, 0.5], "texture": "#2"},
				"up": {"uv": [0, 0, 2, 4], "texture": "#2"},
				"down": {"uv": [0, 0, 2, 4], "texture": "#2"}
			}
		},
		{
			"from": [10.5, 17.5, 0],
			"to": [12.5, 18, 2.5],
			"faces": {
				"north": {"uv": [0, 0, 2, 0.5], "texture": "#2"},
				"east": {"uv": [0, 0, 4, 0.5], "texture": "#2"},
				"south": {"uv": [0, 0, 16, 16], "texture": "#2"},
				"west": {"uv": [0, 0, 4, 0.5], "texture": "#2"},
				"up": {"uv": [0, 0, 2, 4], "texture": "#2"},
				"down": {"uv": [0, 0, 2, 4], "texture": "#2"}
			}
		},
		{
			"from": [8.5, 18, 0],
			"to": [10.5, 18.5, 2.5],
			"faces": {
				"north": {"uv": [0, 0, 2, 0.5], "texture": "#2"},
				"east": {"uv": [0, 0, 4, 0.5], "texture": "#2"},
				"south": {"uv": [0, 0, 16, 16], "texture": "#2"},
				"west": {"uv": [0, 0, 4, 0.5], "texture": "#2"},
				"up": {"uv": [0, 0, 2, 4], "texture": "#2"},
				"down": {"uv": [0, 0, 2, 4], "texture": "#2"}
			}
		},
		{
			"from": [5.5, 18, 0],
			"to": [8.5, 18.5, 2.5],
			"faces": {
				"north": {"uv": [0, 0, 3, 0.5], "texture": "#2"},
				"east": {"uv": [0, 0, 4, 0.5], "texture": "#2"},
				"south": {"uv": [0, 0, 16, 16], "texture": "#2"},
				"west": {"uv": [0, 0, 4, 0.5], "texture": "#2"},
				"up": {"uv": [0, 0, 3, 4], "texture": "#2"},
				"down": {"uv": [0, 0, 3, 4], "texture": "#2"}
			}
		},
		{
			"from": [0, 1.5, 2],
			"to": [16, 17.5, 2.5],
			"faces": {
				"north": {"uv": [0, 0, 16, 16], "texture": "#2"},
				"east": {"uv": [0, 0, 0.5, 16], "texture": "#2"},
				"south": {"uv": [0, 0, 16, 16], "texture": "#2"},
				"west": {"uv": [0, 0, 0.5, 16], "texture": "#2"},
				"up": {"uv": [0, 0, 16, 0.5], "texture": "#2"},
				"down": {"uv": [0, 0, 16, 0.5], "texture": "#2"}
			}
		},
		{
			"from": [1.5, 17.5, 2],
			"to": [3.5, 18, 2.5],
			"faces": {
				"north": {"uv": [0, 0, 2, 0.5], "texture": "#2"},
				"east": {"uv": [0, 0, 0.5, 0.5], "texture": "#2"},
				"south": {"uv": [0, 0, 16, 16], "texture": "#2"},
				"west": {"uv": [0, 0, 0.5, 0.5], "texture": "#2"},
				"up": {"uv": [0, 0, 2, 0.5], "texture": "#2"},
				"down": {"uv": [0, 0, 2, 0.5], "texture": "#2"}
			}
		},
		{
			"from": [12.5, 17.5, 2],
			"to": [14.5, 18, 2.5],
			"faces": {
				"north": {"uv": [0, 0, 2, 0.5], "texture": "#2"},
				"east": {"uv": [0, 0, 0.5, 0.5], "texture": "#2"},
				"south": {"uv": [0, 0, 16, 16], "texture": "#2"},
				"west": {"uv": [0, 0, 0.5, 0.5], "texture": "#2"},
				"up": {"uv": [0, 0, 2, 0.5], "texture": "#2"},
				"down": {"uv": [0, 0, 2, 0.5], "texture": "#2"}
			}
		},
		{
			"from": [5.5, 17.5, 2],
			"to": [10.5, 18, 2.5],
			"faces": {
				"north": {"uv": [0, 0, 5, 0.5], "texture": "#2"},
				"east": {"uv": [0, 0, 0.5, 0.5], "texture": "#2"},
				"south": {"uv": [0, 0, 16, 16], "texture": "#2"},
				"west": {"uv": [0, 0, 0.5, 0.5], "texture": "#2"},
				"up": {"uv": [0, 0, 5, 0.5], "texture": "#2"},
				"down": {"uv": [0, 0, 5, 0.5], "texture": "#2"}
			}
		},
		{
			"from": [-0.5, 4.5, 2],
			"to": [0, 6.5, 2.5],
			"faces": {
				"north": {"uv": [0, 0, 0.5, 2], "texture": "#2"},
				"east": {"uv": [0, 0, 0.5, 2], "texture": "#2"},
				"south": {"uv": [0, 0, 16, 16], "texture": "#2"},
				"west": {"uv": [0, 0, 0.5, 2], "texture": "#2"},
				"up": {"uv": [0, 0, 0.5, 0.5], "texture": "#2"},
				"down": {"uv": [0, 0, 0.5, 0.5], "texture": "#2"}
			}
		},
		{
			"from": [16, 4.5, 2],
			"to": [16.5, 6.5, 2.5],
			"faces": {
				"north": {"uv": [0, 0, 0.5, 2], "texture": "#2"},
				"east": {"uv": [0, 0, 0.5, 2], "texture": "#2"},
				"south": {"uv": [0, 0, 16, 16], "texture": "#2"},
				"west": {"uv": [0, 0, 0.5, 2], "texture": "#2"},
				"up": {"uv": [0, 0, 0.5, 0.5], "texture": "#2"},
				"down": {"uv": [0, 0, 0.5, 0.5], "texture": "#2"}
			}
		},
		{
			"from": [16.5, 11, 2],
			"to": [17, 13.5, 2.5],
			"faces": {
				"north": {"uv": [0, 0, 0.5, 2.5], "texture": "#2"},
				"east": {"uv": [0, 0, 0.5, 2.5], "texture": "#2"},
				"south": {"uv": [0, 0, 16, 16], "texture": "#2"},
				"west": {"uv": [0, 0, 0.5, 2.5], "texture": "#2"},
				"up": {"uv": [0, 0, 0.5, 0.5], "texture": "#2"},
				"down": {"uv": [0, 0, 0.5, 0.5], "texture": "#2"}
			}
		},
		{
			"from": [-1, 11, 2],
			"to": [-0.5, 13.5, 2.5],
			"faces": {
				"north": {"uv": [0, 0, 0.5, 2.5], "texture": "#2"},
				"east": {"uv": [0, 0, 0.5, 2.5], "texture": "#2"},
				"south": {"uv": [0, 0, 16, 16], "texture": "#2"},
				"west": {"uv": [0, 0, 0.5, 2.5], "texture": "#2"},
				"up": {"uv": [0, 0, 0.5, 0.5], "texture": "#2"},
				"down": {"uv": [0, 0, 0.5, 0.5], "texture": "#2"}
			}
		},
		{
			"from": [-1, 16, 2],
			"to": [-0.5, 18, 2.5],
			"faces": {
				"north": {"uv": [0, 0, 0.5, 2], "texture": "#2"},
				"east": {"uv": [0, 0, 0.5, 2], "texture": "#2"},
				"south": {"uv": [0, 0, 16, 16], "texture": "#2"},
				"west": {"uv": [0, 0, 0.5, 2], "texture": "#2"},
				"up": {"uv": [0, 0, 0.5, 0.5], "texture": "#2"},
				"down": {"uv": [0, 0, 0.5, 0.5], "texture": "#2"}
			}
		},
		{
			"from": [16.5, 16, 2],
			"to": [17, 18, 2.5],
			"faces": {
				"north": {"uv": [0, 0, 0.5, 2], "texture": "#2"},
				"east": {"uv": [0, 0, 0.5, 2], "texture": "#2"},
				"south": {"uv": [0, 0, 16, 16], "texture": "#2"},
				"west": {"uv": [0, 0, 0.5, 2], "texture": "#2"},
				"up": {"uv": [0, 0, 0.5, 0.5], "texture": "#2"},
				"down": {"uv": [0, 0, 0.5, 0.5], "texture": "#2"}
			}
		},
		{
			"from": [-0.5, 8.5, 2],
			"to": [0, 17.5, 2.5],
			"faces": {
				"north": {"uv": [0, 0, 0.5, 9], "texture": "#2"},
				"east": {"uv": [0, 0, 0.5, 9], "texture": "#2"},
				"south": {"uv": [0, 0, 16, 16], "texture": "#2"},
				"west": {"uv": [0, 0, 0.5, 9], "texture": "#2"},
				"up": {"uv": [0, 0, 0.5, 0.5], "texture": "#2"},
				"down": {"uv": [0, 0, 0.5, 0.5], "texture": "#2"}
			}
		},
		{
			"from": [16, 8.5, 2],
			"to": [16.5, 17.5, 2.5],
			"faces": {
				"north": {"uv": [0, 0, 0.5, 9], "texture": "#2"},
				"east": {"uv": [0, 0, 0.5, 9], "texture": "#2"},
				"south": {"uv": [0, 0, 16, 16], "texture": "#2"},
				"west": {"uv": [0, 0, 0.5, 9], "texture": "#2"},
				"up": {"uv": [0, 0, 0.5, 0.5], "texture": "#2"},
				"down": {"uv": [0, 0, 0.5, 0.5], "texture": "#2"}
			}
		},
		{
			"from": [0.5, 0.5, 2],
			"to": [15.5, 1.5, 2.5],
			"faces": {
				"north": {"uv": [0, 0, 15, 1], "texture": "#2"},
				"east": {"uv": [0, 0, 0.5, 1], "texture": "#2"},
				"south": {"uv": [0, 0, 16, 16], "texture": "#2"},
				"west": {"uv": [0, 0, 0.5, 1], "texture": "#2"},
				"up": {"uv": [0, 0, 15, 0.5], "texture": "#2"},
				"down": {"uv": [0, 0, 15, 0.5], "texture": "#2"}
			}
		},
		{
			"from": [3.5, 17.5, 0],
			"to": [5.5, 18, 2.5],
			"faces": {
				"north": {"uv": [0, 0, 2, 0.5], "texture": "#2"},
				"east": {"uv": [0, 0, 4, 0.5], "texture": "#2"},
				"south": {"uv": [0, 0, 16, 16], "texture": "#2"},
				"west": {"uv": [0, 0, 4, 0.5], "texture": "#2"},
				"up": {"uv": [0, 0, 2, 4], "texture": "#2"},
				"down": {"uv": [0, 0, 2, 4], "texture": "#2"}
			}
		},
		{
			"from": [-0.5, 17.5, 0],
			"to": [1.5, 18, 2.5],
			"faces": {
				"north": {"uv": [0, 0, 2, 0.5], "texture": "#2"},
				"east": {"uv": [0, 0, 4, 0.5], "texture": "#2"},
				"south": {"uv": [0, 0, 16, 16], "texture": "#2"},
				"west": {"uv": [0, 0, 4, 0.5], "texture": "#2"},
				"up": {"uv": [0, 0, 2, 4], "texture": "#2"},
				"down": {"uv": [0, 0, 2, 4], "texture": "#2"}
			}
		},
		{
			"from": [1.5, 18, 0],
			"to": [3.5, 18.5, 2.5],
			"faces": {
				"north": {"uv": [0, 0, 2, 0.5], "texture": "#2"},
				"east": {"uv": [0, 0, 4, 0.5], "texture": "#2"},
				"south": {"uv": [0, 0, 16, 16], "texture": "#2"},
				"west": {"uv": [0, 0, 4, 0.5], "texture": "#2"},
				"up": {"uv": [0, 0, 2, 4], "texture": "#2"},
				"down": {"uv": [0, 0, 2, 4], "texture": "#2"}
			}
		},
		{
			"from": [-1, 18, 0],
			"to": [-0.5, 18.5, 2.5],
			"faces": {
				"north": {"uv": [0, 0, 0.5, 0.5], "texture": "#2"},
				"east": {"uv": [0, 0, 4, 0.5], "texture": "#2"},
				"south": {"uv": [0, 0, 16, 16], "texture": "#2"},
				"west": {"uv": [0, 0, 4, 0.5], "texture": "#2"},
				"up": {"uv": [0, 0, 0.5, 4], "texture": "#2"},
				"down": {"uv": [0, 0, 0.5, 4], "texture": "#2"}
			}
		},
		{
			"from": [0.5, 8, -0.5],
			"to": [15.5, 15, 0],
			"faces": {
				"north": {"uv": [0, 0, 15, 7], "texture": "#1"},
				"east": {"uv": [0, 0, 0.5, 7], "texture": "#1"},
				"south": {"uv": [0, 0, 15, 7], "texture": "#1"},
				"west": {"uv": [0, 0, 0.5, 7], "texture": "#1"},
				"up": {"uv": [0, 0, 15, 0.5], "texture": "#1"},
				"down": {"uv": [0, 0, 15, 0.5], "texture": "#1"}
			}
		},
		{
			"from": [3.5, 15.5, -0.5],
			"to": [8, 17.5, 0],
			"faces": {
				"north": {"uv": [0, 0, 4.5, 2], "texture": "#1"},
				"east": {"uv": [0, 0, 0.5, 2], "texture": "#1"},
				"south": {"uv": [0, 0, 4.5, 2], "texture": "#1"},
				"west": {"uv": [0, 0, 0.5, 2], "texture": "#1"},
				"up": {"uv": [0, 0, 4.5, 0.5], "texture": "#1"},
				"down": {"uv": [0, 0, 4.5, 0.5], "texture": "#1"}
			}
		},
		{
			"from": [8, 15.5, -0.5],
			"to": [12.5, 17.5, 0],
			"faces": {
				"north": {"uv": [0, 0, 4.5, 2], "texture": "#1"},
				"east": {"uv": [0, 0, 0.5, 2], "texture": "#1"},
				"south": {"uv": [0, 0, 4.5, 2], "texture": "#1"},
				"west": {"uv": [0, 0, 0.5, 2], "texture": "#1"},
				"up": {"uv": [0, 0, 4.5, 0.5], "texture": "#1"},
				"down": {"uv": [0, 0, 4.5, 0.5], "texture": "#1"}
			}
		},
		{
			"from": [3.5, 15, -0.5],
			"to": [14, 15.5, 0],
			"faces": {
				"north": {"uv": [0, 0, 10.5, 0.5], "texture": "#1"},
				"east": {"uv": [0, 0, 0.5, 0.5], "texture": "#1"},
				"south": {"uv": [0, 0, 10.5, 0.5], "texture": "#1"},
				"west": {"uv": [0, 0, 0.5, 0.5], "texture": "#1"},
				"up": {"uv": [0, 0, 10.5, 0.5], "texture": "#1"},
				"down": {"uv": [0, 0, 10.5, 0.5], "texture": "#1"}
			}
		},
		{
			"from": [14, 15, -0.5],
			"to": [15.5, 17.5, 0],
			"faces": {
				"north": {"uv": [0, 0, 1.5, 2.5], "texture": "#1"},
				"east": {"uv": [0, 0, 0.5, 2.5], "texture": "#1"},
				"south": {"uv": [0, 0, 1.5, 2.5], "texture": "#1"},
				"west": {"uv": [0, 0, 0.5, 2.5], "texture": "#1"},
				"up": {"uv": [0, 0, 1.5, 0.5], "texture": "#1"},
				"down": {"uv": [0, 0, 1.5, 0.5], "texture": "#1"}
			}
		},
		{
			"from": [1, 16.5, -0.5],
			"to": [3.5, 17.5, 0],
			"faces": {
				"north": {"uv": [0, 0, 2.5, 1], "texture": "#1"},
				"east": {"uv": [0, 0, 0.5, 1], "texture": "#1"},
				"south": {"uv": [0, 0, 2.5, 1], "texture": "#1"},
				"west": {"uv": [0, 0, 0.5, 1], "texture": "#1"},
				"up": {"uv": [0, 0, 2.5, 0.5], "texture": "#1"},
				"down": {"uv": [0, 0, 2.5, 0.5], "texture": "#1"}
			}
		},
		{
			"from": [0.5, 15, -0.5],
			"to": [1, 17.5, 0],
			"faces": {
				"north": {"uv": [0, 0, 0.5, 2.5], "texture": "#1"},
				"east": {"uv": [0, 0, 0.5, 2.5], "texture": "#1"},
				"south": {"uv": [0, 0, 0.5, 2.5], "texture": "#1"},
				"west": {"uv": [0, 0, 0.5, 2.5], "texture": "#1"},
				"up": {"uv": [0, 0, 0.5, 0.5], "texture": "#1"},
				"down": {"uv": [0, 0, 0.5, 0.5], "texture": "#1"}
			}
		},
		{
			"from": [3.5, 2, -0.5],
			"to": [14, 3.5, 0],
			"faces": {
				"north": {"uv": [0, 0, 10.5, 1.5], "texture": "#1"},
				"east": {"uv": [0, 0, 0.5, 1.5], "texture": "#1"},
				"south": {"uv": [0, 0, 10.5, 1.5], "texture": "#1"},
				"west": {"uv": [0, 0, 0.5, 1.5], "texture": "#1"},
				"up": {"uv": [0, 0, 10.5, 0.5], "texture": "#1"},
				"down": {"uv": [0, 0, 10.5, 0.5], "texture": "#1"}
			}
		},
		{
			"from": [3.5, 0.5, -0.5],
			"to": [15.5, 1.5, 0],
			"faces": {
				"north": {"uv": [0, 0, 12, 1], "texture": "#1"},
				"east": {"uv": [0, 0, 0.5, 1], "texture": "#1"},
				"south": {"uv": [0, 0, 12, 1], "texture": "#1"},
				"west": {"uv": [0, 0, 0.5, 1], "texture": "#1"},
				"up": {"uv": [0, 0, 12, 0.5], "texture": "#1"},
				"down": {"uv": [0, 0, 12, 0.5], "texture": "#1"}
			}
		},
		{
			"from": [12.5, 1.5, -0.5],
			"to": [15.5, 2, 0],
			"faces": {
				"north": {"uv": [0, 0, 3, 0.5], "texture": "#1"},
				"east": {"uv": [0, 0, 0.5, 0.5], "texture": "#1"},
				"south": {"uv": [0, 0, 3, 0.5], "texture": "#1"},
				"west": {"uv": [0, 0, 0.5, 0.5], "texture": "#1"},
				"up": {"uv": [0, 0, 3, 0.5], "texture": "#1"},
				"down": {"uv": [0, 0, 3, 0.5], "texture": "#1"}
			}
		},
		{
			"from": [3.5, 1.5, -0.5],
			"to": [12.5, 2, 0],
			"faces": {
				"north": {"uv": [0, 0, 9, 0.5], "texture": "#1"},
				"east": {"uv": [0, 0, 0.5, 0.5], "texture": "#1"},
				"south": {"uv": [0, 0, 9, 0.5], "texture": "#1"},
				"west": {"uv": [0, 0, 0.5, 0.5], "texture": "#1"},
				"up": {"uv": [0, 0, 9, 0.5], "texture": "#1"},
				"down": {"uv": [0, 0, 9, 0.5], "texture": "#1"}
			}
		},
		{
			"from": [2.5, 0.5, -0.5],
			"to": [3, 3.5, 0],
			"faces": {
				"north": {"uv": [0, 0, 0.5, 3], "texture": "#1"},
				"east": {"uv": [0, 0, 0.5, 3], "texture": "#1"},
				"south": {"uv": [0, 0, 0.5, 3], "texture": "#1"},
				"west": {"uv": [0, 0, 0.5, 3], "texture": "#1"},
				"up": {"uv": [0, 0, 0.5, 0.5], "texture": "#1"},
				"down": {"uv": [0, 0, 0.5, 0.5], "texture": "#1"}
			}
		},
		{
			"from": [3, 1.5, -0.5],
			"to": [3.5, 3.5, 0],
			"faces": {
				"north": {"uv": [0, 0, 0.5, 2], "texture": "#1"},
				"east": {"uv": [0, 0, 0.5, 2], "texture": "#1"},
				"south": {"uv": [0, 0, 0.5, 2], "texture": "#1"},
				"west": {"uv": [0, 0, 0.5, 2], "texture": "#1"},
				"up": {"uv": [0, 0, 0.5, 0.5], "texture": "#1"},
				"down": {"uv": [0, 0, 0.5, 0.5], "texture": "#1"}
			}
		},
		{
			"from": [3, 0.5, -0.5],
			"to": [3.5, 1, 0],
			"faces": {
				"north": {"uv": [0, 0, 0.5, 0.5], "texture": "#1"},
				"east": {"uv": [0, 0, 0.5, 0.5], "texture": "#1"},
				"south": {"uv": [0, 0, 0.5, 0.5], "texture": "#1"},
				"west": {"uv": [0, 0, 0.5, 0.5], "texture": "#1"},
				"up": {"uv": [0, 0, 0.5, 0.5], "texture": "#1"},
				"down": {"uv": [0, 0, 0.5, 0.5], "texture": "#1"}
			}
		},
		{
			"from": [0.5, 0.5, -0.5],
			"to": [1, 4, 0],
			"faces": {
				"north": {"uv": [0, 0, 0.5, 3.5], "texture": "#1"},
				"east": {"uv": [0, 0, 0.5, 3.5], "texture": "#1"},
				"south": {"uv": [0, 0, 0.5, 3.5], "texture": "#1"},
				"west": {"uv": [0, 0, 0.5, 3.5], "texture": "#1"},
				"up": {"uv": [0, 0, 0.5, 0.5], "texture": "#1"},
				"down": {"uv": [0, 0, 0.5, 0.5], "texture": "#1"}
			}
		},
		{
			"from": [1, 0.5, -0.5],
			"to": [2.5, 2, 0],
			"faces": {
				"north": {"uv": [0, 0, 1.5, 1.5], "texture": "#1"},
				"east": {"uv": [0, 0, 0.5, 1.5], "texture": "#1"},
				"south": {"uv": [0, 0, 1.5, 1.5], "texture": "#1"},
				"west": {"uv": [0, 0, 0.5, 1.5], "texture": "#1"},
				"up": {"uv": [0, 0, 1.5, 0.5], "texture": "#1"},
				"down": {"uv": [0, 0, 1.5, 0.5], "texture": "#1"}
			}
		},
		{
			"from": [0.5, 4, -0.5],
			"to": [2.5, 6.5, 0],
			"faces": {
				"north": {"uv": [0, 0, 2, 2.5], "texture": "#1"},
				"east": {"uv": [0, 0, 0.5, 2.5], "texture": "#1"},
				"south": {"uv": [0, 0, 2, 2.5], "texture": "#1"},
				"west": {"uv": [0, 0, 0.5, 2.5], "texture": "#1"},
				"up": {"uv": [0, 0, 2, 0.5], "texture": "#1"},
				"down": {"uv": [0, 0, 2, 0.5], "texture": "#1"}
			}
		},
		{
			"from": [13.5, 3.5, -0.5],
			"to": [15.5, 6.5, 0],
			"faces": {
				"north": {"uv": [0, 0, 2, 3], "texture": "#1"},
				"east": {"uv": [0, 0, 0.5, 3], "texture": "#1"},
				"south": {"uv": [0, 0, 2, 3], "texture": "#1"},
				"west": {"uv": [0, 0, 0.5, 3], "texture": "#1"},
				"up": {"uv": [0, 0, 2, 0.5], "texture": "#1"},
				"down": {"uv": [0, 0, 2, 0.5], "texture": "#1"}
			}
		},
		{
			"from": [11.5, 3.5, -0.5],
			"to": [13.5, 4, 0],
			"faces": {
				"north": {"uv": [0, 0, 2, 0.5], "texture": "#1"},
				"east": {"uv": [0, 0, 0.5, 0.5], "texture": "#1"},
				"south": {"uv": [0, 0, 2, 0.5], "texture": "#1"},
				"west": {"uv": [0, 0, 0.5, 0.5], "texture": "#1"},
				"up": {"uv": [0, 0, 2, 0.5], "texture": "#1"},
				"down": {"uv": [0, 0, 2, 0.5], "texture": "#1"}
			}
		},
		{
			"from": [2.5, 3.5, -0.5],
			"to": [4.5, 4, 0],
			"faces": {
				"north": {"uv": [0, 0, 2, 0.5], "texture": "#1"},
				"east": {"uv": [0, 0, 0.5, 0.5], "texture": "#1"},
				"south": {"uv": [0, 0, 2, 0.5], "texture": "#1"},
				"west": {"uv": [0, 0, 0.5, 0.5], "texture": "#1"},
				"up": {"uv": [0, 0, 2, 0.5], "texture": "#1"},
				"down": {"uv": [0, 0, 2, 0.5], "texture": "#1"}
			}
		},
		{
			"from": [12, 4, -0.5],
			"to": [13.5, 4.5, 0],
			"faces": {
				"north": {"uv": [0, 0, 1.5, 0.5], "texture": "#1"},
				"east": {"uv": [0, 0, 0.5, 0.5], "texture": "#1"},
				"south": {"uv": [0, 0, 1.5, 0.5], "texture": "#1"},
				"west": {"uv": [0, 0, 0.5, 0.5], "texture": "#1"},
				"up": {"uv": [0, 0, 1.5, 0.5], "texture": "#1"},
				"down": {"uv": [0, 0, 1.5, 0.5], "texture": "#1"}
			}
		},
		{
			"from": [2.5, 4, -0.5],
			"to": [4, 4.5, 0],
			"faces": {
				"north": {"uv": [0, 0, 1.5, 0.5], "texture": "#1"},
				"east": {"uv": [0, 0, 0.5, 0.5], "texture": "#1"},
				"south": {"uv": [0, 0, 1.5, 0.5], "texture": "#1"},
				"west": {"uv": [0, 0, 0.5, 0.5], "texture": "#1"},
				"up": {"uv": [0, 0, 1.5, 0.5], "texture": "#1"},
				"down": {"uv": [0, 0, 1.5, 0.5], "texture": "#1"}
			}
		},
		{
			"from": [12.5, 4.5, -0.5],
			"to": [13.5, 5, 0],
			"faces": {
				"north": {"uv": [0, 0, 1, 0.5], "texture": "#1"},
				"east": {"uv": [0, 0, 0.5, 0.5], "texture": "#1"},
				"south": {"uv": [0, 0, 1, 0.5], "texture": "#1"},
				"west": {"uv": [0, 0, 0.5, 0.5], "texture": "#1"},
				"up": {"uv": [0, 0, 1, 0.5], "texture": "#1"},
				"down": {"uv": [0, 0, 1, 0.5], "texture": "#1"}
			}
		},
		{
			"from": [2.5, 4.5, -0.5],
			"to": [3.5, 5, 0],
			"faces": {
				"north": {"uv": [0, 0, 1, 0.5], "texture": "#1"},
				"east": {"uv": [0, 0, 0.5, 0.5], "texture": "#1"},
				"south": {"uv": [0, 0, 1, 0.5], "texture": "#1"},
				"west": {"uv": [0, 0, 0.5, 0.5], "texture": "#1"},
				"up": {"uv": [0, 0, 1, 0.5], "texture": "#1"},
				"down": {"uv": [0, 0, 1, 0.5], "texture": "#1"}
			}
		},
		{
			"from": [13, 5, -0.5],
			"to": [13.5, 5.5, 0],
			"faces": {
				"north": {"uv": [0, 0, 0.5, 0.5], "texture": "#1"},
				"east": {"uv": [0, 0, 0.5, 0.5], "texture": "#1"},
				"south": {"uv": [0, 0, 0.5, 0.5], "texture": "#1"},
				"west": {"uv": [0, 0, 0.5, 0.5], "texture": "#1"},
				"up": {"uv": [0, 0, 0.5, 0.5], "texture": "#1"},
				"down": {"uv": [0, 0, 0.5, 0.5], "texture": "#1"}
			}
		},
		{
			"from": [2.5, 5, -0.5],
			"to": [3, 5.5, 0],
			"faces": {
				"north": {"uv": [0, 0, 0.5, 0.5], "texture": "#1"},
				"east": {"uv": [0, 0, 0.5, 0.5], "texture": "#1"},
				"south": {"uv": [0, 0, 0.5, 0.5], "texture": "#1"},
				"west": {"uv": [0, 0, 0.5, 0.5], "texture": "#1"},
				"up": {"uv": [0, 0, 0.5, 0.5], "texture": "#1"},
				"down": {"uv": [0, 0, 0.5, 0.5], "texture": "#1"}
			}
		},
		{
			"from": [1.5, 6.5, -0.5],
			"to": [2, 7, 0],
			"faces": {
				"north": {"uv": [0, 0, 0.5, 0.5], "texture": "#1"},
				"east": {"uv": [0, 0, 0.5, 0.5], "texture": "#1"},
				"south": {"uv": [0, 0, 0.5, 0.5], "texture": "#1"},
				"west": {"uv": [0, 0, 0.5, 0.5], "texture": "#1"},
				"up": {"uv": [0, 0, 0.5, 0.5], "texture": "#1"},
				"down": {"uv": [0, 0, 0.5, 0.5], "texture": "#1"}
			}
		},
		{
			"from": [4, 6.5, -0.5],
			"to": [12, 8, 0],
			"faces": {
				"north": {"uv": [0, 0, 8, 1.5], "texture": "#1"},
				"east": {"uv": [0, 0, 0.5, 1.5], "texture": "#1"},
				"south": {"uv": [0, 0, 8, 1.5], "texture": "#1"},
				"west": {"uv": [0, 0, 0.5, 1.5], "texture": "#1"},
				"up": {"uv": [0, 0, 8, 0.5], "texture": "#1"},
				"down": {"uv": [0, 0, 8, 0.5], "texture": "#1"}
			}
		},
		{
			"from": [3.5, 7, -0.5],
			"to": [4, 8, 0],
			"faces": {
				"north": {"uv": [0, 0, 0.5, 1], "texture": "#1"},
				"east": {"uv": [0, 0, 0.5, 1], "texture": "#1"},
				"south": {"uv": [0, 0, 0.5, 1], "texture": "#1"},
				"west": {"uv": [0, 0, 0.5, 1], "texture": "#1"},
				"up": {"uv": [0, 0, 0.5, 0.5], "texture": "#1"},
				"down": {"uv": [0, 0, 0.5, 0.5], "texture": "#1"}
			}
		},
		{
			"from": [12, 7, -0.5],
			"to": [12.5, 8, 0],
			"faces": {
				"north": {"uv": [0, 0, 0.5, 1], "texture": "#1"},
				"east": {"uv": [0, 0, 0.5, 1], "texture": "#1"},
				"south": {"uv": [0, 0, 0.5, 1], "texture": "#1"},
				"west": {"uv": [0, 0, 0.5, 1], "texture": "#1"},
				"up": {"uv": [0, 0, 0.5, 0.5], "texture": "#1"},
				"down": {"uv": [0, 0, 0.5, 0.5], "texture": "#1"}
			}
		},
		{
			"from": [12.5, 7.5, -0.5],
			"to": [13, 8, 0],
			"faces": {
				"north": {"uv": [0, 0, 0.5, 0.5], "texture": "#1"},
				"east": {"uv": [0, 0, 0.5, 0.5], "texture": "#1"},
				"south": {"uv": [0, 0, 0.5, 0.5], "texture": "#1"},
				"west": {"uv": [0, 0, 0.5, 0.5], "texture": "#1"},
				"up": {"uv": [0, 0, 0.5, 0.5], "texture": "#1"},
				"down": {"uv": [0, 0, 0.5, 0.5], "texture": "#1"}
			}
		},
		{
			"from": [3, 7.5, -0.5],
			"to": [3.5, 8, 0],
			"faces": {
				"north": {"uv": [0, 0, 0.5, 0.5], "texture": "#1"},
				"east": {"uv": [0, 0, 0.5, 0.5], "texture": "#1"},
				"south": {"uv": [0, 0, 0.5, 0.5], "texture": "#1"},
				"west": {"uv": [0, 0, 0.5, 0.5], "texture": "#1"},
				"up": {"uv": [0, 0, 0.5, 0.5], "texture": "#1"},
				"down": {"uv": [0, 0, 0.5, 0.5], "texture": "#1"}
			}
		},
		{
			"from": [14, 6.5, -0.5],
			"to": [14.5, 7, 0],
			"faces": {
				"north": {"uv": [0, 0, 0.5, 0.5], "texture": "#1"},
				"east": {"uv": [0, 0, 0.5, 0.5], "texture": "#1"},
				"south": {"uv": [0, 0, 0.5, 0.5], "texture": "#1"},
				"west": {"uv": [0, 0, 0.5, 0.5], "texture": "#1"},
				"up": {"uv": [0, 0, 0.5, 0.5], "texture": "#1"},
				"down": {"uv": [0, 0, 0.5, 0.5], "texture": "#1"}
			}
		},
		{
			"from": [0.5, 6.5, -0.5],
			"to": [1.5, 8, 0],
			"faces": {
				"north": {"uv": [0, 0, 1, 1.5], "texture": "#1"},
				"east": {"uv": [0, 0, 0.5, 1.5], "texture": "#1"},
				"south": {"uv": [0, 0, 1, 1.5], "texture": "#1"},
				"west": {"uv": [0, 0, 0.5, 1.5], "texture": "#1"},
				"up": {"uv": [0, 0, 1, 0.5], "texture": "#1"},
				"down": {"uv": [0, 0, 1, 0.5], "texture": "#1"}
			}
		},
		{
			"from": [14.5, 6.5, -0.5],
			"to": [15.5, 8, 0],
			"faces": {
				"north": {"uv": [0, 0, 1, 1.5], "texture": "#1"},
				"east": {"uv": [0, 0, 0.5, 1.5], "texture": "#1"},
				"south": {"uv": [0, 0, 1, 1.5], "texture": "#1"},
				"west": {"uv": [0, 0, 0.5, 1.5], "texture": "#1"},
				"up": {"uv": [0, 0, 1, 0.5], "texture": "#1"},
				"down": {"uv": [0, 0, 1, 0.5], "texture": "#1"}
			}
		},
		{
			"from": [12.5, 17.5, -0.5],
			"to": [14.5, 18, 0],
			"faces": {
				"north": {"uv": [0, 0, 2, 0.5], "texture": "#1"},
				"east": {"uv": [0, 0, 0.5, 0.5], "texture": "#1"},
				"south": {"uv": [0, 0, 2, 0.5], "texture": "#1"},
				"west": {"uv": [0, 0, 0.5, 0.5], "texture": "#1"},
				"up": {"uv": [0, 0, 2, 0.5], "texture": "#1"},
				"down": {"uv": [0, 0, 2, 0.5], "texture": "#1"}
			}
		},
		{
			"from": [1.5, 17.5, -0.5],
			"to": [3.5, 18, 0],
			"faces": {
				"north": {"uv": [0, 0, 2, 0.5], "texture": "#1"},
				"east": {"uv": [0, 0, 0.5, 0.5], "texture": "#1"},
				"south": {"uv": [0, 0, 2, 0.5], "texture": "#1"},
				"west": {"uv": [0, 0, 0.5, 0.5], "texture": "#1"},
				"up": {"uv": [0, 0, 2, 0.5], "texture": "#1"},
				"down": {"uv": [0, 0, 2, 0.5], "texture": "#1"}
			}
		},
		{
			"from": [5.5, 17.5, -0.5],
			"to": [10.5, 18, 0],
			"faces": {
				"north": {"uv": [0, 0, 5, 0.5], "texture": "#1"},
				"east": {"uv": [0, 0, 0.5, 0.5], "texture": "#1"},
				"south": {"uv": [0, 0, 5, 0.5], "texture": "#1"},
				"west": {"uv": [0, 0, 0.5, 0.5], "texture": "#1"},
				"up": {"uv": [0, 0, 5, 0.5], "texture": "#1"},
				"down": {"uv": [0, 0, 5, 0.5], "texture": "#1"}
			}
		},
		{
			"from": [0, 1.5, -0.5],
			"to": [0.5, 17.5, 0],
			"faces": {
				"north": {"uv": [0, 0, 0.5, 16], "texture": "#1"},
				"east": {"uv": [0, 0, 0.5, 16], "texture": "#1"},
				"south": {"uv": [0, 0, 0.5, 16], "texture": "#1"},
				"west": {"uv": [0, 0, 0.5, 16], "texture": "#1"},
				"up": {"uv": [0, 0, 0.5, 0.5], "texture": "#1"},
				"down": {"uv": [0, 0, 0.5, 0.5], "texture": "#1"}
			}
		},
		{
			"from": [15.5, 12.5, -0.5],
			"to": [16, 17.5, 0],
			"faces": {
				"north": {"uv": [0, 0, 0.5, 5], "texture": "#1"},
				"east": {"uv": [0, 0, 0.5, 5], "texture": "#1"},
				"south": {"uv": [0, 0, 0.5, 5], "texture": "#1"},
				"west": {"uv": [0, 0, 0.5, 5], "texture": "#1"},
				"up": {"uv": [0, 0, 0.5, 0.5], "texture": "#1"},
				"down": {"uv": [0, 0, 0.5, 0.5], "texture": "#1"}
			}
		},
		{
			"from": [15.5, 6, -0.5],
			"to": [16, 10.5, 0],
			"faces": {
				"north": {"uv": [0, 0, 0.5, 4.5], "texture": "#1"},
				"east": {"uv": [0, 0, 0.5, 4.5], "texture": "#1"},
				"south": {"uv": [0, 0, 0.5, 4.5], "texture": "#1"},
				"west": {"uv": [0, 0, 0.5, 4.5], "texture": "#1"},
				"up": {"uv": [0, 0, 0.5, 0.5], "texture": "#1"},
				"down": {"uv": [0, 0, 0.5, 0.5], "texture": "#1"}
			}
		},
		{
			"from": [15.5, 1.5, -0.5],
			"to": [16, 5.5, 0],
			"faces": {
				"north": {"uv": [0, 0, 0.5, 4], "texture": "#1"},
				"east": {"uv": [0, 0, 0.5, 4], "texture": "#1"},
				"south": {"uv": [0, 0, 0.5, 4], "texture": "#1"},
				"west": {"uv": [0, 0, 0.5, 4], "texture": "#1"},
				"up": {"uv": [0, 0, 0.5, 0.5], "texture": "#1"},
				"down": {"uv": [0, 0, 0.5, 0.5], "texture": "#1"}
			}
		},
		{
			"from": [16, 4.5, -0.5],
			"to": [16.5, 6.5, 0],
			"faces": {
				"north": {"uv": [0, 0, 0.5, 2], "texture": "#1"},
				"east": {"uv": [0, 0, 0.5, 2], "texture": "#1"},
				"south": {"uv": [0, 0, 0.5, 2], "texture": "#1"},
				"west": {"uv": [0, 0, 0.5, 2], "texture": "#1"},
				"up": {"uv": [0, 0, 0.5, 0.5], "texture": "#1"},
				"down": {"uv": [0, 0, 0.5, 0.5], "texture": "#1"}
			}
		},
		{
			"from": [-0.5, 4.5, -0.5],
			"to": [0, 6.5, 0],
			"faces": {
				"north": {"uv": [0, 0, 0.5, 2], "texture": "#1"},
				"east": {"uv": [0, 0, 0.5, 2], "texture": "#1"},
				"south": {"uv": [0, 0, 0.5, 2], "texture": "#1"},
				"west": {"uv": [0, 0, 0.5, 2], "texture": "#1"},
				"up": {"uv": [0, 0, 0.5, 0.5], "texture": "#1"},
				"down": {"uv": [0, 0, 0.5, 0.5], "texture": "#1"}
			}
		},
		{
			"from": [-1, 11, -0.5],
			"to": [-0.5, 13.5, 0],
			"faces": {
				"north": {"uv": [0, 0, 0.5, 2.5], "texture": "#1"},
				"east": {"uv": [0, 0, 0.5, 2.5], "texture": "#1"},
				"south": {"uv": [0, 0, 0.5, 2.5], "texture": "#1"},
				"west": {"uv": [0, 0, 0.5, 2.5], "texture": "#1"},
				"up": {"uv": [0, 0, 0.5, 0.5], "texture": "#1"},
				"down": {"uv": [0, 0, 0.5, 0.5], "texture": "#1"}
			}
		},
		{
			"from": [16.5, 11, -0.5],
			"to": [17, 13.5, 0],
			"faces": {
				"north": {"uv": [0, 0, 0.5, 2.5], "texture": "#1"},
				"east": {"uv": [0, 0, 0.5, 2.5], "texture": "#1"},
				"south": {"uv": [0, 0, 0.5, 2.5], "texture": "#1"},
				"west": {"uv": [0, 0, 0.5, 2.5], "texture": "#1"},
				"up": {"uv": [0, 0, 0.5, 0.5], "texture": "#1"},
				"down": {"uv": [0, 0, 0.5, 0.5], "texture": "#1"}
			}
		},
		{
			"from": [16.5, 16, -0.5],
			"to": [17, 18, 0],
			"faces": {
				"north": {"uv": [0, 0, 0.5, 2], "texture": "#1"},
				"east": {"uv": [0, 0, 0.5, 2], "texture": "#1"},
				"south": {"uv": [0, 0, 0.5, 2], "texture": "#1"},
				"west": {"uv": [0, 0, 0.5, 2], "texture": "#1"},
				"up": {"uv": [0, 0, 0.5, 0.5], "texture": "#1"},
				"down": {"uv": [0, 0, 0.5, 0.5], "texture": "#1"}
			}
		},
		{
			"from": [-1, 16, -0.5],
			"to": [-0.5, 18, 0],
			"faces": {
				"north": {"uv": [0, 0, 0.5, 2], "texture": "#1"},
				"east": {"uv": [0, 0, 0.5, 2], "texture": "#1"},
				"south": {"uv": [0, 0, 0.5, 2], "texture": "#1"},
				"west": {"uv": [0, 0, 0.5, 2], "texture": "#1"},
				"up": {"uv": [0, 0, 0.5, 0.5], "texture": "#1"},
				"down": {"uv": [0, 0, 0.5, 0.5], "texture": "#1"}
			}
		},
		{
			"from": [16, 8.5, -0.5],
			"to": [16.5, 17.5, 0],
			"faces": {
				"north": {"uv": [0, 0, 0.5, 9], "texture": "#1"},
				"east": {"uv": [0, 0, 0.5, 9], "texture": "#1"},
				"south": {"uv": [0, 0, 0.5, 9], "texture": "#1"},
				"west": {"uv": [0, 0, 0.5, 9], "texture": "#1"},
				"up": {"uv": [0, 0, 0.5, 0.5], "texture": "#1"},
				"down": {"uv": [0, 0, 0.5, 0.5], "texture": "#1"}
			}
		},
		{
			"from": [-0.5, 8.5, -0.5],
			"to": [0, 17.5, 0],
			"faces": {
				"north": {"uv": [0, 0, 0.5, 9], "texture": "#1"},
				"east": {"uv": [0, 0, 0.5, 9], "texture": "#1"},
				"south": {"uv": [0, 0, 0.5, 9], "texture": "#1"},
				"west": {"uv": [0, 0, 0.5, 9], "texture": "#1"},
				"up": {"uv": [0, 0, 0.5, 0.5], "texture": "#1"},
				"down": {"uv": [0, 0, 0.5, 0.5], "texture": "#1"}
			}
		},
		{
			"from": [3, 13, -1],
			"to": [5.5, 13.5, -0.5],
			"faces": {
				"north": {"uv": [0, 0, 2.5, 0.5], "texture": "#4"},
				"east": {"uv": [0, 0, 0.5, 0.5], "texture": "#4"},
				"south": {"uv": [0, 0, 2.5, 0.5], "texture": "#4"},
				"west": {"uv": [0, 0, 0.5, 0.5], "texture": "#4"},
				"up": {"uv": [0, 0, 2.5, 0.5], "texture": "#4"},
				"down": {"uv": [0, 0, 2.5, 0.5], "texture": "#4"}
			}
		},
		{
			"from": [10.5, 13, -1],
			"to": [13, 13.5, -0.5],
			"faces": {
				"north": {"uv": [0, 0, 2.5, 0.5], "texture": "#4"},
				"east": {"uv": [0, 0, 0.5, 0.5], "texture": "#4"},
				"south": {"uv": [0, 0, 2.5, 0.5], "texture": "#4"},
				"west": {"uv": [0, 0, 0.5, 0.5], "texture": "#4"},
				"up": {"uv": [0, 0, 2.5, 0.5], "texture": "#4"},
				"down": {"uv": [0, 0, 2.5, 0.5], "texture": "#4"}
			}
		},
		{
			"from": [2.5, 12.5, -1],
			"to": [6, 13, -0.5],
			"faces": {
				"north": {"uv": [0, 0, 3.5, 0.5], "texture": "#4"},
				"east": {"uv": [0, 0, 0.5, 0.5], "texture": "#4"},
				"south": {"uv": [0, 0, 3.5, 0.5], "texture": "#4"},
				"west": {"uv": [0, 0, 0.5, 0.5], "texture": "#4"},
				"up": {"uv": [0, 0, 3.5, 0.5], "texture": "#4"},
				"down": {"uv": [0, 0, 3.5, 0.5], "texture": "#4"}
			}
		},
		{
			"from": [10, 12.5, -1],
			"to": [13.5, 13, -0.5],
			"faces": {
				"north": {"uv": [0, 0, 3.5, 0.5], "texture": "#4"},
				"east": {"uv": [0, 0, 0.5, 0.5], "texture": "#4"},
				"south": {"uv": [0, 0, 3.5, 0.5], "texture": "#4"},
				"west": {"uv": [0, 0, 0.5, 0.5], "texture": "#4"},
				"up": {"uv": [0, 0, 3.5, 0.5], "texture": "#4"},
				"down": {"uv": [0, 0, 3.5, 0.5], "texture": "#4"}
			}
		},
		{
			"from": [2, 10, -1],
			"to": [6.5, 12.5, -0.5],
			"faces": {
				"north": {"uv": [0, 0, 4.5, 2.5], "texture": "#4"},
				"east": {"uv": [0, 0, 0.5, 2.5], "texture": "#4"},
				"south": {"uv": [0, 0, 4.5, 2.5], "texture": "#4"},
				"west": {"uv": [0, 0, 0.5, 2.5], "texture": "#4"},
				"up": {"uv": [0, 0, 4.5, 0.5], "texture": "#4"},
				"down": {"uv": [0, 0, 4.5, 0.5], "texture": "#4"}
			}
		},
		{
			"from": [9.5, 10, -1],
			"to": [14, 12.5, -0.5],
			"faces": {
				"north": {"uv": [0, 0, 4.5, 2.5], "texture": "#4"},
				"east": {"uv": [0, 0, 0.5, 2.5], "texture": "#4"},
				"south": {"uv": [0, 0, 4.5, 2.5], "texture": "#4"},
				"west": {"uv": [0, 0, 0.5, 2.5], "texture": "#4"},
				"up": {"uv": [0, 0, 4.5, 0.5], "texture": "#4"},
				"down": {"uv": [0, 0, 4.5, 0.5], "texture": "#4"}
			}
		},
		{
			"from": [2.5, 9.5, -1],
			"to": [6, 10, -0.5],
			"faces": {
				"north": {"uv": [0, 0, 3.5, 0.5], "texture": "#4"},
				"east": {"uv": [0, 0, 0.5, 0.5], "texture": "#4"},
				"south": {"uv": [0, 0, 3.5, 0.5], "texture": "#4"},
				"west": {"uv": [0, 0, 0.5, 0.5], "texture": "#4"},
				"up": {"uv": [0, 0, 3.5, 0.5], "texture": "#4"},
				"down": {"uv": [0, 0, 3.5, 0.5], "texture": "#4"}
			}
		},
		{
			"from": [10, 9.5, -1],
			"to": [13.5, 10, -0.5],
			"faces": {
				"north": {"uv": [0, 0, 3.5, 0.5], "texture": "#4"},
				"east": {"uv": [0, 0, 0.5, 0.5], "texture": "#4"},
				"south": {"uv": [0, 0, 3.5, 0.5], "texture": "#4"},
				"west": {"uv": [0, 0, 0.5, 0.5], "texture": "#4"},
				"up": {"uv": [0, 0, 3.5, 0.5], "texture": "#4"},
				"down": {"uv": [0, 0, 3.5, 0.5], "texture": "#4"}
			}
		},
		{
			"from": [3, 9, -1],
			"to": [5.5, 9.5, -0.5],
			"faces": {
				"north": {"uv": [0, 0, 2.5, 0.5], "texture": "#4"},
				"east": {"uv": [0, 0, 0.5, 0.5], "texture": "#4"},
				"south": {"uv": [0, 0, 2.5, 0.5], "texture": "#4"},
				"west": {"uv": [0, 0, 0.5, 0.5], "texture": "#4"},
				"up": {"uv": [0, 0, 2.5, 0.5], "texture": "#4"},
				"down": {"uv": [0, 0, 2.5, 0.5], "texture": "#4"}
			}
		},
		{
			"from": [10.5, 9, -1],
			"to": [13, 9.5, -0.5],
			"faces": {
				"north": {"uv": [0, 0, 2.5, 0.5], "texture": "#4"},
				"east": {"uv": [0, 0, 0.5, 0.5], "texture": "#4"},
				"south": {"uv": [0, 0, 2.5, 0.5], "texture": "#4"},
				"west": {"uv": [0, 0, 0.5, 0.5], "texture": "#4"},
				"up": {"uv": [0, 0, 2.5, 0.5], "texture": "#4"},
				"down": {"uv": [0, 0, 2.5, 0.5], "texture": "#4"}
			}
		},
		{
			"from": [4.5, 10.5, -1.1],
			"to": [5.5, 11.5, -1],
			"faces": {
				"north": {"uv": [0, 0, 1, 1], "texture": "#5"},
				"east": {"uv": [0, 0, 0.1, 1], "texture": "#5"},
				"south": {"uv": [0, 0, 1, 1], "texture": "#5"},
				"west": {"uv": [0, 0, 0.1, 1], "texture": "#5"},
				"up": {"uv": [0, 0, 1, 0.1], "texture": "#5"},
				"down": {"uv": [0, 0, 1, 0.1], "texture": "#5"}
			}
		},
		{
			"from": [10.5, 10.5, -1.1],
			"to": [11.5, 11.5, -1],
			"faces": {
				"north": {"uv": [0, 0, 1, 1], "texture": "#5"},
				"east": {"uv": [0, 0, 0.1, 1], "texture": "#5"},
				"south": {"uv": [0, 0, 1, 1], "texture": "#5"},
				"west": {"uv": [0, 0, 0.1, 1], "texture": "#5"},
				"up": {"uv": [0, 0, 1, 0.1], "texture": "#5"},
				"down": {"uv": [0, 0, 1, 0.1], "texture": "#5"}
			}
		},
		{
			"from": [5.5, 10.5, -1.1],
			"to": [6, 11.5, -1],
			"faces": {
				"north": {"uv": [0, 0, 0.5, 1], "texture": "#7"},
				"east": {"uv": [0, 0, 0.1, 1], "texture": "#7"},
				"south": {"uv": [0, 0, 0.5, 1], "texture": "#7"},
				"west": {"uv": [0, 0, 0.1, 1], "texture": "#7"},
				"up": {"uv": [0, 0, 0.5, 0.1], "texture": "#7"},
				"down": {"uv": [0, 0, 0.5, 0.1], "texture": "#7"}
			}
		},
		{
			"from": [11.5, 10.5, -1.1],
			"to": [12, 11.5, -1],
			"faces": {
				"north": {"uv": [0, 0, 0.5, 1], "texture": "#7"},
				"east": {"uv": [0, 0, 0.1, 1], "texture": "#7"},
				"south": {"uv": [0, 0, 0.5, 1], "texture": "#7"},
				"west": {"uv": [0, 0, 0.1, 1], "texture": "#7"},
				"up": {"uv": [0, 0, 0.5, 0.1], "texture": "#7"},
				"down": {"uv": [0, 0, 0.5, 0.1], "texture": "#7"}
			}
		},
		{
			"from": [4, 10.5, -1.1],
			"to": [4.5, 11.5, -1],
			"faces": {
				"north": {"uv": [0, 0, 0.5, 1], "texture": "#7"},
				"east": {"uv": [0, 0, 0.1, 1], "texture": "#7"},
				"south": {"uv": [0, 0, 0.5, 1], "texture": "#7"},
				"west": {"uv": [0, 0, 0.1, 1], "texture": "#7"},
				"up": {"uv": [0, 0, 0.5, 0.1], "texture": "#7"},
				"down": {"uv": [0, 0, 0.5, 0.1], "texture": "#7"}
			}
		},
		{
			"from": [10, 10.5, -1.1],
			"to": [10.5, 11.5, -1],
			"faces": {
				"north": {"uv": [0, 0, 0.5, 1], "texture": "#7"},
				"east": {"uv": [0, 0, 0.1, 1], "texture": "#7"},
				"south": {"uv": [0, 0, 0.5, 1], "texture": "#7"},
				"west": {"uv": [0, 0, 0.1, 1], "texture": "#7"},
				"up": {"uv": [0, 0, 0.5, 0.1], "texture": "#7"},
				"down": {"uv": [0, 0, 0.5, 0.1], "texture": "#7"}
			}
		},
		{
			"from": [4.5, 11.5, -1.1],
			"to": [5.5, 12, -1],
			"faces": {
				"north": {"uv": [0, 0, 1, 0.5], "texture": "#7"},
				"east": {"uv": [0, 0, 0.1, 0.5], "texture": "#7"},
				"south": {"uv": [0, 0, 1, 0.5], "texture": "#7"},
				"west": {"uv": [0, 0, 0.1, 0.5], "texture": "#7"},
				"up": {"uv": [0, 0, 1, 0.1], "texture": "#7"},
				"down": {"uv": [0, 0, 1, 0.1], "texture": "#7"}
			}
		},
		{
			"from": [5, 13.5, -1.1],
			"to": [5.5, 14.5, -0.5],
			"faces": {
				"north": {"uv": [0, 0, 0.5, 1], "texture": "#5"},
				"east": {"uv": [0, 0, 0.6, 1], "texture": "#5"},
				"south": {"uv": [0, 0, 0.5, 1], "texture": "#5"},
				"west": {"uv": [0, 0, 0.6, 1], "texture": "#5"},
				"up": {"uv": [0, 0, 0.5, 0.6], "texture": "#5"},
				"down": {"uv": [0, 0, 0.5, 0.6], "texture": "#5"}
			}
		},
		{
			"from": [10.5, 13.5, -1.1],
			"to": [11, 14.5, -0.5],
			"rotation": {"angle": 0, "axis": "y", "origin": [10.75, 16.25, -0.05]},
			"faces": {
				"north": {"uv": [0, 0, 0.5, 1], "texture": "#5"},
				"east": {"uv": [0, 0, 0.6, 1], "texture": "#5"},
				"south": {"uv": [0, 0, 0.5, 1], "texture": "#5"},
				"west": {"uv": [0, 0, 0.6, 1], "texture": "#5"},
				"up": {"uv": [0, 0, 0.5, 0.6], "rotation": 180, "texture": "#5"},
				"down": {"uv": [0, 0, 0.5, 0.6], "rotation": 180, "texture": "#5"}
			}
		},
		{
			"from": [3.5, 13.5, -1.1],
			"to": [4, 14.5, -0.5],
			"faces": {
				"north": {"uv": [0, 0, 0.5, 1], "texture": "#5"},
				"east": {"uv": [0, 0, 0.6, 1], "texture": "#5"},
				"south": {"uv": [0, 0, 0.5, 1], "texture": "#5"},
				"west": {"uv": [0, 0, 0.6, 1], "texture": "#5"},
				"up": {"uv": [0, 0, 0.5, 0.6], "texture": "#5"},
				"down": {"uv": [0, 0, 0.5, 0.6], "texture": "#5"}
			}
		},
		{
			"from": [12, 13.5, -1.1],
			"to": [12.5, 14.5, -0.5],
			"rotation": {"angle": 0, "axis": "y", "origin": [10.75, 16.25, -0.05]},
			"faces": {
				"north": {"uv": [0, 0, 0.5, 1], "texture": "#5"},
				"east": {"uv": [0, 0, 0.6, 1], "texture": "#5"},
				"south": {"uv": [0, 0, 0.5, 1], "texture": "#5"},
				"west": {"uv": [0, 0, 0.6, 1], "texture": "#5"},
				"up": {"uv": [0, 0, 0.5, 0.6], "rotation": 180, "texture": "#5"},
				"down": {"uv": [0, 0, 0.5, 0.6], "rotation": 180, "texture": "#5"}
			}
		},
		{
			"from": [2, 13, -1.1],
			"to": [2.5, 13.5, -0.5],
			"faces": {
				"north": {"uv": [0, 0, 0.5, 0.5], "texture": "#5"},
				"east": {"uv": [0, 0, 0.6, 0.5], "texture": "#5"},
				"south": {"uv": [0, 0, 0.5, 0.5], "texture": "#5"},
				"west": {"uv": [0, 0, 0.6, 0.5], "texture": "#5"},
				"up": {"uv": [0, 0, 0.5, 0.6], "texture": "#5"},
				"down": {"uv": [0, 0, 0.5, 0.6], "texture": "#5"}
			}
		},
		{
			"from": [13.5, 13, -1.1],
			"to": [14, 13.5, -0.5],
			"rotation": {"angle": 0, "axis": "y", "origin": [10.75, 16.25, -0.05]},
			"faces": {
				"north": {"uv": [0, 0, 0.5, 0.5], "texture": "#5"},
				"east": {"uv": [0, 0, 0.6, 0.5], "texture": "#5"},
				"south": {"uv": [0, 0, 0.5, 0.5], "texture": "#5"},
				"west": {"uv": [0, 0, 0.6, 0.5], "texture": "#5"},
				"up": {"uv": [0, 0, 0.5, 0.6], "rotation": 180, "texture": "#5"},
				"down": {"uv": [0, 0, 0.5, 0.6], "rotation": 180, "texture": "#5"}
			}
		},
		{
			"from": [1.5, 13.5, -1.1],
			"to": [2, 14, -0.5],
			"faces": {
				"north": {"uv": [0, 0, 0.5, 0.5], "texture": "#5"},
				"east": {"uv": [0, 0, 0.6, 0.5], "texture": "#5"},
				"south": {"uv": [0, 0, 0.5, 0.5], "texture": "#5"},
				"west": {"uv": [0, 0, 0.6, 0.5], "texture": "#5"},
				"up": {"uv": [0, 0, 0.5, 0.6], "texture": "#5"},
				"down": {"uv": [0, 0, 0.5, 0.6], "texture": "#5"}
			}
		},
		{
			"from": [14, 13.5, -1.1],
			"to": [14.5, 14, -0.5],
			"rotation": {"angle": 0, "axis": "y", "origin": [10.75, 16.25, -0.05]},
			"faces": {
				"north": {"uv": [0, 0, 0.5, 0.5], "texture": "#5"},
				"east": {"uv": [0, 0, 0.6, 0.5], "texture": "#5"},
				"south": {"uv": [0, 0, 0.5, 0.5], "texture": "#5"},
				"west": {"uv": [0, 0, 0.6, 0.5], "texture": "#5"},
				"up": {"uv": [0, 0, 0.5, 0.6], "rotation": 180, "texture": "#5"},
				"down": {"uv": [0, 0, 0.5, 0.6], "rotation": 180, "texture": "#5"}
			}
		},
		{
			"from": [10.5, 11.5, -1.1],
			"to": [11.5, 12, -1],
			"faces": {
				"north": {"uv": [0, 0, 1, 0.5], "texture": "#7"},
				"east": {"uv": [0, 0, 0.1, 0.5], "texture": "#7"},
				"south": {"uv": [0, 0, 1, 0.5], "texture": "#7"},
				"west": {"uv": [0, 0, 0.1, 0.5], "texture": "#7"},
				"up": {"uv": [0, 0, 1, 0.1], "texture": "#7"},
				"down": {"uv": [0, 0, 1, 0.1], "texture": "#7"}
			}
		},
		{
			"from": [4.5, 10, -1.1],
			"to": [5.5, 10.5, -1],
			"faces": {
				"north": {"uv": [0, 0, 1, 0.5], "texture": "#7"},
				"east": {"uv": [0, 0, 0.1, 0.5], "texture": "#7"},
				"south": {"uv": [0, 0, 1, 0.5], "texture": "#7"},
				"west": {"uv": [0, 0, 0.1, 0.5], "texture": "#7"},
				"up": {"uv": [0, 0, 1, 0.1], "texture": "#7"},
				"down": {"uv": [0, 0, 1, 0.1], "texture": "#7"}
			}
		},
		{
			"from": [10.5, 10, -1.1],
			"to": [11.5, 10.5, -1],
			"faces": {
				"north": {"uv": [0, 0, 1, 0.5], "texture": "#7"},
				"east": {"uv": [0, 0, 0.1, 0.5], "texture": "#7"},
				"south": {"uv": [0, 0, 1, 0.5], "texture": "#7"},
				"west": {"uv": [0, 0, 0.1, 0.5], "texture": "#7"},
				"up": {"uv": [0, 0, 1, 0.1], "texture": "#7"},
				"down": {"uv": [0, 0, 1, 0.1], "texture": "#7"}
			}
		},
		{
			"from": [7, 7.5, -2.5],
			"to": [9, 9.5, -0.5],
			"faces": {
				"north": {"uv": [0, 0, 2, 2], "texture": "#1"},
				"east": {"uv": [0, 0, 2, 2], "texture": "#1"},
				"south": {"uv": [0, 0, 2, 2], "texture": "#1"},
				"west": {"uv": [0, 0, 2, 2], "texture": "#1"},
				"up": {"uv": [0, 0, 2, 2], "texture": "#1"},
				"down": {"uv": [0, 0, 2, 2], "texture": "#1"}
			}
		},
		{
			"from": [3.5, 4.5, 0],
			"to": [12.5, 5, 0.5],
			"faces": {
				"north": {"uv": [0, 0, 9, 0.5], "texture": "#3"},
				"east": {"uv": [0, 0, 0.5, 0.5], "texture": "#3"},
				"south": {"uv": [0, 0, 9, 0.5], "texture": "#3"},
				"west": {"uv": [0, 0, 0.5, 0.5], "texture": "#3"},
				"up": {"uv": [0, 0, 9, 0.5], "texture": "#3"},
				"down": {"uv": [0, 0, 9, 0.5], "texture": "#3"}
			}
		},
		{
			"from": [3, 5, 0],
			"to": [13, 6.5, 0.5],
			"faces": {
				"north": {"uv": [0, 0, 10, 1.5], "texture": "#3"},
				"east": {"uv": [0, 0, 0.5, 1.5], "texture": "#3"},
				"south": {"uv": [0, 0, 10, 1.5], "texture": "#3"},
				"west": {"uv": [0, 0, 0.5, 1.5], "texture": "#3"},
				"up": {"uv": [0, 0, 10, 0.5], "texture": "#3"},
				"down": {"uv": [0, 0, 10, 0.5], "texture": "#3"}
			}
		},
		{
			"from": [12, 6.5, 0],
			"to": [13, 7, 0.5],
			"faces": {
				"north": {"uv": [0, 0, 1, 0.5], "texture": "#3"},
				"east": {"uv": [0, 0, 0.5, 0.5], "texture": "#3"},
				"south": {"uv": [0, 0, 1, 0.5], "texture": "#3"},
				"west": {"uv": [0, 0, 0.5, 0.5], "texture": "#3"},
				"up": {"uv": [0, 0, 1, 0.5], "texture": "#3"},
				"down": {"uv": [0, 0, 1, 0.5], "texture": "#3"}
			}
		},
		{
			"from": [3, 6.5, 0],
			"to": [4, 7, 0.5],
			"faces": {
				"north": {"uv": [0, 0, 1, 0.5], "texture": "#3"},
				"east": {"uv": [0, 0, 0.5, 0.5], "texture": "#3"},
				"south": {"uv": [0, 0, 1, 0.5], "texture": "#3"},
				"west": {"uv": [0, 0, 0.5, 0.5], "texture": "#3"},
				"up": {"uv": [0, 0, 1, 0.5], "texture": "#3"},
				"down": {"uv": [0, 0, 1, 0.5], "texture": "#3"}
			}
		},
		{
			"from": [2.5, 5.5, 0],
			"to": [3, 7, 0.5],
			"faces": {
				"north": {"uv": [0, 0, 0.5, 1.5], "texture": "#3"},
				"east": {"uv": [0, 0, 0.5, 1.5], "texture": "#3"},
				"south": {"uv": [0, 0, 0.5, 1.5], "texture": "#3"},
				"west": {"uv": [0, 0, 0.5, 1.5], "texture": "#3"},
				"up": {"uv": [0, 0, 0.5, 0.5], "texture": "#3"},
				"down": {"uv": [0, 0, 0.5, 0.5], "texture": "#3"}
			}
		},
		{
			"from": [1.5, 6.5, 0],
			"to": [2.5, 7, 0.5],
			"faces": {
				"north": {"uv": [0, 0, 1, 0.5], "texture": "#3"},
				"east": {"uv": [0, 0, 0.5, 0.5], "texture": "#3"},
				"south": {"uv": [0, 0, 1, 0.5], "texture": "#3"},
				"west": {"uv": [0, 0, 0.5, 0.5], "texture": "#3"},
				"up": {"uv": [0, 0, 1, 0.5], "texture": "#3"},
				"down": {"uv": [0, 0, 1, 0.5], "texture": "#3"}
			}
		},
		{
			"from": [13.46667, 6.5, 0],
			"to": [14.46667, 7, 0.5],
			"rotation": {"angle": 0, "axis": "y", "origin": [13.83333, 7.25, 0.25]},
			"faces": {
				"north": {"uv": [0, 0, 1, 0.5], "texture": "#3"},
				"east": {"uv": [0, 0, 0.5, 0.5], "texture": "#3"},
				"south": {"uv": [0, 0, 1, 0.5], "texture": "#3"},
				"west": {"uv": [0, 0, 0.5, 0.5], "texture": "#3"},
				"up": {"uv": [0, 0, 1, 0.5], "rotation": 180, "texture": "#3"},
				"down": {"uv": [0, 0, 1, 0.5], "rotation": 180, "texture": "#3"}
			}
		},
		{
			"from": [1, 7, 0],
			"to": [3.5, 7.5, 0.5],
			"faces": {
				"north": {"uv": [0, 0, 2.5, 0.5], "texture": "#3"},
				"east": {"uv": [0, 0, 0.5, 0.5], "texture": "#3"},
				"south": {"uv": [0, 0, 2.5, 0.5], "texture": "#3"},
				"west": {"uv": [0, 0, 0.5, 0.5], "texture": "#3"},
				"up": {"uv": [0, 0, 2.5, 0.5], "texture": "#3"},
				"down": {"uv": [0, 0, 2.5, 0.5], "texture": "#3"}
			}
		},
		{
			"from": [12.46667, 7, 0],
			"to": [14.96667, 7.5, 0.5],
			"rotation": {"angle": 0, "axis": "y", "origin": [13.83333, 7.25, 0.25]},
			"faces": {
				"north": {"uv": [0, 0, 2.5, 0.5], "texture": "#3"},
				"east": {"uv": [0, 0, 0.5, 0.5], "texture": "#3"},
				"south": {"uv": [0, 0, 2.5, 0.5], "texture": "#3"},
				"west": {"uv": [0, 0, 0.5, 0.5], "texture": "#3"},
				"up": {"uv": [0, 0, 2.5, 0.5], "rotation": 180, "texture": "#3"},
				"down": {"uv": [0, 0, 2.5, 0.5], "rotation": 180, "texture": "#3"}
			}
		},
		{
			"from": [1, 7.5, 0],
			"to": [3, 8, 0.5],
			"faces": {
				"north": {"uv": [0, 0, 2, 0.5], "texture": "#3"},
				"east": {"uv": [0, 0, 0.5, 0.5], "texture": "#3"},
				"south": {"uv": [0, 0, 2, 0.5], "texture": "#3"},
				"west": {"uv": [0, 0, 0.5, 0.5], "texture": "#3"},
				"up": {"uv": [0, 0, 2, 0.5], "texture": "#3"},
				"down": {"uv": [0, 0, 2, 0.5], "texture": "#3"}
			}
		},
		{
			"from": [12.96667, 7.5, 0],
			"to": [14.96667, 8, 0.5],
			"rotation": {"angle": 0, "axis": "y", "origin": [13.83333, 7.25, 0.25]},
			"faces": {
				"north": {"uv": [0, 0, 2, 0.5], "texture": "#3"},
				"east": {"uv": [0, 0, 0.5, 0.5], "texture": "#3"},
				"south": {"uv": [0, 0, 2, 0.5], "texture": "#3"},
				"west": {"uv": [0, 0, 0.5, 0.5], "texture": "#3"},
				"up": {"uv": [0, 0, 2, 0.5], "rotation": 180, "texture": "#3"},
				"down": {"uv": [0, 0, 2, 0.5], "rotation": 180, "texture": "#3"}
			}
		},
		{
			"from": [13, 5.5, 0],
			"to": [13.5, 7, 0.5],
			"faces": {
				"north": {"uv": [0, 0, 0.5, 1.5], "texture": "#3"},
				"east": {"uv": [0, 0, 0.5, 1.5], "texture": "#3"},
				"south": {"uv": [0, 0, 0.5, 1.5], "texture": "#3"},
				"west": {"uv": [0, 0, 0.5, 1.5], "texture": "#3"},
				"up": {"uv": [0, 0, 0.5, 0.5], "texture": "#3"},
				"down": {"uv": [0, 0, 0.5, 0.5], "texture": "#3"}
			}
		},
		{
			"from": [4, 4, 0],
			"to": [12, 4.5, 0.5],
			"faces": {
				"north": {"uv": [0, 0, 8, 0.5], "texture": "#3"},
				"east": {"uv": [0, 0, 0.5, 0.5], "texture": "#3"},
				"south": {"uv": [0, 0, 8, 0.5], "texture": "#3"},
				"west": {"uv": [0, 0, 0.5, 0.5], "texture": "#3"},
				"up": {"uv": [0, 0, 8, 0.5], "texture": "#3"},
				"down": {"uv": [0, 0, 8, 0.5], "texture": "#3"}
			}
		},
		{
			"from": [4.5, 3.5, 0],
			"to": [11.5, 4, 0.5],
			"faces": {
				"north": {"uv": [0, 0, 7, 0.5], "texture": "#3"},
				"east": {"uv": [0, 0, 0.5, 0.5], "texture": "#3"},
				"south": {"uv": [0, 0, 7, 0.5], "texture": "#3"},
				"west": {"uv": [0, 0, 0.5, 0.5], "texture": "#3"},
				"up": {"uv": [0, 0, 7, 0.5], "texture": "#3"},
				"down": {"uv": [0, 0, 7, 0.5], "texture": "#3"}
			}
		},
		{
			"from": [2, 8.5, -1],
			"to": [2.5, 9.5, -0.5],
			"faces": {
				"north": {"uv": [0, 0, 0.5, 1], "texture": "#6"},
				"east": {"uv": [0, 0, 0.5, 1], "texture": "#6"},
				"south": {"uv": [0, 0, 0.5, 1], "texture": "#6"},
				"west": {"uv": [0, 0, 0.5, 1], "texture": "#6"},
				"up": {"uv": [0, 0, 0.5, 0.5], "texture": "#6"},
				"down": {"uv": [0, 0, 0.5, 0.5], "texture": "#6"}
			}
		},
		{
			"from": [0, 8.5, -1],
			"to": [0.5, 9.5, -0.5],
			"faces": {
				"north": {"uv": [0, 0, 0.5, 1], "texture": "#6"},
				"east": {"uv": [0, 0, 0.5, 1], "texture": "#6"},
				"south": {"uv": [0, 0, 0.5, 1], "texture": "#6"},
				"west": {"uv": [0, 0, 0.5, 1], "texture": "#6"},
				"up": {"uv": [0, 0, 0.5, 0.5], "texture": "#6"},
				"down": {"uv": [0, 0, 0.5, 0.5], "texture": "#6"}
			}
		},
		{
			"from": [15.5, 8.5, -1],
			"to": [16, 9.5, -0.5],
			"faces": {
				"north": {"uv": [0, 0, 0.5, 1], "texture": "#6"},
				"east": {"uv": [0, 0, 0.5, 1], "texture": "#6"},
				"south": {"uv": [0, 0, 0.5, 1], "texture": "#6"},
				"west": {"uv": [0, 0, 0.5, 1], "texture": "#6"},
				"up": {"uv": [0, 0, 0.5, 0.5], "texture": "#6"},
				"down": {"uv": [0, 0, 0.5, 0.5], "texture": "#6"}
			}
		},
		{
			"from": [13.5, 8.5, -1],
			"to": [14, 9.5, -0.5],
			"faces": {
				"north": {"uv": [0, 0, 0.5, 1], "texture": "#6"},
				"east": {"uv": [0, 0, 0.5, 1], "texture": "#6"},
				"south": {"uv": [0, 0, 0.5, 1], "texture": "#6"},
				"west": {"uv": [0, 0, 0.5, 1], "texture": "#6"},
				"up": {"uv": [0, 0, 0.5, 0.5], "texture": "#6"},
				"down": {"uv": [0, 0, 0.5, 0.5], "texture": "#6"}
			}
		},
		{
			"from": [0.5, 8, -1],
			"to": [2, 10, -0.5],
			"faces": {
				"north": {"uv": [0, 0, 1.5, 2], "texture": "#6"},
				"east": {"uv": [0, 0, 0.5, 2], "texture": "#6"},
				"south": {"uv": [0, 0, 1.5, 2], "texture": "#6"},
				"west": {"uv": [0, 0, 0.5, 2], "texture": "#6"},
				"up": {"uv": [0, 0, 1.5, 0.5], "texture": "#6"},
				"down": {"uv": [0, 0, 1.5, 0.5], "texture": "#6"}
			}
		},
		{
			"from": [14, 8, -1],
			"to": [15.5, 10, -0.5],
			"faces": {
				"north": {"uv": [0, 0, 1.5, 2], "texture": "#6"},
				"east": {"uv": [0, 0, 0.5, 2], "texture": "#6"},
				"south": {"uv": [0, 0, 1.5, 2], "texture": "#6"},
				"west": {"uv": [0, 0, 0.5, 2], "texture": "#6"},
				"up": {"uv": [0, 0, 1.5, 0.5], "texture": "#6"},
				"down": {"uv": [0, 0, 1.5, 0.5], "texture": "#6"}
			}
		},
		{
			"from": [5, 5, -0.4],
			"to": [7.5, 6.5, 0],
			"faces": {
				"north": {"uv": [0, 0, 2.5, 1.5], "texture": "#4"},
				"east": {"uv": [0, 0, 0.4, 1.5], "texture": "#4"},
				"south": {"uv": [0, 0, 2.5, 1.5], "texture": "#4"},
				"west": {"uv": [0, 0, 0.4, 1.5], "texture": "#4"},
				"up": {"uv": [0, 0, 2.5, 0.4], "texture": "#4"},
				"down": {"uv": [0, 0, 2.5, 0.4], "texture": "#4"}
			}
		},
		{
			"from": [5.5, 3.5, -0.4],
			"to": [10.5, 4, 0],
			"faces": {
				"north": {"uv": [0, 0, 5, 0.5], "texture": "#6"},
				"east": {"uv": [0, 0, 0.4, 0.5], "texture": "#6"},
				"south": {"uv": [0, 0, 5, 0.5], "texture": "#6"},
				"west": {"uv": [0, 0, 0.4, 0.5], "texture": "#6"},
				"up": {"uv": [0, 0, 5, 0.4], "texture": "#6"},
				"down": {"uv": [0, 0, 5, 0.4], "texture": "#6"}
			}
		},
		{
			"from": [8.5, 5, -0.4],
			"to": [11, 6.5, 0],
			"faces": {
				"north": {"uv": [0, 0, 2.5, 1.5], "texture": "#4"},
				"east": {"uv": [0, 0, 0.4, 1.5], "texture": "#4"},
				"south": {"uv": [0, 0, 2.5, 1.5], "texture": "#4"},
				"west": {"uv": [0, 0, 0.4, 1.5], "texture": "#4"},
				"up": {"uv": [0, 0, 2.5, 0.4], "texture": "#4"},
				"down": {"uv": [0, 0, 2.5, 0.4], "texture": "#4"}
			}
		},
		{
			"from": [1, 2, -0.3],
			"to": [2.5, 4, 0.2],
			"faces": {
				"north": {"uv": [0, 0, 1.5, 2], "texture": "#2"},
				"east": {"uv": [0, 0, 0.5, 2], "texture": "#2"},
				"south": {"uv": [0, 0, 16, 16], "texture": "#2"},
				"west": {"uv": [0, 0, 0.5, 2], "texture": "#2"},
				"up": {"uv": [0, 0, 1.5, 0.5], "texture": "#2"},
				"down": {"uv": [0, 0, 1.5, 0.5], "texture": "#2"}
			}
		},
		{
			"from": [14, 2, -0.3],
			"to": [15.5, 3.5, 0.2],
			"faces": {
				"north": {"uv": [0, 0, 1.5, 1.5], "texture": "#2"},
				"east": {"uv": [0, 0, 0.5, 1.5], "texture": "#2"},
				"south": {"uv": [0, 0, 16, 16], "texture": "#2"},
				"west": {"uv": [0, 0, 0.5, 1.5], "texture": "#2"},
				"up": {"uv": [0, 0, 1.5, 0.5], "texture": "#2"},
				"down": {"uv": [0, 0, 1.5, 0.5], "texture": "#2"}
			}
		},
		{
			"from": [1, 15, -0.3],
			"to": [3.5, 16.5, 0.2],
			"faces": {
				"north": {"uv": [0, 0, 2.5, 1.5], "texture": "#2"},
				"east": {"uv": [0, 0, 0.5, 1.5], "texture": "#2"},
				"south": {"uv": [0, 0, 16, 16], "texture": "#2"},
				"west": {"uv": [0, 0, 0.5, 1.5], "texture": "#2"},
				"up": {"uv": [0, 0, 2.5, 0.5], "texture": "#2"},
				"down": {"uv": [0, 0, 2.5, 0.5], "texture": "#2"}
			}
		},
		{
			"from": [12.5, 15.5, -0.3],
			"to": [14, 17.5, 0.2],
			"faces": {
				"north": {"uv": [0, 0, 1, 2], "texture": "#2"},
				"east": {"uv": [0, 0, 0.5, 2], "texture": "#2"},
				"south": {"uv": [0, 0, 16, 16], "texture": "#2"},
				"west": {"uv": [0, 0, 0.5, 2], "texture": "#2"},
				"up": {"uv": [0, 0, 1, 0.5], "texture": "#2"},
				"down": {"uv": [0, 0, 1, 0.5], "texture": "#2"}
			}
		},
		{
			"from": [15.5, 10.5, -0.3],
			"to": [16, 12.5, 0.2],
			"faces": {
				"north": {"uv": [0, 0, 0.5, 2], "texture": "#2"},
				"east": {"uv": [0, 0, 0.5, 2], "texture": "#2"},
				"south": {"uv": [0, 0, 16, 16], "texture": "#2"},
				"west": {"uv": [0, 0, 0.5, 2], "texture": "#2"},
				"up": {"uv": [0, 0, 0.5, 0.5], "texture": "#2"},
				"down": {"uv": [0, 0, 0.5, 0.5], "texture": "#2"}
			}
		},
		{
			"from": [3, 1, -0.3],
			"to": [3.5, 1.5, 0.2],
			"faces": {
				"north": {"uv": [0, 0, 0.5, 0.5], "texture": "#2"},
				"east": {"uv": [0, 0, 0.5, 0.5], "texture": "#2"},
				"south": {"uv": [0, 0, 16, 16], "texture": "#2"},
				"west": {"uv": [0, 0, 0.5, 0.5], "texture": "#2"},
				"up": {"uv": [0, 0, 0.5, 0.5], "texture": "#2"},
				"down": {"uv": [0, 0, 0.5, 0.5], "texture": "#2"}
			}
		},
		{
			"from": [15.5, 5.5, -0.3],
			"to": [16, 6, 0.2],
			"faces": {
				"north": {"uv": [0, 0, 0.5, 0.5], "texture": "#2"},
				"east": {"uv": [0, 0, 0.5, 0.5], "texture": "#2"},
				"south": {"uv": [0, 0, 16, 16], "texture": "#2"},
				"west": {"uv": [0, 0, 0.5, 0.5], "texture": "#2"},
				"up": {"uv": [0, 0, 0.5, 0.5], "texture": "#2"},
				"down": {"uv": [0, 0, 0.5, 0.5], "texture": "#2"}
			}
		},
		{
			"from": [0.5, 11, 2.5],
			"to": [1.5, 12, 15.5],
			"faces": {
				"north": {"uv": [0, 0, 1, 1], "texture": "#8"},
				"east": {"uv": [0, 0, 13, 1], "texture": "#8"},
				"south": {"uv": [0, 0, 1, 1], "texture": "#8"},
				"west": {"uv": [0, 0, 13, 1], "texture": "#8"},
				"up": {"uv": [0, 0, 1, 13], "texture": "#8"},
				"down": {"uv": [0, 0, 1, 13], "texture": "#8"}
			}
		},
		{
			"from": [1.45, 11, 14.25],
			"to": [14.55, 12, 15.25],
			"rotation": {"angle": 0, "axis": "y", "origin": [1, 9.5, 9.75]},
			"faces": {
				"north": {"uv": [0, 0, 13.1, 1], "texture": "#8"},
				"east": {"uv": [0, 0, 1, 1], "texture": "#8"},
				"south": {"uv": [0, 0, 13.1, 1], "texture": "#8"},
				"west": {"uv": [0, 0, 1, 1], "texture": "#8"},
				"up": {"uv": [0, 0, 1, 13.1], "rotation": 270, "texture": "#8"},
				"down": {"uv": [0, 0, 1, 13.1], "rotation": 90, "texture": "#8"}
			}
		},
		{
			"from": [14.5, 11, 2.5],
			"to": [15.5, 12, 15.5],
			"faces": {
				"north": {"uv": [0, 0, 1, 1], "texture": "#8"},
				"east": {"uv": [0, 0, 13, 1], "texture": "#8"},
				"south": {"uv": [0, 0, 1, 1], "texture": "#8"},
				"west": {"uv": [0, 0, 13, 1], "texture": "#8"},
				"up": {"uv": [0, 0, 1, 13], "texture": "#8"},
				"down": {"uv": [0, 0, 1, 13], "texture": "#8"}
			}
		},
		{
			"from": [0.5, 6, 2.5],
			"to": [1.5, 7, 15.5],
			"faces": {
				"north": {"uv": [0, 0, 1, 1], "texture": "#8"},
				"east": {"uv": [0, 0, 13, 1], "texture": "#8"},
				"south": {"uv": [0, 0, 1, 1], "texture": "#8"},
				"west": {"uv": [0, 0, 13, 1], "texture": "#8"},
				"up": {"uv": [0, 0, 1, 13], "texture": "#8"},
				"down": {"uv": [0, 0, 1, 13], "texture": "#8"}
			}
		},
		{
			"from": [1.45, 6, 14.25],
			"to": [14.55, 7, 15.25],
			"rotation": {"angle": 0, "axis": "y", "origin": [1, 9.5, 9.75]},
			"faces": {
				"north": {"uv": [0, 0, 13.1, 1], "texture": "#8"},
				"east": {"uv": [0, 0, 1, 1], "texture": "#8"},
				"south": {"uv": [0, 0, 13.1, 1], "texture": "#8"},
				"west": {"uv": [0, 0, 1, 1], "texture": "#8"},
				"up": {"uv": [0, 0, 1, 13.1], "rotation": 270, "texture": "#8"},
				"down": {"uv": [0, 0, 1, 13.1], "rotation": 90, "texture": "#8"}
			}
		},
		{
			"from": [14.5, 6, 2.5],
			"to": [15.5, 7, 15.5],
			"faces": {
				"north": {"uv": [0, 0, 1, 1], "texture": "#8"},
				"east": {"uv": [0, 0, 13, 1], "texture": "#8"},
				"south": {"uv": [0, 0, 1, 1], "texture": "#8"},
				"west": {"uv": [0, 0, 13, 1], "texture": "#8"},
				"up": {"uv": [0, 0, 1, 13], "texture": "#8"},
				"down": {"uv": [0, 0, 1, 13], "texture": "#8"}
			}
		}
	],
	"display": {
		"gui": {
			"rotation": [0, 176.25, 0],
			"translation": [0.5, -0.5, 0]
		}
	},
	"groups": [
		{
			"name": "Outline",
			"origin": [0, 0, 0],
			"color": 0,
			"children": [0, 1, 2, 3, 4, 5, 6, 7, 8, 9, 10, 11, 12, 13, 14, 15, 16, 17, 18, 19, 20, 21, 22, 23, 24, 25, 26, 27, 28, 29, 30, 31, 32, 33, 34, 35, 36, 37, 38, 39]
		},
		{
			"name": "Filling",
			"origin": [0, 0, 0],
			"color": 0,
			"children": [40, 41, 42, 43, 44, 45, 46, 47, 48, 49, 50, 51, 52, 53, 54, 55, 56, 57, 58, 59, 60, 61, 62, 63, 64, 65, 66, 67, 68, 69, 70, 71, 72, 73, 74, 75, 76, 77, 78, 79, 80, 81, 82, 83, 84, 85, 86, 87, 88, 89]
		},
		{
			"name": "Eyes",
			"origin": [0, 0, 0],
			"color": 0,
			"children": [90, 91, 92, 93, 94, 95, 96, 97, 98, 99, 100, 101, 102, 103, 104, 105, 106, 107, 108, 109, 110, 111, 112, 113, 114, 115, 116, 117]
		},
		{
			"name": "Nose",
			"origin": [0, 0, 0],
			"color": 0,
			"children": [118]
		},
		{
			"name": "Mouth",
			"origin": [8, 8, 8],
			"color": 0,
			"children": [119, 120, 121, 122, 123, 124, 125, 126, 127, 128, 129, 130, 131, 132]
		},
		{
			"name": "Cheeks",
			"origin": [8, 8, 8],
			"color": 0,
			"children": [133, 134, 135, 136, 137, 138]
		},
		{
			"name": "Teeth & Tongue",
			"origin": [8, 8, 8],
			"color": 0,
			"children": [139, 140, 141]
		},
		{
			"name": "Holes",
			"origin": [8, 8, 8],
			"color": 0,
			"children": [142, 143, 144, 145, 146, 147, 148]
		},
		{
			"name": "Belt",
			"origin": [8, 8, 8],
			"color": 0,
			"children": [149, 150, 151, 152, 153, 154]
		}
	]
}