{
"__comment": "Designed by Bamatois with BDcraft Cubik PRO 0.93 Beta - http://bdcraft.net",
"textures": {
    "particle": "items/diamond_sword",
    "texture": "items/diamond_sword"
},
"elements": [ 
{
    "from": [ 7, 15.5, 14 ],
    "to": [ 7.25, 16, 16 ],
    "faces": {
        "down":  { "uv": [ 14, 0.5, 14.5, 0 ], "texture": "#texture" },
        "up":    { "uv": [ 14, 0, 14.5, 0.5 ], "texture": "#texture" },
        "north": { "uv": [ 14, 0, 14.5, 0.5 ], "texture": "#texture" },
        "south": { "uv": [ 16, 0, 15.5, 0.5 ], "texture": "#texture" },
        "west":  { "uv": [ 14, 0, 16, 0.5 ], "texture": "#texture" },
        "east":  { "uv": [ 16, 0, 14, 0.5 ], "texture": "#texture" }
    }
},
{
    "from": [ 7, 14, 15.5 ],
    "to": [ 7.25, 15.5, 16 ],
    "faces": {
        "down":  { "uv": [ 14, 0.5, 14.5, 0 ], "texture": "#texture" },
        "up":    { "uv": [ 14, 0, 14.5, 0.5 ], "texture": "#texture" },
        "north": { "uv": [ 14, 0, 14.5, 0.5 ], "texture": "#texture" },
        "south": { "uv": [ 16, 0, 15.5, 0.5 ], "texture": "#texture" },
        "west":  { "uv": [ 14, 0, 16, 0.5 ], "texture": "#texture" },
        "east":  { "uv": [ 16, 0, 14, 0.5 ], "texture": "#texture" }
    }
},
{
    "from": [ 7, 13.5, 15 ],
    "to": [ 7.25, 14, 15.5 ],
    "faces": {
        "down":  { "uv": [ 14, 0.5, 14.5, 0 ], "texture": "#texture" },
        "up":    { "uv": [ 14, 0, 14.5, 0.5 ], "texture": "#texture" },
        "north": { "uv": [ 14, 0, 14.5, 0.5 ], "texture": "#texture" },
        "south": { "uv": [ 16, 0, 15.5, 0.5 ], "texture": "#texture" },
        "west":  { "uv": [ 14, 0, 16, 0.5 ], "texture": "#texture" },
        "east":  { "uv": [ 16, 0, 14, 0.5 ], "texture": "#texture" }
    }
},
{
    "from": [ 7, 13, 14.5 ],
    "to": [ 7.25, 13.5, 15 ],
    "faces": {
        "down":  { "uv": [ 14, 0.5, 14.5, 0 ], "texture": "#texture" },
        "up":    { "uv": [ 14, 0, 14.5, 0.5 ], "texture": "#texture" },
        "north": { "uv": [ 14, 0, 14.5, 0.5 ], "texture": "#texture" },
        "south": { "uv": [ 16, 0, 15.5, 0.5 ], "texture": "#texture" },
        "west":  { "uv": [ 14, 0, 16, 0.5 ], "texture": "#texture" },
        "east":  { "uv": [ 16, 0, 14, 0.5 ], "texture": "#texture" }
    }
},
{
    "from": [ 7, 12.5, 14 ],
    "to": [ 7.25, 13, 14.5 ],
    "faces": {
        "down":  { "uv": [ 14, 0.5, 14.5, 0 ], "texture": "#texture" },
        "up":    { "uv": [ 14, 0, 14.5, 0.5 ], "texture": "#texture" },
        "north": { "uv": [ 14, 0, 14.5, 0.5 ], "texture": "#texture" },
        "south": { "uv": [ 16, 0, 15.5, 0.5 ], "texture": "#texture" },
        "west":  { "uv": [ 14, 0, 16, 0.5 ], "texture": "#texture" },
        "east":  { "uv": [ 16, 0, 14, 0.5 ], "texture": "#texture" }
    }
},
{
    "from": [ 7, 12, 13.5 ],
    "to": [ 7.25, 12.5, 14 ],
    "faces": {
        "down":  { "uv": [ 14, 0.5, 14.5, 0 ], "texture": "#texture" },
        "up":    { "uv": [ 14, 0, 14.5, 0.5 ], "texture": "#texture" },
        "north": { "uv": [ 14, 0, 14.5, 0.5 ], "texture": "#texture" },
        "south": { "uv": [ 16, 0, 15.5, 0.5 ], "texture": "#texture" },
        "west":  { "uv": [ 14, 0, 16, 0.5 ], "texture": "#texture" },
        "east":  { "uv": [ 16, 0, 14, 0.5 ], "texture": "#texture" }
    }
},
{
    "from": [ 7, 11.5, 13 ],
    "to": [ 7.25, 12, 13.5 ],
    "faces": {
        "down":  { "uv": [ 14, 0.5, 14.5, 0 ], "texture": "#texture" },
        "up":    { "uv": [ 14, 0, 14.5, 0.5 ], "texture": "#texture" },
        "north": { "uv": [ 14, 0, 14.5, 0.5 ], "texture": "#texture" },
        "south": { "uv": [ 16, 0, 15.5, 0.5 ], "texture": "#texture" },
        "west":  { "uv": [ 14, 0, 16, 0.5 ], "texture": "#texture" },
        "east":  { "uv": [ 16, 0, 14, 0.5 ], "texture": "#texture" }
    }
},
{
    "from": [ 7, 11, 12.5 ],
    "to": [ 7.25, 11.5, 13 ],
    "faces": {
        "down":  { "uv": [ 14, 0.5, 14.5, 0 ], "texture": "#texture" },
        "up":    { "uv": [ 14, 0, 14.5, 0.5 ], "texture": "#texture" },
        "north": { "uv": [ 14, 0, 14.5, 0.5 ], "texture": "#texture" },
        "south": { "uv": [ 16, 0, 15.5, 0.5 ], "texture": "#texture" },
        "west":  { "uv": [ 14, 0, 16, 0.5 ], "texture": "#texture" },
        "east":  { "uv": [ 16, 0, 14, 0.5 ], "texture": "#texture" }
    }
},
{
    "from": [ 7, 10.5, 12 ],
    "to": [ 7.25, 11, 12.5 ],
    "faces": {
        "down":  { "uv": [ 14, 0.5, 14.5, 0 ], "texture": "#texture" },
        "up":    { "uv": [ 14, 0, 14.5, 0.5 ], "texture": "#texture" },
        "north": { "uv": [ 14, 0, 14.5, 0.5 ], "texture": "#texture" },
        "south": { "uv": [ 16, 0, 15.5, 0.5 ], "texture": "#texture" },
        "west":  { "uv": [ 14, 0, 16, 0.5 ], "texture": "#texture" },
        "east":  { "uv": [ 16, 0, 14, 0.5 ], "texture": "#texture" }
    }
},
{
    "from": [ 7, 10, 11.5 ],
    "to": [ 7.25, 10.5, 12 ],
    "faces": {
        "down":  { "uv": [ 14, 0.5, 14.5, 0 ], "texture": "#texture" },
        "up":    { "uv": [ 14, 0, 14.5, 0.5 ], "texture": "#texture" },
        "north": { "uv": [ 14, 0, 14.5, 0.5 ], "texture": "#texture" },
        "south": { "uv": [ 16, 0, 15.5, 0.5 ], "texture": "#texture" },
        "west":  { "uv": [ 14, 0, 16, 0.5 ], "texture": "#texture" },
        "east":  { "uv": [ 16, 0, 14, 0.5 ], "texture": "#texture" }
    }
},
{
    "from": [ 7, 9.5, 11 ],
    "to": [ 7.25, 10, 11.5 ],
    "faces": {
        "down":  { "uv": [ 14, 0.5, 14.5, 0 ], "texture": "#texture" },
        "up":    { "uv": [ 14, 0, 14.5, 0.5 ], "texture": "#texture" },
        "north": { "uv": [ 14, 0, 14.5, 0.5 ], "texture": "#texture" },
        "south": { "uv": [ 16, 0, 15.5, 0.5 ], "texture": "#texture" },
        "west":  { "uv": [ 14, 0, 16, 0.5 ], "texture": "#texture" },
        "east":  { "uv": [ 16, 0, 14, 0.5 ], "texture": "#texture" }
    }
},
{
    "from": [ 7, 9, 10.5 ],
    "to": [ 7.25, 9.5, 11 ],
    "faces": {
        "down":  { "uv": [ 14, 0.5, 14.5, 0 ], "texture": "#texture" },
        "up":    { "uv": [ 14, 0, 14.5, 0.5 ], "texture": "#texture" },
        "north": { "uv": [ 14, 0, 14.5, 0.5 ], "texture": "#texture" },
        "south": { "uv": [ 16, 0, 15.5, 0.5 ], "texture": "#texture" },
        "west":  { "uv": [ 14, 0, 16, 0.5 ], "texture": "#texture" },
        "east":  { "uv": [ 16, 0, 14, 0.5 ], "texture": "#texture" }
    }
},
{
    "from": [ 7, 15, 13.5 ],
    "to": [ 7.25, 15.5, 14 ],
    "faces": {
        "down":  { "uv": [ 14, 0.5, 14.5, 0 ], "texture": "#texture" },
        "up":    { "uv": [ 14, 0, 14.5, 0.5 ], "texture": "#texture" },
        "north": { "uv": [ 14, 0, 14.5, 0.5 ], "texture": "#texture" },
        "south": { "uv": [ 16, 0, 15.5, 0.5 ], "texture": "#texture" },
        "west":  { "uv": [ 14, 0, 16, 0.5 ], "texture": "#texture" },
        "east":  { "uv": [ 16, 0, 14, 0.5 ], "texture": "#texture" }
    }
},
{
    "from": [ 7, 14.5, 13 ],
    "to": [ 7.25, 15, 13.5 ],
    "faces": {
        "down":  { "uv": [ 14, 0.5, 14.5, 0 ], "texture": "#texture" },
        "up":    { "uv": [ 14, 0, 14.5, 0.5 ], "texture": "#texture" },
        "north": { "uv": [ 14, 0, 14.5, 0.5 ], "texture": "#texture" },
        "south": { "uv": [ 16, 0, 15.5, 0.5 ], "texture": "#texture" },
        "west":  { "uv": [ 14, 0, 16, 0.5 ], "texture": "#texture" },
        "east":  { "uv": [ 16, 0, 14, 0.5 ], "texture": "#texture" }
    }
},
{
    "from": [ 7, 14, 12.5 ],
    "to": [ 7.25, 14.5, 13 ],
    "faces": {
        "down":  { "uv": [ 14, 0.5, 14.5, 0 ], "texture": "#texture" },
        "up":    { "uv": [ 14, 0, 14.5, 0.5 ], "texture": "#texture" },
        "north": { "uv": [ 14, 0, 14.5, 0.5 ], "texture": "#texture" },
        "south": { "uv": [ 16, 0, 15.5, 0.5 ], "texture": "#texture" },
        "west":  { "uv": [ 14, 0, 16, 0.5 ], "texture": "#texture" },
        "east":  { "uv": [ 16, 0, 14, 0.5 ], "texture": "#texture" }
    }
},
{
    "from": [ 7, 13.5, 12 ],
    "to": [ 7.25, 14, 12.5 ],
    "faces": {
        "down":  { "uv": [ 14, 0.5, 14.5, 0 ], "texture": "#texture" },
        "up":    { "uv": [ 14, 0, 14.5, 0.5 ], "texture": "#texture" },
        "north": { "uv": [ 14, 0, 14.5, 0.5 ], "texture": "#texture" },
        "south": { "uv": [ 16, 0, 15.5, 0.5 ], "texture": "#texture" },
        "west":  { "uv": [ 14, 0, 16, 0.5 ], "texture": "#texture" },
        "east":  { "uv": [ 16, 0, 14, 0.5 ], "texture": "#texture" }
    }
},
{
    "from": [ 7, 13, 11.5 ],
    "to": [ 7.25, 13.5, 12 ],
    "faces": {
        "down":  { "uv": [ 14, 0.5, 14.5, 0 ], "texture": "#texture" },
        "up":    { "uv": [ 14, 0, 14.5, 0.5 ], "texture": "#texture" },
        "north": { "uv": [ 14, 0, 14.5, 0.5 ], "texture": "#texture" },
        "south": { "uv": [ 16, 0, 15.5, 0.5 ], "texture": "#texture" },
        "west":  { "uv": [ 14, 0, 16, 0.5 ], "texture": "#texture" },
        "east":  { "uv": [ 16, 0, 14, 0.5 ], "texture": "#texture" }
    }
},
{
    "from": [ 7, 12.5, 11 ],
    "to": [ 7.25, 13, 11.5 ],
    "faces": {
        "down":  { "uv": [ 14, 0.5, 14.5, 0 ], "texture": "#texture" },
        "up":    { "uv": [ 14, 0, 14.5, 0.5 ], "texture": "#texture" },
        "north": { "uv": [ 14, 0, 14.5, 0.5 ], "texture": "#texture" },
        "south": { "uv": [ 16, 0, 15.5, 0.5 ], "texture": "#texture" },
        "west":  { "uv": [ 14, 0, 16, 0.5 ], "texture": "#texture" },
        "east":  { "uv": [ 16, 0, 14, 0.5 ], "texture": "#texture" }
    }
},
{
    "from": [ 7, 12, 10.5 ],
    "to": [ 7.25, 12.5, 11 ],
    "faces": {
        "down":  { "uv": [ 14, 0.5, 14.5, 0 ], "texture": "#texture" },
        "up":    { "uv": [ 14, 0, 14.5, 0.5 ], "texture": "#texture" },
        "north": { "uv": [ 14, 0, 14.5, 0.5 ], "texture": "#texture" },
        "south": { "uv": [ 16, 0, 15.5, 0.5 ], "texture": "#texture" },
        "west":  { "uv": [ 14, 0, 16, 0.5 ], "texture": "#texture" },
        "east":  { "uv": [ 16, 0, 14, 0.5 ], "texture": "#texture" }
    }
},
{
    "from": [ 7, 11.5, 10 ],
    "to": [ 7.25, 12, 10.5 ],
    "faces": {
        "down":  { "uv": [ 14, 0.5, 14.5, 0 ], "texture": "#texture" },
        "up":    { "uv": [ 14, 0, 14.5, 0.5 ], "texture": "#texture" },
        "north": { "uv": [ 14, 0, 14.5, 0.5 ], "texture": "#texture" },
        "south": { "uv": [ 16, 0, 15.5, 0.5 ], "texture": "#texture" },
        "west":  { "uv": [ 14, 0, 16, 0.5 ], "texture": "#texture" },
        "east":  { "uv": [ 16, 0, 14, 0.5 ], "texture": "#texture" }
    }
},
{
    "from": [ 7, 11, 9.5 ],
    "to": [ 7.25, 11.5, 10 ],
    "faces": {
        "down":  { "uv": [ 14, 0.5, 14.5, 0 ], "texture": "#texture" },
        "up":    { "uv": [ 14, 0, 14.5, 0.5 ], "texture": "#texture" },
        "north": { "uv": [ 14, 0, 14.5, 0.5 ], "texture": "#texture" },
        "south": { "uv": [ 16, 0, 15.5, 0.5 ], "texture": "#texture" },
        "west":  { "uv": [ 14, 0, 16, 0.5 ], "texture": "#texture" },
        "east":  { "uv": [ 16, 0, 14, 0.5 ], "texture": "#texture" }
    }
},
{
    "from": [ 7, 10.5, 9 ],
    "to": [ 7.25, 11, 9.5 ],
    "faces": {
        "down":  { "uv": [ 14, 0.5, 14.5, 0 ], "texture": "#texture" },
        "up":    { "uv": [ 14, 0, 14.5, 0.5 ], "texture": "#texture" },
        "north": { "uv": [ 14, 0, 14.5, 0.5 ], "texture": "#texture" },
        "south": { "uv": [ 16, 0, 15.5, 0.5 ], "texture": "#texture" },
        "west":  { "uv": [ 14, 0, 16, 0.5 ], "texture": "#texture" },
        "east":  { "uv": [ 16, 0, 14, 0.5 ], "texture": "#texture" }
    }
},
{
    "from": [ 7, 10, 8.5 ],
    "to": [ 7.25, 10.5, 9 ],
    "faces": {
        "down":  { "uv": [ 14, 0.5, 14.5, 0 ], "texture": "#texture" },
        "up":    { "uv": [ 14, 0, 14.5, 0.5 ], "texture": "#texture" },
        "north": { "uv": [ 14, 0, 14.5, 0.5 ], "texture": "#texture" },
        "south": { "uv": [ 16, 0, 15.5, 0.5 ], "texture": "#texture" },
        "west":  { "uv": [ 14, 0, 16, 0.5 ], "texture": "#texture" },
        "east":  { "uv": [ 16, 0, 14, 0.5 ], "texture": "#texture" }
    }
},
{
    "from": [ 7, 9.5, 8 ],
    "to": [ 7.25, 10, 8.5 ],
    "faces": {
        "down":  { "uv": [ 14, 0.5, 14.5, 0 ], "texture": "#texture" },
        "up":    { "uv": [ 14, 0, 14.5, 0.5 ], "texture": "#texture" },
        "north": { "uv": [ 14, 0, 14.5, 0.5 ], "texture": "#texture" },
        "south": { "uv": [ 16, 0, 15.5, 0.5 ], "texture": "#texture" },
        "west":  { "uv": [ 14, 0, 16, 0.5 ], "texture": "#texture" },
        "east":  { "uv": [ 16, 0, 14, 0.5 ], "texture": "#texture" }
    }
},
{
    "from": [ 7, 9, 7.5 ],
    "to": [ 7.25, 9.5, 8 ],
    "faces": {
        "down":  { "uv": [ 14, 0.5, 14.5, 0 ], "texture": "#texture" },
        "up":    { "uv": [ 14, 0, 14.5, 0.5 ], "texture": "#texture" },
        "north": { "uv": [ 14, 0, 14.5, 0.5 ], "texture": "#texture" },
        "south": { "uv": [ 16, 0, 15.5, 0.5 ], "texture": "#texture" },
        "west":  { "uv": [ 14, 0, 16, 0.5 ], "texture": "#texture" },
        "east":  { "uv": [ 16, 0, 14, 0.5 ], "texture": "#texture" }
    }
},
{
    "from": [ 7, 8.5, 7 ],
    "to": [ 7.25, 9, 7.5 ],
    "faces": {
        "down":  { "uv": [ 14, 0.5, 14.5, 0 ], "texture": "#texture" },
        "up":    { "uv": [ 14, 0, 14.5, 0.5 ], "texture": "#texture" },
        "north": { "uv": [ 14, 0, 14.5, 0.5 ], "texture": "#texture" },
        "south": { "uv": [ 16, 0, 15.5, 0.5 ], "texture": "#texture" },
        "west":  { "uv": [ 14, 0, 16, 0.5 ], "texture": "#texture" },
        "east":  { "uv": [ 16, 0, 14, 0.5 ], "texture": "#texture" }
    }
},
{
    "from": [ 7, 8, 6.5 ],
    "to": [ 7.25, 8.5, 7 ],
    "faces": {
        "down":  { "uv": [ 14, 0.5, 14.5, 0 ], "texture": "#texture" },
        "up":    { "uv": [ 14, 0, 14.5, 0.5 ], "texture": "#texture" },
        "north": { "uv": [ 14, 0, 14.5, 0.5 ], "texture": "#texture" },
        "south": { "uv": [ 16, 0, 15.5, 0.5 ], "texture": "#texture" },
        "west":  { "uv": [ 14, 0, 16, 0.5 ], "texture": "#texture" },
        "east":  { "uv": [ 16, 0, 14, 0.5 ], "texture": "#texture" }
    }
},
{
    "from": [ 7, 7.5, 6 ],
    "to": [ 7.25, 8, 6.5 ],
    "faces": {
        "down":  { "uv": [ 14, 0.5, 14.5, 0 ], "texture": "#texture" },
        "up":    { "uv": [ 14, 0, 14.5, 0.5 ], "texture": "#texture" },
        "north": { "uv": [ 14, 0, 14.5, 0.5 ], "texture": "#texture" },
        "south": { "uv": [ 16, 0, 15.5, 0.5 ], "texture": "#texture" },
        "west":  { "uv": [ 14, 0, 16, 0.5 ], "texture": "#texture" },
        "east":  { "uv": [ 16, 0, 14, 0.5 ], "texture": "#texture" }
    }
},
{
    "from": [ 7, 7, 5.5 ],
    "to": [ 7.25, 7.5, 6 ],
    "faces": {
        "down":  { "uv": [ 14, 0.5, 14.5, 0 ], "texture": "#texture" },
        "up":    { "uv": [ 14, 0, 14.5, 0.5 ], "texture": "#texture" },
        "north": { "uv": [ 14, 0, 14.5, 0.5 ], "texture": "#texture" },
        "south": { "uv": [ 16, 0, 15.5, 0.5 ], "texture": "#texture" },
        "west":  { "uv": [ 14, 0, 16, 0.5 ], "texture": "#texture" },
        "east":  { "uv": [ 16, 0, 14, 0.5 ], "texture": "#texture" }
    }
},
{
    "from": [ 7, 8.5, 10 ],
    "to": [ 7.25, 9, 10.5 ],
    "faces": {
        "down":  { "uv": [ 14, 0.5, 14.5, 0 ], "texture": "#texture" },
        "up":    { "uv": [ 14, 0, 14.5, 0.5 ], "texture": "#texture" },
        "north": { "uv": [ 14, 0, 14.5, 0.5 ], "texture": "#texture" },
        "south": { "uv": [ 16, 0, 15.5, 0.5 ], "texture": "#texture" },
        "west":  { "uv": [ 14, 0, 16, 0.5 ], "texture": "#texture" },
        "east":  { "uv": [ 16, 0, 14, 0.5 ], "texture": "#texture" }
    }
},
{
    "from": [ 7, 8, 9.5 ],
    "to": [ 7.25, 8.5, 10 ],
    "faces": {
        "down":  { "uv": [ 14, 0.5, 14.5, 0 ], "texture": "#texture" },
        "up":    { "uv": [ 14, 0, 14.5, 0.5 ], "texture": "#texture" },
        "north": { "uv": [ 14, 0, 14.5, 0.5 ], "texture": "#texture" },
        "south": { "uv": [ 16, 0, 15.5, 0.5 ], "texture": "#texture" },
        "west":  { "uv": [ 14, 0, 16, 0.5 ], "texture": "#texture" },
        "east":  { "uv": [ 16, 0, 14, 0.5 ], "texture": "#texture" }
    }
},
{
    "from": [ 7, 7.5, 9 ],
    "to": [ 7.25, 8, 9.5 ],
    "faces": {
        "down":  { "uv": [ 14, 0.5, 14.5, 0 ], "texture": "#texture" },
        "up":    { "uv": [ 14, 0, 14.5, 0.5 ], "texture": "#texture" },
        "north": { "uv": [ 14, 0, 14.5, 0.5 ], "texture": "#texture" },
        "south": { "uv": [ 16, 0, 15.5, 0.5 ], "texture": "#texture" },
        "west":  { "uv": [ 14, 0, 16, 0.5 ], "texture": "#texture" },
        "east":  { "uv": [ 16, 0, 14, 0.5 ], "texture": "#texture" }
    }
},
{
    "from": [ 7, 7, 8.5 ],
    "to": [ 7.25, 7.5, 9 ],
    "faces": {
        "down":  { "uv": [ 14, 0.5, 14.5, 0 ], "texture": "#texture" },
        "up":    { "uv": [ 14, 0, 14.5, 0.5 ], "texture": "#texture" },
        "north": { "uv": [ 14, 0, 14.5, 0.5 ], "texture": "#texture" },
        "south": { "uv": [ 16, 0, 15.5, 0.5 ], "texture": "#texture" },
        "west":  { "uv": [ 14, 0, 16, 0.5 ], "texture": "#texture" },
        "east":  { "uv": [ 16, 0, 14, 0.5 ], "texture": "#texture" }
    }
},
{
    "from": [ 7, 6.5, 8 ],
    "to": [ 7.25, 7, 8.5 ],
    "faces": {
        "down":  { "uv": [ 14, 0.5, 14.5, 0 ], "texture": "#texture" },
        "up":    { "uv": [ 14, 0, 14.5, 0.5 ], "texture": "#texture" },
        "north": { "uv": [ 14, 0, 14.5, 0.5 ], "texture": "#texture" },
        "south": { "uv": [ 16, 0, 15.5, 0.5 ], "texture": "#texture" },
        "west":  { "uv": [ 14, 0, 16, 0.5 ], "texture": "#texture" },
        "east":  { "uv": [ 16, 0, 14, 0.5 ], "texture": "#texture" }
    }
},
{
    "from": [ 7, 6, 7.5 ],
    "to": [ 7.25, 6.5, 8 ],
    "faces": {
        "down":  { "uv": [ 14, 0.5, 14.5, 0 ], "texture": "#texture" },
        "up":    { "uv": [ 14, 0, 14.5, 0.5 ], "texture": "#texture" },
        "north": { "uv": [ 14, 0, 14.5, 0.5 ], "texture": "#texture" },
        "south": { "uv": [ 16, 0, 15.5, 0.5 ], "texture": "#texture" },
        "west":  { "uv": [ 14, 0, 16, 0.5 ], "texture": "#texture" },
        "east":  { "uv": [ 16, 0, 14, 0.5 ], "texture": "#texture" }
    }
},
{
    "from": [ 7, 5.5, 7 ],
    "to": [ 7.25, 6, 7.5 ],
    "faces": {
        "down":  { "uv": [ 14, 0.5, 14.5, 0 ], "texture": "#texture" },
        "up":    { "uv": [ 14, 0, 14.5, 0.5 ], "texture": "#texture" },
        "north": { "uv": [ 14, 0, 14.5, 0.5 ], "texture": "#texture" },
        "south": { "uv": [ 16, 0, 15.5, 0.5 ], "texture": "#texture" },
        "west":  { "uv": [ 14, 0, 16, 0.5 ], "texture": "#texture" },
        "east":  { "uv": [ 16, 0, 14, 0.5 ], "texture": "#texture" }
    }
},
{
    "from": [ 6.75, 15, 14 ],
    "to": [ 7.5, 15.5, 15.5 ],
    "faces": {
        "down":  { "uv": [ 14, 1, 14.5, 0.5 ], "texture": "#texture" },
        "up":    { "uv": [ 14, 0.5, 14.5, 1 ], "texture": "#texture" },
        "north": { "uv": [ 14, 0.5, 14.5, 1 ], "texture": "#texture" },
        "south": { "uv": [ 15.5, 0.5, 15, 1 ], "texture": "#texture" },
        "west":  { "uv": [ 14, 0.5, 15.5, 1 ], "texture": "#texture" },
        "east":  { "uv": [ 15.5, 0.5, 14, 1 ], "texture": "#texture" }
    }
},
{
    "from": [ 6.75, 14.5, 13.5 ],
    "to": [ 7.5, 15, 14 ],
    "faces": {
        "down":  { "uv": [ 14, 1, 14.5, 0.5 ], "texture": "#texture" },
        "up":    { "uv": [ 14, 0.5, 14.5, 1 ], "texture": "#texture" },
        "north": { "uv": [ 14, 0.5, 14.5, 1 ], "texture": "#texture" },
        "south": { "uv": [ 15, 0.5, 14.5, 1 ], "texture": "#texture" },
        "west":  { "uv": [ 14, 0.5, 15, 1 ], "texture": "#texture" },
        "east":  { "uv": [ 15, 0.5, 14, 1 ], "texture": "#texture" }
    }
},
{
    "from": [ 6.75, 14, 13 ],
    "to": [ 7.5, 14.5, 13.5 ],
    "faces": {
        "down":  { "uv": [ 14, 1, 14.5, 0.5 ], "texture": "#texture" },
        "up":    { "uv": [ 14, 0.5, 14.5, 1 ], "texture": "#texture" },
        "north": { "uv": [ 14, 0.5, 14.5, 1 ], "texture": "#texture" },
        "south": { "uv": [ 15, 0.5, 14.5, 1 ], "texture": "#texture" },
        "west":  { "uv": [ 14, 0.5, 15, 1 ], "texture": "#texture" },
        "east":  { "uv": [ 15, 0.5, 14, 1 ], "texture": "#texture" }
    }
},
{
    "from": [ 6.75, 14, 15 ],
    "to": [ 7.5, 15, 15.5 ],
    "faces": {
        "down":  { "uv": [ 14, 1, 14.5, 0.5 ], "texture": "#texture" },
        "up":    { "uv": [ 14, 0.5, 14.5, 1 ], "texture": "#texture" },
        "north": { "uv": [ 14, 0.5, 14.5, 1 ], "texture": "#texture" },
        "south": { "uv": [ 15, 0.5, 14.5, 1 ], "texture": "#texture" },
        "west":  { "uv": [ 14, 0.5, 15, 1 ], "texture": "#texture" },
        "east":  { "uv": [ 15, 0.5, 14, 1 ], "texture": "#texture" }
    }
},
{
    "from": [ 6.75, 13.5, 14.5 ],
    "to": [ 7.5, 14, 15 ],
    "faces": {
        "down":  { "uv": [ 14, 1, 14.5, 0.5 ], "texture": "#texture" },
        "up":    { "uv": [ 14, 0.5, 14.5, 1 ], "texture": "#texture" },
        "north": { "uv": [ 14, 0.5, 14.5, 1 ], "texture": "#texture" },
        "south": { "uv": [ 15, 0.5, 14.5, 1 ], "texture": "#texture" },
        "west":  { "uv": [ 14, 0.5, 15, 1 ], "texture": "#texture" },
        "east":  { "uv": [ 15, 0.5, 14, 1 ], "texture": "#texture" }
    }
},
{
    "from": [ 6.75, 13, 14 ],
    "to": [ 7.5, 13.5, 14.5 ],
    "faces": {
        "down":  { "uv": [ 14, 1, 14.5, 0.5 ], "texture": "#texture" },
        "up":    { "uv": [ 14, 0.5, 14.5, 1 ], "texture": "#texture" },
        "north": { "uv": [ 14, 0.5, 14.5, 1 ], "texture": "#texture" },
        "south": { "uv": [ 15, 0.5, 14.5, 1 ], "texture": "#texture" },
        "west":  { "uv": [ 14, 0.5, 15, 1 ], "texture": "#texture" },
        "east":  { "uv": [ 15, 0.5, 14, 1 ], "texture": "#texture" }
    }
},
{
    "from": [ 6.75, 12.5, 13.5 ],
    "to": [ 7.5, 13, 14 ],
    "faces": {
        "down":  { "uv": [ 14, 1, 14.5, 0.5 ], "texture": "#texture" },
        "up":    { "uv": [ 14, 0.5, 14.5, 1 ], "texture": "#texture" },
        "north": { "uv": [ 14, 0.5, 14.5, 1 ], "texture": "#texture" },
        "south": { "uv": [ 15, 0.5, 14.5, 1 ], "texture": "#texture" },
        "west":  { "uv": [ 14, 0.5, 15, 1 ], "texture": "#texture" },
        "east":  { "uv": [ 15, 0.5, 14, 1 ], "texture": "#texture" }
    }
},
{
    "from": [ 6.75, 12, 13 ],
    "to": [ 7.5, 12.5, 13.5 ],
    "faces": {
        "down":  { "uv": [ 14, 1, 14.5, 0.5 ], "texture": "#texture" },
        "up":    { "uv": [ 14, 0.5, 14.5, 1 ], "texture": "#texture" },
        "north": { "uv": [ 14, 0.5, 14.5, 1 ], "texture": "#texture" },
        "south": { "uv": [ 15, 0.5, 14.5, 1 ], "texture": "#texture" },
        "west":  { "uv": [ 14, 0.5, 15, 1 ], "texture": "#texture" },
        "east":  { "uv": [ 15, 0.5, 14, 1 ], "texture": "#texture" }
    }
},
{
    "from": [ 6.75, 11.5, 12.5 ],
    "to": [ 7.5, 12, 13 ],
    "faces": {
        "down":  { "uv": [ 14, 1, 14.5, 0.5 ], "texture": "#texture" },
        "up":    { "uv": [ 14, 0.5, 14.5, 1 ], "texture": "#texture" },
        "north": { "uv": [ 14, 0.5, 14.5, 1 ], "texture": "#texture" },
        "south": { "uv": [ 15, 0.5, 14.5, 1 ], "texture": "#texture" },
        "west":  { "uv": [ 14, 0.5, 15, 1 ], "texture": "#texture" },
        "east":  { "uv": [ 15, 0.5, 14, 1 ], "texture": "#texture" }
    }
},
{
    "from": [ 6.75, 11, 12 ],
    "to": [ 7.5, 11.5, 12.5 ],
    "faces": {
        "down":  { "uv": [ 14, 1, 14.5, 0.5 ], "texture": "#texture" },
        "up":    { "uv": [ 14, 0.5, 14.5, 1 ], "texture": "#texture" },
        "north": { "uv": [ 14, 0.5, 14.5, 1 ], "texture": "#texture" },
        "south": { "uv": [ 15, 0.5, 14.5, 1 ], "texture": "#texture" },
        "west":  { "uv": [ 14, 0.5, 15, 1 ], "texture": "#texture" },
        "east":  { "uv": [ 15, 0.5, 14, 1 ], "texture": "#texture" }
    }
},
{
    "from": [ 6.75, 10.5, 11.5 ],
    "to": [ 7.5, 11, 12 ],
    "faces": {
        "down":  { "uv": [ 14, 1, 14.5, 0.5 ], "texture": "#texture" },
        "up":    { "uv": [ 14, 0.5, 14.5, 1 ], "texture": "#texture" },
        "north": { "uv": [ 14, 0.5, 14.5, 1 ], "texture": "#texture" },
        "south": { "uv": [ 15, 0.5, 14.5, 1 ], "texture": "#texture" },
        "west":  { "uv": [ 14, 0.5, 15, 1 ], "texture": "#texture" },
        "east":  { "uv": [ 15, 0.5, 14, 1 ], "texture": "#texture" }
    }
},
{
    "from": [ 6.75, 10, 11 ],
    "to": [ 7.5, 10.5, 11.5 ],
    "faces": {
        "down":  { "uv": [ 14, 1, 14.5, 0.5 ], "texture": "#texture" },
        "up":    { "uv": [ 14, 0.5, 14.5, 1 ], "texture": "#texture" },
        "north": { "uv": [ 14, 0.5, 14.5, 1 ], "texture": "#texture" },
        "south": { "uv": [ 15, 0.5, 14.5, 1 ], "texture": "#texture" },
        "west":  { "uv": [ 14, 0.5, 15, 1 ], "texture": "#texture" },
        "east":  { "uv": [ 15, 0.5, 14, 1 ], "texture": "#texture" }
    }
},
{
    "from": [ 6.75, 9.5, 10.5 ],
    "to": [ 7.5, 10, 11 ],
    "faces": {
        "down":  { "uv": [ 14, 1, 14.5, 0.5 ], "texture": "#texture" },
        "up":    { "uv": [ 14, 0.5, 14.5, 1 ], "texture": "#texture" },
        "north": { "uv": [ 14, 0.5, 14.5, 1 ], "texture": "#texture" },
        "south": { "uv": [ 15, 0.5, 14.5, 1 ], "texture": "#texture" },
        "west":  { "uv": [ 14, 0.5, 15, 1 ], "texture": "#texture" },
        "east":  { "uv": [ 15, 0.5, 14, 1 ], "texture": "#texture" }
    }
},
{
    "from": [ 6.75, 9, 10 ],
    "to": [ 7.5, 9.5, 10.5 ],
    "faces": {
        "down":  { "uv": [ 14, 1, 14.5, 0.5 ], "texture": "#texture" },
        "up":    { "uv": [ 14, 0.5, 14.5, 1 ], "texture": "#texture" },
        "north": { "uv": [ 14, 0.5, 14.5, 1 ], "texture": "#texture" },
        "south": { "uv": [ 15, 0.5, 14.5, 1 ], "texture": "#texture" },
        "west":  { "uv": [ 14, 0.5, 15, 1 ], "texture": "#texture" },
        "east":  { "uv": [ 15, 0.5, 14, 1 ], "texture": "#texture" }
    }
},
{
    "from": [ 6.75, 8.5, 9.5 ],
    "to": [ 7.5, 9, 10 ],
    "faces": {
        "down":  { "uv": [ 14, 1, 14.5, 0.5 ], "texture": "#texture" },
        "up":    { "uv": [ 14, 0.5, 14.5, 1 ], "texture": "#texture" },
        "north": { "uv": [ 14, 0.5, 14.5, 1 ], "texture": "#texture" },
        "south": { "uv": [ 15, 0.5, 14.5, 1 ], "texture": "#texture" },
        "west":  { "uv": [ 14, 0.5, 15, 1 ], "texture": "#texture" },
        "east":  { "uv": [ 15, 0.5, 14, 1 ], "texture": "#texture" }
    }
},
{
    "from": [ 6.75, 8, 9 ],
    "to": [ 7.5, 8.5, 9.5 ],
    "faces": {
        "down":  { "uv": [ 14, 1, 14.5, 0.5 ], "texture": "#texture" },
        "up":    { "uv": [ 14, 0.5, 14.5, 1 ], "texture": "#texture" },
        "north": { "uv": [ 14, 0.5, 14.5, 1 ], "texture": "#texture" },
        "south": { "uv": [ 15, 0.5, 14.5, 1 ], "texture": "#texture" },
        "west":  { "uv": [ 14, 0.5, 15, 1 ], "texture": "#texture" },
        "east":  { "uv": [ 15, 0.5, 14, 1 ], "texture": "#texture" }
    }
},
{
    "from": [ 6.75, 7.5, 8.5 ],
    "to": [ 7.5, 8, 9 ],
    "faces": {
        "down":  { "uv": [ 14, 1, 14.5, 0.5 ], "texture": "#texture" },
        "up":    { "uv": [ 14, 0.5, 14.5, 1 ], "texture": "#texture" },
        "north": { "uv": [ 14, 0.5, 14.5, 1 ], "texture": "#texture" },
        "south": { "uv": [ 15, 0.5, 14.5, 1 ], "texture": "#texture" },
        "west":  { "uv": [ 14, 0.5, 15, 1 ], "texture": "#texture" },
        "east":  { "uv": [ 15, 0.5, 14, 1 ], "texture": "#texture" }
    }
},
{
    "from": [ 6.75, 7, 8 ],
    "to": [ 7.5, 7.5, 8.5 ],
    "faces": {
        "down":  { "uv": [ 14, 1, 14.5, 0.5 ], "texture": "#texture" },
        "up":    { "uv": [ 14, 0.5, 14.5, 1 ], "texture": "#texture" },
        "north": { "uv": [ 14, 0.5, 14.5, 1 ], "texture": "#texture" },
        "south": { "uv": [ 15, 0.5, 14.5, 1 ], "texture": "#texture" },
        "west":  { "uv": [ 14, 0.5, 15, 1 ], "texture": "#texture" },
        "east":  { "uv": [ 15, 0.5, 14, 1 ], "texture": "#texture" }
    }
},
{
    "from": [ 6.75, 6.5, 7.5 ],
    "to": [ 7.5, 7, 8 ],
    "faces": {
        "down":  { "uv": [ 14, 1, 14.5, 0.5 ], "texture": "#texture" },
        "up":    { "uv": [ 14, 0.5, 14.5, 1 ], "texture": "#texture" },
        "north": { "uv": [ 14, 0.5, 14.5, 1 ], "texture": "#texture" },
        "south": { "uv": [ 15, 0.5, 14.5, 1 ], "texture": "#texture" },
        "west":  { "uv": [ 14, 0.5, 15, 1 ], "texture": "#texture" },
        "east":  { "uv": [ 15, 0.5, 14, 1 ], "texture": "#texture" }
    }
},
{
    "from": [ 6.75, 5.5, 6.5 ],
    "to": [ 7.5, 6, 7 ],
    "faces": {
        "down":  { "uv": [ 14, 1, 14.5, 0.5 ], "texture": "#texture" },
        "up":    { "uv": [ 14, 0.5, 14.5, 1 ], "texture": "#texture" },
        "north": { "uv": [ 14, 0.5, 14.5, 1 ], "texture": "#texture" },
        "south": { "uv": [ 15, 0.5, 14.5, 1 ], "texture": "#texture" },
        "west":  { "uv": [ 14, 0.5, 15, 1 ], "texture": "#texture" },
        "east":  { "uv": [ 15, 0.5, 14, 1 ], "texture": "#texture" }
    }
},
{
    "from": [ 6.75, 6, 7 ],
    "to": [ 7.5, 6.5, 7.5 ],
    "faces": {
        "down":  { "uv": [ 14, 1, 14.5, 0.5 ], "texture": "#texture" },
        "up":    { "uv": [ 14, 0.5, 14.5, 1 ], "texture": "#texture" },
        "north": { "uv": [ 14, 0.5, 14.5, 1 ], "texture": "#texture" },
        "south": { "uv": [ 15, 0.5, 14.5, 1 ], "texture": "#texture" },
        "west":  { "uv": [ 14, 0.5, 15, 1 ], "texture": "#texture" },
        "east":  { "uv": [ 15, 0.5, 14, 1 ], "texture": "#texture" }
    }
},
{
    "from": [ 6.75, 13.5, 12.5 ],
    "to": [ 7.5, 14, 13 ],
    "faces": {
        "down":  { "uv": [ 14, 1, 14.5, 0.5 ], "texture": "#texture" },
        "up":    { "uv": [ 14, 0.5, 14.5, 1 ], "texture": "#texture" },
        "north": { "uv": [ 14, 0.5, 14.5, 1 ], "texture": "#texture" },
        "south": { "uv": [ 15, 0.5, 14.5, 1 ], "texture": "#texture" },
        "west":  { "uv": [ 14, 0.5, 15, 1 ], "texture": "#texture" },
        "east":  { "uv": [ 15, 0.5, 14, 1 ], "texture": "#texture" }
    }
},
{
    "from": [ 6.75, 13, 12 ],
    "to": [ 7.5, 13.5, 12.5 ],
    "faces": {
        "down":  { "uv": [ 14, 1, 14.5, 0.5 ], "texture": "#texture" },
        "up":    { "uv": [ 14, 0.5, 14.5, 1 ], "texture": "#texture" },
        "north": { "uv": [ 14, 0.5, 14.5, 1 ], "texture": "#texture" },
        "south": { "uv": [ 15, 0.5, 14.5, 1 ], "texture": "#texture" },
        "west":  { "uv": [ 14, 0.5, 15, 1 ], "texture": "#texture" },
        "east":  { "uv": [ 15, 0.5, 14, 1 ], "texture": "#texture" }
    }
},
{
    "from": [ 6.75, 12.5, 11.5 ],
    "to": [ 7.5, 13, 12 ],
    "faces": {
        "down":  { "uv": [ 14, 1, 14.5, 0.5 ], "texture": "#texture" },
        "up":    { "uv": [ 14, 0.5, 14.5, 1 ], "texture": "#texture" },
        "north": { "uv": [ 14, 0.5, 14.5, 1 ], "texture": "#texture" },
        "south": { "uv": [ 15, 0.5, 14.5, 1 ], "texture": "#texture" },
        "west":  { "uv": [ 14, 0.5, 15, 1 ], "texture": "#texture" },
        "east":  { "uv": [ 15, 0.5, 14, 1 ], "texture": "#texture" }
    }
},
{
    "from": [ 6.75, 12, 11 ],
    "to": [ 7.5, 12.5, 11.5 ],
    "faces": {
        "down":  { "uv": [ 14, 1, 14.5, 0.5 ], "texture": "#texture" },
        "up":    { "uv": [ 14, 0.5, 14.5, 1 ], "texture": "#texture" },
        "north": { "uv": [ 14, 0.5, 14.5, 1 ], "texture": "#texture" },
        "south": { "uv": [ 15, 0.5, 14.5, 1 ], "texture": "#texture" },
        "west":  { "uv": [ 14, 0.5, 15, 1 ], "texture": "#texture" },
        "east":  { "uv": [ 15, 0.5, 14, 1 ], "texture": "#texture" }
    }
},
{
    "from": [ 6.75, 11.5, 10.5 ],
    "to": [ 7.5, 12, 11 ],
    "faces": {
        "down":  { "uv": [ 14, 1, 14.5, 0.5 ], "texture": "#texture" },
        "up":    { "uv": [ 14, 0.5, 14.5, 1 ], "texture": "#texture" },
        "north": { "uv": [ 14, 0.5, 14.5, 1 ], "texture": "#texture" },
        "south": { "uv": [ 15, 0.5, 14.5, 1 ], "texture": "#texture" },
        "west":  { "uv": [ 14, 0.5, 15, 1 ], "texture": "#texture" },
        "east":  { "uv": [ 15, 0.5, 14, 1 ], "texture": "#texture" }
    }
},
{
    "from": [ 6.75, 11, 10 ],
    "to": [ 7.5, 11.5, 10.5 ],
    "faces": {
        "down":  { "uv": [ 14, 1, 14.5, 0.5 ], "texture": "#texture" },
        "up":    { "uv": [ 14, 0.5, 14.5, 1 ], "texture": "#texture" },
        "north": { "uv": [ 14, 0.5, 14.5, 1 ], "texture": "#texture" },
        "south": { "uv": [ 15, 0.5, 14.5, 1 ], "texture": "#texture" },
        "west":  { "uv": [ 14, 0.5, 15, 1 ], "texture": "#texture" },
        "east":  { "uv": [ 15, 0.5, 14, 1 ], "texture": "#texture" }
    }
},
{
    "from": [ 6.75, 10.5, 9.5 ],
    "to": [ 7.5, 11, 10 ],
    "faces": {
        "down":  { "uv": [ 14, 1, 14.5, 0.5 ], "texture": "#texture" },
        "up":    { "uv": [ 14, 0.5, 14.5, 1 ], "texture": "#texture" },
        "north": { "uv": [ 14, 0.5, 14.5, 1 ], "texture": "#texture" },
        "south": { "uv": [ 15, 0.5, 14.5, 1 ], "texture": "#texture" },
        "west":  { "uv": [ 14, 0.5, 15, 1 ], "texture": "#texture" },
        "east":  { "uv": [ 15, 0.5, 14, 1 ], "texture": "#texture" }
    }
},
{
    "from": [ 6.75, 10, 9 ],
    "to": [ 7.5, 10.5, 9.5 ],
    "faces": {
        "down":  { "uv": [ 14, 1, 14.5, 0.5 ], "texture": "#texture" },
        "up":    { "uv": [ 14, 0.5, 14.5, 1 ], "texture": "#texture" },
        "north": { "uv": [ 14, 0.5, 14.5, 1 ], "texture": "#texture" },
        "south": { "uv": [ 15, 0.5, 14.5, 1 ], "texture": "#texture" },
        "west":  { "uv": [ 14, 0.5, 15, 1 ], "texture": "#texture" },
        "east":  { "uv": [ 15, 0.5, 14, 1 ], "texture": "#texture" }
    }
},
{
    "from": [ 6.75, 9.5, 8.5 ],
    "to": [ 7.5, 10, 9 ],
    "faces": {
        "down":  { "uv": [ 14, 1, 14.5, 0.5 ], "texture": "#texture" },
        "up":    { "uv": [ 14, 0.5, 14.5, 1 ], "texture": "#texture" },
        "north": { "uv": [ 14, 0.5, 14.5, 1 ], "texture": "#texture" },
        "south": { "uv": [ 15, 0.5, 14.5, 1 ], "texture": "#texture" },
        "west":  { "uv": [ 14, 0.5, 15, 1 ], "texture": "#texture" },
        "east":  { "uv": [ 15, 0.5, 14, 1 ], "texture": "#texture" }
    }
},
{
    "from": [ 6.75, 9, 8 ],
    "to": [ 7.5, 9.5, 8.5 ],
    "faces": {
        "down":  { "uv": [ 14, 1, 14.5, 0.5 ], "texture": "#texture" },
        "up":    { "uv": [ 14, 0.5, 14.5, 1 ], "texture": "#texture" },
        "north": { "uv": [ 14, 0.5, 14.5, 1 ], "texture": "#texture" },
        "south": { "uv": [ 15, 0.5, 14.5, 1 ], "texture": "#texture" },
        "west":  { "uv": [ 14, 0.5, 15, 1 ], "texture": "#texture" },
        "east":  { "uv": [ 15, 0.5, 14, 1 ], "texture": "#texture" }
    }
},
{
    "from": [ 6.75, 8.5, 7.5 ],
    "to": [ 7.5, 9, 8 ],
    "faces": {
        "down":  { "uv": [ 14, 1, 14.5, 0.5 ], "texture": "#texture" },
        "up":    { "uv": [ 14, 0.5, 14.5, 1 ], "texture": "#texture" },
        "north": { "uv": [ 14, 0.5, 14.5, 1 ], "texture": "#texture" },
        "south": { "uv": [ 15, 0.5, 14.5, 1 ], "texture": "#texture" },
        "west":  { "uv": [ 14, 0.5, 15, 1 ], "texture": "#texture" },
        "east":  { "uv": [ 15, 0.5, 14, 1 ], "texture": "#texture" }
    }
},
{
    "from": [ 6.75, 8, 7 ],
    "to": [ 7.5, 8.5, 7.5 ],
    "faces": {
        "down":  { "uv": [ 14, 1, 14.5, 0.5 ], "texture": "#texture" },
        "up":    { "uv": [ 14, 0.5, 14.5, 1 ], "texture": "#texture" },
        "north": { "uv": [ 14, 0.5, 14.5, 1 ], "texture": "#texture" },
        "south": { "uv": [ 15, 0.5, 14.5, 1 ], "texture": "#texture" },
        "west":  { "uv": [ 14, 0.5, 15, 1 ], "texture": "#texture" },
        "east":  { "uv": [ 15, 0.5, 14, 1 ], "texture": "#texture" }
    }
},
{
    "from": [ 6.75, 7.5, 6.5 ],
    "to": [ 7.5, 8, 7 ],
    "faces": {
        "down":  { "uv": [ 14, 1, 14.5, 0.5 ], "texture": "#texture" },
        "up":    { "uv": [ 14, 0.5, 14.5, 1 ], "texture": "#texture" },
        "north": { "uv": [ 14, 0.5, 14.5, 1 ], "texture": "#texture" },
        "south": { "uv": [ 15, 0.5, 14.5, 1 ], "texture": "#texture" },
        "west":  { "uv": [ 14, 0.5, 15, 1 ], "texture": "#texture" },
        "east":  { "uv": [ 15, 0.5, 14, 1 ], "texture": "#texture" }
    }
},
{
    "from": [ 6.75, 7, 6 ],
    "to": [ 7.5, 7.5, 6.5 ],
    "faces": {
        "down":  { "uv": [ 14, 1, 14.5, 0.5 ], "texture": "#texture" },
        "up":    { "uv": [ 14, 0.5, 14.5, 1 ], "texture": "#texture" },
        "north": { "uv": [ 14, 0.5, 14.5, 1 ], "texture": "#texture" },
        "south": { "uv": [ 15, 0.5, 14.5, 1 ], "texture": "#texture" },
        "west":  { "uv": [ 14, 0.5, 15, 1 ], "texture": "#texture" },
        "east":  { "uv": [ 15, 0.5, 14, 1 ], "texture": "#texture" }
    }
},
{
    "from": [ 6.75, 6.5, 5.5 ],
    "to": [ 7.5, 7, 6 ],
    "faces": {
        "down":  { "uv": [ 14, 1, 14.5, 0.5 ], "texture": "#texture" },
        "up":    { "uv": [ 14, 0.5, 14.5, 1 ], "texture": "#texture" },
        "north": { "uv": [ 14, 0.5, 14.5, 1 ], "texture": "#texture" },
        "south": { "uv": [ 15, 0.5, 14.5, 1 ], "texture": "#texture" },
        "west":  { "uv": [ 14, 0.5, 15, 1 ], "texture": "#texture" },
        "east":  { "uv": [ 15, 0.5, 14, 1 ], "texture": "#texture" }
    }
},
{
    "from": [ 6.5, 14, 14 ],
    "to": [ 7.75, 15, 15 ],
    "faces": {
        "down":  { "uv": [ 14, 2, 14.5, 1.5 ], "texture": "#texture" },
        "up":    { "uv": [ 14, 1, 14.5, 1.5 ], "texture": "#texture" },
        "north": { "uv": [ 14, 1, 14.5, 2 ], "texture": "#texture" },
        "south": { "uv": [ 15, 1, 14.5, 2 ], "texture": "#texture" },
        "west":  { "uv": [ 14, 1, 15, 2 ], "texture": "#texture" },
        "east":  { "uv": [ 15, 1, 14, 2 ], "texture": "#texture" }
    }
},
{
    "from": [ 6.5, 14, 13.5 ],
    "to": [ 7.75, 14.5, 14 ],
    "faces": {
        "down":  { "uv": [ 13.5, 2, 14, 1.5 ], "texture": "#texture" },
        "up":    { "uv": [ 13.5, 1.5, 14, 2 ], "texture": "#texture" },
        "north": { "uv": [ 13.5, 1.5, 14, 2 ], "texture": "#texture" },
        "south": { "uv": [ 14, 1.5, 13.5, 2 ], "texture": "#texture" },
        "west":  { "uv": [ 13.5, 1.5, 14, 2 ], "texture": "#texture" },
        "east":  { "uv": [ 14, 1.5, 13.5, 2 ], "texture": "#texture" }
    }
},
{
    "from": [ 6.5, 13.5, 13 ],
    "to": [ 7.75, 14, 13.5 ],
    "faces": {
        "down":  { "uv": [ 13.5, 2, 14, 1.5 ], "texture": "#texture" },
        "up":    { "uv": [ 13.5, 1.5, 14, 2 ], "texture": "#texture" },
        "north": { "uv": [ 13.5, 1.5, 14, 2 ], "texture": "#texture" },
        "south": { "uv": [ 14, 1.5, 13.5, 2 ], "texture": "#texture" },
        "west":  { "uv": [ 13.5, 1.5, 14, 2 ], "texture": "#texture" },
        "east":  { "uv": [ 14, 1.5, 13.5, 2 ], "texture": "#texture" }
    }
},
{
    "from": [ 6.5, 13, 12.5 ],
    "to": [ 7.75, 13.5, 13 ],
    "faces": {
        "down":  { "uv": [ 13.5, 2, 14, 1.5 ], "texture": "#texture" },
        "up":    { "uv": [ 13.5, 1.5, 14, 2 ], "texture": "#texture" },
        "north": { "uv": [ 13.5, 1.5, 14, 2 ], "texture": "#texture" },
        "south": { "uv": [ 14, 1.5, 13.5, 2 ], "texture": "#texture" },
        "west":  { "uv": [ 13.5, 1.5, 14, 2 ], "texture": "#texture" },
        "east":  { "uv": [ 14, 1.5, 13.5, 2 ], "texture": "#texture" }
    }
},
{
    "from": [ 6.5, 12.5, 12 ],
    "to": [ 7.75, 13, 12.5 ],
    "faces": {
        "down":  { "uv": [ 13.5, 2, 14, 1.5 ], "texture": "#texture" },
        "up":    { "uv": [ 13.5, 1.5, 14, 2 ], "texture": "#texture" },
        "north": { "uv": [ 13.5, 1.5, 14, 2 ], "texture": "#texture" },
        "south": { "uv": [ 14, 1.5, 13.5, 2 ], "texture": "#texture" },
        "west":  { "uv": [ 13.5, 1.5, 14, 2 ], "texture": "#texture" },
        "east":  { "uv": [ 14, 1.5, 13.5, 2 ], "texture": "#texture" }
    }
},
{
    "from": [ 6.5, 12, 11.5 ],
    "to": [ 7.75, 12.5, 12 ],
    "faces": {
        "down":  { "uv": [ 13.5, 2, 14, 1.5 ], "texture": "#texture" },
        "up":    { "uv": [ 13.5, 1.5, 14, 2 ], "texture": "#texture" },
        "north": { "uv": [ 13.5, 1.5, 14, 2 ], "texture": "#texture" },
        "south": { "uv": [ 14, 1.5, 13.5, 2 ], "texture": "#texture" },
        "west":  { "uv": [ 13.5, 1.5, 14, 2 ], "texture": "#texture" },
        "east":  { "uv": [ 14, 1.5, 13.5, 2 ], "texture": "#texture" }
    }
},
{
    "from": [ 6.5, 11.5, 11 ],
    "to": [ 7.75, 12, 11.5 ],
    "faces": {
        "down":  { "uv": [ 13.5, 2, 14, 1.5 ], "texture": "#texture" },
        "up":    { "uv": [ 13.5, 1.5, 14, 2 ], "texture": "#texture" },
        "north": { "uv": [ 13.5, 1.5, 14, 2 ], "texture": "#texture" },
        "south": { "uv": [ 14, 1.5, 13.5, 2 ], "texture": "#texture" },
        "west":  { "uv": [ 13.5, 1.5, 14, 2 ], "texture": "#texture" },
        "east":  { "uv": [ 14, 1.5, 13.5, 2 ], "texture": "#texture" }
    }
},
{
    "from": [ 6.5, 11, 10.5 ],
    "to": [ 7.75, 11.5, 11 ],
    "faces": {
        "down":  { "uv": [ 13.5, 2, 14, 1.5 ], "texture": "#texture" },
        "up":    { "uv": [ 13.5, 1.5, 14, 2 ], "texture": "#texture" },
        "north": { "uv": [ 13.5, 1.5, 14, 2 ], "texture": "#texture" },
        "south": { "uv": [ 14, 1.5, 13.5, 2 ], "texture": "#texture" },
        "west":  { "uv": [ 13.5, 1.5, 14, 2 ], "texture": "#texture" },
        "east":  { "uv": [ 14, 1.5, 13.5, 2 ], "texture": "#texture" }
    }
},
{
    "from": [ 6.5, 10.5, 10 ],
    "to": [ 7.75, 11, 10.5 ],
    "faces": {
        "down":  { "uv": [ 13.5, 2, 14, 1.5 ], "texture": "#texture" },
        "up":    { "uv": [ 13.5, 1.5, 14, 2 ], "texture": "#texture" },
        "north": { "uv": [ 13.5, 1.5, 14, 2 ], "texture": "#texture" },
        "south": { "uv": [ 14, 1.5, 13.5, 2 ], "texture": "#texture" },
        "west":  { "uv": [ 13.5, 1.5, 14, 2 ], "texture": "#texture" },
        "east":  { "uv": [ 14, 1.5, 13.5, 2 ], "texture": "#texture" }
    }
},
{
    "from": [ 6.5, 10, 9.5 ],
    "to": [ 7.75, 10.5, 10 ],
    "faces": {
        "down":  { "uv": [ 13.5, 2, 14, 1.5 ], "texture": "#texture" },
        "up":    { "uv": [ 13.5, 1.5, 14, 2 ], "texture": "#texture" },
        "north": { "uv": [ 13.5, 1.5, 14, 2 ], "texture": "#texture" },
        "south": { "uv": [ 14, 1.5, 13.5, 2 ], "texture": "#texture" },
        "west":  { "uv": [ 13.5, 1.5, 14, 2 ], "texture": "#texture" },
        "east":  { "uv": [ 14, 1.5, 13.5, 2 ], "texture": "#texture" }
    }
},
{
    "from": [ 6.5, 9.5, 9 ],
    "to": [ 7.75, 10, 9.5 ],
    "faces": {
        "down":  { "uv": [ 13.5, 2, 14, 1.5 ], "texture": "#texture" },
        "up":    { "uv": [ 13.5, 1.5, 14, 2 ], "texture": "#texture" },
        "north": { "uv": [ 13.5, 1.5, 14, 2 ], "texture": "#texture" },
        "south": { "uv": [ 14, 1.5, 13.5, 2 ], "texture": "#texture" },
        "west":  { "uv": [ 13.5, 1.5, 14, 2 ], "texture": "#texture" },
        "east":  { "uv": [ 14, 1.5, 13.5, 2 ], "texture": "#texture" }
    }
},
{
    "from": [ 6.5, 9, 8.5 ],
    "to": [ 7.75, 9.5, 9 ],
    "faces": {
        "down":  { "uv": [ 13.5, 2, 14, 1.5 ], "texture": "#texture" },
        "up":    { "uv": [ 13.5, 1.5, 14, 2 ], "texture": "#texture" },
        "north": { "uv": [ 13.5, 1.5, 14, 2 ], "texture": "#texture" },
        "south": { "uv": [ 14, 1.5, 13.5, 2 ], "texture": "#texture" },
        "west":  { "uv": [ 13.5, 1.5, 14, 2 ], "texture": "#texture" },
        "east":  { "uv": [ 14, 1.5, 13.5, 2 ], "texture": "#texture" }
    }
},
{
    "from": [ 6.5, 8.5, 8 ],
    "to": [ 7.75, 9, 8.5 ],
    "faces": {
        "down":  { "uv": [ 13.5, 2, 14, 1.5 ], "texture": "#texture" },
        "up":    { "uv": [ 13.5, 1.5, 14, 2 ], "texture": "#texture" },
        "north": { "uv": [ 13.5, 1.5, 14, 2 ], "texture": "#texture" },
        "south": { "uv": [ 14, 1.5, 13.5, 2 ], "texture": "#texture" },
        "west":  { "uv": [ 13.5, 1.5, 14, 2 ], "texture": "#texture" },
        "east":  { "uv": [ 14, 1.5, 13.5, 2 ], "texture": "#texture" }
    }
},
{
    "from": [ 6.5, 8, 7.5 ],
    "to": [ 7.75, 8.5, 8 ],
    "faces": {
        "down":  { "uv": [ 13.5, 2, 14, 1.5 ], "texture": "#texture" },
        "up":    { "uv": [ 13.5, 1.5, 14, 2 ], "texture": "#texture" },
        "north": { "uv": [ 13.5, 1.5, 14, 2 ], "texture": "#texture" },
        "south": { "uv": [ 14, 1.5, 13.5, 2 ], "texture": "#texture" },
        "west":  { "uv": [ 13.5, 1.5, 14, 2 ], "texture": "#texture" },
        "east":  { "uv": [ 14, 1.5, 13.5, 2 ], "texture": "#texture" }
    }
},
{
    "from": [ 6.5, 7.5, 7 ],
    "to": [ 7.75, 8, 7.5 ],
    "faces": {
        "down":  { "uv": [ 13.5, 2, 14, 1.5 ], "texture": "#texture" },
        "up":    { "uv": [ 13.5, 1.5, 14, 2 ], "texture": "#texture" },
        "north": { "uv": [ 13.5, 1.5, 14, 2 ], "texture": "#texture" },
        "south": { "uv": [ 14, 1.5, 13.5, 2 ], "texture": "#texture" },
        "west":  { "uv": [ 13.5, 1.5, 14, 2 ], "texture": "#texture" },
        "east":  { "uv": [ 14, 1.5, 13.5, 2 ], "texture": "#texture" }
    }
},
{
    "from": [ 6.5, 7, 6.5 ],
    "to": [ 7.75, 7.5, 7 ],
    "faces": {
        "down":  { "uv": [ 13.5, 2, 14, 1.5 ], "texture": "#texture" },
        "up":    { "uv": [ 13.5, 1.5, 14, 2 ], "texture": "#texture" },
        "north": { "uv": [ 13.5, 1.5, 14, 2 ], "texture": "#texture" },
        "south": { "uv": [ 14, 1.5, 13.5, 2 ], "texture": "#texture" },
        "west":  { "uv": [ 13.5, 1.5, 14, 2 ], "texture": "#texture" },
        "east":  { "uv": [ 14, 1.5, 13.5, 2 ], "texture": "#texture" }
    }
},
{
    "from": [ 6.5, 6.5, 6 ],
    "to": [ 7.75, 7, 6.5 ],
    "faces": {
        "down":  { "uv": [ 13.5, 2, 14, 1.5 ], "texture": "#texture" },
        "up":    { "uv": [ 13.5, 1.5, 14, 2 ], "texture": "#texture" },
        "north": { "uv": [ 13.5, 1.5, 14, 2 ], "texture": "#texture" },
        "south": { "uv": [ 14, 1.5, 13.5, 2 ], "texture": "#texture" },
        "west":  { "uv": [ 13.5, 1.5, 14, 2 ], "texture": "#texture" },
        "east":  { "uv": [ 14, 1.5, 13.5, 2 ], "texture": "#texture" }
    }
},
{
    "from": [ 6.5, 6, 5.5 ],
    "to": [ 7.75, 6.5, 6 ],
    "faces": {
        "down":  { "uv": [ 13.5, 2, 14, 1.5 ], "texture": "#texture" },
        "up":    { "uv": [ 13.5, 1.5, 14, 2 ], "texture": "#texture" },
        "north": { "uv": [ 13.5, 1.5, 14, 2 ], "texture": "#texture" },
        "south": { "uv": [ 14, 1.5, 13.5, 2 ], "texture": "#texture" },
        "west":  { "uv": [ 13.5, 1.5, 14, 2 ], "texture": "#texture" },
        "east":  { "uv": [ 14, 1.5, 13.5, 2 ], "texture": "#texture" }
    }
},
{
    "from": [ 6.5, 13.5, 13.5 ],
    "to": [ 7.75, 14, 14.5 ],
    "faces": {
        "down":  { "uv": [ 13.5, 2.5, 14, 2 ], "texture": "#texture" },
        "up":    { "uv": [ 13.5, 2, 14, 2.5 ], "texture": "#texture" },
        "north": { "uv": [ 13.5, 2, 14, 2.5 ], "texture": "#texture" },
        "south": { "uv": [ 14.5, 2, 14, 2.5 ], "texture": "#texture" },
        "west":  { "uv": [ 13.5, 2, 14.5, 2.5 ], "texture": "#texture" },
        "east":  { "uv": [ 14.5, 2, 13.5, 2.5 ], "texture": "#texture" }
    }
},
{
    "from": [ 6.5, 13, 13 ],
    "to": [ 7.75, 13.5, 14 ],
    "faces": {
        "down":  { "uv": [ 13.5, 2.5, 14, 2 ], "texture": "#texture" },
        "up":    { "uv": [ 13.5, 2, 14, 2.5 ], "texture": "#texture" },
        "north": { "uv": [ 13.5, 2, 14, 2.5 ], "texture": "#texture" },
        "south": { "uv": [ 14.5, 2, 14, 2.5 ], "texture": "#texture" },
        "west":  { "uv": [ 13.5, 2, 14.5, 2.5 ], "texture": "#texture" },
        "east":  { "uv": [ 14.5, 2, 13.5, 2.5 ], "texture": "#texture" }
    }
},
{
    "from": [ 6.5, 12.5, 12.5 ],
    "to": [ 7.75, 13, 13.5 ],
    "faces": {
        "down":  { "uv": [ 13.5, 2.5, 14, 2 ], "texture": "#texture" },
        "up":    { "uv": [ 13.5, 2, 14, 2.5 ], "texture": "#texture" },
        "north": { "uv": [ 13.5, 2, 14, 2.5 ], "texture": "#texture" },
        "south": { "uv": [ 14.5, 2, 14, 2.5 ], "texture": "#texture" },
        "west":  { "uv": [ 13.5, 2, 14.5, 2.5 ], "texture": "#texture" },
        "east":  { "uv": [ 14.5, 2, 13.5, 2.5 ], "texture": "#texture" }
    }
},
{
    "from": [ 6.5, 12, 12 ],
    "to": [ 7.75, 12.5, 13 ],
    "faces": {
        "down":  { "uv": [ 13.5, 2.5, 14, 2 ], "texture": "#texture" },
        "up":    { "uv": [ 13.5, 2, 14, 2.5 ], "texture": "#texture" },
        "north": { "uv": [ 13.5, 2, 14, 2.5 ], "texture": "#texture" },
        "south": { "uv": [ 14.5, 2, 14, 2.5 ], "texture": "#texture" },
        "west":  { "uv": [ 13.5, 2, 14.5, 2.5 ], "texture": "#texture" },
        "east":  { "uv": [ 14.5, 2, 13.5, 2.5 ], "texture": "#texture" }
    }
},
{
    "from": [ 6.5, 11.5, 11.5 ],
    "to": [ 7.75, 12, 12.5 ],
    "faces": {
        "down":  { "uv": [ 13.5, 2.5, 14, 2 ], "texture": "#texture" },
        "up":    { "uv": [ 13.5, 2, 14, 2.5 ], "texture": "#texture" },
        "north": { "uv": [ 13.5, 2, 14, 2.5 ], "texture": "#texture" },
        "south": { "uv": [ 14.5, 2, 14, 2.5 ], "texture": "#texture" },
        "west":  { "uv": [ 13.5, 2, 14.5, 2.5 ], "texture": "#texture" },
        "east":  { "uv": [ 14.5, 2, 13.5, 2.5 ], "texture": "#texture" }
    }
},
{
    "from": [ 6.5, 11, 11 ],
    "to": [ 7.75, 11.5, 12 ],
    "faces": {
        "down":  { "uv": [ 13.5, 2.5, 14, 2 ], "texture": "#texture" },
        "up":    { "uv": [ 13.5, 2, 14, 2.5 ], "texture": "#texture" },
        "north": { "uv": [ 13.5, 2, 14, 2.5 ], "texture": "#texture" },
        "south": { "uv": [ 14.5, 2, 14, 2.5 ], "texture": "#texture" },
        "west":  { "uv": [ 13.5, 2, 14.5, 2.5 ], "texture": "#texture" },
        "east":  { "uv": [ 14.5, 2, 13.5, 2.5 ], "texture": "#texture" }
    }
},
{
    "from": [ 6.5, 10.5, 10.5 ],
    "to": [ 7.75, 11, 11.5 ],
    "faces": {
        "down":  { "uv": [ 13.5, 2.5, 14, 2 ], "texture": "#texture" },
        "up":    { "uv": [ 13.5, 2, 14, 2.5 ], "texture": "#texture" },
        "north": { "uv": [ 13.5, 2, 14, 2.5 ], "texture": "#texture" },
        "south": { "uv": [ 14.5, 2, 14, 2.5 ], "texture": "#texture" },
        "west":  { "uv": [ 13.5, 2, 14.5, 2.5 ], "texture": "#texture" },
        "east":  { "uv": [ 14.5, 2, 13.5, 2.5 ], "texture": "#texture" }
    }
},
{
    "from": [ 6.5, 10, 10 ],
    "to": [ 7.75, 10.5, 11 ],
    "faces": {
        "down":  { "uv": [ 13.5, 2.5, 14, 2 ], "texture": "#texture" },
        "up":    { "uv": [ 13.5, 2, 14, 2.5 ], "texture": "#texture" },
        "north": { "uv": [ 13.5, 2, 14, 2.5 ], "texture": "#texture" },
        "south": { "uv": [ 14.5, 2, 14, 2.5 ], "texture": "#texture" },
        "west":  { "uv": [ 13.5, 2, 14.5, 2.5 ], "texture": "#texture" },
        "east":  { "uv": [ 14.5, 2, 13.5, 2.5 ], "texture": "#texture" }
    }
},
{
    "from": [ 6.5, 9.5, 9.5 ],
    "to": [ 7.75, 10, 10.5 ],
    "faces": {
        "down":  { "uv": [ 13.5, 2.5, 14, 2 ], "texture": "#texture" },
        "up":    { "uv": [ 13.5, 2, 14, 2.5 ], "texture": "#texture" },
        "north": { "uv": [ 13.5, 2, 14, 2.5 ], "texture": "#texture" },
        "south": { "uv": [ 14.5, 2, 14, 2.5 ], "texture": "#texture" },
        "west":  { "uv": [ 13.5, 2, 14.5, 2.5 ], "texture": "#texture" },
        "east":  { "uv": [ 14.5, 2, 13.5, 2.5 ], "texture": "#texture" }
    }
},
{
    "from": [ 6.5, 9, 9 ],
    "to": [ 7.75, 9.5, 10 ],
    "faces": {
        "down":  { "uv": [ 13.5, 2.5, 14, 2 ], "texture": "#texture" },
        "up":    { "uv": [ 13.5, 2, 14, 2.5 ], "texture": "#texture" },
        "north": { "uv": [ 13.5, 2, 14, 2.5 ], "texture": "#texture" },
        "south": { "uv": [ 14.5, 2, 14, 2.5 ], "texture": "#texture" },
        "west":  { "uv": [ 13.5, 2, 14.5, 2.5 ], "texture": "#texture" },
        "east":  { "uv": [ 14.5, 2, 13.5, 2.5 ], "texture": "#texture" }
    }
},
{
    "from": [ 6.5, 8.5, 8.5 ],
    "to": [ 7.75, 9, 9.5 ],
    "faces": {
        "down":  { "uv": [ 13.5, 2.5, 14, 2 ], "texture": "#texture" },
        "up":    { "uv": [ 13.5, 2, 14, 2.5 ], "texture": "#texture" },
        "north": { "uv": [ 13.5, 2, 14, 2.5 ], "texture": "#texture" },
        "south": { "uv": [ 14.5, 2, 14, 2.5 ], "texture": "#texture" },
        "west":  { "uv": [ 13.5, 2, 14.5, 2.5 ], "texture": "#texture" },
        "east":  { "uv": [ 14.5, 2, 13.5, 2.5 ], "texture": "#texture" }
    }
},
{
    "from": [ 6.5, 8, 8 ],
    "to": [ 7.75, 8.5, 9 ],
    "faces": {
        "down":  { "uv": [ 13.5, 2.5, 14, 2 ], "texture": "#texture" },
        "up":    { "uv": [ 13.5, 2, 14, 2.5 ], "texture": "#texture" },
        "north": { "uv": [ 13.5, 2, 14, 2.5 ], "texture": "#texture" },
        "south": { "uv": [ 14.5, 2, 14, 2.5 ], "texture": "#texture" },
        "west":  { "uv": [ 13.5, 2, 14.5, 2.5 ], "texture": "#texture" },
        "east":  { "uv": [ 14.5, 2, 13.5, 2.5 ], "texture": "#texture" }
    }
},
{
    "from": [ 6.5, 7.5, 7.5 ],
    "to": [ 7.75, 8, 8.5 ],
    "faces": {
        "down":  { "uv": [ 13.5, 2.5, 14, 2 ], "texture": "#texture" },
        "up":    { "uv": [ 13.5, 2, 14, 2.5 ], "texture": "#texture" },
        "north": { "uv": [ 13.5, 2, 14, 2.5 ], "texture": "#texture" },
        "south": { "uv": [ 14.5, 2, 14, 2.5 ], "texture": "#texture" },
        "west":  { "uv": [ 13.5, 2, 14.5, 2.5 ], "texture": "#texture" },
        "east":  { "uv": [ 14.5, 2, 13.5, 2.5 ], "texture": "#texture" }
    }
},
{
    "from": [ 6.5, 7, 7 ],
    "to": [ 7.75, 7.5, 8 ],
    "faces": {
        "down":  { "uv": [ 13.5, 2.5, 14, 2 ], "texture": "#texture" },
        "up":    { "uv": [ 13.5, 2, 14, 2.5 ], "texture": "#texture" },
        "north": { "uv": [ 13.5, 2, 14, 2.5 ], "texture": "#texture" },
        "south": { "uv": [ 14.5, 2, 14, 2.5 ], "texture": "#texture" },
        "west":  { "uv": [ 13.5, 2, 14.5, 2.5 ], "texture": "#texture" },
        "east":  { "uv": [ 14.5, 2, 13.5, 2.5 ], "texture": "#texture" }
    }
},
{
    "from": [ 6.5, 6.5, 6.5 ],
    "to": [ 7.75, 7, 7.5 ],
    "faces": {
        "down":  { "uv": [ 13.5, 2.5, 14, 2 ], "texture": "#texture" },
        "up":    { "uv": [ 13.5, 2, 14, 2.5 ], "texture": "#texture" },
        "north": { "uv": [ 13.5, 2, 14, 2.5 ], "texture": "#texture" },
        "south": { "uv": [ 14.5, 2, 14, 2.5 ], "texture": "#texture" },
        "west":  { "uv": [ 13.5, 2, 14.5, 2.5 ], "texture": "#texture" },
        "east":  { "uv": [ 14.5, 2, 13.5, 2.5 ], "texture": "#texture" }
    }
},
{
    "from": [ 6.5, 6, 6 ],
    "to": [ 7.75, 6.5, 7 ],
    "faces": {
        "down":  { "uv": [ 13.5, 2.5, 14, 2 ], "texture": "#texture" },
        "up":    { "uv": [ 13.5, 2, 14, 2.5 ], "texture": "#texture" },
        "north": { "uv": [ 13.5, 2, 14, 2.5 ], "texture": "#texture" },
        "south": { "uv": [ 14.5, 2, 14, 2.5 ], "texture": "#texture" },
        "west":  { "uv": [ 13.5, 2, 14.5, 2.5 ], "texture": "#texture" },
        "east":  { "uv": [ 14.5, 2, 13.5, 2.5 ], "texture": "#texture" }
    }
},
{
    "from": [ 6.5, 5.5, 6 ],
    "to": [ 7.75, 6, 6.5 ],
    "faces": {
        "down":  { "uv": [ 6, 10.5, 6.5, 10 ], "texture": "#texture" },
        "up":    { "uv": [ 6, 10, 6.5, 10.5 ], "texture": "#texture" },
        "north": { "uv": [ 6, 10, 6.5, 10.5 ], "texture": "#texture" },
        "south": { "uv": [ 6.5, 10, 6, 10.5 ], "texture": "#texture" },
        "west":  { "uv": [ 6, 10, 6.5, 10.5 ], "texture": "#texture" },
        "east":  { "uv": [ 6.5, 10, 6, 10.5 ], "texture": "#texture" }
    }
},
{
    "from": [ 6.5, 6, 4 ],
    "to": [ 7.75, 8, 5 ],
    "faces": {
        "down":  { "uv": [ 4, 10, 4.5, 9.5 ], "texture": "#texture" },
        "up":    { "uv": [ 4, 8, 4.5, 8.5 ], "texture": "#texture" },
        "north": { "uv": [ 4, 8, 4.5, 10 ], "texture": "#texture" },
        "south": { "uv": [ 5, 8, 4.5, 10 ], "texture": "#texture" },
        "west":  { "uv": [ 4, 8, 5, 10 ], "texture": "#texture" },
        "east":  { "uv": [ 5, 8, 4, 10 ], "texture": "#texture" }
    }
},
{
    "from": [ 6.5, 4, 6 ],
    "to": [ 7.75, 5, 8 ],
    "faces": {
        "down":  { "uv": [ 6, 12, 6.5, 11.5 ], "texture": "#texture" },
        "up":    { "uv": [ 6, 11, 6.5, 11.5 ], "texture": "#texture" },
        "north": { "uv": [ 6, 11, 6.5, 12 ], "texture": "#texture" },
        "south": { "uv": [ 8, 11, 7.5, 12 ], "texture": "#texture" },
        "west":  { "uv": [ 6, 11, 8, 12 ], "texture": "#texture" },
        "east":  { "uv": [ 8, 11, 6, 12 ], "texture": "#texture" }
    }
},
{
    "from": [ 6.5, 8, 3 ],
    "to": [ 7.75, 9, 4 ],
    "faces": {
        "down":  { "uv": [ 3, 8, 3.5, 7.5 ], "texture": "#texture" },
        "up":    { "uv": [ 3, 7, 3.5, 7.5 ], "texture": "#texture" },
        "north": { "uv": [ 3, 7, 3.5, 8 ], "texture": "#texture" },
        "south": { "uv": [ 4, 7, 3.5, 8 ], "texture": "#texture" },
        "west":  { "uv": [ 3, 7, 4, 8 ], "texture": "#texture" },
        "east":  { "uv": [ 4, 7, 3, 8 ], "texture": "#texture" }
    }
},
{
    "from": [ 6.5, 3, 8 ],
    "to": [ 7.75, 4, 9 ],
    "faces": {
        "down":  { "uv": [ 8, 13, 8.5, 12.5 ], "texture": "#texture" },
        "up":    { "uv": [ 8, 12, 8.5, 12.5 ], "texture": "#texture" },
        "north": { "uv": [ 8, 12, 8.5, 13 ], "texture": "#texture" },
        "south": { "uv": [ 9, 12, 8.5, 13 ], "texture": "#texture" },
        "west":  { "uv": [ 8, 12, 9, 13 ], "texture": "#texture" },
        "east":  { "uv": [ 9, 12, 8, 13 ], "texture": "#texture" }
    }
},
{
    "from": [ 6.5, 7, 3.5 ],
    "to": [ 7.75, 8, 4 ],
    "faces": {
        "down":  { "uv": [ 3.5, 9, 4, 8.5 ], "texture": "#texture" },
        "up":    { "uv": [ 3.5, 8, 4, 8.5 ], "texture": "#texture" },
        "north": { "uv": [ 3.5, 8, 4, 9 ], "texture": "#texture" },
        "south": { "uv": [ 4, 8, 3.5, 9 ], "texture": "#texture" },
        "west":  { "uv": [ 3.5, 8, 4, 9 ], "texture": "#texture" },
        "east":  { "uv": [ 4, 8, 3.5, 9 ], "texture": "#texture" }
    }
},
{
    "from": [ 6.5, 5.5, 4.5 ],
    "to": [ 7.75, 6, 5.5 ],
    "faces": {
        "down":  { "uv": [ 4.5, 10.5, 5, 10 ], "texture": "#texture" },
        "up":    { "uv": [ 4.5, 10, 5, 10.5 ], "texture": "#texture" },
        "north": { "uv": [ 4.5, 10, 5, 10.5 ], "texture": "#texture" },
        "south": { "uv": [ 5.5, 10, 5, 10.5 ], "texture": "#texture" },
        "west":  { "uv": [ 4.5, 10, 5.5, 10.5 ], "texture": "#texture" },
        "east":  { "uv": [ 5.5, 10, 4.5, 10.5 ], "texture": "#texture" }
    }
},
{
    "from": [ 6.5, 5, 5 ],
    "to": [ 7.75, 5.5, 6 ],
    "faces": {
        "down":  { "uv": [ 5, 11, 5.5, 10.5 ], "texture": "#texture" },
        "up":    { "uv": [ 5, 10.5, 5.5, 11 ], "texture": "#texture" },
        "north": { "uv": [ 5, 10.5, 5.5, 11 ], "texture": "#texture" },
        "south": { "uv": [ 6, 10.5, 5.5, 11 ], "texture": "#texture" },
        "west":  { "uv": [ 5, 10.5, 6, 11 ], "texture": "#texture" },
        "east":  { "uv": [ 6, 10.5, 5, 11 ], "texture": "#texture" }
    }
},
{
    "from": [ 6.5, 3.5, 7 ],
    "to": [ 7.75, 4, 8 ],
    "faces": {
        "down":  { "uv": [ 7, 12.5, 7.5, 12 ], "texture": "#texture" },
        "up":    { "uv": [ 7, 12, 7.5, 12.5 ], "texture": "#texture" },
        "north": { "uv": [ 7, 12, 7.5, 12.5 ], "texture": "#texture" },
        "south": { "uv": [ 8, 12, 7.5, 12.5 ], "texture": "#texture" },
        "west":  { "uv": [ 7, 12, 8, 12.5 ], "texture": "#texture" },
        "east":  { "uv": [ 8, 12, 7, 12.5 ], "texture": "#texture" }
    }
},
{
    "from": [ 6.5, 9, 3 ],
    "to": [ 7.75, 9.5, 3.5 ],
    "faces": {
        "down":  { "uv": [ 3, 7, 3.5, 6.5 ], "texture": "#texture" },
        "up":    { "uv": [ 3, 6.5, 3.5, 7 ], "texture": "#texture" },
        "north": { "uv": [ 3, 6.5, 3.5, 7 ], "texture": "#texture" },
        "south": { "uv": [ 3.5, 6.5, 3, 7 ], "texture": "#texture" },
        "west":  { "uv": [ 3, 6.5, 3.5, 7 ], "texture": "#texture" },
        "east":  { "uv": [ 3.5, 6.5, 3, 7 ], "texture": "#texture" }
    }
},
{
    "from": [ 6.5, 8, 4 ],
    "to": [ 7.75, 8.5, 4.5 ],
    "faces": {
        "down":  { "uv": [ 4, 8, 4.5, 7.5 ], "texture": "#texture" },
        "up":    { "uv": [ 4, 7.5, 4.5, 8 ], "texture": "#texture" },
        "north": { "uv": [ 4, 7.5, 4.5, 8 ], "texture": "#texture" },
        "south": { "uv": [ 4.5, 7.5, 4, 8 ], "texture": "#texture" },
        "west":  { "uv": [ 4, 7.5, 4.5, 8 ], "texture": "#texture" },
        "east":  { "uv": [ 4.5, 7.5, 4, 8 ], "texture": "#texture" }
    }
},
{
    "from": [ 6.5, 4.5, 5.5 ],
    "to": [ 7.75, 5, 6 ],
    "faces": {
        "down":  { "uv": [ 5.5, 11.5, 6, 11 ], "texture": "#texture" },
        "up":    { "uv": [ 5.5, 11, 6, 11.5 ], "texture": "#texture" },
        "north": { "uv": [ 5.5, 11, 6, 11.5 ], "texture": "#texture" },
        "south": { "uv": [ 6, 11, 5.5, 11.5 ], "texture": "#texture" },
        "west":  { "uv": [ 5.5, 11, 6, 11.5 ], "texture": "#texture" },
        "east":  { "uv": [ 6, 11, 5.5, 11.5 ], "texture": "#texture" }
    }
},
{
    "from": [ 6.5, 3, 9 ],
    "to": [ 7.75, 3.5, 9.5 ],
    "faces": {
        "down":  { "uv": [ 9, 13, 9.5, 12.5 ], "texture": "#texture" },
        "up":    { "uv": [ 9, 12.5, 9.5, 13 ], "texture": "#texture" },
        "north": { "uv": [ 9, 12.5, 9.5, 13 ], "texture": "#texture" },
        "south": { "uv": [ 9.5, 12.5, 9, 13 ], "texture": "#texture" },
        "west":  { "uv": [ 9, 12.5, 9.5, 13 ], "texture": "#texture" },
        "east":  { "uv": [ 9.5, 12.5, 9, 13 ], "texture": "#texture" }
    }
},
{
    "from": [ 6.5, 4, 8 ],
    "to": [ 7.75, 4.5, 8.5 ],
    "faces": {
        "down":  { "uv": [ 8, 12, 8.5, 11.5 ], "texture": "#texture" },
        "up":    { "uv": [ 8, 11.5, 8.5, 12 ], "texture": "#texture" },
        "north": { "uv": [ 8, 11.5, 8.5, 12 ], "texture": "#texture" },
        "south": { "uv": [ 8.5, 11.5, 8, 12 ], "texture": "#texture" },
        "west":  { "uv": [ 8, 11.5, 8.5, 12 ], "texture": "#texture" },
        "east":  { "uv": [ 8.5, 11.5, 8, 12 ], "texture": "#texture" }
    }
},
{
    "from": [ 6.25, 6, 5 ],
    "to": [ 8, 8, 5.5 ],
    "faces": {
        "down":  { "uv": [ 5, 10, 5.5, 9.5 ], "texture": "#texture" },
        "up":    { "uv": [ 5, 8, 5.5, 8.5 ], "texture": "#texture" },
        "north": { "uv": [ 5, 8, 5.5, 10 ], "texture": "#texture" },
        "south": { "uv": [ 5.5, 8, 5, 10 ], "texture": "#texture" },
        "west":  { "uv": [ 5, 8, 5.5, 10 ], "texture": "#texture" },
        "east":  { "uv": [ 5.5, 8, 5, 10 ], "texture": "#texture" }
    }
},
{
    "from": [ 6.25, 5, 6 ],
    "to": [ 8, 5.5, 8 ],
    "faces": {
        "down":  { "uv": [ 6, 11, 6.5, 10.5 ], "texture": "#texture" },
        "up":    { "uv": [ 6, 10.5, 6.5, 11 ], "texture": "#texture" },
        "north": { "uv": [ 6, 10.5, 6.5, 11 ], "texture": "#texture" },
        "south": { "uv": [ 8, 10.5, 7.5, 11 ], "texture": "#texture" },
        "west":  { "uv": [ 6, 10.5, 8, 11 ], "texture": "#texture" },
        "east":  { "uv": [ 8, 10.5, 6, 11 ], "texture": "#texture" }
    }
},
{
    "from": [ 6.25, 5.5, 5.5 ],
    "to": [ 8, 6, 6 ],
    "faces": {
        "down":  { "uv": [ 5.5, 10.5, 6, 10 ], "texture": "#texture" },
        "up":    { "uv": [ 5.5, 10, 6, 10.5 ], "texture": "#texture" },
        "north": { "uv": [ 5.5, 10, 6, 10.5 ], "texture": "#texture" },
        "south": { "uv": [ 6, 10, 5.5, 10.5 ], "texture": "#texture" },
        "west":  { "uv": [ 5.5, 10, 6, 10.5 ], "texture": "#texture" },
        "east":  { "uv": [ 6, 10, 5.5, 10.5 ], "texture": "#texture" }
    }
},
{
    "from": [ 6.25, 2.5, 8 ],
    "to": [ 8, 3, 10 ],
    "faces": {
        "down":  { "uv": [ 8, 13.5, 8.5, 13 ], "texture": "#texture" },
        "up":    { "uv": [ 8, 13, 8.5, 13.5 ], "texture": "#texture" },
        "north": { "uv": [ 8, 13, 8.5, 13.5 ], "texture": "#texture" },
        "south": { "uv": [ 10, 13, 9.5, 13.5 ], "texture": "#texture" },
        "west":  { "uv": [ 8, 13, 10, 13.5 ], "texture": "#texture" },
        "east":  { "uv": [ 10, 13, 8, 13.5 ], "texture": "#texture" }
    }
},
{
    "from": [ 6.25, 8, 2.5 ],
    "to": [ 8, 10, 3 ],
    "faces": {
        "down":  { "uv": [ 2.5, 8, 3, 7.5 ], "texture": "#texture" },
        "up":    { "uv": [ 2.5, 6, 3, 6.5 ], "texture": "#texture" },
        "north": { "uv": [ 2.5, 6, 3, 8 ], "texture": "#texture" },
        "south": { "uv": [ 3, 6, 2.5, 8 ], "texture": "#texture" },
        "west":  { "uv": [ 2.5, 6, 3, 8 ], "texture": "#texture" },
        "east":  { "uv": [ 3, 6, 2.5, 8 ], "texture": "#texture" }
    }
},
{
    "from": [ 6.25, 7, 3 ],
    "to": [ 8, 8, 3.5 ],
    "faces": {
        "down":  { "uv": [ 3, 9, 3.5, 8.5 ], "texture": "#texture" },
        "up":    { "uv": [ 3, 8, 3.5, 8.5 ], "texture": "#texture" },
        "north": { "uv": [ 3, 8, 3.5, 9 ], "texture": "#texture" },
        "south": { "uv": [ 3.5, 8, 3, 9 ], "texture": "#texture" },
        "west":  { "uv": [ 3, 8, 3.5, 9 ], "texture": "#texture" },
        "east":  { "uv": [ 3.5, 8, 3, 9 ], "texture": "#texture" }
    }
},
{
    "from": [ 6.25, 6, 3.5 ],
    "to": [ 8, 7, 4 ],
    "faces": {
        "down":  { "uv": [ 3.5, 10, 4, 9.5 ], "texture": "#texture" },
        "up":    { "uv": [ 3.5, 9, 4, 9.5 ], "texture": "#texture" },
        "north": { "uv": [ 3.5, 9, 4, 10 ], "texture": "#texture" },
        "south": { "uv": [ 4, 9, 3.5, 10 ], "texture": "#texture" },
        "west":  { "uv": [ 3.5, 9, 4, 10 ], "texture": "#texture" },
        "east":  { "uv": [ 4, 9, 3.5, 10 ], "texture": "#texture" }
    }
},
{
    "from": [ 6.25, 3.5, 6 ],
    "to": [ 8, 4, 7 ],
    "faces": {
        "down":  { "uv": [ 6, 12.5, 6.5, 12 ], "texture": "#texture" },
        "up":    { "uv": [ 6, 12, 6.5, 12.5 ], "texture": "#texture" },
        "north": { "uv": [ 6, 12, 6.5, 12.5 ], "texture": "#texture" },
        "south": { "uv": [ 7, 12, 6.5, 12.5 ], "texture": "#texture" },
        "west":  { "uv": [ 6, 12, 7, 12.5 ], "texture": "#texture" },
        "east":  { "uv": [ 7, 12, 6, 12.5 ], "texture": "#texture" }
    }
},
{
    "from": [ 6.25, 3, 7 ],
    "to": [ 8, 3.5, 8 ],
    "faces": {
        "down":  { "uv": [ 7, 13, 7.5, 12.5 ], "texture": "#texture" },
        "up":    { "uv": [ 7, 12.5, 7.5, 13 ], "texture": "#texture" },
        "north": { "uv": [ 7, 12.5, 7.5, 13 ], "texture": "#texture" },
        "south": { "uv": [ 8, 12.5, 7.5, 13 ], "texture": "#texture" },
        "west":  { "uv": [ 7, 12.5, 8, 13 ], "texture": "#texture" },
        "east":  { "uv": [ 8, 12.5, 7, 13 ], "texture": "#texture" }
    }
},
{
    "from": [ 6.25, 3, 9.5 ],
    "to": [ 8, 3.5, 10 ],
    "faces": {
        "down":  { "uv": [ 9.5, 13, 10, 12.5 ], "texture": "#texture" },
        "up":    { "uv": [ 9.5, 12.5, 10, 13 ], "texture": "#texture" },
        "north": { "uv": [ 9.5, 12.5, 10, 13 ], "texture": "#texture" },
        "south": { "uv": [ 10, 12.5, 9.5, 13 ], "texture": "#texture" },
        "west":  { "uv": [ 9.5, 12.5, 10, 13 ], "texture": "#texture" },
        "east":  { "uv": [ 10, 12.5, 9.5, 13 ], "texture": "#texture" }
    }
},
{
    "from": [ 6.25, 3.5, 9 ],
    "to": [ 8, 4, 9.5 ],
    "faces": {
        "down":  { "uv": [ 9.5, 13, 10, 12.5 ], "texture": "#texture" },
        "up":    { "uv": [ 9.5, 12.5, 10, 13 ], "texture": "#texture" },
        "north": { "uv": [ 9.5, 12.5, 10, 13 ], "texture": "#texture" },
        "south": { "uv": [ 10, 12.5, 9.5, 13 ], "texture": "#texture" },
        "west":  { "uv": [ 9.5, 12.5, 10, 13 ], "texture": "#texture" },
        "east":  { "uv": [ 10, 12.5, 9.5, 13 ], "texture": "#texture" }
    }
},
{
    "from": [ 6.25, 4, 8.5 ],
    "to": [ 8, 4.5, 9 ],
    "faces": {
        "down":  { "uv": [ 9.5, 13, 10, 12.5 ], "texture": "#texture" },
        "up":    { "uv": [ 9.5, 12.5, 10, 13 ], "texture": "#texture" },
        "north": { "uv": [ 9.5, 12.5, 10, 13 ], "texture": "#texture" },
        "south": { "uv": [ 10, 12.5, 9.5, 13 ], "texture": "#texture" },
        "west":  { "uv": [ 9.5, 12.5, 10, 13 ], "texture": "#texture" },
        "east":  { "uv": [ 10, 12.5, 9.5, 13 ], "texture": "#texture" }
    }
},
{
    "from": [ 6.25, 4.5, 8 ],
    "to": [ 8, 5, 8.5 ],
    "faces": {
        "down":  { "uv": [ 9.5, 13, 10, 12.5 ], "texture": "#texture" },
        "up":    { "uv": [ 9.5, 12.5, 10, 13 ], "texture": "#texture" },
        "north": { "uv": [ 9.5, 12.5, 10, 13 ], "texture": "#texture" },
        "south": { "uv": [ 10, 12.5, 9.5, 13 ], "texture": "#texture" },
        "west":  { "uv": [ 9.5, 12.5, 10, 13 ], "texture": "#texture" },
        "east":  { "uv": [ 10, 12.5, 9.5, 13 ], "texture": "#texture" }
    }
},
{
    "from": [ 6.25, 4, 5.5 ],
    "to": [ 8, 4.5, 6 ],
    "faces": {
        "down":  { "uv": [ 9.5, 13, 10, 12.5 ], "texture": "#texture" },
        "up":    { "uv": [ 9.5, 12.5, 10, 13 ], "texture": "#texture" },
        "north": { "uv": [ 9.5, 12.5, 10, 13 ], "texture": "#texture" },
        "south": { "uv": [ 10, 12.5, 9.5, 13 ], "texture": "#texture" },
        "west":  { "uv": [ 9.5, 12.5, 10, 13 ], "texture": "#texture" },
        "east":  { "uv": [ 10, 12.5, 9.5, 13 ], "texture": "#texture" }
    }
},
{
    "from": [ 6.25, 4.5, 5 ],
    "to": [ 8, 5, 5.5 ],
    "faces": {
        "down":  { "uv": [ 9.5, 13, 10, 12.5 ], "texture": "#texture" },
        "up":    { "uv": [ 9.5, 12.5, 10, 13 ], "texture": "#texture" },
        "north": { "uv": [ 9.5, 12.5, 10, 13 ], "texture": "#texture" },
        "south": { "uv": [ 10, 12.5, 9.5, 13 ], "texture": "#texture" },
        "west":  { "uv": [ 9.5, 12.5, 10, 13 ], "texture": "#texture" },
        "east":  { "uv": [ 10, 12.5, 9.5, 13 ], "texture": "#texture" }
    }
},
{
    "from": [ 6.25, 5, 4.5 ],
    "to": [ 8, 5.5, 5 ],
    "faces": {
        "down":  { "uv": [ 9.5, 13, 10, 12.5 ], "texture": "#texture" },
        "up":    { "uv": [ 9.5, 12.5, 10, 13 ], "texture": "#texture" },
        "north": { "uv": [ 9.5, 12.5, 10, 13 ], "texture": "#texture" },
        "south": { "uv": [ 10, 12.5, 9.5, 13 ], "texture": "#texture" },
        "west":  { "uv": [ 9.5, 12.5, 10, 13 ], "texture": "#texture" },
        "east":  { "uv": [ 10, 12.5, 9.5, 13 ], "texture": "#texture" }
    }
},
{
    "from": [ 6.25, 5.5, 4 ],
    "to": [ 8, 6, 4.5 ],
    "faces": {
        "down":  { "uv": [ 9.5, 13, 10, 12.5 ], "texture": "#texture" },
        "up":    { "uv": [ 9.5, 12.5, 10, 13 ], "texture": "#texture" },
        "north": { "uv": [ 9.5, 12.5, 10, 13 ], "texture": "#texture" },
        "south": { "uv": [ 10, 12.5, 9.5, 13 ], "texture": "#texture" },
        "west":  { "uv": [ 9.5, 12.5, 10, 13 ], "texture": "#texture" },
        "east":  { "uv": [ 10, 12.5, 9.5, 13 ], "texture": "#texture" }
    }
},
{
    "from": [ 6.25, 8, 4.5 ],
    "to": [ 8, 8.5, 5 ],
    "faces": {
        "down":  { "uv": [ 9.5, 13, 10, 12.5 ], "texture": "#texture" },
        "up":    { "uv": [ 9.5, 12.5, 10, 13 ], "texture": "#texture" },
        "north": { "uv": [ 9.5, 12.5, 10, 13 ], "texture": "#texture" },
        "south": { "uv": [ 10, 12.5, 9.5, 13 ], "texture": "#texture" },
        "west":  { "uv": [ 9.5, 12.5, 10, 13 ], "texture": "#texture" },
        "east":  { "uv": [ 10, 12.5, 9.5, 13 ], "texture": "#texture" }
    }
},
{
    "from": [ 6.25, 8.5, 4 ],
    "to": [ 8, 9, 4.5 ],
    "faces": {
        "down":  { "uv": [ 9.5, 13, 10, 12.5 ], "texture": "#texture" },
        "up":    { "uv": [ 9.5, 12.5, 10, 13 ], "texture": "#texture" },
        "north": { "uv": [ 9.5, 12.5, 10, 13 ], "texture": "#texture" },
        "south": { "uv": [ 10, 12.5, 9.5, 13 ], "texture": "#texture" },
        "west":  { "uv": [ 9.5, 12.5, 10, 13 ], "texture": "#texture" },
        "east":  { "uv": [ 10, 12.5, 9.5, 13 ], "texture": "#texture" }
    }
},
{
    "from": [ 6.25, 9, 3.5 ],
    "to": [ 8, 9.5, 4 ],
    "faces": {
        "down":  { "uv": [ 9.5, 13, 10, 12.5 ], "texture": "#texture" },
        "up":    { "uv": [ 9.5, 12.5, 10, 13 ], "texture": "#texture" },
        "north": { "uv": [ 9.5, 12.5, 10, 13 ], "texture": "#texture" },
        "south": { "uv": [ 10, 12.5, 9.5, 13 ], "texture": "#texture" },
        "west":  { "uv": [ 9.5, 12.5, 10, 13 ], "texture": "#texture" },
        "east":  { "uv": [ 10, 12.5, 9.5, 13 ], "texture": "#texture" }
    }
},
{
    "from": [ 6.25, 9.5, 3 ],
    "to": [ 8, 10, 3.5 ],
    "faces": {
        "down":  { "uv": [ 9.5, 13, 10, 12.5 ], "texture": "#texture" },
        "up":    { "uv": [ 9.5, 12.5, 10, 13 ], "texture": "#texture" },
        "north": { "uv": [ 9.5, 12.5, 10, 13 ], "texture": "#texture" },
        "south": { "uv": [ 10, 12.5, 9.5, 13 ], "texture": "#texture" },
        "west":  { "uv": [ 9.5, 12.5, 10, 13 ], "texture": "#texture" },
        "east":  { "uv": [ 10, 12.5, 9.5, 13 ], "texture": "#texture" }
    }
},
{
    "from": [ 6.75, 5, 4 ],
    "to": [ 7.5, 5.5, 4.5 ],
    "faces": {
        "down":  { "uv": [ 4, 11, 4.5, 10.5 ], "texture": "#texture" },
        "up":    { "uv": [ 4, 10.5, 4.5, 11 ], "texture": "#texture" },
        "north": { "uv": [ 4, 10.5, 4.5, 11 ], "texture": "#texture" },
        "south": { "uv": [ 4.5, 10.5, 4, 11 ], "texture": "#texture" },
        "west":  { "uv": [ 4, 10.5, 4.5, 11 ], "texture": "#texture" },
        "east":  { "uv": [ 4.5, 10.5, 4, 11 ], "texture": "#texture" }
    }
},
{
    "from": [ 6.75, 4.5, 3.5 ],
    "to": [ 7.5, 5, 4 ],
    "faces": {
        "down":  { "uv": [ 4, 11, 4.5, 10.5 ], "texture": "#texture" },
        "up":    { "uv": [ 4, 10.5, 4.5, 11 ], "texture": "#texture" },
        "north": { "uv": [ 4, 10.5, 4.5, 11 ], "texture": "#texture" },
        "south": { "uv": [ 4.5, 10.5, 4, 11 ], "texture": "#texture" },
        "west":  { "uv": [ 4, 10.5, 4.5, 11 ], "texture": "#texture" },
        "east":  { "uv": [ 4.5, 10.5, 4, 11 ], "texture": "#texture" }
    }
},
{
    "from": [ 6.75, 4, 3 ],
    "to": [ 7.5, 4.5, 3.5 ],
    "faces": {
        "down":  { "uv": [ 4, 11, 4.5, 10.5 ], "texture": "#texture" },
        "up":    { "uv": [ 4, 10.5, 4.5, 11 ], "texture": "#texture" },
        "north": { "uv": [ 4, 10.5, 4.5, 11 ], "texture": "#texture" },
        "south": { "uv": [ 4.5, 10.5, 4, 11 ], "texture": "#texture" },
        "west":  { "uv": [ 4, 10.5, 4.5, 11 ], "texture": "#texture" },
        "east":  { "uv": [ 4.5, 10.5, 4, 11 ], "texture": "#texture" }
    }
},
{
    "from": [ 6.75, 3.5, 2.5 ],
    "to": [ 7.5, 4, 3 ],
    "faces": {
        "down":  { "uv": [ 4, 11, 4.5, 10.5 ], "texture": "#texture" },
        "up":    { "uv": [ 4, 10.5, 4.5, 11 ], "texture": "#texture" },
        "north": { "uv": [ 4, 10.5, 4.5, 11 ], "texture": "#texture" },
        "south": { "uv": [ 4.5, 10.5, 4, 11 ], "texture": "#texture" },
        "west":  { "uv": [ 4, 10.5, 4.5, 11 ], "texture": "#texture" },
        "east":  { "uv": [ 4.5, 10.5, 4, 11 ], "texture": "#texture" }
    }
},
{
    "from": [ 6.75, 3, 2 ],
    "to": [ 7.5, 3.5, 2.5 ],
    "faces": {
        "down":  { "uv": [ 4, 11, 4.5, 10.5 ], "texture": "#texture" },
        "up":    { "uv": [ 4, 10.5, 4.5, 11 ], "texture": "#texture" },
        "north": { "uv": [ 4, 10.5, 4.5, 11 ], "texture": "#texture" },
        "south": { "uv": [ 4.5, 10.5, 4, 11 ], "texture": "#texture" },
        "west":  { "uv": [ 4, 10.5, 4.5, 11 ], "texture": "#texture" },
        "east":  { "uv": [ 4.5, 10.5, 4, 11 ], "texture": "#texture" }
    }
},
{
    "from": [ 6.75, 2, 3 ],
    "to": [ 7.5, 2.5, 3.5 ],
    "faces": {
        "down":  { "uv": [ 4, 11, 4.5, 10.5 ], "texture": "#texture" },
        "up":    { "uv": [ 4, 10.5, 4.5, 11 ], "texture": "#texture" },
        "north": { "uv": [ 4, 10.5, 4.5, 11 ], "texture": "#texture" },
        "south": { "uv": [ 4.5, 10.5, 4, 11 ], "texture": "#texture" },
        "west":  { "uv": [ 4, 10.5, 4.5, 11 ], "texture": "#texture" },
        "east":  { "uv": [ 4.5, 10.5, 4, 11 ], "texture": "#texture" }
    }
},
{
    "from": [ 6.75, 2.5, 3.5 ],
    "to": [ 7.5, 3, 4 ],
    "faces": {
        "down":  { "uv": [ 4, 11, 4.5, 10.5 ], "texture": "#texture" },
        "up":    { "uv": [ 4, 10.5, 4.5, 11 ], "texture": "#texture" },
        "north": { "uv": [ 4, 10.5, 4.5, 11 ], "texture": "#texture" },
        "south": { "uv": [ 4.5, 10.5, 4, 11 ], "texture": "#texture" },
        "west":  { "uv": [ 4, 10.5, 4.5, 11 ], "texture": "#texture" },
        "east":  { "uv": [ 4.5, 10.5, 4, 11 ], "texture": "#texture" }
    }
},
{
    "from": [ 6.75, 3, 4 ],
    "to": [ 7.5, 3.5, 4.5 ],
    "faces": {
        "down":  { "uv": [ 4, 11, 4.5, 10.5 ], "texture": "#texture" },
        "up":    { "uv": [ 4, 10.5, 4.5, 11 ], "texture": "#texture" },
        "north": { "uv": [ 4, 10.5, 4.5, 11 ], "texture": "#texture" },
        "south": { "uv": [ 4.5, 10.5, 4, 11 ], "texture": "#texture" },
        "west":  { "uv": [ 4, 10.5, 4.5, 11 ], "texture": "#texture" },
        "east":  { "uv": [ 4.5, 10.5, 4, 11 ], "texture": "#texture" }
    }
},
{
    "from": [ 6.75, 3.5, 4.5 ],
    "to": [ 7.5, 4, 5 ],
    "faces": {
        "down":  { "uv": [ 4, 11, 4.5, 10.5 ], "texture": "#texture" },
        "up":    { "uv": [ 4, 10.5, 4.5, 11 ], "texture": "#texture" },
        "north": { "uv": [ 4, 10.5, 4.5, 11 ], "texture": "#texture" },
        "south": { "uv": [ 4.5, 10.5, 4, 11 ], "texture": "#texture" },
        "west":  { "uv": [ 4, 10.5, 4.5, 11 ], "texture": "#texture" },
        "east":  { "uv": [ 4.5, 10.5, 4, 11 ], "texture": "#texture" }
    }
},
{
    "from": [ 6.75, 4, 5 ],
    "to": [ 7.5, 4.5, 5.5 ],
    "faces": {
        "down":  { "uv": [ 4, 11, 4.5, 10.5 ], "texture": "#texture" },
        "up":    { "uv": [ 4, 10.5, 4.5, 11 ], "texture": "#texture" },
        "north": { "uv": [ 4, 10.5, 4.5, 11 ], "texture": "#texture" },
        "south": { "uv": [ 4.5, 10.5, 4, 11 ], "texture": "#texture" },
        "west":  { "uv": [ 4, 10.5, 4.5, 11 ], "texture": "#texture" },
        "east":  { "uv": [ 4.5, 10.5, 4, 11 ], "texture": "#texture" }
    }
},
{
    "from": [ 6.5, 4.5, 4 ],
    "to": [ 7.75, 5, 4.5 ],
    "faces": {
        "down":  { "uv": [ 4, 11.5, 4.5, 11 ], "texture": "#texture" },
        "up":    { "uv": [ 4, 11, 4.5, 11.5 ], "texture": "#texture" },
        "north": { "uv": [ 4, 11, 4.5, 11.5 ], "texture": "#texture" },
        "south": { "uv": [ 4.5, 11, 4, 11.5 ], "texture": "#texture" },
        "west":  { "uv": [ 4, 11, 4.5, 11.5 ], "texture": "#texture" },
        "east":  { "uv": [ 4.5, 11, 4, 11.5 ], "texture": "#texture" }
    }
},
{
    "from": [ 6.5, 4, 3.5 ],
    "to": [ 7.75, 4.5, 4 ],
    "faces": {
        "down":  { "uv": [ 3.5, 12, 4, 11.5 ], "texture": "#texture" },
        "up":    { "uv": [ 3.5, 11.5, 4, 12 ], "texture": "#texture" },
        "north": { "uv": [ 3.5, 11.5, 4, 12 ], "texture": "#texture" },
        "south": { "uv": [ 4, 11.5, 3.5, 12 ], "texture": "#texture" },
        "west":  { "uv": [ 3.5, 11.5, 4, 12 ], "texture": "#texture" },
        "east":  { "uv": [ 4, 11.5, 3.5, 12 ], "texture": "#texture" }
    }
},
{
    "from": [ 6.5, 3.5, 3 ],
    "to": [ 7.75, 4, 3.5 ],
    "faces": {
        "down":  { "uv": [ 3, 12.5, 3.5, 12 ], "texture": "#texture" },
        "up":    { "uv": [ 3, 12, 3.5, 12.5 ], "texture": "#texture" },
        "north": { "uv": [ 3, 12, 3.5, 12.5 ], "texture": "#texture" },
        "south": { "uv": [ 3.5, 12, 3, 12.5 ], "texture": "#texture" },
        "west":  { "uv": [ 3, 12, 3.5, 12.5 ], "texture": "#texture" },
        "east":  { "uv": [ 3.5, 12, 3, 12.5 ], "texture": "#texture" }
    }
},
{
    "from": [ 6.5, 4, 4.5 ],
    "to": [ 7.75, 4.5, 5 ],
    "faces": {
        "down":  { "uv": [ 4.5, 12, 5, 11.5 ], "texture": "#texture" },
        "up":    { "uv": [ 4.5, 11.5, 5, 12 ], "texture": "#texture" },
        "north": { "uv": [ 4.5, 11.5, 5, 12 ], "texture": "#texture" },
        "south": { "uv": [ 5, 11.5, 4.5, 12 ], "texture": "#texture" },
        "west":  { "uv": [ 4.5, 11.5, 5, 12 ], "texture": "#texture" },
        "east":  { "uv": [ 5, 11.5, 4.5, 12 ], "texture": "#texture" }
    }
},
{
    "from": [ 6.5, 3.5, 4 ],
    "to": [ 7.75, 4, 4.5 ],
    "faces": {
        "down":  { "uv": [ 4, 12.5, 4.5, 12 ], "texture": "#texture" },
        "up":    { "uv": [ 4, 12, 4.5, 12.5 ], "texture": "#texture" },
        "north": { "uv": [ 4, 12, 4.5, 12.5 ], "texture": "#texture" },
        "south": { "uv": [ 4.5, 12, 4, 12.5 ], "texture": "#texture" },
        "west":  { "uv": [ 4, 12, 4.5, 12.5 ], "texture": "#texture" },
        "east":  { "uv": [ 4.5, 12, 4, 12.5 ], "texture": "#texture" }
    }
},
{
    "from": [ 6.5, 3, 3.5 ],
    "to": [ 7.75, 3.5, 4 ],
    "faces": {
        "down":  { "uv": [ 3.5, 13, 4, 12.5 ], "texture": "#texture" },
        "up":    { "uv": [ 3.5, 12.5, 4, 13 ], "texture": "#texture" },
        "north": { "uv": [ 3.5, 12.5, 4, 13 ], "texture": "#texture" },
        "south": { "uv": [ 4, 12.5, 3.5, 13 ], "texture": "#texture" },
        "west":  { "uv": [ 3.5, 12.5, 4, 13 ], "texture": "#texture" },
        "east":  { "uv": [ 4, 12.5, 3.5, 13 ], "texture": "#texture" }
    }
},
{
    "from": [ 6.5, 2.5, 3 ],
    "to": [ 7.75, 3, 3.5 ],
    "faces": {
        "down":  { "uv": [ 3, 13.5, 3.5, 13 ], "texture": "#texture" },
        "up":    { "uv": [ 3, 13, 3.5, 13.5 ], "texture": "#texture" },
        "north": { "uv": [ 3, 13, 3.5, 13.5 ], "texture": "#texture" },
        "south": { "uv": [ 3.5, 13, 3, 13.5 ], "texture": "#texture" },
        "west":  { "uv": [ 3, 13, 3.5, 13.5 ], "texture": "#texture" },
        "east":  { "uv": [ 3.5, 13, 3, 13.5 ], "texture": "#texture" }
    }
},
{
    "from": [ 6.5, 2, 2.5 ],
    "to": [ 7.75, 2.5, 3 ],
    "faces": {
        "down":  { "uv": [ 2.5, 14, 3, 13.5 ], "texture": "#texture" },
        "up":    { "uv": [ 2.5, 13.5, 3, 14 ], "texture": "#texture" },
        "north": { "uv": [ 2.5, 13.5, 3, 14 ], "texture": "#texture" },
        "south": { "uv": [ 3, 13.5, 2.5, 14 ], "texture": "#texture" },
        "west":  { "uv": [ 2.5, 13.5, 3, 14 ], "texture": "#texture" },
        "east":  { "uv": [ 3, 13.5, 2.5, 14 ], "texture": "#texture" }
    }
},
{
    "from": [ 6.5, 3, 2.5 ],
    "to": [ 7.75, 3.5, 3 ],
    "faces": {
        "down":  { "uv": [ 2.5, 13, 3, 12.5 ], "texture": "#texture" },
        "up":    { "uv": [ 2.5, 12.5, 3, 13 ], "texture": "#texture" },
        "north": { "uv": [ 2.5, 12.5, 3, 13 ], "texture": "#texture" },
        "south": { "uv": [ 3, 12.5, 2.5, 13 ], "texture": "#texture" },
        "west":  { "uv": [ 2.5, 12.5, 3, 13 ], "texture": "#texture" },
        "east":  { "uv": [ 3, 12.5, 2.5, 13 ], "texture": "#texture" }
    }
},
{
    "from": [ 6.5, 2.5, 2 ],
    "to": [ 7.75, 3, 2.5 ],
    "faces": {
        "down":  { "uv": [ 2, 13.5, 2.5, 13 ], "texture": "#texture" },
        "up":    { "uv": [ 2, 13, 2.5, 13.5 ], "texture": "#texture" },
        "north": { "uv": [ 2, 13, 2.5, 13.5 ], "texture": "#texture" },
        "south": { "uv": [ 2.5, 13, 2, 13.5 ], "texture": "#texture" },
        "west":  { "uv": [ 2, 13, 2.5, 13.5 ], "texture": "#texture" },
        "east":  { "uv": [ 2.5, 13, 2, 13.5 ], "texture": "#texture" }
    }
},
{
    "from": [ 6.25, 4.5, 4.5 ],
    "to": [ 8, 5, 5 ],
    "faces": {
        "down":  { "uv": [ 4.5, 11.5, 5, 11 ], "texture": "#texture" },
        "up":    { "uv": [ 4.5, 11, 5, 11.5 ], "texture": "#texture" },
        "north": { "uv": [ 4.5, 11, 5, 11.5 ], "texture": "#texture" },
        "south": { "uv": [ 5, 11, 4.5, 11.5 ], "texture": "#texture" },
        "west":  { "uv": [ 4.5, 11, 5, 11.5 ], "texture": "#texture" },
        "east":  { "uv": [ 5, 11, 4.5, 11.5 ], "texture": "#texture" }
    }
},
{
    "from": [ 6.25, 4, 4 ],
    "to": [ 8, 4.5, 4.5 ],
    "faces": {
        "down":  { "uv": [ 4, 12, 4.5, 11.5 ], "texture": "#texture" },
        "up":    { "uv": [ 4, 11.5, 4.5, 12 ], "texture": "#texture" },
        "north": { "uv": [ 4, 11.5, 4.5, 12 ], "texture": "#texture" },
        "south": { "uv": [ 4.5, 11.5, 4, 12 ], "texture": "#texture" },
        "west":  { "uv": [ 4, 11.5, 4.5, 12 ], "texture": "#texture" },
        "east":  { "uv": [ 4.5, 11.5, 4, 12 ], "texture": "#texture" }
    }
},
{
    "from": [ 6.25, 3.5, 3.5 ],
    "to": [ 8, 4, 4 ],
    "faces": {
        "down":  { "uv": [ 3.5, 12.5, 4, 12 ], "texture": "#texture" },
        "up":    { "uv": [ 3.5, 12, 4, 12.5 ], "texture": "#texture" },
        "north": { "uv": [ 3.5, 12, 4, 12.5 ], "texture": "#texture" },
        "south": { "uv": [ 4, 12, 3.5, 12.5 ], "texture": "#texture" },
        "west":  { "uv": [ 3.5, 12, 4, 12.5 ], "texture": "#texture" },
        "east":  { "uv": [ 4, 12, 3.5, 12.5 ], "texture": "#texture" }
    }
},
{
    "from": [ 6.25, 3, 3 ],
    "to": [ 8, 3.5, 3.5 ],
    "faces": {
        "down":  { "uv": [ 3, 13, 3.5, 12.5 ], "texture": "#texture" },
        "up":    { "uv": [ 3, 12.5, 3.5, 13 ], "texture": "#texture" },
        "north": { "uv": [ 3, 12.5, 3.5, 13 ], "texture": "#texture" },
        "south": { "uv": [ 3.5, 12.5, 3, 13 ], "texture": "#texture" },
        "west":  { "uv": [ 3, 12.5, 3.5, 13 ], "texture": "#texture" },
        "east":  { "uv": [ 3.5, 12.5, 3, 13 ], "texture": "#texture" }
    }
},
{
    "from": [ 6.25, 2.5, 2.5 ],
    "to": [ 8, 3, 3 ],
    "faces": {
        "down":  { "uv": [ 2.5, 13.5, 3, 13 ], "texture": "#texture" },
        "up":    { "uv": [ 2.5, 13, 3, 13.5 ], "texture": "#texture" },
        "north": { "uv": [ 2.5, 13, 3, 13.5 ], "texture": "#texture" },
        "south": { "uv": [ 3, 13, 2.5, 13.5 ], "texture": "#texture" },
        "west":  { "uv": [ 2.5, 13, 3, 13.5 ], "texture": "#texture" },
        "east":  { "uv": [ 3, 13, 2.5, 13.5 ], "texture": "#texture" }
    }
},
{
    "from": [ 6.25, 2, 2 ],
    "to": [ 8, 2.5, 2.5 ],
    "faces": {
        "down":  { "uv": [ 2, 14, 2.5, 13.5 ], "texture": "#texture" },
        "up":    { "uv": [ 2, 13.5, 2.5, 14 ], "texture": "#texture" },
        "north": { "uv": [ 2, 13.5, 2.5, 14 ], "texture": "#texture" },
        "south": { "uv": [ 2.5, 13.5, 2, 14 ], "texture": "#texture" },
        "west":  { "uv": [ 2, 13.5, 2.5, 14 ], "texture": "#texture" },
        "east":  { "uv": [ 2.5, 13.5, 2, 14 ], "texture": "#texture" }
    }
},
{
    "from": [ 6, 1.25, 1.25 ],
    "to": [ 8.25, 1.75, 1.75 ],
    "faces": {
        "down":  { "uv": [ 1.25, 14.75, 1.75, 14.25 ], "texture": "#texture" },
        "up":    { "uv": [ 1.25, 14.25, 1.75, 14.75 ], "texture": "#texture" },
        "north": { "uv": [ 1.25, 14.25, 1.75, 14.75 ], "texture": "#texture" },
        "south": { "uv": [ 1.75, 14.25, 1.25, 14.75 ], "texture": "#texture" },
        "west":  { "uv": [ 1.25, 14.25, 1.75, 14.75 ], "texture": "#texture" },
        "east":  { "uv": [ 1.75, 14.25, 1.25, 14.75 ], "texture": "#texture" }
    }
},
{
    "from": [ 6.25, 1.75, 1 ],
    "to": [ 8, 2, 2 ],
    "faces": {
        "down":  { "uv": [ 1, 14.25, 1.5, 13.75 ], "texture": "#texture" },
        "up":    { "uv": [ 1, 14, 1.5, 14.5 ], "texture": "#texture" },
        "north": { "uv": [ 1, 14, 1.5, 14.25 ], "texture": "#texture" },
        "south": { "uv": [ 2, 14, 1.5, 14.25 ], "texture": "#texture" },
        "west":  { "uv": [ 1, 14, 2, 14.25 ], "texture": "#texture" },
        "east":  { "uv": [ 2, 14, 1, 14.25 ], "texture": "#texture" }
    }
},
{
    "from": [ 6.5, 2, 1 ],
    "to": [ 7.75, 2.5, 2 ],
    "faces": {
        "down":  { "uv": [ 1, 14, 1.5, 13.5 ], "texture": "#texture" },
        "up":    { "uv": [ 1, 13.75, 1.5, 14.25 ], "texture": "#texture" },
        "north": { "uv": [ 1, 13.75, 1.5, 14 ], "texture": "#texture" },
        "south": { "uv": [ 2, 13.75, 1.5, 14 ], "texture": "#texture" },
        "west":  { "uv": [ 1, 13.75, 2, 14 ], "texture": "#texture" },
        "east":  { "uv": [ 2, 13.75, 1, 14 ], "texture": "#texture" }
    }
},
{
    "from": [ 6.875, 2, 0.5 ],
    "to": [ 7.375, 2.5, 1 ],
    "faces": {
        "down":  { "uv": [ 0.5, 14, 1, 13.5 ], "texture": "#texture" },
        "up":    { "uv": [ 0.5, 13.5, 1, 14 ], "texture": "#texture" },
        "north": { "uv": [ 0.5, 13.5, 1, 14 ], "texture": "#texture" },
        "south": { "uv": [ 1, 13.5, 0.5, 14 ], "texture": "#texture" },
        "west":  { "uv": [ 0.5, 13.5, 1, 14 ], "texture": "#texture" },
        "east":  { "uv": [ 1, 13.5, 0.5, 14 ], "texture": "#texture" }
    }
},
{
    "from": [ 6.875, 2.5, 1 ],
    "to": [ 7.375, 3, 2 ],
    "faces": {
        "down":  { "uv": [ 0.5, 14, 1, 13.5 ], "texture": "#texture" },
        "up":    { "uv": [ 0.5, 13.5, 1, 14 ], "texture": "#texture" },
        "north": { "uv": [ 0.5, 13.5, 1, 14 ], "texture": "#texture" },
        "south": { "uv": [ 1, 13.5, 0.5, 14 ], "texture": "#texture" },
        "west":  { "uv": [ 0.5, 13.5, 1, 14 ], "texture": "#texture" },
        "east":  { "uv": [ 1, 13.5, 0.5, 14 ], "texture": "#texture" }
    }
},
{
    "from": [ 6.875, 0, 1 ],
    "to": [ 7.375, 0.5, 2 ],
    "faces": {
        "down":  { "uv": [ 0.5, 14, 1, 13.5 ], "texture": "#texture" },
        "up":    { "uv": [ 0.5, 13.5, 1, 14 ], "texture": "#texture" },
        "north": { "uv": [ 0.5, 13.5, 1, 14 ], "texture": "#texture" },
        "south": { "uv": [ 1, 13.5, 0.5, 14 ], "texture": "#texture" },
        "west":  { "uv": [ 0.5, 13.5, 1, 14 ], "texture": "#texture" },
        "east":  { "uv": [ 1, 13.5, 0.5, 14 ], "texture": "#texture" }
    }
},
{
    "from": [ 6.875, 1, 0 ],
    "to": [ 7.375, 2, 0.5 ],
    "faces": {
        "down":  { "uv": [ 0.5, 14, 1, 13.5 ], "texture": "#texture" },
        "up":    { "uv": [ 0.5, 13.5, 1, 14 ], "texture": "#texture" },
        "north": { "uv": [ 0.5, 13.5, 1, 14 ], "texture": "#texture" },
        "south": { "uv": [ 1, 13.5, 0.5, 14 ], "texture": "#texture" },
        "west":  { "uv": [ 0.5, 13.5, 1, 14 ], "texture": "#texture" },
        "east":  { "uv": [ 1, 13.5, 0.5, 14 ], "texture": "#texture" }
    }
},
{
    "from": [ 6.875, 1, 2.5 ],
    "to": [ 7.375, 2, 3 ],
    "faces": {
        "down":  { "uv": [ 0.5, 14, 1, 13.5 ], "texture": "#texture" },
        "up":    { "uv": [ 0.5, 13.5, 1, 14 ], "texture": "#texture" },
        "north": { "uv": [ 0.5, 13.5, 1, 14 ], "texture": "#texture" },
        "south": { "uv": [ 1, 13.5, 0.5, 14 ], "texture": "#texture" },
        "west":  { "uv": [ 0.5, 13.5, 1, 14 ], "texture": "#texture" },
        "east":  { "uv": [ 1, 13.5, 0.5, 14 ], "texture": "#texture" }
    }
},
{
    "from": [ 6.875, 0.5, 2 ],
    "to": [ 7.375, 1, 2.5 ],
    "faces": {
        "down":  { "uv": [ 0.5, 14, 1, 13.5 ], "texture": "#texture" },
        "up":    { "uv": [ 0.5, 13.5, 1, 14 ], "texture": "#texture" },
        "north": { "uv": [ 0.5, 13.5, 1, 14 ], "texture": "#texture" },
        "south": { "uv": [ 1, 13.5, 0.5, 14 ], "texture": "#texture" },
        "west":  { "uv": [ 0.5, 13.5, 1, 14 ], "texture": "#texture" },
        "east":  { "uv": [ 1, 13.5, 0.5, 14 ], "texture": "#texture" }
    }
},
{
    "from": [ 6.875, 0.5, 0.5 ],
    "to": [ 7.375, 1, 1 ],
    "faces": {
        "down":  { "uv": [ 0.5, 14, 1, 13.5 ], "texture": "#texture" },
        "up":    { "uv": [ 0.5, 13.5, 1, 14 ], "texture": "#texture" },
        "north": { "uv": [ 0.5, 13.5, 1, 14 ], "texture": "#texture" },
        "south": { "uv": [ 1, 13.5, 0.5, 14 ], "texture": "#texture" },
        "west":  { "uv": [ 0.5, 13.5, 1, 14 ], "texture": "#texture" },
        "east":  { "uv": [ 1, 13.5, 0.5, 14 ], "texture": "#texture" }
    }
},
{
    "from": [ 6.25, 1, 1 ],
    "to": [ 8, 1.25, 2 ],
    "faces": {
        "down":  { "uv": [ 1, 14.25, 1.5, 13.75 ], "texture": "#texture" },
        "up":    { "uv": [ 1, 14, 1.5, 14.5 ], "texture": "#texture" },
        "north": { "uv": [ 1, 14, 1.5, 14.25 ], "texture": "#texture" },
        "south": { "uv": [ 2, 14, 1.5, 14.25 ], "texture": "#texture" },
        "west":  { "uv": [ 1, 14, 2, 14.25 ], "texture": "#texture" },
        "east":  { "uv": [ 2, 14, 1, 14.25 ], "texture": "#texture" }
    }
},
{
    "from": [ 6.25, 1.25, 1.75 ],
    "to": [ 8, 1.75, 2 ],
    "faces": {
        "down":  { "uv": [ 1, 14.25, 1.5, 13.75 ], "texture": "#texture" },
        "up":    { "uv": [ 1, 14, 1.5, 14.5 ], "texture": "#texture" },
        "north": { "uv": [ 1, 14, 1.5, 14.25 ], "texture": "#texture" },
        "south": { "uv": [ 2, 14, 1.5, 14.25 ], "texture": "#texture" },
        "west":  { "uv": [ 1, 14, 2, 14.25 ], "texture": "#texture" },
        "east":  { "uv": [ 2, 14, 1, 14.25 ], "texture": "#texture" }
    }
},
{
    "from": [ 6.25, 1.25, 1 ],
    "to": [ 8, 1.75, 1.25 ],
    "faces": {
        "down":  { "uv": [ 1, 14.25, 1.5, 13.75 ], "texture": "#texture" },
        "up":    { "uv": [ 1, 14, 1.5, 14.5 ], "texture": "#texture" },
        "north": { "uv": [ 1, 14, 1.5, 14.25 ], "texture": "#texture" },
        "south": { "uv": [ 2, 14, 1.5, 14.25 ], "texture": "#texture" },
        "west":  { "uv": [ 1, 14, 2, 14.25 ], "texture": "#texture" },
        "east":  { "uv": [ 2, 14, 1, 14.25 ], "texture": "#texture" }
    }
},
{
    "from": [ 6.5, 0.5, 1 ],
    "to": [ 7.75, 1, 2 ],
    "faces": {
        "down":  { "uv": [ 1, 14, 1.5, 13.5 ], "texture": "#texture" },
        "up":    { "uv": [ 1, 13.75, 1.5, 14.25 ], "texture": "#texture" },
        "north": { "uv": [ 1, 13.75, 1.5, 14 ], "texture": "#texture" },
        "south": { "uv": [ 2, 13.75, 1.5, 14 ], "texture": "#texture" },
        "west":  { "uv": [ 1, 13.75, 2, 14 ], "texture": "#texture" },
        "east":  { "uv": [ 2, 13.75, 1, 14 ], "texture": "#texture" }
    }
},
{
    "from": [ 6.5, 1, 0.5 ],
    "to": [ 7.75, 2, 1 ],
    "faces": {
        "down":  { "uv": [ 1, 14, 1.5, 13.5 ], "texture": "#texture" },
        "up":    { "uv": [ 1, 13.75, 1.5, 14.25 ], "texture": "#texture" },
        "north": { "uv": [ 1, 13.75, 1.5, 14 ], "texture": "#texture" },
        "south": { "uv": [ 2, 13.75, 1.5, 14 ], "texture": "#texture" },
        "west":  { "uv": [ 1, 13.75, 2, 14 ], "texture": "#texture" },
        "east":  { "uv": [ 2, 13.75, 1, 14 ], "texture": "#texture" }
    }
},
{
    "from": [ 6.5, 1, 2 ],
    "to": [ 7.75, 2, 2.5 ],
    "faces": {
        "down":  { "uv": [ 1, 14, 1.5, 13.5 ], "texture": "#texture" },
        "up":    { "uv": [ 1, 13.75, 1.5, 14.25 ], "texture": "#texture" },
        "north": { "uv": [ 1, 13.75, 1.5, 14 ], "texture": "#texture" },
        "south": { "uv": [ 2, 13.75, 1.5, 14 ], "texture": "#texture" },
        "west":  { "uv": [ 1, 13.75, 2, 14 ], "texture": "#texture" },
        "east":  { "uv": [ 2, 13.75, 1, 14 ], "texture": "#texture" }
    }
}
],
"display": {
    "thirdperson": {
        "rotation": [ -135, 0, 4 ],
        "translation": [ 0, 0.2, -4.3 ],
        "scale": [ 1.1, 1.1, 1.1 ]
    },
    "ground": {
        "rotation": [ 0, 24, 91 ],
        "translation": [ 0, -5.6, 0 ],
        "scale": [ 1.25, 1.25, 1.25 ]
    },
    "fixed": {
        "rotation": [ 0, 90, 0 ],
        "translation": [ 0, -0.4, -1.1 ],
        "scale": [ 2, 2, 2 ]
    },
    "firstperson": {
        "rotation": [ -28, 147, -11 ],
        "translation": [ -0.7, 5.8, -0.5 ],
        "scale": [ 1.5, 1.95, 1.5 ]
    },
    "gui": {
        "rotation": [ -6, 47, 31 ],
        "translation": [ 0, 0, 0 ],
        "scale": [ 1.5, 1.5, 1.5 ]
    }
}
}