{
    "__comment": "Model generated using MrCrayfish's Model Creator (http://mrcrayfish.com/modelcreator/)",
    "textures": {
        "0": "blocks/mm_headfront",
        "1": "blocks/mm_headright",
        "2": "blocks/mm_headback",
        "3": "blocks/mm_headleft",
        "4": "blocks/mm_headtop",
        "5": "blocks/mm_headlow",
        "6": "blocks/mm_goldmask",
        "7": "blocks/mm_strapcolor"
    },
    "elements": [
        {
            "name": "Head",
            "from": [ 0.0, 0.0, 0.0 ], 
            "to": [ 16.0, 16.0, 16.0 ], 
            "faces": {
                "north": { "texture": "#0", "uv": [ 0.0, 0.0, 16.0, 16.0 ] },
                "east": { "texture": "#1", "uv": [ 0.0, 0.0, 16.0, 16.0 ] },
                "south": { "texture": "#2", "uv": [ 0.0, 0.0, 16.0, 16.0 ] },
                "west": { "texture": "#3", "uv": [ 0.0, 0.0, 16.0, 16.0 ] },
                "up": { "texture": "#4", "uv": [ 0.0, 0.0, 16.0, 16.0 ] },
                "down": { "texture": "#5", "uv": [ 0.0, 0.0, 16.0, 16.0 ] }
            }
        },
        {
            "name": "Mask1",
            "from": [ 2.0, 0.0, -1.0 ], 
            "to": [ 14.0, 2.0, 0.0 ], 
            "faces": {
                "north": { "texture": "#6", "uv": [ 2.0, 14.0, 14.0, 16.0 ] },
                "east": { "texture": "#6", "uv": [ 0.0, 0.0, 1.0, 2.0 ] },
                "south": { "texture": "#6", "uv": [ 0.0, 0.0, 12.0, 2.0 ] },
                "west": { "texture": "#6", "uv": [ 0.0, 0.0, 1.0, 2.0 ] },
                "up": { "texture": "#6", "uv": [ 0.0, 0.0, 12.0, 1.0 ] },
                "down": { "texture": "#6", "uv": [ 0.0, 0.0, 12.0, 1.0 ] }
            }
        },
        {
            "name": "Mask2",
            "from": [ 0.0, 2.0, -1.0 ], 
            "to": [ 6.0, 4.0, 0.0 ], 
            "faces": {
                "north": { "texture": "#6", "uv": [ 10.0, 13.0, 16.0, 15.0 ] },
                "east": { "texture": "#6", "uv": [ 0.0, 0.0, 1.0, 2.0 ] },
                "south": { "texture": "#6", "uv": [ 0.0, 0.0, 6.0, 2.0 ] },
                "west": { "texture": "#6", "uv": [ 0.0, 0.0, 1.0, 2.0 ] },
                "up": { "texture": "#6", "uv": [ 0.0, 0.0, 6.0, 1.0 ] },
                "down": { "texture": "#6", "uv": [ 0.0, 0.0, 6.0, 1.0 ] }
            }
        },
        {
            "name": "Mask3",
            "from": [ 10.0, 2.0, -1.0 ], 
            "to": [ 16.0, 4.0, 0.0 ], 
            "faces": {
                "north": { "texture": "#6", "uv": [ 0.0, 13.0, 6.0, 15.0 ] },
                "east": { "texture": "#6", "uv": [ 0.0, 0.0, 1.0, 2.0 ] },
                "south": { "texture": "#6", "uv": [ 0.0, 0.0, 6.0, 2.0 ] },
                "west": { "texture": "#6", "uv": [ 0.0, 0.0, 1.0, 2.0 ] },
                "up": { "texture": "#6", "uv": [ 0.0, 0.0, 6.0, 1.0 ] },
                "down": { "texture": "#6", "uv": [ 0.0, 0.0, 6.0, 1.0 ] }
            }
        },
        {
            "name": "Mask4",
            "from": [ 6.0, 4.0, -1.0 ], 
            "to": [ 10.0, 6.0, 0.0 ], 
            "faces": {
                "north": { "texture": "#6", "uv": [ 7.0, 8.0, 11.0, 10.0 ] },
                "east": { "texture": "#6", "uv": [ 0.0, 0.0, 1.0, 2.0 ] },
                "south": { "texture": "#6", "uv": [ 0.0, 0.0, 4.0, 2.0 ] },
                "west": { "texture": "#6", "uv": [ 0.0, 0.0, 1.0, 2.0 ] },
                "up": { "texture": "#6", "uv": [ 0.0, 0.0, 4.0, 1.0 ] },
                "down": { "texture": "#6", "uv": [ 0.0, 0.0, 4.0, 1.0 ] }
            }
        },
        {
            "name": "Mask5",
            "from": [ 14.0, 4.0, -1.0 ], 
            "to": [ 16.0, 6.0, 0.0 ], 
            "faces": {
                "north": { "texture": "#6", "uv": [ 0.0, 7.0, 2.0, 9.0 ] },
                "east": { "texture": "#6", "uv": [ 0.0, 0.0, 1.0, 2.0 ] },
                "south": { "texture": "#6", "uv": [ 0.0, 0.0, 2.0, 2.0 ] },
                "west": { "texture": "#6", "uv": [ 0.0, 0.0, 1.0, 2.0 ] },
                "up": { "texture": "#6", "uv": [ 0.0, 0.0, 2.0, 1.0 ] },
                "down": { "texture": "#6", "uv": [ 0.0, 0.0, 2.0, 1.0 ] }
            }
        },
        {
            "name": "Mask6",
            "from": [ 0.0, 4.0, -1.0 ], 
            "to": [ 2.0, 6.0, 0.0 ], 
            "faces": {
                "north": { "texture": "#6", "uv": [ 14.0, 8.0, 16.0, 10.0 ] },
                "east": { "texture": "#6", "uv": [ 0.0, 0.0, 1.0, 2.0 ] },
                "south": { "texture": "#6", "uv": [ 0.0, 0.0, 2.0, 2.0 ] },
                "west": { "texture": "#6", "uv": [ 0.0, 0.0, 1.0, 2.0 ] },
                "up": { "texture": "#6", "uv": [ 0.0, 0.0, 2.0, 1.0 ] },
                "down": { "texture": "#6", "uv": [ 0.0, 0.0, 2.0, 1.0 ] }
            }
        },
        {
            "name": "Mask7",
            "from": [ 0.0, 6.0, -1.0 ], 
            "to": [ 16.0, 14.0, 0.0 ], 
            "faces": {
                "north": { "texture": "#6", "uv": [ 0.0, 2.0, 16.0, 10.0 ] },
                "east": { "texture": "#6", "uv": [ 0.0, 0.0, 1.0, 8.0 ] },
                "south": { "texture": "#6", "uv": [ 0.0, 0.0, 16.0, 8.0 ] },
                "west": { "texture": "#6", "uv": [ 0.0, 0.0, 1.0, 8.0 ] },
                "up": { "texture": "#6", "uv": [ 0.0, 0.0, 16.0, 1.0 ] },
                "down": { "texture": "#6", "uv": [ 0.0, 0.0, 16.0, 1.0 ] }
            }
        },
        {
            "name": "Mask8",
            "from": [ 2.0, 14.0, -1.0 ], 
            "to": [ 14.0, 16.0, 0.0 ], 
            "faces": {
                "north": { "texture": "#6", "uv": [ 1.0, 0.0, 13.0, 2.0 ] },
                "east": { "texture": "#6", "uv": [ 0.0, 0.0, 1.0, 2.0 ] },
                "south": { "texture": "#6", "uv": [ 0.0, 0.0, 12.0, 2.0 ] },
                "west": { "texture": "#6", "uv": [ 0.0, 0.0, 1.0, 2.0 ] },
                "up": { "texture": "#6", "uv": [ 0.0, 0.0, 12.0, 1.0 ] },
                "down": { "texture": "#6", "uv": [ 0.0, 0.0, 12.0, 1.0 ] }
            }
        },
        {
            "name": "Strap",
            "from": [ -0.10000000149011612, 8.0, -0.10000000149011612 ], 
            "to": [ 16.099999986588955, 10.0, 16.100000001490116 ], 
            "faces": {
                "north": { "texture": "#7", "uv": [ 0.0, 0.0, 16.19999998807907, 2.0 ] },
                "east": { "texture": "#7", "uv": [ 0.0, 0.0, 16.200000002980232, 2.0 ] },
                "south": { "texture": "#7", "uv": [ 0.0, 0.0, 16.19999998807907, 2.0 ] },
                "west": { "texture": "#7", "uv": [ 0.0, 0.0, 16.200000002980232, 2.0 ] },
                "up": { "texture": "#7", "uv": [ 0.0, 0.0, 16.19999998807907, 16.200000002980232 ] },
                "down": { "texture": "#7", "uv": [ 0.0, 0.0, 16.19999998807907, 16.200000002980232 ] }
            }
        }
    ]
}