{"__comment":"Designed by Hypixel minecraft server with BDcraft Cubik PRO 0.95 Beta - http://bdcraft.net","textures":{"texture":"items/KiBlast","glass_blue":"blocks/glass_blue"},"elements":[{"from":[0,0,8],"to":[16,16,8.0625],"faces":{"north":{"uv":[0,0,16,16],"texture":"#texture"},"south":{"uv":[16,0,0,16],"texture":"#texture"}}},{"from":[0,-2.5,13.5],"to":[16,13.5,13.5625],"rotation":{"origin":[0,13.5,13.5],"axis":"x","angle":45},"faces":{"north":{"uv":[0,0,16,16],"texture":"#texture","cullface":"down"},"south":{"uv":[16,0,0,16],"texture":"#texture","cullface":"down"}}},{"from":[0,-2.5,2.5],"to":[16,13.5,2.5625],"rotation":{"origin":[0,13.5,2.5],"axis":"x","angle":-45},"faces":{"north":{"uv":[0,0,16,16],"texture":"#texture","cullface":"down"},"south":{"uv":[16,0,0,16],"texture":"#texture","cullface":"down"}}},{"from":[0,7.9375,0],"to":[16,8,16],"faces":{"down":{"uv":[0,16,0.5,15.5],"texture":"#texture"},"up":{"uv":[15.5,0,0,14.5],"texture":"#texture"}}},{"from":[3.5,7,7],"to":[4.5,9,9],"faces":{"down":{"uv":[12.5,8.5,11.5,6.5],"texture":"#texture"},"up":{"uv":[11.5,6.5,12.5,8.5],"texture":"#texture"},"north":{"uv":[11.5,6.5,12.5,8.5],"texture":"#texture"},"south":{"uv":[12.5,6.5,11.5,8.5],"texture":"#texture"},"west":{"uv":[10.5,6.5,12.5,8.5],"texture":"#texture"}}},{"from":[4,6.5,6.5],"to":[5,9.5,9.5],"faces":{"down":{"uv":[12.5,8.5,11.5,6.5],"texture":"#texture"},"up":{"uv":[11.5,6.5,12.5,8.5],"texture":"#texture"},"north":{"uv":[11.5,6.5,12.5,8.5],"texture":"#texture"},"south":{"uv":[12.5,6.5,11.5,8.5],"texture":"#texture"},"west":{"uv":[10.5,6.5,12.5,8.5],"texture":"#texture"}}},{"from":[4.5,6,6],"to":[5.5,10,10],"faces":{"down":{"uv":[12.5,8.5,11.5,6.5],"texture":"#texture"},"up":{"uv":[11.5,6.5,12.5,8.5],"texture":"#texture"},"north":{"uv":[11.5,6.5,12.5,8.5],"texture":"#texture"},"south":{"uv":[12.5,6.5,11.5,8.5],"texture":"#texture"},"west":{"uv":[10.5,6.5,12.5,8.5],"texture":"#texture"},"east":{"uv":[12.5,6.5,10.5,8.5],"texture":"#texture"}}},{"from":[5,5.75,5.75],"to":[6.5,10.25,10.25],"faces":{"down":{"uv":[12.5,8.5,11.5,6.5],"texture":"#texture"},"up":{"uv":[11.5,6.5,12.5,8.5],"texture":"#texture"},"north":{"uv":[11.5,6.5,12.5,8.5],"texture":"#texture"},"south":{"uv":[12.5,6.5,11.5,8.5],"texture":"#texture"},"west":{"uv":[10.5,6.5,12.5,8.5],"texture":"#texture"},"east":{"uv":[12.5,6.5,10.5,8.5],"texture":"#texture"}}},{"from":[6.5,6,6],"to":[7.5,10,10],"faces":{"down":{"uv":[12.5,8.5,11.5,6.5],"texture":"#texture"},"up":{"uv":[11.5,6.5,12.5,8.5],"texture":"#texture"},"north":{"uv":[11.5,6.5,12.5,8.5],"texture":"#texture"},"south":{"uv":[12.5,6.5,11.5,8.5],"texture":"#texture"},"east":{"uv":[12.5,6.5,10.5,8.5],"texture":"#texture"}}},{"from":[7.5,6.5,6.5],"to":[8.5,9.5,9.5],"faces":{"down":{"uv":[12.5,8.5,11.5,6.5],"texture":"#texture"},"up":{"uv":[11.5,6.5,12.5,8.5],"texture":"#texture"},"north":{"uv":[11.5,6.5,12.5,8.5],"texture":"#texture"},"south":{"uv":[12.5,6.5,11.5,8.5],"texture":"#texture"},"east":{"uv":[12.5,6.5,10.5,8.5],"texture":"#texture"}}},{"from":[8,7.5,7],"to":[28,9.5,9],"faces":{"down":{"uv":[16,3,0,3.5],"texture":"#glass_blue"},"up":{"uv":[16,3,0,3.5],"texture":"#glass_blue"},"north":{"uv":[0,3,16,3.5],"texture":"#glass_blue"},"south":{"uv":[16,3,0,3.5],"texture":"#glass_blue"},"west":{"uv":[0.5,14.5,1.5,15.5],"texture":"#glass_blue"},"east":{"uv":[0.5,14.5,1.5,15.5],"texture":"#glass_blue","cullface":"east"}}}],"display":{"head":{"rotation":[0,-90,0],"translation":[0,0,0],"scale":[1.5,1.5,1.5]}}}