{
	"__comment": "Designed by Colin0904 with Cubik Studio - https://cubik.studio",
	"ambientocclusion": false,
	"textures": {
		"texture": "items/pit_bow2",
		"pit_bow": "items/pit_bow"
	},
	"elements": [ 	 
		{
			"__comment": "Box1",
			"from": [ 8.0008, 16.5, 7 ],
			"to": [ 9.0008, 21, 8.499999 ],
			"faces": {
				"up": { "uv": [ 8, 7, 9, 8 ], "texture": "#texture", "cullface": "up" },
				"north": { "uv": [ 5.5, 0, 10.5, 16 ], "texture": "#texture", "cullface": "up" },
				"south": { "uv": [ 5.5, 0, 10.5, 16 ], "texture": "#texture", "cullface": "up" },
				"east": { "uv": [ 8, 11, 9, 15.5 ], "texture": "#texture", "cullface": "up" }
			}
		},
		{
			"__comment": "Box1",
			"from": [ 7.999, 21.0009, 6.9997 ],
			"to": [ 8.498999, 21.5009, 8.499701 ],
			"faces": {
				"north": { "uv": [ 9, 5, 11, 7 ], "texture": "#texture", "cullface": "up", "rotation": 90 },
				"south": { "uv": [ 9, 5, 11, 7 ], "texture": "#texture", "cullface": "up", "rotation": 90 }
			}
		},
		{
			"__comment": "Box1",
			"from": [ 7.9994, 2.0008, 7.0002 ],
			"to": [ 8.999399, 6.5008, 8.5002 ],
			"faces": {
				"down": { "uv": [ 8, 8, 9, 9 ], "texture": "#texture" },
				"north": { "uv": [ 5.5, 0, 10.5, 16 ], "texture": "#texture" },
				"south": { "uv": [ 5.5, 0, 10.5, 16 ], "texture": "#texture" },
				"west": { "uv": [ 7, 9, 8, 13.5 ], "texture": "#texture" },
				"east": { "uv": [ 8, 9, 9, 13.5 ], "texture": "#texture" }
			}
		},
		{
			"__comment": "Box1",
			"from": [ 7.9992, 1.5007, 6.9991 ],
			"to": [ 8.4992, 2.0007, 8.4991 ],
			"faces": {
				"down": { "uv": [ 8, 8, 9, 9 ], "texture": "#texture" },
				"north": { "uv": [ 7, 2, 9, 4 ], "texture": "#texture", "rotation": 90 },
				"south": { "uv": [ 7, 2, 9, 4 ], "texture": "#texture" }
			}
		},
		{
			"__comment": "Voxels-FFFF71",
			"from": [ 4.5005, -1.4991, 6.9999 ],
			"to": [ 5.5005, -0.9991003, 8.4999 ],
			"faces": {
				"down": { "uv": [ 4.96, 0.96, 7.04, 3.04 ], "texture": "#pit_bow", "cullface": "down" },
				"up": { "uv": [ 4.96, 0.96, 7.04, 3.04 ], "texture": "#pit_bow", "cullface": "down" },
				"north": { "uv": [ 4.96, 0.96, 7.04, 3.04 ], "texture": "#pit_bow", "cullface": "down" },
				"south": { "uv": [ 4.96, 0.96, 7.04, 3.04 ], "texture": "#pit_bow", "cullface": "down" },
				"west": { "uv": [ 4.96, 0.96, 7.04, 3.04 ], "texture": "#pit_bow", "cullface": "down" },
				"east": { "uv": [ 4.96, 0.96, 7.04, 3.04 ], "texture": "#pit_bow", "cullface": "down" }
			}
		},
		{
			"__comment": "Voxels-FFFF7B",
			"from": [ 4.5009, 23.9991, 7.0002 ],
			"to": [ 5.5009, 24.4991, 8.5002 ],
			"faces": {
				"down": { "uv": [ 4.96, 8.96, 7.04, 11.04 ], "texture": "#pit_bow", "cullface": "up" },
				"up": { "uv": [ 4.96, 8.96, 7.04, 11.04 ], "texture": "#pit_bow", "cullface": "up" },
				"north": { "uv": [ 4.96, 8.96, 7.04, 11.04 ], "texture": "#pit_bow", "cullface": "up" },
				"south": { "uv": [ 4.96, 8.96, 7.04, 11.04 ], "texture": "#pit_bow", "cullface": "up" },
				"west": { "uv": [ 4.96, 8.96, 7.04, 11.04 ], "texture": "#pit_bow", "cullface": "up" },
				"east": { "uv": [ 4.96, 8.96, 7.04, 11.04 ], "texture": "#pit_bow", "cullface": "up" }
			}
		},
		{
			"__comment": "Voxels-FFFF8F",
			"from": [ 5.4995, -1.5004, 7.0007 ],
			"to": [ 6.9995, -1.0004, 7.5007 ],
			"faces": {
				"down": { "uv": [ 12.96, 0.96, 15.04, 3.04 ], "texture": "#pit_bow", "cullface": "down" },
				"up": { "uv": [ 12.96, 0.96, 15.04, 3.04 ], "texture": "#pit_bow", "cullface": "down" },
				"north": { "uv": [ 12.96, 0.96, 15.04, 3.04 ], "texture": "#pit_bow", "cullface": "down" },
				"south": { "uv": [ 12.96, 0.96, 15.04, 3.04 ], "texture": "#pit_bow", "cullface": "down" },
				"east": { "uv": [ 12.96, 0.96, 15.04, 3.04 ], "texture": "#pit_bow", "cullface": "down" }
			}
		},
		{
			"__comment": "Voxels-FFFF71",
			"from": [ 5.5005, -1.5007, 7.5003 ],
			"to": [ 6.0005, -1.0007, 8.5003 ],
			"faces": {
				"down": { "uv": [ 4.96, 0.96, 7.04, 3.04 ], "texture": "#pit_bow", "cullface": "down" },
				"south": { "uv": [ 4.96, 0.96, 7.04, 3.04 ], "texture": "#pit_bow", "cullface": "down" }
			}
		},
		{
			"__comment": "Voxels-FFFF8F",
			"from": [ 5.4996, -1.001, 6.999 ],
			"to": [ 6.4996, -0.501, 8.498999 ],
			"faces": {
				"down": { "uv": [ 12.96, 0.96, 15.04, 3.04 ], "texture": "#pit_bow", "cullface": "down" },
				"up": { "uv": [ 12.96, 0.96, 15.04, 3.04 ], "texture": "#pit_bow", "cullface": "down" },
				"north": { "uv": [ 12.96, 0.96, 15.04, 3.04 ], "texture": "#pit_bow", "cullface": "down" },
				"south": { "uv": [ 12.96, 0.96, 15.04, 3.04 ], "texture": "#pit_bow", "cullface": "down" },
				"west": { "uv": [ 12.96, 0.96, 15.04, 3.04 ], "texture": "#pit_bow", "cullface": "down" }
			}
		},
		{
			"__comment": "Voxels-FFFF8F",
			"from": [ 5.5009, 23.5005, 6.9992 ],
			"to": [ 6.0009, 24.0005, 8.499201 ],
			"faces": {
				"down": { "uv": [ 12.96, 0.96, 15.04, 3.04 ], "texture": "#pit_bow", "cullface": "up" },
				"up": { "uv": [ 12.96, 0.96, 15.04, 3.04 ], "texture": "#pit_bow", "cullface": "up" },
				"north": { "uv": [ 12.96, 0.96, 15.04, 3.04 ], "texture": "#pit_bow", "cullface": "up" },
				"south": { "uv": [ 12.96, 0.96, 15.04, 3.04 ], "texture": "#pit_bow", "cullface": "up" },
				"west": { "uv": [ 12.96, 0.96, 15.04, 3.04 ], "texture": "#pit_bow", "cullface": "up" },
				"east": { "uv": [ 12.96, 0.96, 15.04, 3.04 ], "texture": "#pit_bow", "cullface": "up" }
			}
		},
		{
			"__comment": "Voxels-FFFF71",
			"from": [ 5.5002, 23.9995, 7.0001 ],
			"to": [ 6.5002, 24.4995, 7.5001 ],
			"faces": {
				"down": { "uv": [ 4.96, 0.96, 7.04, 3.04 ], "texture": "#pit_bow", "cullface": "up" },
				"up": { "uv": [ 4.96, 0.96, 7.04, 3.04 ], "texture": "#pit_bow", "cullface": "up" },
				"north": { "uv": [ 4.96, 0.96, 7.04, 3.04 ], "texture": "#pit_bow", "cullface": "up" },
				"south": { "uv": [ 4.96, 0.96, 7.04, 3.04 ], "texture": "#pit_bow", "cullface": "up" }
			}
		},
		{
			"__comment": "Voxels-FFFF71",
			"from": [ 5.5006, 23.9992, 7.4993 ],
			"to": [ 6.0006, 24.4992, 8.4993 ],
			"faces": {
				"up": { "uv": [ 4.96, 0.96, 7.04, 3.04 ], "texture": "#pit_bow", "cullface": "up" },
				"south": { "uv": [ 4.96, 0.96, 7.04, 3.04 ], "texture": "#pit_bow", "cullface": "up" }
			}
		},
		{
			"__comment": "Voxels-FFFF8F",
			"from": [ 6.0002, -1.4993, 7.5006 ],
			"to": [ 7.0002, -0.9993, 8.500599 ],
			"faces": {
				"down": { "uv": [ 12.96, 0.96, 15.04, 3.04 ], "texture": "#pit_bow", "cullface": "down" },
				"up": { "uv": [ 12.96, 0.96, 15.04, 3.04 ], "texture": "#pit_bow", "cullface": "down" },
				"south": { "uv": [ 12.96, 0.96, 15.04, 3.04 ], "texture": "#pit_bow", "cullface": "down" },
				"east": { "uv": [ 12.96, 0.96, 15.04, 3.04 ], "texture": "#pit_bow", "cullface": "down" }
			}
		},
		{
			"__comment": "Voxels-FFFF71",
			"from": [ 6.0008, -0.5009, 6.9997 ],
			"to": [ 6.5008, -0.0008999705, 8.499699 ],
			"faces": {
				"up": { "uv": [ 4.96, 0.96, 7.04, 3.04 ], "texture": "#pit_bow", "cullface": "down" },
				"north": { "uv": [ 4.96, 0.96, 7.04, 3.04 ], "texture": "#pit_bow", "cullface": "down" },
				"south": { "uv": [ 4.96, 0.96, 7.04, 3.04 ], "texture": "#pit_bow", "cullface": "down" },
				"west": { "uv": [ 4.96, 0.96, 7.04, 3.04 ], "texture": "#pit_bow", "cullface": "down" },
				"east": { "uv": [ 4.96, 0.96, 7.04, 3.04 ], "texture": "#pit_bow", "cullface": "down" }
			}
		},
		{
			"__comment": "Voxels-FFFF8F",
			"from": [ 6.0006, 22.9994, 6.9995 ],
			"to": [ 6.5006, 23.4994, 7.4995 ],
			"faces": {
				"down": { "uv": [ 12.96, 0.96, 15.04, 3.04 ], "texture": "#pit_bow", "cullface": "up" },
				"north": { "uv": [ 12.96, 0.96, 15.04, 3.04 ], "texture": "#pit_bow", "cullface": "up" },
				"west": { "uv": [ 12.96, 0.96, 15.04, 3.04 ], "texture": "#pit_bow", "cullface": "up" }
			}
		},
		{
			"__comment": "Voxels-FFFF71",
			"from": [ 5.9993, 22.9999, 7.5005 ],
			"to": [ 7.4993, 23.4999, 8.0005 ],
			"faces": {
				"down": { "uv": [ 4.96, 0.96, 7.04, 3.04 ], "texture": "#pit_bow", "cullface": "up" },
				"up": { "uv": [ 4.96, 0.96, 7.04, 3.04 ], "texture": "#pit_bow", "cullface": "up" },
				"north": { "uv": [ 4.96, 0.96, 7.04, 3.04 ], "texture": "#pit_bow", "cullface": "up" },
				"south": { "uv": [ 4.96, 0.96, 7.04, 3.04 ], "texture": "#pit_bow", "cullface": "up" },
				"west": { "uv": [ 4.96, 0.96, 7.04, 3.04 ], "texture": "#pit_bow", "cullface": "up" }
			}
		},
		{
			"__comment": "Voxels-FFFF71",
			"from": [ 5.9999, 23.0003, 7.9995 ],
			"to": [ 6.9999, 23.5003, 8.499499 ],
			"faces": {
				"down": { "uv": [ 4.96, 0.96, 7.04, 3.04 ], "texture": "#pit_bow", "cullface": "up" },
				"up": { "uv": [ 4.96, 0.96, 7.04, 3.04 ], "texture": "#pit_bow", "cullface": "up" },
				"south": { "uv": [ 4.96, 0.96, 7.04, 3.04 ], "texture": "#pit_bow", "cullface": "up" },
				"west": { "uv": [ 4.96, 0.96, 7.04, 3.04 ], "texture": "#pit_bow", "cullface": "up" }
			}
		},
		{
			"__comment": "Voxels-FFFF71",
			"from": [ 5.9992, 23.5005, 7 ],
			"to": [ 6.4992, 24.0005, 7.5 ],
			"faces": {
				"north": { "uv": [ 4.96, 0.96, 7.04, 3.04 ], "texture": "#pit_bow", "cullface": "up" }
			}
		},
		{
			"__comment": "Voxels-FFFF8F",
			"from": [ 5.9993, 23.5005, 7.5007 ],
			"to": [ 6.4993, 24.5005, 8.5007 ],
			"faces": {
				"down": { "uv": [ 12.96, 0.96, 15.04, 3.04 ], "texture": "#pit_bow", "cullface": "up" },
				"up": { "uv": [ 12.96, 0.96, 15.04, 3.04 ], "texture": "#pit_bow", "cullface": "up" },
				"north": { "uv": [ 12.96, 0.96, 15.04, 3.04 ], "texture": "#pit_bow", "cullface": "up" },
				"south": { "uv": [ 12.96, 0.96, 15.04, 3.04 ], "texture": "#pit_bow", "cullface": "up" },
				"west": { "uv": [ 12.96, 0.96, 15.04, 3.04 ], "texture": "#pit_bow", "cullface": "up" },
				"east": { "uv": [ 12.96, 0.96, 15.04, 3.04 ], "texture": "#pit_bow", "cullface": "up" }
			}
		},
		{
			"__comment": "Voxels-FFFF71",
			"from": [ 6.4991, -1.0006, 7.0004 ],
			"to": [ 7.4991, -0.5006, 8.500399 ],
			"faces": {
				"down": { "uv": [ 4.96, 0.96, 7.04, 3.04 ], "texture": "#pit_bow", "cullface": "down" },
				"up": { "uv": [ 4.96, 0.96, 7.04, 3.04 ], "texture": "#pit_bow", "cullface": "down" },
				"north": { "uv": [ 4.96, 0.96, 7.04, 3.04 ], "texture": "#pit_bow", "cullface": "down" },
				"south": { "uv": [ 4.96, 0.96, 7.04, 3.04 ], "texture": "#pit_bow", "cullface": "down" },
				"east": { "uv": [ 4.96, 0.96, 7.04, 3.04 ], "texture": "#pit_bow", "cullface": "down" }
			}
		},
		{
			"__comment": "Voxels-FFFF8F",
			"from": [ 6.5005, -0.4996, 7.0001 ],
			"to": [ 7.5005, 0.000399977, 7.5001 ],
			"faces": {
				"north": { "uv": [ 12.96, 0.96, 15.04, 3.04 ], "texture": "#pit_bow", "cullface": "down" },
				"south": { "uv": [ 12.96, 0.96, 15.04, 3.04 ], "texture": "#pit_bow", "cullface": "down" }
			}
		},
		{
			"__comment": "Voxels-FFFF71",
			"from": [ 6.5007, -0.5007, 7.5002 ],
			"to": [ 7.0007, 0.4993, 8.5002 ],
			"faces": {
				"up": { "uv": [ 4.96, 0.96, 7.04, 3.04 ], "texture": "#pit_bow", "cullface": "down" },
				"north": { "uv": [ 4.96, 0.96, 7.04, 3.04 ], "texture": "#pit_bow", "cullface": "down" },
				"south": { "uv": [ 4.96, 0.96, 7.04, 3.04 ], "texture": "#pit_bow", "cullface": "down" },
				"west": { "uv": [ 4.96, 0.96, 7.04, 3.04 ], "texture": "#pit_bow", "cullface": "down" },
				"east": { "uv": [ 4.96, 0.96, 7.04, 3.04 ], "texture": "#pit_bow", "cullface": "down" }
			}
		},
		{
			"__comment": "Voxels-FFFF71",
			"from": [ 6.5008, 0.0006, 7.0003 ],
			"to": [ 8.000799, 0.5006, 7.5003 ],
			"faces": {
				"down": { "uv": [ 4.96, 0.96, 7.04, 3.04 ], "texture": "#pit_bow", "cullface": "down" },
				"up": { "uv": [ 4.96, 0.96, 7.04, 3.04 ], "texture": "#pit_bow" },
				"north": { "uv": [ 4.96, 0.96, 7.04, 3.04 ], "texture": "#pit_bow" },
				"south": { "uv": [ 4.96, 0.96, 7.04, 3.04 ], "texture": "#pit_bow" },
				"west": { "uv": [ 4.96, 0.96, 7.04, 3.04 ], "texture": "#pit_bow" }
			}
		},
		{
			"__comment": "Voxels-FFFF8F",
			"from": [ 6.501, 22.4994, 6.9999 ],
			"to": [ 7.001, 22.9994, 8.4999 ],
			"faces": {
				"down": { "uv": [ 12.96, 0.96, 15.04, 3.04 ], "texture": "#pit_bow", "cullface": "up" },
				"up": { "uv": [ 12.96, 0.96, 15.04, 3.04 ], "texture": "#pit_bow", "cullface": "up" },
				"north": { "uv": [ 12.96, 0.96, 15.04, 3.04 ], "texture": "#pit_bow", "cullface": "up" },
				"south": { "uv": [ 12.96, 0.96, 15.04, 3.04 ], "texture": "#pit_bow", "cullface": "up" },
				"west": { "uv": [ 12.96, 0.96, 15.04, 3.04 ], "texture": "#pit_bow", "cullface": "up" },
				"east": { "uv": [ 12.96, 0.96, 15.04, 3.04 ], "texture": "#pit_bow", "cullface": "up" }
			}
		},
		{
			"__comment": "Voxels-FFFF71",
			"from": [ 6.4994, 22.9994, 6.9991 ],
			"to": [ 7.4994, 23.4994, 7.4991 ],
			"faces": {
				"down": { "uv": [ 4.96, 0.96, 7.04, 3.04 ], "texture": "#pit_bow", "cullface": "up" },
				"north": { "uv": [ 4.96, 0.96, 7.04, 3.04 ], "texture": "#pit_bow", "cullface": "up" }
			}
		},
		{
			"__comment": "Voxels-FFFF8F",
			"from": [ 6.4997, 23.5005, 6.9992 ],
			"to": [ 7.4997, 24.0005, 7.4992 ],
			"faces": {
				"up": { "uv": [ 12.96, 0.96, 15.04, 3.04 ], "texture": "#pit_bow", "cullface": "up" },
				"north": { "uv": [ 12.96, 0.96, 15.04, 3.04 ], "texture": "#pit_bow", "cullface": "up" },
				"south": { "uv": [ 12.96, 0.96, 15.04, 3.04 ], "texture": "#pit_bow", "cullface": "up" },
				"east": { "uv": [ 12.96, 0.96, 15.04, 3.04 ], "texture": "#pit_bow", "cullface": "up" }
			}
		},
		{
			"__comment": "Voxels-FFFF71",
			"from": [ 6.4992, 23.5001, 7.4994 ],
			"to": [ 6.9992, 24.0001, 8.499399 ],
			"faces": {
				"down": { "uv": [ 4.96, 0.96, 7.04, 3.04 ], "texture": "#pit_bow", "cullface": "up" },
				"south": { "uv": [ 4.96, 0.96, 7.04, 3.04 ], "texture": "#pit_bow", "cullface": "up" }
			}
		},
		{
			"__comment": "Voxels-FFFF8F",
			"from": [ 6.5001, 24.0009, 6.9998 ],
			"to": [ 7.0001, 24.5009, 8.4998 ],
			"faces": {
				"down": { "uv": [ 12.96, 0.96, 15.04, 3.04 ], "texture": "#pit_bow", "cullface": "up" },
				"up": { "uv": [ 12.96, 0.96, 15.04, 3.04 ], "texture": "#pit_bow", "cullface": "up" },
				"north": { "uv": [ 12.96, 0.96, 15.04, 3.04 ], "texture": "#pit_bow", "cullface": "up" },
				"south": { "uv": [ 12.96, 0.96, 15.04, 3.04 ], "texture": "#pit_bow", "cullface": "up" },
				"west": { "uv": [ 12.96, 0.96, 15.04, 3.04 ], "texture": "#pit_bow", "cullface": "up" },
				"east": { "uv": [ 12.96, 0.96, 15.04, 3.04 ], "texture": "#pit_bow", "cullface": "up" }
			}
		},
		{
			"__comment": "Voxels-FFFF8F",
			"from": [ 6.9993, -0.4997, 7.4995 ],
			"to": [ 7.4993, 0.0003001392, 8.4995 ],
			"faces": {
				"up": { "uv": [ 12.96, 0.96, 15.04, 3.04 ], "texture": "#pit_bow", "cullface": "down" },
				"south": { "uv": [ 12.96, 0.96, 15.04, 3.04 ], "texture": "#pit_bow", "cullface": "down" }
			}
		},
		{
			"__comment": "Voxels-FFFF71",
			"from": [ 6.9997, 0.0004, 7.4993 ],
			"to": [ 7.9997, 1.0004, 7.9993 ],
			"faces": {
				"down": { "uv": [ 4.96, 0.96, 7.04, 3.04 ], "texture": "#pit_bow", "cullface": "down" },
				"up": { "uv": [ 4.96, 0.96, 7.04, 3.04 ], "texture": "#pit_bow" },
				"north": { "uv": [ 4.96, 0.96, 7.04, 3.04 ], "texture": "#pit_bow" },
				"south": { "uv": [ 4.96, 0.96, 7.04, 3.04 ], "texture": "#pit_bow" },
				"west": { "uv": [ 4.96, 0.96, 7.04, 3.04 ], "texture": "#pit_bow" },
				"east": { "uv": [ 4.96, 0.96, 7.04, 3.04 ], "texture": "#pit_bow" }
			}
		},
		{
			"__comment": "Voxels-FFFF71",
			"from": [ 7.0009, 0.0001, 7.9997 ],
			"to": [ 8.0009, 0.5001, 8.499699 ],
			"faces": {
				"down": { "uv": [ 4.96, 0.96, 7.04, 3.04 ], "texture": "#pit_bow", "cullface": "down" },
				"up": { "uv": [ 4.96, 0.96, 7.04, 3.04 ], "texture": "#pit_bow" },
				"south": { "uv": [ 4.96, 0.96, 7.04, 3.04 ], "texture": "#pit_bow" }
			}
		},
		{
			"__comment": "Voxels-FFFF71",
			"from": [ 6.9991, 0.4998, 6.9995 ],
			"to": [ 7.4991, 0.9998, 7.4995 ],
			"faces": {
				"up": { "uv": [ 4.96, 0.96, 7.04, 3.04 ], "texture": "#pit_bow" },
				"north": { "uv": [ 4.96, 0.96, 7.04, 3.04 ], "texture": "#pit_bow" },
				"west": { "uv": [ 4.96, 0.96, 7.04, 3.04 ], "texture": "#pit_bow" }
			}
		},
		{
			"__comment": "Voxels-FFFF71",
			"from": [ 7.0009, 0.5002, 8.0005 ],
			"to": [ 7.5009, 1.0002, 8.5005 ],
			"faces": {
				"up": { "uv": [ 4.96, 0.96, 7.04, 3.04 ], "texture": "#pit_bow" },
				"south": { "uv": [ 4.96, 0.96, 7.04, 3.04 ], "texture": "#pit_bow" },
				"west": { "uv": [ 4.96, 0.96, 7.04, 3.04 ], "texture": "#pit_bow" }
			}
		},
		{
			"__comment": "Voxels-FFE671",
			"from": [ 6.9991, 6.4996, 6.5003 ],
			"to": [ 9.9991, 6.9996, 9.000299 ],
			"faces": {
				"down": { "uv": [ 0.96, 4.96, 3.04, 7.04 ], "texture": "#pit_bow" },
				"up": { "uv": [ 0.96, 4.96, 3.04, 7.04 ], "texture": "#pit_bow" },
				"north": { "uv": [ 0.96, 4.96, 3.04, 7.04 ], "texture": "#pit_bow" },
				"south": { "uv": [ 0.96, 4.96, 3.04, 7.04 ], "texture": "#pit_bow" },
				"west": { "uv": [ 0.96, 4.96, 3.04, 7.04 ], "texture": "#pit_bow" },
				"east": { "uv": [ 0.96, 4.96, 3.04, 7.04 ], "texture": "#pit_bow" }
			}
		},
		{
			"__comment": "Voxels-FFE671",
			"from": [ 6.9999, 15.9997, 6.5007 ],
			"to": [ 9.999901, 16.4997, 9.0007 ],
			"faces": {
				"down": { "uv": [ 0.96, 4.96, 3.04, 7.04 ], "texture": "#pit_bow", "cullface": "up" },
				"up": { "uv": [ 0.96, 4.96, 3.04, 7.04 ], "texture": "#pit_bow", "cullface": "up" },
				"north": { "uv": [ 0.96, 4.96, 3.04, 7.04 ], "texture": "#pit_bow", "cullface": "up" },
				"south": { "uv": [ 0.96, 4.96, 3.04, 7.04 ], "texture": "#pit_bow", "cullface": "up" },
				"west": { "uv": [ 0.96, 4.96, 3.04, 7.04 ], "texture": "#pit_bow", "cullface": "up" },
				"east": { "uv": [ 0.96, 4.96, 3.04, 7.04 ], "texture": "#pit_bow", "cullface": "up" }
			}
		},
		{
			"__comment": "Voxels-FFFF71",
			"from": [ 6.9997, 22.0005, 6.9991 ],
			"to": [ 8.999699, 22.5005, 8.4991 ],
			"faces": {
				"down": { "uv": [ 4.96, 0.96, 7.04, 3.04 ], "texture": "#pit_bow", "cullface": "up" },
				"up": { "uv": [ 4.96, 0.96, 7.04, 3.04 ], "texture": "#pit_bow", "cullface": "up" },
				"north": { "uv": [ 4.96, 0.96, 7.04, 3.04 ], "texture": "#pit_bow", "cullface": "up" },
				"south": { "uv": [ 4.96, 0.96, 7.04, 3.04 ], "texture": "#pit_bow", "cullface": "up" },
				"west": { "uv": [ 4.96, 0.96, 7.04, 3.04 ], "texture": "#pit_bow", "cullface": "up" },
				"east": { "uv": [ 4.96, 0.96, 7.04, 3.04 ], "texture": "#pit_bow", "cullface": "up" }
			}
		},
		{
			"__comment": "Voxels-FFFF71",
			"from": [ 6.9992, 22.499, 7.0008 ],
			"to": [ 8.4992, 22.999, 7.5008 ],
			"faces": {
				"up": { "uv": [ 4.96, 0.96, 7.04, 3.04 ], "texture": "#pit_bow", "cullface": "up" },
				"north": { "uv": [ 4.96, 0.96, 7.04, 3.04 ], "texture": "#pit_bow", "cullface": "up" },
				"south": { "uv": [ 4.96, 0.96, 7.04, 3.04 ], "texture": "#pit_bow", "cullface": "up" },
				"east": { "uv": [ 4.96, 0.96, 7.04, 3.04 ], "texture": "#pit_bow", "cullface": "up" }
			}
		},
		{
			"__comment": "Voxels-FFFF8F",
			"from": [ 7.0002, 22.4992, 7.4991 ],
			"to": [ 7.5002, 22.9992, 8.4991 ],
			"faces": {
				"up": { "uv": [ 12.96, 0.96, 15.04, 3.04 ], "texture": "#pit_bow", "cullface": "up" },
				"south": { "uv": [ 12.96, 0.96, 15.04, 3.04 ], "texture": "#pit_bow", "cullface": "up" }
			}
		},
		{
			"__comment": "Voxels-FFFF8F",
			"from": [ 6.9996, 23.0004, 7.9998 ],
			"to": [ 7.9996, 23.5004, 8.4998 ],
			"faces": {
				"down": { "uv": [ 12.96, 0.96, 15.04, 3.04 ], "texture": "#pit_bow", "cullface": "up" },
				"up": { "uv": [ 12.96, 0.96, 15.04, 3.04 ], "texture": "#pit_bow", "cullface": "up" },
				"north": { "uv": [ 12.96, 0.96, 15.04, 3.04 ], "texture": "#pit_bow", "cullface": "up" },
				"south": { "uv": [ 12.96, 0.96, 15.04, 3.04 ], "texture": "#pit_bow", "cullface": "up" },
				"east": { "uv": [ 12.96, 0.96, 15.04, 3.04 ], "texture": "#pit_bow", "cullface": "up" }
			}
		},
		{
			"__comment": "Voxels-FFFF8F",
			"from": [ 7.0004, 23.5007, 7.5009 ],
			"to": [ 7.5004, 24.0007, 8.5009 ],
			"faces": {
				"down": { "uv": [ 12.96, 0.96, 15.04, 3.04 ], "texture": "#pit_bow", "cullface": "up" },
				"up": { "uv": [ 12.96, 0.96, 15.04, 3.04 ], "texture": "#pit_bow", "cullface": "up" },
				"south": { "uv": [ 12.96, 0.96, 15.04, 3.04 ], "texture": "#pit_bow", "cullface": "up" },
				"east": { "uv": [ 12.96, 0.96, 15.04, 3.04 ], "texture": "#pit_bow", "cullface": "up" }
			}
		},
		{
			"__comment": "Voxels-FFFF71",
			"from": [ 7.4994, -0.4992, 7.0003 ],
			"to": [ 7.9994, 0.0007999837, 8.500299 ],
			"faces": {
				"down": { "uv": [ 4.96, 0.96, 7.04, 3.04 ], "texture": "#pit_bow", "cullface": "down" },
				"up": { "uv": [ 4.96, 0.96, 7.04, 3.04 ], "texture": "#pit_bow", "cullface": "down" },
				"north": { "uv": [ 4.96, 0.96, 7.04, 3.04 ], "texture": "#pit_bow", "cullface": "down" },
				"south": { "uv": [ 4.96, 0.96, 7.04, 3.04 ], "texture": "#pit_bow", "cullface": "down" },
				"west": { "uv": [ 4.96, 0.96, 7.04, 3.04 ], "texture": "#pit_bow", "cullface": "down" },
				"east": { "uv": [ 4.96, 0.96, 7.04, 3.04 ], "texture": "#pit_bow", "cullface": "down" }
			}
		},
		{
			"__comment": "Voxels-F0F057",
			"from": [ 7.5007, 0.5009, 6.9991 ],
			"to": [ 9.0007, 1.500901, 7.4991 ],
			"faces": {
				"down": { "uv": [ 4.96, 4.96, 7.04, 7.04 ], "texture": "#pit_bow" },
				"up": { "uv": [ 4.96, 4.96, 7.04, 7.04 ], "texture": "#pit_bow" },
				"north": { "uv": [ 4.96, 4.96, 7.04, 7.04 ], "texture": "#pit_bow" },
				"south": { "uv": [ 4.96, 4.96, 7.04, 7.04 ], "texture": "#pit_bow" },
				"west": { "uv": [ 4.96, 4.96, 7.04, 7.04 ], "texture": "#pit_bow" },
				"east": { "uv": [ 4.96, 4.96, 7.04, 7.04 ], "texture": "#pit_bow" }
			}
		},
		{
			"__comment": "Voxels-F0F057",
			"from": [ 7.5006, 0.5003, 7.9995 ],
			"to": [ 9.000599, 1.5003, 8.4995 ],
			"faces": {
				"down": { "uv": [ 4.96, 4.96, 7.04, 7.04 ], "texture": "#pit_bow" },
				"up": { "uv": [ 4.96, 4.96, 7.04, 7.04 ], "texture": "#pit_bow" },
				"north": { "uv": [ 4.96, 4.96, 7.04, 7.04 ], "texture": "#pit_bow" },
				"south": { "uv": [ 4.96, 4.96, 7.04, 7.04 ], "texture": "#pit_bow" },
				"west": { "uv": [ 4.96, 4.96, 7.04, 7.04 ], "texture": "#pit_bow" },
				"east": { "uv": [ 4.96, 4.96, 7.04, 7.04 ], "texture": "#pit_bow" }
			}
		},
		{
			"__comment": "Voxels-F0F057",
			"from": [ 7.5002, 0.9998, 7.5008 ],
			"to": [ 9.5002, 1.4998, 8.000799 ],
			"faces": {
				"down": { "uv": [ 4.96, 4.96, 7.04, 7.04 ], "texture": "#pit_bow" },
				"up": { "uv": [ 4.96, 4.96, 7.04, 7.04 ], "texture": "#pit_bow" },
				"north": { "uv": [ 4.96, 4.96, 7.04, 7.04 ], "texture": "#pit_bow" },
				"south": { "uv": [ 4.96, 4.96, 7.04, 7.04 ], "texture": "#pit_bow" },
				"west": { "uv": [ 4.96, 4.96, 7.04, 7.04 ], "texture": "#pit_bow" },
				"east": { "uv": [ 4.96, 4.96, 7.04, 7.04 ], "texture": "#pit_bow" }
			}
		},
		{
			"__comment": "Voxels-F0F057",
			"from": [ 7.5007, 1.5007, 7.0006 ],
			"to": [ 8.0007, 2.0007, 8.5006 ],
			"faces": {
				"down": { "uv": [ 4.96, 4.96, 7.04, 7.04 ], "texture": "#pit_bow" },
				"north": { "uv": [ 4.96, 4.96, 7.04, 7.04 ], "texture": "#pit_bow" },
				"south": { "uv": [ 4.96, 4.96, 7.04, 7.04 ], "texture": "#pit_bow" },
				"west": { "uv": [ 4.96, 4.96, 7.04, 7.04 ], "texture": "#pit_bow" }
			}
		},
		{
			"__comment": "Voxels-FFFF71",
			"from": [ 7.5002, 1.9994, 6.9995 ],
			"to": [ 8.0002, 5.4994, 8.499499 ],
			"faces": {
				"north": { "uv": [ 4.96, 0.96, 7.04, 3.04 ], "texture": "#pit_bow" },
				"south": { "uv": [ 4.96, 0.96, 7.04, 3.04 ], "texture": "#pit_bow" },
				"west": { "uv": [ 4.96, 0.96, 7.04, 3.04 ], "texture": "#pit_bow" }
			}
		},
		{
			"__comment": "Voxels-DADA56",
			"from": [ 7.5003, 5.5007, 6.9991 ],
			"to": [ 8.000299, 6.5007, 8.4991 ],
			"faces": {
				"north": { "uv": [ 8.96, 4.96, 11.04, 7.04 ], "texture": "#pit_bow" },
				"south": { "uv": [ 8.96, 4.96, 11.04, 7.04 ], "texture": "#pit_bow" },
				"west": { "uv": [ 8.96, 4.96, 11.04, 7.04 ], "texture": "#pit_bow" }
			}
		},
		{
			"__comment": "Voxels-FFFF71",
			"from": [ 7.4996, 7, 6.9993 ],
			"to": [ 7.9996, 7.5, 8.4993 ],
			"faces": {
				"up": { "uv": [ 4.96, 0.96, 7.04, 3.04 ], "texture": "#pit_bow" },
				"north": { "uv": [ 4.96, 0.96, 7.04, 3.04 ], "texture": "#pit_bow" },
				"south": { "uv": [ 4.96, 0.96, 7.04, 3.04 ], "texture": "#pit_bow" },
				"west": { "uv": [ 4.96, 0.96, 7.04, 3.04 ], "texture": "#pit_bow" },
				"east": { "uv": [ 4.96, 0.96, 7.04, 3.04 ], "texture": "#pit_bow" }
			}
		},
		{
			"__comment": "Voxels-DADA56",
			"from": [ 7.4999, 15.4996, 6.9995 ],
			"to": [ 7.9999, 15.9996, 8.499498 ],
			"faces": {
				"down": { "uv": [ 8.96, 4.96, 11.04, 7.04 ], "texture": "#pit_bow" },
				"north": { "uv": [ 8.96, 4.96, 11.04, 7.04 ], "texture": "#pit_bow" },
				"south": { "uv": [ 8.96, 4.96, 11.04, 7.04 ], "texture": "#pit_bow" },
				"west": { "uv": [ 8.96, 4.96, 11.04, 7.04 ], "texture": "#pit_bow" },
				"east": { "uv": [ 8.96, 4.96, 11.04, 7.04 ], "texture": "#pit_bow" }
			}
		},
		{
			"__comment": "Voxels-F0F057",
			"from": [ 7.5009, 16.4996, 6.9997 ],
			"to": [ 8.0009, 20.9996, 8.499699 ],
			"faces": {
				"north": { "uv": [ 4.96, 4.96, 7.04, 7.04 ], "texture": "#pit_bow", "cullface": "up" },
				"south": { "uv": [ 4.96, 4.96, 7.04, 7.04 ], "texture": "#pit_bow", "cullface": "up" },
				"west": { "uv": [ 4.96, 4.96, 7.04, 7.04 ], "texture": "#pit_bow", "cullface": "up" }
			}
		},
		{
			"__comment": "Voxels-FFFF71",
			"from": [ 7.5, 21, 6.9999 ],
			"to": [ 8, 22, 8.4999 ],
			"faces": {
				"north": { "uv": [ 4.96, 0.96, 7.04, 3.04 ], "texture": "#pit_bow", "cullface": "up" },
				"south": { "uv": [ 4.96, 0.96, 7.04, 3.04 ], "texture": "#pit_bow", "cullface": "up" },
				"west": { "uv": [ 4.96, 0.96, 7.04, 3.04 ], "texture": "#pit_bow", "cullface": "up" },
				"east": { "uv": [ 4.96, 0.96, 7.04, 3.04 ], "texture": "#pit_bow", "cullface": "up" }
			}
		},
		{
			"__comment": "Voxels-FFFF71",
			"from": [ 7.5007, 22.5002, 7.5004 ],
			"to": [ 8.500699, 23.0002, 8.500399 ],
			"faces": {
				"up": { "uv": [ 4.96, 0.96, 7.04, 3.04 ], "texture": "#pit_bow", "cullface": "up" },
				"south": { "uv": [ 4.96, 0.96, 7.04, 3.04 ], "texture": "#pit_bow", "cullface": "up" },
				"east": { "uv": [ 4.96, 0.96, 7.04, 3.04 ], "texture": "#pit_bow", "cullface": "up" }
			}
		},
		{
			"__comment": "Voxels-FFFF8F",
			"from": [ 7.4994, 23.0004, 7.0005 ],
			"to": [ 7.9994, 23.5004, 8.0005 ],
			"faces": {
				"down": { "uv": [ 12.96, 0.96, 15.04, 3.04 ], "texture": "#pit_bow", "cullface": "up" },
				"up": { "uv": [ 12.96, 0.96, 15.04, 3.04 ], "texture": "#pit_bow", "cullface": "up" },
				"north": { "uv": [ 12.96, 0.96, 15.04, 3.04 ], "texture": "#pit_bow", "cullface": "up" },
				"west": { "uv": [ 12.96, 0.96, 15.04, 3.04 ], "texture": "#pit_bow", "cullface": "up" },
				"east": { "uv": [ 12.96, 0.96, 15.04, 3.04 ], "texture": "#pit_bow", "cullface": "up" }
			}
		},
		{
			"__comment": "Voxels-F0F057",
			"from": [ 7.9994, -0.0009, 6.9996 ],
			"to": [ 8.499399, 0.4991, 8.499601 ],
			"faces": {
				"down": { "uv": [ 4.96, 4.96, 7.04, 7.04 ], "texture": "#pit_bow", "cullface": "down" },
				"up": { "uv": [ 4.96, 4.96, 7.04, 7.04 ], "texture": "#pit_bow" },
				"north": { "uv": [ 4.96, 4.96, 7.04, 7.04 ], "texture": "#pit_bow" },
				"south": { "uv": [ 4.96, 4.96, 7.04, 7.04 ], "texture": "#pit_bow" },
				"west": { "uv": [ 4.96, 4.96, 7.04, 7.04 ], "texture": "#pit_bow" },
				"east": { "uv": [ 4.96, 4.96, 7.04, 7.04 ], "texture": "#pit_bow" }
			}
		},
		{
			"__comment": "Voxels-F0F057",
			"from": [ 8.0002, 0.4994, 7.5009 ],
			"to": [ 9.0002, 0.9994, 8.000899 ],
			"faces": {
				"down": { "uv": [ 4.96, 4.96, 7.04, 7.04 ], "texture": "#pit_bow" },
				"east": { "uv": [ 4.96, 4.96, 7.04, 7.04 ], "texture": "#pit_bow" }
			}
		},
		{
			"__comment": "Voxels-FFFF71",
			"from": [ 8.000299, 6.9996, 6.5003 ],
			"to": [ 9.000299, 7.4996, 7.0003 ],
			"faces": {
				"up": { "uv": [ 4.96, 0.96, 7.04, 3.04 ], "texture": "#pit_bow" },
				"north": { "uv": [ 4.96, 0.96, 7.04, 3.04 ], "texture": "#pit_bow" },
				"west": { "uv": [ 4.96, 0.96, 7.04, 3.04 ], "texture": "#pit_bow" },
				"east": { "uv": [ 4.96, 0.96, 7.04, 3.04 ], "texture": "#pit_bow" }
			}
		},
		{
			"__comment": "Voxels-FFFF71",
			"from": [ 7.9992, 7.0002, 8.0008 ],
			"to": [ 9.499199, 7.5002, 8.5008 ],
			"faces": {
				"up": { "uv": [ 4.96, 0.96, 7.04, 3.04 ], "texture": "#pit_bow" },
				"north": { "uv": [ 4.96, 0.96, 7.04, 3.04 ], "texture": "#pit_bow" },
				"south": { "uv": [ 4.96, 0.96, 7.04, 3.04 ], "texture": "#pit_bow" },
				"east": { "uv": [ 4.96, 0.96, 7.04, 3.04 ], "texture": "#pit_bow" }
			}
		},
		{
			"__comment": "Voxels-FFFF71",
			"from": [ 8, 6.9996, 8.4993 ],
			"to": [ 9, 7.4996, 8.9993 ],
			"faces": {
				"up": { "uv": [ 4.96, 0.96, 7.04, 3.04 ], "texture": "#pit_bow" },
				"south": { "uv": [ 4.96, 0.96, 7.04, 3.04 ], "texture": "#pit_bow" },
				"west": { "uv": [ 4.96, 0.96, 7.04, 3.04 ], "texture": "#pit_bow" },
				"east": { "uv": [ 4.96, 0.96, 7.04, 3.04 ], "texture": "#pit_bow" }
			}
		},
		{
			"__comment": "Voxels-542B02",
			"from": [ 8.0005, 7.5007, 6.999 ],
			"to": [ 9.0005, 8.000701, 8.498999 ],
			"faces": {
				"down": { "uv": [ 8.96, 8.96, 11.04, 11.04 ], "texture": "#pit_bow" },
				"north": { "uv": [ 8.96, 8.96, 11.04, 11.04 ], "texture": "#pit_bow" },
				"south": { "uv": [ 8.96, 8.96, 11.04, 11.04 ], "texture": "#pit_bow" },
				"west": { "uv": [ 8.96, 8.96, 11.04, 11.04 ], "texture": "#pit_bow" },
				"east": { "uv": [ 8.96, 8.96, 11.04, 11.04 ], "texture": "#pit_bow" }
			}
		},
		{
			"__comment": "Voxels-5E2F00",
			"from": [ 8.0009, 8.0008, 6.9995 ],
			"to": [ 9.0009, 8.5008, 8.4995 ],
			"faces": {
				"north": { "uv": [ 12.96, 4.96, 15.04, 7.04 ], "texture": "#pit_bow" },
				"south": { "uv": [ 12.96, 4.96, 15.04, 7.04 ], "texture": "#pit_bow" },
				"west": { "uv": [ 12.96, 4.96, 15.04, 7.04 ], "texture": "#pit_bow" },
				"east": { "uv": [ 12.96, 4.96, 15.04, 7.04 ], "texture": "#pit_bow" }
			}
		},
		{
			"__comment": "Voxels-542B02",
			"from": [ 7.9997, 8.500199, 7 ],
			"to": [ 8.999699, 9.000199, 8.5 ],
			"faces": {
				"north": { "uv": [ 8.96, 8.96, 11.04, 11.04 ], "texture": "#pit_bow" },
				"south": { "uv": [ 8.96, 8.96, 11.04, 11.04 ], "texture": "#pit_bow" },
				"west": { "uv": [ 8.96, 8.96, 11.04, 11.04 ], "texture": "#pit_bow" },
				"east": { "uv": [ 8.96, 8.96, 11.04, 11.04 ], "texture": "#pit_bow" }
			}
		},
		{
			"__comment": "Voxels-5E2F00",
			"from": [ 8.0009, 9.0005, 6.9995 ],
			"to": [ 9.0009, 9.5005, 8.499499 ],
			"faces": {
				"north": { "uv": [ 12.96, 4.96, 15.04, 7.04 ], "texture": "#pit_bow" },
				"south": { "uv": [ 12.96, 4.96, 15.04, 7.04 ], "texture": "#pit_bow" },
				"west": { "uv": [ 12.96, 4.96, 15.04, 7.04 ], "texture": "#pit_bow" },
				"east": { "uv": [ 12.96, 4.96, 15.04, 7.04 ], "texture": "#pit_bow" }
			}
		},
		{
			"__comment": "Voxels-542B02",
			"from": [ 7.9997, 9.4992, 6.9993 ],
			"to": [ 8.999701, 9.9992, 8.4993 ],
			"faces": {
				"north": { "uv": [ 8.96, 8.96, 11.04, 11.04 ], "texture": "#pit_bow" },
				"south": { "uv": [ 8.96, 8.96, 11.04, 11.04 ], "texture": "#pit_bow" },
				"west": { "uv": [ 8.96, 8.96, 11.04, 11.04 ], "texture": "#pit_bow" },
				"east": { "uv": [ 8.96, 8.96, 11.04, 11.04 ], "texture": "#pit_bow" }
			}
		},
		{
			"__comment": "Voxels-5E2F00",
			"from": [ 7.9992, 10.0008, 7.001 ],
			"to": [ 8.999201, 10.5008, 8.500999 ],
			"faces": {
				"north": { "uv": [ 13.5, 5.5, 14.5, 7 ], "texture": "#pit_bow" },
				"south": { "uv": [ 13.5, 5.5, 14.5, 7 ], "texture": "#pit_bow" },
				"west": { "uv": [ 13.5, 5.5, 14.5, 7 ], "texture": "#pit_bow" },
				"east": { "uv": [ 13.5, 5.5, 14.5, 7 ], "texture": "#pit_bow" }
			}
		},
		{
			"__comment": "Voxels-5E2F00",
			"from": [ 8, 12, 6.5 ],
			"to": [ 9, 12.5, 7 ],
			"faces": {
				"down": { "uv": [ 9, 9, 11.08, 11.08 ], "texture": "#pit_bow" },
				"up": { "uv": [ 9, 9, 11.08, 11.08 ], "texture": "#pit_bow" },
				"north": { "uv": [ 9, 9, 11.08, 11.08 ], "texture": "#pit_bow" },
				"west": { "uv": [ 9, 9, 11.08, 11.08 ], "texture": "#pit_bow" },
				"east": { "uv": [ 9, 9, 11.08, 11.08 ], "texture": "#pit_bow" }
			}
		},
		{
			"__comment": "Voxels-5E2F00",
			"from": [ 7.9999, 12.501, 7.0005 ],
			"to": [ 8.999901, 13.001, 8.5005 ],
			"faces": {
				"north": { "uv": [ 13, 5, 15.08, 7.08 ], "texture": "#pit_bow" },
				"south": { "uv": [ 13, 5, 15.08, 7.08 ], "texture": "#pit_bow" },
				"west": { "uv": [ 13, 5, 15.08, 7.08 ], "texture": "#pit_bow" },
				"east": { "uv": [ 13, 5, 15.08, 7.08 ], "texture": "#pit_bow" }
			}
		},
		{
			"__comment": "Voxels-542B02",
			"from": [ 7.9996, 13.0004, 6.9995 ],
			"to": [ 8.999599, 13.5004, 8.499499 ],
			"faces": {
				"north": { "uv": [ 8.96, 8.96, 11.04, 11.04 ], "texture": "#pit_bow" },
				"south": { "uv": [ 8.96, 8.96, 11.04, 11.04 ], "texture": "#pit_bow" },
				"west": { "uv": [ 8.96, 8.96, 11.04, 11.04 ], "texture": "#pit_bow" },
				"east": { "uv": [ 8.96, 8.96, 11.04, 11.04 ], "texture": "#pit_bow" }
			}
		},
		{
			"__comment": "Voxels-5E2F00",
			"from": [ 8, 13.5, 7 ],
			"to": [ 9.000001, 14, 8.499999 ],
			"faces": {
				"north": { "uv": [ 12.96, 4.96, 15.04, 7.04 ], "texture": "#pit_bow" },
				"south": { "uv": [ 12.96, 4.96, 15.04, 7.04 ], "texture": "#pit_bow" },
				"west": { "uv": [ 12.96, 4.96, 15.04, 7.04 ], "texture": "#pit_bow" },
				"east": { "uv": [ 12.96, 4.96, 15.04, 7.04 ], "texture": "#pit_bow" }
			}
		},
		{
			"__comment": "Voxels-542B02",
			"from": [ 8, 14.0007, 6.9993 ],
			"to": [ 9, 14.5007, 8.4993 ],
			"faces": {
				"north": { "uv": [ 8.96, 8.96, 11.04, 11.04 ], "texture": "#pit_bow" },
				"south": { "uv": [ 8.96, 8.96, 11.04, 11.04 ], "texture": "#pit_bow" },
				"west": { "uv": [ 8.96, 8.96, 11.04, 11.04 ], "texture": "#pit_bow" },
				"east": { "uv": [ 8.96, 8.96, 11.04, 11.04 ], "texture": "#pit_bow" }
			}
		},
		{
			"__comment": "Voxels-5E2F00",
			"from": [ 7.9997, 14.4992, 7.0005 ],
			"to": [ 8.999699, 14.9992, 8.5005 ],
			"faces": {
				"north": { "uv": [ 12.96, 4.96, 15.04, 7.04 ], "texture": "#pit_bow" },
				"south": { "uv": [ 12.96, 4.96, 15.04, 7.04 ], "texture": "#pit_bow" },
				"west": { "uv": [ 12.96, 4.96, 15.04, 7.04 ], "texture": "#pit_bow" },
				"east": { "uv": [ 12.96, 4.96, 15.04, 7.04 ], "texture": "#pit_bow" }
			}
		},
		{
			"__comment": "Voxels-542B02",
			"from": [ 8.0004, 15.0005, 6.9991 ],
			"to": [ 9.0004, 15.5005, 8.499098 ],
			"faces": {
				"up": { "uv": [ 8.96, 8.96, 11.04, 11.04 ], "texture": "#pit_bow" },
				"north": { "uv": [ 8.96, 8.96, 11.04, 11.04 ], "texture": "#pit_bow" },
				"south": { "uv": [ 8.96, 8.96, 11.04, 11.04 ], "texture": "#pit_bow" },
				"west": { "uv": [ 8.96, 8.96, 11.04, 11.04 ], "texture": "#pit_bow" },
				"east": { "uv": [ 8.96, 8.96, 11.04, 11.04 ], "texture": "#pit_bow" }
			}
		},
		{
			"__comment": "Voxels-DADA56",
			"from": [ 8.0009, 15.5008, 6.4997 ],
			"to": [ 9.0009, 16.0008, 6.9997 ],
			"faces": {
				"down": { "uv": [ 8.96, 4.96, 11.04, 7.04 ], "texture": "#pit_bow" },
				"north": { "uv": [ 8.96, 4.96, 11.04, 7.04 ], "texture": "#pit_bow" },
				"west": { "uv": [ 8.96, 4.96, 11.04, 7.04 ], "texture": "#pit_bow" },
				"east": { "uv": [ 8.96, 4.96, 11.04, 7.04 ], "texture": "#pit_bow" }
			}
		},
		{
			"__comment": "Voxels-DADA56",
			"from": [ 8.0009, 15.4992, 8.0009 ],
			"to": [ 9.5009, 15.9992, 8.5009 ],
			"faces": {
				"down": { "uv": [ 8.96, 4.96, 11.04, 7.04 ], "texture": "#pit_bow" },
				"north": { "uv": [ 8.96, 4.96, 11.04, 7.04 ], "texture": "#pit_bow" },
				"south": { "uv": [ 8.96, 4.96, 11.04, 7.04 ], "texture": "#pit_bow" },
				"east": { "uv": [ 8.96, 4.96, 11.04, 7.04 ], "texture": "#pit_bow" }
			}
		},
		{
			"__comment": "Voxels-DADA56",
			"from": [ 8, 15.4999, 8.500199 ],
			"to": [ 9, 15.9999, 9.000199 ],
			"faces": {
				"down": { "uv": [ 8.96, 4.96, 11.04, 7.04 ], "texture": "#pit_bow" },
				"south": { "uv": [ 8.96, 4.96, 11.04, 7.04 ], "texture": "#pit_bow" },
				"west": { "uv": [ 8.96, 4.96, 11.04, 7.04 ], "texture": "#pit_bow" },
				"east": { "uv": [ 8.96, 4.96, 11.04, 7.04 ], "texture": "#pit_bow" }
			}
		},
		{
			"__comment": "Voxels-FFFF71",
			"from": [ 8.0007, 21.4995, 6.9995 ],
			"to": [ 8.5007, 21.9995, 8.4995 ],
			"faces": {
				"north": { "uv": [ 4.96, 0.96, 7.04, 3.04 ], "texture": "#pit_bow", "cullface": "up" },
				"south": { "uv": [ 4.96, 0.96, 7.04, 3.04 ], "texture": "#pit_bow", "cullface": "up" }
			}
		},
		{
			"__comment": "Voxels-F0F057",
			"from": [ 8.5005, 1.4991, 7.0009 ],
			"to": [ 9.5005, 1.9991, 8.500899 ],
			"faces": {
				"down": { "uv": [ 4.96, 4.96, 7.04, 7.04 ], "texture": "#pit_bow" },
				"up": { "uv": [ 4.96, 4.96, 7.04, 7.04 ], "texture": "#pit_bow" },
				"north": { "uv": [ 4.96, 4.96, 7.04, 7.04 ], "texture": "#pit_bow" },
				"south": { "uv": [ 4.96, 4.96, 7.04, 7.04 ], "texture": "#pit_bow" },
				"east": { "uv": [ 4.96, 4.96, 7.04, 7.04 ], "texture": "#pit_bow" }
			}
		},
		{
			"__comment": "Voxels-F0F057",
			"from": [ 8.5004, 21.0006, 6.9996 ],
			"to": [ 9.5004, 22.0006, 8.499601 ],
			"faces": {
				"down": { "uv": [ 4.96, 4.96, 7.04, 7.04 ], "texture": "#pit_bow", "cullface": "up" },
				"up": { "uv": [ 4.96, 4.96, 7.04, 7.04 ], "texture": "#pit_bow", "cullface": "up" },
				"north": { "uv": [ 4.96, 4.96, 7.04, 7.04 ], "texture": "#pit_bow", "cullface": "up" },
				"south": { "uv": [ 4.96, 4.96, 7.04, 7.04 ], "texture": "#pit_bow", "cullface": "up" },
				"west": { "uv": [ 4.96, 4.96, 7.04, 7.04 ], "texture": "#pit_bow", "cullface": "up" },
				"east": { "uv": [ 4.96, 4.96, 7.04, 7.04 ], "texture": "#pit_bow", "cullface": "up" }
			}
		},
		{
			"__comment": "Voxels-F0F057",
			"from": [ 8.9993, 1.001, 7 ],
			"to": [ 9.4993, 1.501, 7.5 ],
			"faces": {
				"down": { "uv": [ 4.96, 4.96, 7.04, 7.04 ], "texture": "#pit_bow" },
				"north": { "uv": [ 4.96, 4.96, 7.04, 7.04 ], "texture": "#pit_bow" },
				"east": { "uv": [ 4.96, 4.96, 7.04, 7.04 ], "texture": "#pit_bow" }
			}
		},
		{
			"__comment": "Voxels-F0F057",
			"from": [ 8.999599, 0.9999, 7.9998 ],
			"to": [ 9.499599, 1.4999, 8.4998 ],
			"faces": {
				"down": { "uv": [ 4.96, 4.96, 7.04, 7.04 ], "texture": "#pit_bow" },
				"south": { "uv": [ 4.96, 4.96, 7.04, 7.04 ], "texture": "#pit_bow" },
				"east": { "uv": [ 4.96, 4.96, 7.04, 7.04 ], "texture": "#pit_bow" }
			}
		},
		{
			"__comment": "Voxels-F0F057",
			"from": [ 8.9994, 2.0004, 7 ],
			"to": [ 9.4994, 3.0004, 8.5 ],
			"faces": {
				"north": { "uv": [ 4.96, 4.96, 7.04, 7.04 ], "texture": "#pit_bow" },
				"south": { "uv": [ 4.96, 4.96, 7.04, 7.04 ], "texture": "#pit_bow" },
				"east": { "uv": [ 4.96, 4.96, 7.04, 7.04 ], "texture": "#pit_bow" }
			}
		},
		{
			"__comment": "Voxels-FFFF71",
			"from": [ 8.9997, 3.0007, 6.9998 ],
			"to": [ 9.4997, 5.0007, 8.4998 ],
			"faces": {
				"north": { "uv": [ 4.96, 0.96, 7.04, 3.04 ], "texture": "#pit_bow" },
				"south": { "uv": [ 4.96, 0.96, 7.04, 3.04 ], "texture": "#pit_bow" },
				"east": { "uv": [ 4.96, 0.96, 7.04, 3.04 ], "texture": "#pit_bow" }
			}
		},
		{
			"__comment": "Voxels-DADA56",
			"from": [ 9.0008, 5, 7.0009 ],
			"to": [ 9.5008, 6.5, 8.500899 ],
			"faces": {
				"north": { "uv": [ 8.96, 4.96, 11.04, 7.04 ], "texture": "#pit_bow" },
				"south": { "uv": [ 8.96, 4.96, 11.04, 7.04 ], "texture": "#pit_bow" },
				"east": { "uv": [ 8.96, 4.96, 11.04, 7.04 ], "texture": "#pit_bow" }
			}
		},
		{
			"__comment": "Voxels-FFFF71",
			"from": [ 8.999, 6.9991, 7.0008 ],
			"to": [ 9.499, 7.4991, 8.000799 ],
			"faces": {
				"up": { "uv": [ 4.96, 0.96, 7.04, 3.04 ], "texture": "#pit_bow" },
				"north": { "uv": [ 4.96, 0.96, 7.04, 3.04 ], "texture": "#pit_bow" },
				"east": { "uv": [ 4.96, 0.96, 7.04, 3.04 ], "texture": "#pit_bow" }
			}
		},
		{
			"__comment": "Voxels-DADA56",
			"from": [ 8.999499, 15.5006, 6.9991 ],
			"to": [ 9.499499, 16.0006, 7.9991 ],
			"faces": {
				"down": { "uv": [ 8.96, 4.96, 11.04, 7.04 ], "texture": "#pit_bow" },
				"north": { "uv": [ 8.96, 4.96, 11.04, 7.04 ], "texture": "#pit_bow" },
				"east": { "uv": [ 8.96, 4.96, 11.04, 7.04 ], "texture": "#pit_bow" }
			}
		},
		{
			"__comment": "Voxels-FFFF71",
			"from": [ 9.0004, 16.4992, 7.0007 ],
			"to": [ 9.5004, 17.4992, 8.5007 ],
			"faces": {
				"north": { "uv": [ 4.96, 0.96, 7.04, 3.04 ], "texture": "#pit_bow", "cullface": "up" },
				"south": { "uv": [ 4.96, 0.96, 7.04, 3.04 ], "texture": "#pit_bow", "cullface": "up" },
				"east": { "uv": [ 4.96, 0.96, 7.04, 3.04 ], "texture": "#pit_bow", "cullface": "up" }
			}
		},
		{
			"__comment": "Voxels-F0F057",
			"from": [ 9.0001, 17.5009, 6.9992 ],
			"to": [ 9.5001, 21.0009, 8.4992 ],
			"faces": {
				"north": { "uv": [ 4.96, 4.96, 7.04, 7.04 ], "texture": "#pit_bow", "cullface": "up" },
				"south": { "uv": [ 4.96, 4.96, 7.04, 7.04 ], "texture": "#pit_bow", "cullface": "up" },
				"east": { "uv": [ 4.96, 4.96, 7.04, 7.04 ], "texture": "#pit_bow", "cullface": "up" }
			}
		},
		{
			"__comment": "Voxels-FFE671",
			"from": [ 10.0001, 15.9996, 7.0006 ],
			"to": [ 10.5001, 16.4996, 8.000599 ],
			"faces": {
				"down": { "uv": [ 0.96, 4.96, 3.04, 7.04 ], "texture": "#pit_bow", "cullface": "up" },
				"up": { "uv": [ 0.96, 4.96, 3.04, 7.04 ], "texture": "#pit_bow", "cullface": "up" },
				"north": { "uv": [ 0.96, 4.96, 3.04, 7.04 ], "texture": "#pit_bow", "cullface": "up" },
				"south": { "uv": [ 0.96, 4.96, 3.04, 7.04 ], "texture": "#pit_bow", "cullface": "up" },
				"east": { "uv": [ 0.96, 4.96, 3.04, 7.04 ], "texture": "#pit_bow", "cullface": "up" }
			}
		},
		{
			"__comment": "Voxels-FFE671",
			"from": [ 9.9993, 6.5002, 6.9993 ],
			"to": [ 10.4993, 7.0002, 7.9993 ],
			"faces": {
				"down": { "uv": [ 0.96, 4.96, 3.04, 7.04 ], "texture": "#pit_bow" },
				"up": { "uv": [ 0.96, 4.96, 3.04, 7.04 ], "texture": "#pit_bow" },
				"north": { "uv": [ 0.96, 4.96, 3.04, 7.04 ], "texture": "#pit_bow" },
				"south": { "uv": [ 0.96, 4.96, 3.04, 7.04 ], "texture": "#pit_bow" },
				"east": { "uv": [ 0.96, 4.96, 3.04, 7.04 ], "texture": "#pit_bow" }
			}
		},
		{
			"__comment": "Voxels-542B02",
			"from": [ 8, 12, 7 ],
			"to": [ 9, 12.5, 8.5 ],
			"faces": {
				"down": { "uv": [ 8.96, 8.96, 11.04, 11.04 ], "texture": "#pit_bow" },
				"up": { "uv": [ 8.96, 8.96, 11.04, 11.04 ], "texture": "#pit_bow" },
				"north": { "uv": [ 8.96, 8.96, 11.04, 11.04 ], "texture": "#pit_bow" },
				"south": { "uv": [ 8.96, 8.96, 11.04, 11.04 ], "texture": "#pit_bow" },
				"west": { "uv": [ 8.96, 8.96, 11.04, 11.04 ], "texture": "#pit_bow" },
				"east": { "uv": [ 8.96, 8.96, 11.04, 11.04 ], "texture": "#pit_bow" }
			}
		},
		{
			"__comment": "Voxels-5E2F00",
			"from": [ 8, 11.5, 8 ],
			"to": [ 9, 12, 8.5 ],
			"faces": {
				"north": { "uv": [ 9, 9, 11.08, 11.08 ], "texture": "#pit_bow" },
				"south": { "uv": [ 9, 9, 11.08, 11.08 ], "texture": "#pit_bow" },
				"west": { "uv": [ 9, 9, 11.08, 11.08 ], "texture": "#pit_bow" },
				"east": { "uv": [ 9, 9, 11.08, 11.08 ], "texture": "#pit_bow" }
			}
		},
		{
			"__comment": "Voxels-542B02",
			"from": [ 8, 11, 8 ],
			"to": [ 9, 11.5, 8.5 ],
			"faces": {
				"north": { "uv": [ 8.96, 8.96, 11.04, 11.04 ], "texture": "#pit_bow" },
				"south": { "uv": [ 8.96, 8.96, 11.04, 11.04 ], "texture": "#pit_bow" },
				"west": { "uv": [ 8.96, 8.96, 11.04, 11.04 ], "texture": "#pit_bow" },
				"east": { "uv": [ 8.96, 8.96, 11.04, 11.04 ], "texture": "#pit_bow" }
			}
		},
		{
			"__comment": "Voxels-542B02",
			"from": [ 8, 10.5, 6.5 ],
			"to": [ 9, 11, 8.5 ],
			"faces": {
				"down": { "uv": [ 8.96, 8.96, 11.04, 11.04 ], "texture": "#pit_bow" },
				"up": { "uv": [ 8.96, 8.96, 11.04, 11.04 ], "texture": "#pit_bow" },
				"north": { "uv": [ 8.96, 8.96, 11.04, 11.04 ], "texture": "#pit_bow" },
				"south": { "uv": [ 8.96, 8.96, 11.04, 11.04 ], "texture": "#pit_bow" },
				"west": { "uv": [ 8.96, 8.96, 11.04, 11.04 ], "texture": "#pit_bow" },
				"east": { "uv": [ 8.96, 8.96, 11.04, 11.04 ], "texture": "#pit_bow" }
			}
		},
		{
			"__comment": "Voxels-F2ECF3",
			"from": [ 4.5, 15.5, 7.5 ],
			"to": [ 5, 24, 8 ],
			"faces": {
				"down": { "uv": [ 8.96, 0.96, 11.04, 3.04 ], "texture": "#pit_bow", "cullface": "down" },
				"up": { "uv": [ 8.96, 0.96, 11.04, 3.04 ], "texture": "#pit_bow", "cullface": "down" },
				"north": { "uv": [ 8.96, 0.96, 11.04, 3.04 ], "texture": "#pit_bow", "cullface": "down" },
				"south": { "uv": [ 8.96, 0.96, 11.04, 3.04 ], "texture": "#pit_bow", "cullface": "down" },
				"west": { "uv": [ 8.96, 0.96, 11.04, 3.04 ], "texture": "#pit_bow", "cullface": "down" },
				"east": { "uv": [ 8.96, 0.96, 11.04, 3.04 ], "texture": "#pit_bow", "cullface": "down" }
			}
		},
		{
			"__comment": "Voxels-F2ECF3",
			"from": [ 4, 11, 7.5 ],
			"to": [ 4.5, 12, 8 ],
			"faces": {
				"down": { "uv": [ 8.96, 0.96, 11.04, 3.04 ], "texture": "#pit_bow", "cullface": "down" },
				"up": { "uv": [ 8.96, 0.96, 11.04, 3.04 ], "texture": "#pit_bow", "cullface": "down" },
				"north": { "uv": [ 8.96, 0.96, 11.04, 3.04 ], "texture": "#pit_bow", "cullface": "down" },
				"south": { "uv": [ 8.96, 0.96, 11.04, 3.04 ], "texture": "#pit_bow", "cullface": "down" },
				"west": { "uv": [ 8.96, 0.96, 11.04, 3.04 ], "texture": "#pit_bow", "cullface": "down" },
				"east": { "uv": [ 8.96, 0.96, 11.04, 3.04 ], "texture": "#pit_bow", "cullface": "down" }
			}
		},
		{
			"__comment": "Voxels-F2ECF3",
			"from": [ 4, 12, 7.5 ],
			"to": [ 4.5, 16, 8 ],
			"faces": {
				"down": { "uv": [ 8.96, 0.96, 11.04, 3.04 ], "texture": "#pit_bow", "cullface": "down" },
				"up": { "uv": [ 8.96, 0.96, 11.04, 3.04 ], "texture": "#pit_bow", "cullface": "down" },
				"north": { "uv": [ 8.96, 0.96, 11.04, 3.04 ], "texture": "#pit_bow", "cullface": "down" },
				"south": { "uv": [ 8.96, 0.96, 11.04, 3.04 ], "texture": "#pit_bow", "cullface": "down" },
				"west": { "uv": [ 8.96, 0.96, 11.04, 3.04 ], "texture": "#pit_bow", "cullface": "down" },
				"east": { "uv": [ 8.96, 0.96, 11.04, 3.04 ], "texture": "#pit_bow", "cullface": "down" }
			}
		},
		{
			"__comment": "arrow",
			"from": [ 4.5, 11, 7.5 ],
			"to": [ 14, 12, 8 ],
			"faces": {
				"down": { "uv": [ 1.5, 9, 3.58, 11.08 ], "texture": "#pit_bow", "cullface": "down" },
				"up": { "uv": [ 1.5, 9, 3.58, 11.08 ], "texture": "#pit_bow", "cullface": "down" },
				"north": { "uv": [ 1.5, 9, 3.58, 11.08 ], "texture": "#pit_bow", "cullface": "down" },
				"south": { "uv": [ 1.5, 9, 3.58, 11.08 ], "texture": "#pit_bow", "cullface": "down" },
				"west": { "uv": [ 1.5, 9, 3.58, 11.08 ], "texture": "#pit_bow", "cullface": "down" },
				"east": { "uv": [ 1.5, 9, 3.58, 11.08 ], "texture": "#pit_bow", "cullface": "down" }
			}
		},
		{
			"__comment": "arrow_tip",
			"from": [ 16, 10, 7.5 ],
			"to": [ 16.5, 13, 8 ],
			"faces": {
				"down": { "uv": [ 1.5, 9, 3.58, 11.08 ], "texture": "#pit_bow", "cullface": "down" },
				"up": { "uv": [ 1.5, 9, 3.58, 11.08 ], "texture": "#pit_bow", "cullface": "down" },
				"north": { "uv": [ 1.5, 9, 3.58, 11.08 ], "texture": "#pit_bow", "cullface": "down" },
				"south": { "uv": [ 1.5, 9, 3.58, 11.08 ], "texture": "#pit_bow", "cullface": "down" },
				"west": { "uv": [ 1.5, 9, 3.58, 11.08 ], "texture": "#pit_bow", "cullface": "down" },
				"east": { "uv": [ 1.5, 9, 3.58, 11.08 ], "texture": "#pit_bow", "cullface": "down" }
			}
		},
		{
			"__comment": "arrow_tip",
			"from": [ 17, 11, 7.5 ],
			"to": [ 17.5, 12, 8 ],
			"faces": {
				"down": { "uv": [ 1.5, 9, 3.58, 11.08 ], "texture": "#pit_bow", "cullface": "down" },
				"up": { "uv": [ 1.5, 9, 3.58, 11.08 ], "texture": "#pit_bow", "cullface": "down" },
				"north": { "uv": [ 1.5, 9, 3.58, 11.08 ], "texture": "#pit_bow", "cullface": "down" },
				"south": { "uv": [ 1.5, 9, 3.58, 11.08 ], "texture": "#pit_bow", "cullface": "down" },
				"west": { "uv": [ 1.5, 9, 3.58, 11.08 ], "texture": "#pit_bow", "cullface": "down" },
				"east": { "uv": [ 1.5, 9, 3.58, 11.08 ], "texture": "#pit_bow", "cullface": "down" }
			}
		},
		{
			"__comment": "arrow",
			"from": [ 14, 11, 7.5 ],
			"to": [ 14.5, 12, 8 ],
			"faces": {
				"down": { "uv": [ 1.5, 9, 3.58, 11.08 ], "texture": "#pit_bow", "cullface": "down" },
				"up": { "uv": [ 1.5, 9, 3.58, 11.08 ], "texture": "#pit_bow", "cullface": "down" },
				"north": { "uv": [ 1.5, 9, 3.58, 11.08 ], "texture": "#pit_bow", "cullface": "down" },
				"south": { "uv": [ 1.5, 9, 3.58, 11.08 ], "texture": "#pit_bow", "cullface": "down" },
				"west": { "uv": [ 1.5, 9, 3.58, 11.08 ], "texture": "#pit_bow", "cullface": "down" },
				"east": { "uv": [ 1.5, 9, 3.58, 11.08 ], "texture": "#pit_bow", "cullface": "down" }
			}
		},
		{
			"__comment": "arrow_tip",
			"from": [ 16.5, 10.5, 7.5 ],
			"to": [ 17, 12.5, 8 ],
			"faces": {
				"down": { "uv": [ 1.5, 9, 3.58, 11.08 ], "texture": "#pit_bow", "cullface": "down" },
				"up": { "uv": [ 1.5, 9, 3.58, 11.08 ], "texture": "#pit_bow", "cullface": "down" },
				"north": { "uv": [ 1.5, 9, 3.58, 11.08 ], "texture": "#pit_bow", "cullface": "down" },
				"south": { "uv": [ 1.5, 9, 3.58, 11.08 ], "texture": "#pit_bow", "cullface": "down" },
				"west": { "uv": [ 1.5, 9, 3.58, 11.08 ], "texture": "#pit_bow", "cullface": "down" },
				"east": { "uv": [ 1.5, 9, 3.58, 11.08 ], "texture": "#pit_bow", "cullface": "down" }
			}
		},
		{
			"__comment": "arrow_head",
			"from": [ 15.5, 9.5, 7.5 ],
			"to": [ 16, 13.5, 8 ],
			"faces": {
				"down": { "uv": [ 1.5, 9, 3.58, 11.08 ], "texture": "#pit_bow", "cullface": "down" },
				"up": { "uv": [ 1.5, 9, 3.58, 11.08 ], "texture": "#pit_bow", "cullface": "down" },
				"north": { "uv": [ 1.5, 9, 3.58, 11.08 ], "texture": "#pit_bow", "cullface": "down" },
				"south": { "uv": [ 1.5, 9, 3.58, 11.08 ], "texture": "#pit_bow", "cullface": "down" },
				"west": { "uv": [ 1.5, 9, 3.58, 11.08 ], "texture": "#pit_bow", "cullface": "down" },
				"east": { "uv": [ 1.5, 9, 3.58, 11.08 ], "texture": "#pit_bow", "cullface": "down" }
			}
		},
		{
			"__comment": "arrow_head",
			"from": [ 15, 9.5, 7.5 ],
			"to": [ 15.5, 13.5, 8 ],
			"faces": {
				"down": { "uv": [ 1.5, 9, 3.58, 11.08 ], "texture": "#pit_bow", "cullface": "down" },
				"up": { "uv": [ 1.5, 9, 3.58, 11.08 ], "texture": "#pit_bow", "cullface": "down" },
				"north": { "uv": [ 1.5, 9, 3.58, 11.08 ], "texture": "#pit_bow", "cullface": "down" },
				"south": { "uv": [ 1.5, 9, 3.58, 11.08 ], "texture": "#pit_bow", "cullface": "down" },
				"west": { "uv": [ 1.5, 9, 3.58, 11.08 ], "texture": "#pit_bow", "cullface": "down" },
				"east": { "uv": [ 1.5, 9, 3.58, 11.08 ], "texture": "#pit_bow", "cullface": "down" }
			}
		},
		{
			"__comment": "arrow_head",
			"from": [ 14.5, 10.5, 7.5 ],
			"to": [ 15, 12.5, 8 ],
			"faces": {
				"down": { "uv": [ 1.5, 9, 3.58, 11.08 ], "texture": "#pit_bow", "cullface": "down" },
				"up": { "uv": [ 1.5, 9, 3.58, 11.08 ], "texture": "#pit_bow", "cullface": "down" },
				"north": { "uv": [ 1.5, 9, 3.58, 11.08 ], "texture": "#pit_bow", "cullface": "down" },
				"south": { "uv": [ 1.5, 9, 3.58, 11.08 ], "texture": "#pit_bow", "cullface": "down" },
				"west": { "uv": [ 1.5, 9, 3.58, 11.08 ], "texture": "#pit_bow", "cullface": "down" },
				"east": { "uv": [ 1.5, 9, 3.58, 11.08 ], "texture": "#pit_bow", "cullface": "down" }
			}
		},
		{
			"__comment": "Voxels-F2ECF3",
			"from": [ 4, 7, 7.5 ],
			"to": [ 4.5, 11, 8 ],
			"faces": {
				"down": { "uv": [ 8.96, 0.96, 11.04, 3.04 ], "texture": "#pit_bow", "cullface": "down" },
				"up": { "uv": [ 8.96, 0.96, 11.04, 3.04 ], "texture": "#pit_bow", "cullface": "down" },
				"north": { "uv": [ 8.96, 0.96, 11.04, 3.04 ], "texture": "#pit_bow", "cullface": "down" },
				"south": { "uv": [ 8.96, 0.96, 11.04, 3.04 ], "texture": "#pit_bow", "cullface": "down" },
				"west": { "uv": [ 8.96, 0.96, 11.04, 3.04 ], "texture": "#pit_bow", "cullface": "down" },
				"east": { "uv": [ 8.96, 0.96, 11.04, 3.04 ], "texture": "#pit_bow", "cullface": "down" }
			}
		},
		{
			"__comment": "Voxels-F2ECF3",
			"from": [ 4.5, -1, 7.5 ],
			"to": [ 5, 7.5, 8 ],
			"faces": {
				"down": { "uv": [ 8.96, 0.96, 11.04, 3.04 ], "texture": "#pit_bow", "cullface": "down" },
				"up": { "uv": [ 8.96, 0.96, 11.04, 3.04 ], "texture": "#pit_bow", "cullface": "down" },
				"north": { "uv": [ 8.96, 0.96, 11.04, 3.04 ], "texture": "#pit_bow", "cullface": "down" },
				"south": { "uv": [ 8.96, 0.96, 11.04, 3.04 ], "texture": "#pit_bow", "cullface": "down" },
				"west": { "uv": [ 8.96, 0.96, 11.04, 3.04 ], "texture": "#pit_bow", "cullface": "down" },
				"east": { "uv": [ 8.96, 0.96, 11.04, 3.04 ], "texture": "#pit_bow", "cullface": "down" }
			}
		}
	],
	"display": {
		"thirdperson_righthand": {
			"rotation":  [ 0, 90, 0 ],
			"translation":  [ 0, -3.25, 1.5 ],
			"scale":  [ 1.1, 1.25, 1.1 ]
		},
		"firstperson_righthand": {
			"rotation":  [ -17, 111, 9 ],
			"translation":  [ 5, 0, -7.652 ]
		},
		"gui": {
			"rotation":  [ 0, 180, 137 ],
			"translation":  [ -0.5, 3, 0 ],
			"scale":  [ 0.7, 0.7, 0.7 ]
		}
	}
}