{
	"__comment": "Designed by Hypixel with BDcraft Cubik PRO 0.95 Beta - http://bdcraft.net",
	"textures": {
		"l_bolt": "items/l_bolt"
	},
	"elements": [ 	 
		{
			"__comment": "Voxels-D13AFF",
			"from": [ 2, 4, 7 ],
			"to": [ 12, 7, 9 ],
			"faces": {
				"down": { "uv": [ 4.96, 0.96, 7.04, 3.04 ], "texture": "#l_bolt" },
				"up": { "uv": [ 4.96, 0.96, 7.04, 3.04 ], "texture": "#l_bolt" },
				"north": { "uv": [ 4.96, 0.96, 7.04, 3.04 ], "texture": "#l_bolt" },
				"south": { "uv": [ 4.96, 0.96, 7.04, 3.04 ], "texture": "#l_bolt" },
				"west": { "uv": [ 4.96, 0.96, 7.04, 3.04 ], "texture": "#l_bolt" },
				"east": { "uv": [ 4.96, 0.96, 7.04, 3.04 ], "texture": "#l_bolt" }
			}
		},
		{
			"__comment": "Voxels-D13AFF",
			"from": [ 2, 5, 6 ],
			"to": [ 4, 8, 7 ],
			"faces": {
				"down": { "uv": [ 4.96, 0.96, 7.04, 3.04 ], "texture": "#l_bolt" },
				"up": { "uv": [ 4.96, 0.96, 7.04, 3.04 ], "texture": "#l_bolt" },
				"north": { "uv": [ 4.96, 0.96, 7.04, 3.04 ], "texture": "#l_bolt" },
				"south": { "uv": [ 4.96, 0.96, 7.04, 3.04 ], "texture": "#l_bolt" },
				"west": { "uv": [ 4.96, 0.96, 7.04, 3.04 ], "texture": "#l_bolt" },
				"east": { "uv": [ 4.96, 0.96, 7.04, 3.04 ], "texture": "#l_bolt" }
			}
		},
		{
			"__comment": "Voxels-D13AFF",
			"from": [ 2, 5, 9 ],
			"to": [ 4, 7, 10 ],
			"faces": {
				"down": { "uv": [ 4.96, 0.96, 7.04, 3.04 ], "texture": "#l_bolt" },
				"south": { "uv": [ 4.96, 0.96, 7.04, 3.04 ], "texture": "#l_bolt" },
				"west": { "uv": [ 4.96, 0.96, 7.04, 3.04 ], "texture": "#l_bolt" },
				"east": { "uv": [ 4.96, 0.96, 7.04, 3.04 ], "texture": "#l_bolt" }
			}
		},
		{
			"__comment": "Voxels-D13AFF",
			"from": [ 2, 6, 5 ],
			"to": [ 13, 7, 6 ],
			"faces": {
				"down": { "uv": [ 4.96, 0.96, 7.04, 3.04 ], "texture": "#l_bolt" },
				"up": { "uv": [ 4.96, 0.96, 7.04, 3.04 ], "texture": "#l_bolt" },
				"north": { "uv": [ 4.96, 0.96, 7.04, 3.04 ], "texture": "#l_bolt" },
				"south": { "uv": [ 4.96, 0.96, 7.04, 3.04 ], "texture": "#l_bolt" },
				"west": { "uv": [ 4.96, 0.96, 7.04, 3.04 ], "texture": "#l_bolt" },
				"east": { "uv": [ 4.96, 0.96, 7.04, 3.04 ], "texture": "#l_bolt" }
			}
		},
		{
			"__comment": "Voxels-D13AFF",
			"from": [ 2, 6, 10 ],
			"to": [ 12, 8, 11 ],
			"faces": {
				"down": { "uv": [ 4.96, 0.96, 7.04, 3.04 ], "texture": "#l_bolt" },
				"up": { "uv": [ 4.96, 0.96, 7.04, 3.04 ], "texture": "#l_bolt" },
				"north": { "uv": [ 4.96, 0.96, 7.04, 3.04 ], "texture": "#l_bolt" },
				"south": { "uv": [ 4.96, 0.96, 7.04, 3.04 ], "texture": "#l_bolt" },
				"west": { "uv": [ 4.96, 0.96, 7.04, 3.04 ], "texture": "#l_bolt" },
				"east": { "uv": [ 4.96, 0.96, 7.04, 3.04 ], "texture": "#l_bolt" }
			}
		},
		{
			"__comment": "Voxels-D13AFF",
			"from": [ 2, 7, 5 ],
			"to": [ 5, 8, 6 ],
			"faces": {
				"up": { "uv": [ 4.96, 0.96, 7.04, 3.04 ], "texture": "#l_bolt" },
				"north": { "uv": [ 4.96, 0.96, 7.04, 3.04 ], "texture": "#l_bolt" },
				"south": { "uv": [ 4.96, 0.96, 7.04, 3.04 ], "texture": "#l_bolt" },
				"west": { "uv": [ 4.96, 0.96, 7.04, 3.04 ], "texture": "#l_bolt" }
			}
		},
		{
			"__comment": "Voxels-CE2EFF",
			"from": [ 2, 7, 7 ],
			"to": [ 4, 8, 10 ],
			"faces": {
				"down": { "uv": [ 8.96, 0.96, 11.04, 3.04 ], "texture": "#l_bolt" },
				"up": { "uv": [ 8.96, 0.96, 11.04, 3.04 ], "texture": "#l_bolt" },
				"west": { "uv": [ 8.96, 0.96, 11.04, 3.04 ], "texture": "#l_bolt" },
				"east": { "uv": [ 8.96, 0.96, 11.04, 3.04 ], "texture": "#l_bolt" }
			}
		},
		{
			"__comment": "Voxels-FFAAFF",
			"from": [ 2, 8, 5 ],
			"to": [ 3, 9, 11 ],
			"faces": {
				"down": { "uv": [ 12.96, 0.96, 15.04, 3.04 ], "texture": "#l_bolt" },
				"up": { "uv": [ 12.96, 0.96, 15.04, 3.04 ], "texture": "#l_bolt" },
				"north": { "uv": [ 12.96, 0.96, 15.04, 3.04 ], "texture": "#l_bolt" },
				"south": { "uv": [ 12.96, 0.96, 15.04, 3.04 ], "texture": "#l_bolt" },
				"west": { "uv": [ 12.96, 0.96, 15.04, 3.04 ], "texture": "#l_bolt" },
				"east": { "uv": [ 12.96, 0.96, 15.04, 3.04 ], "texture": "#l_bolt" }
			}
		},
		{
			"__comment": "Voxels-CE2EFF",
			"from": [ 2, 9, 5 ],
			"to": [ 12, 11, 6 ],
			"faces": {
				"down": { "uv": [ 8.96, 0.96, 11.04, 3.04 ], "texture": "#l_bolt" },
				"up": { "uv": [ 8.96, 0.96, 11.04, 3.04 ], "texture": "#l_bolt" },
				"north": { "uv": [ 8.96, 0.96, 11.04, 3.04 ], "texture": "#l_bolt" },
				"south": { "uv": [ 8.96, 0.96, 11.04, 3.04 ], "texture": "#l_bolt" },
				"west": { "uv": [ 8.96, 0.96, 11.04, 3.04 ], "texture": "#l_bolt" }
			}
		},
		{
			"__comment": "Voxels-CE2EFF",
			"from": [ 2, 9, 6 ],
			"to": [ 5, 10, 11 ],
			"faces": {
				"down": { "uv": [ 8.96, 0.96, 11.04, 3.04 ], "texture": "#l_bolt" },
				"up": { "uv": [ 8.96, 0.96, 11.04, 3.04 ], "texture": "#l_bolt" },
				"south": { "uv": [ 8.96, 0.96, 11.04, 3.04 ], "texture": "#l_bolt" },
				"west": { "uv": [ 8.96, 0.96, 11.04, 3.04 ], "texture": "#l_bolt" },
				"east": { "uv": [ 8.96, 0.96, 11.04, 3.04 ], "texture": "#l_bolt" }
			}
		},
		{
			"__comment": "Voxels-D344FF",
			"from": [ 2, 10, 6 ],
			"to": [ 5, 13, 9 ],
			"faces": {
				"up": { "uv": [ 0.96, 4.96, 3.04, 7.04 ], "texture": "#l_bolt" },
				"north": { "uv": [ 0.96, 4.96, 3.04, 7.04 ], "texture": "#l_bolt" },
				"south": { "uv": [ 0.96, 4.96, 3.04, 7.04 ], "texture": "#l_bolt" },
				"west": { "uv": [ 0.96, 4.96, 3.04, 7.04 ], "texture": "#l_bolt" },
				"east": { "uv": [ 0.96, 4.96, 3.04, 7.04 ], "texture": "#l_bolt" }
			}
		},
		{
			"__comment": "Voxels-CE2EFF",
			"from": [ 2, 10, 9 ],
			"to": [ 12, 11, 11 ],
			"faces": {
				"down": { "uv": [ 8.96, 0.96, 11.04, 3.04 ], "texture": "#l_bolt" },
				"up": { "uv": [ 8.96, 0.96, 11.04, 3.04 ], "texture": "#l_bolt" },
				"north": { "uv": [ 8.96, 0.96, 11.04, 3.04 ], "texture": "#l_bolt" },
				"south": { "uv": [ 8.96, 0.96, 11.04, 3.04 ], "texture": "#l_bolt" },
				"west": { "uv": [ 8.96, 0.96, 11.04, 3.04 ], "texture": "#l_bolt" },
				"east": { "uv": [ 8.96, 0.96, 11.04, 3.04 ], "texture": "#l_bolt" }
			}
		},
		{
			"__comment": "Voxels-D344FF",
			"from": [ 2, 11, 5 ],
			"to": [ 4, 12, 6 ],
			"faces": {
				"up": { "uv": [ 0.96, 4.96, 3.04, 7.04 ], "texture": "#l_bolt" },
				"north": { "uv": [ 0.96, 4.96, 3.04, 7.04 ], "texture": "#l_bolt" },
				"west": { "uv": [ 0.96, 4.96, 3.04, 7.04 ], "texture": "#l_bolt" }
			}
		},
		{
			"__comment": "Voxels-D344FF",
			"from": [ 2, 11, 9 ],
			"to": [ 4, 12, 10 ],
			"faces": {
				"up": { "uv": [ 0.96, 4.96, 3.04, 7.04 ], "texture": "#l_bolt" },
				"south": { "uv": [ 0.96, 4.96, 3.04, 7.04 ], "texture": "#l_bolt" },
				"west": { "uv": [ 0.96, 4.96, 3.04, 7.04 ], "texture": "#l_bolt" }
			}
		},
		{
			"__comment": "Voxels-D344FF",
			"from": [ 2, 11, 10 ],
			"to": [ 3, 12, 11 ],
			"faces": {
				"up": { "uv": [ 0.96, 4.96, 3.04, 7.04 ], "texture": "#l_bolt" },
				"south": { "uv": [ 0.96, 4.96, 3.04, 7.04 ], "texture": "#l_bolt" },
				"west": { "uv": [ 0.96, 4.96, 3.04, 7.04 ], "texture": "#l_bolt" }
			}
		},
		{
			"__comment": "Voxels-D344FF",
			"from": [ 2, 12, 9 ],
			"to": [ 3, 13, 10 ],
			"faces": {
				"up": { "uv": [ 0.96, 4.96, 3.04, 7.04 ], "texture": "#l_bolt" },
				"south": { "uv": [ 0.96, 4.96, 3.04, 7.04 ], "texture": "#l_bolt" },
				"west": { "uv": [ 0.96, 4.96, 3.04, 7.04 ], "texture": "#l_bolt" }
			}
		},
		{
			"__comment": "Voxels-D13AFF",
			"from": [ 3, 3, 7 ],
			"to": [ 5, 4, 8 ],
			"faces": {
				"down": { "uv": [ 4.96, 0.96, 7.04, 3.04 ], "texture": "#l_bolt" },
				"north": { "uv": [ 4.96, 0.96, 7.04, 3.04 ], "texture": "#l_bolt" },
				"south": { "uv": [ 4.96, 0.96, 7.04, 3.04 ], "texture": "#l_bolt" },
				"west": { "uv": [ 4.96, 0.96, 7.04, 3.04 ], "texture": "#l_bolt" }
			}
		},
		{
			"__comment": "Voxels-D13AFF",
			"from": [ 3, 3, 8 ],
			"to": [ 4, 4, 9 ],
			"faces": {
				"down": { "uv": [ 4.96, 0.96, 7.04, 3.04 ], "texture": "#l_bolt" },
				"south": { "uv": [ 4.96, 0.96, 7.04, 3.04 ], "texture": "#l_bolt" },
				"west": { "uv": [ 4.96, 0.96, 7.04, 3.04 ], "texture": "#l_bolt" }
			}
		},
		{
			"__comment": "Voxels-FFAAFF",
			"from": [ 3, 4, 6 ],
			"to": [ 4, 5, 7 ],
			"faces": {
				"down": { "uv": [ 12.96, 0.96, 15.04, 3.04 ], "texture": "#l_bolt" },
				"north": { "uv": [ 12.96, 0.96, 15.04, 3.04 ], "texture": "#l_bolt" },
				"west": { "uv": [ 12.96, 0.96, 15.04, 3.04 ], "texture": "#l_bolt" }
			}
		},
		{
			"__comment": "Voxels-FFAAFF",
			"from": [ 3, 4, 9 ],
			"to": [ 4, 5, 10 ],
			"faces": {
				"down": { "uv": [ 12.96, 0.96, 15.04, 3.04 ], "texture": "#l_bolt" },
				"south": { "uv": [ 12.96, 0.96, 15.04, 3.04 ], "texture": "#l_bolt" },
				"west": { "uv": [ 12.96, 0.96, 15.04, 3.04 ], "texture": "#l_bolt" }
			}
		},
		{
			"__comment": "Voxels-D13AFF",
			"from": [ 3, 5, 5 ],
			"to": [ 4, 6, 6 ],
			"faces": {
				"down": { "uv": [ 4.96, 0.96, 7.04, 3.04 ], "texture": "#l_bolt" },
				"north": { "uv": [ 4.96, 0.96, 7.04, 3.04 ], "texture": "#l_bolt" },
				"west": { "uv": [ 4.96, 0.96, 7.04, 3.04 ], "texture": "#l_bolt" }
			}
		},
		{
			"__comment": "Voxels-D13AFF",
			"from": [ 3, 5, 10 ],
			"to": [ 4, 6, 11 ],
			"faces": {
				"down": { "uv": [ 4.96, 0.96, 7.04, 3.04 ], "texture": "#l_bolt" },
				"south": { "uv": [ 4.96, 0.96, 7.04, 3.04 ], "texture": "#l_bolt" },
				"west": { "uv": [ 4.96, 0.96, 7.04, 3.04 ], "texture": "#l_bolt" }
			}
		},
		{
			"__comment": "Voxels-D13AFF",
			"from": [ 3, 6, 4 ],
			"to": [ 5, 8, 5 ],
			"faces": {
				"down": { "uv": [ 4.96, 0.96, 7.04, 3.04 ], "texture": "#l_bolt" },
				"north": { "uv": [ 4.96, 0.96, 7.04, 3.04 ], "texture": "#l_bolt" },
				"south": { "uv": [ 4.96, 0.96, 7.04, 3.04 ], "texture": "#l_bolt" },
				"west": { "uv": [ 4.96, 0.96, 7.04, 3.04 ], "texture": "#l_bolt" },
				"east": { "uv": [ 4.96, 0.96, 7.04, 3.04 ], "texture": "#l_bolt" }
			}
		},
		{
			"__comment": "Voxels-D13AFF",
			"from": [ 3, 6, 11 ],
			"to": [ 5, 8, 12 ],
			"faces": {
				"down": { "uv": [ 4.96, 0.96, 7.04, 3.04 ], "texture": "#l_bolt" },
				"south": { "uv": [ 4.96, 0.96, 7.04, 3.04 ], "texture": "#l_bolt" },
				"west": { "uv": [ 4.96, 0.96, 7.04, 3.04 ], "texture": "#l_bolt" }
			}
		},
		{
			"__comment": "Voxels-FFBFFF",
			"from": [ 3, 8, 4 ],
			"to": [ 5, 9, 7 ],
			"faces": {
				"down": { "uv": [ 4.96, 4.96, 7.04, 7.04 ], "texture": "#l_bolt" },
				"up": { "uv": [ 4.96, 4.96, 7.04, 7.04 ], "texture": "#l_bolt" },
				"north": { "uv": [ 4.96, 4.96, 7.04, 7.04 ], "texture": "#l_bolt" },
				"west": { "uv": [ 4.96, 4.96, 7.04, 7.04 ], "texture": "#l_bolt" },
				"east": { "uv": [ 4.96, 4.96, 7.04, 7.04 ], "texture": "#l_bolt" }
			}
		},
		{
			"__comment": "Voxels-FFAAFF",
			"from": [ 3, 8, 7 ],
			"to": [ 13, 9, 10 ],
			"faces": {
				"down": { "uv": [ 12.96, 0.96, 15.04, 3.04 ], "texture": "#l_bolt" },
				"up": { "uv": [ 12.96, 0.96, 15.04, 3.04 ], "texture": "#l_bolt" },
				"north": { "uv": [ 12.96, 0.96, 15.04, 3.04 ], "texture": "#l_bolt" },
				"south": { "uv": [ 12.96, 0.96, 15.04, 3.04 ], "texture": "#l_bolt" },
				"east": { "uv": [ 12.96, 0.96, 15.04, 3.04 ], "texture": "#l_bolt" }
			}
		},
		{
			"__comment": "Voxels-FFAAFF",
			"from": [ 3, 8, 10 ],
			"to": [ 5, 9, 12 ],
			"faces": {
				"down": { "uv": [ 12.96, 0.96, 15.04, 3.04 ], "texture": "#l_bolt" },
				"up": { "uv": [ 12.96, 0.96, 15.04, 3.04 ], "texture": "#l_bolt" },
				"south": { "uv": [ 12.96, 0.96, 15.04, 3.04 ], "texture": "#l_bolt" },
				"west": { "uv": [ 12.96, 0.96, 15.04, 3.04 ], "texture": "#l_bolt" },
				"east": { "uv": [ 12.96, 0.96, 15.04, 3.04 ], "texture": "#l_bolt" }
			}
		},
		{
			"__comment": "Voxels-D13AFF",
			"from": [ 3, 9, 4 ],
			"to": [ 5, 11, 5 ],
			"faces": {
				"up": { "uv": [ 4.96, 0.96, 7.04, 3.04 ], "texture": "#l_bolt" },
				"north": { "uv": [ 4.96, 0.96, 7.04, 3.04 ], "texture": "#l_bolt" },
				"west": { "uv": [ 4.96, 0.96, 7.04, 3.04 ], "texture": "#l_bolt" }
			}
		},
		{
			"__comment": "Voxels-CE2EFF",
			"from": [ 3, 9, 11 ],
			"to": [ 4, 12, 12 ],
			"faces": {
				"up": { "uv": [ 8.96, 0.96, 11.04, 3.04 ], "texture": "#l_bolt" },
				"north": { "uv": [ 8.96, 0.96, 11.04, 3.04 ], "texture": "#l_bolt" },
				"south": { "uv": [ 8.96, 0.96, 11.04, 3.04 ], "texture": "#l_bolt" },
				"west": { "uv": [ 8.96, 0.96, 11.04, 3.04 ], "texture": "#l_bolt" },
				"east": { "uv": [ 8.96, 0.96, 11.04, 3.04 ], "texture": "#l_bolt" }
			}
		},
		{
			"__comment": "Voxels-FFAAFF",
			"from": [ 3, 12, 5 ],
			"to": [ 4, 13, 6 ],
			"faces": {
				"up": { "uv": [ 12.96, 0.96, 15.04, 3.04 ], "texture": "#l_bolt" },
				"north": { "uv": [ 12.96, 0.96, 15.04, 3.04 ], "texture": "#l_bolt" },
				"west": { "uv": [ 12.96, 0.96, 15.04, 3.04 ], "texture": "#l_bolt" }
			}
		},
		{
			"__comment": "Voxels-FFAAFF",
			"from": [ 3, 12, 9 ],
			"to": [ 4, 13, 11 ],
			"faces": {
				"down": { "uv": [ 12.96, 0.96, 15.04, 3.04 ], "texture": "#l_bolt" },
				"up": { "uv": [ 12.96, 0.96, 15.04, 3.04 ], "texture": "#l_bolt" },
				"south": { "uv": [ 12.96, 0.96, 15.04, 3.04 ], "texture": "#l_bolt" },
				"west": { "uv": [ 12.96, 0.96, 15.04, 3.04 ], "texture": "#l_bolt" },
				"east": { "uv": [ 12.96, 0.96, 15.04, 3.04 ], "texture": "#l_bolt" }
			}
		},
		{
			"__comment": "Voxels-D344FF",
			"from": [ 3, 13, 6 ],
			"to": [ 4, 14, 10 ],
			"faces": {
				"down": { "uv": [ 0.96, 4.96, 3.04, 7.04 ], "texture": "#l_bolt" },
				"up": { "uv": [ 0.96, 4.96, 3.04, 7.04 ], "texture": "#l_bolt" },
				"north": { "uv": [ 0.96, 4.96, 3.04, 7.04 ], "texture": "#l_bolt" },
				"south": { "uv": [ 0.96, 4.96, 3.04, 7.04 ], "texture": "#l_bolt" },
				"west": { "uv": [ 0.96, 4.96, 3.04, 7.04 ], "texture": "#l_bolt" },
				"east": { "uv": [ 0.96, 4.96, 3.04, 7.04 ], "texture": "#l_bolt" }
			}
		},
		{
			"__comment": "Voxels-D344FF",
			"from": [ 4, 3, 6 ],
			"to": [ 7, 5, 7 ],
			"faces": {
				"down": { "uv": [ 0.96, 4.96, 3.04, 7.04 ], "texture": "#l_bolt" },
				"up": { "uv": [ 0.96, 4.96, 3.04, 7.04 ], "texture": "#l_bolt" },
				"north": { "uv": [ 0.96, 4.96, 3.04, 7.04 ], "texture": "#l_bolt" },
				"south": { "uv": [ 0.96, 4.96, 3.04, 7.04 ], "texture": "#l_bolt" },
				"west": { "uv": [ 0.96, 4.96, 3.04, 7.04 ], "texture": "#l_bolt" }
			}
		},
		{
			"__comment": "Voxels-C92DF9",
			"from": [ 4, 3, 8 ],
			"to": [ 8, 4, 10 ],
			"faces": {
				"down": { "uv": [ 8.96, 4.96, 11.04, 7.04 ], "texture": "#l_bolt" },
				"up": { "uv": [ 8.96, 4.96, 11.04, 7.04 ], "texture": "#l_bolt" },
				"north": { "uv": [ 8.96, 4.96, 11.04, 7.04 ], "texture": "#l_bolt" },
				"south": { "uv": [ 8.96, 4.96, 11.04, 7.04 ], "texture": "#l_bolt" },
				"west": { "uv": [ 8.96, 4.96, 11.04, 7.04 ], "texture": "#l_bolt" }
			}
		},
		{
			"__comment": "Voxels-D344FF",
			"from": [ 4, 4, 5 ],
			"to": [ 6, 5, 6 ],
			"faces": {
				"down": { "uv": [ 0.96, 4.96, 3.04, 7.04 ], "texture": "#l_bolt" },
				"up": { "uv": [ 0.96, 4.96, 3.04, 7.04 ], "texture": "#l_bolt" },
				"north": { "uv": [ 0.96, 4.96, 3.04, 7.04 ], "texture": "#l_bolt" },
				"west": { "uv": [ 0.96, 4.96, 3.04, 7.04 ], "texture": "#l_bolt" }
			}
		},
		{
			"__comment": "Voxels-C92DF9",
			"from": [ 4, 4, 9 ],
			"to": [ 8, 5, 11 ],
			"faces": {
				"down": { "uv": [ 8.96, 4.96, 11.04, 7.04 ], "texture": "#l_bolt" },
				"up": { "uv": [ 8.96, 4.96, 11.04, 7.04 ], "texture": "#l_bolt" },
				"south": { "uv": [ 8.96, 4.96, 11.04, 7.04 ], "texture": "#l_bolt" },
				"west": { "uv": [ 8.96, 4.96, 11.04, 7.04 ], "texture": "#l_bolt" }
			}
		},
		{
			"__comment": "Voxels-FFAAFF",
			"from": [ 4, 5, 4 ],
			"to": [ 5, 6, 7 ],
			"faces": {
				"down": { "uv": [ 12.96, 0.96, 15.04, 3.04 ], "texture": "#l_bolt" },
				"up": { "uv": [ 12.96, 0.96, 15.04, 3.04 ], "texture": "#l_bolt" },
				"north": { "uv": [ 12.96, 0.96, 15.04, 3.04 ], "texture": "#l_bolt" },
				"west": { "uv": [ 12.96, 0.96, 15.04, 3.04 ], "texture": "#l_bolt" },
				"east": { "uv": [ 12.96, 0.96, 15.04, 3.04 ], "texture": "#l_bolt" }
			}
		},
		{
			"__comment": "Voxels-FFAAFF",
			"from": [ 4, 5, 9 ],
			"to": [ 5, 6, 12 ],
			"faces": {
				"down": { "uv": [ 12.96, 0.96, 15.04, 3.04 ], "texture": "#l_bolt" },
				"up": { "uv": [ 12.96, 0.96, 15.04, 3.04 ], "texture": "#l_bolt" },
				"south": { "uv": [ 12.96, 0.96, 15.04, 3.04 ], "texture": "#l_bolt" },
				"west": { "uv": [ 12.96, 0.96, 15.04, 3.04 ], "texture": "#l_bolt" },
				"east": { "uv": [ 12.96, 0.96, 15.04, 3.04 ], "texture": "#l_bolt" }
			}
		},
		{
			"__comment": "Voxels-D13AFF",
			"from": [ 4, 6, 6 ],
			"to": [ 5, 8, 7 ],
			"faces": {
				"north": { "uv": [ 4.96, 0.96, 7.04, 3.04 ], "texture": "#l_bolt" },
				"south": { "uv": [ 4.96, 0.96, 7.04, 3.04 ], "texture": "#l_bolt" },
				"east": { "uv": [ 4.96, 0.96, 7.04, 3.04 ], "texture": "#l_bolt" }
			}
		},
		{
			"__comment": "Voxels-D13AFF",
			"from": [ 4, 6, 9 ],
			"to": [ 5, 8, 10 ],
			"faces": {
				"north": { "uv": [ 4.96, 0.96, 7.04, 3.04 ], "texture": "#l_bolt" },
				"west": { "uv": [ 4.96, 0.96, 7.04, 3.04 ], "texture": "#l_bolt" },
				"east": { "uv": [ 4.96, 0.96, 7.04, 3.04 ], "texture": "#l_bolt" }
			}
		},
		{
			"__comment": "Voxels-D13AFF",
			"from": [ 4, 9, 11 ],
			"to": [ 5, 11, 12 ],
			"faces": {
				"north": { "uv": [ 4.96, 0.96, 7.04, 3.04 ], "texture": "#l_bolt" },
				"south": { "uv": [ 4.96, 0.96, 7.04, 3.04 ], "texture": "#l_bolt" }
			}
		},
		{
			"__comment": "Voxels-FFAAFF",
			"from": [ 4, 11, 4 ],
			"to": [ 5, 12, 6 ],
			"faces": {
				"down": { "uv": [ 12.96, 0.96, 15.04, 3.04 ], "texture": "#l_bolt" },
				"up": { "uv": [ 12.96, 0.96, 15.04, 3.04 ], "texture": "#l_bolt" },
				"north": { "uv": [ 12.96, 0.96, 15.04, 3.04 ], "texture": "#l_bolt" },
				"west": { "uv": [ 12.96, 0.96, 15.04, 3.04 ], "texture": "#l_bolt" },
				"east": { "uv": [ 12.96, 0.96, 15.04, 3.04 ], "texture": "#l_bolt" }
			}
		},
		{
			"__comment": "Voxels-FFAAFF",
			"from": [ 4, 11, 9 ],
			"to": [ 5, 12, 12 ],
			"faces": {
				"down": { "uv": [ 12.96, 0.96, 15.04, 3.04 ], "texture": "#l_bolt" },
				"up": { "uv": [ 12.96, 0.96, 15.04, 3.04 ], "texture": "#l_bolt" },
				"south": { "uv": [ 12.96, 0.96, 15.04, 3.04 ], "texture": "#l_bolt" },
				"west": { "uv": [ 12.96, 0.96, 15.04, 3.04 ], "texture": "#l_bolt" },
				"east": { "uv": [ 12.96, 0.96, 15.04, 3.04 ], "texture": "#l_bolt" }
			}
		},
		{
			"__comment": "Voxels-D13AFF",
			"from": [ 4, 12, 5 ],
			"to": [ 11, 13, 6 ],
			"faces": {
				"down": { "uv": [ 4.96, 0.96, 7.04, 3.04 ], "texture": "#l_bolt" },
				"up": { "uv": [ 4.96, 0.96, 7.04, 3.04 ], "texture": "#l_bolt" },
				"north": { "uv": [ 4.96, 0.96, 7.04, 3.04 ], "texture": "#l_bolt" },
				"south": { "uv": [ 4.96, 0.96, 7.04, 3.04 ], "texture": "#l_bolt" },
				"east": { "uv": [ 4.96, 0.96, 7.04, 3.04 ], "texture": "#l_bolt" }
			}
		},
		{
			"__comment": "Voxels-D344FF",
			"from": [ 4, 12, 9 ],
			"to": [ 11, 13, 10 ],
			"faces": {
				"down": { "uv": [ 0.96, 4.96, 3.04, 7.04 ], "texture": "#l_bolt" },
				"up": { "uv": [ 0.96, 4.96, 3.04, 7.04 ], "texture": "#l_bolt" },
				"north": { "uv": [ 0.96, 4.96, 3.04, 7.04 ], "texture": "#l_bolt" },
				"south": { "uv": [ 0.96, 4.96, 3.04, 7.04 ], "texture": "#l_bolt" }
			}
		},
		{
			"__comment": "Voxels-D344FF",
			"from": [ 4, 12, 10 ],
			"to": [ 5, 13, 12 ],
			"faces": {
				"up": { "uv": [ 0.96, 4.96, 3.04, 7.04 ], "texture": "#l_bolt" },
				"south": { "uv": [ 0.96, 4.96, 3.04, 7.04 ], "texture": "#l_bolt" },
				"west": { "uv": [ 0.96, 4.96, 3.04, 7.04 ], "texture": "#l_bolt" }
			}
		},
		{
			"__comment": "Voxels-D13AFF",
			"from": [ 4, 13, 6 ],
			"to": [ 8, 14, 7 ],
			"faces": {
				"down": { "uv": [ 4.96, 0.96, 7.04, 3.04 ], "texture": "#l_bolt" },
				"up": { "uv": [ 4.96, 0.96, 7.04, 3.04 ], "texture": "#l_bolt" },
				"north": { "uv": [ 4.96, 0.96, 7.04, 3.04 ], "texture": "#l_bolt" },
				"south": { "uv": [ 4.96, 0.96, 7.04, 3.04 ], "texture": "#l_bolt" }
			}
		},
		{
			"__comment": "Voxels-D13AFF",
			"from": [ 4, 13, 7 ],
			"to": [ 7, 14, 8 ],
			"faces": {
				"down": { "uv": [ 4.96, 0.96, 7.04, 3.04 ], "texture": "#l_bolt" },
				"up": { "uv": [ 4.96, 0.96, 7.04, 3.04 ], "texture": "#l_bolt" },
				"south": { "uv": [ 4.96, 0.96, 7.04, 3.04 ], "texture": "#l_bolt" }
			}
		},
		{
			"__comment": "Voxels-D13AFF",
			"from": [ 4, 13, 8 ],
			"to": [ 6, 14, 11 ],
			"faces": {
				"down": { "uv": [ 4.96, 0.96, 7.04, 3.04 ], "texture": "#l_bolt" },
				"up": { "uv": [ 4.96, 0.96, 7.04, 3.04 ], "texture": "#l_bolt" },
				"south": { "uv": [ 4.96, 0.96, 7.04, 3.04 ], "texture": "#l_bolt" },
				"west": { "uv": [ 4.96, 0.96, 7.04, 3.04 ], "texture": "#l_bolt" },
				"east": { "uv": [ 4.96, 0.96, 7.04, 3.04 ], "texture": "#l_bolt" }
			}
		},
		{
			"__comment": "Voxels-D344FF",
			"from": [ 5, 3, 5 ],
			"to": [ 6, 4, 6 ],
			"faces": {
				"down": { "uv": [ 0.96, 4.96, 3.04, 7.04 ], "texture": "#l_bolt" },
				"north": { "uv": [ 0.96, 4.96, 3.04, 7.04 ], "texture": "#l_bolt" },
				"west": { "uv": [ 0.96, 4.96, 3.04, 7.04 ], "texture": "#l_bolt" }
			}
		},
		{
			"__comment": "Voxels-C92DF9",
			"from": [ 5, 3, 7 ],
			"to": [ 7, 4, 8 ],
			"faces": {
				"down": { "uv": [ 8.96, 4.96, 11.04, 7.04 ], "texture": "#l_bolt" }
			}
		},
		{
			"__comment": "Voxels-C92DF9",
			"from": [ 5, 3, 10 ],
			"to": [ 8, 4, 11 ],
			"faces": {
				"down": { "uv": [ 8.96, 4.96, 11.04, 7.04 ], "texture": "#l_bolt" },
				"south": { "uv": [ 8.96, 4.96, 11.04, 7.04 ], "texture": "#l_bolt" },
				"west": { "uv": [ 8.96, 4.96, 11.04, 7.04 ], "texture": "#l_bolt" }
			}
		},
		{
			"__comment": "Voxels-D344FF",
			"from": [ 5, 4, 4 ],
			"to": [ 6, 6, 5 ],
			"faces": {
				"down": { "uv": [ 0.96, 4.96, 3.04, 7.04 ], "texture": "#l_bolt" },
				"north": { "uv": [ 0.96, 4.96, 3.04, 7.04 ], "texture": "#l_bolt" },
				"south": { "uv": [ 0.96, 4.96, 3.04, 7.04 ], "texture": "#l_bolt" },
				"west": { "uv": [ 0.96, 4.96, 3.04, 7.04 ], "texture": "#l_bolt" }
			}
		},
		{
			"__comment": "Voxels-C92DF9",
			"from": [ 5, 4, 11 ],
			"to": [ 7, 6, 12 ],
			"faces": {
				"down": { "uv": [ 8.96, 4.96, 11.04, 7.04 ], "texture": "#l_bolt" },
				"up": { "uv": [ 8.96, 4.96, 11.04, 7.04 ], "texture": "#l_bolt" },
				"north": { "uv": [ 8.96, 4.96, 11.04, 7.04 ], "texture": "#l_bolt" },
				"south": { "uv": [ 8.96, 4.96, 11.04, 7.04 ], "texture": "#l_bolt" },
				"west": { "uv": [ 8.96, 4.96, 11.04, 7.04 ], "texture": "#l_bolt" },
				"east": { "uv": [ 8.96, 4.96, 11.04, 7.04 ], "texture": "#l_bolt" }
			}
		},
		{
			"__comment": "Voxels-D344FF",
			"from": [ 5, 5, 5 ],
			"to": [ 6, 6, 7 ],
			"faces": {
				"down": { "uv": [ 0.96, 4.96, 3.04, 7.04 ], "texture": "#l_bolt" },
				"up": { "uv": [ 0.96, 4.96, 3.04, 7.04 ], "texture": "#l_bolt" },
				"east": { "uv": [ 0.96, 4.96, 3.04, 7.04 ], "texture": "#l_bolt" }
			}
		},
		{
			"__comment": "Voxels-C92DF9",
			"from": [ 5, 5, 9 ],
			"to": [ 7, 6, 11 ],
			"faces": {
				"up": { "uv": [ 8.96, 4.96, 11.04, 7.04 ], "texture": "#l_bolt" }
			}
		},
		{
			"__comment": "Voxels-FFAAFF",
			"from": [ 5, 6, 4 ],
			"to": [ 7, 7, 5 ],
			"faces": {
				"down": { "uv": [ 12.96, 0.96, 15.04, 3.04 ], "texture": "#l_bolt" },
				"up": { "uv": [ 12.96, 0.96, 15.04, 3.04 ], "texture": "#l_bolt" },
				"north": { "uv": [ 12.96, 0.96, 15.04, 3.04 ], "texture": "#l_bolt" }
			}
		},
		{
			"__comment": "Voxels-FFAAFF",
			"from": [ 5, 6, 11 ],
			"to": [ 6, 8, 12 ],
			"faces": {
				"south": { "uv": [ 12.96, 0.96, 15.04, 3.04 ], "texture": "#l_bolt" },
				"east": { "uv": [ 12.96, 0.96, 15.04, 3.04 ], "texture": "#l_bolt" }
			}
		},
		{
			"__comment": "Voxels-FFBFFF",
			"from": [ 5, 7, 4 ],
			"to": [ 6, 8, 5 ],
			"faces": {
				"north": { "uv": [ 4.96, 4.96, 7.04, 7.04 ], "texture": "#l_bolt" }
			}
		},
		{
			"__comment": "Voxels-FFDAFF",
			"from": [ 5, 7, 5 ],
			"to": [ 10, 9, 7 ],
			"faces": {
				"down": { "uv": [ 12.96, 4.96, 15.04, 7.04 ], "texture": "#l_bolt" },
				"up": { "uv": [ 12.96, 4.96, 15.04, 7.04 ], "texture": "#l_bolt" },
				"north": { "uv": [ 12.96, 4.96, 15.04, 7.04 ], "texture": "#l_bolt" },
				"south": { "uv": [ 12.96, 4.96, 15.04, 7.04 ], "texture": "#l_bolt" },
				"west": { "uv": [ 12.96, 4.96, 15.04, 7.04 ], "texture": "#l_bolt" },
				"east": { "uv": [ 12.96, 4.96, 15.04, 7.04 ], "texture": "#l_bolt" }
			}
		},
		{
			"__comment": "Voxels-FFDAFF",
			"from": [ 5, 7, 7 ],
			"to": [ 10, 8, 10 ],
			"faces": {
				"down": { "uv": [ 12.96, 4.96, 15.04, 7.04 ], "texture": "#l_bolt" },
				"west": { "uv": [ 12.96, 4.96, 15.04, 7.04 ], "texture": "#l_bolt" }
			}
		},
		{
			"__comment": "Voxels-FFDAFF",
			"from": [ 5, 8, 4 ],
			"to": [ 7, 9, 5 ],
			"faces": {
				"down": { "uv": [ 12.96, 4.96, 15.04, 7.04 ], "texture": "#l_bolt" },
				"up": { "uv": [ 12.96, 4.96, 15.04, 7.04 ], "texture": "#l_bolt" },
				"north": { "uv": [ 12.96, 4.96, 15.04, 7.04 ], "texture": "#l_bolt" }
			}
		},
		{
			"__comment": "Voxels-FFDAFF",
			"from": [ 5, 8, 10 ],
			"to": [ 10, 10, 11 ],
			"faces": {
				"north": { "uv": [ 12.96, 4.96, 15.04, 7.04 ], "texture": "#l_bolt" },
				"south": { "uv": [ 12.96, 4.96, 15.04, 7.04 ], "texture": "#l_bolt" },
				"west": { "uv": [ 12.96, 4.96, 15.04, 7.04 ], "texture": "#l_bolt" },
				"east": { "uv": [ 12.96, 4.96, 15.04, 7.04 ], "texture": "#l_bolt" }
			}
		},
		{
			"__comment": "Voxels-FFDAFF",
			"from": [ 5, 8, 11 ],
			"to": [ 7, 9, 12 ],
			"faces": {
				"down": { "uv": [ 12.96, 4.96, 15.04, 7.04 ], "texture": "#l_bolt" },
				"up": { "uv": [ 12.96, 4.96, 15.04, 7.04 ], "texture": "#l_bolt" },
				"south": { "uv": [ 12.96, 4.96, 15.04, 7.04 ], "texture": "#l_bolt" }
			}
		},
		{
			"__comment": "Voxels-FFBFFF",
			"from": [ 5, 9, 4 ],
			"to": [ 6, 11, 5 ],
			"faces": {
				"north": { "uv": [ 4.96, 4.96, 7.04, 7.04 ], "texture": "#l_bolt" },
				"east": { "uv": [ 4.96, 4.96, 7.04, 7.04 ], "texture": "#l_bolt" }
			}
		},
		{
			"__comment": "Voxels-FFDAFF",
			"from": [ 5, 9, 6 ],
			"to": [ 10, 10, 10 ],
			"faces": {
				"down": { "uv": [ 12.96, 4.96, 15.04, 7.04 ], "texture": "#l_bolt" },
				"up": { "uv": [ 12.96, 4.96, 15.04, 7.04 ], "texture": "#l_bolt" },
				"east": { "uv": [ 12.96, 4.96, 15.04, 7.04 ], "texture": "#l_bolt" }
			}
		},
		{
			"__comment": "Voxels-FFAAFF",
			"from": [ 5, 9, 11 ],
			"to": [ 6, 11, 12 ],
			"faces": {
				"north": { "uv": [ 12.96, 0.96, 15.04, 3.04 ], "texture": "#l_bolt" },
				"south": { "uv": [ 12.96, 0.96, 15.04, 3.04 ], "texture": "#l_bolt" },
				"east": { "uv": [ 12.96, 0.96, 15.04, 3.04 ], "texture": "#l_bolt" }
			}
		},
		{
			"__comment": "Voxels-FFBFFF",
			"from": [ 5, 10, 6 ],
			"to": [ 6, 11, 8 ],
			"faces": {
				"up": { "uv": [ 4.96, 4.96, 7.04, 7.04 ], "texture": "#l_bolt" }
			}
		},
		{
			"__comment": "Voxels-D13AFF",
			"from": [ 5, 11, 4 ],
			"to": [ 10, 13, 5 ],
			"faces": {
				"down": { "uv": [ 4.96, 0.96, 7.04, 3.04 ], "texture": "#l_bolt" },
				"up": { "uv": [ 4.96, 0.96, 7.04, 3.04 ], "texture": "#l_bolt" },
				"north": { "uv": [ 4.96, 0.96, 7.04, 3.04 ], "texture": "#l_bolt" },
				"south": { "uv": [ 4.96, 0.96, 7.04, 3.04 ], "texture": "#l_bolt" },
				"west": { "uv": [ 4.96, 0.96, 7.04, 3.04 ], "texture": "#l_bolt" },
				"east": { "uv": [ 4.96, 0.96, 7.04, 3.04 ], "texture": "#l_bolt" }
			}
		},
		{
			"__comment": "Voxels-D13AFF",
			"from": [ 5, 11, 5 ],
			"to": [ 10, 12, 7 ],
			"faces": {
				"down": { "uv": [ 4.96, 0.96, 7.04, 3.04 ], "texture": "#l_bolt" },
				"up": { "uv": [ 4.96, 0.96, 7.04, 3.04 ], "texture": "#l_bolt" },
				"south": { "uv": [ 4.96, 0.96, 7.04, 3.04 ], "texture": "#l_bolt" },
				"west": { "uv": [ 4.96, 0.96, 7.04, 3.04 ], "texture": "#l_bolt" }
			}
		},
		{
			"__comment": "Voxels-D344FF",
			"from": [ 5, 11, 7 ],
			"to": [ 6, 12, 10 ],
			"faces": {
				"down": { "uv": [ 0.96, 4.96, 3.04, 7.04 ], "texture": "#l_bolt" },
				"up": { "uv": [ 0.96, 4.96, 3.04, 7.04 ], "texture": "#l_bolt" },
				"west": { "uv": [ 0.96, 4.96, 3.04, 7.04 ], "texture": "#l_bolt" }
			}
		},
		{
			"__comment": "Voxels-D13AFF",
			"from": [ 5, 11, 10 ],
			"to": [ 7, 12, 12 ],
			"faces": {
				"down": { "uv": [ 4.96, 0.96, 7.04, 3.04 ], "texture": "#l_bolt" },
				"up": { "uv": [ 4.96, 0.96, 7.04, 3.04 ], "texture": "#l_bolt" },
				"north": { "uv": [ 4.96, 0.96, 7.04, 3.04 ], "texture": "#l_bolt" },
				"south": { "uv": [ 4.96, 0.96, 7.04, 3.04 ], "texture": "#l_bolt" }
			}
		},
		{
			"__comment": "Voxels-D13AFF",
			"from": [ 5, 12, 6 ],
			"to": [ 8, 13, 8 ],
			"faces": {
				"down": { "uv": [ 4.96, 0.96, 7.04, 3.04 ], "texture": "#l_bolt" },
				"up": { "uv": [ 4.96, 0.96, 7.04, 3.04 ], "texture": "#l_bolt" },
				"south": { "uv": [ 4.96, 0.96, 7.04, 3.04 ], "texture": "#l_bolt" },
				"east": { "uv": [ 4.96, 0.96, 7.04, 3.04 ], "texture": "#l_bolt" }
			}
		},
		{
			"__comment": "Voxels-D13AFF",
			"from": [ 5, 12, 10 ],
			"to": [ 6, 13, 12 ],
			"faces": {
				"up": { "uv": [ 4.96, 0.96, 7.04, 3.04 ], "texture": "#l_bolt" },
				"south": { "uv": [ 4.96, 0.96, 7.04, 3.04 ], "texture": "#l_bolt" },
				"east": { "uv": [ 4.96, 0.96, 7.04, 3.04 ], "texture": "#l_bolt" }
			}
		},
		{
			"__comment": "Voxels-D13AFF",
			"from": [ 5, 13, 5 ],
			"to": [ 10, 14, 6 ],
			"faces": {
				"up": { "uv": [ 4.96, 0.96, 7.04, 3.04 ], "texture": "#l_bolt" },
				"north": { "uv": [ 4.96, 0.96, 7.04, 3.04 ], "texture": "#l_bolt" },
				"south": { "uv": [ 4.96, 0.96, 7.04, 3.04 ], "texture": "#l_bolt" },
				"west": { "uv": [ 4.96, 0.96, 7.04, 3.04 ], "texture": "#l_bolt" },
				"east": { "uv": [ 4.96, 0.96, 7.04, 3.04 ], "texture": "#l_bolt" }
			}
		},
		{
			"__comment": "Voxels-C92DF9",
			"from": [ 6, 3, 5 ],
			"to": [ 10, 6, 6 ],
			"faces": {
				"down": { "uv": [ 8.96, 4.96, 11.04, 7.04 ], "texture": "#l_bolt" },
				"north": { "uv": [ 8.96, 4.96, 11.04, 7.04 ], "texture": "#l_bolt" },
				"south": { "uv": [ 8.96, 4.96, 11.04, 7.04 ], "texture": "#l_bolt" },
				"west": { "uv": [ 8.96, 4.96, 11.04, 7.04 ], "texture": "#l_bolt" },
				"east": { "uv": [ 8.96, 4.96, 11.04, 7.04 ], "texture": "#l_bolt" }
			}
		},
		{
			"__comment": "Voxels-C92DF9",
			"from": [ 6, 4, 4 ],
			"to": [ 10, 6, 5 ],
			"faces": {
				"down": { "uv": [ 8.96, 4.96, 11.04, 7.04 ], "texture": "#l_bolt" },
				"up": { "uv": [ 8.96, 4.96, 11.04, 7.04 ], "texture": "#l_bolt" },
				"north": { "uv": [ 8.96, 4.96, 11.04, 7.04 ], "texture": "#l_bolt" },
				"east": { "uv": [ 8.96, 4.96, 11.04, 7.04 ], "texture": "#l_bolt" }
			}
		},
		{
			"__comment": "Voxels-FFDAFF",
			"from": [ 6, 6, 6 ],
			"to": [ 9, 7, 7 ],
			"faces": {
				"down": { "uv": [ 12.96, 4.96, 15.04, 7.04 ], "texture": "#l_bolt" }
			}
		},
		{
			"__comment": "Voxels-FFDAFF",
			"from": [ 6, 6, 9 ],
			"to": [ 9, 7, 10 ],
			"faces": {
				"down": { "uv": [ 12.96, 4.96, 15.04, 7.04 ], "texture": "#l_bolt" }
			}
		},
		{
			"__comment": "Voxels-FFBFFF",
			"from": [ 6, 6, 11 ],
			"to": [ 7, 7, 12 ],
			"faces": {
				"south": { "uv": [ 4.96, 4.96, 7.04, 7.04 ], "texture": "#l_bolt" }
			}
		},
		{
			"__comment": "Voxels-FFDAFF",
			"from": [ 6, 7, 4 ],
			"to": [ 9, 8, 5 ],
			"faces": {
				"down": { "uv": [ 12.96, 4.96, 15.04, 7.04 ], "texture": "#l_bolt" },
				"up": { "uv": [ 12.96, 4.96, 15.04, 7.04 ], "texture": "#l_bolt" },
				"north": { "uv": [ 12.96, 4.96, 15.04, 7.04 ], "texture": "#l_bolt" }
			}
		},
		{
			"__comment": "Voxels-FFDAFF",
			"from": [ 6, 7, 11 ],
			"to": [ 9, 8, 12 ],
			"faces": {
				"down": { "uv": [ 12.96, 4.96, 15.04, 7.04 ], "texture": "#l_bolt" },
				"up": { "uv": [ 12.96, 4.96, 15.04, 7.04 ], "texture": "#l_bolt" },
				"south": { "uv": [ 12.96, 4.96, 15.04, 7.04 ], "texture": "#l_bolt" }
			}
		},
		{
			"__comment": "Voxels-FFDAFF",
			"from": [ 6, 9, 4 ],
			"to": [ 9, 10, 5 ],
			"faces": {
				"down": { "uv": [ 12.96, 4.96, 15.04, 7.04 ], "texture": "#l_bolt" },
				"up": { "uv": [ 12.96, 4.96, 15.04, 7.04 ], "texture": "#l_bolt" },
				"north": { "uv": [ 12.96, 4.96, 15.04, 7.04 ], "texture": "#l_bolt" }
			}
		},
		{
			"__comment": "Voxels-FFDAFF",
			"from": [ 6, 9, 11 ],
			"to": [ 9, 10, 12 ],
			"faces": {
				"down": { "uv": [ 12.96, 4.96, 15.04, 7.04 ], "texture": "#l_bolt" },
				"up": { "uv": [ 12.96, 4.96, 15.04, 7.04 ], "texture": "#l_bolt" },
				"south": { "uv": [ 12.96, 4.96, 15.04, 7.04 ], "texture": "#l_bolt" }
			}
		},
		{
			"__comment": "Voxels-FFBFFF",
			"from": [ 6, 10, 4 ],
			"to": [ 7, 11, 5 ],
			"faces": {
				"north": { "uv": [ 4.96, 4.96, 7.04, 7.04 ], "texture": "#l_bolt" }
			}
		},
		{
			"__comment": "Voxels-FFDAFF",
			"from": [ 6, 10, 6 ],
			"to": [ 9, 11, 9 ],
			"faces": {
				"up": { "uv": [ 12.96, 4.96, 15.04, 7.04 ], "texture": "#l_bolt" },
				"west": { "uv": [ 12.96, 4.96, 15.04, 7.04 ], "texture": "#l_bolt" }
			}
		},
		{
			"__comment": "Voxels-FFAAFF",
			"from": [ 6, 10, 11 ],
			"to": [ 7, 11, 12 ],
			"faces": {
				"south": { "uv": [ 12.96, 0.96, 15.04, 3.04 ], "texture": "#l_bolt" }
			}
		},
		{
			"__comment": "Voxels-D13AFF",
			"from": [ 6, 11, 7 ],
			"to": [ 7, 12, 10 ],
			"faces": {
				"down": { "uv": [ 4.96, 0.96, 7.04, 3.04 ], "texture": "#l_bolt" },
				"up": { "uv": [ 4.96, 0.96, 7.04, 3.04 ], "texture": "#l_bolt" },
				"east": { "uv": [ 4.96, 0.96, 7.04, 3.04 ], "texture": "#l_bolt" }
			}
		},
		{
			"__comment": "Voxels-C82BF8",
			"from": [ 6, 12, 8 ],
			"to": [ 13, 13, 9 ],
			"faces": {
				"down": { "uv": [ 0.96, 8.96, 3.04, 11.04 ], "texture": "#l_bolt" },
				"up": { "uv": [ 0.96, 8.96, 3.04, 11.04 ], "texture": "#l_bolt" },
				"north": { "uv": [ 0.96, 8.96, 3.04, 11.04 ], "texture": "#l_bolt" },
				"south": { "uv": [ 0.96, 8.96, 3.04, 11.04 ], "texture": "#l_bolt" },
				"east": { "uv": [ 0.96, 8.96, 3.04, 11.04 ], "texture": "#l_bolt" }
			}
		},
		{
			"__comment": "Voxels-C82BF8",
			"from": [ 6, 12, 10 ],
			"to": [ 11, 13, 11 ],
			"faces": {
				"down": { "uv": [ 0.96, 8.96, 3.04, 11.04 ], "texture": "#l_bolt" },
				"up": { "uv": [ 0.96, 8.96, 3.04, 11.04 ], "texture": "#l_bolt" },
				"south": { "uv": [ 0.96, 8.96, 3.04, 11.04 ], "texture": "#l_bolt" },
				"east": { "uv": [ 0.96, 8.96, 3.04, 11.04 ], "texture": "#l_bolt" }
			}
		},
		{
			"__comment": "Voxels-D13AFF",
			"from": [ 6, 12, 11 ],
			"to": [ 7, 13, 12 ],
			"faces": {
				"up": { "uv": [ 4.96, 0.96, 7.04, 3.04 ], "texture": "#l_bolt" },
				"south": { "uv": [ 4.96, 0.96, 7.04, 3.04 ], "texture": "#l_bolt" }
			}
		},
		{
			"__comment": "Voxels-C82BF8",
			"from": [ 6, 13, 8 ],
			"to": [ 12, 14, 9 ],
			"faces": {
				"up": { "uv": [ 0.96, 8.96, 3.04, 11.04 ], "texture": "#l_bolt" },
				"north": { "uv": [ 0.96, 8.96, 3.04, 11.04 ], "texture": "#l_bolt" },
				"south": { "uv": [ 0.96, 8.96, 3.04, 11.04 ], "texture": "#l_bolt" },
				"east": { "uv": [ 0.96, 8.96, 3.04, 11.04 ], "texture": "#l_bolt" }
			}
		},
		{
			"__comment": "Voxels-C82BF8",
			"from": [ 6, 13, 9 ],
			"to": [ 11, 14, 10 ],
			"faces": {
				"up": { "uv": [ 0.96, 8.96, 3.04, 11.04 ], "texture": "#l_bolt" },
				"south": { "uv": [ 0.96, 8.96, 3.04, 11.04 ], "texture": "#l_bolt" },
				"east": { "uv": [ 0.96, 8.96, 3.04, 11.04 ], "texture": "#l_bolt" }
			}
		},
		{
			"__comment": "Voxels-C82BF8",
			"from": [ 6, 13, 10 ],
			"to": [ 10, 14, 11 ],
			"faces": {
				"up": { "uv": [ 0.96, 8.96, 3.04, 11.04 ], "texture": "#l_bolt" },
				"south": { "uv": [ 0.96, 8.96, 3.04, 11.04 ], "texture": "#l_bolt" },
				"east": { "uv": [ 0.96, 8.96, 3.04, 11.04 ], "texture": "#l_bolt" }
			}
		},
		{
			"__comment": "Voxels-C92DF9",
			"from": [ 7, 3, 6 ],
			"to": [ 11, 5, 7 ],
			"faces": {
				"down": { "uv": [ 8.96, 4.96, 11.04, 7.04 ], "texture": "#l_bolt" },
				"up": { "uv": [ 8.96, 4.96, 11.04, 7.04 ], "texture": "#l_bolt" },
				"north": { "uv": [ 8.96, 4.96, 11.04, 7.04 ], "texture": "#l_bolt" },
				"south": { "uv": [ 8.96, 4.96, 11.04, 7.04 ], "texture": "#l_bolt" },
				"east": { "uv": [ 8.96, 4.96, 11.04, 7.04 ], "texture": "#l_bolt" }
			}
		},
		{
			"__comment": "Voxels-C714FD",
			"from": [ 7, 3, 7 ],
			"to": [ 8, 4, 8 ],
			"faces": {
				"down": { "uv": [ 4.96, 8.96, 7.04, 11.04 ], "texture": "#l_bolt" }
			}
		},
		{
			"__comment": "Voxels-C714FD",
			"from": [ 7, 4, 11 ],
			"to": [ 10, 5, 12 ],
			"faces": {
				"down": { "uv": [ 4.96, 8.96, 7.04, 11.04 ], "texture": "#l_bolt" },
				"up": { "uv": [ 4.96, 8.96, 7.04, 11.04 ], "texture": "#l_bolt" },
				"north": { "uv": [ 4.96, 8.96, 7.04, 11.04 ], "texture": "#l_bolt" },
				"south": { "uv": [ 4.96, 8.96, 7.04, 11.04 ], "texture": "#l_bolt" },
				"east": { "uv": [ 4.96, 8.96, 7.04, 11.04 ], "texture": "#l_bolt" }
			}
		},
		{
			"__comment": "Voxels-C92DF9",
			"from": [ 7, 5, 6 ],
			"to": [ 10, 6, 7 ],
			"faces": {
				"up": { "uv": [ 8.96, 4.96, 11.04, 7.04 ], "texture": "#l_bolt" }
			}
		},
		{
			"__comment": "Voxels-C714FD",
			"from": [ 7, 5, 9 ],
			"to": [ 9, 6, 12 ],
			"faces": {
				"down": { "uv": [ 4.96, 8.96, 7.04, 11.04 ], "texture": "#l_bolt" },
				"up": { "uv": [ 4.96, 8.96, 7.04, 11.04 ], "texture": "#l_bolt" },
				"south": { "uv": [ 4.96, 8.96, 7.04, 11.04 ], "texture": "#l_bolt" },
				"west": { "uv": [ 4.96, 8.96, 7.04, 11.04 ], "texture": "#l_bolt" },
				"east": { "uv": [ 4.96, 8.96, 7.04, 11.04 ], "texture": "#l_bolt" }
			}
		},
		{
			"__comment": "Voxels-FFDAFF",
			"from": [ 7, 6, 4 ],
			"to": [ 8, 7, 5 ],
			"faces": {
				"north": { "uv": [ 12.96, 4.96, 15.04, 7.04 ], "texture": "#l_bolt" }
			}
		},
		{
			"__comment": "Voxels-FFDAFF",
			"from": [ 7, 6, 11 ],
			"to": [ 8, 7, 12 ],
			"faces": {
				"south": { "uv": [ 12.96, 4.96, 15.04, 7.04 ], "texture": "#l_bolt" }
			}
		},
		{
			"__comment": "Voxels-FFF8FF",
			"from": [ 7, 8, 4 ],
			"to": [ 8, 9, 5 ],
			"faces": {
				"north": { "uv": [ 8.96, 8.96, 11.04, 11.04 ], "texture": "#l_bolt" }
			}
		},
		{
			"__comment": "Voxels-FFF8FF",
			"from": [ 7, 8, 11 ],
			"to": [ 8, 9, 12 ],
			"faces": {
				"south": { "uv": [ 8.96, 8.96, 11.04, 11.04 ], "texture": "#l_bolt" }
			}
		},
		{
			"__comment": "Voxels-FFDAFF",
			"from": [ 7, 10, 4 ],
			"to": [ 8, 11, 5 ],
			"faces": {
				"north": { "uv": [ 12.96, 4.96, 15.04, 7.04 ], "texture": "#l_bolt" }
			}
		},
		{
			"__comment": "Voxels-FFDAFF",
			"from": [ 7, 10, 11 ],
			"to": [ 8, 11, 12 ],
			"faces": {
				"south": { "uv": [ 12.96, 4.96, 15.04, 7.04 ], "texture": "#l_bolt" }
			}
		},
		{
			"__comment": "Voxels-C82BF8",
			"from": [ 7, 11, 7 ],
			"to": [ 12, 12, 8 ],
			"faces": {
				"down": { "uv": [ 0.96, 8.96, 3.04, 11.04 ], "texture": "#l_bolt" },
				"up": { "uv": [ 0.96, 8.96, 3.04, 11.04 ], "texture": "#l_bolt" },
				"north": { "uv": [ 0.96, 8.96, 3.04, 11.04 ], "texture": "#l_bolt" },
				"south": { "uv": [ 0.96, 8.96, 3.04, 11.04 ], "texture": "#l_bolt" }
			}
		},
		{
			"__comment": "Voxels-C82BF8",
			"from": [ 7, 11, 8 ],
			"to": [ 10, 12, 12 ],
			"faces": {
				"down": { "uv": [ 0.96, 8.96, 3.04, 11.04 ], "texture": "#l_bolt" },
				"up": { "uv": [ 0.96, 8.96, 3.04, 11.04 ], "texture": "#l_bolt" },
				"south": { "uv": [ 0.96, 8.96, 3.04, 11.04 ], "texture": "#l_bolt" },
				"west": { "uv": [ 0.96, 8.96, 3.04, 11.04 ], "texture": "#l_bolt" }
			}
		},
		{
			"__comment": "Voxels-C82BF8",
			"from": [ 7, 12, 11 ],
			"to": [ 10, 13, 12 ],
			"faces": {
				"up": { "uv": [ 0.96, 8.96, 3.04, 11.04 ], "texture": "#l_bolt" },
				"south": { "uv": [ 0.96, 8.96, 3.04, 11.04 ], "texture": "#l_bolt" },
				"east": { "uv": [ 0.96, 8.96, 3.04, 11.04 ], "texture": "#l_bolt" }
			}
		},
		{
			"__comment": "Voxels-C82BF8",
			"from": [ 7, 13, 7 ],
			"to": [ 12, 14, 8 ],
			"faces": {
				"down": { "uv": [ 0.96, 8.96, 3.04, 11.04 ], "texture": "#l_bolt" },
				"up": { "uv": [ 0.96, 8.96, 3.04, 11.04 ], "texture": "#l_bolt" },
				"north": { "uv": [ 0.96, 8.96, 3.04, 11.04 ], "texture": "#l_bolt" },
				"east": { "uv": [ 0.96, 8.96, 3.04, 11.04 ], "texture": "#l_bolt" }
			}
		},
		{
			"__comment": "Voxels-C92DF9",
			"from": [ 8, 3, 7 ],
			"to": [ 9, 4, 8 ],
			"faces": {
				"down": { "uv": [ 8.96, 4.96, 11.04, 7.04 ], "texture": "#l_bolt" }
			}
		},
		{
			"__comment": "Voxels-C714FD",
			"from": [ 8, 3, 8 ],
			"to": [ 9, 4, 11 ],
			"faces": {
				"down": { "uv": [ 4.96, 8.96, 7.04, 11.04 ], "texture": "#l_bolt" },
				"up": { "uv": [ 4.96, 8.96, 7.04, 11.04 ], "texture": "#l_bolt" },
				"south": { "uv": [ 4.96, 8.96, 7.04, 11.04 ], "texture": "#l_bolt" },
				"west": { "uv": [ 4.96, 8.96, 7.04, 11.04 ], "texture": "#l_bolt" },
				"east": { "uv": [ 4.96, 8.96, 7.04, 11.04 ], "texture": "#l_bolt" }
			}
		},
		{
			"__comment": "Voxels-C714FD",
			"from": [ 8, 4, 9 ],
			"to": [ 10, 5, 11 ],
			"faces": {
				"down": { "uv": [ 4.96, 8.96, 7.04, 11.04 ], "texture": "#l_bolt" },
				"up": { "uv": [ 4.96, 8.96, 7.04, 11.04 ], "texture": "#l_bolt" },
				"east": { "uv": [ 4.96, 8.96, 7.04, 11.04 ], "texture": "#l_bolt" }
			}
		},
		{
			"__comment": "Voxels-FFAAFF",
			"from": [ 8, 6, 4 ],
			"to": [ 10, 7, 5 ],
			"faces": {
				"up": { "uv": [ 12.96, 0.96, 15.04, 3.04 ], "texture": "#l_bolt" },
				"north": { "uv": [ 12.96, 0.96, 15.04, 3.04 ], "texture": "#l_bolt" }
			}
		},
		{
			"__comment": "Voxels-FFBFFF",
			"from": [ 8, 6, 11 ],
			"to": [ 10, 7, 12 ],
			"faces": {
				"down": { "uv": [ 4.96, 4.96, 7.04, 7.04 ], "texture": "#l_bolt" },
				"up": { "uv": [ 4.96, 4.96, 7.04, 7.04 ], "texture": "#l_bolt" },
				"south": { "uv": [ 4.96, 4.96, 7.04, 7.04 ], "texture": "#l_bolt" }
			}
		},
		{
			"__comment": "Voxels-FFDAFF",
			"from": [ 8, 8, 4 ],
			"to": [ 10, 9, 5 ],
			"faces": {
				"down": { "uv": [ 12.96, 4.96, 15.04, 7.04 ], "texture": "#l_bolt" },
				"up": { "uv": [ 12.96, 4.96, 15.04, 7.04 ], "texture": "#l_bolt" },
				"north": { "uv": [ 12.96, 4.96, 15.04, 7.04 ], "texture": "#l_bolt" }
			}
		},
		{
			"__comment": "Voxels-FFDAFF",
			"from": [ 8, 8, 11 ],
			"to": [ 10, 9, 12 ],
			"faces": {
				"down": { "uv": [ 12.96, 4.96, 15.04, 7.04 ], "texture": "#l_bolt" },
				"up": { "uv": [ 12.96, 4.96, 15.04, 7.04 ], "texture": "#l_bolt" },
				"south": { "uv": [ 12.96, 4.96, 15.04, 7.04 ], "texture": "#l_bolt" }
			}
		},
		{
			"__comment": "Voxels-FFBFFF",
			"from": [ 8, 10, 4 ],
			"to": [ 9, 11, 5 ],
			"faces": {
				"north": { "uv": [ 4.96, 4.96, 7.04, 7.04 ], "texture": "#l_bolt" }
			}
		},
		{
			"__comment": "Voxels-FFAAFF",
			"from": [ 8, 10, 11 ],
			"to": [ 10, 11, 12 ],
			"faces": {
				"down": { "uv": [ 12.96, 0.96, 15.04, 3.04 ], "texture": "#l_bolt" },
				"south": { "uv": [ 12.96, 0.96, 15.04, 3.04 ], "texture": "#l_bolt" }
			}
		},
		{
			"__comment": "Voxels-C82BF8",
			"from": [ 8, 12, 6 ],
			"to": [ 11, 14, 7 ],
			"faces": {
				"down": { "uv": [ 0.96, 8.96, 3.04, 11.04 ], "texture": "#l_bolt" },
				"up": { "uv": [ 0.96, 8.96, 3.04, 11.04 ], "texture": "#l_bolt" },
				"north": { "uv": [ 0.96, 8.96, 3.04, 11.04 ], "texture": "#l_bolt" },
				"south": { "uv": [ 0.96, 8.96, 3.04, 11.04 ], "texture": "#l_bolt" },
				"west": { "uv": [ 0.96, 8.96, 3.04, 11.04 ], "texture": "#l_bolt" },
				"east": { "uv": [ 0.96, 8.96, 3.04, 11.04 ], "texture": "#l_bolt" }
			}
		},
		{
			"__comment": "Voxels-D23FFF",
			"from": [ 9, 3, 7 ],
			"to": [ 10, 4, 9 ],
			"faces": {
				"down": { "uv": [ 12.96, 8.96, 15.04, 11.04 ], "texture": "#l_bolt" },
				"west": { "uv": [ 12.96, 8.96, 15.04, 11.04 ], "texture": "#l_bolt" }
			}
		},
		{
			"__comment": "Voxels-C714FD",
			"from": [ 9, 3, 9 ],
			"to": [ 10, 4, 11 ],
			"faces": {
				"down": { "uv": [ 4.96, 8.96, 7.04, 11.04 ], "texture": "#l_bolt" },
				"south": { "uv": [ 4.96, 8.96, 7.04, 11.04 ], "texture": "#l_bolt" },
				"east": { "uv": [ 4.96, 8.96, 7.04, 11.04 ], "texture": "#l_bolt" }
			}
		},
		{
			"__comment": "Voxels-D13AFF",
			"from": [ 9, 5, 10 ],
			"to": [ 10, 6, 12 ],
			"faces": {
				"down": { "uv": [ 4.96, 0.96, 7.04, 3.04 ], "texture": "#l_bolt" },
				"up": { "uv": [ 4.96, 0.96, 7.04, 3.04 ], "texture": "#l_bolt" },
				"south": { "uv": [ 4.96, 0.96, 7.04, 3.04 ], "texture": "#l_bolt" }
			}
		},
		{
			"__comment": "Voxels-FFAAFF",
			"from": [ 9, 7, 4 ],
			"to": [ 10, 8, 5 ],
			"faces": {
				"north": { "uv": [ 12.96, 0.96, 15.04, 3.04 ], "texture": "#l_bolt" }
			}
		},
		{
			"__comment": "Voxels-FFBFFF",
			"from": [ 9, 7, 11 ],
			"to": [ 10, 8, 12 ],
			"faces": {
				"south": { "uv": [ 4.96, 4.96, 7.04, 7.04 ], "texture": "#l_bolt" }
			}
		},
		{
			"__comment": "Voxels-FFAAFF",
			"from": [ 9, 9, 4 ],
			"to": [ 10, 11, 5 ],
			"faces": {
				"north": { "uv": [ 12.96, 0.96, 15.04, 3.04 ], "texture": "#l_bolt" },
				"west": { "uv": [ 12.96, 0.96, 15.04, 3.04 ], "texture": "#l_bolt" }
			}
		},
		{
			"__comment": "Voxels-FFBFFF",
			"from": [ 9, 9, 11 ],
			"to": [ 10, 10, 12 ],
			"faces": {
				"south": { "uv": [ 4.96, 4.96, 7.04, 7.04 ], "texture": "#l_bolt" }
			}
		},
		{
			"__comment": "Voxels-FFAAFF",
			"from": [ 9, 10, 6 ],
			"to": [ 10, 11, 9 ],
			"faces": {
				"up": { "uv": [ 12.96, 0.96, 15.04, 3.04 ], "texture": "#l_bolt" },
				"east": { "uv": [ 12.96, 0.96, 15.04, 3.04 ], "texture": "#l_bolt" }
			}
		},
		{
			"__comment": "Voxels-C92DF9",
			"from": [ 10, 3, 7 ],
			"to": [ 12, 4, 9 ],
			"faces": {
				"down": { "uv": [ 8.96, 4.96, 11.04, 7.04 ], "texture": "#l_bolt" },
				"north": { "uv": [ 8.96, 4.96, 11.04, 7.04 ], "texture": "#l_bolt" },
				"south": { "uv": [ 8.96, 4.96, 11.04, 7.04 ], "texture": "#l_bolt" },
				"east": { "uv": [ 8.96, 4.96, 11.04, 7.04 ], "texture": "#l_bolt" }
			}
		},
		{
			"__comment": "Voxels-C92DF9",
			"from": [ 10, 3, 9 ],
			"to": [ 11, 5, 10 ],
			"faces": {
				"down": { "uv": [ 8.96, 4.96, 11.04, 7.04 ], "texture": "#l_bolt" },
				"north": { "uv": [ 8.96, 4.96, 11.04, 7.04 ], "texture": "#l_bolt" },
				"south": { "uv": [ 8.96, 4.96, 11.04, 7.04 ], "texture": "#l_bolt" },
				"west": { "uv": [ 8.96, 4.96, 11.04, 7.04 ], "texture": "#l_bolt" },
				"east": { "uv": [ 8.96, 4.96, 11.04, 7.04 ], "texture": "#l_bolt" }
			}
		},
		{
			"__comment": "Voxels-C92DF9",
			"from": [ 10, 4, 5 ],
			"to": [ 11, 5, 6 ],
			"faces": {
				"down": { "uv": [ 8.96, 4.96, 11.04, 7.04 ], "texture": "#l_bolt" },
				"north": { "uv": [ 8.96, 4.96, 11.04, 7.04 ], "texture": "#l_bolt" },
				"east": { "uv": [ 8.96, 4.96, 11.04, 7.04 ], "texture": "#l_bolt" }
			}
		},
		{
			"__comment": "Voxels-D13BFF",
			"from": [ 10, 4, 10 ],
			"to": [ 11, 5, 11 ],
			"faces": {
				"down": { "uv": [ 0.96, 12.96, 3.04, 15.04 ], "texture": "#l_bolt" },
				"south": { "uv": [ 0.96, 12.96, 3.04, 15.04 ], "texture": "#l_bolt" },
				"east": { "uv": [ 0.96, 12.96, 3.04, 15.04 ], "texture": "#l_bolt" }
			}
		},
		{
			"__comment": "Voxels-FFAAFF",
			"from": [ 10, 5, 4 ],
			"to": [ 11, 6, 7 ],
			"faces": {
				"down": { "uv": [ 12.96, 0.96, 15.04, 3.04 ], "texture": "#l_bolt" },
				"up": { "uv": [ 12.96, 0.96, 15.04, 3.04 ], "texture": "#l_bolt" },
				"north": { "uv": [ 12.96, 0.96, 15.04, 3.04 ], "texture": "#l_bolt" },
				"west": { "uv": [ 12.96, 0.96, 15.04, 3.04 ], "texture": "#l_bolt" },
				"east": { "uv": [ 12.96, 0.96, 15.04, 3.04 ], "texture": "#l_bolt" }
			}
		},
		{
			"__comment": "Voxels-FFBFFF",
			"from": [ 10, 5, 9 ],
			"to": [ 11, 6, 12 ],
			"faces": {
				"down": { "uv": [ 4.96, 4.96, 7.04, 7.04 ], "texture": "#l_bolt" },
				"up": { "uv": [ 4.96, 4.96, 7.04, 7.04 ], "texture": "#l_bolt" },
				"south": { "uv": [ 4.96, 4.96, 7.04, 7.04 ], "texture": "#l_bolt" },
				"west": { "uv": [ 4.96, 4.96, 7.04, 7.04 ], "texture": "#l_bolt" },
				"east": { "uv": [ 4.96, 4.96, 7.04, 7.04 ], "texture": "#l_bolt" }
			}
		},
		{
			"__comment": "Voxels-D13AFF",
			"from": [ 10, 6, 4 ],
			"to": [ 12, 8, 5 ],
			"faces": {
				"down": { "uv": [ 4.96, 0.96, 7.04, 3.04 ], "texture": "#l_bolt" },
				"north": { "uv": [ 4.96, 0.96, 7.04, 3.04 ], "texture": "#l_bolt" },
				"south": { "uv": [ 4.96, 0.96, 7.04, 3.04 ], "texture": "#l_bolt" },
				"west": { "uv": [ 4.96, 0.96, 7.04, 3.04 ], "texture": "#l_bolt" },
				"east": { "uv": [ 4.96, 0.96, 7.04, 3.04 ], "texture": "#l_bolt" }
			}
		},
		{
			"__comment": "Voxels-C92DF9",
			"from": [ 10, 6, 6 ],
			"to": [ 13, 7, 7 ],
			"faces": {
				"down": { "uv": [ 8.96, 4.96, 11.04, 7.04 ], "texture": "#l_bolt" },
				"south": { "uv": [ 8.96, 4.96, 11.04, 7.04 ], "texture": "#l_bolt" },
				"east": { "uv": [ 8.96, 4.96, 11.04, 7.04 ], "texture": "#l_bolt" }
			}
		},
		{
			"__comment": "Voxels-D344FF",
			"from": [ 10, 6, 9 ],
			"to": [ 13, 7, 10 ],
			"faces": {
				"down": { "uv": [ 0.96, 4.96, 3.04, 7.04 ], "texture": "#l_bolt" },
				"up": { "uv": [ 0.96, 4.96, 3.04, 7.04 ], "texture": "#l_bolt" },
				"north": { "uv": [ 0.96, 4.96, 3.04, 7.04 ], "texture": "#l_bolt" },
				"south": { "uv": [ 0.96, 4.96, 3.04, 7.04 ], "texture": "#l_bolt" },
				"east": { "uv": [ 0.96, 4.96, 3.04, 7.04 ], "texture": "#l_bolt" }
			}
		},
		{
			"__comment": "Voxels-D13AFF",
			"from": [ 10, 6, 11 ],
			"to": [ 12, 8, 12 ],
			"faces": {
				"down": { "uv": [ 4.96, 0.96, 7.04, 3.04 ], "texture": "#l_bolt" },
				"south": { "uv": [ 4.96, 0.96, 7.04, 3.04 ], "texture": "#l_bolt" },
				"west": { "uv": [ 4.96, 0.96, 7.04, 3.04 ], "texture": "#l_bolt" },
				"east": { "uv": [ 4.96, 0.96, 7.04, 3.04 ], "texture": "#l_bolt" }
			}
		},
		{
			"__comment": "Voxels-D85AFF",
			"from": [ 10, 7, 5 ],
			"to": [ 13, 8, 7 ],
			"faces": {
				"down": { "uv": [ 4.96, 12.96, 7.04, 15.04 ], "texture": "#l_bolt" },
				"up": { "uv": [ 4.96, 12.96, 7.04, 15.04 ], "texture": "#l_bolt" },
				"north": { "uv": [ 4.96, 12.96, 7.04, 15.04 ], "texture": "#l_bolt" },
				"south": { "uv": [ 4.96, 12.96, 7.04, 15.04 ], "texture": "#l_bolt" },
				"east": { "uv": [ 4.96, 12.96, 7.04, 15.04 ], "texture": "#l_bolt" }
			}
		},
		{
			"__comment": "Voxels-D85AFF",
			"from": [ 10, 7, 7 ],
			"to": [ 11, 8, 10 ],
			"faces": {
				"down": { "uv": [ 4.96, 12.96, 7.04, 15.04 ], "texture": "#l_bolt" }
			}
		},
		{
			"__comment": "Voxels-FFAAFF",
			"from": [ 10, 8, 4 ],
			"to": [ 12, 9, 7 ],
			"faces": {
				"down": { "uv": [ 12.96, 0.96, 15.04, 3.04 ], "texture": "#l_bolt" },
				"up": { "uv": [ 12.96, 0.96, 15.04, 3.04 ], "texture": "#l_bolt" },
				"north": { "uv": [ 12.96, 0.96, 15.04, 3.04 ], "texture": "#l_bolt" },
				"west": { "uv": [ 12.96, 0.96, 15.04, 3.04 ], "texture": "#l_bolt" },
				"east": { "uv": [ 12.96, 0.96, 15.04, 3.04 ], "texture": "#l_bolt" }
			}
		},
		{
			"__comment": "Voxels-FFBFFF",
			"from": [ 10, 8, 10 ],
			"to": [ 12, 9, 12 ],
			"faces": {
				"down": { "uv": [ 4.96, 4.96, 7.04, 7.04 ], "texture": "#l_bolt" },
				"up": { "uv": [ 4.96, 4.96, 7.04, 7.04 ], "texture": "#l_bolt" },
				"south": { "uv": [ 4.96, 4.96, 7.04, 7.04 ], "texture": "#l_bolt" },
				"west": { "uv": [ 4.96, 4.96, 7.04, 7.04 ], "texture": "#l_bolt" },
				"east": { "uv": [ 4.96, 4.96, 7.04, 7.04 ], "texture": "#l_bolt" }
			}
		},
		{
			"__comment": "Voxels-D13AFF",
			"from": [ 10, 9, 4 ],
			"to": [ 11, 11, 5 ],
			"faces": {
				"north": { "uv": [ 4.96, 0.96, 7.04, 3.04 ], "texture": "#l_bolt" }
			}
		},
		{
			"__comment": "Voxels-D85AFF",
			"from": [ 10, 9, 6 ],
			"to": [ 13, 11, 8 ],
			"faces": {
				"down": { "uv": [ 4.96, 12.96, 7.04, 15.04 ], "texture": "#l_bolt" },
				"up": { "uv": [ 4.96, 12.96, 7.04, 15.04 ], "texture": "#l_bolt" },
				"north": { "uv": [ 4.96, 12.96, 7.04, 15.04 ], "texture": "#l_bolt" },
				"south": { "uv": [ 4.96, 12.96, 7.04, 15.04 ], "texture": "#l_bolt" },
				"west": { "uv": [ 4.96, 12.96, 7.04, 15.04 ], "texture": "#l_bolt" },
				"east": { "uv": [ 4.96, 12.96, 7.04, 15.04 ], "texture": "#l_bolt" }
			}
		},
		{
			"__comment": "Voxels-D85AFF",
			"from": [ 10, 9, 8 ],
			"to": [ 13, 10, 10 ],
			"faces": {
				"up": { "uv": [ 4.96, 12.96, 7.04, 15.04 ], "texture": "#l_bolt" },
				"south": { "uv": [ 4.96, 12.96, 7.04, 15.04 ], "texture": "#l_bolt" },
				"east": { "uv": [ 4.96, 12.96, 7.04, 15.04 ], "texture": "#l_bolt" }
			}
		},
		{
			"__comment": "Voxels-D13AFF",
			"from": [ 10, 9, 10 ],
			"to": [ 11, 10, 12 ],
			"faces": {
				"up": { "uv": [ 4.96, 0.96, 7.04, 3.04 ], "texture": "#l_bolt" },
				"south": { "uv": [ 4.96, 0.96, 7.04, 3.04 ], "texture": "#l_bolt" },
				"west": { "uv": [ 4.96, 0.96, 7.04, 3.04 ], "texture": "#l_bolt" },
				"east": { "uv": [ 4.96, 0.96, 7.04, 3.04 ], "texture": "#l_bolt" }
			}
		},
		{
			"__comment": "Voxels-D13AFF",
			"from": [ 10, 10, 11 ],
			"to": [ 12, 11, 12 ],
			"faces": {
				"down": { "uv": [ 4.96, 0.96, 7.04, 3.04 ], "texture": "#l_bolt" },
				"up": { "uv": [ 4.96, 0.96, 7.04, 3.04 ], "texture": "#l_bolt" },
				"south": { "uv": [ 4.96, 0.96, 7.04, 3.04 ], "texture": "#l_bolt" },
				"east": { "uv": [ 4.96, 0.96, 7.04, 3.04 ], "texture": "#l_bolt" }
			}
		},
		{
			"__comment": "Voxels-FFAAFF",
			"from": [ 10, 11, 4 ],
			"to": [ 11, 12, 7 ],
			"faces": {
				"down": { "uv": [ 12.96, 0.96, 15.04, 3.04 ], "texture": "#l_bolt" },
				"up": { "uv": [ 12.96, 0.96, 15.04, 3.04 ], "texture": "#l_bolt" },
				"north": { "uv": [ 12.96, 0.96, 15.04, 3.04 ], "texture": "#l_bolt" },
				"west": { "uv": [ 12.96, 0.96, 15.04, 3.04 ], "texture": "#l_bolt" },
				"east": { "uv": [ 12.96, 0.96, 15.04, 3.04 ], "texture": "#l_bolt" }
			}
		},
		{
			"__comment": "Voxels-FFAAFF",
			"from": [ 10, 11, 8 ],
			"to": [ 11, 12, 12 ],
			"faces": {
				"down": { "uv": [ 12.96, 0.96, 15.04, 3.04 ], "texture": "#l_bolt" },
				"up": { "uv": [ 12.96, 0.96, 15.04, 3.04 ], "texture": "#l_bolt" },
				"south": { "uv": [ 12.96, 0.96, 15.04, 3.04 ], "texture": "#l_bolt" },
				"east": { "uv": [ 12.96, 0.96, 15.04, 3.04 ], "texture": "#l_bolt" }
			}
		},
		{
			"__comment": "Voxels-FFAAFF",
			"from": [ 11, 4, 6 ],
			"to": [ 12, 5, 7 ],
			"faces": {
				"down": { "uv": [ 12.96, 0.96, 15.04, 3.04 ], "texture": "#l_bolt" },
				"north": { "uv": [ 12.96, 0.96, 15.04, 3.04 ], "texture": "#l_bolt" },
				"east": { "uv": [ 12.96, 0.96, 15.04, 3.04 ], "texture": "#l_bolt" }
			}
		},
		{
			"__comment": "Voxels-FFBFFF",
			"from": [ 11, 4, 9 ],
			"to": [ 12, 5, 10 ],
			"faces": {
				"down": { "uv": [ 4.96, 4.96, 7.04, 7.04 ], "texture": "#l_bolt" },
				"south": { "uv": [ 4.96, 4.96, 7.04, 7.04 ], "texture": "#l_bolt" },
				"east": { "uv": [ 4.96, 4.96, 7.04, 7.04 ], "texture": "#l_bolt" }
			}
		},
		{
			"__comment": "Voxels-C92DF9",
			"from": [ 11, 5, 5 ],
			"to": [ 12, 6, 7 ],
			"faces": {
				"down": { "uv": [ 8.96, 4.96, 11.04, 7.04 ], "texture": "#l_bolt" },
				"up": { "uv": [ 8.96, 4.96, 11.04, 7.04 ], "texture": "#l_bolt" },
				"north": { "uv": [ 8.96, 4.96, 11.04, 7.04 ], "texture": "#l_bolt" },
				"east": { "uv": [ 8.96, 4.96, 11.04, 7.04 ], "texture": "#l_bolt" }
			}
		},
		{
			"__comment": "Voxels-D344FF",
			"from": [ 11, 5, 9 ],
			"to": [ 13, 6, 10 ],
			"faces": {
				"down": { "uv": [ 0.96, 4.96, 3.04, 7.04 ], "texture": "#l_bolt" },
				"north": { "uv": [ 0.96, 4.96, 3.04, 7.04 ], "texture": "#l_bolt" },
				"south": { "uv": [ 0.96, 4.96, 3.04, 7.04 ], "texture": "#l_bolt" },
				"east": { "uv": [ 0.96, 4.96, 3.04, 7.04 ], "texture": "#l_bolt" }
			}
		},
		{
			"__comment": "Voxels-D344FF",
			"from": [ 11, 5, 10 ],
			"to": [ 12, 6, 11 ],
			"faces": {
				"down": { "uv": [ 0.96, 4.96, 3.04, 7.04 ], "texture": "#l_bolt" },
				"south": { "uv": [ 0.96, 4.96, 3.04, 7.04 ], "texture": "#l_bolt" },
				"east": { "uv": [ 0.96, 4.96, 3.04, 7.04 ], "texture": "#l_bolt" }
			}
		},
		{
			"__comment": "Voxels-D344FF",
			"from": [ 11, 7, 7 ],
			"to": [ 13, 8, 10 ],
			"faces": {
				"down": { "uv": [ 0.96, 4.96, 3.04, 7.04 ], "texture": "#l_bolt" },
				"south": { "uv": [ 0.96, 4.96, 3.04, 7.04 ], "texture": "#l_bolt" },
				"east": { "uv": [ 0.96, 4.96, 3.04, 7.04 ], "texture": "#l_bolt" }
			}
		},
		{
			"__comment": "Voxels-D85AFF",
			"from": [ 11, 9, 4 ],
			"to": [ 12, 11, 5 ],
			"faces": {
				"up": { "uv": [ 4.96, 12.96, 7.04, 15.04 ], "texture": "#l_bolt" },
				"north": { "uv": [ 4.96, 12.96, 7.04, 15.04 ], "texture": "#l_bolt" },
				"east": { "uv": [ 4.96, 12.96, 7.04, 15.04 ], "texture": "#l_bolt" }
			}
		},
		{
			"__comment": "Voxels-D85AFF",
			"from": [ 11, 9, 10 ],
			"to": [ 13, 10, 11 ],
			"faces": {
				"down": { "uv": [ 4.96, 12.96, 7.04, 15.04 ], "texture": "#l_bolt" },
				"up": { "uv": [ 4.96, 12.96, 7.04, 15.04 ], "texture": "#l_bolt" },
				"south": { "uv": [ 4.96, 12.96, 7.04, 15.04 ], "texture": "#l_bolt" },
				"east": { "uv": [ 4.96, 12.96, 7.04, 15.04 ], "texture": "#l_bolt" }
			}
		},
		{
			"__comment": "Voxels-D13AFF",
			"from": [ 11, 9, 11 ],
			"to": [ 12, 10, 12 ],
			"faces": {
				"south": { "uv": [ 4.96, 0.96, 7.04, 3.04 ], "texture": "#l_bolt" },
				"east": { "uv": [ 4.96, 0.96, 7.04, 3.04 ], "texture": "#l_bolt" }
			}
		},
		{
			"__comment": "Voxels-D85AFF",
			"from": [ 11, 10, 8 ],
			"to": [ 13, 11, 9 ],
			"faces": {
				"up": { "uv": [ 4.96, 12.96, 7.04, 15.04 ], "texture": "#l_bolt" },
				"south": { "uv": [ 4.96, 12.96, 7.04, 15.04 ], "texture": "#l_bolt" },
				"east": { "uv": [ 4.96, 12.96, 7.04, 15.04 ], "texture": "#l_bolt" }
			}
		},
		{
			"__comment": "Voxels-D85AFF",
			"from": [ 11, 11, 5 ],
			"to": [ 12, 12, 7 ],
			"faces": {
				"down": { "uv": [ 4.96, 12.96, 7.04, 15.04 ], "texture": "#l_bolt" },
				"up": { "uv": [ 4.96, 12.96, 7.04, 15.04 ], "texture": "#l_bolt" },
				"north": { "uv": [ 4.96, 12.96, 7.04, 15.04 ], "texture": "#l_bolt" },
				"east": { "uv": [ 4.96, 12.96, 7.04, 15.04 ], "texture": "#l_bolt" }
			}
		},
		{
			"__comment": "Voxels-C82BF8",
			"from": [ 11, 11, 8 ],
			"to": [ 12, 12, 11 ],
			"faces": {
				"down": { "uv": [ 0.96, 8.96, 3.04, 11.04 ], "texture": "#l_bolt" },
				"up": { "uv": [ 0.96, 8.96, 3.04, 11.04 ], "texture": "#l_bolt" },
				"south": { "uv": [ 0.96, 8.96, 3.04, 11.04 ], "texture": "#l_bolt" },
				"east": { "uv": [ 0.96, 8.96, 3.04, 11.04 ], "texture": "#l_bolt" }
			}
		},
		{
			"__comment": "Voxels-FFAAFF",
			"from": [ 11, 12, 6 ],
			"to": [ 12, 13, 8 ],
			"faces": {
				"down": { "uv": [ 12.96, 0.96, 15.04, 3.04 ], "texture": "#l_bolt" },
				"up": { "uv": [ 12.96, 0.96, 15.04, 3.04 ], "texture": "#l_bolt" },
				"north": { "uv": [ 12.96, 0.96, 15.04, 3.04 ], "texture": "#l_bolt" },
				"west": { "uv": [ 12.96, 0.96, 15.04, 3.04 ], "texture": "#l_bolt" },
				"east": { "uv": [ 12.96, 0.96, 15.04, 3.04 ], "texture": "#l_bolt" }
			}
		},
		{
			"__comment": "Voxels-FFAAFF",
			"from": [ 11, 12, 9 ],
			"to": [ 12, 13, 10 ],
			"faces": {
				"up": { "uv": [ 12.96, 0.96, 15.04, 3.04 ], "texture": "#l_bolt" },
				"south": { "uv": [ 12.96, 0.96, 15.04, 3.04 ], "texture": "#l_bolt" },
				"east": { "uv": [ 12.96, 0.96, 15.04, 3.04 ], "texture": "#l_bolt" }
			}
		},
		{
			"__comment": "Voxels-C92DF9",
			"from": [ 12, 4, 7 ],
			"to": [ 13, 7, 8 ],
			"faces": {
				"down": { "uv": [ 8.96, 4.96, 11.04, 7.04 ], "texture": "#l_bolt" },
				"north": { "uv": [ 8.96, 4.96, 11.04, 7.04 ], "texture": "#l_bolt" },
				"south": { "uv": [ 8.96, 4.96, 11.04, 7.04 ], "texture": "#l_bolt" },
				"east": { "uv": [ 8.96, 4.96, 11.04, 7.04 ], "texture": "#l_bolt" }
			}
		},
		{
			"__comment": "Voxels-C92DF9",
			"from": [ 12, 4, 8 ],
			"to": [ 13, 6, 9 ],
			"faces": {
				"down": { "uv": [ 8.96, 4.96, 11.04, 7.04 ], "texture": "#l_bolt" },
				"south": { "uv": [ 8.96, 4.96, 11.04, 7.04 ], "texture": "#l_bolt" },
				"east": { "uv": [ 8.96, 4.96, 11.04, 7.04 ], "texture": "#l_bolt" }
			}
		},
		{
			"__comment": "Voxels-C92DF9",
			"from": [ 12, 5, 6 ],
			"to": [ 13, 6, 7 ],
			"faces": {
				"down": { "uv": [ 8.96, 4.96, 11.04, 7.04 ], "texture": "#l_bolt" },
				"north": { "uv": [ 8.96, 4.96, 11.04, 7.04 ], "texture": "#l_bolt" },
				"east": { "uv": [ 8.96, 4.96, 11.04, 7.04 ], "texture": "#l_bolt" }
			}
		},
		{
			"__comment": "Voxels-D344FF",
			"from": [ 12, 6, 8 ],
			"to": [ 13, 7, 9 ],
			"faces": {
				"east": { "uv": [ 0.96, 4.96, 3.04, 7.04 ], "texture": "#l_bolt" }
			}
		},
		{
			"__comment": "Voxels-D344FF",
			"from": [ 12, 6, 10 ],
			"to": [ 13, 7, 11 ],
			"faces": {
				"down": { "uv": [ 0.96, 4.96, 3.04, 7.04 ], "texture": "#l_bolt" },
				"south": { "uv": [ 0.96, 4.96, 3.04, 7.04 ], "texture": "#l_bolt" },
				"east": { "uv": [ 0.96, 4.96, 3.04, 7.04 ], "texture": "#l_bolt" }
			}
		},
		{
			"__comment": "Voxels-D13AFF",
			"from": [ 12, 7, 10 ],
			"to": [ 13, 8, 11 ],
			"faces": {
				"south": { "uv": [ 4.96, 0.96, 7.04, 3.04 ], "texture": "#l_bolt" },
				"east": { "uv": [ 4.96, 0.96, 7.04, 3.04 ], "texture": "#l_bolt" }
			}
		},
		{
			"__comment": "Voxels-FFAAFF",
			"from": [ 12, 8, 5 ],
			"to": [ 13, 9, 7 ],
			"faces": {
				"up": { "uv": [ 12.96, 0.96, 15.04, 3.04 ], "texture": "#l_bolt" },
				"north": { "uv": [ 12.96, 0.96, 15.04, 3.04 ], "texture": "#l_bolt" },
				"east": { "uv": [ 12.96, 0.96, 15.04, 3.04 ], "texture": "#l_bolt" }
			}
		},
		{
			"__comment": "Voxels-FFAAFF",
			"from": [ 12, 8, 10 ],
			"to": [ 13, 9, 11 ],
			"faces": {
				"south": { "uv": [ 12.96, 0.96, 15.04, 3.04 ], "texture": "#l_bolt" },
				"east": { "uv": [ 12.96, 0.96, 15.04, 3.04 ], "texture": "#l_bolt" }
			}
		},
		{
			"__comment": "Voxels-D85AFF",
			"from": [ 12, 9, 5 ],
			"to": [ 13, 11, 6 ],
			"faces": {
				"up": { "uv": [ 4.96, 12.96, 7.04, 15.04 ], "texture": "#l_bolt" },
				"north": { "uv": [ 4.96, 12.96, 7.04, 15.04 ], "texture": "#l_bolt" },
				"east": { "uv": [ 4.96, 12.96, 7.04, 15.04 ], "texture": "#l_bolt" }
			}
		},
		{
			"__comment": "Voxels-D85AFF",
			"from": [ 12, 10, 9 ],
			"to": [ 13, 12, 10 ],
			"faces": {
				"up": { "uv": [ 4.96, 12.96, 7.04, 15.04 ], "texture": "#l_bolt" },
				"north": { "uv": [ 4.96, 12.96, 7.04, 15.04 ], "texture": "#l_bolt" },
				"south": { "uv": [ 4.96, 12.96, 7.04, 15.04 ], "texture": "#l_bolt" },
				"west": { "uv": [ 4.96, 12.96, 7.04, 15.04 ], "texture": "#l_bolt" },
				"east": { "uv": [ 4.96, 12.96, 7.04, 15.04 ], "texture": "#l_bolt" }
			}
		},
		{
			"__comment": "Voxels-D85AFF",
			"from": [ 12, 10, 10 ],
			"to": [ 13, 11, 11 ],
			"faces": {
				"up": { "uv": [ 4.96, 12.96, 7.04, 15.04 ], "texture": "#l_bolt" },
				"south": { "uv": [ 4.96, 12.96, 7.04, 15.04 ], "texture": "#l_bolt" },
				"east": { "uv": [ 4.96, 12.96, 7.04, 15.04 ], "texture": "#l_bolt" }
			}
		},
		{
			"__comment": "Voxels-D85AFF",
			"from": [ 12, 11, 6 ],
			"to": [ 13, 12, 9 ],
			"faces": {
				"down": { "uv": [ 4.96, 12.96, 7.04, 15.04 ], "texture": "#l_bolt" },
				"up": { "uv": [ 4.96, 12.96, 7.04, 15.04 ], "texture": "#l_bolt" },
				"north": { "uv": [ 4.96, 12.96, 7.04, 15.04 ], "texture": "#l_bolt" },
				"west": { "uv": [ 4.96, 12.96, 7.04, 15.04 ], "texture": "#l_bolt" },
				"east": { "uv": [ 4.96, 12.96, 7.04, 15.04 ], "texture": "#l_bolt" }
			}
		},
		{
			"__comment": "Voxels-D85AFF",
			"from": [ 12, 12, 7 ],
			"to": [ 13, 13, 8 ],
			"faces": {
				"up": { "uv": [ 4.96, 12.96, 7.04, 15.04 ], "texture": "#l_bolt" },
				"north": { "uv": [ 4.96, 12.96, 7.04, 15.04 ], "texture": "#l_bolt" },
				"east": { "uv": [ 4.96, 12.96, 7.04, 15.04 ], "texture": "#l_bolt" }
			}
		}
	],
	"display": {
    "head": {
        "rotation": [ 0, 0, 0 ],
        "translation": [ 0, 0, 0 ],
        "scale": [ 2, 2, 2 ]
    },
    "gui": {
        "rotation": [ 0, 0, 0 ],
        "translation": [ 0.4, -0.7, 0 ],
        "scale": [ 1, 1, 1 ]
		}
	}
}