{
	"__comment": "Designed by Colin0904 with Cubik Studio - https://cubik.studio",
	"textures": {
		"particle": "blocks/e_particle",
		"texture": "blocks/e_texture",
		"poptart": "items/poptart"
	},
	"elements": [
		{
			"__comment": "Voxels-FFCC99",
			"from": [ 0.5, 4.5, 4 ],
			"to": [ 9.5, 5.5, 13.5 ],
			"faces": {
				"down": { "uv": [ 4.96, 0.96, 7.04, 3.04 ], "texture": "#poptart" },
				"up": { "uv": [ 4.96, 0.96, 7.04, 3.04 ], "texture": "#poptart" },
				"north": { "uv": [ 4.96, 0.96, 7.04, 3.04 ], "texture": "#poptart" },
				"south": { "uv": [ 4.96, 0.96, 7.04, 3.04 ], "texture": "#poptart" },
				"west": { "uv": [ 4.96, 0.96, 7.04, 3.04 ], "texture": "#poptart" },
				"east": { "uv": [ 4.96, 0.96, 7.04, 3.04 ], "texture": "#poptart" }
			}
		},
		{
			"__comment": "Voxels-FFCC99",
			"from": [ 1, 4.5, 3.5 ],
			"to": [ 9, 5.5, 4 ],
			"faces": {
				"down": { "uv": [ 4.96, 0.96, 7.04, 3.04 ], "texture": "#poptart" },
				"up": { "uv": [ 4.96, 0.96, 7.04, 3.04 ], "texture": "#poptart" },
				"north": { "uv": [ 4.96, 0.96, 7.04, 3.04 ], "texture": "#poptart" },
				"south": { "uv": [ 4.96, 0.96, 7.04, 3.04 ], "texture": "#poptart" },
				"west": { "uv": [ 4.96, 0.96, 7.04, 3.04 ], "texture": "#poptart" },
				"east": { "uv": [ 4.96, 0.96, 7.04, 3.04 ], "texture": "#poptart" }
			}
		},
		{
			"__comment": "Voxels-FFCC99",
			"from": [ 1, 4.5, 13.5 ],
			"to": [ 9, 5.5, 14 ],
			"faces": {
				"down": { "uv": [ 4.96, 0.96, 7.04, 3.04 ], "texture": "#poptart" },
				"up": { "uv": [ 4.96, 0.96, 7.04, 3.04 ], "texture": "#poptart" },
				"north": { "uv": [ 4.96, 0.96, 7.04, 3.04 ], "texture": "#poptart" },
				"south": { "uv": [ 4.96, 0.96, 7.04, 3.04 ], "texture": "#poptart" },
				"west": { "uv": [ 4.96, 0.96, 7.04, 3.04 ], "texture": "#poptart" },
				"east": { "uv": [ 4.96, 0.96, 7.04, 3.04 ], "texture": "#poptart" }
			}
		},
		{
			"__comment": "Voxels-FF99FF",
			"from": [ 1, 5.5, 5 ],
			"to": [ 9, 5.75, 12.5 ],
			"faces": {
				"down": { "uv": [ 8.96, 0.96, 11.04, 3.04 ], "texture": "#poptart" },
				"up": { "uv": [ 8.96, 0.96, 11.04, 3.04 ], "texture": "#poptart" },
				"north": { "uv": [ 8.96, 0.96, 11.04, 3.04 ], "texture": "#poptart" },
				"south": { "uv": [ 8.96, 0.96, 11.04, 3.04 ], "texture": "#poptart" },
				"west": { "uv": [ 8.96, 0.96, 11.04, 3.04 ], "texture": "#poptart" },
				"east": { "uv": [ 8.96, 0.96, 11.04, 3.04 ], "texture": "#poptart" }
			}
		},
		{
			"__comment": "Voxels-FF99FF",
			"from": [ 1.5, 5.5, 4.5 ],
			"to": [ 8.5, 5.75, 5 ],
			"faces": {
				"down": { "uv": [ 8.96, 0.96, 11.04, 3.04 ], "texture": "#poptart" },
				"up": { "uv": [ 8.96, 0.96, 11.04, 3.04 ], "texture": "#poptart" },
				"north": { "uv": [ 8.96, 0.96, 11.04, 3.04 ], "texture": "#poptart" },
				"south": { "uv": [ 8.96, 0.96, 11.04, 3.04 ], "texture": "#poptart" },
				"west": { "uv": [ 8.96, 0.96, 11.04, 3.04 ], "texture": "#poptart" },
				"east": { "uv": [ 8.96, 0.96, 11.04, 3.04 ], "texture": "#poptart" }
			}
		},
		{
			"__comment": "Voxels-FF99FF",
			"from": [ 1.5, 5.5, 12.5 ],
			"to": [ 8.5, 5.75, 13 ],
			"faces": {
				"down": { "uv": [ 8.96, 0.96, 11.04, 3.04 ], "texture": "#poptart" },
				"up": { "uv": [ 8.96, 0.96, 11.04, 3.04 ], "texture": "#poptart" },
				"north": { "uv": [ 8.96, 0.96, 11.04, 3.04 ], "texture": "#poptart" },
				"south": { "uv": [ 8.96, 0.96, 11.04, 3.04 ], "texture": "#poptart" },
				"west": { "uv": [ 8.96, 0.96, 11.04, 3.04 ], "texture": "#poptart" },
				"east": { "uv": [ 8.96, 0.96, 11.04, 3.04 ], "texture": "#poptart" }
			}
		},
		{
			"__comment": "Voxels-FF3399",
			"from": [ 1.5, 5.75, 10.5 ],
			"to": [ 2, 6, 11 ],
			"faces": {
				"down": { "uv": [ 12.96, 0.96, 15.04, 3.04 ], "texture": "#poptart" },
				"up": { "uv": [ 12.96, 0.96, 15.04, 3.04 ], "texture": "#poptart" },
				"north": { "uv": [ 12.96, 0.96, 15.04, 3.04 ], "texture": "#poptart" },
				"south": { "uv": [ 12.96, 0.96, 15.04, 3.04 ], "texture": "#poptart" },
				"west": { "uv": [ 12.96, 0.96, 15.04, 3.04 ], "texture": "#poptart" },
				"east": { "uv": [ 12.96, 0.96, 15.04, 3.04 ], "texture": "#poptart" }
			}
		},
		{
			"__comment": "Voxels-FF99FF",
			"from": [ 2, 5.5, 4 ],
			"to": [ 8, 5.75, 4.5 ],
			"faces": {
				"down": { "uv": [ 8.96, 0.96, 11.04, 3.04 ], "texture": "#poptart" },
				"up": { "uv": [ 8.96, 0.96, 11.04, 3.04 ], "texture": "#poptart" },
				"north": { "uv": [ 8.96, 0.96, 11.04, 3.04 ], "texture": "#poptart" },
				"south": { "uv": [ 8.96, 0.96, 11.04, 3.04 ], "texture": "#poptart" },
				"west": { "uv": [ 8.96, 0.96, 11.04, 3.04 ], "texture": "#poptart" },
				"east": { "uv": [ 8.96, 0.96, 11.04, 3.04 ], "texture": "#poptart" }
			}
		},
		{
			"__comment": "Voxels-FF99FF",
			"from": [ 2, 5.5, 13 ],
			"to": [ 8, 5.75, 13.5 ],
			"faces": {
				"down": { "uv": [ 8.96, 0.96, 11.04, 3.04 ], "texture": "#poptart" },
				"up": { "uv": [ 8.96, 0.96, 11.04, 3.04 ], "texture": "#poptart" },
				"north": { "uv": [ 8.96, 0.96, 11.04, 3.04 ], "texture": "#poptart" },
				"south": { "uv": [ 8.96, 0.96, 11.04, 3.04 ], "texture": "#poptart" },
				"west": { "uv": [ 8.96, 0.96, 11.04, 3.04 ], "texture": "#poptart" },
				"east": { "uv": [ 8.96, 0.96, 11.04, 3.04 ], "texture": "#poptart" }
			}
		},
		{
			"__comment": "Voxels-FF3399",
			"from": [ 2, 5.75, 5 ],
			"to": [ 2.5, 6, 5.5 ],
			"faces": {
				"down": { "uv": [ 12.96, 0.96, 15.04, 3.04 ], "texture": "#poptart" },
				"up": { "uv": [ 12.96, 0.96, 15.04, 3.04 ], "texture": "#poptart" },
				"north": { "uv": [ 12.96, 0.96, 15.04, 3.04 ], "texture": "#poptart" },
				"south": { "uv": [ 12.96, 0.96, 15.04, 3.04 ], "texture": "#poptart" },
				"west": { "uv": [ 12.96, 0.96, 15.04, 3.04 ], "texture": "#poptart" },
				"east": { "uv": [ 12.96, 0.96, 15.04, 3.04 ], "texture": "#poptart" }
			}
		},
		{
			"__comment": "Voxels-FF3399",
			"from": [ 2, 5.75, 12.5 ],
			"to": [ 2.5, 6, 13 ],
			"faces": {
				"down": { "uv": [ 12.96, 0.96, 15.04, 3.04 ], "texture": "#poptart" },
				"up": { "uv": [ 12.96, 0.96, 15.04, 3.04 ], "texture": "#poptart" },
				"north": { "uv": [ 12.96, 0.96, 15.04, 3.04 ], "texture": "#poptart" },
				"south": { "uv": [ 12.96, 0.96, 15.04, 3.04 ], "texture": "#poptart" },
				"west": { "uv": [ 12.96, 0.96, 15.04, 3.04 ], "texture": "#poptart" },
				"east": { "uv": [ 12.96, 0.96, 15.04, 3.04 ], "texture": "#poptart" }
			}
		},
		{
			"__comment": "Voxels-FF3399",
			"from": [ 2.5, 5.75, 9.5 ],
			"to": [ 3, 6, 10 ],
			"faces": {
				"down": { "uv": [ 12.96, 0.96, 15.04, 3.04 ], "texture": "#poptart" },
				"up": { "uv": [ 12.96, 0.96, 15.04, 3.04 ], "texture": "#poptart" },
				"north": { "uv": [ 12.96, 0.96, 15.04, 3.04 ], "texture": "#poptart" },
				"south": { "uv": [ 12.96, 0.96, 15.04, 3.04 ], "texture": "#poptart" },
				"west": { "uv": [ 12.96, 0.96, 15.04, 3.04 ], "texture": "#poptart" },
				"east": { "uv": [ 12.96, 0.96, 15.04, 3.04 ], "texture": "#poptart" }
			}
		},
		{
			"__comment": "Voxels-FF3399",
			"from": [ 3.5, 5.75, 6.5 ],
			"to": [ 4, 6, 7 ],
			"faces": {
				"down": { "uv": [ 12.96, 0.96, 15.04, 3.04 ], "texture": "#poptart" },
				"up": { "uv": [ 12.96, 0.96, 15.04, 3.04 ], "texture": "#poptart" },
				"north": { "uv": [ 12.96, 0.96, 15.04, 3.04 ], "texture": "#poptart" },
				"south": { "uv": [ 12.96, 0.96, 15.04, 3.04 ], "texture": "#poptart" },
				"west": { "uv": [ 12.96, 0.96, 15.04, 3.04 ], "texture": "#poptart" },
				"east": { "uv": [ 12.96, 0.96, 15.04, 3.04 ], "texture": "#poptart" }
			}
		},
		{
			"__comment": "Voxels-FF3399",
			"from": [ 3.5, 5.75, 12 ],
			"to": [ 4, 6, 12.5 ],
			"faces": {
				"down": { "uv": [ 12.96, 0.96, 15.04, 3.04 ], "texture": "#poptart" },
				"up": { "uv": [ 12.96, 0.96, 15.04, 3.04 ], "texture": "#poptart" },
				"north": { "uv": [ 12.96, 0.96, 15.04, 3.04 ], "texture": "#poptart" },
				"south": { "uv": [ 12.96, 0.96, 15.04, 3.04 ], "texture": "#poptart" },
				"west": { "uv": [ 12.96, 0.96, 15.04, 3.04 ], "texture": "#poptart" },
				"east": { "uv": [ 12.96, 0.96, 15.04, 3.04 ], "texture": "#poptart" }
			}
		},
		{
			"__comment": "Voxels-FF3399",
			"from": [ 4, 5.75, 4.5 ],
			"to": [ 4.5, 6, 5 ],
			"faces": {
				"down": { "uv": [ 12.96, 0.96, 15.04, 3.04 ], "texture": "#poptart" },
				"up": { "uv": [ 12.96, 0.96, 15.04, 3.04 ], "texture": "#poptart" },
				"north": { "uv": [ 12.96, 0.96, 15.04, 3.04 ], "texture": "#poptart" },
				"south": { "uv": [ 12.96, 0.96, 15.04, 3.04 ], "texture": "#poptart" },
				"west": { "uv": [ 12.96, 0.96, 15.04, 3.04 ], "texture": "#poptart" },
				"east": { "uv": [ 12.96, 0.96, 15.04, 3.04 ], "texture": "#poptart" }
			}
		},
		{
			"__comment": "Voxels-FF3399",
			"from": [ 4.5, 5.75, 8 ],
			"to": [ 5, 6, 8.5 ],
			"faces": {
				"down": { "uv": [ 12.96, 0.96, 15.04, 3.04 ], "texture": "#poptart" },
				"up": { "uv": [ 12.96, 0.96, 15.04, 3.04 ], "texture": "#poptart" },
				"north": { "uv": [ 12.96, 0.96, 15.04, 3.04 ], "texture": "#poptart" },
				"south": { "uv": [ 12.96, 0.96, 15.04, 3.04 ], "texture": "#poptart" },
				"west": { "uv": [ 12.96, 0.96, 15.04, 3.04 ], "texture": "#poptart" },
				"east": { "uv": [ 12.96, 0.96, 15.04, 3.04 ], "texture": "#poptart" }
			}
		},
		{
			"__comment": "Voxels-FF3399",
			"from": [ 5, 5.75, 10.5 ],
			"to": [ 5.5, 6, 11 ],
			"faces": {
				"down": { "uv": [ 12.96, 0.96, 15.04, 3.04 ], "texture": "#poptart" },
				"up": { "uv": [ 12.96, 0.96, 15.04, 3.04 ], "texture": "#poptart" },
				"north": { "uv": [ 12.96, 0.96, 15.04, 3.04 ], "texture": "#poptart" },
				"south": { "uv": [ 12.96, 0.96, 15.04, 3.04 ], "texture": "#poptart" },
				"west": { "uv": [ 12.96, 0.96, 15.04, 3.04 ], "texture": "#poptart" },
				"east": { "uv": [ 12.96, 0.96, 15.04, 3.04 ], "texture": "#poptart" }
			}
		},
		{
			"__comment": "Voxels-FF3399",
			"from": [ 5.5, 5.75, 4.5 ],
			"to": [ 6, 6, 5 ],
			"faces": {
				"down": { "uv": [ 12.96, 0.96, 15.04, 3.04 ], "texture": "#poptart" },
				"up": { "uv": [ 12.96, 0.96, 15.04, 3.04 ], "texture": "#poptart" },
				"north": { "uv": [ 12.96, 0.96, 15.04, 3.04 ], "texture": "#poptart" },
				"south": { "uv": [ 12.96, 0.96, 15.04, 3.04 ], "texture": "#poptart" },
				"west": { "uv": [ 12.96, 0.96, 15.04, 3.04 ], "texture": "#poptart" },
				"east": { "uv": [ 12.96, 0.96, 15.04, 3.04 ], "texture": "#poptart" }
			}
		},
		{
			"__comment": "Voxels-FF3399",
			"from": [ 7.75, 5.75, 9.25 ],
			"to": [ 8.25, 6, 9.75 ],
			"faces": {
				"down": { "uv": [ 12.96, 0.96, 15.04, 3.04 ], "texture": "#poptart" },
				"up": { "uv": [ 12.96, 0.96, 15.04, 3.04 ], "texture": "#poptart" },
				"north": { "uv": [ 12.96, 0.96, 15.04, 3.04 ], "texture": "#poptart" },
				"south": { "uv": [ 12.96, 0.96, 15.04, 3.04 ], "texture": "#poptart" },
				"west": { "uv": [ 12.96, 0.96, 15.04, 3.04 ], "texture": "#poptart" },
				"east": { "uv": [ 12.96, 0.96, 15.04, 3.04 ], "texture": "#poptart" }
			}
		},
		{
			"__comment": "Voxels-FF3399",
			"from": [ 7, 5.75, 11.5 ],
			"to": [ 7.5, 6, 12 ],
			"faces": {
				"down": { "uv": [ 12.96, 0.96, 15.04, 3.04 ], "texture": "#poptart" },
				"up": { "uv": [ 12.96, 0.96, 15.04, 3.04 ], "texture": "#poptart" },
				"north": { "uv": [ 12.96, 0.96, 15.04, 3.04 ], "texture": "#poptart" },
				"south": { "uv": [ 12.96, 0.96, 15.04, 3.04 ], "texture": "#poptart" },
				"west": { "uv": [ 12.96, 0.96, 15.04, 3.04 ], "texture": "#poptart" },
				"east": { "uv": [ 12.96, 0.96, 15.04, 3.04 ], "texture": "#poptart" }
			}
		},
		{
			"__comment": "Voxels-FF3399",
			"from": [ 7.5, 5.75, 5.5 ],
			"to": [ 8, 6, 6 ],
			"faces": {
				"down": { "uv": [ 12.96, 0.96, 15.04, 3.04 ], "texture": "#poptart" },
				"up": { "uv": [ 12.96, 0.96, 15.04, 3.04 ], "texture": "#poptart" },
				"north": { "uv": [ 12.96, 0.96, 15.04, 3.04 ], "texture": "#poptart" },
				"south": { "uv": [ 12.96, 0.96, 15.04, 3.04 ], "texture": "#poptart" },
				"west": { "uv": [ 12.96, 0.96, 15.04, 3.04 ], "texture": "#poptart" },
				"east": { "uv": [ 12.96, 0.96, 15.04, 3.04 ], "texture": "#poptart" }
			}
		},
		{
			"__comment": "Voxels-FF3399",
			"from": [ 6.5, 5.75, 8 ],
			"to": [ 7, 6, 8.5 ],
			"faces": {
				"down": { "uv": [ 12.96, 0.96, 15.04, 3.04 ], "texture": "#poptart" },
				"up": { "uv": [ 12.96, 0.96, 15.04, 3.04 ], "texture": "#poptart" },
				"north": { "uv": [ 12.96, 0.96, 15.04, 3.04 ], "texture": "#poptart" },
				"south": { "uv": [ 12.96, 0.96, 15.04, 3.04 ], "texture": "#poptart" },
				"west": { "uv": [ 12.96, 0.96, 15.04, 3.04 ], "texture": "#poptart" },
				"east": { "uv": [ 12.96, 0.96, 15.04, 3.04 ], "texture": "#poptart" }
			}
		}
	],
	"display": {
    "thirdperson": {
        "rotation": [ 0, 181, 270 ],
        "translation": [ -2.05, -0.25, -1.05 ],
        "scale": [ 1.25, 1.25, 1.25 ]
    },
    "firstperson": {
        "rotation": [ 318, 108, 300 ],
        "translation": [ -6.10, 5.55, -1.75 ],
        "scale": [ 1.50, 1.50, 1.50 ]
    },
    "gui": {
        "rotation": [ 64, 136, 0 ],
        "translation": [ -3.50, -1.25, 0.00 ],
        "scale": [ 1.60, 1.60, 1.60 ]
		}
	}
}