{
    "__comment": "Model generated using MrCrayfish's Model Creator (http://mrcrayfish.com/modelcreator/)",
    "textures": {
        "0": "blocks/Pug2"
    },
    "elements": [
        {
            "name": "Cube",
            "from": [ 6.0, 5.0, -1.0 ], 
            "to": [ 10.0, 10.0, 8.0 ], 
            "rotation": { "origin": [ 8.0, 8.0, 8.0 ], "axis": "x", "angle": -45.0 },
            "faces": {
                "north": { "texture": "#0", "uv": [ 0.0, 3.0, 1.0, 4.0 ] },
                "east": { "texture": "#0", "uv": [ 0.0, 3.0, 1.0, 4.0 ] },
                "south": { "texture": "#0", "uv": [ 1.0, 3.0, 2.0, 4.0 ] },
                "west": { "texture": "#0", "uv": [ 1.0, 4.0, 2.0, 3.0 ] },
                "up": { "texture": "#0", "uv": [ 0.0, 3.0, 1.0, 4.0 ] },
                "down": { "texture": "#0", "uv": [ 1.0, 3.0, 2.0, 4.0 ] }
            }
        },
        {
            "name": "Cube",
            "from": [ 5.899999998509884, 5.199999988079071, 6.099999986588955 ], 
            "to": [ 10.100000001490116, 8.799999997019768, 12.099999986588955 ], 
            "rotation": { "origin": [ 8.0, 8.0, 8.0 ], "axis": "x", "angle": 22.5 },
            "faces": {
                "north": { "texture": "#0", "uv": [ 0.0, 3.0, 1.0, 4.0 ] },
                "east": { "texture": "#0", "uv": [ 0.0, 1.5000000000000002, 1.0, 0.8999999999999992 ], "rotation": 180 },
                "south": { "texture": "#0", "uv": [ 1.0, 3.0, 2.0, 4.0 ] },
                "west": { "texture": "#0", "uv": [ 1.4000000000000004, 1.4, 2.3000000000000003, 0.9 ], "rotation": 180 },
                "up": { "texture": "#0", "uv": [ 0.0, 3.0, 1.0, 4.0 ] },
                "down": { "texture": "#0", "uv": [ 1.0, 3.0, 2.0, 4.0 ] }
            }
        },
        {
            "name": "Cube",
            "from": [ 6.200000002980232, 8.799999997019768, 6.200000002980232 ], 
            "to": [ 7.500000007450581, 10.300000004470348, 6.899999998509884 ], 
            "rotation": { "origin": [ 8.0, 8.0, 8.0 ], "axis": "x", "angle": 22.5 },
            "faces": {
                "north": { "texture": "#0", "uv": [ 0.0, 3.0, 1.0, 4.0 ] },
                "east": { "texture": "#0", "uv": [ 0.0, 3.0, 1.0, 4.0 ] },
                "south": { "texture": "#0", "uv": [ 1.0, 3.0, 2.0, 4.0 ] },
                "west": { "texture": "#0", "uv": [ 1.0, 4.0, 2.0, 3.0 ] },
                "up": { "texture": "#0", "uv": [ 0.0, 3.0, 1.0, 4.0 ] },
                "down": { "texture": "#0", "uv": [ 1.0, 3.0, 2.0, 4.0 ] }
            }
        },
        {
            "name": "Cube",
            "from": [ 8.49999999254942, 8.799999997019768, 6.200000002980232 ], 
            "to": [ 9.799999997019768, 10.300000004470348, 6.899999998509884 ], 
            "rotation": { "origin": [ 8.0, 8.0, 8.0 ], "axis": "x", "angle": 22.5 },
            "faces": {
                "north": { "texture": "#0", "uv": [ 0.0, 3.0, 1.0, 4.0 ] },
                "east": { "texture": "#0", "uv": [ 0.0, 3.0, 1.0, 4.0 ] },
                "south": { "texture": "#0", "uv": [ 1.0, 3.0, 2.0, 4.0 ] },
                "west": { "texture": "#0", "uv": [ 1.0, 4.0, 2.0, 3.0 ] },
                "up": { "texture": "#0", "uv": [ 0.0, 3.0, 1.0, 4.0 ] },
                "down": { "texture": "#0", "uv": [ 1.0, 3.0, 2.0, 4.0 ] }
            }
        },
        {
            "name": "Cube",
            "from": [ 7.4000000059604645, 9.999999970197678, -1.0 ], 
            "to": [ 8.899999998509884, 11.19999997317791, 8.0 ], 
            "rotation": { "origin": [ 8.0, 8.0, 8.0 ], "axis": "x", "angle": -45.0 },
            "faces": {
                "north": { "texture": "#0", "uv": [ 0.0, 3.0, 1.0, 4.0 ] },
                "east": { "texture": "#0", "uv": [ 0.0, 3.0, 1.0, 4.0 ] },
                "south": { "texture": "#0", "uv": [ 1.0, 3.0, 2.0, 4.0 ] },
                "west": { "texture": "#0", "uv": [ 1.0, 4.0, 2.0, 3.0 ] },
                "up": { "texture": "#0", "uv": [ 0.0, 3.0, 1.0, 4.0 ] },
                "down": { "texture": "#0", "uv": [ 1.0, 3.0, 2.0, 4.0 ] }
            }
        },
        {
            "name": "Cube",
            "from": [ 7.500000007450581, 8.399999961256981, 5.0 ], 
            "to": [ 8.699999995529652, 9.199999958276749, 8.0 ], 
            "rotation": { "origin": [ 8.0, 8.0, 8.0 ], "axis": "x", "angle": 22.5 },
            "faces": {
                "north": { "texture": "#0", "uv": [ 0.0, 3.0, 1.0, 4.0 ] },
                "east": { "texture": "#0", "uv": [ 0.0, 3.0, 1.0, 4.0 ] },
                "south": { "texture": "#0", "uv": [ 1.0, 3.0, 2.0, 4.0 ] },
                "west": { "texture": "#0", "uv": [ 1.0, 4.0, 2.0, 3.0 ] },
                "up": { "texture": "#0", "uv": [ 0.0, 3.0, 1.0, 4.0 ] },
                "down": { "texture": "#0", "uv": [ 1.0, 3.0, 2.0, 4.0 ] }
            }
        },
        {
            "name": "Cube",
            "from": [ 6.100000001490116, 6.799999997019768, 12.099999986588955 ], 
            "to": [ 9.899999998509884, 8.799999997019768, 15.099999986588955 ], 
            "rotation": { "origin": [ 8.0, 8.0, 8.0 ], "axis": "x", "angle": 22.5 },
            "faces": {
                "north": { "texture": "#0", "uv": [ 1.0, 3.0, 2.0, 3.0 ] },
                "east": { "texture": "#0", "uv": [ 3.0, 3.3, 3.6999999999999997, 2.9999999999999996 ], "rotation": 180 },
                "south": { "texture": "#0", "uv": [ 3.599999999999999, 3.0, 4.400000000000002, 3.2999999999999994 ] },
                "west": { "texture": "#0", "uv": [ 4.299999999999999, 3.3, 5.499999999999997, 3.0 ], "rotation": 180 },
                "up": { "texture": "#0", "uv": [ 3.8, 2.3000000000000003, 4.200000000000003, 3.0 ] },
                "down": { "texture": "#0", "uv": [ 4.299999999999999, 2.3000000000000003, 4.700000000000001, 3.0 ], "rotation": 180 }
            }
        },
        {
            "name": "Cube",
            "from": [ 6.300000004470348, 7.000000029802322, 12.099999986588955 ], 
            "to": [ 9.699999995529652, 8.500000022351742, 15.099999986588955 ], 
            "rotation": { "origin": [ 8.0, 8.0, 8.0 ], "axis": "x", "angle": 45.0 },
            "faces": {
                "north": { "texture": "#0", "uv": [ 1.0, 3.0, 2.0, 3.0 ] },
                "east": { "texture": "#0", "uv": [ 3.0, 4.3, 3.6999999999999993, 3.9999999999999996 ], "rotation": 180 },
                "south": { "texture": "#0", "uv": [ 3.499999999999999, 4.0, 4.200000000000003, 4.299999999999999 ] },
                "west": { "texture": "#0", "uv": [ 3.7999999999999994, 4.3, 5.199999999999998, 4.0 ], "rotation": 180 },
                "up": { "texture": "#0", "uv": [ 3.65, 3.3, 4.100000000000003, 4.0 ] },
                "down": { "texture": "#0", "uv": [ 4.1000000000000005, 3.3, 4.600000000000001, 4.0 ], "rotation": 180 }
            }
        }
    ],
"display": {
    "thirdperson": {
        "rotation": [ 0, 0, 0 ],
        "translation": [ 0.00, 0.00, 0.00 ],
        "scale": [ 1.00, 1.00, 1.00 ]
    },
    "firstperson": {
        "rotation": [ 0, 0, 0 ],
        "translation": [ 0.00, 6.50, 0.00 ],
        "scale": [ 1.00, 1.00, 1.00 ]
    },
    "gui": {
        "rotation": [ 0, 66, 22 ],
        "translation": [ 0.00, 1.75, 0.75 ],
        "scale": [ 1.50, 1.50, 1.50 ]
    },
    "head": {
        "rotation": [ 352, 180, 0 ],
        "translation": [ 0.00, 9.50, -7.25 ],
        "scale": [ 4.00, 3.00, 3.00 ]
    }
}
}