{
	"__comment": "Designed by Colin0904 with Cubik Studio - https://cubik.studio",
	"textures": {
		"waifu_knight": "blocks/waifu_knight"
	},
	"elements": [
		{
			"__comment": "Cube2",
			"from": [ 7, 10.5, 12.9 ],
			"to": [ 7.25, 11, 13 ],
			"faces": {
				"down": { "uv": [ 2, 5.5, 3, 5.6 ], "texture": "#waifu_knight" },
				"up": { "uv": [ 2, 5.5, 3, 5.6 ], "texture": "#waifu_knight" },
				"north": { "uv": [ 2, 5.5, 3, 5.6 ], "texture": "#waifu_knight" },
				"south": { "uv": [ 2, 5.5, 3, 5.6 ], "texture": "#waifu_knight" },
				"west": { "uv": [ 2, 5.5, 3, 5.6 ], "texture": "#waifu_knight" },
				"east": { "uv": [ 2, 5.5, 3, 5.6 ], "texture": "#waifu_knight" }
			}
		},
		{
			"__comment": "Cube2",
			"from": [ 7, 9, 12.9 ],
			"to": [ 9, 9.5, 13 ],
			"faces": {
				"down": { "uv": [ 9.5, 2, 10.5, 3 ], "texture": "#waifu_knight" },
				"up": { "uv": [ 9.5, 2, 10.5, 3 ], "texture": "#waifu_knight" },
				"north": { "uv": [ 9.5, 2, 10.5, 3 ], "texture": "#waifu_knight" },
				"south": { "uv": [ 9.5, 2, 10.5, 3 ], "texture": "#waifu_knight" },
				"west": { "uv": [ 9.5, 2, 10.5, 3 ], "texture": "#waifu_knight" },
				"east": { "uv": [ 9.5, 2, 10.5, 3 ], "texture": "#waifu_knight" }
			}
		},
		{
			"__comment": "Cube2",
			"from": [ 7, 9.5, 13 ],
			"to": [ 7.5, 10, 13.001 ],
			"faces": {
				"down": { "uv": [ 10, 2, 11, 3 ], "texture": "#waifu_knight" },
				"up": { "uv": [ 10, 2, 11, 3 ], "texture": "#waifu_knight" },
				"north": { "uv": [ 10, 2, 11, 3 ], "texture": "#waifu_knight" },
				"south": { "uv": [ 10, 2, 11, 3 ], "texture": "#waifu_knight" },
				"west": { "uv": [ 10, 2, 11, 3 ], "texture": "#waifu_knight" },
				"east": { "uv": [ 10, 2, 11, 3 ], "texture": "#waifu_knight" }
			}
		},
		{
			"__comment": "Cube2",
			"from": [ 8.5, 9.5, 13 ],
			"to": [ 9, 10, 13.001 ],
			"faces": {
				"down": { "uv": [ 9.5, 2, 10.5, 3 ], "texture": "#waifu_knight" },
				"up": { "uv": [ 9.5, 2, 10.5, 3 ], "texture": "#waifu_knight" },
				"north": { "uv": [ 9.5, 2, 10.5, 3 ], "texture": "#waifu_knight" },
				"south": { "uv": [ 9.5, 2, 10.5, 3 ], "texture": "#waifu_knight" },
				"west": { "uv": [ 9.5, 2, 10.5, 3 ], "texture": "#waifu_knight" },
				"east": { "uv": [ 9.5, 2, 10.5, 3 ], "texture": "#waifu_knight" }
			}
		},
		{
			"__comment": "Cube2",
			"from": [ 8.75, 10, 12.9 ],
			"to": [ 9, 10.5, 13 ],
			"faces": {
				"down": { "uv": [ 9.5, 2, 10.5, 3 ], "texture": "#waifu_knight" },
				"up": { "uv": [ 9.5, 2, 10.5, 3 ], "texture": "#waifu_knight" },
				"north": { "uv": [ 9.5, 2, 10.5, 3 ], "texture": "#waifu_knight" },
				"south": { "uv": [ 9.5, 2, 10.5, 3 ], "texture": "#waifu_knight" },
				"west": { "uv": [ 9.5, 2, 10.5, 3 ], "texture": "#waifu_knight" },
				"east": { "uv": [ 9.5, 2, 10.5, 3 ], "texture": "#waifu_knight" }
			}
		},
		{
			"__comment": "Cube2",
			"from": [ 9.5, 11, 13 ],
			"to": [ 10, 11.5, 13.001 ],
			"faces": {
				"down": { "uv": [ 9.5, 2, 10.5, 3 ], "texture": "#waifu_knight" },
				"up": { "uv": [ 9.5, 2, 10.5, 3 ], "texture": "#waifu_knight" },
				"north": { "uv": [ 9.5, 2, 10.5, 3 ], "texture": "#waifu_knight" },
				"south": { "uv": [ 9.5, 2, 10.5, 3 ], "texture": "#waifu_knight" },
				"west": { "uv": [ 9.5, 2, 10.5, 3 ], "texture": "#waifu_knight" },
				"east": { "uv": [ 9.5, 2, 10.5, 3 ], "texture": "#waifu_knight" }
			}
		},
		{
			"__comment": "Cube2",
			"from": [ 7, 10, 12.9 ],
			"to": [ 7.25, 10.5, 13 ],
			"faces": {
				"down": { "uv": [ 9.5, 2, 10.5, 3 ], "texture": "#waifu_knight" },
				"up": { "uv": [ 9.5, 2, 10.5, 3 ], "texture": "#waifu_knight" },
				"north": { "uv": [ 9.5, 2, 10.5, 3 ], "texture": "#waifu_knight" },
				"south": { "uv": [ 9.5, 2, 10.5, 3 ], "texture": "#waifu_knight" },
				"west": { "uv": [ 9.5, 2, 10.5, 3 ], "texture": "#waifu_knight" },
				"east": { "uv": [ 9.5, 2, 10.5, 3 ], "texture": "#waifu_knight" }
			}
		},
		{
			"__comment": "Cube2",
			"from": [ 7.5, 9.5, 12.9 ],
			"to": [ 8.5, 11, 13 ],
			"faces": {
				"down": { "uv": [ 2, 5.5, 3, 5.6 ], "texture": "#waifu_knight" },
				"up": { "uv": [ 2, 5.5, 3, 5.6 ], "texture": "#waifu_knight" },
				"north": { "uv": [ 2, 5.5, 3, 5.6 ], "texture": "#waifu_knight" },
				"south": { "uv": [ 2, 5.5, 3, 5.6 ], "texture": "#waifu_knight" },
				"west": { "uv": [ 2, 5.5, 3, 5.6 ], "texture": "#waifu_knight" },
				"east": { "uv": [ 2, 5.5, 3, 5.6 ], "texture": "#waifu_knight" }
			}
		},
		{
			"__comment": "Cube2",
			"from": [ 7.25, 10, 12.9 ],
			"to": [ 7.5, 11, 13 ],
			"faces": {
				"down": { "uv": [ 2, 5.5, 3, 5.6 ], "texture": "#waifu_knight" },
				"up": { "uv": [ 2, 5.5, 3, 5.6 ], "texture": "#waifu_knight" },
				"north": { "uv": [ 2, 5.5, 3, 5.6 ], "texture": "#waifu_knight" },
				"south": { "uv": [ 2, 5.5, 3, 5.6 ], "texture": "#waifu_knight" },
				"west": { "uv": [ 2, 5.5, 3, 5.6 ], "texture": "#waifu_knight" },
				"east": { "uv": [ 2, 5.5, 3, 5.6 ], "texture": "#waifu_knight" }
			}
		},
		{
			"__comment": "Cube2",
			"from": [ 8.5, 10, 13 ],
			"to": [ 8.75, 11, 13.001 ],
			"faces": {
				"down": { "uv": [ 2, 5.5, 3, 5.6 ], "texture": "#waifu_knight" },
				"up": { "uv": [ 2, 5.5, 3, 5.6 ], "texture": "#waifu_knight" },
				"north": { "uv": [ 2, 5.5, 3, 5.6 ], "texture": "#waifu_knight" },
				"south": { "uv": [ 2, 5.5, 3, 5.6 ], "texture": "#waifu_knight" },
				"west": { "uv": [ 2, 5.5, 3, 5.6 ], "texture": "#waifu_knight" },
				"east": { "uv": [ 2, 5.5, 3, 5.6 ], "texture": "#waifu_knight" }
			}
		},
		{
			"__comment": "Cube2",
			"from": [ 8.75, 10.5, 12.9 ],
			"to": [ 9, 11, 13 ],
			"faces": {
				"down": { "uv": [ 2, 5.5, 3, 5.6 ], "texture": "#waifu_knight" },
				"up": { "uv": [ 2, 5.5, 3, 5.6 ], "texture": "#waifu_knight" },
				"north": { "uv": [ 2, 5.5, 3, 5.6 ], "texture": "#waifu_knight" },
				"south": { "uv": [ 2, 5.5, 3, 5.6 ], "texture": "#waifu_knight" },
				"west": { "uv": [ 2, 5.5, 3, 5.6 ], "texture": "#waifu_knight" },
				"east": { "uv": [ 2, 5.5, 3, 5.6 ], "texture": "#waifu_knight" }
			}
		},
		{
			"__comment": "Cube2",
			"from": [ 7, 9.5, 13 ],
			"to": [ 7.5, 10, 13.001 ],
			"faces": {
				"down": { "uv": [ 10, 1.5, 10.55, 2.5 ], "texture": "#waifu_knight" },
				"up": { "uv": [ 10, 1.5, 10.55, 2.5 ], "texture": "#waifu_knight" },
				"north": { "uv": [ 10, 1.5, 10.55, 2.5 ], "texture": "#waifu_knight" },
				"south": { "uv": [ 10, 1.5, 10.55, 2.5 ], "texture": "#waifu_knight" },
				"west": { "uv": [ 10, 1.5, 10.55, 2.5 ], "texture": "#waifu_knight" },
				"east": { "uv": [ 10, 1.5, 10.55, 2.5 ], "texture": "#waifu_knight" }
			}
		},
		{
			"__comment": "Cube2",
			"from": [ 6, 11, 13 ],
			"to": [ 6.5, 11.5, 13.001 ],
			"faces": {
				"down": { "uv": [ 9.5, 2.5, 10, 2.500999 ], "texture": "#waifu_knight" },
				"up": { "uv": [ 9.5, 2.5, 10, 2.500999 ], "texture": "#waifu_knight" },
				"north": { "uv": [ 9.5, 2.5, 10, 2.500999 ], "texture": "#waifu_knight" },
				"south": { "uv": [ 9.5, 2.5, 10, 2.500999 ], "texture": "#waifu_knight" },
				"west": { "uv": [ 9.5, 2.5, 10, 2.500999 ], "texture": "#waifu_knight" },
				"east": { "uv": [ 9.5, 2.5, 10, 2.500999 ], "texture": "#waifu_knight" }
			}
		},
		{
			"__comment": "Cube14",
			"from": [ 9, 3, 12 ],
			"to": [ 9.5, 3.5, 13 ],
			"faces": {
				"down": { "uv": [ 2, 2, 2.55, 3 ], "texture": "#waifu_knight" },
				"up": { "uv": [ 2, 2, 2.55, 3 ], "texture": "#waifu_knight" },
				"north": { "uv": [ 2, 2, 2.55, 3 ], "texture": "#waifu_knight" },
				"south": { "uv": [ 2, 2, 2.55, 3 ], "texture": "#waifu_knight" },
				"west": { "uv": [ 2, 2, 2.55, 3 ], "texture": "#waifu_knight" },
				"east": { "uv": [ 2, 2, 2.55, 3 ], "texture": "#waifu_knight" }
			}
		},
		{
			"__comment": "Cube14",
			"from": [ 7, 3, 12 ],
			"to": [ 9, 3.75, 13 ],
			"faces": {
				"down": { "uv": [ 9.5, 2, 10.5, 3 ], "texture": "#waifu_knight" },
				"up": { "uv": [ 9.5, 2, 10.5, 3 ], "texture": "#waifu_knight" },
				"north": { "uv": [ 9.5, 2, 10.5, 3 ], "texture": "#waifu_knight" },
				"south": { "uv": [ 9.5, 2, 10.5, 3 ], "texture": "#waifu_knight" },
				"west": { "uv": [ 9.5, 2, 10.5, 3 ], "texture": "#waifu_knight" },
				"east": { "uv": [ 9.5, 2, 10.5, 3 ], "texture": "#waifu_knight" }
			}
		},
		{
			"__comment": "Cube14",
			"from": [ 6.5, 3, 12 ],
			"to": [ 7, 3.5, 13 ],
			"faces": {
				"down": { "uv": [ 2, 2, 2.55, 3 ], "texture": "#waifu_knight" },
				"up": { "uv": [ 2, 2, 2.55, 3 ], "texture": "#waifu_knight" },
				"north": { "uv": [ 2, 2, 2.55, 3 ], "texture": "#waifu_knight" },
				"south": { "uv": [ 2, 2, 2.55, 3 ], "texture": "#waifu_knight" },
				"west": { "uv": [ 2, 2, 2.55, 3 ], "texture": "#waifu_knight" },
				"east": { "uv": [ 2, 2, 2.55, 3 ], "texture": "#waifu_knight" }
			}
		},
		{
			"__comment": "Cube14",
			"from": [ 5.25, 3.5, 12 ],
			"to": [ 5.75, 4, 13 ],
			"faces": {
				"down": { "uv": [ 9.5, 2, 10.5, 3 ], "texture": "#waifu_knight" },
				"up": { "uv": [ 9.5, 2, 10.5, 3 ], "texture": "#waifu_knight" },
				"north": { "uv": [ 9.5, 2, 10.5, 3 ], "texture": "#waifu_knight" },
				"south": { "uv": [ 9.5, 2, 10.5, 3 ], "texture": "#waifu_knight" },
				"west": { "uv": [ 9.5, 2, 10.5, 3 ], "texture": "#waifu_knight" },
				"east": { "uv": [ 9.5, 2, 10.5, 3 ], "texture": "#waifu_knight" }
			}
		},
		{
			"__comment": "Voxels-A6A6A6",
			"from": [ 2, 2, 5 ],
			"to": [ 2.5, 5, 6 ],
			"faces": {
				"down": { "uv": [ 0.96, 4.96, 3.04, 7.04 ], "texture": "#waifu_knight" },
				"up": { "uv": [ 0.96, 4.96, 3.04, 7.04 ], "texture": "#waifu_knight" },
				"north": { "uv": [ 0.96, 4.96, 3.04, 7.04 ], "texture": "#waifu_knight" },
				"south": { "uv": [ 0.96, 4.96, 3.04, 7.04 ], "texture": "#waifu_knight" },
				"west": { "uv": [ 0.96, 4.96, 3.04, 7.04 ], "texture": "#waifu_knight" },
				"east": { "uv": [ 0.96, 4.96, 3.04, 7.04 ], "texture": "#waifu_knight" }
			}
		},
		{
			"__comment": "Voxels-A6A6A6",
			"from": [ 2, 2, 9 ],
			"to": [ 2.5, 5, 10 ],
			"faces": {
				"down": { "uv": [ 0.96, 4.96, 3.04, 7.04 ], "texture": "#waifu_knight" },
				"up": { "uv": [ 0.96, 4.96, 3.04, 7.04 ], "texture": "#waifu_knight" },
				"north": { "uv": [ 0.96, 4.96, 3.04, 7.04 ], "texture": "#waifu_knight" },
				"south": { "uv": [ 0.96, 4.96, 3.04, 7.04 ], "texture": "#waifu_knight" },
				"west": { "uv": [ 0.96, 4.96, 3.04, 7.04 ], "texture": "#waifu_knight" },
				"east": { "uv": [ 0.96, 4.96, 3.04, 7.04 ], "texture": "#waifu_knight" }
			}
		},
		{
			"__comment": "Voxels-9D9D9D",
			"from": [ 3, 0, 5 ],
			"to": [ 13, 13, 6 ],
			"faces": {
				"down": { "uv": [ 4.96, 0.96, 7.04, 3.04 ], "texture": "#waifu_knight" },
				"up": { "uv": [ 4.96, 0.96, 7.04, 3.04 ], "texture": "#waifu_knight" },
				"north": { "uv": [ 4.96, 0.96, 7.04, 3.04 ], "texture": "#waifu_knight" },
				"south": { "uv": [ 4.96, 0.96, 7.04, 3.04 ], "texture": "#waifu_knight" },
				"west": { "uv": [ 4.96, 0.96, 7.04, 3.04 ], "texture": "#waifu_knight" },
				"east": { "uv": [ 4.96, 0.96, 7.04, 3.04 ], "texture": "#waifu_knight" }
			}
		},
		{
			"__comment": "Voxels-9D9D9D",
			"from": [ 3, 0, 6 ],
			"to": [ 13, 1, 11 ],
			"faces": {
				"down": { "uv": [ 4.96, 0.96, 7.04, 3.04 ], "texture": "#waifu_knight" },
				"up": { "uv": [ 4.96, 0.96, 7.04, 3.04 ], "texture": "#waifu_knight" },
				"north": { "uv": [ 4.96, 0.96, 7.04, 3.04 ], "texture": "#waifu_knight" },
				"south": { "uv": [ 4.96, 0.96, 7.04, 3.04 ], "texture": "#waifu_knight" },
				"west": { "uv": [ 4.96, 0.96, 7.04, 3.04 ], "texture": "#waifu_knight" },
				"east": { "uv": [ 4.96, 0.96, 7.04, 3.04 ], "texture": "#waifu_knight" }
			}
		},
		{
			"__comment": "Voxels-9D9D9D",
			"from": [ 3, 1, 9 ],
			"to": [ 13, 13, 10 ],
			"faces": {
				"down": { "uv": [ 4.96, 0.96, 7.04, 3.04 ], "texture": "#waifu_knight" },
				"up": { "uv": [ 4.96, 0.96, 7.04, 3.04 ], "texture": "#waifu_knight" },
				"north": { "uv": [ 4.96, 0.96, 7.04, 3.04 ], "texture": "#waifu_knight" },
				"south": { "uv": [ 4.96, 0.96, 7.04, 3.04 ], "texture": "#waifu_knight" },
				"west": { "uv": [ 4.96, 0.96, 7.04, 3.04 ], "texture": "#waifu_knight" },
				"east": { "uv": [ 4.96, 0.96, 7.04, 3.04 ], "texture": "#waifu_knight" }
			}
		},
		{
			"__comment": "Voxels-9D9D9D",
			"from": [ 3, 1, 10 ],
			"to": [ 13, 2, 11 ],
			"faces": {
				"down": { "uv": [ 4.96, 0.96, 7.04, 3.04 ], "texture": "#waifu_knight" },
				"up": { "uv": [ 4.96, 0.96, 7.04, 3.04 ], "texture": "#waifu_knight" },
				"north": { "uv": [ 4.96, 0.96, 7.04, 3.04 ], "texture": "#waifu_knight" },
				"south": { "uv": [ 4.96, 0.96, 7.04, 3.04 ], "texture": "#waifu_knight" },
				"west": { "uv": [ 4.96, 0.96, 7.04, 3.04 ], "texture": "#waifu_knight" },
				"east": { "uv": [ 4.96, 0.96, 7.04, 3.04 ], "texture": "#waifu_knight" }
			}
		},
		{
			"__comment": "Voxels-F0F0F0",
			"from": [ 3, 2, 10 ],
			"to": [ 4, 5, 11 ],
			"faces": {
				"down": { "uv": [ 8.96, 0.96, 11.04, 3.04 ], "texture": "#waifu_knight" },
				"up": { "uv": [ 8.96, 0.96, 11.04, 3.04 ], "texture": "#waifu_knight" },
				"north": { "uv": [ 8.96, 0.96, 11.04, 3.04 ], "texture": "#waifu_knight" },
				"south": { "uv": [ 8.96, 0.96, 11.04, 3.04 ], "texture": "#waifu_knight" },
				"west": { "uv": [ 8.96, 0.96, 11.04, 3.04 ], "texture": "#waifu_knight" },
				"east": { "uv": [ 8.96, 0.96, 11.04, 3.04 ], "texture": "#waifu_knight" }
			}
		},
		{
			"__comment": "Voxels-9D9D9D",
			"from": [ 3, 5, 10 ],
			"to": [ 13, 13, 11 ],
			"faces": {
				"down": { "uv": [ 4.96, 0.96, 7.04, 3.04 ], "texture": "#waifu_knight" },
				"up": { "uv": [ 4.96, 0.96, 7.04, 3.04 ], "texture": "#waifu_knight" },
				"north": { "uv": [ 4.96, 0.96, 7.04, 3.04 ], "texture": "#waifu_knight" },
				"south": { "uv": [ 4.96, 0.96, 7.04, 3.04 ], "texture": "#waifu_knight" },
				"west": { "uv": [ 4.96, 0.96, 7.04, 3.04 ], "texture": "#waifu_knight" },
				"east": { "uv": [ 4.96, 0.96, 7.04, 3.04 ], "texture": "#waifu_knight" }
			}
		},
		{
			"__comment": "Voxels-9D9D9D",
			"from": [ 3, 6, 6 ],
			"to": [ 13, 13, 9 ],
			"faces": {
				"down": { "uv": [ 4.96, 0.96, 7.04, 3.04 ], "texture": "#waifu_knight" },
				"up": { "uv": [ 4.96, 0.96, 7.04, 3.04 ], "texture": "#waifu_knight" },
				"north": { "uv": [ 4.96, 0.96, 7.04, 3.04 ], "texture": "#waifu_knight" },
				"south": { "uv": [ 4.96, 0.96, 7.04, 3.04 ], "texture": "#waifu_knight" },
				"west": { "uv": [ 4.96, 0.96, 7.04, 3.04 ], "texture": "#waifu_knight" },
				"east": { "uv": [ 4.96, 0.96, 7.04, 3.04 ], "texture": "#waifu_knight" }
			}
		},
		{
			"__comment": "Voxels-9D9D9D",
			"from": [ 4, 0, 4 ],
			"to": [ 12, 13, 5 ],
			"faces": {
				"down": { "uv": [ 4.96, 0.96, 7.04, 3.04 ], "texture": "#waifu_knight" },
				"up": { "uv": [ 4.96, 0.96, 7.04, 3.04 ], "texture": "#waifu_knight" },
				"north": { "uv": [ 4.96, 0.96, 7.04, 3.04 ], "texture": "#waifu_knight" },
				"south": { "uv": [ 4.96, 0.96, 7.04, 3.04 ], "texture": "#waifu_knight" },
				"west": { "uv": [ 4.96, 0.96, 7.04, 3.04 ], "texture": "#waifu_knight" },
				"east": { "uv": [ 4.96, 0.96, 7.04, 3.04 ], "texture": "#waifu_knight" }
			}
		},
		{
			"__comment": "Voxels-9D9D9D",
			"from": [ 4, 0, 11 ],
			"to": [ 12, 2, 12 ],
			"faces": {
				"down": { "uv": [ 4.96, 0.96, 7.04, 3.04 ], "texture": "#waifu_knight" },
				"up": { "uv": [ 4.96, 0.96, 7.04, 3.04 ], "texture": "#waifu_knight" },
				"north": { "uv": [ 4.96, 0.96, 7.04, 3.04 ], "texture": "#waifu_knight" },
				"south": { "uv": [ 4.96, 0.96, 7.04, 3.04 ], "texture": "#waifu_knight" },
				"west": { "uv": [ 4.96, 0.96, 7.04, 3.04 ], "texture": "#waifu_knight" },
				"east": { "uv": [ 4.96, 0.96, 7.04, 3.04 ], "texture": "#waifu_knight" }
			}
		},
		{
			"__comment": "Voxels-9D9D9D",
			"from": [ 4, 2, 10 ],
			"to": [ 12, 5, 11 ],
			"faces": {
				"down": { "uv": [ 4.96, 0.96, 7.04, 3.04 ], "texture": "#waifu_knight" },
				"up": { "uv": [ 4.96, 0.96, 7.04, 3.04 ], "texture": "#waifu_knight" },
				"north": { "uv": [ 4.96, 0.96, 7.04, 3.04 ], "texture": "#waifu_knight" },
				"south": { "uv": [ 4.96, 0.96, 7.04, 3.04 ], "texture": "#waifu_knight" },
				"west": { "uv": [ 4.96, 0.96, 7.04, 3.04 ], "texture": "#waifu_knight" },
				"east": { "uv": [ 4.96, 0.96, 7.04, 3.04 ], "texture": "#waifu_knight" }
			}
		},
		{
			"__comment": "Voxels-F0F0F0",
			"from": [ 4, 2, 11 ],
			"to": [ 5, 5, 12 ],
			"faces": {
				"down": { "uv": [ 8.96, 0.96, 11.04, 3.04 ], "texture": "#waifu_knight" },
				"up": { "uv": [ 8.96, 0.96, 11.04, 3.04 ], "texture": "#waifu_knight" },
				"north": { "uv": [ 8.96, 0.96, 11.04, 3.04 ], "texture": "#waifu_knight" },
				"south": { "uv": [ 8.96, 0.96, 11.04, 3.04 ], "texture": "#waifu_knight" },
				"west": { "uv": [ 8.96, 0.96, 11.04, 3.04 ], "texture": "#waifu_knight" },
				"east": { "uv": [ 8.96, 0.96, 11.04, 3.04 ], "texture": "#waifu_knight" }
			}
		},
		{
			"__comment": "Voxels-9D9D9D",
			"from": [ 4, 5, 11 ],
			"to": [ 12, 13, 12 ],
			"faces": {
				"down": { "uv": [ 4.96, 0.96, 7.04, 3.04 ], "texture": "#waifu_knight" },
				"up": { "uv": [ 4.96, 0.96, 7.04, 3.04 ], "texture": "#waifu_knight" },
				"north": { "uv": [ 4.96, 0.96, 7.04, 3.04 ], "texture": "#waifu_knight" },
				"south": { "uv": [ 4.96, 0.96, 7.04, 3.04 ], "texture": "#waifu_knight" },
				"west": { "uv": [ 4.96, 0.96, 7.04, 3.04 ], "texture": "#waifu_knight" },
				"east": { "uv": [ 4.96, 0.96, 7.04, 3.04 ], "texture": "#waifu_knight" }
			}
		},
		{
			"__comment": "Voxels-9D9D9D",
			"from": [ 5, 0, 3 ],
			"to": [ 11, 13, 4 ],
			"faces": {
				"down": { "uv": [ 4.96, 0.96, 7.04, 3.04 ], "texture": "#waifu_knight" },
				"up": { "uv": [ 4.96, 0.96, 7.04, 3.04 ], "texture": "#waifu_knight" },
				"north": { "uv": [ 4.96, 0.96, 7.04, 3.04 ], "texture": "#waifu_knight" },
				"south": { "uv": [ 4.96, 0.96, 7.04, 3.04 ], "texture": "#waifu_knight" },
				"west": { "uv": [ 4.96, 0.96, 7.04, 3.04 ], "texture": "#waifu_knight" },
				"east": { "uv": [ 4.96, 0.96, 7.04, 3.04 ], "texture": "#waifu_knight" }
			}
		},
		{
			"__comment": "Voxels-9D9D9D",
			"from": [ 5, 0, 12 ],
			"to": [ 7, 2, 13 ],
			"faces": {
				"down": { "uv": [ 4.96, 0.96, 7.04, 3.04 ], "texture": "#waifu_knight" },
				"up": { "uv": [ 4.96, 0.96, 7.04, 3.04 ], "texture": "#waifu_knight" },
				"north": { "uv": [ 4.96, 0.96, 7.04, 3.04 ], "texture": "#waifu_knight" },
				"south": { "uv": [ 4.96, 0.96, 7.04, 3.04 ], "texture": "#waifu_knight" },
				"west": { "uv": [ 4.96, 0.96, 7.04, 3.04 ], "texture": "#waifu_knight" },
				"east": { "uv": [ 4.96, 0.96, 7.04, 3.04 ], "texture": "#waifu_knight" }
			}
		},
		{
			"__comment": "Voxels-9D9D9D",
			"from": [ 5, 2, 11 ],
			"to": [ 11, 5, 12 ],
			"faces": {
				"down": { "uv": [ 4.96, 0.96, 7.04, 3.04 ], "texture": "#waifu_knight" },
				"up": { "uv": [ 4.96, 0.96, 7.04, 3.04 ], "texture": "#waifu_knight" },
				"north": { "uv": [ 4.96, 0.96, 7.04, 3.04 ], "texture": "#waifu_knight" },
				"south": { "uv": [ 4.96, 0.96, 7.04, 3.04 ], "texture": "#waifu_knight" },
				"west": { "uv": [ 4.96, 0.96, 7.04, 3.04 ], "texture": "#waifu_knight" },
				"east": { "uv": [ 4.96, 0.96, 7.04, 3.04 ], "texture": "#waifu_knight" }
			}
		},
		{
			"__comment": "Voxels-F0F0F0",
			"from": [ 5, 2, 12 ],
			"to": [ 11, 3, 13 ],
			"faces": {
				"down": { "uv": [ 8.96, 0.96, 11.04, 3.04 ], "texture": "#waifu_knight" },
				"up": { "uv": [ 8.96, 0.96, 11.04, 3.04 ], "texture": "#waifu_knight" },
				"north": { "uv": [ 8.96, 0.96, 11.04, 3.04 ], "texture": "#waifu_knight" },
				"south": { "uv": [ 8.96, 0.96, 11.04, 3.04 ], "texture": "#waifu_knight" },
				"west": { "uv": [ 8.96, 0.96, 11.04, 3.04 ], "texture": "#waifu_knight" },
				"east": { "uv": [ 8.96, 0.96, 11.04, 3.04 ], "texture": "#waifu_knight" }
			}
		},
		{
			"__comment": "Voxels-F0F0F0",
			"from": [ 5, 2, 12 ],
			"to": [ 5.25, 5, 13 ],
			"faces": {
				"down": { "uv": [ 8.96, 0.96, 11.04, 3.04 ], "texture": "#waifu_knight" },
				"up": { "uv": [ 8.96, 0.96, 11.04, 3.04 ], "texture": "#waifu_knight" },
				"north": { "uv": [ 8.96, 0.96, 11.04, 3.04 ], "texture": "#waifu_knight" },
				"south": { "uv": [ 8.96, 0.96, 11.04, 3.04 ], "texture": "#waifu_knight" },
				"west": { "uv": [ 8.96, 0.96, 11.04, 3.04 ], "texture": "#waifu_knight" },
				"east": { "uv": [ 8.96, 0.96, 11.04, 3.04 ], "texture": "#waifu_knight" }
			}
		},
		{
			"__comment": "Voxels-9D9D9D",
			"from": [ 5, 5, 12 ],
			"to": [ 6, 13, 13 ],
			"faces": {
				"down": { "uv": [ 4.96, 0.96, 7.04, 3.04 ], "texture": "#waifu_knight" },
				"up": { "uv": [ 4.96, 0.96, 7.04, 3.04 ], "texture": "#waifu_knight" },
				"north": { "uv": [ 4.96, 0.96, 7.04, 3.04 ], "texture": "#waifu_knight" },
				"south": { "uv": [ 4.96, 0.96, 7.04, 3.04 ], "texture": "#waifu_knight" },
				"west": { "uv": [ 4.96, 0.96, 7.04, 3.04 ], "texture": "#waifu_knight" },
				"east": { "uv": [ 4.96, 0.96, 7.04, 3.04 ], "texture": "#waifu_knight" }
			}
		},
		{
			"__comment": "Voxels-0F0F0F",
			"from": [ 5.75, 3.5, 12 ],
			"to": [ 6.5, 4, 13 ],
			"faces": {
				"down": { "uv": [ 12.96, 0.96, 15.04, 3.04 ], "texture": "#waifu_knight" },
				"up": { "uv": [ 12.96, 0.96, 15.04, 3.04 ], "texture": "#waifu_knight" },
				"north": { "uv": [ 12.96, 0.96, 15.04, 3.04 ], "texture": "#waifu_knight" },
				"south": { "uv": [ 12.96, 0.96, 15.04, 3.04 ], "texture": "#waifu_knight" },
				"west": { "uv": [ 12.96, 0.96, 15.04, 3.04 ], "texture": "#waifu_knight" },
				"east": { "uv": [ 12.96, 0.96, 15.04, 3.04 ], "texture": "#waifu_knight" }
			}
		},
		{
			"__comment": "Voxels-F0F0F0",
			"from": [ 5.2496, 4, 12 ],
			"to": [ 10.9996, 5, 13 ],
			"faces": {
				"down": { "uv": [ 8.96, 0.96, 11.04, 3.04 ], "texture": "#waifu_knight" },
				"up": { "uv": [ 8.96, 0.96, 11.04, 3.04 ], "texture": "#waifu_knight" },
				"north": { "uv": [ 8.96, 0.96, 11.04, 3.04 ], "texture": "#waifu_knight" },
				"south": { "uv": [ 8.96, 0.96, 11.04, 3.04 ], "texture": "#waifu_knight" },
				"west": { "uv": [ 8.96, 0.96, 11.04, 3.04 ], "texture": "#waifu_knight" },
				"east": { "uv": [ 8.96, 0.96, 11.04, 3.04 ], "texture": "#waifu_knight" }
			}
		},
		{
			"__comment": "Voxels-F0F0F0",
			"from": [ 6, 5, 12 ],
			"to": [ 10, 9, 13 ],
			"faces": {
				"down": { "uv": [ 8.96, 0.96, 11.04, 3.04 ], "texture": "#waifu_knight" },
				"up": { "uv": [ 8.96, 0.96, 11.04, 3.04 ], "texture": "#waifu_knight" },
				"north": { "uv": [ 8.96, 0.96, 11.04, 3.04 ], "texture": "#waifu_knight" },
				"south": { "uv": [ 8.96, 0.96, 11.04, 3.04 ], "texture": "#waifu_knight" },
				"west": { "uv": [ 8.96, 0.96, 11.04, 3.04 ], "texture": "#waifu_knight" },
				"east": { "uv": [ 8.96, 0.96, 11.04, 3.04 ], "texture": "#waifu_knight" }
			}
		},
		{
			"__comment": "Voxels-F0F0F0",
			"from": [ 6, 9, 12 ],
			"to": [ 7, 11, 13 ],
			"faces": {
				"down": { "uv": [ 8.96, 0.96, 11.04, 3.04 ], "texture": "#waifu_knight" },
				"up": { "uv": [ 8.96, 0.96, 11.04, 3.04 ], "texture": "#waifu_knight" },
				"north": { "uv": [ 8.96, 0.96, 11.04, 3.04 ], "texture": "#waifu_knight" },
				"south": { "uv": [ 8.96, 0.96, 11.04, 3.04 ], "texture": "#waifu_knight" },
				"west": { "uv": [ 8.96, 0.96, 11.04, 3.04 ], "texture": "#waifu_knight" },
				"east": { "uv": [ 8.96, 0.96, 11.04, 3.04 ], "texture": "#waifu_knight" }
			}
		},
		{
			"__comment": "Voxels-9D9D9D",
			"from": [ 5, 0, 2 ],
			"to": [ 11, 13, 3 ],
			"faces": {
				"down": { "uv": [ 4.96, 0.96, 7.04, 3.04 ], "texture": "#waifu_knight" },
				"up": { "uv": [ 4.96, 0.96, 7.04, 3.04 ], "texture": "#waifu_knight" },
				"north": { "uv": [ 4.96, 0.96, 7.04, 3.04 ], "texture": "#waifu_knight" },
				"south": { "uv": [ 4.96, 0.96, 7.04, 3.04 ], "texture": "#waifu_knight" },
				"west": { "uv": [ 4.96, 0.96, 7.04, 3.04 ], "texture": "#waifu_knight" },
				"east": { "uv": [ 4.96, 0.96, 7.04, 3.04 ], "texture": "#waifu_knight" }
			}
		},
		{
			"__comment": "Voxels-F0F0F0",
			"from": [ 7, 0, 12 ],
			"to": [ 9, 2, 13 ],
			"faces": {
				"down": { "uv": [ 8.96, 0.96, 11.04, 3.04 ], "texture": "#waifu_knight" },
				"up": { "uv": [ 8.96, 0.96, 11.04, 3.04 ], "texture": "#waifu_knight" },
				"north": { "uv": [ 8.96, 0.96, 11.04, 3.04 ], "texture": "#waifu_knight" },
				"south": { "uv": [ 8.96, 0.96, 11.04, 3.04 ], "texture": "#waifu_knight" },
				"west": { "uv": [ 8.96, 0.96, 11.04, 3.04 ], "texture": "#waifu_knight" },
				"east": { "uv": [ 8.96, 0.96, 11.04, 3.04 ], "texture": "#waifu_knight" }
			}
		},
		{
			"__comment": "Voxels-9D9D9D",
			"from": [ 9, 0, 12 ],
			"to": [ 11, 2, 13 ],
			"faces": {
				"down": { "uv": [ 4.96, 0.96, 7.04, 3.04 ], "texture": "#waifu_knight" },
				"up": { "uv": [ 4.96, 0.96, 7.04, 3.04 ], "texture": "#waifu_knight" },
				"north": { "uv": [ 4.96, 0.96, 7.04, 3.04 ], "texture": "#waifu_knight" },
				"south": { "uv": [ 4.96, 0.96, 7.04, 3.04 ], "texture": "#waifu_knight" },
				"west": { "uv": [ 4.96, 0.96, 7.04, 3.04 ], "texture": "#waifu_knight" },
				"east": { "uv": [ 4.96, 0.96, 7.04, 3.04 ], "texture": "#waifu_knight" }
			}
		},
		{
			"__comment": "Voxels-0F0F0F",
			"from": [ 10.25, 3, 12 ],
			"to": [ 10.75, 3.5, 13 ],
			"faces": {
				"down": { "uv": [ 12.96, 0.96, 15.04, 3.04 ], "texture": "#waifu_knight" },
				"up": { "uv": [ 12.96, 0.96, 15.04, 3.04 ], "texture": "#waifu_knight" },
				"north": { "uv": [ 12.96, 0.96, 15.04, 3.04 ], "texture": "#waifu_knight" },
				"south": { "uv": [ 12.96, 0.96, 15.04, 3.04 ], "texture": "#waifu_knight" },
				"west": { "uv": [ 12.96, 0.96, 15.04, 3.04 ], "texture": "#waifu_knight" },
				"east": { "uv": [ 12.96, 0.96, 15.04, 3.04 ], "texture": "#waifu_knight" }
			}
		},
		{
			"__comment": "Voxels-F0F0F0",
			"from": [ 9, 9, 12 ],
			"to": [ 10, 11, 13 ],
			"faces": {
				"down": { "uv": [ 8.96, 0.96, 11.04, 3.04 ], "texture": "#waifu_knight" },
				"up": { "uv": [ 8.96, 0.96, 11.04, 3.04 ], "texture": "#waifu_knight" },
				"north": { "uv": [ 8.96, 0.96, 11.04, 3.04 ], "texture": "#waifu_knight" },
				"south": { "uv": [ 8.96, 0.96, 11.04, 3.04 ], "texture": "#waifu_knight" },
				"west": { "uv": [ 8.96, 0.96, 11.04, 3.04 ], "texture": "#waifu_knight" },
				"east": { "uv": [ 8.96, 0.96, 11.04, 3.04 ], "texture": "#waifu_knight" }
			}
		},
		{
			"__comment": "Voxels-F0F0F0",
			"from": [ 5.75, 3, 12 ],
			"to": [ 6.5, 3.5, 13 ],
			"faces": {
				"down": { "uv": [ 8.96, 0.96, 11.04, 3.04 ], "texture": "#waifu_knight" },
				"up": { "uv": [ 8.96, 0.96, 11.04, 3.04 ], "texture": "#waifu_knight" },
				"north": { "uv": [ 8.96, 0.96, 11.04, 3.04 ], "texture": "#waifu_knight" },
				"south": { "uv": [ 8.96, 0.96, 11.04, 3.04 ], "texture": "#waifu_knight" },
				"west": { "uv": [ 8.96, 0.96, 11.04, 3.04 ], "texture": "#waifu_knight" },
				"east": { "uv": [ 8.96, 0.96, 11.04, 3.04 ], "texture": "#waifu_knight" }
			}
		},
		{
			"__comment": "Voxels-9D9D9D",
			"from": [ 10, 5, 12 ],
			"to": [ 11, 11, 13 ],
			"faces": {
				"down": { "uv": [ 4.96, 0.96, 7.04, 3.04 ], "texture": "#waifu_knight" },
				"up": { "uv": [ 4.96, 0.96, 7.04, 3.04 ], "texture": "#waifu_knight" },
				"north": { "uv": [ 4.96, 0.96, 7.04, 3.04 ], "texture": "#waifu_knight" },
				"south": { "uv": [ 4.96, 0.96, 7.04, 3.04 ], "texture": "#waifu_knight" },
				"west": { "uv": [ 4.96, 0.96, 7.04, 3.04 ], "texture": "#waifu_knight" },
				"east": { "uv": [ 4.96, 0.96, 7.04, 3.04 ], "texture": "#waifu_knight" }
			}
		},
		{
			"__comment": "Voxels-F0F0F0",
			"from": [ 11, 2, 11 ],
			"to": [ 12, 5, 12 ],
			"faces": {
				"down": { "uv": [ 8.96, 0.96, 11.04, 3.04 ], "texture": "#waifu_knight" },
				"up": { "uv": [ 8.96, 0.96, 11.04, 3.04 ], "texture": "#waifu_knight" },
				"north": { "uv": [ 8.96, 0.96, 11.04, 3.04 ], "texture": "#waifu_knight" },
				"south": { "uv": [ 8.96, 0.96, 11.04, 3.04 ], "texture": "#waifu_knight" },
				"west": { "uv": [ 8.96, 0.96, 11.04, 3.04 ], "texture": "#waifu_knight" },
				"east": { "uv": [ 8.96, 0.96, 11.04, 3.04 ], "texture": "#waifu_knight" }
			}
		},
		{
			"__comment": "Voxels-F0F0F0",
			"from": [ 12, 2, 10 ],
			"to": [ 13, 5, 11 ],
			"faces": {
				"down": { "uv": [ 8.96, 0.96, 11.04, 3.04 ], "texture": "#waifu_knight" },
				"up": { "uv": [ 8.96, 0.96, 11.04, 3.04 ], "texture": "#waifu_knight" },
				"north": { "uv": [ 8.96, 0.96, 11.04, 3.04 ], "texture": "#waifu_knight" },
				"south": { "uv": [ 8.96, 0.96, 11.04, 3.04 ], "texture": "#waifu_knight" },
				"west": { "uv": [ 8.96, 0.96, 11.04, 3.04 ], "texture": "#waifu_knight" },
				"east": { "uv": [ 8.96, 0.96, 11.04, 3.04 ], "texture": "#waifu_knight" }
			}
		},
		{
			"__comment": "Voxels-A6A6A6",
			"from": [ 13.5, 1, 6 ],
			"to": [ 14, 6, 9 ],
			"faces": {
				"down": { "uv": [ 0.96, 4.96, 3.04, 7.04 ], "texture": "#waifu_knight" },
				"up": { "uv": [ 0.96, 4.96, 3.04, 7.04 ], "texture": "#waifu_knight" },
				"north": { "uv": [ 0.96, 4.96, 3.04, 7.04 ], "texture": "#waifu_knight" },
				"south": { "uv": [ 0.96, 4.96, 3.04, 7.04 ], "texture": "#waifu_knight" },
				"west": { "uv": [ 0.96, 4.96, 3.04, 7.04 ], "texture": "#waifu_knight" },
				"east": { "uv": [ 0.96, 4.96, 3.04, 7.04 ], "texture": "#waifu_knight" }
			}
		},
		{
			"__comment": "Voxels-A6A6A6",
			"from": [ 2.5, 0, 5 ],
			"to": [ 3, 13, 6 ],
			"faces": {
				"down": { "uv": [ 5.5, 1.5, 7.58, 3.58 ], "texture": "#waifu_knight" },
				"up": { "uv": [ 5.5, 1.5, 7.58, 3.58 ], "texture": "#waifu_knight" },
				"north": { "uv": [ 5.5, 1.5, 7.58, 3.58 ], "texture": "#waifu_knight" },
				"south": { "uv": [ 5.5, 1.5, 7.58, 3.58 ], "texture": "#waifu_knight" },
				"west": { "uv": [ 5.5, 1.5, 7.58, 3.58 ], "texture": "#waifu_knight" },
				"east": { "uv": [ 5.5, 1.5, 7.58, 3.58 ], "texture": "#waifu_knight" }
			}
		},
		{
			"__comment": "Voxels-A6A6A6",
			"from": [ 13.5, 2, 9 ],
			"to": [ 14, 5, 10 ],
			"faces": {
				"down": { "uv": [ 0.96, 4.96, 3.04, 7.04 ], "texture": "#waifu_knight" },
				"up": { "uv": [ 0.96, 4.96, 3.04, 7.04 ], "texture": "#waifu_knight" },
				"north": { "uv": [ 0.96, 4.96, 3.04, 7.04 ], "texture": "#waifu_knight" },
				"south": { "uv": [ 0.96, 4.96, 3.04, 7.04 ], "texture": "#waifu_knight" },
				"west": { "uv": [ 0.96, 4.96, 3.04, 7.04 ], "texture": "#waifu_knight" },
				"east": { "uv": [ 0.96, 4.96, 3.04, 7.04 ], "texture": "#waifu_knight" }
			}
		},
		{
			"__comment": "Voxels-A6A6A6",
			"from": [ 13, 0, 9 ],
			"to": [ 13.5, 2, 10 ],
			"faces": {
				"down": { "uv": [ 1, 5.5, 3.08, 7.58 ], "texture": "#waifu_knight" },
				"up": { "uv": [ 1, 5.5, 3.08, 7.58 ], "texture": "#waifu_knight" },
				"north": { "uv": [ 1, 5.5, 3.08, 7.58 ], "texture": "#waifu_knight" },
				"south": { "uv": [ 1, 5.5, 3.08, 7.58 ], "texture": "#waifu_knight" },
				"west": { "uv": [ 1, 5.5, 3.08, 7.58 ], "texture": "#waifu_knight" },
				"east": { "uv": [ 1, 5.5, 3.08, 7.58 ], "texture": "#waifu_knight" }
			}
		},
		{
			"__comment": "Voxels-A6A6A6",
			"from": [ 2, 1, 6 ],
			"to": [ 2.5, 6, 9 ],
			"faces": {
				"down": { "uv": [ 0.96, 4.96, 3.04, 7.04 ], "texture": "#waifu_knight" },
				"up": { "uv": [ 0.96, 4.96, 3.04, 7.04 ], "texture": "#waifu_knight" },
				"north": { "uv": [ 0.96, 4.96, 3.04, 7.04 ], "texture": "#waifu_knight" },
				"south": { "uv": [ 0.96, 4.96, 3.04, 7.04 ], "texture": "#waifu_knight" },
				"west": { "uv": [ 0.96, 4.96, 3.04, 7.04 ], "texture": "#waifu_knight" },
				"east": { "uv": [ 0.96, 4.96, 3.04, 7.04 ], "texture": "#waifu_knight" }
			}
		},
		{
			"__comment": "Voxels-A6A6A6",
			"from": [ 13.5, 2, 5 ],
			"to": [ 14, 5, 6 ],
			"faces": {
				"down": { "uv": [ 0.96, 4.96, 3.04, 7.04 ], "texture": "#waifu_knight" },
				"up": { "uv": [ 0.96, 4.96, 3.04, 7.04 ], "texture": "#waifu_knight" },
				"north": { "uv": [ 0.96, 4.96, 3.04, 7.04 ], "texture": "#waifu_knight" },
				"south": { "uv": [ 0.96, 4.96, 3.04, 7.04 ], "texture": "#waifu_knight" },
				"west": { "uv": [ 0.96, 4.96, 3.04, 7.04 ], "texture": "#waifu_knight" },
				"east": { "uv": [ 0.96, 4.96, 3.04, 7.04 ], "texture": "#waifu_knight" }
			}
		},
		{
			"__comment": "Voxels-A6A6A6",
			"from": [ 11, 0, 3 ],
			"to": [ 12, 13, 4 ],
			"faces": {
				"down": { "uv": [ 5, 1.5, 7.08, 3.58 ], "texture": "#waifu_knight" },
				"up": { "uv": [ 5, 1.5, 7.08, 3.58 ], "texture": "#waifu_knight" },
				"north": { "uv": [ 5, 1.5, 7.08, 3.58 ], "texture": "#waifu_knight" },
				"south": { "uv": [ 5, 1.5, 7.08, 3.58 ], "texture": "#waifu_knight" },
				"west": { "uv": [ 5, 1.5, 7.08, 3.58 ], "texture": "#waifu_knight" },
				"east": { "uv": [ 5, 1.5, 7.08, 3.58 ], "texture": "#waifu_knight" }
			}
		},
		{
			"__comment": "Voxels-A6A6A6",
			"from": [ 2.5, 0, 6 ],
			"to": [ 3, 13, 9 ],
			"faces": {
				"down": { "uv": [ 5.5, 1.5, 7.58, 3.58 ], "texture": "#waifu_knight" },
				"up": { "uv": [ 5.5, 1.5, 7.58, 3.58 ], "texture": "#waifu_knight" },
				"north": { "uv": [ 5.5, 1.5, 7.58, 3.58 ], "texture": "#waifu_knight" },
				"south": { "uv": [ 5.5, 1.5, 7.58, 3.58 ], "texture": "#waifu_knight" },
				"west": { "uv": [ 5.5, 1.5, 7.58, 3.58 ], "texture": "#waifu_knight" },
				"east": { "uv": [ 5.5, 1.5, 7.58, 3.58 ], "texture": "#waifu_knight" }
			}
		},
		{
			"__comment": "Voxels-A6A6A6",
			"from": [ 2.5, 2, 9 ],
			"to": [ 3, 5, 10 ],
			"faces": {
				"down": { "uv": [ 9, 1, 11.08, 3.08 ], "texture": "#waifu_knight" },
				"up": { "uv": [ 9, 1, 11.08, 3.08 ], "texture": "#waifu_knight" },
				"north": { "uv": [ 9, 1, 11.08, 3.08 ], "texture": "#waifu_knight" },
				"south": { "uv": [ 9, 1, 11.08, 3.08 ], "texture": "#waifu_knight" },
				"west": { "uv": [ 9, 1, 11.08, 3.08 ], "texture": "#waifu_knight" },
				"east": { "uv": [ 9, 1, 11.08, 3.08 ], "texture": "#waifu_knight" }
			}
		},
		{
			"__comment": "Voxels-A6A6A6",
			"from": [ 2.5, 5, 9 ],
			"to": [ 3, 13, 10 ],
			"faces": {
				"down": { "uv": [ 5.5, 1.5, 7.58, 3.58 ], "texture": "#waifu_knight" },
				"up": { "uv": [ 5.5, 1.5, 7.58, 3.58 ], "texture": "#waifu_knight" },
				"north": { "uv": [ 5.5, 1.5, 7.58, 3.58 ], "texture": "#waifu_knight" },
				"south": { "uv": [ 5.5, 1.5, 7.58, 3.58 ], "texture": "#waifu_knight" },
				"west": { "uv": [ 5.5, 1.5, 7.58, 3.58 ], "texture": "#waifu_knight" },
				"east": { "uv": [ 5.5, 1.5, 7.58, 3.58 ], "texture": "#waifu_knight" }
			}
		},
		{
			"__comment": "Voxels-9D9D9D",
			"from": [ 6, 11, 12 ],
			"to": [ 11, 13, 13 ],
			"faces": {
				"down": { "uv": [ 4.96, 0.96, 7.04, 3.04 ], "texture": "#waifu_knight" },
				"up": { "uv": [ 4.96, 0.96, 7.04, 3.04 ], "texture": "#waifu_knight" },
				"north": { "uv": [ 4.96, 0.96, 7.04, 3.04 ], "texture": "#waifu_knight" },
				"south": { "uv": [ 4.96, 0.96, 7.04, 3.04 ], "texture": "#waifu_knight" },
				"west": { "uv": [ 4.96, 0.96, 7.04, 3.04 ], "texture": "#waifu_knight" },
				"east": { "uv": [ 4.96, 0.96, 7.04, 3.04 ], "texture": "#waifu_knight" }
			}
		},
		{
			"__comment": "Voxels-A6A6A6",
			"from": [ 4, 0, 3 ],
			"to": [ 5, 13, 4 ],
			"faces": {
				"down": { "uv": [ 5, 1.5, 7.08, 3.58 ], "texture": "#waifu_knight" },
				"up": { "uv": [ 5, 1.5, 7.08, 3.58 ], "texture": "#waifu_knight" },
				"north": { "uv": [ 5, 1.5, 7.08, 3.58 ], "texture": "#waifu_knight" },
				"south": { "uv": [ 5, 1.5, 7.08, 3.58 ], "texture": "#waifu_knight" },
				"west": { "uv": [ 5, 1.5, 7.08, 3.58 ], "texture": "#waifu_knight" },
				"east": { "uv": [ 5, 1.5, 7.08, 3.58 ], "texture": "#waifu_knight" }
			}
		},
		{
			"__comment": "Voxels-A6A6A6",
			"from": [ 13, 0, 5 ],
			"to": [ 13.5, 13, 6 ],
			"faces": {
				"down": { "uv": [ 5.5, 1.5, 7.58, 3.58 ], "texture": "#waifu_knight" },
				"up": { "uv": [ 5.5, 1.5, 7.58, 3.58 ], "texture": "#waifu_knight" },
				"north": { "uv": [ 5.5, 1.5, 7.58, 3.58 ], "texture": "#waifu_knight" },
				"south": { "uv": [ 5.5, 1.5, 7.58, 3.58 ], "texture": "#waifu_knight" },
				"west": { "uv": [ 5.5, 1.5, 7.58, 3.58 ], "texture": "#waifu_knight" },
				"east": { "uv": [ 5.5, 1.5, 7.58, 3.58 ], "texture": "#waifu_knight" }
			}
		},
		{
			"__comment": "Voxels-A6A6A6",
			"from": [ 12, 0, 4 ],
			"to": [ 13, 13, 5 ],
			"faces": {
				"down": { "uv": [ 5, 1.5, 7.08, 3.58 ], "texture": "#waifu_knight" },
				"up": { "uv": [ 5, 1.5, 7.08, 3.58 ], "texture": "#waifu_knight" },
				"north": { "uv": [ 5, 1.5, 7.08, 3.58 ], "texture": "#waifu_knight" },
				"south": { "uv": [ 5, 1.5, 7.08, 3.58 ], "texture": "#waifu_knight" },
				"west": { "uv": [ 5, 1.5, 7.08, 3.58 ], "texture": "#waifu_knight" },
				"east": { "uv": [ 5, 1.5, 7.08, 3.58 ], "texture": "#waifu_knight" }
			}
		},
		{
			"__comment": "Voxels-A6A6A6",
			"from": [ 3, 0, 4 ],
			"to": [ 4, 13, 5 ],
			"faces": {
				"down": { "uv": [ 5, 1.5, 7.08, 3.58 ], "texture": "#waifu_knight" },
				"up": { "uv": [ 5, 1.5, 7.08, 3.58 ], "texture": "#waifu_knight" },
				"north": { "uv": [ 5, 1.5, 7.08, 3.58 ], "texture": "#waifu_knight" },
				"south": { "uv": [ 5, 1.5, 7.08, 3.58 ], "texture": "#waifu_knight" },
				"west": { "uv": [ 5, 1.5, 7.08, 3.58 ], "texture": "#waifu_knight" },
				"east": { "uv": [ 5, 1.5, 7.08, 3.58 ], "texture": "#waifu_knight" }
			}
		},
		{
			"__comment": "Voxels-A6A6A6",
			"from": [ 13, 5, 9 ],
			"to": [ 13.5, 13, 10 ],
			"faces": {
				"down": { "uv": [ 5.5, 1.5, 7.58, 3.58 ], "texture": "#waifu_knight" },
				"up": { "uv": [ 5.5, 1.5, 7.58, 3.58 ], "texture": "#waifu_knight" },
				"north": { "uv": [ 5.5, 1.5, 7.58, 3.58 ], "texture": "#waifu_knight" },
				"south": { "uv": [ 5.5, 1.5, 7.58, 3.58 ], "texture": "#waifu_knight" },
				"west": { "uv": [ 5.5, 1.5, 7.58, 3.58 ], "texture": "#waifu_knight" },
				"east": { "uv": [ 5.5, 1.5, 7.58, 3.58 ], "texture": "#waifu_knight" }
			}
		},
		{
			"__comment": "Voxels-A6A6A6",
			"from": [ 13, 0, 6 ],
			"to": [ 13.5, 13, 9 ],
			"faces": {
				"down": { "uv": [ 5.5, 1.5, 7.58, 3.58 ], "texture": "#waifu_knight" },
				"up": { "uv": [ 5.5, 1.5, 7.58, 3.58 ], "texture": "#waifu_knight" },
				"north": { "uv": [ 5.5, 1.5, 7.58, 3.58 ], "texture": "#waifu_knight" },
				"south": { "uv": [ 5.5, 1.5, 7.58, 3.58 ], "texture": "#waifu_knight" },
				"west": { "uv": [ 5.5, 1.5, 7.58, 3.58 ], "texture": "#waifu_knight" },
				"east": { "uv": [ 5.5, 1.5, 7.58, 3.58 ], "texture": "#waifu_knight" }
			}
		},
		{
			"__comment": "Voxels-A6A6A6",
			"from": [ 13, 2, 9 ],
			"to": [ 13.5, 5, 10 ],
			"faces": {
				"down": { "uv": [ 9, 1, 11.08, 3.08 ], "texture": "#waifu_knight" },
				"up": { "uv": [ 9, 1, 11.08, 3.08 ], "texture": "#waifu_knight" },
				"north": { "uv": [ 9, 1, 11.08, 3.08 ], "texture": "#waifu_knight" },
				"south": { "uv": [ 9, 1, 11.08, 3.08 ], "texture": "#waifu_knight" },
				"west": { "uv": [ 9, 1, 11.08, 3.08 ], "texture": "#waifu_knight" },
				"east": { "uv": [ 9, 1, 11.08, 3.08 ], "texture": "#waifu_knight" }
			}
		},
		{
			"__comment": "Voxels-0F0F0F",
			"from": [ 5.25, 3, 12 ],
			"to": [ 5.75, 3.5, 13 ],
			"faces": {
				"down": { "uv": [ 12.96, 0.96, 15.04, 3.04 ], "texture": "#waifu_knight" },
				"up": { "uv": [ 12.96, 0.96, 15.04, 3.04 ], "texture": "#waifu_knight" },
				"north": { "uv": [ 12.96, 0.96, 15.04, 3.04 ], "texture": "#waifu_knight" },
				"south": { "uv": [ 12.96, 0.96, 15.04, 3.04 ], "texture": "#waifu_knight" },
				"west": { "uv": [ 12.96, 0.96, 15.04, 3.04 ], "texture": "#waifu_knight" },
				"east": { "uv": [ 12.96, 0.96, 15.04, 3.04 ], "texture": "#waifu_knight" }
			}
		},
		{
			"__comment": "Voxels-0F0F0F",
			"from": [ 9.5, 3.5, 12 ],
			"to": [ 10.25, 4, 13 ],
			"faces": {
				"down": { "uv": [ 12.96, 0.96, 15.04, 3.04 ], "texture": "#waifu_knight" },
				"up": { "uv": [ 12.96, 0.96, 15.04, 3.04 ], "texture": "#waifu_knight" },
				"north": { "uv": [ 12.96, 0.96, 15.04, 3.04 ], "texture": "#waifu_knight" },
				"south": { "uv": [ 12.96, 0.96, 15.04, 3.04 ], "texture": "#waifu_knight" },
				"west": { "uv": [ 12.96, 0.96, 15.04, 3.04 ], "texture": "#waifu_knight" },
				"east": { "uv": [ 12.96, 0.96, 15.04, 3.04 ], "texture": "#waifu_knight" }
			}
		},
		{
			"__comment": "Voxels-F0F0F0",
			"from": [ 10.75, 3, 12 ],
			"to": [ 11, 4, 13 ],
			"faces": {
				"down": { "uv": [ 8.96, 0.96, 11.04, 3.04 ], "texture": "#waifu_knight" },
				"up": { "uv": [ 8.96, 0.96, 11.04, 3.04 ], "texture": "#waifu_knight" },
				"north": { "uv": [ 8.96, 0.96, 11.04, 3.04 ], "texture": "#waifu_knight" },
				"south": { "uv": [ 8.96, 0.96, 11.04, 3.04 ], "texture": "#waifu_knight" },
				"west": { "uv": [ 8.96, 0.96, 11.04, 3.04 ], "texture": "#waifu_knight" },
				"east": { "uv": [ 8.96, 0.96, 11.04, 3.04 ], "texture": "#waifu_knight" }
			}
		},
		{
			"__comment": "Voxels-F0F0F0",
			"from": [ 9.5, 3, 12 ],
			"to": [ 10.25, 3.5, 13 ],
			"faces": {
				"down": { "uv": [ 8.96, 0.96, 11.04, 3.04 ], "texture": "#waifu_knight" },
				"up": { "uv": [ 8.96, 0.96, 11.04, 3.04 ], "texture": "#waifu_knight" },
				"north": { "uv": [ 8.96, 0.96, 11.04, 3.04 ], "texture": "#waifu_knight" },
				"south": { "uv": [ 8.96, 0.96, 11.04, 3.04 ], "texture": "#waifu_knight" },
				"west": { "uv": [ 8.96, 0.96, 11.04, 3.04 ], "texture": "#waifu_knight" },
				"east": { "uv": [ 8.96, 0.96, 11.04, 3.04 ], "texture": "#waifu_knight" }
			}
		},
		{
			"__comment": "Cube14",
			"from": [ 6.5, 3.5, 12 ],
			"to": [ 9.5, 4, 13 ],
			"faces": {
				"down": { "uv": [ 9.5, 2, 10.5, 3 ], "texture": "#waifu_knight" },
				"up": { "uv": [ 9.5, 2, 10.5, 3 ], "texture": "#waifu_knight" },
				"north": { "uv": [ 9.5, 2, 10.5, 3 ], "texture": "#waifu_knight" },
				"south": { "uv": [ 9.5, 2, 10.5, 3 ], "texture": "#waifu_knight" },
				"west": { "uv": [ 9.5, 2, 10.5, 3 ], "texture": "#waifu_knight" },
				"east": { "uv": [ 9.5, 2, 10.5, 3 ], "texture": "#waifu_knight" }
			}
		},
		{
			"__comment": "Cube14",
			"from": [ 10.25, 3.5, 12 ],
			"to": [ 10.75, 4, 13 ],
			"faces": {
				"down": { "uv": [ 9.5, 2, 10.5, 3 ], "texture": "#waifu_knight" },
				"up": { "uv": [ 9.5, 2, 10.5, 3 ], "texture": "#waifu_knight" },
				"north": { "uv": [ 9.5, 2, 10.5, 3 ], "texture": "#waifu_knight" },
				"south": { "uv": [ 9.5, 2, 10.5, 3 ], "texture": "#waifu_knight" },
				"west": { "uv": [ 9.5, 2, 10.5, 3 ], "texture": "#waifu_knight" },
				"east": { "uv": [ 9.5, 2, 10.5, 3 ], "texture": "#waifu_knight" }
			}
		}
	],
	"display": {
		"gui": {
			"translation":  [ 0, 2, 0 ],
			"scale":  [ 1.15, 1.15, 1.15 ]
		},
		"head": {
			"rotation":  [ 0, 180, 0 ],
			"translation":  [ 0, 7, 0 ],
			"scale":  [ 2, 1.8, 1.85 ]
		},
		"fixed": {
			"rotation":  [ 0, 180, 0 ],
			"translation":  [ 0, 2, 0 ],
			"scale":  [ 1.15, 1.15, 1.15 ]
		}
	}
}