{"__comment":"Designed by Hypixel minecraft server with BDcraft Cubik PRO 0.93 Beta - http://bdcraft.net","textures":{"texture":"blocks/cookie","cookie3":"blocks/cookie3"},"elements":[{"from":[-1,5,13],"to":[6,9,20],"faces":{"down":{"uv":[1.5,2.5,5,3],"texture":"#texture","cullface":"west"},"up":{"uv":[1.5,1,5,1.5],"texture":"#texture","cullface":"west"},"north":{"uv":[1.5,1,5,2],"texture":"#texture","cullface":"west"},"south":{"uv":[1.5,1,5,3],"texture":"#texture","cullface":"west"},"west":{"uv":[1.5,1,2,3],"texture":"#texture","cullface":"west"},"east":{"uv":[4.5,1,5,3],"texture":"#texture","cullface":"west"}}},{"from":[0,9,13],"to":[5,10,20],"faces":{"up":{"uv":[2,0.5,4.5,1],"texture":"#texture","cullface":"south"},"north":{"uv":[2,0.5,4.5,1],"texture":"#texture","cullface":"south"},"south":{"uv":[2,0.5,4.5,1],"texture":"#texture","cullface":"south"},"west":{"uv":[2,0.5,4.5,1],"texture":"#texture","cullface":"south"},"east":{"uv":[2,0.5,4.5,1],"texture":"#texture","cullface":"south"}}},{"from":[1,10,14],"to":[4,11,19],"faces":{"up":{"uv":[2.5,0,4,0.5],"texture":"#texture","cullface":"south"},"north":{"uv":[2.5,0,4,0.5],"texture":"#texture","cullface":"south"},"south":{"uv":[2.5,0,4,0.5],"texture":"#texture","cullface":"south"},"west":{"uv":[2.5,0,4,0.5],"texture":"#texture","cullface":"south"},"east":{"uv":[2.5,0,4,0.5],"texture":"#texture","cullface":"south"}}},{"from":[0,10,15],"to":[1,11,18],"faces":{"up":{"uv":[2,0,2.5,0.5],"texture":"#texture","cullface":"south"},"north":{"uv":[2,0,2.5,0.5],"texture":"#texture","cullface":"south"},"south":{"uv":[2,0,2.5,0.5],"texture":"#texture","cullface":"south"},"west":{"uv":[2,0,2.5,0.5],"texture":"#texture","cullface":"south"}}},{"from":[-1,9,14],"to":[0,10,19],"faces":{"up":{"uv":[1.5,0.5,2,1],"texture":"#texture","cullface":"west"},"north":{"uv":[1.5,0.5,2,1],"texture":"#texture","cullface":"west"},"south":{"uv":[1.5,0.5,2,1],"texture":"#texture","cullface":"west"},"west":{"uv":[1.5,0.5,2,1],"texture":"#texture","cullface":"west"}}},{"from":[-2,5,14],"to":[-1,9,19],"faces":{"down":{"uv":[1,2.5,1.5,3],"texture":"#texture","cullface":"west"},"up":{"uv":[1,1,1.5,1.5],"texture":"#texture","cullface":"west"},"north":{"uv":[1,1,1.5,3],"texture":"#texture","cullface":"west"},"south":{"uv":[1,1,1.5,3],"texture":"#texture","cullface":"west"},"west":{"uv":[1,1,1.5,3],"texture":"#texture","cullface":"west"}}},{"from":[-2,6,19],"to":[-1,8,20],"faces":{"down":{"uv":[1,2,1.5,2.5],"texture":"#texture","cullface":"west"},"up":{"uv":[1,1.5,1.5,2],"texture":"#texture","cullface":"west"},"south":{"uv":[1,1.5,1.5,2.5],"texture":"#texture","cullface":"west"},"west":{"uv":[1,1.5,1.5,2.5],"texture":"#texture","cullface":"west"}}},{"from":[0,4,13],"to":[5,5,20],"faces":{"down":{"uv":[2,3,4.5,3.5],"texture":"#texture","cullface":"south"},"north":{"uv":[2,1.5,4.5,2],"texture":"#texture","cullface":"south"},"south":{"uv":[2,3,4.5,3.5],"texture":"#texture","cullface":"south"},"west":{"uv":[2,3,2.5,3.5],"texture":"#texture","cullface":"south"},"east":{"uv":[2,3,2.5,3.5],"texture":"#texture","cullface":"south"}}},{"from":[1,3,14],"to":[4,4,19],"faces":{"down":{"uv":[2.5,3.5,4,4],"texture":"#texture","cullface":"south"},"north":{"uv":[2.5,3.5,4,4],"texture":"#texture","cullface":"south"},"south":{"uv":[2.5,3.5,4,4],"texture":"#texture","cullface":"south"},"west":{"uv":[2.5,3.5,4,4],"texture":"#texture","cullface":"south"},"east":{"uv":[2.5,3.5,4,4],"texture":"#texture","cullface":"south"}}},{"from":[0,3,15],"to":[1,4,18],"faces":{"down":{"uv":[2,3.5,2.5,4],"texture":"#texture","cullface":"south"},"north":{"uv":[2,3.5,2.5,4],"texture":"#texture","cullface":"south"},"south":{"uv":[2,3.5,2.5,4],"texture":"#texture","cullface":"south"},"west":{"uv":[2,3.5,2.5,4],"texture":"#texture","cullface":"south"}}},{"from":[-1,4,14],"to":[0,5,19],"faces":{"down":{"uv":[1.5,3,2,3.5],"texture":"#texture","cullface":"west"},"north":{"uv":[1.5,3,2,3.5],"texture":"#texture","cullface":"west"},"south":{"uv":[1.5,3,2,3.5],"texture":"#texture","cullface":"west"},"west":{"uv":[1.5,3,2,3.5],"texture":"#texture","cullface":"west"}}},{"from":[0,6,20],"to":[5,8,21],"faces":{"down":{"uv":[2,2,4.5,2.5],"texture":"#texture","cullface":"south"},"up":{"uv":[2,1.5,4.5,2],"texture":"#texture","cullface":"south"},"south":{"uv":[2,1.5,4.5,2.5],"texture":"#texture","cullface":"south"},"west":{"uv":[4.5,1.5,5,2],"texture":"#texture","cullface":"south"},"east":{"uv":[4.5,1.5,5,2],"texture":"#texture","cullface":"south"}}},{"from":[1,5,20],"to":[4,6,21],"faces":{"down":{"uv":[2.5,2.5,4,3],"texture":"#texture","cullface":"south"},"south":{"uv":[2.5,2.5,4,3],"texture":"#texture","cullface":"south"},"west":{"uv":[2.5,2.5,3,3],"texture":"#texture","cullface":"south"},"east":{"uv":[3.5,2.5,4,3],"texture":"#texture","cullface":"south"}}},{"from":[1,8,20],"to":[4,9,21],"faces":{"up":{"uv":[2.5,1,4,1.5],"texture":"#texture","cullface":"south"},"south":{"uv":[2.5,1,4,1.5],"texture":"#texture","cullface":"south"},"west":{"uv":[2.5,1,3,1.5],"texture":"#texture","cullface":"south"},"east":{"uv":[2.5,1,3,1.5],"texture":"#texture","cullface":"south"}}},{"from":[4,3,15],"to":[5,4,18],"faces":{"down":{"uv":[2,3.5,2.5,4],"texture":"#texture","cullface":"south"},"north":{"uv":[2,3.5,2.5,4],"texture":"#texture","cullface":"south"},"south":{"uv":[2,3.5,2.5,4],"texture":"#texture","cullface":"south"},"east":{"uv":[2,3.5,2.5,4],"texture":"#texture","cullface":"south"}}},{"from":[5,4,14],"to":[6,5,19],"faces":{"down":{"uv":[1.5,3,2,3.5],"texture":"#texture","cullface":"south"},"north":{"uv":[1.5,3,2,3.5],"texture":"#texture","cullface":"south"},"south":{"uv":[1.5,3,2,3.5],"texture":"#texture","cullface":"south"},"east":{"uv":[1.5,3,2,3.5],"texture":"#texture","cullface":"south"}}},{"from":[-2,6,13],"to":[-1,8,14],"faces":{"down":{"uv":[1,2,1.5,2.5],"texture":"#texture","cullface":"west"},"up":{"uv":[1,1.5,1.5,2],"texture":"#texture","cullface":"west"},"north":{"uv":[1,1.5,1.5,2.5],"texture":"#texture","cullface":"west"},"west":{"uv":[1,1.5,1.5,2.5],"texture":"#texture","cullface":"west"}}},{"from":[6,6,19],"to":[7,8,20],"faces":{"down":{"uv":[5,1.5,5.5,2],"texture":"#texture","cullface":"south"},"up":{"uv":[5,1.5,5.5,2],"texture":"#texture","cullface":"south"},"south":{"uv":[5,1.5,5.5,2.5],"texture":"#texture","cullface":"south"},"east":{"uv":[5,1.5,5.5,2.5],"texture":"#texture","cullface":"south"}}},{"from":[6,5,14],"to":[7,9,19],"faces":{"down":{"uv":[1,2.5,1.5,3],"texture":"#texture","cullface":"south"},"up":{"uv":[1,1,1.5,1.5],"texture":"#texture","cullface":"south"},"north":{"uv":[5,1,5.5,3],"texture":"#texture","cullface":"south"},"south":{"uv":[5,1,5.5,3],"texture":"#texture","cullface":"south"},"east":{"uv":[5,1,5.5,3],"texture":"#texture","cullface":"south"}}},{"from":[6,6,13],"to":[7,8,14],"faces":{"down":{"uv":[5,1.5,5.5,2],"texture":"#texture","cullface":"up"},"up":{"uv":[5,1.5,5.5,2],"texture":"#texture","cullface":"up"},"north":{"uv":[5,1.5,5.5,2.5],"texture":"#texture","cullface":"up"},"east":{"uv":[5,1.5,5.5,2.5],"texture":"#texture","cullface":"up"}}},{"from":[5,9,14],"to":[6,10,19],"faces":{"up":{"uv":[1.5,0.5,2,1],"texture":"#texture","cullface":"south"},"north":{"uv":[1.5,0.5,2,1],"texture":"#texture","cullface":"south"},"south":{"uv":[1.5,0.5,2,1],"texture":"#texture","cullface":"south"},"east":{"uv":[1.5,0.5,2,1],"texture":"#texture","cullface":"south"}}},{"from":[4,10,15],"to":[5,11,18],"faces":{"up":{"uv":[2,0,2.5,0.5],"texture":"#texture","cullface":"south"},"north":{"uv":[2,0,2.5,0.5],"texture":"#texture","cullface":"south"},"south":{"uv":[2,0,2.5,0.5],"texture":"#texture","cullface":"south"},"east":{"uv":[2,0,2.5,0.5],"texture":"#texture","cullface":"south"}}},{"from":[0,6,12],"to":[5,8,13],"faces":{"down":{"uv":[2,2,4.5,2.5],"texture":"#texture","cullface":"up"},"up":{"uv":[2,1.5,4.5,2],"texture":"#texture","cullface":"up"},"north":{"uv":[2,1.5,4.5,2],"texture":"#texture","cullface":"up"},"west":{"uv":[4.5,1.5,5,2],"texture":"#texture","cullface":"up"},"east":{"uv":[4.5,1.5,5,2],"texture":"#texture","cullface":"up"}}},{"from":[1,8,12],"to":[4,9,13],"faces":{"up":{"uv":[2.5,1,4,1.5],"texture":"#texture","cullface":"up"},"north":{"uv":[2.5,1,4,1.5],"texture":"#texture","cullface":"up"},"west":{"uv":[2.5,1,3,1.5],"texture":"#texture","cullface":"up"},"east":{"uv":[2.5,1,3,1.5],"texture":"#texture","cullface":"up"}}},{"from":[1,5,12],"to":[4,6,13],"faces":{"down":{"uv":[2.5,1,4,1.5],"texture":"#texture"},"north":{"uv":[2.5,1,4,1.5],"texture":"#texture"},"west":{"uv":[2.5,1,3,1.5],"texture":"#texture"},"east":{"uv":[2.5,1,3,1.5],"texture":"#texture"}}},{"from":[10,4,13],"to":[16,8,20],"faces":{"down":{"uv":[7,3,10,3.5],"texture":"#texture","cullface":"south"},"up":{"uv":[7,1.5,10,2],"texture":"#texture","cullface":"south"},"north":{"uv":[10,1.5,7,3.5],"texture":"#texture","cullface":"south"},"south":{"uv":[7,1.5,10,3.5],"texture":"#texture","cullface":"south"},"west":{"uv":[7,1.5,7.5,3.5],"texture":"#texture","cullface":"south"},"east":{"uv":[9.5,1.5,10,3.5],"texture":"#texture","cullface":"south"}}},{"from":[11,5,20],"to":[15,7,21],"faces":{"down":{"uv":[7.5,1.5,9.5,2],"texture":"#texture","cullface":"south"},"up":{"uv":[7.5,1.5,9.5,2],"texture":"#texture","cullface":"south"},"south":{"uv":[7.5,1.5,9.5,2],"texture":"#texture","cullface":"south"},"west":{"uv":[9,2,9.5,2.5],"texture":"#texture","cullface":"south"},"east":{"uv":[9,2,9.5,2.5],"texture":"#texture","cullface":"south"}}},{"from":[12,7,20],"to":[14,8,21],"faces":{"up":{"uv":[2.5,1,4,1.5],"texture":"#texture","cullface":"south"},"south":{"uv":[2.5,1,4,1.5],"texture":"#texture","cullface":"south"},"west":{"uv":[2.5,1,3,1.5],"texture":"#texture","cullface":"south"},"east":{"uv":[2.5,1,3,1.5],"texture":"#texture","cullface":"south"}}},{"from":[12,4,20],"to":[14,5,21],"faces":{"down":{"uv":[2.5,1,4,1.5],"texture":"#texture","cullface":"south"},"south":{"uv":[2.5,1,4,1.5],"texture":"#texture","cullface":"south"},"west":{"uv":[2.5,1,3,1.5],"texture":"#texture","cullface":"south"},"east":{"uv":[2.5,1,3,1.5],"texture":"#texture","cullface":"south"}}},{"from":[9,5,19],"to":[10,7,20],"faces":{"down":{"uv":[5,1.5,5.5,2],"texture":"#texture","cullface":"south"},"up":{"uv":[5,1.5,5.5,2],"texture":"#texture","cullface":"south"},"south":{"uv":[5,1.5,5.5,2.5],"texture":"#texture","cullface":"south"},"west":{"uv":[5,1.5,5.5,2.5],"texture":"#texture","cullface":"south"}}},{"from":[9,4,14],"to":[10,8,19],"faces":{"down":{"uv":[6.5,1.5,7,2],"texture":"#texture","cullface":"south"},"up":{"uv":[6.5,1.5,7,2],"texture":"#texture","cullface":"south"},"north":{"uv":[6.5,1.5,7,3.5],"texture":"#texture","cullface":"south"},"south":{"uv":[6.5,1.5,7,3.5],"texture":"#texture","cullface":"south"},"west":{"uv":[6.5,1.5,7,3.5],"texture":"#texture","cullface":"south"}}},{"from":[16,4,14],"to":[17,8,19],"faces":{"down":{"uv":[10,3,10.5,3.5],"texture":"#texture","cullface":"east"},"up":{"uv":[10,1.5,10.5,2],"texture":"#texture","cullface":"east"},"north":{"uv":[10,1.5,10.5,3.5],"texture":"#texture","cullface":"east"},"south":{"uv":[10,1.5,10.5,3.5],"texture":"#texture","cullface":"east"},"east":{"uv":[10,1.5,10.5,3.5],"texture":"#texture","cullface":"east"}}},{"from":[12,7,12],"to":[14,8,13],"faces":{"up":{"uv":[2.5,1,4,1.5],"texture":"#texture","cullface":"up"},"north":{"uv":[2.5,1,4,1.5],"texture":"#texture","cullface":"up"},"west":{"uv":[2.5,1,3,1.5],"texture":"#texture","cullface":"up"},"east":{"uv":[2.5,1,3,1.5],"texture":"#texture","cullface":"up"}}},{"from":[11,5,12],"to":[15,7,13],"faces":{"down":{"uv":[7.5,1.5,9.5,2],"texture":"#texture","cullface":"up"},"north":{"uv":[7.5,1.5,9.5,2],"texture":"#texture","cullface":"up"},"west":{"uv":[9,2,9.5,2.5],"texture":"#texture","cullface":"up"},"east":{"uv":[9,2,9.5,2.5],"texture":"#texture","cullface":"up"}}},{"from":[12,4,12],"to":[14,5,13],"faces":{"down":{"uv":[2.5,1,4,1.5],"texture":"#texture"},"north":{"uv":[2.5,1,4,1.5],"texture":"#texture"},"west":{"uv":[2.5,1,3,1.5],"texture":"#texture"},"east":{"uv":[2.5,1,3,1.5],"texture":"#texture"}}},{"from":[9,5,13],"to":[10,7,14],"faces":{"down":{"uv":[5,1.5,5.5,2],"texture":"#texture","cullface":"up"},"up":{"uv":[5,1.5,5.5,2],"texture":"#texture","cullface":"up"},"north":{"uv":[5,1.5,5.5,2.5],"texture":"#texture","cullface":"up"},"west":{"uv":[5,1.5,5.5,2.5],"texture":"#texture","cullface":"up"}}},{"from":[16,5,19],"to":[17,7,20],"faces":{"down":{"uv":[10,2,10.5,2.5],"texture":"#texture","cullface":"east"},"up":{"uv":[10,2,10.5,2.5],"texture":"#texture","cullface":"east"},"south":{"uv":[10,2,10.5,3],"texture":"#texture","cullface":"east"},"east":{"uv":[10,2,10.5,3],"texture":"#texture","cullface":"east"}}},{"from":[16,5,13],"to":[17,7,14],"faces":{"down":{"uv":[10,2,10.5,2.5],"texture":"#texture","cullface":"east"},"up":{"uv":[10,2,10.5,2.5],"texture":"#texture","cullface":"east"},"north":{"uv":[10,2,10.5,3],"texture":"#texture","cullface":"east"},"east":{"uv":[10,2,10.5,3],"texture":"#texture","cullface":"east"}}},{"from":[11,8,13],"to":[15,9,20],"faces":{"up":{"uv":[7.5,2,9.5,1],"texture":"#texture","cullface":"south"},"north":{"uv":[7.5,1.5,9.5,2],"texture":"#texture","cullface":"south"},"south":{"uv":[7.5,1,9.5,1.5],"texture":"#texture","cullface":"south"},"west":{"uv":[8.5,1,9.5,1.5],"texture":"#texture","cullface":"south"},"east":{"uv":[8.5,1,9.5,1.5],"texture":"#texture","cullface":"south"}}},{"from":[10,8,14],"to":[11,9,19],"faces":{"up":{"uv":[7,1,7.5,1.5],"texture":"#texture","cullface":"south"},"north":{"uv":[7,1,7.5,1.5],"texture":"#texture","cullface":"south"},"south":{"uv":[7,1,7.5,1.5],"texture":"#texture","cullface":"south"},"west":{"uv":[7,1,7.5,1.5],"texture":"#texture","cullface":"south"}}},{"from":[15,8,14],"to":[16,9,19],"faces":{"up":{"uv":[1.5,0.5,2,1],"texture":"#texture","cullface":"south"},"north":{"uv":[1.5,0.5,2,1],"texture":"#texture","cullface":"south"},"south":{"uv":[1.5,0.5,2,1],"texture":"#texture","cullface":"south"},"east":{"uv":[1.5,0.5,2,1],"texture":"#texture","cullface":"south"}}},{"from":[12,9,14],"to":[14,10,19],"faces":{"up":{"uv":[8,1.5,9,2],"texture":"#texture","cullface":"south"},"north":{"uv":[8.5,1,9.5,1.5],"texture":"#texture","cullface":"south"},"south":{"uv":[8,0.5,9,1],"texture":"#texture","cullface":"south"},"west":{"uv":[7,1,8,1.5],"texture":"#texture","cullface":"south"},"east":{"uv":[8.5,0.5,9.5,1],"texture":"#texture","cullface":"south"}}},{"from":[11,9,15],"to":[12,10,18],"faces":{"up":{"uv":[8.5,2,9,2.5],"texture":"#texture","cullface":"south"},"north":{"uv":[7,1,7.5,1.5],"texture":"#texture","cullface":"south"},"south":{"uv":[7.5,0.5,8,1],"texture":"#texture","cullface":"south"},"west":{"uv":[7,1,8,1.5],"texture":"#texture","cullface":"south"}}},{"from":[14,9,15],"to":[15,10,18],"faces":{"up":{"uv":[2,0,2.5,0.5],"texture":"#texture","cullface":"south"},"north":{"uv":[2,0,2.5,0.5],"texture":"#texture","cullface":"south"},"south":{"uv":[2,0,2.5,0.5],"texture":"#texture","cullface":"south"},"east":{"uv":[2,0,2.5,0.5],"texture":"#texture","cullface":"south"}}},{"from":[11,3,13],"to":[15,4,20],"faces":{"down":{"uv":[7.5,3.5,9.5,4],"texture":"#texture","cullface":"south"},"north":{"uv":[7.5,3.5,9.5,4],"texture":"#texture","cullface":"south"},"south":{"uv":[7.5,3.5,9.5,4],"texture":"#texture","cullface":"south"},"west":{"uv":[7.5,3.5,9.5,4],"texture":"#texture","cullface":"south"},"east":{"uv":[7.5,3.5,9.5,4],"texture":"#texture","cullface":"south"}}},{"from":[15,3,14],"to":[16,4,19],"faces":{"down":{"uv":[1.5,3,2,3.5],"texture":"#texture","cullface":"south"},"north":{"uv":[1.5,3,2,3.5],"texture":"#texture","cullface":"south"},"south":{"uv":[1.5,3,2,3.5],"texture":"#texture","cullface":"south"},"east":{"uv":[1.5,3,2,3.5],"texture":"#texture","cullface":"south"}}},{"from":[10,3,14],"to":[11,4,19],"faces":{"down":{"uv":[1.5,3,2,3.5],"texture":"#texture","cullface":"south"},"north":{"uv":[1.5,3,2,3.5],"texture":"#texture","cullface":"south"},"south":{"uv":[1.5,3,2,3.5],"texture":"#texture","cullface":"south"},"west":{"uv":[1.5,3,2,3.5],"texture":"#texture","cullface":"south"}}},{"from":[12,2,14],"to":[14,3,19],"faces":{"down":{"uv":[2.5,3.5,4,4],"texture":"#texture","cullface":"south"},"north":{"uv":[2.5,3.5,4,4],"texture":"#texture","cullface":"south"},"south":{"uv":[2.5,3.5,4,4],"texture":"#texture","cullface":"south"},"west":{"uv":[2.5,3.5,4,4],"texture":"#texture","cullface":"south"},"east":{"uv":[2.5,3.5,4,4],"texture":"#texture","cullface":"south"}}},{"from":[11,2,15],"to":[12,3,18],"faces":{"down":{"uv":[2,3.5,2.5,4],"texture":"#texture","cullface":"south"},"north":{"uv":[2,3.5,2.5,4],"texture":"#texture","cullface":"south"},"south":{"uv":[2,3.5,2.5,4],"texture":"#texture","cullface":"south"},"west":{"uv":[2,3.5,2.5,4],"texture":"#texture","cullface":"south"}}},{"from":[14,2,15],"to":[15,3,18],"faces":{"down":{"uv":[2,3.5,2.5,4],"texture":"#texture","cullface":"south"},"north":{"uv":[2,3.5,2.5,4],"texture":"#texture","cullface":"south"},"south":{"uv":[2,3.5,2.5,4],"texture":"#texture","cullface":"south"},"east":{"uv":[2,3.5,2.5,4],"texture":"#texture","cullface":"south"}}},{"from":[-3,-1,14],"to":[19,5,17],"faces":{"down":{"uv":[0.5,5.5,11.5,6],"texture":"#texture","cullface":"south"},"up":{"uv":[0.5,3,11.5,3.5],"texture":"#texture","cullface":"south"},"north":{"uv":[11.5,3,0.5,6],"texture":"#texture","cullface":"south"},"south":{"uv":[0.5,3,11.5,6],"texture":"#texture","cullface":"south"},"west":{"uv":[0.5,3,1,6],"texture":"#texture","cullface":"south"},"east":{"uv":[11,3,11.5,6],"texture":"#texture","cullface":"south"}}},{"from":[-4,-1,14],"to":[-3,4,17],"faces":{"down":{"uv":[0,5.5,0.5,6],"texture":"#texture","cullface":"west"},"up":{"uv":[0,3.5,0.5,4],"texture":"#texture","cullface":"west"},"north":{"uv":[0,3.5,0.5,6],"texture":"#texture","cullface":"west"},"south":{"uv":[0,3.5,0.5,6],"texture":"#texture","cullface":"west"},"west":{"uv":[0,3.5,0.5,6],"texture":"#texture","cullface":"west"}}},{"from":[17,5,16],"to":[18,6,17],"faces":{"up":{"uv":[10.5,2.5,11,3],"texture":"#texture","cullface":"east"},"north":{"uv":[10.5,2.5,11,3],"texture":"#texture","cullface":"east"},"south":{"uv":[10.5,2.5,11,3],"texture":"#texture","cullface":"east"},"east":{"uv":[10.5,2.5,11,3],"texture":"#texture","cullface":"east"}}},{"from":[-3,-7,14],"to":[18,-1,17],"faces":{"down":{"uv":[0.5,8.5,11,9],"texture":"#texture","cullface":"south"},"north":{"uv":[11,6,0.5,9],"texture":"#texture","cullface":"south"},"south":{"uv":[0.5,6,11,9],"texture":"#texture","cullface":"south"},"west":{"uv":[0.5,6,1,9],"texture":"#texture","cullface":"south"},"east":{"uv":[10.5,6,11,9],"texture":"#texture","cullface":"south"}}},{"from":[-3,-8,14],"to":[17,-7,17],"faces":{"down":{"uv":[0.5,9,10.5,9.5],"texture":"#texture","cullface":"south"},"north":{"uv":[10.5,9,0.5,9.5],"texture":"#texture","cullface":"south"},"south":{"uv":[0.5,9,10.5,9.5],"texture":"#texture","cullface":"south"},"west":{"uv":[0.5,9,1,9.5],"texture":"#texture","cullface":"south"},"east":{"uv":[10,9,10.5,9.5],"texture":"#texture","cullface":"south"}}},{"from":[-2,-9,14],"to":[17,-8,17],"faces":{"down":{"uv":[1,9.5,10.5,10],"texture":"#texture","cullface":"south"},"north":{"uv":[10.5,9.5,1,10],"texture":"#texture","cullface":"south"},"south":{"uv":[1,9.5,10.5,10],"texture":"#texture","cullface":"south"},"west":{"uv":[1,9.5,1.5,10],"texture":"#texture","cullface":"south"},"east":{"uv":[10,9.5,10.5,10],"texture":"#texture","cullface":"south"}}},{"from":[-1,-10,14],"to":[16,-9,17],"faces":{"down":{"uv":[1.5,10,10,10.5],"texture":"#texture","cullface":"south"},"north":{"uv":[1.5,10,10,10.5],"texture":"#texture","cullface":"south"},"south":{"uv":[1.5,10,10,10.5],"texture":"#texture","cullface":"south"},"west":{"uv":[1.5,10,2,10.5],"texture":"#texture","cullface":"south"},"east":{"uv":[9.5,10,10,10.5],"texture":"#texture","cullface":"south"}}},{"from":[0,-11,14],"to":[15,-10,17],"faces":{"down":{"uv":[2,10.5,9.5,11],"texture":"#texture","cullface":"south"},"north":{"uv":[2,10.5,9.5,11],"texture":"#texture","cullface":"south"},"south":{"uv":[2,10.5,9.5,11],"texture":"#texture","cullface":"south"},"west":{"uv":[2,10.5,2.5,11],"texture":"#texture","cullface":"south"},"east":{"uv":[9,10.5,9.5,11],"texture":"#texture","cullface":"south"}}},{"from":[0,-12,15.5],"to":[1,-11,16.5],"faces":{"down":{"uv":[2,11,2.5,11.5],"texture":"#texture","cullface":"south"},"north":{"uv":[2,11,2.5,11.5],"texture":"#texture","cullface":"south"},"south":{"uv":[2,11,2.5,11.5],"texture":"#texture","cullface":"south"},"west":{"uv":[2,11,2.5,11.5],"rotation":90,"texture":"#texture","cullface":"south"},"east":{"uv":[2,11,2.5,11.5],"texture":"#texture","cullface":"south"}}},{"from":[8,-12,15.5],"to":[9,-11,16.5],"faces":{"down":{"uv":[6,11,6.5,11.5],"texture":"#texture","cullface":"south"},"north":{"uv":[6,11,6.5,11.5],"texture":"#texture","cullface":"south"},"south":{"uv":[6,11,6.5,11.5],"texture":"#texture","cullface":"south"},"west":{"uv":[6,11,6.5,11.5],"rotation":90,"texture":"#texture","cullface":"south"},"east":{"uv":[6,11,6.5,11.5],"texture":"#texture","cullface":"south"}}},{"from":[-3,2,16.9375],"to":[18,4,17.9375],"faces":{"down":{"uv":[0.5,4,11,4.5],"texture":"#texture","cullface":"south"},"up":{"uv":[0.5,3.5,11,4],"texture":"#texture","cullface":"south"},"north":{"uv":[11,3.5,0.5,4.5],"texture":"#texture","cullface":"south"},"south":{"uv":[0.5,3.5,11,4.5],"texture":"#texture","cullface":"south"},"west":{"uv":[0.5,3.5,1,4.5],"texture":"#texture","cullface":"south"},"east":{"uv":[10.5,3.5,11,4.5],"texture":"#texture","cullface":"south"}}},{"from":[-1,1,17],"to":[16,2,18],"faces":{"down":{"uv":[1.5,4.5,10,5],"texture":"#texture","cullface":"south"},"up":{"uv":[1.5,4.5,10,5],"texture":"#texture","cullface":"south"},"south":{"uv":[1.5,4.5,10,5],"texture":"#texture","cullface":"south"},"west":{"uv":[1.5,4.5,2,5],"texture":"#texture","cullface":"south"},"east":{"uv":[9.5,4.5,10,5],"texture":"#texture","cullface":"south"}}},{"from":[0,0,17],"to":[14,1,21],"faces":{"down":{"uv":[2,5,9,5.5],"texture":"#texture","cullface":"south"},"up":{"uv":[2,5,9,5.5],"texture":"#texture","cullface":"south"},"south":{"uv":[2,5,9,5.5],"texture":"#texture","cullface":"south"},"west":{"uv":[2,5,2.5,5.5],"texture":"#texture","cullface":"south"},"east":{"uv":[8.5,5,9,5.5],"texture":"#texture","cullface":"south"}}},{"from":[1,1,18],"to":[14,2,21],"faces":{"up":{"uv":[2.5,4.5,9,5],"texture":"#texture","cullface":"south"},"south":{"uv":[2.5,4.5,9,5],"texture":"#texture","cullface":"south"}}},{"from":[5,2,18],"to":[10,3,20],"faces":{"up":{"uv":[4.5,4,7,4.5],"texture":"#texture","cullface":"south"},"north":{"uv":[7,4,4.5,4.5],"texture":"#texture","cullface":"south"},"south":{"uv":[4.5,4,7,4.5],"texture":"#texture","cullface":"south"},"west":{"uv":[4.5,4,5,4.5],"texture":"#texture","cullface":"south"},"east":{"uv":[6.5,4,7,4.5],"texture":"#texture","cullface":"south"}}},{"from":[7,3,18],"to":[9,4,19],"faces":{"up":{"uv":[5.5,3.5,6.5,4],"texture":"#texture","cullface":"south"},"north":{"uv":[5.5,3.5,6.5,4],"texture":"#texture","cullface":"south"},"south":{"uv":[6.5,3.5,5.5,4],"texture":"#texture","cullface":"south"},"west":{"uv":[5.5,3.5,6,4],"texture":"#texture","cullface":"south"},"east":{"uv":[6,3.5,6.5,4],"texture":"#texture","cullface":"south"}}},{"from":[5,1,19],"to":[10,2,21],"faces":{"up":{"uv":[4.5,4.5,7,5],"texture":"#texture","cullface":"south"},"north":{"uv":[7,4.5,4.5,5],"texture":"#texture","cullface":"south"},"south":{"uv":[4.5,4.5,7,5],"texture":"#texture","cullface":"south"},"west":{"uv":[4.5,4.5,5,5],"texture":"#texture","cullface":"south"},"east":{"uv":[6.5,4.5,7,5],"texture":"#texture","cullface":"south"}}},{"from":[14,1,18],"to":[16,2,21],"faces":{"down":{"uv":[2,5,9,5.5],"texture":"#texture","cullface":"south"},"up":{"uv":[2,5,9,5.5],"texture":"#texture","cullface":"south"},"south":{"uv":[2,5,9,5.5],"texture":"#texture","cullface":"south"},"east":{"uv":[8.5,5,9,5.5],"texture":"#texture","cullface":"south"}}},{"from":[-1,1,18],"to":[1,2,21],"faces":{"down":{"uv":[2,5,9,5.5],"texture":"#texture","cullface":"west"},"south":{"uv":[2,5,9,5.5],"texture":"#texture","cullface":"west"},"west":{"uv":[2,5,2.5,5.5],"texture":"#texture","cullface":"west"}}},{"from":[-3,0,17],"to":[-1,1,20],"faces":{"down":{"uv":[0.5,5,1.5,5.5],"texture":"#texture","cullface":"west"},"up":{"uv":[0.5,5,1.5,5.5],"texture":"#texture","cullface":"west"},"south":{"uv":[0.5,5,1.5,5.5],"texture":"#texture","cullface":"west"},"west":{"uv":[0.5,5,1.5,5.5],"texture":"#texture","cullface":"west"},"east":{"uv":[0.5,5,1.5,5.5],"texture":"#texture","cullface":"west"}}},{"from":[-2,-2,17],"to":[-1,0,20],"faces":{"down":{"uv":[0.5,5,1.5,5.5],"texture":"#texture","cullface":"west"},"north":{"uv":[0.5,5,1.5,5.5],"texture":"#texture","cullface":"west"},"south":{"uv":[0.5,5,1.5,5.5],"texture":"#texture","cullface":"west"},"west":{"uv":[0.5,5,1.5,5.5],"texture":"#texture","cullface":"west"},"east":{"uv":[0.5,5,1.5,5.5],"texture":"#texture","cullface":"west"}}},{"from":[-2,-3,17],"to":[-1,-2,19],"faces":{"down":{"uv":[1,6.5,1.5,7],"texture":"#texture","cullface":"west"},"south":{"uv":[1,6.5,1.5,7],"texture":"#texture","cullface":"west"},"west":{"uv":[1,6.5,1.5,7],"texture":"#texture","cullface":"west"},"east":{"uv":[1,6.5,1.5,7],"texture":"#texture","cullface":"west"}}},{"from":[-1,-5,17],"to":[0,-3,20],"faces":{"down":{"uv":[1.5,7,2,7.5],"texture":"#texture","cullface":"west"},"up":{"uv":[1.5,7,2,7.5],"texture":"#texture","cullface":"west"},"south":{"uv":[1.5,7,2,8],"texture":"#texture","cullface":"west"},"west":{"uv":[1.5,7,2,8],"texture":"#texture","cullface":"west"},"east":{"uv":[1.5,7,2,8],"texture":"#texture","cullface":"west"}}},{"from":[0,-7,17],"to":[1,-5,21],"faces":{"up":{"uv":[2,8,2.5,8.5],"texture":"#texture","cullface":"south"},"south":{"uv":[2,8,2.5,9],"texture":"#texture","cullface":"south"},"west":{"uv":[2,8,2.5,9],"texture":"#texture","cullface":"south"},"east":{"uv":[2,8,2.5,9],"texture":"#texture","cullface":"south"}}},{"from":[1,-8,17],"to":[2,-7,22],"faces":{"down":{"uv":[2,8,2.5,8.5],"texture":"#texture","cullface":"south"},"up":{"uv":[2,8,2.5,8.5],"texture":"#texture","cullface":"south"},"south":{"uv":[2,8,2.5,9],"texture":"#texture","cullface":"south"},"west":{"uv":[2,8,2.5,9],"texture":"#texture","cullface":"south"},"east":{"uv":[2,8,2.5,9],"texture":"#texture","cullface":"south"}}},{"from":[2,-9,17],"to":[12,-8,23],"faces":{"down":{"uv":[3,9.5,8,10],"texture":"#texture","cullface":"south"},"up":{"uv":[5,9.5,7.5,10],"texture":"#texture","cullface":"south"},"south":{"uv":[3,9.5,8,10],"texture":"#texture","cullface":"south"},"west":{"uv":[3,9.5,3.5,10],"texture":"#texture","cullface":"south"},"east":{"uv":[7.5,9.5,8,10],"texture":"#texture","cullface":"south"}}},{"from":[12,-8,17],"to":[14,-7,22],"faces":{"down":{"uv":[8,9,9,9.5],"texture":"#texture","cullface":"south"},"up":{"uv":[8,9,9,9.5],"texture":"#texture","cullface":"south"},"south":{"uv":[8,9,9,9.5],"texture":"#texture","cullface":"south"},"west":{"uv":[8,9,8.5,9.5],"texture":"#texture","cullface":"south"},"east":{"uv":[8,9,8.5,9.5],"texture":"#texture","cullface":"south"}}},{"from":[14,-7,17],"to":[16,-5,21],"faces":{"up":{"uv":[8,9,9,9.5],"texture":"#texture","cullface":"south"},"south":{"uv":[8,9,9,9.5],"texture":"#texture","cullface":"south"},"west":{"uv":[8,9,8.5,9.5],"texture":"#texture","cullface":"south"},"east":{"uv":[8,9,8.5,9.5],"texture":"#texture","cullface":"south"}}},{"from":[15,-5,17],"to":[16,-3,20],"faces":{"up":{"uv":[8,9,9,9.5],"texture":"#texture","cullface":"south"},"south":{"uv":[8,9,9,9.5],"texture":"#texture","cullface":"south"},"west":{"uv":[8,9,8.5,9.5],"texture":"#texture","cullface":"south"},"east":{"uv":[8,9,8.5,9.5],"texture":"#texture","cullface":"south"}}},{"from":[16,-3,17],"to":[17,-1,19],"faces":{"up":{"uv":[8,9,9,9.5],"texture":"#texture","cullface":"east"},"south":{"uv":[8,9,9,9.5],"texture":"#texture","cullface":"east"},"west":{"uv":[8,9,8.5,9.5],"texture":"#texture","cullface":"east"},"east":{"uv":[8,9,8.5,9.5],"texture":"#texture","cullface":"east"}}},{"from":[17,-1,17],"to":[18,2,19],"faces":{"down":{"uv":[10.5,5.5,11,6],"texture":"#texture","cullface":"east"},"up":{"uv":[10.5,4.5,11,5],"texture":"#texture","cullface":"east"},"south":{"uv":[10.5,4.5,11,6],"texture":"#texture","cullface":"east"},"west":{"uv":[10.5,4.5,11,6],"texture":"#texture","cullface":"east"},"east":{"uv":[10.5,4.5,11,6],"texture":"#texture","cullface":"east"}}},{"from":[-2,2,18],"to":[1,3,21],"faces":{"down":{"uv":[1,4,2.5,4.5],"texture":"#texture","cullface":"west"},"up":{"uv":[1,4,2.5,4.5],"texture":"#texture","cullface":"west"},"north":{"uv":[1,4,2.5,4.5],"texture":"#texture","cullface":"west"},"south":{"uv":[1,4,2.5,4.5],"texture":"#texture","cullface":"west"},"west":{"uv":[2,5,2.5,5.5],"texture":"#texture","cullface":"west"},"east":{"uv":[8.5,5,9,5.5],"texture":"#texture","cullface":"west"}}},{"from":[-3,1,17],"to":[-2,2,19],"faces":{"up":{"uv":[0.5,4.5,1,5],"texture":"#texture","cullface":"west"},"south":{"uv":[0.5,4.5,1,5],"texture":"#texture","cullface":"west"},"west":{"uv":[0.5,4.5,1,5],"texture":"#texture","cullface":"west"},"east":{"uv":[0.5,4.5,1,5],"texture":"#texture","cullface":"west"}}},{"from":[-3,-3,17],"to":[-2,0,18],"faces":{"down":{"uv":[0.5,5.5,1,6],"texture":"#texture","cullface":"west"},"north":{"uv":[0.5,5.5,1,7],"texture":"#texture","cullface":"west"},"south":{"uv":[0.5,5.5,1,7],"texture":"#texture","cullface":"west"},"west":{"uv":[0.5,5.5,1,7],"texture":"#texture","cullface":"west"},"east":{"uv":[0.5,5.5,1,7],"texture":"#texture","cullface":"west"}}},{"from":[18,-1,17],"to":[19,2,18],"faces":{"down":{"uv":[0.5,5.5,1,6],"texture":"#texture","cullface":"east"},"up":{"uv":[0.5,5.5,1,6],"texture":"#texture","cullface":"east"},"south":{"uv":[0.5,5.5,1,7],"texture":"#texture","cullface":"east"},"east":{"uv":[0.5,5.5,1,7],"texture":"#texture","cullface":"east"}}},{"from":[0,-10,17],"to":[15,-9,20],"faces":{"down":{"uv":[6,10,7,10.5],"texture":"#texture","cullface":"south"},"up":{"uv":[2,10,9.5,10.5],"texture":"#texture","cullface":"south"},"south":{"uv":[2,10,9.5,10.5],"texture":"#texture","cullface":"south"},"west":{"uv":[2,10,2.5,10.5],"texture":"#texture","cullface":"south"},"east":{"uv":[9,10,9.5,10.5],"texture":"#texture","cullface":"south"}}},{"from":[-1,-9,17],"to":[2,-8,18],"faces":{"down":{"uv":[1.5,9.5,3,10],"texture":"#texture","cullface":"west"},"up":{"uv":[1.5,9.5,3,10],"texture":"#texture","cullface":"west"},"south":{"uv":[1.5,9.5,3,10],"texture":"#texture","cullface":"west"},"west":{"uv":[1.5,9.5,2,10],"texture":"#texture","cullface":"west"}}},{"from":[-2,-8,17],"to":[1,-7,18],"faces":{"down":{"uv":[1,9,2.5,9.5],"texture":"#texture","cullface":"west"},"up":{"uv":[1,9,2.5,9.5],"texture":"#texture","cullface":"west"},"south":{"uv":[1,9,2.5,9.5],"texture":"#texture","cullface":"west"},"west":{"uv":[1,9,1.5,9.5],"texture":"#texture","cullface":"west"}}},{"from":[-2,-7,17],"to":[0,-5,18],"faces":{"up":{"uv":[1,8,2,8.5],"texture":"#texture","cullface":"west"},"south":{"uv":[1,8,2,9],"texture":"#texture","cullface":"west"},"west":{"uv":[1,8,1.5,9],"texture":"#texture","cullface":"west"}}},{"from":[-2,-5,17],"to":[-1,-3,18],"faces":{"south":{"uv":[1,7,1.5,8],"texture":"#texture","cullface":"west"},"west":{"uv":[1,7,1.5,8],"texture":"#texture","cullface":"west"}}},{"from":[12,-9,17],"to":[14,-8,21],"faces":{"down":{"uv":[8,9.5,9,10],"texture":"#texture","cullface":"south"},"south":{"uv":[8,9.5,9,10],"texture":"#texture","cullface":"south"},"east":{"uv":[9.5,9.5,10,10],"texture":"#texture","cullface":"south"}}},{"from":[14,-8,17],"to":[16,-7,21],"faces":{"down":{"uv":[9,9,10,9.5],"texture":"#texture","cullface":"south"},"south":{"uv":[9,9,10,9.5],"texture":"#texture","cullface":"south"},"east":{"uv":[9.5,9,10,9.5],"texture":"#texture","cullface":"south"}}},{"from":[16,-7,17],"to":[17,-3,19],"faces":{"down":{"uv":[10,8.5,10.5,9],"texture":"#texture","cullface":"east"},"south":{"uv":[10,7,10.5,9],"texture":"#texture","cullface":"east"},"west":{"uv":[10,7,10.5,9],"texture":"#texture","cullface":"east"},"east":{"uv":[10,7,10.5,9],"texture":"#texture","cullface":"east"}}},{"from":[17,-3,17],"to":[18,-1,18],"faces":{"down":{"uv":[10.5,6,11,6.5],"texture":"#texture","cullface":"east"},"south":{"uv":[10.5,6,11,7],"texture":"#texture","cullface":"east"},"east":{"uv":[10.5,6,11,7],"texture":"#texture","cullface":"east"}}},{"from":[2,-10,20],"to":[12,-9,22],"faces":{"down":{"uv":[6.5,10,7,10.5],"texture":"#texture","cullface":"south"},"south":{"uv":[3,10,8,10.5],"texture":"#texture","cullface":"south"},"west":{"uv":[2,10,2.5,10.5],"texture":"#texture","cullface":"south"},"east":{"uv":[9,10,9.5,10.5],"texture":"#texture","cullface":"south"}}},{"from":[-1,-7,18],"to":[0,-5,20],"faces":{"south":{"uv":[1.5,8,2,9],"texture":"#texture","cullface":"west"},"west":{"uv":[2,9,2.5,10],"texture":"#texture","cullface":"west"}}},{"from":[14,-9,17],"to":[16,-8,20],"faces":{"down":{"uv":[9,9.5,10,10],"texture":"#texture","cullface":"south"},"south":{"uv":[9,9.5,10,10],"texture":"#texture","cullface":"south"},"east":{"uv":[9.5,9.5,10,10],"texture":"#texture","cullface":"south"}}},{"from":[0,-9,17],"to":[2,-8,21],"faces":{"down":{"uv":[2,9.5,3,10],"texture":"#texture","cullface":"south"},"up":{"uv":[2,9.5,3,10],"texture":"#texture","cullface":"south"},"south":{"uv":[2,9.5,3,10],"texture":"#texture","cullface":"south"},"west":{"uv":[2,9.5,2.5,10],"texture":"#texture","cullface":"south"}}},{"from":[0,-8,17],"to":[1,-7,21],"faces":{"south":{"uv":[2,9,2.5,9.5],"texture":"#texture","cullface":"south"},"west":{"uv":[9,9,9.5,9.5],"texture":"#texture","cullface":"south"}}},{"from":[-1,-8,17],"to":[0,-7,20],"faces":{"down":{"uv":[1.5,9,2,9.5],"texture":"#texture","cullface":"west"},"up":{"uv":[1.5,9,2,9.5],"texture":"#texture","cullface":"west"},"south":{"uv":[1.5,9,2,9.5],"texture":"#texture","cullface":"west"},"west":{"uv":[1.5,9,2,9.5],"texture":"#texture","cullface":"west"}}},{"from":[17,2,18],"to":[18,3,19],"faces":{"up":{"uv":[2,5,9,5.5],"texture":"#texture","cullface":"east"},"north":{"uv":[2,5,9,5.5],"texture":"#texture","cullface":"east"},"south":{"uv":[2,5,9,5.5],"texture":"#texture","cullface":"east"},"west":{"uv":[2,5,2.5,5.5],"texture":"#texture","cullface":"east"},"east":{"uv":[8.5,5,9,5.5],"texture":"#texture","cullface":"east"}}},{"from":[15,2,18],"to":[16,3,21],"faces":{"up":{"uv":[2,5,9,5.5],"texture":"#texture","cullface":"south"},"north":{"uv":[2,5,9,5.5],"texture":"#texture","cullface":"south"},"south":{"uv":[2,5,9,5.5],"texture":"#texture","cullface":"south"},"west":{"uv":[2,5,2.5,5.5],"texture":"#texture","cullface":"south"},"east":{"uv":[8.5,5,9,5.5],"texture":"#texture","cullface":"south"}}},{"from":[16,3,18],"to":[17,4,20],"faces":{"down":{"uv":[2,5,9,5.5],"texture":"#texture","cullface":"east"},"up":{"uv":[2,5,9,5.5],"texture":"#texture","cullface":"east"},"north":{"uv":[2,5,9,5.5],"texture":"#texture","cullface":"east"},"south":{"uv":[2,5,9,5.5],"texture":"#texture","cullface":"east"},"west":{"uv":[2,5,2.5,5.5],"texture":"#texture","cullface":"east"},"east":{"uv":[8.5,5,9,5.5],"texture":"#texture","cullface":"east"}}},{"from":[0.5,1,1],"to":[1.5,4,14],"faces":{"down":{"uv":[11,1.5,16,2],"rotation":90,"texture":"#texture"},"up":{"uv":[11,0.5,16,1],"rotation":90,"texture":"#texture"},"north":{"uv":[11,0.5,11.5,2],"texture":"#texture"},"west":{"uv":[11,0.5,16,2],"texture":"#texture"},"east":{"uv":[16,0.5,11,2],"texture":"#texture"}}},{"from":[14.5,1,1],"to":[15.5,4,14],"faces":{"down":{"uv":[11,1.5,16,2],"rotation":90,"texture":"#texture"},"up":{"uv":[11,0.5,16,1],"rotation":90,"texture":"#texture"},"north":{"uv":[11,0.5,11.5,2],"texture":"#texture"},"west":{"uv":[11,0.5,16,2],"texture":"#texture"},"east":{"uv":[16,0.5,11,2],"texture":"#texture"}}},{"from":[1.5,1.5,1],"to":[14.5,3.5,2],"faces":{"down":{"uv":[11,1,11.5,2],"texture":"#texture"},"up":{"uv":[11,1,11.5,2],"texture":"#texture"},"north":{"uv":[11,1,11.5,2],"texture":"#texture"},"south":{"uv":[11,1,11.5,2],"texture":"#texture"}}},{"from":[0.5,-7,1],"to":[1.5,-4,14],"faces":{"down":{"uv":[11,1.5,16,2],"rotation":90,"texture":"#texture"},"up":{"uv":[11,0.5,16,1],"rotation":90,"texture":"#texture"},"north":{"uv":[11,0.5,11.5,2],"texture":"#texture"},"west":{"uv":[11,0.5,16,2],"texture":"#texture"},"east":{"uv":[16,0.5,11,2],"texture":"#texture"}}},{"from":[14.5,-7,1],"to":[15.5,-4,14],"faces":{"down":{"uv":[11,1.5,16,2],"rotation":90,"texture":"#texture"},"up":{"uv":[11,0.5,16,1],"rotation":90,"texture":"#texture"},"north":{"uv":[11,0.5,11.5,2],"texture":"#texture"},"west":{"uv":[11,0.5,16,2],"texture":"#texture"},"east":{"uv":[16,0.5,11,2],"texture":"#texture"}}},{"from":[1.5,-6.5,1],"to":[14.5,-4.5,2],"faces":{"down":{"uv":[11,1,11.5,2],"texture":"#texture"},"up":{"uv":[11,1,11.5,2],"texture":"#texture"},"north":{"uv":[11,1,11.5,2],"texture":"#texture"},"south":{"uv":[11,1,11.5,2],"texture":"#texture"}}},{"from":[-1.9375,6,12.9375],"to":[17.0625,11,15.4375],"faces":{"down":{"uv":[4,11.5,13.5,12],"texture":"#cookie3","cullface":"up"},"up":{"uv":[4,9.5,13.5,10],"texture":"#cookie3","cullface":"up"},"north":{"uv":[13.5,8.5,4,11],"texture":"#cookie3","cullface":"up"},"south":{"uv":[4,9.5,13.5,12],"texture":"#cookie3","cullface":"up"},"west":{"uv":[4,9,4.5,11.5],"texture":"#cookie3","cullface":"up"},"east":{"uv":[13,9.5,13.5,12],"texture":"#cookie3","cullface":"up"}}},{"from":[7,5,15],"to":[9,6,16.5],"faces":{"north":{"uv":[10.5,2.5,11,3],"texture":"#texture","cullface":"south"},"south":{"uv":[10.5,2.5,11,3],"texture":"#texture","cullface":"south"}}},{"from":[8,6,14.5],"to":[9,7,15.5],"faces":{"down":{"uv":[10.5,2.5,11,3],"texture":"#texture","cullface":"up"},"up":{"uv":[10.5,2.5,11,3],"texture":"#texture","cullface":"up"},"north":{"uv":[10.5,2.5,11,3],"texture":"#texture","cullface":"up"},"south":{"uv":[10.5,2.5,11,3],"texture":"#texture","cullface":"up"},"west":{"uv":[10.5,2.5,11,3],"texture":"#texture","cullface":"up"}}},{"from":[-2,11,13],"to":[17,14,16],"faces":{"down":{"uv":[4,9,13.5,9.5],"texture":"#cookie3","cullface":"up"},"up":{"uv":[4,8,13.5,8.5],"texture":"#cookie3","cullface":"up"},"north":{"uv":[13.5,8,4,9.5],"texture":"#cookie3","cullface":"up"},"south":{"uv":[4,8,13.5,9.5],"texture":"#cookie3","cullface":"up"},"west":{"uv":[4,8,4.5,9.5],"texture":"#cookie3","cullface":"up"},"east":{"uv":[13,8,13.5,9.5],"texture":"#cookie3","cullface":"up"}}},{"from":[-4,14,13],"to":[16,15,16],"faces":{"down":{"uv":[3,7.5,13,8],"texture":"#cookie3","cullface":"up"},"north":{"uv":[13,7.5,3,8],"texture":"#cookie3","cullface":"up"},"south":{"uv":[3,7.5,13,8],"texture":"#cookie3","cullface":"up"},"west":{"uv":[3,7.5,3.5,8],"texture":"#cookie3","cullface":"up"},"east":{"uv":[12.5,7.5,13,8],"texture":"#cookie3","cullface":"up"}}},{"from":[-6,15,13],"to":[16,16,16],"faces":{"down":{"uv":[2,7,13,7.5],"texture":"#cookie3","cullface":"up"},"north":{"uv":[13,7,2,7.5],"texture":"#cookie3","cullface":"up"},"south":{"uv":[2,7,13,7.5],"texture":"#cookie3","cullface":"up"},"west":{"uv":[2,7,2.5,7.5],"texture":"#cookie3","cullface":"up"},"east":{"uv":[12.5,7,13,7.5],"texture":"#cookie3","cullface":"up"}}},{"from":[-7,16,12],"to":[17,19,17],"faces":{"down":{"uv":[1.5,6.5,13.5,7],"texture":"#cookie3","cullface":"south"},"north":{"uv":[13.5,5.5,1.5,7],"texture":"#cookie3","cullface":"south"},"south":{"uv":[1.5,5.5,13.5,7],"texture":"#cookie3","cullface":"south"},"west":{"uv":[1.5,5.5,2,7],"texture":"#cookie3","cullface":"south"},"east":{"uv":[13,5.5,13.5,7],"texture":"#cookie3","cullface":"south"}}},{"from":[-7,19,12],"to":[18,21,17],"faces":{"down":{"uv":[1.5,5,14,5.5],"texture":"#cookie3","cullface":"south"},"up":{"uv":[1.5,4.5,14,5],"texture":"#cookie3","cullface":"south"},"north":{"uv":[14,4.5,1.5,5.5],"texture":"#cookie3","cullface":"south"},"south":{"uv":[1.5,4.5,14,5.5],"texture":"#cookie3","cullface":"south"},"west":{"uv":[1.5,4.5,2,5.5],"texture":"#cookie3","cullface":"south"},"east":{"uv":[13.5,4.5,14,5.5],"texture":"#cookie3","cullface":"south"}}},{"from":[-6,21,12],"to":[18,22,17],"faces":{"up":{"uv":[2,4,14,4.5],"texture":"#cookie3","cullface":"south"},"north":{"uv":[14,4,2,4.5],"texture":"#cookie3","cullface":"south"},"south":{"uv":[2,4,14,4.5],"texture":"#cookie3","cullface":"south"},"west":{"uv":[2,4,2.5,4.5],"texture":"#cookie3","cullface":"south"},"east":{"uv":[13.5,4,14,4.5],"texture":"#cookie3","cullface":"south"}}},{"from":[-5,22,12.5],"to":[18,23,16.5],"faces":{"up":{"uv":[2.5,3.5,14,4],"texture":"#cookie3","cullface":"south"},"north":{"uv":[14,3.5,2.5,4],"texture":"#cookie3","cullface":"south"},"south":{"uv":[2.5,3.5,14,4],"texture":"#cookie3","cullface":"south"},"west":{"uv":[2.5,3.5,3,4],"texture":"#cookie3","cullface":"south"},"east":{"uv":[13.5,3.5,14,4],"texture":"#cookie3","cullface":"south"}}},{"from":[-4,23,13],"to":[18,24,16],"faces":{"up":{"uv":[3,3,14,3.5],"texture":"#cookie3","cullface":"up"},"north":{"uv":[14,3,3,3.5],"texture":"#cookie3","cullface":"up"},"south":{"uv":[3,3,14,3.5],"texture":"#cookie3","cullface":"up"},"west":{"uv":[3,3,3.5,3.5],"texture":"#cookie3","cullface":"up"},"east":{"uv":[13.5,3,14,3.5],"texture":"#cookie3","cullface":"up"}}},{"from":[-3,24,13],"to":[18,25,16],"faces":{"up":{"uv":[3.5,2.5,14,3],"texture":"#cookie3","cullface":"up"},"north":{"uv":[14,2.5,3.5,3],"texture":"#cookie3","cullface":"up"},"south":{"uv":[3.5,2.5,14,3],"texture":"#cookie3","cullface":"up"},"west":{"uv":[3.5,2.5,4,3],"texture":"#cookie3","cullface":"up"},"east":{"uv":[13.5,2.5,14,3],"texture":"#cookie3","cullface":"up"}}},{"from":[4,25,13],"to":[17,26,16],"faces":{"up":{"uv":[7,2,13.5,2.5],"texture":"#cookie3","cullface":"east"},"north":{"uv":[13.5,2,7,2.5],"texture":"#cookie3","cullface":"east"},"south":{"uv":[7,2,13.5,2.5],"texture":"#cookie3","cullface":"east"},"west":{"uv":[7,2,7.5,2.5],"texture":"#cookie3","cullface":"east"},"east":{"uv":[13,2,13.5,2.5],"texture":"#cookie3","cullface":"east"}}},{"from":[7,26,13.5],"to":[16,27,15.5],"faces":{"up":{"uv":[8.5,1.5,13,2],"texture":"#cookie3","cullface":"up"},"north":{"uv":[13,1.5,8.5,2],"texture":"#cookie3","cullface":"up"},"south":{"uv":[8.5,1.5,13,2],"texture":"#cookie3","cullface":"up"},"west":{"uv":[8.5,1.5,9,2],"texture":"#cookie3","cullface":"up"},"east":{"uv":[12.5,1.5,13,2],"texture":"#cookie3","cullface":"up"}}},{"from":[-1,6,14.0625],"to":[16,11,17.0625],"faces":{"down":{"uv":[4.5,11.5,13,12],"texture":"#cookie3","cullface":"south"},"up":{"uv":[4.5,9.5,13,10],"texture":"#cookie3","cullface":"south"},"north":{"uv":[13,9,4.5,11.5],"texture":"#cookie3","cullface":"south"},"south":{"uv":[4.5,9.5,13,12],"texture":"#cookie3","cullface":"south"},"west":{"uv":[4.5,9.5,5,12],"texture":"#cookie3","cullface":"south"},"east":{"uv":[12.5,9.5,13,12],"texture":"#cookie3","cullface":"south"}}},{"from":[0,7,17],"to":[15,11,18],"faces":{"down":{"uv":[5,11,12.5,11.5],"texture":"#cookie3","cullface":"south"},"north":{"uv":[12.5,9.5,5,11.5],"texture":"#cookie3","cullface":"south"},"south":{"uv":[5,9.5,12.5,11.5],"texture":"#cookie3","cullface":"south"},"west":{"uv":[5,9.5,5.5,11.5],"texture":"#cookie3","cullface":"south"},"east":{"uv":[12,9.5,12.5,11.5],"texture":"#cookie3","cullface":"south"}}},{"from":[-1,11,12],"to":[16,14,17],"faces":{"down":{"uv":[4.5,9,13,9.5],"texture":"#cookie3","cullface":"south"},"up":{"uv":[4.5,8,13,8.5],"texture":"#cookie3","cullface":"south"},"north":{"uv":[13,8,4.5,9.5],"texture":"#cookie3","cullface":"south"},"south":{"uv":[4.5,8,13,9.5],"texture":"#cookie3","cullface":"south"},"west":{"uv":[4.5,8,5,9.5],"texture":"#cookie3","cullface":"south"},"east":{"uv":[12.5,8,13,9.5],"texture":"#cookie3","cullface":"south"}}},{"from":[0.0625,7,11.125],"to":[15.0625,14,13.125],"faces":{"down":{"uv":[5,9,12.5,9.5],"texture":"#cookie3","cullface":"up"},"up":{"uv":[5,8,12.5,8.5],"texture":"#cookie3","cullface":"up"},"north":{"uv":[12.5,8,5,9.5],"texture":"#cookie3","cullface":"up"},"south":{"uv":[5,8,12.5,9.5],"texture":"#cookie3","cullface":"up"},"west":{"uv":[5,8,5.5,9.5],"texture":"#cookie3","cullface":"up"},"east":{"uv":[12,8,12.5,9.5],"texture":"#cookie3","cullface":"up"}}},{"from":[3,11,10.125],"to":[12,14,11.125],"faces":{"down":{"uv":[6.5,9,11,9.5],"texture":"#cookie3","cullface":"up"},"up":{"uv":[6.5,8,11,8.5],"texture":"#cookie3","cullface":"up"},"north":{"uv":[11,8,6.5,9.5],"texture":"#cookie3","cullface":"up"},"west":{"uv":[6.5,8,7,9.5],"texture":"#cookie3","cullface":"up"},"east":{"uv":[10.5,8,11,9.5],"texture":"#cookie3","cullface":"up"}}},{"from":[-3,14,12],"to":[15,15,17],"faces":{"down":{"uv":[3.5,7.5,12.5,8],"texture":"#cookie3","cullface":"west"},"north":{"uv":[12.5,7.5,3.5,8],"texture":"#cookie3","cullface":"west"},"south":{"uv":[3.5,7.5,12.5,8],"texture":"#cookie3","cullface":"west"},"west":{"uv":[3.5,7.5,4,8],"texture":"#cookie3","cullface":"west"},"east":{"uv":[12,7.5,12.5,8],"texture":"#cookie3","cullface":"west"}}},{"from":[-2,14,11],"to":[14,15,18],"faces":{"down":{"uv":[4,7.5,12,8],"texture":"#cookie3","cullface":"west"},"north":{"uv":[12,7.5,4,8],"texture":"#cookie3","cullface":"west"},"south":{"uv":[4,7.5,12,8],"texture":"#cookie3","cullface":"west"},"west":{"uv":[4,7.5,4.5,8],"texture":"#cookie3","cullface":"west"},"east":{"uv":[11.5,7.5,12,8],"texture":"#cookie3","cullface":"west"}}},{"from":[3,11,18],"to":[12,14,19],"faces":{"down":{"uv":[6.5,9,11,9.5],"texture":"#cookie3","cullface":"south"},"up":{"uv":[6.5,8,11,8.5],"texture":"#cookie3","cullface":"south"},"south":{"uv":[6.5,8,11,9.5],"texture":"#cookie3","cullface":"south"},"west":{"uv":[6.5,8,7,9.5],"texture":"#cookie3","cullface":"south"},"east":{"uv":[10.5,8,11,9.5],"texture":"#cookie3","cullface":"south"}}},{"from":[0,11,17],"to":[15,14,18],"faces":{"up":{"uv":[5,8,12.5,8.5],"texture":"#cookie3","cullface":"south"},"south":{"uv":[5,8,12.5,9.5],"texture":"#cookie3","cullface":"south"},"west":{"uv":[5,8,5.5,9.5],"texture":"#cookie3","cullface":"south"},"east":{"uv":[12,8,12.5,9.5],"texture":"#cookie3","cullface":"south"}}},{"from":[-5,15,12],"to":[15,16,17],"faces":{"down":{"uv":[2.5,7,12.5,7.5],"texture":"#cookie3","cullface":"west"},"north":{"uv":[12.5,7,2.5,7.5],"texture":"#cookie3","cullface":"west"},"south":{"uv":[2.5,7,12.5,7.5],"texture":"#cookie3","cullface":"west"},"west":{"uv":[2.5,7,3,7.5],"texture":"#cookie3","cullface":"west"},"east":{"uv":[12,7,12.5,7.5],"texture":"#cookie3","cullface":"west"}}},{"from":[-4,15,11],"to":[14,16,18],"faces":{"down":{"uv":[3,7,12,7.5],"texture":"#cookie3","cullface":"west"},"north":{"uv":[12,7,3,7.5],"texture":"#cookie3","cullface":"west"},"south":{"uv":[3,7,12,7.5],"texture":"#cookie3","cullface":"west"},"west":{"uv":[3,7,3.5,7.5],"texture":"#cookie3","cullface":"west"},"east":{"uv":[11.5,7,12,7.5],"texture":"#cookie3","cullface":"west"}}},{"from":[1,14,10],"to":[11,15,19],"faces":{"down":{"uv":[5.5,7.5,10,8],"texture":"#cookie3","cullface":"south"},"north":{"uv":[10.5,7.5,5.5,8],"texture":"#cookie3","cullface":"south"},"south":{"uv":[5.5,7.5,10.5,8],"texture":"#cookie3","cullface":"south"},"west":{"uv":[5.5,7.5,6,8],"texture":"#cookie3","cullface":"south"},"east":{"uv":[10,7.5,10.5,8],"texture":"#cookie3","cullface":"south"}}},{"from":[-1,15,10],"to":[11,16,19],"faces":{"down":{"uv":[5.5,7.5,11.5,8],"texture":"#cookie3","cullface":"west"},"north":{"uv":[10.5,7.5,4.5,8],"texture":"#cookie3","cullface":"west"},"south":{"uv":[4.5,7.5,10.5,8],"texture":"#cookie3","cullface":"west"},"west":{"uv":[5.5,7.5,6,8],"texture":"#cookie3","cullface":"west"},"east":{"uv":[11,7.5,11.5,8],"texture":"#cookie3","cullface":"west"}}},{"from":[-6,16,11],"to":[16,19,18],"faces":{"down":{"uv":[2,6.5,13,7],"texture":"#cookie3","cullface":"south"},"north":{"uv":[13,5.5,2,7],"texture":"#cookie3","cullface":"south"},"south":{"uv":[2,5.5,13,7],"texture":"#cookie3","cullface":"south"},"west":{"uv":[2,5.5,2.5,7],"texture":"#cookie3","cullface":"south"},"east":{"uv":[12.5,5.5,13,7],"texture":"#cookie3","cullface":"south"}}},{"from":[-3,16,10],"to":[13,19,19],"faces":{"down":{"uv":[3.5,5.5,11.5,6],"texture":"#cookie3","cullface":"west"},"north":{"uv":[11.5,5.5,3.5,7],"texture":"#cookie3","cullface":"west"},"south":{"uv":[3.5,5.5,11.5,7],"texture":"#cookie3","cullface":"west"},"west":{"uv":[3.5,5.5,4,7],"texture":"#cookie3","cullface":"west"},"east":{"uv":[11,5.5,11.5,7],"texture":"#cookie3","cullface":"west"}}},{"from":[-1,17,9],"to":[4,19,20],"faces":{"down":{"uv":[4.5,5.5,7,6],"texture":"#cookie3","cullface":"west"},"north":{"uv":[7,5.5,4.5,6.5],"texture":"#cookie3","cullface":"west"},"south":{"uv":[4.5,5.5,7,6.5],"texture":"#cookie3","cullface":"west"},"west":{"uv":[4.5,5.5,5,6.5],"texture":"#cookie3","cullface":"west"},"east":{"uv":[6.5,5.5,7,6.5],"texture":"#cookie3","cullface":"west"}}},{"from":[6,17,9],"to":[11,19,20],"faces":{"down":{"uv":[8,6,10.5,6.5],"texture":"#cookie3","cullface":"south"},"north":{"uv":[10.5,5.5,8,6.5],"texture":"#cookie3","cullface":"south"},"south":{"uv":[8,5.5,10.5,6.5],"texture":"#cookie3","cullface":"south"},"west":{"uv":[8,5.5,8.5,6.5],"texture":"#cookie3","cullface":"south"},"east":{"uv":[10,5.5,10.5,6.5],"texture":"#cookie3","cullface":"south"}}},{"from":[-6,19,11],"to":[17,21,18],"faces":{"down":{"uv":[2,5,13.5,5.5],"texture":"#cookie3","cullface":"south"},"up":{"uv":[2,4.5,13.5,5],"texture":"#cookie3","cullface":"south"},"north":{"uv":[13.5,4.5,2,5.5],"texture":"#cookie3","cullface":"south"},"south":{"uv":[2,4.5,13.5,5.5],"texture":"#cookie3","cullface":"south"},"west":{"uv":[2,4.5,2.5,5.5],"texture":"#cookie3","cullface":"south"},"east":{"uv":[13,4.5,13.5,5.5],"texture":"#cookie3","cullface":"south"}}},{"from":[-3,19,10],"to":[14,21,19],"faces":{"down":{"uv":[2,5,13.5,5.5],"texture":"#cookie3","cullface":"west"},"up":{"uv":[2,4.5,13.5,5],"texture":"#cookie3","cullface":"west"},"north":{"uv":[13.5,4.5,2,5.5],"texture":"#cookie3","cullface":"west"},"south":{"uv":[2,4.5,13.5,5.5],"texture":"#cookie3","cullface":"west"},"west":{"uv":[2,4.5,2.5,5.5],"texture":"#cookie3","cullface":"west"},"east":{"uv":[13,4.5,13.5,5.5],"texture":"#cookie3","cullface":"west"}}},{"from":[-1,19,9],"to":[11,21,20],"faces":{"down":{"uv":[4.5,5,10.5,5.5],"texture":"#cookie3","cullface":"west"},"up":{"uv":[4.5,4.5,10.5,5],"texture":"#cookie3","cullface":"west"},"north":{"uv":[10.5,4.5,4.5,5.5],"texture":"#cookie3","cullface":"west"},"south":{"uv":[4.5,4.5,10.5,5.5],"texture":"#cookie3","cullface":"west"},"west":{"uv":[4.5,4.5,5,5.5],"texture":"#cookie3","cullface":"west"},"east":{"uv":[10,4.5,10.5,5.5],"texture":"#cookie3","cullface":"west"}}},{"from":[-5,21,11],"to":[17,22,18],"faces":{"up":{"uv":[2.5,4,13.5,4.5],"texture":"#cookie3","cullface":"south"},"north":{"uv":[13.5,4,2.5,4.5],"texture":"#cookie3","cullface":"south"},"south":{"uv":[2.5,4,13.5,4.5],"texture":"#cookie3","cullface":"south"},"west":{"uv":[2.5,4,3,4.5],"texture":"#cookie3","cullface":"south"},"east":{"uv":[13,4,13.5,4.5],"texture":"#cookie3","cullface":"south"}}},{"from":[-2,21,10],"to":[14,22,19],"faces":{"up":{"uv":[4,4,12,4.5],"texture":"#cookie3","cullface":"west"},"north":{"uv":[12,4,4,4.5],"texture":"#cookie3","cullface":"west"},"south":{"uv":[4,4,12,4.5],"texture":"#cookie3","cullface":"west"},"west":{"uv":[4,4,4.5,4.5],"texture":"#cookie3","cullface":"west"},"east":{"uv":[11.5,4,12,4.5],"texture":"#cookie3","cullface":"west"}}},{"from":[0,21,9],"to":[10,22,20],"faces":{"up":{"uv":[5,4,10,4.5],"texture":"#cookie3","cullface":"south"},"north":{"uv":[10,4,5,4.5],"texture":"#cookie3","cullface":"south"},"south":{"uv":[5,4,10,4.5],"texture":"#cookie3","cullface":"south"},"west":{"uv":[5,4,5.5,4.5],"texture":"#cookie3","cullface":"south"},"east":{"uv":[9.5,4,10,4.5],"texture":"#cookie3","cullface":"south"}}},{"from":[-4,22,11],"to":[17,23,18],"faces":{"up":{"uv":[3,3.5,13.5,4],"texture":"#cookie3","cullface":"south"},"north":{"uv":[13.5,3.5,3,4],"texture":"#cookie3","cullface":"south"},"south":{"uv":[3,3.5,13.5,4],"texture":"#cookie3","cullface":"south"},"west":{"uv":[3,3.5,3.5,4],"texture":"#cookie3","cullface":"south"},"east":{"uv":[13,3.5,13.5,4],"texture":"#cookie3","cullface":"south"}}},{"from":[-1,22,10],"to":[14,23,19],"faces":{"up":{"uv":[4.5,3.5,12,4],"texture":"#cookie3","cullface":"west"},"north":{"uv":[12,3.5,4.5,4],"texture":"#cookie3","cullface":"west"},"south":{"uv":[4.5,3.5,12,4],"texture":"#cookie3","cullface":"west"},"west":{"uv":[4.5,3.5,5,4],"texture":"#cookie3","cullface":"west"},"east":{"uv":[11.5,3.5,12,4],"texture":"#cookie3","cullface":"west"}}},{"from":[-3,23,12],"to":[17,24,17],"faces":{"up":{"uv":[3.5,3,13.5,3.5],"texture":"#cookie3","cullface":"south"},"north":{"uv":[13.5,3,3.5,3.5],"texture":"#cookie3","cullface":"south"},"south":{"uv":[3.5,3,13.5,3.5],"texture":"#cookie3","cullface":"south"},"west":{"uv":[3.5,3,4,3.5],"texture":"#cookie3","cullface":"south"},"east":{"uv":[13,3,13.5,3.5],"texture":"#cookie3","cullface":"south"}}},{"from":[-1,23,11],"to":[14,24,18],"faces":{"up":{"uv":[5,3,12,3.5],"texture":"#cookie3","cullface":"west"},"north":{"uv":[12,3,5,3.5],"texture":"#cookie3","cullface":"west"},"south":{"uv":[5,3,12,3.5],"texture":"#cookie3","cullface":"west"},"west":{"uv":[4.5,3,5,3.5],"texture":"#cookie3","cullface":"west"},"east":{"uv":[12,3,12.5,3.5],"texture":"#cookie3","cullface":"west"}}},{"from":[3,23,10],"to":[11,24,19],"faces":{"up":{"uv":[6,3,10.5,3.5],"texture":"#cookie3","cullface":"south"},"north":{"uv":[10.5,3,6.5,3.5],"texture":"#cookie3","cullface":"south"},"south":{"uv":[6.5,3,10.5,3.5],"texture":"#cookie3","cullface":"south"},"west":{"uv":[6.5,3,7,3.5],"texture":"#cookie3","cullface":"south"},"east":{"uv":[10,3,10.5,3.5],"texture":"#cookie3","cullface":"south"}}},{"from":[-1,24,12],"to":[16,25,17],"faces":{"up":{"uv":[4.5,2.5,13,3],"texture":"#cookie3","cullface":"south"},"north":{"uv":[13,2.5,4.5,3],"texture":"#cookie3","cullface":"south"},"south":{"uv":[4.5,2.5,13,3],"texture":"#cookie3","cullface":"south"},"west":{"uv":[4.5,2.5,5,3],"texture":"#cookie3","cullface":"south"},"east":{"uv":[12.5,2.5,13,3],"texture":"#cookie3","cullface":"south"}}},{"from":[2,24,11],"to":[13,25,18],"faces":{"up":{"uv":[4.5,2.5,13,3],"texture":"#cookie3","cullface":"south"},"north":{"uv":[13,2.5,4.5,3],"texture":"#cookie3","cullface":"south"},"south":{"uv":[4.5,2.5,13,3],"texture":"#cookie3","cullface":"south"},"west":{"uv":[4.5,2.5,5,3],"texture":"#cookie3","cullface":"south"},"east":{"uv":[12.5,2.5,13,3],"texture":"#cookie3","cullface":"south"}}},{"from":[8,26,13],"to":[15,27,16],"faces":{"up":{"uv":[8.5,1.5,13,2],"texture":"#cookie3","cullface":"up"},"north":{"uv":[13,1.5,8.5,2],"texture":"#cookie3","cullface":"up"},"south":{"uv":[8.5,1.5,13,2],"texture":"#cookie3","cullface":"up"},"west":{"uv":[8.5,1.5,9,2],"texture":"#cookie3","cullface":"up"},"east":{"uv":[12.5,1.5,13,2],"texture":"#cookie3","cullface":"up"}}},{"from":[5,25,12],"to":[14,26,17],"faces":{"up":{"uv":[7,2,13.5,2.5],"texture":"#cookie3","cullface":"south"},"north":{"uv":[13.5,2,7,2.5],"texture":"#cookie3","cullface":"south"},"south":{"uv":[7,2,13.5,2.5],"texture":"#cookie3","cullface":"south"},"west":{"uv":[7,2,7.5,2.5],"texture":"#cookie3","cullface":"south"},"east":{"uv":[13,2,13.5,2.5],"texture":"#cookie3","cullface":"south"}}}],"display":{"head":{"rotation":[0,180,0],"translation":[0,9.3,0.6],"scale":[1,1,1]},"gui":{"rotation":[0,0,0],"translation":[0,0,0],"scale":[0.4,0.4,0.4]}}}