{
	"__comment": "Designed by  with Cubik Studio - https://cubik.studio",
	"textures": {
		"pirate_ninja": "blocks/pirate_ninja"
	},
	"elements": [
		{
			"__comment": "Voxels-6179D1",
			"from": [ 2.5, 1.5, 13 ],
			"to": [ 6.5, 2.25, 14 ],
			"faces": {
				"down": { "uv": [ 8.96, 0.96, 11.04, 3.04 ], "texture": "#pirate_ninja" },
				"up": { "uv": [ 8.96, 0.96, 11.04, 3.04 ], "texture": "#pirate_ninja" },
				"north": { "uv": [ 8.96, 0.96, 11.04, 3.04 ], "texture": "#pirate_ninja" },
				"south": { "uv": [ 8.96, 0.96, 11.04, 3.04 ], "texture": "#pirate_ninja" },
				"west": { "uv": [ 8.96, 0.96, 11.04, 3.04 ], "texture": "#pirate_ninja" },
				"east": { "uv": [ 8.96, 0.96, 11.04, 3.04 ], "texture": "#pirate_ninja" }
			}
		},
		{
			"__comment": "Voxels-6179D1",
			"from": [ 2.5, 2.25, 13 ],
			"to": [ 3, 2.5, 14 ],
			"faces": {
				"down": { "uv": [ 8.96, 0.96, 11.04, 3.04 ], "texture": "#pirate_ninja" },
				"up": { "uv": [ 8.96, 0.96, 11.04, 3.04 ], "texture": "#pirate_ninja" },
				"north": { "uv": [ 8.96, 0.96, 11.04, 3.04 ], "texture": "#pirate_ninja" },
				"south": { "uv": [ 8.96, 0.96, 11.04, 3.04 ], "texture": "#pirate_ninja" },
				"west": { "uv": [ 8.96, 0.96, 11.04, 3.04 ], "texture": "#pirate_ninja" },
				"east": { "uv": [ 8.96, 0.96, 11.04, 3.04 ], "texture": "#pirate_ninja" }
			}
		},
		{
			"__comment": "Voxels-647DDA",
			"from": [ 2.5, 2.5, 13 ],
			"to": [ 13, 3.5, 14 ],
			"faces": {
				"down": { "uv": [ 12.96, 0.96, 15.04, 3.04 ], "texture": "#pirate_ninja" },
				"up": { "uv": [ 12.96, 0.96, 15.04, 3.04 ], "texture": "#pirate_ninja" },
				"north": { "uv": [ 12.96, 0.96, 15.04, 3.04 ], "texture": "#pirate_ninja" },
				"south": { "uv": [ 12.96, 0.96, 15.04, 3.04 ], "texture": "#pirate_ninja" },
				"west": { "uv": [ 12.96, 0.96, 15.04, 3.04 ], "texture": "#pirate_ninja" },
				"east": { "uv": [ 12.96, 0.96, 15.04, 3.04 ], "texture": "#pirate_ninja" }
			}
		},
		{
			"__comment": "Voxels-5771D3",
			"from": [ 2.5, 3.5, 13 ],
			"to": [ 3, 6, 14.25 ],
			"faces": {
				"down": { "uv": [ 0.96, 4.96, 3.04, 7.04 ], "texture": "#pirate_ninja" },
				"up": { "uv": [ 0.96, 4.96, 3.04, 7.04 ], "texture": "#pirate_ninja" },
				"north": { "uv": [ 0.96, 4.96, 3.04, 7.04 ], "texture": "#pirate_ninja" },
				"south": { "uv": [ 0.96, 4.96, 3.04, 7.04 ], "texture": "#pirate_ninja" },
				"west": { "uv": [ 0.96, 4.96, 3.04, 7.04 ], "texture": "#pirate_ninja" },
				"east": { "uv": [ 0.96, 4.96, 3.04, 7.04 ], "texture": "#pirate_ninja" }
			}
		},
		{
			"__comment": "Voxels-516ACB",
			"from": [ 2.5, 6, 14 ],
			"to": [ 5.5, 8, 14.5 ],
			"faces": {
				"down": { "uv": [ 4.96, 4.96, 7.04, 7.04 ], "texture": "#pirate_ninja" },
				"up": { "uv": [ 4.96, 4.96, 7.04, 7.04 ], "texture": "#pirate_ninja" },
				"north": { "uv": [ 4.96, 4.96, 7.04, 7.04 ], "texture": "#pirate_ninja" },
				"south": { "uv": [ 4.96, 4.96, 7.04, 7.04 ], "texture": "#pirate_ninja" },
				"west": { "uv": [ 4.96, 4.96, 7.04, 7.04 ], "texture": "#pirate_ninja" },
				"east": { "uv": [ 4.96, 4.96, 7.04, 7.04 ], "texture": "#pirate_ninja" }
			}
		},
		{
			"__comment": "Voxels-6179D1",
			"from": [ 3, 1, 13 ],
			"to": [ 6, 1.5, 14 ],
			"faces": {
				"down": { "uv": [ 8.96, 0.96, 11.04, 3.04 ], "texture": "#pirate_ninja" },
				"up": { "uv": [ 8.96, 0.96, 11.04, 3.04 ], "texture": "#pirate_ninja" },
				"north": { "uv": [ 8.96, 0.96, 11.04, 3.04 ], "texture": "#pirate_ninja" },
				"south": { "uv": [ 8.96, 0.96, 11.04, 3.04 ], "texture": "#pirate_ninja" },
				"west": { "uv": [ 8.96, 0.96, 11.04, 3.04 ], "texture": "#pirate_ninja" },
				"east": { "uv": [ 8.96, 0.96, 11.04, 3.04 ], "texture": "#pirate_ninja" }
			}
		},
		{
			"__comment": "Voxels-647DDA",
			"from": [ 3, 2.25, 13 ],
			"to": [ 3.5, 2.5, 14 ],
			"faces": {
				"down": { "uv": [ 12.96, 0.96, 15.04, 3.04 ], "texture": "#pirate_ninja" },
				"up": { "uv": [ 12.96, 0.96, 15.04, 3.04 ], "texture": "#pirate_ninja" },
				"north": { "uv": [ 12.96, 0.96, 15.04, 3.04 ], "texture": "#pirate_ninja" },
				"south": { "uv": [ 12.96, 0.96, 15.04, 3.04 ], "texture": "#pirate_ninja" },
				"west": { "uv": [ 12.96, 0.96, 15.04, 3.04 ], "texture": "#pirate_ninja" },
				"east": { "uv": [ 12.96, 0.96, 15.04, 3.04 ], "texture": "#pirate_ninja" }
			}
		},
		{
			"__comment": "Voxels-647DDA",
			"from": [ 3, 3.5, 13 ],
			"to": [ 3.5, 4, 14 ],
			"faces": {
				"down": { "uv": [ 12.96, 0.96, 15.04, 3.04 ], "texture": "#pirate_ninja" },
				"up": { "uv": [ 12.96, 0.96, 15.04, 3.04 ], "texture": "#pirate_ninja" },
				"north": { "uv": [ 12.96, 0.96, 15.04, 3.04 ], "texture": "#pirate_ninja" },
				"south": { "uv": [ 12.96, 0.96, 15.04, 3.04 ], "texture": "#pirate_ninja" },
				"west": { "uv": [ 12.96, 0.96, 15.04, 3.04 ], "texture": "#pirate_ninja" },
				"east": { "uv": [ 12.96, 0.96, 15.04, 3.04 ], "texture": "#pirate_ninja" }
			}
		},
		{
			"__comment": "Voxels-5771D3",
			"from": [ 3, 4, 13.25 ],
			"to": [ 3.5, 6, 14.25 ],
			"faces": {
				"down": { "uv": [ 0.96, 4.96, 3.04, 7.04 ], "texture": "#pirate_ninja" },
				"up": { "uv": [ 0.96, 4.96, 3.04, 7.04 ], "texture": "#pirate_ninja" },
				"north": { "uv": [ 0.96, 4.96, 3.04, 7.04 ], "texture": "#pirate_ninja" },
				"south": { "uv": [ 0.96, 4.96, 3.04, 7.04 ], "texture": "#pirate_ninja" },
				"west": { "uv": [ 0.96, 4.96, 3.04, 7.04 ], "texture": "#pirate_ninja" },
				"east": { "uv": [ 0.96, 4.96, 3.04, 7.04 ], "texture": "#pirate_ninja" }
			}
		},
		{
			"__comment": "Voxels-5C75CF",
			"from": [ 3.5, 0.5, 13 ],
			"to": [ 12, 1, 13.75 ],
			"faces": {
				"down": { "uv": [ 4.96, 0.96, 7.04, 3.04 ], "texture": "#pirate_ninja" },
				"up": { "uv": [ 4.96, 0.96, 7.04, 3.04 ], "texture": "#pirate_ninja" },
				"north": { "uv": [ 4.96, 0.96, 7.04, 3.04 ], "texture": "#pirate_ninja" },
				"south": { "uv": [ 4.96, 0.96, 7.04, 3.04 ], "texture": "#pirate_ninja" },
				"west": { "uv": [ 4.96, 0.96, 7.04, 3.04 ], "texture": "#pirate_ninja" },
				"east": { "uv": [ 4.96, 0.96, 7.04, 3.04 ], "texture": "#pirate_ninja" }
			}
		},
		{
			"__comment": "Voxels-394E99",
			"from": [ 3.5, 2.25, 13.5 ],
			"to": [ 12, 2.5, 13.75 ],
			"faces": {
				"down": { "uv": [ 8.96, 4.96, 11.04, 7.04 ], "texture": "#pirate_ninja" },
				"up": { "uv": [ 8.96, 4.96, 11.04, 7.04 ], "texture": "#pirate_ninja" },
				"north": { "uv": [ 8.96, 4.96, 11.04, 7.04 ], "texture": "#pirate_ninja" },
				"south": { "uv": [ 8.96, 4.96, 11.04, 7.04 ], "texture": "#pirate_ninja" },
				"west": { "uv": [ 8.96, 4.96, 11.04, 7.04 ], "texture": "#pirate_ninja" },
				"east": { "uv": [ 8.96, 4.96, 11.04, 7.04 ], "texture": "#pirate_ninja" }
			}
		},
		{
			"__comment": "Voxels-000000",
			"from": [ 3.5, 3.5, 13 ],
			"to": [ 12, 4, 13.25 ],
			"faces": {
				"down": { "uv": [ 12.96, 4.96, 15.04, 7.04 ], "texture": "#pirate_ninja" },
				"up": { "uv": [ 12.96, 4.96, 15.04, 7.04 ], "texture": "#pirate_ninja" },
				"north": { "uv": [ 12.96, 4.96, 15.04, 7.04 ], "texture": "#pirate_ninja" },
				"south": { "uv": [ 12.96, 4.96, 15.04, 7.04 ], "texture": "#pirate_ninja" },
				"west": { "uv": [ 12.96, 4.96, 15.04, 7.04 ], "texture": "#pirate_ninja" },
				"east": { "uv": [ 12.96, 4.96, 15.04, 7.04 ], "texture": "#pirate_ninja" }
			}
		},
		{
			"__comment": "Voxels-647DDA",
			"from": [ 3.5, 4, 13 ],
			"to": [ 4, 4.5, 14 ],
			"faces": {
				"down": { "uv": [ 12.96, 0.96, 15.04, 3.04 ], "texture": "#pirate_ninja" },
				"up": { "uv": [ 12.96, 0.96, 15.04, 3.04 ], "texture": "#pirate_ninja" },
				"north": { "uv": [ 12.96, 0.96, 15.04, 3.04 ], "texture": "#pirate_ninja" },
				"south": { "uv": [ 12.96, 0.96, 15.04, 3.04 ], "texture": "#pirate_ninja" },
				"west": { "uv": [ 12.96, 0.96, 15.04, 3.04 ], "texture": "#pirate_ninja" },
				"east": { "uv": [ 12.96, 0.96, 15.04, 3.04 ], "texture": "#pirate_ninja" }
			}
		},
		{
			"__comment": "Voxels-5771D3",
			"from": [ 3.5, 4.5, 13.25 ],
			"to": [ 13, 6, 14.25 ],
			"faces": {
				"down": { "uv": [ 0.96, 4.96, 3.04, 7.04 ], "texture": "#pirate_ninja" },
				"up": { "uv": [ 0.96, 4.96, 3.04, 7.04 ], "texture": "#pirate_ninja" },
				"north": { "uv": [ 0.96, 4.96, 3.04, 7.04 ], "texture": "#pirate_ninja" },
				"south": { "uv": [ 0.96, 4.96, 3.04, 7.04 ], "texture": "#pirate_ninja" },
				"west": { "uv": [ 0.96, 4.96, 3.04, 7.04 ], "texture": "#pirate_ninja" },
				"east": { "uv": [ 0.96, 4.96, 3.04, 7.04 ], "texture": "#pirate_ninja" }
			}
		},
		{
			"__comment": "Voxels-5C75CF",
			"from": [ 4, 0, 13 ],
			"to": [ 11.5, 0.5, 13.75 ],
			"faces": {
				"down": { "uv": [ 4.96, 0.96, 7.04, 3.04 ], "texture": "#pirate_ninja" },
				"up": { "uv": [ 4.96, 0.96, 7.04, 3.04 ], "texture": "#pirate_ninja" },
				"north": { "uv": [ 4.96, 0.96, 7.04, 3.04 ], "texture": "#pirate_ninja" },
				"south": { "uv": [ 4.96, 0.96, 7.04, 3.04 ], "texture": "#pirate_ninja" },
				"west": { "uv": [ 4.96, 0.96, 7.04, 3.04 ], "texture": "#pirate_ninja" },
				"east": { "uv": [ 4.96, 0.96, 7.04, 3.04 ], "texture": "#pirate_ninja" }
			}
		},
		{
			"__comment": "Voxels-000000",
			"from": [ 4, 4, 13 ],
			"to": [ 11.5, 4.5, 13.25 ],
			"faces": {
				"down": { "uv": [ 12.96, 4.96, 15.04, 7.04 ], "texture": "#pirate_ninja" },
				"up": { "uv": [ 12.96, 4.96, 15.04, 7.04 ], "texture": "#pirate_ninja" },
				"north": { "uv": [ 12.96, 4.96, 15.04, 7.04 ], "texture": "#pirate_ninja" },
				"south": { "uv": [ 12.96, 4.96, 15.04, 7.04 ], "texture": "#pirate_ninja" },
				"west": { "uv": [ 12.96, 4.96, 15.04, 7.04 ], "texture": "#pirate_ninja" },
				"east": { "uv": [ 12.96, 4.96, 15.04, 7.04 ], "texture": "#pirate_ninja" }
			}
		},
		{
			"__comment": "Voxels-5C75CF",
			"from": [ 4.5, -0.5, 13 ],
			"to": [ 11, 0, 13.75 ],
			"faces": {
				"down": { "uv": [ 4.96, 0.96, 7.04, 3.04 ], "texture": "#pirate_ninja" },
				"up": { "uv": [ 4.96, 0.96, 7.04, 3.04 ], "texture": "#pirate_ninja" },
				"north": { "uv": [ 4.96, 0.96, 7.04, 3.04 ], "texture": "#pirate_ninja" },
				"south": { "uv": [ 4.96, 0.96, 7.04, 3.04 ], "texture": "#pirate_ninja" },
				"west": { "uv": [ 4.96, 0.96, 7.04, 3.04 ], "texture": "#pirate_ninja" },
				"east": { "uv": [ 4.96, 0.96, 7.04, 3.04 ], "texture": "#pirate_ninja" }
			}
		},
		{
			"__comment": "Voxels-FFFFFF",
			"from": [ 5, 3.75, 13.25 ],
			"to": [ 5.5, 4.25, 13.251 ],
			"faces": {
				"down": { "uv": [ 0.96, 8.96, 3.04, 11.04 ], "texture": "#pirate_ninja" },
				"up": { "uv": [ 0.96, 8.96, 3.04, 11.04 ], "texture": "#pirate_ninja" },
				"north": { "uv": [ 0.96, 8.96, 3.04, 11.04 ], "texture": "#pirate_ninja" },
				"south": { "uv": [ 0.96, 8.96, 3.04, 11.04 ], "texture": "#pirate_ninja" },
				"west": { "uv": [ 0.96, 8.96, 3.04, 11.04 ], "texture": "#pirate_ninja" },
				"east": { "uv": [ 0.96, 8.96, 3.04, 11.04 ], "texture": "#pirate_ninja" }
			}
		},
		{
			"__comment": "Voxels-536DD1",
			"from": [ 5.5, 6, 14 ],
			"to": [ 10, 8, 14.5 ],
			"faces": {
				"down": { "uv": [ 4.96, 8.96, 7.04, 11.04 ], "texture": "#pirate_ninja" },
				"up": { "uv": [ 4.96, 8.96, 7.04, 11.04 ], "texture": "#pirate_ninja" },
				"north": { "uv": [ 4.96, 8.96, 7.04, 11.04 ], "texture": "#pirate_ninja" },
				"south": { "uv": [ 4.96, 8.96, 7.04, 11.04 ], "texture": "#pirate_ninja" },
				"west": { "uv": [ 4.96, 8.96, 7.04, 11.04 ], "texture": "#pirate_ninja" },
				"east": { "uv": [ 4.96, 8.96, 7.04, 11.04 ], "texture": "#pirate_ninja" }
			}
		},
		{
			"__comment": "Voxels-B4B1B6",
			"from": [ 5.5, 6, 14.5 ],
			"to": [ 10, 8.5, 15 ],
			"faces": {
				"down": { "uv": [ 8.96, 8.96, 11.04, 11.04 ], "texture": "#pirate_ninja" },
				"up": { "uv": [ 8.96, 8.96, 11.04, 11.04 ], "texture": "#pirate_ninja" },
				"north": { "uv": [ 8.96, 8.96, 11.04, 11.04 ], "texture": "#pirate_ninja" },
				"south": { "uv": [ 8.96, 8.96, 11.04, 11.04 ], "texture": "#pirate_ninja" },
				"west": { "uv": [ 8.96, 8.96, 11.04, 11.04 ], "texture": "#pirate_ninja" },
				"east": { "uv": [ 8.96, 8.96, 11.04, 11.04 ], "texture": "#pirate_ninja" }
			}
		},
		{
			"__comment": "Voxels-5C75CF",
			"from": [ 6, 1, 13 ],
			"to": [ 10, 1.5, 14 ],
			"faces": {
				"down": { "uv": [ 4.96, 0.96, 7.04, 3.04 ], "texture": "#pirate_ninja" },
				"up": { "uv": [ 4.96, 0.96, 7.04, 3.04 ], "texture": "#pirate_ninja" },
				"north": { "uv": [ 4.96, 0.96, 7.04, 3.04 ], "texture": "#pirate_ninja" },
				"south": { "uv": [ 4.96, 0.96, 7.04, 3.04 ], "texture": "#pirate_ninja" },
				"west": { "uv": [ 4.96, 0.96, 7.04, 3.04 ], "texture": "#pirate_ninja" },
				"east": { "uv": [ 4.96, 0.96, 7.04, 3.04 ], "texture": "#pirate_ninja" }
			}
		},
		{
			"__comment": "Voxels-5C75CF",
			"from": [ 6.5, 1.5, 13 ],
			"to": [ 9, 2.25, 14 ],
			"faces": {
				"down": { "uv": [ 4.96, 0.96, 7.04, 3.04 ], "texture": "#pirate_ninja" },
				"up": { "uv": [ 4.96, 0.96, 7.04, 3.04 ], "texture": "#pirate_ninja" },
				"north": { "uv": [ 4.96, 0.96, 7.04, 3.04 ], "texture": "#pirate_ninja" },
				"south": { "uv": [ 4.96, 0.96, 7.04, 3.04 ], "texture": "#pirate_ninja" },
				"west": { "uv": [ 4.96, 0.96, 7.04, 3.04 ], "texture": "#pirate_ninja" },
				"east": { "uv": [ 4.96, 0.96, 7.04, 3.04 ], "texture": "#pirate_ninja" }
			}
		},
		{
			"__comment": "Voxels-5C75CF",
			"from": [ 9, 1.5, 13 ],
			"to": [ 9.5, 2.25, 14 ],
			"faces": {
				"down": { "uv": [ 4.96, 0.96, 7.04, 3.04 ], "texture": "#pirate_ninja" },
				"up": { "uv": [ 4.96, 0.96, 7.04, 3.04 ], "texture": "#pirate_ninja" },
				"north": { "uv": [ 4.96, 0.96, 7.04, 3.04 ], "texture": "#pirate_ninja" },
				"south": { "uv": [ 4.96, 0.96, 7.04, 3.04 ], "texture": "#pirate_ninja" },
				"west": { "uv": [ 4.96, 0.96, 7.04, 3.04 ], "texture": "#pirate_ninja" },
				"east": { "uv": [ 4.96, 0.96, 7.04, 3.04 ], "texture": "#pirate_ninja" }
			}
		},
		{
			"__comment": "Voxels-6179D1",
			"from": [ 9.5, 1.5, 13 ],
			"to": [ 13, 2.25, 14 ],
			"faces": {
				"down": { "uv": [ 8.96, 0.96, 11.04, 3.04 ], "texture": "#pirate_ninja" },
				"up": { "uv": [ 8.96, 0.96, 11.04, 3.04 ], "texture": "#pirate_ninja" },
				"north": { "uv": [ 8.96, 0.96, 11.04, 3.04 ], "texture": "#pirate_ninja" },
				"south": { "uv": [ 8.96, 0.96, 11.04, 3.04 ], "texture": "#pirate_ninja" },
				"west": { "uv": [ 8.96, 0.96, 11.04, 3.04 ], "texture": "#pirate_ninja" },
				"east": { "uv": [ 8.96, 0.96, 11.04, 3.04 ], "texture": "#pirate_ninja" }
			}
		},
		{
			"__comment": "Voxels-6179D1",
			"from": [ 10, 1, 13 ],
			"to": [ 12.5, 1.5, 14 ],
			"faces": {
				"down": { "uv": [ 8.96, 0.96, 11.04, 3.04 ], "texture": "#pirate_ninja" },
				"up": { "uv": [ 8.96, 0.96, 11.04, 3.04 ], "texture": "#pirate_ninja" },
				"north": { "uv": [ 8.96, 0.96, 11.04, 3.04 ], "texture": "#pirate_ninja" },
				"south": { "uv": [ 8.96, 0.96, 11.04, 3.04 ], "texture": "#pirate_ninja" },
				"west": { "uv": [ 8.96, 0.96, 11.04, 3.04 ], "texture": "#pirate_ninja" },
				"east": { "uv": [ 8.96, 0.96, 11.04, 3.04 ], "texture": "#pirate_ninja" }
			}
		},
		{
			"__comment": "Voxels-FFFFFF",
			"from": [ 10, 3.75, 13.5 ],
			"to": [ 10.5, 4.25, 13.501 ],
			"faces": {
				"down": { "uv": [ 0.96, 8.96, 3.04, 11.04 ], "texture": "#pirate_ninja" },
				"up": { "uv": [ 0.96, 8.96, 3.04, 11.04 ], "texture": "#pirate_ninja" },
				"north": { "uv": [ 0.96, 8.96, 3.04, 11.04 ], "texture": "#pirate_ninja" },
				"south": { "uv": [ 0.96, 8.96, 3.04, 11.04 ], "texture": "#pirate_ninja" },
				"west": { "uv": [ 0.96, 8.96, 3.04, 11.04 ], "texture": "#pirate_ninja" },
				"east": { "uv": [ 0.96, 8.96, 3.04, 11.04 ], "texture": "#pirate_ninja" }
			}
		},
		{
			"__comment": "Voxels-516ACB",
			"from": [ 10, 6, 14 ],
			"to": [ 13, 8, 14.5 ],
			"faces": {
				"down": { "uv": [ 4.96, 4.96, 7.04, 7.04 ], "texture": "#pirate_ninja" },
				"up": { "uv": [ 4.96, 4.96, 7.04, 7.04 ], "texture": "#pirate_ninja" },
				"north": { "uv": [ 4.96, 4.96, 7.04, 7.04 ], "texture": "#pirate_ninja" },
				"south": { "uv": [ 4.96, 4.96, 7.04, 7.04 ], "texture": "#pirate_ninja" },
				"west": { "uv": [ 4.96, 4.96, 7.04, 7.04 ], "texture": "#pirate_ninja" },
				"east": { "uv": [ 4.96, 4.96, 7.04, 7.04 ], "texture": "#pirate_ninja" }
			}
		},
		{
			"__comment": "Voxels-647DDA",
			"from": [ 11.5, 4, 13 ],
			"to": [ 12, 4.5, 14 ],
			"faces": {
				"down": { "uv": [ 12.96, 0.96, 15.04, 3.04 ], "texture": "#pirate_ninja" },
				"up": { "uv": [ 12.96, 0.96, 15.04, 3.04 ], "texture": "#pirate_ninja" },
				"north": { "uv": [ 12.96, 0.96, 15.04, 3.04 ], "texture": "#pirate_ninja" },
				"south": { "uv": [ 12.96, 0.96, 15.04, 3.04 ], "texture": "#pirate_ninja" },
				"west": { "uv": [ 12.96, 0.96, 15.04, 3.04 ], "texture": "#pirate_ninja" },
				"east": { "uv": [ 12.96, 0.96, 15.04, 3.04 ], "texture": "#pirate_ninja" }
			}
		},
		{
			"__comment": "Voxels-647DDA",
			"from": [ 12, 2.25, 13 ],
			"to": [ 12.5, 2.5, 14 ],
			"faces": {
				"down": { "uv": [ 12.96, 0.96, 15.04, 3.04 ], "texture": "#pirate_ninja" },
				"up": { "uv": [ 12.96, 0.96, 15.04, 3.04 ], "texture": "#pirate_ninja" },
				"north": { "uv": [ 12.96, 0.96, 15.04, 3.04 ], "texture": "#pirate_ninja" },
				"south": { "uv": [ 12.96, 0.96, 15.04, 3.04 ], "texture": "#pirate_ninja" },
				"west": { "uv": [ 12.96, 0.96, 15.04, 3.04 ], "texture": "#pirate_ninja" },
				"east": { "uv": [ 12.96, 0.96, 15.04, 3.04 ], "texture": "#pirate_ninja" }
			}
		},
		{
			"__comment": "Voxels-647DDA",
			"from": [ 12, 3.5, 13 ],
			"to": [ 12.5, 4, 14 ],
			"faces": {
				"down": { "uv": [ 12.96, 0.96, 15.04, 3.04 ], "texture": "#pirate_ninja" },
				"up": { "uv": [ 12.96, 0.96, 15.04, 3.04 ], "texture": "#pirate_ninja" },
				"north": { "uv": [ 12.96, 0.96, 15.04, 3.04 ], "texture": "#pirate_ninja" },
				"south": { "uv": [ 12.96, 0.96, 15.04, 3.04 ], "texture": "#pirate_ninja" },
				"west": { "uv": [ 12.96, 0.96, 15.04, 3.04 ], "texture": "#pirate_ninja" },
				"east": { "uv": [ 12.96, 0.96, 15.04, 3.04 ], "texture": "#pirate_ninja" }
			}
		},
		{
			"__comment": "Voxels-5771D3",
			"from": [ 12, 4, 13 ],
			"to": [ 13, 4.5, 14.25 ],
			"faces": {
				"down": { "uv": [ 0.96, 4.96, 3.04, 7.04 ], "texture": "#pirate_ninja" },
				"up": { "uv": [ 0.96, 4.96, 3.04, 7.04 ], "texture": "#pirate_ninja" },
				"north": { "uv": [ 0.96, 4.96, 3.04, 7.04 ], "texture": "#pirate_ninja" },
				"south": { "uv": [ 0.96, 4.96, 3.04, 7.04 ], "texture": "#pirate_ninja" },
				"west": { "uv": [ 0.96, 4.96, 3.04, 7.04 ], "texture": "#pirate_ninja" },
				"east": { "uv": [ 0.96, 4.96, 3.04, 7.04 ], "texture": "#pirate_ninja" }
			}
		},
		{
			"__comment": "Voxels-6179D1",
			"from": [ 12.5, 2.25, 13 ],
			"to": [ 13, 2.5, 14 ],
			"faces": {
				"down": { "uv": [ 8.96, 0.96, 11.04, 3.04 ], "texture": "#pirate_ninja" },
				"up": { "uv": [ 8.96, 0.96, 11.04, 3.04 ], "texture": "#pirate_ninja" },
				"north": { "uv": [ 8.96, 0.96, 11.04, 3.04 ], "texture": "#pirate_ninja" },
				"south": { "uv": [ 8.96, 0.96, 11.04, 3.04 ], "texture": "#pirate_ninja" },
				"west": { "uv": [ 8.96, 0.96, 11.04, 3.04 ], "texture": "#pirate_ninja" },
				"east": { "uv": [ 8.96, 0.96, 11.04, 3.04 ], "texture": "#pirate_ninja" }
			}
		},
		{
			"__comment": "Voxels-5771D3",
			"from": [ 12.5, 4.5, 13 ],
			"to": [ 13, 6, 13.25 ],
			"faces": {
				"down": { "uv": [ 0.96, 4.96, 3.04, 7.04 ], "texture": "#pirate_ninja" },
				"up": { "uv": [ 0.96, 4.96, 3.04, 7.04 ], "texture": "#pirate_ninja" },
				"north": { "uv": [ 0.96, 4.96, 3.04, 7.04 ], "texture": "#pirate_ninja" },
				"south": { "uv": [ 0.96, 4.96, 3.04, 7.04 ], "texture": "#pirate_ninja" },
				"west": { "uv": [ 0.96, 4.96, 3.04, 7.04 ], "texture": "#pirate_ninja" },
				"east": { "uv": [ 0.96, 4.96, 3.04, 7.04 ], "texture": "#pirate_ninja" }
			}
		},
		{
			"__comment": "Voxels-F7F7F7",
			"from": [ 6.2525, 6.2475, 15 ],
			"to": [ 6.7525, 9.247499, 15.25 ],
			"rotation": { "origin": [ 6.5, 6, 15 ], "axis": "z", "angle": -45 },
			"faces": {
				"down": { "uv": [ 12.96, 8.96, 15.04, 11.04 ], "texture": "#pirate_ninja" },
				"up": { "uv": [ 12.96, 8.96, 15.04, 11.04 ], "texture": "#pirate_ninja" },
				"north": { "uv": [ 12.96, 8.96, 15.04, 11.04 ], "texture": "#pirate_ninja" },
				"south": { "uv": [ 12.96, 8.96, 15.04, 11.04 ], "texture": "#pirate_ninja" },
				"west": { "uv": [ 12.96, 8.96, 15.04, 11.04 ], "texture": "#pirate_ninja" },
				"east": { "uv": [ 12.96, 8.96, 15.04, 11.04 ], "texture": "#pirate_ninja" }
			}
		},
		{
			"__comment": "Voxels-F7F7F7",
			"from": [ 8, 8.25, 15 ],
			"to": [ 8.5, 8.95, 15.5 ],
			"faces": {
				"down": { "uv": [ 12.96, 8.96, 15.04, 11.04 ], "texture": "#pirate_ninja" },
				"up": { "uv": [ 12.96, 8.96, 15.04, 11.04 ], "texture": "#pirate_ninja" },
				"north": { "uv": [ 12.96, 8.96, 15.04, 11.04 ], "texture": "#pirate_ninja" },
				"south": { "uv": [ 12.96, 8.96, 15.04, 11.04 ], "texture": "#pirate_ninja" },
				"west": { "uv": [ 12.96, 8.96, 15.04, 11.04 ], "texture": "#pirate_ninja" },
				"east": { "uv": [ 12.96, 8.96, 15.04, 11.04 ], "texture": "#pirate_ninja" }
			}
		},
		{
			"__comment": "Voxels-5771D3",
			"from": [ 12.5, 3.5, 13 ],
			"to": [ 13, 4, 14.25 ],
			"faces": {
				"down": { "uv": [ 0.96, 4.96, 3.04, 7.04 ], "texture": "#pirate_ninja" },
				"up": { "uv": [ 0.96, 4.96, 3.04, 7.04 ], "texture": "#pirate_ninja" },
				"north": { "uv": [ 0.96, 4.96, 3.04, 7.04 ], "texture": "#pirate_ninja" },
				"south": { "uv": [ 0.96, 4.96, 3.04, 7.04 ], "texture": "#pirate_ninja" },
				"west": { "uv": [ 0.96, 4.96, 3.04, 7.04 ], "texture": "#pirate_ninja" },
				"east": { "uv": [ 0.96, 4.96, 3.04, 7.04 ], "texture": "#pirate_ninja" }
			}
		},
		{
			"__comment": "Voxels-6179D1",
			"from": [ 2.5, 1.5, 4.25 ],
			"to": [ 13, 2.5, 4.5 ],
			"faces": {
				"down": { "uv": [ 8.96, 0.96, 11.04, 3.04 ], "texture": "#pirate_ninja" },
				"up": { "uv": [ 8.96, 0.96, 11.04, 3.04 ], "texture": "#pirate_ninja" },
				"north": { "uv": [ 8.96, 0.96, 11.04, 3.04 ], "texture": "#pirate_ninja" },
				"south": { "uv": [ 8.96, 0.96, 11.04, 3.04 ], "texture": "#pirate_ninja" },
				"west": { "uv": [ 8.96, 0.96, 11.04, 3.04 ], "texture": "#pirate_ninja" },
				"east": { "uv": [ 8.96, 0.96, 11.04, 3.04 ], "texture": "#pirate_ninja" }
			}
		},
		{
			"__comment": "Voxels-6179D1",
			"from": [ 2.5, 1.5, 4.5 ],
			"to": [ 3.5, 2, 13 ],
			"faces": {
				"down": { "uv": [ 8.96, 0.96, 11.04, 3.04 ], "texture": "#pirate_ninja" },
				"up": { "uv": [ 8.96, 0.96, 11.04, 3.04 ], "texture": "#pirate_ninja" },
				"north": { "uv": [ 8.96, 0.96, 11.04, 3.04 ], "texture": "#pirate_ninja" },
				"south": { "uv": [ 8.96, 0.96, 11.04, 3.04 ], "texture": "#pirate_ninja" },
				"west": { "uv": [ 8.96, 0.96, 11.04, 3.04 ], "texture": "#pirate_ninja" },
				"east": { "uv": [ 8.96, 0.96, 11.04, 3.04 ], "texture": "#pirate_ninja" }
			}
		},
		{
			"__comment": "Voxels-6179D1",
			"from": [ 2.5, 2, 4.5 ],
			"to": [ 3, 2.5, 13 ],
			"faces": {
				"down": { "uv": [ 8.96, 0.96, 11.04, 3.04 ], "texture": "#pirate_ninja" },
				"up": { "uv": [ 8.96, 0.96, 11.04, 3.04 ], "texture": "#pirate_ninja" },
				"north": { "uv": [ 8.96, 0.96, 11.04, 3.04 ], "texture": "#pirate_ninja" },
				"south": { "uv": [ 8.96, 0.96, 11.04, 3.04 ], "texture": "#pirate_ninja" },
				"west": { "uv": [ 8.96, 0.96, 11.04, 3.04 ], "texture": "#pirate_ninja" },
				"east": { "uv": [ 8.96, 0.96, 11.04, 3.04 ], "texture": "#pirate_ninja" }
			}
		},
		{
			"__comment": "Voxels-647DDA",
			"from": [ 2.5, 2.5, 4 ],
			"to": [ 13, 2.7, 4.25 ],
			"faces": {
				"down": { "uv": [ 12.96, 0.96, 15.04, 3.04 ], "texture": "#pirate_ninja" },
				"up": { "uv": [ 12.96, 0.96, 15.04, 3.04 ], "texture": "#pirate_ninja" },
				"north": { "uv": [ 12.96, 0.96, 15.04, 3.04 ], "texture": "#pirate_ninja" },
				"south": { "uv": [ 12.96, 0.96, 15.04, 3.04 ], "texture": "#pirate_ninja" },
				"west": { "uv": [ 12.96, 0.96, 15.04, 3.04 ], "texture": "#pirate_ninja" },
				"east": { "uv": [ 12.96, 0.96, 15.04, 3.04 ], "texture": "#pirate_ninja" }
			}
		},
		{
			"__comment": "Voxels-647DDA",
			"from": [ 2.5, 2.5, 4 ],
			"to": [ 3, 3.5, 13 ],
			"faces": {
				"down": { "uv": [ 12.96, 0.96, 15.04, 3.04 ], "texture": "#pirate_ninja" },
				"up": { "uv": [ 12.96, 0.96, 15.04, 3.04 ], "texture": "#pirate_ninja" },
				"north": { "uv": [ 12.96, 0.96, 15.04, 3.04 ], "texture": "#pirate_ninja" },
				"south": { "uv": [ 12.96, 0.96, 15.04, 3.04 ], "texture": "#pirate_ninja" },
				"west": { "uv": [ 12.96, 0.96, 15.04, 3.04 ], "texture": "#pirate_ninja" },
				"east": { "uv": [ 12.96, 0.96, 15.04, 3.04 ], "texture": "#pirate_ninja" }
			}
		},
		{
			"__comment": "Voxels-5771D3",
			"from": [ 2.5, 3.5, 3.5 ],
			"to": [ 13, 6, 4 ],
			"faces": {
				"down": { "uv": [ 0.96, 4.96, 3.04, 7.04 ], "texture": "#pirate_ninja" },
				"up": { "uv": [ 0.96, 4.96, 3.04, 7.04 ], "texture": "#pirate_ninja" },
				"north": { "uv": [ 0.96, 4.96, 3.04, 7.04 ], "texture": "#pirate_ninja" },
				"south": { "uv": [ 0.96, 4.96, 3.04, 7.04 ], "texture": "#pirate_ninja" },
				"west": { "uv": [ 0.96, 4.96, 3.04, 7.04 ], "texture": "#pirate_ninja" },
				"east": { "uv": [ 0.96, 4.96, 3.04, 7.04 ], "texture": "#pirate_ninja" }
			}
		},
		{
			"__comment": "Voxels-5771D3",
			"from": [ 2.5, 3.5, 4 ],
			"to": [ 3, 6, 13 ],
			"faces": {
				"down": { "uv": [ 0.96, 4.96, 3.04, 7.04 ], "texture": "#pirate_ninja" },
				"up": { "uv": [ 0.96, 4.96, 3.04, 7.04 ], "texture": "#pirate_ninja" },
				"north": { "uv": [ 0.96, 4.96, 3.04, 7.04 ], "texture": "#pirate_ninja" },
				"south": { "uv": [ 0.96, 4.96, 3.04, 7.04 ], "texture": "#pirate_ninja" },
				"west": { "uv": [ 0.96, 4.96, 3.04, 7.04 ], "texture": "#pirate_ninja" },
				"east": { "uv": [ 0.96, 4.96, 3.04, 7.04 ], "texture": "#pirate_ninja" }
			}
		},
		{
			"__comment": "Voxels-516ACB",
			"from": [ 2.5, 6, 4 ],
			"to": [ 13, 8, 4.5 ],
			"faces": {
				"down": { "uv": [ 4.96, 4.96, 7.04, 7.04 ], "texture": "#pirate_ninja" },
				"up": { "uv": [ 4.96, 4.96, 7.04, 7.04 ], "texture": "#pirate_ninja" },
				"north": { "uv": [ 4.96, 4.96, 7.04, 7.04 ], "texture": "#pirate_ninja" },
				"south": { "uv": [ 4.96, 4.96, 7.04, 7.04 ], "texture": "#pirate_ninja" },
				"west": { "uv": [ 4.96, 4.96, 7.04, 7.04 ], "texture": "#pirate_ninja" },
				"east": { "uv": [ 4.96, 4.96, 7.04, 7.04 ], "texture": "#pirate_ninja" }
			}
		},
		{
			"__comment": "Voxels-516ACB",
			"from": [ 2.5, 6, 4.5 ],
			"to": [ 3, 8, 14 ],
			"faces": {
				"down": { "uv": [ 4.96, 4.96, 7.04, 7.04 ], "texture": "#pirate_ninja" },
				"up": { "uv": [ 4.96, 4.96, 7.04, 7.04 ], "texture": "#pirate_ninja" },
				"north": { "uv": [ 4.96, 4.96, 7.04, 7.04 ], "texture": "#pirate_ninja" },
				"south": { "uv": [ 4.96, 4.96, 7.04, 7.04 ], "texture": "#pirate_ninja" },
				"west": { "uv": [ 4.96, 4.96, 7.04, 7.04 ], "texture": "#pirate_ninja" },
				"east": { "uv": [ 4.96, 4.96, 7.04, 7.04 ], "texture": "#pirate_ninja" }
			}
		},
		{
			"__comment": "Voxels-455DC0",
			"from": [ 2.5, 8, 4.5 ],
			"to": [ 3, 9, 14 ],
			"faces": {
				"down": { "uv": [ 8.96, 4.96, 11.04, 7.04 ], "texture": "#pirate_ninja" },
				"up": { "uv": [ 8.96, 4.96, 11.04, 7.04 ], "texture": "#pirate_ninja" },
				"north": { "uv": [ 8.96, 4.96, 11.04, 7.04 ], "texture": "#pirate_ninja" },
				"south": { "uv": [ 8.96, 4.96, 11.04, 7.04 ], "texture": "#pirate_ninja" },
				"west": { "uv": [ 8.96, 4.96, 11.04, 7.04 ], "texture": "#pirate_ninja" },
				"east": { "uv": [ 8.96, 4.96, 11.04, 7.04 ], "texture": "#pirate_ninja" }
			}
		},
		{
			"__comment": "Voxels-6179D1",
			"from": [ 3, 1, 4.25 ],
			"to": [ 12.5, 1.5, 4.5 ],
			"faces": {
				"down": { "uv": [ 8.96, 0.96, 11.04, 3.04 ], "texture": "#pirate_ninja" },
				"up": { "uv": [ 8.96, 0.96, 11.04, 3.04 ], "texture": "#pirate_ninja" },
				"north": { "uv": [ 8.96, 0.96, 11.04, 3.04 ], "texture": "#pirate_ninja" },
				"south": { "uv": [ 8.96, 0.96, 11.04, 3.04 ], "texture": "#pirate_ninja" },
				"west": { "uv": [ 8.96, 0.96, 11.04, 3.04 ], "texture": "#pirate_ninja" },
				"east": { "uv": [ 8.96, 0.96, 11.04, 3.04 ], "texture": "#pirate_ninja" }
			}
		},
		{
			"__comment": "Voxels-6179D1",
			"from": [ 3, 1, 4.5 ],
			"to": [ 3.5, 1.5, 13 ],
			"faces": {
				"down": { "uv": [ 8.96, 0.96, 11.04, 3.04 ], "texture": "#pirate_ninja" },
				"up": { "uv": [ 8.96, 0.96, 11.04, 3.04 ], "texture": "#pirate_ninja" },
				"north": { "uv": [ 8.96, 0.96, 11.04, 3.04 ], "texture": "#pirate_ninja" },
				"south": { "uv": [ 8.96, 0.96, 11.04, 3.04 ], "texture": "#pirate_ninja" },
				"west": { "uv": [ 8.96, 0.96, 11.04, 3.04 ], "texture": "#pirate_ninja" },
				"east": { "uv": [ 8.96, 0.96, 11.04, 3.04 ], "texture": "#pirate_ninja" }
			}
		},
		{
			"__comment": "Voxels-516ACB",
			"from": [ 3, 6, 3.5 ],
			"to": [ 12.5, 7, 4 ],
			"faces": {
				"down": { "uv": [ 4.96, 4.96, 7.04, 7.04 ], "texture": "#pirate_ninja" },
				"up": { "uv": [ 4.96, 4.96, 7.04, 7.04 ], "texture": "#pirate_ninja" },
				"north": { "uv": [ 4.96, 4.96, 7.04, 7.04 ], "texture": "#pirate_ninja" },
				"south": { "uv": [ 4.96, 4.96, 7.04, 7.04 ], "texture": "#pirate_ninja" },
				"west": { "uv": [ 4.96, 4.96, 7.04, 7.04 ], "texture": "#pirate_ninja" },
				"east": { "uv": [ 4.96, 4.96, 7.04, 7.04 ], "texture": "#pirate_ninja" }
			}
		},
		{
			"__comment": "Voxels-455DC0",
			"from": [ 3, 8, 4 ],
			"to": [ 12.5, 8.5, 4.5 ],
			"faces": {
				"down": { "uv": [ 8.96, 4.96, 11.04, 7.04 ], "texture": "#pirate_ninja" },
				"up": { "uv": [ 8.96, 4.96, 11.04, 7.04 ], "texture": "#pirate_ninja" },
				"north": { "uv": [ 8.96, 4.96, 11.04, 7.04 ], "texture": "#pirate_ninja" },
				"south": { "uv": [ 8.96, 4.96, 11.04, 7.04 ], "texture": "#pirate_ninja" },
				"west": { "uv": [ 8.96, 4.96, 11.04, 7.04 ], "texture": "#pirate_ninja" },
				"east": { "uv": [ 8.96, 4.96, 11.04, 7.04 ], "texture": "#pirate_ninja" }
			}
		},
		{
			"__comment": "Voxels-455DC0",
			"from": [ 3, 8, 14 ],
			"to": [ 13, 9, 14.5 ],
			"faces": {
				"down": { "uv": [ 8.96, 4.96, 11.04, 7.04 ], "texture": "#pirate_ninja" },
				"up": { "uv": [ 8.96, 4.96, 11.04, 7.04 ], "texture": "#pirate_ninja" },
				"north": { "uv": [ 8.96, 4.96, 11.04, 7.04 ], "texture": "#pirate_ninja" },
				"south": { "uv": [ 8.96, 4.96, 11.04, 7.04 ], "texture": "#pirate_ninja" },
				"west": { "uv": [ 8.96, 4.96, 11.04, 7.04 ], "texture": "#pirate_ninja" },
				"east": { "uv": [ 8.96, 4.96, 11.04, 7.04 ], "texture": "#pirate_ninja" }
			}
		},
		{
			"__comment": "Voxels-455DC0",
			"from": [ 3, 8.5, 4.5 ],
			"to": [ 3.5, 9.5, 14 ],
			"faces": {
				"down": { "uv": [ 8.96, 4.96, 11.04, 7.04 ], "texture": "#pirate_ninja" },
				"up": { "uv": [ 8.96, 4.96, 11.04, 7.04 ], "texture": "#pirate_ninja" },
				"north": { "uv": [ 8.96, 4.96, 11.04, 7.04 ], "texture": "#pirate_ninja" },
				"south": { "uv": [ 8.96, 4.96, 11.04, 7.04 ], "texture": "#pirate_ninja" },
				"west": { "uv": [ 8.96, 4.96, 11.04, 7.04 ], "texture": "#pirate_ninja" },
				"east": { "uv": [ 8.96, 4.96, 11.04, 7.04 ], "texture": "#pirate_ninja" }
			}
		},
		{
			"__comment": "Voxels-5C75CF",
			"from": [ 3.5, 0.5, 4.5 ],
			"to": [ 12, 1, 5 ],
			"faces": {
				"down": { "uv": [ 4.96, 0.96, 7.04, 3.04 ], "texture": "#pirate_ninja" },
				"up": { "uv": [ 4.96, 0.96, 7.04, 3.04 ], "texture": "#pirate_ninja" },
				"north": { "uv": [ 4.96, 0.96, 7.04, 3.04 ], "texture": "#pirate_ninja" },
				"south": { "uv": [ 4.96, 0.96, 7.04, 3.04 ], "texture": "#pirate_ninja" },
				"west": { "uv": [ 4.96, 0.96, 7.04, 3.04 ], "texture": "#pirate_ninja" },
				"east": { "uv": [ 4.96, 0.96, 7.04, 3.04 ], "texture": "#pirate_ninja" }
			}
		},
		{
			"__comment": "Voxels-5C75CF",
			"from": [ 3.5, 0.5, 4.5 ],
			"to": [ 4, 1, 13 ],
			"faces": {
				"down": { "uv": [ 4.96, 0.96, 7.04, 3.04 ], "texture": "#pirate_ninja" },
				"up": { "uv": [ 4.96, 0.96, 7.04, 3.04 ], "texture": "#pirate_ninja" },
				"north": { "uv": [ 4.96, 0.96, 7.04, 3.04 ], "texture": "#pirate_ninja" },
				"south": { "uv": [ 4.96, 0.96, 7.04, 3.04 ], "texture": "#pirate_ninja" },
				"west": { "uv": [ 4.96, 0.96, 7.04, 3.04 ], "texture": "#pirate_ninja" },
				"east": { "uv": [ 4.96, 0.96, 7.04, 3.04 ], "texture": "#pirate_ninja" }
			}
		},
		{
			"__comment": "Voxels-5C75CF",
			"from": [ 3.5, 4, 12.5 ],
			"to": [ 4, 4.5, 13 ],
			"faces": {
				"down": { "uv": [ 4.96, 0.96, 7.04, 3.04 ], "texture": "#pirate_ninja" },
				"up": { "uv": [ 4.96, 0.96, 7.04, 3.04 ], "texture": "#pirate_ninja" },
				"north": { "uv": [ 4.96, 0.96, 7.04, 3.04 ], "texture": "#pirate_ninja" },
				"south": { "uv": [ 4.96, 0.96, 7.04, 3.04 ], "texture": "#pirate_ninja" },
				"west": { "uv": [ 4.96, 0.96, 7.04, 3.04 ], "texture": "#pirate_ninja" },
				"east": { "uv": [ 4.96, 0.96, 7.04, 3.04 ], "texture": "#pirate_ninja" }
			}
		},
		{
			"__comment": "Voxels-516ACB",
			"from": [ 3.5, 7, 3.5 ],
			"to": [ 12, 7.5, 4 ],
			"faces": {
				"down": { "uv": [ 4.96, 4.96, 7.04, 7.04 ], "texture": "#pirate_ninja" },
				"up": { "uv": [ 4.96, 4.96, 7.04, 7.04 ], "texture": "#pirate_ninja" },
				"north": { "uv": [ 4.96, 4.96, 7.04, 7.04 ], "texture": "#pirate_ninja" },
				"south": { "uv": [ 4.96, 4.96, 7.04, 7.04 ], "texture": "#pirate_ninja" },
				"west": { "uv": [ 4.96, 4.96, 7.04, 7.04 ], "texture": "#pirate_ninja" },
				"east": { "uv": [ 4.96, 4.96, 7.04, 7.04 ], "texture": "#pirate_ninja" }
			}
		},
		{
			"__comment": "Voxels-455DC0",
			"from": [ 3.5, 8.5, 4 ],
			"to": [ 12, 9, 4.5 ],
			"faces": {
				"down": { "uv": [ 8.96, 4.96, 11.04, 7.04 ], "texture": "#pirate_ninja" },
				"up": { "uv": [ 8.96, 4.96, 11.04, 7.04 ], "texture": "#pirate_ninja" },
				"north": { "uv": [ 8.96, 4.96, 11.04, 7.04 ], "texture": "#pirate_ninja" },
				"south": { "uv": [ 8.96, 4.96, 11.04, 7.04 ], "texture": "#pirate_ninja" },
				"west": { "uv": [ 8.96, 4.96, 11.04, 7.04 ], "texture": "#pirate_ninja" },
				"east": { "uv": [ 8.96, 4.96, 11.04, 7.04 ], "texture": "#pirate_ninja" }
			}
		},
		{
			"__comment": "Voxels-455DC0",
			"from": [ 3.5, 9, 4.5 ],
			"to": [ 4, 10, 13 ],
			"faces": {
				"down": { "uv": [ 8.96, 4.96, 11.04, 7.04 ], "texture": "#pirate_ninja" },
				"up": { "uv": [ 8.96, 4.96, 11.04, 7.04 ], "texture": "#pirate_ninja" },
				"north": { "uv": [ 8.96, 4.96, 11.04, 7.04 ], "texture": "#pirate_ninja" },
				"south": { "uv": [ 8.96, 4.96, 11.04, 7.04 ], "texture": "#pirate_ninja" },
				"west": { "uv": [ 8.96, 4.96, 11.04, 7.04 ], "texture": "#pirate_ninja" },
				"east": { "uv": [ 8.96, 4.96, 11.04, 7.04 ], "texture": "#pirate_ninja" }
			}
		},
		{
			"__comment": "Voxels-455DC0",
			"from": [ 3.5, 9, 13 ],
			"to": [ 12.5, 9.5, 14 ],
			"faces": {
				"down": { "uv": [ 8.96, 4.96, 11.04, 7.04 ], "texture": "#pirate_ninja" },
				"up": { "uv": [ 8.96, 4.96, 11.04, 7.04 ], "texture": "#pirate_ninja" },
				"north": { "uv": [ 8.96, 4.96, 11.04, 7.04 ], "texture": "#pirate_ninja" },
				"south": { "uv": [ 8.96, 4.96, 11.04, 7.04 ], "texture": "#pirate_ninja" },
				"west": { "uv": [ 8.96, 4.96, 11.04, 7.04 ], "texture": "#pirate_ninja" },
				"east": { "uv": [ 8.96, 4.96, 11.04, 7.04 ], "texture": "#pirate_ninja" }
			}
		},
		{
			"__comment": "Voxels-5C75CF",
			"from": [ 4, 0, 4.5 ],
			"to": [ 11.5, 0.5, 5.5 ],
			"faces": {
				"down": { "uv": [ 4.96, 0.96, 7.04, 3.04 ], "texture": "#pirate_ninja" },
				"up": { "uv": [ 4.96, 0.96, 7.04, 3.04 ], "texture": "#pirate_ninja" },
				"north": { "uv": [ 4.96, 0.96, 7.04, 3.04 ], "texture": "#pirate_ninja" },
				"south": { "uv": [ 4.96, 0.96, 7.04, 3.04 ], "texture": "#pirate_ninja" },
				"west": { "uv": [ 4.96, 0.96, 7.04, 3.04 ], "texture": "#pirate_ninja" },
				"east": { "uv": [ 4.96, 0.96, 7.04, 3.04 ], "texture": "#pirate_ninja" }
			}
		},
		{
			"__comment": "Voxels-5C75CF",
			"from": [ 4, 0, 5.5 ],
			"to": [ 4.5, 0.5, 13 ],
			"faces": {
				"down": { "uv": [ 4.96, 0.96, 7.04, 3.04 ], "texture": "#pirate_ninja" },
				"up": { "uv": [ 4.96, 0.96, 7.04, 3.04 ], "texture": "#pirate_ninja" },
				"north": { "uv": [ 4.96, 0.96, 7.04, 3.04 ], "texture": "#pirate_ninja" },
				"south": { "uv": [ 4.96, 0.96, 7.04, 3.04 ], "texture": "#pirate_ninja" },
				"west": { "uv": [ 4.96, 0.96, 7.04, 3.04 ], "texture": "#pirate_ninja" },
				"east": { "uv": [ 4.96, 0.96, 7.04, 3.04 ], "texture": "#pirate_ninja" }
			}
		},
		{
			"__comment": "Voxels-516ACB",
			"from": [ 4, 7.5, 3.5 ],
			"to": [ 11.5, 8, 4 ],
			"faces": {
				"down": { "uv": [ 4.96, 4.96, 7.04, 7.04 ], "texture": "#pirate_ninja" },
				"up": { "uv": [ 4.96, 4.96, 7.04, 7.04 ], "texture": "#pirate_ninja" },
				"north": { "uv": [ 4.96, 4.96, 7.04, 7.04 ], "texture": "#pirate_ninja" },
				"south": { "uv": [ 4.96, 4.96, 7.04, 7.04 ], "texture": "#pirate_ninja" },
				"west": { "uv": [ 4.96, 4.96, 7.04, 7.04 ], "texture": "#pirate_ninja" },
				"east": { "uv": [ 4.96, 4.96, 7.04, 7.04 ], "texture": "#pirate_ninja" }
			}
		},
		{
			"__comment": "Voxels-455DC0",
			"from": [ 4, 9, 4 ],
			"to": [ 11.5, 9.5, 4.5 ],
			"faces": {
				"down": { "uv": [ 8.96, 4.96, 11.04, 7.04 ], "texture": "#pirate_ninja" },
				"up": { "uv": [ 8.96, 4.96, 11.04, 7.04 ], "texture": "#pirate_ninja" },
				"north": { "uv": [ 8.96, 4.96, 11.04, 7.04 ], "texture": "#pirate_ninja" },
				"south": { "uv": [ 8.96, 4.96, 11.04, 7.04 ], "texture": "#pirate_ninja" },
				"west": { "uv": [ 8.96, 4.96, 11.04, 7.04 ], "texture": "#pirate_ninja" },
				"east": { "uv": [ 8.96, 4.96, 11.04, 7.04 ], "texture": "#pirate_ninja" }
			}
		},
		{
			"__comment": "Voxels-455DC0",
			"from": [ 4, 9.5, 4.5 ],
			"to": [ 12, 10, 5.5 ],
			"faces": {
				"down": { "uv": [ 8.96, 4.96, 11.04, 7.04 ], "texture": "#pirate_ninja" },
				"up": { "uv": [ 8.96, 4.96, 11.04, 7.04 ], "texture": "#pirate_ninja" },
				"north": { "uv": [ 8.96, 4.96, 11.04, 7.04 ], "texture": "#pirate_ninja" },
				"south": { "uv": [ 8.96, 4.96, 11.04, 7.04 ], "texture": "#pirate_ninja" },
				"west": { "uv": [ 8.96, 4.96, 11.04, 7.04 ], "texture": "#pirate_ninja" },
				"east": { "uv": [ 8.96, 4.96, 11.04, 7.04 ], "texture": "#pirate_ninja" }
			}
		},
		{
			"__comment": "Voxels-455DC0",
			"from": [ 4, 9.5, 5.5 ],
			"to": [ 4.5, 10.5, 12 ],
			"faces": {
				"down": { "uv": [ 8.96, 4.96, 11.04, 7.04 ], "texture": "#pirate_ninja" },
				"up": { "uv": [ 8.96, 4.96, 11.04, 7.04 ], "texture": "#pirate_ninja" },
				"north": { "uv": [ 8.96, 4.96, 11.04, 7.04 ], "texture": "#pirate_ninja" },
				"south": { "uv": [ 8.96, 4.96, 11.04, 7.04 ], "texture": "#pirate_ninja" },
				"west": { "uv": [ 8.96, 4.96, 11.04, 7.04 ], "texture": "#pirate_ninja" },
				"east": { "uv": [ 8.96, 4.96, 11.04, 7.04 ], "texture": "#pirate_ninja" }
			}
		},
		{
			"__comment": "Voxels-455DC0",
			"from": [ 4, 9.5, 12 ],
			"to": [ 12, 10, 13 ],
			"faces": {
				"down": { "uv": [ 8.96, 4.96, 11.04, 7.04 ], "texture": "#pirate_ninja" },
				"up": { "uv": [ 8.96, 4.96, 11.04, 7.04 ], "texture": "#pirate_ninja" },
				"north": { "uv": [ 8.96, 4.96, 11.04, 7.04 ], "texture": "#pirate_ninja" },
				"south": { "uv": [ 8.96, 4.96, 11.04, 7.04 ], "texture": "#pirate_ninja" },
				"west": { "uv": [ 8.96, 4.96, 11.04, 7.04 ], "texture": "#pirate_ninja" },
				"east": { "uv": [ 8.96, 4.96, 11.04, 7.04 ], "texture": "#pirate_ninja" }
			}
		},
		{
			"__comment": "Voxels-5C75CF",
			"from": [ 4.5, -0.5, 4.5 ],
			"to": [ 11, 0, 13 ],
			"faces": {
				"down": { "uv": [ 4.96, 0.96, 7.04, 3.04 ], "texture": "#pirate_ninja" },
				"up": { "uv": [ 4.96, 0.96, 7.04, 3.04 ], "texture": "#pirate_ninja" },
				"north": { "uv": [ 4.96, 0.96, 7.04, 3.04 ], "texture": "#pirate_ninja" },
				"south": { "uv": [ 4.96, 0.96, 7.04, 3.04 ], "texture": "#pirate_ninja" },
				"west": { "uv": [ 4.96, 0.96, 7.04, 3.04 ], "texture": "#pirate_ninja" },
				"east": { "uv": [ 4.96, 0.96, 7.04, 3.04 ], "texture": "#pirate_ninja" }
			}
		},
		{
			"__comment": "Voxels-455DC0",
			"from": [ 4.5, 10, 5.5 ],
			"to": [ 11.5, 10.5, 12 ],
			"faces": {
				"down": { "uv": [ 8.96, 4.96, 11.04, 7.04 ], "texture": "#pirate_ninja" },
				"up": { "uv": [ 8.96, 4.96, 11.04, 7.04 ], "texture": "#pirate_ninja" },
				"north": { "uv": [ 8.96, 4.96, 11.04, 7.04 ], "texture": "#pirate_ninja" },
				"south": { "uv": [ 8.96, 4.96, 11.04, 7.04 ], "texture": "#pirate_ninja" },
				"west": { "uv": [ 8.96, 4.96, 11.04, 7.04 ], "texture": "#pirate_ninja" },
				"east": { "uv": [ 8.96, 4.96, 11.04, 7.04 ], "texture": "#pirate_ninja" }
			}
		},
		{
			"__comment": "Voxels-5771D3",
			"from": [ 6.5, 3.5, 3 ],
			"to": [ 9, 6, 3.5 ],
			"faces": {
				"down": { "uv": [ 0.96, 4.96, 3.04, 7.04 ], "texture": "#pirate_ninja" },
				"up": { "uv": [ 0.96, 4.96, 3.04, 7.04 ], "texture": "#pirate_ninja" },
				"north": { "uv": [ 0.96, 4.96, 3.04, 7.04 ], "texture": "#pirate_ninja" },
				"south": { "uv": [ 0.96, 4.96, 3.04, 7.04 ], "texture": "#pirate_ninja" },
				"west": { "uv": [ 0.96, 4.96, 3.04, 7.04 ], "texture": "#pirate_ninja" },
				"east": { "uv": [ 0.96, 4.96, 3.04, 7.04 ], "texture": "#pirate_ninja" }
			}
		},
		{
			"__comment": "Voxels-5771D3",
			"from": [ 7, 4, 2.5 ],
			"to": [ 8.5, 5.5, 3 ],
			"faces": {
				"down": { "uv": [ 0.96, 4.96, 3.04, 7.04 ], "texture": "#pirate_ninja" },
				"up": { "uv": [ 0.96, 4.96, 3.04, 7.04 ], "texture": "#pirate_ninja" },
				"north": { "uv": [ 0.96, 4.96, 3.04, 7.04 ], "texture": "#pirate_ninja" },
				"south": { "uv": [ 0.96, 4.96, 3.04, 7.04 ], "texture": "#pirate_ninja" },
				"west": { "uv": [ 0.96, 4.96, 3.04, 7.04 ], "texture": "#pirate_ninja" },
				"east": { "uv": [ 0.96, 4.96, 3.04, 7.04 ], "texture": "#pirate_ninja" }
			}
		},
		{
			"__comment": "Voxels-455DC0",
			"from": [ 7, 10, 4.5 ],
			"to": [ 8.5, 11, 5 ],
			"faces": {
				"down": { "uv": [ 8.96, 4.96, 11.04, 7.04 ], "texture": "#pirate_ninja" },
				"up": { "uv": [ 8.96, 4.96, 11.04, 7.04 ], "texture": "#pirate_ninja" },
				"north": { "uv": [ 8.96, 4.96, 11.04, 7.04 ], "texture": "#pirate_ninja" },
				"south": { "uv": [ 8.96, 4.96, 11.04, 7.04 ], "texture": "#pirate_ninja" },
				"west": { "uv": [ 8.96, 4.96, 11.04, 7.04 ], "texture": "#pirate_ninja" },
				"east": { "uv": [ 8.96, 4.96, 11.04, 7.04 ], "texture": "#pirate_ninja" }
			}
		},
		{
			"__comment": "Voxels-455DC0",
			"from": [ 7, 10, 5 ],
			"to": [ 8.5, 10.5, 5.5 ],
			"faces": {
				"down": { "uv": [ 8.96, 4.96, 11.04, 7.04 ], "texture": "#pirate_ninja" },
				"up": { "uv": [ 8.96, 4.96, 11.04, 7.04 ], "texture": "#pirate_ninja" },
				"north": { "uv": [ 8.96, 4.96, 11.04, 7.04 ], "texture": "#pirate_ninja" },
				"south": { "uv": [ 8.96, 4.96, 11.04, 7.04 ], "texture": "#pirate_ninja" },
				"west": { "uv": [ 8.96, 4.96, 11.04, 7.04 ], "texture": "#pirate_ninja" },
				"east": { "uv": [ 8.96, 4.96, 11.04, 7.04 ], "texture": "#pirate_ninja" }
			}
		},
		{
			"__comment": "Voxels-455DC0",
			"from": [ 7, 10.5, 4 ],
			"to": [ 8.5, 11, 4.5 ],
			"faces": {
				"down": { "uv": [ 8.96, 4.96, 11.04, 7.04 ], "texture": "#pirate_ninja" },
				"up": { "uv": [ 8.96, 4.96, 11.04, 7.04 ], "texture": "#pirate_ninja" },
				"north": { "uv": [ 8.96, 4.96, 11.04, 7.04 ], "texture": "#pirate_ninja" },
				"south": { "uv": [ 8.96, 4.96, 11.04, 7.04 ], "texture": "#pirate_ninja" },
				"west": { "uv": [ 8.96, 4.96, 11.04, 7.04 ], "texture": "#pirate_ninja" },
				"east": { "uv": [ 8.96, 4.96, 11.04, 7.04 ], "texture": "#pirate_ninja" }
			}
		},
		{
			"__comment": "Voxels-5771D3",
			"from": [ 7.5, 3.5, 1.5 ],
			"to": [ 8, 4, 2 ],
			"faces": {
				"down": { "uv": [ 0.96, 4.96, 3.04, 7.04 ], "texture": "#pirate_ninja" },
				"up": { "uv": [ 0.96, 4.96, 3.04, 7.04 ], "texture": "#pirate_ninja" },
				"north": { "uv": [ 0.96, 4.96, 3.04, 7.04 ], "texture": "#pirate_ninja" },
				"south": { "uv": [ 0.96, 4.96, 3.04, 7.04 ], "texture": "#pirate_ninja" },
				"west": { "uv": [ 0.96, 4.96, 3.04, 7.04 ], "texture": "#pirate_ninja" },
				"east": { "uv": [ 0.96, 4.96, 3.04, 7.04 ], "texture": "#pirate_ninja" }
			}
		},
		{
			"__comment": "Voxels-5771D3",
			"from": [ 7.5, 4, 2 ],
			"to": [ 8, 4.5, 2.5 ],
			"faces": {
				"down": { "uv": [ 0.96, 4.96, 3.04, 7.04 ], "texture": "#pirate_ninja" },
				"up": { "uv": [ 0.96, 4.96, 3.04, 7.04 ], "texture": "#pirate_ninja" },
				"north": { "uv": [ 0.96, 4.96, 3.04, 7.04 ], "texture": "#pirate_ninja" },
				"south": { "uv": [ 0.96, 4.96, 3.04, 7.04 ], "texture": "#pirate_ninja" },
				"west": { "uv": [ 0.96, 4.96, 3.04, 7.04 ], "texture": "#pirate_ninja" },
				"east": { "uv": [ 0.96, 4.96, 3.04, 7.04 ], "texture": "#pirate_ninja" }
			}
		},
		{
			"__comment": "Voxels-5771D3",
			"from": [ 7.5, 5, 2 ],
			"to": [ 8, 5.5, 2.5 ],
			"faces": {
				"down": { "uv": [ 0.96, 4.96, 3.04, 7.04 ], "texture": "#pirate_ninja" },
				"up": { "uv": [ 0.96, 4.96, 3.04, 7.04 ], "texture": "#pirate_ninja" },
				"north": { "uv": [ 0.96, 4.96, 3.04, 7.04 ], "texture": "#pirate_ninja" },
				"south": { "uv": [ 0.96, 4.96, 3.04, 7.04 ], "texture": "#pirate_ninja" },
				"west": { "uv": [ 0.96, 4.96, 3.04, 7.04 ], "texture": "#pirate_ninja" },
				"east": { "uv": [ 0.96, 4.96, 3.04, 7.04 ], "texture": "#pirate_ninja" }
			}
		},
		{
			"__comment": "Voxels-5771D3",
			"from": [ 7.5, 5.5, 1.5 ],
			"to": [ 8, 6, 2 ],
			"faces": {
				"down": { "uv": [ 0.96, 4.96, 3.04, 7.04 ], "texture": "#pirate_ninja" },
				"up": { "uv": [ 0.96, 4.96, 3.04, 7.04 ], "texture": "#pirate_ninja" },
				"north": { "uv": [ 0.96, 4.96, 3.04, 7.04 ], "texture": "#pirate_ninja" },
				"south": { "uv": [ 0.96, 4.96, 3.04, 7.04 ], "texture": "#pirate_ninja" },
				"west": { "uv": [ 0.96, 4.96, 3.04, 7.04 ], "texture": "#pirate_ninja" },
				"east": { "uv": [ 0.96, 4.96, 3.04, 7.04 ], "texture": "#pirate_ninja" }
			}
		},
		{
			"__comment": "Voxels-455DC0",
			"from": [ 7.5, 11, 3.5 ],
			"to": [ 8, 11.5, 4.5 ],
			"faces": {
				"down": { "uv": [ 8.96, 4.96, 11.04, 7.04 ], "texture": "#pirate_ninja" },
				"up": { "uv": [ 8.96, 4.96, 11.04, 7.04 ], "texture": "#pirate_ninja" },
				"north": { "uv": [ 8.96, 4.96, 11.04, 7.04 ], "texture": "#pirate_ninja" },
				"south": { "uv": [ 8.96, 4.96, 11.04, 7.04 ], "texture": "#pirate_ninja" },
				"west": { "uv": [ 8.96, 4.96, 11.04, 7.04 ], "texture": "#pirate_ninja" },
				"east": { "uv": [ 8.96, 4.96, 11.04, 7.04 ], "texture": "#pirate_ninja" }
			}
		},
		{
			"__comment": "Voxels-5C75CF",
			"from": [ 11, 0, 5.5 ],
			"to": [ 11.5, 0.5, 13 ],
			"faces": {
				"down": { "uv": [ 4.96, 0.96, 7.04, 3.04 ], "texture": "#pirate_ninja" },
				"up": { "uv": [ 4.96, 0.96, 7.04, 3.04 ], "texture": "#pirate_ninja" },
				"north": { "uv": [ 4.96, 0.96, 7.04, 3.04 ], "texture": "#pirate_ninja" },
				"south": { "uv": [ 4.96, 0.96, 7.04, 3.04 ], "texture": "#pirate_ninja" },
				"west": { "uv": [ 4.96, 0.96, 7.04, 3.04 ], "texture": "#pirate_ninja" },
				"east": { "uv": [ 4.96, 0.96, 7.04, 3.04 ], "texture": "#pirate_ninja" }
			}
		},
		{
			"__comment": "Voxels-455DC0",
			"from": [ 11, 9.5, 5.5 ],
			"to": [ 12, 10, 12 ],
			"faces": {
				"down": { "uv": [ 8.96, 4.96, 11.04, 7.04 ], "texture": "#pirate_ninja" },
				"up": { "uv": [ 8.96, 4.96, 11.04, 7.04 ], "texture": "#pirate_ninja" },
				"north": { "uv": [ 8.96, 4.96, 11.04, 7.04 ], "texture": "#pirate_ninja" },
				"south": { "uv": [ 8.96, 4.96, 11.04, 7.04 ], "texture": "#pirate_ninja" },
				"west": { "uv": [ 8.96, 4.96, 11.04, 7.04 ], "texture": "#pirate_ninja" },
				"east": { "uv": [ 8.96, 4.96, 11.04, 7.04 ], "texture": "#pirate_ninja" }
			}
		},
		{
			"__comment": "Voxels-5C75CF",
			"from": [ 11.5, 0.5, 5 ],
			"to": [ 12, 1, 13 ],
			"faces": {
				"down": { "uv": [ 4.96, 0.96, 7.04, 3.04 ], "texture": "#pirate_ninja" },
				"up": { "uv": [ 4.96, 0.96, 7.04, 3.04 ], "texture": "#pirate_ninja" },
				"north": { "uv": [ 4.96, 0.96, 7.04, 3.04 ], "texture": "#pirate_ninja" },
				"south": { "uv": [ 4.96, 0.96, 7.04, 3.04 ], "texture": "#pirate_ninja" },
				"west": { "uv": [ 4.96, 0.96, 7.04, 3.04 ], "texture": "#pirate_ninja" },
				"east": { "uv": [ 4.96, 0.96, 7.04, 3.04 ], "texture": "#pirate_ninja" }
			}
		},
		{
			"__comment": "Voxels-455DC0",
			"from": [ 11.5, 9, 4.5 ],
			"to": [ 12.5, 9.5, 13 ],
			"faces": {
				"down": { "uv": [ 8.96, 4.96, 11.04, 7.04 ], "texture": "#pirate_ninja" },
				"up": { "uv": [ 8.96, 4.96, 11.04, 7.04 ], "texture": "#pirate_ninja" },
				"north": { "uv": [ 8.96, 4.96, 11.04, 7.04 ], "texture": "#pirate_ninja" },
				"south": { "uv": [ 8.96, 4.96, 11.04, 7.04 ], "texture": "#pirate_ninja" },
				"west": { "uv": [ 8.96, 4.96, 11.04, 7.04 ], "texture": "#pirate_ninja" },
				"east": { "uv": [ 8.96, 4.96, 11.04, 7.04 ], "texture": "#pirate_ninja" }
			}
		},
		{
			"__comment": "Voxels-6179D1",
			"from": [ 12, 1, 4.5 ],
			"to": [ 12.5, 2, 13 ],
			"faces": {
				"down": { "uv": [ 8.96, 0.96, 11.04, 3.04 ], "texture": "#pirate_ninja" },
				"up": { "uv": [ 8.96, 0.96, 11.04, 3.04 ], "texture": "#pirate_ninja" },
				"north": { "uv": [ 8.96, 0.96, 11.04, 3.04 ], "texture": "#pirate_ninja" },
				"south": { "uv": [ 8.96, 0.96, 11.04, 3.04 ], "texture": "#pirate_ninja" },
				"west": { "uv": [ 8.96, 0.96, 11.04, 3.04 ], "texture": "#pirate_ninja" },
				"east": { "uv": [ 8.96, 0.96, 11.04, 3.04 ], "texture": "#pirate_ninja" }
			}
		},
		{
			"__comment": "Voxels-455DC0",
			"from": [ 12, 8.5, 4.5 ],
			"to": [ 13, 9, 14 ],
			"faces": {
				"down": { "uv": [ 8.96, 4.96, 11.04, 7.04 ], "texture": "#pirate_ninja" },
				"up": { "uv": [ 8.96, 4.96, 11.04, 7.04 ], "texture": "#pirate_ninja" },
				"north": { "uv": [ 8.96, 4.96, 11.04, 7.04 ], "texture": "#pirate_ninja" },
				"south": { "uv": [ 8.96, 4.96, 11.04, 7.04 ], "texture": "#pirate_ninja" },
				"west": { "uv": [ 8.96, 4.96, 11.04, 7.04 ], "texture": "#pirate_ninja" },
				"east": { "uv": [ 8.96, 4.96, 11.04, 7.04 ], "texture": "#pirate_ninja" }
			}
		},
		{
			"__comment": "Voxels-6179D1",
			"from": [ 12.5, 1.5, 4.5 ],
			"to": [ 13, 2.5, 13 ],
			"faces": {
				"down": { "uv": [ 8.96, 0.96, 11.04, 3.04 ], "texture": "#pirate_ninja" },
				"up": { "uv": [ 8.96, 0.96, 11.04, 3.04 ], "texture": "#pirate_ninja" },
				"north": { "uv": [ 8.96, 0.96, 11.04, 3.04 ], "texture": "#pirate_ninja" },
				"south": { "uv": [ 8.96, 0.96, 11.04, 3.04 ], "texture": "#pirate_ninja" },
				"west": { "uv": [ 8.96, 0.96, 11.04, 3.04 ], "texture": "#pirate_ninja" },
				"east": { "uv": [ 8.96, 0.96, 11.04, 3.04 ], "texture": "#pirate_ninja" }
			}
		},
		{
			"__comment": "Voxels-647DDA",
			"from": [ 12.5, 2.5, 4 ],
			"to": [ 13, 3.5, 13 ],
			"faces": {
				"down": { "uv": [ 12.96, 0.96, 15.04, 3.04 ], "texture": "#pirate_ninja" },
				"up": { "uv": [ 12.96, 0.96, 15.04, 3.04 ], "texture": "#pirate_ninja" },
				"north": { "uv": [ 12.96, 0.96, 15.04, 3.04 ], "texture": "#pirate_ninja" },
				"south": { "uv": [ 12.96, 0.96, 15.04, 3.04 ], "texture": "#pirate_ninja" },
				"west": { "uv": [ 12.96, 0.96, 15.04, 3.04 ], "texture": "#pirate_ninja" },
				"east": { "uv": [ 12.96, 0.96, 15.04, 3.04 ], "texture": "#pirate_ninja" }
			}
		},
		{
			"__comment": "Voxels-5771D3",
			"from": [ 12.5, 3.5, 4 ],
			"to": [ 13, 6, 13 ],
			"faces": {
				"down": { "uv": [ 0.96, 4.96, 3.04, 7.04 ], "texture": "#pirate_ninja" },
				"up": { "uv": [ 0.96, 4.96, 3.04, 7.04 ], "texture": "#pirate_ninja" },
				"north": { "uv": [ 0.96, 4.96, 3.04, 7.04 ], "texture": "#pirate_ninja" },
				"south": { "uv": [ 0.96, 4.96, 3.04, 7.04 ], "texture": "#pirate_ninja" },
				"west": { "uv": [ 0.96, 4.96, 3.04, 7.04 ], "texture": "#pirate_ninja" },
				"east": { "uv": [ 0.96, 4.96, 3.04, 7.04 ], "texture": "#pirate_ninja" }
			}
		},
		{
			"__comment": "Voxels-516ACB",
			"from": [ 12.5, 6, 4.5 ],
			"to": [ 13, 8, 14 ],
			"faces": {
				"down": { "uv": [ 4.96, 4.96, 7.04, 7.04 ], "texture": "#pirate_ninja" },
				"up": { "uv": [ 4.96, 4.96, 7.04, 7.04 ], "texture": "#pirate_ninja" },
				"north": { "uv": [ 4.96, 4.96, 7.04, 7.04 ], "texture": "#pirate_ninja" },
				"south": { "uv": [ 4.96, 4.96, 7.04, 7.04 ], "texture": "#pirate_ninja" },
				"west": { "uv": [ 4.96, 4.96, 7.04, 7.04 ], "texture": "#pirate_ninja" },
				"east": { "uv": [ 4.96, 4.96, 7.04, 7.04 ], "texture": "#pirate_ninja" }
			}
		},
		{
			"__comment": "Voxels-455DC0",
			"from": [ 12.5, 8, 4.5 ],
			"to": [ 13, 8.5, 14 ],
			"faces": {
				"down": { "uv": [ 8.96, 4.96, 11.04, 7.04 ], "texture": "#pirate_ninja" },
				"up": { "uv": [ 8.96, 4.96, 11.04, 7.04 ], "texture": "#pirate_ninja" },
				"north": { "uv": [ 8.96, 4.96, 11.04, 7.04 ], "texture": "#pirate_ninja" },
				"south": { "uv": [ 8.96, 4.96, 11.04, 7.04 ], "texture": "#pirate_ninja" },
				"west": { "uv": [ 8.96, 4.96, 11.04, 7.04 ], "texture": "#pirate_ninja" },
				"east": { "uv": [ 8.96, 4.96, 11.04, 7.04 ], "texture": "#pirate_ninja" }
			}
		},
		{
			"__comment": "Voxels-647DDA",
			"from": [ 2.5, 2.5, 3.75 ],
			"to": [ 13, 3.5, 4 ],
			"faces": {
				"down": { "uv": [ 12.96, 0.96, 15.04, 3.04 ], "texture": "#pirate_ninja" },
				"up": { "uv": [ 12.96, 0.96, 15.04, 3.04 ], "texture": "#pirate_ninja" },
				"north": { "uv": [ 12.96, 0.96, 15.04, 3.04 ], "texture": "#pirate_ninja" },
				"south": { "uv": [ 12.96, 0.96, 15.04, 3.04 ], "texture": "#pirate_ninja" },
				"west": { "uv": [ 12.96, 0.96, 15.04, 3.04 ], "texture": "#pirate_ninja" },
				"east": { "uv": [ 12.96, 0.96, 15.04, 3.04 ], "texture": "#pirate_ninja" }
			}
		},
		{
			"__comment": "Voxels-F7F7F7",
			"from": [ 8.6061, 5.8939, 15 ],
			"to": [ 9.1061, 8.8939, 15.25 ],
			"rotation": { "origin": [ 8.5, 6, 15 ], "axis": "z", "angle": 45 },
			"faces": {
				"down": { "uv": [ 12.96, 8.96, 15.04, 11.04 ], "texture": "#pirate_ninja" },
				"up": { "uv": [ 12.96, 8.96, 15.04, 11.04 ], "texture": "#pirate_ninja" },
				"north": { "uv": [ 12.96, 8.96, 15.04, 11.04 ], "texture": "#pirate_ninja" },
				"south": { "uv": [ 12.96, 8.96, 15.04, 11.04 ], "texture": "#pirate_ninja" },
				"west": { "uv": [ 12.96, 8.96, 15.04, 11.04 ], "texture": "#pirate_ninja" },
				"east": { "uv": [ 12.96, 8.96, 15.04, 11.04 ], "texture": "#pirate_ninja" }
			}
		},
		{
			"__comment": "Voxels-F7F7F7",
			"from": [ 7.75, 8, 15.25 ],
			"to": [ 7.95, 8.25, 15.45 ],
			"faces": {
				"down": { "uv": [ 12.96, 8.96, 15.04, 11.04 ], "texture": "#pirate_ninja" },
				"up": { "uv": [ 12.96, 8.96, 15.04, 11.04 ], "texture": "#pirate_ninja" },
				"north": { "uv": [ 12.96, 8.96, 15.04, 11.04 ], "texture": "#pirate_ninja" },
				"south": { "uv": [ 12.96, 8.96, 15.04, 11.04 ], "texture": "#pirate_ninja" },
				"west": { "uv": [ 12.96, 8.96, 15.04, 11.04 ], "texture": "#pirate_ninja" },
				"east": { "uv": [ 12.96, 8.96, 15.04, 11.04 ], "texture": "#pirate_ninja" }
			}
		},
		{
			"__comment": "Voxels-F7F7F7",
			"from": [ 8, 9.25, 15 ],
			"to": [ 8.5, 9.75, 15.5 ],
			"faces": {
				"down": { "uv": [ 12.96, 8.96, 15.04, 11.04 ], "texture": "#pirate_ninja" },
				"up": { "uv": [ 12.96, 8.96, 15.04, 11.04 ], "texture": "#pirate_ninja" },
				"north": { "uv": [ 12.96, 8.96, 15.04, 11.04 ], "texture": "#pirate_ninja" },
				"south": { "uv": [ 12.96, 8.96, 15.04, 11.04 ], "texture": "#pirate_ninja" },
				"west": { "uv": [ 12.96, 8.96, 15.04, 11.04 ], "texture": "#pirate_ninja" },
				"east": { "uv": [ 12.96, 8.96, 15.04, 11.04 ], "texture": "#pirate_ninja" }
			}
		},
		{
			"__comment": "Voxels-F7F7F7",
			"from": [ 7.5, 8.25, 15 ],
			"to": [ 8, 9.75, 15.5 ],
			"faces": {
				"down": { "uv": [ 12.96, 8.96, 15.04, 11.04 ], "texture": "#pirate_ninja" },
				"up": { "uv": [ 12.96, 8.96, 15.04, 11.04 ], "texture": "#pirate_ninja" },
				"north": { "uv": [ 12.96, 8.96, 15.04, 11.04 ], "texture": "#pirate_ninja" },
				"south": { "uv": [ 12.96, 8.96, 15.04, 11.04 ], "texture": "#pirate_ninja" },
				"west": { "uv": [ 12.96, 8.96, 15.04, 11.04 ], "texture": "#pirate_ninja" },
				"east": { "uv": [ 12.96, 8.96, 15.04, 11.04 ], "texture": "#pirate_ninja" }
			}
		},
		{
			"__comment": "Voxels-F7F7F7",
			"from": [ 7.5, 8, 15.25 ],
			"to": [ 7.7, 8.25, 15.45 ],
			"faces": {
				"down": { "uv": [ 12.96, 8.96, 15.04, 11.04 ], "texture": "#pirate_ninja" },
				"up": { "uv": [ 12.96, 8.96, 15.04, 11.04 ], "texture": "#pirate_ninja" },
				"north": { "uv": [ 12.96, 8.96, 15.04, 11.04 ], "texture": "#pirate_ninja" },
				"south": { "uv": [ 12.96, 8.96, 15.04, 11.04 ], "texture": "#pirate_ninja" },
				"west": { "uv": [ 12.96, 8.96, 15.04, 11.04 ], "texture": "#pirate_ninja" },
				"east": { "uv": [ 12.96, 8.96, 15.04, 11.04 ], "texture": "#pirate_ninja" }
			}
		},
		{
			"__comment": "Voxels-F7F7F7",
			"from": [ 7, 8.25, 15 ],
			"to": [ 7.5, 8.95, 15.5 ],
			"faces": {
				"down": { "uv": [ 12.96, 8.96, 15.04, 11.04 ], "texture": "#pirate_ninja" },
				"up": { "uv": [ 12.96, 8.96, 15.04, 11.04 ], "texture": "#pirate_ninja" },
				"north": { "uv": [ 12.96, 8.96, 15.04, 11.04 ], "texture": "#pirate_ninja" },
				"south": { "uv": [ 12.96, 8.96, 15.04, 11.04 ], "texture": "#pirate_ninja" },
				"west": { "uv": [ 12.96, 8.96, 15.04, 11.04 ], "texture": "#pirate_ninja" },
				"east": { "uv": [ 12.96, 8.96, 15.04, 11.04 ], "texture": "#pirate_ninja" }
			}
		},
		{
			"__comment": "Voxels-F7F7F7",
			"from": [ 8.3, 8.95, 15 ],
			"to": [ 8.5, 9.25, 15.5 ],
			"faces": {
				"down": { "uv": [ 12.96, 8.96, 15.04, 11.04 ], "texture": "#pirate_ninja" },
				"up": { "uv": [ 12.96, 8.96, 15.04, 11.04 ], "texture": "#pirate_ninja" },
				"north": { "uv": [ 12.96, 8.96, 15.04, 11.04 ], "texture": "#pirate_ninja" },
				"south": { "uv": [ 12.96, 8.96, 15.04, 11.04 ], "texture": "#pirate_ninja" },
				"west": { "uv": [ 12.96, 8.96, 15.04, 11.04 ], "texture": "#pirate_ninja" },
				"east": { "uv": [ 12.96, 8.96, 15.04, 11.04 ], "texture": "#pirate_ninja" }
			}
		},
		{
			"__comment": "Voxels-F7F7F7",
			"from": [ 7, 9.25, 15 ],
			"to": [ 7.5, 9.75, 15.5 ],
			"faces": {
				"down": { "uv": [ 12.96, 8.96, 15.04, 11.04 ], "texture": "#pirate_ninja" },
				"up": { "uv": [ 12.96, 8.96, 15.04, 11.04 ], "texture": "#pirate_ninja" },
				"north": { "uv": [ 12.96, 8.96, 15.04, 11.04 ], "texture": "#pirate_ninja" },
				"south": { "uv": [ 12.96, 8.96, 15.04, 11.04 ], "texture": "#pirate_ninja" },
				"west": { "uv": [ 12.96, 8.96, 15.04, 11.04 ], "texture": "#pirate_ninja" },
				"east": { "uv": [ 12.96, 8.96, 15.04, 11.04 ], "texture": "#pirate_ninja" }
			}
		},
		{
			"__comment": "Voxels-F7F7F7",
			"from": [ 8, 8.95, 15.25 ],
			"to": [ 8.3, 9.25, 15.45 ],
			"faces": {
				"down": { "uv": [ 13, 5, 15.08, 7.08 ], "texture": "#pirate_ninja" },
				"up": { "uv": [ 13, 5, 15.08, 7.08 ], "texture": "#pirate_ninja" },
				"north": { "uv": [ 13, 5, 15.08, 7.08 ], "texture": "#pirate_ninja" },
				"south": { "uv": [ 13, 5, 15.08, 7.08 ], "texture": "#pirate_ninja" },
				"west": { "uv": [ 13, 5, 15.08, 7.08 ], "texture": "#pirate_ninja" },
				"east": { "uv": [ 13, 5, 15.08, 7.08 ], "texture": "#pirate_ninja" }
			}
		},
		{
			"__comment": "Voxels-F7F7F7",
			"from": [ 7, 8.95, 15 ],
			"to": [ 7.2, 9.25, 15.5 ],
			"faces": {
				"down": { "uv": [ 12.96, 8.96, 15.04, 11.04 ], "texture": "#pirate_ninja" },
				"up": { "uv": [ 12.96, 8.96, 15.04, 11.04 ], "texture": "#pirate_ninja" },
				"north": { "uv": [ 12.96, 8.96, 15.04, 11.04 ], "texture": "#pirate_ninja" },
				"south": { "uv": [ 12.96, 8.96, 15.04, 11.04 ], "texture": "#pirate_ninja" },
				"west": { "uv": [ 12.96, 8.96, 15.04, 11.04 ], "texture": "#pirate_ninja" },
				"east": { "uv": [ 12.96, 8.96, 15.04, 11.04 ], "texture": "#pirate_ninja" }
			}
		},
		{
			"__comment": "Voxels-F7F7F7",
			"from": [ 7.2, 8.95, 15.25 ],
			"to": [ 7.5, 9.25, 15.45 ],
			"faces": {
				"down": { "uv": [ 13, 5, 15.08, 7.08 ], "texture": "#pirate_ninja" },
				"up": { "uv": [ 13, 5, 15.08, 7.08 ], "texture": "#pirate_ninja" },
				"north": { "uv": [ 13, 5, 15.08, 7.08 ], "texture": "#pirate_ninja" },
				"south": { "uv": [ 13, 5, 15.08, 7.08 ], "texture": "#pirate_ninja" },
				"west": { "uv": [ 13, 5, 15.08, 7.08 ], "texture": "#pirate_ninja" },
				"east": { "uv": [ 13, 5, 15.08, 7.08 ], "texture": "#pirate_ninja" }
			}
		}
	],
	"display": {
		"gui": {
			"translation":  [ 0, 3, 0 ],
			"scale":  [ 1.25, 1.25, 1.25 ]
		},
		"head": {
			"rotation":  [ 0, 180, 0 ],
			"translation":  [ -0.25, 8, 1.5 ],
			"scale":  [ 2, 2, 1.8 ]
		}
	}
}