{
    "__comment": "Model generated using MrCrayfish's Model Creator (http://mrcrayfish.com/modelcreator/)",
    "textures": {
        "particle": "blocks/Accorn",
        "0": "blocks/Accorn",
        "1": "blocks/red_sandstone_normal"
    },
    "elements": [
        {
            "name": "Element",
            "from": [ -15.0, -8.0, -4.0 ], 
            "to": [ -7.0, 0.0, 4.0 ], 
            "faces": {
                "north": { "texture": "#0", "uv": [ 0.0, 4.0, 16.0, 16.0 ] },
                "south": { "texture": "#0", "uv": [ 0.0, 4.0, 16.0, 16.0 ] },
                "west": { "texture": "#0", "uv": [ 0.0, 4.0, 16.0, 16.0 ], "cullface": "west" },
                "up": { "texture": "#0", "uv": [ 0.0, 4.0, 16.0, 16.0 ], "rotation": 90 },
                "down": { "texture": "#0", "uv": [ 0.0, 4.0, 16.0, 16.0 ] }
            }
        },
        {
            "name": "Element",
            "from": [ -15.0, -8.0, 12.0 ], 
            "to": [ -7.0, 0.0, 20.0 ], 
            "faces": {
                "north": { "texture": "#0", "uv": [ 0.0, 4.0, 16.0, 16.0 ] },
                "south": { "texture": "#0", "uv": [ 0.0, 4.0, 16.0, 16.0 ] },
                "west": { "texture": "#0", "uv": [ 0.0, 4.0, 16.0, 16.0 ], "cullface": "west" },
                "up": { "texture": "#0", "uv": [ 0.0, 4.0, 16.0, 16.0 ], "rotation": 90 },
                "down": { "texture": "#0", "uv": [ 0.0, 4.0, 16.0, 16.0 ] }
            }
        },
        {
            "name": "Element",
            "from": [ -3.0, -4.0, 4.0 ], 
            "to": [ 5.0, 0.0, 12.0 ], 
            "faces": {
                "west": { "texture": "#0", "uv": [ 0.0, 9.0, 16.0, 16.0 ], "cullface": "west" },
                "down": { "texture": "#0", "uv": [ 0.0, 4.0, 16.0, 16.0 ] }
            }
        },
        {
            "name": "Element",
            "from": [ -7.0, 0.0, 12.0 ], 
            "to": [ 1.0, 4.0, 20.0 ], 
            "faces": {
                "south": { "texture": "#0", "uv": [ 0.0, 8.0, 16.0, 16.0 ] },
                "west": { "texture": "#0", "uv": [ 0.0, 10.0, 16.0, 16.0 ], "cullface": "west" },
                "up": { "texture": "#0", "uv": [ 0.0, 8.0, 16.0, 16.0 ], "rotation": 90 }
            }
        },
        {
            "name": "Element",
            "from": [ -15.0, -4.0, 4.0 ], 
            "to": [ -7.0, 0.0, 12.0 ], 
            "faces": {
                "west": { "texture": "#0", "uv": [ 0.0, 4.0, 16.0, 16.0 ], "cullface": "west" },
                "down": { "texture": "#0", "uv": [ 0.0, 5.0, 16.0, 16.0 ] }
            }
        },
        {
            "name": "Element",
            "from": [ -7.0, 0.0, -4.0 ], 
            "to": [ 1.0, 4.0, 4.0 ], 
            "faces": {
                "north": { "texture": "#0", "uv": [ 0.0, 4.0, 16.0, 9.0 ] },
                "west": { "texture": "#0", "uv": [ 0.0, 4.0, 16.0, 11.0 ], "cullface": "west" },
                "up": { "texture": "#0", "uv": [ 0.0, 4.0, 16.0, 16.0 ], "rotation": 90 }
            }
        },
        {
            "name": "Element",
            "from": [ -7.0, -4.0, 4.0 ], 
            "to": [ 1.0, 0.0, 12.0 ], 
            "faces": {
                "down": { "texture": "#0", "uv": [ 0.0, 4.0, 16.0, 16.0 ] }
            }
        },
        {
            "name": "Element",
            "from": [ -7.0, 0.0, 4.0 ], 
            "to": [ 1.0, 4.0, 12.0 ], 
            "faces": {
                "up": { "texture": "#1", "uv": [ 0.0, 0.0, 16.0, 16.0 ], "rotation": 90 }
            }
        },
        {
            "name": "Element",
            "from": [ -7.0, -8.0, 12.0 ], 
            "to": [ 1.0, 0.0, 20.0 ], 
            "faces": {
                "north": { "texture": "#0", "uv": [ 0.0, 4.0, 16.0, 16.0 ] },
                "east": { "texture": "#0", "uv": [ 0.0, 4.0, 16.0, 16.0 ] },
                "south": { "texture": "#0", "uv": [ 0.0, 4.0, 16.0, 16.0 ] },
                "down": { "texture": "#0", "uv": [ 0.0, 4.0, 16.0, 16.0 ] }
            }
        },
        {
            "name": "Element",
            "from": [ -7.0, -8.0, -4.0 ], 
            "to": [ 1.0, 0.0, 4.0 ], 
            "faces": {
                "north": { "texture": "#0", "uv": [ 0.0, 4.0, 16.0, 16.0 ] },
                "east": { "texture": "#0", "uv": [ 0.0, 4.0, 16.0, 16.0 ] },
                "south": { "texture": "#0", "uv": [ 0.0, 4.0, 16.0, 16.0 ] },
                "down": { "texture": "#0", "uv": [ 0.0, 4.0, 16.0, 16.0 ] }
            }
        },
        {
            "name": "Element",
            "from": [ 17.0, -8.0, 12.0 ], 
            "to": [ 25.0, 0.0, 20.0 ], 
            "faces": {
                "north": { "texture": "#0", "uv": [ 0.0, 4.0, 16.0, 16.0 ] },
                "east": { "texture": "#0", "uv": [ 0.0, 4.0, 16.0, 16.0 ], "cullface": "east" },
                "south": { "texture": "#0", "uv": [ 0.0, 4.0, 16.0, 16.0 ] },
                "west": { "texture": "#0", "uv": [ 0.0, 4.0, 16.0, 16.0 ] },
                "down": { "texture": "#0", "uv": [ 0.0, 4.0, 16.0, 16.0 ] }
            }
        },
        {
            "name": "Element",
            "from": [ 17.0, -8.0, -4.0 ], 
            "to": [ 25.0, 0.0, 4.0 ], 
            "faces": {
                "north": { "texture": "#0", "uv": [ 0.0, 4.0, 16.0, 16.0 ] },
                "east": { "texture": "#0", "uv": [ 0.0, 4.0, 16.0, 16.0 ], "cullface": "east" },
                "south": { "texture": "#0", "uv": [ 0.0, 4.0, 16.0, 16.0 ] },
                "west": { "texture": "#0", "uv": [ 0.0, 4.0, 16.0, 15.0 ] },
                "down": { "texture": "#0", "uv": [ 0.0, 4.0, 16.0, 16.0 ] }
            }
        },
        {
            "name": "Element",
            "from": [ 17.0, 0.0, 12.0 ], 
            "to": [ 25.0, 4.0, 20.0 ], 
            "faces": {
                "south": { "texture": "#0", "uv": [ 0.0, 4.0, 16.0, 9.0 ] },
                "up": { "texture": "#0", "uv": [ 0.0, 4.0, 16.0, 9.0 ], "rotation": 90 }
            }
        },
        {
            "name": "Element",
            "from": [ 17.0, 0.0, -4.0 ], 
            "to": [ 25.0, 4.0, 4.0 ], 
            "faces": {
                "north": { "texture": "#0", "uv": [ 0.0, 4.0, 16.0, 16.0 ] },
                "up": { "texture": "#0", "uv": [ 0.0, 4.0, 16.0, 16.0 ], "rotation": 90 }
            }
        },
        {
            "name": "Element",
            "from": [ 1.0, 0.0, 12.0 ], 
            "to": [ 9.0, 8.0, 20.0 ], 
            "faces": {
                "south": { "texture": "#0", "uv": [ 0.0, 2.0, 16.0, 16.0 ], "cullface": "south" },
                "west": { "texture": "#0", "uv": [ 0.0, 0.0, 16.0, 16.0 ] }
            }
        },
        {
            "name": "Element",
            "from": [ 9.0, 0.0, 12.0 ], 
            "to": [ 17.0, 8.0, 20.0 ], 
            "faces": {
                "east": { "texture": "#0", "uv": [ 0.0, 2.0, 16.0, 16.0 ], "cullface": "east" },
                "south": { "texture": "#0", "uv": [ 0.0, 2.0, 16.0, 16.0 ] }
            }
        },
        {
            "name": "Element",
            "from": [ 1.0, 0.0, 4.0 ], 
            "to": [ 9.0, 8.0, 12.0 ], 
            "faces": {
                "west": { "texture": "#0", "uv": [ 0.0, 2.0, 16.0, 16.0 ] }
            }
        },
        {
            "name": "Element",
            "from": [ 1.0, 0.0, -4.0 ], 
            "to": [ 9.0, 8.0, 4.0 ], 
            "faces": {
                "north": { "texture": "#0", "uv": [ 0.0, 2.0, 16.0, 16.0 ], "cullface": "north" },
                "west": { "texture": "#0", "uv": [ 0.0, 2.0, 16.0, 16.0 ] }
            }
        },
        {
            "name": "Element",
            "from": [ 9.0, 0.0, 4.0 ], 
            "to": [ 17.0, 8.0, 12.0 ], 
            "faces": {
                "down": { "texture": "#0", "uv": [ 0.0, 4.0, 16.0, 16.0 ] }
            }
        },
        {
            "name": "Element",
            "from": [ 9.0, 0.0, -4.0 ], 
            "to": [ 17.0, 8.0, 4.0 ], 
            "faces": {
                "north": { "texture": "#0", "uv": [ 0.0, 2.0, 16.0, 16.0 ] },
                "east": { "texture": "#0", "uv": [ 0.0, 2.0, 16.0, 16.0 ], "cullface": "east" }
            }
        },
        {
            "name": "Element",
            "from": [ 25.0, -4.0, 12.0 ], 
            "to": [ 31.0, 0.0, 20.0 ], 
            "faces": {
                "east": { "texture": "#0", "uv": [ 0.0, 4.0, 16.0, 16.0 ], "cullface": "east" },
                "south": { "texture": "#0", "uv": [ 0.0, 4.0, 16.0, 16.0 ] },
                "down": { "texture": "#0", "uv": [ 0.0, 4.0, 16.0, 15.0 ] }
            }
        },
        {
            "name": "Element",
            "from": [ 25.0, -7.0, 12.0 ], 
            "to": [ 28.0, -4.0, 20.0 ], 
            "faces": {
                "north": { "texture": "#0", "uv": [ 0.0, 9.0, 16.0, 16.0 ] },
                "east": { "texture": "#0", "uv": [ 0.0, 10.0, 16.0, 16.0 ], "cullface": "east" },
                "south": { "texture": "#0", "uv": [ 0.0, 9.0, 16.0, 16.0 ] },
                "down": { "texture": "#0", "uv": [ 0.0, 9.0, 16.0, 16.0 ] }
            }
        },
        {
            "name": "Element",
            "from": [ 25.0, -7.0, -4.0 ], 
            "to": [ 28.0, -4.0, 4.0 ], 
            "faces": {
                "north": { "texture": "#0", "uv": [ 0.0, 4.0, 16.0, 12.0 ] },
                "east": { "texture": "#0", "uv": [ 0.0, 4.0, 16.0, 13.0 ], "cullface": "east" },
                "south": { "texture": "#0", "uv": [ 0.0, 4.0, 16.0, 13.0 ] },
                "down": { "texture": "#0", "uv": [ 0.0, 4.0, 16.0, 12.0 ] }
            }
        },
        {
            "name": "Element",
            "from": [ 25.0, -4.0, -4.0 ], 
            "to": [ 31.0, 0.0, 4.0 ], 
            "faces": {
                "north": { "texture": "#0", "uv": [ 0.0, 4.0, 16.0, 13.0 ] },
                "east": { "texture": "#0", "uv": [ 0.0, 4.0, 16.0, 13.0 ], "cullface": "east" },
                "down": { "texture": "#0", "uv": [ 0.0, 4.0, 16.0, 14.0 ] }
            }
        },
        {
            "name": "Element",
            "from": [ 9.0, 8.0, 12.0 ], 
            "to": [ 17.0, 16.0, 20.0 ], 
            "faces": {
                "east": { "texture": "#0", "uv": [ 0.0, 0.0, 16.0, 4.0 ], "cullface": "east" },
                "south": { "texture": "#0", "uv": [ 0.0, 0.0, 16.0, 4.0 ] },
                "west": { "texture": "#0", "uv": [ 0.0, 0.0, 16.0, 4.0 ] },
                "up": { "texture": "#0", "uv": [ 0.0, 0.0, 16.0, 4.0 ], "rotation": 90 }
            }
        },
        {
            "name": "Element",
            "from": [ 1.0, 8.0, 4.0 ], 
            "to": [ 9.0, 12.0, 12.0 ], 
            "faces": {
                "up": { "texture": "#0", "uv": [ 0.0, 0.0, 16.0, 4.0 ], "rotation": 90 }
            }
        },
        {
            "name": "Element",
            "from": [ 1.0, 8.0, -4.0 ], 
            "to": [ 9.0, 12.0, 4.0 ], 
            "faces": {
                "north": { "texture": "#0", "uv": [ 0.0, 0.0, 16.0, 4.0 ], "cullface": "north" },
                "up": { "texture": "#0", "uv": [ 0.0, 0.0, 16.0, 4.0 ], "rotation": 90 }
            }
        },
        {
            "name": "Element",
            "from": [ 1.0, 8.0, 12.0 ], 
            "to": [ 9.0, 12.0, 20.0 ], 
            "faces": {
                "south": { "texture": "#0", "uv": [ 0.0, 0.0, 16.0, 4.0 ], "cullface": "south" },
                "up": { "texture": "#0", "uv": [ 0.0, 0.0, 16.0, 4.0 ], "rotation": 90 }
            }
        },
        {
            "name": "Element",
            "from": [ -7.0, 3.0, 12.0 ], 
            "to": [ 1.0, 7.0, 20.0 ], 
            "faces": {
                "south": { "texture": "#0", "uv": [ 0.0, 10.0, 16.0, 16.0 ] },
                "west": { "texture": "#0", "uv": [ 0.0, 10.0, 16.0, 16.0 ], "cullface": "west" },
                "up": { "texture": "#0", "uv": [ 0.0, 0.0, 16.0, 4.0 ], "rotation": 90 },
                "down": { "texture": "#0", "uv": [ 0.0, 8.0, 16.0, 16.0 ] }
            }
        },
        {
            "name": "Element",
            "from": [ -7.0, 3.0, 4.0 ], 
            "to": [ 1.0, 7.0, 12.0 ], 
            "faces": {
                "west": { "texture": "#0", "uv": [ 0.0, 9.0, 16.0, 16.0 ], "cullface": "west" },
                "up": { "texture": "#0", "uv": [ 0.0, 0.0, 16.0, 4.0 ], "rotation": 90 },
                "down": { "texture": "#0", "uv": [ 0.0, 4.0, 16.0, 15.0 ] }
            }
        },
        {
            "name": "Element",
            "from": [ -7.0, 3.0, -4.0 ], 
            "to": [ 1.0, 7.0, 4.0 ], 
            "faces": {
                "north": { "texture": "#0", "uv": [ 0.0, 4.0, 16.0, 9.0 ] },
                "west": { "texture": "#0", "uv": [ 0.0, 4.0, 16.0, 10.0 ], "cullface": "west" },
                "up": { "texture": "#0", "uv": [ 0.0, 0.0, 16.0, 4.0 ], "rotation": 90 },
                "down": { "texture": "#0", "uv": [ 0.0, 5.0, 16.0, 13.0 ] }
            }
        },
        {
            "name": "Element",
            "from": [ 9.0, 8.0, 4.0 ], 
            "to": [ 17.0, 16.0, 12.0 ], 
            "faces": {
                "west": { "texture": "#0", "uv": [ 0.0, 0.0, 16.0, 4.0 ] },
                "up": { "texture": "#0", "uv": [ 0.0, 0.0, 16.0, 4.0 ], "rotation": 90 }
            }
        },
        {
            "name": "Element",
            "from": [ 9.0, 8.0, -4.0 ], 
            "to": [ 17.0, 16.0, 4.0 ], 
            "faces": {
                "north": { "texture": "#0", "uv": [ 0.0, 0.0, 16.0, 4.0 ] },
                "east": { "texture": "#0", "uv": [ 0.0, 0.0, 16.0, 4.0 ], "cullface": "east" },
                "west": { "texture": "#0", "uv": [ 0.0, 0.0, 16.0, 4.0 ] },
                "up": { "texture": "#0", "uv": [ 0.0, 0.0, 16.0, 4.0 ], "rotation": 90 }
            }
        },
        {
            "name": "Element",
            "from": [ 17.0, 8.0, 4.0 ], 
            "to": [ 25.0, 16.0, 12.0 ], 
            "faces": {
                "north": { "texture": "#0", "uv": [ 0.0, 0.0, 16.0, 3.0 ] },
                "east": { "texture": "#0", "uv": [ 0.0, 0.0, 16.0, 4.0 ], "cullface": "east" },
                "south": { "texture": "#0", "uv": [ 0.0, 0.0, 16.0, 4.0 ] },
                "up": { "texture": "#0", "uv": [ 0.0, 0.0, 16.0, 3.0 ], "rotation": 90 }
            }
        },
        {
            "name": "Element",
            "from": [ 17.0, 0.0, 4.0 ], 
            "to": [ 25.0, 8.0, 12.0 ], 
            "faces": {
                "north": { "texture": "#0", "uv": [ 0.0, 2.0, 16.0, 16.0 ] },
                "east": { "texture": "#0", "uv": [ 0.0, 2.0, 16.0, 16.0 ], "cullface": "east" },
                "south": { "texture": "#0", "uv": [ 0.0, 2.0, 16.0, 16.0 ] },
                "down": { "texture": "#0", "uv": [ 0.0, 4.0, 16.0, 16.0 ] }
            }
        },
        {
            "name": "Element",
            "from": [ 25.0, 0.0, 12.0 ], 
            "to": [ 32.0, 4.0, 20.0 ], 
            "faces": {
                "east": { "texture": "#0", "uv": [ 0.0, 4.0, 16.0, 16.0 ], "cullface": "east" },
                "south": { "texture": "#0", "uv": [ 0.0, 4.0, 16.0, 16.0 ] },
                "up": { "texture": "#0", "uv": [ 0.0, 4.0, 16.0, 16.0 ], "rotation": 90 },
                "down": { "texture": "#0", "uv": [ 0.0, 4.0, 16.0, 16.0 ] }
            }
        },
        {
            "name": "Element",
            "from": [ 25.0, 0.0, 4.0 ], 
            "to": [ 32.0, 4.0, 12.0 ], 
            "faces": {
                "east": { "texture": "#0", "uv": [ 0.0, 4.0, 16.0, 16.0 ], "cullface": "east" },
                "up": { "texture": "#0", "uv": [ 0.0, 4.0, 16.0, 16.0 ], "rotation": 90 }
            }
        },
        {
            "name": "Element",
            "from": [ 25.0, 0.0, -4.0 ], 
            "to": [ 32.0, 4.0, 4.0 ], 
            "faces": {
                "north": { "texture": "#0", "uv": [ 0.0, 4.0, 16.0, 16.0 ] },
                "east": { "texture": "#0", "uv": [ 0.0, 4.0, 16.0, 16.0 ], "cullface": "east" },
                "up": { "texture": "#0", "uv": [ 0.0, 4.0, 16.0, 16.0 ], "rotation": 90 },
                "down": { "texture": "#0", "uv": [ 0.0, 4.0, 16.0, 16.0 ] }
            }
        },
        {
            "name": "Element",
            "from": [ 25.0, -4.0, 4.0 ], 
            "to": [ 32.0, 0.0, 12.0 ], 
            "faces": {
                "north": { "texture": "#0", "uv": [ 0.0, 4.0, 16.0, 12.0 ] },
                "east": { "texture": "#0", "uv": [ 0.0, 4.0, 16.0, 13.0 ], "cullface": "east" },
                "south": { "texture": "#0", "uv": [ 0.0, 4.0, 16.0, 13.0 ] },
                "west": { "texture": "#0", "uv": [ 0.0, 4.0, 16.0, 12.0 ] },
                "down": { "texture": "#0", "uv": [ 0.0, 4.0, 16.0, 16.0 ] }
            }
        },
        {
            "name": "Element",
            "from": [ 1.0, -8.0, 0.0 ], 
            "to": [ 9.0, -4.0, 4.0 ], 
            "faces": {
                "north": { "texture": "#0", "uv": [ 0.0, 5.0, 16.0, 13.0 ] },
                "south": { "texture": "#0", "uv": [ 0.0, 4.0, 16.0, 13.0 ] },
                "down": { "texture": "#0", "uv": [ 0.0, 6.0, 16.0, 14.0 ], "cullface": "down" }
            }
        },
        {
            "name": "Element",
            "from": [ 17.0, -4.0, -4.0 ], 
            "to": [ 25.0, 0.0, 4.0 ], 
            "faces": {
                "north": { "texture": "#0", "uv": [ 0.0, 4.0, 16.0, 12.0 ] },
                "south": { "texture": "#0", "uv": [ 0.0, 4.0, 16.0, 13.0 ] },
                "down": { "texture": "#0", "uv": [ 0.0, 4.0, 16.0, 12.0 ] }
            }
        },
        {
            "name": "Element",
            "from": [ 9.0, -8.0, 0.0 ], 
            "to": [ 17.0, -4.0, 4.0 ], 
            "faces": {
                "north": { "texture": "#0", "uv": [ 0.0, 4.0, 16.0, 12.0 ] },
                "south": { "texture": "#0", "uv": [ 0.0, 4.0, 16.0, 13.0 ] },
                "down": { "texture": "#0", "uv": [ 0.0, 5.0, 16.0, 12.0 ] }
            }
        },
        {
            "name": "Element",
            "from": [ 1.0, -4.0, 4.0 ], 
            "to": [ 9.0, 0.0, 12.0 ], 
            "faces": {
                "east": { "texture": "#0", "uv": [ 0.0, 4.0, 16.0, 16.0 ] },
                "down": { "texture": "#0", "uv": [ 0.0, 4.0, 16.0, 16.0 ], "cullface": "down" }
            }
        },
        {
            "name": "Element",
            "from": [ 1.0, -4.0, -4.0 ], 
            "to": [ 9.0, 0.0, 4.0 ], 
            "faces": {
                "north": { "texture": "#0", "uv": [ 0.0, 4.0, 16.0, 12.0 ], "cullface": "north" },
                "down": { "texture": "#0", "uv": [ 0.0, 4.0, 16.0, 13.0 ] }
            }
        },
        {
            "name": "Element",
            "from": [ 1.0, -4.0, 12.0 ], 
            "to": [ 9.0, 0.0, 20.0 ], 
            "faces": {
                "south": { "texture": "#0", "uv": [ 0.0, 4.0, 16.0, 16.0 ], "cullface": "south" },
                "down": { "texture": "#0", "uv": [ 0.0, 4.0, 16.0, 16.0 ] }
            }
        },
        {
            "name": "Element",
            "from": [ 1.0, -8.0, 12.0 ], 
            "to": [ 9.0, -4.0, 16.0 ], 
            "faces": {
                "north": { "texture": "#0", "uv": [ 0.0, 4.0, 16.0, 16.0 ] },
                "south": { "texture": "#0", "uv": [ 0.0, 4.0, 16.0, 16.0 ] },
                "down": { "texture": "#0", "uv": [ 0.0, 4.0, 16.0, 16.0 ], "cullface": "down" }
            }
        },
        {
            "name": "Element",
            "from": [ 9.0, -4.0, -4.0 ], 
            "to": [ 17.0, 0.0, 4.0 ], 
            "faces": {
                "north": { "texture": "#0", "uv": [ 0.0, 4.0, 16.0, 16.0 ] },
                "south": { "texture": "#0", "uv": [ 0.0, 4.0, 16.0, 16.0 ] },
                "down": { "texture": "#0", "uv": [ 0.0, 4.0, 16.0, 16.0 ] }
            }
        },
        {
            "name": "Element",
            "from": [ 9.0, -4.0, 12.0 ], 
            "to": [ 17.0, 0.0, 20.0 ], 
            "faces": {
                "north": { "texture": "#0", "uv": [ 0.0, 4.0, 16.0, 16.0 ] },
                "south": { "texture": "#0", "uv": [ 0.0, 4.0, 16.0, 16.0 ] },
                "down": { "texture": "#0", "uv": [ 0.0, 4.0, 16.0, 16.0 ] }
            }
        },
        {
            "name": "Element",
            "from": [ 9.0, -8.0, 12.0 ], 
            "to": [ 17.0, -4.0, 16.0 ], 
            "faces": {
                "north": { "texture": "#0", "uv": [ 0.0, 4.0, 16.0, 16.0 ] },
                "south": { "texture": "#0", "uv": [ 0.0, 4.0, 16.0, 16.0 ] },
                "down": { "texture": "#0", "uv": [ 0.0, 4.0, 16.0, 16.0 ] }
            }
        },
        {
            "name": "Element",
            "from": [ -15.0, 0.0, 4.0 ], 
            "to": [ -7.0, 4.0, 12.0 ], 
            "faces": {
                "north": { "texture": "#0", "uv": [ 0.0, 4.0, 16.0, 11.0 ] },
                "south": { "texture": "#0", "uv": [ 0.0, 4.0, 16.0, 11.0 ] },
                "west": { "texture": "#0", "uv": [ 0.0, 4.0, 16.0, 11.0 ], "cullface": "west" },
                "up": { "texture": "#0", "uv": [ 0.0, 4.0, 16.0, 11.0 ], "rotation": 90 }
            }
        },
        {
            "name": "Cube",
            "from": [ 13.600000008940697, 15.999999985098839, 7.499999992549419 ], 
            "to": [ 14.600000008940697, 21.99999998509884, 8.49999999254942 ], 
            "faces": {
                "north": { "texture": "#0", "uv": [ 0.0, 0.0, 15.0, 4.0 ] },
                "east": { "texture": "#0", "uv": [ 0.0, 0.0, 16.0, 4.0 ] },
                "south": { "texture": "#0", "uv": [ 0.0, 0.0, 16.0, 4.0 ] },
                "west": { "texture": "#0", "uv": [ 0.0, 0.0, 15.0, 4.0 ] },
                "up": { "texture": "#0", "uv": [ 0.0, 0.0, 16.0, 4.0 ] },
                "down": { "texture": "#0", "uv": [ 0.0, 0.0, 16.0, 4.0 ] }
            }
        },
        {
            "name": "Cube",
            "from": [ 14.600000008940697, 21.99999998509884, 7.499999992549419 ], 
            "to": [ 15.600000008940697, 24.99999998509884, 8.49999999254942 ], 
            "faces": {
                "north": { "texture": "#0", "uv": [ 0.0, 0.0, 16.0, 4.0 ] },
                "east": { "texture": "#0", "uv": [ 0.0, 0.0, 16.0, 4.0 ] },
                "south": { "texture": "#0", "uv": [ 0.0, 0.0, 16.0, 4.0 ] },
                "west": { "texture": "#0", "uv": [ 0.0, 0.0, 16.0, 3.0 ] },
                "up": { "texture": "#0", "uv": [ 0.0, 0.0, 16.0, 3.0 ] },
                "down": { "texture": "#0", "uv": [ 0.0, 0.0, 16.0, 3.0 ] }
            }
        },
        {
            "name": "Cube",
            "from": [ 17.0, 7.0, -4.0 ], 
            "to": [ 25.0, 11.0, 4.0 ], 
            "faces": {
                "north": { "texture": "#0", "uv": [ 0.0, 0.0, 16.0, 4.0 ], "cullface": "north" },
                "up": { "texture": "#0", "uv": [ 0.0, 0.0, 16.0, 4.0 ] }
            }
        },
        {
            "name": "Cube",
            "from": [ 17.0, 7.0, 12.0 ], 
            "to": [ 25.0, 11.0, 20.0 ], 
            "faces": {
                "south": { "texture": "#0", "uv": [ 0.0, 0.0, 16.0, 4.0 ], "cullface": "south" },
                "up": { "texture": "#0", "uv": [ 0.0, 0.0, 16.0, 4.0 ] }
            }
        },
        {
            "name": "Cube",
            "from": [ 17.0, 3.0, -4.0 ], 
            "to": [ 25.0, 7.0, 4.0 ], 
            "faces": {
                "north": { "texture": "#0", "uv": [ 0.0, 4.0, 16.0, 15.0 ] },
                "west": { "texture": "#0", "uv": [ 0.0, 4.0, 16.0, 12.0 ], "cullface": "west" },
                "up": { "texture": "#0", "uv": [ 0.0, 0.0, 16.0, 4.0 ] },
                "down": { "texture": "#0", "uv": [ 0.0, 5.0, 16.0, 16.0 ] }
            }
        },
        {
            "name": "Cube",
            "from": [ 17.0, 3.0, 12.0 ], 
            "to": [ 25.0, 7.0, 20.0 ], 
            "faces": {
                "south": { "texture": "#0", "uv": [ 0.0, 4.0, 16.0, 10.0 ] },
                "west": { "texture": "#0", "uv": [ 0.0, 4.0, 16.0, 11.0 ], "cullface": "west" },
                "up": { "texture": "#0", "uv": [ 0.0, 0.0, 16.0, 4.0 ] },
                "down": { "texture": "#0", "uv": [ 0.0, 4.0, 16.0, 10.0 ] }
            }
        },
        {
            "name": "Cube",
            "from": [ 0.0, 7.0, -4.0 ], 
            "to": [ 1.0, 12.0, 4.0 ], 
            "faces": {
                "north": { "texture": "#0", "uv": [ 0.0, 0.0, 16.0, 4.0 ] },
                "east": { "texture": "#0", "uv": [ 0.0, 0.0, 16.0, 4.0 ] },
                "south": { "texture": "#0", "uv": [ 0.0, 0.0, 16.0, 4.0 ] },
                "west": { "texture": "#0", "uv": [ 0.0, 0.0, 16.0, 4.0 ] },
                "up": { "texture": "#0", "uv": [ 0.0, 0.0, 16.0, 4.0 ] },
                "down": { "texture": "#0", "uv": [ 0.0, 0.0, 16.0, 4.0 ] }
            }
        },
        {
            "name": "Cube",
            "from": [ 0.0, 7.0, 4.0 ], 
            "to": [ 1.0, 12.0, 12.0 ], 
            "faces": {
                "north": { "texture": "#0", "uv": [ 0.0, 0.0, 16.0, 4.0 ] },
                "east": { "texture": "#0", "uv": [ 0.0, 0.0, 16.0, 4.0 ] },
                "south": { "texture": "#0", "uv": [ 0.0, 0.0, 16.0, 4.0 ] },
                "west": { "texture": "#0", "uv": [ 0.0, 0.0, 16.0, 4.0 ] },
                "up": { "texture": "#0", "uv": [ 0.0, 0.0, 16.0, 4.0 ] },
                "down": { "texture": "#0", "uv": [ 0.0, 0.0, 16.0, 4.0 ] }
            }
        },
        {
            "name": "Cube",
            "from": [ 0.0, 7.0, 12.0 ], 
            "to": [ 1.0, 12.0, 20.0 ], 
            "faces": {
                "north": { "texture": "#0", "uv": [ 0.0, 0.0, 16.0, 4.0 ] },
                "east": { "texture": "#0", "uv": [ 0.0, 0.0, 16.0, 4.0 ] },
                "south": { "texture": "#0", "uv": [ 0.0, 0.0, 16.0, 4.0 ] },
                "west": { "texture": "#0", "uv": [ 0.0, 0.0, 16.0, 4.0 ] },
                "up": { "texture": "#0", "uv": [ 0.0, 0.0, 16.0, 4.0 ] },
                "down": { "texture": "#0", "uv": [ 0.0, 0.0, 16.0, 4.0 ] }
            }
        },
        {
            "name": "Cube",
            "from": [ 24.0, 7.0, 12.0 ], 
            "to": [ 25.0, 10.999999985098839, 20.0 ], 
            "faces": {
                "north": { "texture": "#0", "uv": [ 0.0, 0.0, 16.0, 4.0 ] },
                "east": { "texture": "#0", "uv": [ 0.0, 0.0, 16.0, 4.0 ] },
                "south": { "texture": "#0", "uv": [ 0.0, 0.0, 16.0, 4.0 ] },
                "west": { "texture": "#0", "uv": [ 0.0, 0.0, 16.0, 4.0 ] },
                "up": { "texture": "#0", "uv": [ 0.0, 0.0, 16.0, 4.0 ] },
                "down": { "texture": "#0", "uv": [ 0.0, 0.0, 16.0, 4.0 ] }
            }
        },
        {
            "name": "Cube",
            "from": [ 24.0, 7.0, -4.0 ], 
            "to": [ 25.0, 10.999999985098839, 4.0 ], 
            "faces": {
                "north": { "texture": "#0", "uv": [ 0.0, 0.0, 16.0, 4.0 ] },
                "east": { "texture": "#0", "uv": [ 0.0, 0.0, 16.0, 4.0 ] },
                "south": { "texture": "#0", "uv": [ 0.0, 0.0, 16.0, 4.0 ] },
                "west": { "texture": "#0", "uv": [ 0.0, 0.0, 16.0, 4.0 ] },
                "up": { "texture": "#0", "uv": [ 0.0, 0.0, 16.0, 4.0 ] },
                "down": { "texture": "#0", "uv": [ 0.0, 0.0, 16.0, 4.0 ] }
            }
        },
        {
            "name": "Cube",
            "from": [ 24.0, 4.0, -4.0 ], 
            "to": [ 25.0, 7.999999985098839, 4.0 ], 
            "faces": {
                "north": { "texture": "#0", "uv": [ 0.0, 4.0, 16.0, 8.0 ] },
                "east": { "texture": "#0", "uv": [ 0.0, 4.0, 16.0, 8.0 ] },
                "south": { "texture": "#0", "uv": [ 0.0, 4.0, 16.0, 8.0 ] },
                "west": { "texture": "#0", "uv": [ 0.0, 4.0, 16.0, 8.0 ] },
                "up": { "texture": "#0", "uv": [ 0.0, 4.0, 16.0, 8.0 ] },
                "down": { "texture": "#0", "uv": [ 0.0, 4.0, 16.0, 8.0 ] }
            }
        },
        {
            "name": "Cube",
            "from": [ 24.0, 4.0, 12.0 ], 
            "to": [ 25.0, 7.999999985098839, 20.0 ], 
            "faces": {
                "north": { "texture": "#0", "uv": [ 0.0, 4.0, 16.0, 8.0 ] },
                "east": { "texture": "#0", "uv": [ 0.0, 4.0, 16.0, 8.0 ] },
                "south": { "texture": "#0", "uv": [ 0.0, 4.0, 16.0, 8.0 ] },
                "west": { "texture": "#0", "uv": [ 0.0, 4.0, 16.0, 8.0 ] },
                "up": { "texture": "#0", "uv": [ 0.0, 4.0, 16.0, 8.0 ] },
                "down": { "texture": "#0", "uv": [ 0.0, 4.0, 16.0, 8.0 ] }
            }
        },
        {
            "name": "Cube",
            "from": [ 9.0, -4.0, -4.299999989569187 ], 
            "to": [ 17.0, -1.4901161193847656E-8, -3.3000000193715096 ], 
            "faces": {
                "north": { "texture": "#0", "uv": [ 0.0, 4.0, 16.0, 8.0 ] },
                "east": { "texture": "#0", "uv": [ 0.0, 4.0, 16.0, 8.0 ] },
                "south": { "texture": "#0", "uv": [ 0.0, 4.0, 16.0, 8.0 ] },
                "west": { "texture": "#0", "uv": [ 0.0, 4.0, 16.0, 8.0 ] },
                "up": { "texture": "#0", "uv": [ 0.0, 4.0, 16.0, 8.0 ] },
                "down": { "texture": "#0", "uv": [ 0.0, 4.0, 16.0, 8.0 ] }
            }
        },
        {
            "name": "Cube",
            "from": [ -15.999999985098839, -4.000000014901161, 4.0 ], 
            "to": [ -14.999999985098839, 0.9999999850988388, 12.0 ], 
            "faces": {
                "north": { "texture": "#0", "uv": [ 0.0, 4.0, 16.0, 8.0 ] },
                "east": { "texture": "#0", "uv": [ 0.0, 4.0, 16.0, 8.0 ] },
                "south": { "texture": "#0", "uv": [ 0.0, 4.0, 16.0, 8.0 ] },
                "west": { "texture": "#0", "uv": [ 0.0, 4.0, 16.0, 8.0 ] },
                "up": { "texture": "#0", "uv": [ 0.0, 4.0, 16.0, 8.0 ] },
                "down": { "texture": "#0", "uv": [ 0.0, 4.0, 16.0, 8.0 ] }
            }
        }
    ]
}