{
    "__comment": "Model generated using MrCrayfish's Model Creator (http://mrcrayfish.com/modelcreator/)",
    "textures": {
        "particle": "blocks/blocks/blocks/pug",
        "0": "blocks/pugbody",
        "1": "blocks/pug",
        "2": "blocks/catguard_extra"
    },
    "elements": [
        {
            "name": "Element",
            "from": [ 3.0, -12.5, 7.5 ], 
            "to": [ 5.0, -8.5, 9.5 ], 
            "rotation": { "origin": [ 3.0, -8.5, 7.5 ], "axis": "x", "angle": -22.5 },
            "faces": {
                "north": { "texture": "#0", "uv": [ 14.0, 12.0, 16.0, 16.0 ] },
                "east": { "texture": "#0", "uv": [ 14.0, 12.0, 16.0, 16.0 ] },
                "south": { "texture": "#0", "uv": [ 14.0, 12.0, 16.0, 16.0 ] },
                "west": { "texture": "#0", "uv": [ 14.0, 12.0, 16.0, 16.0 ] },
                "up": { "texture": "#0", "uv": [ 14.0, 12.0, 16.0, 14.0 ] },
                "down": { "texture": "#0", "uv": [ 14.0, 15.5, 16.0, 16.0 ], "cullface": "down" }
            }
        },
        {
            "name": "Element",
            "from": [ 4.0, -11.5, 0.0 ], 
            "to": [ 6.0, -7.5, 2.0 ], 
            "rotation": { "origin": [ 4.0, -7.5, 0.0 ], "axis": "x", "angle": 22.5 },
            "faces": {
                "north": { "texture": "#0", "uv": [ 14.0, 12.0, 16.0, 16.0 ] },
                "east": { "texture": "#0", "uv": [ 14.0, 12.0, 16.0, 16.0 ] },
                "south": { "texture": "#0", "uv": [ 14.0, 12.0, 16.0, 16.0 ] },
                "west": { "texture": "#0", "uv": [ 14.0, 12.0, 16.0, 16.0 ] },
                "up": { "texture": "#0", "uv": [ 14.0, 12.0, 16.0, 14.0 ] },
                "down": { "texture": "#0", "uv": [ 14.0, 15.5, 16.0, 16.0 ], "cullface": "down" }
            }
        },
        {
            "name": "Element",
            "from": [ 3.5, -10.0, 1.5 ], 
            "to": [ 12.5, -1.0, 10.5 ], 
            "faces": {
                "north": { "texture": "#0", "uv": [ 0.0, 7.0, 9.0, 16.0 ] },
                "east": { "texture": "#0", "uv": [ 9.0, 7.0, 0.0, 16.0 ] },
                "south": { "texture": "#0", "uv": [ 9.0, 7.0, 0.0, 16.0 ] },
                "west": { "texture": "#0", "uv": [ 0.0, 7.0, 9.0, 16.0 ] },
                "up": { "texture": "#0", "uv": [ 0.0, 0.0, 9.0, 9.0 ] },
                "down": { "texture": "#0", "uv": [ 0.0, 15.5, 0.5, 16.0 ], "cullface": "down" }
            }
        },
        {
            "name": "Element",
            "from": [ 3.0, -2.5, 13.0 ], 
            "to": [ 5.5, -1.5, 14.0 ], 
            "faces": {
                "east": { "texture": "#1", "uv": [ 5.0, 6.5, 5.5, 7.5 ] },
                "south": { "texture": "#1", "uv": [ 3.0, 6.5, 5.5, 7.5 ] },
                "west": { "texture": "#1", "uv": [ 12.5, 6.5, 13.0, 7.5 ] },
                "up": { "texture": "#1", "uv": [ 3.0, 6.5, 5.5, 7.0 ] },
                "down": { "texture": "#1", "uv": [ 3.0, 7.0, 5.5, 7.5 ], "cullface": "down" }
            }
        },
        {
            "name": "Element",
            "from": [ 2.5, -2.5, 12.5 ], 
            "to": [ 3.0, -1.5, 13.5 ], 
            "faces": {
                "north": { "texture": "#1", "uv": [ 2.0, 7.5, 2.5, 8.5 ] },
                "east": { "texture": "#1", "uv": [ 2.0, 7.5, 2.5, 8.5 ] },
                "south": { "texture": "#1", "uv": [ 2.0, 7.5, 2.5, 8.5 ] },
                "west": { "texture": "#1", "uv": [ 2.0, 7.5, 2.5, 8.5 ] },
                "up": { "texture": "#1", "uv": [ 2.0, 7.5, 2.5, 8.0 ] },
                "down": { "texture": "#1", "uv": [ 2.0, 7.5, 2.5, 8.0 ], "cullface": "down" }
            }
        },
        {
            "name": "Element",
            "from": [ 13.0, -2.5, 12.5 ], 
            "to": [ 13.5, -1.5, 13.5 ], 
            "faces": {
                "north": { "texture": "#1", "uv": [ 2.0, 7.5, 2.5, 8.5 ] },
                "east": { "texture": "#1", "uv": [ 2.0, 7.5, 2.5, 8.5 ] },
                "south": { "texture": "#1", "uv": [ 2.0, 7.5, 2.5, 8.5 ] },
                "west": { "texture": "#1", "uv": [ 2.0, 7.5, 2.5, 8.5 ] },
                "up": { "texture": "#1", "uv": [ 2.0, 7.5, 2.5, 8.0 ] },
                "down": { "texture": "#1", "uv": [ 2.0, 7.5, 2.5, 8.0 ], "cullface": "down" }
            }
        },
        {
            "name": "Element",
            "from": [ 12.0, -2.5, 14.0 ], 
            "to": [ 13.0, -2.0, 14.5 ], 
            "faces": {
                "south": { "texture": "#1", "uv": [ 2.0, 7.5, 2.5, 8.5 ] },
                "west": { "texture": "#1", "uv": [ 2.0, 7.5, 2.5, 8.5 ] },
                "up": { "texture": "#1", "uv": [ 2.0, 7.5, 2.5, 8.0 ] },
                "down": { "texture": "#1", "uv": [ 2.0, 7.5, 2.5, 8.0 ], "cullface": "down" }
            }
        },
        {
            "name": "Element",
            "from": [ 3.0, -3.0, 11.0 ], 
            "to": [ 13.0, -1.5, 12.5 ], 
            "faces": {
                "east": { "texture": "#1", "uv": [ 6.0, 6.5, 5.5, 7.0 ] },
                "west": { "texture": "#1", "uv": [ 5.5, 6.5, 6.0, 7.0 ] },
                "up": { "texture": "#1", "uv": [ 5.5, 6.5, 6.0, 7.0 ] },
                "down": { "texture": "#1", "uv": [ 5.5, 7.0, 6.0, 6.5 ], "cullface": "down" }
            }
        },
        {
            "name": "Element",
            "from": [ 2.5, -3.0, 11.5 ], 
            "to": [ 13.5, -2.0, 12.5 ], 
            "faces": {
                "north": { "texture": "#1", "uv": [ 5.5, 6.5, 6.0, 7.0 ] },
                "east": { "texture": "#1", "uv": [ 6.0, 6.5, 5.5, 7.0 ] },
                "south": { "texture": "#1", "uv": [ 5.5, 7.0, 6.0, 6.5 ] },
                "west": { "texture": "#1", "uv": [ 5.5, 6.5, 6.0, 7.0 ] },
                "up": { "texture": "#1", "uv": [ 5.5, 6.5, 6.0, 7.0 ] },
                "down": { "texture": "#1", "uv": [ 5.5, 7.0, 6.0, 6.5 ], "cullface": "down" }
            }
        },
        {
            "name": "Element",
            "from": [ 2.5, -3.5, 11.0 ], 
            "to": [ 13.5, -2.5, 12.0 ], 
            "faces": {
                "north": { "texture": "#1", "uv": [ 5.5, 6.5, 6.0, 7.0 ] },
                "east": { "texture": "#1", "uv": [ 6.0, 6.5, 5.5, 7.0 ] },
                "south": { "texture": "#1", "uv": [ 5.5, 7.0, 6.0, 6.5 ] },
                "west": { "texture": "#1", "uv": [ 5.5, 6.5, 6.0, 7.0 ] },
                "up": { "texture": "#1", "uv": [ 5.5, 6.5, 6.0, 7.0 ] },
                "down": { "texture": "#1", "uv": [ 5.5, 7.0, 6.0, 6.5 ], "cullface": "down" }
            }
        },
        {
            "name": "Element",
            "from": [ 2.5, -2.0, 12.0 ], 
            "to": [ 13.5, -1.5, 12.5 ], 
            "faces": {
                "north": { "texture": "#1", "uv": [ 5.5, 6.5, 6.0, 7.0 ] },
                "east": { "texture": "#1", "uv": [ 6.0, 6.5, 5.5, 7.0 ] },
                "south": { "texture": "#1", "uv": [ 5.5, 7.0, 6.0, 6.5 ] },
                "west": { "texture": "#1", "uv": [ 5.5, 6.5, 6.0, 7.0 ] },
                "up": { "texture": "#1", "uv": [ 5.5, 6.5, 6.0, 7.0 ] }
            }
        },
        {
            "name": "Element",
            "from": [ 3.5, -1.5, 11.0 ], 
            "to": [ 12.5, -1.0, 12.0 ], 
            "faces": {
                "east": { "texture": "#1", "uv": [ 6.0, 6.5, 5.5, 7.0 ] },
                "south": { "texture": "#1", "uv": [ 5.5, 7.0, 6.0, 6.5 ] },
                "west": { "texture": "#1", "uv": [ 5.5, 6.5, 6.0, 7.0 ] },
                "up": { "texture": "#1", "uv": [ 5.5, 6.5, 6.0, 7.0 ] }
            }
        },
        {
            "name": "Element",
            "from": [ 4.0, -1.5, 12.0 ], 
            "to": [ 12.0, -1.0, 12.5 ], 
            "faces": {
                "east": { "texture": "#1", "uv": [ 6.0, 6.5, 5.5, 7.0 ] },
                "south": { "texture": "#1", "uv": [ 5.5, 7.0, 6.0, 6.5 ] },
                "west": { "texture": "#1", "uv": [ 5.5, 6.5, 6.0, 7.0 ] },
                "up": { "texture": "#1", "uv": [ 5.5, 6.5, 6.0, 7.0 ] }
            }
        },
        {
            "name": "Element",
            "from": [ 5.5, -1.5, 12.5 ], 
            "to": [ 10.5, -1.0, 13.0 ], 
            "faces": {
                "east": { "texture": "#1", "uv": [ 6.0, 6.5, 5.5, 7.0 ] },
                "south": { "texture": "#1", "uv": [ 5.5, 7.0, 6.0, 6.5 ] },
                "west": { "texture": "#1", "uv": [ 5.5, 6.5, 6.0, 7.0 ] },
                "up": { "texture": "#1", "uv": [ 5.5, 6.5, 6.0, 7.0 ] }
            }
        },
        {
            "name": "Element",
            "from": [ 10.5, -2.5, 13.0 ], 
            "to": [ 13.0, -1.5, 14.0 ], 
            "faces": {
                "east": { "texture": "#1", "uv": [ 12.5, 6.5, 13.0, 7.5 ] },
                "south": { "texture": "#1", "uv": [ 5.5, 6.5, 3.0, 7.5 ] },
                "west": { "texture": "#1", "uv": [ 5.0, 6.5, 5.5, 7.5 ] },
                "up": { "texture": "#1", "uv": [ 10.5, 6.5, 13.0, 7.0 ] },
                "down": { "texture": "#1", "uv": [ 5.5, 7.0, 3.0, 7.5 ], "cullface": "down" }
            }
        },
        {
            "name": "Element",
            "from": [ 5.5, -2.5, 13.0 ], 
            "to": [ 10.5, -1.0000000074505806, 13.5 ], 
            "faces": {
                "south": { "texture": "#1", "uv": [ 5.5, 6.5, 10.5, 7.5 ] },
                "up": { "texture": "#1", "uv": [ 5.5, 6.5, 10.5, 7.0 ] }
            }
        },
        {
            "name": "Element",
            "from": [ 5.5, -2.5, 13.5 ], 
            "to": [ 6.0, -2.0, 14.0 ], 
            "faces": {
                "east": { "texture": "#1", "uv": [ 6.0, 7.0, 5.5, 7.5 ] },
                "south": { "texture": "#1", "uv": [ 5.5, 7.5, 6.0, 7.0 ] },
                "up": { "texture": "#1", "uv": [ 5.5, 7.0, 6.0, 7.5 ] }
            }
        },
        {
            "name": "Element",
            "from": [ 10.0, -2.5, 13.5 ], 
            "to": [ 10.5, -2.0, 14.0 ], 
            "faces": {
                "south": { "texture": "#1", "uv": [ 5.5, 7.5, 6.0, 7.0 ] },
                "west": { "texture": "#1", "uv": [ 5.5, 7.0, 6.0, 7.5 ] },
                "up": { "texture": "#1", "uv": [ 5.5, 7.0, 6.0, 7.5 ] }
            }
        },
        {
            "name": "Element",
            "from": [ 3.0, -3.0, 12.5 ], 
            "to": [ 13.0, -1.5, 13.0 ], 
            "faces": {
                "east": { "texture": "#1", "uv": [ 5.5, 6.5, 5.0, 7.0 ] },
                "south": { "texture": "#1", "uv": [ 5.0, 7.0, 5.5, 6.5 ] },
                "west": { "texture": "#1", "uv": [ 5.0, 6.5, 5.5, 7.0 ] },
                "up": { "texture": "#1", "uv": [ 5.0, 6.5, 5.5, 7.0 ] },
                "down": { "texture": "#1", "uv": [ 5.0, 7.0, 5.5, 6.5 ], "cullface": "down" }
            }
        },
        {
            "name": "Element",
            "from": [ 3.0, -3.0, 12.5 ], 
            "to": [ 5.5, -2.5, 13.5 ], 
            "faces": {
                "east": { "texture": "#1", "uv": [ 4.0, 7.5, 3.5, 8.0 ] },
                "south": { "texture": "#1", "uv": [ 3.5, 8.0, 4.0, 7.5 ] },
                "west": { "texture": "#1", "uv": [ 3.5, 7.5, 4.0, 8.0 ] },
                "up": { "texture": "#1", "uv": [ 3.5, 7.5, 4.0, 8.0 ] },
                "down": { "texture": "#1", "uv": [ 3.5, 8.0, 4.0, 7.5 ], "cullface": "down" }
            }
        },
        {
            "name": "Element",
            "from": [ 10.5, -3.0, 12.5 ], 
            "to": [ 13.0, -2.5, 13.5 ], 
            "faces": {
                "east": { "texture": "#1", "uv": [ 4.0, 7.5, 3.5, 8.0 ] },
                "south": { "texture": "#1", "uv": [ 3.5, 8.0, 4.0, 7.5 ] },
                "west": { "texture": "#1", "uv": [ 3.5, 7.5, 4.0, 8.0 ] },
                "up": { "texture": "#1", "uv": [ 3.5, 7.5, 4.0, 8.0 ] },
                "down": { "texture": "#1", "uv": [ 3.5, 8.0, 4.0, 7.5 ], "cullface": "down" }
            }
        },
        {
            "name": "Element",
            "from": [ 12.0, -3.0, 13.5 ], 
            "to": [ 13.0, -2.5, 14.0 ], 
            "faces": {
                "south": { "texture": "#1", "uv": [ 3.5, 8.0, 4.0, 7.5 ] },
                "west": { "texture": "#1", "uv": [ 3.5, 7.5, 4.0, 8.0 ] },
                "down": { "texture": "#1", "uv": [ 3.5, 8.0, 4.0, 7.5 ], "cullface": "down" }
            }
        },
        {
            "name": "Element",
            "from": [ 3.0, -3.0, 13.5 ], 
            "to": [ 4.0, -2.5, 14.0 ], 
            "faces": {
                "east": { "texture": "#1", "uv": [ 4.0, 7.5, 3.5, 8.0 ] },
                "south": { "texture": "#1", "uv": [ 3.5, 8.0, 4.0, 7.5 ] },
                "down": { "texture": "#1", "uv": [ 3.5, 8.0, 4.0, 7.5 ], "cullface": "down" }
            }
        },
        {
            "name": "Element",
            "from": [ 5.5, -3.0, 13.0 ], 
            "to": [ 10.5, -2.5, 14.0 ], 
            "faces": {
                "east": { "texture": "#1", "uv": [ 5.5, 7.5, 6.5, 8.0 ] },
                "south": { "texture": "#1", "uv": [ 5.5, 7.5, 10.5, 8.0 ] },
                "west": { "texture": "#1", "uv": [ 5.5, 7.5, 6.5, 8.0 ] },
                "up": { "texture": "#1", "uv": [ 5.5, 7.5, 10.5, 8.0 ] }
            }
        },
        {
            "name": "Element",
            "from": [ 5.0, -3.5, 13.0 ], 
            "to": [ 11.0, -3.0, 14.0 ], 
            "faces": {
                "north": { "texture": "#1", "uv": [ 5.0, 8.0, 11.0, 8.5 ] },
                "east": { "texture": "#1", "uv": [ 5.0, 8.0, 5.5, 8.5 ] },
                "south": { "texture": "#1", "uv": [ 5.0, 8.0, 11.0, 8.5 ] },
                "west": { "texture": "#1", "uv": [ 5.0, 8.0, 5.5, 8.5 ] },
                "up": { "texture": "#1", "uv": [ 5.0, 8.0, 11.0, 8.5 ] },
                "down": { "texture": "#1", "uv": [ 5.0, 8.0, 11.0, 8.5 ], "cullface": "down" }
            }
        },
        {
            "name": "Element",
            "from": [ 7.0, -4.0, 13.0 ], 
            "to": [ 7.5, -3.5, 14.0 ], 
            "faces": {
                "north": { "texture": "#1", "uv": [ 7.0, 9.5, 7.5, 10.0 ] },
                "east": { "texture": "#1", "uv": [ 7.5, 8.5, 7.0, 9.0 ] },
                "south": { "texture": "#1", "uv": [ 7.0, 9.5, 7.5, 9.0 ] },
                "west": { "texture": "#1", "uv": [ 7.0, 9.5, 7.5, 10.0 ] }
            }
        },
        {
            "name": "Element",
            "from": [ 8.0, -4.0, 13.0 ], 
            "to": [ 9.0, -3.5, 14.0 ], 
            "faces": {
                "north": { "texture": "#1", "uv": [ 7.0, 8.5, 7.5, 9.0 ] },
                "east": { "texture": "#1", "uv": [ 7.5, 8.5, 7.0, 9.0 ] },
                "south": { "texture": "#1", "uv": [ 7.0, 9.5, 7.5, 9.0 ] },
                "west": { "texture": "#1", "uv": [ 7.0, 8.5, 7.5, 9.0 ] },
                "down": { "texture": "#1", "uv": [ 7.0, 9.5, 7.5, 8.5 ], "cullface": "down" }
            }
        },
        {
            "name": "Element",
            "from": [ 5.0, -4.0, 13.0 ], 
            "to": [ 6.0, -3.5, 14.0 ], 
            "faces": {
                "north": { "texture": "#1", "uv": [ 7.0, 7.5, 7.5, 8.0 ] },
                "east": { "texture": "#1", "uv": [ 7.5, 8.5, 7.0, 9.0 ] },
                "south": { "texture": "#1", "uv": [ 7.0, 8.5, 7.5, 8.0 ] },
                "west": { "texture": "#1", "uv": [ 7.0, 8.5, 7.5, 9.0 ] }
            }
        },
        {
            "name": "Element",
            "from": [ 10.0, -4.0, 13.0 ], 
            "to": [ 11.0, -3.5, 14.0 ], 
            "faces": {
                "north": { "texture": "#1", "uv": [ 7.0, 7.5, 7.5, 8.0 ] },
                "east": { "texture": "#1", "uv": [ 7.5, 7.5, 7.0, 8.0 ] },
                "south": { "texture": "#1", "uv": [ 7.0, 8.5, 7.5, 8.0 ] },
                "west": { "texture": "#1", "uv": [ 7.0, 9.5, 7.5, 10.0 ] }
            }
        },
        {
            "name": "Element",
            "from": [ 5.0, -4.5, 13.0 ], 
            "to": [ 7.5, -4.0, 14.0 ], 
            "faces": {
                "north": { "texture": "#1", "uv": [ 5.0, 9.0, 7.5, 9.5 ] },
                "east": { "texture": "#1", "uv": [ 7.5, 9.0, 7.0, 9.5 ] },
                "south": { "texture": "#1", "uv": [ 5.0, 9.5, 7.5, 9.0 ] },
                "west": { "texture": "#1", "uv": [ 5.0, 9.0, 5.5, 9.5 ] },
                "up": { "texture": "#1", "uv": [ 5.0, 9.0, 7.5, 9.5 ] },
                "down": { "texture": "#1", "uv": [ 5.0, 9.5, 7.5, 9.0 ], "cullface": "down" }
            }
        },
        {
            "name": "Element",
            "from": [ 4.5, -5.0, 13.0 ], 
            "to": [ 7.0, -4.5, 14.0 ], 
            "faces": {
                "north": { "texture": "#1", "uv": [ 4.5, 9.5, 7.0, 10.0 ] },
                "east": { "texture": "#1", "uv": [ 7.0, 9.5, 6.5, 10.0 ] },
                "south": { "texture": "#1", "uv": [ 4.5, 10.0, 7.0, 9.5 ] },
                "west": { "texture": "#1", "uv": [ 4.5, 9.5, 5.0, 10.0 ] },
                "up": { "texture": "#1", "uv": [ 4.5, 9.5, 7.0, 10.0 ] }
            }
        },
        {
            "name": "Element",
            "from": [ 9.0, -4.5, 13.0 ], 
            "to": [ 11.0, -4.0, 14.0 ], 
            "faces": {
                "north": { "texture": "#1", "uv": [ 5.0, 9.0, 6.5, 9.5 ] },
                "east": { "texture": "#1", "uv": [ 6.5, 9.0, 6.0, 9.5 ] },
                "south": { "texture": "#1", "uv": [ 5.0, 9.5, 6.5, 9.0 ] },
                "west": { "texture": "#1", "uv": [ 5.0, 9.0, 5.5, 9.5 ] },
                "up": { "texture": "#1", "uv": [ 5.0, 9.0, 6.5, 9.5 ] }
            }
        },
        {
            "name": "Element",
            "from": [ 9.0, -5.0, 13.0 ], 
            "to": [ 11.5, -4.5, 14.0 ], 
            "faces": {
                "north": { "texture": "#1", "uv": [ 9.0, 9.5, 11.5, 10.0 ] },
                "east": { "texture": "#1", "uv": [ 11.5, 9.5, 11.0, 10.0 ] },
                "south": { "texture": "#1", "uv": [ 9.0, 10.0, 11.5, 9.5 ] },
                "west": { "texture": "#1", "uv": [ 9.0, 9.5, 9.5, 10.0 ] },
                "up": { "texture": "#1", "uv": [ 9.0, 9.5, 11.5, 10.0 ] },
                "down": { "texture": "#1", "uv": [ 9.0, 10.0, 11.5, 9.5 ], "cullface": "down" }
            }
        },
        {
            "name": "Element",
            "from": [ 4.0, -5.5, 13.0 ], 
            "to": [ 7.0, -5.0, 14.0 ], 
            "faces": {
                "north": { "texture": "#1", "uv": [ 4.0, 10.0, 7.0, 10.5 ] },
                "east": { "texture": "#1", "uv": [ 7.0, 10.0, 6.5, 10.5 ] },
                "south": { "texture": "#1", "uv": [ 4.0, 10.5, 7.0, 10.0 ] },
                "west": { "texture": "#1", "uv": [ 4.0, 10.0, 4.5, 10.5 ] },
                "up": { "texture": "#1", "uv": [ 4.0, 10.0, 7.0, 10.5 ] },
                "down": { "texture": "#1", "uv": [ 4.0, 10.5, 7.0, 10.0 ], "cullface": "down" }
            }
        },
        {
            "name": "Element",
            "from": [ 10.0, -5.5, 13.0 ], 
            "to": [ 11.5, -5.0, 14.0 ], 
            "faces": {
                "north": { "texture": "#1", "uv": [ 10.0, 10.0, 11.5, 10.5 ] },
                "east": { "texture": "#1", "uv": [ 11.5, 10.0, 11.0, 10.5 ] },
                "south": { "texture": "#1", "uv": [ 10.0, 10.5, 11.5, 10.0 ] },
                "west": { "texture": "#1", "uv": [ 10.0, 10.0, 10.5, 10.5 ] }
            }
        },
        {
            "name": "Element",
            "from": [ 5.0, -5.0, 14.0 ], 
            "to": [ 6.5, -4.5, 14.5 ], 
            "faces": {
                "east": { "texture": "#1", "uv": [ 6.5, 9.5, 6.0, 10.0 ] },
                "south": { "texture": "#1", "uv": [ 5.0, 10.0, 6.5, 9.5 ] },
                "west": { "texture": "#1", "uv": [ 5.0, 9.5, 5.5, 10.0 ] },
                "up": { "texture": "#1", "uv": [ 5.0, 9.5, 6.5, 10.0 ] },
                "down": { "texture": "#1", "uv": [ 5.0, 10.0, 6.5, 9.5 ], "cullface": "down" }
            }
        },
        {
            "name": "Element",
            "from": [ 5.5, -4.5, 14.0 ], 
            "to": [ 7.0, -4.0, 14.5 ], 
            "faces": {
                "east": { "texture": "#1", "uv": [ 6.5, 9.5, 6.0, 10.0 ] },
                "south": { "texture": "#1", "uv": [ 5.0, 10.0, 6.5, 9.5 ] },
                "west": { "texture": "#1", "uv": [ 5.0, 9.5, 5.5, 10.0 ] },
                "up": { "texture": "#1", "uv": [ 5.0, 9.5, 6.5, 10.0 ] },
                "down": { "texture": "#1", "uv": [ 5.0, 10.0, 6.5, 9.5 ], "cullface": "down" }
            }
        },
        {
            "name": "Element",
            "from": [ 9.5, -4.5, 14.0 ], 
            "to": [ 11.0, -4.0, 14.5 ], 
            "faces": {
                "east": { "texture": "#1", "uv": [ 6.5, 9.5, 6.0, 10.0 ] },
                "south": { "texture": "#1", "uv": [ 5.0, 10.0, 6.5, 9.5 ] },
                "west": { "texture": "#1", "uv": [ 5.0, 9.5, 5.5, 10.0 ] },
                "up": { "texture": "#1", "uv": [ 5.0, 9.5, 6.5, 10.0 ] },
                "down": { "texture": "#1", "uv": [ 5.0, 10.0, 6.5, 9.5 ], "cullface": "down" }
            }
        },
        {
            "name": "Element",
            "from": [ 10.0, -5.0, 14.0 ], 
            "to": [ 11.0, -4.5, 14.5 ], 
            "faces": {
                "east": { "texture": "#1", "uv": [ 6.5, 9.5, 6.0, 10.0 ] },
                "south": { "texture": "#1", "uv": [ 5.0, 10.0, 6.5, 9.5 ] },
                "west": { "texture": "#1", "uv": [ 5.0, 9.5, 5.5, 10.0 ] },
                "down": { "texture": "#1", "uv": [ 5.0, 10.0, 6.5, 9.5 ], "cullface": "down" }
            }
        },
        {
            "name": "Element",
            "from": [ 4.5, -5.0, 13.0 ], 
            "to": [ 8.5, -3.5, 13.5 ], 
            "faces": {
                "north": { "texture": "#1", "uv": [ 4.5, 8.5, 8.5, 10.0 ] },
                "east": { "texture": "#1", "uv": [ 8.0, 8.5, 8.5, 10.0 ] },
                "south": { "texture": "#1", "uv": [ 4.5, 8.5, 8.5, 10.0 ] },
                "west": { "texture": "#1", "uv": [ 4.5, 8.5, 5.0, 10.0 ] },
                "up": { "texture": "#1", "uv": [ 4.5, 8.5, 8.5, 9.0 ] },
                "down": { "texture": "#1", "uv": [ 4.5, 9.5, 8.5, 10.0 ], "cullface": "down" }
            }
        },
        {
            "name": "Element",
            "from": [ 9.0, -5.0, 13.0 ], 
            "to": [ 11.5, -3.5, 13.5 ], 
            "faces": {
                "north": { "texture": "#1", "uv": [ 9.0, 8.5, 11.5, 10.0 ] },
                "east": { "texture": "#1", "uv": [ 11.0, 8.5, 11.5, 10.0 ] },
                "south": { "texture": "#1", "uv": [ 9.0, 8.5, 11.5, 10.0 ] },
                "west": { "texture": "#1", "uv": [ 9.0, 8.5, 9.5, 10.0 ] },
                "up": { "texture": "#1", "uv": [ 9.0, 8.5, 11.5, 9.0 ] },
                "down": { "texture": "#1", "uv": [ 9.0, 9.5, 11.5, 10.0 ], "cullface": "down" }
            }
        },
        {
            "name": "Element",
            "from": [ 7.0, -5.5, 12.5 ], 
            "to": [ 10.0, -4.0, 13.0 ], 
            "faces": {
                "north": { "texture": "#1", "uv": [ 7.0, 9.0, 10.0, 10.5 ] },
                "east": { "texture": "#1", "uv": [ 9.5, 9.0, 10.0, 10.5 ] },
                "south": { "texture": "#1", "uv": [ 7.0, 9.0, 10.0, 10.5 ] },
                "west": { "texture": "#1", "uv": [ 7.0, 9.0, 7.5, 10.5 ] },
                "up": { "texture": "#1", "uv": [ 7.0, 9.0, 10.0, 9.5 ] }
            }
        },
        {
            "name": "Element",
            "from": [ 3.5, -5.5, 12.0 ], 
            "to": [ 5.0, -3.0, 13.0 ], 
            "faces": {
                "north": { "texture": "#1", "uv": [ 3.5, 8.0, 5.0, 10.5 ] },
                "east": { "texture": "#1", "uv": [ 12.0, 8.0, 13.0, 10.5 ] },
                "south": { "texture": "#1", "uv": [ 3.5, 8.0, 5.0, 10.5 ] },
                "west": { "texture": "#1", "uv": [ 12.0, 8.0, 13.0, 10.5 ] },
                "up": { "texture": "#1", "uv": [ 3.5, 12.0, 5.0, 13.0 ] },
                "down": { "texture": "#1", "uv": [ 3.5, 12.0, 5.0, 13.0 ], "cullface": "down" }
            }
        },
        {
            "name": "Element",
            "from": [ 11.0, -5.5, 12.0 ], 
            "to": [ 12.5, -3.0, 13.0 ], 
            "faces": {
                "north": { "texture": "#1", "uv": [ 11.0, 8.0, 12.5, 10.5 ] },
                "east": { "texture": "#1", "uv": [ 12.0, 8.0, 13.0, 10.5 ] },
                "south": { "texture": "#1", "uv": [ 11.0, 8.0, 12.5, 10.5 ] },
                "west": { "texture": "#1", "uv": [ 12.0, 8.0, 13.0, 10.5 ] },
                "up": { "texture": "#1", "uv": [ 11.0, 12.0, 12.5, 13.0 ] },
                "down": { "texture": "#1", "uv": [ 11.0, 12.0, 12.5, 13.0 ], "cullface": "down" }
            }
        },
        {
            "name": "Element",
            "from": [ 4.0, -8.0, 13.0 ], 
            "to": [ 6.0, -5.5, 14.0 ], 
            "faces": {
                "north": { "texture": "#1", "uv": [ 4.0, 10.5, 6.0, 13.0 ] },
                "east": { "texture": "#1", "uv": [ 5.5, 10.5, 6.0, 13.0 ] },
                "south": { "texture": "#1", "uv": [ 4.0, 10.5, 6.0, 13.0 ] },
                "west": { "texture": "#1", "uv": [ 4.0, 10.5, 4.5, 13.0 ] },
                "down": { "texture": "#1", "uv": [ 4.0, 12.5, 6.0, 13.0 ], "cullface": "down" }
            }
        },
        {
            "name": "Element",
            "from": [ 4.0, -7.5, 13.0 ], 
            "to": [ 5.0, -5.5, 14.5 ], 
            "faces": {
                "north": { "texture": "#1", "uv": [ 4.0, 10.5, 5.0, 12.5 ] },
                "east": { "texture": "#1", "uv": [ 4.5, 10.5, 5.0, 12.5 ] },
                "south": { "texture": "#1", "uv": [ 4.0, 10.5, 5.0, 12.5 ] },
                "west": { "texture": "#1", "uv": [ 4.0, 10.5, 4.5, 12.5 ] },
                "up": { "texture": "#1", "uv": [ 4.0, 10.5, 5.0, 11.0 ] },
                "down": { "texture": "#1", "uv": [ 4.0, 12.0, 5.0, 12.5 ], "cullface": "down" }
            }
        },
        {
            "name": "Element",
            "from": [ 3.5, -7.0, 13.0 ], 
            "to": [ 5.5, -6.0, 14.5 ], 
            "faces": {
                "north": { "texture": "#1", "uv": [ 3.5, 11.0, 5.5, 12.0 ] },
                "east": { "texture": "#1", "uv": [ 5.0, 11.0, 5.5, 12.0 ] },
                "south": { "texture": "#1", "uv": [ 3.5, 11.0, 5.5, 12.0 ] },
                "west": { "texture": "#1", "uv": [ 3.5, 11.0, 4.0, 12.0 ] },
                "up": { "texture": "#1", "uv": [ 3.5, 11.0, 5.5, 11.5 ] },
                "down": { "texture": "#1", "uv": [ 3.5, 11.5, 5.5, 12.0 ], "cullface": "down" }
            }
        },
        {
            "name": "Element",
            "from": [ 4.0, -7.0, 14.0 ], 
            "to": [ 5.0, -6.0, 14.5 ], 
            "faces": {
                "east": { "texture": "#1", "uv": [ 4.5, 11.0, 5.0, 12.0 ] },
                "south": { "texture": "#1", "uv": [ 4.0, 11.0, 5.0, 12.0 ] },
                "west": { "texture": "#1", "uv": [ 4.0, 11.0, 4.5, 12.0 ] },
                "up": { "texture": "#1", "uv": [ 4.0, 11.0, 5.0, 11.5 ] },
                "down": { "texture": "#1", "uv": [ 4.0, 11.5, 5.0, 12.0 ], "cullface": "down" }
            }
        },
        {
            "name": "Element",
            "from": [ 10.5, -7.0, 13.0 ], 
            "to": [ 12.5, -6.0, 14.5 ], 
            "faces": {
                "north": { "texture": "#1", "uv": [ 3.5, 11.0, 5.5, 12.0 ] },
                "east": { "texture": "#1", "uv": [ 5.0, 11.0, 5.5, 12.0 ] },
                "south": { "texture": "#1", "uv": [ 3.5, 11.0, 5.5, 12.0 ] },
                "west": { "texture": "#1", "uv": [ 3.5, 11.0, 4.0, 12.0 ] },
                "up": { "texture": "#1", "uv": [ 3.5, 11.0, 5.5, 11.5 ] },
                "down": { "texture": "#1", "uv": [ 3.5, 11.5, 5.5, 12.0 ], "cullface": "down" }
            }
        },
        {
            "name": "Element",
            "from": [ 11.0, -7.5, 13.0 ], 
            "to": [ 12.0, -5.5, 14.5 ], 
            "faces": {
                "north": { "texture": "#1", "uv": [ 4.0, 10.5, 5.0, 12.5 ] },
                "east": { "texture": "#1", "uv": [ 4.5, 10.5, 5.0, 12.5 ] },
                "south": { "texture": "#1", "uv": [ 4.0, 10.5, 5.0, 12.5 ] },
                "west": { "texture": "#1", "uv": [ 4.0, 10.5, 4.5, 12.5 ] },
                "up": { "texture": "#1", "uv": [ 4.0, 10.5, 5.0, 11.0 ] },
                "down": { "texture": "#1", "uv": [ 4.0, 12.0, 5.0, 12.5 ], "cullface": "down" }
            }
        },
        {
            "name": "Element",
            "from": [ 11.0, -7.0, 14.0 ], 
            "to": [ 12.0, -6.0, 14.5 ], 
            "faces": {
                "east": { "texture": "#1", "uv": [ 4.5, 11.0, 5.0, 12.0 ] },
                "south": { "texture": "#1", "uv": [ 4.0, 11.0, 5.0, 12.0 ] },
                "west": { "texture": "#1", "uv": [ 4.0, 11.0, 4.5, 12.0 ] },
                "up": { "texture": "#1", "uv": [ 4.0, 11.0, 5.0, 11.5 ] },
                "down": { "texture": "#1", "uv": [ 4.0, 11.5, 5.0, 12.0 ], "cullface": "down" }
            }
        },
        {
            "name": "Element",
            "from": [ 7.5, -6.0, 12.5 ], 
            "to": [ 8.5, -5.5, 13.5 ], 
            "faces": {
                "north": { "texture": "#1", "uv": [ 7.5, 10.5, 8.5, 11.0 ] },
                "east": { "texture": "#1", "uv": [ 8.5, 10.5, 8.0, 11.0 ] },
                "south": { "texture": "#1", "uv": [ 7.5, 11.0, 8.5, 10.5 ] },
                "west": { "texture": "#1", "uv": [ 7.5, 10.5, 8.0, 11.0 ] },
                "up": { "texture": "#1", "uv": [ 7.5, 10.5, 8.5, 11.0 ] }
            }
        },
        {
            "name": "Element",
            "from": [ 6.0, -7.0, 12.5 ], 
            "to": [ 10.0, -5.5, 13.0 ], 
            "faces": {
                "north": { "texture": "#1", "uv": [ 6.0, 10.5, 10.0, 12.0 ] },
                "east": { "texture": "#1", "uv": [ 12.5, 10.5, 13.0, 12.0 ] },
                "south": { "texture": "#1", "uv": [ 6.0, 10.5, 10.0, 12.0 ] },
                "west": { "texture": "#1", "uv": [ 12.5, 10.5, 13.0, 12.0 ] },
                "up": { "texture": "#1", "uv": [ 6.0, 12.5, 10.0, 13.0 ] },
                "down": { "texture": "#1", "uv": [ 6.0, 12.5, 10.0, 13.0 ], "cullface": "down" }
            }
        },
        {
            "name": "Element",
            "from": [ 4.0, -10.0, 12.5 ], 
            "to": [ 12.0, -6.0, 13.5 ], 
            "faces": {
                "north": { "texture": "#1", "uv": [ 4.0, 11.0, 12.0, 15.0 ] },
                "east": { "texture": "#1", "uv": [ 11.5, 11.0, 12.0, 15.0 ] },
                "south": { "texture": "#1", "uv": [ 4.0, 11.0, 12.0, 15.0 ] },
                "west": { "texture": "#1", "uv": [ 4.0, 11.0, 4.5, 15.0 ] },
                "up": { "texture": "#1", "uv": [ 4.0, 11.0, 12.0, 11.5 ] },
                "down": { "texture": "#1", "uv": [ 4.0, 14.5, 12.0, 15.0 ], "cullface": "down" }
            }
        },
        {
            "name": "Element",
            "from": [ 6.0, -6.0, 12.5 ], 
            "to": [ 6.5, -5.5, 13.5 ], 
            "faces": {
                "north": { "texture": "#1", "uv": [ 7.5, 10.5, 8.5, 11.0 ] },
                "east": { "texture": "#1", "uv": [ 8.5, 10.5, 8.0, 11.0 ] },
                "south": { "texture": "#1", "uv": [ 7.5, 11.0, 8.5, 10.5 ] },
                "west": { "texture": "#1", "uv": [ 7.5, 10.5, 8.0, 11.0 ] },
                "up": { "texture": "#1", "uv": [ 7.5, 10.5, 8.5, 11.0 ] }
            }
        },
        {
            "name": "Element",
            "from": [ 9.5, -6.0, 12.5 ], 
            "to": [ 10.0, -5.5, 13.5 ], 
            "faces": {
                "north": { "texture": "#1", "uv": [ 7.5, 10.5, 8.5, 11.0 ] },
                "east": { "texture": "#1", "uv": [ 8.5, 10.5, 8.0, 11.0 ] },
                "south": { "texture": "#1", "uv": [ 7.5, 11.0, 8.5, 10.5 ] },
                "west": { "texture": "#1", "uv": [ 7.5, 10.5, 8.0, 11.0 ] },
                "up": { "texture": "#1", "uv": [ 7.5, 10.5, 8.5, 11.0 ] }
            }
        },
        {
            "name": "Element",
            "from": [ 10.0, -8.0, 13.0 ], 
            "to": [ 12.0, -5.5, 14.0 ], 
            "faces": {
                "north": { "texture": "#1", "uv": [ 10.0, 10.5, 12.0, 13.0 ] },
                "east": { "texture": "#1", "uv": [ 11.5, 10.5, 12.0, 13.0 ] },
                "south": { "texture": "#1", "uv": [ 10.0, 10.5, 12.0, 13.0 ] },
                "west": { "texture": "#1", "uv": [ 10.0, 10.5, 10.5, 13.0 ] },
                "up": { "texture": "#1", "uv": [ 10.0, 10.5, 12.0, 11.0 ] },
                "down": { "texture": "#1", "uv": [ 10.0, 12.5, 12.0, 13.0 ], "cullface": "down" }
            }
        },
        {
            "name": "Element",
            "from": [ 7.0, -8.0, 13.5 ], 
            "to": [ 9.0, -6.5, 14.5 ], 
            "faces": {
                "east": { "texture": "#1", "uv": [ 8.5, 11.5, 9.0, 13.0 ] },
                "south": { "texture": "#1", "uv": [ 7.0, 11.5, 9.0, 13.0 ] },
                "west": { "texture": "#1", "uv": [ 7.0, 11.5, 7.5, 13.0 ] },
                "up": { "texture": "#1", "uv": [ 7.0, 11.5, 9.0, 12.0 ] }
            }
        },
        {
            "name": "Element",
            "from": [ 9.5, -7.5, 13.0 ], 
            "to": [ 10.0, -7.0, 14.0 ], 
            "faces": {
                "north": { "texture": "#1", "uv": [ 9.5, 12.0, 10.0, 12.5 ] },
                "south": { "texture": "#1", "uv": [ 9.5, 12.5, 10.0, 12.0 ] },
                "west": { "texture": "#1", "uv": [ 9.5, 12.0, 10.0, 12.5 ] },
                "up": { "texture": "#1", "uv": [ 9.5, 12.0, 10.0, 12.5 ] }
            }
        },
        {
            "name": "Element",
            "from": [ 6.0, -7.5, 13.0 ], 
            "to": [ 6.5, -7.0, 14.0 ], 
            "faces": {
                "north": { "texture": "#1", "uv": [ 9.5, 12.0, 10.0, 12.5 ] },
                "east": { "texture": "#1", "uv": [ 10.0, 12.0, 9.5, 12.5 ] },
                "south": { "texture": "#1", "uv": [ 9.5, 12.5, 10.0, 12.0 ] },
                "up": { "texture": "#1", "uv": [ 9.5, 12.0, 10.0, 12.5 ] }
            }
        },
        {
            "name": "Element",
            "from": [ 7.5, -6.5, 13.0 ], 
            "to": [ 8.5, -6.0, 14.0 ], 
            "faces": {
                "east": { "texture": "#1", "uv": [ 8.5, 11.0, 8.0, 11.5 ] },
                "south": { "texture": "#1", "uv": [ 7.5, 11.5, 8.5, 11.0 ] },
                "west": { "texture": "#1", "uv": [ 7.5, 11.0, 8.0, 11.5 ] },
                "up": { "texture": "#1", "uv": [ 7.5, 11.0, 8.5, 11.5 ] },
                "down": { "texture": "#1", "uv": [ 7.5, 11.5, 8.5, 11.0 ], "cullface": "down" }
            }
        },
        {
            "name": "Element",
            "from": [ 5.0, -10.5, 13.0 ], 
            "to": [ 11.0, -7.5, 14.5 ], 
            "faces": {
                "north": { "texture": "#1", "uv": [ 5.0, 10.5, 11.0, 10.5 ] },
                "east": { "texture": "#1", "uv": [ 6.0, 8.5, 7.5, 11.5 ] },
                "south": { "texture": "#1", "uv": [ 6.0, 9.5, 10.0, 10.5 ] },
                "west": { "texture": "#1", "uv": [ 7.5, 8.5, 9.0, 11.5 ] },
                "up": { "texture": "#1", "uv": [ 5.0, 12.5, 11.0, 13.0 ] },
                "down": { "texture": "#1", "uv": [ 5.0, 15.0, 11.0, 15.5 ], "cullface": "down" }
            }
        },
        {
            "name": "Element",
            "from": [ 7.0, -8.0, 13.5 ], 
            "to": [ 9.0, -7.5, 15.0 ], 
            "faces": {
                "east": { "texture": "#1", "uv": [ 9.0, 12.5, 8.5, 13.0 ] },
                "south": { "texture": "#1", "uv": [ 7.0, 13.0, 9.0, 12.5 ] },
                "west": { "texture": "#1", "uv": [ 7.0, 12.5, 7.5, 13.0 ] },
                "up": { "texture": "#1", "uv": [ 7.0, 12.5, 9.0, 13.0 ] }
            }
        },
        {
            "name": "Element",
            "from": [ 5.5, -10.5, 13.5 ], 
            "to": [ 10.5, -8.5, 15.0 ], 
            "faces": {
                "north": { "texture": "#1", "uv": [ 5.5, 13.5, 10.5, 15.5 ] },
                "east": { "texture": "#1", "uv": [ 10.0, 13.5, 11.5, 15.5 ] },
                "south": { "texture": "#1", "uv": [ 5.5, 13.5, 10.5, 15.5 ] },
                "west": { "texture": "#1", "uv": [ 4.5, 13.5, 6.0, 15.5 ] },
                "up": { "texture": "#1", "uv": [ 5.5, 13.5, 10.5, 14.0 ] },
                "down": { "texture": "#1", "uv": [ 5.5, 15.0, 10.5, 15.5 ], "cullface": "down" }
            }
        },
        {
            "name": "Element",
            "from": [ 3.5, -6.0, 13.0 ], 
            "to": [ 5.0, -4.5, 13.5 ], 
            "faces": {
                "north": { "texture": "#1", "uv": [ 3.5, 9.5, 5.0, 11.0 ] },
                "east": { "texture": "#1", "uv": [ 4.5, 9.5, 5.0, 11.0 ] },
                "south": { "texture": "#1", "uv": [ 3.5, 9.5, 5.0, 11.0 ] },
                "west": { "texture": "#1", "uv": [ 3.5, 9.5, 4.0, 11.0 ] },
                "up": { "texture": "#1", "uv": [ 3.5, 9.5, 5.0, 10.0 ] }
            }
        },
        {
            "name": "Element",
            "from": [ 11.0, -6.0, 13.0 ], 
            "to": [ 12.5, -4.5, 13.5 ], 
            "faces": {
                "north": { "texture": "#1", "uv": [ 11.0, 9.5, 12.5, 11.0 ] },
                "east": { "texture": "#1", "uv": [ 12.0, 9.5, 12.5, 11.0 ] },
                "south": { "texture": "#1", "uv": [ 11.0, 9.5, 12.5, 11.0 ] },
                "west": { "texture": "#1", "uv": [ 11.0, 9.5, 11.5, 11.0 ] },
                "up": { "texture": "#1", "uv": [ 11.0, 9.5, 12.5, 10.0 ] }
            }
        },
        {
            "name": "Element",
            "from": [ 4.5, -9.5, 13.0 ], 
            "to": [ 11.5, -8.0, 14.0 ], 
            "faces": {
                "north": { "texture": "#1", "uv": [ 4.5, 13.0, 11.5, 14.5 ] },
                "east": { "texture": "#1", "uv": [ 11.0, 13.0, 12.0, 14.5 ] },
                "south": { "texture": "#1", "uv": [ 4.5, 13.0, 11.5, 14.5 ] },
                "west": { "texture": "#1", "uv": [ 4.0, 13.0, 5.0, 14.5 ] },
                "up": { "texture": "#1", "uv": [ 4.5, 13.0, 11.5, 13.5 ] },
                "down": { "texture": "#1", "uv": [ 4.5, 14.0, 11.5, 14.5 ], "cullface": "down" }
            }
        },
        {
            "name": "Element",
            "from": [ 3.5, -9.5, 11.5 ], 
            "to": [ 4.0, -4.0, 13.0 ], 
            "faces": {
                "north": { "texture": "#1", "uv": [ 3.0, 9.0, 3.5, 14.5 ] },
                "east": { "texture": "#1", "uv": [ 3.0, 9.0, 3.5, 14.5 ] },
                "south": { "texture": "#1", "uv": [ 3.0, 9.0, 3.5, 14.5 ] },
                "west": { "texture": "#1", "uv": [ 3.0, 9.0, 3.5, 14.5 ] },
                "up": { "texture": "#1", "uv": [ 3.0, 9.0, 3.5, 9.5 ] },
                "down": { "texture": "#1", "uv": [ 3.0, 14.0, 3.5, 14.5 ], "cullface": "down" }
            }
        },
        {
            "name": "Element",
            "from": [ 3.0, -9.0, 11.0 ], 
            "to": [ 3.5, -3.5, 12.5 ], 
            "faces": {
                "north": { "texture": "#1", "uv": [ 3.0, 9.0, 3.5, 14.5 ] },
                "east": { "texture": "#1", "uv": [ 3.0, 9.0, 3.5, 14.5 ] },
                "south": { "texture": "#1", "uv": [ 3.0, 9.0, 3.5, 14.5 ] },
                "west": { "texture": "#1", "uv": [ 3.0, 9.0, 3.5, 14.5 ] },
                "up": { "texture": "#1", "uv": [ 3.0, 9.0, 3.5, 9.5 ] },
                "down": { "texture": "#1", "uv": [ 3.0, 14.0, 3.5, 14.5 ], "cullface": "down" }
            }
        },
        {
            "name": "Element",
            "from": [ 12.0, -10.0, 11.5 ], 
            "to": [ 12.5, -4.5, 13.0 ], 
            "faces": {
                "north": { "texture": "#1", "uv": [ 3.0, 9.0, 3.5, 14.5 ] },
                "east": { "texture": "#1", "uv": [ 3.0, 9.0, 3.5, 14.5 ] },
                "south": { "texture": "#1", "uv": [ 3.0, 9.0, 3.5, 14.5 ] },
                "west": { "texture": "#1", "uv": [ 3.0, 9.0, 3.5, 14.5 ] },
                "up": { "texture": "#1", "uv": [ 3.0, 9.0, 3.5, 9.5 ] },
                "down": { "texture": "#1", "uv": [ 3.0, 14.0, 3.5, 14.5 ], "cullface": "down" }
            }
        },
        {
            "name": "Element",
            "from": [ 12.5, -9.5, 11.0 ], 
            "to": [ 13.0, -4.0, 12.5 ], 
            "faces": {
                "north": { "texture": "#1", "uv": [ 3.0, 9.0, 3.5, 14.5 ] },
                "east": { "texture": "#1", "uv": [ 3.0, 9.0, 3.5, 14.5 ] },
                "south": { "texture": "#1", "uv": [ 3.0, 9.0, 3.5, 14.5 ] },
                "west": { "texture": "#1", "uv": [ 3.0, 9.0, 3.5, 14.5 ] },
                "up": { "texture": "#1", "uv": [ 3.0, 9.0, 3.5, 9.5 ] },
                "down": { "texture": "#1", "uv": [ 3.0, 14.0, 3.5, 14.5 ], "cullface": "down" }
            }
        },
        {
            "name": "Element",
            "from": [ 12.5, -6.5, 12.5 ], 
            "to": [ 13.0, -4.5, 13.0 ], 
            "faces": {
                "east": { "texture": "#1", "uv": [ 12.5, 10.0, 13.0, 12.0 ] },
                "south": { "texture": "#1", "uv": [ 12.5, 10.0, 13.0, 12.0 ] },
                "up": { "texture": "#1", "uv": [ 12.5, 10.0, 13.0, 10.5 ] },
                "down": { "texture": "#1", "uv": [ 12.5, 11.5, 13.0, 12.0 ], "cullface": "down" }
            }
        },
        {
            "name": "Element",
            "from": [ 3.0, -6.0, 12.5 ], 
            "to": [ 3.5, -4.0, 13.0 ], 
            "faces": {
                "south": { "texture": "#1", "uv": [ 12.5, 10.0, 13.0, 12.0 ] },
                "west": { "texture": "#1", "uv": [ 12.5, 10.0, 13.0, 12.0 ] },
                "up": { "texture": "#1", "uv": [ 12.5, 10.0, 13.0, 10.5 ] },
                "down": { "texture": "#1", "uv": [ 12.5, 11.5, 13.0, 12.0 ], "cullface": "down" }
            }
        },
        {
            "name": "Element",
            "from": [ 2.5, -5.5, 11.0 ], 
            "to": [ 3.0, -4.0, 12.0 ], 
            "faces": {
                "north": { "texture": "#1", "uv": [ 3.0, 9.0, 3.5, 9.5 ] },
                "south": { "texture": "#1", "uv": [ 3.0, 9.5, 3.5, 9.0 ] },
                "west": { "texture": "#1", "uv": [ 3.0, 9.0, 3.5, 9.5 ] },
                "up": { "texture": "#1", "uv": [ 3.0, 9.0, 3.5, 9.5 ] },
                "down": { "texture": "#1", "uv": [ 3.0, 9.5, 3.5, 9.0 ], "cullface": "down" }
            }
        },
        {
            "name": "Element",
            "from": [ 2.5, -5.0, 11.5 ], 
            "to": [ 3.0, -3.5, 12.5 ], 
            "faces": {
                "north": { "texture": "#1", "uv": [ 3.0, 9.0, 3.5, 9.5 ] },
                "south": { "texture": "#1", "uv": [ 3.0, 9.5, 3.5, 9.0 ] },
                "west": { "texture": "#1", "uv": [ 3.0, 9.0, 3.5, 9.5 ] },
                "up": { "texture": "#1", "uv": [ 3.0, 9.0, 3.5, 9.5 ] },
                "down": { "texture": "#1", "uv": [ 3.0, 9.5, 3.5, 9.0 ], "cullface": "down" }
            }
        },
        {
            "name": "Element",
            "from": [ 13.0, -5.5, 11.0 ], 
            "to": [ 13.5, -4.0, 12.0 ], 
            "faces": {
                "north": { "texture": "#1", "uv": [ 3.0, 9.0, 3.5, 9.5 ] },
                "east": { "texture": "#1", "uv": [ 3.5, 9.0, 3.0, 9.5 ] },
                "south": { "texture": "#1", "uv": [ 3.0, 9.5, 3.5, 9.0 ] },
                "up": { "texture": "#1", "uv": [ 3.0, 9.0, 3.5, 9.5 ] },
                "down": { "texture": "#1", "uv": [ 3.0, 9.5, 3.5, 9.0 ], "cullface": "down" }
            }
        },
        {
            "name": "Element",
            "from": [ 13.0, -5.0, 11.5 ], 
            "to": [ 13.5, -3.5, 12.5 ], 
            "faces": {
                "north": { "texture": "#1", "uv": [ 3.0, 9.0, 3.5, 9.5 ] },
                "east": { "texture": "#1", "uv": [ 3.5, 9.0, 3.0, 9.5 ] },
                "south": { "texture": "#1", "uv": [ 3.0, 9.5, 3.5, 9.0 ] },
                "west": { "texture": "#1", "uv": [ 3.0, 9.0, 3.5, 9.5 ] },
                "up": { "texture": "#1", "uv": [ 3.0, 9.0, 3.5, 9.5 ] },
                "down": { "texture": "#1", "uv": [ 3.0, 9.5, 3.5, 9.0 ], "cullface": "down" }
            }
        },
        {
            "name": "Element",
            "from": [ 2.5, -3.5, 12.5 ], 
            "to": [ 4.0, -3.0, 13.5 ], 
            "faces": {
                "north": { "texture": "#1", "uv": [ 3.5, 7.5, 4.0, 8.0 ] },
                "east": { "texture": "#1", "uv": [ 4.0, 7.5, 3.5, 8.0 ] },
                "south": { "texture": "#1", "uv": [ 3.5, 8.0, 4.0, 7.5 ] },
                "up": { "texture": "#1", "uv": [ 3.5, 7.5, 4.0, 8.0 ] },
                "down": { "texture": "#1", "uv": [ 3.5, 8.0, 4.0, 7.5 ], "cullface": "down" }
            }
        },
        {
            "name": "Element",
            "from": [ 12.0, -3.5, 12.5 ], 
            "to": [ 13.5, -3.0, 13.5 ], 
            "faces": {
                "north": { "texture": "#1", "uv": [ 3.5, 7.5, 4.0, 8.0 ] },
                "south": { "texture": "#1", "uv": [ 3.5, 8.0, 4.0, 7.5 ] },
                "west": { "texture": "#1", "uv": [ 3.5, 7.5, 4.0, 8.0 ] },
                "up": { "texture": "#1", "uv": [ 3.5, 7.5, 4.0, 8.0 ] },
                "down": { "texture": "#1", "uv": [ 3.5, 8.0, 4.0, 7.5 ], "cullface": "down" }
            }
        },
        {
            "name": "Element",
            "from": [ 12.5, -4.0, 12.0 ], 
            "to": [ 13.0, -3.5, 13.0 ], 
            "faces": {
                "north": { "texture": "#1", "uv": [ 11.0, 8.0, 11.5, 8.5 ] },
                "east": { "texture": "#1", "uv": [ 11.5, 8.0, 11.0, 8.5 ] },
                "south": { "texture": "#1", "uv": [ 11.0, 8.5, 11.5, 8.0 ] },
                "up": { "texture": "#1", "uv": [ 11.0, 8.0, 11.5, 8.5 ] },
                "down": { "texture": "#1", "uv": [ 11.0, 8.5, 11.5, 8.0 ], "cullface": "down" }
            }
        },
        {
            "name": "Element",
            "from": [ 3.5, -8.0, 13.0 ], 
            "to": [ 4.0, -7.0, 13.5 ], 
            "faces": {
                "south": { "texture": "#1", "uv": [ 3.5, 12.0, 4.0, 13.0 ] },
                "west": { "texture": "#1", "uv": [ 3.5, 12.0, 4.0, 13.0 ] },
                "down": { "texture": "#1", "uv": [ 3.5, 12.5, 4.0, 13.0 ], "cullface": "down" }
            }
        },
        {
            "name": "Element",
            "from": [ 12.0, -8.0, 13.0 ], 
            "to": [ 12.5, -7.0, 13.5 ], 
            "faces": {
                "east": { "texture": "#1", "uv": [ 3.5, 12.0, 4.0, 13.0 ] },
                "south": { "texture": "#1", "uv": [ 3.5, 12.0, 4.0, 13.0 ] },
                "down": { "texture": "#1", "uv": [ 3.5, 12.5, 4.0, 13.0 ], "cullface": "down" }
            }
        },
        {
            "name": "Element",
            "from": [ 3.5, -8.5, 10.5 ], 
            "to": [ 12.5, -1.0, 11.0 ], 
            "faces": {
                "east": { "texture": "#1", "uv": [ 14.5, 7.5, 15.0, 15.0 ] },
                "south": { "texture": "#1", "uv": [ 14.5, 7.5, 15.0, 15.0 ] },
                "west": { "texture": "#1", "uv": [ 14.5, 7.5, 15.0, 15.0 ] },
                "up": { "texture": "#1", "uv": [ 14.5, 7.5, 15.0, 8.0 ] },
                "down": { "texture": "#1", "uv": [ 14.5, 14.5, 15.0, 15.0 ], "cullface": "down" }
            }
        },
        {
            "name": "Element",
            "from": [ 3.0, -6.5, 10.5 ], 
            "to": [ 13.0, -1.5, 11.0 ], 
            "faces": {
                "north": { "texture": "#1", "uv": [ 14.5, 8.0, 15.0, 13.0 ] },
                "east": { "texture": "#1", "uv": [ 14.5, 8.0, 15.0, 13.0 ] },
                "south": { "texture": "#1", "uv": [ 14.5, 8.0, 15.0, 13.0 ] },
                "west": { "texture": "#1", "uv": [ 14.5, 8.0, 15.0, 13.0 ] },
                "up": { "texture": "#1", "uv": [ 14.5, 8.5, 15.0, 9.0 ], "rotation": 180 },
                "down": { "texture": "#1", "uv": [ 14.5, 12.0, 15.0, 12.5 ], "rotation": 180, "cullface": "down" }
            }
        },
        {
            "name": "Element",
            "from": [ 3.5, -9.5, 11.0 ], 
            "to": [ 12.5, -8.5, 12.0 ], 
            "faces": {
                "north": { "texture": "#1", "uv": [ 14.5, 11.0, 15.0, 10.5 ] },
                "south": { "texture": "#1", "uv": [ 14.5, 10.5, 15.0, 11.0 ] },
                "west": { "texture": "#1", "uv": [ 15.0, 10.5, 14.5, 11.0 ] },
                "up": { "texture": "#1", "uv": [ 14.5, 10.5, 15.0, 11.0 ] },
                "down": { "texture": "#1", "uv": [ 14.5, 11.0, 15.0, 10.5 ], "cullface": "down" }
            }
        },
        {
            "name": "Element",
            "from": [ 4.0, -10.0, 11.5 ], 
            "to": [ 12.0, -9.5, 12.5 ], 
            "faces": {
                "north": { "texture": "#1", "uv": [ 14.5, 11.0, 15.0, 10.5 ] },
                "west": { "texture": "#1", "uv": [ 15.0, 10.5, 14.5, 11.0 ] },
                "up": { "texture": "#1", "uv": [ 14.5, 10.5, 15.0, 11.0 ] },
                "down": { "texture": "#1", "uv": [ 14.5, 11.0, 15.0, 10.5 ], "cullface": "down" }
            }
        },
        {
            "name": "Element",
            "from": [ 5.0, -10.5, 12.0 ], 
            "to": [ 11.0, -10.0, 13.0 ], 
            "faces": {
                "north": { "texture": "#1", "uv": [ 14.5, 11.0, 15.0, 10.5 ] },
                "east": { "texture": "#1", "uv": [ 14.5, 10.5, 15.0, 11.0 ] },
                "west": { "texture": "#1", "uv": [ 15.0, 10.5, 14.5, 11.0 ] },
                "up": { "texture": "#1", "uv": [ 14.5, 10.5, 15.0, 11.0 ] },
                "down": { "texture": "#1", "uv": [ 14.5, 11.0, 15.0, 10.5 ], "cullface": "down" }
            }
        },
        {
            "name": "Element",
            "from": [ 10.0, -11.5, 0.0 ], 
            "to": [ 12.0, -7.5, 2.0 ], 
            "rotation": { "origin": [ 10.0, -7.5, 0.0 ], "axis": "x", "angle": 22.5 },
            "faces": {
                "north": { "texture": "#0", "uv": [ 14.0, 12.0, 16.0, 16.0 ] },
                "east": { "texture": "#0", "uv": [ 14.0, 12.0, 16.0, 16.0 ] },
                "south": { "texture": "#0", "uv": [ 14.0, 12.0, 16.0, 16.0 ] },
                "west": { "texture": "#0", "uv": [ 14.0, 12.0, 16.0, 16.0 ] },
                "up": { "texture": "#0", "uv": [ 14.0, 12.0, 16.0, 14.0 ] },
                "down": { "texture": "#0", "uv": [ 14.0, 15.5, 16.0, 16.0 ], "cullface": "down" }
            }
        },
        {
            "name": "Element",
            "from": [ 11.0, -12.5, 7.5 ], 
            "to": [ 13.0, -8.5, 9.5 ], 
            "rotation": { "origin": [ 11.0, -8.5, 7.5 ], "axis": "x", "angle": -22.5 },
            "faces": {
                "north": { "texture": "#0", "uv": [ 14.0, 12.0, 16.0, 16.0 ] },
                "east": { "texture": "#0", "uv": [ 14.0, 12.0, 16.0, 16.0 ] },
                "south": { "texture": "#0", "uv": [ 14.0, 12.0, 16.0, 16.0 ] },
                "west": { "texture": "#0", "uv": [ 14.0, 12.0, 16.0, 16.0 ] },
                "up": { "texture": "#0", "uv": [ 14.0, 12.0, 16.0, 14.0 ] },
                "down": { "texture": "#0", "uv": [ 14.0, 15.5, 16.0, 16.0 ], "cullface": "down" }
            }
        },
        {
            "name": "Element",
            "from": [ 4.5, -10.0, -0.5 ], 
            "to": [ 11.5, -2.0, 1.5 ], 
            "faces": {
                "north": { "texture": "#0", "uv": [ 1.5, 8.0, 8.5, 16.0 ], "cullface": "north" },
                "east": { "texture": "#0", "uv": [ 11.0, 2.0, 9.0, 10.0 ] },
                "west": { "texture": "#0", "uv": [ 9.0, 2.0, 11.0, 10.0 ] },
                "up": { "texture": "#0", "uv": [ 1.0, 7.0, 8.0, 9.0 ] },
                "down": { "texture": "#0", "uv": [ 1.0, 14.0, 8.0, 16.0 ] }
            }
        },
        {
            "name": "Element",
            "from": [ 3.0, -12.5, 7.5 ], 
            "to": [ 5.0, -8.5, 9.5 ], 
            "faces": {
                "north": { "texture": "#0", "uv": [ 12.0, 12.0, 14.0, 16.0 ] },
                "east": { "texture": "#0", "uv": [ 12.0, 12.0, 14.0, 16.0 ] },
                "south": { "texture": "#0", "uv": [ 12.0, 12.0, 14.0, 16.0 ] },
                "west": { "texture": "#0", "uv": [ 12.0, 12.0, 14.0, 16.0 ] },
                "up": { "texture": "#0", "uv": [ 12.0, 12.0, 14.0, 14.0 ] },
                "down": { "texture": "#0", "uv": [ 12.0, 15.5, 14.0, 16.0 ], "cullface": "down" }
            }
        },
        {
            "name": "Element",
            "from": [ 11.0, -12.5, 7.5 ], 
            "to": [ 13.0, -8.5, 9.5 ], 
            "faces": {
                "north": { "texture": "#0", "uv": [ 12.0, 12.0, 14.0, 16.0 ] },
                "east": { "texture": "#0", "uv": [ 12.0, 12.0, 14.0, 16.0 ] },
                "south": { "texture": "#0", "uv": [ 12.0, 12.0, 14.0, 16.0 ] },
                "west": { "texture": "#0", "uv": [ 12.0, 12.0, 14.0, 16.0 ] },
                "up": { "texture": "#0", "uv": [ 12.0, 12.0, 14.0, 14.0 ] },
                "down": { "texture": "#0", "uv": [ 12.0, 15.5, 14.0, 16.0 ], "cullface": "down" }
            }
        },
        {
            "name": "Element",
            "from": [ 4.0, -12.0, 0.0 ], 
            "to": [ 6.0, -8.0, 2.0 ], 
            "faces": {
                "north": { "texture": "#0", "uv": [ 12.0, 12.0, 14.0, 16.0 ] },
                "east": { "texture": "#0", "uv": [ 12.0, 12.0, 14.0, 16.0 ] },
                "south": { "texture": "#0", "uv": [ 12.0, 12.0, 14.0, 16.0 ] },
                "west": { "texture": "#0", "uv": [ 12.0, 12.0, 14.0, 16.0 ] },
                "up": { "texture": "#0", "uv": [ 12.0, 12.0, 14.0, 14.0 ] },
                "down": { "texture": "#0", "uv": [ 12.0, 15.5, 14.0, 16.0 ], "cullface": "down" }
            }
        },
        {
            "name": "Element",
            "from": [ 10.0, -12.0, 0.0 ], 
            "to": [ 12.0, -8.0, 2.0 ], 
            "faces": {
                "north": { "texture": "#0", "uv": [ 12.0, 12.0, 14.0, 16.0 ] },
                "east": { "texture": "#0", "uv": [ 12.0, 12.0, 14.0, 16.0 ] },
                "south": { "texture": "#0", "uv": [ 12.0, 12.0, 14.0, 16.0 ] },
                "west": { "texture": "#0", "uv": [ 12.0, 12.0, 14.0, 16.0 ] },
                "up": { "texture": "#0", "uv": [ 12.0, 12.0, 14.0, 14.0 ] },
                "down": { "texture": "#0", "uv": [ 12.0, 15.5, 14.0, 16.0 ], "cullface": "down" }
            }
        },
        {
            "name": "Element",
            "from": [ 7.5, -9.0625, 15.0 ], 
            "to": [ 9.0, -9.0, 16.0 ], 
            "faces": {
                "up": { "texture": "#0", "uv": [ 12.5, 0.0, 14.0, 1.0 ] },
                "down": { "texture": "#0", "uv": [ 14.0, 1.0, 12.5, 0.0 ], "cullface": "down" }
            }
        },
        {
            "name": "Element",
            "from": [ 7.5, -9.0625, 15.0 ], 
            "to": [ 9.0, -9.0, 16.0 ], 
            "rotation": { "origin": [ 7.5, -9.0, 15.0 ], "axis": "x", "angle": 22.5 },
            "faces": {
                "up": { "texture": "#0", "uv": [ 11.0, 0.0, 12.5, 1.0 ] },
                "down": { "texture": "#0", "uv": [ 12.5, 1.0, 11.0, 0.0 ], "cullface": "down" }
            }
        },
        {
            "name": "Cube",
            "from": [ 2.899999998509884, -1.5000000074505806, 13.49999999254942 ], 
            "to": [ 3.199999988079071, -1.2000000178813934, 13.69999998062849 ], 
            "faces": {
                "north": { "texture": "#1", "uv": [ 5.0, 7.0, 5.299999989569187, 7.299999989569187 ] },
                "east": { "texture": "#1", "uv": [ 5.0, 7.0, 5.199999988079071, 7.299999989569187 ] },
                "south": { "texture": "#1", "uv": [ 5.0, 7.0, 5.299999989569187, 7.299999989569187 ] },
                "west": { "texture": "#1", "uv": [ 5.0, 7.0, 5.199999988079071, 7.299999989569187 ] },
                "up": { "texture": "#1", "uv": [ 5.0, 7.0, 5.299999989569187, 7.199999988079071 ] },
                "down": { "texture": "#1", "uv": [ 5.0, 7.0, 5.299999989569187, 7.199999988079071 ] }
            }
        },
        {
            "name": "Cube",
            "from": [ 3.0, -1.2000000029802322, 13.49999999254942 ], 
            "to": [ 3.299999989569187, -0.9000000134110451, 13.69999998062849 ], 
            "faces": {
                "north": { "texture": "#1", "uv": [ 5.0, 7.0, 5.299999989569187, 7.299999989569187 ] },
                "east": { "texture": "#1", "uv": [ 5.0, 7.0, 5.199999988079071, 7.299999989569187 ] },
                "south": { "texture": "#1", "uv": [ 5.0, 7.0, 5.299999989569187, 7.299999989569187 ] },
                "west": { "texture": "#1", "uv": [ 5.0, 7.0, 5.199999988079071, 7.299999989569187 ] },
                "up": { "texture": "#1", "uv": [ 5.0, 7.0, 5.299999989569187, 7.199999988079071 ] },
                "down": { "texture": "#1", "uv": [ 5.0, 7.0, 5.299999989569187, 7.199999988079071 ] }
            }
        },
        {
            "name": "Cube",
            "from": [ 3.100000001490116, -0.8999999985098839, 13.49999999254942 ], 
            "to": [ 3.3999999910593033, -0.6000000089406967, 13.69999998062849 ], 
            "faces": {
                "north": { "texture": "#1", "uv": [ 5.0, 7.0, 5.299999989569187, 7.299999989569187 ] },
                "east": { "texture": "#1", "uv": [ 5.0, 7.0, 5.199999988079071, 7.299999989569187 ] },
                "south": { "texture": "#1", "uv": [ 5.0, 7.0, 5.299999989569187, 7.299999989569187 ] },
                "west": { "texture": "#1", "uv": [ 5.0, 7.0, 5.199999988079071, 7.299999989569187 ] },
                "up": { "texture": "#1", "uv": [ 5.0, 7.0, 5.299999989569187, 7.199999988079071 ] },
                "down": { "texture": "#1", "uv": [ 5.0, 7.0, 5.299999989569187, 7.199999988079071 ] }
            }
        },
        {
            "name": "Cube",
            "from": [ 3.3000000044703484, -0.5999999940395355, 13.49999999254942 ], 
            "to": [ 3.5999999940395355, -0.20000000298023224, 13.69999998062849 ], 
            "faces": {
                "north": { "texture": "#1", "uv": [ 5.0, 7.0, 5.299999989569187, 7.399999991059303 ] },
                "east": { "texture": "#1", "uv": [ 5.0, 7.0, 5.199999988079071, 7.399999991059303 ] },
                "south": { "texture": "#1", "uv": [ 5.0, 7.0, 5.299999989569187, 7.399999991059303 ] },
                "west": { "texture": "#1", "uv": [ 5.0, 7.0, 5.199999988079071, 7.399999991059303 ] },
                "up": { "texture": "#1", "uv": [ 5.0, 7.0, 5.299999989569187, 7.199999988079071 ] },
                "down": { "texture": "#1", "uv": [ 5.0, 7.0, 5.299999989569187, 7.199999988079071 ] }
            }
        },
        {
            "name": "Cube",
            "from": [ 3.5000000074505806, -0.8999999985098839, 13.49999999254942 ], 
            "to": [ 3.7999999970197678, -0.6000000089406967, 13.69999998062849 ], 
            "faces": {
                "north": { "texture": "#1", "uv": [ 5.0, 7.0, 5.299999989569187, 7.299999989569187 ] },
                "east": { "texture": "#1", "uv": [ 5.0, 7.0, 5.199999988079071, 7.299999989569187 ] },
                "south": { "texture": "#1", "uv": [ 5.0, 7.0, 5.299999989569187, 7.299999989569187 ] },
                "west": { "texture": "#1", "uv": [ 5.0, 7.0, 5.199999988079071, 7.299999989569187 ] },
                "up": { "texture": "#1", "uv": [ 5.0, 7.0, 5.299999989569187, 7.199999988079071 ] },
                "down": { "texture": "#1", "uv": [ 5.0, 7.0, 5.299999989569187, 7.199999988079071 ] }
            }
        },
        {
            "name": "Cube",
            "from": [ 3.6000000089406967, -1.2000000029802322, 13.49999999254942 ], 
            "to": [ 3.899999998509884, -0.9000000134110451, 13.69999998062849 ], 
            "faces": {
                "north": { "texture": "#1", "uv": [ 5.0, 7.0, 5.299999989569187, 7.299999989569187 ] },
                "east": { "texture": "#1", "uv": [ 5.0, 7.0, 5.199999988079071, 7.299999989569187 ] },
                "south": { "texture": "#1", "uv": [ 5.0, 7.0, 5.299999989569187, 7.299999989569187 ] },
                "west": { "texture": "#1", "uv": [ 5.0, 7.0, 5.199999988079071, 7.299999989569187 ] },
                "up": { "texture": "#1", "uv": [ 5.0, 7.0, 5.299999989569187, 7.199999988079071 ] },
                "down": { "texture": "#1", "uv": [ 5.0, 7.0, 5.299999989569187, 7.199999988079071 ] }
            }
        },
        {
            "name": "Cube",
            "from": [ 3.700000010430813, -1.5000000074505806, 13.49999999254942 ], 
            "to": [ 4.0, -1.2000000178813934, 13.69999998062849 ], 
            "faces": {
                "north": { "texture": "#1", "uv": [ 5.0, 7.0, 5.299999989569187, 7.299999989569187 ] },
                "east": { "texture": "#1", "uv": [ 5.0, 7.0, 5.199999988079071, 7.299999989569187 ] },
                "south": { "texture": "#1", "uv": [ 5.0, 7.0, 5.299999989569187, 7.299999989569187 ] },
                "west": { "texture": "#1", "uv": [ 5.0, 7.0, 5.199999988079071, 7.299999989569187 ] },
                "up": { "texture": "#1", "uv": [ 5.0, 7.0, 5.299999989569187, 7.199999988079071 ] },
                "down": { "texture": "#1", "uv": [ 5.0, 7.0, 5.299999989569187, 7.199999988079071 ] }
            }
        },
        {
            "name": "Cube",
            "from": [ 12.699999995529652, -1.5000000074505806, 13.49999999254942 ], 
            "to": [ 12.999999985098839, -1.2000000178813934, 13.69999998062849 ], 
            "faces": {
                "north": { "texture": "#1", "uv": [ 5.0, 7.0, 5.299999989569187, 7.299999989569187 ] },
                "east": { "texture": "#1", "uv": [ 5.0, 7.0, 5.199999988079071, 7.299999989569187 ] },
                "south": { "texture": "#1", "uv": [ 5.0, 7.0, 5.299999989569187, 7.299999989569187 ] },
                "west": { "texture": "#1", "uv": [ 5.0, 7.0, 5.199999988079071, 7.299999989569187 ] },
                "up": { "texture": "#1", "uv": [ 5.0, 7.0, 5.299999989569187, 7.199999988079071 ] },
                "down": { "texture": "#1", "uv": [ 5.0, 7.0, 5.299999989569187, 7.199999988079071 ] }
            }
        },
        {
            "name": "Cube",
            "from": [ 12.599999994039536, -1.2000000029802322, 13.49999999254942 ], 
            "to": [ 12.899999983608723, -0.9000000134110451, 13.69999998062849 ], 
            "faces": {
                "north": { "texture": "#1", "uv": [ 5.0, 7.0, 5.299999989569187, 7.299999989569187 ] },
                "east": { "texture": "#1", "uv": [ 5.0, 7.0, 5.199999988079071, 7.299999989569187 ] },
                "south": { "texture": "#1", "uv": [ 5.0, 7.0, 5.299999989569187, 7.299999989569187 ] },
                "west": { "texture": "#1", "uv": [ 5.0, 7.0, 5.199999988079071, 7.299999989569187 ] },
                "up": { "texture": "#1", "uv": [ 5.0, 7.0, 5.299999989569187, 7.199999988079071 ] },
                "down": { "texture": "#1", "uv": [ 5.0, 7.0, 5.299999989569187, 7.199999988079071 ] }
            }
        },
        {
            "name": "Cube",
            "from": [ 12.50000000745058, -0.8999999985098839, 13.49999999254942 ], 
            "to": [ 12.799999997019768, -0.6000000089406967, 13.69999998062849 ], 
            "faces": {
                "north": { "texture": "#1", "uv": [ 5.0, 7.0, 5.299999989569187, 7.299999989569187 ] },
                "east": { "texture": "#1", "uv": [ 5.0, 7.0, 5.199999988079071, 7.299999989569187 ] },
                "south": { "texture": "#1", "uv": [ 5.0, 7.0, 5.299999989569187, 7.299999989569187 ] },
                "west": { "texture": "#1", "uv": [ 5.0, 7.0, 5.199999988079071, 7.299999989569187 ] },
                "up": { "texture": "#1", "uv": [ 5.0, 7.0, 5.299999989569187, 7.199999988079071 ] },
                "down": { "texture": "#1", "uv": [ 5.0, 7.0, 5.299999989569187, 7.199999988079071 ] }
            }
        },
        {
            "name": "Cube",
            "from": [ 12.300000004470348, -0.5999999940395355, 13.49999999254942 ], 
            "to": [ 12.599999994039536, -0.20000000298023224, 13.69999998062849 ], 
            "faces": {
                "north": { "texture": "#1", "uv": [ 5.0, 7.0, 5.299999989569187, 7.399999991059303 ] },
                "east": { "texture": "#1", "uv": [ 5.0, 7.0, 5.199999988079071, 7.399999991059303 ] },
                "south": { "texture": "#1", "uv": [ 5.0, 7.0, 5.299999989569187, 7.399999991059303 ] },
                "west": { "texture": "#1", "uv": [ 5.0, 7.0, 5.199999988079071, 7.399999991059303 ] },
                "up": { "texture": "#1", "uv": [ 5.0, 7.0, 5.299999989569187, 7.199999988079071 ] },
                "down": { "texture": "#1", "uv": [ 5.0, 7.0, 5.299999989569187, 7.199999988079071 ] }
            }
        },
        {
            "name": "Cube",
            "from": [ 12.100000001490116, -0.8999999985098839, 13.49999999254942 ], 
            "to": [ 12.399999991059303, -0.6000000089406967, 13.69999998062849 ], 
            "faces": {
                "north": { "texture": "#1", "uv": [ 5.0, 7.0, 5.299999989569187, 7.299999989569187 ] },
                "east": { "texture": "#1", "uv": [ 5.0, 7.0, 5.199999988079071, 7.299999989569187 ] },
                "south": { "texture": "#1", "uv": [ 5.0, 7.0, 5.299999989569187, 7.299999989569187 ] },
                "west": { "texture": "#1", "uv": [ 5.0, 7.0, 5.199999988079071, 7.299999989569187 ] },
                "up": { "texture": "#1", "uv": [ 5.0, 7.0, 5.299999989569187, 7.199999988079071 ] },
                "down": { "texture": "#1", "uv": [ 5.0, 7.0, 5.299999989569187, 7.199999988079071 ] }
            }
        },
        {
            "name": "Cube",
            "from": [ 11.999999985098839, -1.2000000029802322, 13.49999999254942 ], 
            "to": [ 12.299999974668026, -0.9000000134110451, 13.69999998062849 ], 
            "faces": {
                "north": { "texture": "#1", "uv": [ 5.0, 7.0, 5.299999989569187, 7.299999989569187 ] },
                "east": { "texture": "#1", "uv": [ 5.0, 7.0, 5.199999988079071, 7.299999989569187 ] },
                "south": { "texture": "#1", "uv": [ 5.0, 7.0, 5.299999989569187, 7.299999989569187 ] },
                "west": { "texture": "#1", "uv": [ 5.0, 7.0, 5.199999988079071, 7.299999989569187 ] },
                "up": { "texture": "#1", "uv": [ 5.0, 7.0, 5.299999989569187, 7.199999988079071 ] },
                "down": { "texture": "#1", "uv": [ 5.0, 7.0, 5.299999989569187, 7.199999988079071 ] }
            }
        },
        {
            "name": "Cube",
            "from": [ 11.899999983608723, -1.5000000074505806, 13.49999999254942 ], 
            "to": [ 12.19999997317791, -1.2000000178813934, 13.69999998062849 ], 
            "faces": {
                "north": { "texture": "#1", "uv": [ 5.0, 7.0, 5.299999989569187, 7.299999989569187 ] },
                "east": { "texture": "#1", "uv": [ 5.0, 7.0, 5.199999988079071, 7.299999989569187 ] },
                "south": { "texture": "#1", "uv": [ 5.0, 7.0, 5.299999989569187, 7.299999989569187 ] },
                "west": { "texture": "#1", "uv": [ 5.0, 7.0, 5.199999988079071, 7.299999989569187 ] },
                "up": { "texture": "#1", "uv": [ 5.0, 7.0, 5.299999989569187, 7.199999988079071 ] },
                "down": { "texture": "#1", "uv": [ 5.0, 7.0, 5.299999989569187, 7.199999988079071 ] }
            }
        },
        {
            "name": "Cube",
            "from": [ 12.300000004470348, -1.5000000074505806, 13.399999991059303 ], 
            "to": [ 12.599999994039536, -0.6000000089406967, 13.599999979138374 ], 
            "faces": {
                "north": { "texture": "#1", "uv": [ 3.0, 8.0, 3.299999989569187, 7.899999998509884 ] },
                "east": { "texture": "#1", "uv": [ 3.0, 8.0, 3.199999988079071, 7.899999998509884 ] },
                "south": { "texture": "#1", "uv": [ 4.0, 8.0, 4.299999989569187, 7.899999998509884 ] },
                "west": { "texture": "#1", "uv": [ 4.0, 8.0, 4.199999988079071, 7.899999998509884 ] },
                "up": { "texture": "#1", "uv": [ 3.0, 8.0, 3.299999989569187, 8.199999988079071 ] },
                "down": { "texture": "#1", "uv": [ 4.0, 8.0, 4.299999989569187, 8.199999988079071 ] }
            }
        },
        {
            "name": "Cube",
            "from": [ 12.600000008940697, -1.5000000074505806, 13.399999991059303 ], 
            "to": [ 12.799999997019768, -1.0000000149011612, 13.599999979138374 ], 
            "faces": {
                "north": { "texture": "#1", "uv": [ 3.0, 8.0, 3.299999989569187, 7.899999998509884 ] },
                "east": { "texture": "#1", "uv": [ 3.0, 8.0, 3.199999988079071, 7.899999998509884 ] },
                "south": { "texture": "#1", "uv": [ 4.0, 8.0, 4.299999989569187, 7.899999998509884 ] },
                "west": { "texture": "#1", "uv": [ 4.0, 8.0, 4.199999988079071, 7.899999998509884 ] },
                "up": { "texture": "#1", "uv": [ 3.0, 8.0, 3.199999988079071, 8.199999988079071 ] },
                "down": { "texture": "#1", "uv": [ 4.0, 8.0, 4.199999988079071, 8.199999988079071 ] }
            }
        },
        {
            "name": "Cube",
            "from": [ 12.100000001490116, -1.5000000074505806, 13.399999991059303 ], 
            "to": [ 12.299999989569187, -1.0000000149011612, 13.599999979138374 ], 
            "faces": {
                "north": { "texture": "#1", "uv": [ 3.0, 8.0, 3.299999989569187, 7.899999998509884 ] },
                "east": { "texture": "#1", "uv": [ 3.0, 8.0, 3.199999988079071, 7.899999998509884 ] },
                "south": { "texture": "#1", "uv": [ 4.0, 8.0, 4.299999989569187, 7.899999998509884 ] },
                "west": { "texture": "#1", "uv": [ 4.0, 8.0, 4.199999988079071, 7.899999998509884 ] },
                "up": { "texture": "#1", "uv": [ 3.0, 8.0, 3.199999988079071, 8.199999988079071 ] },
                "down": { "texture": "#1", "uv": [ 4.0, 8.0, 4.199999988079071, 8.199999988079071 ] }
            }
        },
        {
            "name": "Cube",
            "from": [ 3.3000000044703484, -1.5000000074505806, 13.399999991059303 ], 
            "to": [ 3.5999999940395355, -0.6000000089406967, 13.599999979138374 ], 
            "faces": {
                "north": { "texture": "#1", "uv": [ 3.0, 8.0, 3.299999989569187, 7.899999998509884 ] },
                "east": { "texture": "#1", "uv": [ 3.0, 8.0, 3.199999988079071, 7.899999998509884 ] },
                "south": { "texture": "#1", "uv": [ 4.0, 8.0, 4.299999989569187, 7.899999998509884 ] },
                "west": { "texture": "#1", "uv": [ 4.0, 8.0, 4.199999988079071, 7.899999998509884 ] },
                "up": { "texture": "#1", "uv": [ 3.0, 8.0, 3.299999989569187, 8.199999988079071 ] },
                "down": { "texture": "#1", "uv": [ 4.0, 8.0, 4.299999989569187, 8.199999988079071 ] }
            }
        },
        {
            "name": "Cube",
            "from": [ 3.100000001490116, -1.5000000074505806, 13.399999991059303 ], 
            "to": [ 3.299999989569187, -1.0000000149011612, 13.599999979138374 ], 
            "faces": {
                "north": { "texture": "#1", "uv": [ 3.0, 8.0, 3.299999989569187, 7.899999998509884 ] },
                "east": { "texture": "#1", "uv": [ 3.0, 8.0, 3.199999988079071, 7.899999998509884 ] },
                "south": { "texture": "#1", "uv": [ 4.0, 8.0, 4.299999989569187, 7.899999998509884 ] },
                "west": { "texture": "#1", "uv": [ 4.0, 8.0, 4.199999988079071, 7.899999998509884 ] },
                "up": { "texture": "#1", "uv": [ 3.0, 8.0, 3.199999988079071, 8.199999988079071 ] },
                "down": { "texture": "#1", "uv": [ 4.0, 8.0, 4.199999988079071, 8.199999988079071 ] }
            }
        },
        {
            "name": "Cube",
            "from": [ 3.6000000089406967, -1.5000000074505806, 13.399999991059303 ], 
            "to": [ 3.7999999970197678, -1.0000000149011612, 13.599999979138374 ], 
            "faces": {
                "north": { "texture": "#1", "uv": [ 3.0, 8.0, 3.299999989569187, 7.899999998509884 ] },
                "east": { "texture": "#1", "uv": [ 3.0, 8.0, 3.199999988079071, 7.899999998509884 ] },
                "south": { "texture": "#1", "uv": [ 4.0, 8.0, 4.299999989569187, 7.899999998509884 ] },
                "west": { "texture": "#1", "uv": [ 4.0, 8.0, 4.199999988079071, 7.899999998509884 ] },
                "up": { "texture": "#1", "uv": [ 3.0, 8.0, 3.199999988079071, 8.199999988079071 ] },
                "down": { "texture": "#1", "uv": [ 4.0, 8.0, 4.199999988079071, 8.199999988079071 ] }
            }
        },
        {
            "name": "Cube",
            "from": [ 5.600000008940697, -1.0, 10.000000014901161 ], 
            "to": [ 10.600000008940697, -0.800000011920929, 15.50000000745058 ], 
            "faces": {
                "north": { "texture": "#2", "uv": [ 1.0, 7.0, 6.0, 7.199999988079071 ] },
                "east": { "texture": "#2", "uv": [ 1.0, 7.0, 6.499999992549419, 7.199999988079071 ] },
                "south": { "texture": "#2", "uv": [ 1.0, 7.0, 6.0, 7.199999988079071 ] },
                "west": { "texture": "#2", "uv": [ 1.0, 7.0, 6.499999992549419, 7.199999988079071 ] },
                "up": { "texture": "#2", "uv": [ 1.0, 7.0, 6.0, 6.499999992549419 ] },
                "down": { "texture": "#2", "uv": [ 1.0, 7.0, 6.0, 6.499999992549419 ] }
            }
        },
        {
            "name": "Cube",
            "from": [ 5.899999998509884, -1.0, 10.0 ], 
            "to": [ 10.100000001490116, 1.4999999925494194, 14.300000004470348 ], 
            "faces": {
                "north": { "texture": "#2", "uv": [ 1.0, 4.0, 5.200000002980232, 4.499999992549419 ] },
                "east": { "texture": "#2", "uv": [ 1.0, 4.0, 5.300000004470348, 3.4999999925494194 ] },
                "south": { "texture": "#2", "uv": [ 1.0, 4.0, 5.200000002980232, 3.4999999925494194 ] },
                "west": { "texture": "#2", "uv": [ 1.0, 3.0, 5.300000004470348, 3.4999999925494194 ] },
                "up": { "texture": "#2", "uv": [ 1.0, 3.0, 5.200000002980232, 3.3000000044703484 ] },
                "down": { "texture": "#2", "uv": [ 2.0, 4.0, 6.200000002980232, 4.300000004470348 ] }
            }
        },
        {
            "name": "Cube",
            "from": [ 7.600000008940697, -0.29999998956918716, 14.300000004470348 ], 
            "to": [ 8.400000005960464, 0.0, 14.49999999254942 ], 
            "faces": {
                "north": { "texture": "#2", "uv": [ 4.0, 13.0, 4.799999997019768, 13.299999989569187 ] },
                "east": { "texture": "#2", "uv": [ 5.0, 13.0, 5.199999988079071, 13.299999989569187 ] },
                "south": { "texture": "#2", "uv": [ 4.0, 13.0, 4.799999997019768, 13.299999989569187 ] },
                "west": { "texture": "#2", "uv": [ 4.0, 13.0, 4.199999988079071, 13.299999989569187 ] },
                "up": { "texture": "#2", "uv": [ 4.0, 13.0, 4.799999997019768, 13.199999988079071 ] },
                "down": { "texture": "#2", "uv": [ 4.0, 13.0, 4.799999997019768, 13.199999988079071 ] }
            }
        },
        {
            "name": "Cube",
            "from": [ 7.4000000059604645, 1.4901161193847656E-8, 14.300000004470348 ], 
            "to": [ 8.600000008940697, 0.30000000447034836, 14.49999999254942 ], 
            "faces": {
                "north": { "texture": "#2", "uv": [ 4.0, 13.0, 5.200000002980232, 13.299999989569187 ] },
                "east": { "texture": "#2", "uv": [ 5.0, 13.0, 5.199999988079071, 13.299999989569187 ] },
                "south": { "texture": "#2", "uv": [ 4.0, 13.0, 5.200000002980232, 13.299999989569187 ] },
                "west": { "texture": "#2", "uv": [ 4.0, 13.0, 4.199999988079071, 13.299999989569187 ] },
                "up": { "texture": "#2", "uv": [ 4.0, 13.0, 5.200000002980232, 13.199999988079071 ] },
                "down": { "texture": "#2", "uv": [ 4.0, 13.0, 5.200000002980232, 13.199999988079071 ] }
            }
        },
        {
            "name": "Cube",
            "from": [ 7.4000000059604645, 0.30000001937150955, 14.300000004470348 ], 
            "to": [ 7.699999995529652, 0.6000000089406967, 14.49999999254942 ], 
            "faces": {
                "north": { "texture": "#2", "uv": [ 3.0, 11.0, 3.299999989569187, 12.299999989569187 ] },
                "east": { "texture": "#2", "uv": [ 3.0, 11.0, 3.199999988079071, 12.299999989569187 ] },
                "south": { "texture": "#2", "uv": [ 3.0, 11.0, 3.299999989569187, 12.299999989569187 ] },
                "west": { "texture": "#2", "uv": [ 3.0, 11.0, 3.199999988079071, 12.299999989569187 ] },
                "up": { "texture": "#2", "uv": [ 3.0, 11.0, 3.299999989569187, 11.999999988079072 ] },
                "down": { "texture": "#2", "uv": [ 3.0, 11.0, 3.299999989569187, 12.199999988079071 ] }
            }
        },
        {
            "name": "Cube",
            "from": [ 8.30000001937151, 0.30000001937150955, 14.300000004470348 ], 
            "to": [ 8.600000008940697, 0.6000000089406967, 14.49999999254942 ], 
            "faces": {
                "north": { "texture": "#2", "uv": [ 3.0, 11.0, 3.299999989569187, 9.999999989569195 ] },
                "east": { "texture": "#2", "uv": [ 3.0, 11.0, 3.199999988079071, 12.299999989569187 ] },
                "south": { "texture": "#2", "uv": [ 3.0, 11.0, 3.299999989569187, 12.299999989569187 ] },
                "west": { "texture": "#2", "uv": [ 3.0, 11.0, 3.199999988079071, 12.299999989569187 ] },
                "up": { "texture": "#2", "uv": [ 3.0, 11.0, 3.299999989569187, 11.899999988079072 ] },
                "down": { "texture": "#2", "uv": [ 3.0, 11.0, 3.299999989569187, 12.199999988079071 ] }
            }
        },
        {
            "name": "Cube",
            "from": [ 7.699999995529652, 0.10000001639127731, 14.300000004470348 ], 
            "to": [ 8.299999989569187, 0.4000000059604645, 14.49999999254942 ], 
            "faces": {
                "north": { "texture": "#2", "uv": [ 3.0, 11.0, 3.299999989569187, 11.299999989569187 ] },
                "east": { "texture": "#2", "uv": [ 3.0, 11.0, 3.199999988079071, 11.299999989569187 ] },
                "south": { "texture": "#2", "uv": [ 3.0, 11.0, 3.299999989569187, 11.299999989569187 ] },
                "west": { "texture": "#2", "uv": [ 3.0, 11.0, 3.199999988079071, 11.299999989569187 ] },
                "up": { "texture": "#2", "uv": [ 3.0, 11.0, 3.299999989569187, 11.199999988079071 ] },
                "down": { "texture": "#2", "uv": [ 3.0, 11.0, 3.299999989569187, 11.199999988079071 ] }
    }
}
],
"display": {
    "head": {
        "rotation": [ 0, 180, 0 ],
        "translation": [ 0.2, -11.5, 0 ],
        "scale": [ 1, 1, 1 ]
    }
}
}