{
	"credit": "Made with Blockbench",
	"textures": {
		"0": "item/lasagna1",
		"1": "item/lasagna2",
		"particle": "item/lasagna1"
	},
	"elements": [
		{
			"from": [1, 3, -2],
			"to": [15, 5, 18],
			"faces": {
				"north": {"uv": [1, 8, 15, 10], "texture": "#0"},
				"east": {"uv": [0, 9, 16, 11], "texture": "#0"},
				"south": {"uv": [1, 8, 15, 10], "texture": "#0"},
				"west": {"uv": [0, 12, 16, 14], "texture": "#0"},
				"up": {"uv": [0, 0, 14, 16], "texture": "#missing"},
				"down": {"uv": [0, 0, 16, 14], "rotation": 90, "texture": "#0"}
			}
		},
		{
			"from": [2, 2, -1],
			"to": [14, 3, 17],
			"faces": {
				"north": {"uv": [2, 8, 14, 9], "texture": "#0"},
				"east": {"uv": [0, 6, 16, 7], "texture": "#0"},
				"south": {"uv": [2, 10, 14, 11], "texture": "#0"},
				"west": {"uv": [0, 6, 16, 7], "texture": "#0"},
				"up": {"uv": [0, 0, 12, 16], "texture": "#missing"},
				"down": {"uv": [0, 0, 15.999, 11.999], "rotation": 90, "texture": "#0"}
			}
		},
		{
			"from": [2, 5, -1],
			"to": [14, 6, 17],
			"faces": {
				"north": {"uv": [0, 0, 12, 1], "texture": "#missing"},
				"east": {"uv": [0, 0, 16, 1], "texture": "#missing"},
				"south": {"uv": [0, 0, 12, 1], "texture": "#missing"},
				"west": {"uv": [0, 0, 16, 1], "texture": "#missing"},
				"up": {"uv": [0, 0, 12, 16], "texture": "#1"},
				"down": {"uv": [0, 0, 12, 16], "texture": "#missing"}
			}
		},
		{
			"from": [1, 5, -2],
			"to": [15, 7, -1],
			"faces": {
				"north": {"uv": [1, 5, 15, 7], "texture": "#0"},
				"east": {"uv": [7, 6, 8, 8], "texture": "#0"},
				"south": {"uv": [1, 6, 15, 8], "texture": "#0"},
				"west": {"uv": [5, 6, 6, 8], "texture": "#0"},
				"up": {"uv": [2, 6, 16, 7], "texture": "#0"},
				"down": {"uv": [0, 0, 14, 1], "texture": "#missing"}
			}
		},
		{
			"from": [1, 5, 17],
			"to": [15, 7, 18],
			"faces": {
				"north": {"uv": [0, 3, 14, 5], "texture": "#0"},
				"east": {"uv": [6, 3, 7, 5], "texture": "#0"},
				"south": {"uv": [1, 9, 15, 11], "texture": "#0"},
				"west": {"uv": [11, 0, 12, 2], "texture": "#0"},
				"up": {"uv": [1, 6, 15, 7], "texture": "#0"},
				"down": {"uv": [0, 0, 14, 1], "texture": "#missing"}
			}
		},
		{
			"from": [1, 5, -1],
			"to": [2, 7, 17],
			"faces": {
				"north": {"uv": [0, 0, 1, 2], "texture": "#missing"},
				"east": {"uv": [0, 10, 16, 12], "texture": "#0"},
				"south": {"uv": [0, 0, 1, 2], "texture": "#missing"},
				"west": {"uv": [0, 10, 16, 12], "texture": "#0"},
				"up": {"uv": [0, 0, 1, 16], "texture": "#0"},
				"down": {"uv": [0, 0, 1, 16], "texture": "#missing"}
			}
		},
		{
			"from": [14, 5, -1],
			"to": [15, 7, 17],
			"faces": {
				"north": {"uv": [0, 0, 1, 2], "texture": "#missing"},
				"east": {"uv": [0, 2, 16, 4], "texture": "#0"},
				"south": {"uv": [0, 0, 1, 2], "texture": "#missing"},
				"west": {"uv": [0, 12, 16, 14], "texture": "#0"},
				"up": {"uv": [0, 0, 1, 16], "texture": "#0"},
				"down": {"uv": [0, 0, 1, 16], "texture": "#missing"}
			}
		}
	],
	"display": {
		"thirdperson": {
			"rotation": [0, 0, 180],
			"translation": [0, 1, -4],
			"scale": [0.9, 0.9, 0.9]
		},
		"firstperson": {
			"rotation": [10, -30, 0],
			"translation": [0, 5, 0],
			"scale": [1, 1.1, 1]
		},
		"gui": {
			"rotation": [11, 0, 0],
			"translation": [0.75, 0, 0],
			"scale": [1.35, 1, 1]
		}
	}
}
