{
	"credit": "Made with Blockbench",
	"textures": {
		"texture": "blocks/dummymad"
	},
	"elements": [
		{
			"from": [3.5, 7.5, 6],
			"to": [12.5, 9.5, 7],
			"rotation": {"angle": 0, "axis": "y", "origin": [8, 4, 8]},
			"faces": {
				"north": {"uv": [7, 12.5, 7.5, 13.5], "texture": "#texture"},
				"east": {"uv": [7, 12.5, 7.5, 13.5], "texture": "#texture"},
				"south": {"uv": [7, 12.5, 7.5, 13.5], "texture": "#texture"},
				"west": {"uv": [7, 12.5, 7.5, 13.5], "texture": "#texture"},
				"up": {"uv": [7, 12, 7.5, 13], "texture": "#texture"},
				"down": {"uv": [7, 13, 8, 14], "texture": "#texture"}
			}
		},
		{
			"from": [2.5, 7, 6],
			"to": [3.5, 10, 15],
			"rotation": {"angle": 0, "axis": "y", "origin": [8, 4, 8]},
			"faces": {
				"north": {"uv": [7, 12.5, 7.5, 14], "texture": "#texture"},
				"east": {"uv": [12.5, 12.5, 7, 14], "texture": "#texture"},
				"south": {"uv": [12, 12.5, 12.5, 14], "texture": "#texture"},
				"west": {"uv": [6, 12, 15, 15], "texture": "#texture"},
				"up": {"uv": [7, 12.5, 7.5, 13], "texture": "#texture"},
				"down": {"uv": [7.5, 13, 8, 13.5], "texture": "#texture"}
			}
		},
		{
			"from": [12.5, 7, 6],
			"to": [13.5, 10, 15],
			"rotation": {"angle": 0, "axis": "y", "origin": [8, 4, 8]},
			"faces": {
				"north": {"uv": [7, 12.5, 7.5, 14], "texture": "#texture"},
				"east": {"uv": [6, 12, 15, 15], "texture": "#texture"},
				"south": {"uv": [12, 12.5, 12.5, 14], "texture": "#texture"},
				"west": {"uv": [7, 12.5, 12.5, 14], "texture": "#texture"},
				"up": {"uv": [7, 12.5, 7.5, 13], "texture": "#texture"},
				"down": {"uv": [7.5, 13, 8, 13.5], "texture": "#texture"}
			}
		},
		{
			"from": [4.5, 2, 15],
			"to": [11.5, 3, 19],
			"rotation": {"angle": 0, "axis": "y", "origin": [8, 10, 8]},
			"faces": {
				"north": {"uv": [1, 7, 2, 8], "texture": "#texture"},
				"east": {"uv": [1, 7, 2, 8], "texture": "#texture"},
				"south": {"uv": [1, 7, 2, 8], "texture": "#texture"},
				"west": {"uv": [1, 7, 2, 8], "texture": "#texture"},
				"up": {"uv": [1, 7, 2, 8], "texture": "#texture"},
				"down": {"uv": [1, 7, 2, 8], "texture": "#texture"}
			}
		},
		{
			"from": [2.5, 3, 15],
			"to": [13.5, 5, 19],
			"rotation": {"angle": 0, "axis": "y", "origin": [8, 10, 8]},
			"faces": {
				"north": {"uv": [1, 7, 2, 8], "texture": "#texture"},
				"east": {"uv": [1, 7, 2, 8], "texture": "#texture"},
				"south": {"uv": [1, 7, 2, 8], "texture": "#texture"},
				"west": {"uv": [1, 7, 2, 8], "texture": "#texture"},
				"up": {"uv": [1, 7, 2, 8], "texture": "#texture"},
				"down": {"uv": [1, 7, 2, 8], "texture": "#texture"}
			}
		},
		{
			"from": [1.5, 5, 15],
			"to": [14.5, 7, 19],
			"rotation": {"angle": 0, "axis": "y", "origin": [8, 10, 8]},
			"faces": {
				"north": {"uv": [1, 7, 2, 8], "texture": "#texture"},
				"east": {"uv": [1, 7, 2, 8], "texture": "#texture"},
				"south": {"uv": [1, 7, 2, 8], "texture": "#texture"},
				"west": {"uv": [1, 7, 2, 8], "texture": "#texture"},
				"up": {"uv": [1, 7, 2, 8], "texture": "#texture"},
				"down": {"uv": [1, 7, 2, 8], "texture": "#texture"}
			}
		},
		{
			"from": [2.5, 5, 19],
			"to": [13.5, 7, 20],
			"rotation": {"angle": 0, "axis": "y", "origin": [8, 10, 8]},
			"faces": {
				"north": {"uv": [1, 7, 2, 8], "texture": "#texture"},
				"east": {"uv": [1, 7, 2, 8], "texture": "#texture"},
				"south": {"uv": [1, 7, 2, 8], "texture": "#texture"},
				"west": {"uv": [1, 7, 2, 8], "texture": "#texture"},
				"up": {"uv": [1, 7, 2, 8], "texture": "#texture"},
				"down": {"uv": [1, 7, 2, 8], "texture": "#texture"}
			}
		},
		{
			"from": [1.5, 7, 19],
			"to": [14.5, 10, 20],
			"rotation": {"angle": 0, "axis": "y", "origin": [8, 10, 8]},
			"faces": {
				"north": {"uv": [1, 7, 2, 8], "texture": "#texture"},
				"east": {"uv": [1, 7, 2, 8], "texture": "#texture"},
				"south": {"uv": [1, 7, 2, 8], "texture": "#texture"},
				"west": {"uv": [1, 7, 2, 8], "texture": "#texture"},
				"up": {"uv": [1, 7, 2, 8], "texture": "#texture"},
				"down": {"uv": [1, 7, 2, 8], "texture": "#texture"}
			}
		},
		{
			"from": [2.5, 10, 19],
			"to": [13.5, 12, 20],
			"rotation": {"angle": 0, "axis": "y", "origin": [8, 10, 8]},
			"faces": {
				"north": {"uv": [1, 7, 2, 8], "texture": "#texture"},
				"east": {"uv": [1, 7, 2, 8], "texture": "#texture"},
				"south": {"uv": [1, 7, 2, 8], "texture": "#texture"},
				"west": {"uv": [1, 7, 2, 8], "texture": "#texture"},
				"up": {"uv": [1, 7, 2, 8], "texture": "#texture"},
				"down": {"uv": [1, 7, 2, 8], "texture": "#texture"}
			}
		},
		{
			"from": [1.5, 10, 15],
			"to": [14.5, 12, 19],
			"rotation": {"angle": 0, "axis": "y", "origin": [8, 10, 8]},
			"faces": {
				"north": {"uv": [1, 7, 2, 8], "texture": "#texture"},
				"east": {"uv": [1, 7, 2, 8], "texture": "#texture"},
				"south": {"uv": [1, 7, 2, 8], "texture": "#texture"},
				"west": {"uv": [1, 7, 2, 8], "texture": "#texture"},
				"up": {"uv": [1, 7, 2, 8], "texture": "#texture"},
				"down": {"uv": [1, 7, 2, 8], "texture": "#texture"}
			}
		},
		{
			"from": [2.5, 12, 15],
			"to": [13.5, 13, 19],
			"rotation": {"angle": 0, "axis": "y", "origin": [8, 10, 8]},
			"faces": {
				"north": {"uv": [1, 7, 2, 8], "texture": "#texture"},
				"east": {"uv": [1, 7, 2, 8], "texture": "#texture"},
				"south": {"uv": [1, 7, 2, 8], "texture": "#texture"},
				"west": {"uv": [1, 7, 2, 8], "texture": "#texture"},
				"up": {"uv": [1, 7, 2, 8], "texture": "#texture"},
				"down": {"uv": [1, 7, 2, 8], "texture": "#texture"}
			}
		},
		{
			"from": [3.5, 13, 15],
			"to": [12.5, 14, 19],
			"rotation": {"angle": 0, "axis": "y", "origin": [8, 10, 8]},
			"faces": {
				"north": {"uv": [1, 7, 2, 8], "texture": "#texture"},
				"east": {"uv": [1, 7, 2, 8], "texture": "#texture"},
				"south": {"uv": [1, 7, 2, 8], "texture": "#texture"},
				"west": {"uv": [1, 7, 2, 8], "texture": "#texture"},
				"up": {"uv": [1, 7, 2, 8], "texture": "#texture"},
				"down": {"uv": [1, 7, 2, 8], "texture": "#texture"}
			}
		},
		{
			"from": [3.5, 12, 19],
			"to": [12.5, 13, 20],
			"rotation": {"angle": 0, "axis": "y", "origin": [8, 9, 12]},
			"faces": {
				"north": {"uv": [1, 7, 2, 8], "texture": "#texture"},
				"east": {"uv": [1, 7, 2, 8], "texture": "#texture"},
				"south": {"uv": [1, 7, 2, 8], "texture": "#texture"},
				"west": {"uv": [1, 7, 2, 8], "texture": "#texture"},
				"up": {"uv": [1, 7, 2, 8], "texture": "#texture"},
				"down": {"uv": [1, 7, 2, 8], "texture": "#texture"}
			}
		},
		{
			"from": [5.5, 14, 15],
			"to": [10.5, 15, 19],
			"rotation": {"angle": 0, "axis": "y", "origin": [8, 10, 8]},
			"faces": {
				"north": {"uv": [1, 7, 2, 8], "texture": "#texture"},
				"east": {"uv": [1, 7, 2, 8], "texture": "#texture"},
				"south": {"uv": [1, 7, 2, 8], "texture": "#texture"},
				"west": {"uv": [1, 7, 2, 8], "texture": "#texture"},
				"up": {"uv": [1, 7, 2, 8], "texture": "#texture"},
				"down": {"uv": [1, 7, 2, 8], "texture": "#texture"}
			}
		},
		{
			"from": [5.5, 13, 19],
			"to": [10.5, 14, 20],
			"rotation": {"angle": 0, "axis": "y", "origin": [8, 9, 12]},
			"faces": {
				"north": {"uv": [1, 7, 2, 8], "texture": "#texture"},
				"east": {"uv": [1, 7, 2, 8], "texture": "#texture"},
				"south": {"uv": [1, 7, 2, 8], "texture": "#texture"},
				"west": {"uv": [1, 7, 2, 8], "texture": "#texture"},
				"up": {"uv": [1, 7, 2, 8], "texture": "#texture"},
				"down": {"uv": [1, 7, 2, 8], "texture": "#texture"}
			}
		},
		{
			"from": [6.5, 8, 20],
			"to": [9.5, 11, 21],
			"rotation": {"angle": 0, "axis": "y", "origin": [8, 9, 12]},
			"faces": {
				"north": {"uv": [1, 7, 2, 8], "texture": "#texture"},
				"east": {"uv": [1, 7, 2, 8], "texture": "#texture"},
				"south": {"uv": [1, 7, 2, 8], "texture": "#texture"},
				"west": {"uv": [1, 7, 2, 8], "texture": "#texture"},
				"up": {"uv": [1, 7, 2, 8], "texture": "#texture"},
				"down": {"uv": [1, 7, 2, 8], "texture": "#texture"}
			}
		},
		{
			"from": [5.5, 11, 20],
			"to": [10.5, 13, 21],
			"rotation": {"angle": 0, "axis": "y", "origin": [8, 9, 12]},
			"faces": {
				"north": {"uv": [1, 7, 2, 8], "texture": "#texture"},
				"east": {"uv": [1, 7, 2, 8], "texture": "#texture"},
				"south": {"uv": [1, 7, 2, 8], "texture": "#texture"},
				"west": {"uv": [1, 7, 2, 8], "texture": "#texture"},
				"up": {"uv": [1, 7, 2, 8], "texture": "#texture"},
				"down": {"uv": [1, 7, 2, 8], "texture": "#texture"}
			}
		},
		{
			"from": [0.5, 7, 15],
			"to": [15.5, 10, 19],
			"rotation": {"angle": 0, "axis": "y", "origin": [8, 10, 8]},
			"faces": {
				"north": {"uv": [1, 7, 2, 8], "texture": "#texture"},
				"east": {"uv": [1, 7, 2, 8], "texture": "#texture"},
				"south": {"uv": [1, 7, 2, 8], "texture": "#texture"},
				"west": {"uv": [1, 7, 2, 8], "texture": "#texture"},
				"up": {"uv": [1, 7, 2, 8], "texture": "#texture"},
				"down": {"uv": [1, 7, 2, 8], "texture": "#texture"}
			}
		},
		{
			"from": [3.5, 3, 19],
			"to": [12.5, 4, 22],
			"rotation": {"angle": 0, "axis": "y", "origin": [8, 10, 8]},
			"faces": {
				"north": {"uv": [1, 7, 2, 8], "texture": "#texture"},
				"east": {"uv": [1, 7, 2, 8], "texture": "#texture"},
				"south": {"uv": [1, 7, 2, 8], "texture": "#texture"},
				"west": {"uv": [1, 7, 2, 8], "texture": "#texture"},
				"up": {"uv": [1, 7, 2, 8], "texture": "#texture"},
				"down": {"uv": [1, 7, 2, 8], "texture": "#texture"}
			}
		},
		{
			"from": [3.5, 5, 20],
			"to": [12.5, 6, 23],
			"rotation": {"angle": 0, "axis": "y", "origin": [8, 10, 8]},
			"faces": {
				"north": {"uv": [1, 7, 2, 8], "texture": "#texture"},
				"east": {"uv": [1, 7, 2, 8], "texture": "#texture"},
				"south": {"uv": [1, 7, 2, 8], "texture": "#texture"},
				"west": {"uv": [1, 7, 2, 8], "texture": "#texture"},
				"up": {"uv": [1, 7, 2, 8], "texture": "#texture"},
				"down": {"uv": [1, 7, 2, 8], "texture": "#texture"}
			}
		},
		{
			"from": [4.5, 5, 23],
			"to": [11.5, 6, 26],
			"rotation": {"angle": 0, "axis": "y", "origin": [8, 10, 8]},
			"faces": {
				"north": {"uv": [1, 7, 2, 8], "texture": "#texture"},
				"east": {"uv": [1, 7, 2, 8], "texture": "#texture"},
				"south": {"uv": [1, 7, 2, 8], "texture": "#texture"},
				"west": {"uv": [1, 7, 2, 8], "texture": "#texture"},
				"up": {"uv": [1, 7, 2, 8], "texture": "#texture"},
				"down": {"uv": [1, 7, 2, 8], "texture": "#texture"}
			}
		},
		{
			"from": [3.5, 4, 19],
			"to": [12.5, 5, 23],
			"rotation": {"angle": 0, "axis": "y", "origin": [8, 10, 8]},
			"faces": {
				"north": {"uv": [1, 7, 2, 8], "texture": "#texture"},
				"east": {"uv": [1, 7, 2, 8], "texture": "#texture"},
				"south": {"uv": [1, 7, 2, 8], "texture": "#texture"},
				"west": {"uv": [1, 7, 2, 8], "texture": "#texture"},
				"up": {"uv": [1, 7, 2, 8], "texture": "#texture"},
				"down": {"uv": [1, 7, 2, 8], "texture": "#texture"}
			}
		},
		{
			"from": [4.5, 6, 20],
			"to": [11.5, 7, 24],
			"rotation": {"angle": 0, "axis": "y", "origin": [8, 10, 8]},
			"faces": {
				"north": {"uv": [1, 7, 2, 8], "texture": "#texture"},
				"east": {"uv": [1, 7, 2, 8], "texture": "#texture"},
				"south": {"uv": [1, 7, 2, 8], "texture": "#texture"},
				"west": {"uv": [1, 7, 2, 8], "texture": "#texture"},
				"up": {"uv": [1, 7, 2, 8], "texture": "#texture"},
				"down": {"uv": [1, 7, 2, 8], "texture": "#texture"}
			}
		},
		{
			"from": [5.5, 6, 24],
			"to": [10.5, 7, 26],
			"rotation": {"angle": 0, "axis": "y", "origin": [8, 10, 8]},
			"faces": {
				"north": {"uv": [1, 7, 2, 8], "texture": "#texture"},
				"east": {"uv": [1, 7, 2, 8], "texture": "#texture"},
				"south": {"uv": [1, 7, 2, 8], "texture": "#texture"},
				"west": {"uv": [1, 7, 2, 8], "texture": "#texture"},
				"up": {"uv": [1, 7, 2, 8], "texture": "#texture"},
				"down": {"uv": [1, 7, 2, 8], "texture": "#texture"}
			}
		},
		{
			"from": [6.5, 6, 26],
			"to": [9.5, 7, 29],
			"rotation": {"angle": 0, "axis": "y", "origin": [8, 10, 8]},
			"faces": {
				"north": {"uv": [1, 7, 2, 8], "texture": "#texture"},
				"east": {"uv": [1, 7, 2, 8], "texture": "#texture"},
				"south": {"uv": [1, 7, 2, 8], "texture": "#texture"},
				"west": {"uv": [1, 7, 2, 8], "texture": "#texture"},
				"up": {"uv": [1, 7, 2, 8], "texture": "#texture"},
				"down": {"uv": [1, 7, 2, 8], "texture": "#texture"}
			}
		},
		{
			"from": [6.5, 4, 27],
			"to": [9.5, 5, 29],
			"rotation": {"angle": 0, "axis": "y", "origin": [8, 10, 8]},
			"faces": {
				"north": {"uv": [1, 7, 2, 8], "texture": "#texture"},
				"east": {"uv": [1, 7, 2, 8], "texture": "#texture"},
				"south": {"uv": [1, 7, 2, 8], "texture": "#texture"},
				"west": {"uv": [1, 7, 2, 8], "texture": "#texture"},
				"up": {"uv": [1, 7, 2, 8], "texture": "#texture"},
				"down": {"uv": [1, 7, 2, 8], "texture": "#texture"}
			}
		},
		{
			"from": [7.5, 7, 26],
			"to": [8.5, 8, 28],
			"rotation": {"angle": 0, "axis": "y", "origin": [8, 10, 8]},
			"faces": {
				"north": {"uv": [1, 7, 2, 8], "texture": "#texture"},
				"east": {"uv": [1, 7, 2, 8], "texture": "#texture"},
				"south": {"uv": [1, 7, 2, 8], "texture": "#texture"},
				"west": {"uv": [1, 7, 2, 8], "texture": "#texture"},
				"up": {"uv": [1, 7, 2, 8], "texture": "#texture"},
				"down": {"uv": [1, 7, 2, 8], "texture": "#texture"}
			}
		},
		{
			"from": [7.5, 5, 27],
			"to": [8.5, 6, 29],
			"rotation": {"angle": 0, "axis": "y", "origin": [8, 10, 8]},
			"faces": {
				"north": {"uv": [1, 7, 2, 8], "texture": "#texture"},
				"east": {"uv": [1, 7, 2, 8], "texture": "#texture"},
				"south": {"uv": [1, 7, 2, 8], "texture": "#texture"},
				"west": {"uv": [1, 7, 2, 8], "texture": "#texture"},
				"up": {"uv": [1, 7, 2, 8], "texture": "#texture"},
				"down": {"uv": [1, 7, 2, 8], "texture": "#texture"}
			}
		},
		{
			"from": [5.5, 5, 26],
			"to": [6.5, 6, 28],
			"rotation": {"angle": 0, "axis": "y", "origin": [8, 10, 8]},
			"faces": {
				"north": {"uv": [1, 7, 2, 8], "texture": "#texture"},
				"east": {"uv": [1, 7, 2, 8], "texture": "#texture"},
				"south": {"uv": [1, 7, 2, 8], "texture": "#texture"},
				"west": {"uv": [1, 7, 2, 8], "texture": "#texture"},
				"up": {"uv": [1, 7, 2, 8], "texture": "#texture"},
				"down": {"uv": [1, 7, 2, 8], "texture": "#texture"}
			}
		},
		{
			"from": [9.5, 5, 26],
			"to": [10.5, 6, 28],
			"rotation": {"angle": 0, "axis": "y", "origin": [12, 10, 8]},
			"faces": {
				"north": {"uv": [1, 7, 2, 8], "texture": "#texture"},
				"east": {"uv": [1, 7, 2, 8], "texture": "#texture"},
				"south": {"uv": [1, 7, 2, 8], "texture": "#texture"},
				"west": {"uv": [1, 7, 2, 8], "texture": "#texture"},
				"up": {"uv": [1, 7, 2, 8], "texture": "#texture"},
				"down": {"uv": [1, 7, 2, 8], "texture": "#texture"}
			}
		},
		{
			"from": [5.5, 4, 25],
			"to": [6.5, 5, 27],
			"rotation": {"angle": 0, "axis": "y", "origin": [8, 10, 8]},
			"faces": {
				"north": {"uv": [1, 7, 2, 8], "texture": "#texture"},
				"east": {"uv": [1, 7, 2, 8], "texture": "#texture"},
				"south": {"uv": [1, 7, 2, 8], "texture": "#texture"},
				"west": {"uv": [1, 7, 2, 8], "texture": "#texture"},
				"up": {"uv": [1, 7, 2, 8], "texture": "#texture"},
				"down": {"uv": [1, 7, 2, 8], "texture": "#texture"}
			}
		},
		{
			"from": [9.5, 4, 25],
			"to": [10.5, 5, 27],
			"rotation": {"angle": 0, "axis": "y", "origin": [12, 10, 8]},
			"faces": {
				"north": {"uv": [1, 7, 2, 8], "texture": "#texture"},
				"east": {"uv": [1, 7, 2, 8], "texture": "#texture"},
				"south": {"uv": [1, 7, 2, 8], "texture": "#texture"},
				"west": {"uv": [1, 7, 2, 8], "texture": "#texture"},
				"up": {"uv": [1, 7, 2, 8], "texture": "#texture"},
				"down": {"uv": [1, 7, 2, 8], "texture": "#texture"}
			}
		},
		{
			"from": [5.5, 3, 25],
			"to": [6.5, 4, 26],
			"rotation": {"angle": 0, "axis": "y", "origin": [8, 10, 8]},
			"faces": {
				"north": {"uv": [1, 7, 2, 8], "texture": "#texture"},
				"east": {"uv": [1, 7, 2, 8], "texture": "#texture"},
				"south": {"uv": [1, 7, 2, 8], "texture": "#texture"},
				"west": {"uv": [1, 7, 2, 8], "texture": "#texture"},
				"up": {"uv": [1, 7, 2, 8], "texture": "#texture"},
				"down": {"uv": [1, 7, 2, 8], "texture": "#texture"}
			}
		},
		{
			"from": [9.5, 3, 25],
			"to": [10.5, 4, 26],
			"rotation": {"angle": 0, "axis": "y", "origin": [12, 10, 8]},
			"faces": {
				"north": {"uv": [1, 7, 2, 8], "texture": "#texture"},
				"east": {"uv": [1, 7, 2, 8], "texture": "#texture"},
				"south": {"uv": [1, 7, 2, 8], "texture": "#texture"},
				"west": {"uv": [1, 7, 2, 8], "texture": "#texture"},
				"up": {"uv": [1, 7, 2, 8], "texture": "#texture"},
				"down": {"uv": [1, 7, 2, 8], "texture": "#texture"}
			}
		},
		{
			"from": [6.5, 3, 27],
			"to": [7.5, 4, 28],
			"rotation": {"angle": 0, "axis": "y", "origin": [8, 10, 8]},
			"faces": {
				"north": {"uv": [1, 7, 2, 8], "texture": "#texture"},
				"east": {"uv": [1, 7, 2, 8], "texture": "#texture"},
				"south": {"uv": [1, 7, 2, 8], "texture": "#texture"},
				"west": {"uv": [1, 7, 2, 8], "texture": "#texture"},
				"up": {"uv": [1, 7, 2, 8], "texture": "#texture"},
				"down": {"uv": [1, 7, 2, 8], "texture": "#texture"}
			}
		},
		{
			"from": [8.5, 3, 27],
			"to": [9.5, 4, 28],
			"rotation": {"angle": 0, "axis": "y", "origin": [12, 10, 8]},
			"faces": {
				"north": {"uv": [1, 7, 2, 8], "texture": "#texture"},
				"east": {"uv": [1, 7, 2, 8], "texture": "#texture"},
				"south": {"uv": [1, 7, 2, 8], "texture": "#texture"},
				"west": {"uv": [1, 7, 2, 8], "texture": "#texture"},
				"up": {"uv": [1, 7, 2, 8], "texture": "#texture"},
				"down": {"uv": [1, 7, 2, 8], "texture": "#texture"}
			}
		},
		{
			"from": [6.5, 4, 26],
			"to": [7.5, 5, 27],
			"rotation": {"angle": 0, "axis": "y", "origin": [8, 10, 8]},
			"faces": {
				"north": {"uv": [1, 7, 2, 8], "texture": "#texture"},
				"east": {"uv": [1, 7, 2, 8], "texture": "#texture"},
				"south": {"uv": [1, 7, 2, 8], "texture": "#texture"},
				"west": {"uv": [1, 7, 2, 8], "texture": "#texture"},
				"up": {"uv": [1, 7, 2, 8], "texture": "#texture"},
				"down": {"uv": [1, 7, 2, 8], "texture": "#texture"}
			}
		},
		{
			"from": [8.5, 4, 26],
			"to": [9.5, 5, 27],
			"rotation": {"angle": 0, "axis": "y", "origin": [8, 10, 8]},
			"faces": {
				"north": {"uv": [1, 7, 2, 8], "texture": "#texture"},
				"east": {"uv": [1, 7, 2, 8], "texture": "#texture"},
				"south": {"uv": [1, 7, 2, 8], "texture": "#texture"},
				"west": {"uv": [1, 7, 2, 8], "texture": "#texture"},
				"up": {"uv": [1, 7, 2, 8], "texture": "#texture"},
				"down": {"uv": [1, 7, 2, 8], "texture": "#texture"}
			}
		},
		{
			"from": [6.5, 7, 24],
			"to": [9.5, 8, 26],
			"rotation": {"angle": 0, "axis": "y", "origin": [8, 10, 8]},
			"faces": {
				"north": {"uv": [1, 7, 2, 8], "texture": "#texture"},
				"east": {"uv": [1, 7, 2, 8], "texture": "#texture"},
				"south": {"uv": [1, 7, 2, 8], "texture": "#texture"},
				"west": {"uv": [1, 7, 2, 8], "texture": "#texture"},
				"up": {"uv": [1, 7, 2, 8], "texture": "#texture"},
				"down": {"uv": [1, 7, 2, 8], "texture": "#texture"}
			}
		},
		{
			"from": [5.5, 7, 21],
			"to": [10.5, 8, 24],
			"rotation": {"angle": 0, "axis": "y", "origin": [8, 10, 8]},
			"faces": {
				"north": {"uv": [1, 7, 2, 8], "texture": "#texture"},
				"east": {"uv": [1, 7, 2, 8], "texture": "#texture"},
				"south": {"uv": [1, 7, 2, 8], "texture": "#texture"},
				"west": {"uv": [1, 7, 2, 8], "texture": "#texture"},
				"up": {"uv": [1, 7, 2, 8], "texture": "#texture"},
				"down": {"uv": [1, 7, 2, 8], "texture": "#texture"}
			}
		},
		{
			"from": [5.5, 2, 19],
			"to": [10.5, 3, 24],
			"rotation": {"angle": 0, "axis": "y", "origin": [8, 10, 8]},
			"faces": {
				"north": {"uv": [1, 7, 2, 8], "texture": "#texture"},
				"east": {"uv": [1, 7, 2, 8], "texture": "#texture"},
				"south": {"uv": [1, 7, 2, 8], "texture": "#texture"},
				"west": {"uv": [1, 7, 2, 8], "texture": "#texture"},
				"up": {"uv": [1, 7, 2, 8], "texture": "#texture"},
				"down": {"uv": [1, 7, 2, 8], "texture": "#texture"}
			}
		},
		{
			"from": [6.5, 2, 24],
			"to": [9.5, 3, 25],
			"rotation": {"angle": 0, "axis": "y", "origin": [8, 10, 8]},
			"faces": {
				"north": {"uv": [1, 7, 2, 8], "texture": "#texture"},
				"east": {"uv": [1, 7, 2, 8], "texture": "#texture"},
				"south": {"uv": [1, 7, 2, 8], "texture": "#texture"},
				"west": {"uv": [1, 7, 2, 8], "texture": "#texture"},
				"up": {"uv": [1, 7, 2, 8], "texture": "#texture"},
				"down": {"uv": [1, 7, 2, 8], "texture": "#texture"}
			}
		},
		{
			"from": [4.5, 3, 22],
			"to": [6.5, 4, 23],
			"rotation": {"angle": 0, "axis": "y", "origin": [8, 10, 8]},
			"faces": {
				"north": {"uv": [1, 7, 2, 8], "texture": "#texture"},
				"east": {"uv": [1, 7, 2, 8], "texture": "#texture"},
				"south": {"uv": [1, 7, 2, 8], "texture": "#texture"},
				"west": {"uv": [1, 7, 2, 8], "texture": "#texture"},
				"up": {"uv": [1, 7, 2, 8], "texture": "#texture"},
				"down": {"uv": [1, 7, 2, 8], "texture": "#texture"}
			}
		},
		{
			"from": [9.5, 3, 22],
			"to": [11.5, 4, 23],
			"rotation": {"angle": 0, "axis": "y", "origin": [13, 10, 8]},
			"faces": {
				"north": {"uv": [1, 7, 2, 8], "texture": "#texture"},
				"east": {"uv": [1, 7, 2, 8], "texture": "#texture"},
				"south": {"uv": [1, 7, 2, 8], "texture": "#texture"},
				"west": {"uv": [1, 7, 2, 8], "texture": "#texture"},
				"up": {"uv": [1, 7, 2, 8], "texture": "#texture"},
				"down": {"uv": [1, 7, 2, 8], "texture": "#texture"}
			}
		},
		{
			"from": [4.5, 4, 23],
			"to": [6.5, 5, 25],
			"rotation": {"angle": 0, "axis": "y", "origin": [8, 10, 8]},
			"faces": {
				"north": {"uv": [1, 7, 2, 8], "texture": "#texture"},
				"east": {"uv": [1, 7, 2, 8], "texture": "#texture"},
				"south": {"uv": [1, 7, 2, 8], "texture": "#texture"},
				"west": {"uv": [1, 7, 2, 8], "texture": "#texture"},
				"up": {"uv": [1, 7, 2, 8], "texture": "#texture"},
				"down": {"uv": [1, 7, 2, 8], "texture": "#texture"}
			}
		},
		{
			"from": [9.5, 4, 23],
			"to": [11.5, 5, 25],
			"rotation": {"angle": 0, "axis": "y", "origin": [13, 10, 8]},
			"faces": {
				"north": {"uv": [1, 7, 2, 8], "texture": "#texture"},
				"east": {"uv": [1, 7, 2, 8], "texture": "#texture"},
				"south": {"uv": [1, 7, 2, 8], "texture": "#texture"},
				"west": {"uv": [1, 7, 2, 8], "texture": "#texture"},
				"up": {"uv": [1, 7, 2, 8], "texture": "#texture"},
				"down": {"uv": [1, 7, 2, 8], "texture": "#texture"}
			}
		},
		{
			"from": [6.5, 4, 23],
			"to": [9.5, 5, 25],
			"rotation": {"angle": 0, "axis": "y", "origin": [8, 10, 8]},
			"faces": {
				"north": {"uv": [1, 13, 2, 14], "texture": "#texture"},
				"east": {"uv": [1, 13, 2, 14], "texture": "#texture"},
				"south": {"uv": [1, 13, 2, 14], "texture": "#texture"},
				"west": {"uv": [1, 13, 2, 14], "texture": "#texture"},
				"up": {"uv": [1, 13, 2, 14], "texture": "#texture"},
				"down": {"uv": [1, 13, 2, 14], "texture": "#texture"}
			}
		},
		{
			"from": [6.5, 3, 22],
			"to": [9.5, 4, 23],
			"rotation": {"angle": 0, "axis": "y", "origin": [8, 10, 8]},
			"faces": {
				"north": {"uv": [1, 13, 2, 14], "texture": "#texture"},
				"east": {"uv": [1, 13, 2, 14], "texture": "#texture"},
				"south": {"uv": [1, 13, 2, 14], "texture": "#texture"},
				"west": {"uv": [1, 13, 2, 14], "texture": "#texture"},
				"up": {"uv": [1, 13, 2, 14], "texture": "#texture"},
				"down": {"uv": [1, 13, 2, 14], "texture": "#texture"}
			}
		},
		{
			"from": [6.5, 5, 26],
			"to": [7.5, 6, 27],
			"rotation": {"angle": 0, "axis": "y", "origin": [8, 10, 8]},
			"faces": {
				"north": {"uv": [1, 1, 2, 2], "texture": "#texture"},
				"east": {"uv": [1, 1, 2, 2], "texture": "#texture"},
				"south": {"uv": [1, 1, 2, 2], "texture": "#texture"},
				"west": {"uv": [1, 1, 2, 2], "texture": "#texture"},
				"up": {"uv": [1, 1, 2, 2], "texture": "#texture"},
				"down": {"uv": [1, 1, 2, 2], "texture": "#texture"}
			}
		},
		{
			"from": [4.5, 9, 21],
			"to": [5.5, 10, 22],
			"rotation": {"angle": 0, "axis": "y", "origin": [8, 10, 8]},
			"faces": {
				"north": {"uv": [1, 1, 2, 2], "texture": "#texture"},
				"east": {"uv": [1, 1, 2, 2], "texture": "#texture"},
				"south": {"uv": [1, 1, 2, 2], "texture": "#texture"},
				"west": {"uv": [1, 1, 2, 2], "texture": "#texture"},
				"up": {"uv": [1, 1, 2, 2], "texture": "#texture"},
				"down": {"uv": [1, 1, 2, 2], "texture": "#texture"}
			}
		},
		{
			"from": [10.5, 9, 21],
			"to": [11.5, 10, 22],
			"rotation": {"angle": 0, "axis": "y", "origin": [8, 10, 8]},
			"faces": {
				"north": {"uv": [1, 1, 2, 2], "texture": "#texture"},
				"east": {"uv": [1, 1, 2, 2], "texture": "#texture"},
				"south": {"uv": [1, 1, 2, 2], "texture": "#texture"},
				"west": {"uv": [1, 1, 2, 2], "texture": "#texture"},
				"up": {"uv": [1, 1, 2, 2], "texture": "#texture"},
				"down": {"uv": [1, 1, 2, 2], "texture": "#texture"}
			}
		},
		{
			"from": [8.5, 5, 26],
			"to": [9.5, 6, 27],
			"rotation": {"angle": 0, "axis": "y", "origin": [8, 10, 8]},
			"faces": {
				"north": {"uv": [1, 1, 2, 2], "texture": "#texture"},
				"east": {"uv": [1, 1, 2, 2], "texture": "#texture"},
				"south": {"uv": [1, 1, 2, 2], "texture": "#texture"},
				"west": {"uv": [1, 1, 2, 2], "texture": "#texture"},
				"up": {"uv": [1, 1, 2, 2], "texture": "#texture"},
				"down": {"uv": [1, 1, 2, 2], "texture": "#texture"}
			}
		},
		{
			"from": [3.5, 10, 20],
			"to": [5.5, 11, 21],
			"rotation": {"angle": 0, "axis": "y", "origin": [8, 10, 8]},
			"faces": {
				"north": {"uv": [1, 4, 2, 5], "texture": "#texture"},
				"east": {"uv": [1, 4, 2, 5], "texture": "#texture"},
				"south": {"uv": [1, 4, 2, 5], "texture": "#texture"},
				"west": {"uv": [1, 4, 2, 5], "texture": "#texture"},
				"up": {"uv": [1, 4, 2, 5], "texture": "#texture"},
				"down": {"uv": [1, 4, 2, 5], "texture": "#texture"}
			}
		},
		{
			"from": [10.5, 10, 20],
			"to": [12.5, 11, 21],
			"rotation": {"angle": 0, "axis": "y", "origin": [15, 10, 8]},
			"faces": {
				"north": {"uv": [1, 4, 2, 5], "texture": "#texture"},
				"east": {"uv": [1, 4, 2, 5], "texture": "#texture"},
				"south": {"uv": [1, 4, 2, 5], "texture": "#texture"},
				"west": {"uv": [1, 4, 2, 5], "texture": "#texture"},
				"up": {"uv": [1, 4, 2, 5], "texture": "#texture"},
				"down": {"uv": [1, 4, 2, 5], "texture": "#texture"}
			}
		},
		{
			"from": [3.5, 7, 20],
			"to": [5.5, 8, 21],
			"rotation": {"angle": 0, "axis": "y", "origin": [8, 10, 8]},
			"faces": {
				"north": {"uv": [1, 4, 2, 5], "texture": "#texture"},
				"east": {"uv": [1, 4, 2, 5], "texture": "#texture"},
				"south": {"uv": [1, 4, 2, 5], "texture": "#texture"},
				"west": {"uv": [1, 4, 2, 5], "texture": "#texture"},
				"up": {"uv": [1, 4, 2, 5], "texture": "#texture"},
				"down": {"uv": [1, 4, 2, 5], "texture": "#texture"}
			}
		},
		{
			"from": [10.5, 7, 20],
			"to": [12.5, 8, 21],
			"rotation": {"angle": 0, "axis": "y", "origin": [15, 10, 8]},
			"faces": {
				"north": {"uv": [1, 4, 2, 5], "texture": "#texture"},
				"east": {"uv": [1, 4, 2, 5], "texture": "#texture"},
				"south": {"uv": [1, 4, 2, 5], "texture": "#texture"},
				"west": {"uv": [1, 4, 2, 5], "texture": "#texture"},
				"up": {"uv": [1, 4, 2, 5], "texture": "#texture"},
				"down": {"uv": [1, 4, 2, 5], "texture": "#texture"}
			}
		},
		{
			"from": [2.5, 8, 20],
			"to": [6.5, 10, 21],
			"rotation": {"angle": 0, "axis": "y", "origin": [8, 10, 8]},
			"faces": {
				"north": {"uv": [1, 4, 2, 5], "texture": "#texture"},
				"east": {"uv": [1, 4, 2, 5], "texture": "#texture"},
				"south": {"uv": [1, 4, 2, 5], "texture": "#texture"},
				"west": {"uv": [1, 4, 2, 5], "texture": "#texture"},
				"up": {"uv": [1, 4, 2, 5], "texture": "#texture"},
				"down": {"uv": [1, 4, 2, 5], "texture": "#texture"}
			}
		},
		{
			"from": [9.5, 8, 20],
			"to": [13.5, 10, 21],
			"rotation": {"angle": 0, "axis": "y", "origin": [15, 10, 8]},
			"faces": {
				"north": {"uv": [1, 4, 2, 5], "texture": "#texture"},
				"east": {"uv": [1, 4, 2, 5], "texture": "#texture"},
				"south": {"uv": [1, 4, 2, 5], "texture": "#texture"},
				"west": {"uv": [1, 4, 2, 5], "texture": "#texture"},
				"up": {"uv": [1, 4, 2, 5], "texture": "#texture"},
				"down": {"uv": [1, 4, 2, 5], "texture": "#texture"}
			}
		},
		{
			"from": [4.5, 11, 20],
			"to": [5.5, 12, 22],
			"rotation": {"angle": 0, "axis": "y", "origin": [8, 10, 8]},
			"faces": {
				"north": {"uv": [1, 10, 2, 11], "texture": "#texture"},
				"east": {"uv": [1, 10, 2, 11], "texture": "#texture"},
				"south": {"uv": [1, 10, 2, 11], "texture": "#texture"},
				"west": {"uv": [1, 10, 2, 11], "texture": "#texture"},
				"up": {"uv": [1, 10, 2, 11], "texture": "#texture"},
				"down": {"uv": [1, 10, 2, 11], "texture": "#texture"}
			}
		},
		{
			"from": [10.5, 11, 20],
			"to": [11.5, 12, 22],
			"rotation": {"angle": 0, "axis": "y", "origin": [16, 10, 8]},
			"faces": {
				"north": {"uv": [1, 10, 2, 11], "texture": "#texture"},
				"east": {"uv": [1, 10, 2, 11], "texture": "#texture"},
				"south": {"uv": [1, 10, 2, 11], "texture": "#texture"},
				"west": {"uv": [1, 10, 2, 11], "texture": "#texture"},
				"up": {"uv": [1, 10, 2, 11], "texture": "#texture"},
				"down": {"uv": [1, 10, 2, 11], "texture": "#texture"}
			}
		},
		{
			"from": [3.5, 12, 20],
			"to": [4.5, 13, 22],
			"rotation": {"angle": 0, "axis": "y", "origin": [8, 10, 8]},
			"faces": {
				"north": {"uv": [1, 10, 2, 11], "texture": "#texture"},
				"east": {"uv": [1, 10, 2, 11], "texture": "#texture"},
				"south": {"uv": [1, 10, 2, 11], "texture": "#texture"},
				"west": {"uv": [1, 10, 2, 11], "texture": "#texture"},
				"up": {"uv": [1, 10, 2, 11], "texture": "#texture"},
				"down": {"uv": [1, 10, 2, 11], "texture": "#texture"}
			}
		},
		{
			"from": [11.5, 12, 20],
			"to": [12.5, 13, 22],
			"rotation": {"angle": 0, "axis": "y", "origin": [16, 10, 8]},
			"faces": {
				"north": {"uv": [1, 10, 2, 11], "texture": "#texture"},
				"east": {"uv": [1, 10, 2, 11], "texture": "#texture"},
				"south": {"uv": [1, 10, 2, 11], "texture": "#texture"},
				"west": {"uv": [1, 10, 2, 11], "texture": "#texture"},
				"up": {"uv": [1, 10, 2, 11], "texture": "#texture"},
				"down": {"uv": [1, 10, 2, 11], "texture": "#texture"}
			}
		},
		{
			"from": [5.5, 10, 21],
			"to": [6.5, 11, 22],
			"rotation": {"angle": 0, "axis": "y", "origin": [8, 10, 8]},
			"faces": {
				"north": {"uv": [1, 10, 2, 11], "texture": "#texture"},
				"east": {"uv": [1, 10, 2, 11], "texture": "#texture"},
				"south": {"uv": [1, 10, 2, 11], "texture": "#texture"},
				"west": {"uv": [1, 10, 2, 11], "texture": "#texture"},
				"up": {"uv": [1, 10, 2, 11], "texture": "#texture"},
				"down": {"uv": [1, 10, 2, 11], "texture": "#texture"}
			}
		},
		{
			"from": [9.5, 10, 21],
			"to": [10.5, 11, 22],
			"rotation": {"angle": 0, "axis": "y", "origin": [16, 10, 8]},
			"faces": {
				"north": {"uv": [1, 10, 2, 11], "texture": "#texture"},
				"east": {"uv": [1, 10, 2, 11], "texture": "#texture"},
				"south": {"uv": [1, 10, 2, 11], "texture": "#texture"},
				"west": {"uv": [1, 10, 2, 11], "texture": "#texture"},
				"up": {"uv": [1, 10, 2, 11], "texture": "#texture"},
				"down": {"uv": [1, 10, 2, 11], "texture": "#texture"}
			}
		},
		{
			"from": [6.5, 9, 21],
			"to": [7.5, 10, 22],
			"rotation": {"angle": 0, "axis": "y", "origin": [8, 10, 8]},
			"faces": {
				"north": {"uv": [1, 10, 2, 11], "texture": "#texture"},
				"east": {"uv": [1, 10, 2, 11], "texture": "#texture"},
				"south": {"uv": [1, 10, 2, 11], "texture": "#texture"},
				"west": {"uv": [1, 10, 2, 11], "texture": "#texture"},
				"up": {"uv": [1, 10, 2, 11], "texture": "#texture"},
				"down": {"uv": [1, 10, 2, 11], "texture": "#texture"}
			}
		},
		{
			"from": [8.5, 9, 21],
			"to": [9.5, 10, 22],
			"rotation": {"angle": 0, "axis": "y", "origin": [16, 10, 8]},
			"faces": {
				"north": {"uv": [1, 10, 2, 11], "texture": "#texture"},
				"east": {"uv": [1, 10, 2, 11], "texture": "#texture"},
				"south": {"uv": [1, 10, 2, 11], "texture": "#texture"},
				"west": {"uv": [1, 10, 2, 11], "texture": "#texture"},
				"up": {"uv": [1, 10, 2, 11], "texture": "#texture"},
				"down": {"uv": [1, 10, 2, 11], "texture": "#texture"}
			}
		}
	],
	"display": {
		"gui": {
			"translation": [0, -0.7, 0],
			"scale": [0.85, 0.85, 0.85]
		},
		"head": {
			"rotation": [0, 180, 0],
			"translation": [0, 0, 5.2],
			"scale": [1.6, 1.6, 1.6]
		},
		"fixed": {
			"rotation": [0, 180, 0],
			"translation": [0, -0.8, 3.8]
		}
	},
	"groups": [
		{
			"name": "mask",
			"origin": [8, 8, 8],
			"children": [0, 1, 2]
		},
		{
			"name": "face",
			"origin": [8, 8, 8],
			"children": [3, 4, 5, 6, 7, 8, 9, 10, 11, 12, 13, 14, 15, 16, 17, 18, 19, 20, 21, 22, 23, 24, 25, 26, 27, 28, 29, 30, 31, 32, 33, 34, 35, 36, 37, 38, 39, 40, 41, 42, 43, 44, 45]
		},
		{
			"name": "mouth",
			"origin": [8, 8, 8],
			"children": [46, 47]
		},
		{
			"name": "void",
			"origin": [8, 8, 8],
			"children": [48, 49, 50, 51]
		},
		{
			"name": "eyes",
			"origin": [8, 8, 8],
			"children": [52, 53, 54, 55, 56, 57]
		},
		{
			"name": "eyebrows",
			"origin": [8, 8, 8],
			"children": [58, 59, 60, 61, 62, 63, 64, 65]
		}
	]
}