{
	"credit": "Made with Blockbench",
	"textures": {
		"2": "blocks/smashtale2"
	},
	"elements": [
		{
			"from": [0, 0, -16],
			"to": [16, 17, 32],
			"rotation": {"angle": 0, "axis": "y", "origin": [15, 8, 8]},
			"faces": {
				"north": {"uv": [0, 1.808, 8.344, 1.843], "texture": "#2"},
				"east": {"uv": [0, 0, 15.40262, 1.90246], "texture": "#2"},
				"south": {"uv": [11.788, 1.731, 15.324, 1.749], "texture": "#2"},
				"west": {"uv": [0, 0, 15.40262, 1.90246], "texture": "#2"},
				"up": {"uv": [0, 0, 15.40262, 1.90246], "rotation": 90, "texture": "#2"},
				"down": {"uv": [0, 0, 15.40262, 1.90246], "rotation": 90, "texture": "#2"}
			}
		}
	],
	"display": {
		"head": {
			"translation": [0, -26, -4],
			"scale": [3.4, 3.4, 4]
		},
		"fixed": {
			"translation": [0, -2.6, 0],
			"scale": [0.9, 0.9, 0.9]
		}
	}
}