{
	"credit": "Made with Blockbench",
	"textures": {
		"0": "blocks/napsta",
		"1": "blocks/headphones",
		"particle": "blocks/napsta"
	},
	"elements": [
		{
			"from": [2, 3, 16],
			"to": [14, 7, 17],
			"rotation": {"angle": 0, "axis": "y", "origin": [8, 8, 9]},
			"faces": {
				"north": {"uv": [1, 1, 2, 2], "texture": "#0"},
				"east": {"uv": [1, 1, 2, 2], "texture": "#0"},
				"south": {"uv": [1, 1, 2, 2], "texture": "#0"},
				"west": {"uv": [1, 1, 2, 2], "texture": "#0"},
				"up": {"uv": [1, 1, 2, 2], "texture": "#0"},
				"down": {"uv": [1, 1, 2, 2], "texture": "#0"}
			}
		},
		{
			"from": [2, 3, 4],
			"to": [14, 15, 5],
			"rotation": {"angle": 0, "axis": "y", "origin": [8, 8, -3]},
			"faces": {
				"north": {"uv": [1, 1, 2, 2], "texture": "#0"},
				"east": {"uv": [1, 1, 2, 2], "texture": "#0"},
				"south": {"uv": [1, 1, 2, 2], "texture": "#0"},
				"west": {"uv": [1, 1, 2, 2], "texture": "#0"},
				"up": {"uv": [1, 1, 2, 2], "texture": "#0"},
				"down": {"uv": [1, 1, 2, 2], "texture": "#0"}
			}
		},
		{
			"from": [6, 8, 16],
			"to": [7.75, 14, 17],
			"rotation": {"angle": 0, "axis": "y", "origin": [8, 10, 9]},
			"faces": {
				"north": {"uv": [1, 1, 2, 2], "texture": "#0"},
				"east": {"uv": [1, 1, 2, 2], "texture": "#0"},
				"south": {"uv": [1, 1, 2, 2], "texture": "#0"},
				"west": {"uv": [1, 1, 2, 2], "texture": "#0"},
				"up": {"uv": [1, 1, 2, 2], "texture": "#0"},
				"down": {"uv": [1, 1, 2, 2], "texture": "#0"}
			}
		},
		{
			"from": [8.25, 8, 16],
			"to": [10, 14, 17],
			"rotation": {"angle": 0, "axis": "y", "origin": [8, 10, 9]},
			"faces": {
				"north": {"uv": [1, 1, 2, 2], "texture": "#0"},
				"east": {"uv": [1, 1, 2, 2], "texture": "#0"},
				"south": {"uv": [1, 1, 2, 2], "texture": "#0"},
				"west": {"uv": [1, 1, 2, 2], "texture": "#0"},
				"up": {"uv": [1, 1, 2, 2], "texture": "#0"},
				"down": {"uv": [1, 1, 2, 2], "texture": "#0"}
			}
		},
		{
			"from": [2, 8, 16],
			"to": [3, 14, 17],
			"rotation": {"angle": 0, "axis": "y", "origin": [8, 10, 9]},
			"faces": {
				"north": {"uv": [1, 1, 2, 2], "texture": "#0"},
				"east": {"uv": [1, 1, 2, 2], "texture": "#0"},
				"south": {"uv": [1, 1, 2, 2], "texture": "#0"},
				"west": {"uv": [1, 1, 2, 2], "texture": "#0"},
				"up": {"uv": [1, 1, 2, 2], "texture": "#0"},
				"down": {"uv": [1, 1, 2, 2], "texture": "#0"}
			}
		},
		{
			"from": [3, 15, 16],
			"to": [13, 17, 17],
			"rotation": {"angle": 0, "axis": "y", "origin": [8, 8, 9]},
			"faces": {
				"north": {"uv": [1, 1, 2, 2], "texture": "#0"},
				"east": {"uv": [1, 1, 2, 2], "texture": "#0"},
				"south": {"uv": [1, 1, 2, 2], "texture": "#0"},
				"west": {"uv": [1, 1, 2, 2], "texture": "#0"},
				"up": {"uv": [1, 1, 2, 2], "texture": "#0"},
				"down": {"uv": [1, 1, 2, 2], "texture": "#0"}
			}
		},
		{
			"from": [3, 15, 4],
			"to": [13, 17, 5],
			"rotation": {"angle": 0, "axis": "y", "origin": [8, 8, -3]},
			"faces": {
				"north": {"uv": [1, 1, 2, 2], "texture": "#0"},
				"east": {"uv": [1, 1, 2, 2], "texture": "#0"},
				"south": {"uv": [1, 1, 2, 2], "texture": "#0"},
				"west": {"uv": [1, 1, 2, 2], "texture": "#0"},
				"up": {"uv": [1, 1, 2, 2], "texture": "#0"},
				"down": {"uv": [1, 1, 2, 2], "texture": "#0"}
			}
		},
		{
			"from": [4, 17, 16],
			"to": [12, 18, 17],
			"rotation": {"angle": 0, "axis": "y", "origin": [8, 8, 9]},
			"faces": {
				"north": {"uv": [1, 1, 2, 2], "texture": "#0"},
				"east": {"uv": [1, 1, 2, 2], "texture": "#0"},
				"south": {"uv": [1, 1, 2, 2], "texture": "#0"},
				"west": {"uv": [1, 1, 2, 2], "texture": "#0"},
				"up": {"uv": [1, 1, 2, 2], "texture": "#0"},
				"down": {"uv": [1, 1, 2, 2], "texture": "#0"}
			}
		},
		{
			"from": [4, 17, 4],
			"to": [12, 18, 5],
			"rotation": {"angle": 0, "axis": "y", "origin": [8, 8, -3]},
			"faces": {
				"north": {"uv": [1, 1, 2, 2], "texture": "#0"},
				"east": {"uv": [1, 1, 2, 2], "texture": "#0"},
				"south": {"uv": [1, 1, 2, 2], "texture": "#0"},
				"west": {"uv": [1, 1, 2, 2], "texture": "#0"},
				"up": {"uv": [1, 1, 2, 2], "texture": "#0"},
				"down": {"uv": [1, 1, 2, 2], "texture": "#0"}
			}
		},
		{
			"from": [2, 14, 16],
			"to": [7.75, 15, 17],
			"rotation": {"angle": 0, "axis": "y", "origin": [8, 8, 9]},
			"faces": {
				"north": {"uv": [1, 1, 2, 2], "texture": "#0"},
				"east": {"uv": [1, 1, 2, 2], "texture": "#0"},
				"south": {"uv": [1, 1, 2, 2], "texture": "#0"},
				"west": {"uv": [1, 1, 2, 2], "texture": "#0"},
				"up": {"uv": [1, 1, 2, 2], "texture": "#0"},
				"down": {"uv": [1, 1, 2, 2], "texture": "#0"}
			}
		},
		{
			"from": [2, 7, 16],
			"to": [7.75, 8, 17],
			"rotation": {"angle": 0, "axis": "y", "origin": [8, 1, 9]},
			"faces": {
				"north": {"uv": [1, 1, 2, 2], "texture": "#0"},
				"east": {"uv": [1, 1, 2, 2], "texture": "#0"},
				"south": {"uv": [1, 1, 2, 2], "texture": "#0"},
				"west": {"uv": [1, 1, 2, 2], "texture": "#0"},
				"up": {"uv": [1, 1, 2, 2], "texture": "#0"},
				"down": {"uv": [1, 1, 2, 2], "texture": "#0"}
			}
		},
		{
			"from": [8.25, 14, 16],
			"to": [14, 15, 17],
			"rotation": {"angle": 0, "axis": "y", "origin": [8, 8, 9]},
			"faces": {
				"north": {"uv": [1, 1, 2, 2], "texture": "#0"},
				"east": {"uv": [1, 1, 2, 2], "texture": "#0"},
				"south": {"uv": [1, 1, 2, 2], "texture": "#0"},
				"west": {"uv": [1, 1, 2, 2], "texture": "#0"},
				"up": {"uv": [1, 1, 2, 2], "texture": "#0"},
				"down": {"uv": [1, 1, 2, 2], "texture": "#0"}
			}
		},
		{
			"from": [8.25, 7, 16],
			"to": [14, 8, 17],
			"rotation": {"angle": 0, "axis": "y", "origin": [8, 1, 9]},
			"faces": {
				"north": {"uv": [1, 1, 2, 2], "texture": "#0"},
				"east": {"uv": [1, 1, 2, 2], "texture": "#0"},
				"south": {"uv": [1, 1, 2, 2], "texture": "#0"},
				"west": {"uv": [1, 1, 2, 2], "texture": "#0"},
				"up": {"uv": [1, 1, 2, 2], "texture": "#0"},
				"down": {"uv": [1, 1, 2, 2], "texture": "#0"}
			}
		},
		{
			"from": [2, 15, 5],
			"to": [14, 17, 16],
			"rotation": {"angle": 0, "axis": "y", "origin": [8, 8, 4]},
			"faces": {
				"north": {"uv": [1, 1, 2, 2], "texture": "#0"},
				"east": {"uv": [1, 1, 2, 2], "texture": "#0"},
				"south": {"uv": [1, 14, 2, 15], "texture": "#0"},
				"west": {"uv": [1, 1, 2, 2], "texture": "#0"},
				"up": {"uv": [1, 1, 2, 2], "texture": "#0"},
				"down": {"uv": [1, 1, 2, 2], "texture": "#0"}
			}
		},
		{
			"from": [3, 17, 5],
			"to": [13, 18, 16],
			"rotation": {"angle": 0, "axis": "y", "origin": [8, 8, 4]},
			"faces": {
				"north": {"uv": [1, 1, 2, 2], "texture": "#0"},
				"east": {"uv": [1, 1, 2, 2], "texture": "#0"},
				"south": {"uv": [1, 14, 2, 15], "texture": "#0"},
				"west": {"uv": [1, 1, 2, 2], "texture": "#0"},
				"up": {"uv": [1, 1, 2, 2], "texture": "#0"},
				"down": {"uv": [1, 1, 2, 2], "texture": "#0"}
			}
		},
		{
			"from": [4, 18, 5],
			"to": [12, 19, 16],
			"rotation": {"angle": 0, "axis": "y", "origin": [8, 8, 3]},
			"faces": {
				"north": {"uv": [1, 1, 2, 2], "texture": "#0"},
				"east": {"uv": [1, 1, 2, 2], "texture": "#0"},
				"south": {"uv": [1, 14, 2, 15], "texture": "#0"},
				"west": {"uv": [1, 1, 2, 2], "texture": "#0"},
				"up": {"uv": [1, 1, 2, 2], "texture": "#0"},
				"down": {"uv": [1, 1, 2, 2], "texture": "#0"}
			}
		},
		{
			"from": [13, 8, 16],
			"to": [14, 14, 17],
			"rotation": {"angle": 0, "axis": "y", "origin": [8, 10, 9]},
			"faces": {
				"north": {"uv": [1, 1, 2, 2], "texture": "#0"},
				"east": {"uv": [1, 1, 2, 2], "texture": "#0"},
				"south": {"uv": [1, 1, 2, 2], "texture": "#0"},
				"west": {"uv": [1, 1, 2, 2], "texture": "#0"},
				"up": {"uv": [1, 1, 2, 2], "texture": "#0"},
				"down": {"uv": [1, 1, 2, 2], "texture": "#0"}
			}
		},
		{
			"from": [1, 3, 5],
			"to": [15, 15, 16],
			"rotation": {"angle": 0, "axis": "y", "origin": [8, 8, 4]},
			"faces": {
				"north": {"uv": [1, 1, 2, 2], "texture": "#0"},
				"east": {"uv": [1, 1, 2, 2], "texture": "#0"},
				"south": {"uv": [0, 4, 14, 16], "texture": "#0"},
				"west": {"uv": [1, 1, 2, 2], "texture": "#0"},
				"up": {"uv": [1, 1, 2, 2], "texture": "#0"},
				"down": {"uv": [1, 1, 2, 2], "texture": "#0"}
			}
		},
		{
			"from": [4, 9, 16],
			"to": [5, 13, 16.8],
			"rotation": {"angle": 0, "axis": "y", "origin": [8, 9, 8]},
			"faces": {
				"north": {"uv": [1, 1, 2, 2], "texture": "#0"},
				"east": {"uv": [1, 1, 2, 2], "texture": "#0"},
				"south": {"uv": [1, 1, 2, 2], "texture": "#0"},
				"west": {"uv": [1, 1, 2, 2], "texture": "#0"},
				"up": {"uv": [1, 1, 2, 2], "texture": "#0"},
				"down": {"uv": [1, 1, 2, 2], "texture": "#0"}
			}
		},
		{
			"from": [7.75, 7, 16],
			"to": [8.25, 15, 16.5],
			"rotation": {"angle": 0, "axis": "y", "origin": [8, 9, 8]},
			"faces": {
				"north": {"uv": [10, 1, 11, 2], "texture": "#0"},
				"east": {"uv": [10, 1, 11, 2], "texture": "#0"},
				"south": {"uv": [10, 1, 11, 2], "texture": "#0"},
				"west": {"uv": [10, 1, 11, 2], "texture": "#0"},
				"up": {"uv": [10, 1, 11, 2], "texture": "#0"},
				"down": {"uv": [10, 1, 11, 2], "texture": "#0"}
			}
		},
		{
			"from": [11, 9, 16],
			"to": [12, 13, 16.8],
			"rotation": {"angle": 0, "axis": "y", "origin": [8, 9, 8]},
			"faces": {
				"north": {"uv": [1, 1, 2, 2], "texture": "#0"},
				"east": {"uv": [1, 1, 2, 2], "texture": "#0"},
				"south": {"uv": [1, 1, 2, 2], "texture": "#0"},
				"west": {"uv": [1, 1, 2, 2], "texture": "#0"},
				"up": {"uv": [1, 1, 2, 2], "texture": "#0"},
				"down": {"uv": [1, 1, 2, 2], "texture": "#0"}
			}
		},
		{
			"from": [-1, 8, 8.5],
			"to": [1, 15, 12.5],
			"rotation": {"angle": 0, "axis": "y", "origin": [8, 8, 5]},
			"faces": {
				"north": {"uv": [1, 8, 3, 15], "texture": "#1"},
				"east": {"uv": [2, 8, 6, 15], "texture": "#1"},
				"south": {"uv": [5, 8, 7, 15], "texture": "#1"},
				"west": {"uv": [2, 8, 6, 15], "texture": "#1"},
				"up": {"uv": [2, 7, 6, 9], "rotation": 90, "texture": "#1"},
				"down": {"uv": [2, 14, 6, 16], "rotation": 270, "texture": "#1"}
			}
		},
		{
			"from": [15, 8, 8.5],
			"to": [17, 15, 12.5],
			"rotation": {"angle": 0, "axis": "y", "origin": [8, 8, 16]},
			"faces": {
				"north": {"uv": [3, 8, 1, 15], "texture": "#1"},
				"east": {"uv": [6, 8, 2, 15], "texture": "#1"},
				"south": {"uv": [7, 8, 5, 15], "texture": "#1"},
				"west": {"uv": [2, 8, 6, 15], "texture": "#1"},
				"up": {"uv": [6, 7, 2, 9], "rotation": 270, "texture": "#1"},
				"down": {"uv": [6, 14, 2, 16], "rotation": 90, "texture": "#1"}
			}
		},
		{
			"from": [0, 15, 9.5],
			"to": [1, 18, 11.5],
			"rotation": {"angle": 0, "axis": "y", "origin": [8, 8, 6]},
			"faces": {
				"north": {"uv": [14, 5, 15, 8], "texture": "#1"},
				"east": {"uv": [12, 5, 14, 8], "texture": "#1"},
				"south": {"uv": [13, 5, 14, 8], "texture": "#1"},
				"west": {"uv": [12, 5, 14, 8], "texture": "#1"},
				"up": {"uv": [15, 5, 16, 7], "texture": "#1"},
				"down": {"uv": [1, 1, 2, 2], "texture": "#1"}
			}
		},
		{
			"from": [-1.5, 10, 9.5],
			"to": [-1, 13, 11.5],
			"rotation": {"angle": 0, "axis": "y", "origin": [8, 8, 6]},
			"faces": {
				"north": {"uv": [14, 0, 15, 3], "texture": "#1"},
				"east": {"uv": [1, 1, 2, 2], "texture": "#1"},
				"south": {"uv": [15, 0, 16, 3], "texture": "#1"},
				"west": {"uv": [14, 0, 16, 3], "texture": "#1"},
				"up": {"uv": [14, 0, 16, 1], "rotation": 90, "texture": "#1"},
				"down": {"uv": [14, 2, 16, 3], "rotation": 270, "texture": "#1"}
			}
		},
		{
			"from": [17, 10, 9.5],
			"to": [17.5, 13, 11.5],
			"rotation": {"angle": 0, "axis": "y", "origin": [8, 8, 16]},
			"faces": {
				"north": {"uv": [14, 0, 15, 3], "texture": "#1"},
				"east": {"uv": [16, 0, 14, 3], "texture": "#1"},
				"south": {"uv": [15, 0, 16, 3], "texture": "#1"},
				"west": {"uv": [1, 1, 2, 2], "texture": "#1"},
				"up": {"uv": [14, 0, 16, 1], "rotation": 90, "texture": "#1"},
				"down": {"uv": [14, 2, 16, 3], "rotation": 270, "texture": "#1"}
			}
		},
		{
			"from": [1, 18, 9.5],
			"to": [2, 20, 11.5],
			"rotation": {"angle": 0, "axis": "y", "origin": [8, 7, 6]},
			"faces": {
				"north": {"uv": [12, 5, 13, 7], "texture": "#1"},
				"east": {"uv": [12, 6, 14, 8], "texture": "#1"},
				"south": {"uv": [13, 6, 14, 8], "texture": "#1"},
				"west": {"uv": [12, 1, 14, 3], "texture": "#1"},
				"up": {"uv": [15, 5, 16, 7], "texture": "#1"},
				"down": {"uv": [1, 1, 2, 2], "texture": "#1"}
			}
		},
		{
			"from": [2, 20, 9.5],
			"to": [3, 22, 11.5],
			"rotation": {"angle": 0, "axis": "y", "origin": [8, 5, 6]},
			"faces": {
				"north": {"uv": [12, 0, 13, 2], "texture": "#1"},
				"east": {"uv": [12, 6, 14, 8], "texture": "#1"},
				"south": {"uv": [15, 3, 16, 5], "texture": "#1"},
				"west": {"uv": [14, 6, 16, 8], "texture": "#1"},
				"up": {"uv": [15, 5, 16, 7], "texture": "#1"},
				"down": {"uv": [1, 1, 2, 2], "texture": "#1"}
			}
		},
		{
			"from": [3, 22, 9.5],
			"to": [5, 23, 11.5],
			"rotation": {"angle": 0, "axis": "y", "origin": [8, 5, 6]},
			"faces": {
				"north": {"uv": [12, 4, 14, 5], "texture": "#1"},
				"east": {"uv": [12, 6, 14, 7], "texture": "#1"},
				"south": {"uv": [13, 6, 14, 8], "rotation": 270, "texture": "#1"},
				"west": {"uv": [12, 6, 14, 7], "texture": "#1"},
				"up": {"uv": [14, 0, 16, 2], "rotation": 90, "texture": "#1"},
				"down": {"uv": [1, 1, 2, 2], "texture": "#1"}
			}
		},
		{
			"from": [5, 23, 9.5],
			"to": [11, 24, 11.5],
			"rotation": {"angle": 0, "axis": "y", "origin": [8, 5, 6]},
			"faces": {
				"north": {"uv": [12, 0, 13, 6], "rotation": 90, "texture": "#1"},
				"east": {"uv": [13, 5, 15, 6], "texture": "#1"},
				"south": {"uv": [13, 1, 14, 7], "rotation": 270, "texture": "#1"},
				"west": {"uv": [12, 3, 14, 4], "texture": "#1"},
				"up": {"uv": [14, 2, 16, 8], "rotation": 90, "texture": "#1"},
				"down": {"uv": [14, 1, 16, 7], "rotation": 270, "texture": "#1"}
			}
		},
		{
			"from": [11, 22, 9.5],
			"to": [13, 23, 11.5],
			"rotation": {"angle": 0, "axis": "y", "origin": [19, 5, 6]},
			"faces": {
				"north": {"uv": [13, 4, 15, 5], "texture": "#1"},
				"east": {"uv": [13, 2, 15, 3], "texture": "#1"},
				"south": {"uv": [15, 5, 16, 7], "rotation": 90, "texture": "#1"},
				"west": {"uv": [12, 6, 14, 7], "texture": "#1"},
				"up": {"uv": [12, 6, 14, 8], "rotation": 90, "texture": "#1"},
				"down": {"uv": [1, 1, 2, 2], "texture": "#1"}
			}
		},
		{
			"from": [13, 20, 9.5],
			"to": [14, 22, 11.5],
			"rotation": {"angle": 0, "axis": "y", "origin": [19, 5, 6]},
			"faces": {
				"north": {"uv": [12, 6, 13, 8], "texture": "#1"},
				"east": {"uv": [14, 3, 16, 5], "rotation": 180, "texture": "#1"},
				"south": {"uv": [15, 5, 16, 7], "texture": "#1"},
				"west": {"uv": [12, 6, 14, 8], "texture": "#1"},
				"up": {"uv": [15, 5, 16, 7], "texture": "#1"},
				"down": {"uv": [1, 1, 2, 2], "texture": "#1"}
			}
		},
		{
			"from": [14, 18, 9.5],
			"to": [15, 20, 11.5],
			"rotation": {"angle": 0, "axis": "y", "origin": [21, 7, 6]},
			"faces": {
				"north": {"uv": [12, 6, 13, 8], "texture": "#1"},
				"east": {"uv": [14, 0, 16, 2], "rotation": 180, "texture": "#1"},
				"south": {"uv": [13, 3, 14, 5], "texture": "#1"},
				"west": {"uv": [12, 6, 14, 8], "texture": "#1"},
				"up": {"uv": [15, 5, 16, 7], "texture": "#1"},
				"down": {"uv": [1, 1, 2, 2], "texture": "#1"}
			}
		},
		{
			"from": [15, 15, 9.5],
			"to": [16, 18, 11.5],
			"rotation": {"angle": 0, "axis": "y", "origin": [24, 8, 6]},
			"faces": {
				"north": {"uv": [13, 5, 14, 8], "texture": "#1"},
				"east": {"uv": [14, 5, 16, 8], "rotation": 180, "texture": "#1"},
				"south": {"uv": [13, 1, 14, 4], "texture": "#1"},
				"west": {"uv": [12, 5, 14, 8], "texture": "#1"},
				"up": {"uv": [15, 5, 16, 7], "texture": "#1"},
				"down": {"uv": [1, 1, 2, 2], "texture": "#1"}
			}
		}
	],
	"display": {
		"gui": {
			"translation": [0, -2.5, 0],
			"scale": [0.55, 0.55, 0.55]
		},
		"head": {
			"rotation": [0, 180, 0],
			"translation": [0, -1.25, 2.75],
			"scale": [1.25, 1.25, 1.25]
		}
	},
	"groups": [0, 1, 2, 3, 4, 5, 6, 7, 8, 9, 10, 11, 12, 13, 14, 15, 16, 17, 18, 19, 20,
		{
			"name": "headphones",
			"origin": [24, 8, 6],
			"children": [21, 22, 23, 24, 25, 26, 27, 28, 29, 30, 31, 32, 33]
		}
	]
}