{
	"credit": "Made with Blockbench",
	"textures": {
		"1": "blocks/duck0",
		"3": "blocks/duck1",
		"4": "blocks/duck2",
		"5": "blocks/duck3",
		"6": "blocks/ducksidevoid",
		"7": "blocks/duck4",
		"particle": "blocks/duck0",
		"texture": "blocks/jevil"
	},
	"elements": [
		{
			"from": [5, 0, 9],
			"to": [10, 1, 15],
			"rotation": {"angle": 0, "axis": "y", "origin": [8, 9, 8]},
			"faces": {
				"north": {"uv": [0.5, 2, 1, 2.5], "texture": "#texture"},
				"east": {"uv": [0.5, 2, 1, 2.5], "texture": "#texture"},
				"south": {"uv": [0.5, 2, 1, 2.5], "texture": "#texture"},
				"west": {"uv": [0.5, 2, 1, 2.5], "texture": "#texture"},
				"up": {"uv": [0.5, 2, 1, 2.5], "texture": "#texture"},
				"down": {"uv": [0.5, 2, 1, 2.5], "texture": "#texture"}
			}
		},
		{
			"from": [5, -4, 14],
			"to": [10, -1, 15],
			"rotation": {"angle": 0, "axis": "y", "origin": [8, 9, 8]},
			"faces": {
				"north": {"uv": [0.5, 2, 1, 2.5], "texture": "#texture"},
				"east": {"uv": [0.5, 2, 1, 2.5], "texture": "#texture"},
				"south": {"uv": [0.5, 2, 1, 2.5], "texture": "#texture"},
				"west": {"uv": [0.5, 2, 1, 2.5], "texture": "#texture"},
				"up": {"uv": [0.5, 2, 1, 2.5], "texture": "#texture"},
				"down": {"uv": [0.5, 2, 1, 2.5], "texture": "#texture"}
			}
		},
		{
			"from": [6, -5, 14],
			"to": [9, -4, 15],
			"rotation": {"angle": 0, "axis": "y", "origin": [8, 9, 8]},
			"faces": {
				"north": {"uv": [0.5, 2, 1, 2.5], "texture": "#texture"},
				"east": {"uv": [0.5, 2, 1, 2.5], "texture": "#texture"},
				"south": {"uv": [0.5, 2, 1, 2.5], "texture": "#texture"},
				"west": {"uv": [0.5, 2, 1, 2.5], "texture": "#texture"},
				"up": {"uv": [0.5, 2, 1, 2.5], "texture": "#texture"},
				"down": {"uv": [0.5, 2, 1, 2.5], "texture": "#texture"}
			}
		},
		{
			"from": [7, -6, 14],
			"to": [8, -5, 15],
			"rotation": {"angle": 0, "axis": "y", "origin": [8, 9, 8]},
			"faces": {
				"north": {"uv": [0.5, 2, 1, 2.5], "texture": "#texture"},
				"east": {"uv": [0.5, 2, 1, 2.5], "texture": "#texture"},
				"south": {"uv": [0.5, 2, 1, 2.5], "texture": "#texture"},
				"west": {"uv": [0.5, 2, 1, 2.5], "texture": "#texture"},
				"up": {"uv": [0.5, 2, 1, 2.5], "texture": "#texture"},
				"down": {"uv": [0.5, 2, 1, 2.5], "texture": "#texture"}
			}
		},
		{
			"from": [4, 0, 9],
			"to": [5, 1, 10],
			"rotation": {"angle": 0, "axis": "y", "origin": [8, 9, 8]},
			"faces": {
				"north": {"uv": [0.5, 2, 1, 2.5], "texture": "#texture"},
				"east": {"uv": [0.5, 2, 1, 2.5], "texture": "#texture"},
				"south": {"uv": [0.5, 2, 1, 2.5], "texture": "#texture"},
				"west": {"uv": [0.5, 2, 1, 2.5], "texture": "#texture"},
				"up": {"uv": [0.5, 2, 1, 2.5], "texture": "#texture"},
				"down": {"uv": [0.5, 2, 1, 2.5], "texture": "#texture"}
			}
		},
		{
			"from": [10, 0, 9],
			"to": [11, 1, 10],
			"rotation": {"angle": 0, "axis": "y", "origin": [8, 9, 8]},
			"faces": {
				"north": {"uv": [0.5, 2, 1, 2.5], "texture": "#texture"},
				"east": {"uv": [0.5, 2, 1, 2.5], "texture": "#texture"},
				"south": {"uv": [0.5, 2, 1, 2.5], "texture": "#texture"},
				"west": {"uv": [0.5, 2, 1, 2.5], "texture": "#texture"},
				"up": {"uv": [0.5, 2, 1, 2.5], "texture": "#texture"},
				"down": {"uv": [0.5, 2, 1, 2.5], "texture": "#texture"}
			}
		},
		{
			"from": [2, 1, 9],
			"to": [3, 2, 15],
			"rotation": {"angle": 0, "axis": "y", "origin": [8, 9, 8]},
			"faces": {
				"north": {"uv": [0.5, 2, 1, 2.5], "texture": "#texture"},
				"east": {"uv": [0.5, 2, 1, 2.5], "texture": "#texture"},
				"south": {"uv": [0.5, 2, 1, 2.5], "texture": "#texture"},
				"west": {"uv": [0.5, 2, 1, 2.5], "texture": "#texture"},
				"up": {"uv": [0.5, 2, 1, 2.5], "texture": "#texture"},
				"down": {"uv": [0.5, 2, 1, 2.5], "texture": "#texture"}
			}
		},
		{
			"from": [12, 1, 9],
			"to": [13, 2, 15],
			"rotation": {"angle": 0, "axis": "y", "origin": [16, 9, 8]},
			"faces": {
				"north": {"uv": [0.5, 2, 1, 2.5], "texture": "#texture"},
				"east": {"uv": [0.5, 2, 1, 2.5], "texture": "#texture"},
				"south": {"uv": [0.5, 2, 1, 2.5], "texture": "#texture"},
				"west": {"uv": [0.5, 2, 1, 2.5], "texture": "#texture"},
				"up": {"uv": [0.5, 2, 1, 2.5], "texture": "#texture"},
				"down": {"uv": [0.5, 2, 1, 2.5], "texture": "#texture"}
			}
		},
		{
			"from": [3, 0, 9],
			"to": [4, 1, 15],
			"rotation": {"angle": 0, "axis": "y", "origin": [8, 9, 8]},
			"faces": {
				"north": {"uv": [0.5, 2, 1, 2.5], "texture": "#texture"},
				"east": {"uv": [0.5, 2, 1, 2.5], "texture": "#texture"},
				"south": {"uv": [0.5, 2, 1, 2.5], "texture": "#texture"},
				"west": {"uv": [0.5, 2, 1, 2.5], "texture": "#texture"},
				"up": {"uv": [0.5, 2, 1, 2.5], "texture": "#texture"},
				"down": {"uv": [0.5, 2, 1, 2.5], "texture": "#texture"}
			}
		},
		{
			"from": [4, -1, 9],
			"to": [11, 0, 15],
			"rotation": {"angle": 0, "axis": "y", "origin": [9, 8, 8]},
			"faces": {
				"north": {"uv": [0.5, 2, 1, 2.5], "texture": "#texture"},
				"east": {"uv": [0.5, 2, 1, 2.5], "texture": "#texture"},
				"south": {"uv": [0.5, 2, 1, 2.5], "texture": "#texture"},
				"west": {"uv": [0.5, 2, 1, 2.5], "texture": "#texture"},
				"up": {"uv": [0.5, 2, 1, 2.5], "texture": "#texture"},
				"down": {"uv": [0.5, 2, 1, 2.5], "texture": "#texture"}
			}
		},
		{
			"from": [11, 0, 9],
			"to": [12, 1, 15],
			"rotation": {"angle": 0, "axis": "y", "origin": [16, 9, 8]},
			"faces": {
				"north": {"uv": [0.5, 2, 1, 2.5], "texture": "#texture"},
				"east": {"uv": [0.5, 2, 1, 2.5], "texture": "#texture"},
				"south": {"uv": [0.5, 2, 1, 2.5], "texture": "#texture"},
				"west": {"uv": [0.5, 2, 1, 2.5], "texture": "#texture"},
				"up": {"uv": [0.5, 2, 1, 2.5], "texture": "#texture"},
				"down": {"uv": [0.5, 2, 1, 2.5], "texture": "#texture"}
			}
		},
		{
			"from": [1, 2, 9],
			"to": [3, 10, 15],
			"rotation": {"angle": 0, "axis": "y", "origin": [8, 9, 8]},
			"faces": {
				"north": {"uv": [0.5, 2, 1, 2.5], "texture": "#texture"},
				"east": {"uv": [0.5, 2, 1, 2.5], "texture": "#texture"},
				"south": {"uv": [0.5, 2, 1, 2.5], "texture": "#texture"},
				"west": {"uv": [0.5, 2, 1, 2.5], "texture": "#texture"},
				"up": {"uv": [0.5, 2, 1, 2.5], "texture": "#texture"},
				"down": {"uv": [0.5, 2, 1, 2.5], "texture": "#texture"}
			}
		},
		{
			"from": [2, 10, 9],
			"to": [3, 11, 15],
			"rotation": {"angle": 0, "axis": "y", "origin": [8, 9, 8]},
			"faces": {
				"north": {"uv": [0.5, 2, 1, 2.5], "texture": "#texture"},
				"east": {"uv": [0.5, 2, 1, 2.5], "texture": "#texture"},
				"south": {"uv": [0.5, 2, 1, 2.5], "texture": "#texture"},
				"west": {"uv": [0.5, 2, 1, 2.5], "texture": "#texture"},
				"up": {"uv": [0.5, 2, 1, 2.5], "texture": "#texture"},
				"down": {"uv": [0.5, 2, 1, 2.5], "texture": "#texture"}
			}
		},
		{
			"from": [4, 12, 9],
			"to": [20, 14, 15],
			"rotation": {"angle": 0, "axis": "y", "origin": [8, 9, 8]},
			"faces": {
				"north": {"uv": [0.5, 2, 1, 2.5], "texture": "#texture"},
				"east": {"uv": [0.5, 2, 1, 2.5], "texture": "#texture"},
				"south": {"uv": [0.5, 2, 1, 2.5], "texture": "#texture"},
				"west": {"uv": [0.5, 2, 1, 2.5], "texture": "#texture"},
				"up": {"uv": [0.5, 2, 1, 2.5], "texture": "#texture"},
				"down": {"uv": [0.5, 2, 1, 2.5], "texture": "#texture"}
			}
		},
		{
			"from": [3, 14, 9],
			"to": [20, 15, 15],
			"rotation": {"angle": 0, "axis": "y", "origin": [8, 9, 8]},
			"faces": {
				"north": {"uv": [0.5, 2, 1, 2.5], "texture": "#texture"},
				"east": {"uv": [0.5, 2, 1, 2.5], "texture": "#texture"},
				"south": {"uv": [0.5, 2, 1, 2.5], "texture": "#texture"},
				"west": {"uv": [0.5, 2, 1, 2.5], "texture": "#texture"},
				"up": {"uv": [0.5, 2, 1, 2.5], "texture": "#texture"},
				"down": {"uv": [0.5, 2, 1, 2.5], "texture": "#texture"}
			}
		},
		{
			"from": [2, 17, 9],
			"to": [7, 18, 15],
			"rotation": {"angle": 0, "axis": "y", "origin": [8, 9, 8]},
			"faces": {
				"north": {"uv": [0.5, 2, 1, 2.5], "texture": "#texture"},
				"east": {"uv": [0.5, 2, 1, 2.5], "texture": "#texture"},
				"south": {"uv": [0.5, 2, 1, 2.5], "texture": "#texture"},
				"west": {"uv": [0.5, 2, 1, 2.5], "texture": "#texture"},
				"up": {"uv": [0.5, 2, 1, 2.5], "texture": "#texture"},
				"down": {"uv": [0.5, 2, 1, 2.5], "texture": "#texture"}
			}
		},
		{
			"from": [1, 16, 9],
			"to": [7, 17, 15],
			"rotation": {"angle": 0, "axis": "y", "origin": [8, 9, 8]},
			"faces": {
				"north": {"uv": [0.5, 2, 1, 2.5], "texture": "#texture"},
				"east": {"uv": [0.5, 2, 1, 2.5], "texture": "#texture"},
				"south": {"uv": [0.5, 2, 1, 2.5], "texture": "#texture"},
				"west": {"uv": [0.5, 2, 1, 2.5], "texture": "#texture"},
				"up": {"uv": [0.5, 2, 1, 2.5], "texture": "#texture"},
				"down": {"uv": [0.5, 2, 1, 2.5], "texture": "#texture"}
			}
		},
		{
			"from": [3, 18, 9],
			"to": [6, 19, 15],
			"rotation": {"angle": 0, "axis": "y", "origin": [8, 9, 8]},
			"faces": {
				"north": {"uv": [0.5, 2, 1, 2.5], "texture": "#texture"},
				"east": {"uv": [0.5, 2, 1, 2.5], "texture": "#texture"},
				"south": {"uv": [0.5, 2, 1, 2.5], "texture": "#texture"},
				"west": {"uv": [0.5, 2, 1, 2.5], "texture": "#texture"},
				"up": {"uv": [0.5, 2, 1, 2.5], "texture": "#texture"},
				"down": {"uv": [0.5, 2, 1, 2.5], "texture": "#texture"}
			}
		},
		{
			"from": [12, 20, 9],
			"to": [15, 21, 15],
			"rotation": {"angle": 0, "axis": "y", "origin": [8, 9, 8]},
			"faces": {
				"north": {"uv": [0.5, 2, 1, 2.5], "texture": "#texture"},
				"east": {"uv": [0.5, 2, 1, 2.5], "texture": "#texture"},
				"south": {"uv": [0.5, 2, 1, 2.5], "texture": "#texture"},
				"west": {"uv": [0.5, 2, 1, 2.5], "texture": "#texture"},
				"up": {"uv": [0.5, 2, 1, 2.5], "texture": "#texture"},
				"down": {"uv": [0.5, 2, 1, 2.5], "texture": "#texture"}
			}
		},
		{
			"from": [7, 15, 9],
			"to": [19, 17, 15],
			"rotation": {"angle": 0, "axis": "y", "origin": [8, 9, 8]},
			"faces": {
				"north": {"uv": [0.5, 2, 1, 2.5], "texture": "#texture"},
				"east": {"uv": [0.5, 2, 1, 2.5], "texture": "#texture"},
				"south": {"uv": [0.5, 2, 1, 2.5], "texture": "#texture"},
				"west": {"uv": [0.5, 2, 1, 2.5], "texture": "#texture"},
				"up": {"uv": [0.5, 2, 1, 2.5], "texture": "#texture"},
				"down": {"uv": [0.5, 2, 1, 2.5], "texture": "#texture"}
			}
		},
		{
			"from": [8, 13, 15],
			"to": [19, 15, 16],
			"rotation": {"angle": 0, "axis": "y", "origin": [8, 9, 8]},
			"faces": {
				"north": {"uv": [0.5, 3.5, 1, 4], "texture": "#texture"},
				"east": {"uv": [0.5, 3.5, 1, 4], "texture": "#texture"},
				"south": {"uv": [0.5, 3.5, 1, 4], "texture": "#texture"},
				"west": {"uv": [0.5, 3.5, 1, 4], "texture": "#texture"},
				"up": {"uv": [0.5, 3.5, 1, 4], "texture": "#texture"},
				"down": {"uv": [0.5, 3.5, 1, 4], "texture": "#texture"}
			}
		},
		{
			"from": [8, 15, 15],
			"to": [18, 17, 16],
			"rotation": {"angle": 0, "axis": "y", "origin": [8, 9, 8]},
			"faces": {
				"north": {"uv": [0.5, 3.5, 1, 4], "texture": "#texture"},
				"east": {"uv": [0.5, 3.5, 1, 4], "texture": "#texture"},
				"south": {"uv": [0.5, 3.5, 1, 4], "texture": "#texture"},
				"west": {"uv": [0.5, 3.5, 1, 4], "texture": "#texture"},
				"up": {"uv": [0.5, 3.5, 1, 4], "texture": "#texture"},
				"down": {"uv": [0.5, 3.5, 1, 4], "texture": "#texture"}
			}
		},
		{
			"from": [9, 17, 15],
			"to": [17, 18, 16],
			"rotation": {"angle": 0, "axis": "y", "origin": [8, 9, 8]},
			"faces": {
				"north": {"uv": [0.5, 3.5, 1, 4], "texture": "#texture"},
				"east": {"uv": [0.5, 3.5, 1, 4], "texture": "#texture"},
				"south": {"uv": [0.5, 3.5, 1, 4], "texture": "#texture"},
				"west": {"uv": [0.5, 3.5, 1, 4], "texture": "#texture"},
				"up": {"uv": [0.5, 3.5, 1, 4], "texture": "#texture"},
				"down": {"uv": [0.5, 3.5, 1, 4], "texture": "#texture"}
			}
		},
		{
			"from": [10, 18, 15],
			"to": [16, 19, 16],
			"rotation": {"angle": 0, "axis": "y", "origin": [8, 9, 8]},
			"faces": {
				"north": {"uv": [0.5, 3.5, 1, 4], "texture": "#texture"},
				"east": {"uv": [0.5, 3.5, 1, 4], "texture": "#texture"},
				"south": {"uv": [0.5, 3.5, 1, 4], "texture": "#texture"},
				"west": {"uv": [0.5, 3.5, 1, 4], "texture": "#texture"},
				"up": {"uv": [0.5, 3.5, 1, 4], "texture": "#texture"},
				"down": {"uv": [0.5, 3.5, 1, 4], "texture": "#texture"}
			}
		},
		{
			"from": [11, 12, 15],
			"to": [17, 13, 16],
			"rotation": {"angle": 0, "axis": "y", "origin": [8, 9, 8]},
			"faces": {
				"north": {"uv": [0.5, 3.5, 1, 4], "texture": "#texture"},
				"east": {"uv": [0.5, 3.5, 1, 4], "texture": "#texture"},
				"south": {"uv": [0.5, 3.5, 1, 4], "texture": "#texture"},
				"west": {"uv": [0.5, 3.5, 1, 4], "texture": "#texture"},
				"up": {"uv": [0.5, 3.5, 1, 4], "texture": "#texture"},
				"down": {"uv": [0.5, 3.5, 1, 4], "texture": "#texture"}
			}
		},
		{
			"from": [13, 12, 16],
			"to": [15, 13, 17],
			"rotation": {"angle": 0, "axis": "y", "origin": [8, 9, 8]},
			"faces": {
				"north": {"uv": [2, 3.5, 2.5, 4], "texture": "#texture"},
				"east": {"uv": [2, 3.5, 2.5, 4], "texture": "#texture"},
				"south": {"uv": [2, 3.5, 2.5, 4], "texture": "#texture"},
				"west": {"uv": [2, 3.5, 2.5, 4], "texture": "#texture"},
				"up": {"uv": [2, 3.5, 2.5, 4], "texture": "#texture"},
				"down": {"uv": [2, 3.5, 2.5, 4], "texture": "#texture"}
			}
		},
		{
			"from": [12, 13, 16],
			"to": [16, 14, 17],
			"rotation": {"angle": 0, "axis": "y", "origin": [8, 9, 8]},
			"faces": {
				"north": {"uv": [2, 3.5, 2.5, 4], "texture": "#texture"},
				"east": {"uv": [2, 3.5, 2.5, 4], "texture": "#texture"},
				"south": {"uv": [2, 3.5, 2.5, 4], "texture": "#texture"},
				"west": {"uv": [2, 3.5, 2.5, 4], "texture": "#texture"},
				"up": {"uv": [2, 3.5, 2.5, 4], "texture": "#texture"},
				"down": {"uv": [2, 3.5, 2.5, 4], "texture": "#texture"}
			}
		},
		{
			"from": [12, 17, 16],
			"to": [15, 18, 17],
			"rotation": {"angle": 0, "axis": "y", "origin": [8, 9, 8]},
			"faces": {
				"north": {"uv": [2, 3.5, 2.5, 4], "texture": "#texture"},
				"east": {"uv": [2, 3.5, 2.5, 4], "texture": "#texture"},
				"south": {"uv": [2, 3.5, 2.5, 4], "texture": "#texture"},
				"west": {"uv": [2, 3.5, 2.5, 4], "texture": "#texture"},
				"up": {"uv": [2, 3.5, 2.5, 4], "texture": "#texture"},
				"down": {"uv": [2, 3.5, 2.5, 4], "texture": "#texture"}
			}
		},
		{
			"from": [11, 14, 16],
			"to": [17, 15, 17],
			"rotation": {"angle": 0, "axis": "y", "origin": [8, 9, 8]},
			"faces": {
				"north": {"uv": [2, 3.5, 2.5, 4], "texture": "#texture"},
				"east": {"uv": [2, 3.5, 2.5, 4], "texture": "#texture"},
				"south": {"uv": [2, 3.5, 2.5, 4], "texture": "#texture"},
				"west": {"uv": [2, 3.5, 2.5, 4], "texture": "#texture"},
				"up": {"uv": [2, 3.5, 2.5, 4], "texture": "#texture"},
				"down": {"uv": [2, 3.5, 2.5, 4], "texture": "#texture"}
			}
		},
		{
			"from": [3, 1, 9],
			"to": [12, 2, 14],
			"rotation": {"angle": 0, "axis": "y", "origin": [8, 9, 8]},
			"faces": {
				"north": {"uv": [0.5, 2, 1, 2.5], "texture": "#texture"},
				"east": {"uv": [0.5, 2, 1, 2.5], "texture": "#texture"},
				"south": {"uv": [0.5, 2, 1, 2.5], "texture": "#texture"},
				"west": {"uv": [0.5, 2, 1, 2.5], "texture": "#texture"},
				"up": {"uv": [0.5, 2, 1, 2.5], "texture": "#texture"},
				"down": {"uv": [0.5, 2, 1, 2.5], "texture": "#texture"}
			}
		},
		{
			"from": [3, 15, 9],
			"to": [7, 16, 10],
			"rotation": {"angle": 0, "axis": "y", "origin": [8, 9, 8]},
			"faces": {
				"north": {"uv": [0.5, 2, 1, 2.5], "texture": "#texture"},
				"east": {"uv": [0.5, 2, 1, 2.5], "texture": "#texture"},
				"south": {"uv": [0.5, 2, 1, 2.5], "texture": "#texture"},
				"west": {"uv": [0.5, 2, 1, 2.5], "texture": "#texture"},
				"up": {"uv": [0.5, 2, 1, 2.5], "texture": "#texture"},
				"down": {"uv": [0.5, 2, 1, 2.5], "texture": "#texture"}
			}
		},
		{
			"from": [5, 3, 9],
			"to": [13, 4, 10],
			"rotation": {"angle": 0, "axis": "y", "origin": [8, 9, 8]},
			"faces": {
				"north": {"uv": [0.5, 2, 1, 2.5], "texture": "#texture"},
				"east": {"uv": [0.5, 2, 1, 2.5], "texture": "#texture"},
				"south": {"uv": [0.5, 2, 1, 2.5], "texture": "#texture"},
				"west": {"uv": [0.5, 2, 1, 2.5], "texture": "#texture"},
				"up": {"uv": [0.5, 2, 1, 2.5], "texture": "#texture"},
				"down": {"uv": [0.5, 2, 1, 2.5], "texture": "#texture"}
			}
		},
		{
			"from": [3, 4, 9],
			"to": [13, 5, 10],
			"rotation": {"angle": 0, "axis": "y", "origin": [8, 9, 8]},
			"faces": {
				"north": {"uv": [0.5, 2, 1, 2.5], "texture": "#texture"},
				"east": {"uv": [0.5, 2, 1, 2.5], "texture": "#texture"},
				"south": {"uv": [0.5, 2, 1, 2.5], "texture": "#texture"},
				"west": {"uv": [0.5, 2, 1, 2.5], "texture": "#texture"},
				"up": {"uv": [0.5, 2, 1, 2.5], "texture": "#texture"},
				"down": {"uv": [0.5, 2, 1, 2.5], "texture": "#texture"}
			}
		},
		{
			"from": [10, 15, 16],
			"to": [16, 17, 17],
			"rotation": {"angle": 0, "axis": "y", "origin": [8, 9, 8]},
			"faces": {
				"north": {"uv": [2, 3.5, 2.5, 4], "texture": "#texture"},
				"east": {"uv": [2, 3.5, 2.5, 4], "texture": "#texture"},
				"south": {"uv": [2, 3.5, 2.5, 4], "texture": "#texture"},
				"west": {"uv": [2, 3.5, 2.5, 4], "texture": "#texture"},
				"up": {"uv": [2, 3.5, 2.5, 4], "texture": "#texture"},
				"down": {"uv": [2, 3.5, 2.5, 4], "texture": "#texture"}
			}
		},
		{
			"from": [12, 19, 15],
			"to": [15, 20, 16],
			"rotation": {"angle": 0, "axis": "y", "origin": [8, 9, 8]},
			"faces": {
				"north": {"uv": [0.5, 3.5, 1, 4], "texture": "#texture"},
				"east": {"uv": [0.5, 3.5, 1, 4], "texture": "#texture"},
				"south": {"uv": [0.5, 3.5, 1, 4], "texture": "#texture"},
				"west": {"uv": [0.5, 3.5, 1, 4], "texture": "#texture"},
				"up": {"uv": [0.5, 3.5, 1, 4], "texture": "#texture"},
				"down": {"uv": [0.5, 3.5, 1, 4], "texture": "#texture"}
			}
		},
		{
			"from": [8, 17, 9],
			"to": [18, 18, 15],
			"rotation": {"angle": 0, "axis": "y", "origin": [8, 9, 8]},
			"faces": {
				"north": {"uv": [0.5, 2, 1, 2.5], "texture": "#texture"},
				"east": {"uv": [0.5, 2, 1, 2.5], "texture": "#texture"},
				"south": {"uv": [0.5, 2, 1, 2.5], "texture": "#texture"},
				"west": {"uv": [0.5, 2, 1, 2.5], "texture": "#texture"},
				"up": {"uv": [0.5, 2, 1, 2.5], "texture": "#texture"},
				"down": {"uv": [0.5, 2, 1, 2.5], "texture": "#texture"}
			}
		},
		{
			"from": [9, 18, 9],
			"to": [17, 19, 15],
			"rotation": {"angle": 0, "axis": "y", "origin": [8, 9, 8]},
			"faces": {
				"north": {"uv": [0.5, 2, 1, 2.5], "texture": "#texture"},
				"east": {"uv": [0.5, 2, 1, 2.5], "texture": "#texture"},
				"south": {"uv": [0.5, 2, 1, 2.5], "texture": "#texture"},
				"west": {"uv": [0.5, 2, 1, 2.5], "texture": "#texture"},
				"up": {"uv": [0.5, 2, 1, 2.5], "texture": "#texture"},
				"down": {"uv": [0.5, 2, 1, 2.5], "texture": "#texture"}
			}
		},
		{
			"from": [10, 19, 9],
			"to": [16, 20, 15],
			"rotation": {"angle": 0, "axis": "y", "origin": [8, 9, 8]},
			"faces": {
				"north": {"uv": [0.5, 2, 1, 2.5], "texture": "#texture"},
				"east": {"uv": [0.5, 2, 1, 2.5], "texture": "#texture"},
				"south": {"uv": [0.5, 2, 1, 2.5], "texture": "#texture"},
				"west": {"uv": [0.5, 2, 1, 2.5], "texture": "#texture"},
				"up": {"uv": [0.5, 2, 1, 2.5], "texture": "#texture"},
				"down": {"uv": [0.5, 2, 1, 2.5], "texture": "#texture"}
			}
		},
		{
			"from": [-1, 10, 11],
			"to": [1, 11, 14],
			"rotation": {"angle": 0, "axis": "y", "origin": [8, 9, 8]},
			"faces": {
				"north": {"uv": [0.5, 2, 1, 2.5], "texture": "#texture"},
				"east": {"uv": [0.5, 2, 1, 2.5], "texture": "#texture"},
				"south": {"uv": [0.5, 2, 1, 2.5], "texture": "#texture"},
				"west": {"uv": [0.5, 2, 1, 2.5], "texture": "#texture"},
				"up": {"uv": [0.5, 2, 1, 2.5], "texture": "#texture"},
				"down": {"uv": [0.5, 2, 1, 2.5], "texture": "#texture"}
			}
		},
		{
			"from": [0, 6, 11],
			"to": [1, 7, 14],
			"rotation": {"angle": 0, "axis": "y", "origin": [8, 9, 8]},
			"faces": {
				"north": {"uv": [0.5, 2, 1, 2.5], "texture": "#texture"},
				"east": {"uv": [0.5, 2, 1, 2.5], "texture": "#texture"},
				"south": {"uv": [0.5, 2, 1, 2.5], "texture": "#texture"},
				"west": {"uv": [0.5, 2, 1, 2.5], "texture": "#texture"},
				"up": {"uv": [0.5, 2, 1, 2.5], "texture": "#texture"},
				"down": {"uv": [0.5, 2, 1, 2.5], "texture": "#texture"}
			}
		},
		{
			"from": [-1, 12, 12],
			"to": [0, 13, 16],
			"rotation": {"angle": 0, "axis": "y", "origin": [8, 9, 8]},
			"faces": {
				"north": {"uv": [0.5, 2, 1, 2.5], "texture": "#texture"},
				"east": {"uv": [0.5, 2, 1, 2.5], "texture": "#texture"},
				"south": {"uv": [0.5, 2, 1, 2.5], "texture": "#texture"},
				"west": {"uv": [0.5, 2, 1, 2.5], "texture": "#texture"},
				"up": {"uv": [0.5, 2, 1, 2.5], "texture": "#texture"},
				"down": {"uv": [0.5, 2, 1, 2.5], "texture": "#texture"}
			}
		},
		{
			"from": [20, 10, 11],
			"to": [21, 11, 15],
			"rotation": {"angle": 0, "axis": "y", "origin": [29, 7, 7]},
			"faces": {
				"north": {"uv": [0.5, 2, 1, 2.5], "texture": "#texture"},
				"east": {"uv": [0.5, 2, 1, 2.5], "texture": "#texture"},
				"south": {"uv": [0.5, 2, 1, 2.5], "texture": "#texture"},
				"west": {"uv": [0.5, 2, 1, 2.5], "texture": "#texture"},
				"up": {"uv": [0.5, 2, 1, 2.5], "texture": "#texture"},
				"down": {"uv": [0.5, 2, 1, 2.5], "texture": "#texture"}
			}
		},
		{
			"from": [0, 13, 12],
			"to": [1, 14, 16],
			"rotation": {"angle": 0, "axis": "y", "origin": [9, 10, 8]},
			"faces": {
				"north": {"uv": [0.5, 2, 1, 2.5], "texture": "#texture"},
				"east": {"uv": [0.5, 2, 1, 2.5], "texture": "#texture"},
				"south": {"uv": [0.5, 2, 1, 2.5], "texture": "#texture"},
				"west": {"uv": [0.5, 2, 1, 2.5], "texture": "#texture"},
				"up": {"uv": [0.5, 2, 1, 2.5], "texture": "#texture"},
				"down": {"uv": [0.5, 2, 1, 2.5], "texture": "#texture"}
			}
		},
		{
			"from": [21, 11, 11],
			"to": [22, 12, 15],
			"rotation": {"angle": 0, "axis": "y", "origin": [30, 8, 7]},
			"faces": {
				"north": {"uv": [0.5, 2, 1, 2.5], "texture": "#texture"},
				"east": {"uv": [0.5, 2, 1, 2.5], "texture": "#texture"},
				"south": {"uv": [0.5, 2, 1, 2.5], "texture": "#texture"},
				"west": {"uv": [0.5, 2, 1, 2.5], "texture": "#texture"},
				"up": {"uv": [0.5, 2, 1, 2.5], "texture": "#texture"},
				"down": {"uv": [0.5, 2, 1, 2.5], "texture": "#texture"}
			}
		},
		{
			"from": [-2, 13, 12],
			"to": [-1, 14, 16],
			"rotation": {"angle": 0, "axis": "y", "origin": [8, 9, 8]},
			"faces": {
				"north": {"uv": [0.5, 2, 1, 2.5], "texture": "#texture"},
				"east": {"uv": [0.5, 2, 1, 2.5], "texture": "#texture"},
				"south": {"uv": [0.5, 2, 1, 2.5], "texture": "#texture"},
				"west": {"uv": [0.5, 2, 1, 2.5], "texture": "#texture"},
				"up": {"uv": [0.5, 2, 1, 2.5], "texture": "#texture"},
				"down": {"uv": [0.5, 2, 1, 2.5], "texture": "#texture"}
			}
		},
		{
			"from": [19, 11, 11],
			"to": [20, 12, 15],
			"rotation": {"angle": 0, "axis": "y", "origin": [29, 7, 7]},
			"faces": {
				"north": {"uv": [0.5, 2, 1, 2.5], "texture": "#texture"},
				"east": {"uv": [0.5, 2, 1, 2.5], "texture": "#texture"},
				"south": {"uv": [0.5, 2, 1, 2.5], "texture": "#texture"},
				"west": {"uv": [0.5, 2, 1, 2.5], "texture": "#texture"},
				"up": {"uv": [0.5, 2, 1, 2.5], "texture": "#texture"},
				"down": {"uv": [0.5, 2, 1, 2.5], "texture": "#texture"}
			}
		},
		{
			"from": [-1, 14, 12],
			"to": [0, 15, 16],
			"rotation": {"angle": 0, "axis": "y", "origin": [9, 10, 8]},
			"faces": {
				"north": {"uv": [0.5, 2, 1, 2.5], "texture": "#texture"},
				"east": {"uv": [0.5, 2, 1, 2.5], "texture": "#texture"},
				"south": {"uv": [0.5, 2, 1, 2.5], "texture": "#texture"},
				"west": {"uv": [0.5, 2, 1, 2.5], "texture": "#texture"},
				"up": {"uv": [0.5, 2, 1, 2.5], "texture": "#texture"},
				"down": {"uv": [0.5, 2, 1, 2.5], "texture": "#texture"}
			}
		},
		{
			"from": [20, 12, 11],
			"to": [21, 13, 15],
			"rotation": {"angle": 0, "axis": "y", "origin": [30, 8, 7]},
			"faces": {
				"north": {"uv": [0.5, 2, 1, 2.5], "texture": "#texture"},
				"east": {"uv": [0.5, 2, 1, 2.5], "texture": "#texture"},
				"south": {"uv": [0.5, 2, 1, 2.5], "texture": "#texture"},
				"west": {"uv": [0.5, 2, 1, 2.5], "texture": "#texture"},
				"up": {"uv": [0.5, 2, 1, 2.5], "texture": "#texture"},
				"down": {"uv": [0.5, 2, 1, 2.5], "texture": "#texture"}
			}
		},
		{
			"from": [0, 14, 9],
			"to": [2, 16, 15],
			"rotation": {"angle": 0, "axis": "y", "origin": [9, 10, 8]},
			"faces": {
				"north": {"uv": [0.5, 2, 1, 2.5], "texture": "#texture"},
				"east": {"uv": [0.5, 2, 1, 2.5], "texture": "#texture"},
				"south": {"uv": [0.5, 2, 1, 2.5], "texture": "#texture"},
				"west": {"uv": [0.5, 2, 1, 2.5], "texture": "#texture"},
				"up": {"uv": [0.5, 2, 1, 2.5], "texture": "#texture"},
				"down": {"uv": [0.5, 2, 1, 2.5], "texture": "#texture"}
			}
		},
		{
			"from": [0, 7, 11],
			"to": [1, 10, 12],
			"rotation": {"angle": 0, "axis": "y", "origin": [8, 9, 8]},
			"faces": {
				"north": {"uv": [0.5, 2, 1, 2.5], "texture": "#texture"},
				"east": {"uv": [0.5, 2, 1, 2.5], "texture": "#texture"},
				"south": {"uv": [0.5, 2, 1, 2.5], "texture": "#texture"},
				"west": {"uv": [0.5, 2, 1, 2.5], "texture": "#texture"},
				"up": {"uv": [0.5, 2, 1, 2.5], "texture": "#texture"},
				"down": {"uv": [0.5, 2, 1, 2.5], "texture": "#texture"}
			}
		},
		{
			"from": [15, 7, 11],
			"to": [16, 10, 12],
			"rotation": {"angle": 0, "axis": "y", "origin": [8, 9, 8]},
			"faces": {
				"north": {"uv": [0.5, 2, 1, 2.5], "texture": "#texture"},
				"east": {"uv": [0.5, 2, 1, 2.5], "texture": "#texture"},
				"south": {"uv": [0.5, 2, 1, 2.5], "texture": "#texture"},
				"west": {"uv": [0.5, 2, 1, 2.5], "texture": "#texture"},
				"up": {"uv": [0.5, 2, 1, 2.5], "texture": "#texture"},
				"down": {"uv": [0.5, 2, 1, 2.5], "texture": "#texture"}
			}
		},
		{
			"from": [16, 8, 11],
			"to": [17, 11, 12],
			"rotation": {"angle": 0, "axis": "y", "origin": [8, 9, 8]},
			"faces": {
				"north": {"uv": [0.5, 2, 1, 2.5], "texture": "#texture"},
				"east": {"uv": [0.5, 2, 1, 2.5], "texture": "#texture"},
				"south": {"uv": [0.5, 2, 1, 2.5], "texture": "#texture"},
				"west": {"uv": [0.5, 2, 1, 2.5], "texture": "#texture"},
				"up": {"uv": [0.5, 2, 1, 2.5], "texture": "#texture"},
				"down": {"uv": [0.5, 2, 1, 2.5], "texture": "#texture"}
			}
		},
		{
			"from": [15, 4, 11],
			"to": [16, 7, 14],
			"rotation": {"angle": 0, "axis": "y", "origin": [8, 9, 8]},
			"faces": {
				"north": {"uv": [0.5, 2, 1, 2.5], "texture": "#texture"},
				"east": {"uv": [0.5, 2, 1, 2.5], "texture": "#texture"},
				"south": {"uv": [0.5, 2, 1, 2.5], "texture": "#texture"},
				"west": {"uv": [0.5, 2, 1, 2.5], "texture": "#texture"},
				"up": {"uv": [0.5, 2, 1, 2.5], "texture": "#texture"},
				"down": {"uv": [0.5, 2, 1, 2.5], "texture": "#texture"}
			}
		},
		{
			"from": [15, 10, 11],
			"to": [16, 11, 14],
			"rotation": {"angle": 0, "axis": "y", "origin": [8, 15, 8]},
			"faces": {
				"north": {"uv": [0.5, 2, 1, 2.5], "texture": "#texture"},
				"east": {"uv": [0.5, 2, 1, 2.5], "texture": "#texture"},
				"south": {"uv": [0.5, 2, 1, 2.5], "texture": "#texture"},
				"west": {"uv": [0.5, 2, 1, 2.5], "texture": "#texture"},
				"up": {"uv": [0.5, 2, 1, 2.5], "texture": "#texture"},
				"down": {"uv": [0.5, 2, 1, 2.5], "texture": "#texture"}
			}
		},
		{
			"from": [16, 5, 11],
			"to": [17, 8, 14],
			"rotation": {"angle": 0, "axis": "y", "origin": [8, 9, 8]},
			"faces": {
				"north": {"uv": [0.5, 2, 1, 2.5], "texture": "#texture"},
				"east": {"uv": [0.5, 2, 1, 2.5], "texture": "#texture"},
				"south": {"uv": [0.5, 2, 1, 2.5], "texture": "#texture"},
				"west": {"uv": [0.5, 2, 1, 2.5], "texture": "#texture"},
				"up": {"uv": [0.5, 2, 1, 2.5], "texture": "#texture"},
				"down": {"uv": [0.5, 2, 1, 2.5], "texture": "#texture"}
			}
		},
		{
			"from": [16, 11, 11],
			"to": [17, 12, 14],
			"rotation": {"angle": 0, "axis": "y", "origin": [8, 15, 8]},
			"faces": {
				"north": {"uv": [0.5, 2, 1, 2.5], "texture": "#texture"},
				"east": {"uv": [0.5, 2, 1, 2.5], "texture": "#texture"},
				"south": {"uv": [0.5, 2, 1, 2.5], "texture": "#texture"},
				"west": {"uv": [0.5, 2, 1, 2.5], "texture": "#texture"},
				"up": {"uv": [0.5, 2, 1, 2.5], "texture": "#texture"},
				"down": {"uv": [0.5, 2, 1, 2.5], "texture": "#texture"}
			}
		},
		{
			"from": [17, 8, 11],
			"to": [18, 11, 14],
			"rotation": {"angle": 0, "axis": "y", "origin": [8, 9, 8]},
			"faces": {
				"north": {"uv": [0.5, 2, 1, 2.5], "texture": "#texture"},
				"east": {"uv": [0.5, 2, 1, 2.5], "texture": "#texture"},
				"south": {"uv": [0.5, 2, 1, 2.5], "texture": "#texture"},
				"west": {"uv": [0.5, 2, 1, 2.5], "texture": "#texture"},
				"up": {"uv": [0.5, 2, 1, 2.5], "texture": "#texture"},
				"down": {"uv": [0.5, 2, 1, 2.5], "texture": "#texture"}
			}
		},
		{
			"from": [-1, 7, 11],
			"to": [0, 10, 14],
			"rotation": {"angle": 0, "axis": "y", "origin": [8, 9, 8]},
			"faces": {
				"north": {"uv": [0.5, 2, 1, 2.5], "texture": "#texture"},
				"east": {"uv": [0.5, 2, 1, 2.5], "texture": "#texture"},
				"south": {"uv": [0.5, 2, 1, 2.5], "texture": "#texture"},
				"west": {"uv": [0.5, 2, 1, 2.5], "texture": "#texture"},
				"up": {"uv": [0.5, 2, 1, 2.5], "texture": "#texture"},
				"down": {"uv": [0.5, 2, 1, 2.5], "texture": "#texture"}
			}
		},
		{
			"from": [4, 6, 9],
			"to": [13, 12, 15],
			"rotation": {"angle": 0, "axis": "y", "origin": [8, 9, 8]},
			"faces": {
				"north": {"uv": [0.5, 2, 1, 2.5], "texture": "#texture"},
				"east": {"uv": [0.5, 2, 1, 2.5], "texture": "#texture"},
				"south": {"uv": [0.5, 2, 1, 2.5], "texture": "#texture"},
				"west": {"uv": [0.5, 2, 1, 2.5], "texture": "#texture"},
				"up": {"uv": [0.5, 2, 1, 2.5], "texture": "#texture"},
				"down": {"uv": [0.5, 2, 1, 2.5], "texture": "#texture"}
			}
		},
		{
			"from": [3, 6, 9],
			"to": [4, 12, 15],
			"rotation": {"angle": 0, "axis": "y", "origin": [8, 9, 8]},
			"faces": {
				"north": {"uv": [0.5, 2, 1, 2.5], "texture": "#texture"},
				"east": {"uv": [0.5, 2, 1, 2.5], "texture": "#texture"},
				"south": {"uv": [0.5, 2, 1, 2.5], "texture": "#texture"},
				"west": {"uv": [0.5, 2, 1, 2.5], "texture": "#texture"},
				"up": {"uv": [0.5, 2, 1, 2.5], "texture": "#texture"},
				"down": {"uv": [0.5, 2, 1, 2.5], "texture": "#texture"}
			}
		},
		{
			"from": [3, 5, 9],
			"to": [13, 6, 14],
			"rotation": {"angle": 0, "axis": "y", "origin": [8, 9, 8]},
			"faces": {
				"north": {"uv": [0.5, 2, 1, 2.5], "texture": "#texture"},
				"east": {"uv": [0.5, 2, 1, 2.5], "texture": "#texture"},
				"south": {"uv": [0.5, 2, 1, 2.5], "texture": "#texture"},
				"west": {"uv": [0.5, 2, 1, 2.5], "texture": "#texture"},
				"up": {"uv": [0.5, 2, 1, 2.5], "texture": "#texture"},
				"down": {"uv": [0.5, 2, 1, 2.5], "texture": "#texture"}
			}
		},
		{
			"from": [13, 2, 9],
			"to": [14, 3, 15],
			"rotation": {"angle": 0, "axis": "y", "origin": [8, 9, 8]},
			"faces": {
				"north": {"uv": [0.5, 2, 1, 2.5], "texture": "#texture"},
				"east": {"uv": [0.5, 2, 1, 2.5], "texture": "#texture"},
				"south": {"uv": [0.5, 2, 1, 2.5], "texture": "#texture"},
				"west": {"uv": [0.5, 2, 1, 2.5], "texture": "#texture"},
				"up": {"uv": [0.5, 2, 1, 2.5], "texture": "#texture"},
				"down": {"uv": [0.5, 2, 1, 2.5], "texture": "#texture"}
			}
		},
		{
			"from": [13, 3, 9],
			"to": [15, 5, 15],
			"rotation": {"angle": 0, "axis": "y", "origin": [8, 9, 8]},
			"faces": {
				"north": {"uv": [0.5, 2, 1, 2.5], "texture": "#texture"},
				"east": {"uv": [0.5, 2, 1, 2.5], "texture": "#texture"},
				"south": {"uv": [0.5, 2, 1, 2.5], "texture": "#texture"},
				"west": {"uv": [0.5, 2, 1, 2.5], "texture": "#texture"},
				"up": {"uv": [0.5, 2, 1, 2.5], "texture": "#texture"},
				"down": {"uv": [0.5, 2, 1, 2.5], "texture": "#texture"}
			}
		},
		{
			"from": [14, 5, 9],
			"to": [15, 10, 15],
			"rotation": {"angle": 0, "axis": "y", "origin": [8, 9, 8]},
			"faces": {
				"north": {"uv": [0.5, 2, 1, 2.5], "texture": "#texture"},
				"east": {"uv": [0.5, 2, 1, 2.5], "texture": "#texture"},
				"south": {"uv": [0.5, 2, 1, 2.5], "texture": "#texture"},
				"west": {"uv": [0.5, 2, 1, 2.5], "texture": "#texture"},
				"up": {"uv": [0.5, 2, 1, 2.5], "texture": "#texture"},
				"down": {"uv": [0.5, 2, 1, 2.5], "texture": "#texture"}
			}
		},
		{
			"from": [13, 5, 9],
			"to": [14, 10, 15],
			"rotation": {"angle": 0, "axis": "y", "origin": [8, 9, 8]},
			"faces": {
				"north": {"uv": [0.5, 2, 1, 2.5], "texture": "#texture"},
				"east": {"uv": [0.5, 2, 1, 2.5], "texture": "#texture"},
				"south": {"uv": [0.5, 2, 1, 2.5], "texture": "#texture"},
				"west": {"uv": [0.5, 2, 1, 2.5], "texture": "#texture"},
				"up": {"uv": [0.5, 2, 1, 2.5], "texture": "#texture"},
				"down": {"uv": [0.5, 2, 1, 2.5], "texture": "#texture"}
			}
		},
		{
			"from": [13, 10, 15],
			"to": [15, 11, 16],
			"rotation": {"angle": 0, "axis": "y", "origin": [8, 9, 14]},
			"faces": {
				"north": {"uv": [0.5, 3.5, 1, 4], "texture": "#texture"},
				"east": {"uv": [0.5, 3.5, 1, 4], "texture": "#texture"},
				"south": {"uv": [0.5, 3.5, 1, 4], "texture": "#texture"},
				"west": {"uv": [0.5, 3.5, 1, 4], "texture": "#texture"},
				"up": {"uv": [0.5, 3.5, 1, 4], "texture": "#texture"},
				"down": {"uv": [0.5, 3.5, 1, 4], "texture": "#texture"}
			}
		},
		{
			"from": [13, 10, 9],
			"to": [15, 11, 15],
			"rotation": {"angle": 0, "axis": "y", "origin": [8, 9, 8]},
			"faces": {
				"north": {"uv": [0.5, 2, 1, 2.5], "texture": "#texture"},
				"east": {"uv": [0.5, 2, 1, 2.5], "texture": "#texture"},
				"south": {"uv": [0.5, 2, 1, 2.5], "texture": "#texture"},
				"west": {"uv": [0.5, 2, 1, 2.5], "texture": "#texture"},
				"up": {"uv": [0.5, 2, 1, 2.5], "texture": "#texture"},
				"down": {"uv": [0.5, 2, 1, 2.5], "texture": "#texture"}
			}
		},
		{
			"from": [12, 11, 15],
			"to": [16, 12, 16],
			"rotation": {"angle": 0, "axis": "y", "origin": [8, 9, 14]},
			"faces": {
				"north": {"uv": [0.5, 3.5, 1, 4], "texture": "#texture"},
				"east": {"uv": [0.5, 3.5, 1, 4], "texture": "#texture"},
				"south": {"uv": [0.5, 3.5, 1, 4], "texture": "#texture"},
				"west": {"uv": [0.5, 3.5, 1, 4], "texture": "#texture"},
				"up": {"uv": [0.5, 3.5, 1, 4], "texture": "#texture"},
				"down": {"uv": [0.5, 3.5, 1, 4], "texture": "#texture"}
			}
		},
		{
			"from": [13, 11, 9],
			"to": [16, 12, 15],
			"rotation": {"angle": 0, "axis": "y", "origin": [8, 9, 8]},
			"faces": {
				"north": {"uv": [0.5, 2, 1, 2.5], "texture": "#texture"},
				"east": {"uv": [0.5, 2, 1, 2.5], "texture": "#texture"},
				"south": {"uv": [0.5, 2, 1, 2.5], "texture": "#texture"},
				"west": {"uv": [0.5, 2, 1, 2.5], "texture": "#texture"},
				"up": {"uv": [0.5, 2, 1, 2.5], "texture": "#texture"},
				"down": {"uv": [0.5, 2, 1, 2.5], "texture": "#texture"}
			}
		},
		{
			"from": [3, 2, 9],
			"to": [13, 3, 14],
			"rotation": {"angle": 0, "axis": "y", "origin": [8, 9, 8]},
			"faces": {
				"north": {"uv": [0.5, 2, 1, 2.5], "texture": "#texture"},
				"east": {"uv": [0.5, 2, 1, 2.5], "texture": "#texture"},
				"south": {"uv": [0.5, 2, 1, 2.5], "texture": "#texture"},
				"west": {"uv": [0.5, 2, 1, 2.5], "texture": "#texture"},
				"up": {"uv": [0.5, 2, 1, 2.5], "texture": "#texture"},
				"down": {"uv": [0.5, 2, 1, 2.5], "texture": "#texture"}
			}
		},
		{
			"from": [3, 3, 10],
			"to": [12, 4, 14],
			"rotation": {"angle": 0, "axis": "y", "origin": [8, 9, 8]},
			"faces": {
				"north": {"uv": [0.5, 2, 1, 2.5], "texture": "#texture"},
				"east": {"uv": [0.5, 2, 1, 2.5], "texture": "#texture"},
				"south": {"uv": [0.5, 2, 1, 2.5], "texture": "#texture"},
				"west": {"uv": [0.5, 2, 1, 2.5], "texture": "#texture"},
				"up": {"uv": [0.5, 2, 1, 2.5], "texture": "#texture"},
				"down": {"uv": [0.5, 2, 1, 2.5], "texture": "#texture"}
			}
		},
		{
			"from": [10, 4, 14],
			"to": [11, 6, 15],
			"rotation": {"angle": 0, "axis": "y", "origin": [8, 9, 8]},
			"faces": {
				"north": {"uv": [0.5, 2, 1, 2.5], "texture": "#texture"},
				"east": {"uv": [0.5, 2, 1, 2.5], "texture": "#texture"},
				"south": {"uv": [0.5, 2, 1, 2.5], "texture": "#texture"},
				"west": {"uv": [0.5, 2, 1, 2.5], "texture": "#texture"},
				"up": {"uv": [0.5, 2, 1, 2.5], "texture": "#texture"},
				"down": {"uv": [0.5, 2, 1, 2.5], "texture": "#texture"}
			}
		},
		{
			"from": [4, 3, 14],
			"to": [5, 5, 15],
			"rotation": {"angle": 0, "axis": "y", "origin": [8, 9, 8]},
			"faces": {
				"north": {"uv": [0.5, 2, 1, 2.5], "texture": "#texture"},
				"east": {"uv": [0.5, 2, 1, 2.5], "texture": "#texture"},
				"south": {"uv": [0.5, 2, 1, 2.5], "texture": "#texture"},
				"west": {"uv": [0.5, 2, 1, 2.5], "texture": "#texture"},
				"up": {"uv": [0.5, 2, 1, 2.5], "texture": "#texture"},
				"down": {"uv": [0.5, 2, 1, 2.5], "texture": "#texture"}
			}
		},
		{
			"from": [6, 3, 14],
			"to": [7, 4, 15],
			"rotation": {"angle": 0, "axis": "y", "origin": [8, 9, 8]},
			"faces": {
				"north": {"uv": [0.5, 2, 1, 2.5], "texture": "#texture"},
				"east": {"uv": [0.5, 2, 1, 2.5], "texture": "#texture"},
				"south": {"uv": [0.5, 2, 1, 2.5], "texture": "#texture"},
				"west": {"uv": [0.5, 2, 1, 2.5], "texture": "#texture"},
				"up": {"uv": [0.5, 2, 1, 2.5], "texture": "#texture"},
				"down": {"uv": [0.5, 2, 1, 2.5], "texture": "#texture"}
			}
		},
		{
			"from": [12, 5, 14],
			"to": [13, 6, 15],
			"rotation": {"angle": 0, "axis": "y", "origin": [8, 9, 8]},
			"faces": {
				"north": {"uv": [0.5, 2, 1, 2.5], "texture": "#texture"},
				"east": {"uv": [0.5, 2, 1, 2.5], "texture": "#texture"},
				"south": {"uv": [0.5, 2, 1, 2.5], "texture": "#texture"},
				"west": {"uv": [0.5, 2, 1, 2.5], "texture": "#texture"},
				"up": {"uv": [0.5, 2, 1, 2.5], "texture": "#texture"},
				"down": {"uv": [0.5, 2, 1, 2.5], "texture": "#texture"}
			}
		},
		{
			"from": [8, 3, 14],
			"to": [9, 5, 15],
			"rotation": {"angle": 0, "axis": "y", "origin": [8, 9, 8]},
			"faces": {
				"north": {"uv": [0.5, 2, 1, 2.5], "texture": "#texture"},
				"east": {"uv": [0.5, 2, 1, 2.5], "texture": "#texture"},
				"south": {"uv": [0.5, 2, 1, 2.5], "texture": "#texture"},
				"west": {"uv": [0.5, 2, 1, 2.5], "texture": "#texture"},
				"up": {"uv": [0.5, 2, 1, 2.5], "texture": "#texture"},
				"down": {"uv": [0.5, 2, 1, 2.5], "texture": "#texture"}
			}
		},
		{
			"from": [10, 4, 14],
			"to": [11, 5, 15],
			"rotation": {"angle": 0, "axis": "y", "origin": [10, 9, 8]},
			"faces": {
				"north": {"uv": [0.5, 2, 1, 2.5], "texture": "#texture"},
				"east": {"uv": [0.5, 2, 1, 2.5], "texture": "#texture"},
				"south": {"uv": [0.5, 2, 1, 2.5], "texture": "#texture"},
				"west": {"uv": [0.5, 2, 1, 2.5], "texture": "#texture"},
				"up": {"uv": [0.5, 2, 1, 2.5], "texture": "#texture"},
				"down": {"uv": [0.5, 2, 1, 2.5], "texture": "#texture"}
			}
		},
		{
			"from": [11, 4, 10],
			"to": [12, 5, 14],
			"rotation": {"angle": 0, "axis": "y", "origin": [8, 9, 8]},
			"faces": {
				"north": {"uv": [0.5, 2, 1, 2.5], "texture": "#texture"},
				"east": {"uv": [0.5, 2, 1, 2.5], "texture": "#texture"},
				"south": {"uv": [0.5, 2, 1, 2.5], "texture": "#texture"},
				"west": {"uv": [0.5, 2, 1, 2.5], "texture": "#texture"},
				"up": {"uv": [0.5, 2, 1, 2.5], "texture": "#texture"},
				"down": {"uv": [0.5, 2, 1, 2.5], "texture": "#texture"}
			}
		},
		{
			"from": [5, 11, 15],
			"to": [10, 12, 16],
			"rotation": {"angle": 0, "axis": "y", "origin": [8, 9, 9]},
			"faces": {
				"north": {"uv": [0.5, 0.5, 1, 1], "texture": "#texture"},
				"east": {"uv": [0.5, 0.5, 1, 1], "texture": "#texture"},
				"south": {"uv": [0.5, 0.5, 1, 1], "texture": "#texture"},
				"west": {"uv": [0.5, 0.5, 1, 1], "texture": "#texture"},
				"up": {"uv": [0.5, 0.5, 1, 1], "texture": "#texture"},
				"down": {"uv": [0.5, 0.5, 1, 1], "texture": "#texture"}
			}
		},
		{
			"from": [6, 10, 15],
			"to": [9, 11, 16],
			"rotation": {"angle": 0, "axis": "y", "origin": [8, 9, 9]},
			"faces": {
				"north": {"uv": [0.5, 0.5, 1, 1], "texture": "#texture"},
				"east": {"uv": [0.5, 0.5, 1, 1], "texture": "#texture"},
				"south": {"uv": [0.5, 0.5, 1, 1], "texture": "#texture"},
				"west": {"uv": [0.5, 0.5, 1, 1], "texture": "#texture"},
				"up": {"uv": [0.5, 0.5, 1, 1], "texture": "#texture"},
				"down": {"uv": [0.5, 0.5, 1, 1], "texture": "#texture"}
			}
		},
		{
			"from": [4, 5, 15],
			"to": [10, 6, 16],
			"rotation": {"angle": 0, "axis": "y", "origin": [8, 9, 9]},
			"faces": {
				"north": {"uv": [0.5, 0.5, 1, 1], "texture": "#texture"},
				"east": {"uv": [0.5, 0.5, 1, 1], "texture": "#texture"},
				"south": {"uv": [0.5, 0.5, 1, 1], "texture": "#texture"},
				"west": {"uv": [0.5, 0.5, 1, 1], "texture": "#texture"},
				"up": {"uv": [0.5, 0.5, 1, 1], "texture": "#texture"},
				"down": {"uv": [0.5, 0.5, 1, 1], "texture": "#texture"}
			}
		},
		{
			"from": [4, 0, 14],
			"to": [5, 1, 16],
			"rotation": {"angle": 0, "axis": "y", "origin": [8, 7, 8]},
			"faces": {
				"north": {"uv": [0.5, 0.5, 1, 1], "texture": "#texture"},
				"east": {"uv": [0.5, 0.5, 1, 1], "texture": "#texture"},
				"south": {"uv": [0.5, 0.5, 1, 1], "texture": "#texture"},
				"west": {"uv": [0.5, 0.5, 1, 1], "texture": "#texture"},
				"up": {"uv": [0.5, 0.5, 1, 1], "texture": "#texture"},
				"down": {"uv": [0.5, 0.5, 1, 1], "texture": "#texture"}
			}
		},
		{
			"from": [11, 9, 15],
			"to": [13, 10, 16],
			"rotation": {"angle": 0, "axis": "y", "origin": [15, 16, 9]},
			"faces": {
				"north": {"uv": [0.5, 0.5, 1, 1], "texture": "#texture"},
				"east": {"uv": [0.5, 0.5, 1, 1], "texture": "#texture"},
				"south": {"uv": [0.5, 0.5, 1, 1], "texture": "#texture"},
				"west": {"uv": [0.5, 0.5, 1, 1], "texture": "#texture"},
				"up": {"uv": [0.5, 0.5, 1, 1], "texture": "#texture"},
				"down": {"uv": [0.5, 0.5, 1, 1], "texture": "#texture"}
			}
		},
		{
			"from": [7, 8, 15],
			"to": [8, 10, 16],
			"rotation": {"angle": 0, "axis": "y", "origin": [15, 16, 9]},
			"faces": {
				"north": {"uv": [0.5, 0.5, 1, 1], "texture": "#texture"},
				"east": {"uv": [0.5, 0.5, 1, 1], "texture": "#texture"},
				"south": {"uv": [0.5, 0.5, 1, 1], "texture": "#texture"},
				"west": {"uv": [0.5, 0.5, 1, 1], "texture": "#texture"},
				"up": {"uv": [0.5, 0.5, 1, 1], "texture": "#texture"},
				"down": {"uv": [0.5, 0.5, 1, 1], "texture": "#texture"}
			}
		},
		{
			"from": [6, 4, 15],
			"to": [8, 5, 16],
			"rotation": {"angle": 0, "axis": "y", "origin": [15, 16, 9]},
			"faces": {
				"north": {"uv": [0.5, 0.5, 1, 1], "texture": "#texture"},
				"east": {"uv": [0.5, 0.5, 1, 1], "texture": "#texture"},
				"south": {"uv": [0.5, 0.5, 1, 1], "texture": "#texture"},
				"west": {"uv": [0.5, 0.5, 1, 1], "texture": "#texture"},
				"up": {"uv": [0.5, 0.5, 1, 1], "texture": "#texture"},
				"down": {"uv": [0.5, 0.5, 1, 1], "texture": "#texture"}
			}
		},
		{
			"from": [10, 0, 14],
			"to": [11, 1, 16],
			"rotation": {"angle": 0, "axis": "y", "origin": [14, 7, 8]},
			"faces": {
				"north": {"uv": [0.5, 0.5, 1, 1], "texture": "#texture"},
				"east": {"uv": [0.5, 0.5, 1, 1], "texture": "#texture"},
				"south": {"uv": [0.5, 0.5, 1, 1], "texture": "#texture"},
				"west": {"uv": [0.5, 0.5, 1, 1], "texture": "#texture"},
				"up": {"uv": [0.5, 0.5, 1, 1], "texture": "#texture"},
				"down": {"uv": [0.5, 0.5, 1, 1], "texture": "#texture"}
			}
		},
		{
			"from": [3, 1, 14],
			"to": [4, 2, 16],
			"rotation": {"angle": 0, "axis": "y", "origin": [8, 7, 8]},
			"faces": {
				"north": {"uv": [0.5, 0.5, 1, 1], "texture": "#texture"},
				"east": {"uv": [0.5, 0.5, 1, 1], "texture": "#texture"},
				"south": {"uv": [0.5, 0.5, 1, 1], "texture": "#texture"},
				"west": {"uv": [0.5, 0.5, 1, 1], "texture": "#texture"},
				"up": {"uv": [0.5, 0.5, 1, 1], "texture": "#texture"},
				"down": {"uv": [0.5, 0.5, 1, 1], "texture": "#texture"}
			}
		},
		{
			"from": [10, 10, 15],
			"to": [12, 11, 16],
			"rotation": {"angle": 0, "axis": "y", "origin": [15, 16, 9]},
			"faces": {
				"north": {"uv": [0.5, 0.5, 1, 1], "texture": "#texture"},
				"east": {"uv": [0.5, 0.5, 1, 1], "texture": "#texture"},
				"south": {"uv": [0.5, 0.5, 1, 1], "texture": "#texture"},
				"west": {"uv": [0.5, 0.5, 1, 1], "texture": "#texture"},
				"up": {"uv": [0.5, 0.5, 1, 1], "texture": "#texture"},
				"down": {"uv": [0.5, 0.5, 1, 1], "texture": "#texture"}
			}
		},
		{
			"from": [11, 1, 14],
			"to": [12, 2, 16],
			"rotation": {"angle": 0, "axis": "y", "origin": [14, 7, 8]},
			"faces": {
				"north": {"uv": [0.5, 0.5, 1, 1], "texture": "#texture"},
				"east": {"uv": [0.5, 0.5, 1, 1], "texture": "#texture"},
				"south": {"uv": [0.5, 0.5, 1, 1], "texture": "#texture"},
				"west": {"uv": [0.5, 0.5, 1, 1], "texture": "#texture"},
				"up": {"uv": [0.5, 0.5, 1, 1], "texture": "#texture"},
				"down": {"uv": [0.5, 0.5, 1, 1], "texture": "#texture"}
			}
		},
		{
			"from": [10, 7, 15],
			"to": [11, 8, 16],
			"rotation": {"angle": 0, "axis": "y", "origin": [14, 9, 8]},
			"faces": {
				"north": {"uv": [0.5, 0.5, 1, 1], "texture": "#texture"},
				"east": {"uv": [0.5, 0.5, 1, 1], "texture": "#texture"},
				"south": {"uv": [0.5, 0.5, 1, 1], "texture": "#texture"},
				"west": {"uv": [0.5, 0.5, 1, 1], "texture": "#texture"},
				"up": {"uv": [0.5, 0.5, 1, 1], "texture": "#texture"},
				"down": {"uv": [0.5, 0.5, 1, 1], "texture": "#texture"}
			}
		},
		{
			"from": [4, 7, 15],
			"to": [5, 8, 16],
			"rotation": {"angle": 0, "axis": "y", "origin": [14, 9, 8]},
			"faces": {
				"north": {"uv": [0.5, 0.5, 1, 1], "texture": "#texture"},
				"east": {"uv": [0.5, 0.5, 1, 1], "texture": "#texture"},
				"south": {"uv": [0.5, 0.5, 1, 1], "texture": "#texture"},
				"west": {"uv": [0.5, 0.5, 1, 1], "texture": "#texture"},
				"up": {"uv": [0.5, 0.5, 1, 1], "texture": "#texture"},
				"down": {"uv": [0.5, 0.5, 1, 1], "texture": "#texture"}
			}
		},
		{
			"from": [13, 5, 15],
			"to": [14, 8, 16],
			"rotation": {"angle": 0, "axis": "y", "origin": [14, 9, 8]},
			"faces": {
				"north": {"uv": [0.5, 0.5, 1, 1], "texture": "#texture"},
				"east": {"uv": [0.5, 0.5, 1, 1], "texture": "#texture"},
				"south": {"uv": [0.5, 0.5, 1, 1], "texture": "#texture"},
				"west": {"uv": [0.5, 0.5, 1, 1], "texture": "#texture"},
				"up": {"uv": [0.5, 0.5, 1, 1], "texture": "#texture"},
				"down": {"uv": [0.5, 0.5, 1, 1], "texture": "#texture"}
			}
		},
		{
			"from": [12, 2, 14],
			"to": [13, 5, 16],
			"rotation": {"angle": 0, "axis": "y", "origin": [14, 9, 8]},
			"faces": {
				"north": {"uv": [0.5, 0.5, 1, 1], "texture": "#texture"},
				"east": {"uv": [0.5, 0.5, 1, 1], "texture": "#texture"},
				"south": {"uv": [0.5, 0.5, 1, 1], "texture": "#texture"},
				"west": {"uv": [0.5, 0.5, 1, 1], "texture": "#texture"},
				"up": {"uv": [0.5, 0.5, 1, 1], "texture": "#texture"},
				"down": {"uv": [0.5, 0.5, 1, 1], "texture": "#texture"}
			}
		},
		{
			"from": [12, 7, 15],
			"to": [13, 9, 16],
			"rotation": {"angle": 0, "axis": "y", "origin": [14, 9, 9]},
			"faces": {
				"north": {"uv": [0.5, 0.5, 1, 1], "texture": "#texture"},
				"east": {"uv": [0.5, 0.5, 1, 1], "texture": "#texture"},
				"south": {"uv": [0.5, 0.5, 1, 1], "texture": "#texture"},
				"west": {"uv": [0.5, 0.5, 1, 1], "texture": "#texture"},
				"up": {"uv": [0.5, 0.5, 1, 1], "texture": "#texture"},
				"down": {"uv": [0.5, 0.5, 1, 1], "texture": "#texture"}
			}
		},
		{
			"from": [16, 10, 12],
			"to": [17, 11, 13],
			"rotation": {"angle": 0, "axis": "y", "origin": [14, 9, 9]},
			"faces": {
				"north": {"uv": [0.5, 0.5, 1, 1], "texture": "#texture"},
				"east": {"uv": [0.5, 0.5, 1, 1], "texture": "#texture"},
				"south": {"uv": [0.5, 0.5, 1, 1], "texture": "#texture"},
				"west": {"uv": [0.5, 0.5, 1, 1], "texture": "#texture"},
				"up": {"uv": [0.5, 0.5, 1, 1], "texture": "#texture"},
				"down": {"uv": [0.5, 0.5, 1, 1], "texture": "#texture"}
			}
		},
		{
			"from": [15, 8, 12],
			"to": [17, 10, 13],
			"rotation": {"angle": 0, "axis": "y", "origin": [14, 9, 9]},
			"faces": {
				"north": {"uv": [0.5, 0.5, 1, 1], "texture": "#texture"},
				"east": {"uv": [0.5, 0.5, 1, 1], "texture": "#texture"},
				"south": {"uv": [0.5, 0.5, 1, 1], "texture": "#texture"},
				"west": {"uv": [0.5, 0.5, 1, 1], "texture": "#texture"},
				"up": {"uv": [0.5, 0.5, 1, 1], "texture": "#texture"},
				"down": {"uv": [0.5, 0.5, 1, 1], "texture": "#texture"}
			}
		},
		{
			"from": [6, 7, 15],
			"to": [9, 8, 16],
			"rotation": {"angle": 0, "axis": "y", "origin": [14, 9, 9]},
			"faces": {
				"north": {"uv": [0.5, 0.5, 1, 1], "texture": "#texture"},
				"east": {"uv": [0.5, 0.5, 1, 1], "texture": "#texture"},
				"south": {"uv": [0.5, 0.5, 1, 1], "texture": "#texture"},
				"west": {"uv": [0.5, 0.5, 1, 1], "texture": "#texture"},
				"up": {"uv": [0.5, 0.5, 1, 1], "texture": "#texture"},
				"down": {"uv": [0.5, 0.5, 1, 1], "texture": "#texture"}
			}
		},
		{
			"from": [4, 10, 15],
			"to": [5, 11, 16],
			"rotation": {"angle": 0, "axis": "y", "origin": [14, 9, 9]},
			"faces": {
				"north": {"uv": [0.5, 0.5, 1, 1], "texture": "#texture"},
				"east": {"uv": [0.5, 0.5, 1, 1], "texture": "#texture"},
				"south": {"uv": [0.5, 0.5, 1, 1], "texture": "#texture"},
				"west": {"uv": [0.5, 0.5, 1, 1], "texture": "#texture"},
				"up": {"uv": [0.5, 0.5, 1, 1], "texture": "#texture"},
				"down": {"uv": [0.5, 0.5, 1, 1], "texture": "#texture"}
			}
		},
		{
			"from": [3, 6, 15],
			"to": [12, 7, 16],
			"rotation": {"angle": 0, "axis": "y", "origin": [14, 9, 9]},
			"faces": {
				"north": {"uv": [0.5, 0.5, 1, 1], "texture": "#texture"},
				"east": {"uv": [0.5, 0.5, 1, 1], "texture": "#texture"},
				"south": {"uv": [0.5, 0.5, 1, 1], "texture": "#texture"},
				"west": {"uv": [0.5, 0.5, 1, 1], "texture": "#texture"},
				"up": {"uv": [0.5, 0.5, 1, 1], "texture": "#texture"},
				"down": {"uv": [0.5, 0.5, 1, 1], "texture": "#texture"}
			}
		},
		{
			"from": [3, 9, 15],
			"to": [4, 10, 16],
			"rotation": {"angle": 0, "axis": "y", "origin": [14, 9, 9]},
			"faces": {
				"north": {"uv": [0.5, 0.5, 1, 1], "texture": "#texture"},
				"east": {"uv": [0.5, 0.5, 1, 1], "texture": "#texture"},
				"south": {"uv": [0.5, 0.5, 1, 1], "texture": "#texture"},
				"west": {"uv": [0.5, 0.5, 1, 1], "texture": "#texture"},
				"up": {"uv": [0.5, 0.5, 1, 1], "texture": "#texture"},
				"down": {"uv": [0.5, 0.5, 1, 1], "texture": "#texture"}
			}
		},
		{
			"from": [2, 2, 15],
			"to": [3, 9, 16],
			"rotation": {"angle": 0, "axis": "y", "origin": [14, 9, 9]},
			"faces": {
				"north": {"uv": [0.5, 0.5, 1, 1], "texture": "#texture"},
				"east": {"uv": [0.5, 0.5, 1, 1], "texture": "#texture"},
				"south": {"uv": [0.5, 0.5, 1, 1], "texture": "#texture"},
				"west": {"uv": [0.5, 0.5, 1, 1], "texture": "#texture"},
				"up": {"uv": [0.5, 0.5, 1, 1], "texture": "#texture"},
				"down": {"uv": [0.5, 0.5, 1, 1], "texture": "#texture"}
			}
		},
		{
			"from": [8, 1, 14],
			"to": [9, 2, 16],
			"rotation": {"angle": 0, "axis": "y", "origin": [8, 9, 8]},
			"faces": {
				"north": {"uv": [2, 0.5, 2.5, 1], "texture": "#texture"},
				"east": {"uv": [2, 0.5, 2.5, 1], "texture": "#texture"},
				"south": {"uv": [2, 0.5, 2.5, 1], "texture": "#texture"},
				"west": {"uv": [2, 0.5, 2.5, 1], "texture": "#texture"},
				"up": {"uv": [2, 0.5, 2.5, 1], "texture": "#texture"},
				"down": {"uv": [2, 0.5, 2.5, 1], "texture": "#texture"}
			}
		},
		{
			"from": [8, 0, 15],
			"to": [9, 1, 16],
			"rotation": {"angle": 0, "axis": "y", "origin": [8, 8, 9]},
			"faces": {
				"north": {"uv": [2, 0.5, 2.5, 1], "texture": "#texture"},
				"east": {"uv": [2, 0.5, 2.5, 1], "texture": "#texture"},
				"south": {"uv": [2, 0.5, 2.5, 1], "texture": "#texture"},
				"west": {"uv": [2, 0.5, 2.5, 1], "texture": "#texture"},
				"up": {"uv": [2, 0.5, 2.5, 1], "texture": "#texture"},
				"down": {"uv": [2, 0.5, 2.5, 1], "texture": "#texture"}
			}
		},
		{
			"from": [6, 1, 14],
			"to": [7, 2, 16],
			"rotation": {"angle": 0, "axis": "y", "origin": [8, 9, 8]},
			"faces": {
				"north": {"uv": [2, 0.5, 2.5, 1], "texture": "#texture"},
				"east": {"uv": [2, 0.5, 2.5, 1], "texture": "#texture"},
				"south": {"uv": [2, 0.5, 2.5, 1], "texture": "#texture"},
				"west": {"uv": [2, 0.5, 2.5, 1], "texture": "#texture"},
				"up": {"uv": [2, 0.5, 2.5, 1], "texture": "#texture"},
				"down": {"uv": [2, 0.5, 2.5, 1], "texture": "#texture"}
			}
		},
		{
			"from": [6, 0, 15],
			"to": [7, 1, 16],
			"rotation": {"angle": 0, "axis": "y", "origin": [8, 8, 9]},
			"faces": {
				"north": {"uv": [2, 0.5, 2.5, 1], "texture": "#texture"},
				"east": {"uv": [2, 0.5, 2.5, 1], "texture": "#texture"},
				"south": {"uv": [2, 0.5, 2.5, 1], "texture": "#texture"},
				"west": {"uv": [2, 0.5, 2.5, 1], "texture": "#texture"},
				"up": {"uv": [2, 0.5, 2.5, 1], "texture": "#texture"},
				"down": {"uv": [2, 0.5, 2.5, 1], "texture": "#texture"}
			}
		},
		{
			"from": [7, -5, 15],
			"to": [8, -4, 16],
			"rotation": {"angle": 0, "axis": "y", "origin": [8, 8, 9]},
			"faces": {
				"north": {"uv": [2, 0.5, 2.5, 1], "texture": "#texture"},
				"east": {"uv": [2, 0.5, 2.5, 1], "texture": "#texture"},
				"south": {"uv": [2, 0.5, 2.5, 1], "texture": "#texture"},
				"west": {"uv": [2, 0.5, 2.5, 1], "texture": "#texture"},
				"up": {"uv": [2, 0.5, 2.5, 1], "texture": "#texture"},
				"down": {"uv": [2, 0.5, 2.5, 1], "texture": "#texture"}
			}
		},
		{
			"from": [6, -4, 15],
			"to": [9, 0, 16],
			"rotation": {"angle": 0, "axis": "y", "origin": [8, 8, 9]},
			"faces": {
				"north": {"uv": [2, 0.5, 2.5, 1], "texture": "#texture"},
				"east": {"uv": [2, 0.5, 2.5, 1], "texture": "#texture"},
				"south": {"uv": [2, 0.5, 2.5, 1], "texture": "#texture"},
				"west": {"uv": [2, 0.5, 2.5, 1], "texture": "#texture"},
				"up": {"uv": [2, 0.5, 2.5, 1], "texture": "#texture"},
				"down": {"uv": [2, 0.5, 2.5, 1], "texture": "#texture"}
			}
		},
		{
			"from": [10, 11, 15],
			"to": [11, 12, 16],
			"rotation": {"angle": 0, "axis": "y", "origin": [8, 9, 9]},
			"faces": {
				"north": {"uv": [2, 0.5, 2.5, 1], "texture": "#texture"},
				"east": {"uv": [2, 0.5, 2.5, 1], "texture": "#texture"},
				"south": {"uv": [2, 0.5, 2.5, 1], "texture": "#texture"},
				"west": {"uv": [2, 0.5, 2.5, 1], "texture": "#texture"},
				"up": {"uv": [2, 0.5, 2.5, 1], "texture": "#texture"},
				"down": {"uv": [2, 0.5, 2.5, 1], "texture": "#texture"}
			}
		},
		{
			"from": [15, 7, 12],
			"to": [16, 8, 13],
			"rotation": {"angle": 0, "axis": "y", "origin": [8, 9, 9]},
			"faces": {
				"north": {"uv": [2, 0.5, 2.5, 1], "texture": "#texture"},
				"east": {"uv": [2, 0.5, 2.5, 1], "texture": "#texture"},
				"south": {"uv": [2, 0.5, 2.5, 1], "texture": "#texture"},
				"west": {"uv": [2, 0.5, 2.5, 1], "texture": "#texture"},
				"up": {"uv": [2, 0.5, 2.5, 1], "texture": "#texture"},
				"down": {"uv": [2, 0.5, 2.5, 1], "texture": "#texture"}
			}
		},
		{
			"from": [3, 10, 15],
			"to": [4, 11, 16],
			"rotation": {"angle": 0, "axis": "y", "origin": [8, 9, 9]},
			"faces": {
				"north": {"uv": [2, 0.5, 2.5, 1], "texture": "#texture"},
				"east": {"uv": [2, 0.5, 2.5, 1], "texture": "#texture"},
				"south": {"uv": [2, 0.5, 2.5, 1], "texture": "#texture"},
				"west": {"uv": [2, 0.5, 2.5, 1], "texture": "#texture"},
				"up": {"uv": [2, 0.5, 2.5, 1], "texture": "#texture"},
				"down": {"uv": [2, 0.5, 2.5, 1], "texture": "#texture"}
			}
		},
		{
			"from": [1, 14, 15],
			"to": [2, 15, 16],
			"rotation": {"angle": 0, "axis": "y", "origin": [8, 9, 9]},
			"faces": {
				"north": {"uv": [2, 0.5, 2.5, 1], "texture": "#texture"},
				"east": {"uv": [2, 0.5, 2.5, 1], "texture": "#texture"},
				"south": {"uv": [2, 0.5, 2.5, 1], "texture": "#texture"},
				"west": {"uv": [2, 0.5, 2.5, 1], "texture": "#texture"},
				"up": {"uv": [2, 0.5, 2.5, 1], "texture": "#texture"},
				"down": {"uv": [2, 0.5, 2.5, 1], "texture": "#texture"}
			}
		},
		{
			"from": [3, 15, 15],
			"to": [7, 16, 16],
			"rotation": {"angle": 0, "axis": "y", "origin": [8, 10, 9]},
			"faces": {
				"north": {"uv": [2, 0.5, 2.5, 1], "texture": "#texture"},
				"east": {"uv": [2, 0.5, 2.5, 1], "texture": "#texture"},
				"south": {"uv": [2, 0.5, 2.5, 1], "texture": "#texture"},
				"west": {"uv": [2, 0.5, 2.5, 1], "texture": "#texture"},
				"up": {"uv": [2, 0.5, 2.5, 1], "texture": "#texture"},
				"down": {"uv": [2, 0.5, 2.5, 1], "texture": "#texture"}
			}
		},
		{
			"from": [4, 14, 15],
			"to": [7, 15, 16],
			"rotation": {"angle": 0, "axis": "y", "origin": [8, 10, 9]},
			"faces": {
				"north": {"uv": [2, 0.5, 2.5, 1], "texture": "#texture"},
				"east": {"uv": [2, 0.5, 2.5, 1], "texture": "#texture"},
				"south": {"uv": [2, 0.5, 2.5, 1], "texture": "#texture"},
				"west": {"uv": [2, 0.5, 2.5, 1], "texture": "#texture"},
				"up": {"uv": [2, 0.5, 2.5, 1], "texture": "#texture"},
				"down": {"uv": [2, 0.5, 2.5, 1], "texture": "#texture"}
			}
		},
		{
			"from": [3, 17, 15],
			"to": [6, 18, 16],
			"rotation": {"angle": 0, "axis": "y", "origin": [7, 13, 9]},
			"faces": {
				"north": {"uv": [2, 0.5, 2.5, 1], "texture": "#texture"},
				"east": {"uv": [2, 0.5, 2.5, 1], "texture": "#texture"},
				"south": {"uv": [2, 0.5, 2.5, 1], "texture": "#texture"},
				"west": {"uv": [2, 0.5, 2.5, 1], "texture": "#texture"},
				"up": {"uv": [2, 0.5, 2.5, 1], "texture": "#texture"},
				"down": {"uv": [2, 0.5, 2.5, 1], "texture": "#texture"}
			}
		},
		{
			"from": [5, 13, 15],
			"to": [7, 14, 16],
			"rotation": {"angle": 0, "axis": "y", "origin": [8, 10, 9]},
			"faces": {
				"north": {"uv": [2, 0.5, 2.5, 1], "texture": "#texture"},
				"east": {"uv": [2, 0.5, 2.5, 1], "texture": "#texture"},
				"south": {"uv": [2, 0.5, 2.5, 1], "texture": "#texture"},
				"west": {"uv": [2, 0.5, 2.5, 1], "texture": "#texture"},
				"up": {"uv": [2, 0.5, 2.5, 1], "texture": "#texture"},
				"down": {"uv": [2, 0.5, 2.5, 1], "texture": "#texture"}
			}
		},
		{
			"from": [2, 16, 15],
			"to": [7, 17, 16],
			"rotation": {"angle": 0, "axis": "y", "origin": [7, 13, 9]},
			"faces": {
				"north": {"uv": [2, 0.5, 2.5, 1], "texture": "#texture"},
				"east": {"uv": [2, 0.5, 2.5, 1], "texture": "#texture"},
				"south": {"uv": [2, 0.5, 2.5, 1], "texture": "#texture"},
				"west": {"uv": [2, 0.5, 2.5, 1], "texture": "#texture"},
				"up": {"uv": [2, 0.5, 2.5, 1], "texture": "#texture"},
				"down": {"uv": [2, 0.5, 2.5, 1], "texture": "#texture"}
			}
		},
		{
			"from": [2, 15, 9],
			"to": [3, 16, 16],
			"rotation": {"angle": 0, "axis": "y", "origin": [8, 9, 9]},
			"faces": {
				"north": {"uv": [0.5, 2, 1, 2.5], "texture": "#texture"},
				"east": {"uv": [2, 0.5, 2.5, 1], "texture": "#texture"},
				"south": {"uv": [2, 0.5, 2.5, 1], "texture": "#texture"},
				"west": {"uv": [2, 0.5, 2.5, 1], "texture": "#texture"},
				"up": {"uv": [2, 0.5, 2.5, 1], "texture": "#texture"},
				"down": {"uv": [2, 0.5, 2.5, 1], "texture": "#texture"}
			}
		},
		{
			"from": [0, 7, 12],
			"to": [1, 10, 13],
			"rotation": {"angle": 0, "axis": "y", "origin": [8, 9, 9]},
			"faces": {
				"north": {"uv": [2, 0.5, 2.5, 1], "texture": "#texture"},
				"east": {"uv": [2, 0.5, 2.5, 1], "texture": "#texture"},
				"south": {"uv": [2, 0.5, 2.5, 1], "texture": "#texture"},
				"west": {"uv": [2, 0.5, 2.5, 1], "texture": "#texture"},
				"up": {"uv": [2, 0.5, 2.5, 1], "texture": "#texture"},
				"down": {"uv": [2, 0.5, 2.5, 1], "texture": "#texture"}
			}
		},
		{
			"from": [3, 4, 14],
			"to": [4, 6, 15],
			"faces": {
				"north": {"uv": [2, 2, 2.5, 2.5], "texture": "#texture"},
				"east": {"uv": [2, 2, 2.5, 2.5], "texture": "#texture"},
				"south": {"uv": [2, 2, 2.5, 2.5], "texture": "#texture"},
				"west": {"uv": [2, 2, 2.5, 2.5], "texture": "#texture"},
				"up": {"uv": [2, 2, 2.5, 2.5], "texture": "#texture"},
				"down": {"uv": [2, 2, 2.5, 2.5], "texture": "#texture"}
			}
		},
		{
			"from": [5, 3, 14],
			"to": [6, 5, 15],
			"faces": {
				"north": {"uv": [2, 2, 2.5, 2.5], "texture": "#texture"},
				"east": {"uv": [2, 2, 2.5, 2.5], "texture": "#texture"},
				"south": {"uv": [2, 2, 2.5, 2.5], "texture": "#texture"},
				"west": {"uv": [2, 2, 2.5, 2.5], "texture": "#texture"},
				"up": {"uv": [2, 2, 2.5, 2.5], "texture": "#texture"},
				"down": {"uv": [2, 2, 2.5, 2.5], "texture": "#texture"}
			}
		},
		{
			"from": [7, 3, 14],
			"to": [8, 4, 15],
			"faces": {
				"north": {"uv": [2, 2, 2.5, 2.5], "texture": "#texture"},
				"east": {"uv": [2, 2, 2.5, 2.5], "texture": "#texture"},
				"south": {"uv": [2, 2, 2.5, 2.5], "texture": "#texture"},
				"west": {"uv": [2, 2, 2.5, 2.5], "texture": "#texture"},
				"up": {"uv": [2, 2, 2.5, 2.5], "texture": "#texture"},
				"down": {"uv": [2, 2, 2.5, 2.5], "texture": "#texture"}
			}
		},
		{
			"from": [5, 9, 15],
			"to": [6, 10, 16],
			"faces": {
				"north": {"uv": [2, 2, 2.5, 2.5], "texture": "#texture"},
				"east": {"uv": [2, 2, 2.5, 2.5], "texture": "#texture"},
				"south": {"uv": [2, 2, 2.5, 2.5], "texture": "#texture"},
				"west": {"uv": [2, 2, 2.5, 2.5], "texture": "#texture"},
				"up": {"uv": [2, 2, 2.5, 2.5], "texture": "#texture"},
				"down": {"uv": [2, 2, 2.5, 2.5], "texture": "#texture"}
			}
		},
		{
			"from": [-1, 13, 13],
			"to": [0, 14, 15],
			"faces": {
				"north": {"uv": [2, 2, 2.5, 2.5], "texture": "#texture"},
				"east": {"uv": [2, 2, 2.5, 2.5], "texture": "#texture"},
				"south": {"uv": [2, 2, 2.5, 2.5], "texture": "#texture"},
				"west": {"uv": [2, 2, 2.5, 2.5], "texture": "#texture"},
				"up": {"uv": [2, 2, 2.5, 2.5], "texture": "#texture"},
				"down": {"uv": [2, 2, 2.5, 2.5], "texture": "#texture"}
			}
		},
		{
			"from": [20, 11, 12],
			"to": [21, 12, 14],
			"rotation": {"angle": 0, "axis": "y", "origin": [29, 6, 7]},
			"faces": {
				"north": {"uv": [2, 2, 2.5, 2.5], "texture": "#texture"},
				"east": {"uv": [2, 2, 2.5, 2.5], "texture": "#texture"},
				"south": {"uv": [2, 2, 2.5, 2.5], "texture": "#texture"},
				"west": {"uv": [2, 2, 2.5, 2.5], "texture": "#texture"},
				"up": {"uv": [2, 2, 2.5, 2.5], "texture": "#texture"},
				"down": {"uv": [2, 2, 2.5, 2.5], "texture": "#texture"}
			}
		},
		{
			"from": [9, 9, 15],
			"to": [10, 10, 16],
			"faces": {
				"north": {"uv": [2, 2, 2.5, 2.5], "texture": "#texture"},
				"east": {"uv": [2, 2, 2.5, 2.5], "texture": "#texture"},
				"south": {"uv": [2, 2, 2.5, 2.5], "texture": "#texture"},
				"west": {"uv": [2, 2, 2.5, 2.5], "texture": "#texture"},
				"up": {"uv": [2, 2, 2.5, 2.5], "texture": "#texture"},
				"down": {"uv": [2, 2, 2.5, 2.5], "texture": "#texture"}
			}
		},
		{
			"from": [9, 4, 14],
			"to": [10, 5, 15],
			"faces": {
				"north": {"uv": [2, 2, 2.5, 2.5], "texture": "#texture"},
				"east": {"uv": [2, 2, 2.5, 2.5], "texture": "#texture"},
				"south": {"uv": [2, 2, 2.5, 2.5], "texture": "#texture"},
				"west": {"uv": [2, 2, 2.5, 2.5], "texture": "#texture"},
				"up": {"uv": [2, 2, 2.5, 2.5], "texture": "#texture"},
				"down": {"uv": [2, 2, 2.5, 2.5], "texture": "#texture"}
			}
		},
		{
			"from": [11, 5, 14],
			"to": [12, 6, 15],
			"faces": {
				"north": {"uv": [2, 2, 2.5, 2.5], "texture": "#texture"},
				"east": {"uv": [2, 2, 2.5, 2.5], "texture": "#texture"},
				"south": {"uv": [2, 2, 2.5, 2.5], "texture": "#texture"},
				"west": {"uv": [2, 2, 2.5, 2.5], "texture": "#texture"},
				"up": {"uv": [2, 2, 2.5, 2.5], "texture": "#texture"},
				"down": {"uv": [2, 2, 2.5, 2.5], "texture": "#texture"}
			}
		},
		{
			"from": [2.5, 5, 1],
			"to": [3.5, 9, 9],
			"rotation": {"angle": 0, "axis": "y", "origin": [9, 2, 7]},
			"faces": {
				"north": {"uv": [5.5, 12.5, 6, 14], "texture": "#texture"},
				"east": {"uv": [11.5, 12.5, 5.5, 14], "texture": "#texture"},
				"south": {"uv": [11, 12.5, 11.5, 14], "texture": "#texture"},
				"west": {"uv": [5.5, 12.5, 11.5, 14], "texture": "#texture"},
				"up": {"uv": [5.5, 12.5, 11.5, 13], "rotation": 90, "texture": "#texture"},
				"down": {"uv": [11.5, 12.5, 5.5, 13], "texture": "#texture"}
			}
		},
		{
			"from": [3.5, 5.5, 1.2625],
			"to": [12.5, 8.5, 2.2625],
			"rotation": {"angle": 0, "axis": "y", "origin": [8, 2, 5]},
			"faces": {
				"north": {"uv": [5.5, 12.5, 6, 13], "texture": "#texture"},
				"east": {"uv": [5.5, 12.5, 6, 13], "texture": "#texture"},
				"south": {"uv": [5.5, 12.5, 6, 13], "texture": "#texture"},
				"west": {"uv": [5.5, 12.5, 6, 13], "texture": "#texture"},
				"up": {"uv": [5.5, 12.5, 6, 13], "texture": "#texture"},
				"down": {"uv": [5.5, 12.5, 6, 13], "texture": "#texture"}
			}
		},
		{
			"from": [12.5, 5, 1],
			"to": [13.5, 9, 9],
			"rotation": {"angle": 0, "axis": "y", "origin": [7, 2, 7]},
			"faces": {
				"north": {"uv": [5.5, 12.5, 6, 14], "texture": "#texture"},
				"east": {"uv": [11.5, 12.5, 5.5, 14], "texture": "#texture"},
				"south": {"uv": [11, 12.5, 11.5, 14], "texture": "#texture"},
				"west": {"uv": [5.5, 12.5, 11.5, 14], "texture": "#texture"},
				"up": {"uv": [5.5, 12.5, 11.5, 13], "rotation": 90, "texture": "#texture"},
				"down": {"uv": [11.5, 12.5, 5.5, 13], "texture": "#texture"}
			}
		},
		{
			"from": [-6, 10, 17],
			"to": [2, 17, 17],
			"rotation": {"angle": -45, "axis": "y", "origin": [-2, 13.5, 17]},
			"faces": {
				"north": {"uv": [12, 0, 0, 9.667], "texture": "#1"},
				"east": {"uv": [0, 0, 0, 7], "texture": "#6"},
				"south": {"uv": [0, 0, 12, 9.667], "texture": "#1"},
				"west": {"uv": [0, 0, 0, 7], "texture": "#6"},
				"up": {"uv": [0, 0, 0, 7], "texture": "#6"},
				"down": {"uv": [0, 0, 0, 7], "texture": "#6"}
			}
		},
		{
			"from": [-2, -1, 18],
			"to": [6, 6, 18],
			"rotation": {"angle": -22.5, "axis": "y", "origin": [2, 2.5, 18]},
			"faces": {
				"north": {"uv": [0, 0, 12, 9.667], "texture": "#5"},
				"east": {"uv": [0, 0, 0, 7], "texture": "#6"},
				"south": {"uv": [12, 0, 0, 9.667], "texture": "#5"},
				"west": {"uv": [0, 0, 0, 7], "texture": "#6"},
				"up": {"uv": [0, 0, 0, 7], "texture": "#6"},
				"down": {"uv": [0, 0, 0, 7], "texture": "#6"}
			}
		},
		{
			"from": [11, 14, 18],
			"to": [19, 21, 18],
			"rotation": {"angle": 22.5, "axis": "y", "origin": [15, 17.5, 18]},
			"faces": {
				"north": {"uv": [0, 0, 12, 9.667], "texture": "#3"},
				"east": {"uv": [0, 0, 0, 7], "texture": "#6"},
				"south": {"uv": [12, 0, 0, 9.667], "texture": "#3"},
				"west": {"uv": [0, 0, 0, 7], "texture": "#6"},
				"up": {"uv": [0, 0, 0, 7], "texture": "#6"},
				"down": {"uv": [0, 0, 0, 7], "texture": "#6"}
			}
		},
		{
			"from": [11, -3, 17],
			"to": [19, 4, 17],
			"rotation": {"angle": 45, "axis": "y", "origin": [15, 0.5, 17]},
			"faces": {
				"north": {"uv": [12, 0, 0, 9.667], "texture": "#7"},
				"east": {"uv": [0, 0, 0, 7], "texture": "#6"},
				"south": {"uv": [0, 0, 12, 9.667], "texture": "#7"},
				"west": {"uv": [0, 0, 0, 7], "texture": "#6"},
				"up": {"uv": [0, 0, 0, 7], "texture": "#6"},
				"down": {"uv": [0, 0, 0, 7], "texture": "#6"}
			}
		},
		{
			"from": [5, 6, 20],
			"to": [13, 13, 20],
			"rotation": {"angle": 0, "axis": "y", "origin": [9, 9.5, 20]},
			"faces": {
				"north": {"uv": [12, 0, 0, 9.667], "texture": "#4"},
				"east": {"uv": [0, 0, 0, 7], "texture": "#6"},
				"south": {"uv": [0, 0, 12, 9.667], "texture": "#4"},
				"west": {"uv": [0, 0, 0, 7], "texture": "#6"},
				"up": {"uv": [0, 0, 0, 7], "texture": "#6"},
				"down": {"uv": [0, 0, 0, 7], "texture": "#6"}
			}
		}
	],
	"display": {
		"gui": {
			"translation": [-0.5, -0.2, 0],
			"scale": [0.53, 0.53, 0.53]
		},
		"head": {
			"rotation": [0, 180, 0],
			"translation": [0.25, 2.25, 0.75],
			"scale": [1.5, 1.5, 1.5]
		},
		"fixed": {
			"rotation": [0, 180, 0],
			"translation": [0, -1.3, 2.7],
			"scale": [1.2, 1.2, 1.2]
		}
	},
	"groups": [
		{
			"name": "void",
			"origin": [8, 8, 8],
			"children": [0, 1, 2, 3, 4, 5, 6, 7, 8, 9, 10, 11, 12, 13, 14, 15, 16, 17, 18, 19, 20, 21, 22, 23, 24, 25, 26, 27, 28, 29, 30, 31, 32, 33, 34, 35, 36, 37, 38, 39, 40, 41, 42, 43, 44, 45, 46, 47, 48, 49, 50, 51, 52, 53, 54, 55, 56, 57, 58, 59, 60, 61, 62, 63, 64, 65, 66, 67, 68, 69, 70, 71, 72, 73, 74, 75, 76, 77]
		},
		{
			"name": "face",
			"origin": [8, 8, 8],
			"children": [78, 79, 80, 81, 82, 83, 84, 85, 86, 87, 88, 89, 90, 91, 92, 93, 94, 95, 96, 97, 98, 99, 100]
		},
		{
			"name": "facebit",
			"origin": [8, 8, 8],
			"children": [101, 102, 103, 104, 105, 106, 107, 108, 109, 110, 111, 112, 113, 114, 115, 116, 117]
		},
		{
			"name": "yellow",
			"origin": [8, 8, 8],
			"children": [118, 119, 120, 121, 122, 123, 124, 125, 126]
		},
		{
			"name": "mask",
			"origin": [8, 8, 8],
			"children": [
				{
					"name": "Mask",
					"origin": [8, 8, 8],
					"children": [127, 128, 129]
				},
				{
					"name": "VoidFace",
					"origin": [8, 8, 8],
					"children": []
				},
				{
					"name": "Face",
					"origin": [8, 8, 8],
					"children": []
				},
				{
					"name": "glasses",
					"origin": [8, 8, 8],
					"children": []
				},
				{
					"name": "scarf",
					"origin": [8, 8, 8],
					"children": []
				},
				{
					"name": "hat",
					"origin": [8, 8, 8],
					"children": []
				}
			]
		}, 130, 131, 132, 133, 134]
}