{
	"credit": "Made with Blockbench",
	"ambientocclusion": false,
	"textures": {
		"texture": "blocks/glass_blue",
		"particle": "blocks/glass_blue"
	},
	"elements": [
		{
			"from": [6, 6.75, 7],
			"to": [15, 9.75, 9],
			"rotation": {"angle": 0, "axis": "y", "origin": [8, 7, 8]},
			"faces": {
				"north": {"uv": [1, 1, 14.5, 15], "texture": "#texture"},
				"east": {"uv": [1, 1, 14.5, 15], "texture": "#texture"},
				"south": {"uv": [1, 1, 14.5, 15], "texture": "#texture"},
				"west": {"uv": [1, 1, 14.5, 15], "texture": "#texture"},
				"up": {"uv": [1, 1, 14.5, 15], "texture": "#texture"},
				"down": {"uv": [1, 1, 14.5, 15], "texture": "#texture"}
			}
		},
		{
			"from": [7, 7.25, 9],
			"to": [14, 9.25, 9.5],
			"rotation": {"angle": 0, "axis": "y", "origin": [8, 7, 8]},
			"faces": {
				"north": {"uv": [1, 1, 14.5, 15], "texture": "#texture"},
				"east": {"uv": [1, 1, 14.5, 15], "texture": "#texture"},
				"south": {"uv": [1, 1, 14.5, 15], "texture": "#texture"},
				"west": {"uv": [1, 1, 14.5, 15], "texture": "#texture"},
				"up": {"uv": [1, 1, 14.5, 15], "texture": "#texture"},
				"down": {"uv": [1, 1, 14.5, 15], "texture": "#texture"}
			}
		},
		{
			"from": [7, 7.25, 6.5],
			"to": [14, 9.25, 7],
			"rotation": {"angle": 0, "axis": "y", "origin": [8, 7, 8]},
			"faces": {
				"north": {"uv": [1, 1, 14.5, 15], "texture": "#texture"},
				"east": {"uv": [1, 1, 14.5, 15], "texture": "#texture"},
				"south": {"uv": [1, 1, 14.5, 15], "texture": "#texture"},
				"west": {"uv": [1, 1, 14.5, 15], "texture": "#texture"},
				"up": {"uv": [1, 1, 14.5, 15], "texture": "#texture"},
				"down": {"uv": [1, 1, 14.5, 15], "texture": "#texture"}
			}
		}
	],
	"display": {
		"gui": {
			"rotation": [-30, 135, 0],
			"translation": [-0.1, -0.4, -0.1],
			"scale": [1.46, 1.46, 1.46]
		},
		"head": {
			"rotation": [0, 90, 0],
			"scale": [2, 2, 2]
		}
	}
}