{
	"credit": "Made with Blockbench",
	"ambientocclusion": false,
	"textures": {
		"3": "blocks/microphone",
		"particle": "blocks/microphone"
	},
	"elements": [
		{
			"from": [-1, -1, -14],
			"to": [17, 17, -11],
			"rotation": {"angle": 0, "axis": "y", "origin": [8, 8, 1]},
			"faces": {
				"north": {"uv": [0, 0, 9, 9], "texture": "#3"},
				"east": {"uv": [1, 0, 2.5, 9], "texture": "#3"},
				"south": {"uv": [0, 0, 9, 9], "texture": "#3"},
				"west": {"uv": [0.5, 0, 2, 9], "texture": "#3"},
				"up": {"uv": [0, 0.5, 9, 2], "texture": "#3"},
				"down": {"uv": [0, 1, 9, 2.5], "texture": "#3"}
			}
		},
		{
			"from": [-1, -1, -2],
			"to": [17, 17, 1],
			"rotation": {"angle": 0, "axis": "y", "origin": [8, 8, -26]},
			"faces": {
				"north": {"uv": [0, 0, 9, 9], "texture": "#3"},
				"east": {"uv": [0.5, 0, 2, 9], "texture": "#3"},
				"south": {"uv": [0, 0, 9, 9], "texture": "#3"},
				"west": {"uv": [1, 0, 2.5, 9], "texture": "#3"},
				"up": {"uv": [0, 0.5, 9, 2], "rotation": 180, "texture": "#3"},
				"down": {"uv": [0, 1, 9, 2.5], "rotation": 180, "texture": "#3"}
			}
		},
		{
			"from": [-2.75, -2.75, -7],
			"to": [18.75, 18.75, -6],
			"rotation": {"angle": 0, "axis": "y", "origin": [8, 8, 13]},
			"faces": {
				"north": {"uv": [0.5, 9.5, 1, 10], "texture": "#3"},
				"east": {"uv": [0.5, 9.5, 1, 10], "texture": "#3"},
				"south": {"uv": [0.5, 9.5, 1, 10], "texture": "#3"},
				"west": {"uv": [0.5, 9.5, 1, 10], "texture": "#3"},
				"up": {"uv": [0.5, 9.5, 1, 10], "texture": "#3"},
				"down": {"uv": [0.5, 9.5, 1, 10], "texture": "#3"}
			}
		},
		{
			"from": [-2, -2, -11],
			"to": [18, 18, -7],
			"rotation": {"angle": 0, "axis": "y", "origin": [8, 8, 13]},
			"faces": {
				"north": {"uv": [0, 0, 9, 9], "texture": "#3"},
				"east": {"uv": [0, 0, 2, 9], "texture": "#3"},
				"south": {"uv": [0, 0, 9, 9], "texture": "#3"},
				"west": {"uv": [7, 0, 9, 9], "texture": "#3"},
				"up": {"uv": [0, 0, 9, 2], "texture": "#3"},
				"down": {"uv": [0, 7, 9, 9], "texture": "#3"}
			}
		},
		{
			"from": [-2, -2, -6],
			"to": [18, 18, -2],
			"rotation": {"angle": 0, "axis": "y", "origin": [8, 8, -26]},
			"faces": {
				"north": {"uv": [0, 0, 9, 9], "texture": "#3"},
				"east": {"uv": [7, 0, 9, 9], "texture": "#3"},
				"south": {"uv": [0, 0, 9, 9], "texture": "#3"},
				"west": {"uv": [0, 0, 2, 9], "texture": "#3"},
				"up": {"uv": [0, 0, 9, 2], "rotation": 180, "texture": "#3"},
				"down": {"uv": [0, 7, 9, 9], "rotation": 180, "texture": "#3"}
			}
		},
		{
			"from": [1, 1, -16],
			"to": [15, 15, -14],
			"rotation": {"angle": 0, "axis": "y", "origin": [8, 8, 1]},
			"faces": {
				"north": {"uv": [1, 1, 8, 8], "texture": "#3"},
				"east": {"uv": [1, 1, 2, 8], "texture": "#3"},
				"south": {"uv": [1, 1, 8, 8], "texture": "#3"},
				"west": {"uv": [7, 1, 8, 8], "texture": "#3"},
				"up": {"uv": [1, 1, 8, 2], "texture": "#3"},
				"down": {"uv": [1, 7, 8, 8], "texture": "#3"}
			}
		},
		{
			"from": [1, 1, 1],
			"to": [15, 15, 3],
			"rotation": {"angle": 0, "axis": "y", "origin": [8, 8, -26]},
			"faces": {
				"north": {"uv": [1, 1, 8, 8], "texture": "#3"},
				"east": {"uv": [7, 1, 8, 8], "texture": "#3"},
				"south": {"uv": [1, 1, 8, 8], "texture": "#3"},
				"west": {"uv": [1, 1, 2, 8], "texture": "#3"},
				"up": {"uv": [1, 1, 8, 2], "rotation": 180, "texture": "#3"},
				"down": {"uv": [1, 7, 8, 8], "rotation": 180, "texture": "#3"}
			}
		},
		{
			"from": [3, 3, 3],
			"to": [13, 13, 31],
			"rotation": {"angle": 0, "axis": "y", "origin": [8, 8, 12]},
			"faces": {
				"north": {"uv": [4.5, 11, 9.5, 16], "texture": "#3"},
				"east": {"uv": [10, 0, 15, 14], "rotation": 90, "texture": "#3"},
				"south": {"uv": [4.5, 11, 9.5, 16], "texture": "#3"},
				"west": {"uv": [10, 0, 15, 14], "rotation": 270, "texture": "#3"},
				"up": {"uv": [10, 0, 15, 14], "texture": "#3"},
				"down": {"uv": [10, 0, 15, 14], "rotation": 180, "texture": "#3"}
			}
		},
		{
			"from": [1, 5, 3],
			"to": [3, 11, 30],
			"rotation": {"angle": 0, "axis": "y", "origin": [8, 8, 12]},
			"faces": {
				"north": {"uv": [11, 14, 14, 15], "rotation": 270, "texture": "#3"},
				"east": {"uv": [11, 0, 14, 13.5], "rotation": 270, "texture": "#3"},
				"south": {"uv": [11, 14, 14, 15], "rotation": 270, "texture": "#3"},
				"west": {"uv": [11, 0, 14, 13.5], "rotation": 270, "texture": "#3"},
				"up": {"uv": [14, 0, 15, 13.5], "texture": "#3"},
				"down": {"uv": [10, 0, 11, 13.5], "rotation": 180, "texture": "#3"}
			}
		},
		{
			"from": [13, 5, 3],
			"to": [15, 11, 30],
			"rotation": {"angle": 0, "axis": "y", "origin": [8, 8, 12]},
			"faces": {
				"north": {"uv": [11, 14, 14, 15], "rotation": 270, "texture": "#3"},
				"east": {"uv": [11, 0, 14, 13.5], "rotation": 90, "texture": "#3"},
				"south": {"uv": [11, 14, 14, 15], "rotation": 90, "texture": "#3"},
				"west": {"uv": [11, 0, 14, 13.5], "rotation": 270, "texture": "#3"},
				"up": {"uv": [10, 0, 11, 13.5], "texture": "#3"},
				"down": {"uv": [14, 0, 15, 13.5], "rotation": 180, "texture": "#3"}
			}
		},
		{
			"from": [5, 13, 3],
			"to": [11, 15, 30],
			"rotation": {"angle": 0, "axis": "y", "origin": [8, 8, 12]},
			"faces": {
				"north": {"uv": [11, 14, 14, 15], "rotation": 180, "texture": "#3"},
				"east": {"uv": [14, 0, 15, 13.5], "rotation": 270, "texture": "#3"},
				"south": {"uv": [11, 14, 14, 15], "texture": "#3"},
				"west": {"uv": [10, 0, 11, 13.5], "rotation": 270, "texture": "#3"},
				"up": {"uv": [11, 0, 14, 13.5], "texture": "#3"},
				"down": {"uv": [11, 0, 14, 13.5], "rotation": 270, "texture": "#3"}
			}
		},
		{
			"from": [5, 1, 3],
			"to": [11, 3, 30],
			"rotation": {"angle": 0, "axis": "y", "origin": [8, 8, 12]},
			"faces": {
				"north": {"uv": [11, 14, 14, 15], "rotation": 180, "texture": "#3"},
				"east": {"uv": [10, 0, 11, 13.5], "rotation": 90, "texture": "#3"},
				"south": {"uv": [11, 14, 14, 15], "rotation": 180, "texture": "#3"},
				"west": {"uv": [14, 0, 15, 13.5], "rotation": 270, "texture": "#3"},
				"up": {"uv": [11, 0, 14, 13.5], "rotation": 270, "texture": "#3"},
				"down": {"uv": [11, 0, 14, 13.5], "rotation": 180, "texture": "#3"}
			}
		}
	],
	"display": {
		"head": {
			"translation": [0, -0.25, -1.9],
			"scale": [1.35, 1.35, 1.35]
		}
	}
}