{"__comment":"designed by hypixel minecraft server with bdcraft cubik pro 0.90 beta - http://bdcraft.net","textures":{"texture":"blocks/blast"},"elements":[{"from":[21,0,-5],"to":[21.0625,24,32],"shade":false,"rotation":{"origin":[21,0,-5],"axis":"y","angle":-45},"faces":{"west":{"uv":[0,0,16,16],"texture":"#texture"},"east":{"uv":[0,0,16,16],"texture":"#texture"}}},{"from":[-5,0,-5],"to":[-4.9375,24,32],"shade":false,"rotation":{"origin":[-5,0,-5],"axis":"y","angle":45},"faces":{"west":{"uv":[0,0,16,16],"texture":"#texture"},"east":{"uv":[0,0,16,16],"texture":"#texture"}}}]}
