{
	"credit": "Made with Blockbench",
	"textures": {
		"0": "blocks/milk",
		"particle": "blocks/milk"
	},
	"elements": [
		{
			"from": [0, -8, -4],
			"to": [30, 16, 20],
			"rotation": {"angle": 0, "axis": "y", "origin": [9, 8, 8]},
			"faces": {
				"north": {"uv": [6.813, 3.907, 9.438, 9.469], "rotation": 90, "texture": "#0"},
				"east": {"uv": [1.875, 9.094, 2.467, 9.685], "texture": "#0"},
				"south": {"uv": [10.094, 2.407, 11.561, 9.653], "rotation": 270, "texture": "#0"},
				"west": {"uv": [0.469, 1.625, 1.531, 2.217], "texture": "#0"},
				"up": {"uv": [0.407, 2.343, 4.201, 10.211], "rotation": 270, "texture": "#0"},
				"down": {"uv": [10.469, 3.25, 11.437, 9.562], "rotation": 270, "texture": "#0"}
			}
		},
		{
			"from": [-15, 3, -3.8],
			"to": [-10, 5, 19.7],
			"rotation": {"angle": 0, "axis": "y", "origin": [9, 8, 8]},
			"faces": {
				"north": {"uv": [3.407, 0.2815, 3.96875, 1.09425], "rotation": 90, "texture": "#0"},
				"east": {"uv": [0.469, 1.625, 1.531, 2.217], "texture": "#0"},
				"south": {"uv": [0.31275, 0.31325, 0.34425, 0.96925], "rotation": 270, "texture": "#0"},
				"west": {"uv": [0.469, 0.282, 3.84375, 0.46875], "texture": "#0"},
				"up": {"uv": [0.469, 0.282, 4.188, 1.09375], "rotation": 270, "texture": "#0"},
				"down": {"uv": [8.03125, 0.34425, 4.313, 0.87575], "rotation": 270, "texture": "#0"}
			}
		},
		{
			"from": [-8.7, 3, -3.9],
			"to": [8.3, 20, 19.9],
			"rotation": {"angle": 45, "axis": "z", "origin": [9, 8, 8]},
			"faces": {
				"north": {"uv": [0.469, 1.625, 1.531, 2.217], "texture": "#0"},
				"east": {"uv": [1.875, 9.094, 2.467, 9.685], "texture": "#0"},
				"south": {"uv": [0.344, 1.469, 1.468, 2.062], "texture": "#0"},
				"west": {"uv": [0.469, 1.063, 1.532, 1.78], "texture": "#0"},
				"up": {"uv": [0.344, 0.844, 4.244, 2.339], "rotation": 270, "texture": "#0"},
				"down": {"uv": [1.875, 9.094, 2.467, 9.685], "texture": "#0"}
			}
		}
	],
	"display": {
		"head": {
			"rotation": [180, -90, 0],
			"translation": [0, -0.75, -3],
			"scale": [2.06, 2.06, 2.06]
		}
	}
}