{
	"credit": "Made with Blockbench",
	"textures": {
		"0": "items/floweyarm"
	},
	"elements": [
		{
			"from": [3.5, 2, 1],
			"to": [12.5, 11, 16],
			"faces": {
				"north": {"uv": [9, 7, 13, 13], "texture": "#0"},
				"east": {"uv": [8, 4, 14, 14], "texture": "#0"},
				"south": {"uv": [8, 4, 14, 14], "texture": "#0"},
				"west": {"uv": [8, 4, 14, 14], "texture": "#0"},
				"up": {"uv": [8, 4, 14, 14], "rotation": 90, "texture": "#0"},
				"down": {"uv": [8, 4, 14, 14], "rotation": 90, "texture": "#0"}
			}
		},
		{
			"from": [10.5, 6, 13],
			"to": [11.5, 7, 15],
			"rotation": {"angle": -45, "axis": "x", "origin": [8, 8, 8]},
			"faces": {
				"north": {"uv": [1, 4, 2, 5], "rotation": 180, "texture": "#0"},
				"east": {"uv": [1, 4, 2, 5], "rotation": 180, "texture": "#0"},
				"south": {"uv": [1, 4, 2, 5], "rotation": 180, "texture": "#0"},
				"west": {"uv": [1, 4, 2, 5], "rotation": 180, "texture": "#0"},
				"up": {"uv": [1, 4, 2, 5], "rotation": 180, "texture": "#0"},
				"down": {"uv": [1, 4, 2, 5], "rotation": 180, "texture": "#0"}
			}
		},
		{
			"from": [10.5, 7, 15],
			"to": [11.5, 8, 17],
			"rotation": {"angle": 45, "axis": "x", "origin": [8, 8, 8]},
			"faces": {
				"north": {"uv": [1, 4, 2, 5], "rotation": 180, "texture": "#0"},
				"east": {"uv": [1, 4, 2, 5], "rotation": 180, "texture": "#0"},
				"south": {"uv": [1, 4, 2, 5], "rotation": 180, "texture": "#0"},
				"west": {"uv": [1, 4, 2, 5], "rotation": 180, "texture": "#0"},
				"up": {"uv": [1, 4, 2, 5], "rotation": 180, "texture": "#0"},
				"down": {"uv": [1, 4, 2, 5], "rotation": 180, "texture": "#0"}
			}
		},
		{
			"from": [10.5, 9.5, 9.5],
			"to": [11.5, 10.5, 11],
			"rotation": {"angle": -45, "axis": "x", "origin": [8, 8, 8]},
			"faces": {
				"north": {"uv": [1, 4, 2, 5], "rotation": 180, "texture": "#0"},
				"east": {"uv": [1, 4, 2, 5], "rotation": 180, "texture": "#0"},
				"south": {"uv": [1, 4, 2, 5], "rotation": 180, "texture": "#0"},
				"west": {"uv": [1, 4, 2, 5], "rotation": 180, "texture": "#0"},
				"up": {"uv": [1, 4, 2, 5], "rotation": 180, "texture": "#0"},
				"down": {"uv": [1, 4, 2, 5], "rotation": 180, "texture": "#0"}
			}
		},
		{
			"from": [10.5, 3.5, 11.5],
			"to": [11.5, 4.5, 13],
			"rotation": {"angle": 45, "axis": "x", "origin": [8, 8, 8]},
			"faces": {
				"north": {"uv": [1, 4, 2, 5], "rotation": 180, "texture": "#0"},
				"east": {"uv": [1, 4, 2, 5], "rotation": 180, "texture": "#0"},
				"south": {"uv": [1, 4, 2, 5], "rotation": 180, "texture": "#0"},
				"west": {"uv": [1, 4, 2, 5], "rotation": 180, "texture": "#0"},
				"up": {"uv": [1, 4, 2, 5], "rotation": 180, "texture": "#0"},
				"down": {"uv": [1, 4, 2, 5], "rotation": 180, "texture": "#0"}
			}
		},
		{
			"from": [10.5, 13, 6],
			"to": [11.5, 14, 8.5],
			"rotation": {"angle": -45, "axis": "x", "origin": [8, 8, 8]},
			"faces": {
				"north": {"uv": [1, 4, 2, 5], "rotation": 180, "texture": "#0"},
				"east": {"uv": [1, 4, 2, 5], "rotation": 180, "texture": "#0"},
				"south": {"uv": [1, 4, 2, 5], "rotation": 180, "texture": "#0"},
				"west": {"uv": [1, 4, 2, 5], "rotation": 180, "texture": "#0"},
				"up": {"uv": [1, 4, 2, 5], "rotation": 180, "texture": "#0"},
				"down": {"uv": [1, 4, 2, 5], "rotation": 180, "texture": "#0"}
			}
		},
		{
			"from": [10.5, 0, 8],
			"to": [11.5, 1, 10.5],
			"rotation": {"angle": 45, "axis": "x", "origin": [8, 8, 8]},
			"faces": {
				"north": {"uv": [1, 4, 2, 5], "rotation": 180, "texture": "#0"},
				"east": {"uv": [1, 4, 2, 5], "rotation": 180, "texture": "#0"},
				"south": {"uv": [1, 4, 2, 5], "rotation": 180, "texture": "#0"},
				"west": {"uv": [1, 4, 2, 5], "rotation": 180, "texture": "#0"},
				"up": {"uv": [1, 4, 2, 5], "rotation": 180, "texture": "#0"},
				"down": {"uv": [1, 4, 2, 5], "rotation": 180, "texture": "#0"}
			}
		},
		{
			"from": [4.5, 6, 13],
			"to": [5.5, 7, 14.5],
			"rotation": {"angle": -45, "axis": "x", "origin": [8, 8, 8]},
			"faces": {
				"north": {"uv": [1, 4, 2, 5], "rotation": 180, "texture": "#0"},
				"east": {"uv": [1, 4, 2, 5], "rotation": 180, "texture": "#0"},
				"south": {"uv": [1, 4, 2, 5], "rotation": 180, "texture": "#0"},
				"west": {"uv": [1, 4, 2, 5], "rotation": 180, "texture": "#0"},
				"up": {"uv": [1, 4, 2, 5], "rotation": 180, "texture": "#0"},
				"down": {"uv": [1, 4, 2, 5], "rotation": 180, "texture": "#0"}
			}
		},
		{
			"from": [4.5, 7, 15],
			"to": [5.5, 8, 16.5],
			"rotation": {"angle": 45, "axis": "x", "origin": [8, 8, 8]},
			"faces": {
				"north": {"uv": [1, 4, 2, 5], "rotation": 180, "texture": "#0"},
				"east": {"uv": [1, 4, 2, 5], "rotation": 180, "texture": "#0"},
				"south": {"uv": [1, 4, 2, 5], "rotation": 180, "texture": "#0"},
				"west": {"uv": [1, 4, 2, 5], "rotation": 180, "texture": "#0"},
				"up": {"uv": [1, 4, 2, 5], "rotation": 180, "texture": "#0"},
				"down": {"uv": [1, 4, 2, 5], "rotation": 180, "texture": "#0"}
			}
		},
		{
			"from": [6.5, 9, 12.5],
			"to": [7.5, 10, 14.5],
			"rotation": {"angle": -45, "axis": "y", "origin": [8, 8, 8]},
			"faces": {
				"north": {"uv": [1, 4, 2, 5], "texture": "#0"},
				"east": {"uv": [1, 4, 2, 5], "texture": "#0"},
				"south": {"uv": [1, 4, 2, 5], "texture": "#0"},
				"west": {"uv": [1, 4, 2, 5], "texture": "#0"},
				"up": {"uv": [1, 4, 2, 5], "texture": "#0"},
				"down": {"uv": [1, 4, 2, 5], "texture": "#0"}
			}
		},
		{
			"from": [8.5, 9, 2.5],
			"to": [11, 10, 3.5],
			"rotation": {"angle": -45, "axis": "y", "origin": [8, 8, 8]},
			"faces": {
				"north": {"uv": [1, 4, 2, 5], "texture": "#0"},
				"east": {"uv": [1, 4, 2, 5], "texture": "#0"},
				"south": {"uv": [1, 4, 2, 5], "texture": "#0"},
				"west": {"uv": [1, 4, 2, 5], "texture": "#0"},
				"up": {"uv": [1, 4, 2, 5], "texture": "#0"},
				"down": {"uv": [1, 4, 2, 5], "texture": "#0"}
			}
		},
		{
			"from": [2.5, 9, 8.5],
			"to": [3.5, 10, 10],
			"rotation": {"angle": -45, "axis": "y", "origin": [8, 8, 8]},
			"faces": {
				"north": {"uv": [1, 4, 2, 5], "texture": "#0"},
				"east": {"uv": [1, 4, 2, 5], "texture": "#0"},
				"south": {"uv": [1, 4, 2, 5], "texture": "#0"},
				"west": {"uv": [1, 4, 2, 5], "texture": "#0"},
				"up": {"uv": [1, 4, 2, 5], "texture": "#0"},
				"down": {"uv": [1, 4, 2, 5], "texture": "#0"}
			}
		},
		{
			"from": [12.5, 9, 6.5],
			"to": [15, 10, 7.5],
			"rotation": {"angle": -45, "axis": "y", "origin": [8, 8, 8]},
			"faces": {
				"north": {"uv": [1, 4, 2, 5], "texture": "#0"},
				"east": {"uv": [1, 4, 2, 5], "texture": "#0"},
				"south": {"uv": [1, 4, 2, 5], "texture": "#0"},
				"west": {"uv": [1, 4, 2, 5], "texture": "#0"},
				"up": {"uv": [1, 4, 2, 5], "texture": "#0"},
				"down": {"uv": [1, 4, 2, 5], "texture": "#0"}
			}
		},
		{
			"from": [6.5, 3, 12.5],
			"to": [7.5, 4, 14],
			"rotation": {"angle": -45, "axis": "y", "origin": [8, 8, 8]},
			"faces": {
				"north": {"uv": [1, 4, 2, 5], "texture": "#0"},
				"east": {"uv": [1, 4, 2, 5], "texture": "#0"},
				"south": {"uv": [1, 4, 2, 5], "texture": "#0"},
				"west": {"uv": [1, 4, 2, 5], "texture": "#0"},
				"up": {"uv": [1, 4, 2, 5], "texture": "#0"},
				"down": {"uv": [1, 4, 2, 5], "texture": "#0"}
			}
		},
		{
			"from": [8.5, 3, 2.5],
			"to": [10, 4, 3.5],
			"rotation": {"angle": -45, "axis": "y", "origin": [8, 8, 8]},
			"faces": {
				"north": {"uv": [1, 4, 2, 5], "texture": "#0"},
				"east": {"uv": [1, 4, 2, 5], "texture": "#0"},
				"south": {"uv": [1, 4, 2, 5], "texture": "#0"},
				"west": {"uv": [1, 4, 2, 5], "texture": "#0"},
				"up": {"uv": [1, 4, 2, 5], "texture": "#0"},
				"down": {"uv": [1, 4, 2, 5], "texture": "#0"}
			}
		},
		{
			"from": [2.5, 3, 8.5],
			"to": [3.5, 4, 10.5],
			"rotation": {"angle": -45, "axis": "y", "origin": [8, 8, 8]},
			"faces": {
				"north": {"uv": [1, 4, 2, 5], "texture": "#0"},
				"east": {"uv": [1, 4, 2, 5], "texture": "#0"},
				"south": {"uv": [1, 4, 2, 5], "texture": "#0"},
				"west": {"uv": [1, 4, 2, 5], "texture": "#0"},
				"up": {"uv": [1, 4, 2, 5], "texture": "#0"},
				"down": {"uv": [1, 4, 2, 5], "texture": "#0"}
			}
		},
		{
			"from": [12.5, 3, 6.5],
			"to": [14.5, 4, 7.5],
			"rotation": {"angle": -45, "axis": "y", "origin": [8, 8, 8]},
			"faces": {
				"north": {"uv": [1, 4, 2, 5], "texture": "#0"},
				"east": {"uv": [1, 4, 2, 5], "texture": "#0"},
				"south": {"uv": [1, 4, 2, 5], "texture": "#0"},
				"west": {"uv": [1, 4, 2, 5], "texture": "#0"},
				"up": {"uv": [1, 4, 2, 5], "texture": "#0"},
				"down": {"uv": [1, 4, 2, 5], "texture": "#0"}
			}
		},
		{
			"from": [8.5, 6, 14.5],
			"to": [9.5, 7, 16.5],
			"rotation": {"angle": -45, "axis": "y", "origin": [8, 8, 8]},
			"faces": {
				"north": {"uv": [1, 4, 2, 5], "texture": "#0"},
				"east": {"uv": [1, 4, 2, 5], "texture": "#0"},
				"south": {"uv": [1, 4, 2, 5], "texture": "#0"},
				"west": {"uv": [1, 4, 2, 5], "texture": "#0"},
				"up": {"uv": [1, 4, 2, 5], "texture": "#0"},
				"down": {"uv": [1, 4, 2, 5], "texture": "#0"}
			}
		},
		{
			"from": [10.5, 6, 4.5],
			"to": [12.5, 7, 5.5],
			"rotation": {"angle": -45, "axis": "y", "origin": [8, 8, 8]},
			"faces": {
				"north": {"uv": [1, 4, 2, 5], "texture": "#0"},
				"east": {"uv": [1, 4, 2, 5], "texture": "#0"},
				"south": {"uv": [1, 4, 2, 5], "texture": "#0"},
				"west": {"uv": [1, 4, 2, 5], "texture": "#0"},
				"up": {"uv": [1, 4, 2, 5], "texture": "#0"},
				"down": {"uv": [1, 4, 2, 5], "texture": "#0"}
			}
		},
		{
			"from": [4.5, 6, 10.5],
			"to": [5.5, 7, 13],
			"rotation": {"angle": -45, "axis": "y", "origin": [8, 8, 8]},
			"faces": {
				"north": {"uv": [1, 4, 2, 5], "texture": "#0"},
				"east": {"uv": [1, 4, 2, 5], "texture": "#0"},
				"south": {"uv": [1, 4, 2, 5], "texture": "#0"},
				"west": {"uv": [1, 4, 2, 5], "texture": "#0"},
				"up": {"uv": [1, 4, 2, 5], "texture": "#0"},
				"down": {"uv": [1, 4, 2, 5], "texture": "#0"}
			}
		},
		{
			"from": [7, 6, 1],
			"to": [9, 7, 2],
			"rotation": {"angle": -45, "axis": "y", "origin": [8, 8, 8]},
			"faces": {
				"north": {"uv": [1, 4, 2, 5], "texture": "#0"},
				"east": {"uv": [1, 4, 2, 5], "texture": "#0"},
				"south": {"uv": [1, 4, 2, 5], "texture": "#0"},
				"west": {"uv": [1, 4, 2, 5], "texture": "#0"},
				"up": {"uv": [1, 4, 2, 5], "texture": "#0"},
				"down": {"uv": [1, 4, 2, 5], "texture": "#0"}
			}
		},
		{
			"from": [1, 6, 7],
			"to": [2, 7, 9],
			"rotation": {"angle": -45, "axis": "y", "origin": [8, 8, 8]},
			"faces": {
				"north": {"uv": [1, 4, 2, 5], "texture": "#0"},
				"east": {"uv": [1, 4, 2, 5], "texture": "#0"},
				"south": {"uv": [1, 4, 2, 5], "texture": "#0"},
				"west": {"uv": [1, 4, 2, 5], "texture": "#0"},
				"up": {"uv": [1, 4, 2, 5], "texture": "#0"},
				"down": {"uv": [1, 4, 2, 5], "texture": "#0"}
			}
		},
		{
			"from": [14.5, 6, 8.5],
			"to": [16, 7, 9.5],
			"rotation": {"angle": -45, "axis": "y", "origin": [8, 8, 8]},
			"faces": {
				"north": {"uv": [1, 4, 2, 5], "texture": "#0"},
				"east": {"uv": [1, 4, 2, 5], "texture": "#0"},
				"south": {"uv": [1, 4, 2, 5], "texture": "#0"},
				"west": {"uv": [1, 4, 2, 5], "texture": "#0"},
				"up": {"uv": [1, 4, 2, 5], "texture": "#0"},
				"down": {"uv": [1, 4, 2, 5], "texture": "#0"}
			}
		},
		{
			"from": [4.5, 9.5, 9.5],
			"to": [5.5, 10.5, 11.5],
			"rotation": {"angle": -45, "axis": "x", "origin": [8, 8, 8]},
			"faces": {
				"north": {"uv": [1, 4, 2, 5], "rotation": 180, "texture": "#0"},
				"east": {"uv": [1, 4, 2, 5], "rotation": 180, "texture": "#0"},
				"south": {"uv": [1, 4, 2, 5], "rotation": 180, "texture": "#0"},
				"west": {"uv": [1, 4, 2, 5], "rotation": 180, "texture": "#0"},
				"up": {"uv": [1, 4, 2, 5], "rotation": 180, "texture": "#0"},
				"down": {"uv": [1, 4, 2, 5], "rotation": 180, "texture": "#0"}
			}
		},
		{
			"from": [4.5, 3.5, 11.5],
			"to": [5.5, 4.5, 13.5],
			"rotation": {"angle": 45, "axis": "x", "origin": [8, 8, 8]},
			"faces": {
				"north": {"uv": [1, 4, 2, 5], "rotation": 180, "texture": "#0"},
				"east": {"uv": [1, 4, 2, 5], "rotation": 180, "texture": "#0"},
				"south": {"uv": [1, 4, 2, 5], "rotation": 180, "texture": "#0"},
				"west": {"uv": [1, 4, 2, 5], "rotation": 180, "texture": "#0"},
				"up": {"uv": [1, 4, 2, 5], "rotation": 180, "texture": "#0"},
				"down": {"uv": [1, 4, 2, 5], "rotation": 180, "texture": "#0"}
			}
		},
		{
			"from": [4.5, 13, 6],
			"to": [5.5, 14, 7.5],
			"rotation": {"angle": -45, "axis": "x", "origin": [8, 8, 8]},
			"faces": {
				"north": {"uv": [1, 4, 2, 5], "rotation": 180, "texture": "#0"},
				"east": {"uv": [1, 4, 2, 5], "rotation": 180, "texture": "#0"},
				"south": {"uv": [1, 4, 2, 5], "rotation": 180, "texture": "#0"},
				"west": {"uv": [1, 4, 2, 5], "rotation": 180, "texture": "#0"},
				"up": {"uv": [1, 4, 2, 5], "rotation": 180, "texture": "#0"},
				"down": {"uv": [1, 4, 2, 5], "rotation": 180, "texture": "#0"}
			}
		},
		{
			"from": [4.5, 0, 8],
			"to": [5.5, 1, 9.5],
			"rotation": {"angle": 45, "axis": "x", "origin": [8, 8, 8]},
			"faces": {
				"north": {"uv": [1, 4, 2, 5], "rotation": 180, "texture": "#0"},
				"east": {"uv": [1, 4, 2, 5], "rotation": 180, "texture": "#0"},
				"south": {"uv": [1, 4, 2, 5], "rotation": 180, "texture": "#0"},
				"west": {"uv": [1, 4, 2, 5], "rotation": 180, "texture": "#0"},
				"up": {"uv": [1, 4, 2, 5], "rotation": 180, "texture": "#0"},
				"down": {"uv": [1, 4, 2, 5], "rotation": 180, "texture": "#0"}
			}
		},
		{
			"name": "cube2",
			"from": [7.5, 8, 11],
			"to": [8.5, 9, 13.5],
			"rotation": {"angle": -45, "axis": "x", "origin": [8, 8, 8]},
			"faces": {
				"north": {"uv": [1, 4, 2, 5], "rotation": 180, "texture": "#0"},
				"east": {"uv": [1, 4, 2, 5], "rotation": 180, "texture": "#0"},
				"south": {"uv": [1, 4, 2, 5], "rotation": 180, "texture": "#0"},
				"west": {"uv": [1, 4, 2, 5], "rotation": 180, "texture": "#0"},
				"up": {"uv": [1, 4, 2, 5], "rotation": 180, "texture": "#0"},
				"down": {"uv": [1, 4, 2, 5], "rotation": 180, "texture": "#0"}
			}
		},
		{
			"name": "cube3",
			"from": [7.5, 5, 13],
			"to": [8.5, 6, 15.5],
			"rotation": {"angle": 45, "axis": "x", "origin": [8, 8, 8]},
			"faces": {
				"north": {"uv": [1, 4, 2, 5], "rotation": 180, "texture": "#0"},
				"east": {"uv": [1, 4, 2, 5], "rotation": 180, "texture": "#0"},
				"south": {"uv": [1, 4, 2, 5], "rotation": 180, "texture": "#0"},
				"west": {"uv": [1, 4, 2, 5], "rotation": 180, "texture": "#0"},
				"up": {"uv": [1, 4, 2, 5], "rotation": 180, "texture": "#0"},
				"down": {"uv": [1, 4, 2, 5], "rotation": 180, "texture": "#0"}
			}
		},
		{
			"from": [7.5, 11, 8],
			"to": [8.5, 12, 10],
			"rotation": {"angle": -45, "axis": "x", "origin": [8, 8, 8]},
			"faces": {
				"north": {"uv": [1, 4, 2, 5], "rotation": 180, "texture": "#0"},
				"east": {"uv": [1, 4, 2, 5], "rotation": 180, "texture": "#0"},
				"south": {"uv": [1, 4, 2, 5], "rotation": 180, "texture": "#0"},
				"west": {"uv": [1, 4, 2, 5], "rotation": 180, "texture": "#0"},
				"up": {"uv": [1, 4, 2, 5], "rotation": 180, "texture": "#0"},
				"down": {"uv": [1, 4, 2, 5], "rotation": 180, "texture": "#0"}
			}
		},
		{
			"from": [7.5, 2, 10],
			"to": [8.5, 3, 12],
			"rotation": {"angle": 45, "axis": "x", "origin": [8, 8, 8]},
			"faces": {
				"north": {"uv": [1, 4, 2, 5], "rotation": 180, "texture": "#0"},
				"east": {"uv": [1, 4, 2, 5], "rotation": 180, "texture": "#0"},
				"south": {"uv": [1, 4, 2, 5], "rotation": 180, "texture": "#0"},
				"west": {"uv": [1, 4, 2, 5], "rotation": 180, "texture": "#0"},
				"up": {"uv": [1, 4, 2, 5], "rotation": 180, "texture": "#0"},
				"down": {"uv": [1, 4, 2, 5], "rotation": 180, "texture": "#0"}
			}
		},
		{
			"from": [4, 9.5, 15],
			"to": [12, 15.5, 16],
			"rotation": {"angle": 22.5, "axis": "x", "origin": [8, 8, 8]},
			"faces": {
				"north": {"uv": [8, 6, 14, 12], "rotation": 180, "texture": "#0"},
				"east": {"uv": [9, 4, 10, 14], "rotation": 180, "texture": "#0"},
				"south": {"uv": [1, 12, 6, 16], "texture": "#0"},
				"west": {"uv": [9, 4, 10, 14], "rotation": 180, "texture": "#0"},
				"up": {"uv": [8, 10, 14, 11], "rotation": 180, "texture": "#0"},
				"down": {"uv": [8, 5, 14, 13], "rotation": 180, "texture": "#0"}
			}
		},
		{
			"from": [5.3, 14.3, 16],
			"to": [6.5, 15.3, 18],
			"rotation": {"angle": 22.5, "axis": "x", "origin": [8, 8, 8]},
			"faces": {
				"north": {"uv": [3, 14, 4, 15], "rotation": 90, "texture": "#0"},
				"east": {"uv": [3, 14, 4, 15], "rotation": 90, "texture": "#0"},
				"south": {"uv": [3, 14, 4, 15], "rotation": 90, "texture": "#0"},
				"west": {"uv": [3, 14, 4, 15], "rotation": 90, "texture": "#0"},
				"up": {"uv": [3, 14, 4, 15], "rotation": 90, "texture": "#0"},
				"down": {"uv": [3, 14, 4, 15], "rotation": 90, "texture": "#0"}
			}
		},
		{
			"from": [7.4, 14.3, 16],
			"to": [8.6, 15.3, 18],
			"rotation": {"angle": 22.5, "axis": "x", "origin": [8, 8, 8]},
			"faces": {
				"north": {"uv": [3, 14, 4, 15], "rotation": 90, "texture": "#0"},
				"east": {"uv": [3, 14, 4, 15], "rotation": 90, "texture": "#0"},
				"south": {"uv": [3, 14, 4, 15], "rotation": 90, "texture": "#0"},
				"west": {"uv": [3, 14, 4, 15], "rotation": 90, "texture": "#0"},
				"up": {"uv": [3, 14, 4, 15], "rotation": 90, "texture": "#0"},
				"down": {"uv": [3, 14, 4, 15], "rotation": 90, "texture": "#0"}
			}
		},
		{
			"from": [9.5, 14.3, 16],
			"to": [10.7, 15.3, 18],
			"rotation": {"angle": 22.5, "axis": "x", "origin": [8, 8, 8]},
			"faces": {
				"north": {"uv": [3, 14, 4, 15], "rotation": 90, "texture": "#0"},
				"east": {"uv": [3, 14, 4, 15], "rotation": 90, "texture": "#0"},
				"south": {"uv": [3, 14, 4, 15], "rotation": 90, "texture": "#0"},
				"west": {"uv": [3, 14, 4, 15], "rotation": 90, "texture": "#0"},
				"up": {"uv": [3, 14, 4, 15], "rotation": 90, "texture": "#0"},
				"down": {"uv": [3, 14, 4, 15], "rotation": 90, "texture": "#0"}
			}
		},
		{
			"from": [10.8, 13.3, 16],
			"to": [11.8, 14.3, 17.5],
			"rotation": {"angle": 22.5, "axis": "x", "origin": [8, 8, 8]},
			"faces": {
				"north": {"uv": [3, 14, 4, 15], "rotation": 90, "texture": "#0"},
				"east": {"uv": [3, 14, 4, 15], "rotation": 90, "texture": "#0"},
				"south": {"uv": [3, 14, 4, 15], "rotation": 90, "texture": "#0"},
				"west": {"uv": [3, 14, 4, 15], "rotation": 90, "texture": "#0"},
				"up": {"uv": [3, 14, 4, 15], "rotation": 90, "texture": "#0"},
				"down": {"uv": [3, 14, 4, 15], "rotation": 90, "texture": "#0"}
			}
		},
		{
			"from": [10.8, 11.3, 16],
			"to": [11.8, 12.3, 17],
			"rotation": {"angle": 22.5, "axis": "x", "origin": [8, 8, 8]},
			"faces": {
				"north": {"uv": [3, 14, 4, 15], "rotation": 90, "texture": "#0"},
				"east": {"uv": [3, 14, 4, 15], "rotation": 90, "texture": "#0"},
				"south": {"uv": [3, 14, 4, 15], "rotation": 90, "texture": "#0"},
				"west": {"uv": [3, 14, 4, 15], "rotation": 90, "texture": "#0"},
				"up": {"uv": [3, 14, 4, 15], "rotation": 90, "texture": "#0"},
				"down": {"uv": [3, 14, 4, 15], "rotation": 90, "texture": "#0"}
			}
		},
		{
			"from": [4.2, 13.3, 16],
			"to": [5.2, 14.3, 17.5],
			"rotation": {"angle": 22.5, "axis": "x", "origin": [8, 8, 8]},
			"faces": {
				"north": {"uv": [3, 14, 4, 15], "rotation": 90, "texture": "#0"},
				"east": {"uv": [3, 14, 4, 15], "rotation": 90, "texture": "#0"},
				"south": {"uv": [3, 14, 4, 15], "rotation": 90, "texture": "#0"},
				"west": {"uv": [3, 14, 4, 15], "rotation": 90, "texture": "#0"},
				"up": {"uv": [3, 14, 4, 15], "rotation": 90, "texture": "#0"},
				"down": {"uv": [3, 14, 4, 15], "rotation": 90, "texture": "#0"}
			}
		},
		{
			"from": [4.2, 11.3, 16],
			"to": [5.2, 12.3, 17],
			"rotation": {"angle": 22.5, "axis": "x", "origin": [8, 8, 8]},
			"faces": {
				"north": {"uv": [3, 14, 4, 15], "rotation": 90, "texture": "#0"},
				"east": {"uv": [3, 14, 4, 15], "rotation": 90, "texture": "#0"},
				"south": {"uv": [3, 14, 4, 15], "rotation": 90, "texture": "#0"},
				"west": {"uv": [3, 14, 4, 15], "rotation": 90, "texture": "#0"},
				"up": {"uv": [3, 14, 4, 15], "rotation": 90, "texture": "#0"},
				"down": {"uv": [3, 14, 4, 15], "rotation": 90, "texture": "#0"}
			}
		},
		{
			"from": [4, -2, 14],
			"to": [12, 4, 15],
			"rotation": {"angle": -22.5, "axis": "x", "origin": [8, 8, 8]},
			"faces": {
				"north": {"uv": [8, 6, 14, 12], "rotation": 180, "texture": "#0"},
				"east": {"uv": [9, 5, 10, 13], "rotation": 180, "texture": "#0"},
				"south": {"uv": [1, 12, 6, 16], "rotation": 180, "texture": "#0"},
				"west": {"uv": [9, 5, 10, 13], "rotation": 180, "texture": "#0"},
				"up": {"uv": [8, 5, 14, 13], "rotation": 180, "texture": "#0"},
				"down": {"uv": [8, 10, 14, 11], "rotation": 180, "texture": "#0"}
			}
		},
		{
			"from": [4.2, -1.8, 15],
			"to": [5.2, -0.8, 17],
			"rotation": {"angle": -22.5, "axis": "x", "origin": [8, 8, 8]},
			"faces": {
				"north": {"uv": [3, 14, 4, 15], "rotation": 270, "texture": "#0"},
				"east": {"uv": [3, 14, 4, 15], "rotation": 270, "texture": "#0"},
				"south": {"uv": [3, 14, 4, 15], "rotation": 270, "texture": "#0"},
				"west": {"uv": [3, 14, 4, 15], "rotation": 270, "texture": "#0"},
				"up": {"uv": [3, 14, 4, 15], "rotation": 270, "texture": "#0"},
				"down": {"uv": [3, 14, 4, 15], "rotation": 270, "texture": "#0"}
			}
		},
		{
			"from": [4.2, 0.2, 15],
			"to": [5.2, 1.2, 16.5],
			"rotation": {"angle": -22.5, "axis": "x", "origin": [8, 8, 8]},
			"faces": {
				"north": {"uv": [3, 14, 4, 15], "rotation": 270, "texture": "#0"},
				"east": {"uv": [3, 14, 4, 15], "rotation": 270, "texture": "#0"},
				"south": {"uv": [3, 14, 4, 15], "rotation": 270, "texture": "#0"},
				"west": {"uv": [3, 14, 4, 15], "rotation": 270, "texture": "#0"},
				"up": {"uv": [3, 14, 4, 15], "rotation": 270, "texture": "#0"},
				"down": {"uv": [3, 14, 4, 15], "rotation": 270, "texture": "#0"}
			}
		},
		{
			"from": [4.2, 2.2, 15],
			"to": [5.2, 3.2, 16],
			"rotation": {"angle": -22.5, "axis": "x", "origin": [8, 8, 8]},
			"faces": {
				"north": {"uv": [3, 14, 4, 15], "rotation": 270, "texture": "#0"},
				"east": {"uv": [3, 14, 4, 15], "rotation": 270, "texture": "#0"},
				"south": {"uv": [3, 14, 4, 15], "rotation": 270, "texture": "#0"},
				"west": {"uv": [3, 14, 4, 15], "rotation": 270, "texture": "#0"},
				"up": {"uv": [3, 14, 4, 15], "rotation": 270, "texture": "#0"},
				"down": {"uv": [3, 14, 4, 15], "rotation": 270, "texture": "#0"}
			}
		},
		{
			"from": [10.8, 2.2, 15],
			"to": [11.8, 3.2, 16],
			"rotation": {"angle": -22.5, "axis": "x", "origin": [8, 8, 8]},
			"faces": {
				"north": {"uv": [3, 14, 4, 15], "rotation": 270, "texture": "#0"},
				"east": {"uv": [3, 14, 4, 15], "rotation": 270, "texture": "#0"},
				"south": {"uv": [3, 14, 4, 15], "rotation": 270, "texture": "#0"},
				"west": {"uv": [3, 14, 4, 15], "rotation": 270, "texture": "#0"},
				"up": {"uv": [3, 14, 4, 15], "rotation": 270, "texture": "#0"},
				"down": {"uv": [3, 14, 4, 15], "rotation": 270, "texture": "#0"}
			}
		},
		{
			"from": [10.8, -1.8, 15],
			"to": [11.8, -0.8, 17],
			"rotation": {"angle": -22.5, "axis": "x", "origin": [8, 8, 8]},
			"faces": {
				"north": {"uv": [3, 14, 4, 15], "rotation": 270, "texture": "#0"},
				"east": {"uv": [3, 14, 4, 15], "rotation": 270, "texture": "#0"},
				"south": {"uv": [3, 14, 4, 15], "rotation": 270, "texture": "#0"},
				"west": {"uv": [3, 14, 4, 15], "rotation": 270, "texture": "#0"},
				"up": {"uv": [3, 14, 4, 15], "rotation": 270, "texture": "#0"},
				"down": {"uv": [3, 14, 4, 15], "rotation": 270, "texture": "#0"}
			}
		},
		{
			"from": [10.8, 0.2, 15],
			"to": [11.8, 1.2, 16.5],
			"rotation": {"angle": -22.5, "axis": "x", "origin": [8, 8, 8]},
			"faces": {
				"north": {"uv": [3, 14, 4, 15], "rotation": 270, "texture": "#0"},
				"east": {"uv": [3, 14, 4, 15], "rotation": 270, "texture": "#0"},
				"south": {"uv": [3, 14, 4, 15], "rotation": 270, "texture": "#0"},
				"west": {"uv": [3, 14, 4, 15], "rotation": 270, "texture": "#0"},
				"up": {"uv": [3, 14, 4, 15], "rotation": 270, "texture": "#0"},
				"down": {"uv": [3, 14, 4, 15], "rotation": 270, "texture": "#0"}
			}
		},
		{
			"from": [8.625, -1.8, 15],
			"to": [9.625, -0.8, 17],
			"rotation": {"angle": -22.5, "axis": "x", "origin": [8, 8, 8]},
			"faces": {
				"north": {"uv": [3, 14, 4, 15], "rotation": 270, "texture": "#0"},
				"east": {"uv": [3, 14, 4, 15], "rotation": 270, "texture": "#0"},
				"south": {"uv": [3, 14, 4, 15], "rotation": 270, "texture": "#0"},
				"west": {"uv": [3, 14, 4, 15], "rotation": 270, "texture": "#0"},
				"up": {"uv": [3, 14, 4, 15], "rotation": 270, "texture": "#0"},
				"down": {"uv": [3, 14, 4, 15], "rotation": 270, "texture": "#0"}
			}
		},
		{
			"from": [6.375, -1.8, 15],
			"to": [7.375, -0.8, 17],
			"rotation": {"angle": -22.5, "axis": "x", "origin": [8, 8, 8]},
			"faces": {
				"north": {"uv": [3, 14, 4, 15], "rotation": 270, "texture": "#0"},
				"east": {"uv": [3, 14, 4, 15], "rotation": 270, "texture": "#0"},
				"south": {"uv": [3, 14, 4, 15], "rotation": 270, "texture": "#0"},
				"west": {"uv": [3, 14, 4, 15], "rotation": 270, "texture": "#0"},
				"up": {"uv": [3, 14, 4, 15], "rotation": 270, "texture": "#0"},
				"down": {"uv": [3, 14, 4, 15], "rotation": 270, "texture": "#0"}
			}
		}
	],
	"display": {
		"gui": {
			"rotation": [-20, 20, 30],
			"translation": [-2, -1, 0],
			"scale": [1.1, 1.1, 1.1]
		},
		"head": {
			"rotation": [-180, 0, 0],
			"translation": [-2.5, 2.5, 11.8],
			"scale": [1.5, 1.5, 1.5]
		}
	},
	"groups": [0,
		{
			"name": "armspikes",
			"origin": [8, 8, 8],
			"children": [1, 2, 3, 4, 5, 6, 7, 8, 9, 10, 11, 12, 13, 14, 15, 16, 17, 18, 19, 20, 21, 22, 23, 24, 25, 26, 27, 28, 29, 30]
		}, 31, 32, 33, 34, 35, 36, 37, 38, 39, 40, 41, 42, 43, 44, 45, 46, 47]
}