{
    "__comment": "Model generated using MrCrayfish's Model Creator (http://mrcrayfish.com/modelcreator/)",
    "textures": {
        "0": "blocks/base",
        "1": "blocks/face",
        "2": "blocks/Untitled"
    },
    "elements": [
        {
            "name": "base",
            "from": [ 0.0, 0.0, 0.0 ], 
            "to": [ 16.0, 16.0, 16.0 ], 
            "faces": {
                "north": { "texture": "#0", "uv": [ 0.0, 0.0, 16.0, 16.0 ] },
                "east": { "texture": "#0", "uv": [ 0.0, 0.0, 16.0, 16.0 ] },
                "south": { "texture": "#0", "uv": [ 0.0, 0.0, 16.0, 16.0 ] },
                "west": { "texture": "#0", "uv": [ 0.0, 0.0, 16.0, 16.0 ] },
                "up": { "texture": "#0", "uv": [ 0.0, 0.0, 16.0, 16.0 ] },
                "down": { "texture": "#0", "uv": [ 0.0, 0.0, 16.0, 16.0 ] }
            }
        },
        {
            "name": "1",
            "from": [ 7.0, 2.0, -1.0 ], 
            "to": [ 9.0, 3.0, 0.0 ], 
            "faces": {
                "north": { "texture": "#1", "uv": [ 0.0, 0.0, 2.0, 1.0 ] },
                "east": { "texture": "#1", "uv": [ 0.0, 0.0, 1.0, 1.0 ] },
                "south": { "texture": "#1", "uv": [ 0.0, 0.0, 2.0, 1.0 ] },
                "west": { "texture": "#1", "uv": [ 0.0, 0.0, 1.0, 1.0 ] },
                "up": { "texture": "#1", "uv": [ 0.0, 0.0, 2.0, 1.0 ] },
                "down": { "texture": "#1", "uv": [ 0.0, 0.0, 2.0, 1.0 ] }
            }
        },
        {
            "name": "2",
            "from": [ 6.0, 3.0, -1.0 ], 
            "to": [ 10.0, 4.0, 0.0 ], 
            "faces": {
                "north": { "texture": "#1", "uv": [ 0.0, 0.0, 4.0, 1.0 ] },
                "east": { "texture": "#1", "uv": [ 0.0, 0.0, 1.0, 1.0 ] },
                "south": { "texture": "#1", "uv": [ 0.0, 0.0, 4.0, 1.0 ] },
                "west": { "texture": "#1", "uv": [ 0.0, 0.0, 1.0, 1.0 ] },
                "up": { "texture": "#1", "uv": [ 0.0, 0.0, 4.0, 1.0 ] },
                "down": { "texture": "#1", "uv": [ 0.0, 0.0, 4.0, 1.0 ] }
            }
        },
        {
            "name": "3",
            "from": [ 5.0, 4.0, -1.0 ], 
            "to": [ 11.0, 5.0, 0.0 ], 
            "faces": {
                "north": { "texture": "#1", "uv": [ 0.0, 0.0, 6.0, 1.0 ] },
                "east": { "texture": "#1", "uv": [ 0.0, 0.0, 1.0, 1.0 ] },
                "south": { "texture": "#1", "uv": [ 0.0, 0.0, 6.0, 1.0 ] },
                "west": { "texture": "#1", "uv": [ 0.0, 0.0, 1.0, 1.0 ] },
                "up": { "texture": "#1", "uv": [ 0.0, 0.0, 6.0, 1.0 ] },
                "down": { "texture": "#1", "uv": [ 0.0, 0.0, 6.0, 1.0 ] }
            }
        },
        {
            "name": "4",
            "from": [ 4.0, 5.0, -1.0 ], 
            "to": [ 12.0, 6.0, 0.0 ], 
            "faces": {
                "north": { "texture": "#1", "uv": [ 0.0, 0.0, 8.0, 1.0 ] },
                "east": { "texture": "#1", "uv": [ 0.0, 0.0, 1.0, 1.0 ] },
                "south": { "texture": "#1", "uv": [ 0.0, 0.0, 8.0, 1.0 ] },
                "west": { "texture": "#1", "uv": [ 0.0, 0.0, 1.0, 1.0 ] },
                "up": { "texture": "#1", "uv": [ 0.0, 0.0, 8.0, 1.0 ] },
                "down": { "texture": "#1", "uv": [ 0.0, 0.0, 8.0, 1.0 ] }
            }
        },
        {
            "name": "5",
            "from": [ 3.0, 6.0, -1.0 ], 
            "to": [ 13.0, 7.0, 0.0 ], 
            "faces": {
                "north": { "texture": "#1", "uv": [ 0.0, 0.0, 10.0, 1.0 ] },
                "east": { "texture": "#1", "uv": [ 0.0, 0.0, 1.0, 1.0 ] },
                "south": { "texture": "#1", "uv": [ 0.0, 0.0, 10.0, 1.0 ] },
                "west": { "texture": "#1", "uv": [ 0.0, 0.0, 1.0, 1.0 ] },
                "up": { "texture": "#1", "uv": [ 0.0, 0.0, 10.0, 1.0 ] },
                "down": { "texture": "#1", "uv": [ 0.0, 0.0, 10.0, 1.0 ] }
            }
        },
        {
            "name": "6",
            "from": [ 2.0, 7.0, -1.0 ], 
            "to": [ 14.0, 8.0, 0.0 ], 
            "faces": {
                "north": { "texture": "#1", "uv": [ 0.0, 0.0, 12.0, 1.0 ] },
                "east": { "texture": "#1", "uv": [ 0.0, 0.0, 1.0, 1.0 ] },
                "south": { "texture": "#1", "uv": [ 0.0, 0.0, 12.0, 1.0 ] },
                "west": { "texture": "#1", "uv": [ 0.0, 0.0, 1.0, 1.0 ] },
                "up": { "texture": "#1", "uv": [ 0.0, 0.0, 12.0, 1.0 ] },
                "down": { "texture": "#1", "uv": [ 0.0, 0.0, 12.0, 1.0 ] }
            }
        },
        {
            "name": "7",
            "from": [ 1.0, 8.0, -1.0 ], 
            "to": [ 15.0, 9.0, 0.0 ], 
            "faces": {
                "north": { "texture": "#1", "uv": [ 0.0, 0.0, 14.0, 1.0 ] },
                "east": { "texture": "#1", "uv": [ 0.0, 0.0, 1.0, 1.0 ] },
                "south": { "texture": "#1", "uv": [ 0.0, 0.0, 14.0, 1.0 ] },
                "west": { "texture": "#1", "uv": [ 0.0, 0.0, 1.0, 1.0 ] },
                "up": { "texture": "#1", "uv": [ 0.0, 0.0, 14.0, 1.0 ] },
                "down": { "texture": "#1", "uv": [ 0.0, 0.0, 14.0, 1.0 ] }
            }
        },
        {
            "name": "8",
            "from": [ 0.0, 9.0, -1.0 ], 
            "to": [ 16.0, 10.0, 0.0 ], 
            "faces": {
                "north": { "texture": "#1", "uv": [ 0.0, 0.0, 16.0, 1.0 ] },
                "east": { "texture": "#1", "uv": [ 0.0, 0.0, 1.0, 1.0 ] },
                "south": { "texture": "#1", "uv": [ 0.0, 0.0, 16.0, 1.0 ] },
                "west": { "texture": "#1", "uv": [ 0.0, 0.0, 1.0, 1.0 ] },
                "up": { "texture": "#1", "uv": [ 0.0, 0.0, 16.0, 1.0 ] },
                "down": { "texture": "#1", "uv": [ 0.0, 0.0, 16.0, 1.0 ] }
            }
        },
        {
            "name": "right",
            "from": [ 4.499999992549419, 3.0, -1.0 ], 
            "to": [ 20.0, 4.0, 0.0 ], 
            "rotation": { "origin": [ 8.0, 8.0, 8.0 ], "axis": "z", "angle": 45.0 },
            "faces": {
                "north": { "texture": "#1", "uv": [ 0.0, 0.0, 15.50000000745058, 1.0 ] },
                "east": { "texture": "#1", "uv": [ 0.0, 0.0, 1.0, 1.0 ] },
                "south": { "texture": "#1", "uv": [ 0.0, 0.0, 15.50000000745058, 1.0 ] },
                "west": { "texture": "#1", "uv": [ 0.0, 0.0, 1.0, 1.0 ] },
                "up": { "texture": "#1", "uv": [ 0.0, 0.0, 15.50000000745058, 1.0 ] },
                "down": { "texture": "#1", "uv": [ 0.0, 0.0, 15.50000000745058, 1.0 ] }
            }
        },
        {
            "name": "9",
            "from": [ -1.0, 10.0, -1.0 ], 
            "to": [ 17.0, 11.0, 0.0 ], 
            "faces": {
                "north": { "texture": "#1", "uv": [ 0.0, 0.0, 18.0, 1.0 ] },
                "east": { "texture": "#1", "uv": [ 0.0, 0.0, 1.0, 1.0 ] },
                "south": { "texture": "#1", "uv": [ 0.0, 0.0, 18.0, 1.0 ] },
                "west": { "texture": "#1", "uv": [ 0.0, 0.0, 1.0, 1.0 ] },
                "up": { "texture": "#1", "uv": [ 0.0, 0.0, 18.0, 1.0 ] },
                "down": { "texture": "#1", "uv": [ 0.0, 0.0, 18.0, 1.0 ] }
            }
        },
        {
            "name": "10",
            "from": [ -2.0, 11.0, -1.0 ], 
            "to": [ 18.0, 12.0, 0.0 ], 
            "faces": {
                "north": { "texture": "#1", "uv": [ 0.0, 0.0, 20.0, 1.0 ] },
                "east": { "texture": "#1", "uv": [ 0.0, 0.0, 1.0, 1.0 ] },
                "south": { "texture": "#1", "uv": [ 0.0, 0.0, 20.0, 1.0 ] },
                "west": { "texture": "#1", "uv": [ 0.0, 0.0, 1.0, 1.0 ] },
                "up": { "texture": "#1", "uv": [ 0.0, 0.0, 20.0, 1.0 ] },
                "down": { "texture": "#1", "uv": [ 0.0, 0.0, 20.0, 1.0 ] }
            }
        },
        {
            "name": "11",
            "from": [ -3.0, 12.0, -1.0 ], 
            "to": [ 19.0, 13.0, 0.0 ], 
            "faces": {
                "north": { "texture": "#1", "uv": [ 0.0, 0.0, 22.0, 1.0 ] },
                "east": { "texture": "#1", "uv": [ 0.0, 0.0, 1.0, 1.0 ] },
                "south": { "texture": "#1", "uv": [ 0.0, 0.0, 22.0, 1.0 ] },
                "west": { "texture": "#1", "uv": [ 0.0, 0.0, 1.0, 1.0 ] },
                "up": { "texture": "#1", "uv": [ 0.0, 0.0, 22.0, 1.0 ] },
                "down": { "texture": "#1", "uv": [ 0.0, 0.0, 22.0, 1.0 ] }
            }
        },
        {
            "name": "12",
            "from": [ -4.0, 13.0, -1.0 ], 
            "to": [ 20.0, 14.0, 0.0 ], 
            "faces": {
                "north": { "texture": "#1", "uv": [ 0.0, 0.0, 24.0, 1.0 ] },
                "east": { "texture": "#1", "uv": [ 0.0, 0.0, 1.0, 1.0 ] },
                "south": { "texture": "#1", "uv": [ 0.0, 0.0, 24.0, 1.0 ] },
                "west": { "texture": "#1", "uv": [ 0.0, 0.0, 1.0, 1.0 ] },
                "up": { "texture": "#1", "uv": [ 0.0, 0.0, 24.0, 1.0 ] },
                "down": { "texture": "#1", "uv": [ 0.0, 0.0, 24.0, 1.0 ] }
            }
        },
        {
            "name": "left",
            "from": [ -4.0, 3.000000014901161, -1.0 ], 
            "to": [ 11.50000000745058, 4.000000014901161, 0.0 ], 
            "rotation": { "origin": [ 8.0, 8.0, 8.0 ], "axis": "z", "angle": -45.0 },
            "faces": {
                "north": { "texture": "#1", "uv": [ 0.0, 0.0, 15.50000000745058, 1.0 ] },
                "east": { "texture": "#1", "uv": [ 0.0, 0.0, 1.0, 1.0 ] },
                "south": { "texture": "#1", "uv": [ 0.0, 0.0, 15.50000000745058, 1.0 ] },
                "west": { "texture": "#1", "uv": [ 0.0, 0.0, 1.0, 1.0 ] },
                "up": { "texture": "#1", "uv": [ 0.0, 0.0, 15.50000000745058, 1.0 ] },
                "down": { "texture": "#1", "uv": [ 0.0, 0.0, 15.50000000745058, 1.0 ] }
            }
        },
        {
            "name": "eye",
            "from": [ 7.0, 9.0, -1.1000000014901161 ], 
            "to": [ 9.0, 11.0, -0.10000000149011612 ], 
            "faces": {
                "north": { "texture": "#2", "uv": [ 0.0, 0.0, 2.0, 2.0 ] },
                "east": { "texture": "#2", "uv": [ 0.0, 0.0, 1.0, 2.0 ] },
                "south": { "texture": "#2", "uv": [ 0.0, 0.0, 2.0, 2.0 ] },
                "west": { "texture": "#2", "uv": [ 0.0, 0.0, 1.0, 2.0 ] },
                "up": { "texture": "#2", "uv": [ 0.0, 0.0, 2.0, 1.0 ] },
                "down": { "texture": "#2", "uv": [ 0.0, 0.0, 2.0, 1.0 ] }
            }
        },
        {
            "name": "strap1",
            "from": [ -0.10000000149011612, 12.0, -0.10000000149011612 ], 
            "to": [ 16.100000001490116, 13.0, 16.100000001490116 ], 
            "faces": {
                "north": { "texture": "#1", "uv": [ 0.0, 0.0, 16.200000002980232, 1.0 ] },
                "east": { "texture": "#1", "uv": [ 0.0, 0.0, 16.200000002980232, 1.0 ] },
                "south": { "texture": "#1", "uv": [ 0.0, 0.0, 16.200000002980232, 1.0 ] },
                "west": { "texture": "#1", "uv": [ 0.0, 0.0, 16.200000002980232, 1.0 ] },
                "up": { "texture": "#1", "uv": [ 0.0, 0.0, 16.200000002980232, 16.200000002980232 ] },
                "down": { "texture": "#1", "uv": [ 0.0, 0.0, 16.200000002980232, 16.200000002980232 ] }
            }
        },
        {
            "name": "strap2",
            "from": [ -0.10000000149011612, 6.0, -0.10000000149011612 ], 
            "to": [ 16.100000001490116, 7.0, 16.100000001490116 ], 
            "faces": {
                "north": { "texture": "#1", "uv": [ 0.0, 0.0, 16.200000002980232, 1.0 ] },
                "east": { "texture": "#1", "uv": [ 0.0, 0.0, 16.200000002980232, 1.0 ] },
                "south": { "texture": "#1", "uv": [ 0.0, 0.0, 16.200000002980232, 1.0 ] },
                "west": { "texture": "#1", "uv": [ 0.0, 0.0, 16.200000002980232, 1.0 ] },
                "up": { "texture": "#1", "uv": [ 0.0, 0.0, 16.200000002980232, 16.200000002980232 ] },
                "down": { "texture": "#1", "uv": [ 0.0, 0.0, 16.200000002980232, 16.200000002980232 ] }
            }
        }
    ]
}