{
"__comment": "Designed by Hunajameloni with BDcraft Cubik PRO 0.93 Beta - http://bdcraft.net",
"textures": {
    "particle": "items/chicken cooked",
    "texture": "items/chicken cooked"
},
"elements": [ 
{
    "from": [ 6.5, 3.25, 6 ],
    "to": [ 9.25, 6, 9 ],
    "faces": {
        "down":  { "uv": [ 0, 0, 16, 8.5 ], "texture": "#texture" },
        "up":    { "uv": [ 0, 0, 16, 8.5 ], "texture": "#texture" },
        "north": { "uv": [ 0, 0, 16, 9.5 ], "texture": "#texture" },
        "south": { "uv": [ 0, 0, 16, 9.5 ], "texture": "#texture" },
        "west":  { "uv": [ 0, 0, 15.25, 7.5 ], "texture": "#texture" },
        "east":  { "uv": [ 0, 0, 15.25, 7.5 ], "texture": "#texture" }
    }
},
{
    "from": [ 9.25, 3.25, 6.25 ],
    "to": [ 10, 5.75, 8.75 ],
    "faces": {
        "down":  { "uv": [ 0, 0, 16, 8.25 ], "texture": "#texture" },
        "up":    { "uv": [ 0, 0, 16, 8.25 ], "texture": "#texture" },
        "north": { "uv": [ 0, 0, 16, 7 ], "texture": "#texture" },
        "south": { "uv": [ 0, 0, 16, 7 ], "texture": "#texture" },
        "west":  { "uv": [ 0, 0, 16, 7.75 ], "texture": "#texture" },
        "east":  { "uv": [ 0, 0, 16, 7.75 ], "texture": "#texture" }
    }
},
{
    "from": [ 6.25, 3.5, 6.25 ],
    "to": [ 6.5, 5.75, 8.75 ],
    "faces": {
        "down":  { "uv": [ 0, 0, 16, 8.25 ], "texture": "#texture" },
        "up":    { "uv": [ 0, 0, 16, 8.25 ], "texture": "#texture" },
        "north": { "uv": [ 0, 0, 16, 9.75 ], "texture": "#texture" },
        "south": { "uv": [ 0, 0, 16, 9.75 ], "texture": "#texture" },
        "west":  { "uv": [ 0, 0, 16, 10.25 ], "texture": "#texture" },
        "east":  { "uv": [ 0, 0, 16, 10.25 ], "texture": "#texture" }
    }
},
{
    "from": [ 7.25, 3.75, 9 ],
    "to": [ 9, 5.25, 9.75 ],
    "faces": {
        "down":  { "uv": [ 10.75, 12.25, 15.75, 16 ], "texture": "#texture" },
        "up":    { "uv": [ 3.5, 0.25, 16, 6.75 ], "texture": "#texture" },
        "north": { "uv": [ 8.25, 5.75, 16, 16 ], "texture": "#texture" },
        "south": { "uv": [ 8.25, 5.75, 16, 16 ], "texture": "#texture" },
        "west":  { "uv": [ 9.25, 9.25, 16, 16 ], "texture": "#texture" },
        "east":  { "uv": [ 9.25, 9.25, 16, 16 ], "texture": "#texture" }
    }
},
{
    "from": [ 7.25, 3.75, 5.25 ],
    "to": [ 9, 5.25, 6 ],
    "faces": {
        "down":  { "uv": [ 0, 0, 11.5, 8.25 ], "texture": "#texture" },
        "up":    { "uv": [ 0, 0, 11.5, 8.25 ], "texture": "#texture" },
        "north": { "uv": [ 0, 0, 11.75, 7.75 ], "texture": "#texture" },
        "south": { "uv": [ 0, 0, 11.75, 7.75 ], "texture": "#texture" },
        "west":  { "uv": [ 0, 0, 11.75, 9.75 ], "texture": "#texture" },
        "east":  { "uv": [ 0, 0, 11.75, 9.75 ], "texture": "#texture" }
    }
},
{
    "from": [ 8.25, 4.75, 9.125 ],
    "to": [ 10, 5.5, 9.875 ],
    "faces": {
        "down":  { "uv": [ 0, 0, 15.75, 8.25 ], "texture": "#texture" },
        "up":    { "uv": [ 0, 0, 15.75, 8.25 ], "texture": "#texture" },
        "north": { "uv": [ 3.25, 3.25, 16, 13 ], "texture": "#texture" },
        "south": { "uv": [ 3.25, 3.25, 16, 13 ], "texture": "#texture" },
        "west":  { "uv": [ 5, 0, 12.5, 10 ], "texture": "#texture" },
        "east":  { "uv": [ 5, 0, 12.5, 10 ], "texture": "#texture" }
    }
},
{
    "from": [ 8.25, 4.75, 5.1875 ],
    "to": [ 10.0625, 5.5, 5.9375 ],
    "faces": {
        "down":  { "uv": [ 0.5, 0.5, 14.75, 9 ], "texture": "#texture" },
        "up":    { "uv": [ 0.5, 0.5, 14.75, 9 ], "texture": "#texture" },
        "north": { "uv": [ 3.25, 1.5, 14.5, 7.75 ], "texture": "#texture" },
        "south": { "uv": [ 3.25, 1.5, 14.5, 7.75 ], "texture": "#texture" },
        "west":  { "uv": [ 3, 5.5, 13.5, 12.5 ], "texture": "#texture" },
        "east":  { "uv": [ 3, 5.5, 13.5, 12.5 ], "texture": "#texture" }
    }
},
{
    "from": [ 10, 4.9375, 5.25 ],
    "to": [ 11, 5.4375, 5.75 ],
    "faces": {
        "down":  { "uv": [ 6, 5.75, 5, 5.25 ], "texture": "#texture" },
        "up":    { "uv": [ 10, 5.25, 11, 5.75 ], "texture": "#texture" },
        "north": { "uv": [ 5, 10.5625, 6, 11.0625 ], "texture": "#texture" },
        "south": { "uv": [ 10, 10.5625, 11, 11.0625 ], "texture": "#texture" },
        "west":  { "uv": [ 5.25, 10.5625, 5.75, 11.0625 ], "texture": "#texture" },
        "east":  { "uv": [ 10.25, 10.5625, 10.75, 11.0625 ], "texture": "#texture" }
    }
},
{
    "from": [ 10, 4.9375, 9.25 ],
    "to": [ 11, 5.4375, 9.75 ],
    "faces": {
        "down":  { "uv": [ 6, 9.75, 5, 9.25 ], "texture": "#texture" },
        "up":    { "uv": [ 10, 9.25, 11, 9.75 ], "texture": "#texture" },
        "north": { "uv": [ 5, 10.5625, 6, 11.0625 ], "texture": "#texture" },
        "south": { "uv": [ 10, 10.5625, 11, 11.0625 ], "texture": "#texture" },
        "west":  { "uv": [ 9.25, 10.5625, 9.75, 11.0625 ], "texture": "#texture" },
        "east":  { "uv": [ 6.25, 10.5625, 6.75, 11.0625 ], "texture": "#texture" }
    }
}
],
"display": {
    "thirdperson": {
        "rotation": [ 180, -47, -68 ],
        "translation": [ 2.4, -0.9, 0.4 ],
        "scale": [ 3, 3, 3 ]
    },
    "head": {
        "rotation": [ 0, -90, 0 ],
        "translation": [ -1, 6.6, -1.3 ],
        "scale": [ 4, 4, 4 ]
    },
    "gui": {
        "rotation": [ 0, -86, 0 ],
        "translation": [ 0, 7.2, -3 ],
        "scale": [ 4, 4, 4 ]
    }
}
}