{
    "__comment": "Model generated using MrCrayfish's Model Creator (http://mrcrayfish.com/modelcreator/)",
    "textures": {
        "particle": "blocks/colonelSanders_master",
        "0": "blocks/colonelSanders_master",
        "1": "blocks/KFC"
    },
    "elements": [
        {
            "name": "Element",
            "from": [ 5.0, 1.0, 7.0 ], 
            "to": [ 11.0, 1.5, 10.5 ], 
            "faces": {
                "north": { "texture": "#0", "uv": [ 5.0, 14.5, 11.0, 15.0 ] },
                "east": { "texture": "#0", "uv": [ 5.5, 14.5, 9.0, 15.0 ] },
                "south": { "texture": "#0", "uv": [ 5.0, 14.5, 11.0, 15.0 ] },
                "west": { "texture": "#0", "uv": [ 7.0, 14.5, 10.5, 15.0 ] },
                "up": { "texture": "#0", "uv": [ 5.0, 14.5, 11.0, 15.0 ] },
                "down": { "texture": "#0", "uv": [ 5.0, 14.5, 11.0, 15.0 ] }
            }
        },
        {
            "name": "Element",
            "from": [ 6.5, 1.5, 7.5 ], 
            "to": [ 9.5, 2.5, 11.0 ], 
            "faces": {
                "north": { "texture": "#0", "uv": [ 6.0, 14.0, 6.5, 14.5 ] },
                "east": { "texture": "#0", "uv": [ 6.5, 14.0, 6.0, 14.5 ] },
                "south": { "texture": "#0", "uv": [ 6.0, 14.5, 6.5, 14.0 ] },
                "west": { "texture": "#0", "uv": [ 6.0, 14.0, 6.5, 14.5 ] },
                "up": { "texture": "#0", "uv": [ 6.0, 14.0, 6.5, 14.5 ] },
                "down": { "texture": "#0", "uv": [ 6.0, 14.5, 6.5, 14.0 ] }
            }
        },
        {
            "name": "Element",
            "from": [ 3.5, 2.0, 7.0 ], 
            "to": [ 12.5, 6.5, 10.0 ], 
            "faces": {
                "north": { "texture": "#0", "uv": [ 3.5, 9.5, 12.5, 14.0 ] },
                "east": { "texture": "#0", "uv": [ 11.5, 9.5, 14.5, 14.0 ] },
                "south": { "texture": "#0", "uv": [ 3.5, 9.5, 12.5, 14.0 ] },
                "west": { "texture": "#0", "uv": [ 1.5, 9.5, 4.5, 14.0 ] },
                "up": { "texture": "#0", "uv": [ 3.5, 7.0, 12.5, 10.0 ] }
            }
        },
        {
            "name": "Element",
            "from": [ 6.0, 2.5, 10.0 ], 
            "to": [ 10.0, 6.5, 11.0 ], 
            "faces": {
                "east": { "texture": "#0", "uv": [ 5.0, 9.5, 6.0, 13.5 ] },
                "south": { "texture": "#0", "uv": [ 6.0, 9.5, 10.0, 13.5 ] },
                "west": { "texture": "#0", "uv": [ 10.0, 9.5, 11.0, 13.5 ] },
                "up": { "texture": "#0", "uv": [ 6.0, 10.0, 10.0, 10.5 ] },
                "down": { "texture": "#0", "uv": [ 10.0, 13.5, 6.0, 13.0 ] }
            }
        },
        {
            "name": "Element",
            "from": [ 4.5, 2.0, 10.0 ], 
            "to": [ 11.5, 6.5, 10.5 ], 
            "faces": {
                "east": { "texture": "#0", "uv": [ 5.5, 9.5, 6.0, 14.0 ] },
                "south": { "texture": "#0", "uv": [ 4.5, 9.5, 11.5, 14.0 ] },
                "west": { "texture": "#0", "uv": [ 10.0, 9.5, 10.5, 14.0 ] }
            }
        },
        {
            "name": "Element",
            "from": [ 2.0, 1.5, 7.0 ], 
            "to": [ 14.0, 2.0, 10.0 ], 
            "faces": {
                "north": { "texture": "#0", "uv": [ 2.0, 14.0, 14.0, 14.5 ] },
                "east": { "texture": "#0", "uv": [ 6.0, 14.0, 9.0, 14.5 ] },
                "south": { "texture": "#0", "uv": [ 2.0, 14.0, 14.0, 14.5 ] },
                "west": { "texture": "#0", "uv": [ 7.0, 14.0, 10.0, 14.5 ] },
                "up": { "texture": "#0", "uv": [ 2.0, 14.0, 14.0, 14.5 ] },
                "down": { "texture": "#0", "uv": [ 2.0, 14.0, 14.0, 14.5 ] }
            }
        },
        {
            "name": "Element",
            "from": [ 4.0, 1.5, 10.0 ], 
            "to": [ 12.0, 2.0, 10.5 ], 
            "faces": {
                "east": { "texture": "#0", "uv": [ 5.5, 14.0, 6.0, 14.5 ] },
                "south": { "texture": "#0", "uv": [ 4.0, 14.0, 12.0, 14.5 ] },
                "west": { "texture": "#0", "uv": [ 10.0, 14.0, 10.5, 14.5 ] },
                "up": { "texture": "#0", "uv": [ 4.0, 14.0, 12.0, 14.5 ] },
                "down": { "texture": "#0", "uv": [ 4.0, 14.0, 12.0, 14.5 ] }
            }
        },
        {
            "name": "Element",
            "from": [ 1.5, 2.0, 7.0 ], 
            "to": [ 14.5, 6.5, 9.0 ], 
            "faces": {
                "north": { "texture": "#0", "uv": [ 1.5, 9.5, 14.5, 14.0 ] },
                "east": { "texture": "#0", "uv": [ 1.5, 9.5, 2.0, 14.0 ] },
                "south": { "texture": "#0", "uv": [ 1.5, 9.5, 14.5, 14.0 ] },
                "west": { "texture": "#0", "uv": [ 1.5, 9.5, 2.0, 14.0 ] },
                "up": { "texture": "#0", "uv": [ 1.5, 9.5, 14.5, 10.0 ] }
            }
        },
        {
            "name": "Element",
            "from": [ 3.5, 2.0, 10.0 ], 
            "to": [ 4.5, 4.0, 10.5 ], 
            "faces": {
                "south": { "texture": "#0", "uv": [ 3.5, 12.0, 4.5, 14.0 ] },
                "west": { "texture": "#0", "uv": [ 3.5, 12.0, 4.0, 14.0 ] },
                "up": { "texture": "#0", "uv": [ 3.5, 12.0, 4.5, 12.5 ] },
                "down": { "texture": "#0", "uv": [ 3.5, 12.5, 4.5, 13.0 ] }
            }
        },
        {
            "name": "Element",
            "from": [ 11.5, 2.0, 10.0 ], 
            "to": [ 12.5, 4.0, 10.5 ], 
            "faces": {
                "east": { "texture": "#0", "uv": [ 11.5, 12.0, 12.0, 14.0 ] },
                "south": { "texture": "#0", "uv": [ 11.5, 12.0, 12.5, 14.0 ] },
                "up": { "texture": "#0", "uv": [ 11.5, 12.0, 12.5, 12.5 ] },
                "down": { "texture": "#0", "uv": [ 11.5, 13.5, 12.5, 14.0 ] }
            }
        },
        {
            "name": "Element",
            "from": [ 12.5, 2.0, 9.0 ], 
            "to": [ 14.0, 5.0, 10.0 ], 
            "faces": {
                "east": { "texture": "#0", "uv": [ 13.5, 11.0, 14.0, 14.0 ] },
                "south": { "texture": "#0", "uv": [ 12.5, 11.0, 14.0, 14.0 ] },
                "up": { "texture": "#0", "uv": [ 12.5, 11.0, 14.0, 11.5 ] }
            }
        },
        {
            "name": "Element",
            "from": [ 2.0, 2.0, 9.0 ], 
            "to": [ 3.5, 5.0, 10.0 ], 
            "faces": {
                "south": { "texture": "#0", "uv": [ 2.0, 11.0, 3.5, 14.0 ] },
                "west": { "texture": "#0", "uv": [ 2.0, 11.0, 2.5, 14.0 ] },
                "up": { "texture": "#0", "uv": [ 2.0, 10.5, 3.5, 11.0 ] }
            }
        },
        {
            "name": "Element",
            "from": [ 2.0, 1.0, 7.0 ], 
            "to": [ 14.0, 1.5, 9.5 ], 
            "faces": {
                "north": { "texture": "#0", "uv": [ 2.0, 14.5, 14.0, 15.0 ] },
                "east": { "texture": "#0", "uv": [ 6.5, 14.5, 9.0, 15.0 ] },
                "south": { "texture": "#0", "uv": [ 2.0, 14.5, 14.0, 15.0 ] },
                "west": { "texture": "#0", "uv": [ 7.0, 14.5, 9.5, 15.0 ] },
                "down": { "texture": "#0", "uv": [ 2.0, 14.5, 14.0, 15.0 ] }
            }
        },
        {
            "name": "Element",
            "from": [ 3.5, 1.0, 9.5 ], 
            "to": [ 12.5, 1.5, 10.0 ], 
            "faces": {
                "east": { "texture": "#0", "uv": [ 6.0, 14.5, 6.5, 15.0 ] },
                "south": { "texture": "#0", "uv": [ 3.5, 14.5, 12.5, 15.0 ] },
                "west": { "texture": "#0", "uv": [ 9.5, 14.5, 10.0, 15.0 ] },
                "down": { "texture": "#0", "uv": [ 4.5, 14.5, 13.5, 15.0 ] }
            }
        },
        {
            "name": "Element",
            "from": [ 1.5, 1.5, 7.0 ], 
            "to": [ 14.5, 2.0, 9.0 ], 
            "faces": {
                "north": { "texture": "#0", "uv": [ 1.5, 14.0, 14.5, 14.5 ] },
                "east": { "texture": "#0", "uv": [ 7.0, 14.0, 9.0, 14.5 ] },
                "south": { "texture": "#0", "uv": [ 1.5, 14.0, 14.5, 14.5 ] },
                "west": { "texture": "#0", "uv": [ 7.0, 14.0, 9.0, 14.5 ] },
                "down": { "texture": "#0", "uv": [ 1.5, 14.0, 14.5, 14.5 ] }
            }
        },
        {
            "name": "Element",
            "from": [ 2.0, 5.0, 9.5 ], 
            "to": [ 3.0, 6.0, 10.0 ], 
            "faces": {
                "east": { "texture": "#0", "uv": [ 13.0, 10.0, 13.5, 11.0 ] },
                "south": { "texture": "#0", "uv": [ 2.0, 10.0, 3.0, 11.0 ] },
                "west": { "texture": "#0", "uv": [ 5.0, 10.0, 5.5, 11.0 ] },
                "up": { "texture": "#0", "uv": [ 2.0, 9.5, 3.0, 10.0 ] }
            }
        },
        {
            "name": "Element",
            "from": [ 13.0, 5.0, 9.5 ], 
            "to": [ 14.0, 6.0, 10.0 ], 
            "faces": {
                "east": { "texture": "#0", "uv": [ 6.5, 10.0, 7.0, 11.0 ] },
                "south": { "texture": "#0", "uv": [ 13.0, 10.0, 14.0, 11.0 ] },
                "west": { "texture": "#0", "uv": [ 9.5, 10.0, 10.0, 11.0 ] },
                "up": { "texture": "#0", "uv": [ 13.0, 9.5, 14.0, 10.0 ] }
            }
        },
        {
            "name": "Element",
            "from": [ 12.5, 5.0, 9.0 ], 
            "to": [ 14.0, 7.0, 9.5 ], 
            "faces": {
                "north": { "texture": "#0", "uv": [ 12.5, 9.0, 14.0, 11.0 ] },
                "east": { "texture": "#0", "uv": [ 13.5, 9.0, 14.0, 11.0 ] },
                "south": { "texture": "#0", "uv": [ 12.5, 9.0, 14.0, 11.0 ] },
                "west": { "texture": "#0", "uv": [ 12.5, 9.0, 13.0, 11.0 ] },
                "up": { "texture": "#0", "uv": [ 12.5, 9.0, 14.0, 9.5 ] }
            }
        },
        {
            "name": "Element",
            "from": [ 2.0, 5.0, 9.0 ], 
            "to": [ 3.5, 7.0, 9.5 ], 
            "faces": {
                "north": { "texture": "#0", "uv": [ 2.0, 9.0, 3.5, 11.0 ] },
                "east": { "texture": "#0", "uv": [ 3.0, 9.0, 3.5, 11.0 ] },
                "south": { "texture": "#0", "uv": [ 2.0, 9.0, 3.5, 11.0 ] },
                "west": { "texture": "#0", "uv": [ 2.0, 9.0, 2.5, 11.0 ] },
                "up": { "texture": "#0", "uv": [ 2.0, 9.0, 3.5, 9.5 ] }
            }
        },
        {
            "name": "Element",
            "from": [ 7.0, 3.0, 11.0 ], 
            "to": [ 9.0, 4.0, 12.5 ], 
            "faces": {
                "east": { "texture": "#0", "uv": [ 8.5, 12.0, 9.0, 13.0 ] },
                "south": { "texture": "#0", "uv": [ 7.0, 12.0, 9.0, 13.0 ] },
                "west": { "texture": "#0", "uv": [ 7.0, 12.0, 7.5, 13.0 ] },
                "up": { "texture": "#0", "uv": [ 7.0, 12.0, 9.0, 12.5 ] },
                "down": { "texture": "#0", "uv": [ 7.0, 12.5, 9.0, 13.0 ] }
            }
        },
        {
            "name": "Element",
            "from": [ 7.5, 2.5, 11.0 ], 
            "to": [ 8.5, 3.0, 12.5 ], 
            "faces": {
                "east": { "texture": "#0", "uv": [ 8.0, 13.0, 8.5, 13.5 ] },
                "south": { "texture": "#0", "uv": [ 7.5, 13.0, 8.5, 13.5 ] },
                "west": { "texture": "#0", "uv": [ 7.5, 13.0, 8.0, 13.5 ] },
                "down": { "texture": "#0", "uv": [ 8.5, 12.5, 7.5, 12.0 ] }
            }
        },
        {
            "name": "Element",
            "from": [ 7.0, 4.0, 11.0 ], 
            "to": [ 9.0, 4.5, 12.0 ], 
            "faces": {
                "east": { "texture": "#0", "uv": [ 8.5, 11.5, 9.0, 12.0 ] },
                "south": { "texture": "#0", "uv": [ 7.0, 11.5, 9.0, 12.0 ] },
                "west": { "texture": "#0", "uv": [ 7.0, 11.5, 7.5, 12.0 ] },
                "up": { "texture": "#0", "uv": [ 7.0, 11.5, 9.0, 12.0 ] }
            }
        },
        {
            "name": "Element",
            "from": [ 7.5, 3.5, 11.0 ], 
            "to": [ 8.5, 5.0, 11.5 ], 
            "faces": {
                "east": { "texture": "#0", "uv": [ 8.0, 11.0, 8.5, 12.5 ] },
                "south": { "texture": "#0", "uv": [ 7.5, 11.0, 8.5, 12.5 ] },
                "west": { "texture": "#0", "uv": [ 7.5, 11.0, 8.0, 12.5 ] },
                "down": { "texture": "#0", "uv": [ 8.5, 12.5, 7.5, 12.0 ] }
            }
        },
        {
            "name": "Element",
            "from": [ 7.0, 5.0, 10.5 ], 
            "to": [ 9.0, 5.5, 11.5 ], 
            "faces": {
                "east": { "texture": "#0", "uv": [ 7.0, 10.5, 8.0, 11.0 ] },
                "south": { "texture": "#0", "uv": [ 7.0, 10.5, 9.0, 11.0 ] },
                "west": { "texture": "#0", "uv": [ 7.0, 10.5, 8.0, 11.0 ] },
                "up": { "texture": "#0", "uv": [ 7.0, 10.5, 9.0, 11.0 ] },
                "down": { "texture": "#0", "uv": [ 7.0, 10.5, 9.0, 11.0 ] }
            }
        },
        {
            "name": "Element",
            "from": [ 7.5, 6.0, 10.5 ], 
            "to": [ 8.5, 7.0, 12.0 ], 
            "faces": {
                "north": { "texture": "#0", "uv": [ 7.5, 9.0, 8.5, 10.0 ] },
                "east": { "texture": "#0", "uv": [ 7.5, 9.0, 8.5, 10.0 ] },
                "south": { "texture": "#0", "uv": [ 7.5, 9.0, 8.5, 10.0 ] },
                "west": { "texture": "#0", "uv": [ 7.5, 9.0, 8.5, 10.0 ] },
                "up": { "texture": "#0", "uv": [ 7.5, 9.0, 8.5, 9.5 ] },
                "down": { "texture": "#0", "uv": [ 7.5, 9.5, 8.5, 10.0 ] }
            }
        },
        {
            "name": "Element",
            "from": [ 7.5, 7.0, 11.0 ], 
            "to": [ 8.5, 7.5, 11.5 ], 
            "faces": {
                "east": { "texture": "#0", "uv": [ 8.0, 8.5, 8.5, 9.0 ] },
                "south": { "texture": "#0", "uv": [ 7.5, 8.5, 8.5, 9.0 ] },
                "west": { "texture": "#0", "uv": [ 7.5, 8.5, 8.0, 9.0 ] },
                "up": { "texture": "#0", "uv": [ 7.5, 8.5, 8.5, 9.0 ] }
            }
        },
        {
            "name": "Element",
            "from": [ 7.0, 7.0, 10.5 ], 
            "to": [ 9.0, 7.5, 11.0 ], 
            "faces": {
                "east": { "texture": "#0", "uv": [ 8.5, 8.5, 9.0, 9.0 ] },
                "south": { "texture": "#0", "uv": [ 7.0, 8.5, 9.0, 9.0 ] },
                "west": { "texture": "#0", "uv": [ 7.0, 8.5, 7.5, 9.0 ] },
                "up": { "texture": "#0", "uv": [ 7.0, 8.5, 9.0, 9.0 ] }
            }
        },
        {
            "name": "Element",
            "from": [ 7.0, 6.0, 10.5 ], 
            "to": [ 9.0, 7.0, 11.5 ], 
            "faces": {
                "north": { "texture": "#0", "uv": [ 7.0, 9.0, 9.0, 10.0 ] },
                "east": { "texture": "#0", "uv": [ 8.0, 9.0, 9.0, 10.0 ] },
                "south": { "texture": "#0", "uv": [ 7.0, 9.0, 9.0, 10.0 ] },
                "west": { "texture": "#0", "uv": [ 7.0, 9.0, 8.0, 10.0 ] },
                "up": { "texture": "#0", "uv": [ 7.0, 9.0, 9.0, 9.5 ] },
                "down": { "texture": "#0", "uv": [ 7.0, 9.5, 9.0, 10.0 ] }
            }
        },
        {
            "name": "Element",
            "from": [ 3.5, 6.5, 7.0 ], 
            "to": [ 12.5, 8.0, 9.5 ], 
            "faces": {
                "east": { "texture": "#0", "uv": [ 10.5, 9.5, 13.0, 11.0 ] },
                "south": { "texture": "#0", "uv": [ 3.5, 8.0, 12.5, 9.5 ] },
                "west": { "texture": "#0", "uv": [ 2.5, 9.5, 5.0, 11.0 ] },
                "up": { "texture": "#0", "uv": [ 3.5, 7.0, 12.5, 9.5 ] }
            }
        },
        {
            "name": "Element",
            "from": [ 4.5, 6.5, 10.0 ], 
            "to": [ 11.5, 8.0, 10.5 ], 
            "faces": {
                "east": { "texture": "#0", "uv": [ 11.0, 8.0, 11.5, 9.5 ] },
                "south": { "texture": "#0", "uv": [ 4.5, 8.0, 11.5, 9.5 ] },
                "west": { "texture": "#0", "uv": [ 4.5, 8.0, 5.0, 9.5 ] }
            }
        },
        {
            "name": "Element",
            "from": [ 4.0, 6.5, 9.5 ], 
            "to": [ 12.0, 8.0, 10.0 ], 
            "faces": {
                "east": { "texture": "#0", "uv": [ 11.5, 8.0, 12.0, 9.5 ] },
                "south": { "texture": "#0", "uv": [ 4.0, 8.0, 12.0, 9.5 ] },
                "west": { "texture": "#0", "uv": [ 4.0, 8.0, 4.5, 9.5 ] }
            }
        },
        {
            "name": "Element",
            "from": [ 2.0, 6.5, 7.0 ], 
            "to": [ 3.5, 8.0, 9.0 ], 
            "faces": {
                "north": { "texture": "#0", "uv": [ 12.5, 8.0, 14.0, 9.5 ] },
                "south": { "texture": "#0", "uv": [ 2.0, 8.0, 3.5, 9.5 ] },
                "west": { "texture": "#0", "uv": [ 2.0, 12.5, 4.0, 14.0 ] }
            }
        },
        {
            "name": "Element",
            "from": [ 12.5, 6.5, 7.0 ], 
            "to": [ 14.0, 8.0, 9.0 ], 
            "faces": {
                "north": { "texture": "#0", "uv": [ 2.0, 8.0, 3.5, 9.5 ] },
                "east": { "texture": "#0", "uv": [ 12.0, 12.5, 14.0, 14.0 ] },
                "south": { "texture": "#0", "uv": [ 12.5, 8.0, 14.0, 9.5 ] }
            }
        },
        {
            "name": "Element",
            "from": [ 11.5, 2.5, 10.0 ], 
            "to": [ 13.5, 4.5, 10.5 ], 
            "faces": {
                "north": { "texture": "#0", "uv": [ 11.5, 11.5, 13.5, 13.5 ] },
                "east": { "texture": "#0", "uv": [ 13.0, 11.5, 13.5, 13.5 ] },
                "south": { "texture": "#0", "uv": [ 11.5, 11.5, 13.5, 13.5 ] },
                "up": { "texture": "#0", "uv": [ 11.5, 11.5, 13.5, 12.0 ] },
                "down": { "texture": "#0", "uv": [ 11.5, 13.0, 13.5, 13.5 ] }
            }
        },
        {
            "name": "Element",
            "from": [ 2.5, 2.5, 10.0 ], 
            "to": [ 4.5, 4.5, 10.5 ], 
            "faces": {
                "north": { "texture": "#0", "uv": [ 2.5, 11.5, 4.5, 13.5 ] },
                "south": { "texture": "#0", "uv": [ 2.5, 11.5, 4.5, 13.5 ] },
                "west": { "texture": "#0", "uv": [ 2.5, 11.5, 3.0, 13.5 ] },
                "up": { "texture": "#0", "uv": [ 2.5, 11.5, 4.5, 12.0 ] },
                "down": { "texture": "#0", "uv": [ 2.5, 13.0, 4.5, 13.5 ] }
            }
        },
        {
            "name": "Element",
            "from": [ 5.5, 5.0, 10.0 ], 
            "to": [ 6.0, 6.0, 11.0 ], 
            "faces": {
                "south": { "texture": "#0", "uv": [ 5.5, 10.0, 6.0, 11.0 ] },
                "west": { "texture": "#0", "uv": [ 10.0, 10.0, 11.0, 11.0 ] },
                "up": { "texture": "#0", "uv": [ 5.5, 10.0, 6.0, 11.0 ] },
                "down": { "texture": "#0", "uv": [ 10.5, 11.0, 10.0, 10.0 ] }
            }
        },
        {
            "name": "Element",
            "from": [ 10.0, 5.0, 10.0 ], 
            "to": [ 10.5, 6.0, 11.0 ], 
            "faces": {
                "east": { "texture": "#0", "uv": [ 5.0, 10.0, 6.0, 11.0 ] },
                "south": { "texture": "#0", "uv": [ 10.0, 10.0, 10.5, 11.0 ] },
                "up": { "texture": "#0", "uv": [ 10.0, 10.0, 10.5, 11.0 ] },
                "down": { "texture": "#0", "uv": [ 6.0, 11.0, 5.5, 10.0 ] }
            }
        },
        {
            "name": "Element",
            "from": [ 7.0, 12.0, 8.0 ], 
            "to": [ 9.0, 15.0, 9.5 ], 
            "faces": {
                "north": { "texture": "#0", "uv": [ 7.5, 1.0, 8.0, 4.0 ] },
                "east": { "texture": "#0", "uv": [ 8.0, 1.0, 8.5, 4.0 ] },
                "south": { "texture": "#0", "uv": [ 7.5, 1.0, 8.0, 4.0 ] },
                "west": { "texture": "#0", "uv": [ 8.0, 1.0, 8.5, 4.0 ] },
                "up": { "texture": "#0", "uv": [ 7.5, 1.0, 8.5, 1.5 ] },
                "down": { "texture": "#0", "uv": [ 7.5, 2.5, 8.5, 3.0 ] }
            }
        },
        {
            "name": "Element",
            "from": [ 7.5, 14.0, 9.5 ], 
            "to": [ 8.5, 15.0, 10.0 ], 
            "faces": {
                "east": { "texture": "#0", "uv": [ 7.5, 1.0, 8.0, 2.0 ] },
                "south": { "texture": "#0", "uv": [ 7.5, 1.0, 8.5, 2.0 ] },
                "west": { "texture": "#0", "uv": [ 7.5, 1.0, 8.0, 2.0 ] },
                "up": { "texture": "#0", "uv": [ 7.5, 1.0, 8.5, 1.5 ] },
                "down": { "texture": "#0", "uv": [ 7.5, 1.5, 8.5, 2.0 ] }
            }
        },
        {
            "name": "Element",
            "from": [ 7.5, 15.0, 8.5 ], 
            "to": [ 8.5, 15.5, 9.5 ], 
            "faces": {
                "north": { "texture": "#0", "uv": [ 7.5, 0.5, 8.5, 1.0 ] },
                "east": { "texture": "#0", "uv": [ 8.5, 0.5, 8.0, 1.0 ] },
                "south": { "texture": "#0", "uv": [ 7.5, 1.5, 8.5, 1.0 ] },
                "west": { "texture": "#0", "uv": [ 7.5, 0.5, 8.0, 1.0 ] },
                "up": { "texture": "#0", "uv": [ 7.5, 0.5, 8.5, 1.5 ] }
            }
        },
        {
            "name": "Element",
            "from": [ 7.0, 12.5, 7.0 ], 
            "to": [ 9.0, 15.0, 8.5 ], 
            "faces": {
                "north": { "texture": "#0", "uv": [ 7.0, 1.0, 9.0, 3.5 ] },
                "east": { "texture": "#0", "uv": [ 7.5, 1.0, 9.0, 3.5 ] },
                "south": { "texture": "#0", "uv": [ 7.0, 1.0, 9.0, 3.5 ] },
                "west": { "texture": "#0", "uv": [ 7.0, 1.0, 8.5, 3.5 ] },
                "up": { "texture": "#0", "uv": [ 7.5, 1.0, 8.5, 1.5 ] },
                "down": { "texture": "#0", "uv": [ 7.0, 1.0, 9.0, 1.5 ] }
            }
        },
        {
            "name": "Element",
            "from": [ 7.5, 15.0, 7.0 ], 
            "to": [ 8.5, 15.5, 8.0 ], 
            "faces": {
                "north": { "texture": "#0", "uv": [ 7.5, 0.5, 8.5, 1.0 ] },
                "east": { "texture": "#0", "uv": [ 8.5, 0.5, 8.0, 1.0 ] },
                "south": { "texture": "#0", "uv": [ 7.5, 1.0, 8.5, 0.5 ] },
                "west": { "texture": "#0", "uv": [ 7.5, 0.5, 8.0, 1.0 ] },
                "up": { "texture": "#0", "uv": [ 7.5, 0.5, 8.5, 1.0 ] }
            }
        },
        {
            "name": "Element",
            "from": [ 7.5, 2.0, 10.5 ], 
            "to": [ 8.5, 2.5, 11.5 ], 
            "faces": {
                "east": { "texture": "#0", "uv": [ 8.0, 13.0, 8.5, 13.5 ] },
                "south": { "texture": "#0", "uv": [ 7.5, 13.0, 8.5, 13.5 ] },
                "west": { "texture": "#0", "uv": [ 7.5, 13.0, 8.0, 13.5 ] },
                "up": { "texture": "#0", "uv": [ 7.5, 12.0, 8.5, 12.5 ] },
                "down": { "texture": "#0", "uv": [ 8.5, 12.5, 7.5, 12.0 ] }
            }
        },
        {
            "name": "Element",
            "from": [ 12.5, 7.5, 9.0 ], 
            "to": [ 13.0, 8.0, 9.5 ], 
            "faces": {
                "east": { "texture": "#0", "uv": [ 12.5, 8.0, 12.0, 8.5 ] },
                "south": { "texture": "#0", "uv": [ 12.0, 8.5, 12.5, 8.0 ] },
                "down": { "texture": "#0", "uv": [ 12.0, 8.5, 12.5, 8.0 ] }
            }
        },
        {
            "name": "Element",
            "from": [ 2.5, 8.0, 7.5 ], 
            "to": [ 13.5, 8.5, 9.5 ], 
            "faces": {
                "north": { "texture": "#0", "uv": [ 3.0, 7.5, 3.5, 8.0 ] },
                "east": { "texture": "#0", "uv": [ 3.5, 7.5, 3.0, 8.0 ] },
                "south": { "texture": "#0", "uv": [ 3.0, 8.0, 3.5, 7.5 ] },
                "west": { "texture": "#0", "uv": [ 3.0, 7.5, 3.5, 8.0 ] },
                "up": { "texture": "#0", "uv": [ 3.0, 7.5, 3.5, 8.0 ] },
                "down": { "texture": "#0", "uv": [ 3.0, 8.0, 3.5, 7.5 ] }
            }
        },
        {
            "name": "Element",
            "from": [ 3.5, 8.0, 9.5 ], 
            "to": [ 13.0, 8.5, 10.0 ], 
            "faces": {
                "east": { "texture": "#0", "uv": [ 3.5, 7.5, 3.0, 8.0 ] },
                "south": { "texture": "#0", "uv": [ 3.0, 8.0, 3.5, 7.5 ] },
                "west": { "texture": "#0", "uv": [ 3.0, 7.5, 3.5, 8.0 ] },
                "up": { "texture": "#0", "uv": [ 3.0, 7.5, 3.5, 8.0 ] },
                "down": { "texture": "#0", "uv": [ 3.0, 8.0, 3.5, 7.5 ] }
            }
        },
        {
            "name": "Element",
            "from": [ 4.0, 8.0, 10.0 ], 
            "to": [ 11.5, 8.5, 10.5 ], 
            "faces": {
                "east": { "texture": "#0", "uv": [ 3.5, 7.5, 3.0, 8.0 ] },
                "south": { "texture": "#0", "uv": [ 3.0, 8.0, 3.5, 7.5 ] },
                "west": { "texture": "#0", "uv": [ 3.0, 7.5, 3.5, 8.0 ] },
                "up": { "texture": "#0", "uv": [ 3.0, 7.5, 3.5, 8.0 ] },
                "down": { "texture": "#0", "uv": [ 3.0, 8.0, 3.5, 7.5 ] }
            }
        },
        {
            "name": "Element",
            "from": [ 1.5, 8.0, 6.0 ], 
            "to": [ 14.0, 8.5, 9.0 ], 
            "faces": {
                "north": { "texture": "#0", "uv": [ 2.5, 7.5, 3.0, 8.0 ] },
                "east": { "texture": "#0", "uv": [ 3.0, 7.5, 2.5, 8.0 ] },
                "south": { "texture": "#0", "uv": [ 2.5, 8.0, 3.0, 7.5 ] },
                "west": { "texture": "#0", "uv": [ 2.5, 7.5, 3.0, 8.0 ] },
                "down": { "texture": "#0", "uv": [ 2.5, 8.0, 3.0, 7.5 ] }
            }
        },
        {
            "name": "Element",
            "from": [ 1.5, 8.5, 6.0 ], 
            "to": [ 14.5, 9.0, 9.0 ], 
            "faces": {
                "north": { "texture": "#0", "uv": [ 2.5, 7.5, 3.0, 8.0 ] },
                "east": { "texture": "#0", "uv": [ 3.0, 7.5, 2.5, 8.0 ] },
                "south": { "texture": "#0", "uv": [ 2.5, 8.0, 3.0, 7.5 ] },
                "west": { "texture": "#0", "uv": [ 2.5, 7.5, 3.0, 8.0 ] },
                "up": { "texture": "#0", "uv": [ 2.5, 7.5, 3.0, 8.0 ] },
                "down": { "texture": "#0", "uv": [ 2.5, 8.0, 3.0, 7.5 ] }
            }
        },
        {
            "name": "Element",
            "from": [ 6.0, 8.5, 10.0 ], 
            "to": [ 7.5, 9.0, 10.5 ], 
            "faces": {
                "east": { "texture": "#0", "uv": [ 3.5, 7.5, 3.0, 8.0 ] },
                "south": { "texture": "#0", "uv": [ 3.0, 8.0, 3.5, 7.5 ] },
                "west": { "texture": "#0", "uv": [ 3.0, 7.5, 3.5, 8.0 ] }
            }
        },
        {
            "name": "Element",
            "from": [ 3.0, 8.5, 9.0 ], 
            "to": [ 13.0, 9.0, 9.5 ], 
            "faces": {
                "east": { "texture": "#0", "uv": [ 3.0, 7.5, 2.5, 8.0 ] },
                "south": { "texture": "#0", "uv": [ 2.5, 8.0, 3.0, 7.5 ] },
                "west": { "texture": "#0", "uv": [ 2.5, 7.5, 3.0, 8.0 ] },
                "up": { "texture": "#0", "uv": [ 2.5, 7.5, 3.0, 8.0 ] }
            }
        },
        {
            "name": "Element",
            "from": [ 5.0, 8.5, 9.5 ], 
            "to": [ 11.5, 9.0, 10.0 ], 
            "faces": {
                "east": { "texture": "#0", "uv": [ 3.0, 7.5, 2.5, 8.0 ] },
                "south": { "texture": "#0", "uv": [ 2.5, 8.0, 3.0, 7.5 ] },
                "west": { "texture": "#0", "uv": [ 2.5, 7.5, 3.0, 8.0 ] }
            }
        },
        {
            "name": "Element",
            "from": [ 11.5, 9.0, 6.0 ], 
            "to": [ 14.5, 9.5, 9.0 ], 
            "faces": {
                "north": { "texture": "#0", "uv": [ 2.5, 7.5, 3.0, 8.0 ] },
                "east": { "texture": "#0", "uv": [ 3.0, 7.5, 2.5, 8.0 ] },
                "south": { "texture": "#0", "uv": [ 2.5, 8.0, 3.0, 7.5 ] },
                "up": { "texture": "#0", "uv": [ 2.5, 7.5, 3.0, 8.0 ] }
            }
        },
        {
            "name": "Element",
            "from": [ 2.5, 9.0, 7.5 ], 
            "to": [ 12.0, 9.5, 9.5 ], 
            "faces": {
                "north": { "texture": "#0", "uv": [ 3.0, 7.5, 3.5, 8.0 ] },
                "east": { "texture": "#0", "uv": [ 3.5, 7.5, 3.0, 8.0 ] },
                "south": { "texture": "#0", "uv": [ 3.0, 8.0, 3.5, 7.5 ] },
                "west": { "texture": "#0", "uv": [ 3.0, 7.5, 3.5, 8.0 ] },
                "up": { "texture": "#0", "uv": [ 3.0, 7.5, 3.5, 8.0 ] },
                "down": { "texture": "#0", "uv": [ 3.0, 8.0, 3.5, 7.5 ] }
            }
        },
        {
            "name": "Element",
            "from": [ 3.5, 9.0, 8.0 ], 
            "to": [ 11.5, 9.5, 10.0 ], 
            "faces": {
                "north": { "texture": "#0", "uv": [ 4.5, 6.5, 5.0, 7.0 ] },
                "east": { "texture": "#0", "uv": [ 5.0, 6.5, 4.5, 7.0 ] },
                "south": { "texture": "#0", "uv": [ 4.5, 7.0, 5.0, 6.5 ] },
                "west": { "texture": "#0", "uv": [ 4.5, 6.5, 5.0, 7.0 ] },
                "up": { "texture": "#0", "uv": [ 4.5, 6.5, 5.0, 7.0 ] },
                "down": { "texture": "#0", "uv": [ 4.5, 7.0, 5.0, 6.5 ] }
            }
        },
        {
            "name": "Element",
            "from": [ 5.5, 9.0, 10.0 ], 
            "to": [ 10.5, 9.5, 10.5 ], 
            "faces": {
                "east": { "texture": "#0", "uv": [ 5.0, 6.5, 4.5, 7.0 ] },
                "south": { "texture": "#0", "uv": [ 4.5, 7.0, 5.0, 6.5 ] },
                "west": { "texture": "#0", "uv": [ 4.5, 6.5, 5.0, 7.0 ] },
                "up": { "texture": "#0", "uv": [ 4.5, 6.5, 5.0, 7.0 ] },
                "down": { "texture": "#0", "uv": [ 4.5, 7.0, 5.0, 6.5 ] }
            }
        },
        {
            "name": "Element",
            "from": [ 2.5, 9.5, 8.0 ], 
            "to": [ 13.5, 10.0, 9.5 ], 
            "faces": {
                "north": { "texture": "#0", "uv": [ 3.0, 7.5, 3.5, 8.0 ] },
                "east": { "texture": "#0", "uv": [ 3.5, 7.5, 3.0, 8.0 ] },
                "south": { "texture": "#0", "uv": [ 3.0, 8.0, 3.5, 7.5 ] },
                "west": { "texture": "#0", "uv": [ 3.0, 7.5, 3.5, 8.0 ] },
                "down": { "texture": "#0", "uv": [ 3.0, 8.0, 3.5, 7.5 ] }
            }
        },
        {
            "name": "Element",
            "from": [ 3.5, 9.5, 8.5 ], 
            "to": [ 11.5, 10.0, 10.0 ], 
            "faces": {
                "east": { "texture": "#0", "uv": [ 3.5, 7.5, 3.0, 8.0 ] },
                "south": { "texture": "#0", "uv": [ 3.0, 8.0, 3.5, 7.5 ] },
                "west": { "texture": "#0", "uv": [ 3.0, 7.5, 3.5, 8.0 ] }
            }
        },
        {
            "name": "Element",
            "from": [ 6.0, 9.5, 9.0 ], 
            "to": [ 9.0, 10.0, 10.5 ], 
            "faces": {
                "north": { "texture": "#0", "uv": [ 3.0, 7.5, 3.5, 8.0 ] },
                "east": { "texture": "#0", "uv": [ 3.5, 7.5, 3.0, 8.0 ] },
                "south": { "texture": "#0", "uv": [ 3.0, 8.0, 3.5, 7.5 ] },
                "west": { "texture": "#0", "uv": [ 3.0, 7.5, 3.5, 8.0 ] },
                "down": { "texture": "#0", "uv": [ 3.0, 8.0, 3.5, 7.5 ] }
            }
        },
        {
            "name": "Element",
            "from": [ 5.5, 10.0, 7.0 ], 
            "to": [ 10.0, 10.5, 10.5 ], 
            "faces": {
                "north": { "texture": "#0", "uv": [ 4.5, 6.5, 5.0, 7.0 ] },
                "east": { "texture": "#0", "uv": [ 5.0, 6.5, 4.5, 7.0 ] },
                "south": { "texture": "#0", "uv": [ 4.5, 7.0, 5.0, 6.5 ] },
                "west": { "texture": "#0", "uv": [ 4.5, 6.5, 5.0, 7.0 ] },
                "up": { "texture": "#0", "uv": [ 4.5, 6.5, 5.0, 7.0 ] },
                "down": { "texture": "#0", "uv": [ 4.5, 7.0, 5.0, 6.5 ] }
            }
        },
        {
            "name": "Element",
            "from": [ 3.0, 10.0, 7.0 ], 
            "to": [ 12.0, 10.5, 10.0 ], 
            "faces": {
                "north": { "texture": "#0", "uv": [ 4.5, 6.5, 5.0, 7.0 ] },
                "east": { "texture": "#0", "uv": [ 5.0, 6.5, 4.5, 7.0 ] },
                "south": { "texture": "#0", "uv": [ 4.5, 7.0, 5.0, 6.5 ] },
                "west": { "texture": "#0", "uv": [ 4.5, 6.5, 5.0, 7.0 ] },
                "up": { "texture": "#0", "uv": [ 4.5, 6.5, 5.0, 7.0 ] },
                "down": { "texture": "#0", "uv": [ 4.5, 7.0, 5.0, 6.5 ] }
            }
        },
        {
            "name": "Element",
            "from": [ 4.0, 10.5, 7.0 ], 
            "to": [ 11.5, 11.0, 10.0 ], 
            "faces": {
                "north": { "texture": "#0", "uv": [ 4.5, 6.5, 5.0, 7.0 ] },
                "east": { "texture": "#0", "uv": [ 5.0, 6.5, 4.5, 7.0 ] },
                "south": { "texture": "#0", "uv": [ 4.5, 7.0, 5.0, 6.5 ] },
                "west": { "texture": "#0", "uv": [ 4.5, 6.5, 5.0, 7.0 ] },
                "up": { "texture": "#0", "uv": [ 4.5, 6.5, 5.0, 7.0 ] }
            }
        },
        {
            "name": "Element",
            "from": [ 3.0, 10.5, 7.0 ], 
            "to": [ 12.5, 11.0, 9.5 ], 
            "faces": {
                "north": { "texture": "#0", "uv": [ 4.5, 6.5, 5.0, 7.0 ] },
                "east": { "texture": "#0", "uv": [ 5.0, 6.5, 4.5, 7.0 ] },
                "south": { "texture": "#0", "uv": [ 4.5, 7.0, 5.0, 6.5 ] },
                "west": { "texture": "#0", "uv": [ 4.5, 6.5, 5.0, 7.0 ] },
                "up": { "texture": "#0", "uv": [ 4.5, 6.5, 5.0, 7.0 ] }
            }
        },
        {
            "name": "Element",
            "from": [ 3.0, 11.0, 7.0 ], 
            "to": [ 13.0, 11.5, 8.0 ], 
            "faces": {
                "north": { "texture": "#0", "uv": [ 3.5, 4.5, 4.0, 5.0 ] },
                "east": { "texture": "#0", "uv": [ 4.0, 4.5, 3.5, 5.0 ] },
                "south": { "texture": "#0", "uv": [ 3.5, 5.0, 4.0, 4.5 ] },
                "west": { "texture": "#0", "uv": [ 3.5, 4.5, 4.0, 5.0 ] },
                "up": { "texture": "#0", "uv": [ 3.5, 4.5, 4.0, 5.0 ] }
            }
        },
        {
            "name": "Element",
            "from": [ 3.5, 11.0, 8.0 ], 
            "to": [ 12.0, 11.5, 8.5 ], 
            "faces": {
                "east": { "texture": "#0", "uv": [ 4.0, 4.5, 3.5, 5.0 ] },
                "south": { "texture": "#0", "uv": [ 3.5, 5.0, 4.0, 4.5 ] },
                "west": { "texture": "#0", "uv": [ 3.5, 4.5, 4.0, 5.0 ] },
                "up": { "texture": "#0", "uv": [ 3.5, 4.5, 4.0, 5.0 ] }
            }
        },
        {
            "name": "Element",
            "from": [ 5.0, 11.0, 8.5 ], 
            "to": [ 10.0, 11.5, 9.0 ], 
            "faces": {
                "east": { "texture": "#0", "uv": [ 8.5, 4.5, 9.0, 5.0 ] },
                "south": { "texture": "#0", "uv": [ 5.0, 4.5, 10.0, 5.0 ] },
                "west": { "texture": "#0", "uv": [ 8.5, 4.5, 9.0, 5.0 ] },
                "up": { "texture": "#0", "uv": [ 5.0, 4.5, 10.0, 5.0 ] }
            }
        },
        {
            "name": "Element",
            "from": [ 3.5, 11.5, 7.0 ], 
            "to": [ 12.5, 12.0, 7.5 ], 
            "faces": {
                "north": { "texture": "#0", "uv": [ 3.5, 4.5, 4.0, 5.0 ] },
                "east": { "texture": "#0", "uv": [ 4.0, 4.5, 3.5, 5.0 ] },
                "south": { "texture": "#0", "uv": [ 3.5, 5.0, 4.0, 4.5 ] },
                "west": { "texture": "#0", "uv": [ 3.5, 4.5, 4.0, 5.0 ] },
                "up": { "texture": "#0", "uv": [ 3.5, 4.5, 4.0, 5.0 ] }
            }
        },
        {
            "name": "Element",
            "from": [ 4.0, 11.5, 7.5 ], 
            "to": [ 12.0, 12.0, 8.0 ], 
            "faces": {
                "east": { "texture": "#0", "uv": [ 4.0, 4.5, 3.5, 5.0 ] },
                "south": { "texture": "#0", "uv": [ 3.5, 5.0, 4.0, 4.5 ] },
                "west": { "texture": "#0", "uv": [ 3.5, 4.5, 4.0, 5.0 ] },
                "up": { "texture": "#0", "uv": [ 3.5, 4.5, 4.0, 5.0 ] }
            }
        },
        {
            "name": "Element",
            "from": [ 5.0, 11.5, 8.0 ], 
            "to": [ 10.5, 12.0, 8.5 ], 
            "faces": {
                "east": { "texture": "#0", "uv": [ 8.0, 4.0, 8.5, 4.5 ] },
                "south": { "texture": "#0", "uv": [ 5.0, 4.0, 10.5, 4.5 ] },
                "west": { "texture": "#0", "uv": [ 8.0, 4.0, 8.5, 4.5 ] },
                "up": { "texture": "#0", "uv": [ 5.0, 4.0, 10.5, 4.5 ] }
            }
        },
        {
            "name": "Element",
            "from": [ 4.5, 12.0, 7.0 ], 
            "to": [ 11.5, 12.5, 7.5 ], 
            "faces": {
                "north": { "texture": "#0", "uv": [ 3.5, 4.5, 4.0, 5.0 ] },
                "east": { "texture": "#0", "uv": [ 4.0, 4.5, 3.5, 5.0 ] },
                "south": { "texture": "#0", "uv": [ 3.5, 5.0, 4.0, 4.5 ] },
                "west": { "texture": "#0", "uv": [ 3.5, 4.5, 4.0, 5.0 ] },
                "up": { "texture": "#0", "uv": [ 3.5, 4.5, 4.0, 5.0 ] }
            }
        },
        {
            "name": "Element",
            "from": [ 5.5, 12.0, 7.5 ], 
            "to": [ 9.5, 12.5, 8.0 ], 
            "faces": {
                "east": { "texture": "#0", "uv": [ 4.0, 4.5, 3.5, 5.0 ] },
                "south": { "texture": "#0", "uv": [ 3.5, 5.0, 4.0, 4.5 ] },
                "west": { "texture": "#0", "uv": [ 3.5, 4.5, 4.0, 5.0 ] },
                "up": { "texture": "#0", "uv": [ 3.5, 4.5, 4.0, 5.0 ] }
            }
        },
        {
            "name": "Element",
            "from": [ 7.0, 13.0, 5.5 ], 
            "to": [ 9.0, 15.0, 7.0 ], 
            "faces": {
                "north": { "texture": "#0", "uv": [ 7.0, 1.5, 9.0, 3.5 ] },
                "east": { "texture": "#0", "uv": [ 7.5, 1.5, 9.0, 3.5 ] },
                "west": { "texture": "#0", "uv": [ 7.0, 1.5, 8.5, 3.5 ] },
                "up": { "texture": "#0", "uv": [ 7.0, 1.5, 9.0, 3.0 ] },
                "down": { "texture": "#0", "uv": [ 7.0, 1.5, 9.0, 3.0 ] }
            }
        },
        {
            "name": "Element",
            "from": [ 7.0, 13.0, 5.0 ], 
            "to": [ 9.0, 14.5, 5.5 ], 
            "faces": {
                "north": { "texture": "#0", "uv": [ 7.0, 1.5, 9.0, 3.0 ] },
                "east": { "texture": "#0", "uv": [ 7.0, 1.5, 7.5, 3.0 ] },
                "west": { "texture": "#0", "uv": [ 7.0, 1.5, 7.5, 3.0 ] },
                "up": { "texture": "#0", "uv": [ 7.0, 1.5, 9.0, 2.0 ] },
                "down": { "texture": "#0", "uv": [ 7.0, 2.5, 9.0, 3.0 ] }
            }
        },
        {
            "name": "Element",
            "from": [ 7.5, 12.5, 10.0 ], 
            "to": [ 8.5, 13.5, 10.5 ], 
            "faces": {
                "east": { "texture": "#0", "uv": [ 7.5, 1.0, 8.0, 2.0 ] },
                "south": { "texture": "#0", "uv": [ 7.5, 1.0, 8.5, 2.0 ] },
                "west": { "texture": "#0", "uv": [ 7.5, 1.0, 8.0, 2.0 ] },
                "up": { "texture": "#0", "uv": [ 7.5, 1.0, 8.5, 1.5 ] },
                "down": { "texture": "#0", "uv": [ 7.5, 1.5, 8.5, 2.0 ] }
            }
        },
        {
            "name": "Element",
            "from": [ 7.0, 12.0, 9.5 ], 
            "to": [ 9.0, 13.5, 10.0 ], 
            "faces": {
                "east": { "texture": "#0", "uv": [ 7.0, 1.5, 7.5, 3.0 ] },
                "south": { "texture": "#0", "uv": [ 7.0, 1.5, 9.0, 3.0 ] },
                "west": { "texture": "#0", "uv": [ 7.0, 1.5, 7.5, 3.0 ] },
                "up": { "texture": "#0", "uv": [ 7.0, 1.5, 9.0, 2.0 ] },
                "down": { "texture": "#0", "uv": [ 7.0, 2.5, 9.0, 3.0 ] }
            }
        },
        {
            "name": "Element",
            "from": [ 14.5, 7.0, 7.0 ], 
            "to": [ 16.0, 9.5, 8.0 ], 
            "faces": {
                "north": { "texture": "#0", "uv": [ 2.5, 7.5, 3.0, 8.0 ] },
                "east": { "texture": "#0", "uv": [ 3.0, 7.5, 2.5, 8.0 ], "cullface": "east" },
                "south": { "texture": "#0", "uv": [ 2.5, 8.0, 3.0, 7.5 ] },
                "west": { "texture": "#0", "uv": [ 2.5, 7.5, 3.0, 8.0 ] },
                "up": { "texture": "#0", "uv": [ 2.5, 7.5, 3.0, 8.0 ] },
                "down": { "texture": "#0", "uv": [ 2.5, 8.0, 3.0, 7.5 ] }
            }
        },
        {
            "name": "Element",
            "from": [ 15.5, 5.5, 8.0 ], 
            "to": [ 16.0, 8.0, 8.5 ], 
            "faces": {
                "north": { "texture": "#0", "uv": [ 2.5, 7.5, 3.0, 8.0 ] },
                "east": { "texture": "#0", "uv": [ 3.0, 7.5, 2.5, 8.0 ], "cullface": "east" },
                "south": { "texture": "#0", "uv": [ 2.5, 8.0, 3.0, 7.5 ] },
                "west": { "texture": "#0", "uv": [ 2.5, 7.5, 3.0, 8.0 ] },
                "down": { "texture": "#0", "uv": [ 2.5, 8.0, 3.0, 7.5 ] }
            }
        },
        {
            "name": "Element",
            "from": [ 15.0, 6.0, 7.0 ], 
            "to": [ 16.5, 8.0, 8.0 ], 
            "faces": {
                "north": { "texture": "#0", "uv": [ 2.5, 7.5, 3.0, 8.0 ] },
                "east": { "texture": "#0", "uv": [ 3.0, 7.5, 2.5, 8.0 ], "cullface": "east" },
                "south": { "texture": "#0", "uv": [ 2.5, 8.0, 3.0, 7.5 ] },
                "west": { "texture": "#0", "uv": [ 2.5, 7.5, 3.0, 8.0 ] },
                "up": { "texture": "#0", "uv": [ 2.5, 7.5, 3.0, 8.0 ] },
                "down": { "texture": "#0", "uv": [ 2.5, 8.0, 3.0, 7.5 ] }
            }
        },
        {
            "name": "Element",
            "from": [ 14.5, 8.5, 8.0 ], 
            "to": [ 15.5, 9.0, 8.5 ], 
            "faces": {
                "south": { "texture": "#0", "uv": [ 4.5, 7.0, 5.0, 6.5 ] },
                "up": { "texture": "#0", "uv": [ 4.5, 6.5, 5.0, 7.0 ] },
                "down": { "texture": "#0", "uv": [ 4.5, 7.0, 5.0, 6.5 ] }
            }
        },
        {
            "name": "Element",
            "from": [ 15.0, 8.0, 8.0 ], 
            "to": [ 16.0, 8.5, 8.5 ], 
            "faces": {
                "east": { "texture": "#0", "uv": [ 5.0, 6.5, 4.5, 7.0 ], "cullface": "east" },
                "south": { "texture": "#0", "uv": [ 4.5, 7.0, 5.0, 6.5 ] },
                "up": { "texture": "#0", "uv": [ 4.5, 6.5, 5.0, 7.0 ] },
                "down": { "texture": "#0", "uv": [ 4.5, 7.0, 5.0, 6.5 ] }
            }
        },
        {
            "name": "Element",
            "from": [ 16.0, 6.5, 8.0 ], 
            "to": [ 16.5, 8.0, 8.5 ], 
            "faces": {
                "east": { "texture": "#0", "uv": [ 5.0, 6.5, 4.5, 7.0 ], "cullface": "east" },
                "south": { "texture": "#0", "uv": [ 4.5, 7.0, 5.0, 6.5 ] },
                "up": { "texture": "#0", "uv": [ 4.5, 6.5, 5.0, 7.0 ] },
                "down": { "texture": "#0", "uv": [ 4.5, 7.0, 5.0, 6.5 ] }
            }
        },
        {
            "name": "Element",
            "from": [ 15.0, 6.0, 8.0 ], 
            "to": [ 15.5, 8.0, 8.5 ], 
            "faces": {
                "south": { "texture": "#0", "uv": [ 4.5, 7.0, 5.0, 6.5 ] },
                "west": { "texture": "#0", "uv": [ 4.5, 6.5, 5.0, 7.0 ] },
                "down": { "texture": "#0", "uv": [ 4.5, 7.0, 5.0, 6.5 ] }
            }
        },
        {
            "name": "Element",
            "from": [ 14.5, 8.0, 8.0 ], 
            "to": [ 15.0, 8.5, 8.5 ], 
            "faces": {
                "south": { "texture": "#0", "uv": [ 2.5, 8.0, 3.0, 7.5 ] },
                "west": { "texture": "#0", "uv": [ 2.5, 7.5, 3.0, 8.0 ] },
                "down": { "texture": "#0", "uv": [ 2.5, 8.0, 3.0, 7.5 ] }
            }
        },
        {
            "name": "Element",
            "from": [ 15.5, 8.5, 8.0 ], 
            "to": [ 16.0, 9.0, 8.5 ], 
            "faces": {
                "east": { "texture": "#0", "uv": [ 3.0, 7.5, 2.5, 8.0 ], "cullface": "east" },
                "south": { "texture": "#0", "uv": [ 2.5, 8.0, 3.0, 7.5 ] },
                "up": { "texture": "#0", "uv": [ 2.5, 7.5, 3.0, 8.0 ] }
            }
        },
        {
            "name": "Element",
            "from": [ 14.5, 9.0, 8.0 ], 
            "to": [ 15.0, 9.5, 8.5 ], 
            "faces": {
                "east": { "texture": "#0", "uv": [ 3.0, 7.5, 2.5, 8.0 ] },
                "south": { "texture": "#0", "uv": [ 2.5, 8.0, 3.0, 7.5 ] },
                "up": { "texture": "#0", "uv": [ 2.5, 7.5, 3.0, 8.0 ] }
            }
        },
        {
            "name": "Element",
            "from": [ 3.0, 6.5, 0.5 ], 
            "to": [ 3.5, 8.0, 7.0 ], 
            "faces": {
                "north": { "texture": "#0", "uv": [ 12.0, 0.0, 12.5, 1.5 ] },
                "east": { "texture": "#0", "uv": [ 11.0, 0.0, 11.5, 1.5 ] },
                "west": { "texture": "#0", "uv": [ 11.0, 0.0, 11.5, 1.5 ] },
                "up": { "texture": "#0", "uv": [ 11.5, 0.0, 12.0, 0.5 ] },
                "down": { "texture": "#0", "uv": [ 11.5, 1.0, 12.0, 1.5 ] }
            }
        },
        {
            "name": "Element",
            "from": [ 12.5, 6.4, 0.5 ], 
            "to": [ 13.0, 7.9, 7.0 ], 
            "faces": {
                "north": { "texture": "#0", "uv": [ 12.0, 0.0, 12.5, 1.5 ] },
                "east": { "texture": "#0", "uv": [ 11.0, 0.0, 11.5, 1.5 ] },
                "west": { "texture": "#0", "uv": [ 11.0, 0.0, 11.5, 1.5 ] },
                "up": { "texture": "#0", "uv": [ 11.5, 0.0, 12.0, 0.5 ] },
                "down": { "texture": "#0", "uv": [ 11.5, 1.0, 12.0, 1.5 ] }
            }
        },
        {
            "name": "Element",
            "from": [ 3.5, 6.5, 7.45058E-9 ], 
            "to": [ 12.5, 8.0, 0.5 ], 
            "faces": {
                "north": { "texture": "#0", "uv": [ 12.0, 0.0, 12.5, 1.5 ] },
                "east": { "texture": "#0", "uv": [ 11.0, 0.0, 11.5, 1.5 ] },
                "south": { "texture": "#0", "uv": [ 12.0, 0.0, 12.5, 1.5 ] },
                "west": { "texture": "#0", "uv": [ 11.0, 0.0, 11.5, 1.5 ] },
                "up": { "texture": "#0", "uv": [ 11.5, 0.0, 12.0, 0.5 ] },
                "down": { "texture": "#0", "uv": [ 11.5, 1.0, 12.0, 1.5 ] }
            }
        },
        {
            "name": "Element",
            "from": [ 7.0, 6.5, -0.5 ], 
            "to": [ 9.0, 8.0, 7.450580041812316E-9 ], 
            "faces": {
                "north": { "texture": "#0", "uv": [ 10.0, 0.5, 10.5, 1.0 ] },
                "east": { "texture": "#0", "uv": [ 10.5, 0.5, 10.0, 1.0 ] },
                "west": { "texture": "#0", "uv": [ 10.0, 0.5, 10.5, 1.0 ] },
                "up": { "texture": "#0", "uv": [ 10.0, 0.5, 10.5, 1.0 ] },
                "down": { "texture": "#0", "uv": [ 10.0, 1.0, 10.5, 0.5 ] }
            }
        },
        {
            "name": "Element",
            "from": [ 7.0, 6.0, 0.1 ], 
            "to": [ 9.0, 6.5, 0.6 ], 
            "faces": {
                "north": { "texture": "#0", "uv": [ 10.0, 0.5, 10.5, 1.0 ] },
                "east": { "texture": "#0", "uv": [ 10.5, 0.5, 10.0, 1.0 ] },
                "south": { "texture": "#0", "uv": [ 10.0, 1.0, 10.5, 0.5 ] },
                "west": { "texture": "#0", "uv": [ 10.0, 0.5, 10.5, 1.0 ] },
                "down": { "texture": "#0", "uv": [ 10.0, 1.0, 10.5, 0.5 ] }
            }
        },
        {
            "name": "Element",
            "from": [ 7.0, 8.0, 7.45058E-9 ], 
            "to": [ 9.0, 8.5, 0.5 ], 
            "faces": {
                "north": { "texture": "#0", "uv": [ 10.0, 0.5, 10.5, 1.0 ] },
                "east": { "texture": "#0", "uv": [ 10.5, 0.5, 10.0, 1.0 ] },
                "south": { "texture": "#0", "uv": [ 10.0, 1.0, 10.5, 0.5 ] },
                "west": { "texture": "#0", "uv": [ 10.0, 0.5, 10.5, 1.0 ] },
                "up": { "texture": "#0", "uv": [ 10.0, 0.5, 10.5, 1.0 ] }
            }
        },
        {
            "name": "Element",
            "from": [ 7.0, 3.5, 7.45058E-9 ], 
            "to": [ 9.0, 4.0, 0.5 ], 
            "faces": {
                "north": { "texture": "#0", "uv": [ 10.0, 0.5, 10.5, 1.0 ] },
                "east": { "texture": "#0", "uv": [ 10.5, 0.5, 10.0, 1.0 ] },
                "south": { "texture": "#0", "uv": [ 10.0, 1.0, 10.5, 0.5 ] },
                "west": { "texture": "#0", "uv": [ 10.0, 0.5, 10.5, 1.0 ] },
                "up": { "texture": "#0", "uv": [ 10.0, 0.5, 10.5, 1.0 ] }
            }
        },
        {
            "name": "Element",
            "from": [ 7.0, 1.5, 7.45058E-9 ], 
            "to": [ 9.0, 2.0, 0.5 ], 
            "faces": {
                "north": { "texture": "#0", "uv": [ 10.0, 0.5, 10.5, 1.0 ] },
                "east": { "texture": "#0", "uv": [ 10.5, 0.5, 10.0, 1.0 ] },
                "south": { "texture": "#0", "uv": [ 10.0, 1.0, 10.5, 0.5 ] },
                "west": { "texture": "#0", "uv": [ 10.0, 0.5, 10.5, 1.0 ] },
                "down": { "texture": "#0", "uv": [ 10.0, 1.0, 10.5, 0.5 ] }
            }
        },
        {
            "name": "Element",
            "from": [ 7.0, 2.0, -0.5 ], 
            "to": [ 9.0, 3.5, 7.450580041812316E-9 ], 
            "faces": {
                "north": { "texture": "#0", "uv": [ 10.0, 0.5, 10.5, 1.0 ] },
                "east": { "texture": "#0", "uv": [ 10.5, 0.5, 10.0, 1.0 ] },
                "west": { "texture": "#0", "uv": [ 10.0, 0.5, 10.5, 1.0 ] },
                "up": { "texture": "#0", "uv": [ 10.0, 0.5, 10.5, 1.0 ] },
                "down": { "texture": "#0", "uv": [ 10.0, 1.0, 10.5, 0.5 ] }
            }
        },
        {
            "name": "Element",
            "from": [ 3.0, 2.0, 0.5 ], 
            "to": [ 3.5, 3.5, 7.0 ], 
            "faces": {
                "north": { "texture": "#0", "uv": [ 12.0, 0.0, 12.5, 1.5 ] },
                "east": { "texture": "#0", "uv": [ 11.0, 0.0, 11.5, 1.5 ] },
                "west": { "texture": "#0", "uv": [ 11.0, 0.0, 11.5, 1.5 ] },
                "up": { "texture": "#0", "uv": [ 11.5, 0.0, 12.0, 0.5 ] },
                "down": { "texture": "#0", "uv": [ 11.5, 1.0, 12.0, 1.5 ] }
            }
        },
        {
            "name": "Element",
            "from": [ 12.5, 2.0, 0.5 ], 
            "to": [ 13.0, 3.5, 7.0 ], 
            "faces": {
                "north": { "texture": "#0", "uv": [ 12.0, 0.0, 12.5, 1.5 ] },
                "east": { "texture": "#0", "uv": [ 11.0, 0.0, 11.5, 1.5 ] },
                "west": { "texture": "#0", "uv": [ 11.0, 0.0, 11.5, 1.5 ] },
                "up": { "texture": "#0", "uv": [ 11.5, 0.0, 12.0, 0.5 ] },
                "down": { "texture": "#0", "uv": [ 11.5, 1.0, 12.0, 1.5 ] }
            }
        },
        {
            "name": "Element",
            "from": [ 3.5, 2.0, 7.45058E-9 ], 
            "to": [ 12.5, 3.5, 0.5 ], 
            "faces": {
                "north": { "texture": "#0", "uv": [ 12.0, 0.0, 12.5, 1.5 ] },
                "east": { "texture": "#0", "uv": [ 11.0, 0.0, 11.5, 1.5 ] },
                "south": { "texture": "#0", "uv": [ 12.0, 0.0, 12.5, 1.5 ] },
                "west": { "texture": "#0", "uv": [ 11.0, 0.0, 11.5, 1.5 ] },
                "up": { "texture": "#0", "uv": [ 11.5, 0.0, 12.0, 0.5 ] },
                "down": { "texture": "#0", "uv": [ 11.5, 1.0, 12.0, 1.5 ] }
            }
        },
        {
            "name": "Element",
            "from": [ 2.0, 9.0, 1.0 ], 
            "to": [ 3.0, 17.5, 11.0 ], 
            "faces": {
                "north": { "texture": "#1", "uv": [ 0.0, 0.0, 1.0, 8.0 ], "rotation": 180 },
                "east": { "texture": "#1", "uv": [ 0.0, 0.0, 8.0, 8.0 ] },
                "south": { "texture": "#1", "uv": [ 0.0, 0.0, 1.0, 8.0 ], "rotation": 180 },
                "west": { "texture": "#1", "uv": [ 0.0, 0.0, 8.0, 8.0 ], "rotation": 180 },
                "up": { "texture": "#1", "uv": [ 8.0, 1.0, 0.0, 0.0 ], "rotation": 90, "cullface": "up" },
                "down": { "texture": "#1", "uv": [ 0.0, 0.0, 8.0, 1.0 ], "rotation": 270 }
            }
        },
        {
            "name": "Element",
            "from": [ 3.0, 9.0, 0.0 ], 
            "to": [ 13.0, 17.5, 1.0 ], 
            "faces": {
                "north": { "texture": "#1", "uv": [ 0.0, 0.0, 8.0, 8.0 ], "rotation": 180 },
                "east": { "texture": "#1", "uv": [ 0.0, 0.0, 1.0, 8.0 ], "rotation": 180 },
                "south": { "texture": "#1", "uv": [ 0.0, 0.0, 8.0, 8.0 ], "rotation": 180 },
                "west": { "texture": "#1", "uv": [ 0.0, 0.0, 1.0, 8.0 ], "rotation": 180 },
                "up": { "texture": "#1", "uv": [ 0.0, 1.0, 8.0, 0.0 ], "rotation": 90, "cullface": "up" },
                "down": { "texture": "#1", "uv": [ 0.0, 0.0, 8.0, 1.0 ], "rotation": 270 }
            }
        },
        {
            "name": "Element",
            "from": [ 3.0, 9.0, 10.5 ], 
            "to": [ 13.0, 17.5, 11.5 ], 
            "faces": {
                "north": { "texture": "#1", "uv": [ 0.0, 0.0, 1.0, 8.0 ], "rotation": 180 },
                "east": { "texture": "#1", "uv": [ 0.0, 0.0, 2.0, 8.0 ], "rotation": 180 },
                "south": { "texture": "#1", "uv": [ 8.0, 0.0, 16.0, 8.0 ], "rotation": 180 },
                "west": { "texture": "#1", "uv": [ 0.0, 0.0, 1.0, 8.0 ], "rotation": 180 },
                "up": { "texture": "#1", "uv": [ 0.0, 0.0, 8.0, 2.0 ], "rotation": 90, "cullface": "up" },
                "down": { "texture": "#1", "uv": [ 0.0, 2.0, 8.0, 0.0 ], "rotation": 270 }
            }
        },
        {
            "name": "Element",
            "from": [ 13.0, 9.0, 1.0 ], 
            "to": [ 14.0, 17.5, 11.0 ], 
            "faces": {
                "north": { "texture": "#1", "uv": [ 0.0, 0.0, 1.0, 8.0 ], "rotation": 180 },
                "east": { "texture": "#1", "uv": [ 0.0, 0.0, 8.0, 8.0 ], "rotation": 180 },
                "south": { "texture": "#1", "uv": [ 0.0, 0.0, 1.0, 8.0 ], "rotation": 180 },
                "west": { "texture": "#1", "uv": [ 0.0, 0.0, 8.0, 8.0 ], "rotation": 180 },
                "up": { "texture": "#1", "uv": [ 8.0, 1.0, 0.0, 0.0 ], "rotation": 90, "cullface": "up" },
                "down": { "texture": "#1", "uv": [ 0.0, 0.0, 8.0, 1.0 ], "rotation": 270 }
            }
        },
        {
            "name": "Element",
            "from": [ 3.0, 16.5, 1.0 ], 
            "to": [ 13.0, 17.5, 11.0 ], 
            "faces": {
                "up": { "texture": "#1", "uv": [ 8.0, 7.5, 16.0, 16.0 ], "rotation": 90, "cullface": "up" },
                "down": { "texture": "#1", "uv": [ 8.0, 7.5, 16.0, 16.0 ], "rotation": 270 }
            }
        },
        {
            "name": "Element",
            "from": [ 2.5, 8.5, 3.0 ], 
            "to": [ 7.0, 11.0, 7.0 ], 
            "faces": {
                "north": { "texture": "#1", "uv": [ 2.5, 10.0, 6.5, 11.0 ], "rotation": 180 },
                "east": { "texture": "#1", "uv": [ 3.0, 9.0, 7.0, 10.0 ] },
                "south": { "texture": "#1", "uv": [ 3.0, 12.0, 7.0, 13.0 ], "rotation": 180 },
                "west": { "texture": "#1", "uv": [ 2.5, 12.5, 6.5, 13.5 ], "rotation": 180 },
                "up": { "texture": "#1", "uv": [ 6.5, 14.0, 1.0, 8.5 ], "rotation": 90 },
                "down": { "texture": "#1", "uv": [ 0.0, 8.5, 6.5, 14.5 ], "rotation": 270 }
            }
        },
        {
            "name": "Element",
            "from": [ 8.5, 7.5, 7.0 ], 
            "to": [ 12.5, 10.0, 11.0 ], 
            "faces": {
                "north": { "texture": "#1", "uv": [ 0.0, 13.5, 4.0, 16.0 ], "rotation": 180 },
                "east": { "texture": "#1", "uv": [ 4.0, 13.5, 8.0, 16.0 ] },
                "south": { "texture": "#1", "uv": [ 3.5, 9.0, 7.5, 11.5 ], "rotation": 180 },
                "west": { "texture": "#1", "uv": [ 1.5, 9.0, 5.5, 11.5 ], "rotation": 180 },
                "up": { "texture": "#1", "uv": [ 4.0, 16.0, 0.0, 12.0 ], "rotation": 90 },
                "down": { "texture": "#1", "uv": [ 2.5, 9.5, 6.5, 13.5 ], "rotation": 270 }
            }
        },
        {
            "name": "Element",
            "from": [ 3.5, 8.0, 8.0 ], 
            "to": [ 8.0, 10.5, 11.0 ], 
            "faces": {
                "north": { "texture": "#1", "uv": [ 3.0, 10.0, 7.5, 12.5 ], "rotation": 180 },
                "east": { "texture": "#1", "uv": [ 1.0, 13.5, 4.0, 16.0 ] },
                "south": { "texture": "#1", "uv": [ 2.5, 8.5, 7.0, 11.0 ], "rotation": 180 },
                "west": { "texture": "#1", "uv": [ 3.5, 8.5, 6.5, 11.0 ], "rotation": 180 },
                "up": { "texture": "#1", "uv": [ 0.0, 11.5, 3.0, 16.0 ], "rotation": 90 },
                "down": { "texture": "#1", "uv": [ 2.5, 8.5, 5.5, 13.0 ], "rotation": 270 }
            }
        },
        {
            "name": "Element",
            "from": [ 9.0, 7.5, 1.0 ], 
            "to": [ 13.0, 11.0, 4.5 ], 
            "faces": {
                "north": { "texture": "#1", "uv": [ 2.5, 12.0, 6.5, 15.5 ], "rotation": 180 },
                "east": { "texture": "#1", "uv": [ 0.0, 12.5, 3.5, 16.0 ] },
                "south": { "texture": "#1", "uv": [ 3.5, 8.5, 7.5, 12.0 ], "rotation": 180 },
                "west": { "texture": "#1", "uv": [ 3.5, 8.5, 7.0, 12.0 ], "rotation": 180 },
                "up": { "texture": "#1", "uv": [ 6.0, 13.0, 2.5, 9.0 ], "rotation": 90 },
                "down": { "texture": "#1", "uv": [ 3.0, 9.0, 6.5, 13.0 ], "rotation": 270 }
            }
        },
        {
            "name": "Element",
            "from": [ 4.0, 7.999999992549419, 0.8999999985098839 ], 
            "to": [ 12.0, 9.49999999254942, 7.399999998509884 ], 
            "faces": {
                "north": { "texture": "#1", "uv": [ 0.0, 10.5, 8.0, 12.0 ], "rotation": 180 },
                "east": { "texture": "#1", "uv": [ 0.0, 14.5, 6.5, 16.0 ] },
                "south": { "texture": "#1", "uv": [ 0.0, 10.5, 8.0, 12.0 ], "rotation": 180 },
                "west": { "texture": "#1", "uv": [ 0.0, 12.5, 6.5, 14.0 ], "rotation": 180 },
                "down": { "texture": "#1", "uv": [ 0.0, 8.0, 6.5, 16.0 ], "rotation": 270 }
            }
        },
        {
            "name": "Element",
            "from": [ 9.0, 8.5, 7.0 ], 
            "to": [ 13.0, 12.0, 10.5 ], 
            "faces": {
                "north": { "texture": "#1", "uv": [ 3.0, 9.5, 7.0, 13.0 ], "rotation": 180 },
                "east": { "texture": "#1", "uv": [ 4.0, 9.0, 7.5, 12.5 ] },
                "south": { "texture": "#1", "uv": [ 3.0, 9.5, 7.0, 13.0 ], "rotation": 180 },
                "west": { "texture": "#1", "uv": [ 2.5, 11.5, 6.0, 15.0 ], "rotation": 180 },
                "up": { "texture": "#1", "uv": [ 6.5, 13.0, 3.0, 9.0 ], "rotation": 90 },
                "down": { "texture": "#1", "uv": [ 3.5, 10.5, 7.0, 14.5 ], "rotation": 270 }
            }
        },
        {
            "name": "Element",
            "from": [ 3.0, 10.4375, 1.0 ], 
            "to": [ 13.0, 10.5, 11.0 ], 
            "faces": {
                "up": { "texture": "#1", "uv": [ 8.0, 16.0, 0.0, 8.0 ], "rotation": 90 },
                "down": { "texture": "#1", "uv": [ 0.0, 8.0, 8.0, 16.0 ], "rotation": 270 }
            }
        }
    ],
"display": {
    "head": {
        "rotation": [ 0, 180, 0 ],
        "translation": [ 0, 1.9, -4 ],
        "scale": [ 1.6, 1.7, 1.9 ]
    },
    "gui": {
        "rotation": [ -30, 135, 0 ],
        "translation": [ 0, 0, 0 ],
        "scale": [ 1.2, 1.2, 1.2 ]
    }
}
}