{
	"credit": "Made with Blockbench",
	"textures": {
		"texture": "blocks/goku"
	},
	"elements": [
		{
			"from": [3.5, 9.5, 4],
			"to": [12.5, 11.5, 5],
			"rotation": {"angle": 0, "axis": "y", "origin": [8, 6, 8]},
			"faces": {
				"north": {"uv": [7, 12.5, 7.5, 13.5], "texture": "#texture"},
				"east": {"uv": [7, 12.5, 7.5, 13.5], "texture": "#texture"},
				"south": {"uv": [7, 12.5, 7.5, 13.5], "texture": "#texture"},
				"west": {"uv": [7, 12.5, 7.5, 13.5], "texture": "#texture"},
				"up": {"uv": [7, 12.5, 7.5, 13.5], "texture": "#texture"},
				"down": {"uv": [7, 12.5, 7.5, 13.5], "texture": "#texture"}
			}
		},
		{
			"from": [2.5, 9, 4],
			"to": [3.5, 12, 15],
			"rotation": {"angle": 0, "axis": "y", "origin": [8, 6, 8]},
			"faces": {
				"north": {"uv": [7, 12.5, 7.5, 14], "texture": "#texture"},
				"east": {"uv": [12.5, 12.5, 7, 14], "texture": "#texture"},
				"south": {"uv": [12, 12.5, 12.5, 14], "texture": "#texture"},
				"west": {"uv": [7, 12.5, 12.5, 14], "texture": "#texture"},
				"up": {"uv": [7, 12.5, 7.5, 13], "texture": "#texture"},
				"down": {"uv": [7.5, 13, 8, 13.5], "texture": "#texture"}
			}
		},
		{
			"from": [12.5, 9, 4],
			"to": [13.5, 12, 15],
			"rotation": {"angle": 0, "axis": "y", "origin": [8, 6, 8]},
			"faces": {
				"north": {"uv": [7, 12.5, 7.5, 14], "texture": "#texture"},
				"east": {"uv": [12.5, 12.5, 7, 14], "texture": "#texture"},
				"south": {"uv": [12, 12.5, 12.5, 14], "texture": "#texture"},
				"west": {"uv": [7, 12.5, 12.5, 14], "texture": "#texture"},
				"up": {"uv": [7, 12.5, 7.5, 13], "texture": "#texture"},
				"down": {"uv": [7.5, 13, 8, 13.5], "texture": "#texture"}
			}
		},
		{
			"from": [4.5, 2, 19],
			"to": [11.5, 12, 20],
			"rotation": {"angle": 0, "axis": "y", "origin": [8, 7, 10]},
			"faces": {
				"north": {"uv": [0.5, 15.5, 1, 16], "texture": "#texture"},
				"east": {"uv": [0.5, 15.5, 1, 16], "texture": "#texture"},
				"south": {"uv": [0.5, 15.5, 1, 16], "texture": "#texture"},
				"west": {"uv": [0.5, 15.5, 1, 16], "texture": "#texture"},
				"up": {"uv": [0.5, 15.5, 1, 16], "texture": "#texture"},
				"down": {"uv": [0.5, 15.5, 1, 16], "texture": "#texture"}
			}
		},
		{
			"from": [4.5, 2, 15],
			"to": [11.5, 15, 16],
			"rotation": {"angle": 0, "axis": "y", "origin": [8, 7, 10]},
			"faces": {
				"north": {"uv": [0.5, 12.5, 1, 13], "texture": "#texture"},
				"east": {"uv": [0.5, 12.5, 1, 13], "texture": "#texture"},
				"south": {"uv": [0.5, 12.5, 1, 13], "texture": "#texture"},
				"west": {"uv": [0.5, 12.5, 1, 13], "texture": "#texture"},
				"up": {"uv": [0.5, 12.5, 1, 13], "texture": "#texture"},
				"down": {"uv": [0.5, 12.5, 1, 13], "texture": "#texture"}
			}
		},
		{
			"from": [7.5, 3, 20],
			"to": [8.5, 5, 21],
			"rotation": {"angle": 0, "axis": "y", "origin": [8, 7, 10]},
			"faces": {
				"north": {"uv": [0.5, 12.5, 1, 13], "texture": "#texture"},
				"east": {"uv": [0.5, 12.5, 1, 13], "texture": "#texture"},
				"south": {"uv": [0.5, 12.5, 1, 13], "texture": "#texture"},
				"west": {"uv": [0.5, 12.5, 1, 13], "texture": "#texture"},
				"up": {"uv": [0.5, 12.5, 1, 13], "texture": "#texture"},
				"down": {"uv": [0.5, 12.5, 1, 13], "texture": "#texture"}
			}
		},
		{
			"from": [5.5, 3, 20],
			"to": [6.5, 6, 21],
			"rotation": {"angle": 0, "axis": "y", "origin": [8, 7, 10]},
			"faces": {
				"north": {"uv": [0.5, 12.5, 1, 13], "texture": "#texture"},
				"east": {"uv": [0.5, 12.5, 1, 13], "texture": "#texture"},
				"south": {"uv": [0.5, 12.5, 1, 13], "texture": "#texture"},
				"west": {"uv": [0.5, 12.5, 1, 13], "texture": "#texture"},
				"up": {"uv": [0.5, 12.5, 1, 13], "texture": "#texture"},
				"down": {"uv": [0.5, 12.5, 1, 13], "texture": "#texture"}
			}
		},
		{
			"from": [9.5, 3, 20],
			"to": [10.5, 6, 21],
			"rotation": {"angle": 0, "axis": "y", "origin": [8, 7, 10]},
			"faces": {
				"north": {"uv": [0.5, 12.5, 1, 13], "texture": "#texture"},
				"east": {"uv": [0.5, 12.5, 1, 13], "texture": "#texture"},
				"south": {"uv": [0.5, 12.5, 1, 13], "texture": "#texture"},
				"west": {"uv": [0.5, 12.5, 1, 13], "texture": "#texture"},
				"up": {"uv": [0.5, 12.5, 1, 13], "texture": "#texture"},
				"down": {"uv": [0.5, 12.5, 1, 13], "texture": "#texture"}
			}
		},
		{
			"from": [10.5, 2, 20],
			"to": [11.5, 3, 21],
			"rotation": {"angle": 0, "axis": "y", "origin": [8, 7, 10]},
			"faces": {
				"north": {"uv": [0.5, 12.5, 1, 13], "texture": "#texture"},
				"east": {"uv": [0.5, 12.5, 1, 13], "texture": "#texture"},
				"south": {"uv": [0.5, 12.5, 1, 13], "texture": "#texture"},
				"west": {"uv": [0.5, 12.5, 1, 13], "texture": "#texture"},
				"up": {"uv": [0.5, 12.5, 1, 13], "texture": "#texture"},
				"down": {"uv": [0.5, 12.5, 1, 13], "texture": "#texture"}
			}
		},
		{
			"from": [4.5, 2, 20],
			"to": [5.5, 3, 21],
			"rotation": {"angle": 0, "axis": "y", "origin": [8, 7, 10]},
			"faces": {
				"north": {"uv": [0.5, 12.5, 1, 13], "texture": "#texture"},
				"east": {"uv": [0.5, 12.5, 1, 13], "texture": "#texture"},
				"south": {"uv": [0.5, 12.5, 1, 13], "texture": "#texture"},
				"west": {"uv": [0.5, 12.5, 1, 13], "texture": "#texture"},
				"up": {"uv": [0.5, 12.5, 1, 13], "texture": "#texture"},
				"down": {"uv": [0.5, 12.5, 1, 13], "texture": "#texture"}
			}
		},
		{
			"from": [5.5, 1, 20],
			"to": [10.5, 2, 21],
			"rotation": {"angle": 0, "axis": "y", "origin": [8, 7, 10]},
			"faces": {
				"north": {"uv": [0.5, 12.5, 1, 13], "texture": "#texture"},
				"east": {"uv": [0.5, 12.5, 1, 13], "texture": "#texture"},
				"south": {"uv": [0.5, 12.5, 1, 13], "texture": "#texture"},
				"west": {"uv": [0.5, 12.5, 1, 13], "texture": "#texture"},
				"up": {"uv": [0.5, 12.5, 1, 13], "texture": "#texture"},
				"down": {"uv": [0.5, 12.5, 1, 13], "texture": "#texture"}
			}
		},
		{
			"from": [5.5, 0, 15],
			"to": [10.5, 1, 20],
			"rotation": {"angle": 0, "axis": "y", "origin": [8, 7, 10]},
			"faces": {
				"north": {"uv": [0.5, 12.5, 1, 13], "texture": "#texture"},
				"east": {"uv": [0.5, 12.5, 1, 13], "texture": "#texture"},
				"south": {"uv": [0.5, 12.5, 1, 13], "texture": "#texture"},
				"west": {"uv": [0.5, 12.5, 1, 13], "texture": "#texture"},
				"up": {"uv": [0.5, 12.5, 1, 13], "texture": "#texture"},
				"down": {"uv": [0.5, 12.5, 1, 13], "texture": "#texture"}
			}
		},
		{
			"from": [10.5, 1, 15],
			"to": [11.5, 2, 20],
			"rotation": {"angle": 0, "axis": "y", "origin": [8, 7, 10]},
			"faces": {
				"north": {"uv": [0.5, 12.5, 1, 13], "texture": "#texture"},
				"east": {"uv": [0.5, 12.5, 1, 13], "texture": "#texture"},
				"south": {"uv": [0.5, 12.5, 1, 13], "texture": "#texture"},
				"west": {"uv": [0.5, 12.5, 1, 13], "texture": "#texture"},
				"up": {"uv": [0.5, 12.5, 1, 13], "texture": "#texture"},
				"down": {"uv": [0.5, 12.5, 1, 13], "texture": "#texture"}
			}
		},
		{
			"from": [4.5, 1, 15],
			"to": [5.5, 2, 20],
			"rotation": {"angle": 0, "axis": "y", "origin": [16, 7, 10]},
			"faces": {
				"north": {"uv": [0.5, 12.5, 1, 13], "texture": "#texture"},
				"east": {"uv": [0.5, 12.5, 1, 13], "texture": "#texture"},
				"south": {"uv": [0.5, 12.5, 1, 13], "texture": "#texture"},
				"west": {"uv": [0.5, 12.5, 1, 13], "texture": "#texture"},
				"up": {"uv": [0.5, 12.5, 1, 13], "texture": "#texture"},
				"down": {"uv": [0.5, 12.5, 1, 13], "texture": "#texture"}
			}
		},
		{
			"from": [3.5, 2, 15],
			"to": [4.5, 3, 20],
			"rotation": {"angle": 0, "axis": "y", "origin": [8, 7, 10]},
			"faces": {
				"north": {"uv": [0.5, 12.5, 1, 13], "texture": "#texture"},
				"east": {"uv": [0.5, 12.5, 1, 13], "texture": "#texture"},
				"south": {"uv": [0.5, 12.5, 1, 13], "texture": "#texture"},
				"west": {"uv": [0.5, 12.5, 1, 13], "texture": "#texture"},
				"up": {"uv": [0.5, 12.5, 1, 13], "texture": "#texture"},
				"down": {"uv": [0.5, 12.5, 1, 13], "texture": "#texture"}
			}
		},
		{
			"from": [3.5, 3, 15],
			"to": [4.5, 7, 19],
			"rotation": {"angle": 0, "axis": "y", "origin": [8, 7, 10]},
			"faces": {
				"north": {"uv": [0.5, 12.5, 1, 13], "texture": "#texture"},
				"east": {"uv": [0.5, 12.5, 1, 13], "texture": "#texture"},
				"south": {"uv": [0.5, 12.5, 1, 13], "texture": "#texture"},
				"west": {"uv": [0.5, 12.5, 1, 13], "texture": "#texture"},
				"up": {"uv": [0.5, 12.5, 1, 13], "texture": "#texture"},
				"down": {"uv": [0.5, 12.5, 1, 13], "texture": "#texture"}
			}
		},
		{
			"from": [11.5, 7, 15],
			"to": [12.5, 9, 20],
			"rotation": {"angle": 0, "axis": "y", "origin": [8, 7, 10]},
			"faces": {
				"north": {"uv": [0.5, 12.5, 1, 13], "texture": "#texture"},
				"east": {"uv": [0.5, 12.5, 1, 13], "texture": "#texture"},
				"south": {"uv": [0.5, 12.5, 1, 13], "texture": "#texture"},
				"west": {"uv": [0.5, 12.5, 1, 13], "texture": "#texture"},
				"up": {"uv": [0.5, 12.5, 1, 13], "texture": "#texture"},
				"down": {"uv": [0.5, 12.5, 1, 13], "texture": "#texture"}
			}
		},
		{
			"from": [3.5, 7, 15],
			"to": [4.5, 9, 20],
			"rotation": {"angle": 0, "axis": "y", "origin": [8, 7, 10]},
			"faces": {
				"north": {"uv": [0.5, 12.5, 1, 13], "texture": "#texture"},
				"east": {"uv": [0.5, 12.5, 1, 13], "texture": "#texture"},
				"south": {"uv": [0.5, 12.5, 1, 13], "texture": "#texture"},
				"west": {"uv": [0.5, 12.5, 1, 13], "texture": "#texture"},
				"up": {"uv": [0.5, 12.5, 1, 13], "texture": "#texture"},
				"down": {"uv": [0.5, 12.5, 1, 13], "texture": "#texture"}
			}
		},
		{
			"from": [12.5, 9, 15],
			"to": [13.5, 14, 20.3],
			"rotation": {"angle": 0, "axis": "y", "origin": [8, 7, 10]},
			"faces": {
				"north": {"uv": [0.5, 12.5, 1, 13], "texture": "#texture"},
				"east": {"uv": [0.5, 12.5, 1, 13], "texture": "#texture"},
				"south": {"uv": [0.5, 12.5, 1, 13], "texture": "#texture"},
				"west": {"uv": [0.5, 12.5, 1, 13], "texture": "#texture"},
				"up": {"uv": [0.5, 12.5, 1, 13], "texture": "#texture"},
				"down": {"uv": [0.5, 12.5, 1, 13], "texture": "#texture"}
			}
		},
		{
			"from": [11.5, 9, 15],
			"to": [12.5, 14, 16.3],
			"rotation": {"angle": 0, "axis": "y", "origin": [8, 7, 10]},
			"faces": {
				"north": {"uv": [0.5, 12.5, 1, 13], "texture": "#texture"},
				"east": {"uv": [0.5, 12.5, 1, 13], "texture": "#texture"},
				"south": {"uv": [0.5, 12.5, 1, 13], "texture": "#texture"},
				"west": {"uv": [0.5, 12.5, 1, 13], "texture": "#texture"},
				"up": {"uv": [0.5, 12.5, 1, 13], "texture": "#texture"},
				"down": {"uv": [0.5, 12.5, 1, 13], "texture": "#texture"}
			}
		},
		{
			"from": [5.5, 1, 15],
			"to": [10.5, 2, 16.3],
			"rotation": {"angle": 0, "axis": "y", "origin": [8, 7, 10]},
			"faces": {
				"north": {"uv": [0.5, 12.5, 1, 13], "texture": "#texture"},
				"east": {"uv": [0.5, 12.5, 1, 13], "texture": "#texture"},
				"south": {"uv": [0.5, 12.5, 1, 13], "texture": "#texture"},
				"west": {"uv": [0.5, 12.5, 1, 13], "texture": "#texture"},
				"up": {"uv": [0.5, 12.5, 1, 13], "texture": "#texture"},
				"down": {"uv": [0.5, 12.5, 1, 13], "texture": "#texture"}
			}
		},
		{
			"from": [3.5, 9, 15],
			"to": [4.5, 14, 16.3],
			"rotation": {"angle": 0, "axis": "y", "origin": [8, 7, 10]},
			"faces": {
				"north": {"uv": [0.5, 12.5, 1, 13], "texture": "#texture"},
				"east": {"uv": [0.5, 12.5, 1, 13], "texture": "#texture"},
				"south": {"uv": [0.5, 12.5, 1, 13], "texture": "#texture"},
				"west": {"uv": [0.5, 12.5, 1, 13], "texture": "#texture"},
				"up": {"uv": [0.5, 12.5, 1, 13], "texture": "#texture"},
				"down": {"uv": [0.5, 12.5, 1, 13], "texture": "#texture"}
			}
		},
		{
			"from": [2.5, 9, 15],
			"to": [3.5, 14, 20.3],
			"rotation": {"angle": 0, "axis": "y", "origin": [-2, 7, 10]},
			"faces": {
				"north": {"uv": [0.5, 12.5, 1, 13], "texture": "#texture"},
				"east": {"uv": [0.5, 12.5, 1, 13], "texture": "#texture"},
				"south": {"uv": [0.5, 12.5, 1, 13], "texture": "#texture"},
				"west": {"uv": [0.5, 12.5, 1, 13], "texture": "#texture"},
				"up": {"uv": [0.5, 12.5, 1, 13], "texture": "#texture"},
				"down": {"uv": [0.5, 12.5, 1, 13], "texture": "#texture"}
			}
		},
		{
			"from": [11.5, 14, 15],
			"to": [12.5, 15, 20.3],
			"rotation": {"angle": 0, "axis": "y", "origin": [8, 7, 10]},
			"faces": {
				"north": {"uv": [0.5, 12.5, 1, 13], "texture": "#texture"},
				"east": {"uv": [0.5, 12.5, 1, 13], "texture": "#texture"},
				"south": {"uv": [0.5, 12.5, 1, 13], "texture": "#texture"},
				"west": {"uv": [0.5, 12.5, 1, 13], "texture": "#texture"},
				"up": {"uv": [0.5, 12.5, 1, 13], "texture": "#texture"},
				"down": {"uv": [0.5, 12.5, 1, 13], "texture": "#texture"}
			}
		},
		{
			"from": [3.5, 14, 15],
			"to": [4.5, 15, 20.3],
			"rotation": {"angle": 0, "axis": "y", "origin": [-2, 7, 10]},
			"faces": {
				"north": {"uv": [0.5, 12.5, 1, 13], "texture": "#texture"},
				"east": {"uv": [0.5, 12.5, 1, 13], "texture": "#texture"},
				"south": {"uv": [0.5, 12.5, 1, 13], "texture": "#texture"},
				"west": {"uv": [0.5, 12.5, 1, 13], "texture": "#texture"},
				"up": {"uv": [0.5, 12.5, 1, 13], "texture": "#texture"},
				"down": {"uv": [0.5, 12.5, 1, 13], "texture": "#texture"}
			}
		},
		{
			"from": [4.5, 12, 20],
			"to": [11.5, 15, 21],
			"rotation": {"angle": 0, "axis": "y", "origin": [8, 7, 10]},
			"faces": {
				"north": {"uv": [0.5, 12.5, 1, 13], "texture": "#texture"},
				"east": {"uv": [0.5, 12.5, 1, 13], "texture": "#texture"},
				"south": {"uv": [0.5, 12.5, 1, 13], "texture": "#texture"},
				"west": {"uv": [0.5, 12.5, 1, 13], "texture": "#texture"},
				"up": {"uv": [0.5, 12.5, 1, 13], "texture": "#texture"},
				"down": {"uv": [0.5, 12.5, 1, 13], "texture": "#texture"}
			}
		},
		{
			"from": [11.5, 9, 20],
			"to": [12.5, 14, 21],
			"rotation": {"angle": 0, "axis": "y", "origin": [8, 7, 10]},
			"faces": {
				"north": {"uv": [0.5, 12.5, 1, 13], "texture": "#texture"},
				"east": {"uv": [0.5, 12.5, 1, 13], "texture": "#texture"},
				"south": {"uv": [0.5, 12.5, 1, 13], "texture": "#texture"},
				"west": {"uv": [0.5, 12.5, 1, 13], "texture": "#texture"},
				"up": {"uv": [0.5, 12.5, 1, 13], "texture": "#texture"},
				"down": {"uv": [0.5, 12.5, 1, 13], "texture": "#texture"}
			}
		},
		{
			"from": [3.5, 9, 20],
			"to": [4.5, 14, 21],
			"rotation": {"angle": 0, "axis": "y", "origin": [8, 7, 10]},
			"faces": {
				"north": {"uv": [0.5, 12.5, 1, 13], "texture": "#texture"},
				"east": {"uv": [0.5, 12.5, 1, 13], "texture": "#texture"},
				"south": {"uv": [0.5, 12.5, 1, 13], "texture": "#texture"},
				"west": {"uv": [0.5, 12.5, 1, 13], "texture": "#texture"},
				"up": {"uv": [0.5, 12.5, 1, 13], "texture": "#texture"},
				"down": {"uv": [0.5, 12.5, 1, 13], "texture": "#texture"}
			}
		},
		{
			"from": [10.5, 7, 20],
			"to": [11.5, 12, 21],
			"rotation": {"angle": 0, "axis": "y", "origin": [8, 7, 10]},
			"faces": {
				"north": {"uv": [0.5, 12.5, 1, 13], "texture": "#texture"},
				"east": {"uv": [0.5, 12.5, 1, 13], "texture": "#texture"},
				"south": {"uv": [0.5, 12.5, 1, 13], "texture": "#texture"},
				"west": {"uv": [0.5, 12.5, 1, 13], "texture": "#texture"},
				"up": {"uv": [0.5, 12.5, 1, 13], "texture": "#texture"},
				"down": {"uv": [0.5, 12.5, 1, 13], "texture": "#texture"}
			}
		},
		{
			"from": [4.5, 7, 20],
			"to": [5.5, 12, 21],
			"rotation": {"angle": 0, "axis": "y", "origin": [14, 7, 10]},
			"faces": {
				"north": {"uv": [0.5, 12.5, 1, 13], "texture": "#texture"},
				"east": {"uv": [0.5, 12.5, 1, 13], "texture": "#texture"},
				"south": {"uv": [0.5, 12.5, 1, 13], "texture": "#texture"},
				"west": {"uv": [0.5, 12.5, 1, 13], "texture": "#texture"},
				"up": {"uv": [0.5, 12.5, 1, 13], "texture": "#texture"},
				"down": {"uv": [0.5, 12.5, 1, 13], "texture": "#texture"}
			}
		},
		{
			"from": [6.5, 11, 20],
			"to": [10.5, 12, 21],
			"rotation": {"angle": 0, "axis": "y", "origin": [14, 7, 10]},
			"faces": {
				"north": {"uv": [0.5, 12.5, 1, 13], "texture": "#texture"},
				"east": {"uv": [0.5, 12.5, 1, 13], "texture": "#texture"},
				"south": {"uv": [0.5, 12.5, 1, 13], "texture": "#texture"},
				"west": {"uv": [0.5, 12.5, 1, 13], "texture": "#texture"},
				"up": {"uv": [0.5, 12.5, 1, 13], "texture": "#texture"},
				"down": {"uv": [0.5, 12.5, 1, 13], "texture": "#texture"}
			}
		},
		{
			"from": [6.5, 8, 20],
			"to": [9.5, 11, 21],
			"rotation": {"angle": 0, "axis": "y", "origin": [14, 7, 10]},
			"faces": {
				"north": {"uv": [0.5, 12.5, 1, 13], "texture": "#texture"},
				"east": {"uv": [0.5, 12.5, 1, 13], "texture": "#texture"},
				"south": {"uv": [0.5, 12.5, 1, 13], "texture": "#texture"},
				"west": {"uv": [0.5, 12.5, 1, 13], "texture": "#texture"},
				"up": {"uv": [0.5, 12.5, 1, 13], "texture": "#texture"},
				"down": {"uv": [0.5, 12.5, 1, 13], "texture": "#texture"}
			}
		},
		{
			"from": [5.5, 10, 20],
			"to": [6.5, 12, 21],
			"rotation": {"angle": 0, "axis": "y", "origin": [14, 7, 10]},
			"faces": {
				"north": {"uv": [0.5, 11, 1, 11.5], "texture": "#texture"},
				"east": {"uv": [0.5, 11, 1, 11.5], "texture": "#texture"},
				"south": {"uv": [0.5, 11, 1, 11.5], "texture": "#texture"},
				"west": {"uv": [0.5, 11, 1, 11.5], "texture": "#texture"},
				"up": {"uv": [0.5, 11, 1, 11.5], "texture": "#texture"},
				"down": {"uv": [0.5, 11, 1, 11.5], "texture": "#texture"}
			}
		},
		{
			"from": [4.5, 11, 21],
			"to": [5.5, 13, 22],
			"rotation": {"angle": 0, "axis": "y", "origin": [14, 7, 10]},
			"faces": {
				"north": {"uv": [0.5, 11, 1, 11.5], "texture": "#texture"},
				"east": {"uv": [0.5, 11, 1, 11.5], "texture": "#texture"},
				"south": {"uv": [0.5, 11, 1, 11.5], "texture": "#texture"},
				"west": {"uv": [0.5, 11, 1, 11.5], "texture": "#texture"},
				"up": {"uv": [0.5, 11, 1, 11.5], "texture": "#texture"},
				"down": {"uv": [0.5, 11, 1, 11.5], "texture": "#texture"}
			}
		},
		{
			"from": [3.5, 13, 21],
			"to": [4.5, 15, 22],
			"rotation": {"angle": 0, "axis": "y", "origin": [14, 7, 10]},
			"faces": {
				"north": {"uv": [0.5, 11, 1, 11.5], "texture": "#texture"},
				"east": {"uv": [0.5, 11, 1, 11.5], "texture": "#texture"},
				"south": {"uv": [0.5, 11, 1, 11.5], "texture": "#texture"},
				"west": {"uv": [0.5, 11, 1, 11.5], "texture": "#texture"},
				"up": {"uv": [0.5, 11, 1, 11.5], "texture": "#texture"},
				"down": {"uv": [0.5, 11, 1, 11.5], "texture": "#texture"}
			}
		},
		{
			"from": [8.5, 7, 20],
			"to": [10.5, 8, 21],
			"rotation": {"angle": 0, "axis": "y", "origin": [14, 7, 10]},
			"faces": {
				"north": {"uv": [0.5, 12.5, 1, 13], "texture": "#texture"},
				"east": {"uv": [0.5, 12.5, 1, 13], "texture": "#texture"},
				"south": {"uv": [0.5, 12.5, 1, 13], "texture": "#texture"},
				"west": {"uv": [0.5, 12.5, 1, 13], "texture": "#texture"},
				"up": {"uv": [0.5, 12.5, 1, 13], "texture": "#texture"},
				"down": {"uv": [0.5, 12.5, 1, 13], "texture": "#texture"}
			}
		},
		{
			"from": [5.5, 7, 20],
			"to": [7.5, 8, 21],
			"rotation": {"angle": 0, "axis": "y", "origin": [14, 7, 10]},
			"faces": {
				"north": {"uv": [0.5, 12.5, 1, 13], "texture": "#texture"},
				"east": {"uv": [0.5, 12.5, 1, 13], "texture": "#texture"},
				"south": {"uv": [0.5, 12.5, 1, 13], "texture": "#texture"},
				"west": {"uv": [0.5, 12.5, 1, 13], "texture": "#texture"},
				"up": {"uv": [0.5, 12.5, 1, 13], "texture": "#texture"},
				"down": {"uv": [0.5, 12.5, 1, 13], "texture": "#texture"}
			}
		},
		{
			"from": [6.5, 6, 20],
			"to": [9.5, 7, 21],
			"rotation": {"angle": 0, "axis": "y", "origin": [14, 7, 10]},
			"faces": {
				"north": {"uv": [0.5, 12.5, 1, 13], "texture": "#texture"},
				"east": {"uv": [0.5, 12.5, 1, 13], "texture": "#texture"},
				"south": {"uv": [0.5, 12.5, 1, 13], "texture": "#texture"},
				"west": {"uv": [0.5, 12.5, 1, 13], "texture": "#texture"},
				"up": {"uv": [0.5, 12.5, 1, 13], "texture": "#texture"},
				"down": {"uv": [0.5, 12.5, 1, 13], "texture": "#texture"}
			}
		},
		{
			"from": [4.5, 15, 15],
			"to": [11.5, 16, 20],
			"rotation": {"angle": 0, "axis": "y", "origin": [8, 7, 10]},
			"faces": {
				"north": {"uv": [0.5, 12.5, 1, 13], "texture": "#texture"},
				"east": {"uv": [0.5, 12.5, 1, 13], "texture": "#texture"},
				"south": {"uv": [0.5, 12.5, 1, 13], "texture": "#texture"},
				"west": {"uv": [0.5, 12.5, 1, 13], "texture": "#texture"},
				"up": {"uv": [0.5, 12.5, 1, 13], "texture": "#texture"},
				"down": {"uv": [0.5, 12.5, 1, 13], "texture": "#texture"}
			}
		},
		{
			"from": [11.5, 3, 15],
			"to": [12.5, 7, 19],
			"rotation": {"angle": 0, "axis": "y", "origin": [8, 7, 10]},
			"faces": {
				"north": {"uv": [0.5, 12.5, 1, 13], "texture": "#texture"},
				"east": {"uv": [0.5, 12.5, 1, 13], "texture": "#texture"},
				"south": {"uv": [0.5, 12.5, 1, 13], "texture": "#texture"},
				"west": {"uv": [0.5, 12.5, 1, 13], "texture": "#texture"},
				"up": {"uv": [0.5, 12.5, 1, 13], "texture": "#texture"},
				"down": {"uv": [0.5, 12.5, 1, 13], "texture": "#texture"}
			}
		},
		{
			"from": [11.5, 2, 15],
			"to": [12.5, 3, 20],
			"rotation": {"angle": 0, "axis": "y", "origin": [16, 7, 10]},
			"faces": {
				"north": {"uv": [0.5, 12.5, 1, 13], "texture": "#texture"},
				"east": {"uv": [0.5, 12.5, 1, 13], "texture": "#texture"},
				"south": {"uv": [0.5, 12.5, 1, 13], "texture": "#texture"},
				"west": {"uv": [0.5, 12.5, 1, 13], "texture": "#texture"},
				"up": {"uv": [0.5, 12.5, 1, 13], "texture": "#texture"},
				"down": {"uv": [0.5, 12.5, 1, 13], "texture": "#texture"}
			}
		}
	],
	"display": {
		"gui": {
			"rotation": [-30, 135, 0],
			"translation": [0, -1, 0],
			"scale": [1.1, 1.1, 1.1]
		},
		"head": {
			"rotation": [0, 180, 0],
			"translation": [0, 0, 2.2],
			"scale": [1.5, 1.5, 1.5]
		},
		"fixed": {
			"rotation": [0, 180, 0],
			"translation": [0, -0.8, 3.8]
		}
	},
	"groups": [
		{
			"name": "group",
			"origin": [8, 8, 8],
			"children": [0, 1, 2]
		},
		{
			"name": "papyrus",
			"origin": [16, 7, 10],
			"children": [3, 4, 5, 6, 7, 8, 9, 10, 11, 12, 13, 14, 15, 16, 17, 18, 19, 20, 21, 22, 23, 24, 25, 26, 27, 28, 29, 30, 31, 32, 33, 34, 35, 36, 37, 38, 39, 40]
		}
	]
}