{
	"credit": "Made with Blockbench",
	"textures": {
		"0": "blocks/goku",
		"particle": "blocks/goku"
	},
	"elements": [
		{
			"from": [4.5, 0, 16],
			"to": [11.5, 1, 18],
			"faces": {
				"north": {"uv": [0.5, 12.5, 1, 13], "texture": "#0"},
				"east": {"uv": [0.5, 12.5, 1, 13], "texture": "#0"},
				"south": {"uv": [0.5, 12.5, 1, 13], "texture": "#0"},
				"west": {"uv": [0.5, 12.5, 1, 13], "texture": "#0"},
				"up": {"uv": [0.5, 12.5, 1, 13], "texture": "#0"},
				"down": {"uv": [0.5, 12.5, 1, 13], "texture": "#0"}
			}
		},
		{
			"from": [6.5, 1, 17],
			"to": [9.5, 2, 18],
			"faces": {
				"north": {"uv": [0.5, 12.5, 1, 13], "texture": "#0"},
				"east": {"uv": [0.5, 12.5, 1, 13], "texture": "#0"},
				"south": {"uv": [0.5, 12.5, 1, 13], "texture": "#0"},
				"west": {"uv": [0.5, 12.5, 1, 13], "texture": "#0"},
				"up": {"uv": [0.5, 12.5, 1, 13], "texture": "#0"},
				"down": {"uv": [0.5, 12.5, 1, 13], "texture": "#0"}
			}
		},
		{
			"from": [4.5, 1, 16],
			"to": [5.5, 2, 18],
			"faces": {
				"north": {"uv": [0.5, 12.5, 1, 13], "texture": "#0"},
				"east": {"uv": [0.5, 12.5, 1, 13], "texture": "#0"},
				"south": {"uv": [0.5, 12.5, 1, 13], "texture": "#0"},
				"west": {"uv": [0.5, 12.5, 1, 13], "texture": "#0"},
				"up": {"uv": [0.5, 12.5, 1, 13], "texture": "#0"},
				"down": {"uv": [0.5, 12.5, 1, 13], "texture": "#0"}
			}
		},
		{
			"from": [10.5, 1, 16],
			"to": [11.5, 2, 18],
			"rotation": {"angle": 0, "axis": "y", "origin": [14, 8, 8]},
			"faces": {
				"north": {"uv": [0.5, 12.5, 1, 13], "texture": "#0"},
				"east": {"uv": [0.5, 12.5, 1, 13], "texture": "#0"},
				"south": {"uv": [0.5, 12.5, 1, 13], "texture": "#0"},
				"west": {"uv": [0.5, 12.5, 1, 13], "texture": "#0"},
				"up": {"uv": [0.5, 12.5, 1, 13], "texture": "#0"},
				"down": {"uv": [0.5, 12.5, 1, 13], "texture": "#0"}
			}
		},
		{
			"from": [2.5, 1, 8],
			"to": [3.5, 2, 11],
			"rotation": {"angle": 0, "axis": "y", "origin": [6, 8, 0]},
			"faces": {
				"north": {"uv": [0.5, 12.5, 1, 13], "texture": "#0"},
				"east": {"uv": [0.5, 12.5, 1, 13], "texture": "#0"},
				"south": {"uv": [0.5, 12.5, 1, 13], "texture": "#0"},
				"west": {"uv": [0.5, 12.5, 1, 13], "texture": "#0"},
				"up": {"uv": [0.5, 12.5, 1, 13], "texture": "#0"},
				"down": {"uv": [0.5, 12.5, 1, 13], "texture": "#0"}
			}
		},
		{
			"from": [12.5, 1, 8],
			"to": [13.5, 2, 11],
			"rotation": {"angle": 0, "axis": "y", "origin": [15, 8, 0]},
			"faces": {
				"north": {"uv": [0.5, 12.5, 1, 13], "texture": "#0"},
				"east": {"uv": [0.5, 12.5, 1, 13], "texture": "#0"},
				"south": {"uv": [0.5, 12.5, 1, 13], "texture": "#0"},
				"west": {"uv": [0.5, 12.5, 1, 13], "texture": "#0"},
				"up": {"uv": [0.5, 12.5, 1, 13], "texture": "#0"},
				"down": {"uv": [0.5, 12.5, 1, 13], "texture": "#0"}
			}
		},
		{
			"from": [4.5, 1, 13],
			"to": [5.5, 2, 15],
			"faces": {
				"north": {"uv": [0.5, 12.5, 1, 13], "texture": "#0"},
				"east": {"uv": [0.5, 12.5, 1, 13], "texture": "#0"},
				"south": {"uv": [0.5, 12.5, 1, 13], "texture": "#0"},
				"west": {"uv": [0.5, 12.5, 1, 13], "texture": "#0"},
				"up": {"uv": [0.5, 12.5, 1, 13], "texture": "#0"},
				"down": {"uv": [0.5, 12.5, 1, 13], "texture": "#0"}
			}
		},
		{
			"from": [10.5, 1, 13],
			"to": [11.5, 2, 15],
			"rotation": {"angle": 0, "axis": "y", "origin": [14, 8, 8]},
			"faces": {
				"north": {"uv": [0.5, 12.5, 1, 13], "texture": "#0"},
				"east": {"uv": [0.5, 12.5, 1, 13], "texture": "#0"},
				"south": {"uv": [0.5, 12.5, 1, 13], "texture": "#0"},
				"west": {"uv": [0.5, 12.5, 1, 13], "texture": "#0"},
				"up": {"uv": [0.5, 12.5, 1, 13], "texture": "#0"},
				"down": {"uv": [0.5, 12.5, 1, 13], "texture": "#0"}
			}
		},
		{
			"from": [2.5, 1, 5],
			"to": [3.5, 2, 7],
			"rotation": {"angle": 0, "axis": "y", "origin": [6, 8, 0]},
			"faces": {
				"north": {"uv": [0.5, 12.5, 1, 13], "texture": "#0"},
				"east": {"uv": [0.5, 12.5, 1, 13], "texture": "#0"},
				"south": {"uv": [0.5, 12.5, 1, 13], "texture": "#0"},
				"west": {"uv": [0.5, 12.5, 1, 13], "texture": "#0"},
				"up": {"uv": [0.5, 12.5, 1, 13], "texture": "#0"},
				"down": {"uv": [0.5, 12.5, 1, 13], "texture": "#0"}
			}
		},
		{
			"from": [12.5, 1, 5],
			"to": [13.5, 2, 7],
			"rotation": {"angle": 0, "axis": "y", "origin": [15, 8, 0]},
			"faces": {
				"north": {"uv": [0.5, 12.5, 1, 13], "texture": "#0"},
				"east": {"uv": [0.5, 12.5, 1, 13], "texture": "#0"},
				"south": {"uv": [0.5, 12.5, 1, 13], "texture": "#0"},
				"west": {"uv": [0.5, 12.5, 1, 13], "texture": "#0"},
				"up": {"uv": [0.5, 12.5, 1, 13], "texture": "#0"},
				"down": {"uv": [0.5, 12.5, 1, 13], "texture": "#0"}
			}
		},
		{
			"from": [7.5, 2, 17],
			"to": [8.5, 3, 18],
			"faces": {
				"north": {"uv": [0.5, 12.5, 1, 13], "texture": "#0"},
				"east": {"uv": [0.5, 12.5, 1, 13], "texture": "#0"},
				"south": {"uv": [0.5, 12.5, 1, 13], "texture": "#0"},
				"west": {"uv": [0.5, 12.5, 1, 13], "texture": "#0"},
				"up": {"uv": [0.5, 12.5, 1, 13], "texture": "#0"},
				"down": {"uv": [0.5, 12.5, 1, 13], "texture": "#0"}
			}
		},
		{
			"from": [5.5, 4, 17],
			"to": [6.5, 5, 18],
			"faces": {
				"north": {"uv": [0.5, 12.5, 1, 13], "texture": "#0"},
				"east": {"uv": [0.5, 12.5, 1, 13], "texture": "#0"},
				"south": {"uv": [0.5, 12.5, 1, 13], "texture": "#0"},
				"west": {"uv": [0.5, 12.5, 1, 13], "texture": "#0"},
				"up": {"uv": [0.5, 12.5, 1, 13], "texture": "#0"},
				"down": {"uv": [0.5, 12.5, 1, 13], "texture": "#0"}
			}
		},
		{
			"from": [7.5, 6, 17],
			"to": [8.5, 7, 18],
			"faces": {
				"north": {"uv": [0.5, 12.5, 1, 13], "texture": "#0"},
				"east": {"uv": [0.5, 12.5, 1, 13], "texture": "#0"},
				"south": {"uv": [0.5, 12.5, 1, 13], "texture": "#0"},
				"west": {"uv": [0.5, 12.5, 1, 13], "texture": "#0"},
				"up": {"uv": [0.5, 12.5, 1, 13], "texture": "#0"},
				"down": {"uv": [0.5, 12.5, 1, 13], "texture": "#0"}
			}
		},
		{
			"from": [5.5, 7, 16],
			"to": [10.5, 8, 17],
			"faces": {
				"north": {"uv": [0.5, 12.5, 1, 13], "texture": "#0"},
				"east": {"uv": [0.5, 12.5, 1, 13], "texture": "#0"},
				"south": {"uv": [0.5, 12.5, 1, 13], "texture": "#0"},
				"west": {"uv": [0.5, 12.5, 1, 13], "texture": "#0"},
				"up": {"uv": [0.5, 12.5, 1, 13], "texture": "#0"},
				"down": {"uv": [0.5, 12.5, 1, 13], "texture": "#0"}
			}
		},
		{
			"from": [9.5, 7, 12],
			"to": [10.5, 8, 16],
			"faces": {
				"north": {"uv": [0.5, 12.5, 1, 13], "texture": "#0"},
				"east": {"uv": [0.5, 12.5, 1, 13], "texture": "#0"},
				"south": {"uv": [0.5, 12.5, 1, 13], "texture": "#0"},
				"west": {"uv": [0.5, 12.5, 1, 13], "texture": "#0"},
				"up": {"uv": [0.5, 12.5, 1, 13], "texture": "#0"},
				"down": {"uv": [0.5, 12.5, 1, 13], "texture": "#0"}
			}
		},
		{
			"from": [5.5, 7, 12],
			"to": [6.5, 8, 16],
			"faces": {
				"north": {"uv": [0.5, 12.5, 1, 13], "texture": "#0"},
				"east": {"uv": [0.5, 12.5, 1, 13], "texture": "#0"},
				"south": {"uv": [0.5, 12.5, 1, 13], "texture": "#0"},
				"west": {"uv": [0.5, 12.5, 1, 13], "texture": "#0"},
				"up": {"uv": [0.5, 12.5, 1, 13], "texture": "#0"},
				"down": {"uv": [0.5, 12.5, 1, 13], "texture": "#0"}
			}
		},
		{
			"from": [4.5, 7, 0],
			"to": [5.5, 8, 13],
			"faces": {
				"north": {"uv": [0.5, 12.5, 1, 13], "texture": "#0"},
				"east": {"uv": [0.5, 12.5, 1, 13], "texture": "#0"},
				"south": {"uv": [0.5, 12.5, 1, 13], "texture": "#0"},
				"west": {"uv": [0.5, 12.5, 1, 13], "texture": "#0"},
				"up": {"uv": [0.5, 12.5, 1, 13], "texture": "#0"},
				"down": {"uv": [0.5, 12.5, 1, 13], "texture": "#0"}
			}
		},
		{
			"from": [10.5, 7, 0],
			"to": [11.5, 8, 13],
			"rotation": {"angle": 0, "axis": "y", "origin": [12, 8, 8]},
			"faces": {
				"north": {"uv": [0.5, 12.5, 1, 13], "texture": "#0"},
				"east": {"uv": [0.5, 12.5, 1, 13], "texture": "#0"},
				"south": {"uv": [0.5, 12.5, 1, 13], "texture": "#0"},
				"west": {"uv": [0.5, 12.5, 1, 13], "texture": "#0"},
				"up": {"uv": [0.5, 12.5, 1, 13], "texture": "#0"},
				"down": {"uv": [0.5, 12.5, 1, 13], "texture": "#0"}
			}
		},
		{
			"from": [4.5, 8, 0],
			"to": [5.5, 11, 1],
			"faces": {
				"north": {"uv": [0.5, 12.5, 1, 13], "texture": "#0"},
				"east": {"uv": [0.5, 12.5, 1, 13], "texture": "#0"},
				"south": {"uv": [0.5, 12.5, 1, 13], "texture": "#0"},
				"west": {"uv": [0.5, 12.5, 1, 13], "texture": "#0"},
				"up": {"uv": [0.5, 12.5, 1, 13], "texture": "#0"},
				"down": {"uv": [0.5, 12.5, 1, 13], "texture": "#0"}
			}
		},
		{
			"from": [10.5, 8, 0],
			"to": [11.5, 11, 1],
			"rotation": {"angle": 0, "axis": "y", "origin": [12, 8, 8]},
			"faces": {
				"north": {"uv": [0.5, 12.5, 1, 13], "texture": "#0"},
				"east": {"uv": [0.5, 12.5, 1, 13], "texture": "#0"},
				"south": {"uv": [0.5, 12.5, 1, 13], "texture": "#0"},
				"west": {"uv": [0.5, 12.5, 1, 13], "texture": "#0"},
				"up": {"uv": [0.5, 12.5, 1, 13], "texture": "#0"},
				"down": {"uv": [0.5, 12.5, 1, 13], "texture": "#0"}
			}
		},
		{
			"from": [4.5, 8, 7],
			"to": [5.5, 11, 8],
			"faces": {
				"north": {"uv": [0.5, 12.5, 1, 13], "texture": "#0"},
				"east": {"uv": [0.5, 12.5, 1, 13], "texture": "#0"},
				"south": {"uv": [0.5, 12.5, 1, 13], "texture": "#0"},
				"west": {"uv": [0.5, 12.5, 1, 13], "texture": "#0"},
				"up": {"uv": [0.5, 12.5, 1, 13], "texture": "#0"},
				"down": {"uv": [0.5, 12.5, 1, 13], "texture": "#0"}
			}
		},
		{
			"from": [10.5, 8, 7],
			"to": [11.5, 11, 8],
			"rotation": {"angle": 0, "axis": "y", "origin": [12, 8, 8]},
			"faces": {
				"north": {"uv": [0.5, 12.5, 1, 13], "texture": "#0"},
				"east": {"uv": [0.5, 12.5, 1, 13], "texture": "#0"},
				"south": {"uv": [0.5, 12.5, 1, 13], "texture": "#0"},
				"west": {"uv": [0.5, 12.5, 1, 13], "texture": "#0"},
				"up": {"uv": [0.5, 12.5, 1, 13], "texture": "#0"},
				"down": {"uv": [0.5, 12.5, 1, 13], "texture": "#0"}
			}
		},
		{
			"from": [4.5, 10, 6],
			"to": [5.5, 11, 7],
			"faces": {
				"north": {"uv": [0.5, 12.5, 1, 13], "texture": "#0"},
				"east": {"uv": [0.5, 12.5, 1, 13], "texture": "#0"},
				"south": {"uv": [0.5, 12.5, 1, 13], "texture": "#0"},
				"west": {"uv": [0.5, 12.5, 1, 13], "texture": "#0"},
				"up": {"uv": [0.5, 12.5, 1, 13], "texture": "#0"},
				"down": {"uv": [0.5, 12.5, 1, 13], "texture": "#0"}
			}
		},
		{
			"from": [5.5, 11, 7],
			"to": [6.5, 12, 9],
			"faces": {
				"north": {"uv": [0.5, 12.5, 1, 13], "texture": "#0"},
				"east": {"uv": [0.5, 12.5, 1, 13], "texture": "#0"},
				"south": {"uv": [0.5, 12.5, 1, 13], "texture": "#0"},
				"west": {"uv": [0.5, 12.5, 1, 13], "texture": "#0"},
				"up": {"uv": [0.5, 12.5, 1, 13], "texture": "#0"},
				"down": {"uv": [0.5, 12.5, 1, 13], "texture": "#0"}
			}
		},
		{
			"from": [9.5, 11, 7],
			"to": [10.5, 12, 9],
			"faces": {
				"north": {"uv": [0.5, 12.5, 1, 13], "texture": "#0"},
				"east": {"uv": [0.5, 12.5, 1, 13], "texture": "#0"},
				"south": {"uv": [0.5, 12.5, 1, 13], "texture": "#0"},
				"west": {"uv": [0.5, 12.5, 1, 13], "texture": "#0"},
				"up": {"uv": [0.5, 12.5, 1, 13], "texture": "#0"},
				"down": {"uv": [0.5, 12.5, 1, 13], "texture": "#0"}
			}
		},
		{
			"from": [4.5, 9, 4],
			"to": [5.5, 10, 5],
			"faces": {
				"north": {"uv": [0.5, 12.5, 1, 13], "texture": "#0"},
				"east": {"uv": [0.5, 12.5, 1, 13], "texture": "#0"},
				"south": {"uv": [0.5, 12.5, 1, 13], "texture": "#0"},
				"west": {"uv": [0.5, 12.5, 1, 13], "texture": "#0"},
				"up": {"uv": [0.5, 12.5, 1, 13], "texture": "#0"},
				"down": {"uv": [0.5, 12.5, 1, 13], "texture": "#0"}
			}
		},
		{
			"from": [10.5, 9, 4],
			"to": [11.5, 10, 5],
			"rotation": {"angle": 0, "axis": "y", "origin": [12, 8, 8]},
			"faces": {
				"north": {"uv": [0.5, 12.5, 1, 13], "texture": "#0"},
				"east": {"uv": [0.5, 12.5, 1, 13], "texture": "#0"},
				"south": {"uv": [0.5, 12.5, 1, 13], "texture": "#0"},
				"west": {"uv": [0.5, 12.5, 1, 13], "texture": "#0"},
				"up": {"uv": [0.5, 12.5, 1, 13], "texture": "#0"},
				"down": {"uv": [0.5, 12.5, 1, 13], "texture": "#0"}
			}
		},
		{
			"from": [10.5, 10, 6],
			"to": [11.5, 11, 7],
			"rotation": {"angle": 0, "axis": "y", "origin": [12, 8, 8]},
			"faces": {
				"north": {"uv": [0.5, 12.5, 1, 13], "texture": "#0"},
				"east": {"uv": [0.5, 12.5, 1, 13], "texture": "#0"},
				"south": {"uv": [0.5, 12.5, 1, 13], "texture": "#0"},
				"west": {"uv": [0.5, 12.5, 1, 13], "texture": "#0"},
				"up": {"uv": [0.5, 12.5, 1, 13], "texture": "#0"},
				"down": {"uv": [0.5, 12.5, 1, 13], "texture": "#0"}
			}
		},
		{
			"from": [4.5, 11, 0],
			"to": [7.5, 12, 7],
			"faces": {
				"north": {"uv": [0.5, 12.5, 1, 13], "texture": "#0"},
				"east": {"uv": [0.5, 12.5, 1, 13], "texture": "#0"},
				"south": {"uv": [0.5, 12.5, 1, 13], "texture": "#0"},
				"west": {"uv": [0.5, 12.5, 1, 13], "texture": "#0"},
				"up": {"uv": [0.5, 12.5, 1, 13], "texture": "#0"},
				"down": {"uv": [0.5, 12.5, 1, 13], "texture": "#0"}
			}
		},
		{
			"from": [8.5, 11, 0],
			"to": [11.5, 12, 7],
			"rotation": {"angle": 0, "axis": "y", "origin": [12, 8, 8]},
			"faces": {
				"north": {"uv": [0.5, 12.5, 1, 13], "texture": "#0"},
				"east": {"uv": [0.5, 12.5, 1, 13], "texture": "#0"},
				"south": {"uv": [0.5, 12.5, 1, 13], "texture": "#0"},
				"west": {"uv": [0.5, 12.5, 1, 13], "texture": "#0"},
				"up": {"uv": [0.5, 12.5, 1, 13], "texture": "#0"},
				"down": {"uv": [0.5, 12.5, 1, 13], "texture": "#0"}
			}
		},
		{
			"from": [7.5, 11, 0],
			"to": [8.5, 12, 5],
			"rotation": {"angle": 0, "axis": "y", "origin": [12, 8, 8]},
			"faces": {
				"north": {"uv": [0.5, 12.5, 1, 13], "texture": "#0"},
				"east": {"uv": [0.5, 12.5, 1, 13], "texture": "#0"},
				"south": {"uv": [0.5, 12.5, 1, 13], "texture": "#0"},
				"west": {"uv": [0.5, 12.5, 1, 13], "texture": "#0"},
				"up": {"uv": [0.5, 12.5, 1, 13], "texture": "#0"},
				"down": {"uv": [0.5, 12.5, 1, 13], "texture": "#0"}
			}
		},
		{
			"from": [4.5, 8, 8],
			"to": [5.5, 10, 10],
			"faces": {
				"north": {"uv": [0.5, 12.5, 1, 13], "texture": "#0"},
				"east": {"uv": [0.5, 12.5, 1, 13], "texture": "#0"},
				"south": {"uv": [0.5, 12.5, 1, 13], "texture": "#0"},
				"west": {"uv": [0.5, 12.5, 1, 13], "texture": "#0"},
				"up": {"uv": [0.5, 12.5, 1, 13], "texture": "#0"},
				"down": {"uv": [0.5, 12.5, 1, 13], "texture": "#0"}
			}
		},
		{
			"from": [10.5, 8, 8],
			"to": [11.5, 10, 10],
			"rotation": {"angle": 0, "axis": "y", "origin": [12, 8, 8]},
			"faces": {
				"north": {"uv": [0.5, 12.5, 1, 13], "texture": "#0"},
				"east": {"uv": [0.5, 12.5, 1, 13], "texture": "#0"},
				"south": {"uv": [0.5, 12.5, 1, 13], "texture": "#0"},
				"west": {"uv": [0.5, 12.5, 1, 13], "texture": "#0"},
				"up": {"uv": [0.5, 12.5, 1, 13], "texture": "#0"},
				"down": {"uv": [0.5, 12.5, 1, 13], "texture": "#0"}
			}
		},
		{
			"from": [3.5, 7, 8],
			"to": [4.5, 9, 10],
			"faces": {
				"north": {"uv": [0.5, 12.5, 1, 13], "texture": "#0"},
				"east": {"uv": [0.5, 12.5, 1, 13], "texture": "#0"},
				"south": {"uv": [0.5, 12.5, 1, 13], "texture": "#0"},
				"west": {"uv": [0.5, 12.5, 1, 13], "texture": "#0"},
				"up": {"uv": [0.5, 12.5, 1, 13], "texture": "#0"},
				"down": {"uv": [0.5, 12.5, 1, 13], "texture": "#0"}
			}
		},
		{
			"from": [11.5, 7, 8],
			"to": [12.5, 9, 10],
			"rotation": {"angle": 0, "axis": "y", "origin": [16, 8, 8]},
			"faces": {
				"north": {"uv": [0.5, 12.5, 1, 13], "texture": "#0"},
				"east": {"uv": [0.5, 12.5, 1, 13], "texture": "#0"},
				"south": {"uv": [0.5, 12.5, 1, 13], "texture": "#0"},
				"west": {"uv": [0.5, 12.5, 1, 13], "texture": "#0"},
				"up": {"uv": [0.5, 12.5, 1, 13], "texture": "#0"},
				"down": {"uv": [0.5, 12.5, 1, 13], "texture": "#0"}
			}
		},
		{
			"from": [3.5, 7, 10],
			"to": [4.5, 8, 12],
			"faces": {
				"north": {"uv": [0.5, 12.5, 1, 13], "texture": "#0"},
				"east": {"uv": [0.5, 12.5, 1, 13], "texture": "#0"},
				"south": {"uv": [0.5, 12.5, 1, 13], "texture": "#0"},
				"west": {"uv": [0.5, 12.5, 1, 13], "texture": "#0"},
				"up": {"uv": [0.5, 12.5, 1, 13], "texture": "#0"},
				"down": {"uv": [0.5, 12.5, 1, 13], "texture": "#0"}
			}
		},
		{
			"from": [11.5, 7, 10],
			"to": [12.5, 8, 12],
			"rotation": {"angle": 0, "axis": "y", "origin": [16, 8, 8]},
			"faces": {
				"north": {"uv": [0.5, 12.5, 1, 13], "texture": "#0"},
				"east": {"uv": [0.5, 12.5, 1, 13], "texture": "#0"},
				"south": {"uv": [0.5, 12.5, 1, 13], "texture": "#0"},
				"west": {"uv": [0.5, 12.5, 1, 13], "texture": "#0"},
				"up": {"uv": [0.5, 12.5, 1, 13], "texture": "#0"},
				"down": {"uv": [0.5, 12.5, 1, 13], "texture": "#0"}
			}
		},
		{
			"from": [4.5, 8, 10],
			"to": [7.5, 9, 13],
			"faces": {
				"north": {"uv": [0.5, 12.5, 1, 13], "texture": "#0"},
				"east": {"uv": [0.5, 12.5, 1, 13], "texture": "#0"},
				"south": {"uv": [0.5, 12.5, 1, 13], "texture": "#0"},
				"west": {"uv": [0.5, 12.5, 1, 13], "texture": "#0"},
				"up": {"uv": [0.5, 12.5, 1, 13], "texture": "#0"},
				"down": {"uv": [0.5, 12.5, 1, 13], "texture": "#0"}
			}
		},
		{
			"from": [8.5, 8, 10],
			"to": [11.5, 9, 13],
			"rotation": {"angle": 0, "axis": "y", "origin": [12, 8, 8]},
			"faces": {
				"north": {"uv": [0.5, 12.5, 1, 13], "texture": "#0"},
				"east": {"uv": [0.5, 12.5, 1, 13], "texture": "#0"},
				"south": {"uv": [0.5, 12.5, 1, 13], "texture": "#0"},
				"west": {"uv": [0.5, 12.5, 1, 13], "texture": "#0"},
				"up": {"uv": [0.5, 12.5, 1, 13], "texture": "#0"},
				"down": {"uv": [0.5, 12.5, 1, 13], "texture": "#0"}
			}
		},
		{
			"from": [5.5, 9, 9],
			"to": [7.5, 10, 12],
			"faces": {
				"north": {"uv": [0.5, 12.5, 1, 13], "texture": "#0"},
				"east": {"uv": [0.5, 12.5, 1, 13], "texture": "#0"},
				"south": {"uv": [0.5, 12.5, 1, 13], "texture": "#0"},
				"west": {"uv": [0.5, 12.5, 1, 13], "texture": "#0"},
				"up": {"uv": [0.5, 12.5, 1, 13], "texture": "#0"},
				"down": {"uv": [0.5, 12.5, 1, 13], "texture": "#0"}
			}
		},
		{
			"from": [8.5, 9, 9],
			"to": [10.5, 10, 12],
			"rotation": {"angle": 0, "axis": "y", "origin": [12, 8, 8]},
			"faces": {
				"north": {"uv": [0.5, 12.5, 1, 13], "texture": "#0"},
				"east": {"uv": [0.5, 12.5, 1, 13], "texture": "#0"},
				"south": {"uv": [0.5, 12.5, 1, 13], "texture": "#0"},
				"west": {"uv": [0.5, 12.5, 1, 13], "texture": "#0"},
				"up": {"uv": [0.5, 12.5, 1, 13], "texture": "#0"},
				"down": {"uv": [0.5, 12.5, 1, 13], "texture": "#0"}
			}
		},
		{
			"from": [5.5, 10, 6],
			"to": [7.5, 11, 10],
			"faces": {
				"north": {"uv": [0.5, 12.5, 1, 13], "texture": "#0"},
				"east": {"uv": [0.5, 12.5, 1, 13], "texture": "#0"},
				"south": {"uv": [0.5, 12.5, 1, 13], "texture": "#0"},
				"west": {"uv": [0.5, 12.5, 1, 13], "texture": "#0"},
				"up": {"uv": [0.5, 12.5, 1, 13], "texture": "#0"},
				"down": {"uv": [0.5, 12.5, 1, 13], "texture": "#0"}
			}
		},
		{
			"from": [8.5, 10, 6],
			"to": [10.5, 11, 10],
			"rotation": {"angle": 0, "axis": "y", "origin": [12, 8, 8]},
			"faces": {
				"north": {"uv": [0.5, 12.5, 1, 13], "texture": "#0"},
				"east": {"uv": [0.5, 12.5, 1, 13], "texture": "#0"},
				"south": {"uv": [0.5, 12.5, 1, 13], "texture": "#0"},
				"west": {"uv": [0.5, 12.5, 1, 13], "texture": "#0"},
				"up": {"uv": [0.5, 12.5, 1, 13], "texture": "#0"},
				"down": {"uv": [0.5, 12.5, 1, 13], "texture": "#0"}
			}
		},
		{
			"from": [5.5, 5, 17],
			"to": [7.5, 7, 18],
			"faces": {
				"north": {"uv": [0.5, 12.5, 1, 13], "texture": "#0"},
				"east": {"uv": [0.5, 12.5, 1, 13], "texture": "#0"},
				"south": {"uv": [0.5, 12.5, 1, 13], "texture": "#0"},
				"west": {"uv": [0.5, 12.5, 1, 13], "texture": "#0"},
				"up": {"uv": [0.5, 12.5, 1, 13], "texture": "#0"},
				"down": {"uv": [0.5, 12.5, 1, 13], "texture": "#0"}
			}
		},
		{
			"from": [4.5, 5, 15],
			"to": [5.5, 7, 17],
			"faces": {
				"north": {"uv": [0.5, 12.5, 1, 13], "texture": "#0"},
				"east": {"uv": [0.5, 12.5, 1, 13], "texture": "#0"},
				"south": {"uv": [0.5, 12.5, 1, 13], "texture": "#0"},
				"west": {"uv": [0.5, 12.5, 1, 13], "texture": "#0"},
				"up": {"uv": [0.5, 12.5, 1, 13], "texture": "#0"},
				"down": {"uv": [0.5, 12.5, 1, 13], "texture": "#0"}
			}
		},
		{
			"from": [10.5, 5, 15],
			"to": [11.5, 7, 17],
			"rotation": {"angle": 0, "axis": "y", "origin": [14, 8, 8]},
			"faces": {
				"north": {"uv": [0.5, 12.5, 1, 13], "texture": "#0"},
				"east": {"uv": [0.5, 12.5, 1, 13], "texture": "#0"},
				"south": {"uv": [0.5, 12.5, 1, 13], "texture": "#0"},
				"west": {"uv": [0.5, 12.5, 1, 13], "texture": "#0"},
				"up": {"uv": [0.5, 12.5, 1, 13], "texture": "#0"},
				"down": {"uv": [0.5, 12.5, 1, 13], "texture": "#0"}
			}
		},
		{
			"from": [4.5, 6, 12],
			"to": [5.5, 7, 15],
			"faces": {
				"north": {"uv": [0.5, 12.5, 1, 13], "texture": "#0"},
				"east": {"uv": [0.5, 12.5, 1, 13], "texture": "#0"},
				"south": {"uv": [0.5, 12.5, 1, 13], "texture": "#0"},
				"west": {"uv": [0.5, 12.5, 1, 13], "texture": "#0"},
				"up": {"uv": [0.5, 12.5, 1, 13], "texture": "#0"},
				"down": {"uv": [0.5, 12.5, 1, 13], "texture": "#0"}
			}
		},
		{
			"from": [10.5, 6, 12],
			"to": [11.5, 7, 15],
			"rotation": {"angle": 0, "axis": "y", "origin": [14, 8, 8]},
			"faces": {
				"north": {"uv": [0.5, 12.5, 1, 13], "texture": "#0"},
				"east": {"uv": [0.5, 12.5, 1, 13], "texture": "#0"},
				"south": {"uv": [0.5, 12.5, 1, 13], "texture": "#0"},
				"west": {"uv": [0.5, 12.5, 1, 13], "texture": "#0"},
				"up": {"uv": [0.5, 12.5, 1, 13], "texture": "#0"},
				"down": {"uv": [0.5, 12.5, 1, 13], "texture": "#0"}
			}
		},
		{
			"from": [8.5, 5, 17],
			"to": [10.5, 7, 18],
			"faces": {
				"north": {"uv": [0.5, 12.5, 1, 13], "texture": "#0"},
				"east": {"uv": [0.5, 12.5, 1, 13], "texture": "#0"},
				"south": {"uv": [0.5, 12.5, 1, 13], "texture": "#0"},
				"west": {"uv": [0.5, 12.5, 1, 13], "texture": "#0"},
				"up": {"uv": [0.5, 12.5, 1, 13], "texture": "#0"},
				"down": {"uv": [0.5, 12.5, 1, 13], "texture": "#0"}
			}
		},
		{
			"from": [9.5, 4, 17],
			"to": [10.5, 5, 18],
			"faces": {
				"north": {"uv": [0.5, 12.5, 1, 13], "texture": "#0"},
				"east": {"uv": [0.5, 12.5, 1, 13], "texture": "#0"},
				"south": {"uv": [0.5, 12.5, 1, 13], "texture": "#0"},
				"west": {"uv": [0.5, 12.5, 1, 13], "texture": "#0"},
				"up": {"uv": [0.5, 12.5, 1, 13], "texture": "#0"},
				"down": {"uv": [0.5, 12.5, 1, 13], "texture": "#0"}
			}
		},
		{
			"from": [4.5, 2, 14],
			"to": [5.5, 3, 15],
			"faces": {
				"north": {"uv": [0.5, 12.5, 1, 13], "texture": "#0"},
				"east": {"uv": [0.5, 12.5, 1, 13], "texture": "#0"},
				"south": {"uv": [0.5, 12.5, 1, 13], "texture": "#0"},
				"west": {"uv": [0.5, 12.5, 1, 13], "texture": "#0"},
				"up": {"uv": [0.5, 12.5, 1, 13], "texture": "#0"},
				"down": {"uv": [0.5, 12.5, 1, 13], "texture": "#0"}
			}
		},
		{
			"from": [4.5, 4, 15],
			"to": [5.5, 5, 16],
			"faces": {
				"north": {"uv": [0.5, 12.5, 1, 13], "texture": "#0"},
				"east": {"uv": [0.5, 12.5, 1, 13], "texture": "#0"},
				"south": {"uv": [0.5, 12.5, 1, 13], "texture": "#0"},
				"west": {"uv": [0.5, 12.5, 1, 13], "texture": "#0"},
				"up": {"uv": [0.5, 12.5, 1, 13], "texture": "#0"},
				"down": {"uv": [0.5, 12.5, 1, 13], "texture": "#0"}
			}
		},
		{
			"from": [10.5, 4, 15],
			"to": [11.5, 5, 16],
			"rotation": {"angle": 0, "axis": "y", "origin": [14, 8, 8]},
			"faces": {
				"north": {"uv": [0.5, 12.5, 1, 13], "texture": "#0"},
				"east": {"uv": [0.5, 12.5, 1, 13], "texture": "#0"},
				"south": {"uv": [0.5, 12.5, 1, 13], "texture": "#0"},
				"west": {"uv": [0.5, 12.5, 1, 13], "texture": "#0"},
				"up": {"uv": [0.5, 12.5, 1, 13], "texture": "#0"},
				"down": {"uv": [0.5, 12.5, 1, 13], "texture": "#0"}
			}
		},
		{
			"from": [4.5, 5, 13],
			"to": [5.5, 6, 14],
			"faces": {
				"north": {"uv": [0.5, 12.5, 1, 13], "texture": "#0"},
				"east": {"uv": [0.5, 12.5, 1, 13], "texture": "#0"},
				"south": {"uv": [0.5, 12.5, 1, 13], "texture": "#0"},
				"west": {"uv": [0.5, 12.5, 1, 13], "texture": "#0"},
				"up": {"uv": [0.5, 12.5, 1, 13], "texture": "#0"},
				"down": {"uv": [0.5, 12.5, 1, 13], "texture": "#0"}
			}
		},
		{
			"from": [10.5, 5, 13],
			"to": [11.5, 6, 14],
			"rotation": {"angle": 0, "axis": "y", "origin": [14, 8, 8]},
			"faces": {
				"north": {"uv": [0.5, 12.5, 1, 13], "texture": "#0"},
				"east": {"uv": [0.5, 12.5, 1, 13], "texture": "#0"},
				"south": {"uv": [0.5, 12.5, 1, 13], "texture": "#0"},
				"west": {"uv": [0.5, 12.5, 1, 13], "texture": "#0"},
				"up": {"uv": [0.5, 12.5, 1, 13], "texture": "#0"},
				"down": {"uv": [0.5, 12.5, 1, 13], "texture": "#0"}
			}
		},
		{
			"from": [10.5, 2, 14],
			"to": [11.5, 3, 15],
			"rotation": {"angle": 0, "axis": "y", "origin": [14, 8, 8]},
			"faces": {
				"north": {"uv": [0.5, 12.5, 1, 13], "texture": "#0"},
				"east": {"uv": [0.5, 12.5, 1, 13], "texture": "#0"},
				"south": {"uv": [0.5, 12.5, 1, 13], "texture": "#0"},
				"west": {"uv": [0.5, 12.5, 1, 13], "texture": "#0"},
				"up": {"uv": [0.5, 12.5, 1, 13], "texture": "#0"},
				"down": {"uv": [0.5, 12.5, 1, 13], "texture": "#0"}
			}
		},
		{
			"from": [2.5, 2, 6],
			"to": [3.5, 3, 7],
			"rotation": {"angle": 0, "axis": "y", "origin": [6, 8, 0]},
			"faces": {
				"north": {"uv": [0.5, 12.5, 1, 13], "texture": "#0"},
				"east": {"uv": [0.5, 12.5, 1, 13], "texture": "#0"},
				"south": {"uv": [0.5, 12.5, 1, 13], "texture": "#0"},
				"west": {"uv": [0.5, 12.5, 1, 13], "texture": "#0"},
				"up": {"uv": [0.5, 12.5, 1, 13], "texture": "#0"},
				"down": {"uv": [0.5, 12.5, 1, 13], "texture": "#0"}
			}
		},
		{
			"from": [12.5, 2, 6],
			"to": [13.5, 3, 7],
			"rotation": {"angle": 0, "axis": "y", "origin": [15, 8, 0]},
			"faces": {
				"north": {"uv": [0.5, 12.5, 1, 13], "texture": "#0"},
				"east": {"uv": [0.5, 12.5, 1, 13], "texture": "#0"},
				"south": {"uv": [0.5, 12.5, 1, 13], "texture": "#0"},
				"west": {"uv": [0.5, 12.5, 1, 13], "texture": "#0"},
				"up": {"uv": [0.5, 12.5, 1, 13], "texture": "#0"},
				"down": {"uv": [0.5, 12.5, 1, 13], "texture": "#0"}
			}
		},
		{
			"from": [2.5, 2, 9],
			"to": [3.5, 3, 10],
			"rotation": {"angle": 0, "axis": "y", "origin": [6, 8, 0]},
			"faces": {
				"north": {"uv": [0.5, 12.5, 1, 13], "texture": "#0"},
				"east": {"uv": [0.5, 12.5, 1, 13], "texture": "#0"},
				"south": {"uv": [0.5, 12.5, 1, 13], "texture": "#0"},
				"west": {"uv": [0.5, 12.5, 1, 13], "texture": "#0"},
				"up": {"uv": [0.5, 12.5, 1, 13], "texture": "#0"},
				"down": {"uv": [0.5, 12.5, 1, 13], "texture": "#0"}
			}
		},
		{
			"from": [12.5, 2, 9],
			"to": [13.5, 3, 10],
			"rotation": {"angle": 0, "axis": "y", "origin": [15, 8, 0]},
			"faces": {
				"north": {"uv": [0.5, 12.5, 1, 13], "texture": "#0"},
				"east": {"uv": [0.5, 12.5, 1, 13], "texture": "#0"},
				"south": {"uv": [0.5, 12.5, 1, 13], "texture": "#0"},
				"west": {"uv": [0.5, 12.5, 1, 13], "texture": "#0"},
				"up": {"uv": [0.5, 12.5, 1, 13], "texture": "#0"},
				"down": {"uv": [0.5, 12.5, 1, 13], "texture": "#0"}
			}
		},
		{
			"from": [2.5, 1, 12],
			"to": [3.5, 2, 13],
			"rotation": {"angle": 0, "axis": "y", "origin": [6, 8, 0]},
			"faces": {
				"north": {"uv": [0.5, 12.5, 1, 13], "texture": "#0"},
				"east": {"uv": [0.5, 12.5, 1, 13], "texture": "#0"},
				"south": {"uv": [0.5, 12.5, 1, 13], "texture": "#0"},
				"west": {"uv": [0.5, 12.5, 1, 13], "texture": "#0"},
				"up": {"uv": [0.5, 12.5, 1, 13], "texture": "#0"},
				"down": {"uv": [0.5, 12.5, 1, 13], "texture": "#0"}
			}
		},
		{
			"from": [12.5, 1, 12],
			"to": [13.5, 2, 13],
			"rotation": {"angle": 0, "axis": "y", "origin": [15, 8, 0]},
			"faces": {
				"north": {"uv": [0.5, 12.5, 1, 13], "texture": "#0"},
				"east": {"uv": [0.5, 12.5, 1, 13], "texture": "#0"},
				"south": {"uv": [0.5, 12.5, 1, 13], "texture": "#0"},
				"west": {"uv": [0.5, 12.5, 1, 13], "texture": "#0"},
				"up": {"uv": [0.5, 12.5, 1, 13], "texture": "#0"},
				"down": {"uv": [0.5, 12.5, 1, 13], "texture": "#0"}
			}
		},
		{
			"from": [3.5, 2, 12],
			"to": [4.5, 3, 13],
			"faces": {
				"north": {"uv": [0.5, 12.5, 1, 13], "texture": "#0"},
				"east": {"uv": [0.5, 12.5, 1, 13], "texture": "#0"},
				"south": {"uv": [0.5, 12.5, 1, 13], "texture": "#0"},
				"west": {"uv": [0.5, 12.5, 1, 13], "texture": "#0"},
				"up": {"uv": [0.5, 12.5, 1, 13], "texture": "#0"},
				"down": {"uv": [0.5, 12.5, 1, 13], "texture": "#0"}
			}
		},
		{
			"from": [3.5, 5, 11],
			"to": [4.5, 6, 12],
			"faces": {
				"north": {"uv": [0.5, 12.5, 1, 13], "texture": "#0"},
				"east": {"uv": [0.5, 12.5, 1, 13], "texture": "#0"},
				"south": {"uv": [0.5, 12.5, 1, 13], "texture": "#0"},
				"west": {"uv": [0.5, 12.5, 1, 13], "texture": "#0"},
				"up": {"uv": [0.5, 12.5, 1, 13], "texture": "#0"},
				"down": {"uv": [0.5, 12.5, 1, 13], "texture": "#0"}
			}
		},
		{
			"from": [11.5, 5, 11],
			"to": [12.5, 6, 12],
			"rotation": {"angle": 0, "axis": "y", "origin": [17, 8, 8]},
			"faces": {
				"north": {"uv": [0.5, 12.5, 1, 13], "texture": "#0"},
				"east": {"uv": [0.5, 12.5, 1, 13], "texture": "#0"},
				"south": {"uv": [0.5, 12.5, 1, 13], "texture": "#0"},
				"west": {"uv": [0.5, 12.5, 1, 13], "texture": "#0"},
				"up": {"uv": [0.5, 12.5, 1, 13], "texture": "#0"},
				"down": {"uv": [0.5, 12.5, 1, 13], "texture": "#0"}
			}
		},
		{
			"from": [2.5, 5, 10],
			"to": [3.5, 6, 12],
			"faces": {
				"north": {"uv": [0.5, 12.5, 1, 13], "texture": "#0"},
				"east": {"uv": [0.5, 12.5, 1, 13], "texture": "#0"},
				"south": {"uv": [0.5, 12.5, 1, 13], "texture": "#0"},
				"west": {"uv": [0.5, 12.5, 1, 13], "texture": "#0"},
				"up": {"uv": [0.5, 12.5, 1, 13], "texture": "#0"},
				"down": {"uv": [0.5, 12.5, 1, 13], "texture": "#0"}
			}
		},
		{
			"from": [12.5, 5, 10],
			"to": [13.5, 6, 12],
			"rotation": {"angle": 0, "axis": "y", "origin": [17, 8, 8]},
			"faces": {
				"north": {"uv": [0.5, 12.5, 1, 13], "texture": "#0"},
				"east": {"uv": [0.5, 12.5, 1, 13], "texture": "#0"},
				"south": {"uv": [0.5, 12.5, 1, 13], "texture": "#0"},
				"west": {"uv": [0.5, 12.5, 1, 13], "texture": "#0"},
				"up": {"uv": [0.5, 12.5, 1, 13], "texture": "#0"},
				"down": {"uv": [0.5, 12.5, 1, 13], "texture": "#0"}
			}
		},
		{
			"from": [2.5, 5, 7],
			"to": [3.5, 6, 9],
			"rotation": {"angle": 0, "axis": "y", "origin": [8, 8, 5]},
			"faces": {
				"north": {"uv": [0.5, 12.5, 1, 13], "texture": "#0"},
				"east": {"uv": [0.5, 12.5, 1, 13], "texture": "#0"},
				"south": {"uv": [0.5, 12.5, 1, 13], "texture": "#0"},
				"west": {"uv": [0.5, 12.5, 1, 13], "texture": "#0"},
				"up": {"uv": [0.5, 12.5, 1, 13], "texture": "#0"},
				"down": {"uv": [0.5, 12.5, 1, 13], "texture": "#0"}
			}
		},
		{
			"from": [12.5, 5, 7],
			"to": [13.5, 6, 9],
			"rotation": {"angle": 0, "axis": "y", "origin": [18, 8, 5]},
			"faces": {
				"north": {"uv": [0.5, 12.5, 1, 13], "texture": "#0"},
				"east": {"uv": [0.5, 12.5, 1, 13], "texture": "#0"},
				"south": {"uv": [0.5, 12.5, 1, 13], "texture": "#0"},
				"west": {"uv": [0.5, 12.5, 1, 13], "texture": "#0"},
				"up": {"uv": [0.5, 12.5, 1, 13], "texture": "#0"},
				"down": {"uv": [0.5, 12.5, 1, 13], "texture": "#0"}
			}
		},
		{
			"from": [2.5, 5, 5],
			"to": [4.5, 6, 6],
			"rotation": {"angle": 0, "axis": "y", "origin": [8, 8, 5]},
			"faces": {
				"north": {"uv": [0.5, 12.5, 1, 13], "texture": "#0"},
				"east": {"uv": [0.5, 12.5, 1, 13], "texture": "#0"},
				"south": {"uv": [0.5, 12.5, 1, 13], "texture": "#0"},
				"west": {"uv": [0.5, 12.5, 1, 13], "texture": "#0"},
				"up": {"uv": [0.5, 12.5, 1, 13], "texture": "#0"},
				"down": {"uv": [0.5, 12.5, 1, 13], "texture": "#0"}
			}
		},
		{
			"from": [11.5, 5, 5],
			"to": [13.5, 6, 6],
			"rotation": {"angle": 0, "axis": "y", "origin": [17, 8, 5]},
			"faces": {
				"north": {"uv": [0.5, 12.5, 1, 13], "texture": "#0"},
				"east": {"uv": [0.5, 12.5, 1, 13], "texture": "#0"},
				"south": {"uv": [0.5, 12.5, 1, 13], "texture": "#0"},
				"west": {"uv": [0.5, 12.5, 1, 13], "texture": "#0"},
				"up": {"uv": [0.5, 12.5, 1, 13], "texture": "#0"},
				"down": {"uv": [0.5, 12.5, 1, 13], "texture": "#0"}
			}
		},
		{
			"from": [2.5, 4, 11],
			"to": [3.5, 5, 12],
			"faces": {
				"north": {"uv": [0.5, 12.5, 1, 13], "texture": "#0"},
				"east": {"uv": [0.5, 12.5, 1, 13], "texture": "#0"},
				"south": {"uv": [0.5, 12.5, 1, 13], "texture": "#0"},
				"west": {"uv": [0.5, 12.5, 1, 13], "texture": "#0"},
				"up": {"uv": [0.5, 12.5, 1, 13], "texture": "#0"},
				"down": {"uv": [0.5, 12.5, 1, 13], "texture": "#0"}
			}
		},
		{
			"from": [12.5, 4, 11],
			"to": [13.5, 5, 12],
			"rotation": {"angle": 0, "axis": "y", "origin": [17, 8, 8]},
			"faces": {
				"north": {"uv": [0.5, 12.5, 1, 13], "texture": "#0"},
				"east": {"uv": [0.5, 12.5, 1, 13], "texture": "#0"},
				"south": {"uv": [0.5, 12.5, 1, 13], "texture": "#0"},
				"west": {"uv": [0.5, 12.5, 1, 13], "texture": "#0"},
				"up": {"uv": [0.5, 12.5, 1, 13], "texture": "#0"},
				"down": {"uv": [0.5, 12.5, 1, 13], "texture": "#0"}
			}
		},
		{
			"from": [2.5, 4, 7],
			"to": [3.5, 5, 8],
			"rotation": {"angle": 0, "axis": "y", "origin": [8, 8, 5]},
			"faces": {
				"north": {"uv": [0.5, 12.5, 1, 13], "texture": "#0"},
				"east": {"uv": [0.5, 12.5, 1, 13], "texture": "#0"},
				"south": {"uv": [0.5, 12.5, 1, 13], "texture": "#0"},
				"west": {"uv": [0.5, 12.5, 1, 13], "texture": "#0"},
				"up": {"uv": [0.5, 12.5, 1, 13], "texture": "#0"},
				"down": {"uv": [0.5, 12.5, 1, 13], "texture": "#0"}
			}
		},
		{
			"from": [12.5, 4, 7],
			"to": [13.5, 5, 8],
			"rotation": {"angle": 0, "axis": "y", "origin": [18, 8, 5]},
			"faces": {
				"north": {"uv": [0.5, 12.5, 1, 13], "texture": "#0"},
				"east": {"uv": [0.5, 12.5, 1, 13], "texture": "#0"},
				"south": {"uv": [0.5, 12.5, 1, 13], "texture": "#0"},
				"west": {"uv": [0.5, 12.5, 1, 13], "texture": "#0"},
				"up": {"uv": [0.5, 12.5, 1, 13], "texture": "#0"},
				"down": {"uv": [0.5, 12.5, 1, 13], "texture": "#0"}
			}
		},
		{
			"from": [11.5, 2, 12],
			"to": [12.5, 3, 13],
			"rotation": {"angle": 0, "axis": "y", "origin": [17, 8, 8]},
			"faces": {
				"north": {"uv": [0.5, 12.5, 1, 13], "texture": "#0"},
				"east": {"uv": [0.5, 12.5, 1, 13], "texture": "#0"},
				"south": {"uv": [0.5, 12.5, 1, 13], "texture": "#0"},
				"west": {"uv": [0.5, 12.5, 1, 13], "texture": "#0"},
				"up": {"uv": [0.5, 12.5, 1, 13], "texture": "#0"},
				"down": {"uv": [0.5, 12.5, 1, 13], "texture": "#0"}
			}
		},
		{
			"from": [4.5, 0, 12],
			"to": [6.5, 1, 16],
			"faces": {
				"north": {"uv": [0.5, 12.5, 1, 13], "texture": "#0"},
				"east": {"uv": [0.5, 12.5, 1, 13], "texture": "#0"},
				"south": {"uv": [0.5, 12.5, 1, 13], "texture": "#0"},
				"west": {"uv": [0.5, 12.5, 1, 13], "texture": "#0"},
				"up": {"uv": [0.5, 12.5, 1, 13], "texture": "#0"},
				"down": {"uv": [0.5, 12.5, 1, 13], "texture": "#0"}
			}
		},
		{
			"from": [2.5, 0, 5],
			"to": [4.5, 1, 13],
			"faces": {
				"north": {"uv": [0.5, 12.5, 1, 13], "texture": "#0"},
				"east": {"uv": [0.5, 12.5, 1, 13], "texture": "#0"},
				"south": {"uv": [0.5, 12.5, 1, 13], "texture": "#0"},
				"west": {"uv": [0.5, 12.5, 1, 13], "texture": "#0"},
				"up": {"uv": [0.5, 12.5, 1, 13], "texture": "#0"},
				"down": {"uv": [0.5, 12.5, 1, 13], "texture": "#0"}
			}
		},
		{
			"from": [2.5, 6, 5],
			"to": [4.5, 7, 13],
			"faces": {
				"north": {"uv": [0.5, 12.5, 1, 13], "texture": "#0"},
				"east": {"uv": [0.5, 12.5, 1, 13], "texture": "#0"},
				"south": {"uv": [0.5, 12.5, 1, 13], "texture": "#0"},
				"west": {"uv": [0.5, 12.5, 1, 13], "texture": "#0"},
				"up": {"uv": [0.5, 12.5, 1, 13], "texture": "#0"},
				"down": {"uv": [0.5, 12.5, 1, 13], "texture": "#0"}
			}
		},
		{
			"from": [11.5, 6, 5],
			"to": [13.5, 7, 13],
			"rotation": {"angle": 0, "axis": "y", "origin": [17, 8, 8]},
			"faces": {
				"north": {"uv": [0.5, 12.5, 1, 13], "texture": "#0"},
				"east": {"uv": [0.5, 12.5, 1, 13], "texture": "#0"},
				"south": {"uv": [0.5, 12.5, 1, 13], "texture": "#0"},
				"west": {"uv": [0.5, 12.5, 1, 13], "texture": "#0"},
				"up": {"uv": [0.5, 12.5, 1, 13], "texture": "#0"},
				"down": {"uv": [0.5, 12.5, 1, 13], "texture": "#0"}
			}
		},
		{
			"from": [3.5, 1, 5],
			"to": [4.5, 2, 13],
			"faces": {
				"north": {"uv": [0.5, 12.5, 1, 13], "texture": "#0"},
				"east": {"uv": [0.5, 12.5, 1, 13], "texture": "#0"},
				"south": {"uv": [0.5, 12.5, 1, 13], "texture": "#0"},
				"west": {"uv": [0.5, 12.5, 1, 13], "texture": "#0"},
				"up": {"uv": [0.5, 12.5, 1, 13], "texture": "#0"},
				"down": {"uv": [0.5, 12.5, 1, 13], "texture": "#0"}
			}
		},
		{
			"from": [11.5, 1, 5],
			"to": [12.5, 2, 13],
			"rotation": {"angle": 0, "axis": "y", "origin": [17, 8, 8]},
			"faces": {
				"north": {"uv": [0.5, 12.5, 1, 13], "texture": "#0"},
				"east": {"uv": [0.5, 12.5, 1, 13], "texture": "#0"},
				"south": {"uv": [0.5, 12.5, 1, 13], "texture": "#0"},
				"west": {"uv": [0.5, 12.5, 1, 13], "texture": "#0"},
				"up": {"uv": [0.5, 12.5, 1, 13], "texture": "#0"},
				"down": {"uv": [0.5, 12.5, 1, 13], "texture": "#0"}
			}
		},
		{
			"from": [1.5, 0, 0],
			"to": [5.5, 3, 5],
			"faces": {
				"north": {"uv": [0.5, 12.5, 1, 13], "texture": "#0"},
				"east": {"uv": [0.5, 12.5, 1, 13], "texture": "#0"},
				"south": {"uv": [0.5, 12.5, 1, 13], "texture": "#0"},
				"west": {"uv": [0.5, 12.5, 1, 13], "texture": "#0"},
				"up": {"uv": [0.5, 12.5, 1, 13], "texture": "#0"},
				"down": {"uv": [0.5, 12.5, 1, 13], "texture": "#0"}
			}
		},
		{
			"from": [10.5, 0, 0],
			"to": [14.5, 3, 5],
			"rotation": {"angle": 0, "axis": "y", "origin": [17, 8, 8]},
			"faces": {
				"north": {"uv": [0.5, 12.5, 1, 13], "texture": "#0"},
				"east": {"uv": [0.5, 12.5, 1, 13], "texture": "#0"},
				"south": {"uv": [0.5, 12.5, 1, 13], "texture": "#0"},
				"west": {"uv": [0.5, 12.5, 1, 13], "texture": "#0"},
				"up": {"uv": [0.5, 12.5, 1, 13], "texture": "#0"},
				"down": {"uv": [0.5, 12.5, 1, 13], "texture": "#0"}
			}
		},
		{
			"from": [1.5, 3, 0],
			"to": [5.5, 5, 3],
			"faces": {
				"north": {"uv": [0.5, 12.5, 1, 13], "texture": "#0"},
				"east": {"uv": [0.5, 12.5, 1, 13], "texture": "#0"},
				"south": {"uv": [0.5, 12.5, 1, 13], "texture": "#0"},
				"west": {"uv": [0.5, 12.5, 1, 13], "texture": "#0"},
				"up": {"uv": [0.5, 12.5, 1, 13], "texture": "#0"},
				"down": {"uv": [0.5, 12.5, 1, 13], "texture": "#0"}
			}
		},
		{
			"from": [10.5, 3, 0],
			"to": [14.5, 5, 3],
			"rotation": {"angle": 0, "axis": "y", "origin": [17, 8, 8]},
			"faces": {
				"north": {"uv": [0.5, 12.5, 1, 13], "texture": "#0"},
				"east": {"uv": [0.5, 12.5, 1, 13], "texture": "#0"},
				"south": {"uv": [0.5, 12.5, 1, 13], "texture": "#0"},
				"west": {"uv": [0.5, 12.5, 1, 13], "texture": "#0"},
				"up": {"uv": [0.5, 12.5, 1, 13], "texture": "#0"},
				"down": {"uv": [0.5, 12.5, 1, 13], "texture": "#0"}
			}
		},
		{
			"from": [2.5, 5, 0],
			"to": [5.5, 7, 2],
			"faces": {
				"north": {"uv": [0.5, 12.5, 1, 13], "texture": "#0"},
				"east": {"uv": [0.5, 12.5, 1, 13], "texture": "#0"},
				"south": {"uv": [0.5, 12.5, 1, 13], "texture": "#0"},
				"west": {"uv": [0.5, 12.5, 1, 13], "texture": "#0"},
				"up": {"uv": [0.5, 12.5, 1, 13], "texture": "#0"},
				"down": {"uv": [0.5, 12.5, 1, 13], "texture": "#0"}
			}
		},
		{
			"from": [3.5, 4, -1],
			"to": [4.5, 6, 0],
			"faces": {
				"north": {"uv": [0.5, 12.5, 1, 13], "texture": "#0"},
				"east": {"uv": [0.5, 12.5, 1, 13], "texture": "#0"},
				"south": {"uv": [0.5, 12.5, 1, 13], "texture": "#0"},
				"west": {"uv": [0.5, 12.5, 1, 13], "texture": "#0"},
				"up": {"uv": [0.5, 12.5, 1, 13], "texture": "#0"},
				"down": {"uv": [0.5, 12.5, 1, 13], "texture": "#0"}
			}
		},
		{
			"from": [11.5, 4, -1],
			"to": [12.5, 6, 0],
			"rotation": {"angle": 0, "axis": "y", "origin": [16, 8, 8]},
			"faces": {
				"north": {"uv": [0.5, 12.5, 1, 13], "texture": "#0"},
				"east": {"uv": [0.5, 12.5, 1, 13], "texture": "#0"},
				"south": {"uv": [0.5, 12.5, 1, 13], "texture": "#0"},
				"west": {"uv": [0.5, 12.5, 1, 13], "texture": "#0"},
				"up": {"uv": [0.5, 12.5, 1, 13], "texture": "#0"},
				"down": {"uv": [0.5, 12.5, 1, 13], "texture": "#0"}
			}
		},
		{
			"from": [2.5, 1, -1],
			"to": [4.5, 4, 0],
			"faces": {
				"north": {"uv": [0.5, 12.5, 1, 13], "texture": "#0"},
				"east": {"uv": [0.5, 12.5, 1, 13], "texture": "#0"},
				"south": {"uv": [0.5, 12.5, 1, 13], "texture": "#0"},
				"west": {"uv": [0.5, 12.5, 1, 13], "texture": "#0"},
				"up": {"uv": [0.5, 12.5, 1, 13], "texture": "#0"},
				"down": {"uv": [0.5, 12.5, 1, 13], "texture": "#0"}
			}
		},
		{
			"from": [11.5, 1, -1],
			"to": [13.5, 4, 0],
			"rotation": {"angle": 0, "axis": "y", "origin": [16, 8, 8]},
			"faces": {
				"north": {"uv": [0.5, 12.5, 1, 13], "texture": "#0"},
				"east": {"uv": [0.5, 12.5, 1, 13], "texture": "#0"},
				"south": {"uv": [0.5, 12.5, 1, 13], "texture": "#0"},
				"west": {"uv": [0.5, 12.5, 1, 13], "texture": "#0"},
				"up": {"uv": [0.5, 12.5, 1, 13], "texture": "#0"},
				"down": {"uv": [0.5, 12.5, 1, 13], "texture": "#0"}
			}
		},
		{
			"from": [10.5, 5, 0],
			"to": [13.5, 7, 2],
			"rotation": {"angle": 0, "axis": "y", "origin": [17, 8, 8]},
			"faces": {
				"north": {"uv": [0.5, 12.5, 1, 13], "texture": "#0"},
				"east": {"uv": [0.5, 12.5, 1, 13], "texture": "#0"},
				"south": {"uv": [0.5, 12.5, 1, 13], "texture": "#0"},
				"west": {"uv": [0.5, 12.5, 1, 13], "texture": "#0"},
				"up": {"uv": [0.5, 12.5, 1, 13], "texture": "#0"},
				"down": {"uv": [0.5, 12.5, 1, 13], "texture": "#0"}
			}
		},
		{
			"from": [11.5, 0, 5],
			"to": [13.5, 1, 13],
			"faces": {
				"north": {"uv": [0.5, 12.5, 1, 13], "texture": "#0"},
				"east": {"uv": [0.5, 12.5, 1, 13], "texture": "#0"},
				"south": {"uv": [0.5, 12.5, 1, 13], "texture": "#0"},
				"west": {"uv": [0.5, 12.5, 1, 13], "texture": "#0"},
				"up": {"uv": [0.5, 12.5, 1, 13], "texture": "#0"},
				"down": {"uv": [0.5, 12.5, 1, 13], "texture": "#0"}
			}
		},
		{
			"from": [9.5, 0, 12],
			"to": [11.5, 1, 16],
			"faces": {
				"north": {"uv": [0.5, 12.5, 1, 13], "texture": "#0"},
				"east": {"uv": [0.5, 12.5, 1, 13], "texture": "#0"},
				"south": {"uv": [0.5, 12.5, 1, 13], "texture": "#0"},
				"west": {"uv": [0.5, 12.5, 1, 13], "texture": "#0"},
				"up": {"uv": [0.5, 12.5, 1, 13], "texture": "#0"},
				"down": {"uv": [0.5, 12.5, 1, 13], "texture": "#0"}
			}
		},
		{
			"from": [9.5, 8, 1],
			"to": [10.5, 11, 6],
			"rotation": {"angle": 0, "axis": "y", "origin": [12, 8, 8]},
			"faces": {
				"north": {"uv": [0.5, 12.5, 1, 13], "texture": "#0"},
				"east": {"uv": [0.5, 15.5, 1, 16], "texture": "#0"},
				"south": {"uv": [0.5, 12.5, 1, 13], "texture": "#0"},
				"west": {"uv": [0.5, 12.5, 1, 13], "texture": "#0"},
				"up": {"uv": [0.5, 15.5, 1, 16], "texture": "#0"},
				"down": {"uv": [0.5, 12.5, 1, 13], "texture": "#0"}
			}
		},
		{
			"from": [5.5, 8, 1],
			"to": [6.5, 11, 6],
			"faces": {
				"north": {"uv": [0.5, 12.5, 1, 13], "texture": "#0"},
				"east": {"uv": [0.5, 12.5, 1, 13], "texture": "#0"},
				"south": {"uv": [0.5, 12.5, 1, 13], "texture": "#0"},
				"west": {"uv": [0.5, 15.5, 1, 16], "texture": "#0"},
				"up": {"uv": [0.5, 15.5, 1, 16], "texture": "#0"},
				"down": {"uv": [0.5, 12.5, 1, 13], "texture": "#0"}
			}
		},
		{
			"from": [9.5, 8, 6],
			"to": [10.5, 10, 7],
			"rotation": {"angle": 0, "axis": "y", "origin": [12, 8, 8]},
			"faces": {
				"north": {"uv": [0.5, 12.5, 1, 13], "texture": "#0"},
				"east": {"uv": [0.5, 15.5, 1, 16], "texture": "#0"},
				"south": {"uv": [0.5, 12.5, 1, 13], "texture": "#0"},
				"west": {"uv": [0.5, 12.5, 1, 13], "texture": "#0"},
				"up": {"uv": [0.5, 15.5, 1, 16], "texture": "#0"},
				"down": {"uv": [0.5, 12.5, 1, 13], "texture": "#0"}
			}
		},
		{
			"from": [5.5, 8, 6],
			"to": [6.5, 10, 7],
			"faces": {
				"north": {"uv": [0.5, 12.5, 1, 13], "texture": "#0"},
				"east": {"uv": [0.5, 12.5, 1, 13], "texture": "#0"},
				"south": {"uv": [0.5, 12.5, 1, 13], "texture": "#0"},
				"west": {"uv": [0.5, 15.5, 1, 16], "texture": "#0"},
				"up": {"uv": [0.5, 15.5, 1, 16], "texture": "#0"},
				"down": {"uv": [0.5, 12.5, 1, 13], "texture": "#0"}
			}
		}
	],
"display": {
		"head": {
			"rotation": [0, 0, 0],
			"translation": [0, -0.8, 3.8],
			"scale": [10.2, 10.2, 10]
		}
	},
	"groups": [
		{
			"name": "ghaster",
			"origin": [8, 8, 8],
			"children": [0, 1, 2, 3, 4, 5, 6, 7, 8, 9, 10, 11, 12, 13, 14, 15, 16, 17, 18, 19, 20, 21, 22, 23, 24, 25, 26, 27, 28, 29, 30, 31, 32, 33, 34, 35, 36, 37, 38, 39, 40, 41, 42, 43, 44, 45, 46, 47, 48, 49, 50, 51, 52, 53, 54, 55, 56, 57, 58, 59, 60, 61, 62, 63, 64, 65, 66, 67, 68, 69, 70, 71, 72, 73, 74, 75, 76, 77, 78, 79, 80, 81, 82, 83, 84, 85, 86, 87, 88, 89, 90, 91, 92, 93]
		}, 94, 95, 96, 97]
}
