{
	"credit": "Made with Blockbench",
	"textures": {
		"texture": "blocks/goku"
	},
	"elements": [
		{
			"from": [1.5, 11.5, 4],
			"to": [14.5, 13.5, 5],
			"faces": {
				"north": {"uv": [7, 12.5, 7.5, 13.5], "texture": "#texture"},
				"east": {"uv": [7, 12.5, 7.5, 13.5], "texture": "#texture"},
				"south": {"uv": [7, 12.5, 7.5, 13.5], "texture": "#texture"},
				"west": {"uv": [7, 12.5, 7.5, 13.5], "texture": "#texture"},
				"up": {"uv": [7, 12.5, 7.5, 13.5], "texture": "#texture"},
				"down": {"uv": [7, 12.5, 7.5, 13.5], "texture": "#texture"}
			}
		},
		{
			"from": [1.5, 3.5, 4],
			"to": [14.5, 5.5, 5],
			"faces": {
				"north": {"uv": [7, 12.5, 7.5, 13.5], "texture": "#texture"},
				"east": {"uv": [7, 12.5, 7.5, 13.5], "texture": "#texture"},
				"south": {"uv": [7, 12.5, 7.5, 13.5], "texture": "#texture"},
				"west": {"uv": [7, 12.5, 7.5, 13.5], "texture": "#texture"},
				"up": {"uv": [7, 12.5, 7.5, 13.5], "texture": "#texture"},
				"down": {"uv": [7, 12.5, 7.5, 13.5], "texture": "#texture"}
			}
		},
		{
			"from": [0.5, 11, 4],
			"to": [1.5, 14, 15],
			"faces": {
				"north": {"uv": [7, 12.5, 7.5, 14], "texture": "#texture"},
				"east": {"uv": [12.5, 12.5, 7, 14], "texture": "#texture"},
				"south": {"uv": [12, 12.5, 12.5, 14], "texture": "#texture"},
				"west": {"uv": [7, 12.5, 12.5, 14], "texture": "#texture"},
				"up": {"uv": [7, 12.5, 7.5, 13], "texture": "#texture"},
				"down": {"uv": [7.5, 13, 8, 13.5], "texture": "#texture"}
			}
		},
		{
			"from": [0.5, 3, 4],
			"to": [1.5, 6, 15],
			"faces": {
				"north": {"uv": [7, 12.5, 7.5, 14], "texture": "#texture"},
				"east": {"uv": [12.5, 12.5, 7, 14], "texture": "#texture"},
				"south": {"uv": [12, 12.5, 12.5, 14], "texture": "#texture"},
				"west": {"uv": [7, 12.5, 12.5, 14], "texture": "#texture"},
				"up": {"uv": [7, 12.5, 7.5, 13], "texture": "#texture"},
				"down": {"uv": [7.5, 13, 8, 13.5], "texture": "#texture"}
			}
		},
		{
			"from": [14.5, 11, 4],
			"to": [15.5, 14, 15],
			"faces": {
				"north": {"uv": [7, 12.5, 7.5, 14], "texture": "#texture"},
				"east": {"uv": [12.5, 12.5, 7, 14], "texture": "#texture"},
				"south": {"uv": [12, 12.5, 12.5, 14], "texture": "#texture"},
				"west": {"uv": [7, 12.5, 12.5, 14], "texture": "#texture"},
				"up": {"uv": [7, 12.5, 7.5, 13], "texture": "#texture"},
				"down": {"uv": [7.5, 13, 8, 13.5], "texture": "#texture"}
			}
		},
		{
			"from": [14.5, 3, 4],
			"to": [15.5, 6, 15],
			"faces": {
				"north": {"uv": [7, 12.5, 7.5, 14], "texture": "#texture"},
				"east": {"uv": [12.5, 12.5, 7, 14], "texture": "#texture"},
				"south": {"uv": [12, 12.5, 12.5, 14], "texture": "#texture"},
				"west": {"uv": [7, 12.5, 12.5, 14], "texture": "#texture"},
				"up": {"uv": [7, 12.5, 7.5, 13], "texture": "#texture"},
				"down": {"uv": [7.5, 13, 8, 13.5], "texture": "#texture"}
			}
		},
		{
			"name": "face",
			"from": [2.5, 3, 19],
			"to": [13.5, 11, 20],
			"rotation": {"angle": 0, "axis": "y", "origin": [8, 9, 11]},
			"faces": {
				"north": {"uv": [0.5, 15.5, 1, 16], "texture": "#texture"},
				"east": {"uv": [0.5, 15.5, 1, 16], "texture": "#texture"},
				"south": {"uv": [0.5, 15.5, 1, 16], "texture": "#texture"},
				"west": {"uv": [0.5, 15.5, 1, 16], "texture": "#texture"},
				"up": {"uv": [0.5, 15.5, 1, 16], "texture": "#texture"},
				"down": {"uv": [0.5, 15.5, 1, 16], "texture": "#texture"}
			}
		},
		{
			"from": [11.5, 2, 15],
			"to": [13.5, 3, 20],
			"rotation": {"angle": 0, "axis": "y", "origin": [8, 9, 11]},
			"faces": {
				"north": {"uv": [0.5, 12.5, 1, 13], "texture": "#texture"},
				"east": {"uv": [0.5, 12.5, 1, 13], "texture": "#texture"},
				"south": {"uv": [0.5, 12.5, 1, 13], "texture": "#texture"},
				"west": {"uv": [0.5, 12.5, 1, 13], "texture": "#texture"},
				"up": {"uv": [0.5, 12.5, 1, 13], "texture": "#texture"},
				"down": {"uv": [0.5, 12.5, 1, 13], "texture": "#texture"}
			}
		},
		{
			"from": [2.5, 2, 15],
			"to": [4.5, 3, 20],
			"rotation": {"angle": 0, "axis": "y", "origin": [8, 9, 11]},
			"faces": {
				"north": {"uv": [0.5, 12.5, 1, 13], "texture": "#texture"},
				"east": {"uv": [0.5, 12.5, 1, 13], "texture": "#texture"},
				"south": {"uv": [0.5, 12.5, 1, 13], "texture": "#texture"},
				"west": {"uv": [0.5, 12.5, 1, 13], "texture": "#texture"},
				"up": {"uv": [0.5, 12.5, 1, 13], "texture": "#texture"},
				"down": {"uv": [0.5, 12.5, 1, 13], "texture": "#texture"}
			}
		},
		{
			"from": [13.5, 3, 15],
			"to": [15.5, 4, 20],
			"rotation": {"angle": 0, "axis": "y", "origin": [8, 9, 11]},
			"faces": {
				"north": {"uv": [0.5, 12.5, 1, 13], "texture": "#texture"},
				"east": {"uv": [0.5, 12.5, 1, 13], "texture": "#texture"},
				"south": {"uv": [0.5, 12.5, 1, 13], "texture": "#texture"},
				"west": {"uv": [0.5, 12.5, 1, 13], "texture": "#texture"},
				"up": {"uv": [0.5, 12.5, 1, 13], "texture": "#texture"},
				"down": {"uv": [0.5, 12.5, 1, 13], "texture": "#texture"}
			}
		},
		{
			"from": [12.5, 14, 15],
			"to": [14.5, 15, 20],
			"rotation": {"angle": 0, "axis": "y", "origin": [9, 17, 11]},
			"faces": {
				"north": {"uv": [0.5, 12.5, 1, 13], "texture": "#texture"},
				"east": {"uv": [0.5, 12.5, 1, 13], "texture": "#texture"},
				"south": {"uv": [0.5, 12.5, 1, 13], "texture": "#texture"},
				"west": {"uv": [0.5, 12.5, 1, 13], "texture": "#texture"},
				"up": {"uv": [0.5, 12.5, 1, 13], "texture": "#texture"},
				"down": {"uv": [0.5, 12.5, 1, 13], "texture": "#texture"}
			}
		},
		{
			"from": [1.5, 14, 15],
			"to": [3.5, 15, 20],
			"rotation": {"angle": 0, "axis": "y", "origin": [23, 17, 11]},
			"faces": {
				"north": {"uv": [0.5, 12.5, 1, 13], "texture": "#texture"},
				"east": {"uv": [0.5, 12.5, 1, 13], "texture": "#texture"},
				"south": {"uv": [0.5, 12.5, 1, 13], "texture": "#texture"},
				"west": {"uv": [0.5, 12.5, 1, 13], "texture": "#texture"},
				"up": {"uv": [0.5, 12.5, 1, 13], "texture": "#texture"},
				"down": {"uv": [0.5, 12.5, 1, 13], "texture": "#texture"}
			}
		},
		{
			"from": [3.5, 15, 15],
			"to": [12.5, 16, 20],
			"rotation": {"angle": 0, "axis": "y", "origin": [23, 17, 11]},
			"faces": {
				"north": {"uv": [0.5, 12.5, 1, 13], "texture": "#texture"},
				"east": {"uv": [0.5, 12.5, 1, 13], "texture": "#texture"},
				"south": {"uv": [0.5, 12.5, 1, 13], "texture": "#texture"},
				"west": {"uv": [0.5, 12.5, 1, 13], "texture": "#texture"},
				"up": {"uv": [0.5, 12.5, 1, 13], "texture": "#texture"},
				"down": {"uv": [0.5, 12.5, 1, 13], "texture": "#texture"}
			}
		},
		{
			"from": [15.5, 4, 15],
			"to": [16.5, 6, 20],
			"rotation": {"angle": 0, "axis": "y", "origin": [8, 9, 11]},
			"faces": {
				"north": {"uv": [0.5, 12.5, 1, 13], "texture": "#texture"},
				"east": {"uv": [0.5, 12.5, 1, 13], "texture": "#texture"},
				"south": {"uv": [0.5, 12.5, 1, 13], "texture": "#texture"},
				"west": {"uv": [0.5, 12.5, 1, 13], "texture": "#texture"},
				"up": {"uv": [0.5, 12.5, 1, 13], "texture": "#texture"},
				"down": {"uv": [0.5, 12.5, 1, 13], "texture": "#texture"}
			}
		},
		{
			"from": [0.5, 12, 15],
			"to": [1.5, 14, 20],
			"rotation": {"angle": 0, "axis": "y", "origin": [9, 17, 11]},
			"faces": {
				"north": {"uv": [0.5, 12.5, 1, 13], "texture": "#texture"},
				"east": {"uv": [0.5, 12.5, 1, 13], "texture": "#texture"},
				"south": {"uv": [0.5, 12.5, 1, 13], "texture": "#texture"},
				"west": {"uv": [0.5, 12.5, 1, 13], "texture": "#texture"},
				"up": {"uv": [0.5, 12.5, 1, 13], "texture": "#texture"},
				"down": {"uv": [0.5, 12.5, 1, 13], "texture": "#texture"}
			}
		},
		{
			"from": [1.5, 11, 20],
			"to": [14.5, 14, 21],
			"rotation": {"angle": 0, "axis": "y", "origin": [9, 17, 11]},
			"faces": {
				"north": {"uv": [0.5, 12.5, 1, 13], "texture": "#texture"},
				"east": {"uv": [0.5, 12.5, 1, 13], "texture": "#texture"},
				"south": {"uv": [0.5, 12.5, 1, 13], "texture": "#texture"},
				"west": {"uv": [0.5, 12.5, 1, 13], "texture": "#texture"},
				"up": {"uv": [0.5, 12.5, 1, 13], "texture": "#texture"},
				"down": {"uv": [0.5, 12.5, 1, 13], "texture": "#texture"}
			}
		},
		{
			"from": [8.5, 8, 20],
			"to": [10.5, 11, 21],
			"rotation": {"angle": 0, "axis": "y", "origin": [9, 17, 11]},
			"faces": {
				"north": {"uv": [0.5, 12.5, 1, 13], "texture": "#texture"},
				"east": {"uv": [0.5, 12.5, 1, 13], "texture": "#texture"},
				"south": {"uv": [0.5, 12.5, 1, 13], "texture": "#texture"},
				"west": {"uv": [0.5, 12.5, 1, 13], "texture": "#texture"},
				"up": {"uv": [0.5, 12.5, 1, 13], "texture": "#texture"},
				"down": {"uv": [0.5, 12.5, 1, 13], "texture": "#texture"}
			}
		},
		{
			"from": [9.5, 7, 20],
			"to": [13.5, 8, 21],
			"rotation": {"angle": 0, "axis": "y", "origin": [9, 17, 11]},
			"faces": {
				"north": {"uv": [0.5, 12.5, 1, 13], "texture": "#texture"},
				"east": {"uv": [0.5, 12.5, 1, 13], "texture": "#texture"},
				"south": {"uv": [0.5, 12.5, 1, 13], "texture": "#texture"},
				"west": {"uv": [0.5, 12.5, 1, 13], "texture": "#texture"},
				"up": {"uv": [0.5, 12.5, 1, 13], "texture": "#texture"},
				"down": {"uv": [0.5, 12.5, 1, 13], "texture": "#texture"}
			}
		},
		{
			"from": [3.5, 6, 20],
			"to": [12.5, 7, 21],
			"rotation": {"angle": 0, "axis": "y", "origin": [9, 17, 11]},
			"faces": {
				"north": {"uv": [0.5, 12.5, 1, 13], "texture": "#texture"},
				"east": {"uv": [0.5, 12.5, 1, 13], "texture": "#texture"},
				"south": {"uv": [0.5, 12.5, 1, 13], "texture": "#texture"},
				"west": {"uv": [0.5, 12.5, 1, 13], "texture": "#texture"},
				"up": {"uv": [0.5, 12.5, 1, 13], "texture": "#texture"},
				"down": {"uv": [0.5, 12.5, 1, 13], "texture": "#texture"}
			}
		},
		{
			"from": [2.5, 7, 20],
			"to": [6.5, 8, 21],
			"rotation": {"angle": 0, "axis": "y", "origin": [9, 17, 11]},
			"faces": {
				"north": {"uv": [0.5, 12.5, 1, 13], "texture": "#texture"},
				"east": {"uv": [0.5, 12.5, 1, 13], "texture": "#texture"},
				"south": {"uv": [0.5, 12.5, 1, 13], "texture": "#texture"},
				"west": {"uv": [0.5, 12.5, 1, 13], "texture": "#texture"},
				"up": {"uv": [0.5, 12.5, 1, 13], "texture": "#texture"},
				"down": {"uv": [0.5, 12.5, 1, 13], "texture": "#texture"}
			}
		},
		{
			"from": [5.5, 8, 20],
			"to": [7.5, 11, 21],
			"rotation": {"angle": 0, "axis": "y", "origin": [9, 17, 11]},
			"faces": {
				"north": {"uv": [0.5, 12.5, 1, 13], "texture": "#texture"},
				"east": {"uv": [0.5, 12.5, 1, 13], "texture": "#texture"},
				"south": {"uv": [0.5, 12.5, 1, 13], "texture": "#texture"},
				"west": {"uv": [0.5, 12.5, 1, 13], "texture": "#texture"},
				"up": {"uv": [0.5, 12.5, 1, 13], "texture": "#texture"},
				"down": {"uv": [0.5, 12.5, 1, 13], "texture": "#texture"}
			}
		},
		{
			"from": [7.5, 9, 20],
			"to": [8.7, 11, 21],
			"rotation": {"angle": 0, "axis": "y", "origin": [9, 17, 11]},
			"faces": {
				"north": {"uv": [0.5, 12.5, 1, 13], "texture": "#texture"},
				"east": {"uv": [0.5, 12.5, 1, 13], "texture": "#texture"},
				"south": {"uv": [0.5, 12.5, 1, 13], "texture": "#texture"},
				"west": {"uv": [0.5, 12.5, 1, 13], "texture": "#texture"},
				"up": {"uv": [0.5, 12.5, 1, 13], "texture": "#texture"},
				"down": {"uv": [0.5, 12.5, 1, 13], "texture": "#texture"}
			}
		},
		{
			"from": [13.5, 6, 20],
			"to": [14.5, 11, 21],
			"rotation": {"angle": 0, "axis": "y", "origin": [9, 17, 11]},
			"faces": {
				"north": {"uv": [0.5, 12.5, 1, 13], "texture": "#texture"},
				"east": {"uv": [0.5, 12.5, 1, 13], "texture": "#texture"},
				"south": {"uv": [0.5, 12.5, 1, 13], "texture": "#texture"},
				"west": {"uv": [0.5, 12.5, 1, 13], "texture": "#texture"},
				"up": {"uv": [0.5, 12.5, 1, 13], "texture": "#texture"},
				"down": {"uv": [0.5, 12.5, 1, 13], "texture": "#texture"}
			}
		},
		{
			"from": [1.5, 6, 20],
			"to": [2.5, 11, 21],
			"rotation": {"angle": 0, "axis": "y", "origin": [21, 17, 11]},
			"faces": {
				"north": {"uv": [0.5, 12.5, 1, 13], "texture": "#texture"},
				"east": {"uv": [0.5, 12.5, 1, 13], "texture": "#texture"},
				"south": {"uv": [0.5, 12.5, 1, 13], "texture": "#texture"},
				"west": {"uv": [0.5, 12.5, 1, 13], "texture": "#texture"},
				"up": {"uv": [0.5, 12.5, 1, 13], "texture": "#texture"},
				"down": {"uv": [0.5, 12.5, 1, 13], "texture": "#texture"}
			}
		},
		{
			"from": [4.5, 2, 20],
			"to": [11.5, 3, 21],
			"rotation": {"angle": 0, "axis": "y", "origin": [21, 17, 11]},
			"faces": {
				"north": {"uv": [0.5, 12.5, 1, 13], "texture": "#texture"},
				"east": {"uv": [0.5, 12.5, 1, 13], "texture": "#texture"},
				"south": {"uv": [0.5, 12.5, 1, 13], "texture": "#texture"},
				"west": {"uv": [0.5, 12.5, 1, 13], "texture": "#texture"},
				"up": {"uv": [0.5, 12.5, 1, 13], "texture": "#texture"},
				"down": {"uv": [0.5, 12.5, 1, 13], "texture": "#texture"}
			}
		},
		{
			"from": [11.5, 3, 20],
			"to": [13.5, 4, 21],
			"rotation": {"angle": 0, "axis": "y", "origin": [21, 17, 11]},
			"faces": {
				"north": {"uv": [0.5, 12.5, 1, 13], "texture": "#texture"},
				"east": {"uv": [0.5, 12.5, 1, 13], "texture": "#texture"},
				"south": {"uv": [0.5, 12.5, 1, 13], "texture": "#texture"},
				"west": {"uv": [0.5, 12.5, 1, 13], "texture": "#texture"},
				"up": {"uv": [0.5, 12.5, 1, 13], "texture": "#texture"},
				"down": {"uv": [0.5, 12.5, 1, 13], "texture": "#texture"}
			}
		},
		{
			"from": [2.5, 3, 20],
			"to": [4.5, 4, 21],
			"rotation": {"angle": 0, "axis": "y", "origin": [21, 17, 11]},
			"faces": {
				"north": {"uv": [0.5, 12.5, 1, 13], "texture": "#texture"},
				"east": {"uv": [0.5, 12.5, 1, 13], "texture": "#texture"},
				"south": {"uv": [0.5, 12.5, 1, 13], "texture": "#texture"},
				"west": {"uv": [0.5, 12.5, 1, 13], "texture": "#texture"},
				"up": {"uv": [0.5, 12.5, 1, 13], "texture": "#texture"},
				"down": {"uv": [0.5, 12.5, 1, 13], "texture": "#texture"}
			}
		},
		{
			"from": [8.5, 4, 20],
			"to": [9.5, 5, 21],
			"rotation": {"angle": 0, "axis": "y", "origin": [21, 17, 11]},
			"faces": {
				"north": {"uv": [0.5, 12.5, 1, 13], "texture": "#texture"},
				"east": {"uv": [0.5, 12.5, 1, 13], "texture": "#texture"},
				"south": {"uv": [0.5, 12.5, 1, 13], "texture": "#texture"},
				"west": {"uv": [0.5, 12.5, 1, 13], "texture": "#texture"},
				"up": {"uv": [0.5, 12.5, 1, 13], "texture": "#texture"},
				"down": {"uv": [0.5, 12.5, 1, 13], "texture": "#texture"}
			}
		},
		{
			"from": [6.5, 4, 20],
			"to": [7.5, 5, 21],
			"rotation": {"angle": 0, "axis": "y", "origin": [21, 17, 11]},
			"faces": {
				"north": {"uv": [0.5, 12.5, 1, 13], "texture": "#texture"},
				"east": {"uv": [0.5, 12.5, 1, 13], "texture": "#texture"},
				"south": {"uv": [0.5, 12.5, 1, 13], "texture": "#texture"},
				"west": {"uv": [0.5, 12.5, 1, 13], "texture": "#texture"},
				"up": {"uv": [0.5, 12.5, 1, 13], "texture": "#texture"},
				"down": {"uv": [0.5, 12.5, 1, 13], "texture": "#texture"}
			}
		},
		{
			"from": [4.5, 4, 20],
			"to": [5.5, 5, 21],
			"rotation": {"angle": 0, "axis": "y", "origin": [21, 17, 11]},
			"faces": {
				"north": {"uv": [0.5, 12.5, 1, 13], "texture": "#texture"},
				"east": {"uv": [0.5, 12.5, 1, 13], "texture": "#texture"},
				"south": {"uv": [0.5, 12.5, 1, 13], "texture": "#texture"},
				"west": {"uv": [0.5, 12.5, 1, 13], "texture": "#texture"},
				"up": {"uv": [0.5, 12.5, 1, 13], "texture": "#texture"},
				"down": {"uv": [0.5, 12.5, 1, 13], "texture": "#texture"}
			}
		},
		{
			"from": [2.5, 4, 20],
			"to": [3.5, 5, 21],
			"rotation": {"angle": 0, "axis": "y", "origin": [21, 17, 11]},
			"faces": {
				"north": {"uv": [0.5, 12.5, 1, 13], "texture": "#texture"},
				"east": {"uv": [0.5, 12.5, 1, 13], "texture": "#texture"},
				"south": {"uv": [0.5, 12.5, 1, 13], "texture": "#texture"},
				"west": {"uv": [0.5, 12.5, 1, 13], "texture": "#texture"},
				"up": {"uv": [0.5, 12.5, 1, 13], "texture": "#texture"},
				"down": {"uv": [0.5, 12.5, 1, 13], "texture": "#texture"}
			}
		},
		{
			"from": [13.5, 4, 20],
			"to": [15.5, 6, 21],
			"rotation": {"angle": 0, "axis": "y", "origin": [21, 17, 11]},
			"faces": {
				"north": {"uv": [0.5, 12.5, 1, 13], "texture": "#texture"},
				"east": {"uv": [0.5, 12.5, 1, 13], "texture": "#texture"},
				"south": {"uv": [0.5, 12.5, 1, 13], "texture": "#texture"},
				"west": {"uv": [0.5, 12.5, 1, 13], "texture": "#texture"},
				"up": {"uv": [0.5, 12.5, 1, 13], "texture": "#texture"},
				"down": {"uv": [0.5, 12.5, 1, 13], "texture": "#texture"}
			}
		},
		{
			"from": [0.5, 4, 20],
			"to": [2.5, 6, 21],
			"rotation": {"angle": 0, "axis": "y", "origin": [31, 17, 11]},
			"faces": {
				"north": {"uv": [0.5, 12.5, 1, 13], "texture": "#texture"},
				"east": {"uv": [0.5, 12.5, 1, 13], "texture": "#texture"},
				"south": {"uv": [0.5, 12.5, 1, 13], "texture": "#texture"},
				"west": {"uv": [0.5, 12.5, 1, 13], "texture": "#texture"},
				"up": {"uv": [0.5, 12.5, 1, 13], "texture": "#texture"},
				"down": {"uv": [0.5, 12.5, 1, 13], "texture": "#texture"}
			}
		},
		{
			"from": [12.5, 4, 20],
			"to": [13.5, 5, 21],
			"rotation": {"angle": 0, "axis": "y", "origin": [21, 17, 11]},
			"faces": {
				"north": {"uv": [0.5, 12.5, 1, 13], "texture": "#texture"},
				"east": {"uv": [0.5, 12.5, 1, 13], "texture": "#texture"},
				"south": {"uv": [0.5, 12.5, 1, 13], "texture": "#texture"},
				"west": {"uv": [0.5, 12.5, 1, 13], "texture": "#texture"},
				"up": {"uv": [0.5, 12.5, 1, 13], "texture": "#texture"},
				"down": {"uv": [0.5, 12.5, 1, 13], "texture": "#texture"}
			}
		},
		{
			"from": [10.5, 4, 20],
			"to": [11.5, 5, 21],
			"rotation": {"angle": 0, "axis": "y", "origin": [31, 17, 11]},
			"faces": {
				"north": {"uv": [0.5, 12.5, 1, 13], "texture": "#texture"},
				"east": {"uv": [0.5, 12.5, 1, 13], "texture": "#texture"},
				"south": {"uv": [0.5, 12.5, 1, 13], "texture": "#texture"},
				"west": {"uv": [0.5, 12.5, 1, 13], "texture": "#texture"},
				"up": {"uv": [0.5, 12.5, 1, 13], "texture": "#texture"},
				"down": {"uv": [0.5, 12.5, 1, 13], "texture": "#texture"}
			}
		},
		{
			"from": [14.5, 8, 20],
			"to": [15.5, 12, 21],
			"rotation": {"angle": 0, "axis": "y", "origin": [9, 17, 11]},
			"faces": {
				"north": {"uv": [0.5, 12.5, 1, 13], "texture": "#texture"},
				"east": {"uv": [0.5, 12.5, 1, 13], "texture": "#texture"},
				"south": {"uv": [0.5, 12.5, 1, 13], "texture": "#texture"},
				"west": {"uv": [0.5, 12.5, 1, 13], "texture": "#texture"},
				"up": {"uv": [0.5, 12.5, 1, 13], "texture": "#texture"},
				"down": {"uv": [0.5, 12.5, 1, 13], "texture": "#texture"}
			}
		},
		{
			"from": [0.5, 8, 20],
			"to": [1.5, 12, 21],
			"rotation": {"angle": 0, "axis": "y", "origin": [21, 17, 11]},
			"faces": {
				"north": {"uv": [0.5, 12.5, 1, 13], "texture": "#texture"},
				"east": {"uv": [0.5, 12.5, 1, 13], "texture": "#texture"},
				"south": {"uv": [0.5, 12.5, 1, 13], "texture": "#texture"},
				"west": {"uv": [0.5, 12.5, 1, 13], "texture": "#texture"},
				"up": {"uv": [0.5, 12.5, 1, 13], "texture": "#texture"},
				"down": {"uv": [0.5, 12.5, 1, 13], "texture": "#texture"}
			}
		},
		{
			"from": [3.5, 14, 20],
			"to": [12.5, 15, 21],
			"rotation": {"angle": 0, "axis": "y", "origin": [9, 17, 11]},
			"faces": {
				"north": {"uv": [0.5, 12.5, 1, 13], "texture": "#texture"},
				"east": {"uv": [0.5, 12.5, 1, 13], "texture": "#texture"},
				"south": {"uv": [0.5, 12.5, 1, 13], "texture": "#texture"},
				"west": {"uv": [0.5, 12.5, 1, 13], "texture": "#texture"},
				"up": {"uv": [0.5, 12.5, 1, 13], "texture": "#texture"},
				"down": {"uv": [0.5, 12.5, 1, 13], "texture": "#texture"}
			}
		},
		{
			"from": [14.5, 12, 15],
			"to": [15.5, 14, 20],
			"rotation": {"angle": 0, "axis": "y", "origin": [23, 17, 11]},
			"faces": {
				"north": {"uv": [0.5, 12.5, 1, 13], "texture": "#texture"},
				"east": {"uv": [0.5, 12.5, 1, 13], "texture": "#texture"},
				"south": {"uv": [0.5, 12.5, 1, 13], "texture": "#texture"},
				"west": {"uv": [0.5, 12.5, 1, 13], "texture": "#texture"},
				"up": {"uv": [0.5, 12.5, 1, 13], "texture": "#texture"},
				"down": {"uv": [0.5, 12.5, 1, 13], "texture": "#texture"}
			}
		},
		{
			"from": [-0.5, 4, 15],
			"to": [0.5, 6, 20],
			"rotation": {"angle": 0, "axis": "y", "origin": [24, 9, 11]},
			"faces": {
				"north": {"uv": [0.5, 12.5, 1, 13], "texture": "#texture"},
				"east": {"uv": [0.5, 12.5, 1, 13], "texture": "#texture"},
				"south": {"uv": [0.5, 12.5, 1, 13], "texture": "#texture"},
				"west": {"uv": [0.5, 12.5, 1, 13], "texture": "#texture"},
				"up": {"uv": [0.5, 12.5, 1, 13], "texture": "#texture"},
				"down": {"uv": [0.5, 12.5, 1, 13], "texture": "#texture"}
			}
		},
		{
			"from": [0.5, 6, 15],
			"to": [1.5, 8, 20],
			"rotation": {"angle": 0, "axis": "y", "origin": [8, 9, 11]},
			"faces": {
				"north": {"uv": [0.5, 12.5, 1, 13], "texture": "#texture"},
				"east": {"uv": [0.5, 12.5, 1, 13], "texture": "#texture"},
				"south": {"uv": [0.5, 12.5, 1, 13], "texture": "#texture"},
				"west": {"uv": [0.5, 12.5, 1, 13], "texture": "#texture"},
				"up": {"uv": [0.5, 12.5, 1, 13], "texture": "#texture"},
				"down": {"uv": [0.5, 12.5, 1, 13], "texture": "#texture"}
			}
		},
		{
			"from": [0.5, 4, 15],
			"to": [1.5, 6, 16],
			"rotation": {"angle": 0, "axis": "y", "origin": [8, 9, 11]},
			"faces": {
				"north": {"uv": [0.5, 12.5, 1, 13], "texture": "#texture"},
				"east": {"uv": [0.5, 12.5, 1, 13], "texture": "#texture"},
				"south": {"uv": [0.5, 12.5, 1, 13], "texture": "#texture"},
				"west": {"uv": [0.5, 12.5, 1, 13], "texture": "#texture"},
				"up": {"uv": [0.5, 12.5, 1, 13], "texture": "#texture"},
				"down": {"uv": [0.5, 12.5, 1, 13], "texture": "#texture"}
			}
		},
		{
			"from": [0.5, 8, 15],
			"to": [1.5, 12, 16],
			"rotation": {"angle": 0, "axis": "y", "origin": [8, 9, 11]},
			"faces": {
				"north": {"uv": [0.5, 12.5, 1, 13], "texture": "#texture"},
				"east": {"uv": [0.5, 12.5, 1, 13], "texture": "#texture"},
				"south": {"uv": [0.5, 12.5, 1, 13], "texture": "#texture"},
				"west": {"uv": [0.5, 12.5, 1, 13], "texture": "#texture"},
				"up": {"uv": [0.5, 12.5, 1, 13], "texture": "#texture"},
				"down": {"uv": [0.5, 12.5, 1, 13], "texture": "#texture"}
			}
		},
		{
			"from": [14.5, 8, 15],
			"to": [15.5, 12, 16],
			"rotation": {"angle": 0, "axis": "y", "origin": [8, 9, 11]},
			"faces": {
				"north": {"uv": [0.5, 12.5, 1, 13], "texture": "#texture"},
				"east": {"uv": [0.5, 12.5, 1, 13], "texture": "#texture"},
				"south": {"uv": [0.5, 12.5, 1, 13], "texture": "#texture"},
				"west": {"uv": [0.5, 12.5, 1, 13], "texture": "#texture"},
				"up": {"uv": [0.5, 12.5, 1, 13], "texture": "#texture"},
				"down": {"uv": [0.5, 12.5, 1, 13], "texture": "#texture"}
			}
		},
		{
			"from": [14.5, 4, 15],
			"to": [15.5, 6, 16],
			"rotation": {"angle": 0, "axis": "y", "origin": [8, 9, 11]},
			"faces": {
				"north": {"uv": [0.5, 12.5, 1, 13], "texture": "#texture"},
				"east": {"uv": [0.5, 12.5, 1, 13], "texture": "#texture"},
				"south": {"uv": [0.5, 12.5, 1, 13], "texture": "#texture"},
				"west": {"uv": [0.5, 12.5, 1, 13], "texture": "#texture"},
				"up": {"uv": [0.5, 12.5, 1, 13], "texture": "#texture"},
				"down": {"uv": [0.5, 12.5, 1, 13], "texture": "#texture"}
			}
		},
		{
			"from": [14.5, 6, 15],
			"to": [15.5, 8, 20],
			"rotation": {"angle": 0, "axis": "y", "origin": [24, 9, 11]},
			"faces": {
				"north": {"uv": [0.5, 12.5, 1, 13], "texture": "#texture"},
				"east": {"uv": [0.5, 12.5, 1, 13], "texture": "#texture"},
				"south": {"uv": [0.5, 12.5, 1, 13], "texture": "#texture"},
				"west": {"uv": [0.5, 12.5, 1, 13], "texture": "#texture"},
				"up": {"uv": [0.5, 12.5, 1, 13], "texture": "#texture"},
				"down": {"uv": [0.5, 12.5, 1, 13], "texture": "#texture"}
			}
		},
		{
			"from": [15.5, 8, 15],
			"to": [16.5, 12, 20],
			"rotation": {"angle": 0, "axis": "y", "origin": [24, 9, 11]},
			"faces": {
				"north": {"uv": [0.5, 12.5, 1, 13], "texture": "#texture"},
				"east": {"uv": [0.5, 12.5, 1, 13], "texture": "#texture"},
				"south": {"uv": [0.5, 12.5, 1, 13], "texture": "#texture"},
				"west": {"uv": [0.5, 12.5, 1, 13], "texture": "#texture"},
				"up": {"uv": [0.5, 12.5, 1, 13], "texture": "#texture"},
				"down": {"uv": [0.5, 12.5, 1, 13], "texture": "#texture"}
			}
		},
		{
			"from": [-0.5, 8, 15],
			"to": [0.5, 12, 20],
			"rotation": {"angle": 0, "axis": "y", "origin": [24, 9, 11]},
			"faces": {
				"north": {"uv": [0.5, 12.5, 1, 13], "texture": "#texture"},
				"east": {"uv": [0.5, 12.5, 1, 13], "texture": "#texture"},
				"south": {"uv": [0.5, 12.5, 1, 13], "texture": "#texture"},
				"west": {"uv": [0.5, 12.5, 1, 13], "texture": "#texture"},
				"up": {"uv": [0.5, 12.5, 1, 13], "texture": "#texture"},
				"down": {"uv": [0.5, 12.5, 1, 13], "texture": "#texture"}
			}
		},
		{
			"from": [0.5, 3, 15],
			"to": [2.5, 4, 20],
			"rotation": {"angle": 0, "axis": "y", "origin": [8, 9, 11]},
			"faces": {
				"north": {"uv": [0.5, 12.5, 1, 13], "texture": "#texture"},
				"east": {"uv": [0.5, 12.5, 1, 13], "texture": "#texture"},
				"south": {"uv": [0.5, 12.5, 1, 13], "texture": "#texture"},
				"west": {"uv": [0.5, 12.5, 1, 13], "texture": "#texture"},
				"up": {"uv": [0.5, 12.5, 1, 13], "texture": "#texture"},
				"down": {"uv": [0.5, 12.5, 1, 13], "texture": "#texture"}
			}
		},
		{
			"from": [4.5, 1, 15],
			"to": [11.5, 2, 20],
			"rotation": {"angle": 0, "axis": "y", "origin": [8, 9, 11]},
			"faces": {
				"north": {"uv": [0.5, 12.5, 1, 13], "texture": "#texture"},
				"east": {"uv": [0.5, 12.5, 1, 13], "texture": "#texture"},
				"south": {"uv": [0.5, 12.5, 1, 13], "texture": "#texture"},
				"west": {"uv": [0.5, 12.5, 1, 13], "texture": "#texture"},
				"up": {"uv": [0.5, 12.5, 1, 13], "texture": "#texture"},
				"down": {"uv": [0.5, 12.5, 1, 13], "texture": "#texture"}
			}
		},
		{
			"from": [1.5, 4, 15],
			"to": [14.5, 14, 16],
			"faces": {
				"north": {"uv": [0.5, 12.5, 1, 13], "texture": "#texture"},
				"east": {"uv": [0.5, 12.5, 1, 13], "texture": "#texture"},
				"south": {"uv": [0.5, 12.5, 1, 13], "texture": "#texture"},
				"west": {"uv": [0.5, 12.5, 1, 13], "texture": "#texture"},
				"up": {"uv": [0.5, 12.5, 1, 13], "texture": "#texture"},
				"down": {"uv": [0.5, 12.5, 1, 13], "texture": "#texture"}
			}
		},
		{
			"from": [2.5, 3, 15],
			"to": [13.5, 4, 16],
			"faces": {
				"north": {"uv": [0.5, 12.5, 1, 13], "texture": "#texture"},
				"east": {"uv": [0.5, 12.5, 1, 13], "texture": "#texture"},
				"south": {"uv": [0.5, 12.5, 1, 13], "texture": "#texture"},
				"west": {"uv": [0.5, 12.5, 1, 13], "texture": "#texture"},
				"up": {"uv": [0.5, 12.5, 1, 13], "texture": "#texture"},
				"down": {"uv": [0.5, 12.5, 1, 13], "texture": "#texture"}
			}
		},
		{
			"from": [3.5, 14, 15],
			"to": [12.5, 15, 16],
			"faces": {
				"north": {"uv": [0.5, 12.5, 1, 13], "texture": "#texture"},
				"east": {"uv": [0.5, 12.5, 1, 13], "texture": "#texture"},
				"south": {"uv": [0.5, 12.5, 1, 13], "texture": "#texture"},
				"west": {"uv": [0.5, 12.5, 1, 13], "texture": "#texture"},
				"up": {"uv": [0.5, 12.5, 1, 13], "texture": "#texture"},
				"down": {"uv": [0.5, 12.5, 1, 13], "texture": "#texture"}
			}
		},
		{
			"from": [4.5, 2, 15],
			"to": [11.5, 3, 16],
			"faces": {
				"north": {"uv": [0.5, 12.5, 1, 13], "texture": "#texture"},
				"east": {"uv": [0.5, 12.5, 1, 13], "texture": "#texture"},
				"south": {"uv": [0.5, 12.5, 1, 13], "texture": "#texture"},
				"west": {"uv": [0.5, 12.5, 1, 13], "texture": "#texture"},
				"up": {"uv": [0.5, 12.5, 1, 13], "texture": "#texture"},
				"down": {"uv": [0.5, 12.5, 1, 13], "texture": "#texture"}
			}
		},
		{
			"from": [11.5, 9, 20],
			"to": [13.5, 11, 21],
			"faces": {
				"north": {"uv": [0.5, 14, 1, 14.5], "texture": "#texture"},
				"east": {"uv": [0.5, 14, 1, 14.5], "texture": "#texture"},
				"south": {"uv": [0.5, 14, 1, 14.5], "texture": "#texture"},
				"west": {"uv": [0.5, 14, 1, 14.5], "texture": "#texture"},
				"up": {"uv": [0.5, 14, 1, 14.5], "texture": "#texture"},
				"down": {"uv": [0.5, 14, 1, 14.5], "texture": "#texture"}
			}
		},
		{
			"from": [12.5, 10, 21],
			"to": [14.5, 12, 22],
			"faces": {
				"north": {"uv": [0.5, 14, 1, 14.5], "texture": "#texture"},
				"east": {"uv": [0.5, 14, 1, 14.5], "texture": "#texture"},
				"south": {"uv": [0.5, 14, 1, 14.5], "texture": "#texture"},
				"west": {"uv": [0.5, 14, 1, 14.5], "texture": "#texture"},
				"up": {"uv": [0.5, 14, 1, 14.5], "texture": "#texture"},
				"down": {"uv": [0.5, 14, 1, 14.5], "texture": "#texture"}
			}
		},
		{
			"from": [13.5, 12, 21],
			"to": [15.5, 14, 22],
			"faces": {
				"north": {"uv": [0.5, 14, 1, 14.5], "texture": "#texture"},
				"east": {"uv": [0.5, 14, 1, 14.5], "texture": "#texture"},
				"south": {"uv": [0.5, 14, 1, 14.5], "texture": "#texture"},
				"west": {"uv": [0.5, 14, 1, 14.5], "texture": "#texture"},
				"up": {"uv": [0.5, 14, 1, 14.5], "texture": "#texture"},
				"down": {"uv": [0.5, 14, 1, 14.5], "texture": "#texture"}
			}
		},
		{
			"from": [14.5, 11, 21],
			"to": [15.5, 12, 22],
			"faces": {
				"north": {"uv": [0.5, 14, 1, 14.5], "texture": "#texture"},
				"east": {"uv": [0.5, 14, 1, 14.5], "texture": "#texture"},
				"south": {"uv": [0.5, 14, 1, 14.5], "texture": "#texture"},
				"west": {"uv": [0.5, 14, 1, 14.5], "texture": "#texture"},
				"up": {"uv": [0.5, 14, 1, 14.5], "texture": "#texture"},
				"down": {"uv": [0.5, 14, 1, 14.5], "texture": "#texture"}
			}
		}
	],
	"display": {
		"gui": {
			"rotation": [-30, 135, 0],
			"translation": [0, -0.5, 0]
		},
		"head": {
			"rotation": [0, 180, 0],
			"translation": [0, 0, 2.2],
			"scale": [1.2, 1.2, 1.2]
		},
		"fixed": {
			"rotation": [0, 180, 0],
			"translation": [0, -0.8, 3.8]
		}
	},
	"groups": [
		{
			"name": "group",
			"origin": [8, 8, 8],
			"children": [0, 1, 2, 3, 4, 5]
		},
		{
			"name": "group",
			"origin": [8, 8, 8],
			"children": [6, 7, 8, 9, 10, 11, 12, 13, 14, 15, 16, 17, 18, 19, 20, 21, 22, 23, 24, 25, 26, 27, 28, 29, 30, 31, 32, 33, 34, 35, 36, 37, 38, 39, 40, 41, 42, 43, 44, 45, 46, 47, 48, 49, 50, 51, 52, 53]
		}, 54, 55, 56, 57]
}