{
	"__comment": "Designed by Cryptic with Cubik Studio - https://cubik.studio",
	"textures": {
		"particle": "blocks/particle",
		"texture": "blocks/texture",
		"painter_boss": "blocks/painter_boss"
	},
	"elements": [ 	 
		{
			"__comment": "Voxels",
			"from": [ 9, 12, -0.5 ],
			"to": [ 15, 13, 16.5 ],
			"rotation": { "origin": [ 9, 12, -0.5 ], "axis": "z", "angle": -45 },
			"faces": {
				"down": { "uv": [ 8.25, 11.75, 9.75, 16 ], "texture": "#painter_boss" },
				"up": { "uv": [ 9.75, 16, 11.25, 11.75 ], "texture": "#painter_boss" },
				"north": { "uv": [ 7.75, 11.5, 6.25, 11.75 ], "texture": "#painter_boss" },
				"south": { "uv": [ 6.25, 11.25, 7.75, 11.5 ], "texture": "#painter_boss" },
				"west": { "uv": [ 11.25, 11.5, 15.5, 11.75 ], "texture": "#painter_boss" },
				"east": { "uv": [ 15.5, 11.25, 11.25, 11.5 ], "texture": "#painter_boss" }
			}
		},
		{
			"__comment": "Voxels",
			"from": [ 10, 12, -0.5 ],
			"to": [ 14, 13, 16.5 ],
			"rotation": { "origin": [ 10, 12, -0.5 ], "axis": "z", "angle": -45 },
			"faces": {
				"down": { "uv": [ 11.25, 11.75, 12.25, 16 ], "texture": "#painter_boss" },
				"up": { "uv": [ 12.25, 16, 13.25, 11.75 ], "texture": "#painter_boss" },
				"north": { "uv": [ 7.75, 10.25, 6.75, 10.5 ], "texture": "#painter_boss" },
				"south": { "uv": [ 6.75, 10, 7.75, 10.25 ], "texture": "#painter_boss" },
				"west": { "uv": [ 11.25, 10.5, 15.5, 10.75 ], "texture": "#painter_boss" },
				"east": { "uv": [ 15.5, 10.25, 11.25, 10.5 ], "texture": "#painter_boss" }
			}
		},
		{
			"__comment": "Voxels",
			"from": [ 11, 11.5, -0.5 ],
			"to": [ 13, 12.5, 16.5 ],
			"rotation": { "origin": [ 11, 11.5, -0.5 ], "axis": "z", "angle": -45 },
			"faces": {
				"down": { "uv": [ 13.25, 11.75, 13.75, 16 ], "texture": "#painter_boss" },
				"up": { "uv": [ 13.75, 16, 14.25, 11.75 ], "texture": "#painter_boss" },
				"north": { "uv": [ 6.25, 9.25, 5.75, 9.5 ], "texture": "#painter_boss" },
				"south": { "uv": [ 5.75, 9.5, 6.25, 9.75 ], "texture": "#painter_boss" },
				"west": { "uv": [ 11.25, 11, 15.5, 11.25 ], "texture": "#painter_boss" },
				"east": { "uv": [ 15.5, 10.75, 11.25, 11 ], "texture": "#painter_boss" }
			}
		},
		{
			"__comment": "Voxels",
			"from": [ 12, 12, 4.5 ],
			"to": [ 13.5, 15.5, 5.5 ],
			"rotation": { "origin": [ 12, 12, 4.5 ], "axis": "z", "angle": -45 },
			"faces": {
				"down": { "uv": [ 5.75, 10.5, 6.25, 10.75 ], "texture": "#painter_boss" },
				"up": { "uv": [ 5.75, 10.5, 6.25, 10.25 ], "texture": "#painter_boss" },
				"north": { "uv": [ 7.25, 10.5, 6.75, 11.25 ], "texture": "#painter_boss" },
				"south": { "uv": [ 7.25, 10.5, 7.75, 11.25 ], "texture": "#painter_boss" },
				"west": { "uv": [ 4, 10.75, 4.25, 11.5 ], "texture": "#painter_boss" },
				"east": { "uv": [ 4.25, 10, 4, 10.75 ], "texture": "#painter_boss" }
			}
		},
		{
			"__comment": "Voxels",
			"from": [ 12, 12, 10.5 ],
			"to": [ 13.5, 15.5, 11.5 ],
			"rotation": { "origin": [ 12, 12, 10.5 ], "axis": "z", "angle": -45 },
			"faces": {
				"down": { "uv": [ 7.75, 11.25, 8.25, 11.5 ], "texture": "#painter_boss" },
				"up": { "uv": [ 7.75, 11.75, 8.25, 11.5 ], "texture": "#painter_boss" },
				"north": { "uv": [ 6, 11, 5.5, 11.75 ], "texture": "#painter_boss" },
				"south": { "uv": [ 4.25, 8, 4.75, 8.75 ], "texture": "#painter_boss" },
				"west": { "uv": [ 4, 9.25, 4.25, 10 ], "texture": "#painter_boss" },
				"east": { "uv": [ 6.25, 11, 6, 11.75 ], "texture": "#painter_boss" }
			}
		},
		{
			"__comment": "Voxels",
			"from": [ 13.5, 14.5, 5.5 ],
			"to": [ 15.5, 15.5, 10.5 ],
			"rotation": { "origin": [ 13.5, 14.5, 5.5 ], "axis": "z", "angle": -45 },
			"faces": {
				"down": { "uv": [ 2, 8, 2.5, 9.25 ], "texture": "#painter_boss" },
				"up": { "uv": [ 2.5, 9.25, 3, 8 ], "texture": "#painter_boss" },
				"north": { "uv": [ 6.25, 10, 5.75, 10.25 ], "texture": "#painter_boss" },
				"south": { "uv": [ 5.75, 9.75, 6.25, 10 ], "texture": "#painter_boss" },
				"west": { "uv": [ 3, 8, 4.25, 8.25 ], "texture": "#painter_boss" },
				"east": { "uv": [ 4.25, 8.25, 3, 8.5 ], "texture": "#painter_boss" }
			}
		},
		{
			"__comment": "Box17",
			"from": [ 13, 16, 6 ],
			"to": [ 17.5, 20.5, 10 ],
			"rotation": { "origin": [ 13, 16, 10 ], "axis": "z", "angle": -45 },
			"faces": {
				"down": { "uv": [ 4.5, 9.5, 5.5, 10.5 ], "texture": "#painter_boss", "rotation": 90 },
				"up": { "uv": [ 4.5, 9.5, 5.5, 10.5 ], "texture": "#painter_boss", "rotation": 270 },
				"north": { "uv": [ 4.5, 9.5, 5.5, 10.5 ], "texture": "#painter_boss" },
				"south": { "uv": [ 4.5, 9.5, 5.5, 10.5 ], "texture": "#painter_boss" },
				"west": { "uv": [ 4.5, 9.5, 5.5, 10.5 ], "texture": "#painter_boss" },
				"east": { "uv": [ 4.5, 9.5, 5.5, 10.5 ], "texture": "#painter_boss" }
			}
		},
		{
			"__comment": "Box17",
			"from": [ 11.8852, 17.5, 6.2426 ],
			"to": [ 15.8852, 18.5, 9.742599 ],
			"rotation": { "origin": [ 12, 17.5, 6 ], "axis": "z", "angle": -45 },
			"faces": {
				"down": { "uv": [ 4.5, 9.5, 5.5, 10.5 ], "texture": "#painter_boss" },
				"up": { "uv": [ 4.5, 9.5, 5.5, 10.5 ], "texture": "#painter_boss" },
				"north": { "uv": [ 4.5, 9.5, 5.5, 10.5 ], "texture": "#painter_boss" },
				"south": { "uv": [ 4.5, 9.5, 5.5, 10.5 ], "texture": "#painter_boss" },
				"west": { "uv": [ 4.5, 9.5, 5.5, 10.5 ], "texture": "#painter_boss" },
				"east": { "uv": [ 4.5, 9.5, 5.5, 10.5 ], "texture": "#painter_boss" }
			}
		},
		{
			"__comment": "Box19",
			"from": [ 4.5, 1.5, -1 ],
			"to": [ 11.5, 5, 0 ],
			"faces": {
				"down": { "uv": [ 5, 13, 8, 15 ], "texture": "#painter_boss" },
				"up": { "uv": [ 5, 13, 8, 15 ], "texture": "#painter_boss" },
				"north": { "uv": [ 6, 13, 8, 15.5 ], "texture": "#painter_boss" },
				"south": { "uv": [ 6, 13, 8, 15.5 ], "texture": "#painter_boss" },
				"west": { "uv": [ 5, 12.5, 10.5, 16 ], "texture": "#painter_boss" },
				"east": { "uv": [ 5.5, 12.5, 11, 16 ], "texture": "#painter_boss" }
			}
		},
		{
			"__comment": "Box10",
			"from": [ 3.5, 4.5, 0 ],
			"to": [ 4.5, 5, 3.5 ],
			"faces": {
				"down": { "uv": [ 0.5, 14.5, 1, 15 ], "texture": "#painter_boss" },
				"up": { "uv": [ 0.5, 14.5, 1, 15 ], "texture": "#painter_boss" },
				"north": { "uv": [ 0.5, 14.5, 1, 15 ], "texture": "#painter_boss" },
				"south": { "uv": [ 0.5, 14.5, 1, 15 ], "texture": "#painter_boss" },
				"west": { "uv": [ 0.5, 14.5, 1, 15 ], "texture": "#painter_boss" },
				"east": { "uv": [ 0.5, 14.5, 1, 15 ], "texture": "#painter_boss" }
			}
		},
		{
			"__comment": "Box11",
			"from": [ 3.5, 4.5, 12.5 ],
			"to": [ 4.5, 5, 16 ],
			"faces": {
				"down": { "uv": [ 0.5, 14.5, 1, 15 ], "texture": "#painter_boss" },
				"up": { "uv": [ 0.5, 14.5, 1, 15 ], "texture": "#painter_boss" },
				"north": { "uv": [ 0.5, 14.5, 1, 15 ], "texture": "#painter_boss" },
				"south": { "uv": [ 0.5, 14.5, 1, 15 ], "texture": "#painter_boss" },
				"west": { "uv": [ 0.5, 14.5, 1, 15 ], "texture": "#painter_boss" },
				"east": { "uv": [ 0.5, 14.5, 1, 15 ], "texture": "#painter_boss" }
			}
		},
		{
			"__comment": "Box12",
			"from": [ 3.5, 4.5, 6.5 ],
			"to": [ 4.5, 6, 7.5 ],
			"faces": {
				"down": { "uv": [ 0.5, 14.5, 1, 15 ], "texture": "#painter_boss" },
				"up": { "uv": [ 0.5, 14.5, 1, 15 ], "texture": "#painter_boss" },
				"north": { "uv": [ 0.5, 14.5, 1, 15 ], "texture": "#painter_boss" },
				"south": { "uv": [ 0.5, 14.5, 1, 15 ], "texture": "#painter_boss" },
				"west": { "uv": [ 0.5, 14.5, 1, 15 ], "texture": "#painter_boss" },
				"east": { "uv": [ 0.5, 14.5, 1, 15 ], "texture": "#painter_boss" }
			}
		},
		{
			"__comment": "Box13",
			"from": [ 3.5, 4.5, 8.5 ],
			"to": [ 4.5, 6, 9.5 ],
			"faces": {
				"down": { "uv": [ 0.5, 14.5, 1, 15 ], "texture": "#painter_boss" },
				"up": { "uv": [ 0.5, 14.5, 1, 15 ], "texture": "#painter_boss" },
				"north": { "uv": [ 0.5, 14.5, 1, 15 ], "texture": "#painter_boss" },
				"south": { "uv": [ 0.5, 14.5, 1, 15 ], "texture": "#painter_boss" },
				"west": { "uv": [ 0.5, 14.5, 1, 15 ], "texture": "#painter_boss" },
				"east": { "uv": [ 0.5, 14.5, 1, 15 ], "texture": "#painter_boss" }
			}
		},
		{
			"__comment": "Box14",
			"from": [ 3.5, 4.5, 7.5 ],
			"to": [ 4.5, 5, 8.5 ],
			"faces": {
				"down": { "uv": [ 0.5, 14.5, 1, 15 ], "texture": "#painter_boss" },
				"up": { "uv": [ 0.5, 14.5, 1, 15 ], "texture": "#painter_boss" },
				"north": { "uv": [ 0.5, 14.5, 1, 15 ], "texture": "#painter_boss" },
				"south": { "uv": [ 0.5, 14.5, 1, 15 ], "texture": "#painter_boss" },
				"west": { "uv": [ 0.5, 14.5, 1, 15 ], "texture": "#painter_boss" },
				"east": { "uv": [ 0.5, 14.5, 1, 15 ], "texture": "#painter_boss" }
			}
		},
		{
			"__comment": "Box15",
			"from": [ 4, 4.7, -1 ],
			"to": [ 4.5, 5.7, 0 ],
			"faces": {
				"down": { "uv": [ 1, 12.5, 1.5, 13 ], "texture": "#painter_boss" },
				"up": { "uv": [ 1, 12.5, 1.5, 13 ], "texture": "#painter_boss" },
				"north": { "uv": [ 1, 12.5, 1.5, 13 ], "texture": "#painter_boss" },
				"south": { "uv": [ 1, 12.5, 1.5, 13 ], "texture": "#painter_boss" },
				"west": { "uv": [ 1, 12.5, 1.5, 13 ], "texture": "#painter_boss" },
				"east": { "uv": [ 1, 12.5, 1.5, 13 ], "texture": "#painter_boss" }
			}
		},
		{
			"__comment": "Box16",
			"from": [ 4.5, 4.7, -1.5 ],
			"to": [ 11.5, 5.7, -1 ],
			"faces": {
				"down": { "uv": [ 1, 12.5, 1.5, 13 ], "texture": "#painter_boss" },
				"up": { "uv": [ 1, 12.5, 1.5, 13 ], "texture": "#painter_boss" },
				"north": { "uv": [ 1, 12.5, 1.5, 13 ], "texture": "#painter_boss" },
				"south": { "uv": [ 1, 12.5, 1.5, 13 ], "texture": "#painter_boss" },
				"west": { "uv": [ 1, 12.5, 1.5, 13 ], "texture": "#painter_boss" },
				"east": { "uv": [ 1, 12.5, 1.5, 13 ], "texture": "#painter_boss" }
			}
		},
		{
			"__comment": "Box16",
			"from": [ 4.5, 4.7, 17 ],
			"to": [ 11.5, 5.7, 17.5 ],
			"faces": {
				"down": { "uv": [ 1, 12.5, 1.5, 13 ], "texture": "#painter_boss" },
				"up": { "uv": [ 1, 12.5, 1.5, 13 ], "texture": "#painter_boss" },
				"north": { "uv": [ 1, 12.5, 1.5, 13 ], "texture": "#painter_boss" },
				"south": { "uv": [ 1, 12.5, 1.5, 13 ], "texture": "#painter_boss" },
				"west": { "uv": [ 1, 12.5, 1.5, 13 ], "texture": "#painter_boss" },
				"east": { "uv": [ 1, 12.5, 1.5, 13 ], "texture": "#painter_boss" }
			}
		},
		{
			"__comment": "Box18",
			"from": [ 11.5, 4.5, 0.5 ],
			"to": [ 12, 6, 3 ],
			"faces": {
				"down": { "uv": [ 3, 14.5, 3.5, 15 ], "texture": "#painter_boss" },
				"up": { "uv": [ 3, 14.5, 3.5, 15 ], "texture": "#painter_boss" },
				"north": { "uv": [ 3, 14.5, 3.5, 15 ], "texture": "#painter_boss" },
				"south": { "uv": [ 3, 14.5, 3.5, 15 ], "texture": "#painter_boss" },
				"west": { "uv": [ 3, 14.5, 3.5, 15 ], "texture": "#painter_boss" },
				"east": { "uv": [ 3, 14.5, 3.5, 15 ], "texture": "#painter_boss" }
			}
		},
		{
			"__comment": "Box18",
			"from": [ 11.5, 4.5, 13 ],
			"to": [ 12, 6, 15.5 ],
			"faces": {
				"down": { "uv": [ 3, 14.5, 3.5, 15 ], "texture": "#painter_boss" },
				"up": { "uv": [ 3, 14.5, 3.5, 15 ], "texture": "#painter_boss" },
				"north": { "uv": [ 3, 14.5, 3.5, 15 ], "texture": "#painter_boss" },
				"south": { "uv": [ 3, 14.5, 3.5, 15 ], "texture": "#painter_boss" },
				"west": { "uv": [ 3, 14.5, 3.5, 15 ], "texture": "#painter_boss" },
				"east": { "uv": [ 3, 14.5, 3.5, 15 ], "texture": "#painter_boss" }
			}
		},
		{
			"__comment": "Box15",
			"from": [ 4, 4.7, 3.5 ],
			"to": [ 4.5, 5.7, 6.5 ],
			"faces": {
				"down": { "uv": [ 1, 12.5, 1.5, 13 ], "texture": "#painter_boss" },
				"up": { "uv": [ 1, 12.5, 1.5, 13 ], "texture": "#painter_boss" },
				"north": { "uv": [ 1, 12.5, 1.5, 13 ], "texture": "#painter_boss" },
				"south": { "uv": [ 1, 12.5, 1.5, 13 ], "texture": "#painter_boss" },
				"west": { "uv": [ 1, 12.5, 1.5, 13 ], "texture": "#painter_boss" },
				"east": { "uv": [ 1, 12.5, 1.5, 13 ], "texture": "#painter_boss" }
			}
		},
		{
			"__comment": "Box15",
			"from": [ 4, 4.7, 9.5 ],
			"to": [ 4.5, 5.7, 12.5 ],
			"faces": {
				"down": { "uv": [ 1, 12.5, 1.5, 13 ], "texture": "#painter_boss" },
				"up": { "uv": [ 1, 12.5, 1.5, 13 ], "texture": "#painter_boss" },
				"north": { "uv": [ 1, 12.5, 1.5, 13 ], "texture": "#painter_boss" },
				"south": { "uv": [ 1, 12.5, 1.5, 13 ], "texture": "#painter_boss" },
				"west": { "uv": [ 1, 12.5, 1.5, 13 ], "texture": "#painter_boss" },
				"east": { "uv": [ 1, 12.5, 1.5, 13 ], "texture": "#painter_boss" }
			}
		},
		{
			"__comment": "Box15",
			"from": [ 4, 4.7, 16 ],
			"to": [ 4.5, 5.7, 17 ],
			"faces": {
				"down": { "uv": [ 1, 12.5, 1.5, 13 ], "texture": "#painter_boss" },
				"up": { "uv": [ 1, 12.5, 1.5, 13 ], "texture": "#painter_boss" },
				"north": { "uv": [ 1, 12.5, 1.5, 13 ], "texture": "#painter_boss" },
				"south": { "uv": [ 1, 12.5, 1.5, 13 ], "texture": "#painter_boss" },
				"west": { "uv": [ 1, 12.5, 1.5, 13 ], "texture": "#painter_boss" },
				"east": { "uv": [ 1, 12.5, 1.5, 13 ], "texture": "#painter_boss" }
			}
		},
		{
			"__comment": "Box19",
			"from": [ 6.5, 10, -1 ],
			"to": [ 13.5, 13.5, 17 ],
			"rotation": { "origin": [ 6.5, 10, -1 ], "axis": "z", "angle": -45 },
			"faces": {
				"down": { "uv": [ 5, 13, 8, 15 ], "texture": "#painter_boss" },
				"up": { "uv": [ 5, 13, 8, 15 ], "texture": "#painter_boss" },
				"north": { "uv": [ 6, 13, 8, 15.5 ], "texture": "#painter_boss" },
				"south": { "uv": [ 6, 13, 8, 15.5 ], "texture": "#painter_boss" },
				"west": { "uv": [ 5, 12.5, 10.5, 16 ], "texture": "#painter_boss" },
				"east": { "uv": [ 5.5, 12.5, 11, 16 ], "texture": "#painter_boss" }
			}
		},
		{
			"__comment": "Box10",
			"from": [ 6, 10, 0 ],
			"to": [ 7, 11, 3.5 ],
			"rotation": { "origin": [ 6, 10, 0 ], "axis": "z", "angle": -45 },
			"faces": {
				"down": { "uv": [ 0.5, 14.5, 1, 15 ], "texture": "#painter_boss" },
				"up": { "uv": [ 0.5, 14.5, 1, 15 ], "texture": "#painter_boss" },
				"north": { "uv": [ 0.5, 14.5, 1, 15 ], "texture": "#painter_boss" },
				"south": { "uv": [ 0.5, 14.5, 1, 15 ], "texture": "#painter_boss" },
				"west": { "uv": [ 0.5, 14.5, 1, 15 ], "texture": "#painter_boss" },
				"east": { "uv": [ 0.5, 14.5, 1, 15 ], "texture": "#painter_boss" }
			}
		},
		{
			"__comment": "Box10",
			"from": [ 6, 10, 12.5 ],
			"to": [ 7, 11, 16 ],
			"rotation": { "origin": [ 6, 10, 12.5 ], "axis": "z", "angle": -45 },
			"faces": {
				"down": { "uv": [ 0.5, 14.5, 1, 15 ], "texture": "#painter_boss" },
				"up": { "uv": [ 0.5, 14.5, 1, 15 ], "texture": "#painter_boss" },
				"north": { "uv": [ 0.5, 14.5, 1, 15 ], "texture": "#painter_boss" },
				"south": { "uv": [ 0.5, 14.5, 1, 15 ], "texture": "#painter_boss" },
				"west": { "uv": [ 0.5, 14.5, 1, 15 ], "texture": "#painter_boss" },
				"east": { "uv": [ 0.5, 14.5, 1, 15 ], "texture": "#painter_boss" }
			}
		},
		{
			"__comment": "Box19",
			"from": [ 4.5, 1.5, 16 ],
			"to": [ 10.5, 5, 17 ],
			"faces": {
				"down": { "uv": [ 5, 13, 13, 15 ], "texture": "#painter_boss", "rotation": 90 },
				"up": { "uv": [ 5, 13, 8, 15 ], "texture": "#painter_boss", "rotation": 270 },
				"north": { "uv": [ 5.5, 12.5, 11, 16 ], "texture": "#painter_boss" },
				"south": { "uv": [ 5, 13, 13, 15 ], "texture": "#painter_boss" },
				"west": { "uv": [ 5, 13, 13, 15 ], "texture": "#painter_boss" },
				"east": { "uv": [ 6, 13, 8, 15.5 ], "texture": "#painter_boss", "rotation": 270 }
			}
		},
		{
			"__comment": "Box19",
			"from": [ 4, 1.5, -1 ],
			"to": [ 5, 4.7, 17 ],
			"faces": {
				"down": { "uv": [ 5, 13, 13, 15 ], "texture": "#painter_boss", "rotation": 90 },
				"up": { "uv": [ 5, 13, 8, 15 ], "texture": "#painter_boss", "rotation": 270 },
				"north": { "uv": [ 5.5, 12.5, 11, 16 ], "texture": "#painter_boss" },
				"south": { "uv": [ 5, 13, 13, 15 ], "texture": "#painter_boss" },
				"west": { "uv": [ 5, 13, 13, 15 ], "texture": "#painter_boss" },
				"east": { "uv": [ 6, 13, 8, 15.5 ], "texture": "#painter_boss", "rotation": 270 }
			}
		},
		{
			"__comment": "Box19",
			"from": [ 10.5, 1.5, -1 ],
			"to": [ 11.5, 5, 17 ],
			"faces": {
				"down": { "uv": [ 5, 13, 13, 15 ], "texture": "#painter_boss", "rotation": 90 },
				"up": { "uv": [ 5, 13, 8, 15 ], "texture": "#painter_boss", "rotation": 270 },
				"north": { "uv": [ 6, 12.5, 11.5, 16 ], "texture": "#painter_boss" },
				"south": { "uv": [ 8.5, 13.5, 11, 15.5 ], "texture": "#painter_boss" },
				"west": { "uv": [ 8.5, 13.5, 11, 15.5 ], "texture": "#painter_boss" },
				"east": { "uv": [ 8, 13.5, 10, 16 ], "texture": "#painter_boss", "rotation": 270 }
			}
		},
		{
			"__comment": "Box19",
			"from": [ 5, 1.5, -1 ],
			"to": [ 10.5, 2.5, 16 ],
			"faces": {
				"down": { "uv": [ 5, 13, 13, 15 ], "texture": "#painter_boss", "rotation": 90 },
				"up": { "uv": [ 5, 13, 8, 15 ], "texture": "#painter_boss", "rotation": 270 },
				"north": { "uv": [ 6, 12.5, 11.5, 16 ], "texture": "#painter_boss" },
				"south": { "uv": [ 8.5, 13.5, 11, 15.5 ], "texture": "#painter_boss" },
				"west": { "uv": [ 8.5, 13.5, 11, 15.5 ], "texture": "#painter_boss" },
				"east": { "uv": [ 8, 13.5, 10, 16 ], "texture": "#painter_boss", "rotation": 270 }
			}
		}
	],
"display": {
    "thirdperson": {
        "rotation": [ 0, 92, -146 ],
        "translation": [ 0, 0, -2 ],
        "scale": [ 0.5, 0.5, 0.5 ]
    },
    "head": {
        "rotation": [ 0, -90, 0 ],
        "translation": [ 0, 3.1, 0.2 ],
        "scale": [ 2.33, 2.11, 1.5 ]
    },
    "ground": {
        "rotation": [ 0, 0, 0 ],
        "translation": [ 0, 0, 0 ],
        "scale": [ 1, 1, 1 ]
    },
    "fixed": {
        "rotation": [ 0, -90, 0 ],
        "translation": [ 0, 0, 0 ],
        "scale": [ 1.17, 1.51, 1.45 ]
    },
    "firstperson": {
        "rotation": [ 0, -105, 0 ],
        "translation": [ 0, 0, 0 ],
        "scale": [ 1, 1, 1 ]
    },
    "gui": {
        "rotation": [ 0, -135, -30 ],
        "translation": [ 0, -1.2, 0 ],
        "scale": [ 1.1, 1.26, 1.17 ]
    }
}
}