{
  "Bulk.active": {
    "category": "master",
    "sounds": [
      "Bulk/active"
    ]
  },
  "Bulk.car.impact": {
    "category": "master",
    "sounds": [
      "Bulk/car_impact"
    ]
  },
  "Bulk.charge": {
    "category": "master",
    "sounds": [
      "Bulk/charge"
    ]
  },
  "Bulk.crystal": {
    "category": "master",
    "sounds": [
      "Bulk/crystal"
    ]
  },
  "Bulk.pain": {
    "category": "master",
    "sounds": [
      "Bulk/pain1",
      "Bulk/pain2"
    ]
  },
  "Bulk.passive": {
    "category": "master",
    "sounds": [
      "Bulk/passive"
    ]
  },
  "Bulk.select": {
    "category": "master",
    "sounds": [
      "Bulk/select"
    ]
  },
  "Bulk.smashed": {
    "category": "master",
    "sounds": [
      "Bulk/smashed"
    ]
  },
  "Bulk.taunt": {
    "category": "master",
    "sounds": [
      "Bulk/taunt"
    ]
  }
}
