{
"__comment": "Designed by Hypixel minecraft server with BDcraft Cubik PRO 0.90 Beta - http://bdcraft.net",
"textures": {
    "particle": "blocks/ghostrideranim",
    "texture": "blocks/ghostrideranim"
},
"elements": [ 
{
    "from": [ 7, 2.5, 12.5 ],
    "to": [ 9, 4, 14.5 ],
    "faces": {
        "south": { "uv": [ 8.5, 12, 9, 13.5 ], "texture": "#texture" },
        "west":  { "uv": [ 8.5, 12, 9, 13.5 ], "texture": "#texture" },
        "east":  { "uv": [ 8.5, 12, 9, 13.5 ], "texture": "#texture" }
    }
},
{
    "from": [ 6.5, 2.5, 12 ],
    "to": [ 9.5, 4, 14 ],
    "faces": {
        "up":    { "uv": [ 8.5, 12, 9, 12.5 ], "texture": "#texture" },
        "north": { "uv": [ 8.5, 12, 9, 13.5 ], "texture": "#texture" },
        "south": { "uv": [ 8.5, 12, 9, 13.5 ], "texture": "#texture" },
        "west":  { "uv": [ 8.5, 12, 9, 13.5 ], "texture": "#texture" },
        "east":  { "uv": [ 8.5, 12, 9, 13.5 ], "texture": "#texture" }
    }
},
{
    "from": [ 6, 3, 12 ],
    "to": [ 10, 4, 13 ],
    "faces": {
        "down":  { "uv": [ 5.5, 12.5, 6, 12 ], "texture": "#texture" },
        "up":    { "uv": [ 5.5, 12, 6, 12.5 ], "texture": "#texture" },
        "north": { "uv": [ 5.5, 12, 6, 12.5 ], "texture": "#texture" },
        "south": { "uv": [ 5.5, 12.5, 6, 12 ], "texture": "#texture" },
        "west":  { "uv": [ 5.5, 12, 6, 12.5 ], "texture": "#texture" },
        "east":  { "uv": [ 6, 12, 5.5, 12.5 ], "texture": "#texture" }
    }
},
{
    "from": [ 4.5, 2, 11.5 ],
    "to": [ 11.5, 5, 12.5 ],
    "faces": {
        "down":  { "uv": [ 4.5, 13.5, 11.5, 14 ], "texture": "#texture" },
        "up":    { "uv": [ 4.5, 11, 11.5, 11.5 ], "texture": "#texture" },
        "north": { "uv": [ 11.5, 11, 4.5, 14 ], "texture": "#texture" },
        "south": { "uv": [ 4.5, 11, 11.5, 14 ], "texture": "#texture" },
        "west":  { "uv": [ 4.5, 11, 5, 14 ], "texture": "#texture" },
        "east":  { "uv": [ 11, 11, 11.5, 14 ], "texture": "#texture" }
    }
},
{
    "from": [ 6.5, 4, 12.5 ],
    "to": [ 9.5, 5, 14.5 ],
    "faces": {
        "down":  { "uv": [ 6.5, 12.5, 9.5, 14.5 ], "texture": "#texture" },
        "up":    { "uv": [ 6.5, 12.5, 9.5, 14.5 ], "texture": "#texture" },
        "south": { "uv": [ 6.5, 11, 9.5, 12 ], "texture": "#texture" },
        "west":  { "uv": [ 7.5, 11, 9.5, 12 ], "texture": "#texture" },
        "east":  { "uv": [ 6.5, 11, 8.5, 12 ], "texture": "#texture" }
    }
},
{
    "from": [ 7, 3.5, 14.5 ],
    "to": [ 8, 4.5, 15 ],
    "faces": {
        "down":  { "uv": [ 7.5, 12, 8.5, 12.5 ], "texture": "#texture" },
        "north": { "uv": [ 8.5, 11.5, 7.5, 12.5 ], "texture": "#texture" },
        "south": { "uv": [ 7.5, 11.5, 8.5, 12.5 ], "texture": "#texture" },
        "west":  { "uv": [ 7.5, 11.5, 8, 12.5 ], "texture": "#texture" },
        "east":  { "uv": [ 8, 11.5, 8.5, 12.5 ], "texture": "#texture" }
    }
},
{
    "from": [ 9.5, 3.5, 13 ],
    "to": [ 10, 4.5, 13.5 ],
    "faces": {
        "down":  { "uv": [ 7.5, 12, 8, 11.5 ], "texture": "#texture" },
        "north": { "uv": [ 7.5, 11.5, 8, 12 ], "texture": "#texture" },
        "south": { "uv": [ 7.5, 12, 8, 11.5 ], "texture": "#texture" },
        "west":  { "uv": [ 7.5, 11.5, 8, 12 ], "texture": "#texture" },
        "east":  { "uv": [ 8, 11.5, 7.5, 12 ], "texture": "#texture" }
    }
},
{
    "from": [ 6, 3.5, 13 ],
    "to": [ 6.5, 4.5, 13.5 ],
    "faces": {
        "down":  { "uv": [ 7.5, 12, 8, 11.5 ], "texture": "#texture" },
        "north": { "uv": [ 7.5, 11.5, 8, 12 ], "texture": "#texture" },
        "south": { "uv": [ 7.5, 12, 8, 11.5 ], "texture": "#texture" },
        "west":  { "uv": [ 7.5, 11.5, 8, 12 ], "texture": "#texture" },
        "east":  { "uv": [ 8, 11.5, 7.5, 12 ], "texture": "#texture" }
    }
},
{
    "from": [ 8.5, 3.5, 14.5 ],
    "to": [ 9, 4.5, 15 ],
    "faces": {
        "down":  { "uv": [ 7.5, 12, 8, 11.5 ], "texture": "#texture" },
        "north": { "uv": [ 7.5, 11.5, 8, 12 ], "texture": "#texture" },
        "south": { "uv": [ 7.5, 12, 8, 11.5 ], "texture": "#texture" },
        "west":  { "uv": [ 7.5, 11.5, 8, 12 ], "texture": "#texture" },
        "east":  { "uv": [ 8, 11.5, 7.5, 12 ], "texture": "#texture" }
    }
},
{
    "from": [ 6, 3.5, 14 ],
    "to": [ 6.5, 4.5, 14.5 ],
    "faces": {
        "down":  { "uv": [ 7.5, 12, 8, 11.5 ], "texture": "#texture" },
        "north": { "uv": [ 7.5, 11.5, 8, 12 ], "texture": "#texture" },
        "south": { "uv": [ 7.5, 12, 8, 11.5 ], "texture": "#texture" },
        "west":  { "uv": [ 7.5, 11.5, 8, 12 ], "texture": "#texture" },
        "east":  { "uv": [ 8, 11.5, 7.5, 12 ], "texture": "#texture" }
    }
},
{
    "from": [ 6, 4.5, 12.5 ],
    "to": [ 6.5, 5.5, 14.5 ],
    "faces": {
        "down":  { "uv": [ 6.5, 11.5, 8.5, 12 ], "rotation": 270, "texture": "#texture" },
        "up":    { "uv": [ 6.5, 11.5, 8.5, 12 ], "rotation": 90, "texture": "#texture" },
        "south": { "uv": [ 8, 11.5, 8.5, 12.5 ], "texture": "#texture" },
        "west":  { "uv": [ 6.5, 11.5, 8.5, 12.5 ], "texture": "#texture" },
        "east":  { "uv": [ 8.5, 11.5, 6.5, 12.5 ], "texture": "#texture" }
    }
},
{
    "from": [ 9.5, 4.5, 12.5 ],
    "to": [ 10, 5.5, 14.5 ],
    "faces": {
        "down":  { "uv": [ 6.5, 11.5, 8.5, 12 ], "rotation": 270, "texture": "#texture" },
        "up":    { "uv": [ 6.5, 11.5, 8.5, 12 ], "rotation": 90, "texture": "#texture" },
        "south": { "uv": [ 8, 11.5, 8.5, 12.5 ], "texture": "#texture" },
        "west":  { "uv": [ 6.5, 11.5, 8.5, 12.5 ], "texture": "#texture" },
        "east":  { "uv": [ 8.5, 11.5, 6.5, 12.5 ], "texture": "#texture" }
    }
},
{
    "from": [ 6.5, 4.5, 14.5 ],
    "to": [ 9.5, 5.5, 15 ],
    "faces": {
        "down":  { "uv": [ 6.5, 11, 9.5, 11.5 ], "texture": "#texture" },
        "up":    { "uv": [ 6.5, 10.5, 9.5, 11 ], "texture": "#texture" },
        "north": { "uv": [ 9.5, 10.5, 6.5, 11.5 ], "texture": "#texture" },
        "south": { "uv": [ 6.5, 10.5, 9.5, 11.5 ], "texture": "#texture" },
        "west":  { "uv": [ 6.5, 10.5, 7, 11.5 ], "texture": "#texture" },
        "east":  { "uv": [ 6.5, 10.5, 7, 11.5 ], "texture": "#texture" }
    }
},
{
    "from": [ 5, 5, 12 ],
    "to": [ 6, 6, 13.5 ],
    "faces": {
        "down":  { "uv": [ 5, 10, 6, 10.5 ], "texture": "#texture" },
        "up":    { "uv": [ 5, 10, 6, 10.5 ], "texture": "#texture" },
        "north": { "uv": [ 6, 10, 5, 11 ], "texture": "#texture" },
        "south": { "uv": [ 6, 10, 5, 11 ], "texture": "#texture" },
        "west":  { "uv": [ 5.5, 10, 6, 11 ], "texture": "#texture" },
        "east":  { "uv": [ 5, 10, 5.5, 11 ], "texture": "#texture" }
    }
},
{
    "from": [ 5.5, 4.5, 13 ],
    "to": [ 6, 5.5, 14 ],
    "faces": {
        "down":  { "uv": [ 6.5, 10.5, 7, 11.5 ], "texture": "#texture" },
        "up":    { "uv": [ 6.5, 11.5, 7, 10.5 ], "texture": "#texture" },
        "north": { "uv": [ 6.5, 11.5, 7, 12.5 ], "texture": "#texture" },
        "south": { "uv": [ 7, 11.5, 7.5, 12.5 ], "texture": "#texture" },
        "west":  { "uv": [ 6.5, 11.5, 7.5, 12.5 ], "texture": "#texture" }
    }
},
{
    "from": [ 10, 4.5, 13 ],
    "to": [ 10.5, 5.5, 14 ],
    "faces": {
        "down":  { "uv": [ 6.5, 10.5, 7, 11.5 ], "texture": "#texture" },
        "up":    { "uv": [ 6.5, 11.5, 7, 10.5 ], "texture": "#texture" },
        "north": { "uv": [ 6.5, 11.5, 7, 12.5 ], "texture": "#texture" },
        "south": { "uv": [ 7, 11.5, 7.5, 12.5 ], "texture": "#texture" },
        "east":  { "uv": [ 7.5, 11.5, 6.5, 12.5 ], "texture": "#texture" }
    }
},
{
    "from": [ 10, 5, 12 ],
    "to": [ 11, 6, 13.5 ],
    "faces": {
        "down":  { "uv": [ 5, 10.5, 6, 11 ], "texture": "#texture" },
        "up":    { "uv": [ 5, 10, 6, 10.5 ], "texture": "#texture" },
        "north": { "uv": [ 6, 10, 5, 11 ], "texture": "#texture" },
        "south": { "uv": [ 6, 10, 5, 11 ], "texture": "#texture" },
        "west":  { "uv": [ 5.5, 10, 6, 11 ], "texture": "#texture" },
        "east":  { "uv": [ 5, 10, 5.5, 11 ], "texture": "#texture" }
    }
},
{
    "from": [ 8, 2, 14.5 ],
    "to": [ 9, 3, 15 ],
    "faces": {
        "up":    { "uv": [ 7.5, 11.5, 8.5, 12 ], "texture": "#texture" },
        "north": { "uv": [ 8.5, 11.5, 7.5, 12.5 ], "texture": "#texture" },
        "south": { "uv": [ 7.5, 11.5, 8.5, 12.5 ], "texture": "#texture" },
        "west":  { "uv": [ 7.5, 11.5, 8, 12.5 ], "texture": "#texture" },
        "east":  { "uv": [ 8, 11.5, 8.5, 12.5 ], "texture": "#texture" }
    }
},
{
    "from": [ 7, 2, 14.5 ],
    "to": [ 7.5, 3, 15 ],
    "faces": {
        "up":    { "uv": [ 7.5, 11.5, 8, 12 ], "texture": "#texture" },
        "north": { "uv": [ 7.5, 11.5, 8, 12 ], "texture": "#texture" },
        "south": { "uv": [ 7.5, 12, 8, 11.5 ], "texture": "#texture" },
        "west":  { "uv": [ 7.5, 11.5, 8, 12 ], "texture": "#texture" },
        "east":  { "uv": [ 8, 11.5, 7.5, 12 ], "texture": "#texture" }
    }
},
{
    "from": [ 9.5, 2, 13.5 ],
    "to": [ 10, 3, 14 ],
    "faces": {
        "up":    { "uv": [ 7.5, 11.5, 8, 12 ], "texture": "#texture" },
        "north": { "uv": [ 7.5, 11.5, 8, 12 ], "texture": "#texture" },
        "south": { "uv": [ 7.5, 12, 8, 11.5 ], "texture": "#texture" },
        "west":  { "uv": [ 7.5, 11.5, 8, 12 ], "texture": "#texture" },
        "east":  { "uv": [ 8, 11.5, 7.5, 12 ], "texture": "#texture" }
    }
},
{
    "from": [ 6, 2, 13.5 ],
    "to": [ 6.5, 3, 14 ],
    "faces": {
        "up":    { "uv": [ 7.5, 11.5, 8, 12 ], "texture": "#texture" },
        "north": { "uv": [ 7.5, 11.5, 8, 12 ], "texture": "#texture" },
        "south": { "uv": [ 7.5, 12, 8, 11.5 ], "texture": "#texture" },
        "west":  { "uv": [ 7.5, 11.5, 8, 12 ], "texture": "#texture" },
        "east":  { "uv": [ 8, 11.5, 7.5, 12 ], "texture": "#texture" }
    }
},
{
    "from": [ 6, 2, 12.5 ],
    "to": [ 6.5, 3, 13 ],
    "faces": {
        "south": { "uv": [ 7.5, 12, 8, 11.5 ], "texture": "#texture" },
        "west":  { "uv": [ 7.5, 11.5, 8, 12 ], "texture": "#texture" },
        "east":  { "uv": [ 8, 11.5, 7.5, 12 ], "texture": "#texture" }
    }
},
{
    "from": [ 6.5, 5.5, 13.5 ],
    "to": [ 9.5, 6.5, 14.5 ],
    "faces": {
        "down":  { "uv": [ 6.5, 10, 9.5, 10.5 ], "texture": "#texture" },
        "up":    { "uv": [ 6.5, 9.5, 9.5, 10 ], "texture": "#texture" },
        "south": { "uv": [ 6.5, 9.5, 9.5, 10.5 ], "texture": "#texture" },
        "west":  { "uv": [ 8.5, 9.5, 9.5, 10.5 ], "texture": "#texture" },
        "east":  { "uv": [ 6.5, 9.5, 7.5, 10.5 ], "texture": "#texture" }
    }
},
{
    "from": [ 8.5, 5.5, 14.5 ],
    "to": [ 9, 6, 15 ],
    "faces": {
        "up":    { "uv": [ 7, 10, 7.5, 10.5 ], "texture": "#texture" },
        "south": { "uv": [ 7, 10.5, 7.5, 10 ], "texture": "#texture" },
        "west":  { "uv": [ 7, 10, 7.5, 10.5 ], "texture": "#texture" },
        "east":  { "uv": [ 7.5, 10, 7, 10.5 ], "texture": "#texture" }
    }
},
{
    "from": [ 7, 5.5, 14.5 ],
    "to": [ 7.5, 6, 15 ],
    "faces": {
        "up":    { "uv": [ 7, 10, 7.5, 10.5 ], "texture": "#texture" },
        "south": { "uv": [ 7, 10.5, 7.5, 10 ], "texture": "#texture" },
        "west":  { "uv": [ 7, 10, 7.5, 10.5 ], "texture": "#texture" },
        "east":  { "uv": [ 7.5, 10, 7, 10.5 ], "texture": "#texture" }
    }
},
{
    "from": [ 7.5, 6, 14.5 ],
    "to": [ 8.5, 6.5, 15 ],
    "faces": {
        "down":  { "uv": [ 7, 10.5, 7.5, 10 ], "texture": "#texture" },
        "up":    { "uv": [ 7, 10, 7.5, 10.5 ], "texture": "#texture" },
        "south": { "uv": [ 7, 10.5, 7.5, 10 ], "texture": "#texture" },
        "west":  { "uv": [ 7, 10, 7.5, 10.5 ], "texture": "#texture" },
        "east":  { "uv": [ 7.5, 10, 7, 10.5 ], "texture": "#texture" }
    }
},
{
    "from": [ 6, 5.5, 11.5 ],
    "to": [ 10, 6.5, 13.5 ],
    "faces": {
        "down":  { "uv": [ 6, 10, 10, 10.5 ], "texture": "#texture" },
        "up":    { "uv": [ 6, 9.5, 10, 10 ], "texture": "#texture" },
        "north": { "uv": [ 6, 9.5, 10, 10.5 ], "texture": "#texture" },
        "south": { "uv": [ 6, 9.5, 10, 10.5 ], "texture": "#texture" },
        "west":  { "uv": [ 6, 9.5, 6.5, 10.5 ], "texture": "#texture" },
        "east":  { "uv": [ 9.5, 9.5, 10, 10.5 ], "texture": "#texture" }
    }
},
{
    "from": [ 4.5, 5.5, 11.5 ],
    "to": [ 11.5, 8.5, 12.5 ],
    "faces": {
        "down":  { "uv": [ 4.5, 10, 11.5, 10.5 ], "texture": "#texture" },
        "north": { "uv": [ 11.5, 7.5, 4.5, 10.5 ], "texture": "#texture" },
        "south": { "uv": [ 4.5, 7.5, 11.5, 10.5 ], "texture": "#texture" },
        "west":  { "uv": [ 4.5, 7.5, 5, 10.5 ], "texture": "#texture" },
        "east":  { "uv": [ 11, 7.5, 11.5, 10.5 ], "texture": "#texture" }
    }
},
{
    "from": [ 7, 6.5, 14 ],
    "to": [ 9, 7, 14.5 ],
    "faces": {
        "up":    { "uv": [ 7, 8.5, 7.5, 9 ], "texture": "#texture" },
        "south": { "uv": [ 7, 9, 7.5, 8.5 ], "texture": "#texture" },
        "west":  { "uv": [ 7, 8.5, 7.5, 9 ], "texture": "#texture" },
        "east":  { "uv": [ 7.5, 8.5, 7, 9 ], "texture": "#texture" }
    }
},
{
    "from": [ 7.5, 7, 14 ],
    "to": [ 8.5, 7.5, 14.5 ],
    "faces": {
        "up":    { "uv": [ 7, 8.5, 7.5, 9 ], "texture": "#texture" },
        "south": { "uv": [ 7, 9, 7.5, 8.5 ], "texture": "#texture" },
        "west":  { "uv": [ 7, 8.5, 7.5, 9 ], "texture": "#texture" },
        "east":  { "uv": [ 7.5, 8.5, 7, 9 ], "texture": "#texture" }
    }
},
{
    "from": [ 7, 6.5, 11.5 ],
    "to": [ 9, 8, 14 ],
    "faces": {
        "down":  { "uv": [ 7, 9, 9, 9.5 ], "texture": "#texture" },
        "up":    { "uv": [ 7, 8, 9, 8.5 ], "texture": "#texture" },
        "north": { "uv": [ 7, 8, 9, 9.5 ], "texture": "#texture" },
        "south": { "uv": [ 7, 8, 9, 9.5 ], "texture": "#texture" },
        "west":  { "uv": [ 7, 8, 7.5, 9.5 ], "texture": "#texture" },
        "east":  { "uv": [ 8.5, 8, 9, 9.5 ], "texture": "#texture" }
    }
},
{
    "from": [ 6.5, 6.5, 11.5 ],
    "to": [ 9.5, 9.5, 13.5 ],
    "faces": {
        "up":    { "uv": [ 6.5, 6.5, 9.5, 7 ], "texture": "#texture" },
        "north": { "uv": [ 9.5, 6.5, 6.5, 9.5 ], "texture": "#texture" },
        "south": { "uv": [ 6.5, 6.5, 9.5, 9.5 ], "texture": "#texture" },
        "west":  { "uv": [ 6.5, 6.5, 7, 9.5 ], "texture": "#texture" },
        "east":  { "uv": [ 9, 6.5, 9.5, 9.5 ], "texture": "#texture" }
    }
},
{
    "from": [ 6, 6.5, 11.5 ],
    "to": [ 10, 8, 13 ],
    "faces": {
        "north": { "uv": [ 6, 8, 10, 9.5 ], "texture": "#texture" },
        "south": { "uv": [ 6, 8, 10, 9.5 ], "texture": "#texture" },
        "west":  { "uv": [ 6, 8, 6.5, 9.5 ], "texture": "#texture" },
        "east":  { "uv": [ 9.5, 8, 10, 9.5 ], "texture": "#texture" }
    }
},
{
    "from": [ 5.5, 8, 11.5 ],
    "to": [ 10.5, 9.5, 13.5 ],
    "faces": {
        "down":  { "uv": [ 5.5, 7.5, 10.5, 8 ], "texture": "#texture" },
        "up":    { "uv": [ 5.5, 6.5, 10.5, 7 ], "texture": "#texture" },
        "south": { "uv": [ 5.5, 6.5, 10.5, 8 ], "texture": "#texture" },
        "west":  { "uv": [ 5.5, 6.5, 6, 8 ], "texture": "#texture" },
        "east":  { "uv": [ 10, 6.5, 10.5, 8 ], "texture": "#texture" }
    }
},
{
    "from": [ 6.5, 8, 13.5 ],
    "to": [ 7.5, 8.5, 14 ],
    "faces": {
        "down":  { "uv": [ 6.5, 8, 7.5, 7.5 ], "texture": "#texture" },
        "south": { "uv": [ 6.5, 8, 7.5, 7.5 ], "texture": "#texture" },
        "west":  { "uv": [ 6.5, 7.5, 7, 8 ], "texture": "#texture" },
        "east":  { "uv": [ 7.5, 7.5, 7, 8 ], "texture": "#texture" }
    }
},
{
    "from": [ 8.5, 8, 13.5 ],
    "to": [ 9.5, 8.5, 14 ],
    "faces": {
        "down":  { "uv": [ 6.5, 8, 7.5, 7.5 ], "texture": "#texture" },
        "south": { "uv": [ 6.5, 8, 7.5, 7.5 ], "texture": "#texture" },
        "west":  { "uv": [ 6.5, 7.5, 7, 8 ], "texture": "#texture" },
        "east":  { "uv": [ 7.5, 7.5, 7, 8 ], "texture": "#texture" }
    }
},
{
    "from": [ 5, 8, 12.5 ],
    "to": [ 11, 8.5, 13 ],
    "faces": {
        "down":  { "uv": [ 4.5, 8, 11.5, 7.5 ], "texture": "#texture" },
        "south": { "uv": [ 4.5, 8, 11.5, 7.5 ], "texture": "#texture" },
        "west":  { "uv": [ 4.5, 7.5, 5, 8 ], "texture": "#texture" },
        "east":  { "uv": [ 11.5, 7.5, 11, 8 ], "texture": "#texture" }
    }
},
{
    "from": [ 6, 8.5, 13 ],
    "to": [ 7.5, 9, 14 ],
    "faces": {
        "down":  { "uv": [ 6, 7.5, 7.5, 7 ], "texture": "#texture" },
        "up":    { "uv": [ 6, 7, 7.5, 7.5 ], "texture": "#texture" },
        "south": { "uv": [ 6, 7.5, 7.5, 7 ], "texture": "#texture" },
        "west":  { "uv": [ 6, 7, 6.5, 7.5 ], "texture": "#texture" },
        "east":  { "uv": [ 7.5, 7, 7, 7.5 ], "texture": "#texture" }
    }
},
{
    "from": [ 8.5, 8.5, 13 ],
    "to": [ 10, 9, 14 ],
    "faces": {
        "down":  { "uv": [ 8.5, 7.5, 10, 7 ], "texture": "#texture" },
        "up":    { "uv": [ 8.5, 7, 10, 7.5 ], "texture": "#texture" },
        "south": { "uv": [ 8.5, 7.5, 10, 7 ], "texture": "#texture" },
        "west":  { "uv": [ 8.5, 7, 9, 7.5 ], "texture": "#texture" },
        "east":  { "uv": [ 10, 7, 9.5, 7.5 ], "texture": "#texture" }
    }
},
{
    "from": [ 5.5, 9, 13 ],
    "to": [ 7, 9.5, 14 ],
    "faces": {
        "down":  { "uv": [ 5.5, 6.5, 7, 7 ], "texture": "#texture" },
        "up":    { "uv": [ 5.5, 6.5, 7, 7 ], "texture": "#texture" },
        "south": { "uv": [ 5.5, 6.5, 7, 7 ], "texture": "#texture" },
        "west":  { "uv": [ 5.5, 6.5, 6, 7 ], "texture": "#texture" },
        "east":  { "uv": [ 6.5, 6.5, 7, 7 ], "texture": "#texture" }
    }
},
{
    "from": [ 9, 9, 13 ],
    "to": [ 10.5, 9.5, 14 ],
    "faces": {
        "down":  { "uv": [ 9, 7, 10.5, 6.5 ], "texture": "#texture" },
        "up":    { "uv": [ 9, 6.5, 10.5, 7 ], "texture": "#texture" },
        "south": { "uv": [ 9, 7, 10.5, 6.5 ], "texture": "#texture" },
        "west":  { "uv": [ 9, 6.5, 9.5, 7 ], "texture": "#texture" },
        "east":  { "uv": [ 10.5, 6.5, 10, 7 ], "texture": "#texture" }
    }
},
{
    "from": [ 5, 8.5, 11.5 ],
    "to": [ 11, 9.5, 13.5 ],
    "faces": {
        "down":  { "uv": [ 5, 7, 11, 7.5 ], "texture": "#texture" },
        "up":    { "uv": [ 5, 6.5, 11, 7 ], "texture": "#texture" },
        "south": { "uv": [ 5, 6.5, 11, 7.5 ], "texture": "#texture" },
        "west":  { "uv": [ 5, 6.5, 5.5, 7.5 ], "texture": "#texture" },
        "east":  { "uv": [ 10.5, 6.5, 11, 7.5 ], "texture": "#texture" }
    }
},
{
    "from": [ 4.5, 8.5, 11.5 ],
    "to": [ 11.5, 9.5, 13 ],
    "faces": {
        "down":  { "uv": [ 4.5, 7, 11.5, 7.5 ], "texture": "#texture" },
        "south": { "uv": [ 4.5, 6.5, 11.5, 7.5 ], "texture": "#texture" }
    }
},
{
    "from": [ 4, 7, 11.5 ],
    "to": [ 4.5, 9.5, 13 ],
    "faces": {
        "up":    { "uv": [ 4, 6.5, 4.5, 7 ], "texture": "#texture" },
        "north": { "uv": [ 4, 6.5, 4.5, 9 ], "texture": "#texture" },
        "south": { "uv": [ 4, 6.5, 4.5, 9 ], "texture": "#texture" },
        "west":  { "uv": [ 4, 6.5, 4.5, 9 ], "texture": "#texture" },
        "east":  { "uv": [ 4, 6.5, 4.5, 9 ], "texture": "#texture" }
    }
},
{
    "from": [ 11.5, 7, 11.5 ],
    "to": [ 12, 9.5, 13 ],
    "faces": {
        "up":    { "uv": [ 4, 6.5, 4.5, 7 ], "texture": "#texture" },
        "north": { "uv": [ 4, 6.5, 4.5, 9 ], "texture": "#texture" },
        "south": { "uv": [ 4, 6.5, 4.5, 9 ], "texture": "#texture" },
        "west":  { "uv": [ 4, 6.5, 4.5, 9 ], "texture": "#texture" },
        "east":  { "uv": [ 4, 6.5, 4.5, 9 ], "texture": "#texture" }
    }
},
{
    "from": [ 3.5, 6, 11.5 ],
    "to": [ 4.5, 7, 13 ],
    "faces": {
        "down":  { "uv": [ 3.5, 9.5, 4.5, 10 ], "texture": "#texture" },
        "up":    { "uv": [ 3.5, 9, 4.5, 9.5 ], "texture": "#texture" },
        "north": { "uv": [ 4.5, 9, 3.5, 10 ], "texture": "#texture" },
        "south": { "uv": [ 3.5, 9, 4.5, 10 ], "texture": "#texture" },
        "west":  { "uv": [ 3.5, 9, 4, 10 ], "texture": "#texture" },
        "east":  { "uv": [ 4, 9, 4.5, 10 ], "texture": "#texture" }
    }
},
{
    "from": [ 11.5, 6, 11.5 ],
    "to": [ 12.5, 7, 13 ],
    "faces": {
        "down":  { "uv": [ 11.5, 9.5, 12.5, 10 ], "texture": "#texture" },
        "up":    { "uv": [ 11.5, 9, 12.5, 9.5 ], "texture": "#texture" },
        "north": { "uv": [ 12.5, 9, 11.5, 10 ], "texture": "#texture" },
        "south": { "uv": [ 11.5, 9, 12.5, 10 ], "texture": "#texture" },
        "west":  { "uv": [ 11.5, 9, 12, 10 ], "texture": "#texture" },
        "east":  { "uv": [ 12, 9, 12.5, 10 ], "texture": "#texture" }
    }
},
{
    "from": [ 4.5, 5.5, 12 ],
    "to": [ 5, 6.5, 13 ],
    "faces": {
        "down":  { "uv": [ 4.5, 10.5, 5, 10 ], "texture": "#texture" },
        "up":    { "uv": [ 4.5, 10, 5, 10.5 ], "texture": "#texture" },
        "north": { "uv": [ 4.5, 10, 5, 10.5 ], "texture": "#texture" },
        "south": { "uv": [ 4.5, 10.5, 5, 10 ], "texture": "#texture" },
        "west":  { "uv": [ 4.5, 10, 5, 10.5 ], "texture": "#texture" },
        "east":  { "uv": [ 5, 10, 4.5, 10.5 ], "texture": "#texture" }
    }
},
{
    "from": [ 11, 5.5, 12 ],
    "to": [ 11.5, 6.5, 13 ],
    "faces": {
        "down":  { "uv": [ 4.5, 10.5, 5, 10 ], "texture": "#texture" },
        "up":    { "uv": [ 4.5, 10, 5, 10.5 ], "texture": "#texture" },
        "north": { "uv": [ 4.5, 10, 5, 10.5 ], "texture": "#texture" },
        "south": { "uv": [ 4.5, 10.5, 5, 10 ], "texture": "#texture" },
        "west":  { "uv": [ 4.5, 10, 5, 10.5 ], "texture": "#texture" },
        "east":  { "uv": [ 5, 10, 4.5, 10.5 ], "texture": "#texture" }
    }
},
{
    "from": [ 4, 3, 11.5 ],
    "to": [ 12, 6, 12.5 ],
    "faces": {
        "down":  { "uv": [ 4, 12.5, 12, 13 ], "texture": "#texture" },
        "up":    { "uv": [ 4, 10, 12, 10.5 ], "texture": "#texture" },
        "north": { "uv": [ 12, 10, 4, 13 ], "texture": "#texture" },
        "south": { "uv": [ 4, 10, 12, 13 ], "texture": "#texture" },
        "west":  { "uv": [ 4, 10, 4.5, 13 ], "texture": "#texture" },
        "east":  { "uv": [ 11.5, 10, 12, 13 ], "texture": "#texture" }
    }
},
{
    "from": [ 4.5, 9, 11.5 ],
    "to": [ 7.5, 10.5, 13.5 ],
    "faces": {
        "down":  { "uv": [ 4.5, 6.5, 7.5, 7 ], "texture": "#texture" },
        "up":    { "uv": [ 4.5, 5.5, 7.5, 6 ], "texture": "#texture" },
        "north": { "uv": [ 4.5, 5.5, 7.5, 7 ], "texture": "#texture" },
        "south": { "uv": [ 4.5, 5.5, 7.5, 7 ], "texture": "#texture" },
        "west":  { "uv": [ 5, 5.5, 5.5, 7 ], "texture": "#texture" },
        "east":  { "uv": [ 7, 5.5, 7.5, 7 ], "texture": "#texture" }
    }
},
{
    "from": [ 5, 10.5, 11.5 ],
    "to": [ 7.5, 11, 13.5 ],
    "faces": {
        "up":    { "uv": [ 5, 4.5, 11, 5 ], "texture": "#texture" },
        "south": { "uv": [ 5, 5, 11, 4.5 ], "texture": "#texture" },
        "west":  { "uv": [ 5, 4.5, 5.5, 5 ], "texture": "#texture" },
        "east":  { "uv": [ 11, 4.5, 10.5, 5 ], "texture": "#texture" }
    }
},
{
    "from": [ 5, 9.5, 13 ],
    "to": [ 6.5, 10.5, 14 ],
    "faces": {
        "down":  { "uv": [ 5, 6, 6.5, 6.5 ], "texture": "#texture" },
        "up":    { "uv": [ 5, 5.5, 6.5, 6 ], "texture": "#texture" },
        "south": { "uv": [ 5, 5.5, 6.5, 6.5 ], "texture": "#texture" },
        "west":  { "uv": [ 5, 5.5, 5.5, 6.5 ], "texture": "#texture" },
        "east":  { "uv": [ 5, 5.5, 5.5, 6.5 ], "texture": "#texture" }
    }
},
{
    "from": [ 9.5, 9.5, 13 ],
    "to": [ 11, 10.5, 14 ],
    "faces": {
        "down":  { "uv": [ 9.5, 6, 11, 6.5 ], "texture": "#texture" },
        "up":    { "uv": [ 9.5, 5.5, 11, 6 ], "texture": "#texture" },
        "south": { "uv": [ 9.5, 5.5, 11, 6.5 ], "texture": "#texture" },
        "west":  { "uv": [ 9.5, 5.5, 10, 6.5 ], "texture": "#texture" },
        "east":  { "uv": [ 10.5, 5.5, 11, 6.5 ], "texture": "#texture" }
    }
},
{
    "from": [ 5.5, 10.5, 13 ],
    "to": [ 6.5, 11, 14 ],
    "faces": {
        "up":    { "uv": [ 5.5, 5, 6.5, 5.5 ], "texture": "#texture" },
        "south": { "uv": [ 5.5, 5.5, 6.5, 5 ], "texture": "#texture" },
        "west":  { "uv": [ 5.5, 5, 6, 5.5 ], "texture": "#texture" },
        "east":  { "uv": [ 6.5, 5, 6, 5.5 ], "texture": "#texture" }
    }
},
{
    "from": [ 9.5, 10.5, 13 ],
    "to": [ 10.5, 11, 14 ],
    "faces": {
        "up":    { "uv": [ 9.5, 5, 10.5, 5.5 ], "texture": "#texture" },
        "south": { "uv": [ 9.5, 5.5, 10.5, 5 ], "texture": "#texture" },
        "west":  { "uv": [ 9.5, 5, 10, 5.5 ], "texture": "#texture" },
        "east":  { "uv": [ 10.5, 5, 10, 5.5 ], "texture": "#texture" }
    }
},
{
    "from": [ 8, 10.5, 11.5 ],
    "to": [ 11, 11, 13.5 ],
    "faces": {
        "down":  { "uv": [ 5, 5, 11, 4.5 ], "texture": "#texture" },
        "up":    { "uv": [ 5, 4.5, 11, 5 ], "texture": "#texture" },
        "south": { "uv": [ 5, 5, 11, 4.5 ], "texture": "#texture" },
        "west":  { "uv": [ 5, 4.5, 5.5, 5 ], "texture": "#texture" },
        "east":  { "uv": [ 11, 4.5, 10.5, 5 ], "texture": "#texture" }
    }
},
{
    "from": [ 8.5, 9, 11.5 ],
    "to": [ 11.5, 10.5, 13.5 ],
    "faces": {
        "down":  { "uv": [ 8.5, 6.5, 11.5, 7 ], "texture": "#texture" },
        "up":    { "uv": [ 8.5, 5.5, 11.5, 6 ], "texture": "#texture" },
        "north": { "uv": [ 8.5, 5.5, 11.5, 7 ], "texture": "#texture" },
        "south": { "uv": [ 8.5, 5.5, 11.5, 7 ], "texture": "#texture" },
        "west":  { "uv": [ 8.5, 5.5, 9, 7 ], "texture": "#texture" },
        "east":  { "uv": [ 11, 5.5, 11.5, 7 ], "texture": "#texture" }
    }
},
{
    "from": [ 4.5, 9.5, 11.5 ],
    "to": [ 11.5, 12, 13 ],
    "faces": {
        "up":    { "uv": [ 4.5, 4, 11.5, 4.5 ], "texture": "#texture" },
        "north": { "uv": [ 11.5, 4, 4.5, 6.5 ], "texture": "#texture" },
        "south": { "uv": [ 4.5, 4, 11.5, 6.5 ], "texture": "#texture" },
        "west":  { "uv": [ 4.5, 4, 5, 6.5 ], "texture": "#texture" },
        "east":  { "uv": [ 11, 4, 11.5, 6.5 ], "texture": "#texture" }
    }
},
{
    "from": [ 5.5, 11, 11.5 ],
    "to": [ 10.5, 11.5, 13.5 ],
    "faces": {
        "down":  { "uv": [ 5.5, 4.5, 10.5, 5 ], "texture": "#texture" },
        "up":    { "uv": [ 5.5, 4.5, 10.5, 5 ], "texture": "#texture" },
        "south": { "uv": [ 5.5, 4.5, 10.5, 5 ], "texture": "#texture" },
        "west":  { "uv": [ 5, 5, 7, 5.5 ], "texture": "#texture" },
        "east":  { "uv": [ 5, 5, 7, 5.5 ], "texture": "#texture" }
    }
},
{
    "from": [ 6.5, 11.5, 11.5 ],
    "to": [ 9.5, 12, 13.5 ],
    "faces": {
        "up":    { "uv": [ 6.5, 4, 9.5, 4.5 ], "texture": "#texture" },
        "south": { "uv": [ 6.5, 4.5, 9.5, 4 ], "texture": "#texture" },
        "west":  { "uv": [ 6.5, 4, 7, 4.5 ], "texture": "#texture" },
        "east":  { "uv": [ 9.5, 4, 9, 4.5 ], "texture": "#texture" }
    }
},
{
    "from": [ 5, 12, 11.5 ],
    "to": [ 11, 12.5, 13 ],
    "faces": {
        "up":    { "uv": [ 5, 3.5, 11, 4 ], "texture": "#texture" },
        "south": { "uv": [ 5, 4, 11, 3.5 ], "texture": "#texture" },
        "west":  { "uv": [ 5, 3.5, 5.5, 4 ], "texture": "#texture" },
        "east":  { "uv": [ 11, 3.5, 10.5, 4 ], "texture": "#texture" }
    }
},
{
    "from": [ 3.5, 7, 11.5 ],
    "to": [ 12.5, 10.5, 12.5 ],
    "faces": {
        "down":  { "uv": [ 3.5, 8.5, 12.5, 9 ], "texture": "#texture" },
        "up":    { "uv": [ 3.5, 5.5, 12.5, 6 ], "texture": "#texture" },
        "north": { "uv": [ 12.5, 5.5, 3.5, 9 ], "texture": "#texture" },
        "south": { "uv": [ 3.5, 5.5, 12.5, 9 ], "texture": "#texture" },
        "west":  { "uv": [ 3.5, 5.5, 4, 9 ], "texture": "#texture" },
        "east":  { "uv": [ 12, 5.5, 12.5, 9 ], "texture": "#texture" }
    }
},
{
    "from": [ 4, 10.5, 11.5 ],
    "to": [ 12, 12.5, 12.5 ],
    "faces": {
        "up":    { "uv": [ 4, 3.5, 12, 4 ], "texture": "#texture" },
        "north": { "uv": [ 12, 3.5, 4, 5.5 ], "texture": "#texture" },
        "south": { "uv": [ 4, 3.5, 12, 5.5 ], "texture": "#texture" },
        "west":  { "uv": [ 4, 3.5, 4.5, 5.5 ], "texture": "#texture" },
        "east":  { "uv": [ 11.5, 3.5, 12, 5.5 ], "texture": "#texture" }
    }
},
{
    "from": [ 4.5, 12.5, 11.5 ],
    "to": [ 11.5, 13, 12.5 ],
    "faces": {
        "up":    { "uv": [ 4.5, 3, 11.5, 3.5 ], "texture": "#texture" },
        "south": { "uv": [ 4.5, 3.5, 11.5, 3 ], "texture": "#texture" },
        "west":  { "uv": [ 4.5, 3, 5, 3.5 ], "texture": "#texture" },
        "east":  { "uv": [ 11.5, 3, 11, 3.5 ], "texture": "#texture" }
    }
},
{
    "from": [ 6, 12.5, 11.5 ],
    "to": [ 10, 13, 13 ],
    "faces": {
        "up":    { "uv": [ 6, 3, 10, 3.5 ], "texture": "#texture" },
        "south": { "uv": [ 6, 3.5, 10, 3 ], "texture": "#texture" },
        "west":  { "uv": [ 6, 3, 6.5, 3.5 ], "texture": "#texture" },
        "east":  { "uv": [ 10, 3, 9.5, 3.5 ], "texture": "#texture" }
    }
},
{
    "from": [ 5.5, 13, 11.5 ],
    "to": [ 10.5, 13.5, 12.5 ],
    "faces": {
        "up":    { "uv": [ 5.5, 2.5, 10.5, 3 ], "texture": "#texture" },
        "south": { "uv": [ 5.5, 3, 10.5, 2.5 ], "texture": "#texture" },
        "west":  { "uv": [ 5.5, 2.5, 6, 3 ], "texture": "#texture" },
        "east":  { "uv": [ 10.5, 2.5, 10, 3 ], "texture": "#texture" }
    }
},
{
    "from": [ 6.5, 1.5, 12 ],
    "to": [ 9.5, 2.5, 14.5 ],
    "faces": {
        "down":  { "uv": [ 6.5, 14, 9.5, 14.5 ], "texture": "#texture" },
        "up":    { "uv": [ 6.5, 13.5, 9.5, 14 ], "texture": "#texture" },
        "north": { "uv": [ 9.5, 13.5, 6.5, 14.5 ], "texture": "#texture" },
        "south": { "uv": [ 6.5, 13.5, 9.5, 14.5 ], "texture": "#texture" },
        "west":  { "uv": [ 6.5, 13.5, 9, 14.5 ], "texture": "#texture" },
        "east":  { "uv": [ 7, 13.5, 9.5, 14.5 ], "texture": "#texture" }
    }
},
{
    "from": [ 6, 0.5, 12 ],
    "to": [ 10, 2, 14.5 ],
    "faces": {
        "down":  { "uv": [ 6, 15, 10, 15.5 ], "texture": "#texture" },
        "up":    { "uv": [ 6, 14, 10, 14.5 ], "texture": "#texture" },
        "north": { "uv": [ 6, 14, 10, 15.5 ], "texture": "#texture" },
        "south": { "uv": [ 6, 14, 10, 15.5 ], "texture": "#texture" },
        "west":  { "uv": [ 7.5, 14, 10, 15.5 ], "texture": "#texture" },
        "east":  { "uv": [ 6, 14, 8.5, 15.5 ], "texture": "#texture" }
    }
},
{
    "from": [ 6.5, 0.5, 12 ],
    "to": [ 9.5, 2, 15 ],
    "faces": {
        "down":  { "uv": [ 6.5, 15, 9.5, 15.5 ], "texture": "#texture" },
        "up":    { "uv": [ 6.5, 14, 9.5, 14.5 ], "texture": "#texture" },
        "north": { "uv": [ 9.5, 14, 6.5, 15.5 ], "texture": "#texture" },
        "south": { "uv": [ 6.5, 14, 9.5, 15.5 ], "texture": "#texture" },
        "west":  { "uv": [ 6.5, 14, 9.5, 15.5 ], "texture": "#texture" },
        "east":  { "uv": [ 6.5, 14, 9.5, 15.5 ], "texture": "#texture" }
    }
},
{
    "from": [ 5.5, 1, 12 ],
    "to": [ 10.5, 2, 13.5 ],
    "faces": {
        "down":  { "uv": [ 7.5, 12, 8, 11.5 ], "texture": "#texture" },
        "up":    { "uv": [ 7.5, 11.5, 8, 12 ], "texture": "#texture" },
        "north": { "uv": [ 7.5, 11.5, 8, 12 ], "texture": "#texture" },
        "south": { "uv": [ 7.5, 12, 8, 11.5 ], "texture": "#texture" },
        "west":  { "uv": [ 7.5, 11.5, 8, 12 ], "texture": "#texture" },
        "east":  { "uv": [ 8, 11.5, 7.5, 12 ], "texture": "#texture" }
    }
},
{
    "from": [ 5.5, 1.5, 13.5 ],
    "to": [ 10.5, 2, 14 ],
    "faces": {
        "down":  { "uv": [ 7.5, 12, 8, 11.5 ], "texture": "#texture" },
        "up":    { "uv": [ 7.5, 11.5, 8, 12 ], "texture": "#texture" },
        "south": { "uv": [ 7.5, 12, 8, 11.5 ], "texture": "#texture" },
        "west":  { "uv": [ 7.5, 11.5, 8, 12 ], "texture": "#texture" },
        "east":  { "uv": [ 8, 11.5, 7.5, 12 ], "texture": "#texture" }
    }
},
{
    "from": [ 5, 1.5, 12 ],
    "to": [ 11, 2, 13.5 ],
    "faces": {
        "down":  { "uv": [ 7.5, 12, 8, 11.5 ], "texture": "#texture" },
        "up":    { "uv": [ 7.5, 11.5, 8, 12 ], "texture": "#texture" },
        "south": { "uv": [ 7.5, 12, 8, 11.5 ], "texture": "#texture" },
        "west":  { "uv": [ 7.5, 11.5, 8, 12 ], "texture": "#texture" },
        "east":  { "uv": [ 8, 11.5, 7.5, 12 ], "texture": "#texture" }
    }
},
{
    "from": [ 5, 2, 12 ],
    "to": [ 5.5, 3.5, 13 ],
    "faces": {
        "up":    { "uv": [ 7.5, 11.5, 8, 12 ], "texture": "#texture" },
        "north": { "uv": [ 7.5, 11.5, 8, 12 ], "texture": "#texture" },
        "south": { "uv": [ 7.5, 12, 8, 11.5 ], "texture": "#texture" },
        "west":  { "uv": [ 7.5, 11.5, 8, 12 ], "texture": "#texture" },
        "east":  { "uv": [ 8, 11.5, 7.5, 12 ], "texture": "#texture" }
    }
},
{
    "from": [ 10.5, 2, 12 ],
    "to": [ 11, 3.5, 13 ],
    "faces": {
        "up":    { "uv": [ 7.5, 11.5, 8, 12 ], "texture": "#texture" },
        "north": { "uv": [ 7.5, 11.5, 8, 12 ], "texture": "#texture" },
        "south": { "uv": [ 7.5, 12, 8, 11.5 ], "texture": "#texture" },
        "west":  { "uv": [ 7.5, 11.5, 8, 12 ], "texture": "#texture" },
        "east":  { "uv": [ 8, 11.5, 7.5, 12 ], "texture": "#texture" }
    }
},
{
    "from": [ 4.5, 3, 12 ],
    "to": [ 5, 5, 13 ],
    "faces": {
        "down":  { "uv": [ 4.5, 10.5, 5, 11.5 ], "texture": "#texture" },
        "up":    { "uv": [ 4.5, 10.5, 5, 11.5 ], "texture": "#texture" },
        "north": { "uv": [ 4.5, 11, 5, 13 ], "texture": "#texture" },
        "south": { "uv": [ 4.5, 11, 5, 13 ], "texture": "#texture" },
        "west":  { "uv": [ 4.5, 11, 5, 13 ], "texture": "#texture" },
        "east":  { "uv": [ 4.5, 11, 5, 13 ], "texture": "#texture" }
    }
},
{
    "from": [ 11, 3, 12 ],
    "to": [ 11.5, 5, 13 ],
    "faces": {
        "down":  { "uv": [ 11, 11, 11.5, 12 ], "texture": "#texture" },
        "up":    { "uv": [ 11, 11, 11.5, 12 ], "texture": "#texture" },
        "north": { "uv": [ 11, 11, 11.5, 13 ], "texture": "#texture" },
        "south": { "uv": [ 11, 11, 11.5, 13 ], "texture": "#texture" },
        "west":  { "uv": [ 11, 11, 11.5, 13 ], "texture": "#texture" },
        "east":  { "uv": [ 11, 11, 11.5, 13 ], "texture": "#texture" }
    }
},
{
    "from": [ 7, 8, 14 ],
    "to": [ 7.5, 8.5, 14.5 ],
    "faces": {
        "down":  { "uv": [ 6.5, 8, 7.5, 7.5 ], "texture": "#texture" },
        "up":    { "uv": [ 6.5, 7.5, 7.5, 8 ], "texture": "#texture" },
        "south": { "uv": [ 6.5, 8, 7.5, 7.5 ], "texture": "#texture" },
        "west":  { "uv": [ 6.5, 7.5, 7, 8 ], "texture": "#texture" },
        "east":  { "uv": [ 7.5, 7.5, 7, 8 ], "texture": "#texture" }
    }
},
{
    "from": [ 8.5, 8, 14 ],
    "to": [ 9, 8.5, 14.5 ],
    "faces": {
        "down":  { "uv": [ 6.5, 8, 7.5, 7.5 ], "texture": "#texture" },
        "up":    { "uv": [ 6.5, 7.5, 7.5, 8 ], "texture": "#texture" },
        "south": { "uv": [ 6.5, 8, 7.5, 7.5 ], "texture": "#texture" },
        "west":  { "uv": [ 6.5, 7.5, 7, 8 ], "texture": "#texture" },
        "east":  { "uv": [ 7.5, 7.5, 7, 8 ], "texture": "#texture" }
    }
},
{
    "from": [ 6.5, 8.5, 14 ],
    "to": [ 7, 9, 14.5 ],
    "faces": {
        "down":  { "uv": [ 6.5, 7.5, 7.5, 7 ], "texture": "#texture" },
        "up":    { "uv": [ 6.5, 7, 7.5, 7.5 ], "texture": "#texture" },
        "south": { "uv": [ 6.5, 7.5, 7.5, 7 ], "texture": "#texture" },
        "west":  { "uv": [ 6.5, 7, 7, 7.5 ], "texture": "#texture" },
        "east":  { "uv": [ 7.5, 7, 7, 7.5 ], "texture": "#texture" }
    }
},
{
    "from": [ 9, 8.5, 14 ],
    "to": [ 9.5, 9, 14.5 ],
    "faces": {
        "down":  { "uv": [ 6.5, 7.5, 7.5, 7 ], "texture": "#texture" },
        "up":    { "uv": [ 6.5, 7, 7.5, 7.5 ], "texture": "#texture" },
        "south": { "uv": [ 6.5, 7.5, 7.5, 7 ], "texture": "#texture" },
        "west":  { "uv": [ 6.5, 7, 7, 7.5 ], "texture": "#texture" },
        "east":  { "uv": [ 7.5, 7, 7, 7.5 ], "texture": "#texture" }
    }
},
{
    "from": [ 3, 7, 11 ],
    "to": [ 12.5, 11.5, 12 ],
    "faces": {
        "down":  { "uv": [ 3, 6.5, 3.5, 6 ], "texture": "#texture" },
        "up":    { "uv": [ 3, 6, 3.5, 6.5 ], "texture": "#texture" },
        "north": { "uv": [ 3, 6, 3.5, 6.5 ], "texture": "#texture" },
        "south": { "uv": [ 3, 6.5, 3.5, 6 ], "texture": "#texture" },
        "west":  { "uv": [ 3, 6, 3.5, 6.5 ], "texture": "#texture" },
        "east":  { "uv": [ 3.5, 6, 3, 6.5 ], "texture": "#texture" }
    }
},
{
    "from": [ 12.5, 7, 11 ],
    "to": [ 13, 10.5, 12 ],
    "faces": {
        "up":    { "uv": [ 3, 6, 3.5, 6.5 ], "texture": "#texture" },
        "north": { "uv": [ 3, 6, 3.5, 6.5 ], "texture": "#texture" },
        "south": { "uv": [ 3, 6.5, 3.5, 6 ], "texture": "#texture" },
        "east":  { "uv": [ 3.5, 6, 3, 6.5 ], "texture": "#texture" }
    }
},
{
    "from": [ 2.5, 8, 11 ],
    "to": [ 3, 10, 12 ],
    "faces": {
        "down":  { "uv": [ 3, 6.5, 3.5, 6 ], "texture": "#texture" },
        "up":    { "uv": [ 3, 6, 3.5, 6.5 ], "texture": "#texture" },
        "north": { "uv": [ 3, 6, 3.5, 6.5 ], "texture": "#texture" },
        "south": { "uv": [ 3, 6.5, 3.5, 6 ], "texture": "#texture" },
        "west":  { "uv": [ 3, 6, 3.5, 6.5 ], "texture": "#texture" }
    }
},
{
    "from": [ 2.5, 10.5, 11 ],
    "to": [ 3, 11, 12 ],
    "faces": {
        "down":  { "uv": [ 3, 6.5, 3.5, 6 ], "texture": "#texture" },
        "up":    { "uv": [ 3, 6, 3.5, 6.5 ], "texture": "#texture" },
        "north": { "uv": [ 3, 6, 3.5, 6.5 ], "texture": "#texture" },
        "south": { "uv": [ 3, 6.5, 3.5, 6 ], "texture": "#texture" },
        "west":  { "uv": [ 3, 6, 3.5, 6.5 ], "texture": "#texture" }
    }
},
{
    "from": [ 3.5, 11.5, 11 ],
    "to": [ 12.5, 12.5, 12 ],
    "faces": {
        "up":    { "uv": [ 3, 6, 3.5, 6.5 ], "texture": "#texture" },
        "north": { "uv": [ 3, 6, 3.5, 6.5 ], "texture": "#texture" },
        "south": { "uv": [ 3, 6.5, 3.5, 6 ], "texture": "#texture" },
        "west":  { "uv": [ 3, 6, 3.5, 6.5 ], "texture": "#texture" },
        "east":  { "uv": [ 3.5, 6, 3, 6.5 ], "texture": "#texture" }
    }
},
{
    "from": [ 4, 12.5, 11 ],
    "to": [ 12, 13, 12 ],
    "faces": {
        "up":    { "uv": [ 3, 6, 3.5, 6.5 ], "texture": "#texture" },
        "north": { "uv": [ 3, 6, 3.5, 6.5 ], "texture": "#texture" },
        "south": { "uv": [ 3, 6.5, 3.5, 6 ], "texture": "#texture" },
        "west":  { "uv": [ 3, 6, 3.5, 6.5 ], "texture": "#texture" },
        "east":  { "uv": [ 3.5, 6, 3, 6.5 ], "texture": "#texture" }
    }
},
{
    "from": [ 4.5, 13, 11 ],
    "to": [ 12, 13.5, 12 ],
    "faces": {
        "up":    { "uv": [ 3, 6, 3.5, 6.5 ], "texture": "#texture" },
        "north": { "uv": [ 3, 6, 3.5, 6.5 ], "texture": "#texture" },
        "south": { "uv": [ 3, 6.5, 3.5, 6 ], "texture": "#texture" },
        "west":  { "uv": [ 3, 6, 3.5, 6.5 ], "texture": "#texture" },
        "east":  { "uv": [ 3.5, 6, 3, 6.5 ], "texture": "#texture" }
    }
},
{
    "from": [ 5.5, 13.5, 11 ],
    "to": [ 12, 14, 12 ],
    "faces": {
        "up":    { "uv": [ 3, 6, 3.5, 6.5 ], "texture": "#texture" },
        "north": { "uv": [ 3, 6, 3.5, 6.5 ], "texture": "#texture" },
        "south": { "uv": [ 3, 6.5, 3.5, 6 ], "texture": "#texture" },
        "west":  { "uv": [ 3, 6, 3.5, 6.5 ], "texture": "#texture" },
        "east":  { "uv": [ 3.5, 6, 3, 6.5 ], "texture": "#texture" }
    }
},
{
    "from": [ 6.5, 14, 11 ],
    "to": [ 12, 14.5, 12 ],
    "faces": {
        "up":    { "uv": [ 3, 6, 3.5, 6.5 ], "texture": "#texture" },
        "north": { "uv": [ 3, 6, 3.5, 6.5 ], "texture": "#texture" },
        "south": { "uv": [ 3, 6.5, 3.5, 6 ], "texture": "#texture" },
        "west":  { "uv": [ 3, 6, 3.5, 6.5 ], "texture": "#texture" },
        "east":  { "uv": [ 3.5, 6, 3, 6.5 ], "texture": "#texture" }
    }
},
{
    "from": [ 10, 14.5, 11 ],
    "to": [ 12, 15, 12 ],
    "faces": {
        "up":    { "uv": [ 3, 6, 3.5, 6.5 ], "texture": "#texture" },
        "north": { "uv": [ 3, 6, 3.5, 6.5 ], "texture": "#texture" },
        "south": { "uv": [ 3, 6.5, 3.5, 6 ], "texture": "#texture" },
        "west":  { "uv": [ 3, 6, 3.5, 6.5 ], "texture": "#texture" },
        "east":  { "uv": [ 3.5, 6, 3, 6.5 ], "texture": "#texture" }
    }
},
{
    "from": [ 10.5, 15, 11 ],
    "to": [ 11.5, 16, 12 ],
    "faces": {
        "up":    { "uv": [ 3, 6, 3.5, 6.5 ], "texture": "#texture", "cullface": "up" },
        "north": { "uv": [ 3, 6, 3.5, 6.5 ], "texture": "#texture" },
        "south": { "uv": [ 3, 6.5, 3.5, 6 ], "texture": "#texture" },
        "west":  { "uv": [ 3, 6, 3.5, 6.5 ], "texture": "#texture" },
        "east":  { "uv": [ 3.5, 6, 3, 6.5 ], "texture": "#texture" }
    }
},
{
    "from": [ 11, 16, 11 ],
    "to": [ 11.5, 17, 12 ],
    "faces": {
        "up":    { "uv": [ 3, 6, 3.5, 6.5 ], "texture": "#texture", "cullface": "up" },
        "north": { "uv": [ 3, 6, 3.5, 6.5 ], "texture": "#texture", "cullface": "up" },
        "south": { "uv": [ 3, 6.5, 3.5, 6 ], "texture": "#texture", "cullface": "up" },
        "west":  { "uv": [ 3, 6, 3.5, 6.5 ], "texture": "#texture", "cullface": "up" },
        "east":  { "uv": [ 3.5, 6, 3, 6.5 ], "texture": "#texture", "cullface": "up" }
    }
},
{
    "from": [ 2, 7, 10.5 ],
    "to": [ 13.5, 8, 11.5 ],
    "faces": {
        "down":  { "uv": [ 2, 8.5, 2.5, 8 ], "texture": "#texture" },
        "north": { "uv": [ 2, 8, 2.5, 8.5 ], "texture": "#texture" },
        "south": { "uv": [ 2, 8.5, 2.5, 8 ], "texture": "#texture" },
        "west":  { "uv": [ 2, 8, 2.5, 8.5 ], "texture": "#texture" },
        "east":  { "uv": [ 2.5, 8, 2, 8.5 ], "texture": "#texture" }
    }
},
{
    "from": [ 2.5, 6, 10.5 ],
    "to": [ 13, 7, 11 ],
    "faces": {
        "down":  { "uv": [ 2, 8.5, 2.5, 8 ], "texture": "#texture" },
        "north": { "uv": [ 2, 8, 2.5, 8.5 ], "texture": "#texture" },
        "south": { "uv": [ 2, 8.5, 2.5, 8 ], "texture": "#texture" },
        "west":  { "uv": [ 2, 8, 2.5, 8.5 ], "texture": "#texture" },
        "east":  { "uv": [ 2.5, 8, 2, 8.5 ], "texture": "#texture" }
    }
},
{
    "from": [ 3, 5.5, 10.5 ],
    "to": [ 12.5, 6, 11 ],
    "faces": {
        "down":  { "uv": [ 2, 8.5, 2.5, 8 ], "texture": "#texture" },
        "north": { "uv": [ 2, 8, 2.5, 8.5 ], "texture": "#texture" },
        "south": { "uv": [ 2, 8.5, 2.5, 8 ], "texture": "#texture" },
        "west":  { "uv": [ 2, 8, 2.5, 8.5 ], "texture": "#texture" },
        "east":  { "uv": [ 2.5, 8, 2, 8.5 ], "texture": "#texture" }
    }
},
{
    "from": [ 1.5, 8, 10.5 ],
    "to": [ 13.5, 10, 11.5 ],
    "faces": {
        "down":  { "uv": [ 2, 8.5, 2.5, 8 ], "texture": "#texture" },
        "up":    { "uv": [ 2, 8, 2.5, 8.5 ], "texture": "#texture" },
        "north": { "uv": [ 2, 8, 2.5, 8.5 ], "texture": "#texture" },
        "south": { "uv": [ 2, 8.5, 2.5, 8 ], "texture": "#texture" },
        "west":  { "uv": [ 2, 8, 2.5, 8.5 ], "texture": "#texture" },
        "east":  { "uv": [ 2.5, 8, 2, 8.5 ], "texture": "#texture" }
    }
},
{
    "from": [ 1, 9.5, 10.5 ],
    "to": [ 2, 11, 11 ],
    "faces": {
        "down":  { "uv": [ 2, 8.5, 2.5, 8 ], "texture": "#texture" },
        "up":    { "uv": [ 2, 8, 2.5, 8.5 ], "texture": "#texture" },
        "north": { "uv": [ 2, 8, 2.5, 8.5 ], "texture": "#texture" },
        "south": { "uv": [ 2, 8.5, 2.5, 8 ], "texture": "#texture" },
        "west":  { "uv": [ 2, 8, 2.5, 8.5 ], "texture": "#texture" },
        "east":  { "uv": [ 2.5, 8, 2, 8.5 ], "texture": "#texture" }
    }
},
{
    "from": [ 1, 11, 10.5 ],
    "to": [ 1.5, 12, 11 ],
    "faces": {
        "up":    { "uv": [ 2, 8, 2.5, 8.5 ], "texture": "#texture" },
        "north": { "uv": [ 2, 8, 2.5, 8.5 ], "texture": "#texture" },
        "south": { "uv": [ 2, 8.5, 2.5, 8 ], "texture": "#texture" },
        "west":  { "uv": [ 2, 8, 2.5, 8.5 ], "texture": "#texture" },
        "east":  { "uv": [ 2.5, 8, 2, 8.5 ], "texture": "#texture" }
    }
},
{
    "from": [ 2.5, 10, 10.5 ],
    "to": [ 14, 12, 11.5 ],
    "faces": {
        "down":  { "uv": [ 2, 8.5, 2.5, 8 ], "texture": "#texture" },
        "up":    { "uv": [ 2, 8, 2.5, 8.5 ], "texture": "#texture" },
        "north": { "uv": [ 2, 8, 2.5, 8.5 ], "texture": "#texture" },
        "south": { "uv": [ 2, 8.5, 2.5, 8 ], "texture": "#texture" },
        "west":  { "uv": [ 2, 8, 2.5, 8.5 ], "texture": "#texture" },
        "east":  { "uv": [ 2.5, 8, 2, 8.5 ], "texture": "#texture" }
    }
},
{
    "from": [ 3, 12, 10.5 ],
    "to": [ 13.5, 13, 11.5 ],
    "faces": {
        "up":    { "uv": [ 2, 8, 2.5, 8.5 ], "texture": "#texture" },
        "north": { "uv": [ 2, 8, 2.5, 8.5 ], "texture": "#texture" },
        "south": { "uv": [ 2, 8.5, 2.5, 8 ], "texture": "#texture" },
        "west":  { "uv": [ 2, 8, 2.5, 8.5 ], "texture": "#texture" },
        "east":  { "uv": [ 2.5, 8, 2, 8.5 ], "texture": "#texture" }
    }
},
{
    "from": [ 3.5, 13, 10.5 ],
    "to": [ 13, 14, 11.5 ],
    "faces": {
        "up":    { "uv": [ 2, 8, 2.5, 8.5 ], "texture": "#texture" },
        "north": { "uv": [ 2, 8, 2.5, 8.5 ], "texture": "#texture" },
        "south": { "uv": [ 2, 8.5, 2.5, 8 ], "texture": "#texture" },
        "west":  { "uv": [ 2, 8, 2.5, 8.5 ], "texture": "#texture" },
        "east":  { "uv": [ 2.5, 8, 2, 8.5 ], "texture": "#texture" }
    }
},
{
    "from": [ 4, 14, 10.5 ],
    "to": [ 13, 14.5, 11.5 ],
    "faces": {
        "up":    { "uv": [ 2, 8, 2.5, 8.5 ], "texture": "#texture" },
        "north": { "uv": [ 2, 8, 2.5, 8.5 ], "texture": "#texture" },
        "south": { "uv": [ 2, 8.5, 2.5, 8 ], "texture": "#texture" },
        "west":  { "uv": [ 2, 8, 2.5, 8.5 ], "texture": "#texture" },
        "east":  { "uv": [ 2.5, 8, 2, 8.5 ], "texture": "#texture" }
    }
},
{
    "from": [ 5, 14.5, 10.5 ],
    "to": [ 12.5, 15, 11.5 ],
    "faces": {
        "up":    { "uv": [ 2, 8, 2.5, 8.5 ], "texture": "#texture" },
        "north": { "uv": [ 2, 8, 2.5, 8.5 ], "texture": "#texture" },
        "south": { "uv": [ 2, 8.5, 2.5, 8 ], "texture": "#texture" },
        "west":  { "uv": [ 2, 8, 2.5, 8.5 ], "texture": "#texture" },
        "east":  { "uv": [ 2.5, 8, 2, 8.5 ], "texture": "#texture" }
    }
},
{
    "from": [ 7, 15, 10.5 ],
    "to": [ 12.5, 15.5, 11.5 ],
    "faces": {
        "up":    { "uv": [ 2, 8, 2.5, 8.5 ], "texture": "#texture" },
        "north": { "uv": [ 2, 8, 2.5, 8.5 ], "texture": "#texture" },
        "south": { "uv": [ 2, 8.5, 2.5, 8 ], "texture": "#texture" },
        "west":  { "uv": [ 2, 8, 2.5, 8.5 ], "texture": "#texture" },
        "east":  { "uv": [ 2.5, 8, 2, 8.5 ], "texture": "#texture" }
    }
},
{
    "from": [ 9.5, 15.5, 10.5 ],
    "to": [ 12, 16, 11.5 ],
    "faces": {
        "up":    { "uv": [ 2, 8, 2.5, 8.5 ], "texture": "#texture", "cullface": "up" },
        "north": { "uv": [ 2, 8, 2.5, 8.5 ], "texture": "#texture" },
        "south": { "uv": [ 2, 8.5, 2.5, 8 ], "texture": "#texture" },
        "west":  { "uv": [ 2, 8, 2.5, 8.5 ], "texture": "#texture" },
        "east":  { "uv": [ 2.5, 8, 2, 8.5 ], "texture": "#texture" }
    }
},
{
    "from": [ 10, 16, 10.5 ],
    "to": [ 12, 17, 11.5 ],
    "faces": {
        "up":    { "uv": [ 2, 8, 2.5, 8.5 ], "texture": "#texture", "cullface": "up" },
        "north": { "uv": [ 2, 8, 2.5, 8.5 ], "texture": "#texture", "cullface": "up" },
        "south": { "uv": [ 2, 8.5, 2.5, 8 ], "texture": "#texture", "cullface": "up" },
        "west":  { "uv": [ 2, 8, 2.5, 8.5 ], "texture": "#texture", "cullface": "up" },
        "east":  { "uv": [ 2.5, 8, 2, 8.5 ], "texture": "#texture", "cullface": "up" }
    }
},
{
    "from": [ 10.25, 17, 10.5 ],
    "to": [ 11.25, 18.5, 11 ],
    "faces": {
        "up":    { "uv": [ 2, 8, 2.5, 8.5 ], "texture": "#texture", "cullface": "up" },
        "north": { "uv": [ 2, 8, 2.5, 8.5 ], "texture": "#texture", "cullface": "up" },
        "south": { "uv": [ 2, 8.5, 2.5, 8 ], "texture": "#texture", "cullface": "up" },
        "west":  { "uv": [ 2, 8, 2.5, 8.5 ], "texture": "#texture", "cullface": "up" },
        "east":  { "uv": [ 2.5, 8, 2, 8.5 ], "texture": "#texture", "cullface": "up" }
    }
},
{
    "from": [ 10.5, 18.25, 10.5 ],
    "to": [ 11.25, 19.5, 11 ],
    "faces": {
        "down":  { "uv": [ 2, 8.5, 2.5, 8 ], "texture": "#texture", "cullface": "up" },
        "up":    { "uv": [ 2, 8, 2.5, 8.5 ], "texture": "#texture", "cullface": "up" },
        "north": { "uv": [ 2, 8, 2.5, 8.5 ], "texture": "#texture", "cullface": "up" },
        "south": { "uv": [ 2, 8.5, 2.5, 8 ], "texture": "#texture", "cullface": "up" },
        "west":  { "uv": [ 2, 8, 2.5, 8.5 ], "texture": "#texture", "cullface": "up" },
        "east":  { "uv": [ 2.5, 8, 2, 8.5 ], "texture": "#texture", "cullface": "up" }
    }
},
{
    "from": [ 2, 10.5, 10.5 ],
    "to": [ 2.5, 11, 11.5 ],
    "faces": {
        "down":  { "uv": [ 2, 8.5, 2.5, 8 ], "texture": "#texture" },
        "up":    { "uv": [ 2, 8, 2.5, 8.5 ], "texture": "#texture" },
        "north": { "uv": [ 2, 8, 2.5, 8.5 ], "texture": "#texture" },
        "south": { "uv": [ 2, 8.5, 2.5, 8 ], "texture": "#texture" },
        "west":  { "uv": [ 2, 8, 2.5, 8.5 ], "texture": "#texture" }
    }
},
{
    "from": [ 14, 11.5, 10.5 ],
    "to": [ 14.5, 12.5, 11 ],
    "faces": {
        "down":  { "uv": [ 2, 8.5, 2.5, 8 ], "texture": "#texture" },
        "up":    { "uv": [ 2, 8, 2.5, 8.5 ], "texture": "#texture" },
        "north": { "uv": [ 2, 8, 2.5, 8.5 ], "texture": "#texture" },
        "south": { "uv": [ 2, 8.5, 2.5, 8 ], "texture": "#texture" },
        "west":  { "uv": [ 2, 8, 2.5, 8.5 ], "texture": "#texture" },
        "east":  { "uv": [ 2.5, 8, 2, 8.5 ], "texture": "#texture" }
    }
},
{
    "from": [ 12.5, 14.5, 10.5 ],
    "to": [ 13, 16, 11 ],
    "faces": {
        "up":    { "uv": [ 2, 8, 2.5, 8.5 ], "texture": "#texture", "cullface": "up" },
        "north": { "uv": [ 2, 8, 2.5, 8.5 ], "texture": "#texture" },
        "south": { "uv": [ 2, 8.5, 2.5, 8 ], "texture": "#texture" },
        "west":  { "uv": [ 2, 8, 2.5, 8.5 ], "texture": "#texture" },
        "east":  { "uv": [ 2.5, 8, 2, 8.5 ], "texture": "#texture" }
    }
},
{
    "from": [ 13, 15.5, 10.5 ],
    "to": [ 13.5, 16.5, 11 ],
    "faces": {
        "down":  { "uv": [ 2, 8.5, 2.5, 8 ], "texture": "#texture", "cullface": "up" },
        "up":    { "uv": [ 2, 8, 2.5, 8.5 ], "texture": "#texture", "cullface": "up" },
        "north": { "uv": [ 2, 8, 2.5, 8.5 ], "texture": "#texture", "cullface": "up" },
        "south": { "uv": [ 2, 8.5, 2.5, 8 ], "texture": "#texture", "cullface": "up" },
        "west":  { "uv": [ 2, 8, 2.5, 8.5 ], "texture": "#texture", "cullface": "up" },
        "east":  { "uv": [ 2.5, 8, 2, 8.5 ], "texture": "#texture", "cullface": "up" }
    }
},
{
    "from": [ 3, 5, 11 ],
    "to": [ 4, 7, 12.5 ],
    "faces": {
        "down":  { "uv": [ 3, 6.5, 3.5, 6 ], "texture": "#texture" },
        "up":    { "uv": [ 3, 6, 3.5, 6.5 ], "texture": "#texture" },
        "north": { "uv": [ 3, 6, 3.5, 6.5 ], "texture": "#texture" },
        "south": { "uv": [ 3, 6.5, 3.5, 6 ], "texture": "#texture" },
        "west":  { "uv": [ 3, 6, 3.5, 6.5 ], "texture": "#texture" },
        "east":  { "uv": [ 3.5, 6, 3, 6.5 ], "texture": "#texture" }
    }
},
{
    "from": [ 3.5, 4, 11.5 ],
    "to": [ 4, 5, 12.5 ],
    "faces": {
        "down":  { "uv": [ 3, 6.5, 3.5, 6 ], "texture": "#texture" },
        "south": { "uv": [ 3, 6.5, 3.5, 6 ], "texture": "#texture" },
        "west":  { "uv": [ 3, 6, 3.5, 6.5 ], "texture": "#texture" }
    }
},
{
    "from": [ 3, 4.5, 11.5 ],
    "to": [ 4, 5, 12 ],
    "faces": {
        "down":  { "uv": [ 3, 6.5, 3.5, 6 ], "texture": "#texture" },
        "north": { "uv": [ 3, 6, 3.5, 6.5 ], "texture": "#texture" },
        "south": { "uv": [ 3, 6.5, 3.5, 6 ], "texture": "#texture" },
        "west":  { "uv": [ 3, 6, 3.5, 6.5 ], "texture": "#texture" }
    }
},
{
    "from": [ 12, 5, 11 ],
    "to": [ 13, 7, 12.5 ],
    "faces": {
        "down":  { "uv": [ 3, 6.5, 3.5, 6 ], "texture": "#texture" },
        "up":    { "uv": [ 3, 6, 3.5, 6.5 ], "texture": "#texture" },
        "north": { "uv": [ 3, 6, 3.5, 6.5 ], "texture": "#texture" },
        "south": { "uv": [ 3, 6.5, 3.5, 6 ], "texture": "#texture" },
        "west":  { "uv": [ 3, 6, 3.5, 6.5 ], "texture": "#texture" },
        "east":  { "uv": [ 3.5, 6, 3, 6.5 ], "texture": "#texture" }
    }
},
{
    "from": [ 12, 4.5, 11.5 ],
    "to": [ 13, 5, 12 ],
    "faces": {
        "down":  { "uv": [ 3, 6.5, 3.5, 6 ], "texture": "#texture" },
        "north": { "uv": [ 3, 6, 3.5, 6.5 ], "texture": "#texture" },
        "south": { "uv": [ 3, 6.5, 3.5, 6 ], "texture": "#texture" },
        "east":  { "uv": [ 3.5, 6, 3, 6.5 ], "texture": "#texture" }
    }
},
{
    "from": [ 12, 4, 11.5 ],
    "to": [ 12.5, 5, 12.5 ],
    "faces": {
        "down":  { "uv": [ 3, 6.5, 3.5, 6 ], "texture": "#texture" },
        "south": { "uv": [ 3, 6.5, 3.5, 6 ], "texture": "#texture" },
        "east":  { "uv": [ 3.5, 6, 3, 6.5 ], "texture": "#texture" }
    }
},
{
    "from": [ 10.75, 17, 10.5 ],
    "to": [ 11.75, 18.5, 11.5 ],
    "faces": {
        "up":    { "uv": [ 2, 8, 2.5, 8.5 ], "texture": "#texture", "cullface": "up" },
        "north": { "uv": [ 2, 8, 2.5, 8.5 ], "texture": "#texture", "cullface": "up" },
        "south": { "uv": [ 2, 8.5, 2.5, 8 ], "texture": "#texture", "cullface": "up" },
        "west":  { "uv": [ 2, 8, 2.5, 8.5 ], "texture": "#texture", "cullface": "up" },
        "east":  { "uv": [ 2.5, 8, 2, 8.5 ], "texture": "#texture", "cullface": "up" }
    }
},
{
    "from": [ 4, 3, 10.5 ],
    "to": [ 12, 5.5, 11.5 ],
    "faces": {
        "down":  { "uv": [ 2, 8.5, 2.5, 8 ], "texture": "#texture" },
        "up":    { "uv": [ 2, 8, 2.5, 8.5 ], "texture": "#texture" },
        "north": { "uv": [ 2, 8, 2.5, 8.5 ], "texture": "#texture" },
        "west":  { "uv": [ 2, 8, 2.5, 8.5 ], "texture": "#texture" },
        "east":  { "uv": [ 2.5, 8, 2, 8.5 ], "texture": "#texture" }
    }
},
{
    "from": [ 4.5, 2, 10.5 ],
    "to": [ 11.5, 3, 11.5 ],
    "faces": {
        "down":  { "uv": [ 2, 8.5, 2.5, 8 ], "texture": "#texture" },
        "north": { "uv": [ 2, 8, 2.5, 8.5 ], "texture": "#texture" },
        "west":  { "uv": [ 2, 8, 2.5, 8.5 ], "texture": "#texture" },
        "east":  { "uv": [ 2.5, 8, 2, 8.5 ], "texture": "#texture" }
    }
},
{
    "from": [ 5, 1.5, 11 ],
    "to": [ 11, 2, 12 ],
    "faces": {
        "down":  { "uv": [ 2, 8.5, 2.5, 8 ], "texture": "#texture" },
        "up":    { "uv": [ 2, 8, 2.5, 8.5 ], "texture": "#texture" },
        "north": { "uv": [ 2, 8, 2.5, 8.5 ], "texture": "#texture" },
        "west":  { "uv": [ 2, 8, 2.5, 8.5 ], "texture": "#texture" },
        "east":  { "uv": [ 2.5, 8, 2, 8.5 ], "texture": "#texture" }
    }
},
{
    "from": [ 5.5, 1, 11 ],
    "to": [ 10.5, 1.5, 12 ],
    "faces": {
        "down":  { "uv": [ 2, 8.5, 2.5, 8 ], "texture": "#texture" },
        "north": { "uv": [ 2, 8, 2.5, 8.5 ], "texture": "#texture" },
        "west":  { "uv": [ 2, 8, 2.5, 8.5 ], "texture": "#texture" },
        "east":  { "uv": [ 2.5, 8, 2, 8.5 ], "texture": "#texture" }
    }
},
{
    "from": [ 6, 0.5, 11 ],
    "to": [ 10, 1, 12 ],
    "faces": {
        "down":  { "uv": [ 2, 8.5, 2.5, 8 ], "texture": "#texture" },
        "north": { "uv": [ 2, 8, 2.5, 8.5 ], "texture": "#texture" },
        "west":  { "uv": [ 2, 8, 2.5, 8.5 ], "texture": "#texture" },
        "east":  { "uv": [ 2.5, 8, 2, 8.5 ], "texture": "#texture" }
    }
},
{
    "from": [ 3.5, 13.5, 10.5 ],
    "to": [ 4.5, 15, 11 ],
    "faces": {
        "down":  { "uv": [ 2, 8.5, 2.5, 8 ], "texture": "#texture" },
        "up":    { "uv": [ 2, 8, 2.5, 8.5 ], "texture": "#texture" },
        "north": { "uv": [ 2, 8, 2.5, 8.5 ], "texture": "#texture" },
        "south": { "uv": [ 2, 8.5, 2.5, 8 ], "texture": "#texture" },
        "west":  { "uv": [ 2, 8, 2.5, 8.5 ], "texture": "#texture" },
        "east":  { "uv": [ 2.5, 8, 2, 8.5 ], "texture": "#texture" }
    }
},
{
    "from": [ 3, 13.5, 10.5 ],
    "to": [ 4, 15.5, 11 ],
    "faces": {
        "down":  { "uv": [ 2, 8.5, 2.5, 8 ], "texture": "#texture" },
        "up":    { "uv": [ 2, 8, 2.5, 8.5 ], "texture": "#texture" },
        "north": { "uv": [ 2, 8, 2.5, 8.5 ], "texture": "#texture" },
        "south": { "uv": [ 2, 8.5, 2.5, 8 ], "texture": "#texture" },
        "west":  { "uv": [ 2, 8, 2.5, 8.5 ], "texture": "#texture" },
        "east":  { "uv": [ 2.5, 8, 2, 8.5 ], "texture": "#texture" }
    }
},
{
    "from": [ 3, 15, 10.5 ],
    "to": [ 3.5, 16.5, 11 ],
    "faces": {
        "down":  { "uv": [ 2, 8.5, 2.5, 8 ], "texture": "#texture", "cullface": "up" },
        "up":    { "uv": [ 2, 8, 2.5, 8.5 ], "texture": "#texture", "cullface": "up" },
        "north": { "uv": [ 2, 8, 2.5, 8.5 ], "texture": "#texture", "cullface": "up" },
        "south": { "uv": [ 2, 8.5, 2.5, 8 ], "texture": "#texture", "cullface": "up" },
        "west":  { "uv": [ 2, 8, 2.5, 8.5 ], "texture": "#texture", "cullface": "up" },
        "east":  { "uv": [ 2.5, 8, 2, 8.5 ], "texture": "#texture", "cullface": "up" }
    }
},
{
    "from": [ 4.5, 14.5, 10.5 ],
    "to": [ 5.5, 15, 11 ],
    "faces": {
        "up":    { "uv": [ 2, 8, 2.5, 8.5 ], "texture": "#texture" },
        "north": { "uv": [ 2, 8, 2.5, 8.5 ], "texture": "#texture" },
        "south": { "uv": [ 2, 8.5, 2.5, 8 ], "texture": "#texture" },
        "east":  { "uv": [ 2.5, 8, 2, 8.5 ], "texture": "#texture" }
    }
},
{
    "from": [ 6, 15, 10.5 ],
    "to": [ 7, 15.5, 11 ],
    "faces": {
        "up":    { "uv": [ 2, 8, 2.5, 8.5 ], "texture": "#texture" },
        "north": { "uv": [ 2, 8, 2.5, 8.5 ], "texture": "#texture" },
        "south": { "uv": [ 2, 8.5, 2.5, 8 ], "texture": "#texture" },
        "west":  { "uv": [ 2, 8, 2.5, 8.5 ], "texture": "#texture" }
    }
},
{
    "from": [ 8.5, 15.5, 10.5 ],
    "to": [ 9.5, 16, 11 ],
    "faces": {
        "up":    { "uv": [ 2, 8, 2.5, 8.5 ], "texture": "#texture", "cullface": "up" },
        "north": { "uv": [ 2, 8, 2.5, 8.5 ], "texture": "#texture" },
        "south": { "uv": [ 2, 8.5, 2.5, 8 ], "texture": "#texture" },
        "west":  { "uv": [ 2, 8, 2.5, 8.5 ], "texture": "#texture" }
    }
},
{
    "from": [ 9, 16, 10.5 ],
    "to": [ 10, 16.5, 11 ],
    "faces": {
        "down":  { "uv": [ 2, 8.5, 2.5, 8 ], "texture": "#texture", "cullface": "up" },
        "up":    { "uv": [ 2, 8, 2.5, 8.5 ], "texture": "#texture", "cullface": "up" },
        "north": { "uv": [ 2, 8, 2.5, 8.5 ], "texture": "#texture", "cullface": "up" },
        "south": { "uv": [ 2, 8.5, 2.5, 8 ], "texture": "#texture", "cullface": "up" },
        "west":  { "uv": [ 2, 8, 2.5, 8.5 ], "texture": "#texture", "cullface": "up" }
    }
},
{
    "from": [ 2.5, 12, 10.5 ],
    "to": [ 3, 13, 11 ],
    "faces": {
        "up":    { "uv": [ 2, 8, 2.5, 8.5 ], "texture": "#texture" },
        "north": { "uv": [ 2, 8, 2.5, 8.5 ], "texture": "#texture" },
        "south": { "uv": [ 2, 8.5, 2.5, 8 ], "texture": "#texture" },
        "west":  { "uv": [ 2, 8, 2.5, 8.5 ], "texture": "#texture" }
    }
},
{
    "from": [ 2, 12.5, 10.5 ],
    "to": [ 2.5, 13.5, 11 ],
    "faces": {
        "down":  { "uv": [ 2, 8.5, 2.5, 8 ], "texture": "#texture" },
        "up":    { "uv": [ 2, 8, 2.5, 8.5 ], "texture": "#texture" },
        "north": { "uv": [ 2, 8, 2.5, 8.5 ], "texture": "#texture" },
        "south": { "uv": [ 2, 8.5, 2.5, 8 ], "texture": "#texture" },
        "west":  { "uv": [ 2, 8, 2.5, 8.5 ], "texture": "#texture" },
        "east":  { "uv": [ 2.5, 8, 2, 8.5 ], "texture": "#texture" }
    }
},
{
    "from": [ 13, 7.5, 10.5 ],
    "to": [ 14, 9, 11 ],
    "faces": {
        "down":  { "uv": [ 2, 8.5, 2.5, 8 ], "texture": "#texture" },
        "up":    { "uv": [ 2, 8, 2.5, 8.5 ], "texture": "#texture" },
        "north": { "uv": [ 2, 8, 2.5, 8.5 ], "texture": "#texture" },
        "south": { "uv": [ 2, 8.5, 2.5, 8 ], "texture": "#texture" },
        "west":  { "uv": [ 2, 8, 2.5, 8.5 ], "texture": "#texture" },
        "east":  { "uv": [ 2.5, 8, 2, 8.5 ], "texture": "#texture" }
    }
},
{
    "from": [ 7, 0, 12 ],
    "to": [ 9, 0.5, 14.5 ],
    "faces": {
        "down":  { "uv": [ 7, 9, 7.5, 8.5 ], "texture": "#texture", "cullface": "down" },
        "north": { "uv": [ 7, 8.5, 7.5, 9 ], "texture": "#texture" },
        "south": { "uv": [ 7, 9, 7.5, 8.5 ], "texture": "#texture" },
        "west":  { "uv": [ 7, 8.5, 7.5, 9 ], "texture": "#texture" },
        "east":  { "uv": [ 7.5, 8.5, 7, 9 ], "texture": "#texture" }
    }
},
{
    "from": [ 6.5, 0, 12.5 ],
    "to": [ 9.5, 0.5, 14 ],
    "faces": {
        "down":  { "uv": [ 7, 9, 7.5, 8.5 ], "texture": "#texture", "cullface": "down" },
        "north": { "uv": [ 7, 8.5, 7.5, 9 ], "texture": "#texture" },
        "south": { "uv": [ 7, 9, 7.5, 8.5 ], "texture": "#texture" },
        "west":  { "uv": [ 7, 8.5, 7.5, 9 ], "texture": "#texture" },
        "east":  { "uv": [ 7.5, 8.5, 7, 9 ], "texture": "#texture" }
    }
},
{
    "from": [ 3.5, 8, 2.5 ],
    "to": [ 4, 9.5, 10.5 ],
    "faces": {
        "down":  { "uv": [ 2, 1, 2.5, 1.5 ], "texture": "#texture" },
        "up":    { "uv": [ 2, 0, 2.5, 0.5 ], "texture": "#texture" },
        "north": { "uv": [ 2, 0, 2.5, 1.5 ], "texture": "#texture" },
        "west":  { "uv": [ 1, 0, 1.5, 1.5 ], "texture": "#texture" },
        "east":  { "uv": [ 1, 0, 1.5, 1.5 ], "texture": "#texture" }
    }
},
{
    "from": [ 12, 8, 2.5 ],
    "to": [ 12.5, 9.5, 10.5 ],
    "faces": {
        "down":  { "uv": [ 2, 1, 2.5, 1.5 ], "texture": "#texture" },
        "up":    { "uv": [ 2, 0, 2.5, 0.5 ], "texture": "#texture" },
        "north": { "uv": [ 2, 0, 2.5, 1.5 ], "texture": "#texture" },
        "west":  { "uv": [ 1, 0, 1.5, 1.5 ], "texture": "#texture" },
        "east":  { "uv": [ 1, 0, 1.5, 1.5 ], "texture": "#texture" }
    }
},
{
    "from": [ 3.5, 4, 2.5 ],
    "to": [ 4, 5.5, 11.5 ],
    "faces": {
        "down":  { "uv": [ 2, 1, 2.5, 1.5 ], "texture": "#texture" },
        "up":    { "uv": [ 2, 0, 2.5, 0.5 ], "texture": "#texture" },
        "north": { "uv": [ 2, 0, 2.5, 1.5 ], "texture": "#texture" },
        "south": { "uv": [ 2, 0, 2.5, 1.5 ], "texture": "#texture" },
        "west":  { "uv": [ 1, 0, 1.5, 1.5 ], "texture": "#texture" },
        "east":  { "uv": [ 1, 0, 1.5, 1.5 ], "texture": "#texture" }
    }
},
{
    "from": [ 12, 4, 2.5 ],
    "to": [ 12.5, 5.5, 11.5 ],
    "faces": {
        "down":  { "uv": [ 2, 1, 2.5, 1.5 ], "texture": "#texture" },
        "up":    { "uv": [ 2, 0, 2.5, 0.5 ], "texture": "#texture" },
        "north": { "uv": [ 2, 0, 2.5, 1.5 ], "texture": "#texture" },
        "south": { "uv": [ 2, 0, 2.5, 1.5 ], "texture": "#texture" },
        "west":  { "uv": [ 1, 0, 1.5, 1.5 ], "texture": "#texture" },
        "east":  { "uv": [ 1, 0, 1.5, 1.5 ], "texture": "#texture" }
    }
},
{
    "from": [ 4, 8, 2 ],
    "to": [ 12, 9.5, 2.5 ],
    "faces": {
        "down":  { "uv": [ 0.5, 1, 1, 1.5 ], "texture": "#texture" },
        "up":    { "uv": [ 0.5, 0, 1, 0.5 ], "texture": "#texture" },
        "north": { "uv": [ 0.5, 0, 1, 1.5 ], "texture": "#texture" },
        "south": { "uv": [ 0.5, 0, 1, 1.5 ], "texture": "#texture" },
        "west":  { "uv": [ 0.5, 0, 1, 1.5 ], "texture": "#texture" },
        "east":  { "uv": [ 0.5, 0, 1, 1.5 ], "texture": "#texture" }
    }
},
{
    "from": [ 4, 4, 2 ],
    "to": [ 12, 5.5, 2.5 ],
    "faces": {
        "down":  { "uv": [ 0.5, 1, 1, 1.5 ], "texture": "#texture" },
        "up":    { "uv": [ 0.5, 0, 1, 0.5 ], "texture": "#texture" },
        "north": { "uv": [ 0.5, 0, 1, 1.5 ], "texture": "#texture" },
        "south": { "uv": [ 0.5, 0, 1, 1.5 ], "texture": "#texture" },
        "west":  { "uv": [ 0.5, 0, 1, 1.5 ], "texture": "#texture" },
        "east":  { "uv": [ 0.5, 0, 1, 1.5 ], "texture": "#texture" }
    }
},
{
    "from": [ 7, 8, 1.5 ],
    "to": [ 9, 9.5, 2 ],
    "faces": {
        "down":  { "uv": [ 0, 1, 0.5, 0.5 ], "texture": "#texture" },
        "up":    { "uv": [ 0, 0.5, 0.5, 1 ], "texture": "#texture" },
        "north": { "uv": [ 0, 0.5, 0.5, 1 ], "texture": "#texture" },
        "west":  { "uv": [ 0, 0.5, 0.5, 1 ], "texture": "#texture" },
        "east":  { "uv": [ 0.5, 0.5, 0, 1 ], "texture": "#texture" }
    }
},
{
    "from": [ 7, 9.5, 2 ],
    "to": [ 9, 10, 2.5 ],
    "faces": {
        "up":    { "uv": [ 0, 0.5, 0.5, 1 ], "texture": "#texture" },
        "north": { "uv": [ 0, 0.5, 0.5, 1 ], "texture": "#texture" },
        "south": { "uv": [ 0, 1, 0.5, 0.5 ], "texture": "#texture" },
        "west":  { "uv": [ 0, 0.5, 0.5, 1 ], "texture": "#texture" },
        "east":  { "uv": [ 0.5, 0.5, 0, 1 ], "texture": "#texture" }
    }
},
{
    "from": [ 7, 7.5, 2 ],
    "to": [ 9, 8, 2.5 ],
    "faces": {
        "down":  { "uv": [ 0, 1, 0.5, 0.5 ], "texture": "#texture" },
        "north": { "uv": [ 0, 0.5, 0.5, 1 ], "texture": "#texture" },
        "south": { "uv": [ 0, 1, 0.5, 0.5 ], "texture": "#texture" },
        "west":  { "uv": [ 0, 0.5, 0.5, 1 ], "texture": "#texture" },
        "east":  { "uv": [ 0.5, 0.5, 0, 1 ], "texture": "#texture" }
    }
},
{
    "from": [ 7, 5.5, 2 ],
    "to": [ 9, 6, 2.5 ],
    "faces": {
        "up":    { "uv": [ 0, 0.5, 0.5, 1 ], "texture": "#texture" },
        "north": { "uv": [ 0, 0.5, 0.5, 1 ], "texture": "#texture" },
        "south": { "uv": [ 0, 1, 0.5, 0.5 ], "texture": "#texture" },
        "west":  { "uv": [ 0, 0.5, 0.5, 1 ], "texture": "#texture" },
        "east":  { "uv": [ 0.5, 0.5, 0, 1 ], "texture": "#texture" }
    }
},
{
    "from": [ 7, 3.5, 2 ],
    "to": [ 9, 4, 2.5 ],
    "faces": {
        "down":  { "uv": [ 0, 1, 0.5, 0.5 ], "texture": "#texture" },
        "north": { "uv": [ 0, 0.5, 0.5, 1 ], "texture": "#texture" },
        "south": { "uv": [ 0, 1, 0.5, 0.5 ], "texture": "#texture" },
        "west":  { "uv": [ 0, 0.5, 0.5, 1 ], "texture": "#texture" },
        "east":  { "uv": [ 0.5, 0.5, 0, 1 ], "texture": "#texture" }
    }
},
{
    "from": [ 7, 4, 1.5 ],
    "to": [ 9, 5.5, 2 ],
    "faces": {
        "down":  { "uv": [ 0, 1, 0.5, 0.5 ], "texture": "#texture" },
        "up":    { "uv": [ 0, 0.5, 0.5, 1 ], "texture": "#texture" },
        "north": { "uv": [ 0, 0.5, 0.5, 1 ], "texture": "#texture" },
        "west":  { "uv": [ 0, 0.5, 0.5, 1 ], "texture": "#texture" },
        "east":  { "uv": [ 0.5, 0.5, 0, 1 ], "texture": "#texture" }
    }
},
{
    "from": [ 10, 19, 10.5 ],
    "to": [ 10.5, 20, 11 ],
    "faces": {
        "down":  { "uv": [ 2, 8.5, 2.5, 8 ], "texture": "#texture", "cullface": "up" },
        "up":    { "uv": [ 2, 8, 2.5, 8.5 ], "texture": "#texture", "cullface": "up" },
        "north": { "uv": [ 2, 8, 2.5, 8.5 ], "texture": "#texture", "cullface": "up" },
        "south": { "uv": [ 2, 8.5, 2.5, 8 ], "texture": "#texture", "cullface": "up" },
        "west":  { "uv": [ 2, 8, 2.5, 8.5 ], "texture": "#texture", "cullface": "up" },
        "east":  { "uv": [ 2.5, 8, 2, 8.5 ], "texture": "#texture", "cullface": "up" }
    }
},
{
    "from": [ 9.5, 20, 10.5 ],
    "to": [ 10, 20.5, 11 ],
    "faces": {
        "down":  { "uv": [ 2, 8.5, 2.5, 8 ], "texture": "#texture", "cullface": "up" },
        "up":    { "uv": [ 2, 8, 2.5, 8.5 ], "texture": "#texture", "cullface": "up" },
        "north": { "uv": [ 2, 8, 2.5, 8.5 ], "texture": "#texture", "cullface": "up" },
        "south": { "uv": [ 2, 8.5, 2.5, 8 ], "texture": "#texture", "cullface": "up" },
        "west":  { "uv": [ 2, 8, 2.5, 8.5 ], "texture": "#texture", "cullface": "up" },
        "east":  { "uv": [ 2.5, 8, 2, 8.5 ], "texture": "#texture", "cullface": "up" }
    }
}
],
"display": {
    "head": {
        "rotation": [ 0, 180, 0 ],
        "translation": [ 0, 0.7, -0.8 ],
        "scale": [ 1.6, 1.6, 1.6 ]
    },
    "gui": {
        "rotation": [ -30, 135, 0 ],
        "translation": [ 0, -1.4, 0 ],
        "scale": [ 1.2, 1.2, 1.2 ]
    }
}
}