{
  "ShoopDaWhoop.active": {
    "category": "master",
    "sounds": [
      "ShoopDaWhoop/active"
    ]
  },
  "ShoopDaWhoop.chargedbeam.big": {
    "category": "master",
    "sounds": [
      "ShoopDaWhoop/chargedbeam_big"
    ]
  },
  "ShoopDaWhoop.chargedbeam.small": {
    "category": "master",
    "sounds": [
      "ShoopDaWhoop/chargedbeam_small"
    ]
  },
  "ShoopDaWhoop.crystal": {
    "category": "master",
    "sounds": [
      "ShoopDaWhoop/crystal"
    ]
  },
  "ShoopDaWhoop.pain": {
    "category": "master",
    "sounds": [
      "ShoopDaWhoop/pain1",
      "ShoopDaWhoop/pain2"
    ]
  },
  "ShoopDaWhoop.select": {
    "category": "master",
    "sounds": [
      "ShoopDaWhoop/select"
    ]
  },
  "ShoopDaWhoop.smashed": {
    "category": "master",
    "sounds": [
      "ShoopDaWhoop/smashed"
    ]
  },
  "ShoopDaWhoop.taunt": {
    "category": "master",
    "sounds": [
      "ShoopDaWhoop/taunt"
    ]
  }
}