{
"__comment": "Designed by Hypixel minecraft server with BDcraft Cubik PRO 0.90 Beta - http://bdcraft.net",
"textures": {
    "particle": "blocks/lightning",
    "texture": "blocks/lightning"
},
"elements": [ 
{
    "from": [ 7.5, 8.5, 0 ],
    "to": [ 8, 9, 17.5 ],
    "faces": {
        "down":  { "uv": [ 7, 3.5, 7.5, 3 ], "texture": "#texture" },
        "up":    { "uv": [ 7, 3, 7.5, 3.5 ], "texture": "#texture" },
        "north": { "uv": [ 7, 3, 7.5, 3.5 ], "texture": "#texture" },
        "south": { "uv": [ 7, 3.5, 7.5, 3 ], "texture": "#texture" },
        "west":  { "uv": [ 7, 3, 7.5, 3.5 ], "texture": "#texture" },
        "east":  { "uv": [ 7.5, 3, 7, 3.5 ], "texture": "#texture" }
    }
},
{
    "from": [ 7, 9, 2 ],
    "to": [ 7.5, 9.5, 5 ],
    "faces": {
        "down":  { "uv": [ 7, 3.5, 7.5, 3 ], "texture": "#texture" },
        "up":    { "uv": [ 7, 3, 7.5, 3.5 ], "texture": "#texture" },
        "north": { "uv": [ 7, 3, 7.5, 3.5 ], "texture": "#texture" },
        "south": { "uv": [ 7, 3.5, 7.5, 3 ], "texture": "#texture" },
        "west":  { "uv": [ 7, 3, 7.5, 3.5 ], "texture": "#texture" },
        "east":  { "uv": [ 7.5, 3, 7, 3.5 ], "texture": "#texture" }
    }
},
{
    "from": [ 8, 8, 0.5 ],
    "to": [ 8.5, 8.5, 7 ],
    "faces": {
        "down":  { "uv": [ 7, 3.5, 7.5, 3 ], "texture": "#texture" },
        "up":    { "uv": [ 7, 3, 7.5, 3.5 ], "texture": "#texture" },
        "north": { "uv": [ 7, 3, 7.5, 3.5 ], "texture": "#texture" },
        "south": { "uv": [ 7, 3.5, 7.5, 3 ], "texture": "#texture" },
        "west":  { "uv": [ 7, 3, 7.5, 3.5 ], "texture": "#texture" },
        "east":  { "uv": [ 7.5, 3, 7, 3.5 ], "texture": "#texture" }
    }
},
{
    "from": [ 8, 8.5, 3 ],
    "to": [ 8.5, 9, 14 ],
    "faces": {
        "down":  { "uv": [ 7, 3.5, 7.5, 3 ], "texture": "#texture" },
        "up":    { "uv": [ 7, 3, 7.5, 3.5 ], "texture": "#texture" },
        "north": { "uv": [ 7, 3, 7.5, 3.5 ], "texture": "#texture" },
        "south": { "uv": [ 7, 3.5, 7.5, 3 ], "texture": "#texture" },
        "west":  { "uv": [ 7, 3, 7.5, 3.5 ], "texture": "#texture" },
        "east":  { "uv": [ 7.5, 3, 7, 3.5 ], "texture": "#texture" }
    }
},
{
    "from": [ 8.5, 8, 4 ],
    "to": [ 9, 8.5, 10.5 ],
    "faces": {
        "down":  { "uv": [ 7, 3.5, 7.5, 3 ], "texture": "#texture" },
        "up":    { "uv": [ 7, 3, 7.5, 3.5 ], "texture": "#texture" },
        "north": { "uv": [ 7, 3, 7.5, 3.5 ], "texture": "#texture" },
        "south": { "uv": [ 7, 3.5, 7.5, 3 ], "texture": "#texture" },
        "west":  { "uv": [ 7, 3, 7.5, 3.5 ], "texture": "#texture" },
        "east":  { "uv": [ 7.5, 3, 7, 3.5 ], "texture": "#texture" }
    }
},
{
    "from": [ 6.5, 9.5, 2.5 ],
    "to": [ 7, 10, 4 ],
    "faces": {
        "down":  { "uv": [ 7, 3.5, 7.5, 3 ], "texture": "#texture" },
        "up":    { "uv": [ 7, 3, 7.5, 3.5 ], "texture": "#texture" },
        "north": { "uv": [ 7, 3, 7.5, 3.5 ], "texture": "#texture" },
        "south": { "uv": [ 7, 3.5, 7.5, 3 ], "texture": "#texture" },
        "west":  { "uv": [ 7, 3, 7.5, 3.5 ], "texture": "#texture" },
        "east":  { "uv": [ 7.5, 3, 7, 3.5 ], "texture": "#texture" }
    }
},
{
    "from": [ 9, 7.5, 5 ],
    "to": [ 9.5, 8, 9.5 ],
    "faces": {
        "down":  { "uv": [ 7, 3.5, 7.5, 3 ], "texture": "#texture" },
        "up":    { "uv": [ 7, 3, 7.5, 3.5 ], "texture": "#texture" },
        "north": { "uv": [ 7, 3, 7.5, 3.5 ], "texture": "#texture" },
        "south": { "uv": [ 7, 3.5, 7.5, 3 ], "texture": "#texture" },
        "west":  { "uv": [ 7, 3, 7.5, 3.5 ], "texture": "#texture" },
        "east":  { "uv": [ 7.5, 3, 7, 3.5 ], "texture": "#texture" }
    }
},
{
    "from": [ 9.5, 7, 6 ],
    "to": [ 10, 7.5, 8.5 ],
    "faces": {
        "down":  { "uv": [ 7, 3.5, 7.5, 3 ], "texture": "#texture" },
        "up":    { "uv": [ 7, 3, 7.5, 3.5 ], "texture": "#texture" },
        "north": { "uv": [ 7, 3, 7.5, 3.5 ], "texture": "#texture" },
        "south": { "uv": [ 7, 3.5, 7.5, 3 ], "texture": "#texture" },
        "west":  { "uv": [ 7, 3, 7.5, 3.5 ], "texture": "#texture" },
        "east":  { "uv": [ 7.5, 3, 7, 3.5 ], "texture": "#texture" }
    }
},
{
    "from": [ 9, 8, 5.5 ],
    "to": [ 9.5, 8.5, 8.5 ],
    "faces": {
        "down":  { "uv": [ 7, 3.5, 7.5, 3 ], "texture": "#texture" },
        "up":    { "uv": [ 7, 3, 7.5, 3.5 ], "texture": "#texture" },
        "north": { "uv": [ 7, 3, 7.5, 3.5 ], "texture": "#texture" },
        "south": { "uv": [ 7, 3.5, 7.5, 3 ], "texture": "#texture" },
        "west":  { "uv": [ 7, 3, 7.5, 3.5 ], "texture": "#texture" },
        "east":  { "uv": [ 7.5, 3, 7, 3.5 ], "texture": "#texture" }
    }
},
{
    "from": [ 9.5, 7.5, 7 ],
    "to": [ 10, 8, 8 ],
    "faces": {
        "down":  { "uv": [ 7, 3.5, 7.5, 3 ], "texture": "#texture" },
        "up":    { "uv": [ 7, 3, 7.5, 3.5 ], "texture": "#texture" },
        "north": { "uv": [ 7, 3, 7.5, 3.5 ], "texture": "#texture" },
        "south": { "uv": [ 7, 3.5, 7.5, 3 ], "texture": "#texture" },
        "west":  { "uv": [ 7, 3, 7.5, 3.5 ], "texture": "#texture" },
        "east":  { "uv": [ 7.5, 3, 7, 3.5 ], "texture": "#texture" }
    }
},
{
    "from": [ 7, 9, 8 ],
    "to": [ 7.5, 9.5, 14 ],
    "faces": {
        "down":  { "uv": [ 7, 3.5, 7.5, 3 ], "texture": "#texture" },
        "up":    { "uv": [ 7, 3, 7.5, 3.5 ], "texture": "#texture" },
        "north": { "uv": [ 7, 3, 7.5, 3.5 ], "texture": "#texture" },
        "south": { "uv": [ 7, 3.5, 7.5, 3 ], "texture": "#texture" },
        "west":  { "uv": [ 7, 3, 7.5, 3.5 ], "texture": "#texture" },
        "east":  { "uv": [ 7.5, 3, 7, 3.5 ], "texture": "#texture" }
    }
},
{
    "from": [ 6.5, 9.5, 9.5 ],
    "to": [ 7, 10, 12.5 ],
    "faces": {
        "down":  { "uv": [ 7, 3.5, 7.5, 3 ], "texture": "#texture" },
        "up":    { "uv": [ 7, 3, 7.5, 3.5 ], "texture": "#texture" },
        "north": { "uv": [ 7, 3, 7.5, 3.5 ], "texture": "#texture" },
        "south": { "uv": [ 7, 3.5, 7.5, 3 ], "texture": "#texture" },
        "west":  { "uv": [ 7, 3, 7.5, 3.5 ], "texture": "#texture" },
        "east":  { "uv": [ 7.5, 3, 7, 3.5 ], "texture": "#texture" }
    }
},
{
    "from": [ 6, 10, 10.5 ],
    "to": [ 6.5, 10.5, 11.5 ],
    "faces": {
        "down":  { "uv": [ 7, 3.5, 7.5, 3 ], "texture": "#texture" },
        "up":    { "uv": [ 7, 3, 7.5, 3.5 ], "texture": "#texture" },
        "north": { "uv": [ 7, 3, 7.5, 3.5 ], "texture": "#texture" },
        "south": { "uv": [ 7, 3.5, 7.5, 3 ], "texture": "#texture" },
        "west":  { "uv": [ 7, 3, 7.5, 3.5 ], "texture": "#texture" },
        "east":  { "uv": [ 7.5, 3, 7, 3.5 ], "texture": "#texture" }
    }
},
{
    "from": [ 8.5, 7.5, 1 ],
    "to": [ 9, 8, 3 ],
    "faces": {
        "down":  { "uv": [ 7, 3.5, 7.5, 3 ], "texture": "#texture" },
        "up":    { "uv": [ 7, 3, 7.5, 3.5 ], "texture": "#texture" },
        "north": { "uv": [ 7, 3, 7.5, 3.5 ], "texture": "#texture" },
        "south": { "uv": [ 7, 3.5, 7.5, 3 ], "texture": "#texture" },
        "west":  { "uv": [ 7, 3, 7.5, 3.5 ], "texture": "#texture" },
        "east":  { "uv": [ 7.5, 3, 7, 3.5 ], "texture": "#texture" }
    }
},
{
    "from": [ 8, 8, 9.5 ],
    "to": [ 8.5, 8.5, 12 ],
    "faces": {
        "down":  { "uv": [ 7, 3.5, 7.5, 3 ], "texture": "#texture" },
        "up":    { "uv": [ 7, 3, 7.5, 3.5 ], "texture": "#texture" },
        "north": { "uv": [ 7, 3, 7.5, 3.5 ], "texture": "#texture" },
        "south": { "uv": [ 7, 3.5, 7.5, 3 ], "texture": "#texture" },
        "west":  { "uv": [ 7, 3, 7.5, 3.5 ], "texture": "#texture" },
        "east":  { "uv": [ 7.5, 3, 7, 3.5 ], "texture": "#texture" }
    }
},
{
    "from": [ 7, 9.5, 10.5 ],
    "to": [ 7.5, 10, 12 ],
    "faces": {
        "down":  { "uv": [ 7, 3.5, 7.5, 3 ], "texture": "#texture" },
        "up":    { "uv": [ 7, 3, 7.5, 3.5 ], "texture": "#texture" },
        "north": { "uv": [ 7, 3, 7.5, 3.5 ], "texture": "#texture" },
        "south": { "uv": [ 7, 3.5, 7.5, 3 ], "texture": "#texture" },
        "west":  { "uv": [ 7, 3, 7.5, 3.5 ], "texture": "#texture" },
        "east":  { "uv": [ 7.5, 3, 7, 3.5 ], "texture": "#texture" }
    }
},
{
    "from": [ 7.5, 9, 2.5 ],
    "to": [ 8, 9.5, 12.5 ],
    "faces": {
        "down":  { "uv": [ 7, 3.5, 7.5, 3 ], "texture": "#texture" },
        "up":    { "uv": [ 7, 3, 7.5, 3.5 ], "texture": "#texture" },
        "north": { "uv": [ 7, 3, 7.5, 3.5 ], "texture": "#texture" },
        "south": { "uv": [ 7, 3.5, 7.5, 3 ], "texture": "#texture" },
        "west":  { "uv": [ 7, 3, 7.5, 3.5 ], "texture": "#texture" },
        "east":  { "uv": [ 7.5, 3, 7, 3.5 ], "texture": "#texture" }
    }
},
{
    "from": [ 7, 9, 5 ],
    "to": [ 7.5, 9.5, 8 ],
    "faces": {
        "down":  { "uv": [ 7.5, 6.5, 8, 6 ], "texture": "#texture" },
        "up":    { "uv": [ 7.5, 6, 8, 6.5 ], "texture": "#texture" },
        "north": { "uv": [ 7.5, 6, 8, 6.5 ], "texture": "#texture" },
        "south": { "uv": [ 7.5, 6.5, 8, 6 ], "texture": "#texture" },
        "west":  { "uv": [ 7.5, 6, 8, 6.5 ], "texture": "#texture" },
        "east":  { "uv": [ 8, 6, 7.5, 6.5 ], "texture": "#texture" }
    }
},
{
    "from": [ 7, 9, 0 ],
    "to": [ 7.5, 9.5, 2 ],
    "faces": {
        "down":  { "uv": [ 7.5, 6.5, 8, 6 ], "texture": "#texture" },
        "up":    { "uv": [ 7.5, 6, 8, 6.5 ], "texture": "#texture" },
        "north": { "uv": [ 7.5, 6, 8, 6.5 ], "texture": "#texture" },
        "south": { "uv": [ 7.5, 6.5, 8, 6 ], "texture": "#texture" },
        "west":  { "uv": [ 7.5, 6, 8, 6.5 ], "texture": "#texture" },
        "east":  { "uv": [ 8, 6, 7.5, 6.5 ], "texture": "#texture" }
    }
},
{
    "from": [ 7, 9, 14 ],
    "to": [ 7.5, 9.5, 18.5 ],
    "faces": {
        "down":  { "uv": [ 7.5, 6.5, 8, 6 ], "texture": "#texture" },
        "up":    { "uv": [ 7.5, 6, 8, 6.5 ], "texture": "#texture" },
        "north": { "uv": [ 7.5, 6, 8, 6.5 ], "texture": "#texture" },
        "south": { "uv": [ 7.5, 6.5, 8, 6 ], "texture": "#texture" },
        "west":  { "uv": [ 7.5, 6, 8, 6.5 ], "texture": "#texture" },
        "east":  { "uv": [ 8, 6, 7.5, 6.5 ], "texture": "#texture" }
    }
},
{
    "from": [ 6.5, 9.5, 12.5 ],
    "to": [ 7, 10, 15 ],
    "faces": {
        "down":  { "uv": [ 7.5, 6.5, 8, 6 ], "texture": "#texture" },
        "up":    { "uv": [ 7.5, 6, 8, 6.5 ], "texture": "#texture" },
        "north": { "uv": [ 7.5, 6, 8, 6.5 ], "texture": "#texture" },
        "south": { "uv": [ 7.5, 6.5, 8, 6 ], "texture": "#texture" },
        "west":  { "uv": [ 7.5, 6, 8, 6.5 ], "texture": "#texture" },
        "east":  { "uv": [ 8, 6, 7.5, 6.5 ], "texture": "#texture" }
    }
},
{
    "from": [ 7.5, 8.5, 17.5 ],
    "to": [ 8, 9, 21 ],
    "faces": {
        "down":  { "uv": [ 7.5, 6.5, 8, 6 ], "texture": "#texture" },
        "up":    { "uv": [ 7.5, 6, 8, 6.5 ], "texture": "#texture" },
        "north": { "uv": [ 7.5, 6, 8, 6.5 ], "texture": "#texture" },
        "south": { "uv": [ 7.5, 6.5, 8, 6 ], "texture": "#texture" },
        "west":  { "uv": [ 7.5, 6, 8, 6.5 ], "texture": "#texture" },
        "east":  { "uv": [ 8, 6, 7.5, 6.5 ], "texture": "#texture" }
    }
},
{
    "from": [ 6.5, 9.5, 7 ],
    "to": [ 7, 10, 9.5 ],
    "faces": {
        "down":  { "uv": [ 7.5, 6.5, 8, 6 ], "texture": "#texture" },
        "up":    { "uv": [ 7.5, 6, 8, 6.5 ], "texture": "#texture" },
        "north": { "uv": [ 7.5, 6, 8, 6.5 ], "texture": "#texture" },
        "south": { "uv": [ 7.5, 6.5, 8, 6 ], "texture": "#texture" },
        "west":  { "uv": [ 7.5, 6, 8, 6.5 ], "texture": "#texture" },
        "east":  { "uv": [ 8, 6, 7.5, 6.5 ], "texture": "#texture" }
    }
},
{
    "from": [ 6.5, 9.5, 4 ],
    "to": [ 7, 10, 5.5 ],
    "faces": {
        "down":  { "uv": [ 7.5, 6.5, 8, 6 ], "texture": "#texture" },
        "up":    { "uv": [ 7.5, 6, 8, 6.5 ], "texture": "#texture" },
        "north": { "uv": [ 7.5, 6, 8, 6.5 ], "texture": "#texture" },
        "south": { "uv": [ 7.5, 6.5, 8, 6 ], "texture": "#texture" },
        "west":  { "uv": [ 7.5, 6, 8, 6.5 ], "texture": "#texture" },
        "east":  { "uv": [ 8, 6, 7.5, 6.5 ], "texture": "#texture" }
    }
},
{
    "from": [ 6.5, 9.5, 0.5 ],
    "to": [ 7, 10, 2.5 ],
    "faces": {
        "down":  { "uv": [ 7.5, 6.5, 8, 6 ], "texture": "#texture" },
        "up":    { "uv": [ 7.5, 6, 8, 6.5 ], "texture": "#texture" },
        "north": { "uv": [ 7.5, 6, 8, 6.5 ], "texture": "#texture" },
        "south": { "uv": [ 7.5, 6.5, 8, 6 ], "texture": "#texture" },
        "west":  { "uv": [ 7.5, 6, 8, 6.5 ], "texture": "#texture" },
        "east":  { "uv": [ 8, 6, 7.5, 6.5 ], "texture": "#texture" }
    }
},
{
    "from": [ 6, 10, 9.5 ],
    "to": [ 6.5, 10.5, 10.5 ],
    "faces": {
        "down":  { "uv": [ 7.5, 6.5, 8, 6 ], "texture": "#texture" },
        "up":    { "uv": [ 7.5, 6, 8, 6.5 ], "texture": "#texture" },
        "north": { "uv": [ 7.5, 6, 8, 6.5 ], "texture": "#texture" },
        "south": { "uv": [ 7.5, 6.5, 8, 6 ], "texture": "#texture" },
        "west":  { "uv": [ 7.5, 6, 8, 6.5 ], "texture": "#texture" },
        "east":  { "uv": [ 8, 6, 7.5, 6.5 ], "texture": "#texture" }
    }
},
{
    "from": [ 6, 10, 11.5 ],
    "to": [ 6.5, 10.5, 13 ],
    "faces": {
        "down":  { "uv": [ 7.5, 6.5, 8, 6 ], "texture": "#texture" },
        "up":    { "uv": [ 7.5, 6, 8, 6.5 ], "texture": "#texture" },
        "north": { "uv": [ 7.5, 6, 8, 6.5 ], "texture": "#texture" },
        "south": { "uv": [ 7.5, 6.5, 8, 6 ], "texture": "#texture" },
        "west":  { "uv": [ 7.5, 6, 8, 6.5 ], "texture": "#texture" },
        "east":  { "uv": [ 8, 6, 7.5, 6.5 ], "texture": "#texture" }
    }
},
{
    "from": [ 5.5, 10.5, 10.5 ],
    "to": [ 6, 11, 12 ],
    "faces": {
        "down":  { "uv": [ 7.5, 6.5, 8, 6 ], "texture": "#texture" },
        "up":    { "uv": [ 7.5, 6, 8, 6.5 ], "texture": "#texture" },
        "north": { "uv": [ 7.5, 6, 8, 6.5 ], "texture": "#texture" },
        "south": { "uv": [ 7.5, 6.5, 8, 6 ], "texture": "#texture" },
        "west":  { "uv": [ 7.5, 6, 8, 6.5 ], "texture": "#texture" },
        "east":  { "uv": [ 8, 6, 7.5, 6.5 ], "texture": "#texture" }
    }
},
{
    "from": [ 6, 10, 3 ],
    "to": [ 6.5, 10.5, 4 ],
    "faces": {
        "down":  { "uv": [ 7.5, 6.5, 8, 6 ], "texture": "#texture" },
        "up":    { "uv": [ 7.5, 6, 8, 6.5 ], "texture": "#texture" },
        "north": { "uv": [ 7.5, 6, 8, 6.5 ], "texture": "#texture" },
        "south": { "uv": [ 7.5, 6.5, 8, 6 ], "texture": "#texture" },
        "west":  { "uv": [ 7.5, 6, 8, 6.5 ], "texture": "#texture" },
        "east":  { "uv": [ 8, 6, 7.5, 6.5 ], "texture": "#texture" }
    }
},
{
    "from": [ 8, 8, 12.5 ],
    "to": [ 8.5, 8.5, 16.5 ],
    "faces": {
        "down":  { "uv": [ 7.5, 6.5, 8, 6 ], "texture": "#texture" },
        "up":    { "uv": [ 7.5, 6, 8, 6.5 ], "texture": "#texture" },
        "north": { "uv": [ 7.5, 6, 8, 6.5 ], "texture": "#texture" },
        "south": { "uv": [ 7.5, 6.5, 8, 6 ], "texture": "#texture" },
        "west":  { "uv": [ 7.5, 6, 8, 6.5 ], "texture": "#texture" },
        "east":  { "uv": [ 8, 6, 7.5, 6.5 ], "texture": "#texture" }
    }
},
{
    "from": [ 7.5, 8.5, -0.5 ],
    "to": [ 8, 9, 0 ],
    "faces": {
        "down":  { "uv": [ 7.5, 6.5, 8, 6 ], "texture": "#texture" },
        "up":    { "uv": [ 7.5, 6, 8, 6.5 ], "texture": "#texture" },
        "north": { "uv": [ 7.5, 6, 8, 6.5 ], "texture": "#texture" },
        "south": { "uv": [ 7.5, 6.5, 8, 6 ], "texture": "#texture" },
        "west":  { "uv": [ 7.5, 6, 8, 6.5 ], "texture": "#texture" },
        "east":  { "uv": [ 8, 6, 7.5, 6.5 ], "texture": "#texture" }
    }
},
{
    "from": [ 8.5, 7.5, 10.5 ],
    "to": [ 9, 8, 13.5 ],
    "faces": {
        "down":  { "uv": [ 7.5, 6.5, 8, 6 ], "texture": "#texture" },
        "up":    { "uv": [ 7.5, 6, 8, 6.5 ], "texture": "#texture" },
        "north": { "uv": [ 7.5, 6, 8, 6.5 ], "texture": "#texture" },
        "south": { "uv": [ 7.5, 6.5, 8, 6 ], "texture": "#texture" },
        "west":  { "uv": [ 7.5, 6, 8, 6.5 ], "texture": "#texture" },
        "east":  { "uv": [ 8, 6, 7.5, 6.5 ], "texture": "#texture" }
    }
},
{
    "from": [ 9, 7.5, 9.5 ],
    "to": [ 9.5, 8, 11 ],
    "faces": {
        "down":  { "uv": [ 7.5, 6.5, 8, 6 ], "texture": "#texture" },
        "up":    { "uv": [ 7.5, 6, 8, 6.5 ], "texture": "#texture" },
        "north": { "uv": [ 7.5, 6, 8, 6.5 ], "texture": "#texture" },
        "south": { "uv": [ 7.5, 6.5, 8, 6 ], "texture": "#texture" },
        "west":  { "uv": [ 7.5, 6, 8, 6.5 ], "texture": "#texture" },
        "east":  { "uv": [ 8, 6, 7.5, 6.5 ], "texture": "#texture" }
    }
},
{
    "from": [ 8.5, 7.5, 3 ],
    "to": [ 9, 8, 4 ],
    "faces": {
        "down":  { "uv": [ 7.5, 6.5, 8, 6 ], "texture": "#texture" },
        "up":    { "uv": [ 7.5, 6, 8, 6.5 ], "texture": "#texture" },
        "north": { "uv": [ 7.5, 6, 8, 6.5 ], "texture": "#texture" },
        "south": { "uv": [ 7.5, 6.5, 8, 6 ], "texture": "#texture" },
        "west":  { "uv": [ 7.5, 6, 8, 6.5 ], "texture": "#texture" },
        "east":  { "uv": [ 8, 6, 7.5, 6.5 ], "texture": "#texture" }
    }
},
{
    "from": [ 8.5, 7.5, 0 ],
    "to": [ 9, 8, 1 ],
    "faces": {
        "down":  { "uv": [ 7.5, 6.5, 8, 6 ], "texture": "#texture" },
        "up":    { "uv": [ 7.5, 6, 8, 6.5 ], "texture": "#texture" },
        "north": { "uv": [ 7.5, 6, 8, 6.5 ], "texture": "#texture" },
        "south": { "uv": [ 7.5, 6.5, 8, 6 ], "texture": "#texture" },
        "west":  { "uv": [ 7.5, 6, 8, 6.5 ], "texture": "#texture" },
        "east":  { "uv": [ 8, 6, 7.5, 6.5 ], "texture": "#texture" }
    }
},
{
    "from": [ 8, 8, -0.5 ],
    "to": [ 8.5, 8.5, 0.5 ],
    "faces": {
        "down":  { "uv": [ 7.5, 6.5, 8, 6 ], "texture": "#texture" },
        "up":    { "uv": [ 7.5, 6, 8, 6.5 ], "texture": "#texture" },
        "north": { "uv": [ 7.5, 6, 8, 6.5 ], "texture": "#texture" },
        "south": { "uv": [ 7.5, 6.5, 8, 6 ], "texture": "#texture" },
        "west":  { "uv": [ 7.5, 6, 8, 6.5 ], "texture": "#texture" },
        "east":  { "uv": [ 8, 6, 7.5, 6.5 ], "texture": "#texture" }
    }
},
{
    "from": [ 9.5, 7, 8.5 ],
    "to": [ 10, 7.5, 10 ],
    "faces": {
        "down":  { "uv": [ 7.5, 6.5, 8, 6 ], "texture": "#texture" },
        "up":    { "uv": [ 7.5, 6, 8, 6.5 ], "texture": "#texture" },
        "north": { "uv": [ 7.5, 6, 8, 6.5 ], "texture": "#texture" },
        "south": { "uv": [ 7.5, 6.5, 8, 6 ], "texture": "#texture" },
        "west":  { "uv": [ 7.5, 6, 8, 6.5 ], "texture": "#texture" },
        "east":  { "uv": [ 8, 6, 7.5, 6.5 ], "texture": "#texture" }
    }
},
{
    "from": [ 9.5, 7, 4.5 ],
    "to": [ 10, 7.5, 6 ],
    "faces": {
        "down":  { "uv": [ 7.5, 6.5, 8, 6 ], "texture": "#texture" },
        "up":    { "uv": [ 7.5, 6, 8, 6.5 ], "texture": "#texture" },
        "north": { "uv": [ 7.5, 6, 8, 6.5 ], "texture": "#texture" },
        "south": { "uv": [ 7.5, 6.5, 8, 6 ], "texture": "#texture" },
        "west":  { "uv": [ 7.5, 6, 8, 6.5 ], "texture": "#texture" },
        "east":  { "uv": [ 8, 6, 7.5, 6.5 ], "texture": "#texture" }
    }
},
{
    "from": [ 9, 7.5, 3.5 ],
    "to": [ 9.5, 8, 5 ],
    "faces": {
        "down":  { "uv": [ 7.5, 6.5, 8, 6 ], "texture": "#texture" },
        "up":    { "uv": [ 7.5, 6, 8, 6.5 ], "texture": "#texture" },
        "north": { "uv": [ 7.5, 6, 8, 6.5 ], "texture": "#texture" },
        "south": { "uv": [ 7.5, 6.5, 8, 6 ], "texture": "#texture" },
        "west":  { "uv": [ 7.5, 6, 8, 6.5 ], "texture": "#texture" },
        "east":  { "uv": [ 8, 6, 7.5, 6.5 ], "texture": "#texture" }
    }
},
{
    "from": [ 9, 7.5, 1 ],
    "to": [ 9.5, 8, 3 ],
    "faces": {
        "down":  { "uv": [ 7.5, 6.5, 8, 6 ], "texture": "#texture" },
        "up":    { "uv": [ 7.5, 6, 8, 6.5 ], "texture": "#texture" },
        "north": { "uv": [ 7.5, 6, 8, 6.5 ], "texture": "#texture" },
        "south": { "uv": [ 7.5, 6.5, 8, 6 ], "texture": "#texture" },
        "west":  { "uv": [ 7.5, 6, 8, 6.5 ], "texture": "#texture" },
        "east":  { "uv": [ 8, 6, 7.5, 6.5 ], "texture": "#texture" }
    }
},
{
    "from": [ 10, 6.5, 5.5 ],
    "to": [ 10.5, 7, 8.5 ],
    "faces": {
        "down":  { "uv": [ 7.5, 6.5, 8, 6 ], "texture": "#texture" },
        "up":    { "uv": [ 7.5, 6, 8, 6.5 ], "texture": "#texture" },
        "north": { "uv": [ 7.5, 6, 8, 6.5 ], "texture": "#texture" },
        "south": { "uv": [ 7.5, 6.5, 8, 6 ], "texture": "#texture" },
        "west":  { "uv": [ 7.5, 6, 8, 6.5 ], "texture": "#texture" },
        "east":  { "uv": [ 8, 6, 7.5, 6.5 ], "texture": "#texture" }
    }
},
{
    "from": [ 10.5, 6, 6.5 ],
    "to": [ 11, 6.5, 7.5 ],
    "faces": {
        "down":  { "uv": [ 7.5, 6.5, 8, 6 ], "texture": "#texture" },
        "up":    { "uv": [ 7.5, 6, 8, 6.5 ], "texture": "#texture" },
        "north": { "uv": [ 7.5, 6, 8, 6.5 ], "texture": "#texture" },
        "south": { "uv": [ 7.5, 6.5, 8, 6 ], "texture": "#texture" },
        "west":  { "uv": [ 7.5, 6, 8, 6.5 ], "texture": "#texture" },
        "east":  { "uv": [ 8, 6, 7.5, 6.5 ], "texture": "#texture" }
    }
},
{
    "from": [ 6.5, 9, 10.5 ],
    "to": [ 7, 9.5, 12 ],
    "faces": {
        "down":  { "uv": [ 7, 3.5, 7.5, 3 ], "texture": "#texture" },
        "up":    { "uv": [ 7, 3, 7.5, 3.5 ], "texture": "#texture" },
        "north": { "uv": [ 7, 3, 7.5, 3.5 ], "texture": "#texture" },
        "south": { "uv": [ 7, 3.5, 7.5, 3 ], "texture": "#texture" },
        "west":  { "uv": [ 7, 3, 7.5, 3.5 ], "texture": "#texture" },
        "east":  { "uv": [ 7.5, 3, 7, 3.5 ], "texture": "#texture" }
    }
},
{
    "from": [ 7, 8.5, 9 ],
    "to": [ 7.5, 9, 13 ],
    "faces": {
        "down":  { "uv": [ 7, 3.5, 7.5, 3 ], "texture": "#texture" },
        "up":    { "uv": [ 7, 3, 7.5, 3.5 ], "texture": "#texture" },
        "north": { "uv": [ 7, 3, 7.5, 3.5 ], "texture": "#texture" },
        "south": { "uv": [ 7, 3.5, 7.5, 3 ], "texture": "#texture" },
        "west":  { "uv": [ 7, 3, 7.5, 3.5 ], "texture": "#texture" },
        "east":  { "uv": [ 7.5, 3, 7, 3.5 ], "texture": "#texture" }
    }
},
{
    "from": [ 7, 8.5, 2.5 ],
    "to": [ 7.5, 9, 9 ],
    "faces": {
        "down":  { "uv": [ 7, 3.5, 7.5, 3 ], "texture": "#texture" },
        "up":    { "uv": [ 7, 3, 7.5, 3.5 ], "texture": "#texture" },
        "north": { "uv": [ 7, 3, 7.5, 3.5 ], "texture": "#texture" },
        "south": { "uv": [ 7, 3.5, 7.5, 3 ], "texture": "#texture" },
        "west":  { "uv": [ 7, 3, 7.5, 3.5 ], "texture": "#texture" },
        "east":  { "uv": [ 7.5, 3, 7, 3.5 ], "texture": "#texture" }
    }
},
{
    "from": [ 6.5, 9, 3 ],
    "to": [ 7, 9.5, 4 ],
    "faces": {
        "down":  { "uv": [ 7, 3.5, 7.5, 3 ], "texture": "#texture" },
        "up":    { "uv": [ 7, 3, 7.5, 3.5 ], "texture": "#texture" },
        "north": { "uv": [ 7, 3, 7.5, 3.5 ], "texture": "#texture" },
        "south": { "uv": [ 7, 3.5, 7.5, 3 ], "texture": "#texture" },
        "west":  { "uv": [ 7, 3, 7.5, 3.5 ], "texture": "#texture" },
        "east":  { "uv": [ 7.5, 3, 7, 3.5 ], "texture": "#texture" }
    }
},
{
    "from": [ 5, 11, 10 ],
    "to": [ 5.5, 11.5, 12.5 ],
    "faces": {
        "down":  { "uv": [ 7.5, 1.5, 8, 1 ], "texture": "#texture" },
        "up":    { "uv": [ 7.5, 1, 8, 1.5 ], "texture": "#texture" },
        "north": { "uv": [ 7.5, 1, 8, 1.5 ], "texture": "#texture" },
        "south": { "uv": [ 7.5, 1.5, 8, 1 ], "texture": "#texture" },
        "west":  { "uv": [ 7.5, 1, 8, 1.5 ], "texture": "#texture" },
        "east":  { "uv": [ 8, 1, 7.5, 1.5 ], "texture": "#texture" }
    }
},
{
    "from": [ 5.5, 10.5, 9 ],
    "to": [ 6, 11, 10.5 ],
    "faces": {
        "down":  { "uv": [ 7.5, 1.5, 8, 1 ], "texture": "#texture" },
        "up":    { "uv": [ 7.5, 1, 8, 1.5 ], "texture": "#texture" },
        "north": { "uv": [ 7.5, 1, 8, 1.5 ], "texture": "#texture" },
        "south": { "uv": [ 7.5, 1.5, 8, 1 ], "texture": "#texture" },
        "west":  { "uv": [ 7.5, 1, 8, 1.5 ], "texture": "#texture" },
        "east":  { "uv": [ 8, 1, 7.5, 1.5 ], "texture": "#texture" }
    }
},
{
    "from": [ 6, 10, 6.5 ],
    "to": [ 6.5, 10.5, 9.5 ],
    "faces": {
        "down":  { "uv": [ 7.5, 1.5, 8, 1 ], "texture": "#texture" },
        "up":    { "uv": [ 7.5, 1, 8, 1.5 ], "texture": "#texture" },
        "north": { "uv": [ 7.5, 1, 8, 1.5 ], "texture": "#texture" },
        "south": { "uv": [ 7.5, 1.5, 8, 1 ], "texture": "#texture" },
        "west":  { "uv": [ 7.5, 1, 8, 1.5 ], "texture": "#texture" },
        "east":  { "uv": [ 8, 1, 7.5, 1.5 ], "texture": "#texture" }
    }
},
{
    "from": [ 6.5, 9.5, 5.5 ],
    "to": [ 7, 10, 7 ],
    "faces": {
        "down":  { "uv": [ 7.5, 1.5, 8, 1 ], "texture": "#texture" },
        "up":    { "uv": [ 7.5, 1, 8, 1.5 ], "texture": "#texture" },
        "north": { "uv": [ 7.5, 1, 8, 1.5 ], "texture": "#texture" },
        "south": { "uv": [ 7.5, 1.5, 8, 1 ], "texture": "#texture" },
        "west":  { "uv": [ 7.5, 1, 8, 1.5 ], "texture": "#texture" },
        "east":  { "uv": [ 8, 1, 7.5, 1.5 ], "texture": "#texture" }
    }
},
{
    "from": [ 4.5, 11.5, 11 ],
    "to": [ 5, 12, 12 ],
    "faces": {
        "down":  { "uv": [ 7.5, 1.5, 8, 1 ], "texture": "#texture" },
        "up":    { "uv": [ 7.5, 1, 8, 1.5 ], "texture": "#texture" },
        "north": { "uv": [ 7.5, 1, 8, 1.5 ], "texture": "#texture" },
        "south": { "uv": [ 7.5, 1.5, 8, 1 ], "texture": "#texture" },
        "west":  { "uv": [ 7.5, 1, 8, 1.5 ], "texture": "#texture" },
        "east":  { "uv": [ 8, 1, 7.5, 1.5 ], "texture": "#texture" }
    }
},
{
    "from": [ 5.5, 10.5, 12 ],
    "to": [ 6, 11, 13.5 ],
    "faces": {
        "down":  { "uv": [ 7.5, 1.5, 8, 1 ], "texture": "#texture" },
        "up":    { "uv": [ 7.5, 1, 8, 1.5 ], "texture": "#texture" },
        "north": { "uv": [ 7.5, 1, 8, 1.5 ], "texture": "#texture" },
        "south": { "uv": [ 7.5, 1.5, 8, 1 ], "texture": "#texture" },
        "west":  { "uv": [ 7.5, 1, 8, 1.5 ], "texture": "#texture" },
        "east":  { "uv": [ 8, 1, 7.5, 1.5 ], "texture": "#texture" }
    }
},
{
    "from": [ 6, 10, 13 ],
    "to": [ 6.5, 10.5, 15.5 ],
    "faces": {
        "down":  { "uv": [ 7.5, 1.5, 8, 1 ], "texture": "#texture" },
        "up":    { "uv": [ 7.5, 1, 8, 1.5 ], "texture": "#texture" },
        "north": { "uv": [ 7.5, 1, 8, 1.5 ], "texture": "#texture" },
        "south": { "uv": [ 7.5, 1.5, 8, 1 ], "texture": "#texture" },
        "west":  { "uv": [ 7.5, 1, 8, 1.5 ], "texture": "#texture" },
        "east":  { "uv": [ 8, 1, 7.5, 1.5 ], "texture": "#texture" }
    }
},
{
    "from": [ 6.5, 9.5, 15 ],
    "to": [ 7, 10, 18 ],
    "faces": {
        "down":  { "uv": [ 7.5, 1.5, 8, 1 ], "texture": "#texture" },
        "up":    { "uv": [ 7.5, 1, 8, 1.5 ], "texture": "#texture" },
        "north": { "uv": [ 7.5, 1, 8, 1.5 ], "texture": "#texture" },
        "south": { "uv": [ 7.5, 1.5, 8, 1 ], "texture": "#texture" },
        "west":  { "uv": [ 7.5, 1, 8, 1.5 ], "texture": "#texture" },
        "east":  { "uv": [ 8, 1, 7.5, 1.5 ], "texture": "#texture" }
    }
},
{
    "from": [ 7, 9, 18.5 ],
    "to": [ 7.5, 9.5, 23.5 ],
    "faces": {
        "down":  { "uv": [ 7.5, 1.5, 8, 1 ], "texture": "#texture" },
        "up":    { "uv": [ 7.5, 1, 8, 1.5 ], "texture": "#texture" },
        "north": { "uv": [ 7.5, 1, 8, 1.5 ], "texture": "#texture" },
        "south": { "uv": [ 7.5, 1.5, 8, 1 ], "texture": "#texture" },
        "west":  { "uv": [ 7.5, 1, 8, 1.5 ], "texture": "#texture" },
        "east":  { "uv": [ 8, 1, 7.5, 1.5 ], "texture": "#texture" }
    }
},
{
    "from": [ 7.5, 8.5, 21 ],
    "to": [ 8, 9, 27 ],
    "faces": {
        "down":  { "uv": [ 7.5, 1.5, 8, 1 ], "texture": "#texture" },
        "up":    { "uv": [ 7.5, 1, 8, 1.5 ], "texture": "#texture" },
        "north": { "uv": [ 7.5, 1, 8, 1.5 ], "texture": "#texture" },
        "south": { "uv": [ 7.5, 1.5, 8, 1 ], "texture": "#texture" },
        "west":  { "uv": [ 7.5, 1, 8, 1.5 ], "texture": "#texture" },
        "east":  { "uv": [ 8, 1, 7.5, 1.5 ], "texture": "#texture" }
    }
},
{
    "from": [ 8, 8, 16.5 ],
    "to": [ 8.5, 8.5, 21.5 ],
    "faces": {
        "down":  { "uv": [ 7.5, 1.5, 8, 1 ], "texture": "#texture" },
        "up":    { "uv": [ 7.5, 1, 8, 1.5 ], "texture": "#texture" },
        "north": { "uv": [ 7.5, 1, 8, 1.5 ], "texture": "#texture" },
        "south": { "uv": [ 7.5, 1.5, 8, 1 ], "texture": "#texture" },
        "west":  { "uv": [ 7.5, 1, 8, 1.5 ], "texture": "#texture" },
        "east":  { "uv": [ 8, 1, 7.5, 1.5 ], "texture": "#texture" }
    }
},
{
    "from": [ 8.5, 7.5, 13.5 ],
    "to": [ 9, 8, 17 ],
    "faces": {
        "down":  { "uv": [ 7.5, 1.5, 8, 1 ], "texture": "#texture" },
        "up":    { "uv": [ 7.5, 1, 8, 1.5 ], "texture": "#texture" },
        "north": { "uv": [ 7.5, 1, 8, 1.5 ], "texture": "#texture" },
        "south": { "uv": [ 7.5, 1.5, 8, 1 ], "texture": "#texture" },
        "west":  { "uv": [ 7.5, 1, 8, 1.5 ], "texture": "#texture" },
        "east":  { "uv": [ 8, 1, 7.5, 1.5 ], "texture": "#texture" }
    }
},
{
    "from": [ 9, 7.5, 11 ],
    "to": [ 9.5, 8, 14.5 ],
    "faces": {
        "down":  { "uv": [ 7.5, 1.5, 8, 1 ], "texture": "#texture" },
        "up":    { "uv": [ 7.5, 1, 8, 1.5 ], "texture": "#texture" },
        "north": { "uv": [ 7.5, 1, 8, 1.5 ], "texture": "#texture" },
        "south": { "uv": [ 7.5, 1.5, 8, 1 ], "texture": "#texture" },
        "west":  { "uv": [ 7.5, 1, 8, 1.5 ], "texture": "#texture" },
        "east":  { "uv": [ 8, 1, 7.5, 1.5 ], "texture": "#texture" }
    }
},
{
    "from": [ 9.5, 7, 10 ],
    "to": [ 10, 7.5, 12.5 ],
    "faces": {
        "down":  { "uv": [ 7.5, 1.5, 8, 1 ], "texture": "#texture" },
        "up":    { "uv": [ 7.5, 1, 8, 1.5 ], "texture": "#texture" },
        "north": { "uv": [ 7.5, 1, 8, 1.5 ], "texture": "#texture" },
        "south": { "uv": [ 7.5, 1.5, 8, 1 ], "texture": "#texture" },
        "west":  { "uv": [ 7.5, 1, 8, 1.5 ], "texture": "#texture" },
        "east":  { "uv": [ 8, 1, 7.5, 1.5 ], "texture": "#texture" }
    }
},
{
    "from": [ 10, 6.5, 8.5 ],
    "to": [ 10.5, 7, 11 ],
    "faces": {
        "down":  { "uv": [ 7.5, 1.5, 8, 1 ], "texture": "#texture" },
        "up":    { "uv": [ 7.5, 1, 8, 1.5 ], "texture": "#texture" },
        "north": { "uv": [ 7.5, 1, 8, 1.5 ], "texture": "#texture" },
        "south": { "uv": [ 7.5, 1.5, 8, 1 ], "texture": "#texture" },
        "west":  { "uv": [ 7.5, 1, 8, 1.5 ], "texture": "#texture" },
        "east":  { "uv": [ 8, 1, 7.5, 1.5 ], "texture": "#texture" }
    }
},
{
    "from": [ 10.5, 6, 7.5 ],
    "to": [ 11, 6.5, 9 ],
    "faces": {
        "down":  { "uv": [ 7.5, 1.5, 8, 1 ], "texture": "#texture" },
        "up":    { "uv": [ 7.5, 1, 8, 1.5 ], "texture": "#texture" },
        "north": { "uv": [ 7.5, 1, 8, 1.5 ], "texture": "#texture" },
        "south": { "uv": [ 7.5, 1.5, 8, 1 ], "texture": "#texture" },
        "west":  { "uv": [ 7.5, 1, 8, 1.5 ], "texture": "#texture" },
        "east":  { "uv": [ 8, 1, 7.5, 1.5 ], "texture": "#texture" }
    }
},
{
    "from": [ 11, 5.5, 6 ],
    "to": [ 11.5, 6, 8 ],
    "faces": {
        "down":  { "uv": [ 7.5, 1.5, 8, 1 ], "texture": "#texture" },
        "up":    { "uv": [ 7.5, 1, 8, 1.5 ], "texture": "#texture" },
        "north": { "uv": [ 7.5, 1, 8, 1.5 ], "texture": "#texture" },
        "south": { "uv": [ 7.5, 1.5, 8, 1 ], "texture": "#texture" },
        "west":  { "uv": [ 7.5, 1, 8, 1.5 ], "texture": "#texture" },
        "east":  { "uv": [ 8, 1, 7.5, 1.5 ], "texture": "#texture" }
    }
},
{
    "from": [ 11.5, 5, 6.5 ],
    "to": [ 12, 5.5, 7 ],
    "faces": {
        "down":  { "uv": [ 7.5, 1.5, 8, 1 ], "texture": "#texture" },
        "up":    { "uv": [ 7.5, 1, 8, 1.5 ], "texture": "#texture" },
        "north": { "uv": [ 7.5, 1, 8, 1.5 ], "texture": "#texture" },
        "south": { "uv": [ 7.5, 1.5, 8, 1 ], "texture": "#texture" },
        "west":  { "uv": [ 7.5, 1, 8, 1.5 ], "texture": "#texture" },
        "east":  { "uv": [ 8, 1, 7.5, 1.5 ], "texture": "#texture" }
    }
},
{
    "from": [ 10.5, 6, 5 ],
    "to": [ 11, 6.5, 6.5 ],
    "faces": {
        "down":  { "uv": [ 7.5, 1.5, 8, 1 ], "texture": "#texture" },
        "up":    { "uv": [ 7.5, 1, 8, 1.5 ], "texture": "#texture" },
        "north": { "uv": [ 7.5, 1, 8, 1.5 ], "texture": "#texture" },
        "south": { "uv": [ 7.5, 1.5, 8, 1 ], "texture": "#texture" },
        "west":  { "uv": [ 7.5, 1, 8, 1.5 ], "texture": "#texture" },
        "east":  { "uv": [ 8, 1, 7.5, 1.5 ], "texture": "#texture" }
    }
},
{
    "from": [ 10, 6.5, 4 ],
    "to": [ 10.5, 7, 5.5 ],
    "faces": {
        "down":  { "uv": [ 7.5, 1.5, 8, 1 ], "texture": "#texture" },
        "up":    { "uv": [ 7.5, 1, 8, 1.5 ], "texture": "#texture" },
        "north": { "uv": [ 7.5, 1, 8, 1.5 ], "texture": "#texture" },
        "south": { "uv": [ 7.5, 1.5, 8, 1 ], "texture": "#texture" },
        "west":  { "uv": [ 7.5, 1, 8, 1.5 ], "texture": "#texture" },
        "east":  { "uv": [ 8, 1, 7.5, 1.5 ], "texture": "#texture" }
    }
},
{
    "from": [ 9.5, 7, 0.5 ],
    "to": [ 10, 7.5, 4.5 ],
    "faces": {
        "down":  { "uv": [ 7.5, 1.5, 8, 1 ], "texture": "#texture" },
        "up":    { "uv": [ 7.5, 1, 8, 1.5 ], "texture": "#texture" },
        "north": { "uv": [ 7.5, 1, 8, 1.5 ], "texture": "#texture" },
        "south": { "uv": [ 7.5, 1.5, 8, 1 ], "texture": "#texture" },
        "west":  { "uv": [ 7.5, 1, 8, 1.5 ], "texture": "#texture" },
        "east":  { "uv": [ 8, 1, 7.5, 1.5 ], "texture": "#texture" }
    }
},
{
    "from": [ 9, 7.5, 3 ],
    "to": [ 9.5, 8, 3.5 ],
    "faces": {
        "down":  { "uv": [ 7.5, 1.5, 8, 1 ], "texture": "#texture" },
        "up":    { "uv": [ 7.5, 1, 8, 1.5 ], "texture": "#texture" },
        "north": { "uv": [ 7.5, 1, 8, 1.5 ], "texture": "#texture" },
        "south": { "uv": [ 7.5, 1.5, 8, 1 ], "texture": "#texture" },
        "west":  { "uv": [ 7.5, 1, 8, 1.5 ], "texture": "#texture" },
        "east":  { "uv": [ 8, 1, 7.5, 1.5 ], "texture": "#texture" }
    }
},
{
    "from": [ 6, 10, 4 ],
    "to": [ 6.5, 10.5, 5.5 ],
    "faces": {
        "down":  { "uv": [ 7.5, 1.5, 8, 1 ], "texture": "#texture" },
        "up":    { "uv": [ 7.5, 1, 8, 1.5 ], "texture": "#texture" },
        "north": { "uv": [ 7.5, 1, 8, 1.5 ], "texture": "#texture" },
        "south": { "uv": [ 7.5, 1.5, 8, 1 ], "texture": "#texture" },
        "west":  { "uv": [ 7.5, 1, 8, 1.5 ], "texture": "#texture" },
        "east":  { "uv": [ 8, 1, 7.5, 1.5 ], "texture": "#texture" }
    }
},
{
    "from": [ 5.5, 10.5, 1.5 ],
    "to": [ 6, 11, 4.5 ],
    "faces": {
        "down":  { "uv": [ 7.5, 1.5, 8, 1 ], "texture": "#texture" },
        "up":    { "uv": [ 7.5, 1, 8, 1.5 ], "texture": "#texture" },
        "north": { "uv": [ 7.5, 1, 8, 1.5 ], "texture": "#texture" },
        "south": { "uv": [ 7.5, 1.5, 8, 1 ], "texture": "#texture" },
        "west":  { "uv": [ 7.5, 1, 8, 1.5 ], "texture": "#texture" },
        "east":  { "uv": [ 8, 1, 7.5, 1.5 ], "texture": "#texture" }
    }
},
{
    "from": [ 6, 10, 0 ],
    "to": [ 6.5, 10.5, 3 ],
    "faces": {
        "down":  { "uv": [ 7.5, 1.5, 8, 1 ], "texture": "#texture" },
        "up":    { "uv": [ 7.5, 1, 8, 1.5 ], "texture": "#texture" },
        "north": { "uv": [ 7.5, 1, 8, 1.5 ], "texture": "#texture" },
        "south": { "uv": [ 7.5, 1.5, 8, 1 ], "texture": "#texture" },
        "west":  { "uv": [ 7.5, 1, 8, 1.5 ], "texture": "#texture" },
        "east":  { "uv": [ 8, 1, 7.5, 1.5 ], "texture": "#texture" }
    }
},
{
    "from": [ 5, 11, 2.5 ],
    "to": [ 5.5, 11.5, 3.5 ],
    "faces": {
        "down":  { "uv": [ 7.5, 1.5, 8, 1 ], "texture": "#texture" },
        "up":    { "uv": [ 7.5, 1, 8, 1.5 ], "texture": "#texture" },
        "north": { "uv": [ 7.5, 1, 8, 1.5 ], "texture": "#texture" },
        "south": { "uv": [ 7.5, 1.5, 8, 1 ], "texture": "#texture" },
        "west":  { "uv": [ 7.5, 1, 8, 1.5 ], "texture": "#texture" },
        "east":  { "uv": [ 8, 1, 7.5, 1.5 ], "texture": "#texture" }
    }
},
{
    "from": [ 6.5, 9.5, -1.5 ],
    "to": [ 7, 10, 0.5 ],
    "faces": {
        "down":  { "uv": [ 7.5, 1.5, 8, 1 ], "texture": "#texture" },
        "up":    { "uv": [ 7.5, 1, 8, 1.5 ], "texture": "#texture" },
        "north": { "uv": [ 7.5, 1, 8, 1.5 ], "texture": "#texture" },
        "south": { "uv": [ 7.5, 1.5, 8, 1 ], "texture": "#texture" },
        "west":  { "uv": [ 7.5, 1, 8, 1.5 ], "texture": "#texture" },
        "east":  { "uv": [ 8, 1, 7.5, 1.5 ], "texture": "#texture" }
    }
},
{
    "from": [ 9, 7.5, -1 ],
    "to": [ 9.5, 8, 1 ],
    "faces": {
        "down":  { "uv": [ 7.5, 1.5, 8, 1 ], "texture": "#texture" },
        "up":    { "uv": [ 7.5, 1, 8, 1.5 ], "texture": "#texture" },
        "north": { "uv": [ 7.5, 1, 8, 1.5 ], "texture": "#texture" },
        "south": { "uv": [ 7.5, 1.5, 8, 1 ], "texture": "#texture" },
        "west":  { "uv": [ 7.5, 1, 8, 1.5 ], "texture": "#texture" },
        "east":  { "uv": [ 8, 1, 7.5, 1.5 ], "texture": "#texture" }
    }
},
{
    "from": [ 8.5, 7.5, -1.5 ],
    "to": [ 9, 8, 0 ],
    "faces": {
        "down":  { "uv": [ 7.5, 1.5, 8, 1 ], "texture": "#texture" },
        "up":    { "uv": [ 7.5, 1, 8, 1.5 ], "texture": "#texture" },
        "north": { "uv": [ 7.5, 1, 8, 1.5 ], "texture": "#texture" },
        "south": { "uv": [ 7.5, 1.5, 8, 1 ], "texture": "#texture" },
        "west":  { "uv": [ 7.5, 1, 8, 1.5 ], "texture": "#texture" },
        "east":  { "uv": [ 8, 1, 7.5, 1.5 ], "texture": "#texture" }
    }
},
{
    "from": [ 7, 9, -1.5 ],
    "to": [ 7.5, 9.5, 0 ],
    "faces": {
        "down":  { "uv": [ 7.5, 1.5, 8, 1 ], "texture": "#texture" },
        "up":    { "uv": [ 7.5, 1, 8, 1.5 ], "texture": "#texture" },
        "north": { "uv": [ 7.5, 1, 8, 1.5 ], "texture": "#texture" },
        "south": { "uv": [ 7.5, 1.5, 8, 1 ], "texture": "#texture" },
        "west":  { "uv": [ 7.5, 1, 8, 1.5 ], "texture": "#texture" },
        "east":  { "uv": [ 8, 1, 7.5, 1.5 ], "texture": "#texture" }
    }
},
{
    "from": [ 7.5, 8.5, -2 ],
    "to": [ 8, 9, -0.5 ],
    "faces": {
        "down":  { "uv": [ 7.5, 1.5, 8, 1 ], "texture": "#texture" },
        "up":    { "uv": [ 7.5, 1, 8, 1.5 ], "texture": "#texture" },
        "north": { "uv": [ 7.5, 1, 8, 1.5 ], "texture": "#texture" },
        "south": { "uv": [ 7.5, 1.5, 8, 1 ], "texture": "#texture" },
        "west":  { "uv": [ 7.5, 1, 8, 1.5 ], "texture": "#texture" },
        "east":  { "uv": [ 8, 1, 7.5, 1.5 ], "texture": "#texture" }
    }
},
{
    "from": [ 8, 8, -2 ],
    "to": [ 8.5, 8.5, -0.5 ],
    "faces": {
        "down":  { "uv": [ 7.5, 1.5, 8, 1 ], "texture": "#texture" },
        "up":    { "uv": [ 7.5, 1, 8, 1.5 ], "texture": "#texture" },
        "north": { "uv": [ 7.5, 1, 8, 1.5 ], "texture": "#texture" },
        "south": { "uv": [ 7.5, 1.5, 8, 1 ], "texture": "#texture" },
        "west":  { "uv": [ 7.5, 1, 8, 1.5 ], "texture": "#texture" },
        "east":  { "uv": [ 8, 1, 7.5, 1.5 ], "texture": "#texture" }
    }
},
{
    "from": [ 8.5, 8.5, 4.5 ],
    "to": [ 9, 9, 10 ],
    "faces": {
        "down":  { "uv": [ 7, 3.5, 7.5, 3 ], "texture": "#texture" },
        "up":    { "uv": [ 7, 3, 7.5, 3.5 ], "texture": "#texture" },
        "north": { "uv": [ 7, 3, 7.5, 3.5 ], "texture": "#texture" },
        "south": { "uv": [ 7, 3.5, 7.5, 3 ], "texture": "#texture" },
        "west":  { "uv": [ 7, 3, 7.5, 3.5 ], "texture": "#texture" },
        "east":  { "uv": [ 7.5, 3, 7, 3.5 ], "texture": "#texture" }
    }
},
{
    "from": [ 8, 9, 4.5 ],
    "to": [ 8.5, 9.5, 7.5 ],
    "faces": {
        "down":  { "uv": [ 7, 3.5, 7.5, 3 ], "texture": "#texture" },
        "up":    { "uv": [ 7, 3, 7.5, 3.5 ], "texture": "#texture" },
        "north": { "uv": [ 7, 3, 7.5, 3.5 ], "texture": "#texture" },
        "south": { "uv": [ 7, 3.5, 7.5, 3 ], "texture": "#texture" },
        "west":  { "uv": [ 7, 3, 7.5, 3.5 ], "texture": "#texture" },
        "east":  { "uv": [ 7.5, 3, 7, 3.5 ], "texture": "#texture" }
    }
},
{
    "from": [ 7.5, 8, 2 ],
    "to": [ 8, 8.5, 6 ],
    "faces": {
        "down":  { "uv": [ 7, 3.5, 7.5, 3 ], "texture": "#texture" },
        "up":    { "uv": [ 7, 3, 7.5, 3.5 ], "texture": "#texture" },
        "north": { "uv": [ 7, 3, 7.5, 3.5 ], "texture": "#texture" },
        "south": { "uv": [ 7, 3.5, 7.5, 3 ], "texture": "#texture" },
        "west":  { "uv": [ 7, 3, 7.5, 3.5 ], "texture": "#texture" },
        "east":  { "uv": [ 7.5, 3, 7, 3.5 ], "texture": "#texture" }
    }
},
{
    "from": [ 8.5, 7.5, 5.5 ],
    "to": [ 9, 8, 9.5 ],
    "faces": {
        "down":  { "uv": [ 7, 3.5, 7.5, 3 ], "texture": "#texture" },
        "up":    { "uv": [ 7, 3, 7.5, 3.5 ], "texture": "#texture" },
        "north": { "uv": [ 7, 3, 7.5, 3.5 ], "texture": "#texture" },
        "south": { "uv": [ 7, 3.5, 7.5, 3 ], "texture": "#texture" },
        "west":  { "uv": [ 7, 3, 7.5, 3.5 ], "texture": "#texture" },
        "east":  { "uv": [ 7.5, 3, 7, 3.5 ], "texture": "#texture" }
    }
},
{
    "from": [ 9, 7, 6.5 ],
    "to": [ 9.5, 7.5, 7.5 ],
    "faces": {
        "down":  { "uv": [ 7, 3.5, 7.5, 3 ], "texture": "#texture" },
        "up":    { "uv": [ 7, 3, 7.5, 3.5 ], "texture": "#texture" },
        "north": { "uv": [ 7, 3, 7.5, 3.5 ], "texture": "#texture" },
        "south": { "uv": [ 7, 3.5, 7.5, 3 ], "texture": "#texture" },
        "west":  { "uv": [ 7, 3, 7.5, 3.5 ], "texture": "#texture" },
        "east":  { "uv": [ 7.5, 3, 7, 3.5 ], "texture": "#texture" }
    }
},
{
    "from": [ 7.5, 8, 10 ],
    "to": [ 8, 8.5, 11.5 ],
    "faces": {
        "down":  { "uv": [ 7, 3.5, 7.5, 3 ], "texture": "#texture" },
        "up":    { "uv": [ 7, 3, 7.5, 3.5 ], "texture": "#texture" },
        "north": { "uv": [ 7, 3, 7.5, 3.5 ], "texture": "#texture" },
        "south": { "uv": [ 7, 3.5, 7.5, 3 ], "texture": "#texture" },
        "west":  { "uv": [ 7, 3, 7.5, 3.5 ], "texture": "#texture" },
        "east":  { "uv": [ 7.5, 3, 7, 3.5 ], "texture": "#texture" }
    }
},
{
    "from": [ 9, 9, 6 ],
    "to": [ 9.5, 9.5, 8.5 ],
    "faces": {
        "down":  { "uv": [ 7, 3.5, 7.5, 3 ], "texture": "#texture" },
        "up":    { "uv": [ 7, 3, 7.5, 3.5 ], "texture": "#texture" },
        "north": { "uv": [ 7, 3, 7.5, 3.5 ], "texture": "#texture" },
        "south": { "uv": [ 7, 3.5, 7.5, 3 ], "texture": "#texture" },
        "west":  { "uv": [ 7, 3, 7.5, 3.5 ], "texture": "#texture" },
        "east":  { "uv": [ 7.5, 3, 7, 3.5 ], "texture": "#texture" }
    }
},
{
    "from": [ 9.5, 9.5, 6.5 ],
    "to": [ 10, 10, 7.5 ],
    "faces": {
        "down":  { "uv": [ 7, 3.5, 7.5, 3 ], "texture": "#texture" },
        "up":    { "uv": [ 7, 3, 7.5, 3.5 ], "texture": "#texture" },
        "north": { "uv": [ 7, 3, 7.5, 3.5 ], "texture": "#texture" },
        "south": { "uv": [ 7, 3.5, 7.5, 3 ], "texture": "#texture" },
        "west":  { "uv": [ 7, 3, 7.5, 3.5 ], "texture": "#texture" },
        "east":  { "uv": [ 7.5, 3, 7, 3.5 ], "texture": "#texture" }
    }
},
{
    "from": [ 9, 8.5, 6 ],
    "to": [ 9.5, 9, 9 ],
    "faces": {
        "down":  { "uv": [ 7, 3.5, 7.5, 3 ], "texture": "#texture" },
        "up":    { "uv": [ 7, 3, 7.5, 3.5 ], "texture": "#texture" },
        "north": { "uv": [ 7, 3, 7.5, 3.5 ], "texture": "#texture" },
        "south": { "uv": [ 7, 3.5, 7.5, 3 ], "texture": "#texture" },
        "west":  { "uv": [ 7, 3, 7.5, 3.5 ], "texture": "#texture" },
        "east":  { "uv": [ 7.5, 3, 7, 3.5 ], "texture": "#texture" }
    }
},
{
    "from": [ 8.5, 9, 5 ],
    "to": [ 9, 9.5, 9.5 ],
    "faces": {
        "down":  { "uv": [ 7, 3.5, 7.5, 3 ], "texture": "#texture" },
        "up":    { "uv": [ 7, 3, 7.5, 3.5 ], "texture": "#texture" },
        "north": { "uv": [ 7, 3, 7.5, 3.5 ], "texture": "#texture" },
        "south": { "uv": [ 7, 3.5, 7.5, 3 ], "texture": "#texture" },
        "west":  { "uv": [ 7, 3, 7.5, 3.5 ], "texture": "#texture" },
        "east":  { "uv": [ 7.5, 3, 7, 3.5 ], "texture": "#texture" }
    }
},
{
    "from": [ 8, 7.5, 5 ],
    "to": [ 8.5, 8, 9.5 ],
    "faces": {
        "down":  { "uv": [ 7, 3.5, 7.5, 3 ], "texture": "#texture" },
        "up":    { "uv": [ 7, 3, 7.5, 3.5 ], "texture": "#texture" },
        "north": { "uv": [ 7, 3, 7.5, 3.5 ], "texture": "#texture" },
        "south": { "uv": [ 7, 3.5, 7.5, 3 ], "texture": "#texture" },
        "west":  { "uv": [ 7, 3, 7.5, 3.5 ], "texture": "#texture" },
        "east":  { "uv": [ 7.5, 3, 7, 3.5 ], "texture": "#texture" }
    }
},
{
    "from": [ 7.5, 7.5, 5 ],
    "to": [ 8, 8, 9.5 ],
    "faces": {
        "down":  { "uv": [ 7, 3.5, 7.5, 3 ], "texture": "#texture" },
        "up":    { "uv": [ 7, 3, 7.5, 3.5 ], "texture": "#texture" },
        "north": { "uv": [ 7, 3, 7.5, 3.5 ], "texture": "#texture" },
        "south": { "uv": [ 7, 3.5, 7.5, 3 ], "texture": "#texture" },
        "west":  { "uv": [ 7, 3, 7.5, 3.5 ], "texture": "#texture" },
        "east":  { "uv": [ 7.5, 3, 7, 3.5 ], "texture": "#texture" }
    }
},
{
    "from": [ 7, 8, 2.5 ],
    "to": [ 7.5, 8.5, 11 ],
    "faces": {
        "down":  { "uv": [ 7, 3.5, 7.5, 3 ], "texture": "#texture" },
        "up":    { "uv": [ 7, 3, 7.5, 3.5 ], "texture": "#texture" },
        "north": { "uv": [ 7, 3, 7.5, 3.5 ], "texture": "#texture" },
        "south": { "uv": [ 7, 3.5, 7.5, 3 ], "texture": "#texture" },
        "west":  { "uv": [ 7, 3, 7.5, 3.5 ], "texture": "#texture" },
        "east":  { "uv": [ 7.5, 3, 7, 3.5 ], "texture": "#texture" }
    }
},
{
    "from": [ 7, 7.5, 4.5 ],
    "to": [ 7.5, 8, 10.5 ],
    "faces": {
        "down":  { "uv": [ 7, 3.5, 7.5, 3 ], "texture": "#texture" },
        "up":    { "uv": [ 7, 3, 7.5, 3.5 ], "texture": "#texture" },
        "north": { "uv": [ 7, 3, 7.5, 3.5 ], "texture": "#texture" },
        "south": { "uv": [ 7, 3.5, 7.5, 3 ], "texture": "#texture" },
        "west":  { "uv": [ 7, 3, 7.5, 3.5 ], "texture": "#texture" },
        "east":  { "uv": [ 7.5, 3, 7, 3.5 ], "texture": "#texture" }
    }
},
{
    "from": [ 7.5, 7, 6 ],
    "to": [ 8, 7.5, 8.5 ],
    "faces": {
        "down":  { "uv": [ 7, 3.5, 7.5, 3 ], "texture": "#texture" },
        "up":    { "uv": [ 7, 3, 7.5, 3.5 ], "texture": "#texture" },
        "north": { "uv": [ 7, 3, 7.5, 3.5 ], "texture": "#texture" },
        "south": { "uv": [ 7, 3.5, 7.5, 3 ], "texture": "#texture" },
        "west":  { "uv": [ 7, 3, 7.5, 3.5 ], "texture": "#texture" },
        "east":  { "uv": [ 7.5, 3, 7, 3.5 ], "texture": "#texture" }
    }
},
{
    "from": [ 7, 7, 5 ],
    "to": [ 7.5, 7.5, 9.5 ],
    "faces": {
        "down":  { "uv": [ 7, 3.5, 7.5, 3 ], "texture": "#texture" },
        "up":    { "uv": [ 7, 3, 7.5, 3.5 ], "texture": "#texture" },
        "north": { "uv": [ 7, 3, 7.5, 3.5 ], "texture": "#texture" },
        "south": { "uv": [ 7, 3.5, 7.5, 3 ], "texture": "#texture" },
        "west":  { "uv": [ 7, 3, 7.5, 3.5 ], "texture": "#texture" },
        "east":  { "uv": [ 7.5, 3, 7, 3.5 ], "texture": "#texture" }
    }
},
{
    "from": [ 6.5, 7, 5.5 ],
    "to": [ 7, 7.5, 9 ],
    "faces": {
        "down":  { "uv": [ 7, 3.5, 7.5, 3 ], "texture": "#texture" },
        "up":    { "uv": [ 7, 3, 7.5, 3.5 ], "texture": "#texture" },
        "north": { "uv": [ 7, 3, 7.5, 3.5 ], "texture": "#texture" },
        "south": { "uv": [ 7, 3.5, 7.5, 3 ], "texture": "#texture" },
        "west":  { "uv": [ 7, 3, 7.5, 3.5 ], "texture": "#texture" },
        "east":  { "uv": [ 7.5, 3, 7, 3.5 ], "texture": "#texture" }
    }
},
{
    "from": [ 6.5, 6.5, 6 ],
    "to": [ 7, 7, 8 ],
    "faces": {
        "down":  { "uv": [ 7, 3.5, 7.5, 3 ], "texture": "#texture" },
        "up":    { "uv": [ 7, 3, 7.5, 3.5 ], "texture": "#texture" },
        "north": { "uv": [ 7, 3, 7.5, 3.5 ], "texture": "#texture" },
        "south": { "uv": [ 7, 3.5, 7.5, 3 ], "texture": "#texture" },
        "west":  { "uv": [ 7, 3, 7.5, 3.5 ], "texture": "#texture" },
        "east":  { "uv": [ 7.5, 3, 7, 3.5 ], "texture": "#texture" }
    }
},
{
    "from": [ 6.5, 7.5, 6.5 ],
    "to": [ 7, 8, 8 ],
    "faces": {
        "down":  { "uv": [ 7, 3.5, 7.5, 3 ], "texture": "#texture" },
        "up":    { "uv": [ 7, 3, 7.5, 3.5 ], "texture": "#texture" },
        "north": { "uv": [ 7, 3, 7.5, 3.5 ], "texture": "#texture" },
        "south": { "uv": [ 7, 3.5, 7.5, 3 ], "texture": "#texture" },
        "west":  { "uv": [ 7, 3, 7.5, 3.5 ], "texture": "#texture" },
        "east":  { "uv": [ 7.5, 3, 7, 3.5 ], "texture": "#texture" }
    }
},
{
    "from": [ 8.5, 8, 10.5 ],
    "to": [ 9, 8.5, 12 ],
    "faces": {
        "down":  { "uv": [ 7.5, 6.5, 8, 6 ], "texture": "#texture" },
        "up":    { "uv": [ 7.5, 6, 8, 6.5 ], "texture": "#texture" },
        "north": { "uv": [ 7.5, 6, 8, 6.5 ], "texture": "#texture" },
        "south": { "uv": [ 7.5, 6.5, 8, 6 ], "texture": "#texture" },
        "west":  { "uv": [ 7.5, 6, 8, 6.5 ], "texture": "#texture" },
        "east":  { "uv": [ 8, 6, 7.5, 6.5 ], "texture": "#texture" }
    }
},
{
    "from": [ 8.5, 8.5, 10 ],
    "to": [ 9, 9, 11 ],
    "faces": {
        "down":  { "uv": [ 7.5, 6.5, 8, 6 ], "texture": "#texture" },
        "up":    { "uv": [ 7.5, 6, 8, 6.5 ], "texture": "#texture" },
        "north": { "uv": [ 7.5, 6, 8, 6.5 ], "texture": "#texture" },
        "south": { "uv": [ 7.5, 6.5, 8, 6 ], "texture": "#texture" },
        "west":  { "uv": [ 7.5, 6, 8, 6.5 ], "texture": "#texture" },
        "east":  { "uv": [ 8, 6, 7.5, 6.5 ], "texture": "#texture" }
    }
},
{
    "from": [ 8.5, 9, 9.5 ],
    "to": [ 9, 9.5, 10.5 ],
    "faces": {
        "down":  { "uv": [ 7.5, 6.5, 8, 6 ], "texture": "#texture" },
        "up":    { "uv": [ 7.5, 6, 8, 6.5 ], "texture": "#texture" },
        "north": { "uv": [ 7.5, 6, 8, 6.5 ], "texture": "#texture" },
        "south": { "uv": [ 7.5, 6.5, 8, 6 ], "texture": "#texture" },
        "west":  { "uv": [ 7.5, 6, 8, 6.5 ], "texture": "#texture" },
        "east":  { "uv": [ 8, 6, 7.5, 6.5 ], "texture": "#texture" }
    }
},
{
    "from": [ 9, 9, 8.5 ],
    "to": [ 9.5, 9.5, 9.5 ],
    "faces": {
        "down":  { "uv": [ 7.5, 6.5, 8, 6 ], "texture": "#texture" },
        "up":    { "uv": [ 7.5, 6, 8, 6.5 ], "texture": "#texture" },
        "north": { "uv": [ 7.5, 6, 8, 6.5 ], "texture": "#texture" },
        "south": { "uv": [ 7.5, 6.5, 8, 6 ], "texture": "#texture" },
        "west":  { "uv": [ 7.5, 6, 8, 6.5 ], "texture": "#texture" },
        "east":  { "uv": [ 8, 6, 7.5, 6.5 ], "texture": "#texture" }
    }
},
{
    "from": [ 9.5, 9.5, 7.5 ],
    "to": [ 10, 10, 8.5 ],
    "faces": {
        "down":  { "uv": [ 7.5, 6.5, 8, 6 ], "texture": "#texture" },
        "up":    { "uv": [ 7.5, 6, 8, 6.5 ], "texture": "#texture" },
        "north": { "uv": [ 7.5, 6, 8, 6.5 ], "texture": "#texture" },
        "south": { "uv": [ 7.5, 6.5, 8, 6 ], "texture": "#texture" },
        "west":  { "uv": [ 7.5, 6, 8, 6.5 ], "texture": "#texture" },
        "east":  { "uv": [ 8, 6, 7.5, 6.5 ], "texture": "#texture" }
    }
},
{
    "from": [ 10, 10, 6.5 ],
    "to": [ 10.5, 10.5, 7.5 ],
    "faces": {
        "down":  { "uv": [ 7.5, 6.5, 8, 6 ], "texture": "#texture" },
        "up":    { "uv": [ 7.5, 6, 8, 6.5 ], "texture": "#texture" },
        "north": { "uv": [ 7.5, 6, 8, 6.5 ], "texture": "#texture" },
        "south": { "uv": [ 7.5, 6.5, 8, 6 ], "texture": "#texture" },
        "west":  { "uv": [ 7.5, 6, 8, 6.5 ], "texture": "#texture" },
        "east":  { "uv": [ 8, 6, 7.5, 6.5 ], "texture": "#texture" }
    }
},
{
    "from": [ 9.5, 9.5, 5.5 ],
    "to": [ 10, 10, 6.5 ],
    "faces": {
        "down":  { "uv": [ 7.5, 6.5, 8, 6 ], "texture": "#texture" },
        "up":    { "uv": [ 7.5, 6, 8, 6.5 ], "texture": "#texture" },
        "north": { "uv": [ 7.5, 6, 8, 6.5 ], "texture": "#texture" },
        "south": { "uv": [ 7.5, 6.5, 8, 6 ], "texture": "#texture" },
        "west":  { "uv": [ 7.5, 6, 8, 6.5 ], "texture": "#texture" },
        "east":  { "uv": [ 8, 6, 7.5, 6.5 ], "texture": "#texture" }
    }
},
{
    "from": [ 9, 9, 5 ],
    "to": [ 9.5, 9.5, 6 ],
    "faces": {
        "down":  { "uv": [ 7.5, 6.5, 8, 6 ], "texture": "#texture" },
        "up":    { "uv": [ 7.5, 6, 8, 6.5 ], "texture": "#texture" },
        "north": { "uv": [ 7.5, 6, 8, 6.5 ], "texture": "#texture" },
        "south": { "uv": [ 7.5, 6.5, 8, 6 ], "texture": "#texture" },
        "west":  { "uv": [ 7.5, 6, 8, 6.5 ], "texture": "#texture" },
        "east":  { "uv": [ 8, 6, 7.5, 6.5 ], "texture": "#texture" }
    }
},
{
    "from": [ 8.5, 8, 12 ],
    "to": [ 9, 8.5, 13.5 ],
    "faces": {
        "down":  { "uv": [ 7.5, 1.5, 8, 1 ], "texture": "#texture" },
        "up":    { "uv": [ 7.5, 1, 8, 1.5 ], "texture": "#texture" },
        "north": { "uv": [ 7.5, 1, 8, 1.5 ], "texture": "#texture" },
        "south": { "uv": [ 7.5, 1.5, 8, 1 ], "texture": "#texture" },
        "west":  { "uv": [ 7.5, 1, 8, 1.5 ], "texture": "#texture" },
        "east":  { "uv": [ 8, 1, 7.5, 1.5 ], "texture": "#texture" }
    }
},
{
    "from": [ 8.5, 8.5, 11 ],
    "to": [ 9, 9, 12.5 ],
    "faces": {
        "down":  { "uv": [ 7.5, 1.5, 8, 1 ], "texture": "#texture" },
        "up":    { "uv": [ 7.5, 1, 8, 1.5 ], "texture": "#texture" },
        "north": { "uv": [ 7.5, 1, 8, 1.5 ], "texture": "#texture" },
        "south": { "uv": [ 7.5, 1.5, 8, 1 ], "texture": "#texture" },
        "west":  { "uv": [ 7.5, 1, 8, 1.5 ], "texture": "#texture" },
        "east":  { "uv": [ 8, 1, 7.5, 1.5 ], "texture": "#texture" }
    }
},
{
    "from": [ 8.5, 9, 10.5 ],
    "to": [ 9, 9.5, 11.5 ],
    "faces": {
        "down":  { "uv": [ 7.5, 1.5, 8, 1 ], "texture": "#texture" },
        "up":    { "uv": [ 7.5, 1, 8, 1.5 ], "texture": "#texture" },
        "north": { "uv": [ 7.5, 1, 8, 1.5 ], "texture": "#texture" },
        "south": { "uv": [ 7.5, 1.5, 8, 1 ], "texture": "#texture" },
        "west":  { "uv": [ 7.5, 1, 8, 1.5 ], "texture": "#texture" },
        "east":  { "uv": [ 8, 1, 7.5, 1.5 ], "texture": "#texture" }
    }
},
{
    "from": [ 9, 9, 9.5 ],
    "to": [ 9.5, 9.5, 11 ],
    "faces": {
        "down":  { "uv": [ 7.5, 1.5, 8, 1 ], "texture": "#texture" },
        "up":    { "uv": [ 7.5, 1, 8, 1.5 ], "texture": "#texture" },
        "north": { "uv": [ 7.5, 1, 8, 1.5 ], "texture": "#texture" },
        "south": { "uv": [ 7.5, 1.5, 8, 1 ], "texture": "#texture" },
        "west":  { "uv": [ 7.5, 1, 8, 1.5 ], "texture": "#texture" },
        "east":  { "uv": [ 8, 1, 7.5, 1.5 ], "texture": "#texture" }
    }
},
{
    "from": [ 9.5, 9.5, 8.5 ],
    "to": [ 10, 10, 10 ],
    "faces": {
        "down":  { "uv": [ 7.5, 1.5, 8, 1 ], "texture": "#texture" },
        "up":    { "uv": [ 7.5, 1, 8, 1.5 ], "texture": "#texture" },
        "north": { "uv": [ 7.5, 1, 8, 1.5 ], "texture": "#texture" },
        "south": { "uv": [ 7.5, 1.5, 8, 1 ], "texture": "#texture" },
        "west":  { "uv": [ 7.5, 1, 8, 1.5 ], "texture": "#texture" },
        "east":  { "uv": [ 8, 1, 7.5, 1.5 ], "texture": "#texture" }
    }
},
{
    "from": [ 10, 10, 7.5 ],
    "to": [ 10.5, 10.5, 9 ],
    "faces": {
        "down":  { "uv": [ 7.5, 1.5, 8, 1 ], "texture": "#texture" },
        "up":    { "uv": [ 7.5, 1, 8, 1.5 ], "texture": "#texture" },
        "north": { "uv": [ 7.5, 1, 8, 1.5 ], "texture": "#texture" },
        "south": { "uv": [ 7.5, 1.5, 8, 1 ], "texture": "#texture" },
        "west":  { "uv": [ 7.5, 1, 8, 1.5 ], "texture": "#texture" },
        "east":  { "uv": [ 8, 1, 7.5, 1.5 ], "texture": "#texture" }
    }
},
{
    "from": [ 10.5, 10.5, 6.5 ],
    "to": [ 11, 11, 8 ],
    "faces": {
        "down":  { "uv": [ 7.5, 1.5, 8, 1 ], "texture": "#texture" },
        "up":    { "uv": [ 7.5, 1, 8, 1.5 ], "texture": "#texture" },
        "north": { "uv": [ 7.5, 1, 8, 1.5 ], "texture": "#texture" },
        "south": { "uv": [ 7.5, 1.5, 8, 1 ], "texture": "#texture" },
        "west":  { "uv": [ 7.5, 1, 8, 1.5 ], "texture": "#texture" },
        "east":  { "uv": [ 8, 1, 7.5, 1.5 ], "texture": "#texture" }
    }
},
{
    "from": [ 10, 10, 5 ],
    "to": [ 10.5, 10.5, 6.5 ],
    "faces": {
        "down":  { "uv": [ 7.5, 1.5, 8, 1 ], "texture": "#texture" },
        "up":    { "uv": [ 7.5, 1, 8, 1.5 ], "texture": "#texture" },
        "north": { "uv": [ 7.5, 1, 8, 1.5 ], "texture": "#texture" },
        "south": { "uv": [ 7.5, 1.5, 8, 1 ], "texture": "#texture" },
        "west":  { "uv": [ 7.5, 1, 8, 1.5 ], "texture": "#texture" },
        "east":  { "uv": [ 8, 1, 7.5, 1.5 ], "texture": "#texture" }
    }
},
{
    "from": [ 9.5, 9.5, 4.5 ],
    "to": [ 10, 10, 5.5 ],
    "faces": {
        "down":  { "uv": [ 7.5, 1.5, 8, 1 ], "texture": "#texture" },
        "up":    { "uv": [ 7.5, 1, 8, 1.5 ], "texture": "#texture" },
        "north": { "uv": [ 7.5, 1, 8, 1.5 ], "texture": "#texture" },
        "south": { "uv": [ 7.5, 1.5, 8, 1 ], "texture": "#texture" },
        "west":  { "uv": [ 7.5, 1, 8, 1.5 ], "texture": "#texture" },
        "east":  { "uv": [ 8, 1, 7.5, 1.5 ], "texture": "#texture" }
    }
},
{
    "from": [ 9, 9, 4.5 ],
    "to": [ 9.5, 9.5, 5 ],
    "faces": {
        "down":  { "uv": [ 7.5, 1.5, 8, 1 ], "texture": "#texture" },
        "up":    { "uv": [ 7.5, 1, 8, 1.5 ], "texture": "#texture" },
        "north": { "uv": [ 7.5, 1, 8, 1.5 ], "texture": "#texture" },
        "south": { "uv": [ 7.5, 1.5, 8, 1 ], "texture": "#texture" },
        "west":  { "uv": [ 7.5, 1, 8, 1.5 ], "texture": "#texture" },
        "east":  { "uv": [ 8, 1, 7.5, 1.5 ], "texture": "#texture" }
    }
},
{
    "from": [ 7, 8, 11 ],
    "to": [ 7.5, 8.5, 12 ],
    "faces": {
        "down":  { "uv": [ 7.5, 6.5, 8, 6 ], "texture": "#texture" },
        "up":    { "uv": [ 7.5, 6, 8, 6.5 ], "texture": "#texture" },
        "north": { "uv": [ 7.5, 6, 8, 6.5 ], "texture": "#texture" },
        "south": { "uv": [ 7.5, 6.5, 8, 6 ], "texture": "#texture" },
        "west":  { "uv": [ 7.5, 6, 8, 6.5 ], "texture": "#texture" },
        "east":  { "uv": [ 8, 6, 7.5, 6.5 ], "texture": "#texture" }
    }
},
{
    "from": [ 7, 7.5, 10.5 ],
    "to": [ 7.5, 8, 11.5 ],
    "faces": {
        "down":  { "uv": [ 7.5, 6.5, 8, 6 ], "texture": "#texture" },
        "up":    { "uv": [ 7.5, 6, 8, 6.5 ], "texture": "#texture" },
        "north": { "uv": [ 7.5, 6, 8, 6.5 ], "texture": "#texture" },
        "south": { "uv": [ 7.5, 6.5, 8, 6 ], "texture": "#texture" },
        "west":  { "uv": [ 7.5, 6, 8, 6.5 ], "texture": "#texture" },
        "east":  { "uv": [ 8, 6, 7.5, 6.5 ], "texture": "#texture" }
    }
},
{
    "from": [ 7, 7, 9.5 ],
    "to": [ 7.5, 7.5, 10.5 ],
    "faces": {
        "down":  { "uv": [ 7.5, 6.5, 8, 6 ], "texture": "#texture" },
        "up":    { "uv": [ 7.5, 6, 8, 6.5 ], "texture": "#texture" },
        "north": { "uv": [ 7.5, 6, 8, 6.5 ], "texture": "#texture" },
        "south": { "uv": [ 7.5, 6.5, 8, 6 ], "texture": "#texture" },
        "west":  { "uv": [ 7.5, 6, 8, 6.5 ], "texture": "#texture" },
        "east":  { "uv": [ 8, 6, 7.5, 6.5 ], "texture": "#texture" }
    }
},
{
    "from": [ 6.5, 6.5, 8 ],
    "to": [ 7, 7, 9.5 ],
    "faces": {
        "down":  { "uv": [ 7.5, 6.5, 8, 6 ], "texture": "#texture" },
        "up":    { "uv": [ 7.5, 6, 8, 6.5 ], "texture": "#texture" },
        "north": { "uv": [ 7.5, 6, 8, 6.5 ], "texture": "#texture" },
        "south": { "uv": [ 7.5, 6.5, 8, 6 ], "texture": "#texture" },
        "west":  { "uv": [ 7.5, 6, 8, 6.5 ], "texture": "#texture" },
        "east":  { "uv": [ 8, 6, 7.5, 6.5 ], "texture": "#texture" }
    }
},
{
    "from": [ 6.5, 6.5, 5 ],
    "to": [ 7, 7, 6 ],
    "faces": {
        "down":  { "uv": [ 7.5, 6.5, 8, 6 ], "texture": "#texture" },
        "up":    { "uv": [ 7.5, 6, 8, 6.5 ], "texture": "#texture" },
        "north": { "uv": [ 7.5, 6, 8, 6.5 ], "texture": "#texture" },
        "south": { "uv": [ 7.5, 6.5, 8, 6 ], "texture": "#texture" },
        "west":  { "uv": [ 7.5, 6, 8, 6.5 ], "texture": "#texture" },
        "east":  { "uv": [ 8, 6, 7.5, 6.5 ], "texture": "#texture" }
    }
},
{
    "from": [ 7, 7, 4 ],
    "to": [ 7.5, 7.5, 5 ],
    "faces": {
        "down":  { "uv": [ 7.5, 6.5, 8, 6 ], "texture": "#texture" },
        "up":    { "uv": [ 7.5, 6, 8, 6.5 ], "texture": "#texture" },
        "north": { "uv": [ 7.5, 6, 8, 6.5 ], "texture": "#texture" },
        "south": { "uv": [ 7.5, 6.5, 8, 6 ], "texture": "#texture" },
        "west":  { "uv": [ 7.5, 6, 8, 6.5 ], "texture": "#texture" },
        "east":  { "uv": [ 8, 6, 7.5, 6.5 ], "texture": "#texture" }
    }
},
{
    "from": [ 6.5, 6, 5.5 ],
    "to": [ 7, 6.5, 8.5 ],
    "faces": {
        "down":  { "uv": [ 7.5, 6.5, 8, 6 ], "texture": "#texture" },
        "up":    { "uv": [ 7.5, 6, 8, 6.5 ], "texture": "#texture" },
        "north": { "uv": [ 7.5, 6, 8, 6.5 ], "texture": "#texture" },
        "south": { "uv": [ 7.5, 6.5, 8, 6 ], "texture": "#texture" },
        "west":  { "uv": [ 7.5, 6, 8, 6.5 ], "texture": "#texture" },
        "east":  { "uv": [ 8, 6, 7.5, 6.5 ], "texture": "#texture" }
    }
},
{
    "from": [ 7, 7.5, 3.5 ],
    "to": [ 7.5, 8, 4.5 ],
    "faces": {
        "down":  { "uv": [ 7.5, 6.5, 8, 6 ], "texture": "#texture" },
        "up":    { "uv": [ 7.5, 6, 8, 6.5 ], "texture": "#texture" },
        "north": { "uv": [ 7.5, 6, 8, 6.5 ], "texture": "#texture" },
        "south": { "uv": [ 7.5, 6.5, 8, 6 ], "texture": "#texture" },
        "west":  { "uv": [ 7.5, 6, 8, 6.5 ], "texture": "#texture" },
        "east":  { "uv": [ 8, 6, 7.5, 6.5 ], "texture": "#texture" }
    }
},
{
    "from": [ 7, 8, 12 ],
    "to": [ 7.5, 8.5, 13 ],
    "faces": {
        "down":  { "uv": [ 7.5, 1.5, 8, 1 ], "texture": "#texture" },
        "up":    { "uv": [ 7.5, 1, 8, 1.5 ], "texture": "#texture" },
        "north": { "uv": [ 7.5, 1, 8, 1.5 ], "texture": "#texture" },
        "south": { "uv": [ 7.5, 1.5, 8, 1 ], "texture": "#texture" },
        "west":  { "uv": [ 7.5, 1, 8, 1.5 ], "texture": "#texture" },
        "east":  { "uv": [ 8, 1, 7.5, 1.5 ], "texture": "#texture" }
    }
},
{
    "from": [ 7, 8.5, 13 ],
    "to": [ 7.5, 9, 14 ],
    "faces": {
        "down":  { "uv": [ 7.5, 1.5, 8, 1 ], "texture": "#texture" },
        "up":    { "uv": [ 7.5, 1, 8, 1.5 ], "texture": "#texture" },
        "north": { "uv": [ 7.5, 1, 8, 1.5 ], "texture": "#texture" },
        "south": { "uv": [ 7.5, 1.5, 8, 1 ], "texture": "#texture" },
        "west":  { "uv": [ 7.5, 1, 8, 1.5 ], "texture": "#texture" },
        "east":  { "uv": [ 8, 1, 7.5, 1.5 ], "texture": "#texture" }
    }
},
{
    "from": [ 7, 7.5, 11.5 ],
    "to": [ 7.5, 8, 12.5 ],
    "faces": {
        "down":  { "uv": [ 7.5, 1.5, 8, 1 ], "texture": "#texture" },
        "up":    { "uv": [ 7.5, 1, 8, 1.5 ], "texture": "#texture" },
        "north": { "uv": [ 7.5, 1, 8, 1.5 ], "texture": "#texture" },
        "south": { "uv": [ 7.5, 1.5, 8, 1 ], "texture": "#texture" },
        "west":  { "uv": [ 7.5, 1, 8, 1.5 ], "texture": "#texture" },
        "east":  { "uv": [ 8, 1, 7.5, 1.5 ], "texture": "#texture" }
    }
},
{
    "from": [ 7, 7, 10.5 ],
    "to": [ 7.5, 7.5, 11.5 ],
    "faces": {
        "down":  { "uv": [ 7.5, 1.5, 8, 1 ], "texture": "#texture" },
        "up":    { "uv": [ 7.5, 1, 8, 1.5 ], "texture": "#texture" },
        "north": { "uv": [ 7.5, 1, 8, 1.5 ], "texture": "#texture" },
        "south": { "uv": [ 7.5, 1.5, 8, 1 ], "texture": "#texture" },
        "west":  { "uv": [ 7.5, 1, 8, 1.5 ], "texture": "#texture" },
        "east":  { "uv": [ 8, 1, 7.5, 1.5 ], "texture": "#texture" }
    }
},
{
    "from": [ 7, 6.5, 9.5 ],
    "to": [ 7.5, 7, 10.5 ],
    "faces": {
        "down":  { "uv": [ 7.5, 1.5, 8, 1 ], "texture": "#texture" },
        "up":    { "uv": [ 7.5, 1, 8, 1.5 ], "texture": "#texture" },
        "north": { "uv": [ 7.5, 1, 8, 1.5 ], "texture": "#texture" },
        "south": { "uv": [ 7.5, 1.5, 8, 1 ], "texture": "#texture" },
        "west":  { "uv": [ 7.5, 1, 8, 1.5 ], "texture": "#texture" },
        "east":  { "uv": [ 8, 1, 7.5, 1.5 ], "texture": "#texture" }
    }
},
{
    "from": [ 6.5, 6, 8.5 ],
    "to": [ 7, 6.5, 10 ],
    "faces": {
        "down":  { "uv": [ 7.5, 1.5, 8, 1 ], "texture": "#texture" },
        "up":    { "uv": [ 7.5, 1, 8, 1.5 ], "texture": "#texture" },
        "north": { "uv": [ 7.5, 1, 8, 1.5 ], "texture": "#texture" },
        "south": { "uv": [ 7.5, 1.5, 8, 1 ], "texture": "#texture" },
        "west":  { "uv": [ 7.5, 1, 8, 1.5 ], "texture": "#texture" },
        "east":  { "uv": [ 8, 1, 7.5, 1.5 ], "texture": "#texture" }
    }
},
{
    "from": [ 6.5, 6, 4.5 ],
    "to": [ 7, 6.5, 5.5 ],
    "faces": {
        "down":  { "uv": [ 7.5, 1.5, 8, 1 ], "texture": "#texture" },
        "up":    { "uv": [ 7.5, 1, 8, 1.5 ], "texture": "#texture" },
        "north": { "uv": [ 7.5, 1, 8, 1.5 ], "texture": "#texture" },
        "south": { "uv": [ 7.5, 1.5, 8, 1 ], "texture": "#texture" },
        "west":  { "uv": [ 7.5, 1, 8, 1.5 ], "texture": "#texture" },
        "east":  { "uv": [ 8, 1, 7.5, 1.5 ], "texture": "#texture" }
    }
},
{
    "from": [ 6.5, 6.5, 4 ],
    "to": [ 7, 7, 5 ],
    "faces": {
        "down":  { "uv": [ 7.5, 1.5, 8, 1 ], "texture": "#texture" },
        "up":    { "uv": [ 7.5, 1, 8, 1.5 ], "texture": "#texture" },
        "north": { "uv": [ 7.5, 1, 8, 1.5 ], "texture": "#texture" },
        "south": { "uv": [ 7.5, 1.5, 8, 1 ], "texture": "#texture" },
        "west":  { "uv": [ 7.5, 1, 8, 1.5 ], "texture": "#texture" },
        "east":  { "uv": [ 8, 1, 7.5, 1.5 ], "texture": "#texture" }
    }
},
{
    "from": [ 7, 7, 3 ],
    "to": [ 7.5, 7.5, 4 ],
    "faces": {
        "down":  { "uv": [ 7.5, 1.5, 8, 1 ], "texture": "#texture" },
        "up":    { "uv": [ 7.5, 1, 8, 1.5 ], "texture": "#texture" },
        "north": { "uv": [ 7.5, 1, 8, 1.5 ], "texture": "#texture" },
        "south": { "uv": [ 7.5, 1.5, 8, 1 ], "texture": "#texture" },
        "west":  { "uv": [ 7.5, 1, 8, 1.5 ], "texture": "#texture" },
        "east":  { "uv": [ 8, 1, 7.5, 1.5 ], "texture": "#texture" }
    }
},
{
    "from": [ 7, 7.5, 2.5 ],
    "to": [ 7.5, 8, 3.5 ],
    "faces": {
        "down":  { "uv": [ 7.5, 1.5, 8, 1 ], "texture": "#texture" },
        "up":    { "uv": [ 7.5, 1, 8, 1.5 ], "texture": "#texture" },
        "north": { "uv": [ 7.5, 1, 8, 1.5 ], "texture": "#texture" },
        "south": { "uv": [ 7.5, 1.5, 8, 1 ], "texture": "#texture" },
        "west":  { "uv": [ 7.5, 1, 8, 1.5 ], "texture": "#texture" },
        "east":  { "uv": [ 8, 1, 7.5, 1.5 ], "texture": "#texture" }
    }
}
],
"display": {
    "thirdperson": {
        "rotation": [ 0, 0, 0 ],
        "translation": [ 0, 0, 0 ],
        "scale": [ 1, 1, 1 ]
    },
    "head": {
        "rotation": [ 0, 0, 0 ],
        "translation": [ 0, 0, 0 ],
        "scale": [ 1.5, 1.5, 2 ]
    },
    "firstperson": {
        "rotation": [ 58, -50, -64 ],
        "translation": [ -4.8, 4.4, 0.7 ],
        "scale": [ 1, 1, 1 ]
    }
}
}