{
	"credit": "Made with Blockbench",
	"ambientocclusion": false,
	"textures": {
		"0": "blocks/circle",
		"particle": "blocks/circle"
	},
	"elements": [
		{
			"from": [21, 7, -5],
			"to": [21.0625, 31, 32],
			"shade": false,
			"rotation": {"angle": -45, "axis": "y", "origin": [21, 0, -5]},
			"faces": {
				"east": {"uv": [0, 0, 16, 16], "texture": "#0"},
				"west": {"uv": [0, 0, 16, 16], "texture": "#0"}
			}
		},
		{
			"from": [-5, 0, -5],
			"to": [-4.9375, 24, 32],
			"shade": false,
			"rotation": {"angle": 45, "axis": "y", "origin": [-5, 0, -5]},
			"faces": {
				"east": {"uv": [0, 0, 16, 16], "texture": "#0"},
				"west": {"uv": [0, 0, 16, 16], "texture": "#0"}
			}
		}
	]
}