{
  "Marauder.forcejump": {
    "category": "master",
    "sounds": [
      "Marauder/forcejump"
    ]
  },
  "Marauder.forcelightning.activation": {
    "category": "master",
    "sounds": [
      "Marauder/forcelightning_activation"
    ]
  },
  "Marauder.forcelightning.impact": {
    "category": "master",
    "sounds": [
      "Marauder/forcelightning_impact1",
      "Marauder/forcelightning_impact2",
      "Marauder/forcelightning_impact3"
    ]
  },
  "Marauder.forceunleashed": {
    "category": "master",
    "sounds": [
      "Marauder/forceunleashed"
    ]
  },
  "Marauder.grip.activation": {
    "category": "master",
    "sounds": [
      "Marauder/grip_activation"
    ]
  },
  "Marauder.grip.impactA": {
    "category": "master",
    "sounds": [
      "Marauder/grip_impactA"
    ]
  },
  "Marauder.grip.impactB": {
    "category": "master",
    "sounds": [
      "Marauder/grip_impactB"
    ]
  },
  "Marauder.pain": {
    "category": "master",
    "sounds": [
      "Marauder/pain1",
      "Marauder/pain2"
    ]
  },
  "Marauder.select": {
    "category": "master",
    "sounds": [
      "Marauder/select"
    ]
  },
  "Marauder.smashed": {
    "category": "master",
    "sounds": [
      "Marauder/smashed"
    ]
  },
  "Marauder.taunt": {
    "category": "master",
    "sounds": [
      "Marauder/taunt"
    ]
  },
  "melee.marauder.meleehit": {
    "category": "master",
    "sounds": [
      "melee/marauder_meleehit1",
      "melee/marauder_meleehit2"
    ]
  },
  "melee.marauder.meleemiss": {
    "category": "master",
    "sounds": [
      "melee/marauder_meleemiss1",
      "melee/marauder_meleemiss2",
      "melee/marauder_meleemiss3"
    ]
  }
}
