{
	"__comment": "Model generated using MrCrayfish's Model Creator (http://mrcrayfish.com/modelcreator/)",
	"textures": {
		"0": "items/ice_sword"
	},
	"elements": [
		{
			"from": [ 7, 0.8, 7.5 ],
			"to": [ 9, 1.3, 8.5 ],
			"faces": {
				"down": { "uv": [ 8, 9, 10, 10 ], "texture": "#0" },
				"up": { "uv": [ 8, 8, 10, 9 ], "texture": "#0" },
				"north": { "uv": [ 9, 9, 11, 9.5 ], "texture": "#0" },
				"south": { "uv": [ 9, 9, 11, 9.5 ], "texture": "#0" },
				"west": { "uv": [ 9, 8, 10, 8.5 ], "texture": "#0" },
				"east": { "uv": [ 8, 10, 9, 10.5 ], "texture": "#0" }
			}
		},
		{
			"from": [ 6.5, 0.3, 7.5 ],
			"to": [ 7.5, 0.8, 8.5 ],
			"faces": {
				"down": { "uv": [ 8, 9, 9, 10 ], "texture": "#0" },
				"up": { "uv": [ 8, 8, 9, 9 ], "texture": "#0" },
				"north": { "uv": [ 9, 9, 10, 9.5 ], "texture": "#0" },
				"south": { "uv": [ 9, 9, 10, 9.5 ], "texture": "#0" },
				"west": { "uv": [ 9, 8, 10, 8.5 ], "texture": "#0" },
				"east": { "uv": [ 8, 10, 9, 10.5 ], "texture": "#0" }
			}
		},
		{
			"from": [ 6, -0.2, 7.5 ],
			"to": [ 7, 0.3, 8.5 ],
			"faces": {
				"down": { "uv": [ 8, 9, 9, 10 ], "texture": "#0" },
				"up": { "uv": [ 8, 8, 9, 9 ], "texture": "#0" },
				"north": { "uv": [ 9, 9, 10, 9.5 ], "texture": "#0" },
				"south": { "uv": [ 9, 9, 10, 9.5 ], "texture": "#0" },
				"west": { "uv": [ 9, 8, 10, 8.5 ], "texture": "#0" },
				"east": { "uv": [ 8, 10, 9, 10.5 ], "texture": "#0" }
			}
		},
		{
			"from": [ 8.5, 0.3, 7.5 ],
			"to": [ 9.5, 0.8, 8.5 ],
			"faces": {
				"down": { "uv": [ 8, 9, 9, 10 ], "texture": "#0" },
				"up": { "uv": [ 8, 8, 9, 9 ], "texture": "#0" },
				"north": { "uv": [ 9, 9, 10, 9.5 ], "texture": "#0" },
				"south": { "uv": [ 9, 9, 10, 9.5 ], "texture": "#0" },
				"west": { "uv": [ 9, 8, 10, 8.5 ], "texture": "#0" },
				"east": { "uv": [ 8, 10, 9, 10.5 ], "texture": "#0" }
			}
		},
		{
			"from": [ 9, -0.2, 7.5 ],
			"to": [ 10, 0.3, 8.5 ],
			"faces": {
				"down": { "uv": [ 8, 9, 9, 10 ], "texture": "#0" },
				"up": { "uv": [ 8, 8, 9, 9 ], "texture": "#0" },
				"north": { "uv": [ 9, 9, 10, 9.5 ], "texture": "#0" },
				"south": { "uv": [ 9, 9, 10, 9.5 ], "texture": "#0" },
				"west": { "uv": [ 9, 8, 10, 8.5 ], "texture": "#0" },
				"east": { "uv": [ 8, 10, 9, 10.5 ], "texture": "#0" }
			}
		},
		{
			"from": [ 7.6, 1.3, 7.6 ],
			"to": [ 8.4, 1.5, 8.4 ],
			"faces": {
				"down": { "uv": [ 3, 14, 3.8, 14.8 ], "texture": "#0" },
				"up": { "uv": [ 2, 14, 2.8, 14.8 ], "texture": "#0" },
				"north": { "uv": [ 3, 13, 3.8, 13.2 ], "texture": "#0" },
				"south": { "uv": [ 1, 14, 1.8, 14.2 ], "texture": "#0" },
				"west": { "uv": [ 1, 14, 1.8, 14.2 ], "texture": "#0" },
				"east": { "uv": [ 2, 14, 2.8, 14.2 ], "texture": "#0" }
			}
		},
		{
			"from": [ 7.5, 1.5, 7.5 ],
			"to": [ 8.5, 1.9, 8.5 ],
			"faces": {
				"down": { "uv": [ 3, 14, 4, 15 ], "texture": "#0" },
				"up": { "uv": [ 2, 14, 3, 15 ], "texture": "#0" },
				"north": { "uv": [ 3, 13, 4, 13.4 ], "texture": "#0" },
				"south": { "uv": [ 1, 14, 2, 14.4 ], "texture": "#0" },
				"west": { "uv": [ 1, 14, 2, 14.4 ], "texture": "#0" },
				"east": { "uv": [ 2, 14, 3, 14.4 ], "texture": "#0" }
			}
		},
		{
			"from": [ 7.5, 1.9, 7.5 ],
			"to": [ 8.5, 2.3, 8.5 ],
			"faces": {
				"down": { "uv": [ 3, 14, 4, 15 ], "texture": "#0" },
				"up": { "uv": [ 5.6, 14, 6.2, 15 ], "texture": "#0" },
				"north": { "uv": [ 4, 13, 7, 13.4 ], "texture": "#0", "rotation": 180 },
				"south": { "uv": [ 4, 14, 7, 14.4 ], "texture": "#0" },
				"west": { "uv": [ 2, 14, 4, 14.4 ], "texture": "#0" },
				"east": { "uv": [ 6, 14, 7, 14.4 ], "texture": "#0" }
			}
		},
		{
			"from": [ 7.6, 2.3, 7.6 ],
			"to": [ 8.4, 2.5, 8.4 ],
			"faces": {
				"down": { "uv": [ 3, 14, 3.8, 14.8 ], "texture": "#0" },
				"up": { "uv": [ 2, 14, 2.8, 14.8 ], "texture": "#0" },
				"north": { "uv": [ 4, 13, 6.8, 13.2 ], "texture": "#0", "rotation": 180 },
				"south": { "uv": [ 4, 14, 6.8, 14.2 ], "texture": "#0" },
				"west": { "uv": [ 1, 14, 1.8, 14.2 ], "texture": "#0" },
				"east": { "uv": [ 8, 14, 8.8, 14.2 ], "texture": "#0" }
			}
		},
		{
			"from": [ 7.5, 2.5, 7.6 ],
			"to": [ 8.5, 4.2, 8.4 ],
			"faces": {
				"down": { "uv": [ 8, 9, 9, 9.8 ], "texture": "#0" },
				"up": { "uv": [ 8, 8, 9, 8.8 ], "texture": "#0" },
				"north": { "uv": [ 9, 9, 10, 10.5 ], "texture": "#0" },
				"south": { "uv": [ 9, 9, 10, 10.5 ], "texture": "#0" },
				"west": { "uv": [ 9, 8, 9.8, 9.5 ], "texture": "#0" },
				"east": { "uv": [ 8, 10, 8.8, 11.5 ], "texture": "#0" }
			}
		},
		{
			"from": [ 7.4, 4.2, 7.4 ],
			"to": [ 8.6, 4.3, 8.6 ],
			"faces": {
				"down": { "uv": [ 3, 14, 4, 15 ], "texture": "#0" },
				"up": { "uv": [ 5.6, 14, 5.2, 15 ], "texture": "#0" },
				"north": { "uv": [ 4, 13, 4, 13.4 ], "texture": "#0" },
				"south": { "uv": [ 4, 14, 3, 14.4 ], "texture": "#0" },
				"west": { "uv": [ 4, 14, 5, 14.4 ], "texture": "#0" },
				"east": { "uv": [ 3, 14, 4, 14.4 ], "texture": "#0" }
			}
		},
		{
			"from": [ 7.3, 4.3, 7.3 ],
			"to": [ 8.699999, 4.4, 8.699999 ],
			"faces": {
				"down": { "uv": [ 3, 14, 4, 15 ], "texture": "#0" },
				"up": { "uv": [ 5.6, 14, 5.2, 15 ], "texture": "#0" },
				"north": { "uv": [ 4, 13, 4, 13.4 ], "texture": "#0" },
				"south": { "uv": [ 4, 14, 3, 14.4 ], "texture": "#0" },
				"west": { "uv": [ 4, 14, 5, 14.4 ], "texture": "#0" },
				"east": { "uv": [ 3, 14, 4, 14.4 ], "texture": "#0" }
			}
		},
		{
			"from": [ 7.2, 4.4, 7.2 ],
			"to": [ 8.8, 4.6, 8.8 ],
			"faces": {
				"down": { "uv": [ 3, 14, 4, 15 ], "texture": "#0" },
				"up": { "uv": [ 5.6, 14, 5.2, 15 ], "texture": "#0" },
				"north": { "uv": [ 4, 13, 4, 13.4 ], "texture": "#0" },
				"south": { "uv": [ 4, 14, 3, 14.4 ], "texture": "#0" },
				"west": { "uv": [ 4, 14, 5, 14.4 ], "texture": "#0" },
				"east": { "uv": [ 3, 14, 4, 14.4 ], "texture": "#0" }
			}
		},
		{
			"from": [ 7.1, 4.6, 7 ],
			"to": [ 8, 5.4, 9 ],
			"faces": {
				"down": { "uv": [ 3, 14, 4, 15 ], "texture": "#0" },
				"up": { "uv": [ 5.6, 14, 5.2, 15 ], "texture": "#0" },
				"north": { "uv": [ 4, 13, 4, 13.4 ], "texture": "#0" },
				"south": { "uv": [ 5, 13, 4, 15.4 ], "texture": "#0", "rotation": 180 },
				"west": { "uv": [ 4, 14, 5, 14.4 ], "texture": "#0" },
				"east": { "uv": [ 5, 13, 8, 14.4 ], "texture": "#0", "rotation": 270 }
			}
		},
		{
			"from": [ 7.2, 5.4, 8.4 ],
			"to": [ 8.8, 5.6, 8.9 ],
			"faces": {
				"down": { "uv": [ 3, 14, 4, 15 ], "texture": "#0" },
				"up": { "uv": [ 5.6, 14, 6.2, 15 ], "texture": "#0" },
				"north": { "uv": [ 3.5, 13, 7, 13.4 ], "texture": "#0", "rotation": 180 },
				"south": { "uv": [ 4, 14, 7, 14.4 ], "texture": "#0" },
				"west": { "uv": [ 4, 14, 3, 13.4 ], "texture": "#0" },
				"east": { "uv": [ 7, 14, 9, 14.4 ], "texture": "#0", "rotation": 180 }
			}
		},
		{
			"from": [ 7.3, 5.6, 7.3 ],
			"to": [ 8.699999, 5.7, 8.699999 ],
			"faces": {
				"down": { "uv": [ 3, 14, 4, 15 ], "texture": "#0" },
				"up": { "uv": [ 2.7, 14, 7.1, 15 ], "texture": "#0" },
				"north": { "uv": [ 3, 13, 7, 14.4 ], "texture": "#0", "rotation": 180 },
				"south": { "uv": [ 3, 14, 7, 14.4 ], "texture": "#0" },
				"west": { "uv": [ 5, 14, 6, 14.4 ], "texture": "#0" },
				"east": { "uv": [ 6, 14, 8, 14.4 ], "texture": "#0" }
			}
		},
		{
			"from": [ 7.4, 5.7, 7.4 ],
			"to": [ 8.6, 5.8, 8.6 ],
			"faces": {
				"down": { "uv": [ 3, 14, 4, 15 ], "texture": "#0" },
				"up": { "uv": [ 5, 14, 6.2, 15 ], "texture": "#0" },
				"north": { "uv": [ 0.4, 12.7, 7.2, 12.5 ], "texture": "#0", "rotation": 180 },
				"south": { "uv": [ 1, 14, 7, 14.4 ], "texture": "#0" },
				"west": { "uv": [ 4, 14, 5, 14.4 ], "texture": "#0" },
				"east": { "uv": [ 7, 14, 9, 14.4 ], "texture": "#0" }
			}
		},
		{
			"from": [ 8, 4.6, 7 ],
			"to": [ 8.9, 5.4, 9 ],
			"faces": {
				"down": { "uv": [ 3, 14, 4, 15 ], "texture": "#0" },
				"up": { "uv": [ 6, 14, 7.8, 15 ], "texture": "#0" },
				"north": { "uv": [ 4, 14, 10, 13.4 ], "texture": "#0", "rotation": 270 },
				"south": { "uv": [ 4, 13, 10, 14.4 ], "texture": "#0", "rotation": 270 },
				"west": { "uv": [ 4, 14, 5, 14.4 ], "texture": "#0" },
				"east": { "uv": [ 5, 13, 8, 14.4 ], "texture": "#0", "rotation": 270 }
			}
		},
		{
			"from": [ 6.5, 5.9, 7.6 ],
			"to": [ 9.5, 6.3, 8.4 ],
			"faces": {
				"down": { "uv": [ 8, 9, 9, 9.8 ], "texture": "#0" },
				"up": { "uv": [ 8, 8, 9, 8.8 ], "texture": "#0" },
				"north": { "uv": [ 9, 9, 10, 10.5 ], "texture": "#0" },
				"south": { "uv": [ 9, 9, 10, 10.5 ], "texture": "#0" },
				"west": { "uv": [ 9, 8, 9.8, 9.5 ], "texture": "#0" },
				"east": { "uv": [ 8, 10, 8.8, 11.5 ], "texture": "#0" }
			}
		},
		{
			"from": [ 6.2, 5.3, 7.6 ],
			"to": [ 9.8, 5.9, 8.4 ],
			"faces": {
				"down": { "uv": [ 8, 9, 9, 9.8 ], "texture": "#0" },
				"up": { "uv": [ 8, 8, 9, 8.8 ], "texture": "#0" },
				"north": { "uv": [ 9, 9, 10, 10.5 ], "texture": "#0" },
				"south": { "uv": [ 9, 9, 10, 10.5 ], "texture": "#0" },
				"west": { "uv": [ 9, 8, 9.8, 9.5 ], "texture": "#0" },
				"east": { "uv": [ 8, 10, 8.8, 11.5 ], "texture": "#0" }
			}
		},
		{
			"from": [ 6.5, 5, 7.6 ],
			"to": [ 9.5, 5.3, 8.4 ],
			"faces": {
				"down": { "uv": [ 8, 9, 9, 9.8 ], "texture": "#0" },
				"up": { "uv": [ 8, 8, 9, 8.8 ], "texture": "#0" },
				"north": { "uv": [ 9, 9, 10, 10.5 ], "texture": "#0" },
				"south": { "uv": [ 9, 9, 10, 10.5 ], "texture": "#0" },
				"west": { "uv": [ 9, 8, 9.8, 9.5 ], "texture": "#0" },
				"east": { "uv": [ 8, 10, 8.8, 11.5 ], "texture": "#0" }
			}
		},
		{
			"from": [ 7.5, 6.2, 7.6 ],
			"to": [ 8.5, 6.5, 8.4 ],
			"faces": {
				"down": { "uv": [ 8, 9, 9, 9.8 ], "texture": "#0" },
				"up": { "uv": [ 8, 8, 9, 8.8 ], "texture": "#0" },
				"north": { "uv": [ 9, 9, 10, 10.5 ], "texture": "#0" },
				"south": { "uv": [ 9, 9, 10, 10.5 ], "texture": "#0" },
				"west": { "uv": [ 9, 8, 9.8, 9.5 ], "texture": "#0" },
				"east": { "uv": [ 8, 10, 8.8, 11.5 ], "texture": "#0" }
			}
		},
		{
			"from": [ 6.9, 6.2, 7.6 ],
			"to": [ 9.1, 6.4, 8.4 ],
			"faces": {
				"down": { "uv": [ 8, 9, 9, 9.8 ], "texture": "#0" },
				"up": { "uv": [ 8, 8, 9, 8.8 ], "texture": "#0" },
				"north": { "uv": [ 9, 9, 10, 10.5 ], "texture": "#0" },
				"south": { "uv": [ 9, 9, 10, 10.5 ], "texture": "#0" },
				"west": { "uv": [ 9, 8, 9.8, 9.5 ], "texture": "#0" },
				"east": { "uv": [ 8, 10, 8.8, 11.5 ], "texture": "#0" }
			}
		},
		{
			"from": [ 9.5, 5.9, 7.6 ],
			"to": [ 9.6, 6.199999, 8.4 ],
			"faces": {
				"down": { "uv": [ 8, 9, 9, 9.8 ], "texture": "#0" },
				"up": { "uv": [ 8, 8, 9, 8.8 ], "texture": "#0" },
				"north": { "uv": [ 9, 9, 10, 10.5 ], "texture": "#0" },
				"south": { "uv": [ 9, 9, 10, 10.5 ], "texture": "#0" },
				"west": { "uv": [ 9, 8, 9.8, 9.5 ], "texture": "#0" },
				"east": { "uv": [ 8, 10, 8.8, 11.5 ], "texture": "#0" }
			}
		},
		{
			"from": [ 9.599999, 5.9, 7.6 ],
			"to": [ 9.699999, 6.099999, 8.4 ],
			"faces": {
				"down": { "uv": [ 8, 9, 9, 9.8 ], "texture": "#0" },
				"up": { "uv": [ 8, 8, 9, 8.8 ], "texture": "#0" },
				"north": { "uv": [ 9, 9, 10, 10.5 ], "texture": "#0" },
				"south": { "uv": [ 9, 9, 10, 10.5 ], "texture": "#0" },
				"west": { "uv": [ 9, 8, 9.8, 9.5 ], "texture": "#0" },
				"east": { "uv": [ 8, 10, 8.8, 11.5 ], "texture": "#0" }
			}
		},
		{
			"from": [ 6.3, 5.9, 7.6 ],
			"to": [ 6.4, 6.099999, 8.4 ],
			"faces": {
				"down": { "uv": [ 8, 9, 9, 9.8 ], "texture": "#0" },
				"up": { "uv": [ 8, 8, 9, 8.8 ], "texture": "#0" },
				"north": { "uv": [ 9, 9, 10, 10.5 ], "texture": "#0" },
				"south": { "uv": [ 9, 9, 10, 10.5 ], "texture": "#0" },
				"west": { "uv": [ 9, 8, 9.8, 9.5 ], "texture": "#0" },
				"east": { "uv": [ 8, 10, 8.8, 11.5 ], "texture": "#0" }
			}
		},
		{
			"from": [ 6.4, 5.9, 7.6 ],
			"to": [ 6.5, 6.199999, 8.4 ],
			"faces": {
				"down": { "uv": [ 8, 9, 9, 9.8 ], "texture": "#0" },
				"up": { "uv": [ 8, 8, 9, 8.8 ], "texture": "#0" },
				"north": { "uv": [ 9, 9, 10, 10.5 ], "texture": "#0" },
				"south": { "uv": [ 9, 9, 10, 10.5 ], "texture": "#0" },
				"west": { "uv": [ 9, 8, 9.8, 9.5 ], "texture": "#0" },
				"east": { "uv": [ 8, 10, 8.8, 11.5 ], "texture": "#0" }
			}
		},
		{
			"from": [ 6.4, 5.1, 7.6 ],
			"to": [ 6.5, 5.3, 8.4 ],
			"faces": {
				"down": { "uv": [ 8, 9, 9, 9.8 ], "texture": "#0" },
				"up": { "uv": [ 8, 8, 9, 8.8 ], "texture": "#0" },
				"north": { "uv": [ 9, 9, 10, 10.5 ], "texture": "#0" },
				"south": { "uv": [ 9, 9, 10, 10.5 ], "texture": "#0" },
				"west": { "uv": [ 9, 8, 9.8, 9.5 ], "texture": "#0" },
				"east": { "uv": [ 8, 10, 8.8, 11.5 ], "texture": "#0" }
			}
		},
		{
			"from": [ 9.599999, 5.2, 7.6 ],
			"to": [ 9.699999, 5.3, 8.4 ],
			"faces": {
				"down": { "uv": [ 8, 9, 9, 9.8 ], "texture": "#0" },
				"up": { "uv": [ 8, 8, 9, 8.8 ], "texture": "#0" },
				"north": { "uv": [ 9, 9, 10, 10.5 ], "texture": "#0" },
				"south": { "uv": [ 9, 9, 10, 10.5 ], "texture": "#0" },
				"west": { "uv": [ 9, 8, 9.8, 9.5 ], "texture": "#0" },
				"east": { "uv": [ 8, 10, 8.8, 11.5 ], "texture": "#0" }
			}
		},
		{
			"from": [ 9.5, 5.1, 7.6 ],
			"to": [ 9.6, 5.3, 8.4 ],
			"faces": {
				"down": { "uv": [ 8, 9, 9, 9.8 ], "texture": "#0" },
				"up": { "uv": [ 8, 8, 9, 8.8 ], "texture": "#0" },
				"north": { "uv": [ 9, 9, 10, 10.5 ], "texture": "#0" },
				"south": { "uv": [ 9, 9, 10, 10.5 ], "texture": "#0" },
				"west": { "uv": [ 9, 8, 9.8, 9.5 ], "texture": "#0" },
				"east": { "uv": [ 8, 10, 8.8, 11.5 ], "texture": "#0" }
			}
		},
		{
			"from": [ 6.3, 5.2, 7.6 ],
			"to": [ 6.4, 5.3, 8.4 ],
			"faces": {
				"down": { "uv": [ 8, 9, 9, 9.8 ], "texture": "#0" },
				"up": { "uv": [ 8, 8, 9, 8.8 ], "texture": "#0" },
				"north": { "uv": [ 9, 9, 10, 10.5 ], "texture": "#0" },
				"south": { "uv": [ 9, 9, 10, 10.5 ], "texture": "#0" },
				"west": { "uv": [ 9, 8, 9.8, 9.5 ], "texture": "#0" },
				"east": { "uv": [ 8, 10, 8.8, 11.5 ], "texture": "#0" }
			}
		},
		{
			"from": [ 10, 5.6, 7.6 ],
			"to": [ 11, 6.1, 8.4 ],
			"faces": {
				"down": { "uv": [ 7, 8, 8, 8.8 ], "texture": "#0" },
				"up": { "uv": [ 8, 9, 9, 9.8 ], "texture": "#0" },
				"north": { "uv": [ 7, 8, 8, 8.5 ], "texture": "#0" },
				"south": { "uv": [ 7, 8, 8, 8.5 ], "texture": "#0" },
				"west": { "uv": [ 8, 8, 8.8, 8.5 ], "texture": "#0" },
				"east": { "uv": [ 9, 8, 9.8, 8.5 ], "texture": "#0" }
			}
		},
		{
			"from": [ 9.8, 5.4, 7.6 ],
			"to": [ 10, 6, 8.4 ],
			"faces": {
				"down": { "uv": [ 7, 8, 7.2, 8.8 ], "texture": "#0" },
				"up": { "uv": [ 8, 9, 8.2, 9.8 ], "texture": "#0" },
				"north": { "uv": [ 7, 8, 7.2, 8.6 ], "texture": "#0" },
				"south": { "uv": [ 7, 8, 7.2, 8.6 ], "texture": "#0" },
				"west": { "uv": [ 8, 8, 8.8, 8.6 ], "texture": "#0" },
				"east": { "uv": [ 9, 8, 9.8, 8.6 ], "texture": "#0" }
			}
		},
		{
			"from": [ 6, 5.4, 7.6 ],
			"to": [ 6.2, 6, 8.4 ],
			"faces": {
				"down": { "uv": [ 7, 8, 7.2, 8.8 ], "texture": "#0" },
				"up": { "uv": [ 8, 9, 8.2, 9.8 ], "texture": "#0" },
				"north": { "uv": [ 7, 8, 7.2, 8.6 ], "texture": "#0" },
				"south": { "uv": [ 7, 8, 7.2, 8.6 ], "texture": "#0" },
				"west": { "uv": [ 8, 8, 8.8, 8.6 ], "texture": "#0" },
				"east": { "uv": [ 9, 8, 9.8, 8.6 ], "texture": "#0" }
			}
		},
		{
			"from": [ 11, 5.5, 7.6 ],
			"to": [ 11.3, 6, 8.4 ],
			"faces": {
				"down": { "uv": [ 7, 8, 7.3, 8.8 ], "texture": "#0" },
				"up": { "uv": [ 8, 9, 8.3, 9.8 ], "texture": "#0" },
				"north": { "uv": [ 7, 8, 7.3, 8.5 ], "texture": "#0" },
				"south": { "uv": [ 7, 8, 7.3, 8.5 ], "texture": "#0" },
				"west": { "uv": [ 8, 8, 8.8, 8.5 ], "texture": "#0" },
				"east": { "uv": [ 9, 8, 9.8, 8.5 ], "texture": "#0" }
			}
		},
		{
			"from": [ 11.3, 6, 7.8 ],
			"to": [ 11.6, 6.3, 8.199999 ],
			"faces": {
				"down": { "uv": [ 7, 8, 7.3, 8.4 ], "texture": "#0" },
				"up": { "uv": [ 8, 9, 8.3, 9.4 ], "texture": "#0" },
				"north": { "uv": [ 7, 8, 7.3, 8.3 ], "texture": "#0" },
				"south": { "uv": [ 7, 8, 7.3, 8.3 ], "texture": "#0" },
				"west": { "uv": [ 8, 8, 8.4, 8.3 ], "texture": "#0" },
				"east": { "uv": [ 9, 8, 9.4, 8.3 ], "texture": "#0" }
			}
		},
		{
			"from": [ 11.3, 5.2, 7.8 ],
			"to": [ 11.6, 5.5, 8.199999 ],
			"faces": {
				"down": { "uv": [ 7, 8, 7.3, 8.4 ], "texture": "#0" },
				"up": { "uv": [ 8, 9, 8.3, 9.4 ], "texture": "#0" },
				"north": { "uv": [ 7, 8, 7.3, 8.3 ], "texture": "#0" },
				"south": { "uv": [ 7, 8, 7.3, 8.3 ], "texture": "#0" },
				"west": { "uv": [ 8, 8, 8.4, 8.3 ], "texture": "#0" },
				"east": { "uv": [ 9, 8, 9.4, 8.3 ], "texture": "#0" }
			}
		},
		{
			"from": [ 11.3, 5.6, 7.8 ],
			"to": [ 11.6, 5.9, 8.199999 ],
			"faces": {
				"down": { "uv": [ 7, 8, 7.3, 8.4 ], "texture": "#0" },
				"up": { "uv": [ 8, 9, 8.3, 9.4 ], "texture": "#0" },
				"north": { "uv": [ 7, 8, 7.3, 8.3 ], "texture": "#0" },
				"south": { "uv": [ 7, 8, 7.3, 8.3 ], "texture": "#0" },
				"west": { "uv": [ 8, 8, 8.4, 8.3 ], "texture": "#0" },
				"east": { "uv": [ 9, 8, 9.4, 8.3 ], "texture": "#0" }
			}
		},
		{
			"from": [ 5, 5.6, 7.6 ],
			"to": [ 6, 6.1, 8.4 ],
			"faces": {
				"down": { "uv": [ 7, 8, 8, 8.8 ], "texture": "#0" },
				"up": { "uv": [ 8, 9, 9, 9.8 ], "texture": "#0" },
				"north": { "uv": [ 7, 8, 8, 8.5 ], "texture": "#0" },
				"south": { "uv": [ 7, 8, 8, 8.5 ], "texture": "#0" },
				"west": { "uv": [ 8, 8, 8.8, 8.5 ], "texture": "#0" },
				"east": { "uv": [ 9, 8, 9.8, 8.5 ], "texture": "#0" }
			}
		},
		{
			"from": [ 4.7, 5.5, 7.6 ],
			"to": [ 5, 6, 8.4 ],
			"faces": {
				"down": { "uv": [ 7, 8, 7.3, 8.8 ], "texture": "#0" },
				"up": { "uv": [ 8, 9, 8.3, 9.8 ], "texture": "#0" },
				"north": { "uv": [ 7, 8, 7.3, 8.5 ], "texture": "#0" },
				"south": { "uv": [ 7, 8, 7.3, 8.5 ], "texture": "#0" },
				"west": { "uv": [ 8, 8, 8.8, 8.5 ], "texture": "#0" },
				"east": { "uv": [ 9, 8, 9.8, 8.5 ], "texture": "#0" }
			}
		},
		{
			"from": [ 4.4, 5.2, 7.8 ],
			"to": [ 4.7, 5.5, 8.199999 ],
			"faces": {
				"down": { "uv": [ 7, 8, 7.3, 8.4 ], "texture": "#0" },
				"up": { "uv": [ 8, 9, 8.3, 9.4 ], "texture": "#0" },
				"north": { "uv": [ 7, 8, 7.3, 8.3 ], "texture": "#0" },
				"south": { "uv": [ 7, 8, 7.3, 8.3 ], "texture": "#0" },
				"west": { "uv": [ 8, 8, 8.4, 8.3 ], "texture": "#0" },
				"east": { "uv": [ 9, 8, 9.4, 8.3 ], "texture": "#0" }
			}
		},
		{
			"from": [ 4.4, 5.6, 7.8 ],
			"to": [ 4.7, 5.9, 8.199999 ],
			"faces": {
				"down": { "uv": [ 7, 8, 7.3, 8.4 ], "texture": "#0" },
				"up": { "uv": [ 8, 9, 8.3, 9.4 ], "texture": "#0" },
				"north": { "uv": [ 7, 8, 7.3, 8.3 ], "texture": "#0" },
				"south": { "uv": [ 7, 8, 7.3, 8.3 ], "texture": "#0" },
				"west": { "uv": [ 8, 8, 8.4, 8.3 ], "texture": "#0" },
				"east": { "uv": [ 9, 8, 9.4, 8.3 ], "texture": "#0" }
			}
		},
		{
			"from": [ 4.4, 6, 7.8 ],
			"to": [ 4.7, 6.3, 8.199999 ],
			"faces": {
				"down": { "uv": [ 7, 8, 7.3, 8.4 ], "texture": "#0" },
				"up": { "uv": [ 8, 9, 8.3, 9.4 ], "texture": "#0" },
				"north": { "uv": [ 7, 8, 7.3, 8.3 ], "texture": "#0" },
				"south": { "uv": [ 7, 8, 7.3, 8.3 ], "texture": "#0" },
				"west": { "uv": [ 8, 8, 8.4, 8.3 ], "texture": "#0" },
				"east": { "uv": [ 9, 8, 9.4, 8.3 ], "texture": "#0" }
			}
		},
		{
			"from": [ 8.9, 6.4, 7.5 ],
			"to": [ 9.1, 13.9, 8.5 ],
			"faces": {
				"down": { "uv": [ 8, 2, 9, 2.8 ], "texture": "#0" },
				"up": { "uv": [ 9, 1, 10, 1.8 ], "texture": "#0" },
				"north": { "uv": [ 9, 2, 10, 3.5 ], "texture": "#0" },
				"south": { "uv": [ 9, 2, 10, 3.5 ], "texture": "#0" },
				"west": { "uv": [ 9, 2, 9.8, 3.5 ], "texture": "#0" },
				"east": { "uv": [ 8, 2, 8.8, 3.5 ], "texture": "#0" }
			}
		},
		{
			"from": [ 6.9, 6.4, 7.5 ],
			"to": [ 7.099999, 13.9, 8.5 ],
			"faces": {
				"down": { "uv": [ 8, 2, 9, 2.8 ], "texture": "#0" },
				"up": { "uv": [ 9, 1, 10, 1.8 ], "texture": "#0" },
				"north": { "uv": [ 9, 2, 10, 3.5 ], "texture": "#0" },
				"south": { "uv": [ 9, 2, 10, 3.5 ], "texture": "#0" },
				"west": { "uv": [ 9, 2, 9.8, 3.5 ], "texture": "#0" },
				"east": { "uv": [ 8, 2, 8.8, 3.5 ], "texture": "#0" }
			}
		},
		{
			"from": [ 7, 13.9, 7.5 ],
			"to": [ 7.2, 14.4, 8.5 ],
			"faces": {
				"down": { "uv": [ 8, 2, 9, 2.8 ], "texture": "#0" },
				"up": { "uv": [ 9, 1, 10, 1.8 ], "texture": "#0" },
				"north": { "uv": [ 9, 2, 10, 3.5 ], "texture": "#0" },
				"south": { "uv": [ 9, 2, 10, 3.5 ], "texture": "#0" },
				"west": { "uv": [ 9, 2, 9.8, 3.5 ], "texture": "#0" },
				"east": { "uv": [ 8, 2, 8.8, 3.5 ], "texture": "#0" }
			}
		},
		{
			"from": [ 8.8, 13.9, 7.5 ],
			"to": [ 9, 14.4, 8.5 ],
			"faces": {
				"down": { "uv": [ 8, 2, 9, 2.8 ], "texture": "#0" },
				"up": { "uv": [ 9, 1, 10, 1.8 ], "texture": "#0" },
				"north": { "uv": [ 9, 2, 10, 3.5 ], "texture": "#0" },
				"south": { "uv": [ 9, 2, 10, 3.5 ], "texture": "#0" },
				"west": { "uv": [ 9, 2, 9.8, 3.5 ], "texture": "#0" },
				"east": { "uv": [ 8, 2, 8.8, 3.5 ], "texture": "#0" }
			}
		},
		{
			"from": [ 8.7, 14.4, 7.5 ],
			"to": [ 8.9, 14.9, 8.5 ],
			"faces": {
				"down": { "uv": [ 8, 2, 9, 2.8 ], "texture": "#0" },
				"up": { "uv": [ 9, 1, 10, 1.8 ], "texture": "#0" },
				"north": { "uv": [ 9, 2, 10, 3.5 ], "texture": "#0" },
				"south": { "uv": [ 9, 2, 10, 3.5 ], "texture": "#0" },
				"west": { "uv": [ 9, 2, 9.8, 3.5 ], "texture": "#0" },
				"east": { "uv": [ 8, 2, 8.8, 3.5 ], "texture": "#0" }
			}
		},
		{
			"from": [ 7.1, 14.4, 7.5 ],
			"to": [ 7.3, 14.9, 8.5 ],
			"faces": {
				"down": { "uv": [ 8, 2, 9, 2.8 ], "texture": "#0" },
				"up": { "uv": [ 9, 1, 10, 1.8 ], "texture": "#0" },
				"north": { "uv": [ 9, 2, 10, 3.5 ], "texture": "#0" },
				"south": { "uv": [ 9, 2, 10, 3.5 ], "texture": "#0" },
				"west": { "uv": [ 9, 2, 9.8, 3.5 ], "texture": "#0" },
				"east": { "uv": [ 8, 2, 8.8, 3.5 ], "texture": "#0" }
			}
		},
		{
			"from": [ 7.2, 14.9, 7.5 ],
			"to": [ 7.4, 15.3, 8.5 ],
			"faces": {
				"down": { "uv": [ 8, 2, 9, 2.8 ], "texture": "#0" },
				"up": { "uv": [ 9, 1, 10, 1.8 ], "texture": "#0" },
				"north": { "uv": [ 9, 2, 10, 3.5 ], "texture": "#0" },
				"south": { "uv": [ 9, 2, 10, 3.5 ], "texture": "#0" },
				"west": { "uv": [ 9, 2, 9.8, 3.5 ], "texture": "#0" },
				"east": { "uv": [ 8, 2, 8.8, 3.5 ], "texture": "#0" }
			}
		},
		{
			"from": [ 8.599999, 14.9, 7.5 ],
			"to": [ 8.799999, 15.3, 8.5 ],
			"faces": {
				"down": { "uv": [ 8, 2, 9, 2.8 ], "texture": "#0" },
				"up": { "uv": [ 9, 1, 10, 1.8 ], "texture": "#0" },
				"north": { "uv": [ 9, 2, 10, 3.5 ], "texture": "#0" },
				"south": { "uv": [ 9, 2, 10, 3.5 ], "texture": "#0" },
				"west": { "uv": [ 9, 2, 9.8, 3.5 ], "texture": "#0" },
				"east": { "uv": [ 8, 2, 8.8, 3.5 ], "texture": "#0" }
			}
		},
		{
			"from": [ 7.3, 15.3, 7.5 ],
			"to": [ 7.5, 15.6, 8.5 ],
			"faces": {
				"down": { "uv": [ 8, 2, 9, 2.8 ], "texture": "#0" },
				"up": { "uv": [ 9, 1, 10, 1.8 ], "texture": "#0" },
				"north": { "uv": [ 9, 2, 10, 3.5 ], "texture": "#0" },
				"south": { "uv": [ 9, 2, 10, 3.5 ], "texture": "#0" },
				"west": { "uv": [ 9, 2, 9.8, 3.5 ], "texture": "#0" },
				"east": { "uv": [ 8, 2, 8.8, 3.5 ], "texture": "#0" }
			}
		},
		{
			"from": [ 8.5, 15.3, 7.5 ],
			"to": [ 8.7, 15.6, 8.5 ],
			"faces": {
				"down": { "uv": [ 8, 2, 9, 2.8 ], "texture": "#0" },
				"up": { "uv": [ 9, 1, 10, 1.8 ], "texture": "#0" },
				"north": { "uv": [ 9, 2, 10, 3.5 ], "texture": "#0" },
				"south": { "uv": [ 9, 2, 10, 3.5 ], "texture": "#0" },
				"west": { "uv": [ 9, 2, 9.8, 3.5 ], "texture": "#0" },
				"east": { "uv": [ 8, 2, 8.8, 3.5 ], "texture": "#0" }
			}
		},
		{
			"from": [ 7.4, 15.6, 7.5 ],
			"to": [ 7.599999, 15.9, 8.5 ],
			"faces": {
				"down": { "uv": [ 8, 2, 9, 2.8 ], "texture": "#0" },
				"up": { "uv": [ 9, 1, 10, 1.8 ], "texture": "#0" },
				"north": { "uv": [ 9, 2, 10, 3.5 ], "texture": "#0" },
				"south": { "uv": [ 9, 2, 10, 3.5 ], "texture": "#0" },
				"west": { "uv": [ 9, 2, 9.8, 3.5 ], "texture": "#0" },
				"east": { "uv": [ 8, 2, 8.8, 3.5 ], "texture": "#0" }
			}
		},
		{
			"from": [ 7.6, 15.9, 7.5 ],
			"to": [ 7.8, 16.2, 8.5 ],
			"faces": {
				"down": { "uv": [ 8, 2, 9, 2.8 ], "texture": "#0" },
				"up": { "uv": [ 9, 1, 10, 1.8 ], "texture": "#0" },
				"north": { "uv": [ 9, 2, 10, 3.5 ], "texture": "#0" },
				"south": { "uv": [ 9, 2, 10, 3.5 ], "texture": "#0" },
				"west": { "uv": [ 9, 2, 9.8, 3.5 ], "texture": "#0" },
				"east": { "uv": [ 8, 2, 8.8, 3.5 ], "texture": "#0" }
			}
		},
		{
			"from": [ 8.2, 15.9, 7.5 ],
			"to": [ 8.4, 16.2, 8.5 ],
			"faces": {
				"down": { "uv": [ 8, 2, 9, 2.8 ], "texture": "#0" },
				"up": { "uv": [ 9, 1, 10, 1.8 ], "texture": "#0" },
				"north": { "uv": [ 9, 2, 10, 3.5 ], "texture": "#0" },
				"south": { "uv": [ 9, 2, 10, 3.5 ], "texture": "#0" },
				"west": { "uv": [ 9, 2, 9.8, 3.5 ], "texture": "#0" },
				"east": { "uv": [ 8, 2, 8.8, 3.5 ], "texture": "#0" }
			}
		},
		{
			"from": [ 8.4, 15.6, 7.5 ],
			"to": [ 8.6, 15.9, 8.5 ],
			"faces": {
				"down": { "uv": [ 8, 2, 9, 2.8 ], "texture": "#0" },
				"up": { "uv": [ 9, 1, 10, 1.8 ], "texture": "#0" },
				"north": { "uv": [ 9, 2, 10, 3.5 ], "texture": "#0" },
				"south": { "uv": [ 9, 2, 10, 3.5 ], "texture": "#0" },
				"west": { "uv": [ 9, 2, 9.8, 3.5 ], "texture": "#0" },
				"east": { "uv": [ 8, 2, 8.8, 3.5 ], "texture": "#0" }
			}
		},
		{
			"from": [ 8, 16.2, 7.5 ],
			"to": [ 8.2, 16.5, 8.5 ],
			"faces": {
				"down": { "uv": [ 8, 2, 9, 2.8 ], "texture": "#0" },
				"up": { "uv": [ 9, 1, 10, 1.8 ], "texture": "#0" },
				"north": { "uv": [ 9, 2, 10, 3.5 ], "texture": "#0" },
				"south": { "uv": [ 9, 2, 10, 3.5 ], "texture": "#0" },
				"west": { "uv": [ 9, 2, 9.8, 3.5 ], "texture": "#0" },
				"east": { "uv": [ 8, 2, 8.8, 3.5 ], "texture": "#0" }
			}
		},
		{
			"from": [ 7.8, 16.2, 7.5 ],
			"to": [ 8, 16.5, 8.5 ],
			"faces": {
				"down": { "uv": [ 8, 2, 9, 2.8 ], "texture": "#0" },
				"up": { "uv": [ 9, 1, 10, 1.8 ], "texture": "#0" },
				"north": { "uv": [ 9, 2, 10, 3.5 ], "texture": "#0" },
				"south": { "uv": [ 9, 2, 10, 3.5 ], "texture": "#0" },
				"west": { "uv": [ 9, 2, 9.8, 3.5 ], "texture": "#0" },
				"east": { "uv": [ 8, 2, 8.8, 3.5 ], "texture": "#0" }
			}
		},
		{
			"from": [ 7.2, 5.4, 7.1 ],
			"to": [ 8.8, 5.6, 7.6 ],
			"faces": {
				"down": { "uv": [ 3, 14, 4, 15 ], "texture": "#0" },
				"up": { "uv": [ 5.6, 14, 6.2, 15 ], "texture": "#0" },
				"north": { "uv": [ 2.1, 13, 8, 13.4 ], "texture": "#0", "rotation": 180 },
				"south": { "uv": [ 4, 14, 7, 14.4 ], "texture": "#0" },
				"west": { "uv": [ 4, 14, 2, 14.4 ], "texture": "#0" },
				"east": { "uv": [ 7, 14, 9, 14.4 ], "texture": "#0" }
			}
		},
		{
			"from": [ 8.5, 6.4, 7.6 ],
			"to": [ 8.9, 13.9, 8.4 ],
			"faces": {
				"down": { "uv": [ 2, 8, 3, 8.8 ], "texture": "#0" },
				"up": { "uv": [ 2, 8, 3, 8.8 ], "texture": "#0" },
				"north": { "uv": [ 3, 8, 4, 9.5 ], "texture": "#0" },
				"south": { "uv": [ 3, 7, 4, 8.5 ], "texture": "#0" },
				"west": { "uv": [ 3, 9, 3.8, 10.5 ], "texture": "#0" },
				"east": { "uv": [ 2, 8, 2.8, 9.5 ], "texture": "#0" }
			}
		},
		{
			"from": [ 8.099999, 6.5, 7.6 ],
			"to": [ 8.499999, 15.6, 8.4 ],
			"faces": {
				"down": { "uv": [ 2, 8, 3, 8.8 ], "texture": "#0" },
				"up": { "uv": [ 2, 8, 3, 8.8 ], "texture": "#0" },
				"north": { "uv": [ 3, 8, 4, 9.5 ], "texture": "#0" },
				"south": { "uv": [ 3, 7, 4, 8.5 ], "texture": "#0" },
				"west": { "uv": [ 3, 9, 3.8, 10.5 ], "texture": "#0" },
				"east": { "uv": [ 2, 8, 2.8, 9.5 ], "texture": "#0" }
			}
		},
		{
			"from": [ 7.6, 6.5, 7.6 ],
			"to": [ 8.1, 10.4, 8.4 ],
			"faces": {
				"down": { "uv": [ 2, 8, 3, 8.8 ], "texture": "#0" },
				"up": { "uv": [ 2, 8, 3, 8.8 ], "texture": "#0" },
				"north": { "uv": [ 3, 8, 4, 9.5 ], "texture": "#0" },
				"south": { "uv": [ 3, 7, 4, 8.5 ], "texture": "#0" },
				"west": { "uv": [ 3, 9, 3.8, 10.5 ], "texture": "#0" },
				"east": { "uv": [ 2, 8, 2.8, 9.5 ], "texture": "#0" }
			}
		},
		{
			"from": [ 7.1, 10.1, 7.6 ],
			"to": [ 7.6, 13.8, 8.4 ],
			"faces": {
				"down": { "uv": [ 2, 1, 3, 1.8 ], "texture": "#0" },
				"up": { "uv": [ 2, 2, 3, 2.8 ], "texture": "#0" },
				"north": { "uv": [ 3, 2, 4, 3.5 ], "texture": "#0" },
				"south": { "uv": [ 2, 2, 3, 3.5 ], "texture": "#0" },
				"west": { "uv": [ 3, 2, 3.8, 3.5 ], "texture": "#0" },
				"east": { "uv": [ 2, 2, 2.8, 3.5 ], "texture": "#0" }
			}
		},
		{
			"from": [ 7.6, 10.4, 7.6 ],
			"to": [ 8.1, 14.1, 8.4 ],
			"faces": {
				"down": { "uv": [ 2, 1, 3, 1.8 ], "texture": "#0" },
				"up": { "uv": [ 2, 2, 3, 2.8 ], "texture": "#0" },
				"north": { "uv": [ 3, 2, 4, 3.5 ], "texture": "#0" },
				"south": { "uv": [ 2, 2, 3, 3.5 ], "texture": "#0" },
				"west": { "uv": [ 3, 2, 3.8, 3.5 ], "texture": "#0" },
				"east": { "uv": [ 2, 2, 2.8, 3.5 ], "texture": "#0" }
			}
		},
		{
			"from": [ 7.1, 6.4, 7.6 ],
			"to": [ 7.5, 10.1, 8.4 ],
			"faces": {
				"down": { "uv": [ 2, 8, 3, 8.8 ], "texture": "#0" },
				"up": { "uv": [ 2, 8, 3, 8.8 ], "texture": "#0" },
				"north": { "uv": [ 3, 8, 4, 9.5 ], "texture": "#0" },
				"south": { "uv": [ 3, 7, 4, 8.5 ], "texture": "#0" },
				"west": { "uv": [ 3, 9, 3.8, 10.5 ], "texture": "#0" },
				"east": { "uv": [ 2, 8, 2.8, 9.5 ], "texture": "#0" }
			}
		},
		{
			"from": [ 7.5, 6.5, 7.6 ],
			"to": [ 7.6, 10.1, 8.4 ],
			"faces": {
				"down": { "uv": [ 2, 8, 3, 8.8 ], "texture": "#0" },
				"up": { "uv": [ 2, 8, 3, 8.8 ], "texture": "#0" },
				"north": { "uv": [ 3, 8, 4, 9.5 ], "texture": "#0" },
				"south": { "uv": [ 3, 7, 4, 8.5 ], "texture": "#0" },
				"west": { "uv": [ 3, 9, 3.8, 10.5 ], "texture": "#0" },
				"east": { "uv": [ 2, 8, 2.8, 9.5 ], "texture": "#0" }
			}
		},
		{
			"from": [ 7.4, 13.8, 7.6 ],
			"to": [ 7.599999, 15.3, 8.4 ],
			"faces": {
				"down": { "uv": [ 2, 8, 3, 8.8 ], "texture": "#0" },
				"up": { "uv": [ 2, 8, 3, 8.8 ], "texture": "#0" },
				"north": { "uv": [ 3, 8, 4, 9.5 ], "texture": "#0" },
				"south": { "uv": [ 3, 7, 4, 8.5 ], "texture": "#0" },
				"west": { "uv": [ 3, 9, 3.8, 10.5 ], "texture": "#0" },
				"east": { "uv": [ 2, 8, 2.8, 9.5 ], "texture": "#0" }
			}
		},
		{
			"from": [ 7.6, 14.1, 7.6 ],
			"to": [ 8.1, 15.6, 8.4 ],
			"faces": {
				"down": { "uv": [ 2, 8, 3, 8.8 ], "texture": "#0" },
				"up": { "uv": [ 2, 8, 3, 8.8 ], "texture": "#0" },
				"north": { "uv": [ 3, 8, 4, 9.5 ], "texture": "#0" },
				"south": { "uv": [ 3, 7, 4, 8.5 ], "texture": "#0" },
				"west": { "uv": [ 3, 9, 3.8, 10.5 ], "texture": "#0" },
				"east": { "uv": [ 2, 8, 2.8, 9.5 ], "texture": "#0" }
			}
		},
		{
			"from": [ 8.5, 13.9, 7.6 ],
			"to": [ 8.8, 14.4, 8.4 ],
			"faces": {
				"down": { "uv": [ 2, 8, 3, 8.8 ], "texture": "#0" },
				"up": { "uv": [ 2, 8, 3, 8.8 ], "texture": "#0" },
				"north": { "uv": [ 3, 8, 4, 9.5 ], "texture": "#0" },
				"south": { "uv": [ 3, 7, 4, 8.5 ], "texture": "#0" },
				"west": { "uv": [ 3, 9, 3.8, 10.5 ], "texture": "#0" },
				"east": { "uv": [ 2, 8, 2.8, 9.5 ], "texture": "#0" }
			}
		},
		{
			"from": [ 8.5, 14.4, 7.6 ],
			"to": [ 8.7, 14.9, 8.4 ],
			"faces": {
				"down": { "uv": [ 2, 8, 3, 8.8 ], "texture": "#0" },
				"up": { "uv": [ 2, 8, 3, 8.8 ], "texture": "#0" },
				"north": { "uv": [ 3, 8, 4, 9.5 ], "texture": "#0" },
				"south": { "uv": [ 3, 7, 4, 8.5 ], "texture": "#0" },
				"west": { "uv": [ 3, 9, 3.8, 10.5 ], "texture": "#0" },
				"east": { "uv": [ 2, 8, 2.8, 9.5 ], "texture": "#0" }
			}
		},
		{
			"from": [ 8.5, 14.9, 7.6 ],
			"to": [ 8.6, 15.3, 8.4 ],
			"faces": {
				"down": { "uv": [ 2, 8, 3, 8.8 ], "texture": "#0" },
				"up": { "uv": [ 2, 8, 3, 8.8 ], "texture": "#0" },
				"north": { "uv": [ 3, 8, 4, 9.5 ], "texture": "#0" },
				"south": { "uv": [ 3, 7, 4, 8.5 ], "texture": "#0" },
				"west": { "uv": [ 3, 9, 3.8, 10.5 ], "texture": "#0" },
				"east": { "uv": [ 2, 8, 2.8, 9.5 ], "texture": "#0" }
			}
		},
		{
			"from": [ 7.1, 13.8, 7.6 ],
			"to": [ 7.4, 13.9, 8.4 ],
			"faces": {
				"down": { "uv": [ 2, 8, 3, 8.8 ], "texture": "#0" },
				"up": { "uv": [ 2, 8, 3, 8.8 ], "texture": "#0" },
				"north": { "uv": [ 3, 8, 4, 9.5 ], "texture": "#0" },
				"south": { "uv": [ 3, 7, 4, 8.5 ], "texture": "#0" },
				"west": { "uv": [ 3, 9, 3.8, 10.5 ], "texture": "#0" },
				"east": { "uv": [ 2, 8, 2.8, 9.5 ], "texture": "#0" }
			}
		},
		{
			"from": [ 7.2, 13.9, 7.6 ],
			"to": [ 7.4, 14.4, 8.4 ],
			"faces": {
				"down": { "uv": [ 2, 8, 3, 8.8 ], "texture": "#0" },
				"up": { "uv": [ 2, 8, 3, 8.8 ], "texture": "#0" },
				"north": { "uv": [ 3, 8, 4, 9.5 ], "texture": "#0" },
				"south": { "uv": [ 3, 7, 4, 8.5 ], "texture": "#0" },
				"west": { "uv": [ 3, 9, 3.8, 10.5 ], "texture": "#0" },
				"east": { "uv": [ 2, 8, 2.8, 9.5 ], "texture": "#0" }
			}
		},
		{
			"from": [ 7.3, 14.4, 7.6 ],
			"to": [ 7.4, 14.9, 8.4 ],
			"faces": {
				"down": { "uv": [ 2, 8, 3, 8.8 ], "texture": "#0" },
				"up": { "uv": [ 2, 8, 3, 8.8 ], "texture": "#0" },
				"north": { "uv": [ 3, 8, 4, 9.5 ], "texture": "#0" },
				"south": { "uv": [ 3, 7, 4, 8.5 ], "texture": "#0" },
				"west": { "uv": [ 3, 9, 3.8, 10.5 ], "texture": "#0" },
				"east": { "uv": [ 2, 8, 2.8, 9.5 ], "texture": "#0" }
			}
		},
		{
			"from": [ 7.5, 15.3, 7.6 ],
			"to": [ 7.6, 15.6, 8.4 ],
			"faces": {
				"down": { "uv": [ 2, 8, 3, 8.8 ], "texture": "#0" },
				"up": { "uv": [ 2, 8, 3, 8.8 ], "texture": "#0" },
				"north": { "uv": [ 3, 8, 4, 9.5 ], "texture": "#0" },
				"south": { "uv": [ 3, 7, 4, 8.5 ], "texture": "#0" },
				"west": { "uv": [ 3, 9, 3.8, 10.5 ], "texture": "#0" },
				"east": { "uv": [ 2, 8, 2.8, 9.5 ], "texture": "#0" }
			}
		},
		{
			"from": [ 7.8, 15.6, 7.6 ],
			"to": [ 8.199999, 16.2, 8.4 ],
			"faces": {
				"down": { "uv": [ 2, 3, 3, 3.8 ], "texture": "#0" },
				"up": { "uv": [ 2, 3, 3, 3.8 ], "texture": "#0" },
				"north": { "uv": [ 3, 2, 4, 3.5 ], "texture": "#0" },
				"south": { "uv": [ 3, 3, 4, 4.5 ], "texture": "#0" },
				"west": { "uv": [ 2, 3, 2.8, 4.5 ], "texture": "#0" },
				"east": { "uv": [ 2, 3, 2.8, 4.5 ], "texture": "#0" }
			}
		},
		{
			"from": [ 7.6, 15.6, 7.6 ],
			"to": [ 8.4, 15.9, 8.4 ],
			"faces": {
				"down": { "uv": [ 2, 3, 3, 3.8 ], "texture": "#0" },
				"up": { "uv": [ 2, 3, 3, 3.8 ], "texture": "#0" },
				"north": { "uv": [ 3, 2, 4, 3.5 ], "texture": "#0" },
				"south": { "uv": [ 3, 3, 4, 4.5 ], "texture": "#0" },
				"west": { "uv": [ 2, 3, 2.8, 4.5 ], "texture": "#0" },
				"east": { "uv": [ 2, 3, 2.8, 4.5 ], "texture": "#0" }
			}
		}
	],
	"display": {
    "thirdperson_righthand": {
        "rotation": [ 0, 90, 0 ],
        "translation": [ 0.00, 7.25, 2.00 ],
        "scale": [ 1.90, 1.90, 1.90 ]
    },
    "thirdperson_lefthand": {
        "rotation": [ 0, 0, 0 ],
        "translation": [ 0.00, 0.00, 0.00 ],
        "scale": [ 1.00, 1.00, 1.00 ]
    },
    "firstperson_righthand": {
        "rotation": [ 180, 63, 166 ],
        "translation": [ 1.50, 4.00, -0.75 ],
        "scale": [ 0.90, 0.90, 0.90 ]
    },
    "firstperson_lefthand": {
        "rotation": [ 0, 0, 0 ],
        "translation": [ 0.00, 0.00, 0.00 ],
        "scale": [ 1.00, 1.00, 1.00 ]
    },
    "gui": {
        "rotation": [ 167, 21, -133 ],
        "translation": [ 0.00, 0.70, 0.00 ],
        "scale": [ 1.10, 1.10, 1.10 ]
		}
	}
}