{
	"__comment": "Designed by Colin0904 with Cubik Studio - https://cubik.studio",
	"textures": {
		"particle": "blocks/particle",
		"texture": "blocks/texture",
		"mesh_palette": "items/bow"
	},
	"elements": [
		{
			"__comment": "Voxels-B5B5B5",
			"from": [ 4.75, 2.85, 8.3 ],
			"to": [ 5, 3.1, 8.45 ],
			"faces": {
				"down": { "uv": [ 0.96, 8.96, 3.04, 11.04 ], "texture": "#mesh_palette" },
				"up": { "uv": [ 0.96, 8.96, 3.04, 11.04 ], "texture": "#mesh_palette" },
				"north": { "uv": [ 0.96, 8.96, 3.04, 11.04 ], "texture": "#mesh_palette" },
				"south": { "uv": [ 0.96, 8.96, 3.04, 11.04 ], "texture": "#mesh_palette" },
				"west": { "uv": [ 0.96, 8.96, 3.04, 11.04 ], "texture": "#mesh_palette" },
				"east": { "uv": [ 0.96, 8.96, 3.04, 11.04 ], "texture": "#mesh_palette" }
			}
		},
		{
			"__comment": "Voxels-B5B5B5",
			"from": [ 5, 2.6, 8.275 ],
			"to": [ 5.25, 2.85, 8.474999 ],
			"faces": {
				"down": { "uv": [ 0.96, 8.96, 3.04, 11.04 ], "texture": "#mesh_palette" },
				"up": { "uv": [ 0.96, 8.96, 3.04, 11.04 ], "texture": "#mesh_palette" },
				"north": { "uv": [ 0.96, 8.96, 3.04, 11.04 ], "texture": "#mesh_palette" },
				"south": { "uv": [ 0.96, 8.96, 3.04, 11.04 ], "texture": "#mesh_palette" },
				"west": { "uv": [ 0.96, 8.96, 3.04, 11.04 ], "texture": "#mesh_palette" },
				"east": { "uv": [ 0.96, 8.96, 3.04, 11.04 ], "texture": "#mesh_palette" }
			}
		},
		{
			"__comment": "Voxels-BCBCBC",
			"from": [ 5, 2.85, 8.275 ],
			"to": [ 5.25, 3.1, 8.474999 ],
			"faces": {
				"down": { "uv": [ 4.96, 8.96, 7.04, 11.04 ], "texture": "#mesh_palette" },
				"up": { "uv": [ 4.96, 8.96, 7.04, 11.04 ], "texture": "#mesh_palette" },
				"north": { "uv": [ 4.96, 8.96, 7.04, 11.04 ], "texture": "#mesh_palette" },
				"south": { "uv": [ 4.96, 8.96, 7.04, 11.04 ], "texture": "#mesh_palette" },
				"west": { "uv": [ 4.96, 8.96, 7.04, 11.04 ], "texture": "#mesh_palette" },
				"east": { "uv": [ 4.96, 8.96, 7.04, 11.04 ], "texture": "#mesh_palette" }
			}
		},
		{
			"__comment": "Voxels-B5B5B5",
			"from": [ 5, 3.1, 8.275 ],
			"to": [ 5.25, 3.35, 8.474999 ],
			"faces": {
				"down": { "uv": [ 0.96, 8.96, 3.04, 11.04 ], "texture": "#mesh_palette" },
				"up": { "uv": [ 0.96, 8.96, 3.04, 11.04 ], "texture": "#mesh_palette" },
				"north": { "uv": [ 0.96, 8.96, 3.04, 11.04 ], "texture": "#mesh_palette" },
				"south": { "uv": [ 0.96, 8.96, 3.04, 11.04 ], "texture": "#mesh_palette" },
				"west": { "uv": [ 0.96, 8.96, 3.04, 11.04 ], "texture": "#mesh_palette" },
				"east": { "uv": [ 0.96, 8.96, 3.04, 11.04 ], "texture": "#mesh_palette" }
			}
		},
		{
			"__comment": "Voxels-B5B5B5",
			"from": [ 5.25, 2.35, 8.25 ],
			"to": [ 6.5, 2.6, 8.5 ],
			"faces": {
				"down": { "uv": [ 0.96, 8.96, 3.04, 11.04 ], "texture": "#mesh_palette" },
				"up": { "uv": [ 0.96, 8.96, 3.04, 11.04 ], "texture": "#mesh_palette" },
				"north": { "uv": [ 0.96, 8.96, 3.04, 11.04 ], "texture": "#mesh_palette" },
				"south": { "uv": [ 0.96, 8.96, 3.04, 11.04 ], "texture": "#mesh_palette" },
				"west": { "uv": [ 0.96, 8.96, 3.04, 11.04 ], "texture": "#mesh_palette" },
				"east": { "uv": [ 0.96, 8.96, 3.04, 11.04 ], "texture": "#mesh_palette" }
			}
		},
		{
			"__comment": "Voxels-BCBCBC",
			"from": [ 5.25, 2.6, 8.25 ],
			"to": [ 5.75, 3, 8.5 ],
			"faces": {
				"down": { "uv": [ 4.96, 8.96, 7.04, 11.04 ], "texture": "#mesh_palette" },
				"up": { "uv": [ 4.96, 8.96, 7.04, 11.04 ], "texture": "#mesh_palette" },
				"north": { "uv": [ 4.96, 8.96, 7.04, 11.04 ], "texture": "#mesh_palette" },
				"south": { "uv": [ 4.96, 8.96, 7.04, 11.04 ], "texture": "#mesh_palette" },
				"west": { "uv": [ 4.96, 8.96, 7.04, 11.04 ], "texture": "#mesh_palette" },
				"east": { "uv": [ 4.96, 8.96, 7.04, 11.04 ], "texture": "#mesh_palette" }
			}
		},
		{
			"__comment": "Voxels-BCBCBC",
			"from": [ 5.25, 3.1, 8.25 ],
			"to": [ 6.25, 3.35, 8.5 ],
			"faces": {
				"down": { "uv": [ 4.96, 8.96, 7.04, 11.04 ], "texture": "#mesh_palette" },
				"up": { "uv": [ 4.96, 8.96, 7.04, 11.04 ], "texture": "#mesh_palette" },
				"north": { "uv": [ 4.96, 8.96, 7.04, 11.04 ], "texture": "#mesh_palette" },
				"south": { "uv": [ 4.96, 8.96, 7.04, 11.04 ], "texture": "#mesh_palette" },
				"west": { "uv": [ 4.96, 8.96, 7.04, 11.04 ], "texture": "#mesh_palette" },
				"east": { "uv": [ 4.96, 8.96, 7.04, 11.04 ], "texture": "#mesh_palette" }
			}
		},
		{
			"__comment": "Voxels-B5B5B5",
			"from": [ 5.25, 3.35, 8.25 ],
			"to": [ 5.75, 3.6, 8.5 ],
			"faces": {
				"down": { "uv": [ 0.96, 8.96, 3.04, 11.04 ], "texture": "#mesh_palette" },
				"up": { "uv": [ 0.96, 8.96, 3.04, 11.04 ], "texture": "#mesh_palette" },
				"north": { "uv": [ 0.96, 8.96, 3.04, 11.04 ], "texture": "#mesh_palette" },
				"south": { "uv": [ 0.96, 8.96, 3.04, 11.04 ], "texture": "#mesh_palette" },
				"west": { "uv": [ 0.96, 8.96, 3.04, 11.04 ], "texture": "#mesh_palette" },
				"east": { "uv": [ 0.96, 8.96, 3.04, 11.04 ], "texture": "#mesh_palette" }
			}
		},
		{
			"__comment": "Voxels-B5B5B5",
			"from": [ 5.75, 2.1, 8.25 ],
			"to": [ 6.25, 2.35, 8.5 ],
			"faces": {
				"down": { "uv": [ 0.96, 8.96, 3.04, 11.04 ], "texture": "#mesh_palette" },
				"up": { "uv": [ 0.96, 8.96, 3.04, 11.04 ], "texture": "#mesh_palette" },
				"north": { "uv": [ 0.96, 8.96, 3.04, 11.04 ], "texture": "#mesh_palette" },
				"south": { "uv": [ 0.96, 8.96, 3.04, 11.04 ], "texture": "#mesh_palette" },
				"west": { "uv": [ 0.96, 8.96, 3.04, 11.04 ], "texture": "#mesh_palette" },
				"east": { "uv": [ 0.96, 8.96, 3.04, 11.04 ], "texture": "#mesh_palette" }
			}
		},
		{
			"__comment": "Voxels-B5B5B5",
			"from": [ 5.75, 2.5, 8.25 ],
			"to": [ 6.5, 3, 8.5 ],
			"faces": {
				"down": { "uv": [ 0.96, 8.96, 3.04, 11.04 ], "texture": "#mesh_palette" },
				"up": { "uv": [ 0.96, 8.96, 3.04, 11.04 ], "texture": "#mesh_palette" },
				"north": { "uv": [ 0.96, 8.96, 3.04, 11.04 ], "texture": "#mesh_palette" },
				"south": { "uv": [ 0.96, 8.96, 3.04, 11.04 ], "texture": "#mesh_palette" },
				"west": { "uv": [ 0.96, 8.96, 3.04, 11.04 ], "texture": "#mesh_palette" },
				"east": { "uv": [ 0.96, 8.96, 3.04, 11.04 ], "texture": "#mesh_palette" }
			}
		},
		{
			"__comment": "Voxels-BCBCBC",
			"from": [ 5.75, 3.35, 8.25 ],
			"to": [ 6.25, 3.6, 8.5 ],
			"faces": {
				"down": { "uv": [ 4.96, 8.96, 7.04, 11.04 ], "texture": "#mesh_palette" },
				"up": { "uv": [ 4.96, 8.96, 7.04, 11.04 ], "texture": "#mesh_palette" },
				"north": { "uv": [ 4.96, 8.96, 7.04, 11.04 ], "texture": "#mesh_palette" },
				"south": { "uv": [ 4.96, 8.96, 7.04, 11.04 ], "texture": "#mesh_palette" },
				"west": { "uv": [ 4.96, 8.96, 7.04, 11.04 ], "texture": "#mesh_palette" },
				"east": { "uv": [ 4.96, 8.96, 7.04, 11.04 ], "texture": "#mesh_palette" }
			}
		},
		{
			"__comment": "Voxels-B5B5B5",
			"from": [ 5.75, 3.6, 8.25 ],
			"to": [ 6.25, 3.85, 8.5 ],
			"faces": {
				"down": { "uv": [ 0.96, 8.96, 3.04, 11.04 ], "texture": "#mesh_palette" },
				"up": { "uv": [ 0.96, 8.96, 3.04, 11.04 ], "texture": "#mesh_palette" },
				"north": { "uv": [ 0.96, 8.96, 3.04, 11.04 ], "texture": "#mesh_palette" },
				"south": { "uv": [ 0.96, 8.96, 3.04, 11.04 ], "texture": "#mesh_palette" },
				"west": { "uv": [ 0.96, 8.96, 3.04, 11.04 ], "texture": "#mesh_palette" },
				"east": { "uv": [ 0.96, 8.96, 3.04, 11.04 ], "texture": "#mesh_palette" }
			}
		},
		{
			"__comment": "Voxels-B5B5B5",
			"from": [ 6, 2.6, 8.15 ],
			"to": [ 6.25, 3.1, 8.25 ],
			"faces": {
				"down": { "uv": [ 0.96, 8.96, 3.04, 11.04 ], "texture": "#mesh_palette" },
				"up": { "uv": [ 0.96, 8.96, 3.04, 11.04 ], "texture": "#mesh_palette" },
				"north": { "uv": [ 0.96, 8.96, 3.04, 11.04 ], "texture": "#mesh_palette" },
				"south": { "uv": [ 0.96, 8.96, 3.04, 11.04 ], "texture": "#mesh_palette" },
				"west": { "uv": [ 0.96, 8.96, 3.04, 11.04 ], "texture": "#mesh_palette" },
				"east": { "uv": [ 0.96, 8.96, 3.04, 11.04 ], "texture": "#mesh_palette" }
			}
		},
		{
			"__comment": "Voxels-B5B5B5",
			"from": [ 6, 2.6, 8.5 ],
			"to": [ 6.25, 3.1, 8.6 ],
			"faces": {
				"down": { "uv": [ 0.96, 8.96, 3.04, 11.04 ], "texture": "#mesh_palette" },
				"up": { "uv": [ 0.96, 8.96, 3.04, 11.04 ], "texture": "#mesh_palette" },
				"north": { "uv": [ 0.96, 8.96, 3.04, 11.04 ], "texture": "#mesh_palette" },
				"south": { "uv": [ 0.96, 8.96, 3.04, 11.04 ], "texture": "#mesh_palette" },
				"west": { "uv": [ 0.96, 8.96, 3.04, 11.04 ], "texture": "#mesh_palette" },
				"east": { "uv": [ 0.96, 8.96, 3.04, 11.04 ], "texture": "#mesh_palette" }
			}
		},
		{
			"__comment": "Voxels-B5B5B5",
			"from": [ 6.25, 2.85, 8.25 ],
			"to": [ 7.25, 3.1, 8.5 ],
			"faces": {
				"down": { "uv": [ 0.96, 8.96, 3.04, 11.04 ], "texture": "#mesh_palette" },
				"up": { "uv": [ 0.96, 8.96, 3.04, 11.04 ], "texture": "#mesh_palette" },
				"north": { "uv": [ 0.96, 8.96, 3.04, 11.04 ], "texture": "#mesh_palette" },
				"south": { "uv": [ 0.96, 8.96, 3.04, 11.04 ], "texture": "#mesh_palette" },
				"west": { "uv": [ 0.96, 8.96, 3.04, 11.04 ], "texture": "#mesh_palette" },
				"east": { "uv": [ 0.96, 8.96, 3.04, 11.04 ], "texture": "#mesh_palette" }
			}
		},
		{
			"__comment": "Voxels-B5B5B5",
			"from": [ 6.25, 3.1, 8.25 ],
			"to": [ 6.5, 3.6, 8.5 ],
			"faces": {
				"down": { "uv": [ 0.96, 8.96, 3.04, 11.04 ], "texture": "#mesh_palette" },
				"up": { "uv": [ 0.96, 8.96, 3.04, 11.04 ], "texture": "#mesh_palette" },
				"north": { "uv": [ 0.96, 8.96, 3.04, 11.04 ], "texture": "#mesh_palette" },
				"south": { "uv": [ 0.96, 8.96, 3.04, 11.04 ], "texture": "#mesh_palette" },
				"west": { "uv": [ 0.96, 8.96, 3.04, 11.04 ], "texture": "#mesh_palette" },
				"east": { "uv": [ 0.96, 8.96, 3.04, 11.04 ], "texture": "#mesh_palette" }
			}
		},
		{
			"__comment": "Voxels-8E612C",
			"from": [ 7.25, 0.5, 7.5 ],
			"to": [ 7.5, 0.75, 7.75 ],
			"faces": {
				"down": { "uv": [ 4.96, 0.96, 7.04, 3.04 ], "texture": "#mesh_palette" },
				"up": { "uv": [ 4.96, 0.96, 7.04, 3.04 ], "texture": "#mesh_palette" },
				"north": { "uv": [ 4.96, 0.96, 7.04, 3.04 ], "texture": "#mesh_palette" },
				"south": { "uv": [ 4.96, 0.96, 7.04, 3.04 ], "texture": "#mesh_palette" },
				"west": { "uv": [ 4.96, 0.96, 7.04, 3.04 ], "texture": "#mesh_palette" },
				"east": { "uv": [ 4.96, 0.96, 7.04, 3.04 ], "texture": "#mesh_palette" }
			}
		},
		{
			"__comment": "Voxels-9E6F36",
			"from": [ 7.25, 0.5, 7.75 ],
			"to": [ 7.75, 0.75, 8 ],
			"faces": {
				"down": { "uv": [ 8.96, 0.96, 11.04, 3.04 ], "texture": "#mesh_palette" },
				"up": { "uv": [ 8.96, 0.96, 11.04, 3.04 ], "texture": "#mesh_palette" },
				"north": { "uv": [ 8.96, 0.96, 11.04, 3.04 ], "texture": "#mesh_palette" },
				"south": { "uv": [ 8.96, 0.96, 11.04, 3.04 ], "texture": "#mesh_palette" },
				"west": { "uv": [ 8.96, 0.96, 11.04, 3.04 ], "texture": "#mesh_palette" },
				"east": { "uv": [ 8.96, 0.96, 11.04, 3.04 ], "texture": "#mesh_palette" }
			}
		},
		{
			"__comment": "Voxels-9E6F36",
			"from": [ 7.25, 0.5, 8 ],
			"to": [ 7.75, 1.75, 8.25 ],
			"faces": {
				"down": { "uv": [ 8.96, 0.96, 11.04, 3.04 ], "texture": "#mesh_palette" },
				"up": { "uv": [ 8.96, 0.96, 11.04, 3.04 ], "texture": "#mesh_palette" },
				"north": { "uv": [ 8.96, 0.96, 11.04, 3.04 ], "texture": "#mesh_palette" },
				"south": { "uv": [ 8.96, 0.96, 11.04, 3.04 ], "texture": "#mesh_palette" },
				"west": { "uv": [ 8.96, 0.96, 11.04, 3.04 ], "texture": "#mesh_palette" },
				"east": { "uv": [ 8.96, 0.96, 11.04, 3.04 ], "texture": "#mesh_palette" }
			}
		},
		{
			"__comment": "Voxels-8E612C",
			"from": [ 7.25, 0.5, 8.25 ],
			"to": [ 7.5, 0.75, 8.5 ],
			"faces": {
				"down": { "uv": [ 4.96, 0.96, 7.04, 3.04 ], "texture": "#mesh_palette" },
				"up": { "uv": [ 4.96, 0.96, 7.04, 3.04 ], "texture": "#mesh_palette" },
				"north": { "uv": [ 4.96, 0.96, 7.04, 3.04 ], "texture": "#mesh_palette" },
				"south": { "uv": [ 4.96, 0.96, 7.04, 3.04 ], "texture": "#mesh_palette" },
				"west": { "uv": [ 4.96, 0.96, 7.04, 3.04 ], "texture": "#mesh_palette" },
				"east": { "uv": [ 4.96, 0.96, 7.04, 3.04 ], "texture": "#mesh_palette" }
			}
		},
		{
			"__comment": "Voxels-9E6F36",
			"from": [ 7.25, 0.75, 7.5 ],
			"to": [ 7.75, 1.75, 8 ],
			"faces": {
				"down": { "uv": [ 8.96, 0.96, 11.04, 3.04 ], "texture": "#mesh_palette" },
				"up": { "uv": [ 8.96, 0.96, 11.04, 3.04 ], "texture": "#mesh_palette" },
				"north": { "uv": [ 8.96, 0.96, 11.04, 3.04 ], "texture": "#mesh_palette" },
				"south": { "uv": [ 8.96, 0.96, 11.04, 3.04 ], "texture": "#mesh_palette" },
				"west": { "uv": [ 8.96, 0.96, 11.04, 3.04 ], "texture": "#mesh_palette" },
				"east": { "uv": [ 8.96, 0.96, 11.04, 3.04 ], "texture": "#mesh_palette" }
			}
		},
		{
			"__comment": "Voxels-9E6F36",
			"from": [ 7.25, 0.75, 8.25 ],
			"to": [ 7.75, 1.75, 8.5 ],
			"faces": {
				"down": { "uv": [ 8.96, 0.96, 11.04, 3.04 ], "texture": "#mesh_palette" },
				"up": { "uv": [ 8.96, 0.96, 11.04, 3.04 ], "texture": "#mesh_palette" },
				"north": { "uv": [ 8.96, 0.96, 11.04, 3.04 ], "texture": "#mesh_palette" },
				"south": { "uv": [ 8.96, 0.96, 11.04, 3.04 ], "texture": "#mesh_palette" },
				"west": { "uv": [ 8.96, 0.96, 11.04, 3.04 ], "texture": "#mesh_palette" },
				"east": { "uv": [ 8.96, 0.96, 11.04, 3.04 ], "texture": "#mesh_palette" }
			}
		},
		{
			"__comment": "Voxels-986A32",
			"from": [ 7.25, 1.75, 7.5 ],
			"to": [ 7.5, 2.25, 8.5 ],
			"faces": {
				"down": { "uv": [ 12.96, 0.96, 15.04, 3.04 ], "texture": "#mesh_palette" },
				"up": { "uv": [ 12.96, 0.96, 15.04, 3.04 ], "texture": "#mesh_palette" },
				"north": { "uv": [ 12.96, 0.96, 15.04, 3.04 ], "texture": "#mesh_palette" },
				"south": { "uv": [ 12.96, 0.96, 15.04, 3.04 ], "texture": "#mesh_palette" },
				"west": { "uv": [ 12.96, 0.96, 15.04, 3.04 ], "texture": "#mesh_palette" },
				"east": { "uv": [ 12.96, 0.96, 15.04, 3.04 ], "texture": "#mesh_palette" }
			}
		},
		{
			"__comment": "Voxels-956832",
			"from": [ 7.25, 2.25, 7.5 ],
			"to": [ 7.5, 2.5, 8.5 ],
			"faces": {
				"down": { "uv": [ 0.96, 4.96, 3.04, 7.04 ], "texture": "#mesh_palette" },
				"up": { "uv": [ 0.96, 4.96, 3.04, 7.04 ], "texture": "#mesh_palette" },
				"north": { "uv": [ 0.96, 4.96, 3.04, 7.04 ], "texture": "#mesh_palette" },
				"south": { "uv": [ 0.96, 4.96, 3.04, 7.04 ], "texture": "#mesh_palette" },
				"west": { "uv": [ 0.96, 4.96, 3.04, 7.04 ], "texture": "#mesh_palette" },
				"east": { "uv": [ 0.96, 4.96, 3.04, 7.04 ], "texture": "#mesh_palette" }
			}
		},
		{
			"__comment": "Voxels-A77232",
			"from": [ 7.25, 2.5, 7.75 ],
			"to": [ 8, 3.5, 8.25 ],
			"faces": {
				"down": { "uv": [ 4.96, 4.96, 7.04, 7.04 ], "texture": "#mesh_palette" },
				"up": { "uv": [ 4.96, 4.96, 7.04, 7.04 ], "texture": "#mesh_palette" },
				"north": { "uv": [ 4.96, 4.96, 7.04, 7.04 ], "texture": "#mesh_palette" },
				"south": { "uv": [ 4.96, 4.96, 7.04, 7.04 ], "texture": "#mesh_palette" },
				"west": { "uv": [ 4.96, 4.96, 7.04, 7.04 ], "texture": "#mesh_palette" },
				"east": { "uv": [ 4.96, 4.96, 7.04, 7.04 ], "texture": "#mesh_palette" }
			}
		},
		{
			"__comment": "Voxels-A47134",
			"from": [ 7.25, 3.15, 8.25 ],
			"to": [ 8, 3.5, 8.75 ],
			"faces": {
				"down": { "uv": [ 8.96, 8.96, 11.04, 11.04 ], "texture": "#mesh_palette" },
				"up": { "uv": [ 8.96, 8.96, 11.04, 11.04 ], "texture": "#mesh_palette" },
				"north": { "uv": [ 8.96, 8.96, 11.04, 11.04 ], "texture": "#mesh_palette" },
				"south": { "uv": [ 8.96, 8.96, 11.04, 11.04 ], "texture": "#mesh_palette" },
				"west": { "uv": [ 8.96, 8.96, 11.04, 11.04 ], "texture": "#mesh_palette" },
				"east": { "uv": [ 8.96, 8.96, 11.04, 11.04 ], "texture": "#mesh_palette" }
			}
		},
		{
			"__comment": "Voxels-8E622D",
			"from": [ 7.25, 2.9, 8.25 ],
			"to": [ 11, 3.1, 8.5 ],
			"faces": {
				"down": { "uv": [ 12.96, 8.96, 15.04, 11.04 ], "texture": "#mesh_palette" },
				"up": { "uv": [ 12.96, 8.96, 15.04, 11.04 ], "texture": "#mesh_palette" },
				"north": { "uv": [ 12.96, 8.96, 15.04, 11.04 ], "texture": "#mesh_palette" },
				"south": { "uv": [ 12.96, 8.96, 15.04, 11.04 ], "texture": "#mesh_palette" },
				"west": { "uv": [ 12.96, 8.96, 15.04, 11.04 ], "texture": "#mesh_palette" },
				"east": { "uv": [ 12.96, 8.96, 15.04, 11.04 ], "texture": "#mesh_palette" }
			}
		},
		{
			"__comment": "Voxels-956832",
			"from": [ 7.25, 3.5, 7.5 ],
			"to": [ 7.5, 4, 8.5 ],
			"faces": {
				"down": { "uv": [ 0.96, 4.96, 3.04, 7.04 ], "texture": "#mesh_palette" },
				"up": { "uv": [ 0.96, 4.96, 3.04, 7.04 ], "texture": "#mesh_palette" },
				"north": { "uv": [ 0.96, 4.96, 3.04, 7.04 ], "texture": "#mesh_palette" },
				"south": { "uv": [ 0.96, 4.96, 3.04, 7.04 ], "texture": "#mesh_palette" },
				"west": { "uv": [ 0.96, 4.96, 3.04, 7.04 ], "texture": "#mesh_palette" },
				"east": { "uv": [ 0.96, 4.96, 3.04, 7.04 ], "texture": "#mesh_palette" }
			}
		},
		{
			"__comment": "Voxels-986A32",
			"from": [ 7.25, 4, 7.5 ],
			"to": [ 7.5, 4.5, 8.5 ],
			"faces": {
				"down": { "uv": [ 12.96, 0.96, 15.04, 3.04 ], "texture": "#mesh_palette" },
				"up": { "uv": [ 12.96, 0.96, 15.04, 3.04 ], "texture": "#mesh_palette" },
				"north": { "uv": [ 12.96, 0.96, 15.04, 3.04 ], "texture": "#mesh_palette" },
				"south": { "uv": [ 12.96, 0.96, 15.04, 3.04 ], "texture": "#mesh_palette" },
				"west": { "uv": [ 12.96, 0.96, 15.04, 3.04 ], "texture": "#mesh_palette" },
				"east": { "uv": [ 12.96, 0.96, 15.04, 3.04 ], "texture": "#mesh_palette" }
			}
		},
		{
			"__comment": "Voxels-9E6F36",
			"from": [ 7.25, 4.5, 7.5 ],
			"to": [ 7.75, 5.5, 8.5 ],
			"faces": {
				"down": { "uv": [ 8.96, 0.96, 11.04, 3.04 ], "texture": "#mesh_palette" },
				"up": { "uv": [ 8.96, 0.96, 11.04, 3.04 ], "texture": "#mesh_palette" },
				"north": { "uv": [ 8.96, 0.96, 11.04, 3.04 ], "texture": "#mesh_palette" },
				"south": { "uv": [ 8.96, 0.96, 11.04, 3.04 ], "texture": "#mesh_palette" },
				"west": { "uv": [ 8.96, 0.96, 11.04, 3.04 ], "texture": "#mesh_palette" },
				"east": { "uv": [ 8.96, 0.96, 11.04, 3.04 ], "texture": "#mesh_palette" }
			}
		},
		{
			"__comment": "Voxels-8E612C",
			"from": [ 7.25, 5.5, 7.5 ],
			"to": [ 7.5, 5.75, 7.75 ],
			"faces": {
				"down": { "uv": [ 4.96, 0.96, 7.04, 3.04 ], "texture": "#mesh_palette" },
				"up": { "uv": [ 4.96, 0.96, 7.04, 3.04 ], "texture": "#mesh_palette" },
				"north": { "uv": [ 4.96, 0.96, 7.04, 3.04 ], "texture": "#mesh_palette" },
				"south": { "uv": [ 4.96, 0.96, 7.04, 3.04 ], "texture": "#mesh_palette" },
				"west": { "uv": [ 4.96, 0.96, 7.04, 3.04 ], "texture": "#mesh_palette" },
				"east": { "uv": [ 4.96, 0.96, 7.04, 3.04 ], "texture": "#mesh_palette" }
			}
		},
		{
			"__comment": "Voxels-9E6F36",
			"from": [ 7.25, 5.5, 7.75 ],
			"to": [ 7.75, 5.75, 8.25 ],
			"faces": {
				"down": { "uv": [ 8.96, 0.96, 11.04, 3.04 ], "texture": "#mesh_palette" },
				"up": { "uv": [ 8.96, 0.96, 11.04, 3.04 ], "texture": "#mesh_palette" },
				"north": { "uv": [ 8.96, 0.96, 11.04, 3.04 ], "texture": "#mesh_palette" },
				"south": { "uv": [ 8.96, 0.96, 11.04, 3.04 ], "texture": "#mesh_palette" },
				"west": { "uv": [ 8.96, 0.96, 11.04, 3.04 ], "texture": "#mesh_palette" },
				"east": { "uv": [ 8.96, 0.96, 11.04, 3.04 ], "texture": "#mesh_palette" }
			}
		},
		{
			"__comment": "Voxels-8E612C",
			"from": [ 7.25, 5.5, 8.25 ],
			"to": [ 7.5, 5.75, 8.5 ],
			"faces": {
				"down": { "uv": [ 4.96, 0.96, 7.04, 3.04 ], "texture": "#mesh_palette" },
				"up": { "uv": [ 4.96, 0.96, 7.04, 3.04 ], "texture": "#mesh_palette" },
				"north": { "uv": [ 4.96, 0.96, 7.04, 3.04 ], "texture": "#mesh_palette" },
				"south": { "uv": [ 4.96, 0.96, 7.04, 3.04 ], "texture": "#mesh_palette" },
				"west": { "uv": [ 4.96, 0.96, 7.04, 3.04 ], "texture": "#mesh_palette" },
				"east": { "uv": [ 4.96, 0.96, 7.04, 3.04 ], "texture": "#mesh_palette" }
			}
		},
		{
			"__comment": "Voxels-8E612C",
			"from": [ 7.5, 0.25, 7.5 ],
			"to": [ 8.25, 0.5, 7.75 ],
			"faces": {
				"down": { "uv": [ 4.96, 0.96, 7.04, 3.04 ], "texture": "#mesh_palette" },
				"up": { "uv": [ 4.96, 0.96, 7.04, 3.04 ], "texture": "#mesh_palette" },
				"north": { "uv": [ 4.96, 0.96, 7.04, 3.04 ], "texture": "#mesh_palette" },
				"south": { "uv": [ 4.96, 0.96, 7.04, 3.04 ], "texture": "#mesh_palette" },
				"west": { "uv": [ 4.96, 0.96, 7.04, 3.04 ], "texture": "#mesh_palette" },
				"east": { "uv": [ 4.96, 0.96, 7.04, 3.04 ], "texture": "#mesh_palette" }
			}
		},
		{
			"__comment": "Voxels-9E6F36",
			"from": [ 7.5, 0.25, 7.75 ],
			"to": [ 8, 0.5, 8.25 ],
			"faces": {
				"down": { "uv": [ 5.5, 1, 7.58, 3.08 ], "texture": "#mesh_palette" },
				"up": { "uv": [ 5.5, 1, 7.58, 3.08 ], "texture": "#mesh_palette" },
				"north": { "uv": [ 5.5, 1, 7.58, 3.08 ], "texture": "#mesh_palette" },
				"south": { "uv": [ 5.5, 1, 7.58, 3.08 ], "texture": "#mesh_palette" },
				"west": { "uv": [ 5.5, 1, 7.58, 3.08 ], "texture": "#mesh_palette" },
				"east": { "uv": [ 5.5, 1, 7.58, 3.08 ], "texture": "#mesh_palette" }
			}
		},
		{
			"__comment": "Voxels-8E612C",
			"from": [ 7.5, 0.25, 8.25 ],
			"to": [ 8.25, 0.5, 8.5 ],
			"faces": {
				"down": { "uv": [ 4.96, 0.96, 7.04, 3.04 ], "texture": "#mesh_palette" },
				"up": { "uv": [ 4.96, 0.96, 7.04, 3.04 ], "texture": "#mesh_palette" },
				"north": { "uv": [ 4.96, 0.96, 7.04, 3.04 ], "texture": "#mesh_palette" },
				"south": { "uv": [ 4.96, 0.96, 7.04, 3.04 ], "texture": "#mesh_palette" },
				"west": { "uv": [ 4.96, 0.96, 7.04, 3.04 ], "texture": "#mesh_palette" },
				"east": { "uv": [ 4.96, 0.96, 7.04, 3.04 ], "texture": "#mesh_palette" }
			}
		},
		{
			"__comment": "Voxels-9E6F36",
			"from": [ 7.5, 0.5, 7.5 ],
			"to": [ 7.75, 0.75, 7.75 ],
			"faces": {
				"down": { "uv": [ 8.96, 0.96, 11.04, 3.04 ], "texture": "#mesh_palette" },
				"up": { "uv": [ 8.96, 0.96, 11.04, 3.04 ], "texture": "#mesh_palette" },
				"north": { "uv": [ 8.96, 0.96, 11.04, 3.04 ], "texture": "#mesh_palette" },
				"south": { "uv": [ 8.96, 0.96, 11.04, 3.04 ], "texture": "#mesh_palette" },
				"west": { "uv": [ 8.96, 0.96, 11.04, 3.04 ], "texture": "#mesh_palette" },
				"east": { "uv": [ 8.96, 0.96, 11.04, 3.04 ], "texture": "#mesh_palette" }
			}
		},
		{
			"__comment": "Voxels-9E6F36",
			"from": [ 7.5, 0.5, 8.25 ],
			"to": [ 7.75, 0.75, 8.5 ],
			"faces": {
				"down": { "uv": [ 8.96, 0.96, 11.04, 3.04 ], "texture": "#mesh_palette" },
				"up": { "uv": [ 8.96, 0.96, 11.04, 3.04 ], "texture": "#mesh_palette" },
				"north": { "uv": [ 8.96, 0.96, 11.04, 3.04 ], "texture": "#mesh_palette" },
				"south": { "uv": [ 8.96, 0.96, 11.04, 3.04 ], "texture": "#mesh_palette" },
				"west": { "uv": [ 8.96, 0.96, 11.04, 3.04 ], "texture": "#mesh_palette" },
				"east": { "uv": [ 8.96, 0.96, 11.04, 3.04 ], "texture": "#mesh_palette" }
			}
		},
		{
			"__comment": "Voxels-9E6F36",
			"from": [ 7.5, 1.75, 7.5 ],
			"to": [ 7.75, 2.5, 8.5 ],
			"faces": {
				"down": { "uv": [ 8.96, 0.96, 11.04, 3.04 ], "texture": "#mesh_palette" },
				"up": { "uv": [ 8.96, 0.96, 11.04, 3.04 ], "texture": "#mesh_palette" },
				"north": { "uv": [ 8.96, 0.96, 11.04, 3.04 ], "texture": "#mesh_palette" },
				"south": { "uv": [ 8.96, 0.96, 11.04, 3.04 ], "texture": "#mesh_palette" },
				"west": { "uv": [ 8.96, 0.96, 11.04, 3.04 ], "texture": "#mesh_palette" },
				"east": { "uv": [ 8.96, 0.96, 11.04, 3.04 ], "texture": "#mesh_palette" }
			}
		},
		{
			"__comment": "Voxels-9E6F36",
			"from": [ 7.5, 3.5, 7.5 ],
			"to": [ 7.75, 4.5, 8.5 ],
			"faces": {
				"down": { "uv": [ 8.96, 0.96, 11.04, 3.04 ], "texture": "#mesh_palette" },
				"up": { "uv": [ 8.96, 0.96, 11.04, 3.04 ], "texture": "#mesh_palette" },
				"north": { "uv": [ 8.96, 0.96, 11.04, 3.04 ], "texture": "#mesh_palette" },
				"south": { "uv": [ 8.96, 0.96, 11.04, 3.04 ], "texture": "#mesh_palette" },
				"west": { "uv": [ 8.96, 0.96, 11.04, 3.04 ], "texture": "#mesh_palette" },
				"east": { "uv": [ 8.96, 0.96, 11.04, 3.04 ], "texture": "#mesh_palette" }
			}
		},
		{
			"__comment": "Voxels-9E6F36",
			"from": [ 7.5, 5.5, 7.5 ],
			"to": [ 7.75, 5.75, 7.75 ],
			"faces": {
				"down": { "uv": [ 8.96, 0.96, 11.04, 3.04 ], "texture": "#mesh_palette" },
				"up": { "uv": [ 8.96, 0.96, 11.04, 3.04 ], "texture": "#mesh_palette" },
				"north": { "uv": [ 8.96, 0.96, 11.04, 3.04 ], "texture": "#mesh_palette" },
				"south": { "uv": [ 8.96, 0.96, 11.04, 3.04 ], "texture": "#mesh_palette" },
				"west": { "uv": [ 8.96, 0.96, 11.04, 3.04 ], "texture": "#mesh_palette" },
				"east": { "uv": [ 8.96, 0.96, 11.04, 3.04 ], "texture": "#mesh_palette" }
			}
		},
		{
			"__comment": "Voxels-9E6F36",
			"from": [ 7.5, 5.5, 8.25 ],
			"to": [ 7.75, 5.75, 8.5 ],
			"faces": {
				"down": { "uv": [ 8.96, 0.96, 11.04, 3.04 ], "texture": "#mesh_palette" },
				"up": { "uv": [ 8.96, 0.96, 11.04, 3.04 ], "texture": "#mesh_palette" },
				"north": { "uv": [ 8.96, 0.96, 11.04, 3.04 ], "texture": "#mesh_palette" },
				"south": { "uv": [ 8.96, 0.96, 11.04, 3.04 ], "texture": "#mesh_palette" },
				"west": { "uv": [ 8.96, 0.96, 11.04, 3.04 ], "texture": "#mesh_palette" },
				"east": { "uv": [ 8.96, 0.96, 11.04, 3.04 ], "texture": "#mesh_palette" }
			}
		},
		{
			"__comment": "Voxels-8E612C",
			"from": [ 7.5, 5.75, 7.5 ],
			"to": [ 8.25, 6, 7.75 ],
			"faces": {
				"down": { "uv": [ 4.96, 0.96, 7.04, 3.04 ], "texture": "#mesh_palette" },
				"up": { "uv": [ 4.96, 0.96, 7.04, 3.04 ], "texture": "#mesh_palette" },
				"north": { "uv": [ 4.96, 0.96, 7.04, 3.04 ], "texture": "#mesh_palette" },
				"south": { "uv": [ 4.96, 0.96, 7.04, 3.04 ], "texture": "#mesh_palette" },
				"west": { "uv": [ 4.96, 0.96, 7.04, 3.04 ], "texture": "#mesh_palette" },
				"east": { "uv": [ 4.96, 0.96, 7.04, 3.04 ], "texture": "#mesh_palette" }
			}
		},
		{
			"__comment": "Voxels-9E6F36",
			"from": [ 7.5, 5.75, 7.75 ],
			"to": [ 7.75, 6, 8.25 ],
			"faces": {
				"down": { "uv": [ 8.96, 0.96, 11.04, 3.04 ], "texture": "#mesh_palette" },
				"up": { "uv": [ 8.96, 0.96, 11.04, 3.04 ], "texture": "#mesh_palette" },
				"north": { "uv": [ 8.96, 0.96, 11.04, 3.04 ], "texture": "#mesh_palette" },
				"south": { "uv": [ 8.96, 0.96, 11.04, 3.04 ], "texture": "#mesh_palette" },
				"west": { "uv": [ 8.96, 0.96, 11.04, 3.04 ], "texture": "#mesh_palette" },
				"east": { "uv": [ 8.96, 0.96, 11.04, 3.04 ], "texture": "#mesh_palette" }
			}
		},
		{
			"__comment": "Voxels-8E612C",
			"from": [ 7.5, 5.75, 8.25 ],
			"to": [ 8.25, 6, 8.5 ],
			"faces": {
				"down": { "uv": [ 4.96, 0.96, 7.04, 3.04 ], "texture": "#mesh_palette" },
				"up": { "uv": [ 4.96, 0.96, 7.04, 3.04 ], "texture": "#mesh_palette" },
				"north": { "uv": [ 4.96, 0.96, 7.04, 3.04 ], "texture": "#mesh_palette" },
				"south": { "uv": [ 4.96, 0.96, 7.04, 3.04 ], "texture": "#mesh_palette" },
				"west": { "uv": [ 4.96, 0.96, 7.04, 3.04 ], "texture": "#mesh_palette" },
				"east": { "uv": [ 4.96, 0.96, 7.04, 3.04 ], "texture": "#mesh_palette" }
			}
		},
		{
			"__comment": "Voxels-8E612C",
			"from": [ 7.75, 0, 7.5 ],
			"to": [ 8.25, 0.25, 8.5 ],
			"faces": {
				"down": { "uv": [ 4.96, 0.96, 7.04, 3.04 ], "texture": "#mesh_palette" },
				"up": { "uv": [ 4.96, 0.96, 7.04, 3.04 ], "texture": "#mesh_palette" },
				"north": { "uv": [ 4.96, 0.96, 7.04, 3.04 ], "texture": "#mesh_palette" },
				"south": { "uv": [ 4.96, 0.96, 7.04, 3.04 ], "texture": "#mesh_palette" },
				"west": { "uv": [ 4.96, 0.96, 7.04, 3.04 ], "texture": "#mesh_palette" },
				"east": { "uv": [ 4.96, 0.96, 7.04, 3.04 ], "texture": "#mesh_palette" }
			}
		},
		{
			"__comment": "Voxels-97672F",
			"from": [ 7.75, 0.5, 7.9 ],
			"to": [ 8.25, 1, 8.15 ],
			"faces": {
				"down": { "uv": [ 8.96, 4.96, 11.04, 7.04 ], "texture": "#mesh_palette" },
				"up": { "uv": [ 8.96, 4.96, 11.04, 7.04 ], "texture": "#mesh_palette" },
				"north": { "uv": [ 8.96, 4.96, 11.04, 7.04 ], "texture": "#mesh_palette" },
				"south": { "uv": [ 8.96, 4.96, 11.04, 7.04 ], "texture": "#mesh_palette" },
				"west": { "uv": [ 8.96, 4.96, 11.04, 7.04 ], "texture": "#mesh_palette" },
				"east": { "uv": [ 8.96, 4.96, 11.04, 7.04 ], "texture": "#mesh_palette" }
			}
		},
		{
			"__comment": "Voxels-9E6C31",
			"from": [ 7.75, 1, 7.9 ],
			"to": [ 8.25, 2.25, 8.15 ],
			"faces": {
				"down": { "uv": [ 12.96, 4.96, 15.04, 7.04 ], "texture": "#mesh_palette" },
				"up": { "uv": [ 12.96, 4.96, 15.04, 7.04 ], "texture": "#mesh_palette" },
				"north": { "uv": [ 12.96, 4.96, 15.04, 7.04 ], "texture": "#mesh_palette" },
				"south": { "uv": [ 12.96, 4.96, 15.04, 7.04 ], "texture": "#mesh_palette" },
				"west": { "uv": [ 12.96, 4.96, 15.04, 7.04 ], "texture": "#mesh_palette" },
				"east": { "uv": [ 12.96, 4.96, 15.04, 7.04 ], "texture": "#mesh_palette" }
			}
		},
		{
			"__comment": "Voxels-A77232",
			"from": [ 7.75, 2.25, 7.9 ],
			"to": [ 8.5, 2.75, 8.15 ],
			"faces": {
				"down": { "uv": [ 4.96, 4.96, 7.04, 7.04 ], "texture": "#mesh_palette" },
				"up": { "uv": [ 4.96, 4.96, 7.04, 7.04 ], "texture": "#mesh_palette" },
				"north": { "uv": [ 4.96, 4.96, 7.04, 7.04 ], "texture": "#mesh_palette" },
				"south": { "uv": [ 4.96, 4.96, 7.04, 7.04 ], "texture": "#mesh_palette" },
				"west": { "uv": [ 4.96, 4.96, 7.04, 7.04 ], "texture": "#mesh_palette" },
				"east": { "uv": [ 4.96, 4.96, 7.04, 7.04 ], "texture": "#mesh_palette" }
			}
		},
		{
			"__comment": "Voxels-A77232",
			"from": [ 7.75, 3.25, 7.9 ],
			"to": [ 8.5, 3.75, 8.15 ],
			"faces": {
				"down": { "uv": [ 4.96, 4.96, 7.04, 7.04 ], "texture": "#mesh_palette" },
				"up": { "uv": [ 4.96, 4.96, 7.04, 7.04 ], "texture": "#mesh_palette" },
				"north": { "uv": [ 4.96, 4.96, 7.04, 7.04 ], "texture": "#mesh_palette" },
				"south": { "uv": [ 4.96, 4.96, 7.04, 7.04 ], "texture": "#mesh_palette" },
				"west": { "uv": [ 4.96, 4.96, 7.04, 7.04 ], "texture": "#mesh_palette" },
				"east": { "uv": [ 4.96, 4.96, 7.04, 7.04 ], "texture": "#mesh_palette" }
			}
		},
		{
			"__comment": "Voxels-9E6C31",
			"from": [ 7.75, 3.75, 7.9 ],
			"to": [ 8.5, 4.75, 8.15 ],
			"faces": {
				"down": { "uv": [ 12.96, 4.96, 15.04, 7.04 ], "texture": "#mesh_palette" },
				"up": { "uv": [ 12.96, 4.96, 15.04, 7.04 ], "texture": "#mesh_palette" },
				"north": { "uv": [ 12.96, 4.96, 15.04, 7.04 ], "texture": "#mesh_palette" },
				"south": { "uv": [ 12.96, 4.96, 15.04, 7.04 ], "texture": "#mesh_palette" },
				"west": { "uv": [ 12.96, 4.96, 15.04, 7.04 ], "texture": "#mesh_palette" },
				"east": { "uv": [ 12.96, 4.96, 15.04, 7.04 ], "texture": "#mesh_palette" }
			}
		},
		{
			"__comment": "Voxels-9E6C31",
			"from": [ 7.75, 4.75, 7.9 ],
			"to": [ 8.25, 5.25, 8.15 ],
			"faces": {
				"down": { "uv": [ 12.96, 4.96, 15.04, 7.04 ], "texture": "#mesh_palette" },
				"up": { "uv": [ 12.96, 4.96, 15.04, 7.04 ], "texture": "#mesh_palette" },
				"north": { "uv": [ 12.96, 4.96, 15.04, 7.04 ], "texture": "#mesh_palette" },
				"south": { "uv": [ 12.96, 4.96, 15.04, 7.04 ], "texture": "#mesh_palette" },
				"west": { "uv": [ 12.96, 4.96, 15.04, 7.04 ], "texture": "#mesh_palette" },
				"east": { "uv": [ 12.96, 4.96, 15.04, 7.04 ], "texture": "#mesh_palette" }
			}
		},
		{
			"__comment": "Voxels-97672F",
			"from": [ 7.75, 5.25, 7.9 ],
			"to": [ 8.25, 5.75, 8.15 ],
			"faces": {
				"down": { "uv": [ 8.96, 4.96, 11.04, 7.04 ], "texture": "#mesh_palette" },
				"up": { "uv": [ 8.96, 4.96, 11.04, 7.04 ], "texture": "#mesh_palette" },
				"north": { "uv": [ 8.96, 4.96, 11.04, 7.04 ], "texture": "#mesh_palette" },
				"south": { "uv": [ 8.96, 4.96, 11.04, 7.04 ], "texture": "#mesh_palette" },
				"west": { "uv": [ 8.96, 4.96, 11.04, 7.04 ], "texture": "#mesh_palette" },
				"east": { "uv": [ 8.96, 4.96, 11.04, 7.04 ], "texture": "#mesh_palette" }
			}
		},
		{
			"__comment": "Voxels-8E612C",
			"from": [ 7.75, 5.75, 7.75 ],
			"to": [ 8.25, 6.25, 8.25 ],
			"faces": {
				"down": { "uv": [ 4.96, 0.96, 7.04, 3.04 ], "texture": "#mesh_palette" },
				"up": { "uv": [ 4.96, 0.96, 7.04, 3.04 ], "texture": "#mesh_palette" },
				"north": { "uv": [ 4.96, 0.96, 7.04, 3.04 ], "texture": "#mesh_palette" },
				"south": { "uv": [ 4.96, 0.96, 7.04, 3.04 ], "texture": "#mesh_palette" },
				"west": { "uv": [ 4.96, 0.96, 7.04, 3.04 ], "texture": "#mesh_palette" },
				"east": { "uv": [ 4.96, 0.96, 7.04, 3.04 ], "texture": "#mesh_palette" }
			}
		},
		{
			"__comment": "Voxels-8E612C",
			"from": [ 7.75, 6, 7.5 ],
			"to": [ 8.25, 6.25, 7.75 ],
			"faces": {
				"down": { "uv": [ 4.96, 0.96, 7.04, 3.04 ], "texture": "#mesh_palette" },
				"up": { "uv": [ 4.96, 0.96, 7.04, 3.04 ], "texture": "#mesh_palette" },
				"north": { "uv": [ 4.96, 0.96, 7.04, 3.04 ], "texture": "#mesh_palette" },
				"south": { "uv": [ 4.96, 0.96, 7.04, 3.04 ], "texture": "#mesh_palette" },
				"west": { "uv": [ 4.96, 0.96, 7.04, 3.04 ], "texture": "#mesh_palette" },
				"east": { "uv": [ 4.96, 0.96, 7.04, 3.04 ], "texture": "#mesh_palette" }
			}
		},
		{
			"__comment": "Voxels-8E612C",
			"from": [ 7.75, 6, 8.25 ],
			"to": [ 8.25, 6.25, 8.5 ],
			"faces": {
				"down": { "uv": [ 4.96, 0.96, 7.04, 3.04 ], "texture": "#mesh_palette" },
				"up": { "uv": [ 4.96, 0.96, 7.04, 3.04 ], "texture": "#mesh_palette" },
				"north": { "uv": [ 4.96, 0.96, 7.04, 3.04 ], "texture": "#mesh_palette" },
				"south": { "uv": [ 4.96, 0.96, 7.04, 3.04 ], "texture": "#mesh_palette" },
				"west": { "uv": [ 4.96, 0.96, 7.04, 3.04 ], "texture": "#mesh_palette" },
				"east": { "uv": [ 4.96, 0.96, 7.04, 3.04 ], "texture": "#mesh_palette" }
			}
		},
		{
			"__comment": "Voxels-8E612C",
			"from": [ 8, -0.25, 7.5 ],
			"to": [ 8.75, 0, 8.5 ],
			"faces": {
				"down": { "uv": [ 4.96, 0.96, 7.04, 3.04 ], "texture": "#mesh_palette" },
				"up": { "uv": [ 4.96, 0.96, 7.04, 3.04 ], "texture": "#mesh_palette" },
				"north": { "uv": [ 4.96, 0.96, 7.04, 3.04 ], "texture": "#mesh_palette" },
				"south": { "uv": [ 4.96, 0.96, 7.04, 3.04 ], "texture": "#mesh_palette" },
				"west": { "uv": [ 4.96, 0.96, 7.04, 3.04 ], "texture": "#mesh_palette" },
				"east": { "uv": [ 4.96, 0.96, 7.04, 3.04 ], "texture": "#mesh_palette" }
			}
		},
		{
			"__comment": "Voxels-8E612C",
			"from": [ 8, 0.25, 7.75 ],
			"to": [ 8.25, 0.5, 8.25 ],
			"faces": {
				"down": { "uv": [ 4.96, 0.96, 7.04, 3.04 ], "texture": "#mesh_palette" },
				"up": { "uv": [ 4.96, 0.96, 7.04, 3.04 ], "texture": "#mesh_palette" },
				"north": { "uv": [ 4.96, 0.96, 7.04, 3.04 ], "texture": "#mesh_palette" },
				"south": { "uv": [ 4.96, 0.96, 7.04, 3.04 ], "texture": "#mesh_palette" },
				"west": { "uv": [ 4.96, 0.96, 7.04, 3.04 ], "texture": "#mesh_palette" },
				"east": { "uv": [ 4.96, 0.96, 7.04, 3.04 ], "texture": "#mesh_palette" }
			}
		},
		{
			"__comment": "Voxels-8E612C",
			"from": [ 8, 6.25, 7.5 ],
			"to": [ 8.75, 6.5, 8.5 ],
			"faces": {
				"down": { "uv": [ 4.96, 0.96, 7.04, 3.04 ], "texture": "#mesh_palette" },
				"up": { "uv": [ 4.96, 0.96, 7.04, 3.04 ], "texture": "#mesh_palette" },
				"north": { "uv": [ 4.96, 0.96, 7.04, 3.04 ], "texture": "#mesh_palette" },
				"south": { "uv": [ 4.96, 0.96, 7.04, 3.04 ], "texture": "#mesh_palette" },
				"west": { "uv": [ 4.96, 0.96, 7.04, 3.04 ], "texture": "#mesh_palette" },
				"east": { "uv": [ 4.96, 0.96, 7.04, 3.04 ], "texture": "#mesh_palette" }
			}
		},
		{
			"__comment": "Voxels-9E6C31",
			"from": [ 8.25, 1.5, 7.9 ],
			"to": [ 8.5, 2.25, 8.15 ],
			"faces": {
				"down": { "uv": [ 12.96, 4.96, 15.04, 7.04 ], "texture": "#mesh_palette" },
				"up": { "uv": [ 12.96, 4.96, 15.04, 7.04 ], "texture": "#mesh_palette" },
				"north": { "uv": [ 12.96, 4.96, 15.04, 7.04 ], "texture": "#mesh_palette" },
				"south": { "uv": [ 12.96, 4.96, 15.04, 7.04 ], "texture": "#mesh_palette" },
				"west": { "uv": [ 12.96, 4.96, 15.04, 7.04 ], "texture": "#mesh_palette" },
				"east": { "uv": [ 12.96, 4.96, 15.04, 7.04 ], "texture": "#mesh_palette" }
			}
		},
		{
			"__comment": "Voxels-000000",
			"from": [ 8.75, -0.25, 7.75 ],
			"to": [ 9, 0, 8.25 ],
			"faces": {
				"down": { "uv": [ 0.96, 12.96, 3.04, 15.04 ], "texture": "#mesh_palette" },
				"up": { "uv": [ 0.96, 12.96, 3.04, 15.04 ], "texture": "#mesh_palette" },
				"north": { "uv": [ 0.96, 12.96, 3.04, 15.04 ], "texture": "#mesh_palette" },
				"south": { "uv": [ 0.96, 12.96, 3.04, 15.04 ], "texture": "#mesh_palette" },
				"west": { "uv": [ 0.96, 12.96, 3.04, 15.04 ], "texture": "#mesh_palette" },
				"east": { "uv": [ 0.96, 12.96, 3.04, 15.04 ], "texture": "#mesh_palette" }
			}
		},
		{
			"__comment": "Voxels-000000",
			"from": [ 8.75, 0, 7.875 ],
			"to": [ 9, 0.75, 8.125 ],
			"faces": {
				"down": { "uv": [ 0.96, 12.96, 3.04, 15.04 ], "texture": "#mesh_palette" },
				"up": { "uv": [ 0.96, 12.96, 3.04, 15.04 ], "texture": "#mesh_palette" },
				"north": { "uv": [ 0.96, 12.96, 3.04, 15.04 ], "texture": "#mesh_palette" },
				"south": { "uv": [ 0.96, 12.96, 3.04, 15.04 ], "texture": "#mesh_palette" },
				"west": { "uv": [ 0.96, 12.96, 3.04, 15.04 ], "texture": "#mesh_palette" },
				"east": { "uv": [ 0.96, 12.96, 3.04, 15.04 ], "texture": "#mesh_palette" }
			}
		},
		{
			"__comment": "Voxels-000000",
			"from": [ 8.75, 5.5, 7.875 ],
			"to": [ 9, 6.25, 8.125 ],
			"faces": {
				"down": { "uv": [ 0.96, 12.96, 3.04, 15.04 ], "texture": "#mesh_palette" },
				"up": { "uv": [ 0.96, 12.96, 3.04, 15.04 ], "texture": "#mesh_palette" },
				"north": { "uv": [ 0.96, 12.96, 3.04, 15.04 ], "texture": "#mesh_palette" },
				"south": { "uv": [ 0.96, 12.96, 3.04, 15.04 ], "texture": "#mesh_palette" },
				"west": { "uv": [ 0.96, 12.96, 3.04, 15.04 ], "texture": "#mesh_palette" },
				"east": { "uv": [ 0.96, 12.96, 3.04, 15.04 ], "texture": "#mesh_palette" }
			}
		},
		{
			"__comment": "Voxels-000000",
			"from": [ 8.75, 6.25, 7.75 ],
			"to": [ 9, 6.5, 8.25 ],
			"faces": {
				"down": { "uv": [ 0.96, 12.96, 3.04, 15.04 ], "texture": "#mesh_palette" },
				"up": { "uv": [ 0.96, 12.96, 3.04, 15.04 ], "texture": "#mesh_palette" },
				"north": { "uv": [ 0.96, 12.96, 3.04, 15.04 ], "texture": "#mesh_palette" },
				"south": { "uv": [ 0.96, 12.96, 3.04, 15.04 ], "texture": "#mesh_palette" },
				"west": { "uv": [ 0.96, 12.96, 3.04, 15.04 ], "texture": "#mesh_palette" },
				"east": { "uv": [ 0.96, 12.96, 3.04, 15.04 ], "texture": "#mesh_palette" }
			}
		},
		{
			"__comment": "Voxels-000000",
			"from": [ 9, 0.75, 7.875 ],
			"to": [ 9.25, 1.25, 8.125 ],
			"faces": {
				"down": { "uv": [ 0.96, 12.96, 3.04, 15.04 ], "texture": "#mesh_palette" },
				"up": { "uv": [ 0.96, 12.96, 3.04, 15.04 ], "texture": "#mesh_palette" },
				"north": { "uv": [ 0.96, 12.96, 3.04, 15.04 ], "texture": "#mesh_palette" },
				"south": { "uv": [ 0.96, 12.96, 3.04, 15.04 ], "texture": "#mesh_palette" },
				"west": { "uv": [ 0.96, 12.96, 3.04, 15.04 ], "texture": "#mesh_palette" },
				"east": { "uv": [ 0.96, 12.96, 3.04, 15.04 ], "texture": "#mesh_palette" }
			}
		},
		{
			"__comment": "Voxels-000000",
			"from": [ 9, 5, 7.875 ],
			"to": [ 9.25, 5.5, 8.125 ],
			"faces": {
				"down": { "uv": [ 0.96, 12.96, 3.04, 15.04 ], "texture": "#mesh_palette" },
				"up": { "uv": [ 0.96, 12.96, 3.04, 15.04 ], "texture": "#mesh_palette" },
				"north": { "uv": [ 0.96, 12.96, 3.04, 15.04 ], "texture": "#mesh_palette" },
				"south": { "uv": [ 0.96, 12.96, 3.04, 15.04 ], "texture": "#mesh_palette" },
				"west": { "uv": [ 0.96, 12.96, 3.04, 15.04 ], "texture": "#mesh_palette" },
				"east": { "uv": [ 0.96, 12.96, 3.04, 15.04 ], "texture": "#mesh_palette" }
			}
		},
		{
			"__comment": "Voxels-000000",
			"from": [ 9.25, 1.25, 7.875 ],
			"to": [ 9.5, 1.75, 8.125 ],
			"faces": {
				"down": { "uv": [ 0.96, 12.96, 3.04, 15.04 ], "texture": "#mesh_palette" },
				"up": { "uv": [ 0.96, 12.96, 3.04, 15.04 ], "texture": "#mesh_palette" },
				"north": { "uv": [ 0.96, 12.96, 3.04, 15.04 ], "texture": "#mesh_palette" },
				"south": { "uv": [ 0.96, 12.96, 3.04, 15.04 ], "texture": "#mesh_palette" },
				"west": { "uv": [ 0.96, 12.96, 3.04, 15.04 ], "texture": "#mesh_palette" },
				"east": { "uv": [ 0.96, 12.96, 3.04, 15.04 ], "texture": "#mesh_palette" }
			}
		},
		{
			"__comment": "Voxels-000000",
			"from": [ 9.25, 4.5, 7.875 ],
			"to": [ 9.5, 5, 8.125 ],
			"faces": {
				"down": { "uv": [ 0.96, 12.96, 3.04, 15.04 ], "texture": "#mesh_palette" },
				"up": { "uv": [ 0.96, 12.96, 3.04, 15.04 ], "texture": "#mesh_palette" },
				"north": { "uv": [ 0.96, 12.96, 3.04, 15.04 ], "texture": "#mesh_palette" },
				"south": { "uv": [ 0.96, 12.96, 3.04, 15.04 ], "texture": "#mesh_palette" },
				"west": { "uv": [ 0.96, 12.96, 3.04, 15.04 ], "texture": "#mesh_palette" },
				"east": { "uv": [ 0.96, 12.96, 3.04, 15.04 ], "texture": "#mesh_palette" }
			}
		},
		{
			"__comment": "Voxels-000000",
			"from": [ 9.5, 1.75, 7.875 ],
			"to": [ 9.75, 2.25, 8.125 ],
			"faces": {
				"down": { "uv": [ 0.96, 12.96, 3.04, 15.04 ], "texture": "#mesh_palette" },
				"up": { "uv": [ 0.96, 12.96, 3.04, 15.04 ], "texture": "#mesh_palette" },
				"north": { "uv": [ 0.96, 12.96, 3.04, 15.04 ], "texture": "#mesh_palette" },
				"south": { "uv": [ 0.96, 12.96, 3.04, 15.04 ], "texture": "#mesh_palette" },
				"west": { "uv": [ 0.96, 12.96, 3.04, 15.04 ], "texture": "#mesh_palette" },
				"east": { "uv": [ 0.96, 12.96, 3.04, 15.04 ], "texture": "#mesh_palette" }
			}
		},
		{
			"__comment": "Voxels-000000",
			"from": [ 9.5, 4, 7.875 ],
			"to": [ 9.75, 4.5, 8.125 ],
			"faces": {
				"down": { "uv": [ 0.96, 12.96, 3.04, 15.04 ], "texture": "#mesh_palette" },
				"up": { "uv": [ 0.96, 12.96, 3.04, 15.04 ], "texture": "#mesh_palette" },
				"north": { "uv": [ 0.96, 12.96, 3.04, 15.04 ], "texture": "#mesh_palette" },
				"south": { "uv": [ 0.96, 12.96, 3.04, 15.04 ], "texture": "#mesh_palette" },
				"west": { "uv": [ 0.96, 12.96, 3.04, 15.04 ], "texture": "#mesh_palette" },
				"east": { "uv": [ 0.96, 12.96, 3.04, 15.04 ], "texture": "#mesh_palette" }
			}
		},
		{
			"__comment": "Voxels-000000",
			"from": [ 9.75, 2.25, 7.875 ],
			"to": [ 10, 4, 8.125 ],
			"faces": {
				"down": { "uv": [ 0.96, 12.96, 3.04, 15.04 ], "texture": "#mesh_palette" },
				"up": { "uv": [ 0.96, 12.96, 3.04, 15.04 ], "texture": "#mesh_palette" },
				"north": { "uv": [ 0.96, 12.96, 3.04, 15.04 ], "texture": "#mesh_palette" },
				"south": { "uv": [ 0.96, 12.96, 3.04, 15.04 ], "texture": "#mesh_palette" },
				"west": { "uv": [ 0.96, 12.96, 3.04, 15.04 ], "texture": "#mesh_palette" },
				"east": { "uv": [ 0.96, 12.96, 3.04, 15.04 ], "texture": "#mesh_palette" }
			}
		},
		{
			"__comment": "Voxels-666666",
			"from": [ 10, 2.7, 8.3 ],
			"to": [ 11, 2.9, 8.45 ],
			"faces": {
				"down": { "uv": [ 4.96, 12.96, 7.04, 15.04 ], "texture": "#mesh_palette" },
				"up": { "uv": [ 4.96, 12.96, 7.04, 15.04 ], "texture": "#mesh_palette" },
				"north": { "uv": [ 4.96, 12.96, 7.04, 15.04 ], "texture": "#mesh_palette" },
				"south": { "uv": [ 4.96, 12.96, 7.04, 15.04 ], "texture": "#mesh_palette" },
				"west": { "uv": [ 4.96, 12.96, 7.04, 15.04 ], "texture": "#mesh_palette" },
				"east": { "uv": [ 4.96, 12.96, 7.04, 15.04 ], "texture": "#mesh_palette" }
			}
		},
		{
			"__comment": "Voxels-666666",
			"from": [ 10, 2.925, 8.05 ],
			"to": [ 11, 3.075, 8.25 ],
			"faces": {
				"down": { "uv": [ 4.96, 12.96, 7.04, 15.04 ], "texture": "#mesh_palette" },
				"up": { "uv": [ 4.96, 12.96, 7.04, 15.04 ], "texture": "#mesh_palette" },
				"north": { "uv": [ 4.96, 12.96, 7.04, 15.04 ], "texture": "#mesh_palette" },
				"south": { "uv": [ 4.96, 12.96, 7.04, 15.04 ], "texture": "#mesh_palette" },
				"west": { "uv": [ 4.96, 12.96, 7.04, 15.04 ], "texture": "#mesh_palette" },
				"east": { "uv": [ 4.96, 12.96, 7.04, 15.04 ], "texture": "#mesh_palette" }
			}
		},
		{
			"__comment": "Voxels-666666",
			"from": [ 10, 2.925, 8.5 ],
			"to": [ 11, 3.075, 8.7 ],
			"faces": {
				"down": { "uv": [ 4.96, 12.96, 7.04, 15.04 ], "texture": "#mesh_palette" },
				"up": { "uv": [ 4.96, 12.96, 7.04, 15.04 ], "texture": "#mesh_palette" },
				"north": { "uv": [ 4.96, 12.96, 7.04, 15.04 ], "texture": "#mesh_palette" },
				"south": { "uv": [ 4.96, 12.96, 7.04, 15.04 ], "texture": "#mesh_palette" },
				"west": { "uv": [ 4.96, 12.96, 7.04, 15.04 ], "texture": "#mesh_palette" },
				"east": { "uv": [ 4.96, 12.96, 7.04, 15.04 ], "texture": "#mesh_palette" }
			}
		},
		{
			"__comment": "Voxels-666666",
			"from": [ 10, 3.1, 8.3 ],
			"to": [ 11, 3.3, 8.45 ],
			"faces": {
				"down": { "uv": [ 4.96, 12.96, 7.04, 15.04 ], "texture": "#mesh_palette" },
				"up": { "uv": [ 4.96, 12.96, 7.04, 15.04 ], "texture": "#mesh_palette" },
				"north": { "uv": [ 4.96, 12.96, 7.04, 15.04 ], "texture": "#mesh_palette" },
				"south": { "uv": [ 4.96, 12.96, 7.04, 15.04 ], "texture": "#mesh_palette" },
				"west": { "uv": [ 4.96, 12.96, 7.04, 15.04 ], "texture": "#mesh_palette" },
				"east": { "uv": [ 4.96, 12.96, 7.04, 15.04 ], "texture": "#mesh_palette" }
			}
		},
		{
			"__comment": "Voxels-A47134",
			"from": [ 7.25, 2.5, 8.25 ],
			"to": [ 8, 2.85, 8.75 ],
			"faces": {
				"down": { "uv": [ 8.96, 8.96, 11.04, 11.04 ], "texture": "#mesh_palette" },
				"up": { "uv": [ 8.96, 8.96, 11.04, 11.04 ], "texture": "#mesh_palette" },
				"north": { "uv": [ 8.96, 8.96, 11.04, 11.04 ], "texture": "#mesh_palette" },
				"south": { "uv": [ 8.96, 8.96, 11.04, 11.04 ], "texture": "#mesh_palette" },
				"west": { "uv": [ 8.96, 8.96, 11.04, 11.04 ], "texture": "#mesh_palette" },
				"east": { "uv": [ 8.96, 8.96, 11.04, 11.04 ], "texture": "#mesh_palette" }
			}
		},
		{
			"__comment": "Voxels-BCBCBC",
			"from": [ 5.25, 3, 8.25 ],
			"to": [ 6.25, 3.25, 8.5 ],
			"faces": {
				"down": { "uv": [ 4.96, 8.96, 7.04, 11.04 ], "texture": "#mesh_palette" },
				"up": { "uv": [ 4.96, 8.96, 7.04, 11.04 ], "texture": "#mesh_palette" },
				"north": { "uv": [ 4.96, 8.96, 7.04, 11.04 ], "texture": "#mesh_palette" },
				"south": { "uv": [ 4.96, 8.96, 7.04, 11.04 ], "texture": "#mesh_palette" },
				"west": { "uv": [ 4.96, 8.96, 7.04, 11.04 ], "texture": "#mesh_palette" },
				"east": { "uv": [ 4.96, 8.96, 7.04, 11.04 ], "texture": "#mesh_palette" }
			}
		}
	],
	"display": {
		"thirdperson_righthand": {
			"rotation":  [ 0, -90, 0 ],
			"translation":  [ 1, 16.695, 0 ],
			"scale":  [ 3, 3, 3 ]
		},
		"firstperson_righthand": {
			"rotation":  [ 3, -90, 0 ],
			"translation":  [ 0, 17.826, 0 ],
			"scale":  [ 2.5, 2.5, 2.5 ]
		},
		"gui": {
			"rotation":  [ 6, -180, -47 ],
			"translation":  [ -7.75, 8.5, 0.75 ],
			"scale":  [ 2.5, 2.5, 2.5 ]
        }
    },
    "overrides": [
        {
            "predicate": {
                "pulling": 1
            },
            "model": "item/bow_pulling_0"
        },
        {
            "predicate": {
                "pulling": 1,
                "pull": 0.65
            },
            "model": "item/bow_pulling_1"
        },
        {
            "predicate": {
                "pulling": 1,
                "pull": 0.9
            },
            "model": "item/bow_pulling_2"
        }
    ]
}