{"__comment":"Designed by Hypixel minecraft server with BDcraft Cubik PRO 0.95 Beta - http://bdcraft.net","textures":{"texture":"blocks/piggyhand"},"elements":[{"from":[6.5,3,8.5],"to":[10,8,11.5],"faces":{"down":{"uv":[13,3,16,6.5],"texture":"#texture"},"up":{"uv":[13,3,16,6.5],"rotation":90,"texture":"#texture"},"north":{"uv":[14,6.5,13.5,11.5],"texture":"#texture"},"south":{"uv":[10,0,14,5],"texture":"#texture"},"west":{"uv":[13,6.5,16,11.5],"texture":"#texture"},"east":{"uv":[16,6.5,13,11.5],"texture":"#texture"}}},{"from":[7.5,-2.5,6],"to":[13.5,5,11],"rotation":{"origin":[7.5,5,6],"axis":"z","angle":22.5},"faces":{"down":{"uv":[0,13,6,8.5],"texture":"#texture","cullface":"down"},"up":{"uv":[7.5,6,13.5,11],"texture":"#texture","cullface":"down"},"north":{"uv":[6,8.5,0,16],"texture":"#texture","cullface":"down"},"south":{"uv":[0,8.5,6,16],"texture":"#texture","cullface":"down"},"west":{"uv":[1.5,10.5,2,11],"texture":"#texture","cullface":"down"},"east":{"uv":[0,0,5,7.5],"texture":"#texture","cullface":"down"}}},{"from":[6,0.5,8.5625],"to":[10.5,3,13.0625],"rotation":{"origin":[6,0.5,8.5625],"axis":"y","angle":22.5},"faces":{"down":{"uv":[9,5,13.5,9.5],"texture":"#texture"},"up":{"uv":[5.5,0,6,0.5],"texture":"#texture"},"north":{"uv":[13.5,12,9,9.5],"texture":"#texture"},"south":{"uv":[5.5,0,10,2.5],"texture":"#texture"},"west":{"uv":[6.5,5,9,9.5],"rotation":90,"texture":"#texture"},"east":{"uv":[6.5,5,9,9.5],"rotation":90,"texture":"#texture"}}},{"from":[7,5,5.5625],"to":[13,7.5,8.0625],"faces":{"down":{"uv":[13.5,5.5,16,11],"rotation":90,"texture":"#texture"},"up":{"uv":[16,0,13.5,5.5],"rotation":90,"texture":"#texture"},"north":{"uv":[10,0,15.5,3],"texture":"#texture"},"south":{"uv":[10,0,15.5,3],"texture":"#texture"},"west":{"uv":[13.5,6.5,16,9],"texture":"#texture"},"east":{"uv":[13.5,6.5,16,9],"texture":"#texture"}}},{"from":[10,5.5,8.5],"to":[13,8,11.5],"faces":{"down":{"uv":[13,0,13.5,3],"rotation":90,"texture":"#texture"},"up":{"uv":[13,0,16,3],"rotation":90,"texture":"#texture"},"north":{"uv":[13,0,16,3],"rotation":90,"texture":"#texture"},"south":{"uv":[13,0,16,3],"rotation":90,"texture":"#texture"},"east":{"uv":[16,4.5,13,7],"texture":"#texture"}}},{"from":[6.9375,3,5.625],"to":[9.4375,5,8.125],"rotation":{"origin":[6.9375,5,5.625],"axis":"x","angle":-22.5},"faces":{"down":{"uv":[13,6,16,8],"texture":"#texture"},"up":{"uv":[7,5,10,7],"texture":"#texture"},"north":{"uv":[13,6,16,8],"texture":"#texture"},"south":{"uv":[7.5,11,10,13],"texture":"#texture"},"west":{"uv":[13.5,8.5,16,10.5],"texture":"#texture"},"east":{"uv":[13.5,8.5,16,10.5],"texture":"#texture"}}},{"from":[10,-1.46055,5.5],"to":[13,6.03945,7.5],"rotation":{"origin":[10,6.03945,5.5],"axis":"z","angle":22.5},"faces":{"down":{"uv":[3,11,6,13],"texture":"#texture","cullface":"down"},"up":{"uv":[10,5.5,13,7.5],"texture":"#texture","cullface":"down"},"north":{"uv":[13,3.5,16,11],"texture":"#texture","cullface":"down"},"south":{"uv":[2,0,5,7.5],"texture":"#texture","cullface":"down"},"west":{"uv":[16,3.5,14,11],"texture":"#texture","cullface":"down"},"east":{"uv":[15,3.5,13,11],"texture":"#texture","cullface":"down"}}}],"display":{"thirdperson_righthand":{"rotation":[-88,0,-23],"translation":[-1.7,-2.27,-7.18],"scale":[1.25,1.25,1.25]},"firstperson_righthand":{"rotation":[-45,-13,-1],"translation":[0.6,3.4,-4.5],"scale":[1,1,1]},"gui":{"rotation":[-17,41,0],"translation":[-2.27,4.16,0],"scale":[1,1,1]}}}