{
	"__comment": "Designed by Colin0904 with Cubik Studio - https://cubik.studio",
	"textures": {
		"particle": "blocks/particle",
		"texture": "blocks/texture",
		"mesh_palette": "items/battle_axe"
	},
	"elements": [
		{
			"__comment": "Voxels-BC8148",
			"from": [ 6.5, -1, 7.5 ],
			"to": [ 9.5, -0.5, 8.5 ],
			"faces": {
				"down": { "uv": [ 4.96, 0.96, 7.04, 3.04 ], "texture": "#mesh_palette" },
				"up": { "uv": [ 4.96, 0.96, 7.04, 3.04 ], "texture": "#mesh_palette" },
				"north": { "uv": [ 4.96, 0.96, 7.04, 3.04 ], "texture": "#mesh_palette" },
				"south": { "uv": [ 4.96, 0.96, 7.04, 3.04 ], "texture": "#mesh_palette" },
				"west": { "uv": [ 4.96, 0.96, 7.04, 3.04 ], "texture": "#mesh_palette" },
				"east": { "uv": [ 4.96, 0.96, 7.04, 3.04 ], "texture": "#mesh_palette" }
			}
		},
		{
			"__comment": "Voxels-BC8148",
			"from": [ 6.5, -0.5, 7 ],
			"to": [ 7.5, 0, 7.5 ],
			"faces": {
				"down": { "uv": [ 4.96, 0.96, 7.04, 3.04 ], "texture": "#mesh_palette" },
				"up": { "uv": [ 4.96, 0.96, 7.04, 3.04 ], "texture": "#mesh_palette" },
				"north": { "uv": [ 4.96, 0.96, 7.04, 3.04 ], "texture": "#mesh_palette" },
				"south": { "uv": [ 4.96, 0.96, 7.04, 3.04 ], "texture": "#mesh_palette" },
				"west": { "uv": [ 4.96, 0.96, 7.04, 3.04 ], "texture": "#mesh_palette" },
				"east": { "uv": [ 4.96, 0.96, 7.04, 3.04 ], "texture": "#mesh_palette" }
			}
		},
		{
			"__comment": "Voxels-BC8148",
			"from": [ 6.5, -0.5, 7.5 ],
			"to": [ 7, 2, 8.5 ],
			"faces": {
				"down": { "uv": [ 4.96, 0.96, 7.04, 3.04 ], "texture": "#mesh_palette" },
				"up": { "uv": [ 4.96, 0.96, 7.04, 3.04 ], "texture": "#mesh_palette" },
				"north": { "uv": [ 4.96, 0.96, 7.04, 3.04 ], "texture": "#mesh_palette" },
				"south": { "uv": [ 4.96, 0.96, 7.04, 3.04 ], "texture": "#mesh_palette" },
				"west": { "uv": [ 4.96, 0.96, 7.04, 3.04 ], "texture": "#mesh_palette" },
				"east": { "uv": [ 4.96, 0.96, 7.04, 3.04 ], "texture": "#mesh_palette" }
			}
		},
		{
			"__comment": "Voxels-BC8148",
			"from": [ 6.5, -0.5, 8.5 ],
			"to": [ 7.5, 0, 9 ],
			"faces": {
				"down": { "uv": [ 4.96, 0.96, 7.04, 3.04 ], "texture": "#mesh_palette" },
				"up": { "uv": [ 4.96, 0.96, 7.04, 3.04 ], "texture": "#mesh_palette" },
				"north": { "uv": [ 4.96, 0.96, 7.04, 3.04 ], "texture": "#mesh_palette" },
				"south": { "uv": [ 4.96, 0.96, 7.04, 3.04 ], "texture": "#mesh_palette" },
				"west": { "uv": [ 4.96, 0.96, 7.04, 3.04 ], "texture": "#mesh_palette" },
				"east": { "uv": [ 4.96, 0.96, 7.04, 3.04 ], "texture": "#mesh_palette" }
			}
		},
		{
			"__comment": "Voxels-BC8148",
			"from": [ 6.5, 0, 6.5 ],
			"to": [ 9.5, 1, 7 ],
			"faces": {
				"down": { "uv": [ 4.96, 0.96, 7.04, 3.04 ], "texture": "#mesh_palette" },
				"up": { "uv": [ 4.96, 0.96, 7.04, 3.04 ], "texture": "#mesh_palette" },
				"north": { "uv": [ 4.96, 0.96, 7.04, 3.04 ], "texture": "#mesh_palette" },
				"south": { "uv": [ 4.96, 0.96, 7.04, 3.04 ], "texture": "#mesh_palette" },
				"west": { "uv": [ 4.96, 0.96, 7.04, 3.04 ], "texture": "#mesh_palette" },
				"east": { "uv": [ 4.96, 0.96, 7.04, 3.04 ], "texture": "#mesh_palette" }
			}
		},
		{
			"__comment": "Voxels-BC8148",
			"from": [ 6.5, 0, 7 ],
			"to": [ 7, 1.5, 7.5 ],
			"faces": {
				"down": { "uv": [ 4.96, 0.96, 7.04, 3.04 ], "texture": "#mesh_palette" },
				"up": { "uv": [ 4.96, 0.96, 7.04, 3.04 ], "texture": "#mesh_palette" },
				"north": { "uv": [ 4.96, 0.96, 7.04, 3.04 ], "texture": "#mesh_palette" },
				"south": { "uv": [ 4.96, 0.96, 7.04, 3.04 ], "texture": "#mesh_palette" },
				"west": { "uv": [ 4.96, 0.96, 7.04, 3.04 ], "texture": "#mesh_palette" },
				"east": { "uv": [ 4.96, 0.96, 7.04, 3.04 ], "texture": "#mesh_palette" }
			}
		},
		{
			"__comment": "Voxels-BC8148",
			"from": [ 6.5, 0, 8.5 ],
			"to": [ 7, 1.5, 9 ],
			"faces": {
				"down": { "uv": [ 4.96, 0.96, 7.04, 3.04 ], "texture": "#mesh_palette" },
				"up": { "uv": [ 4.96, 0.96, 7.04, 3.04 ], "texture": "#mesh_palette" },
				"north": { "uv": [ 4.96, 0.96, 7.04, 3.04 ], "texture": "#mesh_palette" },
				"south": { "uv": [ 4.96, 0.96, 7.04, 3.04 ], "texture": "#mesh_palette" },
				"west": { "uv": [ 4.96, 0.96, 7.04, 3.04 ], "texture": "#mesh_palette" },
				"east": { "uv": [ 4.96, 0.96, 7.04, 3.04 ], "texture": "#mesh_palette" }
			}
		},
		{
			"__comment": "Voxels-BC8148",
			"from": [ 6.5, 0, 9 ],
			"to": [ 9.5, 1, 9.5 ],
			"faces": {
				"down": { "uv": [ 4.96, 0.96, 7.04, 3.04 ], "texture": "#mesh_palette" },
				"up": { "uv": [ 4.96, 0.96, 7.04, 3.04 ], "texture": "#mesh_palette" },
				"north": { "uv": [ 4.96, 0.96, 7.04, 3.04 ], "texture": "#mesh_palette" },
				"south": { "uv": [ 4.96, 0.96, 7.04, 3.04 ], "texture": "#mesh_palette" },
				"west": { "uv": [ 4.96, 0.96, 7.04, 3.04 ], "texture": "#mesh_palette" },
				"east": { "uv": [ 4.96, 0.96, 7.04, 3.04 ], "texture": "#mesh_palette" }
			}
		},
		{
			"__comment": "Voxels-BC8148",
			"from": [ 6.5, 4, 7 ],
			"to": [ 9.5, 4.5, 9 ],
			"faces": {
				"down": { "uv": [ 4.96, 0.96, 7.04, 3.04 ], "texture": "#mesh_palette" },
				"up": { "uv": [ 4.96, 0.96, 7.04, 3.04 ], "texture": "#mesh_palette" },
				"north": { "uv": [ 4.96, 0.96, 7.04, 3.04 ], "texture": "#mesh_palette" },
				"south": { "uv": [ 4.96, 0.96, 7.04, 3.04 ], "texture": "#mesh_palette" },
				"west": { "uv": [ 4.96, 0.96, 7.04, 3.04 ], "texture": "#mesh_palette" },
				"east": { "uv": [ 4.96, 0.96, 7.04, 3.04 ], "texture": "#mesh_palette" }
			}
		},
		{
			"__comment": "Voxels-BC8148",
			"from": [ 6.5, 4.5, 7 ],
			"to": [ 7.5, 10.5, 7.5 ],
			"faces": {
				"down": { "uv": [ 4.96, 0.96, 7.04, 3.04 ], "texture": "#mesh_palette" },
				"up": { "uv": [ 4.96, 0.96, 7.04, 3.04 ], "texture": "#mesh_palette" },
				"north": { "uv": [ 4.96, 0.96, 7.04, 3.04 ], "texture": "#mesh_palette" },
				"south": { "uv": [ 4.96, 0.96, 7.04, 3.04 ], "texture": "#mesh_palette" },
				"west": { "uv": [ 4.96, 0.96, 7.04, 3.04 ], "texture": "#mesh_palette" },
				"east": { "uv": [ 4.96, 0.96, 7.04, 3.04 ], "texture": "#mesh_palette" }
			}
		},
		{
			"__comment": "Voxels-BC8148",
			"from": [ 6.5, 4.5, 7.5 ],
			"to": [ 7, 10.5, 9 ],
			"faces": {
				"down": { "uv": [ 4.96, 0.96, 7.04, 3.04 ], "texture": "#mesh_palette" },
				"up": { "uv": [ 4.96, 0.96, 7.04, 3.04 ], "texture": "#mesh_palette" },
				"north": { "uv": [ 4.96, 0.96, 7.04, 3.04 ], "texture": "#mesh_palette" },
				"south": { "uv": [ 4.96, 0.96, 7.04, 3.04 ], "texture": "#mesh_palette" },
				"west": { "uv": [ 4.96, 0.96, 7.04, 3.04 ], "texture": "#mesh_palette" },
				"east": { "uv": [ 4.96, 0.96, 7.04, 3.04 ], "texture": "#mesh_palette" }
			}
		},
		{
			"__comment": "Voxels-B88654",
			"from": [ 6.5, 23, 7.5 ],
			"to": [ 9.5, 23.5, 8.5 ],
			"faces": {
				"down": { "uv": [ 12.96, 0.96, 15.04, 3.04 ], "texture": "#mesh_palette" },
				"up": { "uv": [ 12.96, 0.96, 15.04, 3.04 ], "texture": "#mesh_palette" },
				"north": { "uv": [ 12.96, 0.96, 15.04, 3.04 ], "texture": "#mesh_palette" },
				"south": { "uv": [ 12.96, 0.96, 15.04, 3.04 ], "texture": "#mesh_palette" },
				"west": { "uv": [ 12.96, 0.96, 15.04, 3.04 ], "texture": "#mesh_palette" },
				"east": { "uv": [ 12.96, 0.96, 15.04, 3.04 ], "texture": "#mesh_palette" }
			}
		},
		{
			"__comment": "Voxels-B88654",
			"from": [ 6.5, 23.5, 7 ],
			"to": [ 7.5, 24.5, 7.5 ],
			"faces": {
				"down": { "uv": [ 12.96, 0.96, 15.04, 3.04 ], "texture": "#mesh_palette" },
				"up": { "uv": [ 12.96, 0.96, 15.04, 3.04 ], "texture": "#mesh_palette" },
				"north": { "uv": [ 12.96, 0.96, 15.04, 3.04 ], "texture": "#mesh_palette" },
				"south": { "uv": [ 12.96, 0.96, 15.04, 3.04 ], "texture": "#mesh_palette" },
				"west": { "uv": [ 12.96, 0.96, 15.04, 3.04 ], "texture": "#mesh_palette" },
				"east": { "uv": [ 12.96, 0.96, 15.04, 3.04 ], "texture": "#mesh_palette" }
			}
		},
		{
			"__comment": "Voxels-B88654",
			"from": [ 6.5, 23.5, 7.5 ],
			"to": [ 7, 25, 8.5 ],
			"faces": {
				"down": { "uv": [ 12.96, 0.96, 15.04, 3.04 ], "texture": "#mesh_palette" },
				"up": { "uv": [ 12.96, 0.96, 15.04, 3.04 ], "texture": "#mesh_palette" },
				"north": { "uv": [ 12.96, 0.96, 15.04, 3.04 ], "texture": "#mesh_palette" },
				"south": { "uv": [ 12.96, 0.96, 15.04, 3.04 ], "texture": "#mesh_palette" },
				"west": { "uv": [ 12.96, 0.96, 15.04, 3.04 ], "texture": "#mesh_palette" },
				"east": { "uv": [ 12.96, 0.96, 15.04, 3.04 ], "texture": "#mesh_palette" }
			}
		},
		{
			"__comment": "Voxels-B88654",
			"from": [ 6.5, 23.5, 8.5 ],
			"to": [ 7.5, 24.5, 9 ],
			"faces": {
				"down": { "uv": [ 12.96, 0.96, 15.04, 3.04 ], "texture": "#mesh_palette" },
				"up": { "uv": [ 12.96, 0.96, 15.04, 3.04 ], "texture": "#mesh_palette" },
				"north": { "uv": [ 12.96, 0.96, 15.04, 3.04 ], "texture": "#mesh_palette" },
				"south": { "uv": [ 12.96, 0.96, 15.04, 3.04 ], "texture": "#mesh_palette" },
				"west": { "uv": [ 12.96, 0.96, 15.04, 3.04 ], "texture": "#mesh_palette" },
				"east": { "uv": [ 12.96, 0.96, 15.04, 3.04 ], "texture": "#mesh_palette" }
			}
		},
		{
			"__comment": "Voxels-BC8148",
			"from": [ 7, -1.5, 7.5 ],
			"to": [ 9, -1, 8.5 ],
			"faces": {
				"down": { "uv": [ 4.96, 0.96, 7.04, 3.04 ], "texture": "#mesh_palette" },
				"up": { "uv": [ 4.96, 0.96, 7.04, 3.04 ], "texture": "#mesh_palette" },
				"north": { "uv": [ 4.96, 0.96, 7.04, 3.04 ], "texture": "#mesh_palette" },
				"south": { "uv": [ 4.96, 0.96, 7.04, 3.04 ], "texture": "#mesh_palette" },
				"west": { "uv": [ 4.96, 0.96, 7.04, 3.04 ], "texture": "#mesh_palette" },
				"east": { "uv": [ 4.96, 0.96, 7.04, 3.04 ], "texture": "#mesh_palette" }
			}
		},
		{
			"__comment": "Voxels-BC8148",
			"from": [ 7, -1, 7 ],
			"to": [ 9, -0.5, 7.5 ],
			"faces": {
				"down": { "uv": [ 4.96, 0.96, 7.04, 3.04 ], "texture": "#mesh_palette" },
				"up": { "uv": [ 4.96, 0.96, 7.04, 3.04 ], "texture": "#mesh_palette" },
				"north": { "uv": [ 4.96, 0.96, 7.04, 3.04 ], "texture": "#mesh_palette" },
				"south": { "uv": [ 4.96, 0.96, 7.04, 3.04 ], "texture": "#mesh_palette" },
				"west": { "uv": [ 4.96, 0.96, 7.04, 3.04 ], "texture": "#mesh_palette" },
				"east": { "uv": [ 4.96, 0.96, 7.04, 3.04 ], "texture": "#mesh_palette" }
			}
		},
		{
			"__comment": "Voxels-BC8148",
			"from": [ 7, -1, 8.5 ],
			"to": [ 9, -0.5, 9 ],
			"faces": {
				"down": { "uv": [ 4.96, 0.96, 7.04, 3.04 ], "texture": "#mesh_palette" },
				"up": { "uv": [ 4.96, 0.96, 7.04, 3.04 ], "texture": "#mesh_palette" },
				"north": { "uv": [ 4.96, 0.96, 7.04, 3.04 ], "texture": "#mesh_palette" },
				"south": { "uv": [ 4.96, 0.96, 7.04, 3.04 ], "texture": "#mesh_palette" },
				"west": { "uv": [ 4.96, 0.96, 7.04, 3.04 ], "texture": "#mesh_palette" },
				"east": { "uv": [ 4.96, 0.96, 7.04, 3.04 ], "texture": "#mesh_palette" }
			}
		},
		{
			"__comment": "Voxels-BC8148",
			"from": [ 7, -0.5, 6.5 ],
			"to": [ 9, 0, 7 ],
			"faces": {
				"down": { "uv": [ 4.96, 0.96, 7.04, 3.04 ], "texture": "#mesh_palette" },
				"up": { "uv": [ 4.96, 0.96, 7.04, 3.04 ], "texture": "#mesh_palette" },
				"north": { "uv": [ 4.96, 0.96, 7.04, 3.04 ], "texture": "#mesh_palette" },
				"south": { "uv": [ 4.96, 0.96, 7.04, 3.04 ], "texture": "#mesh_palette" },
				"west": { "uv": [ 4.96, 0.96, 7.04, 3.04 ], "texture": "#mesh_palette" },
				"east": { "uv": [ 4.96, 0.96, 7.04, 3.04 ], "texture": "#mesh_palette" }
			}
		},
		{
			"__comment": "Voxels-BC8148",
			"from": [ 7, -0.5, 9 ],
			"to": [ 9, 0, 9.5 ],
			"faces": {
				"down": { "uv": [ 4.96, 0.96, 7.04, 3.04 ], "texture": "#mesh_palette" },
				"up": { "uv": [ 4.96, 0.96, 7.04, 3.04 ], "texture": "#mesh_palette" },
				"north": { "uv": [ 4.96, 0.96, 7.04, 3.04 ], "texture": "#mesh_palette" },
				"south": { "uv": [ 4.96, 0.96, 7.04, 3.04 ], "texture": "#mesh_palette" },
				"west": { "uv": [ 4.96, 0.96, 7.04, 3.04 ], "texture": "#mesh_palette" },
				"east": { "uv": [ 4.96, 0.96, 7.04, 3.04 ], "texture": "#mesh_palette" }
			}
		},
		{
			"__comment": "Voxels-BC8148",
			"from": [ 7, 1, 6.5 ],
			"to": [ 9, 1.5, 7 ],
			"faces": {
				"down": { "uv": [ 4.96, 0.96, 7.04, 3.04 ], "texture": "#mesh_palette" },
				"up": { "uv": [ 4.96, 0.96, 7.04, 3.04 ], "texture": "#mesh_palette" },
				"north": { "uv": [ 4.96, 0.96, 7.04, 3.04 ], "texture": "#mesh_palette" },
				"south": { "uv": [ 4.96, 0.96, 7.04, 3.04 ], "texture": "#mesh_palette" },
				"west": { "uv": [ 4.96, 0.96, 7.04, 3.04 ], "texture": "#mesh_palette" },
				"east": { "uv": [ 4.96, 0.96, 7.04, 3.04 ], "texture": "#mesh_palette" }
			}
		},
		{
			"__comment": "Voxels-BC8148",
			"from": [ 7, 1, 7 ],
			"to": [ 7.5, 2, 7.5 ],
			"faces": {
				"down": { "uv": [ 4.96, 0.96, 7.04, 3.04 ], "texture": "#mesh_palette" },
				"up": { "uv": [ 4.96, 0.96, 7.04, 3.04 ], "texture": "#mesh_palette" },
				"north": { "uv": [ 4.96, 0.96, 7.04, 3.04 ], "texture": "#mesh_palette" },
				"south": { "uv": [ 4.96, 0.96, 7.04, 3.04 ], "texture": "#mesh_palette" },
				"west": { "uv": [ 4.96, 0.96, 7.04, 3.04 ], "texture": "#mesh_palette" },
				"east": { "uv": [ 4.96, 0.96, 7.04, 3.04 ], "texture": "#mesh_palette" }
			}
		},
		{
			"__comment": "Voxels-BC8148",
			"from": [ 7, 1, 8.5 ],
			"to": [ 7.5, 2, 9 ],
			"faces": {
				"down": { "uv": [ 4.96, 0.96, 7.04, 3.04 ], "texture": "#mesh_palette" },
				"up": { "uv": [ 4.96, 0.96, 7.04, 3.04 ], "texture": "#mesh_palette" },
				"north": { "uv": [ 4.96, 0.96, 7.04, 3.04 ], "texture": "#mesh_palette" },
				"south": { "uv": [ 4.96, 0.96, 7.04, 3.04 ], "texture": "#mesh_palette" },
				"west": { "uv": [ 4.96, 0.96, 7.04, 3.04 ], "texture": "#mesh_palette" },
				"east": { "uv": [ 4.96, 0.96, 7.04, 3.04 ], "texture": "#mesh_palette" }
			}
		},
		{
			"__comment": "Voxels-BC8148",
			"from": [ 7, 1, 9 ],
			"to": [ 9, 1.5, 9.5 ],
			"faces": {
				"down": { "uv": [ 4.96, 0.96, 7.04, 3.04 ], "texture": "#mesh_palette" },
				"up": { "uv": [ 4.96, 0.96, 7.04, 3.04 ], "texture": "#mesh_palette" },
				"north": { "uv": [ 4.96, 0.96, 7.04, 3.04 ], "texture": "#mesh_palette" },
				"south": { "uv": [ 4.96, 0.96, 7.04, 3.04 ], "texture": "#mesh_palette" },
				"west": { "uv": [ 4.96, 0.96, 7.04, 3.04 ], "texture": "#mesh_palette" },
				"east": { "uv": [ 4.96, 0.96, 7.04, 3.04 ], "texture": "#mesh_palette" }
			}
		},
		{
			"__comment": "Voxels-BC8148",
			"from": [ 7, 1.5, 7.5 ],
			"to": [ 9.5, 2, 8.5 ],
			"faces": {
				"down": { "uv": [ 4.96, 0.96, 7.04, 3.04 ], "texture": "#mesh_palette" },
				"up": { "uv": [ 4.96, 0.96, 7.04, 3.04 ], "texture": "#mesh_palette" },
				"north": { "uv": [ 4.96, 0.96, 7.04, 3.04 ], "texture": "#mesh_palette" },
				"south": { "uv": [ 4.96, 0.96, 7.04, 3.04 ], "texture": "#mesh_palette" },
				"west": { "uv": [ 4.96, 0.96, 7.04, 3.04 ], "texture": "#mesh_palette" },
				"east": { "uv": [ 4.96, 0.96, 7.04, 3.04 ], "texture": "#mesh_palette" }
			}
		},
		{
			"__comment": "Voxels-BC8148",
			"from": [ 7, 2, 7.5 ],
			"to": [ 7.5, 4, 8.5 ],
			"faces": {
				"down": { "uv": [ 4.96, 0.96, 7.04, 3.04 ], "texture": "#mesh_palette" },
				"up": { "uv": [ 4.96, 0.96, 7.04, 3.04 ], "texture": "#mesh_palette" },
				"north": { "uv": [ 4.96, 0.96, 7.04, 3.04 ], "texture": "#mesh_palette" },
				"south": { "uv": [ 4.96, 0.96, 7.04, 3.04 ], "texture": "#mesh_palette" },
				"west": { "uv": [ 4.96, 0.96, 7.04, 3.04 ], "texture": "#mesh_palette" },
				"east": { "uv": [ 4.96, 0.96, 7.04, 3.04 ], "texture": "#mesh_palette" }
			}
		},
		{
			"__comment": "Voxels-BC8148",
			"from": [ 7, 3.5, 7 ],
			"to": [ 9, 4, 7.5 ],
			"faces": {
				"down": { "uv": [ 4.96, 0.96, 7.04, 3.04 ], "texture": "#mesh_palette" },
				"up": { "uv": [ 4.96, 0.96, 7.04, 3.04 ], "texture": "#mesh_palette" },
				"north": { "uv": [ 4.96, 0.96, 7.04, 3.04 ], "texture": "#mesh_palette" },
				"south": { "uv": [ 4.96, 0.96, 7.04, 3.04 ], "texture": "#mesh_palette" },
				"west": { "uv": [ 4.96, 0.96, 7.04, 3.04 ], "texture": "#mesh_palette" },
				"east": { "uv": [ 4.96, 0.96, 7.04, 3.04 ], "texture": "#mesh_palette" }
			}
		},
		{
			"__comment": "Voxels-BC8148",
			"from": [ 7, 3.5, 8.5 ],
			"to": [ 9, 4, 9 ],
			"faces": {
				"down": { "uv": [ 4.96, 0.96, 7.04, 3.04 ], "texture": "#mesh_palette" },
				"up": { "uv": [ 4.96, 0.96, 7.04, 3.04 ], "texture": "#mesh_palette" },
				"north": { "uv": [ 4.96, 0.96, 7.04, 3.04 ], "texture": "#mesh_palette" },
				"south": { "uv": [ 4.96, 0.96, 7.04, 3.04 ], "texture": "#mesh_palette" },
				"west": { "uv": [ 4.96, 0.96, 7.04, 3.04 ], "texture": "#mesh_palette" },
				"east": { "uv": [ 4.96, 0.96, 7.04, 3.04 ], "texture": "#mesh_palette" }
			}
		},
		{
			"__comment": "Voxels-BC8148",
			"from": [ 7, 4, 6.5 ],
			"to": [ 9, 4.5, 7 ],
			"faces": {
				"down": { "uv": [ 4.96, 0.96, 7.04, 3.04 ], "texture": "#mesh_palette" },
				"up": { "uv": [ 4.96, 0.96, 7.04, 3.04 ], "texture": "#mesh_palette" },
				"north": { "uv": [ 4.96, 0.96, 7.04, 3.04 ], "texture": "#mesh_palette" },
				"south": { "uv": [ 4.96, 0.96, 7.04, 3.04 ], "texture": "#mesh_palette" },
				"west": { "uv": [ 4.96, 0.96, 7.04, 3.04 ], "texture": "#mesh_palette" },
				"east": { "uv": [ 4.96, 0.96, 7.04, 3.04 ], "texture": "#mesh_palette" }
			}
		},
		{
			"__comment": "Voxels-BC8148",
			"from": [ 7, 4, 9 ],
			"to": [ 9, 4.5, 9.5 ],
			"faces": {
				"down": { "uv": [ 4.96, 0.96, 7.04, 3.04 ], "texture": "#mesh_palette" },
				"up": { "uv": [ 4.96, 0.96, 7.04, 3.04 ], "texture": "#mesh_palette" },
				"north": { "uv": [ 4.96, 0.96, 7.04, 3.04 ], "texture": "#mesh_palette" },
				"south": { "uv": [ 4.96, 0.96, 7.04, 3.04 ], "texture": "#mesh_palette" },
				"west": { "uv": [ 4.96, 0.96, 7.04, 3.04 ], "texture": "#mesh_palette" },
				"east": { "uv": [ 4.96, 0.96, 7.04, 3.04 ], "texture": "#mesh_palette" }
			}
		},
		{
			"__comment": "Voxels-BC8148",
			"from": [ 7, 4.5, 6.5 ],
			"to": [ 7.5, 5, 7 ],
			"faces": {
				"down": { "uv": [ 4.96, 0.96, 7.04, 3.04 ], "texture": "#mesh_palette" },
				"up": { "uv": [ 4.96, 0.96, 7.04, 3.04 ], "texture": "#mesh_palette" },
				"north": { "uv": [ 4.96, 0.96, 7.04, 3.04 ], "texture": "#mesh_palette" },
				"south": { "uv": [ 4.96, 0.96, 7.04, 3.04 ], "texture": "#mesh_palette" },
				"west": { "uv": [ 4.96, 0.96, 7.04, 3.04 ], "texture": "#mesh_palette" },
				"east": { "uv": [ 4.96, 0.96, 7.04, 3.04 ], "texture": "#mesh_palette" }
			}
		},
		{
			"__comment": "Voxels-BC8148",
			"from": [ 7, 4.5, 8.5 ],
			"to": [ 7.5, 10.5, 9 ],
			"faces": {
				"down": { "uv": [ 4.96, 0.96, 7.04, 3.04 ], "texture": "#mesh_palette" },
				"up": { "uv": [ 4.96, 0.96, 7.04, 3.04 ], "texture": "#mesh_palette" },
				"north": { "uv": [ 4.96, 0.96, 7.04, 3.04 ], "texture": "#mesh_palette" },
				"south": { "uv": [ 4.96, 0.96, 7.04, 3.04 ], "texture": "#mesh_palette" },
				"west": { "uv": [ 4.96, 0.96, 7.04, 3.04 ], "texture": "#mesh_palette" },
				"east": { "uv": [ 4.96, 0.96, 7.04, 3.04 ], "texture": "#mesh_palette" }
			}
		},
		{
			"__comment": "Voxels-BC8148",
			"from": [ 7, 4.5, 9 ],
			"to": [ 7.5, 5, 9.5 ],
			"faces": {
				"down": { "uv": [ 4.96, 0.96, 7.04, 3.04 ], "texture": "#mesh_palette" },
				"up": { "uv": [ 4.96, 0.96, 7.04, 3.04 ], "texture": "#mesh_palette" },
				"north": { "uv": [ 4.96, 0.96, 7.04, 3.04 ], "texture": "#mesh_palette" },
				"south": { "uv": [ 4.96, 0.96, 7.04, 3.04 ], "texture": "#mesh_palette" },
				"west": { "uv": [ 4.96, 0.96, 7.04, 3.04 ], "texture": "#mesh_palette" },
				"east": { "uv": [ 4.96, 0.96, 7.04, 3.04 ], "texture": "#mesh_palette" }
			}
		},
		{
			"__comment": "Voxels-DEB369",
			"from": [ 7, 5, 6.5 ],
			"to": [ 9, 9.5, 7 ],
			"faces": {
				"down": { "uv": [ 8.96, 0.96, 11.04, 3.04 ], "texture": "#mesh_palette" },
				"up": { "uv": [ 8.96, 0.96, 11.04, 3.04 ], "texture": "#mesh_palette" },
				"north": { "uv": [ 8.96, 0.96, 11.04, 3.04 ], "texture": "#mesh_palette" },
				"south": { "uv": [ 8.96, 0.96, 11.04, 3.04 ], "texture": "#mesh_palette" },
				"west": { "uv": [ 8.96, 0.96, 11.04, 3.04 ], "texture": "#mesh_palette" },
				"east": { "uv": [ 8.96, 0.96, 11.04, 3.04 ], "texture": "#mesh_palette" }
			}
		},
		{
			"__comment": "Voxels-DEB369",
			"from": [ 7, 5, 9 ],
			"to": [ 9, 9.5, 9.5 ],
			"faces": {
				"down": { "uv": [ 8.96, 0.96, 11.04, 3.04 ], "texture": "#mesh_palette" },
				"up": { "uv": [ 8.96, 0.96, 11.04, 3.04 ], "texture": "#mesh_palette" },
				"north": { "uv": [ 8.96, 0.96, 11.04, 3.04 ], "texture": "#mesh_palette" },
				"south": { "uv": [ 8.96, 0.96, 11.04, 3.04 ], "texture": "#mesh_palette" },
				"west": { "uv": [ 8.96, 0.96, 11.04, 3.04 ], "texture": "#mesh_palette" },
				"east": { "uv": [ 8.96, 0.96, 11.04, 3.04 ], "texture": "#mesh_palette" }
			}
		},
		{
			"__comment": "Voxels-BC8148",
			"from": [ 7, 9.5, 6.5 ],
			"to": [ 7.5, 10.5, 7 ],
			"faces": {
				"down": { "uv": [ 4.96, 0.96, 7.04, 3.04 ], "texture": "#mesh_palette" },
				"up": { "uv": [ 4.96, 0.96, 7.04, 3.04 ], "texture": "#mesh_palette" },
				"north": { "uv": [ 4.96, 0.96, 7.04, 3.04 ], "texture": "#mesh_palette" },
				"south": { "uv": [ 4.96, 0.96, 7.04, 3.04 ], "texture": "#mesh_palette" },
				"west": { "uv": [ 4.96, 0.96, 7.04, 3.04 ], "texture": "#mesh_palette" },
				"east": { "uv": [ 4.96, 0.96, 7.04, 3.04 ], "texture": "#mesh_palette" }
			}
		},
		{
			"__comment": "Voxels-BC8148",
			"from": [ 7, 9.5, 9 ],
			"to": [ 7.5, 10.5, 9.5 ],
			"faces": {
				"down": { "uv": [ 4.96, 0.96, 7.04, 3.04 ], "texture": "#mesh_palette" },
				"up": { "uv": [ 4.96, 0.96, 7.04, 3.04 ], "texture": "#mesh_palette" },
				"north": { "uv": [ 4.96, 0.96, 7.04, 3.04 ], "texture": "#mesh_palette" },
				"south": { "uv": [ 4.96, 0.96, 7.04, 3.04 ], "texture": "#mesh_palette" },
				"west": { "uv": [ 4.96, 0.96, 7.04, 3.04 ], "texture": "#mesh_palette" },
				"east": { "uv": [ 4.96, 0.96, 7.04, 3.04 ], "texture": "#mesh_palette" }
			}
		},
		{
			"__comment": "Voxels-BC8148",
			"from": [ 7, 10, 7.5 ],
			"to": [ 9.5, 10.5, 8.5 ],
			"faces": {
				"down": { "uv": [ 4.96, 0.96, 7.04, 3.04 ], "texture": "#mesh_palette" },
				"up": { "uv": [ 4.96, 0.96, 7.04, 3.04 ], "texture": "#mesh_palette" },
				"north": { "uv": [ 4.96, 0.96, 7.04, 3.04 ], "texture": "#mesh_palette" },
				"south": { "uv": [ 4.96, 0.96, 7.04, 3.04 ], "texture": "#mesh_palette" },
				"west": { "uv": [ 4.96, 0.96, 7.04, 3.04 ], "texture": "#mesh_palette" },
				"east": { "uv": [ 4.96, 0.96, 7.04, 3.04 ], "texture": "#mesh_palette" }
			}
		},
		{
			"__comment": "Voxels-B88654",
			"from": [ 7, 10.5, 7 ],
			"to": [ 9, 11, 7.5 ],
			"faces": {
				"down": { "uv": [ 12.96, 0.96, 15.04, 3.04 ], "texture": "#mesh_palette" },
				"up": { "uv": [ 12.96, 0.96, 15.04, 3.04 ], "texture": "#mesh_palette" },
				"north": { "uv": [ 12.96, 0.96, 15.04, 3.04 ], "texture": "#mesh_palette" },
				"south": { "uv": [ 12.96, 0.96, 15.04, 3.04 ], "texture": "#mesh_palette" },
				"west": { "uv": [ 12.96, 0.96, 15.04, 3.04 ], "texture": "#mesh_palette" },
				"east": { "uv": [ 12.96, 0.96, 15.04, 3.04 ], "texture": "#mesh_palette" }
			}
		},
		{
			"__comment": "Voxels-B88654",
			"from": [ 7, 10.5, 7.5 ],
			"to": [ 7.5, 23, 8.5 ],
			"faces": {
				"down": { "uv": [ 12.96, 0.96, 15.04, 3.04 ], "texture": "#mesh_palette" },
				"up": { "uv": [ 12.96, 0.96, 15.04, 3.04 ], "texture": "#mesh_palette" },
				"north": { "uv": [ 12.96, 0.96, 15.04, 3.04 ], "texture": "#mesh_palette" },
				"south": { "uv": [ 12.96, 0.96, 15.04, 3.04 ], "texture": "#mesh_palette" },
				"west": { "uv": [ 12.96, 0.96, 15.04, 3.04 ], "texture": "#mesh_palette" },
				"east": { "uv": [ 12.96, 0.96, 15.04, 3.04 ], "texture": "#mesh_palette" }
			}
		},
		{
			"__comment": "Voxels-B88654",
			"from": [ 7, 10.5, 8.5 ],
			"to": [ 9, 11, 9 ],
			"faces": {
				"down": { "uv": [ 12.96, 0.96, 15.04, 3.04 ], "texture": "#mesh_palette" },
				"up": { "uv": [ 12.96, 0.96, 15.04, 3.04 ], "texture": "#mesh_palette" },
				"north": { "uv": [ 12.96, 0.96, 15.04, 3.04 ], "texture": "#mesh_palette" },
				"south": { "uv": [ 12.96, 0.96, 15.04, 3.04 ], "texture": "#mesh_palette" },
				"west": { "uv": [ 12.96, 0.96, 15.04, 3.04 ], "texture": "#mesh_palette" },
				"east": { "uv": [ 12.96, 0.96, 15.04, 3.04 ], "texture": "#mesh_palette" }
			}
		},
		{
			"__comment": "Voxels-B88654",
			"from": [ 7, 23, 7 ],
			"to": [ 9, 23.5, 7.5 ],
			"faces": {
				"down": { "uv": [ 12.96, 0.96, 15.04, 3.04 ], "texture": "#mesh_palette" },
				"up": { "uv": [ 12.96, 0.96, 15.04, 3.04 ], "texture": "#mesh_palette" },
				"north": { "uv": [ 12.96, 0.96, 15.04, 3.04 ], "texture": "#mesh_palette" },
				"south": { "uv": [ 12.96, 0.96, 15.04, 3.04 ], "texture": "#mesh_palette" },
				"west": { "uv": [ 12.96, 0.96, 15.04, 3.04 ], "texture": "#mesh_palette" },
				"east": { "uv": [ 12.96, 0.96, 15.04, 3.04 ], "texture": "#mesh_palette" }
			}
		},
		{
			"__comment": "Voxels-B88654",
			"from": [ 7, 23, 8.5 ],
			"to": [ 9, 23.5, 9 ],
			"faces": {
				"down": { "uv": [ 12.96, 0.96, 15.04, 3.04 ], "texture": "#mesh_palette" },
				"up": { "uv": [ 12.96, 0.96, 15.04, 3.04 ], "texture": "#mesh_palette" },
				"north": { "uv": [ 12.96, 0.96, 15.04, 3.04 ], "texture": "#mesh_palette" },
				"south": { "uv": [ 12.96, 0.96, 15.04, 3.04 ], "texture": "#mesh_palette" },
				"west": { "uv": [ 12.96, 0.96, 15.04, 3.04 ], "texture": "#mesh_palette" },
				"east": { "uv": [ 12.96, 0.96, 15.04, 3.04 ], "texture": "#mesh_palette" }
			}
		},
		{
			"__comment": "Voxels-B88654",
			"from": [ 7, 23.5, 6.5 ],
			"to": [ 9, 24.5, 7 ],
			"faces": {
				"down": { "uv": [ 12.96, 0.96, 15.04, 3.04 ], "texture": "#mesh_palette" },
				"up": { "uv": [ 12.96, 0.96, 15.04, 3.04 ], "texture": "#mesh_palette" },
				"north": { "uv": [ 12.96, 0.96, 15.04, 3.04 ], "texture": "#mesh_palette" },
				"south": { "uv": [ 12.96, 0.96, 15.04, 3.04 ], "texture": "#mesh_palette" },
				"west": { "uv": [ 12.96, 0.96, 15.04, 3.04 ], "texture": "#mesh_palette" },
				"east": { "uv": [ 12.96, 0.96, 15.04, 3.04 ], "texture": "#mesh_palette" }
			}
		},
		{
			"__comment": "Voxels-B88654",
			"from": [ 7, 23.5, 9 ],
			"to": [ 9, 24.5, 9.5 ],
			"faces": {
				"down": { "uv": [ 12.96, 0.96, 15.04, 3.04 ], "texture": "#mesh_palette" },
				"up": { "uv": [ 12.96, 0.96, 15.04, 3.04 ], "texture": "#mesh_palette" },
				"north": { "uv": [ 12.96, 0.96, 15.04, 3.04 ], "texture": "#mesh_palette" },
				"south": { "uv": [ 12.96, 0.96, 15.04, 3.04 ], "texture": "#mesh_palette" },
				"west": { "uv": [ 12.96, 0.96, 15.04, 3.04 ], "texture": "#mesh_palette" },
				"east": { "uv": [ 12.96, 0.96, 15.04, 3.04 ], "texture": "#mesh_palette" }
			}
		},
		{
			"__comment": "Voxels-B88654",
			"from": [ 7, 24.5, 7 ],
			"to": [ 9, 25, 9 ],
			"faces": {
				"down": { "uv": [ 12.96, 0.96, 15.04, 3.04 ], "texture": "#mesh_palette" },
				"up": { "uv": [ 12.96, 0.96, 15.04, 3.04 ], "texture": "#mesh_palette" },
				"north": { "uv": [ 12.96, 0.96, 15.04, 3.04 ], "texture": "#mesh_palette" },
				"south": { "uv": [ 12.96, 0.96, 15.04, 3.04 ], "texture": "#mesh_palette" },
				"west": { "uv": [ 12.96, 0.96, 15.04, 3.04 ], "texture": "#mesh_palette" },
				"east": { "uv": [ 12.96, 0.96, 15.04, 3.04 ], "texture": "#mesh_palette" }
			}
		},
		{
			"__comment": "Voxels-B88654",
			"from": [ 7, 25, 7.5 ],
			"to": [ 9, 25.5, 8.5 ],
			"faces": {
				"down": { "uv": [ 12.96, 0.96, 15.04, 3.04 ], "texture": "#mesh_palette" },
				"up": { "uv": [ 12.96, 0.96, 15.04, 3.04 ], "texture": "#mesh_palette" },
				"north": { "uv": [ 12.96, 0.96, 15.04, 3.04 ], "texture": "#mesh_palette" },
				"south": { "uv": [ 12.96, 0.96, 15.04, 3.04 ], "texture": "#mesh_palette" },
				"west": { "uv": [ 12.96, 0.96, 15.04, 3.04 ], "texture": "#mesh_palette" },
				"east": { "uv": [ 12.96, 0.96, 15.04, 3.04 ], "texture": "#mesh_palette" }
			}
		},
		{
			"__comment": "Voxels-BC8148",
			"from": [ 7.5, -1.5, 7 ],
			"to": [ 8.5, -1, 7.5 ],
			"faces": {
				"down": { "uv": [ 4.96, 0.96, 7.04, 3.04 ], "texture": "#mesh_palette" },
				"up": { "uv": [ 4.96, 0.96, 7.04, 3.04 ], "texture": "#mesh_palette" },
				"north": { "uv": [ 4.96, 0.96, 7.04, 3.04 ], "texture": "#mesh_palette" },
				"south": { "uv": [ 4.96, 0.96, 7.04, 3.04 ], "texture": "#mesh_palette" },
				"west": { "uv": [ 4.96, 0.96, 7.04, 3.04 ], "texture": "#mesh_palette" },
				"east": { "uv": [ 4.96, 0.96, 7.04, 3.04 ], "texture": "#mesh_palette" }
			}
		},
		{
			"__comment": "Voxels-BC8148",
			"from": [ 7.5, -1.5, 8.5 ],
			"to": [ 8.5, -1, 9 ],
			"faces": {
				"down": { "uv": [ 4.96, 0.96, 7.04, 3.04 ], "texture": "#mesh_palette" },
				"up": { "uv": [ 4.96, 0.96, 7.04, 3.04 ], "texture": "#mesh_palette" },
				"north": { "uv": [ 4.96, 0.96, 7.04, 3.04 ], "texture": "#mesh_palette" },
				"south": { "uv": [ 4.96, 0.96, 7.04, 3.04 ], "texture": "#mesh_palette" },
				"west": { "uv": [ 4.96, 0.96, 7.04, 3.04 ], "texture": "#mesh_palette" },
				"east": { "uv": [ 4.96, 0.96, 7.04, 3.04 ], "texture": "#mesh_palette" }
			}
		},
		{
			"__comment": "Voxels-BC8148",
			"from": [ 7.5, -1, 6.5 ],
			"to": [ 8.5, -0.5, 7 ],
			"faces": {
				"down": { "uv": [ 4.96, 0.96, 7.04, 3.04 ], "texture": "#mesh_palette" },
				"up": { "uv": [ 4.96, 0.96, 7.04, 3.04 ], "texture": "#mesh_palette" },
				"north": { "uv": [ 4.96, 0.96, 7.04, 3.04 ], "texture": "#mesh_palette" },
				"south": { "uv": [ 4.96, 0.96, 7.04, 3.04 ], "texture": "#mesh_palette" },
				"west": { "uv": [ 4.96, 0.96, 7.04, 3.04 ], "texture": "#mesh_palette" },
				"east": { "uv": [ 4.96, 0.96, 7.04, 3.04 ], "texture": "#mesh_palette" }
			}
		},
		{
			"__comment": "Voxels-BC8148",
			"from": [ 7.5, -1, 9 ],
			"to": [ 8.5, -0.5, 9.5 ],
			"faces": {
				"down": { "uv": [ 4.96, 0.96, 7.04, 3.04 ], "texture": "#mesh_palette" },
				"up": { "uv": [ 4.96, 0.96, 7.04, 3.04 ], "texture": "#mesh_palette" },
				"north": { "uv": [ 4.96, 0.96, 7.04, 3.04 ], "texture": "#mesh_palette" },
				"south": { "uv": [ 4.96, 0.96, 7.04, 3.04 ], "texture": "#mesh_palette" },
				"west": { "uv": [ 4.96, 0.96, 7.04, 3.04 ], "texture": "#mesh_palette" },
				"east": { "uv": [ 4.96, 0.96, 7.04, 3.04 ], "texture": "#mesh_palette" }
			}
		},
		{
			"__comment": "Voxels-BC8148",
			"from": [ 7.5, 1, 7.5 ],
			"to": [ 8.5, 1.5, 8.5 ],
			"faces": {
				"down": { "uv": [ 4.96, 0.96, 7.04, 3.04 ], "texture": "#mesh_palette" },
				"up": { "uv": [ 4.96, 0.96, 7.04, 3.04 ], "texture": "#mesh_palette" },
				"north": { "uv": [ 4.96, 0.96, 7.04, 3.04 ], "texture": "#mesh_palette" },
				"south": { "uv": [ 4.96, 0.96, 7.04, 3.04 ], "texture": "#mesh_palette" },
				"west": { "uv": [ 4.96, 0.96, 7.04, 3.04 ], "texture": "#mesh_palette" },
				"east": { "uv": [ 4.96, 0.96, 7.04, 3.04 ], "texture": "#mesh_palette" }
			}
		},
		{
			"__comment": "Voxels-BC8148",
			"from": [ 7.5, 1.5, 6.5 ],
			"to": [ 8.5, 2, 7.5 ],
			"faces": {
				"down": { "uv": [ 4.96, 0.96, 7.04, 3.04 ], "texture": "#mesh_palette" },
				"up": { "uv": [ 4.96, 0.96, 7.04, 3.04 ], "texture": "#mesh_palette" },
				"north": { "uv": [ 4.96, 0.96, 7.04, 3.04 ], "texture": "#mesh_palette" },
				"south": { "uv": [ 4.96, 0.96, 7.04, 3.04 ], "texture": "#mesh_palette" },
				"west": { "uv": [ 4.96, 0.96, 7.04, 3.04 ], "texture": "#mesh_palette" },
				"east": { "uv": [ 4.96, 0.96, 7.04, 3.04 ], "texture": "#mesh_palette" }
			}
		},
		{
			"__comment": "Voxels-BC8148",
			"from": [ 7.5, 1.5, 8.5 ],
			"to": [ 9, 2, 9 ],
			"faces": {
				"down": { "uv": [ 4.96, 0.96, 7.04, 3.04 ], "texture": "#mesh_palette" },
				"up": { "uv": [ 4.96, 0.96, 7.04, 3.04 ], "texture": "#mesh_palette" },
				"north": { "uv": [ 4.96, 0.96, 7.04, 3.04 ], "texture": "#mesh_palette" },
				"south": { "uv": [ 4.96, 0.96, 7.04, 3.04 ], "texture": "#mesh_palette" },
				"west": { "uv": [ 4.96, 0.96, 7.04, 3.04 ], "texture": "#mesh_palette" },
				"east": { "uv": [ 4.96, 0.96, 7.04, 3.04 ], "texture": "#mesh_palette" }
			}
		},
		{
			"__comment": "Voxels-BC8148",
			"from": [ 7.5, 1.5, 9 ],
			"to": [ 8.5, 2, 9.5 ],
			"faces": {
				"down": { "uv": [ 4.96, 0.96, 7.04, 3.04 ], "texture": "#mesh_palette" },
				"up": { "uv": [ 4.96, 0.96, 7.04, 3.04 ], "texture": "#mesh_palette" },
				"north": { "uv": [ 4.96, 0.96, 7.04, 3.04 ], "texture": "#mesh_palette" },
				"south": { "uv": [ 4.96, 0.96, 7.04, 3.04 ], "texture": "#mesh_palette" },
				"west": { "uv": [ 4.96, 0.96, 7.04, 3.04 ], "texture": "#mesh_palette" },
				"east": { "uv": [ 4.96, 0.96, 7.04, 3.04 ], "texture": "#mesh_palette" }
			}
		},
		{
			"__comment": "Voxels-BC8148",
			"from": [ 7.5, 2, 7 ],
			"to": [ 8.5, 3.5, 7.5 ],
			"faces": {
				"down": { "uv": [ 4.96, 0.96, 7.04, 3.04 ], "texture": "#mesh_palette" },
				"up": { "uv": [ 4.96, 0.96, 7.04, 3.04 ], "texture": "#mesh_palette" },
				"north": { "uv": [ 4.96, 0.96, 7.04, 3.04 ], "texture": "#mesh_palette" },
				"south": { "uv": [ 4.96, 0.96, 7.04, 3.04 ], "texture": "#mesh_palette" },
				"west": { "uv": [ 4.96, 0.96, 7.04, 3.04 ], "texture": "#mesh_palette" },
				"east": { "uv": [ 4.96, 0.96, 7.04, 3.04 ], "texture": "#mesh_palette" }
			}
		},
		{
			"__comment": "Voxels-BC8148",
			"from": [ 7.5, 2, 8.5 ],
			"to": [ 8.5, 3.5, 9 ],
			"faces": {
				"down": { "uv": [ 4.96, 0.96, 7.04, 3.04 ], "texture": "#mesh_palette" },
				"up": { "uv": [ 4.96, 0.96, 7.04, 3.04 ], "texture": "#mesh_palette" },
				"north": { "uv": [ 4.96, 0.96, 7.04, 3.04 ], "texture": "#mesh_palette" },
				"south": { "uv": [ 4.96, 0.96, 7.04, 3.04 ], "texture": "#mesh_palette" },
				"west": { "uv": [ 4.96, 0.96, 7.04, 3.04 ], "texture": "#mesh_palette" },
				"east": { "uv": [ 4.96, 0.96, 7.04, 3.04 ], "texture": "#mesh_palette" }
			}
		},
		{
			"__comment": "Voxels-BC8148",
			"from": [ 7.5, 3.5, 7.5 ],
			"to": [ 9, 4, 8.5 ],
			"faces": {
				"down": { "uv": [ 4.96, 0.96, 7.04, 3.04 ], "texture": "#mesh_palette" },
				"up": { "uv": [ 4.96, 0.96, 7.04, 3.04 ], "texture": "#mesh_palette" },
				"north": { "uv": [ 4.96, 0.96, 7.04, 3.04 ], "texture": "#mesh_palette" },
				"south": { "uv": [ 4.96, 0.96, 7.04, 3.04 ], "texture": "#mesh_palette" },
				"west": { "uv": [ 4.96, 0.96, 7.04, 3.04 ], "texture": "#mesh_palette" },
				"east": { "uv": [ 4.96, 0.96, 7.04, 3.04 ], "texture": "#mesh_palette" }
			}
		},
		{
			"__comment": "Voxels-DEB369",
			"from": [ 7.5, 4.5, 6.5 ],
			"to": [ 8.5, 5, 7 ],
			"faces": {
				"down": { "uv": [ 8.96, 0.96, 11.04, 3.04 ], "texture": "#mesh_palette" },
				"up": { "uv": [ 8.96, 0.96, 11.04, 3.04 ], "texture": "#mesh_palette" },
				"north": { "uv": [ 8.96, 0.96, 11.04, 3.04 ], "texture": "#mesh_palette" },
				"south": { "uv": [ 8.96, 0.96, 11.04, 3.04 ], "texture": "#mesh_palette" },
				"west": { "uv": [ 8.96, 0.96, 11.04, 3.04 ], "texture": "#mesh_palette" },
				"east": { "uv": [ 8.96, 0.96, 11.04, 3.04 ], "texture": "#mesh_palette" }
			}
		},
		{
			"__comment": "Voxels-DEB369",
			"from": [ 7.5, 4.5, 9 ],
			"to": [ 8.5, 5, 9.5 ],
			"faces": {
				"down": { "uv": [ 8.96, 0.96, 11.04, 3.04 ], "texture": "#mesh_palette" },
				"up": { "uv": [ 8.96, 0.96, 11.04, 3.04 ], "texture": "#mesh_palette" },
				"north": { "uv": [ 8.96, 0.96, 11.04, 3.04 ], "texture": "#mesh_palette" },
				"south": { "uv": [ 8.96, 0.96, 11.04, 3.04 ], "texture": "#mesh_palette" },
				"west": { "uv": [ 8.96, 0.96, 11.04, 3.04 ], "texture": "#mesh_palette" },
				"east": { "uv": [ 8.96, 0.96, 11.04, 3.04 ], "texture": "#mesh_palette" }
			}
		},
		{
			"__comment": "Voxels-D1D1FF",
			"from": [ 7.5, 9.5, 1 ],
			"to": [ 8.5, 26, 1.5 ],
			"faces": {
				"down": { "uv": [ 0.96, 4.96, 3.04, 7.04 ], "texture": "#mesh_palette" },
				"up": { "uv": [ 0.96, 4.96, 3.04, 7.04 ], "texture": "#mesh_palette" },
				"north": { "uv": [ 0.96, 4.96, 3.04, 7.04 ], "texture": "#mesh_palette" },
				"south": { "uv": [ 0.96, 4.96, 3.04, 7.04 ], "texture": "#mesh_palette" },
				"west": { "uv": [ 0.96, 4.96, 3.04, 7.04 ], "texture": "#mesh_palette" },
				"east": { "uv": [ 0.96, 4.96, 3.04, 7.04 ], "texture": "#mesh_palette" }
			}
		},
		{
			"__comment": "Voxels-DEB369",
			"from": [ 7.5, 9.5, 6.5 ],
			"to": [ 8.5, 10, 7 ],
			"faces": {
				"down": { "uv": [ 8.96, 0.96, 11.04, 3.04 ], "texture": "#mesh_palette" },
				"up": { "uv": [ 8.96, 0.96, 11.04, 3.04 ], "texture": "#mesh_palette" },
				"north": { "uv": [ 8.96, 0.96, 11.04, 3.04 ], "texture": "#mesh_palette" },
				"south": { "uv": [ 8.96, 0.96, 11.04, 3.04 ], "texture": "#mesh_palette" },
				"west": { "uv": [ 8.96, 0.96, 11.04, 3.04 ], "texture": "#mesh_palette" },
				"east": { "uv": [ 8.96, 0.96, 11.04, 3.04 ], "texture": "#mesh_palette" }
			}
		},
		{
			"__comment": "Voxels-DEB369",
			"from": [ 7.5, 9.5, 9 ],
			"to": [ 8.5, 10, 9.5 ],
			"faces": {
				"down": { "uv": [ 8.96, 0.96, 11.04, 3.04 ], "texture": "#mesh_palette" },
				"up": { "uv": [ 8.96, 0.96, 11.04, 3.04 ], "texture": "#mesh_palette" },
				"north": { "uv": [ 8.96, 0.96, 11.04, 3.04 ], "texture": "#mesh_palette" },
				"south": { "uv": [ 8.96, 0.96, 11.04, 3.04 ], "texture": "#mesh_palette" },
				"west": { "uv": [ 8.96, 0.96, 11.04, 3.04 ], "texture": "#mesh_palette" },
				"east": { "uv": [ 8.96, 0.96, 11.04, 3.04 ], "texture": "#mesh_palette" }
			}
		},
		{
			"__comment": "Voxels-D1D1FF",
			"from": [ 7.5, 9.5, 15 ],
			"to": [ 8.5, 26, 15.5 ],
			"faces": {
				"down": { "uv": [ 0.96, 4.96, 3.04, 7.04 ], "texture": "#mesh_palette" },
				"up": { "uv": [ 0.96, 4.96, 3.04, 7.04 ], "texture": "#mesh_palette" },
				"north": { "uv": [ 0.96, 4.96, 3.04, 7.04 ], "texture": "#mesh_palette" },
				"south": { "uv": [ 0.96, 4.96, 3.04, 7.04 ], "texture": "#mesh_palette" },
				"west": { "uv": [ 0.96, 4.96, 3.04, 7.04 ], "texture": "#mesh_palette" },
				"east": { "uv": [ 0.96, 4.96, 3.04, 7.04 ], "texture": "#mesh_palette" }
			}
		},
		{
			"__comment": "Voxels-CCCCFF",
			"from": [ 7.75, 10, 1.5 ],
			"to": [ 8.25, 11.5, 2 ],
			"faces": {
				"down": { "uv": [ 8.96, 4.96, 11.04, 7.04 ], "texture": "#mesh_palette" },
				"up": { "uv": [ 8.96, 4.96, 11.04, 7.04 ], "texture": "#mesh_palette" },
				"north": { "uv": [ 8.96, 4.96, 11.04, 7.04 ], "texture": "#mesh_palette" },
				"south": { "uv": [ 8.96, 4.96, 11.04, 7.04 ], "texture": "#mesh_palette" },
				"west": { "uv": [ 8.96, 4.96, 11.04, 7.04 ], "texture": "#mesh_palette" },
				"east": { "uv": [ 8.96, 4.96, 11.04, 7.04 ], "texture": "#mesh_palette" }
			}
		},
		{
			"__comment": "Voxels-BC8148",
			"from": [ 7.5, 10, 6.5 ],
			"to": [ 9, 10.5, 7.5 ],
			"faces": {
				"down": { "uv": [ 4.96, 0.96, 7.04, 3.04 ], "texture": "#mesh_palette" },
				"up": { "uv": [ 4.96, 0.96, 7.04, 3.04 ], "texture": "#mesh_palette" },
				"north": { "uv": [ 4.96, 0.96, 7.04, 3.04 ], "texture": "#mesh_palette" },
				"south": { "uv": [ 4.96, 0.96, 7.04, 3.04 ], "texture": "#mesh_palette" },
				"west": { "uv": [ 4.96, 0.96, 7.04, 3.04 ], "texture": "#mesh_palette" },
				"east": { "uv": [ 4.96, 0.96, 7.04, 3.04 ], "texture": "#mesh_palette" }
			}
		},
		{
			"__comment": "Voxels-BC8148",
			"from": [ 7.5, 10, 8.5 ],
			"to": [ 9.5, 10.5, 9 ],
			"faces": {
				"down": { "uv": [ 4.96, 0.96, 7.04, 3.04 ], "texture": "#mesh_palette" },
				"up": { "uv": [ 4.96, 0.96, 7.04, 3.04 ], "texture": "#mesh_palette" },
				"north": { "uv": [ 4.96, 0.96, 7.04, 3.04 ], "texture": "#mesh_palette" },
				"south": { "uv": [ 4.96, 0.96, 7.04, 3.04 ], "texture": "#mesh_palette" },
				"west": { "uv": [ 4.96, 0.96, 7.04, 3.04 ], "texture": "#mesh_palette" },
				"east": { "uv": [ 4.96, 0.96, 7.04, 3.04 ], "texture": "#mesh_palette" }
			}
		},
		{
			"__comment": "Voxels-BC8148",
			"from": [ 7.5, 10, 9 ],
			"to": [ 9, 10.5, 9.5 ],
			"faces": {
				"down": { "uv": [ 4.96, 0.96, 7.04, 3.04 ], "texture": "#mesh_palette" },
				"up": { "uv": [ 4.96, 0.96, 7.04, 3.04 ], "texture": "#mesh_palette" },
				"north": { "uv": [ 4.96, 0.96, 7.04, 3.04 ], "texture": "#mesh_palette" },
				"south": { "uv": [ 4.96, 0.96, 7.04, 3.04 ], "texture": "#mesh_palette" },
				"west": { "uv": [ 4.96, 0.96, 7.04, 3.04 ], "texture": "#mesh_palette" },
				"east": { "uv": [ 4.96, 0.96, 7.04, 3.04 ], "texture": "#mesh_palette" }
			}
		},
		{
			"__comment": "Voxels-CCCCFF",
			"from": [ 7.75, 10, 14.5 ],
			"to": [ 8.25, 17.5, 15 ],
			"faces": {
				"down": { "uv": [ 8.96, 4.96, 11.04, 7.04 ], "texture": "#mesh_palette" },
				"up": { "uv": [ 8.96, 4.96, 11.04, 7.04 ], "texture": "#mesh_palette" },
				"north": { "uv": [ 8.96, 4.96, 11.04, 7.04 ], "texture": "#mesh_palette" },
				"south": { "uv": [ 8.96, 4.96, 11.04, 7.04 ], "texture": "#mesh_palette" },
				"west": { "uv": [ 8.96, 4.96, 11.04, 7.04 ], "texture": "#mesh_palette" },
				"east": { "uv": [ 8.96, 4.96, 11.04, 7.04 ], "texture": "#mesh_palette" }
			}
		},
		{
			"__comment": "Voxels-CCCCFF",
			"from": [ 7.75, 10.5, 2 ],
			"to": [ 8.25, 12, 2.5 ],
			"faces": {
				"down": { "uv": [ 8.96, 4.96, 11.04, 7.04 ], "texture": "#mesh_palette" },
				"up": { "uv": [ 8.96, 4.96, 11.04, 7.04 ], "texture": "#mesh_palette" },
				"north": { "uv": [ 8.96, 4.96, 11.04, 7.04 ], "texture": "#mesh_palette" },
				"south": { "uv": [ 8.96, 4.96, 11.04, 7.04 ], "texture": "#mesh_palette" },
				"west": { "uv": [ 8.96, 4.96, 11.04, 7.04 ], "texture": "#mesh_palette" },
				"east": { "uv": [ 8.96, 4.96, 11.04, 7.04 ], "texture": "#mesh_palette" }
			}
		},
		{
			"__comment": "Voxels-BC8148",
			"from": [ 7.5, 10.5, 7.5 ],
			"to": [ 8.5, 11, 8.5 ],
			"faces": {
				"down": { "uv": [ 4.96, 0.96, 7.04, 3.04 ], "texture": "#mesh_palette" },
				"up": { "uv": [ 4.96, 0.96, 7.04, 3.04 ], "texture": "#mesh_palette" },
				"north": { "uv": [ 4.96, 0.96, 7.04, 3.04 ], "texture": "#mesh_palette" },
				"south": { "uv": [ 4.96, 0.96, 7.04, 3.04 ], "texture": "#mesh_palette" },
				"west": { "uv": [ 4.96, 0.96, 7.04, 3.04 ], "texture": "#mesh_palette" },
				"east": { "uv": [ 4.96, 0.96, 7.04, 3.04 ], "texture": "#mesh_palette" }
			}
		},
		{
			"__comment": "Voxels-CCCCFF",
			"from": [ 7.75, 10.5, 14 ],
			"to": [ 8.25, 17, 14.5 ],
			"faces": {
				"down": { "uv": [ 8.96, 4.96, 11.04, 7.04 ], "texture": "#mesh_palette" },
				"up": { "uv": [ 8.96, 4.96, 11.04, 7.04 ], "texture": "#mesh_palette" },
				"north": { "uv": [ 8.96, 4.96, 11.04, 7.04 ], "texture": "#mesh_palette" },
				"south": { "uv": [ 8.96, 4.96, 11.04, 7.04 ], "texture": "#mesh_palette" },
				"west": { "uv": [ 8.96, 4.96, 11.04, 7.04 ], "texture": "#mesh_palette" },
				"east": { "uv": [ 8.96, 4.96, 11.04, 7.04 ], "texture": "#mesh_palette" }
			}
		},
		{
			"__comment": "Voxels-CCCCFF",
			"from": [ 7.75, 11, 2.5 ],
			"to": [ 8.25, 12.5, 3 ],
			"faces": {
				"down": { "uv": [ 8.96, 4.96, 11.04, 7.04 ], "texture": "#mesh_palette" },
				"up": { "uv": [ 8.96, 4.96, 11.04, 7.04 ], "texture": "#mesh_palette" },
				"north": { "uv": [ 8.96, 4.96, 11.04, 7.04 ], "texture": "#mesh_palette" },
				"south": { "uv": [ 8.96, 4.96, 11.04, 7.04 ], "texture": "#mesh_palette" },
				"west": { "uv": [ 8.96, 4.96, 11.04, 7.04 ], "texture": "#mesh_palette" },
				"east": { "uv": [ 8.96, 4.96, 11.04, 7.04 ], "texture": "#mesh_palette" }
			}
		},
		{
			"__comment": "Voxels-B88654",
			"from": [ 7.5, 11, 7 ],
			"to": [ 8.5, 23, 7.5 ],
			"faces": {
				"down": { "uv": [ 12.96, 0.96, 15.04, 3.04 ], "texture": "#mesh_palette" },
				"up": { "uv": [ 12.96, 0.96, 15.04, 3.04 ], "texture": "#mesh_palette" },
				"north": { "uv": [ 12.96, 0.96, 15.04, 3.04 ], "texture": "#mesh_palette" },
				"south": { "uv": [ 12.96, 0.96, 15.04, 3.04 ], "texture": "#mesh_palette" },
				"west": { "uv": [ 12.96, 0.96, 15.04, 3.04 ], "texture": "#mesh_palette" },
				"east": { "uv": [ 12.96, 0.96, 15.04, 3.04 ], "texture": "#mesh_palette" }
			}
		},
		{
			"__comment": "Voxels-B88654",
			"from": [ 7.5, 11, 8.5 ],
			"to": [ 8.5, 23, 9 ],
			"faces": {
				"down": { "uv": [ 12.96, 0.96, 15.04, 3.04 ], "texture": "#mesh_palette" },
				"up": { "uv": [ 12.96, 0.96, 15.04, 3.04 ], "texture": "#mesh_palette" },
				"north": { "uv": [ 12.96, 0.96, 15.04, 3.04 ], "texture": "#mesh_palette" },
				"south": { "uv": [ 12.96, 0.96, 15.04, 3.04 ], "texture": "#mesh_palette" },
				"west": { "uv": [ 12.96, 0.96, 15.04, 3.04 ], "texture": "#mesh_palette" },
				"east": { "uv": [ 12.96, 0.96, 15.04, 3.04 ], "texture": "#mesh_palette" }
			}
		},
		{
			"__comment": "axe_142",
			"from": [ 7.75, 11, 13.5 ],
			"to": [ 8.25, 17, 14 ],
			"faces": {
				"down": { "uv": [ 8.96, 4.96, 11.04, 7.04 ], "texture": "#mesh_palette" },
				"up": { "uv": [ 8.96, 4.96, 11.04, 7.04 ], "texture": "#mesh_palette" },
				"north": { "uv": [ 8.96, 4.96, 11.04, 7.04 ], "texture": "#mesh_palette" },
				"south": { "uv": [ 8.96, 4.96, 11.04, 7.04 ], "texture": "#mesh_palette" },
				"west": { "uv": [ 8.96, 4.96, 11.04, 7.04 ], "texture": "#mesh_palette" },
				"east": { "uv": [ 8.96, 4.96, 11.04, 7.04 ], "texture": "#mesh_palette" }
			}
		},
		{
			"__comment": "axe_143",
			"from": [ 7.75, 11.5, 1.5 ],
			"to": [ 8.25, 14, 2 ],
			"faces": {
				"down": { "uv": [ 4.96, 4.96, 7.04, 7.04 ], "texture": "#mesh_palette" },
				"up": { "uv": [ 4.96, 4.96, 7.04, 7.04 ], "texture": "#mesh_palette" },
				"north": { "uv": [ 4.96, 4.96, 7.04, 7.04 ], "texture": "#mesh_palette" },
				"south": { "uv": [ 4.96, 4.96, 7.04, 7.04 ], "texture": "#mesh_palette" },
				"west": { "uv": [ 4.96, 4.96, 7.04, 7.04 ], "texture": "#mesh_palette" },
				"east": { "uv": [ 4.96, 4.96, 7.04, 7.04 ], "texture": "#mesh_palette" }
			}
		},
		{
			"__comment": "axe_144",
			"from": [ 7.75, 11.5, 3 ],
			"to": [ 8.25, 13, 3.5 ],
			"faces": {
				"down": { "uv": [ 8.96, 4.96, 11.04, 7.04 ], "texture": "#mesh_palette" },
				"up": { "uv": [ 8.96, 4.96, 11.04, 7.04 ], "texture": "#mesh_palette" },
				"north": { "uv": [ 8.96, 4.96, 11.04, 7.04 ], "texture": "#mesh_palette" },
				"south": { "uv": [ 8.96, 4.96, 11.04, 7.04 ], "texture": "#mesh_palette" },
				"west": { "uv": [ 8.96, 4.96, 11.04, 7.04 ], "texture": "#mesh_palette" },
				"east": { "uv": [ 8.96, 4.96, 11.04, 7.04 ], "texture": "#mesh_palette" }
			}
		},
		{
			"__comment": "axe_145",
			"from": [ 7.75, 11.5, 13 ],
			"to": [ 8.25, 16.5, 13.5 ],
			"faces": {
				"down": { "uv": [ 8.96, 4.96, 11.04, 7.04 ], "texture": "#mesh_palette" },
				"up": { "uv": [ 8.96, 4.96, 11.04, 7.04 ], "texture": "#mesh_palette" },
				"north": { "uv": [ 8.96, 4.96, 11.04, 7.04 ], "texture": "#mesh_palette" },
				"south": { "uv": [ 8.96, 4.96, 11.04, 7.04 ], "texture": "#mesh_palette" },
				"west": { "uv": [ 8.96, 4.96, 11.04, 7.04 ], "texture": "#mesh_palette" },
				"east": { "uv": [ 8.96, 4.96, 11.04, 7.04 ], "texture": "#mesh_palette" }
			}
		},
		{
			"__comment": "axe_113",
			"from": [ 7.75, 12, 2 ],
			"to": [ 8.25, 14.5, 2.5 ],
			"faces": {
				"down": { "uv": [ 4.96, 4.96, 7.04, 7.04 ], "texture": "#mesh_palette" },
				"up": { "uv": [ 4.96, 4.96, 7.04, 7.04 ], "texture": "#mesh_palette" },
				"north": { "uv": [ 4.96, 4.96, 7.04, 7.04 ], "texture": "#mesh_palette" },
				"south": { "uv": [ 4.96, 4.96, 7.04, 7.04 ], "texture": "#mesh_palette" },
				"west": { "uv": [ 4.96, 4.96, 7.04, 7.04 ], "texture": "#mesh_palette" },
				"east": { "uv": [ 4.96, 4.96, 7.04, 7.04 ], "texture": "#mesh_palette" }
			}
		},
		{
			"__comment": "axe_114",
			"from": [ 7.75, 12, 3.5 ],
			"to": [ 8.25, 13, 4.5 ],
			"faces": {
				"down": { "uv": [ 8.96, 4.96, 11.04, 7.04 ], "texture": "#mesh_palette" },
				"up": { "uv": [ 8.96, 4.96, 11.04, 7.04 ], "texture": "#mesh_palette" },
				"north": { "uv": [ 8.96, 4.96, 11.04, 7.04 ], "texture": "#mesh_palette" },
				"south": { "uv": [ 8.96, 4.96, 11.04, 7.04 ], "texture": "#mesh_palette" },
				"west": { "uv": [ 8.96, 4.96, 11.04, 7.04 ], "texture": "#mesh_palette" },
				"east": { "uv": [ 8.96, 4.96, 11.04, 7.04 ], "texture": "#mesh_palette" }
			}
		},
		{
			"__comment": "axe_115",
			"from": [ 7.75, 12, 11.5 ],
			"to": [ 8.25, 16, 13 ],
			"faces": {
				"down": { "uv": [ 8.96, 4.96, 11.04, 7.04 ], "texture": "#mesh_palette" },
				"up": { "uv": [ 8.96, 4.96, 11.04, 7.04 ], "texture": "#mesh_palette" },
				"north": { "uv": [ 8.96, 4.96, 11.04, 7.04 ], "texture": "#mesh_palette" },
				"south": { "uv": [ 8.96, 4.96, 11.04, 7.04 ], "texture": "#mesh_palette" },
				"west": { "uv": [ 8.96, 4.96, 11.04, 7.04 ], "texture": "#mesh_palette" },
				"east": { "uv": [ 8.96, 4.96, 11.04, 7.04 ], "texture": "#mesh_palette" }
			}
		},
		{
			"__comment": "axe_116",
			"from": [ 7.75, 12.5, 2.5 ],
			"to": [ 8.25, 15, 3 ],
			"faces": {
				"down": { "uv": [ 4.96, 4.96, 7.04, 7.04 ], "texture": "#mesh_palette" },
				"up": { "uv": [ 4.96, 4.96, 7.04, 7.04 ], "texture": "#mesh_palette" },
				"north": { "uv": [ 4.96, 4.96, 7.04, 7.04 ], "texture": "#mesh_palette" },
				"south": { "uv": [ 4.96, 4.96, 7.04, 7.04 ], "texture": "#mesh_palette" },
				"west": { "uv": [ 4.96, 4.96, 7.04, 7.04 ], "texture": "#mesh_palette" },
				"east": { "uv": [ 4.96, 4.96, 7.04, 7.04 ], "texture": "#mesh_palette" }
			}
		},
		{
			"__comment": "axe_117",
			"from": [ 7.75, 12.5, 4.5 ],
			"to": [ 8.25, 13.5, 6 ],
			"faces": {
				"down": { "uv": [ 8.96, 4.96, 11.04, 7.04 ], "texture": "#mesh_palette" },
				"up": { "uv": [ 8.96, 4.96, 11.04, 7.04 ], "texture": "#mesh_palette" },
				"north": { "uv": [ 8.96, 4.96, 11.04, 7.04 ], "texture": "#mesh_palette" },
				"south": { "uv": [ 8.96, 4.96, 11.04, 7.04 ], "texture": "#mesh_palette" },
				"west": { "uv": [ 8.96, 4.96, 11.04, 7.04 ], "texture": "#mesh_palette" },
				"east": { "uv": [ 8.96, 4.96, 11.04, 7.04 ], "texture": "#mesh_palette" }
			}
		},
		{
			"__comment": "axe_118",
			"from": [ 7.75, 12.5, 10 ],
			"to": [ 8.25, 15.5, 11.5 ],
			"faces": {
				"down": { "uv": [ 8.96, 4.96, 11.04, 7.04 ], "texture": "#mesh_palette" },
				"up": { "uv": [ 8.96, 4.96, 11.04, 7.04 ], "texture": "#mesh_palette" },
				"north": { "uv": [ 8.96, 4.96, 11.04, 7.04 ], "texture": "#mesh_palette" },
				"south": { "uv": [ 8.96, 4.96, 11.04, 7.04 ], "texture": "#mesh_palette" },
				"west": { "uv": [ 8.96, 4.96, 11.04, 7.04 ], "texture": "#mesh_palette" },
				"east": { "uv": [ 8.96, 4.96, 11.04, 7.04 ], "texture": "#mesh_palette" }
			}
		},
		{
			"__comment": "axe_119",
			"from": [ 7.75, 13, 3 ],
			"to": [ 8.25, 15.5, 4 ],
			"faces": {
				"down": { "uv": [ 4.96, 4.96, 7.04, 7.04 ], "texture": "#mesh_palette" },
				"up": { "uv": [ 4.96, 4.96, 7.04, 7.04 ], "texture": "#mesh_palette" },
				"north": { "uv": [ 4.96, 4.96, 7.04, 7.04 ], "texture": "#mesh_palette" },
				"south": { "uv": [ 4.96, 4.96, 7.04, 7.04 ], "texture": "#mesh_palette" },
				"west": { "uv": [ 4.96, 4.96, 7.04, 7.04 ], "texture": "#mesh_palette" },
				"east": { "uv": [ 4.96, 4.96, 7.04, 7.04 ], "texture": "#mesh_palette" }
			}
		},
		{
			"__comment": "axe_120",
			"from": [ 7.75, 13, 4 ],
			"to": [ 8.25, 13.5, 4.5 ],
			"faces": {
				"down": { "uv": [ 8.96, 4.96, 11.04, 7.04 ], "texture": "#mesh_palette" },
				"up": { "uv": [ 8.96, 4.96, 11.04, 7.04 ], "texture": "#mesh_palette" },
				"north": { "uv": [ 8.96, 4.96, 11.04, 7.04 ], "texture": "#mesh_palette" },
				"south": { "uv": [ 8.96, 4.96, 11.04, 7.04 ], "texture": "#mesh_palette" },
				"west": { "uv": [ 8.96, 4.96, 11.04, 7.04 ], "texture": "#mesh_palette" },
				"east": { "uv": [ 8.96, 4.96, 11.04, 7.04 ], "texture": "#mesh_palette" }
			}
		},
		{
			"__comment": "axe_121",
			"from": [ 7.75, 13, 6 ],
			"to": [ 8.25, 14.5, 7 ],
			"faces": {
				"down": { "uv": [ 8.96, 4.96, 11.04, 7.04 ], "texture": "#mesh_palette" },
				"up": { "uv": [ 8.96, 4.96, 11.04, 7.04 ], "texture": "#mesh_palette" },
				"north": { "uv": [ 8.96, 4.96, 11.04, 7.04 ], "texture": "#mesh_palette" },
				"south": { "uv": [ 8.96, 4.96, 11.04, 7.04 ], "texture": "#mesh_palette" },
				"west": { "uv": [ 8.96, 4.96, 11.04, 7.04 ], "texture": "#mesh_palette" },
				"east": { "uv": [ 8.96, 4.96, 11.04, 7.04 ], "texture": "#mesh_palette" }
			}
		},
		{
			"__comment": "axe_122",
			"from": [ 7.75, 13, 9 ],
			"to": [ 8.25, 15, 10 ],
			"faces": {
				"down": { "uv": [ 8.96, 4.96, 11.04, 7.04 ], "texture": "#mesh_palette" },
				"up": { "uv": [ 8.96, 4.96, 11.04, 7.04 ], "texture": "#mesh_palette" },
				"north": { "uv": [ 8.96, 4.96, 11.04, 7.04 ], "texture": "#mesh_palette" },
				"south": { "uv": [ 8.96, 4.96, 11.04, 7.04 ], "texture": "#mesh_palette" },
				"west": { "uv": [ 8.96, 4.96, 11.04, 7.04 ], "texture": "#mesh_palette" },
				"east": { "uv": [ 8.96, 4.96, 11.04, 7.04 ], "texture": "#mesh_palette" }
			}
		},
		{
			"__comment": "axe_123",
			"from": [ 7.75, 13.5, 4 ],
			"to": [ 8.25, 16, 5 ],
			"faces": {
				"down": { "uv": [ 4.96, 4.96, 7.04, 7.04 ], "texture": "#mesh_palette" },
				"up": { "uv": [ 4.96, 4.96, 7.04, 7.04 ], "texture": "#mesh_palette" },
				"north": { "uv": [ 4.96, 4.96, 7.04, 7.04 ], "texture": "#mesh_palette" },
				"south": { "uv": [ 4.96, 4.96, 7.04, 7.04 ], "texture": "#mesh_palette" },
				"west": { "uv": [ 4.96, 4.96, 7.04, 7.04 ], "texture": "#mesh_palette" },
				"east": { "uv": [ 4.96, 4.96, 7.04, 7.04 ], "texture": "#mesh_palette" }
			}
		},
		{
			"__comment": "axe_124",
			"from": [ 7.75, 13.5, 5 ],
			"to": [ 8.25, 14, 6 ],
			"faces": {
				"down": { "uv": [ 8.96, 4.96, 11.04, 7.04 ], "texture": "#mesh_palette" },
				"up": { "uv": [ 8.96, 4.96, 11.04, 7.04 ], "texture": "#mesh_palette" },
				"north": { "uv": [ 8.96, 4.96, 11.04, 7.04 ], "texture": "#mesh_palette" },
				"south": { "uv": [ 8.96, 4.96, 11.04, 7.04 ], "texture": "#mesh_palette" },
				"west": { "uv": [ 8.96, 4.96, 11.04, 7.04 ], "texture": "#mesh_palette" },
				"east": { "uv": [ 8.96, 4.96, 11.04, 7.04 ], "texture": "#mesh_palette" }
			}
		},
		{
			"__comment": "axe_125",
			"from": [ 7.75, 14, 1.5 ],
			"to": [ 8.25, 25.5, 2 ],
			"faces": {
				"down": { "uv": [ 8.96, 4.96, 11.04, 7.04 ], "texture": "#mesh_palette" },
				"up": { "uv": [ 8.96, 4.96, 11.04, 7.04 ], "texture": "#mesh_palette" },
				"north": { "uv": [ 8.96, 4.96, 11.04, 7.04 ], "texture": "#mesh_palette" },
				"south": { "uv": [ 8.96, 4.96, 11.04, 7.04 ], "texture": "#mesh_palette" },
				"west": { "uv": [ 8.96, 4.96, 11.04, 7.04 ], "texture": "#mesh_palette" },
				"east": { "uv": [ 8.96, 4.96, 11.04, 7.04 ], "texture": "#mesh_palette" }
			}
		},
		{
			"__comment": "axe_126",
			"from": [ 7.75, 14, 5 ],
			"to": [ 8.25, 16.5, 6 ],
			"faces": {
				"down": { "uv": [ 4.96, 4.96, 7.04, 7.04 ], "texture": "#mesh_palette" },
				"up": { "uv": [ 4.96, 4.96, 7.04, 7.04 ], "texture": "#mesh_palette" },
				"north": { "uv": [ 4.96, 4.96, 7.04, 7.04 ], "texture": "#mesh_palette" },
				"south": { "uv": [ 4.96, 4.96, 7.04, 7.04 ], "texture": "#mesh_palette" },
				"west": { "uv": [ 4.96, 4.96, 7.04, 7.04 ], "texture": "#mesh_palette" },
				"east": { "uv": [ 4.96, 4.96, 7.04, 7.04 ], "texture": "#mesh_palette" }
			}
		},
		{
			"__comment": "axe_127",
			"from": [ 7.75, 14.5, 2 ],
			"to": [ 8.25, 25, 2.5 ],
			"faces": {
				"down": { "uv": [ 8.96, 4.96, 11.04, 7.04 ], "texture": "#mesh_palette" },
				"up": { "uv": [ 8.96, 4.96, 11.04, 7.04 ], "texture": "#mesh_palette" },
				"north": { "uv": [ 8.96, 4.96, 11.04, 7.04 ], "texture": "#mesh_palette" },
				"south": { "uv": [ 8.96, 4.96, 11.04, 7.04 ], "texture": "#mesh_palette" },
				"west": { "uv": [ 8.96, 4.96, 11.04, 7.04 ], "texture": "#mesh_palette" },
				"east": { "uv": [ 8.96, 4.96, 11.04, 7.04 ], "texture": "#mesh_palette" }
			}
		},
		{
			"__comment": "axe_128",
			"from": [ 7.75, 14.5, 6 ],
			"to": [ 8.25, 17, 7 ],
			"faces": {
				"down": { "uv": [ 4.96, 4.96, 7.04, 7.04 ], "texture": "#mesh_palette" },
				"up": { "uv": [ 4.96, 4.96, 7.04, 7.04 ], "texture": "#mesh_palette" },
				"north": { "uv": [ 4.96, 4.96, 7.04, 7.04 ], "texture": "#mesh_palette" },
				"south": { "uv": [ 4.96, 4.96, 7.04, 7.04 ], "texture": "#mesh_palette" },
				"west": { "uv": [ 4.96, 4.96, 7.04, 7.04 ], "texture": "#mesh_palette" },
				"east": { "uv": [ 4.96, 4.96, 7.04, 7.04 ], "texture": "#mesh_palette" }
			}
		},
		{
			"__comment": "axe_129",
			"from": [ 7.75, 15, 2.5 ],
			"to": [ 8.25, 24.5, 3 ],
			"faces": {
				"down": { "uv": [ 8.96, 4.96, 11.04, 7.04 ], "texture": "#mesh_palette" },
				"up": { "uv": [ 8.96, 4.96, 11.04, 7.04 ], "texture": "#mesh_palette" },
				"north": { "uv": [ 8.96, 4.96, 11.04, 7.04 ], "texture": "#mesh_palette" },
				"south": { "uv": [ 8.96, 4.96, 11.04, 7.04 ], "texture": "#mesh_palette" },
				"west": { "uv": [ 8.96, 4.96, 11.04, 7.04 ], "texture": "#mesh_palette" },
				"east": { "uv": [ 8.96, 4.96, 11.04, 7.04 ], "texture": "#mesh_palette" }
			}
		},
		{
			"__comment": "axe_130",
			"from": [ 7.75, 15, 9 ],
			"to": [ 8.25, 18, 10 ],
			"faces": {
				"down": { "uv": [ 4.96, 4.96, 7.04, 7.04 ], "texture": "#mesh_palette" },
				"up": { "uv": [ 4.96, 4.96, 7.04, 7.04 ], "texture": "#mesh_palette" },
				"north": { "uv": [ 4.96, 4.96, 7.04, 7.04 ], "texture": "#mesh_palette" },
				"south": { "uv": [ 4.96, 4.96, 7.04, 7.04 ], "texture": "#mesh_palette" },
				"west": { "uv": [ 4.96, 4.96, 7.04, 7.04 ], "texture": "#mesh_palette" },
				"east": { "uv": [ 4.96, 4.96, 7.04, 7.04 ], "texture": "#mesh_palette" }
			}
		},
		{
			"__comment": "axe_131",
			"from": [ 7.75, 15.5, 3 ],
			"to": [ 8.25, 24, 3.5 ],
			"faces": {
				"down": { "uv": [ 8.96, 4.96, 11.04, 7.04 ], "texture": "#mesh_palette" },
				"up": { "uv": [ 8.96, 4.96, 11.04, 7.04 ], "texture": "#mesh_palette" },
				"north": { "uv": [ 8.96, 4.96, 11.04, 7.04 ], "texture": "#mesh_palette" },
				"south": { "uv": [ 8.96, 4.96, 11.04, 7.04 ], "texture": "#mesh_palette" },
				"west": { "uv": [ 8.96, 4.96, 11.04, 7.04 ], "texture": "#mesh_palette" },
				"east": { "uv": [ 8.96, 4.96, 11.04, 7.04 ], "texture": "#mesh_palette" }
			}
		},
		{
			"__comment": "axe_132",
			"from": [ 7.75, 15.5, 3.5 ],
			"to": [ 8.25, 23.5, 4 ],
			"faces": {
				"down": { "uv": [ 8.96, 4.96, 11.04, 7.04 ], "texture": "#mesh_palette" },
				"up": { "uv": [ 8.96, 4.96, 11.04, 7.04 ], "texture": "#mesh_palette" },
				"north": { "uv": [ 8.96, 4.96, 11.04, 7.04 ], "texture": "#mesh_palette" },
				"south": { "uv": [ 8.96, 4.96, 11.04, 7.04 ], "texture": "#mesh_palette" },
				"west": { "uv": [ 8.96, 4.96, 11.04, 7.04 ], "texture": "#mesh_palette" },
				"east": { "uv": [ 8.96, 4.96, 11.04, 7.04 ], "texture": "#mesh_palette" }
			}
		},
		{
			"__comment": "axe_133",
			"from": [ 7.75, 15.5, 10 ],
			"to": [ 8.25, 18, 11 ],
			"faces": {
				"down": { "uv": [ 4.96, 4.96, 7.04, 7.04 ], "texture": "#mesh_palette" },
				"up": { "uv": [ 4.96, 4.96, 7.04, 7.04 ], "texture": "#mesh_palette" },
				"north": { "uv": [ 4.96, 4.96, 7.04, 7.04 ], "texture": "#mesh_palette" },
				"south": { "uv": [ 4.96, 4.96, 7.04, 7.04 ], "texture": "#mesh_palette" },
				"west": { "uv": [ 4.96, 4.96, 7.04, 7.04 ], "texture": "#mesh_palette" },
				"east": { "uv": [ 4.96, 4.96, 7.04, 7.04 ], "texture": "#mesh_palette" }
			}
		},
		{
			"__comment": "axe_134",
			"from": [ 7.75, 15.5, 11 ],
			"to": [ 8.25, 16, 11.5 ],
			"faces": {
				"down": { "uv": [ 8.96, 4.96, 11.04, 7.04 ], "texture": "#mesh_palette" },
				"up": { "uv": [ 8.96, 4.96, 11.04, 7.04 ], "texture": "#mesh_palette" },
				"north": { "uv": [ 8.96, 4.96, 11.04, 7.04 ], "texture": "#mesh_palette" },
				"south": { "uv": [ 8.96, 4.96, 11.04, 7.04 ], "texture": "#mesh_palette" },
				"west": { "uv": [ 8.96, 4.96, 11.04, 7.04 ], "texture": "#mesh_palette" },
				"east": { "uv": [ 8.96, 4.96, 11.04, 7.04 ], "texture": "#mesh_palette" }
			}
		},
		{
			"__comment": "axe_135",
			"from": [ 7.75, 16, 4 ],
			"to": [ 8.25, 23.5, 4.5 ],
			"faces": {
				"down": { "uv": [ 8.96, 4.96, 11.04, 7.04 ], "texture": "#mesh_palette" },
				"up": { "uv": [ 8.96, 4.96, 11.04, 7.04 ], "texture": "#mesh_palette" },
				"north": { "uv": [ 8.96, 4.96, 11.04, 7.04 ], "texture": "#mesh_palette" },
				"south": { "uv": [ 8.96, 4.96, 11.04, 7.04 ], "texture": "#mesh_palette" },
				"west": { "uv": [ 8.96, 4.96, 11.04, 7.04 ], "texture": "#mesh_palette" },
				"east": { "uv": [ 8.96, 4.96, 11.04, 7.04 ], "texture": "#mesh_palette" }
			}
		},
		{
			"__comment": "axe_136",
			"from": [ 7.75, 16, 4.5 ],
			"to": [ 8.25, 23, 5 ],
			"faces": {
				"down": { "uv": [ 8.96, 4.96, 11.04, 7.04 ], "texture": "#mesh_palette" },
				"up": { "uv": [ 8.96, 4.96, 11.04, 7.04 ], "texture": "#mesh_palette" },
				"north": { "uv": [ 8.96, 4.96, 11.04, 7.04 ], "texture": "#mesh_palette" },
				"south": { "uv": [ 8.96, 4.96, 11.04, 7.04 ], "texture": "#mesh_palette" },
				"west": { "uv": [ 8.96, 4.96, 11.04, 7.04 ], "texture": "#mesh_palette" },
				"east": { "uv": [ 8.96, 4.96, 11.04, 7.04 ], "texture": "#mesh_palette" }
			}
		},
		{
			"__comment": "axe_137",
			"from": [ 7.75, 16, 11 ],
			"to": [ 8.25, 18.5, 12 ],
			"faces": {
				"down": { "uv": [ 4.96, 4.96, 7.04, 7.04 ], "texture": "#mesh_palette" },
				"up": { "uv": [ 4.96, 4.96, 7.04, 7.04 ], "texture": "#mesh_palette" },
				"north": { "uv": [ 4.96, 4.96, 7.04, 7.04 ], "texture": "#mesh_palette" },
				"south": { "uv": [ 4.96, 4.96, 7.04, 7.04 ], "texture": "#mesh_palette" },
				"west": { "uv": [ 4.96, 4.96, 7.04, 7.04 ], "texture": "#mesh_palette" },
				"east": { "uv": [ 4.96, 4.96, 7.04, 7.04 ], "texture": "#mesh_palette" }
			}
		},
		{
			"__comment": "axe_138",
			"from": [ 7.75, 16, 12 ],
			"to": [ 8.25, 16.5, 13 ],
			"faces": {
				"down": { "uv": [ 8.96, 4.96, 11.04, 7.04 ], "texture": "#mesh_palette" },
				"up": { "uv": [ 8.96, 4.96, 11.04, 7.04 ], "texture": "#mesh_palette" },
				"north": { "uv": [ 8.96, 4.96, 11.04, 7.04 ], "texture": "#mesh_palette" },
				"south": { "uv": [ 8.96, 4.96, 11.04, 7.04 ], "texture": "#mesh_palette" },
				"west": { "uv": [ 8.96, 4.96, 11.04, 7.04 ], "texture": "#mesh_palette" },
				"east": { "uv": [ 8.96, 4.96, 11.04, 7.04 ], "texture": "#mesh_palette" }
			}
		},
		{
			"__comment": "axe_139",
			"from": [ 7.75, 16.5, 5 ],
			"to": [ 8.25, 23, 6 ],
			"faces": {
				"down": { "uv": [ 8.96, 4.96, 11.04, 7.04 ], "texture": "#mesh_palette" },
				"up": { "uv": [ 8.96, 4.96, 11.04, 7.04 ], "texture": "#mesh_palette" },
				"north": { "uv": [ 8.96, 4.96, 11.04, 7.04 ], "texture": "#mesh_palette" },
				"south": { "uv": [ 8.96, 4.96, 11.04, 7.04 ], "texture": "#mesh_palette" },
				"west": { "uv": [ 8.96, 4.96, 11.04, 7.04 ], "texture": "#mesh_palette" },
				"east": { "uv": [ 8.96, 4.96, 11.04, 7.04 ], "texture": "#mesh_palette" }
			}
		},
		{
			"__comment": "axe_140",
			"from": [ 7.75, 16.5, 12 ],
			"to": [ 8.25, 19, 13.5 ],
			"faces": {
				"down": { "uv": [ 4.96, 4.96, 7.04, 7.04 ], "texture": "#mesh_palette" },
				"up": { "uv": [ 4.96, 4.96, 7.04, 7.04 ], "texture": "#mesh_palette" },
				"north": { "uv": [ 4.96, 4.96, 7.04, 7.04 ], "texture": "#mesh_palette" },
				"south": { "uv": [ 4.96, 4.96, 7.04, 7.04 ], "texture": "#mesh_palette" },
				"west": { "uv": [ 4.96, 4.96, 7.04, 7.04 ], "texture": "#mesh_palette" },
				"east": { "uv": [ 4.96, 4.96, 7.04, 7.04 ], "texture": "#mesh_palette" }
			}
		},
		{
			"__comment": "axe_141",
			"from": [ 7.75, 17, 6 ],
			"to": [ 8.25, 22.5, 6.5 ],
			"faces": {
				"down": { "uv": [ 8.96, 4.96, 11.04, 7.04 ], "texture": "#mesh_palette" },
				"up": { "uv": [ 8.96, 4.96, 11.04, 7.04 ], "texture": "#mesh_palette" },
				"north": { "uv": [ 8.96, 4.96, 11.04, 7.04 ], "texture": "#mesh_palette" },
				"south": { "uv": [ 8.96, 4.96, 11.04, 7.04 ], "texture": "#mesh_palette" },
				"west": { "uv": [ 8.96, 4.96, 11.04, 7.04 ], "texture": "#mesh_palette" },
				"east": { "uv": [ 8.96, 4.96, 11.04, 7.04 ], "texture": "#mesh_palette" }
			}
		},
		{
			"__comment": "axe_11",
			"from": [ 7.75, 17, 6.5 ],
			"to": [ 8.25, 17.5, 7 ],
			"faces": {
				"down": { "uv": [ 4.96, 4.96, 7.04, 7.04 ], "texture": "#mesh_palette" },
				"up": { "uv": [ 4.96, 4.96, 7.04, 7.04 ], "texture": "#mesh_palette" },
				"north": { "uv": [ 4.96, 4.96, 7.04, 7.04 ], "texture": "#mesh_palette" },
				"south": { "uv": [ 4.96, 4.96, 7.04, 7.04 ], "texture": "#mesh_palette" },
				"west": { "uv": [ 4.96, 4.96, 7.04, 7.04 ], "texture": "#mesh_palette" },
				"east": { "uv": [ 4.96, 4.96, 7.04, 7.04 ], "texture": "#mesh_palette" }
			}
		},
		{
			"__comment": "axe_12",
			"from": [ 7.75, 17, 13.5 ],
			"to": [ 8.25, 19.5, 14.5 ],
			"faces": {
				"down": { "uv": [ 4.96, 4.96, 7.04, 7.04 ], "texture": "#mesh_palette" },
				"up": { "uv": [ 4.96, 4.96, 7.04, 7.04 ], "texture": "#mesh_palette" },
				"north": { "uv": [ 4.96, 4.96, 7.04, 7.04 ], "texture": "#mesh_palette" },
				"south": { "uv": [ 4.96, 4.96, 7.04, 7.04 ], "texture": "#mesh_palette" },
				"west": { "uv": [ 4.96, 4.96, 7.04, 7.04 ], "texture": "#mesh_palette" },
				"east": { "uv": [ 4.96, 4.96, 7.04, 7.04 ], "texture": "#mesh_palette" }
			}
		},
		{
			"__comment": "axe_13",
			"from": [ 7.75, 17.5, 6.5 ],
			"to": [ 8.25, 22.5, 7 ],
			"faces": {
				"down": { "uv": [ 8.96, 4.96, 11.04, 7.04 ], "texture": "#mesh_palette" },
				"up": { "uv": [ 8.96, 4.96, 11.04, 7.04 ], "texture": "#mesh_palette" },
				"north": { "uv": [ 8.96, 4.96, 11.04, 7.04 ], "texture": "#mesh_palette" },
				"south": { "uv": [ 8.96, 4.96, 11.04, 7.04 ], "texture": "#mesh_palette" },
				"west": { "uv": [ 8.96, 4.96, 11.04, 7.04 ], "texture": "#mesh_palette" },
				"east": { "uv": [ 8.96, 4.96, 11.04, 7.04 ], "texture": "#mesh_palette" }
			}
		},
		{
			"__comment": "axe_14",
			"from": [ 7.75, 17.5, 14.5 ],
			"to": [ 8.25, 20.5, 15 ],
			"faces": {
				"down": { "uv": [ 4.96, 4.96, 7.04, 7.04 ], "texture": "#mesh_palette" },
				"up": { "uv": [ 4.96, 4.96, 7.04, 7.04 ], "texture": "#mesh_palette" },
				"north": { "uv": [ 4.96, 4.96, 7.04, 7.04 ], "texture": "#mesh_palette" },
				"south": { "uv": [ 4.96, 4.96, 7.04, 7.04 ], "texture": "#mesh_palette" },
				"west": { "uv": [ 4.96, 4.96, 7.04, 7.04 ], "texture": "#mesh_palette" },
				"east": { "uv": [ 4.96, 4.96, 7.04, 7.04 ], "texture": "#mesh_palette" }
			}
		},
		{
			"__comment": "axe_15",
			"from": [ 7.75, 18, 9 ],
			"to": [ 8.25, 22.5, 10.5 ],
			"faces": {
				"down": { "uv": [ 8.96, 4.96, 11.04, 7.04 ], "texture": "#mesh_palette" },
				"up": { "uv": [ 8.96, 4.96, 11.04, 7.04 ], "texture": "#mesh_palette" },
				"north": { "uv": [ 8.96, 4.96, 11.04, 7.04 ], "texture": "#mesh_palette" },
				"south": { "uv": [ 8.96, 4.96, 11.04, 7.04 ], "texture": "#mesh_palette" },
				"west": { "uv": [ 8.96, 4.96, 11.04, 7.04 ], "texture": "#mesh_palette" },
				"east": { "uv": [ 8.96, 4.96, 11.04, 7.04 ], "texture": "#mesh_palette" }
			}
		},
		{
			"__comment": "axe_16",
			"from": [ 7.75, 18, 10.5 ],
			"to": [ 8.25, 18.5, 11 ],
			"faces": {
				"down": { "uv": [ 4.96, 4.96, 7.04, 7.04 ], "texture": "#mesh_palette" },
				"up": { "uv": [ 4.96, 4.96, 7.04, 7.04 ], "texture": "#mesh_palette" },
				"north": { "uv": [ 4.96, 4.96, 7.04, 7.04 ], "texture": "#mesh_palette" },
				"south": { "uv": [ 4.96, 4.96, 7.04, 7.04 ], "texture": "#mesh_palette" },
				"west": { "uv": [ 4.96, 4.96, 7.04, 7.04 ], "texture": "#mesh_palette" },
				"east": { "uv": [ 4.96, 4.96, 7.04, 7.04 ], "texture": "#mesh_palette" }
			}
		},
		{
			"__comment": "axe_17",
			"from": [ 7.75, 18.5, 10.5 ],
			"to": [ 8.25, 23, 12 ],
			"faces": {
				"down": { "uv": [ 8.96, 4.96, 11.04, 7.04 ], "texture": "#mesh_palette" },
				"up": { "uv": [ 8.96, 4.96, 11.04, 7.04 ], "texture": "#mesh_palette" },
				"north": { "uv": [ 8.96, 4.96, 11.04, 7.04 ], "texture": "#mesh_palette" },
				"south": { "uv": [ 8.96, 4.96, 11.04, 7.04 ], "texture": "#mesh_palette" },
				"west": { "uv": [ 8.96, 4.96, 11.04, 7.04 ], "texture": "#mesh_palette" },
				"east": { "uv": [ 8.96, 4.96, 11.04, 7.04 ], "texture": "#mesh_palette" }
			}
		},
		{
			"__comment": "axe_18",
			"from": [ 7.75, 19, 12 ],
			"to": [ 8.25, 23.5, 13 ],
			"faces": {
				"down": { "uv": [ 8.96, 4.96, 11.04, 7.04 ], "texture": "#mesh_palette" },
				"up": { "uv": [ 8.96, 4.96, 11.04, 7.04 ], "texture": "#mesh_palette" },
				"north": { "uv": [ 8.96, 4.96, 11.04, 7.04 ], "texture": "#mesh_palette" },
				"south": { "uv": [ 8.96, 4.96, 11.04, 7.04 ], "texture": "#mesh_palette" },
				"west": { "uv": [ 8.96, 4.96, 11.04, 7.04 ], "texture": "#mesh_palette" },
				"east": { "uv": [ 8.96, 4.96, 11.04, 7.04 ], "texture": "#mesh_palette" }
			}
		},
		{
			"__comment": "axe_19",
			"from": [ 7.75, 19, 13 ],
			"to": [ 8.25, 19.5, 13.5 ],
			"faces": {
				"down": { "uv": [ 4.96, 4.96, 7.04, 7.04 ], "texture": "#mesh_palette" },
				"up": { "uv": [ 4.96, 4.96, 7.04, 7.04 ], "texture": "#mesh_palette" },
				"north": { "uv": [ 4.96, 4.96, 7.04, 7.04 ], "texture": "#mesh_palette" },
				"south": { "uv": [ 4.96, 4.96, 7.04, 7.04 ], "texture": "#mesh_palette" },
				"west": { "uv": [ 4.96, 4.96, 7.04, 7.04 ], "texture": "#mesh_palette" },
				"east": { "uv": [ 4.96, 4.96, 7.04, 7.04 ], "texture": "#mesh_palette" }
			}
		},
		{
			"__comment": "axe_110",
			"from": [ 7.75, 19.5, 13 ],
			"to": [ 8.25, 24, 14 ],
			"faces": {
				"down": { "uv": [ 8.96, 4.96, 11.04, 7.04 ], "texture": "#mesh_palette" },
				"up": { "uv": [ 8.96, 4.96, 11.04, 7.04 ], "texture": "#mesh_palette" },
				"north": { "uv": [ 8.96, 4.96, 11.04, 7.04 ], "texture": "#mesh_palette" },
				"south": { "uv": [ 8.96, 4.96, 11.04, 7.04 ], "texture": "#mesh_palette" },
				"west": { "uv": [ 8.96, 4.96, 11.04, 7.04 ], "texture": "#mesh_palette" },
				"east": { "uv": [ 8.96, 4.96, 11.04, 7.04 ], "texture": "#mesh_palette" }
			}
		},
		{
			"__comment": "axe_111",
			"from": [ 7.75, 19.5, 14 ],
			"to": [ 8.25, 20, 14.5 ],
			"faces": {
				"down": { "uv": [ 4.96, 4.96, 7.04, 7.04 ], "texture": "#mesh_palette" },
				"up": { "uv": [ 4.96, 4.96, 7.04, 7.04 ], "texture": "#mesh_palette" },
				"north": { "uv": [ 4.96, 4.96, 7.04, 7.04 ], "texture": "#mesh_palette" },
				"south": { "uv": [ 4.96, 4.96, 7.04, 7.04 ], "texture": "#mesh_palette" },
				"west": { "uv": [ 4.96, 4.96, 7.04, 7.04 ], "texture": "#mesh_palette" },
				"east": { "uv": [ 4.96, 4.96, 7.04, 7.04 ], "texture": "#mesh_palette" }
			}
		},
		{
			"__comment": "axe_112",
			"from": [ 7.75, 20, 14 ],
			"to": [ 8.25, 25, 14.5 ],
			"faces": {
				"down": { "uv": [ 8.96, 4.96, 11.04, 7.04 ], "texture": "#mesh_palette" },
				"up": { "uv": [ 8.96, 4.96, 11.04, 7.04 ], "texture": "#mesh_palette" },
				"north": { "uv": [ 8.96, 4.96, 11.04, 7.04 ], "texture": "#mesh_palette" },
				"south": { "uv": [ 8.96, 4.96, 11.04, 7.04 ], "texture": "#mesh_palette" },
				"west": { "uv": [ 8.96, 4.96, 11.04, 7.04 ], "texture": "#mesh_palette" },
				"east": { "uv": [ 8.96, 4.96, 11.04, 7.04 ], "texture": "#mesh_palette" }
			}
		},
		{
			"__comment": "axe_1",
			"from": [ 7.75, 20.5, 14.5 ],
			"to": [ 8.25, 25.5, 15 ],
			"faces": {
				"down": { "uv": [ 8.96, 4.96, 11.04, 7.04 ], "texture": "#mesh_palette" },
				"up": { "uv": [ 8.96, 4.96, 11.04, 7.04 ], "texture": "#mesh_palette" },
				"north": { "uv": [ 8.96, 4.96, 11.04, 7.04 ], "texture": "#mesh_palette" },
				"south": { "uv": [ 8.96, 4.96, 11.04, 7.04 ], "texture": "#mesh_palette" },
				"west": { "uv": [ 8.96, 4.96, 11.04, 7.04 ], "texture": "#mesh_palette" },
				"east": { "uv": [ 8.96, 4.96, 11.04, 7.04 ], "texture": "#mesh_palette" }
			}
		},
		{
			"__comment": "Voxels-B88654",
			"from": [ 7.5, 22.5, 7.5 ],
			"to": [ 9, 23, 8.5 ],
			"faces": {
				"down": { "uv": [ 12.96, 0.96, 15.04, 3.04 ], "texture": "#mesh_palette" },
				"up": { "uv": [ 12.96, 0.96, 15.04, 3.04 ], "texture": "#mesh_palette" },
				"north": { "uv": [ 12.96, 0.96, 15.04, 3.04 ], "texture": "#mesh_palette" },
				"south": { "uv": [ 12.96, 0.96, 15.04, 3.04 ], "texture": "#mesh_palette" },
				"west": { "uv": [ 12.96, 0.96, 15.04, 3.04 ], "texture": "#mesh_palette" },
				"east": { "uv": [ 12.96, 0.96, 15.04, 3.04 ], "texture": "#mesh_palette" }
			}
		},
		{
			"__comment": "Voxels-CCCCFF",
			"from": [ 7.75, 22.5, 10 ],
			"to": [ 8.25, 23, 10.5 ],
			"faces": {
				"down": { "uv": [ 8.96, 4.96, 11.04, 7.04 ], "texture": "#mesh_palette" },
				"up": { "uv": [ 8.96, 4.96, 11.04, 7.04 ], "texture": "#mesh_palette" },
				"north": { "uv": [ 8.96, 4.96, 11.04, 7.04 ], "texture": "#mesh_palette" },
				"south": { "uv": [ 8.96, 4.96, 11.04, 7.04 ], "texture": "#mesh_palette" },
				"west": { "uv": [ 8.96, 4.96, 11.04, 7.04 ], "texture": "#mesh_palette" },
				"east": { "uv": [ 8.96, 4.96, 11.04, 7.04 ], "texture": "#mesh_palette" }
			}
		},
		{
			"__comment": "Voxels-B88654",
			"from": [ 7.5, 23, 6.5 ],
			"to": [ 8.5, 23.5, 7 ],
			"faces": {
				"down": { "uv": [ 12.96, 0.96, 15.04, 3.04 ], "texture": "#mesh_palette" },
				"up": { "uv": [ 12.96, 0.96, 15.04, 3.04 ], "texture": "#mesh_palette" },
				"north": { "uv": [ 12.96, 0.96, 15.04, 3.04 ], "texture": "#mesh_palette" },
				"south": { "uv": [ 12.96, 0.96, 15.04, 3.04 ], "texture": "#mesh_palette" },
				"west": { "uv": [ 12.96, 0.96, 15.04, 3.04 ], "texture": "#mesh_palette" },
				"east": { "uv": [ 12.96, 0.96, 15.04, 3.04 ], "texture": "#mesh_palette" }
			}
		},
		{
			"__comment": "Voxels-B88654",
			"from": [ 7.5, 23, 9 ],
			"to": [ 8.5, 23.5, 9.5 ],
			"faces": {
				"down": { "uv": [ 12.96, 0.96, 15.04, 3.04 ], "texture": "#mesh_palette" },
				"up": { "uv": [ 12.96, 0.96, 15.04, 3.04 ], "texture": "#mesh_palette" },
				"north": { "uv": [ 12.96, 0.96, 15.04, 3.04 ], "texture": "#mesh_palette" },
				"south": { "uv": [ 12.96, 0.96, 15.04, 3.04 ], "texture": "#mesh_palette" },
				"west": { "uv": [ 12.96, 0.96, 15.04, 3.04 ], "texture": "#mesh_palette" },
				"east": { "uv": [ 12.96, 0.96, 15.04, 3.04 ], "texture": "#mesh_palette" }
			}
		},
		{
			"__comment": "Voxels-CCCCFF",
			"from": [ 7.75, 23, 11.5 ],
			"to": [ 8.25, 23.5, 12 ],
			"faces": {
				"down": { "uv": [ 8.96, 4.96, 11.04, 7.04 ], "texture": "#mesh_palette" },
				"up": { "uv": [ 8.96, 4.96, 11.04, 7.04 ], "texture": "#mesh_palette" },
				"north": { "uv": [ 8.96, 4.96, 11.04, 7.04 ], "texture": "#mesh_palette" },
				"south": { "uv": [ 8.96, 4.96, 11.04, 7.04 ], "texture": "#mesh_palette" },
				"west": { "uv": [ 8.96, 4.96, 11.04, 7.04 ], "texture": "#mesh_palette" },
				"east": { "uv": [ 8.96, 4.96, 11.04, 7.04 ], "texture": "#mesh_palette" }
			}
		},
		{
			"__comment": "Voxels-CCCCFF",
			"from": [ 7.75, 24, 13.5 ],
			"to": [ 8.25, 24.5, 14 ],
			"faces": {
				"down": { "uv": [ 8.96, 4.96, 11.04, 7.04 ], "texture": "#mesh_palette" },
				"up": { "uv": [ 8.96, 4.96, 11.04, 7.04 ], "texture": "#mesh_palette" },
				"north": { "uv": [ 8.96, 4.96, 11.04, 7.04 ], "texture": "#mesh_palette" },
				"south": { "uv": [ 8.96, 4.96, 11.04, 7.04 ], "texture": "#mesh_palette" },
				"west": { "uv": [ 8.96, 4.96, 11.04, 7.04 ], "texture": "#mesh_palette" },
				"east": { "uv": [ 8.96, 4.96, 11.04, 7.04 ], "texture": "#mesh_palette" }
			}
		},
		{
			"__comment": "Voxels-B88654",
			"from": [ 7.5, 24.5, 6.5 ],
			"to": [ 8.5, 25, 7 ],
			"faces": {
				"down": { "uv": [ 12.96, 0.96, 15.04, 3.04 ], "texture": "#mesh_palette" },
				"up": { "uv": [ 12.96, 0.96, 15.04, 3.04 ], "texture": "#mesh_palette" },
				"north": { "uv": [ 12.96, 0.96, 15.04, 3.04 ], "texture": "#mesh_palette" },
				"south": { "uv": [ 12.96, 0.96, 15.04, 3.04 ], "texture": "#mesh_palette" },
				"west": { "uv": [ 12.96, 0.96, 15.04, 3.04 ], "texture": "#mesh_palette" },
				"east": { "uv": [ 12.96, 0.96, 15.04, 3.04 ], "texture": "#mesh_palette" }
			}
		},
		{
			"__comment": "Voxels-B88654",
			"from": [ 7.5, 24.5, 9 ],
			"to": [ 8.5, 25, 9.5 ],
			"faces": {
				"down": { "uv": [ 12.96, 0.96, 15.04, 3.04 ], "texture": "#mesh_palette" },
				"up": { "uv": [ 12.96, 0.96, 15.04, 3.04 ], "texture": "#mesh_palette" },
				"north": { "uv": [ 12.96, 0.96, 15.04, 3.04 ], "texture": "#mesh_palette" },
				"south": { "uv": [ 12.96, 0.96, 15.04, 3.04 ], "texture": "#mesh_palette" },
				"west": { "uv": [ 12.96, 0.96, 15.04, 3.04 ], "texture": "#mesh_palette" },
				"east": { "uv": [ 12.96, 0.96, 15.04, 3.04 ], "texture": "#mesh_palette" }
			}
		},
		{
			"__comment": "Voxels-B88654",
			"from": [ 7.5, 25, 7 ],
			"to": [ 8.5, 25.5, 7.5 ],
			"faces": {
				"down": { "uv": [ 12.96, 0.96, 15.04, 3.04 ], "texture": "#mesh_palette" },
				"up": { "uv": [ 12.96, 0.96, 15.04, 3.04 ], "texture": "#mesh_palette" },
				"north": { "uv": [ 12.96, 0.96, 15.04, 3.04 ], "texture": "#mesh_palette" },
				"south": { "uv": [ 12.96, 0.96, 15.04, 3.04 ], "texture": "#mesh_palette" },
				"west": { "uv": [ 12.96, 0.96, 15.04, 3.04 ], "texture": "#mesh_palette" },
				"east": { "uv": [ 12.96, 0.96, 15.04, 3.04 ], "texture": "#mesh_palette" }
			}
		},
		{
			"__comment": "Voxels-B88654",
			"from": [ 7.5, 25, 8.5 ],
			"to": [ 8.5, 25.5, 9 ],
			"faces": {
				"down": { "uv": [ 12.96, 0.96, 15.04, 3.04 ], "texture": "#mesh_palette" },
				"up": { "uv": [ 12.96, 0.96, 15.04, 3.04 ], "texture": "#mesh_palette" },
				"north": { "uv": [ 12.96, 0.96, 15.04, 3.04 ], "texture": "#mesh_palette" },
				"south": { "uv": [ 12.96, 0.96, 15.04, 3.04 ], "texture": "#mesh_palette" },
				"west": { "uv": [ 12.96, 0.96, 15.04, 3.04 ], "texture": "#mesh_palette" },
				"east": { "uv": [ 12.96, 0.96, 15.04, 3.04 ], "texture": "#mesh_palette" }
			}
		},
		{
			"__comment": "Voxels-B88654",
			"from": [ 7.5, 25.5, 7.5 ],
			"to": [ 8.5, 26.5, 8.5 ],
			"faces": {
				"down": { "uv": [ 12.96, 0.96, 15.04, 3.04 ], "texture": "#mesh_palette" },
				"up": { "uv": [ 12.96, 0.96, 15.04, 3.04 ], "texture": "#mesh_palette" },
				"north": { "uv": [ 12.96, 0.96, 15.04, 3.04 ], "texture": "#mesh_palette" },
				"south": { "uv": [ 12.96, 0.96, 15.04, 3.04 ], "texture": "#mesh_palette" },
				"west": { "uv": [ 12.96, 0.96, 15.04, 3.04 ], "texture": "#mesh_palette" },
				"east": { "uv": [ 12.96, 0.96, 15.04, 3.04 ], "texture": "#mesh_palette" }
			}
		},
		{
			"__comment": "Voxels-BC8148",
			"from": [ 8.5, -0.5, 7 ],
			"to": [ 9.5, 0, 7.5 ],
			"faces": {
				"down": { "uv": [ 4.96, 0.96, 7.04, 3.04 ], "texture": "#mesh_palette" },
				"up": { "uv": [ 4.96, 0.96, 7.04, 3.04 ], "texture": "#mesh_palette" },
				"north": { "uv": [ 4.96, 0.96, 7.04, 3.04 ], "texture": "#mesh_palette" },
				"south": { "uv": [ 4.96, 0.96, 7.04, 3.04 ], "texture": "#mesh_palette" },
				"west": { "uv": [ 4.96, 0.96, 7.04, 3.04 ], "texture": "#mesh_palette" },
				"east": { "uv": [ 4.96, 0.96, 7.04, 3.04 ], "texture": "#mesh_palette" }
			}
		},
		{
			"__comment": "Voxels-BC8148",
			"from": [ 8.5, -0.5, 8.5 ],
			"to": [ 9.5, 0, 9 ],
			"faces": {
				"down": { "uv": [ 4.96, 0.96, 7.04, 3.04 ], "texture": "#mesh_palette" },
				"up": { "uv": [ 4.96, 0.96, 7.04, 3.04 ], "texture": "#mesh_palette" },
				"north": { "uv": [ 4.96, 0.96, 7.04, 3.04 ], "texture": "#mesh_palette" },
				"south": { "uv": [ 4.96, 0.96, 7.04, 3.04 ], "texture": "#mesh_palette" },
				"west": { "uv": [ 4.96, 0.96, 7.04, 3.04 ], "texture": "#mesh_palette" },
				"east": { "uv": [ 4.96, 0.96, 7.04, 3.04 ], "texture": "#mesh_palette" }
			}
		},
		{
			"__comment": "Voxels-BC8148",
			"from": [ 8.5, 1, 7 ],
			"to": [ 9.5, 1.5, 7.5 ],
			"faces": {
				"down": { "uv": [ 4.96, 0.96, 7.04, 3.04 ], "texture": "#mesh_palette" },
				"up": { "uv": [ 4.96, 0.96, 7.04, 3.04 ], "texture": "#mesh_palette" },
				"north": { "uv": [ 4.96, 0.96, 7.04, 3.04 ], "texture": "#mesh_palette" },
				"south": { "uv": [ 4.96, 0.96, 7.04, 3.04 ], "texture": "#mesh_palette" },
				"west": { "uv": [ 4.96, 0.96, 7.04, 3.04 ], "texture": "#mesh_palette" },
				"east": { "uv": [ 4.96, 0.96, 7.04, 3.04 ], "texture": "#mesh_palette" }
			}
		},
		{
			"__comment": "Voxels-BC8148",
			"from": [ 8.5, 1, 8.5 ],
			"to": [ 9.5, 1.5, 9 ],
			"faces": {
				"down": { "uv": [ 4.96, 0.96, 7.04, 3.04 ], "texture": "#mesh_palette" },
				"up": { "uv": [ 4.96, 0.96, 7.04, 3.04 ], "texture": "#mesh_palette" },
				"north": { "uv": [ 4.96, 0.96, 7.04, 3.04 ], "texture": "#mesh_palette" },
				"south": { "uv": [ 4.96, 0.96, 7.04, 3.04 ], "texture": "#mesh_palette" },
				"west": { "uv": [ 4.96, 0.96, 7.04, 3.04 ], "texture": "#mesh_palette" },
				"east": { "uv": [ 4.96, 0.96, 7.04, 3.04 ], "texture": "#mesh_palette" }
			}
		},
		{
			"__comment": "Voxels-BC8148",
			"from": [ 8.5, 1.5, 7 ],
			"to": [ 9, 2, 7.5 ],
			"faces": {
				"down": { "uv": [ 4.96, 0.96, 7.04, 3.04 ], "texture": "#mesh_palette" },
				"up": { "uv": [ 4.96, 0.96, 7.04, 3.04 ], "texture": "#mesh_palette" },
				"north": { "uv": [ 4.96, 0.96, 7.04, 3.04 ], "texture": "#mesh_palette" },
				"south": { "uv": [ 4.96, 0.96, 7.04, 3.04 ], "texture": "#mesh_palette" },
				"west": { "uv": [ 4.96, 0.96, 7.04, 3.04 ], "texture": "#mesh_palette" },
				"east": { "uv": [ 4.96, 0.96, 7.04, 3.04 ], "texture": "#mesh_palette" }
			}
		},
		{
			"__comment": "Voxels-BC8148",
			"from": [ 8.5, 2, 7.5 ],
			"to": [ 9, 3.5, 8.5 ],
			"faces": {
				"down": { "uv": [ 4.96, 0.96, 7.04, 3.04 ], "texture": "#mesh_palette" },
				"up": { "uv": [ 4.96, 0.96, 7.04, 3.04 ], "texture": "#mesh_palette" },
				"north": { "uv": [ 4.96, 0.96, 7.04, 3.04 ], "texture": "#mesh_palette" },
				"south": { "uv": [ 4.96, 0.96, 7.04, 3.04 ], "texture": "#mesh_palette" },
				"west": { "uv": [ 4.96, 0.96, 7.04, 3.04 ], "texture": "#mesh_palette" },
				"east": { "uv": [ 4.96, 0.96, 7.04, 3.04 ], "texture": "#mesh_palette" }
			}
		},
		{
			"__comment": "Voxels-BC8148",
			"from": [ 8.5, 4.5, 6.5 ],
			"to": [ 9, 5, 7.5 ],
			"faces": {
				"down": { "uv": [ 4.96, 0.96, 7.04, 3.04 ], "texture": "#mesh_palette" },
				"up": { "uv": [ 4.96, 0.96, 7.04, 3.04 ], "texture": "#mesh_palette" },
				"north": { "uv": [ 4.96, 0.96, 7.04, 3.04 ], "texture": "#mesh_palette" },
				"south": { "uv": [ 4.96, 0.96, 7.04, 3.04 ], "texture": "#mesh_palette" },
				"west": { "uv": [ 4.96, 0.96, 7.04, 3.04 ], "texture": "#mesh_palette" },
				"east": { "uv": [ 4.96, 0.96, 7.04, 3.04 ], "texture": "#mesh_palette" }
			}
		},
		{
			"__comment": "Voxels-BC8148",
			"from": [ 8.5, 4.5, 8.5 ],
			"to": [ 9.5, 10, 9 ],
			"faces": {
				"down": { "uv": [ 4.96, 0.96, 7.04, 3.04 ], "texture": "#mesh_palette" },
				"up": { "uv": [ 4.96, 0.96, 7.04, 3.04 ], "texture": "#mesh_palette" },
				"north": { "uv": [ 4.96, 0.96, 7.04, 3.04 ], "texture": "#mesh_palette" },
				"south": { "uv": [ 4.96, 0.96, 7.04, 3.04 ], "texture": "#mesh_palette" },
				"west": { "uv": [ 4.96, 0.96, 7.04, 3.04 ], "texture": "#mesh_palette" },
				"east": { "uv": [ 4.96, 0.96, 7.04, 3.04 ], "texture": "#mesh_palette" }
			}
		},
		{
			"__comment": "Voxels-BC8148",
			"from": [ 8.5, 4.5, 9 ],
			"to": [ 9, 5, 9.5 ],
			"faces": {
				"down": { "uv": [ 4.96, 0.96, 7.04, 3.04 ], "texture": "#mesh_palette" },
				"up": { "uv": [ 4.96, 0.96, 7.04, 3.04 ], "texture": "#mesh_palette" },
				"north": { "uv": [ 4.96, 0.96, 7.04, 3.04 ], "texture": "#mesh_palette" },
				"south": { "uv": [ 4.96, 0.96, 7.04, 3.04 ], "texture": "#mesh_palette" },
				"west": { "uv": [ 4.96, 0.96, 7.04, 3.04 ], "texture": "#mesh_palette" },
				"east": { "uv": [ 4.96, 0.96, 7.04, 3.04 ], "texture": "#mesh_palette" }
			}
		},
		{
			"__comment": "Voxels-BC8148",
			"from": [ 8.5, 5, 7 ],
			"to": [ 9.5, 10, 7.5 ],
			"faces": {
				"down": { "uv": [ 4.96, 0.96, 7.04, 3.04 ], "texture": "#mesh_palette" },
				"up": { "uv": [ 4.96, 0.96, 7.04, 3.04 ], "texture": "#mesh_palette" },
				"north": { "uv": [ 4.96, 0.96, 7.04, 3.04 ], "texture": "#mesh_palette" },
				"south": { "uv": [ 4.96, 0.96, 7.04, 3.04 ], "texture": "#mesh_palette" },
				"west": { "uv": [ 4.96, 0.96, 7.04, 3.04 ], "texture": "#mesh_palette" },
				"east": { "uv": [ 4.96, 0.96, 7.04, 3.04 ], "texture": "#mesh_palette" }
			}
		},
		{
			"__comment": "Voxels-BC8148",
			"from": [ 8.5, 9.5, 6.5 ],
			"to": [ 9, 10, 7 ],
			"faces": {
				"down": { "uv": [ 4.96, 0.96, 7.04, 3.04 ], "texture": "#mesh_palette" },
				"up": { "uv": [ 4.96, 0.96, 7.04, 3.04 ], "texture": "#mesh_palette" },
				"north": { "uv": [ 4.96, 0.96, 7.04, 3.04 ], "texture": "#mesh_palette" },
				"south": { "uv": [ 4.96, 0.96, 7.04, 3.04 ], "texture": "#mesh_palette" },
				"west": { "uv": [ 4.96, 0.96, 7.04, 3.04 ], "texture": "#mesh_palette" },
				"east": { "uv": [ 4.96, 0.96, 7.04, 3.04 ], "texture": "#mesh_palette" }
			}
		},
		{
			"__comment": "Voxels-BC8148",
			"from": [ 8.5, 9.5, 9 ],
			"to": [ 9, 10, 9.5 ],
			"faces": {
				"down": { "uv": [ 4.96, 0.96, 7.04, 3.04 ], "texture": "#mesh_palette" },
				"up": { "uv": [ 4.96, 0.96, 7.04, 3.04 ], "texture": "#mesh_palette" },
				"north": { "uv": [ 4.96, 0.96, 7.04, 3.04 ], "texture": "#mesh_palette" },
				"south": { "uv": [ 4.96, 0.96, 7.04, 3.04 ], "texture": "#mesh_palette" },
				"west": { "uv": [ 4.96, 0.96, 7.04, 3.04 ], "texture": "#mesh_palette" },
				"east": { "uv": [ 4.96, 0.96, 7.04, 3.04 ], "texture": "#mesh_palette" }
			}
		},
		{
			"__comment": "Voxels-B88654",
			"from": [ 8.5, 10.5, 7.5 ],
			"to": [ 9, 22.5, 8.5 ],
			"faces": {
				"down": { "uv": [ 12.96, 0.96, 15.04, 3.04 ], "texture": "#mesh_palette" },
				"up": { "uv": [ 12.96, 0.96, 15.04, 3.04 ], "texture": "#mesh_palette" },
				"north": { "uv": [ 12.96, 0.96, 15.04, 3.04 ], "texture": "#mesh_palette" },
				"south": { "uv": [ 12.96, 0.96, 15.04, 3.04 ], "texture": "#mesh_palette" },
				"west": { "uv": [ 12.96, 0.96, 15.04, 3.04 ], "texture": "#mesh_palette" },
				"east": { "uv": [ 12.96, 0.96, 15.04, 3.04 ], "texture": "#mesh_palette" }
			}
		},
		{
			"__comment": "Voxels-B88654",
			"from": [ 8.5, 23.5, 7 ],
			"to": [ 9.5, 24.5, 7.5 ],
			"faces": {
				"down": { "uv": [ 12.96, 0.96, 15.04, 3.04 ], "texture": "#mesh_palette" },
				"up": { "uv": [ 12.96, 0.96, 15.04, 3.04 ], "texture": "#mesh_palette" },
				"north": { "uv": [ 12.96, 0.96, 15.04, 3.04 ], "texture": "#mesh_palette" },
				"south": { "uv": [ 12.96, 0.96, 15.04, 3.04 ], "texture": "#mesh_palette" },
				"west": { "uv": [ 12.96, 0.96, 15.04, 3.04 ], "texture": "#mesh_palette" },
				"east": { "uv": [ 12.96, 0.96, 15.04, 3.04 ], "texture": "#mesh_palette" }
			}
		},
		{
			"__comment": "Voxels-B88654",
			"from": [ 8.5, 23.5, 8.5 ],
			"to": [ 9.5, 24.5, 9 ],
			"faces": {
				"down": { "uv": [ 12.96, 0.96, 15.04, 3.04 ], "texture": "#mesh_palette" },
				"up": { "uv": [ 12.96, 0.96, 15.04, 3.04 ], "texture": "#mesh_palette" },
				"north": { "uv": [ 12.96, 0.96, 15.04, 3.04 ], "texture": "#mesh_palette" },
				"south": { "uv": [ 12.96, 0.96, 15.04, 3.04 ], "texture": "#mesh_palette" },
				"west": { "uv": [ 12.96, 0.96, 15.04, 3.04 ], "texture": "#mesh_palette" },
				"east": { "uv": [ 12.96, 0.96, 15.04, 3.04 ], "texture": "#mesh_palette" }
			}
		},
		{
			"__comment": "Voxels-BC8148",
			"from": [ 9, -0.5, 7.5 ],
			"to": [ 9.5, 1.5, 8.5 ],
			"faces": {
				"down": { "uv": [ 4.96, 0.96, 7.04, 3.04 ], "texture": "#mesh_palette" },
				"up": { "uv": [ 4.96, 0.96, 7.04, 3.04 ], "texture": "#mesh_palette" },
				"north": { "uv": [ 4.96, 0.96, 7.04, 3.04 ], "texture": "#mesh_palette" },
				"south": { "uv": [ 4.96, 0.96, 7.04, 3.04 ], "texture": "#mesh_palette" },
				"west": { "uv": [ 4.96, 0.96, 7.04, 3.04 ], "texture": "#mesh_palette" },
				"east": { "uv": [ 4.96, 0.96, 7.04, 3.04 ], "texture": "#mesh_palette" }
			}
		},
		{
			"__comment": "Voxels-BC8148",
			"from": [ 9, 0, 7 ],
			"to": [ 9.5, 1, 7.5 ],
			"faces": {
				"down": { "uv": [ 4.96, 0.96, 7.04, 3.04 ], "texture": "#mesh_palette" },
				"up": { "uv": [ 4.96, 0.96, 7.04, 3.04 ], "texture": "#mesh_palette" },
				"north": { "uv": [ 4.96, 0.96, 7.04, 3.04 ], "texture": "#mesh_palette" },
				"south": { "uv": [ 4.96, 0.96, 7.04, 3.04 ], "texture": "#mesh_palette" },
				"west": { "uv": [ 4.96, 0.96, 7.04, 3.04 ], "texture": "#mesh_palette" },
				"east": { "uv": [ 4.96, 0.96, 7.04, 3.04 ], "texture": "#mesh_palette" }
			}
		},
		{
			"__comment": "Voxels-BC8148",
			"from": [ 9, 0, 8.5 ],
			"to": [ 9.5, 1, 9 ],
			"faces": {
				"down": { "uv": [ 4.96, 0.96, 7.04, 3.04 ], "texture": "#mesh_palette" },
				"up": { "uv": [ 4.96, 0.96, 7.04, 3.04 ], "texture": "#mesh_palette" },
				"north": { "uv": [ 4.96, 0.96, 7.04, 3.04 ], "texture": "#mesh_palette" },
				"south": { "uv": [ 4.96, 0.96, 7.04, 3.04 ], "texture": "#mesh_palette" },
				"west": { "uv": [ 4.96, 0.96, 7.04, 3.04 ], "texture": "#mesh_palette" },
				"east": { "uv": [ 4.96, 0.96, 7.04, 3.04 ], "texture": "#mesh_palette" }
			}
		},
		{
			"__comment": "Voxels-BC8148",
			"from": [ 9, 4.5, 7 ],
			"to": [ 9.5, 5, 8.5 ],
			"faces": {
				"down": { "uv": [ 4.96, 0.96, 7.04, 3.04 ], "texture": "#mesh_palette" },
				"up": { "uv": [ 4.96, 0.96, 7.04, 3.04 ], "texture": "#mesh_palette" },
				"north": { "uv": [ 4.96, 0.96, 7.04, 3.04 ], "texture": "#mesh_palette" },
				"south": { "uv": [ 4.96, 0.96, 7.04, 3.04 ], "texture": "#mesh_palette" },
				"west": { "uv": [ 4.96, 0.96, 7.04, 3.04 ], "texture": "#mesh_palette" },
				"east": { "uv": [ 4.96, 0.96, 7.04, 3.04 ], "texture": "#mesh_palette" }
			}
		},
		{
			"__comment": "Voxels-BC8148",
			"from": [ 9, 5, 7.5 ],
			"to": [ 9.5, 10, 8.5 ],
			"faces": {
				"down": { "uv": [ 4.96, 0.96, 7.04, 3.04 ], "texture": "#mesh_palette" },
				"up": { "uv": [ 4.96, 0.96, 7.04, 3.04 ], "texture": "#mesh_palette" },
				"north": { "uv": [ 4.96, 0.96, 7.04, 3.04 ], "texture": "#mesh_palette" },
				"south": { "uv": [ 4.96, 0.96, 7.04, 3.04 ], "texture": "#mesh_palette" },
				"west": { "uv": [ 4.96, 0.96, 7.04, 3.04 ], "texture": "#mesh_palette" },
				"east": { "uv": [ 4.96, 0.96, 7.04, 3.04 ], "texture": "#mesh_palette" }
			}
		},
		{
			"__comment": "Voxels-BC8148",
			"from": [ 9, 10, 7 ],
			"to": [ 9.5, 10.5, 7.5 ],
			"faces": {
				"down": { "uv": [ 4.96, 0.96, 7.04, 3.04 ], "texture": "#mesh_palette" },
				"up": { "uv": [ 4.96, 0.96, 7.04, 3.04 ], "texture": "#mesh_palette" },
				"north": { "uv": [ 4.96, 0.96, 7.04, 3.04 ], "texture": "#mesh_palette" },
				"south": { "uv": [ 4.96, 0.96, 7.04, 3.04 ], "texture": "#mesh_palette" },
				"west": { "uv": [ 4.96, 0.96, 7.04, 3.04 ], "texture": "#mesh_palette" },
				"east": { "uv": [ 4.96, 0.96, 7.04, 3.04 ], "texture": "#mesh_palette" }
			}
		},
		{
			"__comment": "Voxels-B88654",
			"from": [ 9, 23.5, 7.5 ],
			"to": [ 9.5, 25, 8.5 ],
			"faces": {
				"down": { "uv": [ 12.96, 0.96, 15.04, 3.04 ], "texture": "#mesh_palette" },
				"up": { "uv": [ 12.96, 0.96, 15.04, 3.04 ], "texture": "#mesh_palette" },
				"north": { "uv": [ 12.96, 0.96, 15.04, 3.04 ], "texture": "#mesh_palette" },
				"south": { "uv": [ 12.96, 0.96, 15.04, 3.04 ], "texture": "#mesh_palette" },
				"west": { "uv": [ 12.96, 0.96, 15.04, 3.04 ], "texture": "#mesh_palette" },
				"east": { "uv": [ 12.96, 0.96, 15.04, 3.04 ], "texture": "#mesh_palette" }
			}
		}
	],
	"display": {
		"thirdperson_righthand": {
			"translation":  [ 0, 3, 2 ]
		},
    "firstperson_righthand": {
        "rotation": [ -14, 37, 0 ],
        "translation": [ 1.00, 0.75, -2.50 ],
        "scale": [ 0.65, 0.65, 0.65 ]
		},
		"gui": {
			"rotation":  [ 58, 48, -50 ],
			"translation":  [ -2, -2.782, 0 ],
			"scale":  [ 0.55, 0.55, 0.55 ]
		}
	}
}