{
	"__comment": "Designed by  with Cubik Studio - https://cubik.studio",
	"textures": {
		"hammer": "items/hammer"
	},
	"elements": [
		{
			"__comment": "Voxels-473952",
			"from": [ 2, 13.5, 6.5 ],
			"to": [ 3, 19.5, 9.5 ],
			"faces": {
				"down": { "uv": [ 0.96, 4.96, 3.04, 7.04 ], "texture": "#hammer" },
				"up": { "uv": [ 0.96, 4.96, 3.04, 7.04 ], "texture": "#hammer" },
				"north": { "uv": [ 0.96, 4.96, 3.04, 7.04 ], "texture": "#hammer" },
				"south": { "uv": [ 0.96, 4.96, 3.04, 7.04 ], "texture": "#hammer" },
				"west": { "uv": [ 0.96, 4.96, 3.04, 7.04 ], "texture": "#hammer" },
				"east": { "uv": [ 0.96, 4.96, 3.04, 7.04 ], "texture": "#hammer" }
			}
		},
		{
			"__comment": "Voxels-473952",
			"from": [ 2, 14, 6 ],
			"to": [ 3, 19, 6.5 ],
			"faces": {
				"down": { "uv": [ 0.96, 4.96, 3.04, 7.04 ], "texture": "#hammer" },
				"up": { "uv": [ 0.96, 4.96, 3.04, 7.04 ], "texture": "#hammer" },
				"north": { "uv": [ 0.96, 4.96, 3.04, 7.04 ], "texture": "#hammer" },
				"south": { "uv": [ 0.96, 4.96, 3.04, 7.04 ], "texture": "#hammer" },
				"west": { "uv": [ 0.96, 4.96, 3.04, 7.04 ], "texture": "#hammer" },
				"east": { "uv": [ 0.96, 4.96, 3.04, 7.04 ], "texture": "#hammer" }
			}
		},
		{
			"__comment": "Voxels-473952",
			"from": [ 2, 14, 9.5 ],
			"to": [ 3, 19, 10 ],
			"faces": {
				"down": { "uv": [ 0.96, 4.96, 3.04, 7.04 ], "texture": "#hammer" },
				"up": { "uv": [ 0.96, 4.96, 3.04, 7.04 ], "texture": "#hammer" },
				"north": { "uv": [ 0.96, 4.96, 3.04, 7.04 ], "texture": "#hammer" },
				"south": { "uv": [ 0.96, 4.96, 3.04, 7.04 ], "texture": "#hammer" },
				"west": { "uv": [ 0.96, 4.96, 3.04, 7.04 ], "texture": "#hammer" },
				"east": { "uv": [ 0.96, 4.96, 3.04, 7.04 ], "texture": "#hammer" }
			}
		},
		{
			"__comment": "Voxels-473952",
			"from": [ 2, 14.5, 5.5 ],
			"to": [ 3, 18.5, 6 ],
			"faces": {
				"down": { "uv": [ 0.96, 4.96, 3.04, 7.04 ], "texture": "#hammer" },
				"up": { "uv": [ 0.96, 4.96, 3.04, 7.04 ], "texture": "#hammer" },
				"north": { "uv": [ 0.96, 4.96, 3.04, 7.04 ], "texture": "#hammer" },
				"south": { "uv": [ 0.96, 4.96, 3.04, 7.04 ], "texture": "#hammer" },
				"west": { "uv": [ 0.96, 4.96, 3.04, 7.04 ], "texture": "#hammer" },
				"east": { "uv": [ 0.96, 4.96, 3.04, 7.04 ], "texture": "#hammer" }
			}
		},
		{
			"__comment": "Voxels-473952",
			"from": [ 2, 14.5, 10 ],
			"to": [ 3, 18.5, 10.5 ],
			"faces": {
				"down": { "uv": [ 0.96, 4.96, 3.04, 7.04 ], "texture": "#hammer" },
				"up": { "uv": [ 0.96, 4.96, 3.04, 7.04 ], "texture": "#hammer" },
				"north": { "uv": [ 0.96, 4.96, 3.04, 7.04 ], "texture": "#hammer" },
				"south": { "uv": [ 0.96, 4.96, 3.04, 7.04 ], "texture": "#hammer" },
				"west": { "uv": [ 0.96, 4.96, 3.04, 7.04 ], "texture": "#hammer" },
				"east": { "uv": [ 0.96, 4.96, 3.04, 7.04 ], "texture": "#hammer" }
			}
		},
		{
			"__comment": "Voxels-473952",
			"from": [ 2, 15, 10.5 ],
			"to": [ 3, 18, 11 ],
			"faces": {
				"down": { "uv": [ 0.96, 4.96, 3.04, 7.04 ], "texture": "#hammer" },
				"up": { "uv": [ 0.96, 4.96, 3.04, 7.04 ], "texture": "#hammer" },
				"north": { "uv": [ 0.96, 4.96, 3.04, 7.04 ], "texture": "#hammer" },
				"south": { "uv": [ 0.96, 4.96, 3.04, 7.04 ], "texture": "#hammer" },
				"west": { "uv": [ 0.96, 4.96, 3.04, 7.04 ], "texture": "#hammer" },
				"east": { "uv": [ 0.96, 4.96, 3.04, 7.04 ], "texture": "#hammer" }
			}
		},
		{
			"__comment": "Voxels-473952",
			"from": [ 2.5, 13, 6.5 ],
			"to": [ 13.5, 13.5, 9.5 ],
			"faces": {
				"down": { "uv": [ 0.96, 4.96, 3.04, 7.04 ], "texture": "#hammer" },
				"up": { "uv": [ 0.96, 4.96, 3.04, 7.04 ], "texture": "#hammer" },
				"north": { "uv": [ 0.96, 4.96, 3.04, 7.04 ], "texture": "#hammer" },
				"south": { "uv": [ 0.96, 4.96, 3.04, 7.04 ], "texture": "#hammer" },
				"west": { "uv": [ 0.96, 4.96, 3.04, 7.04 ], "texture": "#hammer" },
				"east": { "uv": [ 0.96, 4.96, 3.04, 7.04 ], "texture": "#hammer" }
			}
		},
		{
			"__comment": "Voxels-473952",
			"from": [ 2.5, 13.5, 6 ],
			"to": [ 13.5, 14, 6.5 ],
			"faces": {
				"down": { "uv": [ 0.96, 4.96, 3.04, 7.04 ], "texture": "#hammer" },
				"up": { "uv": [ 0.96, 4.96, 3.04, 7.04 ], "texture": "#hammer" },
				"north": { "uv": [ 0.96, 4.96, 3.04, 7.04 ], "texture": "#hammer" },
				"south": { "uv": [ 0.96, 4.96, 3.04, 7.04 ], "texture": "#hammer" },
				"west": { "uv": [ 0.96, 4.96, 3.04, 7.04 ], "texture": "#hammer" },
				"east": { "uv": [ 0.96, 4.96, 3.04, 7.04 ], "texture": "#hammer" }
			}
		},
		{
			"__comment": "Voxels-473952",
			"from": [ 2.5, 13.5, 9.5 ],
			"to": [ 13.5, 14, 10 ],
			"faces": {
				"down": { "uv": [ 0.96, 4.96, 3.04, 7.04 ], "texture": "#hammer" },
				"up": { "uv": [ 0.96, 4.96, 3.04, 7.04 ], "texture": "#hammer" },
				"north": { "uv": [ 0.96, 4.96, 3.04, 7.04 ], "texture": "#hammer" },
				"south": { "uv": [ 0.96, 4.96, 3.04, 7.04 ], "texture": "#hammer" },
				"west": { "uv": [ 0.96, 4.96, 3.04, 7.04 ], "texture": "#hammer" },
				"east": { "uv": [ 0.96, 4.96, 3.04, 7.04 ], "texture": "#hammer" }
			}
		},
		{
			"__comment": "Voxels-473952",
			"from": [ 2.5, 14, 5.5 ],
			"to": [ 13.5, 14.5, 6 ],
			"faces": {
				"down": { "uv": [ 0.96, 4.96, 3.04, 7.04 ], "texture": "#hammer" },
				"up": { "uv": [ 0.96, 4.96, 3.04, 7.04 ], "texture": "#hammer" },
				"north": { "uv": [ 0.96, 4.96, 3.04, 7.04 ], "texture": "#hammer" },
				"south": { "uv": [ 0.96, 4.96, 3.04, 7.04 ], "texture": "#hammer" },
				"west": { "uv": [ 0.96, 4.96, 3.04, 7.04 ], "texture": "#hammer" },
				"east": { "uv": [ 0.96, 4.96, 3.04, 7.04 ], "texture": "#hammer" }
			}
		},
		{
			"__comment": "Voxels-473952",
			"from": [ 2.5, 14, 10 ],
			"to": [ 13.5, 14.5, 10.5 ],
			"faces": {
				"down": { "uv": [ 0.96, 4.96, 3.04, 7.04 ], "texture": "#hammer" },
				"up": { "uv": [ 0.96, 4.96, 3.04, 7.04 ], "texture": "#hammer" },
				"north": { "uv": [ 0.96, 4.96, 3.04, 7.04 ], "texture": "#hammer" },
				"south": { "uv": [ 0.96, 4.96, 3.04, 7.04 ], "texture": "#hammer" },
				"west": { "uv": [ 0.96, 4.96, 3.04, 7.04 ], "texture": "#hammer" },
				"east": { "uv": [ 0.96, 4.96, 3.04, 7.04 ], "texture": "#hammer" }
			}
		},
		{
			"__comment": "Voxels-473952",
			"from": [ 2.5, 14.5, 5 ],
			"to": [ 13.5, 15, 5.5 ],
			"faces": {
				"down": { "uv": [ 0.96, 4.96, 3.04, 7.04 ], "texture": "#hammer" },
				"up": { "uv": [ 0.96, 4.96, 3.04, 7.04 ], "texture": "#hammer" },
				"north": { "uv": [ 0.96, 4.96, 3.04, 7.04 ], "texture": "#hammer" },
				"south": { "uv": [ 0.96, 4.96, 3.04, 7.04 ], "texture": "#hammer" },
				"west": { "uv": [ 0.96, 4.96, 3.04, 7.04 ], "texture": "#hammer" },
				"east": { "uv": [ 0.96, 4.96, 3.04, 7.04 ], "texture": "#hammer" }
			}
		},
		{
			"__comment": "Voxels-473952",
			"from": [ 2.5, 14.5, 10.5 ],
			"to": [ 13.5, 15, 11 ],
			"faces": {
				"down": { "uv": [ 0.96, 4.96, 3.04, 7.04 ], "texture": "#hammer" },
				"up": { "uv": [ 0.96, 4.96, 3.04, 7.04 ], "texture": "#hammer" },
				"north": { "uv": [ 0.96, 4.96, 3.04, 7.04 ], "texture": "#hammer" },
				"south": { "uv": [ 0.96, 4.96, 3.04, 7.04 ], "texture": "#hammer" },
				"west": { "uv": [ 0.96, 4.96, 3.04, 7.04 ], "texture": "#hammer" },
				"east": { "uv": [ 0.96, 4.96, 3.04, 7.04 ], "texture": "#hammer" }
			}
		},
		{
			"__comment": "Voxels-473952",
			"from": [ 2.5, 15, 4.5 ],
			"to": [ 13.5, 16.5, 5 ],
			"faces": {
				"down": { "uv": [ 0.96, 4.96, 3.04, 7.04 ], "texture": "#hammer" },
				"up": { "uv": [ 0.96, 4.96, 3.04, 7.04 ], "texture": "#hammer" },
				"north": { "uv": [ 0.96, 4.96, 3.04, 7.04 ], "texture": "#hammer" },
				"south": { "uv": [ 0.96, 4.96, 3.04, 7.04 ], "texture": "#hammer" },
				"west": { "uv": [ 0.96, 4.96, 3.04, 7.04 ], "texture": "#hammer" },
				"east": { "uv": [ 0.96, 4.96, 3.04, 7.04 ], "texture": "#hammer" }
			}
		},
		{
			"__comment": "Voxels-473952",
			"from": [ 2.5, 15, 10.5 ],
			"to": [ 3, 18.5, 11 ],
			"faces": {
				"down": { "uv": [ 0.96, 4.96, 3.04, 7.04 ], "texture": "#hammer" },
				"up": { "uv": [ 0.96, 4.96, 3.04, 7.04 ], "texture": "#hammer" },
				"north": { "uv": [ 0.96, 4.96, 3.04, 7.04 ], "texture": "#hammer" },
				"south": { "uv": [ 0.96, 4.96, 3.04, 7.04 ], "texture": "#hammer" },
				"west": { "uv": [ 0.96, 4.96, 3.04, 7.04 ], "texture": "#hammer" },
				"east": { "uv": [ 0.96, 4.96, 3.04, 7.04 ], "texture": "#hammer" }
			}
		},
		{
			"__comment": "Voxels-473952",
			"from": [ 2.5, 16.5, 4.5 ],
			"to": [ 3, 18, 5 ],
			"faces": {
				"down": { "uv": [ 0.96, 4.96, 3.04, 7.04 ], "texture": "#hammer" },
				"up": { "uv": [ 0.96, 4.96, 3.04, 7.04 ], "texture": "#hammer" },
				"north": { "uv": [ 0.96, 4.96, 3.04, 7.04 ], "texture": "#hammer" },
				"south": { "uv": [ 0.96, 4.96, 3.04, 7.04 ], "texture": "#hammer" },
				"west": { "uv": [ 0.96, 4.96, 3.04, 7.04 ], "texture": "#hammer" },
				"east": { "uv": [ 0.96, 4.96, 3.04, 7.04 ], "texture": "#hammer" }
			}
		},
		{
			"__comment": "Voxels-473952",
			"from": [ 2.5, 18, 5 ],
			"to": [ 13.5, 18.5, 5.5 ],
			"faces": {
				"down": { "uv": [ 0.96, 4.96, 3.04, 7.04 ], "texture": "#hammer" },
				"up": { "uv": [ 0.96, 4.96, 3.04, 7.04 ], "texture": "#hammer" },
				"north": { "uv": [ 0.96, 4.96, 3.04, 7.04 ], "texture": "#hammer" },
				"south": { "uv": [ 0.96, 4.96, 3.04, 7.04 ], "texture": "#hammer" },
				"west": { "uv": [ 0.96, 4.96, 3.04, 7.04 ], "texture": "#hammer" },
				"east": { "uv": [ 0.96, 4.96, 3.04, 7.04 ], "texture": "#hammer" }
			}
		},
		{
			"__comment": "Voxels-473952",
			"from": [ 2.5, 18.5, 5.5 ],
			"to": [ 13.5, 19, 6 ],
			"faces": {
				"down": { "uv": [ 0.96, 4.96, 3.04, 7.04 ], "texture": "#hammer" },
				"up": { "uv": [ 0.96, 4.96, 3.04, 7.04 ], "texture": "#hammer" },
				"north": { "uv": [ 0.96, 4.96, 3.04, 7.04 ], "texture": "#hammer" },
				"south": { "uv": [ 0.96, 4.96, 3.04, 7.04 ], "texture": "#hammer" },
				"west": { "uv": [ 0.96, 4.96, 3.04, 7.04 ], "texture": "#hammer" },
				"east": { "uv": [ 0.96, 4.96, 3.04, 7.04 ], "texture": "#hammer" }
			}
		},
		{
			"__comment": "Voxels-473952",
			"from": [ 2.5, 18.5, 10 ],
			"to": [ 13.5, 19, 10.5 ],
			"faces": {
				"down": { "uv": [ 0.96, 4.96, 3.04, 7.04 ], "texture": "#hammer" },
				"up": { "uv": [ 0.96, 4.96, 3.04, 7.04 ], "texture": "#hammer" },
				"north": { "uv": [ 0.96, 4.96, 3.04, 7.04 ], "texture": "#hammer" },
				"south": { "uv": [ 0.96, 4.96, 3.04, 7.04 ], "texture": "#hammer" },
				"west": { "uv": [ 0.96, 4.96, 3.04, 7.04 ], "texture": "#hammer" },
				"east": { "uv": [ 0.96, 4.96, 3.04, 7.04 ], "texture": "#hammer" }
			}
		},
		{
			"__comment": "Voxels-473952",
			"from": [ 2.5, 19, 6 ],
			"to": [ 13.5, 19.5, 6.5 ],
			"faces": {
				"down": { "uv": [ 0.96, 4.96, 3.04, 7.04 ], "texture": "#hammer" },
				"up": { "uv": [ 0.96, 4.96, 3.04, 7.04 ], "texture": "#hammer" },
				"north": { "uv": [ 0.96, 4.96, 3.04, 7.04 ], "texture": "#hammer" },
				"south": { "uv": [ 0.96, 4.96, 3.04, 7.04 ], "texture": "#hammer" },
				"west": { "uv": [ 0.96, 4.96, 3.04, 7.04 ], "texture": "#hammer" },
				"east": { "uv": [ 0.96, 4.96, 3.04, 7.04 ], "texture": "#hammer" }
			}
		},
		{
			"__comment": "Voxels-473952",
			"from": [ 2.5, 19, 9.5 ],
			"to": [ 13.5, 19.5, 10 ],
			"faces": {
				"down": { "uv": [ 0.96, 4.96, 3.04, 7.04 ], "texture": "#hammer" },
				"up": { "uv": [ 0.96, 4.96, 3.04, 7.04 ], "texture": "#hammer" },
				"north": { "uv": [ 0.96, 4.96, 3.04, 7.04 ], "texture": "#hammer" },
				"south": { "uv": [ 0.96, 4.96, 3.04, 7.04 ], "texture": "#hammer" },
				"west": { "uv": [ 0.96, 4.96, 3.04, 7.04 ], "texture": "#hammer" },
				"east": { "uv": [ 0.96, 4.96, 3.04, 7.04 ], "texture": "#hammer" }
			}
		},
		{
			"__comment": "Voxels-473952",
			"from": [ 2.5, 19.5, 6.5 ],
			"to": [ 13.5, 20, 7 ],
			"faces": {
				"down": { "uv": [ 0.96, 4.96, 3.04, 7.04 ], "texture": "#hammer" },
				"up": { "uv": [ 0.96, 4.96, 3.04, 7.04 ], "texture": "#hammer" },
				"north": { "uv": [ 0.96, 4.96, 3.04, 7.04 ], "texture": "#hammer" },
				"south": { "uv": [ 0.96, 4.96, 3.04, 7.04 ], "texture": "#hammer" },
				"west": { "uv": [ 0.96, 4.96, 3.04, 7.04 ], "texture": "#hammer" },
				"east": { "uv": [ 0.96, 4.96, 3.04, 7.04 ], "texture": "#hammer" }
			}
		},
		{
			"__comment": "Voxels-473952",
			"from": [ 2.5, 19.5, 7 ],
			"to": [ 6.5, 20, 9.5 ],
			"faces": {
				"down": { "uv": [ 0.96, 4.96, 3.04, 7.04 ], "texture": "#hammer" },
				"up": { "uv": [ 0.96, 4.96, 3.04, 7.04 ], "texture": "#hammer" },
				"north": { "uv": [ 0.96, 4.96, 3.04, 7.04 ], "texture": "#hammer" },
				"south": { "uv": [ 0.96, 4.96, 3.04, 7.04 ], "texture": "#hammer" },
				"west": { "uv": [ 0.96, 4.96, 3.04, 7.04 ], "texture": "#hammer" },
				"east": { "uv": [ 0.96, 4.96, 3.04, 7.04 ], "texture": "#hammer" }
			}
		},
		{
			"__comment": "Voxels-473952",
			"from": [ 3, 13, 6 ],
			"to": [ 13, 13.5, 6.5 ],
			"faces": {
				"down": { "uv": [ 0.96, 4.96, 3.04, 7.04 ], "texture": "#hammer" },
				"up": { "uv": [ 0.96, 4.96, 3.04, 7.04 ], "texture": "#hammer" },
				"north": { "uv": [ 0.96, 4.96, 3.04, 7.04 ], "texture": "#hammer" },
				"south": { "uv": [ 0.96, 4.96, 3.04, 7.04 ], "texture": "#hammer" },
				"west": { "uv": [ 0.96, 4.96, 3.04, 7.04 ], "texture": "#hammer" },
				"east": { "uv": [ 0.96, 4.96, 3.04, 7.04 ], "texture": "#hammer" }
			}
		},
		{
			"__comment": "Voxels-473952",
			"from": [ 3, 13, 9.5 ],
			"to": [ 13, 13.5, 10 ],
			"faces": {
				"down": { "uv": [ 0.96, 4.96, 3.04, 7.04 ], "texture": "#hammer" },
				"up": { "uv": [ 0.96, 4.96, 3.04, 7.04 ], "texture": "#hammer" },
				"north": { "uv": [ 0.96, 4.96, 3.04, 7.04 ], "texture": "#hammer" },
				"south": { "uv": [ 0.96, 4.96, 3.04, 7.04 ], "texture": "#hammer" },
				"west": { "uv": [ 0.96, 4.96, 3.04, 7.04 ], "texture": "#hammer" },
				"east": { "uv": [ 0.96, 4.96, 3.04, 7.04 ], "texture": "#hammer" }
			}
		},
		{
			"__comment": "Voxels-473952",
			"from": [ 3, 13.5, 5.5 ],
			"to": [ 13, 14, 6 ],
			"faces": {
				"down": { "uv": [ 0.96, 4.96, 3.04, 7.04 ], "texture": "#hammer" },
				"up": { "uv": [ 0.96, 4.96, 3.04, 7.04 ], "texture": "#hammer" },
				"north": { "uv": [ 0.96, 4.96, 3.04, 7.04 ], "texture": "#hammer" },
				"south": { "uv": [ 0.96, 4.96, 3.04, 7.04 ], "texture": "#hammer" },
				"west": { "uv": [ 0.96, 4.96, 3.04, 7.04 ], "texture": "#hammer" },
				"east": { "uv": [ 0.96, 4.96, 3.04, 7.04 ], "texture": "#hammer" }
			}
		},
		{
			"__comment": "Voxels-473952",
			"from": [ 3, 13.5, 10 ],
			"to": [ 13, 14, 10.5 ],
			"faces": {
				"down": { "uv": [ 0.96, 4.96, 3.04, 7.04 ], "texture": "#hammer" },
				"up": { "uv": [ 0.96, 4.96, 3.04, 7.04 ], "texture": "#hammer" },
				"north": { "uv": [ 0.96, 4.96, 3.04, 7.04 ], "texture": "#hammer" },
				"south": { "uv": [ 0.96, 4.96, 3.04, 7.04 ], "texture": "#hammer" },
				"west": { "uv": [ 0.96, 4.96, 3.04, 7.04 ], "texture": "#hammer" },
				"east": { "uv": [ 0.96, 4.96, 3.04, 7.04 ], "texture": "#hammer" }
			}
		},
		{
			"__comment": "Voxels-473952",
			"from": [ 3, 14, 5 ],
			"to": [ 13, 14.5, 5.5 ],
			"faces": {
				"down": { "uv": [ 0.96, 4.96, 3.04, 7.04 ], "texture": "#hammer" },
				"up": { "uv": [ 0.96, 4.96, 3.04, 7.04 ], "texture": "#hammer" },
				"north": { "uv": [ 0.96, 4.96, 3.04, 7.04 ], "texture": "#hammer" },
				"south": { "uv": [ 0.96, 4.96, 3.04, 7.04 ], "texture": "#hammer" },
				"west": { "uv": [ 0.96, 4.96, 3.04, 7.04 ], "texture": "#hammer" },
				"east": { "uv": [ 0.96, 4.96, 3.04, 7.04 ], "texture": "#hammer" }
			}
		},
		{
			"__comment": "Voxels-473952",
			"from": [ 3, 14, 10.5 ],
			"to": [ 13, 14.5, 11 ],
			"faces": {
				"down": { "uv": [ 0.96, 4.96, 3.04, 7.04 ], "texture": "#hammer" },
				"up": { "uv": [ 0.96, 4.96, 3.04, 7.04 ], "texture": "#hammer" },
				"north": { "uv": [ 0.96, 4.96, 3.04, 7.04 ], "texture": "#hammer" },
				"south": { "uv": [ 0.96, 4.96, 3.04, 7.04 ], "texture": "#hammer" },
				"west": { "uv": [ 0.96, 4.96, 3.04, 7.04 ], "texture": "#hammer" },
				"east": { "uv": [ 0.96, 4.96, 3.04, 7.04 ], "texture": "#hammer" }
			}
		},
		{
			"__comment": "Voxels-473952",
			"from": [ 3, 14.5, 4.5 ],
			"to": [ 13, 15, 5 ],
			"faces": {
				"down": { "uv": [ 0.96, 4.96, 3.04, 7.04 ], "texture": "#hammer" },
				"up": { "uv": [ 0.96, 4.96, 3.04, 7.04 ], "texture": "#hammer" },
				"north": { "uv": [ 0.96, 4.96, 3.04, 7.04 ], "texture": "#hammer" },
				"south": { "uv": [ 0.96, 4.96, 3.04, 7.04 ], "texture": "#hammer" },
				"west": { "uv": [ 0.96, 4.96, 3.04, 7.04 ], "texture": "#hammer" },
				"east": { "uv": [ 0.96, 4.96, 3.04, 7.04 ], "texture": "#hammer" }
			}
		},
		{
			"__comment": "Voxels-473952",
			"from": [ 2.5, 14.5, 11 ],
			"to": [ 13, 16.5, 11.5 ],
			"faces": {
				"down": { "uv": [ 0.96, 4.96, 3.04, 7.04 ], "texture": "#hammer" },
				"up": { "uv": [ 0.96, 4.96, 3.04, 7.04 ], "texture": "#hammer" },
				"north": { "uv": [ 0.96, 4.96, 3.04, 7.04 ], "texture": "#hammer" },
				"south": { "uv": [ 0.96, 4.96, 3.04, 7.04 ], "texture": "#hammer" },
				"west": { "uv": [ 0.96, 4.96, 3.04, 7.04 ], "texture": "#hammer" },
				"east": { "uv": [ 0.96, 4.96, 3.04, 7.04 ], "texture": "#hammer" }
			}
		},
		{
			"__comment": "Voxels-5E4D68",
			"from": [ 3, 16.5, 4.5 ],
			"to": [ 3.5, 17.5, 5 ],
			"faces": {
				"down": { "uv": [ 8.96, 4.96, 11.04, 7.04 ], "texture": "#hammer" },
				"up": { "uv": [ 8.96, 4.96, 11.04, 7.04 ], "texture": "#hammer" },
				"north": { "uv": [ 8.96, 4.96, 11.04, 7.04 ], "texture": "#hammer" },
				"south": { "uv": [ 8.96, 4.96, 11.04, 7.04 ], "texture": "#hammer" },
				"west": { "uv": [ 8.96, 4.96, 11.04, 7.04 ], "texture": "#hammer" },
				"east": { "uv": [ 8.96, 4.96, 11.04, 7.04 ], "texture": "#hammer" }
			}
		},
		{
			"__comment": "Voxels-473952",
			"from": [ 2.5, 16.5, 11 ],
			"to": [ 3, 18, 11.5 ],
			"faces": {
				"down": { "uv": [ 0.96, 4.96, 3.04, 7.04 ], "texture": "#hammer" },
				"up": { "uv": [ 0.96, 4.96, 3.04, 7.04 ], "texture": "#hammer" },
				"north": { "uv": [ 0.96, 4.96, 3.04, 7.04 ], "texture": "#hammer" },
				"south": { "uv": [ 0.96, 4.96, 3.04, 7.04 ], "texture": "#hammer" },
				"west": { "uv": [ 0.96, 4.96, 3.04, 7.04 ], "texture": "#hammer" },
				"east": { "uv": [ 0.96, 4.96, 3.04, 7.04 ], "texture": "#hammer" }
			}
		},
		{
			"__comment": "Voxels-473952",
			"from": [ 3, 17.5, 4.5 ],
			"to": [ 3.5, 18.5, 5 ],
			"faces": {
				"down": { "uv": [ 0.96, 4.96, 3.04, 7.04 ], "texture": "#hammer" },
				"up": { "uv": [ 0.96, 4.96, 3.04, 7.04 ], "texture": "#hammer" },
				"north": { "uv": [ 0.96, 4.96, 3.04, 7.04 ], "texture": "#hammer" },
				"south": { "uv": [ 0.96, 4.96, 3.04, 7.04 ], "texture": "#hammer" },
				"west": { "uv": [ 0.96, 4.96, 3.04, 7.04 ], "texture": "#hammer" },
				"east": { "uv": [ 0.96, 4.96, 3.04, 7.04 ], "texture": "#hammer" }
			}
		},
		{
			"__comment": "Voxels-473952",
			"from": [ 3, 18, 10.5 ],
			"to": [ 13.5, 18.5, 11 ],
			"faces": {
				"down": { "uv": [ 0.96, 4.96, 3.04, 7.04 ], "texture": "#hammer" },
				"up": { "uv": [ 0.96, 4.96, 3.04, 7.04 ], "texture": "#hammer" },
				"north": { "uv": [ 0.96, 4.96, 3.04, 7.04 ], "texture": "#hammer" },
				"south": { "uv": [ 0.96, 4.96, 3.04, 7.04 ], "texture": "#hammer" },
				"west": { "uv": [ 0.96, 4.96, 3.04, 7.04 ], "texture": "#hammer" },
				"east": { "uv": [ 0.96, 4.96, 3.04, 7.04 ], "texture": "#hammer" }
			}
		},
		{
			"__comment": "Voxels-473952",
			"from": [ 3, 18.5, 5 ],
			"to": [ 13, 19, 5.5 ],
			"faces": {
				"down": { "uv": [ 0.96, 4.96, 3.04, 7.04 ], "texture": "#hammer" },
				"up": { "uv": [ 0.96, 4.96, 3.04, 7.04 ], "texture": "#hammer" },
				"north": { "uv": [ 0.96, 4.96, 3.04, 7.04 ], "texture": "#hammer" },
				"south": { "uv": [ 0.96, 4.96, 3.04, 7.04 ], "texture": "#hammer" },
				"west": { "uv": [ 0.96, 4.96, 3.04, 7.04 ], "texture": "#hammer" },
				"east": { "uv": [ 0.96, 4.96, 3.04, 7.04 ], "texture": "#hammer" }
			}
		},
		{
			"__comment": "Voxels-473952",
			"from": [ 3, 18.5, 10.5 ],
			"to": [ 13, 19, 11 ],
			"faces": {
				"down": { "uv": [ 0.96, 4.96, 3.04, 7.04 ], "texture": "#hammer" },
				"up": { "uv": [ 0.96, 4.96, 3.04, 7.04 ], "texture": "#hammer" },
				"north": { "uv": [ 0.96, 4.96, 3.04, 7.04 ], "texture": "#hammer" },
				"south": { "uv": [ 0.96, 4.96, 3.04, 7.04 ], "texture": "#hammer" },
				"west": { "uv": [ 0.96, 4.96, 3.04, 7.04 ], "texture": "#hammer" },
				"east": { "uv": [ 0.96, 4.96, 3.04, 7.04 ], "texture": "#hammer" }
			}
		},
		{
			"__comment": "Voxels-473952",
			"from": [ 3, 19, 5.5 ],
			"to": [ 13, 19.5, 6 ],
			"faces": {
				"down": { "uv": [ 0.96, 4.96, 3.04, 7.04 ], "texture": "#hammer" },
				"up": { "uv": [ 0.96, 4.96, 3.04, 7.04 ], "texture": "#hammer" },
				"north": { "uv": [ 0.96, 4.96, 3.04, 7.04 ], "texture": "#hammer" },
				"south": { "uv": [ 0.96, 4.96, 3.04, 7.04 ], "texture": "#hammer" },
				"west": { "uv": [ 0.96, 4.96, 3.04, 7.04 ], "texture": "#hammer" },
				"east": { "uv": [ 0.96, 4.96, 3.04, 7.04 ], "texture": "#hammer" }
			}
		},
		{
			"__comment": "Voxels-473952",
			"from": [ 3, 19, 10 ],
			"to": [ 13, 19.5, 10.5 ],
			"faces": {
				"down": { "uv": [ 0.96, 4.96, 3.04, 7.04 ], "texture": "#hammer" },
				"up": { "uv": [ 0.96, 4.96, 3.04, 7.04 ], "texture": "#hammer" },
				"north": { "uv": [ 0.96, 4.96, 3.04, 7.04 ], "texture": "#hammer" },
				"south": { "uv": [ 0.96, 4.96, 3.04, 7.04 ], "texture": "#hammer" },
				"west": { "uv": [ 0.96, 4.96, 3.04, 7.04 ], "texture": "#hammer" },
				"east": { "uv": [ 0.96, 4.96, 3.04, 7.04 ], "texture": "#hammer" }
			}
		},
		{
			"__comment": "Voxels-473952",
			"from": [ 3, 19.5, 6 ],
			"to": [ 13, 20, 6.5 ],
			"faces": {
				"down": { "uv": [ 0.96, 4.96, 3.04, 7.04 ], "texture": "#hammer" },
				"up": { "uv": [ 0.96, 4.96, 3.04, 7.04 ], "texture": "#hammer" },
				"north": { "uv": [ 0.96, 4.96, 3.04, 7.04 ], "texture": "#hammer" },
				"south": { "uv": [ 0.96, 4.96, 3.04, 7.04 ], "texture": "#hammer" },
				"west": { "uv": [ 0.96, 4.96, 3.04, 7.04 ], "texture": "#hammer" },
				"east": { "uv": [ 0.96, 4.96, 3.04, 7.04 ], "texture": "#hammer" }
			}
		},
		{
			"__comment": "Voxels-473952",
			"from": [ 3, 19.5, 9.5 ],
			"to": [ 13, 20, 10 ],
			"faces": {
				"down": { "uv": [ 0.96, 4.96, 3.04, 7.04 ], "texture": "#hammer" },
				"up": { "uv": [ 0.96, 4.96, 3.04, 7.04 ], "texture": "#hammer" },
				"north": { "uv": [ 0.96, 4.96, 3.04, 7.04 ], "texture": "#hammer" },
				"south": { "uv": [ 0.96, 4.96, 3.04, 7.04 ], "texture": "#hammer" },
				"west": { "uv": [ 0.96, 4.96, 3.04, 7.04 ], "texture": "#hammer" },
				"east": { "uv": [ 0.96, 4.96, 3.04, 7.04 ], "texture": "#hammer" }
			}
		},
		{
			"__comment": "Voxels-473952",
			"from": [ 3.5, 16.5, 4.5 ],
			"to": [ 12.5, 17, 5 ],
			"faces": {
				"down": { "uv": [ 0.96, 4.96, 3.04, 7.04 ], "texture": "#hammer" },
				"up": { "uv": [ 0.96, 4.96, 3.04, 7.04 ], "texture": "#hammer" },
				"north": { "uv": [ 0.96, 4.96, 3.04, 7.04 ], "texture": "#hammer" },
				"south": { "uv": [ 0.96, 4.96, 3.04, 7.04 ], "texture": "#hammer" },
				"west": { "uv": [ 0.96, 4.96, 3.04, 7.04 ], "texture": "#hammer" },
				"east": { "uv": [ 0.96, 4.96, 3.04, 7.04 ], "texture": "#hammer" }
			}
		},
		{
			"__comment": "Voxels-5E4D68",
			"from": [ 3, 16.5, 11 ],
			"to": [ 3.5, 17.5, 11.5 ],
			"faces": {
				"down": { "uv": [ 8.96, 4.96, 11.04, 7.04 ], "texture": "#hammer" },
				"up": { "uv": [ 8.96, 4.96, 11.04, 7.04 ], "texture": "#hammer" },
				"north": { "uv": [ 8.96, 4.96, 11.04, 7.04 ], "texture": "#hammer" },
				"south": { "uv": [ 8.96, 4.96, 11.04, 7.04 ], "texture": "#hammer" },
				"west": { "uv": [ 8.96, 4.96, 11.04, 7.04 ], "texture": "#hammer" },
				"east": { "uv": [ 8.96, 4.96, 11.04, 7.04 ], "texture": "#hammer" }
			}
		},
		{
			"__comment": "Voxels-5E4D68",
			"from": [ 3.5, 17, 4.5 ],
			"to": [ 4, 18, 5 ],
			"faces": {
				"down": { "uv": [ 8.96, 4.96, 11.04, 7.04 ], "texture": "#hammer" },
				"up": { "uv": [ 8.96, 4.96, 11.04, 7.04 ], "texture": "#hammer" },
				"north": { "uv": [ 8.96, 4.96, 11.04, 7.04 ], "texture": "#hammer" },
				"south": { "uv": [ 8.96, 4.96, 11.04, 7.04 ], "texture": "#hammer" },
				"west": { "uv": [ 8.96, 4.96, 11.04, 7.04 ], "texture": "#hammer" },
				"east": { "uv": [ 8.96, 4.96, 11.04, 7.04 ], "texture": "#hammer" }
			}
		},
		{
			"__comment": "Voxels-473952",
			"from": [ 3, 17.5, 11 ],
			"to": [ 3.5, 18.5, 11.5 ],
			"faces": {
				"down": { "uv": [ 0.96, 4.96, 3.04, 7.04 ], "texture": "#hammer" },
				"up": { "uv": [ 0.96, 4.96, 3.04, 7.04 ], "texture": "#hammer" },
				"north": { "uv": [ 0.96, 4.96, 3.04, 7.04 ], "texture": "#hammer" },
				"south": { "uv": [ 0.96, 4.96, 3.04, 7.04 ], "texture": "#hammer" },
				"west": { "uv": [ 0.96, 4.96, 3.04, 7.04 ], "texture": "#hammer" },
				"east": { "uv": [ 0.96, 4.96, 3.04, 7.04 ], "texture": "#hammer" }
			}
		},
		{
			"__comment": "Voxels-473952",
			"from": [ 3.5, 18, 4.5 ],
			"to": [ 13, 18.5, 5 ],
			"faces": {
				"down": { "uv": [ 0.96, 4.96, 3.04, 7.04 ], "texture": "#hammer" },
				"up": { "uv": [ 0.96, 4.96, 3.04, 7.04 ], "texture": "#hammer" },
				"north": { "uv": [ 0.96, 4.96, 3.04, 7.04 ], "texture": "#hammer" },
				"south": { "uv": [ 0.96, 4.96, 3.04, 7.04 ], "texture": "#hammer" },
				"west": { "uv": [ 0.96, 4.96, 3.04, 7.04 ], "texture": "#hammer" },
				"east": { "uv": [ 0.96, 4.96, 3.04, 7.04 ], "texture": "#hammer" }
			}
		},
		{
			"__comment": "Voxels-473952",
			"from": [ 3.5, 16.5, 11 ],
			"to": [ 12.5, 17, 11.5 ],
			"faces": {
				"down": { "uv": [ 0.96, 4.96, 3.04, 7.04 ], "texture": "#hammer" },
				"up": { "uv": [ 0.96, 4.96, 3.04, 7.04 ], "texture": "#hammer" },
				"north": { "uv": [ 0.96, 4.96, 3.04, 7.04 ], "texture": "#hammer" },
				"south": { "uv": [ 0.96, 4.96, 3.04, 7.04 ], "texture": "#hammer" },
				"west": { "uv": [ 0.96, 4.96, 3.04, 7.04 ], "texture": "#hammer" },
				"east": { "uv": [ 0.96, 4.96, 3.04, 7.04 ], "texture": "#hammer" }
			}
		},
		{
			"__comment": "Voxels-473952",
			"from": [ 4, 17, 4.5 ],
			"to": [ 12, 17.5, 5 ],
			"faces": {
				"down": { "uv": [ 0.96, 4.96, 3.04, 7.04 ], "texture": "#hammer" },
				"up": { "uv": [ 0.96, 4.96, 3.04, 7.04 ], "texture": "#hammer" },
				"north": { "uv": [ 0.96, 4.96, 3.04, 7.04 ], "texture": "#hammer" },
				"south": { "uv": [ 0.96, 4.96, 3.04, 7.04 ], "texture": "#hammer" },
				"west": { "uv": [ 0.96, 4.96, 3.04, 7.04 ], "texture": "#hammer" },
				"east": { "uv": [ 0.96, 4.96, 3.04, 7.04 ], "texture": "#hammer" }
			}
		},
		{
			"__comment": "Voxels-5E4D68",
			"from": [ 3.5, 17, 11 ],
			"to": [ 4, 18, 11.5 ],
			"faces": {
				"down": { "uv": [ 8.96, 4.96, 11.04, 7.04 ], "texture": "#hammer" },
				"up": { "uv": [ 8.96, 4.96, 11.04, 7.04 ], "texture": "#hammer" },
				"north": { "uv": [ 8.96, 4.96, 11.04, 7.04 ], "texture": "#hammer" },
				"south": { "uv": [ 8.96, 4.96, 11.04, 7.04 ], "texture": "#hammer" },
				"west": { "uv": [ 8.96, 4.96, 11.04, 7.04 ], "texture": "#hammer" },
				"east": { "uv": [ 8.96, 4.96, 11.04, 7.04 ], "texture": "#hammer" }
			}
		},
		{
			"__comment": "Voxels-5E4D68",
			"from": [ 4, 17.5, 4.5 ],
			"to": [ 7, 18, 5 ],
			"faces": {
				"down": { "uv": [ 8.96, 4.96, 11.04, 7.04 ], "texture": "#hammer" },
				"up": { "uv": [ 8.96, 4.96, 11.04, 7.04 ], "texture": "#hammer" },
				"north": { "uv": [ 8.96, 4.96, 11.04, 7.04 ], "texture": "#hammer" },
				"south": { "uv": [ 8.96, 4.96, 11.04, 7.04 ], "texture": "#hammer" },
				"west": { "uv": [ 8.96, 4.96, 11.04, 7.04 ], "texture": "#hammer" },
				"east": { "uv": [ 8.96, 4.96, 11.04, 7.04 ], "texture": "#hammer" }
			}
		},
		{
			"__comment": "Voxels-473952",
			"from": [ 4, 18, 11 ],
			"to": [ 13, 18.5, 11.5 ],
			"faces": {
				"down": { "uv": [ 0.96, 4.96, 3.04, 7.04 ], "texture": "#hammer" },
				"up": { "uv": [ 0.96, 4.96, 3.04, 7.04 ], "texture": "#hammer" },
				"north": { "uv": [ 0.96, 4.96, 3.04, 7.04 ], "texture": "#hammer" },
				"south": { "uv": [ 0.96, 4.96, 3.04, 7.04 ], "texture": "#hammer" },
				"west": { "uv": [ 0.96, 4.96, 3.04, 7.04 ], "texture": "#hammer" },
				"east": { "uv": [ 0.96, 4.96, 3.04, 7.04 ], "texture": "#hammer" }
			}
		},
		{
			"__comment": "Voxels-473952",
			"from": [ 4, 17, 11 ],
			"to": [ 12, 17.5, 11.5 ],
			"faces": {
				"down": { "uv": [ 0.96, 4.96, 3.04, 7.04 ], "texture": "#hammer" },
				"up": { "uv": [ 0.96, 4.96, 3.04, 7.04 ], "texture": "#hammer" },
				"north": { "uv": [ 0.96, 4.96, 3.04, 7.04 ], "texture": "#hammer" },
				"south": { "uv": [ 0.96, 4.96, 3.04, 7.04 ], "texture": "#hammer" },
				"west": { "uv": [ 0.96, 4.96, 3.04, 7.04 ], "texture": "#hammer" },
				"east": { "uv": [ 0.96, 4.96, 3.04, 7.04 ], "texture": "#hammer" }
			}
		},
		{
			"__comment": "Voxels-5E4D68",
			"from": [ 4, 17.5, 11 ],
			"to": [ 7, 18, 11.5 ],
			"faces": {
				"down": { "uv": [ 8.96, 4.96, 11.04, 7.04 ], "texture": "#hammer" },
				"up": { "uv": [ 8.96, 4.96, 11.04, 7.04 ], "texture": "#hammer" },
				"north": { "uv": [ 8.96, 4.96, 11.04, 7.04 ], "texture": "#hammer" },
				"south": { "uv": [ 8.96, 4.96, 11.04, 7.04 ], "texture": "#hammer" },
				"west": { "uv": [ 8.96, 4.96, 11.04, 7.04 ], "texture": "#hammer" },
				"east": { "uv": [ 8.96, 4.96, 11.04, 7.04 ], "texture": "#hammer" }
			}
		},
		{
			"__comment": "Voxels-7A584F",
			"from": [ 2.8452, 5.4784, 7.75 ],
			"to": [ 3.8452, 5.9784, 8.25 ],
			"rotation": { "origin": [ 4, 5, 8 ], "axis": "z", "angle": 22.5 },
			"faces": {
				"down": { "uv": [ 15.04, 3.04, 12.96, 0.96 ], "texture": "#hammer" },
				"up": { "uv": [ 15.04, 3.04, 12.96, 0.96 ], "texture": "#hammer" },
				"north": { "uv": [ 12.96, 0.96, 15.04, 3.04 ], "texture": "#hammer", "rotation": 180 },
				"south": { "uv": [ 12.96, 0.96, 15.04, 3.04 ], "texture": "#hammer", "rotation": 180 },
				"west": { "uv": [ 12.96, 0.96, 15.04, 3.04 ], "texture": "#hammer", "rotation": 180 },
				"east": { "uv": [ 12.96, 0.96, 15.04, 3.04 ], "texture": "#hammer", "rotation": 180 }
			}
		},
		{
			"__comment": "Voxels-473959",
			"from": [ 5.5, 12, 7.5 ],
			"to": [ 6.5, 12.5, 8.5 ],
			"faces": {
				"down": { "uv": [ 4.96, 4.96, 7.04, 7.04 ], "texture": "#hammer" },
				"up": { "uv": [ 4.96, 4.96, 7.04, 7.04 ], "texture": "#hammer" },
				"north": { "uv": [ 4.96, 4.96, 7.04, 7.04 ], "texture": "#hammer" },
				"south": { "uv": [ 4.96, 4.96, 7.04, 7.04 ], "texture": "#hammer" },
				"west": { "uv": [ 4.96, 4.96, 7.04, 7.04 ], "texture": "#hammer" },
				"east": { "uv": [ 4.96, 4.96, 7.04, 7.04 ], "texture": "#hammer" }
			}
		},
		{
			"__comment": "Voxels-473952",
			"from": [ 5.5, 12.5, 7.5 ],
			"to": [ 10.5, 13, 8.5 ],
			"faces": {
				"down": { "uv": [ 0.96, 4.96, 3.04, 7.04 ], "texture": "#hammer" },
				"up": { "uv": [ 0.96, 4.96, 3.04, 7.04 ], "texture": "#hammer" },
				"north": { "uv": [ 0.96, 4.96, 3.04, 7.04 ], "texture": "#hammer" },
				"south": { "uv": [ 0.96, 4.96, 3.04, 7.04 ], "texture": "#hammer" },
				"west": { "uv": [ 0.96, 4.96, 3.04, 7.04 ], "texture": "#hammer" },
				"east": { "uv": [ 0.96, 4.96, 3.04, 7.04 ], "texture": "#hammer" }
			}
		},
		{
			"__comment": "Voxels-593C30",
			"from": [ 6, 0, 7.5 ],
			"to": [ 10, 0.5, 8.5 ],
			"faces": {
				"down": { "uv": [ 4.96, 0.96, 7.04, 3.04 ], "texture": "#hammer" },
				"up": { "uv": [ 4.96, 0.96, 7.04, 3.04 ], "texture": "#hammer" },
				"north": { "uv": [ 4.96, 0.96, 7.04, 3.04 ], "texture": "#hammer" },
				"south": { "uv": [ 4.96, 0.96, 7.04, 3.04 ], "texture": "#hammer" },
				"west": { "uv": [ 4.96, 0.96, 7.04, 3.04 ], "texture": "#hammer" },
				"east": { "uv": [ 4.96, 0.96, 7.04, 3.04 ], "texture": "#hammer" }
			}
		},
		{
			"__comment": "Voxels-593C30",
			"from": [ 6, 0.5, 7.5 ],
			"to": [ 7, 9.5, 8.5 ],
			"faces": {
				"down": { "uv": [ 4.96, 0.96, 7.04, 3.04 ], "texture": "#hammer" },
				"up": { "uv": [ 4.96, 0.96, 7.04, 3.04 ], "texture": "#hammer" },
				"north": { "uv": [ 4.96, 0.96, 7.04, 3.04 ], "texture": "#hammer" },
				"south": { "uv": [ 4.96, 0.96, 7.04, 3.04 ], "texture": "#hammer" },
				"west": { "uv": [ 4.96, 0.96, 7.04, 3.04 ], "texture": "#hammer" },
				"east": { "uv": [ 4.96, 0.96, 7.04, 3.04 ], "texture": "#hammer" }
			}
		},
		{
			"__comment": "Voxels-473959",
			"from": [ 6, 9.5, 7 ],
			"to": [ 10, 10.5, 9 ],
			"faces": {
				"down": { "uv": [ 4.96, 4.96, 7.04, 7.04 ], "texture": "#hammer" },
				"up": { "uv": [ 4.96, 4.96, 7.04, 7.04 ], "texture": "#hammer" },
				"north": { "uv": [ 4.96, 4.96, 7.04, 7.04 ], "texture": "#hammer" },
				"south": { "uv": [ 4.96, 4.96, 7.04, 7.04 ], "texture": "#hammer" },
				"west": { "uv": [ 4.96, 4.96, 7.04, 7.04 ], "texture": "#hammer" },
				"east": { "uv": [ 4.96, 4.96, 7.04, 7.04 ], "texture": "#hammer" }
			}
		},
		{
			"__comment": "Voxels-473959",
			"from": [ 6, 10, 6.5 ],
			"to": [ 10, 10.5, 7 ],
			"faces": {
				"down": { "uv": [ 4.96, 4.96, 7.04, 7.04 ], "texture": "#hammer" },
				"up": { "uv": [ 4.96, 4.96, 7.04, 7.04 ], "texture": "#hammer" },
				"north": { "uv": [ 4.96, 4.96, 7.04, 7.04 ], "texture": "#hammer" },
				"south": { "uv": [ 4.96, 4.96, 7.04, 7.04 ], "texture": "#hammer" },
				"west": { "uv": [ 4.96, 4.96, 7.04, 7.04 ], "texture": "#hammer" },
				"east": { "uv": [ 4.96, 4.96, 7.04, 7.04 ], "texture": "#hammer" }
			}
		},
		{
			"__comment": "Voxels-473959",
			"from": [ 6, 10, 9 ],
			"to": [ 10, 10.5, 9.5 ],
			"faces": {
				"down": { "uv": [ 4.96, 4.96, 7.04, 7.04 ], "texture": "#hammer" },
				"up": { "uv": [ 4.96, 4.96, 7.04, 7.04 ], "texture": "#hammer" },
				"north": { "uv": [ 4.96, 4.96, 7.04, 7.04 ], "texture": "#hammer" },
				"south": { "uv": [ 4.96, 4.96, 7.04, 7.04 ], "texture": "#hammer" },
				"west": { "uv": [ 4.96, 4.96, 7.04, 7.04 ], "texture": "#hammer" },
				"east": { "uv": [ 4.96, 4.96, 7.04, 7.04 ], "texture": "#hammer" }
			}
		},
		{
			"__comment": "Voxels-473959",
			"from": [ 6, 10.5, 6.5 ],
			"to": [ 7, 13, 7 ],
			"faces": {
				"down": { "uv": [ 4.96, 4.96, 7.04, 7.04 ], "texture": "#hammer" },
				"up": { "uv": [ 4.96, 4.96, 7.04, 7.04 ], "texture": "#hammer" },
				"north": { "uv": [ 4.96, 4.96, 7.04, 7.04 ], "texture": "#hammer" },
				"south": { "uv": [ 4.96, 4.96, 7.04, 7.04 ], "texture": "#hammer" },
				"west": { "uv": [ 4.96, 4.96, 7.04, 7.04 ], "texture": "#hammer" },
				"east": { "uv": [ 4.96, 4.96, 7.04, 7.04 ], "texture": "#hammer" }
			}
		},
		{
			"__comment": "Voxels-473959",
			"from": [ 6, 10.5, 7 ],
			"to": [ 6.5, 13, 7.5 ],
			"faces": {
				"down": { "uv": [ 4.96, 4.96, 7.04, 7.04 ], "texture": "#hammer" },
				"up": { "uv": [ 4.96, 4.96, 7.04, 7.04 ], "texture": "#hammer" },
				"north": { "uv": [ 4.96, 4.96, 7.04, 7.04 ], "texture": "#hammer" },
				"south": { "uv": [ 4.96, 4.96, 7.04, 7.04 ], "texture": "#hammer" },
				"west": { "uv": [ 4.96, 4.96, 7.04, 7.04 ], "texture": "#hammer" },
				"east": { "uv": [ 4.96, 4.96, 7.04, 7.04 ], "texture": "#hammer" }
			}
		},
		{
			"__comment": "Voxels-473959",
			"from": [ 6, 10.5, 7.5 ],
			"to": [ 6.5, 12, 9.5 ],
			"faces": {
				"down": { "uv": [ 4.96, 4.96, 7.04, 7.04 ], "texture": "#hammer" },
				"up": { "uv": [ 4.96, 4.96, 7.04, 7.04 ], "texture": "#hammer" },
				"north": { "uv": [ 4.96, 4.96, 7.04, 7.04 ], "texture": "#hammer" },
				"south": { "uv": [ 4.96, 4.96, 7.04, 7.04 ], "texture": "#hammer" },
				"west": { "uv": [ 4.96, 4.96, 7.04, 7.04 ], "texture": "#hammer" },
				"east": { "uv": [ 4.96, 4.96, 7.04, 7.04 ], "texture": "#hammer" }
			}
		},
		{
			"__comment": "Voxels-473959",
			"from": [ 6, 12, 8.5 ],
			"to": [ 6.5, 13, 9.5 ],
			"faces": {
				"down": { "uv": [ 4.96, 4.96, 7.04, 7.04 ], "texture": "#hammer" },
				"up": { "uv": [ 4.96, 4.96, 7.04, 7.04 ], "texture": "#hammer" },
				"north": { "uv": [ 4.96, 4.96, 7.04, 7.04 ], "texture": "#hammer" },
				"south": { "uv": [ 4.96, 4.96, 7.04, 7.04 ], "texture": "#hammer" },
				"west": { "uv": [ 4.96, 4.96, 7.04, 7.04 ], "texture": "#hammer" },
				"east": { "uv": [ 4.96, 4.96, 7.04, 7.04 ], "texture": "#hammer" }
			}
		},
		{
			"__comment": "Voxels-593C30",
			"from": [ 6, 20, 7.5 ],
			"to": [ 10, 21, 8.5 ],
			"faces": {
				"down": { "uv": [ 4.96, 0.96, 7.04, 3.04 ], "texture": "#hammer" },
				"up": { "uv": [ 4.96, 0.96, 7.04, 3.04 ], "texture": "#hammer" },
				"north": { "uv": [ 4.96, 0.96, 7.04, 3.04 ], "texture": "#hammer" },
				"south": { "uv": [ 4.96, 0.96, 7.04, 3.04 ], "texture": "#hammer" },
				"west": { "uv": [ 4.96, 0.96, 7.04, 3.04 ], "texture": "#hammer" },
				"east": { "uv": [ 4.96, 0.96, 7.04, 3.04 ], "texture": "#hammer" }
			}
		},
		{
			"__comment": "Voxels-593C30",
			"from": [ 6.5, -0.5, 7.5 ],
			"to": [ 9.5, 0, 8.5 ],
			"faces": {
				"down": { "uv": [ 4.96, 0.96, 7.04, 3.04 ], "texture": "#hammer" },
				"up": { "uv": [ 4.96, 0.96, 7.04, 3.04 ], "texture": "#hammer" },
				"north": { "uv": [ 4.96, 0.96, 7.04, 3.04 ], "texture": "#hammer" },
				"south": { "uv": [ 4.96, 0.96, 7.04, 3.04 ], "texture": "#hammer" },
				"west": { "uv": [ 4.96, 0.96, 7.04, 3.04 ], "texture": "#hammer" },
				"east": { "uv": [ 4.96, 0.96, 7.04, 3.04 ], "texture": "#hammer" }
			}
		},
		{
			"__comment": "Voxels-593C30",
			"from": [ 6.5, 0, 6.5 ],
			"to": [ 9.5, 10, 7 ],
			"faces": {
				"down": { "uv": [ 4.96, 0.96, 7.04, 3.04 ], "texture": "#hammer" },
				"up": { "uv": [ 4.96, 0.96, 7.04, 3.04 ], "texture": "#hammer" },
				"north": { "uv": [ 4.96, 0.96, 7.04, 3.04 ], "texture": "#hammer" },
				"south": { "uv": [ 4.96, 0.96, 7.04, 3.04 ], "texture": "#hammer" },
				"west": { "uv": [ 4.96, 0.96, 7.04, 3.04 ], "texture": "#hammer" },
				"east": { "uv": [ 4.96, 0.96, 7.04, 3.04 ], "texture": "#hammer" }
			}
		},
		{
			"__comment": "Voxels-593C30",
			"from": [ 6.5, 0, 7 ],
			"to": [ 9.5, 0.5, 7.5 ],
			"faces": {
				"down": { "uv": [ 4.96, 0.96, 7.04, 3.04 ], "texture": "#hammer" },
				"up": { "uv": [ 4.96, 0.96, 7.04, 3.04 ], "texture": "#hammer" },
				"north": { "uv": [ 4.96, 0.96, 7.04, 3.04 ], "texture": "#hammer" },
				"south": { "uv": [ 4.96, 0.96, 7.04, 3.04 ], "texture": "#hammer" },
				"west": { "uv": [ 4.96, 0.96, 7.04, 3.04 ], "texture": "#hammer" },
				"east": { "uv": [ 4.96, 0.96, 7.04, 3.04 ], "texture": "#hammer" }
			}
		},
		{
			"__comment": "Voxels-593C30",
			"from": [ 6.5, 0, 8.5 ],
			"to": [ 9.5, 0.5, 9.5 ],
			"faces": {
				"down": { "uv": [ 4.96, 0.96, 7.04, 3.04 ], "texture": "#hammer" },
				"up": { "uv": [ 4.96, 0.96, 7.04, 3.04 ], "texture": "#hammer" },
				"north": { "uv": [ 4.96, 0.96, 7.04, 3.04 ], "texture": "#hammer" },
				"south": { "uv": [ 4.96, 0.96, 7.04, 3.04 ], "texture": "#hammer" },
				"west": { "uv": [ 4.96, 0.96, 7.04, 3.04 ], "texture": "#hammer" },
				"east": { "uv": [ 4.96, 0.96, 7.04, 3.04 ], "texture": "#hammer" }
			}
		},
		{
			"__comment": "Voxels-593C30",
			"from": [ 6.5, 0.5, 7 ],
			"to": [ 7, 9.5, 7.5 ],
			"faces": {
				"down": { "uv": [ 4.96, 0.96, 7.04, 3.04 ], "texture": "#hammer" },
				"up": { "uv": [ 4.96, 0.96, 7.04, 3.04 ], "texture": "#hammer" },
				"north": { "uv": [ 4.96, 0.96, 7.04, 3.04 ], "texture": "#hammer" },
				"south": { "uv": [ 4.96, 0.96, 7.04, 3.04 ], "texture": "#hammer" },
				"west": { "uv": [ 4.96, 0.96, 7.04, 3.04 ], "texture": "#hammer" },
				"east": { "uv": [ 4.96, 0.96, 7.04, 3.04 ], "texture": "#hammer" }
			}
		},
		{
			"__comment": "Voxels-593C30",
			"from": [ 6.5, 0.5, 8.5 ],
			"to": [ 7, 9.5, 9.5 ],
			"faces": {
				"down": { "uv": [ 4.96, 0.96, 7.04, 3.04 ], "texture": "#hammer" },
				"up": { "uv": [ 4.96, 0.96, 7.04, 3.04 ], "texture": "#hammer" },
				"north": { "uv": [ 4.96, 0.96, 7.04, 3.04 ], "texture": "#hammer" },
				"south": { "uv": [ 4.96, 0.96, 7.04, 3.04 ], "texture": "#hammer" },
				"west": { "uv": [ 4.96, 0.96, 7.04, 3.04 ], "texture": "#hammer" },
				"east": { "uv": [ 4.96, 0.96, 7.04, 3.04 ], "texture": "#hammer" }
			}
		},
		{
			"__comment": "Voxels-593C30",
			"from": [ 6.5, 9.5, 9 ],
			"to": [ 9.5, 10, 9.5 ],
			"faces": {
				"down": { "uv": [ 4.96, 0.96, 7.04, 3.04 ], "texture": "#hammer" },
				"up": { "uv": [ 4.96, 0.96, 7.04, 3.04 ], "texture": "#hammer" },
				"north": { "uv": [ 4.96, 0.96, 7.04, 3.04 ], "texture": "#hammer" },
				"south": { "uv": [ 4.96, 0.96, 7.04, 3.04 ], "texture": "#hammer" },
				"west": { "uv": [ 4.96, 0.96, 7.04, 3.04 ], "texture": "#hammer" },
				"east": { "uv": [ 4.96, 0.96, 7.04, 3.04 ], "texture": "#hammer" }
			}
		},
		{
			"__comment": "Voxels-473959",
			"from": [ 6.5, 10, 6 ],
			"to": [ 9.5, 13, 6.5 ],
			"faces": {
				"down": { "uv": [ 4.96, 4.96, 7.04, 7.04 ], "texture": "#hammer" },
				"up": { "uv": [ 4.96, 4.96, 7.04, 7.04 ], "texture": "#hammer" },
				"north": { "uv": [ 4.96, 4.96, 7.04, 7.04 ], "texture": "#hammer" },
				"south": { "uv": [ 4.96, 4.96, 7.04, 7.04 ], "texture": "#hammer" },
				"west": { "uv": [ 4.96, 4.96, 7.04, 7.04 ], "texture": "#hammer" },
				"east": { "uv": [ 4.96, 4.96, 7.04, 7.04 ], "texture": "#hammer" }
			}
		},
		{
			"__comment": "Voxels-473959",
			"from": [ 6.5, 10, 9.5 ],
			"to": [ 9.5, 13, 10 ],
			"faces": {
				"down": { "uv": [ 4.96, 4.96, 7.04, 7.04 ], "texture": "#hammer" },
				"up": { "uv": [ 4.96, 4.96, 7.04, 7.04 ], "texture": "#hammer" },
				"north": { "uv": [ 4.96, 4.96, 7.04, 7.04 ], "texture": "#hammer" },
				"south": { "uv": [ 4.96, 4.96, 7.04, 7.04 ], "texture": "#hammer" },
				"west": { "uv": [ 4.96, 4.96, 7.04, 7.04 ], "texture": "#hammer" },
				"east": { "uv": [ 4.96, 4.96, 7.04, 7.04 ], "texture": "#hammer" }
			}
		},
		{
			"__comment": "Voxels-473959",
			"from": [ 6.5, 10.5, 9 ],
			"to": [ 7, 13, 9.5 ],
			"faces": {
				"down": { "uv": [ 4.96, 4.96, 7.04, 7.04 ], "texture": "#hammer" },
				"up": { "uv": [ 4.96, 4.96, 7.04, 7.04 ], "texture": "#hammer" },
				"north": { "uv": [ 4.96, 4.96, 7.04, 7.04 ], "texture": "#hammer" },
				"south": { "uv": [ 4.96, 4.96, 7.04, 7.04 ], "texture": "#hammer" },
				"west": { "uv": [ 4.96, 4.96, 7.04, 7.04 ], "texture": "#hammer" },
				"east": { "uv": [ 4.96, 4.96, 7.04, 7.04 ], "texture": "#hammer" }
			}
		},
		{
			"__comment": "Voxels-473952",
			"from": [ 6.5, 12.5, 7 ],
			"to": [ 9.5, 13, 7.5 ],
			"faces": {
				"down": { "uv": [ 0.96, 4.96, 3.04, 7.04 ], "texture": "#hammer" },
				"up": { "uv": [ 0.96, 4.96, 3.04, 7.04 ], "texture": "#hammer" },
				"north": { "uv": [ 0.96, 4.96, 3.04, 7.04 ], "texture": "#hammer" },
				"south": { "uv": [ 0.96, 4.96, 3.04, 7.04 ], "texture": "#hammer" },
				"west": { "uv": [ 0.96, 4.96, 3.04, 7.04 ], "texture": "#hammer" },
				"east": { "uv": [ 0.96, 4.96, 3.04, 7.04 ], "texture": "#hammer" }
			}
		},
		{
			"__comment": "Voxels-473952",
			"from": [ 6.5, 12.5, 8.5 ],
			"to": [ 9.5, 13, 9 ],
			"faces": {
				"down": { "uv": [ 0.96, 4.96, 3.04, 7.04 ], "texture": "#hammer" },
				"up": { "uv": [ 0.96, 4.96, 3.04, 7.04 ], "texture": "#hammer" },
				"north": { "uv": [ 0.96, 4.96, 3.04, 7.04 ], "texture": "#hammer" },
				"south": { "uv": [ 0.96, 4.96, 3.04, 7.04 ], "texture": "#hammer" },
				"west": { "uv": [ 0.96, 4.96, 3.04, 7.04 ], "texture": "#hammer" },
				"east": { "uv": [ 0.96, 4.96, 3.04, 7.04 ], "texture": "#hammer" }
			}
		},
		{
			"__comment": "Voxels-593C30",
			"from": [ 6.5, 19.5, 7 ],
			"to": [ 9.5, 21.5, 7.5 ],
			"faces": {
				"down": { "uv": [ 4.96, 0.96, 7.04, 3.04 ], "texture": "#hammer" },
				"up": { "uv": [ 4.96, 0.96, 7.04, 3.04 ], "texture": "#hammer" },
				"north": { "uv": [ 4.96, 0.96, 7.04, 3.04 ], "texture": "#hammer" },
				"south": { "uv": [ 4.96, 0.96, 7.04, 3.04 ], "texture": "#hammer" },
				"west": { "uv": [ 4.96, 0.96, 7.04, 3.04 ], "texture": "#hammer" },
				"east": { "uv": [ 4.96, 0.96, 7.04, 3.04 ], "texture": "#hammer" }
			}
		},
		{
			"__comment": "Voxels-593C30",
			"from": [ 6.5, 19.5, 7.5 ],
			"to": [ 9.5, 20, 9 ],
			"faces": {
				"down": { "uv": [ 4.96, 0.96, 7.04, 3.04 ], "texture": "#hammer" },
				"up": { "uv": [ 4.96, 0.96, 7.04, 3.04 ], "texture": "#hammer" },
				"north": { "uv": [ 4.96, 0.96, 7.04, 3.04 ], "texture": "#hammer" },
				"south": { "uv": [ 4.96, 0.96, 7.04, 3.04 ], "texture": "#hammer" },
				"west": { "uv": [ 4.96, 0.96, 7.04, 3.04 ], "texture": "#hammer" },
				"east": { "uv": [ 4.96, 0.96, 7.04, 3.04 ], "texture": "#hammer" }
			}
		},
		{
			"__comment": "Voxels-473952",
			"from": [ 6.5, 19.5, 9 ],
			"to": [ 13.5, 20, 9.5 ],
			"faces": {
				"down": { "uv": [ 0.96, 4.96, 3.04, 7.04 ], "texture": "#hammer" },
				"up": { "uv": [ 0.96, 4.96, 3.04, 7.04 ], "texture": "#hammer" },
				"north": { "uv": [ 0.96, 4.96, 3.04, 7.04 ], "texture": "#hammer" },
				"south": { "uv": [ 0.96, 4.96, 3.04, 7.04 ], "texture": "#hammer" },
				"west": { "uv": [ 0.96, 4.96, 3.04, 7.04 ], "texture": "#hammer" },
				"east": { "uv": [ 0.96, 4.96, 3.04, 7.04 ], "texture": "#hammer" }
			}
		},
		{
			"__comment": "Voxels-593C30",
			"from": [ 6.5, 20, 6.5 ],
			"to": [ 9.5, 21, 7 ],
			"faces": {
				"down": { "uv": [ 4.96, 0.96, 7.04, 3.04 ], "texture": "#hammer" },
				"up": { "uv": [ 4.96, 0.96, 7.04, 3.04 ], "texture": "#hammer" },
				"north": { "uv": [ 4.96, 0.96, 7.04, 3.04 ], "texture": "#hammer" },
				"south": { "uv": [ 4.96, 0.96, 7.04, 3.04 ], "texture": "#hammer" },
				"west": { "uv": [ 4.96, 0.96, 7.04, 3.04 ], "texture": "#hammer" },
				"east": { "uv": [ 4.96, 0.96, 7.04, 3.04 ], "texture": "#hammer" }
			}
		},
		{
			"__comment": "Voxels-593C30",
			"from": [ 6.5, 20, 8.5 ],
			"to": [ 9.5, 21.5, 9 ],
			"faces": {
				"down": { "uv": [ 4.96, 0.96, 7.04, 3.04 ], "texture": "#hammer" },
				"up": { "uv": [ 4.96, 0.96, 7.04, 3.04 ], "texture": "#hammer" },
				"north": { "uv": [ 4.96, 0.96, 7.04, 3.04 ], "texture": "#hammer" },
				"south": { "uv": [ 4.96, 0.96, 7.04, 3.04 ], "texture": "#hammer" },
				"west": { "uv": [ 4.96, 0.96, 7.04, 3.04 ], "texture": "#hammer" },
				"east": { "uv": [ 4.96, 0.96, 7.04, 3.04 ], "texture": "#hammer" }
			}
		},
		{
			"__comment": "Voxels-593C30",
			"from": [ 6.5, 20, 9 ],
			"to": [ 9.5, 21, 9.5 ],
			"faces": {
				"down": { "uv": [ 4.96, 0.96, 7.04, 3.04 ], "texture": "#hammer" },
				"up": { "uv": [ 4.96, 0.96, 7.04, 3.04 ], "texture": "#hammer" },
				"north": { "uv": [ 4.96, 0.96, 7.04, 3.04 ], "texture": "#hammer" },
				"south": { "uv": [ 4.96, 0.96, 7.04, 3.04 ], "texture": "#hammer" },
				"west": { "uv": [ 4.96, 0.96, 7.04, 3.04 ], "texture": "#hammer" },
				"east": { "uv": [ 4.96, 0.96, 7.04, 3.04 ], "texture": "#hammer" }
			}
		},
		{
			"__comment": "Voxels-593C30",
			"from": [ 6.5, 21, 7.5 ],
			"to": [ 9.5, 21.5, 8.5 ],
			"faces": {
				"down": { "uv": [ 4.96, 0.96, 7.04, 3.04 ], "texture": "#hammer" },
				"up": { "uv": [ 4.96, 0.96, 7.04, 3.04 ], "texture": "#hammer" },
				"north": { "uv": [ 4.96, 0.96, 7.04, 3.04 ], "texture": "#hammer" },
				"south": { "uv": [ 4.96, 0.96, 7.04, 3.04 ], "texture": "#hammer" },
				"west": { "uv": [ 4.96, 0.96, 7.04, 3.04 ], "texture": "#hammer" },
				"east": { "uv": [ 4.96, 0.96, 7.04, 3.04 ], "texture": "#hammer" }
			}
		},
		{
			"__comment": "Voxels-593C30",
			"from": [ 7, -0.5, 7 ],
			"to": [ 9, 0, 7.5 ],
			"faces": {
				"down": { "uv": [ 4.96, 0.96, 7.04, 3.04 ], "texture": "#hammer" },
				"up": { "uv": [ 4.96, 0.96, 7.04, 3.04 ], "texture": "#hammer" },
				"north": { "uv": [ 4.96, 0.96, 7.04, 3.04 ], "texture": "#hammer" },
				"south": { "uv": [ 4.96, 0.96, 7.04, 3.04 ], "texture": "#hammer" },
				"west": { "uv": [ 4.96, 0.96, 7.04, 3.04 ], "texture": "#hammer" },
				"east": { "uv": [ 4.96, 0.96, 7.04, 3.04 ], "texture": "#hammer" }
			}
		},
		{
			"__comment": "Voxels-593C30",
			"from": [ 7, -0.5, 8.5 ],
			"to": [ 9, 0, 9 ],
			"faces": {
				"down": { "uv": [ 4.96, 0.96, 7.04, 3.04 ], "texture": "#hammer" },
				"up": { "uv": [ 4.96, 0.96, 7.04, 3.04 ], "texture": "#hammer" },
				"north": { "uv": [ 4.96, 0.96, 7.04, 3.04 ], "texture": "#hammer" },
				"south": { "uv": [ 4.96, 0.96, 7.04, 3.04 ], "texture": "#hammer" },
				"west": { "uv": [ 4.96, 0.96, 7.04, 3.04 ], "texture": "#hammer" },
				"east": { "uv": [ 4.96, 0.96, 7.04, 3.04 ], "texture": "#hammer" }
			}
		},
		{
			"__comment": "Voxels-593C30",
			"from": [ 7, 0.5, 9 ],
			"to": [ 9.5, 9.5, 9.5 ],
			"faces": {
				"down": { "uv": [ 4.96, 0.96, 7.04, 3.04 ], "texture": "#hammer" },
				"up": { "uv": [ 4.96, 0.96, 7.04, 3.04 ], "texture": "#hammer" },
				"north": { "uv": [ 4.96, 0.96, 7.04, 3.04 ], "texture": "#hammer" },
				"south": { "uv": [ 4.96, 0.96, 7.04, 3.04 ], "texture": "#hammer" },
				"west": { "uv": [ 4.96, 0.96, 7.04, 3.04 ], "texture": "#hammer" },
				"east": { "uv": [ 4.96, 0.96, 7.04, 3.04 ], "texture": "#hammer" }
			}
		},
		{
			"__comment": "Voxels-473959",
			"from": [ 7, 9.5, 6 ],
			"to": [ 9, 10, 6.5 ],
			"faces": {
				"down": { "uv": [ 4.96, 4.96, 7.04, 7.04 ], "texture": "#hammer" },
				"up": { "uv": [ 4.96, 4.96, 7.04, 7.04 ], "texture": "#hammer" },
				"north": { "uv": [ 4.96, 4.96, 7.04, 7.04 ], "texture": "#hammer" },
				"south": { "uv": [ 4.96, 4.96, 7.04, 7.04 ], "texture": "#hammer" },
				"west": { "uv": [ 4.96, 4.96, 7.04, 7.04 ], "texture": "#hammer" },
				"east": { "uv": [ 4.96, 4.96, 7.04, 7.04 ], "texture": "#hammer" }
			}
		},
		{
			"__comment": "Voxels-473959",
			"from": [ 7, 9.5, 9.5 ],
			"to": [ 9, 10, 10 ],
			"faces": {
				"down": { "uv": [ 4.96, 4.96, 7.04, 7.04 ], "texture": "#hammer" },
				"up": { "uv": [ 4.96, 4.96, 7.04, 7.04 ], "texture": "#hammer" },
				"north": { "uv": [ 4.96, 4.96, 7.04, 7.04 ], "texture": "#hammer" },
				"south": { "uv": [ 4.96, 4.96, 7.04, 7.04 ], "texture": "#hammer" },
				"west": { "uv": [ 4.96, 4.96, 7.04, 7.04 ], "texture": "#hammer" },
				"east": { "uv": [ 4.96, 4.96, 7.04, 7.04 ], "texture": "#hammer" }
			}
		},
		{
			"__comment": "Voxels-473952",
			"from": [ 7, 12.5, 6.5 ],
			"to": [ 9, 13, 7 ],
			"faces": {
				"down": { "uv": [ 0.96, 4.96, 3.04, 7.04 ], "texture": "#hammer" },
				"up": { "uv": [ 0.96, 4.96, 3.04, 7.04 ], "texture": "#hammer" },
				"north": { "uv": [ 0.96, 4.96, 3.04, 7.04 ], "texture": "#hammer" },
				"south": { "uv": [ 0.96, 4.96, 3.04, 7.04 ], "texture": "#hammer" },
				"west": { "uv": [ 0.96, 4.96, 3.04, 7.04 ], "texture": "#hammer" },
				"east": { "uv": [ 0.96, 4.96, 3.04, 7.04 ], "texture": "#hammer" }
			}
		},
		{
			"__comment": "Voxels-473952",
			"from": [ 7, 12.5, 9 ],
			"to": [ 9, 13, 9.5 ],
			"faces": {
				"down": { "uv": [ 0.96, 4.96, 3.04, 7.04 ], "texture": "#hammer" },
				"up": { "uv": [ 0.96, 4.96, 3.04, 7.04 ], "texture": "#hammer" },
				"north": { "uv": [ 0.96, 4.96, 3.04, 7.04 ], "texture": "#hammer" },
				"south": { "uv": [ 0.96, 4.96, 3.04, 7.04 ], "texture": "#hammer" },
				"west": { "uv": [ 0.96, 4.96, 3.04, 7.04 ], "texture": "#hammer" },
				"east": { "uv": [ 0.96, 4.96, 3.04, 7.04 ], "texture": "#hammer" }
			}
		},
		{
			"__comment": "Voxels-6B5B74",
			"from": [ 7, 17.5, 4.5 ],
			"to": [ 9, 18, 5 ],
			"faces": {
				"down": { "uv": [ 12.96, 4.96, 15.04, 7.04 ], "texture": "#hammer" },
				"up": { "uv": [ 12.96, 4.96, 15.04, 7.04 ], "texture": "#hammer" },
				"north": { "uv": [ 12.96, 4.96, 15.04, 7.04 ], "texture": "#hammer" },
				"south": { "uv": [ 12.96, 4.96, 15.04, 7.04 ], "texture": "#hammer" },
				"west": { "uv": [ 12.96, 4.96, 15.04, 7.04 ], "texture": "#hammer" },
				"east": { "uv": [ 12.96, 4.96, 15.04, 7.04 ], "texture": "#hammer" }
			}
		},
		{
			"__comment": "Voxels-6B5B74",
			"from": [ 7, 17.5, 11 ],
			"to": [ 9, 18, 11.5 ],
			"faces": {
				"down": { "uv": [ 12.96, 4.96, 15.04, 7.04 ], "texture": "#hammer" },
				"up": { "uv": [ 12.96, 4.96, 15.04, 7.04 ], "texture": "#hammer" },
				"north": { "uv": [ 12.96, 4.96, 15.04, 7.04 ], "texture": "#hammer" },
				"south": { "uv": [ 12.96, 4.96, 15.04, 7.04 ], "texture": "#hammer" },
				"west": { "uv": [ 12.96, 4.96, 15.04, 7.04 ], "texture": "#hammer" },
				"east": { "uv": [ 12.96, 4.96, 15.04, 7.04 ], "texture": "#hammer" }
			}
		},
		{
			"__comment": "Voxels-593C30",
			"from": [ 7, 21, 6.5 ],
			"to": [ 9, 21.5, 7 ],
			"faces": {
				"down": { "uv": [ 4.96, 0.96, 7.04, 3.04 ], "texture": "#hammer" },
				"up": { "uv": [ 4.96, 0.96, 7.04, 3.04 ], "texture": "#hammer" },
				"north": { "uv": [ 4.96, 0.96, 7.04, 3.04 ], "texture": "#hammer" },
				"south": { "uv": [ 4.96, 0.96, 7.04, 3.04 ], "texture": "#hammer" },
				"west": { "uv": [ 4.96, 0.96, 7.04, 3.04 ], "texture": "#hammer" },
				"east": { "uv": [ 4.96, 0.96, 7.04, 3.04 ], "texture": "#hammer" }
			}
		},
		{
			"__comment": "Voxels-593C30",
			"from": [ 7, 21, 9 ],
			"to": [ 9, 21.5, 9.5 ],
			"faces": {
				"down": { "uv": [ 4.96, 0.96, 7.04, 3.04 ], "texture": "#hammer" },
				"up": { "uv": [ 4.96, 0.96, 7.04, 3.04 ], "texture": "#hammer" },
				"north": { "uv": [ 4.96, 0.96, 7.04, 3.04 ], "texture": "#hammer" },
				"south": { "uv": [ 4.96, 0.96, 7.04, 3.04 ], "texture": "#hammer" },
				"west": { "uv": [ 4.96, 0.96, 7.04, 3.04 ], "texture": "#hammer" },
				"east": { "uv": [ 4.96, 0.96, 7.04, 3.04 ], "texture": "#hammer" }
			}
		},
		{
			"__comment": "Voxels-593C30",
			"from": [ 7.5, -0.5, 6.5 ],
			"to": [ 8.5, 0, 7 ],
			"faces": {
				"down": { "uv": [ 4.96, 0.96, 7.04, 3.04 ], "texture": "#hammer" },
				"up": { "uv": [ 4.96, 0.96, 7.04, 3.04 ], "texture": "#hammer" },
				"north": { "uv": [ 4.96, 0.96, 7.04, 3.04 ], "texture": "#hammer" },
				"south": { "uv": [ 4.96, 0.96, 7.04, 3.04 ], "texture": "#hammer" },
				"west": { "uv": [ 4.96, 0.96, 7.04, 3.04 ], "texture": "#hammer" },
				"east": { "uv": [ 4.96, 0.96, 7.04, 3.04 ], "texture": "#hammer" }
			}
		},
		{
			"__comment": "Voxels-593C30",
			"from": [ 7.5, -0.5, 9 ],
			"to": [ 8.5, 0, 9.5 ],
			"faces": {
				"down": { "uv": [ 4.96, 0.96, 7.04, 3.04 ], "texture": "#hammer" },
				"up": { "uv": [ 4.96, 0.96, 7.04, 3.04 ], "texture": "#hammer" },
				"north": { "uv": [ 4.96, 0.96, 7.04, 3.04 ], "texture": "#hammer" },
				"south": { "uv": [ 4.96, 0.96, 7.04, 3.04 ], "texture": "#hammer" },
				"west": { "uv": [ 4.96, 0.96, 7.04, 3.04 ], "texture": "#hammer" },
				"east": { "uv": [ 4.96, 0.96, 7.04, 3.04 ], "texture": "#hammer" }
			}
		},
		{
			"__comment": "Voxels-593C30",
			"from": [ 7.5, 0, 6 ],
			"to": [ 8.5, 1.5, 6.5 ],
			"faces": {
				"down": { "uv": [ 4.96, 0.96, 7.04, 3.04 ], "texture": "#hammer" },
				"up": { "uv": [ 4.96, 0.96, 7.04, 3.04 ], "texture": "#hammer" },
				"north": { "uv": [ 4.96, 0.96, 7.04, 3.04 ], "texture": "#hammer" },
				"south": { "uv": [ 4.96, 0.96, 7.04, 3.04 ], "texture": "#hammer" },
				"west": { "uv": [ 4.96, 0.96, 7.04, 3.04 ], "texture": "#hammer" },
				"east": { "uv": [ 4.96, 0.96, 7.04, 3.04 ], "texture": "#hammer" }
			}
		},
		{
			"__comment": "Voxels-593C30",
			"from": [ 7.5, 0, 9.5 ],
			"to": [ 8.5, 9.5, 10 ],
			"faces": {
				"down": { "uv": [ 4.96, 0.96, 7.04, 3.04 ], "texture": "#hammer" },
				"up": { "uv": [ 4.96, 0.96, 7.04, 3.04 ], "texture": "#hammer" },
				"north": { "uv": [ 4.96, 0.96, 7.04, 3.04 ], "texture": "#hammer" },
				"south": { "uv": [ 4.96, 0.96, 7.04, 3.04 ], "texture": "#hammer" },
				"west": { "uv": [ 4.96, 0.96, 7.04, 3.04 ], "texture": "#hammer" },
				"east": { "uv": [ 4.96, 0.96, 7.04, 3.04 ], "texture": "#hammer" }
			}
		},
		{
			"__comment": "Voxels-674639",
			"from": [ 7.5, 1.5, 6 ],
			"to": [ 8, 9, 6.5 ],
			"faces": {
				"down": { "uv": [ 8.96, 0.96, 11.04, 3.04 ], "texture": "#hammer" },
				"up": { "uv": [ 8.96, 0.96, 11.04, 3.04 ], "texture": "#hammer" },
				"north": { "uv": [ 8.96, 0.96, 11.04, 3.04 ], "texture": "#hammer" },
				"south": { "uv": [ 8.96, 0.96, 11.04, 3.04 ], "texture": "#hammer" },
				"west": { "uv": [ 8.96, 0.96, 11.04, 3.04 ], "texture": "#hammer" },
				"east": { "uv": [ 8.96, 0.96, 11.04, 3.04 ], "texture": "#hammer" }
			}
		},
		{
			"__comment": "Voxels-593C30",
			"from": [ 7.5, 9, 6 ],
			"to": [ 8.5, 9.5, 6.5 ],
			"faces": {
				"down": { "uv": [ 4.96, 0.96, 7.04, 3.04 ], "texture": "#hammer" },
				"up": { "uv": [ 4.96, 0.96, 7.04, 3.04 ], "texture": "#hammer" },
				"north": { "uv": [ 4.96, 0.96, 7.04, 3.04 ], "texture": "#hammer" },
				"south": { "uv": [ 4.96, 0.96, 7.04, 3.04 ], "texture": "#hammer" },
				"west": { "uv": [ 4.96, 0.96, 7.04, 3.04 ], "texture": "#hammer" },
				"east": { "uv": [ 4.96, 0.96, 7.04, 3.04 ], "texture": "#hammer" }
			}
		},
		{
			"__comment": "Voxels-473959",
			"from": [ 7.5, 12, 5.5 ],
			"to": [ 8.5, 13, 6 ],
			"faces": {
				"down": { "uv": [ 4.96, 4.96, 7.04, 7.04 ], "texture": "#hammer" },
				"up": { "uv": [ 4.96, 4.96, 7.04, 7.04 ], "texture": "#hammer" },
				"north": { "uv": [ 4.96, 4.96, 7.04, 7.04 ], "texture": "#hammer" },
				"south": { "uv": [ 4.96, 4.96, 7.04, 7.04 ], "texture": "#hammer" },
				"west": { "uv": [ 4.96, 4.96, 7.04, 7.04 ], "texture": "#hammer" },
				"east": { "uv": [ 4.96, 4.96, 7.04, 7.04 ], "texture": "#hammer" }
			}
		},
		{
			"__comment": "Voxels-473959",
			"from": [ 7.5, 12, 10 ],
			"to": [ 8.5, 13, 10.5 ],
			"faces": {
				"down": { "uv": [ 4.96, 4.96, 7.04, 7.04 ], "texture": "#hammer" },
				"up": { "uv": [ 4.96, 4.96, 7.04, 7.04 ], "texture": "#hammer" },
				"north": { "uv": [ 4.96, 4.96, 7.04, 7.04 ], "texture": "#hammer" },
				"south": { "uv": [ 4.96, 4.96, 7.04, 7.04 ], "texture": "#hammer" },
				"west": { "uv": [ 4.96, 4.96, 7.04, 7.04 ], "texture": "#hammer" },
				"east": { "uv": [ 4.96, 4.96, 7.04, 7.04 ], "texture": "#hammer" }
			}
		},
		{
			"__comment": "Voxels-593C30",
			"from": [ 7.5, 20, 6 ],
			"to": [ 8.5, 21, 6.5 ],
			"faces": {
				"down": { "uv": [ 4.96, 0.96, 7.04, 3.04 ], "texture": "#hammer" },
				"up": { "uv": [ 4.96, 0.96, 7.04, 3.04 ], "texture": "#hammer" },
				"north": { "uv": [ 4.96, 0.96, 7.04, 3.04 ], "texture": "#hammer" },
				"south": { "uv": [ 4.96, 0.96, 7.04, 3.04 ], "texture": "#hammer" },
				"west": { "uv": [ 4.96, 0.96, 7.04, 3.04 ], "texture": "#hammer" },
				"east": { "uv": [ 4.96, 0.96, 7.04, 3.04 ], "texture": "#hammer" }
			}
		},
		{
			"__comment": "Voxels-593C30",
			"from": [ 7.5, 20, 9.5 ],
			"to": [ 8.5, 21, 10 ],
			"faces": {
				"down": { "uv": [ 4.96, 0.96, 7.04, 3.04 ], "texture": "#hammer" },
				"up": { "uv": [ 4.96, 0.96, 7.04, 3.04 ], "texture": "#hammer" },
				"north": { "uv": [ 4.96, 0.96, 7.04, 3.04 ], "texture": "#hammer" },
				"south": { "uv": [ 4.96, 0.96, 7.04, 3.04 ], "texture": "#hammer" },
				"west": { "uv": [ 4.96, 0.96, 7.04, 3.04 ], "texture": "#hammer" },
				"east": { "uv": [ 4.96, 0.96, 7.04, 3.04 ], "texture": "#hammer" }
			}
		},
		{
			"__comment": "Voxels-593C30",
			"from": [ 8, 1.5, 6 ],
			"to": [ 8.5, 9, 6.5 ],
			"faces": {
				"down": { "uv": [ 4.96, 0.96, 7.04, 3.04 ], "texture": "#hammer" },
				"up": { "uv": [ 4.96, 0.96, 7.04, 3.04 ], "texture": "#hammer" },
				"north": { "uv": [ 4.96, 0.96, 7.04, 3.04 ], "texture": "#hammer" },
				"south": { "uv": [ 4.96, 0.96, 7.04, 3.04 ], "texture": "#hammer" },
				"west": { "uv": [ 4.96, 0.96, 7.04, 3.04 ], "texture": "#hammer" },
				"east": { "uv": [ 4.96, 0.96, 7.04, 3.04 ], "texture": "#hammer" }
			}
		},
		{
			"__comment": "Voxels-593C30",
			"from": [ 9, 0.5, 7 ],
			"to": [ 9.5, 9.5, 9 ],
			"faces": {
				"down": { "uv": [ 4.96, 0.96, 7.04, 3.04 ], "texture": "#hammer" },
				"up": { "uv": [ 4.96, 0.96, 7.04, 3.04 ], "texture": "#hammer" },
				"north": { "uv": [ 4.96, 0.96, 7.04, 3.04 ], "texture": "#hammer" },
				"south": { "uv": [ 4.96, 0.96, 7.04, 3.04 ], "texture": "#hammer" },
				"west": { "uv": [ 4.96, 0.96, 7.04, 3.04 ], "texture": "#hammer" },
				"east": { "uv": [ 4.96, 0.96, 7.04, 3.04 ], "texture": "#hammer" }
			}
		},
		{
			"__comment": "Voxels-473959",
			"from": [ 9, 10.5, 6.5 ],
			"to": [ 10, 13, 7 ],
			"faces": {
				"down": { "uv": [ 4.96, 4.96, 7.04, 7.04 ], "texture": "#hammer" },
				"up": { "uv": [ 4.96, 4.96, 7.04, 7.04 ], "texture": "#hammer" },
				"north": { "uv": [ 4.96, 4.96, 7.04, 7.04 ], "texture": "#hammer" },
				"south": { "uv": [ 4.96, 4.96, 7.04, 7.04 ], "texture": "#hammer" },
				"west": { "uv": [ 4.96, 4.96, 7.04, 7.04 ], "texture": "#hammer" },
				"east": { "uv": [ 4.96, 4.96, 7.04, 7.04 ], "texture": "#hammer" }
			}
		},
		{
			"__comment": "Voxels-473959",
			"from": [ 9, 10.5, 9 ],
			"to": [ 10, 13, 9.5 ],
			"faces": {
				"down": { "uv": [ 4.96, 4.96, 7.04, 7.04 ], "texture": "#hammer" },
				"up": { "uv": [ 4.96, 4.96, 7.04, 7.04 ], "texture": "#hammer" },
				"north": { "uv": [ 4.96, 4.96, 7.04, 7.04 ], "texture": "#hammer" },
				"south": { "uv": [ 4.96, 4.96, 7.04, 7.04 ], "texture": "#hammer" },
				"west": { "uv": [ 4.96, 4.96, 7.04, 7.04 ], "texture": "#hammer" },
				"east": { "uv": [ 4.96, 4.96, 7.04, 7.04 ], "texture": "#hammer" }
			}
		},
		{
			"__comment": "Voxels-5E4D68",
			"from": [ 9, 17.5, 4.5 ],
			"to": [ 12.5, 18, 5 ],
			"faces": {
				"down": { "uv": [ 8.96, 4.96, 11.04, 7.04 ], "texture": "#hammer" },
				"up": { "uv": [ 8.96, 4.96, 11.04, 7.04 ], "texture": "#hammer" },
				"north": { "uv": [ 8.96, 4.96, 11.04, 7.04 ], "texture": "#hammer" },
				"south": { "uv": [ 8.96, 4.96, 11.04, 7.04 ], "texture": "#hammer" },
				"west": { "uv": [ 8.96, 4.96, 11.04, 7.04 ], "texture": "#hammer" },
				"east": { "uv": [ 8.96, 4.96, 11.04, 7.04 ], "texture": "#hammer" }
			}
		},
		{
			"__comment": "Voxels-5E4D68",
			"from": [ 9, 17.5, 11 ],
			"to": [ 12.5, 18, 11.5 ],
			"faces": {
				"down": { "uv": [ 8.96, 4.96, 11.04, 7.04 ], "texture": "#hammer" },
				"up": { "uv": [ 8.96, 4.96, 11.04, 7.04 ], "texture": "#hammer" },
				"north": { "uv": [ 8.96, 4.96, 11.04, 7.04 ], "texture": "#hammer" },
				"south": { "uv": [ 8.96, 4.96, 11.04, 7.04 ], "texture": "#hammer" },
				"west": { "uv": [ 8.96, 4.96, 11.04, 7.04 ], "texture": "#hammer" },
				"east": { "uv": [ 8.96, 4.96, 11.04, 7.04 ], "texture": "#hammer" }
			}
		},
		{
			"__comment": "Voxels-593C30",
			"from": [ 9.5, 0.5, 7.5 ],
			"to": [ 10, 9.5, 8.5 ],
			"faces": {
				"down": { "uv": [ 4.96, 0.96, 7.04, 3.04 ], "texture": "#hammer" },
				"up": { "uv": [ 4.96, 0.96, 7.04, 3.04 ], "texture": "#hammer" },
				"north": { "uv": [ 4.96, 0.96, 7.04, 3.04 ], "texture": "#hammer" },
				"south": { "uv": [ 4.96, 0.96, 7.04, 3.04 ], "texture": "#hammer" },
				"west": { "uv": [ 4.96, 0.96, 7.04, 3.04 ], "texture": "#hammer" },
				"east": { "uv": [ 4.96, 0.96, 7.04, 3.04 ], "texture": "#hammer" }
			}
		},
		{
			"__comment": "Voxels-473959",
			"from": [ 9.5, 10.5, 7 ],
			"to": [ 10, 13, 7.5 ],
			"faces": {
				"down": { "uv": [ 4.96, 4.96, 7.04, 7.04 ], "texture": "#hammer" },
				"up": { "uv": [ 4.96, 4.96, 7.04, 7.04 ], "texture": "#hammer" },
				"north": { "uv": [ 4.96, 4.96, 7.04, 7.04 ], "texture": "#hammer" },
				"south": { "uv": [ 4.96, 4.96, 7.04, 7.04 ], "texture": "#hammer" },
				"west": { "uv": [ 4.96, 4.96, 7.04, 7.04 ], "texture": "#hammer" },
				"east": { "uv": [ 4.96, 4.96, 7.04, 7.04 ], "texture": "#hammer" }
			}
		},
		{
			"__comment": "Voxels-473959",
			"from": [ 9.5, 10.5, 7.5 ],
			"to": [ 10, 12.5, 9 ],
			"faces": {
				"down": { "uv": [ 4.96, 4.96, 7.04, 7.04 ], "texture": "#hammer" },
				"up": { "uv": [ 4.96, 4.96, 7.04, 7.04 ], "texture": "#hammer" },
				"north": { "uv": [ 4.96, 4.96, 7.04, 7.04 ], "texture": "#hammer" },
				"south": { "uv": [ 4.96, 4.96, 7.04, 7.04 ], "texture": "#hammer" },
				"west": { "uv": [ 4.96, 4.96, 7.04, 7.04 ], "texture": "#hammer" },
				"east": { "uv": [ 4.96, 4.96, 7.04, 7.04 ], "texture": "#hammer" }
			}
		},
		{
			"__comment": "Voxels-473959",
			"from": [ 9.5, 12.5, 8.5 ],
			"to": [ 10, 13, 9 ],
			"faces": {
				"down": { "uv": [ 4.96, 4.96, 7.04, 7.04 ], "texture": "#hammer" },
				"up": { "uv": [ 4.96, 4.96, 7.04, 7.04 ], "texture": "#hammer" },
				"north": { "uv": [ 4.96, 4.96, 7.04, 7.04 ], "texture": "#hammer" },
				"south": { "uv": [ 4.96, 4.96, 7.04, 7.04 ], "texture": "#hammer" },
				"west": { "uv": [ 4.96, 4.96, 7.04, 7.04 ], "texture": "#hammer" },
				"east": { "uv": [ 4.96, 4.96, 7.04, 7.04 ], "texture": "#hammer" }
			}
		},
		{
			"__comment": "Voxels-473952",
			"from": [ 9.5, 19.5, 7 ],
			"to": [ 13.5, 20, 9 ],
			"faces": {
				"down": { "uv": [ 0.96, 4.96, 3.04, 7.04 ], "texture": "#hammer" },
				"up": { "uv": [ 0.96, 4.96, 3.04, 7.04 ], "texture": "#hammer" },
				"north": { "uv": [ 0.96, 4.96, 3.04, 7.04 ], "texture": "#hammer" },
				"south": { "uv": [ 0.96, 4.96, 3.04, 7.04 ], "texture": "#hammer" },
				"west": { "uv": [ 0.96, 4.96, 3.04, 7.04 ], "texture": "#hammer" },
				"east": { "uv": [ 0.96, 4.96, 3.04, 7.04 ], "texture": "#hammer" }
			}
		},
		{
			"__comment": "Voxels-473959",
			"from": [ 10, 12, 7.5 ],
			"to": [ 10.5, 12.5, 8.5 ],
			"faces": {
				"down": { "uv": [ 4.96, 4.96, 7.04, 7.04 ], "texture": "#hammer" },
				"up": { "uv": [ 4.96, 4.96, 7.04, 7.04 ], "texture": "#hammer" },
				"north": { "uv": [ 4.96, 4.96, 7.04, 7.04 ], "texture": "#hammer" },
				"south": { "uv": [ 4.96, 4.96, 7.04, 7.04 ], "texture": "#hammer" },
				"west": { "uv": [ 4.96, 4.96, 7.04, 7.04 ], "texture": "#hammer" },
				"east": { "uv": [ 4.96, 4.96, 7.04, 7.04 ], "texture": "#hammer" }
			}
		},
		{
			"__comment": "Voxels-5E4D68",
			"from": [ 12, 17, 4.5 ],
			"to": [ 13, 17.5, 5 ],
			"faces": {
				"down": { "uv": [ 8.96, 4.96, 11.04, 7.04 ], "texture": "#hammer" },
				"up": { "uv": [ 8.96, 4.96, 11.04, 7.04 ], "texture": "#hammer" },
				"north": { "uv": [ 8.96, 4.96, 11.04, 7.04 ], "texture": "#hammer" },
				"south": { "uv": [ 8.96, 4.96, 11.04, 7.04 ], "texture": "#hammer" },
				"west": { "uv": [ 8.96, 4.96, 11.04, 7.04 ], "texture": "#hammer" },
				"east": { "uv": [ 8.96, 4.96, 11.04, 7.04 ], "texture": "#hammer" }
			}
		},
		{
			"__comment": "Voxels-5E4D68",
			"from": [ 12, 17, 11 ],
			"to": [ 13, 17.5, 11.5 ],
			"faces": {
				"down": { "uv": [ 8.96, 4.96, 11.04, 7.04 ], "texture": "#hammer" },
				"up": { "uv": [ 8.96, 4.96, 11.04, 7.04 ], "texture": "#hammer" },
				"north": { "uv": [ 8.96, 4.96, 11.04, 7.04 ], "texture": "#hammer" },
				"south": { "uv": [ 8.96, 4.96, 11.04, 7.04 ], "texture": "#hammer" },
				"west": { "uv": [ 8.96, 4.96, 11.04, 7.04 ], "texture": "#hammer" },
				"east": { "uv": [ 8.96, 4.96, 11.04, 7.04 ], "texture": "#hammer" }
			}
		},
		{
			"__comment": "Voxels-473952",
			"from": [ 12.5, 13.5, 6.5 ],
			"to": [ 14, 19.5, 9.5 ],
			"faces": {
				"down": { "uv": [ 0.96, 4.96, 3.04, 7.04 ], "texture": "#hammer" },
				"up": { "uv": [ 0.96, 4.96, 3.04, 7.04 ], "texture": "#hammer" },
				"north": { "uv": [ 0.96, 4.96, 3.04, 7.04 ], "texture": "#hammer" },
				"south": { "uv": [ 0.96, 4.96, 3.04, 7.04 ], "texture": "#hammer" },
				"west": { "uv": [ 0.96, 4.96, 3.04, 7.04 ], "texture": "#hammer" },
				"east": { "uv": [ 0.96, 4.96, 3.04, 7.04 ], "texture": "#hammer" }
			}
		},
		{
			"__comment": "Voxels-473952",
			"from": [ 12.5, 14, 6 ],
			"to": [ 14, 19, 6.5 ],
			"faces": {
				"down": { "uv": [ 0.96, 4.96, 3.04, 7.04 ], "texture": "#hammer" },
				"up": { "uv": [ 0.96, 4.96, 3.04, 7.04 ], "texture": "#hammer" },
				"north": { "uv": [ 0.96, 4.96, 3.04, 7.04 ], "texture": "#hammer" },
				"south": { "uv": [ 0.96, 4.96, 3.04, 7.04 ], "texture": "#hammer" },
				"west": { "uv": [ 0.96, 4.96, 3.04, 7.04 ], "texture": "#hammer" },
				"east": { "uv": [ 0.96, 4.96, 3.04, 7.04 ], "texture": "#hammer" }
			}
		},
		{
			"__comment": "Voxels-473952",
			"from": [ 12.5, 14, 9.5 ],
			"to": [ 14, 19, 10 ],
			"faces": {
				"down": { "uv": [ 0.96, 4.96, 3.04, 7.04 ], "texture": "#hammer" },
				"up": { "uv": [ 0.96, 4.96, 3.04, 7.04 ], "texture": "#hammer" },
				"north": { "uv": [ 0.96, 4.96, 3.04, 7.04 ], "texture": "#hammer" },
				"south": { "uv": [ 0.96, 4.96, 3.04, 7.04 ], "texture": "#hammer" },
				"west": { "uv": [ 0.96, 4.96, 3.04, 7.04 ], "texture": "#hammer" },
				"east": { "uv": [ 0.96, 4.96, 3.04, 7.04 ], "texture": "#hammer" }
			}
		},
		{
			"__comment": "Voxels-473952",
			"from": [ 12.5, 14.5, 5.5 ],
			"to": [ 14, 18.5, 6 ],
			"faces": {
				"down": { "uv": [ 0.96, 4.96, 3.04, 7.04 ], "texture": "#hammer" },
				"up": { "uv": [ 0.96, 4.96, 3.04, 7.04 ], "texture": "#hammer" },
				"north": { "uv": [ 0.96, 4.96, 3.04, 7.04 ], "texture": "#hammer" },
				"south": { "uv": [ 0.96, 4.96, 3.04, 7.04 ], "texture": "#hammer" },
				"west": { "uv": [ 0.96, 4.96, 3.04, 7.04 ], "texture": "#hammer" },
				"east": { "uv": [ 0.96, 4.96, 3.04, 7.04 ], "texture": "#hammer" }
			}
		},
		{
			"__comment": "Voxels-473952",
			"from": [ 12.5, 14.5, 10 ],
			"to": [ 14, 18.5, 10.5 ],
			"faces": {
				"down": { "uv": [ 0.96, 4.96, 3.04, 7.04 ], "texture": "#hammer" },
				"up": { "uv": [ 0.96, 4.96, 3.04, 7.04 ], "texture": "#hammer" },
				"north": { "uv": [ 0.96, 4.96, 3.04, 7.04 ], "texture": "#hammer" },
				"south": { "uv": [ 0.96, 4.96, 3.04, 7.04 ], "texture": "#hammer" },
				"west": { "uv": [ 0.96, 4.96, 3.04, 7.04 ], "texture": "#hammer" },
				"east": { "uv": [ 0.96, 4.96, 3.04, 7.04 ], "texture": "#hammer" }
			}
		},
		{
			"__comment": "Voxels-473952",
			"from": [ 12.5, 15, 5 ],
			"to": [ 14, 18, 5.5 ],
			"faces": {
				"down": { "uv": [ 0.96, 4.96, 3.04, 7.04 ], "texture": "#hammer" },
				"up": { "uv": [ 0.96, 4.96, 3.04, 7.04 ], "texture": "#hammer" },
				"north": { "uv": [ 0.96, 4.96, 3.04, 7.04 ], "texture": "#hammer" },
				"south": { "uv": [ 0.96, 4.96, 3.04, 7.04 ], "texture": "#hammer" },
				"west": { "uv": [ 0.96, 4.96, 3.04, 7.04 ], "texture": "#hammer" },
				"east": { "uv": [ 0.96, 4.96, 3.04, 7.04 ], "texture": "#hammer" }
			}
		},
		{
			"__comment": "Voxels-473952",
			"from": [ 12.5, 15, 10.5 ],
			"to": [ 14, 18, 11 ],
			"faces": {
				"down": { "uv": [ 0.96, 4.96, 3.04, 7.04 ], "texture": "#hammer" },
				"up": { "uv": [ 0.96, 4.96, 3.04, 7.04 ], "texture": "#hammer" },
				"north": { "uv": [ 0.96, 4.96, 3.04, 7.04 ], "texture": "#hammer" },
				"south": { "uv": [ 0.96, 4.96, 3.04, 7.04 ], "texture": "#hammer" },
				"west": { "uv": [ 0.96, 4.96, 3.04, 7.04 ], "texture": "#hammer" },
				"east": { "uv": [ 0.96, 4.96, 3.04, 7.04 ], "texture": "#hammer" }
			}
		},
		{
			"__comment": "Voxels-5E4D68",
			"from": [ 12.5, 16.5, 4.5 ],
			"to": [ 13, 17, 5 ],
			"faces": {
				"down": { "uv": [ 8.96, 4.96, 11.04, 7.04 ], "texture": "#hammer" },
				"up": { "uv": [ 8.96, 4.96, 11.04, 7.04 ], "texture": "#hammer" },
				"north": { "uv": [ 8.96, 4.96, 11.04, 7.04 ], "texture": "#hammer" },
				"south": { "uv": [ 8.96, 4.96, 11.04, 7.04 ], "texture": "#hammer" },
				"west": { "uv": [ 8.96, 4.96, 11.04, 7.04 ], "texture": "#hammer" },
				"east": { "uv": [ 8.96, 4.96, 11.04, 7.04 ], "texture": "#hammer" }
			}
		},
		{
			"__comment": "Voxels-5E4D68",
			"from": [ 12.5, 16.5, 11 ],
			"to": [ 13, 17, 11.5 ],
			"faces": {
				"down": { "uv": [ 8.96, 4.96, 11.04, 7.04 ], "texture": "#hammer" },
				"up": { "uv": [ 8.96, 4.96, 11.04, 7.04 ], "texture": "#hammer" },
				"north": { "uv": [ 8.96, 4.96, 11.04, 7.04 ], "texture": "#hammer" },
				"south": { "uv": [ 8.96, 4.96, 11.04, 7.04 ], "texture": "#hammer" },
				"west": { "uv": [ 8.96, 4.96, 11.04, 7.04 ], "texture": "#hammer" },
				"east": { "uv": [ 8.96, 4.96, 11.04, 7.04 ], "texture": "#hammer" }
			}
		},
		{
			"__comment": "Voxels-473952",
			"from": [ 12.5, 17.5, 4.5 ],
			"to": [ 13.5, 18, 5 ],
			"faces": {
				"down": { "uv": [ 0.96, 4.96, 3.04, 7.04 ], "texture": "#hammer" },
				"up": { "uv": [ 0.96, 4.96, 3.04, 7.04 ], "texture": "#hammer" },
				"north": { "uv": [ 0.96, 4.96, 3.04, 7.04 ], "texture": "#hammer" },
				"south": { "uv": [ 0.96, 4.96, 3.04, 7.04 ], "texture": "#hammer" },
				"west": { "uv": [ 0.96, 4.96, 3.04, 7.04 ], "texture": "#hammer" },
				"east": { "uv": [ 0.96, 4.96, 3.04, 7.04 ], "texture": "#hammer" }
			}
		},
		{
			"__comment": "Voxels-473952",
			"from": [ 12.5, 17.5, 11 ],
			"to": [ 13.5, 18, 11.5 ],
			"faces": {
				"down": { "uv": [ 0.96, 4.96, 3.04, 7.04 ], "texture": "#hammer" },
				"up": { "uv": [ 0.96, 4.96, 3.04, 7.04 ], "texture": "#hammer" },
				"north": { "uv": [ 0.96, 4.96, 3.04, 7.04 ], "texture": "#hammer" },
				"south": { "uv": [ 0.96, 4.96, 3.04, 7.04 ], "texture": "#hammer" },
				"west": { "uv": [ 0.96, 4.96, 3.04, 7.04 ], "texture": "#hammer" },
				"east": { "uv": [ 0.96, 4.96, 3.04, 7.04 ], "texture": "#hammer" }
			}
		},
		{
			"__comment": "Voxels-473952",
			"from": [ 13, 15, 11 ],
			"to": [ 13.5, 17.5, 11.5 ],
			"faces": {
				"down": { "uv": [ 0.96, 4.96, 3.04, 7.04 ], "texture": "#hammer" },
				"up": { "uv": [ 0.96, 4.96, 3.04, 7.04 ], "texture": "#hammer" },
				"north": { "uv": [ 0.96, 4.96, 3.04, 7.04 ], "texture": "#hammer" },
				"south": { "uv": [ 0.96, 4.96, 3.04, 7.04 ], "texture": "#hammer" },
				"west": { "uv": [ 0.96, 4.96, 3.04, 7.04 ], "texture": "#hammer" },
				"east": { "uv": [ 0.96, 4.96, 3.04, 7.04 ], "texture": "#hammer" }
			}
		},
		{
			"__comment": "Voxels-473952",
			"from": [ 13, 16.5, 4.5 ],
			"to": [ 13.5, 17.5, 5 ],
			"faces": {
				"down": { "uv": [ 0.96, 4.96, 3.04, 7.04 ], "texture": "#hammer" },
				"up": { "uv": [ 0.96, 4.96, 3.04, 7.04 ], "texture": "#hammer" },
				"north": { "uv": [ 0.96, 4.96, 3.04, 7.04 ], "texture": "#hammer" },
				"south": { "uv": [ 0.96, 4.96, 3.04, 7.04 ], "texture": "#hammer" },
				"west": { "uv": [ 0.96, 4.96, 3.04, 7.04 ], "texture": "#hammer" },
				"east": { "uv": [ 0.96, 4.96, 3.04, 7.04 ], "texture": "#hammer" }
			}
		},
		{
			"__comment": "Voxels-7A584F",
			"from": [ 2.4723, 5.9833, 7.75 ],
			"to": [ 2.9723, 6.4833, 8.25 ],
			"rotation": { "origin": [ 4, 6, 8 ], "axis": "z", "angle": 22.5 },
			"faces": {
				"down": { "uv": [ 15.04, 3.04, 12.96, 0.96 ], "texture": "#hammer", "rotation": 90 },
				"up": { "uv": [ 12.96, 0.96, 15.04, 3.04 ], "texture": "#hammer", "rotation": 270 },
				"north": { "uv": [ 12.96, 0.96, 15.04, 3.04 ], "texture": "#hammer", "rotation": 90 },
				"south": { "uv": [ 12.96, 0.96, 15.04, 3.04 ], "texture": "#hammer", "rotation": 270 },
				"west": { "uv": [ 12.96, 0.96, 15.04, 3.04 ], "texture": "#hammer", "rotation": 270 },
				"east": { "uv": [ 15.04, 3.04, 12.96, 0.96 ], "texture": "#hammer", "rotation": 90 }
			}
		},
		{
			"__comment": "Voxels-7A584F",
			"from": [ 11.1768, 3.409, 7.75 ],
			"to": [ 11.6768, 6.409, 8.25 ],
			"rotation": { "origin": [ 11, 5, 8 ], "axis": "z", "angle": -45 },
			"faces": {
				"down": { "uv": [ 15.04, 3.04, 12.96, 0.96 ], "texture": "#hammer", "rotation": 90 },
				"up": { "uv": [ 12.96, 0.96, 15.04, 3.04 ], "texture": "#hammer", "rotation": 270 },
				"north": { "uv": [ 12.96, 0.96, 15.04, 3.04 ], "texture": "#hammer", "rotation": 90 },
				"south": { "uv": [ 12.96, 0.96, 15.04, 3.04 ], "texture": "#hammer", "rotation": 270 },
				"west": { "uv": [ 12.96, 0.96, 15.04, 3.04 ], "texture": "#hammer", "rotation": 270 },
				"east": { "uv": [ 15.04, 3.04, 12.96, 0.96 ], "texture": "#hammer", "rotation": 90 }
			}
		},
		{
			"__comment": "Voxels-7A584F",
			"from": [ 13.1254, 5.619, 7.75 ],
			"to": [ 13.6254, 6.119, 8.25 ],
			"rotation": { "origin": [ 13, 6, 8 ], "axis": "z", "angle": -22.5 },
			"faces": {
				"down": { "uv": [ 15.04, 3.04, 12.96, 0.96 ], "texture": "#hammer", "rotation": 90 },
				"up": { "uv": [ 12.96, 0.96, 15.04, 3.04 ], "texture": "#hammer", "rotation": 270 },
				"north": { "uv": [ 12.96, 0.96, 15.04, 3.04 ], "texture": "#hammer", "rotation": 90 },
				"south": { "uv": [ 12.96, 0.96, 15.04, 3.04 ], "texture": "#hammer", "rotation": 270 },
				"west": { "uv": [ 12.96, 0.96, 15.04, 3.04 ], "texture": "#hammer", "rotation": 270 },
				"east": { "uv": [ 15.04, 3.04, 12.96, 0.96 ], "texture": "#hammer", "rotation": 90 }
			}
		},
		{
			"__comment": "Voxels-7A584F",
			"from": [ 12.0957, 5.769, 7.75 ],
			"to": [ 12.5957, 7.269, 8.25 ],
			"rotation": { "origin": [ 12, 6, 8 ], "axis": "z", "angle": -22.5 },
			"faces": {
				"down": { "uv": [ 15.04, 3.04, 12.96, 0.96 ], "texture": "#hammer", "rotation": 90 },
				"up": { "uv": [ 12.96, 0.96, 15.04, 3.04 ], "texture": "#hammer", "rotation": 270 },
				"north": { "uv": [ 12.96, 0.96, 15.04, 3.04 ], "texture": "#hammer", "rotation": 90 },
				"south": { "uv": [ 12.96, 0.96, 15.04, 3.04 ], "texture": "#hammer", "rotation": 270 },
				"west": { "uv": [ 12.96, 0.96, 15.04, 3.04 ], "texture": "#hammer", "rotation": 270 },
				"east": { "uv": [ 15.04, 3.04, 12.96, 0.96 ], "texture": "#hammer", "rotation": 90 }
			}
		},
		{
			"__comment": "Voxels-7A584F",
			"from": [ 12.231, 5.0957, 7.75 ],
			"to": [ 13.231, 5.5957, 8.25 ],
			"rotation": { "origin": [ 13, 5, 8 ], "axis": "z", "angle": -22.5 },
			"faces": {
				"down": { "uv": [ 15.04, 3.04, 12.96, 0.96 ], "texture": "#hammer" },
				"up": { "uv": [ 15.04, 3.04, 12.96, 0.96 ], "texture": "#hammer" },
				"north": { "uv": [ 12.96, 0.96, 15.04, 3.04 ], "texture": "#hammer", "rotation": 180 },
				"south": { "uv": [ 12.96, 0.96, 15.04, 3.04 ], "texture": "#hammer", "rotation": 180 },
				"west": { "uv": [ 12.96, 0.96, 15.04, 3.04 ], "texture": "#hammer", "rotation": 180 },
				"east": { "uv": [ 12.96, 0.96, 15.04, 3.04 ], "texture": "#hammer", "rotation": 180 }
			}
		},
		{
			"__comment": "Voxels-7A584F",
			"from": [ 3.5858, 4.2929, 7.75 ],
			"to": [ 6.5858, 4.7929, 8.25 ],
			"rotation": { "origin": [ 5, 5, 8 ], "axis": "z", "angle": -45 },
			"faces": {
				"down": { "uv": [ 12.96, 0.96, 15.04, 3.04 ], "texture": "#hammer" },
				"up": { "uv": [ 12.96, 0.96, 15.04, 3.04 ], "texture": "#hammer" },
				"north": { "uv": [ 12.96, 0.96, 15.04, 3.04 ], "texture": "#hammer" },
				"south": { "uv": [ 12.96, 0.96, 15.04, 3.04 ], "texture": "#hammer" },
				"west": { "uv": [ 12.96, 0.96, 15.04, 3.04 ], "texture": "#hammer" },
				"east": { "uv": [ 12.96, 0.96, 15.04, 3.04 ], "texture": "#hammer" }
			}
		},
		{
			"__comment": "Voxels-7A584F",
			"from": [ 3.4228, 6.1121, 7.75 ],
			"to": [ 3.9228, 7.6121, 8.25 ],
			"rotation": { "origin": [ 5, 6, 8 ], "axis": "z", "angle": 22.5 },
			"faces": {
				"down": { "uv": [ 15.04, 3.04, 12.96, 0.96 ], "texture": "#hammer", "rotation": 90 },
				"up": { "uv": [ 12.96, 0.96, 15.04, 3.04 ], "texture": "#hammer", "rotation": 270 },
				"north": { "uv": [ 12.96, 0.96, 15.04, 3.04 ], "texture": "#hammer", "rotation": 90 },
				"south": { "uv": [ 12.96, 0.96, 15.04, 3.04 ], "texture": "#hammer", "rotation": 270 },
				"west": { "uv": [ 12.96, 0.96, 15.04, 3.04 ], "texture": "#hammer", "rotation": 270 },
				"east": { "uv": [ 15.04, 3.04, 12.96, 0.96 ], "texture": "#hammer", "rotation": 90 }
			}
		},
		{
			"__comment": "Cube141",
			"from": [ 5.6, 3.39, 7.75 ],
			"to": [ 6, 3.84, 8.25 ],
			"faces": {
				"down": { "uv": [ 13.5, 1.5, 13.9, 2 ], "texture": "#hammer" },
				"up": { "uv": [ 13.5, 1.5, 13.9, 2 ], "texture": "#hammer" },
				"north": { "uv": [ 13.5, 1.5, 13.9, 2 ], "texture": "#hammer" },
				"south": { "uv": [ 13.5, 1.5, 13.9, 2 ], "texture": "#hammer" },
				"west": { "uv": [ 13.5, 1.5, 13.9, 2 ], "texture": "#hammer" },
				"east": { "uv": [ 13.5, 1.5, 13.9, 2 ], "texture": "#hammer" }
			}
		},
		{
			"__comment": "Cube141",
			"from": [ 10, 3.409, 7.75 ],
			"to": [ 10.4, 3.859, 8.25 ],
			"faces": {
				"down": { "uv": [ 13.5, 1.5, 13.9, 2 ], "texture": "#hammer" },
				"up": { "uv": [ 13.5, 1.5, 13.9, 2 ], "texture": "#hammer" },
				"north": { "uv": [ 13.5, 1.5, 13.9, 2 ], "texture": "#hammer" },
				"south": { "uv": [ 13.5, 1.5, 13.9, 2 ], "texture": "#hammer" },
				"west": { "uv": [ 13.5, 1.5, 13.9, 2 ], "texture": "#hammer" },
				"east": { "uv": [ 13.5, 1.5, 13.9, 2 ], "texture": "#hammer" }
			}
		},
		{
			"__comment": "Voxels-473952",
			"from": [ 2, 15, 5 ],
			"to": [ 3, 18, 5.5 ],
			"faces": {
				"down": { "uv": [ 0.96, 4.96, 3.04, 7.04 ], "texture": "#hammer" },
				"up": { "uv": [ 0.96, 4.96, 3.04, 7.04 ], "texture": "#hammer" },
				"north": { "uv": [ 0.96, 4.96, 3.04, 7.04 ], "texture": "#hammer" },
				"south": { "uv": [ 0.96, 4.96, 3.04, 7.04 ], "texture": "#hammer" },
				"west": { "uv": [ 0.96, 4.96, 3.04, 7.04 ], "texture": "#hammer" },
				"east": { "uv": [ 0.96, 4.96, 3.04, 7.04 ], "texture": "#hammer" }
			}
		},
		{
			"__comment": "Voxels-473952",
			"from": [ 3.5, 18, 11 ],
			"to": [ 4, 18.5, 11.5 ],
			"faces": {
				"down": { "uv": [ 0.96, 4.96, 3.04, 7.04 ], "texture": "#hammer" },
				"up": { "uv": [ 0.96, 4.96, 3.04, 7.04 ], "texture": "#hammer" },
				"north": { "uv": [ 0.96, 4.96, 3.04, 7.04 ], "texture": "#hammer" },
				"south": { "uv": [ 0.96, 4.96, 3.04, 7.04 ], "texture": "#hammer" },
				"west": { "uv": [ 0.96, 4.96, 3.04, 7.04 ], "texture": "#hammer" },
				"east": { "uv": [ 0.96, 4.96, 3.04, 7.04 ], "texture": "#hammer" }
			}
		}
	],
	"display": {
		"thirdperson_righthand": {
			"rotation":  [ 0, -90, 0 ],
			"translation":  [ 0, 5, 2.5 ]
		},
		"firstperson_righthand": {
			"rotation":  [ 350, 120, 0 ],
			"translation":  [ 2.75, 0.75, -3.25 ],
			"scale":  [ 0.65, 0.65, 0.65 ]
		},
		"gui": {
			"rotation":  [ -28, -28, -42 ],
			"translation":  [ -1.391, -2.086, 0 ],
			"scale":  [ 0.75, 0.75, 0.75 ]
		}
	}
}