{
    "__comment": "Model generated using MrCrayfish's Model Creator (http://mrcrayfish.com/modelcreator/)",
    "textures": {
        "0": "items/necrotana"
    },
    "elements": [
        {
            "name": "Cube",
            "from": [ 6.899999998509884, 0.0, 7.500000007450581 ], 
            "to": [ 8.400000005960464, 0.7999999970197678, 8.50000000745058 ], 
            "faces": {
                "north": { "texture": "#0", "uv": [ 5.0, 12.0, 5.500000007450581, 12.799999997019768 ] },
                "east": { "texture": "#0", "uv": [ 5.0, 12.0, 6.0, 12.799999997019768 ] },
                "south": { "texture": "#0", "uv": [ 5.0, 13.0, 4.500000007450581, 11.799999997019768 ] },
                "west": { "texture": "#0", "uv": [ 5.0, 12.0, 6.0, 12.799999997019768 ] },
                "up": { "texture": "#0", "uv": [ 5.0, 12.0, 4.500000007450581, 13.0 ] },
                "down": { "texture": "#0", "uv": [ 5.0, 11.0, 5.500000007450581, 12.0 ] }
            }
        },
        {
            "name": "Cube",
            "from": [ 7.500000007450581, 0.800000011920929, 7.500000007450581 ], 
            "to": [ 8.50000000745058, 2.800000011920929, 8.50000000745058 ], 
            "faces": {
                "north": { "texture": "#0", "uv": [ 5.0, 10.0, 6.0, 12.50000000745058 ] },
                "east": { "texture": "#0", "uv": [ 5.0, 10.0, 6.0, 12.50000000745058 ] },
                "south": { "texture": "#0", "uv": [ 5.0, 10.0, 6.0, 12.50000000745058 ] },
                "west": { "texture": "#0", "uv": [ 5.0, 10.0, 6.0, 12.50000000745058 ] },
                "up": { "texture": "#0", "uv": [ 5.0, 11.0, 6.0, 12.0 ] },
                "down": { "texture": "#0", "uv": [ 5.0, 11.0, 6.0, 12.0 ] }
            }
        },
        {
            "name": "Cube",
            "from": [ 6.500000007450581, 2.800000011920929, 7.500000007450581 ], 
            "to": [ 9.50000000745058, 3.299999989569187, 8.50000000745058 ], 
            "faces": {
                "north": { "texture": "#0", "uv": [ 4.0, 11.0, 6.0, 11.499999977648258 ] },
                "east": { "texture": "#0", "uv": [ 4.0, 11.0, 6.0, 11.499999977648258 ] },
                "south": { "texture": "#0", "uv": [ 4.0, 11.0, 6.0, 11.499999977648258 ] },
                "west": { "texture": "#0", "uv": [ 4.0, 11.0, 6.0, 11.499999977648258 ] },
                "up": { "texture": "#0", "uv": [ 4.0, 12.0, 7.0, 11.0 ] },
                "down": { "texture": "#0", "uv": [ 5.0, 11.0, 6.0, 12.0 ] }
            }
        },
        {
            "name": "Cube",
            "from": [ 6.200000002980232, 3.3000000193715096, 7.500000007450581 ], 
            "to": [ 7.999999985098839, 3.7999999970197678, 8.50000000745058 ], 
            "faces": {
                "north": { "texture": "#0", "uv": [ 4.0, 11.0, 5.799999982118607, 11.499999977648258 ] },
                "east": { "texture": "#0", "uv": [ 4.0, 11.0, 5.0, 11.499999977648258 ] },
                "south": { "texture": "#0", "uv": [ 4.0, 11.0, 5.799999982118607, 11.499999977648258 ] },
                "west": { "texture": "#0", "uv": [ 4.0, 11.0, 5.0, 11.499999977648258 ] },
                "up": { "texture": "#0", "uv": [ 4.0, 11.0, 5.799999982118607, 12.0 ] },
                "down": { "texture": "#0", "uv": [ 4.0, 11.0, 5.799999982118607, 12.0 ] }
            }
        },
        {
            "name": "Cube",
            "from": [ 8.0, 3.3000000193715096, 7.500000007450581 ], 
            "to": [ 9.799999982118607, 3.7999999970197678, 8.50000000745058 ], 
            "faces": {
                "north": { "texture": "#0", "uv": [ 5.0, 11.0, 5.799999982118607, 11.499999977648258 ] },
                "east": { "texture": "#0", "uv": [ 6.0, 11.0, 6.0, 11.499999977648258 ] },
                "south": { "texture": "#0", "uv": [ 5.0, 11.0, 5.799999982118607, 11.499999977648258 ] },
                "west": { "texture": "#0", "uv": [ 6.0, 11.0, 6.0, 11.499999977648258 ] },
                "up": { "texture": "#0", "uv": [ 5.0, 11.0, 6.799999982118607, 12.0 ] },
                "down": { "texture": "#0", "uv": [ 5.0, 11.0, 6.799999982118607, 12.0 ] }
            }
        },
        {
            "name": "Cube",
            "from": [ 5.899999998509884, 3.800000011920929, 7.500000007450581 ], 
            "to": [ 6.499999962747097, 4.399999991059303, 8.50000000745058 ], 
            "faces": {
                "north": { "texture": "#0", "uv": [ 5.0, 10.0, 5.599999964237213, 10.599999979138374 ] },
                "east": { "texture": "#0", "uv": [ 5.0, 10.0, 5.0, 10.599999979138374 ] },
                "south": { "texture": "#0", "uv": [ 5.0, 7.0, 5.599999964237213, 7.599999979138374 ] },
                "west": { "texture": "#0", "uv": [ 5.0, 7.0, 5.0, 7.599999979138374 ] },
                "up": { "texture": "#0", "uv": [ 5.0, 7.0, 5.599999964237213, 8.0 ] },
                "down": { "texture": "#0", "uv": [ 5.0, 7.0, 5.599999964237213, 8.0 ] }
            }
        },
        {
            "name": "Cube",
            "from": [ 9.50000000745058, 3.800000011920929, 7.500000007450581 ], 
            "to": [ 10.099999971687794, 4.399999991059303, 8.50000000745058 ], 
            "faces": {
                "north": { "texture": "#0", "uv": [ 5.0, 10.0, 5.599999964237213, 10.599999979138374 ] },
                "east": { "texture": "#0", "uv": [ 5.0, 7.0, 6.0, 7.599999979138374 ] },
                "south": { "texture": "#0", "uv": [ 5.0, 7.0, 5.599999964237213, 7.599999979138374 ] },
                "west": { "texture": "#0", "uv": [ 5.0, 7.0, 6.0, 7.599999979138374 ] },
                "up": { "texture": "#0", "uv": [ 5.0, 7.0, 5.599999964237213, 8.0 ] },
                "down": { "texture": "#0", "uv": [ 5.0, 7.0, 5.599999964237213, 8.0 ] }
            }
        },
        {
            "name": "Cube",
            "from": [ 7.499999992549419, 3.800000011920929, 7.800000011920929 ], 
            "to": [ 8.499999962747097, 4.499999992549419, 8.300000004470348 ], 
            "faces": {
                "north": { "texture": "#0", "uv": [ 5.0, 10.0, 5.999999970197678, 10.69999998062849 ] },
                "east": { "texture": "#0", "uv": [ 5.0, 10.0, 6.0, 10.69999998062849 ] },
                "south": { "texture": "#0", "uv": [ 5.0, 10.0, 5.999999970197678, 10.69999998062849 ] },
                "west": { "texture": "#0", "uv": [ 5.0, 10.0, 6.0, 10.69999998062849 ] },
                "up": { "texture": "#0", "uv": [ 5.0, 10.0, 5.999999970197678, 10.0 ] },
                "down": { "texture": "#0", "uv": [ 5.0, 10.0, 5.999999970197678, 11.0 ] }
            }
        },
        {
            "name": "Cube",
            "from": [ 6.999999985098839, 4.500000007450581, 7.800000011920929 ], 
            "to": [ 8.999999970197678, 5.499999992549419, 8.300000004470348 ], 
            "faces": {
                "north": { "texture": "#0", "uv": [ 5.0, 10.0, 4.999999985098839, 10.999999985098839 ] },
                "east": { "texture": "#0", "uv": [ 5.0, 10.0, 6.0, 10.999999985098839 ] },
                "south": { "texture": "#0", "uv": [ 5.0, 10.0, 5.999999985098839, 10.999999985098839 ] },
                "west": { "texture": "#0", "uv": [ 5.0, 10.0, 6.0, 10.999999985098839 ] },
                "up": { "texture": "#0", "uv": [ 5.0, 10.0, 4.999999985098839, 11.0 ] },
                "down": { "texture": "#0", "uv": [ 5.0, 10.0, 4.999999985098839, 11.0 ] }
            }
        },
        {
            "name": "Cube",
            "from": [ 7.099999986588955, 5.499999992549419, 7.800000011920929 ], 
            "to": [ 8.899999968707561, 6.499999977648258, 8.300000004470348 ], 
            "faces": {
                "north": { "texture": "#0", "uv": [ 5.0, 8.0, 4.799999982118607, 8.999999985098839 ] },
                "east": { "texture": "#0", "uv": [ 5.0, 9.0, 5.0, 9.999999985098839 ] },
                "south": { "texture": "#0", "uv": [ 5.0, 9.0, 5.799999982118607, 8.999999985098839 ] },
                "west": { "texture": "#0", "uv": [ 5.0, 9.0, 6.0, 9.999999985098839 ] },
                "up": { "texture": "#0", "uv": [ 5.0, 9.0, 5.799999982118607, 10.0 ] },
                "down": { "texture": "#0", "uv": [ 5.0, 8.0, 5.799999982118607, 9.0 ] }
            }
        },
        {
            "name": "Cube",
            "from": [ 7.299999989569187, 6.500000007450581, 7.800000011920929 ], 
            "to": [ 8.599999964237213, 7.499999992549419, 8.300000004470348 ], 
            "faces": {
                "north": { "texture": "#0", "uv": [ 4.700000000000001, 8.0, 5.899999974668027, 8.999999985098839 ] },
                "east": { "texture": "#0", "uv": [ 5.0, 8.0, 6.0, 8.999999985098839 ] },
                "south": { "texture": "#0", "uv": [ 5.0, 9.0, 5.299999974668026, 9.999999985098839 ] },
                "west": { "texture": "#0", "uv": [ 5.0, 8.0, 6.0, 8.999999985098839 ] },
                "up": { "texture": "#0", "uv": [ 5.0, 9.0, 5.299999974668026, 10.0 ] },
                "down": { "texture": "#0", "uv": [ 5.0, 9.0, 5.299999974668026, 10.0 ] }
            }
        },
        {
            "name": "Cube",
            "from": [ 7.099999986588955, 7.500000022351742, 7.800000011920929 ], 
            "to": [ 8.599999964237213, 8.500000022351742, 8.300000004470348 ], 
            "faces": {
                "north": { "texture": "#0", "uv": [ 5.0, 9.0, 5.499999977648258, 10.49999999254942 ] },
                "east": { "texture": "#0", "uv": [ 5.0, 8.0, 5.0, 9.49999999254942 ] },
                "south": { "texture": "#0", "uv": [ 5.0, 7.0, 5.499999977648258, 8.49999999254942 ] },
                "west": { "texture": "#0", "uv": [ 5.0, 8.0, 6.0, 9.49999999254942 ] },
                "up": { "texture": "#0", "uv": [ 5.0, 8.0, 5.499999977648258, 9.0 ] },
                "down": { "texture": "#0", "uv": [ 5.0, 8.0, 5.499999977648258, 9.0 ] }
            }
        },
        {
            "name": "Cube",
            "from": [ 6.699999950826168, 8.500000022351742, 7.800000011920929 ], 
            "to": [ 8.59999993443489, 9.0, 8.300000004470348 ], 
            "faces": {
                "north": { "texture": "#0", "uv": [ 5.0, 8.0, 5.899999983608723, 8.499999977648258 ] },
                "east": { "texture": "#0", "uv": [ 5.0, 8.0, 6.0, 8.499999977648258 ] },
                "south": { "texture": "#0", "uv": [ 5.0, 8.0, 5.899999983608723, 7.499999977648258 ] },
                "west": { "texture": "#0", "uv": [ 5.0, 8.0, 6.0, 8.499999977648258 ] },
                "up": { "texture": "#0", "uv": [ 5.0, 7.0, 5.899999983608723, 8.0 ] },
                "down": { "texture": "#0", "uv": [ 5.0, 7.0, 5.899999983608723, 8.0 ] }
            }
        },
        {
            "name": "Cube",
            "from": [ 6.499999977648258, 9.0, 7.800000011920929 ], 
            "to": [ 8.499999962747097, 9.499999977648258, 8.300000004470348 ], 
            "faces": {
                "north": { "texture": "#0", "uv": [ 5.0, 8.0, 5.999999985098839, 7.499999977648258 ] },
                "east": { "texture": "#0", "uv": [ 6.0, 8.0, 6.0, 8.499999977648258 ] },
                "south": { "texture": "#0", "uv": [ 5.0, 8.0, 5.999999985098839, 8.499999977648258 ] },
                "west": { "texture": "#0", "uv": [ 5.0, 8.0, 6.0, 8.499999977648258 ] },
                "up": { "texture": "#0", "uv": [ 5.0, 7.0, 6.999999985098839, 8.0 ] },
                "down": { "texture": "#0", "uv": [ 5.0, 7.0, 6.999999985098839, 8.0 ] }
            }
        },
        {
            "name": "Cube",
            "from": [ 6.399999976158142, 9.500000037252903, 7.800000011920929 ], 
            "to": [ 8.499999962747097, 10.000000014901161, 8.300000004470348 ], 
            "faces": {
                "north": { "texture": "#0", "uv": [ 5.0, 7.0, 6.099999986588955, 7.6999999806284904 ] },
                "east": { "texture": "#0", "uv": [ 5.0, 7.0, 6.0, 7.6999999806284904 ] },
                "south": { "texture": "#0", "uv": [ 5.0, 7.0, 6.099999986588955, 7.6999999806284904 ] },
                "west": { "texture": "#0", "uv": [ 5.0, 7.0, 6.0, 7.6999999806284904 ] },
                "up": { "texture": "#0", "uv": [ 5.0, 7.0, 6.099999986588955, 8.0 ] },
                "down": { "texture": "#0", "uv": [ 5.0, 7.0, 6.099999986588955, 8.0 ] }
            }
        },
        {
            "name": "Cube",
            "from": [ 6.6999999806284904, 10.000000029802322, 7.800000011920929 ], 
            "to": [ 8.69999996572733, 10.600000008940697, 8.300000004470348 ], 
            "faces": {
                "north": { "texture": "#0", "uv": [ 5.0, 7.0, 5.999999985098839, 8.499999977648258 ] },
                "east": { "texture": "#0", "uv": [ 5.0, 6.0, 6.0, 6.499999977648258 ] },
                "south": { "texture": "#0", "uv": [ 5.0, 6.0, 5.999999985098839, 6.499999977648258 ] },
                "west": { "texture": "#0", "uv": [ 5.0, 6.0, 6.0, 6.499999977648258 ] },
                "up": { "texture": "#0", "uv": [ 5.0, 6.0, 5.999999985098839, 7.0 ] },
                "down": { "texture": "#0", "uv": [ 5.0, 6.0, 4.999999985098839, 7.0 ] }
            }
        },
        {
            "name": "Cube",
            "from": [ 6.799999982118607, 10.600000023841858, 7.800000011920929 ], 
            "to": [ 8.499999962747097, 11.300000004470348, 8.300000004470348 ], 
            "faces": {
                "north": { "texture": "#0", "uv": [ 5.0, 6.0, 5.6999999806284904, 6.499999977648258 ] },
                "east": { "texture": "#0", "uv": [ 5.0, 6.0, 6.0, 6.499999977648258 ] },
                "south": { "texture": "#0", "uv": [ 5.0, 6.0, 5.6999999806284904, 6.499999977648258 ] },
                "west": { "texture": "#0", "uv": [ 5.0, 6.0, 6.0, 6.499999977648258 ] },
                "up": { "texture": "#0", "uv": [ 5.0, 6.0, 5.6999999806284904, 7.0 ] },
                "down": { "texture": "#0", "uv": [ 5.0, 6.0, 5.6999999806284904, 7.0 ] }
            }
        },
        {
            "name": "Cube",
            "from": [ 7.099999986588955, 11.30000003427267, 7.800000011920929 ], 
            "to": [ 8.399999961256981, 11.900000013411045, 8.300000004470348 ], 
            "faces": {
                "north": { "texture": "#0", "uv": [ 5.0, 5.0, 6.299999974668026, 4.499999977648258 ] },
                "east": { "texture": "#0", "uv": [ 5.0, 5.0, 5.0, 5.499999977648258 ] },
                "south": { "texture": "#0", "uv": [ 5.0, 5.0, 5.299999974668026, 5.499999977648258 ] },
                "west": { "texture": "#0", "uv": [ 6.0, 5.0, 5.0, 5.499999977648258 ] },
                "up": { "texture": "#0", "uv": [ 5.0, 5.0, 5.299999974668026, 6.0 ] },
                "down": { "texture": "#0", "uv": [ 0.0, 0.0, 1.299999974668026, 1.0 ] }
            }
        },
        {
            "name": "Cube",
            "from": [ 7.199999988079071, 11.900000043213367, 7.800000011920929 ], 
            "to": [ 8.299999959766865, 12.500000022351742, 8.300000004470348 ], 
            "faces": {
                "north": { "texture": "#0", "uv": [ 5.0, 4.0, 5.099999971687794, 4.499999977648258 ] },
                "east": { "texture": "#0", "uv": [ 5.0, 4.0, 6.0, 4.499999977648258 ] },
                "south": { "texture": "#0", "uv": [ 5.0, 4.0, 5.099999971687794, 4.499999977648258 ] },
                "west": { "texture": "#0", "uv": [ 5.0, 4.0, 6.0, 4.499999977648258 ] },
                "up": { "texture": "#0", "uv": [ 5.0, 6.0, 5.099999971687794, 7.0 ] },
                "down": { "texture": "#0", "uv": [ 5.0, 5.0, 5.099999971687794, 6.0 ] }
            }
        },
        {
            "name": "Cube",
            "from": [ 7.299999989569187, 12.500000052154064, 7.800000011920929 ], 
            "to": [ 8.199999958276749, 13.100000031292439, 8.300000004470348 ], 
            "faces": {
                "north": { "texture": "#0", "uv": [ 5.0, 3.0, 5.8999999687075615, 3.499999977648258 ] },
                "east": { "texture": "#0", "uv": [ 5.0, 3.0, 5.0, 3.499999977648258 ] },
                "south": { "texture": "#0", "uv": [ 5.0, 7.0, 5.8999999687075615, 7.499999977648258 ] },
                "west": { "texture": "#0", "uv": [ 5.0, 7.0, 6.0, 7.499999977648258 ] },
                "up": { "texture": "#0", "uv": [ 5.0, 7.0, 5.8999999687075615, 8.0 ] },
                "down": { "texture": "#0", "uv": [ 5.0, 7.0, 5.8999999687075615, 8.0 ] }
            }
        },
        {
            "name": "Cube",
            "from": [ 7.399999991059303, 13.100000061094761, 7.800000011920929 ], 
            "to": [ 8.099999956786633, 13.600000038743019, 8.300000004470348 ], 
            "faces": {
                "north": { "texture": "#0", "uv": [ 5.0, 4.0, 5.699999965727329, 4.499999977648258 ] },
                "east": { "texture": "#0", "uv": [ 5.0, 3.0, 6.0, 3.499999977648258 ] },
                "south": { "texture": "#0", "uv": [ 5.0, 4.0, 5.699999965727329, 4.499999977648258 ] },
                "west": { "texture": "#0", "uv": [ 5.0, 4.0, 6.0, 4.499999977648258 ] },
                "up": { "texture": "#0", "uv": [ 5.0, 4.0, 5.699999965727329, 4.0 ] },
                "down": { "texture": "#0", "uv": [ 5.0, 4.0, 5.699999965727329, 4.0 ] }
            }
        },
        {
            "name": "Cube",
            "from": [ 7.499999992549419, 13.60000005364418, 7.800000011920929 ], 
            "to": [ 7.999999955296516, 14.000000029802322, 8.300000004470348 ], 
            "faces": {
                "north": { "texture": "#0", "uv": [ 5.0, 3.0, 5.499999962747097, 3.299999974668026 ] },
                "east": { "texture": "#0", "uv": [ 5.0, 3.0, 5.0, 3.299999974668026 ] },
                "south": { "texture": "#0", "uv": [ 5.0, 3.0, 5.499999962747097, 3.299999974668026 ] },
                "west": { "texture": "#0", "uv": [ 5.0, 3.0, 5.0, 3.299999974668026 ] },
                "up": { "texture": "#0", "uv": [ 5.0, 3.0, 5.499999962747097, 3.0 ] },
                "down": { "texture": "#0", "uv": [ 5.0, 2.0, 5.499999962747097, 3.0 ] }
            }
        },
        {
            "name": "Cube",
            "from": [ 7.5999999940395355, 14.000000059604645, 7.800000011920929 ], 
            "to": [ 7.799999952316284, 14.500000037252903, 8.300000004470348 ], 
            "faces": {
                "north": { "texture": "#0", "uv": [ 5.0, 3.0, 5.199999958276749, 3.299999974668026 ] },
                "east": { "texture": "#0", "uv": [ 5.0, 3.0, 5.0, 3.299999974668026 ] },
                "south": { "texture": "#0", "uv": [ 5.0, 3.0, 5.199999958276749, 3.299999974668026 ] },
                "west": { "texture": "#0", "uv": [ 5.0, 3.0, 5.0, 3.299999974668026 ] },
                "up": { "texture": "#0", "uv": [ 5.0, 3.0, 5.199999958276749, 3.0 ] },
                "down": { "texture": "#0", "uv": [ 5.0, 3.0, 5.199999958276749, 3.0 ] }
    }
}
], 
"display": {
    "thirdperson_righthand": {
        "rotation": [ 70, 90, 290 ],
        "translation": [ 0.00, 9.75, 1.25 ],
        "scale": [ 1.75, 1.75, 1.75 ]
    },
    "thirdperson_lefthand": {
        "rotation": [ 0, 0, 0 ],
        "translation": [ 0.00, 0.00, 0.00 ],
        "scale": [ 1.00, 1.00, 1.00 ]
    },
    "firstperson_righthand": {
        "rotation": [ 0, 298, 2 ],
        "translation": [ 1.50, 6.00, -3.25 ],
        "scale": [ 1.25, 1.25, 1.25 ]
    },
    "firstperson_lefthand": {
        "rotation": [ 0, 0, 0 ],
        "translation": [ 0.00, 0.00, 0.00 ],
        "scale": [ 1.00, 1.00, 1.00 ]
    },
    "gui": {
        "rotation": [ 0, 0, 316 ],
        "translation": [ 0.25, 0.00, 0.00 ],
        "scale": [ 1.26, 1.26, 1.26 ]
    },
    "head": {
        "rotation": [ 0, 0, 0 ],
        "translation": [ 0.00, 0.00, 0.00 ],
        "scale": [ 1.00, 1.00, 1.00 ]
    },
    "fixed": {
        "rotation": [ 0, 0, 0 ],
        "translation": [ 0.00, 0.00, 0.00 ],
        "scale": [ 1.00, 1.00, 1.00 ]
    },
    "ground": {
        "rotation": [ 0, 0, 0 ],
        "translation": [ 0.00, 0.00, 0.00 ],
        "scale": [ 1.00, 1.00, 1.00 ]
    }
}
}