{
    "__comment": "Model generated using MrCrayfish's Model Creator (http://mrcrayfish.com/modelcreator/)",
    "textures": {
        "0": "blocks/cake_side",
        "1": "blocks/cake_top",
        "2": "blocks/cake_bottom"
    },
    "elements": [
        {
            "name": "Element",
            "from": [ 1.0, 0.0, 1.0 ], 
            "to": [ 15.0, 6.0, 15.0 ], 
            "faces": {
                "north": { "texture": "#0", "uv": [ 1.0, 9.0, 15.0, 14.0 ] },
                "east": { "texture": "#0", "uv": [ 1.0, 9.0, 15.0, 14.0 ] },
                "south": { "texture": "#0", "uv": [ 1.0, 9.0, 15.0, 14.0 ] },
                "west": { "texture": "#0", "uv": [ 1.0, 9.0, 15.0, 14.0 ] },
                "up": { "texture": "#1", "uv": [ 1.0, 1.0, 15.0, 15.0 ] },
                "down": { "texture": "#2", "uv": [ 1.0, 1.0, 15.0, 15.0 ], "cullface": "down" }
            }
        },
        {
            "name": "Cube",
            "from": [ 2.0, -1.0, 2.0 ], 
            "to": [ 14.0, 0.0, 14.0 ], 
            "faces": {
                "north": { "texture": "#0", "uv": [ 1.0, 8.0, 15.0, 9.0 ] },
                "east": { "texture": "#0", "uv": [ 1.0, 8.0, 15.0, 9.0 ] },
                "south": { "texture": "#0", "uv": [ 1.0, 8.0, 15.0, 9.0 ] },
                "west": { "texture": "#0", "uv": [ 1.0, 8.0, 15.0, 9.0 ] },
                "up": { "texture": "#1", "uv": [ 1.0, 1.0, 15.0, 15.0 ] },
                "down": { "texture": "#2", "uv": [ 1.0, 1.0, 15.0, 15.0 ], "cullface": "down" }
            }
        },
        {
            "name": "Cube",
            "from": [ 2.0, 6.0, 2.0 ], 
            "to": [ 14.0, 8.0, 14.0 ], 
            "faces": {
                "north": { "texture": "#0", "uv": [ 1.0, 8.0, 15.0, 14.0 ] },
                "east": { "texture": "#0", "uv": [ 1.0, 8.0, 15.0, 13.0 ] },
                "south": { "texture": "#0", "uv": [ 1.0, 8.0, 15.0, 14.0 ] },
                "west": { "texture": "#0", "uv": [ 1.0, 8.0, 15.0, 14.0 ] },
                "up": { "texture": "#1", "uv": [ 1.0, 1.0, 15.0, 15.0 ] },
                "down": { "texture": "#2", "uv": [ 1.0, 1.0, 15.0, 15.0 ], "cullface": "down" }
            }
        },
        {
            "name": "Cube",
            "from": [ 3.0, -2.0, 3.0 ], 
            "to": [ 13.0, -1.0, 13.0 ], 
            "faces": {
                "north": { "texture": "#0", "uv": [ 1.0, 8.0, 15.0, 9.0 ] },
                "east": { "texture": "#0", "uv": [ 1.0, 8.0, 15.0, 9.0 ] },
                "south": { "texture": "#0", "uv": [ 1.0, 8.0, 15.0, 9.0 ] },
                "west": { "texture": "#0", "uv": [ 1.0, 8.0, 15.0, 9.0 ] },
                "up": { "texture": "#1", "uv": [ 1.0, 1.0, 15.0, 15.0 ] },
                "down": { "texture": "#2", "uv": [ 1.0, 1.0, 15.0, 15.0 ], "cullface": "down" }
            }
        },
        {
            "name": "Cube",
            "from": [ 4.0, -3.0, 4.0 ], 
            "to": [ 12.0, -2.0, 12.0 ], 
            "faces": {
                "north": { "texture": "#0", "uv": [ 1.0, 8.0, 15.0, 9.0 ] },
                "east": { "texture": "#0", "uv": [ 1.0, 8.0, 15.0, 9.0 ] },
                "south": { "texture": "#0", "uv": [ 1.0, 8.0, 15.0, 9.0 ] },
                "west": { "texture": "#0", "uv": [ 1.0, 8.0, 15.0, 9.0 ] },
                "up": { "texture": "#1", "uv": [ 1.0, 1.0, 15.0, 15.0 ] },
                "down": { "texture": "#2", "uv": [ 1.0, 1.0, 15.0, 15.0 ], "cullface": "down" }
            }
        },
        {
            "name": "Cube",
            "from": [ 5.0, -4.0, 5.0 ], 
            "to": [ 11.0, -3.0, 11.0 ], 
            "faces": {
                "north": { "texture": "#0", "uv": [ 1.0, 8.0, 15.0, 9.0 ] },
                "east": { "texture": "#0", "uv": [ 1.0, 8.0, 15.0, 9.0 ] },
                "south": { "texture": "#0", "uv": [ 1.0, 8.0, 15.0, 9.0 ] },
                "west": { "texture": "#0", "uv": [ 1.0, 8.0, 15.0, 9.0 ] },
                "up": { "texture": "#1", "uv": [ 1.0, 1.0, 15.0, 15.0 ] },
                "down": { "texture": "#2", "uv": [ 1.0, 1.0, 15.0, 15.0 ], "cullface": "down" }
            }
        },
        {
            "name": "Cube",
            "from": [ 7.0, -6.0, 7.0 ], 
            "to": [ 9.0, -5.0, 9.0 ], 
            "faces": {
                "north": { "texture": "#0", "uv": [ 1.0, 8.0, 15.0, 9.0 ] },
                "east": { "texture": "#0", "uv": [ 1.0, 8.0, 15.0, 9.0 ] },
                "south": { "texture": "#0", "uv": [ 1.0, 8.0, 15.0, 9.0 ] },
                "west": { "texture": "#0", "uv": [ 1.0, 8.0, 15.0, 9.0 ] },
                "up": { "texture": "#1", "uv": [ 1.0, 1.0, 15.0, 15.0 ] },
                "down": { "texture": "#2", "uv": [ 1.0, 1.0, 15.0, 2.0 ], "cullface": "down" }
            }
        },
        {
            "name": "Cube",
            "from": [ 6.0, -5.0, 6.0 ], 
            "to": [ 10.0, -4.0, 10.0 ], 
            "faces": {
                "north": { "texture": "#0", "uv": [ 1.0, 8.0, 15.0, 9.0 ] },
                "east": { "texture": "#0", "uv": [ 1.0, 8.0, 15.0, 9.0 ] },
                "south": { "texture": "#0", "uv": [ 1.0, 8.0, 15.0, 9.0 ] },
                "west": { "texture": "#0", "uv": [ 1.0, 8.0, 15.0, 9.0 ] },
                "up": { "texture": "#1", "uv": [ 1.0, 1.0, 15.0, 15.0 ] },
                "down": { "texture": "#2", "uv": [ 1.0, 1.0, 15.0, 15.0 ], "cullface": "down" }
            }
        }
    ]
}