{"__comment":"Designed by Hypixel minecraft server with BDcraft Cubik PRO 0.93 Beta - http://bdcraft.net","textures":{"particle":"blocks/pendingstar","texture":"blocks/pendingstar"},"elements":[{"from":[1,6,7],"to":[15,26,9],"faces":{"down":{"uv":[4.5,3,11.5,3.5],"texture":"#texture","cullface":"up"},"up":{"uv":[4.5,3,11.5,3.5],"texture":"#texture","cullface":"up"},"north":{"uv":[11.5,3,4.5,13],"texture":"#texture","cullface":"up"},"south":{"uv":[4.5,3,11.5,13],"texture":"#texture","cullface":"up"},"west":{"uv":[4.5,3,5,13],"texture":"#texture","cullface":"up"},"east":{"uv":[11,3,11.5,13],"texture":"#texture","cullface":"up"}}},{"from":[-1,8,7],"to":[1,24,9],"faces":{"down":{"uv":[3.5,11.5,4.5,12],"texture":"#texture","cullface":"west"},"up":{"uv":[3.5,4,4.5,4.5],"texture":"#texture","cullface":"west"},"north":{"uv":[4.5,4,3.5,12],"texture":"#texture","cullface":"west"},"south":{"uv":[3.5,4,4.5,12],"texture":"#texture","cullface":"west"},"west":{"uv":[3.5,4,4,12],"texture":"#texture","cullface":"west"}}},{"from":[15,8,7],"to":[17,24,9],"faces":{"down":{"uv":[11.5,11.5,12.5,12],"texture":"#texture","cullface":"east"},"up":{"uv":[11.5,4,12.5,4.5],"texture":"#texture","cullface":"east"},"north":{"uv":[12.5,4,11.5,12],"texture":"#texture","cullface":"east"},"south":{"uv":[11.5,4,12.5,12],"texture":"#texture","cullface":"east"},"east":{"uv":[12,4,12.5,12],"texture":"#texture","cullface":"east"}}},{"from":[5,26,7],"to":[11,28,9],"faces":{"up":{"uv":[6.5,2,9.5,2.5],"texture":"#texture","cullface":"up"},"north":{"uv":[9.5,2,6.5,3],"texture":"#texture","cullface":"up"},"south":{"uv":[6.5,2,9.5,3],"texture":"#texture","cullface":"up"},"west":{"uv":[6.5,2,7,2.5],"texture":"#texture","cullface":"up"},"east":{"uv":[9,2,9.5,2.5],"texture":"#texture","cullface":"up"}}},{"from":[6,28,7],"to":[10,30,9],"faces":{"up":{"uv":[7,1,9,1.5],"texture":"#texture","cullface":"up"},"north":{"uv":[9,1,7,2],"texture":"#texture","cullface":"up"},"south":{"uv":[7,1,9,2],"texture":"#texture","cullface":"up"},"west":{"uv":[7,1,7.5,2],"texture":"#texture","cullface":"up"},"east":{"uv":[8.5,1,9,2],"texture":"#texture","cullface":"up"}}},{"from":[7,30,7],"to":[9,32,9],"faces":{"up":{"uv":[7.5,0,8.5,0.5],"texture":"#texture","cullface":"up"},"north":{"uv":[8.5,0,7.5,1],"texture":"#texture","cullface":"up"},"south":{"uv":[7.5,0,8.5,1],"texture":"#texture","cullface":"up"},"west":{"uv":[7.5,0,8,1],"texture":"#texture","cullface":"up"},"east":{"uv":[8,0,8.5,1],"texture":"#texture","cullface":"up"}}},{"from":[5,4,7],"to":[11,6,9],"faces":{"down":{"uv":[6.5,13.5,9.5,14],"texture":"#texture"},"north":{"uv":[9.5,13,6.5,14],"texture":"#texture"},"south":{"uv":[6.5,13,9.5,14],"texture":"#texture"},"west":{"uv":[6.5,13,7,14],"texture":"#texture"},"east":{"uv":[9,13,9.5,14],"texture":"#texture"}}},{"from":[6,2,7],"to":[10,4,9],"faces":{"down":{"uv":[7,14.5,9,15],"texture":"#texture"},"north":{"uv":[9,14,7,15],"texture":"#texture"},"south":{"uv":[7,14,9,15],"texture":"#texture"},"west":{"uv":[7,14,7.5,15],"texture":"#texture"},"east":{"uv":[8.5,14,9,15],"texture":"#texture"}}},{"from":[7,0,7],"to":[9,2,9],"faces":{"down":{"uv":[7.5,15.5,8.5,16],"texture":"#texture","cullface":"down"},"north":{"uv":[8.5,15,7.5,16],"texture":"#texture"},"south":{"uv":[7.5,15,8.5,16],"texture":"#texture"},"west":{"uv":[7.5,15,8,16],"texture":"#texture"},"east":{"uv":[8,15,8.5,16],"texture":"#texture"}}},{"from":[-2,19,7],"to":[-1,24,9],"faces":{"down":{"uv":[3,6,3.5,6.5],"texture":"#texture","cullface":"west"},"up":{"uv":[3,4,3.5,4.5],"texture":"#texture","cullface":"west"},"north":{"uv":[3,4,3.5,6.5],"texture":"#texture","cullface":"west"},"south":{"uv":[3,4,3.5,6.5],"texture":"#texture","cullface":"west"},"west":{"uv":[3,4,3.5,6.5],"texture":"#texture","cullface":"west"}}},{"from":[-2,8,7],"to":[-1,13,9],"faces":{"down":{"uv":[3,11.5,3.5,12],"texture":"#texture","cullface":"west"},"up":{"uv":[3,9.5,3.5,10],"texture":"#texture","cullface":"west"},"north":{"uv":[3,9.5,3.5,12],"texture":"#texture","cullface":"west"},"south":{"uv":[3,9.5,3.5,12],"texture":"#texture","cullface":"west"},"west":{"uv":[3,9.5,3.5,12],"texture":"#texture","cullface":"west"}}},{"from":[17,19,7],"to":[18,24,9],"faces":{"down":{"uv":[12.5,6,13,6.5],"texture":"#texture","cullface":"east"},"up":{"uv":[12.5,4,13,4.5],"texture":"#texture","cullface":"east"},"north":{"uv":[12.5,4,13,6.5],"texture":"#texture","cullface":"east"},"south":{"uv":[12.5,4,13,6.5],"texture":"#texture","cullface":"east"},"east":{"uv":[12.5,4,13,6.5],"texture":"#texture","cullface":"east"}}},{"from":[17,8,7],"to":[18,13,9],"faces":{"down":{"uv":[12.5,11.5,13,12],"texture":"#texture","cullface":"east"},"up":{"uv":[12.5,9.5,13,10],"texture":"#texture","cullface":"east"},"north":{"uv":[12.5,9.5,13,12],"texture":"#texture","cullface":"east"},"south":{"uv":[12.5,9.5,13,12],"texture":"#texture","cullface":"east"},"east":{"uv":[12.5,9.5,13,12],"texture":"#texture","cullface":"east"}}},{"from":[-3,20,7],"to":[-2,24,9],"faces":{"down":{"uv":[2.5,5.5,3,6],"texture":"#texture","cullface":"west"},"up":{"uv":[2.5,4,3,4.5],"texture":"#texture","cullface":"west"},"north":{"uv":[2.5,4,3,6],"texture":"#texture","cullface":"west"},"south":{"uv":[2.5,4,3,6],"texture":"#texture","cullface":"west"},"west":{"uv":[2.5,4,3,6],"texture":"#texture","cullface":"west"}}},{"from":[-3,8,7],"to":[-2,12,9],"faces":{"down":{"uv":[2.5,11.5,3,12],"texture":"#texture","cullface":"west"},"up":{"uv":[2.5,10,3,10.5],"texture":"#texture","cullface":"west"},"north":{"uv":[2.5,10,3,12],"texture":"#texture","cullface":"west"},"south":{"uv":[2.5,10,3,12],"texture":"#texture","cullface":"west"},"west":{"uv":[2.5,10,3,12],"texture":"#texture","cullface":"west"}}},{"from":[18,20,7],"to":[19,24,9],"faces":{"down":{"uv":[13,5.5,13.5,6],"texture":"#texture","cullface":"east"},"up":{"uv":[13,4,13.5,4.5],"texture":"#texture","cullface":"east"},"north":{"uv":[13,4,13.5,6],"texture":"#texture","cullface":"east"},"south":{"uv":[13,4,13.5,6],"texture":"#texture","cullface":"east"},"east":{"uv":[13,4,13.5,6],"texture":"#texture","cullface":"east"}}},{"from":[18,8,7],"to":[19,12,9],"faces":{"down":{"uv":[13,10,13.5,10.5],"texture":"#texture","cullface":"east"},"up":{"uv":[13,10,13.5,10.5],"texture":"#texture","cullface":"east"},"north":{"uv":[13,10,13.5,12],"texture":"#texture","cullface":"east"},"south":{"uv":[13,10,13.5,12],"texture":"#texture","cullface":"east"},"east":{"uv":[13,10,13.5,12],"texture":"#texture","cullface":"east"}}},{"from":[-4,21,7],"to":[-3,24,9],"faces":{"down":{"uv":[2,5,2.5,5.5],"texture":"#texture","cullface":"west"},"up":{"uv":[2,4,2.5,4.5],"texture":"#texture","cullface":"west"},"north":{"uv":[2,4,2.5,5.5],"texture":"#texture","cullface":"west"},"south":{"uv":[2,4,2.5,5.5],"texture":"#texture","cullface":"west"},"west":{"uv":[2,4,2.5,5.5],"texture":"#texture","cullface":"west"}}},{"from":[-4,8,7],"to":[-3,11,9],"faces":{"down":{"uv":[2,11.5,2.5,12],"texture":"#texture","cullface":"west"},"up":{"uv":[2,10.5,2.5,11],"texture":"#texture","cullface":"west"},"north":{"uv":[2,10.5,2.5,12],"texture":"#texture","cullface":"west"},"south":{"uv":[2,10.5,2.5,12],"texture":"#texture","cullface":"west"},"west":{"uv":[2,10.5,2.5,12],"texture":"#texture","cullface":"west"}}},{"from":[19,8,7],"to":[20,11,9],"faces":{"down":{"uv":[13.5,11.5,14,12],"texture":"#texture","cullface":"east"},"up":{"uv":[13.5,10.5,14,11],"texture":"#texture","cullface":"east"},"north":{"uv":[13.5,10.5,14,12],"texture":"#texture","cullface":"east"},"south":{"uv":[13.5,10.5,14,12],"texture":"#texture","cullface":"east"},"east":{"uv":[13.5,10.5,14,12],"texture":"#texture","cullface":"east"}}},{"from":[19,21,7],"to":[20,24,9],"faces":{"down":{"uv":[13.5,5,14,5.5],"texture":"#texture","cullface":"east"},"up":{"uv":[13.5,4,14,4.5],"texture":"#texture","cullface":"east"},"north":{"uv":[13.5,4,14,5.5],"texture":"#texture","cullface":"east"},"south":{"uv":[13.5,4,14,5.5],"texture":"#texture","cullface":"east"},"east":{"uv":[13.5,4,14,5.5],"texture":"#texture","cullface":"east"}}},{"from":[-5,22,7],"to":[-4,24,9],"faces":{"down":{"uv":[1.5,4.5,2,5],"texture":"#texture","cullface":"west"},"up":{"uv":[1.5,4,2,4.5],"texture":"#texture","cullface":"west"},"north":{"uv":[1.5,4,2,5],"texture":"#texture","cullface":"west"},"south":{"uv":[1.5,4,2,5],"texture":"#texture","cullface":"west"},"west":{"uv":[1.5,4,2,5],"texture":"#texture","cullface":"west"}}},{"from":[-5,8,7],"to":[-4,10,9],"faces":{"down":{"uv":[1.5,11.5,2,12],"texture":"#texture","cullface":"west"},"up":{"uv":[1.5,11,2,11.5],"texture":"#texture","cullface":"west"},"north":{"uv":[1.5,11,2,12],"texture":"#texture","cullface":"west"},"south":{"uv":[1.5,11,2,12],"texture":"#texture","cullface":"west"},"west":{"uv":[1.5,11,2,12],"texture":"#texture","cullface":"west"}}},{"from":[20,22,7],"to":[21,24,9],"faces":{"down":{"uv":[14,4.5,14.5,5],"texture":"#texture","cullface":"east"},"up":{"uv":[14,4,14.5,4.5],"texture":"#texture","cullface":"east"},"north":{"uv":[14,4,14.5,5],"texture":"#texture","cullface":"east"},"south":{"uv":[14,4,14.5,5],"texture":"#texture","cullface":"east"},"east":{"uv":[14,4,14.5,5],"texture":"#texture","cullface":"east"}}},{"from":[20,8,7],"to":[21,10,9],"faces":{"down":{"uv":[14,11.5,14.5,12],"texture":"#texture","cullface":"east"},"up":{"uv":[14,11,14.5,11.5],"texture":"#texture","cullface":"east"},"north":{"uv":[14,11,14.5,12],"texture":"#texture","cullface":"east"},"south":{"uv":[14,11,14.5,12],"texture":"#texture","cullface":"east"},"east":{"uv":[14,11,14.5,12],"texture":"#texture","cullface":"east"}}},{"from":[-6,23,7],"to":[-5,24,9],"faces":{"down":{"uv":[1,4,1.5,4.5],"texture":"#texture","cullface":"west"},"up":{"uv":[1,4,1.5,4.5],"texture":"#texture","cullface":"west"},"north":{"uv":[1,4,1.5,4.5],"texture":"#texture","cullface":"west"},"south":{"uv":[1,4,1.5,4.5],"texture":"#texture","cullface":"west"},"west":{"uv":[1,4,1.5,4.5],"texture":"#texture","cullface":"west"}}},{"from":[-6,8,7],"to":[-5,9,9],"faces":{"down":{"uv":[1,4,1.5,4.5],"texture":"#texture","cullface":"west"},"up":{"uv":[1,4,1.5,4.5],"texture":"#texture","cullface":"west"},"north":{"uv":[1,4,1.5,4.5],"texture":"#texture","cullface":"west"},"south":{"uv":[1,4,1.5,4.5],"texture":"#texture","cullface":"west"},"west":{"uv":[1,4,1.5,4.5],"texture":"#texture","cullface":"west"}}},{"from":[21,8,7],"to":[22,9,9],"faces":{"down":{"uv":[1,4,1.5,4.5],"texture":"#texture","cullface":"east"},"up":{"uv":[1,4,1.5,4.5],"texture":"#texture","cullface":"east"},"north":{"uv":[1,4,1.5,4.5],"texture":"#texture","cullface":"east"},"south":{"uv":[1,4,1.5,4.5],"texture":"#texture","cullface":"east"},"east":{"uv":[1,4,1.5,4.5],"texture":"#texture","cullface":"east"}}},{"from":[21,23,7],"to":[22,24,9],"faces":{"down":{"uv":[1,4,1.5,4.5],"texture":"#texture","cullface":"east"},"up":{"uv":[1,4,1.5,4.5],"texture":"#texture","cullface":"east"},"north":{"uv":[1,4,1.5,4.5],"texture":"#texture","cullface":"east"},"south":{"uv":[1,4,1.5,4.5],"texture":"#texture","cullface":"east"},"east":{"uv":[1,4,1.5,4.5],"texture":"#texture","cullface":"east"}}},{"from":[-2,14,7],"to":[-1,18,9],"faces":{"down":{"uv":[3,8.5,3.5,9],"texture":"#texture","cullface":"west"},"up":{"uv":[3,7,3.5,7.5],"texture":"#texture","cullface":"west"},"north":{"uv":[3,7,3.5,9],"texture":"#texture","cullface":"west"},"south":{"uv":[3,7,3.5,9],"texture":"#texture","cullface":"west"},"west":{"uv":[3,7,3.5,9],"texture":"#texture","cullface":"west"}}},{"from":[17,14,7],"to":[18,18,9],"faces":{"down":{"uv":[12.5,8.5,13,9],"texture":"#texture","cullface":"east"},"up":{"uv":[12.5,7,13,7.5],"texture":"#texture","cullface":"east"},"north":{"uv":[12.5,7,13,9],"texture":"#texture","cullface":"east"},"south":{"uv":[3,7,3.5,9],"texture":"#texture","cullface":"east"},"east":{"uv":[12.5,7,13,9],"texture":"#texture","cullface":"east"}}},{"from":[-3,15,7],"to":[-2,17,9],"faces":{"down":{"uv":[2.5,8,3,8.5],"texture":"#texture","cullface":"west"},"up":{"uv":[2.5,7.5,3,8],"texture":"#texture","cullface":"west"},"north":{"uv":[2.5,7.5,3,8.5],"texture":"#texture","cullface":"west"},"south":{"uv":[2.5,7.5,3,8.5],"texture":"#texture","cullface":"west"},"west":{"uv":[2.5,7.5,3,8.5],"texture":"#texture","cullface":"west"}}},{"from":[18,15,7],"to":[19,17,9],"faces":{"down":{"uv":[13,8,13.5,8.5],"texture":"#texture","cullface":"east"},"up":{"uv":[13,7.5,13.5,8],"texture":"#texture","cullface":"east"},"north":{"uv":[13,7.5,13.5,8.5],"texture":"#texture","cullface":"east"},"south":{"uv":[13,7.5,13.5,8.5],"texture":"#texture","cullface":"east"},"east":{"uv":[13,7.5,13.5,8.5],"texture":"#texture","cullface":"east"}}},{"from":[-4,22,9],"to":[20,23,10],"faces":{"down":{"uv":[2,4.5,14,5],"texture":"#texture","cullface":"up"},"up":{"uv":[2,4.5,14,5],"texture":"#texture","cullface":"up"},"north":{"uv":[14,4.5,2,5],"texture":"#texture","cullface":"up"},"south":{"uv":[2,4.5,14,5],"texture":"#texture","cullface":"up"},"west":{"uv":[2,4.5,2.5,5],"texture":"#texture","cullface":"up"},"east":{"uv":[13.5,4.5,14,5],"texture":"#texture","cullface":"up"}}},{"from":[-4,9,9],"to":[20,10,10],"faces":{"down":{"uv":[2,11,14,11.5],"texture":"#texture"},"up":{"uv":[2,11,14,11.5],"texture":"#texture"},"north":{"uv":[14,11,2,11.5],"texture":"#texture"},"south":{"uv":[2,11,14,11.5],"texture":"#texture"},"west":{"uv":[2,11,2.5,11.5],"texture":"#texture"},"east":{"uv":[13.5,11,14,11.5],"texture":"#texture"}}},{"from":[-3,21,9],"to":[19,22,10],"faces":{"down":{"uv":[2.5,5,13.5,5.5],"texture":"#texture","cullface":"up"},"north":{"uv":[13.5,5,2.5,5.5],"texture":"#texture","cullface":"up"},"south":{"uv":[2.5,5,13.5,5.5],"texture":"#texture","cullface":"up"},"west":{"uv":[2.5,5,3,5.5],"texture":"#texture","cullface":"up"},"east":{"uv":[13,5,13.5,5.5],"texture":"#texture","cullface":"up"}}},{"from":[-3,10,9],"to":[19,11,10],"faces":{"up":{"uv":[2.5,10.5,13.5,11],"texture":"#texture"},"north":{"uv":[13.5,10.5,2.5,11],"texture":"#texture"},"south":{"uv":[2.5,10.5,13.5,11],"texture":"#texture"},"west":{"uv":[2.5,10.5,3,11],"texture":"#texture"},"east":{"uv":[13,10.5,13.5,11],"texture":"#texture"}}},{"from":[-2,20,9],"to":[18,21,10],"faces":{"down":{"uv":[3,5.5,13,6],"texture":"#texture","cullface":"up"},"north":{"uv":[13,5.5,3,6],"texture":"#texture","cullface":"up"},"south":{"uv":[3,5.5,13,6],"texture":"#texture","cullface":"up"},"west":{"uv":[3,6,3.5,6.5],"texture":"#texture","cullface":"up"},"east":{"uv":[12,6,12.5,6.5],"texture":"#texture","cullface":"up"}}},{"from":[-2,11,9],"to":[18,12,10],"faces":{"up":{"uv":[3,10,13,10.5],"texture":"#texture"},"north":{"uv":[13,10,3,10.5],"texture":"#texture"},"south":{"uv":[3,10,13,10.5],"texture":"#texture"},"west":{"uv":[3,10,3.5,10.5],"texture":"#texture"},"east":{"uv":[11.5,9,12,9.5],"texture":"#texture"}}},{"from":[-1,19,9],"to":[17,20,10],"faces":{"down":{"uv":[3.5,6,12.5,6.5],"texture":"#texture","cullface":"up"},"north":{"uv":[12.5,6,3.5,6.5],"texture":"#texture","cullface":"up"},"south":{"uv":[3.5,6,12.5,6.5],"texture":"#texture","cullface":"up"},"west":{"uv":[3.5,6.5,4,7],"texture":"#texture","cullface":"up"},"east":{"uv":[11,7.5,11.5,8],"texture":"#texture","cullface":"up"}}},{"from":[-1,12,9],"to":[17,13,10],"faces":{"up":{"uv":[3.5,9.5,12.5,10],"texture":"#texture"},"north":{"uv":[12.5,9.5,3.5,10],"texture":"#texture"},"south":{"uv":[3.5,9.5,12.5,10],"texture":"#texture"},"west":{"uv":[3.5,9.5,4,10],"texture":"#texture"},"east":{"uv":[11,9.5,11.5,10],"texture":"#texture"}}},{"from":[0,13,9],"to":[16,19,10],"faces":{"north":{"uv":[12,6.5,4,9.5],"texture":"#texture","cullface":"up"},"south":{"uv":[4,6.5,12,9.5],"texture":"#texture","cullface":"up"},"west":{"uv":[4,6.5,4.5,9.5],"texture":"#texture","cullface":"up"},"east":{"uv":[11.5,6.5,12,9.5],"texture":"#texture","cullface":"up"}}},{"from":[-2,15,9],"to":[0,17,10],"faces":{"down":{"uv":[3,8,4,8.5],"texture":"#texture","cullface":"west"},"up":{"uv":[3,7.5,4,8],"texture":"#texture","cullface":"west"},"north":{"uv":[4,7.5,3,8.5],"texture":"#texture","cullface":"west"},"south":{"uv":[3,7.5,4,8.5],"texture":"#texture","cullface":"west"},"west":{"uv":[3,7.5,3.5,8.5],"texture":"#texture","cullface":"west"}}},{"from":[16,15,9],"to":[18,17,10],"faces":{"down":{"uv":[12,8,13,8.5],"texture":"#texture","cullface":"east"},"up":{"uv":[12,7.5,13,8],"texture":"#texture","cullface":"east"},"north":{"uv":[13,7.5,12,8.5],"texture":"#texture","cullface":"east"},"south":{"uv":[12,7.5,13,8.5],"texture":"#texture","cullface":"east"},"east":{"uv":[12.5,7.5,13,8.5],"texture":"#texture","cullface":"east"}}},{"from":[4,23,9],"to":[12,24,10],"faces":{"up":{"uv":[6,4,10,4.5],"texture":"#texture","cullface":"up"},"south":{"uv":[6,4,10,4.5],"texture":"#texture","cullface":"up"},"west":{"uv":[5.5,4,6,4.5],"texture":"#texture","cullface":"up"},"east":{"uv":[9.5,4,10,4.5],"texture":"#texture","cullface":"up"}}},{"from":[5,24,9],"to":[12,25,10],"faces":{"up":{"uv":[6.5,3.5,10,4],"texture":"#texture","cullface":"up"},"south":{"uv":[6.5,3.5,10,4],"texture":"#texture","cullface":"up"},"west":{"uv":[6.5,3.5,7,4],"texture":"#texture","cullface":"up"},"east":{"uv":[9.5,3.5,10,4],"texture":"#texture","cullface":"up"}}},{"from":[5,25,9],"to":[11,26,10],"faces":{"up":{"uv":[6.5,3,9.5,3.5],"texture":"#texture","cullface":"up"},"south":{"uv":[6.5,3,9.5,3.5],"texture":"#texture","cullface":"up"},"west":{"uv":[6.5,3,7,3.5],"texture":"#texture","cullface":"up"},"east":{"uv":[9,3,9.5,3.5],"texture":"#texture","cullface":"up"}}},{"from":[6,26,9],"to":[10,28,10],"faces":{"up":{"uv":[7,2,9,2.5],"texture":"#texture","cullface":"up"},"south":{"uv":[7,2,9,3],"texture":"#texture","cullface":"up"},"west":{"uv":[7,2,7.5,3],"texture":"#texture","cullface":"up"},"east":{"uv":[8.5,2,9,3],"texture":"#texture","cullface":"up"}}},{"from":[7,28,9],"to":[9,30,10],"faces":{"up":{"uv":[7.5,1,8.5,1.5],"texture":"#texture","cullface":"up"},"south":{"uv":[7.5,1,8.5,2],"texture":"#texture","cullface":"up"},"west":{"uv":[7.5,1,8,2],"texture":"#texture","cullface":"up"},"east":{"uv":[8,1,8.5,2],"texture":"#texture","cullface":"up"}}},{"from":[4,8,9],"to":[12,9,10],"faces":{"down":{"uv":[6,11.5,10,12],"texture":"#texture"},"south":{"uv":[6,11.5,10,12],"texture":"#texture"},"west":{"uv":[5,11.5,5.5,12],"texture":"#texture"},"east":{"uv":[9.5,11.5,10,12],"texture":"#texture"}}},{"from":[5,7,9],"to":[12,8,10],"faces":{"down":{"uv":[6.5,12,10,12.5],"texture":"#texture"},"south":{"uv":[6.5,12,10,12.5],"texture":"#texture"},"west":{"uv":[6.5,12,7,12.5],"texture":"#texture"},"east":{"uv":[9.5,12,10,12.5],"texture":"#texture"}}},{"from":[5,6,9],"to":[11,7,10],"faces":{"down":{"uv":[6.5,12.5,9.5,13],"texture":"#texture"},"south":{"uv":[6.5,12.5,9.5,13],"texture":"#texture"},"west":{"uv":[6.5,12.5,7,13],"texture":"#texture"},"east":{"uv":[9,12.5,9.5,13],"texture":"#texture"}}},{"from":[6,4,9],"to":[10,6,10],"faces":{"down":{"uv":[7,13.5,9,14],"texture":"#texture"},"south":{"uv":[7,13,9,14],"texture":"#texture"},"west":{"uv":[7,13,7.5,14],"texture":"#texture"},"east":{"uv":[8.5,13,9,14],"texture":"#texture"}}},{"from":[7,2,9],"to":[9,4,10],"faces":{"down":{"uv":[7.5,1.5,8.5,2],"texture":"#texture"},"south":{"uv":[7.5,1,8.5,2],"texture":"#texture"},"west":{"uv":[7.5,1,8,2],"texture":"#texture"},"east":{"uv":[8,1,8.5,2],"texture":"#texture"}}},{"from":[7,26,10],"to":[9,28,11],"faces":{"up":{"uv":[7.5,2,8.5,2.5],"texture":"#texture","cullface":"up"},"south":{"uv":[7.5,2,8.5,3],"texture":"#texture","cullface":"up"},"west":{"uv":[7.5,2,8,3],"rotation":270,"texture":"#texture","cullface":"up"},"east":{"uv":[8,2,8.5,3],"texture":"#texture","cullface":"up"}}},{"from":[7,4,10],"to":[9,6,11],"faces":{"down":{"uv":[7.5,13.5,8.5,14],"texture":"#texture"},"south":{"uv":[7.5,13,8.5,14],"texture":"#texture"},"west":{"uv":[7.5,13,8,14],"rotation":270,"texture":"#texture"},"east":{"uv":[8,13,8.5,14],"texture":"#texture"}}},{"from":[6,24,10],"to":[10,26,11],"faces":{"up":{"uv":[7,3,9,3.5],"texture":"#texture","cullface":"up"},"north":{"uv":[9,3,7,4],"texture":"#texture","cullface":"up"},"south":{"uv":[7,3,9,4],"texture":"#texture","cullface":"up"},"west":{"uv":[7,3,7.5,4],"texture":"#texture","cullface":"up"},"east":{"uv":[8.5,3,9,4],"texture":"#texture","cullface":"up"}}},{"from":[6,6,10],"to":[10,8,11],"faces":{"down":{"uv":[7,12.5,9,13],"texture":"#texture"},"north":{"uv":[9,12,7,13],"texture":"#texture"},"south":{"uv":[7,12,9,13],"texture":"#texture"},"west":{"uv":[7,12,7.5,13],"texture":"#texture"},"east":{"uv":[8.5,12,9,13],"texture":"#texture"}}},{"from":[5,23,10],"to":[11,24,11],"faces":{"up":{"uv":[6.5,4,9.5,4.5],"texture":"#texture","cullface":"up"},"south":{"uv":[6.5,4,9.5,4.5],"texture":"#texture","cullface":"up"},"west":{"uv":[6.5,4,7,4.5],"texture":"#texture","cullface":"up"},"east":{"uv":[9,4,9.5,4.5],"texture":"#texture","cullface":"up"}}},{"from":[5,8,10],"to":[11,9,11],"faces":{"down":{"uv":[6.5,11.5,9.5,12],"texture":"#texture"},"south":{"uv":[6.5,11.5,9.5,12],"texture":"#texture"},"west":{"uv":[6.5,11.5,7,12],"texture":"#texture"},"east":{"uv":[9,11.5,9.5,12],"texture":"#texture"}}},{"from":[4,22,10],"to":[12,23,11],"faces":{"up":{"uv":[6,4.5,10,5],"texture":"#texture","cullface":"up"},"south":{"uv":[6,4.5,10,5],"texture":"#texture","cullface":"up"},"west":{"uv":[6,4.5,6.5,5],"texture":"#texture","cullface":"up"},"east":{"uv":[9.5,4.5,10,5],"texture":"#texture","cullface":"up"}}},{"from":[4,9,10],"to":[12,10,11],"faces":{"down":{"uv":[6,11,10,11.5],"texture":"#texture"},"south":{"uv":[6,11,10,11.5],"texture":"#texture"},"west":{"uv":[6,11,6.5,11.5],"texture":"#texture"},"east":{"uv":[9.5,11,10,11.5],"texture":"#texture"}}},{"from":[0,21,10],"to":[16,22,11],"faces":{"down":{"uv":[4,5,12,5.5],"texture":"#texture","cullface":"up"},"up":{"uv":[4,5,12,5.5],"texture":"#texture","cullface":"up"},"south":{"uv":[4,5,12,5.5],"texture":"#texture","cullface":"up"},"west":{"uv":[4,5,4.5,5.5],"texture":"#texture","cullface":"up"},"east":{"uv":[11.5,5,12,5.5],"texture":"#texture","cullface":"up"}}},{"from":[0,10,10],"to":[16,11,11],"faces":{"down":{"uv":[4,10.5,12,11],"texture":"#texture"},"up":{"uv":[4,10.5,12,11],"texture":"#texture"},"south":{"uv":[4,10.5,12,11],"texture":"#texture"},"west":{"uv":[4,10.5,4.5,11],"texture":"#texture","cullface":"west"},"east":{"uv":[11.5,10.5,12,11],"texture":"#texture","cullface":"east"}}},{"from":[1,20,10],"to":[15,21,11],"faces":{"down":{"uv":[4.5,5.5,11.5,6],"texture":"#texture","cullface":"up"},"south":{"uv":[4.5,5.5,11.5,6],"texture":"#texture","cullface":"up"},"west":{"uv":[4.5,5.5,5,6],"texture":"#texture","cullface":"up"},"east":{"uv":[11,5.5,11.5,6],"texture":"#texture","cullface":"up"}}},{"from":[1,11,10],"to":[15,12,11],"faces":{"up":{"uv":[4.5,10,11.5,10.5],"texture":"#texture"},"south":{"uv":[11.5,10.5,4.5,10],"texture":"#texture"},"west":{"uv":[4.5,10,5,10.5],"texture":"#texture"},"east":{"uv":[11,10,11.5,10.5],"texture":"#texture"}}},{"from":[3,19,10],"to":[14,20,11],"faces":{"down":{"uv":[5.5,6,11,6.5],"texture":"#texture","cullface":"up"},"south":{"uv":[5.5,6,11,6.5],"texture":"#texture","cullface":"up"},"west":{"uv":[5.5,6,6,6.5],"texture":"#texture","cullface":"up"},"east":{"uv":[10.5,6,11,6.5],"texture":"#texture","cullface":"up"}}},{"from":[3,12,10],"to":[14,13,11],"faces":{"up":{"uv":[5.5,9.5,11,10],"texture":"#texture"},"south":{"uv":[5.5,9.5,11,10],"texture":"#texture"},"west":{"uv":[5.5,9.5,6,10],"texture":"#texture"},"east":{"uv":[10.5,9.5,11,10],"texture":"#texture"}}},{"from":[4,18,10],"to":[13,19,11],"faces":{"down":{"uv":[6,6.5,10.5,7],"texture":"#texture","cullface":"up"},"south":{"uv":[6,6.5,10.5,7],"texture":"#texture","cullface":"up"},"west":{"uv":[6,6.5,6.5,7],"texture":"#texture","cullface":"up"},"east":{"uv":[10,6.5,10.5,7],"texture":"#texture","cullface":"up"}}},{"from":[4,13,10],"to":[13,14,11],"faces":{"up":{"uv":[6,9,10.5,9.5],"texture":"#texture"},"south":{"uv":[6,9,10.5,9.5],"texture":"#texture"},"west":{"uv":[6,9,6.5,9.5],"texture":"#texture"},"east":{"uv":[10,9,10.5,9.5],"texture":"#texture"}}},{"from":[5,14,10],"to":[12,18,11],"faces":{"south":{"uv":[6.5,7,10,9],"texture":"#texture","cullface":"up"},"west":{"uv":[6.5,7,7,9],"texture":"#texture","cullface":"up"},"east":{"uv":[9.5,7,10,9],"texture":"#texture","cullface":"up"}}},{"from":[5,21,11],"to":[11,22,12],"faces":{"up":{"uv":[6.5,5,9.5,5.5],"texture":"#texture","cullface":"up"},"south":{"uv":[6.5,5,9.5,5.5],"texture":"#texture","cullface":"up"},"west":{"uv":[6.5,5,7,5.5],"texture":"#texture","cullface":"up"},"east":{"uv":[9,5,9.5,5.5],"texture":"#texture","cullface":"up"}}},{"from":[5,10,11],"to":[11,11,12],"faces":{"down":{"uv":[6.5,10.5,9.5,11],"texture":"#texture"},"south":{"uv":[6.5,10.5,9.5,11],"texture":"#texture"},"west":{"uv":[6.5,10.5,7,11],"texture":"#texture"},"east":{"uv":[9,10.5,9.5,11],"texture":"#texture"}}},{"from":[7,24,11],"to":[9,26,12],"faces":{"up":{"uv":[7.5,3,8.5,3.5],"texture":"#texture","cullface":"up"},"south":{"uv":[7.5,3,8.5,4],"texture":"#texture","cullface":"up"},"west":{"uv":[7.5,3,8,4],"texture":"#texture","cullface":"up"},"east":{"uv":[8,3,8.5,4],"texture":"#texture","cullface":"up"}}},{"from":[6,22,11],"to":[10,24,12],"faces":{"up":{"uv":[7,4,9,4.5],"texture":"#texture","cullface":"up"},"north":{"uv":[9,4,7,5],"texture":"#texture","cullface":"up"},"south":{"uv":[7,4,9,5],"texture":"#texture","cullface":"up"},"west":{"uv":[7,4,7.5,5],"texture":"#texture","cullface":"up"},"east":{"uv":[8.5,4,9,5],"texture":"#texture","cullface":"up"}}},{"from":[6,8,11],"to":[10,10,12],"faces":{"down":{"uv":[7,11.5,9,12],"texture":"#texture"},"north":{"uv":[9,11,7,12],"texture":"#texture"},"south":{"uv":[7,11,9,12],"texture":"#texture"},"west":{"uv":[7,11,7.5,12],"texture":"#texture"},"east":{"uv":[8.5,11,9,12],"texture":"#texture"}}},{"from":[7,6,11],"to":[9,8,12],"faces":{"down":{"uv":[7.5,12.5,8.5,13],"texture":"#texture"},"south":{"uv":[7.5,12,8.5,13],"texture":"#texture"},"west":{"uv":[7.5,12,8,13],"texture":"#texture"},"east":{"uv":[8,12,8.5,13],"texture":"#texture"}}},{"from":[3,20,11],"to":[13,21,12],"faces":{"down":{"uv":[5.5,5.5,10.5,6],"texture":"#texture","cullface":"up"},"up":{"uv":[5.5,5.5,10.5,6],"texture":"#texture","cullface":"up"},"south":{"uv":[5.5,5.5,10.5,6],"texture":"#texture","cullface":"up"},"west":{"uv":[5.5,5.5,6,6],"texture":"#texture","cullface":"up"},"east":{"uv":[10,5.5,10.5,6],"texture":"#texture","cullface":"up"}}},{"from":[3,11,11],"to":[13,12,12],"faces":{"down":{"uv":[5.5,10,10.5,10.5],"texture":"#texture"},"up":{"uv":[5.5,10,10.5,10.5],"texture":"#texture"},"south":{"uv":[5.5,10,10.5,10.5],"texture":"#texture"},"west":{"uv":[5.5,10,6,10.5],"texture":"#texture"},"east":{"uv":[10,10,10.5,10.5],"texture":"#texture"}}},{"from":[4,19,11],"to":[13,20,12],"faces":{"down":{"uv":[6,6,10.5,6.5],"texture":"#texture","cullface":"up"},"south":{"uv":[6,6,10.5,6.5],"texture":"#texture","cullface":"up"},"west":{"uv":[6,6,6.5,6.5],"texture":"#texture","cullface":"up"},"east":{"uv":[10,6,10.5,6.5],"texture":"#texture","cullface":"up"}}},{"from":[4,12,11],"to":[13,13,12],"faces":{"up":{"uv":[6,9.5,10.5,10],"texture":"#texture"},"south":{"uv":[6,9.5,10.5,10],"texture":"#texture"},"west":{"uv":[6,9.5,6.5,10],"texture":"#texture"},"east":{"uv":[10,10,10.5,10.5],"texture":"#texture"}}},{"from":[5,18,11],"to":[12,19,12],"faces":{"down":{"uv":[6.5,6.5,10,7],"texture":"#texture","cullface":"up"},"south":{"uv":[6.5,6.5,10,7],"texture":"#texture","cullface":"up"},"west":{"uv":[6.5,6.5,7,7],"texture":"#texture","cullface":"up"},"east":{"uv":[9.5,6.5,10,7],"texture":"#texture","cullface":"up"}}},{"from":[5,13,11],"to":[12,14,12],"faces":{"up":{"uv":[6.5,9,10,9.5],"texture":"#texture"},"south":{"uv":[6.5,9,10,9.5],"texture":"#texture"},"west":{"uv":[6.5,9,7,9.5],"texture":"#texture"},"east":{"uv":[9.5,9,10,9.5],"texture":"#texture"}}},{"from":[6,14,11],"to":[11,18,12],"faces":{"south":{"uv":[7,7,9.5,9],"texture":"#texture","cullface":"up"},"west":{"uv":[7,7,7.5,9],"texture":"#texture","cullface":"up"},"east":{"uv":[9,7,9.5,9],"texture":"#texture","cullface":"up"}}},{"from":[7,2,6],"to":[9,4,7],"faces":{"down":{"uv":[7.5,1.5,8.5,2],"texture":"#texture"},"north":{"uv":[8.5,1,7.5,2],"texture":"#texture"},"west":{"uv":[7.5,1,8,2],"texture":"#texture"},"east":{"uv":[8,1,8.5,2],"texture":"#texture"}}},{"from":[6,4,6],"to":[10,6,7],"faces":{"down":{"uv":[7,13.5,9,14],"texture":"#texture"},"north":{"uv":[9,13,7,14],"texture":"#texture"},"west":{"uv":[7,13,7.5,14],"texture":"#texture"},"east":{"uv":[8.5,13,9,14],"texture":"#texture"}}},{"from":[7,4,5],"to":[9,6,6],"faces":{"down":{"uv":[7.5,13.5,8.5,14],"texture":"#texture"},"north":{"uv":[8.5,13,7.5,14],"texture":"#texture"},"west":{"uv":[7.5,13,8,14],"rotation":270,"texture":"#texture"},"east":{"uv":[8,13,8.5,14],"texture":"#texture"}}},{"from":[5,6,6],"to":[11,7,7],"faces":{"down":{"uv":[6.5,12.5,9.5,13],"texture":"#texture"},"north":{"uv":[9.5,12.5,6.5,13],"texture":"#texture"},"west":{"uv":[6.5,12.5,7,13],"texture":"#texture"},"east":{"uv":[9,12.5,9.5,13],"texture":"#texture"}}},{"from":[5,7,6],"to":[12,8,7],"faces":{"down":{"uv":[6.5,12,10,12.5],"texture":"#texture"},"north":{"uv":[10,12,6.5,12.5],"texture":"#texture"},"west":{"uv":[6.5,12,7,12.5],"texture":"#texture"},"east":{"uv":[9.5,12,10,12.5],"texture":"#texture"}}},{"from":[6,6,5],"to":[10,8,6],"faces":{"down":{"uv":[7,12.5,9,13],"texture":"#texture"},"north":{"uv":[9,12,7,13],"texture":"#texture"},"south":{"uv":[7,12,9,13],"texture":"#texture"},"west":{"uv":[7,12,7.5,13],"texture":"#texture"},"east":{"uv":[8.5,12,9,13],"texture":"#texture"}}},{"from":[7,6,4],"to":[9,8,5],"faces":{"down":{"uv":[7.5,12.5,8.5,13],"texture":"#texture"},"north":{"uv":[8.5,12,7.5,13],"texture":"#texture"},"west":{"uv":[7.5,12,8,13],"texture":"#texture"},"east":{"uv":[8,12,8.5,13],"texture":"#texture"}}},{"from":[5,8,5],"to":[11,9,6],"faces":{"down":{"uv":[6.5,11.5,9.5,12],"texture":"#texture"},"north":{"uv":[9.5,11.5,6.5,12],"texture":"#texture"},"west":{"uv":[6.5,11.5,7,12],"texture":"#texture"},"east":{"uv":[9,11.5,9.5,12],"texture":"#texture"}}},{"from":[4,8,6],"to":[12,9,7],"faces":{"down":{"uv":[6,11.5,10,12],"texture":"#texture"},"north":{"uv":[10,11.5,6,12],"texture":"#texture"},"west":{"uv":[5,11.5,5.5,12],"texture":"#texture"},"east":{"uv":[9.5,11.5,10,12],"texture":"#texture"}}},{"from":[-4,9,6],"to":[20,10,7],"faces":{"down":{"uv":[2,11,14,11.5],"texture":"#texture"},"up":{"uv":[2,11,14,11.5],"texture":"#texture"},"north":{"uv":[14,11,2,11.5],"texture":"#texture"},"south":{"uv":[2,11,14,11.5],"texture":"#texture"},"west":{"uv":[2,11,2.5,11.5],"texture":"#texture"},"east":{"uv":[13.5,11,14,11.5],"texture":"#texture"}}},{"from":[4,9,5],"to":[12,10,6],"faces":{"down":{"uv":[6,11,10,11.5],"texture":"#texture"},"north":{"uv":[10,11,6,11.5],"texture":"#texture"},"west":{"uv":[6,11,6.5,11.5],"texture":"#texture"},"east":{"uv":[9.5,11,10,11.5],"texture":"#texture"}}},{"from":[6,8,4],"to":[10,10,5],"faces":{"down":{"uv":[7,11.5,9,12],"texture":"#texture"},"north":{"uv":[9,11,7,12],"texture":"#texture"},"south":{"uv":[7,11,9,12],"texture":"#texture"},"west":{"uv":[7,11,7.5,12],"texture":"#texture"},"east":{"uv":[8.5,11,9,12],"texture":"#texture"}}},{"from":[-3,10,6],"to":[19,11,7],"faces":{"up":{"uv":[2.5,10.5,13.5,11],"texture":"#texture"},"south":{"uv":[2.5,10.5,13.5,11],"texture":"#texture"},"west":{"uv":[2.5,10.5,3,11],"texture":"#texture"},"east":{"uv":[13,10.5,13.5,11],"texture":"#texture"}}},{"from":[-2,11,6],"to":[18,12,7],"faces":{"up":{"uv":[3,10,13,10.5],"texture":"#texture"},"south":{"uv":[3,10,13,10.5],"texture":"#texture"},"west":{"uv":[3,10,3.5,10.5],"texture":"#texture"},"east":{"uv":[11.5,9,12,9.5],"texture":"#texture"}}},{"from":[-1,12,6],"to":[17,13,7],"faces":{"up":{"uv":[3.5,9.5,12.5,10],"texture":"#texture"},"south":{"uv":[3.5,9.5,12.5,10],"texture":"#texture"},"west":{"uv":[3.5,9.5,4,10],"texture":"#texture"},"east":{"uv":[11,9.5,11.5,10],"texture":"#texture"}}},{"from":[0,13,6],"to":[16,19,7],"faces":{"north":{"uv":[12,6.5,4,9.5],"texture":"#texture","cullface":"up"},"south":{"uv":[4,6.5,12,9.5],"texture":"#texture","cullface":"up"},"west":{"uv":[4,6.5,4.5,9.5],"texture":"#texture","cullface":"up"},"east":{"uv":[11.5,6.5,12,9.5],"texture":"#texture","cullface":"up"}}},{"from":[-2,15,6],"to":[0,17,7],"faces":{"down":{"uv":[3,8,4,8.5],"texture":"#texture","cullface":"west"},"up":{"uv":[3,7.5,4,8],"texture":"#texture","cullface":"west"},"north":{"uv":[4,7.5,3,8.5],"texture":"#texture","cullface":"west"},"south":{"uv":[3,7.5,4,8.5],"texture":"#texture","cullface":"west"},"west":{"uv":[3,7.5,3.5,8.5],"texture":"#texture","cullface":"west"}}},{"from":[-1,19,6],"to":[17,20,7],"faces":{"down":{"uv":[3.5,6,12.5,6.5],"texture":"#texture","cullface":"up"},"north":{"uv":[12.5,6,3.5,6.5],"texture":"#texture","cullface":"up"},"south":{"uv":[3.5,6,12.5,6.5],"texture":"#texture","cullface":"up"},"west":{"uv":[3.5,6.5,4,7],"texture":"#texture","cullface":"up"},"east":{"uv":[11,7.5,11.5,8],"texture":"#texture","cullface":"up"}}},{"from":[-2,20,6],"to":[18,21,7],"faces":{"down":{"uv":[3,5.5,13,6],"texture":"#texture","cullface":"up"},"north":{"uv":[13,5.5,3,6],"texture":"#texture","cullface":"up"},"south":{"uv":[3,5.5,13,6],"texture":"#texture","cullface":"up"},"west":{"uv":[3,6,3.5,6.5],"texture":"#texture","cullface":"up"},"east":{"uv":[12,6,12.5,6.5],"texture":"#texture","cullface":"up"}}},{"from":[-3,21,6],"to":[19,22,7],"faces":{"down":{"uv":[2.5,5,13.5,5.5],"texture":"#texture","cullface":"up"},"north":{"uv":[13.5,5,2.5,5.5],"texture":"#texture","cullface":"up"},"south":{"uv":[2.5,5,13.5,5.5],"texture":"#texture","cullface":"up"},"west":{"uv":[2.5,5,3,5.5],"texture":"#texture","cullface":"up"},"east":{"uv":[13,5,13.5,5.5],"texture":"#texture","cullface":"up"}}},{"from":[-4,22,6],"to":[20,23,7],"faces":{"down":{"uv":[2,4.5,14,5],"texture":"#texture","cullface":"up"},"up":{"uv":[2,4.5,14,5],"texture":"#texture","cullface":"up"},"north":{"uv":[14,4.5,2,5],"texture":"#texture","cullface":"up"},"south":{"uv":[2,4.5,14,5],"texture":"#texture","cullface":"up"},"west":{"uv":[2,4.5,2.5,5],"texture":"#texture","cullface":"up"},"east":{"uv":[13.5,4.5,14,5],"texture":"#texture","cullface":"up"}}},{"from":[4,23,6],"to":[12,24,7],"faces":{"up":{"uv":[6,4,10,4.5],"texture":"#texture","cullface":"up"},"north":{"uv":[10,4,6,4.5],"texture":"#texture","cullface":"up"},"west":{"uv":[5.5,4,6,4.5],"texture":"#texture","cullface":"up"},"east":{"uv":[9.5,4,10,4.5],"texture":"#texture","cullface":"up"}}},{"from":[5,24,6],"to":[12,25,7],"faces":{"up":{"uv":[6.5,3.5,10,4],"texture":"#texture","cullface":"up"},"north":{"uv":[10,3.5,6.5,4],"texture":"#texture","cullface":"up"},"west":{"uv":[6.5,3.5,7,4],"texture":"#texture","cullface":"up"},"east":{"uv":[9.5,3.5,10,4],"texture":"#texture","cullface":"up"}}},{"from":[5,25,6],"to":[11,26,7],"faces":{"up":{"uv":[6.5,3,9.5,3.5],"texture":"#texture","cullface":"up"},"north":{"uv":[9.5,3,6.5,3.5],"texture":"#texture","cullface":"up"},"west":{"uv":[6.5,3,7,3.5],"texture":"#texture","cullface":"up"},"east":{"uv":[9,3,9.5,3.5],"texture":"#texture","cullface":"up"}}},{"from":[6,26,6],"to":[10,28,7],"faces":{"up":{"uv":[7,2,9,2.5],"texture":"#texture","cullface":"up"},"north":{"uv":[9,2,7,3],"texture":"#texture","cullface":"up"},"west":{"uv":[7,2,7.5,3],"texture":"#texture","cullface":"up"},"east":{"uv":[8.5,2,9,3],"texture":"#texture","cullface":"up"}}},{"from":[7,28,6],"to":[9,30,7],"faces":{"up":{"uv":[7.5,1,8.5,1.5],"texture":"#texture","cullface":"up"},"north":{"uv":[8.5,1,7.5,2],"texture":"#texture","cullface":"up"},"west":{"uv":[7.5,1,8,2],"texture":"#texture","cullface":"up"},"east":{"uv":[8,1,8.5,2],"texture":"#texture","cullface":"up"}}},{"from":[7,26,5],"to":[9,28,6],"faces":{"up":{"uv":[7.5,2,8.5,2.5],"texture":"#texture","cullface":"up"},"north":{"uv":[8.5,2,7.5,3],"texture":"#texture","cullface":"up"},"west":{"uv":[7.5,2,8,3],"rotation":270,"texture":"#texture","cullface":"up"},"east":{"uv":[8,2,8.5,3],"texture":"#texture","cullface":"up"}}},{"from":[6,24,5],"to":[10,26,6],"faces":{"up":{"uv":[7,3,9,3.5],"texture":"#texture","cullface":"up"},"north":{"uv":[9,3,7,4],"texture":"#texture","cullface":"up"},"south":{"uv":[7,3,9,4],"texture":"#texture","cullface":"up"},"west":{"uv":[7,3,7.5,4],"texture":"#texture","cullface":"up"},"east":{"uv":[8.5,3,9,4],"texture":"#texture","cullface":"up"}}},{"from":[5,23,5],"to":[11,24,6],"faces":{"up":{"uv":[6.5,4,9.5,4.5],"texture":"#texture","cullface":"up"},"north":{"uv":[9.5,4,6.5,4.5],"texture":"#texture","cullface":"up"},"west":{"uv":[6.5,4,7,4.5],"texture":"#texture","cullface":"up"},"east":{"uv":[9,4,9.5,4.5],"texture":"#texture","cullface":"up"}}},{"from":[4,22,5],"to":[12,23,6],"faces":{"up":{"uv":[6,4.5,10,5],"texture":"#texture","cullface":"up"},"north":{"uv":[10,4.5,6,5],"texture":"#texture","cullface":"up"},"west":{"uv":[6,4.5,6.5,5],"texture":"#texture","cullface":"up"},"east":{"uv":[9.5,4.5,10,5],"texture":"#texture","cullface":"up"}}},{"from":[0,21,5],"to":[16,22,6],"faces":{"down":{"uv":[4,5,12,5.5],"texture":"#texture","cullface":"up"},"up":{"uv":[4,5,12,5.5],"texture":"#texture","cullface":"up"},"north":{"uv":[12,5,4,5.5],"texture":"#texture","cullface":"up"},"west":{"uv":[4,5,4.5,5.5],"texture":"#texture","cullface":"up"},"east":{"uv":[11.5,5,12,5.5],"texture":"#texture","cullface":"up"}}},{"from":[1,20,5],"to":[15,21,6],"faces":{"down":{"uv":[4.5,5.5,11.5,6],"texture":"#texture","cullface":"up"},"north":{"uv":[11.5,5.5,4.5,6],"texture":"#texture","cullface":"up"},"west":{"uv":[4.5,5.5,5,6],"texture":"#texture","cullface":"up"},"east":{"uv":[11,5.5,11.5,6],"texture":"#texture","cullface":"up"}}},{"from":[3,19,5],"to":[14,20,6],"faces":{"down":{"uv":[5.5,6,11,6.5],"texture":"#texture","cullface":"up"},"north":{"uv":[11,6,5.5,6.5],"texture":"#texture","cullface":"up"},"west":{"uv":[5.5,6,6,6.5],"texture":"#texture","cullface":"up"},"east":{"uv":[10.5,6,11,6.5],"texture":"#texture","cullface":"up"}}},{"from":[4,18,5],"to":[13,19,6],"faces":{"down":{"uv":[6,6.5,10.5,7],"texture":"#texture","cullface":"up"},"north":{"uv":[10.5,6.5,6,7],"texture":"#texture","cullface":"up"},"west":{"uv":[6,6.5,6.5,7],"texture":"#texture","cullface":"up"},"east":{"uv":[10,6.5,10.5,7],"texture":"#texture","cullface":"up"}}},{"from":[5,14,5],"to":[12,18,6],"faces":{"north":{"uv":[10,7,6.5,9],"texture":"#texture","cullface":"up"},"west":{"uv":[6.5,7,7,9],"texture":"#texture","cullface":"up"},"east":{"uv":[9.5,7,10,9],"texture":"#texture","cullface":"up"}}},{"from":[4,13,5],"to":[13,14,6],"faces":{"up":{"uv":[6,9,10.5,9.5],"texture":"#texture"},"north":{"uv":[10.5,9,6,9.5],"texture":"#texture"},"west":{"uv":[6,9,6.5,9.5],"texture":"#texture"},"east":{"uv":[10,9,10.5,9.5],"texture":"#texture"}}},{"from":[-1,12,5],"to":[17,13,6],"faces":{"up":{"uv":[3.5,9.5,12.5,10],"texture":"#texture"},"north":{"uv":[12.5,9.5,3.5,10],"texture":"#texture"},"west":{"uv":[3.5,9.5,4,10],"texture":"#texture"},"east":{"uv":[11,9.5,11.5,10],"texture":"#texture"}}},{"from":[-2,11,5],"to":[18,12,6],"faces":{"up":{"uv":[3,10,13,10.5],"texture":"#texture"},"north":{"uv":[13,10,3,10.5],"texture":"#texture"},"west":{"uv":[3,10,3.5,10.5],"texture":"#texture"},"east":{"uv":[11.5,9,12,9.5],"texture":"#texture"}}},{"from":[-3,10,5],"to":[19,11,6],"faces":{"down":{"uv":[2.5,10.5,13.5,11],"texture":"#texture"},"up":{"uv":[2.5,10.5,13.5,11],"texture":"#texture"},"north":{"uv":[13.5,10.5,2.5,11],"texture":"#texture"},"west":{"uv":[2.5,10.5,3,11],"texture":"#texture"},"east":{"uv":[13,10.5,13.5,11],"texture":"#texture"}}},{"from":[6,14,4],"to":[11,18,5],"faces":{"north":{"uv":[9.5,7,7,9],"texture":"#texture","cullface":"up"},"west":{"uv":[7,7,7.5,9],"texture":"#texture","cullface":"up"},"east":{"uv":[9,7,9.5,9],"texture":"#texture","cullface":"up"}}},{"from":[5,13,4],"to":[12,14,5],"faces":{"up":{"uv":[6.5,9,10,9.5],"texture":"#texture"},"north":{"uv":[10,9,6.5,9.5],"texture":"#texture"},"west":{"uv":[6.5,9,7,9.5],"texture":"#texture"},"east":{"uv":[9.5,9,10,9.5],"texture":"#texture"}}},{"from":[4,12,4],"to":[13,13,5],"faces":{"up":{"uv":[6,9.5,10.5,10],"texture":"#texture"},"north":{"uv":[10.5,9.5,6,10],"texture":"#texture"},"west":{"uv":[6,9.5,6.5,10],"texture":"#texture"},"east":{"uv":[10,10,10.5,10.5],"texture":"#texture"}}},{"from":[3,11,4],"to":[13,12,5],"faces":{"down":{"uv":[5.5,10,10.5,10.5],"texture":"#texture"},"up":{"uv":[5.5,10,10.5,10.5],"texture":"#texture"},"north":{"uv":[10.5,10,5.5,10.5],"texture":"#texture"},"west":{"uv":[5.5,10,6,10.5],"texture":"#texture"},"east":{"uv":[10,10,10.5,10.5],"texture":"#texture"}}},{"from":[5,10,4],"to":[11,11,5],"faces":{"down":{"uv":[6.5,10.5,9.5,11],"texture":"#texture"},"north":{"uv":[9.5,10.5,6.5,11],"texture":"#texture"},"west":{"uv":[6.5,10.5,7,11],"texture":"#texture"},"east":{"uv":[9,10.5,9.5,11],"texture":"#texture"}}},{"from":[7,24,4],"to":[9,26,5],"faces":{"up":{"uv":[7.5,3,8.5,3.5],"texture":"#texture","cullface":"up"},"north":{"uv":[8.5,3,7.5,4],"texture":"#texture","cullface":"up"},"west":{"uv":[7.5,3,8,4],"texture":"#texture","cullface":"up"},"east":{"uv":[8,3,8.5,4],"texture":"#texture","cullface":"up"}}},{"from":[6,22,4],"to":[10,24,5],"faces":{"up":{"uv":[7,4,9,4.5],"texture":"#texture","cullface":"up"},"north":{"uv":[9,4,7,5],"texture":"#texture","cullface":"up"},"south":{"uv":[7,4,9,5],"texture":"#texture","cullface":"up"},"west":{"uv":[7,4,7.5,5],"texture":"#texture","cullface":"up"},"east":{"uv":[8.5,4,9,5],"texture":"#texture","cullface":"up"}}},{"from":[5,21,4],"to":[11,22,5],"faces":{"up":{"uv":[6.5,5,9.5,5.5],"texture":"#texture","cullface":"up"},"north":{"uv":[9.5,5,6.5,5.5],"texture":"#texture","cullface":"up"},"west":{"uv":[6.5,5,7,5.5],"texture":"#texture","cullface":"up"},"east":{"uv":[9,5,9.5,5.5],"texture":"#texture","cullface":"up"}}},{"from":[3,20,4],"to":[13,21,5],"faces":{"down":{"uv":[5.5,5.5,10.5,6],"texture":"#texture","cullface":"up"},"up":{"uv":[5.5,5.5,10.5,6],"texture":"#texture","cullface":"up"},"north":{"uv":[10.5,5.5,5.5,6],"texture":"#texture","cullface":"up"},"west":{"uv":[5.5,5.5,6,6],"texture":"#texture","cullface":"up"},"east":{"uv":[10,5.5,10.5,6],"texture":"#texture","cullface":"up"}}},{"from":[4,19,4],"to":[13,20,5],"faces":{"down":{"uv":[6,6,10.5,6.5],"texture":"#texture","cullface":"up"},"north":{"uv":[10.5,6,6,6.5],"texture":"#texture","cullface":"up"},"west":{"uv":[6,6,6.5,6.5],"texture":"#texture","cullface":"up"},"east":{"uv":[10,6,10.5,6.5],"texture":"#texture","cullface":"up"}}},{"from":[5,18,4],"to":[12,19,5],"faces":{"down":{"uv":[6.5,6.5,10,7],"texture":"#texture","cullface":"up"},"north":{"uv":[10,6.5,6.5,7],"texture":"#texture","cullface":"up"},"west":{"uv":[6.5,6.5,7,7],"texture":"#texture","cullface":"up"},"east":{"uv":[9.5,6.5,10,7],"texture":"#texture","cullface":"up"}}}],"display":{"head":{"rotation":[0,0,0],"translation":[0,0,0],"scale":[1,1,1]},"gui":{"rotation":[0,0,0],"translation":[0,-3.4,0],"scale":[0.4,0.4,0.4]}}}