{
	"__comment": "Designed by Hypixel minecraft server with BDcraft Cubik PRO 0.95 Beta - http://bdcraft.net",
	"textures": {
		"texture": "items/batarang",
		"mesh_palette": "items/botarang_2"
	},
	"elements": [
		{
			"from": [ -4, 5, 7.5 ],
			"to": [ 20, 9, 8.5 ],
			"faces": {
				"down": { "uv": [ 4.5, 4, 5, 4.5 ], "texture": "#texture" },
				"up": { "uv": [ 4.5, 4, 5, 4.5 ], "texture": "#texture" },
				"north": { "uv": [ 2, 7, 14, 9 ], "texture": "#texture" },
				"south": { "uv": [ 14, 7, 2, 9 ], "texture": "#texture" },
				"west": { "uv": [ 4.5, 4, 5, 4.5 ], "texture": "#texture" },
				"east": { "uv": [ 4.5, 4, 5, 4.5 ], "texture": "#texture" }
			}
		},
		{
			"from": [ 6, 9, 7.5 ],
			"to": [ 10, 10, 8.5 ],
			"faces": {
				"up": { "uv": [ 4.5, 4, 5, 4.5 ], "texture": "#texture" },
				"north": { "uv": [ 7, 6.5, 9, 7 ], "texture": "#texture" },
				"south": { "uv": [ 9, 6.5, 7, 7 ], "texture": "#texture" },
				"west": { "uv": [ 4.5, 4, 5, 4.5 ], "texture": "#texture" },
				"east": { "uv": [ 4.5, 4, 5, 4.5 ], "texture": "#texture" }
			}
		},
		{
			"from": [ 4, 4, 7.5 ],
			"to": [ 12, 5, 8.5 ],
			"faces": {
				"down": { "uv": [ 4.5, 4, 5, 4.5 ], "texture": "#texture" },
				"north": { "uv": [ 6, 9, 10, 9.5 ], "texture": "#texture" },
				"south": { "uv": [ 10, 9, 6, 9.5 ], "texture": "#texture" },
				"west": { "uv": [ 4.5, 4, 5, 4.5 ], "texture": "#texture" },
				"east": { "uv": [ 4.5, 4, 5, 4.5 ], "texture": "#texture" }
			}
		},
		{
			"from": [ 5, 3, 7.5 ],
			"to": [ 7, 4, 8.5 ],
			"faces": {
				"down": { "uv": [ 4.5, 4, 5, 4.5 ], "texture": "#texture" },
				"north": { "uv": [ 6.5, 9.5, 7.5, 10 ], "texture": "#texture" },
				"south": { "uv": [ 7.5, 9.5, 6.5, 10 ], "texture": "#texture" },
				"west": { "uv": [ 4.5, 4, 5, 4.5 ], "texture": "#texture" },
				"east": { "uv": [ 4.5, 4, 5, 4.5 ], "texture": "#texture" }
			}
		},
		{
			"from": [ 9, 3, 7.5 ],
			"to": [ 11, 4, 8.5 ],
			"faces": {
				"down": { "uv": [ 4.5, 4, 5, 4.5 ], "texture": "#texture" },
				"north": { "uv": [ 8.5, 9.5, 9.5, 10 ], "texture": "#texture" },
				"south": { "uv": [ 8.5, 9.5, 9.5, 10 ], "texture": "#texture" },
				"west": { "uv": [ 4.5, 4, 5, 4.5 ], "texture": "#texture" },
				"east": { "uv": [ 4.5, 4, 5, 4.5 ], "texture": "#texture" }
			}
		},
		{
			"from": [ 5, 2, 7.5 ],
			"to": [ 6, 3, 8.5 ],
			"faces": {
				"down": { "uv": [ 4.5, 4, 5, 4.5 ], "texture": "#texture" },
				"north": { "uv": [ 6.5, 10, 7, 10.5 ], "texture": "#texture" },
				"south": { "uv": [ 7, 10, 6.5, 10.5 ], "texture": "#texture" },
				"west": { "uv": [ 4.5, 4, 5, 4.5 ], "texture": "#texture" },
				"east": { "uv": [ 4.5, 4, 5, 4.5 ], "texture": "#texture" }
			}
		},
		{
			"from": [ 10, 2, 7.5 ],
			"to": [ 11, 3, 8.5 ],
			"faces": {
				"down": { "uv": [ 4.5, 4, 5, 4.5 ], "texture": "#texture" },
				"north": { "uv": [ 9, 10, 9.5, 10.5 ], "texture": "#texture" },
				"south": { "uv": [ 9, 10, 9.5, 10.5 ], "texture": "#texture" },
				"west": { "uv": [ 4.5, 4, 5, 4.5 ], "texture": "#texture" },
				"east": { "uv": [ 4.5, 4, 5, 4.5 ], "texture": "#texture" }
			}
		},
		{
			"from": [ -5, 5, 7.5 ],
			"to": [ -4, 8, 8.5 ],
			"faces": {
				"up": { "uv": [ 4.5, 4, 5, 4.5 ], "texture": "#texture", "cullface": "west" },
				"north": { "uv": [ 1.5, 7.5, 2, 9 ], "texture": "#texture", "cullface": "west" },
				"south": { "uv": [ 2, 7.5, 1.5, 9 ], "texture": "#texture", "cullface": "west" },
				"west": { "uv": [ 4.5, 4, 5, 4.5 ], "texture": "#texture", "cullface": "west" }
			}
		},
		{
			"from": [ 20, 5, 7.5 ],
			"to": [ 21, 8, 8.5 ],
			"faces": {
				"up": { "uv": [ 4.5, 4, 5, 4.5 ], "texture": "#texture", "cullface": "east" },
				"north": { "uv": [ 14, 7.5, 14.5, 9 ], "texture": "#texture", "cullface": "east" },
				"south": { "uv": [ 14.5, 7.5, 14, 9 ], "texture": "#texture", "cullface": "east" },
				"east": { "uv": [ 4.5, 4, 5, 4.5 ], "texture": "#texture", "cullface": "east" }
			}
		},
		{
			"from": [ -6, 2, 7.5 ],
			"to": [ -2, 5, 8.5 ],
			"faces": {
				"down": { "uv": [ 4.5, 4, 5, 4.5 ], "texture": "#texture", "cullface": "west" },
				"up": { "uv": [ 4.5, 4, 5, 4.5 ], "texture": "#texture", "cullface": "west" },
				"north": { "uv": [ 3, 9, 1, 10.5 ], "texture": "#texture", "cullface": "west" },
				"south": { "uv": [ 1, 9, 3, 10.5 ], "texture": "#texture", "cullface": "west" },
				"west": { "uv": [ 4.5, 4, 5, 4.5 ], "texture": "#texture", "cullface": "west" },
				"east": { "uv": [ 4.5, 4, 5, 4.5 ], "texture": "#texture", "cullface": "west" }
			}
		},
		{
			"from": [ -6, 1, 7.5 ],
			"to": [ -4, 2, 8.5 ],
			"faces": {
				"down": { "uv": [ 4.5, 4, 5, 4.5 ], "texture": "#texture", "cullface": "west" },
				"north": { "uv": [ 2, 10.5, 1, 11 ], "texture": "#texture", "cullface": "west" },
				"south": { "uv": [ 1, 10.5, 2, 11 ], "texture": "#texture", "cullface": "west" },
				"west": { "uv": [ 4.5, 4, 5, 4.5 ], "texture": "#texture", "cullface": "west" },
				"east": { "uv": [ 4.5, 4, 5, 4.5 ], "texture": "#texture", "cullface": "west" }
			}
		},
		{
			"from": [ -6, 0, 7.5 ],
			"to": [ -5, 1, 8.5 ],
			"faces": {
				"down": { "uv": [ 4.5, 4, 5, 4.5 ], "texture": "#texture", "cullface": "west" },
				"north": { "uv": [ 1, 11, 1.5, 11.5 ], "texture": "#texture", "cullface": "west" },
				"south": { "uv": [ 1.5, 11, 1, 11.5 ], "texture": "#texture", "cullface": "west" },
				"west": { "uv": [ 4.5, 4, 5, 4.5 ], "texture": "#texture", "cullface": "west" },
				"east": { "uv": [ 4.5, 4, 5, 4.5 ], "texture": "#texture", "cullface": "west" }
			}
		},
		{
			"from": [ 18, 2, 7.5 ],
			"to": [ 22, 5, 8.5 ],
			"faces": {
				"down": { "uv": [ 4.5, 4, 5, 4.5 ], "texture": "#texture", "cullface": "east" },
				"up": { "uv": [ 4.5, 4, 5, 4.5 ], "texture": "#texture", "cullface": "east" },
				"north": { "uv": [ 15, 9, 13, 10.5 ], "texture": "#texture", "cullface": "east" },
				"south": { "uv": [ 13, 9, 15, 10.5 ], "texture": "#texture", "cullface": "east" },
				"west": { "uv": [ 4.5, 4, 5, 4.5 ], "texture": "#texture", "cullface": "east" },
				"east": { "uv": [ 4.5, 4, 5, 4.5 ], "texture": "#texture", "cullface": "east" }
			}
		},
		{
			"from": [ 20, 1, 7.5 ],
			"to": [ 22, 2, 8.5 ],
			"faces": {
				"down": { "uv": [ 4.5, 4, 5, 4.5 ], "texture": "#texture", "cullface": "east" },
				"north": { "uv": [ 15, 10.5, 14, 11 ], "texture": "#texture", "cullface": "east" },
				"south": { "uv": [ 14, 10.5, 15, 11 ], "texture": "#texture", "cullface": "east" },
				"west": { "uv": [ 4.5, 4, 5, 4.5 ], "texture": "#texture", "cullface": "east" },
				"east": { "uv": [ 4.5, 4, 5, 4.5 ], "texture": "#texture", "cullface": "east" }
			}
		},
		{
			"from": [ 21, 0, 7.5 ],
			"to": [ 22, 1, 8.5 ],
			"faces": {
				"down": { "uv": [ 4.5, 4, 5, 4.5 ], "texture": "#texture", "cullface": "east" },
				"north": { "uv": [ 14.5, 11, 15, 11.5 ], "texture": "#texture", "cullface": "east" },
				"south": { "uv": [ 15, 11, 14.5, 11.5 ], "texture": "#texture", "cullface": "east" },
				"west": { "uv": [ 4.5, 4, 5, 4.5 ], "texture": "#texture", "cullface": "east" },
				"east": { "uv": [ 4.5, 4, 5, 4.5 ], "texture": "#texture", "cullface": "east" }
			}
		},
		{
			"from": [ -4, 9, 7.5 ],
			"to": [ 3, 10, 8.5 ],
			"faces": {
				"up": { "uv": [ 4.5, 4, 5, 4.5 ], "texture": "#texture", "cullface": "west" },
				"north": { "uv": [ 5.5, 6.5, 2, 7 ], "texture": "#texture", "cullface": "west" },
				"south": { "uv": [ 2, 6.5, 5.5, 7 ], "texture": "#texture", "cullface": "west" },
				"west": { "uv": [ 4.5, 4, 5, 4.5 ], "texture": "#texture", "cullface": "west" },
				"east": { "uv": [ 4.5, 4, 5, 4.5 ], "texture": "#texture", "cullface": "west" }
			}
		},
		{
			"from": [ -3, 10, 7.5 ],
			"to": [ 2, 11, 8.5 ],
			"faces": {
				"up": { "uv": [ 4.5, 4, 5, 4.5 ], "texture": "#texture", "cullface": "west" },
				"north": { "uv": [ 5, 6, 2.5, 6.5 ], "texture": "#texture", "cullface": "west" },
				"south": { "uv": [ 2.5, 6, 5, 6.5 ], "texture": "#texture", "cullface": "west" },
				"west": { "uv": [ 4.5, 4, 5, 4.5 ], "texture": "#texture", "cullface": "west" },
				"east": { "uv": [ 4.5, 4, 5, 4.5 ], "texture": "#texture", "cullface": "west" }
			}
		},
		{
			"from": [ -2, 11, 7.5 ],
			"to": [ 2, 13, 8.5 ],
			"faces": {
				"up": { "uv": [ 4.5, 4, 5, 4.5 ], "texture": "#texture", "cullface": "west" },
				"north": { "uv": [ 5, 5, 3, 6 ], "texture": "#texture", "cullface": "west" },
				"south": { "uv": [ 3, 5, 5, 6 ], "texture": "#texture", "cullface": "west" },
				"west": { "uv": [ 4.5, 4, 5, 4.5 ], "texture": "#texture", "cullface": "west" },
				"east": { "uv": [ 4.5, 4, 5, 4.5 ], "texture": "#texture", "cullface": "west" }
			}
		},
		{
			"from": [ -1, 13, 7.5 ],
			"to": [ 2, 14, 8.5 ],
			"faces": {
				"up": { "uv": [ 4.5, 4, 5, 4.5 ], "texture": "#texture", "cullface": "west" },
				"north": { "uv": [ 5, 4.5, 3.5, 5 ], "texture": "#texture", "cullface": "west" },
				"south": { "uv": [ 3.5, 4.5, 5, 5 ], "texture": "#texture", "cullface": "west" },
				"west": { "uv": [ 4.5, 4, 5, 4.5 ], "texture": "#texture", "cullface": "west" },
				"east": { "uv": [ 4.5, 4, 5, 4.5 ], "texture": "#texture", "cullface": "west" }
			}
		},
		{
			"from": [ 0, 14, 8 ],
			"to": [ 2, 15, 9 ],
			"faces": {
				"up": { "uv": [ 4.5, 4, 5, 4.5 ], "texture": "#texture" },
				"north": { "uv": [ 5, 4, 4.5, 4.5 ], "texture": "#texture" },
				"south": { "uv": [ 4.5, 4, 5, 4.5 ], "texture": "#texture" },
				"west": { "uv": [ 4.5, 4, 5, 4.5 ], "texture": "#texture" },
				"east": { "uv": [ 4.5, 4, 5, 4.5 ], "texture": "#texture" }
			}
		},
		{
			"from": [ 13, 9, 7.5 ],
			"to": [ 20, 10, 8.5 ],
			"faces": {
				"up": { "uv": [ 4.5, 4, 5, 4.5 ], "texture": "#texture", "cullface": "east" },
				"north": { "uv": [ 2, 6.5, 5.5, 7 ], "texture": "#texture", "cullface": "east" },
				"south": { "uv": [ 5.5, 6.5, 2, 7 ], "texture": "#texture", "cullface": "east" },
				"west": { "uv": [ 4.5, 4, 5, 4.5 ], "texture": "#texture", "cullface": "east" },
				"east": { "uv": [ 4.5, 4, 5, 4.5 ], "texture": "#texture", "cullface": "east" }
			}
		},
		{
			"from": [ 14, 10, 7.5 ],
			"to": [ 19, 11, 8.5 ],
			"faces": {
				"up": { "uv": [ 4.5, 4, 5, 4.5 ], "texture": "#texture", "cullface": "east" },
				"north": { "uv": [ 2.5, 6, 5, 6.5 ], "texture": "#texture", "cullface": "east" },
				"south": { "uv": [ 5, 6, 2.5, 6.5 ], "texture": "#texture", "cullface": "east" },
				"west": { "uv": [ 4.5, 4, 5, 4.5 ], "texture": "#texture", "cullface": "east" },
				"east": { "uv": [ 4.5, 4, 5, 4.5 ], "texture": "#texture", "cullface": "east" }
			}
		},
		{
			"from": [ 14, 11, 7.5 ],
			"to": [ 18, 13, 8.5 ],
			"faces": {
				"up": { "uv": [ 4.5, 4, 5, 4.5 ], "texture": "#texture", "cullface": "east" },
				"north": { "uv": [ 3, 5, 5, 6 ], "texture": "#texture", "cullface": "east" },
				"south": { "uv": [ 5, 5, 3, 6 ], "texture": "#texture", "cullface": "east" },
				"west": { "uv": [ 4.5, 4, 5, 4.5 ], "texture": "#texture", "cullface": "east" },
				"east": { "uv": [ 4.5, 4, 5, 4.5 ], "texture": "#texture", "cullface": "east" }
			}
		},
		{
			"from": [ 14, 13, 7.5 ],
			"to": [ 17, 14, 8.5 ],
			"faces": {
				"up": { "uv": [ 4.5, 4, 5, 4.5 ], "texture": "#texture", "cullface": "east" },
				"north": { "uv": [ 3.5, 4.5, 5, 5 ], "texture": "#texture", "cullface": "east" },
				"south": { "uv": [ 5, 4.5, 3.5, 5 ], "texture": "#texture", "cullface": "east" },
				"west": { "uv": [ 4.5, 4, 5, 4.5 ], "texture": "#texture", "cullface": "east" },
				"east": { "uv": [ 4.5, 4, 5, 4.5 ], "texture": "#texture", "cullface": "east" }
			}
		},
		{
			"from": [ 6, 5, 7 ],
			"to": [ 7, 8, 9 ],
			"faces": {
				"down": { "uv": [ 4.5, 4, 5, 4.5 ], "texture": "#texture" },
				"up": { "uv": [ 4.5, 4, 5, 4.5 ], "texture": "#texture" },
				"north": { "uv": [ 4.5, 4, 5, 4.5 ], "texture": "#texture" },
				"south": { "uv": [ 5, 4, 4.5, 4.5 ], "texture": "#texture" },
				"west": { "uv": [ 4.5, 4, 5, 4.5 ], "texture": "#texture" },
				"east": { "uv": [ 4.5, 4, 5, 4.5 ], "texture": "#texture" }
			}
		},
		{
			"from": [ 5, 6, 7 ],
			"to": [ 6, 7, 9 ],
			"faces": {
				"down": { "uv": [ 4.5, 4, 5, 4.5 ], "texture": "#texture" },
				"up": { "uv": [ 4.5, 4, 5, 4.5 ], "texture": "#texture" },
				"north": { "uv": [ 4.5, 4, 5, 4.5 ], "texture": "#texture" },
				"south": { "uv": [ 5, 4, 4.5, 4.5 ], "texture": "#texture" },
				"west": { "uv": [ 4.5, 4, 5, 4.5 ], "texture": "#texture" }
			}
		},
		{
			"from": [ 9, 5, 7 ],
			"to": [ 10, 8, 9 ],
			"faces": {
				"down": { "uv": [ 4.5, 4, 5, 4.5 ], "texture": "#texture" },
				"up": { "uv": [ 4.5, 4, 5, 4.5 ], "texture": "#texture" },
				"north": { "uv": [ 4.5, 4, 5, 4.5 ], "texture": "#texture" },
				"south": { "uv": [ 5, 4, 4.5, 4.5 ], "texture": "#texture" },
				"west": { "uv": [ 4.5, 4, 5, 4.5 ], "texture": "#texture" },
				"east": { "uv": [ 4.5, 4, 5, 4.5 ], "texture": "#texture" }
			}
		},
		{
			"from": [ 10, 6, 7 ],
			"to": [ 11, 7, 9 ],
			"faces": {
				"down": { "uv": [ 4.5, 4, 5, 4.5 ], "texture": "#texture" },
				"up": { "uv": [ 4.5, 4, 5, 4.5 ], "texture": "#texture" },
				"north": { "uv": [ 4.5, 4, 5, 4.5 ], "texture": "#texture" },
				"south": { "uv": [ 5, 4, 4.5, 4.5 ], "texture": "#texture" },
				"east": { "uv": [ 4.5, 4, 5, 4.5 ], "texture": "#texture" }
			}
		},
		{
			"from": [ 7, 8, 7 ],
			"to": [ 9, 9, 9 ],
			"faces": {
				"down": { "uv": [ 4.5, 4, 5, 4.5 ], "texture": "#texture" },
				"up": { "uv": [ 4.5, 4, 5, 4.5 ], "texture": "#texture" },
				"north": { "uv": [ 4.5, 4, 5, 4.5 ], "texture": "#texture" },
				"south": { "uv": [ 5, 4, 4.5, 4.5 ], "texture": "#texture" },
				"west": { "uv": [ 4.5, 4, 5, 4.5 ], "texture": "#texture" },
				"east": { "uv": [ 4.5, 4, 5, 4.5 ], "texture": "#texture" }
			}
		},
		{
			"from": [ 7, 4, 7 ],
			"to": [ 9, 5, 9 ],
			"faces": {
				"down": { "uv": [ 4.5, 4, 5, 4.5 ], "texture": "#texture" },
				"up": { "uv": [ 4.5, 4, 5, 4.5 ], "texture": "#texture" },
				"north": { "uv": [ 4.5, 4, 5, 4.5 ], "texture": "#texture" },
				"south": { "uv": [ 5, 4, 4.5, 4.5 ], "texture": "#texture" },
				"west": { "uv": [ 4.5, 4, 5, 4.5 ], "texture": "#texture" },
				"east": { "uv": [ 4.5, 4, 5, 4.5 ], "texture": "#texture" }
			}
		},
		{
			"from": [ -2, 6, 7 ],
			"to": [ 3, 9, 9 ],
			"faces": {
				"down": { "uv": [ 4.5, 6.5, 4, 7 ], "texture": "#texture", "cullface": "west" },
				"up": { "uv": [ 4, 6.5, 4.5, 7 ], "texture": "#texture", "cullface": "west" },
				"north": { "uv": [ 3, 7, 5, 8.5 ], "texture": "#texture", "cullface": "west" },
				"south": { "uv": [ 5, 7, 3, 8.5 ], "texture": "#texture", "cullface": "west" },
				"west": { "uv": [ 4, 6.5, 4.5, 7 ], "texture": "#texture", "cullface": "west" },
				"east": { "uv": [ 4.5, 6.5, 4, 7 ], "texture": "#texture", "cullface": "west" }
			}
		},
		{
			"from": [ -1, 9, 7 ],
			"to": [ 2, 10, 9 ],
			"faces": {
				"up": { "uv": [ 4, 6.5, 4.5, 7 ], "texture": "#texture", "cullface": "west" },
				"north": { "uv": [ 3, 7, 4.5, 8 ], "texture": "#texture", "cullface": "west" },
				"south": { "uv": [ 5, 7, 3, 8.5 ], "texture": "#texture", "cullface": "west" },
				"west": { "uv": [ 4, 6.5, 4.5, 7 ], "texture": "#texture", "cullface": "west" },
				"east": { "uv": [ 4.5, 6.5, 4, 7 ], "texture": "#texture", "cullface": "west" }
			}
		},
		{
			"from": [ 0, 10, 7 ],
			"to": [ 1, 11, 9 ],
			"faces": {
				"up": { "uv": [ 4, 6.5, 4.5, 7 ], "texture": "#texture" },
				"north": { "uv": [ 3, 7, 5, 8.5 ], "texture": "#texture" },
				"south": { "uv": [ 5, 7, 3, 8.5 ], "texture": "#texture" },
				"west": { "uv": [ 4, 6.5, 4.5, 7 ], "texture": "#texture", "cullface": "west" },
				"east": { "uv": [ 4.5, 6.5, 4, 7 ], "texture": "#texture" }
			}
		},
		{
			"from": [ -3, 5, 7 ],
			"to": [ -2, 7, 9 ],
			"faces": {
				"up": { "uv": [ 4, 6.5, 4.5, 7 ], "texture": "#texture", "cullface": "west" },
				"north": { "uv": [ 3, 7, 5, 8.5 ], "texture": "#texture", "cullface": "west" },
				"south": { "uv": [ 5, 7, 3.5, 8.5 ], "texture": "#texture", "cullface": "west" },
				"west": { "uv": [ 4, 6.5, 4.5, 7 ], "texture": "#texture", "cullface": "west" },
				"east": { "uv": [ 4.5, 6.5, 4, 7 ], "texture": "#texture", "cullface": "west" }
			}
		},
		{
			"from": [ -4, 4, 7 ],
			"to": [ -3, 5, 9 ],
			"faces": {
				"down": { "uv": [ 4.5, 6.5, 4, 7 ], "texture": "#texture", "cullface": "west" },
				"up": { "uv": [ 4, 6.5, 4.5, 7 ], "texture": "#texture", "cullface": "west" },
				"north": { "uv": [ 3, 7, 5, 8.5 ], "texture": "#texture", "cullface": "west" },
				"south": { "uv": [ 5, 7, 3, 8.5 ], "texture": "#texture", "cullface": "west" },
				"west": { "uv": [ 4, 7, 4.5, 7.5 ], "texture": "#texture", "cullface": "west" },
				"east": { "uv": [ 4.5, 6.5, 4, 7 ], "texture": "#texture", "cullface": "west" }
			}
		},
		{
			"from": [ -4, 3, 7 ],
			"to": [ -3, 4, 9 ],
			"faces": {
				"down": { "uv": [ 4.5, 7, 4, 7.5 ], "texture": "#texture", "cullface": "west" },
				"north": { "uv": [ 3, 7, 5, 8.5 ], "texture": "#texture", "cullface": "west" },
				"south": { "uv": [ 5, 7, 3, 8.5 ], "texture": "#texture", "cullface": "west" },
				"west": { "uv": [ 4, 6.5, 4.5, 7 ], "texture": "#texture", "cullface": "west" },
				"east": { "uv": [ 4.5, 6.5, 4, 7 ], "texture": "#texture", "cullface": "west" }
			}
		},
		{
			"from": [ 13, 6, 7 ],
			"to": [ 18, 9, 9 ],
			"faces": {
				"down": { "uv": [ 4, 7.5, 3.5, 8 ], "texture": "#texture", "cullface": "east" },
				"up": { "uv": [ 4, 7, 4.5, 7.5 ], "texture": "#texture", "cullface": "east" },
				"north": { "uv": [ 5, 7, 3, 8.5 ], "texture": "#texture", "cullface": "east" },
				"south": { "uv": [ 3, 7, 5, 8.5 ], "texture": "#texture", "cullface": "east" },
				"west": { "uv": [ 3.5, 6.5, 4, 7 ], "texture": "#texture", "cullface": "east" },
				"east": { "uv": [ 4, 7, 3.5, 7.5 ], "texture": "#texture", "cullface": "east" }
			}
		},
		{
			"from": [ 14, 9, 7 ],
			"to": [ 17, 10, 9 ],
			"faces": {
				"up": { "uv": [ 3.5, 7, 4, 7.5 ], "texture": "#texture", "cullface": "east" },
				"north": { "uv": [ 5, 7, 3, 8.5 ], "texture": "#texture", "cullface": "east" },
				"south": { "uv": [ 3, 7, 5, 8.5 ], "texture": "#texture", "cullface": "east" },
				"west": { "uv": [ 4, 6.5, 4.5, 7 ], "texture": "#texture", "cullface": "east" },
				"east": { "uv": [ 4.5, 6.5, 4, 7 ], "texture": "#texture", "cullface": "east" }
			}
		},
		{
			"from": [ 14, 14, 7.5 ],
			"to": [ 16, 15, 8.5 ],
			"faces": {
				"up": { "uv": [ 4.5, 4, 5, 4.5 ], "texture": "#texture" },
				"north": { "uv": [ 4.5, 4, 5, 4.5 ], "texture": "#texture" },
				"south": { "uv": [ 5, 4, 4.5, 4.5 ], "texture": "#texture" },
				"west": { "uv": [ 4.5, 4, 5, 4.5 ], "texture": "#texture" },
				"east": { "uv": [ 4.5, 4, 5, 4.5 ], "texture": "#texture" }
			}
		},
		{
			"from": [ 18, 5, 7 ],
			"to": [ 19, 7, 9 ],
			"faces": {
				"up": { "uv": [ 4, 6.5, 4.5, 7 ], "texture": "#texture", "cullface": "east" },
				"north": { "uv": [ 5, 7, 3, 8.5 ], "texture": "#texture", "cullface": "east" },
				"south": { "uv": [ 3, 7, 5, 8.5 ], "texture": "#texture", "cullface": "east" },
				"west": { "uv": [ 4, 6.5, 4.5, 7 ], "texture": "#texture", "cullface": "east" },
				"east": { "uv": [ 4.5, 6.5, 4, 7 ], "texture": "#texture", "cullface": "east" }
			}
		},
		{
			"from": [ 19, 4, 7 ],
			"to": [ 20, 5, 9 ],
			"faces": {
				"down": { "uv": [ 4, 7.5, 3.5, 8 ], "texture": "#texture", "cullface": "east" },
				"up": { "uv": [ 4, 6.5, 4.5, 7 ], "texture": "#texture", "cullface": "east" },
				"north": { "uv": [ 5, 7, 2.5, 8.5 ], "texture": "#texture", "cullface": "east" },
				"south": { "uv": [ 3, 7, 5, 8.5 ], "texture": "#texture", "cullface": "east" },
				"west": { "uv": [ 4, 7, 4.5, 7.5 ], "texture": "#texture", "cullface": "east" },
				"east": { "uv": [ 4, 7, 3.5, 7.5 ], "texture": "#texture", "cullface": "east" }
			}
		},
		{
			"from": [ 19, 3, 7 ],
			"to": [ 20, 4, 9 ],
			"faces": {
				"down": { "uv": [ 4, 7, 3.5, 7.5 ], "texture": "#texture", "cullface": "east" },
				"north": { "uv": [ 5, 7, 3.5, 8.5 ], "texture": "#texture", "cullface": "east" },
				"south": { "uv": [ 3, 7, 5, 8.5 ], "texture": "#texture", "cullface": "east" },
				"west": { "uv": [ 4, 6.5, 4.5, 7 ], "texture": "#texture", "cullface": "east" },
				"east": { "uv": [ 4.5, 7, 4, 7.5 ], "texture": "#texture", "cullface": "east" }
			}
		},
		{
			"__comment": "Voxels-FF55FF",
			"from": [ -3, 0, 7.5 ],
			"to": [ -2, 1, 8.5 ],
			"faces": {
				"down": { "uv": [ 8.96, 4.96, 11.04, 7.04 ], "texture": "#mesh_palette" },
				"up": { "uv": [ 8.96, 4.96, 11.04, 7.04 ], "texture": "#mesh_palette" },
				"north": { "uv": [ 8.96, 4.96, 11.04, 7.04 ], "texture": "#mesh_palette" },
				"south": { "uv": [ 8.96, 4.96, 11.04, 7.04 ], "texture": "#mesh_palette" },
				"west": { "uv": [ 8.96, 4.96, 11.04, 7.04 ], "texture": "#mesh_palette" },
				"east": { "uv": [ 8.96, 4.96, 11.04, 7.04 ], "texture": "#mesh_palette" }
			}
		},
		{
			"__comment": "Voxels-FF55FF",
			"from": [ 0, 1, 7.5 ],
			"to": [ 1, 2, 8.5 ],
			"faces": {
				"down": { "uv": [ 8.96, 4.96, 11.04, 7.04 ], "texture": "#mesh_palette" },
				"up": { "uv": [ 8.96, 4.96, 11.04, 7.04 ], "texture": "#mesh_palette" },
				"north": { "uv": [ 8.96, 4.96, 11.04, 7.04 ], "texture": "#mesh_palette" },
				"south": { "uv": [ 8.96, 4.96, 11.04, 7.04 ], "texture": "#mesh_palette" },
				"west": { "uv": [ 8.96, 4.96, 11.04, 7.04 ], "texture": "#mesh_palette" },
				"east": { "uv": [ 8.96, 4.96, 11.04, 7.04 ], "texture": "#mesh_palette" }
			}
		},
		{
			"__comment": "Voxels-FF55FF",
			"from": [ 1, 3, 7.5 ],
			"to": [ 2, 4, 8.5 ],
			"faces": {
				"down": { "uv": [ 8.96, 4.96, 11.04, 7.04 ], "texture": "#mesh_palette" },
				"up": { "uv": [ 8.96, 4.96, 11.04, 7.04 ], "texture": "#mesh_palette" },
				"north": { "uv": [ 8.96, 4.96, 11.04, 7.04 ], "texture": "#mesh_palette" },
				"south": { "uv": [ 8.96, 4.96, 11.04, 7.04 ], "texture": "#mesh_palette" },
				"west": { "uv": [ 8.96, 4.96, 11.04, 7.04 ], "texture": "#mesh_palette" },
				"east": { "uv": [ 8.96, 4.96, 11.04, 7.04 ], "texture": "#mesh_palette" }
			}
		},
		{
			"__comment": "Voxels-790079",
			"from": [ 2, 10, 7.5 ],
			"to": [ 4, 12, 8.5 ],
			"faces": {
				"down": { "uv": [ 4.96, 4.96, 7.04, 7.04 ], "texture": "#mesh_palette" },
				"up": { "uv": [ 4.96, 4.96, 7.04, 7.04 ], "texture": "#mesh_palette" },
				"north": { "uv": [ 4.96, 4.96, 7.04, 7.04 ], "texture": "#mesh_palette" },
				"south": { "uv": [ 4.96, 4.96, 7.04, 7.04 ], "texture": "#mesh_palette" },
				"west": { "uv": [ 4.96, 4.96, 7.04, 7.04 ], "texture": "#mesh_palette" },
				"east": { "uv": [ 4.96, 4.96, 7.04, 7.04 ], "texture": "#mesh_palette" }
			}
		},
		{
			"__comment": "Voxels-B800B8",
			"from": [ 2, 12, 7.5 ],
			"to": [ 7, 13, 8.5 ],
			"faces": {
				"down": { "uv": [ 4.96, 0.96, 7.04, 3.04 ], "texture": "#mesh_palette" },
				"up": { "uv": [ 4.96, 0.96, 7.04, 3.04 ], "texture": "#mesh_palette" },
				"north": { "uv": [ 4.96, 0.96, 7.04, 3.04 ], "texture": "#mesh_palette" },
				"south": { "uv": [ 4.96, 0.96, 7.04, 3.04 ], "texture": "#mesh_palette" },
				"west": { "uv": [ 4.96, 0.96, 7.04, 3.04 ], "texture": "#mesh_palette" },
				"east": { "uv": [ 4.96, 0.96, 7.04, 3.04 ], "texture": "#mesh_palette" }
			}
		},
		{
			"__comment": "Voxels-DE00DE",
			"from": [ 2, 13, 7.5 ],
			"to": [ 4, 15, 8.5 ],
			"faces": {
				"down": { "uv": [ 0.96, 4.96, 3.04, 7.04 ], "texture": "#mesh_palette" },
				"up": { "uv": [ 0.96, 4.96, 3.04, 7.04 ], "texture": "#mesh_palette" },
				"north": { "uv": [ 0.96, 4.96, 3.04, 7.04 ], "texture": "#mesh_palette" },
				"south": { "uv": [ 0.96, 4.96, 3.04, 7.04 ], "texture": "#mesh_palette" },
				"west": { "uv": [ 0.96, 4.96, 3.04, 7.04 ], "texture": "#mesh_palette" },
				"east": { "uv": [ 0.96, 4.96, 3.04, 7.04 ], "texture": "#mesh_palette" }
			}
		},
		{
			"__comment": "Voxels-FF55FF",
			"from": [ 3, 2, 7.5 ],
			"to": [ 4, 3, 8.5 ],
			"faces": {
				"down": { "uv": [ 8.96, 4.96, 11.04, 7.04 ], "texture": "#mesh_palette" },
				"up": { "uv": [ 8.96, 4.96, 11.04, 7.04 ], "texture": "#mesh_palette" },
				"north": { "uv": [ 8.96, 4.96, 11.04, 7.04 ], "texture": "#mesh_palette" },
				"south": { "uv": [ 8.96, 4.96, 11.04, 7.04 ], "texture": "#mesh_palette" },
				"west": { "uv": [ 8.96, 4.96, 11.04, 7.04 ], "texture": "#mesh_palette" },
				"east": { "uv": [ 8.96, 4.96, 11.04, 7.04 ], "texture": "#mesh_palette" }
			}
		},
		{
			"__comment": "Voxels-790079",
			"from": [ 3, 9, 7.5 ],
			"to": [ 4, 10, 8.5 ],
			"faces": {
				"down": { "uv": [ 4.96, 4.96, 7.04, 7.04 ], "texture": "#mesh_palette" },
				"up": { "uv": [ 4.96, 4.96, 7.04, 7.04 ], "texture": "#mesh_palette" },
				"north": { "uv": [ 4.96, 4.96, 7.04, 7.04 ], "texture": "#mesh_palette" },
				"south": { "uv": [ 4.96, 4.96, 7.04, 7.04 ], "texture": "#mesh_palette" },
				"west": { "uv": [ 4.96, 4.96, 7.04, 7.04 ], "texture": "#mesh_palette" },
				"east": { "uv": [ 4.96, 4.96, 7.04, 7.04 ], "texture": "#mesh_palette" }
			}
		},
		{
			"__comment": "Voxels-B800B8",
			"from": [ 4, 9, 7.5 ],
			"to": [ 5, 12, 8.5 ],
			"faces": {
				"down": { "uv": [ 4.96, 0.96, 7.04, 3.04 ], "texture": "#mesh_palette" },
				"up": { "uv": [ 4.96, 0.96, 7.04, 3.04 ], "texture": "#mesh_palette" },
				"north": { "uv": [ 4.96, 0.96, 7.04, 3.04 ], "texture": "#mesh_palette" },
				"south": { "uv": [ 4.96, 0.96, 7.04, 3.04 ], "texture": "#mesh_palette" },
				"west": { "uv": [ 4.96, 0.96, 7.04, 3.04 ], "texture": "#mesh_palette" },
				"east": { "uv": [ 4.96, 0.96, 7.04, 3.04 ], "texture": "#mesh_palette" }
			}
		},
		{
			"__comment": "Voxels-B800B8",
			"from": [ 4, 13, 7.5 ],
			"to": [ 5, 15, 8.5 ],
			"faces": {
				"down": { "uv": [ 4.96, 0.96, 7.04, 3.04 ], "texture": "#mesh_palette" },
				"up": { "uv": [ 4.96, 0.96, 7.04, 3.04 ], "texture": "#mesh_palette" },
				"north": { "uv": [ 4.96, 0.96, 7.04, 3.04 ], "texture": "#mesh_palette" },
				"south": { "uv": [ 4.96, 0.96, 7.04, 3.04 ], "texture": "#mesh_palette" },
				"west": { "uv": [ 4.96, 0.96, 7.04, 3.04 ], "texture": "#mesh_palette" },
				"east": { "uv": [ 4.96, 0.96, 7.04, 3.04 ], "texture": "#mesh_palette" }
			}
		},
		{
			"__comment": "Voxels-790079",
			"from": [ 5, 9, 7.5 ],
			"to": [ 6, 12, 8.5 ],
			"faces": {
				"down": { "uv": [ 4.96, 4.96, 7.04, 7.04 ], "texture": "#mesh_palette" },
				"up": { "uv": [ 4.96, 4.96, 7.04, 7.04 ], "texture": "#mesh_palette" },
				"north": { "uv": [ 4.96, 4.96, 7.04, 7.04 ], "texture": "#mesh_palette" },
				"south": { "uv": [ 4.96, 4.96, 7.04, 7.04 ], "texture": "#mesh_palette" },
				"west": { "uv": [ 4.96, 4.96, 7.04, 7.04 ], "texture": "#mesh_palette" },
				"east": { "uv": [ 4.96, 4.96, 7.04, 7.04 ], "texture": "#mesh_palette" }
			}
		},
		{
			"__comment": "Voxels-DE00DE",
			"from": [ 5, 13, 7.5 ],
			"to": [ 11, 15, 8.5 ],
			"faces": {
				"down": { "uv": [ 0.96, 4.96, 3.04, 7.04 ], "texture": "#mesh_palette" },
				"up": { "uv": [ 0.96, 4.96, 3.04, 7.04 ], "texture": "#mesh_palette" },
				"north": { "uv": [ 0.96, 4.96, 3.04, 7.04 ], "texture": "#mesh_palette" },
				"south": { "uv": [ 0.96, 4.96, 3.04, 7.04 ], "texture": "#mesh_palette" },
				"west": { "uv": [ 0.96, 4.96, 3.04, 7.04 ], "texture": "#mesh_palette" },
				"east": { "uv": [ 0.96, 4.96, 3.04, 7.04 ], "texture": "#mesh_palette" }
			}
		},
		{
			"__comment": "Voxels-FF55FF",
			"from": [ 6, 0, 7.5 ],
			"to": [ 7, 1, 8.5 ],
			"faces": {
				"down": { "uv": [ 8.96, 4.96, 11.04, 7.04 ], "texture": "#mesh_palette" },
				"up": { "uv": [ 8.96, 4.96, 11.04, 7.04 ], "texture": "#mesh_palette" },
				"north": { "uv": [ 8.96, 4.96, 11.04, 7.04 ], "texture": "#mesh_palette" },
				"south": { "uv": [ 8.96, 4.96, 11.04, 7.04 ], "texture": "#mesh_palette" },
				"west": { "uv": [ 8.96, 4.96, 11.04, 7.04 ], "texture": "#mesh_palette" },
				"east": { "uv": [ 8.96, 4.96, 11.04, 7.04 ], "texture": "#mesh_palette" }
			}
		},
		{
			"__comment": "Voxels-790079",
			"from": [ 6, 10, 7.5 ],
			"to": [ 7, 12, 8.5 ],
			"faces": {
				"down": { "uv": [ 4.96, 4.96, 7.04, 7.04 ], "texture": "#mesh_palette" },
				"up": { "uv": [ 4.96, 4.96, 7.04, 7.04 ], "texture": "#mesh_palette" },
				"north": { "uv": [ 4.96, 4.96, 7.04, 7.04 ], "texture": "#mesh_palette" },
				"south": { "uv": [ 4.96, 4.96, 7.04, 7.04 ], "texture": "#mesh_palette" },
				"west": { "uv": [ 4.96, 4.96, 7.04, 7.04 ], "texture": "#mesh_palette" },
				"east": { "uv": [ 4.96, 4.96, 7.04, 7.04 ], "texture": "#mesh_palette" }
			}
		},
		{
			"__comment": "Voxels-DE00DE",
			"from": [ 7, 10, 7.5 ],
			"to": [ 9, 13, 8.5 ],
			"faces": {
				"down": { "uv": [ 0.96, 4.96, 3.04, 7.04 ], "texture": "#mesh_palette" },
				"up": { "uv": [ 0.96, 4.96, 3.04, 7.04 ], "texture": "#mesh_palette" },
				"north": { "uv": [ 0.96, 4.96, 3.04, 7.04 ], "texture": "#mesh_palette" },
				"south": { "uv": [ 0.96, 4.96, 3.04, 7.04 ], "texture": "#mesh_palette" },
				"west": { "uv": [ 0.96, 4.96, 3.04, 7.04 ], "texture": "#mesh_palette" },
				"east": { "uv": [ 0.96, 4.96, 3.04, 7.04 ], "texture": "#mesh_palette" }
			}
		},
		{
			"__comment": "Voxels-FF55FF",
			"from": [ 9, 0, 7.5 ],
			"to": [ 10, 1, 8.5 ],
			"faces": {
				"down": { "uv": [ 8.96, 4.96, 11.04, 7.04 ], "texture": "#mesh_palette" },
				"up": { "uv": [ 8.96, 4.96, 11.04, 7.04 ], "texture": "#mesh_palette" },
				"north": { "uv": [ 8.96, 4.96, 11.04, 7.04 ], "texture": "#mesh_palette" },
				"south": { "uv": [ 8.96, 4.96, 11.04, 7.04 ], "texture": "#mesh_palette" },
				"west": { "uv": [ 8.96, 4.96, 11.04, 7.04 ], "texture": "#mesh_palette" },
				"east": { "uv": [ 8.96, 4.96, 11.04, 7.04 ], "texture": "#mesh_palette" }
			}
		},
		{
			"__comment": "Voxels-790079",
			"from": [ 9, 10, 7.5 ],
			"to": [ 11, 12, 8.5 ],
			"faces": {
				"down": { "uv": [ 4.96, 4.96, 7.04, 7.04 ], "texture": "#mesh_palette" },
				"up": { "uv": [ 4.96, 4.96, 7.04, 7.04 ], "texture": "#mesh_palette" },
				"north": { "uv": [ 4.96, 4.96, 7.04, 7.04 ], "texture": "#mesh_palette" },
				"south": { "uv": [ 4.96, 4.96, 7.04, 7.04 ], "texture": "#mesh_palette" },
				"west": { "uv": [ 4.96, 4.96, 7.04, 7.04 ], "texture": "#mesh_palette" },
				"east": { "uv": [ 4.96, 4.96, 7.04, 7.04 ], "texture": "#mesh_palette" }
			}
		},
		{
			"__comment": "Voxels-B800B8",
			"from": [ 9, 12, 7.5 ],
			"to": [ 14, 13, 8.5 ],
			"faces": {
				"down": { "uv": [ 4.96, 0.96, 7.04, 3.04 ], "texture": "#mesh_palette" },
				"up": { "uv": [ 4.96, 0.96, 7.04, 3.04 ], "texture": "#mesh_palette" },
				"north": { "uv": [ 4.96, 0.96, 7.04, 3.04 ], "texture": "#mesh_palette" },
				"south": { "uv": [ 4.96, 0.96, 7.04, 3.04 ], "texture": "#mesh_palette" },
				"west": { "uv": [ 4.96, 0.96, 7.04, 3.04 ], "texture": "#mesh_palette" },
				"east": { "uv": [ 4.96, 0.96, 7.04, 3.04 ], "texture": "#mesh_palette" }
			}
		},
		{
			"__comment": "Voxels-790079",
			"from": [ 10, 9, 7.5 ],
			"to": [ 11, 10, 8.5 ],
			"faces": {
				"down": { "uv": [ 4.96, 4.96, 7.04, 7.04 ], "texture": "#mesh_palette" },
				"up": { "uv": [ 4.96, 4.96, 7.04, 7.04 ], "texture": "#mesh_palette" },
				"north": { "uv": [ 4.96, 4.96, 7.04, 7.04 ], "texture": "#mesh_palette" },
				"south": { "uv": [ 4.96, 4.96, 7.04, 7.04 ], "texture": "#mesh_palette" },
				"west": { "uv": [ 4.96, 4.96, 7.04, 7.04 ], "texture": "#mesh_palette" },
				"east": { "uv": [ 4.96, 4.96, 7.04, 7.04 ], "texture": "#mesh_palette" }
			}
		},
		{
			"__comment": "Voxels-B800B8",
			"from": [ 11, 9, 7.5 ],
			"to": [ 12, 12, 8.5 ],
			"faces": {
				"down": { "uv": [ 4.96, 0.96, 7.04, 3.04 ], "texture": "#mesh_palette" },
				"up": { "uv": [ 4.96, 0.96, 7.04, 3.04 ], "texture": "#mesh_palette" },
				"north": { "uv": [ 4.96, 0.96, 7.04, 3.04 ], "texture": "#mesh_palette" },
				"south": { "uv": [ 4.96, 0.96, 7.04, 3.04 ], "texture": "#mesh_palette" },
				"west": { "uv": [ 4.96, 0.96, 7.04, 3.04 ], "texture": "#mesh_palette" },
				"east": { "uv": [ 4.96, 0.96, 7.04, 3.04 ], "texture": "#mesh_palette" }
			}
		},
		{
			"__comment": "Voxels-B800B8",
			"from": [ 11, 13, 7.5 ],
			"to": [ 12, 15, 8.5 ],
			"faces": {
				"down": { "uv": [ 4.96, 0.96, 7.04, 3.04 ], "texture": "#mesh_palette" },
				"up": { "uv": [ 4.96, 0.96, 7.04, 3.04 ], "texture": "#mesh_palette" },
				"north": { "uv": [ 4.96, 0.96, 7.04, 3.04 ], "texture": "#mesh_palette" },
				"south": { "uv": [ 4.96, 0.96, 7.04, 3.04 ], "texture": "#mesh_palette" },
				"west": { "uv": [ 4.96, 0.96, 7.04, 3.04 ], "texture": "#mesh_palette" },
				"east": { "uv": [ 4.96, 0.96, 7.04, 3.04 ], "texture": "#mesh_palette" }
			}
		},
		{
			"__comment": "Voxels-FF55FF",
			"from": [ 12, 2, 7.5 ],
			"to": [ 13, 3, 8.5 ],
			"faces": {
				"down": { "uv": [ 8.96, 4.96, 11.04, 7.04 ], "texture": "#mesh_palette" },
				"up": { "uv": [ 8.96, 4.96, 11.04, 7.04 ], "texture": "#mesh_palette" },
				"north": { "uv": [ 8.96, 4.96, 11.04, 7.04 ], "texture": "#mesh_palette" },
				"south": { "uv": [ 8.96, 4.96, 11.04, 7.04 ], "texture": "#mesh_palette" },
				"west": { "uv": [ 8.96, 4.96, 11.04, 7.04 ], "texture": "#mesh_palette" },
				"east": { "uv": [ 8.96, 4.96, 11.04, 7.04 ], "texture": "#mesh_palette" }
			}
		},
		{
			"__comment": "Voxels-790079",
			"from": [ 12, 9, 7.5 ],
			"to": [ 13, 12, 8.5 ],
			"faces": {
				"down": { "uv": [ 4.96, 4.96, 7.04, 7.04 ], "texture": "#mesh_palette" },
				"up": { "uv": [ 4.96, 4.96, 7.04, 7.04 ], "texture": "#mesh_palette" },
				"north": { "uv": [ 4.96, 4.96, 7.04, 7.04 ], "texture": "#mesh_palette" },
				"south": { "uv": [ 4.96, 4.96, 7.04, 7.04 ], "texture": "#mesh_palette" },
				"west": { "uv": [ 4.96, 4.96, 7.04, 7.04 ], "texture": "#mesh_palette" },
				"east": { "uv": [ 4.96, 4.96, 7.04, 7.04 ], "texture": "#mesh_palette" }
			}
		},
		{
			"__comment": "Voxels-DE00DE",
			"from": [ 12, 13, 7.5 ],
			"to": [ 14, 15, 8.5 ],
			"faces": {
				"down": { "uv": [ 0.96, 4.96, 3.04, 7.04 ], "texture": "#mesh_palette" },
				"up": { "uv": [ 0.96, 4.96, 3.04, 7.04 ], "texture": "#mesh_palette" },
				"north": { "uv": [ 0.96, 4.96, 3.04, 7.04 ], "texture": "#mesh_palette" },
				"south": { "uv": [ 0.96, 4.96, 3.04, 7.04 ], "texture": "#mesh_palette" },
				"west": { "uv": [ 0.96, 4.96, 3.04, 7.04 ], "texture": "#mesh_palette" },
				"east": { "uv": [ 0.96, 4.96, 3.04, 7.04 ], "texture": "#mesh_palette" }
			}
		},
		{
			"__comment": "Voxels-790079",
			"from": [ 13, 10, 7.5 ],
			"to": [ 14, 12, 8.5 ],
			"faces": {
				"down": { "uv": [ 4.96, 4.96, 7.04, 7.04 ], "texture": "#mesh_palette" },
				"up": { "uv": [ 4.96, 4.96, 7.04, 7.04 ], "texture": "#mesh_palette" },
				"north": { "uv": [ 4.96, 4.96, 7.04, 7.04 ], "texture": "#mesh_palette" },
				"south": { "uv": [ 4.96, 4.96, 7.04, 7.04 ], "texture": "#mesh_palette" },
				"west": { "uv": [ 4.96, 4.96, 7.04, 7.04 ], "texture": "#mesh_palette" },
				"east": { "uv": [ 4.96, 4.96, 7.04, 7.04 ], "texture": "#mesh_palette" }
			}
		},
		{
			"__comment": "Voxels-FF55FF",
			"from": [ 14, 3, 7.5 ],
			"to": [ 15, 4, 8.5 ],
			"faces": {
				"down": { "uv": [ 8.96, 4.96, 11.04, 7.04 ], "texture": "#mesh_palette" },
				"up": { "uv": [ 8.96, 4.96, 11.04, 7.04 ], "texture": "#mesh_palette" },
				"north": { "uv": [ 8.96, 4.96, 11.04, 7.04 ], "texture": "#mesh_palette" },
				"south": { "uv": [ 8.96, 4.96, 11.04, 7.04 ], "texture": "#mesh_palette" },
				"west": { "uv": [ 8.96, 4.96, 11.04, 7.04 ], "texture": "#mesh_palette" },
				"east": { "uv": [ 8.96, 4.96, 11.04, 7.04 ], "texture": "#mesh_palette" }
			}
		},
		{
			"__comment": "Voxels-FF55FF",
			"from": [ 15, 1, 7.5 ],
			"to": [ 16, 2, 8.5 ],
			"faces": {
				"down": { "uv": [ 8.96, 4.96, 11.04, 7.04 ], "texture": "#mesh_palette" },
				"up": { "uv": [ 8.96, 4.96, 11.04, 7.04 ], "texture": "#mesh_palette" },
				"north": { "uv": [ 8.96, 4.96, 11.04, 7.04 ], "texture": "#mesh_palette" },
				"south": { "uv": [ 8.96, 4.96, 11.04, 7.04 ], "texture": "#mesh_palette" },
				"west": { "uv": [ 8.96, 4.96, 11.04, 7.04 ], "texture": "#mesh_palette" },
				"east": { "uv": [ 8.96, 4.96, 11.04, 7.04 ], "texture": "#mesh_palette" }
			}
		},
		{
			"__comment": "Voxels-FF55FF",
			"from": [ 18, 0, 7.5 ],
			"to": [ 19, 1, 8.5 ],
			"faces": {
				"down": { "uv": [ 8.96, 4.96, 11.04, 7.04 ], "texture": "#mesh_palette" },
				"up": { "uv": [ 8.96, 4.96, 11.04, 7.04 ], "texture": "#mesh_palette" },
				"north": { "uv": [ 8.96, 4.96, 11.04, 7.04 ], "texture": "#mesh_palette" },
				"south": { "uv": [ 8.96, 4.96, 11.04, 7.04 ], "texture": "#mesh_palette" },
				"west": { "uv": [ 8.96, 4.96, 11.04, 7.04 ], "texture": "#mesh_palette" },
				"east": { "uv": [ 8.96, 4.96, 11.04, 7.04 ], "texture": "#mesh_palette" }
			}
		}
	],
	"display": {
		"thirdperson_righthand": {
			"rotation":  [ 0, -90, 88 ],
			"translation":  [ 0, -0.75, 0 ],
			"scale":  [ 0.7, 0.7, 0.7 ]
		},
		"firstperson_righthand": {
			"rotation":  [ -33, 101, 106 ],
			"translation":  [ 4.72, -6.05, -1.89 ]
		},
		"gui": {
			"rotation":  [ 0, 0, 45 ],
			"translation":  [ -0.76, 0.94, 0 ],
			"scale":  [ 0.5, 0.5, 0.5 ]
		},
		"head": {
			"rotation":  [ 90, 0, 90 ]
		}
	}
}