{"__comment":"Designed by Hypixel minecraft server with BDcraft Cubik PRO 0.95 Beta - http://bdcraft.net","textures":{"texture":"items/bow"},"elements":[{"from":[7.5,3,8.5],"to":[9.5,13,9.5],"faces":{"down":{"uv":[0,9,2,10],"texture":"#texture"},"up":{"uv":[0,0,2,1],"texture":"#texture"},"north":{"uv":[0,0,2,10],"texture":"#texture"},"south":{"uv":[2,0,0,10],"texture":"#texture"},"west":{"uv":[1.5,0,2,10],"texture":"#texture"},"east":{"uv":[0,0,0.5,10],"texture":"#texture"}}},{"from":[6.5,11,8],"to":[9.5,12,9.5],"faces":{"down":{"uv":[5.5,6,8.5,7.5],"texture":"#texture"},"up":{"uv":[5.5,6.5,8.5,8],"texture":"#texture"},"north":{"uv":[8.5,7.5,5.5,8.5],"texture":"#texture"},"south":{"uv":[5.5,7.5,8.5,8.5],"texture":"#texture"},"west":{"uv":[6,6.5,7.5,7.5],"texture":"#texture"},"east":{"uv":[7.5,6.5,6,7.5],"texture":"#texture"}}},{"from":[7.625,3.75,8],"to":[8.625,6.75,9.5],"rotation":{"origin":[7.625,6.75,8],"axis":"z","angle":-22.5},"faces":{"down":{"uv":[0.5,9.5,1.5,11],"texture":"#texture"},"up":{"uv":[1,6.5,2,8],"texture":"#texture"},"north":{"uv":[1.5,6.5,2.5,9.5],"texture":"#texture"},"south":{"uv":[2.5,6.5,1.5,9.5],"texture":"#texture"},"west":{"uv":[2,6.5,2.5,9.5],"texture":"#texture"},"east":{"uv":[1.5,6.5,2,9.5],"texture":"#texture"}}},{"from":[9.75,11.3125,8],"to":[12.25,19.8125,9.5],"rotation":{"origin":[9.75,19.8125,8],"axis":"z","angle":-22.5},"faces":{"down":{"uv":[6,0,8.5,1.5],"texture":"#texture"},"up":{"uv":[6,0,8.5,1.5],"texture":"#texture"},"north":{"uv":[8.5,0,6,8.5],"texture":"#texture"},"south":{"uv":[6,0,8.5,8.5],"texture":"#texture"},"west":{"uv":[6,0,6.5,8.5],"texture":"#texture"},"east":{"uv":[8,0,9.5,8.5],"texture":"#texture"}}},{"from":[6.5,-4.45671,8],"to":[9,4.04329,9.5],"rotation":{"origin":[6.5,4.04329,8],"axis":"z","angle":22.5},"faces":{"down":{"uv":[6.5,6.5,9,8],"texture":"#texture"},"up":{"uv":[6.5,6.5,9,8],"texture":"#texture"},"north":{"uv":[8.5,8.5,6,0],"texture":"#texture"},"south":{"uv":[6,8.5,8.5,0],"texture":"#texture"},"west":{"uv":[6,8.5,6.5,0],"texture":"#texture"},"east":{"uv":[8,8.5,9.5,0],"texture":"#texture"}}},{"from":[8,17.5,7],"to":[12,19.5,9],"rotation":{"origin":[8,19.5,7],"axis":"z","angle":45},"faces":{"down":{"uv":[5.5,6.5,9.5,8.5],"texture":"#texture"},"up":{"uv":[5.5,6.5,9.5,8.5],"texture":"#texture"},"north":{"uv":[9.5,6.5,5.5,8.5],"texture":"#texture"},"south":{"uv":[5.5,6.5,9.5,8.5],"texture":"#texture"},"west":{"uv":[4,6.5,6,8.5],"texture":"#texture"},"east":{"uv":[6.5,6.5,8.5,8.5],"texture":"#texture"}}},{"from":[8,-7.5,7],"to":[10,-3.5,9],"rotation":{"origin":[8,-3.5,7],"axis":"z","angle":45},"faces":{"down":{"uv":[6.5,6.5,8.5,8.5],"texture":"#texture"},"up":{"uv":[4,6.5,6,8.5],"texture":"#texture"},"north":{"uv":[5.5,6.5,9.5,8.5],"rotation":90,"texture":"#texture"},"south":{"uv":[5.5,6.5,9.5,8.5],"rotation":90,"texture":"#texture"},"west":{"uv":[5.5,6.5,9.5,8.5],"rotation":90,"texture":"#texture"},"east":{"uv":[5.5,6.5,9.5,8.5],"rotation":90,"texture":"#texture"}}},{"from":[2.3125,29.75,7],"to":[14.3125,30.75,9],"rotation":{"origin":[2.3125,30.75,7],"axis":"z","angle":-45},"faces":{"down":{"uv":[4.5,12,16,14],"texture":"#texture"},"up":{"uv":[4.5,12,16,14],"texture":"#texture"},"north":{"uv":[4.5,14.5,16,15.5],"texture":"#texture"},"south":{"uv":[4.5,14.5,16,15.5],"texture":"#texture"},"west":{"uv":[4.5,15.5,6.5,16],"texture":"#texture"},"east":{"uv":[4.5,15.5,6.5,16],"texture":"#texture"}}},{"from":[1.5625,-15.0625,7],"to":[13.5625,-14.0625,9],"rotation":{"origin":[1.5625,-14.0625,7],"axis":"z","angle":45},"faces":{"down":{"uv":[4.5,14,16,12],"texture":"#texture"},"up":{"uv":[4.5,12,16,14],"texture":"#texture"},"north":{"uv":[4.5,14.5,16,15.5],"texture":"#texture"},"south":{"uv":[4.5,14.5,16,15.5],"texture":"#texture"},"west":{"uv":[4.5,14,6.5,14.5],"texture":"#texture"},"east":{"uv":[4.5,14,6.5,14.5],"texture":"#texture"}}},{"from":[-0.5,8,7.75],"to":[0,31.5,8.25],"faces":{"down":{"uv":[15.5,11.5,16,11],"texture":"#texture"},"up":{"uv":[15.5,11,16,11.5],"texture":"#texture"},"north":{"uv":[15.5,11,16,11.5],"rotation":90,"texture":"#texture"},"south":{"uv":[15.5,11.5,16,11],"rotation":90,"texture":"#texture"},"west":{"uv":[15.5,11,16,11.5],"rotation":90,"texture":"#texture"},"east":{"uv":[16,11,15.5,11.5],"rotation":90,"texture":"#texture"}}},{"from":[9,7,7.75],"to":[20,7.5,8.25],"faces":{"down":{"uv":[0,5.5,11,6],"texture":"#texture"},"up":{"uv":[0,5.5,11,6],"texture":"#texture"},"north":{"uv":[0,5.5,11,6],"texture":"#texture"},"south":{"uv":[0,5.5,11,6],"texture":"#texture"},"west":{"uv":[0,5.5,0.5,6],"texture":"#texture"},"east":{"uv":[8.5,6,9,6.5],"texture":"#texture"}}},{"from":[0,27,7.75],"to":[4.5,31.5,8.25],"faces":{"down":{"uv":[0,15.5,4.5,16],"texture":"#texture"},"up":{"uv":[2.5,11,3,11.5],"texture":"#texture"},"north":{"uv":[0,11.5,4.5,16],"texture":"#texture"},"south":{"uv":[0,11.5,4.5,16],"texture":"#texture"},"west":{"uv":[0,11.5,0.5,16],"texture":"#texture"},"east":{"uv":[0,11.5,0.5,16],"texture":"#texture"}}},{"from":[0,-15.5,7.75],"to":[4.5,-11,8.25],"faces":{"down":{"uv":[2.5,11,3,11.5],"texture":"#texture"},"up":{"uv":[0,11.5,4.5,12],"texture":"#texture"},"north":{"uv":[0,11.5,4.5,16],"texture":"#texture"},"south":{"uv":[0,11.5,4.5,16],"texture":"#texture"},"west":{"uv":[0,11.5,0.5,16],"texture":"#texture"},"east":{"uv":[0,11.5,0.5,16],"texture":"#texture"}}},{"from":[7.5,6.5,6.5],"to":[9.5,8,8.5],"faces":{"down":{"uv":[7.5,9.5,9.5,7.5],"texture":"#texture"},"up":{"uv":[7.5,7.5,9.5,9.5],"texture":"#texture"},"north":{"uv":[8,3.5,6,5],"texture":"#texture"},"south":{"uv":[6,3.5,8,5],"texture":"#texture"},"west":{"uv":[7.5,5.5,9.5,7],"texture":"#texture"},"east":{"uv":[0,2.5,2,4],"texture":"#texture"}}},{"from":[17,6.75,7.5],"to":[21.5,7.75,8.5],"faces":{"down":{"uv":[5.5,6.5,10,7],"texture":"#texture"},"up":{"uv":[5.5,6,10,6.5],"texture":"#texture"},"north":{"uv":[10,6,5.5,7],"texture":"#texture"},"south":{"uv":[5.5,6,10,7],"texture":"#texture"},"west":{"uv":[5,6.5,6,7.5],"texture":"#texture"},"east":{"uv":[5,5.5,6,6.5],"texture":"#texture"}}},{"from":[-0.5,-15.5,7.75],"to":[0,8,8.25],"faces":{"down":{"uv":[15.5,11.5,16,11],"texture":"#texture"},"up":{"uv":[15.5,11,16,11.5],"texture":"#texture"},"north":{"uv":[15.5,11,16,11.5],"rotation":90,"texture":"#texture"},"south":{"uv":[15.5,11.5,16,11],"rotation":90,"texture":"#texture"},"west":{"uv":[15.5,11,16,11.5],"rotation":90,"texture":"#texture"},"east":{"uv":[16,11,15.5,11.5],"rotation":90,"texture":"#texture"}}},{"from":[2.5,-12.5,8.25],"to":[3,28.5,8.75],"faces":{"down":{"uv":[15.5,11.5,16,11],"texture":"#texture"},"up":{"uv":[15.5,11,16,11.5],"texture":"#texture"},"north":{"uv":[15.5,11,16,11.5],"rotation":90,"texture":"#texture"},"south":{"uv":[15.5,11.5,16,11],"rotation":90,"texture":"#texture"},"west":{"uv":[15.5,11,16,11.5],"rotation":90,"texture":"#texture"},"east":{"uv":[16,11,15.5,11.5],"rotation":90,"texture":"#texture"}}},{"from":[1.5,28.5,8.25],"to":[3,30,8.75],"faces":{"down":{"uv":[11,13.5,12.5,14],"texture":"#texture"},"up":{"uv":[11,12.5,12.5,13],"texture":"#texture"},"north":{"uv":[11,12.5,12.5,14],"texture":"#texture"},"south":{"uv":[11,12.5,12.5,14],"texture":"#texture"},"west":{"uv":[11,12.5,11.5,14],"texture":"#texture"},"east":{"uv":[12,12.5,12.5,14],"texture":"#texture"}}},{"from":[1.5,-14,8.25],"to":[3,-12.5,8.75],"faces":{"down":{"uv":[11,13.5,12.5,14],"texture":"#texture"},"up":{"uv":[11,12.5,12.5,13],"texture":"#texture"},"north":{"uv":[11,12.5,12.5,14],"texture":"#texture"},"south":{"uv":[11,12.5,12.5,14],"texture":"#texture"},"west":{"uv":[11,12.5,11.5,14],"texture":"#texture"},"east":{"uv":[12,12.5,12.5,14],"texture":"#texture"}}},{"from":[0,8,7.5],"to":[14,8.5,8],"faces":{"down":{"uv":[2,9.5,16,10],"texture":"#texture"},"up":{"uv":[2,9.5,16,10],"texture":"#texture"},"north":{"uv":[16,9.5,2,10],"texture":"#texture"},"south":{"uv":[2,9.5,16,10],"texture":"#texture"},"west":{"uv":[2,9.5,2.5,10],"texture":"#texture"},"east":{"uv":[15.5,9.5,16,10],"texture":"#texture"}}},{"from":[14,8,7.5],"to":[28,8.5,8],"faces":{"down":{"uv":[2,10.5,16,11],"texture":"#texture"},"up":{"uv":[2,10.5,16,11],"texture":"#texture"},"north":{"uv":[16,10.5,2,11],"texture":"#texture"},"south":{"uv":[2,10.5,16,11],"texture":"#texture"},"west":{"uv":[2,10.5,2.5,11],"texture":"#texture"},"east":{"uv":[15.5,10.5,16,11],"texture":"#texture"}}},{"from":[0.5,7.5,7.75],"to":[4,9,7.8125],"faces":{"north":{"uv":[2.5,9,6,10.5],"texture":"#texture"},"south":{"uv":[2.5,9,6,10.5],"texture":"#texture"}}}],"display":{"thirdperson":{"rotation":[1,95,92],"translation":[0,1.4,-2],"scale":[0.7,0.7,0.7]},"firstperson":{"rotation":[-10,41,20],"translation":[-4,1.7,2],"scale":[1,1,1]}}}