{
    "__comment": "Model generated using MrCrayfish's Model Creator (http://mrcrayfish.com/modelcreator/)",
    "textures": {
        "0": "items/firedeagle"
    },
    "elements": [
        {
            "name": "Cube",
            "from": [ -0.5999999940395355, 5.0, 7.0 ], 
            "to": [ 4.4000000059604645, 8.0, 8.0 ], 
            "rotation": { "origin": [ 8.0, 8.0, 8.0 ], "axis": "z", "angle": -22.5 },
            "faces": {
                "north": { "texture": "#0", "uv": [ 0.0, 7.0, 3.0, 9.0 ] },
                "east": { "texture": "#0", "uv": [ 10.0, 10.0, 11.0, 14.0 ] },
                "south": { "texture": "#0", "uv": [ 0.0, 7.0, 3.0, 9.0 ] },
                "west": { "texture": "#0", "uv": [ 10.0, 11.0, 11.0, 14.0 ] },
                "up": { "texture": "#0", "uv": [ 0.0, 8.0, 5.0, 9.0 ] },
                "down": { "texture": "#0", "uv": [ 0.0, 8.0, 5.0, 9.0 ] }
            }
        },
        {
            "name": "Cube",
            "from": [ 0.0, 8.0, 7.0 ], 
            "to": [ 5.0, 10.0, 8.0 ], 
            "faces": {
                "north": { "texture": "#0", "uv": [ 1.0, 5.0, 4.0, 6.0 ] },
                "east": { "texture": "#0", "uv": [ 10.0, 10.0, 11.0, 14.0 ] },
                "south": { "texture": "#0", "uv": [ 1.0, 5.0, 4.0, 6.0 ] },
                "west": { "texture": "#0", "uv": [ 10.0, 11.0, 11.0, 14.0 ] },
                "up": { "texture": "#0", "uv": [ 0.0, 8.0, 5.0, 9.0 ] },
                "down": { "texture": "#0", "uv": [ 0.0, 8.0, 5.0, 9.0 ] }
            }
        },
        {
            "name": "Cube",
            "from": [ 0.0, 10.0, 7.0 ], 
            "to": [ 6.0, 12.0, 8.0 ], 
            "faces": {
                "north": { "texture": "#0", "uv": [ 1.0, 5.0, 4.0, 6.0 ] },
                "east": { "texture": "#0", "uv": [ 10.0, 10.0, 11.0, 14.0 ] },
                "south": { "texture": "#0", "uv": [ 1.0, 5.0, 4.0, 6.0 ] },
                "west": { "texture": "#0", "uv": [ 10.0, 11.0, 11.0, 14.0 ] },
                "up": { "texture": "#0", "uv": [ 0.0, 8.0, 3.0, 9.0 ] },
                "down": { "texture": "#0", "uv": [ 0.0, 8.0, 3.0, 9.0 ] }
            }
        },
        {
            "name": "Cube",
            "from": [ 6.0, 13.0, 7.0 ], 
            "to": [ 13.0, 14.0, 8.0 ], 
            "faces": {
                "north": { "texture": "#0", "uv": [ 5.999999999999993, 6.000000000000001, 7.0, 5.0 ] },
                "east": { "texture": "#0", "uv": [ 6.0, 5.0, 7.0, 6.0 ] },
                "south": { "texture": "#0", "uv": [ 6.0, 5.0, 7.0, 6.0 ] },
                "west": { "texture": "#0", "uv": [ 7.0, 5.0, 6.0, 6.0 ] },
                "up": { "texture": "#0", "uv": [ 6.0, 5.0, 7.0, 6.0 ] },
                "down": { "texture": "#0", "uv": [ 6.0, 5.0, 7.0, 6.0 ] }
            }
        },
        {
            "name": "Cube",
            "from": [ 9.0, 14.0, 7.0 ], 
            "to": [ 14.0, 15.0, 8.0 ], 
            "faces": {
                "north": { "texture": "#0", "uv": [ 5.999999999999993, 6.000000000000001, 7.0, 5.0 ] },
                "east": { "texture": "#0", "uv": [ 6.0, 5.0, 7.0, 6.0 ] },
                "south": { "texture": "#0", "uv": [ 6.0, 5.0, 7.0, 6.0 ] },
                "west": { "texture": "#0", "uv": [ 7.0, 5.0, 6.0, 6.0 ] },
                "up": { "texture": "#0", "uv": [ 6.0, 5.0, 7.0, 6.0 ] },
                "down": { "texture": "#0", "uv": [ 6.0, 5.0, 7.0, 6.0 ] }
            }
        },
        {
            "name": "Cube",
            "from": [ 10.0, 15.0, 7.0 ], 
            "to": [ 14.0, 16.0, 8.0 ], 
            "faces": {
                "north": { "texture": "#0", "uv": [ 5.999999999999993, 6.000000000000001, 7.0, 5.0 ] },
                "east": { "texture": "#0", "uv": [ 6.0, 5.0, 7.0, 6.0 ] },
                "south": { "texture": "#0", "uv": [ 6.0, 5.0, 7.0, 6.0 ] },
                "west": { "texture": "#0", "uv": [ 7.0, 5.0, 6.0, 6.0 ] },
                "up": { "texture": "#0", "uv": [ 6.0, 5.0, 7.0, 6.0 ] },
                "down": { "texture": "#0", "uv": [ 6.0, 5.0, 7.0, 6.0 ] }
            }
        },
        {
            "name": "Cube",
            "from": [ 9.0, 17.0, 7.0 ], 
            "to": [ 16.0, 18.0, 8.0 ], 
            "faces": {
                "north": { "texture": "#0", "uv": [ 5.999999999999993, 6.000000000000001, 7.0, 5.0 ] },
                "east": { "texture": "#0", "uv": [ 6.0, 5.0, 7.0, 6.0 ] },
                "south": { "texture": "#0", "uv": [ 6.0, 5.0, 7.0, 6.0 ] },
                "west": { "texture": "#0", "uv": [ 7.0, 5.0, 6.0, 6.0 ] },
                "up": { "texture": "#0", "uv": [ 6.0, 5.0, 7.0, 6.0 ] },
                "down": { "texture": "#0", "uv": [ 6.0, 5.0, 7.0, 6.0 ] }
            }
        },
        {
            "name": "Cube",
            "from": [ 10.0, 16.0, 7.0 ], 
            "to": [ 15.0, 17.0, 8.0 ], 
            "faces": {
                "north": { "texture": "#0", "uv": [ 5.999999999999993, 6.000000000000001, 7.0, 5.0 ] },
                "east": { "texture": "#0", "uv": [ 6.0, 5.0, 7.0, 6.0 ] },
                "south": { "texture": "#0", "uv": [ 6.0, 5.0, 7.0, 6.0 ] },
                "west": { "texture": "#0", "uv": [ 7.0, 5.0, 6.0, 6.0 ] },
                "up": { "texture": "#0", "uv": [ 6.0, 5.0, 7.0, 6.0 ] },
                "down": { "texture": "#0", "uv": [ 6.0, 5.0, 7.0, 6.0 ] }
            }
        },
        {
            "name": "Cube",
            "from": [ 1.0, 11.0, 7.0 ], 
            "to": [ 6.0, 13.0, 8.0 ], 
            "faces": {
                "north": { "texture": "#0", "uv": [ 1.0, 5.0, 4.0, 6.0 ] },
                "east": { "texture": "#0", "uv": [ 10.0, 10.0, 11.0, 14.0 ] },
                "south": { "texture": "#0", "uv": [ 1.0, 5.0, 4.0, 6.0 ] },
                "west": { "texture": "#0", "uv": [ 10.0, 11.0, 11.0, 14.0 ] },
                "up": { "texture": "#0", "uv": [ 0.0, 8.0, 3.0, 9.0 ] },
                "down": { "texture": "#0", "uv": [ 0.0, 8.0, 3.0, 9.0 ] }
            }
        },
        {
            "name": "Cube",
            "from": [ 0.0, 14.0, 7.0 ], 
            "to": [ 6.0, 16.0, 8.0 ], 
            "faces": {
                "north": { "texture": "#0", "uv": [ 1.0, 5.0, 4.0, 6.0 ] },
                "east": { "texture": "#0", "uv": [ 10.0, 10.0, 11.0, 14.0 ] },
                "south": { "texture": "#0", "uv": [ 1.0, 5.0, 4.0, 6.0 ] },
                "west": { "texture": "#0", "uv": [ 10.0, 11.0, 11.0, 14.0 ] },
                "up": { "texture": "#0", "uv": [ 0.0, 8.0, 3.0, 9.0 ] },
                "down": { "texture": "#0", "uv": [ 0.0, 8.0, 3.0, 9.0 ] }
            }
        },
        {
            "name": "Cube",
            "from": [ 1.0, 11.0, 7.0 ], 
            "to": [ 6.0, 13.0, 8.0 ], 
            "faces": {
                "north": { "texture": "#0", "uv": [ 1.0, 5.0, 4.0, 6.0 ] },
                "east": { "texture": "#0", "uv": [ 10.0, 10.0, 11.0, 14.0 ] },
                "south": { "texture": "#0", "uv": [ 1.0, 5.0, 4.0, 6.0 ] },
                "west": { "texture": "#0", "uv": [ 10.0, 11.0, 11.0, 14.0 ] },
                "up": { "texture": "#0", "uv": [ 0.0, 8.0, 3.0, 9.0 ] },
                "down": { "texture": "#0", "uv": [ 0.0, 8.0, 3.0, 9.0 ] }
            }
        },
        {
            "name": "Cube",
            "from": [ 1.0, 11.0, 7.0 ], 
            "to": [ 6.0, 13.0, 8.0 ], 
            "faces": {
                "north": { "texture": "#0", "uv": [ 1.0, 5.0, 4.0, 6.0 ] },
                "east": { "texture": "#0", "uv": [ 10.0, 10.0, 11.0, 14.0 ] },
                "south": { "texture": "#0", "uv": [ 1.0, 5.0, 4.0, 6.0 ] },
                "west": { "texture": "#0", "uv": [ 10.0, 11.0, 11.0, 14.0 ] },
                "up": { "texture": "#0", "uv": [ 0.0, 8.0, 3.0, 9.0 ] },
                "down": { "texture": "#0", "uv": [ 0.0, 8.0, 3.0, 9.0 ] }
            }
        },
        {
            "name": "Cube",
            "from": [ 0.0, 15.0, 7.0 ], 
            "to": [ 6.0, 17.0, 8.0 ], 
            "faces": {
                "north": { "texture": "#0", "uv": [ 1.0, 5.0, 4.0, 6.0 ] },
                "east": { "texture": "#0", "uv": [ 10.0, 10.0, 11.0, 14.0 ] },
                "south": { "texture": "#0", "uv": [ 1.0, 5.0, 4.0, 6.0 ] },
                "west": { "texture": "#0", "uv": [ 10.0, 11.0, 11.0, 14.0 ] },
                "up": { "texture": "#0", "uv": [ 0.0, 8.0, 3.0, 9.0 ] },
                "down": { "texture": "#0", "uv": [ 0.0, 8.0, 3.0, 9.0 ] }
            }
        },
        {
            "name": "Cube",
            "from": [ 0.0, 12.0, 7.0 ], 
            "to": [ 6.0, 14.0, 8.0 ], 
            "faces": {
                "north": { "texture": "#0", "uv": [ 1.0, 5.0, 4.0, 6.0 ] },
                "east": { "texture": "#0", "uv": [ 10.0, 10.0, 11.0, 14.0 ] },
                "south": { "texture": "#0", "uv": [ 1.0, 5.0, 4.0, 6.0 ] },
                "west": { "texture": "#0", "uv": [ 10.0, 11.0, 11.0, 14.0 ] },
                "up": { "texture": "#0", "uv": [ 0.0, 8.0, 3.0, 9.0 ] },
                "down": { "texture": "#0", "uv": [ 0.0, 8.0, 3.0, 9.0 ] }
            }
        },
        {
            "name": "Cube",
            "from": [ 1.0, 17.0, 6.0 ], 
            "to": [ 6.0, 20.0, 9.0 ], 
            "faces": {
                "north": { "texture": "#0", "uv": [ 4.0, 2.0, 7.0, 3.0 ] },
                "east": { "texture": "#0", "uv": [ 9.499999999999998, 8.499999999999998, 11.500000000000002, 10.500000000000002 ] },
                "south": { "texture": "#0", "uv": [ 3.0, 2.0, 6.0, 3.0 ] },
                "west": { "texture": "#0", "uv": [ 9.500000000000002, 6.499999999999998, 11.499999999999998, 8.500000000000002 ] },
                "up": { "texture": "#0", "uv": [ 3.0, 1.0, 6.0, 2.0 ] },
                "down": { "texture": "#0", "uv": [ 4.0, 1.0, 7.0, 2.0 ] }
            }
        },
        {
            "name": "Cube",
            "from": [ 1.1000000014901161, 18.0, 5.0 ], 
            "to": [ 21.100000001490116, 22.0, 10.0 ], 
            "faces": {
                "north": { "texture": "#0", "uv": [ 2.0, 1.0, 13.0, 3.0 ] },
                "east": { "texture": "#0", "uv": [ 9.499999999999998, 8.499999999999998, 11.500000000000002, 9.500000000000002 ] },
                "south": { "texture": "#0", "uv": [ 2.0, 1.0, 14.0, 3.0 ] },
                "west": { "texture": "#0", "uv": [ 9.500000000000002, 6.499999999999998, 11.499999999999998, 8.500000000000002 ] },
                "up": { "texture": "#0", "uv": [ 3.0, 1.0, 6.0, 2.0 ] },
                "down": { "texture": "#0", "uv": [ 4.0, 1.0, 7.0, 2.0 ] }
            }
        },
        {
            "name": "Cube",
            "from": [ 1.1000000014901161, 19.0, 6.0 ], 
            "to": [ 21.100000001490116, 23.0, 9.0 ], 
            "faces": {
                "north": { "texture": "#0", "uv": [ 2.0, 1.0, 13.0, 3.0 ] },
                "east": { "texture": "#0", "uv": [ 9.499999999999998, 8.499999999999998, 11.500000000000002, 9.500000000000002 ] },
                "south": { "texture": "#0", "uv": [ 2.0, 1.0, 14.0, 3.0 ] },
                "west": { "texture": "#0", "uv": [ 9.500000000000002, 6.499999999999998, 11.499999999999998, 8.500000000000002 ] },
                "up": { "texture": "#0", "uv": [ 3.0, 1.0, 6.0, 2.0 ] },
                "down": { "texture": "#0", "uv": [ 4.0, 1.0, 7.0, 2.0 ] }
            }
        },
        {
            "name": "Cube",
            "from": [ 18.100000001490116, 23.0, 6.0 ], 
            "to": [ 21.100000001490116, 24.0, 9.0 ], 
            "faces": {
                "north": { "texture": "#0", "uv": [ 12.0, 0.0, 14.0, 0.0 ] },
                "east": { "texture": "#0", "uv": [ 11.799999999999994, 0.40000000000000013, 11.700000000000005, 0.10000000000000236 ] },
                "south": { "texture": "#0", "uv": [ 12.0, 0.0, 14.0, 0.0 ] },
                "west": { "texture": "#0", "uv": [ 9.500000000000002, 6.499999999999998, 11.499999999999998, 8.500000000000002 ] },
                "up": { "texture": "#0", "uv": [ 3.0, 1.0, 6.0, 2.0 ] },
                "down": { "texture": "#0", "uv": [ 4.0, 1.0, 7.0, 2.0 ] }
            }
        }
    ],"display":{"thirdperson":{"rotation":[-1,-90,88],"translation":[0,3.6,0.2],"scale":[0.8,0.8,0.8]},"firstperson":{"rotation":[-9,33,0],"translation":[-1.5,1.8,2.7],"scale":[0.8,0.8,0.8]},"gui":{"rotation":[30,-45,45],"translation":[4.1,0.5,-0.2],"scale":[1,1,1]}}}