{
	"__comment": "Designed by Cryptic with Cubik Studio - https://cubik.studio",
	"textures": {
		"texture1": "items/trident"
	},
	"elements": [ 	 
		{
			"__comment": "Box1",
			"from": [ 7.4062, -9.5, 6.9688 ],
			"to": [ 8.9062, 16.5, 8.4688 ],
			"faces": {
				"down": { "uv": [ 5.5, 3, 7, 4 ], "texture": "#texture1", "rotation": 180 },
				"up": { "uv": [ 0, 0, 1, 16 ], "texture": "#texture1", "rotation": 180 },
				"north": { "uv": [ 0, 0, 1, 16 ], "texture": "#texture1", "rotation": 180 },
				"south": { "uv": [ 0, 0, 1, 16 ], "texture": "#texture1", "rotation": 180 },
				"west": { "uv": [ 0, 0, 1, 16 ], "texture": "#texture1", "rotation": 180 },
				"east": { "uv": [ 0, 0, 1, 16 ], "texture": "#texture1", "rotation": 180 }
			}
		},
		{
			"__comment": "Box2",
			"from": [ 7.5, -9.5, 5.875 ],
			"to": [ 9, -9, 6.875 ],
			"faces": {
				"down": { "uv": [ 5, 3, 7.5, 4 ], "texture": "#texture1", "rotation": 90 },
				"up": { "uv": [ 5, 3, 7.5, 4 ], "texture": "#texture1", "rotation": 90 },
				"north": { "uv": [ 6.5, 2, 9, 3 ], "texture": "#texture1" },
				"south": { "uv": [ 6.5, 2, 9, 3 ], "texture": "#texture1" },
				"west": { "uv": [ 6.5, 2, 9, 3 ], "texture": "#texture1" },
				"east": { "uv": [ 6.5, 2, 9, 3 ], "texture": "#texture1" }
			}
		},
		{
			"__comment": "Box3",
			"from": [ 6.5625, 15.5, 6.2188 ],
			"to": [ 10.0625, 19, 9.2188 ],
			"faces": {
				"down": { "uv": [ 12, 15.5, 15, 16 ], "texture": "#texture1" },
				"up": { "uv": [ 12, 12.5, 15, 13 ], "texture": "#texture1" },
				"north": { "uv": [ 12, 12.5, 15, 16 ], "texture": "#texture1" },
				"south": { "uv": [ 12, 12.5, 15, 16 ], "texture": "#texture1" },
				"west": { "uv": [ 12, 12.5, 15, 16 ], "texture": "#texture1" },
				"east": { "uv": [ 12, 12.5, 15, 16 ], "texture": "#texture1" }
			}
		},
		{
			"__comment": "Box4",
			"from": [ 7.0625, 16, 5.9688 ],
			"to": [ 9.5625, 18.5, 6.9688 ],
			"faces": {
				"down": { "uv": [ 12, 0, 14, 2.500001 ], "texture": "#texture1" },
				"up": { "uv": [ 12.5, 13, 14.5, 15.5 ], "texture": "#texture1" },
				"north": { "uv": [ 12, 5.5, 14, 8.000001 ], "texture": "#texture1" },
				"south": { "uv": [ 12, 5.5, 14, 8.000001 ], "texture": "#texture1" },
				"west": { "uv": [ 12, 5.5, 14, 8.000001 ], "texture": "#texture1" },
				"east": { "uv": [ 12, 5.5, 14, 8.000001 ], "texture": "#texture1" }
			}
		},
		{
			"__comment": "Box5",
			"from": [ 9.2188, 16.6562, 6.875 ],
			"to": [ 15.7188, 18.6562, 8.875 ],
			"rotation": { "origin": [ 9.21875, 16.65625, 6.875 ], "axis": "z", "angle": 45 },
			"faces": {
				"down": { "uv": [ 14.5, 13, 13, 8.5 ], "texture": "#texture1", "rotation": 270 },
				"up": { "uv": [ 14.5, 13, 13, 8.5 ], "texture": "#texture1", "rotation": 270 },
				"north": { "uv": [ 14.5, 13, 13, 8.5 ], "texture": "#texture1", "rotation": 90 },
				"south": { "uv": [ 14.5, 13, 13, 8.5 ], "texture": "#texture1", "rotation": 90 },
				"west": { "uv": [ 14.5, 13, 13, 8.5 ], "texture": "#texture1", "rotation": 90 },
				"east": { "uv": [ 14.5, 13, 13, 8.5 ], "texture": "#texture1", "rotation": 90 }
			}
		},
		{
			"__comment": "Box5",
			"from": [ 2.4375, 16.25, 6.875 ],
			"to": [ 8.4375, 18.25, 8.875 ],
			"rotation": { "origin": [ 8.4375, 18.25, 6.875 ], "axis": "z", "angle": -45 },
			"faces": {
				"down": { "uv": [ 14.5, 13, 13, 8.5 ], "texture": "#texture1", "rotation": 270 },
				"up": { "uv": [ 14.5, 13, 13, 8.5 ], "texture": "#texture1", "rotation": 90 },
				"north": { "uv": [ 14.5, 13, 13, 8.5 ], "texture": "#texture1", "rotation": 270 },
				"south": { "uv": [ 14.5, 13, 13, 8.5 ], "texture": "#texture1", "rotation": 270 },
				"west": { "uv": [ 14.5, 13, 13, 8.5 ], "texture": "#texture1", "rotation": 270 },
				"east": { "uv": [ 14.5, 13, 13, 8.5 ], "texture": "#texture1", "rotation": 270 }
			}
		},
		{
			"__comment": "Box5",
			"from": [ 7.1875, 18.375, 6.875 ],
			"to": [ 9.1875, 24.375, 8.875 ],
			"faces": {
				"down": { "uv": [ 14.5, 12, 13, 7.5 ], "texture": "#texture1", "rotation": 180 },
				"up": { "uv": [ 14.5, 12, 13, 7.5 ], "texture": "#texture1", "rotation": 180 },
				"north": { "uv": [ 14.5, 12, 13, 7.5 ], "texture": "#texture1", "rotation": 180 },
				"south": { "uv": [ 14.5, 12, 13, 7.5 ], "texture": "#texture1", "rotation": 180 },
				"west": { "uv": [ 14.5, 12, 13, 7.5 ], "texture": "#texture1", "rotation": 180 },
				"east": { "uv": [ 14.5, 12, 13, 7.5 ], "texture": "#texture1", "rotation": 180 }
			}
		},
		{
			"__comment": "Box8",
			"from": [ 2.8125, 21.125, 7.125 ],
			"to": [ 4.3125, 26.625, 8.625 ],
			"faces": {
				"down": { "uv": [ 15, 9, 13.5, 8 ], "texture": "#texture1", "rotation": 180 },
				"up": { "uv": [ 15, 5, 13.5, 4.5 ], "texture": "#texture1", "rotation": 180 },
				"north": { "uv": [ 14.5, 8.5, 13, 4 ], "texture": "#texture1", "rotation": 180 },
				"south": { "uv": [ 14.5, 8.5, 13, 4 ], "texture": "#texture1", "rotation": 180 },
				"west": { "uv": [ 14.5, 8.5, 13, 4 ], "texture": "#texture1", "rotation": 180 },
				"east": { "uv": [ 14.5, 8.5, 13, 4 ], "texture": "#texture1", "rotation": 180 }
			}
		},
		{
			"__comment": "Box8",
			"from": [ 7.4375, 22.375, 7.125 ],
			"to": [ 8.9375, 27.875, 8.625 ],
			"faces": {
				"down": { "uv": [ 14.5, 8.5, 13, 4 ], "texture": "#texture1", "rotation": 180 },
				"up": { "uv": [ 14.5, 8.5, 13, 4 ], "texture": "#texture1", "rotation": 180 },
				"north": { "uv": [ 14.5, 8.5, 13, 4 ], "texture": "#texture1", "rotation": 180 },
				"south": { "uv": [ 14.5, 8.5, 13, 4 ], "texture": "#texture1", "rotation": 180 },
				"west": { "uv": [ 14.5, 8.5, 13, 4 ], "texture": "#texture1", "rotation": 180 },
				"east": { "uv": [ 14.5, 8.5, 13, 4 ], "texture": "#texture1", "rotation": 180 }
			}
		},
		{
			"__comment": "Box8",
			"from": [ 12.3125, 21.25, 7.125 ],
			"to": [ 13.8125, 26.75, 8.625 ],
			"faces": {
				"down": { "uv": [ 14.5, 8.5, 13, 4 ], "texture": "#texture1", "rotation": 270 },
				"up": { "uv": [ 14.5, 8.5, 13, 4 ], "texture": "#texture1", "rotation": 270 },
				"north": { "uv": [ 14.5, 8.5, 13, 4 ], "texture": "#texture1", "rotation": 180 },
				"south": { "uv": [ 14.5, 8.5, 13, 4 ], "texture": "#texture1", "rotation": 180 },
				"west": { "uv": [ 14.5, 8.5, 13, 4 ], "texture": "#texture1", "rotation": 180 },
				"east": { "uv": [ 14.5, 8.5, 13, 4 ], "texture": "#texture1", "rotation": 180 }
			}
		},
		{
			"__comment": "Box11",
			"from": [ 7.6875, 27.625, 7.375 ],
			"to": [ 8.6875, 29.125, 8.375 ],
			"faces": {
				"down": { "uv": [ 14.5, 3, 13, 0 ], "texture": "#texture1", "rotation": 180 },
				"up": { "uv": [ 14.5, 3, 13, 0 ], "texture": "#texture1", "rotation": 180 },
				"north": { "uv": [ 14.5, 3, 13, 0 ], "texture": "#texture1", "rotation": 180 },
				"south": { "uv": [ 14.5, 3, 13, 0 ], "texture": "#texture1", "rotation": 180 },
				"west": { "uv": [ 14.5, 3, 13, 0 ], "texture": "#texture1", "rotation": 180 },
				"east": { "uv": [ 14.5, 3, 13, 0 ], "texture": "#texture1", "rotation": 180 }
			}
		},
		{
			"__comment": "Box11",
			"from": [ 3.0625, 26.375, 7.375 ],
			"to": [ 4.0625, 27.875, 8.375 ],
			"faces": {
				"down": { "uv": [ 14.5, 3, 13, 0 ], "texture": "#texture1", "rotation": 180 },
				"up": { "uv": [ 14.5, 3, 13, 0 ], "texture": "#texture1", "rotation": 180 },
				"north": { "uv": [ 14.5, 3, 13, 0 ], "texture": "#texture1", "rotation": 180 },
				"south": { "uv": [ 14.5, 3, 13, 0 ], "texture": "#texture1", "rotation": 180 },
				"west": { "uv": [ 14.5, 3, 13, 0 ], "texture": "#texture1", "rotation": 180 },
				"east": { "uv": [ 14.5, 3, 13, 0 ], "texture": "#texture1", "rotation": 180 }
			}
		},
		{
			"__comment": "Box11",
			"from": [ 12.5625, 26.375, 7.375 ],
			"to": [ 13.5625, 27.875, 8.375 ],
			"faces": {
				"down": { "uv": [ 14.5, 4.5, 13, 0 ], "texture": "#texture1", "rotation": 180 },
				"up": { "uv": [ 14.5, 4.5, 13, 0 ], "texture": "#texture1", "rotation": 180 },
				"north": { "uv": [ 14.5, 3, 13, 0 ], "texture": "#texture1", "rotation": 180 },
				"south": { "uv": [ 14.5, 3, 13, 0 ], "texture": "#texture1", "rotation": 180 },
				"west": { "uv": [ 14.5, 3, 13, 0 ], "texture": "#texture1", "rotation": 180 },
				"east": { "uv": [ 14.5, 3, 13, 0 ], "texture": "#texture1", "rotation": 180 }
			}
		},
		{
			"__comment": "Box19",
			"from": [ 7.1875, -9.5, 7.125 ],
			"to": [ 9.1875, 16.5, 8.325 ],
			"faces": {
				"down": { "uv": [ 5.5, 3, 7, 4 ], "texture": "#texture1", "rotation": 180 },
				"up": { "uv": [ 0, 0, 1, 16 ], "texture": "#texture1", "rotation": 180 },
				"north": { "uv": [ 0, 0, 1, 16 ], "texture": "#texture1", "rotation": 180 },
				"south": { "uv": [ 0, 0, 1, 16 ], "texture": "#texture1", "rotation": 180 },
				"west": { "uv": [ 0, 0, 1, 16 ], "texture": "#texture1", "rotation": 180 },
				"east": { "uv": [ 0, 0, 1, 16 ], "texture": "#texture1", "rotation": 180 }
			}
		},
		{
			"__comment": "Box19",
			"from": [ 7.6563, -9.5, 6.7187 ],
			"to": [ 8.6563, 16.5, 8.7187 ],
			"faces": {
				"down": { "uv": [ 5.5, 3, 7, 4 ], "texture": "#texture1", "rotation": 180 },
				"up": { "uv": [ 0, 0, 1, 16 ], "texture": "#texture1", "rotation": 180 },
				"north": { "uv": [ 0, 0, 1, 16 ], "texture": "#texture1", "rotation": 180 },
				"south": { "uv": [ 0, 0, 1, 16 ], "texture": "#texture1", "rotation": 180 },
				"west": { "uv": [ 0, 0, 1, 16 ], "texture": "#texture1", "rotation": 180 },
				"east": { "uv": [ 0, 0, 1, 16 ], "texture": "#texture1", "rotation": 180 }
			}
		},
		{
			"__comment": "Box2",
			"from": [ 9, -9.5, 5.875 ],
			"to": [ 10.5, -9, 6.875 ],
			"rotation": { "origin": [ 9, -9.5, 5.875 ], "axis": "y", "angle": -45 },
			"faces": {
				"down": { "uv": [ 5, 3, 7.5, 4 ], "texture": "#texture1", "rotation": 90 },
				"up": { "uv": [ 5, 3, 7.5, 4 ], "texture": "#texture1", "rotation": 90 },
				"north": { "uv": [ 6.5, 2, 9, 3 ], "texture": "#texture1" },
				"south": { "uv": [ 6.5, 2, 9, 3 ], "texture": "#texture1" },
				"west": { "uv": [ 6.5, 2, 9, 3 ], "texture": "#texture1" },
				"east": { "uv": [ 6.5, 2, 9, 3 ], "texture": "#texture1" }
			}
		},
		{
			"__comment": "Box2",
			"from": [ 9.0625, -9.5, 6.9375 ],
			"to": [ 10.0625, -9, 8.4375 ],
			"faces": {
				"down": { "uv": [ 5, 3, 7.5, 4 ], "texture": "#texture1", "rotation": 90 },
				"up": { "uv": [ 5, 3, 7.5, 4 ], "texture": "#texture1", "rotation": 90 },
				"north": { "uv": [ 6.5, 2, 9, 3 ], "texture": "#texture1" },
				"south": { "uv": [ 6.5, 2, 9, 3 ], "texture": "#texture1" },
				"west": { "uv": [ 6.5, 2, 9, 3 ], "texture": "#texture1" },
				"east": { "uv": [ 6.5, 2, 9, 3 ], "texture": "#texture1" }
			}
		},
		{
			"__comment": "Box2",
			"from": [ 8.5625, -9.5, 7.4375 ],
			"to": [ 10.0625, -9, 8.4375 ],
			"rotation": { "origin": [ 10.0625, -9.5, 8.4375 ], "axis": "y", "angle": 45 },
			"faces": {
				"down": { "uv": [ 5, 3, 7.5, 4 ], "texture": "#texture1", "rotation": 90 },
				"up": { "uv": [ 5, 3, 7.5, 4 ], "texture": "#texture1", "rotation": 90 },
				"north": { "uv": [ 6.5, 2, 9, 3 ], "texture": "#texture1" },
				"south": { "uv": [ 6.5, 2, 9, 3 ], "texture": "#texture1" },
				"west": { "uv": [ 6.5, 2, 9, 3 ], "texture": "#texture1" },
				"east": { "uv": [ 6.5, 2, 9, 3 ], "texture": "#texture1" }
			}
		},
		{
			"__comment": "Box2",
			"from": [ 7.5, -9.5, 8.4999 ],
			"to": [ 9, -9, 9.4999 ],
			"faces": {
				"down": { "uv": [ 5, 3, 7.5, 4 ], "texture": "#texture1", "rotation": 90 },
				"up": { "uv": [ 5, 3, 7.5, 4 ], "texture": "#texture1", "rotation": 90 },
				"north": { "uv": [ 5, 4, 7.5, 5 ], "texture": "#texture1", "rotation": 90 },
				"south": { "uv": [ 6.5, 2, 9, 3 ], "texture": "#texture1" },
				"west": { "uv": [ 6.5, 2, 9, 3 ], "texture": "#texture1" },
				"east": { "uv": [ 6.5, 2, 9, 3 ], "texture": "#texture1" }
			}
		},
		{
			"__comment": "Box2",
			"from": [ 6, -9.5, 8.4999 ],
			"to": [ 7.5, -9, 9.4999 ],
			"rotation": { "origin": [ 7.5, -9.5, 9.5 ], "axis": "y", "angle": -45 },
			"faces": {
				"down": { "uv": [ 5, 3, 7.5, 4 ], "texture": "#texture1", "rotation": 90 },
				"up": { "uv": [ 5, 3, 7.5, 4 ], "texture": "#texture1", "rotation": 90 },
				"north": { "uv": [ 6.5, 2, 9, 3 ], "texture": "#texture1" },
				"south": { "uv": [ 6.5, 2, 9, 3 ], "texture": "#texture1" },
				"west": { "uv": [ 6.5, 2, 9, 3 ], "texture": "#texture1" },
				"east": { "uv": [ 6.5, 2, 9, 3 ], "texture": "#texture1" }
			}
		},
		{
			"__comment": "Box2",
			"from": [ 6.4376, -9.5, 6.9375 ],
			"to": [ 7.4376, -9, 8.4375 ],
			"faces": {
				"down": { "uv": [ 5, 3, 7.5, 4 ], "texture": "#texture1", "rotation": 90 },
				"up": { "uv": [ 5, 3, 7.5, 4 ], "texture": "#texture1", "rotation": 90 },
				"north": { "uv": [ 6.5, 2, 9, 3 ], "texture": "#texture1" },
				"south": { "uv": [ 6.5, 2, 9, 3 ], "texture": "#texture1" },
				"west": { "uv": [ 6.5, 2, 9, 3 ], "texture": "#texture1" },
				"east": { "uv": [ 6.5, 2, 9, 3 ], "texture": "#texture1" }
			}
		},
		{
			"__comment": "Box2",
			"from": [ 6.4376, -9.5, 5.4375 ],
			"to": [ 7.4376, -9, 6.9375 ],
			"rotation": { "origin": [ 6.4375, -9.5, 6.9375 ], "axis": "y", "angle": -45 },
			"faces": {
				"down": { "uv": [ 5, 3, 7.5, 4 ], "texture": "#texture1", "rotation": 90 },
				"up": { "uv": [ 5, 3, 7.5, 4 ], "texture": "#texture1", "rotation": 90 },
				"north": { "uv": [ 6.5, 2, 9, 3 ], "texture": "#texture1" },
				"south": { "uv": [ 6.5, 2, 9, 3 ], "texture": "#texture1" },
				"west": { "uv": [ 6.5, 2, 9, 3 ], "texture": "#texture1" },
				"east": { "uv": [ 6.5, 2, 9, 3 ], "texture": "#texture1" }
			}
		},
		{
			"__comment": "Box23",
			"from": [ 7, -9.5, 6.6875 ],
			"to": [ 9.5, -9, 8.6875 ],
			"faces": {
				"down": { "uv": [ 5, 3, 7.5, 4 ], "texture": "#texture1", "rotation": 90 },
				"up": { "uv": [ 5, 3, 7.5, 4 ], "texture": "#texture1", "rotation": 90 },
				"north": { "uv": [ 6.0625, 15, 8.5625, 15.5 ], "texture": "#texture1" },
				"south": { "uv": [ 7.4375, 15, 9.9375, 15.5 ], "texture": "#texture1" },
				"west": { "uv": [ 6.75, 15, 8.75, 15.5 ], "texture": "#texture1" },
				"east": { "uv": [ 7.25, 15, 9.25, 15.5 ], "texture": "#texture1" }
			}
		},
		{
			"__comment": "Box4",
			"from": [ 7.0625, 16, 8.5 ],
			"to": [ 9.5625, 18.5, 9.5 ],
			"faces": {
				"down": { "uv": [ 12, 5.5, 14, 8.000001 ], "texture": "#texture1" },
				"up": { "uv": [ 12, 5.5, 14, 8.000001 ], "texture": "#texture1" },
				"north": { "uv": [ 12, 5.5, 14, 8.000001 ], "texture": "#texture1" },
				"south": { "uv": [ 12, 5.5, 14, 8.000001 ], "texture": "#texture1" },
				"west": { "uv": [ 12, 5.5, 14, 8.000001 ], "texture": "#texture1" },
				"east": { "uv": [ 12, 5.5, 14, 8.000001 ], "texture": "#texture1" }
			}
		}
	],
"display": {
    "thirdperson": {
        "rotation": [ 0, 90, -103 ],
        "translation": [ 0, 0.4, -2.4 ],
        "scale": [ 1,1, 1 ]
    },
    "firstperson": {
        "rotation": [ 0, -106, 17 ],
        "translation": [ 0, 4.4, 0 ],
        "scale": [ 1.23, 1.23, 1.23 ]
    },
    "gui": {
        "rotation": [ 0, -41, 31 ],
        "translation": [ 0, 0, 0 ],
        "scale": [ 0.66, 0.66, 0.66 ]
    }
}
}