{
"__comment": "Designed by P0ke with BDcraft Cubik PRO 0.95 Beta - http://bdcraft.net",

"textures": {
    "west": "items/Blaster_Side",
    "east": "items/Blaster_Side2",
    "up": "items/Blaster_Front",
    "down": "items/Blaster_Back",
	"north": "items/Blaster_Top",
	"south": "items/Blaster_Bottom"
},

"elements": [ 
{
    "__comment": "Blaster",
    "from": [ 6.5, 9.5, 7.5 ],
    "to": [ 9.5, 13.25, 8 ],
    "faces": {
        "down":  { "uv": [ 9.5, 8, 6.5, 7.5 ], "texture": "#down" },
        "up":    { "uv": [ 6.5, 7.5, 9.5, 8 ], "texture": "#up" },
        "north": { "uv": [ 6.5, 2.75, 9.5, 6.5 ], "texture": "#north" },
        "south": { "uv": [ 6.5, 2.75, 9.5, 6.5 ], "texture": "#south" },
        "west":  { "uv": [ 7.5, 2.75, 8, 6.5 ], "texture": "#west" },
        "east":  { "uv": [ 8, 2.75, 8.5, 6.5 ], "texture": "#east" }
    }
},
{
    "__comment": "Blaster",
    "from": [ 6.75, 9.5, 3.75 ],
    "to": [ 9.25, 14.5, 5.25 ],
    "faces": {
        "down":  { "uv": [ 9.25, 5.25, 6.75, 3.75 ], "texture": "#down" },
        "up":    { "uv": [ 6.75, 3.75, 9.25, 5.25 ], "texture": "#up" },
        "north": { "uv": [ 6.75, 1.5, 9.25, 6.5 ], "texture": "#north" },
        "south": { "uv": [ 6.75, 1.5, 9.25, 6.5 ], "texture": "#south" },
        "west":  { "uv": [ 3.75, 1.5, 5.25, 6.5 ], "texture": "#west" },
        "east":  { "uv": [ 10.75, 1.5, 12.25, 6.5 ], "texture": "#east" }
    }
},
{
    "__comment": "Blaster",
    "from": [ 6.75, 2.5, 4 ],
    "to": [ 9.25, 6.25, 5.75 ],
    "faces": {
        "down":  { "uv": [ 9.25, 5.75, 6.75, 4 ], "texture": "#down" },
        "up":    { "uv": [ 6.75, 4, 9.25, 5.75 ], "texture": "#up" },
        "north": { "uv": [ 6.75, 9.75, 9.25, 13.5 ], "texture": "#north" },
        "south": { "uv": [ 6.75, 9.75, 9.25, 13.5 ], "texture": "#south" },
        "west":  { "uv": [ 4, 9.75, 5.75, 13.5 ], "texture": "#west" },
        "east":  { "uv": [ 10.25, 9.75, 12, 13.5 ], "texture": "#east" }
    }
},
{
    "__comment": "Blaster",
    "from": [ 6.75, 7.75, 4 ],
    "to": [ 9.25, 9.5, 5 ],
    "faces": {
        "down":  { "uv": [ 9.25, 5, 6.75, 4 ], "texture": "#down" },
        "north": { "uv": [ 6.75, 6.5, 9.25, 8.25 ], "texture": "#north" },
        "south": { "uv": [ 6.75, 6.5, 9.25, 8.25 ], "texture": "#south" },
        "west":  { "uv": [ 4, 6.5, 5, 8.25 ], "texture": "#west" },
        "east":  { "uv": [ 11, 6.5, 12, 8.25 ], "texture": "#east" }
    }
},
{
    "__comment": "Blaster",
    "from": [ 6.75, 14.5, 4 ],
    "to": [ 7.25, 16, 5 ],
    "faces": {
        "up":    { "uv": [ 6.75, 4, 7.25, 5 ], "texture": "#up" },
        "north": { "uv": [ 8.75, 0, 9.25, 1.5 ], "texture": "#north" },
        "south": { "uv": [ 6.75, 0, 7.25, 1.5 ], "texture": "#south" },
        "west":  { "uv": [ 4, 0, 5, 1.5 ], "texture": "#west" },
        "east":  { "uv": [ 11, 0, 12, 1.5 ], "texture": "#east" }
    }
},
{
    "__comment": "Blaster",
    "from": [ 6.75, 2.25, 4.25 ],
    "to": [ 9.25, 2.5, 5.75 ],
    "faces": {
        "down":  { "uv": [ 9.25, 5.75, 6.75, 4.25 ], "texture": "#down" },
        "north": { "uv": [ 6.75, 13.5, 9.25, 13.75 ], "texture": "#north" },
        "south": { "uv": [ 6.75, 13.5, 9.25, 13.75 ], "texture": "#south" },
        "west":  { "uv": [ 4.25, 13.5, 5.75, 13.75 ], "texture": "#west" },
        "east":  { "uv": [ 10.25, 13.5, 11.75, 13.75 ], "texture": "#east" }
    }
},
{
    "__comment": "Blaster",
    "from": [ 6.75, 6.25, 4.25 ],
    "to": [ 9, 6.5, 5.75 ],
    "faces": {
        "up":    { "uv": [ 6.75, 4.25, 9, 5.75 ], "texture": "#up" },
        "north": { "uv": [ 7, 9.5, 9.25, 9.75 ], "texture": "#north" },
        "south": { "uv": [ 6.75, 9.5, 9, 9.75 ], "texture": "#south" },
        "west":  { "uv": [ 4.25, 9.5, 5.75, 9.75 ], "texture": "#west" },
        "east":  { "uv": [ 10.25, 9.5, 11.75, 9.75 ], "texture": "#east" }
    }
},
{
    "__comment": "Blaster",
    "from": [ 6.75, 2.75, 5.75 ],
    "to": [ 9.25, 6, 6 ],
    "faces": {
        "down":  { "uv": [ 9.25, 6, 6.75, 5.75 ], "texture": "#down" },
        "up":    { "uv": [ 6.75, 5.75, 9.25, 6 ], "texture": "#up" },
        "south": { "uv": [ 6.75, 10, 9.25, 13.25 ], "texture": "#south" },
        "west":  { "uv": [ 5.75, 10, 6, 13.25 ], "texture": "#west" },
        "east":  { "uv": [ 10, 10, 10.25, 13.25 ], "texture": "#east" }
    }
},
{
    "__comment": "Blaster",
    "from": [ 6.75, 3, 6 ],
    "to": [ 9.25, 3.25, 12 ],
    "faces": {
        "down":  { "uv": [ 9.25, 12, 6.75, 6 ], "texture": "#down" },
        "up":    { "uv": [ 6.75, 6, 9.25, 12 ], "texture": "#up" },
        "south": { "uv": [ 6.75, 12.75, 9.25, 13 ], "texture": "#south" },
        "west":  { "uv": [ 6, 12.75, 12, 13 ], "texture": "#west" },
        "east":  { "uv": [ 4, 12.75, 10, 13 ], "texture": "#east" }
    }
},
{
    "__comment": "Blaster",
    "from": [ 6.75, 3.25, 6 ],
    "to": [ 9.25, 3.5, 11.75 ],
    "faces": {
        "up":    { "uv": [ 6.75, 6, 9.25, 11.75 ], "texture": "#up" },
        "south": { "uv": [ 6.75, 12.5, 9.25, 12.75 ], "texture": "#south" },
        "west":  { "uv": [ 6, 12.5, 11.75, 12.75 ], "texture": "#west" },
        "east":  { "uv": [ 4.25, 12.5, 10, 12.75 ], "texture": "#east" }
    }
},
{
    "__comment": "Blaster",
    "from": [ 6.75, 3.5, 6 ],
    "to": [ 9.25, 3.75, 11 ],
    "faces": {
        "up":    { "uv": [ 6.75, 6, 9.25, 11 ], "texture": "#up" },
        "south": { "uv": [ 6.75, 12.25, 9.25, 12.5 ], "texture": "#south" },
        "west":  { "uv": [ 6, 12.25, 11, 12.5 ], "texture": "#west" },
        "east":  { "uv": [ 5, 12.25, 10, 12.5 ], "texture": "#east" }
    }
},
{
    "__comment": "Blaster",
    "from": [ 6.75, 3.75, 6 ],
    "to": [ 9.25, 4, 9 ],
    "faces": {
        "up":    { "uv": [ 6.75, 6, 9.25, 9 ], "texture": "#up" },
        "south": { "uv": [ 6.75, 12, 9.25, 12.25 ], "texture": "#south" },
        "west":  { "uv": [ 6, 12, 9, 12.25 ], "texture": "#west" },
        "east":  { "uv": [ 7, 12, 10, 12.25 ], "texture": "#east" }
    }
},
{
    "__comment": "Blaster",
    "from": [ 6.75, 4, 6 ],
    "to": [ 9.25, 4.25, 8.5 ],
    "faces": {
        "up":    { "uv": [ 6.75, 6, 9.25, 8.5 ], "texture": "#up" },
        "south": { "uv": [ 6.75, 11.75, 9.25, 12 ], "texture": "#south" },
        "west":  { "uv": [ 6, 11.75, 8.5, 12 ], "texture": "#west" },
        "east":  { "uv": [ 7.5, 11.75, 10, 12 ], "texture": "#east" }
    }
},
{
    "__comment": "Blaster",
    "from": [ 6.75, 4.25, 6 ],
    "to": [ 9.25, 4.5, 8.25 ],
    "faces": {
        "up":    { "uv": [ 6.75, 6, 9.25, 8.25 ], "texture": "#up" },
        "south": { "uv": [ 6.75, 11.5, 9.25, 11.75 ], "texture": "#south" },
        "west":  { "uv": [ 6, 11.5, 8.25, 11.75 ], "texture": "#west" },
        "east":  { "uv": [ 7.75, 11.5, 10, 11.75 ], "texture": "#east" }
    }
},
{
    "__comment": "Blaster",
    "from": [ 6.75, 4.5, 6 ],
    "to": [ 9.25, 5, 8 ],
    "faces": {
        "up":    { "uv": [ 6.75, 6, 9.25, 8 ], "texture": "#up" },
        "south": { "uv": [ 6.75, 11, 9.25, 11.5 ], "texture": "#south" },
        "west":  { "uv": [ 6, 11, 8, 11.5 ], "texture": "#west" },
        "east":  { "uv": [ 8, 11, 10, 11.5 ], "texture": "#east" }
    }
},
{
    "__comment": "Blaster",
    "from": [ 6.75, 5, 6 ],
    "to": [ 9.25, 5.75, 6.25 ],
    "faces": {
        "up":    { "uv": [ 6.75, 6, 9.25, 6.25 ], "texture": "#up" },
        "south": { "uv": [ 6.75, 10.25, 9.25, 11 ], "texture": "#south" },
        "west":  { "uv": [ 6, 10.25, 6.25, 11 ], "texture": "#west" },
        "east":  { "uv": [ 9.75, 10.25, 10, 11 ], "texture": "#east" }
    }
},
{
    "__comment": "Blaster",
    "from": [ 6.75, 2.75, 6.25 ],
    "to": [ 9.25, 3, 12 ],
    "faces": {
        "down":  { "uv": [ 9.25, 12, 6.75, 6.25 ], "texture": "#down" },
        "north": { "uv": [ 6.75, 13, 9.25, 13.25 ], "texture": "#north" },
        "south": { "uv": [ 6.75, 13, 9.25, 13.25 ], "texture": "#south" },
        "west":  { "uv": [ 6.25, 13, 12, 13.25 ], "texture": "#west" },
        "east":  { "uv": [ 4, 13, 9.75, 13.25 ], "texture": "#east" }
    }
},
{
    "__comment": "Blaster",
    "from": [ 6.75, 5, 6.5 ],
    "to": [ 9.25, 5.25, 7.75 ],
    "faces": {
        "up":    { "uv": [ 6.75, 6.5, 9.25, 7.75 ], "texture": "#up" },
        "north": { "uv": [ 6.75, 10.75, 9.25, 11 ], "texture": "#north" },
        "south": { "uv": [ 6.75, 10.75, 9.25, 11 ], "texture": "#south" },
        "west":  { "uv": [ 6.5, 10.75, 7.75, 11 ], "texture": "#west" },
        "east":  { "uv": [ 8.25, 10.75, 9.5, 11 ], "texture": "#east" }
    }
},
{
    "__comment": "Blaster",
    "from": [ 6.75, 2.5, 6.75 ],
    "to": [ 9.25, 2.75, 12.25 ],
    "faces": {
        "down":  { "uv": [ 9.25, 12.25, 6.75, 6.75 ], "texture": "#down" },
        "up":    { "uv": [ 6.75, 6.75, 9.25, 12.25 ], "texture": "#up" },
        "north": { "uv": [ 6.75, 13.25, 9.25, 13.5 ], "texture": "#north" },
        "south": { "uv": [ 6.75, 13.25, 9.25, 13.5 ], "texture": "#south" },
        "west":  { "uv": [ 6.75, 13.25, 12.25, 13.5 ], "texture": "#west" },
        "east":  { "uv": [ 3.75, 13.25, 9.25, 13.5 ], "texture": "#east" }
    }
},
{
    "__comment": "Blaster",
    "from": [ 6.75, 9, 7 ],
    "to": [ 9.25, 9.25, 8.25 ],
    "faces": {
        "down":  { "uv": [ 9.25, 8.25, 6.75, 7 ], "texture": "#down" },
        "up":    { "uv": [ 6.75, 7, 9.25, 8.25 ], "texture": "#up" },
        "north": { "uv": [ 6.75, 6.75, 9.25, 7 ], "texture": "#north" },
        "south": { "uv": [ 6.75, 6.75, 9.25, 7 ], "texture": "#south" },
        "west":  { "uv": [ 7, 6.75, 8.25, 7 ], "texture": "#west" },
        "east":  { "uv": [ 7.75, 6.75, 9, 7 ], "texture": "#east" }
    }
},
{
    "__comment": "Blaster",
    "from": [ 6.75, 9.5, 7 ],
    "to": [ 9.25, 13.25, 7.5 ],
    "faces": {
        "down":  { "uv": [ 9.25, 7.5, 6.75, 7 ], "texture": "#down" },
        "up":    { "uv": [ 6.75, 7, 9.25, 7.5 ], "texture": "#up" },
        "north": { "uv": [ 6.75, 2.75, 9.25, 6.5 ], "texture": "#north" },
        "west":  { "uv": [ 7, 2.75, 7.5, 6.5 ], "texture": "#west" },
        "east":  { "uv": [ 8.5, 2.75, 9, 6.5 ], "texture": "#east" }
    }
},
{
    "__comment": "Blaster",
    "from": [ 6.75, 8.75, 7.25 ],
    "to": [ 9.25, 9, 7.75 ],
    "faces": {
        "down":  { "uv": [ 9.25, 7.75, 6.75, 7.25 ], "texture": "#down" },
        "north": { "uv": [ 6.75, 7, 9.25, 7.25 ], "texture": "#north" },
        "south": { "uv": [ 6.75, 7, 9.25, 7.25 ], "texture": "#south" },
        "west":  { "uv": [ 7.25, 7, 7.75, 7.25 ], "texture": "#west" },
        "east":  { "uv": [ 8.25, 7, 8.75, 7.25 ], "texture": "#east" }
    }
},
{
    "__comment": "Blaster",
    "from": [ 6.75, 9.25, 7.25 ],
    "to": [ 9.25, 9.5, 8.5 ],
    "faces": {
        "down":  { "uv": [ 9.25, 8.5, 6.75, 7.25 ], "texture": "#down" },
        "up":    { "uv": [ 6.75, 7.25, 9.25, 8.5 ], "texture": "#up" },
        "north": { "uv": [ 6.75, 6.5, 9.25, 6.75 ], "texture": "#north" },
        "south": { "uv": [ 6.75, 6.5, 9.25, 6.75 ], "texture": "#south" },
        "west":  { "uv": [ 7.25, 6.5, 8.5, 6.75 ], "texture": "#west" },
        "east":  { "uv": [ 7.5, 6.5, 8.75, 6.75 ], "texture": "#east" }
    }
},
{
    "__comment": "Blaster",
    "from": [ 6.75, 2.25, 8 ],
    "to": [ 9.25, 2.5, 12.25 ],
    "faces": {
        "down":  { "uv": [ 9.25, 12.25, 6.75, 8 ], "texture": "#down" },
        "north": { "uv": [ 6.75, 13.5, 9.25, 13.75 ], "texture": "#north" },
        "south": { "uv": [ 6.75, 13.5, 9.25, 13.75 ], "texture": "#south" },
        "west":  { "uv": [ 8, 13.5, 12.25, 13.75 ], "texture": "#west" },
        "east":  { "uv": [ 3.75, 13.5, 8, 13.75 ], "texture": "#east" }
    }
},
{
    "__comment": "Blaster",
    "from": [ 6.75, 9.5, 8 ],
    "to": [ 9.25, 13.25, 8.5 ],
    "faces": {
        "up":    { "uv": [ 6.75, 8, 9.25, 8.5 ], "texture": "#up" },
        "south": { "uv": [ 6.75, 2.75, 9.25, 6.5 ], "texture": "#south" },
        "west":  { "uv": [ 8, 2.75, 8.5, 6.5 ], "texture": "#west" },
        "east":  { "uv": [ 7.5, 2.75, 8, 6.5 ], "texture": "#east" }
    }
},
{
    "__comment": "Blaster",
    "from": [ 6.75, 2, 8.75 ],
    "to": [ 9.25, 2.25, 12.25 ],
    "faces": {
        "down":  { "uv": [ 9.25, 12.25, 6.75, 8.75 ], "texture": "#down" },
        "north": { "uv": [ 6.75, 13.75, 9.25, 14 ], "texture": "#north" },
        "south": { "uv": [ 6.75, 13.75, 9.25, 14 ], "texture": "#south" },
        "west":  { "uv": [ 8.75, 13.75, 12.25, 14 ], "texture": "#west" },
        "east":  { "uv": [ 3.75, 13.75, 7.25, 14 ], "texture": "#east" }
    }
},
{
    "__comment": "Blaster",
    "from": [ 6.75, 1.75, 9 ],
    "to": [ 9.25, 2, 12.25 ],
    "faces": {
        "down":  { "uv": [ 9.25, 12.25, 6.75, 9 ], "texture": "#down" },
        "north": { "uv": [ 6.75, 14, 9.25, 14.25 ], "texture": "#north" },
        "south": { "uv": [ 6.75, 14, 9.25, 14.25 ], "texture": "#south" },
        "west":  { "uv": [ 9, 14, 12.25, 14.25 ], "texture": "#west" },
        "east":  { "uv": [ 3.75, 14, 7, 14.25 ], "texture": "#east" }
    }
},
{
    "__comment": "Blaster",
    "from": [ 6.75, 1.5, 9.25 ],
    "to": [ 9.25, 1.75, 12.25 ],
    "faces": {
        "down":  { "uv": [ 9.25, 12.25, 6.75, 9.25 ], "texture": "#down" },
        "north": { "uv": [ 6.75, 14.25, 9.25, 14.5 ], "texture": "#north" },
        "south": { "uv": [ 6.75, 14.25, 9.25, 14.5 ], "texture": "#south" },
        "west":  { "uv": [ 9.25, 14.25, 12.25, 14.5 ], "texture": "#west" },
        "east":  { "uv": [ 3.75, 14.25, 6.75, 14.5 ], "texture": "#east" }
    }
},
{
    "__comment": "Blaster",
    "from": [ 6.75, 1.25, 9.5 ],
    "to": [ 9.25, 1.5, 11.75 ],
    "faces": {
        "down":  { "uv": [ 9.25, 11.75, 6.75, 9.5 ], "texture": "#down" },
        "north": { "uv": [ 6.75, 14.5, 9.25, 14.75 ], "texture": "#north" },
        "south": { "uv": [ 6.75, 14.5, 9.25, 14.75 ], "texture": "#south" },
        "west":  { "uv": [ 9.5, 14.5, 11.75, 14.75 ], "texture": "#west" },
        "east":  { "uv": [ 4.25, 14.5, 6.5, 14.75 ], "texture": "#east" }
    }
},
{
    "__comment": "Blaster",
    "from": [ 6.75, 1, 9.75 ],
    "to": [ 9.25, 1.25, 11.5 ],
    "faces": {
        "down":  { "uv": [ 9.25, 11.5, 6.75, 9.75 ], "texture": "#down" },
        "north": { "uv": [ 6.75, 14.75, 9.25, 15 ], "texture": "#north" },
        "south": { "uv": [ 6.75, 14.75, 9.25, 15 ], "texture": "#south" },
        "west":  { "uv": [ 9.75, 14.75, 11.5, 15 ], "texture": "#west" },
        "east":  { "uv": [ 4.5, 14.75, 6.25, 15 ], "texture": "#east" }
    }
},
{
    "__comment": "Blaster",
    "from": [ 6.75, 0.75, 10.5 ],
    "to": [ 9.25, 1, 11.25 ],
    "faces": {
        "down":  { "uv": [ 9.25, 11.25, 6.75, 10.5 ], "texture": "#down" },
        "north": { "uv": [ 6.75, 15, 9.25, 15.25 ], "texture": "#north" },
        "south": { "uv": [ 6.75, 15, 9.25, 15.25 ], "texture": "#south" },
        "west":  { "uv": [ 10.5, 15, 11.25, 15.25 ], "texture": "#west" },
        "east":  { "uv": [ 4.75, 15, 5.5, 15.25 ], "texture": "#east" }
    }
},
{
    "__comment": "Blaster",
    "from": [ 6.75, 0, 11.75 ],
    "to": [ 9.25, 0.5, 12 ],
    "faces": {
        "down":  { "uv": [ 9.25, 12, 6.75, 11.75 ], "texture": "#down" },
        "up":    { "uv": [ 6.75, 11.75, 9.25, 12 ], "texture": "#up" },
        "north": { "uv": [ 6.75, 15.5, 9.25, 16 ], "texture": "#north" },
        "south": { "uv": [ 6.75, 15.5, 9.25, 16 ], "texture": "#south" },
        "west":  { "uv": [ 11.75, 15.5, 12, 16 ], "texture": "#west" },
        "east":  { "uv": [ 4, 15.5, 4.25, 16 ], "texture": "#east" }
    }
},
{
    "__comment": "Blaster",
    "from": [ 6.75, 0.25, 12 ],
    "to": [ 7.25, 0.75, 12.25 ],
    "faces": {
        "down":  { "uv": [ 9.25, 12.25, 8.75, 12 ], "texture": "#down" },
        "up":    { "uv": [ 6.75, 12, 7.25, 12.25 ], "texture": "#up" },
        "north": { "uv": [ 8.75, 15.25, 9.25, 15.75 ], "texture": "#north" },
        "south": { "uv": [ 6.75, 15.25, 7.25, 15.75 ], "texture": "#south" },
        "west":  { "uv": [ 12, 15.25, 12.25, 15.75 ], "texture": "#west" },
        "east":  { "uv": [ 3.75, 15.25, 4, 15.75 ], "texture": "#east" }
    }
},
{
    "__comment": "Blaster",
    "from": [ 6.75, 3.5, 12 ],
    "to": [ 7.25, 3.75, 12.5 ],
    "faces": {
        "down":  { "uv": [ 9.25, 12.5, 8.75, 12 ], "texture": "#down" },
        "up":    { "uv": [ 6.75, 12, 7.25, 12.5 ], "texture": "#up" },
        "north": { "uv": [ 8.75, 12.25, 9.25, 12.5 ], "texture": "#north" },
        "south": { "uv": [ 6.75, 12.25, 7.25, 12.5 ], "texture": "#south" },
        "west":  { "uv": [ 12, 12.25, 12.5, 12.5 ], "texture": "#west" },
        "east":  { "uv": [ 3.5, 12.25, 4, 12.5 ], "texture": "#east" }
    }
},
{
    "__comment": "Blaster",
    "from": [ 6.75, 0.5, 12.25 ],
    "to": [ 7.25, 1, 12.5 ],
    "faces": {
        "down":  { "uv": [ 9.25, 12.5, 8.75, 12.25 ], "texture": "#down" },
        "up":    { "uv": [ 6.75, 12.25, 7.25, 12.5 ], "texture": "#up" },
        "north": { "uv": [ 8.75, 15, 9.25, 15.5 ], "texture": "#north" },
        "south": { "uv": [ 6.75, 15, 7.25, 15.5 ], "texture": "#south" },
        "west":  { "uv": [ 12.25, 15, 12.5, 15.5 ], "texture": "#west" },
        "east":  { "uv": [ 3.5, 15, 3.75, 15.5 ], "texture": "#east" }
    }
},
{
    "__comment": "Blaster",
    "from": [ 6.75, 3.25, 12.25 ],
    "to": [ 7.25, 3.5, 12.75 ],
    "faces": {
        "down":  { "uv": [ 9.25, 12.75, 8.75, 12.25 ], "texture": "#down" },
        "up":    { "uv": [ 6.75, 12.25, 7.25, 12.75 ], "texture": "#up" },
        "north": { "uv": [ 8.75, 12.5, 9.25, 12.75 ], "texture": "#north" },
        "south": { "uv": [ 6.75, 12.5, 7.25, 12.75 ], "texture": "#south" },
        "west":  { "uv": [ 12.25, 12.5, 12.75, 12.75 ], "texture": "#west" },
        "east":  { "uv": [ 3.25, 12.5, 3.75, 12.75 ], "texture": "#east" }
    }
},
{
    "__comment": "Blaster",
    "from": [ 6.75, 0.75, 12.5 ],
    "to": [ 7.25, 1.25, 12.75 ],
    "faces": {
        "down":  { "uv": [ 9.25, 12.75, 8.75, 12.5 ], "texture": "#down" },
        "up":    { "uv": [ 6.75, 12.5, 7.25, 12.75 ], "texture": "#up" },
        "north": { "uv": [ 8.75, 14.75, 9.25, 15.25 ], "texture": "#north" },
        "south": { "uv": [ 6.75, 14.75, 7.25, 15.25 ], "texture": "#south" },
        "west":  { "uv": [ 12.5, 14.75, 12.75, 15.25 ], "texture": "#west" },
        "east":  { "uv": [ 3.25, 14.75, 3.5, 15.25 ], "texture": "#east" }
    }
},
{
    "__comment": "Blaster",
    "from": [ 6.75, 3, 12.5 ],
    "to": [ 7.25, 3.25, 13 ],
    "faces": {
        "down":  { "uv": [ 9.25, 13, 8.75, 12.5 ], "texture": "#down" },
        "up":    { "uv": [ 6.75, 12.5, 7.25, 13 ], "texture": "#up" },
        "north": { "uv": [ 8.75, 12.75, 9.25, 13 ], "texture": "#north" },
        "south": { "uv": [ 6.75, 12.75, 7.25, 13 ], "texture": "#south" },
        "west":  { "uv": [ 12.5, 12.75, 13, 13 ], "texture": "#west" },
        "east":  { "uv": [ 3, 12.75, 3.5, 13 ], "texture": "#east" }
    }
},
{
    "__comment": "Blaster",
    "from": [ 6.75, 1, 12.75 ],
    "to": [ 7.25, 3, 13 ],
    "faces": {
        "down":  { "uv": [ 9.25, 13, 8.75, 12.75 ], "texture": "#down" },
        "north": { "uv": [ 8.75, 13, 9.25, 15 ], "texture": "#north" },
        "south": { "uv": [ 6.75, 13, 7.25, 15 ], "texture": "#south" },
        "west":  { "uv": [ 12.75, 13, 13, 15 ], "texture": "#west" },
        "east":  { "uv": [ 3, 13, 3.25, 15 ], "texture": "#east" }
    }
},
{
    "__comment": "Blaster",
    "from": [ 7, 9.5, 3.5 ],
    "to": [ 9, 14.5, 3.75 ],
    "faces": {
        "down":  { "uv": [ 9, 3.75, 7, 3.5 ], "texture": "#down" },
        "up":    { "uv": [ 7, 3.5, 9, 3.75 ], "texture": "#up" },
        "north": { "uv": [ 7, 1.5, 9, 6.5 ], "texture": "#north" },
        "west":  { "uv": [ 3.5, 1.5, 3.75, 6.5 ], "texture": "#west" },
        "east":  { "uv": [ 12.25, 1.5, 12.5, 6.5 ], "texture": "#east" }
    }
},
{
    "__comment": "Blaster",
    "from": [ 7, 7.75, 3.75 ],
    "to": [ 9, 9.5, 4 ],
    "faces": {
        "down":  { "uv": [ 9, 4, 7, 3.75 ], "texture": "#down" },
        "north": { "uv": [ 7, 6.5, 9, 8.25 ], "texture": "#north" },
        "west":  { "uv": [ 3.75, 6.5, 4, 8.25 ], "texture": "#west" },
        "east":  { "uv": [ 12, 6.5, 12.25, 8.25 ], "texture": "#east" }
    }
},
{
    "__comment": "Blaster",
    "from": [ 7, 14.5, 3.75 ],
    "to": [ 7.75, 16, 4 ],
    "faces": {
        "up":    { "uv": [ 7, 3.75, 7.75, 4 ], "texture": "#up" },
        "north": { "uv": [ 8.25, 0, 9, 1.5 ], "texture": "#north" },
        "south": { "uv": [ 7, 0, 7.75, 1.5 ], "texture": "#south" },
        "west":  { "uv": [ 3.75, 0, 4, 1.5 ], "texture": "#west" },
        "east":  { "uv": [ 12, 0, 12.25, 1.5 ], "texture": "#east" }
    }
},
{
    "__comment": "Blaster",
    "from": [ 7, 6.25, 4 ],
    "to": [ 9, 6.5, 4.25 ],
    "faces": {
        "up":    { "uv": [ 7, 4, 9, 4.25 ], "texture": "#up" },
        "north": { "uv": [ 7, 9.5, 9, 9.75 ], "texture": "#north" },
        "west":  { "uv": [ 4, 9.5, 4.25, 9.75 ], "texture": "#west" },
        "east":  { "uv": [ 11.75, 9.5, 12, 9.75 ], "texture": "#east" }
    }
},
{
    "__comment": "Blaster",
    "from": [ 7, 7.75, 5 ],
    "to": [ 9, 9.5, 5.5 ],
    "faces": {
        "down":  { "uv": [ 9, 5.5, 7, 5 ], "texture": "#down" },
        "up":    { "uv": [ 7, 5, 9, 5.5 ], "texture": "#up" },
        "south": { "uv": [ 7, 6.5, 9, 8.25 ], "texture": "#south" },
        "west":  { "uv": [ 5, 6.5, 5.5, 8.25 ], "texture": "#west" },
        "east":  { "uv": [ 10.5, 6.5, 11, 8.25 ], "texture": "#east" }
    }
},
{
    "__comment": "Blaster",
    "from": [ 7, 14.5, 5 ],
    "to": [ 9, 15.5, 5.5 ],
    "faces": {
        "down":  { "uv": [ 9, 5.5, 7, 5 ], "texture": "#down" },
        "up":    { "uv": [ 7, 5, 9, 5.5 ], "texture": "#up" },
        "north": { "uv": [ 7, 0.5, 9, 1.5 ], "texture": "#north" },
        "south": { "uv": [ 7, 0.5, 9, 1.5 ], "texture": "#south" },
        "west":  { "uv": [ 5, 0.5, 5.5, 1.5 ], "texture": "#west" },
        "east":  { "uv": [ 10.5, 0.5, 11, 1.5 ], "texture": "#east" }
    }
},
{
    "__comment": "Blaster",
    "from": [ 7, 15.5, 5 ],
    "to": [ 9, 15.75, 5.25 ],
    "faces": {
        "up":    { "uv": [ 7, 5, 9, 5.25 ], "texture": "#up" },
        "north": { "uv": [ 7, 0.25, 9, 0.5 ], "texture": "#north" },
        "south": { "uv": [ 7, 0.25, 9, 0.5 ], "texture": "#south" },
        "west":  { "uv": [ 5, 0.25, 5.25, 0.5 ], "texture": "#west" },
        "east":  { "uv": [ 10.75, 0.25, 11, 0.5 ], "texture": "#east" }
    }
},
{
    "__comment": "Blaster",
    "from": [ 7, 9.5, 5.25 ],
    "to": [ 9, 14.5, 5.5 ],
    "faces": {
        "south": { "uv": [ 7, 1.5, 9, 6.5 ], "texture": "#south" },
        "west":  { "uv": [ 5.25, 1.5, 5.5, 6.5 ], "texture": "#west" },
        "east":  { "uv": [ 10.5, 1.5, 10.75, 6.5 ], "texture": "#east" }
    }
},
{
    "__comment": "Blaster",
    "from": [ 7, 2.5, 5.75 ],
    "to": [ 9, 2.75, 6 ],
    "faces": {
        "down":  { "uv": [ 9, 6, 7, 5.75 ], "texture": "#down" },
        "south": { "uv": [ 7, 13.25, 9, 13.5 ], "texture": "#south" },
        "west":  { "uv": [ 5.75, 13.25, 6, 13.5 ], "texture": "#west" },
        "east":  { "uv": [ 10, 13.25, 10.25, 13.5 ], "texture": "#east" }
    }
},
{
    "__comment": "Blaster",
    "from": [ 7, 2.75, 6 ],
    "to": [ 9, 3, 6.25 ],
    "faces": {
        "down":  { "uv": [ 9, 6.25, 7, 6 ], "texture": "#down" },
        "west":  { "uv": [ 6, 13, 6.25, 13.25 ], "texture": "#west" },
        "east":  { "uv": [ 9.75, 13, 10, 13.25 ], "texture": "#east" }
    }
},
{
    "__comment": "Blaster",
    "from": [ 7, 2.5, 6.5 ],
    "to": [ 9, 2.75, 6.75 ],
    "faces": {
        "down":  { "uv": [ 9, 6.75, 7, 6.5 ], "texture": "#down" },
        "north": { "uv": [ 7, 13.25, 9, 13.5 ], "texture": "#north" },
        "west":  { "uv": [ 6.5, 13.25, 6.75, 13.5 ], "texture": "#west" },
        "east":  { "uv": [ 9.25, 13.25, 9.5, 13.5 ], "texture": "#east" }
    }
},
{
    "__comment": "Blaster",
    "from": [ 7, 5.25, 6.75 ],
    "to": [ 9, 5.5, 7.75 ],
    "faces": {
        "up":    { "uv": [ 7, 6.75, 9, 7.75 ], "texture": "#up" },
        "north": { "uv": [ 7, 10.5, 9, 10.75 ], "texture": "#north" },
        "south": { "uv": [ 7, 10.5, 9, 10.75 ], "texture": "#south" },
        "west":  { "uv": [ 6.75, 10.5, 7.75, 10.75 ], "texture": "#west" },
        "east":  { "uv": [ 8.25, 10.5, 9.25, 10.75 ], "texture": "#east" }
    }
},
{
    "__comment": "Blaster",
    "from": [ 7, 9, 6.75 ],
    "to": [ 9, 13.25, 7 ],
    "faces": {
        "down":  { "uv": [ 9, 7, 7, 6.75 ], "texture": "#down" },
        "up":    { "uv": [ 7, 6.75, 9, 7 ], "texture": "#up" },
        "north": { "uv": [ 7, 2.75, 9, 7 ], "texture": "#north" },
        "south": { "uv": [ 7, 2.75, 9, 7 ], "texture": "#south" },
        "west":  { "uv": [ 6.75, 2.75, 7, 7 ], "texture": "#west" },
        "east":  { "uv": [ 9, 2.75, 9.25, 7 ], "texture": "#east" }
    }
},
{
    "__comment": "Blaster",
    "from": [ 7, 2.25, 7 ],
    "to": [ 9, 2.5, 8 ],
    "faces": {
        "down":  { "uv": [ 9, 8, 7, 7 ], "texture": "#down" },
        "north": { "uv": [ 7, 13.5, 9, 13.75 ], "texture": "#north" },
        "west":  { "uv": [ 7, 13.5, 8, 13.75 ], "texture": "#west" },
        "east":  { "uv": [ 8, 13.5, 9, 13.75 ], "texture": "#east" }
    }
},
{
    "__comment": "Blaster",
    "from": [ 7, 8.5, 7 ],
    "to": [ 9, 8.75, 8.5 ],
    "faces": {
        "down":  { "uv": [ 9, 8.5, 7, 7 ], "texture": "#down" },
        "up":    { "uv": [ 7, 7, 9, 8.5 ], "texture": "#up" },
        "north": { "uv": [ 7, 7.25, 9, 7.5 ], "texture": "#north" },
        "south": { "uv": [ 7, 7.25, 9, 7.5 ], "texture": "#south" },
        "west":  { "uv": [ 7, 7.25, 8.5, 7.5 ], "texture": "#west" },
        "east":  { "uv": [ 7.5, 7.25, 9, 7.5 ], "texture": "#east" }
    }
},
{
    "__comment": "Blaster",
    "from": [ 7, 8.75, 7 ],
    "to": [ 9, 9, 7.25 ],
    "faces": {
        "north": { "uv": [ 7, 7, 9, 7.25 ], "texture": "#north" },
        "west":  { "uv": [ 7, 7, 7.25, 7.25 ], "texture": "#west" },
        "east":  { "uv": [ 8.75, 7, 9, 7.25 ], "texture": "#east" }
    }
},
{
    "__comment": "Blaster",
    "from": [ 7, 9.25, 7 ],
    "to": [ 9, 9.5, 7.25 ],
    "faces": {
        "west":  { "uv": [ 7, 6.5, 7.25, 6.75 ], "texture": "#west" },
        "east":  { "uv": [ 8.75, 6.5, 9, 6.75 ], "texture": "#east" }
    }
},
{
    "__comment": "Blaster",
    "from": [ 7, 13.25, 7.25 ],
    "to": [ 9, 15.25, 8.25 ],
    "faces": {
        "down":  { "uv": [ 9, 8.25, 7, 7.25 ], "texture": "#down" },
        "up":    { "uv": [ 7, 7.25, 9, 8.25 ], "texture": "#up" },
        "north": { "uv": [ 7, 0.75, 9, 2.75 ], "texture": "#north" },
        "south": { "uv": [ 7, 0.75, 9, 2.75 ], "texture": "#south" },
        "west":  { "uv": [ 7.25, 0.75, 8.25, 2.75 ], "texture": "#west" },
        "east":  { "uv": [ 7.75, 0.75, 8.75, 2.75 ], "texture": "#east" }
    }
},
{
    "__comment": "Blaster",
    "from": [ 7, 5, 7.75 ],
    "to": [ 9, 5.25, 8 ],
    "faces": {
        "up":    { "uv": [ 7, 7.75, 9, 8 ], "texture": "#up" },
        "south": { "uv": [ 7, 10.75, 9, 11 ], "texture": "#south" },
        "west":  { "uv": [ 7.75, 10.75, 8, 11 ], "texture": "#west" },
        "east":  { "uv": [ 8, 10.75, 8.25, 11 ], "texture": "#east" }
    }
},
{
    "__comment": "Blaster",
    "from": [ 7, 8.75, 7.75 ],
    "to": [ 9, 9, 8.75 ],
    "faces": {
        "down":  { "uv": [ 9, 8.75, 7, 7.75 ], "texture": "#down" },
        "up":    { "uv": [ 7, 7.75, 9, 8.75 ], "texture": "#up" },
        "south": { "uv": [ 7, 7, 9, 7.25 ], "texture": "#south" },
        "west":  { "uv": [ 7.75, 7, 8.75, 7.25 ], "texture": "#west" },
        "east":  { "uv": [ 7.25, 7, 8.25, 7.25 ], "texture": "#east" }
    }
},
{
    "__comment": "Blaster",
    "from": [ 7, 4.5, 8 ],
    "to": [ 9, 4.75, 8.25 ],
    "faces": {
        "up":    { "uv": [ 7, 8, 9, 8.25 ], "texture": "#up" },
        "south": { "uv": [ 7, 11.25, 9, 11.5 ], "texture": "#south" },
        "west":  { "uv": [ 8, 11.25, 8.25, 11.5 ], "texture": "#west" },
        "east":  { "uv": [ 7.75, 11.25, 8, 11.5 ], "texture": "#east" }
    }
},
{
    "__comment": "Blaster",
    "from": [ 7, 2, 8.25 ],
    "to": [ 9, 2.25, 8.75 ],
    "faces": {
        "down":  { "uv": [ 9, 8.75, 7, 8.25 ], "texture": "#down" },
        "north": { "uv": [ 7, 13.75, 9, 14 ], "texture": "#north" },
        "west":  { "uv": [ 8.25, 13.75, 8.75, 14 ], "texture": "#west" },
        "east":  { "uv": [ 7.25, 13.75, 7.75, 14 ], "texture": "#east" }
    }
},
{
    "__comment": "Blaster",
    "from": [ 7, 9, 8.25 ],
    "to": [ 9, 9.25, 9.25 ],
    "faces": {
        "down":  { "uv": [ 9, 9.25, 7, 8.25 ], "texture": "#down" },
        "up":    { "uv": [ 7, 8.25, 9, 9.25 ], "texture": "#up" },
        "south": { "uv": [ 7, 6.75, 9, 7 ], "texture": "#south" },
        "west":  { "uv": [ 8.25, 6.75, 9.25, 7 ], "texture": "#west" },
        "east":  { "uv": [ 6.75, 6.75, 7.75, 7 ], "texture": "#east" }
    }
},
{
    "__comment": "Blaster",
    "from": [ 7, 4, 8.5 ],
    "to": [ 9, 4.25, 8.75 ],
    "faces": {
        "up":    { "uv": [ 7, 8.5, 9, 8.75 ], "texture": "#up" },
        "south": { "uv": [ 7, 11.75, 9, 12 ], "texture": "#south" },
        "west":  { "uv": [ 8.5, 11.75, 8.75, 12 ], "texture": "#west" },
        "east":  { "uv": [ 7.25, 11.75, 7.5, 12 ], "texture": "#east" }
    }
},
{
    "__comment": "Blaster",
    "from": [ 7, 9.25, 8.5 ],
    "to": [ 9, 9.5, 9.5 ],
    "faces": {
        "down":  { "uv": [ 9, 9.5, 7, 8.5 ], "texture": "#down" },
        "up":    { "uv": [ 7, 8.5, 9, 9.5 ], "texture": "#up" },
        "south": { "uv": [ 7, 6.5, 9, 6.75 ], "texture": "#south" },
        "west":  { "uv": [ 8.5, 6.5, 9.5, 6.75 ], "texture": "#west" },
        "east":  { "uv": [ 6.5, 6.5, 7.5, 6.75 ], "texture": "#east" }
    }
},
{
    "__comment": "Blaster",
    "from": [ 7, 9.5, 8.5 ],
    "to": [ 9, 13.25, 8.75 ],
    "faces": {
        "up":    { "uv": [ 7, 8.5, 9, 8.75 ], "texture": "#up" },
        "south": { "uv": [ 7, 2.75, 9, 6.5 ], "texture": "#south" },
        "west":  { "uv": [ 8.5, 2.75, 8.75, 6.5 ], "texture": "#west" },
        "east":  { "uv": [ 7.25, 2.75, 7.5, 6.5 ], "texture": "#east" }
    }
},
{
    "__comment": "Blaster",
    "from": [ 7, 3.75, 9 ],
    "to": [ 9, 4, 9.25 ],
    "faces": {
        "up":    { "uv": [ 7, 9, 9, 9.25 ], "texture": "#up" },
        "south": { "uv": [ 7, 12, 9, 12.25 ], "texture": "#south" },
        "west":  { "uv": [ 9, 12, 9.25, 12.25 ], "texture": "#west" },
        "east":  { "uv": [ 6.75, 12, 7, 12.25 ], "texture": "#east" }
    }
},
{
    "__comment": "Blaster",
    "from": [ 7, 9.5, 9 ],
    "to": [ 9, 13, 9.5 ],
    "faces": {
        "up":    { "uv": [ 7, 9, 9, 9.5 ], "texture": "#up" },
        "north": { "uv": [ 7, 3, 9, 6.5 ], "texture": "#north" },
        "south": { "uv": [ 7, 3, 9, 6.5 ], "texture": "#south" },
        "west":  { "uv": [ 9, 3, 9.5, 6.5 ], "texture": "#west" },
        "east":  { "uv": [ 6.5, 3, 7, 6.5 ], "texture": "#east" }
    }
},
{
    "__comment": "Blaster",
    "from": [ 7, 1.25, 9.25 ],
    "to": [ 9, 1.5, 9.5 ],
    "faces": {
        "down":  { "uv": [ 9, 9.5, 7, 9.25 ], "texture": "#down" },
        "north": { "uv": [ 7, 14.5, 9, 14.75 ], "texture": "#north" },
        "west":  { "uv": [ 9.25, 14.5, 9.5, 14.75 ], "texture": "#west" },
        "east":  { "uv": [ 6.5, 14.5, 6.75, 14.75 ], "texture": "#east" }
    }
},
{
    "__comment": "Blaster",
    "from": [ 7, 1, 9.5 ],
    "to": [ 9, 1.25, 9.75 ],
    "faces": {
        "down":  { "uv": [ 9, 9.75, 7, 9.5 ], "texture": "#down" },
        "north": { "uv": [ 7, 14.75, 9, 15 ], "texture": "#north" },
        "west":  { "uv": [ 9.5, 14.75, 9.75, 15 ], "texture": "#west" },
        "east":  { "uv": [ 6.25, 14.75, 6.5, 15 ], "texture": "#east" }
    }
},
{
    "__comment": "Blaster",
    "from": [ 7, 3.75, 9.75 ],
    "to": [ 9, 4, 10.5 ],
    "faces": {
        "up":    { "uv": [ 7, 9.75, 9, 10.5 ], "texture": "#up" },
        "north": { "uv": [ 7, 12, 9, 12.25 ], "texture": "#north" },
        "south": { "uv": [ 7, 12, 9, 12.25 ], "texture": "#south" },
        "west":  { "uv": [ 9.75, 12, 10.5, 12.25 ], "texture": "#west" },
        "east":  { "uv": [ 5.5, 12, 6.25, 12.25 ], "texture": "#east" }
    }
},
{
    "__comment": "Blaster",
    "from": [ 7, 0.75, 10 ],
    "to": [ 9, 1, 10.5 ],
    "faces": {
        "down":  { "uv": [ 9, 10.5, 7, 10 ], "texture": "#down" },
        "north": { "uv": [ 7, 15, 9, 15.25 ], "texture": "#north" },
        "west":  { "uv": [ 10, 15, 10.5, 15.25 ], "texture": "#west" },
        "east":  { "uv": [ 5.5, 15, 6, 15.25 ], "texture": "#east" }
    }
},
{
    "__comment": "Blaster",
    "from": [ 7, 0.5, 10.5 ],
    "to": [ 9, 0.75, 12 ],
    "faces": {
        "down":  { "uv": [ 9, 12, 7, 10.5 ], "texture": "#down" },
        "up":    { "uv": [ 7, 10.5, 9, 12 ], "texture": "#up" },
        "north": { "uv": [ 7, 15.25, 9, 15.5 ], "texture": "#north" },
        "south": { "uv": [ 7, 15.25, 9, 15.5 ], "texture": "#south" },
        "west":  { "uv": [ 10.5, 15.25, 12, 15.5 ], "texture": "#west" },
        "east":  { "uv": [ 4, 15.25, 5.5, 15.5 ], "texture": "#east" }
    }
},
{
    "__comment": "Blaster",
    "from": [ 7, 3.5, 11 ],
    "to": [ 9, 3.75, 12 ],
    "faces": {
        "down":  { "uv": [ 9, 12, 7, 11 ], "texture": "#down" },
        "up":    { "uv": [ 7, 11, 9, 12 ], "texture": "#up" },
        "south": { "uv": [ 7, 12.25, 9, 12.5 ], "texture": "#south" },
        "west":  { "uv": [ 11, 12.25, 12, 12.5 ], "texture": "#west" },
        "east":  { "uv": [ 4, 12.25, 5, 12.5 ], "texture": "#east" }
    }
},
{
    "__comment": "Blaster",
    "from": [ 7, 0.25, 11.25 ],
    "to": [ 9, 0.5, 11.75 ],
    "faces": {
        "down":  { "uv": [ 9, 11.75, 7, 11.25 ], "texture": "#down" },
        "north": { "uv": [ 7, 15.5, 9, 15.75 ], "texture": "#north" },
        "west":  { "uv": [ 11.25, 15.5, 11.75, 15.75 ], "texture": "#west" },
        "east":  { "uv": [ 4.25, 15.5, 4.75, 15.75 ], "texture": "#east" }
    }
},
{
    "__comment": "Blaster",
    "from": [ 7, 0.75, 11.25 ],
    "to": [ 9, 1, 12.25 ],
    "faces": {
        "down":  { "uv": [ 9, 12.25, 7, 11.25 ], "texture": "#down" },
        "up":    { "uv": [ 7, 11.25, 9, 12.25 ], "texture": "#up" },
        "south": { "uv": [ 7, 15, 9, 15.25 ], "texture": "#south" },
        "west":  { "uv": [ 11.25, 15, 12.25, 15.25 ], "texture": "#west" },
        "east":  { "uv": [ 3.75, 15, 4.75, 15.25 ], "texture": "#east" }
    }
},
{
    "__comment": "Blaster",
    "from": [ 7, 0, 11.5 ],
    "to": [ 9, 0.25, 11.75 ],
    "faces": {
        "down":  { "uv": [ 9, 11.75, 7, 11.5 ], "texture": "#down" },
        "north": { "uv": [ 7, 15.75, 9, 16 ], "texture": "#north" },
        "west":  { "uv": [ 11.5, 15.75, 11.75, 16 ], "texture": "#west" },
        "east":  { "uv": [ 4.25, 15.75, 4.5, 16 ], "texture": "#east" }
    }
},
{
    "__comment": "Blaster",
    "from": [ 7, 1, 11.5 ],
    "to": [ 9, 1.25, 12.5 ],
    "faces": {
        "down":  { "uv": [ 9, 12.5, 7, 11.5 ], "texture": "#down" },
        "up":    { "uv": [ 7, 11.5, 9, 12.5 ], "texture": "#up" },
        "south": { "uv": [ 7, 14.75, 9, 15 ], "texture": "#south" },
        "west":  { "uv": [ 11.5, 14.75, 12.5, 15 ], "texture": "#west" },
        "east":  { "uv": [ 3.5, 14.75, 4.5, 15 ], "texture": "#east" }
    }
},
{
    "__comment": "Blaster",
    "from": [ 7, 1.25, 11.75 ],
    "to": [ 9, 1.5, 12.75 ],
    "faces": {
        "down":  { "uv": [ 9, 12.75, 7, 11.75 ], "texture": "#down" },
        "up":    { "uv": [ 7, 11.75, 9, 12.75 ], "texture": "#up" },
        "south": { "uv": [ 7, 14.5, 9, 14.75 ], "texture": "#south" },
        "west":  { "uv": [ 11.75, 14.5, 12.75, 14.75 ], "texture": "#west" },
        "east":  { "uv": [ 3.25, 14.5, 4.25, 14.75 ], "texture": "#east" }
    }
},
{
    "__comment": "Blaster",
    "from": [ 7, 3.25, 11.75 ],
    "to": [ 9, 3.5, 12.25 ],
    "faces": {
        "down":  { "uv": [ 9, 12.25, 7, 11.75 ], "texture": "#down" },
        "up":    { "uv": [ 7, 11.75, 9, 12.25 ], "texture": "#up" },
        "south": { "uv": [ 7, 12.5, 9, 12.75 ], "texture": "#south" },
        "west":  { "uv": [ 11.75, 12.5, 12.25, 12.75 ], "texture": "#west" },
        "east":  { "uv": [ 3.75, 12.5, 4.25, 12.75 ], "texture": "#east" }
    }
},
{
    "__comment": "Blaster",
    "from": [ 7, 2.75, 12 ],
    "to": [ 9, 3, 12.75 ],
    "faces": {
        "down":  { "uv": [ 9, 12.75, 7, 12 ], "texture": "#down" },
        "up":    { "uv": [ 7, 12, 9, 12.75 ], "texture": "#up" },
        "south": { "uv": [ 7, 13, 9, 13.25 ], "texture": "#south" },
        "west":  { "uv": [ 12, 13, 12.75, 13.25 ], "texture": "#west" },
        "east":  { "uv": [ 3.25, 13, 4, 13.25 ], "texture": "#east" }
    }
},
{
    "__comment": "Blaster",
    "from": [ 7, 3, 12 ],
    "to": [ 9, 3.25, 12.5 ],
    "faces": {
        "up":    { "uv": [ 7, 12, 9, 12.5 ], "texture": "#up" },
        "south": { "uv": [ 7, 12.75, 9, 13 ], "texture": "#south" },
        "west":  { "uv": [ 12, 12.75, 12.5, 13 ], "texture": "#west" },
        "east":  { "uv": [ 3.5, 12.75, 4, 13 ], "texture": "#east" }
    }
},
{
    "__comment": "Blaster",
    "from": [ 7, 1.75, 12.25 ],
    "to": [ 9, 2.75, 12.75 ],
    "faces": {
        "down":  { "uv": [ 9, 12.75, 7, 12.25 ], "texture": "#down" },
        "north": { "uv": [ 7, 13.25, 9, 14.25 ], "texture": "#north" },
        "south": { "uv": [ 7, 13.25, 9, 14.25 ], "texture": "#south" },
        "west":  { "uv": [ 12.25, 13.25, 12.75, 14.25 ], "texture": "#west" },
        "east":  { "uv": [ 3.25, 13.25, 3.75, 14.25 ], "texture": "#east" }
    }
},
{
    "__comment": "Blaster",
    "from": [ 7, 1.5, 12.5 ],
    "to": [ 9, 1.75, 12.75 ],
    "faces": {
        "north": { "uv": [ 7, 14.25, 9, 14.5 ], "texture": "#north" },
        "south": { "uv": [ 7, 14.25, 9, 14.5 ], "texture": "#south" },
        "west":  { "uv": [ 12.5, 14.25, 12.75, 14.5 ], "texture": "#west" },
        "east":  { "uv": [ 3.25, 14.25, 3.5, 14.5 ], "texture": "#east" }
    }
},
{
    "__comment": "Blaster",
    "from": [ 7.25, 7.75, 3.25 ],
    "to": [ 8.75, 9.5, 3.75 ],
    "faces": {
        "down":  { "uv": [ 8.75, 3.75, 7.25, 3.25 ], "texture": "#down" },
        "up":    { "uv": [ 7.25, 3.25, 8.75, 3.75 ], "texture": "#up" },
        "north": { "uv": [ 7.25, 6.5, 8.75, 8.25 ], "texture": "#north" },
        "west":  { "uv": [ 3.25, 6.5, 3.75, 8.25 ], "texture": "#west" },
        "east":  { "uv": [ 12.25, 6.5, 12.75, 8.25 ], "texture": "#east" }
    }
},
{
    "__comment": "Blaster",
    "from": [ 7.25, 9.5, 3.25 ],
    "to": [ 8.75, 16, 3.5 ],
    "faces": {
        "up":    { "uv": [ 7.25, 3.25, 8.75, 3.5 ], "texture": "#up" },
        "north": { "uv": [ 7.25, 0, 8.75, 6.5 ], "texture": "#north" },
        "south": { "uv": [ 7.25, 0, 8.75, 6.5 ], "texture": "#south" },
        "west":  { "uv": [ 3.25, 0, 3.5, 6.5 ], "texture": "#west" },
        "east":  { "uv": [ 12.5, 0, 12.75, 6.5 ], "texture": "#east" }
    }
},
{
    "__comment": "Blaster",
    "from": [ 7.25, 14.5, 3.5 ],
    "to": [ 8.75, 16, 3.75 ],
    "faces": {
        "up":    { "uv": [ 7.25, 3.5, 8.75, 3.75 ], "texture": "#up" },
        "south": { "uv": [ 7.25, 0, 8.75, 1.5 ], "texture": "#south" },
        "west":  { "uv": [ 3.5, 0, 3.75, 1.5 ], "texture": "#west" },
        "east":  { "uv": [ 12.25, 0, 12.5, 1.5 ], "texture": "#east" }
    }
},
{
    "__comment": "Blaster",
    "from": [ 7.25, 2.75, 3.75 ],
    "to": [ 8.75, 6.25, 4 ],
    "faces": {
        "down":  { "uv": [ 8.75, 4, 7.25, 3.75 ], "texture": "#down" },
        "up":    { "uv": [ 7.25, 3.75, 8.75, 4 ], "texture": "#up" },
        "north": { "uv": [ 7.25, 9.75, 8.75, 13.25 ], "texture": "#north" },
        "west":  { "uv": [ 3.75, 9.75, 4, 13.25 ], "texture": "#west" },
        "east":  { "uv": [ 12, 9.75, 12.25, 13.25 ], "texture": "#east" }
    }
},
{
    "__comment": "Blaster",
    "from": [ 7.25, 14.5, 4 ],
    "to": [ 9.25, 15.75, 5 ],
    "faces": {
        "up":    { "uv": [ 7.25, 4, 9.25, 5 ], "texture": "#up" },
        "north": { "uv": [ 6.75, 0.25, 8.75, 1.5 ], "texture": "#north" },
        "south": { "uv": [ 7.25, 0.25, 9.25, 1.5 ], "texture": "#south" },
        "east":  { "uv": [ 11, 0.25, 12, 1.5 ], "texture": "#east" }
    }
},
{
    "__comment": "Blaster",
    "from": [ 7.25, 15.75, 4 ],
    "to": [ 7.5, 16, 4.25 ],
    "faces": {
        "up":    { "uv": [ 7.25, 4, 7.5, 4.25 ], "texture": "#up" },
        "south": { "uv": [ 7.25, 0, 7.5, 0.25 ], "texture": "#south" },
        "east":  { "uv": [ 11.75, 0, 12, 0.25 ], "texture": "#east" }
    }
},
{
    "__comment": "Blaster",
    "from": [ 7.25, 6.5, 4.25 ],
    "to": [ 8.75, 7.75, 6.5 ],
    "faces": {
        "down":  { "uv": [ 8.75, 6.5, 7.25, 4.25 ], "texture": "#down" },
        "up":    { "uv": [ 7.25, 4.25, 8.75, 6.5 ], "texture": "#up" },
        "north": { "uv": [ 7.25, 8.25, 8.75, 9.5 ], "texture": "#north" },
        "south": { "uv": [ 7.25, 8.25, 8.75, 9.5 ], "texture": "#south" },
        "west":  { "uv": [ 4.25, 8.25, 6.5, 9.5 ], "texture": "#west" },
        "east":  { "uv": [ 9.5, 8.25, 11.75, 9.5 ], "texture": "#east" }
    }
},
{
    "__comment": "Blaster",
    "from": [ 7.25, 7.75, 5.5 ],
    "to": [ 8.75, 9, 7 ],
    "faces": {
        "down":  { "uv": [ 8.75, 7, 7.25, 5.5 ], "texture": "#down" },
        "up":    { "uv": [ 7.25, 5.5, 8.75, 7 ], "texture": "#up" },
        "south": { "uv": [ 7.25, 7, 8.75, 8.25 ], "texture": "#south" },
        "west":  { "uv": [ 5.5, 7, 7, 8.25 ], "texture": "#west" },
        "east":  { "uv": [ 9, 7, 10.5, 8.25 ], "texture": "#east" }
    }
},
{
    "__comment": "Blaster",
    "from": [ 7.25, 9, 5.5 ],
    "to": [ 8.75, 13.25, 6.75 ],
    "faces": {
        "up":    { "uv": [ 7.25, 5.5, 8.75, 6.75 ], "texture": "#up" },
        "north": { "uv": [ 7.25, 2.75, 8.75, 7 ], "texture": "#north" },
        "west":  { "uv": [ 5.5, 2.75, 6.75, 7 ], "texture": "#west" },
        "east":  { "uv": [ 9.25, 2.75, 10.5, 7 ], "texture": "#east" }
    }
},
{
    "__comment": "Blaster",
    "from": [ 7.25, 13.25, 5.5 ],
    "to": [ 8.75, 14.75, 6.5 ],
    "faces": {
        "up":    { "uv": [ 7.25, 5.5, 8.75, 6.5 ], "texture": "#up" },
        "north": { "uv": [ 7.25, 1.25, 8.75, 2.75 ], "texture": "#north" },
        "south": { "uv": [ 7.25, 1.25, 8.75, 2.75 ], "texture": "#south" },
        "west":  { "uv": [ 5.5, 1.25, 6.5, 2.75 ], "texture": "#west" },
        "east":  { "uv": [ 9.5, 1.25, 10.5, 2.75 ], "texture": "#east" }
    }
},
{
    "__comment": "Blaster",
    "from": [ 7.25, 14.75, 5.5 ],
    "to": [ 8.75, 15, 6.25 ],
    "faces": {
        "up":    { "uv": [ 7.25, 5.5, 8.75, 6.25 ], "texture": "#up" },
        "south": { "uv": [ 7.25, 1, 8.75, 1.25 ], "texture": "#south" },
        "west":  { "uv": [ 5.5, 1, 6.25, 1.25 ], "texture": "#west" },
        "east":  { "uv": [ 9.75, 1, 10.5, 1.25 ], "texture": "#east" }
    }
},
{
    "__comment": "Blaster",
    "from": [ 7.25, 15, 5.5 ],
    "to": [ 8.75, 15.25, 6 ],
    "faces": {
        "up":    { "uv": [ 7.25, 5.5, 8.75, 6 ], "texture": "#up" },
        "south": { "uv": [ 7.25, 0.75, 8.75, 1 ], "texture": "#south" },
        "west":  { "uv": [ 5.5, 0.75, 6, 1 ], "texture": "#west" },
        "east":  { "uv": [ 10, 0.75, 10.5, 1 ], "texture": "#east" }
    }
},
{
    "__comment": "Blaster",
    "from": [ 7.25, 6, 5.75 ],
    "to": [ 8.75, 6.5, 6.5 ],
    "faces": {
        "down":  { "uv": [ 8.75, 6.5, 7.25, 5.75 ], "texture": "#down" },
        "north": { "uv": [ 7.25, 9.5, 8.75, 10 ], "texture": "#north" },
        "south": { "uv": [ 7.25, 9.5, 8.75, 10 ], "texture": "#south" },
        "west":  { "uv": [ 5.75, 9.5, 6.5, 10 ], "texture": "#west" },
        "east":  { "uv": [ 9.5, 9.5, 10.25, 10 ], "texture": "#east" }
    }
},
{
    "__comment": "Blaster",
    "from": [ 7.25, 2.5, 6 ],
    "to": [ 8.75, 2.75, 6.5 ],
    "faces": {
        "down":  { "uv": [ 8.75, 6.5, 7.25, 6 ], "texture": "#down" },
        "up":    { "uv": [ 7.25, 6, 8.75, 6.5 ], "texture": "#up" },
        "west":  { "uv": [ 6, 13.25, 6.5, 13.5 ], "texture": "#west" },
        "east":  { "uv": [ 9.5, 13.25, 10, 13.5 ], "texture": "#east" }
    }
},
{
    "__comment": "Blaster",
    "from": [ 7.25, 5.75, 6 ],
    "to": [ 8.75, 6, 6.5 ],
    "faces": {
        "down":  { "uv": [ 8.75, 6.5, 7.25, 6 ], "texture": "#down" },
        "south": { "uv": [ 7.25, 10, 8.75, 10.25 ], "texture": "#south" },
        "west":  { "uv": [ 6, 10, 6.5, 10.25 ], "texture": "#west" },
        "east":  { "uv": [ 9.5, 10, 10, 10.25 ], "texture": "#east" }
    }
},
{
    "__comment": "Blaster",
    "from": [ 7.25, 5, 6.25 ],
    "to": [ 8.75, 5.25, 6.5 ],
    "faces": {
        "up":    { "uv": [ 7.25, 6.25, 8.75, 6.5 ], "texture": "#up" },
        "west":  { "uv": [ 6.25, 10.75, 6.5, 11 ], "texture": "#west" },
        "east":  { "uv": [ 9.5, 10.75, 9.75, 11 ], "texture": "#east" }
    }
},
{
    "__comment": "Blaster",
    "from": [ 7.25, 5.5, 6.25 ],
    "to": [ 8.5, 5.75, 6.5 ],
    "faces": {
        "down":  { "uv": [ 8.75, 6.5, 7.5, 6.25 ], "texture": "#down" },
        "south": { "uv": [ 7.25, 10.25, 8.5, 10.5 ], "texture": "#south" },
        "west":  { "uv": [ 6.25, 10.25, 6.5, 10.5 ], "texture": "#west" },
        "east":  { "uv": [ 9.5, 10.25, 9.75, 10.5 ], "texture": "#east" }
    }
},
{
    "__comment": "Blaster",
    "from": [ 7.25, 5.25, 6.5 ],
    "to": [ 8.75, 5.5, 6.75 ],
    "faces": {
        "up":    { "uv": [ 7.25, 6.5, 8.75, 6.75 ], "texture": "#up" },
        "north": { "uv": [ 7.25, 10.5, 8.75, 10.75 ], "texture": "#north" },
        "west":  { "uv": [ 6.5, 10.5, 6.75, 10.75 ], "texture": "#west" },
        "east":  { "uv": [ 9.25, 10.5, 9.5, 10.75 ], "texture": "#east" }
    }
},
{
    "__comment": "Blaster",
    "from": [ 7.25, 7, 6.5 ],
    "to": [ 8.75, 7.75, 6.75 ],
    "faces": {
        "down":  { "uv": [ 8.75, 6.75, 7.25, 6.5 ], "texture": "#down" },
        "south": { "uv": [ 7.25, 8.25, 8.75, 9 ], "texture": "#south" },
        "west":  { "uv": [ 6.5, 8.25, 6.75, 9 ], "texture": "#west" },
        "east":  { "uv": [ 9.25, 8.25, 9.5, 9 ], "texture": "#east" }
    }
},
{
    "__comment": "Blaster",
    "from": [ 7.25, 2.25, 6.75 ],
    "to": [ 8.75, 2.5, 7 ],
    "faces": {
        "down":  { "uv": [ 8.75, 7, 7.25, 6.75 ], "texture": "#down" },
        "north": { "uv": [ 7.25, 13.5, 8.75, 13.75 ], "texture": "#north" },
        "west":  { "uv": [ 6.75, 13.5, 7, 13.75 ], "texture": "#west" },
        "east":  { "uv": [ 9, 13.5, 9.25, 13.75 ], "texture": "#east" }
    }
},
{
    "__comment": "Blaster",
    "from": [ 7.25, 7.25, 6.75 ],
    "to": [ 8.75, 7.75, 7 ],
    "faces": {
        "down":  { "uv": [ 8.75, 7, 7.25, 6.75 ], "texture": "#down" },
        "south": { "uv": [ 7.25, 8.25, 8.75, 8.75 ], "texture": "#south" },
        "west":  { "uv": [ 6.75, 8.25, 7, 8.75 ], "texture": "#west" },
        "east":  { "uv": [ 9, 8.25, 9.25, 8.75 ], "texture": "#east" }
    }
},
{
    "__comment": "Blaster",
    "from": [ 7.25, 13.25, 7 ],
    "to": [ 8.75, 15.25, 7.25 ],
    "faces": {
        "up":    { "uv": [ 7.25, 7, 8.75, 7.25 ], "texture": "#up" },
        "north": { "uv": [ 7.25, 0.75, 8.75, 2.75 ], "texture": "#north" },
        "west":  { "uv": [ 7, 0.75, 7.25, 2.75 ], "texture": "#west" },
        "east":  { "uv": [ 8.75, 0.75, 9, 2.75 ], "texture": "#east" }
    }
},
{
    "__comment": "Blaster",
    "from": [ 7.25, 4.25, 8.25 ],
    "to": [ 8.75, 4.5, 8.5 ],
    "faces": {
        "up":    { "uv": [ 7.25, 8.25, 8.75, 8.5 ], "texture": "#up" },
        "south": { "uv": [ 7.25, 11.5, 8.75, 11.75 ], "texture": "#south" },
        "west":  { "uv": [ 8.25, 11.5, 8.5, 11.75 ], "texture": "#west" },
        "east":  { "uv": [ 7.5, 11.5, 7.75, 11.75 ], "texture": "#east" }
    }
},
{
    "__comment": "Blaster",
    "from": [ 7.25, 13.25, 8.25 ],
    "to": [ 8.75, 15.25, 8.5 ],
    "faces": {
        "up":    { "uv": [ 7.25, 8.25, 8.75, 8.5 ], "texture": "#up" },
        "south": { "uv": [ 7.25, 0.75, 8.75, 2.75 ], "texture": "#south" },
        "west":  { "uv": [ 8.25, 0.75, 8.5, 2.75 ], "texture": "#west" },
        "east":  { "uv": [ 7.5, 0.75, 7.75, 2.75 ], "texture": "#east" }
    }
},
{
    "__comment": "Blaster",
    "from": [ 7.25, 1.75, 8.75 ],
    "to": [ 8.75, 2, 9 ],
    "faces": {
        "down":  { "uv": [ 8.75, 9, 7.25, 8.75 ], "texture": "#down" },
        "north": { "uv": [ 7.25, 14, 8.75, 14.25 ], "texture": "#north" },
        "west":  { "uv": [ 8.75, 14, 9, 14.25 ], "texture": "#west" },
        "east":  { "uv": [ 7, 14, 7.25, 14.25 ], "texture": "#east" }
    }
},
{
    "__comment": "Blaster",
    "from": [ 7.25, 4, 8.75 ],
    "to": [ 8.75, 4.25, 9 ],
    "faces": {
        "up":    { "uv": [ 7.25, 8.75, 8.75, 9 ], "texture": "#up" },
        "south": { "uv": [ 7.25, 11.75, 8.75, 12 ], "texture": "#south" },
        "west":  { "uv": [ 8.75, 11.75, 9, 12 ], "texture": "#west" },
        "east":  { "uv": [ 7, 11.75, 7.25, 12 ], "texture": "#east" }
    }
},
{
    "__comment": "Blaster",
    "from": [ 7.25, 9.5, 8.75 ],
    "to": [ 8.75, 13.25, 9 ],
    "faces": {
        "up":    { "uv": [ 7.25, 8.75, 8.75, 9 ], "texture": "#up" },
        "south": { "uv": [ 7.25, 2.75, 8.75, 6.5 ], "texture": "#south" },
        "west":  { "uv": [ 8.75, 2.75, 9, 6.5 ], "texture": "#west" },
        "east":  { "uv": [ 7, 2.75, 7.25, 6.5 ], "texture": "#east" }
    }
},
{
    "__comment": "Blaster",
    "from": [ 7.25, 1.5, 9 ],
    "to": [ 9, 1.75, 9.25 ],
    "faces": {
        "down":  { "uv": [ 8.75, 9.25, 7, 9 ], "texture": "#down" },
        "north": { "uv": [ 7, 14.25, 8.75, 14.5 ], "texture": "#north" },
        "west":  { "uv": [ 9, 14.25, 9.25, 14.5 ], "texture": "#west" },
        "east":  { "uv": [ 6.75, 14.25, 7, 14.5 ], "texture": "#east" }
    }
},
{
    "__comment": "Blaster",
    "from": [ 7.25, 13, 9 ],
    "to": [ 8.75, 13.25, 9.5 ],
    "faces": {
        "up":    { "uv": [ 7.25, 9, 8.75, 9.5 ], "texture": "#up" },
        "south": { "uv": [ 7.25, 2.75, 8.75, 3 ], "texture": "#south" },
        "west":  { "uv": [ 9, 2.75, 9.5, 3 ], "texture": "#west" },
        "east":  { "uv": [ 6.5, 2.75, 7, 3 ], "texture": "#east" }
    }
},
{
    "__comment": "Blaster",
    "from": [ 7.25, 3.75, 9.25 ],
    "to": [ 8.75, 4, 9.75 ],
    "faces": {
        "up":    { "uv": [ 7.25, 9.25, 8.75, 9.75 ], "texture": "#up" },
        "west":  { "uv": [ 9.25, 12, 9.75, 12.25 ], "texture": "#west" },
        "east":  { "uv": [ 6.25, 12, 6.75, 12.25 ], "texture": "#east" }
    }
},
{
    "__comment": "Blaster",
    "from": [ 7.25, 3.75, 10.5 ],
    "to": [ 8.75, 4, 10.75 ],
    "faces": {
        "up":    { "uv": [ 7.25, 10.5, 8.75, 10.75 ], "texture": "#up" },
        "south": { "uv": [ 7.25, 12, 8.75, 12.25 ], "texture": "#south" },
        "west":  { "uv": [ 10.5, 12, 10.75, 12.25 ], "texture": "#west" },
        "east":  { "uv": [ 5.25, 12, 5.5, 12.25 ], "texture": "#east" }
    }
},
{
    "__comment": "Blaster",
    "from": [ 7.25, 0, 11.25 ],
    "to": [ 8.75, 0.25, 11.5 ],
    "faces": {
        "down":  { "uv": [ 8.75, 11.5, 7.25, 11.25 ], "texture": "#down" },
        "north": { "uv": [ 7.25, 15.75, 8.75, 16 ], "texture": "#north" },
        "west":  { "uv": [ 11.25, 15.75, 11.5, 16 ], "texture": "#west" },
        "east":  { "uv": [ 4.5, 15.75, 4.75, 16 ], "texture": "#east" }
    }
},
{
    "__comment": "Blaster",
    "from": [ 7.25, 3.75, 11.5 ],
    "to": [ 8.75, 4, 12.25 ],
    "faces": {
        "down":  { "uv": [ 8.75, 12.25, 7.25, 11.5 ], "texture": "#down" },
        "up":    { "uv": [ 7.25, 11.5, 8.75, 12.25 ], "texture": "#up" },
        "north": { "uv": [ 7.25, 12, 8.75, 12.25 ], "texture": "#north" },
        "south": { "uv": [ 7.25, 12, 8.75, 12.25 ], "texture": "#south" },
        "west":  { "uv": [ 11.5, 12, 12.25, 12.25 ], "texture": "#west" },
        "east":  { "uv": [ 3.75, 12, 4.5, 12.25 ], "texture": "#east" }
    }
},
{
    "__comment": "Blaster",
    "from": [ 7.25, 0.5, 12 ],
    "to": [ 9.25, 0.75, 12.25 ],
    "faces": {
        "down":  { "uv": [ 8.75, 12.25, 6.75, 12 ], "texture": "#down" },
        "up":    { "uv": [ 7.25, 12, 9.25, 12.25 ], "texture": "#up" },
        "north": { "uv": [ 6.75, 15.25, 8.75, 15.5 ], "texture": "#north" },
        "south": { "uv": [ 7.25, 15.25, 9.25, 15.5 ], "texture": "#south" },
        "east":  { "uv": [ 3.75, 15.25, 4, 15.5 ], "texture": "#east" }
    }
},
{
    "__comment": "Blaster",
    "from": [ 7.25, 3.5, 12 ],
    "to": [ 9.25, 3.75, 12.25 ],
    "faces": {
        "down":  { "uv": [ 8.75, 12.25, 6.75, 12 ], "texture": "#down" },
        "up":    { "uv": [ 7.25, 12, 9.25, 12.25 ], "texture": "#up" },
        "north": { "uv": [ 6.75, 12.25, 8.75, 12.5 ], "texture": "#north" },
        "south": { "uv": [ 7.25, 12.25, 9.25, 12.5 ], "texture": "#south" },
        "east":  { "uv": [ 3.75, 12.25, 4, 12.5 ], "texture": "#east" }
    }
},
{
    "__comment": "Blaster",
    "from": [ 7.25, 0.75, 12.25 ],
    "to": [ 9.25, 1, 12.5 ],
    "faces": {
        "down":  { "uv": [ 8.75, 12.5, 6.75, 12.25 ], "texture": "#down" },
        "up":    { "uv": [ 7.25, 12.25, 9.25, 12.5 ], "texture": "#up" },
        "north": { "uv": [ 6.75, 15, 8.75, 15.25 ], "texture": "#north" },
        "south": { "uv": [ 7.25, 15, 9.25, 15.25 ], "texture": "#south" },
        "east":  { "uv": [ 3.5, 15, 3.75, 15.25 ], "texture": "#east" }
    }
},
{
    "__comment": "Blaster",
    "from": [ 7.25, 1.5, 12.25 ],
    "to": [ 8.75, 1.75, 12.5 ],
    "faces": {
        "west":  { "uv": [ 12.25, 14.25, 12.5, 14.5 ], "texture": "#west" },
        "east":  { "uv": [ 3.5, 14.25, 3.75, 14.5 ], "texture": "#east" }
    }
},
{
    "__comment": "Blaster",
    "from": [ 7.25, 3.25, 12.25 ],
    "to": [ 9.25, 3.5, 12.5 ],
    "faces": {
        "down":  { "uv": [ 8.75, 12.5, 6.75, 12.25 ], "texture": "#down" },
        "up":    { "uv": [ 7.25, 12.25, 9.25, 12.5 ], "texture": "#up" },
        "north": { "uv": [ 6.75, 12.5, 8.75, 12.75 ], "texture": "#north" },
        "south": { "uv": [ 7.25, 12.5, 9.25, 12.75 ], "texture": "#south" },
        "east":  { "uv": [ 3.5, 12.5, 3.75, 12.75 ], "texture": "#east" }
    }
},
{
    "__comment": "Blaster",
    "from": [ 7.25, 1, 12.5 ],
    "to": [ 9.25, 1.25, 12.75 ],
    "faces": {
        "down":  { "uv": [ 8.75, 12.75, 6.75, 12.5 ], "texture": "#down" },
        "up":    { "uv": [ 7.25, 12.5, 9.25, 12.75 ], "texture": "#up" },
        "north": { "uv": [ 6.75, 14.75, 8.75, 15 ], "texture": "#north" },
        "south": { "uv": [ 7.25, 14.75, 9.25, 15 ], "texture": "#south" },
        "east":  { "uv": [ 3.25, 14.75, 3.5, 15 ], "texture": "#east" }
    }
},
{
    "__comment": "Blaster",
    "from": [ 7.25, 3, 12.5 ],
    "to": [ 9.25, 3.25, 12.75 ],
    "faces": {
        "down":  { "uv": [ 8.75, 12.75, 6.75, 12.5 ], "texture": "#down" },
        "up":    { "uv": [ 7.25, 12.5, 9.25, 12.75 ], "texture": "#up" },
        "north": { "uv": [ 6.75, 12.75, 8.75, 13 ], "texture": "#north" },
        "south": { "uv": [ 7.25, 12.75, 9.25, 13 ], "texture": "#south" },
        "east":  { "uv": [ 3.25, 12.75, 3.5, 13 ], "texture": "#east" }
    }
},
{
    "__comment": "Blaster",
    "from": [ 7.5, 3.25, 3 ],
    "to": [ 8.5, 3.75, 3.75 ],
    "faces": {
        "down":  { "uv": [ 8.5, 3.75, 7.5, 3 ], "texture": "#down" },
        "up":    { "uv": [ 7.5, 3, 8.5, 3.75 ], "texture": "#up" },
        "north": { "uv": [ 7.5, 12.25, 8.5, 12.75 ], "texture": "#north" },
        "west":  { "uv": [ 3, 12.25, 3.75, 12.75 ], "texture": "#west" },
        "east":  { "uv": [ 12.25, 12.25, 13, 12.75 ], "texture": "#east" }
    }
},
{
    "__comment": "Blaster",
    "from": [ 7.5, 3, 3.25 ],
    "to": [ 8.5, 3.25, 3.75 ],
    "faces": {
        "down":  { "uv": [ 8.5, 3.75, 7.5, 3.25 ], "texture": "#down" },
        "north": { "uv": [ 7.5, 12.75, 8.5, 13 ], "texture": "#north" },
        "west":  { "uv": [ 3.25, 12.75, 3.75, 13 ], "texture": "#west" },
        "east":  { "uv": [ 12.25, 12.75, 12.75, 13 ], "texture": "#east" }
    }
},
{
    "__comment": "Blaster",
    "from": [ 7.5, 2.75, 3.5 ],
    "to": [ 8.5, 3, 3.75 ],
    "faces": {
        "down":  { "uv": [ 8.5, 3.75, 7.5, 3.5 ], "texture": "#down" },
        "north": { "uv": [ 7.5, 13, 8.5, 13.25 ], "texture": "#north" },
        "west":  { "uv": [ 3.5, 13, 3.75, 13.25 ], "texture": "#west" },
        "east":  { "uv": [ 12.25, 13, 12.5, 13.25 ], "texture": "#east" }
    }
},
{
    "__comment": "Blaster",
    "from": [ 7.5, 6.5, 4 ],
    "to": [ 8.5, 7.75, 4.25 ],
    "faces": {
        "north": { "uv": [ 7.5, 8.25, 8.5, 9.5 ], "texture": "#north" },
        "west":  { "uv": [ 4, 8.25, 4.25, 9.5 ], "texture": "#west" },
        "east":  { "uv": [ 11.75, 8.25, 12, 9.5 ], "texture": "#east" }
    }
},
{
    "__comment": "Blaster",
    "from": [ 7.5, 2.25, 6 ],
    "to": [ 8.5, 2.5, 6.75 ],
    "faces": {
        "down":  { "uv": [ 8.5, 6.75, 7.5, 6 ], "texture": "#down" },
        "up":    { "uv": [ 7.5, 6, 8.5, 6.75 ], "texture": "#up" },
        "north": { "uv": [ 7.5, 13.5, 8.5, 13.75 ], "texture": "#north" },
        "west":  { "uv": [ 6, 13.5, 6.75, 13.75 ], "texture": "#west" },
        "east":  { "uv": [ 9.25, 13.5, 10, 13.75 ], "texture": "#east" }
    }
},
{
    "__comment": "Blaster",
    "from": [ 7.5, 5.25, 6.25 ],
    "to": [ 8.5, 5.5, 6.5 ],
    "faces": {
        "west":  { "uv": [ 6.25, 10.5, 6.5, 10.75 ], "texture": "#west" },
        "east":  { "uv": [ 9.5, 10.5, 9.75, 10.75 ], "texture": "#east" }
    }
},
{
    "__comment": "Blaster",
    "from": [ 7.5, 2, 6.5 ],
    "to": [ 8.5, 2.25, 7.25 ],
    "faces": {
        "down":  { "uv": [ 8.5, 7.25, 7.5, 6.5 ], "texture": "#down" },
        "up":    { "uv": [ 7.5, 6.5, 8.5, 7.25 ], "texture": "#up" },
        "north": { "uv": [ 7.5, 13.75, 8.5, 14 ], "texture": "#north" },
        "south": { "uv": [ 7.5, 13.75, 8.5, 14 ], "texture": "#south" },
        "west":  { "uv": [ 6.5, 13.75, 7.25, 14 ], "texture": "#west" },
        "east":  { "uv": [ 8.75, 13.75, 9.5, 14 ], "texture": "#east" }
    }
},
{
    "__comment": "Blaster",
    "from": [ 7.5, 5.5, 6.5 ],
    "to": [ 8.5, 5.75, 8.5 ],
    "faces": {
        "down":  { "uv": [ 8.5, 8.5, 7.5, 6.5 ], "texture": "#down" },
        "up":    { "uv": [ 7.5, 6.5, 8.5, 8.5 ], "texture": "#up" },
        "south": { "uv": [ 7.5, 10.25, 8.5, 10.5 ], "texture": "#south" },
        "west":  { "uv": [ 6.5, 10.25, 8.5, 10.5 ], "texture": "#west" },
        "east":  { "uv": [ 7.5, 10.25, 9.5, 10.5 ], "texture": "#east" }
    }
},
{
    "__comment": "Blaster",
    "from": [ 7.5, 13.25, 6.75 ],
    "to": [ 8.5, 15.25, 7 ],
    "faces": {
        "up":    { "uv": [ 7.5, 6.75, 8.5, 7 ], "texture": "#up" },
        "north": { "uv": [ 7.5, 0.75, 8.5, 2.75 ], "texture": "#north" },
        "west":  { "uv": [ 6.75, 0.75, 7, 2.75 ], "texture": "#west" },
        "east":  { "uv": [ 9, 0.75, 9.25, 2.75 ], "texture": "#east" }
    }
},
{
    "__comment": "Blaster",
    "from": [ 7.5, 8, 7 ],
    "to": [ 8.5, 8.5, 8.5 ],
    "faces": {
        "down":  { "uv": [ 8.5, 8.5, 7.5, 7 ], "texture": "#down" },
        "south": { "uv": [ 7.5, 7.5, 8.5, 8 ], "texture": "#south" },
        "west":  { "uv": [ 7, 7.5, 8.5, 8 ], "texture": "#west" },
        "east":  { "uv": [ 7.5, 7.5, 9, 8 ], "texture": "#east" }
    }
},
{
    "__comment": "Blaster",
    "from": [ 7.5, 5.25, 7.75 ],
    "to": [ 8.5, 5.5, 8.5 ],
    "faces": {
        "down":  { "uv": [ 8.5, 8.5, 7.5, 7.75 ], "texture": "#down" },
        "south": { "uv": [ 7.5, 10.5, 8.5, 10.75 ], "texture": "#south" },
        "west":  { "uv": [ 7.75, 10.5, 8.5, 10.75 ], "texture": "#west" },
        "east":  { "uv": [ 7.5, 10.5, 8.25, 10.75 ], "texture": "#east" }
    }
},
{
    "__comment": "Blaster",
    "from": [ 7.5, 7.75, 7.75 ],
    "to": [ 8.5, 8, 8.5 ],
    "faces": {
        "down":  { "uv": [ 8.5, 8.5, 7.5, 7.75 ], "texture": "#down" },
        "north": { "uv": [ 7.5, 8, 8.5, 8.25 ], "texture": "#north" },
        "south": { "uv": [ 7.5, 8, 8.5, 8.25 ], "texture": "#south" },
        "west":  { "uv": [ 7.75, 8, 8.5, 8.25 ], "texture": "#west" },
        "east":  { "uv": [ 7.5, 8, 8.25, 8.25 ], "texture": "#east" }
    }
},
{
    "__comment": "Blaster",
    "from": [ 7.5, 4.75, 8 ],
    "to": [ 8.5, 5.25, 8.25 ],
    "faces": {
        "north": { "uv": [ 7.5, 10.75, 8.5, 11.25 ], "texture": "#north" },
        "south": { "uv": [ 7.5, 10.75, 8.5, 11.25 ], "texture": "#south" },
        "west":  { "uv": [ 8, 10.75, 8.25, 11.25 ], "texture": "#west" },
        "east":  { "uv": [ 7.75, 10.75, 8, 11.25 ], "texture": "#east" }
    }
},
{
    "__comment": "Blaster",
    "from": [ 7.5, 5.75, 8 ],
    "to": [ 8.5, 7.75, 8.5 ],
    "faces": {
        "north": { "uv": [ 7.5, 8.25, 8.5, 10.25 ], "texture": "#north" },
        "south": { "uv": [ 7.5, 8.25, 8.5, 10.25 ], "texture": "#south" },
        "west":  { "uv": [ 8, 8.25, 8.5, 10.25 ], "texture": "#west" },
        "east":  { "uv": [ 7.5, 8.25, 8, 10.25 ], "texture": "#east" }
    }
},
{
    "__comment": "Blaster",
    "from": [ 7.5, 13.25, 8.5 ],
    "to": [ 8.5, 15.25, 8.75 ],
    "faces": {
        "up":    { "uv": [ 7.5, 8.5, 8.5, 8.75 ], "texture": "#up" },
        "south": { "uv": [ 7.5, 0.75, 8.5, 2.75 ], "texture": "#south" },
        "west":  { "uv": [ 8.5, 0.75, 8.75, 2.75 ], "texture": "#west" },
        "east":  { "uv": [ 7.25, 0.75, 7.5, 2.75 ], "texture": "#east" }
    }
},
{
    "__comment": "Blaster",
    "from": [ 7.75, 14.5, 3.75 ],
    "to": [ 9, 15.75, 4 ],
    "faces": {
        "up":    { "uv": [ 7.75, 3.75, 9, 4 ], "texture": "#up" },
        "north": { "uv": [ 7, 0.25, 8.25, 1.5 ], "texture": "#north" },
        "east":  { "uv": [ 12, 0.25, 12.25, 1.5 ], "texture": "#east" }
    }
},
{
    "__comment": "Blaster",
    "from": [ 7.75, 2.25, 4 ],
    "to": [ 8.25, 2.5, 4.25 ],
    "faces": {
        "down":  { "uv": [ 8.25, 4.25, 7.75, 4 ], "texture": "#down" },
        "north": { "uv": [ 7.75, 13.5, 8.25, 13.75 ], "texture": "#north" },
        "west":  { "uv": [ 4, 13.5, 4.25, 13.75 ], "texture": "#west" },
        "east":  { "uv": [ 11.75, 13.5, 12, 13.75 ], "texture": "#east" }
    }
},
{
    "__comment": "Blaster",
    "from": [ 7.75, 1.5, 4.25 ],
    "to": [ 8.25, 2.25, 5 ],
    "faces": {
        "down":  { "uv": [ 8.25, 5, 7.75, 4.25 ], "texture": "#down" },
        "north": { "uv": [ 7.75, 13.75, 8.25, 14.5 ], "texture": "#north" },
        "south": { "uv": [ 7.75, 13.75, 8.25, 14.5 ], "texture": "#south" },
        "west":  { "uv": [ 4.25, 13.75, 5, 14.5 ], "texture": "#west" },
        "east":  { "uv": [ 11, 13.75, 11.75, 14.5 ], "texture": "#east" }
    }
},
{
    "__comment": "Blaster",
    "from": [ 7.75, 1.75, 5 ],
    "to": [ 8.25, 2.25, 5.5 ],
    "faces": {
        "down":  { "uv": [ 8.25, 5.5, 7.75, 5 ], "texture": "#down" },
        "south": { "uv": [ 7.75, 13.75, 8.25, 14.25 ], "texture": "#south" },
        "west":  { "uv": [ 5, 13.75, 5.5, 14.25 ], "texture": "#west" },
        "east":  { "uv": [ 10.5, 13.75, 11, 14.25 ], "texture": "#east" }
    }
},
{
    "__comment": "Blaster",
    "from": [ 7.75, 5.75, 6.5 ],
    "to": [ 8.25, 6.25, 8 ],
    "faces": {
        "up":    { "uv": [ 7.5, 10.5, 8, 12 ], "texture": "#up" },
        "north": { "uv": [ 7.75, 9.75, 8.25, 10.25 ], "texture": "#north" },
        "west":  { "uv": [ 6.5, 9.75, 8, 10.25 ], "texture": "#west" },
        "east":  { "uv": [ 8, 9.75, 9.5, 10.25 ], "texture": "#east" }
    }
},
{
    "__comment": "Blaster",
    "from": [ 7.75, 6.25, 6.5 ],
    "to": [ 8.25, 6.5, 6.75 ],
    "faces": {
        "up":    { "uv": [ 7.75, 6.5, 8.25, 6.75 ], "texture": "#up" },
        "south": { "uv": [ 7.75, 9.5, 8.25, 9.75 ], "texture": "#south" },
        "west":  { "uv": [ 6.5, 9.5, 6.75, 9.75 ], "texture": "#west" },
        "east":  { "uv": [ 9.25, 9.5, 9.5, 9.75 ], "texture": "#east" }
    }
},
{
    "__comment": "Blaster",
    "from": [ 8.25, 15.75, 3.75 ],
    "to": [ 9, 16, 4 ],
    "faces": {
        "up":    { "uv": [ 8.25, 3.75, 9, 4 ], "texture": "#up" },
        "north": { "uv": [ 7, 0, 7.75, 0.25 ], "texture": "#north" },
        "south": { "uv": [ 8.25, 0, 9, 0.25 ], "texture": "#south" },
        "west":  { "uv": [ 3.75, 0, 4, 0.25 ], "texture": "#west" },
        "east":  { "uv": [ 12, 0, 12.25, 0.25 ], "texture": "#east" }
    }
},
{
    "__comment": "Blaster",
    "from": [ 8.5, 15.75, 4 ],
    "to": [ 9.25, 16, 4.25 ],
    "faces": {
        "up":    { "uv": [ 8.5, 4, 9.25, 4.25 ], "texture": "#up" },
        "north": { "uv": [ 6.75, 0, 7.5, 0.25 ], "texture": "#north" },
        "south": { "uv": [ 8.5, 0, 9.25, 0.25 ], "texture": "#south" },
        "west":  { "uv": [ 4, 0, 4.25, 0.25 ], "texture": "#west" },
        "east":  { "uv": [ 11.75, 0, 12, 0.25 ], "texture": "#east" }
    }
},
{
    "__comment": "Blaster",
    "from": [ 8.75, 15.75, 4.25 ],
    "to": [ 9.25, 16, 5 ],
    "faces": {
        "up":    { "uv": [ 8.75, 4.25, 9.25, 5 ], "texture": "#up" },
        "south": { "uv": [ 8.75, 0, 9.25, 0.25 ], "texture": "#south" },
        "west":  { "uv": [ 4.25, 0, 5, 0.25 ], "texture": "#west" },
        "east":  { "uv": [ 11, 0, 11.75, 0.25 ], "texture": "#east" }
    }
},
{
    "__comment": "Blaster",
    "from": [ 8.75, 2.5, 6 ],
    "to": [ 9, 2.75, 6.25 ],
    "faces": {
        "down":  { "uv": [ 7.25, 6.25, 7, 6 ], "texture": "#down" },
        "south": { "uv": [ 8.75, 13.25, 9, 13.5 ], "texture": "#south" },
        "east":  { "uv": [ 9.75, 13.25, 10, 13.5 ], "texture": "#east" }
    }
},
{
    "__comment": "Blaster",
    "from": [ 8.75, 0.25, 12 ],
    "to": [ 9.25, 0.5, 12.25 ],
    "faces": {
        "down":  { "uv": [ 7.25, 12.25, 6.75, 12 ], "texture": "#down" },
        "south": { "uv": [ 8.75, 15.5, 9.25, 15.75 ], "texture": "#south" },
        "west":  { "uv": [ 12, 15.5, 12.25, 15.75 ], "texture": "#west" },
        "east":  { "uv": [ 3.75, 15.5, 4, 15.75 ], "texture": "#east" }
    }
},
{
    "__comment": "Blaster",
    "from": [ 8.75, 0.5, 12.25 ],
    "to": [ 9.25, 0.75, 12.5 ],
    "faces": {
        "down":  { "uv": [ 7.25, 12.5, 6.75, 12.25 ], "texture": "#down" },
        "south": { "uv": [ 8.75, 15.25, 9.25, 15.5 ], "texture": "#south" },
        "west":  { "uv": [ 12.25, 15.25, 12.5, 15.5 ], "texture": "#west" },
        "east":  { "uv": [ 3.5, 15.25, 3.75, 15.5 ], "texture": "#east" }
    }
},
{
    "__comment": "Blaster",
    "from": [ 8.75, 3.5, 12.25 ],
    "to": [ 9.25, 3.75, 12.5 ],
    "faces": {
        "up":    { "uv": [ 8.75, 12.25, 9.25, 12.5 ], "texture": "#up" },
        "south": { "uv": [ 8.75, 12.25, 9.25, 12.5 ], "texture": "#south" },
        "west":  { "uv": [ 12.25, 12.25, 12.5, 12.5 ], "texture": "#west" },
        "east":  { "uv": [ 3.5, 12.25, 3.75, 12.5 ], "texture": "#east" }
    }
},
{
    "__comment": "Blaster",
    "from": [ 8.75, 0.75, 12.5 ],
    "to": [ 9.25, 1, 12.75 ],
    "faces": {
        "down":  { "uv": [ 7.25, 12.75, 6.75, 12.5 ], "texture": "#down" },
        "south": { "uv": [ 8.75, 15, 9.25, 15.25 ], "texture": "#south" },
        "west":  { "uv": [ 12.5, 15, 12.75, 15.25 ], "texture": "#west" },
        "east":  { "uv": [ 3.25, 15, 3.5, 15.25 ], "texture": "#east" }
    }
},
{
    "__comment": "Blaster",
    "from": [ 8.75, 3.25, 12.5 ],
    "to": [ 9.25, 3.5, 12.75 ],
    "faces": {
        "up":    { "uv": [ 8.75, 12.5, 9.25, 12.75 ], "texture": "#up" },
        "south": { "uv": [ 8.75, 12.5, 9.25, 12.75 ], "texture": "#south" },
        "west":  { "uv": [ 12.5, 12.5, 12.75, 12.75 ], "texture": "#west" },
        "east":  { "uv": [ 3.25, 12.5, 3.5, 12.75 ], "texture": "#east" }
    }
},
{
    "__comment": "Blaster",
    "from": [ 8.75, 1, 12.75 ],
    "to": [ 9.25, 3.25, 13 ],
    "faces": {
        "down":  { "uv": [ 7.25, 13, 6.75, 12.75 ], "texture": "#down" },
        "up":    { "uv": [ 8.75, 12.75, 9.25, 13 ], "texture": "#up" },
        "north": { "uv": [ 6.75, 12.75, 7.25, 15 ], "texture": "#north" },
        "south": { "uv": [ 8.75, 12.75, 9.25, 15 ], "texture": "#south" },
        "west":  { "uv": [ 12.75, 12.75, 13, 15 ], "texture": "#west" },
        "east":  { "uv": [ 3, 12.75, 3.25, 15 ], "texture": "#east" }
    }
}
],
"display": {
    "thirdperson": {
        "rotation": [ -43, -3, 0 ],
        "translation": [ 0, 1.7, -2.1 ],
        "scale": [ 0.9, 0.9, 0.9 ]
    },
    "firstperson": {
        "rotation": [ 90, 140, 11 ],
        "translation": [ -4.5, 2.4, -0.4 ],
        "scale": [ 1.75, 1.75, 1.75 ]
    },
    "gui": {
        "rotation": [ 52, -137, -21 ],
        "translation": [ 0, 0, 0 ],
        "scale": [ 1.3, 1.3, 1.3 ]
    }
}
}