{
    "__comment": "Model generated using MrCrayfish's Model Creator (http://mrcrayfish.com/modelcreator/)",
    "textures": {
        "particle": "blocks/blocks/OnePoundFish_south2",
        "0": "blocks/OnePoundFish_north2",
        "1": "blocks/OnePoundFish_east2",
        "2": "blocks/OnePoundFish_south2",
        "3": "blocks/OnePoundFish_west2",
        "4": "blocks/OnePoundFish_up2",
        "5": "blocks/OnePoundFish_down2"
    },
    "elements": [
        {
            "name": "Element",
            "from": [ 5.0, 0.5, 13.0 ], 
            "to": [ 11.0, 1.5, 16.0 ], 
            "faces": {
                "north": { "texture": "#0", "uv": [ 11.0, 14.5, 5.0, 15.5 ] },
                "east": { "texture": "#1", "uv": [ 3.0, 15.5, 0.0, 15.5 ] },
                "south": { "texture": "#2", "uv": [ 5.0, 15.5, 11.0, 15.5 ] },
                "west": { "texture": "#3", "uv": [ 13.0, 15.5, 16.0, 15.5 ] },
                "up": { "texture": "#4", "uv": [ 5.0, 13.0, 11.0, 16.0 ] },
                "down": { "texture": "#5", "uv": [ 11.0, 16.0, 5.0, 13.0 ] }
            }
        },
        {
            "name": "Element",
            "from": [ 5.0, 1.0, 13.0 ], 
            "to": [ 6.0, 2.0, 15.0 ], 
            "faces": {
                "north": { "texture": "#0", "uv": [ 10.0, 14.0, 11.0, 15.0 ] },
                "east": { "texture": "#1", "uv": [ 1.0, 14.0, 3.0, 15.0 ] },
                "south": { "texture": "#2", "uv": [ 5.0, 14.0, 6.0, 15.0 ] },
                "west": { "texture": "#3", "uv": [ 13.0, 14.0, 15.0, 15.0 ] },
                "up": { "texture": "#4", "uv": [ 5.0, 13.0, 6.0, 15.0 ] },
                "down": { "texture": "#5", "uv": [ 11.0, 15.0, 10.0, 13.0 ] }
            }
        },
        {
            "name": "Element",
            "from": [ 5.0, 2.0, 13.0 ], 
            "to": [ 6.0, 5.0, 14.0 ], 
            "faces": {
                "north": { "texture": "#0", "uv": [ 10.0, 11.0, 11.0, 14.0 ] },
                "east": { "texture": "#1", "uv": [ 2.0, 11.0, 3.0, 14.0 ] },
                "south": { "texture": "#2", "uv": [ 5.0, 11.0, 6.0, 14.0 ] },
                "west": { "texture": "#3", "uv": [ 13.0, 11.0, 14.0, 14.0 ] },
                "up": { "texture": "#4", "uv": [ 5.0, 13.0, 6.0, 14.0 ] },
                "down": { "texture": "#5", "uv": [ 11.0, 14.0, 10.0, 13.0 ] }
            }
        },
        {
            "name": "Element",
            "from": [ 10.0, 2.0, 13.0 ], 
            "to": [ 11.0, 5.0, 14.0 ], 
            "faces": {
                "north": { "texture": "#0", "uv": [ 5.0, 11.0, 6.0, 14.0 ] },
                "east": { "texture": "#1", "uv": [ 2.0, 11.0, 3.0, 14.0 ] },
                "south": { "texture": "#2", "uv": [ 10.0, 11.0, 11.0, 14.0 ] },
                "west": { "texture": "#3", "uv": [ 13.0, 11.0, 14.0, 14.0 ] },
                "up": { "texture": "#4", "uv": [ 10.0, 13.0, 11.0, 14.0 ] },
                "down": { "texture": "#5", "uv": [ 6.0, 14.0, 5.0, 13.0 ] }
            }
        },
        {
            "name": "Element",
            "from": [ 10.0, 1.0, 13.0 ], 
            "to": [ 11.0, 2.0, 15.0 ], 
            "faces": {
                "north": { "texture": "#0", "uv": [ 5.0, 14.0, 6.0, 15.0 ] },
                "east": { "texture": "#1", "uv": [ 1.0, 14.0, 3.0, 15.0 ] },
                "south": { "texture": "#2", "uv": [ 10.0, 14.0, 11.0, 15.0 ] },
                "west": { "texture": "#3", "uv": [ 13.0, 14.0, 15.0, 15.0 ] },
                "up": { "texture": "#4", "uv": [ 10.0, 13.0, 11.0, 15.0 ] },
                "down": { "texture": "#5", "uv": [ 6.0, 15.0, 5.0, 13.0 ] }
            }
        },
        {
            "name": "Element",
            "from": [ 5.0, 5.0, 13.0 ], 
            "to": [ 6.0, 6.0, 15.0 ], 
            "faces": {
                "north": { "texture": "#0", "uv": [ 10.0, 10.0, 11.0, 11.0 ] },
                "east": { "texture": "#1", "uv": [ 1.0, 10.0, 3.0, 11.0 ] },
                "south": { "texture": "#2", "uv": [ 5.0, 10.0, 6.0, 11.0 ] },
                "west": { "texture": "#3", "uv": [ 13.0, 10.0, 15.0, 11.0 ] },
                "up": { "texture": "#4", "uv": [ 5.0, 13.0, 6.0, 15.0 ] },
                "down": { "texture": "#5", "uv": [ 11.0, 15.0, 10.0, 13.0 ] }
            }
        },
        {
            "name": "Element",
            "from": [ 10.0, 5.0, 13.0 ], 
            "to": [ 11.0, 6.0, 15.0 ], 
            "faces": {
                "north": { "texture": "#0", "uv": [ 5.0, 10.0, 6.0, 11.0 ] },
                "east": { "texture": "#1", "uv": [ 1.0, 10.0, 3.0, 11.0 ] },
                "south": { "texture": "#2", "uv": [ 10.0, 10.0, 11.0, 11.0 ] },
                "west": { "texture": "#3", "uv": [ 13.0, 10.0, 15.0, 11.0 ] },
                "up": { "texture": "#4", "uv": [ 10.0, 13.0, 11.0, 15.0 ] },
                "down": { "texture": "#5", "uv": [ 6.0, 15.0, 5.0, 13.0 ] }
            }
        },
        {
            "name": "Element",
            "from": [ 5.0, 5.5, 13.0 ], 
            "to": [ 11.0, 6.5, 16.0 ], 
            "faces": {
                "north": { "texture": "#0", "uv": [ 5.0, 9.0, 11.0, 10.0 ] },
                "east": { "texture": "#1", "uv": [ 0.0, 9.0, 3.0, 10.0 ] },
                "south": { "texture": "#2", "uv": [ 5.0, 9.0, 11.0, 10.0 ] },
                "west": { "texture": "#3", "uv": [ 13.0, 9.0, 16.0, 10.0 ] },
                "up": { "texture": "#4", "uv": [ 5.0, 13.0, 11.0, 16.0 ] },
                "down": { "texture": "#5", "uv": [ 11.0, 16.0, 5.0, 13.0 ] }
            }
        },
        {
            "name": "Element",
            "from": [ 5.0, 0.0, 6.0 ], 
            "to": [ 11.0, 8.0, 13.0 ], 
            "faces": {
                "north": { "texture": "#0", "uv": [ 5.0, 8.0, 11.0, 16.0 ] },
                "east": { "texture": "#1", "uv": [ 3.0, 8.0, 10.0, 16.0 ] },
                "south": { "texture": "#2", "uv": [ 5.0, 8.0, 11.0, 16.0 ] },
                "west": { "texture": "#3", "uv": [ 6.0, 8.0, 13.0, 16.0 ] },
                "up": { "texture": "#4", "uv": [ 5.0, 6.0, 11.0, 13.0 ] },
                "down": { "texture": "#5", "uv": [ 11.0, 13.0, 5.0, 6.0 ] }
            }
        },
        {
            "name": "Element",
            "from": [ 5.0, 1.0, 5.0 ], 
            "to": [ 11.0, 7.0, 6.0 ], 
            "faces": {
                "north": { "texture": "#0", "uv": [ 5.0, 9.0, 11.0, 15.0 ] },
                "east": { "texture": "#1", "uv": [ 10.0, 9.0, 11.0, 15.0 ] },
                "south": { "texture": "#2", "uv": [ 5.0, 9.0, 11.0, 15.0 ] },
                "west": { "texture": "#3", "uv": [ 5.0, 9.0, 6.0, 15.0 ] },
                "up": { "texture": "#4", "uv": [ 5.0, 5.0, 11.0, 6.0 ] },
                "down": { "texture": "#5", "uv": [ 11.0, 6.0, 5.0, 5.0 ] }
            }
        },
        {
            "name": "Element",
            "from": [ 3.0, 3.4000000059604645, 8.0 ], 
            "to": [ 4.0, 6.4000000059604645, 12.0 ], 
            "faces": {
                "north": { "texture": "#0", "uv": [ 12.0, 9.0, 13.0, 13.0 ] },
                "east": { "texture": "#1", "uv": [ 4.0, 9.0, 8.0, 13.0 ] },
                "south": { "texture": "#2", "uv": [ 3.0, 9.0, 4.0, 13.0 ] },
                "west": { "texture": "#3", "uv": [ 8.0, 9.0, 12.0, 13.0 ] },
                "up": { "texture": "#4", "uv": [ 3.0, 8.0, 4.0, 13.0 ] },
                "down": { "texture": "#5", "uv": [ 13.0, 13.0, 12.0, 8.0 ] }
            }
        },
        {
            "name": "Element",
            "from": [ 12.0, 3.4000000059604645, 8.0 ], 
            "to": [ 13.0, 6.4000000059604645, 12.0 ], 
            "faces": {
                "north": { "texture": "#0", "uv": [ 3.0, 9.0, 4.0, 13.0 ] },
                "east": { "texture": "#1", "uv": [ 4.0, 9.0, 8.0, 13.0 ] },
                "south": { "texture": "#2", "uv": [ 12.0, 9.0, 13.0, 13.0 ] },
                "west": { "texture": "#3", "uv": [ 8.0, 10.0, 12.0, 14.0 ] },
                "up": { "texture": "#4", "uv": [ 12.0, 8.0, 13.0, 12.0 ] },
                "down": { "texture": "#5", "uv": [ 4.0, 13.0, 3.0, 8.0 ] }
            }
        },
        {
            "name": "Element",
            "from": [ 11.499999985098839, 4.100000008940697, 8.99999999254942 ], 
            "to": [ 13.5, 5.699999995529652, 11.0 ], 
            "faces": {
                "north": { "texture": "#0", "uv": [ 2.0, 11.0, 3.0, 12.0 ] },
                "east": { "texture": "#1", "uv": [ 5.0, 10.0, 6.999999999999998, 12.000000000000002 ] },
                "south": { "texture": "#2", "uv": [ 13.0, 11.0, 14.0, 12.0 ] },
                "west": { "texture": "#3", "uv": [ 9.5, 10.0, 11.0, 11.5 ] },
                "up": { "texture": "#4", "uv": [ 12.5, 9.5, 13.5, 11.0 ] },
                "down": { "texture": "#5", "uv": [ 3.5, 11.0, 2.5, 9.5 ] }
            }
        },
        {
            "name": "Element",
            "from": [ 4.0, 1.0, 6.0 ], 
            "to": [ 5.0, 7.0, 13.0 ], 
            "faces": {
                "north": { "texture": "#0", "uv": [ 11.0, 9.0, 12.0, 15.0 ] },
                "east": { "texture": "#1", "uv": [ 3.0, 9.0, 10.0, 15.0 ] },
                "south": { "texture": "#2", "uv": [ 4.0, 9.0, 5.0, 15.0 ] },
                "west": { "texture": "#3", "uv": [ 6.0, 9.0, 13.0, 15.0 ] },
                "up": { "texture": "#4", "uv": [ 4.0, 6.0, 5.0, 13.0 ] },
                "down": { "texture": "#5", "uv": [ 12.0, 13.0, 11.0, 6.0 ] }
            }
        },
        {
            "name": "Element",
            "from": [ 11.0, 1.0, 6.0 ], 
            "to": [ 12.0, 7.0, 13.0 ], 
            "faces": {
                "north": { "texture": "#0", "uv": [ 4.0, 9.0, 5.0, 15.0 ] },
                "east": { "texture": "#1", "uv": [ 3.0, 9.0, 10.0, 15.0 ] },
                "south": { "texture": "#2", "uv": [ 11.0, 9.0, 12.0, 15.0 ] },
                "west": { "texture": "#3", "uv": [ 6.0, 9.0, 13.0, 15.0 ] },
                "up": { "texture": "#4", "uv": [ 11.0, 6.0, 12.0, 13.0 ] },
                "down": { "texture": "#5", "uv": [ 5.0, 13.0, 4.0, 6.0 ] }
            }
        },
        {
            "name": "Element",
            "from": [ 6.0, 8.0, 9.0 ], 
            "to": [ 10.0, 9.0, 13.0 ], 
            "faces": {
                "north": { "texture": "#0", "uv": [ 6.0, 7.0, 10.0, 8.0 ] },
                "east": { "texture": "#1", "uv": [ 3.0, 7.0, 7.0, 8.0 ] },
                "south": { "texture": "#2", "uv": [ 6.0, 7.0, 10.0, 8.0 ] },
                "west": { "texture": "#3", "uv": [ 9.0, 7.0, 13.0, 8.0 ] },
                "up": { "texture": "#4", "uv": [ 7.0, 1.0, 9.0, 4.0 ] },
                "down": { "texture": "#5", "uv": [ 9.0, 5.0, 7.0, 1.0 ] }
            }
        },
        {
            "name": "Element",
            "from": [ 7.0, 9.0, 7.0 ], 
            "to": [ 9.0, 10.0, 12.0 ], 
            "faces": {
                "north": { "texture": "#0", "uv": [ 7.0, 6.0, 9.0, 7.0 ] },
                "east": { "texture": "#1", "uv": [ 4.0, 6.0, 9.0, 7.0 ] },
                "south": { "texture": "#2", "uv": [ 7.0, 6.0, 9.0, 7.0 ] },
                "west": { "texture": "#3", "uv": [ 7.0, 6.0, 12.0, 7.0 ] },
                "up": { "texture": "#4", "uv": [ 7.0, 10.0, 9.0, 13.0 ] },
                "down": { "texture": "#5", "uv": [ 9.0, 5.0, 7.0, 1.0 ] }
            }
        },
        {
            "name": "Element",
            "from": [ 7.0, 10.0, 5.0 ], 
            "to": [ 9.0, 11.0, 10.0 ], 
            "faces": {
                "north": { "texture": "#0", "uv": [ 7.0, 5.0, 9.0, 6.0 ] },
                "east": { "texture": "#1", "uv": [ 6.0, 5.0, 11.0, 6.0 ] },
                "south": { "texture": "#2", "uv": [ 7.0, 5.0, 9.0, 6.0 ] },
                "west": { "texture": "#3", "uv": [ 5.0, 5.0, 10.0, 6.0 ] },
                "up": { "texture": "#4", "uv": [ 7.0, 1.0, 9.0, 4.0 ] },
                "down": { "texture": "#5", "uv": [ 9.0, 5.0, 7.0, 1.0 ] }
            }
        },
        {
            "name": "Element",
            "from": [ 7.0, 3.0, 1.5 ], 
            "to": [ 9.0, 5.0, 5.0 ], 
            "faces": {
                "north": { "texture": "#0", "uv": [ 7.0, 11.0, 9.0, 13.0 ] },
                "east": { "texture": "#1", "uv": [ 11.0, 11.0, 14.5, 13.0 ] },
                "south": { "texture": "#2", "uv": [ 7.0, 11.0, 9.0, 13.0 ] },
                "west": { "texture": "#3", "uv": [ 1.5, 11.0, 5.0, 13.0 ] },
                "up": { "texture": "#4", "uv": [ 7.0, 1.5, 9.0, 5.0 ] },
                "down": { "texture": "#5", "uv": [ 9.0, 5.0, 7.0, 1.5 ] }
            }
        },
        {
            "name": "Element",
            "from": [ 7.0, 5.0, 2.0 ], 
            "to": [ 9.0, 6.0, 4.0 ], 
            "faces": {
                "north": { "texture": "#0", "uv": [ 7.0, 10.0, 9.0, 11.0 ] },
                "east": { "texture": "#1", "uv": [ 12.0, 10.0, 14.0, 11.0 ] },
                "south": { "texture": "#2", "uv": [ 7.0, 9.0, 9.0, 10.0 ] },
                "west": { "texture": "#3", "uv": [ 2.0, 10.0, 4.0, 11.0 ] },
                "up": { "texture": "#4", "uv": [ 7.0, 2.0, 9.0, 4.0 ] },
                "down": { "texture": "#5", "uv": [ 9.0, 4.0, 7.0, 2.0 ] }
            }
        },
        {
            "name": "Element",
            "from": [ 7.0, 2.0, 2.0 ], 
            "to": [ 9.0, 3.0, 4.0 ], 
            "faces": {
                "north": { "texture": "#0", "uv": [ 7.0, 13.0, 9.0, 14.0 ] },
                "east": { "texture": "#1", "uv": [ 12.0, 13.0, 14.0, 14.0 ] },
                "south": { "texture": "#2", "uv": [ 7.0, 9.0, 9.0, 10.0 ] },
                "west": { "texture": "#3", "uv": [ 2.0, 13.0, 4.0, 14.0 ] },
                "up": { "texture": "#4", "uv": [ 7.0, 2.0, 9.0, 4.0 ] },
                "down": { "texture": "#5", "uv": [ 9.0, 4.0, 7.0, 2.0 ] }
            }
        },
        {
            "name": "Element",
            "from": [ 7.0, 1.0, 1.0 ], 
            "to": [ 9.0, 2.0, 3.0 ], 
            "faces": {
                "north": { "texture": "#0", "uv": [ 7.0, 14.0, 9.0, 15.0 ] },
                "east": { "texture": "#1", "uv": [ 13.0, 14.0, 15.0, 15.0 ] },
                "south": { "texture": "#2", "uv": [ 7.0, 15.0, 9.0, 16.0 ] },
                "west": { "texture": "#3", "uv": [ 1.0, 14.0, 3.0, 15.0 ] },
                "up": { "texture": "#4", "uv": [ 7.0, 1.0, 9.0, 3.0 ] },
                "down": { "texture": "#5", "uv": [ 9.0, 3.0, 7.0, 1.0 ] }
            }
        },
        {
            "name": "Element",
            "from": [ 7.0, 2.0, 1.5 ], 
            "to": [ 9.0, 2.5, 2.0 ], 
            "faces": {
                "north": { "texture": "#0", "uv": [ 7.0, 13.5, 9.0, 14.0 ] },
                "east": { "texture": "#1", "uv": [ 14.0, 13.5, 14.5, 14.0 ] },
                "south": { "texture": "#2", "uv": [ 7.0, 9.5, 9.0, 10.0 ] },
                "west": { "texture": "#3", "uv": [ 1.5, 13.5, 2.0, 14.0 ] },
                "up": { "texture": "#4", "uv": [ 7.0, 1.5, 9.0, 2.0 ] },
                "down": { "texture": "#5", "uv": [ 9.0, 2.0, 7.0, 1.5 ] }
            }
        },
        {
            "name": "Element",
            "from": [ 7.0, 6.0, 1.0 ], 
            "to": [ 9.0, 7.0, 3.0 ], 
            "faces": {
                "north": { "texture": "#0", "uv": [ 7.0, 9.0, 9.0, 10.0 ] },
                "east": { "texture": "#1", "uv": [ 13.0, 9.0, 15.0, 10.0 ] },
                "south": { "texture": "#2", "uv": [ 7.0, 9.0, 9.0, 10.0 ] },
                "west": { "texture": "#3", "uv": [ 1.0, 9.0, 3.0, 10.0 ] },
                "up": { "texture": "#4", "uv": [ 7.0, 1.0, 9.0, 3.0 ] },
                "down": { "texture": "#5", "uv": [ 9.0, 3.0, 7.0, 1.0 ] }
            }
        },
        {
            "name": "Element",
            "from": [ 7.0, 5.5, 1.5 ], 
            "to": [ 9.0, 6.0, 2.0 ], 
            "faces": {
                "north": { "texture": "#0", "uv": [ 7.0, 10.0, 9.0, 10.5 ] },
                "east": { "texture": "#1", "uv": [ 14.0, 10.0, 14.5, 10.5 ] },
                "south": { "texture": "#2", "uv": [ 7.0, 10.0, 9.0, 10.5 ] },
                "west": { "texture": "#3", "uv": [ 1.5, 10.0, 2.0, 10.5 ] },
                "up": { "texture": "#4", "uv": [ 7.0, 1.5, 9.0, 2.0 ] },
                "down": { "texture": "#5", "uv": [ 9.0, 2.0, 7.0, 1.5 ] }
            }
        },
        {
            "name": "Element",
            "from": [ 6.0, 1.5, 4.5 ], 
            "to": [ 10.0, 6.5, 5.5 ], 
            "faces": {
                "north": { "texture": "#0", "uv": [ 6.0, 9.5, 10.0, 14.5 ] },
                "east": { "texture": "#1", "uv": [ 9.5, 9.5, 10.5, 14.5 ] },
                "south": { "texture": "#2", "uv": [ 6.0, 9.5, 10.0, 14.5 ] },
                "west": { "texture": "#3", "uv": [ 5.5, 9.5, 6.5, 14.5 ] },
                "up": { "texture": "#4", "uv": [ 6.0, 4.5, 10.0, 5.5 ] },
                "down": { "texture": "#5", "uv": [ 10.0, 5.5, 6.0, 4.5 ] }
            }
        },
        {
            "name": "Element",
            "from": [ 6.0, 3.0, 3.5 ], 
            "to": [ 10.0, 5.0, 4.5 ], 
            "faces": {
                "north": { "texture": "#0", "uv": [ 6.0, 11.0, 10.0, 13.0 ] },
                "east": { "texture": "#1", "uv": [ 11.5, 11.0, 12.5, 13.0 ] },
                "south": { "texture": "#2", "uv": [ 6.0, 11.0, 10.0, 13.0 ] },
                "west": { "texture": "#3", "uv": [ 3.5, 11.0, 4.5, 13.0 ] },
                "up": { "texture": "#4", "uv": [ 6.0, 3.5, 10.0, 4.5 ] },
                "down": { "texture": "#5", "uv": [ 10.0, 4.5, 6.0, 3.5 ] }
            }
        },
        {
            "name": "Element",
            "from": [ 7.5, 3.5, 1.0 ], 
            "to": [ 8.5, 4.5, 1.5 ], 
            "faces": {
                "north": { "texture": "#0", "uv": [ 8.5, 11.5, 7.5, 12.5 ] },
                "east": { "texture": "#1", "uv": [ 14.5, 11.5, 14.0, 12.5 ] },
                "south": { "texture": "#2", "uv": [ 7.5, 11.5, 8.5, 12.5 ] },
                "west": { "texture": "#3", "uv": [ 1.0, 11.5, 1.5, 12.5 ] },
                "up": { "texture": "#4", "uv": [ 7.5, 1.0, 8.5, 1.5 ] },
                "down": { "texture": "#5", "uv": [ 8.5, 1.5, 7.5, 1.0 ] }
            }
        },
        {
            "name": "Cube",
            "from": [ 2.499999985098839, 4.100000008940697, 8.99999999254942 ], 
            "to": [ 4.5, 5.699999995529652, 11.0 ], 
            "faces": {
                "north": { "texture": "#0", "uv": [ 13.0, 11.0, 14.0, 12.0 ] },
                "east": { "texture": "#1", "uv": [ 5.0, 10.0, 6.999999999999998, 12.000000000000002 ] },
                "south": { "texture": "#2", "uv": [ 2.0, 11.0, 3.0, 12.0 ] },
                "west": { "texture": "#3", "uv": [ 9.0, 10.0, 11.0, 12.0 ] },
                "up": { "texture": "#4", "uv": [ 13.5, 9.5, 14.0, 11.0 ] },
                "down": { "texture": "#5", "uv": [ 13.5, 11.0, 12.5, 9.5 ] }
            }
        }
    ],
"display": {
    "thirdperson": {
        "rotation": [ 0, 0, 0 ],
        "translation": [ 0, 0, 0 ],
        "scale": [ 1, 1, 1 ]
    },
    "head": {
        "rotation": [ 0, 180, 0 ],
        "translation": [ 0, 7.9, 1.8 ],
        "scale": [ 3, 3, 3 ]
    },
    "ground": {
        "rotation": [ 0, 0, 0 ],
        "translation": [ 0, 0, 0 ],
        "scale": [ 0, 0, 0 ]
    },
    "gui": {
        "rotation": [ -30, 135, 0 ],
        "translation": [ 0, 2.7, 0 ],
        "scale": [ 1.5, 1.5, 1.5 ]
    }
}
}