{
	"__comment": "Designed by CodePixel with Cubik Studio - https://cubik.studio",
	"textures": {
		"particle": "blocks/particle",
		"texture": "blocks/texture",
		"clobbahamma": "blocks/clobbahamma"
	},
	"elements": [
		{
			"__comment": "Voxels-DE6F00",
			"from": [ 2, 22, 4 ],
			"to": [ 3, 23, 14 ],
			"faces": {
				"down": { "uv": [ 8.96, 0.96, 11.04, 3.04 ], "texture": "#clobbahamma" },
				"up": { "uv": [ 8.96, 0.96, 11.04, 3.04 ], "texture": "#clobbahamma" },
				"north": { "uv": [ 8.96, 0.96, 11.04, 3.04 ], "texture": "#clobbahamma" },
				"south": { "uv": [ 8.96, 0.96, 11.04, 3.04 ], "texture": "#clobbahamma" },
				"west": { "uv": [ 8.96, 0.96, 11.04, 3.04 ], "texture": "#clobbahamma" },
				"east": { "uv": [ 8.96, 0.96, 11.04, 3.04 ], "texture": "#clobbahamma" }
			}
		},
		{
			"__comment": "Voxels-B85C00",
			"from": [ 2, 23, 4 ],
			"to": [ 3, 24, 14 ],
			"faces": {
				"down": { "uv": [ 12.96, 0.96, 15.04, 3.04 ], "texture": "#clobbahamma" },
				"up": { "uv": [ 12.96, 0.96, 15.04, 3.04 ], "texture": "#clobbahamma" },
				"north": { "uv": [ 12.96, 0.96, 15.04, 3.04 ], "texture": "#clobbahamma" },
				"south": { "uv": [ 12.96, 0.96, 15.04, 3.04 ], "texture": "#clobbahamma" },
				"west": { "uv": [ 12.96, 0.96, 15.04, 3.04 ], "texture": "#clobbahamma" },
				"east": { "uv": [ 12.96, 0.96, 15.04, 3.04 ], "texture": "#clobbahamma" }
			}
		},
		{
			"__comment": "Voxels-DE6F00",
			"from": [ 2, 24, 4 ],
			"to": [ 3, 25, 14 ],
			"faces": {
				"down": { "uv": [ 8.96, 0.96, 11.04, 3.04 ], "texture": "#clobbahamma" },
				"up": { "uv": [ 8.96, 0.96, 11.04, 3.04 ], "texture": "#clobbahamma" },
				"north": { "uv": [ 8.96, 0.96, 11.04, 3.04 ], "texture": "#clobbahamma" },
				"south": { "uv": [ 8.96, 0.96, 11.04, 3.04 ], "texture": "#clobbahamma" },
				"west": { "uv": [ 8.96, 0.96, 11.04, 3.04 ], "texture": "#clobbahamma" },
				"east": { "uv": [ 8.96, 0.96, 11.04, 3.04 ], "texture": "#clobbahamma" }
			}
		},
		{
			"__comment": "Voxels-B85C00",
			"from": [ 2, 25, 4 ],
			"to": [ 3, 26, 14 ],
			"faces": {
				"down": { "uv": [ 12.96, 0.96, 15.04, 3.04 ], "texture": "#clobbahamma" },
				"up": { "uv": [ 12.96, 0.96, 15.04, 3.04 ], "texture": "#clobbahamma" },
				"north": { "uv": [ 12.96, 0.96, 15.04, 3.04 ], "texture": "#clobbahamma" },
				"south": { "uv": [ 12.96, 0.96, 15.04, 3.04 ], "texture": "#clobbahamma" },
				"west": { "uv": [ 12.96, 0.96, 15.04, 3.04 ], "texture": "#clobbahamma" },
				"east": { "uv": [ 12.96, 0.96, 15.04, 3.04 ], "texture": "#clobbahamma" }
			}
		},
		{
			"__comment": "Voxels-B85C00",
			"from": [ 3, 21, 4 ],
			"to": [ 5, 22, 5 ],
			"faces": {
				"down": { "uv": [ 12.96, 0.96, 15.04, 3.04 ], "texture": "#clobbahamma" },
				"up": { "uv": [ 12.96, 0.96, 15.04, 3.04 ], "texture": "#clobbahamma" },
				"north": { "uv": [ 12.96, 0.96, 15.04, 3.04 ], "texture": "#clobbahamma" },
				"south": { "uv": [ 12.96, 0.96, 15.04, 3.04 ], "texture": "#clobbahamma" },
				"west": { "uv": [ 12.96, 0.96, 15.04, 3.04 ], "texture": "#clobbahamma" },
				"east": { "uv": [ 12.96, 0.96, 15.04, 3.04 ], "texture": "#clobbahamma" }
			}
		},
		{
			"__comment": "Voxels-B85C00",
			"from": [ 3, 21, 5 ],
			"to": [ 4, 22, 14 ],
			"faces": {
				"down": { "uv": [ 12.96, 0.96, 15.04, 3.04 ], "texture": "#clobbahamma" },
				"up": { "uv": [ 12.96, 0.96, 15.04, 3.04 ], "texture": "#clobbahamma" },
				"north": { "uv": [ 12.96, 0.96, 15.04, 3.04 ], "texture": "#clobbahamma" },
				"south": { "uv": [ 12.96, 0.96, 15.04, 3.04 ], "texture": "#clobbahamma" },
				"west": { "uv": [ 12.96, 0.96, 15.04, 3.04 ], "texture": "#clobbahamma" },
				"east": { "uv": [ 12.96, 0.96, 15.04, 3.04 ], "texture": "#clobbahamma" }
			}
		},
		{
			"__comment": "Voxels-BFBFBF",
			"from": [ 3, 22, 1 ],
			"to": [ 4, 26, 2 ],
			"faces": {
				"down": { "uv": [ 0.96, 4.96, 3.04, 7.04 ], "texture": "#clobbahamma" },
				"up": { "uv": [ 0.96, 4.96, 3.04, 7.04 ], "texture": "#clobbahamma" },
				"north": { "uv": [ 0.96, 4.96, 3.04, 7.04 ], "texture": "#clobbahamma" },
				"south": { "uv": [ 0.96, 4.96, 3.04, 7.04 ], "texture": "#clobbahamma" },
				"west": { "uv": [ 0.96, 4.96, 3.04, 7.04 ], "texture": "#clobbahamma" },
				"east": { "uv": [ 0.96, 4.96, 3.04, 7.04 ], "texture": "#clobbahamma" }
			}
		},
		{
			"__comment": "Voxels-DE6F00",
			"from": [ 3, 22, 2 ],
			"to": [ 4, 23, 4 ],
			"faces": {
				"down": { "uv": [ 8.96, 0.96, 11.04, 3.04 ], "texture": "#clobbahamma" },
				"up": { "uv": [ 8.96, 0.96, 11.04, 3.04 ], "texture": "#clobbahamma" },
				"north": { "uv": [ 8.96, 0.96, 11.04, 3.04 ], "texture": "#clobbahamma" },
				"south": { "uv": [ 8.96, 0.96, 11.04, 3.04 ], "texture": "#clobbahamma" },
				"west": { "uv": [ 8.96, 0.96, 11.04, 3.04 ], "texture": "#clobbahamma" },
				"east": { "uv": [ 8.96, 0.96, 11.04, 3.04 ], "texture": "#clobbahamma" }
			}
		},
		{
			"__comment": "Voxels-B85C00",
			"from": [ 3, 22, 4 ],
			"to": [ 4, 23, 5 ],
			"faces": {
				"down": { "uv": [ 12.96, 0.96, 15.04, 3.04 ], "texture": "#clobbahamma" },
				"up": { "uv": [ 12.96, 0.96, 15.04, 3.04 ], "texture": "#clobbahamma" },
				"north": { "uv": [ 12.96, 0.96, 15.04, 3.04 ], "texture": "#clobbahamma" },
				"south": { "uv": [ 12.96, 0.96, 15.04, 3.04 ], "texture": "#clobbahamma" },
				"west": { "uv": [ 12.96, 0.96, 15.04, 3.04 ], "texture": "#clobbahamma" },
				"east": { "uv": [ 12.96, 0.96, 15.04, 3.04 ], "texture": "#clobbahamma" }
			}
		},
		{
			"__comment": "Voxels-DE6F00",
			"from": [ 3, 22, 14 ],
			"to": [ 4, 23, 16 ],
			"faces": {
				"down": { "uv": [ 8.96, 0.96, 11.04, 3.04 ], "texture": "#clobbahamma" },
				"up": { "uv": [ 8.96, 0.96, 11.04, 3.04 ], "texture": "#clobbahamma" },
				"north": { "uv": [ 8.96, 0.96, 11.04, 3.04 ], "texture": "#clobbahamma" },
				"south": { "uv": [ 8.96, 0.96, 11.04, 3.04 ], "texture": "#clobbahamma" },
				"west": { "uv": [ 8.96, 0.96, 11.04, 3.04 ], "texture": "#clobbahamma" },
				"east": { "uv": [ 8.96, 0.96, 11.04, 3.04 ], "texture": "#clobbahamma" }
			}
		},
		{
			"__comment": "Voxels-BFBFBF",
			"from": [ 3, 22, 16 ],
			"to": [ 4, 26, 17 ],
			"faces": {
				"down": { "uv": [ 0.96, 4.96, 3.04, 7.04 ], "texture": "#clobbahamma" },
				"up": { "uv": [ 0.96, 4.96, 3.04, 7.04 ], "texture": "#clobbahamma" },
				"north": { "uv": [ 0.96, 4.96, 3.04, 7.04 ], "texture": "#clobbahamma" },
				"south": { "uv": [ 0.96, 4.96, 3.04, 7.04 ], "texture": "#clobbahamma" },
				"west": { "uv": [ 0.96, 4.96, 3.04, 7.04 ], "texture": "#clobbahamma" },
				"east": { "uv": [ 0.96, 4.96, 3.04, 7.04 ], "texture": "#clobbahamma" }
			}
		},
		{
			"__comment": "Voxels-B85C00",
			"from": [ 3, 23, 2 ],
			"to": [ 4, 24, 4 ],
			"faces": {
				"down": { "uv": [ 12.96, 0.96, 15.04, 3.04 ], "texture": "#clobbahamma" },
				"up": { "uv": [ 12.96, 0.96, 15.04, 3.04 ], "texture": "#clobbahamma" },
				"north": { "uv": [ 12.96, 0.96, 15.04, 3.04 ], "texture": "#clobbahamma" },
				"south": { "uv": [ 12.96, 0.96, 15.04, 3.04 ], "texture": "#clobbahamma" },
				"west": { "uv": [ 12.96, 0.96, 15.04, 3.04 ], "texture": "#clobbahamma" },
				"east": { "uv": [ 12.96, 0.96, 15.04, 3.04 ], "texture": "#clobbahamma" }
			}
		},
		{
			"__comment": "Voxels-B85C00",
			"from": [ 3, 23, 14 ],
			"to": [ 4, 24, 16 ],
			"faces": {
				"down": { "uv": [ 12.96, 0.96, 15.04, 3.04 ], "texture": "#clobbahamma" },
				"up": { "uv": [ 12.96, 0.96, 15.04, 3.04 ], "texture": "#clobbahamma" },
				"north": { "uv": [ 12.96, 0.96, 15.04, 3.04 ], "texture": "#clobbahamma" },
				"south": { "uv": [ 12.96, 0.96, 15.04, 3.04 ], "texture": "#clobbahamma" },
				"west": { "uv": [ 12.96, 0.96, 15.04, 3.04 ], "texture": "#clobbahamma" },
				"east": { "uv": [ 12.96, 0.96, 15.04, 3.04 ], "texture": "#clobbahamma" }
			}
		},
		{
			"__comment": "Voxels-DE6F00",
			"from": [ 3, 24, 2 ],
			"to": [ 4, 25, 4 ],
			"faces": {
				"down": { "uv": [ 8.96, 0.96, 11.04, 3.04 ], "texture": "#clobbahamma" },
				"up": { "uv": [ 8.96, 0.96, 11.04, 3.04 ], "texture": "#clobbahamma" },
				"north": { "uv": [ 8.96, 0.96, 11.04, 3.04 ], "texture": "#clobbahamma" },
				"south": { "uv": [ 8.96, 0.96, 11.04, 3.04 ], "texture": "#clobbahamma" },
				"west": { "uv": [ 8.96, 0.96, 11.04, 3.04 ], "texture": "#clobbahamma" },
				"east": { "uv": [ 8.96, 0.96, 11.04, 3.04 ], "texture": "#clobbahamma" }
			}
		},
		{
			"__comment": "Voxels-DE6F00",
			"from": [ 3, 24, 14 ],
			"to": [ 4, 25, 16 ],
			"faces": {
				"down": { "uv": [ 8.96, 0.96, 11.04, 3.04 ], "texture": "#clobbahamma" },
				"up": { "uv": [ 8.96, 0.96, 11.04, 3.04 ], "texture": "#clobbahamma" },
				"north": { "uv": [ 8.96, 0.96, 11.04, 3.04 ], "texture": "#clobbahamma" },
				"south": { "uv": [ 8.96, 0.96, 11.04, 3.04 ], "texture": "#clobbahamma" },
				"west": { "uv": [ 8.96, 0.96, 11.04, 3.04 ], "texture": "#clobbahamma" },
				"east": { "uv": [ 8.96, 0.96, 11.04, 3.04 ], "texture": "#clobbahamma" }
			}
		},
		{
			"__comment": "Voxels-B85C00",
			"from": [ 3, 25, 2 ],
			"to": [ 4, 26, 4 ],
			"faces": {
				"down": { "uv": [ 12.96, 0.96, 15.04, 3.04 ], "texture": "#clobbahamma" },
				"up": { "uv": [ 12.96, 0.96, 15.04, 3.04 ], "texture": "#clobbahamma" },
				"north": { "uv": [ 12.96, 0.96, 15.04, 3.04 ], "texture": "#clobbahamma" },
				"south": { "uv": [ 12.96, 0.96, 15.04, 3.04 ], "texture": "#clobbahamma" },
				"west": { "uv": [ 12.96, 0.96, 15.04, 3.04 ], "texture": "#clobbahamma" },
				"east": { "uv": [ 12.96, 0.96, 15.04, 3.04 ], "texture": "#clobbahamma" }
			}
		},
		{
			"__comment": "Voxels-B85C00",
			"from": [ 3, 25, 14 ],
			"to": [ 4, 26, 16 ],
			"faces": {
				"down": { "uv": [ 12.96, 0.96, 15.04, 3.04 ], "texture": "#clobbahamma" },
				"up": { "uv": [ 12.96, 0.96, 15.04, 3.04 ], "texture": "#clobbahamma" },
				"north": { "uv": [ 12.96, 0.96, 15.04, 3.04 ], "texture": "#clobbahamma" },
				"south": { "uv": [ 12.96, 0.96, 15.04, 3.04 ], "texture": "#clobbahamma" },
				"west": { "uv": [ 12.96, 0.96, 15.04, 3.04 ], "texture": "#clobbahamma" },
				"east": { "uv": [ 12.96, 0.96, 15.04, 3.04 ], "texture": "#clobbahamma" }
			}
		},
		{
			"__comment": "Voxels-DE6F00",
			"from": [ 3, 26, 4 ],
			"to": [ 4, 27, 14 ],
			"faces": {
				"down": { "uv": [ 8.96, 0.96, 11.04, 3.04 ], "texture": "#clobbahamma" },
				"up": { "uv": [ 8.96, 0.96, 11.04, 3.04 ], "texture": "#clobbahamma" },
				"north": { "uv": [ 8.96, 0.96, 11.04, 3.04 ], "texture": "#clobbahamma" },
				"south": { "uv": [ 8.96, 0.96, 11.04, 3.04 ], "texture": "#clobbahamma" },
				"west": { "uv": [ 8.96, 0.96, 11.04, 3.04 ], "texture": "#clobbahamma" },
				"east": { "uv": [ 8.96, 0.96, 11.04, 3.04 ], "texture": "#clobbahamma" }
			}
		},
		{
			"__comment": "Voxels-DE6F00",
			"from": [ 4, 20, 4 ],
			"to": [ 5, 21, 14 ],
			"faces": {
				"down": { "uv": [ 8.96, 0.96, 11.04, 3.04 ], "texture": "#clobbahamma" },
				"up": { "uv": [ 8.96, 0.96, 11.04, 3.04 ], "texture": "#clobbahamma" },
				"north": { "uv": [ 8.96, 0.96, 11.04, 3.04 ], "texture": "#clobbahamma" },
				"south": { "uv": [ 8.96, 0.96, 11.04, 3.04 ], "texture": "#clobbahamma" },
				"west": { "uv": [ 8.96, 0.96, 11.04, 3.04 ], "texture": "#clobbahamma" },
				"east": { "uv": [ 8.96, 0.96, 11.04, 3.04 ], "texture": "#clobbahamma" }
			}
		},
		{
			"__comment": "Voxels-AAAAAA",
			"from": [ 4, 21, 1 ],
			"to": [ 6, 22, 2 ],
			"faces": {
				"down": { "uv": [ 4.96, 4.96, 7.04, 7.04 ], "texture": "#clobbahamma" },
				"up": { "uv": [ 4.96, 4.96, 7.04, 7.04 ], "texture": "#clobbahamma" },
				"north": { "uv": [ 4.96, 4.96, 7.04, 7.04 ], "texture": "#clobbahamma" },
				"south": { "uv": [ 4.96, 4.96, 7.04, 7.04 ], "texture": "#clobbahamma" },
				"west": { "uv": [ 4.96, 4.96, 7.04, 7.04 ], "texture": "#clobbahamma" },
				"east": { "uv": [ 4.96, 4.96, 7.04, 7.04 ], "texture": "#clobbahamma" }
			}
		},
		{
			"__comment": "Voxels-B85C00",
			"from": [ 4, 21, 2 ],
			"to": [ 5, 22, 4 ],
			"faces": {
				"down": { "uv": [ 12.96, 0.96, 15.04, 3.04 ], "texture": "#clobbahamma" },
				"up": { "uv": [ 12.96, 0.96, 15.04, 3.04 ], "texture": "#clobbahamma" },
				"north": { "uv": [ 12.96, 0.96, 15.04, 3.04 ], "texture": "#clobbahamma" },
				"south": { "uv": [ 12.96, 0.96, 15.04, 3.04 ], "texture": "#clobbahamma" },
				"west": { "uv": [ 12.96, 0.96, 15.04, 3.04 ], "texture": "#clobbahamma" },
				"east": { "uv": [ 12.96, 0.96, 15.04, 3.04 ], "texture": "#clobbahamma" }
			}
		},
		{
			"__comment": "Voxels-B85C00",
			"from": [ 4, 21, 13 ],
			"to": [ 6, 22, 14 ],
			"faces": {
				"down": { "uv": [ 12.96, 0.96, 15.04, 3.04 ], "texture": "#clobbahamma" },
				"up": { "uv": [ 12.96, 0.96, 15.04, 3.04 ], "texture": "#clobbahamma" },
				"north": { "uv": [ 12.96, 0.96, 15.04, 3.04 ], "texture": "#clobbahamma" },
				"south": { "uv": [ 12.96, 0.96, 15.04, 3.04 ], "texture": "#clobbahamma" },
				"west": { "uv": [ 12.96, 0.96, 15.04, 3.04 ], "texture": "#clobbahamma" },
				"east": { "uv": [ 12.96, 0.96, 15.04, 3.04 ], "texture": "#clobbahamma" }
			}
		},
		{
			"__comment": "Voxels-B85C00",
			"from": [ 4, 21, 14 ],
			"to": [ 5, 23, 15 ],
			"faces": {
				"down": { "uv": [ 12.96, 0.96, 15.04, 3.04 ], "texture": "#clobbahamma" },
				"up": { "uv": [ 12.96, 0.96, 15.04, 3.04 ], "texture": "#clobbahamma" },
				"north": { "uv": [ 12.96, 0.96, 15.04, 3.04 ], "texture": "#clobbahamma" },
				"south": { "uv": [ 12.96, 0.96, 15.04, 3.04 ], "texture": "#clobbahamma" },
				"west": { "uv": [ 12.96, 0.96, 15.04, 3.04 ], "texture": "#clobbahamma" },
				"east": { "uv": [ 12.96, 0.96, 15.04, 3.04 ], "texture": "#clobbahamma" }
			}
		},
		{
			"__comment": "Voxels-B85C00",
			"from": [ 4, 21, 15 ],
			"to": [ 5, 22, 16 ],
			"faces": {
				"down": { "uv": [ 12.96, 0.96, 15.04, 3.04 ], "texture": "#clobbahamma" },
				"up": { "uv": [ 12.96, 0.96, 15.04, 3.04 ], "texture": "#clobbahamma" },
				"north": { "uv": [ 12.96, 0.96, 15.04, 3.04 ], "texture": "#clobbahamma" },
				"south": { "uv": [ 12.96, 0.96, 15.04, 3.04 ], "texture": "#clobbahamma" },
				"west": { "uv": [ 12.96, 0.96, 15.04, 3.04 ], "texture": "#clobbahamma" },
				"east": { "uv": [ 12.96, 0.96, 15.04, 3.04 ], "texture": "#clobbahamma" }
			}
		},
		{
			"__comment": "Voxels-AAAAAA",
			"from": [ 4, 21, 16 ],
			"to": [ 6, 22, 17 ],
			"faces": {
				"down": { "uv": [ 4.96, 4.96, 7.04, 7.04 ], "texture": "#clobbahamma" },
				"up": { "uv": [ 4.96, 4.96, 7.04, 7.04 ], "texture": "#clobbahamma" },
				"north": { "uv": [ 4.96, 4.96, 7.04, 7.04 ], "texture": "#clobbahamma" },
				"south": { "uv": [ 4.96, 4.96, 7.04, 7.04 ], "texture": "#clobbahamma" },
				"west": { "uv": [ 4.96, 4.96, 7.04, 7.04 ], "texture": "#clobbahamma" },
				"east": { "uv": [ 4.96, 4.96, 7.04, 7.04 ], "texture": "#clobbahamma" }
			}
		},
		{
			"__comment": "Voxels-DE0000",
			"from": [ 4, 22, 2 ],
			"to": [ 6, 24, 3 ],
			"faces": {
				"down": { "uv": [ 8.96, 4.96, 11.04, 7.04 ], "texture": "#clobbahamma" },
				"up": { "uv": [ 8.96, 4.96, 11.04, 7.04 ], "texture": "#clobbahamma" },
				"north": { "uv": [ 8.96, 4.96, 11.04, 7.04 ], "texture": "#clobbahamma" },
				"south": { "uv": [ 8.96, 4.96, 11.04, 7.04 ], "texture": "#clobbahamma" },
				"west": { "uv": [ 8.96, 4.96, 11.04, 7.04 ], "texture": "#clobbahamma" },
				"east": { "uv": [ 8.96, 4.96, 11.04, 7.04 ], "texture": "#clobbahamma" }
			}
		},
		{
			"__comment": "Voxels-B85C00",
			"from": [ 4, 22, 3 ],
			"to": [ 5, 23, 4 ],
			"faces": {
				"down": { "uv": [ 12.96, 0.96, 15.04, 3.04 ], "texture": "#clobbahamma" },
				"up": { "uv": [ 12.96, 0.96, 15.04, 3.04 ], "texture": "#clobbahamma" },
				"north": { "uv": [ 12.96, 0.96, 15.04, 3.04 ], "texture": "#clobbahamma" },
				"south": { "uv": [ 12.96, 0.96, 15.04, 3.04 ], "texture": "#clobbahamma" },
				"west": { "uv": [ 12.96, 0.96, 15.04, 3.04 ], "texture": "#clobbahamma" },
				"east": { "uv": [ 12.96, 0.96, 15.04, 3.04 ], "texture": "#clobbahamma" }
			}
		},
		{
			"__comment": "Voxels-FF0000",
			"from": [ 4, 22, 15 ],
			"to": [ 6, 24, 16 ],
			"faces": {
				"down": { "uv": [ 12.96, 4.96, 15.04, 7.04 ], "texture": "#clobbahamma" },
				"up": { "uv": [ 12.96, 4.96, 15.04, 7.04 ], "texture": "#clobbahamma" },
				"north": { "uv": [ 12.96, 4.96, 15.04, 7.04 ], "texture": "#clobbahamma" },
				"south": { "uv": [ 12.96, 4.96, 15.04, 7.04 ], "texture": "#clobbahamma" },
				"west": { "uv": [ 12.96, 4.96, 15.04, 7.04 ], "texture": "#clobbahamma" },
				"east": { "uv": [ 12.96, 4.96, 15.04, 7.04 ], "texture": "#clobbahamma" }
			}
		},
		{
			"__comment": "Voxels-DE0000",
			"from": [ 4, 24, 2 ],
			"to": [ 5, 26, 3 ],
			"faces": {
				"down": { "uv": [ 8.96, 4.96, 11.04, 7.04 ], "texture": "#clobbahamma" },
				"up": { "uv": [ 8.96, 4.96, 11.04, 7.04 ], "texture": "#clobbahamma" },
				"north": { "uv": [ 8.96, 4.96, 11.04, 7.04 ], "texture": "#clobbahamma" },
				"south": { "uv": [ 8.96, 4.96, 11.04, 7.04 ], "texture": "#clobbahamma" },
				"west": { "uv": [ 8.96, 4.96, 11.04, 7.04 ], "texture": "#clobbahamma" },
				"east": { "uv": [ 8.96, 4.96, 11.04, 7.04 ], "texture": "#clobbahamma" }
			}
		},
		{
			"__comment": "Voxels-FF0000",
			"from": [ 4, 24, 15 ],
			"to": [ 5, 26, 16 ],
			"faces": {
				"down": { "uv": [ 12.96, 4.96, 15.04, 7.04 ], "texture": "#clobbahamma" },
				"up": { "uv": [ 12.96, 4.96, 15.04, 7.04 ], "texture": "#clobbahamma" },
				"north": { "uv": [ 12.96, 4.96, 15.04, 7.04 ], "texture": "#clobbahamma" },
				"south": { "uv": [ 12.96, 4.96, 15.04, 7.04 ], "texture": "#clobbahamma" },
				"west": { "uv": [ 12.96, 4.96, 15.04, 7.04 ], "texture": "#clobbahamma" },
				"east": { "uv": [ 12.96, 4.96, 15.04, 7.04 ], "texture": "#clobbahamma" }
			}
		},
		{
			"__comment": "Voxels-BFBFBF",
			"from": [ 4, 26, 1 ],
			"to": [ 6, 27, 2 ],
			"faces": {
				"down": { "uv": [ 0.96, 4.96, 3.04, 7.04 ], "texture": "#clobbahamma" },
				"up": { "uv": [ 0.96, 4.96, 3.04, 7.04 ], "texture": "#clobbahamma" },
				"north": { "uv": [ 0.96, 4.96, 3.04, 7.04 ], "texture": "#clobbahamma" },
				"south": { "uv": [ 0.96, 4.96, 3.04, 7.04 ], "texture": "#clobbahamma" },
				"west": { "uv": [ 0.96, 4.96, 3.04, 7.04 ], "texture": "#clobbahamma" },
				"east": { "uv": [ 0.96, 4.96, 3.04, 7.04 ], "texture": "#clobbahamma" }
			}
		},
		{
			"__comment": "Voxels-DE6F00",
			"from": [ 4, 26, 2 ],
			"to": [ 5, 27, 4 ],
			"faces": {
				"down": { "uv": [ 8.96, 0.96, 11.04, 3.04 ], "texture": "#clobbahamma" },
				"up": { "uv": [ 8.96, 0.96, 11.04, 3.04 ], "texture": "#clobbahamma" },
				"north": { "uv": [ 8.96, 0.96, 11.04, 3.04 ], "texture": "#clobbahamma" },
				"south": { "uv": [ 8.96, 0.96, 11.04, 3.04 ], "texture": "#clobbahamma" },
				"west": { "uv": [ 8.96, 0.96, 11.04, 3.04 ], "texture": "#clobbahamma" },
				"east": { "uv": [ 8.96, 0.96, 11.04, 3.04 ], "texture": "#clobbahamma" }
			}
		},
		{
			"__comment": "Voxels-DE6F00",
			"from": [ 4, 26, 14 ],
			"to": [ 5, 27, 16 ],
			"faces": {
				"down": { "uv": [ 8.96, 0.96, 11.04, 3.04 ], "texture": "#clobbahamma" },
				"up": { "uv": [ 8.96, 0.96, 11.04, 3.04 ], "texture": "#clobbahamma" },
				"north": { "uv": [ 8.96, 0.96, 11.04, 3.04 ], "texture": "#clobbahamma" },
				"south": { "uv": [ 8.96, 0.96, 11.04, 3.04 ], "texture": "#clobbahamma" },
				"west": { "uv": [ 8.96, 0.96, 11.04, 3.04 ], "texture": "#clobbahamma" },
				"east": { "uv": [ 8.96, 0.96, 11.04, 3.04 ], "texture": "#clobbahamma" }
			}
		},
		{
			"__comment": "Voxels-BFBFBF",
			"from": [ 4, 26, 16 ],
			"to": [ 6, 27, 17 ],
			"faces": {
				"down": { "uv": [ 0.96, 4.96, 3.04, 7.04 ], "texture": "#clobbahamma" },
				"up": { "uv": [ 0.96, 4.96, 3.04, 7.04 ], "texture": "#clobbahamma" },
				"north": { "uv": [ 0.96, 4.96, 3.04, 7.04 ], "texture": "#clobbahamma" },
				"south": { "uv": [ 0.96, 4.96, 3.04, 7.04 ], "texture": "#clobbahamma" },
				"west": { "uv": [ 0.96, 4.96, 3.04, 7.04 ], "texture": "#clobbahamma" },
				"east": { "uv": [ 0.96, 4.96, 3.04, 7.04 ], "texture": "#clobbahamma" }
			}
		},
		{
			"__comment": "Voxels-B85C00",
			"from": [ 4, 27, 4 ],
			"to": [ 6, 28, 14 ],
			"faces": {
				"down": { "uv": [ 12.96, 0.96, 15.04, 3.04 ], "texture": "#clobbahamma" },
				"up": { "uv": [ 12.96, 0.96, 15.04, 3.04 ], "texture": "#clobbahamma" },
				"north": { "uv": [ 12.96, 0.96, 15.04, 3.04 ], "texture": "#clobbahamma" },
				"south": { "uv": [ 12.96, 0.96, 15.04, 3.04 ], "texture": "#clobbahamma" },
				"west": { "uv": [ 12.96, 0.96, 15.04, 3.04 ], "texture": "#clobbahamma" },
				"east": { "uv": [ 12.96, 0.96, 15.04, 3.04 ], "texture": "#clobbahamma" }
			}
		},
		{
			"__comment": "Voxels-B85C00",
			"from": [ 5, 20, 4 ],
			"to": [ 7, 21, 5 ],
			"faces": {
				"down": { "uv": [ 12.96, 0.96, 15.04, 3.04 ], "texture": "#clobbahamma" },
				"up": { "uv": [ 12.96, 0.96, 15.04, 3.04 ], "texture": "#clobbahamma" },
				"north": { "uv": [ 12.96, 0.96, 15.04, 3.04 ], "texture": "#clobbahamma" },
				"south": { "uv": [ 12.96, 0.96, 15.04, 3.04 ], "texture": "#clobbahamma" },
				"west": { "uv": [ 12.96, 0.96, 15.04, 3.04 ], "texture": "#clobbahamma" },
				"east": { "uv": [ 12.96, 0.96, 15.04, 3.04 ], "texture": "#clobbahamma" }
			}
		},
		{
			"__comment": "Voxels-B85C00",
			"from": [ 5, 20, 5 ],
			"to": [ 6, 21, 14 ],
			"faces": {
				"down": { "uv": [ 12.96, 0.96, 15.04, 3.04 ], "texture": "#clobbahamma" },
				"up": { "uv": [ 12.96, 0.96, 15.04, 3.04 ], "texture": "#clobbahamma" },
				"north": { "uv": [ 12.96, 0.96, 15.04, 3.04 ], "texture": "#clobbahamma" },
				"south": { "uv": [ 12.96, 0.96, 15.04, 3.04 ], "texture": "#clobbahamma" },
				"west": { "uv": [ 12.96, 0.96, 15.04, 3.04 ], "texture": "#clobbahamma" },
				"east": { "uv": [ 12.96, 0.96, 15.04, 3.04 ], "texture": "#clobbahamma" }
			}
		},
		{
			"__comment": "Voxels-DE6F00",
			"from": [ 5, 21, 2 ],
			"to": [ 6, 22, 4 ],
			"faces": {
				"down": { "uv": [ 8.96, 0.96, 11.04, 3.04 ], "texture": "#clobbahamma" },
				"up": { "uv": [ 8.96, 0.96, 11.04, 3.04 ], "texture": "#clobbahamma" },
				"north": { "uv": [ 8.96, 0.96, 11.04, 3.04 ], "texture": "#clobbahamma" },
				"south": { "uv": [ 8.96, 0.96, 11.04, 3.04 ], "texture": "#clobbahamma" },
				"west": { "uv": [ 8.96, 0.96, 11.04, 3.04 ], "texture": "#clobbahamma" },
				"east": { "uv": [ 8.96, 0.96, 11.04, 3.04 ], "texture": "#clobbahamma" }
			}
		},
		{
			"__comment": "Voxels-DE6F00",
			"from": [ 5, 21, 14 ],
			"to": [ 6, 22, 16 ],
			"faces": {
				"down": { "uv": [ 8.96, 0.96, 11.04, 3.04 ], "texture": "#clobbahamma" },
				"up": { "uv": [ 8.96, 0.96, 11.04, 3.04 ], "texture": "#clobbahamma" },
				"north": { "uv": [ 8.96, 0.96, 11.04, 3.04 ], "texture": "#clobbahamma" },
				"south": { "uv": [ 8.96, 0.96, 11.04, 3.04 ], "texture": "#clobbahamma" },
				"west": { "uv": [ 8.96, 0.96, 11.04, 3.04 ], "texture": "#clobbahamma" },
				"east": { "uv": [ 8.96, 0.96, 11.04, 3.04 ], "texture": "#clobbahamma" }
			}
		},
		{
			"__comment": "Voxels-FFFF00",
			"from": [ 5, 24, 2 ],
			"to": [ 11, 25, 3 ],
			"faces": {
				"down": { "uv": [ 0.96, 8.96, 3.04, 11.04 ], "texture": "#clobbahamma" },
				"up": { "uv": [ 0.96, 8.96, 3.04, 11.04 ], "texture": "#clobbahamma" },
				"north": { "uv": [ 0.96, 8.96, 3.04, 11.04 ], "texture": "#clobbahamma" },
				"south": { "uv": [ 0.96, 8.96, 3.04, 11.04 ], "texture": "#clobbahamma" },
				"west": { "uv": [ 0.96, 8.96, 3.04, 11.04 ], "texture": "#clobbahamma" },
				"east": { "uv": [ 0.96, 8.96, 3.04, 11.04 ], "texture": "#clobbahamma" }
			}
		},
		{
			"__comment": "Voxels-FFFF00",
			"from": [ 5, 24, 15 ],
			"to": [ 11, 25, 16 ],
			"faces": {
				"down": { "uv": [ 0.96, 8.96, 3.04, 11.04 ], "texture": "#clobbahamma" },
				"up": { "uv": [ 0.96, 8.96, 3.04, 11.04 ], "texture": "#clobbahamma" },
				"north": { "uv": [ 0.96, 8.96, 3.04, 11.04 ], "texture": "#clobbahamma" },
				"south": { "uv": [ 0.96, 8.96, 3.04, 11.04 ], "texture": "#clobbahamma" },
				"west": { "uv": [ 0.96, 8.96, 3.04, 11.04 ], "texture": "#clobbahamma" },
				"east": { "uv": [ 0.96, 8.96, 3.04, 11.04 ], "texture": "#clobbahamma" }
			}
		},
		{
			"__comment": "Voxels-DE0000",
			"from": [ 5, 25, 2 ],
			"to": [ 7, 26, 3 ],
			"faces": {
				"down": { "uv": [ 8.96, 4.96, 11.04, 7.04 ], "texture": "#clobbahamma" },
				"up": { "uv": [ 8.96, 4.96, 11.04, 7.04 ], "texture": "#clobbahamma" },
				"north": { "uv": [ 8.96, 4.96, 11.04, 7.04 ], "texture": "#clobbahamma" },
				"south": { "uv": [ 8.96, 4.96, 11.04, 7.04 ], "texture": "#clobbahamma" },
				"west": { "uv": [ 8.96, 4.96, 11.04, 7.04 ], "texture": "#clobbahamma" },
				"east": { "uv": [ 8.96, 4.96, 11.04, 7.04 ], "texture": "#clobbahamma" }
			}
		},
		{
			"__comment": "Voxels-FF0000",
			"from": [ 5, 25, 15 ],
			"to": [ 7, 26, 16 ],
			"faces": {
				"down": { "uv": [ 12.96, 4.96, 15.04, 7.04 ], "texture": "#clobbahamma" },
				"up": { "uv": [ 12.96, 4.96, 15.04, 7.04 ], "texture": "#clobbahamma" },
				"north": { "uv": [ 12.96, 4.96, 15.04, 7.04 ], "texture": "#clobbahamma" },
				"south": { "uv": [ 12.96, 4.96, 15.04, 7.04 ], "texture": "#clobbahamma" },
				"west": { "uv": [ 12.96, 4.96, 15.04, 7.04 ], "texture": "#clobbahamma" },
				"east": { "uv": [ 12.96, 4.96, 15.04, 7.04 ], "texture": "#clobbahamma" }
			}
		},
		{
			"__comment": "Voxels-B85C00",
			"from": [ 5, 26, 2 ],
			"to": [ 6, 27, 4 ],
			"faces": {
				"down": { "uv": [ 12.96, 0.96, 15.04, 3.04 ], "texture": "#clobbahamma" },
				"up": { "uv": [ 12.96, 0.96, 15.04, 3.04 ], "texture": "#clobbahamma" },
				"north": { "uv": [ 12.96, 0.96, 15.04, 3.04 ], "texture": "#clobbahamma" },
				"south": { "uv": [ 12.96, 0.96, 15.04, 3.04 ], "texture": "#clobbahamma" },
				"west": { "uv": [ 12.96, 0.96, 15.04, 3.04 ], "texture": "#clobbahamma" },
				"east": { "uv": [ 12.96, 0.96, 15.04, 3.04 ], "texture": "#clobbahamma" }
			}
		},
		{
			"__comment": "Voxels-B85C00",
			"from": [ 5, 26, 14 ],
			"to": [ 6, 27, 16 ],
			"faces": {
				"down": { "uv": [ 12.96, 0.96, 15.04, 3.04 ], "texture": "#clobbahamma" },
				"up": { "uv": [ 12.96, 0.96, 15.04, 3.04 ], "texture": "#clobbahamma" },
				"north": { "uv": [ 12.96, 0.96, 15.04, 3.04 ], "texture": "#clobbahamma" },
				"south": { "uv": [ 12.96, 0.96, 15.04, 3.04 ], "texture": "#clobbahamma" },
				"west": { "uv": [ 12.96, 0.96, 15.04, 3.04 ], "texture": "#clobbahamma" },
				"east": { "uv": [ 12.96, 0.96, 15.04, 3.04 ], "texture": "#clobbahamma" }
			}
		},
		{
			"__comment": "Voxels-B85C00",
			"from": [ 6, 19, 4 ],
			"to": [ 10, 20, 14 ],
			"faces": {
				"down": { "uv": [ 12.96, 0.96, 15.04, 3.04 ], "texture": "#clobbahamma" },
				"up": { "uv": [ 12.96, 0.96, 15.04, 3.04 ], "texture": "#clobbahamma" },
				"north": { "uv": [ 12.96, 0.96, 15.04, 3.04 ], "texture": "#clobbahamma" },
				"south": { "uv": [ 12.96, 0.96, 15.04, 3.04 ], "texture": "#clobbahamma" },
				"west": { "uv": [ 12.96, 0.96, 15.04, 3.04 ], "texture": "#clobbahamma" },
				"east": { "uv": [ 12.96, 0.96, 15.04, 3.04 ], "texture": "#clobbahamma" }
			}
		},
		{
			"__comment": "Voxels-AAAAAA",
			"from": [ 6, 20, 1 ],
			"to": [ 10, 21, 2 ],
			"faces": {
				"down": { "uv": [ 4.96, 4.96, 7.04, 7.04 ], "texture": "#clobbahamma" },
				"up": { "uv": [ 4.96, 4.96, 7.04, 7.04 ], "texture": "#clobbahamma" },
				"north": { "uv": [ 4.96, 4.96, 7.04, 7.04 ], "texture": "#clobbahamma" },
				"south": { "uv": [ 4.96, 4.96, 7.04, 7.04 ], "texture": "#clobbahamma" },
				"west": { "uv": [ 4.96, 4.96, 7.04, 7.04 ], "texture": "#clobbahamma" },
				"east": { "uv": [ 4.96, 4.96, 7.04, 7.04 ], "texture": "#clobbahamma" }
			}
		},
		{
			"__comment": "Voxels-DE6F00",
			"from": [ 6, 20, 2 ],
			"to": [ 7, 21, 4 ],
			"faces": {
				"down": { "uv": [ 8.96, 0.96, 11.04, 3.04 ], "texture": "#clobbahamma" },
				"up": { "uv": [ 8.96, 0.96, 11.04, 3.04 ], "texture": "#clobbahamma" },
				"north": { "uv": [ 8.96, 0.96, 11.04, 3.04 ], "texture": "#clobbahamma" },
				"south": { "uv": [ 8.96, 0.96, 11.04, 3.04 ], "texture": "#clobbahamma" },
				"west": { "uv": [ 8.96, 0.96, 11.04, 3.04 ], "texture": "#clobbahamma" },
				"east": { "uv": [ 8.96, 0.96, 11.04, 3.04 ], "texture": "#clobbahamma" }
			}
		},
		{
			"__comment": "Voxels-B85C00",
			"from": [ 6, 20, 13 ],
			"to": [ 7, 21, 14 ],
			"faces": {
				"down": { "uv": [ 12.96, 0.96, 15.04, 3.04 ], "texture": "#clobbahamma" },
				"up": { "uv": [ 12.96, 0.96, 15.04, 3.04 ], "texture": "#clobbahamma" },
				"north": { "uv": [ 12.96, 0.96, 15.04, 3.04 ], "texture": "#clobbahamma" },
				"south": { "uv": [ 12.96, 0.96, 15.04, 3.04 ], "texture": "#clobbahamma" },
				"west": { "uv": [ 12.96, 0.96, 15.04, 3.04 ], "texture": "#clobbahamma" },
				"east": { "uv": [ 12.96, 0.96, 15.04, 3.04 ], "texture": "#clobbahamma" }
			}
		},
		{
			"__comment": "Voxels-DE6F00",
			"from": [ 6, 20, 14 ],
			"to": [ 7, 21, 16 ],
			"faces": {
				"down": { "uv": [ 8.96, 0.96, 11.04, 3.04 ], "texture": "#clobbahamma" },
				"up": { "uv": [ 8.96, 0.96, 11.04, 3.04 ], "texture": "#clobbahamma" },
				"north": { "uv": [ 8.96, 0.96, 11.04, 3.04 ], "texture": "#clobbahamma" },
				"south": { "uv": [ 8.96, 0.96, 11.04, 3.04 ], "texture": "#clobbahamma" },
				"west": { "uv": [ 8.96, 0.96, 11.04, 3.04 ], "texture": "#clobbahamma" },
				"east": { "uv": [ 8.96, 0.96, 11.04, 3.04 ], "texture": "#clobbahamma" }
			}
		},
		{
			"__comment": "Voxels-AAAAAA",
			"from": [ 6, 20, 16 ],
			"to": [ 10, 21, 17 ],
			"faces": {
				"down": { "uv": [ 4.96, 4.96, 7.04, 7.04 ], "texture": "#clobbahamma" },
				"up": { "uv": [ 4.96, 4.96, 7.04, 7.04 ], "texture": "#clobbahamma" },
				"north": { "uv": [ 4.96, 4.96, 7.04, 7.04 ], "texture": "#clobbahamma" },
				"south": { "uv": [ 4.96, 4.96, 7.04, 7.04 ], "texture": "#clobbahamma" },
				"west": { "uv": [ 4.96, 4.96, 7.04, 7.04 ], "texture": "#clobbahamma" },
				"east": { "uv": [ 4.96, 4.96, 7.04, 7.04 ], "texture": "#clobbahamma" }
			}
		},
		{
			"__comment": "Voxels-DE0000",
			"from": [ 6, 21, 2 ],
			"to": [ 10, 22, 3 ],
			"faces": {
				"down": { "uv": [ 8.96, 4.96, 11.04, 7.04 ], "texture": "#clobbahamma" },
				"up": { "uv": [ 8.96, 4.96, 11.04, 7.04 ], "texture": "#clobbahamma" },
				"north": { "uv": [ 8.96, 4.96, 11.04, 7.04 ], "texture": "#clobbahamma" },
				"south": { "uv": [ 8.96, 4.96, 11.04, 7.04 ], "texture": "#clobbahamma" },
				"west": { "uv": [ 8.96, 4.96, 11.04, 7.04 ], "texture": "#clobbahamma" },
				"east": { "uv": [ 8.96, 4.96, 11.04, 7.04 ], "texture": "#clobbahamma" }
			}
		},
		{
			"__comment": "Voxels-FF0000",
			"from": [ 6, 21, 15 ],
			"to": [ 10, 22, 16 ],
			"faces": {
				"down": { "uv": [ 12.96, 4.96, 15.04, 7.04 ], "texture": "#clobbahamma" },
				"up": { "uv": [ 12.96, 4.96, 15.04, 7.04 ], "texture": "#clobbahamma" },
				"north": { "uv": [ 12.96, 4.96, 15.04, 7.04 ], "texture": "#clobbahamma" },
				"south": { "uv": [ 12.96, 4.96, 15.04, 7.04 ], "texture": "#clobbahamma" },
				"west": { "uv": [ 12.96, 4.96, 15.04, 7.04 ], "texture": "#clobbahamma" },
				"east": { "uv": [ 12.96, 4.96, 15.04, 7.04 ], "texture": "#clobbahamma" }
			}
		},
		{
			"__comment": "Voxels-FFFF00",
			"from": [ 6, 22, 2 ],
			"to": [ 7, 24, 3 ],
			"faces": {
				"down": { "uv": [ 0.96, 8.96, 3.04, 11.04 ], "texture": "#clobbahamma" },
				"up": { "uv": [ 0.96, 8.96, 3.04, 11.04 ], "texture": "#clobbahamma" },
				"north": { "uv": [ 0.96, 8.96, 3.04, 11.04 ], "texture": "#clobbahamma" },
				"south": { "uv": [ 0.96, 8.96, 3.04, 11.04 ], "texture": "#clobbahamma" },
				"west": { "uv": [ 0.96, 8.96, 3.04, 11.04 ], "texture": "#clobbahamma" },
				"east": { "uv": [ 0.96, 8.96, 3.04, 11.04 ], "texture": "#clobbahamma" }
			}
		},
		{
			"__comment": "Voxels-FFFF00",
			"from": [ 6, 22, 15 ],
			"to": [ 7, 24, 16 ],
			"faces": {
				"down": { "uv": [ 0.96, 8.96, 3.04, 11.04 ], "texture": "#clobbahamma" },
				"up": { "uv": [ 0.96, 8.96, 3.04, 11.04 ], "texture": "#clobbahamma" },
				"north": { "uv": [ 0.96, 8.96, 3.04, 11.04 ], "texture": "#clobbahamma" },
				"south": { "uv": [ 0.96, 8.96, 3.04, 11.04 ], "texture": "#clobbahamma" },
				"west": { "uv": [ 0.96, 8.96, 3.04, 11.04 ], "texture": "#clobbahamma" },
				"east": { "uv": [ 0.96, 8.96, 3.04, 11.04 ], "texture": "#clobbahamma" }
			}
		},
		{
			"__comment": "Voxels-DE0000",
			"from": [ 6, 26, 2 ],
			"to": [ 10, 27, 3 ],
			"faces": {
				"down": { "uv": [ 8.96, 4.96, 11.04, 7.04 ], "texture": "#clobbahamma" },
				"up": { "uv": [ 8.96, 4.96, 11.04, 7.04 ], "texture": "#clobbahamma" },
				"north": { "uv": [ 8.96, 4.96, 11.04, 7.04 ], "texture": "#clobbahamma" },
				"south": { "uv": [ 8.96, 4.96, 11.04, 7.04 ], "texture": "#clobbahamma" },
				"west": { "uv": [ 8.96, 4.96, 11.04, 7.04 ], "texture": "#clobbahamma" },
				"east": { "uv": [ 8.96, 4.96, 11.04, 7.04 ], "texture": "#clobbahamma" }
			}
		},
		{
			"__comment": "Voxels-FF0000",
			"from": [ 6, 26, 15 ],
			"to": [ 10, 27, 16 ],
			"faces": {
				"down": { "uv": [ 12.96, 4.96, 15.04, 7.04 ], "texture": "#clobbahamma" },
				"up": { "uv": [ 12.96, 4.96, 15.04, 7.04 ], "texture": "#clobbahamma" },
				"north": { "uv": [ 12.96, 4.96, 15.04, 7.04 ], "texture": "#clobbahamma" },
				"south": { "uv": [ 12.96, 4.96, 15.04, 7.04 ], "texture": "#clobbahamma" },
				"west": { "uv": [ 12.96, 4.96, 15.04, 7.04 ], "texture": "#clobbahamma" },
				"east": { "uv": [ 12.96, 4.96, 15.04, 7.04 ], "texture": "#clobbahamma" }
			}
		},
		{
			"__comment": "Voxels-BFBFBF",
			"from": [ 6, 27, 1 ],
			"to": [ 10, 28, 2 ],
			"faces": {
				"down": { "uv": [ 0.96, 4.96, 3.04, 7.04 ], "texture": "#clobbahamma" },
				"up": { "uv": [ 0.96, 4.96, 3.04, 7.04 ], "texture": "#clobbahamma" },
				"north": { "uv": [ 0.96, 4.96, 3.04, 7.04 ], "texture": "#clobbahamma" },
				"south": { "uv": [ 0.96, 4.96, 3.04, 7.04 ], "texture": "#clobbahamma" },
				"west": { "uv": [ 0.96, 4.96, 3.04, 7.04 ], "texture": "#clobbahamma" },
				"east": { "uv": [ 0.96, 4.96, 3.04, 7.04 ], "texture": "#clobbahamma" }
			}
		},
		{
			"__comment": "Voxels-DE6F00",
			"from": [ 6, 27, 2 ],
			"to": [ 7, 28, 4 ],
			"faces": {
				"down": { "uv": [ 8.96, 0.96, 11.04, 3.04 ], "texture": "#clobbahamma" },
				"up": { "uv": [ 8.96, 0.96, 11.04, 3.04 ], "texture": "#clobbahamma" },
				"north": { "uv": [ 8.96, 0.96, 11.04, 3.04 ], "texture": "#clobbahamma" },
				"south": { "uv": [ 8.96, 0.96, 11.04, 3.04 ], "texture": "#clobbahamma" },
				"west": { "uv": [ 8.96, 0.96, 11.04, 3.04 ], "texture": "#clobbahamma" },
				"east": { "uv": [ 8.96, 0.96, 11.04, 3.04 ], "texture": "#clobbahamma" }
			}
		},
		{
			"__comment": "Voxels-DE6F00",
			"from": [ 6, 27, 14 ],
			"to": [ 7, 28, 16 ],
			"faces": {
				"down": { "uv": [ 8.96, 0.96, 11.04, 3.04 ], "texture": "#clobbahamma" },
				"up": { "uv": [ 8.96, 0.96, 11.04, 3.04 ], "texture": "#clobbahamma" },
				"north": { "uv": [ 8.96, 0.96, 11.04, 3.04 ], "texture": "#clobbahamma" },
				"south": { "uv": [ 8.96, 0.96, 11.04, 3.04 ], "texture": "#clobbahamma" },
				"west": { "uv": [ 8.96, 0.96, 11.04, 3.04 ], "texture": "#clobbahamma" },
				"east": { "uv": [ 8.96, 0.96, 11.04, 3.04 ], "texture": "#clobbahamma" }
			}
		},
		{
			"__comment": "Voxels-BFBFBF",
			"from": [ 6, 27, 16 ],
			"to": [ 10, 28, 17 ],
			"faces": {
				"down": { "uv": [ 0.96, 4.96, 3.04, 7.04 ], "texture": "#clobbahamma" },
				"up": { "uv": [ 0.96, 4.96, 3.04, 7.04 ], "texture": "#clobbahamma" },
				"north": { "uv": [ 0.96, 4.96, 3.04, 7.04 ], "texture": "#clobbahamma" },
				"south": { "uv": [ 0.96, 4.96, 3.04, 7.04 ], "texture": "#clobbahamma" },
				"west": { "uv": [ 0.96, 4.96, 3.04, 7.04 ], "texture": "#clobbahamma" },
				"east": { "uv": [ 0.96, 4.96, 3.04, 7.04 ], "texture": "#clobbahamma" }
			}
		},
		{
			"__comment": "Voxels-DE6F00",
			"from": [ 6, 28, 4 ],
			"to": [ 7, 29, 14 ],
			"faces": {
				"down": { "uv": [ 8.96, 0.96, 11.04, 3.04 ], "texture": "#clobbahamma" },
				"up": { "uv": [ 8.96, 0.96, 11.04, 3.04 ], "texture": "#clobbahamma" },
				"north": { "uv": [ 8.96, 0.96, 11.04, 3.04 ], "texture": "#clobbahamma" },
				"south": { "uv": [ 8.96, 0.96, 11.04, 3.04 ], "texture": "#clobbahamma" },
				"west": { "uv": [ 8.96, 0.96, 11.04, 3.04 ], "texture": "#clobbahamma" },
				"east": { "uv": [ 8.96, 0.96, 11.04, 3.04 ], "texture": "#clobbahamma" }
			}
		},
		{
			"__comment": "Voxels-5E2F00",
			"from": [ 7, 8, 8 ],
			"to": [ 9, 19, 10 ],
			"faces": {
				"down": { "uv": [ 4.96, 0.96, 7.04, 3.04 ], "texture": "#clobbahamma" },
				"up": { "uv": [ 4.96, 0.96, 7.04, 3.04 ], "texture": "#clobbahamma" },
				"north": { "uv": [ 4.96, 0.96, 7.04, 3.04 ], "texture": "#clobbahamma" },
				"south": { "uv": [ 4.96, 0.96, 7.04, 3.04 ], "texture": "#clobbahamma" },
				"west": { "uv": [ 4.96, 0.96, 7.04, 3.04 ], "texture": "#clobbahamma" },
				"east": { "uv": [ 4.96, 0.96, 7.04, 3.04 ], "texture": "#clobbahamma" }
			}
		},
		{
			"__comment": "Voxels-B85C00",
			"from": [ 7, 20, 2 ],
			"to": [ 9, 21, 4 ],
			"faces": {
				"down": { "uv": [ 12.96, 0.96, 15.04, 3.04 ], "texture": "#clobbahamma" },
				"up": { "uv": [ 12.96, 0.96, 15.04, 3.04 ], "texture": "#clobbahamma" },
				"north": { "uv": [ 12.96, 0.96, 15.04, 3.04 ], "texture": "#clobbahamma" },
				"south": { "uv": [ 12.96, 0.96, 15.04, 3.04 ], "texture": "#clobbahamma" },
				"west": { "uv": [ 12.96, 0.96, 15.04, 3.04 ], "texture": "#clobbahamma" },
				"east": { "uv": [ 12.96, 0.96, 15.04, 3.04 ], "texture": "#clobbahamma" }
			}
		},
		{
			"__comment": "Voxels-B85C00",
			"from": [ 7, 20, 14 ],
			"to": [ 9, 21, 16 ],
			"faces": {
				"down": { "uv": [ 12.96, 0.96, 15.04, 3.04 ], "texture": "#clobbahamma" },
				"up": { "uv": [ 12.96, 0.96, 15.04, 3.04 ], "texture": "#clobbahamma" },
				"north": { "uv": [ 12.96, 0.96, 15.04, 3.04 ], "texture": "#clobbahamma" },
				"south": { "uv": [ 12.96, 0.96, 15.04, 3.04 ], "texture": "#clobbahamma" },
				"west": { "uv": [ 12.96, 0.96, 15.04, 3.04 ], "texture": "#clobbahamma" },
				"east": { "uv": [ 12.96, 0.96, 15.04, 3.04 ], "texture": "#clobbahamma" }
			}
		},
		{
			"__comment": "Voxels-DE0000",
			"from": [ 7, 22, 2 ],
			"to": [ 9, 23, 3 ],
			"faces": {
				"down": { "uv": [ 8.96, 4.96, 11.04, 7.04 ], "texture": "#clobbahamma" },
				"up": { "uv": [ 8.96, 4.96, 11.04, 7.04 ], "texture": "#clobbahamma" },
				"north": { "uv": [ 8.96, 4.96, 11.04, 7.04 ], "texture": "#clobbahamma" },
				"south": { "uv": [ 8.96, 4.96, 11.04, 7.04 ], "texture": "#clobbahamma" },
				"west": { "uv": [ 8.96, 4.96, 11.04, 7.04 ], "texture": "#clobbahamma" },
				"east": { "uv": [ 8.96, 4.96, 11.04, 7.04 ], "texture": "#clobbahamma" }
			}
		},
		{
			"__comment": "Voxels-FF0000",
			"from": [ 7, 22, 15 ],
			"to": [ 9, 23, 16 ],
			"faces": {
				"down": { "uv": [ 12.96, 4.96, 15.04, 7.04 ], "texture": "#clobbahamma" },
				"up": { "uv": [ 12.96, 4.96, 15.04, 7.04 ], "texture": "#clobbahamma" },
				"north": { "uv": [ 12.96, 4.96, 15.04, 7.04 ], "texture": "#clobbahamma" },
				"south": { "uv": [ 12.96, 4.96, 15.04, 7.04 ], "texture": "#clobbahamma" },
				"west": { "uv": [ 12.96, 4.96, 15.04, 7.04 ], "texture": "#clobbahamma" },
				"east": { "uv": [ 12.96, 4.96, 15.04, 7.04 ], "texture": "#clobbahamma" }
			}
		},
		{
			"__comment": "Voxels-FFFF00",
			"from": [ 7, 23, 2 ],
			"to": [ 10, 24, 3 ],
			"faces": {
				"down": { "uv": [ 0.96, 8.96, 3.04, 11.04 ], "texture": "#clobbahamma" },
				"up": { "uv": [ 0.96, 8.96, 3.04, 11.04 ], "texture": "#clobbahamma" },
				"north": { "uv": [ 0.96, 8.96, 3.04, 11.04 ], "texture": "#clobbahamma" },
				"south": { "uv": [ 0.96, 8.96, 3.04, 11.04 ], "texture": "#clobbahamma" },
				"west": { "uv": [ 0.96, 8.96, 3.04, 11.04 ], "texture": "#clobbahamma" },
				"east": { "uv": [ 0.96, 8.96, 3.04, 11.04 ], "texture": "#clobbahamma" }
			}
		},
		{
			"__comment": "Voxels-FFFF00",
			"from": [ 7, 23, 15 ],
			"to": [ 10, 24, 16 ],
			"faces": {
				"down": { "uv": [ 0.96, 8.96, 3.04, 11.04 ], "texture": "#clobbahamma" },
				"up": { "uv": [ 0.96, 8.96, 3.04, 11.04 ], "texture": "#clobbahamma" },
				"north": { "uv": [ 0.96, 8.96, 3.04, 11.04 ], "texture": "#clobbahamma" },
				"south": { "uv": [ 0.96, 8.96, 3.04, 11.04 ], "texture": "#clobbahamma" },
				"west": { "uv": [ 0.96, 8.96, 3.04, 11.04 ], "texture": "#clobbahamma" },
				"east": { "uv": [ 0.96, 8.96, 3.04, 11.04 ], "texture": "#clobbahamma" }
			}
		},
		{
			"__comment": "Voxels-FFFF00",
			"from": [ 7, 25, 2 ],
			"to": [ 9, 26, 3 ],
			"faces": {
				"down": { "uv": [ 0.96, 8.96, 3.04, 11.04 ], "texture": "#clobbahamma" },
				"up": { "uv": [ 0.96, 8.96, 3.04, 11.04 ], "texture": "#clobbahamma" },
				"north": { "uv": [ 0.96, 8.96, 3.04, 11.04 ], "texture": "#clobbahamma" },
				"south": { "uv": [ 0.96, 8.96, 3.04, 11.04 ], "texture": "#clobbahamma" },
				"west": { "uv": [ 0.96, 8.96, 3.04, 11.04 ], "texture": "#clobbahamma" },
				"east": { "uv": [ 0.96, 8.96, 3.04, 11.04 ], "texture": "#clobbahamma" }
			}
		},
		{
			"__comment": "Voxels-FFFF00",
			"from": [ 7, 25, 15 ],
			"to": [ 9, 26, 16 ],
			"faces": {
				"down": { "uv": [ 0.96, 8.96, 3.04, 11.04 ], "texture": "#clobbahamma" },
				"up": { "uv": [ 0.96, 8.96, 3.04, 11.04 ], "texture": "#clobbahamma" },
				"north": { "uv": [ 0.96, 8.96, 3.04, 11.04 ], "texture": "#clobbahamma" },
				"south": { "uv": [ 0.96, 8.96, 3.04, 11.04 ], "texture": "#clobbahamma" },
				"west": { "uv": [ 0.96, 8.96, 3.04, 11.04 ], "texture": "#clobbahamma" },
				"east": { "uv": [ 0.96, 8.96, 3.04, 11.04 ], "texture": "#clobbahamma" }
			}
		},
		{
			"__comment": "Voxels-B85C00",
			"from": [ 7, 27, 2 ],
			"to": [ 9, 28, 4 ],
			"faces": {
				"down": { "uv": [ 12.96, 0.96, 15.04, 3.04 ], "texture": "#clobbahamma" },
				"up": { "uv": [ 12.96, 0.96, 15.04, 3.04 ], "texture": "#clobbahamma" },
				"north": { "uv": [ 12.96, 0.96, 15.04, 3.04 ], "texture": "#clobbahamma" },
				"south": { "uv": [ 12.96, 0.96, 15.04, 3.04 ], "texture": "#clobbahamma" },
				"west": { "uv": [ 12.96, 0.96, 15.04, 3.04 ], "texture": "#clobbahamma" },
				"east": { "uv": [ 12.96, 0.96, 15.04, 3.04 ], "texture": "#clobbahamma" }
			}
		},
		{
			"__comment": "Voxels-B85C00",
			"from": [ 7, 27, 14 ],
			"to": [ 9, 28, 16 ],
			"faces": {
				"down": { "uv": [ 12.96, 0.96, 15.04, 3.04 ], "texture": "#clobbahamma" },
				"up": { "uv": [ 12.96, 0.96, 15.04, 3.04 ], "texture": "#clobbahamma" },
				"north": { "uv": [ 12.96, 0.96, 15.04, 3.04 ], "texture": "#clobbahamma" },
				"south": { "uv": [ 12.96, 0.96, 15.04, 3.04 ], "texture": "#clobbahamma" },
				"west": { "uv": [ 12.96, 0.96, 15.04, 3.04 ], "texture": "#clobbahamma" },
				"east": { "uv": [ 12.96, 0.96, 15.04, 3.04 ], "texture": "#clobbahamma" }
			}
		},
		{
			"__comment": "Voxels-B85C00",
			"from": [ 7, 28, 4 ],
			"to": [ 9, 29, 14 ],
			"faces": {
				"down": { "uv": [ 12.96, 0.96, 15.04, 3.04 ], "texture": "#clobbahamma" },
				"up": { "uv": [ 12.96, 0.96, 15.04, 3.04 ], "texture": "#clobbahamma" },
				"north": { "uv": [ 12.96, 0.96, 15.04, 3.04 ], "texture": "#clobbahamma" },
				"south": { "uv": [ 12.96, 0.96, 15.04, 3.04 ], "texture": "#clobbahamma" },
				"west": { "uv": [ 12.96, 0.96, 15.04, 3.04 ], "texture": "#clobbahamma" },
				"east": { "uv": [ 12.96, 0.96, 15.04, 3.04 ], "texture": "#clobbahamma" }
			}
		},
		{
			"__comment": "Voxels-5E2F00",
			"from": [ 7, 29, 8 ],
			"to": [ 9, 30, 10 ],
			"faces": {
				"down": { "uv": [ 4.96, 0.96, 7.04, 3.04 ], "texture": "#clobbahamma" },
				"up": { "uv": [ 4.96, 0.96, 7.04, 3.04 ], "texture": "#clobbahamma" },
				"north": { "uv": [ 4.96, 0.96, 7.04, 3.04 ], "texture": "#clobbahamma" },
				"south": { "uv": [ 4.96, 0.96, 7.04, 3.04 ], "texture": "#clobbahamma" },
				"west": { "uv": [ 4.96, 0.96, 7.04, 3.04 ], "texture": "#clobbahamma" },
				"east": { "uv": [ 4.96, 0.96, 7.04, 3.04 ], "texture": "#clobbahamma" }
			}
		},
		{
			"__comment": "Voxels-B85C00",
			"from": [ 8, 20, 4 ],
			"to": [ 9, 21, 5 ],
			"faces": {
				"down": { "uv": [ 12.96, 0.96, 15.04, 3.04 ], "texture": "#clobbahamma" },
				"up": { "uv": [ 12.96, 0.96, 15.04, 3.04 ], "texture": "#clobbahamma" },
				"north": { "uv": [ 12.96, 0.96, 15.04, 3.04 ], "texture": "#clobbahamma" },
				"south": { "uv": [ 12.96, 0.96, 15.04, 3.04 ], "texture": "#clobbahamma" },
				"west": { "uv": [ 12.96, 0.96, 15.04, 3.04 ], "texture": "#clobbahamma" },
				"east": { "uv": [ 12.96, 0.96, 15.04, 3.04 ], "texture": "#clobbahamma" }
			}
		},
		{
			"__comment": "Voxels-DE6F00",
			"from": [ 9, 20, 2 ],
			"to": [ 10, 21, 4 ],
			"faces": {
				"down": { "uv": [ 8.96, 0.96, 11.04, 3.04 ], "texture": "#clobbahamma" },
				"up": { "uv": [ 8.96, 0.96, 11.04, 3.04 ], "texture": "#clobbahamma" },
				"north": { "uv": [ 8.96, 0.96, 11.04, 3.04 ], "texture": "#clobbahamma" },
				"south": { "uv": [ 8.96, 0.96, 11.04, 3.04 ], "texture": "#clobbahamma" },
				"west": { "uv": [ 8.96, 0.96, 11.04, 3.04 ], "texture": "#clobbahamma" },
				"east": { "uv": [ 8.96, 0.96, 11.04, 3.04 ], "texture": "#clobbahamma" }
			}
		},
		{
			"__comment": "Voxels-DE6F00",
			"from": [ 9, 20, 14 ],
			"to": [ 10, 21, 16 ],
			"faces": {
				"down": { "uv": [ 8.96, 0.96, 11.04, 3.04 ], "texture": "#clobbahamma" },
				"up": { "uv": [ 8.96, 0.96, 11.04, 3.04 ], "texture": "#clobbahamma" },
				"north": { "uv": [ 8.96, 0.96, 11.04, 3.04 ], "texture": "#clobbahamma" },
				"south": { "uv": [ 8.96, 0.96, 11.04, 3.04 ], "texture": "#clobbahamma" },
				"west": { "uv": [ 8.96, 0.96, 11.04, 3.04 ], "texture": "#clobbahamma" },
				"east": { "uv": [ 8.96, 0.96, 11.04, 3.04 ], "texture": "#clobbahamma" }
			}
		},
		{
			"__comment": "Voxels-FFFF00",
			"from": [ 9, 22, 2 ],
			"to": [ 10, 23, 3 ],
			"faces": {
				"down": { "uv": [ 0.96, 8.96, 3.04, 11.04 ], "texture": "#clobbahamma" },
				"up": { "uv": [ 0.96, 8.96, 3.04, 11.04 ], "texture": "#clobbahamma" },
				"north": { "uv": [ 0.96, 8.96, 3.04, 11.04 ], "texture": "#clobbahamma" },
				"south": { "uv": [ 0.96, 8.96, 3.04, 11.04 ], "texture": "#clobbahamma" },
				"west": { "uv": [ 0.96, 8.96, 3.04, 11.04 ], "texture": "#clobbahamma" },
				"east": { "uv": [ 0.96, 8.96, 3.04, 11.04 ], "texture": "#clobbahamma" }
			}
		},
		{
			"__comment": "Voxels-FFFF00",
			"from": [ 9, 22, 15 ],
			"to": [ 10, 23, 16 ],
			"faces": {
				"down": { "uv": [ 0.96, 8.96, 3.04, 11.04 ], "texture": "#clobbahamma" },
				"up": { "uv": [ 0.96, 8.96, 3.04, 11.04 ], "texture": "#clobbahamma" },
				"north": { "uv": [ 0.96, 8.96, 3.04, 11.04 ], "texture": "#clobbahamma" },
				"south": { "uv": [ 0.96, 8.96, 3.04, 11.04 ], "texture": "#clobbahamma" },
				"west": { "uv": [ 0.96, 8.96, 3.04, 11.04 ], "texture": "#clobbahamma" },
				"east": { "uv": [ 0.96, 8.96, 3.04, 11.04 ], "texture": "#clobbahamma" }
			}
		},
		{
			"__comment": "Voxels-DE0000",
			"from": [ 9, 25, 2 ],
			"to": [ 12, 26, 3 ],
			"faces": {
				"down": { "uv": [ 8.96, 4.96, 11.04, 7.04 ], "texture": "#clobbahamma" },
				"up": { "uv": [ 8.96, 4.96, 11.04, 7.04 ], "texture": "#clobbahamma" },
				"north": { "uv": [ 8.96, 4.96, 11.04, 7.04 ], "texture": "#clobbahamma" },
				"south": { "uv": [ 8.96, 4.96, 11.04, 7.04 ], "texture": "#clobbahamma" },
				"west": { "uv": [ 8.96, 4.96, 11.04, 7.04 ], "texture": "#clobbahamma" },
				"east": { "uv": [ 8.96, 4.96, 11.04, 7.04 ], "texture": "#clobbahamma" }
			}
		},
		{
			"__comment": "Voxels-FF0000",
			"from": [ 9, 25, 15 ],
			"to": [ 12, 26, 16 ],
			"faces": {
				"down": { "uv": [ 12.96, 4.96, 15.04, 7.04 ], "texture": "#clobbahamma" },
				"up": { "uv": [ 12.96, 4.96, 15.04, 7.04 ], "texture": "#clobbahamma" },
				"north": { "uv": [ 12.96, 4.96, 15.04, 7.04 ], "texture": "#clobbahamma" },
				"south": { "uv": [ 12.96, 4.96, 15.04, 7.04 ], "texture": "#clobbahamma" },
				"west": { "uv": [ 12.96, 4.96, 15.04, 7.04 ], "texture": "#clobbahamma" },
				"east": { "uv": [ 12.96, 4.96, 15.04, 7.04 ], "texture": "#clobbahamma" }
			}
		},
		{
			"__comment": "Voxels-DE6F00",
			"from": [ 9, 27, 2 ],
			"to": [ 10, 28, 4 ],
			"faces": {
				"down": { "uv": [ 8.96, 0.96, 11.04, 3.04 ], "texture": "#clobbahamma" },
				"up": { "uv": [ 8.96, 0.96, 11.04, 3.04 ], "texture": "#clobbahamma" },
				"north": { "uv": [ 8.96, 0.96, 11.04, 3.04 ], "texture": "#clobbahamma" },
				"south": { "uv": [ 8.96, 0.96, 11.04, 3.04 ], "texture": "#clobbahamma" },
				"west": { "uv": [ 8.96, 0.96, 11.04, 3.04 ], "texture": "#clobbahamma" },
				"east": { "uv": [ 8.96, 0.96, 11.04, 3.04 ], "texture": "#clobbahamma" }
			}
		},
		{
			"__comment": "Voxels-DE6F00",
			"from": [ 9, 27, 14 ],
			"to": [ 10, 28, 16 ],
			"faces": {
				"down": { "uv": [ 8.96, 0.96, 11.04, 3.04 ], "texture": "#clobbahamma" },
				"up": { "uv": [ 8.96, 0.96, 11.04, 3.04 ], "texture": "#clobbahamma" },
				"north": { "uv": [ 8.96, 0.96, 11.04, 3.04 ], "texture": "#clobbahamma" },
				"south": { "uv": [ 8.96, 0.96, 11.04, 3.04 ], "texture": "#clobbahamma" },
				"west": { "uv": [ 8.96, 0.96, 11.04, 3.04 ], "texture": "#clobbahamma" },
				"east": { "uv": [ 8.96, 0.96, 11.04, 3.04 ], "texture": "#clobbahamma" }
			}
		},
		{
			"__comment": "Voxels-DE6F00",
			"from": [ 9, 28, 4 ],
			"to": [ 10, 29, 14 ],
			"faces": {
				"down": { "uv": [ 8.96, 0.96, 11.04, 3.04 ], "texture": "#clobbahamma" },
				"up": { "uv": [ 8.96, 0.96, 11.04, 3.04 ], "texture": "#clobbahamma" },
				"north": { "uv": [ 8.96, 0.96, 11.04, 3.04 ], "texture": "#clobbahamma" },
				"south": { "uv": [ 8.96, 0.96, 11.04, 3.04 ], "texture": "#clobbahamma" },
				"west": { "uv": [ 8.96, 0.96, 11.04, 3.04 ], "texture": "#clobbahamma" },
				"east": { "uv": [ 8.96, 0.96, 11.04, 3.04 ], "texture": "#clobbahamma" }
			}
		},
		{
			"__comment": "Voxels-B85C00",
			"from": [ 10, 20, 4 ],
			"to": [ 11, 21, 14 ],
			"faces": {
				"down": { "uv": [ 12.96, 0.96, 15.04, 3.04 ], "texture": "#clobbahamma" },
				"up": { "uv": [ 12.96, 0.96, 15.04, 3.04 ], "texture": "#clobbahamma" },
				"north": { "uv": [ 12.96, 0.96, 15.04, 3.04 ], "texture": "#clobbahamma" },
				"south": { "uv": [ 12.96, 0.96, 15.04, 3.04 ], "texture": "#clobbahamma" },
				"west": { "uv": [ 12.96, 0.96, 15.04, 3.04 ], "texture": "#clobbahamma" },
				"east": { "uv": [ 12.96, 0.96, 15.04, 3.04 ], "texture": "#clobbahamma" }
			}
		},
		{
			"__comment": "Voxels-AAAAAA",
			"from": [ 10, 21, 1 ],
			"to": [ 12, 22, 2 ],
			"faces": {
				"down": { "uv": [ 4.96, 4.96, 7.04, 7.04 ], "texture": "#clobbahamma" },
				"up": { "uv": [ 4.96, 4.96, 7.04, 7.04 ], "texture": "#clobbahamma" },
				"north": { "uv": [ 4.96, 4.96, 7.04, 7.04 ], "texture": "#clobbahamma" },
				"south": { "uv": [ 4.96, 4.96, 7.04, 7.04 ], "texture": "#clobbahamma" },
				"west": { "uv": [ 4.96, 4.96, 7.04, 7.04 ], "texture": "#clobbahamma" },
				"east": { "uv": [ 4.96, 4.96, 7.04, 7.04 ], "texture": "#clobbahamma" }
			}
		},
		{
			"__comment": "Voxels-DE6F00",
			"from": [ 10, 21, 2 ],
			"to": [ 11, 22, 4 ],
			"faces": {
				"down": { "uv": [ 8.96, 0.96, 11.04, 3.04 ], "texture": "#clobbahamma" },
				"up": { "uv": [ 8.96, 0.96, 11.04, 3.04 ], "texture": "#clobbahamma" },
				"north": { "uv": [ 8.96, 0.96, 11.04, 3.04 ], "texture": "#clobbahamma" },
				"south": { "uv": [ 8.96, 0.96, 11.04, 3.04 ], "texture": "#clobbahamma" },
				"west": { "uv": [ 8.96, 0.96, 11.04, 3.04 ], "texture": "#clobbahamma" },
				"east": { "uv": [ 8.96, 0.96, 11.04, 3.04 ], "texture": "#clobbahamma" }
			}
		},
		{
			"__comment": "Voxels-DE6F00",
			"from": [ 10, 21, 14 ],
			"to": [ 11, 22, 16 ],
			"faces": {
				"down": { "uv": [ 8.96, 0.96, 11.04, 3.04 ], "texture": "#clobbahamma" },
				"up": { "uv": [ 8.96, 0.96, 11.04, 3.04 ], "texture": "#clobbahamma" },
				"north": { "uv": [ 8.96, 0.96, 11.04, 3.04 ], "texture": "#clobbahamma" },
				"south": { "uv": [ 8.96, 0.96, 11.04, 3.04 ], "texture": "#clobbahamma" },
				"west": { "uv": [ 8.96, 0.96, 11.04, 3.04 ], "texture": "#clobbahamma" },
				"east": { "uv": [ 8.96, 0.96, 11.04, 3.04 ], "texture": "#clobbahamma" }
			}
		},
		{
			"__comment": "Voxels-AAAAAA",
			"from": [ 10, 21, 16 ],
			"to": [ 12, 22, 17 ],
			"faces": {
				"down": { "uv": [ 4.96, 4.96, 7.04, 7.04 ], "texture": "#clobbahamma" },
				"up": { "uv": [ 4.96, 4.96, 7.04, 7.04 ], "texture": "#clobbahamma" },
				"north": { "uv": [ 4.96, 4.96, 7.04, 7.04 ], "texture": "#clobbahamma" },
				"south": { "uv": [ 4.96, 4.96, 7.04, 7.04 ], "texture": "#clobbahamma" },
				"west": { "uv": [ 4.96, 4.96, 7.04, 7.04 ], "texture": "#clobbahamma" },
				"east": { "uv": [ 4.96, 4.96, 7.04, 7.04 ], "texture": "#clobbahamma" }
			}
		},
		{
			"__comment": "Voxels-DE0000",
			"from": [ 10, 22, 2 ],
			"to": [ 12, 24, 3 ],
			"faces": {
				"down": { "uv": [ 8.96, 4.96, 11.04, 7.04 ], "texture": "#clobbahamma" },
				"up": { "uv": [ 8.96, 4.96, 11.04, 7.04 ], "texture": "#clobbahamma" },
				"north": { "uv": [ 8.96, 4.96, 11.04, 7.04 ], "texture": "#clobbahamma" },
				"south": { "uv": [ 8.96, 4.96, 11.04, 7.04 ], "texture": "#clobbahamma" },
				"west": { "uv": [ 8.96, 4.96, 11.04, 7.04 ], "texture": "#clobbahamma" },
				"east": { "uv": [ 8.96, 4.96, 11.04, 7.04 ], "texture": "#clobbahamma" }
			}
		},
		{
			"__comment": "Voxels-FF0000",
			"from": [ 10, 22, 15 ],
			"to": [ 12, 24, 16 ],
			"faces": {
				"down": { "uv": [ 12.96, 4.96, 15.04, 7.04 ], "texture": "#clobbahamma" },
				"up": { "uv": [ 12.96, 4.96, 15.04, 7.04 ], "texture": "#clobbahamma" },
				"north": { "uv": [ 12.96, 4.96, 15.04, 7.04 ], "texture": "#clobbahamma" },
				"south": { "uv": [ 12.96, 4.96, 15.04, 7.04 ], "texture": "#clobbahamma" },
				"west": { "uv": [ 12.96, 4.96, 15.04, 7.04 ], "texture": "#clobbahamma" },
				"east": { "uv": [ 12.96, 4.96, 15.04, 7.04 ], "texture": "#clobbahamma" }
			}
		},
		{
			"__comment": "Voxels-BFBFBF",
			"from": [ 10, 26, 1 ],
			"to": [ 12, 27, 2 ],
			"faces": {
				"down": { "uv": [ 0.96, 4.96, 3.04, 7.04 ], "texture": "#clobbahamma" },
				"up": { "uv": [ 0.96, 4.96, 3.04, 7.04 ], "texture": "#clobbahamma" },
				"north": { "uv": [ 0.96, 4.96, 3.04, 7.04 ], "texture": "#clobbahamma" },
				"south": { "uv": [ 0.96, 4.96, 3.04, 7.04 ], "texture": "#clobbahamma" },
				"west": { "uv": [ 0.96, 4.96, 3.04, 7.04 ], "texture": "#clobbahamma" },
				"east": { "uv": [ 0.96, 4.96, 3.04, 7.04 ], "texture": "#clobbahamma" }
			}
		},
		{
			"__comment": "Voxels-B85C00",
			"from": [ 10, 26, 2 ],
			"to": [ 11, 27, 4 ],
			"faces": {
				"down": { "uv": [ 12.96, 0.96, 15.04, 3.04 ], "texture": "#clobbahamma" },
				"up": { "uv": [ 12.96, 0.96, 15.04, 3.04 ], "texture": "#clobbahamma" },
				"north": { "uv": [ 12.96, 0.96, 15.04, 3.04 ], "texture": "#clobbahamma" },
				"south": { "uv": [ 12.96, 0.96, 15.04, 3.04 ], "texture": "#clobbahamma" },
				"west": { "uv": [ 12.96, 0.96, 15.04, 3.04 ], "texture": "#clobbahamma" },
				"east": { "uv": [ 12.96, 0.96, 15.04, 3.04 ], "texture": "#clobbahamma" }
			}
		},
		{
			"__comment": "Voxels-B85C00",
			"from": [ 10, 26, 14 ],
			"to": [ 11, 27, 16 ],
			"faces": {
				"down": { "uv": [ 12.96, 0.96, 15.04, 3.04 ], "texture": "#clobbahamma" },
				"up": { "uv": [ 12.96, 0.96, 15.04, 3.04 ], "texture": "#clobbahamma" },
				"north": { "uv": [ 12.96, 0.96, 15.04, 3.04 ], "texture": "#clobbahamma" },
				"south": { "uv": [ 12.96, 0.96, 15.04, 3.04 ], "texture": "#clobbahamma" },
				"west": { "uv": [ 12.96, 0.96, 15.04, 3.04 ], "texture": "#clobbahamma" },
				"east": { "uv": [ 12.96, 0.96, 15.04, 3.04 ], "texture": "#clobbahamma" }
			}
		},
		{
			"__comment": "Voxels-BFBFBF",
			"from": [ 10, 26, 16 ],
			"to": [ 12, 27, 17 ],
			"faces": {
				"down": { "uv": [ 0.96, 4.96, 3.04, 7.04 ], "texture": "#clobbahamma" },
				"up": { "uv": [ 0.96, 4.96, 3.04, 7.04 ], "texture": "#clobbahamma" },
				"north": { "uv": [ 0.96, 4.96, 3.04, 7.04 ], "texture": "#clobbahamma" },
				"south": { "uv": [ 0.96, 4.96, 3.04, 7.04 ], "texture": "#clobbahamma" },
				"west": { "uv": [ 0.96, 4.96, 3.04, 7.04 ], "texture": "#clobbahamma" },
				"east": { "uv": [ 0.96, 4.96, 3.04, 7.04 ], "texture": "#clobbahamma" }
			}
		},
		{
			"__comment": "Voxels-B85C00",
			"from": [ 10, 27, 4 ],
			"to": [ 12, 28, 14 ],
			"faces": {
				"down": { "uv": [ 12.96, 0.96, 15.04, 3.04 ], "texture": "#clobbahamma" },
				"up": { "uv": [ 12.96, 0.96, 15.04, 3.04 ], "texture": "#clobbahamma" },
				"north": { "uv": [ 12.96, 0.96, 15.04, 3.04 ], "texture": "#clobbahamma" },
				"south": { "uv": [ 12.96, 0.96, 15.04, 3.04 ], "texture": "#clobbahamma" },
				"west": { "uv": [ 12.96, 0.96, 15.04, 3.04 ], "texture": "#clobbahamma" },
				"east": { "uv": [ 12.96, 0.96, 15.04, 3.04 ], "texture": "#clobbahamma" }
			}
		},
		{
			"__comment": "Voxels-DE6F00",
			"from": [ 11, 20, 4 ],
			"to": [ 12, 21, 14 ],
			"faces": {
				"down": { "uv": [ 8.96, 0.96, 11.04, 3.04 ], "texture": "#clobbahamma" },
				"up": { "uv": [ 8.96, 0.96, 11.04, 3.04 ], "texture": "#clobbahamma" },
				"north": { "uv": [ 8.96, 0.96, 11.04, 3.04 ], "texture": "#clobbahamma" },
				"south": { "uv": [ 8.96, 0.96, 11.04, 3.04 ], "texture": "#clobbahamma" },
				"west": { "uv": [ 8.96, 0.96, 11.04, 3.04 ], "texture": "#clobbahamma" },
				"east": { "uv": [ 8.96, 0.96, 11.04, 3.04 ], "texture": "#clobbahamma" }
			}
		},
		{
			"__comment": "Voxels-B85C00",
			"from": [ 11, 21, 2 ],
			"to": [ 12, 22, 5 ],
			"faces": {
				"down": { "uv": [ 12.96, 0.96, 15.04, 3.04 ], "texture": "#clobbahamma" },
				"up": { "uv": [ 12.96, 0.96, 15.04, 3.04 ], "texture": "#clobbahamma" },
				"north": { "uv": [ 12.96, 0.96, 15.04, 3.04 ], "texture": "#clobbahamma" },
				"south": { "uv": [ 12.96, 0.96, 15.04, 3.04 ], "texture": "#clobbahamma" },
				"west": { "uv": [ 12.96, 0.96, 15.04, 3.04 ], "texture": "#clobbahamma" },
				"east": { "uv": [ 12.96, 0.96, 15.04, 3.04 ], "texture": "#clobbahamma" }
			}
		},
		{
			"__comment": "Voxels-B85C00",
			"from": [ 11, 21, 13 ],
			"to": [ 13, 22, 14 ],
			"faces": {
				"down": { "uv": [ 12.96, 0.96, 15.04, 3.04 ], "texture": "#clobbahamma" },
				"up": { "uv": [ 12.96, 0.96, 15.04, 3.04 ], "texture": "#clobbahamma" },
				"north": { "uv": [ 12.96, 0.96, 15.04, 3.04 ], "texture": "#clobbahamma" },
				"south": { "uv": [ 12.96, 0.96, 15.04, 3.04 ], "texture": "#clobbahamma" },
				"west": { "uv": [ 12.96, 0.96, 15.04, 3.04 ], "texture": "#clobbahamma" },
				"east": { "uv": [ 12.96, 0.96, 15.04, 3.04 ], "texture": "#clobbahamma" }
			}
		},
		{
			"__comment": "Voxels-B85C00",
			"from": [ 11, 21, 14 ],
			"to": [ 12, 23, 15 ],
			"faces": {
				"down": { "uv": [ 12.96, 0.96, 15.04, 3.04 ], "texture": "#clobbahamma" },
				"up": { "uv": [ 12.96, 0.96, 15.04, 3.04 ], "texture": "#clobbahamma" },
				"north": { "uv": [ 12.96, 0.96, 15.04, 3.04 ], "texture": "#clobbahamma" },
				"south": { "uv": [ 12.96, 0.96, 15.04, 3.04 ], "texture": "#clobbahamma" },
				"west": { "uv": [ 12.96, 0.96, 15.04, 3.04 ], "texture": "#clobbahamma" },
				"east": { "uv": [ 12.96, 0.96, 15.04, 3.04 ], "texture": "#clobbahamma" }
			}
		},
		{
			"__comment": "Voxels-B85C00",
			"from": [ 11, 21, 15 ],
			"to": [ 12, 22, 16 ],
			"faces": {
				"down": { "uv": [ 12.96, 0.96, 15.04, 3.04 ], "texture": "#clobbahamma" },
				"up": { "uv": [ 12.96, 0.96, 15.04, 3.04 ], "texture": "#clobbahamma" },
				"north": { "uv": [ 12.96, 0.96, 15.04, 3.04 ], "texture": "#clobbahamma" },
				"south": { "uv": [ 12.96, 0.96, 15.04, 3.04 ], "texture": "#clobbahamma" },
				"west": { "uv": [ 12.96, 0.96, 15.04, 3.04 ], "texture": "#clobbahamma" },
				"east": { "uv": [ 12.96, 0.96, 15.04, 3.04 ], "texture": "#clobbahamma" }
			}
		},
		{
			"__comment": "Voxels-DE0000",
			"from": [ 11, 22, 3 ],
			"to": [ 12, 23, 4 ],
			"faces": {
				"down": { "uv": [ 8.96, 4.96, 11.04, 7.04 ], "texture": "#clobbahamma" },
				"up": { "uv": [ 8.96, 4.96, 11.04, 7.04 ], "texture": "#clobbahamma" },
				"north": { "uv": [ 8.96, 4.96, 11.04, 7.04 ], "texture": "#clobbahamma" },
				"south": { "uv": [ 8.96, 4.96, 11.04, 7.04 ], "texture": "#clobbahamma" },
				"west": { "uv": [ 8.96, 4.96, 11.04, 7.04 ], "texture": "#clobbahamma" },
				"east": { "uv": [ 8.96, 4.96, 11.04, 7.04 ], "texture": "#clobbahamma" }
			}
		},
		{
			"__comment": "Voxels-DE0000",
			"from": [ 11, 24, 2 ],
			"to": [ 12, 25, 3 ],
			"faces": {
				"down": { "uv": [ 8.96, 4.96, 11.04, 7.04 ], "texture": "#clobbahamma" },
				"up": { "uv": [ 8.96, 4.96, 11.04, 7.04 ], "texture": "#clobbahamma" },
				"north": { "uv": [ 8.96, 4.96, 11.04, 7.04 ], "texture": "#clobbahamma" },
				"south": { "uv": [ 8.96, 4.96, 11.04, 7.04 ], "texture": "#clobbahamma" },
				"west": { "uv": [ 8.96, 4.96, 11.04, 7.04 ], "texture": "#clobbahamma" },
				"east": { "uv": [ 8.96, 4.96, 11.04, 7.04 ], "texture": "#clobbahamma" }
			}
		},
		{
			"__comment": "Voxels-FF0000",
			"from": [ 11, 24, 15 ],
			"to": [ 12, 25, 16 ],
			"faces": {
				"down": { "uv": [ 12.96, 4.96, 15.04, 7.04 ], "texture": "#clobbahamma" },
				"up": { "uv": [ 12.96, 4.96, 15.04, 7.04 ], "texture": "#clobbahamma" },
				"north": { "uv": [ 12.96, 4.96, 15.04, 7.04 ], "texture": "#clobbahamma" },
				"south": { "uv": [ 12.96, 4.96, 15.04, 7.04 ], "texture": "#clobbahamma" },
				"west": { "uv": [ 12.96, 4.96, 15.04, 7.04 ], "texture": "#clobbahamma" },
				"east": { "uv": [ 12.96, 4.96, 15.04, 7.04 ], "texture": "#clobbahamma" }
			}
		},
		{
			"__comment": "Voxels-DE6F00",
			"from": [ 11, 26, 2 ],
			"to": [ 12, 27, 4 ],
			"faces": {
				"down": { "uv": [ 8.96, 0.96, 11.04, 3.04 ], "texture": "#clobbahamma" },
				"up": { "uv": [ 8.96, 0.96, 11.04, 3.04 ], "texture": "#clobbahamma" },
				"north": { "uv": [ 8.96, 0.96, 11.04, 3.04 ], "texture": "#clobbahamma" },
				"south": { "uv": [ 8.96, 0.96, 11.04, 3.04 ], "texture": "#clobbahamma" },
				"west": { "uv": [ 8.96, 0.96, 11.04, 3.04 ], "texture": "#clobbahamma" },
				"east": { "uv": [ 8.96, 0.96, 11.04, 3.04 ], "texture": "#clobbahamma" }
			}
		},
		{
			"__comment": "Voxels-DE6F00",
			"from": [ 11, 26, 14 ],
			"to": [ 12, 27, 16 ],
			"faces": {
				"down": { "uv": [ 8.96, 0.96, 11.04, 3.04 ], "texture": "#clobbahamma" },
				"up": { "uv": [ 8.96, 0.96, 11.04, 3.04 ], "texture": "#clobbahamma" },
				"north": { "uv": [ 8.96, 0.96, 11.04, 3.04 ], "texture": "#clobbahamma" },
				"south": { "uv": [ 8.96, 0.96, 11.04, 3.04 ], "texture": "#clobbahamma" },
				"west": { "uv": [ 8.96, 0.96, 11.04, 3.04 ], "texture": "#clobbahamma" },
				"east": { "uv": [ 8.96, 0.96, 11.04, 3.04 ], "texture": "#clobbahamma" }
			}
		},
		{
			"__comment": "Voxels-B85C00",
			"from": [ 12, 21, 4 ],
			"to": [ 13, 22, 13 ],
			"faces": {
				"down": { "uv": [ 12.96, 0.96, 15.04, 3.04 ], "texture": "#clobbahamma" },
				"up": { "uv": [ 12.96, 0.96, 15.04, 3.04 ], "texture": "#clobbahamma" },
				"north": { "uv": [ 12.96, 0.96, 15.04, 3.04 ], "texture": "#clobbahamma" },
				"south": { "uv": [ 12.96, 0.96, 15.04, 3.04 ], "texture": "#clobbahamma" },
				"west": { "uv": [ 12.96, 0.96, 15.04, 3.04 ], "texture": "#clobbahamma" },
				"east": { "uv": [ 12.96, 0.96, 15.04, 3.04 ], "texture": "#clobbahamma" }
			}
		},
		{
			"__comment": "Voxels-BFBFBF",
			"from": [ 12, 22, 1 ],
			"to": [ 13, 26, 2 ],
			"faces": {
				"down": { "uv": [ 0.96, 4.96, 3.04, 7.04 ], "texture": "#clobbahamma" },
				"up": { "uv": [ 0.96, 4.96, 3.04, 7.04 ], "texture": "#clobbahamma" },
				"north": { "uv": [ 0.96, 4.96, 3.04, 7.04 ], "texture": "#clobbahamma" },
				"south": { "uv": [ 0.96, 4.96, 3.04, 7.04 ], "texture": "#clobbahamma" },
				"west": { "uv": [ 0.96, 4.96, 3.04, 7.04 ], "texture": "#clobbahamma" },
				"east": { "uv": [ 0.96, 4.96, 3.04, 7.04 ], "texture": "#clobbahamma" }
			}
		},
		{
			"__comment": "Voxels-DE6F00",
			"from": [ 12, 22, 2 ],
			"to": [ 13, 23, 4 ],
			"faces": {
				"down": { "uv": [ 8.96, 0.96, 11.04, 3.04 ], "texture": "#clobbahamma" },
				"up": { "uv": [ 8.96, 0.96, 11.04, 3.04 ], "texture": "#clobbahamma" },
				"north": { "uv": [ 8.96, 0.96, 11.04, 3.04 ], "texture": "#clobbahamma" },
				"south": { "uv": [ 8.96, 0.96, 11.04, 3.04 ], "texture": "#clobbahamma" },
				"west": { "uv": [ 8.96, 0.96, 11.04, 3.04 ], "texture": "#clobbahamma" },
				"east": { "uv": [ 8.96, 0.96, 11.04, 3.04 ], "texture": "#clobbahamma" }
			}
		},
		{
			"__comment": "Voxels-B85C00",
			"from": [ 12, 22, 10 ],
			"to": [ 13, 23, 11 ],
			"faces": {
				"down": { "uv": [ 12.96, 0.96, 15.04, 3.04 ], "texture": "#clobbahamma" },
				"up": { "uv": [ 12.96, 0.96, 15.04, 3.04 ], "texture": "#clobbahamma" },
				"north": { "uv": [ 12.96, 0.96, 15.04, 3.04 ], "texture": "#clobbahamma" },
				"south": { "uv": [ 12.96, 0.96, 15.04, 3.04 ], "texture": "#clobbahamma" },
				"west": { "uv": [ 12.96, 0.96, 15.04, 3.04 ], "texture": "#clobbahamma" },
				"east": { "uv": [ 12.96, 0.96, 15.04, 3.04 ], "texture": "#clobbahamma" }
			}
		},
		{
			"__comment": "Voxels-DE6F00",
			"from": [ 12, 22, 14 ],
			"to": [ 13, 23, 16 ],
			"faces": {
				"down": { "uv": [ 8.96, 0.96, 11.04, 3.04 ], "texture": "#clobbahamma" },
				"up": { "uv": [ 8.96, 0.96, 11.04, 3.04 ], "texture": "#clobbahamma" },
				"north": { "uv": [ 8.96, 0.96, 11.04, 3.04 ], "texture": "#clobbahamma" },
				"south": { "uv": [ 8.96, 0.96, 11.04, 3.04 ], "texture": "#clobbahamma" },
				"west": { "uv": [ 8.96, 0.96, 11.04, 3.04 ], "texture": "#clobbahamma" },
				"east": { "uv": [ 8.96, 0.96, 11.04, 3.04 ], "texture": "#clobbahamma" }
			}
		},
		{
			"__comment": "Voxels-BFBFBF",
			"from": [ 12, 22, 16 ],
			"to": [ 13, 26, 17 ],
			"faces": {
				"down": { "uv": [ 0.96, 4.96, 3.04, 7.04 ], "texture": "#clobbahamma" },
				"up": { "uv": [ 0.96, 4.96, 3.04, 7.04 ], "texture": "#clobbahamma" },
				"north": { "uv": [ 0.96, 4.96, 3.04, 7.04 ], "texture": "#clobbahamma" },
				"south": { "uv": [ 0.96, 4.96, 3.04, 7.04 ], "texture": "#clobbahamma" },
				"west": { "uv": [ 0.96, 4.96, 3.04, 7.04 ], "texture": "#clobbahamma" },
				"east": { "uv": [ 0.96, 4.96, 3.04, 7.04 ], "texture": "#clobbahamma" }
			}
		},
		{
			"__comment": "Voxels-B85C00",
			"from": [ 12, 23, 2 ],
			"to": [ 13, 24, 4 ],
			"faces": {
				"down": { "uv": [ 12.96, 0.96, 15.04, 3.04 ], "texture": "#clobbahamma" },
				"up": { "uv": [ 12.96, 0.96, 15.04, 3.04 ], "texture": "#clobbahamma" },
				"north": { "uv": [ 12.96, 0.96, 15.04, 3.04 ], "texture": "#clobbahamma" },
				"south": { "uv": [ 12.96, 0.96, 15.04, 3.04 ], "texture": "#clobbahamma" },
				"west": { "uv": [ 12.96, 0.96, 15.04, 3.04 ], "texture": "#clobbahamma" },
				"east": { "uv": [ 12.96, 0.96, 15.04, 3.04 ], "texture": "#clobbahamma" }
			}
		},
		{
			"__comment": "Voxels-B85C00",
			"from": [ 12, 23, 14 ],
			"to": [ 13, 24, 16 ],
			"faces": {
				"down": { "uv": [ 12.96, 0.96, 15.04, 3.04 ], "texture": "#clobbahamma" },
				"up": { "uv": [ 12.96, 0.96, 15.04, 3.04 ], "texture": "#clobbahamma" },
				"north": { "uv": [ 12.96, 0.96, 15.04, 3.04 ], "texture": "#clobbahamma" },
				"south": { "uv": [ 12.96, 0.96, 15.04, 3.04 ], "texture": "#clobbahamma" },
				"west": { "uv": [ 12.96, 0.96, 15.04, 3.04 ], "texture": "#clobbahamma" },
				"east": { "uv": [ 12.96, 0.96, 15.04, 3.04 ], "texture": "#clobbahamma" }
			}
		},
		{
			"__comment": "Voxels-DE6F00",
			"from": [ 12, 24, 2 ],
			"to": [ 13, 25, 4 ],
			"faces": {
				"down": { "uv": [ 8.96, 0.96, 11.04, 3.04 ], "texture": "#clobbahamma" },
				"up": { "uv": [ 8.96, 0.96, 11.04, 3.04 ], "texture": "#clobbahamma" },
				"north": { "uv": [ 8.96, 0.96, 11.04, 3.04 ], "texture": "#clobbahamma" },
				"south": { "uv": [ 8.96, 0.96, 11.04, 3.04 ], "texture": "#clobbahamma" },
				"west": { "uv": [ 8.96, 0.96, 11.04, 3.04 ], "texture": "#clobbahamma" },
				"east": { "uv": [ 8.96, 0.96, 11.04, 3.04 ], "texture": "#clobbahamma" }
			}
		},
		{
			"__comment": "Voxels-DE6F00",
			"from": [ 12, 24, 14 ],
			"to": [ 13, 25, 16 ],
			"faces": {
				"down": { "uv": [ 8.96, 0.96, 11.04, 3.04 ], "texture": "#clobbahamma" },
				"up": { "uv": [ 8.96, 0.96, 11.04, 3.04 ], "texture": "#clobbahamma" },
				"north": { "uv": [ 8.96, 0.96, 11.04, 3.04 ], "texture": "#clobbahamma" },
				"south": { "uv": [ 8.96, 0.96, 11.04, 3.04 ], "texture": "#clobbahamma" },
				"west": { "uv": [ 8.96, 0.96, 11.04, 3.04 ], "texture": "#clobbahamma" },
				"east": { "uv": [ 8.96, 0.96, 11.04, 3.04 ], "texture": "#clobbahamma" }
			}
		},
		{
			"__comment": "Voxels-B85C00",
			"from": [ 12, 25, 2 ],
			"to": [ 13, 26, 4 ],
			"faces": {
				"down": { "uv": [ 12.96, 0.96, 15.04, 3.04 ], "texture": "#clobbahamma" },
				"up": { "uv": [ 12.96, 0.96, 15.04, 3.04 ], "texture": "#clobbahamma" },
				"north": { "uv": [ 12.96, 0.96, 15.04, 3.04 ], "texture": "#clobbahamma" },
				"south": { "uv": [ 12.96, 0.96, 15.04, 3.04 ], "texture": "#clobbahamma" },
				"west": { "uv": [ 12.96, 0.96, 15.04, 3.04 ], "texture": "#clobbahamma" },
				"east": { "uv": [ 12.96, 0.96, 15.04, 3.04 ], "texture": "#clobbahamma" }
			}
		},
		{
			"__comment": "Voxels-B85C00",
			"from": [ 12, 25, 14 ],
			"to": [ 13, 26, 16 ],
			"faces": {
				"down": { "uv": [ 12.96, 0.96, 15.04, 3.04 ], "texture": "#clobbahamma" },
				"up": { "uv": [ 12.96, 0.96, 15.04, 3.04 ], "texture": "#clobbahamma" },
				"north": { "uv": [ 12.96, 0.96, 15.04, 3.04 ], "texture": "#clobbahamma" },
				"south": { "uv": [ 12.96, 0.96, 15.04, 3.04 ], "texture": "#clobbahamma" },
				"west": { "uv": [ 12.96, 0.96, 15.04, 3.04 ], "texture": "#clobbahamma" },
				"east": { "uv": [ 12.96, 0.96, 15.04, 3.04 ], "texture": "#clobbahamma" }
			}
		},
		{
			"__comment": "Voxels-DE6F00",
			"from": [ 12, 26, 4 ],
			"to": [ 13, 27, 14 ],
			"faces": {
				"down": { "uv": [ 8.96, 0.96, 11.04, 3.04 ], "texture": "#clobbahamma" },
				"up": { "uv": [ 8.96, 0.96, 11.04, 3.04 ], "texture": "#clobbahamma" },
				"north": { "uv": [ 8.96, 0.96, 11.04, 3.04 ], "texture": "#clobbahamma" },
				"south": { "uv": [ 8.96, 0.96, 11.04, 3.04 ], "texture": "#clobbahamma" },
				"west": { "uv": [ 8.96, 0.96, 11.04, 3.04 ], "texture": "#clobbahamma" },
				"east": { "uv": [ 8.96, 0.96, 11.04, 3.04 ], "texture": "#clobbahamma" }
			}
		},
		{
			"__comment": "Voxels-DE6F00",
			"from": [ 13, 22, 4 ],
			"to": [ 14, 23, 14 ],
			"faces": {
				"down": { "uv": [ 8.96, 0.96, 11.04, 3.04 ], "texture": "#clobbahamma" },
				"up": { "uv": [ 8.96, 0.96, 11.04, 3.04 ], "texture": "#clobbahamma" },
				"north": { "uv": [ 8.96, 0.96, 11.04, 3.04 ], "texture": "#clobbahamma" },
				"south": { "uv": [ 8.96, 0.96, 11.04, 3.04 ], "texture": "#clobbahamma" },
				"west": { "uv": [ 8.96, 0.96, 11.04, 3.04 ], "texture": "#clobbahamma" },
				"east": { "uv": [ 8.96, 0.96, 11.04, 3.04 ], "texture": "#clobbahamma" }
			}
		},
		{
			"__comment": "Voxels-B85C00",
			"from": [ 13, 23, 4 ],
			"to": [ 14, 24, 14 ],
			"faces": {
				"down": { "uv": [ 12.96, 0.96, 15.04, 3.04 ], "texture": "#clobbahamma" },
				"up": { "uv": [ 12.96, 0.96, 15.04, 3.04 ], "texture": "#clobbahamma" },
				"north": { "uv": [ 12.96, 0.96, 15.04, 3.04 ], "texture": "#clobbahamma" },
				"south": { "uv": [ 12.96, 0.96, 15.04, 3.04 ], "texture": "#clobbahamma" },
				"west": { "uv": [ 12.96, 0.96, 15.04, 3.04 ], "texture": "#clobbahamma" },
				"east": { "uv": [ 12.96, 0.96, 15.04, 3.04 ], "texture": "#clobbahamma" }
			}
		},
		{
			"__comment": "Voxels-DE6F00",
			"from": [ 13, 24, 4 ],
			"to": [ 14, 25, 14 ],
			"faces": {
				"down": { "uv": [ 8.96, 0.96, 11.04, 3.04 ], "texture": "#clobbahamma" },
				"up": { "uv": [ 8.96, 0.96, 11.04, 3.04 ], "texture": "#clobbahamma" },
				"north": { "uv": [ 8.96, 0.96, 11.04, 3.04 ], "texture": "#clobbahamma" },
				"south": { "uv": [ 8.96, 0.96, 11.04, 3.04 ], "texture": "#clobbahamma" },
				"west": { "uv": [ 8.96, 0.96, 11.04, 3.04 ], "texture": "#clobbahamma" },
				"east": { "uv": [ 8.96, 0.96, 11.04, 3.04 ], "texture": "#clobbahamma" }
			}
		},
		{
			"__comment": "Voxels-B85C00",
			"from": [ 13, 25, 4 ],
			"to": [ 14, 26, 14 ],
			"faces": {
				"down": { "uv": [ 12.96, 0.96, 15.04, 3.04 ], "texture": "#clobbahamma" },
				"up": { "uv": [ 12.96, 0.96, 15.04, 3.04 ], "texture": "#clobbahamma" },
				"north": { "uv": [ 12.96, 0.96, 15.04, 3.04 ], "texture": "#clobbahamma" },
				"south": { "uv": [ 12.96, 0.96, 15.04, 3.04 ], "texture": "#clobbahamma" },
				"west": { "uv": [ 12.96, 0.96, 15.04, 3.04 ], "texture": "#clobbahamma" },
				"east": { "uv": [ 12.96, 0.96, 15.04, 3.04 ], "texture": "#clobbahamma" }
			}
		}
	],
	"display": {
		"thirdperson": {
			"rotation":  [256, 0, 0 ],
			"translation":  [ 0.00, 0.50, 1.00 ],
			"scale":  [ 1.11, 1.11, 1.09 ]
		},
		"firstperson": {
			"rotation":  [ 0, 338, 0 ],
			"translation":  [ 0.00, 0.00, 0.00 ],
			"scale":  [ 1.10, 1.17, 1.00 ]
		},
		"gui": {
			"rotation": [ 342, 26, 26 ],
			"translation": [ 0.00, -7.00, 2.75 ],
			"scale": [ 1.00, 1.00, 1.00 ]
		}
	}
}