{
	"credit": "Made with Blockbench",
	"textures": {
		"0": "items/bscotch_pie",
		"particle": "items/bscotch_pie"
	},
	"elements": [
		{
			"from": [5, 5, 2],
			"to": [11, 7.2, 14],
			"faces": {
				"north": {"uv": [2.5, 1, 5.5, 1.5], "texture": "#0"},
				"east": {"uv": [2.5, 1.5, 5.5, 2], "texture": "#0"},
				"south": {"uv": [2.5, 6.5, 5.5, 7], "texture": "#0"},
				"west": {"uv": [2.5, 1.5, 5.5, 2], "texture": "#0"},
				"up": {"uv": [2.5, 1, 5.5, 7], "texture": "#0"},
				"down": {"uv": [2.5, 1, 5.5, 7], "texture": "#0"}
			}
		},
		{
			"from": [2, 0, 5],
			"to": [14, 1, 11],
			"rotation": {"angle": 0, "axis": "y", "origin": [8, 0.5, 8]},
			"faces": {
				"north": {"uv": [9, 4, 15, 4.5], "texture": "#0", "cullface": "down"},
				"east": {"uv": [9, 4, 15, 4.5], "texture": "#0", "cullface": "down"},
				"south": {"uv": [9, 4, 15, 4.5], "texture": "#0", "cullface": "down"},
				"west": {"uv": [9, 4, 15, 4.5], "texture": "#0", "cullface": "down"},
				"up": {"uv": [9, 4, 15, 4.5], "rotation": 270, "texture": "#0", "cullface": "down"},
				"down": {"uv": [9, 4, 15, 4.5], "rotation": 90, "texture": "#0", "cullface": "down"}
			}
		},
		{
			"from": [5, 1, 1],
			"to": [11, 5, 15],
			"rotation": {"angle": 0, "axis": "y", "origin": [8, 3, 7]},
			"faces": {
				"north": {"uv": [11, 1, 13.5, 4], "texture": "#0"},
				"east": {"uv": [8.5, 1, 15.5, 4], "texture": "#0"},
				"south": {"uv": [10.5, 1, 13.5, 4], "texture": "#0"},
				"west": {"uv": [8.5, 1, 15.5, 4], "texture": "#0"},
				"up": {"uv": [8.5, 1, 15.5, 1.5], "texture": "#0"},
				"down": {"uv": [8.5, 3.5, 15.5, 4], "texture": "#0", "cullface": "down"}
			}
		},
		{
			"from": [3, 5, 3],
			"to": [5, 7.2, 13],
			"faces": {
				"north": {"uv": [5.5, 2.5, 6.5, 3.5], "texture": "#0"},
				"east": {"uv": [5.5, 2.5, 6.5, 3.5], "texture": "#0"},
				"south": {"uv": [5.5, 2.5, 6.5, 3.5], "texture": "#0"},
				"west": {"uv": [5.5, 2.5, 6.5, 3.5], "texture": "#0"},
				"up": {"uv": [1.5, 1.5, 2.5, 6.5], "texture": "#0"},
				"down": {"uv": [1.5, 1.5, 2.5, 6.5], "texture": "#0"}
			}
		},
		{
			"from": [3, 0, 11],
			"to": [13, 1, 13],
			"rotation": {"angle": 0, "axis": "y", "origin": [8, 0.5, 8]},
			"faces": {
				"north": {"uv": [9, 4, 15, 4.5], "texture": "#0", "cullface": "down"},
				"east": {"uv": [9, 4, 15, 4.5], "texture": "#0", "cullface": "down"},
				"south": {"uv": [9, 4, 15, 4.5], "texture": "#0", "cullface": "down"},
				"west": {"uv": [9, 4, 15, 4.5], "texture": "#0", "cullface": "down"},
				"up": {"uv": [9, 4, 15, 4.5], "rotation": 270, "texture": "#0", "cullface": "down"},
				"down": {"uv": [9, 4, 15, 4.5], "rotation": 90, "texture": "#0", "cullface": "down"}
			}
		},
		{
			"from": [3, 1, 2],
			"to": [5, 5, 14],
			"rotation": {"angle": 0, "axis": "y", "origin": [8, 3, 7]},
			"faces": {
				"north": {"uv": [13.5, 1, 14.5, 4], "texture": "#0"},
				"east": {"uv": [1, 8, 15, 16], "texture": "#missing"},
				"south": {"uv": [9.5, 1, 10.5, 4], "texture": "#0"},
				"west": {"uv": [9.5, 1, 15, 4], "texture": "#0"},
				"up": {"uv": [8.5, 1, 15.5, 1.5], "texture": "#0"},
				"down": {"uv": [8.5, 3.5, 15.5, 4], "texture": "#0", "cullface": "down"}
			}
		},
		{
			"from": [11, 5, 3],
			"to": [13, 7.2, 13],
			"faces": {
				"north": {"uv": [5.5, 2.5, 6.5, 3.5], "texture": "#0"},
				"east": {"uv": [5.5, 2.5, 6.5, 3.5], "texture": "#0"},
				"south": {"uv": [5.5, 2.5, 6.5, 3.5], "texture": "#0"},
				"west": {"uv": [5.5, 2.5, 6.5, 3.5], "texture": "#0"},
				"up": {"uv": [5.5, 1.5, 6.5, 6.5], "texture": "#0"},
				"down": {"uv": [5.5, 1.5, 6.5, 6.5], "texture": "#0"}
			}
		},
		{
			"from": [3, 0, 3],
			"to": [13, 1, 5],
			"rotation": {"angle": 0, "axis": "y", "origin": [8, 0.5, 8]},
			"faces": {
				"north": {"uv": [9, 4, 15, 4.5], "texture": "#0", "cullface": "down"},
				"east": {"uv": [9, 4, 15, 4.5], "texture": "#0", "cullface": "down"},
				"south": {"uv": [9, 4, 15, 4.5], "texture": "#0", "cullface": "down"},
				"west": {"uv": [9, 4, 15, 4.5], "texture": "#0", "cullface": "down"},
				"up": {"uv": [9, 4, 15, 4.5], "rotation": 270, "texture": "#0", "cullface": "down"},
				"down": {"uv": [9, 4, 15, 4.5], "rotation": 90, "texture": "#0", "cullface": "down"}
			}
		},
		{
			"from": [11, 1, 2],
			"to": [13, 5, 14],
			"rotation": {"angle": 0, "axis": "y", "origin": [8, 3, 7]},
			"faces": {
				"north": {"uv": [9.5, 1, 10.5, 4], "texture": "#0"},
				"east": {"uv": [9, 1, 15, 4], "texture": "#0"},
				"south": {"uv": [13.5, 1, 14.5, 4], "texture": "#0"},
				"west": {"uv": [1, 8, 15, 16], "texture": "#missing"},
				"up": {"uv": [8.5, 1, 15.5, 1.5], "texture": "#0"},
				"down": {"uv": [8.5, 3.5, 15.5, 4], "texture": "#0", "cullface": "down"}
			}
		},
		{
			"from": [13, 5, 5],
			"to": [14, 7.2, 11],
			"faces": {
				"north": {"uv": [6.5, 2.5, 7, 5.5], "texture": "#0"},
				"east": {"uv": [6.5, 2.5, 7, 5.5], "texture": "#0"},
				"south": {"uv": [6.5, 2.5, 7, 5.5], "texture": "#0"},
				"west": {"uv": [6.5, 2.5, 7, 5.5], "texture": "#0"},
				"up": {"uv": [6.5, 2.5, 7, 5.5], "texture": "#0"},
				"down": {"uv": [6.5, 2.5, 7, 5.5], "texture": "#0"}
			}
		},
		{
			"from": [5, 0, 2],
			"to": [11, 1, 3],
			"rotation": {"angle": 0, "axis": "y", "origin": [8, 0.5, 8]},
			"faces": {
				"north": {"uv": [9, 4, 15, 4.5], "texture": "#0", "cullface": "down"},
				"east": {"uv": [9, 4, 15, 4.5], "texture": "#0", "cullface": "down"},
				"south": {"uv": [9, 4, 15, 4.5], "texture": "#0", "cullface": "down"},
				"west": {"uv": [9, 4, 15, 4.5], "texture": "#0", "cullface": "down"},
				"up": {"uv": [9, 4, 15, 4.5], "rotation": 270, "texture": "#0", "cullface": "down"},
				"down": {"uv": [9, 4, 15, 4.5], "rotation": 90, "texture": "#0", "cullface": "down"}
			}
		},
		{
			"from": [13, 1, 3],
			"to": [14, 5, 13],
			"rotation": {"angle": 0, "axis": "y", "origin": [8, 3, 7]},
			"faces": {
				"north": {"uv": [9, 1, 9.5, 4], "texture": "#0"},
				"east": {"uv": [9.5, 1, 14.5, 4], "texture": "#0"},
				"south": {"uv": [14.5, 1, 15, 4], "texture": "#0"},
				"west": {"uv": [1, 8, 15, 16], "texture": "#missing"},
				"up": {"uv": [8.5, 1, 15.5, 1.5], "texture": "#0"},
				"down": {"uv": [8.5, 3.5, 15.5, 4], "texture": "#0", "cullface": "down"}
			}
		},
		{
			"from": [14, 1, 5],
			"to": [15, 5, 11],
			"rotation": {"angle": 0, "axis": "y", "origin": [8, 3, 7]},
			"faces": {
				"north": {"uv": [8.5, 1, 9, 4], "texture": "#0"},
				"east": {"uv": [10.5, 1, 13.5, 4], "texture": "#0"},
				"south": {"uv": [15, 1, 15.5, 4], "texture": "#0"},
				"west": {"uv": [1, 8, 15, 16], "texture": "#missing"},
				"up": {"uv": [8.5, 1, 15.5, 1.5], "texture": "#0"},
				"down": {"uv": [8.5, 3.5, 15.5, 4], "texture": "#0", "cullface": "down"}
			}
		},
		{
			"from": [1, 1, 5],
			"to": [2, 5, 11],
			"rotation": {"angle": 0, "axis": "y", "origin": [8, 3, 7]},
			"faces": {
				"north": {"uv": [15, 1, 15.5, 4], "texture": "#0"},
				"east": {"uv": [1, 8, 15, 16], "texture": "#missing"},
				"south": {"uv": [8.5, 1, 9, 4], "texture": "#0"},
				"west": {"uv": [10.5, 1, 13.5, 4], "texture": "#0"},
				"up": {"uv": [8.5, 1, 15.5, 1.5], "texture": "#0"},
				"down": {"uv": [8.5, 3.5, 15.5, 4], "texture": "#0", "cullface": "down"}
			}
		},
		{
			"from": [2, 5, 5],
			"to": [3, 7.2, 11],
			"faces": {
				"north": {"uv": [1, 2.5, 1.5, 5.5], "texture": "#0"},
				"east": {"uv": [1, 2.5, 1.5, 5.5], "texture": "#0"},
				"south": {"uv": [1, 2.5, 1.5, 5.5], "texture": "#0"},
				"west": {"uv": [1, 2.5, 1.5, 5.5], "texture": "#0"},
				"up": {"uv": [1, 2.5, 1.5, 5.5], "texture": "#0"},
				"down": {"uv": [1, 2.5, 1.5, 5.5], "texture": "#0"}
			}
		},
		{
			"from": [5, 0, 13],
			"to": [11, 1, 14],
			"rotation": {"angle": 0, "axis": "y", "origin": [8, 0.5, 8]},
			"faces": {
				"north": {"uv": [9, 4, 15, 4.5], "texture": "#0", "cullface": "down"},
				"east": {"uv": [9, 4, 15, 4.5], "texture": "#0", "cullface": "down"},
				"south": {"uv": [9, 4, 15, 4.5], "texture": "#0", "cullface": "down"},
				"west": {"uv": [9, 4, 15, 4.5], "texture": "#0", "cullface": "down"},
				"up": {"uv": [9, 4, 15, 4.5], "rotation": 270, "texture": "#0", "cullface": "down"},
				"down": {"uv": [9, 4, 15, 4.5], "rotation": 90, "texture": "#0", "cullface": "down"}
			}
		},
		{
			"from": [2, 1, 3],
			"to": [3, 5, 13],
			"rotation": {"angle": 0, "axis": "y", "origin": [8, 3, 7]},
			"faces": {
				"north": {"uv": [14.5, 1, 15, 4], "texture": "#0"},
				"east": {"uv": [1, 8, 15, 16], "texture": "#missing"},
				"south": {"uv": [9, 1, 9.5, 4], "texture": "#0"},
				"west": {"uv": [9.5, 1, 14.5, 4], "texture": "#0"},
				"up": {"uv": [8.5, 1, 15.5, 1.5], "texture": "#0"},
				"down": {"uv": [8.5, 3.5, 15.5, 4], "texture": "#0", "cullface": "down"}
			}
		},
		{
			"from": [0, 5, 5],
			"to": [2, 6.6, 11],
			"rotation": {"angle": 0, "axis": "y", "origin": [8, 6, 8]},
			"faces": {
				"north": {"uv": [0, 2.5, 1, 5.5], "texture": "#0"},
				"east": {"uv": [0, 2.5, 1, 5.5], "texture": "#0"},
				"south": {"uv": [0, 2.5, 1, 5.5], "texture": "#0"},
				"west": {"uv": [0, 2.5, 1, 5.5], "texture": "#0"},
				"up": {"uv": [0, 2.5, 1, 5.5], "texture": "#0"},
				"down": {"uv": [0, 2.5, 1, 5.5], "texture": "#0"}
			}
		},
		{
			"from": [14, 5, 5],
			"to": [16, 6.6, 11],
			"rotation": {"angle": 0, "axis": "y", "origin": [8, 6, 8]},
			"faces": {
				"north": {"uv": [7, 2.5, 8, 5.5], "rotation": 180, "texture": "#0"},
				"east": {"uv": [7, 2.5, 8, 5.5], "rotation": 180, "texture": "#0"},
				"south": {"uv": [7, 2.5, 8, 5.5], "rotation": 180, "texture": "#0"},
				"west": {"uv": [7, 2.5, 8, 5.5], "rotation": 180, "texture": "#0"},
				"up": {"uv": [7, 2.5, 8, 5.5], "rotation": 180, "texture": "#0"},
				"down": {"uv": [7, 2.5, 8, 5.5], "rotation": 180, "texture": "#0"}
			}
		},
		{
			"from": [1, 5, 11],
			"to": [3, 6.2, 13],
			"rotation": {"angle": 0, "axis": "y", "origin": [8, 6, 8]},
			"faces": {
				"north": {"uv": [0.5, 5.5, 1.5, 6.5], "texture": "#0"},
				"east": {"uv": [0.5, 5.5, 1.5, 6.5], "texture": "#0"},
				"south": {"uv": [0.5, 5.5, 1.5, 6.5], "texture": "#0"},
				"west": {"uv": [0.5, 5.5, 1.5, 6.5], "texture": "#0"},
				"up": {"uv": [0.5, 5.5, 1.5, 6.5], "texture": "#0"},
				"down": {"uv": [0.5, 5.5, 1.5, 6.5], "texture": "#0"}
			}
		},
		{
			"from": [13, 5, 3],
			"to": [15, 6.2, 5],
			"rotation": {"angle": 0, "axis": "y", "origin": [8, 6, 8]},
			"faces": {
				"north": {"uv": [6.5, 1.5, 7.5, 2.5], "rotation": 180, "texture": "#0"},
				"east": {"uv": [6.5, 1.5, 7.5, 2.5], "rotation": 180, "texture": "#0"},
				"south": {"uv": [6.5, 1.5, 7.5, 2.5], "rotation": 180, "texture": "#0"},
				"west": {"uv": [6.5, 1.5, 7.5, 2.5], "rotation": 180, "texture": "#0"},
				"up": {"uv": [6.5, 1.5, 7.5, 2.5], "rotation": 180, "texture": "#0"},
				"down": {"uv": [6.5, 1.5, 7.5, 2.5], "rotation": 180, "texture": "#0"}
			}
		},
		{
			"from": [1, 5, 3],
			"to": [3, 6.2, 5],
			"rotation": {"angle": 0, "axis": "y", "origin": [8, 6, 0]},
			"faces": {
				"north": {"uv": [0.5, 1.5, 1.5, 2.5], "texture": "#0"},
				"east": {"uv": [0.5, 1.5, 1.5, 2.5], "texture": "#0"},
				"south": {"uv": [0.5, 1.5, 1.5, 2.5], "texture": "#0"},
				"west": {"uv": [0.5, 1.5, 1.5, 2.5], "texture": "#0"},
				"up": {"uv": [0.5, 1.5, 1.5, 2.5], "texture": "#0"},
				"down": {"uv": [0.5, 1.5, 1.5, 2.5], "texture": "#0"}
			}
		},
		{
			"from": [13, 5, 11],
			"to": [15, 6.2, 13],
			"rotation": {"angle": 0, "axis": "y", "origin": [8, 6, 8]},
			"faces": {
				"north": {"uv": [6.5, 5.5, 7.5, 6.5], "rotation": 180, "texture": "#0"},
				"east": {"uv": [6.5, 5.5, 7.5, 6.5], "rotation": 180, "texture": "#0"},
				"south": {"uv": [6.5, 5.5, 7.5, 6.5], "rotation": 180, "texture": "#0"},
				"west": {"uv": [6.5, 5.5, 7.5, 6.5], "rotation": 180, "texture": "#0"},
				"up": {"uv": [6.5, 5.5, 7.5, 6.5], "rotation": 180, "texture": "#0"},
				"down": {"uv": [6.5, 5.5, 7.5, 6.5], "rotation": 180, "texture": "#0"}
			}
		},
		{
			"from": [3, 5, 13],
			"to": [5, 6.2, 15],
			"rotation": {"angle": 0, "axis": "y", "origin": [8, 6, 8]},
			"faces": {
				"north": {"uv": [1.5, 6.5, 2.5, 7.5], "texture": "#0"},
				"east": {"uv": [1.5, 6.5, 2.5, 7.5], "texture": "#0"},
				"south": {"uv": [1.5, 6.5, 2.5, 7.5], "texture": "#0"},
				"west": {"uv": [1.5, 6.5, 2.5, 7.5], "texture": "#0"},
				"up": {"uv": [1.5, 6.5, 2.5, 7.5], "texture": "#0"},
				"down": {"uv": [1.5, 6.5, 2.5, 7.5], "texture": "#0"}
			}
		},
		{
			"from": [11, 5, 1],
			"to": [13, 6.2, 3],
			"rotation": {"angle": 0, "axis": "y", "origin": [8, 6, 8]},
			"faces": {
				"north": {"uv": [5.5, 0.5, 6.5, 1.5], "rotation": 180, "texture": "#0"},
				"east": {"uv": [5.5, 0.5, 6.5, 1.5], "rotation": 180, "texture": "#0"},
				"south": {"uv": [5.5, 0.5, 6.5, 1.5], "rotation": 180, "texture": "#0"},
				"west": {"uv": [5.5, 0.5, 6.5, 1.5], "rotation": 180, "texture": "#0"},
				"up": {"uv": [5.5, 0.5, 6.5, 1.5], "rotation": 180, "texture": "#0"},
				"down": {"uv": [5.5, 0.5, 6.5, 1.5], "rotation": 180, "texture": "#0"}
			}
		},
		{
			"from": [3, 5, 1],
			"to": [5, 6.2, 3],
			"rotation": {"angle": 0, "axis": "y", "origin": [8, 6, 0]},
			"faces": {
				"north": {"uv": [1.5, 0.5, 2.5, 1.5], "texture": "#0"},
				"east": {"uv": [1.5, 0.5, 2.5, 1.5], "texture": "#0"},
				"south": {"uv": [1.5, 0.5, 2.5, 1.5], "texture": "#0"},
				"west": {"uv": [1.5, 0.5, 2.5, 1.5], "texture": "#0"},
				"up": {"uv": [1.5, 0.5, 2.5, 1.5], "texture": "#0"},
				"down": {"uv": [1.5, 0.5, 2.5, 1.5], "texture": "#0"}
			}
		},
		{
			"from": [11, 5, 13],
			"to": [13, 6.2, 15],
			"rotation": {"angle": 0, "axis": "y", "origin": [8, 6, 8]},
			"faces": {
				"north": {"uv": [5.5, 6.5, 6.5, 7.5], "rotation": 180, "texture": "#0"},
				"east": {"uv": [5.5, 6.5, 6.5, 7.5], "rotation": 180, "texture": "#0"},
				"south": {"uv": [5.5, 6.5, 6.5, 7.5], "rotation": 180, "texture": "#0"},
				"west": {"uv": [5.5, 6.5, 6.5, 7.5], "rotation": 180, "texture": "#0"},
				"up": {"uv": [5.5, 6.5, 6.5, 7.5], "rotation": 180, "texture": "#0"},
				"down": {"uv": [5.5, 6.5, 6.5, 7.5], "rotation": 180, "texture": "#0"}
			}
		},
		{
			"from": [2, 5, 2],
			"to": [3, 6.6, 3],
			"rotation": {"angle": 0, "axis": "y", "origin": [8, 6, 0]},
			"faces": {
				"north": {"uv": [1, 1, 1.5, 1.5], "texture": "#0"},
				"east": {"uv": [1, 1, 1.5, 1.5], "texture": "#0"},
				"south": {"uv": [1, 1, 1.5, 1.5], "texture": "#0"},
				"west": {"uv": [1, 1, 1.5, 1.5], "texture": "#0"},
				"up": {"uv": [1, 1, 1.5, 1.5], "texture": "#0"},
				"down": {"uv": [1, 1, 1.5, 1.5], "texture": "#0"}
			}
		},
		{
			"from": [13, 5, 13],
			"to": [14, 6.6, 14],
			"rotation": {"angle": 0, "axis": "y", "origin": [8, 6, 8]},
			"faces": {
				"north": {"uv": [6.5, 6.5, 7, 7], "rotation": 180, "texture": "#0"},
				"east": {"uv": [6.5, 6.5, 7, 7], "rotation": 180, "texture": "#0"},
				"south": {"uv": [6.5, 6.5, 7, 7], "rotation": 180, "texture": "#0"},
				"west": {"uv": [6.5, 6.5, 7, 7], "rotation": 180, "texture": "#0"},
				"up": {"uv": [6.5, 6.5, 7, 7], "rotation": 180, "texture": "#0"},
				"down": {"uv": [6.5, 6.5, 7, 7], "rotation": 180, "texture": "#0"}
			}
		},
		{
			"from": [2, 5, 13],
			"to": [3, 6.6, 14],
			"rotation": {"angle": 0, "axis": "y", "origin": [8, 6, 0]},
			"faces": {
				"north": {"uv": [1, 6.5, 1.5, 7], "texture": "#0"},
				"east": {"uv": [1, 6.5, 1.5, 7], "texture": "#0"},
				"south": {"uv": [1, 6.5, 1.5, 7], "texture": "#0"},
				"west": {"uv": [1, 6.5, 1.5, 7], "texture": "#0"},
				"up": {"uv": [1, 6.5, 1.5, 7], "texture": "#0"},
				"down": {"uv": [1, 6.5, 1.5, 7], "texture": "#0"}
			}
		},
		{
			"from": [13, 5, 2],
			"to": [14, 6.6, 3],
			"rotation": {"angle": 0, "axis": "y", "origin": [8, 6, 8]},
			"faces": {
				"north": {"uv": [6.5, 1, 7, 1.5], "rotation": 180, "texture": "#0"},
				"east": {"uv": [6.5, 1, 7, 1.5], "rotation": 180, "texture": "#0"},
				"south": {"uv": [6.5, 1, 7, 1.5], "rotation": 180, "texture": "#0"},
				"west": {"uv": [6.5, 1, 7, 1.5], "rotation": 180, "texture": "#0"},
				"up": {"uv": [6.5, 1, 7, 1.5], "rotation": 180, "texture": "#0"},
				"down": {"uv": [6.5, 1, 7, 1.5], "rotation": 180, "texture": "#0"}
			}
		},
		{
			"from": [5, 5, 14],
			"to": [11, 6.6, 16],
			"rotation": {"angle": 0, "axis": "y", "origin": [8, 6, 8]},
			"faces": {
				"north": {"uv": [2.5, 7, 5.5, 8], "texture": "#0"},
				"east": {"uv": [2.5, 7, 5.5, 8], "texture": "#0"},
				"south": {"uv": [2.5, 7, 5.5, 8], "texture": "#0"},
				"west": {"uv": [2.5, 7, 5.5, 8], "texture": "#0"},
				"up": {"uv": [2.5, 7, 5.5, 8], "texture": "#0"},
				"down": {"uv": [2.5, 7, 5.5, 8], "texture": "#0"}
			}
		},
		{
			"from": [5, 5, 0],
			"to": [11, 6.6, 2],
			"rotation": {"angle": 0, "axis": "y", "origin": [8, 6, 8]},
			"faces": {
				"north": {"uv": [2.5, 0, 5.5, 1], "rotation": 180, "texture": "#0"},
				"east": {"uv": [2.5, 0, 5.5, 1], "rotation": 180, "texture": "#0"},
				"south": {"uv": [2.5, 0, 5.5, 1], "rotation": 180, "texture": "#0"},
				"west": {"uv": [2.5, 0, 5.5, 1], "rotation": 180, "texture": "#0"},
				"up": {"uv": [2.5, 0, 5.5, 1], "rotation": 180, "texture": "#0"},
				"down": {"uv": [2.5, 0, 5.5, 1], "rotation": 180, "texture": "#0"}
			}
		}
	],
	"groups": [0, 1, 2, 3, 4, 5, 6, 7, 8, 9, 10, 11, 12, 13, 14, 15, 16,
		{
			"name": "border",
			"origin": [8, 8, 8],
			"children": [17, 18, 19, 20, 21, 22, 23, 24, 25, 26, 27, 28, 29, 30, 31, 32]
		}
	]
}