{
	"__comment": "Designed by Colin0904 with Cubik Studio - https://cubik.studio",
	"textures": {
		"particle": "blocks/jeanne_2",
		"texture": "blocks/jeanne_1"
	},
	"elements": [ 	 
		{
			"__comment": "Voxels-F3E653",
			"from": [ -3, 12, -2 ],
			"to": [ -2, 13, -1 ],
			"faces": {
				"down": { "uv": [ 13, 7.5, 14, 8 ], "texture": "#texture" },
				"up": { "uv": [ 13, 7.5, 14, 8 ], "texture": "#texture" },
				"north": { "uv": [ 13, 7.5, 14, 8 ], "texture": "#texture" },
				"south": { "uv": [ 13, 7.5, 14, 8 ], "texture": "#texture" },
				"west": { "uv": [ 13, 7.5, 14, 8 ], "texture": "#texture" },
				"east": { "uv": [ 13, 7.5, 14, 8 ], "texture": "#texture" }
			}
		},
		{
			"__comment": "Voxels-F3E653",
			"from": [ -4, 18, 1 ],
			"to": [ -1, 19, 2 ],
			"faces": {
				"down": { "uv": [ 12, 4.5, 14, 5 ], "texture": "#texture" },
				"up": { "uv": [ 12, 4.5, 14, 5 ], "texture": "#texture" },
				"north": { "uv": [ 12, 4.5, 14, 5 ], "texture": "#texture" },
				"south": { "uv": [ 12, 4.5, 14, 5 ], "texture": "#texture" },
				"west": { "uv": [ 12, 4.5, 14, 5 ], "texture": "#texture" }
			}
		},
		{
			"__comment": "Voxels-F3E653",
			"from": [ -3, 13, -2 ],
			"to": [ -2, 14, -1 ],
			"faces": {
				"up": { "uv": [ 13, 7, 14, 7.5 ], "texture": "#texture" },
				"north": { "uv": [ 13, 7, 14, 7.5 ], "texture": "#texture" },
				"south": { "uv": [ 13, 7, 14, 7.5 ], "texture": "#texture" },
				"west": { "uv": [ 13, 7, 14, 7.5 ], "texture": "#texture" },
				"east": { "uv": [ 13, 7, 14, 7.5 ], "texture": "#texture" }
			}
		},
		{
			"__comment": "Voxels-F3E653",
			"from": [ -4, 12, -1 ],
			"to": [ -3, 15, 2 ],
			"faces": {
				"up": { "uv": [ 13.5, 6, 14, 7.5 ], "texture": "#texture", "cullface": "west" },
				"north": { "uv": [ 13.5, 6, 14, 7.5 ], "texture": "#texture", "cullface": "west" },
				"south": { "uv": [ 13.5, 6, 14, 7.5 ], "texture": "#texture", "cullface": "west" },
				"west": { "uv": [ 13.5, 6, 14, 7.5 ], "texture": "#texture", "cullface": "west" },
				"east": { "uv": [ 13.5, 6, 14, 7.5 ], "texture": "#texture", "cullface": "west" }
			}
		},
		{
			"__comment": "Voxels-F3E653",
			"from": [ -4, 18, -1 ],
			"to": [ -1, 19, 0 ],
			"faces": {
				"down": { "uv": [ 12, 4.5, 14, 5 ], "texture": "#texture" },
				"up": { "uv": [ 12, 4.5, 14, 5 ], "texture": "#texture" },
				"north": { "uv": [ 12, 4.5, 14, 5 ], "texture": "#texture" },
				"south": { "uv": [ 12, 4.5, 14, 5 ], "texture": "#texture" },
				"west": { "uv": [ 12, 4.5, 14, 5 ], "texture": "#texture" },
				"east": { "uv": [ 12, 4.5, 14, 5 ], "texture": "#texture" }
			}
		},
		{
			"__comment": "Voxels-F3E653",
			"from": [ -4, 18, 0 ],
			"to": [ -2, 19, 1 ],
			"faces": {
				"down": { "uv": [ 12, 4.5, 14, 5 ], "texture": "#texture" },
				"up": { "uv": [ 12, 4.5, 14, 5 ], "texture": "#texture" },
				"west": { "uv": [ 12, 4.5, 14, 5 ], "texture": "#texture" }
			}
		},
		{
			"__comment": "Voxels-F3E653",
			"from": [ -4, 10, -1 ],
			"to": [ -3, 12, 2 ],
			"faces": {
				"down": { "uv": [ 14, 8, 13.5, 9 ], "texture": "#texture", "cullface": "west" },
				"north": { "uv": [ 14, 8, 13.5, 9 ], "texture": "#texture", "cullface": "west" },
				"south": { "uv": [ 14, 8, 13.5, 9 ], "texture": "#texture", "cullface": "west" },
				"west": { "uv": [ 14, 8, 13.5, 9 ], "texture": "#texture", "cullface": "west" },
				"east": { "uv": [ 14, 8, 13.5, 9 ], "texture": "#texture", "cullface": "west" }
			}
		},
		{
			"__comment": "Voxels-F3E653",
			"from": [ -3, 11, -2 ],
			"to": [ -2, 12, -1 ],
			"faces": {
				"down": { "uv": [ 14, 8, 13.5, 8.5 ], "texture": "#texture" },
				"north": { "uv": [ 14, 8, 13.5, 8.5 ], "texture": "#texture" },
				"west": { "uv": [ 14, 8, 13.5, 8.5 ], "texture": "#texture" },
				"east": { "uv": [ 14, 8, 13.5, 8.5 ], "texture": "#texture" }
			}
		},
		{
			"__comment": "Voxels-F3E653",
			"from": [ -3, 14, -2 ],
			"to": [ -1, 16, -1 ],
			"faces": {
				"down": { "uv": [ 12.5, 6, 14, 7 ], "texture": "#texture" },
				"up": { "uv": [ 12.5, 6, 14, 7 ], "texture": "#texture" },
				"north": { "uv": [ 12.5, 6, 14, 7 ], "texture": "#texture" },
				"south": { "uv": [ 12.5, 6, 14, 7 ], "texture": "#texture" },
				"west": { "uv": [ 12.5, 6, 14, 7 ], "texture": "#texture" },
				"east": { "uv": [ 12.5, 6, 14, 7 ], "texture": "#texture" }
			}
		},
		{
			"__comment": "Voxels-F3E653",
			"from": [ -4, 15, -1 ],
			"to": [ -3, 18, 2 ],
			"faces": {
				"up": { "uv": [ 12.5, 5, 13.5, 6.5 ], "texture": "#texture" },
				"north": { "uv": [ 12.5, 5, 13.5, 6.5 ], "texture": "#texture" },
				"south": { "uv": [ 12.5, 5, 13.5, 6.5 ], "texture": "#texture" },
				"west": { "uv": [ 12.5, 5, 13.5, 6.5 ], "texture": "#texture" },
				"east": { "uv": [ 12.5, 5, 13.5, 6.5 ], "texture": "#texture" }
			}
		},
		{
			"__comment": "Voxels-F3E653",
			"from": [ -4, 19, -1 ],
			"to": [ 0, 20, 2 ],
			"faces": {
				"down": { "uv": [ 12, 4, 14, 4.5 ], "texture": "#texture" },
				"up": { "uv": [ 12, 4, 14, 4.5 ], "texture": "#texture" },
				"north": { "uv": [ 12, 4, 14, 4.5 ], "texture": "#texture" },
				"south": { "uv": [ 12, 4, 14, 4.5 ], "texture": "#texture" },
				"west": { "uv": [ 12, 4, 14, 4.5 ], "texture": "#texture" },
				"east": { "uv": [ 12, 4, 14, 4.5 ], "texture": "#texture" }
			}
		},
		{
			"__comment": "Voxels-FFD6B1",
			"from": [ 18, 6, 0 ],
			"to": [ 19, 16, 1 ],
			"faces": {
				"down": { "uv": [ 3, 10.5, 2.5, 11 ], "texture": "#texture" },
				"up": { "uv": [ 3, 10.5, 2.5, 11 ], "texture": "#texture" },
				"north": { "uv": [ 3, 10.5, 2.5, 11 ], "texture": "#texture" },
				"south": { "uv": [ 3, 10.5, 2.5, 11 ], "texture": "#texture" },
				"west": { "uv": [ 3, 10.5, 2.5, 11 ], "texture": "#texture" },
				"east": { "uv": [ 3, 10.5, 2.5, 11 ], "texture": "#texture" }
			}
		},
		{
			"__comment": "Voxels-FFD6B1",
			"from": [ -3, 6, 1 ],
			"to": [ 19, 7, 2 ],
			"faces": {
				"down": { "uv": [ 2.5, 10.5, 13.5, 11 ], "texture": "#texture", "cullface": "east" },
				"up": { "uv": [ 2.5, 10.5, 13.5, 11 ], "texture": "#texture", "cullface": "east" },
				"south": { "uv": [ 2.5, 10.5, 13.5, 11 ], "texture": "#texture", "cullface": "east" },
				"west": { "uv": [ 13.5, 10.5, 13, 11 ], "texture": "#texture", "cullface": "east" },
				"east": { "uv": [ 2.5, 10.5, 3, 11 ], "texture": "#texture", "cullface": "east" }
			}
		},
		{
			"__comment": "Voxels-FFD6B1",
			"from": [ -3, 7, 1 ],
			"to": [ 7, 10, 2 ],
			"faces": {
				"up": { "uv": [ 2.5, 9, 7.5, 10.5 ], "texture": "#texture", "cullface": "west" },
				"south": { "uv": [ 7.5, 9, 7, 10.5 ], "texture": "#texture", "cullface": "west" },
				"west": { "uv": [ 7.5, 9, 7, 10.5 ], "texture": "#texture", "cullface": "west" }
			}
		},
		{
			"__comment": "Voxels-F3E653",
			"from": [ -3, 10, 1 ],
			"to": [ -2, 18, 2 ],
			"faces": {
				"north": { "uv": [ 13.5, 5.5, 14, 9 ], "texture": "#texture", "cullface": "west" },
				"south": { "uv": [ 13.5, 5.5, 14, 9 ], "texture": "#texture", "cullface": "west" },
				"west": { "uv": [ 13.5, 5.5, 14, 9 ], "texture": "#texture", "cullface": "west" },
				"east": { "uv": [ 13.5, 5.5, 14, 9 ], "texture": "#texture", "cullface": "west" }
			}
		},
		{
			"__comment": "Voxels-FFD6B1",
			"from": [ -3, 12, 0 ],
			"to": [ 1, 17, 1 ],
			"faces": {
				"up": { "uv": [ 11.5, 6.5, 12, 8 ], "texture": "#texture" },
				"north": { "uv": [ 11.5, 5.5, 12.5, 8 ], "texture": "#texture" },
				"south": { "uv": [ 11.5, 5.5, 12.5, 8 ], "texture": "#texture" },
				"west": { "uv": [ 11.5, 6.5, 12, 8 ], "texture": "#texture" },
				"east": { "uv": [ 11.5, 6.5, 12, 8 ], "texture": "#texture" }
			}
		},
		{
			"__comment": "Voxels-F3E653",
			"from": [ -3, 16, -2 ],
			"to": [ -1, 20, -1 ],
			"faces": {
				"up": { "uv": [ 12.5, 4, 13.5, 6 ], "texture": "#texture" },
				"north": { "uv": [ 12.5, 4, 13.5, 6 ], "texture": "#texture" },
				"south": { "uv": [ 12.5, 4, 13.5, 6 ], "texture": "#texture" },
				"west": { "uv": [ 12.5, 4, 13.5, 6 ], "texture": "#texture" },
				"east": { "uv": [ 12.5, 4, 13.5, 6 ], "texture": "#texture" }
			}
		},
		{
			"__comment": "Voxels-F3E653",
			"from": [ -3, 17, -1 ],
			"to": [ -2, 18, 1 ],
			"faces": {
				"down": { "uv": [ 13, 5.5, 13.5, 6 ], "texture": "#texture" },
				"up": { "uv": [ 13, 5.5, 13.5, 6 ], "texture": "#texture" },
				"west": { "uv": [ 13, 5.5, 13.5, 6 ], "texture": "#texture" },
				"east": { "uv": [ 13, 5.5, 13.5, 6 ], "texture": "#texture" }
			}
		},
		{
			"__comment": "Voxels-F3E653",
			"from": [ -3, 20, -1 ],
			"to": [ -2, 21, 2 ],
			"faces": {
				"up": { "uv": [ 13, 3.5, 13.5, 4 ], "texture": "#texture" },
				"north": { "uv": [ 13, 3.5, 13.5, 4 ], "texture": "#texture" },
				"south": { "uv": [ 13, 3.5, 13.5, 4 ], "texture": "#texture" },
				"west": { "uv": [ 13, 3.5, 13.5, 4 ], "texture": "#texture" },
				"east": { "uv": [ 13, 3.5, 13.5, 4 ], "texture": "#texture" }
			}
		},
		{
			"__comment": "Voxels-FFD6B1",
			"from": [ 11, 5, 0 ],
			"to": [ 18, 6, 2 ],
			"faces": {
				"down": { "uv": [ 3, 11, 6.5, 11.5 ], "texture": "#texture" },
				"up": { "uv": [ 3, 11, 6.5, 11.5 ], "texture": "#texture" },
				"north": { "uv": [ 3, 11, 6.5, 11.5 ], "texture": "#texture" },
				"south": { "uv": [ 3, 11, 6.5, 11.5 ], "texture": "#texture" },
				"west": { "uv": [ 3, 11, 6.5, 11.5 ], "texture": "#texture" },
				"east": { "uv": [ 3, 11, 6.5, 11.5 ], "texture": "#texture" }
			}
		},
		{
			"__comment": "Voxels-FFD6B1",
			"from": [ -2, 10, 1 ],
			"to": [ 7, 12, 2 ],
			"faces": {
				"up": { "uv": [ 3, 8, 7.5, 9 ], "texture": "#texture", "cullface": "west" },
				"south": { "uv": [ 3, 8, 7.5, 9 ], "texture": "#texture", "cullface": "west" },
				"east": { "uv": [ 3, 8, 7.5, 9 ], "texture": "#texture", "cullface": "west" }
			}
		},
		{
			"__comment": "Voxels-FFD6B1",
			"from": [ -2, 12, 1 ],
			"to": [ 1, 15, 2 ],
			"faces": {
				"up": { "uv": [ 3, 7, 4.5, 8 ], "texture": "#texture", "cullface": "west" },
				"south": { "uv": [ 3, 7, 4.5, 8 ], "texture": "#texture", "cullface": "west" }
			}
		},
		{
			"__comment": "Voxels-F3E653",
			"from": [ -2, 15, 1 ],
			"to": [ 0, 16, 2 ],
			"faces": {
				"up": { "uv": [ 7.5, 2.5, 9.5, 3 ], "texture": "#texture" },
				"south": { "uv": [ 7.5, 2.5, 9.5, 3 ], "texture": "#texture" }
			}
		},
		{
			"__comment": "Voxels-F3E653",
			"from": [ -2, 16, 1 ],
			"to": [ -1, 18, 2 ],
			"faces": {
				"north": { "uv": [ 7.5, 2.5, 9.5, 3 ], "texture": "#texture" },
				"south": { "uv": [ 7.5, 2.5, 9.5, 3 ], "texture": "#texture" },
				"east": { "uv": [ 7.5, 2.5, 9.5, 3 ], "texture": "#texture" }
			}
		},
		{
			"__comment": "Voxels-FFD6B1",
			"from": [ -2, 17, 0 ],
			"to": [ 18, 19, 1 ],
			"faces": {
				"down": { "uv": [ 3, 4.5, 13, 5.5 ], "texture": "#texture" },
				"up": { "uv": [ 8.96, 0.96, 11.04, 3.04 ], "texture": "#texture" },
				"north": { "uv": [ 7, 5, 11.5, 5.5 ], "texture": "#texture" },
				"south": { "uv": [ 3, 4.5, 13, 5.5 ], "texture": "#texture" },
				"west": { "uv": [ 8.96, 0.96, 11.04, 3.04 ], "texture": "#texture" },
				"east": { "uv": [ 8.96, 0.96, 11.04, 3.04 ], "texture": "#texture" }
			}
		},
		{
			"__comment": "Voxels-F3E653",
			"from": [ -2, 20, -2 ],
			"to": [ 17, 21, -1 ],
			"faces": {
				"down": { "uv": [ 3.5, 3.5, 12.5, 4 ], "texture": "#texture" },
				"up": { "uv": [ 3.5, 3.5, 12.5, 4 ], "texture": "#texture" },
				"north": { "uv": [ 3.5, 3.5, 12.5, 4 ], "texture": "#texture" },
				"south": { "uv": [ 3.5, 3.5, 12.5, 4 ], "texture": "#texture" },
				"west": { "uv": [ 11, 1.5, 11.5, 2 ], "texture": "#texture" },
				"east": { "uv": [ 4, 2, 4.499999, 2.5 ], "texture": "#texture" }
			}
		},
		{
			"__comment": "Voxels-F3E653",
			"from": [ -2, 20, -1 ],
			"to": [ 2, 22, 0 ],
			"faces": {
				"down": { "uv": [ 4.96, 0.96, 7.04, 3.04 ], "texture": "#texture" },
				"up": { "uv": [ 4.96, 0.96, 7.04, 3.04 ], "texture": "#texture" },
				"north": { "uv": [ 4.96, 0.96, 7.04, 3.04 ], "texture": "#texture" },
				"south": { "uv": [ 4.96, 0.96, 7.04, 3.04 ], "texture": "#texture" },
				"west": { "uv": [ 11, 1.5, 11.5, 2 ], "texture": "#texture" },
				"east": { "uv": [ 4.96, 0.96, 7.04, 3.04 ], "texture": "#texture" }
			}
		},
		{
			"__comment": "Voxels-FFD6B1",
			"from": [ -2, 20, 0 ],
			"to": [ 18, 21, 1 ],
			"faces": {
				"down": { "uv": [ 3, 3.5, 13, 4 ], "texture": "#texture" },
				"north": { "uv": [ 11, 5.5, 12.5, 6 ], "texture": "#texture" },
				"south": { "uv": [ 3, 3.5, 13, 4 ], "texture": "#texture" }
			}
		},
		{
			"__comment": "Voxels-F3E653",
			"from": [ -2, 20, 1 ],
			"to": [ 4, 22, 2 ],
			"faces": {
				"down": { "uv": [ 10.5, 3, 13, 4 ], "texture": "#texture", "cullface": "up" },
				"up": { "uv": [ 10.5, 3, 13, 4 ], "texture": "#texture", "cullface": "up" },
				"north": { "uv": [ 10.5, 3, 13, 4 ], "texture": "#texture", "cullface": "up" },
				"south": { "uv": [ 10.5, 3, 13, 4 ], "texture": "#texture", "cullface": "up" },
				"west": { "uv": [ 11, 1.5, 11.5, 2 ], "texture": "#texture", "cullface": "up" },
				"east": { "uv": [ 10.5, 3, 13, 4 ], "texture": "#texture", "cullface": "up" }
			}
		},
		{
			"__comment": "Voxels-F3E653",
			"from": [ -2, 21, 0 ],
			"to": [ 18, 22, 1 ],
			"faces": {
				"up": { "uv": [ 3, 3, 13, 3.5 ], "texture": "#texture" },
				"north": { "uv": [ 3, 3, 13, 3.5 ], "texture": "#texture" },
				"south": { "uv": [ 3, 3, 13, 3.5 ], "texture": "#texture" },
				"west": { "uv": [ 11, 1.5, 11.5, 2 ], "texture": "#texture" },
				"east": { "uv": [ 3.5, 2.5, 3.999999, 3 ], "texture": "#texture" }
			}
		},
		{
			"__comment": "Voxels-FFD6B1",
			"from": [ -1, 4, 0 ],
			"to": [ 4, 5, 2 ],
			"faces": {
				"down": { "uv": [ 12, 11.5, 12.5, 12 ], "texture": "#texture", "cullface": "west" },
				"north": { "uv": [ 10, 11.5, 12.5, 12 ], "texture": "#texture", "cullface": "west" },
				"south": { "uv": [ 10, 11.5, 12.5, 12 ], "texture": "#texture", "cullface": "west" },
				"west": { "uv": [ 12, 11.5, 12.5, 12 ], "texture": "#texture", "cullface": "west" },
				"east": { "uv": [ 12, 11.5, 12.5, 12 ], "texture": "#texture", "cullface": "west" }
			}
		},
		{
			"__comment": "Voxels-FFD6B1",
			"from": [ -1, 16, 1 ],
			"to": [ 17, 17, 2 ],
			"faces": {
				"down": { "uv": [ 4, 5.5, 12, 6 ], "texture": "#texture" },
				"up": { "uv": [ 4, 5.5, 12, 6 ], "texture": "#texture" },
				"north": { "uv": [ 4, 5.5, 12, 6 ], "texture": "#texture" },
				"south": { "uv": [ 4, 5.5, 12, 6 ], "texture": "#texture" }
			}
		},
		{
			"__comment": "Voxels-F3E653",
			"from": [ -1, 17, -2 ],
			"to": [ 1, 20, -1 ],
			"faces": {
				"down": { "uv": [ 11.5, 4, 12.5, 5.5 ], "texture": "#texture" },
				"north": { "uv": [ 11.5, 4, 12.5, 5.5 ], "texture": "#texture" },
				"south": { "uv": [ 11.5, 4, 12.5, 5.5 ], "texture": "#texture" },
				"east": { "uv": [ 11.5, 4, 12.5, 5.5 ], "texture": "#texture" }
			}
		},
		{
			"__comment": "Voxels-FFD6B1",
			"from": [ -1, 17, 1 ],
			"to": [ 3, 18, 2 ],
			"faces": {
				"up": { "uv": [ 7.5, 2.5, 9.5, 3 ], "texture": "#texture", "cullface": "up" },
				"south": { "uv": [ 7.5, 2.5, 9.5, 3 ], "texture": "#texture", "cullface": "up" }
			}
		},
		{
			"__comment": "Voxels-FFD6B1",
			"from": [ -1, 18, 1 ],
			"to": [ 0, 19, 2 ],
			"faces": {
				"south": { "uv": [ 7.5, 2.5, 9.5, 3 ], "texture": "#texture" }
			}
		},
		{
			"__comment": "Voxels-F3E653",
			"from": [ -1, 22, -1 ],
			"to": [ 17, 23, 2 ],
			"faces": {
				"down": { "uv": [ 3.5, 2.5, 12.5, 3 ], "texture": "#texture" },
				"up": { "uv": [ 3.5, 2.5, 12.5, 3 ], "texture": "#texture" },
				"north": { "uv": [ 3.5, 2.5, 12.5, 3 ], "texture": "#texture" },
				"south": { "uv": [ 3.5, 2.5, 12.5, 3 ], "texture": "#texture" },
				"west": { "uv": [ 3.5, 2.5, 3.999999, 3 ], "texture": "#texture" },
				"east": { "uv": [ 3.5, 2.5, 3.999999, 3 ], "texture": "#texture" }
			}
		},
		{
			"__comment": "Voxels-FFD6B1",
			"from": [ 0, 3, 0 ],
			"to": [ 5, 4, 2 ],
			"faces": {
				"down": { "uv": [ 11.5, 12, 12, 12.5 ], "texture": "#texture" },
				"up": { "uv": [ 11.5, 12, 12, 12.5 ], "texture": "#texture" },
				"north": { "uv": [ 9.5, 12, 12, 12.5 ], "texture": "#texture", "cullface": "north" },
				"south": { "uv": [ 9.5, 12, 12, 12.5 ], "texture": "#texture" },
				"west": { "uv": [ 11.5, 12, 12, 12.5 ], "texture": "#texture", "cullface": "west" },
				"east": { "uv": [ 11.5, 12, 12, 12.5 ], "texture": "#texture" }
			}
		},
		{
			"__comment": "Voxels-FFD6B1",
			"from": [ 0, 15, 1 ],
			"to": [ 17, 16, 2 ],
			"faces": {
				"down": { "uv": [ 4, 6, 12, 6.5 ], "texture": "#texture" },
				"north": { "uv": [ 4.5, 6, 12.5, 6.5 ], "texture": "#texture" },
				"south": { "uv": [ 4, 6, 12, 6.5 ], "texture": "#texture" }
			}
		},
		{
			"__comment": "Voxels-F3E653",
			"from": [ 0, 18, 1 ],
			"to": [ 1, 20, 2 ],
			"faces": {
				"north": { "uv": [ 7.5, 2.5, 9.5, 3 ], "texture": "#texture", "cullface": "up" },
				"south": { "uv": [ 7.5, 2.5, 9.5, 3 ], "texture": "#texture", "cullface": "up" },
				"west": { "uv": [ 7.5, 2.5, 9.5, 3 ], "texture": "#texture", "cullface": "up" },
				"east": { "uv": [ 7.5, 2.5, 9.5, 3 ], "texture": "#texture", "cullface": "up" }
			}
		},
		{
			"__comment": "Voxels-FFD6B1",
			"from": [ 0, 19, 0 ],
			"to": [ 19, 20, 1 ],
			"faces": {
				"down": { "uv": [ 7.5, 4, 8.5, 4.5 ], "texture": "#texture" },
				"up": { "uv": [ 7.5, 4, 8.5, 4.5 ], "texture": "#texture" },
				"north": { "uv": [ 6.5, 6, 9, 6.5 ], "texture": "#texture" },
				"south": { "uv": [ 2.5, 4, 12, 4.5 ], "texture": "#texture" },
				"east": { "uv": [ 2.5, 4, 3, 4.5 ], "texture": "#texture" }
			}
		},
		{
			"__comment": "Voxels-F3E653",
			"from": [ 0, 21, -2 ],
			"to": [ 17, 22, -1 ],
			"faces": {
				"up": { "uv": [ 3.5, 3, 12.5, 3.5 ], "texture": "#texture" },
				"north": { "uv": [ 3.5, 3, 12.5, 3.5 ], "texture": "#texture" },
				"south": { "uv": [ 3.5, 3, 12.5, 3.5 ], "texture": "#texture" },
				"west": { "uv": [ 4, 2, 4.499999, 2.5 ], "texture": "#texture" },
				"east": { "uv": [ 4, 2, 4.499999, 2.5 ], "texture": "#texture" }
			}
		},
		{
			"__comment": "Voxels-F3E653",
			"from": [ 0, 23, -1 ],
			"to": [ 16, 24, 0 ],
			"faces": {
				"up": { "uv": [ 4, 2, 12, 2.5 ], "texture": "#texture" },
				"north": { "uv": [ 4, 2, 12, 2.5 ], "texture": "#texture" },
				"south": { "uv": [ 4, 2, 12, 2.5 ], "texture": "#texture" },
				"west": { "uv": [ 4, 2, 4.499999, 2.5 ], "texture": "#texture" },
				"east": { "uv": [ 4, 2, 4.499999, 2.5 ], "texture": "#texture" }
			}
		},
		{
			"__comment": "Voxels-F3E653",
			"from": [ 0, 23, 0 ],
			"to": [ 2, 24, 2 ],
			"faces": {
				"up": { "uv": [ 10.5, 2, 12, 2.5 ], "texture": "#texture" },
				"south": { "uv": [ 10.5, 2, 12, 2.5 ], "texture": "#texture" },
				"west": { "uv": [ 10.5, 2, 12, 2.5 ], "texture": "#texture" },
				"east": { "uv": [ 10.5, 2, 12, 2.5 ], "texture": "#texture" }
			}
		},
		{
			"__comment": "Voxels-FFD6B1",
			"from": [ 1, 2, 0 ],
			"to": [ 15, 3, 2 ],
			"faces": {
				"down": { "uv": [ 4.5, 12.5, 11.5, 13 ], "texture": "#texture" },
				"up": { "uv": [ 4.5, 12.5, 11.5, 13 ], "texture": "#texture" },
				"north": { "uv": [ 4.5, 12.5, 11.5, 13 ], "texture": "#texture", "cullface": "north" },
				"south": { "uv": [ 4.5, 12.5, 11.5, 13 ], "texture": "#texture" },
				"west": { "uv": [ 11, 12.5, 11.5, 13 ], "texture": "#texture" },
				"east": { "uv": [ 4.5, 12.5, 5, 13 ], "texture": "#texture" }
			}
		},
		{
			"__comment": "Voxels-F0F0F0",
			"from": [ 14, 14, 1 ],
			"to": [ 15, 15, 2 ],
			"faces": {
				"north": { "uv": [ 11, 6.5, 11.5, 7 ], "texture": "#texture" },
				"south": { "uv": [ 11, 6.5, 11.5, 7 ], "texture": "#texture" },
				"east": { "uv": [ 11, 6.5, 11.5, 7 ], "texture": "#texture" }
			}
		},
		{
			"__comment": "Voxels-FFD6B1",
			"from": [ 10, 17, -2 ],
			"to": [ 14, 18, -1 ],
			"faces": {
				"down": { "uv": [ 5, 5, 7, 5.5 ], "texture": "#texture" },
				"up": { "uv": [ 5, 5, 7, 5.5 ], "texture": "#texture" },
				"north": { "uv": [ 5, 5, 7, 5.5 ], "texture": "#texture" },
				"south": { "uv": [ 5, 5, 7, 5.5 ], "texture": "#texture" },
				"west": { "uv": [ 7, 5, 6.5, 5.5 ], "texture": "#texture" },
				"east": { "uv": [ 5, 5, 7, 5.5 ], "texture": "#texture" }
			}
		},
		{
			"__comment": "Voxels-FFD6B1",
			"from": [ 1, 16, 0 ],
			"to": [ 19, 17, 1 ],
			"faces": {
				"up": { "uv": [ 2.5, 5.5, 11.5, 6 ], "texture": "#texture" },
				"north": { "uv": [ 4.5, 8, 13.5, 8.5 ], "texture": "#texture" },
				"south": { "uv": [ 2.5, 5.5, 11.5, 6 ], "texture": "#texture" }
			}
		},
		{
			"__comment": "Voxels-F3E653",
			"from": [ 1, 18, -2 ],
			"to": [ 4, 20, -1 ],
			"faces": {
				"down": { "uv": [ 10, 4, 11.5, 5 ], "texture": "#texture" },
				"north": { "uv": [ 10, 4, 11.5, 5 ], "texture": "#texture" },
				"south": { "uv": [ 10, 4, 11.5, 5 ], "texture": "#texture" },
				"east": { "uv": [ 10, 4, 11.5, 5 ], "texture": "#texture" }
			}
		},
		{
			"__comment": "Voxels-FFD6B1",
			"from": [ 1, 18, 1 ],
			"to": [ 4, 19, 2 ],
			"faces": {
				"down": { "uv": [ 7.5, 2.5, 9.5, 3 ], "texture": "#texture", "cullface": "up" },
				"up": { "uv": [ 7.5, 2.5, 9.5, 3 ], "texture": "#texture", "cullface": "up" },
				"south": { "uv": [ 7.5, 2.5, 9.5, 3 ], "texture": "#texture", "cullface": "up" }
			}
		},
		{
			"__comment": "Voxels-FFD6B1",
			"from": [ 1, 19, 1 ],
			"to": [ 2, 20, 2 ],
			"faces": {
				"south": { "uv": [ 7.5, 2.5, 9.5, 3 ], "texture": "#texture", "cullface": "up" }
			}
		},
		{
			"__comment": "Voxels-F3E653",
			"from": [ 1, 22, -2 ],
			"to": [ 16, 23, -1 ],
			"faces": {
				"up": { "uv": [ 4, 2.5, 12, 3 ], "texture": "#texture" },
				"north": { "uv": [ 4, 2.5, 12, 3 ], "texture": "#texture" },
				"west": { "uv": [ 11, 1.5, 11.5, 2 ], "texture": "#texture" },
				"east": { "uv": [ 4, 2, 4.499999, 2.5 ], "texture": "#texture" }
			}
		},
		{
			"__comment": "Voxels-F3E653",
			"from": [ 1, 23, -2 ],
			"to": [ 15, 24, -1 ],
			"faces": {
				"up": { "uv": [ 4.5, 2, 11.5, 2.5 ], "texture": "#texture" },
				"north": { "uv": [ 4.5, 2, 11.5, 2.5 ], "texture": "#texture" },
				"west": { "uv": [ 4, 2, 4.499999, 2.5 ], "texture": "#texture" },
				"east": { "uv": [ 4, 2, 4.499999, 2.5 ], "texture": "#texture" }
			}
		},
		{
			"__comment": "Voxels-F3E653",
			"from": [ 1, 24, -1 ],
			"to": [ 15, 25, 2 ],
			"faces": {
				"down": { "uv": [ 4.5, 1.5, 11.5, 2 ], "texture": "#texture", "cullface": "up" },
				"up": { "uv": [ 4.5, 1.5, 11.5, 2 ], "texture": "#texture", "cullface": "up" },
				"north": { "uv": [ 4.5, 1.5, 11.5, 2 ], "texture": "#texture", "cullface": "up" },
				"south": { "uv": [ 4.5, 1.5, 11.5, 2 ], "texture": "#texture", "cullface": "up" },
				"west": { "uv": [ 4, 2, 4.499999, 2.5 ], "texture": "#texture", "cullface": "up" },
				"east": { "uv": [ 4, 2, 4.499999, 2.5 ], "texture": "#texture", "cullface": "up" }
			}
		},
		{
			"__comment": "Voxels-FFD6B1",
			"from": [ 2, 1, 0 ],
			"to": [ 14, 2, 2 ],
			"faces": {
				"down": { "uv": [ 5, 13, 11, 13.5 ], "texture": "#texture" },
				"north": { "uv": [ 5, 13, 11, 13.5 ], "texture": "#texture", "cullface": "north" },
				"south": { "uv": [ 5, 13, 11, 13.5 ], "texture": "#texture" },
				"west": { "uv": [ 10.5, 13, 11, 13.5 ], "texture": "#texture" },
				"east": { "uv": [ 5, 13, 5.5, 13.5 ], "texture": "#texture" }
			}
		},
		{
			"__comment": "Voxels-0A0A0A",
			"from": [ 2, 12, 1 ],
			"to": [ 4, 14, 2 ],
			"faces": {
				"north": { "uv": [ 10, 7, 11, 8 ], "texture": "#texture" },
				"south": { "uv": [ 10, 7, 11, 8 ], "texture": "#texture" }
			}
		},
		{
			"__comment": "Voxels-F0F0F0",
			"from": [ 12, 14, 1 ],
			"to": [ 14, 15, 2 ],
			"faces": {
				"north": { "uv": [ 5.5, 6.5, 6, 7 ], "texture": "#texture" },
				"south": { "uv": [ 5.5, 6.5, 6, 7 ], "texture": "#texture" }
			}
		},
		{
			"__comment": "Voxels-F3E653",
			"from": [ 2, 19, -1 ],
			"to": [ 3, 20, 0 ],
			"faces": {
				"down": { "uv": [ 4.96, 0.96, 7.04, 3.04 ], "texture": "#texture" },
				"up": { "uv": [ 4.96, 0.96, 7.04, 3.04 ], "texture": "#texture" },
				"west": { "uv": [ 4.96, 0.96, 7.04, 3.04 ], "texture": "#texture" },
				"east": { "uv": [ 4.96, 0.96, 7.04, 3.04 ], "texture": "#texture" }
			}
		},
		{
			"__comment": "Voxels-F3E653",
			"from": [ 2, 19, 1 ],
			"to": [ 5, 20, 2 ],
			"faces": {
				"down": { "uv": [ 7.5, 2.5, 9.5, 3 ], "texture": "#texture", "cullface": "up" },
				"up": { "uv": [ 7.5, 2.5, 9.5, 3 ], "texture": "#texture", "cullface": "up" },
				"south": { "uv": [ 7.5, 2.5, 9.5, 3 ], "texture": "#texture", "cullface": "up" }
			}
		},
		{
			"__comment": "Voxels-F3E653",
			"from": [ 2, 21, -1 ],
			"to": [ 18, 22, 0 ],
			"faces": {
				"down": { "uv": [ 3, 3, 13, 3.5 ], "texture": "#texture" },
				"up": { "uv": [ 3, 3, 13, 3.5 ], "texture": "#texture" },
				"north": { "uv": [ 3, 3, 13, 3.5 ], "texture": "#texture" },
				"east": { "uv": [ 3.5, 2.5, 3.999999, 3 ], "texture": "#texture" }
			}
		},
		{
			"__comment": "Voxels-F3E653",
			"from": [ 2, 23, 1 ],
			"to": [ 16, 24, 2 ],
			"faces": {
				"up": { "uv": [ 4, 2, 12, 2.5 ], "texture": "#texture", "cullface": "up" },
				"north": { "uv": [ 4, 2, 12, 2.5 ], "texture": "#texture", "cullface": "up" },
				"south": { "uv": [ 4, 2, 12, 2.5 ], "texture": "#texture", "cullface": "up" },
				"east": { "uv": [ 4, 2, 4.499999, 2.5 ], "texture": "#texture", "cullface": "up" }
			}
		},
		{
			"__comment": "Voxels-F3E653",
			"from": [ 2, 24, -2 ],
			"to": [ 14, 25, -1 ],
			"faces": {
				"up": { "uv": [ 5, 1.5, 11, 2 ], "texture": "#texture" },
				"north": { "uv": [ 5, 1.5, 11, 2 ], "texture": "#texture" },
				"west": { "uv": [ 11, 1.5, 11.5, 2 ], "texture": "#texture" },
				"east": { "uv": [ 4, 2, 4.499999, 2.5 ], "texture": "#texture" }
			}
		},
		{
			"__comment": "Voxels-F3E653",
			"from": [ 13, -3, 2 ],
			"to": [ 14, -2, 3 ],
			"faces": {
				"down": { "uv": [ 8.5, 13.5, 9, 14 ], "texture": "#particle", "cullface": "up" },
				"up": { "uv": [ 8.5, 13.5, 9, 14 ], "texture": "#particle", "cullface": "up" },
				"north": { "uv": [ 8.5, 13.5, 9, 14 ], "texture": "#particle", "cullface": "up" },
				"south": { "uv": [ 8.5, 13.5, 9, 14 ], "texture": "#particle", "cullface": "up" },
				"west": { "uv": [ 8.5, 13.5, 9, 14 ], "texture": "#particle", "cullface": "up" },
				"east": { "uv": [ 8.5, 13.5, 9, 14 ], "texture": "#particle", "cullface": "up" }
			}
		},
		{
			"__comment": "Voxels-FFD6B1",
			"from": [ 3, 0, 0 ],
			"to": [ 13, 1, 2 ],
			"faces": {
				"down": { "uv": [ 5.5, 13.5, 10.5, 14 ], "texture": "#texture", "cullface": "down" },
				"north": { "uv": [ 5.5, 13.5, 10.5, 14 ], "texture": "#texture", "cullface": "north" },
				"south": { "uv": [ 5.5, 13.5, 10.5, 14 ], "texture": "#texture" },
				"west": { "uv": [ 10, 13.5, 10.5, 14 ], "texture": "#texture" },
				"east": { "uv": [ 5.5, 13.5, 6, 14 ], "texture": "#texture" }
			}
		},
		{
			"__comment": "Voxels-F3E653",
			"from": [ 3, 17, 1 ],
			"to": [ 5, 18, 2 ],
			"faces": {
				"up": { "uv": [ 5, 5, 6, 5.5 ], "texture": "#texture", "cullface": "up" },
				"south": { "uv": [ 5, 5, 6, 5.5 ], "texture": "#texture", "cullface": "up" }
			}
		},
		{
			"__comment": "Voxels-F3E653",
			"from": [ 3, 20, -1 ],
			"to": [ 5, 21, 0 ],
			"faces": {
				"down": { "uv": [ 4.96, 0.96, 7.04, 3.04 ], "texture": "#texture" },
				"west": { "uv": [ 4.96, 0.96, 7.04, 3.04 ], "texture": "#texture" },
				"east": { "uv": [ 4.96, 0.96, 7.04, 3.04 ], "texture": "#texture" }
			}
		},
		{
			"__comment": "Voxels-DCB694",
			"from": [ 4, 4, 0 ],
			"to": [ 6, 5, 2 ],
			"faces": {
				"down": { "uv": [ 9, 11.5, 10, 12 ], "texture": "#texture", "cullface": "north" },
				"up": { "uv": [ 9, 11.5, 10, 12 ], "texture": "#texture", "cullface": "north" },
				"north": { "uv": [ 9, 11.5, 10, 12 ], "texture": "#texture", "cullface": "north" },
				"south": { "uv": [ 9, 11.5, 10, 12 ], "texture": "#texture", "cullface": "north" },
				"west": { "uv": [ 9, 11.5, 10, 12 ], "texture": "#texture", "cullface": "north" },
				"east": { "uv": [ 9, 11.5, 10, 12 ], "texture": "#texture", "cullface": "north" }
			}
		},
		{
			"__comment": "Voxels-F0F0F0",
			"from": [ 4, 12, 1 ],
			"to": [ 5, 14, 2 ],
			"faces": {
				"north": { "uv": [ 9.5, 7, 10, 8 ], "texture": "#texture" },
				"south": { "uv": [ 9.5, 7, 10, 8 ], "texture": "#texture" }
			}
		},
		{
			"__comment": "Voxels-F3E653",
			"from": [ 4, 18, 1 ],
			"to": [ 5, 19, 2 ],
			"faces": {
				"south": { "uv": [ 6.5, 4.5, 7, 5 ], "texture": "#texture", "cullface": "up" }
			}
		},
		{
			"__comment": "Voxels-F3E653",
			"from": [ 4, 19, -2 ],
			"to": [ 6, 20, -1 ],
			"faces": {
				"down": { "uv": [ 8.999999, 4, 10, 4.5 ], "texture": "#texture" },
				"north": { "uv": [ 8.999999, 4, 10, 4.5 ], "texture": "#texture" },
				"south": { "uv": [ 8.999999, 4, 10, 4.5 ], "texture": "#texture" },
				"east": { "uv": [ 8.999999, 4, 10, 4.5 ], "texture": "#texture" }
			}
		},
		{
			"__comment": "Voxels-FFD6B1",
			"from": [ 4, 20, 1 ],
			"to": [ 6, 21, 2 ],
			"faces": {
				"down": { "uv": [ 7.5, 2.5, 9.5, 3 ], "texture": "#texture", "cullface": "up" },
				"south": { "uv": [ 7.5, 2.5, 9.5, 3 ], "texture": "#texture", "cullface": "up" }
			}
		},
		{
			"__comment": "Voxels-F3E653",
			"from": [ 4, 21, 1 ],
			"to": [ 18, 22, 2 ],
			"faces": {
				"down": { "uv": [ 3, 3, 13, 3.5 ], "texture": "#texture", "cullface": "up" },
				"up": { "uv": [ 3, 3, 13, 3.5 ], "texture": "#texture", "cullface": "up" },
				"south": { "uv": [ 3, 3, 13, 3.5 ], "texture": "#texture", "cullface": "up" },
				"east": { "uv": [ 3.5, 2.5, 3.999999, 3 ], "texture": "#texture", "cullface": "up" }
			}
		},
		{
			"__comment": "Voxels-F3E653",
			"from": [ 4, 25, -2 ],
			"to": [ 12, 26, -1 ],
			"faces": {
				"up": { "uv": [ 6, 1, 10, 1.5 ], "texture": "#texture" },
				"north": { "uv": [ 6, 1, 10, 1.5 ], "texture": "#texture" },
				"west": { "uv": [ 11, 1.5, 11.5, 2 ], "texture": "#texture" },
				"east": { "uv": [ 4, 2, 4.499999, 2.5 ], "texture": "#texture" }
			}
		},
		{
			"__comment": "Voxels-DCB694",
			"from": [ 5, 3, 0 ],
			"to": [ 11, 4, 2 ],
			"faces": {
				"down": { "uv": [ 6.5, 12, 9.5, 12.5 ], "texture": "#texture", "cullface": "north" },
				"up": { "uv": [ 6.5, 12, 9.5, 12.5 ], "texture": "#texture", "cullface": "north" },
				"north": { "uv": [ 6.5, 12, 9.5, 12.5 ], "texture": "#texture", "cullface": "north" },
				"south": { "uv": [ 6.5, 12, 9.5, 12.5 ], "texture": "#texture", "cullface": "north" },
				"west": { "uv": [ 6.5, 12, 9.5, 12.5 ], "texture": "#texture", "cullface": "north" },
				"east": { "uv": [ 6.5, 12, 9.5, 12.5 ], "texture": "#texture", "cullface": "north" }
			}
		},
		{
			"__comment": "Voxels-FFD6B1",
			"from": [ 5, 12, 0 ],
			"to": [ 11, 14, 2 ],
			"faces": {
				"down": { "uv": [ 8.96, 0.96, 11.04, 3.04 ], "texture": "#texture" },
				"north": { "uv": [ 6.5, 7, 9.5, 8 ], "texture": "#texture", "cullface": "north" },
				"south": { "uv": [ 6.5, 7, 9.5, 8 ], "texture": "#texture" },
				"west": { "uv": [ 9, 7, 9.5, 8 ], "texture": "#texture" },
				"east": { "uv": [ 6.5, 7, 7, 8 ], "texture": "#texture" }
			}
		},
		{
			"__comment": "Voxels-FFD6B1",
			"from": [ 5, 17, 1 ],
			"to": [ 10, 18, 2 ],
			"faces": {
				"up": { "uv": [ 6.5, 5, 9, 5.5 ], "texture": "#texture", "cullface": "up" },
				"south": { "uv": [ 6.5, 5, 9, 5.5 ], "texture": "#texture", "cullface": "up" }
			}
		},
		{
			"__comment": "Voxels-FFD6B1",
			"from": [ 5, 18, 1 ],
			"to": [ 6, 20, 2 ],
			"faces": {
				"north": { "uv": [ 6.5, 4.5, 7, 5.5 ], "texture": "#texture", "cullface": "up" },
				"south": { "uv": [ 6.5, 4.5, 7, 5.5 ], "texture": "#texture", "cullface": "up" },
				"west": { "uv": [ 6.5, 4.5, 7, 5.5 ], "texture": "#texture", "cullface": "up" }
			}
		},
		{
			"__comment": "Voxels-FFD6B1",
			"from": [ 10, 4, 0 ],
			"to": [ 17, 5, 2 ],
			"faces": {
				"down": { "uv": [ 3.5, 11.5, 7, 12 ], "texture": "#texture", "cullface": "east" },
				"north": { "uv": [ 3.5, 11.5, 7, 12 ], "texture": "#texture", "cullface": "east" },
				"south": { "uv": [ 3.5, 11.5, 7, 12 ], "texture": "#texture", "cullface": "east" },
				"west": { "uv": [ 3.5, 11.5, 7, 12 ], "texture": "#texture", "cullface": "east" },
				"east": { "uv": [ 3.5, 11.5, 7, 12 ], "texture": "#texture", "cullface": "east" }
			}
		},
		{
			"__comment": "Voxels-F3E653",
			"from": [ 6, 18, 1 ],
			"to": [ 7, 21, 2 ],
			"faces": {
				"north": { "uv": [ 7, 4, 7.5, 5 ], "texture": "#texture", "cullface": "up" },
				"south": { "uv": [ 7, 4, 7.5, 5 ], "texture": "#texture", "cullface": "up" },
				"west": { "uv": [ 7, 4, 7.5, 5 ], "texture": "#texture", "cullface": "up" },
				"east": { "uv": [ 7, 4, 7.5, 5 ], "texture": "#texture", "cullface": "up" }
			}
		},
		{
			"__comment": "Voxels-DCB694",
			"from": [ 7, 7, 1 ],
			"to": [ 9, 11, 2 ],
			"faces": {
				"south": { "uv": [ 7.5, 8.5, 8.5, 10.5 ], "texture": "#texture" },
				"west": { "uv": [ 7.5, 8.5, 8.5, 10.5 ], "texture": "#texture" },
				"east": { "uv": [ 7.5, 8.5, 8.5, 10.5 ], "texture": "#texture" }
			}
		},
		{
			"__comment": "Voxels-DCB694",
			"from": [ 7, 8, -1.5 ],
			"to": [ 9, 10, 0 ],
			"faces": {
				"down": { "uv": [ 7.5, 9.000001, 8.5, 10 ], "texture": "#texture", "cullface": "north" },
				"up": { "uv": [ 7.5, 9.000001, 8.5, 10 ], "texture": "#texture", "cullface": "north" },
				"north": { "uv": [ 7.5, 9.000001, 8.5, 10 ], "texture": "#texture", "cullface": "north" },
				"west": { "uv": [ 7.5, 9.000001, 8.5, 10 ], "texture": "#texture", "cullface": "north" },
				"east": { "uv": [ 7.5, 9.000001, 8.5, 10 ], "texture": "#texture", "cullface": "north" }
			}
		},
		{
			"__comment": "Voxels-FFD6B1",
			"from": [ 7, 11, 1 ],
			"to": [ 18, 12, 2 ],
			"faces": {
				"down": { "uv": [ 7.5, 8, 12.5, 8.5 ], "texture": "#texture", "cullface": "east" },
				"up": { "uv": [ 7.5, 8, 12.5, 8.5 ], "texture": "#texture", "cullface": "east" },
				"south": { "uv": [ 7.5, 8, 12.5, 8.5 ], "texture": "#texture", "cullface": "east" }
			}
		},
		{
			"__comment": "Voxels-FFD6B1",
			"from": [ 7, 18, 1 ],
			"to": [ 9, 19, 2 ],
			"faces": {
				"up": { "uv": [ 7.5, 4.5, 8.5, 5 ], "texture": "#texture", "cullface": "up" },
				"south": { "uv": [ 7.5, 4.5, 8.5, 5 ], "texture": "#texture", "cullface": "up" }
			}
		},
		{
			"__comment": "Voxels-F3E653",
			"from": [ 7, 19, 1 ],
			"to": [ 8, 21, 2 ],
			"faces": {
				"north": { "uv": [ 7.5, 4, 8, 5 ], "texture": "#texture", "cullface": "up" },
				"south": { "uv": [ 7.5, 4, 8, 5 ], "texture": "#texture", "cullface": "up" }
			}
		},
		{
			"__comment": "Voxels-FFD6B1",
			"from": [ 8, 19, 1 ],
			"to": [ 9, 21, 2 ],
			"faces": {
				"north": { "uv": [ 8, 4, 8.5, 5 ], "texture": "#texture", "cullface": "up" },
				"south": { "uv": [ 8, 4, 8.5, 5 ], "texture": "#texture", "cullface": "up" }
			}
		},
		{
			"__comment": "Voxels-FFD6B1",
			"from": [ 9, 7, 1 ],
			"to": [ 19, 10, 2 ],
			"faces": {
				"up": { "uv": [ 8.5, 9, 13.5, 10.5 ], "texture": "#texture", "cullface": "east" },
				"south": { "uv": [ 8.5, 9, 13.5, 10.5 ], "texture": "#texture", "cullface": "east" },
				"east": { "uv": [ 8.5, 9, 9, 10.5 ], "texture": "#texture", "cullface": "east" }
			}
		},
		{
			"__comment": "Voxels-FFD6B1",
			"from": [ 9, 10, 1 ],
			"to": [ 18, 11, 2 ],
			"faces": {
				"south": { "uv": [ 8.5, 8.5, 12.5, 9 ], "texture": "#texture", "cullface": "east" }
			}
		},
		{
			"__comment": "Voxels-F3E653",
			"from": [ 9, 18, 1 ],
			"to": [ 11, 19, 2 ],
			"faces": {
				"down": { "uv": [ 8.5, 4, 9, 5 ], "texture": "#texture", "cullface": "up" },
				"up": { "uv": [ 8.5, 4, 9, 5 ], "texture": "#texture", "cullface": "up" },
				"south": { "uv": [ 8.5, 4, 9, 5 ], "texture": "#texture", "cullface": "up" }
			}
		},
		{
			"__comment": "Voxels-F3E653",
			"from": [ 9, 19, 1 ],
			"to": [ 10, 21, 2 ],
			"faces": {
				"north": { "uv": [ 8.5, 4, 9, 5 ], "texture": "#texture", "cullface": "up" },
				"south": { "uv": [ 8.5, 4, 9, 5 ], "texture": "#texture", "cullface": "up" },
				"east": { "uv": [ 8.5, 4, 9, 5 ], "texture": "#texture", "cullface": "up" }
			}
		},
		{
			"__comment": "Voxels-F3E653",
			"from": [ 10, 17, 1 ],
			"to": [ 11, 18, 2 ],
			"faces": {
				"south": { "uv": [ 9, 5, 9.5, 5.5 ], "texture": "#texture", "cullface": "up" }
			}
		},
		{
			"__comment": "Voxels-F3E653",
			"from": [ 9, 19, -2 ],
			"to": [ 18, 20, -1 ],
			"faces": {
				"down": { "uv": [ 3, 4, 7, 4.5 ], "texture": "#texture" },
				"up": { "uv": [ 3, 4, 7, 4.5 ], "texture": "#texture" },
				"north": { "uv": [ 3, 4, 7.5, 4.5 ], "texture": "#texture" },
				"south": { "uv": [ 3, 4, 7.5, 4.5 ], "texture": "#texture" },
				"west": { "uv": [ 7, 4, 6.5, 4.5 ], "texture": "#texture" },
				"east": { "uv": [ 4, 2, 4.499999, 2.5 ], "texture": "#texture" }
			}
		},
		{
			"__comment": "Voxels-FFD6B1",
			"from": [ 10, 19, 1 ],
			"to": [ 11, 20, 2 ],
			"faces": {
				"south": { "uv": [ 6.5, 4.5, 7, 5 ], "texture": "#texture", "cullface": "up" }
			}
		},
		{
			"__comment": "Voxels-F3E653",
			"from": [ 10, 20, 1 ],
			"to": [ 19, 21, 2 ],
			"faces": {
				"down": { "uv": [ 2.5, 3.5, 7, 4 ], "texture": "#texture", "cullface": "up" },
				"up": { "uv": [ 2.5, 3.5, 7, 4 ], "texture": "#texture", "cullface": "up" },
				"north": { "uv": [ 2.5, 3.5, 7, 4 ], "texture": "#texture", "cullface": "up" },
				"south": { "uv": [ 2.5, 3.5, 7, 4 ], "texture": "#texture", "cullface": "up" },
				"east": { "uv": [ 3, 3, 3.499999, 3.5 ], "texture": "#texture", "cullface": "up" }
			}
		},
		{
			"__comment": "Voxels-FFD6B1",
			"from": [ 11, 3, 0 ],
			"to": [ 16, 4, 2 ],
			"faces": {
				"down": { "uv": [ 4, 12, 6.5, 12.5 ], "texture": "#texture" },
				"north": { "uv": [ 4, 12, 6.5, 12.5 ], "texture": "#texture", "cullface": "north" },
				"south": { "uv": [ 4, 12, 6.5, 12.5 ], "texture": "#texture" },
				"west": { "uv": [ 4, 12, 4.5, 12.5 ], "texture": "#texture" },
				"east": { "uv": [ 4, 12, 4.5, 12.5 ], "texture": "#texture", "cullface": "east" }
			}
		},
		{
			"__comment": "Voxels-F0F0F0",
			"from": [ 14, 12, 1 ],
			"to": [ 15, 14, 2 ],
			"faces": {
				"north": { "uv": [ 6, 7, 6.5, 8 ], "texture": "#texture" },
				"south": { "uv": [ 6, 7, 6.5, 8 ], "texture": "#texture" }
			}
		},
		{
			"__comment": "Voxels-FFD6B1",
			"from": [ 11, 17, 1 ],
			"to": [ 15, 18, 2 ],
			"faces": {
				"up": { "uv": [ 9.999999, 5, 11.5, 5.5 ], "texture": "#texture", "cullface": "up" },
				"south": { "uv": [ 9.999999, 5, 11.5, 5.5 ], "texture": "#texture", "cullface": "up" }
			}
		},
		{
			"__comment": "Voxels-F3E653",
			"from": [ 9, 18, -2 ],
			"to": [ 19, 19, -1 ],
			"faces": {
				"down": { "uv": [ 2.5, 4.5, 7, 5 ], "texture": "#texture" },
				"up": { "uv": [ 2.5, 4.5, 7, 5 ], "texture": "#texture" },
				"north": { "uv": [ 2.5, 4.5, 7.5, 5 ], "texture": "#texture" },
				"south": { "uv": [ 2.5, 4.5, 7.5, 5 ], "texture": "#texture" },
				"west": { "uv": [ 7, 4.5, 6.5, 5 ], "texture": "#texture" },
				"east": { "uv": [ 2.5, 4.5, 7, 5 ], "texture": "#texture" }
			}
		},
		{
			"__comment": "Voxels-FFD6B1",
			"from": [ 11, 18, 1 ],
			"to": [ 12, 19, 2 ],
			"faces": {
				"south": { "uv": [ 6.5, 4.5, 7, 5 ], "texture": "#texture", "cullface": "up" }
			}
		},
		{
			"__comment": "Voxels-F3E653",
			"from": [ 11, 19, 1 ],
			"to": [ 19, 20, 2 ],
			"faces": {
				"down": { "uv": [ 2.5, 4, 6, 4.5 ], "texture": "#texture", "cullface": "up" },
				"south": { "uv": [ 2.5, 4, 6, 4.5 ], "texture": "#texture", "cullface": "up" },
				"east": { "uv": [ 2.5, 4, 6, 4.5 ], "texture": "#texture", "cullface": "up" }
			}
		},
		{
			"__comment": "Voxels-0A0A0A",
			"from": [ 13, 13, 1 ],
			"to": [ 14, 14, 2 ],
			"faces": {
				"north": { "uv": [ 5, 7.5, 5.5, 8 ], "texture": "#texture" },
				"south": { "uv": [ 5, 7.5, 5.5, 8 ], "texture": "#texture" }
			}
		},
		{
			"__comment": "Voxels-F0F0F0",
			"from": [ 13, 14, -2 ],
			"to": [ 15, 15, -1 ],
			"faces": {
				"down": { "uv": [ 4.5, 6.5, 5.5, 7 ], "texture": "#texture" },
				"up": { "uv": [ 4.5, 6.5, 5.5, 7 ], "texture": "#texture" },
				"north": { "uv": [ 4.5, 6.5, 5.5, 7 ], "texture": "#texture" },
				"south": { "uv": [ 4.5, 6.5, 5.5, 7 ], "texture": "#texture" },
				"west": { "uv": [ 4.5, 6.5, 5.5, 7 ], "texture": "#texture" },
				"east": { "uv": [ 4.5, 6.5, 5.5, 7 ], "texture": "#texture" }
			}
		},
		{
			"__comment": "Voxels-F3E653",
			"from": [ 12, 18, 1 ],
			"to": [ 14, 19, 2 ],
			"faces": {
				"south": { "uv": [ 7.5, 2.5, 9.5, 3 ], "texture": "#texture", "cullface": "up" }
			}
		},
		{
			"__comment": "Voxels-F3E653",
			"from": [ 13, 20, -1 ],
			"to": [ 19, 21, 0 ],
			"faces": {
				"down": { "uv": [ 2.5, 3.5, 3, 4 ], "texture": "#texture" },
				"up": { "uv": [ 2.5, 3.5, 3, 4 ], "texture": "#texture" },
				"north": { "uv": [ 2.5, 3.5, 3, 4 ], "texture": "#texture" },
				"south": { "uv": [ 2.5, 3.5, 3, 4 ], "texture": "#texture" },
				"west": { "uv": [ 2.5, 3.5, 3, 4 ], "texture": "#texture" },
				"east": { "uv": [ 2.5, 3.5, 3, 4 ], "texture": "#texture" }
			}
		},
		{
			"__comment": "Voxels-F0F0F0",
			"from": [ 18, 7, -2 ],
			"to": [ 19, 12, -1 ],
			"faces": {
				"down": { "uv": [ 2.5, 8, 3, 10.5 ], "texture": "#texture" },
				"up": { "uv": [ 2.5, 8, 3, 10.5 ], "texture": "#texture" },
				"north": { "uv": [ 2.5, 8, 3, 10.5 ], "texture": "#texture" },
				"south": { "uv": [ 2.5, 8, 3, 10.5 ], "texture": "#texture" },
				"west": { "uv": [ 2.5, 8, 3, 10.5 ], "texture": "#texture" },
				"east": { "uv": [ 2.5, 8, 3, 10.5 ], "texture": "#texture" }
			}
		},
		{
			"__comment": "Voxels-F3E653",
			"from": [ 19, 8, 1 ],
			"to": [ 20, 20, 2 ],
			"faces": {
				"down": { "uv": [ 2, 5.5, 2.5, 6 ], "texture": "#texture" },
				"up": { "uv": [ 2, 5.5, 2.5, 6 ], "texture": "#texture" },
				"north": { "uv": [ 2, 5.5, 2.5, 6 ], "texture": "#texture" },
				"south": { "uv": [ 2, 5.5, 2.5, 11.5 ], "texture": "#texture" },
				"west": { "uv": [ 2, 5.5, 2.5, 6 ], "texture": "#texture" },
				"east": { "uv": [ 2, 5.5, 2.5, 6 ], "texture": "#texture" }
			}
		},
		{
			"__comment": "Voxels-FFD6B1",
			"from": [ 14, 18, 1 ],
			"to": [ 15, 19, 2 ],
			"faces": {
				"south": { "uv": [ 7.5, 2.5, 9.5, 3 ], "texture": "#texture", "cullface": "up" }
			}
		},
		{
			"__comment": "Voxels-F3E653",
			"from": [ 14, 23, 0 ],
			"to": [ 16, 24, 1 ],
			"faces": {
				"up": { "uv": [ 4, 2, 5.5, 2.5 ], "texture": "#texture" },
				"east": { "uv": [ 4, 2, 5.5, 2.5 ], "texture": "#texture" }
			}
		},
		{
			"__comment": "Voxels-FFD6B1",
			"from": [ 15, 12, -2 ],
			"to": [ 19, 13, -1 ],
			"faces": {
				"down": { "uv": [ 3, 7.5, 4.5, 8 ], "texture": "#texture", "cullface": "east" },
				"up": { "uv": [ 3, 7.5, 4.5, 8 ], "texture": "#texture", "cullface": "east" },
				"north": { "uv": [ 3, 7.5, 4.5, 8 ], "texture": "#texture", "cullface": "east" },
				"south": { "uv": [ 3, 7.5, 4.5, 8 ], "texture": "#texture", "cullface": "east" },
				"west": { "uv": [ 3, 7.5, 4.5, 8 ], "texture": "#texture", "cullface": "east" },
				"east": { "uv": [ 3, 7.5, 4.5, 8 ], "texture": "#texture", "cullface": "east" }
			}
		},
		{
			"__comment": "Voxels-FFD6B1",
			"from": [ 15, 12, 1 ],
			"to": [ 18, 15, 2 ],
			"faces": {
				"up": { "uv": [ 11.5, 6.5, 12.5, 8 ], "texture": "#texture", "cullface": "east" },
				"north": { "uv": [ 11.5, 6.5, 12.5, 8 ], "texture": "#texture", "cullface": "east" },
				"south": { "uv": [ 11.5, 6.5, 12.5, 8 ], "texture": "#texture", "cullface": "east" },
				"west": { "uv": [ 11.5, 6.5, 12.5, 8 ], "texture": "#texture", "cullface": "east" }
			}
		},
		{
			"__comment": "Voxels-FFD6B1",
			"from": [ 15, 13, -2 ],
			"to": [ 19, 15, -1 ],
			"faces": {
				"down": { "uv": [ 15, 15, 16, 16 ], "texture": "#texture", "cullface": "east" },
				"up": { "uv": [ 15, 0, 16, 1 ], "texture": "#texture", "cullface": "east" },
				"north": { "uv": [ 2.5, 6.5, 4.5, 7.5 ], "texture": "#texture", "cullface": "east" },
				"south": { "uv": [ 3, 6.5, 4.5, 7.5 ], "texture": "#texture", "cullface": "east" },
				"west": { "uv": [ 4, 6.5, 4.5, 7.5 ], "texture": "#texture", "cullface": "east" },
				"east": { "uv": [ 15, 1, 16, 3 ], "texture": "#texture", "cullface": "east" }
			}
		},
		{
			"__comment": "Voxels-F3E653",
			"from": [ 15, 17, 1 ],
			"to": [ 16, 19, 2 ],
			"faces": {
				"south": { "uv": [ 7.5, 2.5, 9.5, 3 ], "texture": "#texture", "cullface": "up" },
				"west": { "uv": [ 7.5, 2.5, 9.5, 3 ], "texture": "#texture", "cullface": "up" },
				"east": { "uv": [ 7.5, 2.5, 9.5, 3 ], "texture": "#texture", "cullface": "up" }
			}
		},
		{
			"__comment": "Voxels-F3E653",
			"from": [ 16, 15, 1 ],
			"to": [ 17, 16, 2 ],
			"faces": {
				"south": { "uv": [ 7.5, 2.5, 9.5, 3 ], "texture": "#texture" }
			}
		},
		{
			"__comment": "Voxels-FFD6B1",
			"from": [ 16, 17, 1 ],
			"to": [ 17, 18, 2 ],
			"faces": {
				"south": { "uv": [ 7.5, 2.5, 9.5, 3 ], "texture": "#texture" }
			}
		},
		{
			"__comment": "Voxels-F3E653",
			"from": [ 16, 18, 1 ],
			"to": [ 19, 19, 2 ],
			"faces": {
				"down": { "uv": [ 2.5, 4.5, 3.5, 5 ], "texture": "#texture" },
				"north": { "uv": [ 2.5, 4.5, 3.5, 5 ], "texture": "#texture" },
				"south": { "uv": [ 2.5, 4.5, 3.5, 5 ], "texture": "#texture" },
				"east": { "uv": [ 2.5, 4.5, 3.5, 5 ], "texture": "#texture" }
			}
		},
		{
			"__comment": "Voxels-F3E653",
			"from": [ 16, 19, -1 ],
			"to": [ 19, 20, 0 ],
			"faces": {
				"down": { "uv": [ 2.5, 4, 3.5, 4.5 ], "texture": "#texture" },
				"north": { "uv": [ 2.5, 4, 3.5, 4.5 ], "texture": "#texture" },
				"west": { "uv": [ 2.5, 4, 3.5, 4.5 ], "texture": "#texture" },
				"east": { "uv": [ 2.5, 4, 3.5, 4.5 ], "texture": "#texture" }
			}
		},
		{
			"__comment": "Voxels-FFD6B1",
			"from": [ 17, 15, 1 ],
			"to": [ 18, 16, 2 ],
			"faces": {
				"south": { "uv": [ 7.5, 2.5, 9.5, 3 ], "texture": "#texture", "cullface": "east" }
			}
		},
		{
			"__comment": "Voxels-F3E653",
			"from": [ 17, 17, 1 ],
			"to": [ 19, 18, 2 ],
			"faces": {
				"north": { "uv": [ 7.5, 2.5, 9.5, 3 ], "texture": "#texture" },
				"south": { "uv": [ 7.5, 2.5, 9.5, 3 ], "texture": "#texture" },
				"east": { "uv": [ 7.5, 2.5, 9.5, 3 ], "texture": "#texture" }
			}
		},
		{
			"__comment": "Voxels-F3E653",
			"from": [ 17, 18, -1 ],
			"to": [ 19, 19, 0 ],
			"faces": {
				"down": { "uv": [ 2.5, 4.5, 3.5, 5 ], "texture": "#texture" },
				"south": { "uv": [ 2.5, 4.5, 3.5, 5 ], "texture": "#texture" },
				"west": { "uv": [ 2.5, 4.5, 3.5, 5 ], "texture": "#texture" },
				"east": { "uv": [ 2.5, 4.5, 3.5, 5 ], "texture": "#texture" }
			}
		},
		{
			"__comment": "Voxels-F3E653",
			"from": [ 18, 17, -1 ],
			"to": [ 19, 18, 1 ],
			"faces": {
				"down": { "uv": [ 4.96, 0.96, 7.04, 3.04 ], "texture": "#texture" },
				"up": { "uv": [ 4.96, 0.96, 7.04, 3.04 ], "texture": "#texture" },
				"west": { "uv": [ 4.96, 0.96, 7.04, 3.04 ], "texture": "#texture" },
				"east": { "uv": [ 4.96, 0.96, 7.04, 3.04 ], "texture": "#texture" }
			}
		},
		{
			"__comment": "Voxels-F3E653",
			"from": [ 18, 18, 0 ],
			"to": [ 19, 19, 1 ],
			"faces": {
				"east": { "uv": [ 2.5, 4.5, 3.5, 5 ], "texture": "#texture" }
			}
		},
		{
			"__comment": "Voxels-F3E653",
			"from": [ 18, 20, 0 ],
			"to": [ 19, 21, 1 ],
			"faces": {
				"up": { "uv": [ 2.5, 3.5, 3, 4 ], "texture": "#texture" },
				"east": { "uv": [ 2.5, 3.5, 3, 4 ], "texture": "#texture" }
			}
		},
		{
			"__comment": "Box153",
			"from": [ 0.5, 13, 20.25 ],
			"to": [ 15.5, 14.75, 21.25 ],
			"faces": {
				"down": { "uv": [ 2, 14.5, 2.5, 15 ], "texture": "#texture", "cullface": "south", "rotation": 90 },
				"up": { "uv": [ 2, 14, 2.5, 14.5 ], "texture": "#texture", "cullface": "south", "rotation": 270 },
				"north": { "uv": [ 2, 14, 2.5, 15 ], "texture": "#texture", "cullface": "south" },
				"south": { "uv": [ 2, 14, 2.5, 15 ], "texture": "#texture", "cullface": "south" },
				"west": { "uv": [ 2, 14, 2.5, 15 ], "texture": "#texture", "cullface": "south" },
				"east": { "uv": [ 2, 14, 2.5, 15 ], "texture": "#texture", "cullface": "south" }
			}
		},
		{
			"__comment": "Box153",
			"from": [ -0.5, 13, 3 ],
			"to": [ 0.5, 14.75, 20.5 ],
			"faces": {
				"down": { "uv": [ 2, 14.5, 2.5, 15 ], "texture": "#texture", "cullface": "west" },
				"up": { "uv": [ 2, 14, 2.5, 14.5 ], "texture": "#texture", "cullface": "west" },
				"south": { "uv": [ 2, 14, 2.5, 15 ], "texture": "#texture", "cullface": "west" },
				"west": { "uv": [ 2, 14, 2.5, 15 ], "texture": "#texture", "cullface": "west" },
				"east": { "uv": [ 2, 14, 2.5, 15 ], "texture": "#texture", "cullface": "west" }
			}
		},
		{
			"__comment": "Box153",
			"from": [ 15.5, 13, 3 ],
			"to": [ 16.5, 14.75, 20.5 ],
			"faces": {
				"down": { "uv": [ 2, 14.5, 2.5, 15 ], "texture": "#texture", "cullface": "east" },
				"up": { "uv": [ 2, 14, 2.5, 14.5 ], "texture": "#texture", "cullface": "east" },
				"south": { "uv": [ 2, 14, 2.5, 15 ], "texture": "#texture", "cullface": "east" },
				"west": { "uv": [ 2, 14, 2.5, 15 ], "texture": "#texture", "cullface": "east" },
				"east": { "uv": [ 2, 14, 2.5, 15 ], "texture": "#texture", "cullface": "east" }
			}
		},
		{
			"__comment": "Box153",
			"from": [ 15.5, 7, 3 ],
			"to": [ 16.5, 8.75, 20.5 ],
			"faces": {
				"down": { "uv": [ 2, 14.5, 2.5, 15 ], "texture": "#texture", "cullface": "east" },
				"up": { "uv": [ 2, 14, 2.5, 14.5 ], "texture": "#texture", "cullface": "east" },
				"south": { "uv": [ 2, 14, 2.5, 15 ], "texture": "#texture", "cullface": "east" },
				"west": { "uv": [ 2, 14, 2.5, 15 ], "texture": "#texture", "cullface": "east" },
				"east": { "uv": [ 2, 14, 2.5, 15 ], "texture": "#texture", "cullface": "east" }
			}
		},
		{
			"__comment": "Box153",
			"from": [ -0.5, 7, 3 ],
			"to": [ 0.5, 8.75, 20.5 ],
			"faces": {
				"down": { "uv": [ 2, 14.5, 2.5, 15 ], "texture": "#texture", "cullface": "west" },
				"up": { "uv": [ 2, 14, 2.5, 14.5 ], "texture": "#texture", "cullface": "west" },
				"south": { "uv": [ 2, 14, 2.5, 15 ], "texture": "#texture", "cullface": "west" },
				"west": { "uv": [ 2, 14, 2.5, 15 ], "texture": "#texture", "cullface": "west" },
				"east": { "uv": [ 2, 14, 2.5, 15 ], "texture": "#texture", "cullface": "west" }
			}
		},
		{
			"__comment": "Box153",
			"from": [ 0.5, 7, 20.25 ],
			"to": [ 15.5, 8.75, 21.25 ],
			"faces": {
				"down": { "uv": [ 2, 14.5, 2.5, 15 ], "texture": "#texture", "cullface": "south", "rotation": 90 },
				"up": { "uv": [ 2, 14, 2.5, 14.5 ], "texture": "#texture", "cullface": "south", "rotation": 270 },
				"north": { "uv": [ 2, 14, 2.5, 15 ], "texture": "#texture", "cullface": "south" },
				"south": { "uv": [ 2, 14, 2.5, 15 ], "texture": "#texture", "cullface": "south" },
				"west": { "uv": [ 2, 14, 2.5, 15 ], "texture": "#texture", "cullface": "south" },
				"east": { "uv": [ 2, 14, 2.5, 15 ], "texture": "#texture", "cullface": "south" }
			}
		},
		{
			"__comment": "Voxels-F3E653",
			"from": [ 14, 17, -2 ],
			"to": [ 19, 18, -1 ],
			"faces": {
				"down": { "uv": [ 2.5, 5, 5, 5.5 ], "texture": "#texture" },
				"north": { "uv": [ 2.5, 5, 5, 5.5 ], "texture": "#texture" },
				"south": { "uv": [ 2.5, 5, 5, 5.5 ], "texture": "#texture" },
				"west": { "uv": [ 2.5, 5, 5, 5.5 ], "texture": "#texture" },
				"east": { "uv": [ 4, 2, 4.499999, 2.5 ], "texture": "#texture" }
			}
		},
		{
			"__comment": "Voxels-0A0A0A",
			"from": [ 12, 12, 1 ],
			"to": [ 14, 13, 2 ],
			"faces": {
				"north": { "uv": [ 5, 7.5, 6, 8 ], "texture": "#texture" },
				"south": { "uv": [ 5, 7.5, 6, 8 ], "texture": "#texture" }
			}
		},
		{
			"__comment": "Voxels-FFD6B1",
			"from": [ 6, 4, -1 ],
			"to": [ 10, 5, 1 ],
			"faces": {
				"down": { "uv": [ 7, 11.5, 9, 12 ], "texture": "#texture", "cullface": "east" },
				"north": { "uv": [ 7, 11.5, 9, 12 ], "texture": "#texture", "cullface": "east" },
				"south": { "uv": [ 7, 11.5, 9, 12 ], "texture": "#texture", "cullface": "east" },
				"west": { "uv": [ 7, 11.5, 9, 12 ], "texture": "#texture", "cullface": "east" },
				"east": { "uv": [ 7, 11.5, 9, 12 ], "texture": "#texture", "cullface": "east" }
			}
		},
		{
			"__comment": "Voxels-FFD6B1",
			"from": [ 5, 5, -1 ],
			"to": [ 11, 6, 1 ],
			"faces": {
				"down": { "uv": [ 6.5, 11, 9.5, 11.5 ], "texture": "#texture" },
				"up": { "uv": [ 6.5, 11, 9.5, 11.5 ], "texture": "#texture" },
				"north": { "uv": [ 6.5, 11, 9.5, 11.5 ], "texture": "#texture" },
				"south": { "uv": [ 6.5, 11, 9.5, 11.5 ], "texture": "#texture" },
				"west": { "uv": [ 6.5, 11, 9.5, 11.5 ], "texture": "#texture" },
				"east": { "uv": [ 6.5, 11, 9.5, 11.5 ], "texture": "#texture" }
			}
		},
		{
			"__comment": "Voxels-FFD6B1",
			"from": [ -2, 5, 0 ],
			"to": [ 5, 6, 2 ],
			"faces": {
				"down": { "uv": [ 9.5, 11, 13, 11.5 ], "texture": "#texture" },
				"up": { "uv": [ 9.5, 11, 13, 11.5 ], "texture": "#texture" },
				"north": { "uv": [ 9.5, 11, 13, 11.5 ], "texture": "#texture" },
				"south": { "uv": [ 9.5, 11, 13, 11.5 ], "texture": "#texture" },
				"west": { "uv": [ 9.5, 11, 13, 11.5 ], "texture": "#texture" },
				"east": { "uv": [ 9.5, 11, 13, 11.5 ], "texture": "#texture" }
			}
		},
		{
			"__comment": "Voxels-F0F0F0",
			"from": [ 11, 12, 1 ],
			"to": [ 12, 14, 2 ],
			"faces": {
				"north": { "uv": [ 6, 7, 6.5, 8 ], "texture": "#texture" },
				"south": { "uv": [ 6, 7, 6.5, 8 ], "texture": "#texture" }
			}
		},
		{
			"__comment": "Voxels-FFD6B1",
			"from": [ 2, 16, -1 ],
			"to": [ 4, 17, 0 ],
			"faces": {
				"down": { "uv": [ 10, 5.5, 11, 6 ], "texture": "#texture" },
				"up": { "uv": [ 10, 5.5, 11, 6 ], "texture": "#texture" },
				"north": { "uv": [ 10, 5.5, 11, 6 ], "texture": "#texture" },
				"south": { "uv": [ 10, 5.5, 11, 6 ], "texture": "#texture" },
				"west": { "uv": [ 10, 5.5, 11, 6 ], "texture": "#texture" },
				"east": { "uv": [ 10, 5.5, 11, 6 ], "texture": "#texture" }
			}
		},
		{
			"__comment": "Voxels-F3E653",
			"from": [ 19, 5, -2 ],
			"to": [ 20, 17, -1 ],
			"faces": {
				"down": { "uv": [ 2, 5.5, 2.5, 6 ], "texture": "#texture" },
				"up": { "uv": [ 2, 5.5, 2.5, 6 ], "texture": "#texture" },
				"north": { "uv": [ 2, 5.5, 2.5, 6 ], "texture": "#texture" },
				"south": { "uv": [ 2, 5.5, 2.5, 11.5 ], "texture": "#texture" },
				"west": { "uv": [ 2, 5.5, 2.5, 6 ], "texture": "#texture" },
				"east": { "uv": [ 2, 5.5, 2.5, 6 ], "texture": "#texture" }
			}
		},
		{
			"__comment": "Voxels-F3E653",
			"from": [ 19, 6, -1 ],
			"to": [ 20, 18, 0 ],
			"faces": {
				"down": { "uv": [ 2, 5.5, 2.5, 6 ], "texture": "#texture" },
				"up": { "uv": [ 2, 5.5, 2.5, 6 ], "texture": "#texture" },
				"north": { "uv": [ 2, 5.5, 2.5, 6 ], "texture": "#texture" },
				"south": { "uv": [ 2, 5.5, 2.5, 11.5 ], "texture": "#texture" },
				"west": { "uv": [ 2, 5.5, 2.5, 6 ], "texture": "#texture" },
				"east": { "uv": [ 2, 5.5, 2.5, 6 ], "texture": "#texture" }
			}
		},
		{
			"__comment": "Voxels-F3E653",
			"from": [ 19, 7, 0 ],
			"to": [ 20, 19, 1 ],
			"faces": {
				"down": { "uv": [ 2, 5.5, 2.5, 6 ], "texture": "#texture" },
				"up": { "uv": [ 2, 5.5, 2.5, 6 ], "texture": "#texture" },
				"north": { "uv": [ 2, 5.5, 2.5, 6 ], "texture": "#texture" },
				"south": { "uv": [ 2, 5.5, 2.5, 11.5 ], "texture": "#texture" },
				"west": { "uv": [ 2, 5.5, 2.5, 6 ], "texture": "#texture" },
				"east": { "uv": [ 2, 5.5, 2.5, 6 ], "texture": "#texture" }
			}
		},
		{
			"__comment": "Voxels-FFD6B1",
			"from": [ 4, 14, 0 ],
			"to": [ 12, 15, 2 ],
			"faces": {
				"down": { "uv": [ 9.5, 6.5, 10, 7 ], "texture": "#texture" },
				"up": { "uv": [ 9.5, 6.5, 10, 7 ], "texture": "#texture" },
				"north": { "uv": [ 6, 6.5, 10, 7 ], "texture": "#texture", "cullface": "north" },
				"south": { "uv": [ 6, 6.5, 10, 7 ], "texture": "#texture" },
				"west": { "uv": [ 9.5, 6.5, 10, 7 ], "texture": "#texture" },
				"east": { "uv": [ 9.5, 6.5, 10, 7 ], "texture": "#texture" }
			}
		},
		{
			"__comment": "Voxels-F0F0F0",
			"from": [ 2, 14, 1 ],
			"to": [ 4, 15, 2 ],
			"faces": {
				"north": { "uv": [ 10, 6.5, 11, 7 ], "texture": "#texture" },
				"south": { "uv": [ 10, 6.5, 11, 7 ], "texture": "#texture" }
			}
		},
		{
			"__comment": "Voxels-FFD6B1",
			"from": [ -3, 6, 0 ],
			"to": [ 15, 12, 1 ],
			"faces": {
				"down": { "uv": [ 4.5, 8, 13.5, 11 ], "texture": "#texture" },
				"up": { "uv": [ 4.5, 8, 13.5, 11 ], "texture": "#texture" },
				"north": { "uv": [ 4.5, 8, 13.5, 11 ], "texture": "#texture" },
				"south": { "uv": [ 4.5, 8, 13.5, 11 ], "texture": "#texture" },
				"west": { "uv": [ 13.5, 8, 13, 11 ], "texture": "#texture" },
				"east": { "uv": [ 4.5, 8, 13.5, 11 ], "texture": "#texture" }
			}
		},
		{
			"__comment": "Voxels-FFD6B1",
			"from": [ 15, 6, 0 ],
			"to": [ 16, 15, 1 ],
			"faces": {
				"down": { "uv": [ 4.5, 8.5, 4, 11 ], "texture": "#texture" },
				"up": { "uv": [ 4.5, 8.5, 4, 11 ], "texture": "#texture" },
				"north": { "uv": [ 4.5, 8.5, 4, 11 ], "texture": "#texture" },
				"south": { "uv": [ 4.5, 8.5, 4, 11 ], "texture": "#texture" },
				"west": { "uv": [ 4.5, 8.5, 4, 11 ], "texture": "#texture" },
				"east": { "uv": [ 4.5, 8.5, 4, 11 ], "texture": "#texture" }
			}
		},
		{
			"__comment": "Voxels-FFD6B1",
			"from": [ 16, 6, 0 ],
			"to": [ 17, 17, 1 ],
			"faces": {
				"down": { "uv": [ 4, 9.5, 3.5, 11 ], "texture": "#texture" },
				"up": { "uv": [ 4, 9.5, 3.5, 11 ], "texture": "#texture" },
				"north": { "uv": [ 4, 9.5, 3.5, 11 ], "texture": "#texture" },
				"south": { "uv": [ 4, 9.5, 3.5, 11 ], "texture": "#texture" },
				"west": { "uv": [ 4, 9.5, 3.5, 11 ], "texture": "#texture" },
				"east": { "uv": [ 4, 9.5, 3.5, 11 ], "texture": "#texture" }
			}
		},
		{
			"__comment": "Voxels-FFD6B1",
			"from": [ 17, 6, 0 ],
			"to": [ 18, 16, 1 ],
			"faces": {
				"down": { "uv": [ 3.5, 10, 3, 11 ], "texture": "#texture" },
				"up": { "uv": [ 3.5, 10, 3, 11 ], "texture": "#texture" },
				"north": { "uv": [ 3.5, 10, 3, 11 ], "texture": "#texture" },
				"south": { "uv": [ 3.5, 10, 3, 11 ], "texture": "#texture" },
				"west": { "uv": [ 3.5, 10, 3, 11 ], "texture": "#texture" },
				"east": { "uv": [ 3.5, 10, 3, 11 ], "texture": "#texture" }
			}
		},
		{
			"__comment": "Voxels-F0F0F0",
			"from": [ 14, 12, -2 ],
			"to": [ 15, 14, -1 ],
			"faces": {
				"down": { "uv": [ 4.5, 7, 5, 8 ], "texture": "#texture" },
				"up": { "uv": [ 4.5, 7, 5, 8 ], "texture": "#texture" },
				"north": { "uv": [ 4.5, 7, 5, 8 ], "texture": "#texture" },
				"south": { "uv": [ 4.5, 7, 5, 8 ], "texture": "#texture" },
				"west": { "uv": [ 4.5, 7, 5, 8 ], "texture": "#texture" },
				"east": { "uv": [ 4.5, 7, 5, 8 ], "texture": "#texture" }
			}
		},
		{
			"__comment": "Voxels-F0F0F0",
			"from": [ 15, 11, -2 ],
			"to": [ 16, 12, -1 ],
			"faces": {
				"down": { "uv": [ 4, 8, 4.5, 8.5 ], "texture": "#texture" },
				"up": { "uv": [ 4, 8, 4.5, 8.5 ], "texture": "#texture" },
				"north": { "uv": [ 4, 8, 4.5, 8.5 ], "texture": "#texture" },
				"south": { "uv": [ 4, 8, 4.5, 8.5 ], "texture": "#texture" },
				"west": { "uv": [ 4, 8, 4.5, 8.5 ], "texture": "#texture" },
				"east": { "uv": [ 4, 8, 4.5, 8.5 ], "texture": "#texture" }
			}
		},
		{
			"__comment": "Voxels-F0F0F0",
			"from": [ 16, 9, -2 ],
			"to": [ 17, 12, -1 ],
			"faces": {
				"down": { "uv": [ 3.5, 8, 4, 9.5 ], "texture": "#texture" },
				"up": { "uv": [ 3.5, 8, 4, 9.5 ], "texture": "#texture" },
				"north": { "uv": [ 3.5, 8, 4, 9.5 ], "texture": "#texture" },
				"south": { "uv": [ 3.5, 8, 4, 9.5 ], "texture": "#texture" },
				"west": { "uv": [ 3.5, 8, 4, 9.5 ], "texture": "#texture" },
				"east": { "uv": [ 3.5, 8, 4, 9.5 ], "texture": "#texture" }
			}
		},
		{
			"__comment": "Voxels-F0F0F0",
			"from": [ 17, 8, -2 ],
			"to": [ 18, 12, -1 ],
			"faces": {
				"down": { "uv": [ 3, 8, 3.5, 10 ], "texture": "#texture" },
				"up": { "uv": [ 3, 8, 3.5, 10 ], "texture": "#texture" },
				"north": { "uv": [ 3, 8, 3.5, 10 ], "texture": "#texture" },
				"south": { "uv": [ 3, 8, 3.5, 10 ], "texture": "#texture" },
				"west": { "uv": [ 3, 8, 3.5, 10 ], "texture": "#texture" },
				"east": { "uv": [ 3, 8, 3.5, 10 ], "texture": "#texture" }
			}
		},
		{
			"__comment": "Voxels-F0F0F0",
			"from": [ 1, 12, 1 ],
			"to": [ 2, 15, 2 ],
			"faces": {
				"north": { "uv": [ 11, 6.5, 11.5, 8 ], "texture": "#texture" },
				"south": { "uv": [ 11, 6.5, 11.5, 8 ], "texture": "#texture" },
				"east": { "uv": [ 11, 6.5, 11.5, 8 ], "texture": "#texture" }
			}
		},
		{
			"__comment": "Voxels-FFD6B1",
			"from": [ 1, 15, 0 ],
			"to": [ 16, 16, 1 ],
			"faces": {
				"down": { "uv": [ 6.5, 6, 11.5, 6.5 ], "texture": "#texture" },
				"up": { "uv": [ 6.5, 6, 11.5, 6.5 ], "texture": "#texture" },
				"north": { "uv": [ 10, 6, 12.5, 6.5 ], "texture": "#texture" },
				"south": { "uv": [ 10, 6, 12.5, 6.5 ], "texture": "#texture" }
			}
		},
		{
			"__comment": "Voxels-FFD6B1",
			"from": [ 4, 15, -1 ],
			"to": [ 6, 16, 0 ],
			"faces": {
				"down": { "uv": [ 9, 6, 10, 6.5 ], "texture": "#texture" },
				"up": { "uv": [ 9, 6, 10, 6.5 ], "texture": "#texture" },
				"north": { "uv": [ 9, 6, 10, 6.5 ], "texture": "#texture" },
				"south": { "uv": [ 9, 6, 10, 6.5 ], "texture": "#texture" }
			}
		},
		{
			"__comment": "Voxels-FFD6B1",
			"from": [ 11, 15, -2 ],
			"to": [ 19, 16, -1 ],
			"faces": {
				"down": { "uv": [ 2.5, 6, 6.5, 6.5 ], "texture": "#texture" },
				"up": { "uv": [ 2.5, 6, 6.5, 6.5 ], "texture": "#texture" },
				"north": { "uv": [ 2.5, 6, 6.5, 6.5 ], "texture": "#texture" },
				"south": { "uv": [ 2.5, 6, 6.5, 6.5 ], "texture": "#texture" },
				"west": { "uv": [ 6.5, 6, 6, 6.5 ], "texture": "#texture" },
				"east": { "uv": [ 2.5, 6, 6.5, 6.5 ], "texture": "#texture" }
			}
		},
		{
			"__comment": "Voxels-FFD6B1",
			"from": [ 10, 16, -2 ],
			"to": [ 19, 17, -1 ],
			"faces": {
				"down": { "uv": [ 2.5, 5.5, 7, 6 ], "texture": "#texture" },
				"up": { "uv": [ 2.5, 5.5, 7, 6 ], "texture": "#texture" },
				"north": { "uv": [ 2.5, 5.5, 7, 6 ], "texture": "#texture" },
				"south": { "uv": [ 2.5, 5.5, 7, 6 ], "texture": "#texture" },
				"west": { "uv": [ 7, 5.5, 6.5, 6 ], "texture": "#texture" },
				"east": { "uv": [ 2.5, 5.5, 7, 6 ], "texture": "#texture" }
			}
		},
		{
			"__comment": "Voxels-0A0A0A",
			"from": [ 12, 13, 1 ],
			"to": [ 13, 14, 2 ],
			"faces": {
				"north": { "uv": [ 5.5, 7, 6, 7.5 ], "texture": "#texture" },
				"south": { "uv": [ 5.5, 7, 6, 7.5 ], "texture": "#texture" }
			}
		},
		{
			"__comment": "Voxels-F3E653",
			"from": [ 2, 25, -1 ],
			"to": [ 14, 26, 2 ],
			"faces": {
				"up": { "uv": [ 5, 1, 11, 1.5 ], "texture": "#texture", "cullface": "up" },
				"north": { "uv": [ 5, 1, 11, 1.5 ], "texture": "#texture", "cullface": "up" },
				"south": { "uv": [ 5, 1, 11, 1.5 ], "texture": "#texture", "cullface": "up" },
				"west": { "uv": [ 5, 1, 11, 1.5 ], "texture": "#texture", "cullface": "up" },
				"east": { "uv": [ 5, 1, 11, 1.5 ], "texture": "#texture", "cullface": "up" }
			}
		},
		{
			"__comment": "Voxels-F3E653",
			"from": [ 2, 24, 2 ],
			"to": [ 14, 25, 3 ],
			"faces": {
				"down": { "uv": [ 5, 0, 11, 0.5 ], "texture": "#particle", "cullface": "up" },
				"up": { "uv": [ 5, 0, 11, 0.5 ], "texture": "#particle", "cullface": "up" },
				"north": { "uv": [ 5, 0, 11, 0.5 ], "texture": "#particle", "cullface": "up" },
				"south": { "uv": [ 5, 0, 11, 0.5 ], "texture": "#particle", "cullface": "up" },
				"west": { "uv": [ 5, 0, 11, 0.5 ], "texture": "#particle", "cullface": "up" },
				"east": { "uv": [ 5, 0, 11, 0.5 ], "texture": "#particle", "cullface": "up" }
			}
		},
		{
			"__comment": "Voxels-F3E653",
			"from": [ 1, 23, 2 ],
			"to": [ 15, 24, 3 ],
			"faces": {
				"down": { "uv": [ 4.5, 0.5, 11.5, 1 ], "texture": "#particle", "cullface": "up" },
				"up": { "uv": [ 4.5, 0.5, 11.5, 1 ], "texture": "#particle", "cullface": "up" },
				"north": { "uv": [ 4.5, 0.5, 11.5, 1 ], "texture": "#particle", "cullface": "up" },
				"south": { "uv": [ 4.5, 0.5, 11.5, 1 ], "texture": "#particle", "cullface": "up" },
				"west": { "uv": [ 11, 0.5, 11.5, 1 ], "texture": "#particle", "cullface": "up" },
				"east": { "uv": [ 4.5, 0.5, 5, 1 ], "texture": "#particle", "cullface": "up" }
			}
		},
		{
			"__comment": "Voxels-F3E653",
			"from": [ 0, 22, 2 ],
			"to": [ 16, 23, 3 ],
			"faces": {
				"down": { "uv": [ 4, 1, 12, 1.5 ], "texture": "#particle", "cullface": "up" },
				"up": { "uv": [ 4, 1, 12, 1.5 ], "texture": "#particle", "cullface": "up" },
				"north": { "uv": [ 4, 1, 12, 1.5 ], "texture": "#particle", "cullface": "up" },
				"south": { "uv": [ 4, 1, 12, 1.5 ], "texture": "#particle", "cullface": "up" },
				"west": { "uv": [ 4, 1, 4.5, 1.5 ], "texture": "#particle", "cullface": "up" },
				"east": { "uv": [ 11.5, 1, 12, 1.5 ], "texture": "#particle", "cullface": "up" }
			}
		},
		{
			"__comment": "Voxels-F3E653",
			"from": [ -1, 21, 2 ],
			"to": [ 17, 22, 3 ],
			"faces": {
				"down": { "uv": [ 3.5, 1.5, 12.5, 2 ], "texture": "#particle", "cullface": "up" },
				"up": { "uv": [ 3.5, 1.5, 12.5, 2 ], "texture": "#particle", "cullface": "up" },
				"north": { "uv": [ 3.5, 1.5, 12.5, 2 ], "texture": "#particle", "cullface": "up" },
				"south": { "uv": [ 3.5, 1.5, 12.5, 2 ], "texture": "#particle", "cullface": "up" },
				"west": { "uv": [ 12, 1.5, 12.5, 2 ], "texture": "#particle", "cullface": "up" },
				"east": { "uv": [ 3.5, 1.5, 4, 2 ], "texture": "#particle", "cullface": "up" }
			}
		},
		{
			"__comment": "Voxels-F3E653",
			"from": [ -2, 20, 2 ],
			"to": [ 18, 21, 3 ],
			"faces": {
				"down": { "uv": [ 3, 2, 13, 2.5 ], "texture": "#particle", "cullface": "up" },
				"up": { "uv": [ 3, 2, 13, 2.5 ], "texture": "#particle", "cullface": "up" },
				"north": { "uv": [ 3, 2, 13, 2.5 ], "texture": "#particle", "cullface": "up" },
				"south": { "uv": [ 3, 2, 13, 2.5 ], "texture": "#particle", "cullface": "up" },
				"west": { "uv": [ 3, 2, 3.5, 2.5 ], "texture": "#particle", "cullface": "up" },
				"east": { "uv": [ 12.5, 2, 13, 2.5 ], "texture": "#particle", "cullface": "up" }
			}
		},
		{
			"__comment": "Voxels-F3E653",
			"from": [ -3, 16, 2 ],
			"to": [ 19, 20, 3 ],
			"faces": {
				"down": { "uv": [ 2.5, 2.5, 13.5, 4.5 ], "texture": "#particle", "cullface": "up" },
				"up": { "uv": [ 2.5, 2.5, 13.5, 4.5 ], "texture": "#particle", "cullface": "up" },
				"north": { "uv": [ 2.5, 2.5, 13.5, 4.5 ], "texture": "#particle", "cullface": "up" },
				"south": { "uv": [ 2.5, 2.5, 13.5, 4.5 ], "texture": "#particle", "cullface": "up" },
				"west": { "uv": [ 2.5, 2.5, 3, 4.5 ], "texture": "#particle", "cullface": "up" },
				"east": { "uv": [ 13, 2.5, 13.5, 4.5 ], "texture": "#particle", "cullface": "up" }
			}
		},
		{
			"__comment": "Voxels-F3E653",
			"from": [ -4, 14, 2 ],
			"to": [ 19, 16, 3 ],
			"faces": {
				"down": { "uv": [ 2, 4.5, 13.5, 5.5 ], "texture": "#particle", "cullface": "up" },
				"up": { "uv": [ 2, 4.5, 13.5, 5.5 ], "texture": "#particle", "cullface": "up" },
				"north": { "uv": [ 2, 4.5, 13.5, 5.5 ], "texture": "#particle", "cullface": "up" },
				"south": { "uv": [ 2, 4.5, 13.5, 5.5 ], "texture": "#particle", "cullface": "up" },
				"west": { "uv": [ 2, 4.5, 2.5, 5.5 ], "texture": "#particle", "cullface": "up" },
				"east": { "uv": [ 13, 4, 13.5, 5 ], "texture": "#particle", "cullface": "up" }
			}
		},
		{
			"__comment": "Voxels-F3E653",
			"from": [ -4, 4, 2 ],
			"to": [ 20, 14, 3 ],
			"faces": {
				"down": { "uv": [ 2, 5.5, 14, 10.5 ], "texture": "#particle", "cullface": "up" },
				"up": { "uv": [ 2, 5.5, 14, 10.5 ], "texture": "#particle", "cullface": "up" },
				"north": { "uv": [ 2, 5.5, 14, 10.5 ], "texture": "#particle", "cullface": "up" },
				"south": { "uv": [ 2, 5.5, 14, 10.5 ], "texture": "#particle", "cullface": "up" },
				"west": { "uv": [ 2, 5.5, 2.5, 10.5 ], "texture": "#particle", "cullface": "up" },
				"east": { "uv": [ 13.5, 5.5, 14, 10.5 ], "texture": "#particle", "cullface": "up" }
			}
		},
		{
			"__comment": "Voxels-F3E653",
			"from": [ -3, 3, 2 ],
			"to": [ 19, 4, 3 ],
			"faces": {
				"down": { "uv": [ 2.5, 10.5, 13.5, 11 ], "texture": "#particle", "cullface": "up" },
				"up": { "uv": [ 2.5, 10.5, 13.5, 11 ], "texture": "#particle", "cullface": "up" },
				"north": { "uv": [ 2.5, 10.5, 13.5, 11 ], "texture": "#particle", "cullface": "up" },
				"south": { "uv": [ 2.5, 10.5, 13.5, 11 ], "texture": "#particle", "cullface": "up" },
				"west": { "uv": [ 2.5, 10.5, 3.000001, 11 ], "texture": "#particle", "cullface": "up" },
				"east": { "uv": [ 13, 10.5, 13.5, 11 ], "texture": "#particle", "cullface": "up" }
			}
		},
		{
			"__comment": "Voxels-F3E653",
			"from": [ -2, 1, 2 ],
			"to": [ 17, 3, 3 ],
			"faces": {
				"down": { "uv": [ 3, 11, 12.5, 12 ], "texture": "#particle", "cullface": "up" },
				"up": { "uv": [ 3, 11, 12.5, 12 ], "texture": "#particle", "cullface": "up" },
				"north": { "uv": [ 3, 11, 12.5, 12 ], "texture": "#particle", "cullface": "up" },
				"south": { "uv": [ 3, 11, 12.5, 12 ], "texture": "#particle", "cullface": "up" },
				"west": { "uv": [ 3, 11, 3.5, 12 ], "texture": "#particle", "cullface": "up" },
				"east": { "uv": [ 12, 11, 12.5, 12 ], "texture": "#particle", "cullface": "up" }
			}
		},
		{
			"__comment": "Voxels-F3E653",
			"from": [ -1, -1, 2 ],
			"to": [ 16, 1, 3 ],
			"faces": {
				"down": { "uv": [ 3.5, 12, 12, 13 ], "texture": "#particle", "cullface": "up" },
				"up": { "uv": [ 3.5, 12, 12, 13 ], "texture": "#particle", "cullface": "up" },
				"north": { "uv": [ 3.5, 12, 12, 13 ], "texture": "#particle", "cullface": "up" },
				"south": { "uv": [ 3.5, 12, 12, 13 ], "texture": "#particle", "cullface": "up" },
				"west": { "uv": [ 3.5, 12, 4, 13 ], "texture": "#particle", "cullface": "up" },
				"east": { "uv": [ 11.5, 12, 12, 13 ], "texture": "#particle", "cullface": "up" }
			}
		},
		{
			"__comment": "Voxels-F3E653",
			"from": [ 2, -3, 2 ],
			"to": [ 3, -1, 3 ],
			"faces": {
				"down": { "uv": [ 5, 13, 5.5, 14 ], "texture": "#particle", "cullface": "up" },
				"up": { "uv": [ 5, 13, 5.5, 14 ], "texture": "#particle", "cullface": "up" },
				"north": { "uv": [ 5, 13, 5.5, 14 ], "texture": "#particle", "cullface": "up" },
				"south": { "uv": [ 5, 13, 5.5, 14 ], "texture": "#particle", "cullface": "up" },
				"west": { "uv": [ 5, 13, 5.5, 14 ], "texture": "#particle", "cullface": "up" },
				"east": { "uv": [ 5, 13, 5.5, 14 ], "texture": "#particle", "cullface": "up" }
			}
		},
		{
			"__comment": "Voxels-F3E653",
			"from": [ 3, -2, 2 ],
			"to": [ 4, -1, 3 ],
			"faces": {
				"down": { "uv": [ 5.5, 13, 6, 13.5 ], "texture": "#particle", "cullface": "up" },
				"up": { "uv": [ 5.5, 13, 6, 13.5 ], "texture": "#particle", "cullface": "up" },
				"north": { "uv": [ 5.5, 13, 6, 13.5 ], "texture": "#particle", "cullface": "up" },
				"south": { "uv": [ 5.5, 13, 6, 13.5 ], "texture": "#particle", "cullface": "up" },
				"west": { "uv": [ 5.5, 13, 6, 13.5 ], "texture": "#particle", "cullface": "up" },
				"east": { "uv": [ 5.5, 13, 6, 13.5 ], "texture": "#particle", "cullface": "up" }
			}
		},
		{
			"__comment": "Voxels-F3E653",
			"from": [ 12, -2, 2 ],
			"to": [ 15, -1, 3 ],
			"faces": {
				"down": { "uv": [ 10, 13, 11.5, 13.5 ], "texture": "#particle", "cullface": "up" },
				"up": { "uv": [ 10, 13, 11.5, 13.5 ], "texture": "#particle", "cullface": "up" },
				"north": { "uv": [ 10, 13, 11.5, 13.5 ], "texture": "#particle", "cullface": "up" },
				"south": { "uv": [ 10, 13, 11.5, 13.5 ], "texture": "#particle", "cullface": "up" },
				"west": { "uv": [ 10, 13, 11.5, 13.5 ], "texture": "#particle", "cullface": "up" },
				"east": { "uv": [ 10, 13, 11.5, 13.5 ], "texture": "#particle", "cullface": "up" }
			}
		},
		{
			"__comment": "Voxels-F3E653",
			"from": [ 6, -2, 2 ],
			"to": [ 7, -1, 3 ],
			"faces": {
				"down": { "uv": [ 7, 13, 7.5, 13.5 ], "texture": "#particle", "cullface": "up" },
				"up": { "uv": [ 7, 13, 7.5, 13.5 ], "texture": "#particle", "cullface": "up" },
				"north": { "uv": [ 7, 13, 7.5, 13.5 ], "texture": "#particle", "cullface": "up" },
				"south": { "uv": [ 7, 13, 7.5, 13.5 ], "texture": "#particle", "cullface": "up" },
				"west": { "uv": [ 7, 13, 7.5, 13.5 ], "texture": "#particle", "cullface": "up" },
				"east": { "uv": [ 7, 13, 7.5, 13.5 ], "texture": "#particle", "cullface": "up" }
			}
		},
		{
			"__comment": "Voxels-F3E653",
			"from": [ 5, -3, 2 ],
			"to": [ 6, -2, 3 ],
			"faces": {
				"down": { "uv": [ 6.5, 13.5, 7, 14 ], "texture": "#particle", "cullface": "up" },
				"up": { "uv": [ 6.5, 13.5, 7, 14 ], "texture": "#particle", "cullface": "up" },
				"north": { "uv": [ 6.5, 13.5, 7, 14 ], "texture": "#particle", "cullface": "up" },
				"south": { "uv": [ 6.5, 13.5, 7, 14 ], "texture": "#particle", "cullface": "up" },
				"west": { "uv": [ 6.5, 13.5, 7, 14 ], "texture": "#particle", "cullface": "up" },
				"east": { "uv": [ 6.5, 13.5, 7, 14 ], "texture": "#particle", "cullface": "up" }
			}
		},
		{
			"__comment": "Voxels-F3E653",
			"from": [ 8, -2, 2 ],
			"to": [ 10, -1, 3 ],
			"faces": {
				"down": { "uv": [ 8, 13, 9, 13.5 ], "texture": "#particle", "cullface": "up" },
				"up": { "uv": [ 8, 13, 9, 13.5 ], "texture": "#particle", "cullface": "up" },
				"north": { "uv": [ 8, 13, 9, 13.5 ], "texture": "#particle", "cullface": "up" },
				"south": { "uv": [ 8, 13, 9, 13.5 ], "texture": "#particle", "cullface": "up" },
				"west": { "uv": [ 8, 13, 9, 13.5 ], "texture": "#particle", "cullface": "up" },
				"east": { "uv": [ 8, 13, 9, 13.5 ], "texture": "#particle", "cullface": "up" }
			}
		},
		{
			"__comment": "Voxels-F3E653",
			"from": [ 9, -3, 2 ],
			"to": [ 10, -2, 3 ],
			"faces": {
				"down": { "uv": [ 8.5, 13.5, 9, 14 ], "texture": "#particle", "cullface": "up" },
				"up": { "uv": [ 8.5, 13.5, 9, 14 ], "texture": "#particle", "cullface": "up" },
				"north": { "uv": [ 8.5, 13.5, 9, 14 ], "texture": "#particle", "cullface": "up" },
				"south": { "uv": [ 8.5, 13.5, 9, 14 ], "texture": "#particle", "cullface": "up" },
				"west": { "uv": [ 8.5, 13.5, 9, 14 ], "texture": "#particle", "cullface": "up" },
				"east": { "uv": [ 8.5, 13.5, 9, 14 ], "texture": "#particle", "cullface": "up" }
			}
		},
		{
			"__comment": "Voxels-F3E653",
			"from": [ 0, -2, 2 ],
			"to": [ 1, -1, 3 ],
			"faces": {
				"down": { "uv": [ 4, 13, 4.5, 13.5 ], "texture": "#particle", "cullface": "up" },
				"up": { "uv": [ 4, 13, 4.5, 13.5 ], "texture": "#particle", "cullface": "up" },
				"north": { "uv": [ 4, 13, 4.5, 13.5 ], "texture": "#particle", "cullface": "up" },
				"south": { "uv": [ 4, 13, 4.5, 13.5 ], "texture": "#particle", "cullface": "up" },
				"west": { "uv": [ 4, 13, 4.5, 13.5 ], "texture": "#particle", "cullface": "up" },
				"east": { "uv": [ 4, 13, 4.5, 13.5 ], "texture": "#particle", "cullface": "up" }
			}
		},
		{
			"__comment": "Voxels-F3E653",
			"from": [ 4, 25, -2 ],
			"to": [ 12, 26, -1 ],
			"faces": {
				"up": { "uv": [ 6, 1, 10, 1.5 ], "texture": "#texture" },
				"north": { "uv": [ 6, 1, 10, 1.5 ], "texture": "#texture" },
				"west": { "uv": [ 11, 1.5, 11.5, 2 ], "texture": "#texture" },
				"east": { "uv": [ 4, 2, 4.499999, 2.5 ], "texture": "#texture" }
			}
		},
		{
			"__comment": "Voxels-DCB694",
			"from": [ 7, 10, -1 ],
			"to": [ 9, 11, 0 ],
			"faces": {
				"up": { "uv": [ 7.5, 8.499999, 8.5, 9 ], "texture": "#texture", "cullface": "north" },
				"north": { "uv": [ 7.5, 8.499999, 8.5, 9 ], "texture": "#texture", "cullface": "north" },
				"west": { "uv": [ 7.5, 8.499999, 8.5, 9 ], "texture": "#texture", "cullface": "north" },
				"east": { "uv": [ 7.5, 8.499999, 8.5, 9 ], "texture": "#texture", "cullface": "north" }
			}
		}
	],
	"display": {
		"gui": {
			"rotation":  [ 0, 180, 0 ],
			"translation":  [ 0, -2, 0 ],
			"scale":  [ 0.45, 0.5, 0.5 ]
		},
		"head": {
			"translation":  [ 0, -3.5, -1.75 ],
			"scale":  [ 0.85, 0.9, 0.9 ]

		}
	}
}