{
	"__comment": "Designed by Colin0904 with Cubik Studio - https://cubik.studio",
	"textures": {
		"particle": "blocks/particle",
		"texture": "blocks/slippy"
	},
	"elements": [ 	 
		{
			"__comment": "Voxels-6FDE00",
			"from": [ -2, 4, -3 ],
			"to": [ -1, 13, 0 ],
			"faces": {
				"down": { "uv": [ 3, 8, 4, 13.5 ], "texture": "#texture" },
				"up": { "uv": [ 3, 8, 4, 13.5 ], "texture": "#texture" },
				"north": { "uv": [ 3, 8, 4, 13.5 ], "texture": "#texture" },
				"south": { "uv": [ 3, 8, 4, 13.5 ], "texture": "#texture" },
				"west": { "uv": [ 2.5, 9, 4, 13.5 ], "texture": "#texture" },
				"east": { "uv": [ 3, 8, 4, 13.5 ], "texture": "#texture" }
			}
		},
		{
			"__comment": "Voxels-E3E3E3",
			"from": [ -2, 4, 0 ],
			"to": [ 18, 5, 2 ],
			"faces": {
				"down": { "uv": [ 2.5, 13.5, 13, 14 ], "texture": "#texture" },
				"up": { "uv": [ 2.5, 13.5, 13, 14 ], "texture": "#texture" },
				"north": { "uv": [ 2.5, 13.5, 13, 14 ], "texture": "#texture" },
				"south": { "uv": [ 2.5, 13.5, 13, 14 ], "texture": "#texture" },
				"west": { "uv": [ 2.5, 13.5, 3, 14 ], "texture": "#texture" },
				"east": { "uv": [ 12.5, 13.5, 13, 14 ], "texture": "#texture" }
			}
		},
		{
			"__comment": "Voxels-6FDE00",
			"from": [ -2, 5, 0 ],
			"to": [ -1, 6, 1 ],
			"faces": {
				"down": { "uv": [ 2.5, 9, 3, 13.5 ], "texture": "#texture" },
				"up": { "uv": [ 2.5, 9, 3, 13.5 ], "texture": "#texture" },
				"north": { "uv": [ 2.5, 9, 3, 13.5 ], "texture": "#texture" },
				"south": { "uv": [ 2.5, 9, 3, 13.5 ], "texture": "#texture" },
				"west": { "uv": [ 2.5, 13, 3, 13.5 ], "texture": "#texture" },
				"east": { "uv": [ 2.5, 9, 3, 13.5 ], "texture": "#texture" }
			}
		},
		{
			"__comment": "Voxels-E3E3E3",
			"from": [ -2, 5, 1 ],
			"to": [ 4, 6, 2 ],
			"faces": {
				"down": { "uv": [ 2.5, 13.5, 6, 14 ], "texture": "#texture" },
				"up": { "uv": [ 2.5, 13.5, 6, 14 ], "texture": "#texture" },
				"north": { "uv": [ 2.5, 13.5, 6, 14 ], "texture": "#texture" },
				"south": { "uv": [ 2.5, 13.5, 6, 14 ], "texture": "#texture" },
				"west": { "uv": [ 2.5, 13.5, 6, 14 ], "texture": "#texture" },
				"east": { "uv": [ 2.5, 13.5, 6, 14 ], "texture": "#texture" }
			}
		},
		{
			"__comment": "Voxels-6FDE00",
			"from": [ -2, 6, 1 ],
			"to": [ 3, 9, 2 ],
			"faces": {
				"down": { "uv": [ 2.5, 10, 3, 13 ], "texture": "#texture" },
				"up": { "uv": [ 2.5, 10, 3, 13 ], "texture": "#texture" },
				"north": { "uv": [ 2.5, 10, 3, 13 ], "texture": "#texture" },
				"south": { "uv": [ 2.5, 10, 3, 13 ], "texture": "#texture" },
				"west": { "uv": [ 3, 10, 3.5, 13 ], "texture": "#texture" },
				"east": { "uv": [ 2.5, 10, 3, 13 ], "texture": "#texture" }
			}
		},
		{
			"__comment": "Voxels-E3E3E3",
			"from": [ -1, 2, -3 ],
			"to": [ 17, 6, 0 ],
			"faces": {
				"down": { "uv": [ 3, 14, 12.5, 15.5 ], "texture": "#texture" },
				"up": { "uv": [ 3, 14, 12.5, 15.5 ], "texture": "#texture" },
				"north": { "uv": [ 3, 14, 12.5, 15.5 ], "texture": "#texture" },
				"south": { "uv": [ 3, 14, 12.5, 15.5 ], "texture": "#texture" },
				"west": { "uv": [ 3, 14, 12.5, 15.5 ], "texture": "#texture" },
				"east": { "uv": [ 3, 14, 12.5, 15.5 ], "texture": "#texture" }
			}
		},
		{
			"__comment": "Voxels-E3E3E3",
			"from": [ -1, 2, 0 ],
			"to": [ 17, 4, 1 ],
			"faces": {
				"down": { "uv": [ 3, 14.5, 12.5, 15.5 ], "texture": "#texture" },
				"up": { "uv": [ 3, 14.5, 12.5, 15.5 ], "texture": "#texture" },
				"north": { "uv": [ 3, 14.5, 12.5, 15.5 ], "texture": "#texture" },
				"south": { "uv": [ 3, 14.5, 12.5, 15.5 ], "texture": "#texture" },
				"west": { "uv": [ 3, 14.5, 12.5, 15.5 ], "texture": "#texture" },
				"east": { "uv": [ 3, 14.5, 12.5, 15.5 ], "texture": "#texture" }
			}
		},
		{
			"__comment": "Voxels-E3E3E3",
			"from": [ -1, 4, 2 ],
			"to": [ 6, 5, 3 ],
			"faces": {
				"down": { "uv": [ 3, 14, 7, 14.5 ], "texture": "#texture" },
				"up": { "uv": [ 3, 14, 7, 14.5 ], "texture": "#texture" },
				"north": { "uv": [ 3, 14, 7, 14.5 ], "texture": "#texture" },
				"south": { "uv": [ 3, 14, 7, 14.5 ], "texture": "#texture" },
				"west": { "uv": [ 3, 14, 7, 14.5 ], "texture": "#texture" },
				"east": { "uv": [ 3, 14, 7, 14.5 ], "texture": "#texture" }
			}
		},
		{
			"__comment": "Voxels-E3E3E3",
			"from": [ -1, 5, 0 ],
			"to": [ 17, 6, 1 ],
			"faces": {
				"down": { "uv": [ 8.96, 0.96, 11.04, 3.04 ], "texture": "#texture" },
				"up": { "uv": [ 8.96, 0.96, 11.04, 3.04 ], "texture": "#texture" },
				"north": { "uv": [ 8.96, 0.96, 11.04, 3.04 ], "texture": "#texture" },
				"south": { "uv": [ 8.96, 0.96, 11.04, 3.04 ], "texture": "#texture" },
				"west": { "uv": [ 8.96, 0.96, 11.04, 3.04 ], "texture": "#texture" },
				"east": { "uv": [ 8.96, 0.96, 11.04, 3.04 ], "texture": "#texture" }
			}
		},
		{
			"__comment": "Voxels-E3E3E3",
			"from": [ -1, 5, 2 ],
			"to": [ 5, 6, 3 ],
			"faces": {
				"down": { "uv": [ 3, 13.5, 6, 14 ], "texture": "#texture" },
				"up": { "uv": [ 3, 13.5, 6, 14 ], "texture": "#texture" },
				"north": { "uv": [ 3, 13.5, 6, 14 ], "texture": "#texture" },
				"south": { "uv": [ 3, 13.5, 6, 14 ], "texture": "#texture" },
				"west": { "uv": [ 3, 13.5, 6, 14 ], "texture": "#texture" },
				"east": { "uv": [ 3, 13.5, 6, 14 ], "texture": "#texture" }
			}
		},
		{
			"__comment": "Voxels-6FDE00",
			"from": [ -1, 6, -3 ],
			"to": [ 18, 13, 0 ],
			"faces": {
				"down": { "uv": [ 3, 8.999999, 13, 13.5 ], "texture": "#texture" },
				"up": { "uv": [ 3, 8.999999, 13, 13.5 ], "texture": "#texture" },
				"north": { "uv": [ 3, 9, 13, 11.5 ], "texture": "#texture" },
				"south": { "uv": [ 3, 9, 13, 13.5 ], "texture": "#texture" },
				"west": { "uv": [ 3, 9, 6, 13.5 ], "texture": "#texture" },
				"east": { "uv": [ 11.5, 9.000001, 13, 13.5 ], "texture": "#texture" }
			}
		},
		{
			"__comment": "Voxels-6FDE00",
			"from": [ -1, 6, 0 ],
			"to": [ 18, 11, 1 ],
			"faces": {
				"down": { "uv": [ 3, 11, 13, 13.5 ], "texture": "#texture" },
				"up": { "uv": [ 3, 11, 13, 13.5 ], "texture": "#texture" },
				"north": { "uv": [ 3, 11, 13, 13.5 ], "texture": "#texture" },
				"south": { "uv": [ 3, 11, 13, 13.5 ], "texture": "#texture" },
				"west": { "uv": [ 3, 11, 3.5, 13.5 ], "texture": "#texture" },
				"east": { "uv": [ 12.5, 11, 13, 13.5 ], "texture": "#texture" }
			}
		},
		{
			"__comment": "Voxels-6FDE00",
			"from": [ -1, 6, 2 ],
			"to": [ 4, 9, 3 ],
			"faces": {
				"down": { "uv": [ 3, 11, 6, 12.5 ], "texture": "#texture" },
				"up": { "uv": [ 3, 11, 6, 12.5 ], "texture": "#texture" },
				"north": { "uv": [ 3, 11, 6, 12.5 ], "texture": "#texture" },
				"south": { "uv": [ 3, 11, 6, 12.5 ], "texture": "#texture" },
				"west": { "uv": [ 3, 11, 6, 12.5 ], "texture": "#texture" },
				"east": { "uv": [ 3, 11, 6, 12.5 ], "texture": "#texture" }
			}
		},
		{
			"__comment": "Voxels-6FDE00",
			"from": [ -1, 9, 1 ],
			"to": [ 17, 11, 2 ],
			"faces": {
				"down": { "uv": [ 3.5, 10.5, 12, 11.5 ], "texture": "#texture" },
				"up": { "uv": [ 3.5, 10.5, 12, 11.5 ], "texture": "#texture" },
				"north": { "uv": [ 3.5, 10.5, 12, 11.5 ], "texture": "#texture" },
				"south": { "uv": [ 3.5, 10.5, 12, 11.5 ], "texture": "#texture" },
				"west": { "uv": [ 3.5, 10.5, 4, 11.5 ], "texture": "#texture" },
				"east": { "uv": [ 12, 10.5, 11.5, 11.5 ], "texture": "#texture" }
			}
		},
		{
			"__comment": "Voxels-6FDE00",
			"from": [ -1, 11, 0 ],
			"to": [ 17, 13, 1 ],
			"faces": {
				"down": { "uv": [ 3, 9.500001, 12.5, 10.5 ], "texture": "#texture" },
				"up": { "uv": [ 3, 9.500001, 12.5, 10.5 ], "texture": "#texture" },
				"north": { "uv": [ 3, 9.500001, 12.5, 10.5 ], "texture": "#texture" },
				"south": { "uv": [ 3, 9.500001, 12.5, 10.5 ], "texture": "#texture" },
				"west": { "uv": [ 3, 9.5, 3.5, 10.5 ], "texture": "#texture" },
				"east": { "uv": [ 12.5, 9.5, 12, 10.5 ], "texture": "#texture" }
			}
		},
		{
			"__comment": "Voxels-6FDE00",
			"from": [ -1, 13, -3 ],
			"to": [ 17, 15, 0 ],
			"faces": {
				"down": { "uv": [ 3, 9.499999, 12, 10.5 ], "texture": "#texture" },
				"up": { "uv": [ 3, 9.499999, 12, 10.5 ], "texture": "#texture" },
				"north": { "uv": [ 3, 9.499999, 12, 10.5 ], "texture": "#texture" },
				"south": { "uv": [ 3, 9.499999, 12, 10.5 ], "texture": "#texture" },
				"west": { "uv": [ 3, 9.5, 4, 10.5 ], "texture": "#texture" },
				"east": { "uv": [ 12, 9.5, 11.5, 10.5 ], "texture": "#texture" }
			}
		},
		{
			"__comment": "Voxels-E3E3E3",
			"from": [ 0, 1, -3 ],
			"to": [ 16, 2, 0 ],
			"faces": {
				"down": { "uv": [ 3.5, 15.42, 12, 16 ], "texture": "#texture" },
				"up": { "uv": [ 3.5, 15.42, 12, 16 ], "texture": "#texture" },
				"north": { "uv": [ 3.5, 15.42, 12, 16 ], "texture": "#texture" },
				"south": { "uv": [ 3.5, 15.42, 12, 16 ], "texture": "#texture" },
				"west": { "uv": [ 3.5, 15.42, 12, 16 ], "texture": "#texture" },
				"east": { "uv": [ 3.5, 15.42, 12, 16 ], "texture": "#texture" }
			}
		},
		{
			"__comment": "Voxels-E3E3E3",
			"from": [ 0, 2, 1 ],
			"to": [ 16, 4, 2 ],
			"faces": {
				"down": { "uv": [ 3.5, 14.5, 12, 15.5 ], "texture": "#texture" },
				"up": { "uv": [ 3.5, 14.5, 12, 15.5 ], "texture": "#texture" },
				"north": { "uv": [ 3.5, 14.5, 12, 15.5 ], "texture": "#texture" },
				"south": { "uv": [ 3.5, 14.5, 12, 15.5 ], "texture": "#texture" },
				"west": { "uv": [ 3.5, 14.5, 12, 15.5 ], "texture": "#texture" },
				"east": { "uv": [ 3.5, 14.5, 12, 15.5 ], "texture": "#texture" }
			}
		},
		{
			"__comment": "Voxels-E3E3E3",
			"from": [ 0, 3, 2 ],
			"to": [ 16, 4, 3 ],
			"faces": {
				"down": { "uv": [ 3.5, 14.5, 12, 15 ], "texture": "#texture" },
				"up": { "uv": [ 3.5, 14.5, 12, 15 ], "texture": "#texture" },
				"north": { "uv": [ 3.5, 14.5, 12, 15 ], "texture": "#texture" },
				"south": { "uv": [ 3.5, 14.5, 12, 15 ], "texture": "#texture" },
				"west": { "uv": [ 3.5, 14.5, 12, 15 ], "texture": "#texture" },
				"east": { "uv": [ 3.5, 14.5, 12, 15 ], "texture": "#texture" }
			}
		},
		{
			"__comment": "Voxels-E3E3E3",
			"from": [ 0, 4, 3 ],
			"to": [ 16, 5, 4 ],
			"faces": {
				"down": { "uv": [ 4.5, 14, 6.5, 14.58 ], "texture": "#texture" },
				"up": { "uv": [ 4.5, 14, 6.5, 14.58 ], "texture": "#texture" },
				"north": { "uv": [ 4.5, 14, 6.5, 14.58 ], "texture": "#texture" },
				"south": { "uv": [ 4.5, 14, 6.5, 14.58 ], "texture": "#texture" },
				"west": { "uv": [ 4.5, 14, 6.5, 14.58 ], "texture": "#texture" },
				"east": { "uv": [ 4.5, 14, 6.5, 14.58 ], "texture": "#texture" }
			}
		},
		{
			"__comment": "Voxels-E3E3E3",
			"from": [ 0, 5, 3 ],
			"to": [ 5, 6, 4 ],
			"faces": {
				"down": { "uv": [ 3.5, 13.5, 6.5, 14 ], "texture": "#texture" },
				"up": { "uv": [ 3.5, 13.5, 6.5, 14 ], "texture": "#texture" },
				"north": { "uv": [ 3.5, 13.5, 6.5, 14 ], "texture": "#texture" },
				"south": { "uv": [ 3.5, 13.5, 6.5, 14 ], "texture": "#texture" },
				"west": { "uv": [ 3.5, 13.5, 6.5, 14 ], "texture": "#texture" },
				"east": { "uv": [ 3.5, 13.5, 6.5, 14 ], "texture": "#texture" }
			}
		},
		{
			"__comment": "Voxels-6FDE00",
			"from": [ 0, 6, 3 ],
			"to": [ 4, 8, 4 ],
			"faces": {
				"down": { "uv": [ 3.5, 12.5, 6, 13.5 ], "texture": "#texture" },
				"up": { "uv": [ 3.5, 12.5, 6, 13.5 ], "texture": "#texture" },
				"north": { "uv": [ 3.5, 12.5, 6, 13.5 ], "texture": "#texture" },
				"south": { "uv": [ 3.5, 12.5, 6, 13.5 ], "texture": "#texture" },
				"west": { "uv": [ 3.5, 12.5, 6, 13.5 ], "texture": "#texture" },
				"east": { "uv": [ 3.5, 12.5, 6, 13.5 ], "texture": "#texture" }
			}
		},
		{
			"__comment": "Voxels-6FDE00",
			"from": [ 0, 9, 2 ],
			"to": [ 16, 11, 3 ],
			"faces": {
				"down": { "uv": [ 3.5, 10.5, 12, 11.5 ], "texture": "#texture" },
				"up": { "uv": [ 3.5, 10.5, 12, 11.5 ], "texture": "#texture" },
				"north": { "uv": [ 3.5, 10.5, 12, 11.5 ], "texture": "#texture" },
				"south": { "uv": [ 3.5, 10.5, 12, 11.5 ], "texture": "#texture" },
				"west": { "uv": [ 3.5, 10.5, 4, 11.5 ], "texture": "#texture" },
				"east": { "uv": [ 12, 10.5, 11.5, 11.5 ], "texture": "#texture" }
			}
		},
		{
			"__comment": "Voxels-6FDE00",
			"from": [ 0, 11, 1 ],
			"to": [ 16, 13, 2 ],
			"faces": {
				"down": { "uv": [ 3.5, 9.500001, 12, 10.5 ], "texture": "#texture" },
				"up": { "uv": [ 3.5, 9.500001, 12, 10.5 ], "texture": "#texture" },
				"north": { "uv": [ 3.5, 9.500001, 12, 10.5 ], "texture": "#texture" },
				"south": { "uv": [ 3.5, 9.500001, 12, 10.5 ], "texture": "#texture" },
				"west": { "uv": [ 3.5, 9.5, 4, 10.5 ], "texture": "#texture" },
				"east": { "uv": [ 12, 9.5, 11.5, 10.5 ], "texture": "#texture" }
			}
		},
		{
			"__comment": "Voxels-6FDE00",
			"from": [ 0, 13, 0 ],
			"to": [ 16, 14, 1 ],
			"faces": {
				"down": { "uv": [ 3.5, 9.499999, 12, 10 ], "texture": "#texture" },
				"up": { "uv": [ 3.5, 9.499999, 12, 10 ], "texture": "#texture" },
				"north": { "uv": [ 3.5, 9.499999, 12, 10 ], "texture": "#texture" },
				"south": { "uv": [ 3.5, 9.499999, 12, 10 ], "texture": "#texture" },
				"west": { "uv": [ 3.5, 9.499999, 4, 10 ], "texture": "#texture" },
				"east": { "uv": [ 12, 9.5, 11, 10 ], "texture": "#texture" }
			}
		},
		{
			"__comment": "Voxels-6FDE00",
			"from": [ -1, 15, -3 ],
			"to": [ 5, 16, -1 ],
			"faces": {
				"down": { "uv": [ 3, 8, 4, 8.5 ], "texture": "#texture" },
				"up": { "uv": [ 3, 8, 4, 8.5 ], "texture": "#texture" },
				"north": { "uv": [ 3, 8, 4, 8.5 ], "texture": "#texture" },
				"south": { "uv": [ 3, 8, 4, 8.5 ], "texture": "#texture" },
				"west": { "uv": [ 3, 8, 4, 8.5 ], "texture": "#texture" },
				"east": { "uv": [ 3, 8, 4, 8.5 ], "texture": "#texture" }
			}
		},
		{
			"__comment": "Voxels-6FDE00",
			"from": [ -1, 15, -1 ],
			"to": [ 0, 18, 0 ],
			"faces": {
				"down": { "uv": [ 3.5, 7, 4, 9 ], "texture": "#texture" },
				"up": { "uv": [ 3.5, 7, 4, 9 ], "texture": "#texture" },
				"north": { "uv": [ 3.5, 7, 4, 9 ], "texture": "#texture" },
				"south": { "uv": [ 3.5, 7, 4, 9 ], "texture": "#texture" },
				"west": { "uv": [ 3.5, 7, 4, 9 ], "texture": "#texture" },
				"east": { "uv": [ 3.5, 7, 4, 9 ], "texture": "#texture" }
			}
		},
		{
			"__comment": "Voxels-6FDE00",
			"from": [ -1, 16, -3 ],
			"to": [ 4, 17, -1 ],
			"faces": {
				"down": { "uv": [ 2.5, 9, 4, 9.5 ], "texture": "#texture" },
				"up": { "uv": [ 2.5, 9, 4, 9.5 ], "texture": "#texture" },
				"north": { "uv": [ 2.5, 9, 4, 9.5 ], "texture": "#texture" },
				"south": { "uv": [ 2.5, 9, 4, 9.5 ], "texture": "#texture" },
				"west": { "uv": [ 2.5, 9, 4, 9.5 ], "texture": "#texture" },
				"east": { "uv": [ 2.5, 9, 4, 9.5 ], "texture": "#texture" }
			}
		},
		{
			"__comment": "Voxels-E3E3E3",
			"from": [ 1, 1, 0 ],
			"to": [ 15, 2, 2 ],
			"faces": {
				"down": { "uv": [ 4, 15.42, 11.5, 16 ], "texture": "#texture" },
				"up": { "uv": [ 4, 15.42, 11.5, 16 ], "texture": "#texture" },
				"north": { "uv": [ 4, 15.42, 11.5, 16 ], "texture": "#texture" },
				"south": { "uv": [ 4, 15.42, 11.5, 16 ], "texture": "#texture" },
				"west": { "uv": [ 4, 15.42, 11.5, 16 ], "texture": "#texture" },
				"east": { "uv": [ 4, 15.42, 11.5, 16 ], "texture": "#texture" }
			}
		},
		{
			"__comment": "Voxels-E3E3E3",
			"from": [ 1, 2, 2 ],
			"to": [ 15, 3, 3 ],
			"faces": {
				"down": { "uv": [ 4, 15, 11.5, 15.5 ], "texture": "#texture" },
				"up": { "uv": [ 4, 15, 11.5, 15.5 ], "texture": "#texture" },
				"north": { "uv": [ 4, 15, 11.5, 15.5 ], "texture": "#texture" },
				"south": { "uv": [ 4, 15, 11.5, 15.5 ], "texture": "#texture" },
				"west": { "uv": [ 4, 15, 11.5, 15.5 ], "texture": "#texture" },
				"east": { "uv": [ 4, 15, 11.5, 15.5 ], "texture": "#texture" }
			}
		},
		{
			"__comment": "Voxels-E3E3E3",
			"from": [ 1, 3, 3 ],
			"to": [ 15, 4, 4 ],
			"faces": {
				"down": { "uv": [ 4, 14.5, 11.5, 15 ], "texture": "#texture" },
				"up": { "uv": [ 4, 14.5, 11.5, 15 ], "texture": "#texture" },
				"north": { "uv": [ 4, 14.5, 11.5, 15 ], "texture": "#texture" },
				"south": { "uv": [ 4, 14.5, 11.5, 15 ], "texture": "#texture" },
				"west": { "uv": [ 4, 14.5, 11.5, 15 ], "texture": "#texture" },
				"east": { "uv": [ 4, 14.5, 11.5, 15 ], "texture": "#texture" }
			}
		},
		{
			"__comment": "Voxels-6FDE00",
			"from": [ 1, 8, 3 ],
			"to": [ 15, 9, 4 ],
			"faces": {
				"down": { "uv": [ 4.5, 12, 11, 12.5 ], "texture": "#texture" },
				"up": { "uv": [ 4.5, 12, 11, 12.5 ], "texture": "#texture" },
				"north": { "uv": [ 4.5, 12, 11, 12.5 ], "texture": "#texture" },
				"south": { "uv": [ 4.5, 12, 11, 12.5 ], "texture": "#texture" },
				"west": { "uv": [ 4.5, 12, 11, 12.5 ], "texture": "#texture" },
				"east": { "uv": [ 11, 12, 10.5, 12.5 ], "texture": "#texture" }
			}
		},
		{
			"__comment": "Voxels-6FDE00",
			"from": [ 1, 11, 2 ],
			"to": [ 15, 13, 3 ],
			"faces": {
				"down": { "uv": [ 4, 9.999999, 11.5, 11 ], "texture": "#texture" },
				"up": { "uv": [ 4, 9.999999, 11.5, 11 ], "texture": "#texture" },
				"north": { "uv": [ 4, 9.999999, 11.5, 11 ], "texture": "#texture" },
				"south": { "uv": [ 4, 9.999999, 11.5, 11 ], "texture": "#texture" },
				"west": { "uv": [ 4, 10, 4.5, 11 ], "texture": "#texture" },
				"east": { "uv": [ 11.5, 10, 11, 11 ], "texture": "#texture" }
			}
		},
		{
			"__comment": "Voxels-6FDE00",
			"from": [ 1, 13, 1 ],
			"to": [ 15, 14, 2 ],
			"faces": {
				"down": { "uv": [ 4, 9.500001, 11.5, 10 ], "texture": "#texture" },
				"up": { "uv": [ 4, 9.500001, 11.5, 10 ], "texture": "#texture" },
				"north": { "uv": [ 4, 9.500001, 11.5, 10 ], "texture": "#texture" },
				"south": { "uv": [ 4, 9.500001, 11.5, 10 ], "texture": "#texture" },
				"west": { "uv": [ 4, 9.500001, 4.5, 10 ], "texture": "#texture" },
				"east": { "uv": [ 4, 9.500001, 11.5, 10 ], "texture": "#texture" }
			}
		},
		{
			"__comment": "Voxels-6FDE00",
			"from": [ 1, 14, 0 ],
			"to": [ 15, 15, 1 ],
			"faces": {
				"down": { "uv": [ 4, 8.999999, 11.5, 9.5 ], "texture": "#texture" },
				"up": { "uv": [ 4, 8.999999, 11.5, 9.5 ], "texture": "#texture" },
				"north": { "uv": [ 4, 8.999999, 11.5, 9.5 ], "texture": "#texture" },
				"south": { "uv": [ 4, 8.999999, 11.5, 9.5 ], "texture": "#texture" },
				"west": { "uv": [ 4, 8.999999, 4.5, 9.5 ], "texture": "#texture" },
				"east": { "uv": [ 11.5, 9, 11, 9.5 ], "texture": "#texture" }
			}
		},
		{
			"__comment": "Voxels-F0F0F0",
			"from": [ 0, 15, -1 ],
			"to": [ 3, 18, 0 ],
			"faces": {
				"down": { "uv": [ 4, 6.999999, 6, 9 ], "texture": "#texture" },
				"up": { "uv": [ 4, 6.999999, 6, 9 ], "texture": "#texture" },
				"north": { "uv": [ 4, 6.999999, 6, 9 ], "texture": "#texture" },
				"south": { "uv": [ 4, 6.999999, 6, 9 ], "texture": "#texture" },
				"west": { "uv": [ 4, 6.999999, 6, 9 ], "texture": "#texture" },
				"east": { "uv": [ 4, 6.999999, 6, 9 ], "texture": "#texture" }
			}
		},
		{
			"__comment": "Voxels-6FDE00",
			"from": [ 0, 17, -3 ],
			"to": [ 3, 18, -1 ],
			"faces": {
				"down": { "uv": [ 3, 8.5, 4, 9 ], "texture": "#texture" },
				"up": { "uv": [ 3, 8.5, 4, 9 ], "texture": "#texture" },
				"north": { "uv": [ 3, 8.5, 4, 9 ], "texture": "#texture" },
				"south": { "uv": [ 3, 8.5, 4, 9 ], "texture": "#texture" },
				"west": { "uv": [ 3, 8.5, 4, 9 ], "texture": "#texture" },
				"east": { "uv": [ 3, 8.5, 4, 9 ], "texture": "#texture" }
			}
		},
		{
			"__comment": "Voxels-6FDE00",
			"from": [ 0, 18, -1 ],
			"to": [ 3, 19, 0 ],
			"faces": {
				"down": { "uv": [ 4, 6.5, 6, 7 ], "texture": "#texture" },
				"up": { "uv": [ 4, 6.5, 6, 7 ], "texture": "#texture" },
				"north": { "uv": [ 4, 6.5, 6, 7 ], "texture": "#texture" },
				"south": { "uv": [ 4, 6.5, 6, 7 ], "texture": "#texture" },
				"west": { "uv": [ 4, 6.5, 4.5, 7 ], "texture": "#texture" },
				"east": { "uv": [ 4, 6.5, 6, 7 ], "texture": "#texture" }
			}
		},
		{
			"__comment": "Voxels-6FDE00",
			"from": [ 2, 9, 3 ],
			"to": [ 14, 10, 4 ],
			"faces": {
				"down": { "uv": [ 5, 11.5, 10.5, 12 ], "texture": "#texture" },
				"up": { "uv": [ 5, 11.5, 10.5, 12 ], "texture": "#texture" },
				"north": { "uv": [ 5, 11.5, 10.5, 12 ], "texture": "#texture" },
				"south": { "uv": [ 5, 11.5, 10.5, 12 ], "texture": "#texture" },
				"west": { "uv": [ 5, 11.5, 5.5, 12 ], "texture": "#texture" },
				"east": { "uv": [ 10, 11.5, 10.5, 12 ], "texture": "#texture" }
			}
		},
		{
			"__comment": "Voxels-790000",
			"from": [ 3, 6, 1 ],
			"to": [ 13, 7, 3 ],
			"faces": {
				"down": { "uv": [ 6, 13, 9.5, 13.5 ], "texture": "#texture" },
				"up": { "uv": [ 6, 13, 9.5, 13.5 ], "texture": "#texture" },
				"north": { "uv": [ 6, 13, 9.5, 13.5 ], "texture": "#texture" },
				"south": { "uv": [ 6, 13, 9.5, 13.5 ], "texture": "#texture" },
				"west": { "uv": [ 6, 13, 9.5, 13.5 ], "texture": "#texture" },
				"east": { "uv": [ 6, 13, 9.5, 13.5 ], "texture": "#texture" }
			}
		},
		{
			"__comment": "Voxels-6FDE00",
			"from": [ 3, 7, 1 ],
			"to": [ 4, 9, 2 ],
			"faces": {
				"down": { "uv": [ 4.96, 0.96, 7.04, 3.04 ], "texture": "#texture" },
				"up": { "uv": [ 4.96, 0.96, 7.04, 3.04 ], "texture": "#texture" },
				"north": { "uv": [ 4.96, 0.96, 7.04, 3.04 ], "texture": "#texture" },
				"south": { "uv": [ 4.96, 0.96, 7.04, 3.04 ], "texture": "#texture" },
				"west": { "uv": [ 4.96, 0.96, 7.04, 3.04 ], "texture": "#texture" },
				"east": { "uv": [ 4.96, 0.96, 7.04, 3.04 ], "texture": "#texture" }
			}
		},
		{
			"__comment": "Voxels-790000",
			"from": [ 4, 5, 1 ],
			"to": [ 12, 6, 3 ],
			"faces": {
				"down": { "uv": [ 6.5, 13.5, 9, 14 ], "texture": "#texture" },
				"up": { "uv": [ 6.5, 13.5, 9, 14 ], "texture": "#texture" },
				"north": { "uv": [ 6.5, 13.5, 9, 14 ], "texture": "#texture" },
				"south": { "uv": [ 6.5, 13.5, 9, 14 ], "texture": "#texture" },
				"west": { "uv": [ 6.5, 13.5, 9, 14 ], "texture": "#texture" },
				"east": { "uv": [ 6.5, 13.5, 9, 14 ], "texture": "#texture" }
			}
		},
		{
			"__comment": "Voxels-790000",
			"from": [ 4, 7, 1 ],
			"to": [ 12, 8, 3 ],
			"faces": {
				"down": { "uv": [ 6, 12.5, 9.5, 13 ], "texture": "#texture" },
				"up": { "uv": [ 6, 12.5, 9.5, 13 ], "texture": "#texture" },
				"north": { "uv": [ 6, 12.5, 9.5, 13 ], "texture": "#texture" },
				"south": { "uv": [ 6, 12.5, 9.5, 13 ], "texture": "#texture" },
				"west": { "uv": [ 6, 12.5, 9.5, 13 ], "texture": "#texture" },
				"east": { "uv": [ 6, 12.5, 9.5, 13 ], "texture": "#texture" }
			}
		},
		{
			"__comment": "Voxels-6FDE00",
			"from": [ 4, 8, 1 ],
			"to": [ 18, 9, 2 ],
			"faces": {
				"down": { "uv": [ 6, 12, 13, 12.5 ], "texture": "#texture" },
				"up": { "uv": [ 6, 12, 13, 12.5 ], "texture": "#texture" },
				"north": { "uv": [ 6, 12, 13, 12.5 ], "texture": "#texture" },
				"south": { "uv": [ 6, 12, 13, 12.5 ], "texture": "#texture" },
				"west": { "uv": [ 6, 12, 13, 12.5 ], "texture": "#texture" },
				"east": { "uv": [ 13, 12, 12.5, 12.5 ], "texture": "#texture" }
			}
		},
		{
			"__comment": "Voxels-6FDE00",
			"from": [ 4, 8, 2 ],
			"to": [ 17, 9, 3 ],
			"faces": {
				"down": { "uv": [ 6, 12, 12.5, 12.5 ], "texture": "#texture" },
				"up": { "uv": [ 6, 12, 12.5, 12.5 ], "texture": "#texture" },
				"north": { "uv": [ 6, 12, 12.5, 12.5 ], "texture": "#texture" },
				"south": { "uv": [ 6, 12, 12.5, 12.5 ], "texture": "#texture" },
				"west": { "uv": [ 6, 12, 12.5, 12.5 ], "texture": "#texture" },
				"east": { "uv": [ 12.5, 12, 12, 12.5 ], "texture": "#texture" }
			}
		},
		{
			"__comment": "Voxels-6FDE00",
			"from": [ 3, 15, -1 ],
			"to": [ 4, 18, 0 ],
			"faces": {
				"down": { "uv": [ 6, 7, 6.5, 8.5 ], "texture": "#texture" },
				"up": { "uv": [ 6, 7, 6.5, 8.5 ], "texture": "#texture" },
				"north": { "uv": [ 6, 7, 6.5, 8.5 ], "texture": "#texture" },
				"south": { "uv": [ 6, 7, 6.5, 8.5 ], "texture": "#texture" },
				"west": { "uv": [ 6, 7, 6.5, 8.5 ], "texture": "#texture" },
				"east": { "uv": [ 6, 7, 6.5, 8.5 ], "texture": "#texture" }
			}
		},
		{
			"__comment": "Voxels-790000",
			"from": [ 6, 4, 2 ],
			"to": [ 10, 5, 3 ],
			"faces": {
				"down": { "uv": [ 7, 13.5, 8.5, 14 ], "texture": "#texture" },
				"up": { "uv": [ 7, 13.5, 8.5, 14 ], "texture": "#texture" },
				"north": { "uv": [ 7, 13.5, 8.5, 14 ], "texture": "#texture" },
				"south": { "uv": [ 7, 13.5, 8.5, 14 ], "texture": "#texture" },
				"west": { "uv": [ 7, 13.5, 8.5, 14 ], "texture": "#texture" },
				"east": { "uv": [ 7, 13.5, 8.5, 14 ], "texture": "#texture" }
			}
		},
		{
			"__comment": "Voxels-DE0000",
			"from": [ 5.5, 15, -3 ],
			"to": [ 10.5, 17, 1 ],
			"faces": {
				"down": { "uv": [ 4.5, 0.5, 6, 3.5 ], "texture": "#texture" },
				"up": { "uv": [ 4.5, 0.5, 6, 3.5 ], "texture": "#texture" },
				"north": { "uv": [ 4.5, 0.5, 6, 3.5 ], "texture": "#texture" },
				"south": { "uv": [ 4.5, 0.5, 6, 3.5 ], "texture": "#texture" },
				"west": { "uv": [ 4.5, 0.5, 6, 3.5 ], "texture": "#texture" },
				"east": { "uv": [ 4.5, 0.5, 6, 3.5 ], "texture": "#texture" }
			}
		},
		{
			"__comment": "Voxels-DE0000",
			"from": [ 5.5, 15, 1 ],
			"to": [ 10.5, 16, 4 ],
			"faces": {
				"down": { "uv": [ 5.5, 3.5, 10, 4 ], "texture": "#texture" },
				"up": { "uv": [ 5.5, 3.5, 10, 4 ], "texture": "#texture" },
				"north": { "uv": [ 5.5, 3.5, 10, 4 ], "texture": "#texture" },
				"south": { "uv": [ 5.5, 3.5, 10, 4 ], "texture": "#texture" },
				"west": { "uv": [ 5.5, 3.5, 10, 4 ], "texture": "#texture" },
				"east": { "uv": [ 5.5, 3.5, 10, 4 ], "texture": "#texture" }
			}
		},
		{
			"__comment": "Voxels-DE0000",
			"from": [ 5.5, 17, -2 ],
			"to": [ 10.5, 18, 1 ],
			"faces": {
				"down": { "uv": [ 4.5, 3, 6, 3.5 ], "texture": "#texture" },
				"up": { "uv": [ 4.5, 3, 6, 3.5 ], "texture": "#texture" },
				"north": { "uv": [ 4.5, 3, 6, 3.5 ], "texture": "#texture" },
				"south": { "uv": [ 4.5, 2, 10.5, 3.5 ], "texture": "#texture" },
				"west": { "uv": [ 4.5, 3, 6, 3.5 ], "texture": "#texture" },
				"east": { "uv": [ 4.5, 3, 6, 3.5 ], "texture": "#texture" }
			}
		},
		{
			"__comment": "Voxels-DE0000",
			"from": [ 5.5, 18, -1 ],
			"to": [ 10.5, 19, 1 ],
			"faces": {
				"down": { "uv": [ 5.5, 0, 9.5, 0.5 ], "texture": "#texture" },
				"up": { "uv": [ 5.5, 0, 9.5, 0.5 ], "texture": "#texture" },
				"north": { "uv": [ 5.5, 0, 9.5, 0.5 ], "texture": "#texture" },
				"south": { "uv": [ 4.5, 0.5, 10.5, 2 ], "texture": "#texture" },
				"west": { "uv": [ 5.5, 0, 9.5, 0.5 ], "texture": "#texture" },
				"east": { "uv": [ 5.5, 0, 9.5, 0.5 ], "texture": "#texture" }
			}
		},
		{
			"__comment": "Voxels-DE0000",
			"from": [ 6.5, 16, 1 ],
			"to": [ 9.5, 17, 4 ],
			"faces": {
				"down": { "uv": [ 6, 3.5, 9, 4 ], "texture": "#texture" },
				"up": { "uv": [ 6, 3.5, 9, 4 ], "texture": "#texture" },
				"north": { "uv": [ 6, 3.5, 9, 4 ], "texture": "#texture" },
				"south": { "uv": [ 6, 3.5, 9, 4 ], "texture": "#texture" },
				"west": { "uv": [ 6, 3.5, 9, 4 ], "texture": "#texture" },
				"east": { "uv": [ 6, 3.5, 9, 4 ], "texture": "#texture" }
			}
		},
		{
			"__comment": "Voxels-DE0000",
			"from": [ 6.5, 17, -3 ],
			"to": [ 9.5, 18, -2 ],
			"faces": {
				"down": { "uv": [ 9, 2.5, 10.5, 3.5 ], "texture": "#texture" },
				"up": { "uv": [ 9, 2.5, 10.5, 3.5 ], "texture": "#texture" },
				"north": { "uv": [ 9, 2.5, 10.5, 3.5 ], "texture": "#texture" },
				"south": { "uv": [ 9, 2.5, 10.5, 3.5 ], "texture": "#texture" },
				"west": { "uv": [ 9, 2.5, 10.5, 3.5 ], "texture": "#texture" },
				"east": { "uv": [ 9, 2.5, 10.5, 3.5 ], "texture": "#texture" }
			}
		},
		{
			"__comment": "Voxels-DE0000",
			"from": [ 6.5, 18, -2 ],
			"to": [ 9.5, 19, -1 ],
			"faces": {
				"down": { "uv": [ 9, 0.5, 10.5, 1.5 ], "texture": "#texture" },
				"up": { "uv": [ 9, 0.5, 10.5, 1.5 ], "texture": "#texture" },
				"north": { "uv": [ 9, 0.5, 10.5, 1.5 ], "texture": "#texture" },
				"south": { "uv": [ 9, 0.5, 10.5, 1.5 ], "texture": "#texture" },
				"west": { "uv": [ 9, 0.5, 10.5, 1.5 ], "texture": "#texture" },
				"east": { "uv": [ 9, 0.5, 10.5, 1.5 ], "texture": "#texture" }
			}
		},
		{
			"__comment": "Voxels-DE0000",
			"from": [ 6.5, 19, -1 ],
			"to": [ 9.5, 20, 1 ],
			"faces": {
				"down": { "uv": [ 6, 0, 9, 0.5 ], "texture": "#texture" },
				"up": { "uv": [ 6, 0, 9, 0.5 ], "texture": "#texture" },
				"north": { "uv": [ 6, 0, 9, 0.5 ], "texture": "#texture" },
				"south": { "uv": [ 6, 0, 9, 0.5 ], "texture": "#texture" },
				"west": { "uv": [ 6, 0, 9, 0.5 ], "texture": "#texture" },
				"east": { "uv": [ 6, 0, 9, 0.5 ], "texture": "#texture" }
			}
		},
		{
			"__comment": "Voxels-E3E3E3",
			"from": [ 10, 4, 2 ],
			"to": [ 17, 5, 3 ],
			"faces": {
				"down": { "uv": [ 8.5, 14, 12.5, 14.58 ], "texture": "#texture" },
				"up": { "uv": [ 8.5, 14, 12.5, 14.58 ], "texture": "#texture" },
				"north": { "uv": [ 8.5, 14, 12.5, 14.58 ], "texture": "#texture" },
				"south": { "uv": [ 8.5, 14, 12.5, 14.58 ], "texture": "#texture" },
				"west": { "uv": [ 8.5, 14, 12.5, 14.58 ], "texture": "#texture" },
				"east": { "uv": [ 8.5, 14, 12.5, 14.58 ], "texture": "#texture" }
			}
		},
		{
			"__comment": "Voxels-E3E3E3",
			"from": [ 11, 5, 2 ],
			"to": [ 17, 6, 3 ],
			"faces": {
				"down": { "uv": [ 9, 13.5, 12.5, 14 ], "texture": "#texture" },
				"up": { "uv": [ 9, 13.5, 12.5, 14 ], "texture": "#texture" },
				"north": { "uv": [ 9, 13.5, 12.5, 14 ], "texture": "#texture" },
				"south": { "uv": [ 9, 13.5, 12.5, 14 ], "texture": "#texture" },
				"west": { "uv": [ 9, 13.5, 12.5, 14 ], "texture": "#texture" },
				"east": { "uv": [ 9, 13.5, 12.5, 14 ], "texture": "#texture" }
			}
		},
		{
			"__comment": "Voxels-E3E3E3",
			"from": [ 11, 5, 3 ],
			"to": [ 16, 6, 4 ],
			"faces": {
				"down": { "uv": [ 9, 13.5, 12, 14 ], "texture": "#texture" },
				"up": { "uv": [ 9, 13.5, 12, 14 ], "texture": "#texture" },
				"north": { "uv": [ 9, 13.5, 12, 14 ], "texture": "#texture" },
				"south": { "uv": [ 9, 13.5, 12, 14 ], "texture": "#texture" },
				"west": { "uv": [ 9, 13.5, 12, 14 ], "texture": "#texture" },
				"east": { "uv": [ 9, 13.5, 12, 14 ], "texture": "#texture" }
			}
		},
		{
			"__comment": "Voxels-6FDE00",
			"from": [ 11, 15, -3 ],
			"to": [ 17, 16, -1 ],
			"faces": {
				"down": { "uv": [ 11.5, 7.999999, 12.5, 8.5 ], "texture": "#texture" },
				"up": { "uv": [ 11.5, 7.999999, 12.5, 8.5 ], "texture": "#texture" },
				"north": { "uv": [ 11.5, 7.999999, 12.5, 8.5 ], "texture": "#texture" },
				"south": { "uv": [ 11.5, 7.999999, 12.5, 8.5 ], "texture": "#texture" },
				"west": { "uv": [ 11.5, 7.999999, 12.5, 8.5 ], "texture": "#texture" },
				"east": { "uv": [ 11.5, 7.999999, 12.5, 8.5 ], "texture": "#texture" }
			}
		},
		{
			"__comment": "Voxels-E3E3E3",
			"from": [ 12, 5, 1 ],
			"to": [ 18, 6, 2 ],
			"faces": {
				"down": { "uv": [ 9.5, 13.5, 13, 14 ], "texture": "#texture" },
				"up": { "uv": [ 9.5, 13.5, 13, 14 ], "texture": "#texture" },
				"north": { "uv": [ 9.5, 13.5, 13, 14 ], "texture": "#texture" },
				"south": { "uv": [ 9.5, 13.5, 13, 14 ], "texture": "#texture" },
				"west": { "uv": [ 9.5, 13.5, 13, 14 ], "texture": "#texture" },
				"east": { "uv": [ 9.5, 13.5, 13, 14 ], "texture": "#texture" }
			}
		},
		{
			"__comment": "Voxels-6FDE00",
			"from": [ 12, 6, 2 ],
			"to": [ 17, 8, 3 ],
			"faces": {
				"down": { "uv": [ 9.5, 12.5, 12.5, 13.5 ], "texture": "#texture" },
				"up": { "uv": [ 9.5, 12.5, 12.5, 13.5 ], "texture": "#texture" },
				"north": { "uv": [ 9.5, 12.5, 12.5, 13.5 ], "texture": "#texture" },
				"south": { "uv": [ 9.5, 12.5, 12.5, 13.5 ], "texture": "#texture" },
				"west": { "uv": [ 9.5, 12.5, 12.5, 13.5 ], "texture": "#texture" },
				"east": { "uv": [ 12.5, 12.5, 12, 13.5 ], "texture": "#texture" }
			}
		},
		{
			"__comment": "Voxels-6FDE00",
			"from": [ 12, 6, 3 ],
			"to": [ 16, 8, 4 ],
			"faces": {
				"down": { "uv": [ 9.5, 12.5, 11.5, 13.5 ], "texture": "#texture" },
				"up": { "uv": [ 9.5, 12.5, 11.5, 13.5 ], "texture": "#texture" },
				"north": { "uv": [ 9.5, 12.5, 11.5, 13.5 ], "texture": "#texture" },
				"south": { "uv": [ 9.5, 12.5, 11.5, 13.5 ], "texture": "#texture" },
				"west": { "uv": [ 9.5, 12.5, 11.5, 13.5 ], "texture": "#texture" },
				"east": { "uv": [ 12, 12.5, 11.5, 13.5 ], "texture": "#texture" }
			}
		},
		{
			"__comment": "Voxels-6FDE00",
			"from": [ 12, 7, 1 ],
			"to": [ 18, 8, 2 ],
			"faces": {
				"down": { "uv": [ 10, 12.5, 13, 13 ], "texture": "#texture" },
				"up": { "uv": [ 10, 12.5, 13, 13 ], "texture": "#texture" },
				"north": { "uv": [ 10, 12.5, 13, 13 ], "texture": "#texture" },
				"south": { "uv": [ 10, 12.5, 13, 13 ], "texture": "#texture" },
				"west": { "uv": [ 10, 12.5, 13, 13 ], "texture": "#texture" },
				"east": { "uv": [ 13, 12.5, 12.5, 13 ], "texture": "#texture" }
			}
		},
		{
			"__comment": "Voxels-6FDE00",
			"from": [ 12, 15, -1 ],
			"to": [ 13, 18, 0 ],
			"faces": {
				"down": { "uv": [ 9, 7, 9.5, 8.5 ], "texture": "#texture" },
				"up": { "uv": [ 9, 7, 9.5, 8.5 ], "texture": "#texture" },
				"north": { "uv": [ 9, 7, 9.5, 8.5 ], "texture": "#texture" },
				"south": { "uv": [ 9, 7, 9.5, 8.5 ], "texture": "#texture" },
				"west": { "uv": [ 9, 7, 9.5, 8.5 ], "texture": "#texture" },
				"east": { "uv": [ 9, 7, 9.5, 8.5 ], "texture": "#texture" }
			}
		},
		{
			"__comment": "Voxels-6FDE00",
			"from": [ 12, 16, -3 ],
			"to": [ 17, 17, -1 ],
			"faces": {
				"down": { "uv": [ 11.5, 9, 13, 9.5 ], "texture": "#texture" },
				"up": { "uv": [ 11.5, 9, 13, 9.5 ], "texture": "#texture" },
				"north": { "uv": [ 11.5, 9, 13, 9.5 ], "texture": "#texture" },
				"south": { "uv": [ 11.5, 9, 13, 9.5 ], "texture": "#texture" },
				"west": { "uv": [ 11.5, 9, 13, 9.5 ], "texture": "#texture" },
				"east": { "uv": [ 11.5, 9, 13, 9.5 ], "texture": "#texture" }
			}
		},
		{
			"__comment": "Voxels-6FDE00",
			"from": [ 13, 6, 1 ],
			"to": [ 18, 7, 2 ],
			"faces": {
				"down": { "uv": [ 10, 13, 13, 13.5 ], "texture": "#texture" },
				"up": { "uv": [ 10, 13, 13, 13.5 ], "texture": "#texture" },
				"north": { "uv": [ 10, 13, 13, 13.5 ], "texture": "#texture" },
				"south": { "uv": [ 10, 13, 13, 13.5 ], "texture": "#texture" },
				"west": { "uv": [ 10, 13, 13, 13.5 ], "texture": "#texture" },
				"east": { "uv": [ 13, 13, 12.5, 13.5 ], "texture": "#texture" }
			}
		},
		{
			"__comment": "Voxels-F0F0F0",
			"from": [ 13, 15, -1 ],
			"to": [ 16, 18, 0 ],
			"faces": {
				"down": { "uv": [ 9.499999, 7, 11.5, 9 ], "texture": "#texture" },
				"up": { "uv": [ 9.499999, 7, 11.5, 9 ], "texture": "#texture" },
				"north": { "uv": [ 9.499999, 7, 11.5, 9 ], "texture": "#texture" },
				"south": { "uv": [ 9.499999, 7, 11.5, 9 ], "texture": "#texture" },
				"west": { "uv": [ 9.499999, 7, 11.5, 9 ], "texture": "#texture" },
				"east": { "uv": [ 9.499999, 7, 11.5, 9 ], "texture": "#texture" }
			}
		},
		{
			"__comment": "Voxels-6FDE00",
			"from": [ 13, 17, -3 ],
			"to": [ 16, 18, -1 ],
			"faces": {
				"down": { "uv": [ 11.5, 8.5, 12.5, 9 ], "texture": "#texture" },
				"up": { "uv": [ 11.5, 8.5, 12.5, 9 ], "texture": "#texture" },
				"north": { "uv": [ 11.5, 8.5, 12.5, 9 ], "texture": "#texture" },
				"south": { "uv": [ 11.5, 8.5, 12.5, 9 ], "texture": "#texture" },
				"west": { "uv": [ 11.5, 8.5, 12.5, 9 ], "texture": "#texture" },
				"east": { "uv": [ 11.5, 8.5, 12.5, 9 ], "texture": "#texture" }
			}
		},
		{
			"__comment": "Voxels-6FDE00",
			"from": [ 13, 18, -1 ],
			"to": [ 16, 19, 0 ],
			"faces": {
				"down": { "uv": [ 9.5, 6.5, 11.5, 7 ], "texture": "#texture" },
				"up": { "uv": [ 9.5, 6.5, 11.5, 7 ], "texture": "#texture" },
				"north": { "uv": [ 9.5, 6.5, 11.5, 7 ], "texture": "#texture" },
				"south": { "uv": [ 9.5, 6.5, 11.5, 7 ], "texture": "#texture" },
				"west": { "uv": [ 9.5, 6.5, 11.5, 7 ], "texture": "#texture" },
				"east": { "uv": [ 9.5, 6.5, 11.5, 7 ], "texture": "#texture" }
			}
		},
		{
			"__comment": "Voxels-6FDE00",
			"from": [ 16, 15, -1 ],
			"to": [ 17, 18, 0 ],
			"faces": {
				"down": { "uv": [ 11.5, 7, 12, 9 ], "texture": "#texture" },
				"up": { "uv": [ 11.5, 7, 12, 9 ], "texture": "#texture" },
				"north": { "uv": [ 11.5, 7, 12, 9 ], "texture": "#texture" },
				"south": { "uv": [ 11.5, 7, 12, 9 ], "texture": "#texture" },
				"west": { "uv": [ 11.5, 7, 12, 9 ], "texture": "#texture" },
				"east": { "uv": [ 11.5, 7, 12, 9 ], "texture": "#texture" }
			}
		},
		{
			"__comment": "Voxels-6FDE00",
			"from": [ 17, 4, -3 ],
			"to": [ 18, 6, 0 ],
			"faces": {
				"down": { "uv": [ 11.5, 12.5, 13, 13.5 ], "texture": "#texture" },
				"up": { "uv": [ 11.5, 12.5, 13, 13.5 ], "texture": "#texture" },
				"north": { "uv": [ 11.5, 12.5, 13, 13.5 ], "texture": "#texture" },
				"south": { "uv": [ 11.5, 12.5, 13, 13.5 ], "texture": "#texture" },
				"west": { "uv": [ 11.5, 12.5, 13, 13.5 ], "texture": "#texture" },
				"east": { "uv": [ 11.5, 12.5, 13, 13.5 ], "texture": "#texture" }
			}
		},
		{
			"__comment": "Voxels-6FDE00",
			"from": [ 17, 5, 0 ],
			"to": [ 18, 6, 1 ],
			"faces": {
				"down": { "uv": [ 12, 13, 12.5, 13.5 ], "texture": "#texture" },
				"up": { "uv": [ 12, 13, 12.5, 13.5 ], "texture": "#texture" },
				"north": { "uv": [ 12, 13, 12.5, 13.5 ], "texture": "#texture" },
				"south": { "uv": [ 12, 13, 12.5, 13.5 ], "texture": "#texture" },
				"west": { "uv": [ 12, 13, 12.5, 13.5 ], "texture": "#texture" },
				"east": { "uv": [ 12, 13, 12.5, 13.5 ], "texture": "#texture" }
			}
		},
		{
			"__comment": "Voxels-6FDE00",
			"from": [ -2, 6, 0 ],
			"to": [ -1, 11, 1 ],
			"faces": {
				"down": { "uv": [ 2.5, 9, 3, 13.5 ], "texture": "#texture" },
				"up": { "uv": [ 2.5, 9, 3, 13.5 ], "texture": "#texture" },
				"north": { "uv": [ 2.5, 9, 3, 13.5 ], "texture": "#texture" },
				"south": { "uv": [ 2.5, 9, 3, 13.5 ], "texture": "#texture" },
				"west": { "uv": [ 3.5, 10.5, 4.5, 13 ], "texture": "#texture" },
				"east": { "uv": [ 2.5, 9, 3, 13.5 ], "texture": "#texture" }
			}
		},
		{
			"__comment": "Box74",
			"from": [ 1, 4, -16 ],
			"to": [ 15, 6, -15 ],
			"faces": {
				"down": { "uv": [ 1, 5.5, 5.5, 5 ], "texture": "#texture", "rotation": 270 },
				"up": { "uv": [ 1, 4.5, 5.5, 5 ], "texture": "#texture", "rotation": 90 },
				"north": { "uv": [ 1, 4.5, 5.5, 5.5 ], "texture": "#texture" },
				"south": { "uv": [ 1, 4.5, 5.5, 5.5 ], "texture": "#texture" },
				"west": { "uv": [ 1, 4.5, 5.5, 5.5 ], "texture": "#texture" },
				"east": { "uv": [ 1, 4.5, 5.5, 5.5 ], "texture": "#texture" }
			}
		},
		{
			"__comment": "Box74",
			"from": [ 1, 10, -16 ],
			"to": [ 15, 12, -15 ],
			"faces": {
				"down": { "uv": [ 1, 5.5, 5.5, 5 ], "texture": "#texture", "rotation": 270 },
				"up": { "uv": [ 1, 4.5, 5.5, 5 ], "texture": "#texture", "rotation": 90 },
				"north": { "uv": [ 1, 4.5, 5.5, 5.5 ], "texture": "#texture" },
				"south": { "uv": [ 1, 4.5, 5.5, 5.5 ], "texture": "#texture" },
				"west": { "uv": [ 1, 4.5, 5.5, 5.5 ], "texture": "#texture" },
				"east": { "uv": [ 1, 4.5, 5.5, 5.5 ], "texture": "#texture" }
			}
		},
		{
			"__comment": "Box74",
			"from": [ 15, 10, -15 ],
			"to": [ 16, 12, -3 ],
			"faces": {
				"down": { "uv": [ 1, 5.5, 5.5, 5 ], "texture": "#texture" },
				"up": { "uv": [ 1, 4.5, 5.5, 5 ], "texture": "#texture" },
				"north": { "uv": [ 1, 4.5, 5.5, 5.5 ], "texture": "#texture" },
				"south": { "uv": [ 1, 4.5, 5.5, 5.5 ], "texture": "#texture" },
				"west": { "uv": [ 1, 4.5, 5.5, 5.5 ], "texture": "#texture" },
				"east": { "uv": [ 1, 4.5, 5.5, 5.5 ], "texture": "#texture" }
			}
		},
		{
			"__comment": "Box74",
			"from": [ 15, 4, -15 ],
			"to": [ 16, 6, -3 ],
			"faces": {
				"down": { "uv": [ 1, 5.5, 5.5, 5 ], "texture": "#texture" },
				"up": { "uv": [ 1, 4.5, 5.5, 5 ], "texture": "#texture" },
				"north": { "uv": [ 1, 4.5, 5.5, 5.5 ], "texture": "#texture" },
				"south": { "uv": [ 1, 4.5, 5.5, 5.5 ], "texture": "#texture" },
				"west": { "uv": [ 1, 4.5, 5.5, 5.5 ], "texture": "#texture" },
				"east": { "uv": [ 1, 4.5, 5.5, 5.5 ], "texture": "#texture" }
			}
		},
		{
			"__comment": "Box74",
			"from": [ 0, 10, -15 ],
			"to": [ 1, 12, -3 ],
			"faces": {
				"down": { "uv": [ 1, 5.5, 5.5, 5 ], "texture": "#texture" },
				"up": { "uv": [ 1, 4.5, 5.5, 5 ], "texture": "#texture" },
				"north": { "uv": [ 1, 4.5, 5.5, 5.5 ], "texture": "#texture" },
				"south": { "uv": [ 1, 4.5, 5.5, 5.5 ], "texture": "#texture" },
				"west": { "uv": [ 1, 4.5, 5.5, 5.5 ], "texture": "#texture" },
				"east": { "uv": [ 1, 4.5, 5.5, 5.5 ], "texture": "#texture" }
			}
		},
		{
			"__comment": "Box74",
			"from": [ 0, 4, -15 ],
			"to": [ 1, 6, -3 ],
			"faces": {
				"down": { "uv": [ 1, 5.5, 5.5, 5 ], "texture": "#texture" },
				"up": { "uv": [ 1, 4.5, 5.5, 5 ], "texture": "#texture" },
				"north": { "uv": [ 1, 4.5, 5.5, 5.5 ], "texture": "#texture" },
				"south": { "uv": [ 1, 4.5, 5.5, 5.5 ], "texture": "#texture" },
				"west": { "uv": [ 1, 4.5, 5.5, 5.5 ], "texture": "#texture" },
				"east": { "uv": [ 1, 4.5, 5.5, 5.5 ], "texture": "#texture" }
			}
		}
	],
	"display": {
		"gui": {
			"translation":  [ 0, -2, 0 ],
			"scale":  [ 0.65, 0.7, 0.7 ]
		},
		"head": {
			"rotation":  [ 0, 180, 0 ],
			"translation":  [ 0, -0.5, -19 ],
			"scale":  [ 1, 1.1, 1.1 ]
		}
	}
}