{"__comment":"Designed by Hypixel minecraft server with BDcraft Cubik PRO 0.95 Beta - http://bdcraft.net","textures":{"texture2":"blocks/lightningcone2","texture":"blocks/lightningcone"},"elements":[{"from":[-16,8,8],"to":[13,26.5,8.0625],"faces":{"north":{"uv":[0,0,16,16],"texture":"#texture2","cullface":"north"},"south":{"uv":[16,0,0,16],"texture":"#texture2"}}},{"from":[-16,-9.5,8],"to":[13,9,8.0625],"rotation":{"origin":[-16,9,8],"axis":"x","angle":22.5},"faces":{"north":{"uv":[0,16,16,0],"texture":"#texture","cullface":"north"},"south":{"uv":[16,16,0,0],"texture":"#texture"}}},{"from":[-16,-9.5,8],"to":[13,9,8.0625],"rotation":{"origin":[-16,9,8],"axis":"x","angle":-45},"faces":{"north":{"uv":[0,16,16,0],"texture":"#texture","cullface":"north"},"south":{"uv":[16,16,0,0],"texture":"#texture"}}}],"display":{"head":{"rotation":[0,-90,0],"translation":[3.59,-19.46,-35],"scale":[8,8,8]}}}