{
	"__comment": "Designed by Colin0904 with Cubik Studio - https://cubik.studio",
	"textures": {
		"particle": "blocks/particle",
		"texture": "blocks/robin_f",
		"mesh_palette": "blocks/mesh_palette"
	},
	"elements": [ 	 
		{
			"__comment": "Voxels-808080",
			"from": [ -0.5, 8, 0 ],
			"to": [ 16.5, 9, 2 ],
			"faces": {
				"down": { "uv": [ 3.5, 11, 13, 13.5 ], "texture": "#texture" },
				"up": { "uv": [ 6, 11, 10.5, 11.5 ], "texture": "#texture" },
				"north": { "uv": [ 5.5, 11, 11, 11.5 ], "texture": "#texture" },
				"south": { "uv": [ 3.5, 11, 13, 11.5 ], "texture": "#texture" },
				"west": { "uv": [ 12.5, 11, 13, 11.5 ], "texture": "#texture" },
				"east": { "uv": [ 3.5, 11, 4, 11.5 ], "texture": "#texture" }
			}
		},
		{
			"__comment": "Voxels-808080",
			"from": [ -0.5, 7, -1 ],
			"to": [ 1.5, 18.5, 0 ],
			"faces": {
				"down": { "uv": [ 11.5, 6.5, 12.5, 12 ], "texture": "#texture" },
				"up": { "uv": [ 11.5, 6.5, 12.5, 12 ], "texture": "#texture" },
				"north": { "uv": [ 11.5, 6.5, 12.5, 12 ], "texture": "#texture" },
				"south": { "uv": [ 11.5, 6.5, 12.5, 12 ], "texture": "#texture" },
				"west": { "uv": [ 11.5, 6.5, 12.5, 12 ], "texture": "#texture" },
				"east": { "uv": [ 11.5, 6.5, 12.5, 12 ], "texture": "#texture" }
			}
		},
		{
			"__comment": "Voxels-808080",
			"from": [ -0.5, 9, 0 ],
			"to": [ 2.5, 18.5, 2 ],
			"faces": {
				"down": { "uv": [ 0, 14, 2.5, 16 ], "texture": "#texture" },
				"up": { "uv": [ 12.5, 6.5, 11, 11 ], "texture": "#texture" },
				"north": { "uv": [ 12.5, 6.5, 11, 11 ], "texture": "#texture" },
				"south": { "uv": [ 12.5, 6.5, 11, 11 ], "texture": "#texture" },
				"west": { "uv": [ 12.5, 6.5, 11, 11 ], "texture": "#texture" },
				"east": { "uv": [ 12.5, 6.5, 11, 11 ], "texture": "#texture" }
			}
		},
		{
			"__comment": "Voxels-808080",
			"from": [ 0.5, 3, 0 ],
			"to": [ 15.5, 4, 2 ],
			"faces": {
				"down": { "uv": [ 5, 13.5, 11.5, 14 ], "texture": "#texture" },
				"up": { "uv": [ 0.5, 0, 15.5, 2 ], "texture": "#texture" },
				"north": { "uv": [ 5, 13.5, 11.5, 14 ], "texture": "#texture" },
				"south": { "uv": [ 4, 13.5, 12.5, 14 ], "texture": "#texture" },
				"west": { "uv": [ 5, 13.5, 11.5, 14 ], "texture": "#texture" },
				"east": { "uv": [ 5, 13.5, 11.5, 14 ], "texture": "#texture" }
			}
		},
		{
			"__comment": "Voxels-808080",
			"from": [ -0.5, 6, 1 ],
			"to": [ 0.5, 7, 2 ],
			"faces": {
				"down": { "uv": [ 12.5, 12, 13, 13.5 ], "texture": "#texture" },
				"up": { "uv": [ 12.5, 12, 13, 13.5 ], "texture": "#texture" },
				"north": { "uv": [ 12.5, 12, 13, 13.5 ], "texture": "#texture" },
				"south": { "uv": [ 3.5, 12, 4, 12.5 ], "texture": "#texture" },
				"west": { "uv": [ 12.5, 12, 13, 13.5 ], "texture": "#texture" },
				"east": { "uv": [ 12.5, 12, 13, 13.5 ], "texture": "#texture" }
			}
		},
		{
			"__comment": "Voxels-808080",
			"from": [ 0.5, 18.5, -1 ],
			"to": [ 15.5, 19.5, 2 ],
			"faces": {
				"down": { "uv": [ 4.5, 6, 12, 6.5 ], "texture": "#texture" },
				"up": { "uv": [ 4.5, 6, 12, 6.5 ], "texture": "#texture" },
				"north": { "uv": [ 4.5, 6, 12, 6.5 ], "texture": "#texture" },
				"south": { "uv": [ 4.5, 6, 12, 6.5 ], "texture": "#texture" },
				"west": { "uv": [ 4.5, 6, 12, 6.5 ], "texture": "#texture" },
				"east": { "uv": [ 4.5, 6, 12, 6.5 ], "texture": "#texture" }
			}
		},
		{
			"__comment": "Voxels-808080",
			"from": [ 1.5, 2, 0 ],
			"to": [ 14.5, 3, 2 ],
			"faces": {
				"down": { "uv": [ 5, 14, 11.5, 14.5 ], "texture": "#texture" },
				"up": { "uv": [ 1.5, 0, 14.5, 2 ], "texture": "#texture" },
				"north": { "uv": [ 5, 14, 11.5, 14.5 ], "texture": "#texture" },
				"south": { "uv": [ 5, 14, 11.5, 14.5 ], "texture": "#texture" },
				"west": { "uv": [ 10.5, 14, 11.5, 14.5 ], "texture": "#texture" },
				"east": { "uv": [ 5, 14, 6, 14.5 ], "texture": "#texture" }
			}
		},
		{
			"__comment": "Voxels-808080",
			"from": [ 1.5, 8, -1 ],
			"to": [ 2.5, 18.5, -0.5 ],
			"faces": {
				"down": { "uv": [ 1.5, 15, 2.5, 16 ], "texture": "#texture" },
				"up": { "uv": [ 1.5, 0, 2.5, 1 ], "texture": "#texture" },
				"north": { "uv": [ 11, 6.5, 11.5, 11.5 ], "texture": "#texture" },
				"south": { "uv": [ 11, 6.5, 11.5, 11.5 ], "texture": "#texture" },
				"west": { "uv": [ 0, 0, 1, 8 ], "texture": "#texture" },
				"east": { "uv": [ 11, 6.5, 11.5, 11.5 ], "texture": "#texture" }
			}
		},
		{
			"__comment": "Voxels-808080",
			"from": [ 2.5, 1, 0 ],
			"to": [ 13.5, 2, 2 ],
			"faces": {
				"down": { "uv": [ 5.5, 14.5, 11, 15 ], "texture": "#texture" },
				"up": { "uv": [ 2.5, 0, 13.5, 2 ], "texture": "#texture" },
				"north": { "uv": [ 5.5, 14.5, 11, 15 ], "texture": "#texture" },
				"south": { "uv": [ 5.5, 14.5, 11, 15 ], "texture": "#texture" },
				"west": { "uv": [ 5.5, 14.5, 11, 15 ], "texture": "#texture" },
				"east": { "uv": [ 5.5, 14.5, 11, 15 ], "texture": "#texture" }
			}
		},
		{
			"__comment": "Voxels-808080",
			"from": [ 10.8, 9, 0.5 ],
			"to": [ 12.4, 12, 1.5 ],
			"faces": {
				"down": { "uv": [ 9.5, 9.5, 10.5, 11 ], "texture": "#texture" },
				"up": { "uv": [ 9.5, 9.5, 10.5, 11 ], "texture": "#texture" },
				"north": { "uv": [ 9.5, 9.5, 10.5, 11 ], "texture": "#texture" },
				"south": { "uv": [ 9.5, 9.5, 10.5, 11 ], "texture": "#texture" },
				"west": { "uv": [ 9.5, 9.5, 10.5, 11 ], "texture": "#texture" },
				"east": { "uv": [ 9.5, 9.5, 10.5, 11 ], "texture": "#texture" }
			}
		},
		{
			"__comment": "Voxels-808080",
			"from": [ 2.5, 12, 0 ],
			"to": [ 3.5, 18.5, 1.5 ],
			"faces": {
				"down": { "uv": [ 10.5, 6.5, 11, 10 ], "texture": "#texture" },
				"up": { "uv": [ 2.5, 0, 3.5, 1.5 ], "texture": "#texture" },
				"north": { "uv": [ 12.5, 0, 13.5, 4 ], "texture": "#texture" },
				"south": { "uv": [ 2.5, 0, 3.5, 4 ], "texture": "#texture" },
				"west": { "uv": [ 0, 0, 1.5, 4 ], "texture": "#texture" },
				"east": { "uv": [ 14.5, 0, 16, 4 ], "texture": "#texture" }
			}
		},
		{
			"__comment": "Voxels-808080",
			"from": [ 2.5, 12, -1 ],
			"to": [ 3.5, 18.5, 1 ],
			"faces": {
				"down": { "uv": [ 10.5, 6.5, 11, 9.5 ], "texture": "#texture" },
				"up": { "uv": [ 2.5, 0, 3.5, 1 ], "texture": "#texture" },
				"north": { "uv": [ 10.5, 6.5, 11, 9.5 ], "texture": "#texture" },
				"south": { "uv": [ 2.5, 0, 3.5, 4 ], "texture": "#texture" },
				"west": { "uv": [ 0, 0, 1, 4 ], "texture": "#texture" },
				"east": { "uv": [ 10.5, 6.5, 11, 9.5 ], "texture": "#texture" }
			}
		},
		{
			"__comment": "Voxels-808080",
			"from": [ 2.5, 19.5, -1 ],
			"to": [ 13.5, 20.5, 2 ],
			"faces": {
				"down": { "uv": [ 2.5, 14, 13.5, 16 ], "texture": "#texture" },
				"up": { "uv": [ 5, 5.5, 11.5, 6 ], "texture": "#texture" },
				"north": { "uv": [ 5, 5.5, 11.5, 6 ], "texture": "#texture" },
				"south": { "uv": [ 5, 5.5, 11.5, 6 ], "texture": "#texture" },
				"west": { "uv": [ 5, 5.5, 11.5, 6 ], "texture": "#texture" },
				"east": { "uv": [ 5, 5.5, 11.5, 6 ], "texture": "#texture" }
			}
		},
		{
			"__comment": "Voxels-808080",
			"from": [ 3.5, 0, 0 ],
			"to": [ 12.5, 1, 2 ],
			"faces": {
				"down": { "uv": [ 6, 14.92, 10.5, 15.5 ], "texture": "#texture" },
				"up": { "uv": [ 3.5, 0, 12.5, 2 ], "texture": "#texture" },
				"north": { "uv": [ 6, 14.92, 10.5, 15.5 ], "texture": "#texture" },
				"south": { "uv": [ 6, 14.92, 10.5, 15.5 ], "texture": "#texture" },
				"west": { "uv": [ 6, 14.92, 10.5, 15.5 ], "texture": "#texture" },
				"east": { "uv": [ 6, 14.92, 10.5, 15.5 ], "texture": "#texture" }
			}
		},
		{
			"__comment": "Voxels-808080",
			"from": [ 3.5, 12, 0 ],
			"to": [ 16, 18.5, 1.5 ],
			"faces": {
				"down": { "uv": [ 4, 7, 5, 10 ], "texture": "#texture" },
				"up": { "uv": [ 4, 7, 5, 10 ], "texture": "#texture" },
				"north": { "uv": [ 7.5, 9, 10.5, 9.5 ], "texture": "#texture" },
				"south": { "uv": [ 4, 7, 5, 10 ], "texture": "#texture" },
				"west": { "uv": [ 4, 7.5, 5, 10.5 ], "texture": "#texture" },
				"east": { "uv": [ 4, 7, 5, 10 ], "texture": "#texture" }
			}
		},
		{
			"__comment": "Voxels-808080",
			"from": [ 3.5, 13, -1 ],
			"to": [ 5.5, 18.5, -0.5 ],
			"faces": {
				"down": { "uv": [ 9.5, 6.5, 10.5, 9 ], "texture": "#texture" },
				"up": { "uv": [ 3.5, 0, 5.5, 1 ], "texture": "#texture" },
				"north": { "uv": [ 9.5, 6.5, 10.5, 9 ], "texture": "#texture" },
				"south": { "uv": [ 3.5, 0, 5.5, 3 ], "texture": "#texture" },
				"west": { "uv": [ 0, 0, 1, 3 ], "texture": "#texture" },
				"east": { "uv": [ 9.5, 6.5, 10.5, 9 ], "texture": "#texture" }
			}
		},
		{
			"__comment": "Voxels-808080",
			"from": [ 5.5, 2, -0.5 ],
			"to": [ 10.5, 3, 1 ],
			"faces": {
				"down": { "uv": [ 7, 14, 9.5, 14.5 ], "texture": "#texture" },
				"up": { "uv": [ 7, 14, 9.5, 14.5 ], "texture": "#texture" },
				"north": { "uv": [ 7, 14, 9.5, 14.5 ], "texture": "#texture" },
				"south": { "uv": [ 5.5, 13, 10.5, 14 ], "texture": "#texture" },
				"west": { "uv": [ 7, 14, 9.5, 14.5 ], "texture": "#texture" },
				"east": { "uv": [ 7, 14, 9.5, 14.5 ], "texture": "#texture" }
			}
		},
		{
			"__comment": "Voxels-808080",
			"from": [ 6.5, 11, 0 ],
			"to": [ 9.5, 12, 1.5 ],
			"faces": {
				"down": { "uv": [ 6.5, 14.5, 9.5, 16 ], "texture": "#texture" },
				"up": { "uv": [ 6.5, 0, 9.5, 1.5 ], "texture": "#texture" },
				"north": { "uv": [ 7.5, 9.500001, 9, 10 ], "texture": "#texture" },
				"south": { "uv": [ 6.5, 4, 9.5, 5 ], "texture": "#texture" },
				"west": { "uv": [ 7.5, 9.500001, 9, 10 ], "texture": "#texture" },
				"east": { "uv": [ 7.5, 9.500001, 9, 10 ], "texture": "#texture" }
			}
		},
		{
			"__comment": "Voxels-808080",
			"from": [ 5.5, 14, -1 ],
			"to": [ 6.5, 18.5, -0.5 ],
			"faces": {
				"down": { "uv": [ 9, 6.5, 9.5, 8.5 ], "texture": "#texture" },
				"up": { "uv": [ 5.5, 0, 6.5, 1 ], "texture": "#texture" },
				"north": { "uv": [ 9, 6.5, 9.5, 8.5 ], "texture": "#texture" },
				"south": { "uv": [ 5.5, 0, 6.5, 2 ], "texture": "#texture" },
				"west": { "uv": [ 0, 0, 1, 2 ], "texture": "#texture" },
				"east": { "uv": [ 9, 6.5, 9.5, 8.5 ], "texture": "#texture" }
			}
		},
		{
			"__comment": "Voxels-808080",
			"from": [ 13.5, 9, 0 ],
			"to": [ 15, 12, 1.5 ],
			"faces": {
				"down": { "uv": [ 6.5, 14.5, 9.5, 16 ], "texture": "#texture" },
				"up": { "uv": [ 6.5, 0, 9.5, 1.5 ], "texture": "#texture" },
				"north": { "uv": [ 6, 9, 7, 9.5 ], "texture": "#texture" },
				"south": { "uv": [ 6.5, 5, 9.5, 7 ], "texture": "#texture" },
				"west": { "uv": [ 7.5, 10, 9, 11 ], "texture": "#texture" },
				"east": { "uv": [ 7.5, 10, 9, 11 ], "texture": "#texture" }
			}
		},
		{
			"__comment": "Voxels-808080",
			"from": [ 6.5, 15, -1 ],
			"to": [ 16.5, 18.5, 1 ],
			"faces": {
				"down": { "uv": [ 4, 6.5, 9, 8 ], "texture": "#texture" },
				"up": { "uv": [ 4, 6.5, 9, 8 ], "texture": "#texture" },
				"north": { "uv": [ 4, 6.5, 9, 8 ], "texture": "#texture" },
				"south": { "uv": [ 6.5, 0, 16, 1 ], "texture": "#texture" },
				"west": { "uv": [ 0, 0, 1, 1 ], "texture": "#texture" },
				"east": { "uv": [ 4, 6.5, 9, 8 ], "texture": "#texture" }
			}
		},
		{
			"__comment": "Voxels-808080",
			"from": [ 7.5, 5, 1.5 ],
			"to": [ 8.5, 7, 2 ],
			"faces": {
				"down": { "uv": [ 8, 12.5, 8.5, 13 ], "texture": "#texture" },
				"up": { "uv": [ 7.5, 0, 8.5, 1 ], "texture": "#texture" },
				"north": { "uv": [ 8, 12.5, 8.5, 13 ], "texture": "#texture" },
				"south": { "uv": [ 8, 12, 8.5, 13 ], "texture": "#texture" },
				"west": { "uv": [ 8, 12.5, 8.5, 13 ], "texture": "#texture" },
				"east": { "uv": [ 8, 12.5, 8.5, 13 ], "texture": "#texture" }
			}
		},
		{
			"__comment": "Voxels-808080",
			"from": [ 7.5, 6.5, -1 ],
			"to": [ 8.5, 7, 1 ],
			"faces": {
				"down": { "uv": [ 7.5, 15, 8.5, 16 ], "texture": "#texture" },
				"up": { "uv": [ 8, 12, 8.5, 12.5 ], "texture": "#texture" },
				"north": { "uv": [ 8, 12, 8.5, 12.5 ], "texture": "#texture" },
				"south": { "uv": [ 7.5, 9, 8.5, 9.5 ], "texture": "#texture" },
				"west": { "uv": [ 8, 12, 8.5, 12.5 ], "texture": "#texture" },
				"east": { "uv": [ 8, 12, 8.5, 12.5 ], "texture": "#texture" }
			}
		},
		{
			"__comment": "Voxels-808080",
			"from": [ 7.5, 13, -1 ],
			"to": [ 16.5, 15, -0.5 ],
			"faces": {
				"down": { "uv": [ 4, 8, 8.5, 9 ], "texture": "#texture" },
				"up": { "uv": [ 7.5, 0, 16, 1 ], "texture": "#texture" },
				"north": { "uv": [ 4, 8, 8.5, 9 ], "texture": "#texture" },
				"south": { "uv": [ 7.5, 1, 16, 3 ], "texture": "#texture" },
				"west": { "uv": [ 4, 8, 6, 9 ], "texture": "#texture", "rotation": 90 },
				"east": { "uv": [ 4, 8, 6, 9 ], "texture": "#texture", "rotation": 90 }
			}
		},
		{
			"__comment": "Voxels-808080",
			"from": [ 9.5, 12, -1 ],
			"to": [ 10.5, 13, -0.5 ],
			"faces": {
				"down": { "uv": [ 7, 9, 7.5, 9.5 ], "texture": "#texture" },
				"up": { "uv": [ 9.5, 0, 10.5, 1 ], "texture": "#texture" },
				"north": { "uv": [ 7, 9, 7.5, 9.5 ], "texture": "#texture" },
				"south": { "uv": [ 9.5, 3, 10.5, 4 ], "texture": "#texture" },
				"west": { "uv": [ 7, 9, 7.5, 9.5 ], "texture": "#texture" },
				"east": { "uv": [ 7, 9, 7.5, 9.5 ], "texture": "#texture" }
			}
		},
		{
			"__comment": "Voxels-808080",
			"from": [ 13.5, 7, -1 ],
			"to": [ 16.5, 9, -0.5 ],
			"faces": {
				"down": { "uv": [ 3.5, 11, 5, 12 ], "texture": "#texture" },
				"up": { "uv": [ 3.5, 11, 5, 12 ], "texture": "#texture" },
				"north": { "uv": [ 3.5, 11, 5, 12 ], "texture": "#texture" },
				"south": { "uv": [ 3.5, 11, 5, 12 ], "texture": "#texture" },
				"west": { "uv": [ 3.5, 11, 5, 12 ], "texture": "#texture" },
				"east": { "uv": [ 3.5, 11, 5, 12 ], "texture": "#texture" }
			}
		},
		{
			"__comment": "Voxels-808080",
			"from": [ 0.5, 4, -1 ],
			"to": [ 1.5, 5, -0.5 ],
			"faces": {
				"down": { "uv": [ 12, 13, 12.5, 14 ], "texture": "#texture" },
				"up": { "uv": [ 12, 13, 12.5, 14 ], "texture": "#texture" },
				"north": { "uv": [ 12, 13, 12.5, 14 ], "texture": "#texture" },
				"south": { "uv": [ 12, 13, 12.5, 14 ], "texture": "#texture" },
				"west": { "uv": [ 12, 13, 12.5, 14 ], "texture": "#texture" },
				"east": { "uv": [ 12, 13, 12.5, 14 ], "texture": "#texture" }
			}
		},
		{
			"__comment": "Voxels-808080",
			"from": [ 15.5, 4, -1 ],
			"to": [ 16.5, 6, 0 ],
			"faces": {
				"down": { "uv": [ 3.5, 12.5, 4, 13.5 ], "texture": "#texture" },
				"up": { "uv": [ 3.5, 12.5, 4, 13.5 ], "texture": "#texture" },
				"north": { "uv": [ 3.5, 12.5, 4, 13.5 ], "texture": "#texture" },
				"south": { "uv": [ 3.5, 12.5, 4, 13.5 ], "texture": "#texture" },
				"west": { "uv": [ 3.5, 12.5, 4, 13.5 ], "texture": "#texture" },
				"east": { "uv": [ 3.5, 12.5, 4, 13.5 ], "texture": "#texture" }
			}
		},
		{
			"__comment": "Voxels-F1F1F1",
			"from": [ -5.5, 2.5, -1 ],
			"to": [ -2.5, 15.5, 2 ],
			"faces": {
				"down": { "uv": [ 13.5, 8, 15, 14 ], "texture": "#texture" },
				"up": { "uv": [ 13.5, 8, 15, 14 ], "texture": "#texture" },
				"north": { "uv": [ 13.5, 8, 15, 14 ], "texture": "#texture" },
				"south": { "uv": [ 13.5, 8, 15, 14 ], "texture": "#texture" },
				"west": { "uv": [ 13.5, 8, 15, 14 ], "texture": "#texture" },
				"east": { "uv": [ 13.5, 8, 15, 14 ], "texture": "#texture" }
			}
		},
		{
			"__comment": "Voxels-F1F1F1",
			"from": [ 18.5, 1.5, -1 ],
			"to": [ 19.5, 2.5, 2 ],
			"faces": {
				"down": { "uv": [ 14, 14, 15, 14.5 ], "texture": "#texture" },
				"up": { "uv": [ 2.5, 0, 3.5, 2 ], "texture": "#texture" },
				"north": { "uv": [ 14, 14, 15, 14.5 ], "texture": "#texture" },
				"south": { "uv": [ 14, 14, 15, 14.5 ], "texture": "#texture" },
				"west": { "uv": [ 14, 14, 15, 14.5 ], "texture": "#texture" },
				"east": { "uv": [ 14, 14, 15, 14.5 ], "texture": "#texture" }
			}
		},
		{
			"__comment": "Voxels-F1F1F1",
			"from": [ -4.5, 15.5, -1 ],
			"to": [ -0.5, 16.5, 2 ],
			"faces": {
				"down": { "uv": [ 13, 7.5, 14.5, 8 ], "texture": "#texture" },
				"up": { "uv": [ 13, 7.5, 14.5, 8 ], "texture": "#texture" },
				"north": { "uv": [ 13, 7.5, 14.5, 8 ], "texture": "#texture" },
				"south": { "uv": [ 13, 7.5, 14.5, 8 ], "texture": "#texture" },
				"west": { "uv": [ 13, 7.5, 14.5, 8 ], "texture": "#texture" },
				"east": { "uv": [ 13, 7.5, 14.5, 8 ], "texture": "#texture" }
			}
		},
		{
			"__comment": "Voxels-F1F1F1",
			"from": [ -3.5, 16.5, -1 ],
			"to": [ -0.5, 17.5, 2 ],
			"faces": {
				"down": { "uv": [ 12.5, 14, 15.5, 16 ], "texture": "#texture" },
				"up": { "uv": [ 13, 7, 14, 7.5 ], "texture": "#texture" },
				"north": { "uv": [ 13, 7, 14, 7.5 ], "texture": "#texture" },
				"south": { "uv": [ 13, 7, 14, 7.5 ], "texture": "#texture" },
				"west": { "uv": [ 13, 7, 14, 7.5 ], "texture": "#texture" },
				"east": { "uv": [ 13, 7, 14, 7.5 ], "texture": "#texture" }
			}
		},
		{
			"__comment": "Voxels-F1F1F1",
			"from": [ 16.5, 14.5, -1 ],
			"to": [ 21.5, 15.5, 2 ],
			"faces": {
				"down": { "uv": [ 1.5, 8, 4, 8.5 ], "texture": "#texture" },
				"up": { "uv": [ 1.5, 8, 4, 8.5 ], "texture": "#texture" },
				"north": { "uv": [ 1.5, 8, 4, 8.5 ], "texture": "#texture" },
				"south": { "uv": [ 1.5, 8, 4, 8.5 ], "texture": "#texture" },
				"west": { "uv": [ 1.5, 8, 4, 8.5 ], "texture": "#texture" },
				"east": { "uv": [ 1.5, 8, 4, 8.5 ], "texture": "#texture" }
			}
		},
		{
			"__comment": "Voxels-F1F1F1",
			"from": [ 16.5, 15.5, -1 ],
			"to": [ 20.5, 16.5, 2 ],
			"faces": {
				"down": { "uv": [ 0.5, 14, 4.5, 16 ], "texture": "#texture" },
				"up": { "uv": [ 2, 7.5, 4, 8 ], "texture": "#texture" },
				"north": { "uv": [ 2, 7.5, 4, 8 ], "texture": "#texture" },
				"south": { "uv": [ 2, 7.5, 4, 8 ], "texture": "#texture" },
				"west": { "uv": [ 2, 7.5, 4, 8 ], "texture": "#texture" },
				"east": { "uv": [ 2, 7.5, 4, 8 ], "texture": "#texture" }
			}
		},
		{
			"__comment": "Voxels-F1F1F1",
			"from": [ 16.5, 16.5, -1 ],
			"to": [ 19.5, 17.5, 2 ],
			"faces": {
				"down": { "uv": [ 0.5, 14, 3.5, 16 ], "texture": "#texture" },
				"up": { "uv": [ 2.5, 7, 4, 7.5 ], "texture": "#texture" },
				"north": { "uv": [ 2.5, 7, 4, 7.5 ], "texture": "#texture" },
				"south": { "uv": [ 2.5, 7, 4, 7.5 ], "texture": "#texture" },
				"west": { "uv": [ 2.5, 7, 4, 7.5 ], "texture": "#texture" },
				"east": { "uv": [ 2.5, 7, 4, 7.5 ], "texture": "#texture" }
			}
		},
		{
			"__comment": "Voxels-F1F1F1",
			"from": [ 17.5, 13.5, -1 ],
			"to": [ 21.5, 14.5, 2 ],
			"faces": {
				"down": { "uv": [ 1.5, 8.5, 3.5, 9 ], "texture": "#texture" },
				"up": { "uv": [ 1.5, 0, 5.5, 2 ], "texture": "#texture" },
				"north": { "uv": [ 1.5, 8.5, 3.5, 9 ], "texture": "#texture" },
				"south": { "uv": [ 1.5, 8.5, 3.5, 9 ], "texture": "#texture" },
				"west": { "uv": [ 1.5, 8.5, 3.5, 9 ], "texture": "#texture" },
				"east": { "uv": [ 1.5, 8.5, 3.5, 9 ], "texture": "#texture" }
			}
		},
		{
			"__comment": "Voxels-F1F1F1",
			"from": [ 18.5, 2.5, -1 ],
			"to": [ 19.5, 13.5, 2 ],
			"faces": {
				"down": { "uv": [ 2.5, 9, 3, 14.5 ], "texture": "#texture" },
				"up": { "uv": [ 2.5, 0, 3.5, 2 ], "texture": "#texture" },
				"north": { "uv": [ 2.5, 9, 3, 14.5 ], "texture": "#texture" },
				"south": { "uv": [ 2.5, 9, 3, 14.5 ], "texture": "#texture" },
				"west": { "uv": [ 2.5, 9, 3, 14.5 ], "texture": "#texture" },
				"east": { "uv": [ 14, 2.5, 16, 13.5 ], "texture": "#texture" }
			}
		},
		{
			"__comment": "Voxels-F1F1F1",
			"from": [ 19.5, -1, -1 ],
			"to": [ 20.5, 13.5, 2 ],
			"faces": {
				"down": { "uv": [ 2, 9, 2.5, 15 ], "texture": "#texture" },
				"up": { "uv": [ 3.5, 0, 4.5, 2 ], "texture": "#texture" },
				"north": { "uv": [ 2, 9, 2.5, 15 ], "texture": "#texture" },
				"south": { "uv": [ 2, 9, 2.5, 15 ], "texture": "#texture" },
				"west": { "uv": [ 2, 9, 2.5, 15 ], "texture": "#texture" },
				"east": { "uv": [ 14, 2.5, 16, 16 ], "texture": "#texture" }
			}
		},
		{
			"__comment": "Voxels-F1F1F1",
			"from": [ 20.5, -2.5, -1 ],
			"to": [ 21.5, 13.5, 2 ],
			"faces": {
				"down": { "uv": [ 1.5, 9, 2, 16 ], "texture": "#texture" },
				"up": { "uv": [ 4.5, 0, 5.5, 2 ], "texture": "#texture" },
				"north": { "uv": [ 1.5, 9, 2, 16 ], "texture": "#texture" },
				"south": { "uv": [ 1.5, 9, 2, 16 ], "texture": "#texture" },
				"west": { "uv": [ 1.5, 9, 2, 16 ], "texture": "#texture" },
				"east": { "uv": [ 1.5, 9, 2, 16 ], "texture": "#texture" }
			}
		},
		{
			"__comment": "Voxels-F1F1F1",
			"from": [ -2.5, 13.5, -1 ],
			"to": [ -1.5, 15.5, 2 ],
			"faces": {
				"down": { "uv": [ 13, 8, 13.5, 9 ], "texture": "#texture" },
				"up": { "uv": [ 13.5, 0, 14.5, 2 ], "texture": "#texture" },
				"north": { "uv": [ 13, 8, 13.5, 9 ], "texture": "#texture" },
				"south": { "uv": [ 13, 8, 13.5, 9 ], "texture": "#texture" },
				"west": { "uv": [ 0, 0.5, 2, 2.5 ], "texture": "#texture" },
				"east": { "uv": [ 13, 8, 13.5, 9 ], "texture": "#texture" }
			}
		},
		{
			"__comment": "Voxels-808080",
			"from": [ 15.5, 9, -0.5 ],
			"to": [ 16.5, 13, 0 ],
			"faces": {
				"down": { "uv": [ 4, 12, 4.5, 12.5 ], "texture": "#texture" },
				"up": { "uv": [ 4, 12, 4.5, 12.5 ], "texture": "#texture" },
				"north": { "uv": [ 4, 9, 4.5, 10.5 ], "texture": "#texture" },
				"south": { "uv": [ 4, 12, 4.5, 12.5 ], "texture": "#texture" },
				"west": { "uv": [ 4, 12, 4.5, 12.5 ], "texture": "#texture" },
				"east": { "uv": [ 4, 11, 4.5, 12.5 ], "texture": "#texture" }
			}
		},
		{
			"__comment": "Voxels-808080",
			"from": [ 14.5, 5, -1 ],
			"to": [ 15.5, 7, -0.5 ],
			"faces": {
				"down": { "uv": [ 4, 12, 4.5, 13.5 ], "texture": "#texture" },
				"up": { "uv": [ 4, 12, 4.5, 13.5 ], "texture": "#texture" },
				"north": { "uv": [ 4, 12, 4.5, 13.5 ], "texture": "#texture" },
				"south": { "uv": [ 4, 12, 4.5, 13.5 ], "texture": "#texture" },
				"west": { "uv": [ 4, 12, 4.5, 13.5 ], "texture": "#texture" },
				"east": { "uv": [ 4, 12, 4.5, 13.5 ], "texture": "#texture" }
			}
		},
		{
			"__comment": "Voxels-808080",
			"from": [ 1.5, 3.5, -1 ],
			"to": [ 2.5, 8, -0.5 ],
			"faces": {
				"down": { "uv": [ 11.5, 12, 12, 14.5 ], "texture": "#texture" },
				"up": { "uv": [ 1.5, 0, 2.5, 1 ], "texture": "#texture" },
				"north": { "uv": [ 11.5, 12, 12, 14.5 ], "texture": "#texture" },
				"south": { "uv": [ 11.5, 11.5, 12, 15 ], "texture": "#texture" },
				"west": { "uv": [ 11.5, 12, 12, 14.5 ], "texture": "#texture" },
				"east": { "uv": [ 11.5, 12, 12, 14.5 ], "texture": "#texture" }
			}
		},
		{
			"__comment": "Voxels-808080",
			"from": [ 0.5, 5, -1 ],
			"to": [ 1.5, 7, 1 ],
			"faces": {
				"down": { "uv": [ 0.5, 15, 1.5, 16 ], "texture": "#texture" },
				"up": { "uv": [ 0.5, 0, 1.5, 1 ], "texture": "#texture" },
				"north": { "uv": [ 12, 12, 12.5, 13 ], "texture": "#texture" },
				"south": { "uv": [ 0.5, 9, 1.5, 11 ], "texture": "#texture" },
				"west": { "uv": [ 0, 9, 1, 11 ], "texture": "#texture" },
				"east": { "uv": [ 15, 9, 16, 11 ], "texture": "#texture" }
			}
		},
		{
			"__comment": "Voxels-808080",
			"from": [ 14.5, 4, -1 ],
			"to": [ 15.5, 5, -0.5 ],
			"faces": {
				"down": { "uv": [ 4, 13.5, 4.5, 14 ], "texture": "#texture" },
				"up": { "uv": [ 4, 13.5, 4.5, 14 ], "texture": "#texture" },
				"north": { "uv": [ 4, 13.5, 4.5, 14 ], "texture": "#texture" },
				"south": { "uv": [ 4, 13.5, 4.5, 14 ], "texture": "#texture" },
				"west": { "uv": [ 4, 13.5, 4.5, 14 ], "texture": "#texture" },
				"east": { "uv": [ 4, 13.5, 4.5, 14 ], "texture": "#texture" }
			}
		},
		{
			"__comment": "Voxels-808080",
			"from": [ 13.5, 3.5, -1 ],
			"to": [ 14.5, 7, -0.5 ],
			"faces": {
				"down": { "uv": [ 13.5, 15, 14.5, 16 ], "texture": "#texture" },
				"up": { "uv": [ 13.5, 0, 14.5, 1 ], "texture": "#texture" },
				"north": { "uv": [ 4.5, 12, 5, 14.5 ], "texture": "#texture" },
				"south": { "uv": [ 4.5, 12, 5, 14.5 ], "texture": "#texture" },
				"west": { "uv": [ 4.5, 12, 5, 14.5 ], "texture": "#texture" },
				"east": { "uv": [ 4.5, 12, 5, 14.5 ], "texture": "#texture" }
			}
		},
		{
			"__comment": "Voxels-F1F1F1",
			"from": [ -0.5, 4, -1 ],
			"to": [ 0, 5, 0 ],
			"faces": {
				"down": { "uv": [ 12, 13.5, 12.5, 14 ], "texture": "#texture" },
				"up": { "uv": [ 12, 13.5, 12.5, 14 ], "texture": "#texture" },
				"north": { "uv": [ 12, 13.5, 12.5, 14 ], "texture": "#texture" },
				"south": { "uv": [ 12, 13.5, 12.5, 14 ], "texture": "#texture" },
				"west": { "uv": [ 12, 13.5, 12.5, 14 ], "texture": "#texture" },
				"east": { "uv": [ 12, 13.5, 12.5, 14 ], "texture": "#texture" }
			}
		},
		{
			"__comment": "Voxels-F1F1F1",
			"from": [ 0, 4, -1 ],
			"to": [ 0.5, 5, 1 ],
			"faces": {
				"down": { "uv": [ 12.5, 13, 13, 13.5 ], "texture": "#texture" },
				"up": { "uv": [ 12.5, 13, 13, 13.5 ], "texture": "#texture" },
				"north": { "uv": [ 12.5, 13, 13, 13.5 ], "texture": "#texture" },
				"south": { "uv": [ 12.5, 13, 13, 13.5 ], "texture": "#texture" },
				"west": { "uv": [ 12.5, 13, 13, 13.5 ], "texture": "#texture" },
				"east": { "uv": [ 12.5, 13, 13, 13.5 ], "texture": "#texture" }
			}
		},
		{
			"__comment": "Voxels-F1F1F1",
			"from": [ 1, 3, -1 ],
			"to": [ 1.5, 4, -0.5 ],
			"faces": {
				"down": { "uv": [ 11.5, 14, 12, 14.5 ], "texture": "#texture" },
				"up": { "uv": [ 11.5, 14, 12, 14.5 ], "texture": "#texture" },
				"north": { "uv": [ 11.5, 14, 12, 14.5 ], "texture": "#texture" },
				"south": { "uv": [ 11.5, 14, 12, 14.5 ], "texture": "#texture" },
				"west": { "uv": [ 11.5, 14, 12, 14.5 ], "texture": "#texture" },
				"east": { "uv": [ 11.5, 14, 12, 14.5 ], "texture": "#texture" }
			}
		},
		{
			"__comment": "Voxels-F1F1F1",
			"from": [ 13.5, 1.5, -1 ],
			"to": [ 14, 2.5, -0.5 ],
			"faces": {
				"down": { "uv": [ 4.5, 14, 5, 14.5 ], "texture": "#texture" },
				"up": { "uv": [ 13.5, 0, 14, 1 ], "texture": "#texture" },
				"north": { "uv": [ 4.5, 14, 5, 14.5 ], "texture": "#texture" },
				"south": { "uv": [ 4.5, 14, 5, 14.5 ], "texture": "#texture" },
				"west": { "uv": [ 4.5, 14, 5, 14.5 ], "texture": "#texture" },
				"east": { "uv": [ 4.5, 14, 5, 14.5 ], "texture": "#texture" }
			}
		},
		{
			"__comment": "Voxels-F1F1F1",
			"from": [ 14.5, 3, -1 ],
			"to": [ 15, 4, -0.5 ],
			"faces": {
				"down": { "uv": [ 4.5, 13.5, 5, 14 ], "texture": "#texture" },
				"up": { "uv": [ 4.5, 13.5, 5, 14 ], "texture": "#texture" },
				"north": { "uv": [ 4.5, 13.5, 5, 14 ], "texture": "#texture" },
				"south": { "uv": [ 4.5, 13.5, 5, 14 ], "texture": "#texture" },
				"west": { "uv": [ 4.5, 13.5, 5, 14 ], "texture": "#texture" },
				"east": { "uv": [ 4.5, 13.5, 5, 14 ], "texture": "#texture" }
			}
		},
		{
			"__comment": "Voxels-F1F1F1",
			"from": [ 15, 2.5, -1 ],
			"to": [ 15.5, 3, -0.5 ],
			"faces": {
				"down": { "uv": [ 4.5, 14, 5, 14.5 ], "texture": "#texture" },
				"up": { "uv": [ 15, 0, 15.5, 1 ], "texture": "#texture" },
				"north": { "uv": [ 4.5, 14, 5, 14.5 ], "texture": "#texture" },
				"south": { "uv": [ 4.5, 14, 5, 14.5 ], "texture": "#texture" },
				"west": { "uv": [ 4.5, 14, 5, 14.5 ], "texture": "#texture" },
				"east": { "uv": [ 4.5, 14, 5, 14.5 ], "texture": "#texture" }
			}
		},
		{
			"__comment": "Voxels-F1F1F1",
			"from": [ 15.5, 3.5, -1 ],
			"to": [ 16, 4.5, -0.5 ],
			"faces": {
				"down": { "uv": [ 4, 13.5, 4.5, 14 ], "texture": "#texture" },
				"up": { "uv": [ 4, 13.5, 4.5, 14 ], "texture": "#texture" },
				"north": { "uv": [ 4, 13.5, 4.5, 14 ], "texture": "#texture" },
				"south": { "uv": [ 4, 13.5, 4.5, 14 ], "texture": "#texture" },
				"west": { "uv": [ 4, 13.5, 4.5, 14 ], "texture": "#texture" },
				"east": { "uv": [ 4, 13.5, 4.5, 14 ], "texture": "#texture" }
			}
		},
		{
			"__comment": "Voxels-F1F1F1",
			"from": [ 13.5, 2.5, -1 ],
			"to": [ 14.5, 3.5, -0.5 ],
			"faces": {
				"down": { "uv": [ 4.5, 14, 5, 14.5 ], "texture": "#texture" },
				"up": { "uv": [ 13.5, 0, 14.5, 1 ], "texture": "#texture" },
				"north": { "uv": [ 4.5, 14, 5, 14.5 ], "texture": "#texture" },
				"south": { "uv": [ 4.5, 14, 5, 14.5 ], "texture": "#texture" },
				"west": { "uv": [ 4.5, 14, 5, 14.5 ], "texture": "#texture" },
				"east": { "uv": [ 4.5, 14, 5, 14.5 ], "texture": "#texture" }
			}
		},
		{
			"__comment": "Voxels-F1F1F1",
			"from": [ 2, 2.5, -1 ],
			"to": [ 2.5, 3.5, -0.5 ],
			"faces": {
				"down": { "uv": [ 11.5, 14, 12, 14.5 ], "texture": "#texture" },
				"up": { "uv": [ 2, 0, 2.5, 1 ], "texture": "#texture" },
				"north": { "uv": [ 11.5, 14, 12, 14.5 ], "texture": "#texture" },
				"south": { "uv": [ 11.5, 14, 12, 14.5 ], "texture": "#texture" },
				"west": { "uv": [ 11.5, 14, 12, 14.5 ], "texture": "#texture" },
				"east": { "uv": [ 11.5, 14, 12, 14.5 ], "texture": "#texture" }
			}
		},
		{
			"__comment": "Voxels-F1F1F1",
			"from": [ 0.5, 2, -1 ],
			"to": [ 1, 4, 0 ],
			"faces": {
				"down": { "uv": [ 12.5, 13, 13, 13.5 ], "texture": "#texture" },
				"up": { "uv": [ 0.5, 0, 1, 1 ], "texture": "#texture" },
				"north": { "uv": [ 12.5, 13, 13, 13.5 ], "texture": "#texture" },
				"south": { "uv": [ 12.5, 13, 13, 13.5 ], "texture": "#texture" },
				"west": { "uv": [ 12.5, 13, 13, 13.5 ], "texture": "#texture" },
				"east": { "uv": [ 12.5, 13, 13, 13.5 ], "texture": "#texture" }
			}
		},
		{
			"__comment": "Box65",
			"from": [ 14.5, 5, 2 ],
			"to": [ 15.5, 7, 14.5 ],
			"faces": {
				"down": { "uv": [ 1, 1.5, 15, 2.5 ], "texture": "#texture", "rotation": 270 },
				"up": { "uv": [ 1, 0.5, 15, 1.5 ], "texture": "#texture", "rotation": 270 },
				"north": { "uv": [ 1, 0.5, 2, 2.5 ], "texture": "#texture" },
				"south": { "uv": [ 1, 0.5, 2, 2.5 ], "texture": "#texture" },
				"west": { "uv": [ 1, 0.5, 15, 2.5 ], "texture": "#texture" },
				"east": { "uv": [ 1, 0.5, 15, 2.5 ], "texture": "#texture" }
			}
		},
		{
			"__comment": "Voxels-F1F1F1",
			"from": [ -5.5, 0.5, -1 ],
			"to": [ -3.5, 2.5, 2 ],
			"faces": {
				"down": { "uv": [ 14, 14, 15, 14.5 ], "texture": "#texture" },
				"up": { "uv": [ 10.5, 0, 12.5, 2 ], "texture": "#texture" },
				"north": { "uv": [ 14, 14, 15, 14.5 ], "texture": "#texture" },
				"south": { "uv": [ 14, 14, 15, 14.5 ], "texture": "#texture" },
				"west": { "uv": [ 14, 14, 15, 14.5 ], "texture": "#texture" },
				"east": { "uv": [ 14, 14, 15, 14.5 ], "texture": "#texture" }
			}
		},
		{
			"__comment": "Voxels-F1F1F1",
			"from": [ -4.5, -0.5, -1 ],
			"to": [ -3.5, 0.5, 2 ],
			"faces": {
				"down": { "uv": [ 14, 14, 15, 14.5 ], "texture": "#texture" },
				"up": { "uv": [ 11.5, 0, 12.5, 2 ], "texture": "#texture" },
				"north": { "uv": [ 14, 14, 15, 14.5 ], "texture": "#texture" },
				"south": { "uv": [ 14, 14, 15, 14.5 ], "texture": "#texture" },
				"west": { "uv": [ 14, 14, 15, 14.5 ], "texture": "#texture" },
				"east": { "uv": [ 14, 14, 15, 14.5 ], "texture": "#texture" }
			}
		},
		{
			"__comment": "Voxels-F1F1F1",
			"from": [ -3.5, 1.5, -1 ],
			"to": [ -2.5, 2.5, 2 ],
			"faces": {
				"down": { "uv": [ 14, 14, 15, 14.5 ], "texture": "#texture" },
				"up": { "uv": [ 12.5, 0, 13.5, 2 ], "texture": "#texture" },
				"north": { "uv": [ 14, 14, 15, 14.5 ], "texture": "#texture" },
				"south": { "uv": [ 14, 14, 15, 14.5 ], "texture": "#texture" },
				"west": { "uv": [ 14, 14, 15, 14.5 ], "texture": "#texture" },
				"east": { "uv": [ 14, 14, 15, 14.5 ], "texture": "#texture" }
			}
		},
		{
			"__comment": "Box65",
			"from": [ 14.5, 11.5, 2 ],
			"to": [ 15.5, 13.5, 14.5 ],
			"faces": {
				"down": { "uv": [ 1, 1.5, 15, 2.5 ], "texture": "#texture", "rotation": 270 },
				"up": { "uv": [ 1, 0.5, 15, 1.5 ], "texture": "#texture", "rotation": 270 },
				"north": { "uv": [ 1, 0.5, 2, 2.5 ], "texture": "#texture" },
				"south": { "uv": [ 1, 0.5, 2, 2.5 ], "texture": "#texture" },
				"west": { "uv": [ 1, 0.5, 15, 2.5 ], "texture": "#texture" },
				"east": { "uv": [ 1, 0.5, 15, 2.5 ], "texture": "#texture" }
			}
		},
		{
			"__comment": "Box65",
			"from": [ 0, 5, 14.5 ],
			"to": [ 16, 7, 15.5 ],
			"faces": {
				"down": { "uv": [ 1, 1.5, 15, 2.5 ], "texture": "#texture" },
				"up": { "uv": [ 1, 0.5, 15, 1.5 ], "texture": "#texture", "rotation": 180 },
				"north": { "uv": [ 1, 0.5, 15, 2.5 ], "texture": "#texture" },
				"south": { "uv": [ 1, 0.5, 15, 2.5 ], "texture": "#texture" },
				"west": { "uv": [ 1, 0.5, 2, 2.5 ], "texture": "#texture" },
				"east": { "uv": [ 1, 0.5, 2, 2.5 ], "texture": "#texture" }
			}
		},
		{
			"__comment": "Box65",
			"from": [ 0.5, 5, 2 ],
			"to": [ 1.5, 7, 14.5 ],
			"faces": {
				"down": { "uv": [ 1, 1.5, 15, 2.5 ], "texture": "#texture", "rotation": 270 },
				"up": { "uv": [ 1, 0.5, 15, 1.5 ], "texture": "#texture", "rotation": 270 },
				"north": { "uv": [ 1, 0.5, 2, 2.5 ], "texture": "#texture" },
				"south": { "uv": [ 1, 0.5, 2, 2.5 ], "texture": "#texture" },
				"west": { "uv": [ 1, 0.5, 15, 2.5 ], "texture": "#texture" },
				"east": { "uv": [ 1, 0.5, 15, 2.5 ], "texture": "#texture" }
			}
		},
		{
			"__comment": "Box65",
			"from": [ 0.5, 11.5, 2 ],
			"to": [ 1.5, 13.5, 14.5 ],
			"faces": {
				"down": { "uv": [ 1, 1.5, 15, 2.5 ], "texture": "#texture", "rotation": 270 },
				"up": { "uv": [ 1, 0.5, 15, 1.5 ], "texture": "#texture", "rotation": 270 },
				"north": { "uv": [ 1, 0.5, 2, 2.5 ], "texture": "#texture" },
				"south": { "uv": [ 1, 0.5, 2, 2.5 ], "texture": "#texture" },
				"west": { "uv": [ 1, 0.5, 15, 2.5 ], "texture": "#texture" },
				"east": { "uv": [ 1, 0.5, 15, 2.5 ], "texture": "#texture" }
			}
		},
		{
			"__comment": "Box65",
			"from": [ 0, 11.5, 14.5 ],
			"to": [ 16, 13.5, 15.5 ],
			"faces": {
				"down": { "uv": [ 1, 1.5, 15, 2.5 ], "texture": "#texture" },
				"up": { "uv": [ 1, 0.5, 15, 1.5 ], "texture": "#texture", "rotation": 180 },
				"north": { "uv": [ 1, 0.5, 15, 2.5 ], "texture": "#texture" },
				"south": { "uv": [ 1, 0.5, 15, 2.5 ], "texture": "#texture" },
				"west": { "uv": [ 1, 0.5, 2, 2.5 ], "texture": "#texture" },
				"east": { "uv": [ 1, 0.5, 2, 2.5 ], "texture": "#texture" }
			}
		},
		{
			"__comment": "Voxels-F1F1F1",
			"from": [ -5.5, -2.5, -1 ],
			"to": [ -4.5, 0.5, 2 ],
			"faces": {
				"down": { "uv": [ 14.5, 15, 15, 16 ], "texture": "#texture" },
				"up": { "uv": [ 10.5, 0, 11.5, 2 ], "texture": "#texture" },
				"north": { "uv": [ 14.5, 15, 15, 16 ], "texture": "#texture" },
				"south": { "uv": [ 14.5, 15, 15, 16 ], "texture": "#texture" },
				"west": { "uv": [ 14.5, 15, 15, 16 ], "texture": "#texture" },
				"east": { "uv": [ 14.5, 15, 15, 16 ], "texture": "#texture" }
			}
		},
		{
			"__comment": "Voxels-F1F1F1",
			"from": [ 20.5, -9.5, -1 ],
			"to": [ 21.5, -2.5, 2 ],
			"faces": {
				"down": { "uv": [ 2, 3, 7.500001, 3.5 ], "texture": "#texture", "rotation": 90 },
				"up": { "uv": [ 4.5, 0, 5.5, 2 ], "texture": "#texture" },
				"north": { "uv": [ 2, 3, 7.500001, 3.5 ], "texture": "#texture", "rotation": 90 },
				"south": { "uv": [ 2, 3, 7.500001, 3.5 ], "texture": "#texture", "rotation": 90 },
				"west": { "uv": [ 2, 3, 7.500001, 3.5 ], "texture": "#texture", "rotation": 90 },
				"east": { "uv": [ 2, 3, 7.500001, 3.5 ], "texture": "#texture", "rotation": 90 }
			}
		},
		{
			"__comment": "Voxels-F1F1F1",
			"from": [ 19.5, -8.5, -1 ],
			"to": [ 20.5, -1, 2 ],
			"faces": {
				"down": { "uv": [ 2, 3.5, 6.999999, 4 ], "texture": "#texture", "rotation": 90 },
				"up": { "uv": [ 3.5, 0, 4.5, 2 ], "texture": "#texture" },
				"north": { "uv": [ 2, 3.5, 6.999999, 4 ], "texture": "#texture", "rotation": 90 },
				"south": { "uv": [ 2, 3.5, 6.999999, 4 ], "texture": "#texture", "rotation": 90 },
				"west": { "uv": [ 2, 3.5, 6.999999, 4 ], "texture": "#texture", "rotation": 90 },
				"east": { "uv": [ 2, 3.5, 6.999999, 4 ], "texture": "#texture", "rotation": 90 }
			}
		},
		{
			"__comment": "Voxels-F1F1F1",
			"from": [ 18.5, -6.5, -1 ],
			"to": [ 19.5, 1.5, 2 ],
			"faces": {
				"down": { "uv": [ 2, 4, 5.999999, 4.5 ], "texture": "#texture", "rotation": 90 },
				"up": { "uv": [ 2.5, 0, 3.5, 2 ], "texture": "#texture" },
				"north": { "uv": [ 2, 4, 5.999999, 4.5 ], "texture": "#texture", "rotation": 90 },
				"south": { "uv": [ 2, 4, 5.999999, 4.5 ], "texture": "#texture", "rotation": 90 },
				"west": { "uv": [ 2, 4, 5.999999, 4.5 ], "texture": "#texture", "rotation": 90 },
				"east": { "uv": [ 2, 4, 5.999999, 4.5 ], "texture": "#texture", "rotation": 90 }
			}
		},
		{
			"__comment": "Voxels-F1F1F1",
			"from": [ -5.5, -9.5, -1 ],
			"to": [ -4.5, -2.5, 2 ],
			"faces": {
				"down": { "uv": [ 8.999999, 3, 14.5, 3.5 ], "texture": "#texture", "rotation": 90 },
				"up": { "uv": [ 10.5, 0, 11.5, 2 ], "texture": "#texture" },
				"north": { "uv": [ 8.999999, 3, 14.5, 3.5 ], "texture": "#texture", "rotation": 90 },
				"south": { "uv": [ 8.999999, 3, 14.5, 3.5 ], "texture": "#texture", "rotation": 90 },
				"west": { "uv": [ 8.999999, 3, 14.5, 3.5 ], "texture": "#texture", "rotation": 90 },
				"east": { "uv": [ 8.999999, 3, 14.5, 3.5 ], "texture": "#texture", "rotation": 90 }
			}
		},
		{
			"__comment": "Voxels-F1F1F1",
			"from": [ -4.5, -8.5, -1 ],
			"to": [ -3.5, -0.5, 2 ],
			"faces": {
				"down": { "uv": [ 9.500001, 3.5, 14.5, 4 ], "texture": "#texture", "rotation": 90 },
				"up": { "uv": [ 11.5, 0, 12.5, 2 ], "texture": "#texture" },
				"north": { "uv": [ 9.500001, 3.5, 14.5, 4 ], "texture": "#texture", "rotation": 90 },
				"south": { "uv": [ 9.500001, 3.5, 14.5, 4 ], "texture": "#texture", "rotation": 90 },
				"west": { "uv": [ 9.500001, 3.5, 14.5, 4 ], "texture": "#texture", "rotation": 90 },
				"east": { "uv": [ 9.500001, 3.5, 14.5, 4 ], "texture": "#texture", "rotation": 90 }
			}
		},
		{
			"__comment": "Voxels-F1F1F1",
			"from": [ -3.5, -6.5, -1 ],
			"to": [ -2.5, 1.5, 2 ],
			"faces": {
				"down": { "uv": [ 10.5, 4, 14.5, 4.5 ], "texture": "#texture", "rotation": 90 },
				"up": { "uv": [ 12.5, 0, 13.5, 2 ], "texture": "#texture" },
				"north": { "uv": [ 10.5, 4, 14.5, 4.5 ], "texture": "#texture", "rotation": 90 },
				"south": { "uv": [ 10.5, 4, 14.5, 4.5 ], "texture": "#texture", "rotation": 90 },
				"west": { "uv": [ 10.5, 4, 14.5, 4.5 ], "texture": "#texture", "rotation": 90 },
				"east": { "uv": [ 10.5, 4, 14.5, 4.5 ], "texture": "#texture", "rotation": 90 }
			}
		},
		{
			"__comment": "Voxels-808080",
			"from": [ 12.5, 11, -1 ],
			"to": [ 16.5, 13, -0.5 ],
			"faces": {
				"down": { "uv": [ 4, 9, 6, 10 ], "texture": "#texture" },
				"up": { "uv": [ 12.5, 0, 16, 1 ], "texture": "#texture" },
				"north": { "uv": [ 4, 9, 6, 10 ], "texture": "#texture" },
				"south": { "uv": [ 4, 9, 6, 10 ], "texture": "#texture" },
				"west": { "uv": [ 4, 9, 6, 10 ], "texture": "#texture" },
				"east": { "uv": [ 4, 9, 6, 10 ], "texture": "#texture" }
			}
		},
		{
			"__comment": "Voxels-808080",
			"from": [ 15.5, 13, -0.5 ],
			"to": [ 16.5, 14.5, 0 ],
			"faces": {
				"down": { "uv": [ 4, 6.5, 4.5, 7.5 ], "texture": "#texture" },
				"up": { "uv": [ 4, 6.5, 4.5, 7.5 ], "texture": "#texture" },
				"north": { "uv": [ 4, 6.5, 4.5, 7.5 ], "texture": "#texture" },
				"south": { "uv": [ 4, 6.5, 4.5, 7.5 ], "texture": "#texture" },
				"west": { "uv": [ 4, 6.5, 4.5, 7.5 ], "texture": "#texture" },
				"east": { "uv": [ 4, 6.5, 4.5, 7.5 ], "texture": "#texture" }
			}
		},
		{
			"__comment": "Voxels-808080",
			"from": [ 2.5, 9, 1 ],
			"to": [ 16.5, 18.5, 2 ],
			"faces": {
				"down": { "uv": [ 2.5, 14, 16, 15.5 ], "texture": "#texture" },
				"up": { "uv": [ 4, 6.5, 4.5, 7 ], "texture": "#texture" },
				"north": { "uv": [ 4, 6.5, 11, 11 ], "texture": "#texture" },
				"south": { "uv": [ 11, 6.5, 4, 11 ], "texture": "#texture" },
				"west": { "uv": [ 0.5, 0, 2, 7 ], "texture": "#texture" },
				"east": { "uv": [ 4, 7.5, 4.5, 11.5 ], "texture": "#texture" }
			}
		},
		{
			"__comment": "Voxels-808080",
			"from": [ 2.5, 9, 0.5 ],
			"to": [ 3.7, 12, 1.5 ],
			"faces": {
				"down": { "uv": [ 2.5, 14, 16, 15.5 ], "texture": "#texture" },
				"up": { "uv": [ 4, 6.5, 4.5, 7 ], "texture": "#texture" },
				"north": { "uv": [ 9, 9.5, 9.5, 11 ], "texture": "#texture" },
				"south": { "uv": [ 11, 6.5, 4, 11 ], "texture": "#texture" },
				"west": { "uv": [ 0.5, 0, 2, 7 ], "texture": "#texture" },
				"east": { "uv": [ 4, 7.5, 4.5, 11.5 ], "texture": "#texture" }
			}
		},
		{
			"__comment": "Voxels-808080",
			"from": [ 9.599999, 9, 0.5 ],
			"to": [ 10.8, 12, 1.5 ],
			"faces": {
				"down": { "uv": [ 2.5, 14, 16, 15.5 ], "texture": "#texture" },
				"up": { "uv": [ 4, 6.5, 4.5, 7 ], "texture": "#texture" },
				"north": { "uv": [ 9, 9.5, 9.5, 11 ], "texture": "#texture" },
				"south": { "uv": [ 11, 6.5, 4, 11 ], "texture": "#texture" },
				"west": { "uv": [ 0.5, 0, 2, 7 ], "texture": "#texture" },
				"east": { "uv": [ 4, 7.5, 4.5, 11.5 ], "texture": "#texture" }
			}
		},
		{
			"__comment": "Voxels-808080",
			"from": [ 12.4, 9, 0.5 ],
			"to": [ 13.6, 12, 1.5 ],
			"faces": {
				"down": { "uv": [ 2.5, 14, 16, 15.5 ], "texture": "#texture" },
				"up": { "uv": [ 4, 6.5, 4.5, 7 ], "texture": "#texture" },
				"north": { "uv": [ 9, 9.5, 9.5, 11 ], "texture": "#texture" },
				"south": { "uv": [ 11, 6.5, 4, 11 ], "texture": "#texture" },
				"west": { "uv": [ 0.5, 0, 2, 7 ], "texture": "#texture" },
				"east": { "uv": [ 4, 7.5, 4.5, 11.5 ], "texture": "#texture" }
			}
		},
		{
			"__comment": "Voxels-808080",
			"from": [ 3.7, 9, 0.5 ],
			"to": [ 5.3, 12, 1.5 ],
			"faces": {
				"down": { "uv": [ 9.5, 9.5, 10.5, 11 ], "texture": "#texture" },
				"up": { "uv": [ 9.5, 9.5, 10.5, 11 ], "texture": "#texture" },
				"north": { "uv": [ 9.5, 9.5, 10.5, 11 ], "texture": "#texture" },
				"south": { "uv": [ 9.5, 9.5, 10.5, 11 ], "texture": "#texture" },
				"west": { "uv": [ 9.5, 9.5, 10.5, 11 ], "texture": "#texture" },
				"east": { "uv": [ 9.5, 9.5, 10.5, 11 ], "texture": "#texture" }
			}
		},
		{
			"__comment": "Voxels-808080",
			"from": [ 5.3, 9, 0.5 ],
			"to": [ 6.5, 12, 1.5 ],
			"faces": {
				"down": { "uv": [ 2.5, 14, 16, 15.5 ], "texture": "#texture" },
				"up": { "uv": [ 4, 6.5, 4.5, 7 ], "texture": "#texture" },
				"north": { "uv": [ 9, 9.5, 9.5, 11 ], "texture": "#texture" },
				"south": { "uv": [ 11, 6.5, 4, 11 ], "texture": "#texture" },
				"west": { "uv": [ 0.5, 0, 2, 7 ], "texture": "#texture" },
				"east": { "uv": [ 4, 7.5, 4.5, 11.5 ], "texture": "#texture" }
			}
		},
		{
			"__comment": "Voxels-F1F1F1",
			"from": [ 15, 3, -1 ],
			"to": [ 16, 4, -0.5 ],
			"faces": {
				"down": { "uv": [ 4, 13.5, 4.5, 14 ], "texture": "#texture" },
				"up": { "uv": [ 4, 13.5, 4.5, 14 ], "texture": "#texture" },
				"north": { "uv": [ 4, 13.5, 4.5, 14 ], "texture": "#texture" },
				"south": { "uv": [ 4, 13.5, 4.5, 14 ], "texture": "#texture" },
				"west": { "uv": [ 4, 13.5, 4.5, 14 ], "texture": "#texture" },
				"east": { "uv": [ 4, 13.5, 4.5, 14 ], "texture": "#texture" }
			}
		},
		{
			"__comment": "Voxels-F1F1F1",
			"from": [ -0.5, 3, -1 ],
			"to": [ 0.5, 4, -0.5 ],
			"faces": {
				"down": { "uv": [ 12, 13.5, 12.5, 14 ], "texture": "#texture" },
				"up": { "uv": [ 12, 13.5, 12.5, 14 ], "texture": "#texture" },
				"north": { "uv": [ 12, 13.5, 12.5, 14 ], "texture": "#texture" },
				"south": { "uv": [ 12, 13.5, 12.5, 14 ], "texture": "#texture" },
				"west": { "uv": [ 12, 13.5, 12.5, 14 ], "texture": "#texture" },
				"east": { "uv": [ 12, 13.5, 12.5, 14 ], "texture": "#texture" }
			}
		},
		{
			"__comment": "Voxels-808080",
			"from": [ 13, 9, -1 ],
			"to": [ 16.5, 11, -0.5 ],
			"faces": {
				"down": { "uv": [ 3.5, 10, 5.5, 11 ], "texture": "#texture" },
				"up": { "uv": [ 3.5, 10, 5.5, 11 ], "texture": "#texture" },
				"north": { "uv": [ 3.5, 10, 5.5, 11 ], "texture": "#texture" },
				"south": { "uv": [ 3.5, 10, 5.5, 11 ], "texture": "#texture" },
				"west": { "uv": [ 3.5, 10, 5.5, 11 ], "texture": "#texture" },
				"east": { "uv": [ 3.5, 10, 5.5, 11 ], "texture": "#texture" }
			}
		},
		{
			"__comment": "Voxels-808080",
			"from": [ 15.5, 9, 0 ],
			"to": [ 16.5, 12, 1 ],
			"faces": {
				"down": { "uv": [ 3.5, 10, 4, 12 ], "texture": "#texture" },
				"up": { "uv": [ 3.5, 10, 4, 12 ], "texture": "#texture" },
				"north": { "uv": [ 3.5, 10, 4, 12 ], "texture": "#texture" },
				"south": { "uv": [ 3.5, 10, 4, 12 ], "texture": "#texture" },
				"west": { "uv": [ 3.5, 10, 4, 12 ], "texture": "#texture" },
				"east": { "uv": [ 3.5, 10, 4, 12 ], "texture": "#texture" }
			}
		},
		{
			"__comment": "Voxels-808080",
			"from": [ 15.5, 12, 0 ],
			"to": [ 16.5, 14.5, 1 ],
			"faces": {
				"down": { "uv": [ 3.5, 7, 4, 9 ], "texture": "#texture" },
				"up": { "uv": [ 3.5, 7, 4, 9 ], "texture": "#texture" },
				"north": { "uv": [ 3.5, 7, 4, 9 ], "texture": "#texture" },
				"south": { "uv": [ 3.5, 7, 4, 9 ], "texture": "#texture" },
				"west": { "uv": [ 3.5, 7, 4, 9 ], "texture": "#texture" },
				"east": { "uv": [ 3.5, 7, 4, 9 ], "texture": "#texture" }
			}
		},
		{
			"__comment": "Voxels-808080",
			"from": [ -0.5, 4, 0 ],
			"to": [ 16.5, 5, 2 ],
			"faces": {
				"down": { "uv": [ 3.5, 11, 13, 13.5 ], "texture": "#texture" },
				"up": { "uv": [ 6, 11, 10.5, 11.5 ], "texture": "#texture" },
				"north": { "uv": [ 5, 13, 11.5, 13.5 ], "texture": "#texture" },
				"south": { "uv": [ 3.5, 13, 13, 13.5 ], "texture": "#texture" },
				"west": { "uv": [ 12.5, 13, 13, 13.5 ], "texture": "#texture" },
				"east": { "uv": [ 3.5, 13, 4, 13.5 ], "texture": "#texture" }
			}
		},
		{
			"__comment": "Voxels-808080",
			"from": [ 8.5, 5, 0 ],
			"to": [ 16.5, 6, 2 ],
			"faces": {
				"down": { "uv": [ 3.5, 11, 13, 13.5 ], "texture": "#texture" },
				"up": { "uv": [ 6, 11, 10.5, 11.5 ], "texture": "#texture" },
				"north": { "uv": [ 5, 12.5, 8, 13 ], "texture": "#texture" },
				"south": { "uv": [ 9, 12.5, 13, 13 ], "texture": "#texture" },
				"west": { "uv": [ 12.5, 12.5, 13, 13 ], "texture": "#texture" },
				"east": { "uv": [ 3.5, 12.5, 4, 13 ], "texture": "#texture" }
			}
		},
		{
			"__comment": "Voxels-808080",
			"from": [ 0.5, 6, 0 ],
			"to": [ 7.5, 7, 2 ],
			"faces": {
				"down": { "uv": [ 3.5, 11, 13, 13.5 ], "texture": "#texture" },
				"up": { "uv": [ 6, 11, 10.5, 11.5 ], "texture": "#texture" },
				"north": { "uv": [ 8.5, 12, 11.5, 12.5 ], "texture": "#texture" },
				"south": { "uv": [ 4, 12, 7.5, 12.5 ], "texture": "#texture" },
				"west": { "uv": [ 12.5, 11, 13, 13.5 ], "texture": "#texture" },
				"east": { "uv": [ 3.5, 11, 4, 13.5 ], "texture": "#texture" }
			}
		},
		{
			"__comment": "Voxels-808080",
			"from": [ -0.5, 7, 0 ],
			"to": [ 16.5, 8, 2 ],
			"faces": {
				"down": { "uv": [ 3.5, 11, 13, 13.5 ], "texture": "#texture" },
				"up": { "uv": [ 6, 11, 10.5, 11.5 ], "texture": "#texture" },
				"north": { "uv": [ 5.5, 11.5, 11.5, 12 ], "texture": "#texture" },
				"south": { "uv": [ 3.5, 11.5, 13, 12 ], "texture": "#texture" },
				"west": { "uv": [ 12.5, 11.5, 13, 12 ], "texture": "#texture" },
				"east": { "uv": [ 3.5, 11.5, 4, 12 ], "texture": "#texture" }
			}
		},
		{
			"__comment": "Voxels-808080",
			"from": [ 8.5, 6, 0 ],
			"to": [ 16.5, 7, 2 ],
			"faces": {
				"down": { "uv": [ 3.5, 11, 13, 13.5 ], "texture": "#texture" },
				"up": { "uv": [ 6, 11, 10.5, 11.5 ], "texture": "#texture" },
				"north": { "uv": [ 5, 12, 8, 12.5 ], "texture": "#texture" },
				"south": { "uv": [ 9, 12, 13, 12.5 ], "texture": "#texture" },
				"west": { "uv": [ 12.5, 12, 13, 12.5 ], "texture": "#texture" },
				"east": { "uv": [ 3.5, 12, 4, 12.5 ], "texture": "#texture" }
			}
		},
		{
			"__comment": "Voxels-808080",
			"from": [ -0.5, 5, 0 ],
			"to": [ 7.5, 6, 2 ],
			"faces": {
				"down": { "uv": [ 3.5, 11, 13, 13.5 ], "texture": "#texture" },
				"up": { "uv": [ 6, 11, 10.5, 11.5 ], "texture": "#texture" },
				"north": { "uv": [ 8.5, 12.5, 11.5, 13 ], "texture": "#texture" },
				"south": { "uv": [ 3.5, 12.5, 7.5, 13 ], "texture": "#texture" },
				"west": { "uv": [ 12.5, 11, 13, 13.5 ], "texture": "#texture" },
				"east": { "uv": [ 3.5, 11, 4, 13.5 ], "texture": "#texture" }
			}
		},
		{
			"__comment": "Voxels-808080",
			"from": [ 15.5, 6, -1 ],
			"to": [ 16.5, 9, 0 ],
			"faces": {
				"down": { "uv": [ 4, 12, 4.5, 12.5 ], "texture": "#texture" },
				"up": { "uv": [ 4, 12, 4.5, 12.5 ], "texture": "#texture" },
				"north": { "uv": [ 4, 12, 4.5, 12.5 ], "texture": "#texture" },
				"south": { "uv": [ 4, 12, 4.5, 12.5 ], "texture": "#texture" },
				"west": { "uv": [ 4, 12, 4.5, 12.5 ], "texture": "#texture" },
				"east": { "uv": [ 4, 11, 4.5, 12.5 ], "texture": "#texture" }
			}
		},
		{
			"__comment": "Voxels-808080",
			"from": [ -0.5, 5, -1 ],
			"to": [ 0.5, 7, 1 ],
			"faces": {
				"down": { "uv": [ 12.5, 12, 13, 13.5 ], "texture": "#texture" },
				"up": { "uv": [ 0, 0, 0.5, 1 ], "texture": "#texture" },
				"north": { "uv": [ 12.5, 12, 13, 13.5 ], "texture": "#texture" },
				"south": { "uv": [ 0, 9, 0.5, 12 ], "texture": "#texture" },
				"west": { "uv": [ 12.5, 12, 13, 13.5 ], "texture": "#texture" },
				"east": { "uv": [ 12.5, 12, 13, 13.5 ], "texture": "#texture" }
			}
		},
		{
			"__comment": "Voxels-808080",
			"from": [ 7.5, 5, -1 ],
			"to": [ 8.5, 6.5, 1 ],
			"faces": {
				"down": { "uv": [ 8, 12.5, 8.5, 13 ], "texture": "#texture" },
				"up": { "uv": [ 7.5, 0, 8.5, 1 ], "texture": "#texture" },
				"north": { "uv": [ 8, 12.5, 8.5, 13 ], "texture": "#texture" },
				"south": { "uv": [ 7.5, 9.5, 8.5, 11 ], "texture": "#texture" },
				"west": { "uv": [ 8, 12.5, 8.5, 13 ], "texture": "#texture" },
				"east": { "uv": [ 8, 12.5, 8.5, 13 ], "texture": "#texture" }
			}
		},
		{
			"__comment": "Voxels-808080",
			"from": [ 6.5, 9, 0 ],
			"to": [ 9.5, 11, 1.5 ],
			"faces": {
				"down": { "uv": [ 6.5, 14.5, 9.5, 16 ], "texture": "#texture" },
				"up": { "uv": [ 6.5, 0, 9.5, 1.5 ], "texture": "#texture" },
				"north": { "uv": [ 7.5, 10, 9, 11 ], "texture": "#texture" },
				"south": { "uv": [ 6.5, 5, 9.5, 7 ], "texture": "#texture" },
				"west": { "uv": [ 7.5, 10, 9, 11 ], "texture": "#texture" },
				"east": { "uv": [ 7.5, 10, 9, 11 ], "texture": "#texture" }
			}
		}
	],
	"display": {
		"gui": {
			"rotation":  [ 0, 180, 0 ],
			"translation":  [ 0, 1, 0 ],
			"scale":  [ 0.5, 0.5, 0.5 ]
		},
		"head": {
			"translation":  [ 0, -2, 0 ]
		}
	}
}