{
  "FrostMage.crystal": {
    "category": "master",
    "sounds": [
      "FrostMage/crystal"
    ]
  },
  "FrostMage.freezingbreath.activation": {
    "category": "master",
    "sounds": [
      "FrostMage/freezingbreath_activation"
    ]
  },
  "FrostMage.frostbolt.activation": {
    "category": "master",
    "sounds": [
      "FrostMage/frostbolt_activation"
    ]
  },
  "FrostMage.frostbolt.impact": {
    "category": "master",
    "sounds": [
      "FrostMage/frostbolt_impact"
    ]
  },
  "FrostMage.icebarrier.activation": {
    "category": "master",
    "sounds": [
      "FrostMage/icebarrier_activation"
    ]
  },
  "FrostMage.pain": {
    "category": "master",
    "sounds": [
      "FrostMage/pain1",
      "FrostMage/pain2"
    ]
  },
  "FrostMage.select": {
    "category": "master",
    "sounds": [
      "FrostMage/select"
    ]
  },
  "FrostMage.smashed": {
    "category": "master",
    "sounds": [
      "FrostMage/smashed"
    ]
  },
  "FrostMage.taunt": {
    "category": "master",
    "sounds": [
      "FrostMage/taunt"
    ]
  },
  "melee.sword.meleehit": {
    "category": "master",
    "sounds": [
      "melee/sword_meleehit1",
      "melee/sword_meleehit2"
    ]
  },
  "melee.sword.meleemiss": {
    "category": "master",
    "sounds": [
      "melee/sword_meleemiss1",
      "melee/sword_meleemiss2"
    ]
  }
}