{"__comment":"Designed by Hypixel minecraft server with BDcraft Cubik PRO 0.93 Beta - http://bdcraft.net","ambientocclusion":false,"textures":{"unwrap1":"blocks/carpet_green_unwrap1","unwrap2":"blocks/carpet_green_unwrap2","unwrap3":"blocks/carpet_green_unwrap3","unwrap4":"blocks/carpet_green_unwrap4","unwrap5":"blocks/carpet_green_unwrap5"},"elements":[{"from":[3,2.5,4],"to":[13,9,5.5],"faces":{"down":{"uv":[13,5.5,3,4],"texture":"#unwrap5"},"up":{"uv":[4,7,5.5,7.5],"rotation":90,"texture":"#unwrap1"},"north":{"uv":[13,7,3,13.5],"texture":"#unwrap2"},"south":{"uv":[3,7,13,13.5],"texture":"#unwrap3"},"west":{"uv":[4,7,5.5,13.5],"texture":"#unwrap1"},"east":{"uv":[5.5,7,4,13.5],"texture":"#unwrap1"}}},{"from":[3,2.5,3.5],"to":[13,7,4],"faces":{"down":{"uv":[13,4,3,3.5],"texture":"#unwrap5"},"up":{"uv":[3,9,13,9.5],"texture":"#unwrap2"},"north":{"uv":[13,9,3,13.5],"texture":"#unwrap2"},"south":{"uv":[3,9,13,13.5],"texture":"#unwrap3"},"west":{"uv":[3.5,9,4,13.5],"texture":"#unwrap1"},"east":{"uv":[4,9,3.5,13.5],"texture":"#unwrap1"}}},{"from":[3.5,2,3.5],"to":[12.5,9,5],"faces":{"down":{"uv":[12.5,5,3.5,3.5],"texture":"#unwrap5"},"up":{"uv":[3.5,7,12.5,7.5],"texture":"#unwrap2"},"north":{"uv":[12.5,7,3.5,14],"texture":"#unwrap2"},"south":{"uv":[3.5,7,12.5,14],"texture":"#unwrap3"},"west":{"uv":[3.5,7,5,14],"texture":"#unwrap1"},"east":{"uv":[5,7,3.5,14],"texture":"#unwrap1"}}},{"from":[3.5,2.5,3],"to":[12.5,6.5,3.5],"faces":{"down":{"uv":[12.5,3.5,3.5,3],"texture":"#unwrap5"},"up":{"uv":[3.5,9.5,12.5,10],"texture":"#unwrap2"},"north":{"uv":[12.5,9.5,3.5,13.5],"texture":"#unwrap2"},"south":{"uv":[3.5,9.5,12.5,13.5],"texture":"#unwrap3"},"west":{"uv":[3,9.5,3.5,13.5],"texture":"#unwrap1"},"east":{"uv":[3.5,9.5,3,13.5],"texture":"#unwrap1"}}},{"from":[3.5,2.5,2.5],"to":[12.5,5.5,3],"faces":{"down":{"uv":[12.5,3,3.5,2.5],"texture":"#unwrap5"},"up":{"uv":[3.5,2.5,12.5,3],"texture":"#unwrap4"},"north":{"uv":[12.5,10.5,3.5,13.5],"texture":"#unwrap2"},"south":{"uv":[3.5,10.5,12.5,13.5],"texture":"#unwrap3"},"west":{"uv":[2.5,10.5,3,13.5],"texture":"#unwrap1"},"east":{"uv":[3,10.5,2.5,13.5],"texture":"#unwrap1"}}},{"from":[4,1.5,2.5],"to":[12,2,4.5],"faces":{"down":{"uv":[12,4.5,4,2.5],"texture":"#unwrap5"},"up":{"uv":[4,2.5,12,4.5],"texture":"#unwrap4"},"north":{"uv":[12,14,4,14.5],"texture":"#unwrap2"},"south":{"uv":[4,14,12,14.5],"texture":"#unwrap3"},"west":{"uv":[2.5,14,4.5,14.5],"texture":"#unwrap1"},"east":{"uv":[4.5,14,2.5,14.5],"texture":"#unwrap1"}}},{"from":[4,2,2],"to":[12,7,3.5],"faces":{"down":{"uv":[12,3.5,4,2],"texture":"#unwrap5"},"up":{"uv":[4,2,12,3.5],"texture":"#unwrap4"},"north":{"uv":[12,9,4,14],"texture":"#unwrap2"},"south":{"uv":[4,9,12,14],"texture":"#unwrap3"},"west":{"uv":[2,9,3.5,14],"texture":"#unwrap1"},"east":{"uv":[3.5,9,2,14],"texture":"#unwrap1"}}},{"from":[4,7,3],"to":[12,9,3.5],"faces":{"down":{"uv":[12,3.5,4,3],"texture":"#unwrap5"},"up":{"uv":[4,7,12,7.5],"texture":"#unwrap2"},"north":{"uv":[12,7,4,9],"texture":"#unwrap2"},"south":{"uv":[4,7,12,9],"texture":"#unwrap3"},"west":{"uv":[3,7,3.5,9],"texture":"#unwrap1"},"east":{"uv":[3.5,7,3,9],"texture":"#unwrap1"}}},{"from":[4,7,3],"to":[12,9,3.5],"faces":{"down":{"uv":[12,3.5,4,3],"texture":"#unwrap5"},"up":{"uv":[4,7,12,7.5],"texture":"#unwrap2"},"north":{"uv":[12,7,4,9],"texture":"#unwrap2"},"south":{"uv":[4,7,12,9],"texture":"#unwrap3"},"west":{"uv":[3,7,3.5,9],"texture":"#unwrap1"},"east":{"uv":[3.5,7,3,9],"texture":"#unwrap1"}}},{"from":[4.5,7,2.5],"to":[11.5,9,3],"faces":{"down":{"uv":[11.5,3,4.5,2.5],"texture":"#unwrap5"},"up":{"uv":[4.5,7,11.5,7.5],"texture":"#unwrap2"},"north":{"uv":[11.5,7,4.5,9],"texture":"#unwrap2"},"south":{"uv":[4.5,7,11.5,9],"texture":"#unwrap3"},"west":{"uv":[2.5,7,3,9],"texture":"#unwrap1"},"east":{"uv":[3,7,2.5,9],"texture":"#unwrap1"}}},{"from":[4.5,7,2],"to":[11.5,8.5,2.5],"faces":{"down":{"uv":[11.5,2.5,4.5,2],"texture":"#unwrap5"},"up":{"uv":[4.5,2,11.5,2.5],"texture":"#unwrap4"},"north":{"uv":[11.5,7.5,4.5,9],"texture":"#unwrap2"},"south":{"uv":[4.5,7.5,11.5,9],"texture":"#unwrap3"},"west":{"uv":[2,7.5,2.5,9],"texture":"#unwrap1"},"east":{"uv":[2.5,7.5,2,9],"texture":"#unwrap1"}}},{"from":[4.5,7,2],"to":[11.5,8.5,2.5],"faces":{"down":{"uv":[11.5,2.5,4.5,2],"texture":"#unwrap5"},"up":{"uv":[4.5,2,11.5,2.5],"texture":"#unwrap4"},"north":{"uv":[11.5,7.5,4.5,9],"texture":"#unwrap2"},"south":{"uv":[4.5,7.5,11.5,9],"texture":"#unwrap3"},"west":{"uv":[2,7.5,2.5,9],"texture":"#unwrap1"},"east":{"uv":[2.5,7.5,2,9],"texture":"#unwrap1"}}},{"from":[5,8.5,2],"to":[11,9,2.5],"faces":{"down":{"uv":[11,2.5,5,2],"texture":"#unwrap5"},"up":{"uv":[5,7,11,7.5],"texture":"#unwrap2"},"north":{"uv":[11,7,5,7.5],"texture":"#unwrap2"},"south":{"uv":[5,7,11,7.5],"texture":"#unwrap3"},"west":{"uv":[2,7,2.5,7.5],"texture":"#unwrap1"},"east":{"uv":[2.5,7,2,7.5],"texture":"#unwrap1"}}},{"from":[4.5,1.5,1.5],"to":[11.5,6.5,2.5],"faces":{"down":{"uv":[11.5,2.5,4.5,1.5],"texture":"#unwrap5"},"up":{"uv":[4.5,1.5,11.5,2.5],"texture":"#unwrap4"},"north":{"uv":[11.5,9.5,4.5,14.5],"texture":"#unwrap2"},"south":{"uv":[4.5,9.5,11.5,14.5],"texture":"#unwrap3"},"west":{"uv":[1.5,9.5,2.5,14.5],"texture":"#unwrap1"},"east":{"uv":[2.5,9.5,1.5,14.5],"texture":"#unwrap1"}}},{"from":[4.5,4,1],"to":[11.5,6.5,1.5],"faces":{"down":{"uv":[11.5,1.5,4.5,1],"texture":"#unwrap5"},"up":{"uv":[4.5,12.5,11.5,13],"texture":"#unwrap4"},"north":{"uv":[11.5,9.5,4.5,12],"texture":"#unwrap2"},"south":{"uv":[4.5,9.5,11.5,12],"texture":"#unwrap3"},"west":{"uv":[1,9.5,1.5,12],"texture":"#unwrap1"},"east":{"uv":[1.5,9.5,1,12],"texture":"#unwrap1"}}},{"from":[5,3.5,0.5],"to":[11,6.5,1.5],"faces":{"down":{"uv":[11,1.5,5,0.5],"texture":"#unwrap5"},"up":{"uv":[4.5,12.5,11.5,13.5],"texture":"#unwrap4"},"north":{"uv":[11,9.5,5,12.5],"texture":"#unwrap2"},"south":{"uv":[5,9.5,11,12.5],"texture":"#unwrap3"},"west":{"uv":[0.5,9.5,1.5,12.5],"texture":"#unwrap1"},"east":{"uv":[1.5,9.5,0.5,12.5],"texture":"#unwrap1"}}},{"from":[5,1.5,1],"to":[11,3.5,1.5],"faces":{"down":{"uv":[11,1.5,5,1],"texture":"#unwrap5"},"up":{"uv":[5,1,11,1.5],"texture":"#unwrap4"},"north":{"uv":[11,12.5,5,14.5],"texture":"#unwrap2"},"south":{"uv":[5,12.5,11,14.5],"texture":"#unwrap3"},"west":{"uv":[1,12.5,1.5,14.5],"texture":"#unwrap1"},"east":{"uv":[1.5,12.5,1,14.5],"texture":"#unwrap1"}}},{"from":[5.5,2,0.5],"to":[10.5,3.5,1],"faces":{"down":{"uv":[10.5,1,5.5,0.5],"texture":"#unwrap5"},"up":{"uv":[5.5,0.5,10.5,1],"texture":"#unwrap4"},"north":{"uv":[10.5,12.5,5.5,14],"texture":"#unwrap2"},"south":{"uv":[5.5,12.5,10.5,14],"texture":"#unwrap3"},"west":{"uv":[0.5,12.5,1,14],"texture":"#unwrap1"},"east":{"uv":[1,12.5,0.5,14],"texture":"#unwrap1"}}},{"from":[6,1.5,0.5],"to":[10,2,1],"faces":{"down":{"uv":[10,1,6,0.5],"texture":"#unwrap5"},"up":{"uv":[6,0.5,10,1],"texture":"#unwrap4"},"north":{"uv":[10,14,6,14.5],"texture":"#unwrap2"},"south":{"uv":[6,14,10,14.5],"texture":"#unwrap3"},"west":{"uv":[0.5,14,1,14.5],"texture":"#unwrap1"},"east":{"uv":[1,14,0.5,14.5],"texture":"#unwrap1"}}},{"from":[7,1.5,0],"to":[9,2.5,0.5],"faces":{"down":{"uv":[9,0.5,7,0],"texture":"#unwrap5"},"up":{"uv":[7,13.5,9,14],"texture":"#unwrap2"},"north":{"uv":[9,13.5,7,14.5],"texture":"#unwrap2"},"south":{"uv":[7,13.5,9,14.5],"texture":"#unwrap3"},"west":{"uv":[0,13.5,0.5,14.5],"texture":"#unwrap1"},"east":{"uv":[0.5,13.5,0,14.5],"texture":"#unwrap1"}}},{"from":[7.5,2.5,0],"to":[8,3,0.5],"faces":{"down":{"uv":[8.5,0.5,8,0],"texture":"#unwrap5"},"up":{"uv":[7.5,13,8,13.5],"texture":"#unwrap2"},"north":{"uv":[8,13,7.5,13.5],"texture":"#unwrap2"},"south":{"uv":[7.5,13,8,13.5],"texture":"#unwrap3"},"west":{"uv":[0,13,0.5,13.5],"texture":"#unwrap1"},"east":{"uv":[0.5,13,0,13.5],"texture":"#unwrap1"}}},{"from":[7.5,1,0.5],"to":[8.5,1.5,1],"faces":{"down":{"uv":[8.5,1,7.5,0.5],"texture":"#unwrap5"},"up":{"uv":[7.5,0.5,8.5,1],"texture":"#unwrap4"},"north":{"uv":[8.5,14.5,7.5,15],"texture":"#unwrap2"},"south":{"uv":[7.5,14.5,8.5,15],"texture":"#unwrap3"},"west":{"uv":[0.5,14.5,1,15],"texture":"#unwrap1"},"east":{"uv":[1,14.5,0.5,15],"texture":"#unwrap1"}}},{"from":[6,1,2],"to":[7,1.5,2.5],"faces":{"down":{"uv":[10,2.5,9,2],"texture":"#unwrap5"},"up":{"uv":[6,2,7,2.5],"texture":"#unwrap4"},"north":{"uv":[7,14.5,6,15],"texture":"#unwrap2"},"south":{"uv":[6,14.5,7,15],"texture":"#unwrap3"},"west":{"uv":[2,14.5,2.5,15],"texture":"#unwrap1"},"east":{"uv":[2.5,14.5,2,15],"texture":"#unwrap1"}}},{"from":[9,1,2],"to":[10,1.5,2.5],"faces":{"down":{"uv":[7,2.5,6,2],"texture":"#unwrap5"},"up":{"uv":[9,2,10,2.5],"texture":"#unwrap4"},"north":{"uv":[10,14.5,9,15],"texture":"#unwrap2"},"south":{"uv":[9,14.5,10,15],"texture":"#unwrap3"},"west":{"uv":[2,14.5,2.5,15],"texture":"#unwrap1"},"east":{"uv":[2.5,14.5,2,15],"texture":"#unwrap1"}}},{"from":[4.5,1,2],"to":[5.5,1.5,3],"faces":{"down":{"uv":[11.5,3,10.5,2],"texture":"#unwrap5"},"up":{"uv":[4.5,2,5.5,3],"texture":"#unwrap4"},"north":{"uv":[5.5,14.5,4.5,15],"texture":"#unwrap2"},"south":{"uv":[4.5,14.5,5.5,15],"texture":"#unwrap3"},"west":{"uv":[2,14.5,3,15],"texture":"#unwrap1"},"east":{"uv":[3,14.5,2,15],"texture":"#unwrap1"}}},{"from":[10.5,1,2],"to":[11.5,1.5,3],"faces":{"down":{"uv":[5.5,3,4.5,2],"texture":"#unwrap5"},"up":{"uv":[10.5,2,11.5,3],"texture":"#unwrap4"},"north":{"uv":[11.5,14.5,10.5,15],"texture":"#unwrap2"},"south":{"uv":[10.5,14.5,11.5,15],"texture":"#unwrap3"},"west":{"uv":[2,14.5,3,15],"texture":"#unwrap1"},"east":{"uv":[3,14.5,2,15],"texture":"#unwrap1"}}},{"from":[6.5,0.5,1.5],"to":[7,1.5,2],"faces":{"down":{"uv":[9.5,2,9,1.5],"texture":"#unwrap5"},"up":{"uv":[6.5,1.5,7,2],"texture":"#unwrap4"},"north":{"uv":[7,14.5,6.5,15.5],"texture":"#unwrap2"},"south":{"uv":[6.5,14.5,7,15.5],"texture":"#unwrap3"},"west":{"uv":[1.5,14.5,2,15.5],"texture":"#unwrap1"},"east":{"uv":[2,14.5,1.5,15.5],"texture":"#unwrap1"}}},{"from":[9,0.5,1.5],"to":[9.5,1.5,2],"faces":{"down":{"uv":[7,2,6.5,1.5],"texture":"#unwrap5"},"up":{"uv":[9,1.5,9.5,2],"texture":"#unwrap4"},"north":{"uv":[9.5,14.5,9,15.5],"texture":"#unwrap2"},"south":{"uv":[9,14.5,9.5,15.5],"texture":"#unwrap3"},"west":{"uv":[1.5,14.5,2,15.5],"texture":"#unwrap1"},"east":{"uv":[2,14.5,1.5,15.5],"texture":"#unwrap1"}}},{"from":[6.5,0.5,3],"to":[7,1.5,3.5],"faces":{"down":{"uv":[9.5,3.5,9,3],"texture":"#unwrap5"},"up":{"uv":[6.5,3,7,3.5],"texture":"#unwrap4"},"north":{"uv":[7,14.5,6.5,15.5],"texture":"#unwrap2"},"south":{"uv":[6.5,14.5,7,15.5],"texture":"#unwrap3"},"west":{"uv":[3,14.5,3.5,15.5],"texture":"#unwrap1"},"east":{"uv":[3.5,14.5,3,15.5],"texture":"#unwrap1"}}},{"from":[9,0.5,3],"to":[9.5,1.5,3.5],"faces":{"down":{"uv":[7,3.5,6.5,3],"texture":"#unwrap5"},"up":{"uv":[9,3,9.5,3.5],"texture":"#unwrap4"},"north":{"uv":[9.5,14.5,9,15.5],"texture":"#unwrap2"},"south":{"uv":[9,14.5,9.5,15.5],"texture":"#unwrap3"},"west":{"uv":[3,14.5,3.5,15.5],"texture":"#unwrap1"},"east":{"uv":[3.5,14.5,3,15.5],"texture":"#unwrap1"}}},{"from":[4.5,1,4],"to":[5,1.5,4.5],"faces":{"down":{"uv":[11.5,4.5,11,4],"texture":"#unwrap5"},"up":{"uv":[4.5,4,5,4.5],"texture":"#unwrap4"},"north":{"uv":[5,14.5,4.5,15],"texture":"#unwrap2"},"south":{"uv":[4.5,14.5,5,15],"texture":"#unwrap3"},"west":{"uv":[4,14.5,4.5,15],"texture":"#unwrap1"},"east":{"uv":[4.5,14.5,4,15],"texture":"#unwrap1"}}},{"from":[11,1,4],"to":[11.5,1.5,4.5],"faces":{"down":{"uv":[5,4.5,4.5,4],"texture":"#unwrap5"},"up":{"uv":[11,4,11.5,4.5],"texture":"#unwrap4"},"north":{"uv":[11.5,14.5,11,15],"texture":"#unwrap2"},"south":{"uv":[11,14.5,11.5,15],"texture":"#unwrap3"},"west":{"uv":[4,14.5,4.5,15],"texture":"#unwrap1"},"east":{"uv":[4.5,14.5,4,15],"texture":"#unwrap1"}}},{"from":[5,6.5,1.5],"to":[11,8.5,2],"faces":{"down":{"uv":[11,2,5,1.5],"texture":"#unwrap5"},"up":{"uv":[5,1.5,11,2],"texture":"#unwrap4"},"north":{"uv":[11,7.5,5,9.5],"texture":"#unwrap2"},"south":{"uv":[5,7.5,11,9.5],"texture":"#unwrap3"},"west":{"uv":[1.5,7.5,2,9.5],"texture":"#unwrap1"},"east":{"uv":[2,7.5,1.5,9.5],"texture":"#unwrap1"}}},{"from":[5.5,8.5,1.5],"to":[10.5,9,2],"faces":{"down":{"uv":[10.5,2,5.5,1.5],"texture":"#unwrap5"},"up":{"uv":[5.5,7,10.5,7.5],"texture":"#unwrap2"},"north":{"uv":[10.5,7,5.5,7.5],"texture":"#unwrap2"},"south":{"uv":[5.5,7,10.5,7.5],"texture":"#unwrap3"},"west":{"uv":[1.5,7,2,7.5],"texture":"#unwrap1"},"east":{"uv":[2,7,1.5,7.5],"texture":"#unwrap1"}}},{"from":[5.5,6.5,1],"to":[10.5,8,1.5],"faces":{"down":{"uv":[10.5,1.5,5.5,1],"texture":"#unwrap5"},"up":{"uv":[5.5,1,10.5,1.5],"texture":"#unwrap4"},"north":{"uv":[10.5,8,5.5,9.5],"texture":"#unwrap2"},"south":{"uv":[5.5,8,10.5,9.5],"texture":"#unwrap3"},"west":{"uv":[1,8,1.5,9.5],"texture":"#unwrap1"},"east":{"uv":[1.5,8,1,9.5],"texture":"#unwrap1"}}},{"from":[6,8,1],"to":[10,8.5,1.5],"faces":{"down":{"uv":[10,1.5,6,1],"texture":"#unwrap5"},"up":{"uv":[6,1,10,1.5],"texture":"#unwrap4"},"north":{"uv":[10,7.5,6,8],"texture":"#unwrap2"},"south":{"uv":[6,7.5,10,8],"texture":"#unwrap3"},"west":{"uv":[1,7.5,1.5,8],"texture":"#unwrap1"},"east":{"uv":[1.5,7.5,1,8],"texture":"#unwrap1"}}},{"from":[7.5,6.5,0.5],"to":[8.5,7,1],"faces":{"down":{"uv":[8.5,1,7.5,0.5],"texture":"#unwrap5"},"up":{"uv":[7.5,9,8.5,9.5],"texture":"#unwrap2"},"north":{"uv":[8.5,9,7.5,9.5],"texture":"#unwrap2"},"south":{"uv":[7.5,9,8.5,9.5],"texture":"#unwrap3"},"west":{"uv":[0.5,9,1,9.5],"texture":"#unwrap1"},"east":{"uv":[1,9,0.5,9.5],"texture":"#unwrap1"}}},{"from":[6.5,5,0],"to":[9.5,5.5,0.5],"faces":{"down":{"uv":[9.5,11,6.5,10.5],"texture":"#unwrap2"},"up":{"uv":[6.5,0,9.5,0.5],"texture":"#unwrap4"},"north":{"uv":[9.5,10.5,6.5,11],"texture":"#unwrap2"},"south":{"uv":[6.5,10.5,9.5,11],"texture":"#unwrap3"},"west":{"uv":[0,10.5,0.5,11],"texture":"#unwrap1"},"east":{"uv":[0.5,10.5,0,11],"texture":"#unwrap1"}}},{"from":[7,5.5,0],"to":[9,6,0.5],"faces":{"down":{"uv":[9,0.5,7,0],"texture":"#unwrap5"},"up":{"uv":[7,0,9,0.5],"texture":"#unwrap4"},"north":{"uv":[9,10,7,10.5],"texture":"#unwrap2"},"south":{"uv":[7,10,9,10.5],"texture":"#unwrap3"},"west":{"uv":[0,10,0.5,10.5],"texture":"#unwrap1"},"east":{"uv":[0.5,10,0,10.5],"texture":"#unwrap1"}}},{"from":[5.5,6.5,0.5],"to":[6.5,7.5,1],"faces":{"down":{"uv":[10.5,1,9.5,0.5],"texture":"#unwrap5"},"up":{"uv":[5.5,0.5,6.5,1],"texture":"#unwrap4"},"north":{"uv":[6.5,8.5,5.5,9.5],"texture":"#unwrap2"},"south":{"uv":[5.5,8.5,6.5,9.5],"texture":"#unwrap3"},"west":{"uv":[0.5,8.5,1,9.5],"texture":"#unwrap1"},"east":{"uv":[1,8.5,0.5,9.5],"texture":"#unwrap1"}}},{"from":[9.5,6.5,0.5],"to":[10.5,7.5,1],"faces":{"down":{"uv":[6.5,1,5.5,0.5],"texture":"#unwrap5"},"up":{"uv":[9.5,0.5,10.5,1],"texture":"#unwrap4"},"north":{"uv":[10.5,8.5,9.5,9.5],"texture":"#unwrap2"},"south":{"uv":[9.5,8.5,10.5,9.5],"texture":"#unwrap3"},"west":{"uv":[0.5,8.5,1,9.5],"texture":"#unwrap1"},"east":{"uv":[1,8.5,0.5,9.5],"texture":"#unwrap1"}}},{"from":[7,8.5,1],"to":[9,9.5,2],"faces":{"down":{"uv":[9,7.5,7,7],"texture":"#unwrap2"},"up":{"uv":[7,6,9,6.5],"texture":"#unwrap2"},"north":{"uv":[9,6.5,7,7.5],"texture":"#unwrap2"},"south":{"uv":[7,6.5,9,7.5],"texture":"#unwrap3"},"west":{"uv":[1,6.5,2,7.5],"texture":"#unwrap1"},"east":{"uv":[2,6.5,1,7.5],"texture":"#unwrap1"}}},{"from":[7.5,8.5,0.5],"to":[8.5,9.5,1],"faces":{"down":{"uv":[8.5,7.5,7.5,7],"texture":"#unwrap2"},"up":{"uv":[7.5,0.5,8.5,1],"texture":"#unwrap4"},"north":{"uv":[8.5,6.5,7.5,7.5],"texture":"#unwrap2"},"south":{"uv":[7.5,6.5,8.5,7.5],"texture":"#unwrap3"},"west":{"uv":[0.5,6.5,1,7.5],"texture":"#unwrap1"},"east":{"uv":[1,6.5,0.5,7.5],"texture":"#unwrap1"}}},{"from":[3.5,9,4.5],"to":[12.5,11.5,5.5],"faces":{"down":{"uv":[12.5,5.5,3.5,4.5],"texture":"#unwrap5"},"up":{"uv":[3.5,4.5,12.5,5.5],"texture":"#unwrap4"},"north":{"uv":[12.5,4.5,3.5,7],"texture":"#unwrap2"},"south":{"uv":[3.5,4.5,12.5,7],"texture":"#unwrap3"},"west":{"uv":[4.5,4.5,5.5,7],"texture":"#unwrap1"},"east":{"uv":[5.5,4.5,4.5,7],"texture":"#unwrap1"}}},{"from":[3.5,9,4],"to":[12.5,10,4.5],"faces":{"down":{"uv":[12.5,4.5,3.5,4],"texture":"#unwrap5"},"up":{"uv":[3.5,6,12.5,6.5],"texture":"#unwrap2"},"north":{"uv":[12.5,6,3.5,7],"texture":"#unwrap2"},"south":{"uv":[3.5,6,12.5,7],"texture":"#unwrap3"},"west":{"uv":[4,6,4.5,7],"texture":"#unwrap1"},"east":{"uv":[4.5,6,4,7],"texture":"#unwrap1"}}},{"from":[4,10,4],"to":[12,12.5,5.5],"faces":{"down":{"uv":[12,5.5,4,4],"texture":"#unwrap5"},"up":{"uv":[4,4,12,5.5],"texture":"#unwrap4"},"north":{"uv":[12,3.5,4,6],"texture":"#unwrap2"},"south":{"uv":[4,3.5,12,6],"texture":"#unwrap3"},"west":{"uv":[8,1,9.5,3.5],"texture":"#unwrap1"},"east":{"uv":[9.5,1,8,3.5],"texture":"#unwrap1"}}},{"from":[4,10.5,3.5],"to":[12,11.5,4],"faces":{"down":{"uv":[12,4,4,3.5],"texture":"#unwrap5"},"up":{"uv":[4,3.5,12,4],"texture":"#unwrap4"},"north":{"uv":[12,4.5,4,5.5],"texture":"#unwrap2"},"south":{"uv":[4,4.5,12,5.5],"texture":"#unwrap3"},"west":{"uv":[3.5,4.5,4,5.5],"texture":"#unwrap1"},"east":{"uv":[4,4.5,3.5,5.5],"texture":"#unwrap1"}}},{"from":[4.5,9.5,3.5],"to":[11.5,10.5,4],"faces":{"down":{"uv":[11.5,4,4.5,3.5],"texture":"#unwrap5"},"up":{"uv":[4.5,3.5,11.5,4],"texture":"#unwrap4"},"north":{"uv":[11.5,5.5,4.5,6.5],"texture":"#unwrap2"},"south":{"uv":[4.5,5.5,11.5,6.5],"texture":"#unwrap3"},"west":{"uv":[3.5,5.5,4,6.5],"texture":"#unwrap1"},"east":{"uv":[4,5.5,3.5,6.5],"texture":"#unwrap1"}}},{"from":[4,9,3.5],"to":[12,9.5,4],"faces":{"down":{"uv":[12,4,4,3.5],"texture":"#unwrap5"},"up":{"uv":[4,6.5,12,7],"texture":"#unwrap2"},"north":{"uv":[12,6.5,4,7],"texture":"#unwrap2"},"south":{"uv":[4,6.5,12,7],"texture":"#unwrap3"},"west":{"uv":[3.5,6.5,4,7],"texture":"#unwrap1"},"east":{"uv":[4,6.5,3.5,7],"texture":"#unwrap1"}}},{"from":[4.5,9,3],"to":[11.5,9.5,3.5],"faces":{"down":{"uv":[11.5,3.5,4.5,3],"texture":"#unwrap5"},"up":{"uv":[4.5,6.5,11.5,7],"texture":"#unwrap2"},"north":{"uv":[11.5,6.5,4.5,7],"texture":"#unwrap2"},"south":{"uv":[4.5,6.5,11.5,7],"texture":"#unwrap3"},"west":{"uv":[3,6.5,3.5,7],"texture":"#unwrap1"},"east":{"uv":[3.5,6.5,3,7],"texture":"#unwrap1"}}},{"from":[4.5,11,3],"to":[11.5,13,5.5],"faces":{"down":{"uv":[11.5,5.5,4.5,3],"texture":"#unwrap5"},"up":{"uv":[4.5,3,11.5,5.5],"texture":"#unwrap4"},"north":{"uv":[11.5,3,4.5,5],"texture":"#unwrap2"},"south":{"uv":[4.5,3,11.5,5],"texture":"#unwrap3"},"west":{"uv":[7,0.5,9.5,2.5],"texture":"#unwrap1"},"east":{"uv":[9.5,0.5,7,2.5],"texture":"#unwrap1"}}},{"from":[5,9,2.5],"to":[11,13,3.5],"faces":{"down":{"uv":[11,3.5,5,2.5],"texture":"#unwrap5"},"up":{"uv":[5,2.5,11,3.5],"texture":"#unwrap4"},"north":{"uv":[11,3,5,7],"texture":"#unwrap2"},"south":{"uv":[5,3,11,7],"texture":"#unwrap3"},"west":{"uv":[2.5,3,3.5,7],"texture":"#unwrap1"},"east":{"uv":[3.5,3,2.5,7],"texture":"#unwrap1"}}},{"from":[6,9,2],"to":[10,9.5,2.5],"faces":{"down":{"uv":[10,2.5,6,2],"texture":"#unwrap5"},"up":{"uv":[6,6.5,10,7],"texture":"#unwrap2"},"north":{"uv":[10,6.5,6,7],"texture":"#unwrap2"},"south":{"uv":[6,6.5,10,7],"texture":"#unwrap3"},"west":{"uv":[2,6.5,2.5,7],"texture":"#unwrap1"},"east":{"uv":[2.5,6.5,2,7],"texture":"#unwrap1"}}},{"from":[6.5,9.5,2],"to":[9.5,11,2.5],"faces":{"down":{"uv":[9.5,2.5,6.5,2],"texture":"#unwrap5"},"up":{"uv":[6.5,2,9.5,2.5],"texture":"#unwrap4"},"north":{"uv":[9.5,5,6.5,6.5],"texture":"#unwrap2"},"south":{"uv":[6.5,5,9.5,6.5],"texture":"#unwrap3"},"west":{"uv":[2,5,2.5,6.5],"texture":"#unwrap1"},"east":{"uv":[2.5,5,2,6.5],"texture":"#unwrap1"}}},{"from":[5.5,11,2],"to":[10.5,13,2.5],"faces":{"down":{"uv":[10.5,5,5.5,4.5],"texture":"#unwrap2"},"up":{"uv":[5.5,2,10.5,2.5],"texture":"#unwrap4"},"north":{"uv":[10.5,3,5.5,5],"texture":"#unwrap2"},"south":{"uv":[5.5,3,10.5,5],"texture":"#unwrap3"},"west":{"uv":[2,3,2.5,5],"texture":"#unwrap1"},"east":{"uv":[12,2,11.5,4],"texture":"#unwrap1"}}},{"from":[5,11.5,2],"to":[11,12.5,2.5],"faces":{"down":{"uv":[11,4.5,5,4],"texture":"#unwrap2"},"up":{"uv":[5,2,11,2.5],"texture":"#unwrap4"},"north":{"uv":[11,3.5,5,4.5],"texture":"#unwrap2"},"south":{"uv":[5,3.5,11,4.5],"texture":"#unwrap3"},"west":{"uv":[2,3.5,2.5,4.5],"texture":"#unwrap1"},"east":{"uv":[2.5,3.5,2,4.5],"texture":"#unwrap1"}}},{"from":[4.5,11.5,2.5],"to":[11.5,12.5,3],"faces":{"down":{"uv":[11.5,4.5,4.5,4],"texture":"#unwrap2"},"up":{"uv":[4.5,2.5,11.5,3],"texture":"#unwrap4"},"north":{"uv":[11.5,3.5,4.5,4.5],"texture":"#unwrap2"},"south":{"uv":[4.5,3.5,11.5,4.5],"texture":"#unwrap3"},"west":{"uv":[2.5,3.5,3,4.5],"texture":"#unwrap1"},"east":{"uv":[3,3.5,2.5,4.5],"texture":"#unwrap1"}}},{"from":[4,11.5,3],"to":[12,12,3.5],"faces":{"down":{"uv":[12,3.5,4,3],"texture":"#unwrap5"},"up":{"uv":[4,3,12,3.5],"texture":"#unwrap4"},"north":{"uv":[12,4,4,4.5],"texture":"#unwrap2"},"south":{"uv":[4,4,12,4.5],"texture":"#unwrap3"},"west":{"uv":[3,4,3.5,4.5],"texture":"#unwrap1"},"east":{"uv":[3.5,4,3,4.5],"texture":"#unwrap1"}}},{"from":[3.5,12,3],"to":[12.5,12.5,3.5],"faces":{"down":{"uv":[12.5,4,3.5,3.5],"texture":"#unwrap2"},"up":{"uv":[3.5,3.5,12.5,4],"texture":"#unwrap2"},"north":{"uv":[12.5,3.5,3.5,4],"texture":"#unwrap2"},"south":{"uv":[3.5,3.5,12.5,4],"texture":"#unwrap3"},"west":{"uv":[3,3.5,3.5,4],"texture":"#unwrap1"},"east":{"uv":[3.5,3.5,3,4],"texture":"#unwrap1"}}},{"from":[7,11,1.5],"to":[9,11.5,2],"faces":{"down":{"uv":[9,5,7,4.5],"texture":"#unwrap2"},"up":{"uv":[7,1.5,9,2],"texture":"#unwrap4"},"north":{"uv":[9,4.5,7,5],"texture":"#unwrap2"},"south":{"uv":[7,4.5,9,5],"texture":"#unwrap3"},"west":{"uv":[1.5,4.5,2,5],"texture":"#unwrap1"},"east":{"uv":[2,4.5,1.5,5],"texture":"#unwrap1"}}},{"from":[6.5,11.5,1.5],"to":[9.5,12.5,2],"faces":{"down":{"uv":[9.5,4.5,6.5,4],"texture":"#unwrap2"},"up":{"uv":[6.5,1.5,9.5,2],"texture":"#unwrap4"},"north":{"uv":[9.5,3.5,6.5,4.5],"texture":"#unwrap2"},"south":{"uv":[6.5,3.5,9.5,4.5],"texture":"#unwrap3"},"west":{"uv":[1.5,3.5,2,4.5],"texture":"#unwrap1"},"east":{"uv":[2,3.5,1.5,4.5],"texture":"#unwrap1"}}},{"from":[2.5,11.5,3.5],"to":[13.5,13,5],"faces":{"down":{"uv":[13.5,4.5,2.5,4],"texture":"#unwrap2"},"up":{"uv":[2.5,14,13.5,15.5],"texture":"#unwrap4"},"north":{"uv":[13.5,3,2.5,4.5],"texture":"#unwrap2"},"south":{"uv":[2.5,3,13.5,4.5],"texture":"#unwrap3"},"west":{"uv":[3.5,3,5,4.5],"texture":"#unwrap1"},"east":{"uv":[5,3,3.5,4.5],"texture":"#unwrap1"}}},{"from":[2,12,4],"to":[3.5,13.5,5.5],"faces":{"down":{"uv":[2,4,3.5,3.5],"texture":"#unwrap3"},"up":{"uv":[2,4,3.5,5.5],"texture":"#unwrap4"},"north":{"uv":[3.5,2.5,2,4],"texture":"#unwrap2"},"south":{"uv":[2,2.5,3.5,4],"texture":"#unwrap3"},"west":{"uv":[4,2.5,5.5,4],"texture":"#unwrap1"},"east":{"uv":[3.5,2.5,3,4],"texture":"#unwrap3"}}},{"from":[1.5,12.5,4.5],"to":[3,13.5,6],"faces":{"down":{"uv":[14.5,6,13,4.5],"texture":"#unwrap5"},"up":{"uv":[1.5,4.5,3,6],"texture":"#unwrap4"},"north":{"uv":[3,2.5,1.5,3.5],"texture":"#unwrap2"},"south":{"uv":[1.5,2.5,3,3.5],"texture":"#unwrap3"},"west":{"uv":[4.5,2.5,6,3.5],"texture":"#unwrap1"},"east":{"uv":[3.5,2.5,3,3.5],"texture":"#unwrap3"}}},{"from":[1.5,13.5,5.5],"to":[3,14,6],"faces":{"down":{"uv":[14.5,6,13,5.5],"texture":"#unwrap5"},"up":{"uv":[1.5,5.5,3,6],"texture":"#unwrap4"},"north":{"uv":[3,2,1.5,2.5],"texture":"#unwrap2"},"south":{"uv":[1.5,2,3,2.5],"texture":"#unwrap3"},"west":{"uv":[5.5,2,6,2.5],"texture":"#unwrap1"},"east":{"uv":[3,2,2.5,2.5],"texture":"#unwrap3"}}},{"from":[2,13.5,4.5],"to":[3.5,14,5.5],"faces":{"down":{"uv":[14,5.5,12.5,4.5],"texture":"#unwrap5"},"up":{"uv":[2,4.5,3.5,5.5],"texture":"#unwrap4"},"north":{"uv":[3.5,2,2,2.5],"texture":"#unwrap2"},"south":{"uv":[2,2,3.5,2.5],"texture":"#unwrap3"},"west":{"uv":[4.5,2,5.5,2.5],"texture":"#unwrap1"},"east":{"uv":[3.5,2,3,2.5],"texture":"#unwrap3"}}},{"from":[2,14,5],"to":[3.5,14.5,5.5],"faces":{"down":{"uv":[14,5.5,12.5,5],"texture":"#unwrap5"},"up":{"uv":[2,5,3.5,5.5],"texture":"#unwrap4"},"north":{"uv":[3.5,1.5,2,2],"texture":"#unwrap2"},"south":{"uv":[2,1.5,3.5,2],"texture":"#unwrap3"},"west":{"uv":[5,1.5,5.5,2],"texture":"#unwrap1"},"east":{"uv":[3.5,1.5,3,2],"texture":"#unwrap3"}}},{"from":[2.5,13.5,4],"to":[3.5,14,4.5],"faces":{"down":{"uv":[13.5,4.5,12.5,4],"texture":"#unwrap5"},"up":{"uv":[2.5,4,3.5,4.5],"texture":"#unwrap4"},"north":{"uv":[3.5,2,2.5,2.5],"texture":"#unwrap2"},"south":{"uv":[2.5,2,3.5,2.5],"texture":"#unwrap3"},"west":{"uv":[4,2,4.5,2.5],"texture":"#unwrap1"},"east":{"uv":[3.5,2,3,2.5],"texture":"#unwrap3"}}},{"from":[2.5,14,4.5],"to":[3.5,15,5],"faces":{"down":{"uv":[13.5,5,12.5,4.5],"texture":"#unwrap5"},"up":{"uv":[2.5,4.5,3.5,5],"texture":"#unwrap4"},"north":{"uv":[3.5,1,2.5,2],"texture":"#unwrap2"},"south":{"uv":[2.5,1,3.5,2],"texture":"#unwrap3"},"west":{"uv":[4.5,1,5,2],"texture":"#unwrap1"},"east":{"uv":[5,1,4.5,2],"texture":"#unwrap1"}}},{"from":[3,14.5,4],"to":[4,15,4.5],"faces":{"down":{"uv":[4,1.5,3,1],"texture":"#unwrap3"},"up":{"uv":[3,4,4,4.5],"texture":"#unwrap4"},"north":{"uv":[4,1,3,1.5],"texture":"#unwrap2"},"south":{"uv":[3,1,4,1.5],"texture":"#unwrap3"},"west":{"uv":[4,1,4.5,1.5],"texture":"#unwrap1"},"east":{"uv":[4.5,1,4,1.5],"texture":"#unwrap1"}}},{"from":[3.5,14.5,3],"to":[4,15,4],"faces":{"down":{"uv":[4,1.5,3.5,1],"texture":"#unwrap3"},"up":{"uv":[3.5,3,4,4],"texture":"#unwrap4"},"north":{"uv":[4,1,3.5,1.5],"texture":"#unwrap2"},"south":{"uv":[3.5,1,4,1.5],"texture":"#unwrap3"},"west":{"uv":[3,1,4,1.5],"texture":"#unwrap1"},"east":{"uv":[4,1,3,1.5],"texture":"#unwrap1"}}},{"from":[3,14,3.5],"to":[3.5,14.5,4.5],"faces":{"down":{"uv":[13,2,12.5,1.5],"texture":"#unwrap2"},"up":{"uv":[3,3.5,3.5,4.5],"texture":"#unwrap4"},"north":{"uv":[3.5,1.5,3,2],"texture":"#unwrap2"},"south":{"uv":[3,1.5,3.5,2],"texture":"#unwrap3"},"west":{"uv":[3.5,1.5,4.5,2],"texture":"#unwrap1"},"east":{"uv":[4.5,1.5,3.5,2],"texture":"#unwrap1"}}},{"from":[3,13,3.5],"to":[3.5,13.5,4],"faces":{"down":{"uv":[13,4,12.5,3.5],"texture":"#unwrap5"},"up":{"uv":[3,3.5,3.5,4],"texture":"#unwrap4"},"north":{"uv":[3.5,2.5,3,3],"texture":"#unwrap2"},"south":{"uv":[3,2.5,3.5,3],"texture":"#unwrap3"},"west":{"uv":[3.5,2.5,4,3],"texture":"#unwrap1"},"east":{"uv":[4,2.5,3.5,3],"texture":"#unwrap1"}}},{"from":[12.5,13,3.5],"to":[13,13.5,4],"faces":{"down":{"uv":[3.5,4,3,3.5],"texture":"#unwrap5"},"up":{"uv":[12.5,3.5,13,4],"texture":"#unwrap4"},"north":{"uv":[13,2.5,12.5,3],"texture":"#unwrap2"},"south":{"uv":[12.5,2.5,13,3],"texture":"#unwrap3"},"west":{"uv":[3.5,2.5,4,3],"texture":"#unwrap1"},"east":{"uv":[4,2.5,3.5,3],"texture":"#unwrap1"}}},{"from":[12.5,12,4],"to":[14,13.5,5.5],"faces":{"down":{"uv":[12.5,4,14,3.5],"texture":"#unwrap3"},"up":{"uv":[12.5,4,14,5.5],"texture":"#unwrap4"},"north":{"uv":[14,2.5,12.5,4],"texture":"#unwrap2"},"south":{"uv":[12.5,2.5,14,4],"texture":"#unwrap3"},"west":{"uv":[12.5,2.5,13,4],"texture":"#unwrap3"},"east":{"uv":[5.5,2.5,4,4],"texture":"#unwrap1"}}},{"from":[13,12.5,4.5],"to":[14.5,13.5,6],"faces":{"down":{"uv":[3,6,1.5,4.5],"texture":"#unwrap5"},"up":{"uv":[13,4.5,14.5,6],"texture":"#unwrap4"},"north":{"uv":[14.5,2.5,13,3.5],"texture":"#unwrap2"},"south":{"uv":[13,2.5,14.5,3.5],"texture":"#unwrap3"},"west":{"uv":[12.5,2.5,13,3.5],"texture":"#unwrap3"},"east":{"uv":[6,2.5,4.5,3.5],"texture":"#unwrap1"}}},{"from":[13,13.5,5.5],"to":[14.5,14,6],"faces":{"down":{"uv":[3,6,1.5,5.5],"texture":"#unwrap5"},"up":{"uv":[13,5.5,14.5,6],"texture":"#unwrap4"},"north":{"uv":[14.5,2,13,2.5],"texture":"#unwrap2"},"south":{"uv":[13,2,14.5,2.5],"texture":"#unwrap3"},"west":{"uv":[13,2,13.5,2.5],"texture":"#unwrap3"},"east":{"uv":[6,2,5.5,2.5],"texture":"#unwrap1"}}},{"from":[12.5,14,5],"to":[14,14.5,5.5],"faces":{"down":{"uv":[3.5,5.5,2,5],"texture":"#unwrap5"},"up":{"uv":[12.5,5,14,5.5],"texture":"#unwrap4"},"north":{"uv":[14,1.5,12.5,2],"texture":"#unwrap2"},"south":{"uv":[12.5,1.5,14,2],"texture":"#unwrap3"},"west":{"uv":[12.5,1.5,13,2],"texture":"#unwrap3"},"east":{"uv":[5.5,1.5,5,2],"texture":"#unwrap1"}}},{"from":[12.5,13.5,4.5],"to":[14,14,5.5],"faces":{"down":{"uv":[3.5,5.5,2,4.5],"texture":"#unwrap5"},"up":{"uv":[12.5,4.5,14,5.5],"texture":"#unwrap4"},"north":{"uv":[14,2,12.5,2.5],"texture":"#unwrap2"},"south":{"uv":[12.5,2,14,2.5],"texture":"#unwrap3"},"west":{"uv":[12.5,2,13,2.5],"texture":"#unwrap3"},"east":{"uv":[5.5,2,4.5,2.5],"texture":"#unwrap1"}}},{"from":[12.5,14,4.5],"to":[13.5,15,5],"faces":{"down":{"uv":[3.5,5,2.5,4.5],"texture":"#unwrap5"},"up":{"uv":[12.5,4.5,13.5,5],"texture":"#unwrap4"},"north":{"uv":[13.5,1,12.5,2],"texture":"#unwrap2"},"south":{"uv":[12.5,1,13.5,2],"texture":"#unwrap3"},"west":{"uv":[4.5,1,5,2],"texture":"#unwrap1"},"east":{"uv":[5,1,4.5,2],"texture":"#unwrap1"}}},{"from":[12,14.5,4],"to":[13,15,4.5],"faces":{"down":{"uv":[13,1.5,12,1],"texture":"#unwrap3"},"up":{"uv":[12,4,13,4.5],"texture":"#unwrap4"},"north":{"uv":[13,1,12,1.5],"texture":"#unwrap2"},"south":{"uv":[12,1,13,1.5],"texture":"#unwrap3"},"west":{"uv":[4,1,4.5,1.5],"texture":"#unwrap1"},"east":{"uv":[4.5,1,4,1.5],"texture":"#unwrap1"}}},{"from":[12,14.5,3],"to":[12.5,15,4],"faces":{"down":{"uv":[12.5,1.5,12,1],"texture":"#unwrap3"},"up":{"uv":[12,3,12.5,4],"texture":"#unwrap4"},"north":{"uv":[12.5,1,12,1.5],"texture":"#unwrap2"},"south":{"uv":[12,1,12.5,1.5],"texture":"#unwrap3"},"west":{"uv":[3,1,4,1.5],"texture":"#unwrap1"},"east":{"uv":[4,1,3,1.5],"texture":"#unwrap1"}}},{"from":[12.5,14,3.5],"to":[13,14.5,4.5],"faces":{"down":{"uv":[3.5,2,3,1.5],"texture":"#unwrap2"},"up":{"uv":[12.5,3.5,13,4.5],"texture":"#unwrap4"},"north":{"uv":[13,1.5,12.5,2],"texture":"#unwrap2"},"south":{"uv":[12.5,1.5,13,2],"texture":"#unwrap3"},"west":{"uv":[3.5,1.5,4.5,2],"texture":"#unwrap1"},"east":{"uv":[4.5,1.5,3.5,2],"texture":"#unwrap1"}}},{"from":[12.5,13.5,4],"to":[13.5,14,4.5],"faces":{"down":{"uv":[3.5,4.5,2.5,4],"texture":"#unwrap5"},"up":{"uv":[12.5,4,13.5,4.5],"texture":"#unwrap4"},"north":{"uv":[13.5,2,12.5,2.5],"texture":"#unwrap2"},"south":{"uv":[12.5,2,13.5,2.5],"texture":"#unwrap3"},"west":{"uv":[12.5,2,13,2.5],"texture":"#unwrap3"},"east":{"uv":[4.5,2,4,2.5],"texture":"#unwrap1"}}},{"from":[5.5,13,2.5],"to":[10.5,13.5,5.5],"faces":{"down":{"uv":[10.5,5.5,5.5,2.5],"texture":"#unwrap5"},"up":{"uv":[5.5,2.5,10.5,5.5],"texture":"#unwrap4"},"north":{"uv":[10.5,2.5,5.5,3],"texture":"#unwrap2"},"south":{"uv":[5.5,2.5,10.5,3],"texture":"#unwrap3"},"west":{"uv":[12,5,15,5.5],"texture":"#unwrap1"},"east":{"uv":[15,1.5,12,2],"texture":"#unwrap1"}}},{"from":[7,13,1],"to":[9,13.5,1.5],"faces":{"down":{"uv":[9,1.5,7,1],"texture":"#unwrap5"},"up":{"uv":[7,1,9,1.5],"texture":"#unwrap4"},"north":{"uv":[9,2.5,7,3],"texture":"#unwrap2"},"south":{"uv":[7,2.5,9,3],"texture":"#unwrap3"},"west":{"uv":[1,2.5,1.5,3],"texture":"#unwrap1"},"east":{"uv":[11,1.5,10.5,2],"texture":"#unwrap1"}}},{"from":[7,13,1],"to":[9,13.5,1.5],"faces":{"down":{"uv":[9,1.5,7,1],"texture":"#unwrap5"},"up":{"uv":[7,1,9,1.5],"texture":"#unwrap4"},"north":{"uv":[9,2.5,7,3],"texture":"#unwrap2"},"south":{"uv":[7,2.5,9,3],"texture":"#unwrap3"},"west":{"uv":[1,2.5,1.5,3],"texture":"#unwrap1"},"east":{"uv":[11,1.5,10.5,2],"texture":"#unwrap1"}}},{"from":[5.5,12.5,1],"to":[9.5,13,1.5],"faces":{"down":{"uv":[9.5,3.5,5.5,3],"texture":"#unwrap2"},"up":{"uv":[5.5,1,9.5,1.5],"texture":"#unwrap4"},"north":{"uv":[9.5,3,5.5,3.5],"texture":"#unwrap2"},"south":{"uv":[5.5,3,9.5,3.5],"texture":"#unwrap3"},"west":{"uv":[1,3,1.5,3.5],"texture":"#unwrap1"},"east":{"uv":[11,2,10.5,2.5],"texture":"#unwrap1"}}},{"from":[6,13,1],"to":[7,14,1.5],"faces":{"down":{"uv":[10,1.5,9,1],"texture":"#unwrap5"},"up":{"uv":[6,1,7,1.5],"texture":"#unwrap4"},"north":{"uv":[7,2,6,3],"texture":"#unwrap2"},"south":{"uv":[6,2,7,3],"texture":"#unwrap3"},"west":{"uv":[1,2,1.5,3],"texture":"#unwrap1"},"east":{"uv":[11,1,10.5,2],"texture":"#unwrap1"}}},{"from":[5,13,1],"to":[6,14.5,1.5],"faces":{"down":{"uv":[5,3,6,2.5],"texture":"#unwrap2"},"up":{"uv":[5,1,6,1.5],"texture":"#unwrap4"},"north":{"uv":[6,1.5,5,3],"texture":"#unwrap2"},"south":{"uv":[5,1.5,6,3],"texture":"#unwrap3"},"west":{"uv":[1,1.5,1.5,3],"texture":"#unwrap1"},"east":{"uv":[11,0.5,10.5,2],"texture":"#unwrap1"}}},{"from":[5.5,12.5,1.5],"to":[10,13.5,2.5],"faces":{"down":{"uv":[5.5,4,10,3],"texture":"#unwrap2"},"up":{"uv":[5.5,1.5,10,2.5],"texture":"#unwrap4"},"north":{"uv":[10,2.5,5.5,3.5],"texture":"#unwrap2"},"south":{"uv":[5.5,2.5,10,3.5],"texture":"#unwrap3"},"west":{"uv":[1.5,2.5,2.5,3.5],"texture":"#unwrap1"},"east":{"uv":[12,1.5,11,2.5],"texture":"#unwrap1"}}},{"from":[5.5,13.5,1.5],"to":[7.5,14,3],"faces":{"down":{"uv":[10.5,3,8.5,1.5],"texture":"#unwrap5"},"up":{"uv":[5.5,1.5,7.5,3],"texture":"#unwrap4"},"north":{"uv":[7.5,2,5.5,2.5],"texture":"#unwrap2"},"south":{"uv":[5.5,2,7.5,2.5],"texture":"#unwrap3"},"west":{"uv":[1.5,2,3,2.5],"texture":"#unwrap1"},"east":{"uv":[12.5,1,11,1.5],"texture":"#unwrap1"}}},{"from":[6,13.5,3],"to":[7.5,14,3.5],"faces":{"down":{"uv":[10,3.5,8.5,3],"texture":"#unwrap5"},"up":{"uv":[6,3,7.5,3.5],"texture":"#unwrap4"},"north":{"uv":[7.5,2,6,2.5],"texture":"#unwrap2"},"south":{"uv":[6,2,7.5,2.5],"texture":"#unwrap3"},"west":{"uv":[3,2,3.5,2.5],"texture":"#unwrap1"},"east":{"uv":[3.5,2,3,2.5],"texture":"#unwrap1"}}},{"from":[6.5,13.5,3.5],"to":[7.5,14,4],"faces":{"down":{"uv":[9.5,4,8.5,3.5],"texture":"#unwrap5"},"up":{"uv":[6.5,3.5,7.5,4],"texture":"#unwrap4"},"north":{"uv":[7.5,2,6.5,2.5],"texture":"#unwrap2"},"south":{"uv":[6.5,2,7.5,2.5],"texture":"#unwrap3"},"west":{"uv":[3.5,2,4,2.5],"texture":"#unwrap1"},"east":{"uv":[4,2,3.5,2.5],"texture":"#unwrap1"}}},{"from":[4.5,7.5,11],"to":[11.5,9,11.5],"faces":{"down":{"uv":[11.5,11.5,4.5,11],"texture":"#unwrap5"},"up":{"uv":[4.5,11,11.5,11.5],"texture":"#unwrap4"},"north":{"uv":[11.5,7,4.5,8.5],"texture":"#unwrap3"},"south":{"uv":[4.5,7,11.5,8.5],"texture":"#unwrap3"},"west":{"uv":[11,7,11.5,8.5],"texture":"#unwrap1"},"east":{"uv":[11.5,7,11,8.5],"texture":"#unwrap1"}}},{"from":[4.5,3.5,11],"to":[11.5,5,11.5],"faces":{"down":{"uv":[11.5,11.5,4.5,11],"texture":"#unwrap5"},"up":{"uv":[4.5,11,11.5,11.5],"texture":"#unwrap4"},"north":{"uv":[11.5,11,4.5,12.5],"texture":"#unwrap3"},"south":{"uv":[4.5,11,11.5,12.5],"texture":"#unwrap3"},"west":{"uv":[11,11,11.5,12.5],"texture":"#unwrap1"},"east":{"uv":[11.5,11,11,12.5],"texture":"#unwrap1"}}},{"from":[4,7.5,5.5],"to":[4.5,9,11.5],"faces":{"down":{"uv":[12,11.5,11.5,5.5],"texture":"#unwrap5"},"up":{"uv":[4,5.5,4.5,11.5],"texture":"#unwrap4"},"north":{"uv":[4.5,7,4,8.5],"texture":"#unwrap2"},"south":{"uv":[4,7,4.5,8.5],"texture":"#unwrap3"},"west":{"uv":[5.5,7,11.5,8.5],"texture":"#unwrap1"},"east":{"uv":[11.5,7,5.5,8.5],"texture":"#unwrap1"}}},{"from":[11.5,7.5,5.5],"to":[12,9,11.5],"faces":{"down":{"uv":[4.5,11.5,4,5.5],"texture":"#unwrap5"},"up":{"uv":[11.5,5.5,12,11.5],"texture":"#unwrap4"},"north":{"uv":[12,7,11.5,8.5],"texture":"#unwrap2"},"south":{"uv":[11.5,7,12,8.5],"texture":"#unwrap3"},"west":{"uv":[5.5,7,11.5,8.5],"texture":"#unwrap1"},"east":{"uv":[11.5,7,5.5,8.5],"texture":"#unwrap1"}}},{"from":[11.5,3.5,5.5],"to":[12,5,11.5],"faces":{"down":{"uv":[4.5,11.5,4,5.5],"texture":"#unwrap5"},"up":{"uv":[11.5,5.5,12,11.5],"texture":"#unwrap4"},"north":{"uv":[12,11,11.5,12.5],"texture":"#unwrap2"},"south":{"uv":[11.5,11,12,12.5],"texture":"#unwrap3"},"west":{"uv":[5.5,11,11.5,12.5],"texture":"#unwrap1"},"east":{"uv":[11.5,11,5.5,12.5],"texture":"#unwrap1"}}},{"from":[4,3.5,5.5],"to":[4.5,5,11.5],"faces":{"down":{"uv":[12,11.5,11.5,5.5],"texture":"#unwrap5"},"up":{"uv":[4,5.5,4.5,11.5],"texture":"#unwrap4"},"north":{"uv":[4.5,11,4,12.5],"texture":"#unwrap2"},"south":{"uv":[4,11,4.5,12.5],"texture":"#unwrap3"},"west":{"uv":[5.5,11,11.5,12.5],"texture":"#unwrap1"},"east":{"uv":[11.5,11,5.5,12.5],"texture":"#unwrap1"}}}],"display":{"head":{"rotation":[0,0,0],"translation":[0,2,0],"scale":[2.2,2.2,2.2]},"fixed":{"rotation":[0,0,0],"translation":[0,0,3.4],"scale":[2,2,2]},"gui":{"rotation":[30,-45,0],"translation":[0,0,0],"scale":[1.2,1.2,1.2]}}}