{"__comment":"Designed by Hypixel minecraft server with BDcraft Cubik PRO 0.92 Beta - http://bdcraft.net","textures":{"texture":"items/golden_pickaxe","Rocket Flame":"items/flame_red"},"elements":[{"from":[2.5,7.5,7],"to":[6,8.5,9],"faces":{"down":{"uv":[1.5,11.5,5,13.5],"texture":"#texture"},"up":{"uv":[1.5,11.5,5,13.5],"texture":"#texture"},"north":{"uv":[5,12,1.5,13],"texture":"#texture"},"south":{"uv":[1.5,12,5,13],"texture":"#texture"},"west":{"uv":[4,11.5,5,13.5],"rotation":90,"texture":"#texture"},"east":{"uv":[4,11.5,5,13.5],"rotation":90,"texture":"#texture"}}},{"from":[2.5,7,7.5],"to":[6,9,8.5],"faces":{"down":{"uv":[1.5,12,5,13],"texture":"#texture"},"up":{"uv":[1.5,12,5,13],"texture":"#texture"},"north":{"uv":[1.5,11.5,5,13.5],"texture":"#texture"},"south":{"uv":[1.5,11.5,5,13.5],"texture":"#texture"},"west":{"uv":[4,11.5,5,13.5],"texture":"#texture"},"east":{"uv":[4,11.5,5,13.5],"texture":"#texture"}}},{"from":[1.5,7,7],"to":[2.5,9,9],"faces":{"down":{"uv":[1,11.5,1.5,13.5],"texture":"#texture"},"up":{"uv":[0.5,11.5,1.5,12],"texture":"#texture"},"north":{"uv":[1.5,11.5,0.5,13.5],"texture":"#texture"},"south":{"uv":[0.5,11.5,1.5,13.5],"texture":"#texture"},"west":{"uv":[1,11.5,1.5,13.5],"texture":"#texture"},"east":{"uv":[1,11.5,1.5,13.5],"texture":"#texture"}}},{"from":[1,7.25,7.25],"to":[1.5,8.75,8.75],"faces":{"down":{"uv":[0,11.5,0.5,13],"texture":"#texture"},"up":{"uv":[0,11.5,0.5,13],"texture":"#texture"},"north":{"uv":[0,11.5,0.5,13],"texture":"#texture"},"south":{"uv":[0,11.5,0.5,13],"texture":"#texture"},"west":{"uv":[0,12,0.5,12.5],"texture":"#texture"},"east":{"uv":[0,12,0.5,12.5],"texture":"#texture"}}},{"from":[1.5,9,7.75],"to":[2.5,9.5,8.25],"faces":{"down":{"uv":[0.5,11,1.5,11.5],"texture":"#texture"},"up":{"uv":[0.5,11,1.5,11.5],"texture":"#texture"},"north":{"uv":[0.5,11,1.5,11.5],"texture":"#texture"},"south":{"uv":[0.5,11,1.5,11.5],"texture":"#texture"},"west":{"uv":[1,11,1.5,11.5],"texture":"#texture"},"east":{"uv":[1,11,1.5,11.5],"texture":"#texture"}}},{"from":[1.5,7.75,9],"to":[2.5,8.25,9.5],"faces":{"down":{"uv":[0.5,11,1.5,11.5],"texture":"#texture"},"up":{"uv":[0.5,11,1.5,11.5],"texture":"#texture"},"north":{"uv":[0.5,11,1.5,11.5],"texture":"#texture"},"south":{"uv":[0.5,11,1.5,11.5],"texture":"#texture"},"west":{"uv":[0.5,11,1,11.5],"texture":"#texture"},"east":{"uv":[1,11,1.5,11.5],"texture":"#texture"}}},{"from":[6,7,7],"to":[7,9,9],"faces":{"down":{"uv":[6,13,7,14],"texture":"#texture"},"up":{"uv":[6,11.5,7,12.5],"texture":"#texture"},"north":{"uv":[7,11.5,6,13.5],"texture":"#texture"},"south":{"uv":[6,11.5,7,13.5],"texture":"#texture"},"west":{"uv":[6,11.5,6.5,13.5],"texture":"#texture"},"east":{"uv":[6.5,11.5,7,13.5],"texture":"#texture"}}},{"from":[7,7.5,7],"to":[8,8.5,9],"faces":{"down":{"uv":[0.5,12,1.5,14],"texture":"#texture"},"up":{"uv":[6.5,11.5,7,12],"texture":"#texture"},"north":{"uv":[8,12,7,13],"texture":"#texture"},"south":{"uv":[7,12,8,13],"texture":"#texture"},"west":{"uv":[6,13,6.5,13.5],"texture":"#texture"},"east":{"uv":[6,13,6.5,13.5],"texture":"#texture"}}},{"from":[7,7,7.5],"to":[8,9,8.5],"faces":{"down":{"uv":[6.5,13,7.5,14],"texture":"#texture"},"up":{"uv":[7,11.5,8,12.5],"texture":"#texture"},"north":{"uv":[8,11.5,7,13.5],"texture":"#texture"},"south":{"uv":[7,11.5,8,13.5],"texture":"#texture"},"west":{"uv":[0.5,12,1.5,14],"texture":"#texture"},"east":{"uv":[0.5,12,1.5,14],"texture":"#texture"}}},{"from":[8,8.5,7.75],"to":[8.5,9,8.25],"faces":{"down":{"uv":[8,11.5,8.5,12],"texture":"#texture"},"up":{"uv":[8,11.5,8.5,12],"texture":"#texture"},"north":{"uv":[8,11.5,8.5,12],"texture":"#texture"},"south":{"uv":[8,11.5,8.5,12],"texture":"#texture"},"west":{"uv":[8,11.5,8.5,12],"texture":"#texture"},"east":{"uv":[8,11.5,8.5,12],"texture":"#texture"}}},{"from":[8,7,7.75],"to":[8.5,7.5,8.25],"faces":{"down":{"uv":[7.5,12.5,8,13],"texture":"#texture"},"up":{"uv":[7.5,12.5,8,13],"texture":"#texture"},"north":{"uv":[7.5,12.5,8,13],"texture":"#texture"},"south":{"uv":[7.5,12.5,8,13],"texture":"#texture"},"west":{"uv":[7.5,12.5,8,13],"texture":"#texture"},"east":{"uv":[7.5,12.5,8,13],"texture":"#texture"}}},{"from":[8,7.75,8.5],"to":[8.5,8.25,9],"faces":{"down":{"uv":[7.5,12.5,8,13],"texture":"#texture"},"up":{"uv":[7.5,12,8,12.5],"texture":"#texture"},"north":{"uv":[7.5,12,8,13],"texture":"#texture"},"south":{"uv":[7.5,12,8,13],"texture":"#texture"},"west":{"uv":[7.5,12,8,13],"texture":"#texture"},"east":{"uv":[7.5,12,8,13],"texture":"#texture"}}},{"from":[8,7.75,7],"to":[8.5,8.25,7.5],"faces":{"down":{"uv":[7.5,12.5,8,13],"texture":"#texture"},"up":{"uv":[7.5,12,8,12.5],"texture":"#texture"},"north":{"uv":[7.5,12,8,13],"texture":"#texture"},"south":{"uv":[7.5,12,8,13],"texture":"#texture"},"west":{"uv":[7.5,12,8,13],"texture":"#texture"},"east":{"uv":[7.5,12,8,13],"texture":"#texture"}}},{"from":[1,7,7.5],"to":[1.5,9,8.5],"faces":{"down":{"uv":[0,12,0.5,13],"texture":"#texture"},"up":{"uv":[0,12,0.5,13],"texture":"#texture"},"north":{"uv":[0,11.5,0.5,13.5],"texture":"#texture"},"south":{"uv":[0,11.5,0.5,13.5],"texture":"#texture"},"west":{"uv":[0,12,0.5,12.5],"texture":"#texture"},"east":{"uv":[0,12,0.5,12.5],"texture":"#texture"}}},{"from":[1,7.5,7],"to":[1.5,8.5,9],"faces":{"down":{"uv":[0,11.5,0.5,13.5],"texture":"#texture"},"up":{"uv":[0,11.5,0.5,13.5],"texture":"#texture"},"north":{"uv":[0,12,0.5,13],"texture":"#texture"},"south":{"uv":[0,12,0.5,13],"texture":"#texture"},"west":{"uv":[0,12,0.5,12.5],"texture":"#texture"},"east":{"uv":[0,12,0.5,12.5],"texture":"#texture"}}},{"from":[1.5,7.75,6.5],"to":[2.5,8.25,7],"faces":{"down":{"uv":[0.5,11,1.5,11.5],"texture":"#texture"},"up":{"uv":[0.5,11,1.5,11.5],"texture":"#texture"},"north":{"uv":[0.5,11,1.5,11.5],"texture":"#texture"},"south":{"uv":[0.5,11,1.5,11.5],"texture":"#texture"},"west":{"uv":[0.5,11,1,11.5],"texture":"#texture"},"east":{"uv":[1,11,1.5,11.5],"texture":"#texture"}}},{"from":[1.5,6.5,7.75],"to":[2.5,7,8.25],"faces":{"down":{"uv":[0.5,11,1.5,11.5],"texture":"#texture"},"up":{"uv":[0.5,11,1.5,11.5],"texture":"#texture"},"north":{"uv":[0.5,11,1.5,11.5],"texture":"#texture"},"south":{"uv":[0.5,11,1.5,11.5],"texture":"#texture"},"west":{"uv":[1,11,1.5,11.5],"texture":"#texture"},"east":{"uv":[1,11,1.5,11.5],"texture":"#texture"}}},{"from":[6,6.5,7.75],"to":[7.5,7,8.25],"faces":{"down":{"uv":[0.5,11,1.5,11.5],"texture":"#texture"},"up":{"uv":[0.5,11,1.5,11.5],"texture":"#texture"},"north":{"uv":[0.5,11,1.5,11.5],"texture":"#texture"},"south":{"uv":[0.5,11,1.5,11.5],"texture":"#texture"},"west":{"uv":[1,11,1.5,11.5],"texture":"#texture"},"east":{"uv":[1,11,1.5,11.5],"texture":"#texture"}}},{"from":[6,9,7.75],"to":[7.5,9.5,8.25],"faces":{"down":{"uv":[0.5,11,1.5,11.5],"texture":"#texture"},"up":{"uv":[0.5,11,1.5,11.5],"texture":"#texture"},"north":{"uv":[0.5,11,1.5,11.5],"texture":"#texture"},"south":{"uv":[0.5,11,1.5,11.5],"texture":"#texture"},"west":{"uv":[1,11,1.5,11.5],"texture":"#texture"},"east":{"uv":[1,11,1.5,11.5],"texture":"#texture"}}},{"from":[6,7.75,6.5],"to":[7.5,8.25,7],"faces":{"down":{"uv":[0.5,11,1.5,11.5],"texture":"#texture"},"up":{"uv":[0.5,11,1.5,11.5],"texture":"#texture"},"north":{"uv":[0.5,11,1.5,11.5],"texture":"#texture"},"south":{"uv":[0.5,11,1.5,11.5],"texture":"#texture"},"west":{"uv":[0.5,11,1,11.5],"texture":"#texture"},"east":{"uv":[1,11,1.5,11.5],"texture":"#texture"}}},{"from":[6,7.75,9],"to":[7.5,8.25,9.5],"faces":{"down":{"uv":[0.5,11,1.5,11.5],"texture":"#texture"},"up":{"uv":[0.5,11,1.5,11.5],"texture":"#texture"},"north":{"uv":[0.5,11,1.5,11.5],"texture":"#texture"},"south":{"uv":[0.5,11,1.5,11.5],"texture":"#texture"},"west":{"uv":[0.5,11,1,11.5],"texture":"#texture"},"east":{"uv":[1,11,1.5,11.5],"texture":"#texture"}}},{"from":[7.75,7.5,7.5],"to":[8.25,8.5,8.5],"faces":{"down":{"uv":[3.5,12.5,4,13],"texture":"#texture"},"up":{"uv":[3.5,12,4,12.5],"texture":"#texture"},"north":{"uv":[3.5,12,4,13],"texture":"#texture"},"south":{"uv":[3.5,12,4,13],"texture":"#texture"},"west":{"uv":[3.5,12,4,13],"texture":"#texture"},"east":{"uv":[3.5,12,4,13],"texture":"#texture"}}},{"__comment":"Flame","from":[-7,7.5,7.5],"to":[1,8.5,8.5],"faces":{"down":{"uv":[7.5,7.5,15.5,8.5],"texture":"#Rocket Flame"},"up":{"uv":[7.5,7.5,15.5,8.5],"texture":"#Rocket Flame"},"north":{"uv":[15.5,7.5,7.5,8.5],"texture":"#Rocket Flame"},"south":{"uv":[7.5,7.5,15.5,8.5],"texture":"#Rocket Flame"},"west":{"uv":[0.5,0,1.5,1],"texture":"#Rocket Flame"},"east":{"uv":[0.5,0,1.5,1],"texture":"#Rocket Flame"}}},{"from":[-7,9.9375,6],"to":[1,10,12],"rotation":{"origin":[-7,10,6],"axis":"x","angle":45},"faces":{"down":{"uv":[7.5,5,15.5,11],"texture":"#Rocket Flame"},"up":{"uv":[7.5,5,15.5,11],"texture":"#Rocket Flame"}}},{"from":[-7,5.9375,6.1875],"to":[1,6,11.6875],"rotation":{"origin":[-7,6,6.1875],"axis":"x","angle":-45},"faces":{"down":{"uv":[7.5,5,15.5,11],"texture":"#Rocket Flame"},"up":{"uv":[7.5,5,15.5,11],"texture":"#Rocket Flame"}}}],"display":{"thirdperson":{"rotation":[0,90,17],"translation":[0,0.8,-2.4],"scale":[1,1,1]},"head":{"rotation":[0,90,0],"translation":[0,0,-3.8],"scale":[2,2,2]},"firstperson":{"rotation":[0,40,0],"translation":[0,3.9,-2],"scale":[2,2,2]},"gui":{"rotation":[-30,135,45],"translation":[0,0,0],"scale":[2,2,2]}}}