{
"__comment": "Designed by Theocomix with BDcraft Cubik PRO 0.95 Beta - http://bdcraft.net",
"textures": {
    "texture": "blocks/GrinzlerTheReaper"
},
"elements": [ 
{
    "from": [ 3, 0.5, 13 ],
    "to": [ 13, 11, 14.5 ],
    "faces": {
        "down":  { "uv": [ 13, 5.5, 3, 4.5 ], "rotation": 180, "texture": "#texture" },
        "up":    { "uv": [ 3, 4.5, 13, 5.5 ], "rotation": 180, "texture": "#texture" },
        "north": { "uv": [ 3, 5, 13, 15.5 ], "texture": "#texture" },
        "south": { "uv": [ 3, 5, 13, 15.5 ], "texture": "#texture" },
        "west":  { "uv": [ 2.5, 4, 4, 15.5 ], "texture": "#texture" },
        "east":  { "uv": [ 12, 4, 13.5, 15.5 ], "texture": "#texture" }
    }
},
{
    "from": [ 3.5, 11, 4.5 ],
    "to": [ 12.5, 11.5, 14.5 ],
    "faces": {
        "down":  { "uv": [ 12.5, 6.5, 3.5, 5 ], "rotation": 180, "texture": "#texture" },
        "up":    { "uv": [ 3.5, 4.5, 12.5, 6 ], "rotation": 180, "texture": "#texture" },
        "north": { "uv": [ 3.5, 4.5, 12.5, 5 ], "texture": "#texture" },
        "south": { "uv": [ 3.5, 4.5, 12.5, 5 ], "texture": "#texture" },
        "west":  { "uv": [ 4, 4.5, 12.5, 5 ], "texture": "#texture" },
        "east":  { "uv": [ 3.5, 4.5, 12.5, 5 ], "texture": "#texture" }
    }
},
{
    "from": [ 4, 11.5, 5 ],
    "to": [ 12, 12, 14.5 ],
    "faces": {
        "down":  { "uv": [ 12, 6.5, 4, 4.5 ], "rotation": 180, "texture": "#texture" },
        "up":    { "uv": [ 4, 4.5, 12, 6.5 ], "rotation": 180, "texture": "#texture" },
        "north": { "uv": [ 4, 4, 12, 4.5 ], "texture": "#texture" },
        "south": { "uv": [ 4, 4, 12, 4.5 ], "texture": "#texture" },
        "west":  { "uv": [ 4, 4, 12, 4.5 ], "texture": "#texture" },
        "east":  { "uv": [ 4.5, 4, 11.5, 4.5 ], "texture": "#texture" }
    }
},
{
    "from": [ 6, 0.5, 10 ],
    "to": [ 13, 11, 13 ],
    "faces": {
        "down":  { "uv": [ 13, 9, 12, 6 ], "rotation": 180, "texture": "#texture" },
        "up":    { "uv": [ 3, 6, 4, 9 ], "rotation": 180, "texture": "#texture" },
        "north": { "uv": [ 3, 5, 4, 15.5 ], "texture": "#texture" },
        "south": { "uv": [ 12, 5, 13, 15.5 ], "texture": "#texture" },
        "west":  { "uv": [ 7, 5, 10, 15.5 ], "texture": "#texture" },
        "east":  { "uv": [ 13, 4, 16, 15.5 ], "texture": "#texture" }
    }
},
{
    "from": [ 3, 0.5, 10 ],
    "to": [ 6, 11, 13 ],
    "faces": {
        "down":  { "uv": [ 6, 9, 3, 6 ], "rotation": 180, "texture": "#texture" },
        "up":    { "uv": [ 10, 6, 13, 9 ], "rotation": 180, "texture": "#texture" },
        "north": { "uv": [ 10, 5, 13, 15.5 ], "texture": "#texture" },
        "south": { "uv": [ 3, 5, 6, 15.5 ], "texture": "#texture" },
        "west":  { "uv": [ 0, 4, 3, 15.5 ], "texture": "#texture" },
        "east":  { "uv": [ 13, 4, 16, 15.5 ], "texture": "#texture" }
    }
},
{
    "from": [ 3, 0.5, 4 ],
    "to": [ 13, 11, 10 ],
    "faces": {
        "down":  { "uv": [ 16, 15.5, 15.5, 9 ], "rotation": 180, "texture": "#texture" },
        "up":    { "uv": [ 0, 7, 0.5, 15 ], "rotation": 180, "texture": "#texture" },
        "north": { "uv": [ 0, 5, 0.5, 15.5 ], "texture": "#texture" },
        "south": { "uv": [ 0, 4.5, 0.5, 15.5 ], "texture": "#texture" },
        "west":  { "uv": [ 0, 5.5, 0.5, 15.5 ], "texture": "#texture" },
        "east":  { "uv": [ 0, 5, 0.5, 15.5 ], "texture": "#texture" }
    }
},
{
    "from": [ 3.5, 11, 14.5 ],
    "to": [ 12.5, 11.5, 15 ],
    "faces": {
        "down":  { "uv": [ 12.5, 5, 3.5, 4.5 ], "texture": "#texture" },
        "up":    { "uv": [ 4, 4.5, 13, 5 ], "texture": "#texture" },
        "north": { "uv": [ 3.5, 4.5, 12.5, 5 ], "texture": "#texture" },
        "south": { "uv": [ 3.5, 4.5, 12.5, 5 ], "texture": "#texture" },
        "west":  { "uv": [ 7, 4.5, 7.5, 5 ], "texture": "#texture" },
        "east":  { "uv": [ 8.5, 4.5, 9, 5 ], "texture": "#texture" }
    }
},
{
    "from": [ 3, 6, 14.5 ],
    "to": [ 13, 11, 15.5 ],
    "faces": {
        "down":  { "uv": [ 12, 6, 2, 5 ], "texture": "#texture" },
        "up":    { "uv": [ 3, 4.5, 13, 5.5 ], "texture": "#texture" },
        "north": { "uv": [ 3, 5, 13, 10 ], "texture": "#texture" },
        "south": { "uv": [ 3, 5, 13, 10 ], "texture": "#texture" },
        "west":  { "uv": [ 2.5, 5.5, 3.5, 10.5 ], "texture": "#texture" },
        "east":  { "uv": [ 12.5, 5.5, 13.5, 10.5 ], "texture": "#texture" }
    }
},
{
    "from": [ 3, 5.5, 14.5 ],
    "to": [ 6.5, 6, 15.5 ],
    "faces": {
        "down":  { "uv": [ 13, 15.5, 9.5, 14.5 ], "texture": "#texture" },
        "up":    { "uv": [ 3, 14.5, 6.5, 15.5 ], "texture": "#texture" },
        "north": { "uv": [ 9.5, 10, 13, 10.5 ], "texture": "#texture" },
        "south": { "uv": [ 3, 10, 6.5, 10.5 ], "texture": "#texture" },
        "west":  { "uv": [ 2.5, 10, 3.5, 10.5 ], "texture": "#texture" },
        "east":  { "uv": [ 2.5, 9.5, 3.5, 10 ], "texture": "#texture" }
    }
},
{
    "from": [ 3, 5, 14.5 ],
    "to": [ 4, 5.5, 15.5 ],
    "faces": {
        "down":  { "uv": [ 13, 15.5, 12, 14.5 ], "texture": "#texture" },
        "up":    { "uv": [ 3, 14.5, 4, 15.5 ], "texture": "#texture" },
        "north": { "uv": [ 12, 10.5, 13, 11 ], "texture": "#texture" },
        "south": { "uv": [ 3, 10.5, 4, 11 ], "texture": "#texture" },
        "west":  { "uv": [ 2.5, 11, 3.5, 11.5 ], "texture": "#texture" },
        "east":  { "uv": [ 2.5, 11, 3.5, 11.5 ], "texture": "#texture" }
    }
},
{
    "from": [ 3, 4.5, 14.5 ],
    "to": [ 3.5, 5, 15.5 ],
    "faces": {
        "down":  { "uv": [ 13, 15.5, 12.5, 14.5 ], "texture": "#texture" },
        "up":    { "uv": [ 3, 14.5, 3.5, 15.5 ], "texture": "#texture" },
        "north": { "uv": [ 12.5, 11, 13, 11.5 ], "texture": "#texture" },
        "south": { "uv": [ 3, 11, 3.5, 11.5 ], "texture": "#texture" },
        "west":  { "uv": [ 2.5, 11, 3.5, 11.5 ], "texture": "#texture" },
        "east":  { "uv": [ 2.5, 11, 3.5, 11.5 ], "texture": "#texture" }
    }
},
{
    "from": [ 7, 5.5, 14.5 ],
    "to": [ 9, 6, 15.5 ],
    "faces": {
        "down":  { "uv": [ 9, 15.5, 7, 14.5 ], "texture": "#texture" },
        "up":    { "uv": [ 7, 14.5, 9, 15.5 ], "texture": "#texture" },
        "north": { "uv": [ 7, 10, 9, 10.5 ], "texture": "#texture" },
        "south": { "uv": [ 7, 10, 9, 10.5 ], "texture": "#texture" },
        "west":  { "uv": [ 14.5, 10, 15.5, 10.5 ], "texture": "#texture" },
        "east":  { "uv": [ 0.5, 10, 1.5, 10.5 ], "texture": "#texture" }
    }
},
{
    "from": [ 7.5, 5, 14.5 ],
    "to": [ 8.5, 5.5, 15.5 ],
    "faces": {
        "down":  { "uv": [ 8.5, 15.5, 7.5, 14.5 ], "texture": "#texture" },
        "up":    { "uv": [ 7.5, 14.5, 8.5, 15.5 ], "texture": "#texture" },
        "north": { "uv": [ 7.5, 10.5, 8.5, 11 ], "texture": "#texture" },
        "south": { "uv": [ 7.5, 10.5, 8.5, 11 ], "texture": "#texture" },
        "west":  { "uv": [ 14.5, 10.5, 15.5, 11 ], "texture": "#texture" },
        "east":  { "uv": [ 0.5, 10.5, 1.5, 11 ], "texture": "#texture" }
    }
},
{
    "from": [ 4.5, 5, 14.5 ],
    "to": [ 6, 5.5, 15.5 ],
    "faces": {
        "down":  { "uv": [ 11.5, 15.5, 10, 14.5 ], "texture": "#texture" },
        "up":    { "uv": [ 4.5, 14.5, 6, 15.5 ], "texture": "#texture" },
        "north": { "uv": [ 10, 10.5, 11.5, 11 ], "texture": "#texture" },
        "south": { "uv": [ 4.5, 10.5, 6, 11 ], "texture": "#texture" },
        "west":  { "uv": [ 14.5, 10.5, 15.5, 11 ], "texture": "#texture" },
        "east":  { "uv": [ 0.5, 10.5, 1.5, 11 ], "texture": "#texture" }
    }
},
{
    "from": [ 5, 4.5, 14.5 ],
    "to": [ 5.5, 5, 15.5 ],
    "faces": {
        "down":  { "uv": [ 11, 15.5, 10.5, 14.5 ], "texture": "#texture" },
        "up":    { "uv": [ 5, 14.5, 5.5, 15.5 ], "texture": "#texture" },
        "north": { "uv": [ 10.5, 11, 11, 11.5 ], "texture": "#texture" },
        "south": { "uv": [ 5, 11, 5.5, 11.5 ], "texture": "#texture" },
        "west":  { "uv": [ 14.5, 11, 15.5, 11.5 ], "texture": "#texture" },
        "east":  { "uv": [ 0.5, 11, 1.5, 11.5 ], "texture": "#texture" }
    }
},
{
    "from": [ 9.5, 5.5, 14.5 ],
    "to": [ 13, 6, 15.5 ],
    "faces": {
        "down":  { "uv": [ 6.5, 15.5, 3, 14.5 ], "texture": "#texture" },
        "up":    { "uv": [ 9.5, 14.5, 13, 15.5 ], "texture": "#texture" },
        "north": { "uv": [ 3, 10, 6.5, 10.5 ], "texture": "#texture" },
        "south": { "uv": [ 9.5, 10, 13, 10.5 ], "texture": "#texture" },
        "west":  { "uv": [ 12, 10.5, 13, 11 ], "texture": "#texture" },
        "east":  { "uv": [ 12, 10.5, 13, 11 ], "texture": "#texture" }
    }
},
{
    "from": [ 10, 5, 14.5 ],
    "to": [ 11.5, 5.5, 15.5 ],
    "faces": {
        "down":  { "uv": [ 6, 15.5, 4.5, 14.5 ], "texture": "#texture" },
        "up":    { "uv": [ 10, 14.5, 11.5, 15.5 ], "texture": "#texture" },
        "north": { "uv": [ 4.5, 10.5, 6, 11 ], "texture": "#texture" },
        "south": { "uv": [ 10, 10.5, 11.5, 11 ], "texture": "#texture" },
        "west":  { "uv": [ 14.5, 10.5, 15.5, 11 ], "texture": "#texture" },
        "east":  { "uv": [ 0.5, 10.5, 1.5, 11 ], "texture": "#texture" }
    }
},
{
    "from": [ 10, 5, 14.5 ],
    "to": [ 11.5, 5.5, 15.5 ],
    "faces": {
        "down":  { "uv": [ 6, 15.5, 4.5, 14.5 ], "texture": "#texture" },
        "up":    { "uv": [ 10, 14.5, 11.5, 15.5 ], "texture": "#texture" },
        "north": { "uv": [ 4.5, 10.5, 6, 11 ], "texture": "#texture" },
        "south": { "uv": [ 10, 10.5, 11.5, 11 ], "texture": "#texture" },
        "west":  { "uv": [ 14.5, 10.5, 15.5, 11 ], "texture": "#texture" },
        "east":  { "uv": [ 0.5, 10.5, 1.5, 11 ], "texture": "#texture" }
    }
},
{
    "from": [ 10.5, 4.5, 14.5 ],
    "to": [ 11, 5, 15.5 ],
    "faces": {
        "down":  { "uv": [ 5.5, 15.5, 5, 14.5 ], "texture": "#texture" },
        "up":    { "uv": [ 10.5, 14.5, 11, 15.5 ], "texture": "#texture" },
        "north": { "uv": [ 5, 11, 5.5, 11.5 ], "texture": "#texture" },
        "south": { "uv": [ 10.5, 11, 11, 11.5 ], "texture": "#texture" },
        "west":  { "uv": [ 14.5, 11, 15.5, 11.5 ], "texture": "#texture" },
        "east":  { "uv": [ 0.5, 11, 1.5, 11.5 ], "texture": "#texture" }
    }
},
{
    "from": [ 12, 5, 14.5 ],
    "to": [ 13, 5.5, 15.5 ],
    "faces": {
        "down":  { "uv": [ 4, 15.5, 3, 14.5 ], "texture": "#texture" },
        "up":    { "uv": [ 12, 14.5, 13, 15.5 ], "texture": "#texture" },
        "north": { "uv": [ 3, 10.5, 4, 11 ], "texture": "#texture" },
        "south": { "uv": [ 12, 10.5, 13, 11 ], "texture": "#texture" },
        "west":  { "uv": [ 14.5, 10.5, 15.5, 11 ], "texture": "#texture" },
        "east":  { "uv": [ 11.5, 10, 12.5, 10.5 ], "texture": "#texture" }
    }
},
{
    "from": [ 12.5, 4.5, 14.5 ],
    "to": [ 13, 5, 15.5 ],
    "faces": {
        "down":  { "uv": [ 3.5, 15.5, 3, 14.5 ], "texture": "#texture" },
        "up":    { "uv": [ 12.5, 14.5, 13, 15.5 ], "texture": "#texture" },
        "north": { "uv": [ 3, 11, 3.5, 11.5 ], "texture": "#texture" },
        "south": { "uv": [ 12.5, 11, 13, 11.5 ], "texture": "#texture" },
        "west":  { "uv": [ 12.5, 10.5, 13.5, 11 ], "texture": "#texture" },
        "east":  { "uv": [ 12.5, 10.5, 13.5, 11 ], "texture": "#texture" }
    }
},
{
    "from": [ 3, 0.5, 14.5 ],
    "to": [ 13, 1.5, 15.5 ],
    "faces": {
        "down":  { "uv": [ 13, 15.5, 3, 14.5 ], "texture": "#texture" },
        "up":    { "uv": [ 3, 14.5, 13, 15.5 ], "texture": "#texture" },
        "north": { "uv": [ 3, 14.5, 13, 15.5 ], "texture": "#texture" },
        "south": { "uv": [ 3, 14.5, 13, 15.5 ], "texture": "#texture" },
        "west":  { "uv": [ 12, 14.5, 13, 15.5 ], "texture": "#texture" },
        "east":  { "uv": [ 3, 14.5, 4, 15.5 ], "texture": "#texture" }
    }
},
{
    "from": [ 3, 1.5, 14.5 ],
    "to": [ 3.5, 2.5, 15.5 ],
    "faces": {
        "down":  { "uv": [ 13, 15.5, 12.5, 14.5 ], "texture": "#texture" },
        "up":    { "uv": [ 3, 14.5, 3.5, 15.5 ], "texture": "#texture" },
        "north": { "uv": [ 12.5, 13.5, 13, 14.5 ], "texture": "#texture" },
        "south": { "uv": [ 3, 13.5, 3.5, 14.5 ], "texture": "#texture" },
        "west":  { "uv": [ 12.5, 13.5, 13.5, 14.5 ], "texture": "#texture" },
        "east":  { "uv": [ 2.5, 13.5, 3.5, 14.5 ], "texture": "#texture" }
    }
},
{
    "from": [ 12.5, 1.5, 14.5 ],
    "to": [ 13, 2.5, 15.5 ],
    "faces": {
        "down":  { "uv": [ 3.5, 15.5, 3, 14.5 ], "texture": "#texture" },
        "up":    { "uv": [ 12.5, 14.5, 13, 15.5 ], "texture": "#texture" },
        "north": { "uv": [ 3, 13.5, 3.5, 14.5 ], "texture": "#texture" },
        "south": { "uv": [ 12.5, 13.5, 13, 14.5 ], "texture": "#texture" },
        "west":  { "uv": [ 12.5, 13.5, 13.5, 14.5 ], "texture": "#texture" },
        "east":  { "uv": [ 2.5, 13.5, 3.5, 14.5 ], "texture": "#texture" }
    }
},
{
    "from": [ 4, 1.5, 14.5 ],
    "to": [ 4.5, 2, 15.5 ],
    "faces": {
        "down":  { "uv": [ 12, 15.5, 11.5, 14.5 ], "texture": "#texture" },
        "up":    { "uv": [ 4, 14.5, 4.5, 15.5 ], "texture": "#texture" },
        "north": { "uv": [ 11.5, 14, 12, 14.5 ], "texture": "#texture" },
        "south": { "uv": [ 4, 14, 4.5, 14.5 ], "texture": "#texture" },
        "west":  { "uv": [ 14.5, 14, 15.5, 14.5 ], "texture": "#texture" },
        "east":  { "uv": [ 0.5, 14, 1.5, 14.5 ], "texture": "#texture" }
    }
},
{
    "from": [ 5, 1.5, 14.5 ],
    "to": [ 5.5, 2, 15.5 ],
    "faces": {
        "down":  { "uv": [ 11, 15.5, 10.5, 14.5 ], "texture": "#texture" },
        "up":    { "uv": [ 5, 14.5, 5.5, 15.5 ], "texture": "#texture" },
        "north": { "uv": [ 10.5, 14, 11, 14.5 ], "texture": "#texture" },
        "south": { "uv": [ 5, 14, 5.5, 14.5 ], "texture": "#texture" },
        "west":  { "uv": [ 14.5, 14, 15.5, 14.5 ], "texture": "#texture" },
        "east":  { "uv": [ 0.5, 14, 1.5, 14.5 ], "texture": "#texture" }
    }
},
{
    "from": [ 6, 1.5, 14.5 ],
    "to": [ 6.5, 2, 15.5 ],
    "faces": {
        "down":  { "uv": [ 10, 15.5, 9.5, 14.5 ], "texture": "#texture" },
        "up":    { "uv": [ 6, 14.5, 6.5, 15.5 ], "texture": "#texture" },
        "north": { "uv": [ 9.5, 14, 10, 14.5 ], "texture": "#texture" },
        "south": { "uv": [ 6, 14, 6.5, 14.5 ], "texture": "#texture" },
        "west":  { "uv": [ 14.5, 14, 15.5, 14.5 ], "texture": "#texture" },
        "east":  { "uv": [ 0.5, 14, 1.5, 14.5 ], "texture": "#texture" }
    }
},
{
    "from": [ 7, 1.5, 14.5 ],
    "to": [ 7.5, 2, 15.5 ],
    "faces": {
        "down":  { "uv": [ 9, 15.5, 8.5, 14.5 ], "texture": "#texture" },
        "up":    { "uv": [ 7, 14.5, 7.5, 15.5 ], "texture": "#texture" },
        "north": { "uv": [ 8.5, 14, 9, 14.5 ], "texture": "#texture" },
        "south": { "uv": [ 7, 14, 7.5, 14.5 ], "texture": "#texture" },
        "west":  { "uv": [ 14.5, 14, 15.5, 14.5 ], "texture": "#texture" },
        "east":  { "uv": [ 0.5, 14, 1.5, 14.5 ], "texture": "#texture" }
    }
},
{
    "from": [ 8.5, 1.5, 14.5 ],
    "to": [ 9, 2, 15.5 ],
    "faces": {
        "down":  { "uv": [ 7.5, 15.5, 7, 14.5 ], "texture": "#texture" },
        "up":    { "uv": [ 8.5, 14.5, 9, 15.5 ], "texture": "#texture" },
        "north": { "uv": [ 7, 14, 7.5, 14.5 ], "texture": "#texture" },
        "south": { "uv": [ 8.5, 14, 9, 14.5 ], "texture": "#texture" },
        "west":  { "uv": [ 14.5, 14, 15.5, 14.5 ], "texture": "#texture" },
        "east":  { "uv": [ 0.5, 14, 1.5, 14.5 ], "texture": "#texture" }
    }
},
{
    "from": [ 9.5, 1.5, 14.5 ],
    "to": [ 10, 2, 15.5 ],
    "faces": {
        "down":  { "uv": [ 6.5, 15.5, 6, 14.5 ], "texture": "#texture" },
        "up":    { "uv": [ 9.5, 14.5, 10, 15.5 ], "texture": "#texture" },
        "north": { "uv": [ 6, 14, 6.5, 14.5 ], "texture": "#texture" },
        "south": { "uv": [ 9.5, 14, 10, 14.5 ], "texture": "#texture" },
        "west":  { "uv": [ 14.5, 14, 15.5, 14.5 ], "texture": "#texture" },
        "east":  { "uv": [ 0.5, 14, 1.5, 14.5 ], "texture": "#texture" }
    }
},
{
    "from": [ 10.5, 1.5, 14.5 ],
    "to": [ 11, 2, 15.5 ],
    "faces": {
        "down":  { "uv": [ 5.5, 15.5, 5, 14.5 ], "texture": "#texture" },
        "up":    { "uv": [ 10.5, 14.5, 11, 15.5 ], "texture": "#texture" },
        "north": { "uv": [ 5, 14, 5.5, 14.5 ], "texture": "#texture" },
        "south": { "uv": [ 10.5, 14, 11, 14.5 ], "texture": "#texture" },
        "west":  { "uv": [ 14.5, 14, 15.5, 14.5 ], "texture": "#texture" },
        "east":  { "uv": [ 0.5, 14, 1.5, 14.5 ], "texture": "#texture" }
    }
},
{
    "from": [ 11.5, 1.5, 14.5 ],
    "to": [ 12, 2, 15.5 ],
    "faces": {
        "down":  { "uv": [ 4.5, 15.5, 4, 14.5 ], "texture": "#texture" },
        "up":    { "uv": [ 11.5, 14.5, 12, 15.5 ], "texture": "#texture" },
        "north": { "uv": [ 4, 14, 4.5, 14.5 ], "texture": "#texture" },
        "south": { "uv": [ 11.5, 14, 12, 14.5 ], "texture": "#texture" },
        "west":  { "uv": [ 14.5, 14, 15.5, 14.5 ], "texture": "#texture" },
        "east":  { "uv": [ 0.5, 14, 1.5, 14.5 ], "texture": "#texture" }
    }
},
{
    "from": [ 2.5, 4.5, 13 ],
    "to": [ 3, 10.5, 15 ],
    "faces": {
        "down":  { "uv": [ 16, 7.5, 15.5, 5.5 ], "texture": "#texture" },
        "up":    { "uv": [ 0, 6.5, 0.5, 8.5 ], "texture": "#texture" },
        "north": { "uv": [ 13, 5, 13.5, 11.5 ], "texture": "#texture" },
        "south": { "uv": [ 2.5, 5, 3, 11.5 ], "texture": "#texture" },
        "west":  { "uv": [ 1, 5, 3, 11.5 ], "texture": "#texture" },
        "east":  { "uv": [ 13, 5, 15, 11.5 ], "texture": "#texture" }
    }
},
{
    "from": [ 2.5, 3.5, 13 ],
    "to": [ 3, 4.5, 14 ],
    "faces": {
        "down":  { "uv": [ 13.5, 14, 13, 13 ], "texture": "#texture" },
        "up":    { "uv": [ 2.5, 13, 3, 14 ], "texture": "#texture" },
        "north": { "uv": [ 13, 11.5, 13.5, 12.5 ], "texture": "#texture" },
        "south": { "uv": [ 2.5, 11.5, 3, 12.5 ], "texture": "#texture" },
        "west":  { "uv": [ 13, 11.5, 14, 12.5 ], "texture": "#texture" },
        "east":  { "uv": [ 2, 11.5, 3, 12.5 ], "texture": "#texture" }
    }
},
{
    "from": [ 2.5, 1, 12.5 ],
    "to": [ 3, 3.5, 13.5 ],
    "faces": {
        "down":  { "uv": [ 13.5, 13.5, 13, 12.5 ], "texture": "#texture" },
        "up":    { "uv": [ 2.5, 12.5, 3, 13.5 ], "texture": "#texture" },
        "north": { "uv": [ 13, 12.5, 13.5, 15 ], "texture": "#texture" },
        "south": { "uv": [ 2.5, 12.5, 3, 15 ], "texture": "#texture" },
        "west":  { "uv": [ 13, 12.5, 14, 15 ], "texture": "#texture" },
        "east":  { "uv": [ 2, 12.5, 3, 15 ], "texture": "#texture" }
    }
},
{
    "from": [ 2.5, 1, 13 ],
    "to": [ 3, 2.5, 14 ],
    "faces": {
        "down":  { "uv": [ 13.5, 14, 13, 13 ], "texture": "#texture" },
        "up":    { "uv": [ 2.5, 13, 3, 14 ], "texture": "#texture" },
        "north": { "uv": [ 13, 13.5, 13.5, 15 ], "texture": "#texture" },
        "south": { "uv": [ 2.5, 13.5, 3, 15 ], "texture": "#texture" },
        "west":  { "uv": [ 2, 13.5, 3, 15 ], "texture": "#texture" },
        "east":  { "uv": [ 13, 13.5, 14, 15 ], "texture": "#texture" }
    }
},
{
    "from": [ 2.5, 0.5, 13 ],
    "to": [ 3, 1.5, 15 ],
    "faces": {
        "down":  { "uv": [ 13.5, 15, 13, 13 ], "texture": "#texture" },
        "up":    { "uv": [ 2.5, 13, 3, 15 ], "texture": "#texture" },
        "north": { "uv": [ 12.5, 14.5, 13, 15.5 ], "texture": "#texture" },
        "south": { "uv": [ 3.5, 14.5, 4, 15.5 ], "texture": "#texture" },
        "west":  { "uv": [ 2, 14.5, 4, 15.5 ], "texture": "#texture" },
        "east":  { "uv": [ 12, 14.5, 14, 15.5 ], "texture": "#texture" }
    }
},
{
    "from": [ 2.5, 1, 10 ],
    "to": [ 3, 10.5, 13 ],
    "faces": {
        "down":  { "uv": [ 16, 12.5, 15.5, 9.5 ], "texture": "#texture" },
        "up":    { "uv": [ 0, 7, 0.5, 10 ], "texture": "#texture" },
        "north": { "uv": [ 13, 5, 13.5, 15.5 ], "texture": "#texture" },
        "south": { "uv": [ 2.5, 5, 3, 15.5 ], "texture": "#texture" },
        "west":  { "uv": [ 0, 5, 1, 15.5 ], "texture": "#texture" },
        "east":  { "uv": [ 15, 5, 16, 15.5 ], "texture": "#texture" }
    }
},
{
    "from": [ 2.5, 1, 4 ],
    "to": [ 3, 10.5, 10 ],
    "faces": {
        "down":  { "uv": [ 16, 11.5, 15.5, 5.5 ], "texture": "#texture" },
        "up":    { "uv": [ 0, 6, 0.5, 12 ], "texture": "#texture" },
        "north": { "uv": [ 15.5, 5.5, 16, 15 ], "texture": "#texture" },
        "south": { "uv": [ 2.5, 5.5, 3, 15 ], "texture": "#texture" },
        "west":  { "uv": [ 0, 5.5, 0.5, 15 ], "texture": "#texture" },
        "east":  { "uv": [ 0, 5.5, 0.5, 14.5 ], "texture": "#texture" }
    }
},
{
    "from": [ 13, 4.5, 13 ],
    "to": [ 13.5, 10.5, 15 ],
    "faces": {
        "down":  { "uv": [ 1, 8, 0, 7 ], "texture": "#texture" },
        "up":    { "uv": [ 14.5, 6.5, 15.5, 7.5 ], "texture": "#texture" },
        "north": { "uv": [ 3, 6, 4, 11 ], "texture": "#texture" },
        "south": { "uv": [ 12.5, 6.5, 13.5, 11.5 ], "texture": "#texture" },
        "west":  { "uv": [ 2, 5, 4, 11 ], "texture": "#texture" },
        "east":  { "uv": [ 12, 5, 14, 11 ], "texture": "#texture" }
    }
},
{
    "from": [ 13, 4, 13 ],
    "to": [ 13.5, 5, 14 ],
    "faces": {
        "down":  { "uv": [ 15.5, 9.5, 15, 8.5 ], "rotation": 180, "texture": "#texture" },
        "up":    { "uv": [ 0.5, 6, 1, 7 ], "rotation": 180, "texture": "#texture" },
        "north": { "uv": [ 2.5, 11, 3, 12 ], "texture": "#texture" },
        "south": { "uv": [ 13, 11, 13.5, 12 ], "texture": "#texture" },
        "west":  { "uv": [ 13, 11, 14, 12 ], "texture": "#texture" },
        "east":  { "uv": [ 2, 11, 3, 12 ], "texture": "#texture" }
    }
},
{
    "from": [ 13, 2, 12.5 ],
    "to": [ 13.5, 4, 13.5 ],
    "faces": {
        "down":  { "uv": [ 13.5, 3.5, 13, 2.5 ], "rotation": 180, "texture": "#texture" },
        "up":    { "uv": [ 2.5, 2.5, 3, 3.5 ], "rotation": 180, "texture": "#texture" },
        "north": { "uv": [ 2.5, 12, 3, 14 ], "texture": "#texture" },
        "south": { "uv": [ 13, 12, 13.5, 14 ], "texture": "#texture" },
        "west":  { "uv": [ 13, 12, 14, 14 ], "texture": "#texture" },
        "east":  { "uv": [ 2, 12, 3, 14 ], "texture": "#texture" }
    }
},
{
    "from": [ 13, 1, 12.5 ],
    "to": [ 13.5, 2.5, 14 ],
    "faces": {
        "down":  { "uv": [ 16, 6.5, 15.5, 5 ], "rotation": 180, "texture": "#texture" },
        "up":    { "uv": [ 1.5, 8, 2, 9.5 ], "rotation": 180, "texture": "#texture" },
        "north": { "uv": [ 2.5, 13.5, 3, 15.5 ], "texture": "#texture" },
        "south": { "uv": [ 13, 13.5, 13.5, 15.5 ], "texture": "#texture" },
        "west":  { "uv": [ 2, 13.5, 3.5, 15.5 ], "texture": "#texture" },
        "east":  { "uv": [ 12.5, 13.5, 14, 15.5 ], "texture": "#texture" }
    }
},
{
    "from": [ 13, 0.5, 14 ],
    "to": [ 13.5, 1.5, 15 ],
    "faces": {
        "down":  { "uv": [ 13, 14.5, 12.5, 13.5 ], "rotation": 180, "texture": "#texture" },
        "up":    { "uv": [ 3, 13.5, 3.5, 14.5 ], "rotation": 180, "texture": "#texture" },
        "north": { "uv": [ 3, 13.5, 3.5, 14.5 ], "texture": "#texture" },
        "south": { "uv": [ 12, 14.5, 12.5, 15.5 ], "texture": "#texture" },
        "west":  { "uv": [ 12.5, 14.5, 13.5, 15.5 ], "texture": "#texture" },
        "east":  { "uv": [ 3, 14.5, 4, 15.5 ], "texture": "#texture" }
    }
},
{
    "from": [ 13, 1, 11 ],
    "to": [ 13.5, 10.5, 13 ],
    "faces": {
        "down":  { "uv": [ 16, 9.5, 15.5, 7.5 ], "rotation": 180, "texture": "#texture" },
        "up":    { "uv": [ 0.5, 5, 1, 7 ], "rotation": 180, "texture": "#texture" },
        "north": { "uv": [ 2.5, 5.5, 3, 15.5 ], "texture": "#texture" },
        "south": { "uv": [ 13, 5.5, 13.5, 15.5 ], "texture": "#texture" },
        "west":  { "uv": [ 0, 5.5, 2, 15.5 ], "texture": "#texture" },
        "east":  { "uv": [ 14, 5.5, 16, 15.5 ], "texture": "#texture" }
    }
},
{
    "from": [ 13, 1, 4 ],
    "to": [ 13.5, 10.5, 11 ],
    "faces": {
        "down":  { "uv": [ 16, 12.5, 15.5, 5.5 ], "rotation": 180, "texture": "#texture" },
        "up":    { "uv": [ 0, 5, 0.5, 12 ], "rotation": 180, "texture": "#texture" },
        "north": { "uv": [ 0, 5.5, 0.5, 15.5 ], "texture": "#texture" },
        "south": { "uv": [ 13, 4.5, 13.5, 15 ], "texture": "#texture" },
        "west":  { "uv": [ 0, 5.5, 1, 15.5 ], "texture": "#texture" },
        "east":  { "uv": [ 0, 5, 0.5, 15.5 ], "texture": "#texture" }
    }
}
],
"display": {
    "head": {
        "rotation": [ 0, 180, 0 ],
        "translation": [ 0, 2.4, 0.7 ],
        "scale": [ 1.67, 1.73, 1.57 ]
    },
    "gui": {
        "rotation": [ -30, 135, 0 ],
        "translation": [ 0, 1.2, 0.2 ],
        "scale": [ 1.45, 1.61, 1 ]
    }
}
}