{
"__comment": "Designed by Theocomix with BDcraft Cubik PRO 0.95 Beta - http://bdcraft.net",
"textures": {
    "texture": "blocks/DarkSentry"
},
"elements": [ 
{
    "from": [ 2, 7.5, 10 ],
    "to": [ 13.5, 11, 12 ],
    "faces": {
        "down":  { "uv": [ 5.5, 1.5, 9, 2 ], "texture": "#texture" },
        "up":    { "uv": [ 5, 1.5, 10.5, 2 ], "texture": "#texture" },
        "north": { "uv": [ 5, 1.5, 10, 2 ], "texture": "#texture" },
        "south": { "uv": [ 2, 5, 13.5, 8.5 ], "texture": "#texture" },
        "west":  { "uv": [ 7.5, 1.5, 10.5, 2 ], "texture": "#texture" },
        "east":  { "uv": [ 6.5, 1.5, 9.5, 2 ], "texture": "#texture" }
    }
},
{
    "from": [ 2.5, 6, 10 ],
    "to": [ 13, 7.5, 12 ],
    "faces": {
        "down":  { "uv": [ 10.5, 2, 5, 1.5 ], "texture": "#texture" },
        "up":    { "uv": [ 5, 1.5, 10.5, 2 ], "texture": "#texture" },
        "north": { "uv": [ 5, 1.5, 10.5, 2 ], "texture": "#texture" },
        "south": { "uv": [ 2.5, 8.5, 13, 10 ], "texture": "#texture" },
        "west":  { "uv": [ 5.5, 1.5, 8, 2 ], "texture": "#texture" },
        "east":  { "uv": [ 6.5, 1.5, 9, 2 ], "texture": "#texture" }
    }
},
{
    "from": [ 3, 4, 10 ],
    "to": [ 12.5, 6, 12 ],
    "faces": {
        "down":  { "uv": [ 6.5, 1.5, 9.5, 2 ], "texture": "#texture" },
        "up":    { "uv": [ 5, 1.5, 10.5, 2 ], "texture": "#texture" },
        "north": { "uv": [ 5, 1.5, 10.5, 2 ], "texture": "#texture" },
        "south": { "uv": [ 3, 10, 12.5, 12 ], "texture": "#texture" },
        "west":  { "uv": [ 5.5, 1.5, 9.5, 2 ], "texture": "#texture" },
        "east":  { "uv": [ 7, 1.5, 10, 2 ], "texture": "#texture" }
    }
},
{
    "from": [ 3.5, 3, 10 ],
    "to": [ 12, 4, 12 ],
    "faces": {
        "down":  { "uv": [ 7.5, 1.5, 10, 2 ], "texture": "#texture" },
        "up":    { "uv": [ 5, 1.5, 10.5, 2 ], "texture": "#texture" },
        "north": { "uv": [ 5, 1.5, 10.5, 2 ], "texture": "#texture" },
        "south": { "uv": [ 3.5, 12, 12, 13 ], "texture": "#texture" },
        "west":  { "uv": [ 6, 1.5, 9.5, 2 ], "texture": "#texture" },
        "east":  { "uv": [ 5.5, 1.5, 9, 2 ], "texture": "#texture" }
    }
},
{
    "from": [ 4, 2.5, 10 ],
    "to": [ 11.5, 3, 12 ],
    "faces": {
        "down":  { "uv": [ 7.5, 1.5, 9.5, 2 ], "texture": "#texture" },
        "up":    { "uv": [ 5, 1.5, 10.5, 2 ], "texture": "#texture" },
        "north": { "uv": [ 5, 1.5, 10.5, 2 ], "texture": "#texture" },
        "south": { "uv": [ 4, 13, 11.5, 13.5 ], "texture": "#texture" },
        "west":  { "uv": [ 7, 1.5, 9.5, 2 ], "texture": "#texture" },
        "east":  { "uv": [ 6.5, 1.5, 9, 2 ], "texture": "#texture" }
    }
},
{
    "from": [ 4.5, 2, 10 ],
    "to": [ 11, 2.5, 12 ],
    "faces": {
        "down":  { "uv": [ 7, 1.5, 9.5, 2 ], "texture": "#texture" },
        "up":    { "uv": [ 5, 1.5, 10, 2 ], "texture": "#texture" },
        "north": { "uv": [ 5, 1.5, 10.5, 2 ], "texture": "#texture" },
        "south": { "uv": [ 4.5, 13.5, 11, 14 ], "texture": "#texture" },
        "west":  { "uv": [ 6.5, 1.5, 9, 2 ], "texture": "#texture" },
        "east":  { "uv": [ 6, 1.5, 8.5, 2 ], "texture": "#texture" }
    }
},
{
    "from": [ 5, 1.5, 10 ],
    "to": [ 10.5, 2, 12 ],
    "faces": {
        "down":  { "uv": [ 8, 1.5, 10, 2 ], "texture": "#texture" },
        "up":    { "uv": [ 5, 1.5, 10.5, 2 ], "texture": "#texture" },
        "north": { "uv": [ 5, 1.5, 10.5, 2 ], "texture": "#texture" },
        "south": { "uv": [ 5, 14, 10.5, 14.5 ], "texture": "#texture" },
        "west":  { "uv": [ 6, 1.5, 8.5, 2 ], "texture": "#texture" },
        "east":  { "uv": [ 6, 1.5, 8.5, 2 ], "texture": "#texture" }
    }
},
{
    "from": [ 5.5, 1, 10 ],
    "to": [ 10, 1.5, 12 ],
    "faces": {
        "down":  { "uv": [ 10, 1.5, 5.5, 2 ], "texture": "#texture" },
        "up":    { "uv": [ 5.5, 1.5, 10, 2 ], "texture": "#texture" },
        "north": { "uv": [ 5.5, 1.5, 10, 2 ], "texture": "#texture" },
        "south": { "uv": [ 5.5, 14.5, 10, 15 ], "texture": "#texture" },
        "west":  { "uv": [ 6.5, 1.5, 9, 2 ], "texture": "#texture" },
        "east":  { "uv": [ 6.5, 15.5, 9, 16 ], "texture": "#texture" }
    }
},
{
    "from": [ 6, 0.5, 10 ],
    "to": [ 9.5, 1, 12 ],
    "faces": {
        "down":  { "uv": [ 9, 2, 6, 1.5 ], "texture": "#texture" },
        "up":    { "uv": [ 6.5, 1.5, 10.5, 2 ], "texture": "#texture" },
        "north": { "uv": [ 6, 1.5, 9.5, 2 ], "texture": "#texture" },
        "south": { "uv": [ 6, 15, 9.5, 15.5 ], "texture": "#texture" },
        "west":  { "uv": [ 6.5, 15.5, 9, 16 ], "texture": "#texture" },
        "east":  { "uv": [ 6.5, 15.5, 9, 16 ], "texture": "#texture" }
    }
},
{
    "from": [ 6.5, 5.55112e-017, 10 ],
    "to": [ 9, 0.5, 12 ],
    "faces": {
        "down":  { "uv": [ 9, 16, 6.5, 15.5 ], "texture": "#texture" },
        "up":    { "uv": [ 6.5, 1.5, 9, 2 ], "texture": "#texture" },
        "north": { "uv": [ 6.5, 15.5, 9, 16 ], "texture": "#texture" },
        "south": { "uv": [ 6.5, 15.5, 9, 16 ], "texture": "#texture" },
        "west":  { "uv": [ 6.5, 15.5, 9, 16 ], "texture": "#texture" },
        "east":  { "uv": [ 6.5, 15.5, 9, 16 ], "texture": "#texture" }
    }
},
{
    "from": [ 2.5, 11, 10 ],
    "to": [ 13, 12, 12 ],
    "faces": {
        "down":  { "uv": [ 10.5, 2, 7, 1.5 ], "texture": "#texture" },
        "up":    { "uv": [ 5, 1.5, 10.5, 2 ], "texture": "#texture" },
        "north": { "uv": [ 5, 1.5, 10.5, 2 ], "texture": "#texture" },
        "south": { "uv": [ 2.5, 4, 13, 5 ], "texture": "#texture" },
        "west":  { "uv": [ 7.5, 1.5, 10, 2 ], "texture": "#texture" },
        "east":  { "uv": [ 5, 1.5, 8, 2 ], "texture": "#texture" }
    }
},
{
    "from": [ 3, 12, 10 ],
    "to": [ 12.5, 12.5, 12 ],
    "faces": {
        "down":  { "uv": [ 7.5, 1.5, 10, 2 ], "texture": "#texture" },
        "up":    { "uv": [ 5, 1.5, 10.5, 2 ], "texture": "#texture" },
        "north": { "uv": [ 5, 1.5, 10.5, 2 ], "texture": "#texture" },
        "south": { "uv": [ 3, 3.5, 12.5, 4 ], "texture": "#texture" },
        "west":  { "uv": [ 8, 1.5, 10.5, 2 ], "texture": "#texture" },
        "east":  { "uv": [ 5, 1.5, 7.5, 2 ], "texture": "#texture" }
    }
},
{
    "from": [ 3.5, 12.5, 10 ],
    "to": [ 12, 13, 12 ],
    "faces": {
        "down":  { "uv": [ 9, 1.5, 10, 2 ], "texture": "#texture" },
        "up":    { "uv": [ 5, 1.5, 10.5, 2 ], "texture": "#texture" },
        "north": { "uv": [ 5, 1.5, 10.5, 2 ], "texture": "#texture" },
        "south": { "uv": [ 3.5, 3, 12, 3.5 ], "texture": "#texture" },
        "west":  { "uv": [ 7.5, 1.5, 10, 2 ], "texture": "#texture" },
        "east":  { "uv": [ 5, 1.5, 7.5, 2 ], "texture": "#texture" }
    }
},
{
    "from": [ 4, 13, 10 ],
    "to": [ 11.5, 13.5, 12 ],
    "faces": {
        "down":  { "uv": [ 8.5, 1.5, 10, 2 ], "texture": "#texture" },
        "up":    { "uv": [ 5, 1.5, 10.5, 2 ], "texture": "#texture" },
        "north": { "uv": [ 5, 1.5, 10.5, 2 ], "texture": "#texture" },
        "south": { "uv": [ 4, 2.5, 11.5, 3 ], "texture": "#texture" },
        "west":  { "uv": [ 8, 1.5, 10.5, 2 ], "texture": "#texture" },
        "east":  { "uv": [ 5.5, 1.5, 8, 2 ], "texture": "#texture" }
    }
},
{
    "from": [ 4.5, 13.5, 10 ],
    "to": [ 11, 14, 12 ],
    "faces": {
        "down":  { "uv": [ 10.5, 2, 5, 1.5 ], "texture": "#texture" },
        "up":    { "uv": [ 5, 1.5, 10.5, 2 ], "texture": "#texture" },
        "north": { "uv": [ 5, 1.5, 10.5, 2 ], "texture": "#texture" },
        "south": { "uv": [ 4.5, 2, 11, 2.5 ], "texture": "#texture" },
        "west":  { "uv": [ 7, 1.5, 9.5, 2 ], "texture": "#texture" },
        "east":  { "uv": [ 5, 1.5, 7.5, 2 ], "texture": "#texture" }
    }
},
{
    "from": [ 5, 14, 10 ],
    "to": [ 10.5, 14.5, 12 ],
    "faces": {
        "down":  { "uv": [ 11, 12.5, 5.5, 10 ], "texture": "#texture" },
        "up":    { "uv": [ 5, 1.5, 10.5, 2 ], "texture": "#texture" },
        "north": { "uv": [ 5, 1.5, 10.5, 2 ], "texture": "#texture" },
        "south": { "uv": [ 5, 1.5, 10.5, 2 ], "texture": "#texture" },
        "west":  { "uv": [ 8, 1.5, 10.5, 2 ], "texture": "#texture" },
        "east":  { "uv": [ 6, 1.5, 8.5, 2 ], "texture": "#texture" }
    }
},
{
    "from": [ 2.5, 7.5, 12 ],
    "to": [ 13, 11, 12.5 ],
    "faces": {
        "down":  { "uv": [ 13.5, 12.5, 3, 12 ], "texture": "#texture" },
        "up":    { "uv": [ 2.5, 12, 13, 12.5 ], "texture": "#texture" },
        "north": { "uv": [ 3, 5, 13.5, 8.5 ], "texture": "#texture" },
        "south": { "uv": [ 2.5, 5, 13, 8.5 ], "texture": "#texture" },
        "west":  { "uv": [ 12.5, 5, 13, 8.5 ], "texture": "#texture" },
        "east":  { "uv": [ 2.5, 5, 3, 8.5 ], "texture": "#texture" }
    }
},
{
    "from": [ 2.5, 7.5, 12 ],
    "to": [ 13, 11, 12.5 ],
    "faces": {
        "down":  { "uv": [ 7, 2, 9.5, 2.5 ], "texture": "#texture" },
        "up":    { "uv": [ 5, 2, 10.5, 2.5 ], "texture": "#texture" },
        "north": { "uv": [ 3, 5, 13.5, 8.5 ], "texture": "#texture" },
        "south": { "uv": [ 2.5, 5, 13, 8.5 ], "texture": "#texture" },
        "west":  { "uv": [ 12.5, 5, 13, 8.5 ], "texture": "#texture" },
        "east":  { "uv": [ 2.5, 5, 3, 8.5 ], "texture": "#texture" }
    }
},
{
    "from": [ 3, 11, 12 ],
    "to": [ 12.5, 12, 12.5 ],
    "faces": {
        "down":  { "uv": [ 10.5, 2.5, 5, 2 ], "texture": "#texture" },
        "up":    { "uv": [ 5, 2, 10.5, 2.5 ], "texture": "#texture" },
        "north": { "uv": [ 3.5, 4, 13, 5 ], "texture": "#texture" },
        "south": { "uv": [ 3, 4, 12.5, 5 ], "texture": "#texture" },
        "west":  { "uv": [ 10, 2, 10.5, 2.5 ], "texture": "#texture" },
        "east":  { "uv": [ 2.5, 5, 3, 6 ], "texture": "#texture" }
    }
},
{
    "from": [ 3.5, 12, 12 ],
    "to": [ 12, 12.5, 12.5 ],
    "faces": {
        "down":  { "uv": [ 9.5, 2.5, 5.5, 2 ], "texture": "#texture" },
        "up":    { "uv": [ 5, 2, 10.5, 2.5 ], "texture": "#texture" },
        "north": { "uv": [ 4, 3.5, 12.5, 4 ], "texture": "#texture" },
        "south": { "uv": [ 3.5, 3.5, 12, 4 ], "texture": "#texture" },
        "west":  { "uv": [ 8.5, 2, 9, 2.5 ], "texture": "#texture" },
        "east":  { "uv": [ 5.5, 2, 6, 2.5 ], "texture": "#texture" }
    }
},
{
    "from": [ 4, 12.5, 12 ],
    "to": [ 11.5, 13, 12.5 ],
    "faces": {
        "down":  { "uv": [ 6.5, 2, 9.5, 2.5 ], "texture": "#texture" },
        "up":    { "uv": [ 5, 2, 10.5, 2.5 ], "texture": "#texture" },
        "north": { "uv": [ 4.5, 3, 12, 3.5 ], "texture": "#texture" },
        "south": { "uv": [ 4, 3, 11.5, 3.5 ], "texture": "#texture" },
        "west":  { "uv": [ 9.5, 2, 10, 2.5 ], "texture": "#texture" },
        "east":  { "uv": [ 5.5, 2, 6, 2.5 ], "texture": "#texture" }
    }
},
{
    "from": [ 4.5, 13, 12 ],
    "to": [ 11, 13.5, 12.5 ],
    "faces": {
        "down":  { "uv": [ 10.5, 2.5, 5, 2 ], "texture": "#texture" },
        "up":    { "uv": [ 5, 2, 10.5, 2.5 ], "texture": "#texture" },
        "north": { "uv": [ 5, 2.5, 11.5, 3 ], "texture": "#texture" },
        "south": { "uv": [ 4.5, 2.5, 11, 3 ], "texture": "#texture" },
        "west":  { "uv": [ 10, 2, 10.5, 2.5 ], "texture": "#texture" },
        "east":  { "uv": [ 6, 2, 6.5, 2.5 ], "texture": "#texture" }
    }
},
{
    "from": [ 5, 13.5, 12 ],
    "to": [ 10.5, 14, 12.5 ],
    "faces": {
        "down":  { "uv": [ 10.5, 2.5, 5, 2 ], "texture": "#texture" },
        "up":    { "uv": [ 5, 2, 10.5, 2.5 ], "texture": "#texture" },
        "north": { "uv": [ 5, 1.5, 10.5, 2 ], "texture": "#texture" },
        "south": { "uv": [ 5, 2, 10.5, 2.5 ], "texture": "#texture" },
        "west":  { "uv": [ 10, 2, 10.5, 2.5 ], "texture": "#texture" },
        "east":  { "uv": [ 6, 2, 6.5, 2.5 ], "texture": "#texture" }
    }
},
{
    "from": [ 5, 7, 12 ],
    "to": [ 10.5, 7.5, 12.5 ],
    "faces": {
        "down":  { "uv": [ 11, 12.5, 5.5, 12 ], "texture": "#texture" },
        "up":    { "uv": [ 5, 12, 10.5, 12.5 ], "texture": "#texture" },
        "north": { "uv": [ 5.5, 8.5, 11, 9 ], "texture": "#texture" },
        "south": { "uv": [ 5, 8.5, 10.5, 9 ], "texture": "#texture" },
        "west":  { "uv": [ 12, 8.5, 12.5, 9 ], "texture": "#texture" },
        "east":  { "uv": [ 3.5, 8.5, 4, 9 ], "texture": "#texture" }
    }
},
{
    "from": [ 6, 6.5, 12 ],
    "to": [ 9.5, 7, 12.5 ],
    "faces": {
        "down":  { "uv": [ 10, 12.5, 6.5, 12 ], "texture": "#texture" },
        "up":    { "uv": [ 6, 12, 9.5, 12.5 ], "texture": "#texture" },
        "north": { "uv": [ 6.5, 9, 10, 9.5 ], "texture": "#texture" },
        "south": { "uv": [ 6, 9, 9.5, 9.5 ], "texture": "#texture" },
        "west":  { "uv": [ 12, 9, 12.5, 9.5 ], "texture": "#texture" },
        "east":  { "uv": [ 3.5, 9, 4, 9.5 ], "texture": "#texture" }
    }
},
{
    "from": [ 6.5, 5, 12 ],
    "to": [ 9, 6.5, 12.5 ],
    "faces": {
        "down":  { "uv": [ 9.5, 12.5, 7, 12 ], "texture": "#texture" },
        "up":    { "uv": [ 6.5, 12, 9, 12.5 ], "texture": "#texture" },
        "north": { "uv": [ 7, 9.5, 9.5, 11 ], "texture": "#texture" },
        "south": { "uv": [ 6.5, 9.5, 9, 11 ], "texture": "#texture" },
        "west":  { "uv": [ 8.5, 9.5, 9, 11 ], "texture": "#texture" },
        "east":  { "uv": [ 6.5, 9.5, 7, 11 ], "texture": "#texture" }
    }
},
{
    "from": [ 3, 6, 12 ],
    "to": [ 4.5, 7.5, 12.5 ],
    "faces": {
        "down":  { "uv": [ 9.5, 2.5, 8, 2 ], "texture": "#texture" },
        "up":    { "uv": [ 6.5, 2, 8, 2.5 ], "texture": "#texture" },
        "north": { "uv": [ 11.5, 8.5, 13, 10 ], "texture": "#texture" },
        "south": { "uv": [ 3, 8.5, 4.5, 10 ], "texture": "#texture" },
        "west":  { "uv": [ 12, 8.5, 12.5, 10 ], "texture": "#texture" },
        "east":  { "uv": [ 3, 8.5, 3.5, 10 ], "texture": "#texture" }
    }
},
{
    "from": [ 11, 6, 12 ],
    "to": [ 12.5, 7.5, 12.5 ],
    "faces": {
        "down":  { "uv": [ 8.5, 2.5, 7, 2 ], "texture": "#texture" },
        "up":    { "uv": [ 7, 2, 8.5, 2.5 ], "texture": "#texture" },
        "north": { "uv": [ 3.5, 8.5, 5, 10 ], "texture": "#texture" },
        "south": { "uv": [ 11, 8.5, 12.5, 10 ], "texture": "#texture" },
        "west":  { "uv": [ 12, 8.5, 12.5, 10 ], "texture": "#texture" },
        "east":  { "uv": [ 3, 8.5, 3.5, 10 ], "texture": "#texture" }
    }
},
{
    "from": [ 4.5, 6, 12 ],
    "to": [ 5, 6.5, 12.5 ],
    "faces": {
        "down":  { "uv": [ 11.5, 12.5, 11, 12 ], "texture": "#texture" },
        "up":    { "uv": [ 4.5, 12, 5, 12.5 ], "texture": "#texture" },
        "north": { "uv": [ 11, 9.5, 11.5, 10 ], "texture": "#texture" },
        "south": { "uv": [ 4.5, 9.5, 5, 10 ], "texture": "#texture" },
        "west":  { "uv": [ 12, 9.5, 12.5, 10 ], "texture": "#texture" },
        "east":  { "uv": [ 3.5, 9.5, 4, 10 ], "texture": "#texture" }
    }
},
{
    "from": [ 10.5, 6, 12 ],
    "to": [ 11, 6.5, 12.5 ],
    "faces": {
        "down":  { "uv": [ 5.5, 12.5, 5, 12 ], "texture": "#texture" },
        "up":    { "uv": [ 10.5, 12, 11, 12.5 ], "texture": "#texture" },
        "north": { "uv": [ 5, 9.5, 5.5, 10 ], "texture": "#texture" },
        "south": { "uv": [ 10.5, 9.5, 11, 10 ], "texture": "#texture" },
        "west":  { "uv": [ 12, 9.5, 12.5, 10 ], "texture": "#texture" },
        "east":  { "uv": [ 3.5, 9.5, 4, 10 ], "texture": "#texture" }
    }
},
{
    "from": [ 3.5, 5.5, 12 ],
    "to": [ 5.5, 6, 12.5 ],
    "faces": {
        "down":  { "uv": [ 9, 2.5, 7, 2 ], "texture": "#texture" },
        "up":    { "uv": [ 6, 2, 8, 2.5 ], "texture": "#texture" },
        "north": { "uv": [ 10.5, 10, 12.5, 10.5 ], "texture": "#texture" },
        "south": { "uv": [ 3.5, 10, 5.5, 10.5 ], "texture": "#texture" },
        "west":  { "uv": [ 11.5, 10, 12, 10.5 ], "texture": "#texture" },
        "east":  { "uv": [ 3.5, 10, 4, 10.5 ], "texture": "#texture" }
    }
},
{
    "from": [ 10, 5.5, 12 ],
    "to": [ 12, 6, 12.5 ],
    "faces": {
        "down":  { "uv": [ 6, 12.5, 4, 12 ], "texture": "#texture" },
        "up":    { "uv": [ 9.5, 12, 11.5, 12.5 ], "texture": "#texture" },
        "north": { "uv": [ 4, 10, 6, 10.5 ], "texture": "#texture" },
        "south": { "uv": [ 10, 10, 12, 10.5 ], "texture": "#texture" },
        "west":  { "uv": [ 11.5, 10, 12, 10.5 ], "texture": "#texture" },
        "east":  { "uv": [ 3.5, 10, 4, 10.5 ], "texture": "#texture" }
    }
},
{
    "from": [ 3.5, 4, 12 ],
    "to": [ 6, 5.5, 12.5 ],
    "faces": {
        "down":  { "uv": [ 10, 2.5, 7.5, 2 ], "texture": "#texture" },
        "up":    { "uv": [ 6, 2, 8.5, 2.5 ], "texture": "#texture" },
        "north": { "uv": [ 10, 10.5, 12.5, 12 ], "texture": "#texture" },
        "south": { "uv": [ 3.5, 10.5, 6, 12 ], "texture": "#texture" },
        "west":  { "uv": [ 11.5, 10.5, 12, 12 ], "texture": "#texture" },
        "east":  { "uv": [ 3.5, 10.5, 4, 12 ], "texture": "#texture" }
    }
},
{
    "from": [ 9.5, 4, 12 ],
    "to": [ 12, 5.5, 12.5 ],
    "faces": {
        "down":  { "uv": [ 6.5, 12.5, 4, 12 ], "texture": "#texture" },
        "up":    { "uv": [ 9, 12, 11.5, 12.5 ], "texture": "#texture" },
        "north": { "uv": [ 4, 10.5, 6.5, 12 ], "texture": "#texture" },
        "south": { "uv": [ 9.5, 10.5, 12, 12 ], "texture": "#texture" },
        "west":  { "uv": [ 11.5, 10.5, 12, 12 ], "texture": "#texture" },
        "east":  { "uv": [ 3.5, 10.5, 4, 12 ], "texture": "#texture" }
    }
},
{
    "from": [ 6, 3, 12 ],
    "to": [ 9.5, 4.5, 12.5 ],
    "faces": {
        "down":  { "uv": [ 10, 12.5, 6.5, 12 ], "texture": "#texture" },
        "up":    { "uv": [ 6, 12, 9.5, 12.5 ], "texture": "#texture" },
        "north": { "uv": [ 6.5, 11.5, 10, 13 ], "texture": "#texture" },
        "south": { "uv": [ 6, 11.5, 9.5, 13 ], "texture": "#texture" },
        "west":  { "uv": [ 12, 11.5, 12.5, 13 ], "texture": "#texture" },
        "east":  { "uv": [ 3.5, 11.5, 4, 13 ], "texture": "#texture" }
    }
},
{
    "from": [ 6.5, 4.5, 12 ],
    "to": [ 9, 5, 12.5 ],
    "faces": {
        "down":  { "uv": [ 9, 10, 6.5, 9.5 ], "texture": "#texture" },
        "up":    { "uv": [ 6.5, 10.5, 9, 11 ], "texture": "#texture" },
        "north": { "uv": [ 7, 11, 9.5, 11.5 ], "texture": "#texture" },
        "south": { "uv": [ 6.5, 11, 9, 11.5 ], "texture": "#texture" },
        "west":  { "uv": [ 8.5, 10.5, 9, 11 ], "texture": "#texture" },
        "east":  { "uv": [ 6.5, 10.5, 7, 11 ], "texture": "#texture" }
    }
},
{
    "from": [ 4, 3, 12 ],
    "to": [ 6, 4, 12.5 ],
    "faces": {
        "down":  { "uv": [ 10, 2.5, 8, 2 ], "texture": "#texture" },
        "up":    { "uv": [ 7.5, 2, 9.5, 2.5 ], "texture": "#texture" },
        "north": { "uv": [ 10, 12, 12, 13 ], "texture": "#texture" },
        "south": { "uv": [ 4, 12, 6, 13 ], "texture": "#texture" },
        "west":  { "uv": [ 11, 12, 11.5, 13 ], "texture": "#texture" },
        "east":  { "uv": [ 4, 12, 4.5, 13 ], "texture": "#texture" }
    }
},
{
    "from": [ 9.5, 3, 12 ],
    "to": [ 11.5, 4, 12.5 ],
    "faces": {
        "down":  { "uv": [ 9, 2.5, 7, 2 ], "texture": "#texture" },
        "up":    { "uv": [ 7, 2, 9, 2.5 ], "texture": "#texture" },
        "north": { "uv": [ 4.5, 12, 6.5, 13 ], "texture": "#texture" },
        "south": { "uv": [ 9.5, 12, 11.5, 13 ], "texture": "#texture" },
        "west":  { "uv": [ 11, 12, 11.5, 13 ], "texture": "#texture" },
        "east":  { "uv": [ 4, 12, 4.5, 13 ], "texture": "#texture" }
    }
},
{
    "from": [ 4.5, 2.5, 12 ],
    "to": [ 11, 3, 12.5 ],
    "faces": {
        "down":  { "uv": [ 10.5, 2.5, 5, 2 ], "texture": "#texture" },
        "up":    { "uv": [ 5, 2, 10.5, 2.5 ], "texture": "#texture" },
        "north": { "uv": [ 5, 13, 11.5, 13.5 ], "texture": "#texture" },
        "south": { "uv": [ 4.5, 13, 11, 13.5 ], "texture": "#texture" },
        "west":  { "uv": [ 10.5, 13, 11, 13.5 ], "texture": "#texture" },
        "east":  { "uv": [ 4.5, 13, 5, 13.5 ], "texture": "#texture" }
    }
},
{
    "from": [ 5, 2, 12 ],
    "to": [ 10.5, 2.5, 12.5 ],
    "faces": {
        "down":  { "uv": [ 10.5, 2.5, 5, 2 ], "texture": "#texture" },
        "up":    { "uv": [ 5, 12, 10.5, 12.5 ], "texture": "#texture" },
        "north": { "uv": [ 5.5, 13.5, 11, 14 ], "texture": "#texture" },
        "south": { "uv": [ 5, 13.5, 10.5, 14 ], "texture": "#texture" },
        "west":  { "uv": [ 10, 13.5, 10.5, 14 ], "texture": "#texture" },
        "east":  { "uv": [ 7, 2, 7.5, 2.5 ], "texture": "#texture" }
    }
},
{
    "from": [ 5.5, 1.5, 12 ],
    "to": [ 10, 2, 12.5 ],
    "faces": {
        "down":  { "uv": [ 10.5, 2.5, 6, 2 ], "texture": "#texture" },
        "up":    { "uv": [ 5.5, 2, 10, 2.5 ], "texture": "#texture" },
        "north": { "uv": [ 6, 14, 10.5, 14.5 ], "texture": "#texture" },
        "south": { "uv": [ 5.5, 14, 10, 14.5 ], "texture": "#texture" },
        "west":  { "uv": [ 9.5, 14, 10, 14.5 ], "texture": "#texture" },
        "east":  { "uv": [ 5, 13.5, 5.5, 14 ], "texture": "#texture" }
    }
},
{
    "from": [ 6, 1, 12 ],
    "to": [ 9.5, 1.5, 12.5 ],
    "faces": {
        "down":  { "uv": [ 9.5, 2.5, 6, 2 ], "texture": "#texture" },
        "up":    { "uv": [ 6.5, 15, 9, 15.5 ], "texture": "#texture" },
        "north": { "uv": [ 6.5, 14.5, 10, 15 ], "texture": "#texture" },
        "south": { "uv": [ 6, 14.5, 9.5, 15 ], "texture": "#texture" },
        "west":  { "uv": [ 8, 15, 8.5, 15.5 ], "texture": "#texture" },
        "east":  { "uv": [ 7, 15, 7.5, 15.5 ], "texture": "#texture" }
    }
},
{
    "from": [ 6.5, 0.5, 12 ],
    "to": [ 9, 1, 12.5 ],
    "faces": {
        "down":  { "uv": [ 9, 2.5, 6.5, 2 ], "texture": "#texture" },
        "up":    { "uv": [ 6.5, 2, 9, 2.5 ], "texture": "#texture" },
        "north": { "uv": [ 7, 15, 9.5, 15.5 ], "texture": "#texture" },
        "south": { "uv": [ 6.5, 15, 9, 15.5 ], "texture": "#texture" },
        "west":  { "uv": [ 7.5, 15, 8, 15.5 ], "texture": "#texture" },
        "east":  { "uv": [ 7.5, 15, 8, 15.5 ], "texture": "#texture" }
    }
},
{
    "from": [ 5, 13, 12.5 ],
    "to": [ 10.5, 13.5, 13 ],
    "faces": {
        "down":  { "uv": [ 9.5, 3, 6, 2.5 ], "texture": "#texture" },
        "up":    { "uv": [ 5.5, 2.5, 9.5, 3 ], "texture": "#texture" },
        "north": { "uv": [ 5.5, 2.5, 11, 3 ], "texture": "#texture" },
        "south": { "uv": [ 5, 2.5, 10.5, 3 ], "texture": "#texture" },
        "west":  { "uv": [ 7.5, 2.5, 8, 3 ], "texture": "#texture" },
        "east":  { "uv": [ 6.5, 2.5, 7, 3 ], "texture": "#texture" }
    }
},
{
    "from": [ 4.5, 12.5, 12.5 ],
    "to": [ 11, 13, 13 ],
    "faces": {
        "down":  { "uv": [ 11.5, 13, 5, 12.5 ], "texture": "#texture" },
        "up":    { "uv": [ 5.5, 2.5, 10, 3 ], "texture": "#texture" },
        "north": { "uv": [ 5, 3, 11.5, 3.5 ], "texture": "#texture" },
        "south": { "uv": [ 4.5, 3, 11, 3.5 ], "texture": "#texture" },
        "west":  { "uv": [ 8.5, 2.5, 9, 3 ], "texture": "#texture" },
        "east":  { "uv": [ 7, 2.5, 7.5, 3 ], "texture": "#texture" }
    }
},
{
    "from": [ 4, 12, 12.5 ],
    "to": [ 11.5, 12.5, 13 ],
    "faces": {
        "down":  { "uv": [ 12, 13, 4.5, 12.5 ], "texture": "#texture" },
        "up":    { "uv": [ 5.5, 2.5, 9.5, 3 ], "texture": "#texture" },
        "north": { "uv": [ 4.5, 3.5, 12, 4 ], "texture": "#texture" },
        "south": { "uv": [ 4, 3.5, 11.5, 4 ], "texture": "#texture" },
        "west":  { "uv": [ 7, 2.5, 7.5, 3 ], "texture": "#texture" },
        "east":  { "uv": [ 7, 2.5, 7.5, 3 ], "texture": "#texture" }
    }
},
{
    "from": [ 3.5, 11, 12.5 ],
    "to": [ 12, 12, 13 ],
    "faces": {
        "down":  { "uv": [ 9, 3, 6.5, 2.5 ], "texture": "#texture" },
        "up":    { "uv": [ 5.5, 2.5, 9, 3 ], "texture": "#texture" },
        "north": { "uv": [ 4, 4, 12.5, 5 ], "texture": "#texture" },
        "south": { "uv": [ 3.5, 4, 12, 5 ], "texture": "#texture" },
        "west":  { "uv": [ 8.5, 2.5, 9, 3 ], "texture": "#texture" },
        "east":  { "uv": [ 5.5, 2.5, 6, 3 ], "texture": "#texture" }
    }
},
{
    "from": [ 3, 7.5, 12.5 ],
    "to": [ 12.5, 11, 13 ],
    "faces": {
        "down":  { "uv": [ 9, 3, 6.5, 2.5 ], "texture": "#texture" },
        "up":    { "uv": [ 6, 2.5, 9, 3 ], "texture": "#texture" },
        "north": { "uv": [ 3.5, 5, 13, 8.5 ], "texture": "#texture" },
        "south": { "uv": [ 3, 5, 12.5, 8.5 ], "texture": "#texture" },
        "west":  { "uv": [ 12, 5, 12.5, 8.5 ], "texture": "#texture" },
        "east":  { "uv": [ 3, 5, 3.5, 8.5 ], "texture": "#texture" }
    }
},
{
    "from": [ 3.5, 6, 12.5 ],
    "to": [ 4.5, 7.5, 13 ],
    "faces": {
        "down":  { "uv": [ 12.5, 13, 11.5, 12.5 ], "texture": "#texture" },
        "up":    { "uv": [ 3.5, 12.5, 4.5, 13 ], "texture": "#texture" },
        "north": { "uv": [ 11.5, 8.5, 12.5, 10 ], "texture": "#texture" },
        "south": { "uv": [ 3.5, 8.5, 4.5, 10 ], "texture": "#texture" },
        "west":  { "uv": [ 11.5, 8.5, 12, 10 ], "texture": "#texture" },
        "east":  { "uv": [ 4, 8.5, 4.5, 10 ], "texture": "#texture" }
    }
},
{
    "from": [ 11, 6, 12.5 ],
    "to": [ 12, 7.5, 13 ],
    "faces": {
        "down":  { "uv": [ 5.5, 13, 4.5, 12.5 ], "texture": "#texture" },
        "up":    { "uv": [ 10, 12.5, 11, 13 ], "texture": "#texture" },
        "north": { "uv": [ 4, 8.5, 5, 10 ], "texture": "#texture" },
        "south": { "uv": [ 11, 8.5, 12, 10 ], "texture": "#texture" },
        "west":  { "uv": [ 11.5, 8.5, 12, 10 ], "texture": "#texture" },
        "east":  { "uv": [ 4, 8.5, 4.5, 10 ], "texture": "#texture" }
    }
},
{
    "from": [ 5, 7, 12.5 ],
    "to": [ 10.5, 7.5, 13 ],
    "faces": {
        "down":  { "uv": [ 11, 13, 5.5, 12.5 ], "texture": "#texture" },
        "up":    { "uv": [ 5, 12.5, 10.5, 13 ], "texture": "#texture" },
        "north": { "uv": [ 5.5, 8.5, 11, 9 ], "texture": "#texture" },
        "south": { "uv": [ 5, 8.5, 10.5, 9 ], "texture": "#texture" },
        "west":  { "uv": [ 12, 8.5, 12.5, 9 ], "texture": "#texture" },
        "east":  { "uv": [ 3, 8.5, 3.5, 9 ], "texture": "#texture" }
    }
},
{
    "from": [ 6, 6.5, 12.5 ],
    "to": [ 9.5, 7, 13 ],
    "faces": {
        "down":  { "uv": [ 10, 13, 6.5, 12.5 ], "texture": "#texture" },
        "up":    { "uv": [ 6, 12.5, 9.5, 13 ], "texture": "#texture" },
        "north": { "uv": [ 6.5, 9, 10, 9.5 ], "texture": "#texture" },
        "south": { "uv": [ 6, 9, 9.5, 9.5 ], "texture": "#texture" },
        "west":  { "uv": [ 12, 9, 12.5, 9.5 ], "texture": "#texture" },
        "east":  { "uv": [ 3, 9, 3.5, 9.5 ], "texture": "#texture" }
    }
},
{
    "from": [ 6.5, 4.5, 12.5 ],
    "to": [ 9, 6.5, 13 ],
    "faces": {
        "down":  { "uv": [ 9.5, 13, 7, 12.5 ], "texture": "#texture" },
        "up":    { "uv": [ 6.5, 12.5, 9, 13 ], "texture": "#texture" },
        "north": { "uv": [ 7, 9.5, 9.5, 11 ], "texture": "#texture" },
        "south": { "uv": [ 6.5, 9.5, 9, 11 ], "texture": "#texture" },
        "west":  { "uv": [ 8.5, 9.5, 9, 11 ], "texture": "#texture" },
        "east":  { "uv": [ 6.5, 9.5, 7, 11 ], "texture": "#texture" }
    }
},
{
    "from": [ 4.5, 6, 12.5 ],
    "to": [ 5, 6.5, 13 ],
    "faces": {
        "down":  { "uv": [ 11.5, 13, 11, 12.5 ], "texture": "#texture" },
        "up":    { "uv": [ 4.5, 12.5, 5, 13 ], "texture": "#texture" },
        "north": { "uv": [ 11, 9.5, 11.5, 10 ], "texture": "#texture" },
        "south": { "uv": [ 4.5, 9.5, 5, 10 ], "texture": "#texture" },
        "west":  { "uv": [ 12.5, 9.5, 13, 10 ], "texture": "#texture" },
        "east":  { "uv": [ 3, 9.5, 3.5, 10 ], "texture": "#texture" }
    }
},
{
    "from": [ 10.5, 6, 12.5 ],
    "to": [ 11, 6.5, 13 ],
    "faces": {
        "down":  { "uv": [ 5.5, 13, 5, 12.5 ], "texture": "#texture" },
        "up":    { "uv": [ 10.5, 12.5, 11, 13 ], "texture": "#texture" },
        "north": { "uv": [ 5, 9.5, 5.5, 10 ], "texture": "#texture" },
        "south": { "uv": [ 10.5, 9.5, 11, 10 ], "texture": "#texture" },
        "west":  { "uv": [ 12, 9.5, 12.5, 10 ], "texture": "#texture" },
        "east":  { "uv": [ 3, 9.5, 3.5, 10 ], "texture": "#texture" }
    }
},
{
    "from": [ 4, 4.5, 12.5 ],
    "to": [ 5, 6, 13 ],
    "faces": {
        "down":  { "uv": [ 12, 13, 11, 12.5 ], "texture": "#texture" },
        "up":    { "uv": [ 4, 12.5, 5, 13 ], "texture": "#texture" },
        "north": { "uv": [ 11, 10, 12, 11.5 ], "texture": "#texture" },
        "south": { "uv": [ 4, 10, 5, 11.5 ], "texture": "#texture" },
        "west":  { "uv": [ 11, 10, 11.5, 11.5 ], "texture": "#texture" },
        "east":  { "uv": [ 4, 10, 4.5, 11.5 ], "texture": "#texture" }
    }
},
{
    "from": [ 10, 5, 12.5 ],
    "to": [ 11.5, 6, 13 ],
    "faces": {
        "down":  { "uv": [ 6, 13, 4.5, 12.5 ], "texture": "#texture" },
        "up":    { "uv": [ 10, 12.5, 11.5, 13 ], "texture": "#texture" },
        "north": { "uv": [ 4.5, 10, 6, 11 ], "texture": "#texture" },
        "south": { "uv": [ 10, 10, 11.5, 11 ], "texture": "#texture" },
        "west":  { "uv": [ 11, 10, 11.5, 11 ], "texture": "#texture" },
        "east":  { "uv": [ 4, 10, 4.5, 11 ], "texture": "#texture" }
    }
},
{
    "from": [ 9.5, 4.5, 12.5 ],
    "to": [ 11.5, 5.5, 13 ],
    "faces": {
        "down":  { "uv": [ 6.5, 13, 4.5, 12.5 ], "texture": "#texture" },
        "up":    { "uv": [ 9.5, 12.5, 11.5, 13 ], "texture": "#texture" },
        "north": { "uv": [ 4.5, 10.5, 6.5, 11.5 ], "texture": "#texture" },
        "south": { "uv": [ 9.5, 10.5, 11.5, 11.5 ], "texture": "#texture" },
        "west":  { "uv": [ 11, 10.5, 11.5, 11.5 ], "texture": "#texture" },
        "east":  { "uv": [ 4, 10.5, 4.5, 11.5 ], "texture": "#texture" }
    }
},
{
    "from": [ 5, 4.5, 12.5 ],
    "to": [ 5.5, 6, 13 ],
    "faces": {
        "down":  { "uv": [ 11, 13, 10.5, 12.5 ], "texture": "#texture" },
        "up":    { "uv": [ 5, 12.5, 5.5, 13 ], "texture": "#texture" },
        "north": { "uv": [ 10.5, 10, 11, 11.5 ], "texture": "#texture" },
        "south": { "uv": [ 5, 10, 5.5, 11.5 ], "texture": "#texture" },
        "west":  { "uv": [ 11.5, 10, 12, 11.5 ], "texture": "#texture" },
        "east":  { "uv": [ 3.5, 10, 4, 11.5 ], "texture": "#texture" }
    }
},
{
    "from": [ 5.5, 4.5, 12.5 ],
    "to": [ 6, 5.5, 13 ],
    "faces": {
        "down":  { "uv": [ 10.5, 13, 10, 12.5 ], "texture": "#texture" },
        "up":    { "uv": [ 5.5, 12.5, 6, 13 ], "texture": "#texture" },
        "north": { "uv": [ 10, 10.5, 10.5, 11.5 ], "texture": "#texture" },
        "south": { "uv": [ 5.5, 10.5, 6, 11.5 ], "texture": "#texture" },
        "west":  { "uv": [ 9.5, 10.5, 10, 11.5 ], "texture": "#texture" },
        "east":  { "uv": [ 5.5, 10.5, 6, 11.5 ], "texture": "#texture" }
    }
},
{
    "from": [ 4.5, 3.5, 12.5 ],
    "to": [ 11, 4.5, 13 ],
    "faces": {
        "down":  { "uv": [ 11.5, 13, 5, 12.5 ], "texture": "#texture" },
        "up":    { "uv": [ 4.5, 12.5, 11, 13 ], "texture": "#texture" },
        "north": { "uv": [ 5, 11.5, 11.5, 12.5 ], "texture": "#texture" },
        "south": { "uv": [ 4.5, 11.5, 11, 12.5 ], "texture": "#texture" },
        "west":  { "uv": [ 10.5, 11.5, 11, 12.5 ], "texture": "#texture" },
        "east":  { "uv": [ 4.5, 11.5, 5, 12.5 ], "texture": "#texture" }
    }
},
{
    "from": [ 11, 4, 12.5 ],
    "to": [ 11.5, 4.5, 13 ],
    "faces": {
        "down":  { "uv": [ 5, 13, 4.5, 12.5 ], "texture": "#texture" },
        "up":    { "uv": [ 11, 12.5, 11.5, 13 ], "texture": "#texture" },
        "north": { "uv": [ 4.5, 11.5, 5, 12 ], "texture": "#texture" },
        "south": { "uv": [ 11, 11.5, 11.5, 12 ], "texture": "#texture" },
        "west":  { "uv": [ 11, 11.5, 11.5, 12 ], "texture": "#texture" },
        "east":  { "uv": [ 4.5, 11.5, 5, 12 ], "texture": "#texture" }
    }
},
{
    "from": [ 4, 4, 12.5 ],
    "to": [ 4.5, 4.5, 13 ],
    "faces": {
        "down":  { "uv": [ 11, 13, 10.5, 12.5 ], "texture": "#texture" },
        "up":    { "uv": [ 4.5, 12.5, 5, 13 ], "texture": "#texture" },
        "north": { "uv": [ 11.5, 11.5, 12, 12 ], "texture": "#texture" },
        "south": { "uv": [ 4, 11.5, 4.5, 12 ], "texture": "#texture" },
        "west":  { "uv": [ 11, 11.5, 11.5, 12 ], "texture": "#texture" },
        "east":  { "uv": [ 4.5, 11.5, 5, 12 ], "texture": "#texture" }
    }
},
{
    "from": [ 4.5, 3, 12.5 ],
    "to": [ 11, 3.5, 13 ],
    "faces": {
        "down":  { "uv": [ 11.5, 13, 5, 12.5 ], "texture": "#texture" },
        "up":    { "uv": [ 4.5, 12.5, 11, 13 ], "texture": "#texture" },
        "north": { "uv": [ 5, 12.5, 11.5, 13 ], "texture": "#texture" },
        "south": { "uv": [ 4.5, 12.5, 11, 13 ], "texture": "#texture" },
        "west":  { "uv": [ 10, 12.5, 10.5, 13 ], "texture": "#texture" },
        "east":  { "uv": [ 5, 12.5, 5.5, 13 ], "texture": "#texture" }
    }
},
{
    "from": [ 5, 2.5, 12.5 ],
    "to": [ 10.5, 3, 13 ],
    "faces": {
        "down":  { "uv": [ 11, 13, 5.5, 12.5 ], "texture": "#texture" },
        "up":    { "uv": [ 5, 12.5, 10.5, 13 ], "texture": "#texture" },
        "north": { "uv": [ 5.5, 13, 11, 13.5 ], "texture": "#texture" },
        "south": { "uv": [ 5, 13, 10.5, 13.5 ], "texture": "#texture" },
        "west":  { "uv": [ 9.5, 13, 10, 13.5 ], "texture": "#texture" },
        "east":  { "uv": [ 5.5, 13, 6, 13.5 ], "texture": "#texture" }
    }
},
{
    "from": [ 5.5, 2, 12.5 ],
    "to": [ 10, 2.5, 13 ],
    "faces": {
        "down":  { "uv": [ 10.5, 13, 6, 12.5 ], "texture": "#texture" },
        "up":    { "uv": [ 5.5, 12.5, 10, 13 ], "texture": "#texture" },
        "north": { "uv": [ 6, 13.5, 10.5, 14 ], "texture": "#texture" },
        "south": { "uv": [ 5.5, 13.5, 10, 14 ], "texture": "#texture" },
        "west":  { "uv": [ 9, 13.5, 9.5, 14 ], "texture": "#texture" },
        "east":  { "uv": [ 6, 13.5, 6.5, 14 ], "texture": "#texture" }
    }
},
{
    "from": [ 6, 1.9375, 12.5 ],
    "to": [ 9, 2, 13 ],
    "faces": {
        "down":  { "uv": [ 10, 13, 7, 12.5 ], "texture": "#texture" },
        "up":    { "uv": [ 6, 12.5, 9, 13 ], "texture": "#texture" },
        "north": { "uv": [ 7, 14, 10, 14.0625 ], "texture": "#texture" },
        "south": { "uv": [ 6, 14, 9, 14.0625 ], "texture": "#texture" },
        "west":  { "uv": [ 12.5, 14, 13, 14.0625 ], "texture": "#texture" },
        "east":  { "uv": [ 3, 14, 3.5, 14.0625 ], "texture": "#texture" }
    }
},
{
    "from": [ 6.5, 1, 12.5 ],
    "to": [ 9, 1.5, 13 ],
    "faces": {
        "down":  { "uv": [ 9.5, 13, 7, 12.5 ], "texture": "#texture" },
        "up":    { "uv": [ 6.5, 12.5, 9, 13 ], "texture": "#texture" },
        "north": { "uv": [ 7, 14.5, 9.5, 15 ], "texture": "#texture" },
        "south": { "uv": [ 6.5, 14.5, 9, 15 ], "texture": "#texture" },
        "west":  { "uv": [ 12.5, 14.5, 13, 15 ], "texture": "#texture" },
        "east":  { "uv": [ 3, 14.5, 3.5, 15 ], "texture": "#texture" }
    }
},
{
    "from": [ 6, 1.5, 12.5 ],
    "to": [ 9.5, 2, 13 ],
    "faces": {
        "down":  { "uv": [ 10, 13, 6.5, 12.5 ], "texture": "#texture" },
        "up":    { "uv": [ 6, 12.5, 9.5, 13 ], "texture": "#texture" },
        "north": { "uv": [ 6.5, 14, 10, 14.5 ], "texture": "#texture" },
        "south": { "uv": [ 6, 14, 9.5, 14.5 ], "texture": "#texture" },
        "west":  { "uv": [ 8.5, 14, 9, 14.5 ], "texture": "#texture" },
        "east":  { "uv": [ 6.5, 14, 7, 14.5 ], "texture": "#texture" }
    }
},
{
    "from": [ 6.5, 1, 12.5 ],
    "to": [ 9, 1.5, 13 ],
    "faces": {
        "down":  { "uv": [ 9.5, 13, 7, 12.5 ], "texture": "#texture" },
        "up":    { "uv": [ 6.5, 12.5, 9, 13 ], "texture": "#texture" },
        "north": { "uv": [ 7, 14.5, 9.5, 15 ], "texture": "#texture" },
        "south": { "uv": [ 6.5, 14.5, 9, 15 ], "texture": "#texture" },
        "west":  { "uv": [ 8, 14.5, 8.5, 15 ], "texture": "#texture" },
        "east":  { "uv": [ 7, 14.5, 7.5, 15 ], "texture": "#texture" }
    }
},
{
    "from": [ 6.5, 4.5, 12.5 ],
    "to": [ 9, 6.5, 13 ],
    "faces": {
        "down":  { "uv": [ 9.5, 13, 7, 12.5 ], "texture": "#texture" },
        "up":    { "uv": [ 6.5, 12.5, 9, 13 ], "texture": "#texture" },
        "north": { "uv": [ 7, 9.5, 9.5, 11 ], "texture": "#texture" },
        "south": { "uv": [ 6.5, 9.5, 9, 11 ], "texture": "#texture" },
        "west":  { "uv": [ 11.5, 9.5, 12, 11 ], "texture": "#texture" },
        "east":  { "uv": [ 3.5, 9.5, 4, 11 ], "texture": "#texture" }
    }
},
{
    "from": [ 5, 12.5, 13 ],
    "to": [ 10.5, 13, 13.5 ],
    "faces": {
        "down":  { "uv": [ 11, 13.5, 5.5, 13 ], "texture": "#texture" },
        "up":    { "uv": [ 5, 13, 10.5, 13.5 ], "texture": "#texture" },
        "north": { "uv": [ 5.5, 3, 11, 3.5 ], "texture": "#texture" },
        "south": { "uv": [ 5, 3, 10.5, 3.5 ], "texture": "#texture" },
        "west":  { "uv": [ 9.5, 3, 10, 3.5 ], "texture": "#texture" },
        "east":  { "uv": [ 5.5, 3, 6, 3.5 ], "texture": "#texture" }
    }
},
{
    "from": [ 4.5, 12, 13 ],
    "to": [ 11, 12.5, 13.5 ],
    "faces": {
        "down":  { "uv": [ 11.5, 13.5, 5, 13 ], "texture": "#texture" },
        "up":    { "uv": [ 4.5, 13, 11, 13.5 ], "texture": "#texture" },
        "north": { "uv": [ 5, 3.5, 11.5, 4 ], "texture": "#texture" },
        "south": { "uv": [ 4.5, 3.5, 11, 4 ], "texture": "#texture" },
        "west":  { "uv": [ 10, 3.5, 10.5, 4 ], "texture": "#texture" },
        "east":  { "uv": [ 5, 3.5, 5.5, 4 ], "texture": "#texture" }
    }
},
{
    "from": [ 4, 11, 13 ],
    "to": [ 11.5, 12, 13.5 ],
    "faces": {
        "down":  { "uv": [ 11.5, 13, 4, 12.5 ], "texture": "#texture" },
        "up":    { "uv": [ 4, 12.5, 11.5, 13 ], "texture": "#texture" },
        "north": { "uv": [ 4.5, 4, 12, 5 ], "texture": "#texture" },
        "south": { "uv": [ 4, 4, 11.5, 5 ], "texture": "#texture" },
        "west":  { "uv": [ 10.5, 4, 11, 5 ], "texture": "#texture" },
        "east":  { "uv": [ 4.5, 4, 5, 5 ], "texture": "#texture" }
    }
},
{
    "from": [ 4, 6, 13 ],
    "to": [ 4.5, 7.5, 13.5 ],
    "faces": {
        "down":  { "uv": [ 9.5, 13.5, 9, 13 ], "texture": "#texture" },
        "up":    { "uv": [ 6, 13, 6.5, 13.5 ], "texture": "#texture" },
        "north": { "uv": [ 11.5, 8.5, 12, 10 ], "texture": "#texture" },
        "south": { "uv": [ 4, 8.5, 4.5, 10 ], "texture": "#texture" },
        "west":  { "uv": [ 11, 8.5, 11.5, 10 ], "texture": "#texture" },
        "east":  { "uv": [ 4, 8.5, 4.5, 10 ], "texture": "#texture" }
    }
},
{
    "from": [ 3.5, 7.5, 13 ],
    "to": [ 12, 11, 13.5 ],
    "faces": {
        "down":  { "uv": [ 12, 12, 3.5, 11.5 ], "texture": "#texture" },
        "up":    { "uv": [ 3.5, 11.5, 12, 12 ], "texture": "#texture" },
        "north": { "uv": [ 4, 5, 12.5, 8.5 ], "texture": "#texture" },
        "south": { "uv": [ 3.5, 5, 12, 8.5 ], "texture": "#texture" },
        "west":  { "uv": [ 11, 5, 11.5, 8.5 ], "texture": "#texture" },
        "east":  { "uv": [ 4, 5, 4.5, 8.5 ], "texture": "#texture" }
    }
},
{
    "from": [ 5, 7, 13 ],
    "to": [ 10.5, 7.5, 13.5 ],
    "faces": {
        "down":  { "uv": [ 11, 13.5, 5.5, 13 ], "texture": "#texture" },
        "up":    { "uv": [ 5, 13, 10.5, 13.5 ], "texture": "#texture" },
        "north": { "uv": [ 5.5, 8.5, 11, 9 ], "texture": "#texture" },
        "south": { "uv": [ 5, 8.5, 10.5, 9 ], "texture": "#texture" },
        "west":  { "uv": [ 11, 8.5, 11.5, 9 ], "texture": "#texture" },
        "east":  { "uv": [ 4, 8.5, 4.5, 9 ], "texture": "#texture" }
    }
},
{
    "from": [ 6, 6.5, 13 ],
    "to": [ 9.5, 7, 13.5 ],
    "faces": {
        "down":  { "uv": [ 9, 10.5, 6.5, 10 ], "texture": "#texture" },
        "up":    { "uv": [ 6.5, 10.5, 9, 11 ], "texture": "#texture" },
        "north": { "uv": [ 6.5, 9, 10, 9.5 ], "texture": "#texture" },
        "south": { "uv": [ 6, 9, 9.5, 9.5 ], "texture": "#texture" },
        "west":  { "uv": [ 9, 9, 9.5, 9.5 ], "texture": "#texture" },
        "east":  { "uv": [ 6, 9, 6.5, 9.5 ], "texture": "#texture" }
    }
},
{
    "from": [ 6.5, 4.5, 13 ],
    "to": [ 9, 6.5, 13.5 ],
    "faces": {
        "down":  { "uv": [ 9.5, 13.5, 7, 13 ], "texture": "#texture" },
        "up":    { "uv": [ 6.5, 13, 9, 13.5 ], "texture": "#texture" },
        "north": { "uv": [ 7, 9.5, 9.5, 11.5 ], "texture": "#texture" },
        "south": { "uv": [ 6.5, 9.5, 9, 11.5 ], "texture": "#texture" },
        "west":  { "uv": [ 8.5, 9.5, 9, 11.5 ], "texture": "#texture" },
        "east":  { "uv": [ 6.5, 9.5, 7, 11.5 ], "texture": "#texture" }
    }
},
{
    "from": [ 4.5, 6, 13 ],
    "to": [ 5, 6.5, 13.5 ],
    "faces": {
        "down":  { "uv": [ 10, 10.5, 10.5, 10 ], "texture": "#texture" },
        "up":    { "uv": [ 5, 10, 5.5, 10.5 ], "texture": "#texture" },
        "north": { "uv": [ 10, 10, 10.5, 11 ], "texture": "#texture" },
        "south": { "uv": [ 5, 10, 5.5, 11 ], "texture": "#texture" },
        "west":  { "uv": [ 11, 6.5, 11.5, 7.5 ], "texture": "#texture" },
        "east":  { "uv": [ 4, 6.5, 4.5, 7.5 ], "texture": "#texture" }
    }
},
{
    "from": [ 11, 6, 13 ],
    "to": [ 11.5, 7.5, 13.5 ],
    "faces": {
        "down":  { "uv": [ 9.5, 13.5, 9, 13 ], "texture": "#texture" },
        "up":    { "uv": [ 6, 13, 6.5, 13.5 ], "texture": "#texture" },
        "north": { "uv": [ 11.5, 8.5, 12, 10 ], "texture": "#texture" },
        "south": { "uv": [ 4, 8.5, 4.5, 10 ], "texture": "#texture" },
        "west":  { "uv": [ 11, 8.5, 11.5, 10 ], "texture": "#texture" },
        "east":  { "uv": [ 4, 8.5, 4.5, 10 ], "texture": "#texture" }
    }
},
{
    "from": [ 10.5, 6, 13 ],
    "to": [ 11, 6.5, 13.5 ],
    "faces": {
        "down":  { "uv": [ 10, 10.5, 10.5, 10 ], "texture": "#texture" },
        "up":    { "uv": [ 5, 10, 5.5, 10.5 ], "texture": "#texture" },
        "north": { "uv": [ 16, 6.5, 16, 7.5 ], "texture": "#texture" },
        "south": { "uv": [ 4, 6.5, 4.5, 7.5 ], "texture": "#texture" },
        "west":  { "uv": [ 11, 6.5, 11.5, 7.5 ], "texture": "#texture" },
        "east":  { "uv": [ 4, 8.5, 4.5, 9.5 ], "texture": "#texture" }
    }
},
{
    "from": [ 4.5, 4.5, 13 ],
    "to": [ 6.5, 5, 13.5 ],
    "faces": {
        "down":  { "uv": [ 11.5, 13.5, 9.5, 13 ], "texture": "#texture" },
        "up":    { "uv": [ 4.5, 13, 6.5, 13.5 ], "texture": "#texture" },
        "north": { "uv": [ 9.5, 11, 11.5, 11.5 ], "texture": "#texture" },
        "south": { "uv": [ 4.5, 11, 6.5, 11.5 ], "texture": "#texture" },
        "west":  { "uv": [ 10, 11, 10.5, 11.5 ], "texture": "#texture" },
        "east":  { "uv": [ 5, 11, 5.5, 11.5 ], "texture": "#texture" }
    }
},
{
    "from": [ 9, 4.5, 13 ],
    "to": [ 11, 5, 13.5 ],
    "faces": {
        "down":  { "uv": [ 7, 13.5, 4.5, 13 ], "texture": "#texture" },
        "up":    { "uv": [ 9, 13, 11.5, 13.5 ], "texture": "#texture" },
        "north": { "uv": [ 4.5, 11, 6.5, 11.5 ], "texture": "#texture" },
        "south": { "uv": [ 9, 11, 11, 11.5 ], "texture": "#texture" },
        "west":  { "uv": [ 10.5, 11, 11, 11.5 ], "texture": "#texture" },
        "east":  { "uv": [ 5, 11, 5.5, 11.5 ], "texture": "#texture" }
    }
},
{
    "from": [ 4.5, 4, 13 ],
    "to": [ 11, 4.5, 13.5 ],
    "faces": {
        "down":  { "uv": [ 11, 13, 4.5, 12.5 ], "texture": "#texture" },
        "up":    { "uv": [ 4.5, 13, 11, 13.5 ], "texture": "#texture" },
        "north": { "uv": [ 5, 11.5, 11.5, 12 ], "texture": "#texture" },
        "south": { "uv": [ 4.5, 11.5, 11, 12 ], "texture": "#texture" },
        "west":  { "uv": [ 10, 11.5, 10.5, 12 ], "texture": "#texture" },
        "east":  { "uv": [ 5, 11.5, 5.5, 12 ], "texture": "#texture" }
    }
},
{
    "from": [ 5, 3, 13 ],
    "to": [ 10.5, 4, 13.5 ],
    "faces": {
        "down":  { "uv": [ 10.5, 13, 5, 12.5 ], "texture": "#texture" },
        "up":    { "uv": [ 5, 12.5, 10.5, 13 ], "texture": "#texture" },
        "north": { "uv": [ 5.5, 12, 11, 13 ], "texture": "#texture" },
        "south": { "uv": [ 5, 12, 10.5, 13 ], "texture": "#texture" },
        "west":  { "uv": [ 9.5, 12, 10, 13 ], "texture": "#texture" },
        "east":  { "uv": [ 5.5, 12, 6, 13 ], "texture": "#texture" }
    }
},
{
    "from": [ 5.5, 2.5, 13 ],
    "to": [ 10, 3, 13.5 ],
    "faces": {
        "down":  { "uv": [ 10.5, 13.5, 6, 13 ], "texture": "#texture" },
        "up":    { "uv": [ 5.5, 13, 10, 13.5 ], "texture": "#texture" },
        "north": { "uv": [ 6, 13, 10.5, 13.5 ], "texture": "#texture" },
        "south": { "uv": [ 5.5, 13, 10, 13.5 ], "texture": "#texture" },
        "west":  { "uv": [ 9, 13, 9.5, 13.5 ], "texture": "#texture" },
        "east":  { "uv": [ 6, 13, 6.5, 13.5 ], "texture": "#texture" }
    }
},
{
    "from": [ 6, 2, 13 ],
    "to": [ 9.5, 2.5, 13.5 ],
    "faces": {
        "down":  { "uv": [ 10, 13.5, 6.5, 13 ], "texture": "#texture" },
        "up":    { "uv": [ 6, 13, 9.5, 13.5 ], "texture": "#texture" },
        "north": { "uv": [ 6.5, 13.5, 10, 14 ], "texture": "#texture" },
        "south": { "uv": [ 6, 13.5, 9.5, 14 ], "texture": "#texture" },
        "west":  { "uv": [ 8.5, 13.5, 9, 14 ], "texture": "#texture" },
        "east":  { "uv": [ 6.5, 13.5, 7, 14 ], "texture": "#texture" }
    }
},
{
    "from": [ 6.5, 1.5, 13 ],
    "to": [ 9, 2, 13.5 ],
    "faces": {
        "down":  { "uv": [ 9.5, 13.5, 7, 13 ], "texture": "#texture" },
        "up":    { "uv": [ 6.5, 13, 9, 13.5 ], "texture": "#texture" },
        "north": { "uv": [ 7, 14, 9.5, 14.5 ], "texture": "#texture" },
        "south": { "uv": [ 6.5, 14, 9, 14.5 ], "texture": "#texture" },
        "west":  { "uv": [ 8.5, 14, 9, 14.5 ], "texture": "#texture" },
        "east":  { "uv": [ 6.5, 14, 7, 14.5 ], "texture": "#texture" }
    }
},
{
    "from": [ 4.5, 5, 13 ],
    "to": [ 5.5, 6, 13.5 ],
    "faces": {
        "down":  { "uv": [ 11, 13.5, 10, 13 ], "texture": "#texture" },
        "up":    { "uv": [ 4.5, 13, 5.5, 13.5 ], "texture": "#texture" },
        "north": { "uv": [ 10.5, 10, 11.5, 11 ], "texture": "#texture" },
        "south": { "uv": [ 4.5, 10, 5.5, 11 ], "texture": "#texture" },
        "west":  { "uv": [ 10, 10, 10.5, 11 ], "texture": "#texture" },
        "east":  { "uv": [ 5, 10, 5.5, 11 ], "texture": "#texture" }
    }
},
{
    "from": [ 10, 5, 13 ],
    "to": [ 11, 6, 13.5 ],
    "faces": {
        "down":  { "uv": [ 6, 13.5, 5, 13 ], "texture": "#texture" },
        "up":    { "uv": [ 10, 13, 11, 13.5 ], "texture": "#texture" },
        "north": { "uv": [ 5, 10, 6, 11 ], "texture": "#texture" },
        "south": { "uv": [ 10, 10, 11, 11 ], "texture": "#texture" },
        "west":  { "uv": [ 10, 10, 10.5, 11 ], "texture": "#texture" },
        "east":  { "uv": [ 5, 10, 5.5, 11 ], "texture": "#texture" }
    }
},
{
    "from": [ 9.5, 5, 13 ],
    "to": [ 10, 5.5, 13.5 ],
    "faces": {
        "down":  { "uv": [ 6.5, 13.5, 6, 13 ], "texture": "#texture" },
        "up":    { "uv": [ 9.5, 13, 10, 13.5 ], "texture": "#texture" },
        "north": { "uv": [ 6, 10.5, 6.5, 11 ], "texture": "#texture" },
        "south": { "uv": [ 9.5, 10.5, 10, 11 ], "texture": "#texture" },
        "west":  { "uv": [ 9.5, 10.5, 10, 11 ], "texture": "#texture" },
        "east":  { "uv": [ 5.5, 10.5, 6, 11 ], "texture": "#texture" }
    }
},
{
    "from": [ 5.5, 5, 13 ],
    "to": [ 6, 5.5, 13.5 ],
    "faces": {
        "down":  { "uv": [ 10.5, 13.5, 10, 13 ], "texture": "#texture" },
        "up":    { "uv": [ 5.5, 13, 6, 13.5 ], "texture": "#texture" },
        "north": { "uv": [ 10, 10.5, 10.5, 11 ], "texture": "#texture" },
        "south": { "uv": [ 5.5, 10.5, 6, 11 ], "texture": "#texture" },
        "west":  { "uv": [ 9.5, 10.5, 10, 11 ], "texture": "#texture" },
        "east":  { "uv": [ 5.5, 10.5, 6, 11 ], "texture": "#texture" }
    }
},
{
    "from": [ 7.5, 11, 15.5 ],
    "to": [ 8, 11.5, 16 ],
    "faces": {
        "down":  { "uv": [ 8, 5, 7.5, 4.5 ], "texture": "#texture" },
        "up":    { "uv": [ 7.5, 4.5, 8, 5 ], "texture": "#texture" },
        "north": { "uv": [ 7.5, 4.5, 8, 5 ], "texture": "#texture" },
        "south": { "uv": [ 7.5, 4.5, 8, 5 ], "texture": "#texture" },
        "west":  { "uv": [ 7.5, 4.5, 8, 5 ], "texture": "#texture" },
        "east":  { "uv": [ 7.5, 4.5, 8, 5 ], "texture": "#texture" }
    }
},
{
    "from": [ 3, 9.5, -4 ],
    "to": [ 3.5, 10.5, 10 ],
    "faces": {
        "down":  { "uv": [ 8, 6.5, 7.5, 5.5 ], "texture": "#texture" },
        "up":    { "uv": [ 7, 5, 7.5, 6.5 ], "texture": "#texture" },
        "north": { "uv": [ 8, 5.5, 8.5, 6.5 ], "texture": "#texture" },
        "south": { "uv": [ 3, 5.5, 3.5, 6.5 ], "texture": "#texture" },
        "west":  { "uv": [ 7, 5.5, 7.5, 6.5 ], "texture": "#texture" },
        "east":  { "uv": [ 7, 5.5, 7.5, 6.5 ], "texture": "#texture" }
    }
},
{
    "from": [ 12, 9.5, -4 ],
    "to": [ 12.5, 10.5, 10 ],
    "faces": {
        "down":  { "uv": [ 8, 6.5, 7.5, 5.5 ], "texture": "#texture" },
        "up":    { "uv": [ 7, 5, 7.5, 6.5 ], "texture": "#texture" },
        "north": { "uv": [ 8, 5.5, 8.5, 6.5 ], "texture": "#texture" },
        "south": { "uv": [ 3, 5.5, 3.5, 6.5 ], "texture": "#texture" },
        "west":  { "uv": [ 7, 5.5, 7.5, 6.5 ], "texture": "#texture" },
        "east":  { "uv": [ 7, 5.5, 7.5, 6.5 ], "texture": "#texture" }
    }
},
{
    "from": [ 3, 5.5, -4 ],
    "to": [ 3.5, 6.5, 10 ],
    "faces": {
        "down":  { "uv": [ 8, 6.5, 7.5, 5.5 ], "texture": "#texture" },
        "up":    { "uv": [ 7, 5, 7.5, 6.5 ], "texture": "#texture" },
        "north": { "uv": [ 8, 5.5, 8.5, 6.5 ], "texture": "#texture" },
        "south": { "uv": [ 3, 5.5, 3.5, 6.5 ], "texture": "#texture" },
        "west":  { "uv": [ 7, 5.5, 7.5, 6.5 ], "texture": "#texture" },
        "east":  { "uv": [ 7, 5.5, 7.5, 6.5 ], "texture": "#texture" }
    }
},
{
    "from": [ 12, 5.5, -4 ],
    "to": [ 12.5, 6.5, 10 ],
    "faces": {
        "down":  { "uv": [ 8, 6.5, 7.5, 5.5 ], "texture": "#texture" },
        "up":    { "uv": [ 7, 5, 7.5, 6.5 ], "texture": "#texture" },
        "north": { "uv": [ 8, 5.5, 8.5, 6.5 ], "texture": "#texture" },
        "south": { "uv": [ 3, 5.5, 3.5, 6.5 ], "texture": "#texture" },
        "west":  { "uv": [ 7, 5.5, 7.5, 6.5 ], "texture": "#texture" },
        "east":  { "uv": [ 7, 5.5, 7.5, 6.5 ], "texture": "#texture" }
    }
},
{
    "from": [ 3.5, 9.5, -4.5 ],
    "to": [ 12, 10.5, -4 ],
    "faces": {
        "down":  { "uv": [ 8, 6.5, 7.5, 5.5 ], "texture": "#texture" },
        "up":    { "uv": [ 7, 5, 7.5, 6.5 ], "texture": "#texture" },
        "north": { "uv": [ 8, 5.5, 8.5, 6.5 ], "texture": "#texture" },
        "south": { "uv": [ 3, 5.5, 3.5, 6.5 ], "texture": "#texture" },
        "west":  { "uv": [ 7, 5.5, 7.5, 6.5 ], "texture": "#texture" },
        "east":  { "uv": [ 7, 5.5, 7.5, 6.5 ], "texture": "#texture" }
    }
},
{
    "from": [ 3.5, 5.5, -4.5 ],
    "to": [ 12, 6.5, -4 ],
    "faces": {
        "down":  { "uv": [ 8, 6.5, 7.5, 5.5 ], "texture": "#texture" },
        "up":    { "uv": [ 7, 5, 7.5, 6.5 ], "texture": "#texture" },
        "north": { "uv": [ 8, 5.5, 8.5, 6.5 ], "texture": "#texture" },
        "south": { "uv": [ 3, 5.5, 3.5, 6.5 ], "texture": "#texture" },
        "west":  { "uv": [ 7, 5.5, 7.5, 6.5 ], "texture": "#texture" },
        "east":  { "uv": [ 7, 5.5, 7.5, 6.5 ], "texture": "#texture" }
    }
},
{
    "from": [ 7.5, 9, 15.5 ],
    "to": [ 8, 10.5, 16 ],
    "faces": {
        "down":  { "uv": [ 8, 5.5, 7.5, 7 ], "texture": "#texture" },
        "up":    { "uv": [ 7.5, 5.5, 8, 7 ], "texture": "#texture" },
        "north": { "uv": [ 7.5, 5.5, 8, 7 ], "texture": "#texture" },
        "south": { "uv": [ 7.5, 5.5, 8, 7 ], "texture": "#texture" },
        "west":  { "uv": [ 7.5, 5.5, 8, 7 ], "texture": "#texture" },
        "east":  { "uv": [ 7.5, 5.5, 8, 7 ], "texture": "#texture" }
    }
},
{
    "from": [ 6.5, 8, 15.5 ],
    "to": [ 7, 9.5, 16 ],
    "faces": {
        "down":  { "uv": [ 7, 6.5, 6.5, 8 ], "texture": "#texture" },
        "up":    { "uv": [ 6.5, 6.5, 7, 8 ], "texture": "#texture" },
        "north": { "uv": [ 6.5, 6.5, 7, 8 ], "texture": "#texture" },
        "south": { "uv": [ 6.5, 6.5, 7, 8 ], "texture": "#texture" },
        "west":  { "uv": [ 6.5, 6.5, 7, 8 ], "texture": "#texture" },
        "east":  { "uv": [ 6.5, 6.5, 7, 8 ], "texture": "#texture" }
    }
},
{
    "from": [ 8.5, 8, 15.5 ],
    "to": [ 9, 9.5, 16 ],
    "faces": {
        "down":  { "uv": [ 8, 6, 7.5, 5.5 ], "texture": "#texture" },
        "up":    { "uv": [ 7.5, 6, 8, 6.5 ], "texture": "#texture" },
        "north": { "uv": [ 7.5, 4.5, 8, 5 ], "texture": "#texture" },
        "south": { "uv": [ 7.5, 4.5, 8, 5 ], "texture": "#texture" },
        "west":  { "uv": [ 7.5, 4.5, 8, 5 ], "texture": "#texture" },
        "east":  { "uv": [ 7.5, 4.5, 8, 5 ], "texture": "#texture" }
    }
},
{
    "from": [ 8, 8, 15.5 ],
    "to": [ 8.5, 8.5, 16 ],
    "faces": {
        "down":  { "uv": [ 8.5, 8, 8, 7.5 ], "texture": "#texture" },
        "up":    { "uv": [ 8, 7.5, 8.5, 8 ], "texture": "#texture" },
        "north": { "uv": [ 8, 7.5, 8.5, 8 ], "texture": "#texture" },
        "south": { "uv": [ 8, 7.5, 8.5, 8 ], "texture": "#texture" },
        "west":  { "uv": [ 8, 7.5, 8.5, 8 ], "texture": "#texture" },
        "east":  { "uv": [ 8, 7.5, 8.5, 8 ], "texture": "#texture" }
    }
},
{
    "from": [ 7, 8, 15.5 ],
    "to": [ 7.5, 8.5, 16 ],
    "faces": {
        "down":  { "uv": [ 7.5, 8, 7, 7.5 ], "texture": "#texture" },
        "up":    { "uv": [ 7, 7.5, 7.5, 8 ], "texture": "#texture" },
        "north": { "uv": [ 7, 7.5, 7.5, 8 ], "texture": "#texture" },
        "south": { "uv": [ 7, 7.5, 7.5, 8 ], "texture": "#texture" },
        "west":  { "uv": [ 7, 7.5, 7.5, 8 ], "texture": "#texture" },
        "east":  { "uv": [ 7, 7.5, 7.5, 8 ], "texture": "#texture" }
    }
},
{
    "from": [ 7.5, 7, 15.5 ],
    "to": [ 8, 8, 16 ],
    "faces": {
        "down":  { "uv": [ 8, 9, 7.5, 8 ], "texture": "#texture" },
        "up":    { "uv": [ 7.5, 8, 8, 9 ], "texture": "#texture" },
        "north": { "uv": [ 6.5, 8.5, 7, 9 ], "texture": "#texture" },
        "south": { "uv": [ 7.5, 8, 8, 9 ], "texture": "#texture" },
        "west":  { "uv": [ 7.5, 8, 8, 9 ], "texture": "#texture" },
        "east":  { "uv": [ 7.5, 8, 8, 9 ], "texture": "#texture" }
    }
},
{
    "from": [ 6.5, 7, 15.5 ],
    "to": [ 7, 7.5, 16 ],
    "faces": {
        "down":  { "uv": [ 7, 9, 6.5, 8.5 ], "texture": "#texture" },
        "up":    { "uv": [ 6.5, 8.5, 7, 9 ], "texture": "#texture" },
        "north": { "uv": [ 6.5, 8.5, 7, 9 ], "texture": "#texture" },
        "south": { "uv": [ 6.5, 8.5, 7, 9 ], "texture": "#texture" },
        "west":  { "uv": [ 6.5, 8.5, 7, 9 ], "texture": "#texture" },
        "east":  { "uv": [ 6.5, 8.5, 7, 9 ], "texture": "#texture" }
    }
},
{
    "from": [ 8.5, 7, 15.5 ],
    "to": [ 9, 7.5, 16 ],
    "faces": {
        "down":  { "uv": [ 9, 9, 8.5, 8.5 ], "texture": "#texture" },
        "up":    { "uv": [ 8.5, 8.5, 9, 9 ], "texture": "#texture" },
        "north": { "uv": [ 8.5, 8.5, 9, 9 ], "texture": "#texture" },
        "south": { "uv": [ 8.5, 8.5, 9, 9 ], "texture": "#texture" },
        "west":  { "uv": [ 8.5, 8.5, 9, 9 ], "texture": "#texture" },
        "east":  { "uv": [ 8.5, 8.5, 9, 9 ], "texture": "#texture" }
    }
}
],
"display": {
    "head": {
        "rotation": [ 0, 180, 0 ],
        "translation": [ -0.2, 0.1, -2.4 ],
        "scale": [ 1.64, 1.64, 1.04 ]
    },
    "gui": {
        "rotation": [ -30, 135, 0 ],
        "translation": [ -0.9, 0, 0.6 ],
        "scale": [ 1.48, 1.48, 1 ]
    }
}
}