{
"__comment": "Designed by Hypixel with BDcraft Cubik PRO 0.96 Beta - http://bdcraft.net",
"textures": {
    "texture": "blocks/GeneralGrimAdmiral"
},
"elements": [ 
{
    "from": [ 2.5, 12.5, 10 ],
    "to": [ 3, 16, 10.5 ],
    "faces": {
        "down":  { "uv": [ 13.5, 10.5, 13, 10 ], "texture": "#texture" },
        "up":    { "uv": [ 2.5, 10, 3, 10.5 ], "texture": "#texture" },
        "north": { "uv": [ 13, 0, 13.5, 3.5 ], "texture": "#texture" },
        "south": { "uv": [ 2.5, 0, 3, 3.5 ], "texture": "#texture" },
        "west":  { "uv": [ 13, 0, 13.5, 3.5 ], "texture": "#texture" },
        "east":  { "uv": [ 2.5, 0, 3, 3.5 ], "texture": "#texture" }
    }
},
{
    "from": [ 13, 12.5, 10 ],
    "to": [ 13.5, 16, 10.5 ],
    "faces": {
        "down":  { "uv": [ 3, 10.5, 2.5, 10 ], "texture": "#texture" },
        "up":    { "uv": [ 13, 10, 13.5, 10.5 ], "texture": "#texture" },
        "north": { "uv": [ 2.5, 0, 3, 3.5 ], "texture": "#texture" },
        "south": { "uv": [ 13, 0, 13.5, 3.5 ], "texture": "#texture" },
        "west":  { "uv": [ 13, 0, 13.5, 3.5 ], "texture": "#texture" },
        "east":  { "uv": [ 13, 0, 13.5, 3.5 ], "texture": "#texture" }
    }
},
{
    "from": [ 3, 13, 10 ],
    "to": [ 3.5, 15.5, 10.5 ],
    "faces": {
        "down":  { "uv": [ 13, 1, 12.5, 0.5 ], "texture": "#texture" },
        "up":    { "uv": [ 3, 0.5, 3.5, 1 ], "texture": "#texture" },
        "north": { "uv": [ 12.5, 0.5, 13, 3 ], "texture": "#texture" },
        "south": { "uv": [ 3, 0.5, 3.5, 3 ], "texture": "#texture" },
        "west":  { "uv": [ 12.5, 0.5, 13, 3 ], "texture": "#texture" },
        "east":  { "uv": [ 3, 0.5, 3.5, 3 ], "texture": "#texture" }
    }
},
{
    "from": [ 3.5, 13, 10 ],
    "to": [ 4, 15, 10.5 ],
    "faces": {
        "down":  { "uv": [ 12.5, 1.5, 12, 1 ], "texture": "#texture" },
        "up":    { "uv": [ 3.5, 1, 4, 1.5 ], "texture": "#texture" },
        "north": { "uv": [ 12, 1, 12.5, 3 ], "texture": "#texture" },
        "south": { "uv": [ 3.5, 1, 4, 3 ], "texture": "#texture" },
        "west":  { "uv": [ 12, 1, 12.5, 3 ], "texture": "#texture" },
        "east":  { "uv": [ 3.5, 1, 4, 3 ], "texture": "#texture" }
    }
},
{
    "from": [ 4, 12.5, 10 ],
    "to": [ 4.5, 14.5, 10.5 ],
    "faces": {
        "down":  { "uv": [ 12.5, 1.5, 12, 1 ], "texture": "#texture" },
        "up":    { "uv": [ 4, 1.5, 4.5, 2 ], "texture": "#texture" },
        "north": { "uv": [ 11.5, 1.5, 12, 3.5 ], "texture": "#texture" },
        "south": { "uv": [ 4, 1.5, 4.5, 3.5 ], "texture": "#texture" },
        "west":  { "uv": [ 11.5, 1.5, 12, 3.5 ], "texture": "#texture" },
        "east":  { "uv": [ 3.5, 1, 4, 3 ], "texture": "#texture" }
    }
},
{
    "from": [ 4.5, 12.5, 10 ],
    "to": [ 5, 14, 10.5 ],
    "faces": {
        "down":  { "uv": [ 11, 2.5, 10.5, 2 ], "texture": "#texture" },
        "up":    { "uv": [ 6, 2, 6.5, 2.5 ], "texture": "#texture" },
        "north": { "uv": [ 11, 2, 11.5, 3.5 ], "texture": "#texture" },
        "south": { "uv": [ 4.5, 2, 5, 3.5 ], "texture": "#texture" },
        "west":  { "uv": [ 10, 2, 10.5, 3.5 ], "texture": "#texture" },
        "east":  { "uv": [ 5.5, 2, 6, 3.5 ], "texture": "#texture" }
    }
},
{
    "from": [ 12.5, 13, 10 ],
    "to": [ 13, 15.5, 10.5 ],
    "faces": {
        "down":  { "uv": [ 3.5, 1, 3, 0.5 ], "texture": "#texture" },
        "up":    { "uv": [ 12.5, 0.5, 13, 1 ], "texture": "#texture" },
        "north": { "uv": [ 3, 0.5, 3.5, 3 ], "texture": "#texture" },
        "south": { "uv": [ 12.5, 0.5, 13, 3 ], "texture": "#texture" },
        "west":  { "uv": [ 12.5, 0.5, 13, 3 ], "texture": "#texture" },
        "east":  { "uv": [ 3, 0.5, 3.5, 3 ], "texture": "#texture" }
    }
},
{
    "from": [ 12, 13, 10 ],
    "to": [ 12.5, 15, 10.5 ],
    "faces": {
        "down":  { "uv": [ 5.5, 2.5, 5, 2 ], "texture": "#texture" },
        "up":    { "uv": [ 10.5, 2, 11, 2.5 ], "texture": "#texture" },
        "north": { "uv": [ 3.5, 1, 4, 3 ], "texture": "#texture" },
        "south": { "uv": [ 12, 1, 12.5, 3 ], "texture": "#texture" },
        "west":  { "uv": [ 10, 2, 10.5, 4 ], "texture": "#texture" },
        "east":  { "uv": [ 5.5, 2, 6, 4 ], "texture": "#texture" }
    }
},
{
    "from": [ 11.5, 12.5, 10 ],
    "to": [ 12, 14.5, 10.5 ],
    "faces": {
        "down":  { "uv": [ 5, 2.5, 4.5, 2 ], "texture": "#texture" },
        "up":    { "uv": [ 11, 2, 11.5, 2.5 ], "texture": "#texture" },
        "north": { "uv": [ 4, 1.5, 4.5, 3.5 ], "texture": "#texture" },
        "south": { "uv": [ 11.5, 1.5, 12, 3.5 ], "texture": "#texture" },
        "west":  { "uv": [ 10, 2, 10.5, 4 ], "texture": "#texture" },
        "east":  { "uv": [ 5.5, 2, 6, 4 ], "texture": "#texture" }
    }
},
{
    "from": [ 11, 12.5, 10 ],
    "to": [ 11.5, 14, 10.5 ],
    "faces": {
        "down":  { "uv": [ 6, 2.5, 5.5, 2 ], "texture": "#texture" },
        "up":    { "uv": [ 9.5, 2, 10, 2.5 ], "texture": "#texture" },
        "north": { "uv": [ 4.5, 2, 5, 3.5 ], "texture": "#texture" },
        "south": { "uv": [ 11, 2, 11.5, 3.5 ], "texture": "#texture" },
        "west":  { "uv": [ 10, 2, 10.5, 3.5 ], "texture": "#texture" },
        "east":  { "uv": [ 5.5, 2, 6, 3.5 ], "texture": "#texture" }
    }
},
{
    "from": [ 10.5, 12, 10 ],
    "to": [ 11, 14, 10.5 ],
    "faces": {
        "down":  { "uv": [ 10.5, 2.5, 10, 2 ], "texture": "#texture" },
        "up":    { "uv": [ 10, 2, 10.5, 2.5 ], "texture": "#texture" },
        "north": { "uv": [ 5, 2, 5.5, 4 ], "texture": "#texture" },
        "south": { "uv": [ 10.5, 2, 11, 4 ], "texture": "#texture" },
        "west":  { "uv": [ 10, 2, 10.5, 4 ], "texture": "#texture" },
        "east":  { "uv": [ 5.5, 2, 6, 4 ], "texture": "#texture" }
    }
},
{
    "from": [ 10, 12, 10 ],
    "to": [ 10.5, 13.5, 10.5 ],
    "faces": {
        "down":  { "uv": [ 11, 2.5, 10.5, 2 ], "texture": "#texture" },
        "up":    { "uv": [ 11, 2, 11.5, 2.5 ], "texture": "#texture" },
        "north": { "uv": [ 5.5, 2.5, 6, 4 ], "texture": "#texture" },
        "south": { "uv": [ 10, 2.5, 10.5, 4 ], "texture": "#texture" },
        "west":  { "uv": [ 10, 2.5, 10.5, 4 ], "texture": "#texture" },
        "east":  { "uv": [ 5.5, 2.5, 6, 4 ], "texture": "#texture" }
    }
},
{
    "from": [ 5, 12, 10 ],
    "to": [ 5.5, 14, 10.5 ],
    "faces": {
        "down":  { "uv": [ 12.5, 1.5, 12, 1 ], "texture": "#texture" },
        "up":    { "uv": [ 6, 2, 6.5, 2.5 ], "texture": "#texture" },
        "north": { "uv": [ 10.5, 2, 11, 4 ], "texture": "#texture" },
        "south": { "uv": [ 5, 2, 5.5, 4 ], "texture": "#texture" },
        "west":  { "uv": [ 10, 2, 10.5, 4 ], "texture": "#texture" },
        "east":  { "uv": [ 5.5, 2, 6, 4 ], "texture": "#texture" }
    }
},
{
    "from": [ 5.5, 12, 10 ],
    "to": [ 6, 14, 10.5 ],
    "faces": {
        "down":  { "uv": [ 11, 2.5, 10.5, 2 ], "texture": "#texture" },
        "up":    { "uv": [ 7, 2.5, 7.5, 3 ], "texture": "#texture" },
        "north": { "uv": [ 10, 2, 10.5, 4 ], "texture": "#texture" },
        "south": { "uv": [ 5.5, 2, 6, 4 ], "texture": "#texture" },
        "west":  { "uv": [ 10, 2, 10.5, 4 ], "texture": "#texture" },
        "east":  { "uv": [ 5.5, 2, 6, 4 ], "texture": "#texture" }
    }
},
{
    "from": [ 6, 12, 10 ],
    "to": [ 6.5, 14, 10.5 ],
    "faces": {
        "down":  { "uv": [ 11, 2.5, 10.5, 2 ], "texture": "#texture" },
        "up":    { "uv": [ 5.5, 2, 6, 2.5 ], "texture": "#texture" },
        "north": { "uv": [ 9.5, 2, 10, 4 ], "texture": "#texture" },
        "south": { "uv": [ 6, 2, 6.5, 4 ], "texture": "#texture" },
        "west":  { "uv": [ 9.5, 2, 10, 4 ], "texture": "#texture" },
        "east":  { "uv": [ 6, 2, 6.5, 4 ], "texture": "#texture" }
    }
},
{
    "from": [ 6.5, 11.5, 10 ],
    "to": [ 7.5, 13.5, 10.5 ],
    "faces": {
        "down":  { "uv": [ 10.5, 2.5, 9.5, 2 ], "texture": "#texture" },
        "up":    { "uv": [ 6.5, 2.5, 7.5, 3 ], "texture": "#texture" },
        "north": { "uv": [ 8.5, 2.5, 9.5, 4 ], "texture": "#texture" },
        "south": { "uv": [ 6.5, 2.5, 7.5, 4 ], "texture": "#texture" },
        "west":  { "uv": [ 8.5, 2.5, 9, 4.5 ], "texture": "#texture" },
        "east":  { "uv": [ 7, 2.5, 7.5, 4.5 ], "texture": "#texture" }
    }
},
{
    "from": [ 7.5, 10.5, 10 ],
    "to": [ 8.5, 13, 10.5 ],
    "faces": {
        "down":  { "uv": [ 8.5, 3.5, 7.5, 3 ], "texture": "#texture" },
        "up":    { "uv": [ 7.5, 3, 8.5, 3.5 ], "texture": "#texture" },
        "north": { "uv": [ 7.5, 3, 8.5, 4.5 ], "texture": "#texture" },
        "south": { "uv": [ 7.5, 3, 8.5, 5 ], "texture": "#texture" },
        "west":  { "uv": [ 8, 3, 8.5, 5 ], "texture": "#texture" },
        "east":  { "uv": [ 7.5, 3, 8, 5 ], "texture": "#texture" }
    }
},
{
    "from": [ 8.5, 11.5, 10 ],
    "to": [ 9.5, 13.5, 10.5 ],
    "faces": {
        "down":  { "uv": [ 11, 2.5, 10, 2 ], "texture": "#texture" },
        "up":    { "uv": [ 10, 2, 11, 2.5 ], "texture": "#texture" },
        "north": { "uv": [ 6.5, 2.5, 7.5, 4 ], "texture": "#texture" },
        "south": { "uv": [ 8.5, 2.5, 9.5, 4 ], "texture": "#texture" },
        "west":  { "uv": [ 10, 2, 10.5, 4 ], "texture": "#texture" },
        "east":  { "uv": [ 5.5, 2, 6, 4 ], "texture": "#texture" }
    }
},
{
    "from": [ 9.5, 11.5, 10 ],
    "to": [ 10, 13.5, 10.5 ],
    "faces": {
        "down":  { "uv": [ 11, 2.5, 10.5, 2 ], "texture": "#texture" },
        "up":    { "uv": [ 10.5, 2, 11, 2.5 ], "texture": "#texture" },
        "north": { "uv": [ 6, 2.5, 6.5, 4 ], "texture": "#texture" },
        "south": { "uv": [ 9.5, 2.5, 10, 4.5 ], "texture": "#texture" },
        "west":  { "uv": [ 10, 2, 10.5, 4 ], "texture": "#texture" },
        "east":  { "uv": [ 5.5, 2, 6, 4 ], "texture": "#texture" }
    }
},
{
    "from": [ 2, 12, 10 ],
    "to": [ 2.5, 13, 10.5 ],
    "faces": {
        "down":  { "uv": [ 13.5, 10.5, 13, 10 ], "texture": "#texture" },
        "up":    { "uv": [ 2.5, 10, 3, 10.5 ], "texture": "#texture" },
        "north": { "uv": [ 13.5, 3, 14, 4 ], "texture": "#texture" },
        "south": { "uv": [ 2, 3, 2.5, 4 ], "texture": "#texture" },
        "west":  { "uv": [ 10, 3, 10.5, 4 ], "texture": "#texture" },
        "east":  { "uv": [ 5.5, 3, 6, 4 ], "texture": "#texture" }
    }
},
{
    "from": [ 1.5, 11.5, 10 ],
    "to": [ 2, 12, 10.5 ],
    "faces": {
        "down":  { "uv": [ 14.5, 4.5, 14, 4 ], "texture": "#texture" },
        "up":    { "uv": [ 1.5, 4, 2, 4.5 ], "texture": "#texture" },
        "north": { "uv": [ 14, 4, 14.5, 4.5 ], "texture": "#texture" },
        "south": { "uv": [ 1.5, 4, 2, 4.5 ], "texture": "#texture" },
        "west":  { "uv": [ 14, 4, 14.5, 4.5 ], "texture": "#texture" },
        "east":  { "uv": [ 1.5, 4, 2, 4.5 ], "texture": "#texture" }
    }
},
{
    "from": [ 0, 8.5, 10 ],
    "to": [ 0.5, 13.5, 10.5 ],
    "faces": {
        "down":  { "uv": [ 16, 7.5, 15.5, 7 ], "texture": "#texture" },
        "up":    { "uv": [ 0, 7, 0.5, 7.5 ], "texture": "#texture" },
        "north": { "uv": [ 15.5, 2.5, 16, 7.5 ], "texture": "#texture" },
        "south": { "uv": [ 0, 2.5, 0.5, 7.5 ], "texture": "#texture" },
        "west":  { "uv": [ 15.5, 2.5, 16, 7.5 ], "texture": "#texture" },
        "east":  { "uv": [ 0, 2.5, 0.5, 7.5 ], "texture": "#texture" }
    }
},
{
    "from": [ 0.5, 8, 10 ],
    "to": [ 1, 13, 10.5 ],
    "faces": {
        "down":  { "uv": [ 15.5, 8, 15, 7.5 ], "texture": "#texture" },
        "up":    { "uv": [ 0.5, 7.5, 1, 8 ], "texture": "#texture" },
        "north": { "uv": [ 15, 3, 15.5, 8 ], "texture": "#texture" },
        "south": { "uv": [ 0.5, 3, 1, 8 ], "texture": "#texture" },
        "west":  { "uv": [ 15, 3, 15.5, 8 ], "texture": "#texture" },
        "east":  { "uv": [ 0.5, 3, 1, 8 ], "texture": "#texture" }
    }
},
{
    "from": [ 1, 7.5, 10 ],
    "to": [ 1.5, 12.5, 10.5 ],
    "faces": {
        "down":  { "uv": [ 13.5, 10.5, 13, 10 ], "texture": "#texture" },
        "up":    { "uv": [ 2.5, 10, 3, 10.5 ], "texture": "#texture" },
        "north": { "uv": [ 14.5, 3.5, 15, 8.5 ], "texture": "#texture" },
        "south": { "uv": [ 1, 3.5, 1.5, 8.5 ], "texture": "#texture" },
        "west":  { "uv": [ 14.5, 3.5, 15, 8.5 ], "texture": "#texture" },
        "east":  { "uv": [ 1, 3.5, 1.5, 8.5 ], "texture": "#texture" }
    }
},
{
    "from": [ 1.5, 7, 10 ],
    "to": [ 2, 9, 10.5 ],
    "faces": {
        "down":  { "uv": [ 13.5, 10.5, 13, 10 ], "texture": "#texture" },
        "up":    { "uv": [ 2.5, 10, 3, 10.5 ], "texture": "#texture" },
        "north": { "uv": [ 14, 7, 14.5, 9 ], "texture": "#texture" },
        "south": { "uv": [ 1.5, 7, 2, 9 ], "texture": "#texture" },
        "west":  { "uv": [ 14, 7, 14.5, 9 ], "texture": "#texture" },
        "east":  { "uv": [ 1.5, 7, 2, 9 ], "texture": "#texture" }
    }
},
{
    "from": [ 2, 6.5, 10 ],
    "to": [ 2.5, 8, 10.5 ],
    "faces": {
        "down":  { "uv": [ 13.5, 10.5, 13, 10 ], "texture": "#texture" },
        "up":    { "uv": [ 2.5, 10, 3, 10.5 ], "texture": "#texture" },
        "north": { "uv": [ 13.5, 8, 14, 9.5 ], "texture": "#texture" },
        "south": { "uv": [ 2, 8, 2.5, 9.5 ], "texture": "#texture" },
        "west":  { "uv": [ 13.5, 8, 14, 9.5 ], "texture": "#texture" },
        "east":  { "uv": [ 2, 8, 2.5, 9.5 ], "texture": "#texture" }
    }
},
{
    "from": [ 2.5, 5, 10 ],
    "to": [ 3, 7, 10.5 ],
    "faces": {
        "down":  { "uv": [ 13.5, 10.5, 13, 10 ], "texture": "#texture" },
        "up":    { "uv": [ 2.5, 10, 3, 10.5 ], "texture": "#texture" },
        "north": { "uv": [ 13, 9, 13.5, 11 ], "texture": "#texture" },
        "south": { "uv": [ 2.5, 9, 3, 11 ], "texture": "#texture" },
        "west":  { "uv": [ 2.5, 9, 3, 11 ], "texture": "#texture" },
        "east":  { "uv": [ 13, 9, 13.5, 11 ], "texture": "#texture" }
    }
},
{
    "from": [ 3, 5, 10 ],
    "to": [ 3.5, 6, 10.5 ],
    "faces": {
        "down":  { "uv": [ 13, 10.5, 12.5, 10 ], "texture": "#texture" },
        "up":    { "uv": [ 3, 10, 3.5, 10.5 ], "texture": "#texture" },
        "north": { "uv": [ 12.5, 10, 13, 11 ], "texture": "#texture" },
        "south": { "uv": [ 3, 10, 3.5, 11 ], "texture": "#texture" },
        "west":  { "uv": [ 3, 10, 3.5, 11 ], "texture": "#texture" },
        "east":  { "uv": [ 3, 10, 3.5, 11 ], "texture": "#texture" }
    }
},
{
    "from": [ 15.5, 8.5, 10 ],
    "to": [ 16, 13.5, 10.5 ],
    "faces": {
        "down":  { "uv": [ 0.5, 7.5, 0, 7 ], "texture": "#texture" },
        "up":    { "uv": [ 15.5, 7, 16, 7.5 ], "texture": "#texture" },
        "north": { "uv": [ 0, 2.5, 0.5, 7.5 ], "texture": "#texture" },
        "south": { "uv": [ 15.5, 2.5, 16, 7.5 ], "texture": "#texture" },
        "west":  { "uv": [ 15.5, 2.5, 16, 7.5 ], "texture": "#texture" },
        "east":  { "uv": [ 0, 2.5, 0.5, 7.5 ], "texture": "#texture" }
    }
},
{
    "from": [ 15, 8, 10 ],
    "to": [ 15.5, 13, 10.5 ],
    "faces": {
        "down":  { "uv": [ 15.5, 3.5, 15, 3 ], "texture": "#texture" },
        "up":    { "uv": [ 15, 3, 15.5, 3.5 ], "texture": "#texture" },
        "north": { "uv": [ 0.5, 3, 1, 8 ], "texture": "#texture" },
        "south": { "uv": [ 15, 3, 15.5, 8 ], "texture": "#texture" },
        "west":  { "uv": [ 15, 3, 15.5, 8 ], "texture": "#texture" },
        "east":  { "uv": [ 15, 3, 15.5, 8 ], "texture": "#texture" }
    }
},
{
    "from": [ 14.5, 7.5, 10 ],
    "to": [ 15, 12.5, 10.5 ],
    "faces": {
        "down":  { "uv": [ 1.5, 8.5, 1, 8 ], "texture": "#texture" },
        "up":    { "uv": [ 14.5, 8, 15, 8.5 ], "texture": "#texture" },
        "north": { "uv": [ 1, 3.5, 1.5, 8.5 ], "texture": "#texture" },
        "south": { "uv": [ 14.5, 3.5, 15, 8.5 ], "texture": "#texture" },
        "west":  { "uv": [ 13, 0, 13.5, 2.5 ], "texture": "#texture" },
        "east":  { "uv": [ 13, 0, 13.5, 3 ], "texture": "#texture" }
    }
},
{
    "from": [ 14, 11.5, 10 ],
    "to": [ 14.5, 12, 10.5 ],
    "faces": {
        "down":  { "uv": [ 2, 4.5, 1.5, 4 ], "texture": "#texture" },
        "up":    { "uv": [ 14, 4, 14.5, 4.5 ], "texture": "#texture" },
        "north": { "uv": [ 1.5, 4, 2, 4.5 ], "texture": "#texture" },
        "south": { "uv": [ 14, 4, 14.5, 4.5 ], "texture": "#texture" },
        "west":  { "uv": [ 14, 4, 14.5, 4.5 ], "texture": "#texture" },
        "east":  { "uv": [ 14, 4, 14.5, 4.5 ], "texture": "#texture" }
    }
},
{
    "from": [ 13.5, 12, 10 ],
    "to": [ 14, 13, 10.5 ],
    "faces": {
        "down":  { "uv": [ 14, 3.5, 13.5, 3 ], "texture": "#texture" },
        "up":    { "uv": [ 13.5, 3, 14, 3.5 ], "texture": "#texture" },
        "north": { "uv": [ 2, 3, 2.5, 4 ], "texture": "#texture" },
        "south": { "uv": [ 13.5, 3, 14, 4 ], "texture": "#texture" },
        "west":  { "uv": [ 13.5, 3, 14, 4 ], "texture": "#texture" },
        "east":  { "uv": [ 13.5, 3, 14, 4 ], "texture": "#texture" }
    }
},
{
    "from": [ 14, 7, 10 ],
    "to": [ 14.5, 9, 10.5 ],
    "faces": {
        "down":  { "uv": [ 2, 9, 1.5, 8.5 ], "texture": "#texture" },
        "up":    { "uv": [ 14, 8.5, 14.5, 9 ], "texture": "#texture" },
        "north": { "uv": [ 1.5, 7, 2, 9 ], "texture": "#texture" },
        "south": { "uv": [ 14, 7, 14.5, 9 ], "texture": "#texture" },
        "west":  { "uv": [ 14, 7, 14.5, 9 ], "texture": "#texture" },
        "east":  { "uv": [ 14, 7, 14.5, 9 ], "texture": "#texture" }
    }
},
{
    "from": [ 13.5, 6.5, 10 ],
    "to": [ 14, 8, 10.5 ],
    "faces": {
        "down":  { "uv": [ 3, 10.5, 2.5, 10 ], "texture": "#texture" },
        "up":    { "uv": [ 13, 10, 13.5, 10.5 ], "texture": "#texture" },
        "north": { "uv": [ 2, 8, 2.5, 9.5 ], "texture": "#texture" },
        "south": { "uv": [ 13.5, 8, 14, 9.5 ], "texture": "#texture" },
        "west":  { "uv": [ 13, 9.5, 13.5, 11 ], "texture": "#texture" },
        "east":  { "uv": [ 2, 8, 2.5, 9.5 ], "texture": "#texture" }
    }
},
{
    "from": [ 13, 5, 10 ],
    "to": [ 13.5, 7, 10.5 ],
    "faces": {
        "down":  { "uv": [ 3, 10.5, 2.5, 10 ], "texture": "#texture" },
        "up":    { "uv": [ 13, 10, 13.5, 10.5 ], "texture": "#texture" },
        "north": { "uv": [ 2.5, 9, 3, 11 ], "texture": "#texture" },
        "south": { "uv": [ 13, 9, 13.5, 11 ], "texture": "#texture" },
        "west":  { "uv": [ 13, 9, 13.5, 11 ], "texture": "#texture" },
        "east":  { "uv": [ 2.5, 9, 3, 11 ], "texture": "#texture" }
    }
},
{
    "from": [ 12.5, 5, 10 ],
    "to": [ 13, 6, 10.5 ],
    "faces": {
        "down":  { "uv": [ 3.5, 10.5, 3, 10 ], "texture": "#texture" },
        "up":    { "uv": [ 12.5, 10, 13, 10.5 ], "texture": "#texture" },
        "north": { "uv": [ 3, 10, 3.5, 11 ], "texture": "#texture" },
        "south": { "uv": [ 12.5, 10, 13, 11 ], "texture": "#texture" },
        "west":  { "uv": [ 12.5, 10, 13, 11 ], "texture": "#texture" },
        "east":  { "uv": [ 12.5, 10, 13, 11 ], "texture": "#texture" }
    }
},
{
    "from": [ 2.5, 7, 10 ],
    "to": [ 3, 12.5, 10.5 ],
    "faces": {
        "down":  { "uv": [ 8.5, 5, 7.5, 4.5 ], "texture": "#texture" },
        "up":    { "uv": [ 7.5, 4, 8.5, 4.5 ], "texture": "#texture" },
        "north": { "uv": [ 7.5, 4, 8.5, 4.5 ], "texture": "#texture" },
        "south": { "uv": [ 7.5, 4, 8.5, 4.5 ], "texture": "#texture" },
        "west":  { "uv": [ 7.5, 4.5, 8.5, 5 ], "texture": "#texture" },
        "east":  { "uv": [ 7.5, 4.5, 8.5, 5 ], "texture": "#texture" }
    }
},
{
    "from": [ 2, 8, 10 ],
    "to": [ 2.5, 12, 10.5 ],
    "faces": {
        "down":  { "uv": [ 8.5, 5, 7.5, 4.5 ], "texture": "#texture" },
        "up":    { "uv": [ 7.5, 4.5, 8.5, 5 ], "texture": "#texture" },
        "north": { "uv": [ 7.5, 4, 8.5, 4.5 ], "texture": "#texture" },
        "south": { "uv": [ 7.5, 4.5, 8.5, 5 ], "texture": "#texture" },
        "west":  { "uv": [ 7.5, 4.5, 8.5, 5 ], "texture": "#texture" },
        "east":  { "uv": [ 7.5, 4.5, 8.5, 5 ], "texture": "#texture" }
    }
},
{
    "from": [ 1.5, 8.5, 10 ],
    "to": [ 2, 11.5, 10.5 ],
    "faces": {
        "down":  { "uv": [ 8.5, 5, 7.5, 4.5 ], "texture": "#texture" },
        "up":    { "uv": [ 7.5, 4.5, 8.5, 5 ], "texture": "#texture" },
        "north": { "uv": [ 7.5, 4, 8.5, 4.5 ], "texture": "#texture" },
        "south": { "uv": [ 7.5, 4.5, 8.5, 5 ], "texture": "#texture" },
        "west":  { "uv": [ 7.5, 4.5, 8.5, 5 ], "texture": "#texture" },
        "east":  { "uv": [ 7.5, 4.5, 8.5, 5 ], "texture": "#texture" }
    }
},
{
    "from": [ 3, 4, 10 ],
    "to": [ 12, 12, 10.5 ],
    "faces": {
        "down":  { "uv": [ 8.5, 4.5, 7.5, 4 ], "texture": "#texture" },
        "up":    { "uv": [ 7.5, 4, 8.5, 4.5 ], "texture": "#texture" },
        "north": { "uv": [ 7.5, 4, 8.5, 4.5 ], "texture": "#texture" },
        "south": { "uv": [ 7.5, 4, 8.5, 4.5 ], "texture": "#texture" },
        "west":  { "uv": [ 7.5, 4, 8.5, 4.5 ], "texture": "#texture" },
        "east":  { "uv": [ 7.5, 4, 8.5, 4.5 ], "texture": "#texture" }
    }
},
{
    "from": [ 6, 1, 10.5 ],
    "to": [ 7.5, 11.5, 11.5 ],
    "faces": {
        "down":  { "uv": [ 8.5, 4.5, 7.5, 4 ], "texture": "#texture" },
        "up":    { "uv": [ 7.5, 4, 8.5, 4.5 ], "texture": "#texture" },
        "north": { "uv": [ 7.5, 4, 8.5, 4.5 ], "texture": "#texture" },
        "south": { "uv": [ 7.5, 4, 8.5, 4.5 ], "texture": "#texture" },
        "west":  { "uv": [ 7.5, 4, 8.5, 4.5 ], "texture": "#texture" },
        "east":  { "uv": [ 7.5, 4, 8.5, 4.5 ], "texture": "#texture" }
    }
},
{
    "from": [ 7.5, 0.5, 10.5 ],
    "to": [ 8.5, 10.5, 11.5 ],
    "faces": {
        "down":  { "uv": [ 8.5, 5, 7.5, 4.5 ], "texture": "#texture" },
        "up":    { "uv": [ 7.5, 4.5, 8.5, 5 ], "texture": "#texture" },
        "north": { "uv": [ 7.5, 4.5, 8.5, 5 ], "texture": "#texture" },
        "south": { "uv": [ 7.5, 4.5, 8.5, 5 ], "texture": "#texture" },
        "west":  { "uv": [ 7.5, 4.5, 8.5, 5 ], "texture": "#texture" },
        "east":  { "uv": [ 7.5, 4.5, 8.5, 5 ], "texture": "#texture" }
    }
},
{
    "from": [ 8.5, 1.5, 10.5 ],
    "to": [ 10, 11.5, 11.5 ],
    "faces": {
        "down":  { "uv": [ 8.5, 5, 7.5, 4.5 ], "texture": "#texture" },
        "up":    { "uv": [ 7.5, 4.5, 8.5, 5 ], "texture": "#texture" },
        "north": { "uv": [ 7.5, 4.5, 8.5, 5 ], "texture": "#texture" },
        "south": { "uv": [ 7.5, 4.5, 8.5, 5 ], "texture": "#texture" },
        "west":  { "uv": [ 7.5, 4.5, 8.5, 5 ], "texture": "#texture" },
        "east":  { "uv": [ 7.5, 4.5, 8.5, 5 ], "texture": "#texture" }
    }
},
{
    "from": [ 13, 6.5, 10 ],
    "to": [ 13.5, 12.5, 10.5 ],
    "faces": {
        "down":  { "uv": [ 8.5, 4.5, 7.5, 4 ], "texture": "#texture" },
        "up":    { "uv": [ 7.5, 4, 8.5, 4.5 ], "texture": "#texture" },
        "north": { "uv": [ 7.5, 4, 8.5, 4.5 ], "texture": "#texture" },
        "south": { "uv": [ 7.5, 4, 8.5, 4.5 ], "texture": "#texture" },
        "west":  { "uv": [ 7.5, 4, 8.5, 4.5 ], "texture": "#texture" },
        "east":  { "uv": [ 7.5, 4, 8.5, 4.5 ], "texture": "#texture" }
    }
},
{
    "from": [ 13.5, 8, 10 ],
    "to": [ 14, 12, 10.5 ],
    "faces": {
        "down":  { "uv": [ 8.5, 5, 7.5, 4.5 ], "texture": "#texture" },
        "up":    { "uv": [ 7.5, 4, 8.5, 4.5 ], "texture": "#texture" },
        "north": { "uv": [ 7.5, 4, 8.5, 4.5 ], "texture": "#texture" },
        "south": { "uv": [ 7.5, 4.5, 8.5, 5 ], "texture": "#texture" },
        "west":  { "uv": [ 7.5, 4, 8.5, 4.5 ], "texture": "#texture" },
        "east":  { "uv": [ 7.5, 4.5, 8.5, 5 ], "texture": "#texture" }
    }
},
{
    "from": [ 14, 9, 10 ],
    "to": [ 14.5, 11.5, 10.5 ],
    "faces": {
        "down":  { "uv": [ 8.5, 5, 7.5, 4.5 ], "texture": "#texture" },
        "up":    { "uv": [ 7.5, 4.5, 8.5, 5 ], "texture": "#texture" },
        "north": { "uv": [ 7.5, 4, 8.5, 4.5 ], "texture": "#texture" },
        "south": { "uv": [ 7.5, 4.5, 8.5, 5 ], "texture": "#texture" },
        "west":  { "uv": [ 7.5, 4.5, 8.5, 5 ], "texture": "#texture" },
        "east":  { "uv": [ 7.5, 4.5, 8.5, 5 ], "texture": "#texture" }
    }
},
{
    "from": [ 6.5, 0.5, 10.5 ],
    "to": [ 7, 1, 12.5 ],
    "faces": {
        "down":  { "uv": [ 9.5, 15.5, 9, 15 ], "texture": "#texture" },
        "up":    { "uv": [ 6.5, 15, 7, 15.5 ], "texture": "#texture" },
        "north": { "uv": [ 9, 15, 9.5, 15.5 ], "texture": "#texture" },
        "south": { "uv": [ 6.5, 15, 7, 15.5 ], "texture": "#texture" },
        "west":  { "uv": [ 9, 15, 9.5, 15.5 ], "texture": "#texture" },
        "east":  { "uv": [ 6.5, 15, 7, 15.5 ], "texture": "#texture" }
    }
},
{
    "from": [ 7, 0, 10.5 ],
    "to": [ 9, 0.5, 12.5 ],
    "faces": {
        "down":  { "uv": [ 9, 16, 8.5, 15.5 ], "texture": "#texture" },
        "up":    { "uv": [ 7, 15.5, 7.5, 16 ], "texture": "#texture" },
        "north": { "uv": [ 8.5, 15.5, 9, 16 ], "texture": "#texture" },
        "south": { "uv": [ 7, 15.5, 7.5, 16 ], "texture": "#texture" },
        "west":  { "uv": [ 8.5, 15.5, 9, 16 ], "texture": "#texture" },
        "east":  { "uv": [ 7, 15.5, 7.5, 16 ], "texture": "#texture" }
    }
},
{
    "from": [ 9, 0.5, 10.5 ],
    "to": [ 9.5, 1, 11 ],
    "faces": {
        "down":  { "uv": [ 9.5, 15.5, 9, 15 ], "texture": "#texture" },
        "up":    { "uv": [ 9, 15, 9.5, 15.5 ], "texture": "#texture" },
        "north": { "uv": [ 6.5, 15, 7, 15.5 ], "texture": "#texture" },
        "south": { "uv": [ 9, 15, 9.5, 15.5 ], "texture": "#texture" },
        "west":  { "uv": [ 9, 15, 9.5, 15.5 ], "texture": "#texture" },
        "east":  { "uv": [ 6.5, 15, 7, 15.5 ], "texture": "#texture" }
    }
},
{
    "from": [ 5.5, 1.5, 10.5 ],
    "to": [ 10.5, 5, 12 ],
    "faces": {
        "down":  { "uv": [ 8.5, 4.5, 7.5, 4 ], "texture": "#texture" },
        "up":    { "uv": [ 7.5, 4, 8.5, 4.5 ], "texture": "#texture" },
        "north": { "uv": [ 7.5, 4, 8.5, 4.5 ], "texture": "#texture" },
        "south": { "uv": [ 7.5, 4, 8.5, 4.5 ], "texture": "#texture" },
        "west":  { "uv": [ 7.5, 4, 8.5, 4.5 ], "texture": "#texture" },
        "east":  { "uv": [ 7.5, 4, 8.5, 4.5 ], "texture": "#texture" }
    }
},
{
    "from": [ 5.5, 1.5, 10.5 ],
    "to": [ 6, 5, 11 ],
    "faces": {
        "down":  { "uv": [ 8.5, 4.5, 7.5, 4 ], "texture": "#texture" },
        "up":    { "uv": [ 7.5, 4, 8.5, 4.5 ], "texture": "#texture" },
        "north": { "uv": [ 7.5, 4, 8.5, 4.5 ], "texture": "#texture" },
        "south": { "uv": [ 7.5, 4.5, 8.5, 5 ], "texture": "#texture" },
        "west":  { "uv": [ 7.5, 4, 8.5, 4.5 ], "texture": "#texture" },
        "east":  { "uv": [ 7.5, 4, 8.5, 4.5 ], "texture": "#texture" }
    }
},
{
    "from": [ 5, 2, 10.5 ],
    "to": [ 5.5, 5, 12.5 ],
    "faces": {
        "down":  { "uv": [ 8.5, 4.5, 7.5, 4 ], "texture": "#texture" },
        "up":    { "uv": [ 7.5, 4, 8.5, 4.5 ], "texture": "#texture" },
        "north": { "uv": [ 7.5, 4.5, 8.5, 5 ], "texture": "#texture" },
        "south": { "uv": [ 7.5, 4, 8.5, 4.5 ], "texture": "#texture" },
        "west":  { "uv": [ 7.5, 4, 8.5, 4.5 ], "texture": "#texture" },
        "east":  { "uv": [ 7.5, 4, 8.5, 4.5 ], "texture": "#texture" }
    }
},
{
    "from": [ 4.5, 2.5, 10 ],
    "to": [ 5, 5.5, 10.5 ],
    "faces": {
        "down":  { "uv": [ 8.5, 4.5, 7.5, 4 ], "texture": "#texture" },
        "up":    { "uv": [ 7.5, 4, 8.5, 4.5 ], "texture": "#texture" },
        "north": { "uv": [ 7.5, 4, 8.5, 4.5 ], "texture": "#texture" },
        "south": { "uv": [ 7.5, 4, 8.5, 4.5 ], "texture": "#texture" },
        "west":  { "uv": [ 7.5, 4, 8.5, 4.5 ], "texture": "#texture" },
        "east":  { "uv": [ 7.5, 4, 8.5, 4.5 ], "texture": "#texture" }
    }
},
{
    "from": [ 4, 3, 10 ],
    "to": [ 4.5, 5.5, 10.5 ],
    "faces": {
        "down":  { "uv": [ 8.5, 4.5, 7.5, 4 ], "texture": "#texture" },
        "up":    { "uv": [ 7.5, 4, 8.5, 4.5 ], "texture": "#texture" },
        "north": { "uv": [ 7.5, 4, 8.5, 4.5 ], "texture": "#texture" },
        "south": { "uv": [ 7.5, 4, 8.5, 4.5 ], "texture": "#texture" },
        "west":  { "uv": [ 7.5, 4, 8.5, 4.5 ], "texture": "#texture" },
        "east":  { "uv": [ 7.5, 4, 8.5, 4.5 ], "texture": "#texture" }
    }
},
{
    "from": [ 3.5, 3.5, 10 ],
    "to": [ 4, 6, 10.5 ],
    "faces": {
        "down":  { "uv": [ 8.5, 4.5, 7.5, 4 ], "texture": "#texture" },
        "up":    { "uv": [ 7.5, 4, 8.5, 4.5 ], "texture": "#texture" },
        "north": { "uv": [ 7.5, 4, 8.5, 4.5 ], "texture": "#texture" },
        "south": { "uv": [ 7.5, 4, 8.5, 4.5 ], "texture": "#texture" },
        "west":  { "uv": [ 7.5, 4, 8.5, 4.5 ], "texture": "#texture" },
        "east":  { "uv": [ 7.5, 4, 8.5, 4.5 ], "texture": "#texture" }
    }
},
{
    "from": [ 7, 0.5, 10.5 ],
    "to": [ 9, 1, 12.5 ],
    "faces": {
        "down":  { "uv": [ 8.5, 4.5, 7.5, 4 ], "texture": "#texture" },
        "up":    { "uv": [ 7.5, 4.5, 8.5, 5 ], "texture": "#texture" },
        "north": { "uv": [ 7.5, 4, 8.5, 4.5 ], "texture": "#texture" },
        "south": { "uv": [ 7.5, 4.5, 8.5, 5 ], "texture": "#texture" },
        "west":  { "uv": [ 7.5, 4, 8.5, 4.5 ], "texture": "#texture" },
        "east":  { "uv": [ 7.5, 4, 8.5, 4.5 ], "texture": "#texture" }
    }
},
{
    "from": [ 10, 1.5, 10 ],
    "to": [ 10.5, 2.5, 10.5 ],
    "faces": {
        "down":  { "uv": [ 8.5, 4.5, 7.5, 4 ], "texture": "#texture" },
        "up":    { "uv": [ 7.5, 4, 8.5, 4.5 ], "texture": "#texture" },
        "north": { "uv": [ 7.5, 4, 8.5, 4.5 ], "texture": "#texture" },
        "south": { "uv": [ 7.5, 4, 8.5, 4.5 ], "texture": "#texture" },
        "west":  { "uv": [ 7.5, 4, 8.5, 4.5 ], "texture": "#texture" },
        "east":  { "uv": [ 7.5, 4, 8.5, 4.5 ], "texture": "#texture" }
    }
},
{
    "from": [ 11, 2.5, 10 ],
    "to": [ 11.5, 4, 10.5 ],
    "faces": {
        "down":  { "uv": [ 8.5, 4.5, 7.5, 4 ], "texture": "#texture" },
        "up":    { "uv": [ 7.5, 4, 8.5, 4.5 ], "texture": "#texture" },
        "north": { "uv": [ 7.5, 4, 8.5, 4.5 ], "texture": "#texture" },
        "south": { "uv": [ 7.5, 4, 8.5, 4.5 ], "texture": "#texture" },
        "west":  { "uv": [ 7.5, 4, 8.5, 4.5 ], "texture": "#texture" },
        "east":  { "uv": [ 7.5, 4, 8.5, 4.5 ], "texture": "#texture" }
    }
},
{
    "from": [ 12, 4, 10 ],
    "to": [ 12.5, 6, 10.5 ],
    "faces": {
        "down":  { "uv": [ 8.5, 4.5, 7.5, 4 ], "texture": "#texture" },
        "up":    { "uv": [ 7.5, 4, 8.5, 4.5 ], "texture": "#texture" },
        "north": { "uv": [ 7.5, 4, 8.5, 4.5 ], "texture": "#texture" },
        "south": { "uv": [ 7.5, 4, 8.5, 4.5 ], "texture": "#texture" },
        "west":  { "uv": [ 7.5, 4, 8.5, 4.5 ], "texture": "#texture" },
        "east":  { "uv": [ 7.5, 4, 8.5, 4.5 ], "texture": "#texture" }
    }
},
{
    "from": [ 11.5, 3, 10 ],
    "to": [ 12, 4, 10.5 ],
    "faces": {
        "down":  { "uv": [ 8.5, 4.5, 7.5, 4 ], "texture": "#texture" },
        "up":    { "uv": [ 7.5, 4, 8.5, 4.5 ], "texture": "#texture" },
        "north": { "uv": [ 7.5, 4, 8.5, 4.5 ], "texture": "#texture" },
        "south": { "uv": [ 7.5, 4, 8.5, 4.5 ], "texture": "#texture" },
        "west":  { "uv": [ 7.5, 4, 8.5, 4.5 ], "texture": "#texture" },
        "east":  { "uv": [ 7.5, 4, 8.5, 4.5 ], "texture": "#texture" }
    }
},
{
    "from": [ 10.5, 2, 10 ],
    "to": [ 11, 2.5, 10.5 ],
    "faces": {
        "down":  { "uv": [ 8.5, 4.5, 7.5, 4 ], "texture": "#texture" },
        "up":    { "uv": [ 7.5, 4, 8.5, 4.5 ], "texture": "#texture" },
        "north": { "uv": [ 7.5, 4, 8.5, 4.5 ], "texture": "#texture" },
        "south": { "uv": [ 7.5, 4, 8.5, 4.5 ], "texture": "#texture" },
        "west":  { "uv": [ 7.5, 4, 8.5, 4.5 ], "texture": "#texture" },
        "east":  { "uv": [ 7.5, 4, 8.5, 4.5 ], "texture": "#texture" }
    }
},
{
    "from": [ 3.5, 3, 11.5 ],
    "to": [ 12.5, 11, 12.5 ],
    "faces": {
        "down":  { "uv": [ 12.5, 12.5, 3.5, 11.5 ], "texture": "#texture" },
        "up":    { "uv": [ 3.5, 11.5, 12.5, 12.5 ], "texture": "#texture" },
        "north": { "uv": [ 3.5, 5, 12.5, 13 ], "texture": "#texture" },
        "south": { "uv": [ 3.5, 5, 12.5, 13 ], "texture": "#texture" },
        "west":  { "uv": [ 12, 4, 12.5, 12 ], "texture": "#texture" },
        "east":  { "uv": [ 3.5, 4, 4, 12 ], "texture": "#texture" }
    }
},
{
    "from": [ 4.5, 8.5, 12.5 ],
    "to": [ 11.5, 10.5, 13 ],
    "faces": {
        "down":  { "uv": [ 12.5, 13, 3.5, 12.5 ], "texture": "#texture" },
        "up":    { "uv": [ 3.5, 12.5, 12.5, 13 ], "texture": "#texture" },
        "north": { "uv": [ 3.5, 5.5, 12.5, 7.5 ], "texture": "#texture" },
        "south": { "uv": [ 3.5, 5.5, 12.5, 7.5 ], "texture": "#texture" },
        "west":  { "uv": [ 12.5, 5.5, 13, 7.5 ], "texture": "#texture" },
        "east":  { "uv": [ 3, 5.5, 3.5, 7.5 ], "texture": "#texture" }
    }
},
{
    "from": [ 5, 8, 12.5 ],
    "to": [ 11, 8.5, 13 ],
    "faces": {
        "down":  { "uv": [ 11.5, 13, 4.5, 12.5 ], "texture": "#texture" },
        "up":    { "uv": [ 4.5, 12.5, 11.5, 13 ], "texture": "#texture" },
        "north": { "uv": [ 4.5, 7.5, 11.5, 8 ], "texture": "#texture" },
        "south": { "uv": [ 4.5, 7.5, 11.5, 8 ], "texture": "#texture" },
        "west":  { "uv": [ 12.5, 7.5, 13, 8 ], "texture": "#texture" },
        "east":  { "uv": [ 3, 7.5, 3.5, 8 ], "texture": "#texture" }
    }
},
{
    "from": [ 5.5, 7.5, 12.5 ],
    "to": [ 10.5, 8, 13 ],
    "faces": {
        "down":  { "uv": [ 11, 13, 5, 12.5 ], "texture": "#texture" },
        "up":    { "uv": [ 5, 12.5, 11, 13 ], "texture": "#texture" },
        "north": { "uv": [ 5, 8, 11, 8.5 ], "texture": "#texture" },
        "south": { "uv": [ 5, 8, 11, 8.5 ], "texture": "#texture" },
        "west":  { "uv": [ 12.5, 8, 13, 8.5 ], "texture": "#texture" },
        "east":  { "uv": [ 3, 8, 3.5, 8.5 ], "texture": "#texture" }
    }
},
{
    "from": [ 4, 3, 12.5 ],
    "to": [ 12, 5.5, 13 ],
    "faces": {
        "down":  { "uv": [ 12.5, 13, 3.5, 12.5 ], "texture": "#texture" },
        "up":    { "uv": [ 3.5, 12.5, 12.5, 13 ], "texture": "#texture" },
        "north": { "uv": [ 3.5, 10.5, 12.5, 13 ], "texture": "#texture" },
        "south": { "uv": [ 3.5, 10.5, 12.5, 13 ], "texture": "#texture" },
        "west":  { "uv": [ 12, 10.5, 12.5, 13 ], "texture": "#texture" },
        "east":  { "uv": [ 3.5, 10.5, 4, 13 ], "texture": "#texture" }
    }
},
{
    "from": [ 3.5, 5.5, 12.5 ],
    "to": [ 4, 6.5, 13 ],
    "faces": {
        "down":  { "uv": [ 12.5, 13, 10, 12.5 ], "texture": "#texture" },
        "up":    { "uv": [ 3.5, 12.5, 6, 13 ], "texture": "#texture" },
        "north": { "uv": [ 10, 9.5, 11, 10.5 ], "texture": "#texture" },
        "south": { "uv": [ 3.5, 9.5, 4, 10.5 ], "texture": "#texture" },
        "west":  { "uv": [ 12.5, 9, 13, 10 ], "texture": "#texture" },
        "east":  { "uv": [ 3, 9, 3.5, 10 ], "texture": "#texture" }
    }
},
{
    "from": [ 4, 5.5, 12.5 ],
    "to": [ 6.5, 6, 13 ],
    "faces": {
        "down":  { "uv": [ 10, 10.5, 9.5, 10 ], "texture": "#texture" },
        "up":    { "uv": [ 6, 10, 6.5, 10.5 ], "texture": "#texture" },
        "north": { "uv": [ 9.5, 10, 10, 10.5 ], "texture": "#texture" },
        "south": { "uv": [ 4.5, 10, 6.5, 10.5 ], "texture": "#texture" },
        "west":  { "uv": [ 9.5, 10, 10, 10.5 ], "texture": "#texture" },
        "east":  { "uv": [ 6, 10, 6.5, 10.5 ], "texture": "#texture" }
    }
},
{
    "from": [ 3.5, 6.5, 12.5 ],
    "to": [ 4, 8.5, 13 ],
    "faces": {
        "down":  { "uv": [ 12.5, 13, 12, 12.5 ], "texture": "#texture" },
        "up":    { "uv": [ 3.5, 12.5, 4, 13 ], "texture": "#texture" },
        "north": { "uv": [ 12, 7.5, 12.5, 9.5 ], "texture": "#texture" },
        "south": { "uv": [ 3.5, 7.5, 4, 9.5 ], "texture": "#texture" },
        "west":  { "uv": [ 12.5, 7.5, 13, 9.5 ], "texture": "#texture" },
        "east":  { "uv": [ 3, 7.5, 3.5, 9.5 ], "texture": "#texture" }
    }
},
{
    "from": [ 12, 5.5, 12.5 ],
    "to": [ 12.5, 8.5, 13 ],
    "faces": {
        "down":  { "uv": [ 4, 13, 3.5, 12.5 ], "texture": "#texture" },
        "up":    { "uv": [ 12, 12.5, 12.5, 13 ], "texture": "#texture" },
        "north": { "uv": [ 3.5, 7.5, 4, 10.5 ], "texture": "#texture" },
        "south": { "uv": [ 12, 7.5, 12.5, 10.5 ], "texture": "#texture" },
        "west":  { "uv": [ 12.5, 7, 13, 10 ], "texture": "#texture" },
        "east":  { "uv": [ 3, 7, 3.5, 10 ], "texture": "#texture" }
    }
},
{
    "from": [ 12, 5.5, 12.5 ],
    "to": [ 12.5, 6.5, 13 ],
    "faces": {
        "down":  { "uv": [ 6, 13.5, 4, 13 ], "texture": "#texture" },
        "up":    { "uv": [ 10, 13, 12, 13.5 ], "texture": "#texture" },
        "north": { "uv": [ 3.5, 10, 4, 11 ], "texture": "#texture" },
        "south": { "uv": [ 12.5, 9, 13, 10 ], "texture": "#texture" },
        "west":  { "uv": [ 12.5, 9, 13, 10 ], "texture": "#texture" },
        "east":  { "uv": [ 3, 9, 3.5, 10 ], "texture": "#texture" }
    }
},
{
    "from": [ 9.5, 5.5, 12.5 ],
    "to": [ 10, 6, 13 ],
    "faces": {
        "down":  { "uv": [ 6.5, 13, 6, 12.5 ], "texture": "#texture" },
        "up":    { "uv": [ 9.5, 12.5, 10, 13 ], "texture": "#texture" },
        "north": { "uv": [ 6, 10, 6.5, 10.5 ], "texture": "#texture" },
        "south": { "uv": [ 9.5, 10, 10, 10.5 ], "texture": "#texture" },
        "west":  { "uv": [ 12, 10, 12.5, 10.5 ], "texture": "#texture" },
        "east":  { "uv": [ 3.5, 10, 4, 10.5 ], "texture": "#texture" }
    }
},
{
    "from": [ 7, 5.5, 12.5 ],
    "to": [ 9, 7.5, 13 ],
    "faces": {
        "down":  { "uv": [ 9, 13, 7, 12.5 ], "texture": "#texture" },
        "up":    { "uv": [ 7, 12.5, 9, 13 ], "texture": "#texture" },
        "north": { "uv": [ 7, 8.5, 9, 10.5 ], "texture": "#texture" },
        "south": { "uv": [ 7, 8.5, 9, 10.5 ], "texture": "#texture" },
        "west":  { "uv": [ 8.5, 8.5, 9, 10.5 ], "texture": "#texture" },
        "east":  { "uv": [ 7, 8.5, 7.5, 10.5 ], "texture": "#texture" }
    }
},
{
    "from": [ 3, 11, 11.5 ],
    "to": [ 6, 12, 12.5 ],
    "faces": {
        "down":  { "uv": [ 12.5, 12.5, 9.5, 11.5 ], "texture": "#texture" },
        "up":    { "uv": [ 3.5, 11.5, 6.5, 12.5 ], "texture": "#texture" },
        "north": { "uv": [ 10, 4, 13, 5 ], "texture": "#texture" },
        "south": { "uv": [ 3, 4, 6, 5 ], "texture": "#texture" },
        "west":  { "uv": [ 11.5, 4, 12.5, 5 ], "texture": "#texture" },
        "east":  { "uv": [ 3.5, 4, 4.5, 5 ], "texture": "#texture" }
    }
},
{
    "from": [ 10, 11, 11.5 ],
    "to": [ 13, 12, 12.5 ],
    "faces": {
        "down":  { "uv": [ 6.5, 12.5, 3.5, 11.5 ], "texture": "#texture" },
        "up":    { "uv": [ 9.5, 11.5, 12.5, 12.5 ], "texture": "#texture" },
        "north": { "uv": [ 3, 4, 6, 5 ], "texture": "#texture" },
        "south": { "uv": [ 10, 4, 13, 5 ], "texture": "#texture" },
        "west":  { "uv": [ 11.5, 4, 12.5, 5 ], "texture": "#texture" },
        "east":  { "uv": [ 3.5, 4, 4.5, 5 ], "texture": "#texture" }
    }
},
{
    "from": [ 8.5, 11, 11.5 ],
    "to": [ 10, 11.5, 12.5 ],
    "faces": {
        "down":  { "uv": [ 7.5, 12.5, 6, 11.5 ], "texture": "#texture" },
        "up":    { "uv": [ 8.5, 11.5, 10, 12.5 ], "texture": "#texture" },
        "north": { "uv": [ 6, 4.5, 7.5, 5 ], "texture": "#texture" },
        "south": { "uv": [ 8.5, 4.5, 10, 5 ], "texture": "#texture" },
        "west":  { "uv": [ 11.5, 4.5, 12.5, 5 ], "texture": "#texture" },
        "east":  { "uv": [ 3.5, 4.5, 4.5, 5 ], "texture": "#texture" }
    }
},
{
    "from": [ 6, 11, 11.5 ],
    "to": [ 7.5, 11.5, 12.5 ],
    "faces": {
        "down":  { "uv": [ 10, 12.5, 8.5, 11.5 ], "texture": "#texture" },
        "up":    { "uv": [ 6, 11.5, 7.5, 12.5 ], "texture": "#texture" },
        "north": { "uv": [ 8.5, 4.5, 10, 5 ], "texture": "#texture" },
        "south": { "uv": [ 6, 4.5, 7.5, 5 ], "texture": "#texture" },
        "west":  { "uv": [ 11.5, 4.5, 12.5, 5 ], "texture": "#texture" },
        "east":  { "uv": [ 3.5, 4.5, 4.5, 5 ], "texture": "#texture" }
    }
},
{
    "from": [ 2.5, 12, 11.5 ],
    "to": [ 4.5, 12.5, 12 ],
    "faces": {
        "down":  { "uv": [ 13.5, 4, 11.5, 3.5 ], "texture": "#texture" },
        "up":    { "uv": [ 2.5, 3.5, 4.5, 4 ], "texture": "#texture" },
        "north": { "uv": [ 11.5, 3.5, 13.5, 4 ], "texture": "#texture" },
        "south": { "uv": [ 2.5, 3.5, 4.5, 4 ], "texture": "#texture" },
        "west":  { "uv": [ 11.5, 3.5, 12, 4 ], "texture": "#texture" },
        "east":  { "uv": [ 4, 3.5, 4.5, 4 ], "texture": "#texture" }
    }
},
{
    "from": [ 11, 12, 11.5 ],
    "to": [ 13.5, 12.5, 12 ],
    "faces": {
        "down":  { "uv": [ 5, 4, 2.5, 3.5 ], "texture": "#texture" },
        "up":    { "uv": [ 11, 3.5, 13.5, 4 ], "texture": "#texture" },
        "north": { "uv": [ 2.5, 3.5, 5, 4 ], "texture": "#texture" },
        "south": { "uv": [ 11, 3.5, 13.5, 4 ], "texture": "#texture" },
        "west":  { "uv": [ 11.5, 3.5, 12, 4 ], "texture": "#texture" },
        "east":  { "uv": [ 4, 3.5, 4.5, 4 ], "texture": "#texture" }
    }
},
{
    "from": [ 2, 8, 11.5 ],
    "to": [ 3.5, 12, 12 ],
    "faces": {
        "down":  { "uv": [ 14, 5, 12.5, 4 ], "texture": "#texture" },
        "up":    { "uv": [ 2, 4, 3.5, 5 ], "texture": "#texture" },
        "north": { "uv": [ 12.5, 4, 14, 8 ], "texture": "#texture" },
        "south": { "uv": [ 2, 4, 3.5, 8 ], "texture": "#texture" },
        "west":  { "uv": [ 12, 4, 13, 8 ], "texture": "#texture" },
        "east":  { "uv": [ 3, 4, 4, 8 ], "texture": "#texture" }
    }
},
{
    "from": [ 12, 8, 11.5 ],
    "to": [ 14, 12, 12 ],
    "faces": {
        "down":  { "uv": [ 5, 11.5, 3, 11 ], "texture": "#texture" },
        "up":    { "uv": [ 11, 11.5, 13, 12 ], "texture": "#texture" },
        "north": { "uv": [ 2, 4, 4, 8 ], "texture": "#texture" },
        "south": { "uv": [ 12, 4, 14, 8 ], "texture": "#texture" },
        "west":  { "uv": [ 12, 3.5, 12.5, 7.5 ], "texture": "#texture" },
        "east":  { "uv": [ 3.5, 3.5, 4, 7.5 ], "texture": "#texture" }
    }
},
{
    "from": [ 2.5, 7, 11.5 ],
    "to": [ 3.5, 8, 12 ],
    "faces": {
        "down":  { "uv": [ 12.5, 12.5, 11.5, 11.5 ], "texture": "#texture" },
        "up":    { "uv": [ 3.5, 11.5, 4.5, 12.5 ], "texture": "#texture" },
        "north": { "uv": [ 12.5, 8, 13.5, 9 ], "texture": "#texture" },
        "south": { "uv": [ 2.5, 8, 3.5, 9 ], "texture": "#texture" },
        "west":  { "uv": [ 12, 8, 13, 9 ], "texture": "#texture" },
        "east":  { "uv": [ 3, 8, 4, 9 ], "texture": "#texture" }
    }
},
{
    "from": [ 3, 6, 11.5 ],
    "to": [ 3.5, 7, 12 ],
    "faces": {
        "down":  { "uv": [ 13, 12, 12.5, 11 ], "texture": "#texture" },
        "up":    { "uv": [ 3, 11, 3.5, 12 ], "texture": "#texture" },
        "north": { "uv": [ 12.5, 9, 13, 10 ], "texture": "#texture" },
        "south": { "uv": [ 3, 9, 3.5, 10 ], "texture": "#texture" },
        "west":  { "uv": [ 10.5, 10, 11.5, 11 ], "texture": "#texture" },
        "east":  { "uv": [ 4.5, 10, 5.5, 11 ], "texture": "#texture" }
    }
},
{
    "from": [ 1.5, 9, 11.5 ],
    "to": [ 2, 11.5, 12 ],
    "faces": {
        "down":  { "uv": [ 13, 12, 12.5, 11.5 ], "texture": "#texture" },
        "up":    { "uv": [ 3, 11.5, 3.5, 12 ], "texture": "#texture" },
        "north": { "uv": [ 14, 4.5, 14.5, 7 ], "texture": "#texture" },
        "south": { "uv": [ 1.5, 4.5, 2, 7 ], "texture": "#texture" },
        "west":  { "uv": [ 11.5, 4.5, 12, 7 ], "texture": "#texture" },
        "east":  { "uv": [ 4, 4.5, 4.5, 7 ], "texture": "#texture" }
    }
},
{
    "from": [ 14, 9, 11.5 ],
    "to": [ 14.5, 11.5, 12 ],
    "faces": {
        "down":  { "uv": [ 3.5, 12, 3, 11.5 ], "texture": "#texture" },
        "up":    { "uv": [ 12.5, 11.5, 13, 12 ], "texture": "#texture" },
        "north": { "uv": [ 1.5, 4.5, 2, 7 ], "texture": "#texture" },
        "south": { "uv": [ 14, 4.5, 14.5, 7 ], "texture": "#texture" },
        "west":  { "uv": [ 11.5, 4.5, 12, 7 ], "texture": "#texture" },
        "east":  { "uv": [ 4, 4.5, 4.5, 7 ], "texture": "#texture" }
    }
},
{
    "from": [ 12.5, 7, 11.5 ],
    "to": [ 13.5, 8, 12 ],
    "faces": {
        "down":  { "uv": [ 4, 12, 3, 11.5 ], "texture": "#texture" },
        "up":    { "uv": [ 12, 11.5, 13, 12 ], "texture": "#texture" },
        "north": { "uv": [ 2.5, 8, 3.5, 9 ], "texture": "#texture" },
        "south": { "uv": [ 12.5, 8, 13.5, 9 ], "texture": "#texture" },
        "west":  { "uv": [ 12, 8, 12.5, 9 ], "texture": "#texture" },
        "east":  { "uv": [ 3.5, 8, 4, 9 ], "texture": "#texture" }
    }
},
{
    "from": [ 12.5, 6, 11.5 ],
    "to": [ 13, 7, 12 ],
    "faces": {
        "down":  { "uv": [ 3.5, 12, 3, 11.5 ], "texture": "#texture" },
        "up":    { "uv": [ 12.5, 11.5, 13, 12 ], "texture": "#texture" },
        "north": { "uv": [ 3, 9, 3.5, 10 ], "texture": "#texture" },
        "south": { "uv": [ 12.5, 9, 13, 10 ], "texture": "#texture" },
        "west":  { "uv": [ 12, 9, 12.5, 10 ], "texture": "#texture" },
        "east":  { "uv": [ 3.5, 9, 4, 10 ], "texture": "#texture" }
    }
},
{
    "from": [ 3, 4, 11.5 ],
    "to": [ 3.5, 5, 12.5 ],
    "faces": {
        "down":  { "uv": [ 13, 12, 12.5, 11 ], "texture": "#texture" },
        "up":    { "uv": [ 3, 11, 3.5, 12 ], "texture": "#texture" },
        "north": { "uv": [ 12.5, 11, 13, 12 ], "texture": "#texture" },
        "south": { "uv": [ 3, 11, 3.5, 12 ], "texture": "#texture" },
        "west":  { "uv": [ 11.5, 11, 12.5, 12 ], "texture": "#texture" },
        "east":  { "uv": [ 3.5, 11, 4.5, 12 ], "texture": "#texture" }
    }
},
{
    "from": [ 12.5, 4, 11.5 ],
    "to": [ 13, 5, 12 ],
    "faces": {
        "down":  { "uv": [ 3.5, 12, 3, 11.5 ], "texture": "#texture" },
        "up":    { "uv": [ 12.5, 11.5, 13, 12 ], "texture": "#texture" },
        "north": { "uv": [ 3, 11, 3.5, 12 ], "texture": "#texture" },
        "south": { "uv": [ 12.5, 11, 13, 12 ], "texture": "#texture" },
        "west":  { "uv": [ 11.5, 11, 12, 12 ], "texture": "#texture" },
        "east":  { "uv": [ 4, 11, 4.5, 12 ], "texture": "#texture" }
    }
},
{
    "from": [ 4, 2.5, 11.5 ],
    "to": [ 12, 3, 13 ],
    "faces": {
        "down":  { "uv": [ 12, 13, 4, 11.5 ], "texture": "#texture" },
        "up":    { "uv": [ 4, 11.5, 12, 13 ], "texture": "#texture" },
        "north": { "uv": [ 4, 13, 12, 13.5 ], "texture": "#texture" },
        "south": { "uv": [ 4, 13, 12, 13.5 ], "texture": "#texture" },
        "west":  { "uv": [ 10.5, 13, 12, 13.5 ], "texture": "#texture" },
        "east":  { "uv": [ 4, 13, 5.5, 13.5 ], "texture": "#texture" }
    }
},
{
    "from": [ 4.5, 2, 12 ],
    "to": [ 11.5, 2.5, 13 ],
    "faces": {
        "down":  { "uv": [ 11.5, 13, 4.5, 11.5 ], "texture": "#texture" },
        "up":    { "uv": [ 4.5, 11.5, 11.5, 13 ], "texture": "#texture" },
        "north": { "uv": [ 4.5, 13.5, 11.5, 14 ], "texture": "#texture" },
        "south": { "uv": [ 4.5, 13.5, 11.5, 14 ], "texture": "#texture" },
        "west":  { "uv": [ 10, 13.5, 11.5, 14 ], "texture": "#texture" },
        "east":  { "uv": [ 4.5, 13.5, 6, 14 ], "texture": "#texture" }
    }
},
{
    "from": [ 5, 1.5, 12 ],
    "to": [ 11, 2, 13 ],
    "faces": {
        "down":  { "uv": [ 11, 13, 5, 11.5 ], "texture": "#texture" },
        "up":    { "uv": [ 5, 11.5, 11, 13 ], "texture": "#texture" },
        "north": { "uv": [ 5, 14, 11, 14.5 ], "texture": "#texture" },
        "south": { "uv": [ 5, 14, 11, 14.5 ], "texture": "#texture" },
        "west":  { "uv": [ 9.5, 14, 11, 14.5 ], "texture": "#texture" },
        "east":  { "uv": [ 5, 14, 6.5, 14.5 ], "texture": "#texture" }
    }
},
{
    "from": [ 5.5, 1, 12.5 ],
    "to": [ 10.5, 1.5, 13 ],
    "faces": {
        "down":  { "uv": [ 10.5, 13, 5.5, 11.5 ], "texture": "#texture" },
        "up":    { "uv": [ 5.5, 11.5, 10.5, 13 ], "texture": "#texture" },
        "north": { "uv": [ 5.5, 14.5, 10.5, 15 ], "texture": "#texture" },
        "south": { "uv": [ 5.5, 14.5, 10.5, 15 ], "texture": "#texture" },
        "west":  { "uv": [ 9, 14.5, 10.5, 15 ], "texture": "#texture" },
        "east":  { "uv": [ 5.5, 14.5, 7, 15 ], "texture": "#texture" }
    }
},
{
    "from": [ 6, 0.5, 12.5 ],
    "to": [ 6.5, 1, 13 ],
    "faces": {
        "down":  { "uv": [ 10, 13, 9.5, 11.5 ], "texture": "#texture" },
        "up":    { "uv": [ 6, 11.5, 6.5, 13 ], "texture": "#texture" },
        "north": { "uv": [ 9.5, 15, 10, 15.5 ], "texture": "#texture" },
        "south": { "uv": [ 6, 15, 6.5, 15.5 ], "texture": "#texture" },
        "west":  { "uv": [ 9.5, 15, 10, 15.5 ], "texture": "#texture" },
        "east":  { "uv": [ 6, 15, 6.5, 15.5 ], "texture": "#texture" }
    }
},
{
    "from": [ 7, 0.5, 12.5 ],
    "to": [ 9, 1, 13 ],
    "faces": {
        "down":  { "uv": [ 9, 13, 7, 11.5 ], "texture": "#texture" },
        "up":    { "uv": [ 7, 11.5, 9, 13 ], "texture": "#texture" },
        "north": { "uv": [ 7, 15, 9, 15.5 ], "texture": "#texture" },
        "south": { "uv": [ 7, 15, 9, 15.5 ], "texture": "#texture" },
        "west":  { "uv": [ 9.5, 15, 10, 15.5 ], "texture": "#texture" },
        "east":  { "uv": [ 6, 15, 6.5, 15.5 ], "texture": "#texture" }
    }
},
{
    "from": [ 9.5, 0.5, 12.5 ],
    "to": [ 10, 1, 13 ],
    "faces": {
        "down":  { "uv": [ 6.5, 13, 6, 11.5 ], "texture": "#texture" },
        "up":    { "uv": [ 9.5, 11.5, 10, 13 ], "texture": "#texture" },
        "north": { "uv": [ 6, 15, 6.5, 15.5 ], "texture": "#texture" },
        "south": { "uv": [ 9.5, 15, 10, 15.5 ], "texture": "#texture" },
        "west":  { "uv": [ 9.5, 15, 10, 15.5 ], "texture": "#texture" },
        "east":  { "uv": [ 6, 15, 6.5, 15.5 ], "texture": "#texture" }
    }
},
{
    "from": [ 2.5, 8, 11.5 ],
    "to": [ 4, 12, 12.5 ],
    "faces": {
        "down":  { "uv": [ 12.5, 12.5, 11.5, 11.5 ], "texture": "#texture" },
        "up":    { "uv": [ 3.5, 11.5, 4.5, 12.5 ], "texture": "#texture" },
        "north": { "uv": [ 12.5, 4, 13.5, 5 ], "texture": "#texture" },
        "south": { "uv": [ 2.5, 4, 3.5, 5 ], "texture": "#texture" },
        "west":  { "uv": [ 11.5, 4, 12.5, 5 ], "texture": "#texture" },
        "east":  { "uv": [ 3.5, 4, 4.5, 5 ], "texture": "#texture" }
    }
},
{
    "from": [ 2, 9, 11.5 ],
    "to": [ 3.5, 11.5, 12.5 ],
    "faces": {
        "down":  { "uv": [ 12.5, 12.5, 11.5, 11.5 ], "texture": "#texture" },
        "up":    { "uv": [ 3.5, 11.5, 4.5, 12.5 ], "texture": "#texture" },
        "north": { "uv": [ 12.5, 4, 13.5, 5 ], "texture": "#texture" },
        "south": { "uv": [ 2.5, 4, 3.5, 5 ], "texture": "#texture" },
        "west":  { "uv": [ 11.5, 4, 12.5, 5 ], "texture": "#texture" },
        "east":  { "uv": [ 3.5, 4, 4.5, 5 ], "texture": "#texture" }
    }
},
{
    "from": [ 3, 7, 11.5 ],
    "to": [ 4, 8, 12.5 ],
    "faces": {
        "down":  { "uv": [ 13, 12.5, 12, 11.5 ], "texture": "#texture" },
        "up":    { "uv": [ 3, 11.5, 4, 12.5 ], "texture": "#texture" },
        "north": { "uv": [ 12, 8, 13, 9 ], "texture": "#texture" },
        "south": { "uv": [ 3, 8, 4, 9 ], "texture": "#texture" },
        "west":  { "uv": [ 11.5, 8, 12.5, 9 ], "texture": "#texture" },
        "east":  { "uv": [ 3.5, 8, 4.5, 9 ], "texture": "#texture" }
    }
},
{
    "from": [ 12.5, 9, 11.5 ],
    "to": [ 14, 11.5, 12.5 ],
    "faces": {
        "down":  { "uv": [ 12.5, 12.5, 11.5, 11.5 ], "texture": "#texture" },
        "up":    { "uv": [ 3.5, 11.5, 4.5, 12.5 ], "texture": "#texture" },
        "north": { "uv": [ 12.5, 4, 13.5, 5 ], "texture": "#texture" },
        "south": { "uv": [ 12.5, 4, 13.5, 5 ], "texture": "#texture" },
        "west":  { "uv": [ 11.5, 4, 12.5, 5 ], "texture": "#texture" },
        "east":  { "uv": [ 3.5, 4, 4.5, 5 ], "texture": "#texture" }
    }
},
{
    "from": [ 12, 8, 11.5 ],
    "to": [ 13.5, 12, 12.5 ],
    "faces": {
        "down":  { "uv": [ 12.5, 12.5, 11.5, 11.5 ], "texture": "#texture" },
        "up":    { "uv": [ 3.5, 11.5, 4.5, 12.5 ], "texture": "#texture" },
        "north": { "uv": [ 12.5, 4, 13.5, 5 ], "texture": "#texture" },
        "south": { "uv": [ 12.5, 4, 13.5, 5 ], "texture": "#texture" },
        "west":  { "uv": [ 11.5, 4, 12.5, 5 ], "texture": "#texture" },
        "east":  { "uv": [ 3.5, 4, 4.5, 5 ], "texture": "#texture" }
    }
},
{
    "from": [ 2.5, 9, 12.5 ],
    "to": [ 3.5, 11.5, 13 ],
    "faces": {
        "down":  { "uv": [ 12.5, 13, 11.5, 12.5 ], "texture": "#texture" },
        "up":    { "uv": [ 3.5, 12.5, 4.5, 13 ], "texture": "#texture" },
        "north": { "uv": [ 12.5, 4.5, 13.5, 7 ], "texture": "#texture" },
        "south": { "uv": [ 2.5, 4.5, 3.5, 7 ], "texture": "#texture" },
        "west":  { "uv": [ 12.5, 4.5, 13, 7 ], "texture": "#texture" },
        "east":  { "uv": [ 3, 4.5, 3.5, 7 ], "texture": "#texture" }
    }
},
{
    "from": [ 12.5, 9, 12.5 ],
    "to": [ 13.5, 11.5, 13 ],
    "faces": {
        "down":  { "uv": [ 12.5, 13, 11.5, 12.5 ], "texture": "#texture" },
        "up":    { "uv": [ 3.5, 12.5, 4.5, 13 ], "texture": "#texture" },
        "north": { "uv": [ 2.5, 4.5, 3.5, 7 ], "texture": "#texture" },
        "south": { "uv": [ 12.5, 4.5, 13.5, 7 ], "texture": "#texture" },
        "west":  { "uv": [ 12.5, 4.5, 13, 7 ], "texture": "#texture" },
        "east":  { "uv": [ 3, 4.5, 3.5, 7 ], "texture": "#texture" }
    }
},
{
    "from": [ 3.5, 10.5, 12.5 ],
    "to": [ 6, 11.5, 13 ],
    "faces": {
        "down":  { "uv": [ 12.5, 13, 10, 12.5 ], "texture": "#texture" },
        "up":    { "uv": [ 3.5, 12.5, 6, 13 ], "texture": "#texture" },
        "north": { "uv": [ 10, 4.5, 12.5, 5.5 ], "texture": "#texture" },
        "south": { "uv": [ 3.5, 4.5, 6, 5.5 ], "texture": "#texture" },
        "west":  { "uv": [ 12.5, 4.5, 13, 5.5 ], "texture": "#texture" },
        "east":  { "uv": [ 3, 4.5, 3.5, 5.5 ], "texture": "#texture" }
    }
},
{
    "from": [ 10, 10.5, 12.5 ],
    "to": [ 12.5, 11.5, 13 ],
    "faces": {
        "down":  { "uv": [ 6, 13, 3.5, 12.5 ], "texture": "#texture" },
        "up":    { "uv": [ 10, 12.5, 12.5, 13 ], "texture": "#texture" },
        "north": { "uv": [ 3.5, 4.5, 6, 5.5 ], "texture": "#texture" },
        "south": { "uv": [ 10, 4.5, 12.5, 5.5 ], "texture": "#texture" },
        "west":  { "uv": [ 12.5, 4.5, 13, 5.5 ], "texture": "#texture" },
        "east":  { "uv": [ 3, 4.5, 3.5, 5.5 ], "texture": "#texture" }
    }
},
{
    "from": [ 8.5, 10.5, 12.5 ],
    "to": [ 10, 11, 13 ],
    "faces": {
        "down":  { "uv": [ 7.5, 13, 6, 12.5 ], "texture": "#texture" },
        "up":    { "uv": [ 8.5, 12.5, 10, 13 ], "texture": "#texture" },
        "north": { "uv": [ 6, 5, 7.5, 5.5 ], "texture": "#texture" },
        "south": { "uv": [ 8.5, 5, 10, 5.5 ], "texture": "#texture" },
        "west":  { "uv": [ 12.5, 5, 13, 5.5 ], "texture": "#texture" },
        "east":  { "uv": [ 3, 5, 3.5, 5.5 ], "texture": "#texture" }
    }
},
{
    "from": [ 6, 10.5, 12.5 ],
    "to": [ 7.5, 11, 13 ],
    "faces": {
        "down":  { "uv": [ 10, 13, 8.5, 12.5 ], "texture": "#texture" },
        "up":    { "uv": [ 6, 12.5, 7.5, 13 ], "texture": "#texture" },
        "north": { "uv": [ 8.5, 5, 10, 5.5 ], "texture": "#texture" },
        "south": { "uv": [ 6, 5, 7.5, 5.5 ], "texture": "#texture" },
        "west":  { "uv": [ 12.5, 5, 13, 5.5 ], "texture": "#texture" },
        "east":  { "uv": [ 3, 5, 3.5, 5.5 ], "texture": "#texture" }
    }
},
{
    "from": [ 3, 8, 12.5 ],
    "to": [ 4, 9, 13 ],
    "faces": {
        "down":  { "uv": [ 12.5, 13, 12, 12.5 ], "texture": "#texture" },
        "up":    { "uv": [ 3.5, 12.5, 4, 13 ], "texture": "#texture" },
        "north": { "uv": [ 12.5, 7, 13, 8 ], "texture": "#texture" },
        "south": { "uv": [ 3, 7, 3.5, 8 ], "texture": "#texture" },
        "west":  { "uv": [ 12.5, 7, 13, 8 ], "texture": "#texture" },
        "east":  { "uv": [ 3, 7, 3.5, 8 ], "texture": "#texture" }
    }
},
{
    "from": [ 12, 8, 12.5 ],
    "to": [ 13, 9, 13 ],
    "faces": {
        "down":  { "uv": [ 4, 13, 3.5, 12.5 ], "texture": "#texture" },
        "up":    { "uv": [ 12, 12.5, 12.5, 13 ], "texture": "#texture" },
        "north": { "uv": [ 3, 7, 3.5, 8 ], "texture": "#texture" },
        "south": { "uv": [ 12.5, 7, 13, 8 ], "texture": "#texture" },
        "west":  { "uv": [ 12.5, 7, 13, 8 ], "texture": "#texture" },
        "east":  { "uv": [ 3, 7, 3.5, 8 ], "texture": "#texture" }
    }
},
{
    "from": [ 3, 7, 12 ],
    "to": [ 4, 8, 12.5 ],
    "faces": {
        "down":  { "uv": [ 12.5, 13, 11.5, 12 ], "texture": "#texture" },
        "up":    { "uv": [ 3.5, 12, 4.5, 13 ], "texture": "#texture" },
        "north": { "uv": [ 12, 8, 13, 9 ], "texture": "#texture" },
        "south": { "uv": [ 3, 8, 4, 9 ], "texture": "#texture" },
        "west":  { "uv": [ 12, 8, 13, 9 ], "texture": "#texture" },
        "east":  { "uv": [ 3, 8, 4, 9 ], "texture": "#texture" }
    }
},
{
    "from": [ 12.5, 7, 11.5 ],
    "to": [ 13.5, 8, 12.5 ],
    "faces": {
        "down":  { "uv": [ 4.5, 12.5, 3.5, 11.5 ], "texture": "#texture" },
        "up":    { "uv": [ 11.5, 11.5, 12.5, 12.5 ], "texture": "#texture" },
        "north": { "uv": [ 2.5, 8, 3.5, 9 ], "texture": "#texture" },
        "south": { "uv": [ 12.5, 8, 13.5, 9 ], "texture": "#texture" },
        "west":  { "uv": [ 12, 8, 13, 9 ], "texture": "#texture" },
        "east":  { "uv": [ 3, 8, 4, 9 ], "texture": "#texture" }
    }
},
{
    "from": [ 3.5, 4, 12.5 ],
    "to": [ 4, 5, 13 ],
    "faces": {
        "down":  { "uv": [ 12.5, 13, 12, 12.5 ], "texture": "#texture" },
        "up":    { "uv": [ 3.5, 12.5, 4, 13 ], "texture": "#texture" },
        "north": { "uv": [ 12, 11, 12.5, 12 ], "texture": "#texture" },
        "south": { "uv": [ 3.5, 11, 4, 12 ], "texture": "#texture" },
        "west":  { "uv": [ 12.5, 11, 13, 12 ], "texture": "#texture" },
        "east":  { "uv": [ 3, 11, 3.5, 12 ], "texture": "#texture" }
    }
},
{
    "from": [ 12, 4, 12.5 ],
    "to": [ 12.5, 5, 13 ],
    "faces": {
        "down":  { "uv": [ 4, 13, 3.5, 12.5 ], "texture": "#texture" },
        "up":    { "uv": [ 12, 12.5, 12.5, 13 ], "texture": "#texture" },
        "north": { "uv": [ 3.5, 11, 4, 12 ], "texture": "#texture" },
        "south": { "uv": [ 12, 11, 12.5, 12 ], "texture": "#texture" },
        "west":  { "uv": [ 12.5, 11, 13, 12 ], "texture": "#texture" },
        "east":  { "uv": [ 3, 11, 3.5, 12 ], "texture": "#texture" }
    }
},
{
    "from": [ 3, 9.5, 13 ],
    "to": [ 6, 11, 13.5 ],
    "faces": {
        "down":  { "uv": [ 12, 13.5, 9, 13 ], "texture": "#texture" },
        "up":    { "uv": [ 4, 13, 7, 13.5 ], "texture": "#texture" },
        "north": { "uv": [ 10, 5, 13, 6.5 ], "texture": "#texture" },
        "south": { "uv": [ 3, 5, 6, 6.5 ], "texture": "#texture" },
        "west":  { "uv": [ 13, 5, 13.5, 6.5 ], "texture": "#texture" },
        "east":  { "uv": [ 2.5, 5, 3, 6.5 ], "texture": "#texture" }
    }
},
{
    "from": [ 3, 9, 12.5 ],
    "to": [ 13, 9.5, 13.5 ],
    "faces": {
        "down":  { "uv": [ 13, 12, 3, 11.5 ], "texture": "#texture" },
        "up":    { "uv": [ 3, 11.5, 13, 12 ], "texture": "#texture" },
        "north": { "uv": [ 3, 6.5, 13, 7 ], "texture": "#texture" },
        "south": { "uv": [ 3, 6.5, 13, 7 ], "texture": "#texture" },
        "west":  { "uv": [ 13, 6.5, 13.5, 7 ], "texture": "#texture" },
        "east":  { "uv": [ 2.5, 6.5, 3, 7 ], "texture": "#texture" }
    }
},
{
    "from": [ 10, 9.5, 13 ],
    "to": [ 13, 11, 13.5 ],
    "faces": {
        "down":  { "uv": [ 7, 13.5, 4, 13 ], "texture": "#texture" },
        "up":    { "uv": [ 9, 13, 12, 13.5 ], "texture": "#texture" },
        "north": { "uv": [ 3, 5, 6, 6.5 ], "texture": "#texture" },
        "south": { "uv": [ 10, 5, 13, 6.5 ], "texture": "#texture" },
        "west":  { "uv": [ 13, 5, 13.5, 6.5 ], "texture": "#texture" },
        "east":  { "uv": [ 2.5, 5, 3, 6.5 ], "texture": "#texture" }
    }
},
{
    "from": [ 6, 9.5, 13 ],
    "to": [ 7.5, 10.5, 13.5 ],
    "faces": {
        "down":  { "uv": [ 10, 13.5, 8.5, 13 ], "texture": "#texture" },
        "up":    { "uv": [ 6, 13, 7.5, 13.5 ], "texture": "#texture" },
        "north": { "uv": [ 8.5, 5.5, 10, 6.5 ], "texture": "#texture" },
        "south": { "uv": [ 6, 5.5, 7.5, 6.5 ], "texture": "#texture" },
        "west":  { "uv": [ 13, 5.5, 13.5, 6.5 ], "texture": "#texture" },
        "east":  { "uv": [ 2.5, 5.5, 3, 6.5 ], "texture": "#texture" }
    }
},
{
    "from": [ 7.5, 9, 13 ],
    "to": [ 9, 10, 13.5 ],
    "faces": {
        "down":  { "uv": [ 8.5, 13.5, 7, 13 ], "texture": "#texture" },
        "up":    { "uv": [ 7.5, 13, 9, 13.5 ], "texture": "#texture" },
        "north": { "uv": [ 7, 6, 8.5, 7 ], "texture": "#texture" },
        "south": { "uv": [ 7.5, 6, 9, 7 ], "texture": "#texture" },
        "west":  { "uv": [ 13, 6, 13.5, 7 ], "texture": "#texture" },
        "east":  { "uv": [ 2.5, 6, 3, 7 ], "texture": "#texture" }
    }
},
{
    "from": [ 8.5, 9.5, 13 ],
    "to": [ 10, 10.5, 13.5 ],
    "faces": {
        "down":  { "uv": [ 7.5, 13.5, 6, 13 ], "texture": "#texture" },
        "up":    { "uv": [ 8.5, 13, 10, 13.5 ], "texture": "#texture" },
        "north": { "uv": [ 6, 5.5, 7.5, 6.5 ], "texture": "#texture" },
        "south": { "uv": [ 8.5, 5.5, 10, 6.5 ], "texture": "#texture" },
        "west":  { "uv": [ 13, 5.5, 13.5, 6.5 ], "texture": "#texture" },
        "east":  { "uv": [ 2.5, 5.5, 3, 6.5 ], "texture": "#texture" }
    }
},
{
    "from": [ 4, 8.5, 13 ],
    "to": [ 12, 9, 13.5 ],
    "faces": {
        "down":  { "uv": [ 12.5, 13, 3.5, 12.5 ], "texture": "#texture" },
        "up":    { "uv": [ 3.5, 12.5, 12.5, 13 ], "texture": "#texture" },
        "north": { "uv": [ 3.5, 6, 12.5, 6.5 ], "texture": "#texture" },
        "south": { "uv": [ 3.5, 6.5, 12.5, 7 ], "texture": "#texture" },
        "west":  { "uv": [ 13, 7, 13.5, 7.5 ], "texture": "#texture" },
        "east":  { "uv": [ 2.5, 7, 3, 7.5 ], "texture": "#texture" }
    }
},
{
    "from": [ 4.5, 8, 12.5 ],
    "to": [ 11.5, 8.5, 13.5 ],
    "faces": {
        "down":  { "uv": [ 12.5, 13, 3.5, 12.5 ], "texture": "#texture" },
        "up":    { "uv": [ 3.5, 12.5, 12.5, 13 ], "texture": "#texture" },
        "north": { "uv": [ 5, 7, 11.5, 7.5 ], "texture": "#texture" },
        "south": { "uv": [ 4.5, 7, 11.5, 7.5 ], "texture": "#texture" },
        "west":  { "uv": [ 13, 7, 13.5, 7.5 ], "texture": "#texture" },
        "east":  { "uv": [ 2.5, 7, 3, 7.5 ], "texture": "#texture" }
    }
},
{
    "from": [ 5, 7.5, 12.5 ],
    "to": [ 11, 8, 13.5 ],
    "faces": {
        "down":  { "uv": [ 12.5, 13, 3.5, 12.5 ], "texture": "#texture" },
        "up":    { "uv": [ 3.5, 12.5, 12.5, 13 ], "texture": "#texture" },
        "north": { "uv": [ 3.5, 7, 12.5, 7.5 ], "texture": "#texture" },
        "south": { "uv": [ 4.5, 7, 11.5, 7.5 ], "texture": "#texture" },
        "west":  { "uv": [ 13, 7, 13.5, 7.5 ], "texture": "#texture" },
        "east":  { "uv": [ 2.5, 7, 3, 7.5 ], "texture": "#texture" }
    }
},
{
    "from": [ 7.5, 5, 13 ],
    "to": [ 8.5, 7.5, 13.5 ],
    "faces": {
        "down":  { "uv": [ 12.5, 13, 3.5, 12.5 ], "texture": "#texture" },
        "up":    { "uv": [ 3.5, 12.5, 12.5, 13 ], "texture": "#texture" },
        "north": { "uv": [ 4, 6.5, 13, 7 ], "texture": "#texture" },
        "south": { "uv": [ 4.5, 7, 11.5, 7.5 ], "texture": "#texture" },
        "west":  { "uv": [ 13, 7, 13.5, 7.5 ], "texture": "#texture" },
        "east":  { "uv": [ 2.5, 7, 3, 7.5 ], "texture": "#texture" }
    }
},
{
    "from": [ 7, 7, 13 ],
    "to": [ 7.5, 7.5, 13.5 ],
    "faces": {
        "down":  { "uv": [ 12.5, 13, 3.5, 12.5 ], "texture": "#texture" },
        "up":    { "uv": [ 3.5, 12.5, 12.5, 13 ], "texture": "#texture" },
        "north": { "uv": [ 3, 7, 12, 7.5 ], "texture": "#texture" },
        "south": { "uv": [ 5.5, 7, 11, 7.5 ], "texture": "#texture" },
        "west":  { "uv": [ 13, 7, 13.5, 7.5 ], "texture": "#texture" },
        "east":  { "uv": [ 2.5, 7, 3, 7.5 ], "texture": "#texture" }
    }
},
{
    "from": [ 8.5, 7, 13 ],
    "to": [ 9, 7.5, 13.5 ],
    "faces": {
        "down":  { "uv": [ 12.5, 13, 3.5, 12.5 ], "texture": "#texture" },
        "up":    { "uv": [ 3.5, 12.5, 12.5, 13 ], "texture": "#texture" },
        "north": { "uv": [ 6, 7.5, 10, 8 ], "texture": "#texture" },
        "south": { "uv": [ 5.5, 7, 10, 7.5 ], "texture": "#texture" },
        "west":  { "uv": [ 13, 7, 13.5, 7.5 ], "texture": "#texture" },
        "east":  { "uv": [ 2.5, 7, 3, 7.5 ], "texture": "#texture" }
    }
},
{
    "from": [ 3, 12.5, 11.5 ],
    "to": [ 4, 13, 12 ],
    "faces": {
        "down":  { "uv": [ 13, 3.5, 12, 3 ], "texture": "#texture" },
        "up":    { "uv": [ 3, 3, 4, 3.5 ], "texture": "#texture" },
        "north": { "uv": [ 12, 3, 13, 3.5 ], "texture": "#texture" },
        "south": { "uv": [ 3, 3, 4, 3.5 ], "texture": "#texture" },
        "west":  { "uv": [ 12, 3, 12.5, 3.5 ], "texture": "#texture" },
        "east":  { "uv": [ 3.5, 3, 4, 3.5 ], "texture": "#texture" }
    }
},
{
    "from": [ 12, 12.5, 11.5 ],
    "to": [ 13, 13, 12 ],
    "faces": {
        "down":  { "uv": [ 4, 3, 3, 2.5 ], "texture": "#texture" },
        "up":    { "uv": [ 12, 3, 13, 3.5 ], "texture": "#texture" },
        "north": { "uv": [ 3, 3, 4, 3.5 ], "texture": "#texture" },
        "south": { "uv": [ 12, 3, 13, 3.5 ], "texture": "#texture" },
        "west":  { "uv": [ 12, 3, 12.5, 3.5 ], "texture": "#texture" },
        "east":  { "uv": [ 3.5, 3, 4, 3.5 ], "texture": "#texture" }
    }
},
{
    "from": [ 4, 2.5, 10.5 ],
    "to": [ 12, 12.5, 11.5 ],
    "faces": {
        "down":  { "uv": [ 10, 4, 6, 3.5 ], "texture": "#texture" },
        "up":    { "uv": [ 5, 3.5, 11, 4 ], "texture": "#texture" },
        "north": { "uv": [ 5, 3.5, 11, 4 ], "texture": "#texture" },
        "south": { "uv": [ 7.5, 4, 8.5, 4.5 ], "texture": "#texture" },
        "west":  { "uv": [ 7.5, 4, 8.5, 4.5 ], "texture": "#texture" },
        "east":  { "uv": [ 7.5, 4, 8.5, 4.5 ], "texture": "#texture" }
    }
},
{
    "from": [ 5.5, 12, 10.5 ],
    "to": [ 7.5, 13, 11 ],
    "faces": {
        "down":  { "uv": [ 10, 4.5, 8, 4 ], "texture": "#texture" },
        "up":    { "uv": [ 5.5, 3, 7.5, 3.5 ], "texture": "#texture" },
        "north": { "uv": [ 8.5, 3, 10.5, 4 ], "texture": "#texture" },
        "south": { "uv": [ 5.5, 3, 7.5, 4 ], "texture": "#texture" },
        "west":  { "uv": [ 10.5, 3, 11, 4 ], "texture": "#texture" },
        "east":  { "uv": [ 5, 3, 5.5, 4 ], "texture": "#texture" }
    }
},
{
    "from": [ 3, 5, 10.5 ],
    "to": [ 3.5, 15, 11 ],
    "faces": {
        "down":  { "uv": [ 13, 11, 12.5, 10.5 ], "texture": "#texture" },
        "up":    { "uv": [ 3, 10.5, 3.5, 11 ], "texture": "#texture" },
        "north": { "uv": [ 13, 1, 13.5, 3.5 ], "texture": "#texture" },
        "south": { "uv": [ 2.5, 1, 3, 3.5 ], "texture": "#texture" },
        "west":  { "uv": [ 13, 0.5, 13.5, 3 ], "texture": "#texture" },
        "east":  { "uv": [ 2.5, 0.5, 3, 3 ], "texture": "#texture" }
    }
},
{
    "from": [ 3.5, 12, 10.5 ],
    "to": [ 4, 14.5, 11 ],
    "faces": {
        "down":  { "uv": [ 13, 11, 12.5, 10.5 ], "texture": "#texture" },
        "up":    { "uv": [ 3, 10.5, 3.5, 11 ], "texture": "#texture" },
        "north": { "uv": [ 12, 1.5, 12.5, 3 ], "texture": "#texture" },
        "south": { "uv": [ 3.5, 1.5, 4, 3 ], "texture": "#texture" },
        "west":  { "uv": [ 10.5, 2, 11, 4 ], "texture": "#texture" },
        "east":  { "uv": [ 5, 2, 5.5, 4 ], "texture": "#texture" }
    }
},
{
    "from": [ 4, 11.5, 10.5 ],
    "to": [ 4.5, 14, 11 ],
    "faces": {
        "down":  { "uv": [ 13, 11, 12.5, 10.5 ], "texture": "#texture" },
        "up":    { "uv": [ 3, 10.5, 3.5, 11 ], "texture": "#texture" },
        "north": { "uv": [ 11.5, 2, 12, 3.5 ], "texture": "#texture" },
        "south": { "uv": [ 4, 2, 4.5, 3.5 ], "texture": "#texture" },
        "west":  { "uv": [ 10.5, 2, 11, 4 ], "texture": "#texture" },
        "east":  { "uv": [ 5, 2, 5.5, 4 ], "texture": "#texture" }
    }
},
{
    "from": [ 4.5, 11, 10.5 ],
    "to": [ 6.5, 13.5, 11 ],
    "faces": {
        "down":  { "uv": [ 10.5, 3.5, 8.5, 3 ], "texture": "#texture" },
        "up":    { "uv": [ 5.5, 3, 7.5, 3.5 ], "texture": "#texture" },
        "north": { "uv": [ 7, 3.5, 9, 4.5 ], "texture": "#texture" },
        "south": { "uv": [ 7, 3.5, 9, 4.5 ], "texture": "#texture" },
        "west":  { "uv": [ 10.5, 2.5, 11, 4 ], "texture": "#texture" },
        "east":  { "uv": [ 5, 2.5, 5.5, 4 ], "texture": "#texture" }
    }
},
{
    "from": [ 0.5, 8.5, 10.5 ],
    "to": [ 1, 12.5, 11 ],
    "faces": {
        "down":  { "uv": [ 15.5, 6.5, 15, 6 ], "texture": "#texture" },
        "up":    { "uv": [ 0.5, 6.5, 1, 7 ], "texture": "#texture" },
        "north": { "uv": [ 15, 3.5, 15.5, 7.5 ], "texture": "#texture" },
        "south": { "uv": [ 0.5, 3.5, 1, 7.5 ], "texture": "#texture" },
        "west":  { "uv": [ 15, 3.5, 15.5, 7.5 ], "texture": "#texture" },
        "east":  { "uv": [ 0.5, 3.5, 1, 7.5 ], "texture": "#texture" }
    }
},
{
    "from": [ 1, 8, 10.5 ],
    "to": [ 1.5, 12, 11 ],
    "faces": {
        "down":  { "uv": [ 15, 8, 14.5, 7.5 ], "texture": "#texture" },
        "up":    { "uv": [ 1, 7.5, 1.5, 8 ], "texture": "#texture" },
        "north": { "uv": [ 14.5, 4, 15, 8 ], "texture": "#texture" },
        "south": { "uv": [ 1, 4, 1.5, 8 ], "texture": "#texture" },
        "west":  { "uv": [ 14.5, 4, 15, 8 ], "texture": "#texture" },
        "east":  { "uv": [ 1, 4, 1.5, 8 ], "texture": "#texture" }
    }
},
{
    "from": [ 15, 8.5, 10.5 ],
    "to": [ 15.5, 12.5, 11 ],
    "faces": {
        "down":  { "uv": [ 15.5, 6.5, 15, 6 ], "texture": "#texture" },
        "up":    { "uv": [ 0.5, 6.5, 1, 7 ], "texture": "#texture" },
        "north": { "uv": [ 15, 3.5, 15.5, 7.5 ], "texture": "#texture" },
        "south": { "uv": [ 0.5, 3.5, 1, 7.5 ], "texture": "#texture" },
        "west":  { "uv": [ 15, 3.5, 15.5, 7.5 ], "texture": "#texture" },
        "east":  { "uv": [ 0.5, 3.5, 1, 7.5 ], "texture": "#texture" }
    }
},
{
    "from": [ 14.5, 8, 10.5 ],
    "to": [ 15, 12, 11 ],
    "faces": {
        "down":  { "uv": [ 15, 8, 14.5, 7.5 ], "texture": "#texture" },
        "up":    { "uv": [ 1, 7.5, 1.5, 8 ], "texture": "#texture" },
        "north": { "uv": [ 14.5, 4, 15, 8 ], "texture": "#texture" },
        "south": { "uv": [ 1, 4, 1.5, 8 ], "texture": "#texture" },
        "west":  { "uv": [ 14.5, 4, 15, 8 ], "texture": "#texture" },
        "east":  { "uv": [ 1, 4, 1.5, 8 ], "texture": "#texture" }
    }
},
{
    "from": [ 12.5, 5, 10.5 ],
    "to": [ 13, 15, 11 ],
    "faces": {
        "down":  { "uv": [ 13, 11, 12.5, 10.5 ], "texture": "#texture" },
        "up":    { "uv": [ 3, 10.5, 3.5, 11 ], "texture": "#texture" },
        "north": { "uv": [ 13, 1, 13.5, 3.5 ], "texture": "#texture" },
        "south": { "uv": [ 2.5, 1, 3, 3.5 ], "texture": "#texture" },
        "west":  { "uv": [ 13, 0.5, 13.5, 3 ], "texture": "#texture" },
        "east":  { "uv": [ 2.5, 0.5, 3, 3 ], "texture": "#texture" }
    }
},
{
    "from": [ 12, 12, 10.5 ],
    "to": [ 12.5, 14.5, 11 ],
    "faces": {
        "down":  { "uv": [ 13, 11, 12.5, 10.5 ], "texture": "#texture" },
        "up":    { "uv": [ 3, 10.5, 3.5, 11 ], "texture": "#texture" },
        "north": { "uv": [ 12, 1.5, 12.5, 3 ], "texture": "#texture" },
        "south": { "uv": [ 3.5, 1.5, 4, 3 ], "texture": "#texture" },
        "west":  { "uv": [ 10.5, 2, 11, 4 ], "texture": "#texture" },
        "east":  { "uv": [ 5, 2, 5.5, 4 ], "texture": "#texture" }
    }
},
{
    "from": [ 11.5, 11.5, 10.5 ],
    "to": [ 12, 14, 11 ],
    "faces": {
        "down":  { "uv": [ 13, 11, 12.5, 10.5 ], "texture": "#texture" },
        "up":    { "uv": [ 3, 10.5, 3.5, 11 ], "texture": "#texture" },
        "north": { "uv": [ 11.5, 2, 12, 3.5 ], "texture": "#texture" },
        "south": { "uv": [ 4, 2, 4.5, 3.5 ], "texture": "#texture" },
        "west":  { "uv": [ 10.5, 2, 11, 4 ], "texture": "#texture" },
        "east":  { "uv": [ 5, 2, 5.5, 4 ], "texture": "#texture" }
    }
},
{
    "from": [ 10.5, 11, 10.5 ],
    "to": [ 12.5, 13.5, 11 ],
    "faces": {
        "down":  { "uv": [ 10, 4.5, 8, 4 ], "texture": "#texture" },
        "up":    { "uv": [ 8.5, 3, 10.5, 3.5 ], "texture": "#texture" },
        "north": { "uv": [ 7, 3.5, 9, 4.5 ], "texture": "#texture" },
        "south": { "uv": [ 7, 3.5, 9, 4.5 ], "texture": "#texture" },
        "west":  { "uv": [ 10.5, 2.5, 11, 4 ], "texture": "#texture" },
        "east":  { "uv": [ 5, 2.5, 5.5, 4 ], "texture": "#texture" }
    }
},
{
    "from": [ 8.5, 12, 10.5 ],
    "to": [ 10.5, 13, 11 ],
    "faces": {
        "down":  { "uv": [ 10.5, 3.5, 8.5, 3 ], "texture": "#texture" },
        "up":    { "uv": [ 8.5, 3, 10.5, 3.5 ], "texture": "#texture" },
        "north": { "uv": [ 8.5, 3, 10.5, 4 ], "texture": "#texture" },
        "south": { "uv": [ 5.5, 3, 7.5, 4 ], "texture": "#texture" },
        "west":  { "uv": [ 10.5, 3, 11, 4 ], "texture": "#texture" },
        "east":  { "uv": [ 5, 3, 5.5, 4 ], "texture": "#texture" }
    }
},
{
    "from": [ 1.5, 9, 10.5 ],
    "to": [ 14.5, 11.5, 11.5 ],
    "faces": {
        "down":  { "uv": [ 8.5, 4.5, 7.5, 4 ], "texture": "#texture" },
        "up":    { "uv": [ 7.5, 4, 8.5, 4.5 ], "texture": "#texture" },
        "north": { "uv": [ 1.5, 4.5, 14.5, 7 ], "texture": "#texture" },
        "south": { "uv": [ 6.5, 3.5, 9.5, 4 ], "texture": "#texture" },
        "west":  { "uv": [ 7.5, 4, 8.5, 4.5 ], "texture": "#texture" },
        "east":  { "uv": [ 7.5, 4, 8, 4.5 ], "texture": "#texture" }
    }
},
{
    "from": [ 2, 9, 10.5 ],
    "to": [ 15, 11.5, 11.5 ],
    "faces": {
        "down":  { "uv": [ 8.5, 4.5, 7.5, 4 ], "texture": "#texture" },
        "up":    { "uv": [ 7.5, 4, 8.5, 4.5 ], "texture": "#texture" },
        "north": { "uv": [ 1.5, 4.5, 14.5, 7 ], "texture": "#texture" },
        "south": { "uv": [ 7.5, 3.5, 8.5, 4.5 ], "texture": "#texture" },
        "west":  { "uv": [ 7.5, 3.5, 8.5, 4.5 ], "texture": "#texture" },
        "east":  { "uv": [ 7.5, 4, 8.5, 4.5 ], "texture": "#texture" }
    }
},
{
    "from": [ 2, 9.5, 10.5 ],
    "to": [ 14, 12, 11.5 ],
    "faces": {
        "down":  { "uv": [ 9.5, 4.5, 6.5, 4 ], "texture": "#texture" },
        "up":    { "uv": [ 7, 3.5, 9, 4 ], "texture": "#texture" },
        "north": { "uv": [ 1.5, 4.5, 14.5, 7 ], "texture": "#texture" },
        "south": { "uv": [ 7, 3.5, 9.5, 4.5 ], "texture": "#texture" },
        "west":  { "uv": [ 7.5, 3.5, 8.5, 4.5 ], "texture": "#texture" },
        "east":  { "uv": [ 7.5, 4, 8, 4.5 ], "texture": "#texture" }
    }
},
{
    "from": [ 1.5, 8, 10.5 ],
    "to": [ 14.5, 9, 11.5 ],
    "faces": {
        "down":  { "uv": [ 13.5, 11, 12.5, 10.5 ], "texture": "#texture" },
        "up":    { "uv": [ 2.5, 10.5, 3.5, 11 ], "texture": "#texture" },
        "north": { "uv": [ 1.5, 7, 2, 8 ], "texture": "#texture" },
        "south": { "uv": [ 7.5, 4, 8.5, 4.5 ], "texture": "#texture" },
        "west":  { "uv": [ 7.5, 4, 8.5, 4.5 ], "texture": "#texture" },
        "east":  { "uv": [ 7.5, 4, 8.5, 4.5 ], "texture": "#texture" }
    }
},
{
    "from": [ 2.5, 7, 10.5 ],
    "to": [ 13.5, 8, 11.5 ],
    "faces": {
        "down":  { "uv": [ 13.5, 11, 12.5, 10.5 ], "texture": "#texture" },
        "up":    { "uv": [ 2.5, 10.5, 3.5, 11 ], "texture": "#texture" },
        "north": { "uv": [ 1.5, 7, 2, 8 ], "texture": "#texture" },
        "south": { "uv": [ 7.5, 4.5, 8.5, 5 ], "texture": "#texture" },
        "west":  { "uv": [ 7.5, 4, 8.5, 4.5 ], "texture": "#texture" },
        "east":  { "uv": [ 8, 4, 8.5, 4.5 ], "texture": "#texture" }
    }
},
{
    "from": [ 6, 1, 10 ],
    "to": [ 10, 1.5, 12.5 ],
    "faces": {
        "down":  { "uv": [ 8.5, 4.5, 7, 4 ], "rotation": 180, "texture": "#texture" },
        "up":    { "uv": [ 7.5, 4, 8.5, 4.5 ], "rotation": 180, "texture": "#texture" },
        "north": { "uv": [ 7.5, 4, 8.5, 4.5 ], "texture": "#texture" },
        "south": { "uv": [ 6, 4, 10, 4.5 ], "texture": "#texture" },
        "west":  { "uv": [ 7.5, 4, 8.5, 4.5 ], "texture": "#texture" },
        "east":  { "uv": [ 7.5, 4, 8.5, 4.5 ], "texture": "#texture" }
    }
},
{
    "from": [ 2.5, 9.5, 0 ],
    "to": [ 3.5, 10.5, 10 ],
    "faces": {
        "down":  { "uv": [ 8.5, 4.5, 7.5, 4 ], "texture": "#texture" },
        "up":    { "uv": [ 7.5, 4, 8.5, 4.5 ], "texture": "#texture" },
        "north": { "uv": [ 7.5, 4, 8.5, 4.5 ], "texture": "#texture" },
        "south": { "uv": [ 7.5, 4, 8.5, 4.5 ], "texture": "#texture" },
        "west":  { "uv": [ 7.5, 4, 8.5, 4.5 ], "texture": "#texture" },
        "east":  { "uv": [ 7.5, 4, 8.5, 4.5 ], "texture": "#texture" }
    }
},
{
    "from": [ 3, 9.5, -0.5 ],
    "to": [ 13, 10.5, 0.5 ],
    "faces": {
        "down":  { "uv": [ 12, 3.5, 4, 3 ], "texture": "#texture" },
        "up":    { "uv": [ 4, 3, 12, 3.5 ], "texture": "#texture" },
        "north": { "uv": [ 5, 3.5, 11, 4 ], "texture": "#texture" },
        "south": { "uv": [ 5, 3.5, 11, 4 ], "texture": "#texture" },
        "west":  { "uv": [ 0, 5.5, 0.5, 6.5 ], "texture": "#texture" },
        "east":  { "uv": [ 15.5, 5.5, 16, 6.5 ], "texture": "#texture" }
    }
},
{
    "from": [ 4, 6, 12.5 ],
    "to": [ 6, 6.5, 13 ],
    "faces": {
        "down":  { "uv": [ 10, 10.5, 9.5, 10 ], "texture": "#texture" },
        "up":    { "uv": [ 6, 10, 6.5, 10.5 ], "texture": "#texture" },
        "north": { "uv": [ 9.5, 10, 10, 10.5 ], "texture": "#texture" },
        "south": { "uv": [ 6, 10, 6.5, 10.5 ], "texture": "#texture" },
        "west":  { "uv": [ 9.5, 10, 10, 10.5 ], "texture": "#texture" },
        "east":  { "uv": [ 6, 10, 6.5, 10.5 ], "texture": "#texture" }
    }
},
{
    "from": [ 10, 6, 12.5 ],
    "to": [ 12, 6.5, 13 ],
    "faces": {
        "down":  { "uv": [ 10, 10.5, 9.5, 10 ], "texture": "#texture" },
        "up":    { "uv": [ 6, 10, 6.5, 10.5 ], "texture": "#texture" },
        "north": { "uv": [ 9.5, 10, 10, 10.5 ], "texture": "#texture" },
        "south": { "uv": [ 6, 10, 6.5, 10.5 ], "texture": "#texture" },
        "west":  { "uv": [ 9.5, 10, 10, 10.5 ], "texture": "#texture" },
        "east":  { "uv": [ 6, 10, 6.5, 10.5 ], "texture": "#texture" }
    }
},
{
    "from": [ 9.5, 5.5, 12.5 ],
    "to": [ 12, 6, 13 ],
    "faces": {
        "down":  { "uv": [ 10, 10.5, 9.5, 10 ], "texture": "#texture" },
        "up":    { "uv": [ 6, 10, 6.5, 10.5 ], "texture": "#texture" },
        "north": { "uv": [ 9.5, 10, 10, 10.5 ], "texture": "#texture" },
        "south": { "uv": [ 9.5, 10, 11.5, 10.5 ], "texture": "#texture" },
        "west":  { "uv": [ 9.5, 10, 10, 10.5 ], "texture": "#texture" },
        "east":  { "uv": [ 6, 10, 6.5, 10.5 ], "texture": "#texture" }
    }
},
{
    "from": [ 12.5, 9.5, 0 ],
    "to": [ 13.5, 10.5, 10 ],
    "faces": {
        "down":  { "uv": [ 8.5, 4.5, 7.5, 4 ], "texture": "#texture" },
        "up":    { "uv": [ 7.5, 4, 8.5, 4.5 ], "texture": "#texture" },
        "north": { "uv": [ 7.5, 4, 8.5, 4.5 ], "texture": "#texture" },
        "south": { "uv": [ 7.5, 4, 8.5, 4.5 ], "texture": "#texture" },
        "west":  { "uv": [ 7.5, 4, 8.5, 4.5 ], "texture": "#texture" },
        "east":  { "uv": [ 7.5, 4, 8.5, 4.5 ], "texture": "#texture" }
    }
},
{
    "from": [ 12, 6, 10 ],
    "to": [ 13, 13, 10.5 ],
    "faces": {
        "down":  { "uv": [ 8.5, 4.5, 7.5, 4 ], "texture": "#texture" },
        "up":    { "uv": [ 7.5, 4, 8.5, 4.5 ], "texture": "#texture" },
        "north": { "uv": [ 7.5, 4, 8.5, 4.5 ], "texture": "#texture" },
        "south": { "uv": [ 7.5, 4, 8.5, 4.5 ], "texture": "#texture" },
        "west":  { "uv": [ 7.5, 4, 8.5, 4.5 ], "texture": "#texture" },
        "east":  { "uv": [ 7.5, 4, 8.5, 4.5 ], "texture": "#texture" }
    }
},
{
    "from": [ 11, 5.5, 10 ],
    "to": [ 12, 12.5, 10.5 ],
    "faces": {
        "down":  { "uv": [ 8.5, 4.5, 7.5, 4 ], "texture": "#texture" },
        "up":    { "uv": [ 7.5, 4, 8.5, 4.5 ], "texture": "#texture" },
        "north": { "uv": [ 7.5, 4, 8.5, 4.5 ], "texture": "#texture" },
        "south": { "uv": [ 7.5, 4, 8.5, 4.5 ], "texture": "#texture" },
        "west":  { "uv": [ 7.5, 4, 8.5, 4.5 ], "texture": "#texture" },
        "east":  { "uv": [ 7.5, 4, 8.5, 4.5 ], "texture": "#texture" }
    }
},
{
    "from": [ 4, 5.5, 10 ],
    "to": [ 5, 12.5, 10.5 ],
    "faces": {
        "down":  { "uv": [ 8.5, 4.5, 7.5, 4 ], "texture": "#texture" },
        "up":    { "uv": [ 7.5, 4, 8.5, 4.5 ], "texture": "#texture" },
        "north": { "uv": [ 7.5, 4, 8.5, 4.5 ], "texture": "#texture" },
        "south": { "uv": [ 7.5, 4, 8.5, 4.5 ], "texture": "#texture" },
        "west":  { "uv": [ 7.5, 4, 8.5, 4.5 ], "texture": "#texture" },
        "east":  { "uv": [ 7.5, 4, 8.5, 4.5 ], "texture": "#texture" }
    }
},
{
    "from": [ 3, 6, 10 ],
    "to": [ 4, 13, 10.5 ],
    "faces": {
        "down":  { "uv": [ 8.5, 4.5, 7.5, 4 ], "texture": "#texture" },
        "up":    { "uv": [ 7.5, 4, 8.5, 4.5 ], "texture": "#texture" },
        "north": { "uv": [ 7.5, 4, 8.5, 4.5 ], "texture": "#texture" },
        "south": { "uv": [ 7.5, 4, 8.5, 4.5 ], "texture": "#texture" },
        "west":  { "uv": [ 7.5, 4, 8.5, 4.5 ], "texture": "#texture" },
        "east":  { "uv": [ 7.5, 4, 8.5, 4.5 ], "texture": "#texture" }
    }
},
{
    "from": [ 5, 1.5, 10 ],
    "to": [ 11, 4, 10.5 ],
    "faces": {
        "down":  { "uv": [ 8.5, 4.5, 7.5, 4 ], "texture": "#texture" },
        "up":    { "uv": [ 7.5, 4, 8.5, 4.5 ], "texture": "#texture" },
        "north": { "uv": [ 7.5, 4, 8.5, 4.5 ], "texture": "#texture" },
        "south": { "uv": [ 7.5, 4, 8.5, 4.5 ], "texture": "#texture" },
        "west":  { "uv": [ 7.5, 4, 8.5, 4.5 ], "texture": "#texture" },
        "east":  { "uv": [ 7.5, 4, 8.5, 4.5 ], "texture": "#texture" }
    }
}
],
"display": {
    "head": {
        "rotation": [ 0, 180, 0 ],
        "translation": [ 0, 0.1, -1.9 ],
        "scale": [ 1.61, 1.64, 1.64 ]
    },
    "gui": {
        "rotation": [ -30, 135, 0 ],
        "translation": [ 0, -0.2, 0 ],
        "scale": [ 1.42, 1.39, 1 ]
    }
}
}