{
"__comment": "Designed by Theocomix with BDcraft Cubik PRO 0.95 Beta - http://bdcraft.net",
"textures": {
    "texture": "blocks/PALADIN Bot"
},
"elements": [ 
{
    "from": [ 3.5, 5, 8.5 ],
    "to": [ 12.5, 12, 13.5 ],
    "faces": {
        "down":  { "uv": [ 12.5, 8.5, 12, 4 ], "texture": "#texture" },
        "up":    { "uv": [ 6.5, 2.5, 9, 3 ], "texture": "#texture" },
        "north": { "uv": [ 3.5, 4, 4, 11 ], "texture": "#texture" },
        "south": { "uv": [ 3.5, 4, 12.5, 11 ], "texture": "#texture" },
        "west":  { "uv": [ 3.5, 4, 4, 11 ], "texture": "#texture" },
        "east":  { "uv": [ 3.5, 4, 4, 10.5 ], "texture": "#texture" }
    }
},
{
    "from": [ 4, 12, 10.5 ],
    "to": [ 12, 12.5, 13.5 ],
    "faces": {
        "down":  { "uv": [ 12, 13.5, 4, 9 ], "texture": "#texture" },
        "up":    { "uv": [ 6.5, 2.5, 9.5, 3 ], "texture": "#texture" },
        "north": { "uv": [ 4, 3.5, 5, 4 ], "texture": "#texture" },
        "south": { "uv": [ 4, 3.5, 12, 4 ], "texture": "#texture" },
        "west":  { "uv": [ 9.5, 3, 11, 3.5 ], "texture": "#texture" },
        "east":  { "uv": [ 4, 3.5, 5, 4 ], "texture": "#texture" }
    }
},
{
    "from": [ 5.5, 12.5, 11.5 ],
    "to": [ 10.5, 13, 13.5 ],
    "faces": {
        "down":  { "uv": [ 11, 13.5, 5, 10 ], "texture": "#texture" },
        "up":    { "uv": [ 6.5, 2.5, 9.5, 3 ], "texture": "#texture" },
        "north": { "uv": [ 5, 3, 6.5, 3.5 ], "texture": "#texture" },
        "south": { "uv": [ 5, 3, 11, 3.5 ], "texture": "#texture" },
        "west":  { "uv": [ 9.5, 3, 11, 3.5 ], "texture": "#texture" },
        "east":  { "uv": [ 5, 3, 6.5, 3.5 ], "texture": "#texture" }
    }
},
{
    "from": [ 6.5, 13, 12 ],
    "to": [ 9.5, 13.5, 13.5 ],
    "faces": {
        "down":  { "uv": [ 9.5, 13.5, 6.5, 11 ], "texture": "#texture" },
        "up":    { "uv": [ 6.5, 2.5, 9.5, 3 ], "texture": "#texture" },
        "north": { "uv": [ 6.5, 2.5, 9.5, 3 ], "texture": "#texture" },
        "south": { "uv": [ 6.5, 2.5, 9.5, 3 ], "texture": "#texture" },
        "west":  { "uv": [ 7, 2.5, 9.5, 3 ], "texture": "#texture" },
        "east":  { "uv": [ 7, 2.5, 9.5, 3 ], "texture": "#texture" }
    }
},
{
    "from": [ 5, 12, 9 ],
    "to": [ 11, 12.5, 13 ],
    "faces": {
        "down":  { "uv": [ 12, 13.5, 4, 9 ], "texture": "#texture" },
        "up":    { "uv": [ 6.5, 2.5, 9.5, 3 ], "texture": "#texture" },
        "north": { "uv": [ 4, 3.5, 5, 4 ], "texture": "#texture" },
        "south": { "uv": [ 4, 3.5, 12, 4 ], "texture": "#texture" },
        "west":  { "uv": [ 9.5, 3, 11, 3.5 ], "texture": "#texture" },
        "east":  { "uv": [ 4, 3.5, 5, 4 ], "texture": "#texture" }
    }
},
{
    "from": [ 5.5, 12.5, 10.5 ],
    "to": [ 10.5, 13, 11.5 ],
    "faces": {
        "down":  { "uv": [ 11, 13.5, 5, 10 ], "texture": "#texture" },
        "up":    { "uv": [ 6.5, 2.5, 9.5, 3 ], "texture": "#texture" },
        "north": { "uv": [ 5, 3, 6.5, 3.5 ], "texture": "#texture" },
        "south": { "uv": [ 5, 3, 11, 3.5 ], "texture": "#texture" },
        "west":  { "uv": [ 9.5, 3, 11, 3.5 ], "texture": "#texture" },
        "east":  { "uv": [ 5, 3, 6.5, 3.5 ], "texture": "#texture" }
    }
},
{
    "from": [ 6, 12.5, 10 ],
    "to": [ 10, 13, 10.5 ],
    "faces": {
        "down":  { "uv": [ 11, 13.5, 5, 10 ], "texture": "#texture" },
        "up":    { "uv": [ 6.5, 2.5, 9.5, 3 ], "texture": "#texture" },
        "north": { "uv": [ 5, 3, 6.5, 3.5 ], "texture": "#texture" },
        "south": { "uv": [ 5, 3, 11, 3.5 ], "texture": "#texture" },
        "west":  { "uv": [ 9.5, 3, 11, 3.5 ], "texture": "#texture" },
        "east":  { "uv": [ 5, 3, 6.5, 3.5 ], "texture": "#texture" }
    }
},
{
    "from": [ 5.5, 12, 8.5 ],
    "to": [ 10.5, 12.5, 13 ],
    "faces": {
        "down":  { "uv": [ 12, 13.5, 4, 9 ], "texture": "#texture" },
        "up":    { "uv": [ 6.5, 2.5, 9.5, 3 ], "texture": "#texture" },
        "north": { "uv": [ 4, 3.5, 5, 4 ], "texture": "#texture" },
        "south": { "uv": [ 4, 3.5, 12, 4 ], "texture": "#texture" },
        "west":  { "uv": [ 9.5, 3, 11, 3.5 ], "texture": "#texture" },
        "east":  { "uv": [ 4, 3.5, 5, 4 ], "texture": "#texture" }
    }
},
{
    "from": [ 4.5, 12, 10 ],
    "to": [ 11.5, 12.5, 13 ],
    "faces": {
        "down":  { "uv": [ 12, 13.5, 4, 9 ], "texture": "#texture" },
        "up":    { "uv": [ 6.5, 2.5, 9.5, 3 ], "texture": "#texture" },
        "north": { "uv": [ 4, 3.5, 5, 4 ], "texture": "#texture" },
        "south": { "uv": [ 4, 3.5, 12, 4 ], "texture": "#texture" },
        "west":  { "uv": [ 9.5, 3, 11, 3.5 ], "texture": "#texture" },
        "east":  { "uv": [ 4, 3.5, 5, 4 ], "texture": "#texture" }
    }
},
{
    "from": [ 4, 4, 8.5 ],
    "to": [ 12, 5, 13.5 ],
    "faces": {
        "down":  { "uv": [ 12.5, 10.5, 12, 5 ], "texture": "#texture" },
        "up":    { "uv": [ 4, 8.5, 12, 13.5 ], "texture": "#texture" },
        "north": { "uv": [ 3.5, 9, 4, 10 ], "texture": "#texture" },
        "south": { "uv": [ 4, 11, 12, 12 ], "texture": "#texture" },
        "west":  { "uv": [ 3.5, 8.5, 4, 9.5 ], "texture": "#texture" },
        "east":  { "uv": [ 3.5, 8.5, 4, 9.5 ], "texture": "#texture" }
    }
},
{
    "from": [ 4.5, 3, 9.5 ],
    "to": [ 11.5, 4, 13.5 ],
    "faces": {
        "down":  { "uv": [ 12.5, 10.5, 12, 5 ], "texture": "#texture" },
        "up":    { "uv": [ 4.5, 9.5, 11.5, 13.5 ], "texture": "#texture" },
        "north": { "uv": [ 3.5, 6, 4, 9.5 ], "texture": "#texture" },
        "south": { "uv": [ 4.5, 12, 11.5, 13 ], "texture": "#texture" },
        "west":  { "uv": [ 3.5, 6.5, 4, 8.5 ], "texture": "#texture" },
        "east":  { "uv": [ 3.5, 5, 4, 8 ], "texture": "#texture" }
    }
},
{
    "from": [ 5, 2.5, 10 ],
    "to": [ 11, 3, 13.5 ],
    "faces": {
        "down":  { "uv": [ 12.5, 9.5, 12, 5.5 ], "texture": "#texture" },
        "up":    { "uv": [ 5, 10, 11, 13.5 ], "texture": "#texture" },
        "north": { "uv": [ 3.5, 4.5, 4, 7 ], "texture": "#texture" },
        "south": { "uv": [ 5, 13, 11, 13.5 ], "texture": "#texture" },
        "west":  { "uv": [ 3.5, 6.5, 4, 8.5 ], "texture": "#texture" },
        "east":  { "uv": [ 6.5, 2.5, 9.5, 3 ], "texture": "#texture" }
    }
},
{
    "from": [ 5.5, 2, 11 ],
    "to": [ 10.5, 2.5, 13.5 ],
    "faces": {
        "down":  { "uv": [ 12.5, 8, 12, 5.5 ], "texture": "#texture" },
        "up":    { "uv": [ 5.5, 11, 10.5, 13.5 ], "texture": "#texture" },
        "north": { "uv": [ 3.5, 5, 4, 7.5 ], "texture": "#texture" },
        "south": { "uv": [ 5.5, 13.5, 10.5, 14 ], "texture": "#texture" },
        "west":  { "uv": [ 6.5, 14.5, 9, 15 ], "texture": "#texture" },
        "east":  { "uv": [ 7, 14.5, 9.5, 15 ], "texture": "#texture" }
    }
},
{
    "from": [ 6, 1.5, 11.5 ],
    "to": [ 10, 2, 13.5 ],
    "faces": {
        "down":  { "uv": [ 12.5, 8, 12, 5.5 ], "texture": "#texture" },
        "up":    { "uv": [ 6, 11.5, 10, 13.5 ], "texture": "#texture" },
        "north": { "uv": [ 6.5, 2.5, 9.5, 3 ], "texture": "#texture" },
        "south": { "uv": [ 6, 14, 10, 14.5 ], "texture": "#texture" },
        "west":  { "uv": [ 7.5, 14.5, 9.5, 15 ], "texture": "#texture" },
        "east":  { "uv": [ 7, 14.5, 9, 15 ], "texture": "#texture" }
    }
},
{
    "from": [ 6.5, 1, 12 ],
    "to": [ 9.5, 1.5, 13.5 ],
    "faces": {
        "down":  { "uv": [ 9.5, 15, 6.5, 14.5 ], "texture": "#texture" },
        "up":    { "uv": [ 6.5, 12, 9.5, 13.5 ], "texture": "#texture" },
        "north": { "uv": [ 6.5, 14.5, 9.5, 15 ], "texture": "#texture" },
        "south": { "uv": [ 6.5, 14.5, 9.5, 15 ], "texture": "#texture" },
        "west":  { "uv": [ 7.5, 14.5, 9, 15 ], "texture": "#texture" },
        "east":  { "uv": [ 7, 14.5, 8.5, 15 ], "texture": "#texture" }
    }
},
{
    "from": [ 5, 8, 13.5 ],
    "to": [ 11, 12.5, 14 ],
    "faces": {
        "down":  { "uv": [ 11, 8, 5, 7.5 ], "texture": "#texture" },
        "up":    { "uv": [ 5, 3.5, 11, 4 ], "texture": "#texture" },
        "north": { "uv": [ 5, 3.5, 11, 8 ], "texture": "#texture" },
        "south": { "uv": [ 5, 3.5, 11, 8 ], "texture": "#texture" },
        "west":  { "uv": [ 10.5, 3.5, 11, 8 ], "texture": "#texture" },
        "east":  { "uv": [ 5, 3.5, 5.5, 8 ], "texture": "#texture" }
    }
},
{
    "from": [ 6.5, 12.5, 13.5 ],
    "to": [ 9.5, 13, 14 ],
    "faces": {
        "down":  { "uv": [ 9.5, 14, 6.5, 13.5 ], "texture": "#texture" },
        "up":    { "uv": [ 6.5, 3, 9.5, 3.5 ], "texture": "#texture" },
        "north": { "uv": [ 6.5, 3, 9.5, 3.5 ], "texture": "#texture" },
        "south": { "uv": [ 6.5, 3, 9.5, 3.5 ], "texture": "#texture" },
        "west":  { "uv": [ 9, 3, 9.5, 3.5 ], "texture": "#texture" },
        "east":  { "uv": [ 6.5, 3, 7, 3.5 ], "texture": "#texture" }
    }
},
{
    "from": [ 4, 8, 13.5 ],
    "to": [ 5, 12, 14 ],
    "faces": {
        "down":  { "uv": [ 10, 14, 9, 13.5 ], "texture": "#texture" },
        "up":    { "uv": [ 6, 13.5, 7, 14 ], "texture": "#texture" },
        "north": { "uv": [ 11, 4, 12, 8 ], "texture": "#texture" },
        "south": { "uv": [ 4, 4, 5, 8 ], "texture": "#texture" },
        "west":  { "uv": [ 11.5, 4, 12, 8 ], "texture": "#texture" },
        "east":  { "uv": [ 4, 4, 4.5, 8 ], "texture": "#texture" }
    }
},
{
    "from": [ 4, 5, 13.5 ],
    "to": [ 4.5, 8, 14 ],
    "faces": {
        "down":  { "uv": [ 4.5, 8, 4, 7.5 ], "texture": "#texture" },
        "up":    { "uv": [ 4, 8, 4.5, 8.5 ], "texture": "#texture" },
        "north": { "uv": [ 11.5, 8, 12, 11 ], "texture": "#texture" },
        "south": { "uv": [ 4, 8, 4.5, 11 ], "texture": "#texture" },
        "west":  { "uv": [ 11.5, 6.5, 12, 9.5 ], "texture": "#texture" },
        "east":  { "uv": [ 4, 6.5, 4.5, 9.5 ], "texture": "#texture" }
    }
},
{
    "from": [ 11, 8, 13.5 ],
    "to": [ 12, 12, 14 ],
    "faces": {
        "down":  { "uv": [ 7, 14, 6, 13.5 ], "texture": "#texture" },
        "up":    { "uv": [ 9, 13.5, 10, 14 ], "texture": "#texture" },
        "north": { "uv": [ 4, 4, 5, 8 ], "texture": "#texture" },
        "south": { "uv": [ 11, 4, 12, 8 ], "texture": "#texture" },
        "west":  { "uv": [ 11.5, 4, 12, 8 ], "texture": "#texture" },
        "east":  { "uv": [ 4, 4, 4.5, 8 ], "texture": "#texture" }
    }
},
{
    "from": [ 11.5, 5, 13.5 ],
    "to": [ 12, 8, 14 ],
    "faces": {
        "down":  { "uv": [ 4.5, 11, 4, 10.5 ], "texture": "#texture" },
        "up":    { "uv": [ 11.5, 13.5, 12, 14 ], "texture": "#texture" },
        "north": { "uv": [ 4, 8, 4.5, 11 ], "texture": "#texture" },
        "south": { "uv": [ 11.5, 8, 12, 11 ], "texture": "#texture" },
        "west":  { "uv": [ 11.5, 8, 12, 11 ], "texture": "#texture" },
        "east":  { "uv": [ 4, 8, 4.5, 11 ], "texture": "#texture" }
    }
},
{
    "from": [ 11, 4, 13.5 ],
    "to": [ 11.5, 6.5, 14 ],
    "faces": {
        "down":  { "uv": [ 5, 12, 4.5, 11.5 ], "texture": "#texture" },
        "up":    { "uv": [ 11, 9.5, 11.5, 10 ], "texture": "#texture" },
        "north": { "uv": [ 4.5, 9.5, 5, 12 ], "texture": "#texture" },
        "south": { "uv": [ 11, 9.5, 11.5, 12 ], "texture": "#texture" },
        "west":  { "uv": [ 11, 9.5, 11.5, 12 ], "texture": "#texture" },
        "east":  { "uv": [ 4.5, 9.5, 5, 12 ], "texture": "#texture" }
    }
},
{
    "from": [ 10.5, 3, 13.5 ],
    "to": [ 11, 6.5, 14 ],
    "faces": {
        "down":  { "uv": [ 5.5, 14, 5, 13.5 ], "texture": "#texture" },
        "up":    { "uv": [ 10.5, 9.5, 11, 10 ], "texture": "#texture" },
        "north": { "uv": [ 5, 9.5, 5.5, 13 ], "texture": "#texture" },
        "south": { "uv": [ 10.5, 9.5, 11, 13 ], "texture": "#texture" },
        "west":  { "uv": [ 10.5, 10.5, 11, 13 ], "texture": "#texture" },
        "east":  { "uv": [ 5, 10.5, 5.5, 13 ], "texture": "#texture" }
    }
},
{
    "from": [ 9, 2, 13.5 ],
    "to": [ 10, 6.5, 14 ],
    "faces": {
        "down":  { "uv": [ 7, 14, 6, 13.5 ], "texture": "#texture" },
        "up":    { "uv": [ 9, 13.5, 10, 14 ], "texture": "#texture" },
        "north": { "uv": [ 6, 9.5, 7, 14 ], "texture": "#texture" },
        "south": { "uv": [ 9, 9.5, 10, 14 ], "texture": "#texture" },
        "west":  { "uv": [ 9.5, 9.5, 10, 14 ], "texture": "#texture" },
        "east":  { "uv": [ 6, 9.5, 6.5, 14 ], "texture": "#texture" }
    }
},
{
    "from": [ 7, 6.5, 13.5 ],
    "to": [ 9, 8, 14 ],
    "faces": {
        "down":  { "uv": [ 9, 14, 7, 13.5 ], "texture": "#texture" },
        "up":    { "uv": [ 7, 13.5, 9, 14 ], "texture": "#texture" },
        "north": { "uv": [ 7, 8, 9, 9.5 ], "texture": "#texture" },
        "south": { "uv": [ 7, 8, 9, 9.5 ], "texture": "#texture" },
        "west":  { "uv": [ 8.5, 8, 9, 9.5 ], "texture": "#texture" },
        "east":  { "uv": [ 7, 8, 7.5, 9.5 ], "texture": "#texture" }
    }
},
{
    "from": [ 6, 2, 13.5 ],
    "to": [ 7.5, 6.5, 14 ],
    "faces": {
        "down":  { "uv": [ 10, 14, 8.5, 13.5 ], "texture": "#texture" },
        "up":    { "uv": [ 6, 13.5, 7.5, 14 ], "texture": "#texture" },
        "north": { "uv": [ 8.5, 9.5, 10, 14 ], "texture": "#texture" },
        "south": { "uv": [ 6, 9.5, 7.5, 14 ], "texture": "#texture" },
        "west":  { "uv": [ 9.5, 9.5, 10, 14 ], "texture": "#texture" },
        "east":  { "uv": [ 6, 9.5, 6.5, 14 ], "texture": "#texture" }
    }
},
{
    "from": [ 7.5, 1.5, 13.5 ],
    "to": [ 9, 6.5, 14 ],
    "faces": {
        "down":  { "uv": [ 8.5, 14, 7, 13.5 ], "texture": "#texture" },
        "up":    { "uv": [ 7.5, 13.5, 9, 14 ], "texture": "#texture" },
        "north": { "uv": [ 7, 9.5, 8.5, 14.5 ], "texture": "#texture" },
        "south": { "uv": [ 7.5, 9.5, 9, 14.5 ], "texture": "#texture" },
        "west":  { "uv": [ 9, 9.5, 9.5, 14.5 ], "texture": "#texture" },
        "east":  { "uv": [ 6.5, 9.5, 7, 14.5 ], "texture": "#texture" }
    }
},
{
    "from": [ 6.5, 1.5, 13.5 ],
    "to": [ 7.5, 2, 14 ],
    "faces": {
        "down":  { "uv": [ 9.5, 14, 8.5, 13.5 ], "texture": "#texture" },
        "up":    { "uv": [ 6.5, 13.5, 7.5, 14 ], "texture": "#texture" },
        "north": { "uv": [ 8.5, 14, 9.5, 14.5 ], "texture": "#texture" },
        "south": { "uv": [ 6.5, 14, 7.5, 14.5 ], "texture": "#texture" },
        "west":  { "uv": [ 9, 14, 9.5, 14.5 ], "texture": "#texture" },
        "east":  { "uv": [ 6.5, 14, 7, 14.5 ], "texture": "#texture" }
    }
},
{
    "from": [ 10, 2.5, 13.5 ],
    "to": [ 10.5, 6.5, 14 ],
    "faces": {
        "down":  { "uv": [ 6, 13.5, 5.5, 13 ], "texture": "#texture" },
        "up":    { "uv": [ 10, 9.5, 10.5, 10 ], "texture": "#texture" },
        "north": { "uv": [ 5.5, 9.5, 6, 13.5 ], "texture": "#texture" },
        "south": { "uv": [ 10, 9.5, 10.5, 13.5 ], "texture": "#texture" },
        "west":  { "uv": [ 10, 9.5, 10.5, 13.5 ], "texture": "#texture" },
        "east":  { "uv": [ 10, 9.5, 10.5, 13.5 ], "texture": "#texture" }
    }
},
{
    "from": [ 4.5, 4, 13.5 ],
    "to": [ 5, 6.5, 14 ],
    "faces": {
        "down":  { "uv": [ 11.5, 12, 11, 11.5 ], "texture": "#texture" },
        "up":    { "uv": [ 4.5, 11, 5, 11.5 ], "texture": "#texture" },
        "north": { "uv": [ 11, 9.5, 11.5, 12 ], "texture": "#texture" },
        "south": { "uv": [ 4.5, 9.5, 5, 12 ], "texture": "#texture" },
        "west":  { "uv": [ 11, 9.5, 11.5, 12 ], "texture": "#texture" },
        "east":  { "uv": [ 4.5, 9.5, 5, 12 ], "texture": "#texture" }
    }
},
{
    "from": [ 5, 3, 13.5 ],
    "to": [ 5.5, 6.5, 14 ],
    "faces": {
        "down":  { "uv": [ 11, 11, 10.5, 10.5 ], "texture": "#texture" },
        "up":    { "uv": [ 5, 9.5, 5.5, 10 ], "texture": "#texture" },
        "north": { "uv": [ 10.5, 9.5, 11, 13 ], "texture": "#texture" },
        "south": { "uv": [ 5, 9.5, 5.5, 13 ], "texture": "#texture" },
        "west":  { "uv": [ 10.5, 10.5, 11, 13 ], "texture": "#texture" },
        "east":  { "uv": [ 5, 10.5, 5.5, 13 ], "texture": "#texture" }
    }
},
{
    "from": [ 5.5, 2.5, 13.5 ],
    "to": [ 6, 6.5, 14 ],
    "faces": {
        "down":  { "uv": [ 10.5, 14, 10, 13.5 ], "texture": "#texture" },
        "up":    { "uv": [ 5.5, 11, 6, 11.5 ], "texture": "#texture" },
        "north": { "uv": [ 10, 9.5, 10.5, 13.5 ], "texture": "#texture" },
        "south": { "uv": [ 5.5, 9.5, 6, 13.5 ], "texture": "#texture" },
        "west":  { "uv": [ 10, 9.5, 10.5, 13.5 ], "texture": "#texture" },
        "east":  { "uv": [ 5.5, 9.5, 6, 13.5 ], "texture": "#texture" }
    }
},
{
    "from": [ 9, 1.5, 13.5 ],
    "to": [ 9.5, 2, 14 ],
    "faces": {
        "down":  { "uv": [ 7, 14, 6.5, 13.5 ], "texture": "#texture" },
        "up":    { "uv": [ 9, 13.5, 9.5, 14 ], "texture": "#texture" },
        "north": { "uv": [ 6.5, 14, 7, 14.5 ], "texture": "#texture" },
        "south": { "uv": [ 9, 14, 9.5, 14.5 ], "texture": "#texture" },
        "west":  { "uv": [ 9, 14, 9.5, 14.5 ], "texture": "#texture" },
        "east":  { "uv": [ 9, 14, 9.5, 14.5 ], "texture": "#texture" }
    }
},
{
    "from": [ 5, 7.5, 13.5 ],
    "to": [ 6, 13, 14.5 ],
    "faces": {
        "down":  { "uv": [ 11, 13, 10, 12.5 ], "texture": "#texture" },
        "up":    { "uv": [ 5, 12.5, 6, 13 ], "texture": "#texture" },
        "north": { "uv": [ 10, 3.5, 11, 8 ], "texture": "#texture" },
        "south": { "uv": [ 5, 3.5, 6, 8 ], "texture": "#texture" },
        "west":  { "uv": [ 10.5, 3.5, 11, 8 ], "texture": "#texture" },
        "east":  { "uv": [ 5, 3.5, 5.5, 8 ], "texture": "#texture" }
    }
},
{
    "from": [ 10, 7.5, 13.5 ],
    "to": [ 11, 13, 14.5 ],
    "faces": {
        "down":  { "uv": [ 11, 13, 10, 12.5 ], "texture": "#texture" },
        "up":    { "uv": [ 10, 12.5, 11, 13 ], "texture": "#texture" },
        "north": { "uv": [ 10, 3.5, 11, 8 ], "texture": "#texture" },
        "south": { "uv": [ 10, 3.5, 11, 8 ], "texture": "#texture" },
        "west":  { "uv": [ 10.5, 3.5, 11, 8 ], "texture": "#texture" },
        "east":  { "uv": [ 5, 3.5, 5.5, 8 ], "texture": "#texture" }
    }
},
{
    "from": [ 5, 3, 13.5 ],
    "to": [ 6, 5.5, 14.5 ],
    "faces": {
        "down":  { "uv": [ 11, 13, 10, 12.5 ], "texture": "#texture" },
        "up":    { "uv": [ 5, 12.5, 6, 13 ], "texture": "#texture" },
        "north": { "uv": [ 10, 3.5, 11, 8 ], "texture": "#texture" },
        "south": { "uv": [ 5, 3.5, 6, 8 ], "texture": "#texture" },
        "west":  { "uv": [ 10.5, 3.5, 11, 8 ], "texture": "#texture" },
        "east":  { "uv": [ 5, 3.5, 5.5, 8 ], "texture": "#texture" }
    }
},
{
    "from": [ 10, 3, 13.5 ],
    "to": [ 11, 5.5, 14.5 ],
    "faces": {
        "down":  { "uv": [ 11, 13, 10, 12.5 ], "texture": "#texture" },
        "up":    { "uv": [ 5, 12.5, 6, 13 ], "texture": "#texture" },
        "north": { "uv": [ 10, 3.5, 11, 8 ], "texture": "#texture" },
        "south": { "uv": [ 10, 3.5, 11, 8 ], "texture": "#texture" },
        "west":  { "uv": [ 10.5, 3.5, 11, 8 ], "texture": "#texture" },
        "east":  { "uv": [ 5, 3.5, 5.5, 8 ], "texture": "#texture" }
    }
},
{
    "from": [ 5.5, 2.5, 13.5 ],
    "to": [ 6, 3, 14.5 ],
    "faces": {
        "down":  { "uv": [ 11, 13, 10, 12.5 ], "texture": "#texture" },
        "up":    { "uv": [ 5, 12.5, 6, 13 ], "texture": "#texture" },
        "north": { "uv": [ 10, 3.5, 11, 8 ], "texture": "#texture" },
        "south": { "uv": [ 5.5, 3.5, 6, 8 ], "texture": "#texture" },
        "west":  { "uv": [ 10, 3.5, 10.5, 8 ], "texture": "#texture" },
        "east":  { "uv": [ 5.5, 3.5, 6, 8 ], "texture": "#texture" }
    }
},
{
    "from": [ 10, 2.5, 13.5 ],
    "to": [ 10.5, 3, 14.5 ],
    "faces": {
        "down":  { "uv": [ 11, 13, 10, 12.5 ], "texture": "#texture" },
        "up":    { "uv": [ 5, 12.5, 6, 13 ], "texture": "#texture" },
        "north": { "uv": [ 10, 3.5, 11, 8 ], "texture": "#texture" },
        "south": { "uv": [ 5.5, 3.5, 6, 8 ], "texture": "#texture" },
        "west":  { "uv": [ 10, 3.5, 10.5, 8 ], "texture": "#texture" },
        "east":  { "uv": [ 5.5, 3.5, 6, 8 ], "texture": "#texture" }
    }
},
{
    "from": [ 5.5, 5.5, 13.5 ],
    "to": [ 6, 7, 14.5 ],
    "faces": {
        "down":  { "uv": [ 11, 13, 10, 12.5 ], "texture": "#texture" },
        "up":    { "uv": [ 5, 12.5, 6, 13 ], "texture": "#texture" },
        "north": { "uv": [ 10, 3.5, 11, 8 ], "texture": "#texture" },
        "south": { "uv": [ 5.5, 3.5, 6, 8 ], "texture": "#texture" },
        "west":  { "uv": [ 10, 3.5, 10.5, 8 ], "texture": "#texture" },
        "east":  { "uv": [ 5.5, 3.5, 6, 8 ], "texture": "#texture" }
    }
},
{
    "from": [ 10, 5.5, 13.5 ],
    "to": [ 10.5, 7, 14.5 ],
    "faces": {
        "down":  { "uv": [ 11, 13, 10, 12.5 ], "texture": "#texture" },
        "up":    { "uv": [ 5, 12.5, 6, 13 ], "texture": "#texture" },
        "north": { "uv": [ 10, 3.5, 11, 8 ], "texture": "#texture" },
        "south": { "uv": [ 5.5, 3.5, 6, 8 ], "texture": "#texture" },
        "west":  { "uv": [ 10, 3.5, 10.5, 8 ], "texture": "#texture" },
        "east":  { "uv": [ 5.5, 3.5, 6, 8 ], "texture": "#texture" }
    }
},
{
    "from": [ -0.5, 15, 0 ],
    "to": [ 4, 16, 1 ],
    "faces": {
        "down":  { "uv": [ 10.5, 9, 10, 8.5 ], "texture": "#texture" },
        "up":    { "uv": [ 5.5, 8.5, 6, 9 ], "texture": "#texture" },
        "north": { "uv": [ 10, 8.5, 10.5, 9 ], "texture": "#texture" },
        "south": { "uv": [ 5.5, 8.5, 6, 9 ], "texture": "#texture" },
        "west":  { "uv": [ 5.5, 8.5, 6, 9 ], "texture": "#texture" },
        "east":  { "uv": [ 10, 8.5, 10.5, 9 ], "texture": "#texture" }
    }
},
{
    "from": [ -8, 16, 0 ],
    "to": [ 2.5, 17, 1 ],
    "faces": {
        "down":  { "uv": [ 10.5, 9, 10, 8.5 ], "texture": "#texture" },
        "up":    { "uv": [ 5.5, 8.5, 6, 9 ], "texture": "#texture" },
        "north": { "uv": [ 10, 8.5, 10.5, 9 ], "texture": "#texture" },
        "south": { "uv": [ 5.5, 8.5, 6, 9 ], "texture": "#texture" },
        "west":  { "uv": [ 5.5, 8.5, 6, 9 ], "texture": "#texture" },
        "east":  { "uv": [ 10, 8.5, 10.5, 9 ], "texture": "#texture" }
    }
},
{
    "from": [ 12, 15, 0 ],
    "to": [ 16.5, 16, 1 ],
    "faces": {
        "down":  { "uv": [ 10.5, 9, 10, 8.5 ], "texture": "#texture" },
        "up":    { "uv": [ 5.5, 8.5, 6, 9 ], "texture": "#texture" },
        "north": { "uv": [ 10, 8.5, 10.5, 9 ], "texture": "#texture" },
        "south": { "uv": [ 5.5, 8.5, 6, 9 ], "texture": "#texture" },
        "west":  { "uv": [ 5.5, 8.5, 6, 9 ], "texture": "#texture" },
        "east":  { "uv": [ 10, 8.5, 10.5, 9 ], "texture": "#texture" }
    }
},
{
    "from": [ 13.5, 16, 0 ],
    "to": [ 24, 17, 1 ],
    "faces": {
        "down":  { "uv": [ 10.5, 9, 10, 8.5 ], "texture": "#texture" },
        "up":    { "uv": [ 5.5, 8.5, 6, 9 ], "texture": "#texture" },
        "north": { "uv": [ 10, 8.5, 10.5, 9 ], "texture": "#texture" },
        "south": { "uv": [ 5.5, 8.5, 6, 9 ], "texture": "#texture" },
        "west":  { "uv": [ 5.5, 8.5, 6, 9 ], "texture": "#texture" },
        "east":  { "uv": [ 10, 8.5, 10.5, 9 ], "texture": "#texture" }
    }
},
{
    "from": [ -4.5, 10, 0 ],
    "to": [ 3, 11.5, 1 ],
    "faces": {
        "down":  { "uv": [ 10.5, 9, 10, 8.5 ], "texture": "#texture" },
        "up":    { "uv": [ 5.5, 8.5, 6, 9 ], "texture": "#texture" },
        "north": { "uv": [ 10, 8.5, 10.5, 9 ], "texture": "#texture" },
        "south": { "uv": [ 5.5, 8.5, 6, 9 ], "texture": "#texture" },
        "west":  { "uv": [ 5.5, 8.5, 6, 9 ], "texture": "#texture" },
        "east":  { "uv": [ 10, 8.5, 10.5, 9 ], "texture": "#texture" }
    }
},
{
    "from": [ 0, 9.5, 0 ],
    "to": [ 4.5, 11, 1 ],
    "faces": {
        "down":  { "uv": [ 10.5, 9, 10, 8.5 ], "texture": "#texture" },
        "up":    { "uv": [ 5.5, 8.5, 6, 9 ], "texture": "#texture" },
        "north": { "uv": [ 10, 8.5, 10.5, 9 ], "texture": "#texture" },
        "south": { "uv": [ 5.5, 8.5, 6, 9 ], "texture": "#texture" },
        "west":  { "uv": [ 5.5, 8.5, 6, 9 ], "texture": "#texture" },
        "east":  { "uv": [ 10, 8.5, 10.5, 9 ], "texture": "#texture" }
    }
},
{
    "from": [ 13, 10, 0 ],
    "to": [ 20.5, 11.5, 1 ],
    "faces": {
        "down":  { "uv": [ 10.5, 9, 10, 8.5 ], "texture": "#texture" },
        "up":    { "uv": [ 5.5, 8.5, 6, 9 ], "texture": "#texture" },
        "north": { "uv": [ 10, 8.5, 10.5, 9 ], "texture": "#texture" },
        "south": { "uv": [ 5.5, 8.5, 6, 9 ], "texture": "#texture" },
        "west":  { "uv": [ 5.5, 8.5, 6, 9 ], "texture": "#texture" },
        "east":  { "uv": [ 10, 8.5, 10.5, 9 ], "texture": "#texture" }
    }
},
{
    "from": [ 11.5, 9.5, 0 ],
    "to": [ 16, 11, 1 ],
    "faces": {
        "down":  { "uv": [ 10.5, 9, 10, 8.5 ], "texture": "#texture" },
        "up":    { "uv": [ 5.5, 8.5, 6, 9 ], "texture": "#texture" },
        "north": { "uv": [ 10, 8.5, 10.5, 9 ], "texture": "#texture" },
        "south": { "uv": [ 5.5, 8.5, 6, 9 ], "texture": "#texture" },
        "west":  { "uv": [ 5.5, 8.5, 6, 9 ], "texture": "#texture" },
        "east":  { "uv": [ 10, 8.5, 10.5, 9 ], "texture": "#texture" }
    }
},
{
    "from": [ -0.5, 6, 0 ],
    "to": [ 6, 7, 1 ],
    "faces": {
        "down":  { "uv": [ 10.5, 9, 10, 8.5 ], "texture": "#texture" },
        "up":    { "uv": [ 5.5, 8.5, 6, 9 ], "texture": "#texture" },
        "north": { "uv": [ 10, 8.5, 10.5, 9 ], "texture": "#texture" },
        "south": { "uv": [ 5.5, 8.5, 6, 9 ], "texture": "#texture" },
        "west":  { "uv": [ 5.5, 8.5, 6, 9 ], "texture": "#texture" },
        "east":  { "uv": [ 10, 8.5, 10.5, 9 ], "texture": "#texture" }
    }
},
{
    "from": [ 10, 6, 0 ],
    "to": [ 16.5, 7, 1 ],
    "faces": {
        "down":  { "uv": [ 10.5, 9, 10, 8.5 ], "texture": "#texture" },
        "up":    { "uv": [ 5.5, 8.5, 6, 9 ], "texture": "#texture" },
        "north": { "uv": [ 10, 8.5, 10.5, 9 ], "texture": "#texture" },
        "south": { "uv": [ 5.5, 8.5, 6, 9 ], "texture": "#texture" },
        "west":  { "uv": [ 5.5, 8.5, 6, 9 ], "texture": "#texture" },
        "east":  { "uv": [ 10, 8.5, 10.5, 9 ], "texture": "#texture" }
    }
},
{
    "from": [ 9.5, 5.5, 0 ],
    "to": [ 14, 6.5, 1 ],
    "faces": {
        "down":  { "uv": [ 10.5, 9, 10, 8.5 ], "texture": "#texture" },
        "up":    { "uv": [ 5.5, 8.5, 6, 9 ], "texture": "#texture" },
        "north": { "uv": [ 10, 8.5, 10.5, 9 ], "texture": "#texture" },
        "south": { "uv": [ 5.5, 8.5, 6, 9 ], "texture": "#texture" },
        "west":  { "uv": [ 5.5, 8.5, 6, 9 ], "texture": "#texture" },
        "east":  { "uv": [ 10, 8.5, 10.5, 9 ], "texture": "#texture" }
    }
},
{
    "from": [ 2, 5.5, 0 ],
    "to": [ 6.5, 6.5, 1 ],
    "faces": {
        "down":  { "uv": [ 10.5, 9, 10, 8.5 ], "texture": "#texture" },
        "up":    { "uv": [ 5.5, 8.5, 6, 9 ], "texture": "#texture" },
        "north": { "uv": [ 10, 8.5, 10.5, 9 ], "texture": "#texture" },
        "south": { "uv": [ 5.5, 8.5, 6, 9 ], "texture": "#texture" },
        "west":  { "uv": [ 5.5, 8.5, 6, 9 ], "texture": "#texture" },
        "east":  { "uv": [ 10, 8.5, 10.5, 9 ], "texture": "#texture" }
    }
},
{
    "from": [ 7, 9, 2.5 ],
    "to": [ 9, 18, 4 ],
    "faces": {
        "down":  { "uv": [ 10, 9, 9.5, 8.5 ], "texture": "#texture" },
        "up":    { "uv": [ 6, 8.5, 6.5, 9 ], "texture": "#texture" },
        "north": { "uv": [ 6, 8.5, 6.5, 9 ], "texture": "#texture" },
        "south": { "uv": [ 6, 8.5, 6.5, 9 ], "texture": "#texture" },
        "west":  { "uv": [ 6, 8.5, 6.5, 9 ], "texture": "#texture" },
        "east":  { "uv": [ 9.5, 8.5, 10, 9 ], "texture": "#texture" }
    }
},
{
    "from": [ 6.5, 12.5, 2.5 ],
    "to": [ 8.5, 16.5, 4 ],
    "faces": {
        "down":  { "uv": [ 10, 9, 9.5, 8.5 ], "texture": "#texture" },
        "up":    { "uv": [ 6, 8.5, 6.5, 9 ], "texture": "#texture" },
        "north": { "uv": [ 6, 8.5, 6.5, 9 ], "texture": "#texture" },
        "south": { "uv": [ 6, 8.5, 6.5, 9 ], "texture": "#texture" },
        "west":  { "uv": [ 6, 8.5, 6.5, 9 ], "texture": "#texture" },
        "east":  { "uv": [ 9.5, 8.5, 10, 9 ], "texture": "#texture" }
    }
},
{
    "from": [ 7.5, 16, 2.5 ],
    "to": [ 8.5, 19.5, 4 ],
    "faces": {
        "down":  { "uv": [ 10, 9, 9.5, 8.5 ], "texture": "#texture" },
        "up":    { "uv": [ 6, 8.5, 6.5, 9 ], "texture": "#texture" },
        "north": { "uv": [ 6, 8.5, 6.5, 9 ], "texture": "#texture" },
        "south": { "uv": [ 6, 8.5, 6.5, 9 ], "texture": "#texture" },
        "west":  { "uv": [ 6, 8.5, 6.5, 9 ], "texture": "#texture" },
        "east":  { "uv": [ 9.5, 8.5, 10, 9 ], "texture": "#texture" }
    }
},
{
    "from": [ 8.5, 12.5, 2.5 ],
    "to": [ 9.5, 16.5, 4 ],
    "faces": {
        "down":  { "uv": [ 10, 9, 9.5, 8.5 ], "texture": "#texture" },
        "up":    { "uv": [ 6, 8.5, 6.5, 9 ], "texture": "#texture" },
        "north": { "uv": [ 6, 8.5, 6.5, 9 ], "texture": "#texture" },
        "south": { "uv": [ 6, 8.5, 6.5, 9 ], "texture": "#texture" },
        "west":  { "uv": [ 6, 8.5, 6.5, 9 ], "texture": "#texture" },
        "east":  { "uv": [ 9.5, 8.5, 10, 9 ], "texture": "#texture" }
    }
},
{
    "from": [ 7.5, -10, 2.5 ],
    "to": [ 8.5, 15, 4 ],
    "faces": {
        "down":  { "uv": [ 10, 9, 9.5, 8.5 ], "texture": "#texture" },
        "up":    { "uv": [ 6, 8.5, 6.5, 9 ], "texture": "#texture" },
        "north": { "uv": [ 6, 8.5, 6.5, 9 ], "texture": "#texture" },
        "south": { "uv": [ 6, 8.5, 6.5, 9 ], "texture": "#texture" },
        "west":  { "uv": [ 6, 8.5, 6.5, 9 ], "texture": "#texture" },
        "east":  { "uv": [ 9.5, 8.5, 10, 9 ], "texture": "#texture" }
    }
},
{
    "from": [ 10, 12.5, 4.5 ],
    "to": [ 11, 13.5, 14 ],
    "faces": {
        "down":  { "uv": [ 11, 13, 10, 12.5 ], "texture": "#texture" },
        "up":    { "uv": [ 10, 12.5, 11, 13 ], "texture": "#texture" },
        "north": { "uv": [ 10, 3.5, 11, 8 ], "texture": "#texture" },
        "south": { "uv": [ 10, 3.5, 11, 8 ], "texture": "#texture" },
        "west":  { "uv": [ 10.5, 3.5, 11, 8 ], "texture": "#texture" },
        "east":  { "uv": [ 5, 3.5, 5.5, 8 ], "texture": "#texture" }
    }
},
{
    "from": [ 5, 12.5, 4.5 ],
    "to": [ 6, 13.5, 14 ],
    "faces": {
        "down":  { "uv": [ 6, 13, 5, 12.5 ], "texture": "#texture" },
        "up":    { "uv": [ 5, 12.5, 6, 13 ], "texture": "#texture" },
        "north": { "uv": [ 10, 3.5, 11, 8 ], "texture": "#texture" },
        "south": { "uv": [ 5, 3.5, 6, 8 ], "texture": "#texture" },
        "west":  { "uv": [ 10.5, 3.5, 11, 8 ], "texture": "#texture" },
        "east":  { "uv": [ 5, 3.5, 5.5, 8 ], "texture": "#texture" }
    }
},
{
    "from": [ 5, 4, 4.5 ],
    "to": [ 6, 13, 5.5 ],
    "faces": {
        "down":  { "uv": [ 11, 13, 10, 12.5 ], "texture": "#texture" },
        "up":    { "uv": [ 5, 12.5, 6, 13 ], "texture": "#texture" },
        "north": { "uv": [ 10, 3.5, 11, 8 ], "texture": "#texture" },
        "south": { "uv": [ 5, 3.5, 6, 8 ], "texture": "#texture" },
        "west":  { "uv": [ 10.5, 3.5, 11, 8 ], "texture": "#texture" },
        "east":  { "uv": [ 5, 3.5, 5.5, 8 ], "texture": "#texture" }
    }
},
{
    "from": [ 10, 4, 4.5 ],
    "to": [ 11, 13, 5.5 ],
    "faces": {
        "down":  { "uv": [ 11, 13, 10, 12.5 ], "texture": "#texture" },
        "up":    { "uv": [ 5, 12.5, 6, 13 ], "texture": "#texture" },
        "north": { "uv": [ 5, 3.5, 6, 8 ], "texture": "#texture" },
        "south": { "uv": [ 5, 3.5, 6, 8 ], "texture": "#texture" },
        "west":  { "uv": [ 10.5, 3.5, 11, 8 ], "texture": "#texture" },
        "east":  { "uv": [ 5, 3.5, 5.5, 8 ], "texture": "#texture" }
    }
},
{
    "from": [ 10, 4, 4.5 ],
    "to": [ 11, 5, 14 ],
    "faces": {
        "down":  { "uv": [ 11, 13, 10, 12.5 ], "texture": "#texture" },
        "up":    { "uv": [ 10, 12.5, 11, 13 ], "texture": "#texture" },
        "north": { "uv": [ 10, 3.5, 11, 8 ], "texture": "#texture" },
        "south": { "uv": [ 10, 3.5, 11, 8 ], "texture": "#texture" },
        "west":  { "uv": [ 10.5, 3.5, 11, 8 ], "texture": "#texture" },
        "east":  { "uv": [ 5, 3.5, 5.5, 8 ], "texture": "#texture" }
    }
},
{
    "from": [ 5, 4, 5 ],
    "to": [ 6, 5, 14.5 ],
    "faces": {
        "down":  { "uv": [ 6, 13, 5, 12.5 ], "texture": "#texture" },
        "up":    { "uv": [ 5, 12.5, 6, 13 ], "texture": "#texture" },
        "north": { "uv": [ 10, 3.5, 11, 8 ], "texture": "#texture" },
        "south": { "uv": [ 5, 3.5, 6, 8 ], "texture": "#texture" },
        "west":  { "uv": [ 10.5, 3.5, 11, 8 ], "texture": "#texture" },
        "east":  { "uv": [ 5, 3.5, 5.5, 8 ], "texture": "#texture" }
    }
},
{
    "from": [ -10.5, 17, 0 ],
    "to": [ 0, 18, 1 ],
    "faces": {
        "down":  { "uv": [ 10.5, 9, 10, 8.5 ], "texture": "#texture" },
        "up":    { "uv": [ 5.5, 8.5, 6, 9 ], "texture": "#texture" },
        "north": { "uv": [ 10, 8.5, 10.5, 9 ], "texture": "#texture" },
        "south": { "uv": [ 5.5, 8.5, 6, 9 ], "texture": "#texture" },
        "west":  { "uv": [ 5.5, 8.5, 6, 9 ], "texture": "#texture" },
        "east":  { "uv": [ 10, 8.5, 10.5, 9 ], "texture": "#texture" }
    }
},
{
    "from": [ 16, 17, 0 ],
    "to": [ 26.5, 18, 1 ],
    "faces": {
        "down":  { "uv": [ 10.5, 9, 10, 8.5 ], "texture": "#texture" },
        "up":    { "uv": [ 5.5, 8.5, 6, 9 ], "texture": "#texture" },
        "north": { "uv": [ 10, 8.5, 10.5, 9 ], "texture": "#texture" },
        "south": { "uv": [ 5.5, 8.5, 6, 9 ], "texture": "#texture" },
        "west":  { "uv": [ 5.5, 8.5, 6, 9 ], "texture": "#texture" },
        "east":  { "uv": [ 10, 8.5, 10.5, 9 ], "texture": "#texture" }
    }
},
{
    "from": [ -6, 5, 0 ],
    "to": [ 1.5, 6.5, 1 ],
    "faces": {
        "down":  { "uv": [ 10.5, 9, 10, 8.5 ], "texture": "#texture" },
        "up":    { "uv": [ 5.5, 8.5, 6, 9 ], "texture": "#texture" },
        "north": { "uv": [ 10, 8.5, 10.5, 9 ], "texture": "#texture" },
        "south": { "uv": [ 5.5, 8.5, 6, 9 ], "texture": "#texture" },
        "west":  { "uv": [ 5.5, 8.5, 6, 9 ], "texture": "#texture" },
        "east":  { "uv": [ 10, 8.5, 10.5, 9 ], "texture": "#texture" }
    }
},
{
    "from": [ 14.5, 5, 0 ],
    "to": [ 22, 6.5, 1 ],
    "faces": {
        "down":  { "uv": [ 10.5, 9, 10, 8.5 ], "texture": "#texture" },
        "up":    { "uv": [ 5.5, 8.5, 6, 9 ], "texture": "#texture" },
        "north": { "uv": [ 10, 8.5, 10.5, 9 ], "texture": "#texture" },
        "south": { "uv": [ 5.5, 8.5, 6, 9 ], "texture": "#texture" },
        "west":  { "uv": [ 5.5, 8.5, 6, 9 ], "texture": "#texture" },
        "east":  { "uv": [ 10, 8.5, 10.5, 9 ], "texture": "#texture" }
    }
},
{
    "from": [ -7.5, 10.5, 0 ],
    "to": [ 0, 12, 1 ],
    "faces": {
        "down":  { "uv": [ 10.5, 9, 10, 8.5 ], "texture": "#texture" },
        "up":    { "uv": [ 5.5, 8.5, 6, 9 ], "texture": "#texture" },
        "north": { "uv": [ 10, 8.5, 10.5, 9 ], "texture": "#texture" },
        "south": { "uv": [ 5.5, 8.5, 6, 9 ], "texture": "#texture" },
        "west":  { "uv": [ 5.5, 8.5, 6, 9 ], "texture": "#texture" },
        "east":  { "uv": [ 10, 8.5, 10.5, 9 ], "texture": "#texture" }
    }
},
{
    "from": [ 15, 10.5, 0 ],
    "to": [ 22.5, 12, 1 ],
    "faces": {
        "down":  { "uv": [ 10.5, 9, 10, 8.5 ], "texture": "#texture" },
        "up":    { "uv": [ 5.5, 8.5, 6, 9 ], "texture": "#texture" },
        "north": { "uv": [ 10, 8.5, 10.5, 9 ], "texture": "#texture" },
        "south": { "uv": [ 5.5, 8.5, 6, 9 ], "texture": "#texture" },
        "west":  { "uv": [ 5.5, 8.5, 6, 9 ], "texture": "#texture" },
        "east":  { "uv": [ 10, 8.5, 10.5, 9 ], "texture": "#texture" }
    }
},
{
    "from": [ -13.5, 18, 0 ],
    "to": [ -3, 19, 1 ],
    "faces": {
        "down":  { "uv": [ 10.5, 9, 10, 8.5 ], "texture": "#texture" },
        "up":    { "uv": [ 5.5, 8.5, 6, 9 ], "texture": "#texture" },
        "north": { "uv": [ 10, 8.5, 10.5, 9 ], "texture": "#texture" },
        "south": { "uv": [ 5.5, 8.5, 6, 9 ], "texture": "#texture" },
        "west":  { "uv": [ 5.5, 8.5, 6, 9 ], "texture": "#texture" },
        "east":  { "uv": [ 10, 8.5, 10.5, 9 ], "texture": "#texture" }
    }
},
{
    "from": [ 19, 18, 0 ],
    "to": [ 29.5, 19, 1 ],
    "faces": {
        "down":  { "uv": [ 10.5, 9, 10, 8.5 ], "texture": "#texture" },
        "up":    { "uv": [ 5.5, 8.5, 6, 9 ], "texture": "#texture" },
        "north": { "uv": [ 10, 8.5, 10.5, 9 ], "texture": "#texture" },
        "south": { "uv": [ 5.5, 8.5, 6, 9 ], "texture": "#texture" },
        "west":  { "uv": [ 5.5, 8.5, 6, 9 ], "texture": "#texture" },
        "east":  { "uv": [ 10, 8.5, 10.5, 9 ], "texture": "#texture" }
    }
},
{
    "from": [ -10.5, 11, 0 ],
    "to": [ -3, 12.5, 1 ],
    "faces": {
        "down":  { "uv": [ 10.5, 9, 10, 8.5 ], "texture": "#texture" },
        "up":    { "uv": [ 5.5, 8.5, 6, 9 ], "texture": "#texture" },
        "north": { "uv": [ 10, 8.5, 10.5, 9 ], "texture": "#texture" },
        "south": { "uv": [ 5.5, 8.5, 6, 9 ], "texture": "#texture" },
        "west":  { "uv": [ 5.5, 8.5, 6, 9 ], "texture": "#texture" },
        "east":  { "uv": [ 10, 8.5, 10.5, 9 ], "texture": "#texture" }
    }
},
{
    "from": [ 18, 11, 0 ],
    "to": [ 25.5, 12.5, 1 ],
    "faces": {
        "down":  { "uv": [ 10.5, 9, 10, 8.5 ], "texture": "#texture" },
        "up":    { "uv": [ 5.5, 8.5, 6, 9 ], "texture": "#texture" },
        "north": { "uv": [ 10, 8.5, 10.5, 9 ], "texture": "#texture" },
        "south": { "uv": [ 5.5, 8.5, 6, 9 ], "texture": "#texture" },
        "west":  { "uv": [ 5.5, 8.5, 6, 9 ], "texture": "#texture" },
        "east":  { "uv": [ 10, 8.5, 10.5, 9 ], "texture": "#texture" }
    }
},
{
    "from": [ -8.5, 4, 0 ],
    "to": [ -1, 5, 1 ],
    "faces": {
        "down":  { "uv": [ 10.5, 9, 10, 8.5 ], "texture": "#texture" },
        "up":    { "uv": [ 5.5, 8.5, 6, 9 ], "texture": "#texture" },
        "north": { "uv": [ 10, 8.5, 10.5, 9 ], "texture": "#texture" },
        "south": { "uv": [ 5.5, 8.5, 6, 9 ], "texture": "#texture" },
        "west":  { "uv": [ 5.5, 8.5, 6, 9 ], "texture": "#texture" },
        "east":  { "uv": [ 10, 8.5, 10.5, 9 ], "texture": "#texture" }
    }
},
{
    "from": [ 17, 4, 0 ],
    "to": [ 24.5, 5, 1 ],
    "faces": {
        "down":  { "uv": [ 10.5, 9, 10, 8.5 ], "texture": "#texture" },
        "up":    { "uv": [ 5.5, 8.5, 6, 9 ], "texture": "#texture" },
        "north": { "uv": [ 10, 8.5, 10.5, 9 ], "texture": "#texture" },
        "south": { "uv": [ 5.5, 8.5, 6, 9 ], "texture": "#texture" },
        "west":  { "uv": [ 5.5, 8.5, 6, 9 ], "texture": "#texture" },
        "east":  { "uv": [ 10, 8.5, 10.5, 9 ], "texture": "#texture" }
    }
}
],
"display": {
    "head": {
        "rotation": [ 0, 180, 0 ],
        "translation": [ 0, -0.2, 1.3 ],
        "scale": [ 2.08, 2.11, 2.3 ]
    },
    "gui": {
        "rotation": [ -30, 135, 0 ],
        "translation": [ 0, 0.6, 0 ],
        "scale": [ 1.01, 1.01, 1 ]
    }
}
}