{
	"credit": "Made with Blockbench",
	"textures": {
		"particle": "blocks/pug",
		"1_texture": "blocks/jevil"
	},
	"elements": [
		{
			"from": [4, -12, 16],
			"to": [10, -4, 17],
			"rotation": {"angle": 0, "axis": "x", "origin": [7, -13, 8]},
			"faces": {
				"north": {"uv": [0.5, 2, 1, 2.5], "rotation": 180, "texture": "#1_texture"},
				"east": {"uv": [0.5, 2, 1, 2.5], "rotation": 90, "texture": "#1_texture"},
				"south": {"uv": [0.5, 2, 1, 2.5], "texture": "#1_texture"},
				"west": {"uv": [0.5, 2, 1, 2.5], "rotation": 270, "texture": "#1_texture"},
				"up": {"uv": [0.5, 2, 1, 2.5], "texture": "#1_texture"},
				"down": {"uv": [0.5, 2, 1, 2.5], "rotation": 180, "texture": "#1_texture"}
			}
		},
		{
			"from": [3, -12, 15],
			"to": [4, -4, 16],
			"rotation": {"angle": 0, "axis": "x", "origin": [7, -13, 8]},
			"faces": {
				"north": {"uv": [0.5, 2, 1, 2.5], "rotation": 180, "texture": "#1_texture"},
				"east": {"uv": [0.5, 2, 1, 2.5], "rotation": 90, "texture": "#1_texture"},
				"south": {"uv": [0.5, 2, 1, 2.5], "texture": "#1_texture"},
				"west": {"uv": [0.5, 2, 1, 2.5], "rotation": 270, "texture": "#1_texture"},
				"up": {"uv": [0.5, 2, 1, 2.5], "texture": "#1_texture"},
				"down": {"uv": [0.5, 2, 1, 2.5], "rotation": 180, "texture": "#1_texture"}
			}
		},
		{
			"from": [9, -12, 15],
			"to": [12, -4, 16],
			"rotation": {"angle": 0, "axis": "x", "origin": [7, -13, 8]},
			"faces": {
				"north": {"uv": [0.5, 2, 1, 2.5], "rotation": 180, "texture": "#1_texture"},
				"east": {"uv": [0.5, 2, 1, 2.5], "rotation": 90, "texture": "#1_texture"},
				"south": {"uv": [0.5, 2, 1, 2.5], "texture": "#1_texture"},
				"west": {"uv": [0.5, 2, 1, 2.5], "rotation": 270, "texture": "#1_texture"},
				"up": {"uv": [0.5, 2, 1, 2.5], "texture": "#1_texture"},
				"down": {"uv": [0.5, 2, 1, 2.5], "rotation": 180, "texture": "#1_texture"}
			}
		},
		{
			"from": [2, -12, 14],
			"to": [4, -4, 15],
			"rotation": {"angle": 0, "axis": "x", "origin": [7, -13, 8]},
			"faces": {
				"north": {"uv": [0.5, 2, 1, 2.5], "rotation": 180, "texture": "#1_texture"},
				"east": {"uv": [0.5, 2, 1, 2.5], "rotation": 90, "texture": "#1_texture"},
				"south": {"uv": [0.5, 2, 1, 2.5], "texture": "#1_texture"},
				"west": {"uv": [0.5, 2, 1, 2.5], "rotation": 270, "texture": "#1_texture"},
				"up": {"uv": [0.5, 2, 1, 2.5], "texture": "#1_texture"},
				"down": {"uv": [0.5, 2, 1, 2.5], "rotation": 180, "texture": "#1_texture"}
			}
		},
		{
			"from": [1, -12, 13],
			"to": [4, -4, 14],
			"rotation": {"angle": 0, "axis": "x", "origin": [7, -13, 8]},
			"faces": {
				"north": {"uv": [0.5, 2, 1, 2.5], "rotation": 180, "texture": "#1_texture"},
				"east": {"uv": [0.5, 2, 1, 2.5], "rotation": 90, "texture": "#1_texture"},
				"south": {"uv": [0.5, 2, 1, 2.5], "texture": "#1_texture"},
				"west": {"uv": [0.5, 2, 1, 2.5], "rotation": 270, "texture": "#1_texture"},
				"up": {"uv": [0.5, 2, 1, 2.5], "texture": "#1_texture"},
				"down": {"uv": [0.5, 2, 1, 2.5], "rotation": 180, "texture": "#1_texture"}
			}
		},
		{
			"from": [0, -12, 7],
			"to": [2, -4, 13],
			"rotation": {"angle": 0, "axis": "x", "origin": [7, -13, 8]},
			"faces": {
				"north": {"uv": [0.5, 2, 1, 2.5], "rotation": 180, "texture": "#1_texture"},
				"east": {"uv": [0.5, 2, 1, 2.5], "rotation": 90, "texture": "#1_texture"},
				"south": {"uv": [0.5, 2, 1, 2.5], "texture": "#1_texture"},
				"west": {"uv": [0.5, 2, 1, 2.5], "rotation": 270, "texture": "#1_texture"},
				"up": {"uv": [0.5, 2, 1, 2.5], "texture": "#1_texture"},
				"down": {"uv": [0.5, 2, 1, 2.5], "rotation": 180, "texture": "#1_texture"}
			}
		},
		{
			"from": [1, -12, 6],
			"to": [2, -4, 7],
			"rotation": {"angle": 0, "axis": "x", "origin": [7, -13, 8]},
			"faces": {
				"north": {"uv": [0.5, 2, 1, 2.5], "rotation": 180, "texture": "#1_texture"},
				"east": {"uv": [0.5, 2, 1, 2.5], "rotation": 90, "texture": "#1_texture"},
				"south": {"uv": [0.5, 2, 1, 2.5], "texture": "#1_texture"},
				"west": {"uv": [0.5, 2, 1, 2.5], "rotation": 270, "texture": "#1_texture"},
				"up": {"uv": [0.5, 2, 1, 2.5], "texture": "#1_texture"},
				"down": {"uv": [0.5, 2, 1, 2.5], "rotation": 180, "texture": "#1_texture"}
			}
		},
		{
			"from": [3, -12, 3],
			"to": [19, -4, 5],
			"rotation": {"angle": 0, "axis": "x", "origin": [7, -13, 8]},
			"faces": {
				"north": {"uv": [0.5, 2, 1, 2.5], "rotation": 180, "texture": "#1_texture"},
				"east": {"uv": [0.5, 2, 1, 2.5], "rotation": 90, "texture": "#1_texture"},
				"south": {"uv": [0.5, 2, 1, 2.5], "texture": "#1_texture"},
				"west": {"uv": [0.5, 2, 1, 2.5], "rotation": 270, "texture": "#1_texture"},
				"up": {"uv": [0.5, 2, 1, 2.5], "texture": "#1_texture"},
				"down": {"uv": [0.5, 2, 1, 2.5], "rotation": 180, "texture": "#1_texture"}
			}
		},
		{
			"from": [2, -12, 2],
			"to": [19, -4, 3],
			"rotation": {"angle": 0, "axis": "x", "origin": [7, -13, 8]},
			"faces": {
				"north": {"uv": [0.5, 2, 1, 2.5], "rotation": 180, "texture": "#1_texture"},
				"east": {"uv": [0.5, 2, 1, 2.5], "rotation": 90, "texture": "#1_texture"},
				"south": {"uv": [0.5, 2, 1, 2.5], "texture": "#1_texture"},
				"west": {"uv": [0.5, 2, 1, 2.5], "rotation": 270, "texture": "#1_texture"},
				"up": {"uv": [0.5, 2, 1, 2.5], "texture": "#1_texture"},
				"down": {"uv": [0.5, 2, 1, 2.5], "rotation": 180, "texture": "#1_texture"}
			}
		},
		{
			"from": [1, -12, -1],
			"to": [6, -4, 0],
			"rotation": {"angle": 0, "axis": "x", "origin": [7, -13, 8]},
			"faces": {
				"north": {"uv": [0.5, 2, 1, 2.5], "rotation": 180, "texture": "#1_texture"},
				"east": {"uv": [0.5, 2, 1, 2.5], "rotation": 90, "texture": "#1_texture"},
				"south": {"uv": [0.5, 2, 1, 2.5], "texture": "#1_texture"},
				"west": {"uv": [0.5, 2, 1, 2.5], "rotation": 270, "texture": "#1_texture"},
				"up": {"uv": [0.5, 2, 1, 2.5], "texture": "#1_texture"},
				"down": {"uv": [0.5, 2, 1, 2.5], "rotation": 180, "texture": "#1_texture"}
			}
		},
		{
			"from": [0, -12, 0],
			"to": [6, -4, 1],
			"rotation": {"angle": 0, "axis": "x", "origin": [7, -13, 8]},
			"faces": {
				"north": {"uv": [0.5, 2, 1, 2.5], "rotation": 180, "texture": "#1_texture"},
				"east": {"uv": [0.5, 2, 1, 2.5], "rotation": 90, "texture": "#1_texture"},
				"south": {"uv": [0.5, 2, 1, 2.5], "texture": "#1_texture"},
				"west": {"uv": [0.5, 2, 1, 2.5], "rotation": 270, "texture": "#1_texture"},
				"up": {"uv": [0.5, 2, 1, 2.5], "texture": "#1_texture"},
				"down": {"uv": [0.5, 2, 1, 2.5], "rotation": 180, "texture": "#1_texture"}
			}
		},
		{
			"from": [2, -12, -2],
			"to": [5, -4, -1],
			"rotation": {"angle": 0, "axis": "x", "origin": [7, -13, 8]},
			"faces": {
				"north": {"uv": [0.5, 2, 1, 2.5], "rotation": 180, "texture": "#1_texture"},
				"east": {"uv": [0.5, 2, 1, 2.5], "rotation": 90, "texture": "#1_texture"},
				"south": {"uv": [0.5, 2, 1, 2.5], "texture": "#1_texture"},
				"west": {"uv": [0.5, 2, 1, 2.5], "rotation": 270, "texture": "#1_texture"},
				"up": {"uv": [0.5, 2, 1, 2.5], "texture": "#1_texture"},
				"down": {"uv": [0.5, 2, 1, 2.5], "rotation": 180, "texture": "#1_texture"}
			}
		},
		{
			"from": [11, -12, -4],
			"to": [14, -4, -3],
			"rotation": {"angle": 0, "axis": "x", "origin": [7, -13, 8]},
			"faces": {
				"north": {"uv": [0.5, 2, 1, 2.5], "rotation": 180, "texture": "#1_texture"},
				"east": {"uv": [0.5, 2, 1, 2.5], "rotation": 90, "texture": "#1_texture"},
				"south": {"uv": [0.5, 2, 1, 2.5], "texture": "#1_texture"},
				"west": {"uv": [0.5, 2, 1, 2.5], "rotation": 270, "texture": "#1_texture"},
				"up": {"uv": [0.5, 2, 1, 2.5], "texture": "#1_texture"},
				"down": {"uv": [0.5, 2, 1, 2.5], "rotation": 180, "texture": "#1_texture"}
			}
		},
		{
			"from": [6, -12, 0],
			"to": [18, -4, 2],
			"rotation": {"angle": 0, "axis": "x", "origin": [7, -13, 8]},
			"faces": {
				"north": {"uv": [0.5, 2, 1, 2.5], "rotation": 180, "texture": "#1_texture"},
				"east": {"uv": [0.5, 2, 1, 2.5], "rotation": 90, "texture": "#1_texture"},
				"south": {"uv": [0.5, 2, 1, 2.5], "texture": "#1_texture"},
				"west": {"uv": [0.5, 2, 1, 2.5], "rotation": 270, "texture": "#1_texture"},
				"up": {"uv": [0.5, 2, 1, 2.5], "texture": "#1_texture"},
				"down": {"uv": [0.5, 2, 1, 2.5], "rotation": 180, "texture": "#1_texture"}
			}
		},
		{
			"from": [7, -6, 2],
			"to": [18, -3, 4],
			"rotation": {"angle": 0, "axis": "x", "origin": [7, -13, 8]},
			"faces": {
				"north": {"uv": [0.5, 3.5, 1, 4], "rotation": 180, "texture": "#1_texture"},
				"east": {"uv": [0.5, 3.5, 1, 4], "rotation": 90, "texture": "#1_texture"},
				"south": {"uv": [0.5, 3.5, 1, 4], "texture": "#1_texture"},
				"west": {"uv": [0.5, 3.5, 1, 4], "rotation": 270, "texture": "#1_texture"},
				"up": {"uv": [0.5, 3.5, 1, 4], "texture": "#1_texture"},
				"down": {"uv": [0.5, 3.5, 1, 4], "rotation": 180, "texture": "#1_texture"}
			}
		},
		{
			"from": [7, -6, 0],
			"to": [17, -3, 2],
			"rotation": {"angle": 0, "axis": "x", "origin": [7, -13, 8]},
			"faces": {
				"north": {"uv": [0.5, 3.5, 1, 4], "rotation": 180, "texture": "#1_texture"},
				"east": {"uv": [0.5, 3.5, 1, 4], "rotation": 90, "texture": "#1_texture"},
				"south": {"uv": [0.5, 3.5, 1, 4], "texture": "#1_texture"},
				"west": {"uv": [0.5, 3.5, 1, 4], "rotation": 270, "texture": "#1_texture"},
				"up": {"uv": [0.5, 3.5, 1, 4], "texture": "#1_texture"},
				"down": {"uv": [0.5, 3.5, 1, 4], "rotation": 180, "texture": "#1_texture"}
			}
		},
		{
			"from": [8, -6, -1],
			"to": [16, -3, 0],
			"rotation": {"angle": 0, "axis": "x", "origin": [7, -13, 8]},
			"faces": {
				"north": {"uv": [0.5, 3.5, 1, 4], "rotation": 180, "texture": "#1_texture"},
				"east": {"uv": [0.5, 3.5, 1, 4], "rotation": 90, "texture": "#1_texture"},
				"south": {"uv": [0.5, 3.5, 1, 4], "texture": "#1_texture"},
				"west": {"uv": [0.5, 3.5, 1, 4], "rotation": 270, "texture": "#1_texture"},
				"up": {"uv": [0.5, 3.5, 1, 4], "texture": "#1_texture"},
				"down": {"uv": [0.5, 3.5, 1, 4], "rotation": 180, "texture": "#1_texture"}
			}
		},
		{
			"from": [9, -6, -2],
			"to": [15, -3, -1],
			"rotation": {"angle": 0, "axis": "x", "origin": [7, -13, 8]},
			"faces": {
				"north": {"uv": [0.5, 3.5, 1, 4], "rotation": 180, "texture": "#1_texture"},
				"east": {"uv": [0.5, 3.5, 1, 4], "rotation": 90, "texture": "#1_texture"},
				"south": {"uv": [0.5, 3.5, 1, 4], "texture": "#1_texture"},
				"west": {"uv": [0.5, 3.5, 1, 4], "rotation": 270, "texture": "#1_texture"},
				"up": {"uv": [0.5, 3.5, 1, 4], "texture": "#1_texture"},
				"down": {"uv": [0.5, 3.5, 1, 4], "rotation": 180, "texture": "#1_texture"}
			}
		},
		{
			"from": [10, -6, 4],
			"to": [16, -3, 5],
			"rotation": {"angle": 0, "axis": "x", "origin": [7, -13, 8]},
			"faces": {
				"north": {"uv": [0.5, 3.5, 1, 4], "rotation": 180, "texture": "#1_texture"},
				"east": {"uv": [0.5, 3.5, 1, 4], "rotation": 90, "texture": "#1_texture"},
				"south": {"uv": [0.5, 3.5, 1, 4], "texture": "#1_texture"},
				"west": {"uv": [0.5, 3.5, 1, 4], "rotation": 270, "texture": "#1_texture"},
				"up": {"uv": [0.5, 3.5, 1, 4], "texture": "#1_texture"},
				"down": {"uv": [0.5, 3.5, 1, 4], "rotation": 180, "texture": "#1_texture"}
			}
		},
		{
			"from": [12, -5, 4],
			"to": [14, -2, 5],
			"rotation": {"angle": 0, "axis": "x", "origin": [7, -13, 8]},
			"faces": {
				"north": {"uv": [2, 3.5, 2.5, 4], "rotation": 180, "texture": "#1_texture"},
				"east": {"uv": [2, 3.5, 2.5, 4], "rotation": 90, "texture": "#1_texture"},
				"south": {"uv": [2, 3.5, 2.5, 4], "texture": "#1_texture"},
				"west": {"uv": [2, 3.5, 2.5, 4], "rotation": 270, "texture": "#1_texture"},
				"up": {"uv": [2, 3.5, 2.5, 4], "texture": "#1_texture"},
				"down": {"uv": [2, 3.5, 2.5, 4], "rotation": 180, "texture": "#1_texture"}
			}
		},
		{
			"from": [11, -5, 3],
			"to": [15, -2, 4],
			"rotation": {"angle": 0, "axis": "x", "origin": [7, -13, 8]},
			"faces": {
				"north": {"uv": [2, 3.5, 2.5, 4], "rotation": 180, "texture": "#1_texture"},
				"east": {"uv": [2, 3.5, 2.5, 4], "rotation": 90, "texture": "#1_texture"},
				"south": {"uv": [2, 3.5, 2.5, 4], "texture": "#1_texture"},
				"west": {"uv": [2, 3.5, 2.5, 4], "rotation": 270, "texture": "#1_texture"},
				"up": {"uv": [2, 3.5, 2.5, 4], "texture": "#1_texture"},
				"down": {"uv": [2, 3.5, 2.5, 4], "rotation": 180, "texture": "#1_texture"}
			}
		},
		{
			"from": [11, -5, -1],
			"to": [14, -2, 0],
			"rotation": {"angle": 0, "axis": "x", "origin": [7, -13, 8]},
			"faces": {
				"north": {"uv": [2, 3.5, 2.5, 4], "rotation": 180, "texture": "#1_texture"},
				"east": {"uv": [2, 3.5, 2.5, 4], "rotation": 90, "texture": "#1_texture"},
				"south": {"uv": [2, 3.5, 2.5, 4], "texture": "#1_texture"},
				"west": {"uv": [2, 3.5, 2.5, 4], "rotation": 270, "texture": "#1_texture"},
				"up": {"uv": [2, 3.5, 2.5, 4], "texture": "#1_texture"},
				"down": {"uv": [2, 3.5, 2.5, 4], "rotation": 180, "texture": "#1_texture"}
			}
		},
		{
			"from": [10, -5, 2],
			"to": [16, -2, 3],
			"rotation": {"angle": 0, "axis": "x", "origin": [7, -13, 8]},
			"faces": {
				"north": {"uv": [2, 3.5, 2.5, 4], "rotation": 180, "texture": "#1_texture"},
				"east": {"uv": [2, 3.5, 2.5, 4], "rotation": 90, "texture": "#1_texture"},
				"south": {"uv": [2, 3.5, 2.5, 4], "texture": "#1_texture"},
				"west": {"uv": [2, 3.5, 2.5, 4], "rotation": 270, "texture": "#1_texture"},
				"up": {"uv": [2, 3.5, 2.5, 4], "texture": "#1_texture"},
				"down": {"uv": [2, 3.5, 2.5, 4], "rotation": 180, "texture": "#1_texture"}
			}
		},
		{
			"from": [4, -12, 15],
			"to": [9, -9, 16],
			"rotation": {"angle": 0, "axis": "x", "origin": [7, -13, 8]},
			"faces": {
				"north": {"uv": [0.5, 2, 1, 2.5], "rotation": 180, "texture": "#1_texture"},
				"east": {"uv": [0.5, 2, 1, 2.5], "rotation": 90, "texture": "#1_texture"},
				"south": {"uv": [0.5, 2, 1, 2.5], "texture": "#1_texture"},
				"west": {"uv": [0.5, 2, 1, 2.5], "rotation": 270, "texture": "#1_texture"},
				"up": {"uv": [0.5, 2, 1, 2.5], "texture": "#1_texture"},
				"down": {"uv": [0.5, 2, 1, 2.5], "rotation": 180, "texture": "#1_texture"}
			}
		},
		{
			"from": [2, -12, 1],
			"to": [6, -9, 2],
			"rotation": {"angle": 0, "axis": "x", "origin": [7, -13, 8]},
			"faces": {
				"north": {"uv": [0.5, 2, 1, 2.5], "rotation": 180, "texture": "#1_texture"},
				"east": {"uv": [0.5, 2, 1, 2.5], "rotation": 90, "texture": "#1_texture"},
				"south": {"uv": [0.5, 2, 1, 2.5], "texture": "#1_texture"},
				"west": {"uv": [0.5, 2, 1, 2.5], "rotation": 270, "texture": "#1_texture"},
				"up": {"uv": [0.5, 2, 1, 2.5], "texture": "#1_texture"},
				"down": {"uv": [0.5, 2, 1, 2.5], "rotation": 180, "texture": "#1_texture"}
			}
		},
		{
			"from": [4, -12, 13],
			"to": [12, -9, 14],
			"rotation": {"angle": 0, "axis": "x", "origin": [7, -13, 8]},
			"faces": {
				"north": {"uv": [0.5, 2, 1, 2.5], "rotation": 180, "texture": "#1_texture"},
				"east": {"uv": [0.5, 2, 1, 2.5], "rotation": 90, "texture": "#1_texture"},
				"south": {"uv": [0.5, 2, 1, 2.5], "texture": "#1_texture"},
				"west": {"uv": [0.5, 2, 1, 2.5], "rotation": 270, "texture": "#1_texture"},
				"up": {"uv": [0.5, 2, 1, 2.5], "texture": "#1_texture"},
				"down": {"uv": [0.5, 2, 1, 2.5], "rotation": 180, "texture": "#1_texture"}
			}
		},
		{
			"from": [2, -12, 12],
			"to": [12, -9, 13],
			"rotation": {"angle": 0, "axis": "x", "origin": [7, -13, 8]},
			"faces": {
				"north": {"uv": [0.5, 2, 1, 2.5], "rotation": 180, "texture": "#1_texture"},
				"east": {"uv": [0.5, 2, 1, 2.5], "rotation": 90, "texture": "#1_texture"},
				"south": {"uv": [0.5, 2, 1, 2.5], "texture": "#1_texture"},
				"west": {"uv": [0.5, 2, 1, 2.5], "rotation": 270, "texture": "#1_texture"},
				"up": {"uv": [0.5, 2, 1, 2.5], "texture": "#1_texture"},
				"down": {"uv": [0.5, 2, 1, 2.5], "rotation": 180, "texture": "#1_texture"}
			}
		},
		{
			"from": [9, -5, 0],
			"to": [15, -2, 2],
			"rotation": {"angle": 0, "axis": "x", "origin": [7, -13, 8]},
			"faces": {
				"north": {"uv": [2, 3.5, 2.5, 4], "rotation": 180, "texture": "#1_texture"},
				"east": {"uv": [2, 3.5, 2.5, 4], "rotation": 90, "texture": "#1_texture"},
				"south": {"uv": [2, 3.5, 2.5, 4], "texture": "#1_texture"},
				"west": {"uv": [2, 3.5, 2.5, 4], "rotation": 270, "texture": "#1_texture"},
				"up": {"uv": [2, 3.5, 2.5, 4], "texture": "#1_texture"},
				"down": {"uv": [2, 3.5, 2.5, 4], "rotation": 180, "texture": "#1_texture"}
			}
		},
		{
			"from": [11, -6, -3],
			"to": [14, -3, -2],
			"rotation": {"angle": 0, "axis": "x", "origin": [7, -13, 8]},
			"faces": {
				"north": {"uv": [0.5, 3.5, 1, 4], "rotation": 180, "texture": "#1_texture"},
				"east": {"uv": [0.5, 3.5, 1, 4], "rotation": 90, "texture": "#1_texture"},
				"south": {"uv": [0.5, 3.5, 1, 4], "texture": "#1_texture"},
				"west": {"uv": [0.5, 3.5, 1, 4], "rotation": 270, "texture": "#1_texture"},
				"up": {"uv": [0.5, 3.5, 1, 4], "texture": "#1_texture"},
				"down": {"uv": [0.5, 3.5, 1, 4], "rotation": 180, "texture": "#1_texture"}
			}
		},
		{
			"from": [7, -12, -1],
			"to": [17, -4, 0],
			"rotation": {"angle": 0, "axis": "x", "origin": [7, -13, 8]},
			"faces": {
				"north": {"uv": [0.5, 2, 1, 2.5], "rotation": 180, "texture": "#1_texture"},
				"east": {"uv": [0.5, 2, 1, 2.5], "rotation": 90, "texture": "#1_texture"},
				"south": {"uv": [0.5, 2, 1, 2.5], "texture": "#1_texture"},
				"west": {"uv": [0.5, 2, 1, 2.5], "rotation": 270, "texture": "#1_texture"},
				"up": {"uv": [0.5, 2, 1, 2.5], "texture": "#1_texture"},
				"down": {"uv": [0.5, 2, 1, 2.5], "rotation": 180, "texture": "#1_texture"}
			}
		},
		{
			"from": [8, -12, -2],
			"to": [16, -4, -1],
			"rotation": {"angle": 0, "axis": "x", "origin": [7, -13, 8]},
			"faces": {
				"north": {"uv": [0.5, 2, 1, 2.5], "rotation": 180, "texture": "#1_texture"},
				"east": {"uv": [0.5, 2, 1, 2.5], "rotation": 90, "texture": "#1_texture"},
				"south": {"uv": [0.5, 2, 1, 2.5], "texture": "#1_texture"},
				"west": {"uv": [0.5, 2, 1, 2.5], "rotation": 270, "texture": "#1_texture"},
				"up": {"uv": [0.5, 2, 1, 2.5], "texture": "#1_texture"},
				"down": {"uv": [0.5, 2, 1, 2.5], "rotation": 180, "texture": "#1_texture"}
			}
		},
		{
			"from": [9, -12, -3],
			"to": [15, -4, -2],
			"rotation": {"angle": 0, "axis": "x", "origin": [7, -13, 8]},
			"faces": {
				"north": {"uv": [0.5, 2, 1, 2.5], "rotation": 180, "texture": "#1_texture"},
				"east": {"uv": [0.5, 2, 1, 2.5], "rotation": 90, "texture": "#1_texture"},
				"south": {"uv": [0.5, 2, 1, 2.5], "texture": "#1_texture"},
				"west": {"uv": [0.5, 2, 1, 2.5], "rotation": 270, "texture": "#1_texture"},
				"up": {"uv": [0.5, 2, 1, 2.5], "texture": "#1_texture"},
				"down": {"uv": [0.5, 2, 1, 2.5], "rotation": 180, "texture": "#1_texture"}
			}
		},
		{
			"from": [-2, -10, 6],
			"to": [0, -5, 7],
			"rotation": {"angle": 0, "axis": "x", "origin": [7, -13, 8]},
			"faces": {
				"north": {"uv": [0.5, 2, 1, 2.5], "rotation": 180, "texture": "#1_texture"},
				"east": {"uv": [0.5, 2, 1, 2.5], "rotation": 90, "texture": "#1_texture"},
				"south": {"uv": [0.5, 2, 1, 2.5], "texture": "#1_texture"},
				"west": {"uv": [0.5, 2, 1, 2.5], "rotation": 270, "texture": "#1_texture"},
				"up": {"uv": [0.5, 2, 1, 2.5], "texture": "#1_texture"},
				"down": {"uv": [0.5, 2, 1, 2.5], "rotation": 180, "texture": "#1_texture"}
			}
		},
		{
			"from": [-1, -10, 10],
			"to": [0, -5, 11],
			"rotation": {"angle": 0, "axis": "x", "origin": [7, -13, 8]},
			"faces": {
				"north": {"uv": [0.5, 2, 1, 2.5], "rotation": 180, "texture": "#1_texture"},
				"east": {"uv": [0.5, 2, 1, 2.5], "rotation": 90, "texture": "#1_texture"},
				"south": {"uv": [0.5, 2, 1, 2.5], "texture": "#1_texture"},
				"west": {"uv": [0.5, 2, 1, 2.5], "rotation": 270, "texture": "#1_texture"},
				"up": {"uv": [0.5, 2, 1, 2.5], "texture": "#1_texture"},
				"down": {"uv": [0.5, 2, 1, 2.5], "rotation": 180, "texture": "#1_texture"}
			}
		},
		{
			"from": [-2, -9, 4],
			"to": [-1, -3, 5],
			"rotation": {"angle": 0, "axis": "x", "origin": [7, -13, 8]},
			"faces": {
				"north": {"uv": [0.5, 2, 1, 2.5], "rotation": 180, "texture": "#1_texture"},
				"east": {"uv": [0.5, 2, 1, 2.5], "rotation": 90, "texture": "#1_texture"},
				"south": {"uv": [0.5, 2, 1, 2.5], "texture": "#1_texture"},
				"west": {"uv": [0.5, 2, 1, 2.5], "rotation": 270, "texture": "#1_texture"},
				"up": {"uv": [0.5, 2, 1, 2.5], "texture": "#1_texture"},
				"down": {"uv": [0.5, 2, 1, 2.5], "rotation": 180, "texture": "#1_texture"}
			}
		},
		{
			"from": [19, -10, 6],
			"to": [20, -4, 7],
			"rotation": {"angle": 0, "axis": "x", "origin": [7, -13, 8]},
			"faces": {
				"north": {"uv": [0.5, 2, 1, 2.5], "rotation": 180, "texture": "#1_texture"},
				"east": {"uv": [0.5, 2, 1, 2.5], "rotation": 90, "texture": "#1_texture"},
				"south": {"uv": [0.5, 2, 1, 2.5], "texture": "#1_texture"},
				"west": {"uv": [0.5, 2, 1, 2.5], "rotation": 270, "texture": "#1_texture"},
				"up": {"uv": [0.5, 2, 1, 2.5], "texture": "#1_texture"},
				"down": {"uv": [0.5, 2, 1, 2.5], "rotation": 180, "texture": "#1_texture"}
			}
		},
		{
			"from": [-1, -9, 3],
			"to": [0, -3, 4],
			"rotation": {"angle": 0, "axis": "x", "origin": [7, -13, 8]},
			"faces": {
				"north": {"uv": [0.5, 2, 1, 2.5], "rotation": 180, "texture": "#1_texture"},
				"east": {"uv": [0.5, 2, 1, 2.5], "rotation": 90, "texture": "#1_texture"},
				"south": {"uv": [0.5, 2, 1, 2.5], "texture": "#1_texture"},
				"west": {"uv": [0.5, 2, 1, 2.5], "rotation": 270, "texture": "#1_texture"},
				"up": {"uv": [0.5, 2, 1, 2.5], "texture": "#1_texture"},
				"down": {"uv": [0.5, 2, 1, 2.5], "rotation": 180, "texture": "#1_texture"}
			}
		},
		{
			"from": [20, -10, 5],
			"to": [21, -4, 6],
			"rotation": {"angle": 0, "axis": "x", "origin": [7, -13, 8]},
			"faces": {
				"north": {"uv": [0.5, 2, 1, 2.5], "rotation": 180, "texture": "#1_texture"},
				"east": {"uv": [0.5, 2, 1, 2.5], "rotation": 90, "texture": "#1_texture"},
				"south": {"uv": [0.5, 2, 1, 2.5], "texture": "#1_texture"},
				"west": {"uv": [0.5, 2, 1, 2.5], "rotation": 270, "texture": "#1_texture"},
				"up": {"uv": [0.5, 2, 1, 2.5], "texture": "#1_texture"},
				"down": {"uv": [0.5, 2, 1, 2.5], "rotation": 180, "texture": "#1_texture"}
			}
		},
		{
			"from": [-3, -9, 3],
			"to": [-2, -3, 4],
			"rotation": {"angle": 0, "axis": "x", "origin": [7, -13, 8]},
			"faces": {
				"north": {"uv": [0.5, 2, 1, 2.5], "rotation": 180, "texture": "#1_texture"},
				"east": {"uv": [0.5, 2, 1, 2.5], "rotation": 90, "texture": "#1_texture"},
				"south": {"uv": [0.5, 2, 1, 2.5], "texture": "#1_texture"},
				"west": {"uv": [0.5, 2, 1, 2.5], "rotation": 270, "texture": "#1_texture"},
				"up": {"uv": [0.5, 2, 1, 2.5], "texture": "#1_texture"},
				"down": {"uv": [0.5, 2, 1, 2.5], "rotation": 180, "texture": "#1_texture"}
			}
		},
		{
			"from": [18, -10, 5],
			"to": [19, -4, 6],
			"rotation": {"angle": 0, "axis": "x", "origin": [7, -13, 8]},
			"faces": {
				"north": {"uv": [0.5, 2, 1, 2.5], "rotation": 180, "texture": "#1_texture"},
				"east": {"uv": [0.5, 2, 1, 2.5], "rotation": 90, "texture": "#1_texture"},
				"south": {"uv": [0.5, 2, 1, 2.5], "texture": "#1_texture"},
				"west": {"uv": [0.5, 2, 1, 2.5], "rotation": 270, "texture": "#1_texture"},
				"up": {"uv": [0.5, 2, 1, 2.5], "texture": "#1_texture"},
				"down": {"uv": [0.5, 2, 1, 2.5], "rotation": 180, "texture": "#1_texture"}
			}
		},
		{
			"from": [-2, -9, 2],
			"to": [-1, -3, 3],
			"rotation": {"angle": 0, "axis": "x", "origin": [7, -13, 8]},
			"faces": {
				"north": {"uv": [0.5, 2, 1, 2.5], "rotation": 180, "texture": "#1_texture"},
				"east": {"uv": [0.5, 2, 1, 2.5], "rotation": 90, "texture": "#1_texture"},
				"south": {"uv": [0.5, 2, 1, 2.5], "texture": "#1_texture"},
				"west": {"uv": [0.5, 2, 1, 2.5], "rotation": 270, "texture": "#1_texture"},
				"up": {"uv": [0.5, 2, 1, 2.5], "texture": "#1_texture"},
				"down": {"uv": [0.5, 2, 1, 2.5], "rotation": 180, "texture": "#1_texture"}
			}
		},
		{
			"from": [19, -10, 4],
			"to": [20, -4, 5],
			"rotation": {"angle": 0, "axis": "x", "origin": [7, -13, 8]},
			"faces": {
				"north": {"uv": [0.5, 2, 1, 2.5], "rotation": 180, "texture": "#1_texture"},
				"east": {"uv": [0.5, 2, 1, 2.5], "rotation": 90, "texture": "#1_texture"},
				"south": {"uv": [0.5, 2, 1, 2.5], "texture": "#1_texture"},
				"west": {"uv": [0.5, 2, 1, 2.5], "rotation": 270, "texture": "#1_texture"},
				"up": {"uv": [0.5, 2, 1, 2.5], "texture": "#1_texture"},
				"down": {"uv": [0.5, 2, 1, 2.5], "rotation": 180, "texture": "#1_texture"}
			}
		},
		{
			"from": [-1, -12, 1],
			"to": [1, -4, 3],
			"rotation": {"angle": 0, "axis": "x", "origin": [7, -13, 8]},
			"faces": {
				"north": {"uv": [0.5, 2, 1, 2.5], "rotation": 180, "texture": "#1_texture"},
				"east": {"uv": [0.5, 2, 1, 2.5], "rotation": 90, "texture": "#1_texture"},
				"south": {"uv": [0.5, 2, 1, 2.5], "texture": "#1_texture"},
				"west": {"uv": [0.5, 2, 1, 2.5], "rotation": 270, "texture": "#1_texture"},
				"up": {"uv": [0.5, 2, 1, 2.5], "texture": "#1_texture"},
				"down": {"uv": [0.5, 2, 1, 2.5], "rotation": 180, "texture": "#1_texture"}
			}
		},
		{
			"from": [-1, -10, 7],
			"to": [0, -7, 10],
			"rotation": {"angle": 0, "axis": "x", "origin": [7, -13, 8]},
			"faces": {
				"north": {"uv": [0.5, 2, 1, 2.5], "rotation": 180, "texture": "#1_texture"},
				"east": {"uv": [0.5, 2, 1, 2.5], "rotation": 90, "texture": "#1_texture"},
				"south": {"uv": [0.5, 2, 1, 2.5], "texture": "#1_texture"},
				"west": {"uv": [0.5, 2, 1, 2.5], "rotation": 270, "texture": "#1_texture"},
				"up": {"uv": [0.5, 2, 1, 2.5], "texture": "#1_texture"},
				"down": {"uv": [0.5, 2, 1, 2.5], "rotation": 180, "texture": "#1_texture"}
			}
		},
		{
			"from": [14, -10, 7],
			"to": [15, -7, 10],
			"rotation": {"angle": 0, "axis": "x", "origin": [7, -13, 8]},
			"faces": {
				"north": {"uv": [0.5, 2, 1, 2.5], "rotation": 180, "texture": "#1_texture"},
				"east": {"uv": [0.5, 2, 1, 2.5], "rotation": 90, "texture": "#1_texture"},
				"south": {"uv": [0.5, 2, 1, 2.5], "texture": "#1_texture"},
				"west": {"uv": [0.5, 2, 1, 2.5], "rotation": 270, "texture": "#1_texture"},
				"up": {"uv": [0.5, 2, 1, 2.5], "texture": "#1_texture"},
				"down": {"uv": [0.5, 2, 1, 2.5], "rotation": 180, "texture": "#1_texture"}
			}
		},
		{
			"from": [15, -10, 6],
			"to": [16, -7, 9],
			"rotation": {"angle": 0, "axis": "x", "origin": [7, -13, 8]},
			"faces": {
				"north": {"uv": [0.5, 2, 1, 2.5], "rotation": 180, "texture": "#1_texture"},
				"east": {"uv": [0.5, 2, 1, 2.5], "rotation": 90, "texture": "#1_texture"},
				"south": {"uv": [0.5, 2, 1, 2.5], "texture": "#1_texture"},
				"west": {"uv": [0.5, 2, 1, 2.5], "rotation": 270, "texture": "#1_texture"},
				"up": {"uv": [0.5, 2, 1, 2.5], "texture": "#1_texture"},
				"down": {"uv": [0.5, 2, 1, 2.5], "rotation": 180, "texture": "#1_texture"}
			}
		},
		{
			"from": [14, -10, 10],
			"to": [15, -5, 13],
			"rotation": {"angle": 0, "axis": "x", "origin": [7, -13, 8]},
			"faces": {
				"north": {"uv": [0.5, 2, 1, 2.5], "rotation": 180, "texture": "#1_texture"},
				"east": {"uv": [0.5, 2, 1, 2.5], "rotation": 90, "texture": "#1_texture"},
				"south": {"uv": [0.5, 2, 1, 2.5], "texture": "#1_texture"},
				"west": {"uv": [0.5, 2, 1, 2.5], "rotation": 270, "texture": "#1_texture"},
				"up": {"uv": [0.5, 2, 1, 2.5], "texture": "#1_texture"},
				"down": {"uv": [0.5, 2, 1, 2.5], "rotation": 180, "texture": "#1_texture"}
			}
		},
		{
			"from": [14, -10, 6],
			"to": [15, -5, 7],
			"rotation": {"angle": 0, "axis": "x", "origin": [7, -13, 8]},
			"faces": {
				"north": {"uv": [0.5, 2, 1, 2.5], "rotation": 180, "texture": "#1_texture"},
				"east": {"uv": [0.5, 2, 1, 2.5], "rotation": 90, "texture": "#1_texture"},
				"south": {"uv": [0.5, 2, 1, 2.5], "texture": "#1_texture"},
				"west": {"uv": [0.5, 2, 1, 2.5], "rotation": 270, "texture": "#1_texture"},
				"up": {"uv": [0.5, 2, 1, 2.5], "texture": "#1_texture"},
				"down": {"uv": [0.5, 2, 1, 2.5], "rotation": 180, "texture": "#1_texture"}
			}
		},
		{
			"from": [15, -10, 9],
			"to": [16, -5, 12],
			"rotation": {"angle": 0, "axis": "x", "origin": [7, -13, 8]},
			"faces": {
				"north": {"uv": [0.5, 2, 1, 2.5], "rotation": 180, "texture": "#1_texture"},
				"east": {"uv": [0.5, 2, 1, 2.5], "rotation": 90, "texture": "#1_texture"},
				"south": {"uv": [0.5, 2, 1, 2.5], "texture": "#1_texture"},
				"west": {"uv": [0.5, 2, 1, 2.5], "rotation": 270, "texture": "#1_texture"},
				"up": {"uv": [0.5, 2, 1, 2.5], "texture": "#1_texture"},
				"down": {"uv": [0.5, 2, 1, 2.5], "rotation": 180, "texture": "#1_texture"}
			}
		},
		{
			"from": [15, -10, 5],
			"to": [16, -5, 6],
			"rotation": {"angle": 0, "axis": "x", "origin": [7, -13, 8]},
			"faces": {
				"north": {"uv": [0.5, 2, 1, 2.5], "rotation": 180, "texture": "#1_texture"},
				"east": {"uv": [0.5, 2, 1, 2.5], "rotation": 90, "texture": "#1_texture"},
				"south": {"uv": [0.5, 2, 1, 2.5], "texture": "#1_texture"},
				"west": {"uv": [0.5, 2, 1, 2.5], "rotation": 270, "texture": "#1_texture"},
				"up": {"uv": [0.5, 2, 1, 2.5], "texture": "#1_texture"},
				"down": {"uv": [0.5, 2, 1, 2.5], "rotation": 180, "texture": "#1_texture"}
			}
		},
		{
			"from": [16, -10, 6],
			"to": [17, -5, 9],
			"rotation": {"angle": 0, "axis": "x", "origin": [7, -13, 8]},
			"faces": {
				"north": {"uv": [0.5, 2, 1, 2.5], "rotation": 180, "texture": "#1_texture"},
				"east": {"uv": [0.5, 2, 1, 2.5], "rotation": 90, "texture": "#1_texture"},
				"south": {"uv": [0.5, 2, 1, 2.5], "texture": "#1_texture"},
				"west": {"uv": [0.5, 2, 1, 2.5], "rotation": 270, "texture": "#1_texture"},
				"up": {"uv": [0.5, 2, 1, 2.5], "texture": "#1_texture"},
				"down": {"uv": [0.5, 2, 1, 2.5], "rotation": 180, "texture": "#1_texture"}
			}
		},
		{
			"from": [-2, -10, 7],
			"to": [-1, -5, 10],
			"rotation": {"angle": 0, "axis": "x", "origin": [7, -13, 8]},
			"faces": {
				"north": {"uv": [0.5, 2, 1, 2.5], "rotation": 180, "texture": "#1_texture"},
				"east": {"uv": [0.5, 2, 1, 2.5], "rotation": 90, "texture": "#1_texture"},
				"south": {"uv": [0.5, 2, 1, 2.5], "texture": "#1_texture"},
				"west": {"uv": [0.5, 2, 1, 2.5], "rotation": 270, "texture": "#1_texture"},
				"up": {"uv": [0.5, 2, 1, 2.5], "texture": "#1_texture"},
				"down": {"uv": [0.5, 2, 1, 2.5], "rotation": 180, "texture": "#1_texture"}
			}
		},
		{
			"from": [2, -12, 5],
			"to": [12, -4, 12],
			"rotation": {"angle": 0, "axis": "x", "origin": [7, -13, 8]},
			"faces": {
				"north": {"uv": [0.5, 2, 1, 2.5], "rotation": 180, "texture": "#1_texture"},
				"east": {"uv": [0.5, 2, 1, 2.5], "rotation": 90, "texture": "#1_texture"},
				"south": {"uv": [0.5, 2, 1, 2.5], "texture": "#1_texture"},
				"west": {"uv": [0.5, 2, 1, 2.5], "rotation": 270, "texture": "#1_texture"},
				"up": {"uv": [0.5, 2, 1, 2.5], "texture": "#1_texture"},
				"down": {"uv": [0.5, 2, 1, 2.5], "rotation": 180, "texture": "#1_texture"}
			}
		},
		{
			"from": [10, -12, 14],
			"to": [13, -4, 15],
			"rotation": {"angle": 0, "axis": "x", "origin": [7, -13, 8]},
			"faces": {
				"north": {"uv": [0.5, 2, 1, 2.5], "rotation": 180, "texture": "#1_texture"},
				"east": {"uv": [0.5, 2, 1, 2.5], "rotation": 90, "texture": "#1_texture"},
				"south": {"uv": [0.5, 2, 1, 2.5], "texture": "#1_texture"},
				"west": {"uv": [0.5, 2, 1, 2.5], "rotation": 270, "texture": "#1_texture"},
				"up": {"uv": [0.5, 2, 1, 2.5], "texture": "#1_texture"},
				"down": {"uv": [0.5, 2, 1, 2.5], "rotation": 180, "texture": "#1_texture"}
			}
		},
		{
			"from": [12, -12, 12],
			"to": [14, -4, 14],
			"rotation": {"angle": 0, "axis": "x", "origin": [7, -13, 8]},
			"faces": {
				"north": {"uv": [0.5, 2, 1, 2.5], "rotation": 180, "texture": "#1_texture"},
				"east": {"uv": [0.5, 2, 1, 2.5], "rotation": 90, "texture": "#1_texture"},
				"south": {"uv": [0.5, 2, 1, 2.5], "texture": "#1_texture"},
				"west": {"uv": [0.5, 2, 1, 2.5], "rotation": 270, "texture": "#1_texture"},
				"up": {"uv": [0.5, 2, 1, 2.5], "texture": "#1_texture"},
				"down": {"uv": [0.5, 2, 1, 2.5], "rotation": 180, "texture": "#1_texture"}
			}
		},
		{
			"from": [13, -12, 7],
			"to": [14, -4, 12],
			"rotation": {"angle": 0, "axis": "x", "origin": [7, -13, 8]},
			"faces": {
				"north": {"uv": [0.5, 2, 1, 2.5], "rotation": 180, "texture": "#1_texture"},
				"east": {"uv": [0.5, 2, 1, 2.5], "rotation": 90, "texture": "#1_texture"},
				"south": {"uv": [0.5, 2, 1, 2.5], "texture": "#1_texture"},
				"west": {"uv": [0.5, 2, 1, 2.5], "rotation": 270, "texture": "#1_texture"},
				"up": {"uv": [0.5, 2, 1, 2.5], "texture": "#1_texture"},
				"down": {"uv": [0.5, 2, 1, 2.5], "rotation": 180, "texture": "#1_texture"}
			}
		},
		{
			"from": [12, -12, 7],
			"to": [13, -4, 12],
			"rotation": {"angle": 0, "axis": "x", "origin": [7, -13, 8]},
			"faces": {
				"north": {"uv": [0.5, 2, 1, 2.5], "rotation": 180, "texture": "#1_texture"},
				"east": {"uv": [0.5, 2, 1, 2.5], "rotation": 90, "texture": "#1_texture"},
				"south": {"uv": [0.5, 2, 1, 2.5], "texture": "#1_texture"},
				"west": {"uv": [0.5, 2, 1, 2.5], "rotation": 270, "texture": "#1_texture"},
				"up": {"uv": [0.5, 2, 1, 2.5], "texture": "#1_texture"},
				"down": {"uv": [0.5, 2, 1, 2.5], "rotation": 180, "texture": "#1_texture"}
			}
		},
		{
			"from": [12, -6, 6],
			"to": [14, -3, 7],
			"rotation": {"angle": 0, "axis": "x", "origin": [7, -13, 8]},
			"faces": {
				"north": {"uv": [0.5, 3.5, 1, 4], "rotation": 180, "texture": "#1_texture"},
				"east": {"uv": [0.5, 3.5, 1, 4], "rotation": 90, "texture": "#1_texture"},
				"south": {"uv": [0.5, 3.5, 1, 4], "texture": "#1_texture"},
				"west": {"uv": [0.5, 3.5, 1, 4], "rotation": 270, "texture": "#1_texture"},
				"up": {"uv": [0.5, 3.5, 1, 4], "texture": "#1_texture"},
				"down": {"uv": [0.5, 3.5, 1, 4], "rotation": 180, "texture": "#1_texture"}
			}
		},
		{
			"from": [12, -12, 6],
			"to": [14, -4, 7],
			"rotation": {"angle": 0, "axis": "x", "origin": [7, -13, 8]},
			"faces": {
				"north": {"uv": [0.5, 2, 1, 2.5], "rotation": 180, "texture": "#1_texture"},
				"east": {"uv": [0.5, 2, 1, 2.5], "rotation": 90, "texture": "#1_texture"},
				"south": {"uv": [0.5, 2, 1, 2.5], "texture": "#1_texture"},
				"west": {"uv": [0.5, 2, 1, 2.5], "rotation": 270, "texture": "#1_texture"},
				"up": {"uv": [0.5, 2, 1, 2.5], "texture": "#1_texture"},
				"down": {"uv": [0.5, 2, 1, 2.5], "rotation": 180, "texture": "#1_texture"}
			}
		},
		{
			"from": [11, -6, 5],
			"to": [15, -3, 6],
			"rotation": {"angle": 0, "axis": "x", "origin": [7, -13, 8]},
			"faces": {
				"north": {"uv": [0.5, 3.5, 1, 4], "rotation": 180, "texture": "#1_texture"},
				"east": {"uv": [0.5, 3.5, 1, 4], "rotation": 90, "texture": "#1_texture"},
				"south": {"uv": [0.5, 3.5, 1, 4], "texture": "#1_texture"},
				"west": {"uv": [0.5, 3.5, 1, 4], "rotation": 270, "texture": "#1_texture"},
				"up": {"uv": [0.5, 3.5, 1, 4], "texture": "#1_texture"},
				"down": {"uv": [0.5, 3.5, 1, 4], "rotation": 180, "texture": "#1_texture"}
			}
		},
		{
			"from": [12, -12, 5],
			"to": [15, -4, 6],
			"rotation": {"angle": 0, "axis": "x", "origin": [7, -13, 8]},
			"faces": {
				"north": {"uv": [0.5, 2, 1, 2.5], "rotation": 180, "texture": "#1_texture"},
				"east": {"uv": [0.5, 2, 1, 2.5], "rotation": 90, "texture": "#1_texture"},
				"south": {"uv": [0.5, 2, 1, 2.5], "texture": "#1_texture"},
				"west": {"uv": [0.5, 2, 1, 2.5], "rotation": 270, "texture": "#1_texture"},
				"up": {"uv": [0.5, 2, 1, 2.5], "texture": "#1_texture"},
				"down": {"uv": [0.5, 2, 1, 2.5], "rotation": 180, "texture": "#1_texture"}
			}
		},
		{
			"from": [4, -12, 14],
			"to": [10, -5, 15],
			"rotation": {"angle": 0, "axis": "x", "origin": [7, -13, 8]},
			"faces": {
				"north": {"uv": [0.5, 2, 1, 2.5], "rotation": 180, "texture": "#1_texture"},
				"east": {"uv": [0.5, 2, 1, 2.5], "rotation": 90, "texture": "#1_texture"},
				"south": {"uv": [0.5, 2, 1, 2.5], "texture": "#1_texture"},
				"west": {"uv": [0.5, 2, 1, 2.5], "rotation": 270, "texture": "#1_texture"},
				"up": {"uv": [0.5, 2, 1, 2.5], "texture": "#1_texture"},
				"down": {"uv": [0.5, 2, 1, 2.5], "rotation": 180, "texture": "#1_texture"}
			}
		},
		{
			"from": [9, -11, 13],
			"to": [10, -5, 14],
			"rotation": {"angle": 0, "axis": "x", "origin": [7, -13, 8]},
			"faces": {
				"north": {"uv": [0.5, 2, 1, 2.5], "rotation": 180, "texture": "#1_texture"},
				"east": {"uv": [0.5, 2, 1, 2.5], "rotation": 90, "texture": "#1_texture"},
				"south": {"uv": [0.5, 2, 1, 2.5], "texture": "#1_texture"},
				"west": {"uv": [0.5, 2, 1, 2.5], "rotation": 270, "texture": "#1_texture"},
				"up": {"uv": [0.5, 2, 1, 2.5], "texture": "#1_texture"},
				"down": {"uv": [0.5, 2, 1, 2.5], "rotation": 180, "texture": "#1_texture"}
			}
		},
		{
			"from": [4, -7, 12],
			"to": [6, -4, 14],
			"rotation": {"angle": 0, "axis": "x", "origin": [7, -13, 8]},
			"faces": {
				"north": {"uv": [0.5, 2, 1, 2.5], "rotation": 180, "texture": "#1_texture"},
				"east": {"uv": [0.5, 2, 1, 2.5], "rotation": 90, "texture": "#1_texture"},
				"south": {"uv": [0.5, 2, 1, 2.5], "texture": "#1_texture"},
				"west": {"uv": [0.5, 2, 1, 2.5], "rotation": 270, "texture": "#1_texture"},
				"up": {"uv": [0.5, 2, 1, 2.5], "texture": "#1_texture"},
				"down": {"uv": [0.5, 2, 1, 2.5], "rotation": 180, "texture": "#1_texture"}
			}
		},
		{
			"from": [7, -7, 13],
			"to": [9, -4, 14],
			"rotation": {"angle": 0, "axis": "x", "origin": [7, -13, 8]},
			"faces": {
				"north": {"uv": [0.5, 2, 1, 2.5], "rotation": 180, "texture": "#1_texture"},
				"east": {"uv": [0.5, 2, 1, 2.5], "rotation": 90, "texture": "#1_texture"},
				"south": {"uv": [0.5, 2, 1, 2.5], "texture": "#1_texture"},
				"west": {"uv": [0.5, 2, 1, 2.5], "rotation": 270, "texture": "#1_texture"},
				"up": {"uv": [0.5, 2, 1, 2.5], "texture": "#1_texture"},
				"down": {"uv": [0.5, 2, 1, 2.5], "rotation": 180, "texture": "#1_texture"}
			}
		},
		{
			"from": [7, -7, 12],
			"to": [8, -4, 13],
			"rotation": {"angle": 0, "axis": "x", "origin": [7, -13, 8]},
			"faces": {
				"north": {"uv": [0.5, 2, 1, 2.5], "rotation": 180, "texture": "#1_texture"},
				"east": {"uv": [0.5, 2, 1, 2.5], "rotation": 90, "texture": "#1_texture"},
				"south": {"uv": [0.5, 2, 1, 2.5], "texture": "#1_texture"},
				"west": {"uv": [0.5, 2, 1, 2.5], "rotation": 270, "texture": "#1_texture"},
				"up": {"uv": [0.5, 2, 1, 2.5], "texture": "#1_texture"},
				"down": {"uv": [0.5, 2, 1, 2.5], "rotation": 180, "texture": "#1_texture"}
			}
		},
		{
			"from": [9, -7, 12],
			"to": [10, -4, 13],
			"rotation": {"angle": 0, "axis": "x", "origin": [7, -13, 8]},
			"faces": {
				"north": {"uv": [0.5, 2, 1, 2.5], "rotation": 180, "texture": "#1_texture"},
				"east": {"uv": [0.5, 2, 1, 2.5], "rotation": 90, "texture": "#1_texture"},
				"south": {"uv": [0.5, 2, 1, 2.5], "texture": "#1_texture"},
				"west": {"uv": [0.5, 2, 1, 2.5], "rotation": 270, "texture": "#1_texture"},
				"up": {"uv": [0.5, 2, 1, 2.5], "texture": "#1_texture"},
				"down": {"uv": [0.5, 2, 1, 2.5], "rotation": 180, "texture": "#1_texture"}
			}
		},
		{
			"from": [10, -11, 12],
			"to": [11, -5, 13],
			"rotation": {"angle": 0, "axis": "x", "origin": [7, -13, 8]},
			"faces": {
				"north": {"uv": [0.5, 2, 1, 2.5], "rotation": 180, "texture": "#1_texture"},
				"east": {"uv": [0.5, 2, 1, 2.5], "rotation": 90, "texture": "#1_texture"},
				"south": {"uv": [0.5, 2, 1, 2.5], "texture": "#1_texture"},
				"west": {"uv": [0.5, 2, 1, 2.5], "rotation": 270, "texture": "#1_texture"},
				"up": {"uv": [0.5, 2, 1, 2.5], "texture": "#1_texture"},
				"down": {"uv": [0.5, 2, 1, 2.5], "rotation": 180, "texture": "#1_texture"}
			}
		},
		{
			"from": [4, -5, 15],
			"to": [9, -3, 16],
			"rotation": {"angle": 0, "axis": "x", "origin": [7, -11, 8]},
			"faces": {
				"north": {"uv": [0.5, 0.5, 1, 1], "rotation": 180, "texture": "#1_texture"},
				"east": {"uv": [0.5, 0.5, 1, 1], "rotation": 90, "texture": "#1_texture"},
				"south": {"uv": [0.5, 0.5, 1, 1], "texture": "#1_texture"},
				"west": {"uv": [0.5, 0.5, 1, 1], "rotation": 270, "texture": "#1_texture"},
				"up": {"uv": [0.5, 0.5, 1, 1], "texture": "#1_texture"},
				"down": {"uv": [0.5, 0.5, 1, 1], "rotation": 180, "texture": "#1_texture"}
			}
		},
		{
			"from": [4, -4, 5],
			"to": [9, -3, 6],
			"rotation": {"angle": 0, "axis": "x", "origin": [7, -11, 8]},
			"faces": {
				"north": {"uv": [0.5, 0.5, 1, 1], "rotation": 180, "texture": "#1_texture"},
				"east": {"uv": [0.5, 0.5, 1, 1], "rotation": 90, "texture": "#1_texture"},
				"south": {"uv": [0.5, 0.5, 1, 1], "texture": "#1_texture"},
				"west": {"uv": [0.5, 0.5, 1, 1], "rotation": 270, "texture": "#1_texture"},
				"up": {"uv": [0.5, 0.5, 1, 1], "texture": "#1_texture"},
				"down": {"uv": [0.5, 0.5, 1, 1], "rotation": 180, "texture": "#1_texture"}
			}
		},
		{
			"from": [3, -4, 6],
			"to": [8, -3, 7],
			"rotation": {"angle": 0, "axis": "x", "origin": [7, -11, 8]},
			"faces": {
				"north": {"uv": [0.5, 0.5, 1, 1], "rotation": 180, "texture": "#1_texture"},
				"east": {"uv": [0.5, 0.5, 1, 1], "rotation": 90, "texture": "#1_texture"},
				"south": {"uv": [0.5, 0.5, 1, 1], "texture": "#1_texture"},
				"west": {"uv": [0.5, 0.5, 1, 1], "rotation": 270, "texture": "#1_texture"},
				"up": {"uv": [0.5, 0.5, 1, 1], "texture": "#1_texture"},
				"down": {"uv": [0.5, 0.5, 1, 1], "rotation": 180, "texture": "#1_texture"}
			}
		},
		{
			"from": [4, -4, 7],
			"to": [8, -3, 8],
			"rotation": {"angle": 0, "axis": "x", "origin": [7, -11, 8]},
			"faces": {
				"north": {"uv": [0.5, 0.5, 1, 1], "rotation": 180, "texture": "#1_texture"},
				"east": {"uv": [0.5, 0.5, 1, 1], "rotation": 90, "texture": "#1_texture"},
				"south": {"uv": [0.5, 0.5, 1, 1], "texture": "#1_texture"},
				"west": {"uv": [0.5, 0.5, 1, 1], "rotation": 270, "texture": "#1_texture"},
				"up": {"uv": [0.5, 0.5, 1, 1], "texture": "#1_texture"},
				"down": {"uv": [0.5, 0.5, 1, 1], "rotation": 180, "texture": "#1_texture"}
			}
		},
		{
			"from": [4, -4, 10],
			"to": [8, -3, 11],
			"rotation": {"angle": 0, "axis": "x", "origin": [7, -11, 8]},
			"faces": {
				"north": {"uv": [0.5, 0.5, 1, 1], "rotation": 180, "texture": "#1_texture"},
				"east": {"uv": [0.5, 0.5, 1, 1], "rotation": 90, "texture": "#1_texture"},
				"south": {"uv": [0.5, 0.5, 1, 1], "texture": "#1_texture"},
				"west": {"uv": [0.5, 0.5, 1, 1], "rotation": 270, "texture": "#1_texture"},
				"up": {"uv": [0.5, 0.5, 1, 1], "texture": "#1_texture"},
				"down": {"uv": [0.5, 0.5, 1, 1], "rotation": 180, "texture": "#1_texture"}
			}
		},
		{
			"from": [3, -4, 11],
			"to": [9, -3, 12],
			"rotation": {"angle": 0, "axis": "x", "origin": [7, -11, 8]},
			"faces": {
				"north": {"uv": [0.5, 0.5, 1, 1], "rotation": 180, "texture": "#1_texture"},
				"east": {"uv": [0.5, 0.5, 1, 1], "rotation": 90, "texture": "#1_texture"},
				"south": {"uv": [0.5, 0.5, 1, 1], "texture": "#1_texture"},
				"west": {"uv": [0.5, 0.5, 1, 1], "rotation": 270, "texture": "#1_texture"},
				"up": {"uv": [0.5, 0.5, 1, 1], "texture": "#1_texture"},
				"down": {"uv": [0.5, 0.5, 1, 1], "rotation": 180, "texture": "#1_texture"}
			}
		},
		{
			"from": [3, -5, 14],
			"to": [5, -3, 15],
			"rotation": {"angle": 0, "axis": "x", "origin": [7, -11, 8]},
			"faces": {
				"north": {"uv": [0.5, 0.5, 1, 1], "rotation": 180, "texture": "#1_texture"},
				"east": {"uv": [0.5, 0.5, 1, 1], "rotation": 90, "texture": "#1_texture"},
				"south": {"uv": [0.5, 0.5, 1, 1], "texture": "#1_texture"},
				"west": {"uv": [0.5, 0.5, 1, 1], "rotation": 270, "texture": "#1_texture"},
				"up": {"uv": [0.5, 0.5, 1, 1], "texture": "#1_texture"},
				"down": {"uv": [0.5, 0.5, 1, 1], "rotation": 180, "texture": "#1_texture"}
			}
		},
		{
			"from": [10, -4, 7],
			"to": [12, -3, 8],
			"rotation": {"angle": 0, "axis": "x", "origin": [7, -11, 8]},
			"faces": {
				"north": {"uv": [0.5, 0.5, 1, 1], "rotation": 180, "texture": "#1_texture"},
				"east": {"uv": [0.5, 0.5, 1, 1], "rotation": 90, "texture": "#1_texture"},
				"south": {"uv": [0.5, 0.5, 1, 1], "texture": "#1_texture"},
				"west": {"uv": [0.5, 0.5, 1, 1], "rotation": 270, "texture": "#1_texture"},
				"up": {"uv": [0.5, 0.5, 1, 1], "texture": "#1_texture"},
				"down": {"uv": [0.5, 0.5, 1, 1], "rotation": 180, "texture": "#1_texture"}
			}
		},
		{
			"from": [5, -4, 8],
			"to": [7, -3, 9],
			"rotation": {"angle": 0, "axis": "x", "origin": [7, -11, 8]},
			"faces": {
				"north": {"uv": [0.5, 0.5, 1, 1], "rotation": 180, "texture": "#1_texture"},
				"east": {"uv": [0.5, 0.5, 1, 1], "rotation": 90, "texture": "#1_texture"},
				"south": {"uv": [0.5, 0.5, 1, 1], "texture": "#1_texture"},
				"west": {"uv": [0.5, 0.5, 1, 1], "rotation": 270, "texture": "#1_texture"},
				"up": {"uv": [0.5, 0.5, 1, 1], "texture": "#1_texture"},
				"down": {"uv": [0.5, 0.5, 1, 1], "rotation": 180, "texture": "#1_texture"}
			}
		},
		{
			"from": [5, -4, 12],
			"to": [7, -3, 13],
			"rotation": {"angle": 0, "axis": "x", "origin": [7, -11, 8]},
			"faces": {
				"north": {"uv": [0.5, 0.5, 1, 1], "rotation": 180, "texture": "#1_texture"},
				"east": {"uv": [0.5, 0.5, 1, 1], "rotation": 90, "texture": "#1_texture"},
				"south": {"uv": [0.5, 0.5, 1, 1], "texture": "#1_texture"},
				"west": {"uv": [0.5, 0.5, 1, 1], "rotation": 270, "texture": "#1_texture"},
				"up": {"uv": [0.5, 0.5, 1, 1], "texture": "#1_texture"},
				"down": {"uv": [0.5, 0.5, 1, 1], "rotation": 180, "texture": "#1_texture"}
			}
		},
		{
			"from": [9, -5, 14],
			"to": [11, -3, 15],
			"rotation": {"angle": 0, "axis": "x", "origin": [7, -11, 8]},
			"faces": {
				"north": {"uv": [0.5, 0.5, 1, 1], "rotation": 180, "texture": "#1_texture"},
				"east": {"uv": [0.5, 0.5, 1, 1], "rotation": 90, "texture": "#1_texture"},
				"south": {"uv": [0.5, 0.5, 1, 1], "texture": "#1_texture"},
				"west": {"uv": [0.5, 0.5, 1, 1], "rotation": 270, "texture": "#1_texture"},
				"up": {"uv": [0.5, 0.5, 1, 1], "texture": "#1_texture"},
				"down": {"uv": [0.5, 0.5, 1, 1], "rotation": 180, "texture": "#1_texture"}
			}
		},
		{
			"from": [2, -4, 13],
			"to": [4, -3, 14],
			"rotation": {"angle": 0, "axis": "x", "origin": [7, -11, 8]},
			"faces": {
				"north": {"uv": [0.5, 0.5, 1, 1], "rotation": 180, "texture": "#1_texture"},
				"east": {"uv": [0.5, 0.5, 1, 1], "rotation": 90, "texture": "#1_texture"},
				"south": {"uv": [0.5, 0.5, 1, 1], "texture": "#1_texture"},
				"west": {"uv": [0.5, 0.5, 1, 1], "rotation": 270, "texture": "#1_texture"},
				"up": {"uv": [0.5, 0.5, 1, 1], "texture": "#1_texture"},
				"down": {"uv": [0.5, 0.5, 1, 1], "rotation": 180, "texture": "#1_texture"}
			}
		},
		{
			"from": [9, -4, 6],
			"to": [11, -3, 7],
			"rotation": {"angle": 0, "axis": "x", "origin": [7, -11, 8]},
			"faces": {
				"north": {"uv": [0.5, 0.5, 1, 1], "rotation": 180, "texture": "#1_texture"},
				"east": {"uv": [0.5, 0.5, 1, 1], "rotation": 90, "texture": "#1_texture"},
				"south": {"uv": [0.5, 0.5, 1, 1], "texture": "#1_texture"},
				"west": {"uv": [0.5, 0.5, 1, 1], "rotation": 270, "texture": "#1_texture"},
				"up": {"uv": [0.5, 0.5, 1, 1], "texture": "#1_texture"},
				"down": {"uv": [0.5, 0.5, 1, 1], "rotation": 180, "texture": "#1_texture"}
			}
		},
		{
			"from": [10, -5, 13],
			"to": [12, -3, 14],
			"rotation": {"angle": 0, "axis": "x", "origin": [7, -11, 8]},
			"faces": {
				"north": {"uv": [0.5, 0.5, 1, 1], "rotation": 180, "texture": "#1_texture"},
				"east": {"uv": [0.5, 0.5, 1, 1], "rotation": 90, "texture": "#1_texture"},
				"south": {"uv": [0.5, 0.5, 1, 1], "texture": "#1_texture"},
				"west": {"uv": [0.5, 0.5, 1, 1], "rotation": 270, "texture": "#1_texture"},
				"up": {"uv": [0.5, 0.5, 1, 1], "texture": "#1_texture"},
				"down": {"uv": [0.5, 0.5, 1, 1], "rotation": 180, "texture": "#1_texture"}
			}
		},
		{
			"from": [9, -4, 10],
			"to": [11, -3, 11],
			"rotation": {"angle": 0, "axis": "x", "origin": [7, -11, 8]},
			"faces": {
				"north": {"uv": [0.5, 0.5, 1, 1], "rotation": 180, "texture": "#1_texture"},
				"east": {"uv": [0.5, 0.5, 1, 1], "rotation": 90, "texture": "#1_texture"},
				"south": {"uv": [0.5, 0.5, 1, 1], "texture": "#1_texture"},
				"west": {"uv": [0.5, 0.5, 1, 1], "rotation": 270, "texture": "#1_texture"},
				"up": {"uv": [0.5, 0.5, 1, 1], "texture": "#1_texture"},
				"down": {"uv": [0.5, 0.5, 1, 1], "rotation": 180, "texture": "#1_texture"}
			}
		},
		{
			"from": [9, -4, 9],
			"to": [12, -3, 10],
			"rotation": {"angle": 0, "axis": "x", "origin": [7, -11, 8]},
			"faces": {
				"north": {"uv": [0.5, 0.5, 1, 1], "rotation": 180, "texture": "#1_texture"},
				"east": {"uv": [0.5, 0.5, 1, 1], "rotation": 90, "texture": "#1_texture"},
				"south": {"uv": [0.5, 0.5, 1, 1], "texture": "#1_texture"},
				"west": {"uv": [0.5, 0.5, 1, 1], "rotation": 270, "texture": "#1_texture"},
				"up": {"uv": [0.5, 0.5, 1, 1], "texture": "#1_texture"},
				"down": {"uv": [0.5, 0.5, 1, 1], "rotation": 180, "texture": "#1_texture"}
			}
		},
		{
			"from": [12, -4, 9],
			"to": [13, -3, 12],
			"rotation": {"angle": 0, "axis": "x", "origin": [7, -11, 8]},
			"faces": {
				"north": {"uv": [0.5, 0.5, 1, 1], "rotation": 180, "texture": "#1_texture"},
				"east": {"uv": [0.5, 0.5, 1, 1], "rotation": 90, "texture": "#1_texture"},
				"south": {"uv": [0.5, 0.5, 1, 1], "texture": "#1_texture"},
				"west": {"uv": [0.5, 0.5, 1, 1], "rotation": 270, "texture": "#1_texture"},
				"up": {"uv": [0.5, 0.5, 1, 1], "texture": "#1_texture"},
				"down": {"uv": [0.5, 0.5, 1, 1], "rotation": 180, "texture": "#1_texture"}
			}
		},
		{
			"from": [11, -5, 11],
			"to": [12, -3, 13],
			"rotation": {"angle": 0, "axis": "x", "origin": [7, -11, 8]},
			"faces": {
				"north": {"uv": [0.5, 0.5, 1, 1], "rotation": 180, "texture": "#1_texture"},
				"east": {"uv": [0.5, 0.5, 1, 1], "rotation": 90, "texture": "#1_texture"},
				"south": {"uv": [0.5, 0.5, 1, 1], "texture": "#1_texture"},
				"west": {"uv": [0.5, 0.5, 1, 1], "rotation": 270, "texture": "#1_texture"},
				"up": {"uv": [0.5, 0.5, 1, 1], "texture": "#1_texture"},
				"down": {"uv": [0.5, 0.5, 1, 1], "rotation": 180, "texture": "#1_texture"}
			}
		},
		{
			"from": [11, -4, 8],
			"to": [12, -3, 9],
			"rotation": {"angle": 0, "axis": "x", "origin": [7, -11, 8]},
			"faces": {
				"north": {"uv": [0.5, 0.5, 1, 1], "rotation": 180, "texture": "#1_texture"},
				"east": {"uv": [0.5, 0.5, 1, 1], "rotation": 90, "texture": "#1_texture"},
				"south": {"uv": [0.5, 0.5, 1, 1], "texture": "#1_texture"},
				"west": {"uv": [0.5, 0.5, 1, 1], "rotation": 270, "texture": "#1_texture"},
				"up": {"uv": [0.5, 0.5, 1, 1], "texture": "#1_texture"},
				"down": {"uv": [0.5, 0.5, 1, 1], "rotation": 180, "texture": "#1_texture"}
			}
		},
		{
			"from": [15, -7, 6],
			"to": [16, -6, 7],
			"rotation": {"angle": 0, "axis": "x", "origin": [7, -11, 8]},
			"faces": {
				"north": {"uv": [0.5, 0.5, 1, 1], "rotation": 180, "texture": "#1_texture"},
				"east": {"uv": [0.5, 0.5, 1, 1], "rotation": 90, "texture": "#1_texture"},
				"south": {"uv": [0.5, 0.5, 1, 1], "texture": "#1_texture"},
				"west": {"uv": [0.5, 0.5, 1, 1], "rotation": 270, "texture": "#1_texture"},
				"up": {"uv": [0.5, 0.5, 1, 1], "texture": "#1_texture"},
				"down": {"uv": [0.5, 0.5, 1, 1], "rotation": 180, "texture": "#1_texture"}
			}
		},
		{
			"from": [14, -7, 7],
			"to": [16, -6, 9],
			"rotation": {"angle": 0, "axis": "x", "origin": [7, -11, 8]},
			"faces": {
				"north": {"uv": [0.5, 0.5, 1, 1], "rotation": 180, "texture": "#1_texture"},
				"east": {"uv": [0.5, 0.5, 1, 1], "rotation": 90, "texture": "#1_texture"},
				"south": {"uv": [0.5, 0.5, 1, 1], "texture": "#1_texture"},
				"west": {"uv": [0.5, 0.5, 1, 1], "rotation": 270, "texture": "#1_texture"},
				"up": {"uv": [0.5, 0.5, 1, 1], "texture": "#1_texture"},
				"down": {"uv": [0.5, 0.5, 1, 1], "rotation": 180, "texture": "#1_texture"}
			}
		},
		{
			"from": [6, -4, 9],
			"to": [7, -3, 10],
			"rotation": {"angle": 0, "axis": "x", "origin": [7, -11, 8]},
			"faces": {
				"north": {"uv": [0.5, 0.5, 1, 1], "rotation": 180, "texture": "#1_texture"},
				"east": {"uv": [0.5, 0.5, 1, 1], "rotation": 90, "texture": "#1_texture"},
				"south": {"uv": [0.5, 0.5, 1, 1], "texture": "#1_texture"},
				"west": {"uv": [0.5, 0.5, 1, 1], "rotation": 270, "texture": "#1_texture"},
				"up": {"uv": [0.5, 0.5, 1, 1], "texture": "#1_texture"},
				"down": {"uv": [0.5, 0.5, 1, 1], "rotation": 180, "texture": "#1_texture"}
			}
		},
		{
			"from": [2, -4, 10],
			"to": [3, -3, 11],
			"rotation": {"angle": 0, "axis": "x", "origin": [7, -11, 8]},
			"faces": {
				"north": {"uv": [0.5, 0.5, 1, 1], "rotation": 180, "texture": "#1_texture"},
				"east": {"uv": [0.5, 0.5, 1, 1], "rotation": 90, "texture": "#1_texture"},
				"south": {"uv": [0.5, 0.5, 1, 1], "texture": "#1_texture"},
				"west": {"uv": [0.5, 0.5, 1, 1], "rotation": 270, "texture": "#1_texture"},
				"up": {"uv": [0.5, 0.5, 1, 1], "texture": "#1_texture"},
				"down": {"uv": [0.5, 0.5, 1, 1], "rotation": 180, "texture": "#1_texture"}
			}
		},
		{
			"from": [2, -4, 7],
			"to": [3, -3, 9],
			"rotation": {"angle": 0, "axis": "x", "origin": [7, -11, 8]},
			"faces": {
				"north": {"uv": [0.5, 0.5, 1, 1], "rotation": 180, "texture": "#1_texture"},
				"east": {"uv": [0.5, 0.5, 1, 1], "rotation": 90, "texture": "#1_texture"},
				"south": {"uv": [0.5, 0.5, 1, 1], "texture": "#1_texture"},
				"west": {"uv": [0.5, 0.5, 1, 1], "rotation": 270, "texture": "#1_texture"},
				"up": {"uv": [0.5, 0.5, 1, 1], "texture": "#1_texture"},
				"down": {"uv": [0.5, 0.5, 1, 1], "rotation": 180, "texture": "#1_texture"}
			}
		},
		{
			"from": [1, -4, 8],
			"to": [2, -3, 13],
			"rotation": {"angle": 0, "axis": "x", "origin": [7, -11, 8]},
			"faces": {
				"north": {"uv": [0.5, 0.5, 1, 1], "rotation": 180, "texture": "#1_texture"},
				"east": {"uv": [0.5, 0.5, 1, 1], "rotation": 90, "texture": "#1_texture"},
				"south": {"uv": [0.5, 0.5, 1, 1], "texture": "#1_texture"},
				"west": {"uv": [0.5, 0.5, 1, 1], "rotation": 270, "texture": "#1_texture"},
				"up": {"uv": [0.5, 0.5, 1, 1], "texture": "#1_texture"},
				"down": {"uv": [0.5, 0.5, 1, 1], "rotation": 180, "texture": "#1_texture"}
			}
		},
		{
			"from": [9, -5, 15],
			"to": [10, -3, 16],
			"rotation": {"angle": 0, "axis": "x", "origin": [7, -11, 8]},
			"faces": {
				"north": {"uv": [2, 0.5, 2.5, 1], "rotation": 180, "texture": "#1_texture"},
				"east": {"uv": [2, 0.5, 2.5, 1], "rotation": 90, "texture": "#1_texture"},
				"south": {"uv": [2, 0.5, 2.5, 1], "texture": "#1_texture"},
				"west": {"uv": [2, 0.5, 2.5, 1], "rotation": 270, "texture": "#1_texture"},
				"up": {"uv": [2, 0.5, 2.5, 1], "texture": "#1_texture"},
				"down": {"uv": [2, 0.5, 2.5, 1], "rotation": 180, "texture": "#1_texture"}
			}
		},
		{
			"from": [2, -5, 12],
			"to": [3, -3, 13],
			"rotation": {"angle": 0, "axis": "x", "origin": [7, -11, 8]},
			"faces": {
				"north": {"uv": [2, 0.5, 2.5, 1], "rotation": 180, "texture": "#1_texture"},
				"east": {"uv": [2, 0.5, 2.5, 1], "rotation": 90, "texture": "#1_texture"},
				"south": {"uv": [2, 0.5, 2.5, 1], "texture": "#1_texture"},
				"west": {"uv": [2, 0.5, 2.5, 1], "rotation": 270, "texture": "#1_texture"},
				"up": {"uv": [2, 0.5, 2.5, 1], "texture": "#1_texture"},
				"down": {"uv": [2, 0.5, 2.5, 1], "rotation": 180, "texture": "#1_texture"}
			}
		},
		{
			"from": [9, -4, 5],
			"to": [10, -3, 6],
			"rotation": {"angle": 0, "axis": "x", "origin": [7, -11, 8]},
			"faces": {
				"north": {"uv": [2, 0.5, 2.5, 1], "rotation": 180, "texture": "#1_texture"},
				"east": {"uv": [2, 0.5, 2.5, 1], "rotation": 90, "texture": "#1_texture"},
				"south": {"uv": [2, 0.5, 2.5, 1], "texture": "#1_texture"},
				"west": {"uv": [2, 0.5, 2.5, 1], "rotation": 270, "texture": "#1_texture"},
				"up": {"uv": [2, 0.5, 2.5, 1], "texture": "#1_texture"},
				"down": {"uv": [2, 0.5, 2.5, 1], "rotation": 180, "texture": "#1_texture"}
			}
		},
		{
			"from": [14, -7, 9],
			"to": [15, -6, 10],
			"rotation": {"angle": 0, "axis": "x", "origin": [7, -11, 8]},
			"faces": {
				"north": {"uv": [2, 0.5, 2.5, 1], "rotation": 180, "texture": "#1_texture"},
				"east": {"uv": [2, 0.5, 2.5, 1], "rotation": 90, "texture": "#1_texture"},
				"south": {"uv": [2, 0.5, 2.5, 1], "texture": "#1_texture"},
				"west": {"uv": [2, 0.5, 2.5, 1], "rotation": 270, "texture": "#1_texture"},
				"up": {"uv": [2, 0.5, 2.5, 1], "texture": "#1_texture"},
				"down": {"uv": [2, 0.5, 2.5, 1], "rotation": 180, "texture": "#1_texture"}
			}
		},
		{
			"from": [2, -4, 6],
			"to": [3, -3, 7],
			"rotation": {"angle": 0, "axis": "x", "origin": [7, -11, 8]},
			"faces": {
				"north": {"uv": [2, 0.5, 2.5, 1], "rotation": 180, "texture": "#1_texture"},
				"east": {"uv": [2, 0.5, 2.5, 1], "rotation": 90, "texture": "#1_texture"},
				"south": {"uv": [2, 0.5, 2.5, 1], "texture": "#1_texture"},
				"west": {"uv": [2, 0.5, 2.5, 1], "rotation": 270, "texture": "#1_texture"},
				"up": {"uv": [2, 0.5, 2.5, 1], "texture": "#1_texture"},
				"down": {"uv": [2, 0.5, 2.5, 1], "rotation": 180, "texture": "#1_texture"}
			}
		},
		{
			"from": [0, -4, 2],
			"to": [1, -3, 3],
			"rotation": {"angle": 0, "axis": "x", "origin": [7, -11, 8]},
			"faces": {
				"north": {"uv": [2, 0.5, 2.5, 1], "rotation": 180, "texture": "#1_texture"},
				"east": {"uv": [2, 0.5, 2.5, 1], "rotation": 90, "texture": "#1_texture"},
				"south": {"uv": [2, 0.5, 2.5, 1], "texture": "#1_texture"},
				"west": {"uv": [2, 0.5, 2.5, 1], "rotation": 270, "texture": "#1_texture"},
				"up": {"uv": [2, 0.5, 2.5, 1], "texture": "#1_texture"},
				"down": {"uv": [2, 0.5, 2.5, 1], "rotation": 180, "texture": "#1_texture"}
			}
		},
		{
			"from": [2, -4, 1],
			"to": [6, -3, 2],
			"rotation": {"angle": 0, "axis": "x", "origin": [7, -11, 8]},
			"faces": {
				"north": {"uv": [2, 0.5, 2.5, 1], "rotation": 180, "texture": "#1_texture"},
				"east": {"uv": [2, 0.5, 2.5, 1], "rotation": 90, "texture": "#1_texture"},
				"south": {"uv": [2, 0.5, 2.5, 1], "texture": "#1_texture"},
				"west": {"uv": [2, 0.5, 2.5, 1], "rotation": 270, "texture": "#1_texture"},
				"up": {"uv": [2, 0.5, 2.5, 1], "texture": "#1_texture"},
				"down": {"uv": [2, 0.5, 2.5, 1], "rotation": 180, "texture": "#1_texture"}
			}
		},
		{
			"from": [3, -4, 2],
			"to": [6, -3, 3],
			"rotation": {"angle": 0, "axis": "x", "origin": [7, -11, 8]},
			"faces": {
				"north": {"uv": [2, 0.5, 2.5, 1], "rotation": 180, "texture": "#1_texture"},
				"east": {"uv": [2, 0.5, 2.5, 1], "rotation": 90, "texture": "#1_texture"},
				"south": {"uv": [2, 0.5, 2.5, 1], "texture": "#1_texture"},
				"west": {"uv": [2, 0.5, 2.5, 1], "rotation": 270, "texture": "#1_texture"},
				"up": {"uv": [2, 0.5, 2.5, 1], "texture": "#1_texture"},
				"down": {"uv": [2, 0.5, 2.5, 1], "rotation": 180, "texture": "#1_texture"}
			}
		},
		{
			"from": [2, -4, -1],
			"to": [5, -3, 0],
			"rotation": {"angle": 0, "axis": "x", "origin": [7, -11, 8]},
			"faces": {
				"north": {"uv": [2, 0.5, 2.5, 1], "rotation": 180, "texture": "#1_texture"},
				"east": {"uv": [2, 0.5, 2.5, 1], "rotation": 90, "texture": "#1_texture"},
				"south": {"uv": [2, 0.5, 2.5, 1], "texture": "#1_texture"},
				"west": {"uv": [2, 0.5, 2.5, 1], "rotation": 270, "texture": "#1_texture"},
				"up": {"uv": [2, 0.5, 2.5, 1], "texture": "#1_texture"},
				"down": {"uv": [2, 0.5, 2.5, 1], "rotation": 180, "texture": "#1_texture"}
			}
		},
		{
			"from": [4, -4, 3],
			"to": [6, -3, 4],
			"rotation": {"angle": 0, "axis": "x", "origin": [7, -11, 8]},
			"faces": {
				"north": {"uv": [2, 0.5, 2.5, 1], "rotation": 180, "texture": "#1_texture"},
				"east": {"uv": [2, 0.5, 2.5, 1], "rotation": 90, "texture": "#1_texture"},
				"south": {"uv": [2, 0.5, 2.5, 1], "texture": "#1_texture"},
				"west": {"uv": [2, 0.5, 2.5, 1], "rotation": 270, "texture": "#1_texture"},
				"up": {"uv": [2, 0.5, 2.5, 1], "texture": "#1_texture"},
				"down": {"uv": [2, 0.5, 2.5, 1], "rotation": 180, "texture": "#1_texture"}
			}
		},
		{
			"from": [1, -4, 0],
			"to": [6, -3, 1],
			"rotation": {"angle": 0, "axis": "x", "origin": [7, -11, 8]},
			"faces": {
				"north": {"uv": [2, 0.5, 2.5, 1], "rotation": 180, "texture": "#1_texture"},
				"east": {"uv": [2, 0.5, 2.5, 1], "rotation": 90, "texture": "#1_texture"},
				"south": {"uv": [2, 0.5, 2.5, 1], "texture": "#1_texture"},
				"west": {"uv": [2, 0.5, 2.5, 1], "rotation": 270, "texture": "#1_texture"},
				"up": {"uv": [2, 0.5, 2.5, 1], "texture": "#1_texture"},
				"down": {"uv": [2, 0.5, 2.5, 1], "rotation": 180, "texture": "#1_texture"}
			}
		},
		{
			"from": [1, -10, 1],
			"to": [2, -3, 2],
			"rotation": {"angle": 0, "axis": "x", "origin": [7, -11, 8]},
			"faces": {
				"north": {"uv": [2, 0.5, 2.5, 1], "rotation": 180, "texture": "#1_texture"},
				"east": {"uv": [2, 0.5, 2.5, 1], "rotation": 90, "texture": "#1_texture"},
				"south": {"uv": [2, 0.5, 2.5, 1], "texture": "#1_texture"},
				"west": {"uv": [2, 0.5, 2.5, 1], "rotation": 270, "texture": "#1_texture"},
				"up": {"uv": [2, 0.5, 2.5, 1], "texture": "#1_texture"},
				"down": {"uv": [0.5, 2, 1, 2.5], "rotation": 180, "texture": "#1_texture"}
			}
		},
		{
			"from": [-1, -7, 7],
			"to": [0, -6, 10],
			"rotation": {"angle": 0, "axis": "x", "origin": [7, -11, 8]},
			"faces": {
				"north": {"uv": [2, 0.5, 2.5, 1], "rotation": 180, "texture": "#1_texture"},
				"east": {"uv": [2, 0.5, 2.5, 1], "rotation": 90, "texture": "#1_texture"},
				"south": {"uv": [2, 0.5, 2.5, 1], "texture": "#1_texture"},
				"west": {"uv": [2, 0.5, 2.5, 1], "rotation": 270, "texture": "#1_texture"},
				"up": {"uv": [2, 0.5, 2.5, 1], "texture": "#1_texture"},
				"down": {"uv": [2, 0.5, 2.5, 1], "rotation": 180, "texture": "#1_texture"}
			}
		},
		{
			"from": [3, -5, 12],
			"to": [4, -4, 13],
			"rotation": {"angle": 0, "axis": "x", "origin": [7, -11, 8]},
			"faces": {
				"north": {"uv": [2, 2, 2.5, 2.5], "rotation": 180, "texture": "#1_texture"},
				"east": {"uv": [2, 2, 2.5, 2.5], "rotation": 90, "texture": "#1_texture"},
				"south": {"uv": [2, 2, 2.5, 2.5], "texture": "#1_texture"},
				"west": {"uv": [2, 2, 2.5, 2.5], "rotation": 270, "texture": "#1_texture"},
				"up": {"uv": [2, 2, 2.5, 2.5], "texture": "#1_texture"},
				"down": {"uv": [2, 2, 2.5, 2.5], "rotation": 180, "texture": "#1_texture"}
			}
		},
		{
			"from": [6, -5, 13],
			"to": [7, -4, 14],
			"rotation": {"angle": 0, "axis": "x", "origin": [7, -11, 8]},
			"faces": {
				"north": {"uv": [2, 2, 2.5, 2.5], "rotation": 180, "texture": "#1_texture"},
				"east": {"uv": [2, 2, 2.5, 2.5], "rotation": 90, "texture": "#1_texture"},
				"south": {"uv": [2, 2, 2.5, 2.5], "texture": "#1_texture"},
				"west": {"uv": [2, 2, 2.5, 2.5], "rotation": 270, "texture": "#1_texture"},
				"up": {"uv": [2, 2, 2.5, 2.5], "texture": "#1_texture"},
				"down": {"uv": [2, 2, 2.5, 2.5], "rotation": 180, "texture": "#1_texture"}
			}
		},
		{
			"from": [4, -4, 9],
			"to": [5, -3, 10],
			"rotation": {"angle": 0, "axis": "x", "origin": [7, -11, 8]},
			"faces": {
				"north": {"uv": [2, 2, 2.5, 2.5], "rotation": 180, "texture": "#1_texture"},
				"east": {"uv": [2, 2, 2.5, 2.5], "rotation": 90, "texture": "#1_texture"},
				"south": {"uv": [2, 2, 2.5, 2.5], "texture": "#1_texture"},
				"west": {"uv": [2, 2, 2.5, 2.5], "rotation": 270, "texture": "#1_texture"},
				"up": {"uv": [2, 2, 2.5, 2.5], "texture": "#1_texture"},
				"down": {"uv": [2, 2, 2.5, 2.5], "rotation": 180, "texture": "#1_texture"}
			}
		},
		{
			"from": [-2, -6, 3],
			"to": [-1, -4, 4],
			"rotation": {"angle": 0, "axis": "x", "origin": [7, -11, 8]},
			"faces": {
				"north": {"uv": [2, 2, 2.5, 2.5], "rotation": 180, "texture": "#1_texture"},
				"east": {"uv": [2, 2, 2.5, 2.5], "rotation": 90, "texture": "#1_texture"},
				"south": {"uv": [2, 2, 2.5, 2.5], "texture": "#1_texture"},
				"west": {"uv": [2, 2, 2.5, 2.5], "rotation": 270, "texture": "#1_texture"},
				"up": {"uv": [2, 2, 2.5, 2.5], "texture": "#1_texture"},
				"down": {"uv": [2, 2, 2.5, 2.5], "rotation": 180, "texture": "#1_texture"}
			}
		},
		{
			"from": [19, -7, 5],
			"to": [20, -5, 6],
			"rotation": {"angle": 0, "axis": "x", "origin": [7, -11, 8]},
			"faces": {
				"north": {"uv": [2, 2, 2.5, 2.5], "rotation": 180, "texture": "#1_texture"},
				"east": {"uv": [2, 2, 2.5, 2.5], "rotation": 90, "texture": "#1_texture"},
				"south": {"uv": [2, 2, 2.5, 2.5], "texture": "#1_texture"},
				"west": {"uv": [2, 2, 2.5, 2.5], "rotation": 270, "texture": "#1_texture"},
				"up": {"uv": [2, 2, 2.5, 2.5], "texture": "#1_texture"},
				"down": {"uv": [2, 2, 2.5, 2.5], "rotation": 180, "texture": "#1_texture"}
			}
		},
		{
			"from": [8, -4, 9],
			"to": [9, -3, 10],
			"rotation": {"angle": 0, "axis": "x", "origin": [7, -11, 8]},
			"faces": {
				"north": {"uv": [2, 2, 2.5, 2.5], "rotation": 180, "texture": "#1_texture"},
				"east": {"uv": [2, 2, 2.5, 2.5], "rotation": 90, "texture": "#1_texture"},
				"south": {"uv": [2, 2, 2.5, 2.5], "texture": "#1_texture"},
				"west": {"uv": [2, 2, 2.5, 2.5], "rotation": 270, "texture": "#1_texture"},
				"up": {"uv": [2, 2, 2.5, 2.5], "texture": "#1_texture"},
				"down": {"uv": [2, 2, 2.5, 2.5], "rotation": 180, "texture": "#1_texture"}
			}
		},
		{
			"from": [8, -5, 12],
			"to": [9, -4, 13],
			"rotation": {"angle": 0, "axis": "x", "origin": [7, -11, 8]},
			"faces": {
				"north": {"uv": [2, 2, 2.5, 2.5], "rotation": 180, "texture": "#1_texture"},
				"east": {"uv": [2, 2, 2.5, 2.5], "rotation": 90, "texture": "#1_texture"},
				"south": {"uv": [2, 2, 2.5, 2.5], "texture": "#1_texture"},
				"west": {"uv": [2, 2, 2.5, 2.5], "rotation": 270, "texture": "#1_texture"},
				"up": {"uv": [2, 2, 2.5, 2.5], "texture": "#1_texture"},
				"down": {"uv": [2, 2, 2.5, 2.5], "rotation": 180, "texture": "#1_texture"}
			}
		}
	],
	"display": {
		"gui": {
			"rotation": [-30, 135, 0],
			"translation": [1, -1.2, 0]
		},
		"head": {
			"rotation": [0, 180, 0],
			"translation": [0.25, 1, 0.25],
			"scale": [1.5, 1.5, 1.5]
		},
		"fixed": {
			"rotation": [0, 180, 0],
			"translation": [0, -1.3, 2.7],
			"scale": [1.2, 1.2, 1.2]
		}
	},
	"groups": [
		{
			"name": "redstone_ore",
			"origin": [8, 8, 8],
			"children": [
				{
					"name": "void",
					"origin": [8, 8, 8],
					"children": [0, 1, 2, 3, 4, 5, 6, 7, 8, 9, 10, 11, 12, 13, 14, 15, 16, 17, 18, 19, 20, 21, 22, 23, 24, 25, 26, 27, 28, 29, 30, 31, 32, 33, 34, 35, 36, 37, 38, 39, 40, 41, 42, 43, 44, 45, 46, 47, 48, 49, 50, 51, 52, 53, 54, 55, 56, 57, 58, 59, 60, 61, 62, 63, 64, 65, 66, 67]
				},
				{
					"name": "face",
					"origin": [8, 8, 8],
					"children": [68, 69, 70, 71, 72, 73, 74, 75, 76, 77, 78, 79, 80, 81, 82, 83, 84, 85, 86, 87, 88, 89, 90, 91, 92]
				},
				{
					"name": "facebit",
					"origin": [8, 8, 8],
					"children": [93, 94, 95, 96, 97, 98, 99, 100, 101, 102, 103, 104, 105]
				},
				{
					"name": "yellow",
					"origin": [8, 8, 8],
					"children": [106, 107, 108, 109, 110, 111, 112]
				},
				{
					"name": "mask",
					"origin": [8, 8, 8],
					"children": [
						{
							"name": "Mask",
							"origin": [8, 8, 8],
							"children": []
						},
						{
							"name": "VoidFace",
							"origin": [8, 8, 8],
							"children": []
						},
						{
							"name": "Face",
							"origin": [8, 8, 8],
							"children": []
						},
						{
							"name": "glasses",
							"origin": [8, 8, 8],
							"children": []
						},
						{
							"name": "scarf",
							"origin": [8, 8, 8],
							"children": []
						},
						{
							"name": "hat",
							"origin": [8, 8, 8],
							"children": []
						}
					]
				}
			]
		}
	]
}