{
"__comment": "Designed by Bamatois with BDcraft Cubik PRO 0.93 Beta - http://bdcraft.net",
"textures": {
    "texture": "items/bow_standby",
    "string": "items/string"
},
"elements": [ 
{
    "from": [ 6.5, 5, 3 ],
    "to": [ 9, 8, 3.5 ],
    "faces": {
        "down":  { "uv": [ 3, 11, 3.5, 10.5 ], "texture": "#texture" },
        "up":    { "uv": [ 3, 8, 3.5, 8.5 ], "texture": "#texture" },
        "north": { "uv": [ 3, 8, 3.5, 11 ], "texture": "#texture" },
        "south": { "uv": [ 3.5, 8, 3, 11 ], "texture": "#texture" },
        "west":  { "uv": [ 3, 8, 3.5, 11 ], "texture": "#texture" },
        "east":  { "uv": [ 3.5, 8, 3, 11 ], "texture": "#texture" }
    }
},
{
    "from": [ 6.5, 6.5, 3.5 ],
    "to": [ 9, 9, 4 ],
    "faces": {
        "down":  { "uv": [ 3.5, 9.5, 4, 9 ], "texture": "#texture" },
        "up":    { "uv": [ 3.5, 7, 4, 7.5 ], "texture": "#texture" },
        "north": { "uv": [ 3.5, 7, 4, 9.5 ], "texture": "#texture" },
        "south": { "uv": [ 4, 7, 3.5, 9.5 ], "texture": "#texture" },
        "west":  { "uv": [ 3.5, 7, 4, 9.5 ], "texture": "#texture" },
        "east":  { "uv": [ 4, 7, 3.5, 9.5 ], "texture": "#texture" }
    }
},
{
    "from": [ 6.5, 7.5, 4 ],
    "to": [ 9, 9.5, 4.5 ],
    "faces": {
        "down":  { "uv": [ 4, 8.5, 4.5, 8 ], "texture": "#texture" },
        "up":    { "uv": [ 4, 6.5, 4.5, 7 ], "texture": "#texture" },
        "north": { "uv": [ 4, 6.5, 4.5, 8.5 ], "texture": "#texture" },
        "south": { "uv": [ 4.5, 6.5, 4, 8.5 ], "texture": "#texture" },
        "west":  { "uv": [ 4, 6.5, 4.5, 8.5 ], "texture": "#texture" },
        "east":  { "uv": [ 4.5, 6.5, 4, 8.5 ], "texture": "#texture" }
    }
},
{
    "from": [ 6.5, 8.5, 4.5 ],
    "to": [ 9, 9, 5 ],
    "faces": {
        "down":  { "uv": [ 4.5, 7.5, 5, 7 ], "texture": "#texture" },
        "up":    { "uv": [ 4.5, 7, 5, 7.5 ], "texture": "#texture" },
        "north": { "uv": [ 4.5, 7, 5, 7.5 ], "texture": "#texture" },
        "south": { "uv": [ 5, 7, 4.5, 7.5 ], "texture": "#texture" },
        "west":  { "uv": [ 4.5, 7, 5, 7.5 ], "texture": "#texture" },
        "east":  { "uv": [ 5, 7, 4.5, 7.5 ], "texture": "#texture" }
    }
},
{
    "from": [ 6.5, 3.5, 2.5 ],
    "to": [ 9, 6.5, 3 ],
    "faces": {
        "down":  { "uv": [ 2.5, 12.5, 3, 12 ], "texture": "#texture" },
        "up":    { "uv": [ 2.5, 9.5, 3, 10 ], "texture": "#texture" },
        "north": { "uv": [ 2.5, 9.5, 3, 12.5 ], "texture": "#texture" },
        "south": { "uv": [ 3, 9.5, 2.5, 12.5 ], "texture": "#texture" },
        "west":  { "uv": [ 2.5, 9.5, 3, 12.5 ], "texture": "#texture" },
        "east":  { "uv": [ 3, 9.5, 2.5, 12.5 ], "texture": "#texture" }
    }
},
{
    "from": [ 6.5, 1, 2 ],
    "to": [ 9, 5, 2.5 ],
    "faces": {
        "down":  { "uv": [ 2, 15, 2.5, 14.5 ], "texture": "#texture" },
        "up":    { "uv": [ 2, 11, 2.5, 11.5 ], "texture": "#texture" },
        "north": { "uv": [ 2, 11, 2.5, 15 ], "texture": "#texture" },
        "south": { "uv": [ 2.5, 11, 2, 15 ], "texture": "#texture" },
        "west":  { "uv": [ 2, 11, 2.5, 15 ], "texture": "#texture" },
        "east":  { "uv": [ 2.5, 11, 2, 15 ], "texture": "#texture" }
    }
},
{
    "from": [ 6.5, 11, 7 ],
    "to": [ 9, 11.5, 7.5 ],
    "faces": {
        "down":  { "uv": [ 7, 5, 7.5, 4.5 ], "texture": "#texture" },
        "up":    { "uv": [ 7, 4.5, 7.5, 5 ], "texture": "#texture" },
        "north": { "uv": [ 7, 4.5, 7.5, 5 ], "texture": "#texture" },
        "south": { "uv": [ 7.5, 4.5, 7, 5 ], "texture": "#texture" },
        "west":  { "uv": [ 7, 4.5, 7.5, 5 ], "texture": "#texture" },
        "east":  { "uv": [ 7.5, 4.5, 7, 5 ], "texture": "#texture" }
    }
},
{
    "from": [ 6.5, 11.5, 6.5 ],
    "to": [ 9, 12, 8.5 ],
    "faces": {
        "down":  { "uv": [ 6.5, 4.5, 7, 4 ], "texture": "#texture" },
        "up":    { "uv": [ 6.5, 4, 7, 4.5 ], "texture": "#texture" },
        "north": { "uv": [ 6.5, 4, 7, 4.5 ], "texture": "#texture" },
        "south": { "uv": [ 8.5, 4, 8, 4.5 ], "texture": "#texture" },
        "west":  { "uv": [ 6.5, 4, 8.5, 4.5 ], "texture": "#texture" },
        "east":  { "uv": [ 8.5, 4, 6.5, 4.5 ], "texture": "#texture" }
    }
},
{
    "from": [ 6.5, 12, 7 ],
    "to": [ 9, 12.5, 9.5 ],
    "faces": {
        "down":  { "uv": [ 7, 4, 7.5, 3.5 ], "texture": "#texture" },
        "up":    { "uv": [ 7, 3.5, 7.5, 4 ], "texture": "#texture" },
        "north": { "uv": [ 7, 3.5, 7.5, 4 ], "texture": "#texture" },
        "south": { "uv": [ 9.5, 3.5, 9, 4 ], "texture": "#texture" },
        "west":  { "uv": [ 7, 3.5, 9.5, 4 ], "texture": "#texture" },
        "east":  { "uv": [ 9.5, 3.5, 7, 4 ], "texture": "#texture" }
    }
},
{
    "from": [ 6.5, 12.5, 8 ],
    "to": [ 9, 13, 11 ],
    "faces": {
        "down":  { "uv": [ 8, 3.5, 8.5, 3 ], "texture": "#texture" },
        "up":    { "uv": [ 8, 3, 8.5, 3.5 ], "texture": "#texture" },
        "north": { "uv": [ 8, 3, 8.5, 3.5 ], "texture": "#texture" },
        "south": { "uv": [ 11, 3, 10.5, 3.5 ], "texture": "#texture" },
        "west":  { "uv": [ 8, 3, 11, 3.5 ], "texture": "#texture" },
        "east":  { "uv": [ 11, 3, 8, 3.5 ], "texture": "#texture" }
    }
},
{
    "from": [ 6.5, 13, 9.5 ],
    "to": [ 9, 13.5, 12.5 ],
    "faces": {
        "down":  { "uv": [ 9.5, 3, 10, 2.5 ], "texture": "#texture" },
        "up":    { "uv": [ 9.5, 2.5, 10, 3 ], "texture": "#texture" },
        "north": { "uv": [ 9.5, 2.5, 10, 3 ], "texture": "#texture" },
        "south": { "uv": [ 12.5, 2.5, 12, 3 ], "texture": "#texture" },
        "west":  { "uv": [ 9.5, 2.5, 12.5, 3 ], "texture": "#texture" },
        "east":  { "uv": [ 12.5, 2.5, 9.5, 3 ], "texture": "#texture" }
    }
},
{
    "from": [ 6.5, 13.5, 11 ],
    "to": [ 9, 14, 15 ],
    "faces": {
        "down":  { "uv": [ 11, 2.5, 11.5, 2 ], "texture": "#texture" },
        "up":    { "uv": [ 11, 2, 11.5, 2.5 ], "texture": "#texture" },
        "north": { "uv": [ 11, 2, 11.5, 2.5 ], "texture": "#texture" },
        "south": { "uv": [ 15, 2, 14.5, 2.5 ], "texture": "#texture" },
        "west":  { "uv": [ 11, 2, 15, 2.5 ], "texture": "#texture" },
        "east":  { "uv": [ 15, 2, 11, 2.5 ], "texture": "#texture" }
    }
},
{
    "from": [ 7, 14, 11 ],
    "to": [ 8.5, 14.5, 16 ],
    "faces": {
        "down":  { "uv": [ 11, 2, 11.5, 1.5 ], "texture": "#texture" },
        "up":    { "uv": [ 11, 1.5, 11.5, 2 ], "texture": "#texture" },
        "north": { "uv": [ 11, 1.5, 11.5, 2 ], "texture": "#texture" },
        "south": { "uv": [ 16, 1.5, 15.5, 2 ], "texture": "#texture" },
        "west":  { "uv": [ 11, 1.5, 16, 2 ], "texture": "#texture" },
        "east":  { "uv": [ 16, 1.5, 11, 2 ], "texture": "#texture" }
    }
},
{
    "from": [ 7, 13.5, 9.5 ],
    "to": [ 8.5, 14, 11 ],
    "faces": {
        "down":  { "uv": [ 9.5, 2.5, 10, 2 ], "texture": "#texture" },
        "up":    { "uv": [ 9.5, 2, 10, 2.5 ], "texture": "#texture" },
        "north": { "uv": [ 9.5, 2, 10, 2.5 ], "texture": "#texture" },
        "south": { "uv": [ 11, 2, 10.5, 2.5 ], "texture": "#texture" },
        "west":  { "uv": [ 9.5, 2, 11, 2.5 ], "texture": "#texture" },
        "east":  { "uv": [ 11, 2, 9.5, 2.5 ], "texture": "#texture" }
    }
},
{
    "from": [ 7, 13, 8 ],
    "to": [ 8.5, 13.5, 9.5 ],
    "faces": {
        "down":  { "uv": [ 8, 3, 8.5, 2.5 ], "texture": "#texture" },
        "up":    { "uv": [ 8, 2.5, 8.5, 3 ], "texture": "#texture" },
        "north": { "uv": [ 8, 2.5, 8.5, 3 ], "texture": "#texture" },
        "south": { "uv": [ 9.5, 2.5, 9, 3 ], "texture": "#texture" },
        "west":  { "uv": [ 8, 2.5, 9.5, 3 ], "texture": "#texture" },
        "east":  { "uv": [ 9.5, 2.5, 8, 3 ], "texture": "#texture" }
    }
},
{
    "from": [ 7, 12.5, 7 ],
    "to": [ 8.5, 13, 8 ],
    "faces": {
        "down":  { "uv": [ 7, 3.5, 7.5, 3 ], "texture": "#texture" },
        "up":    { "uv": [ 7, 3, 7.5, 3.5 ], "texture": "#texture" },
        "north": { "uv": [ 7, 3, 7.5, 3.5 ], "texture": "#texture" },
        "south": { "uv": [ 8, 3, 7.5, 3.5 ], "texture": "#texture" },
        "west":  { "uv": [ 7, 3, 8, 3.5 ], "texture": "#texture" },
        "east":  { "uv": [ 8, 3, 7, 3.5 ], "texture": "#texture" }
    }
},
{
    "from": [ 7, 12, 6 ],
    "to": [ 8.5, 12.5, 7 ],
    "faces": {
        "down":  { "uv": [ 6, 4, 6.5, 3.5 ], "texture": "#texture" },
        "up":    { "uv": [ 6, 3.5, 6.5, 4 ], "texture": "#texture" },
        "north": { "uv": [ 6, 3.5, 6.5, 4 ], "texture": "#texture" },
        "south": { "uv": [ 7, 3.5, 6.5, 4 ], "texture": "#texture" },
        "west":  { "uv": [ 6, 3.5, 7, 4 ], "texture": "#texture" },
        "east":  { "uv": [ 7, 3.5, 6, 4 ], "texture": "#texture" }
    }
},
{
    "from": [ 7, 9, 3.5 ],
    "to": [ 8.5, 10, 4 ],
    "faces": {
        "down":  { "uv": [ 3.5, 7, 4, 6.5 ], "texture": "#texture" },
        "up":    { "uv": [ 3.5, 6, 4, 6.5 ], "texture": "#texture" },
        "north": { "uv": [ 3.5, 6, 4, 7 ], "texture": "#texture" },
        "south": { "uv": [ 4, 6, 3.5, 7 ], "texture": "#texture" },
        "west":  { "uv": [ 3.5, 6, 4, 7 ], "texture": "#texture" },
        "east":  { "uv": [ 4, 6, 3.5, 7 ], "texture": "#texture" }
    }
},
{
    "from": [ 7, 8, 3 ],
    "to": [ 8.5, 9, 3.5 ],
    "faces": {
        "down":  { "uv": [ 3, 8, 3.5, 7.5 ], "texture": "#texture" },
        "up":    { "uv": [ 3, 7, 3.5, 7.5 ], "texture": "#texture" },
        "north": { "uv": [ 3, 7, 3.5, 8 ], "texture": "#texture" },
        "south": { "uv": [ 3.5, 7, 3, 8 ], "texture": "#texture" },
        "west":  { "uv": [ 3, 7, 3.5, 8 ], "texture": "#texture" },
        "east":  { "uv": [ 3.5, 7, 3, 8 ], "texture": "#texture" }
    }
},
{
    "from": [ 7, 6.5, 2.5 ],
    "to": [ 8.5, 8, 3 ],
    "faces": {
        "down":  { "uv": [ 2.5, 9.5, 3, 9 ], "texture": "#texture" },
        "up":    { "uv": [ 2.5, 8, 3, 8.5 ], "texture": "#texture" },
        "north": { "uv": [ 2.5, 8, 3, 9.5 ], "texture": "#texture" },
        "south": { "uv": [ 3, 8, 2.5, 9.5 ], "texture": "#texture" },
        "west":  { "uv": [ 2.5, 8, 3, 9.5 ], "texture": "#texture" },
        "east":  { "uv": [ 3, 8, 2.5, 9.5 ], "texture": "#texture" }
    }
},
{
    "from": [ 7, 5, 2 ],
    "to": [ 8.5, 6.5, 2.5 ],
    "faces": {
        "down":  { "uv": [ 2, 11, 2.5, 10.5 ], "texture": "#texture" },
        "up":    { "uv": [ 2, 9.5, 2.5, 10 ], "texture": "#texture" },
        "north": { "uv": [ 2, 9.5, 2.5, 11 ], "texture": "#texture" },
        "south": { "uv": [ 2.5, 9.5, 2, 11 ], "texture": "#texture" },
        "west":  { "uv": [ 2, 9.5, 2.5, 11 ], "texture": "#texture" },
        "east":  { "uv": [ 2.5, 9.5, 2, 11 ], "texture": "#texture" }
    }
},
{
    "from": [ 7, 0, 1.5 ],
    "to": [ 8.5, 5, 2 ],
    "faces": {
        "down":  { "uv": [ 1.5, 16, 2, 15.5 ], "texture": "#texture" },
        "up":    { "uv": [ 1.5, 11, 2, 11.5 ], "texture": "#texture" },
        "north": { "uv": [ 1.5, 11, 2, 16 ], "texture": "#texture" },
        "south": { "uv": [ 2, 11, 1.5, 16 ], "texture": "#texture" },
        "west":  { "uv": [ 1.5, 11, 2, 16 ], "texture": "#texture" },
        "east":  { "uv": [ 2, 11, 1.5, 16 ], "texture": "#texture" }
    }
},
{
    "from": [ 6.5, 10, 6 ],
    "to": [ 9, 11.5, 6.5 ],
    "faces": {
        "down":  { "uv": [ 6, 6, 6.5, 5.5 ], "texture": "#texture" },
        "up":    { "uv": [ 6, 4.5, 6.5, 5 ], "texture": "#texture" },
        "north": { "uv": [ 6, 4.5, 6.5, 6 ], "texture": "#texture" },
        "south": { "uv": [ 6.5, 4.5, 6, 6 ], "texture": "#texture" },
        "west":  { "uv": [ 6, 4.5, 6.5, 6 ], "texture": "#texture" },
        "east":  { "uv": [ 6.5, 4.5, 6, 6 ], "texture": "#texture" }
    }
},
{
    "from": [ 6.5, 9.5, 5.5 ],
    "to": [ 9, 11, 6 ],
    "faces": {
        "down":  { "uv": [ 5.5, 6.5, 6, 6 ], "texture": "#texture" },
        "up":    { "uv": [ 5.5, 5, 6, 5.5 ], "texture": "#texture" },
        "north": { "uv": [ 5.5, 5, 6, 6.5 ], "texture": "#texture" },
        "south": { "uv": [ 6, 5, 5.5, 6.5 ], "texture": "#texture" },
        "west":  { "uv": [ 5.5, 5, 6, 6.5 ], "texture": "#texture" },
        "east":  { "uv": [ 6, 5, 5.5, 6.5 ], "texture": "#texture" }
    }
},
{
    "from": [ 6.5, 9, 5 ],
    "to": [ 9, 10.5, 5.5 ],
    "faces": {
        "down":  { "uv": [ 5, 7, 5.5, 6.5 ], "texture": "#texture" },
        "up":    { "uv": [ 5, 5.5, 5.5, 6 ], "texture": "#texture" },
        "north": { "uv": [ 5, 5.5, 5.5, 7 ], "texture": "#texture" },
        "south": { "uv": [ 5.5, 5.5, 5, 7 ], "texture": "#texture" },
        "west":  { "uv": [ 5, 5.5, 5.5, 7 ], "texture": "#texture" },
        "east":  { "uv": [ 5.5, 5.5, 5, 7 ], "texture": "#texture" }
    }
},
{
    "from": [ 6.5, 9.5, 4.5 ],
    "to": [ 9, 10, 5 ],
    "faces": {
        "down":  { "uv": [ 4.5, 6.5, 5, 6 ], "texture": "#texture" },
        "up":    { "uv": [ 4.5, 6, 5, 6.5 ], "texture": "#texture" },
        "north": { "uv": [ 4.5, 6, 5, 6.5 ], "texture": "#texture" },
        "south": { "uv": [ 5, 6, 4.5, 6.5 ], "texture": "#texture" },
        "west":  { "uv": [ 4.5, 6, 5, 6.5 ], "texture": "#texture" },
        "east":  { "uv": [ 5, 6, 4.5, 6.5 ], "texture": "#texture" }
    }
},
{
    "from": [ 6.5, 10.5, 6.5 ],
    "to": [ 9, 11, 7 ],
    "faces": {
        "down":  { "uv": [ 6.5, 5.5, 7, 5 ], "texture": "#texture" },
        "up":    { "uv": [ 6.5, 5, 7, 5.5 ], "texture": "#texture" },
        "north": { "uv": [ 6.5, 5, 7, 5.5 ], "texture": "#texture" },
        "south": { "uv": [ 7, 5, 6.5, 5.5 ], "texture": "#texture" },
        "west":  { "uv": [ 6.5, 5, 7, 5.5 ], "texture": "#texture" },
        "east":  { "uv": [ 7, 5, 6.5, 5.5 ], "texture": "#texture" }
    }
},
{
    "from": [ 7, 9.5, 4 ],
    "to": [ 8.5, 10, 4.5 ],
    "faces": {
        "down":  { "uv": [ 4, 6.5, 4.5, 6 ], "texture": "#texture" },
        "up":    { "uv": [ 4, 6, 4.5, 6.5 ], "texture": "#texture" },
        "north": { "uv": [ 4, 6, 4.5, 6.5 ], "texture": "#texture" },
        "south": { "uv": [ 4.5, 6, 4, 6.5 ], "texture": "#texture" },
        "west":  { "uv": [ 4, 6, 4.5, 6.5 ], "texture": "#texture" },
        "east":  { "uv": [ 4.5, 6, 4, 6.5 ], "texture": "#texture" }
    }
},
{
    "from": [ 7, 10, 4.5 ],
    "to": [ 8.5, 10.5, 5 ],
    "faces": {
        "down":  { "uv": [ 4.5, 6, 5, 5.5 ], "texture": "#texture" },
        "up":    { "uv": [ 4.5, 5.5, 5, 6 ], "texture": "#texture" },
        "north": { "uv": [ 4.5, 5.5, 5, 6 ], "texture": "#texture" },
        "south": { "uv": [ 5, 5.5, 4.5, 6 ], "texture": "#texture" },
        "west":  { "uv": [ 4.5, 5.5, 5, 6 ], "texture": "#texture" },
        "east":  { "uv": [ 5, 5.5, 4.5, 6 ], "texture": "#texture" }
    }
},
{
    "from": [ 7, 10.5, 5 ],
    "to": [ 8.5, 11, 5.5 ],
    "faces": {
        "down":  { "uv": [ 5, 5.5, 5.5, 5 ], "texture": "#texture" },
        "up":    { "uv": [ 5, 5, 5.5, 5.5 ], "texture": "#texture" },
        "north": { "uv": [ 5, 5, 5.5, 5.5 ], "texture": "#texture" },
        "south": { "uv": [ 5.5, 5, 5, 5.5 ], "texture": "#texture" },
        "west":  { "uv": [ 5, 5, 5.5, 5.5 ], "texture": "#texture" },
        "east":  { "uv": [ 5.5, 5, 5, 5.5 ], "texture": "#texture" }
    }
},
{
    "from": [ 7, 9, 4.5 ],
    "to": [ 8.5, 9.5, 5 ],
    "faces": {
        "down":  { "uv": [ 4.5, 7, 5, 6.5 ], "texture": "#texture" },
        "up":    { "uv": [ 4.5, 6.5, 5, 7 ], "texture": "#texture" },
        "north": { "uv": [ 4.5, 6.5, 5, 7 ], "texture": "#texture" },
        "south": { "uv": [ 5, 6.5, 4.5, 7 ], "texture": "#texture" },
        "west":  { "uv": [ 4.5, 6.5, 5, 7 ], "texture": "#texture" },
        "east":  { "uv": [ 5, 6.5, 4.5, 7 ], "texture": "#texture" }
    }
},
{
    "from": [ 7, 8.5, 5 ],
    "to": [ 8.5, 9, 5.5 ],
    "faces": {
        "down":  { "uv": [ 5, 7.5, 5.5, 7 ], "texture": "#texture" },
        "up":    { "uv": [ 5, 7, 5.5, 7.5 ], "texture": "#texture" },
        "north": { "uv": [ 5, 7, 5.5, 7.5 ], "texture": "#texture" },
        "south": { "uv": [ 5.5, 7, 5, 7.5 ], "texture": "#texture" },
        "west":  { "uv": [ 5, 7, 5.5, 7.5 ], "texture": "#texture" },
        "east":  { "uv": [ 5.5, 7, 5, 7.5 ], "texture": "#texture" }
    }
},
{
    "from": [ 7, 9, 5.5 ],
    "to": [ 8.5, 9.5, 6 ],
    "faces": {
        "down":  { "uv": [ 5.5, 7, 6, 6.5 ], "texture": "#texture" },
        "up":    { "uv": [ 5.5, 6.5, 6, 7 ], "texture": "#texture" },
        "north": { "uv": [ 5.5, 6.5, 6, 7 ], "texture": "#texture" },
        "south": { "uv": [ 6, 6.5, 5.5, 7 ], "texture": "#texture" },
        "west":  { "uv": [ 5.5, 6.5, 6, 7 ], "texture": "#texture" },
        "east":  { "uv": [ 6, 6.5, 5.5, 7 ], "texture": "#texture" }
    }
},
{
    "from": [ 7, 9.5, 6 ],
    "to": [ 8.5, 10, 6.5 ],
    "faces": {
        "down":  { "uv": [ 6, 6.5, 6.5, 6 ], "texture": "#texture" },
        "up":    { "uv": [ 6, 6, 6.5, 6.5 ], "texture": "#texture" },
        "north": { "uv": [ 6, 6, 6.5, 6.5 ], "texture": "#texture" },
        "south": { "uv": [ 6.5, 6, 6, 6.5 ], "texture": "#texture" },
        "west":  { "uv": [ 6, 6, 6.5, 6.5 ], "texture": "#texture" },
        "east":  { "uv": [ 6.5, 6, 6, 6.5 ], "texture": "#texture" }
    }
},
{
    "from": [ 7, 10, 6.5 ],
    "to": [ 8.5, 10.5, 7 ],
    "faces": {
        "down":  { "uv": [ 6.5, 6, 7, 5.5 ], "texture": "#texture" },
        "up":    { "uv": [ 6.5, 5.5, 7, 6 ], "texture": "#texture" },
        "north": { "uv": [ 6.5, 5.5, 7, 6 ], "texture": "#texture" },
        "south": { "uv": [ 7, 5.5, 6.5, 6 ], "texture": "#texture" },
        "west":  { "uv": [ 6.5, 5.5, 7, 6 ], "texture": "#texture" },
        "east":  { "uv": [ 7, 5.5, 6.5, 6 ], "texture": "#texture" }
    }
},
{
    "from": [ 7, 10.5, 7 ],
    "to": [ 8.5, 11, 7.5 ],
    "faces": {
        "down":  { "uv": [ 7, 5.5, 7.5, 5 ], "texture": "#texture" },
        "up":    { "uv": [ 7, 5, 7.5, 5.5 ], "texture": "#texture" },
        "north": { "uv": [ 7, 5, 7.5, 5.5 ], "texture": "#texture" },
        "south": { "uv": [ 7.5, 5, 7, 5.5 ], "texture": "#texture" },
        "west":  { "uv": [ 7, 5, 7.5, 5.5 ], "texture": "#texture" },
        "east":  { "uv": [ 7.5, 5, 7, 5.5 ], "texture": "#texture" }
    }
},
{
    "from": [ 7, 11, 6.5 ],
    "to": [ 8.5, 11.5, 7 ],
    "faces": {
        "down":  { "uv": [ 6.5, 5, 7, 4.5 ], "texture": "#texture" },
        "up":    { "uv": [ 6.5, 4.5, 7, 5 ], "texture": "#texture" },
        "north": { "uv": [ 6.5, 4.5, 7, 5 ], "texture": "#texture" },
        "south": { "uv": [ 7, 4.5, 6.5, 5 ], "texture": "#texture" },
        "west":  { "uv": [ 6.5, 4.5, 7, 5 ], "texture": "#texture" },
        "east":  { "uv": [ 7, 4.5, 6.5, 5 ], "texture": "#texture" }
    }
},
{
    "from": [ 7, 11.5, 6 ],
    "to": [ 8.5, 12, 6.5 ],
    "faces": {
        "down":  { "uv": [ 6, 4.5, 6.5, 4 ], "texture": "#texture" },
        "up":    { "uv": [ 6, 4, 6.5, 4.5 ], "texture": "#texture" },
        "north": { "uv": [ 6, 4, 6.5, 4.5 ], "texture": "#texture" },
        "south": { "uv": [ 6.5, 4, 6, 4.5 ], "texture": "#texture" },
        "west":  { "uv": [ 6, 4, 6.5, 4.5 ], "texture": "#texture" },
        "east":  { "uv": [ 6.5, 4, 6, 4.5 ], "texture": "#texture" }
    }
},
{
    "from": [ 7, 11, 5.5 ],
    "to": [ 8.5, 11.5, 6 ],
    "faces": {
        "down":  { "uv": [ 5.5, 5, 6, 4.5 ], "texture": "#texture" },
        "up":    { "uv": [ 5.5, 4.5, 6, 5 ], "texture": "#texture" },
        "north": { "uv": [ 5.5, 4.5, 6, 5 ], "texture": "#texture" },
        "south": { "uv": [ 6, 4.5, 5.5, 5 ], "texture": "#texture" },
        "west":  { "uv": [ 5.5, 4.5, 6, 5 ], "texture": "#texture" },
        "east":  { "uv": [ 6, 4.5, 5.5, 5 ], "texture": "#texture" }
    }
},
{
    "from": [ 7, 13.5, 15 ],
    "to": [ 8.5, 14, 15.5 ],
    "faces": {
        "down":  { "uv": [ 6, 4, 6.5, 3.5 ], "texture": "#texture" },
        "up":    { "uv": [ 6, 3.5, 6.5, 4 ], "texture": "#texture" },
        "north": { "uv": [ 6, 3.5, 6.5, 4 ], "texture": "#texture" },
        "south": { "uv": [ 7, 3.5, 6.5, 4 ], "texture": "#texture" },
        "west":  { "uv": [ 6, 3.5, 7, 4 ], "texture": "#texture" },
        "east":  { "uv": [ 7, 3.5, 6, 4 ], "texture": "#texture" }
    }
},
{
    "from": [ 7, 13, 12.5 ],
    "to": [ 8.5, 13.5, 15 ],
    "faces": {
        "down":  { "uv": [ 6, 4, 6.5, 3.5 ], "texture": "#texture" },
        "up":    { "uv": [ 6, 3.5, 6.5, 4 ], "texture": "#texture" },
        "north": { "uv": [ 6, 3.5, 6.5, 4 ], "texture": "#texture" },
        "south": { "uv": [ 7, 3.5, 6.5, 4 ], "texture": "#texture" },
        "west":  { "uv": [ 6, 3.5, 7, 4 ], "texture": "#texture" },
        "east":  { "uv": [ 7, 3.5, 6, 4 ], "texture": "#texture" }
    }
},
{
    "from": [ 7, 12.5, 11 ],
    "to": [ 8.5, 13, 12.5 ],
    "faces": {
        "down":  { "uv": [ 6, 4, 6.5, 3.5 ], "texture": "#texture" },
        "up":    { "uv": [ 6, 3.5, 6.5, 4 ], "texture": "#texture" },
        "north": { "uv": [ 6, 3.5, 6.5, 4 ], "texture": "#texture" },
        "south": { "uv": [ 7, 3.5, 6.5, 4 ], "texture": "#texture" },
        "west":  { "uv": [ 6, 3.5, 7, 4 ], "texture": "#texture" },
        "east":  { "uv": [ 7, 3.5, 6, 4 ], "texture": "#texture" }
    }
},
{
    "from": [ 7, 12, 9.5 ],
    "to": [ 8.5, 12.5, 11 ],
    "faces": {
        "down":  { "uv": [ 6, 4, 6.5, 3.5 ], "texture": "#texture" },
        "up":    { "uv": [ 6, 3.5, 6.5, 4 ], "texture": "#texture" },
        "north": { "uv": [ 6, 3.5, 6.5, 4 ], "texture": "#texture" },
        "south": { "uv": [ 7, 3.5, 6.5, 4 ], "texture": "#texture" },
        "west":  { "uv": [ 6, 3.5, 7, 4 ], "texture": "#texture" },
        "east":  { "uv": [ 7, 3.5, 6, 4 ], "texture": "#texture" }
    }
},
{
    "from": [ 7, 11.5, 8.5 ],
    "to": [ 8.5, 12, 9.5 ],
    "faces": {
        "down":  { "uv": [ 6, 4, 6.5, 3.5 ], "texture": "#texture" },
        "up":    { "uv": [ 6, 3.5, 6.5, 4 ], "texture": "#texture" },
        "north": { "uv": [ 6, 3.5, 6.5, 4 ], "texture": "#texture" },
        "south": { "uv": [ 7, 3.5, 6.5, 4 ], "texture": "#texture" },
        "west":  { "uv": [ 6, 3.5, 7, 4 ], "texture": "#texture" },
        "east":  { "uv": [ 7, 3.5, 6, 4 ], "texture": "#texture" }
    }
},
{
    "from": [ 7, 11, 7.5 ],
    "to": [ 8.5, 11.5, 8.5 ],
    "faces": {
        "down":  { "uv": [ 6, 4, 6.5, 3.5 ], "texture": "#texture" },
        "up":    { "uv": [ 6, 3.5, 6.5, 4 ], "texture": "#texture" },
        "north": { "uv": [ 6, 3.5, 6.5, 4 ], "texture": "#texture" },
        "south": { "uv": [ 7, 3.5, 6.5, 4 ], "texture": "#texture" },
        "west":  { "uv": [ 6, 3.5, 7, 4 ], "texture": "#texture" },
        "east":  { "uv": [ 7, 3.5, 6, 4 ], "texture": "#texture" }
    }
},
{
    "from": [ 7, 7.5, 4.5 ],
    "to": [ 8.5, 8.5, 5 ],
    "faces": {
        "down":  { "uv": [ 6, 4, 6.5, 3.5 ], "texture": "#texture" },
        "up":    { "uv": [ 6, 3.5, 6.5, 4 ], "texture": "#texture" },
        "north": { "uv": [ 6, 3.5, 6.5, 4 ], "texture": "#texture" },
        "south": { "uv": [ 7, 3.5, 6.5, 4 ], "texture": "#texture" },
        "west":  { "uv": [ 6, 3.5, 7, 4 ], "texture": "#texture" },
        "east":  { "uv": [ 7, 3.5, 6, 4 ], "texture": "#texture" }
    }
},
{
    "from": [ 7, 6.5, 4 ],
    "to": [ 8.5, 7.5, 4.5 ],
    "faces": {
        "down":  { "uv": [ 6, 4, 6.5, 3.5 ], "texture": "#texture" },
        "up":    { "uv": [ 6, 3.5, 6.5, 4 ], "texture": "#texture" },
        "north": { "uv": [ 6, 3.5, 6.5, 4 ], "texture": "#texture" },
        "south": { "uv": [ 7, 3.5, 6.5, 4 ], "texture": "#texture" },
        "west":  { "uv": [ 6, 3.5, 7, 4 ], "texture": "#texture" },
        "east":  { "uv": [ 7, 3.5, 6, 4 ], "texture": "#texture" }
    }
},
{
    "from": [ 7, 5, 3.5 ],
    "to": [ 8.5, 6.5, 4 ],
    "faces": {
        "down":  { "uv": [ 6, 4, 6.5, 3.5 ], "texture": "#texture" },
        "up":    { "uv": [ 6, 3.5, 6.5, 4 ], "texture": "#texture" },
        "north": { "uv": [ 6, 3.5, 6.5, 4 ], "texture": "#texture" },
        "south": { "uv": [ 7, 3.5, 6.5, 4 ], "texture": "#texture" },
        "west":  { "uv": [ 6, 3.5, 7, 4 ], "texture": "#texture" },
        "east":  { "uv": [ 7, 3.5, 6, 4 ], "texture": "#texture" }
    }
},
{
    "from": [ 7, 3.5, 3 ],
    "to": [ 8.5, 5, 3.5 ],
    "faces": {
        "down":  { "uv": [ 6, 4, 6.5, 3.5 ], "texture": "#texture" },
        "up":    { "uv": [ 6, 3.5, 6.5, 4 ], "texture": "#texture" },
        "north": { "uv": [ 6, 3.5, 6.5, 4 ], "texture": "#texture" },
        "south": { "uv": [ 7, 3.5, 6.5, 4 ], "texture": "#texture" },
        "west":  { "uv": [ 6, 3.5, 7, 4 ], "texture": "#texture" },
        "east":  { "uv": [ 7, 3.5, 6, 4 ], "texture": "#texture" }
    }
},
{
    "from": [ 7, 1, 2.5 ],
    "to": [ 8.5, 3.5, 3 ],
    "faces": {
        "down":  { "uv": [ 6, 4, 6.5, 3.5 ], "texture": "#texture" },
        "up":    { "uv": [ 6, 3.5, 6.5, 4 ], "texture": "#texture" },
        "north": { "uv": [ 6, 3.5, 6.5, 4 ], "texture": "#texture" },
        "south": { "uv": [ 7, 3.5, 6.5, 4 ], "texture": "#texture" },
        "west":  { "uv": [ 6, 3.5, 7, 4 ], "texture": "#texture" },
        "east":  { "uv": [ 7, 3.5, 6, 4 ], "texture": "#texture" }
    }
},
{
    "from": [ 7, 0.5, 2 ],
    "to": [ 8.5, 1, 2.5 ],
    "faces": {
        "down":  { "uv": [ 6, 4, 6.5, 3.5 ], "texture": "#texture" },
        "up":    { "uv": [ 6, 3.5, 6.5, 4 ], "texture": "#texture" },
        "north": { "uv": [ 6, 3.5, 6.5, 4 ], "texture": "#texture" },
        "south": { "uv": [ 7, 3.5, 6.5, 4 ], "texture": "#texture" },
        "west":  { "uv": [ 6, 3.5, 7, 4 ], "texture": "#texture" },
        "east":  { "uv": [ 7, 3.5, 6, 4 ], "texture": "#texture" }
    }
},
{
    "from": [ 7.5, 12.5, 14 ],
    "to": [ 8, 13, 14.5 ],
    "faces": {
        "down":  { "uv": [ 10, 2, 10.5, 1.5 ], "texture": "#string" },
        "up":    { "uv": [ 10, 1.5, 10.5, 2 ], "texture": "#string" },
        "north": { "uv": [ 10, 1.5, 10.5, 2 ], "texture": "#string" },
        "south": { "uv": [ 10.5, 1.5, 10, 2 ], "texture": "#string" },
        "west":  { "uv": [ 10, 1.5, 10.5, 2 ], "texture": "#string" },
        "east":  { "uv": [ 10.5, 1.5, 10, 2 ], "texture": "#string" }
    }
},
{
    "from": [ 7.5, 12, 13.5 ],
    "to": [ 8, 12.5, 14 ],
    "faces": {
        "down":  { "uv": [ 10, 2, 10.5, 1.5 ], "texture": "#string" },
        "up":    { "uv": [ 10, 1.5, 10.5, 2 ], "texture": "#string" },
        "north": { "uv": [ 10, 1.5, 10.5, 2 ], "texture": "#string" },
        "south": { "uv": [ 10.5, 1.5, 10, 2 ], "texture": "#string" },
        "west":  { "uv": [ 10, 1.5, 10.5, 2 ], "texture": "#string" },
        "east":  { "uv": [ 10.5, 1.5, 10, 2 ], "texture": "#string" }
    }
},
{
    "from": [ 7.5, 11, 12.5 ],
    "to": [ 8, 11.5, 13 ],
    "faces": {
        "down":  { "uv": [ 10, 2, 10.5, 1.5 ], "texture": "#string" },
        "up":    { "uv": [ 10, 1.5, 10.5, 2 ], "texture": "#string" },
        "north": { "uv": [ 10, 1.5, 10.5, 2 ], "texture": "#string" },
        "south": { "uv": [ 10.5, 1.5, 10, 2 ], "texture": "#string" },
        "west":  { "uv": [ 10, 1.5, 10.5, 2 ], "texture": "#string" },
        "east":  { "uv": [ 10.5, 1.5, 10, 2 ], "texture": "#string" }
    }
},
{
    "from": [ 7.5, 10.5, 12 ],
    "to": [ 8, 11, 12.5 ],
    "faces": {
        "down":  { "uv": [ 10, 2, 10.5, 1.5 ], "texture": "#string" },
        "up":    { "uv": [ 10, 1.5, 10.5, 2 ], "texture": "#string" },
        "north": { "uv": [ 10, 1.5, 10.5, 2 ], "texture": "#string" },
        "south": { "uv": [ 10.5, 1.5, 10, 2 ], "texture": "#string" },
        "west":  { "uv": [ 10, 1.5, 10.5, 2 ], "texture": "#string" },
        "east":  { "uv": [ 10.5, 1.5, 10, 2 ], "texture": "#string" }
    }
},
{
    "from": [ 7.5, 10, 11.5 ],
    "to": [ 8, 10.5, 12 ],
    "faces": {
        "down":  { "uv": [ 10, 2, 10.5, 1.5 ], "texture": "#string" },
        "up":    { "uv": [ 10, 1.5, 10.5, 2 ], "texture": "#string" },
        "north": { "uv": [ 10, 1.5, 10.5, 2 ], "texture": "#string" },
        "south": { "uv": [ 10.5, 1.5, 10, 2 ], "texture": "#string" },
        "west":  { "uv": [ 10, 1.5, 10.5, 2 ], "texture": "#string" },
        "east":  { "uv": [ 10.5, 1.5, 10, 2 ], "texture": "#string" }
    }
},
{
    "from": [ 7.5, 8.5, 10 ],
    "to": [ 8, 9, 10.5 ],
    "faces": {
        "down":  { "uv": [ 10, 2, 10.5, 1.5 ], "texture": "#string" },
        "up":    { "uv": [ 10, 1.5, 10.5, 2 ], "texture": "#string" },
        "north": { "uv": [ 10, 1.5, 10.5, 2 ], "texture": "#string" },
        "south": { "uv": [ 10.5, 1.5, 10, 2 ], "texture": "#string" },
        "west":  { "uv": [ 10, 1.5, 10.5, 2 ], "texture": "#string" },
        "east":  { "uv": [ 10.5, 1.5, 10, 2 ], "texture": "#string" }
    }
},
{
    "from": [ 7.5, 8, 9.5 ],
    "to": [ 8, 8.5, 10 ],
    "faces": {
        "down":  { "uv": [ 10, 2, 10.5, 1.5 ], "texture": "#string" },
        "up":    { "uv": [ 10, 1.5, 10.5, 2 ], "texture": "#string" },
        "north": { "uv": [ 10, 1.5, 10.5, 2 ], "texture": "#string" },
        "south": { "uv": [ 10.5, 1.5, 10, 2 ], "texture": "#string" },
        "west":  { "uv": [ 10, 1.5, 10.5, 2 ], "texture": "#string" },
        "east":  { "uv": [ 10.5, 1.5, 10, 2 ], "texture": "#string" }
    }
},
{
    "from": [ 7.5, 7, 8.5 ],
    "to": [ 8, 7.5, 9 ],
    "faces": {
        "down":  { "uv": [ 10, 2, 10.5, 1.5 ], "texture": "#string" },
        "up":    { "uv": [ 10, 1.5, 10.5, 2 ], "texture": "#string" },
        "north": { "uv": [ 10, 1.5, 10.5, 2 ], "texture": "#string" },
        "south": { "uv": [ 10.5, 1.5, 10, 2 ], "texture": "#string" },
        "west":  { "uv": [ 10, 1.5, 10.5, 2 ], "texture": "#string" },
        "east":  { "uv": [ 10.5, 1.5, 10, 2 ], "texture": "#string" }
    }
},
{
    "from": [ 7.5, 5.5, 7 ],
    "to": [ 8, 6, 7.5 ],
    "faces": {
        "down":  { "uv": [ 10, 2, 10.5, 1.5 ], "texture": "#string" },
        "up":    { "uv": [ 10, 1.5, 10.5, 2 ], "texture": "#string" },
        "north": { "uv": [ 10, 1.5, 10.5, 2 ], "texture": "#string" },
        "south": { "uv": [ 10.5, 1.5, 10, 2 ], "texture": "#string" },
        "west":  { "uv": [ 10, 1.5, 10.5, 2 ], "texture": "#string" },
        "east":  { "uv": [ 10.5, 1.5, 10, 2 ], "texture": "#string" }
    }
},
{
    "from": [ 7.5, 4.5, 6 ],
    "to": [ 8, 5, 6.5 ],
    "faces": {
        "down":  { "uv": [ 10, 2, 10.5, 1.5 ], "texture": "#string" },
        "up":    { "uv": [ 10, 1.5, 10.5, 2 ], "texture": "#string" },
        "north": { "uv": [ 10, 1.5, 10.5, 2 ], "texture": "#string" },
        "south": { "uv": [ 10.5, 1.5, 10, 2 ], "texture": "#string" },
        "west":  { "uv": [ 10, 1.5, 10.5, 2 ], "texture": "#string" },
        "east":  { "uv": [ 10.5, 1.5, 10, 2 ], "texture": "#string" }
    }
},
{
    "from": [ 7.5, 4, 5.5 ],
    "to": [ 8, 4.5, 6 ],
    "faces": {
        "down":  { "uv": [ 10, 2, 10.5, 1.5 ], "texture": "#string" },
        "up":    { "uv": [ 10, 1.5, 10.5, 2 ], "texture": "#string" },
        "north": { "uv": [ 10, 1.5, 10.5, 2 ], "texture": "#string" },
        "south": { "uv": [ 10.5, 1.5, 10, 2 ], "texture": "#string" },
        "west":  { "uv": [ 10, 1.5, 10.5, 2 ], "texture": "#string" },
        "east":  { "uv": [ 10.5, 1.5, 10, 2 ], "texture": "#string" }
    }
},
{
    "from": [ 7.5, 3.5, 5 ],
    "to": [ 8, 4, 5.5 ],
    "faces": {
        "down":  { "uv": [ 10, 2, 10.5, 1.5 ], "texture": "#string" },
        "up":    { "uv": [ 10, 1.5, 10.5, 2 ], "texture": "#string" },
        "north": { "uv": [ 10, 1.5, 10.5, 2 ], "texture": "#string" },
        "south": { "uv": [ 10.5, 1.5, 10, 2 ], "texture": "#string" },
        "west":  { "uv": [ 10, 1.5, 10.5, 2 ], "texture": "#string" },
        "east":  { "uv": [ 10.5, 1.5, 10, 2 ], "texture": "#string" }
    }
},
{
    "from": [ 7.5, 3, 4.5 ],
    "to": [ 8, 3.5, 5 ],
    "faces": {
        "down":  { "uv": [ 10, 2, 10.5, 1.5 ], "texture": "#string" },
        "up":    { "uv": [ 10, 1.5, 10.5, 2 ], "texture": "#string" },
        "north": { "uv": [ 10, 1.5, 10.5, 2 ], "texture": "#string" },
        "south": { "uv": [ 10.5, 1.5, 10, 2 ], "texture": "#string" },
        "west":  { "uv": [ 10, 1.5, 10.5, 2 ], "texture": "#string" },
        "east":  { "uv": [ 10.5, 1.5, 10, 2 ], "texture": "#string" }
    }
},
{
    "from": [ 7.5, 2, 3.5 ],
    "to": [ 8, 2.5, 4 ],
    "faces": {
        "down":  { "uv": [ 10, 2, 10.5, 1.5 ], "texture": "#string" },
        "up":    { "uv": [ 10, 1.5, 10.5, 2 ], "texture": "#string" },
        "north": { "uv": [ 10, 1.5, 10.5, 2 ], "texture": "#string" },
        "south": { "uv": [ 10.5, 1.5, 10, 2 ], "texture": "#string" },
        "west":  { "uv": [ 10, 1.5, 10.5, 2 ], "texture": "#string" },
        "east":  { "uv": [ 10.5, 1.5, 10, 2 ], "texture": "#string" }
    }
},
{
    "from": [ 7.5, 5, 6.5 ],
    "to": [ 8, 5.5, 7 ],
    "faces": {
        "down":  { "uv": [ 10.5, 2, 11, 1.5 ], "texture": "#string" },
        "up":    { "uv": [ 10.5, 1.5, 11, 2 ], "texture": "#string" },
        "north": { "uv": [ 10.5, 1.5, 11, 2 ], "texture": "#string" },
        "south": { "uv": [ 11, 1.5, 10.5, 2 ], "texture": "#string" },
        "west":  { "uv": [ 10.5, 1.5, 11, 2 ], "texture": "#string" },
        "east":  { "uv": [ 11, 1.5, 10.5, 2 ], "texture": "#string" }
    }
},
{
    "from": [ 7.5, 6, 7.5 ],
    "to": [ 8, 6.5, 8 ],
    "faces": {
        "down":  { "uv": [ 10.5, 2, 11, 1.5 ], "texture": "#string" },
        "up":    { "uv": [ 10.5, 1.5, 11, 2 ], "texture": "#string" },
        "north": { "uv": [ 10.5, 1.5, 11, 2 ], "texture": "#string" },
        "south": { "uv": [ 11, 1.5, 10.5, 2 ], "texture": "#string" },
        "west":  { "uv": [ 10.5, 1.5, 11, 2 ], "texture": "#string" },
        "east":  { "uv": [ 11, 1.5, 10.5, 2 ], "texture": "#string" }
    }
},
{
    "from": [ 7.5, 6.5, 8 ],
    "to": [ 8, 7, 8.5 ],
    "faces": {
        "down":  { "uv": [ 10.5, 2, 11, 1.5 ], "texture": "#string" },
        "up":    { "uv": [ 10.5, 1.5, 11, 2 ], "texture": "#string" },
        "north": { "uv": [ 10.5, 1.5, 11, 2 ], "texture": "#string" },
        "south": { "uv": [ 11, 1.5, 10.5, 2 ], "texture": "#string" },
        "west":  { "uv": [ 10.5, 1.5, 11, 2 ], "texture": "#string" },
        "east":  { "uv": [ 11, 1.5, 10.5, 2 ], "texture": "#string" }
    }
},
{
    "from": [ 7.5, 2.5, 4 ],
    "to": [ 8, 3, 4.5 ],
    "faces": {
        "down":  { "uv": [ 10.5, 2, 11, 1.5 ], "texture": "#string" },
        "up":    { "uv": [ 10.5, 1.5, 11, 2 ], "texture": "#string" },
        "north": { "uv": [ 10.5, 1.5, 11, 2 ], "texture": "#string" },
        "south": { "uv": [ 11, 1.5, 10.5, 2 ], "texture": "#string" },
        "west":  { "uv": [ 10.5, 1.5, 11, 2 ], "texture": "#string" },
        "east":  { "uv": [ 11, 1.5, 10.5, 2 ], "texture": "#string" }
    }
},
{
    "from": [ 7.5, 1.5, 3 ],
    "to": [ 8, 2, 3.5 ],
    "faces": {
        "down":  { "uv": [ 10.5, 2, 11, 1.5 ], "texture": "#string" },
        "up":    { "uv": [ 10.5, 1.5, 11, 2 ], "texture": "#string" },
        "north": { "uv": [ 10.5, 1.5, 11, 2 ], "texture": "#string" },
        "south": { "uv": [ 11, 1.5, 10.5, 2 ], "texture": "#string" },
        "west":  { "uv": [ 10.5, 1.5, 11, 2 ], "texture": "#string" },
        "east":  { "uv": [ 11, 1.5, 10.5, 2 ], "texture": "#string" }
    }
},
{
    "from": [ 7.5, 7.5, 9 ],
    "to": [ 8, 8, 9.5 ],
    "faces": {
        "down":  { "uv": [ 10.5, 2, 11, 1.5 ], "texture": "#string" },
        "up":    { "uv": [ 10.5, 1.5, 11, 2 ], "texture": "#string" },
        "north": { "uv": [ 10.5, 1.5, 11, 2 ], "texture": "#string" },
        "south": { "uv": [ 11, 1.5, 10.5, 2 ], "texture": "#string" },
        "west":  { "uv": [ 10.5, 1.5, 11, 2 ], "texture": "#string" },
        "east":  { "uv": [ 11, 1.5, 10.5, 2 ], "texture": "#string" }
    }
},
{
    "from": [ 7.5, 9, 10.5 ],
    "to": [ 8, 9.5, 11 ],
    "faces": {
        "down":  { "uv": [ 10.5, 2, 11, 1.5 ], "texture": "#string" },
        "up":    { "uv": [ 10.5, 1.5, 11, 2 ], "texture": "#string" },
        "north": { "uv": [ 10.5, 1.5, 11, 2 ], "texture": "#string" },
        "south": { "uv": [ 11, 1.5, 10.5, 2 ], "texture": "#string" },
        "west":  { "uv": [ 10.5, 1.5, 11, 2 ], "texture": "#string" },
        "east":  { "uv": [ 11, 1.5, 10.5, 2 ], "texture": "#string" }
    }
},
{
    "from": [ 7.5, 9.5, 11 ],
    "to": [ 8, 10, 11.5 ],
    "faces": {
        "down":  { "uv": [ 10.5, 2, 11, 1.5 ], "texture": "#string" },
        "up":    { "uv": [ 10.5, 1.5, 11, 2 ], "texture": "#string" },
        "north": { "uv": [ 10.5, 1.5, 11, 2 ], "texture": "#string" },
        "south": { "uv": [ 11, 1.5, 10.5, 2 ], "texture": "#string" },
        "west":  { "uv": [ 10.5, 1.5, 11, 2 ], "texture": "#string" },
        "east":  { "uv": [ 11, 1.5, 10.5, 2 ], "texture": "#string" }
    }
},
{
    "from": [ 7.5, 11.5, 13 ],
    "to": [ 8, 12, 13.5 ],
    "faces": {
        "down":  { "uv": [ 10.5, 2, 11, 1.5 ], "texture": "#string" },
        "up":    { "uv": [ 10.5, 1.5, 11, 2 ], "texture": "#string" },
        "north": { "uv": [ 10.5, 1.5, 11, 2 ], "texture": "#string" },
        "south": { "uv": [ 11, 1.5, 10.5, 2 ], "texture": "#string" },
        "west":  { "uv": [ 10.5, 1.5, 11, 2 ], "texture": "#string" },
        "east":  { "uv": [ 11, 1.5, 10.5, 2 ], "texture": "#string" }
    }
}
],
"display": {
    "thirdperson": {
        "rotation": [ 0, 0, 0 ],
        "translation": [ 0, 0, 0 ],
        "scale": [ 1, 1.5, 1.5 ]
    },
    "ground": {
        "rotation": [ 0, 0, 0 ],
        "translation": [ 0, -10.7, 0 ],
        "scale": [ 3, 3, 3 ]
    },
    "fixed": {
        "rotation": [ 0, -90, 0 ],
        "translation": [ 0, 0, 0 ],
        "scale": [ 2, 2, 2 ]
    },
    "firstperson": {
        "rotation": [ -40, -44, 0 ],
        "translation": [ -9.1, 10.3, -3.8 ],
        "scale": [ 1.4, 2, 2 ]
    },
    "gui": {
        "rotation": [ 0, 27, 3 ],
        "translation": [ 0, 0, 0 ],
        "scale": [ 1.5, 1.5, 1.5 ]
    }
}
}