{
"__comment": "Designed by Bamatois with BDcraft Cubik PRO 0.93 Beta - http://bdcraft.net",
"textures": {
    "texture": "items/bow_pulling_0",
    "string": "items/string"
},
"elements": [ 
{
    "from": [ 6.5, 5, 3 ],
    "to": [ 9, 8, 3.5 ],
    "faces": {
        "down":  { "uv": [ 3, 11, 3.5, 10.5 ], "texture": "#texture" },
        "up":    { "uv": [ 3, 8, 3.5, 8.5 ], "texture": "#texture" },
        "north": { "uv": [ 3, 8, 3.5, 11 ], "texture": "#texture" },
        "south": { "uv": [ 3.5, 8, 3, 11 ], "texture": "#texture" },
        "west":  { "uv": [ 3, 8, 3.5, 11 ], "texture": "#texture" },
        "east":  { "uv": [ 3.5, 8, 3, 11 ], "texture": "#texture" }
    }
},
{
    "from": [ 6.5, 6.5, 3.5 ],
    "to": [ 9, 9, 4 ],
    "faces": {
        "down":  { "uv": [ 3.5, 9.5, 4, 9 ], "texture": "#texture" },
        "up":    { "uv": [ 3.5, 7, 4, 7.5 ], "texture": "#texture" },
        "north": { "uv": [ 3.5, 7, 4, 9.5 ], "texture": "#texture" },
        "south": { "uv": [ 4, 7, 3.5, 9.5 ], "texture": "#texture" },
        "west":  { "uv": [ 3.5, 7, 4, 9.5 ], "texture": "#texture" },
        "east":  { "uv": [ 4, 7, 3.5, 9.5 ], "texture": "#texture" }
    }
},
{
    "from": [ 6.5, 7.5, 4 ],
    "to": [ 9, 9.5, 4.5 ],
    "faces": {
        "down":  { "uv": [ 4, 8.5, 4.5, 8 ], "texture": "#texture" },
        "up":    { "uv": [ 4, 6.5, 4.5, 7 ], "texture": "#texture" },
        "north": { "uv": [ 4, 6.5, 4.5, 8.5 ], "texture": "#texture" },
        "south": { "uv": [ 4.5, 6.5, 4, 8.5 ], "texture": "#texture" },
        "west":  { "uv": [ 4, 6.5, 4.5, 8.5 ], "texture": "#texture" },
        "east":  { "uv": [ 4.5, 6.5, 4, 8.5 ], "texture": "#texture" }
    }
},
{
    "from": [ 6.5, 8.5, 4.5 ],
    "to": [ 9, 9, 5 ],
    "faces": {
        "down":  { "uv": [ 4.5, 7.5, 5, 7 ], "texture": "#texture" },
        "up":    { "uv": [ 4.5, 7, 5, 7.5 ], "texture": "#texture" },
        "north": { "uv": [ 4.5, 7, 5, 7.5 ], "texture": "#texture" },
        "south": { "uv": [ 5, 7, 4.5, 7.5 ], "texture": "#texture" },
        "west":  { "uv": [ 4.5, 7, 5, 7.5 ], "texture": "#texture" },
        "east":  { "uv": [ 5, 7, 4.5, 7.5 ], "texture": "#texture" }
    }
},
{
    "from": [ 6.5, 3.5, 2.5 ],
    "to": [ 9, 6.5, 3 ],
    "faces": {
        "down":  { "uv": [ 2.5, 12.5, 3, 12 ], "texture": "#texture" },
        "up":    { "uv": [ 2.5, 9.5, 3, 10 ], "texture": "#texture" },
        "north": { "uv": [ 2.5, 9.5, 3, 12.5 ], "texture": "#texture" },
        "south": { "uv": [ 3, 9.5, 2.5, 12.5 ], "texture": "#texture" },
        "west":  { "uv": [ 2.5, 9.5, 3, 12.5 ], "texture": "#texture" },
        "east":  { "uv": [ 3, 9.5, 2.5, 12.5 ], "texture": "#texture" }
    }
},
{
    "from": [ 6.5, 1, 2 ],
    "to": [ 9, 5, 2.5 ],
    "faces": {
        "down":  { "uv": [ 2, 15, 2.5, 14.5 ], "texture": "#texture" },
        "up":    { "uv": [ 2, 11, 2.5, 11.5 ], "texture": "#texture" },
        "north": { "uv": [ 2, 11, 2.5, 15 ], "texture": "#texture" },
        "south": { "uv": [ 2.5, 11, 2, 15 ], "texture": "#texture" },
        "west":  { "uv": [ 2, 11, 2.5, 15 ], "texture": "#texture" },
        "east":  { "uv": [ 2.5, 11, 2, 15 ], "texture": "#texture" }
    }
},
{
    "from": [ 6.5, 11, 7 ],
    "to": [ 9, 11.5, 7.5 ],
    "faces": {
        "down":  { "uv": [ 7, 5, 7.5, 4.5 ], "texture": "#texture" },
        "up":    { "uv": [ 7, 4.5, 7.5, 5 ], "texture": "#texture" },
        "north": { "uv": [ 7, 4.5, 7.5, 5 ], "texture": "#texture" },
        "south": { "uv": [ 7.5, 4.5, 7, 5 ], "texture": "#texture" },
        "west":  { "uv": [ 7, 4.5, 7.5, 5 ], "texture": "#texture" },
        "east":  { "uv": [ 7.5, 4.5, 7, 5 ], "texture": "#texture" }
    }
},
{
    "from": [ 6.5, 11.5, 6.5 ],
    "to": [ 9, 12, 8.5 ],
    "faces": {
        "down":  { "uv": [ 6.5, 4.5, 7, 4 ], "texture": "#texture" },
        "up":    { "uv": [ 6.5, 4, 7, 4.5 ], "texture": "#texture" },
        "north": { "uv": [ 6.5, 4, 7, 4.5 ], "texture": "#texture" },
        "south": { "uv": [ 8.5, 4, 8, 4.5 ], "texture": "#texture" },
        "west":  { "uv": [ 6.5, 4, 8.5, 4.5 ], "texture": "#texture" },
        "east":  { "uv": [ 8.5, 4, 6.5, 4.5 ], "texture": "#texture" }
    }
},
{
    "from": [ 6.5, 12, 7 ],
    "to": [ 9, 12.5, 9.5 ],
    "faces": {
        "down":  { "uv": [ 7, 4, 7.5, 3.5 ], "texture": "#texture" },
        "up":    { "uv": [ 7, 3.5, 7.5, 4 ], "texture": "#texture" },
        "north": { "uv": [ 7, 3.5, 7.5, 4 ], "texture": "#texture" },
        "south": { "uv": [ 9.5, 3.5, 9, 4 ], "texture": "#texture" },
        "west":  { "uv": [ 7, 3.5, 9.5, 4 ], "texture": "#texture" },
        "east":  { "uv": [ 9.5, 3.5, 7, 4 ], "texture": "#texture" }
    }
},
{
    "from": [ 6.5, 12.5, 8 ],
    "to": [ 9, 13, 11 ],
    "faces": {
        "down":  { "uv": [ 8, 3.5, 8.5, 3 ], "texture": "#texture" },
        "up":    { "uv": [ 8, 3, 8.5, 3.5 ], "texture": "#texture" },
        "north": { "uv": [ 8, 3, 8.5, 3.5 ], "texture": "#texture" },
        "south": { "uv": [ 11, 3, 10.5, 3.5 ], "texture": "#texture" },
        "west":  { "uv": [ 8, 3, 11, 3.5 ], "texture": "#texture" },
        "east":  { "uv": [ 11, 3, 8, 3.5 ], "texture": "#texture" }
    }
},
{
    "from": [ 6.5, 13, 9.5 ],
    "to": [ 9, 13.5, 12.5 ],
    "faces": {
        "down":  { "uv": [ 9.5, 3, 10, 2.5 ], "texture": "#texture" },
        "up":    { "uv": [ 9.5, 2.5, 10, 3 ], "texture": "#texture" },
        "north": { "uv": [ 9.5, 2.5, 10, 3 ], "texture": "#texture" },
        "south": { "uv": [ 12.5, 2.5, 12, 3 ], "texture": "#texture" },
        "west":  { "uv": [ 9.5, 2.5, 12.5, 3 ], "texture": "#texture" },
        "east":  { "uv": [ 12.5, 2.5, 9.5, 3 ], "texture": "#texture" }
    }
},
{
    "from": [ 6.5, 13.5, 11 ],
    "to": [ 9, 14, 15 ],
    "faces": {
        "down":  { "uv": [ 11, 2.5, 11.5, 2 ], "texture": "#texture" },
        "up":    { "uv": [ 11, 2, 11.5, 2.5 ], "texture": "#texture" },
        "north": { "uv": [ 11, 2, 11.5, 2.5 ], "texture": "#texture" },
        "south": { "uv": [ 15, 2, 14.5, 2.5 ], "texture": "#texture" },
        "west":  { "uv": [ 11, 2, 15, 2.5 ], "texture": "#texture" },
        "east":  { "uv": [ 15, 2, 11, 2.5 ], "texture": "#texture" }
    }
},
{
    "from": [ 7, 14, 11 ],
    "to": [ 8.5, 14.5, 16 ],
    "faces": {
        "down":  { "uv": [ 11, 2, 11.5, 1.5 ], "texture": "#texture" },
        "up":    { "uv": [ 11, 1.5, 11.5, 2 ], "texture": "#texture" },
        "north": { "uv": [ 11, 1.5, 11.5, 2 ], "texture": "#texture" },
        "south": { "uv": [ 16, 1.5, 15.5, 2 ], "texture": "#texture" },
        "west":  { "uv": [ 11, 1.5, 16, 2 ], "texture": "#texture" },
        "east":  { "uv": [ 16, 1.5, 11, 2 ], "texture": "#texture" }
    }
},
{
    "from": [ 7, 13.5, 9.5 ],
    "to": [ 8.5, 14, 11 ],
    "faces": {
        "down":  { "uv": [ 9.5, 2.5, 10, 2 ], "texture": "#texture" },
        "up":    { "uv": [ 9.5, 2, 10, 2.5 ], "texture": "#texture" },
        "north": { "uv": [ 9.5, 2, 10, 2.5 ], "texture": "#texture" },
        "south": { "uv": [ 11, 2, 10.5, 2.5 ], "texture": "#texture" },
        "west":  { "uv": [ 9.5, 2, 11, 2.5 ], "texture": "#texture" },
        "east":  { "uv": [ 11, 2, 9.5, 2.5 ], "texture": "#texture" }
    }
},
{
    "from": [ 7, 13, 8 ],
    "to": [ 8.5, 13.5, 9.5 ],
    "faces": {
        "down":  { "uv": [ 8, 3, 8.5, 2.5 ], "texture": "#texture" },
        "up":    { "uv": [ 8, 2.5, 8.5, 3 ], "texture": "#texture" },
        "north": { "uv": [ 8, 2.5, 8.5, 3 ], "texture": "#texture" },
        "south": { "uv": [ 9.5, 2.5, 9, 3 ], "texture": "#texture" },
        "west":  { "uv": [ 8, 2.5, 9.5, 3 ], "texture": "#texture" },
        "east":  { "uv": [ 9.5, 2.5, 8, 3 ], "texture": "#texture" }
    }
},
{
    "from": [ 7, 12.5, 7 ],
    "to": [ 8.5, 13, 8 ],
    "faces": {
        "down":  { "uv": [ 7, 3.5, 7.5, 3 ], "texture": "#texture" },
        "up":    { "uv": [ 7, 3, 7.5, 3.5 ], "texture": "#texture" },
        "north": { "uv": [ 7, 3, 7.5, 3.5 ], "texture": "#texture" },
        "south": { "uv": [ 8, 3, 7.5, 3.5 ], "texture": "#texture" },
        "west":  { "uv": [ 7, 3, 8, 3.5 ], "texture": "#texture" },
        "east":  { "uv": [ 8, 3, 7, 3.5 ], "texture": "#texture" }
    }
},
{
    "from": [ 7, 12, 6 ],
    "to": [ 8.5, 12.5, 7 ],
    "faces": {
        "down":  { "uv": [ 6, 4, 6.5, 3.5 ], "texture": "#texture" },
        "up":    { "uv": [ 6, 3.5, 6.5, 4 ], "texture": "#texture" },
        "north": { "uv": [ 6, 3.5, 6.5, 4 ], "texture": "#texture" },
        "south": { "uv": [ 7, 3.5, 6.5, 4 ], "texture": "#texture" },
        "west":  { "uv": [ 6, 3.5, 7, 4 ], "texture": "#texture" },
        "east":  { "uv": [ 7, 3.5, 6, 4 ], "texture": "#texture" }
    }
},
{
    "from": [ 7, 9, 3.5 ],
    "to": [ 8.5, 10, 4 ],
    "faces": {
        "down":  { "uv": [ 3.5, 7, 4, 6.5 ], "texture": "#texture" },
        "up":    { "uv": [ 3.5, 6, 4, 6.5 ], "texture": "#texture" },
        "north": { "uv": [ 3.5, 6, 4, 7 ], "texture": "#texture" },
        "south": { "uv": [ 4, 6, 3.5, 7 ], "texture": "#texture" },
        "west":  { "uv": [ 3.5, 6, 4, 7 ], "texture": "#texture" },
        "east":  { "uv": [ 4, 6, 3.5, 7 ], "texture": "#texture" }
    }
},
{
    "from": [ 7, 8, 3 ],
    "to": [ 8.5, 9, 3.5 ],
    "faces": {
        "down":  { "uv": [ 3, 8, 3.5, 7.5 ], "texture": "#texture" },
        "up":    { "uv": [ 3, 7, 3.5, 7.5 ], "texture": "#texture" },
        "north": { "uv": [ 3, 7, 3.5, 8 ], "texture": "#texture" },
        "south": { "uv": [ 3.5, 7, 3, 8 ], "texture": "#texture" },
        "west":  { "uv": [ 3, 7, 3.5, 8 ], "texture": "#texture" },
        "east":  { "uv": [ 3.5, 7, 3, 8 ], "texture": "#texture" }
    }
},
{
    "from": [ 7, 6.5, 2.5 ],
    "to": [ 8.5, 8, 3 ],
    "faces": {
        "down":  { "uv": [ 2.5, 9.5, 3, 9 ], "texture": "#texture" },
        "up":    { "uv": [ 2.5, 8, 3, 8.5 ], "texture": "#texture" },
        "north": { "uv": [ 2.5, 8, 3, 9.5 ], "texture": "#texture" },
        "south": { "uv": [ 3, 8, 2.5, 9.5 ], "texture": "#texture" },
        "west":  { "uv": [ 2.5, 8, 3, 9.5 ], "texture": "#texture" },
        "east":  { "uv": [ 3, 8, 2.5, 9.5 ], "texture": "#texture" }
    }
},
{
    "from": [ 7, 5, 2 ],
    "to": [ 8.5, 6.5, 2.5 ],
    "faces": {
        "down":  { "uv": [ 2, 11, 2.5, 10.5 ], "texture": "#texture" },
        "up":    { "uv": [ 2, 9.5, 2.5, 10 ], "texture": "#texture" },
        "north": { "uv": [ 2, 9.5, 2.5, 11 ], "texture": "#texture" },
        "south": { "uv": [ 2.5, 9.5, 2, 11 ], "texture": "#texture" },
        "west":  { "uv": [ 2, 9.5, 2.5, 11 ], "texture": "#texture" },
        "east":  { "uv": [ 2.5, 9.5, 2, 11 ], "texture": "#texture" }
    }
},
{
    "from": [ 7, 0, 1.5 ],
    "to": [ 8.5, 5, 2 ],
    "faces": {
        "down":  { "uv": [ 1.5, 16, 2, 15.5 ], "texture": "#texture" },
        "up":    { "uv": [ 1.5, 11, 2, 11.5 ], "texture": "#texture" },
        "north": { "uv": [ 1.5, 11, 2, 16 ], "texture": "#texture" },
        "south": { "uv": [ 2, 11, 1.5, 16 ], "texture": "#texture" },
        "west":  { "uv": [ 1.5, 11, 2, 16 ], "texture": "#texture" },
        "east":  { "uv": [ 2, 11, 1.5, 16 ], "texture": "#texture" }
    }
},
{
    "from": [ 6.5, 9.5, 5.5 ],
    "to": [ 9, 11, 6 ],
    "faces": {
        "down":  { "uv": [ 5.5, 6.5, 6, 6 ], "texture": "#texture" },
        "up":    { "uv": [ 5.5, 6, 6, 6.5 ], "texture": "#texture" },
        "north": { "uv": [ 5.5, 6, 6, 6.5 ], "texture": "#texture" },
        "south": { "uv": [ 6, 6, 5.5, 6.5 ], "texture": "#texture" },
        "west":  { "uv": [ 5.5, 6, 6, 6.5 ], "texture": "#texture" },
        "east":  { "uv": [ 6, 6, 5.5, 6.5 ], "texture": "#texture" }
    }
},
{
    "from": [ 6.5, 9, 5 ],
    "to": [ 9, 10.5, 5.5 ],
    "faces": {
        "down":  { "uv": [ 5, 7, 5.5, 6.5 ], "texture": "#texture" },
        "up":    { "uv": [ 5, 5.5, 5.5, 6 ], "texture": "#texture" },
        "north": { "uv": [ 5, 5.5, 5.5, 7 ], "texture": "#texture" },
        "south": { "uv": [ 5.5, 5.5, 5, 7 ], "texture": "#texture" },
        "west":  { "uv": [ 5, 5.5, 5.5, 7 ], "texture": "#texture" },
        "east":  { "uv": [ 5.5, 5.5, 5, 7 ], "texture": "#texture" }
    }
},
{
    "from": [ 6.5, 9.5, 4.5 ],
    "to": [ 9, 10, 5 ],
    "faces": {
        "down":  { "uv": [ 4.5, 6.5, 5, 6 ], "texture": "#texture" },
        "up":    { "uv": [ 4.5, 6, 5, 6.5 ], "texture": "#texture" },
        "north": { "uv": [ 4.5, 6, 5, 6.5 ], "texture": "#texture" },
        "south": { "uv": [ 5, 6, 4.5, 6.5 ], "texture": "#texture" },
        "west":  { "uv": [ 4.5, 6, 5, 6.5 ], "texture": "#texture" },
        "east":  { "uv": [ 5, 6, 4.5, 6.5 ], "texture": "#texture" }
    }
},
{
    "from": [ 6.5, 10.5, 6.5 ],
    "to": [ 9, 11, 7 ],
    "faces": {
        "down":  { "uv": [ 6.5, 5.5, 7, 5 ], "texture": "#texture" },
        "up":    { "uv": [ 6.5, 5, 7, 5.5 ], "texture": "#texture" },
        "north": { "uv": [ 6.5, 5, 7, 5.5 ], "texture": "#texture" },
        "south": { "uv": [ 7, 5, 6.5, 5.5 ], "texture": "#texture" },
        "west":  { "uv": [ 6.5, 5, 7, 5.5 ], "texture": "#texture" },
        "east":  { "uv": [ 7, 5, 6.5, 5.5 ], "texture": "#texture" }
    }
},
{
    "from": [ 7, 9.5, 4 ],
    "to": [ 8.5, 10, 4.5 ],
    "faces": {
        "down":  { "uv": [ 4, 6.5, 4.5, 6 ], "texture": "#texture" },
        "up":    { "uv": [ 4, 6, 4.5, 6.5 ], "texture": "#texture" },
        "north": { "uv": [ 4, 6, 4.5, 6.5 ], "texture": "#texture" },
        "south": { "uv": [ 4.5, 6, 4, 6.5 ], "texture": "#texture" },
        "west":  { "uv": [ 4, 6, 4.5, 6.5 ], "texture": "#texture" },
        "east":  { "uv": [ 4.5, 6, 4, 6.5 ], "texture": "#texture" }
    }
},
{
    "from": [ 7, 10, 4.5 ],
    "to": [ 8.5, 10.5, 5 ],
    "faces": {
        "down":  { "uv": [ 4.5, 6, 5, 5.5 ], "texture": "#texture" },
        "up":    { "uv": [ 4.5, 5.5, 5, 6 ], "texture": "#texture" },
        "north": { "uv": [ 4.5, 5.5, 5, 6 ], "texture": "#texture" },
        "south": { "uv": [ 5, 5.5, 4.5, 6 ], "texture": "#texture" },
        "west":  { "uv": [ 4.5, 5.5, 5, 6 ], "texture": "#texture" },
        "east":  { "uv": [ 5, 5.5, 4.5, 6 ], "texture": "#texture" }
    }
},
{
    "from": [ 7, 10.5, 5 ],
    "to": [ 8.5, 11, 5.5 ],
    "faces": {
        "down":  { "uv": [ 4.5, 6, 5, 5.5 ], "texture": "#texture" },
        "up":    { "uv": [ 4.5, 5.5, 5, 6 ], "texture": "#texture" },
        "north": { "uv": [ 4.5, 5.5, 5, 6 ], "texture": "#texture" },
        "south": { "uv": [ 5, 5.5, 4.5, 6 ], "texture": "#texture" },
        "west":  { "uv": [ 4.5, 5.5, 5, 6 ], "texture": "#texture" },
        "east":  { "uv": [ 5, 5.5, 4.5, 6 ], "texture": "#texture" }
    }
},
{
    "from": [ 7, 9, 4.5 ],
    "to": [ 8.5, 9.5, 5 ],
    "faces": {
        "down":  { "uv": [ 4.5, 7, 5, 6.5 ], "texture": "#texture" },
        "up":    { "uv": [ 4.5, 6.5, 5, 7 ], "texture": "#texture" },
        "north": { "uv": [ 4.5, 6.5, 5, 7 ], "texture": "#texture" },
        "south": { "uv": [ 5, 6.5, 4.5, 7 ], "texture": "#texture" },
        "west":  { "uv": [ 4.5, 6.5, 5, 7 ], "texture": "#texture" },
        "east":  { "uv": [ 5, 6.5, 4.5, 7 ], "texture": "#texture" }
    }
},
{
    "from": [ 7, 8.5, 5 ],
    "to": [ 8.5, 9, 5.5 ],
    "faces": {
        "down":  { "uv": [ 5, 7.5, 5.5, 7 ], "texture": "#texture" },
        "up":    { "uv": [ 5, 7, 5.5, 7.5 ], "texture": "#texture" },
        "north": { "uv": [ 5, 7, 5.5, 7.5 ], "texture": "#texture" },
        "south": { "uv": [ 5.5, 7, 5, 7.5 ], "texture": "#texture" },
        "west":  { "uv": [ 5, 7, 5.5, 7.5 ], "texture": "#texture" },
        "east":  { "uv": [ 5.5, 7, 5, 7.5 ], "texture": "#texture" }
    }
},
{
    "from": [ 7, 9, 5.5 ],
    "to": [ 8.5, 9.5, 6 ],
    "faces": {
        "down":  { "uv": [ 5.5, 7, 6, 6.5 ], "texture": "#texture" },
        "up":    { "uv": [ 5.5, 6.5, 6, 7 ], "texture": "#texture" },
        "north": { "uv": [ 5.5, 6.5, 6, 7 ], "texture": "#texture" },
        "south": { "uv": [ 6, 6.5, 5.5, 7 ], "texture": "#texture" },
        "west":  { "uv": [ 5.5, 6.5, 6, 7 ], "texture": "#texture" },
        "east":  { "uv": [ 6, 6.5, 5.5, 7 ], "texture": "#texture" }
    }
},
{
    "from": [ 7, 9.5, 6 ],
    "to": [ 8.5, 10, 6.5 ],
    "faces": {
        "down":  { "uv": [ 5.5, 7, 6, 6.5 ], "texture": "#texture" },
        "up":    { "uv": [ 5.5, 6.5, 6, 7 ], "texture": "#texture" },
        "north": { "uv": [ 5.5, 6.5, 6, 7 ], "texture": "#texture" },
        "south": { "uv": [ 6, 6.5, 5.5, 7 ], "texture": "#texture" },
        "west":  { "uv": [ 5.5, 6.5, 6, 7 ], "texture": "#texture" },
        "east":  { "uv": [ 6, 6.5, 5.5, 7 ], "texture": "#texture" }
    }
},
{
    "from": [ 7, 10, 6.5 ],
    "to": [ 8.5, 10.5, 7 ],
    "faces": {
        "down":  { "uv": [ 7, 5.5, 7.5, 5 ], "texture": "#texture" },
        "up":    { "uv": [ 7, 5, 7.5, 5.5 ], "texture": "#texture" },
        "north": { "uv": [ 7, 5, 7.5, 5.5 ], "texture": "#texture" },
        "south": { "uv": [ 7.5, 5, 7, 5.5 ], "texture": "#texture" },
        "west":  { "uv": [ 7, 5, 7.5, 5.5 ], "texture": "#texture" },
        "east":  { "uv": [ 7.5, 5, 7, 5.5 ], "texture": "#texture" }
    }
},
{
    "from": [ 7, 10.5, 7 ],
    "to": [ 8.5, 11, 7.5 ],
    "faces": {
        "down":  { "uv": [ 7, 5.5, 7.5, 5 ], "texture": "#texture" },
        "up":    { "uv": [ 7, 5, 7.5, 5.5 ], "texture": "#texture" },
        "north": { "uv": [ 7, 5, 7.5, 5.5 ], "texture": "#texture" },
        "south": { "uv": [ 7.5, 5, 7, 5.5 ], "texture": "#texture" },
        "west":  { "uv": [ 7, 5, 7.5, 5.5 ], "texture": "#texture" },
        "east":  { "uv": [ 7.5, 5, 7, 5.5 ], "texture": "#texture" }
    }
},
{
    "from": [ 7, 11, 6.5 ],
    "to": [ 8.5, 11.5, 7 ],
    "faces": {
        "down":  { "uv": [ 6.5, 5, 7, 4.5 ], "texture": "#texture" },
        "up":    { "uv": [ 6.5, 4.5, 7, 5 ], "texture": "#texture" },
        "north": { "uv": [ 6.5, 4.5, 7, 5 ], "texture": "#texture" },
        "south": { "uv": [ 7, 4.5, 6.5, 5 ], "texture": "#texture" },
        "west":  { "uv": [ 6.5, 4.5, 7, 5 ], "texture": "#texture" },
        "east":  { "uv": [ 7, 4.5, 6.5, 5 ], "texture": "#texture" }
    }
},
{
    "from": [ 7, 11.5, 6 ],
    "to": [ 8.5, 12, 6.5 ],
    "faces": {
        "down":  { "uv": [ 6, 4.5, 6.5, 4 ], "texture": "#texture" },
        "up":    { "uv": [ 6, 4, 6.5, 4.5 ], "texture": "#texture" },
        "north": { "uv": [ 6, 4, 6.5, 4.5 ], "texture": "#texture" },
        "south": { "uv": [ 6.5, 4, 6, 4.5 ], "texture": "#texture" },
        "west":  { "uv": [ 6, 4, 6.5, 4.5 ], "texture": "#texture" },
        "east":  { "uv": [ 6.5, 4, 6, 4.5 ], "texture": "#texture" }
    }
},
{
    "from": [ 7, 11, 5.5 ],
    "to": [ 8.5, 11.5, 6 ],
    "faces": {
        "down":  { "uv": [ 6, 4.5, 6.5, 4 ], "texture": "#texture" },
        "up":    { "uv": [ 6, 4, 6.5, 4.5 ], "texture": "#texture" },
        "north": { "uv": [ 6, 4, 6.5, 4.5 ], "texture": "#texture" },
        "south": { "uv": [ 6.5, 4, 6, 4.5 ], "texture": "#texture" },
        "west":  { "uv": [ 6, 4, 6.5, 4.5 ], "texture": "#texture" },
        "east":  { "uv": [ 6.5, 4, 6, 4.5 ], "texture": "#texture" }
    }
},
{
    "from": [ 7, 13.5, 15 ],
    "to": [ 8.5, 14, 15.5 ],
    "faces": {
        "down":  { "uv": [ 6, 4, 6.5, 3.5 ], "texture": "#texture" },
        "up":    { "uv": [ 6, 3.5, 6.5, 4 ], "texture": "#texture" },
        "north": { "uv": [ 6, 3.5, 6.5, 4 ], "texture": "#texture" },
        "south": { "uv": [ 7, 3.5, 6.5, 4 ], "texture": "#texture" },
        "west":  { "uv": [ 6, 3.5, 7, 4 ], "texture": "#texture" },
        "east":  { "uv": [ 7, 3.5, 6, 4 ], "texture": "#texture" }
    }
},
{
    "from": [ 7, 13, 12.5 ],
    "to": [ 8.5, 13.5, 15 ],
    "faces": {
        "down":  { "uv": [ 6, 4, 6.5, 3.5 ], "texture": "#texture" },
        "up":    { "uv": [ 6, 3.5, 6.5, 4 ], "texture": "#texture" },
        "north": { "uv": [ 6, 3.5, 6.5, 4 ], "texture": "#texture" },
        "south": { "uv": [ 7, 3.5, 6.5, 4 ], "texture": "#texture" },
        "west":  { "uv": [ 6, 3.5, 7, 4 ], "texture": "#texture" },
        "east":  { "uv": [ 7, 3.5, 6, 4 ], "texture": "#texture" }
    }
},
{
    "from": [ 7, 12.5, 11 ],
    "to": [ 8.5, 13, 12.5 ],
    "faces": {
        "down":  { "uv": [ 6, 4, 6.5, 3.5 ], "texture": "#texture" },
        "up":    { "uv": [ 6, 3.5, 6.5, 4 ], "texture": "#texture" },
        "north": { "uv": [ 6, 3.5, 6.5, 4 ], "texture": "#texture" },
        "south": { "uv": [ 7, 3.5, 6.5, 4 ], "texture": "#texture" },
        "west":  { "uv": [ 6, 3.5, 7, 4 ], "texture": "#texture" },
        "east":  { "uv": [ 7, 3.5, 6, 4 ], "texture": "#texture" }
    }
},
{
    "from": [ 7, 12, 9.5 ],
    "to": [ 8.5, 12.5, 11 ],
    "faces": {
        "down":  { "uv": [ 6, 4, 6.5, 3.5 ], "texture": "#texture" },
        "up":    { "uv": [ 6, 3.5, 6.5, 4 ], "texture": "#texture" },
        "north": { "uv": [ 6, 3.5, 6.5, 4 ], "texture": "#texture" },
        "south": { "uv": [ 7, 3.5, 6.5, 4 ], "texture": "#texture" },
        "west":  { "uv": [ 6, 3.5, 7, 4 ], "texture": "#texture" },
        "east":  { "uv": [ 7, 3.5, 6, 4 ], "texture": "#texture" }
    }
},
{
    "from": [ 7, 11.5, 8.5 ],
    "to": [ 8.5, 12, 9.5 ],
    "faces": {
        "down":  { "uv": [ 6, 4, 6.5, 3.5 ], "texture": "#texture" },
        "up":    { "uv": [ 6, 3.5, 6.5, 4 ], "texture": "#texture" },
        "north": { "uv": [ 6, 3.5, 6.5, 4 ], "texture": "#texture" },
        "south": { "uv": [ 7, 3.5, 6.5, 4 ], "texture": "#texture" },
        "west":  { "uv": [ 6, 3.5, 7, 4 ], "texture": "#texture" },
        "east":  { "uv": [ 7, 3.5, 6, 4 ], "texture": "#texture" }
    }
},
{
    "from": [ 7, 11, 7.5 ],
    "to": [ 8.5, 11.5, 8.5 ],
    "faces": {
        "down":  { "uv": [ 6, 4, 6.5, 3.5 ], "texture": "#texture" },
        "up":    { "uv": [ 6, 3.5, 6.5, 4 ], "texture": "#texture" },
        "north": { "uv": [ 6, 3.5, 6.5, 4 ], "texture": "#texture" },
        "south": { "uv": [ 7, 3.5, 6.5, 4 ], "texture": "#texture" },
        "west":  { "uv": [ 6, 3.5, 7, 4 ], "texture": "#texture" },
        "east":  { "uv": [ 7, 3.5, 6, 4 ], "texture": "#texture" }
    }
},
{
    "from": [ 7, 7.5, 4.5 ],
    "to": [ 8.5, 8.5, 5 ],
    "faces": {
        "down":  { "uv": [ 6, 4, 6.5, 3.5 ], "texture": "#texture" },
        "up":    { "uv": [ 6, 3.5, 6.5, 4 ], "texture": "#texture" },
        "north": { "uv": [ 6, 3.5, 6.5, 4 ], "texture": "#texture" },
        "south": { "uv": [ 7, 3.5, 6.5, 4 ], "texture": "#texture" },
        "west":  { "uv": [ 6, 3.5, 7, 4 ], "texture": "#texture" },
        "east":  { "uv": [ 7, 3.5, 6, 4 ], "texture": "#texture" }
    }
},
{
    "from": [ 7, 6.5, 4 ],
    "to": [ 8.5, 7.5, 4.5 ],
    "faces": {
        "down":  { "uv": [ 6, 4, 6.5, 3.5 ], "texture": "#texture" },
        "up":    { "uv": [ 6, 3.5, 6.5, 4 ], "texture": "#texture" },
        "north": { "uv": [ 6, 3.5, 6.5, 4 ], "texture": "#texture" },
        "south": { "uv": [ 7, 3.5, 6.5, 4 ], "texture": "#texture" },
        "west":  { "uv": [ 6, 3.5, 7, 4 ], "texture": "#texture" },
        "east":  { "uv": [ 7, 3.5, 6, 4 ], "texture": "#texture" }
    }
},
{
    "from": [ 7, 5, 3.5 ],
    "to": [ 8.5, 6.5, 4 ],
    "faces": {
        "down":  { "uv": [ 6, 4, 6.5, 3.5 ], "texture": "#texture" },
        "up":    { "uv": [ 6, 3.5, 6.5, 4 ], "texture": "#texture" },
        "north": { "uv": [ 6, 3.5, 6.5, 4 ], "texture": "#texture" },
        "south": { "uv": [ 7, 3.5, 6.5, 4 ], "texture": "#texture" },
        "west":  { "uv": [ 6, 3.5, 7, 4 ], "texture": "#texture" },
        "east":  { "uv": [ 7, 3.5, 6, 4 ], "texture": "#texture" }
    }
},
{
    "from": [ 7, 3.5, 3 ],
    "to": [ 8.5, 5, 3.5 ],
    "faces": {
        "down":  { "uv": [ 6, 4, 6.5, 3.5 ], "texture": "#texture" },
        "up":    { "uv": [ 6, 3.5, 6.5, 4 ], "texture": "#texture" },
        "north": { "uv": [ 6, 3.5, 6.5, 4 ], "texture": "#texture" },
        "south": { "uv": [ 7, 3.5, 6.5, 4 ], "texture": "#texture" },
        "west":  { "uv": [ 6, 3.5, 7, 4 ], "texture": "#texture" },
        "east":  { "uv": [ 7, 3.5, 6, 4 ], "texture": "#texture" }
    }
},
{
    "from": [ 7, 1, 2.5 ],
    "to": [ 8.5, 3.5, 3 ],
    "faces": {
        "down":  { "uv": [ 6, 4, 6.5, 3.5 ], "texture": "#texture" },
        "up":    { "uv": [ 6, 3.5, 6.5, 4 ], "texture": "#texture" },
        "north": { "uv": [ 6, 3.5, 6.5, 4 ], "texture": "#texture" },
        "south": { "uv": [ 7, 3.5, 6.5, 4 ], "texture": "#texture" },
        "west":  { "uv": [ 6, 3.5, 7, 4 ], "texture": "#texture" },
        "east":  { "uv": [ 7, 3.5, 6, 4 ], "texture": "#texture" }
    }
},
{
    "from": [ 7, 0.5, 2 ],
    "to": [ 8.5, 1, 2.5 ],
    "faces": {
        "down":  { "uv": [ 6, 4, 6.5, 3.5 ], "texture": "#texture" },
        "up":    { "uv": [ 6, 3.5, 6.5, 4 ], "texture": "#texture" },
        "north": { "uv": [ 6, 3.5, 6.5, 4 ], "texture": "#texture" },
        "south": { "uv": [ 7, 3.5, 6.5, 4 ], "texture": "#texture" },
        "west":  { "uv": [ 6, 3.5, 7, 4 ], "texture": "#texture" },
        "east":  { "uv": [ 7, 3.5, 6, 4 ], "texture": "#texture" }
    }
},
{
    "from": [ 7.5, 7, 12 ],
    "to": [ 8, 7.5, 12.5 ],
    "faces": {
        "down":  { "uv": [ 10, 2, 10.5, 1.5 ], "texture": "#string" },
        "up":    { "uv": [ 10, 1.5, 10.5, 2 ], "texture": "#string" },
        "north": { "uv": [ 10, 1.5, 10.5, 2 ], "texture": "#string" },
        "south": { "uv": [ 10.5, 1.5, 10, 2 ], "texture": "#string" },
        "west":  { "uv": [ 10, 1.5, 10.5, 2 ], "texture": "#string" },
        "east":  { "uv": [ 10.5, 1.5, 10, 2 ], "texture": "#string" }
    }
},
{
    "from": [ 7.5, 6.5, 11.5 ],
    "to": [ 8, 7, 12 ],
    "faces": {
        "down":  { "uv": [ 10, 2, 10.5, 1.5 ], "texture": "#string" },
        "up":    { "uv": [ 10, 1.5, 10.5, 2 ], "texture": "#string" },
        "north": { "uv": [ 10, 1.5, 10.5, 2 ], "texture": "#string" },
        "south": { "uv": [ 10.5, 1.5, 10, 2 ], "texture": "#string" },
        "west":  { "uv": [ 10, 1.5, 10.5, 2 ], "texture": "#string" },
        "east":  { "uv": [ 10.5, 1.5, 10, 2 ], "texture": "#string" }
    }
},
{
    "from": [ 7.5, 4.5, 10 ],
    "to": [ 8, 5, 10.5 ],
    "faces": {
        "down":  { "uv": [ 10, 2, 10.5, 1.5 ], "texture": "#string" },
        "up":    { "uv": [ 10, 1.5, 10.5, 2 ], "texture": "#string" },
        "north": { "uv": [ 10, 1.5, 10.5, 2 ], "texture": "#string" },
        "south": { "uv": [ 10.5, 1.5, 10, 2 ], "texture": "#string" },
        "west":  { "uv": [ 10, 1.5, 10.5, 2 ], "texture": "#string" },
        "east":  { "uv": [ 10.5, 1.5, 10, 2 ], "texture": "#string" }
    }
},
{
    "from": [ 7.5, 4.5, 9.5 ],
    "to": [ 8, 5, 10 ],
    "faces": {
        "down":  { "uv": [ 10, 2, 10.5, 1.5 ], "texture": "#string" },
        "up":    { "uv": [ 10, 1.5, 10.5, 2 ], "texture": "#string" },
        "north": { "uv": [ 10, 1.5, 10.5, 2 ], "texture": "#string" },
        "south": { "uv": [ 10.5, 1.5, 10, 2 ], "texture": "#string" },
        "west":  { "uv": [ 10, 1.5, 10.5, 2 ], "texture": "#string" },
        "east":  { "uv": [ 10.5, 1.5, 10, 2 ], "texture": "#string" }
    }
},
{
    "from": [ 7.5, 4, 8.5 ],
    "to": [ 8, 4.5, 9 ],
    "faces": {
        "down":  { "uv": [ 10, 2, 10.5, 1.5 ], "texture": "#string" },
        "up":    { "uv": [ 10, 1.5, 10.5, 2 ], "texture": "#string" },
        "north": { "uv": [ 10, 1.5, 10.5, 2 ], "texture": "#string" },
        "south": { "uv": [ 10.5, 1.5, 10, 2 ], "texture": "#string" },
        "west":  { "uv": [ 10, 1.5, 10.5, 2 ], "texture": "#string" },
        "east":  { "uv": [ 10.5, 1.5, 10, 2 ], "texture": "#string" }
    }
},
{
    "from": [ 7.5, 3, 7 ],
    "to": [ 8, 3.5, 7.5 ],
    "faces": {
        "down":  { "uv": [ 10, 2, 10.5, 1.5 ], "texture": "#string" },
        "up":    { "uv": [ 10, 1.5, 10.5, 2 ], "texture": "#string" },
        "north": { "uv": [ 10, 1.5, 10.5, 2 ], "texture": "#string" },
        "south": { "uv": [ 10.5, 1.5, 10, 2 ], "texture": "#string" },
        "west":  { "uv": [ 10, 1.5, 10.5, 2 ], "texture": "#string" },
        "east":  { "uv": [ 10.5, 1.5, 10, 2 ], "texture": "#string" }
    }
},
{
    "from": [ 7.5, 2.5, 6 ],
    "to": [ 8, 3, 6.5 ],
    "faces": {
        "down":  { "uv": [ 10, 2, 10.5, 1.5 ], "texture": "#string" },
        "up":    { "uv": [ 10, 1.5, 10.5, 2 ], "texture": "#string" },
        "north": { "uv": [ 10, 1.5, 10.5, 2 ], "texture": "#string" },
        "south": { "uv": [ 10.5, 1.5, 10, 2 ], "texture": "#string" },
        "west":  { "uv": [ 10, 1.5, 10.5, 2 ], "texture": "#string" },
        "east":  { "uv": [ 10.5, 1.5, 10, 2 ], "texture": "#string" }
    }
},
{
    "from": [ 7.5, 2.5, 5.5 ],
    "to": [ 8, 3, 6 ],
    "faces": {
        "down":  { "uv": [ 10, 2, 10.5, 1.5 ], "texture": "#string" },
        "up":    { "uv": [ 10, 1.5, 10.5, 2 ], "texture": "#string" },
        "north": { "uv": [ 10, 1.5, 10.5, 2 ], "texture": "#string" },
        "south": { "uv": [ 10.5, 1.5, 10, 2 ], "texture": "#string" },
        "west":  { "uv": [ 10, 1.5, 10.5, 2 ], "texture": "#string" },
        "east":  { "uv": [ 10.5, 1.5, 10, 2 ], "texture": "#string" }
    }
},
{
    "from": [ 7.5, 2, 5 ],
    "to": [ 8, 2.5, 5.5 ],
    "faces": {
        "down":  { "uv": [ 10, 2, 10.5, 1.5 ], "texture": "#string" },
        "up":    { "uv": [ 10, 1.5, 10.5, 2 ], "texture": "#string" },
        "north": { "uv": [ 10, 1.5, 10.5, 2 ], "texture": "#string" },
        "south": { "uv": [ 10.5, 1.5, 10, 2 ], "texture": "#string" },
        "west":  { "uv": [ 10, 1.5, 10.5, 2 ], "texture": "#string" },
        "east":  { "uv": [ 10.5, 1.5, 10, 2 ], "texture": "#string" }
    }
},
{
    "from": [ 7.5, 2, 4.5 ],
    "to": [ 8, 2.5, 5 ],
    "faces": {
        "down":  { "uv": [ 10, 2, 10.5, 1.5 ], "texture": "#string" },
        "up":    { "uv": [ 10, 1.5, 10.5, 2 ], "texture": "#string" },
        "north": { "uv": [ 10, 1.5, 10.5, 2 ], "texture": "#string" },
        "south": { "uv": [ 10.5, 1.5, 10, 2 ], "texture": "#string" },
        "west":  { "uv": [ 10, 1.5, 10.5, 2 ], "texture": "#string" },
        "east":  { "uv": [ 10.5, 1.5, 10, 2 ], "texture": "#string" }
    }
},
{
    "from": [ 7.5, 1.5, 3.5 ],
    "to": [ 8, 2, 4 ],
    "faces": {
        "down":  { "uv": [ 10, 2, 10.5, 1.5 ], "texture": "#string" },
        "up":    { "uv": [ 10, 1.5, 10.5, 2 ], "texture": "#string" },
        "north": { "uv": [ 10, 1.5, 10.5, 2 ], "texture": "#string" },
        "south": { "uv": [ 10.5, 1.5, 10, 2 ], "texture": "#string" },
        "west":  { "uv": [ 10, 1.5, 10.5, 2 ], "texture": "#string" },
        "east":  { "uv": [ 10.5, 1.5, 10, 2 ], "texture": "#string" }
    }
},
{
    "from": [ 7.5, 3, 6.5 ],
    "to": [ 8, 3.5, 7 ],
    "faces": {
        "down":  { "uv": [ 10.5, 2, 11, 1.5 ], "texture": "#string" },
        "up":    { "uv": [ 10.5, 1.5, 11, 2 ], "texture": "#string" },
        "north": { "uv": [ 10.5, 1.5, 11, 2 ], "texture": "#string" },
        "south": { "uv": [ 11, 1.5, 10.5, 2 ], "texture": "#string" },
        "west":  { "uv": [ 10.5, 1.5, 11, 2 ], "texture": "#string" },
        "east":  { "uv": [ 11, 1.5, 10.5, 2 ], "texture": "#string" }
    }
},
{
    "from": [ 7.5, 3.5, 7.5 ],
    "to": [ 8, 4, 8 ],
    "faces": {
        "down":  { "uv": [ 10.5, 2, 11, 1.5 ], "texture": "#string" },
        "up":    { "uv": [ 10.5, 1.5, 11, 2 ], "texture": "#string" },
        "north": { "uv": [ 10.5, 1.5, 11, 2 ], "texture": "#string" },
        "south": { "uv": [ 11, 1.5, 10.5, 2 ], "texture": "#string" },
        "west":  { "uv": [ 10.5, 1.5, 11, 2 ], "texture": "#string" },
        "east":  { "uv": [ 11, 1.5, 10.5, 2 ], "texture": "#string" }
    }
},
{
    "from": [ 7.5, 3.5, 8 ],
    "to": [ 8, 4, 8.5 ],
    "faces": {
        "down":  { "uv": [ 10.5, 2, 11, 1.5 ], "texture": "#string" },
        "up":    { "uv": [ 10.5, 1.5, 11, 2 ], "texture": "#string" },
        "north": { "uv": [ 10.5, 1.5, 11, 2 ], "texture": "#string" },
        "south": { "uv": [ 11, 1.5, 10.5, 2 ], "texture": "#string" },
        "west":  { "uv": [ 10.5, 1.5, 11, 2 ], "texture": "#string" },
        "east":  { "uv": [ 11, 1.5, 10.5, 2 ], "texture": "#string" }
    }
},
{
    "from": [ 7.5, 1.5, 4 ],
    "to": [ 8, 2, 4.5 ],
    "faces": {
        "down":  { "uv": [ 10.5, 2, 11, 1.5 ], "texture": "#string" },
        "up":    { "uv": [ 10.5, 1.5, 11, 2 ], "texture": "#string" },
        "north": { "uv": [ 10.5, 1.5, 11, 2 ], "texture": "#string" },
        "south": { "uv": [ 11, 1.5, 10.5, 2 ], "texture": "#string" },
        "west":  { "uv": [ 10.5, 1.5, 11, 2 ], "texture": "#string" },
        "east":  { "uv": [ 11, 1.5, 10.5, 2 ], "texture": "#string" }
    }
},
{
    "from": [ 7.5, 1, 3 ],
    "to": [ 8, 1.5, 3.5 ],
    "faces": {
        "down":  { "uv": [ 10.5, 2, 11, 1.5 ], "texture": "#string" },
        "up":    { "uv": [ 10.5, 1.5, 11, 2 ], "texture": "#string" },
        "north": { "uv": [ 10.5, 1.5, 11, 2 ], "texture": "#string" },
        "south": { "uv": [ 11, 1.5, 10.5, 2 ], "texture": "#string" },
        "west":  { "uv": [ 10.5, 1.5, 11, 2 ], "texture": "#string" },
        "east":  { "uv": [ 11, 1.5, 10.5, 2 ], "texture": "#string" }
    }
},
{
    "from": [ 7.5, 4, 9 ],
    "to": [ 8, 4.5, 9.5 ],
    "faces": {
        "down":  { "uv": [ 10.5, 2, 11, 1.5 ], "texture": "#string" },
        "up":    { "uv": [ 10.5, 1.5, 11, 2 ], "texture": "#string" },
        "north": { "uv": [ 10.5, 1.5, 11, 2 ], "texture": "#string" },
        "south": { "uv": [ 11, 1.5, 10.5, 2 ], "texture": "#string" },
        "west":  { "uv": [ 10.5, 1.5, 11, 2 ], "texture": "#string" },
        "east":  { "uv": [ 11, 1.5, 10.5, 2 ], "texture": "#string" }
    }
},
{
    "from": [ 7.5, 5, 10.5 ],
    "to": [ 8, 5.5, 11 ],
    "faces": {
        "down":  { "uv": [ 10.5, 2, 11, 1.5 ], "texture": "#string" },
        "up":    { "uv": [ 10.5, 1.5, 11, 2 ], "texture": "#string" },
        "north": { "uv": [ 10.5, 1.5, 11, 2 ], "texture": "#string" },
        "south": { "uv": [ 11, 1.5, 10.5, 2 ], "texture": "#string" },
        "west":  { "uv": [ 10.5, 1.5, 11, 2 ], "texture": "#string" },
        "east":  { "uv": [ 11, 1.5, 10.5, 2 ], "texture": "#string" }
    }
},
{
    "from": [ 7.5, 5.5, 11 ],
    "to": [ 8, 6, 11.5 ],
    "faces": {
        "down":  { "uv": [ 10.5, 2, 11, 1.5 ], "texture": "#string" },
        "up":    { "uv": [ 10.5, 1.5, 11, 2 ], "texture": "#string" },
        "north": { "uv": [ 10.5, 1.5, 11, 2 ], "texture": "#string" },
        "south": { "uv": [ 11, 1.5, 10.5, 2 ], "texture": "#string" },
        "west":  { "uv": [ 10.5, 1.5, 11, 2 ], "texture": "#string" },
        "east":  { "uv": [ 11, 1.5, 10.5, 2 ], "texture": "#string" }
    }
},
{
    "from": [ 7.5, 7.5, 12 ],
    "to": [ 8, 8, 12.5 ],
    "faces": {
        "down":  { "uv": [ 10, 2, 10.5, 1.5 ], "texture": "#string" },
        "up":    { "uv": [ 10, 1.5, 10.5, 2 ], "texture": "#string" },
        "north": { "uv": [ 10, 1.5, 10.5, 2 ], "texture": "#string" },
        "south": { "uv": [ 10.5, 1.5, 10, 2 ], "texture": "#string" },
        "west":  { "uv": [ 10, 1.5, 10.5, 2 ], "texture": "#string" },
        "east":  { "uv": [ 10.5, 1.5, 10, 2 ], "texture": "#string" }
    }
},
{
    "from": [ 7.5, 8.5, 12.5 ],
    "to": [ 8, 9, 13 ],
    "faces": {
        "down":  { "uv": [ 10, 2, 10.5, 1.5 ], "texture": "#string" },
        "up":    { "uv": [ 10, 1.5, 10.5, 2 ], "texture": "#string" },
        "north": { "uv": [ 10, 1.5, 10.5, 2 ], "texture": "#string" },
        "south": { "uv": [ 10.5, 1.5, 10, 2 ], "texture": "#string" },
        "west":  { "uv": [ 10, 1.5, 10.5, 2 ], "texture": "#string" },
        "east":  { "uv": [ 10.5, 1.5, 10, 2 ], "texture": "#string" }
    }
},
{
    "from": [ 7.5, 9, 13 ],
    "to": [ 8, 10, 13.5 ],
    "faces": {
        "down":  { "uv": [ 10, 2, 10.5, 1.5 ], "texture": "#string" },
        "up":    { "uv": [ 10, 1.5, 10.5, 2 ], "texture": "#string" },
        "north": { "uv": [ 10, 1.5, 10.5, 2 ], "texture": "#string" },
        "south": { "uv": [ 10.5, 1.5, 10, 2 ], "texture": "#string" },
        "west":  { "uv": [ 10, 1.5, 10.5, 2 ], "texture": "#string" },
        "east":  { "uv": [ 10.5, 1.5, 10, 2 ], "texture": "#string" }
    }
},
{
    "from": [ 7.5, 12, 14.5 ],
    "to": [ 8, 13, 15 ],
    "faces": {
        "down":  { "uv": [ 10, 2, 10.5, 1.5 ], "texture": "#string" },
        "up":    { "uv": [ 10, 1.5, 10.5, 2 ], "texture": "#string" },
        "north": { "uv": [ 10, 1.5, 10.5, 2 ], "texture": "#string" },
        "south": { "uv": [ 10.5, 1.5, 10, 2 ], "texture": "#string" },
        "west":  { "uv": [ 10, 1.5, 10.5, 2 ], "texture": "#string" },
        "east":  { "uv": [ 10.5, 1.5, 10, 2 ], "texture": "#string" }
    }
},
{
    "from": [ 7.5, 8, 12.5 ],
    "to": [ 8, 8.5, 13 ],
    "faces": {
        "down":  { "uv": [ 10.5, 2, 11, 1.5 ], "texture": "#string" },
        "up":    { "uv": [ 10.5, 1.5, 11, 2 ], "texture": "#string" },
        "north": { "uv": [ 10.5, 1.5, 11, 2 ], "texture": "#string" },
        "south": { "uv": [ 11, 1.5, 10.5, 2 ], "texture": "#string" },
        "west":  { "uv": [ 10.5, 1.5, 11, 2 ], "texture": "#string" },
        "east":  { "uv": [ 11, 1.5, 10.5, 2 ], "texture": "#string" }
    }
},
{
    "from": [ 7.5, 10, 13.5 ],
    "to": [ 8, 11, 14 ],
    "faces": {
        "down":  { "uv": [ 10.5, 2, 11, 1.5 ], "texture": "#string" },
        "up":    { "uv": [ 10.5, 1.5, 11, 2 ], "texture": "#string" },
        "north": { "uv": [ 10.5, 1.5, 11, 2 ], "texture": "#string" },
        "south": { "uv": [ 11, 1.5, 10.5, 2 ], "texture": "#string" },
        "west":  { "uv": [ 10.5, 1.5, 11, 2 ], "texture": "#string" },
        "east":  { "uv": [ 11, 1.5, 10.5, 2 ], "texture": "#string" }
    }
},
{
    "from": [ 7.5, 11, 14 ],
    "to": [ 8, 12, 14.5 ],
    "faces": {
        "down":  { "uv": [ 10.5, 2, 11, 1.5 ], "texture": "#string" },
        "up":    { "uv": [ 10.5, 1.5, 11, 2 ], "texture": "#string" },
        "north": { "uv": [ 10.5, 1.5, 11, 2 ], "texture": "#string" },
        "south": { "uv": [ 11, 1.5, 10.5, 2 ], "texture": "#string" },
        "west":  { "uv": [ 10.5, 1.5, 11, 2 ], "texture": "#string" },
        "east":  { "uv": [ 11, 1.5, 10.5, 2 ], "texture": "#string" }
    }
},
{
    "from": [ 7, 6, 10 ],
    "to": [ 8.5, 6.5, 10.5 ],
    "faces": {
        "down":  { "uv": [ 10, 10, 10.5, 9.5 ], "texture": "#texture" },
        "up":    { "uv": [ 10, 9.5, 10.5, 10 ], "texture": "#texture" },
        "north": { "uv": [ 10, 9.5, 10.5, 10 ], "texture": "#texture" },
        "south": { "uv": [ 10.5, 9.5, 10, 10 ], "texture": "#texture" },
        "west":  { "uv": [ 10, 9.5, 10.5, 10 ], "texture": "#texture" },
        "east":  { "uv": [ 10.5, 9.5, 10, 10 ], "texture": "#texture" }
    }
},
{
    "from": [ 7, 6.5, 9.5 ],
    "to": [ 8.5, 7, 10 ],
    "faces": {
        "down":  { "uv": [ 10.5, 10.5, 11, 10 ], "texture": "#texture" },
        "up":    { "uv": [ 10.5, 10, 11, 10.5 ], "texture": "#texture" },
        "north": { "uv": [ 10.5, 10, 11, 10.5 ], "texture": "#texture" },
        "south": { "uv": [ 11, 10, 10.5, 10.5 ], "texture": "#texture" },
        "west":  { "uv": [ 10.5, 10, 11, 10.5 ], "texture": "#texture" },
        "east":  { "uv": [ 11, 10, 10.5, 10.5 ], "texture": "#texture" }
    }
},
{
    "from": [ 7, 7, 9 ],
    "to": [ 8.5, 7.5, 9.5 ],
    "faces": {
        "down":  { "uv": [ 10, 10, 10.5, 9.5 ], "texture": "#texture" },
        "up":    { "uv": [ 10, 9.5, 10.5, 10 ], "texture": "#texture" },
        "north": { "uv": [ 10, 9.5, 10.5, 10 ], "texture": "#texture" },
        "south": { "uv": [ 10.5, 9.5, 10, 10 ], "texture": "#texture" },
        "west":  { "uv": [ 10, 9.5, 10.5, 10 ], "texture": "#texture" },
        "east":  { "uv": [ 10.5, 9.5, 10, 10 ], "texture": "#texture" }
    }
},
{
    "from": [ 7, 7.5, 8.5 ],
    "to": [ 8.5, 8, 9 ],
    "faces": {
        "down":  { "uv": [ 9.5, 9.5, 10, 9 ], "texture": "#texture" },
        "up":    { "uv": [ 9.5, 9, 10, 9.5 ], "texture": "#texture" },
        "north": { "uv": [ 9.5, 9, 10, 9.5 ], "texture": "#texture" },
        "south": { "uv": [ 10, 9, 9.5, 9.5 ], "texture": "#texture" },
        "west":  { "uv": [ 9.5, 9, 10, 9.5 ], "texture": "#texture" },
        "east":  { "uv": [ 10, 9, 9.5, 9.5 ], "texture": "#texture" }
    }
},
{
    "from": [ 7, 8, 8 ],
    "to": [ 8.5, 8.5, 8.5 ],
    "faces": {
        "down":  { "uv": [ 9, 9, 9.5, 8.5 ], "texture": "#texture" },
        "up":    { "uv": [ 9, 8.5, 9.5, 9 ], "texture": "#texture" },
        "north": { "uv": [ 9, 8.5, 9.5, 9 ], "texture": "#texture" },
        "south": { "uv": [ 9.5, 8.5, 9, 9 ], "texture": "#texture" },
        "west":  { "uv": [ 9, 8.5, 9.5, 9 ], "texture": "#texture" },
        "east":  { "uv": [ 9.5, 8.5, 9, 9 ], "texture": "#texture" }
    }
},
{
    "from": [ 7, 8.5, 7.5 ],
    "to": [ 8.5, 9, 8 ],
    "faces": {
        "down":  { "uv": [ 8.5, 8.5, 9, 8 ], "texture": "#texture" },
        "up":    { "uv": [ 8.5, 8, 9, 8.5 ], "texture": "#texture" },
        "north": { "uv": [ 8.5, 8, 9, 8.5 ], "texture": "#texture" },
        "south": { "uv": [ 9, 8, 8.5, 8.5 ], "texture": "#texture" },
        "west":  { "uv": [ 8.5, 8, 9, 8.5 ], "texture": "#texture" },
        "east":  { "uv": [ 9, 8, 8.5, 8.5 ], "texture": "#texture" }
    }
},
{
    "from": [ 7, 9, 7 ],
    "to": [ 8.5, 9.5, 7.5 ],
    "faces": {
        "down":  { "uv": [ 8, 8, 8.5, 7.5 ], "texture": "#texture" },
        "up":    { "uv": [ 8, 7.5, 8.5, 8 ], "texture": "#texture" },
        "north": { "uv": [ 8, 7.5, 8.5, 8 ], "texture": "#texture" },
        "south": { "uv": [ 8.5, 7.5, 8, 8 ], "texture": "#texture" },
        "west":  { "uv": [ 8, 7.5, 8.5, 8 ], "texture": "#texture" },
        "east":  { "uv": [ 8.5, 7.5, 8, 8 ], "texture": "#texture" }
    }
},
{
    "from": [ 7, 9.5, 6.5 ],
    "to": [ 8.5, 10, 7 ],
    "faces": {
        "down":  { "uv": [ 7.5, 7.5, 8, 7 ], "texture": "#texture" },
        "up":    { "uv": [ 7.5, 7, 8, 7.5 ], "texture": "#texture" },
        "north": { "uv": [ 7.5, 7, 8, 7.5 ], "texture": "#texture" },
        "south": { "uv": [ 8, 7, 7.5, 7.5 ], "texture": "#texture" },
        "west":  { "uv": [ 7.5, 7, 8, 7.5 ], "texture": "#texture" },
        "east":  { "uv": [ 8, 7, 7.5, 7.5 ], "texture": "#texture" }
    }
},
{
    "from": [ 7, 11, 5 ],
    "to": [ 8.5, 11.5, 5.5 ],
    "faces": {
        "down":  { "uv": [ 7, 7, 7.5, 6.5 ], "texture": "#texture" },
        "up":    { "uv": [ 7, 6.5, 7.5, 7 ], "texture": "#texture" },
        "north": { "uv": [ 7, 6.5, 7.5, 7 ], "texture": "#texture" },
        "south": { "uv": [ 7.5, 6.5, 7, 7 ], "texture": "#texture" },
        "west":  { "uv": [ 7, 6.5, 7.5, 7 ], "texture": "#texture" },
        "east":  { "uv": [ 7.5, 6.5, 7, 7 ], "texture": "#texture" }
    }
},
{
    "from": [ 7, 11.5, 4.5 ],
    "to": [ 8.5, 12, 5 ],
    "faces": {
        "down":  { "uv": [ 6.5, 6.5, 7, 6 ], "texture": "#texture" },
        "up":    { "uv": [ 6.5, 6, 7, 6.5 ], "texture": "#texture" },
        "north": { "uv": [ 6.5, 6, 7, 6.5 ], "texture": "#texture" },
        "south": { "uv": [ 7, 6, 6.5, 6.5 ], "texture": "#texture" },
        "west":  { "uv": [ 6.5, 6, 7, 6.5 ], "texture": "#texture" },
        "east":  { "uv": [ 7, 6, 6.5, 6.5 ], "texture": "#texture" }
    }
},
{
    "from": [ 7, 12.5, 3.5 ],
    "to": [ 8.5, 13, 4 ],
    "faces": {
        "down":  { "uv": [ 4.5, 4.5, 5, 4 ], "texture": "#texture" },
        "up":    { "uv": [ 4.5, 4, 5, 4.5 ], "texture": "#texture" },
        "north": { "uv": [ 4.5, 4, 5, 4.5 ], "texture": "#texture" },
        "south": { "uv": [ 5, 4, 4.5, 4.5 ], "texture": "#texture" },
        "west":  { "uv": [ 4.5, 4, 5, 4.5 ], "texture": "#texture" },
        "east":  { "uv": [ 5, 4, 4.5, 4.5 ], "texture": "#texture" }
    }
},
{
    "from": [ 7, 12, 4 ],
    "to": [ 8.5, 12.5, 4.5 ],
    "faces": {
        "down":  { "uv": [ 5, 5, 5.5, 4.5 ], "texture": "#texture" },
        "up":    { "uv": [ 5, 4.5, 5.5, 5 ], "texture": "#texture" },
        "north": { "uv": [ 5, 4.5, 5.5, 5 ], "texture": "#texture" },
        "south": { "uv": [ 5.5, 4.5, 5, 5 ], "texture": "#texture" },
        "west":  { "uv": [ 5, 4.5, 5.5, 5 ], "texture": "#texture" },
        "east":  { "uv": [ 5.5, 4.5, 5, 5 ], "texture": "#texture" }
    }
},
{
    "from": [ 7, 13, 3 ],
    "to": [ 8.5, 13.5, 3.5 ],
    "faces": {
        "down":  { "uv": [ 4, 4, 4.5, 3.5 ], "texture": "#texture" },
        "up":    { "uv": [ 4, 3.5, 4.5, 4 ], "texture": "#texture" },
        "north": { "uv": [ 4, 3.5, 4.5, 4 ], "texture": "#texture" },
        "south": { "uv": [ 4.5, 3.5, 4, 4 ], "texture": "#texture" },
        "west":  { "uv": [ 4, 3.5, 4.5, 4 ], "texture": "#texture" },
        "east":  { "uv": [ 4.5, 3.5, 4, 4 ], "texture": "#texture" }
    }
},
{
    "from": [ 7, 13.5, 2.5 ],
    "to": [ 8.5, 14, 3 ],
    "faces": {
        "down":  { "uv": [ 3.5, 3.5, 4, 3 ], "texture": "#texture" },
        "up":    { "uv": [ 3.5, 3, 4, 3.5 ], "texture": "#texture" },
        "north": { "uv": [ 3.5, 3, 4, 3.5 ], "texture": "#texture" },
        "south": { "uv": [ 4, 3, 3.5, 3.5 ], "texture": "#texture" },
        "west":  { "uv": [ 3.5, 3, 4, 3.5 ], "texture": "#texture" },
        "east":  { "uv": [ 4, 3, 3.5, 3.5 ], "texture": "#texture" }
    }
},
{
    "from": [ 7, 14, 2 ],
    "to": [ 8.5, 14.5, 2.5 ],
    "faces": {
        "down":  { "uv": [ 3, 3, 3.5, 2.5 ], "texture": "#texture" },
        "up":    { "uv": [ 3, 2.5, 3.5, 3 ], "texture": "#texture" },
        "north": { "uv": [ 3, 2.5, 3.5, 3 ], "texture": "#texture" },
        "south": { "uv": [ 3.5, 2.5, 3, 3 ], "texture": "#texture" },
        "west":  { "uv": [ 3, 2.5, 3.5, 3 ], "texture": "#texture" },
        "east":  { "uv": [ 3.5, 2.5, 3, 3 ], "texture": "#texture" }
    }
},
{
    "from": [ 6.5, 10, 6 ],
    "to": [ 9, 11.5, 6.5 ],
    "faces": {
        "down":  { "uv": [ 5.5, 6.5, 6, 6 ], "texture": "#texture" },
        "up":    { "uv": [ 5.5, 6, 6, 6.5 ], "texture": "#texture" },
        "north": { "uv": [ 5.5, 6, 6, 6.5 ], "texture": "#texture" },
        "south": { "uv": [ 6, 6, 5.5, 6.5 ], "texture": "#texture" },
        "west":  { "uv": [ 5.5, 6, 6, 6.5 ], "texture": "#texture" },
        "east":  { "uv": [ 6, 6, 5.5, 6.5 ], "texture": "#texture" }
    }
},
{
    "from": [ 7.5, 15.5, 0.5 ],
    "to": [ 8, 16, 2 ],
    "faces": {
        "down":  { "uv": [ 0.5, 0.5, 1, 0 ], "texture": "#texture" },
        "up":    { "uv": [ 0.5, 0, 1, 0.5 ], "texture": "#texture" },
        "north": { "uv": [ 0.5, 0, 1, 0.5 ], "texture": "#texture" },
        "south": { "uv": [ 2, 0, 1.5, 0.5 ], "texture": "#texture" },
        "west":  { "uv": [ 0.5, 0, 2, 0.5 ], "texture": "#texture" },
        "east":  { "uv": [ 2, 0, 0.5, 0.5 ], "texture": "#texture" }
    }
},
{
    "from": [ 7.5, 14.5, 0.5 ],
    "to": [ 8, 15.5, 1 ],
    "faces": {
        "down":  { "uv": [ 0.5, 1.5, 1, 1 ], "texture": "#texture" },
        "up":    { "uv": [ 0.5, 0.5, 1, 1 ], "texture": "#texture" },
        "north": { "uv": [ 0.5, 0.5, 1, 1.5 ], "texture": "#texture" },
        "south": { "uv": [ 1, 0.5, 0.5, 1.5 ], "texture": "#texture" },
        "west":  { "uv": [ 0.5, 0.5, 1, 1.5 ], "texture": "#texture" },
        "east":  { "uv": [ 1, 0.5, 0.5, 1.5 ], "texture": "#texture" }
    }
},
{
    "from": [ 7.5, 13.5, 1 ],
    "to": [ 8, 14.5, 1.5 ],
    "faces": {
        "down":  { "uv": [ 1, 2.5, 1.5, 2 ], "texture": "#texture" },
        "up":    { "uv": [ 1, 1.5, 1.5, 2 ], "texture": "#texture" },
        "north": { "uv": [ 1, 1.5, 1.5, 2.5 ], "texture": "#texture" },
        "south": { "uv": [ 1.5, 1.5, 1, 2.5 ], "texture": "#texture" },
        "west":  { "uv": [ 1, 1.5, 1.5, 2.5 ], "texture": "#texture" },
        "east":  { "uv": [ 1.5, 1.5, 1, 2.5 ], "texture": "#texture" }
    }
},
{
    "from": [ 7.5, 15, 2 ],
    "to": [ 8, 15.5, 3 ],
    "faces": {
        "down":  { "uv": [ 2, 1, 2.5, 0.5 ], "texture": "#texture" },
        "up":    { "uv": [ 2, 0.5, 2.5, 1 ], "texture": "#texture" },
        "north": { "uv": [ 2, 0.5, 2.5, 1 ], "texture": "#texture" },
        "south": { "uv": [ 3, 0.5, 2.5, 1 ], "texture": "#texture" },
        "west":  { "uv": [ 2, 0.5, 3, 1 ], "texture": "#texture" },
        "east":  { "uv": [ 3, 0.5, 2, 1 ], "texture": "#texture" }
    }
},
{
    "from": [ 7, 14.5, 1 ],
    "to": [ 8.5, 15.5, 2 ],
    "faces": {
        "down":  { "uv": [ 1, 1.5, 1.5, 1 ], "texture": "#texture" },
        "up":    { "uv": [ 1, 0.5, 1.5, 1 ], "texture": "#texture" },
        "north": { "uv": [ 1, 0.5, 1.5, 1.5 ], "texture": "#texture" },
        "south": { "uv": [ 2, 0.5, 1.5, 1.5 ], "texture": "#texture" },
        "west":  { "uv": [ 1, 0.5, 2, 1.5 ], "texture": "#texture" },
        "east":  { "uv": [ 2, 0.5, 1, 1.5 ], "texture": "#texture" }
    }
},
{
    "from": [ 7, 14, 1.5 ],
    "to": [ 8.5, 14.5, 2 ],
    "faces": {
        "down":  { "uv": [ 1.5, 2, 2, 1.5 ], "texture": "#texture" },
        "up":    { "uv": [ 1.5, 1.5, 2, 2 ], "texture": "#texture" },
        "north": { "uv": [ 1.5, 1.5, 2, 2 ], "texture": "#texture" },
        "south": { "uv": [ 2, 1.5, 1.5, 2 ], "texture": "#texture" },
        "west":  { "uv": [ 1.5, 1.5, 2, 2 ], "texture": "#texture" },
        "east":  { "uv": [ 2, 1.5, 1.5, 2 ], "texture": "#texture" }
    }
},
{
    "from": [ 7, 14.5, 2 ],
    "to": [ 8.5, 15, 2.5 ],
    "faces": {
        "down":  { "uv": [ 2, 1.5, 2.5, 1 ], "texture": "#texture" },
        "up":    { "uv": [ 2, 1, 2.5, 1.5 ], "texture": "#texture" },
        "north": { "uv": [ 2, 1, 2.5, 1.5 ], "texture": "#texture" },
        "south": { "uv": [ 2.5, 1, 2, 1.5 ], "texture": "#texture" },
        "west":  { "uv": [ 2, 1, 2.5, 1.5 ], "texture": "#texture" },
        "east":  { "uv": [ 2.5, 1, 2, 1.5 ], "texture": "#texture" }
    }
},
{
    "from": [ 7.5, 6, 11.5 ],
    "to": [ 8, 6.5, 12 ],
    "faces": {
        "down":  { "uv": [ 10.5, 2, 11, 1.5 ], "texture": "#string" },
        "up":    { "uv": [ 10.5, 1.5, 11, 2 ], "texture": "#string" },
        "north": { "uv": [ 10.5, 1.5, 11, 2 ], "texture": "#string" },
        "south": { "uv": [ 11, 1.5, 10.5, 2 ], "texture": "#string" },
        "west":  { "uv": [ 10.5, 1.5, 11, 2 ], "texture": "#string" },
        "east":  { "uv": [ 11, 1.5, 10.5, 2 ], "texture": "#string" }
    }
},
{
    "from": [ 7, 5.5, 10.5 ],
    "to": [ 8.5, 6, 11 ],
    "faces": {
        "down":  { "uv": [ 10, 10, 10.5, 9.5 ], "texture": "#texture" },
        "up":    { "uv": [ 10, 9.5, 10.5, 10 ], "texture": "#texture" },
        "north": { "uv": [ 10, 9.5, 10.5, 10 ], "texture": "#texture" },
        "south": { "uv": [ 10.5, 9.5, 10, 10 ], "texture": "#texture" },
        "west":  { "uv": [ 10, 9.5, 10.5, 10 ], "texture": "#texture" },
        "east":  { "uv": [ 10.5, 9.5, 10, 10 ], "texture": "#texture" }
    }
},
{
    "from": [ 7.5, 6, 10.5 ],
    "to": [ 8, 6.5, 11 ],
    "faces": {
        "down":  { "uv": [ 10.5, 10, 11, 9.5 ], "texture": "#texture" },
        "up":    { "uv": [ 10.5, 9.5, 11, 10 ], "texture": "#texture" },
        "north": { "uv": [ 10.5, 9.5, 11, 10 ], "texture": "#texture" },
        "south": { "uv": [ 11, 9.5, 10.5, 10 ], "texture": "#texture" },
        "west":  { "uv": [ 10.5, 9.5, 11, 10 ], "texture": "#texture" },
        "east":  { "uv": [ 11, 9.5, 10.5, 10 ], "texture": "#texture" }
    }
},
{
    "from": [ 7.5, 6.5, 10 ],
    "to": [ 8, 7, 10.5 ],
    "faces": {
        "down":  { "uv": [ 10.5, 10, 11, 9.5 ], "texture": "#texture" },
        "up":    { "uv": [ 10.5, 9.5, 11, 10 ], "texture": "#texture" },
        "north": { "uv": [ 10.5, 9.5, 11, 10 ], "texture": "#texture" },
        "south": { "uv": [ 11, 9.5, 10.5, 10 ], "texture": "#texture" },
        "west":  { "uv": [ 10.5, 9.5, 11, 10 ], "texture": "#texture" },
        "east":  { "uv": [ 11, 9.5, 10.5, 10 ], "texture": "#texture" }
    }
},
{
    "from": [ 7.5, 7, 9.5 ],
    "to": [ 8, 7.5, 10 ],
    "faces": {
        "down":  { "uv": [ 10.5, 10, 11, 9.5 ], "texture": "#texture" },
        "up":    { "uv": [ 10.5, 9.5, 11, 10 ], "texture": "#texture" },
        "north": { "uv": [ 10.5, 9.5, 11, 10 ], "texture": "#texture" },
        "south": { "uv": [ 11, 9.5, 10.5, 10 ], "texture": "#texture" },
        "west":  { "uv": [ 10.5, 9.5, 11, 10 ], "texture": "#texture" },
        "east":  { "uv": [ 11, 9.5, 10.5, 10 ], "texture": "#texture" }
    }
},
{
    "from": [ 7.5, 7.5, 9 ],
    "to": [ 8, 8, 9.5 ],
    "faces": {
        "down":  { "uv": [ 10.5, 10, 11, 9.5 ], "texture": "#texture" },
        "up":    { "uv": [ 10.5, 9.5, 11, 10 ], "texture": "#texture" },
        "north": { "uv": [ 10.5, 9.5, 11, 10 ], "texture": "#texture" },
        "south": { "uv": [ 11, 9.5, 10.5, 10 ], "texture": "#texture" },
        "west":  { "uv": [ 10.5, 9.5, 11, 10 ], "texture": "#texture" },
        "east":  { "uv": [ 11, 9.5, 10.5, 10 ], "texture": "#texture" }
    }
},
{
    "from": [ 7.5, 8, 8.5 ],
    "to": [ 8, 8.5, 9 ],
    "faces": {
        "down":  { "uv": [ 10.5, 10, 11, 9.5 ], "texture": "#texture" },
        "up":    { "uv": [ 10.5, 9.5, 11, 10 ], "texture": "#texture" },
        "north": { "uv": [ 10.5, 9.5, 11, 10 ], "texture": "#texture" },
        "south": { "uv": [ 11, 9.5, 10.5, 10 ], "texture": "#texture" },
        "west":  { "uv": [ 10.5, 9.5, 11, 10 ], "texture": "#texture" },
        "east":  { "uv": [ 11, 9.5, 10.5, 10 ], "texture": "#texture" }
    }
},
{
    "from": [ 7.5, 8.5, 8 ],
    "to": [ 8, 9, 8.5 ],
    "faces": {
        "down":  { "uv": [ 10.5, 10, 11, 9.5 ], "texture": "#texture" },
        "up":    { "uv": [ 10.5, 9.5, 11, 10 ], "texture": "#texture" },
        "north": { "uv": [ 10.5, 9.5, 11, 10 ], "texture": "#texture" },
        "south": { "uv": [ 11, 9.5, 10.5, 10 ], "texture": "#texture" },
        "west":  { "uv": [ 10.5, 9.5, 11, 10 ], "texture": "#texture" },
        "east":  { "uv": [ 11, 9.5, 10.5, 10 ], "texture": "#texture" }
    }
},
{
    "from": [ 7.5, 9, 7.5 ],
    "to": [ 8, 9.5, 8 ],
    "faces": {
        "down":  { "uv": [ 10.5, 10, 11, 9.5 ], "texture": "#texture" },
        "up":    { "uv": [ 10.5, 9.5, 11, 10 ], "texture": "#texture" },
        "north": { "uv": [ 10.5, 9.5, 11, 10 ], "texture": "#texture" },
        "south": { "uv": [ 11, 9.5, 10.5, 10 ], "texture": "#texture" },
        "west":  { "uv": [ 10.5, 9.5, 11, 10 ], "texture": "#texture" },
        "east":  { "uv": [ 11, 9.5, 10.5, 10 ], "texture": "#texture" }
    }
},
{
    "from": [ 7.5, 9.5, 7 ],
    "to": [ 8, 10, 7.5 ],
    "faces": {
        "down":  { "uv": [ 10.5, 10, 11, 9.5 ], "texture": "#texture" },
        "up":    { "uv": [ 10.5, 9.5, 11, 10 ], "texture": "#texture" },
        "north": { "uv": [ 10.5, 9.5, 11, 10 ], "texture": "#texture" },
        "south": { "uv": [ 11, 9.5, 10.5, 10 ], "texture": "#texture" },
        "west":  { "uv": [ 10.5, 9.5, 11, 10 ], "texture": "#texture" },
        "east":  { "uv": [ 11, 9.5, 10.5, 10 ], "texture": "#texture" }
    }
},
{
    "from": [ 7.5, 11.5, 5 ],
    "to": [ 8, 12, 5.5 ],
    "faces": {
        "down":  { "uv": [ 10.5, 10, 11, 9.5 ], "texture": "#texture" },
        "up":    { "uv": [ 10.5, 9.5, 11, 10 ], "texture": "#texture" },
        "north": { "uv": [ 10.5, 9.5, 11, 10 ], "texture": "#texture" },
        "south": { "uv": [ 11, 9.5, 10.5, 10 ], "texture": "#texture" },
        "west":  { "uv": [ 10.5, 9.5, 11, 10 ], "texture": "#texture" },
        "east":  { "uv": [ 11, 9.5, 10.5, 10 ], "texture": "#texture" }
    }
},
{
    "from": [ 7.5, 12, 4.5 ],
    "to": [ 8, 12.5, 5 ],
    "faces": {
        "down":  { "uv": [ 10.5, 10, 11, 9.5 ], "texture": "#texture" },
        "up":    { "uv": [ 10.5, 9.5, 11, 10 ], "texture": "#texture" },
        "north": { "uv": [ 10.5, 9.5, 11, 10 ], "texture": "#texture" },
        "south": { "uv": [ 11, 9.5, 10.5, 10 ], "texture": "#texture" },
        "west":  { "uv": [ 10.5, 9.5, 11, 10 ], "texture": "#texture" },
        "east":  { "uv": [ 11, 9.5, 10.5, 10 ], "texture": "#texture" }
    }
},
{
    "from": [ 7.5, 12.5, 4 ],
    "to": [ 8, 13, 4.5 ],
    "faces": {
        "down":  { "uv": [ 10.5, 10, 11, 9.5 ], "texture": "#texture" },
        "up":    { "uv": [ 10.5, 9.5, 11, 10 ], "texture": "#texture" },
        "north": { "uv": [ 10.5, 9.5, 11, 10 ], "texture": "#texture" },
        "south": { "uv": [ 11, 9.5, 10.5, 10 ], "texture": "#texture" },
        "west":  { "uv": [ 10.5, 9.5, 11, 10 ], "texture": "#texture" },
        "east":  { "uv": [ 11, 9.5, 10.5, 10 ], "texture": "#texture" }
    }
},
{
    "from": [ 7.5, 13, 3.5 ],
    "to": [ 8, 13.5, 4 ],
    "faces": {
        "down":  { "uv": [ 10.5, 10, 11, 9.5 ], "texture": "#texture" },
        "up":    { "uv": [ 10.5, 9.5, 11, 10 ], "texture": "#texture" },
        "north": { "uv": [ 10.5, 9.5, 11, 10 ], "texture": "#texture" },
        "south": { "uv": [ 11, 9.5, 10.5, 10 ], "texture": "#texture" },
        "west":  { "uv": [ 10.5, 9.5, 11, 10 ], "texture": "#texture" },
        "east":  { "uv": [ 11, 9.5, 10.5, 10 ], "texture": "#texture" }
    }
},
{
    "from": [ 7.5, 13.5, 3 ],
    "to": [ 8, 14, 3.5 ],
    "faces": {
        "down":  { "uv": [ 10.5, 10, 11, 9.5 ], "texture": "#texture" },
        "up":    { "uv": [ 10.5, 9.5, 11, 10 ], "texture": "#texture" },
        "north": { "uv": [ 10.5, 9.5, 11, 10 ], "texture": "#texture" },
        "south": { "uv": [ 11, 9.5, 10.5, 10 ], "texture": "#texture" },
        "west":  { "uv": [ 10.5, 9.5, 11, 10 ], "texture": "#texture" },
        "east":  { "uv": [ 11, 9.5, 10.5, 10 ], "texture": "#texture" }
    }
},
{
    "from": [ 7.5, 14, 2.5 ],
    "to": [ 8, 14.5, 3 ],
    "faces": {
        "down":  { "uv": [ 10.5, 10, 11, 9.5 ], "texture": "#texture" },
        "up":    { "uv": [ 10.5, 9.5, 11, 10 ], "texture": "#texture" },
        "north": { "uv": [ 10.5, 9.5, 11, 10 ], "texture": "#texture" },
        "south": { "uv": [ 11, 9.5, 10.5, 10 ], "texture": "#texture" },
        "west":  { "uv": [ 10.5, 9.5, 11, 10 ], "texture": "#texture" },
        "east":  { "uv": [ 11, 9.5, 10.5, 10 ], "texture": "#texture" }
    }
},
{
    "from": [ 7.5, 13.5, 2 ],
    "to": [ 8, 14, 2.5 ],
    "faces": {
        "down":  { "uv": [ 10.5, 10, 11, 9.5 ], "texture": "#texture" },
        "up":    { "uv": [ 10.5, 9.5, 11, 10 ], "texture": "#texture" },
        "north": { "uv": [ 10.5, 9.5, 11, 10 ], "texture": "#texture" },
        "south": { "uv": [ 11, 9.5, 10.5, 10 ], "texture": "#texture" },
        "west":  { "uv": [ 10.5, 9.5, 11, 10 ], "texture": "#texture" },
        "east":  { "uv": [ 11, 9.5, 10.5, 10 ], "texture": "#texture" }
    }
},
{
    "from": [ 7.5, 13, 2.5 ],
    "to": [ 8, 13.5, 3 ],
    "faces": {
        "down":  { "uv": [ 10.5, 10, 11, 9.5 ], "texture": "#texture" },
        "up":    { "uv": [ 10.5, 9.5, 11, 10 ], "texture": "#texture" },
        "north": { "uv": [ 10.5, 9.5, 11, 10 ], "texture": "#texture" },
        "south": { "uv": [ 11, 9.5, 10.5, 10 ], "texture": "#texture" },
        "west":  { "uv": [ 10.5, 9.5, 11, 10 ], "texture": "#texture" },
        "east":  { "uv": [ 11, 9.5, 10.5, 10 ], "texture": "#texture" }
    }
},
{
    "from": [ 7.5, 12.5, 3 ],
    "to": [ 8, 13, 3.5 ],
    "faces": {
        "down":  { "uv": [ 10.5, 10, 11, 9.5 ], "texture": "#texture" },
        "up":    { "uv": [ 10.5, 9.5, 11, 10 ], "texture": "#texture" },
        "north": { "uv": [ 10.5, 9.5, 11, 10 ], "texture": "#texture" },
        "south": { "uv": [ 11, 9.5, 10.5, 10 ], "texture": "#texture" },
        "west":  { "uv": [ 10.5, 9.5, 11, 10 ], "texture": "#texture" },
        "east":  { "uv": [ 11, 9.5, 10.5, 10 ], "texture": "#texture" }
    }
},
{
    "from": [ 7.5, 12, 3.5 ],
    "to": [ 8, 12.5, 4 ],
    "faces": {
        "down":  { "uv": [ 10.5, 10, 11, 9.5 ], "texture": "#texture" },
        "up":    { "uv": [ 10.5, 9.5, 11, 10 ], "texture": "#texture" },
        "north": { "uv": [ 10.5, 9.5, 11, 10 ], "texture": "#texture" },
        "south": { "uv": [ 11, 9.5, 10.5, 10 ], "texture": "#texture" },
        "west":  { "uv": [ 10.5, 9.5, 11, 10 ], "texture": "#texture" },
        "east":  { "uv": [ 11, 9.5, 10.5, 10 ], "texture": "#texture" }
    }
},
{
    "from": [ 7.5, 11.5, 4 ],
    "to": [ 8, 12, 4.5 ],
    "faces": {
        "down":  { "uv": [ 10.5, 10, 11, 9.5 ], "texture": "#texture" },
        "up":    { "uv": [ 10.5, 9.5, 11, 10 ], "texture": "#texture" },
        "north": { "uv": [ 10.5, 9.5, 11, 10 ], "texture": "#texture" },
        "south": { "uv": [ 11, 9.5, 10.5, 10 ], "texture": "#texture" },
        "west":  { "uv": [ 10.5, 9.5, 11, 10 ], "texture": "#texture" },
        "east":  { "uv": [ 11, 9.5, 10.5, 10 ], "texture": "#texture" }
    }
},
{
    "from": [ 7.5, 11, 4.5 ],
    "to": [ 8, 11.5, 5 ],
    "faces": {
        "down":  { "uv": [ 10.5, 10, 11, 9.5 ], "texture": "#texture" },
        "up":    { "uv": [ 10.5, 9.5, 11, 10 ], "texture": "#texture" },
        "north": { "uv": [ 10.5, 9.5, 11, 10 ], "texture": "#texture" },
        "south": { "uv": [ 11, 9.5, 10.5, 10 ], "texture": "#texture" },
        "west":  { "uv": [ 10.5, 9.5, 11, 10 ], "texture": "#texture" },
        "east":  { "uv": [ 11, 9.5, 10.5, 10 ], "texture": "#texture" }
    }
},
{
    "from": [ 7.5, 9, 6.5 ],
    "to": [ 8, 9.5, 7 ],
    "faces": {
        "down":  { "uv": [ 10.5, 10, 11, 9.5 ], "texture": "#texture" },
        "up":    { "uv": [ 10.5, 9.5, 11, 10 ], "texture": "#texture" },
        "north": { "uv": [ 10.5, 9.5, 11, 10 ], "texture": "#texture" },
        "south": { "uv": [ 11, 9.5, 10.5, 10 ], "texture": "#texture" },
        "west":  { "uv": [ 10.5, 9.5, 11, 10 ], "texture": "#texture" },
        "east":  { "uv": [ 11, 9.5, 10.5, 10 ], "texture": "#texture" }
    }
},
{
    "from": [ 7.5, 8.5, 7 ],
    "to": [ 8, 9, 7.5 ],
    "faces": {
        "down":  { "uv": [ 10.5, 10, 11, 9.5 ], "texture": "#texture" },
        "up":    { "uv": [ 10.5, 9.5, 11, 10 ], "texture": "#texture" },
        "north": { "uv": [ 10.5, 9.5, 11, 10 ], "texture": "#texture" },
        "south": { "uv": [ 11, 9.5, 10.5, 10 ], "texture": "#texture" },
        "west":  { "uv": [ 10.5, 9.5, 11, 10 ], "texture": "#texture" },
        "east":  { "uv": [ 11, 9.5, 10.5, 10 ], "texture": "#texture" }
    }
},
{
    "from": [ 7.5, 8, 7.5 ],
    "to": [ 8, 8.5, 8 ],
    "faces": {
        "down":  { "uv": [ 10.5, 10, 11, 9.5 ], "texture": "#texture" },
        "up":    { "uv": [ 10.5, 9.5, 11, 10 ], "texture": "#texture" },
        "north": { "uv": [ 10.5, 9.5, 11, 10 ], "texture": "#texture" },
        "south": { "uv": [ 11, 9.5, 10.5, 10 ], "texture": "#texture" },
        "west":  { "uv": [ 10.5, 9.5, 11, 10 ], "texture": "#texture" },
        "east":  { "uv": [ 11, 9.5, 10.5, 10 ], "texture": "#texture" }
    }
},
{
    "from": [ 7.5, 7.5, 8 ],
    "to": [ 8, 8, 8.5 ],
    "faces": {
        "down":  { "uv": [ 10.5, 10, 11, 9.5 ], "texture": "#texture" },
        "up":    { "uv": [ 10.5, 9.5, 11, 10 ], "texture": "#texture" },
        "north": { "uv": [ 10.5, 9.5, 11, 10 ], "texture": "#texture" },
        "south": { "uv": [ 11, 9.5, 10.5, 10 ], "texture": "#texture" },
        "west":  { "uv": [ 10.5, 9.5, 11, 10 ], "texture": "#texture" },
        "east":  { "uv": [ 11, 9.5, 10.5, 10 ], "texture": "#texture" }
    }
},
{
    "from": [ 7.5, 7, 8.5 ],
    "to": [ 8, 7.5, 9 ],
    "faces": {
        "down":  { "uv": [ 10.5, 10, 11, 9.5 ], "texture": "#texture" },
        "up":    { "uv": [ 10.5, 9.5, 11, 10 ], "texture": "#texture" },
        "north": { "uv": [ 10.5, 9.5, 11, 10 ], "texture": "#texture" },
        "south": { "uv": [ 11, 9.5, 10.5, 10 ], "texture": "#texture" },
        "west":  { "uv": [ 10.5, 9.5, 11, 10 ], "texture": "#texture" },
        "east":  { "uv": [ 11, 9.5, 10.5, 10 ], "texture": "#texture" }
    }
},
{
    "from": [ 7.5, 6.5, 9 ],
    "to": [ 8, 7, 9.5 ],
    "faces": {
        "down":  { "uv": [ 10.5, 10, 11, 9.5 ], "texture": "#texture" },
        "up":    { "uv": [ 10.5, 9.5, 11, 10 ], "texture": "#texture" },
        "north": { "uv": [ 10.5, 9.5, 11, 10 ], "texture": "#texture" },
        "south": { "uv": [ 11, 9.5, 10.5, 10 ], "texture": "#texture" },
        "west":  { "uv": [ 10.5, 9.5, 11, 10 ], "texture": "#texture" },
        "east":  { "uv": [ 11, 9.5, 10.5, 10 ], "texture": "#texture" }
    }
},
{
    "from": [ 7.5, 6, 9.5 ],
    "to": [ 8, 6.5, 10 ],
    "faces": {
        "down":  { "uv": [ 10.5, 10, 11, 9.5 ], "texture": "#texture" },
        "up":    { "uv": [ 10.5, 9.5, 11, 10 ], "texture": "#texture" },
        "north": { "uv": [ 10.5, 9.5, 11, 10 ], "texture": "#texture" },
        "south": { "uv": [ 11, 9.5, 10.5, 10 ], "texture": "#texture" },
        "west":  { "uv": [ 10.5, 9.5, 11, 10 ], "texture": "#texture" },
        "east":  { "uv": [ 11, 9.5, 10.5, 10 ], "texture": "#texture" }
    }
},
{
    "from": [ 7.5, 5.5, 10 ],
    "to": [ 8, 6, 10.5 ],
    "faces": {
        "down":  { "uv": [ 10.5, 10, 11, 9.5 ], "texture": "#texture" },
        "up":    { "uv": [ 10.5, 9.5, 11, 10 ], "texture": "#texture" },
        "north": { "uv": [ 10.5, 9.5, 11, 10 ], "texture": "#texture" },
        "south": { "uv": [ 11, 9.5, 10.5, 10 ], "texture": "#texture" },
        "west":  { "uv": [ 10.5, 9.5, 11, 10 ], "texture": "#texture" },
        "east":  { "uv": [ 11, 9.5, 10.5, 10 ], "texture": "#texture" }
    }
}
],
"display": {
    "thirdperson": {
        "rotation": [ 33, -11, 1 ],
        "translation": [ 0, -0.6, 0 ],
        "scale": [ 1.3, 1.5, 1.5 ]
    },
    "firstperson": {
        "rotation": [ -21.5, -34, 20 ],
        "translation": [ -4.1, 5.3, 1.5 ],
        "scale": [ 2, 2.5, 2.5 ]
    }
}
}