{"__comment":"Designed by Hypixel minecraft server with BDcraft Cubik PRO 0.95 Beta - http://bdcraft.net","textures":{"texture":"blocks/lightningcone","texture2":"blocks/lightningcone2"},"elements":[{"from":[-16,8,8],"to":[13,26.5,8.0625],"faces":{"north":{"uv":[0,0,16,16],"texture":"#texture2","cullface":"north"},"south":{"uv":[16,0,0,16],"texture":"#texture2"}}},{"from":[-16,-9.5,8],"to":[13,9,8.0625],"rotation":{"origin":[-16,9,8],"axis":"x","angle":22.5},"faces":{"north":{"uv":[0,16,16,0],"texture":"#texture","cullface":"north"},"south":{"uv":[16,16,0,0],"texture":"#texture"}}},{"from":[-16,-9.5,8],"to":[13,9,8.0625],"rotation":{"origin":[-16,9,8],"axis":"x","angle":-45},"faces":{"north":{"uv":[0,16,16,0],"texture":"#texture","cullface":"north"},"south":{"uv":[16,16,0,0],"texture":"#texture"}}}],"display":{"head":{"rotation":[0,-90,0],"translation":[0,-9.1,15],"scale":[10,10,10]},"firstperson":{"rotation":[-51,54,-180],"translation":[-13.3,7.7,-3.1],"scale":[8,8,11]}}}
