{
"__comment": "Designed by Hypixel minecraft server with BDcraft Cubik PRO 0.87 Beta - http://bdcraft.net",
"textures": {
    "particle": "items/fragment_blade2",
    "texture": "items/fragment_blade1",
    "fragmentanimation1": "items/fragmentanimation1"
},
"elements": [ 
{
    "from": [ 6, -9.5, 7 ],
    "to": [ 7.5, -9, 8 ],
    "faces": {
        "down":  { "uv": [ 12.5, 2.25, 14, 3.25 ], "texture": "#texture", "cullface": "down" },
        "north": { "uv": [ 4.5, 12.5, 6, 13 ], "texture": "#texture", "cullface": "down" },
        "south": { "uv": [ 4.5, 12.5, 6, 13 ], "texture": "#texture", "cullface": "down" },
        "west":  { "uv": [ 5, 12.5, 6, 13 ], "texture": "#texture", "cullface": "down" },
        "east":  { "uv": [ 5, 12.5, 6, 13 ], "texture": "#texture", "cullface": "down" }
    }
},
{
    "from": [ 5, -9, 6.75 ],
    "to": [ 8.5, -8.5, 8.25 ],
    "faces": {
        "down":  { "uv": [ 11, 1.75, 14.5, 3.25 ], "texture": "#texture", "cullface": "down" },
        "up":    { "uv": [ 11, 1.75, 14.5, 3.25 ], "texture": "#texture", "cullface": "down" },
        "north": { "uv": [ 3.5, 12, 7, 12.5 ], "texture": "#texture", "cullface": "down" },
        "south": { "uv": [ 3.5, 12, 7, 12.5 ], "texture": "#texture", "cullface": "down" },
        "west":  { "uv": [ 4.5, 12, 6, 12.5 ], "texture": "#texture", "cullface": "down" },
        "east":  { "uv": [ 4.5, 12, 6, 12.5 ], "texture": "#texture", "cullface": "down" }
    }
},
{
    "from": [ 4.5, -8.5, 7 ],
    "to": [ 9, -8, 8 ],
    "faces": {
        "down":  { "uv": [ 11.25, 3.25, 15.75, 4.25 ], "texture": "#texture", "cullface": "down" },
        "up":    { "uv": [ 11.25, 3.25, 15.75, 4.25 ], "texture": "#texture", "cullface": "down" },
        "north": { "uv": [ 7.5, 11.5, 3, 12 ], "texture": "#texture", "cullface": "down" },
        "south": { "uv": [ 3, 11.5, 7.5, 12 ], "texture": "#texture", "cullface": "down" },
        "west":  { "uv": [ 6.5, 11.5, 7, 12 ], "texture": "#texture", "cullface": "down" },
        "east":  { "uv": [ 6.5, 11.5, 7, 12 ], "texture": "#texture", "cullface": "down" }
    }
},
{
    "from": [ 4, -8, 7 ],
    "to": [ 8, -7.5, 8 ],
    "faces": {
        "down":  { "uv": [ 11, 3.25, 15, 4.25 ], "texture": "#texture", "cullface": "down" },
        "up":    { "uv": [ 11, 3.25, 15, 4.25 ], "texture": "#texture", "cullface": "down" },
        "north": { "uv": [ 6.5, 11, 2.5, 11.5 ], "texture": "#texture", "cullface": "down" },
        "south": { "uv": [ 2.5, 11, 6.5, 11.5 ], "texture": "#texture", "cullface": "down" },
        "west":  { "uv": [ 2.5, 11, 3, 11.5 ], "texture": "#texture", "cullface": "down" },
        "east":  { "uv": [ 6, 11, 6.5, 11.5 ], "texture": "#texture", "cullface": "down" }
    }
},
{
    "from": [ 4, -7.5, 7 ],
    "to": [ 7.5, -7, 8 ],
    "faces": {
        "up":    { "uv": [ 11, 3.25, 15, 4.25 ], "texture": "#texture", "cullface": "down" },
        "north": { "uv": [ 6, 10.5, 2.5, 11 ], "texture": "#texture", "cullface": "down" },
        "south": { "uv": [ 2.5, 10.5, 6, 11 ], "texture": "#texture", "cullface": "down" },
        "west":  { "uv": [ 2.5, 10.5, 3, 11 ], "texture": "#texture", "cullface": "down" },
        "east":  { "uv": [ 5.5, 10.5, 6, 11 ], "texture": "#texture", "cullface": "down" }
    }
},
{
    "from": [ 3.5, -7, 7 ],
    "to": [ 6.5, -6.5, 8 ],
    "faces": {
        "down":  { "uv": [ 12, 2.75, 15, 3.75 ], "texture": "#texture", "cullface": "down" },
        "up":    { "uv": [ 12, 2.75, 15, 3.75 ], "texture": "#texture", "cullface": "down" },
        "north": { "uv": [ 5, 10, 2, 10.5 ], "texture": "#texture", "cullface": "down" },
        "south": { "uv": [ 2, 10, 5, 10.5 ], "texture": "#texture", "cullface": "down" },
        "west":  { "uv": [ 4.5, 10, 5, 10.5 ], "texture": "#texture", "cullface": "down" },
        "east":  { "uv": [ 4.5, 10, 5, 10.5 ], "texture": "#texture", "cullface": "down" }
    }
},
{
    "from": [ 3.5, -6.5, 7 ],
    "to": [ 6, -6, 8 ],
    "faces": {
        "up":    { "uv": [ 12.75, 2.75, 15.25, 3.75 ], "texture": "#texture", "cullface": "down" },
        "north": { "uv": [ 4.5, 9.5, 2, 10 ], "texture": "#texture", "cullface": "down" },
        "south": { "uv": [ 2, 9.5, 4.5, 10 ], "texture": "#texture", "cullface": "down" },
        "west":  { "uv": [ 4, 9.5, 4.5, 10 ], "texture": "#texture", "cullface": "down" },
        "east":  { "uv": [ 4, 9.5, 4.5, 10 ], "texture": "#texture", "cullface": "down" }
    }
},
{
    "from": [ 3.5, -6, 7 ],
    "to": [ 5.5, -3, 8 ],
    "faces": {
        "up":    { "uv": [ 4, 7, 2, 8 ], "texture": "#texture", "cullface": "down" },
        "north": { "uv": [ 4, 7, 2, 9.5 ], "texture": "#texture", "cullface": "down" },
        "south": { "uv": [ 2, 7, 4, 9.5 ], "texture": "#texture", "cullface": "down" },
        "west":  { "uv": [ 3.5, 7, 4, 9.5 ], "texture": "#texture", "cullface": "down" },
        "east":  { "uv": [ 3.5, 7, 4, 9.5 ], "texture": "#texture", "cullface": "down" }
    }
},
{
    "from": [ 4, -6, 6.75 ],
    "to": [ 5, -3, 8.25 ],
    "faces": {
        "up":    { "uv": [ 2.5, 7, 3.5, 8.5 ], "texture": "#texture", "cullface": "down" },
        "north": { "uv": [ 3.5, 7, 2.5, 9.5 ], "texture": "#texture", "cullface": "down" },
        "south": { "uv": [ 2.5, 7, 3.5, 9.5 ], "texture": "#texture", "cullface": "down" },
        "west":  { "uv": [ 2.5, 7, 3, 7.5 ], "texture": "#texture", "cullface": "down" },
        "east":  { "uv": [ 3, 7, 3.5, 7.5 ], "texture": "#texture", "cullface": "down" }
    }
},
{
    "from": [ 4, -7, 6.75 ],
    "to": [ 5.5, -6, 8.25 ],
    "faces": {
        "down":  { "uv": [ 12.25, 2.5, 13.75, 4 ], "texture": "#texture", "cullface": "down" },
        "up":    { "uv": [ 12.25, 2.5, 13.75, 4 ], "texture": "#texture", "cullface": "down" },
        "north": { "uv": [ 4, 9.5, 2.5, 10.5 ], "texture": "#texture", "cullface": "down" },
        "south": { "uv": [ 2.5, 9.5, 4, 10.5 ], "texture": "#texture", "cullface": "down" },
        "west":  { "uv": [ 2.5, 9.5, 3, 10 ], "texture": "#texture", "cullface": "down" },
        "east":  { "uv": [ 2.5, 9.5, 3, 10 ], "texture": "#texture", "cullface": "down" }
    }
},
{
    "from": [ 4.5, -7.5, 6.75 ],
    "to": [ 5, -7, 8.25 ],
    "faces": {
        "down":  { "uv": [ 3, 9.5, 3.5, 10 ], "texture": "#texture", "cullface": "down" },
        "north": { "uv": [ 3.5, 9.5, 3, 10 ], "texture": "#texture", "cullface": "down" },
        "south": { "uv": [ 3.5, 9.5, 3, 10 ], "texture": "#texture", "cullface": "down" },
        "west":  { "uv": [ 3, 9.5, 3.5, 10 ], "texture": "#texture", "cullface": "down" },
        "east":  { "uv": [ 3, 9.5, 3.5, 10 ], "texture": "#texture", "cullface": "down" }
    }
},
{
    "from": [ 4, -3, 7 ],
    "to": [ 5.5, -2.5, 8 ],
    "faces": {
        "north": { "uv": [ 2.5, 6.5, 4, 7 ], "texture": "#texture", "cullface": "down" },
        "south": { "uv": [ 2.5, 6.5, 4, 7 ], "texture": "#texture", "cullface": "down" },
        "west":  { "uv": [ 3.5, 6.5, 4, 7 ], "texture": "#texture", "cullface": "down" },
        "east":  { "uv": [ 3.5, 6.5, 4, 7 ], "texture": "#texture", "cullface": "down" }
    }
},
{
    "from": [ 4, -2.5, 7 ],
    "to": [ 6, -0.5, 8 ],
    "faces": {
        "down":  { "uv": [ 4.5, 6.5, 2.5, 5.5 ], "texture": "#texture", "cullface": "down" },
        "north": { "uv": [ 4.5, 4.5, 2.5, 6.5 ], "texture": "#texture", "cullface": "down" },
        "south": { "uv": [ 2.5, 4.5, 4.5, 6.5 ], "texture": "#texture", "cullface": "down" },
        "west":  { "uv": [ 4, 4.5, 4.5, 5 ], "texture": "#texture", "cullface": "down" },
        "east":  { "uv": [ 4, 4.5, 4.5, 5 ], "texture": "#texture", "cullface": "down" }
    }
},
{
    "from": [ 4.5, -3, 6.75 ],
    "to": [ 5, -2.5, 8.25 ],
    "faces": {
        "north": { "uv": [ 3.5, 9.5, 3, 10 ], "texture": "#texture", "cullface": "down" },
        "south": { "uv": [ 3.5, 9.5, 3, 10 ], "texture": "#texture", "cullface": "down" },
        "west":  { "uv": [ 3, 9.5, 3.5, 10 ], "texture": "#texture", "cullface": "down" },
        "east":  { "uv": [ 3, 9.5, 3.5, 10 ], "texture": "#texture", "cullface": "down" }
    }
},
{
    "from": [ 4.5, -2.5, 6.75 ],
    "to": [ 5.5, -0.5, 8.25 ],
    "faces": {
        "down":  { "uv": [ 3, 4.5, 4, 5.5 ], "texture": "#texture", "cullface": "down" },
        "north": { "uv": [ 4, 4.5, 3, 6.5 ], "texture": "#texture", "cullface": "down" },
        "south": { "uv": [ 3, 4.5, 4, 6.5 ], "texture": "#texture", "cullface": "down" },
        "west":  { "uv": [ 3, 4.5, 3.5, 6.75 ], "texture": "#texture", "cullface": "down" },
        "east":  { "uv": [ 3.5, 4.5, 4, 6.75 ], "texture": "#texture", "cullface": "down" }
    }
},
{
    "from": [ 4, -0.5, 7 ],
    "to": [ 6.5, 0, 8 ],
    "faces": {
        "down":  { "uv": [ 12, 1.75, 14.5, 2.75 ], "texture": "#texture", "cullface": "down" },
        "north": { "uv": [ 2.5, 4, 5, 4.5 ], "texture": "#texture", "cullface": "down" },
        "south": { "uv": [ 2.5, 4, 5, 4.5 ], "texture": "#texture", "cullface": "down" },
        "west":  { "uv": [ 4.5, 4, 5, 4.5 ], "texture": "#texture", "cullface": "down" },
        "east":  { "uv": [ 4.5, 4, 5, 4.5 ], "texture": "#texture", "cullface": "down" }
    }
},
{
    "from": [ 4.5, -0.5, 6.75 ],
    "to": [ 6, 0, 8.25 ],
    "faces": {
        "down":  { "uv": [ 3, 4, 4.5, 4.5 ], "texture": "#texture", "cullface": "down" },
        "up":    { "uv": [ 3, 4, 4.5, 4.5 ], "texture": "#texture", "cullface": "down" },
        "north": { "uv": [ 3, 4, 4.5, 4.5 ], "texture": "#texture", "cullface": "down" },
        "south": { "uv": [ 3, 4, 4.5, 4.5 ], "texture": "#texture", "cullface": "down" },
        "west":  { "uv": [ 3, 4, 4.5, 4.5 ], "texture": "#texture", "cullface": "down" },
        "east":  { "uv": [ 3, 4, 4.5, 4.5 ], "texture": "#texture", "cullface": "down" }
    }
},
{
    "from": [ 4.5, -0.5, 6.75 ],
    "to": [ 6, 0, 8.25 ],
    "faces": {
        "down":  { "uv": [ 3, 4, 4.5, 4.5 ], "texture": "#texture", "cullface": "down" },
        "up":    { "uv": [ 3, 4, 4.5, 4.5 ], "texture": "#texture", "cullface": "down" },
        "north": { "uv": [ 3, 4, 4.5, 4.5 ], "texture": "#texture", "cullface": "down" },
        "south": { "uv": [ 3, 4, 4.5, 4.5 ], "texture": "#texture", "cullface": "down" },
        "west":  { "uv": [ 3, 4, 4.5, 4.5 ], "texture": "#texture", "cullface": "down" },
        "east":  { "uv": [ 3, 4, 4.5, 4.5 ], "texture": "#texture", "cullface": "down" }
    }
},
{
    "from": [ 5, 0, 6.75 ],
    "to": [ 5.5, 0.5, 8.25 ],
    "faces": {
        "up":    { "uv": [ 3, 4, 4.5, 4.5 ], "texture": "#texture" },
        "north": { "uv": [ 3, 4, 4.5, 4.5 ], "texture": "#texture" },
        "south": { "uv": [ 3, 4, 4.5, 4.5 ], "texture": "#texture" },
        "west":  { "uv": [ 3, 4, 4.5, 4.5 ], "texture": "#texture" },
        "east":  { "uv": [ 3, 4, 4.5, 4.5 ], "texture": "#texture" }
    }
},
{
    "from": [ 4, 0, 7 ],
    "to": [ 9, 0.5, 8 ],
    "faces": {
        "down":  { "uv": [ 2.5, 3.5, 7.5, 4 ], "texture": "#texture", "cullface": "down" },
        "up":    { "uv": [ 2.5, 3.5, 7.5, 4 ], "texture": "#texture" },
        "north": { "uv": [ 7.5, 3.5, 2.5, 4 ], "texture": "#texture" },
        "south": { "uv": [ 2.5, 3.5, 7.5, 4 ], "texture": "#texture" },
        "west":  { "uv": [ 4.75, 3.5, 5.75, 4 ], "texture": "#texture" },
        "east":  { "uv": [ 4.75, 3.5, 5.75, 4 ], "texture": "#texture" }
    }
},
{
    "from": [ 4.5, 0.5, 7 ],
    "to": [ 7, 1, 8 ],
    "faces": {
        "up":    { "uv": [ 3, 3, 5.5, 3.5 ], "texture": "#texture" },
        "north": { "uv": [ 3, 3, 5.5, 3.5 ], "texture": "#texture" },
        "south": { "uv": [ 3, 3, 5.5, 3.5 ], "texture": "#texture" },
        "west":  { "uv": [ 4, 3.25, 5, 3.75 ], "texture": "#texture" }
    }
},
{
    "from": [ 4.5, 1, 7 ],
    "to": [ 5.5, 1.5, 8 ],
    "faces": {
        "north": { "uv": [ 4, 3.25, 5, 3.75 ], "texture": "#texture" },
        "south": { "uv": [ 4, 3.25, 5, 3.75 ], "texture": "#texture" },
        "west":  { "uv": [ 4.25, 3.5, 5.25, 4 ], "texture": "#texture" }
    }
},
{
    "from": [ 8.5, 0.5, 7 ],
    "to": [ 10, 1, 8 ],
    "faces": {
        "down":  { "uv": [ 4, 3, 5, 4 ], "texture": "#texture" },
        "up":    { "uv": [ 4, 3, 5, 4 ], "texture": "#texture" },
        "north": { "uv": [ 4, 3.25, 5, 3.75 ], "texture": "#texture" },
        "south": { "uv": [ 4, 3.25, 5, 3.75 ], "texture": "#texture" },
        "east":  { "uv": [ 4.25, 3.5, 5.25, 4 ], "texture": "#texture" }
    }
},
{
    "from": [ 10, 1, 7 ],
    "to": [ 10.5, 1.5, 8 ],
    "faces": {
        "down":  { "uv": [ 4, 3, 5, 4 ], "texture": "#texture" },
        "north": { "uv": [ 4, 3.25, 5, 3.75 ], "texture": "#texture" },
        "south": { "uv": [ 4, 3.25, 5, 3.75 ], "texture": "#texture" },
        "east":  { "uv": [ 4.25, 3.5, 5.25, 4 ], "texture": "#texture" }
    }
},
{
    "from": [ 8, 1, 7.5 ],
    "to": [ 9.5, 3.5, 7.5625 ],
    "faces": {
        "down":  { "uv": [ 7.5, 7.5625, 6, 7.5 ], "texture": "#texture" },
        "up":    { "uv": [ 8.5, 7.5, 10, 7.5625 ], "texture": "#texture" },
        "north": { "uv": [ 6.5, 0.5, 8, 3 ], "texture": "#texture" },
        "south": { "uv": [ 6.5, 0.5, 8, 3 ], "texture": "#texture" },
        "west":  { "uv": [ 7.5, 12.5, 7.5625, 15 ], "texture": "#texture" },
        "east":  { "uv": [ 8.4375, 12.5, 8.5, 15 ], "texture": "#texture" }
    }
},
{
    "from": [ 9.5, 1.5, 7.5 ],
    "to": [ 10, 3, 7.5625 ],
    "faces": {
        "north": { "uv": [ 8, 1, 8.5, 2.5 ], "texture": "#texture" },
        "south": { "uv": [ 8, 1, 8.5, 2.5 ], "texture": "#texture" }
    }
},
{
    "from": [ 7.5, 1.5, 7.5 ],
    "to": [ 8, 3, 7.5625 ],
    "faces": {
        "north": { "uv": [ 6, 1, 6.5, 2.5 ], "texture": "#texture" },
        "south": { "uv": [ 6, 1, 6.5, 2.5 ], "texture": "#texture" },
        "west":  { "uv": [ 7.5, 13, 7.5625, 14.5 ], "texture": "#texture" }
    }
},
{
    "from": [ 7, 0.5, 6.75 ],
    "to": [ 8.5, 1, 8.25 ],
    "faces": {
        "down":  { "uv": [ 12.25, 3, 13.75, 4.5 ], "texture": "#texture" },
        "up":    { "uv": [ 12.25, 3, 13.75, 4.5 ], "texture": "#texture" },
        "north": { "uv": [ 7, 3, 5.5, 3.5 ], "texture": "#texture" },
        "south": { "uv": [ 5.5, 3, 7, 3.5 ], "texture": "#texture" },
        "west":  { "uv": [ 5.5, 3, 7, 3.5 ], "texture": "#texture" },
        "east":  { "uv": [ 5.5, 3, 7, 3.5 ], "texture": "#texture" }
    }
},
{
    "from": [ 5.5, 1, 6.75 ],
    "to": [ 8, 1.5, 8.25 ],
    "faces": {
        "down":  { "uv": [ 12.25, 3, 13.75, 4.5 ], "texture": "#texture" },
        "up":    { "uv": [ 12.25, 3, 13.75, 4.5 ], "texture": "#texture" },
        "north": { "uv": [ 6.5, 2.5, 4, 3 ], "texture": "#texture" },
        "south": { "uv": [ 4, 2.5, 6.5, 3 ], "texture": "#texture" },
        "west":  { "uv": [ 5.5, 3, 7, 3.5 ], "texture": "#texture" },
        "east":  { "uv": [ 5.5, 3, 7, 3.5 ], "texture": "#texture" }
    }
},
{
    "from": [ 4.5, 1.5, 6.75 ],
    "to": [ 7.5, 2, 8.25 ],
    "faces": {
        "down":  { "uv": [ 11.25, 2.75, 14.25, 4.25 ], "texture": "#texture" },
        "up":    { "uv": [ 11.25, 2.75, 14.25, 4.25 ], "texture": "#texture" },
        "north": { "uv": [ 3, 2, 6, 2.5 ], "texture": "#texture" },
        "south": { "uv": [ 3, 2, 6, 2.5 ], "texture": "#texture" },
        "west":  { "uv": [ 5.5, 2, 6, 2.5 ], "texture": "#texture" },
        "east":  { "uv": [ 5.5, 2, 6, 2.5 ], "texture": "#texture" }
    }
},
{
    "from": [ 2, 2, 6.75 ],
    "to": [ 5.5, 2.5, 8.25 ],
    "faces": {
        "down":  { "uv": [ 11, 3, 14.5, 4 ], "texture": "#texture" },
        "up":    { "uv": [ 11, 3, 14.5, 4 ], "texture": "#texture" },
        "north": { "uv": [ 4, 1.5, 0.5, 2 ], "texture": "#texture" },
        "south": { "uv": [ 0.5, 1.5, 4, 2 ], "texture": "#texture" },
        "west":  { "uv": [ 2, 1.5, 3, 2 ], "texture": "#texture" },
        "east":  { "uv": [ 2, 1.5, 3, 2 ], "texture": "#texture" }
    }
},
{
    "from": [ 7, 2, 7 ],
    "to": [ 7.5, 2.5, 8 ],
    "faces": {
        "north": { "uv": [ 13, 3.5, 13.5, 4 ], "texture": "#texture" },
        "south": { "uv": [ 13, 3.5, 13.5, 4 ], "texture": "#texture" },
        "east":  { "uv": [ 13, 3.75, 14.5, 4.25 ], "texture": "#texture" }
    }
},
{
    "from": [ 3, 2.5, 6.75 ],
    "to": [ 4.5, 3, 8.25 ],
    "faces": {
        "up":    { "uv": [ 1.5, 1, 3, 1.5 ], "texture": "#texture" },
        "north": { "uv": [ 3, 1, 1.5, 1.5 ], "texture": "#texture" },
        "south": { "uv": [ 1.5, 1, 3, 1.5 ], "texture": "#texture" },
        "west":  { "uv": [ 1.5, 1, 3, 1.5 ], "texture": "#texture" },
        "east":  { "uv": [ 1.5, 1, 3, 1.5 ], "texture": "#texture" }
    }
},
{
    "from": [ 1.5, 2, 7 ],
    "to": [ 2, 2.5, 8 ],
    "faces": {
        "down":  { "uv": [ 0, 1.5, 0.5, 2 ], "texture": "#texture" },
        "up":    { "uv": [ 0, 1.5, 0.5, 2 ], "texture": "#texture" },
        "north": { "uv": [ 0, 1.5, 0.5, 2 ], "texture": "#texture" },
        "south": { "uv": [ 0, 1.5, 0.5, 2 ], "texture": "#texture" },
        "west":  { "uv": [ 0, 1.5, 0.5, 2 ], "texture": "#texture" }
    }
},
{
    "from": [ 2, 2.5, 7 ],
    "to": [ 3, 3, 8 ],
    "faces": {
        "up":    { "uv": [ 0.5, 1, 1.5, 1.5 ], "texture": "#texture" },
        "north": { "uv": [ 0.5, 1, 1.5, 1.5 ], "texture": "#texture" },
        "south": { "uv": [ 0.5, 1, 1.5, 1.5 ], "texture": "#texture" },
        "west":  { "uv": [ 0.5, 1, 1.5, 1.5 ], "texture": "#texture" }
    }
},
{
    "from": [ 3, 3, 7 ],
    "to": [ 4.5, 3.5, 8 ],
    "faces": {
        "up":    { "uv": [ 1.5, 0.5, 3, 1 ], "texture": "#texture" },
        "north": { "uv": [ 1.5, 0.5, 3, 1 ], "texture": "#texture" },
        "south": { "uv": [ 1.5, 0.5, 3, 1 ], "texture": "#texture" },
        "west":  { "uv": [ 1.5, 0.5, 3, 1 ], "texture": "#texture" },
        "east":  { "uv": [ 1.5, 0.5, 3, 1 ], "texture": "#texture" }
    }
},
{
    "from": [ 4.5, 2.5, 7 ],
    "to": [ 5.5, 3, 8 ],
    "faces": {
        "up":    { "uv": [ 0.5, 1, 1.5, 1.5 ], "texture": "#texture" },
        "north": { "uv": [ 0.5, 1, 1.5, 1.5 ], "texture": "#texture" },
        "south": { "uv": [ 0.5, 1, 1.5, 1.5 ], "texture": "#texture" },
        "east":  { "uv": [ 0.5, 1, 1.5, 1.5 ], "texture": "#texture" }
    }
},
{
    "from": [ 5.5, 2, 7 ],
    "to": [ 7, 2.5, 8 ],
    "faces": {
        "up":    { "uv": [ 1.5, 0.5, 3, 1 ], "texture": "#texture" },
        "north": { "uv": [ 1.5, 0.5, 3, 1 ], "texture": "#texture" },
        "south": { "uv": [ 1.5, 0.5, 3, 1 ], "texture": "#texture" }
    }
},
{
    "from": [ 7, 2.5, 7 ],
    "to": [ 7.5, 3, 8 ],
    "faces": {
        "up":    { "uv": [ 0, 1.5, 0.5, 2 ], "texture": "#texture" },
        "north": { "uv": [ 0, 1.5, 0.5, 2 ], "texture": "#texture" },
        "south": { "uv": [ 0, 1.5, 0.5, 2 ], "texture": "#texture" },
        "west":  { "uv": [ 0, 1.5, 0.5, 2 ], "texture": "#texture" },
        "east":  { "uv": [ 0, 1.5, 0.5, 2 ], "texture": "#texture" }
    }
},
{
    "from": [ 7.5, 3, 7 ],
    "to": [ 8, 3.5, 8 ],
    "faces": {
        "down":  { "uv": [ 0, 1.5, 0.5, 2 ], "texture": "#texture" },
        "up":    { "uv": [ 0, 1.5, 0.5, 2 ], "texture": "#texture" },
        "north": { "uv": [ 0, 1.5, 0.5, 2 ], "texture": "#texture" },
        "south": { "uv": [ 0, 1.5, 0.5, 2 ], "texture": "#texture" },
        "west":  { "uv": [ 0, 1.5, 0.5, 2 ], "texture": "#texture" },
        "east":  { "uv": [ 0, 1.5, 0.5, 2 ], "texture": "#texture" }
    }
},
{
    "from": [ 8, 3.5, 7 ],
    "to": [ 9, 4, 8 ],
    "faces": {
        "down":  { "uv": [ 0.5, 1, 1.5, 1.5 ], "texture": "#texture" },
        "up":    { "uv": [ 0.5, 1, 1.5, 1.5 ], "texture": "#texture" },
        "north": { "uv": [ 0.5, 1, 1.5, 1.5 ], "texture": "#texture" },
        "south": { "uv": [ 0.5, 1, 1.5, 1.5 ], "texture": "#texture" },
        "west":  { "uv": [ 0.5, 1, 1.5, 1.5 ], "texture": "#texture" }
    }
},
{
    "from": [ 9, 3.5, 6.75 ],
    "to": [ 9.5, 4, 8.25 ],
    "faces": {
        "down":  { "uv": [ 12.75, 2.75, 13.25, 4.25 ], "texture": "#texture" },
        "up":    { "uv": [ 12.75, 2.75, 13.25, 4.25 ], "texture": "#texture" },
        "north": { "uv": [ 7.5, 0, 8, 0.5 ], "texture": "#texture" },
        "south": { "uv": [ 7.5, 0, 8, 0.5 ], "texture": "#texture" },
        "west":  { "uv": [ 7.5, 0, 8, 0.5 ], "texture": "#texture" },
        "east":  { "uv": [ 7.5, 0, 8, 0.5 ], "texture": "#texture" }
    }
},
{
    "from": [ 9.5, 3, 6.75 ],
    "to": [ 10, 3.5, 8.25 ],
    "faces": {
        "down":  { "uv": [ 12.75, 2.75, 13.25, 4.25 ], "texture": "#texture" },
        "up":    { "uv": [ 12.75, 2.75, 13.25, 4.25 ], "texture": "#texture" },
        "north": { "uv": [ 7.5, 0, 8, 0.5 ], "texture": "#texture" },
        "south": { "uv": [ 7.5, 0, 8, 0.5 ], "texture": "#texture" },
        "west":  { "uv": [ 7.5, 0, 8, 0.5 ], "texture": "#texture" },
        "east":  { "uv": [ 7.5, 0, 8, 0.5 ], "texture": "#texture" }
    }
},
{
    "from": [ 10, 1.5, 6.75 ],
    "to": [ 10.5, 3, 8.25 ],
    "faces": {
        "down":  { "uv": [ 12.75, 2.75, 13.25, 4.25 ], "texture": "#texture" },
        "up":    { "uv": [ 12.75, 2.75, 13.25, 4.25 ], "texture": "#texture" },
        "north": { "uv": [ 7.5, 0, 8, 0.5 ], "texture": "#texture" },
        "south": { "uv": [ 7.5, 0, 8, 0.5 ], "texture": "#texture" },
        "west":  { "uv": [ 7.5, 0, 8, 0.5 ], "texture": "#texture" },
        "east":  { "uv": [ 7.5, 0, 8, 0.5 ], "texture": "#texture" }
    }
},
{
    "from": [ 9.5, 1, 6.75 ],
    "to": [ 10, 1.5, 8.25 ],
    "faces": {
        "down":  { "uv": [ 12.75, 2.75, 13.25, 4.25 ], "texture": "#texture" },
        "up":    { "uv": [ 12.75, 2.75, 13.25, 4.25 ], "texture": "#texture" },
        "north": { "uv": [ 7.5, 0, 8, 0.5 ], "texture": "#texture" },
        "south": { "uv": [ 7.5, 0, 8, 0.5 ], "texture": "#texture" },
        "west":  { "uv": [ 7.5, 0, 8, 0.5 ], "texture": "#texture" },
        "east":  { "uv": [ 7.5, 0, 8, 0.5 ], "texture": "#texture" }
    }
},
{
    "from": [ 10.5, 0, 7 ],
    "to": [ 11, 1, 8 ],
    "faces": {
        "down":  { "uv": [ 9, 3, 9.5, 4 ], "texture": "#texture", "cullface": "down" },
        "up":    { "uv": [ 9, 3, 9.5, 4 ], "texture": "#texture" },
        "north": { "uv": [ 9, 3, 9.5, 4 ], "texture": "#texture" },
        "south": { "uv": [ 9, 3, 9.5, 4 ], "texture": "#texture" },
        "west":  { "uv": [ 9, 3, 9.5, 4.25 ], "texture": "#texture" },
        "east":  { "uv": [ 9, 3, 9.5, 4.25 ], "texture": "#texture" }
    }
},
{
    "from": [ 10, -2, 7 ],
    "to": [ 10.5, 0.5, 8 ],
    "faces": {
        "down":  { "uv": [ 8.5, 4.5, 9, 5.5 ], "texture": "#texture", "cullface": "down" },
        "up":    { "uv": [ 8.5, 3.5, 9, 4.5 ], "texture": "#texture", "cullface": "down" },
        "north": { "uv": [ 8.5, 3.5, 9, 5.5 ], "texture": "#texture", "cullface": "down" },
        "south": { "uv": [ 8.5, 3.5, 9, 5.5 ], "texture": "#texture", "cullface": "down" },
        "west":  { "uv": [ 8.5, 3.5, 9, 5.5 ], "texture": "#texture", "cullface": "down" },
        "east":  { "uv": [ 8.5, 3.5, 9, 5.5 ], "texture": "#texture", "cullface": "down" }
    }
},
{
    "from": [ 10.5, 1, 7.25 ],
    "to": [ 11, 1.5, 7.75 ],
    "faces": {
        "up":    { "uv": [ 9, 2.5, 9.5, 3 ], "texture": "#texture" },
        "north": { "uv": [ 9, 2.5, 9.5, 3 ], "texture": "#texture" },
        "south": { "uv": [ 9, 2.5, 9.5, 3 ], "texture": "#texture" },
        "east":  { "uv": [ 9, 2.5, 9.5, 3 ], "texture": "#texture" }
    }
},
{
    "from": [ 11, -2.5, 7.25 ],
    "to": [ 11.5, 1, 7.75 ],
    "faces": {
        "down":  { "uv": [ 9.5, 5.5, 10, 6 ], "texture": "#texture", "cullface": "down" },
        "up":    { "uv": [ 9.5, 3, 10, 3.5 ], "texture": "#texture", "cullface": "down" },
        "north": { "uv": [ 9.5, 3, 10, 6 ], "texture": "#texture", "cullface": "down" },
        "south": { "uv": [ 9.5, 3, 10, 6 ], "texture": "#texture", "cullface": "down" },
        "west":  { "uv": [ 9.5, 3, 10, 6 ], "texture": "#texture", "cullface": "down" },
        "east":  { "uv": [ 9.5, 3, 10, 6 ], "texture": "#texture", "cullface": "down" }
    }
},
{
    "from": [ 10.5, -3, 7.25 ],
    "to": [ 11, 0, 7.75 ],
    "faces": {
        "down":  { "uv": [ 9.5, 5.5, 10, 6 ], "texture": "#texture", "cullface": "down" },
        "north": { "uv": [ 9, 4, 9.5, 6.5 ], "texture": "#texture", "cullface": "down" },
        "south": { "uv": [ 9, 4, 9.5, 6.5 ], "texture": "#texture", "cullface": "down" },
        "west":  { "uv": [ 9, 4, 9.5, 6.5 ], "texture": "#texture", "cullface": "down" },
        "east":  { "uv": [ 9, 4, 9.5, 6.5 ], "texture": "#texture", "cullface": "down" }
    }
},
{
    "from": [ 10, -4, 7.25 ],
    "to": [ 10.5, -2, 7.75 ],
    "faces": {
        "down":  { "uv": [ 9.5, 5.5, 10, 6 ], "texture": "#texture", "cullface": "down" },
        "north": { "uv": [ 8.5, 5.5, 9, 7.5 ], "texture": "#texture", "cullface": "down" },
        "south": { "uv": [ 8.5, 5.5, 9, 7.5 ], "texture": "#texture", "cullface": "down" },
        "east":  { "uv": [ 8.5, 5.5, 9, 7.5 ], "texture": "#texture", "cullface": "down" }
    }
},
{
    "from": [ 9.5, -4.5, 7.25 ],
    "to": [ 10, 0.5, 7.75 ],
    "faces": {
        "down":  { "uv": [ 8.5, 7.75, 8, 7.25 ], "texture": "#texture", "cullface": "down" },
        "north": { "uv": [ 8, 3.5, 8.5, 8 ], "texture": "#texture", "cullface": "down" },
        "south": { "uv": [ 8, 3.5, 8.5, 8 ], "texture": "#texture", "cullface": "down" },
        "east":  { "uv": [ 8, 3.5, 8.5, 8 ], "texture": "#texture", "cullface": "down" }
    }
},
{
    "from": [ 10, 0.5, 7.25 ],
    "to": [ 10.5, 1, 7.75 ],
    "faces": {
        "north": { "uv": [ 9, 2.5, 9.5, 3 ], "texture": "#texture" },
        "south": { "uv": [ 9, 2.5, 9.5, 3 ], "texture": "#texture" }
    }
},
{
    "from": [ 9, -5, 7.25 ],
    "to": [ 9.5, 0.5, 7.75 ],
    "faces": {
        "down":  { "uv": [ 8.5, 7.75, 8, 7.25 ], "texture": "#texture", "cullface": "down" },
        "north": { "uv": [ 7.5, 3.5, 8, 8.5 ], "texture": "#texture", "cullface": "down" },
        "south": { "uv": [ 7.5, 3.5, 8, 8.5 ], "texture": "#texture", "cullface": "down" },
        "west":  { "uv": [ 7.5, 3.5, 8, 8.5 ], "texture": "#texture", "cullface": "down" },
        "east":  { "uv": [ 7.5, 3.5, 8, 8.5 ], "texture": "#texture", "cullface": "down" }
    }
},
{
    "from": [ 8.5, -5.5, 7.25 ],
    "to": [ 9, -3.5, 7.75 ],
    "faces": {
        "down":  { "uv": [ 9.5, 5.5, 10, 6 ], "texture": "#texture", "cullface": "down" },
        "up":    { "uv": [ 9.5, 3, 10, 3.5 ], "texture": "#texture", "cullface": "down" },
        "north": { "uv": [ 7, 7, 7.5, 9 ], "texture": "#texture", "cullface": "down" },
        "south": { "uv": [ 7, 7, 7.5, 9 ], "texture": "#texture", "cullface": "down" },
        "west":  { "uv": [ 7, 7, 7.5, 9 ], "texture": "#texture", "cullface": "down" },
        "east":  { "uv": [ 7, 7, 7.5, 9 ], "texture": "#texture", "cullface": "down" }
    }
},
{
    "from": [ 8, -5.5, 7.25 ],
    "to": [ 8.5, -4.5, 7.75 ],
    "faces": {
        "down":  { "uv": [ 8, 7.75, 7.5, 7.25 ], "texture": "#texture", "cullface": "down" },
        "up":    { "uv": [ 8, 7.25, 8.5, 7.75 ], "texture": "#texture", "cullface": "down" },
        "north": { "uv": [ 6.5, 8, 7, 9 ], "texture": "#texture", "cullface": "down" },
        "south": { "uv": [ 6.5, 8, 7, 9 ], "texture": "#texture", "cullface": "down" },
        "west":  { "uv": [ 6.5, 8, 7, 8.5 ], "texture": "#texture", "cullface": "down" }
    }
},
{
    "from": [ 7.5, -5.5, 7.25 ],
    "to": [ 8, -5, 7.75 ],
    "faces": {
        "down":  { "uv": [ 8, 7.75, 7.5, 7.25 ], "texture": "#texture", "cullface": "down" },
        "up":    { "uv": [ 8, 7.25, 8.5, 7.75 ], "texture": "#texture", "cullface": "down" },
        "north": { "uv": [ 6.5, 8, 7, 9 ], "texture": "#texture", "cullface": "down" },
        "south": { "uv": [ 6.5, 8, 7, 9 ], "texture": "#texture", "cullface": "down" },
        "west":  { "uv": [ 6.5, 8, 7, 8.5 ], "texture": "#texture", "cullface": "down" }
    }
},
{
    "from": [ 3.5, 4, 7 ],
    "to": [ 5.5, 4.5, 8 ],
    "faces": {
        "down":  { "uv": [ 4, 15.5, 6, 16 ], "texture": "#texture" },
        "up":    { "uv": [ 4, 15.5, 6, 16 ], "texture": "#texture" },
        "north": { "uv": [ 4, 15.5, 6, 16 ], "texture": "#texture" },
        "south": { "uv": [ 4, 15.5, 6, 16 ], "texture": "#texture" },
        "west":  { "uv": [ 4.25, 15.5, 5.25, 16 ], "texture": "#texture" }
    }
},
{
    "from": [ 5, 4.5, 7 ],
    "to": [ 5.5, 5, 8 ],
    "faces": {
        "north": { "uv": [ 5.5, 15, 6, 15.5 ], "texture": "#texture" },
        "south": { "uv": [ 5.5, 15, 6, 15.5 ], "texture": "#texture" },
        "west":  { "uv": [ 4.5, 15.5, 5.5, 16 ], "texture": "#texture" }
    }
},
{
    "from": [ 5, 5, 7 ],
    "to": [ 6, 5.5, 8 ],
    "faces": {
        "down":  { "uv": [ 5.5, 14.5, 6.5, 15 ], "texture": "#texture" },
        "up":    { "uv": [ 5.5, 14.5, 6.5, 15 ], "texture": "#texture" },
        "north": { "uv": [ 5.5, 14.5, 6.5, 15 ], "texture": "#texture" },
        "south": { "uv": [ 5.5, 14.5, 6.5, 15 ], "texture": "#texture" },
        "west":  { "uv": [ 5.5, 14.5, 6.5, 15 ], "texture": "#texture" }
    }
},
{
    "from": [ 1.5, 4.5, 7.25 ],
    "to": [ 5, 5, 7.75 ],
    "faces": {
        "down":  { "uv": [ 2, 15, 5.5, 15.5 ], "texture": "#texture" },
        "north": { "uv": [ 2, 15, 5.5, 15.5 ], "texture": "#texture" },
        "south": { "uv": [ 2, 15, 5.5, 15.5 ], "texture": "#texture" },
        "west":  { "uv": [ 2, 15, 3, 15.5 ], "texture": "#texture" }
    }
},
{
    "from": [ 1, 5, 7.25 ],
    "to": [ 5, 5.5, 7.75 ],
    "faces": {
        "down":  { "uv": [ 1.5, 14.5, 5.5, 15 ], "texture": "#texture" },
        "up":    { "uv": [ 1.5, 14.5, 5.5, 15 ], "texture": "#texture" },
        "north": { "uv": [ 5.5, 14.5, 1.5, 15 ], "texture": "#texture" },
        "south": { "uv": [ 1.5, 14.5, 5.5, 15 ], "texture": "#texture" },
        "west":  { "uv": [ 1.5, 14.5, 2.5, 15 ], "texture": "#texture" }
    }
},
{
    "from": [ 5.5, 4, 6.75 ],
    "to": [ 7, 5, 8.25 ],
    "faces": {
        "down":  { "uv": [ 13.25, 2, 14.75, 3.5 ], "texture": "#texture" },
        "up":    { "uv": [ 13.25, 2, 14.75, 3.5 ], "texture": "#texture" },
        "north": { "uv": [ 7.5, 15, 6, 16 ], "texture": "#texture" },
        "south": { "uv": [ 6, 15, 7.5, 16 ], "texture": "#texture" },
        "west":  { "uv": [ 6, 15, 7.5, 16 ], "texture": "#texture" },
        "east":  { "uv": [ 6, 15, 7.5, 16 ], "texture": "#texture" }
    }
},
{
    "from": [ 6, 5, 6.75 ],
    "to": [ 7, 6, 8.25 ],
    "faces": {
        "up":    { "uv": [ 6.5, 14, 7.5, 14.5 ], "texture": "#texture" },
        "north": { "uv": [ 7.5, 14, 6.5, 15 ], "texture": "#texture" },
        "south": { "uv": [ 6.5, 14, 7.5, 15 ], "texture": "#texture" },
        "west":  { "uv": [ 7, 14, 7.5, 14.5 ], "texture": "#texture" },
        "east":  { "uv": [ 7, 14, 7.5, 14.5 ], "texture": "#texture" }
    }
},
{
    "from": [ 7, 4.5, 6.75 ],
    "to": [ 7.5, 5.5, 8.25 ],
    "faces": {
        "down":  { "uv": [ 12, 2.5, 12.5, 4 ], "texture": "#texture" },
        "up":    { "uv": [ 12, 2.5, 12.5, 4 ], "texture": "#texture" },
        "north": { "uv": [ 7.5, 14.5, 8, 15.5 ], "texture": "#texture" },
        "south": { "uv": [ 7.5, 14.5, 8, 15.5 ], "texture": "#texture" },
        "west":  { "uv": [ 11.75, 2.25, 13.25, 3.25 ], "texture": "#texture" },
        "east":  { "uv": [ 11.75, 2.25, 13.25, 3.25 ], "texture": "#texture" }
    }
},
{
    "from": [ 11, 3, 7 ],
    "to": [ 11.5, 5, 8 ],
    "faces": {
        "down":  { "uv": [ 12.25, 2.75, 12.75, 3.75 ], "texture": "#texture" },
        "up":    { "uv": [ 12.25, 2.75, 12.75, 3.75 ], "texture": "#texture" },
        "north": { "uv": [ 11.5, 13, 12, 15 ], "texture": "#texture" },
        "south": { "uv": [ 11.5, 13, 12, 15 ], "texture": "#texture" },
        "west":  { "uv": [ 11.5, 13, 12, 15 ], "texture": "#texture" },
        "east":  { "uv": [ 11.5, 13, 12, 15 ], "texture": "#texture" }
    }
},
{
    "from": [ 11.5, 3.5, 7 ],
    "to": [ 12, 5.5, 8 ],
    "faces": {
        "down":  { "uv": [ 12.5, 11, 13, 12 ], "texture": "#texture" },
        "up":    { "uv": [ 12.5, 11, 13, 12 ], "texture": "#texture" },
        "north": { "uv": [ 12, 12.5, 12.5, 14.5 ], "texture": "#texture" },
        "south": { "uv": [ 12, 12.5, 12.5, 14.5 ], "texture": "#texture" },
        "west":  { "uv": [ 12.5, 10.5, 13, 12.5 ], "texture": "#texture" },
        "east":  { "uv": [ 12.5, 10.5, 13, 12.5 ], "texture": "#texture" }
    }
},
{
    "from": [ 10.5, 4, 7 ],
    "to": [ 11, 5, 8 ],
    "faces": {
        "down":  { "uv": [ 12.75, 2.75, 13.25, 3.75 ], "texture": "#texture" },
        "up":    { "uv": [ 12.75, 2.75, 13.25, 3.75 ], "texture": "#texture" },
        "north": { "uv": [ 11, 13, 11.5, 14 ], "texture": "#texture" },
        "south": { "uv": [ 11, 13, 11.5, 14 ], "texture": "#texture" },
        "west":  { "uv": [ 14, 3, 15, 4 ], "texture": "#texture" }
    }
},
{
    "from": [ 10, 4.5, 7 ],
    "to": [ 10.5, 5, 8 ],
    "faces": {
        "down":  { "uv": [ 10.5, 13, 11, 13.5 ], "texture": "#texture" },
        "up":    { "uv": [ 10.5, 13, 11, 13.5 ], "texture": "#texture" },
        "north": { "uv": [ 10.5, 13, 11, 13.5 ], "texture": "#texture" },
        "south": { "uv": [ 10.5, 13, 11, 13.5 ], "texture": "#texture" },
        "west":  { "uv": [ 10.5, 13, 11, 13.5 ], "texture": "#texture" }
    }
},
{
    "from": [ 9, 5, 7 ],
    "to": [ 10, 5.5, 8 ],
    "faces": {
        "down":  { "uv": [ 12.5, 2.75, 13.5, 3.75 ], "texture": "#texture" },
        "north": { "uv": [ 9.5, 12.5, 10.5, 13 ], "texture": "#texture" },
        "south": { "uv": [ 9.5, 12.5, 10.5, 13 ], "texture": "#texture" },
        "west":  { "uv": [ 9.5, 12.5, 10.5, 13 ], "texture": "#texture" },
        "east":  { "uv": [ 9.5, 12.5, 10.5, 13 ], "texture": "#texture" }
    }
},
{
    "from": [ 8.5, 5.5, 7 ],
    "to": [ 10, 6, 8 ],
    "faces": {
        "down":  { "uv": [ 9, 12, 10.5, 12.5 ], "texture": "#texture" },
        "up":    { "uv": [ 9, 12, 10.5, 12.5 ], "texture": "#texture" },
        "north": { "uv": [ 10.5, 12, 9, 12.5 ], "texture": "#texture" },
        "south": { "uv": [ 9, 12, 10.5, 12.5 ], "texture": "#texture" },
        "west":  { "uv": [ 9, 12, 10, 12.5 ], "texture": "#texture" },
        "east":  { "uv": [ 9.5, 12, 10.5, 12.5 ], "texture": "#texture" }
    }
},
{
    "from": [ 8.5, 6, 7 ],
    "to": [ 9.5, 7.5, 8 ],
    "faces": {
        "up":    { "uv": [ 9, 10.5, 10, 11 ], "texture": "#texture" },
        "north": { "uv": [ 10, 10.5, 9, 12 ], "texture": "#texture" },
        "south": { "uv": [ 9, 10.5, 10, 12 ], "texture": "#texture" },
        "west":  { "uv": [ 9, 10.5, 9.5, 12 ], "texture": "#texture" },
        "east":  { "uv": [ 9.5, 10.5, 10, 12 ], "texture": "#texture" }
    }
},
{
    "from": [ 9.5, 7, 7 ],
    "to": [ 10, 7.5, 8 ],
    "faces": {
        "down":  { "uv": [ 10, 10.5, 10.5, 11 ], "texture": "#texture" },
        "north": { "uv": [ 10, 10.5, 10.5, 11 ], "texture": "#texture" },
        "south": { "uv": [ 10, 10.5, 10.5, 11 ], "texture": "#texture" },
        "east":  { "uv": [ 10, 10.5, 10.5, 11 ], "texture": "#texture" }
    }
},
{
    "from": [ 9, 7.5, 7 ],
    "to": [ 13, 8, 8 ],
    "faces": {
        "down":  { "uv": [ 9.5, 10, 13.5, 10.5 ], "texture": "#texture" },
        "up":    { "uv": [ 9.5, 10, 13.5, 10.5 ], "texture": "#texture" },
        "north": { "uv": [ 13.5, 10, 9.5, 10.5 ], "texture": "#texture" },
        "south": { "uv": [ 9.5, 10, 13.5, 10.5 ], "texture": "#texture" },
        "west":  { "uv": [ 9.5, 10, 10, 10.5 ], "texture": "#texture" },
        "east":  { "uv": [ 13, 10, 13.5, 10.5 ], "texture": "#texture" }
    }
},
{
    "from": [ 11, 7, 7 ],
    "to": [ 12, 7.5, 8 ],
    "faces": {
        "down":  { "uv": [ 12.5, 2.75, 13.5, 3.75 ], "texture": "#texture" },
        "north": { "uv": [ 11.5, 10.5, 12.5, 11 ], "texture": "#texture" },
        "south": { "uv": [ 11.5, 10.5, 12.5, 11 ], "texture": "#texture" },
        "west":  { "uv": [ 11.5, 10.5, 12.5, 11 ], "texture": "#texture" }
    }
},
{
    "from": [ 10, 5, 7.25 ],
    "to": [ 11.5, 5.5, 7.75 ],
    "faces": {
        "down":  { "uv": [ 4, 3, 5, 4 ], "texture": "#texture" },
        "up":    { "uv": [ 4, 3, 5, 4 ], "texture": "#texture" },
        "north": { "uv": [ 4, 3.25, 5, 3.75 ], "texture": "#texture" },
        "south": { "uv": [ 4, 3.25, 5, 3.75 ], "texture": "#texture" }
    }
},
{
    "from": [ 11, 5.5, 7.25 ],
    "to": [ 12, 6, 7.75 ],
    "faces": {
        "down":  { "uv": [ 4, 3, 5, 4 ], "texture": "#texture" },
        "up":    { "uv": [ 4, 3, 5, 4 ], "texture": "#texture" },
        "north": { "uv": [ 4, 3.25, 5, 3.75 ], "texture": "#texture" },
        "south": { "uv": [ 4, 3.25, 5, 3.75 ], "texture": "#texture" },
        "west":  { "uv": [ 4.25, 3.5, 5.25, 4 ], "texture": "#texture" }
    }
},
{
    "from": [ 11.5, 6, 7.25 ],
    "to": [ 12, 7, 7.75 ],
    "faces": {
        "north": { "uv": [ 4, 3.25, 5, 3.75 ], "texture": "#texture" },
        "south": { "uv": [ 4, 3.25, 5, 3.75 ], "texture": "#texture" },
        "west":  { "uv": [ 4.25, 3.5, 5.25, 4 ], "texture": "#texture" }
    }
},
{
    "from": [ 12, 5, 7 ],
    "to": [ 12.5, 7.5, 8 ],
    "faces": {
        "down":  { "uv": [ 12.5, 11, 13, 12 ], "texture": "#texture" },
        "north": { "uv": [ 12.5, 10.5, 13, 13 ], "texture": "#texture" },
        "south": { "uv": [ 12.5, 10.5, 13, 13 ], "texture": "#texture" },
        "west":  { "uv": [ 12.5, 10.5, 13, 12.5 ], "texture": "#texture" },
        "east":  { "uv": [ 12.5, 10.5, 13, 12.5 ], "texture": "#texture" }
    }
},
{
    "from": [ 10, 8, 7 ],
    "to": [ 13, 8.5, 8 ],
    "faces": {
        "up":    { "uv": [ 10.5, 9.5, 13.5, 10 ], "texture": "#texture" },
        "north": { "uv": [ 13.5, 9.5, 10.5, 10 ], "texture": "#texture" },
        "south": { "uv": [ 10.5, 9.5, 13.5, 10 ], "texture": "#texture" },
        "west":  { "uv": [ 10.5, 9.5, 11, 10 ], "texture": "#texture" },
        "east":  { "uv": [ 13, 9.5, 13.5, 10 ], "texture": "#texture" }
    }
},
{
    "from": [ 11, 8.5, 7 ],
    "to": [ 13, 9, 8 ],
    "faces": {
        "up":    { "uv": [ 11.5, 9, 13.5, 9.5 ], "texture": "#texture" },
        "north": { "uv": [ 13.5, 9, 11.5, 9.5 ], "texture": "#texture" },
        "south": { "uv": [ 11.5, 9, 13.5, 9.5 ], "texture": "#texture" },
        "west":  { "uv": [ 11.5, 9, 12, 9.5 ], "texture": "#texture" },
        "east":  { "uv": [ 12.5, 9, 13.5, 9.5 ], "texture": "#texture" }
    }
},
{
    "from": [ 4, 6, 7.25 ],
    "to": [ 5.5, 6.5, 7.75 ],
    "faces": {
        "down":  { "uv": [ 8.5, 12.5, 10, 13 ], "texture": "#particle" },
        "north": { "uv": [ 8.5, 12.5, 10, 13 ], "texture": "#particle" },
        "south": { "uv": [ 8.5, 12.5, 10, 13 ], "texture": "#particle" },
        "west":  { "uv": [ 8.5, 12.5, 9, 13 ], "texture": "#particle" },
        "east":  { "uv": [ 9.5, 12.5, 10, 13 ], "texture": "#particle" }
    }
},
{
    "from": [ 2.5, 6.5, 7.25 ],
    "to": [ 6, 7, 7.75 ],
    "faces": {
        "down":  { "uv": [ 7, 12, 10.5, 12.5 ], "texture": "#particle" },
        "up":    { "uv": [ 7, 12, 10.5, 12.5 ], "texture": "#particle" },
        "north": { "uv": [ 10.5, 12, 7, 12.5 ], "texture": "#particle" },
        "south": { "uv": [ 7, 12, 10.5, 12.5 ], "texture": "#particle" },
        "west":  { "uv": [ 7, 12, 7.5, 12.5 ], "texture": "#particle" },
        "east":  { "uv": [ 10, 12, 10.5, 12.5 ], "texture": "#particle" }
    }
},
{
    "from": [ 3, 7, 7.25 ],
    "to": [ 6.5, 7.5, 7.75 ],
    "faces": {
        "down":  { "uv": [ 7, 12, 10.5, 12.5 ], "texture": "#particle" },
        "up":    { "uv": [ 7.5, 11.5, 11, 12 ], "texture": "#particle" },
        "north": { "uv": [ 11, 11.5, 7.5, 12 ], "texture": "#particle" },
        "south": { "uv": [ 7.5, 11.5, 11, 12 ], "texture": "#particle" },
        "west":  { "uv": [ 7, 12, 7.5, 12.5 ], "texture": "#particle" }
    }
},
{
    "from": [ 3.5, 7.5, 7.25 ],
    "to": [ 7, 8, 7.75 ],
    "faces": {
        "down":  { "uv": [ 8, 11, 11.5, 11.5 ], "texture": "#particle" },
        "up":    { "uv": [ 8, 11, 11.5, 11.5 ], "texture": "#particle" },
        "north": { "uv": [ 11.5, 11, 8, 11.5 ], "texture": "#particle" },
        "south": { "uv": [ 8, 11, 11.5, 11.5 ], "texture": "#particle" },
        "west":  { "uv": [ 7, 12, 7.5, 12.5 ], "texture": "#particle" }
    }
},
{
    "from": [ 4, 8, 7.25 ],
    "to": [ 7, 8.5, 7.75 ],
    "faces": {
        "up":    { "uv": [ 8.5, 10.5, 11.5, 11 ], "texture": "#particle" },
        "north": { "uv": [ 11.5, 10.5, 8.5, 11 ], "texture": "#particle" },
        "south": { "uv": [ 8.5, 10.5, 11.5, 11 ], "texture": "#particle" },
        "west":  { "uv": [ 7, 12, 7.5, 12.5 ], "texture": "#particle" }
    }
},
{
    "from": [ 4.5, 8.5, 7.25 ],
    "to": [ 7.5, 9.5, 7.75 ],
    "faces": {
        "down":  { "uv": [ 9, 10, 12, 10.5 ], "texture": "#particle" },
        "up":    { "uv": [ 9, 10, 12, 10.5 ], "texture": "#particle" },
        "north": { "uv": [ 12, 10, 9, 10.5 ], "texture": "#particle" },
        "south": { "uv": [ 9, 10, 12, 10.5 ], "texture": "#particle" },
        "west":  { "uv": [ 7, 12, 7.5, 12.5 ], "texture": "#particle" }
    }
},
{
    "from": [ 5, 9.5, 7.25 ],
    "to": [ 7.5, 10.5, 7.75 ],
    "faces": {
        "up":    { "uv": [ 9.5, 8.5, 12, 9 ], "texture": "#particle" },
        "north": { "uv": [ 12, 8.5, 9.5, 9.5 ], "texture": "#particle" },
        "south": { "uv": [ 9.5, 8.5, 12, 9.5 ], "texture": "#particle" },
        "west":  { "uv": [ 7, 12, 7.5, 12.5 ], "texture": "#particle" }
    }
},
{
    "from": [ 5.5, 10.5, 7.25 ],
    "to": [ 8, 15.5, 7.75 ],
    "faces": {
        "down":  { "uv": [ 10, 3.5, 12.5, 4 ], "texture": "#particle" },
        "up":    { "uv": [ 10, 3.5, 12.5, 4 ], "texture": "#particle" },
        "north": { "uv": [ 12.5, 3.5, 10, 8.5 ], "texture": "#particle" },
        "south": { "uv": [ 10, 3.5, 12.5, 8.5 ], "texture": "#particle" },
        "west":  { "uv": [ 7, 12, 7.5, 12.5 ], "texture": "#particle" }
    }
},
{
    "from": [ 5.5, 15.5, 7.25 ],
    "to": [ 7.5, 16.5, 7.75 ],
    "faces": {
        "up":    { "uv": [ 10, 2.5, 12, 3 ], "texture": "#particle", "cullface": "up" },
        "north": { "uv": [ 12, 2.5, 10, 3.5 ], "texture": "#particle", "cullface": "up" },
        "south": { "uv": [ 10, 2.5, 12, 3.5 ], "texture": "#particle", "cullface": "up" },
        "west":  { "uv": [ 10, 2.5, 10.5, 3.5 ], "texture": "#particle", "cullface": "up" }
    }
},
{
    "from": [ 6, 16.5, 7.25 ],
    "to": [ 7, 17, 7.75 ],
    "faces": {
        "up":    { "uv": [ 10.5, 2, 11.5, 2.5 ], "texture": "#particle", "cullface": "up" },
        "north": { "uv": [ 11.5, 2, 10.5, 2.5 ], "texture": "#particle", "cullface": "up" },
        "south": { "uv": [ 10.5, 2, 11.5, 2.5 ], "texture": "#particle", "cullface": "up" },
        "west":  { "uv": [ 10.5, 2, 11, 2.5 ], "texture": "#particle", "cullface": "up" }
    }
},
{
    "from": [ 6.5, 17, 7.25 ],
    "to": [ 7, 17.5, 7.75 ],
    "faces": {
        "up":    { "uv": [ 11, 1.5, 11.5, 2 ], "texture": "#particle", "cullface": "up" },
        "north": { "uv": [ 11, 1.5, 11.5, 2 ], "texture": "#particle", "cullface": "up" },
        "south": { "uv": [ 11, 1.5, 11.5, 2 ], "texture": "#particle", "cullface": "up" },
        "west":  { "uv": [ 11, 1.5, 11.5, 2 ], "texture": "#particle", "cullface": "up" }
    }
},
{
    "from": [ 4.5, 18, 7.25 ],
    "to": [ 6, 19, 7.75 ],
    "faces": {
        "down":  { "uv": [ 3.5, 6.5, 5, 7 ], "texture": "#particle", "cullface": "up" },
        "north": { "uv": [ 5, 6, 3.5, 7 ], "texture": "#particle", "cullface": "up" },
        "south": { "uv": [ 3.5, 6, 5, 7 ], "texture": "#particle", "cullface": "up" },
        "west":  { "uv": [ 3.5, 6.5, 4, 7 ], "texture": "#particle", "cullface": "up" },
        "east":  { "uv": [ 4.5, 6.5, 5, 7 ], "texture": "#particle", "cullface": "up" }
    }
},
{
    "from": [ 4, 19, 7.25 ],
    "to": [ 6, 20, 7.75 ],
    "faces": {
        "down":  { "uv": [ 3.5, 5.5, 5.5, 6 ], "texture": "#particle", "cullface": "up" },
        "up":    { "uv": [ 3.5, 5, 5.5, 5.5 ], "texture": "#particle", "cullface": "up" },
        "north": { "uv": [ 5.5, 5, 3.5, 6 ], "texture": "#particle", "cullface": "up" },
        "south": { "uv": [ 3.5, 5, 5.5, 6 ], "texture": "#particle", "cullface": "up" },
        "west":  { "uv": [ 3.5, 6.5, 4, 7 ], "texture": "#particle", "cullface": "up" }
    }
},
{
    "from": [ 3.5, 20, 7.25 ],
    "to": [ 5.5, 20.5, 7.75 ],
    "faces": {
        "down":  { "uv": [ 3.5, 5.5, 5.5, 6 ], "texture": "#particle", "cullface": "up" },
        "up":    { "uv": [ 3.5, 5, 5.5, 5.5 ], "texture": "#particle", "cullface": "up" },
        "north": { "uv": [ 5, 4.5, 3, 5 ], "texture": "#particle", "cullface": "up" },
        "south": { "uv": [ 3, 4.5, 5, 5 ], "texture": "#particle", "cullface": "up" },
        "west":  { "uv": [ 3.5, 6.5, 4, 7 ], "texture": "#particle", "cullface": "up" }
    }
},
{
    "from": [ 3, 21, 7.25 ],
    "to": [ 5, 21.5, 7.75 ],
    "faces": {
        "down":  { "uv": [ 3.5, 5.5, 5.5, 6 ], "texture": "#particle", "cullface": "up" },
        "up":    { "uv": [ 3.5, 5, 5.5, 5.5 ], "texture": "#particle", "cullface": "up" },
        "north": { "uv": [ 5, 4.5, 3, 5 ], "texture": "#particle", "cullface": "up" },
        "south": { "uv": [ 3, 4.5, 5, 5 ], "texture": "#particle", "cullface": "up" },
        "west":  { "uv": [ 3.5, 6.5, 4, 7 ], "texture": "#particle", "cullface": "up" }
    }
},
{
    "from": [ 3.5, 20.5, 7.25 ],
    "to": [ 5, 21, 7.75 ],
    "faces": {
        "north": { "uv": [ 4.5, 4, 3, 4.5 ], "texture": "#particle", "cullface": "up" },
        "south": { "uv": [ 3, 4, 4.5, 4.5 ], "texture": "#particle", "cullface": "up" },
        "west":  { "uv": [ 3.5, 6.5, 4, 7 ], "texture": "#particle", "cullface": "up" }
    }
},
{
    "from": [ 3, 21.5, 7.25 ],
    "to": [ 4.5, 22, 7.75 ],
    "faces": {
        "up":    { "uv": [ 3.5, 5, 5.5, 5.5 ], "texture": "#particle", "cullface": "up" },
        "north": { "uv": [ 4.5, 4, 3, 4.5 ], "texture": "#particle", "cullface": "up" },
        "south": { "uv": [ 3, 4, 4.5, 4.5 ], "texture": "#particle", "cullface": "up" },
        "west":  { "uv": [ 3.5, 6.5, 4, 7 ], "texture": "#particle", "cullface": "up" }
    }
},
{
    "from": [ 2.5, 22, 7.25 ],
    "to": [ 4, 22.5, 7.75 ],
    "faces": {
        "down":  { "uv": [ 3.5, 5, 4, 5.5 ], "texture": "#particle", "cullface": "up" },
        "up":    { "uv": [ 3.5, 5, 4, 5.5 ], "texture": "#particle", "cullface": "up" },
        "north": { "uv": [ 4.5, 4, 3, 4.5 ], "texture": "#particle", "cullface": "up" },
        "south": { "uv": [ 3, 4, 4.5, 4.5 ], "texture": "#particle", "cullface": "up" },
        "west":  { "uv": [ 3.5, 6.5, 4, 7 ], "texture": "#particle", "cullface": "up" }
    }
},
{
    "from": [ 2.5, 22.5, 7.25 ],
    "to": [ 3.5, 23, 7.75 ],
    "faces": {
        "up":    { "uv": [ 2, 2, 3, 2.5 ], "texture": "#particle", "cullface": "up" },
        "north": { "uv": [ 3, 2, 2, 2.5 ], "texture": "#particle", "cullface": "up" },
        "south": { "uv": [ 2, 2, 3, 2.5 ], "texture": "#particle", "cullface": "up" },
        "west":  { "uv": [ 2, 2, 2.5, 2.5 ], "texture": "#particle", "cullface": "up" }
    }
},
{
    "from": [ 2, 23, 7.25 ],
    "to": [ 3, 23.5, 7.75 ],
    "faces": {
        "down":  { "uv": [ 2, 2, 3, 2.5 ], "texture": "#particle", "cullface": "up" },
        "up":    { "uv": [ 2, 2, 3, 2.5 ], "texture": "#particle", "cullface": "up" },
        "north": { "uv": [ 3, 2, 2, 2.5 ], "texture": "#particle", "cullface": "up" },
        "south": { "uv": [ 2, 2, 3, 2.5 ], "texture": "#particle", "cullface": "up" },
        "west":  { "uv": [ 2, 2, 2.5, 2.5 ], "texture": "#particle", "cullface": "up" }
    }
},
{
    "from": [ 1, 24, 7.25 ],
    "to": [ 3, 24.5, 7.75 ],
    "faces": {
        "down":  { "uv": [ 0.5, 0.5, 2.5, 1 ], "texture": "#particle", "cullface": "up" },
        "up":    { "uv": [ 0.5, 0.5, 2.5, 1 ], "texture": "#particle", "cullface": "up" },
        "north": { "uv": [ 2.5, 0.5, 0.5, 1 ], "texture": "#particle", "cullface": "up" },
        "south": { "uv": [ 0.5, 0.5, 2.5, 1 ], "texture": "#particle", "cullface": "up" },
        "west":  { "uv": [ 0.5, 0.5, 1, 1 ], "texture": "#particle", "cullface": "up" }
    }
},
{
    "from": [ 1, 24.5, 7.25 ],
    "to": [ 2, 25, 7.75 ],
    "faces": {
        "up":    { "uv": [ 0.5, 0, 1.5, 0.5 ], "texture": "#particle", "cullface": "up" },
        "north": { "uv": [ 1.5, 0, 0.5, 0.5 ], "texture": "#particle", "cullface": "up" },
        "south": { "uv": [ 1.5, 0, 0.5, 0.5 ], "texture": "#particle", "cullface": "up" }
    }
},
{
    "from": [ 0.5, 24.5, 7 ],
    "to": [ 1, 25, 8 ],
    "faces": {
        "down":  { "uv": [ 1.5, 0, 2, 0.5 ], "texture": "#particle", "cullface": "up" },
        "up":    { "uv": [ 1.5, 0, 2, 0.5 ], "texture": "#particle", "cullface": "up" },
        "north": { "uv": [ 1.5, 0, 2, 0.5 ], "texture": "#particle", "cullface": "up" },
        "south": { "uv": [ 1.5, 0, 2, 0.5 ], "texture": "#particle", "cullface": "up" },
        "west":  { "uv": [ 1.5, 0, 2, 0.5 ], "texture": "#particle", "cullface": "up" },
        "east":  { "uv": [ 1.5, 0, 2, 0.5 ], "texture": "#particle", "cullface": "up" }
    }
},
{
    "from": [ 2, 24.5, 7 ],
    "to": [ 2.5, 25, 8 ],
    "faces": {
        "down":  { "uv": [ 1.5, 0, 2, 0.5 ], "texture": "#particle", "cullface": "up" },
        "up":    { "uv": [ 1.5, 0, 2, 0.5 ], "texture": "#particle", "cullface": "up" },
        "north": { "uv": [ 1.5, 0, 2, 0.5 ], "texture": "#particle", "cullface": "up" },
        "south": { "uv": [ 1.5, 0, 2, 0.5 ], "texture": "#particle", "cullface": "up" },
        "west":  { "uv": [ 1.5, 0, 2, 0.5 ], "texture": "#particle", "cullface": "up" },
        "east":  { "uv": [ 1.5, 0, 2, 0.5 ], "texture": "#particle", "cullface": "up" }
    }
},
{
    "from": [ 3, 24, 7 ],
    "to": [ 3.5, 24.5, 8 ],
    "faces": {
        "down":  { "uv": [ 1.5, 0, 2, 0.5 ], "texture": "#particle", "cullface": "up" },
        "up":    { "uv": [ 1.5, 0, 2, 0.5 ], "texture": "#particle", "cullface": "up" },
        "north": { "uv": [ 1.5, 0, 2, 0.5 ], "texture": "#particle", "cullface": "up" },
        "south": { "uv": [ 1.5, 0, 2, 0.5 ], "texture": "#particle", "cullface": "up" },
        "west":  { "uv": [ 1.5, 0, 2, 0.5 ], "texture": "#particle", "cullface": "up" },
        "east":  { "uv": [ 1.5, 0, 2, 0.5 ], "texture": "#particle", "cullface": "up" }
    }
},
{
    "from": [ 3, 23, 7 ],
    "to": [ 3.5, 23.5, 8 ],
    "faces": {
        "down":  { "uv": [ 1.5, 0, 2, 0.5 ], "texture": "#particle", "cullface": "up" },
        "up":    { "uv": [ 1.5, 0, 2, 0.5 ], "texture": "#particle", "cullface": "up" },
        "north": { "uv": [ 1.5, 0, 2, 0.5 ], "texture": "#particle", "cullface": "up" },
        "south": { "uv": [ 1.5, 0, 2, 0.5 ], "texture": "#particle", "cullface": "up" },
        "west":  { "uv": [ 1.5, 0, 2, 0.5 ], "texture": "#particle", "cullface": "up" },
        "east":  { "uv": [ 1.5, 0, 2, 0.5 ], "texture": "#particle", "cullface": "up" }
    }
},
{
    "from": [ 3.5, 22.5, 7 ],
    "to": [ 4, 23, 8 ],
    "faces": {
        "down":  { "uv": [ 1.5, 0, 2, 0.5 ], "texture": "#particle", "cullface": "up" },
        "up":    { "uv": [ 1.5, 0, 2, 0.5 ], "texture": "#particle", "cullface": "up" },
        "north": { "uv": [ 1.5, 0, 2, 0.5 ], "texture": "#particle", "cullface": "up" },
        "south": { "uv": [ 1.5, 0, 2, 0.5 ], "texture": "#particle", "cullface": "up" },
        "west":  { "uv": [ 1.5, 0, 2, 0.5 ], "texture": "#particle", "cullface": "up" },
        "east":  { "uv": [ 1.5, 0, 2, 0.5 ], "texture": "#particle", "cullface": "up" }
    }
},
{
    "from": [ 4, 22, 7 ],
    "to": [ 4.5, 22.5, 8 ],
    "faces": {
        "down":  { "uv": [ 1.5, 0, 2, 0.5 ], "texture": "#particle", "cullface": "up" },
        "up":    { "uv": [ 1.5, 0, 2, 0.5 ], "texture": "#particle", "cullface": "up" },
        "north": { "uv": [ 1.5, 0, 2, 0.5 ], "texture": "#particle", "cullface": "up" },
        "south": { "uv": [ 1.5, 0, 2, 0.5 ], "texture": "#particle", "cullface": "up" },
        "west":  { "uv": [ 1.5, 0, 2, 0.5 ], "texture": "#particle", "cullface": "up" },
        "east":  { "uv": [ 1.5, 0, 2, 0.5 ], "texture": "#particle", "cullface": "up" }
    }
},
{
    "from": [ 4.5, 21.5, 7 ],
    "to": [ 5, 22, 8 ],
    "faces": {
        "down":  { "uv": [ 1.5, 0, 2, 0.5 ], "texture": "#particle", "cullface": "up" },
        "up":    { "uv": [ 1.5, 0, 2, 0.5 ], "texture": "#particle", "cullface": "up" },
        "north": { "uv": [ 1.5, 0, 2, 0.5 ], "texture": "#particle", "cullface": "up" },
        "south": { "uv": [ 1.5, 0, 2, 0.5 ], "texture": "#particle", "cullface": "up" },
        "west":  { "uv": [ 1.5, 0, 2, 0.5 ], "texture": "#particle", "cullface": "up" },
        "east":  { "uv": [ 1.5, 0, 2, 0.5 ], "texture": "#particle", "cullface": "up" }
    }
},
{
    "from": [ 5, 20.5, 7 ],
    "to": [ 5.5, 21.5, 8 ],
    "faces": {
        "down":  { "uv": [ 1.5, 0, 2, 0.5 ], "texture": "#particle", "cullface": "up" },
        "up":    { "uv": [ 1.5, 0, 2, 0.5 ], "texture": "#particle", "cullface": "up" },
        "north": { "uv": [ 4.5, 3.5, 5, 4.5 ], "texture": "#particle", "cullface": "up" },
        "south": { "uv": [ 4.5, 3.5, 5, 4.5 ], "texture": "#particle", "cullface": "up" },
        "west":  { "uv": [ 4.5, 3.5, 5, 4.5 ], "texture": "#particle", "cullface": "up" },
        "east":  { "uv": [ 4.5, 3.5, 5, 4.5 ], "texture": "#particle", "cullface": "up" }
    }
},
{
    "from": [ 5.5, 20, 7 ],
    "to": [ 6, 21, 8 ],
    "faces": {
        "down":  { "uv": [ 1.5, 0, 2, 0.5 ], "texture": "#particle", "cullface": "up" },
        "up":    { "uv": [ 1.5, 0, 2, 0.5 ], "texture": "#particle", "cullface": "up" },
        "north": { "uv": [ 4.5, 3.5, 5, 4.5 ], "texture": "#particle", "cullface": "up" },
        "south": { "uv": [ 4.5, 3.5, 5, 4.5 ], "texture": "#particle", "cullface": "up" },
        "west":  { "uv": [ 4.5, 3.5, 5, 4.5 ], "texture": "#particle", "cullface": "up" },
        "east":  { "uv": [ 4.5, 3.5, 5, 4.5 ], "texture": "#particle", "cullface": "up" }
    }
},
{
    "from": [ 6, 18.5, 7 ],
    "to": [ 6.5, 20, 8 ],
    "faces": {
        "down":  { "uv": [ 1.5, 0, 2, 0.5 ], "texture": "#particle", "cullface": "up" },
        "up":    { "uv": [ 1.5, 0, 2, 0.5 ], "texture": "#particle", "cullface": "up" },
        "north": { "uv": [ 5.5, 5, 6, 6 ], "texture": "#particle", "cullface": "up" },
        "south": { "uv": [ 5.5, 5, 6, 6 ], "texture": "#particle", "cullface": "up" },
        "west":  { "uv": [ 5.5, 5, 6, 6 ], "texture": "#particle", "cullface": "up" },
        "east":  { "uv": [ 5.5, 5, 6, 6 ], "texture": "#particle", "cullface": "up" }
    }
},
{
    "from": [ 3.5, 23, 7.25 ],
    "to": [ 4, 23.5, 7.75 ],
    "faces": {
        "north": { "uv": [ 3, 1, 2.5, 1.5 ], "texture": "#particle", "cullface": "up" },
        "south": { "uv": [ 3, 1, 2.5, 1.5 ], "texture": "#particle", "cullface": "up" }
    }
},
{
    "from": [ 4, 22.5, 7.25 ],
    "to": [ 4.5, 23, 7.75 ],
    "faces": {
        "north": { "uv": [ 3, 1, 2.5, 1.5 ], "texture": "#particle", "cullface": "up" },
        "south": { "uv": [ 3, 1, 2.5, 1.5 ], "texture": "#particle", "cullface": "up" }
    }
},
{
    "from": [ 4.5, 22, 7.25 ],
    "to": [ 5, 22.5, 7.75 ],
    "faces": {
        "north": { "uv": [ 3, 1, 2.5, 1.5 ], "texture": "#particle", "cullface": "up" },
        "south": { "uv": [ 3, 1, 2.5, 1.5 ], "texture": "#particle", "cullface": "up" }
    }
},
{
    "from": [ 5, 21.5, 7.25 ],
    "to": [ 5.5, 22, 7.75 ],
    "faces": {
        "north": { "uv": [ 3, 1, 2.5, 1.5 ], "texture": "#particle", "cullface": "up" },
        "south": { "uv": [ 3, 1, 2.5, 1.5 ], "texture": "#particle", "cullface": "up" }
    }
},
{
    "from": [ 5.5, 21, 7.25 ],
    "to": [ 6, 21.5, 7.75 ],
    "faces": {
        "north": { "uv": [ 3, 1, 2.5, 1.5 ], "texture": "#particle", "cullface": "up" },
        "south": { "uv": [ 3, 1, 2.5, 1.5 ], "texture": "#particle", "cullface": "up" }
    }
},
{
    "from": [ 6, 20, 7.25 ],
    "to": [ 6.5, 21, 7.75 ],
    "faces": {
        "north": { "uv": [ 6, 4, 5.5, 5 ], "texture": "#particle", "cullface": "up" },
        "south": { "uv": [ 6, 4, 5.5, 5 ], "texture": "#particle", "cullface": "up" }
    }
},
{
    "from": [ 6.5, 19, 7.25 ],
    "to": [ 7, 20, 7.75 ],
    "faces": {
        "down":  { "uv": [ 2.5, 1, 3, 1.5 ], "texture": "#particle", "cullface": "up" },
        "north": { "uv": [ 6.5, 5, 6, 6 ], "texture": "#particle", "cullface": "up" },
        "south": { "uv": [ 6, 5, 6.5, 6 ], "texture": "#particle", "cullface": "up" },
        "east":  { "uv": [ 2.5, 1, 3, 1.5 ], "texture": "#particle", "cullface": "up" }
    }
},
{
    "from": [ 3.5, 23.5, 7 ],
    "to": [ 4.5, 24, 8 ],
    "faces": {
        "down":  { "uv": [ 1.5, 0, 2, 0.5 ], "texture": "#particle", "cullface": "up" },
        "up":    { "uv": [ 1.5, 0, 2, 0.5 ], "texture": "#particle", "cullface": "up" },
        "north": { "uv": [ 3, 1, 4, 1.5 ], "texture": "#particle", "cullface": "up" },
        "south": { "uv": [ 3, 1, 4, 1.5 ], "texture": "#particle", "cullface": "up" },
        "west":  { "uv": [ 3, 1, 4, 1.5 ], "texture": "#particle", "cullface": "up" },
        "east":  { "uv": [ 3, 1, 4, 1.5 ], "texture": "#particle", "cullface": "up" }
    }
},
{
    "from": [ 4, 23, 7 ],
    "to": [ 5.5, 23.5, 8 ],
    "faces": {
        "down":  { "uv": [ 1.5, 0, 2, 0.5 ], "texture": "#particle", "cullface": "up" },
        "up":    { "uv": [ 1.5, 0, 2, 0.5 ], "texture": "#particle", "cullface": "up" },
        "north": { "uv": [ 3.5, 1.5, 5, 2 ], "texture": "#particle", "cullface": "up" },
        "south": { "uv": [ 3.5, 1.5, 5, 2 ], "texture": "#particle", "cullface": "up" },
        "west":  { "uv": [ 1.5, 0, 2, 0.5 ], "texture": "#particle", "cullface": "up" }
    }
},
{
    "from": [ 4.5, 22.5, 7 ],
    "to": [ 5, 23, 8 ],
    "faces": {
        "down":  { "uv": [ 1.5, 0, 2, 0.5 ], "texture": "#particle", "cullface": "up" },
        "north": { "uv": [ 1.5, 0, 2, 0.5 ], "texture": "#particle", "cullface": "up" },
        "south": { "uv": [ 1.5, 0, 2, 0.5 ], "texture": "#particle", "cullface": "up" },
        "west":  { "uv": [ 1.5, 0, 2, 0.5 ], "texture": "#particle", "cullface": "up" }
    }
},
{
    "from": [ 6.5, 22, 7 ],
    "to": [ 7, 23.5, 8 ],
    "faces": {
        "up":    { "uv": [ 1.5, 0, 2, 0.5 ], "texture": "#particle", "cullface": "up" },
        "north": { "uv": [ 1.5, 0, 2, 0.5 ], "texture": "#particle", "cullface": "up" },
        "south": { "uv": [ 1.5, 0, 2, 0.5 ], "texture": "#particle", "cullface": "up" },
        "west":  { "uv": [ 1.5, 0, 2, 0.5 ], "texture": "#particle", "cullface": "up" },
        "east":  { "uv": [ 1.5, 0, 2, 0.5 ], "texture": "#particle", "cullface": "up" }
    }
},
{
    "from": [ 7.5, 20.5, 7 ],
    "to": [ 8, 21.5, 8 ],
    "faces": {
        "up":    { "uv": [ 1.5, 0, 2, 0.5 ], "texture": "#particle", "cullface": "up" },
        "north": { "uv": [ 1.5, 0, 2, 0.5 ], "texture": "#particle", "cullface": "up" },
        "south": { "uv": [ 1.5, 0, 2, 0.5 ], "texture": "#particle", "cullface": "up" },
        "west":  { "uv": [ 1.5, 0, 2, 0.5 ], "texture": "#particle", "cullface": "up" },
        "east":  { "uv": [ 1.5, 0, 2, 0.5 ], "texture": "#particle", "cullface": "up" }
    }
},
{
    "from": [ 7, 21, 7 ],
    "to": [ 7.5, 22.5, 8 ],
    "faces": {
        "up":    { "uv": [ 1.5, 0, 2, 0.5 ], "texture": "#particle", "cullface": "up" },
        "north": { "uv": [ 1.5, 0, 2, 0.5 ], "texture": "#particle", "cullface": "up" },
        "south": { "uv": [ 1.5, 0, 2, 0.5 ], "texture": "#particle", "cullface": "up" },
        "west":  { "uv": [ 1.5, 0, 2, 0.5 ], "texture": "#particle", "cullface": "up" },
        "east":  { "uv": [ 1.5, 0, 2, 0.5 ], "texture": "#particle", "cullface": "up" }
    }
},
{
    "from": [ 5, 22.5, 6.75 ],
    "to": [ 6.5, 23, 8.25 ],
    "faces": {
        "down":  { "uv": [ 4.5, 2, 6, 2.5 ], "texture": "#particle", "cullface": "up" },
        "up":    { "uv": [ 4.5, 2, 6, 2.5 ], "texture": "#particle", "cullface": "up" },
        "north": { "uv": [ 6, 2, 4.5, 2.5 ], "texture": "#particle", "cullface": "up" },
        "south": { "uv": [ 4.5, 2, 6, 2.5 ], "texture": "#particle", "cullface": "up" },
        "west":  { "uv": [ 4.5, 2, 6, 2.5 ], "texture": "#particle", "cullface": "up" },
        "east":  { "uv": [ 4.5, 2, 6, 2.5 ], "texture": "#particle", "cullface": "up" }
    }
},
{
    "from": [ 5.5, 23, 6.75 ],
    "to": [ 6, 23.5, 8.25 ],
    "faces": {
        "up":    { "uv": [ 5, 1.5, 5.5, 2 ], "texture": "#particle", "cullface": "up" },
        "north": { "uv": [ 5, 1.5, 5.5, 2 ], "texture": "#particle", "cullface": "up" },
        "south": { "uv": [ 5, 1.5, 5.5, 2 ], "texture": "#particle", "cullface": "up" },
        "west":  { "uv": [ 5, 1.5, 5.5, 2 ], "texture": "#particle", "cullface": "up" },
        "east":  { "uv": [ 5, 1.5, 5.5, 2 ], "texture": "#particle", "cullface": "up" }
    }
},
{
    "from": [ 6.5, 21, 6.75 ],
    "to": [ 7, 22, 8.25 ],
    "faces": {
        "down":  { "uv": [ 2.75, 12, 3.25, 13.5 ], "texture": "#particle", "cullface": "up" },
        "up":    { "uv": [ 2.75, 12, 3.25, 13.5 ], "texture": "#particle", "cullface": "up" },
        "north": { "uv": [ 6, 3, 6.5, 4 ], "texture": "#particle", "cullface": "up" },
        "south": { "uv": [ 6, 3, 6.5, 4 ], "texture": "#particle", "cullface": "up" },
        "west":  { "uv": [ 2.25, 12.5, 3.75, 13 ], "texture": "#particle", "cullface": "up" },
        "east":  { "uv": [ 2.25, 12.5, 3.75, 13 ], "texture": "#particle", "cullface": "up" }
    }
},
{
    "from": [ 6, 23, 7 ],
    "to": [ 6.5, 23.5, 8 ],
    "faces": {
        "up":    { "uv": [ 1.5, 0, 2, 0.5 ], "texture": "#particle", "cullface": "up" },
        "north": { "uv": [ 1.5, 0, 2, 0.5 ], "texture": "#particle", "cullface": "up" },
        "south": { "uv": [ 1.5, 0, 2, 0.5 ], "texture": "#particle", "cullface": "up" }
    }
},
{
    "from": [ 6, 22, 6.75 ],
    "to": [ 6.5, 22.5, 8.25 ],
    "faces": {
        "down":  { "uv": [ 2.75, 12, 3.25, 13.5 ], "texture": "#particle", "cullface": "up" },
        "north": { "uv": [ 5.5, 2.5, 6, 3 ], "texture": "#particle", "cullface": "up" },
        "south": { "uv": [ 5.5, 2.5, 6, 3 ], "texture": "#particle", "cullface": "up" },
        "west":  { "uv": [ 5.5, 2.5, 6, 3 ], "texture": "#particle", "cullface": "up" },
        "east":  { "uv": [ 5.5, 2.5, 6, 3 ], "texture": "#particle", "cullface": "up" }
    }
},
{
    "from": [ 6, 21, 7 ],
    "to": [ 6.5, 22, 8 ],
    "faces": {
        "down":  { "uv": [ 1.5, 0, 2, 0.5 ], "texture": "#particle", "cullface": "up" },
        "north": { "uv": [ 4.5, 3.5, 5, 4.5 ], "texture": "#particle", "cullface": "up" },
        "south": { "uv": [ 4.5, 3.5, 5, 4.5 ], "texture": "#particle", "cullface": "up" },
        "west":  { "uv": [ 4.5, 3.5, 5, 4.5 ], "texture": "#particle", "cullface": "up" }
    }
},
{
    "from": [ 7, 20, 7 ],
    "to": [ 8.5, 20.5, 8 ],
    "faces": {
        "down":  { "uv": [ 1.5, 0, 2, 0.5 ], "texture": "#particle", "cullface": "up" },
        "up":    { "uv": [ 1.5, 0, 2, 0.5 ], "texture": "#particle", "cullface": "up" },
        "north": { "uv": [ 8, 4.5, 6.5, 5 ], "texture": "#particle", "cullface": "up" },
        "south": { "uv": [ 6.5, 4.5, 8, 5 ], "texture": "#particle", "cullface": "up" },
        "east":  { "uv": [ 4.5, 3.5, 5, 4 ], "texture": "#particle", "cullface": "up" }
    }
},
{
    "from": [ 5.5, 21.5, 7 ],
    "to": [ 6, 22.5, 8 ],
    "faces": {
        "down":  { "uv": [ 1.5, 0, 2, 0.5 ], "texture": "#particle", "cullface": "up" },
        "north": { "uv": [ 4.5, 3.5, 5, 4.5 ], "texture": "#particle", "cullface": "up" },
        "south": { "uv": [ 4.5, 3.5, 5, 4.5 ], "texture": "#particle", "cullface": "up" },
        "west":  { "uv": [ 4.5, 3.5, 5, 4.5 ], "texture": "#particle", "cullface": "up" },
        "east":  { "uv": [ 4.5, 3.5, 5, 4.5 ], "texture": "#particle", "cullface": "up" }
    }
},
{
    "from": [ 5, 22, 7 ],
    "to": [ 5.5, 22.5, 8 ],
    "faces": {
        "down":  { "uv": [ 1.5, 0, 2, 0.5 ], "texture": "#particle", "cullface": "up" },
        "north": { "uv": [ 1.5, 0, 2, 0.5 ], "texture": "#particle", "cullface": "up" },
        "south": { "uv": [ 1.5, 0, 2, 0.5 ], "texture": "#particle", "cullface": "up" },
        "west":  { "uv": [ 1.5, 0, 2, 0.5 ], "texture": "#particle", "cullface": "up" }
    }
},
{
    "from": [ 1.5, 23.5, 7.25 ],
    "to": [ 2.5, 24, 7.75 ],
    "faces": {
        "down":  { "uv": [ 2, 2, 3, 2.5 ], "texture": "#particle", "cullface": "up" },
        "north": { "uv": [ 3, 2, 2, 2.5 ], "texture": "#particle", "cullface": "up" },
        "south": { "uv": [ 2, 2, 3, 2.5 ], "texture": "#particle", "cullface": "up" },
        "west":  { "uv": [ 2, 2, 2.5, 2.5 ], "texture": "#particle", "cullface": "up" }
    }
},
{
    "from": [ 2.5, 23.5, 7 ],
    "to": [ 3, 24, 8 ],
    "faces": {
        "down":  { "uv": [ 1.5, 0, 2, 0.5 ], "texture": "#particle", "cullface": "up" },
        "up":    { "uv": [ 1.5, 0, 2, 0.5 ], "texture": "#particle", "cullface": "up" },
        "north": { "uv": [ 1.5, 0, 2, 0.5 ], "texture": "#particle", "cullface": "up" },
        "south": { "uv": [ 1.5, 0, 2, 0.5 ], "texture": "#particle", "cullface": "up" },
        "west":  { "uv": [ 1.5, 0, 2, 0.5 ], "texture": "#particle", "cullface": "up" },
        "east":  { "uv": [ 1.5, 0, 2, 0.5 ], "texture": "#particle", "cullface": "up" }
    }
},
{
    "from": [ 3, 23.5, 7.25 ],
    "to": [ 3.5, 24, 7.75 ],
    "faces": {
        "north": { "uv": [ 3, 1, 2.5, 1.5 ], "texture": "#particle", "cullface": "up" },
        "south": { "uv": [ 3, 1, 2.5, 1.5 ], "texture": "#particle", "cullface": "up" }
    }
},
{
    "from": [ 6.5, 20, 7 ],
    "to": [ 7, 21, 8 ],
    "faces": {
        "down":  { "uv": [ 1.5, 0, 2, 0.5 ], "texture": "#particle", "cullface": "up" },
        "north": { "uv": [ 4.5, 3.5, 5, 4.5 ], "texture": "#particle", "cullface": "up" },
        "south": { "uv": [ 4.5, 3.5, 5, 4.5 ], "texture": "#particle", "cullface": "up" },
        "west":  { "uv": [ 4.5, 3.5, 5, 4.5 ], "texture": "#particle", "cullface": "up" },
        "east":  { "uv": [ 4.5, 3.5, 5, 4.5 ], "texture": "#particle", "cullface": "up" }
    }
},
{
    "from": [ 7, 19.5, 7 ],
    "to": [ 8, 20, 8 ],
    "faces": {
        "down":  { "uv": [ 1.5, 0, 2, 0.5 ], "texture": "#particle", "cullface": "up" },
        "north": { "uv": [ 6.5, 5, 7.5, 5.5 ], "texture": "#particle", "cullface": "up" },
        "south": { "uv": [ 6.5, 5, 7.5, 5.5 ], "texture": "#particle", "cullface": "up" },
        "west":  { "uv": [ 4.5, 3.5, 5, 4 ], "texture": "#particle", "cullface": "up" },
        "east":  { "uv": [ 4.5, 3.5, 5, 4 ], "texture": "#particle", "cullface": "up" }
    }
},
{
    "from": [ 7, 20.5, 6.75 ],
    "to": [ 7.5, 21, 8.25 ],
    "faces": {
        "down":  { "uv": [ 7, 6.75, 7.5, 8.25 ], "texture": "#particle", "cullface": "up" },
        "up":    { "uv": [ 7, 6.75, 7.5, 8.25 ], "texture": "#particle", "cullface": "up" },
        "north": { "uv": [ 6.5, 4, 7, 5 ], "texture": "#particle", "cullface": "up" },
        "south": { "uv": [ 6.5, 4, 7, 5 ], "texture": "#particle", "cullface": "up" },
        "west":  { "uv": [ 2, 12.75, 3.5, 13.25 ], "texture": "#particle", "cullface": "up" },
        "east":  { "uv": [ 2, 12.75, 3.5, 13.25 ], "texture": "#particle", "cullface": "up" }
    }
},
{
    "from": [ 7, 16.5, 7 ],
    "to": [ 7.5, 18, 8 ],
    "faces": {
        "down":  { "uv": [ 4.75, 10, 5.25, 10.5 ], "texture": "#particle", "cullface": "up" },
        "up":    { "uv": [ 4.75, 10, 5.25, 10.5 ], "texture": "#particle", "cullface": "up" },
        "north": { "uv": [ 11.5, 1, 12, 2.5 ], "texture": "#particle", "cullface": "up" },
        "south": { "uv": [ 11.5, 1, 12, 2.5 ], "texture": "#particle", "cullface": "up" },
        "west":  { "uv": [ 4.75, 10.5, 5.25, 11 ], "texture": "#particle", "cullface": "up" },
        "east":  { "uv": [ 4.75, 10.5, 5.25, 11 ], "texture": "#particle", "cullface": "up" }
    }
},
{
    "from": [ 7.5, 15.5, 7 ],
    "to": [ 8, 17, 8 ],
    "faces": {
        "down":  { "uv": [ 5, 10.5, 5.5, 11 ], "texture": "#particle", "cullface": "up" },
        "up":    { "uv": [ 5, 10.5, 5.5, 11 ], "texture": "#particle", "cullface": "up" },
        "north": { "uv": [ 12, 2, 12.5, 3.5 ], "texture": "#particle", "cullface": "up" },
        "south": { "uv": [ 12, 2, 12.5, 3.5 ], "texture": "#particle", "cullface": "up" },
        "west":  { "uv": [ 12, 2, 12.5, 3.5 ], "texture": "#particle", "cullface": "up" },
        "east":  { "uv": [ 12, 2, 12.5, 3.5 ], "texture": "#particle", "cullface": "up" }
    }
},
{
    "from": [ 8, 9.5, 7 ],
    "to": [ 8.5, 16, 8 ],
    "faces": {
        "down":  { "uv": [ 4.5, 10.5, 5, 11 ], "texture": "#particle" },
        "up":    { "uv": [ 4.5, 10.5, 5, 11 ], "texture": "#particle", "cullface": "up" },
        "north": { "uv": [ 12.5, 3, 13, 10 ], "texture": "#particle" },
        "south": { "uv": [ 12.5, 3, 13, 10 ], "texture": "#particle" },
        "west":  { "uv": [ 5.25, 10.75, 5.75, 11.75 ], "texture": "#particle" },
        "east":  { "uv": [ 5.25, 10.75, 5.75, 11.75 ], "texture": "#particle" }
    }
},
{
    "from": [ 7.5, 8.5, 7 ],
    "to": [ 8, 10.5, 8 ],
    "faces": {
        "down":  { "uv": [ 4.75, 10.25, 5.25, 10.75 ], "texture": "#particle" },
        "up":    { "uv": [ 4.75, 10.25, 5.25, 10.75 ], "texture": "#particle" },
        "north": { "uv": [ 12, 8.5, 12.5, 11 ], "texture": "#particle" },
        "south": { "uv": [ 12, 8.5, 12.5, 11 ], "texture": "#particle" },
        "west":  { "uv": [ 5.5, 11.25, 6, 12.25 ], "texture": "#particle" },
        "east":  { "uv": [ 5.5, 11.25, 6, 12.25 ], "texture": "#particle" }
    }
},
{
    "from": [ 7, 7.5, 7 ],
    "to": [ 7.5, 8.5, 8 ],
    "faces": {
        "down":  { "uv": [ 1.5, 0, 2, 0.5 ], "texture": "#particle" },
        "up":    { "uv": [ 1.5, 0, 2, 0.5 ], "texture": "#particle" },
        "north": { "uv": [ 4.5, 3.5, 5, 4.5 ], "texture": "#particle" },
        "south": { "uv": [ 4.5, 3.5, 5, 4.5 ], "texture": "#particle" },
        "west":  { "uv": [ 4.5, 3.5, 5, 4.5 ], "texture": "#particle" },
        "east":  { "uv": [ 4.5, 3.5, 5, 4.5 ], "texture": "#particle" }
    }
},
{
    "from": [ 6.5, 7, 7 ],
    "to": [ 7, 7.5, 8 ],
    "faces": {
        "down":  { "uv": [ 4.75, 10.25, 5.25, 10.75 ], "texture": "#particle" },
        "up":    { "uv": [ 4.75, 10.25, 5.25, 10.75 ], "texture": "#particle" },
        "north": { "uv": [ 5, 10.25, 5.5, 11.25 ], "texture": "#particle" },
        "south": { "uv": [ 5, 10.25, 5.5, 11.25 ], "texture": "#particle" },
        "west":  { "uv": [ 5, 12.25, 5.5, 13.25 ], "texture": "#particle" },
        "east":  { "uv": [ 5, 12.25, 5.5, 13.25 ], "texture": "#particle" }
    }
},
{
    "from": [ 8.5, 10, 7 ],
    "to": [ 9, 14, 8 ],
    "faces": {
        "down":  { "uv": [ 5.25, 10, 5.75, 10.5 ], "texture": "#particle" },
        "up":    { "uv": [ 5.25, 10, 5.75, 10.5 ], "texture": "#particle" },
        "north": { "uv": [ 13, 5, 13.5, 9.5 ], "texture": "#particle" },
        "south": { "uv": [ 13, 5, 13.5, 9.5 ], "texture": "#particle" },
        "east":  { "uv": [ 4.75, 10, 5.25, 11 ], "texture": "#particle" }
    }
},
{
    "from": [ 7.5, 18, 7 ],
    "to": [ 8, 18.5, 8 ],
    "faces": {
        "down":  { "uv": [ 4.75, 10, 5.25, 10.5 ], "texture": "#particle", "cullface": "up" },
        "up":    { "uv": [ 4.75, 10, 5.25, 10.5 ], "texture": "#particle", "cullface": "up" },
        "north": { "uv": [ 12, 0.5, 12.5, 1 ], "texture": "#particle", "cullface": "up" },
        "south": { "uv": [ 12, 0.5, 12.5, 1 ], "texture": "#particle", "cullface": "up" },
        "west":  { "uv": [ 4.75, 10.5, 5.25, 11 ], "texture": "#particle", "cullface": "up" }
    }
},
{
    "from": [ 10, 5.5, 7.5 ],
    "to": [ 11, 7.5, 7.5625 ],
    "faces": {
        "north": { "uv": [ 10.5, 10.5, 11.5, 12.5 ], "texture": "#texture" },
        "south": { "uv": [ 10.5, 10.5, 11.5, 12.5 ], "texture": "#texture" },
        "west":  { "uv": [ 7.5, 8.5, 7.5625, 10.5 ], "texture": "#texture" },
        "east":  { "uv": [ 8.4375, 8.5, 8.5, 10.5 ], "texture": "#texture" }
    }
},
{
    "from": [ 11, 6, 7.5 ],
    "to": [ 11.5, 7, 7.5625 ],
    "faces": {
        "north": { "uv": [ 11.5, 11, 12, 12 ], "texture": "#texture" },
        "south": { "uv": [ 11.5, 11, 12, 12 ], "texture": "#texture" }
    }
},
{
    "from": [ 9.5, 6, 7.5 ],
    "to": [ 10, 7, 7.5625 ],
    "faces": {
        "north": { "uv": [ 11.5, 11, 12, 12 ], "texture": "#texture" },
        "south": { "uv": [ 11.5, 11, 12, 12 ], "texture": "#texture" }
    }
},
{
    "from": [ 9, 10, 7.25 ],
    "to": [ 10, 13.5, 7.75 ],
    "faces": {
        "down":  { "uv": [ 14.5, 8.5, 13.5, 8 ], "texture": "#particle" },
        "up":    { "uv": [ 13.5, 5.5, 14.5, 6 ], "texture": "#particle" },
        "north": { "uv": [ 14.5, 5.5, 13.5, 8.5 ], "texture": "#particle" },
        "south": { "uv": [ 13.5, 5.5, 14.5, 8.5 ], "texture": "#particle" }
    }
},
{
    "from": [ 9, 13.5, 7.25 ],
    "to": [ 9.5, 14, 7.75 ],
    "faces": {
        "north": { "uv": [ 13.5, 5, 14, 5.5 ], "texture": "#particle" },
        "south": { "uv": [ 13.5, 5, 14, 5.5 ], "texture": "#particle" }
    }
},
{
    "from": [ 8.5, 14, 7.25 ],
    "to": [ 9.5, 15, 7.75 ],
    "faces": {
        "down":  { "uv": [ 13, 4, 14, 4.5 ], "texture": "#particle" },
        "up":    { "uv": [ 13, 4, 14, 4.5 ], "texture": "#particle" },
        "north": { "uv": [ 14, 4, 13, 5 ], "texture": "#particle" },
        "south": { "uv": [ 13, 4, 14, 5 ], "texture": "#particle" }
    }
},
{
    "from": [ 8.5, 15, 7.25 ],
    "to": [ 9, 16, 7.75 ],
    "faces": {
        "north": { "uv": [ 13, 3, 13.5, 4 ], "texture": "#particle" },
        "south": { "uv": [ 13, 3, 13.5, 4 ], "texture": "#particle" }
    }
},
{
    "from": [ 8, 16, 7.25 ],
    "to": [ 8.5, 17, 7.75 ],
    "faces": {
        "north": { "uv": [ 12.5, 2, 13, 3 ], "texture": "#particle", "cullface": "up" },
        "south": { "uv": [ 12.5, 2, 13, 3 ], "texture": "#particle", "cullface": "up" }
    }
},
{
    "from": [ 7.5, 17, 7.25 ],
    "to": [ 8, 18, 7.75 ],
    "faces": {
        "north": { "uv": [ 12, 1, 12.5, 2 ], "texture": "#particle", "cullface": "up" },
        "south": { "uv": [ 12, 1, 12.5, 2 ], "texture": "#particle", "cullface": "up" },
        "east":  { "uv": [ 12, 1, 12.5, 2 ], "texture": "#particle", "cullface": "up" }
    }
},
{
    "from": [ 8, 18, 7 ],
    "to": [ 10, 18.5, 8 ],
    "faces": {
        "up":    { "uv": [ 3.5, 10.25, 5.5, 11.25 ], "texture": "#particle", "cullface": "up" },
        "north": { "uv": [ 12.5, 0.5, 14.5, 1 ], "texture": "#particle", "cullface": "up" },
        "south": { "uv": [ 12.5, 0.5, 14.5, 1 ], "texture": "#particle", "cullface": "up" },
        "east":  { "uv": [ 13, 0.5, 14, 1 ], "texture": "#particle", "cullface": "up" }
    }
},
{
    "from": [ 8.5, 18.5, 7 ],
    "to": [ 9.5, 19, 8 ],
    "faces": {
        "up":    { "uv": [ 13, 0, 14, 0.5 ], "texture": "#particle", "cullface": "up" },
        "north": { "uv": [ 13, 0, 14, 0.5 ], "texture": "#particle", "cullface": "up" },
        "south": { "uv": [ 13, 0, 14, 0.5 ], "texture": "#particle", "cullface": "up" },
        "west":  { "uv": [ 13, 0, 14, 0.5 ], "texture": "#particle", "cullface": "up" },
        "east":  { "uv": [ 13, 0, 14, 0.5 ], "texture": "#particle", "cullface": "up" }
    }
},
{
    "from": [ 8, 17.5, 7 ],
    "to": [ 11, 18, 8 ],
    "faces": {
        "down":  { "uv": [ 3, 10, 6, 11 ], "texture": "#particle", "cullface": "up" },
        "up":    { "uv": [ 3, 10, 6, 11 ], "texture": "#particle", "cullface": "up" },
        "north": { "uv": [ 15.5, 1, 12.5, 1.5 ], "texture": "#particle", "cullface": "up" },
        "south": { "uv": [ 12.5, 1, 15.5, 1.5 ], "texture": "#particle", "cullface": "up" },
        "west":  { "uv": [ 13.5, 2, 14.5, 2.5 ], "texture": "#particle", "cullface": "up" },
        "east":  { "uv": [ 13.5, 2, 14.5, 2.5 ], "texture": "#particle", "cullface": "up" }
    }
},
{
    "from": [ 8, 17, 7 ],
    "to": [ 10.5, 17.5, 8 ],
    "faces": {
        "down":  { "uv": [ 3.5, 10, 6, 11 ], "texture": "#particle", "cullface": "up" },
        "north": { "uv": [ 15, 1.5, 12.5, 2 ], "texture": "#particle", "cullface": "up" },
        "south": { "uv": [ 12.5, 1.5, 15, 2 ], "texture": "#particle", "cullface": "up" },
        "west":  { "uv": [ 4.5, 10.75, 5.5, 11.25 ], "texture": "#particle", "cullface": "up" }
    }
},
{
    "from": [ 8.5, 16, 7 ],
    "to": [ 10.5, 17, 8 ],
    "faces": {
        "down":  { "uv": [ 13, 2.5, 15, 3 ], "texture": "#particle", "cullface": "up" },
        "north": { "uv": [ 13, 2, 15, 3 ], "texture": "#particle", "cullface": "up" },
        "south": { "uv": [ 13, 2, 15, 3 ], "texture": "#particle", "cullface": "up" },
        "west":  { "uv": [ 13, 2, 13.5, 3 ], "texture": "#particle", "cullface": "up" }
    }
},
{
    "from": [ 10.5, 14, 6.75 ],
    "to": [ 11, 17.5, 8.25 ],
    "faces": {
        "down":  { "uv": [ 15, 1.5, 15.5, 3 ], "texture": "#particle", "cullface": "up" },
        "up":    { "uv": [ 15, 1.5, 15.5, 3 ], "texture": "#particle", "cullface": "up" },
        "north": { "uv": [ 15, 1.5, 15.5, 5 ], "texture": "#particle", "cullface": "up" },
        "south": { "uv": [ 15, 1.5, 15.5, 5 ], "texture": "#particle", "cullface": "up" },
        "west":  { "uv": [ 15, 1.5, 15.5, 5 ], "texture": "#particle", "cullface": "up" },
        "east":  { "uv": [ 15, 1.5, 15.5, 5 ], "texture": "#particle", "cullface": "up" }
    }
},
{
    "from": [ 11, 10.5, 6.75 ],
    "to": [ 11.5, 14, 8.25 ],
    "faces": {
        "down":  { "uv": [ 15.5, 5, 16, 8 ], "texture": "#particle" },
        "up":    { "uv": [ 15.5, 5, 16, 8 ], "texture": "#particle" },
        "north": { "uv": [ 15.5, 5, 16, 8 ], "texture": "#particle" },
        "south": { "uv": [ 15.5, 5, 16, 8 ], "texture": "#particle" },
        "west":  { "uv": [ 15.5, 5, 16, 8 ], "texture": "#particle" },
        "east":  { "uv": [ 15.5, 5, 16, 8 ], "texture": "#particle" }
    }
},
{
    "from": [ 9, 15, 7 ],
    "to": [ 10.5, 16, 8 ],
    "faces": {
        "down":  { "uv": [ 13.5, 3.5, 15, 4 ], "texture": "#particle" },
        "north": { "uv": [ 15, 3, 13.5, 4 ], "texture": "#particle" },
        "south": { "uv": [ 13.5, 3, 15, 4 ], "texture": "#particle" },
        "west":  { "uv": [ 13.5, 3, 14, 4 ], "texture": "#particle" }
    }
},
{
    "from": [ 9.5, 13.5, 7 ],
    "to": [ 10.5, 15, 8 ],
    "faces": {
        "down":  { "uv": [ 14, 4, 15, 4.5 ], "texture": "#particle" },
        "north": { "uv": [ 15, 4, 14, 5.5 ], "texture": "#particle" },
        "south": { "uv": [ 14, 4, 15, 5.5 ], "texture": "#particle" },
        "west":  { "uv": [ 14, 4, 14.5, 5.5 ], "texture": "#particle" },
        "east":  { "uv": [ 14.5, 4, 15, 5.5 ], "texture": "#particle" }
    }
},
{
    "from": [ 10, 10, 7 ],
    "to": [ 11, 13.5, 8 ],
    "faces": {
        "down":  { "uv": [ 14.5, 8, 15.5, 8.5 ], "texture": "#particle" },
        "up":    { "uv": [ 14.5, 5, 15.5, 5.5 ], "texture": "#particle" },
        "north": { "uv": [ 14.5, 5, 15.5, 8.5 ], "texture": "#particle" },
        "south": { "uv": [ 14.5, 5, 15.5, 8.5 ], "texture": "#particle" },
        "west":  { "uv": [ 14.5, 5, 15, 8.5 ], "texture": "#particle" },
        "east":  { "uv": [ 15, 5, 15.5, 8.5 ], "texture": "#particle" }
    }
},
{
    "from": [ 10.5, 13.5, 7 ],
    "to": [ 11, 14, 8 ],
    "faces": {
        "north": { "uv": [ 5.25, 10.5, 5.75, 11 ], "texture": "#particle" },
        "south": { "uv": [ 5.25, 10.5, 5.75, 11 ], "texture": "#particle" }
    }
},
{
    "from": [ -16, -16, 7.5 ],
    "to": [ 32, 32, 7.5625 ],
    "faces": {
        "north": { "uv": [ 16, 0, 0, 16 ], "texture": "#fragmentanimation1" },
        "south": { "uv": [ 0, 0, 16, 16 ], "texture": "#fragmentanimation1" }
    }
}
],
"display": {
    "thirdperson": {
        "rotation": [ 0, -90, 77 ],
        "translation": [ 0, 3.2, -7 ],
        "scale": [ 1.23, 1.23, 1.23 ]
    },
    "firstperson": {
        "rotation": [ 0, 54, 0 ],
        "translation": [ 0, 8.9, -2 ],
        "scale": [ 1.3, 1.3, 1.3 ]
    },
    "gui": {
        "rotation": [ -30, 135, -48 ],
        "translation": [ -0.8, -0.8, 0 ],
        "scale": [ 1, 1, 1 ]
    }
}
}