{
"__comment": "Designed by Theocomix with BDcraft Cubik PRO 0.95 Beta - http://bdcraft.net",
"textures": {
    "texture": "blocks/GrinzlerScythe"
},
"elements": [ 
{
    "from": [ 3, 14.5, 8 ],
    "to": [ 12, 15.5, 8.5 ],
    "faces": {
        "down":  { "uv": [ 13, 1.5, 6.5, 0.5 ], "texture": "#texture" },
        "up":    { "uv": [ 6.5, 0.5, 13, 1.5 ], "texture": "#texture" },
        "north": { "uv": [ 12, 0.5, 3.5, 1.5 ], "texture": "#texture" },
        "south": { "uv": [ 3, 0.5, 12, 1.5 ], "texture": "#texture" },
        "west":  { "uv": [ 2.5, 0.5, 3.5, 1.5 ], "texture": "#texture" },
        "east":  { "uv": [ 12, 0.5, 13, 1.5 ], "texture": "#texture" }
    }
},
{
    "from": [ 2, 14, 8 ],
    "to": [ 14.5, 14.5, 8.5 ],
    "faces": {
        "down":  { "uv": [ 14.5, 2, 2, 1.5 ], "texture": "#texture" },
        "up":    { "uv": [ 2, 1, 14, 1.5 ], "texture": "#texture" },
        "north": { "uv": [ 14.5, 1.5, 2, 2 ], "texture": "#texture" },
        "south": { "uv": [ 2, 1.5, 14.5, 2 ], "texture": "#texture" },
        "west":  { "uv": [ 2, 1.5, 2.5, 2 ], "texture": "#texture" },
        "east":  { "uv": [ 14, 1.5, 14.5, 2 ], "texture": "#texture" }
    }
},
{
    "from": [ 2, 13.5, 8 ],
    "to": [ 5.5, 14, 8.5 ],
    "faces": {
        "down":  { "uv": [ 5.5, 2.5, 2, 2 ], "texture": "#texture" },
        "up":    { "uv": [ 2, 2, 5.5, 2.5 ], "texture": "#texture" },
        "north": { "uv": [ 5.5, 2, 2, 2.5 ], "texture": "#texture" },
        "south": { "uv": [ 2, 2, 5.5, 2.5 ], "texture": "#texture" },
        "west":  { "uv": [ 2, 2, 2.5, 2.5 ], "texture": "#texture" },
        "east":  { "uv": [ 5, 2, 5.5, 2.5 ], "texture": "#texture" }
    }
},
{
    "from": [ 2, 13, 8 ],
    "to": [ 4.5, 13.5, 8.5 ],
    "faces": {
        "down":  { "uv": [ 4.5, 3, 2, 2.5 ], "texture": "#texture" },
        "up":    { "uv": [ 2, 2.5, 4.5, 3 ], "texture": "#texture" },
        "north": { "uv": [ 4.5, 2.5, 2, 3 ], "texture": "#texture" },
        "south": { "uv": [ 2, 2.5, 4.5, 3 ], "texture": "#texture" },
        "west":  { "uv": [ 4, 2.5, 4.5, 3 ], "texture": "#texture" },
        "east":  { "uv": [ 2, 2.5, 2.5, 3 ], "texture": "#texture" }
    }
},
{
    "from": [ 2, 12.5, 8 ],
    "to": [ 3.5, 13, 8.5 ],
    "faces": {
        "down":  { "uv": [ 3.5, 3.5, 2, 3 ], "texture": "#texture" },
        "up":    { "uv": [ 2, 3, 3.5, 3.5 ], "texture": "#texture" },
        "north": { "uv": [ 3.5, 3, 2, 3.5 ], "texture": "#texture" },
        "south": { "uv": [ 2, 3, 3.5, 3.5 ], "texture": "#texture" },
        "west":  { "uv": [ 3, 3, 3.5, 3.5 ], "texture": "#texture" },
        "east":  { "uv": [ 2, 3, 2.5, 3.5 ], "texture": "#texture" }
    }
},
{
    "from": [ 2, 12, 8 ],
    "to": [ 3, 12.5, 8.5 ],
    "faces": {
        "down":  { "uv": [ 3, 4, 2, 3.5 ], "texture": "#texture" },
        "up":    { "uv": [ 2, 3.5, 3, 4 ], "texture": "#texture" },
        "north": { "uv": [ 3, 3.5, 2, 4 ], "texture": "#texture" },
        "south": { "uv": [ 2, 3.5, 3, 4 ], "texture": "#texture" },
        "west":  { "uv": [ 2.5, 3.5, 3, 4 ], "texture": "#texture" },
        "east":  { "uv": [ 2, 3.5, 2.5, 4 ], "texture": "#texture" }
    }
},
{
    "from": [ 2, 11.5, 8 ],
    "to": [ 2.5, 12, 8.5 ],
    "faces": {
        "down":  { "uv": [ 2.5, 4.5, 2, 4 ], "texture": "#texture" },
        "up":    { "uv": [ 2, 4, 2.5, 4.5 ], "texture": "#texture" },
        "north": { "uv": [ 2, 4, 2.5, 4.5 ], "texture": "#texture" },
        "south": { "uv": [ 2, 4, 2.5, 4.5 ], "texture": "#texture" },
        "west":  { "uv": [ 2, 4, 2.5, 4.5 ], "texture": "#texture" },
        "east":  { "uv": [ 2, 4, 2.5, 4.5 ], "texture": "#texture" }
    }
},
{
    "from": [ 3.5, 15.5, 8 ],
    "to": [ 12, 16, 8.5 ],
    "faces": {
        "down":  { "uv": [ 13, 1, 6, 0.5 ], "texture": "#texture" },
        "up":    { "uv": [ 6, 0.5, 13, 1 ], "texture": "#texture" },
        "north": { "uv": [ 13, 0.5, 6, 1 ], "texture": "#texture" },
        "south": { "uv": [ 6, 0.5, 13, 1 ], "texture": "#texture" },
        "west":  { "uv": [ 3.5, 0, 4.5, 0.5 ], "texture": "#texture" },
        "east":  { "uv": [ 11, 0, 12, 0.5 ], "texture": "#texture" }
    }
},
{
    "from": [ 12, 14.5, 8 ],
    "to": [ 13, 15.5, 8.5 ],
    "faces": {
        "down":  { "uv": [ 13, 1.5, 12, 1 ], "texture": "#texture" },
        "up":    { "uv": [ 12, 0.5, 13, 1 ], "texture": "#texture" },
        "north": { "uv": [ 13, 0.5, 12, 1.5 ], "texture": "#texture" },
        "south": { "uv": [ 12, 0.5, 13, 1.5 ], "texture": "#texture" },
        "west":  { "uv": [ 12, 0.5, 13, 1.5 ], "texture": "#texture" },
        "east":  { "uv": [ 12, 0.5, 13, 1.5 ], "texture": "#texture" }
    }
},
{
    "from": [ 8.5, 13.5, 8 ],
    "to": [ 15, 14, 8.5 ],
    "faces": {
        "down":  { "uv": [ 15, 2.5, 8.5, 2 ], "texture": "#texture" },
        "up":    { "uv": [ 8.5, 2, 15, 2.5 ], "texture": "#texture" },
        "north": { "uv": [ 15, 2, 8.5, 2.5 ], "texture": "#texture" },
        "south": { "uv": [ 8.5, 2, 15, 2.5 ], "texture": "#texture" },
        "west":  { "uv": [ 8.5, 2, 9.5, 2.5 ], "texture": "#texture" },
        "east":  { "uv": [ 14, 2, 15, 2.5 ], "texture": "#texture" }
    }
},
{
    "from": [ 13, 14.5, 8 ],
    "to": [ 14, 15, 8.5 ],
    "faces": {
        "down":  { "uv": [ 14, 2, 13, 1 ], "texture": "#texture" },
        "up":    { "uv": [ 13, 1, 14, 1.5 ], "texture": "#texture" },
        "north": { "uv": [ 14, 1, 13, 1.5 ], "texture": "#texture" },
        "south": { "uv": [ 13, 1, 14, 1.5 ], "texture": "#texture" },
        "west":  { "uv": [ 14, 1, 13, 1.5 ], "texture": "#texture" },
        "east":  { "uv": [ 13, 1, 14, 1.5 ], "texture": "#texture" }
    }
},
{
    "from": [ 10.5, 13, 8 ],
    "to": [ 15.5, 13.5, 8.5 ],
    "faces": {
        "down":  { "uv": [ 15.5, 3, 10.5, 2.5 ], "texture": "#texture" },
        "up":    { "uv": [ 10.5, 2.5, 15.5, 3 ], "texture": "#texture" },
        "north": { "uv": [ 15.5, 2.5, 10.5, 3 ], "texture": "#texture" },
        "south": { "uv": [ 10.5, 2.5, 15.5, 3 ], "texture": "#texture" },
        "west":  { "uv": [ 10.5, 2.5, 11.5, 3 ], "texture": "#texture" },
        "east":  { "uv": [ 14.5, 2.5, 15.5, 3 ], "texture": "#texture" }
    }
},
{
    "from": [ 12, 12.5, 8 ],
    "to": [ 16, 13, 8.5 ],
    "faces": {
        "down":  { "uv": [ 16, 3.5, 12, 3 ], "texture": "#texture" },
        "up":    { "uv": [ 12, 3, 16, 3.5 ], "texture": "#texture" },
        "north": { "uv": [ 16, 3, 12, 3.5 ], "texture": "#texture" },
        "south": { "uv": [ 12, 3, 16, 3.5 ], "texture": "#texture" },
        "west":  { "uv": [ 15, 3, 16, 3.5 ], "texture": "#texture" },
        "east":  { "uv": [ 12, 3, 13, 3.5 ], "texture": "#texture" }
    }
},
{
    "from": [ 5, 16, 8 ],
    "to": [ 10.5, 16.5, 8.5 ],
    "faces": {
        "down":  { "uv": [ 12, 0.5, 10, 0 ], "texture": "#texture" },
        "up":    { "uv": [ 10.5, 0, 12, 0.5 ], "texture": "#texture" },
        "north": { "uv": [ 10.5, 0, 12, 0.5 ], "texture": "#texture" },
        "south": { "uv": [ 10.5, 0, 12, 0.5 ], "texture": "#texture" },
        "west":  { "uv": [ 8, 0, 9, 0.5 ], "texture": "#texture" },
        "east":  { "uv": [ 7, 0, 8, 0.5 ], "texture": "#texture" }
    }
},
{
    "from": [ 2.5, 14.5, 8 ],
    "to": [ 3, 15.5, 8.5 ],
    "faces": {
        "down":  { "uv": [ 3, 1, 2.5, 0.5 ], "texture": "#texture" },
        "up":    { "uv": [ 2.5, 0.5, 3, 1 ], "texture": "#texture" },
        "north": { "uv": [ 3, 0.5, 2.5, 1.5 ], "texture": "#texture" },
        "south": { "uv": [ 2.5, 0.5, 3, 1.5 ], "texture": "#texture" },
        "west":  { "uv": [ 8, 0.5, 8.5, 1.5 ], "texture": "#texture" },
        "east":  { "uv": [ 2.5, 0.5, 3, 1.5 ], "texture": "#texture" }
    }
},
{
    "from": [ 2, 14.5, 8 ],
    "to": [ 2.5, 15, 8.5 ],
    "faces": {
        "down":  { "uv": [ 2.5, 1.5, 2, 1 ], "texture": "#texture" },
        "up":    { "uv": [ 2, 1, 2.5, 1.5 ], "texture": "#texture" },
        "north": { "uv": [ 2.5, 1, 2, 1.5 ], "texture": "#texture" },
        "south": { "uv": [ 2, 1, 2.5, 1.5 ], "texture": "#texture" },
        "west":  { "uv": [ 2, 1, 2.5, 1.5 ], "texture": "#texture" },
        "east":  { "uv": [ 2, 1, 2.5, 1.5 ], "texture": "#texture" }
    }
},
{
    "from": [ 5, 15.5, 8.5 ],
    "to": [ 10.5, 16, 9 ],
    "faces": {
        "down":  { "uv": [ 11, 0.5, 5.5, 0 ], "texture": "#texture" },
        "up":    { "uv": [ 5.5, 0, 11, 0.5 ], "texture": "#texture" },
        "north": { "uv": [ 5.5, 0, 11, 0.5 ], "texture": "#texture" },
        "south": { "uv": [ 5, 0, 10.5, 0.5 ], "texture": "#texture" },
        "west":  { "uv": [ 5, 0, 5.5, 0.5 ], "texture": "#texture" },
        "east":  { "uv": [ 10, 0, 10.5, 0.5 ], "texture": "#texture" }
    }
},
{
    "from": [ 3.5, 15, 8.5 ],
    "to": [ 12, 15.5, 9 ],
    "faces": {
        "down":  { "uv": [ 12, 1, 3.5, 0.5 ], "texture": "#texture" },
        "up":    { "uv": [ 6, 0.5, 13, 1 ], "texture": "#texture" },
        "north": { "uv": [ 4, 0.5, 12.5, 1 ], "texture": "#texture" },
        "south": { "uv": [ 3.5, 0.5, 12, 1 ], "texture": "#texture" },
        "west":  { "uv": [ 3.5, 0.5, 4, 1 ], "texture": "#texture" },
        "east":  { "uv": [ 11.5, 0.5, 12, 1 ], "texture": "#texture" }
    }
},
{
    "from": [ 2.5, 14.5, 8.5 ],
    "to": [ 13, 15, 9 ],
    "faces": {
        "down":  { "uv": [ 13, 1.5, 2.5, 1 ], "texture": "#texture" },
        "up":    { "uv": [ 2.5, 1, 13, 1.5 ], "texture": "#texture" },
        "north": { "uv": [ 3, 1, 13.5, 1.5 ], "texture": "#texture" },
        "south": { "uv": [ 2.5, 1, 13, 1.5 ], "texture": "#texture" },
        "west":  { "uv": [ 3.5, 0.5, 4, 1 ], "texture": "#texture" },
        "east":  { "uv": [ 12.5, 1, 13, 1.5 ], "texture": "#texture" }
    }
},
{
    "from": [ 2.5, 14, 8.5 ],
    "to": [ 5.5, 14.5, 9 ],
    "faces": {
        "down":  { "uv": [ 5.5, 2, 2.5, 1.5 ], "texture": "#texture" },
        "up":    { "uv": [ 2.5, 1.5, 5.5, 2 ], "texture": "#texture" },
        "north": { "uv": [ 10.5, 1.5, 13.5, 2 ], "texture": "#texture" },
        "south": { "uv": [ 2.5, 1.5, 5.5, 2 ], "texture": "#texture" },
        "west":  { "uv": [ 2.5, 1.5, 3, 2 ], "texture": "#texture" },
        "east":  { "uv": [ 5, 1.5, 5.5, 2 ], "texture": "#texture" }
    }
},
{
    "from": [ 2.5, 13.5, 8.5 ],
    "to": [ 4.5, 14, 9 ],
    "faces": {
        "down":  { "uv": [ 4.5, 2.5, 2.5, 2 ], "texture": "#texture" },
        "up":    { "uv": [ 2, 2.5, 4, 3 ], "texture": "#texture" },
        "north": { "uv": [ 11.5, 2, 13.5, 2.5 ], "texture": "#texture" },
        "south": { "uv": [ 2.5, 2, 4.5, 2.5 ], "texture": "#texture" },
        "west":  { "uv": [ 2.5, 2, 3, 2.5 ], "texture": "#texture" },
        "east":  { "uv": [ 4, 2, 4.5, 2.5 ], "texture": "#texture" }
    }
},
{
    "from": [ 2.5, 13, 8.5 ],
    "to": [ 3.5, 13.5, 9 ],
    "faces": {
        "down":  { "uv": [ 3.5, 3, 2.5, 2.5 ], "texture": "#texture" },
        "up":    { "uv": [ 2.5, 2.5, 3.5, 3 ], "texture": "#texture" },
        "north": { "uv": [ 12.5, 2.5, 13.5, 3 ], "texture": "#texture" },
        "south": { "uv": [ 2.5, 2.5, 3.5, 3 ], "texture": "#texture" },
        "west":  { "uv": [ 2.5, 2.5, 3, 3 ], "texture": "#texture" },
        "east":  { "uv": [ 3, 2.5, 3.5, 3 ], "texture": "#texture" }
    }
},
{
    "from": [ 2.5, 12.5, 8.5 ],
    "to": [ 3, 13, 9 ],
    "faces": {
        "down":  { "uv": [ 3, 3, 2.5, 2.5 ], "texture": "#texture" },
        "up":    { "uv": [ 2.5, 3, 3, 3.5 ], "texture": "#texture" },
        "north": { "uv": [ 13, 3, 13.5, 3.5 ], "texture": "#texture" },
        "south": { "uv": [ 2.5, 3, 3, 3.5 ], "texture": "#texture" },
        "west":  { "uv": [ 2.5, 3, 3, 3.5 ], "texture": "#texture" },
        "east":  { "uv": [ 2.5, 3, 3, 3.5 ], "texture": "#texture" }
    }
},
{
    "from": [ 8.5, 14, 8.5 ],
    "to": [ 14, 14.5, 9 ],
    "faces": {
        "down":  { "uv": [ 14, 2, 8.5, 1.5 ], "texture": "#texture" },
        "up":    { "uv": [ 8.5, 1.5, 14, 2 ], "texture": "#texture" },
        "north": { "uv": [ 2, 1.5, 7.5, 2 ], "texture": "#texture" },
        "south": { "uv": [ 8.5, 1.5, 14, 2 ], "texture": "#texture" },
        "west":  { "uv": [ 8.5, 1.5, 9, 2 ], "texture": "#texture" },
        "east":  { "uv": [ 13.5, 1.5, 14, 2 ], "texture": "#texture" }
    }
},
{
    "from": [ 10.5, 13.5, 8.5 ],
    "to": [ 14.5, 14, 9 ],
    "faces": {
        "down":  { "uv": [ 14.5, 2.5, 10.5, 2 ], "texture": "#texture" },
        "up":    { "uv": [ 10.5, 2, 14.5, 2.5 ], "texture": "#texture" },
        "north": { "uv": [ 1.5, 2, 5.5, 2.5 ], "texture": "#texture" },
        "south": { "uv": [ 10.5, 2, 14.5, 2.5 ], "texture": "#texture" },
        "west":  { "uv": [ 8.5, 2, 9, 2.5 ], "texture": "#texture" },
        "east":  { "uv": [ 14, 2, 14.5, 2.5 ], "texture": "#texture" }
    }
},
{
    "from": [ 12, 13, 8.5 ],
    "to": [ 15, 13.5, 9 ],
    "faces": {
        "down":  { "uv": [ 15, 3, 12, 2.5 ], "texture": "#texture" },
        "up":    { "uv": [ 12, 2.5, 15, 3 ], "texture": "#texture" },
        "north": { "uv": [ 1, 2.5, 4, 3 ], "texture": "#texture" },
        "south": { "uv": [ 12, 2.5, 15, 3 ], "texture": "#texture" },
        "west":  { "uv": [ 12, 2.5, 12.5, 3 ], "texture": "#texture" },
        "east":  { "uv": [ 14.5, 2.5, 15, 3 ], "texture": "#texture" }
    }
},
{
    "from": [ 6, 7.5, 8 ],
    "to": [ 7, 14, 8.5 ],
    "faces": {
        "down":  { "uv": [ 10, 8.5, 9, 8 ], "texture": "#texture" },
        "up":    { "uv": [ 6, 8, 7, 8.5 ], "texture": "#texture" },
        "north": { "uv": [ 7, 2.5, 6, 11.5 ], "texture": "#texture" },
        "south": { "uv": [ 6, 1.5, 7, 11 ], "texture": "#texture" },
        "west":  { "uv": [ 6, 2.5, 6.5, 12 ], "texture": "#texture" },
        "east":  { "uv": [ 6.5, 2.5, 7, 12 ], "texture": "#texture" }
    }
},
{
    "from": [ 7, -1, 8 ],
    "to": [ 8, 5.5, 8.5 ],
    "faces": {
        "down":  { "uv": [ 7, 8.5, 6, 8 ], "texture": "#texture" },
        "up":    { "uv": [ 6, 8, 7, 8.5 ], "texture": "#texture" },
        "north": { "uv": [ 7, 9.5, 6, 12.5 ], "texture": "#texture" },
        "south": { "uv": [ 6, 10, 7, 13 ], "texture": "#texture" },
        "west":  { "uv": [ 6, 10.5, 6.5, 13.5 ], "texture": "#texture" },
        "east":  { "uv": [ 6.5, 9.5, 7, 12.5 ], "texture": "#texture" }
    }
},
{
    "from": [ 6, 4.5, 8 ],
    "to": [ 7, 7.5, 8.5 ],
    "rotation": { "origin": [ 6, 7.5, 8 ], "axis": "z", "angle": 22.5 },
    "faces": {
        "down":  { "uv": [ 10, 8.5, 9, 8 ], "texture": "#texture" },
        "up":    { "uv": [ 6, 8, 7, 8.5 ], "texture": "#texture" },
        "north": { "uv": [ 7, 8, 6, 13 ], "texture": "#texture" },
        "south": { "uv": [ 6, 8, 7, 13 ], "texture": "#texture" },
        "west":  { "uv": [ 6, 8, 6.5, 13 ], "texture": "#texture" },
        "east":  { "uv": [ 6.5, 7.5, 7, 12.5 ], "texture": "#texture" }
    }
},
{
    "from": [ 6.5, -2, 8 ],
    "to": [ 8.5, -1, 8.5 ],
    "faces": {
        "down":  { "uv": [ 7.5, 14.5, 5.5, 14 ], "texture": "#texture" },
        "up":    { "uv": [ 5.5, 14, 7.5, 14.5 ], "texture": "#texture" },
        "north": { "uv": [ 7.5, 14, 5.5, 15 ], "texture": "#texture" },
        "south": { "uv": [ 5.5, 14, 7.5, 15 ], "texture": "#texture" },
        "west":  { "uv": [ 7, 14, 7.5, 15 ], "texture": "#texture" },
        "east":  { "uv": [ 5.5, 14, 6, 15 ], "texture": "#texture" }
    }
},
{
    "from": [ 6, -3, 8 ],
    "to": [ 7, -2, 8.5 ],
    "faces": {
        "down":  { "uv": [ 6, 16, 5, 15.5 ], "texture": "#texture" },
        "up":    { "uv": [ 5, 15, 6, 15.5 ], "texture": "#texture" },
        "north": { "uv": [ 6, 15, 5, 16 ], "texture": "#texture" },
        "south": { "uv": [ 5, 15, 6, 16 ], "texture": "#texture" },
        "west":  { "uv": [ 5.5, 15, 6, 16 ], "texture": "#texture" },
        "east":  { "uv": [ 5, 15, 5.5, 16 ], "texture": "#texture" }
    }
},
{
    "from": [ 8, -3, 8 ],
    "to": [ 9, -2, 8.5 ],
    "faces": {
        "down":  { "uv": [ 8, 16, 7, 15.5 ], "texture": "#texture" },
        "up":    { "uv": [ 7, 15, 8, 15.5 ], "texture": "#texture" },
        "north": { "uv": [ 8, 15, 7, 16 ], "texture": "#texture" },
        "south": { "uv": [ 7, 15, 8, 16 ], "texture": "#texture" },
        "west":  { "uv": [ 7, 15, 7.5, 16 ], "texture": "#texture" },
        "east":  { "uv": [ 7.5, 15, 8, 16 ], "texture": "#texture" }
    }
},
{
    "from": [ 7, 12.5, 8 ],
    "to": [ 7.5, 14, 8.5 ],
    "faces": {
        "down":  { "uv": [ 7.5, 2.5, 7, 2 ], "texture": "#texture" },
        "up":    { "uv": [ 7, 2, 7.5, 2.5 ], "texture": "#texture" },
        "north": { "uv": [ 7, 2, 7.5, 3.5 ], "texture": "#texture" },
        "south": { "uv": [ 7, 2, 7.5, 3.5 ], "texture": "#texture" },
        "west":  { "uv": [ 7, 2, 7.5, 3.5 ], "texture": "#texture" },
        "east":  { "uv": [ 7, 2, 7.5, 3.5 ], "texture": "#texture" }
    }
},
{
    "from": [ 7, 12, 8 ],
    "to": [ 10, 12.5, 8.5 ],
    "faces": {
        "down":  { "uv": [ 10, 4, 7, 3.5 ], "texture": "#texture" },
        "up":    { "uv": [ 7, 3.5, 10, 4 ], "texture": "#texture" },
        "north": { "uv": [ 10, 3.5, 7, 4 ], "texture": "#texture" },
        "south": { "uv": [ 7, 3.5, 10, 4 ], "texture": "#texture" },
        "west":  { "uv": [ 7, 3.5, 7.5, 4 ], "texture": "#texture" },
        "east":  { "uv": [ 9.5, 3.5, 10, 4 ], "texture": "#texture" }
    }
},
{
    "from": [ 7, 11.5, 8 ],
    "to": [ 11, 12, 8.5 ],
    "faces": {
        "down":  { "uv": [ 11, 4.5, 7, 4 ], "texture": "#texture" },
        "up":    { "uv": [ 7, 4, 11, 4.5 ], "texture": "#texture" },
        "north": { "uv": [ 11, 4, 7, 4.5 ], "texture": "#texture" },
        "south": { "uv": [ 7, 4, 11, 4.5 ], "texture": "#texture" },
        "west":  { "uv": [ 7, 4, 7.5, 4.5 ], "texture": "#texture" },
        "east":  { "uv": [ 10.5, 4, 11, 4.5 ], "texture": "#texture" }
    }
},
{
    "from": [ 7, 11, 8 ],
    "to": [ 11.5, 11.5, 8.5 ],
    "faces": {
        "down":  { "uv": [ 7, 5, 11.5, 4.5 ], "texture": "#texture" },
        "up":    { "uv": [ 7, 4.5, 11.5, 5 ], "texture": "#texture" },
        "north": { "uv": [ 11.5, 4.5, 7, 5 ], "texture": "#texture" },
        "south": { "uv": [ 7, 4.5, 11.5, 5 ], "texture": "#texture" },
        "west":  { "uv": [ 7, 4.5, 7.5, 5 ], "texture": "#texture" },
        "east":  { "uv": [ 11, 4.5, 11.5, 5 ], "texture": "#texture" }
    }
},
{
    "from": [ 9, 10.5, 8 ],
    "to": [ 12, 11, 8.5 ],
    "faces": {
        "down":  { "uv": [ 9, 5.5, 12, 5 ], "texture": "#texture" },
        "up":    { "uv": [ 9, 5, 12, 5.5 ], "texture": "#texture" },
        "north": { "uv": [ 12, 5, 9, 5.5 ], "texture": "#texture" },
        "south": { "uv": [ 9, 5, 12, 5.5 ], "texture": "#texture" },
        "west":  { "uv": [ 9, 5, 9.5, 5.5 ], "texture": "#texture" },
        "east":  { "uv": [ 11.5, 5, 12, 5.5 ], "texture": "#texture" }
    }
},
{
    "from": [ 10, 10, 8 ],
    "to": [ 12.5, 10.5, 8.5 ],
    "faces": {
        "down":  { "uv": [ 10, 6, 12.5, 5.5 ], "texture": "#texture" },
        "up":    { "uv": [ 10, 5.5, 12.5, 6 ], "texture": "#texture" },
        "north": { "uv": [ 12.5, 5.5, 10, 6 ], "texture": "#texture" },
        "south": { "uv": [ 10, 5.5, 12.5, 6 ], "texture": "#texture" },
        "west":  { "uv": [ 10, 5.5, 10.5, 6 ], "texture": "#texture" },
        "east":  { "uv": [ 12, 5.5, 12.5, 6 ], "texture": "#texture" }
    }
},
{
    "from": [ 7.5, 12.5, 8 ],
    "to": [ 9, 13, 8.5 ],
    "faces": {
        "down":  { "uv": [ 9, 3.5, 7.5, 3 ], "texture": "#texture" },
        "up":    { "uv": [ 7.5, 3, 9, 3.5 ], "texture": "#texture" },
        "north": { "uv": [ 9, 3, 7.5, 3.5 ], "texture": "#texture" },
        "south": { "uv": [ 7.5, 3, 9, 3.5 ], "texture": "#texture" },
        "west":  { "uv": [ 8.5, 3, 9, 3.5 ], "texture": "#texture" },
        "east":  { "uv": [ 7.5, 3, 8, 3.5 ], "texture": "#texture" }
    }
},
{
    "from": [ 7.5, 13, 8 ],
    "to": [ 8, 13.5, 8.5 ],
    "faces": {
        "down":  { "uv": [ 8, 3, 7.5, 2.5 ], "texture": "#texture" },
        "up":    { "uv": [ 7.5, 2.5, 8, 3 ], "texture": "#texture" },
        "north": { "uv": [ 7.5, 2.5, 8, 3 ], "texture": "#texture" },
        "south": { "uv": [ 7.5, 2.5, 8, 3 ], "texture": "#texture" },
        "west":  { "uv": [ 7.5, 2.5, 8, 3 ], "texture": "#texture" },
        "east":  { "uv": [ 7.5, 2.5, 8, 3 ], "texture": "#texture" }
    }
},
{
    "from": [ 7.5, 12, 8.5 ],
    "to": [ 9, 12.5, 9 ],
    "faces": {
        "down":  { "uv": [ 9, 4, 7.5, 3.5 ], "texture": "#texture" },
        "up":    { "uv": [ 7.5, 3.5, 9, 4 ], "texture": "#texture" },
        "north": { "uv": [ 9, 3.5, 7.5, 4 ], "texture": "#texture" },
        "south": { "uv": [ 7.5, 3.5, 9, 4 ], "texture": "#texture" },
        "west":  { "uv": [ 8.5, 3.5, 9, 4 ], "texture": "#texture" },
        "east":  { "uv": [ 7.5, 3.5, 8, 4 ], "texture": "#texture" }
    }
},
{
    "from": [ 7.5, 12.5, 8.5 ],
    "to": [ 8, 13, 9 ],
    "faces": {
        "down":  { "uv": [ 8, 3.5, 7.5, 3 ], "texture": "#texture" },
        "up":    { "uv": [ 7.5, 3, 8, 3.5 ], "texture": "#texture" },
        "north": { "uv": [ 7.5, 3, 8, 3.5 ], "texture": "#texture" },
        "south": { "uv": [ 7.5, 3, 8, 3.5 ], "texture": "#texture" },
        "west":  { "uv": [ 7.5, 3, 8, 3.5 ], "texture": "#texture" },
        "east":  { "uv": [ 7.5, 3, 8, 3.5 ], "texture": "#texture" }
    }
},
{
    "from": [ 7, 11.5, 8.5 ],
    "to": [ 10, 12, 9 ],
    "faces": {
        "down":  { "uv": [ 10, 4.5, 7, 4 ], "texture": "#texture" },
        "up":    { "uv": [ 7, 3.5, 10, 4 ], "texture": "#texture" },
        "north": { "uv": [ 10, 4, 7, 4.5 ], "texture": "#texture" },
        "south": { "uv": [ 7, 4, 10, 4.5 ], "texture": "#texture" },
        "west":  { "uv": [ 9.5, 4, 10, 4.5 ], "texture": "#texture" },
        "east":  { "uv": [ 7, 4, 7.5, 4.5 ], "texture": "#texture" }
    }
},
{
    "from": [ 9, 11, 8.5 ],
    "to": [ 11, 11.5, 9 ],
    "faces": {
        "down":  { "uv": [ 11, 5, 9, 4.5 ], "texture": "#texture" },
        "up":    { "uv": [ 9, 4.5, 11, 5 ], "texture": "#texture" },
        "north": { "uv": [ 11, 4.5, 9, 5 ], "texture": "#texture" },
        "south": { "uv": [ 9, 4.5, 11, 5 ], "texture": "#texture" },
        "west":  { "uv": [ 9, 4.5, 9.5, 5 ], "texture": "#texture" },
        "east":  { "uv": [ 10.5, 4.5, 11, 5 ], "texture": "#texture" }
    }
},
{
    "from": [ 10, 10.5, 8.5 ],
    "to": [ 11.5, 11, 9 ],
    "faces": {
        "down":  { "uv": [ 11.5, 5.5, 10, 5 ], "texture": "#texture" },
        "up":    { "uv": [ 10, 5, 11.5, 5.5 ], "texture": "#texture" },
        "north": { "uv": [ 11.5, 5, 10, 5.5 ], "texture": "#texture" },
        "south": { "uv": [ 10, 5, 11.5, 5.5 ], "texture": "#texture" },
        "west":  { "uv": [ 10, 5, 10.5, 5.5 ], "texture": "#texture" },
        "east":  { "uv": [ 11, 5, 11.5, 5.5 ], "texture": "#texture" }
    }
},
{
    "from": [ 5, 15.5, 7.5 ],
    "to": [ 10.5, 16, 8 ],
    "faces": {
        "down":  { "uv": [ 11, 0.5, 5.5, 0 ], "texture": "#texture" },
        "up":    { "uv": [ 5.5, 0, 11, 0.5 ], "texture": "#texture" },
        "north": { "uv": [ 10.5, 0, 5, 0.5 ], "texture": "#texture" },
        "south": { "uv": [ 5, 0, 10.5, 0.5 ], "texture": "#texture" },
        "west":  { "uv": [ 10.5, 0, 11, 0.5 ], "texture": "#texture" },
        "east":  { "uv": [ 5, 0, 5.5, 0.5 ], "texture": "#texture" }
    }
},
{
    "from": [ 3.5, 15, 7.5 ],
    "to": [ 12, 15.5, 8 ],
    "faces": {
        "down":  { "uv": [ 12, 1, 6, 0.5 ], "texture": "#texture" },
        "up":    { "uv": [ 6, 0.5, 12, 1 ], "texture": "#texture" },
        "north": { "uv": [ 12, 0.5, 3.5, 1 ], "texture": "#texture" },
        "south": { "uv": [ 3.5, 0.5, 12, 1 ], "texture": "#texture" },
        "west":  { "uv": [ 3.5, 0.5, 4, 1 ], "texture": "#texture" },
        "east":  { "uv": [ 11.5, 0.5, 12, 1 ], "texture": "#texture" }
    }
},
{
    "from": [ 2.5, 14.5, 7.5 ],
    "to": [ 13, 15, 8 ],
    "faces": {
        "down":  { "uv": [ 13, 1.5, 2.5, 1 ], "texture": "#texture" },
        "up":    { "uv": [ 2.5, 1, 13, 1.5 ], "texture": "#texture" },
        "north": { "uv": [ 13, 1, 2.5, 1.5 ], "texture": "#texture" },
        "south": { "uv": [ 2.5, 1, 13, 1.5 ], "texture": "#texture" },
        "west":  { "uv": [ 2.5, 1, 3, 1.5 ], "texture": "#texture" },
        "east":  { "uv": [ 12.5, 1, 13, 1.5 ], "texture": "#texture" }
    }
},
{
    "from": [ 8.5, 14, 7.5 ],
    "to": [ 14, 14.5, 8 ],
    "faces": {
        "down":  { "uv": [ 14, 2, 8.5, 1.5 ], "texture": "#texture" },
        "up":    { "uv": [ 8.5, 1.5, 14, 2 ], "texture": "#texture" },
        "north": { "uv": [ 14, 1.5, 8.5, 2 ], "texture": "#texture" },
        "south": { "uv": [ 8.5, 1.5, 14, 2 ], "texture": "#texture" },
        "west":  { "uv": [ 13.5, 1.5, 14, 2 ], "texture": "#texture" },
        "east":  { "uv": [ 8.5, 1.5, 9, 2 ], "texture": "#texture" }
    }
},
{
    "from": [ 10.5, 13.5, 7.5 ],
    "to": [ 14.5, 14, 8 ],
    "faces": {
        "down":  { "uv": [ 14.5, 2.5, 10.5, 2 ], "texture": "#texture" },
        "up":    { "uv": [ 10.5, 2, 14.5, 2.5 ], "texture": "#texture" },
        "north": { "uv": [ 14.5, 2, 10.5, 2.5 ], "texture": "#texture" },
        "south": { "uv": [ 10.5, 2, 14.5, 2.5 ], "texture": "#texture" },
        "west":  { "uv": [ 14, 2, 14.5, 2.5 ], "texture": "#texture" },
        "east":  { "uv": [ 10.5, 2, 11, 2.5 ], "texture": "#texture" }
    }
},
{
    "from": [ 12, 13, 7.5 ],
    "to": [ 15, 13.5, 8 ],
    "faces": {
        "down":  { "uv": [ 15, 3, 12, 2.5 ], "texture": "#texture" },
        "up":    { "uv": [ 12, 2.5, 15, 3 ], "texture": "#texture" },
        "north": { "uv": [ 15, 2.5, 12, 3 ], "texture": "#texture" },
        "south": { "uv": [ 12, 2.5, 15, 3 ], "texture": "#texture" },
        "west":  { "uv": [ 14.5, 2.5, 15, 3 ], "texture": "#texture" },
        "east":  { "uv": [ 12, 2.5, 12.5, 3 ], "texture": "#texture" }
    }
},
{
    "from": [ 2.5, 14, 7.5 ],
    "to": [ 5.5, 14.5, 8 ],
    "faces": {
        "down":  { "uv": [ 5.5, 2, 2.5, 1.5 ], "texture": "#texture" },
        "up":    { "uv": [ 5.5, 1.5, 3, 2 ], "texture": "#texture" },
        "north": { "uv": [ 5.5, 1.5, 2.5, 2 ], "texture": "#texture" },
        "south": { "uv": [ 2.5, 1.5, 5.5, 2 ], "texture": "#texture" },
        "west":  { "uv": [ 4.5, 1.5, 5, 2 ], "texture": "#texture" },
        "east":  { "uv": [ 2.5, 1.5, 3, 2 ], "texture": "#texture" }
    }
},
{
    "from": [ 2.5, 13.5, 7.5 ],
    "to": [ 4.5, 14, 8 ],
    "faces": {
        "down":  { "uv": [ 4.5, 2.5, 2.5, 2 ], "texture": "#texture" },
        "up":    { "uv": [ 2.5, 2, 4.5, 2.5 ], "texture": "#texture" },
        "north": { "uv": [ 4.5, 2, 2.5, 2.5 ], "texture": "#texture" },
        "south": { "uv": [ 2.5, 2, 4.5, 2.5 ], "texture": "#texture" },
        "west":  { "uv": [ 4, 2, 4.5, 2.5 ], "texture": "#texture" },
        "east":  { "uv": [ 2.5, 2, 3, 2.5 ], "texture": "#texture" }
    }
},
{
    "from": [ 2.5, 13, 7.5 ],
    "to": [ 3.5, 13.5, 8 ],
    "faces": {
        "down":  { "uv": [ 3.5, 3, 2.5, 2.5 ], "texture": "#texture" },
        "up":    { "uv": [ 2.5, 2.5, 3.5, 3 ], "texture": "#texture" },
        "north": { "uv": [ 3.5, 2.5, 2.5, 3 ], "texture": "#texture" },
        "south": { "uv": [ 2.5, 2.5, 3.5, 3 ], "texture": "#texture" },
        "west":  { "uv": [ 3, 2.5, 3.5, 3 ], "texture": "#texture" },
        "east":  { "uv": [ 2.5, 2.5, 3, 3 ], "texture": "#texture" }
    }
},
{
    "from": [ 2.5, 12.5, 7.5 ],
    "to": [ 3, 13, 8 ],
    "faces": {
        "down":  { "uv": [ 3, 3.5, 2.5, 3 ], "texture": "#texture" },
        "up":    { "uv": [ 2.5, 3, 3, 3.5 ], "texture": "#texture" },
        "north": { "uv": [ 2.5, 3, 3, 3.5 ], "texture": "#texture" },
        "south": { "uv": [ 2.5, 3, 3, 3.5 ], "texture": "#texture" },
        "west":  { "uv": [ 2.5, 3, 3, 3.5 ], "texture": "#texture" },
        "east":  { "uv": [ 2.5, 3, 3, 3.5 ], "texture": "#texture" }
    }
},
{
    "from": [ 7.5, 12.5, 7.5 ],
    "to": [ 8, 13, 8 ],
    "faces": {
        "down":  { "uv": [ 8, 3.5, 7.5, 3 ], "texture": "#texture" },
        "up":    { "uv": [ 7.5, 3, 8, 3.5 ], "texture": "#texture" },
        "north": { "uv": [ 7.5, 3, 8, 3.5 ], "texture": "#texture" },
        "south": { "uv": [ 7.5, 3, 8, 3.5 ], "texture": "#texture" },
        "west":  { "uv": [ 7.5, 3, 8, 3.5 ], "texture": "#texture" },
        "east":  { "uv": [ 7.5, 3, 8, 3.5 ], "texture": "#texture" }
    }
},
{
    "from": [ 7.5, 12, 7.5 ],
    "to": [ 9, 12.5, 8 ],
    "faces": {
        "down":  { "uv": [ 9, 4, 7.5, 3.5 ], "texture": "#texture" },
        "up":    { "uv": [ 7.5, 3.5, 9, 4 ], "texture": "#texture" },
        "north": { "uv": [ 9, 3.5, 7.5, 4 ], "texture": "#texture" },
        "south": { "uv": [ 7.5, 3.5, 9, 4 ], "texture": "#texture" },
        "west":  { "uv": [ 7.5, 3.5, 8, 4 ], "texture": "#texture" },
        "east":  { "uv": [ 8.5, 3.5, 9, 4 ], "texture": "#texture" }
    }
},
{
    "from": [ 7, 11.5, 7.5 ],
    "to": [ 10, 12, 8 ],
    "faces": {
        "down":  { "uv": [ 10, 4.5, 7, 4 ], "texture": "#texture" },
        "up":    { "uv": [ 7, 4, 10, 4.5 ], "texture": "#texture" },
        "north": { "uv": [ 10, 4, 7, 4.5 ], "texture": "#texture" },
        "south": { "uv": [ 7, 4, 10, 4.5 ], "texture": "#texture" },
        "west":  { "uv": [ 9.5, 4, 10, 4.5 ], "texture": "#texture" },
        "east":  { "uv": [ 7, 4, 7.5, 4.5 ], "texture": "#texture" }
    }
},
{
    "from": [ 9, 11, 7.5 ],
    "to": [ 11, 11.5, 8 ],
    "faces": {
        "down":  { "uv": [ 11, 5, 9, 4.5 ], "texture": "#texture" },
        "up":    { "uv": [ 9, 4.5, 11, 5 ], "texture": "#texture" },
        "north": { "uv": [ 11, 4.5, 9, 5 ], "texture": "#texture" },
        "south": { "uv": [ 9, 4.5, 11, 5 ], "texture": "#texture" },
        "west":  { "uv": [ 10.5, 4.5, 11, 5 ], "texture": "#texture" },
        "east":  { "uv": [ 9, 4.5, 9.5, 5 ], "texture": "#texture" }
    }
},
{
    "from": [ 10, 10.5, 7.5 ],
    "to": [ 11.5, 11, 8 ],
    "faces": {
        "down":  { "uv": [ 11.5, 5.5, 10, 5 ], "texture": "#texture" },
        "up":    { "uv": [ 10, 5, 11.5, 5.5 ], "texture": "#texture" },
        "north": { "uv": [ 11.5, 5, 10, 5.5 ], "texture": "#texture" },
        "south": { "uv": [ 10, 5, 11.5, 5.5 ], "texture": "#texture" },
        "west":  { "uv": [ 11, 5, 11.5, 5.5 ], "texture": "#texture" },
        "east":  { "uv": [ 10, 5, 10.5, 5.5 ], "texture": "#texture" }
    }
},
{
    "from": [ 5.5, 13.5, 7.5 ],
    "to": [ 7, 14.5, 9 ],
    "faces": {
        "down":  { "uv": [ 7.5, 3.5, 6, 2 ], "texture": "#texture" },
        "up":    { "uv": [ 6, 2, 7.5, 3.5 ], "texture": "#texture" },
        "north": { "uv": [ 5.5, 1.5, 7, 2.5 ], "texture": "#texture" },
        "south": { "uv": [ 5.5, 1.5, 7, 2.5 ], "texture": "#texture" },
        "west":  { "uv": [ 5.5, 1.5, 6, 2.5 ], "texture": "#texture" },
        "east":  { "uv": [ 5.5, 1.5, 7, 2.5 ], "texture": "#texture" }
    }
},
{
    "from": [ 6.5, 13, 7.5 ],
    "to": [ 7.5, 13.5, 9 ],
    "faces": {
        "down":  { "uv": [ 7.5, 3.5, 6.5, 2 ], "texture": "#texture" },
        "up":    { "uv": [ 6.5, 2, 7.5, 3.5 ], "texture": "#texture" },
        "north": { "uv": [ 7.5, 2, 6.5, 3 ], "texture": "#texture" },
        "south": { "uv": [ 6.5, 2, 7.5, 3 ], "texture": "#texture" },
        "west":  { "uv": [ 6, 2, 6.5, 3 ], "texture": "#texture" },
        "east":  { "uv": [ 6, 2, 7.5, 3 ], "texture": "#texture" }
    }
},
{
    "from": [ 7, 12.5, 7.5 ],
    "to": [ 7.5, 13, 9 ],
    "faces": {
        "down":  { "uv": [ 7.5, 3.5, 7, 2 ], "texture": "#texture" },
        "up":    { "uv": [ 7, 2, 7.5, 3.5 ], "texture": "#texture" },
        "north": { "uv": [ 7, 3, 7.5, 3.5 ], "texture": "#texture" },
        "south": { "uv": [ 7, 3, 7.5, 3.5 ], "texture": "#texture" },
        "west":  { "uv": [ 6, 3, 6.5, 3.5 ], "texture": "#texture" },
        "east":  { "uv": [ 6, 3, 6.5, 3.5 ], "texture": "#texture" }
    }
},
{
    "from": [ 5, 14, 7 ],
    "to": [ 6.5, 15, 9.5 ],
    "faces": {
        "down":  { "uv": [ 6.5, 2, 5, 1 ], "texture": "#texture" },
        "up":    { "uv": [ 5, 1, 6.5, 2 ], "texture": "#texture" },
        "north": { "uv": [ 6.5, 1, 5, 2 ], "texture": "#texture" },
        "south": { "uv": [ 5, 1, 6.5, 2 ], "texture": "#texture" },
        "west":  { "uv": [ 5, 1, 6.5, 2 ], "texture": "#texture" },
        "east":  { "uv": [ 5, 1, 6.5, 2 ], "texture": "#texture" }
    }
},
{
    "from": [ 4.5, 14.5, 7 ],
    "to": [ 6, 15.5, 9.5 ],
    "faces": {
        "down":  { "uv": [ 6, 1.5, 4.5, 0.5 ], "texture": "#texture" },
        "up":    { "uv": [ 4.5, 0.5, 6, 1.5 ], "texture": "#texture" },
        "north": { "uv": [ 6, 0.5, 4.5, 1.5 ], "texture": "#texture" },
        "south": { "uv": [ 4.5, 0.5, 6, 1.5 ], "texture": "#texture" },
        "west":  { "uv": [ 4.5, 0.5, 6, 1.5 ], "texture": "#texture" },
        "east":  { "uv": [ 4.5, 0.5, 6, 1.5 ], "texture": "#texture" }
    }
},
{
    "from": [ 4.5, 14.5, 9.5 ],
    "to": [ 5, 16, 10 ],
    "faces": {
        "down":  { "uv": [ 5, 1.5, 4.5, 1 ], "texture": "#texture" },
        "up":    { "uv": [ 4.5, 0, 5, 0.5 ], "texture": "#texture" },
        "north": { "uv": [ 4.5, 0, 5, 1.5 ], "texture": "#texture" },
        "south": { "uv": [ 4.5, 0, 5, 1.5 ], "texture": "#texture" },
        "west":  { "uv": [ 4.5, 0, 5, 1.5 ], "texture": "#texture" },
        "east":  { "uv": [ 4.5, 0, 5, 1.5 ], "texture": "#texture" }
    }
},
{
    "from": [ 4.5, 14.5, 6.5 ],
    "to": [ 5, 16, 7 ],
    "faces": {
        "down":  { "uv": [ 5, 1.5, 4.5, 1 ], "texture": "#texture" },
        "up":    { "uv": [ 4.5, 0, 5, 0.5 ], "texture": "#texture" },
        "north": { "uv": [ 5, 0, 4.5, 1.5 ], "texture": "#texture" },
        "south": { "uv": [ 4.5, 0, 5, 1.5 ], "texture": "#texture" },
        "west":  { "uv": [ 4.5, 0, 5, 1.5 ], "texture": "#texture" },
        "east":  { "uv": [ 4.5, 0, 5, 1.5 ], "texture": "#texture" }
    }
},
{
    "from": [ 4, 14.5, 7 ],
    "to": [ 4.5, 15.5, 7.5 ],
    "faces": {
        "down":  { "uv": [ 5, 1.5, 4.5, 1 ], "texture": "#texture" },
        "up":    { "uv": [ 5, 0.5, 5.5, 1 ], "texture": "#texture" },
        "north": { "uv": [ 5, 0.5, 5.5, 1.5 ], "texture": "#texture" },
        "south": { "uv": [ 5, 0.5, 5.5, 1.5 ], "texture": "#texture" },
        "west":  { "uv": [ 5, 0.5, 5.5, 1.5 ], "texture": "#texture" },
        "east":  { "uv": [ 5, 0.5, 5.5, 1.5 ], "texture": "#texture" }
    }
},
{
    "from": [ 4, 14.5, 9 ],
    "to": [ 4.5, 15.5, 9.5 ],
    "faces": {
        "down":  { "uv": [ 5.5, 1, 5, 0.5 ], "texture": "#texture" },
        "up":    { "uv": [ 5, 0.5, 5.5, 1 ], "texture": "#texture" },
        "north": { "uv": [ 5, 0.5, 5.5, 1.5 ], "texture": "#texture" },
        "south": { "uv": [ 5, 0.5, 5.5, 1.5 ], "texture": "#texture" },
        "west":  { "uv": [ 5, 0.5, 5.5, 1.5 ], "texture": "#texture" },
        "east":  { "uv": [ 5, 0.5, 5.5, 1.5 ], "texture": "#texture" }
    }
},
{
    "from": [ 4.5, 15.5, 7.5 ],
    "to": [ 5, 16, 8 ],
    "faces": {
        "down":  { "uv": [ 5, 0.5, 4.5, 0 ], "texture": "#texture" },
        "up":    { "uv": [ 4.5, 0, 5, 0.5 ], "texture": "#texture" },
        "north": { "uv": [ 4.5, 0, 5, 0.5 ], "texture": "#texture" },
        "south": { "uv": [ 4.5, 0, 5, 0.5 ], "texture": "#texture" },
        "west":  { "uv": [ 4.5, 0, 5, 0.5 ], "texture": "#texture" },
        "east":  { "uv": [ 4.5, 0, 5, 0.5 ], "texture": "#texture" }
    }
},
{
    "from": [ 3.5, 16, 8 ],
    "to": [ 5, 16.5, 8.5 ],
    "faces": {
        "down":  { "uv": [ 5, 0.5, 4.5, 0 ], "texture": "#texture" },
        "up":    { "uv": [ 4.5, 0, 5, 0.5 ], "texture": "#texture" },
        "north": { "uv": [ 4.5, 0, 5, 0.5 ], "texture": "#texture" },
        "south": { "uv": [ 4.5, 0, 5, 0.5 ], "texture": "#texture" },
        "west":  { "uv": [ 4.5, 0, 5, 0.5 ], "texture": "#texture" },
        "east":  { "uv": [ 4.5, 0, 5, 0.5 ], "texture": "#texture" }
    }
},
{
    "from": [ 4.5, 15.5, 8.5 ],
    "to": [ 5, 16, 9 ],
    "faces": {
        "down":  { "uv": [ 5, 0.5, 4.5, 0 ], "texture": "#texture" },
        "up":    { "uv": [ 4.5, 0, 5, 0.5 ], "texture": "#texture" },
        "north": { "uv": [ 4.5, 0, 5, 0.5 ], "texture": "#texture" },
        "south": { "uv": [ 4.5, 0, 5, 0.5 ], "texture": "#texture" },
        "west":  { "uv": [ 4.5, 0, 5, 0.5 ], "texture": "#texture" },
        "east":  { "uv": [ 4.5, 0, 5, 0.5 ], "texture": "#texture" }
    }
},
{
    "from": [ 5, 13.5, 7.5 ],
    "to": [ 5.5, 14, 8 ],
    "faces": {
        "down":  { "uv": [ 5, 1.5, 4.5, 1 ], "texture": "#texture" },
        "up":    { "uv": [ 4.5, 1, 5, 1.5 ], "texture": "#texture" },
        "north": { "uv": [ 4.5, 1, 5, 1.5 ], "texture": "#texture" },
        "south": { "uv": [ 4.5, 1, 5, 1.5 ], "texture": "#texture" },
        "west":  { "uv": [ 4.5, 1, 5, 1.5 ], "texture": "#texture" },
        "east":  { "uv": [ 4.5, 1, 5, 1.5 ], "texture": "#texture" }
    }
},
{
    "from": [ 5, 13.5, 8.5 ],
    "to": [ 5.5, 14, 9 ],
    "faces": {
        "down":  { "uv": [ 5, 1.5, 4.5, 1 ], "texture": "#texture" },
        "up":    { "uv": [ 4.5, 1, 5, 1.5 ], "texture": "#texture" },
        "north": { "uv": [ 4.5, 1, 5, 1.5 ], "texture": "#texture" },
        "south": { "uv": [ 4.5, 1, 5, 1.5 ], "texture": "#texture" },
        "west":  { "uv": [ 4.5, 1, 5, 1.5 ], "texture": "#texture" },
        "east":  { "uv": [ 4.5, 1, 5, 1.5 ], "texture": "#texture" }
    }
},
{
    "from": [ 5, 16.5, 8 ],
    "to": [ 10.5, 17, 8.5 ],
    "faces": {
        "down":  { "uv": [ 5, 0.5, 4.5, 0 ], "texture": "#texture" },
        "up":    { "uv": [ 4.5, 0, 5, 0.5 ], "texture": "#texture" },
        "north": { "uv": [ 4.5, 0, 5, 0.5 ], "texture": "#texture" },
        "south": { "uv": [ 4.5, 0, 5, 0.5 ], "texture": "#texture" },
        "west":  { "uv": [ 4.5, 0, 5, 0.5 ], "texture": "#texture" },
        "east":  { "uv": [ 4.5, 0, 5, 0.5 ], "texture": "#texture" }
    }
},
{
    "from": [ 10.5, 16, 8 ],
    "to": [ 12, 16.5, 8.5 ],
    "faces": {
        "down":  { "uv": [ 5, 0.5, 4.5, 0 ], "texture": "#texture" },
        "up":    { "uv": [ 4.5, 0, 5, 0.5 ], "texture": "#texture" },
        "north": { "uv": [ 4.5, 0, 5, 0.5 ], "texture": "#texture" },
        "south": { "uv": [ 4.5, 0, 5, 0.5 ], "texture": "#texture" },
        "west":  { "uv": [ 4.5, 0, 5, 0.5 ], "texture": "#texture" },
        "east":  { "uv": [ 4.5, 0, 5, 0.5 ], "texture": "#texture" }
    }
},
{
    "from": [ 12, 15.5, 8 ],
    "to": [ 13, 16, 8.5 ],
    "faces": {
        "down":  { "uv": [ 5, 0.5, 4.5, 0 ], "texture": "#texture" },
        "up":    { "uv": [ 4.5, 0, 5, 0.5 ], "texture": "#texture" },
        "north": { "uv": [ 4.5, 0, 5, 0.5 ], "texture": "#texture" },
        "south": { "uv": [ 4.5, 0, 5, 0.5 ], "texture": "#texture" },
        "west":  { "uv": [ 4.5, 0, 5, 0.5 ], "texture": "#texture" },
        "east":  { "uv": [ 4.5, 0, 5, 0.5 ], "texture": "#texture" }
    }
},
{
    "from": [ 13, 15, 8 ],
    "to": [ 14, 15.5, 8.5 ],
    "faces": {
        "down":  { "uv": [ 5, 0.5, 4.5, 0 ], "texture": "#texture" },
        "up":    { "uv": [ 4.5, 0, 5, 0.5 ], "texture": "#texture" },
        "north": { "uv": [ 4.5, 0, 5, 0.5 ], "texture": "#texture" },
        "south": { "uv": [ 4.5, 0, 5, 0.5 ], "texture": "#texture" },
        "west":  { "uv": [ 4.5, 0, 5, 0.5 ], "texture": "#texture" },
        "east":  { "uv": [ 4.5, 0, 5, 0.5 ], "texture": "#texture" }
    }
},
{
    "from": [ 14, 14.5, 8 ],
    "to": [ 14.5, 15, 8.5 ],
    "faces": {
        "down":  { "uv": [ 5, 0.5, 4.5, 0 ], "texture": "#texture" },
        "up":    { "uv": [ 4.5, 0, 5, 0.5 ], "texture": "#texture" },
        "north": { "uv": [ 1.5, 1, 2, 1.5 ], "texture": "#texture" },
        "south": { "uv": [ 4.5, 0, 5, 0.5 ], "texture": "#texture" },
        "west":  { "uv": [ 4.5, 0, 5, 0.5 ], "texture": "#texture" },
        "east":  { "uv": [ 4.5, 0, 5, 0.5 ], "texture": "#texture" }
    }
},
{
    "from": [ 14.5, 14, 8 ],
    "to": [ 15, 14.5, 8.5 ],
    "faces": {
        "down":  { "uv": [ 5, 0.5, 4.5, 0 ], "texture": "#texture" },
        "up":    { "uv": [ 4.5, 0, 5, 0.5 ], "texture": "#texture" },
        "north": { "uv": [ 4.5, 0, 5, 0.5 ], "texture": "#texture" },
        "south": { "uv": [ 4.5, 0, 5, 0.5 ], "texture": "#texture" },
        "west":  { "uv": [ 4.5, 0, 5, 0.5 ], "texture": "#texture" },
        "east":  { "uv": [ 4.5, 0, 5, 0.5 ], "texture": "#texture" }
    }
},
{
    "from": [ 15, 13.5, 8 ],
    "to": [ 15.5, 14, 8.5 ],
    "faces": {
        "down":  { "uv": [ 5, 0.5, 4.5, 0 ], "texture": "#texture" },
        "up":    { "uv": [ 4.5, 0, 5, 0.5 ], "texture": "#texture" },
        "north": { "uv": [ 4.5, 0, 5, 0.5 ], "texture": "#texture" },
        "south": { "uv": [ 4.5, 0, 5, 0.5 ], "texture": "#texture" },
        "west":  { "uv": [ 4.5, 0, 5, 0.5 ], "texture": "#texture" },
        "east":  { "uv": [ 4.5, 0, 5, 0.5 ], "texture": "#texture" }
    }
},
{
    "from": [ 15.5, 13, 8 ],
    "to": [ 16, 13.5, 8.5 ],
    "faces": {
        "down":  { "uv": [ 5, 0.5, 4.5, 0 ], "texture": "#texture" },
        "up":    { "uv": [ 4.5, 0, 5, 0.5 ], "texture": "#texture" },
        "north": { "uv": [ 4.5, 0, 5, 0.5 ], "texture": "#texture" },
        "south": { "uv": [ 4.5, 0, 5, 0.5 ], "texture": "#texture" },
        "west":  { "uv": [ 4.5, 0, 5, 0.5 ], "texture": "#texture" },
        "east":  { "uv": [ 4.5, 0, 5, 0.5 ], "texture": "#texture" }
    }
},
{
    "from": [ 16, 12.5, 8 ],
    "to": [ 16.5, 13, 8.5 ],
    "faces": {
        "down":  { "uv": [ 4.5, 0.5, 5, 0 ], "texture": "#texture" },
        "up":    { "uv": [ 4.5, 0, 5, 0.5 ], "texture": "#texture" },
        "north": { "uv": [ 4.5, 0, 5, 0.5 ], "texture": "#texture" },
        "south": { "uv": [ 4.5, 0, 5, 0.5 ], "texture": "#texture" },
        "west":  { "uv": [ 4.5, 0, 5, 0.5 ], "texture": "#texture" },
        "east":  { "uv": [ 4.5, 0, 5, 0.5 ], "texture": "#texture" }
    }
},
{
    "from": [ 2.5, 15.5, 8 ],
    "to": [ 3.5, 16, 8.5 ],
    "faces": {
        "down":  { "uv": [ 5, 0.5, 4.5, 0 ], "texture": "#texture" },
        "up":    { "uv": [ 4.5, 0, 5, 0.5 ], "texture": "#texture" },
        "north": { "uv": [ 4.5, 0, 5, 0 ], "texture": "#texture" },
        "south": { "uv": [ 4.5, 0, 5, 0.5 ], "texture": "#texture" },
        "west":  { "uv": [ 4.5, 0, 5, 0.5 ], "texture": "#texture" },
        "east":  { "uv": [ 4.5, 0, 5, 0.5 ], "texture": "#texture" }
    }
},
{
    "from": [ 2, 15, 8 ],
    "to": [ 2.5, 15.5, 8.5 ],
    "faces": {
        "down":  { "uv": [ 5, 0.5, 4.5, 0 ], "texture": "#texture" },
        "up":    { "uv": [ 4.5, 0, 5, 0.5 ], "texture": "#texture" },
        "north": { "uv": [ 4.5, 0, 5, 0.5 ], "texture": "#texture" },
        "south": { "uv": [ 4.5, 0, 5, 0.5 ], "texture": "#texture" },
        "west":  { "uv": [ 4.5, 0, 5, 0.5 ], "texture": "#texture" },
        "east":  { "uv": [ 4.5, 0, 5, 0.5 ], "texture": "#texture" }
    }
},
{
    "from": [ 1.5, 11.5, 8 ],
    "to": [ 2, 15, 8.5 ],
    "faces": {
        "down":  { "uv": [ 5, 0.5, 4.5, 0 ], "texture": "#texture" },
        "up":    { "uv": [ 4.5, 0, 5, 0.5 ], "texture": "#texture" },
        "north": { "uv": [ 4.5, 0, 5, 0.5 ], "texture": "#texture" },
        "south": { "uv": [ 4.5, 0, 5, 0.5 ], "texture": "#texture" },
        "west":  { "uv": [ 4.5, 0, 5, 0.5 ], "texture": "#texture" },
        "east":  { "uv": [ 4.5, 0, 5, 0 ], "texture": "#texture" }
    }
},
{
    "from": [ 2, 11, 8 ],
    "to": [ 2.5, 11.5, 8.5 ],
    "faces": {
        "down":  { "uv": [ 5, 0.5, 4.5, 0 ], "texture": "#texture" },
        "up":    { "uv": [ 4.5, 0, 5, 0.5 ], "texture": "#texture" },
        "north": { "uv": [ 4.5, 0, 5, 0.5 ], "texture": "#texture" },
        "south": { "uv": [ 4.5, 0, 5, 0.5 ], "texture": "#texture" },
        "west":  { "uv": [ 4.5, 0, 5, 0.5 ], "texture": "#texture" },
        "east":  { "uv": [ 4.5, 0, 5, 0.5 ], "texture": "#texture" }
    }
},
{
    "from": [ 2.5, 11.5, 8 ],
    "to": [ 3, 12, 8.5 ],
    "faces": {
        "down":  { "uv": [ 5, 0.5, 4.5, 0 ], "texture": "#texture" },
        "up":    { "uv": [ 4.5, 0, 5, 0.5 ], "texture": "#texture" },
        "north": { "uv": [ 4.5, 0, 5, 0.5 ], "texture": "#texture" },
        "south": { "uv": [ 4.5, 0, 5, 0.5 ], "texture": "#texture" },
        "west":  { "uv": [ 4.5, 0, 5, 0.5 ], "texture": "#texture" },
        "east":  { "uv": [ 4.5, 0, 5, 0.5 ], "texture": "#texture" }
    }
},
{
    "from": [ 3, 12, 8 ],
    "to": [ 3.5, 12.5, 8.5 ],
    "faces": {
        "down":  { "uv": [ 5, 0.5, 4.5, 0 ], "texture": "#texture" },
        "up":    { "uv": [ 4.5, 0, 5, 0.5 ], "texture": "#texture" },
        "north": { "uv": [ 4.5, 0, 5, 0.5 ], "texture": "#texture" },
        "south": { "uv": [ 4.5, 0, 5, 0.5 ], "texture": "#texture" },
        "west":  { "uv": [ 4.5, 0, 5, 0.5 ], "texture": "#texture" },
        "east":  { "uv": [ 4.5, 0, 5, 0.5 ], "texture": "#texture" }
    }
},
{
    "from": [ 3.5, 12.5, 8 ],
    "to": [ 4.5, 13, 8.5 ],
    "faces": {
        "down":  { "uv": [ 5, 0.5, 4.5, 0 ], "texture": "#texture" },
        "up":    { "uv": [ 4.5, 0, 5, 0.5 ], "texture": "#texture" },
        "north": { "uv": [ 4.5, 0, 5, 0.5 ], "texture": "#texture" },
        "south": { "uv": [ 4.5, 0, 5, 0.5 ], "texture": "#texture" },
        "west":  { "uv": [ 4.5, 0, 5, 0.5 ], "texture": "#texture" },
        "east":  { "uv": [ 4.5, 0, 5, 0.5 ], "texture": "#texture" }
    }
},
{
    "from": [ 4.5, 13, 8 ],
    "to": [ 5.5, 13.5, 8.5 ],
    "faces": {
        "down":  { "uv": [ 7, 3, 6, 2.5 ], "texture": "#texture" },
        "up":    { "uv": [ 6, 2, 7, 2.5 ], "texture": "#texture" },
        "north": { "uv": [ 6, 2.5, 7, 3 ], "texture": "#texture" },
        "south": { "uv": [ 6, 2.5, 7, 3 ], "texture": "#texture" },
        "west":  { "uv": [ 6, 2.5, 6.5, 3 ], "texture": "#texture" },
        "east":  { "uv": [ 6, 2.5, 6.5, 3 ], "texture": "#texture" }
    }
}
],
"display": {
    "thirdperson": {
        "rotation": [ 0, -90, 64 ],
        "translation": [ 0, 3, -4.7 ],
        "scale": [ 1.64, 1.64, 1.35 ]
    },
    "fixed": {
        "rotation": [ 0, 0, 0 ],
        "translation": [ 0, 0.6, -2.2 ],
        "scale": [ 1.48, 1.48, 1.48 ]
    },
    "firstperson": {
        "rotation": [ -3, 44, -28 ],
        "translation": [ 15, 6.4, 0 ],
        "scale": [ 3.34, 3.43, 3.15 ]
    },
    "gui": {
        "rotation": [ -30, 135, -45 ],
        "translation": [ 0, 0, 0 ],
        "scale": [ 1.2, 1.42, 1 ]
    }
}
}