{
"__comment": "Designed by Hypixel with BDcraft Cubik PRO 0.96 Beta - http://bdcraft.net",
"textures": {
    "texture": "items/yellowsanictexture",
    "sanictexture2": "items/yellowsanictexture2"
},
"elements": [ 
{
    "from": [ 5.5, 0, 14 ],
    "to": [ 10.5, 0.5, 15.5 ],
    "faces": {
        "down":  { "uv": [ 5.5, 15.5, 10.5, 16 ], "texture": "#texture", "cullface": "down" },
        "north": { "uv": [ 5.5, 15.5, 10.5, 16 ], "texture": "#texture" },
        "south": { "uv": [ 5.5, 15.5, 10.5, 16 ], "texture": "#texture" },
        "west":  { "uv": [ 5.5, 15.5, 10.5, 16 ], "texture": "#texture" },
        "east":  { "uv": [ 5.5, 15.5, 10.5, 16 ], "texture": "#texture" }
    }
},
{
    "from": [ 4.5, 0.5, 13.5 ],
    "to": [ 11.5, 1, 16 ],
    "faces": {
        "down":  { "uv": [ 5.5, 15.5, 10.5, 16 ], "texture": "#texture" },
        "north": { "uv": [ 5.5, 15.5, 10.5, 16 ], "texture": "#texture" },
        "south": { "uv": [ 4.5, 15, 11.5, 15.5 ], "texture": "#texture" },
        "west":  { "uv": [ 5.5, 15.5, 10.5, 16 ], "texture": "#texture" },
        "east":  { "uv": [ 5.5, 15.5, 10.5, 16 ], "texture": "#texture" }
    }
},
{
    "from": [ 4, 1, 13.5 ],
    "to": [ 12, 2, 16 ],
    "faces": {
        "down":  { "uv": [ 12, 10.5, 12.5, 11 ], "texture": "#texture" },
        "north": { "uv": [ 6, 15.5, 9, 16 ], "texture": "#texture" },
        "south": { "uv": [ 4, 14, 12, 15 ], "texture": "#texture", "cullface": "south" },
        "west":  { "uv": [ 3.5, 11, 4, 12 ], "texture": "#texture" },
        "east":  { "uv": [ 3.5, 11, 4, 12.5 ], "texture": "#texture" }
    }
},
{
    "from": [ 3.5, 2, 13.5 ],
    "to": [ 5, 2.5, 16 ],
    "faces": {
        "down":  { "uv": [ 12, 11.5, 12.5, 12 ], "texture": "#texture" },
        "up":    { "uv": [ 3.5, 11.5, 4, 12 ], "texture": "#texture" },
        "north": { "uv": [ 8.5, 15.5, 10, 16 ], "texture": "#texture" },
        "south": { "uv": [ 3.5, 13.5, 5, 14 ], "texture": "#texture" },
        "west":  { "uv": [ 3.5, 11.5, 4, 12 ], "texture": "#texture" },
        "east":  { "uv": [ 6, 15.5, 7, 16 ], "texture": "#texture" }
    }
},
{
    "from": [ 11, 2, 13.5 ],
    "to": [ 12.5, 2.5, 16 ],
    "faces": {
        "down":  { "uv": [ 3.5, 11.5, 4, 12 ], "texture": "#texture" },
        "up":    { "uv": [ 12, 11, 12.5, 11.5 ], "texture": "#texture" },
        "north": { "uv": [ 7, 15.5, 8.5, 16 ], "texture": "#texture" },
        "south": { "uv": [ 11, 13.5, 12.5, 14 ], "texture": "#texture" },
        "west":  { "uv": [ 6, 15.5, 6.5, 16 ], "texture": "#texture" },
        "east":  { "uv": [ 9.5, 15.5, 10, 16 ], "texture": "#texture" }
    }
},
{
    "from": [ 5, 0.5, 15.5 ],
    "to": [ 11, 1, 16 ],
    "faces": {
        "down":  { "uv": [ 11, 15.5, 5, 15 ], "texture": "#texture" },
        "south": { "uv": [ 5, 15, 11, 15.5 ], "texture": "#texture", "cullface": "south" },
        "west":  { "uv": [ 9.5, 14.5, 10, 15 ], "texture": "#texture" },
        "east":  { "uv": [ 9.5, 14.5, 10, 15 ], "texture": "#texture" }
    }
},
{
    "from": [ 4.5, 2, 13.5 ],
    "to": [ 11.5, 2.5, 16 ],
    "faces": {
        "up":    { "uv": [ 4.5, 13.5, 11.5, 14 ], "texture": "#texture" },
        "north": { "uv": [ 5.5, 15.5, 10, 16 ], "texture": "#texture" },
        "south": { "uv": [ 4.5, 13.5, 11.5, 14 ], "texture": "#texture", "cullface": "south" },
        "west":  { "uv": [ 5, 13, 6, 14 ], "texture": "#texture" },
        "east":  { "uv": [ 5, 13, 6, 14 ], "texture": "#texture" }
    }
},
{
    "from": [ 3.5, 2.5, 13.5 ],
    "to": [ 12.5, 6, 16 ],
    "faces": {
        "down":  { "uv": [ 3.5, 13, 12.5, 13.5 ], "texture": "#texture" },
        "north": { "uv": [ 12, 8.5, 12.5, 12 ], "texture": "#texture" },
        "south": { "uv": [ 3.5, 10, 12.5, 13.5 ], "texture": "#texture" },
        "west":  { "uv": [ 6, 10, 11.5, 13.5 ], "texture": "#sanictexture2" },
        "east":  { "uv": [ 11.5, 10, 6, 13.5 ], "texture": "#sanictexture2" }
    }
},
{
    "from": [ 5, 5, 15.5 ],
    "to": [ 11, 8.5, 16 ],
    "faces": {
        "down":  { "uv": [ 5, 10.5, 11, 11 ], "texture": "#texture" },
        "up":    { "uv": [ 5, 7.5, 11, 8 ], "texture": "#texture" },
        "north": { "uv": [ 5, 7.5, 11, 11 ], "texture": "#texture" },
        "south": { "uv": [ 5, 7.5, 11, 11 ], "texture": "#texture", "cullface": "south" },
        "west":  { "uv": [ 5, 7.5, 5.5, 11 ], "texture": "#texture" },
        "east":  { "uv": [ 10.5, 7.5, 11, 11 ], "texture": "#texture" }
    }
},
{
    "from": [ 6, 10, 14 ],
    "to": [ 9.5, 10.5, 15.5 ],
    "faces": {
        "down":  { "uv": [ 6, 6, 9.5, 6.5 ], "texture": "#texture" },
        "up":    { "uv": [ 6, 6, 9.5, 6.5 ], "texture": "#texture" },
        "north": { "uv": [ 6.5, 15.5, 10, 16 ], "texture": "#texture" },
        "south": { "uv": [ 6, 6, 9.5, 6.5 ], "texture": "#texture" },
        "west":  { "uv": [ 6.5, 6, 7.5, 6.5 ], "texture": "#texture" },
        "east":  { "uv": [ 8.5, 6, 9.5, 6.5 ], "texture": "#texture" }
    }
},
{
    "from": [ 7, 10, 15 ],
    "to": [ 9.5, 11, 15.5 ],
    "faces": {
        "up":    { "uv": [ 7, 5.5, 9.5, 6 ], "texture": "#texture" },
        "north": { "uv": [ 7, 5.5, 9.5, 6.5 ], "texture": "#texture" },
        "south": { "uv": [ 7, 5.5, 9.5, 6.5 ], "texture": "#texture" },
        "west":  { "uv": [ 7, 5.5, 7.5, 6.5 ], "texture": "#texture" },
        "east":  { "uv": [ 9, 5.5, 9.5, 6.5 ], "texture": "#texture" }
    }
},
{
    "from": [ 7, 10, 13.5 ],
    "to": [ 9, 12, 15.5 ],
    "faces": {
        "up":    { "uv": [ 7.5, 15.5, 9.5, 16 ], "texture": "#texture" },
        "north": { "uv": [ 3.5, 9, 4, 11 ], "texture": "#texture" },
        "south": { "uv": [ 7, 4.5, 9, 6.5 ], "texture": "#texture" },
        "west":  { "uv": [ 6.5, 9.5, 9.5, 11.5 ], "texture": "#sanictexture2" },
        "east":  { "uv": [ 9.5, 9, 6.5, 11 ], "texture": "#sanictexture2" }
    }
},
{
    "from": [ 7.5, 11.5, 13.5 ],
    "to": [ 9, 14, 15 ],
    "faces": {
        "down":  { "uv": [ 8.5, 4, 9, 4.5 ], "texture": "#texture" },
        "up":    { "uv": [ 7.5, 15.5, 9, 16 ], "texture": "#texture" },
        "north": { "uv": [ 8.5, 3.5, 9, 4.5 ], "texture": "#texture" },
        "south": { "uv": [ 7.5, 3.5, 9, 4.5 ], "texture": "#texture" },
        "west":  { "uv": [ 7, 9, 9.5, 10 ], "texture": "#sanictexture2" },
        "east":  { "uv": [ 9, 10, 6.5, 11 ], "texture": "#sanictexture2" }
    }
},
{
    "from": [ 8, 14, 14 ],
    "to": [ 8.5, 15, 14.5 ],
    "faces": {
        "down":  { "uv": [ 8.5, 15.5, 9.5, 16 ], "texture": "#texture" },
        "up":    { "uv": [ 7.5, 15.5, 8.5, 16 ], "texture": "#texture" },
        "north": { "uv": [ 8.5, 15.5, 9.5, 16 ], "texture": "#texture" },
        "south": { "uv": [ 8, 3, 9, 4 ], "texture": "#texture" },
        "west":  { "uv": [ 7, 9, 9, 10 ], "texture": "#sanictexture2" },
        "east":  { "uv": [ 9, 10.5, 7, 11.5 ], "texture": "#sanictexture2" }
    }
},
{
    "from": [ 7.5, 14, 14 ],
    "to": [ 8.5, 14.5, 14.5 ],
    "faces": {
        "down":  { "uv": [ 8.5, 15.5, 9.5, 16 ], "texture": "#texture" },
        "up":    { "uv": [ 8.5, 15.5, 9.5, 16 ], "texture": "#texture" },
        "north": { "uv": [ 8, 15.5, 7, 16 ], "texture": "#texture" },
        "south": { "uv": [ 7.5, 3.5, 8.5, 4 ], "texture": "#texture" },
        "west":  { "uv": [ 6.5, 10.5, 7.5, 11 ], "texture": "#sanictexture2" },
        "east":  { "uv": [ 8, 11.5, 7, 12 ], "texture": "#sanictexture2" }
    }
},
{
    "from": [ 3.5, 6, 13.5 ],
    "to": [ 12.5, 9, 16 ],
    "faces": {
        "up":    { "uv": [ 3.5, 7.5, 12.5, 8 ], "texture": "#texture" },
        "north": { "uv": [ 8.5, 3.5, 9, 4 ], "texture": "#texture" },
        "south": { "uv": [ 3.5, 7.5, 12.5, 10.5 ], "texture": "#texture" },
        "west":  { "uv": [ 5.5, 7, 11, 10 ], "texture": "#sanictexture2" },
        "east":  { "uv": [ 11, 7, 5.5, 10 ], "texture": "#sanictexture2" }
    }
},
{
    "from": [ 5.75, 9, 13.5 ],
    "to": [ 10, 10, 16 ],
    "faces": {
        "down":  { "uv": [ 6, 7, 10, 7.5 ], "texture": "#texture" },
        "up":    { "uv": [ 6, 6.5, 10, 7 ], "texture": "#texture" },
        "north": { "uv": [ 10, 15.5, 6, 16 ], "texture": "#texture" },
        "south": { "uv": [ 6, 6.5, 10, 7.5 ], "texture": "#texture" },
        "west":  { "uv": [ 6, 6.5, 6.5, 7.5 ], "texture": "#texture" },
        "east":  { "uv": [ 9.5, 6.5, 10, 7.5 ], "texture": "#texture" }
    }
},
{
    "from": [ 4, 9, 13.5 ],
    "to": [ 12, 9.5, 16 ],
    "faces": {
        "up":    { "uv": [ 5.5, 15.5, 10.5, 16 ], "texture": "#texture" },
        "north": { "uv": [ 10, 15.5, 6, 16 ], "texture": "#texture" },
        "south": { "uv": [ 4, 6.5, 12, 7.5 ], "texture": "#texture" },
        "west":  { "uv": [ 5.5, 11.5, 10, 12.5 ], "texture": "#sanictexture2" },
        "east":  { "uv": [ 10.5, 7.5, 6, 8.5 ], "texture": "#sanictexture2" }
    }
},
{
    "from": [ 4.5, 9, 13.5 ],
    "to": [ 11.5, 9.5, 16 ],
    "faces": {
        "up":    { "uv": [ 4, 6.5, 10, 8 ], "texture": "#texture" },
        "north": { "uv": [ 9, 15.5, 6.5, 16 ], "texture": "#texture" },
        "south": { "uv": [ 5, 7, 11, 7.5 ], "texture": "#texture" },
        "west":  { "uv": [ 6.5, 7, 12, 7.5 ], "texture": "#sanictexture2" },
        "east":  { "uv": [ 5, 12.5, 10, 13 ], "texture": "#sanictexture2" }
    }
},
{
    "from": [ 4, 5.5, 15 ],
    "to": [ 5.5, 6.5, 16 ],
    "faces": {
        "down":  { "uv": [ 4, 10, 5.5, 10.5 ], "texture": "#texture" },
        "up":    { "uv": [ 4, 9.5, 5.5, 10 ], "texture": "#texture" },
        "north": { "uv": [ 4, 9.5, 5.5, 10.5 ], "texture": "#texture" },
        "south": { "uv": [ 4, 9.5, 5.5, 10.5 ], "texture": "#texture", "cullface": "south" },
        "west":  { "uv": [ 4, 9.5, 4.5, 10.5 ], "texture": "#texture" },
        "east":  { "uv": [ 5, 9.5, 5.5, 10.5 ], "texture": "#texture" }
    }
},
{
    "from": [ 11, 7, 15 ],
    "to": [ 12, 8, 16 ],
    "faces": {
        "down":  { "uv": [ 11, 8.5, 12, 9 ], "texture": "#texture" },
        "up":    { "uv": [ 11, 8, 12, 8.5 ], "texture": "#texture" },
        "north": { "uv": [ 11, 8, 12, 9 ], "texture": "#texture" },
        "south": { "uv": [ 11, 8, 12, 9 ], "texture": "#texture", "cullface": "south" },
        "west":  { "uv": [ 11, 8, 11.5, 9 ], "texture": "#texture" },
        "east":  { "uv": [ 11.5, 8, 12, 9 ], "texture": "#texture" }
    }
},
{
    "from": [ 11, 8, 15.5 ],
    "to": [ 11.5, 8.5, 16 ],
    "faces": {
        "up":    { "uv": [ 11, 7.5, 11.5, 8 ], "texture": "#texture" },
        "south": { "uv": [ 11, 7.5, 11.5, 8 ], "texture": "#texture", "cullface": "south" },
        "east":  { "uv": [ 11, 7.5, 11.5, 8 ], "texture": "#texture" }
    }
},
{
    "from": [ 5, 8, 14.5 ],
    "to": [ 6, 11.5, 15.5 ],
    "faces": {
        "down":  { "uv": [ 6, 5.5, 5, 4.5 ], "texture": "#texture" },
        "up":    { "uv": [ 5, 4.5, 6, 5.5 ], "texture": "#texture" },
        "north": { "uv": [ 10.5, 4.5, 11, 6 ], "texture": "#texture" },
        "south": { "uv": [ 5, 4.5, 6, 8 ], "texture": "#texture" },
        "west":  { "uv": [ 12, 8, 12.5, 11.5 ], "texture": "#texture" },
        "east":  { "uv": [ 5.5, 4, 6, 6 ], "texture": "#texture" }
    }
},
{
    "from": [ 4.5, 8.5, 15 ],
    "to": [ 5.5, 11, 16 ],
    "faces": {
        "down":  { "uv": [ 11.5, 15.5, 10.5, 14.5 ], "texture": "#texture" },
        "up":    { "uv": [ 4.5, 14.5, 5.5, 15.5 ], "texture": "#texture" },
        "north": { "uv": [ 10.5, 5, 11.5, 6 ], "texture": "#texture" },
        "south": { "uv": [ 4.5, 5, 5.5, 7.5 ], "texture": "#texture" },
        "west":  { "uv": [ 12, 8, 12.5, 10.5 ], "texture": "#texture" },
        "east":  { "uv": [ 3.5, 7.5, 4, 10 ], "texture": "#texture" }
    }
},
{
    "from": [ 5.5, 11.5, 14.5 ],
    "to": [ 6, 12, 15.5 ],
    "faces": {
        "down":  { "uv": [ 12.5, 11.5, 12, 10.5 ], "texture": "#texture" },
        "up":    { "uv": [ 3.5, 11, 4, 12 ], "texture": "#texture" },
        "north": { "uv": [ 11, 5, 11.5, 5.5 ], "texture": "#texture" },
        "south": { "uv": [ 5.5, 4, 6, 4.5 ], "texture": "#texture" },
        "west":  { "uv": [ 10.5, 5, 11.5, 5.5 ], "texture": "#texture" },
        "east":  { "uv": [ 10.5, 5.5, 11.5, 6 ], "texture": "#texture" }
    }
},
{
    "from": [ 11, 9, 14.5 ],
    "to": [ 12, 10, 15.5 ],
    "faces": {
        "down":  { "uv": [ 5, 15.5, 4, 14.5 ], "texture": "#texture" },
        "up":    { "uv": [ 11, 14.5, 12, 15.5 ], "texture": "#texture" },
        "north": { "uv": [ 3.5, 8, 4, 9 ], "texture": "#texture" },
        "south": { "uv": [ 11, 6, 12, 7 ], "texture": "#texture" },
        "west":  { "uv": [ 12, 10.5, 12.5, 11.5 ], "texture": "#texture" },
        "east":  { "uv": [ 3.5, 9.5, 4, 10.5 ], "texture": "#texture" }
    }
},
{
    "from": [ 10, 9, 14.5 ],
    "to": [ 11, 10, 15.5 ],
    "faces": {
        "down":  { "uv": [ 12.5, 11.5, 12, 10.5 ], "texture": "#texture" },
        "up":    { "uv": [ 12, 11.5, 12.5, 12.5 ], "texture": "#texture" },
        "north": { "uv": [ 5.5, 4.5, 6, 5.5 ], "texture": "#texture" },
        "south": { "uv": [ 10, 6, 11, 7 ], "texture": "#texture" },
        "west":  { "uv": [ 12, 9, 12.5, 10 ], "texture": "#texture" },
        "east":  { "uv": [ 3.5, 8.5, 4, 9.5 ], "texture": "#texture" }
    }
},
{
    "from": [ 10, 10, 14.5 ],
    "to": [ 11.5, 10.5, 15.5 ],
    "faces": {
        "down":  { "uv": [ 5.5, 5, 5, 4.5 ], "texture": "#texture" },
        "up":    { "uv": [ 10.5, 15, 11.5, 15.5 ], "texture": "#texture" },
        "north": { "uv": [ 4.5, 5.5, 6, 6 ], "texture": "#texture" },
        "south": { "uv": [ 8.5, 15.5, 10, 16 ], "texture": "#texture" },
        "west":  { "uv": [ 9, 15.5, 10, 16 ], "texture": "#texture" },
        "east":  { "uv": [ 5, 5, 6, 5.5 ], "texture": "#texture" }
    }
},
{
    "from": [ 10.5, 10.5, 14.5 ],
    "to": [ 11.5, 11, 15.5 ],
    "faces": {
        "down":  { "uv": [ 8, 16, 7.5, 15.5 ], "texture": "#texture" },
        "up":    { "uv": [ 9, 15.5, 9.5, 16 ], "texture": "#texture" },
        "north": { "uv": [ 6.5, 15.5, 7.5, 16 ], "texture": "#texture" },
        "south": { "uv": [ 8, 15.5, 9, 16 ], "texture": "#texture" },
        "west":  { "uv": [ 14.5, 5, 15.5, 5.5 ], "texture": "#texture" },
        "east":  { "uv": [ 7, 15.5, 8, 16 ], "texture": "#texture" }
    }
},
{
    "from": [ 10.5, 11, 14.5 ],
    "to": [ 11, 11.5, 15.5 ],
    "faces": {
        "down":  { "uv": [ 4, 11, 3.5, 10 ], "texture": "#texture" },
        "up":    { "uv": [ 12, 10.5, 12.5, 11.5 ], "texture": "#texture" },
        "north": { "uv": [ 5, 4.5, 5.5, 5 ], "texture": "#texture" },
        "south": { "uv": [ 10.5, 4.5, 11, 5 ], "texture": "#texture" },
        "west":  { "uv": [ 8.5, 15.5, 9.5, 16 ], "texture": "#texture" },
        "east":  { "uv": [ 7, 15.5, 8, 16 ], "texture": "#texture" }
    }
},
{
    "from": [ 2.5, 6, 14.5 ],
    "to": [ 3.5, 8, 15.5 ],
    "faces": {
        "down":  { "uv": [ 14, 8.5, 13, 7 ], "texture": "#texture" },
        "up":    { "uv": [ 13, 7, 14, 8.5 ], "texture": "#texture" },
        "north": { "uv": [ 12.5, 8, 13.5, 10 ], "texture": "#texture" },
        "south": { "uv": [ 2.5, 8, 3.5, 10 ], "texture": "#texture" },
        "west":  { "uv": [ 14, 8, 14.5, 9 ], "texture": "#texture" },
        "east":  { "uv": [ 1.5, 7, 2, 8.5 ], "texture": "#texture" }
    }
},
{
    "from": [ 2, 6.5, 14.5 ],
    "to": [ 3, 9.5, 15.5 ],
    "faces": {
        "down":  { "uv": [ 3, 9.5, 2, 8.5 ], "texture": "#texture" },
        "up":    { "uv": [ 1.5, 8, 2.5, 9 ], "texture": "#texture" },
        "north": { "uv": [ 13, 6.5, 14, 9.5 ], "texture": "#texture" },
        "south": { "uv": [ 2, 6.5, 3, 9.5 ], "texture": "#texture" },
        "west":  { "uv": [ 1.5, 7, 2, 9 ], "texture": "#texture" },
        "east":  { "uv": [ 1.5, 7, 2, 9 ], "texture": "#texture" }
    }
},
{
    "from": [ 1.5, 7, 14.5 ],
    "to": [ 2.5, 9, 15.5 ],
    "faces": {
        "down":  { "uv": [ 3, 9.5, 2, 8.5 ], "texture": "#texture" },
        "up":    { "uv": [ 2, 8.5, 3, 9.5 ], "texture": "#texture" },
        "north": { "uv": [ 13.5, 7, 14.5, 9 ], "texture": "#texture" },
        "south": { "uv": [ 1.5, 7, 2.5, 9 ], "texture": "#texture" },
        "west":  { "uv": [ 14, 7, 14.5, 9 ], "texture": "#texture" },
        "east":  { "uv": [ 1.5, 7, 2, 9 ], "texture": "#texture" }
    }
},
{
    "from": [ 2.5, 9, 14.5 ],
    "to": [ 3.5, 10, 15.5 ],
    "faces": {
        "down":  { "uv": [ 3, 9.5, 2, 8.5 ], "texture": "#texture" },
        "up":    { "uv": [ 2, 8.5, 3, 9.5 ], "texture": "#texture" },
        "north": { "uv": [ 12.5, 6, 13.5, 7 ], "texture": "#texture" },
        "south": { "uv": [ 2.5, 6, 3.5, 7 ], "texture": "#texture" },
        "west":  { "uv": [ 14, 7, 14.5, 8 ], "texture": "#texture" },
        "east":  { "uv": [ 1.5, 8, 2.5, 9 ], "texture": "#texture" }
    }
},
{
    "from": [ 2, 10, 14.5 ],
    "to": [ 3, 10.5, 15.5 ],
    "faces": {
        "down":  { "uv": [ 14.5, 9, 14, 8 ], "texture": "#texture" },
        "up":    { "uv": [ 2, 8.5, 3, 9.5 ], "texture": "#texture" },
        "north": { "uv": [ 13, 5.5, 14, 6 ], "texture": "#texture" },
        "south": { "uv": [ 2, 5.5, 3, 6 ], "texture": "#texture" },
        "west":  { "uv": [ 13.5, 8.5, 14.5, 9 ], "texture": "#texture" },
        "east":  { "uv": [ 2, 9, 3, 9.5 ], "texture": "#texture" }
    }
},
{
    "from": [ 2, 10, 14.5 ],
    "to": [ 2.5, 11, 15.5 ],
    "faces": {
        "down":  { "uv": [ 14, 9, 13.5, 8.5 ], "texture": "#texture" },
        "up":    { "uv": [ 2.5, 9, 3, 9.5 ], "texture": "#texture" },
        "north": { "uv": [ 13.5, 5, 14, 6 ], "texture": "#texture" },
        "south": { "uv": [ 2, 5, 2.5, 6 ], "texture": "#texture" },
        "west":  { "uv": [ 14, 7, 14.5, 8 ], "texture": "#texture" },
        "east":  { "uv": [ 2, 5, 2.5, 6 ], "texture": "#texture" }
    }
},
{
    "from": [ 3, 5.5, 14.5 ],
    "to": [ 3.5, 6, 15.5 ],
    "faces": {
        "down":  { "uv": [ 13, 10.5, 12.5, 9.5 ], "texture": "#texture" },
        "up":    { "uv": [ 3, 9.5, 3.5, 10.5 ], "texture": "#texture" },
        "north": { "uv": [ 12.5, 10, 13, 10.5 ], "texture": "#texture" },
        "south": { "uv": [ 3, 10, 3.5, 10.5 ], "texture": "#texture" },
        "west":  { "uv": [ 2.5, 9.5, 3.5, 10 ], "texture": "#texture" },
        "east":  { "uv": [ 2.5, 9.5, 3.5, 10 ], "texture": "#texture" }
    }
},
{
    "from": [ 12.5, 6, 14.5 ],
    "to": [ 13.5, 8, 15.5 ],
    "faces": {
        "down":  { "uv": [ 3, 9.5, 2, 8.5 ], "texture": "#texture" },
        "up":    { "uv": [ 2, 8.5, 3, 9.5 ], "texture": "#texture" },
        "north": { "uv": [ 2.5, 8, 3.5, 10 ], "texture": "#texture" },
        "south": { "uv": [ 12.5, 8, 13.5, 10 ], "texture": "#texture" },
        "west":  { "uv": [ 14, 7, 14.5, 8.5 ], "texture": "#texture" },
        "east":  { "uv": [ 1.5, 8, 2.5, 9 ], "texture": "#texture" }
    }
},
{
    "from": [ 12.5, 5.5, 14.5 ],
    "to": [ 13, 6, 15.5 ],
    "faces": {
        "down":  { "uv": [ 3.5, 10.5, 3, 9.5 ], "texture": "#texture" },
        "up":    { "uv": [ 12.5, 9.5, 13, 10.5 ], "texture": "#texture" },
        "north": { "uv": [ 3, 10, 3.5, 10.5 ], "texture": "#texture" },
        "south": { "uv": [ 12.5, 10, 13, 10.5 ], "texture": "#texture" },
        "west":  { "uv": [ 12.5, 9.5, 13.5, 10 ], "texture": "#texture" },
        "east":  { "uv": [ 2.5, 9, 3.5, 9.5 ], "texture": "#texture" }
    }
},
{
    "from": [ 13, 6.5, 14.5 ],
    "to": [ 14, 8.5, 15.5 ],
    "faces": {
        "down":  { "uv": [ 3, 9.5, 2, 8.5 ], "texture": "#texture" },
        "up":    { "uv": [ 2, 8.5, 3, 9.5 ], "texture": "#texture" },
        "north": { "uv": [ 2, 7, 3, 9 ], "texture": "#texture" },
        "south": { "uv": [ 13, 7.5, 14, 9.5 ], "texture": "#texture" },
        "west":  { "uv": [ 14, 7, 14.5, 9 ], "texture": "#texture" },
        "east":  { "uv": [ 1.5, 7, 2, 9 ], "texture": "#texture" }
    }
},
{
    "from": [ 13.5, 7, 14.5 ],
    "to": [ 14.5, 9, 15.5 ],
    "faces": {
        "down":  { "uv": [ 3, 9.5, 2, 8.5 ], "texture": "#texture" },
        "up":    { "uv": [ 2, 8.5, 3, 9.5 ], "texture": "#texture" },
        "north": { "uv": [ 1.5, 7, 2.5, 9 ], "texture": "#texture" },
        "south": { "uv": [ 13.5, 7, 14.5, 9 ], "texture": "#texture" },
        "west":  { "uv": [ 14, 7, 14.5, 9 ], "texture": "#texture" },
        "east":  { "uv": [ 1.5, 7, 2, 9 ], "texture": "#texture" }
    }
},
{
    "from": [ 13, 8.5, 14.5 ],
    "to": [ 14, 9.5, 15.5 ],
    "faces": {
        "down":  { "uv": [ 3, 9.5, 2, 8.5 ], "texture": "#texture" },
        "up":    { "uv": [ 2, 8.5, 3, 9.5 ], "texture": "#texture" },
        "north": { "uv": [ 2, 6.5, 3, 7.5 ], "texture": "#texture" },
        "south": { "uv": [ 13, 6.5, 14, 7.5 ], "texture": "#texture" },
        "west":  { "uv": [ 2, 8.5, 3, 9.5 ], "texture": "#texture" },
        "east":  { "uv": [ 2, 8.5, 3, 9.5 ], "texture": "#texture" }
    }
},
{
    "from": [ 12.5, 9, 14.5 ],
    "to": [ 13.5, 10, 15.5 ],
    "faces": {
        "down":  { "uv": [ 3, 9.5, 2, 8.5 ], "texture": "#texture" },
        "up":    { "uv": [ 1.5, 8, 2.5, 9 ], "texture": "#texture" },
        "north": { "uv": [ 1.5, 8, 2.5, 9 ], "texture": "#texture" },
        "south": { "uv": [ 12.5, 6, 13.5, 7 ], "texture": "#texture" },
        "west":  { "uv": [ 1.5, 8, 2.5, 9 ], "texture": "#texture" },
        "east":  { "uv": [ 1.5, 8, 2.5, 9 ], "texture": "#texture" }
    }
},
{
    "from": [ 13, 10, 14.5 ],
    "to": [ 14, 10.5, 15.5 ],
    "faces": {
        "down":  { "uv": [ 2.5, 9, 1.5, 8 ], "texture": "#texture" },
        "up":    { "uv": [ 2, 8.5, 3, 9.5 ], "texture": "#texture" },
        "north": { "uv": [ 2, 5.5, 3, 6 ], "texture": "#texture" },
        "south": { "uv": [ 13, 5.5, 14, 6 ], "texture": "#texture" },
        "west":  { "uv": [ 1.5, 8.5, 2.5, 9 ], "texture": "#texture" },
        "east":  { "uv": [ 1.5, 8.5, 2.5, 9 ], "texture": "#texture" }
    }
},
{
    "from": [ 13.5, 10.5, 14.5 ],
    "to": [ 14, 11, 15.5 ],
    "faces": {
        "down":  { "uv": [ 3, 9.5, 2.5, 8.5 ], "texture": "#texture" },
        "up":    { "uv": [ 14, 7.5, 14.5, 8.5 ], "texture": "#texture" },
        "north": { "uv": [ 2, 5, 2.5, 5.5 ], "texture": "#texture" },
        "south": { "uv": [ 13.5, 5, 14, 5.5 ], "texture": "#texture" },
        "west":  { "uv": [ 13, 9, 14, 9.5 ], "texture": "#texture" },
        "east":  { "uv": [ 1.5, 8.5, 2.5, 9 ], "texture": "#texture" }
    }
},
{
    "from": [ 11, 6, 8 ],
    "to": [ 12, 7, 14 ],
    "faces": {
        "down":  { "uv": [ 4, 14, 3.5, 12.5 ], "texture": "#texture" },
        "up":    { "uv": [ 12, 12.5, 12.5, 14 ], "texture": "#texture" },
        "north": { "uv": [ 3.5, 13, 4, 14 ], "texture": "#texture" },
        "south": { "uv": [ 12, 12.5, 12.5, 13 ], "texture": "#texture" },
        "west":  { "uv": [ 12, 13, 12.5, 14 ], "texture": "#texture" },
        "east":  { "uv": [ 3.5, 13, 4, 14 ], "texture": "#texture" }
    }
},
{
    "from": [ 11, 3, 8 ],
    "to": [ 12, 4, 14.5 ],
    "faces": {
        "down":  { "uv": [ 4, 14, 3.5, 12.5 ], "texture": "#texture" },
        "up":    { "uv": [ 12, 12.5, 12.5, 14 ], "texture": "#texture" },
        "north": { "uv": [ 3.5, 12.5, 4, 13.5 ], "texture": "#texture" },
        "south": { "uv": [ 12, 12.5, 12.5, 13 ], "texture": "#texture" },
        "west":  { "uv": [ 3.5, 12.5, 4, 14 ], "texture": "#texture" },
        "east":  { "uv": [ 3.5, 12.5, 4, 14 ], "texture": "#texture" }
    }
},
{
    "from": [ 4, 6, 8 ],
    "to": [ 5, 7, 14 ],
    "faces": {
        "down":  { "uv": [ 12.5, 13.5, 12, 12.5 ], "texture": "#texture" },
        "up":    { "uv": [ 3.5, 12.5, 4, 14 ], "texture": "#texture" },
        "north": { "uv": [ 12, 12.5, 12.5, 13.5 ], "texture": "#texture" },
        "south": { "uv": [ 3.5, 12.5, 4, 13.5 ], "texture": "#texture" },
        "west":  { "uv": [ 12, 13, 12.5, 14 ], "texture": "#texture" },
        "east":  { "uv": [ 3.5, 12.5, 4, 13.5 ], "texture": "#texture" }
    }
},
{
    "from": [ 4, 3, 8 ],
    "to": [ 5, 4, 14 ],
    "faces": {
        "down":  { "uv": [ 12.5, 14, 12, 12.5 ], "texture": "#texture" },
        "up":    { "uv": [ 3.5, 12.5, 4, 14 ], "texture": "#texture" },
        "north": { "uv": [ 12, 12.5, 12.5, 13.5 ], "texture": "#texture" },
        "south": { "uv": [ 3.5, 12.5, 4, 13.5 ], "texture": "#texture" },
        "west":  { "uv": [ 12, 12.5, 12.5, 13.5 ], "texture": "#texture" },
        "east":  { "uv": [ 3.5, 13, 4, 13.5 ], "texture": "#texture" }
    }
},
{
    "from": [ 4.5, 6, 7.5 ],
    "to": [ 11.5, 7, 8.5 ],
    "faces": {
        "down":  { "uv": [ 12.5, 14, 12, 13 ], "texture": "#texture" },
        "up":    { "uv": [ 3.5, 12.5, 4, 13.5 ], "texture": "#texture" },
        "north": { "uv": [ 3.5, 12.5, 4, 14 ], "texture": "#texture" },
        "south": { "uv": [ 3.5, 13, 4, 13.5 ], "texture": "#texture" },
        "west":  { "uv": [ 3.5, 13, 4, 14 ], "texture": "#texture" },
        "east":  { "uv": [ 3.5, 13, 4, 13.5 ], "texture": "#texture" }
    }
},
{
    "from": [ 4.5, 3, 7.5 ],
    "to": [ 11.5, 4, 8.5 ],
    "faces": {
        "down":  { "uv": [ 12.5, 14, 12, 13 ], "texture": "#texture" },
        "up":    { "uv": [ 3.5, 12.5, 4, 13.5 ], "texture": "#texture" },
        "north": { "uv": [ 3.5, 12.5, 4, 13.5 ], "texture": "#texture" },
        "south": { "uv": [ 3.5, 12.5, 4, 14 ], "texture": "#texture" },
        "west":  { "uv": [ 3.5, 12.5, 4, 13.5 ], "texture": "#texture" },
        "east":  { "uv": [ 3.5, 13.5, 4, 14 ], "texture": "#texture" }
    }
},
{
    "from": [ 5, 6, 16 ],
    "to": [ 11, 9, 16.5 ],
    "faces": {
        "down":  { "uv": [ 12, 7.5, 4, 8 ], "texture": "#texture" },
        "up":    { "uv": [ 4, 8, 12, 8.5 ], "texture": "#texture" },
        "north": { "uv": [ 5, 7.5, 11, 10 ], "texture": "#texture" },
        "south": { "uv": [ 5, 7.5, 11, 10 ], "texture": "#texture" },
        "west":  { "uv": [ 9.5, 7.5, 10, 10 ], "texture": "#texture" },
        "east":  { "uv": [ 4.5, 7, 5, 9.5 ], "texture": "#texture" }
    }
},
{
    "from": [ 6, 5.5, 16 ],
    "to": [ 10, 6, 16.5 ],
    "faces": {
        "down":  { "uv": [ 10, 10, 6, 10.5 ], "texture": "#texture" },
        "up":    { "uv": [ 6, 10, 10, 10.5 ], "texture": "#texture" },
        "north": { "uv": [ 6, 10, 10, 10.5 ], "texture": "#texture" },
        "south": { "uv": [ 6, 10, 10, 10.5 ], "texture": "#texture" },
        "west":  { "uv": [ 8, 10, 8.5, 10.5 ], "texture": "#texture" },
        "east":  { "uv": [ 8, 10, 8.5, 10.5 ], "texture": "#texture" }
    }
},
{
    "from": [ 6.5, 5, 16 ],
    "to": [ 9.5, 5.5, 16.5 ],
    "faces": {
        "down":  { "uv": [ 9.5, 7, 6.5, 7.5 ], "texture": "#texture" },
        "up":    { "uv": [ 6.5, 8, 9.5, 8.5 ], "texture": "#texture" },
        "north": { "uv": [ 6.5, 10.5, 9.5, 11 ], "texture": "#texture" },
        "south": { "uv": [ 6.5, 10.5, 9.5, 11 ], "texture": "#texture" },
        "west":  { "uv": [ 8, 10.5, 8.5, 11 ], "texture": "#texture" },
        "east":  { "uv": [ 7.5, 10, 8, 10.5 ], "texture": "#texture" }
    }
},
{
    "from": [ 7, 4.5, 16 ],
    "to": [ 9, 5, 16.5 ],
    "faces": {
        "down":  { "uv": [ 9, 11, 7, 11.5 ], "texture": "#texture" },
        "up":    { "uv": [ 7, 11, 9, 11.5 ], "texture": "#texture" },
        "north": { "uv": [ 7, 11, 9, 11.5 ], "texture": "#texture" },
        "south": { "uv": [ 7, 11, 9, 11.5 ], "texture": "#texture" },
        "west":  { "uv": [ 7.5, 11, 8, 11.5 ], "texture": "#texture" },
        "east":  { "uv": [ 7.5, 11, 8, 11.5 ], "texture": "#texture" }
    }
},
{
    "from": [ 7, 4, 16 ],
    "to": [ 9, 4.5, 16.5 ],
    "faces": {
        "down":  { "uv": [ 9, 16, 7, 16 ], "texture": "#texture" },
        "up":    { "uv": [ 7, 10, 9, 10.5 ], "texture": "#texture" },
        "north": { "uv": [ 7, 11.5, 9, 12 ], "texture": "#texture" },
        "south": { "uv": [ 7, 11.5, 9, 12 ], "texture": "#texture" },
        "west":  { "uv": [ 8, 11.5, 8.5, 12 ], "texture": "#texture" },
        "east":  { "uv": [ 7, 11.5, 7.5, 12 ], "texture": "#texture" }
    }
},
{
    "from": [ 6.5, 3.5, 16 ],
    "to": [ 9.5, 4, 16.5 ],
    "faces": {
        "down":  { "uv": [ 9.5, 12, 6.5, 12.5 ], "texture": "#texture" },
        "up":    { "uv": [ 6.5, 12, 9.5, 12.5 ], "texture": "#texture" },
        "north": { "uv": [ 6.5, 12, 9.5, 12.5 ], "texture": "#texture" },
        "south": { "uv": [ 6.5, 12, 9.5, 12.5 ], "texture": "#texture" },
        "west":  { "uv": [ 8, 12, 8.5, 12.5 ], "texture": "#texture" },
        "east":  { "uv": [ 8, 12, 8.5, 12.5 ], "texture": "#texture" }
    }
},
{
    "from": [ 6.5, 3, 16 ],
    "to": [ 7, 3.5, 16.5 ],
    "faces": {
        "down":  { "uv": [ 9.5, 12.5, 9, 13 ], "texture": "#texture" },
        "up":    { "uv": [ 6.5, 12.5, 7, 13 ], "texture": "#texture" },
        "north": { "uv": [ 9, 12.5, 9.5, 13 ], "texture": "#texture" },
        "south": { "uv": [ 6.5, 12.5, 7, 13 ], "texture": "#texture" },
        "west":  { "uv": [ 8, 12.5, 8.5, 13 ], "texture": "#texture" },
        "east":  { "uv": [ 8, 12.5, 8.5, 13 ], "texture": "#texture" }
    }
},
{
    "from": [ 7.5, 3, 16 ],
    "to": [ 8.5, 3.5, 16.5 ],
    "faces": {
        "down":  { "uv": [ 8.5, 12.5, 7.5, 13 ], "texture": "#texture" },
        "up":    { "uv": [ 7.5, 12.5, 8.5, 13 ], "texture": "#texture" },
        "north": { "uv": [ 7.5, 12.5, 8.5, 13 ], "texture": "#texture" },
        "south": { "uv": [ 7.5, 12.5, 8.5, 13 ], "texture": "#texture" },
        "west":  { "uv": [ 7.5, 12.5, 8, 13 ], "texture": "#texture" },
        "east":  { "uv": [ 7.5, 12.5, 8, 13 ], "texture": "#texture" }
    }
},
{
    "from": [ 5.5, 3, 16 ],
    "to": [ 6, 4, 16.5 ],
    "faces": {
        "down":  { "uv": [ 10.5, 12.5, 10, 13 ], "texture": "#texture" },
        "up":    { "uv": [ 5.5, 12.5, 6, 13 ], "texture": "#texture" },
        "north": { "uv": [ 10, 12, 10.5, 13 ], "texture": "#texture" },
        "south": { "uv": [ 5.5, 12, 6, 13 ], "texture": "#texture" },
        "west":  { "uv": [ 5.5, 12, 6, 13 ], "texture": "#texture" },
        "east":  { "uv": [ 5.5, 12, 6, 13 ], "texture": "#texture" }
    }
},
{
    "from": [ 5, 3.5, 16 ],
    "to": [ 5.5, 4, 16.5 ],
    "faces": {
        "down":  { "uv": [ 11, 12, 10.5, 12.5 ], "texture": "#texture" },
        "up":    { "uv": [ 5, 12, 5.5, 12.5 ], "texture": "#texture" },
        "north": { "uv": [ 10.5, 12, 11, 12.5 ], "texture": "#texture" },
        "south": { "uv": [ 5, 12, 5.5, 12.5 ], "texture": "#texture" },
        "west":  { "uv": [ 5, 12, 5.5, 12.5 ], "texture": "#texture" },
        "east":  { "uv": [ 5, 12, 5.5, 12.5 ], "texture": "#texture" }
    }
},
{
    "from": [ 4, 3.5, 16 ],
    "to": [ 4.5, 5.5, 16.0625 ],
    "faces": {
        "down":  { "uv": [ 12, 11.5, 11.5, 12 ], "texture": "#texture" },
        "up":    { "uv": [ 4, 11.5, 4.5, 12 ], "texture": "#texture" },
        "north": { "uv": [ 11.5, 10.5, 12, 12.5 ], "texture": "#texture" },
        "south": { "uv": [ 4, 10.5, 4.5, 12.5 ], "texture": "#texture" },
        "west":  { "uv": [ 4, 10.5, 4.5, 12.5 ], "texture": "#texture" },
        "east":  { "uv": [ 4, 10.5, 4.5, 12.5 ], "texture": "#texture" }
    }
},
{
    "from": [ 4.5, 4, 16 ],
    "to": [ 5, 5, 16.5 ],
    "faces": {
        "down":  { "uv": [ 11.5, 11.5, 11, 12 ], "texture": "#texture" },
        "up":    { "uv": [ 4.5, 11.5, 5, 12 ], "texture": "#texture" },
        "north": { "uv": [ 11, 11, 11.5, 12 ], "texture": "#texture" },
        "south": { "uv": [ 4.5, 11, 5, 12 ], "texture": "#texture" },
        "west":  { "uv": [ 4.5, 11, 5, 12 ], "texture": "#texture" },
        "east":  { "uv": [ 4.5, 11, 5, 12 ], "texture": "#texture" }
    }
},
{
    "from": [ 4, 3.5, 16 ],
    "to": [ 4.5, 5.5, 16.5 ],
    "faces": {
        "down":  { "uv": [ 12, 12, 11.5, 12.5 ], "texture": "#texture" },
        "up":    { "uv": [ 4, 10.5, 4.5, 11 ], "texture": "#texture" },
        "north": { "uv": [ 11.5, 10.5, 12, 12.5 ], "texture": "#texture" },
        "south": { "uv": [ 4, 10.5, 4.5, 12.5 ], "texture": "#texture" },
        "west":  { "uv": [ 4, 10.5, 4.5, 12.5 ], "texture": "#texture" },
        "east":  { "uv": [ 4, 10.5, 4.5, 12.5 ], "texture": "#texture" }
    }
},
{
    "from": [ 9, 3, 15.5 ],
    "to": [ 9.5, 4, 16.5 ],
    "faces": {
        "down":  { "uv": [ 7, 16, 6.5, 15.5 ], "texture": "#texture" },
        "up":    { "uv": [ 9, 15.5, 9.5, 16 ], "texture": "#texture" },
        "north": { "uv": [ 6.5, 12, 7, 13 ], "texture": "#texture" },
        "south": { "uv": [ 9, 12, 9.5, 13 ], "texture": "#texture" },
        "west":  { "uv": [ 9, 12, 9.5, 13 ], "texture": "#texture" },
        "east":  { "uv": [ 9, 12, 9.5, 13 ], "texture": "#texture" }
    }
},
{
    "from": [ 10.5, 3.5, 16 ],
    "to": [ 11, 4, 16.5 ],
    "faces": {
        "down":  { "uv": [ 5.5, 12, 5, 12.5 ], "texture": "#texture" },
        "up":    { "uv": [ 10.5, 12, 11, 12.5 ], "texture": "#texture" },
        "north": { "uv": [ 5, 12, 5.5, 12.5 ], "texture": "#texture" },
        "south": { "uv": [ 10.5, 12, 11, 12.5 ], "texture": "#texture" },
        "west":  { "uv": [ 10.5, 12, 11, 12.5 ], "texture": "#texture" },
        "east":  { "uv": [ 10.5, 12, 11, 12.5 ], "texture": "#texture" }
    }
},
{
    "from": [ 10, 3, 16 ],
    "to": [ 10.5, 4, 16.5 ],
    "faces": {
        "down":  { "uv": [ 6, 12.5, 5.5, 13 ], "texture": "#texture" },
        "up":    { "uv": [ 10, 12, 10.5, 12.5 ], "texture": "#texture" },
        "north": { "uv": [ 5.5, 12, 6, 13 ], "texture": "#texture" },
        "south": { "uv": [ 10, 12, 10.5, 13 ], "texture": "#texture" },
        "west":  { "uv": [ 10, 12, 10.5, 13 ], "texture": "#texture" },
        "east":  { "uv": [ 10, 12, 10.5, 13 ], "texture": "#texture" }
    }
},
{
    "from": [ 11, 4, 16 ],
    "to": [ 11.5, 5, 16.5 ],
    "faces": {
        "down":  { "uv": [ 5, 11.5, 4.5, 12 ], "texture": "#texture" },
        "up":    { "uv": [ 11, 11, 11.5, 11.5 ], "texture": "#texture" },
        "north": { "uv": [ 4.5, 11, 5, 12 ], "texture": "#texture" },
        "south": { "uv": [ 11, 11, 11.5, 12 ], "texture": "#texture" },
        "west":  { "uv": [ 11, 11, 11.5, 12 ], "texture": "#texture" },
        "east":  { "uv": [ 11, 11, 11.5, 12 ], "texture": "#texture" }
    }
},
{
    "from": [ 11.5, 3.5, 16 ],
    "to": [ 12, 5.5, 16.5 ],
    "faces": {
        "down":  { "uv": [ 4.5, 12, 4, 12.5 ], "texture": "#texture" },
        "up":    { "uv": [ 11.5, 11.5, 12, 12 ], "texture": "#texture" },
        "north": { "uv": [ 4, 11, 4.5, 12.5 ], "texture": "#texture" },
        "south": { "uv": [ 11.5, 11, 12, 12.5 ], "texture": "#texture" },
        "west":  { "uv": [ 4, 11, 4.5, 12.5 ], "texture": "#texture" },
        "east":  { "uv": [ 4, 11, 4.5, 12.5 ], "texture": "#texture" }
    }
},
{
    "from": [ 4.5, 1, 16 ],
    "to": [ 7, 1.5, 16.5 ],
    "faces": {
        "down":  { "uv": [ 6.5, 14.5, 4.5, 15 ], "texture": "#texture" },
        "up":    { "uv": [ 5.5, 14.5, 6, 15 ], "texture": "#texture" },
        "north": { "uv": [ 4.5, 14.5, 7, 15 ], "texture": "#texture" },
        "south": { "uv": [ 4.5, 14.5, 7, 15 ], "texture": "#texture" },
        "west":  { "uv": [ 5.5, 14.5, 6, 15 ], "texture": "#texture" },
        "east":  { "uv": [ 5.5, 14.5, 6, 15 ], "texture": "#texture" }
    }
},
{
    "from": [ 5, 1.5, 16 ],
    "to": [ 5.5, 2, 16.5 ],
    "faces": {
        "down":  { "uv": [ 11, 14.5, 10.5, 15 ], "texture": "#texture" },
        "up":    { "uv": [ 5, 14, 5.5, 14.5 ], "texture": "#texture" },
        "north": { "uv": [ 10.5, 14, 11, 14.5 ], "texture": "#texture" },
        "south": { "uv": [ 5, 14, 5.5, 14.5 ], "texture": "#texture" },
        "west":  { "uv": [ 5, 14, 5.5, 14.5 ], "texture": "#texture" },
        "east":  { "uv": [ 5, 14, 5.5, 14.5 ], "texture": "#texture" }
    }
},
{
    "from": [ 7.5, 1, 16 ],
    "to": [ 8.5, 1.5, 16.5 ],
    "faces": {
        "down":  { "uv": [ 8.5, 15, 7.5, 15.5 ], "texture": "#texture" },
        "up":    { "uv": [ 7.5, 14.5, 8.5, 15 ], "texture": "#texture" },
        "north": { "uv": [ 7.5, 14.5, 8.5, 15 ], "texture": "#texture" },
        "south": { "uv": [ 7.5, 14.5, 8.5, 15 ], "texture": "#texture" },
        "west":  { "uv": [ 16, 14.5, 16, 15 ], "texture": "#texture" },
        "east":  { "uv": [ 7.5, 14.5, 8, 15 ], "texture": "#texture" }
    }
},
{
    "from": [ 5.5, 0.5, 16 ],
    "to": [ 10.5, 1, 16.5 ],
    "faces": {
        "down":  { "uv": [ 10.5, 15, 5.5, 15.5 ], "texture": "#texture" },
        "up":    { "uv": [ 5.5, 15, 10.5, 15.5 ], "texture": "#texture" },
        "north": { "uv": [ 5.5, 15, 10.5, 15.5 ], "texture": "#texture" },
        "south": { "uv": [ 5.5, 15, 10.5, 15.5 ], "texture": "#texture" },
        "west":  { "uv": [ 6.5, 15, 7, 15.5 ], "texture": "#texture" },
        "east":  { "uv": [ 7, 15, 7.5, 15.5 ], "texture": "#texture" }
    }
},
{
    "from": [ 9, 1, 16 ],
    "to": [ 11.5, 1.5, 16.5 ],
    "faces": {
        "down":  { "uv": [ 7, 14.5, 4.5, 15 ], "texture": "#texture" },
        "up":    { "uv": [ 9, 14.5, 11.5, 15 ], "texture": "#texture" },
        "north": { "uv": [ 4.5, 14.5, 7, 15 ], "texture": "#texture" },
        "south": { "uv": [ 9, 14.5, 11.5, 15 ], "texture": "#texture" },
        "west":  { "uv": [ 9, 14.5, 9.5, 15 ], "texture": "#texture" },
        "east":  { "uv": [ 9.5, 14.5, 10, 15 ], "texture": "#texture" }
    }
},
{
    "from": [ 9.5, 1.5, 16 ],
    "to": [ 10, 2, 16.5 ],
    "faces": {
        "down":  { "uv": [ 6.5, 14, 6, 14.5 ], "texture": "#texture" },
        "up":    { "uv": [ 9.5, 14, 10, 14.5 ], "texture": "#texture" },
        "north": { "uv": [ 6, 14, 6.5, 14.5 ], "texture": "#texture" },
        "south": { "uv": [ 9.5, 14, 10, 14.5 ], "texture": "#texture" },
        "west":  { "uv": [ 9.5, 14, 10, 14.5 ], "texture": "#texture" },
        "east":  { "uv": [ 9.5, 14, 10, 14.5 ], "texture": "#texture" }
    }
},
{
    "from": [ 10.5, 1.5, 16 ],
    "to": [ 11, 2, 16.5 ],
    "faces": {
        "down":  { "uv": [ 5.5, 14, 5, 14.5 ], "texture": "#texture" },
        "up":    { "uv": [ 10.5, 14, 11, 14.5 ], "texture": "#texture" },
        "north": { "uv": [ 5, 14, 5.5, 14.5 ], "texture": "#texture" },
        "south": { "uv": [ 10.5, 14, 11, 14.5 ], "texture": "#texture" },
        "west":  { "uv": [ 10.5, 14, 11, 14.5 ], "texture": "#texture" },
        "east":  { "uv": [ 10.5, 14, 11, 14.5 ], "texture": "#texture" }
    }
},
{
    "from": [ 4.5, 9, 16 ],
    "to": [ 9.5, 9.5, 16.5 ],
    "faces": {
        "down":  { "uv": [ 9.5, 6.5, 4.5, 7 ], "texture": "#texture" },
        "up":    { "uv": [ 4.5, 6.5, 9.5, 7 ], "texture": "#texture" },
        "north": { "uv": [ 6.5, 6.5, 11.5, 7 ], "texture": "#texture" },
        "south": { "uv": [ 4.5, 6.5, 9.5, 7 ], "texture": "#texture" },
        "west":  { "uv": [ 4.5, 6.5, 5, 7 ], "texture": "#texture" },
        "east":  { "uv": [ 4.5, 6.5, 5, 7 ], "texture": "#texture" }
    }
},
{
    "from": [ 9.5, 9, 16 ],
    "to": [ 11.5, 9.5, 16.5 ],
    "faces": {
        "down":  { "uv": [ 11.5, 6.5, 10, 7 ], "texture": "#texture" },
        "up":    { "uv": [ 10, 6.5, 11.5, 7 ], "texture": "#texture" },
        "north": { "uv": [ 4.5, 6.5, 6, 7 ], "texture": "#texture" },
        "south": { "uv": [ 10, 6.5, 11.5, 7 ], "texture": "#texture" },
        "west":  { "uv": [ 11, 6.5, 11.5, 7 ], "texture": "#texture" },
        "east":  { "uv": [ 11, 6.5, 11.5, 7 ], "texture": "#texture" }
    }
},
{
    "from": [ 10.5, 9.5, 15.5 ],
    "to": [ 11.5, 10, 16 ],
    "faces": {
        "down":  { "uv": [ 11.5, 6, 10.5, 6.5 ], "texture": "#texture" },
        "up":    { "uv": [ 10.5, 6, 11.5, 6.5 ], "texture": "#texture" },
        "north": { "uv": [ 10.5, 6, 11.5, 6.5 ], "texture": "#texture" },
        "south": { "uv": [ 10.5, 6, 11.5, 6.5 ], "texture": "#texture" },
        "west":  { "uv": [ 8, 6, 8.5, 6.5 ], "texture": "#texture" },
        "east":  { "uv": [ 6.5, 6.5, 7, 7 ], "texture": "#texture" }
    }
},
{
    "from": [ 7.5, 10, 15.5 ],
    "to": [ 8.5, 10.5, 16 ],
    "faces": {
        "down":  { "uv": [ 8.5, 5.5, 7.5, 5 ], "texture": "#texture" },
        "up":    { "uv": [ 7.5, 5, 8.5, 5.5 ], "texture": "#texture" },
        "north": { "uv": [ 7.5, 5, 8.5, 6 ], "texture": "#texture" },
        "south": { "uv": [ 7.5, 5, 8.5, 6 ], "texture": "#texture" },
        "west":  { "uv": [ 8, 4.5, 8.5, 5.5 ], "texture": "#texture" },
        "east":  { "uv": [ 7.5, 5, 8, 6 ], "texture": "#texture" }
    }
},
{
    "from": [ 6, 1.5, 16 ],
    "to": [ 6.5, 2, 16.5 ],
    "faces": {
        "down":  { "uv": [ 10, 14, 9.5, 14.5 ], "texture": "#texture" },
        "up":    { "uv": [ 6, 14, 6.5, 14.5 ], "texture": "#texture" },
        "north": { "uv": [ 9.5, 14, 10, 14.5 ], "texture": "#texture" },
        "south": { "uv": [ 6, 14, 6.5, 14.5 ], "texture": "#texture" },
        "west":  { "uv": [ 6, 14, 6.5, 14.5 ], "texture": "#texture" },
        "east":  { "uv": [ 6, 14, 6.5, 14.5 ], "texture": "#texture" }
    }
},
{
    "from": [ 4, 7.5, 16 ],
    "to": [ 5, 9, 16.5 ],
    "faces": {
        "down":  { "uv": [ 12, 8, 11, 8.5 ], "texture": "#texture" },
        "up":    { "uv": [ 4, 8.5, 5, 9 ], "texture": "#texture" },
        "north": { "uv": [ 11, 7.5, 12, 9 ], "texture": "#texture" },
        "south": { "uv": [ 4, 7.5, 5, 9 ], "texture": "#texture" },
        "west":  { "uv": [ 11.5, 7.5, 12, 9 ], "texture": "#texture" },
        "east":  { "uv": [ 4, 7.5, 4.5, 9 ], "texture": "#texture" }
    }
},
{
    "from": [ 11, 7.5, 16 ],
    "to": [ 12, 9, 16.5 ],
    "faces": {
        "down":  { "uv": [ 5, 7.5, 4, 8 ], "texture": "#texture" },
        "up":    { "uv": [ 10.5, 8, 11.5, 8.5 ], "texture": "#texture" },
        "north": { "uv": [ 4, 7.5, 5, 9 ], "texture": "#texture" },
        "south": { "uv": [ 11, 7.5, 12, 9 ], "texture": "#texture" },
        "west":  { "uv": [ 16, 7, 16, 8.5 ], "texture": "#texture" },
        "east":  { "uv": [ 5, 7, 5.5, 8.5 ], "texture": "#texture" }
    }
},
{
    "from": [ 5, 6, 16 ],
    "to": [ 6, 7, 16.5 ],
    "faces": {
        "down":  { "uv": [ 11, 16, 10, 16 ], "texture": "#texture" },
        "up":    { "uv": [ 5, 16, 6, 16 ], "texture": "#texture" },
        "north": { "uv": [ 10, 9, 11, 10 ], "texture": "#texture" },
        "south": { "uv": [ 5, 9, 6, 10 ], "texture": "#texture" },
        "west":  { "uv": [ 16, 9, 16, 10 ], "texture": "#texture" },
        "east":  { "uv": [ 0, 9, 0, 10 ], "texture": "#texture" }
    }
},
{
    "from": [ 10.5, 7, 16 ],
    "to": [ 11.5, 8, 16.5 ],
    "faces": {
        "down":  { "uv": [ 5.5, 9, 4.5, 9.5 ], "texture": "#texture" },
        "up":    { "uv": [ 10.5, 9, 11.5, 9.5 ], "texture": "#texture" },
        "north": { "uv": [ 4.5, 8.5, 5.5, 9.5 ], "texture": "#texture" },
        "south": { "uv": [ 10.5, 8.5, 11.5, 9.5 ], "texture": "#texture" },
        "west":  { "uv": [ 8, 8.5, 8.5, 9.5 ], "texture": "#texture" },
        "east":  { "uv": [ 4.5, 9.5, 5, 8.5 ], "texture": "#texture" }
    }
},
{
    "from": [ 4.5, 7, 16 ],
    "to": [ 5.5, 8, 16.5 ],
    "faces": {
        "down":  { "uv": [ 11.5, 9, 10.5, 9.5 ], "texture": "#texture" },
        "up":    { "uv": [ 4.5, 9, 5.5, 9.5 ], "texture": "#texture" },
        "north": { "uv": [ 10.5, 8, 11.5, 9 ], "texture": "#texture" },
        "south": { "uv": [ 4.5, 8, 5.5, 9 ], "texture": "#texture" },
        "west":  { "uv": [ 5, 8, 5.5, 9 ], "texture": "#texture" },
        "east":  { "uv": [ 5, 8, 5.5, 9 ], "texture": "#texture" }
    }
}
],
"display": {
    "head": {
        "rotation": [ 0, 180, 0 ],
        "translation": [ 0, 3.2, 3.4 ],
        "scale": [ 2.14, 2.2, 2.27 ]
    },
    "gui": {
        "rotation": [ -30, 135, 0 ],
        "translation": [ 0, 0.7, 0.1 ],
        "scale": [ 1.48, 1.45, 1.35 ]
    }
}
}