{
"__comment": "Designed by Hypixel minecraft server with BDcraft Cubik PRO 0.87 Beta - http://bdcraft.net",
"textures": {
    "particle": "items/NecroForce",
    "texture_bottom": "items/NecroStaff2",
    "texture_top": "items/NecroStaff"
},
"elements": [ 
{
    "from": [ 7, 6, 7.5 ],
    "to": [ 9, 12, 8.5 ],
    "faces": {
        "north": { "uv": [ 4, 2.5, 6, 8.5 ], "texture": "#texture_bottom" },
        "south": { "uv": [ 6, 2.5, 4, 8.5 ], "texture": "#texture_bottom" },
        "west":  { "uv": [ 4.5, 2.5, 5.5, 8.5 ], "texture": "#texture_bottom" },
        "east":  { "uv": [ 5.5, 2.5, 4.5, 8.5 ], "texture": "#texture_bottom" }
    }
},
{
    "from": [ 7.5, 6, 7 ],
    "to": [ 8.5, 12, 9 ],
    "faces": {
        "north": { "uv": [ 4.5, 2.5, 5.5, 8.5 ], "texture": "#texture_bottom" },
        "south": { "uv": [ 5.5, 2.5, 4.5, 8.5 ], "texture": "#texture_bottom" },
        "west":  { "uv": [ 4, 2.5, 6, 8.5 ], "texture": "#texture_bottom" },
        "east":  { "uv": [ 6, 2.5, 4, 8.5 ], "texture": "#texture_bottom" }
    }
},
{
    "from": [ 7.5, 9.5, 6.5 ],
    "to": [ 8.5, 10, 9.5 ],
    "faces": {
        "down":  { "uv": [ 4, 5, 3.5, 4.5 ], "rotation": 270, "texture": "#texture_bottom" },
        "north": { "uv": [ 3.5, 4.5, 4, 5 ], "texture": "#texture_bottom" },
        "south": { "uv": [ 6, 4.5, 6.5, 5 ], "texture": "#texture_bottom" },
        "west":  { "uv": [ 3.5, 4.5, 6.5, 5 ], "texture": "#texture_bottom" },
        "east":  { "uv": [ 3.5, 4.5, 6.5, 5 ], "texture": "#texture_bottom" }
    }
},
{
    "from": [ 7, 10, 6.5 ],
    "to": [ 9, 11.5, 9.5 ],
    "faces": {
        "down":  { "uv": [ 4, 4.5, 3.5, 4 ], "rotation": 270, "texture": "#texture_bottom" },
        "up":    { "uv": [ 4, 3.5, 6, 4 ], "rotation": 180, "texture": "#texture_bottom" },
        "north": { "uv": [ 3.5, 3, 4, 4.5 ], "texture": "#texture_bottom" },
        "south": { "uv": [ 3.5, 3, 4, 4.5 ], "texture": "#texture_bottom" },
        "west":  { "uv": [ 3.5, 3, 6.5, 4.5 ], "texture": "#texture_bottom" },
        "east":  { "uv": [ 3.5, 3, 6.5, 4.5 ], "texture": "#texture_bottom" }
    }
},
{
    "from": [ 7.5, 10, 6 ],
    "to": [ 8.5, 10.5, 10 ],
    "faces": {
        "down":  { "uv": [ 3.5, 4.5, 3, 4 ], "rotation": 270, "texture": "#texture_bottom" },
        "up":    { "uv": [ 3, 4, 3.5, 4.5 ], "rotation": 90, "texture": "#texture_bottom" },
        "north": { "uv": [ 3, 4, 3.5, 4.5 ], "texture": "#texture_bottom" },
        "south": { "uv": [ 3, 4, 3.5, 4.5 ], "texture": "#texture_bottom" },
        "west":  { "uv": [ 3, 4, 7, 4.5 ], "texture": "#texture_bottom" },
        "east":  { "uv": [ 3, 4, 7, 4.5 ], "texture": "#texture_bottom" }
    }
},
{
    "from": [ 7, 10.5, 6 ],
    "to": [ 9, 12, 6.5 ],
    "faces": {
        "down":  { "uv": [ 3.5, 4, 3, 3.5 ], "rotation": 270, "texture": "#texture_bottom" },
        "up":    { "uv": [ 4, 6.5, 6, 7 ], "rotation": 180, "texture": "#texture_bottom" },
        "north": { "uv": [ 3, 2.5, 3.5, 4 ], "texture": "#texture_bottom" },
        "south": { "uv": [ 6.5, 2.5, 7, 4 ], "texture": "#texture_bottom" },
        "west":  { "uv": [ 3, 2.5, 3.5, 4 ], "texture": "#texture_bottom" },
        "east":  { "uv": [ 6.5, 2.5, 7, 4 ], "texture": "#texture_bottom" }
    }
},
{
    "from": [ 7.5, 10.5, 5.5 ],
    "to": [ 8.5, 12.5, 6 ],
    "faces": {
        "down":  { "uv": [ 3, 4, 2.5, 3.5 ], "rotation": 270, "texture": "#texture_bottom" },
        "up":    { "uv": [ 2.5, 2, 3, 2.5 ], "rotation": 90, "texture": "#texture_bottom" },
        "north": { "uv": [ 2.5, 2, 3, 4 ], "texture": "#texture_bottom" },
        "south": { "uv": [ 7, 2, 7.5, 4 ], "texture": "#texture_bottom" },
        "west":  { "uv": [ 2.5, 2, 3, 4 ], "texture": "#texture_bottom" },
        "east":  { "uv": [ 7, 2, 7.5, 4 ], "texture": "#texture_bottom" }
    }
},
{
    "from": [ 7.75, 11.5, 5 ],
    "to": [ 8.25, 13.5, 5.5 ],
    "faces": {
        "down":  { "uv": [ 2.5, 3, 2, 2.5 ], "rotation": 270, "texture": "#texture_bottom" },
        "up":    { "uv": [ 2, 1, 2.5, 1.5 ], "rotation": 90, "texture": "#texture_bottom" },
        "north": { "uv": [ 7.5, 1, 8, 3 ], "texture": "#texture_bottom" },
        "south": { "uv": [ 2, 1, 2.5, 3 ], "texture": "#texture_bottom" },
        "west":  { "uv": [ 2, 1, 2.5, 3 ], "texture": "#texture_bottom" },
        "east":  { "uv": [ 7.5, 1, 8, 3 ], "texture": "#texture_bottom" }
    }
},
{
    "from": [ 7.75, 13, 4.5 ],
    "to": [ 8.25, 14, 5 ],
    "faces": {
        "down":  { "uv": [ 1.5, 1, 2, 1.5 ], "rotation": 270, "texture": "#texture_bottom" },
        "up":    { "uv": [ 1.5, 0.5, 2, 1 ], "rotation": 90, "texture": "#texture_bottom" },
        "north": { "uv": [ 1.5, 0.5, 2, 1.5 ], "texture": "#texture_bottom" },
        "south": { "uv": [ 8, 0.5, 8.5, 1.5 ], "texture": "#texture_bottom" },
        "west":  { "uv": [ 1.5, 0.5, 2, 1.5 ], "texture": "#texture_bottom" },
        "east":  { "uv": [ 8, 0.5, 8.5, 1.5 ], "texture": "#texture_bottom" }
    }
},
{
    "from": [ 7, 9.5, 7 ],
    "to": [ 9, 10, 9 ],
    "faces": {
        "down":  { "uv": [ 6, 4.5, 5.5, 4 ], "rotation": 270, "texture": "#texture_bottom" },
        "north": { "uv": [ 4, 4.5, 6, 5 ], "texture": "#texture_bottom" },
        "south": { "uv": [ 4, 4.5, 6, 5 ], "texture": "#texture_bottom" },
        "west":  { "uv": [ 4, 4.5, 6, 5 ], "texture": "#texture_bottom" },
        "east":  { "uv": [ 4, 4.5, 6, 5 ], "texture": "#texture_bottom" }
    }
},
{
    "from": [ 7.75, 6.5, 6.5 ],
    "to": [ 8.25, 7, 9.5 ],
    "faces": {
        "down":  { "uv": [ 4, 8, 3.5, 7.5 ], "rotation": 270, "texture": "#texture_bottom" },
        "north": { "uv": [ 3.5, 7.5, 4, 8 ], "texture": "#texture_bottom" },
        "south": { "uv": [ 3.5, 7.5, 4, 8 ], "texture": "#texture_bottom" },
        "west":  { "uv": [ 3.5, 7.5, 6.5, 8 ], "texture": "#texture_bottom" },
        "east":  { "uv": [ 3.5, 7.5, 6.5, 8 ], "texture": "#texture_bottom" }
    }
},
{
    "from": [ 7.5, 7, 6.5 ],
    "to": [ 8.5, 8, 9.5 ],
    "faces": {
        "down":  { "uv": [ 4, 7.5, 3.5, 7 ], "rotation": 270, "texture": "#texture_bottom" },
        "up":    { "uv": [ 3.5, 6.5, 4, 7 ], "rotation": 90, "texture": "#texture_bottom" },
        "north": { "uv": [ 4.5, 5, 5.5, 6 ], "texture": "#texture_bottom" },
        "south": { "uv": [ 4.5, 5, 5.5, 6 ], "texture": "#texture_bottom" },
        "west":  { "uv": [ 3.5, 6.5, 6.5, 7.5 ], "texture": "#texture_bottom" },
        "east":  { "uv": [ 3.5, 6.5, 6.5, 7.5 ], "texture": "#texture_bottom" }
    }
},
{
    "from": [ 7.75, 7, 6 ],
    "to": [ 8.25, 7.5, 10 ],
    "faces": {
        "down":  { "uv": [ 3.5, 7.5, 3, 7 ], "rotation": 270, "texture": "#texture_bottom" },
        "north": { "uv": [ 6.5, 7, 7, 7.5 ], "texture": "#texture_bottom" },
        "south": { "uv": [ 3, 7, 3.5, 7.5 ], "texture": "#texture_bottom" },
        "west":  { "uv": [ 3, 7, 3.5, 7.5 ], "texture": "#texture_bottom" },
        "east":  { "uv": [ 6.5, 7, 7, 7.5 ], "texture": "#texture_bottom" }
    }
},
{
    "from": [ 7.5, 7.5, 6 ],
    "to": [ 8.5, 8, 10 ],
    "faces": {
        "down":  { "uv": [ 3.5, 7, 3, 6.5 ], "rotation": 270, "texture": "#texture_bottom" },
        "up":    { "uv": [ 3, 6.5, 7, 7 ], "rotation": 90, "texture": "#texture_bottom" },
        "north": { "uv": [ 3, 6.5, 3.5, 7 ], "texture": "#texture_bottom" },
        "south": { "uv": [ 3, 6.5, 3.5, 7 ], "texture": "#texture_bottom" },
        "west":  { "uv": [ 3, 6.5, 7, 7 ], "texture": "#texture_bottom" },
        "east":  { "uv": [ 3, 6.5, 7, 7 ], "texture": "#texture_bottom" }
    }
},
{
    "from": [ 7.75, 7.5, 5.5 ],
    "to": [ 8.25, 8.5, 6.5 ],
    "faces": {
        "down":  { "uv": [ 3.5, 7, 2.5, 6.5 ], "rotation": 270, "texture": "#texture_bottom" },
        "up":    { "uv": [ 2.5, 6, 3.5, 6.5 ], "rotation": 90, "texture": "#texture_bottom" },
        "north": { "uv": [ 2.5, 6, 3, 7 ], "texture": "#texture_bottom" },
        "south": { "uv": [ 3, 6, 3.5, 7 ], "texture": "#texture_bottom" },
        "west":  { "uv": [ 2.5, 6, 3.5, 7 ], "texture": "#texture_bottom" },
        "east":  { "uv": [ 6.5, 6, 7.5, 7 ], "texture": "#texture_bottom" }
    }
},
{
    "from": [ 7.5, -8.5, 7 ],
    "to": [ 8.5, 6, 9 ],
    "faces": {
        "north": { "uv": [ 11.5, 0.5, 12.5, 15 ], "texture": "#texture_bottom", "cullface": "down" },
        "south": { "uv": [ 12.5, 0.5, 11.5, 15 ], "texture": "#texture_bottom", "cullface": "down" },
        "west":  { "uv": [ 11, 0.5, 13, 15 ], "texture": "#texture_bottom", "cullface": "down" },
        "east":  { "uv": [ 13, 0.5, 11, 15 ], "texture": "#texture_bottom", "cullface": "down" }
    }
},
{
    "from": [ 7, -8.5, 7.5 ],
    "to": [ 9, 6, 8.5 ],
    "faces": {
        "north": { "uv": [ 11, 0.5, 13, 15 ], "texture": "#texture_bottom", "cullface": "down" },
        "south": { "uv": [ 13, 0.5, 11, 15 ], "texture": "#texture_bottom", "cullface": "down" },
        "west":  { "uv": [ 11.5, 0.5, 12.5, 15 ], "texture": "#texture_bottom", "cullface": "down" },
        "east":  { "uv": [ 12.5, 0.5, 11.5, 15 ], "texture": "#texture_bottom", "cullface": "down" }
    }
},
{
    "from": [ 7, 12, 7 ],
    "to": [ 9, 13, 9 ],
    "faces": {
        "down":  { "uv": [ 7, 15.5, 9, 16 ], "rotation": 270, "texture": "#texture_top" },
        "north": { "uv": [ 7, 15.5, 9, 16 ], "texture": "#texture_top" },
        "south": { "uv": [ 7, 15.5, 9, 16 ], "texture": "#texture_top" },
        "west":  { "uv": [ 7, 15.5, 9, 16 ], "texture": "#texture_top" },
        "east":  { "uv": [ 7, 15.5, 9, 16 ], "texture": "#texture_top" }
    }
},
{
    "from": [ 6.5, 13, 7.5 ],
    "to": [ 9.5, 13.5, 8.5 ],
    "faces": {
        "down":  { "uv": [ 7.5, 14.5, 8.5, 15 ], "rotation": 270, "texture": "#texture_top" },
        "north": { "uv": [ 6.5, 14.5, 9.5, 15 ], "texture": "#texture_top" },
        "south": { "uv": [ 6.5, 14.5, 9.5, 15 ], "texture": "#texture_top" },
        "west":  { "uv": [ 7.5, 14.5, 8.5, 15 ], "texture": "#texture_top" },
        "east":  { "uv": [ 7.5, 14.5, 8.5, 15 ], "texture": "#texture_top" }
    }
},
{
    "from": [ 7.5, 12.5, 6.5 ],
    "to": [ 8.5, 13, 9.5 ],
    "faces": {
        "down":  { "uv": [ 7.5, 15, 8.5, 15.5 ], "rotation": 270, "texture": "#texture_top" },
        "north": { "uv": [ 7.5, 15, 8.5, 15.5 ], "texture": "#texture_top" },
        "south": { "uv": [ 7.5, 15, 8.5, 15.5 ], "texture": "#texture_top" },
        "west":  { "uv": [ 6.5, 15, 9.5, 15.5 ], "texture": "#texture_top" },
        "east":  { "uv": [ 6.5, 15, 9.5, 15.5 ], "texture": "#texture_top" }
    }
},
{
    "from": [ 7, 13, 6.5 ],
    "to": [ 9, 14.5, 9.5 ],
    "faces": {
        "down":  { "uv": [ 6.5, 14.5, 9.5, 15 ], "rotation": 270, "texture": "#texture_top" },
        "north": { "uv": [ 7, 13.5, 9, 15 ], "texture": "#texture_top" },
        "south": { "uv": [ 7, 13.5, 9, 15 ], "texture": "#texture_top" },
        "west":  { "uv": [ 6.5, 13.5, 9.5, 15 ], "texture": "#texture_top" },
        "east":  { "uv": [ 6.5, 13.5, 9.5, 15 ], "texture": "#texture_top" }
    }
},
{
    "from": [ 6.5, 14.5, 6.5 ],
    "to": [ 9.5, 15, 9.5 ],
    "faces": {
        "down":  { "uv": [ 6.5, 13, 9.5, 13.5 ], "texture": "#texture_top" },
        "north": { "uv": [ 6.5, 13, 9.5, 13.5 ], "texture": "#texture_top" },
        "south": { "uv": [ 6.5, 13, 9.5, 13.5 ], "texture": "#texture_top" },
        "west":  { "uv": [ 6.5, 13, 9.5, 13.5 ], "texture": "#texture_top" },
        "east":  { "uv": [ 6.5, 13, 9.5, 13.5 ], "texture": "#texture_top" }
    }
},
{
    "from": [ 6.5, 13.5, 7 ],
    "to": [ 9.5, 14.5, 9 ],
    "faces": {
        "down":  { "uv": [ 6.5, 14, 9.5, 14.5 ], "rotation": 270, "texture": "#texture_top" },
        "north": { "uv": [ 6.5, 13.5, 9.5, 14.5 ], "texture": "#texture_top" },
        "south": { "uv": [ 9.5, 13.5, 6.5, 14.5 ], "texture": "#texture_top" },
        "west":  { "uv": [ 7, 13.5, 9, 14.5 ], "texture": "#texture_top" },
        "east":  { "uv": [ 7, 13.5, 9, 14.5 ], "texture": "#texture_top" }
    }
},
{
    "from": [ 7.5, 13.5, 6 ],
    "to": [ 8.5, 14, 10 ],
    "faces": {
        "down":  { "uv": [ 6, 14, 10, 14.5 ], "rotation": 270, "texture": "#texture_top" },
        "north": { "uv": [ 7.5, 14, 8.5, 14.5 ], "texture": "#texture_top" },
        "south": { "uv": [ 7.5, 14, 8.5, 14.5 ], "texture": "#texture_top" },
        "west":  { "uv": [ 6, 14, 10, 14.5 ], "texture": "#texture_top" },
        "east":  { "uv": [ 6, 14, 10, 14.5 ], "texture": "#texture_top" }
    }
},
{
    "from": [ 7, 14, 6 ],
    "to": [ 9, 15, 10 ],
    "faces": {
        "down":  { "uv": [ 6, 13.5, 10, 14 ], "rotation": 270, "texture": "#texture_top" },
        "north": { "uv": [ 7, 13, 9.25, 14 ], "texture": "#texture_top" },
        "south": { "uv": [ 7, 13, 9.25, 14 ], "texture": "#texture_top" },
        "west":  { "uv": [ 6, 13, 10, 14 ], "texture": "#texture_top" },
        "east":  { "uv": [ 6, 13, 10, 14 ], "texture": "#texture_top" }
    }
},
{
    "from": [ 7.5, 14.5, 5.5 ],
    "to": [ 8.5, 15, 10.5 ],
    "faces": {
        "down":  { "uv": [ 5.5, 13, 10.5, 13.5 ], "rotation": 270, "texture": "#texture_top" },
        "north": { "uv": [ 7.5, 13.5, 8.5, 14 ], "texture": "#texture_top" },
        "south": { "uv": [ 7.5, 13.5, 8.5, 14 ], "texture": "#texture_top" },
        "west":  { "uv": [ 5.5, 13, 10.5, 13.5 ], "texture": "#texture_top" },
        "east":  { "uv": [ 5.5, 13, 10.5, 13.5 ], "texture": "#texture_top" }
    }
},
{
    "from": [ 7.5, 15, 5 ],
    "to": [ 8.5, 15.5, 11 ],
    "faces": {
        "down":  { "uv": [ 5, 12.5, 11, 13 ], "rotation": 270, "texture": "#texture_top" },
        "north": { "uv": [ 7.5, 12, 8.5, 12.5 ], "texture": "#texture_top" },
        "south": { "uv": [ 7.5, 12, 8.5, 12.5 ], "texture": "#texture_top" },
        "west":  { "uv": [ 5, 12.5, 11, 13 ], "texture": "#texture_top" },
        "east":  { "uv": [ 5, 12.5, 11, 13 ], "texture": "#texture_top" }
    }
},
{
    "from": [ 7, 15.5, 4.5 ],
    "to": [ 9, 16, 11.5 ],
    "faces": {
        "down":  { "uv": [ 4.5, 12, 11.5, 12.5 ], "rotation": 270, "texture": "#texture_top" },
        "north": { "uv": [ 7, 12, 9, 12.5 ], "texture": "#texture_top" },
        "south": { "uv": [ 7, 12, 9, 12.5 ], "texture": "#texture_top" },
        "west":  { "uv": [ 4.5, 12, 11.5, 12.5 ], "texture": "#texture_top" },
        "east":  { "uv": [ 4.5, 12, 11.5, 12.5 ], "texture": "#texture_top" }
    }
},
{
    "from": [ 7, 16, 4 ],
    "to": [ 9, 17, 12 ],
    "faces": {
        "down":  { "uv": [ 4, 11.5, 12, 12 ], "rotation": 270, "texture": "#texture_top", "cullface": "up" },
        "up":    { "uv": [ 4, 11, 12, 11.5 ], "rotation": 90, "texture": "#texture_top", "cullface": "up" },
        "north": { "uv": [ 6.5, 11, 7, 12 ], "texture": "#texture_top", "cullface": "up" },
        "south": { "uv": [ 6.5, 11, 7, 12 ], "texture": "#texture_top", "cullface": "up" },
        "west":  { "uv": [ 4, 11, 12, 12 ], "texture": "#texture_top", "cullface": "up" },
        "east":  { "uv": [ 4, 11, 12, 12 ], "texture": "#texture_top", "cullface": "up" }
    }
},
{
    "from": [ 7, 17, 3.5 ],
    "to": [ 9, 17.5, 4 ],
    "faces": {
        "down":  { "uv": [ 3.5, 10.5, 4, 11 ], "rotation": 270, "texture": "#texture_top", "cullface": "up" },
        "north": { "uv": [ 3, 10.5, 3.5, 11 ], "texture": "#texture_top", "cullface": "up" },
        "west":  { "uv": [ 12, 10.5, 12.5, 11 ], "texture": "#texture_top", "cullface": "up" },
        "east":  { "uv": [ 3.5, 10.5, 4, 11 ], "texture": "#texture_top", "cullface": "up" }
    }
},
{
    "from": [ 7.5, 17, 3 ],
    "to": [ 8.5, 19, 3.5 ],
    "faces": {
        "down":  { "uv": [ 3, 10.5, 3.5, 11 ], "rotation": 270, "texture": "#texture_top", "cullface": "up" },
        "up":    { "uv": [ 3.5, 9.5, 4, 10 ], "rotation": 90, "texture": "#texture_top", "cullface": "up" },
        "north": { "uv": [ 3, 9, 3.5, 11 ], "texture": "#texture_top", "cullface": "up" },
        "south": { "uv": [ 12.5, 9, 13, 11 ], "texture": "#texture_top", "cullface": "up" },
        "west":  { "uv": [ 3, 9, 3.5, 11 ], "texture": "#texture_top", "cullface": "up" },
        "east":  { "uv": [ 12.5, 9, 13, 11 ], "texture": "#texture_top", "cullface": "up" }
    }
},
{
    "from": [ 7.75, 19, 2.5 ],
    "to": [ 8.25, 21.5, 3 ],
    "faces": {
        "up":    { "uv": [ 2.5, 6.5, 3, 7 ], "rotation": 90, "texture": "#texture_top", "cullface": "up" },
        "north": { "uv": [ 2.5, 6.5, 3, 9 ], "texture": "#texture_top", "cullface": "up" },
        "south": { "uv": [ 2.5, 6.5, 3, 9 ], "texture": "#texture_top", "cullface": "up" },
        "west":  { "uv": [ 2.5, 6.5, 3, 9 ], "texture": "#texture_top", "cullface": "up" },
        "east":  { "uv": [ 13, 6.5, 13.5, 9 ], "texture": "#texture_top", "cullface": "up" }
    }
},
{
    "from": [ 7.5, 17.5, 2.5 ],
    "to": [ 8.5, 19, 3 ],
    "faces": {
        "down":  { "uv": [ 2.5, 10, 3, 10.5 ], "rotation": 270, "texture": "#texture_top", "cullface": "up" },
        "up":    { "uv": [ 2.5, 9, 3, 9.5 ], "rotation": 90, "texture": "#texture_top", "cullface": "up" },
        "north": { "uv": [ 2.5, 9, 3, 10.5 ], "texture": "#texture_top", "cullface": "up" },
        "west":  { "uv": [ 2.5, 9, 3, 10.5 ], "texture": "#texture_top", "cullface": "up" },
        "east":  { "uv": [ 13, 9, 13.5, 10.5 ], "texture": "#texture_top", "cullface": "up" }
    }
},
{
    "from": [ 7, 15, 5.5 ],
    "to": [ 9, 15.5, 10.5 ],
    "faces": {
        "down":  { "uv": [ 5.5, 12.5, 10.5, 13 ], "rotation": 270, "texture": "#texture_top" },
        "north": { "uv": [ 7, 11.5, 9, 12 ], "texture": "#texture_top" },
        "south": { "uv": [ 7, 11.5, 9, 12 ], "texture": "#texture_top" },
        "west":  { "uv": [ 5.5, 12.5, 10.5, 13 ], "texture": "#texture_top" },
        "east":  { "uv": [ 5.5, 12.5, 10.5, 13 ], "texture": "#texture_top" }
    }
},
{
    "from": [ 6.5, 15.5, 5 ],
    "to": [ 9.5, 16, 11 ],
    "faces": {
        "down":  { "uv": [ 5, 12, 11, 12.5 ], "rotation": 270, "texture": "#texture_top" },
        "up":    { "uv": [ 5, 12, 11, 12.5 ], "rotation": 90, "texture": "#texture_top", "cullface": "up" },
        "north": { "uv": [ 7, 11.5, 9, 12 ], "texture": "#texture_top" },
        "south": { "uv": [ 7, 11.5, 9, 12 ], "texture": "#texture_top" },
        "west":  { "uv": [ 5, 12, 11, 12.5 ], "texture": "#texture_top" },
        "east":  { "uv": [ 5, 12, 11, 12.5 ], "texture": "#texture_top" }
    }
},
{
    "from": [ 6.5, 15, 6 ],
    "to": [ 9.5, 15.5, 10 ],
    "faces": {
        "down":  { "uv": [ 6, 12.5, 10, 13 ], "rotation": 270, "texture": "#texture_top" },
        "north": { "uv": [ 6.5, 12.5, 9.5, 13 ], "texture": "#texture_top" },
        "south": { "uv": [ 6.5, 12.5, 9.5, 13 ], "texture": "#texture_top" },
        "west":  { "uv": [ 6, 12.5, 10, 13 ], "texture": "#texture_top" },
        "east":  { "uv": [ 6, 12.5, 10, 13 ], "texture": "#texture_top" }
    }
},
{
    "from": [ 6.5, 16, 4.5 ],
    "to": [ 9.5, 17, 6.5 ],
    "faces": {
        "down":  { "uv": [ 4.5, 11.5, 6.5, 12 ], "rotation": 270, "texture": "#texture_top", "cullface": "up" },
        "up":    { "uv": [ 4.5, 11, 6.5, 11.5 ], "rotation": 90, "texture": "#texture_top", "cullface": "up" },
        "north": { "uv": [ 4.5, 11.5, 5, 12 ], "texture": "#texture_top", "cullface": "up" },
        "south": { "uv": [ 5.5, 11, 6, 12 ], "texture": "#texture_top", "cullface": "up" },
        "west":  { "uv": [ 4.5, 11, 6.5, 12 ], "texture": "#texture_top", "cullface": "up" },
        "east":  { "uv": [ 9.5, 11, 11.5, 12 ], "texture": "#texture_top", "cullface": "up" }
    }
},
{
    "from": [ 6.5, 17, 4.5 ],
    "to": [ 9.5, 17.5, 5.5 ],
    "faces": {
        "up":    { "uv": [ 7.5, 9, 8.5, 10 ], "texture": "#texture_top", "cullface": "up" },
        "south": { "uv": [ 5, 10.5, 5.5, 11 ], "texture": "#texture_top", "cullface": "up" },
        "west":  { "uv": [ 4.5, 10.5, 5.5, 11 ], "texture": "#texture_top", "cullface": "up" },
        "east":  { "uv": [ 10.5, 10.5, 11.5, 11 ], "texture": "#texture_top", "cullface": "up" }
    }
},
{
    "from": [ 6.5, 17, 4 ],
    "to": [ 9.5, 18, 4.5 ],
    "faces": {
        "down":  { "uv": [ 4, 10.5, 4.5, 11 ], "rotation": 270, "texture": "#texture_top", "cullface": "up" },
        "up":    { "uv": [ 4, 10, 4.5, 10.5 ], "rotation": 90, "texture": "#texture_top", "cullface": "up" },
        "north": { "uv": [ 3.5, 10, 4, 11 ], "texture": "#texture_top", "cullface": "up" },
        "south": { "uv": [ 4, 10, 4.5, 11 ], "texture": "#texture_top", "cullface": "up" },
        "west":  { "uv": [ 4, 10, 4.5, 11 ], "texture": "#texture_top", "cullface": "up" },
        "east":  { "uv": [ 11.5, 10, 12, 11 ], "texture": "#texture_top", "cullface": "up" }
    }
},
{
    "from": [ 7, 17.5, 3 ],
    "to": [ 9, 18.5, 4 ],
    "faces": {
        "down":  { "uv": [ 3, 10, 4, 10.5 ], "rotation": 270, "texture": "#texture_top", "cullface": "up" },
        "up":    { "uv": [ 3, 9.5, 4, 10 ], "rotation": 90, "texture": "#texture_top", "cullface": "up" },
        "north": { "uv": [ 3, 9.5, 3.5, 10.5 ], "texture": "#texture_top", "cullface": "up" },
        "south": { "uv": [ 12.5, 9.5, 13, 10.5 ], "texture": "#texture_top", "cullface": "up" },
        "west":  { "uv": [ 3, 9.5, 4, 10.5 ], "texture": "#texture_top", "cullface": "up" },
        "east":  { "uv": [ 12, 9.5, 13, 10.5 ], "texture": "#texture_top", "cullface": "up" }
    }
},
{
    "from": [ 7.5, 16.5, 3.5 ],
    "to": [ 8.5, 17, 12.5 ],
    "faces": {
        "down":  { "uv": [ 12.5, 11.5, 3.5, 11 ], "rotation": 270, "texture": "#texture_top", "cullface": "up" },
        "up":    { "uv": [ 3.5, 11, 12.5, 11.5 ], "rotation": 90, "texture": "#texture_top", "cullface": "up" },
        "north": { "uv": [ 7.5, 12, 8.5, 12.5 ], "texture": "#texture_top", "cullface": "up" },
        "south": { "uv": [ 7.5, 12, 8.5, 12.5 ], "texture": "#texture_top", "cullface": "up" },
        "west":  { "uv": [ 3.5, 11, 12.5, 11.5 ], "texture": "#texture_top", "cullface": "up" },
        "east":  { "uv": [ 3.5, 11, 12.5, 11.5 ], "texture": "#texture_top", "cullface": "up" }
    }
},
{
    "from": [ 6.5, 16, 6.5 ],
    "to": [ 9.5, 16.5, 7 ],
    "faces": {
        "up":    { "uv": [ 6, 11.5, 6.5, 12 ], "rotation": 90, "texture": "#texture_top", "cullface": "up" },
        "south": { "uv": [ 6.5, 11.5, 9.5, 12 ], "texture": "#texture_top", "cullface": "up" },
        "west":  { "uv": [ 6.5, 11.5, 7, 12 ], "texture": "#texture_top", "cullface": "up" },
        "east":  { "uv": [ 9, 11.5, 9.5, 12 ], "texture": "#texture_top", "cullface": "up" }
    }
},
{
    "from": [ 7.5, 19.5, 4 ],
    "to": [ 8.5, 24.5, 4.5 ],
    "faces": {
        "down":  { "uv": [ 4, 8, 4.5, 8.5 ], "rotation": 270, "texture": "#texture_top", "cullface": "up" },
        "up":    { "uv": [ 4, 3.5, 4.5, 4 ], "rotation": 90, "texture": "#texture_top", "cullface": "up" },
        "north": { "uv": [ 4, 3.5, 4.5, 8.5 ], "texture": "#texture_top", "cullface": "up" },
        "south": { "uv": [ 4, 3.5, 4.5, 8.5 ], "texture": "#texture_top", "cullface": "up" },
        "west":  { "uv": [ 4, 3.5, 4.5, 8.5 ], "texture": "#texture_top", "cullface": "up" },
        "east":  { "uv": [ 11.5, 3.5, 12, 8.5 ], "texture": "#texture_top", "cullface": "up" }
    }
},
{
    "from": [ 7.5, 18.5, 4.5 ],
    "to": [ 8.5, 19.5, 5 ],
    "faces": {
        "down":  { "uv": [ 4.5, 9, 5, 9.5 ], "rotation": 270, "texture": "#texture_top", "cullface": "up" },
        "north": { "uv": [ 11, 8.5, 11.5, 9.5 ], "texture": "#texture_top", "cullface": "up" },
        "west":  { "uv": [ 4.5, 8.5, 5, 9.5 ], "texture": "#texture_top", "cullface": "up" },
        "east":  { "uv": [ 11, 8.5, 11.5, 9.5 ], "texture": "#texture_top", "cullface": "up" }
    }
},
{
    "from": [ 7, 18.5, 5 ],
    "to": [ 9, 19.5, 5.5 ],
    "faces": {
        "down":  { "uv": [ 5, 9, 5.5, 9.5 ], "rotation": 270, "texture": "#texture_top", "cullface": "up" },
        "north": { "uv": [ 5, 8.5, 5.5, 9.5 ], "texture": "#texture_top", "cullface": "up" },
        "west":  { "uv": [ 5, 8.5, 5.5, 9.5 ], "texture": "#texture_top", "cullface": "up" },
        "east":  { "uv": [ 10.5, 8.5, 11, 9.5 ], "texture": "#texture_top", "cullface": "up" }
    }
},
{
    "from": [ 7, 19.5, 4.5 ],
    "to": [ 9, 24, 5.5 ],
    "faces": {
        "down":  { "uv": [ 4.5, 8, 5.5, 8.5 ], "rotation": 270, "texture": "#texture_top", "cullface": "up" },
        "up":    { "uv": [ 4.5, 4, 5.5, 4.5 ], "rotation": 90, "texture": "#texture_top", "cullface": "up" },
        "north": { "uv": [ 4.5, 4, 5, 8.5 ], "texture": "#texture_top", "cullface": "up" },
        "south": { "uv": [ 10.5, 4.5, 11, 9 ], "texture": "#texture_top", "cullface": "up" },
        "west":  { "uv": [ 4.5, 4, 5.5, 8.5 ], "texture": "#texture_top", "cullface": "up" },
        "east":  { "uv": [ 10.5, 4, 11.5, 8.5 ], "texture": "#texture_top", "cullface": "up" }
    }
},
{
    "from": [ 7, 25, 5.5 ],
    "to": [ 9, 25.5, 6 ],
    "faces": {
        "up":    { "uv": [ 5.5, 2, 6, 2.5 ], "rotation": 90, "texture": "#texture_top", "cullface": "up" },
        "north": { "uv": [ 5, 2.5, 5.5, 3 ], "texture": "#texture_top", "cullface": "up" },
        "south": { "uv": [ 5.5, 2.5, 6, 3 ], "texture": "#texture_top", "cullface": "up" },
        "west":  { "uv": [ 5.5, 2.5, 6, 3 ], "texture": "#texture_top", "cullface": "up" },
        "east":  { "uv": [ 10, 2.5, 10.5, 3 ], "texture": "#texture_top", "cullface": "up" }
    }
},
{
    "from": [ 7.5, 24, 4.5 ],
    "to": [ 8.5, 25.5, 5.5 ],
    "faces": {
        "up":    { "uv": [ 4.5, 2.5, 5.5, 3 ], "rotation": 90, "texture": "#texture_top", "cullface": "up" },
        "north": { "uv": [ 4.5, 2.5, 5, 4 ], "texture": "#texture_top", "cullface": "up" },
        "south": { "uv": [ 5, 2.5, 5.5, 4 ], "texture": "#texture_top", "cullface": "up" },
        "west":  { "uv": [ 4.5, 2.5, 5.5, 4 ], "texture": "#texture_top", "cullface": "up" },
        "east":  { "uv": [ 10.5, 2.5, 11.5, 4 ], "texture": "#texture_top", "cullface": "up" }
    }
},
{
    "from": [ 7, 20, 5.5 ],
    "to": [ 9, 20.5, 6 ],
    "faces": {
        "up":    { "uv": [ 5.5, 7.5, 6, 8 ], "rotation": 90, "texture": "#texture_top", "cullface": "up" },
        "south": { "uv": [ 5.5, 7.5, 6, 8 ], "texture": "#texture_top", "cullface": "up" },
        "west":  { "uv": [ 5.5, 7.5, 6, 8 ], "texture": "#texture_top", "cullface": "up" },
        "east":  { "uv": [ 5.5, 7.5, 6, 8 ], "texture": "#texture_top", "cullface": "up" }
    }
},
{
    "from": [ 7.5, 25.5, 5 ],
    "to": [ 8.5, 26, 6.5 ],
    "faces": {
        "down":  { "uv": [ 5, 2, 6.5, 2.5 ], "rotation": 270, "texture": "#texture_top", "cullface": "up" },
        "up":    { "uv": [ 5, 2, 6.5, 2.5 ], "rotation": 90, "texture": "#texture_top", "cullface": "up" },
        "north": { "uv": [ 5, 2, 5.5, 2.5 ], "texture": "#texture_top", "cullface": "up" },
        "south": { "uv": [ 6, 2, 6.5, 2.5 ], "texture": "#texture_top", "cullface": "up" },
        "west":  { "uv": [ 5, 2, 6.5, 2.5 ], "texture": "#texture_top", "cullface": "up" },
        "east":  { "uv": [ 9.5, 2, 11, 2.5 ], "texture": "#texture_top", "cullface": "up" }
    }
},
{
    "from": [ 7.5, 26, 5.5 ],
    "to": [ 8.5, 26.5, 6.5 ],
    "faces": {
        "up":    { "uv": [ 5.5, 1.5, 6.5, 2 ], "rotation": 90, "texture": "#texture_top", "cullface": "up" },
        "north": { "uv": [ 5.5, 1.5, 6, 2 ], "texture": "#texture_top", "cullface": "up" },
        "south": { "uv": [ 6, 1.5, 6.5, 2 ], "texture": "#texture_top", "cullface": "up" },
        "west":  { "uv": [ 5.5, 1.5, 6.5, 2 ], "texture": "#texture_top", "cullface": "up" },
        "east":  { "uv": [ 9.5, 1.5, 10.5, 2 ], "texture": "#texture_top", "cullface": "up" }
    }
},
{
    "from": [ 7.75, 26.5, 6 ],
    "to": [ 8.25, 27, 6.5 ],
    "faces": {
        "up":    { "uv": [ 6, 1, 6.5, 1.5 ], "rotation": 90, "texture": "#texture_top", "cullface": "up" },
        "north": { "uv": [ 6, 1, 6.5, 1.5 ], "texture": "#texture_top", "cullface": "up" },
        "south": { "uv": [ 6, 1, 6.5, 1.5 ], "texture": "#texture_top", "cullface": "up" },
        "west":  { "uv": [ 6, 1, 6.5, 1.5 ], "texture": "#texture_top", "cullface": "up" },
        "east":  { "uv": [ 6, 1, 6.5, 1.5 ], "texture": "#texture_top", "cullface": "up" }
    }
},
{
    "from": [ 7.75, 27, 6.5 ],
    "to": [ 8.25, 27.5, 7 ],
    "faces": {
        "down":  { "uv": [ 9, 0.5, 9.5, 1 ], "rotation": 270, "texture": "#texture_top", "cullface": "up" },
        "up":    { "uv": [ 9, 0.5, 9.5, 1 ], "rotation": 90, "texture": "#texture_top", "cullface": "up" },
        "north": { "uv": [ 9, 0.5, 9.5, 1 ], "texture": "#texture_top", "cullface": "up" },
        "south": { "uv": [ 9, 0.5, 9.5, 1 ], "texture": "#texture_top", "cullface": "up" },
        "west":  { "uv": [ 6.5, 0.5, 7, 1 ], "texture": "#texture_top", "cullface": "up" },
        "east":  { "uv": [ 9, 0.5, 9.5, 1 ], "texture": "#texture_top", "cullface": "up" }
    }
},
{
    "from": [ 7, 24, 5 ],
    "to": [ 9, 25, 6 ],
    "faces": {
        "down":  { "uv": [ 5, 3.5, 6, 4 ], "rotation": 270, "texture": "#texture_top", "cullface": "up" },
        "up":    { "uv": [ 5, 3, 5.5, 3.5 ], "rotation": 90, "texture": "#texture_top", "cullface": "up" },
        "north": { "uv": [ 4.5, 3, 5, 4 ], "texture": "#texture_top", "cullface": "up" },
        "south": { "uv": [ 5.5, 3, 6, 4 ], "texture": "#texture_top", "cullface": "up" },
        "west":  { "uv": [ 5, 3, 6, 4 ], "texture": "#texture_top", "cullface": "up" },
        "east":  { "uv": [ 10, 3, 11, 4 ], "texture": "#texture_top", "cullface": "up" }
    }
},
{
    "from": [ 7.5, 17.5, 5 ],
    "to": [ 8.5, 18.5, 11 ],
    "faces": {
        "down":  { "uv": [ 5, 10, 5.5, 10.5 ], "rotation": 270, "texture": "#texture_top", "cullface": "up" },
        "up":    { "uv": [ 5, 9.5, 5.5, 10 ], "rotation": 90, "texture": "#texture_top", "cullface": "up" },
        "north": { "uv": [ 5, 9.5, 5.5, 10.5 ], "texture": "#texture_top", "cullface": "up" },
        "south": { "uv": [ 5, 9.5, 5.5, 10.5 ], "texture": "#texture_top", "cullface": "up" },
        "west":  { "uv": [ 5, 9.5, 11, 10.5 ], "texture": "#texture_top", "cullface": "up" },
        "east":  { "uv": [ 5, 9.5, 11, 10.5 ], "texture": "#texture_top", "cullface": "up" }
    }
},
{
    "from": [ 7, 17.5, 5.5 ],
    "to": [ 9, 20, 6.5 ],
    "faces": {
        "down":  { "uv": [ 5.5, 10, 6.5, 10.5 ], "rotation": 270, "texture": "#texture_top", "cullface": "up" },
        "up":    { "uv": [ 5.5, 8, 6.5, 8.5 ], "rotation": 90, "texture": "#texture_top", "cullface": "up" },
        "north": { "uv": [ 5.5, 8, 6, 10.5 ], "texture": "#texture_top", "cullface": "up" },
        "south": { "uv": [ 6, 8, 6.5, 10.5 ], "texture": "#texture_top", "cullface": "up" },
        "west":  { "uv": [ 5.5, 8, 6.5, 10.5 ], "texture": "#texture_top", "cullface": "up" },
        "east":  { "uv": [ 9.5, 8, 10.5, 10.5 ], "texture": "#texture_top", "cullface": "up" }
    }
},
{
    "from": [ 7, -13.5, 7.5 ],
    "to": [ 9, -8.5, 8.5 ],
    "faces": {
        "down":  { "uv": [ 6, 15, 4, 14.5 ], "texture": "#texture_bottom", "cullface": "down" },
        "north": { "uv": [ 4, 10, 6, 15 ], "texture": "#texture_bottom", "cullface": "down" },
        "south": { "uv": [ 6, 10, 4, 15 ], "texture": "#texture_bottom", "cullface": "down" },
        "west":  { "uv": [ 4.5, 10, 5.5, 15 ], "texture": "#texture_bottom", "cullface": "down" },
        "east":  { "uv": [ 5.5, 10, 4.5, 15 ], "texture": "#texture_bottom", "cullface": "down" }
    }
},
{
    "from": [ 7.5, -13.5, 7 ],
    "to": [ 8.5, -8.5, 9 ],
    "faces": {
        "down":  { "uv": [ 6, 15, 4, 14.5 ], "texture": "#texture_bottom", "cullface": "down" },
        "north": { "uv": [ 4.5, 10, 5.5, 15 ], "texture": "#texture_bottom", "cullface": "down" },
        "south": { "uv": [ 5.5, 10, 4.5, 15 ], "texture": "#texture_bottom", "cullface": "down" },
        "west":  { "uv": [ 4, 10, 6, 15 ], "texture": "#texture_bottom", "cullface": "down" },
        "east":  { "uv": [ 6, 10, 4, 15 ], "texture": "#texture_bottom", "cullface": "down" }
    }
},
{
    "from": [ 7.5, 17, 5.5 ],
    "to": [ 8.5, 17.5, 10.5 ],
    "faces": {
        "west":  { "uv": [ 5.5, 10.5, 10.5, 11 ], "texture": "#texture_top", "cullface": "up" },
        "east":  { "uv": [ 5.5, 10.5, 10.5, 11 ], "texture": "#texture_top", "cullface": "up" }
    }
},
{
    "from": [ 7, 17, 6.5 ],
    "to": [ 9, 19.5, 7.5 ],
    "faces": {
        "up":    { "uv": [ 6.5, 8.5, 7.5, 9 ], "rotation": 90, "texture": "#texture_top", "cullface": "up" },
        "north": { "uv": [ 6.5, 8.5, 7, 11 ], "texture": "#texture_top", "cullface": "up" },
        "south": { "uv": [ 7, 8.5, 7.5, 11 ], "texture": "#texture_top", "cullface": "up" },
        "west":  { "uv": [ 6.5, 8.5, 7.5, 11 ], "texture": "#texture_top", "cullface": "up" },
        "east":  { "uv": [ 8.5, 8.5, 9.5, 11 ], "texture": "#texture_top", "cullface": "up" }
    }
},
{
    "from": [ 7, 17, 7.5 ],
    "to": [ 9, 19, 8.5 ],
    "faces": {
        "up":    { "uv": [ 7.5, 9, 8.5, 9.5 ], "rotation": 90, "texture": "#texture_top", "cullface": "up" },
        "west":  { "uv": [ 7.5, 9, 8.5, 11 ], "texture": "#texture_top", "cullface": "up" },
        "east":  { "uv": [ 7.5, 9, 8.5, 11 ], "texture": "#texture_top", "cullface": "up" }
    }
},
{
    "from": [ 7, 17, 8.5 ],
    "to": [ 9, 19.5, 9.5 ],
    "faces": {
        "up":    { "uv": [ 8.5, 8.5, 9.5, 9 ], "rotation": 90, "texture": "#texture_top", "cullface": "up" },
        "north": { "uv": [ 8.5, 8.5, 9, 11 ], "texture": "#texture_top", "cullface": "up" },
        "south": { "uv": [ 9, 8.5, 9.5, 11 ], "texture": "#texture_top", "cullface": "up" },
        "west":  { "uv": [ 8.5, 8.5, 9.5, 11 ], "texture": "#texture_top", "cullface": "up" },
        "east":  { "uv": [ 6.5, 8.5, 7.5, 11 ], "texture": "#texture_top", "cullface": "up" }
    }
},
{
    "from": [ 7, 17.5, 9.5 ],
    "to": [ 9, 20, 10.5 ],
    "faces": {
        "down":  { "uv": [ 9.5, 10, 10.5, 10.5 ], "rotation": 90, "texture": "#texture_top", "cullface": "up" },
        "up":    { "uv": [ 9.5, 8, 10.5, 8.5 ], "rotation": 90, "texture": "#texture_top", "cullface": "up" },
        "north": { "uv": [ 9.5, 8, 10, 10.5 ], "texture": "#texture_top", "cullface": "up" },
        "south": { "uv": [ 10, 8, 10.5, 10.5 ], "texture": "#texture_top", "cullface": "up" },
        "west":  { "uv": [ 9.5, 8, 10.5, 10.5 ], "texture": "#texture_top", "cullface": "up" },
        "east":  { "uv": [ 5.5, 8, 6.5, 10.5 ], "texture": "#texture_top", "cullface": "up" }
    }
},
{
    "from": [ 7, 18.5, 10.5 ],
    "to": [ 9, 19.5, 11 ],
    "faces": {
        "down":  { "uv": [ 0, 0, 16, 16 ], "texture": "#texture_top", "cullface": "up" },
        "south": { "uv": [ 10.5, 8.5, 11, 9.5 ], "texture": "#texture_top", "cullface": "up" },
        "west":  { "uv": [ 10.5, 8.5, 11, 9.5 ], "texture": "#texture_top", "cullface": "up" },
        "east":  { "uv": [ 5, 8.5, 5.5, 9.5 ], "texture": "#texture_top", "cullface": "up" }
    }
},
{
    "from": [ 7.5, 18.5, 11 ],
    "to": [ 8.5, 19.5, 11.5 ],
    "faces": {
        "down":  { "uv": [ 11, 9, 11.5, 9.5 ], "texture": "#texture_top", "cullface": "up" },
        "south": { "uv": [ 11, 8.5, 11.5, 9.5 ], "texture": "#texture_top", "cullface": "up" },
        "west":  { "uv": [ 11, 8.5, 11.5, 9.5 ], "texture": "#texture_top", "cullface": "up" },
        "east":  { "uv": [ 4.5, 8.5, 5, 9.5 ], "texture": "#texture_top", "cullface": "up" }
    }
},
{
    "from": [ 7, 19.5, 10.5 ],
    "to": [ 9, 24, 11.5 ],
    "faces": {
        "down":  { "uv": [ 10.5, 8, 11.5, 8.5 ], "rotation": 90, "texture": "#texture_top", "cullface": "up" },
        "up":    { "uv": [ 10.5, 4, 11.5, 4.5 ], "rotation": 90, "texture": "#texture_top", "cullface": "up" },
        "north": { "uv": [ 10.5, 4.5, 11, 9 ], "texture": "#texture_top", "cullface": "up" },
        "south": { "uv": [ 11, 4, 11.5, 8.5 ], "texture": "#texture_top", "cullface": "up" },
        "west":  { "uv": [ 10.5, 4, 11.5, 8.5 ], "texture": "#texture_top", "cullface": "up" },
        "east":  { "uv": [ 4.5, 4, 5.5, 8.5 ], "texture": "#texture_top", "cullface": "up" }
    }
},
{
    "from": [ 7, 20, 10 ],
    "to": [ 9, 20.5, 10.5 ],
    "faces": {
        "up":    { "uv": [ 10, 7.5, 10.5, 8 ], "texture": "#texture_top", "cullface": "up" },
        "north": { "uv": [ 5.5, 7.5, 6, 8 ], "texture": "#texture_top", "cullface": "up" },
        "west":  { "uv": [ 10, 7.5, 10.5, 8 ], "texture": "#texture_top", "cullface": "up" },
        "east":  { "uv": [ 5.5, 7.5, 6, 8 ], "texture": "#texture_top", "cullface": "up" }
    }
},
{
    "from": [ 7, 24, 10 ],
    "to": [ 9, 25, 11 ],
    "faces": {
        "down":  { "uv": [ 10, 3.5, 10.5, 4 ], "texture": "#texture_top", "cullface": "up" },
        "up":    { "uv": [ 10, 3, 11, 3.5 ], "rotation": 90, "texture": "#texture_top", "cullface": "up" },
        "north": { "uv": [ 10, 3, 10.5, 4 ], "texture": "#texture_top", "cullface": "up" },
        "south": { "uv": [ 11, 3, 11.5, 4 ], "texture": "#texture_top", "cullface": "up" },
        "west":  { "uv": [ 10, 3, 11, 4 ], "texture": "#texture_top", "cullface": "up" },
        "east":  { "uv": [ 5, 3, 6, 4 ], "texture": "#texture_top", "cullface": "up" }
    }
},
{
    "from": [ 7, 25, 10 ],
    "to": [ 9, 25.5, 10.5 ],
    "faces": {
        "up":    { "uv": [ 10, 2, 10.5, 2.5 ], "texture": "#texture_top", "cullface": "up" },
        "north": { "uv": [ 10, 2.5, 10.5, 3 ], "texture": "#texture_top", "cullface": "up" },
        "south": { "uv": [ 10.5, 2.5, 11, 3 ], "texture": "#texture_top", "cullface": "up" },
        "west":  { "uv": [ 10, 2.5, 10.5, 3 ], "texture": "#texture_top", "cullface": "up" },
        "east":  { "uv": [ 5.5, 2.5, 6, 3 ], "texture": "#texture_top", "cullface": "up" }
    }
},
{
    "from": [ 7.5, 19.5, 11.5 ],
    "to": [ 8.5, 24.5, 12 ],
    "faces": {
        "down":  { "uv": [ 11.5, 8, 12, 8.5 ], "texture": "#texture_top", "cullface": "up" },
        "up":    { "uv": [ 11.5, 3.5, 12, 4 ], "texture": "#texture_top", "cullface": "up" },
        "north": { "uv": [ 4, 3.5, 4.5, 8.5 ], "texture": "#texture_top", "cullface": "up" },
        "south": { "uv": [ 11.5, 3.5, 12, 8.5 ], "texture": "#texture_top", "cullface": "up" },
        "west":  { "uv": [ 11.5, 3.5, 12, 8.5 ], "texture": "#texture_top", "cullface": "up" },
        "east":  { "uv": [ 4, 3.5, 4.5, 8.5 ], "texture": "#texture_top", "cullface": "up" }
    }
},
{
    "from": [ 7.5, 24, 10.5 ],
    "to": [ 8.5, 25.5, 11.5 ],
    "faces": {
        "up":    { "uv": [ 10.5, 2.5, 11.5, 3 ], "rotation": 90, "texture": "#texture_top", "cullface": "up" },
        "north": { "uv": [ 10.5, 2.5, 11, 4 ], "texture": "#texture_top", "cullface": "up" },
        "south": { "uv": [ 11, 2.5, 11.5, 4 ], "texture": "#texture_top", "cullface": "up" },
        "west":  { "uv": [ 10.5, 2.5, 11.5, 4 ], "texture": "#texture_top", "cullface": "up" },
        "east":  { "uv": [ 4.5, 2.5, 5.5, 4 ], "texture": "#texture_top", "cullface": "up" }
    }
},
{
    "from": [ 7.5, 25.5, 9.5 ],
    "to": [ 8.5, 26, 11 ],
    "faces": {
        "down":  { "uv": [ 9.5, 2, 11, 2.5 ], "rotation": 270, "texture": "#texture_top", "cullface": "up" },
        "up":    { "uv": [ 9.5, 2, 11, 2.5 ], "rotation": 90, "texture": "#texture_top", "cullface": "up" },
        "north": { "uv": [ 9.5, 2, 10, 2.5 ], "texture": "#texture_top", "cullface": "up" },
        "south": { "uv": [ 10.5, 2, 11, 2.5 ], "texture": "#texture_top", "cullface": "up" },
        "west":  { "uv": [ 9.5, 2, 11, 2.5 ], "texture": "#texture_top", "cullface": "up" },
        "east":  { "uv": [ 5, 2, 6.5, 2.5 ], "texture": "#texture_top", "cullface": "up" }
    }
},
{
    "from": [ 7.5, 26, 9.5 ],
    "to": [ 8.5, 26.5, 10.5 ],
    "faces": {
        "up":    { "uv": [ 9.5, 1.5, 10.5, 2 ], "rotation": 90, "texture": "#texture_top", "cullface": "up" },
        "north": { "uv": [ 9.5, 1.5, 10, 2 ], "texture": "#texture_top", "cullface": "up" },
        "south": { "uv": [ 10, 1.5, 10.5, 2 ], "texture": "#texture_top", "cullface": "up" },
        "west":  { "uv": [ 9.5, 1.5, 10.5, 2 ], "texture": "#texture_top", "cullface": "up" },
        "east":  { "uv": [ 5.5, 1.5, 6.5, 2 ], "texture": "#texture_top", "cullface": "up" }
    }
},
{
    "from": [ 7.75, 26.5, 9.5 ],
    "to": [ 8.25, 27, 10 ],
    "faces": {
        "up":    { "uv": [ 9.5, 1, 10, 1.5 ], "texture": "#texture_top", "cullface": "up" },
        "north": { "uv": [ 9.5, 1, 10, 1.5 ], "texture": "#texture_top", "cullface": "up" },
        "south": { "uv": [ 9.5, 1, 10, 1.5 ], "texture": "#texture_top", "cullface": "up" },
        "west":  { "uv": [ 9.5, 1, 10, 1.5 ], "texture": "#texture_top", "cullface": "up" },
        "east":  { "uv": [ 6, 1, 6.5, 1.5 ], "texture": "#texture_top", "cullface": "up" }
    }
},
{
    "from": [ 7.75, 27, 9 ],
    "to": [ 8.25, 27.5, 9.5 ],
    "faces": {
        "down":  { "uv": [ 9, 0.5, 9.5, 1 ], "texture": "#texture_top", "cullface": "up" },
        "up":    { "uv": [ 9, 0.5, 9.5, 1 ], "texture": "#texture_top", "cullface": "up" },
        "north": { "uv": [ 9, 0.5, 9.5, 1 ], "texture": "#texture_top", "cullface": "up" },
        "south": { "uv": [ 9, 0.5, 9.5, 1 ], "texture": "#texture_top", "cullface": "up" },
        "west":  { "uv": [ 9, 0.5, 9.5, 1 ], "texture": "#texture_top", "cullface": "up" },
        "east":  { "uv": [ 6.5, 0.5, 7, 1 ], "texture": "#texture_top", "cullface": "up" }
    }
},
{
    "from": [ 6.5, 16, 9 ],
    "to": [ 9.5, 16.5, 9.5 ],
    "faces": {
        "up":    { "uv": [ 9, 11.5, 9.5, 12 ], "texture": "#texture_top", "cullface": "up" },
        "north": { "uv": [ 9, 11.5, 9.5, 12 ], "texture": "#texture_top", "cullface": "up" },
        "west":  { "uv": [ 9, 11.5, 9.5, 12 ], "texture": "#texture_top", "cullface": "up" },
        "east":  { "uv": [ 6.5, 11.5, 7, 12 ], "texture": "#texture_top", "cullface": "up" }
    }
},
{
    "from": [ 6.5, 16, 9.5 ],
    "to": [ 9.5, 17, 11.5 ],
    "faces": {
        "down":  { "uv": [ 11.5, 12, 9.5, 11.5 ], "rotation": 90, "texture": "#texture_top", "cullface": "up" },
        "up":    { "uv": [ 9.5, 11, 11.5, 11.5 ], "rotation": 90, "texture": "#texture_top", "cullface": "up" },
        "north": { "uv": [ 9.5, 11, 10, 12 ], "texture": "#texture_top", "cullface": "up" },
        "south": { "uv": [ 11, 11, 11.5, 12 ], "texture": "#texture_top", "cullface": "up" },
        "west":  { "uv": [ 9.5, 11, 11.5, 12 ], "texture": "#texture_top", "cullface": "up" },
        "east":  { "uv": [ 4.5, 11, 6.5, 12 ], "texture": "#texture_top", "cullface": "up" }
    }
},
{
    "from": [ 6.5, 17, 10.5 ],
    "to": [ 9.5, 17.5, 11.5 ],
    "faces": {
        "up":    { "uv": [ 10.5, 10.5, 11.5, 11 ], "rotation": 90, "texture": "#texture_top", "cullface": "up" },
        "north": { "uv": [ 5, 10.5, 5.5, 11 ], "texture": "#texture_top", "cullface": "up" },
        "west":  { "uv": [ 10.5, 10.5, 11.5, 11 ], "texture": "#texture_top", "cullface": "up" },
        "east":  { "uv": [ 4.5, 10.5, 5.5, 11 ], "texture": "#texture_top", "cullface": "up" }
    }
},
{
    "from": [ 6.5, 17, 11.5 ],
    "to": [ 9.5, 18, 12 ],
    "faces": {
        "down":  { "uv": [ 11.5, 10.5, 12, 11 ], "texture": "#texture_top", "cullface": "up" },
        "up":    { "uv": [ 11.5, 10, 12, 10.5 ], "texture": "#texture_top", "cullface": "up" },
        "north": { "uv": [ 4, 10, 4.5, 11 ], "texture": "#texture_top", "cullface": "up" },
        "south": { "uv": [ 11.5, 10, 12, 11 ], "texture": "#texture_top", "cullface": "up" },
        "west":  { "uv": [ 11.5, 10, 12, 11 ], "texture": "#texture_top", "cullface": "up" },
        "east":  { "uv": [ 4, 10, 4.5, 11 ], "texture": "#texture_top", "cullface": "up" }
    }
},
{
    "from": [ 7, 17, 12 ],
    "to": [ 9, 17.5, 12.5 ],
    "faces": {
        "down":  { "uv": [ 12, 10.5, 12.5, 11 ], "texture": "#texture_top", "cullface": "up" },
        "south": { "uv": [ 12, 10.5, 12.5, 11 ], "texture": "#texture_top", "cullface": "up" },
        "west":  { "uv": [ 12, 10.5, 12.5, 11 ], "texture": "#texture_top", "cullface": "up" },
        "east":  { "uv": [ 3.5, 10.5, 4, 11 ], "texture": "#texture_top", "cullface": "up" }
    }
},
{
    "from": [ 7, 17.5, 12 ],
    "to": [ 9, 18.5, 13 ],
    "faces": {
        "down":  { "uv": [ 12, 10, 13, 10.5 ], "rotation": 90, "texture": "#texture_top", "cullface": "up" },
        "up":    { "uv": [ 12, 9.5, 13, 10 ], "rotation": 90, "texture": "#texture_top", "cullface": "up" },
        "north": { "uv": [ 3, 9.5, 3.5, 10.5 ], "texture": "#texture_top", "cullface": "up" },
        "south": { "uv": [ 12, 9.5, 12.5, 10.5 ], "texture": "#texture_top", "cullface": "up" },
        "west":  { "uv": [ 12, 9.5, 13, 10.5 ], "texture": "#texture_top", "cullface": "up" },
        "east":  { "uv": [ 3, 9.5, 4, 10.5 ], "texture": "#texture_top", "cullface": "up" }
    }
},
{
    "from": [ 7.5, 17, 12.5 ],
    "to": [ 8.5, 19, 13 ],
    "faces": {
        "down":  { "uv": [ 3, 10.5, 3.5, 11 ], "texture": "#texture_top", "cullface": "up" },
        "up":    { "uv": [ 3.5, 9.5, 4, 10 ], "texture": "#texture_top", "cullface": "up" },
        "north": { "uv": [ 3, 9, 3.5, 11 ], "texture": "#texture_top", "cullface": "up" },
        "south": { "uv": [ 12.5, 9, 13, 11 ], "texture": "#texture_top", "cullface": "up" },
        "west":  { "uv": [ 12.5, 9, 13, 11 ], "texture": "#texture_top", "cullface": "up" },
        "east":  { "uv": [ 3, 9, 3.5, 11 ], "texture": "#texture_top", "cullface": "up" }
    }
},
{
    "from": [ 7.5, 17.5, 13 ],
    "to": [ 8.5, 19, 13.5 ],
    "faces": {
        "down":  { "uv": [ 13, 10, 13.5, 10.5 ], "texture": "#texture_top", "cullface": "up" },
        "up":    { "uv": [ 13, 9, 13.5, 9.5 ], "texture": "#texture_top", "cullface": "up" },
        "south": { "uv": [ 13, 9, 13.5, 10.5 ], "texture": "#texture_top", "cullface": "up" },
        "west":  { "uv": [ 13, 9, 13.5, 10.5 ], "texture": "#texture_top", "cullface": "up" },
        "east":  { "uv": [ 2.5, 9, 3, 10.5 ], "texture": "#texture_top", "cullface": "up" }
    }
},
{
    "from": [ 7.75, 19, 13 ],
    "to": [ 8.25, 21.5, 13.5 ],
    "faces": {
        "up":    { "uv": [ 13, 6.5, 13.5, 7 ], "texture": "#texture_top", "cullface": "up" },
        "north": { "uv": [ 2.5, 6.5, 3, 9 ], "texture": "#texture_top", "cullface": "up" },
        "south": { "uv": [ 13, 6.5, 13.5, 9 ], "texture": "#texture_top", "cullface": "up" },
        "west":  { "uv": [ 13, 6.5, 13.5, 9 ], "texture": "#texture_top", "cullface": "up" },
        "east":  { "uv": [ 2.5, 6.5, 3, 9 ], "texture": "#texture_top", "cullface": "up" }
    }
},
{
    "from": [ 7, 10.5, 9.5 ],
    "to": [ 9, 12, 10 ],
    "faces": {
        "down":  { "uv": [ 6.5, 3.5, 7, 4 ], "texture": "#texture_bottom" },
        "up":    { "uv": [ 6.5, 2.5, 7, 3 ], "texture": "#texture_bottom" },
        "north": { "uv": [ 6.5, 2.5, 7, 4 ], "texture": "#texture_bottom" },
        "south": { "uv": [ 6.5, 2.5, 7, 4 ], "texture": "#texture_bottom" },
        "west":  { "uv": [ 6.5, 2.5, 7, 4 ], "texture": "#texture_bottom" },
        "east":  { "uv": [ 6.5, 2.5, 7, 4 ], "texture": "#texture_bottom" }
    }
},
{
    "from": [ 7.5, 10.5, 10 ],
    "to": [ 8.5, 12.5, 10.5 ],
    "faces": {
        "down":  { "uv": [ 7, 3.5, 7.5, 4 ], "texture": "#texture_bottom" },
        "up":    { "uv": [ 7, 2, 7.5, 2.5 ], "texture": "#texture_bottom" },
        "north": { "uv": [ 7, 2, 7.5, 4 ], "texture": "#texture_bottom" },
        "south": { "uv": [ 7, 2, 7.5, 4 ], "texture": "#texture_bottom" },
        "west":  { "uv": [ 7, 2, 7.5, 4 ], "texture": "#texture_bottom" },
        "east":  { "uv": [ 7, 2, 7.5, 4 ], "texture": "#texture_bottom" }
    }
},
{
    "from": [ 7.75, 11.5, 10.5 ],
    "to": [ 8.25, 13.5, 11 ],
    "faces": {
        "down":  { "uv": [ 8, 3, 7.5, 2.5 ], "texture": "#texture_bottom" },
        "up":    { "uv": [ 7.5, 1, 8, 1.5 ], "texture": "#texture_bottom" },
        "north": { "uv": [ 7.5, 1, 8, 3 ], "texture": "#texture_bottom" },
        "south": { "uv": [ 7.5, 1, 8, 3 ], "texture": "#texture_bottom" },
        "west":  { "uv": [ 7.5, 1, 8, 3 ], "texture": "#texture_bottom" },
        "east":  { "uv": [ 7.5, 1, 8, 3 ], "texture": "#texture_bottom" }
    }
},
{
    "from": [ 7.75, 13, 11 ],
    "to": [ 8.25, 14, 11.5 ],
    "faces": {
        "down":  { "uv": [ 8, 1, 8.5, 1.5 ], "texture": "#texture_bottom" },
        "up":    { "uv": [ 8, 0.5, 8.5, 1 ], "texture": "#texture_bottom" },
        "north": { "uv": [ 8, 0.5, 8.5, 1.5 ], "texture": "#texture_bottom" },
        "south": { "uv": [ 8, 0.5, 8.5, 1.5 ], "texture": "#texture_bottom" },
        "west":  { "uv": [ 8, 0.5, 8.5, 1.5 ], "texture": "#texture_bottom" },
        "east":  { "uv": [ 8, 0.5, 8.5, 1.5 ], "texture": "#texture_bottom" }
    }
},
{
    "from": [ 7.75, 7.5, 9.5 ],
    "to": [ 8.25, 8.5, 10.5 ],
    "faces": {
        "down":  { "uv": [ 7.5, 7, 6.5, 6.5 ], "rotation": 90, "texture": "#texture_bottom" },
        "up":    { "uv": [ 6.5, 6, 7.5, 6.5 ], "rotation": 90, "texture": "#texture_bottom" },
        "north": { "uv": [ 6.5, 6, 7, 7 ], "texture": "#texture_bottom" },
        "south": { "uv": [ 7, 6, 7.5, 7 ], "texture": "#texture_bottom" },
        "west":  { "uv": [ 6.5, 6, 7.5, 7 ], "texture": "#texture_bottom" },
        "east":  { "uv": [ 2.5, 6, 3.5, 7 ], "texture": "#texture_bottom" }
    }
},
{
    "from": [ 7, -10, 6.5 ],
    "to": [ 9, -9, 9.5 ],
    "faces": {
        "down":  { "uv": [ 6.5, 11.5, 3.5, 11 ], "rotation": 90, "texture": "#texture_bottom", "cullface": "down" },
        "up":    { "uv": [ 3.5, 10.5, 6.5, 11 ], "rotation": 90, "texture": "#texture_bottom", "cullface": "down" },
        "north": { "uv": [ 3.5, 10.5, 4, 11.5 ], "texture": "#texture_bottom", "cullface": "down" },
        "south": { "uv": [ 6, 10.5, 6.5, 11.5 ], "texture": "#texture_bottom", "cullface": "down" },
        "west":  { "uv": [ 3.5, 10.5, 6.5, 11.5 ], "texture": "#texture_bottom", "cullface": "down" },
        "east":  { "uv": [ 3.5, 10.5, 6.5, 11.5 ], "texture": "#texture_bottom", "cullface": "down" }
    }
},
{
    "from": [ 7.5, -10.5, 5.5 ],
    "to": [ 8.5, -9.5, 10.5 ],
    "faces": {
        "down":  { "uv": [ 7.5, 12, 2.5, 11.5 ], "rotation": 90, "texture": "#texture_bottom", "cullface": "down" },
        "up":    { "uv": [ 2.5, 11, 7.5, 11.5 ], "rotation": 90, "texture": "#texture_bottom", "cullface": "down" },
        "north": { "uv": [ 2.5, 11, 3, 12 ], "texture": "#texture_bottom", "cullface": "down" },
        "south": { "uv": [ 2.5, 11, 3, 12 ], "texture": "#texture_bottom", "cullface": "down" },
        "west":  { "uv": [ 2.5, 11, 7.5, 12 ], "texture": "#texture_bottom", "cullface": "down" },
        "east":  { "uv": [ 2.5, 11, 7.5, 12 ], "texture": "#texture_bottom", "cullface": "down" }
    }
},
{
    "from": [ 7.75, -10.5, 5 ],
    "to": [ 8.25, -10, 11 ],
    "faces": {
        "down":  { "uv": [ 8, 12, 2, 11.5 ], "rotation": 90, "texture": "#texture_bottom", "cullface": "down" },
        "up":    { "uv": [ 2, 11.5, 8, 12 ], "rotation": 90, "texture": "#texture_bottom", "cullface": "down" },
        "north": { "uv": [ 2, 11.5, 2.5, 12 ], "texture": "#texture_bottom", "cullface": "down" },
        "south": { "uv": [ 7, 11.5, 7.5, 12 ], "texture": "#texture_bottom", "cullface": "down" },
        "west":  { "uv": [ 2, 11.5, 8, 12 ], "texture": "#texture_bottom", "cullface": "down" },
        "east":  { "uv": [ 2, 11.5, 8, 12 ], "texture": "#texture_bottom", "cullface": "down" }
    }
},
{
    "from": [ 7, -13.5, 6.5 ],
    "to": [ 9, -12, 9.5 ],
    "faces": {
        "down":  { "uv": [ 6.5, 15, 3.5, 14.5 ], "rotation": 90, "texture": "#texture_bottom", "cullface": "down" },
        "up":    { "uv": [ 3.5, 13.5, 6.5, 14 ], "rotation": 90, "texture": "#texture_bottom", "cullface": "down" },
        "north": { "uv": [ 4, 13.5, 6, 14 ], "texture": "#texture_bottom", "cullface": "down" },
        "south": { "uv": [ 4, 13.5, 6, 14 ], "texture": "#texture_bottom", "cullface": "down" },
        "west":  { "uv": [ 3.5, 13.5, 6.5, 15 ], "texture": "#texture_bottom", "cullface": "down" },
        "east":  { "uv": [ 3.5, 13.5, 6.5, 15 ], "texture": "#texture_bottom", "cullface": "down" }
    }
},
{
    "from": [ 7, -13.5, 6 ],
    "to": [ 9, -12.5, 10 ],
    "faces": {
        "down":  { "uv": [ 7, 15, 3, 14.5 ], "rotation": 90, "texture": "#texture_bottom", "cullface": "down" },
        "up":    { "uv": [ 3, 14, 7, 14.5 ], "rotation": 90, "texture": "#texture_bottom", "cullface": "down" },
        "north": { "uv": [ 4.5, 13, 5.5, 14 ], "texture": "#texture_bottom", "cullface": "down" },
        "south": { "uv": [ 4.5, 13, 5.5, 14 ], "texture": "#texture_bottom", "cullface": "down" },
        "west":  { "uv": [ 3, 14, 7, 15 ], "texture": "#texture_bottom", "cullface": "down" },
        "east":  { "uv": [ 3, 14, 7, 15 ], "texture": "#texture_bottom", "cullface": "down" }
    }
},
{
    "from": [ 7.5, -14, 5.5 ],
    "to": [ 8.5, -13, 6.5 ],
    "faces": {
        "down":  { "uv": [ 2.5, 15, 3.5, 15.5 ], "texture": "#texture_bottom", "cullface": "down" },
        "up":    { "uv": [ 2.5, 14.5, 3.5, 15 ], "texture": "#texture_bottom", "cullface": "down" },
        "north": { "uv": [ 2.5, 14.5, 3, 15.5 ], "texture": "#texture_bottom", "cullface": "down" },
        "south": { "uv": [ 3, 14.5, 3.5, 15.5 ], "texture": "#texture_bottom", "cullface": "down" },
        "west":  { "uv": [ 2.5, 14.5, 3.5, 15.5 ], "texture": "#texture_bottom", "cullface": "down" },
        "east":  { "uv": [ 2.5, 14.5, 3.5, 15.5 ], "texture": "#texture_bottom", "cullface": "down" }
    }
},
{
    "from": [ 7.75, -14, 5 ],
    "to": [ 8.25, -13.5, 5.5 ],
    "faces": {
        "down":  { "uv": [ 2, 15, 2.5, 15.5 ], "texture": "#texture_bottom", "cullface": "down" },
        "up":    { "uv": [ 2, 15, 2.5, 15.5 ], "texture": "#texture_bottom", "cullface": "down" },
        "north": { "uv": [ 2, 15, 2.5, 15.5 ], "texture": "#texture_bottom", "cullface": "down" },
        "west":  { "uv": [ 2, 15, 2.5, 15.5 ], "texture": "#texture_bottom", "cullface": "down" },
        "east":  { "uv": [ 2, 15, 2.5, 15.5 ], "texture": "#texture_bottom", "cullface": "down" }
    }
},
{
    "from": [ 7.5, -14, 9.5 ],
    "to": [ 8.5, -13, 10.5 ],
    "faces": {
        "down":  { "uv": [ 6.5, 15, 7.5, 15.5 ], "rotation": 90, "texture": "#texture_bottom", "cullface": "down" },
        "up":    { "uv": [ 6.5, 14.5, 7.5, 15 ], "rotation": 90, "texture": "#texture_bottom", "cullface": "down" },
        "north": { "uv": [ 6.5, 14.5, 7, 15.5 ], "texture": "#texture_bottom", "cullface": "down" },
        "south": { "uv": [ 7, 14.5, 7.5, 15.5 ], "texture": "#texture_bottom", "cullface": "down" },
        "west":  { "uv": [ 6.5, 14.5, 7.5, 15.5 ], "texture": "#texture_bottom", "cullface": "down" },
        "east":  { "uv": [ 6.5, 14.5, 7.5, 15.5 ], "texture": "#texture_bottom", "cullface": "down" }
    }
},
{
    "from": [ 7.75, -14, 10.5 ],
    "to": [ 8.25, -13.5, 11 ],
    "faces": {
        "down":  { "uv": [ 7.5, 15, 8, 15.5 ], "texture": "#texture_bottom", "cullface": "down" },
        "up":    { "uv": [ 7.5, 15, 8, 15.5 ], "texture": "#texture_bottom", "cullface": "down" },
        "south": { "uv": [ 7.5, 15, 8, 15.5 ], "texture": "#texture_bottom", "cullface": "down" },
        "west":  { "uv": [ 7.5, 15, 8, 15.5 ], "texture": "#texture_bottom", "cullface": "down" },
        "east":  { "uv": [ 7.5, 15, 8, 15.5 ], "texture": "#texture_bottom", "cullface": "down" }
    }
},
{
    "from": [ 7.5, 19, 7.5 ],
    "to": [ 8.5, 19.5, 8.5 ],
    "faces": {
        "west":  { "uv": [ 7.5, 8.5, 8.5, 9 ], "texture": "#texture_top", "cullface": "up" },
        "east":  { "uv": [ 7.5, 8.5, 8.5, 9 ], "texture": "#texture_top", "cullface": "up" }
    }
},
{
    "from": [ 7.5, 19.5, 7 ],
    "to": [ 8.5, 20, 8.5 ],
    "faces": {
        "down":  { "uv": [ 8, 8, 8.5, 8.5 ], "texture": "#texture_top", "cullface": "up" },
        "north": { "uv": [ 7, 8, 7.5, 8.5 ], "texture": "#texture_top", "cullface": "up" },
        "south": { "uv": [ 8, 8, 8.5, 8.5 ], "texture": "#texture_top", "cullface": "up" },
        "west":  { "uv": [ 7, 8, 8.5, 8.5 ], "texture": "#texture_top", "cullface": "up" },
        "east":  { "uv": [ 8.5, 8, 7, 8.5 ], "texture": "#texture_top", "cullface": "up" }
    }
},
{
    "from": [ 7.5, 20, 7 ],
    "to": [ 8.5, 20.5, 8.5 ],
    "faces": {
        "up":    { "uv": [ 7, 7.5, 7.5, 8 ], "texture": "#texture_top", "cullface": "up" },
        "north": { "uv": [ 7, 7.5, 7.5, 8 ], "texture": "#texture_top", "cullface": "up" },
        "south": { "uv": [ 8, 7.5, 8.5, 8 ], "texture": "#texture_top", "cullface": "up" },
        "west":  { "uv": [ 7, 7.5, 8.5, 8 ], "texture": "#texture_top", "cullface": "up" },
        "east":  { "uv": [ 8.5, 7.5, 7, 8 ], "texture": "#texture_top", "cullface": "up" }
    }
},
{
    "from": [ 7.75, 20.5, 6.5 ],
    "to": [ 8.25, 21, 9 ],
    "faces": {
        "down":  { "uv": [ 6.5, 7, 9, 7.5 ], "rotation": 270, "texture": "#texture_top", "cullface": "up" },
        "up":    { "uv": [ 6.5, 7, 9, 7.5 ], "rotation": 90, "texture": "#texture_top", "cullface": "up" },
        "north": { "uv": [ 6.5, 7, 7, 7.5 ], "texture": "#texture_top", "cullface": "up" },
        "south": { "uv": [ 8.5, 7, 9, 7.5 ], "texture": "#texture_top", "cullface": "up" },
        "west":  { "uv": [ 6.5, 7, 9, 7.5 ], "texture": "#texture_top", "cullface": "up" },
        "east":  { "uv": [ 9, 7, 6.5, 7.5 ], "texture": "#texture_top", "cullface": "up" }
    }
},
{
    "from": [ 7.75, 21, 6.5 ],
    "to": [ 8.25, 22, 8.5 ],
    "faces": {
        "up":    { "uv": [ 6.5, 6, 8.5, 6.5 ], "rotation": 90, "texture": "#texture_top", "cullface": "up" },
        "north": { "uv": [ 6.5, 6, 7, 7 ], "texture": "#texture_top", "cullface": "up" },
        "south": { "uv": [ 8, 6, 8.5, 7 ], "texture": "#texture_top", "cullface": "up" },
        "west":  { "uv": [ 6.5, 6, 8.5, 7 ], "texture": "#texture_top", "cullface": "up" },
        "east":  { "uv": [ 8.5, 6, 6.5, 7 ], "texture": "#texture_top", "cullface": "up" }
    }
},
{
    "from": [ 7.75, 22, 7 ],
    "to": [ 8.25, 22.5, 8 ],
    "faces": {
        "up":    { "uv": [ 7, 5.5, 8, 6 ], "rotation": 90, "texture": "#texture_top", "cullface": "up" },
        "north": { "uv": [ 7, 5.5, 7.5, 6 ], "texture": "#texture_top", "cullface": "up" },
        "south": { "uv": [ 7.5, 5.5, 8, 6 ], "texture": "#texture_top", "cullface": "up" },
        "west":  { "uv": [ 7, 5.5, 8, 6 ], "texture": "#texture_top", "cullface": "up" },
        "east":  { "uv": [ 8, 5.5, 7, 6 ], "texture": "#texture_top", "cullface": "up" }
    }
},
{
    "from": [ 7.75, 22.5, 7.5 ],
    "to": [ 8.25, 23.5, 8 ],
    "faces": {
        "up":    { "uv": [ 7.5, 4.5, 8, 5 ], "texture": "#texture_top", "cullface": "up" },
        "north": { "uv": [ 7.5, 4.5, 8, 5.5 ], "texture": "#texture_top", "cullface": "up" },
        "south": { "uv": [ 7.5, 4.5, 8, 5.5 ], "texture": "#texture_top", "cullface": "up" },
        "west":  { "uv": [ 7.5, 4.5, 8, 5.5 ], "texture": "#texture_top", "cullface": "up" },
        "east":  { "uv": [ 7.5, 4.5, 8, 5.5 ], "texture": "#texture_top", "cullface": "up" }
    }
},
{
    "from": [ 7.75, 20, 8.5 ],
    "to": [ 8.25, 20.5, 9 ],
    "faces": {
        "down":  { "uv": [ 8.5, 7.5, 9, 8 ], "texture": "#texture_top", "cullface": "up" },
        "south": { "uv": [ 8.5, 7.5, 9, 8 ], "texture": "#texture_top", "cullface": "up" },
        "west":  { "uv": [ 8.5, 7.5, 9, 8 ], "texture": "#texture_top", "cullface": "up" },
        "east":  { "uv": [ 8.5, 7.5, 9, 8 ], "texture": "#texture_top", "cullface": "up" }
    }
},
{
    "from": [ 7.5, 20.5, 7.5 ],
    "to": [ 8.5, 21.5, 8 ],
    "faces": {
        "up":    { "uv": [ 7.5, 6.5, 8, 7 ], "texture": "#texture_top", "cullface": "up" },
        "north": { "uv": [ 7.5, 6.5, 8, 7.5 ], "texture": "#texture_top", "cullface": "up" },
        "south": { "uv": [ 7.5, 6.5, 8, 7.5 ], "texture": "#texture_top", "cullface": "up" },
        "west":  { "uv": [ 7.5, 6.5, 8, 7.5 ], "texture": "#texture_top", "cullface": "up" },
        "east":  { "uv": [ 7.5, 6.5, 8, 7.5 ], "texture": "#texture_top", "cullface": "up" }
    }
},
{
    "from": [ 8, 10, -3 ],
    "to": [ 8.0625, 32, 19 ],
    "faces": {
        "west":  { "uv": [ 4.5, 0, 11.75, 7.5 ], "texture": "#particle", "cullface": "up" },
        "east":  { "uv": [ 11.75, 0, 4.5, 7.5 ], "texture": "#particle", "cullface": "up" }
    }
},
{
    "from": [ 4, 10, -2.25 ],
    "to": [ 4.0625, 32, 19.75 ],
    "faces": {
        "west":  { "uv": [ 4.5, 0, 11.75, 7.5 ], "rotation": 90, "texture": "#particle", "cullface": "up" },
        "east":  { "uv": [ 11.75, 0, 4.5, 7.5 ], "texture": "#particle", "cullface": "up" }
    }
},
{
    "from": [ 12.25, 10, -3 ],
    "to": [ 12.3125, 32, 19 ],
    "faces": {
        "west":  { "uv": [ 4.5, 0, 11.75, 7.5 ], "rotation": 180, "texture": "#particle", "cullface": "up" },
        "east":  { "uv": [ 11.75, 0, 4.5, 7.5 ], "texture": "#particle", "cullface": "up" }
    }
}
],
"display": {
    "thirdperson": {
        "rotation": [ -88, 0, 0 ],
        "translation": [ 0.4, 0.8, -5.8 ],
        "scale": [ 0.82, 0.85, 0.85 ]
    },
    "firstperson": {
        "rotation": [ 10, -18, 4 ],
        "translation": [ 1.3, 4.7, 0 ],
        "scale": [ 1.57, 1.48, 1.35 ]
    },
    "gui": {
        "rotation": [ 44, -125, -14 ],
        "translation": [ 0.1, 0.6, -0.8 ],
        "scale": [ -0.25, 0.69, 0.82 ]
    }
}
}