{
"__comment": "Designed by Theocomix with BDcraft Cubik PRO 0.95 Beta - http://bdcraft.net",
"textures": {
    "texture": "blocks/PALADIN S GunSide",
    "PALADIN GunTop N Bottom": "blocks/PALADIN S GunSide2",
    "PALADIN GunFront": "blocks/PALADIN GunFront",
    "PALADIN Fire": "blocks/PALADIN Fire",
    "PALADIN GunSide2": "blocks/PALADIN S GunSide2"
},
"elements": [ 
{
    "from": [ 5, 5, 2 ],
    "to": [ 11, 11.5, 10.5 ],
    "faces": {
        "down":  { "uv": [ 13.5, 10.5, 10, 5 ], "texture": "#texture" },
        "up":    { "uv": [ 10, 5, 13.5, 10.5 ], "texture": "#texture" },
        "north": { "uv": [ 10, 5, 13.5, 10.5 ], "texture": "#texture" },
        "south": { "uv": [ 2, 4.5, 10.5, 11 ], "texture": "#texture" },
        "west":  { "uv": [ 2, 4.5, 10.5, 11 ], "texture": "#texture" },
        "east":  { "uv": [ 5.5, 4.5, 14, 11 ], "texture": "#PALADIN GunSide2" }
    }
},
{
    "from": [ 5.5, 5.5, 10.5 ],
    "to": [ 10.5, 11, 13.5 ],
    "faces": {
        "down":  { "uv": [ 6, 10.5, 2.5, 5 ], "texture": "#PALADIN GunTop N Bottom" },
        "up":    { "uv": [ 2.5, 5, 6, 10.5 ], "texture": "#PALADIN GunTop N Bottom" },
        "north": { "uv": [ 2, 4.5, 10.5, 11 ], "texture": "#texture" },
        "south": { "uv": [ 2, 4.5, 10.5, 11 ], "texture": "#texture" },
        "west":  { "uv": [ 13, 5.5, 16, 10 ], "texture": "#texture" },
        "east":  { "uv": [ 0, 5.5, 3, 10 ], "texture": "#PALADIN GunSide2" }
    }
},
{
    "from": [ 6, 6, 13.5 ],
    "to": [ 10, 10.5, 16 ],
    "faces": {
        "down":  { "uv": [ 16, 10, 13, 5.5 ], "texture": "#texture" },
        "up":    { "uv": [ 13, 5.5, 16, 10 ], "texture": "#texture" },
        "north": { "uv": [ 2, 4.5, 10.5, 11 ], "texture": "#texture" },
        "south": { "uv": [ 2, 4.5, 10.5, 11 ], "texture": "#texture" },
        "west":  { "uv": [ 13, 5.5, 16, 10 ], "texture": "#texture" },
        "east":  { "uv": [ 13, 5.5, 16, 10 ], "texture": "#texture" }
    }
},
{
    "from": [ 5.5, 5.5, 0.5 ],
    "to": [ 10.5, 11, 2 ],
    "faces": {
        "down":  { "uv": [ 13.5, 10.5, 10, 5 ], "texture": "#texture" },
        "up":    { "uv": [ 10, 5, 13.5, 10.5 ], "texture": "#texture" },
        "north": { "uv": [ 10, 5, 13.5, 10.5 ], "texture": "#texture" },
        "south": { "uv": [ 5.5, 5, 10.5, 10.5 ], "texture": "#texture" },
        "west":  { "uv": [ 0.5, 5, 2, 10.5 ], "texture": "#texture" },
        "east":  { "uv": [ 14, 5, 15.5, 10.5 ], "texture": "#PALADIN GunSide2" }
    }
},
{
    "from": [ 6, 10.5, 1 ],
    "to": [ 10, 11.5, 2 ],
    "faces": {
        "down":  { "uv": [ 13.5, 10.5, 9.5, 6 ], "texture": "#texture" },
        "up":    { "uv": [ 10, 5, 13.5, 10.5 ], "texture": "#texture" },
        "north": { "uv": [ 6, 4.5, 10, 5.5 ], "texture": "#texture" },
        "south": { "uv": [ 6, 4.5, 10, 5.5 ], "texture": "#texture" },
        "west":  { "uv": [ 1, 4.5, 2, 5.5 ], "texture": "#texture" },
        "east":  { "uv": [ 14, 4.5, 15, 5.5 ], "texture": "#PALADIN GunSide2" }
    }
},
{
    "from": [ 6, 5, 1 ],
    "to": [ 10, 6, 2 ],
    "faces": {
        "down":  { "uv": [ 13.5, 10.5, 10, 5 ], "texture": "#texture" },
        "up":    { "uv": [ 10, 5, 13.5, 10.5 ], "texture": "#texture" },
        "north": { "uv": [ 5, 10, 9, 11 ], "texture": "#texture" },
        "south": { "uv": [ 6, 4.5, 10, 5.5 ], "texture": "#texture" },
        "west":  { "uv": [ 1, 10, 2, 11 ], "texture": "#texture" },
        "east":  { "uv": [ 14, 10, 15, 11 ], "texture": "#PALADIN GunSide2" }
    }
},
{
    "from": [ 6.5, 11.5, 1.5 ],
    "to": [ 9.5, 12, 2 ],
    "faces": {
        "down":  { "uv": [ 8, 4, 5, 3.5 ], "texture": "#texture" },
        "up":    { "uv": [ 4, 3.5, 7, 4 ], "texture": "#texture" },
        "north": { "uv": [ 13, 6.5, 16, 7 ], "texture": "#texture" },
        "south": { "uv": [ 13, 6.5, 16, 7 ], "texture": "#texture" },
        "west":  { "uv": [ 1.5, 4, 2, 4.5 ], "texture": "#texture" },
        "east":  { "uv": [ 1.5, 4, 2, 4.5 ], "texture": "#texture" }
    }
},
{
    "from": [ 6, 11.5, 2 ],
    "to": [ 10, 12, 2.5 ],
    "faces": {
        "down":  { "uv": [ 10, 2.5, 6, 2 ], "texture": "#texture" },
        "up":    { "uv": [ 10, 7, 13.5, 7.5 ], "texture": "#texture" },
        "north": { "uv": [ 10, 8, 13.5, 8.5 ], "texture": "#texture" },
        "south": { "uv": [ 10, 7, 13.5, 7.5 ], "texture": "#texture" },
        "west":  { "uv": [ 2, 4, 2.5, 4.5 ], "texture": "#texture" },
        "east":  { "uv": [ 2, 4, 2.5, 4.5 ], "texture": "#texture" }
    }
},
{
    "from": [ 5.5, 11.5, 2.5 ],
    "to": [ 10.5, 12, 10 ],
    "faces": {
        "down":  { "uv": [ 13.5, 10.5, 10, 5 ], "texture": "#texture" },
        "up":    { "uv": [ 10, 5, 13.5, 10.5 ], "texture": "#texture" },
        "north": { "uv": [ 10, 8, 13.5, 8.5 ], "texture": "#texture" },
        "south": { "uv": [ 10, 7.5, 13.5, 8 ], "texture": "#texture" },
        "west":  { "uv": [ 2, 4, 9.5, 4.5 ], "texture": "#texture" },
        "east":  { "uv": [ 2, 4, 9.5, 4.5 ], "texture": "#texture" }
    }
},
{
    "from": [ 6, 12, 2.5 ],
    "to": [ 10, 12.5, 9.5 ],
    "faces": {
        "down":  { "uv": [ 13.5, 10.5, 10, 5 ], "texture": "#texture" },
        "up":    { "uv": [ 10, 5, 13.5, 10.5 ], "texture": "#texture" },
        "north": { "uv": [ 4.5, 3.5, 8.5, 4 ], "texture": "#texture" },
        "south": { "uv": [ 4, 3.5, 8, 4 ], "texture": "#texture" },
        "west":  { "uv": [ 2, 3.5, 9, 4 ], "texture": "#texture" },
        "east":  { "uv": [ 2, 3.5, 9, 4 ], "texture": "#texture" }
    }
},
{
    "from": [ 6.5, 4.5, 1.5 ],
    "to": [ 9.5, 5, 2 ],
    "faces": {
        "down":  { "uv": [ 8, 4, 5, 3.5 ], "texture": "#texture" },
        "up":    { "uv": [ 4, 3.5, 7, 4 ], "texture": "#texture" },
        "north": { "uv": [ 13, 6.5, 16, 7 ], "texture": "#texture" },
        "south": { "uv": [ 13, 6.5, 16, 7 ], "texture": "#texture" },
        "west":  { "uv": [ 1.5, 4, 2, 4.5 ], "texture": "#texture" },
        "east":  { "uv": [ 1.5, 4, 2, 4.5 ], "texture": "#texture" }
    }
},
{
    "from": [ 6, 4.5, 2 ],
    "to": [ 10, 5, 2.5 ],
    "faces": {
        "down":  { "uv": [ 13.5, 8, 10, 7.5 ], "texture": "#texture" },
        "up":    { "uv": [ 10, 7, 13.5, 7.5 ], "texture": "#texture" },
        "north": { "uv": [ 10, 8, 13.5, 8.5 ], "texture": "#texture" },
        "south": { "uv": [ 10, 7, 13.5, 7.5 ], "texture": "#texture" },
        "west":  { "uv": [ 2, 4, 2.5, 4.5 ], "texture": "#texture" },
        "east":  { "uv": [ 2, 4, 2.5, 4.5 ], "texture": "#texture" }
    }
},
{
    "from": [ 5.5, 4.5, 2.5 ],
    "to": [ 10.5, 5, 10 ],
    "faces": {
        "down":  { "uv": [ 13.5, 10.5, 10, 5 ], "texture": "#texture" },
        "up":    { "uv": [ 10, 5, 13.5, 10.5 ], "texture": "#texture" },
        "north": { "uv": [ 10, 8, 13.5, 8.5 ], "texture": "#texture" },
        "south": { "uv": [ 10, 7.5, 13.5, 8 ], "texture": "#texture" },
        "west":  { "uv": [ 2, 4, 9.5, 4.5 ], "texture": "#texture" },
        "east":  { "uv": [ 2, 4, 9.5, 4.5 ], "texture": "#texture" }
    }
},
{
    "from": [ 6, 4, 2.5 ],
    "to": [ 10, 4.5, 9.5 ],
    "faces": {
        "down":  { "uv": [ 13.5, 10.5, 10, 5 ], "texture": "#texture" },
        "up":    { "uv": [ 10, 5, 13.5, 10.5 ], "texture": "#texture" },
        "north": { "uv": [ 4.5, 3.5, 8.5, 4 ], "texture": "#texture" },
        "south": { "uv": [ 4, 3.5, 8, 4 ], "texture": "#texture" },
        "west":  { "uv": [ 2, 3.5, 9, 4 ], "texture": "#texture" },
        "east":  { "uv": [ 2, 3.5, 9, 4 ], "texture": "#texture" }
    }
},
{
    "from": [ 6.5, 6.5, 16 ],
    "to": [ 9.5, 10, 19.5 ],
    "faces": {
        "down":  { "uv": [ 16, 5.5, 13, 10 ], "texture": "#texture" },
        "up":    { "uv": [ 13, 5.5, 16, 10 ], "texture": "#texture" },
        "north": { "uv": [ 2, 4.5, 10.5, 11 ], "texture": "#texture" },
        "south": { "uv": [ 2, 4.5, 10.5, 11 ], "texture": "#texture" },
        "west":  { "uv": [ 13, 5.5, 16, 10 ], "texture": "#texture" },
        "east":  { "uv": [ 13, 5.5, 16, 10 ], "texture": "#texture" }
    }
},
{
    "from": [ 5.5, 5.5, 2.5 ],
    "to": [ 10.5, 11, 10 ],
    "faces": {
        "down":  { "uv": [ 16, 16, 0, 14.5 ], "texture": "#PALADIN Fire" },
        "up":    { "uv": [ 0, 0, 16, 1.5 ], "texture": "#PALADIN Fire" },
        "north": { "uv": [ 0, 0, 16, 16 ], "texture": "#PALADIN Fire" },
        "south": { "uv": [ 0, 0, 16, 16 ], "texture": "#PALADIN Fire" },
        "west":  { "uv": [ 0, 0, 16, 16 ], "texture": "#PALADIN Fire" },
        "east":  { "uv": [ 0, 0, 16, 16 ], "texture": "#PALADIN Fire" }
    }
}
],
"display": {
    "thirdperson": {
        "rotation": [ -95, 0, 0 ],
        "translation": [ 0, 2, -0.7 ],
        "scale": [ 1.26, 1.26, 1.1 ]
    },
    "firstperson": {
        "rotation": [ -6, 143, -6 ],
        "translation": [ -7.3, 5.4, -1.9 ],
        "scale": [ 1.45, 1.48, 1.45 ]
    },
    "gui": {
        "rotation": [ -34, -111, -40 ],
        "translation": [ 0.7, -0.8, 0 ],
        "scale": [ 0.03, 1.32, 1.32 ]
    }
}
}