{
"__comment": "Designed by Hypixel minecraft server with BDcraft Cubik PRO 0.90 Beta - http://bdcraft.net",
"textures": {
    "cooked_salmon": "blocks/VoidSwordHandle",
    "cooked_salmon_1": "blocks/VoidSwordBlade1",
    "cooked_salmon_2": "blocks/VoidBlade2"
},
"elements": [ 
{
    "from": [ 7.5, -16, 7.5 ],
    "to": [ 8.5, -7, 8.5 ],
    "faces": {
        "down":  { "uv": [ 1.5, 15, 2.5, 16 ], "rotation": 180, "texture": "#cooked_salmon", "cullface": "down" },
        "north": { "uv": [ 1.5, 7, 2.5, 16 ], "texture": "#cooked_salmon", "cullface": "down" },
        "south": { "uv": [ 1.5, 7, 2.5, 16 ], "texture": "#cooked_salmon", "cullface": "down" },
        "west":  { "uv": [ 1.5, 7, 2.5, 16 ], "texture": "#cooked_salmon", "cullface": "down" },
        "east":  { "uv": [ 1.5, 7, 2.5, 16 ], "texture": "#cooked_salmon", "cullface": "down" }
    }
},
{
    "from": [ 7, -15.5, 7.5 ],
    "to": [ 9, -12.5, 8.5 ],
    "faces": {
        "down":  { "uv": [ 1.5, 15, 2, 15.5 ], "rotation": 180, "texture": "#cooked_salmon", "cullface": "down" },
        "up":    { "uv": [ 1.5, 5.5, 2, 6 ], "rotation": 180, "texture": "#cooked_salmon", "cullface": "down" },
        "north": { "uv": [ 1, 12.5, 3, 15.5 ], "texture": "#cooked_salmon", "cullface": "down" },
        "south": { "uv": [ 1, 12.5, 3, 15.5 ], "texture": "#cooked_salmon", "cullface": "down" },
        "west":  { "uv": [ 1.5, 12.5, 2.5, 15.5 ], "texture": "#cooked_salmon", "cullface": "down" },
        "east":  { "uv": [ 1.5, 12.5, 2.5, 15.5 ], "texture": "#cooked_salmon", "cullface": "down" }
    }
},
{
    "from": [ 7.5, -15.5, 7 ],
    "to": [ 8.5, -12.5, 9 ],
    "faces": {
        "down":  { "uv": [ 1.5, 15, 2, 15.5 ], "rotation": 270, "texture": "#cooked_salmon", "cullface": "down" },
        "up":    { "uv": [ 1.5, 5.5, 2, 6 ], "rotation": 270, "texture": "#cooked_salmon", "cullface": "down" },
        "north": { "uv": [ 1.5, 12.5, 2.5, 15.5 ], "texture": "#cooked_salmon", "cullface": "down" },
        "south": { "uv": [ 1.5, 12.5, 2.5, 15.5 ], "texture": "#cooked_salmon", "cullface": "down" },
        "west":  { "uv": [ 1, 12.5, 3, 15.5 ], "texture": "#cooked_salmon", "cullface": "down" },
        "east":  { "uv": [ 1, 12.5, 3, 15.5 ], "texture": "#cooked_salmon", "cullface": "down" }
    }
},
{
    "from": [ 6.5, -13.5, 8 ],
    "to": [ 9.5, -12.5, 8.5 ],
    "faces": {
        "down":  { "uv": [ 1.5, 5.5, 2, 6 ], "rotation": 180, "texture": "#cooked_salmon", "cullface": "down" },
        "up":    { "uv": [ 1.5, 5.5, 2, 6 ], "rotation": 180, "texture": "#cooked_salmon", "cullface": "down" },
        "north": { "uv": [ 0.5, 12.5, 3.5, 13.5 ], "texture": "#cooked_salmon", "cullface": "down" },
        "south": { "uv": [ 0.5, 12.5, 3.5, 13.5 ], "texture": "#cooked_salmon", "cullface": "down" },
        "west":  { "uv": [ 3, 12.5, 3.5, 13.5 ], "texture": "#cooked_salmon", "cullface": "down" },
        "east":  { "uv": [ 3, 12.5, 3.5, 13.5 ], "texture": "#cooked_salmon", "cullface": "down" }
    }
},
{
    "from": [ 7.5, -13.5, 6.5 ],
    "to": [ 8, -12.5, 9.5 ],
    "faces": {
        "down":  { "uv": [ 1.5, 5.5, 2, 6 ], "rotation": 180, "texture": "#cooked_salmon", "cullface": "down" },
        "up":    { "uv": [ 1.5, 5.5, 2, 6 ], "rotation": 180, "texture": "#cooked_salmon", "cullface": "down" },
        "north": { "uv": [ 3, 12.5, 3.5, 13.5 ], "texture": "#cooked_salmon", "cullface": "down" },
        "south": { "uv": [ 3, 12.5, 3.5, 13.5 ], "texture": "#cooked_salmon", "cullface": "down" },
        "west":  { "uv": [ 0.5, 12.5, 3.5, 13.5 ], "texture": "#cooked_salmon", "cullface": "down" },
        "east":  { "uv": [ 0.5, 12.5, 3.5, 13.5 ], "texture": "#cooked_salmon", "cullface": "down" }
    }
},
{
    "from": [ 6.5, -14.5, 8 ],
    "to": [ 9.5, -14, 8.5 ],
    "faces": {
        "down":  { "uv": [ 0.5, 14, 3.5, 14.5 ], "rotation": 180, "texture": "#cooked_salmon", "cullface": "down" },
        "up":    { "uv": [ 0.5, 14, 3.5, 14.5 ], "rotation": 180, "texture": "#cooked_salmon", "cullface": "down" },
        "north": { "uv": [ 0.5, 14, 3.5, 14.5 ], "texture": "#cooked_salmon", "cullface": "down" },
        "south": { "uv": [ 0.5, 14, 3.5, 14.5 ], "texture": "#cooked_salmon", "cullface": "down" },
        "west":  { "uv": [ 3, 14, 3.5, 14.5 ], "texture": "#cooked_salmon", "cullface": "down" },
        "east":  { "uv": [ 3, 14, 3.5, 14.5 ], "texture": "#cooked_salmon", "cullface": "down" }
    }
},
{
    "from": [ 7.5, -14.5, 6.5 ],
    "to": [ 8, -14, 9.5 ],
    "faces": {
        "down":  { "uv": [ 2.5, 8.5, 3, 11.5 ], "rotation": 180, "texture": "#cooked_salmon", "cullface": "down" },
        "up":    { "uv": [ 2.5, 8.5, 3, 11.5 ], "rotation": 180, "texture": "#cooked_salmon", "cullface": "down" },
        "north": { "uv": [ 3, 14, 3.5, 14.5 ], "texture": "#cooked_salmon", "cullface": "down" },
        "south": { "uv": [ 3, 14, 3.5, 14.5 ], "texture": "#cooked_salmon", "cullface": "down" },
        "west":  { "uv": [ 0.5, 14, 3.5, 14.5 ], "texture": "#cooked_salmon", "cullface": "down" },
        "east":  { "uv": [ 0.5, 14, 3.5, 14.5 ], "texture": "#cooked_salmon", "cullface": "down" }
    }
},
{
    "from": [ 7, -11.5, 7.5 ],
    "to": [ 9, -7.5, 8.5 ],
    "faces": {
        "up":    { "uv": [ 1, 7.5, 1.5, 8 ], "rotation": 180, "texture": "#cooked_salmon", "cullface": "down" },
        "north": { "uv": [ 3, 7.5, 1, 11.5 ], "texture": "#cooked_salmon", "cullface": "down" },
        "south": { "uv": [ 3, 7.5, 1, 11.5 ], "texture": "#cooked_salmon", "cullface": "down" },
        "west":  { "uv": [ 1.5, 7.5, 2.5, 11.5 ], "texture": "#cooked_salmon", "cullface": "down" },
        "east":  { "uv": [ 1.5, 7.5, 2.5, 11.5 ], "texture": "#cooked_salmon", "cullface": "down" }
    }
},
{
    "from": [ 7.5, -11.5, 7 ],
    "to": [ 8.5, -7.5, 9 ],
    "faces": {
        "up":    { "uv": [ 1, 7.5, 1.5, 8 ], "rotation": 180, "texture": "#cooked_salmon", "cullface": "down" },
        "north": { "uv": [ 1.5, 7.5, 2.5, 11.5 ], "texture": "#cooked_salmon", "cullface": "down" },
        "south": { "uv": [ 1.5, 7.5, 2.5, 11.5 ], "texture": "#cooked_salmon", "cullface": "down" },
        "west":  { "uv": [ 1, 7.5, 3, 11.5 ], "texture": "#cooked_salmon", "cullface": "down" },
        "east":  { "uv": [ 1, 7.5, 3, 11.5 ], "texture": "#cooked_salmon", "cullface": "down" }
    }
},
{
    "from": [ 7, -12, 7 ],
    "to": [ 9, -11.5, 9 ],
    "faces": {
        "down":  { "uv": [ 1, 11.5, 1.5, 12 ], "rotation": 180, "texture": "#cooked_salmon", "cullface": "down" },
        "up":    { "uv": [ 1, 11.5, 1.5, 12 ], "rotation": 180, "texture": "#cooked_salmon", "cullface": "down" },
        "north": { "uv": [ 1, 11.5, 3, 12 ], "texture": "#cooked_salmon", "cullface": "down" },
        "south": { "uv": [ 1, 11.5, 3, 12 ], "texture": "#cooked_salmon", "cullface": "down" },
        "west":  { "uv": [ 1, 11.5, 3, 12 ], "texture": "#cooked_salmon", "cullface": "down" },
        "east":  { "uv": [ 1, 11.5, 3, 12 ], "texture": "#cooked_salmon", "cullface": "down" }
    }
},
{
    "from": [ 7, -7, 7.5 ],
    "to": [ 9, -5, 8.5 ],
    "faces": {
        "down":  { "uv": [ 1.5, 6.5, 2, 7 ], "rotation": 180, "texture": "#cooked_salmon", "cullface": "down" },
        "north": { "uv": [ 1, 5, 3, 7 ], "texture": "#cooked_salmon", "cullface": "down" },
        "south": { "uv": [ 1, 5, 3, 7 ], "texture": "#cooked_salmon", "cullface": "down" },
        "west":  { "uv": [ 1.5, 5, 2.5, 7 ], "texture": "#cooked_salmon", "cullface": "down" },
        "east":  { "uv": [ 1.5, 5, 2.5, 7 ], "texture": "#cooked_salmon", "cullface": "down" }
    }
},
{
    "from": [ 7.5, -7, 7 ],
    "to": [ 8.5, -5, 9 ],
    "faces": {
        "down":  { "uv": [ 1.5, 6.5, 2, 7 ], "rotation": 180, "texture": "#cooked_salmon", "cullface": "down" },
        "north": { "uv": [ 1.5, 5, 2.5, 7 ], "texture": "#cooked_salmon", "cullface": "down" },
        "south": { "uv": [ 1.5, 5, 2.5, 7 ], "texture": "#cooked_salmon", "cullface": "down" },
        "west":  { "uv": [ 1, 5, 3, 7 ], "texture": "#cooked_salmon", "cullface": "down" },
        "east":  { "uv": [ 1, 5, 3, 7 ], "texture": "#cooked_salmon", "cullface": "down" }
    }
},
{
    "from": [ 6.5, -5, 7 ],
    "to": [ 9.5, -4.5, 9 ],
    "faces": {
        "down":  { "uv": [ 0.5, 4.5, 3.5, 5 ], "rotation": 180, "texture": "#cooked_salmon", "cullface": "down" },
        "north": { "uv": [ 0.5, 4.5, 3.5, 5 ], "texture": "#cooked_salmon", "cullface": "down" },
        "south": { "uv": [ 0.5, 4.5, 3.5, 5 ], "texture": "#cooked_salmon", "cullface": "down" },
        "west":  { "uv": [ 1, 4.5, 3, 5 ], "texture": "#cooked_salmon", "cullface": "down" },
        "east":  { "uv": [ 1, 4.5, 3, 5 ], "texture": "#cooked_salmon", "cullface": "down" }
    }
},
{
    "from": [ 7.5, -5, 6.5 ],
    "to": [ 8.5, -4.5, 7 ],
    "faces": {
        "down":  { "uv": [ 1.5, 4.5, 2.5, 5 ], "rotation": 180, "texture": "#cooked_salmon", "cullface": "down" },
        "north": { "uv": [ 1.5, 4.5, 2.5, 5 ], "texture": "#cooked_salmon" },
        "west":  { "uv": [ 1.5, 4.5, 2, 5 ], "texture": "#cooked_salmon", "cullface": "down" },
        "east":  { "uv": [ 1.5, 4.5, 2, 5 ], "texture": "#cooked_salmon" }
    }
},
{
    "from": [ 7.5, -5, 9 ],
    "to": [ 8.5, -4.5, 9.5 ],
    "faces": {
        "down":  { "uv": [ 1.5, 4.5, 2.5, 5 ], "rotation": 180, "texture": "#cooked_salmon", "cullface": "down" },
        "south": { "uv": [ 1.5, 4.5, 2.5, 5 ], "texture": "#cooked_salmon" },
        "west":  { "uv": [ 1.5, 4.5, 2, 5 ], "texture": "#cooked_salmon" },
        "east":  { "uv": [ 1.5, 4.5, 2, 5 ], "texture": "#cooked_salmon", "cullface": "down" }
    }
},
{
    "from": [ 6.5, -4.5, 6.5 ],
    "to": [ 9.5, -4, 9.5 ],
    "faces": {
        "down":  { "uv": [ 12.5, 12.5, 15.5, 15.5 ], "rotation": 180, "texture": "#cooked_salmon", "cullface": "down" },
        "up":    { "uv": [ 12.5, 12.5, 15.5, 15.5 ], "rotation": 180, "texture": "#cooked_salmon", "cullface": "down" },
        "north": { "uv": [ 3.5, 4, 0.5, 4.5 ], "texture": "#cooked_salmon", "cullface": "down" },
        "south": { "uv": [ 0.5, 4, 3.5, 4.5 ], "texture": "#cooked_salmon", "cullface": "down" },
        "west":  { "uv": [ 3.5, 4, 0.5, 4.5 ], "texture": "#cooked_salmon", "cullface": "down" },
        "east":  { "uv": [ 0.5, 4, 3.5, 4.5 ], "texture": "#cooked_salmon", "cullface": "down" }
    }
},
{
    "from": [ 6, -4.5, 7 ],
    "to": [ 6.5, -4, 9 ],
    "faces": {
        "down":  { "uv": [ 1, 4, 3, 4.5 ], "rotation": 270, "texture": "#cooked_salmon", "cullface": "down" },
        "up":    { "uv": [ 3, 4, 1, 4.5 ], "rotation": 270, "texture": "#cooked_salmon", "cullface": "down" },
        "north": { "uv": [ 1, 4, 1.5, 4.5 ], "texture": "#cooked_salmon" },
        "south": { "uv": [ 2.5, 4, 3, 4.5 ], "texture": "#cooked_salmon", "cullface": "down" },
        "west":  { "uv": [ 1, 4, 3, 4.5 ], "texture": "#cooked_salmon" }
    }
},
{
    "from": [ 9.5, -4.5, 7 ],
    "to": [ 10, -4, 9 ],
    "faces": {
        "down":  { "uv": [ 3, 4, 1, 4.5 ], "rotation": 270, "texture": "#cooked_salmon", "cullface": "down" },
        "up":    { "uv": [ 1, 4, 3, 4.5 ], "rotation": 270, "texture": "#cooked_salmon", "cullface": "down" },
        "north": { "uv": [ 2.5, 4, 3, 4.5 ], "texture": "#cooked_salmon", "cullface": "down" },
        "south": { "uv": [ 1, 4, 1.5, 4.5 ], "texture": "#cooked_salmon" },
        "east":  { "uv": [ 1, 4, 3, 4.5 ], "texture": "#cooked_salmon" }
    }
},
{
    "from": [ 7.5, -4, 7 ],
    "to": [ 8.5, -3.5, 9 ],
    "faces": {
        "north": { "uv": [ 7, 15.5, 8, 16 ], "texture": "#cooked_salmon", "cullface": "down" },
        "south": { "uv": [ 7, 15.5, 8, 16 ], "texture": "#cooked_salmon", "cullface": "down" },
        "west":  { "uv": [ 6.5, 15.5, 8.5, 16 ], "texture": "#cooked_salmon", "cullface": "down" },
        "east":  { "uv": [ 6.5, 15.5, 8.5, 16 ], "texture": "#cooked_salmon", "cullface": "down" }
    }
},
{
    "from": [ 7, -4, 7.5 ],
    "to": [ 9, -3.5, 8.5 ],
    "faces": {
        "north": { "uv": [ 6.5, 15.5, 8.5, 16 ], "texture": "#cooked_salmon", "cullface": "down" },
        "south": { "uv": [ 6.5, 15.5, 8.5, 16 ], "texture": "#cooked_salmon", "cullface": "down" },
        "west":  { "uv": [ 7, 15.5, 8, 16 ], "texture": "#cooked_salmon", "cullface": "down" },
        "east":  { "uv": [ 7, 15.5, 8, 16 ], "texture": "#cooked_salmon", "cullface": "down" }
    }
},
{
    "from": [ 7, -3.5, 7 ],
    "to": [ 9, -2, 9 ],
    "faces": {
        "down":  { "uv": [ 13, 13, 15, 15 ], "rotation": 180, "texture": "#cooked_salmon", "cullface": "down" },
        "up":    { "uv": [ 13, 13, 15, 15 ], "rotation": 180, "texture": "#cooked_salmon", "cullface": "down" },
        "north": { "uv": [ 6.5, 14, 8.5, 15.5 ], "texture": "#cooked_salmon", "cullface": "down" },
        "south": { "uv": [ 6.5, 14, 8.5, 15.5 ], "texture": "#cooked_salmon", "cullface": "down" },
        "west":  { "uv": [ 6.5, 14, 8.5, 15.5 ], "texture": "#cooked_salmon", "cullface": "down" },
        "east":  { "uv": [ 6.5, 14, 8.5, 15.5 ], "texture": "#cooked_salmon", "cullface": "down" }
    }
},
{
    "from": [ 6.5, -2.5, 6.5 ],
    "to": [ 7.5, -1.5, 7.5 ],
    "faces": {
        "down":  { "uv": [ 6.5, 14.5, 5.5, 13.5 ], "rotation": 180, "texture": "#cooked_salmon", "cullface": "down" },
        "up":    { "uv": [ 6, 13.5, 7, 14 ], "rotation": 180, "texture": "#cooked_salmon", "cullface": "down" },
        "north": { "uv": [ 8, 13.5, 9, 14.5 ], "texture": "#cooked_salmon", "cullface": "down" },
        "south": { "uv": [ 7, 13.5, 6, 14.5 ], "texture": "#cooked_salmon", "cullface": "down" },
        "west":  { "uv": [ 6, 13.5, 7, 14.5 ], "texture": "#cooked_salmon", "cullface": "down" },
        "east":  { "uv": [ 9, 13.5, 8, 14.5 ], "texture": "#cooked_salmon", "cullface": "down" }
    }
},
{
    "from": [ 6, -2.5, 6 ],
    "to": [ 7, -1.5, 7 ],
    "faces": {
        "down":  { "uv": [ 5.5, 13.5, 6.5, 14.5 ], "rotation": 180, "texture": "#cooked_salmon", "cullface": "down" },
        "up":    { "uv": [ 5.5, 13.5, 6.5, 14.5 ], "rotation": 180, "texture": "#cooked_salmon", "cullface": "down" },
        "north": { "uv": [ 8.5, 13.5, 9.5, 14.5 ], "texture": "#cooked_salmon", "cullface": "down" },
        "south": { "uv": [ 6.5, 13.5, 5.5, 14.5 ], "texture": "#cooked_salmon", "cullface": "down" },
        "west":  { "uv": [ 5.5, 13.5, 6.5, 14.5 ], "texture": "#cooked_salmon", "cullface": "down" },
        "east":  { "uv": [ 9.5, 13.5, 8.5, 14.5 ], "texture": "#cooked_salmon", "cullface": "down" }
    }
},
{
    "from": [ 6, -2.5, 9 ],
    "to": [ 7, -1.5, 10 ],
    "faces": {
        "down":  { "uv": [ 6.5, 14.5, 5.5, 13.5 ], "rotation": 90, "texture": "#cooked_salmon", "cullface": "down" },
        "up":    { "uv": [ 5.5, 13.5, 6.5, 14.5 ], "rotation": 270, "texture": "#cooked_salmon", "cullface": "down" },
        "north": { "uv": [ 9.5, 13.5, 8.5, 14.5 ], "texture": "#cooked_salmon", "cullface": "down" },
        "south": { "uv": [ 5.5, 13.5, 6.5, 14.5 ], "texture": "#cooked_salmon", "cullface": "down" },
        "west":  { "uv": [ 8.5, 13.5, 9.5, 14.5 ], "texture": "#cooked_salmon", "cullface": "down" },
        "east":  { "uv": [ 6.5, 13.5, 5.5, 14.5 ], "texture": "#cooked_salmon", "cullface": "down" }
    }
},
{
    "from": [ 9, -2.5, 6 ],
    "to": [ 10, -1.5, 7 ],
    "faces": {
        "down":  { "uv": [ 5.5, 13.5, 6.5, 14.5 ], "rotation": 270, "texture": "#cooked_salmon", "cullface": "down" },
        "up":    { "uv": [ 5.5, 13.5, 6.5, 14.5 ], "rotation": 270, "texture": "#cooked_salmon", "cullface": "down" },
        "north": { "uv": [ 5.5, 13.5, 6.5, 14.5 ], "texture": "#cooked_salmon", "cullface": "down" },
        "south": { "uv": [ 9.5, 13.5, 8.5, 14.5 ], "texture": "#cooked_salmon", "cullface": "down" },
        "west":  { "uv": [ 6.5, 13.5, 5.5, 14.5 ], "texture": "#cooked_salmon", "cullface": "down" },
        "east":  { "uv": [ 8.5, 13.5, 9.5, 14.5 ], "texture": "#cooked_salmon", "cullface": "down" }
    }
},
{
    "from": [ 9, -2.5, 9 ],
    "to": [ 10, -1.5, 10 ],
    "faces": {
        "down":  { "uv": [ 6.5, 14.5, 5.5, 13.5 ], "rotation": 180, "texture": "#cooked_salmon", "cullface": "down" },
        "up":    { "uv": [ 5.5, 13.5, 6.5, 14.5 ], "rotation": 180, "texture": "#cooked_salmon", "cullface": "down" },
        "north": { "uv": [ 6.5, 13.5, 5.5, 14.5 ], "texture": "#cooked_salmon", "cullface": "down" },
        "south": { "uv": [ 8.5, 13.5, 9.5, 14.5 ], "texture": "#cooked_salmon", "cullface": "down" },
        "west":  { "uv": [ 9.5, 13.5, 8.5, 14.5 ], "texture": "#cooked_salmon", "cullface": "down" },
        "east":  { "uv": [ 5.5, 13.5, 6.5, 14.5 ], "texture": "#cooked_salmon", "cullface": "down" }
    }
},
{
    "from": [ 8.5, -2.5, 6.5 ],
    "to": [ 9.5, -1.5, 7.5 ],
    "faces": {
        "down":  { "uv": [ 6.5, 14.5, 5.5, 13.5 ], "rotation": 270, "texture": "#cooked_salmon", "cullface": "down" },
        "up":    { "uv": [ 6, 13.5, 7, 14 ], "rotation": 180, "texture": "#cooked_salmon", "cullface": "down" },
        "north": { "uv": [ 6, 13.5, 7, 14.5 ], "texture": "#cooked_salmon", "cullface": "down" },
        "south": { "uv": [ 9, 13.5, 8, 14.5 ], "texture": "#cooked_salmon", "cullface": "down" },
        "west":  { "uv": [ 7, 13.5, 6, 14.5 ], "texture": "#cooked_salmon", "cullface": "down" },
        "east":  { "uv": [ 8, 13.5, 9, 14.5 ], "texture": "#cooked_salmon", "cullface": "down" }
    }
},
{
    "from": [ 8.5, -2.5, 8.5 ],
    "to": [ 9.5, -1.5, 9.5 ],
    "faces": {
        "down":  { "uv": [ 6.5, 14.5, 5.5, 13.5 ], "texture": "#cooked_salmon", "cullface": "down" },
        "up":    { "uv": [ 6, 13.5, 7, 14 ], "rotation": 180, "texture": "#cooked_salmon", "cullface": "down" },
        "north": { "uv": [ 7, 13.5, 6, 14.5 ], "texture": "#cooked_salmon", "cullface": "down" },
        "south": { "uv": [ 8, 13.5, 9, 14.5 ], "texture": "#cooked_salmon", "cullface": "down" },
        "west":  { "uv": [ 9, 13.5, 8, 14.5 ], "texture": "#cooked_salmon", "cullface": "down" },
        "east":  { "uv": [ 6, 13.5, 7, 14.5 ], "texture": "#cooked_salmon", "cullface": "down" }
    }
},
{
    "from": [ 6.5, -2.5, 8.5 ],
    "to": [ 7.5, -1.5, 9.5 ],
    "faces": {
        "down":  { "uv": [ 6.5, 14.5, 5.5, 13.5 ], "rotation": 270, "texture": "#cooked_salmon", "cullface": "down" },
        "up":    { "uv": [ 6, 13.5, 7, 14 ], "rotation": 180, "texture": "#cooked_salmon", "cullface": "down" },
        "north": { "uv": [ 6, 13.5, 7, 14.5 ], "texture": "#cooked_salmon", "cullface": "down" },
        "south": { "uv": [ 9, 13.5, 8, 14.5 ], "texture": "#cooked_salmon", "cullface": "down" },
        "west":  { "uv": [ 8, 13.5, 9, 14.5 ], "texture": "#cooked_salmon", "cullface": "down" },
        "east":  { "uv": [ 7, 13.5, 6, 14.5 ], "texture": "#cooked_salmon", "cullface": "down" }
    }
},
{
    "from": [ 7, -3, 6.5 ],
    "to": [ 7.5, -2.5, 7 ],
    "faces": {
        "down":  { "uv": [ 6, 14.5, 6.5, 15 ], "rotation": 180, "texture": "#cooked_salmon", "cullface": "down" },
        "north": { "uv": [ 6, 14.5, 6.5, 15 ], "texture": "#cooked_salmon" },
        "west":  { "uv": [ 6, 14.5, 6.5, 15 ], "texture": "#cooked_salmon", "cullface": "down" },
        "east":  { "uv": [ 6, 14.5, 6.5, 15 ], "texture": "#cooked_salmon" }
    }
},
{
    "from": [ 6.5, -3, 7 ],
    "to": [ 7, -2.5, 7.5 ],
    "faces": {
        "down":  { "uv": [ 8.5, 14.5, 9, 15 ], "rotation": 180, "texture": "#cooked_salmon", "cullface": "down" },
        "north": { "uv": [ 6, 14.5, 6.5, 15 ], "texture": "#cooked_salmon" },
        "south": { "uv": [ 6, 14.5, 6.5, 15 ], "texture": "#cooked_salmon", "cullface": "down" },
        "west":  { "uv": [ 6, 14.5, 6.5, 15 ], "texture": "#cooked_salmon" }
    }
},
{
    "from": [ 6.5, -3, 8.5 ],
    "to": [ 7, -2.5, 9 ],
    "faces": {
        "down":  { "uv": [ 6, 14.5, 6.5, 15 ], "rotation": 180, "texture": "#cooked_salmon", "cullface": "down" },
        "north": { "uv": [ 6, 14.5, 6.5, 15 ], "texture": "#cooked_salmon" },
        "south": { "uv": [ 6, 14.5, 6.5, 15 ], "texture": "#cooked_salmon", "cullface": "down" },
        "west":  { "uv": [ 6, 14.5, 6.5, 15 ], "texture": "#cooked_salmon" }
    }
},
{
    "from": [ 7, -3, 9 ],
    "to": [ 7.5, -2.5, 9.5 ],
    "faces": {
        "down":  { "uv": [ 6, 14.5, 6.5, 15 ], "rotation": 180, "texture": "#cooked_salmon", "cullface": "down" },
        "south": { "uv": [ 6, 14.5, 6.5, 15 ], "texture": "#cooked_salmon" },
        "west":  { "uv": [ 6, 14.5, 6.5, 15 ], "texture": "#cooked_salmon" },
        "east":  { "uv": [ 6, 14.5, 6.5, 15 ], "texture": "#cooked_salmon", "cullface": "down" }
    }
},
{
    "from": [ 8.5, -3, 9 ],
    "to": [ 9, -2.5, 9.5 ],
    "faces": {
        "down":  { "uv": [ 6, 14.5, 6.5, 15 ], "rotation": 180, "texture": "#cooked_salmon", "cullface": "down" },
        "south": { "uv": [ 6, 14.5, 6.5, 15 ], "texture": "#cooked_salmon" },
        "west":  { "uv": [ 8.5, 14.5, 9, 15 ], "texture": "#cooked_salmon" },
        "east":  { "uv": [ 6, 14.5, 6.5, 15 ], "texture": "#cooked_salmon", "cullface": "down" }
    }
},
{
    "from": [ 9, -3, 8.5 ],
    "to": [ 9.5, -2.5, 9 ],
    "faces": {
        "down":  { "uv": [ 6, 14.5, 6.5, 15 ], "rotation": 180, "texture": "#cooked_salmon", "cullface": "down" },
        "north": { "uv": [ 6, 14.5, 6.5, 15 ], "texture": "#cooked_salmon", "cullface": "down" },
        "south": { "uv": [ 6, 14.5, 6.5, 15 ], "texture": "#cooked_salmon" },
        "east":  { "uv": [ 6, 14.5, 6.5, 15 ], "texture": "#cooked_salmon" }
    }
},
{
    "from": [ 9, -3, 7 ],
    "to": [ 9.5, -2.5, 7.5 ],
    "faces": {
        "down":  { "uv": [ 6, 14.5, 6.5, 15 ], "rotation": 180, "texture": "#cooked_salmon", "cullface": "down" },
        "north": { "uv": [ 6, 14.5, 6.5, 15 ], "texture": "#cooked_salmon", "cullface": "down" },
        "south": { "uv": [ 6, 14.5, 6.5, 15 ], "texture": "#cooked_salmon" },
        "east":  { "uv": [ 6, 14.5, 6.5, 15 ], "texture": "#cooked_salmon" }
    }
},
{
    "from": [ 8.5, -3, 6.5 ],
    "to": [ 9, -2.5, 7 ],
    "faces": {
        "down":  { "uv": [ 8.5, 14.5, 9, 15 ], "rotation": 180, "texture": "#cooked_salmon", "cullface": "down" },
        "north": { "uv": [ 6.5, 14.5, 7, 15 ], "texture": "#cooked_salmon" },
        "west":  { "uv": [ 6, 14.5, 6.5, 15 ], "texture": "#cooked_salmon", "cullface": "down" },
        "east":  { "uv": [ 8.5, 14.5, 9, 15 ], "texture": "#cooked_salmon" }
    }
},
{
    "from": [ 7, -13.5, 7 ],
    "to": [ 9, -12.5, 9 ],
    "faces": {
        "down":  { "uv": [ 1.5, 5.5, 2, 6 ], "rotation": 180, "texture": "#cooked_salmon", "cullface": "down" },
        "up":    { "uv": [ 1.5, 5.5, 2, 6 ], "rotation": 180, "texture": "#cooked_salmon", "cullface": "down" },
        "north": { "uv": [ 1, 12.5, 3, 13.5 ], "texture": "#cooked_salmon", "cullface": "down" },
        "south": { "uv": [ 1, 12.5, 3, 13.5 ], "texture": "#cooked_salmon", "cullface": "down" },
        "west":  { "uv": [ 1, 12.5, 3, 13.5 ], "texture": "#cooked_salmon", "cullface": "down" },
        "east":  { "uv": [ 1, 12.5, 3, 13.5 ], "texture": "#cooked_salmon", "cullface": "down" }
    }
},
{
    "from": [ 7, -14.5, 7 ],
    "to": [ 9, -14, 9 ],
    "faces": {
        "down":  { "uv": [ 1, 14, 3, 14.5 ], "rotation": 180, "texture": "#cooked_salmon", "cullface": "down" },
        "up":    { "uv": [ 1, 14, 3, 14.5 ], "rotation": 180, "texture": "#cooked_salmon", "cullface": "down" },
        "north": { "uv": [ 1, 14, 3, 14.5 ], "texture": "#cooked_salmon", "cullface": "down" },
        "south": { "uv": [ 1, 14, 3, 14.5 ], "texture": "#cooked_salmon", "cullface": "down" },
        "west":  { "uv": [ 1, 14, 3, 14.5 ], "texture": "#cooked_salmon", "cullface": "down" },
        "east":  { "uv": [ 1, 14, 3, 14.5 ], "texture": "#cooked_salmon", "cullface": "down" }
    }
},
{
    "from": [ 5.5, -2, 6 ],
    "to": [ 6, -1, 6.5 ],
    "faces": {
        "down":  { "uv": [ 9, 13.5, 9.5, 14 ], "rotation": 180, "texture": "#cooked_salmon", "cullface": "down" },
        "up":    { "uv": [ 9, 13, 9.5, 13.5 ], "rotation": 180, "texture": "#cooked_salmon", "cullface": "down" },
        "south": { "uv": [ 5.5, 13, 6, 14 ], "texture": "#cooked_salmon" },
        "west":  { "uv": [ 5.5, 13, 6, 14 ], "texture": "#cooked_salmon" },
        "east":  { "uv": [ 9, 13, 9.5, 14 ], "texture": "#cooked_salmon", "cullface": "down" }
    }
},
{
    "from": [ 6.5, -1.5, 6.5 ],
    "to": [ 7, -1, 7 ],
    "faces": {
        "up":    { "uv": [ 8.5, 13, 9, 13.5 ], "rotation": 180, "texture": "#cooked_salmon", "cullface": "down" },
        "north": { "uv": [ 8.5, 13, 9, 13.5 ], "texture": "#cooked_salmon", "cullface": "down" },
        "south": { "uv": [ 6, 13, 6.5, 13.5 ], "texture": "#cooked_salmon", "cullface": "down" },
        "west":  { "uv": [ 6, 13, 6.5, 13.5 ], "texture": "#cooked_salmon", "cullface": "down" },
        "east":  { "uv": [ 8.5, 13, 9, 13.5 ], "texture": "#cooked_salmon", "cullface": "down" }
    }
},
{
    "from": [ 9, -1.5, 6.5 ],
    "to": [ 9.5, -1, 7 ],
    "faces": {
        "up":    { "uv": [ 6, 13, 6.5, 13.5 ], "rotation": 180, "texture": "#cooked_salmon", "cullface": "down" },
        "north": { "uv": [ 6, 13, 6.5, 13.5 ], "texture": "#cooked_salmon", "cullface": "down" },
        "south": { "uv": [ 8.5, 13, 9, 13.5 ], "texture": "#cooked_salmon", "cullface": "down" },
        "west":  { "uv": [ 6, 13, 6.5, 13.5 ], "texture": "#cooked_salmon", "cullface": "down" },
        "east":  { "uv": [ 8.5, 13, 9, 13.5 ], "texture": "#cooked_salmon", "cullface": "down" }
    }
},
{
    "from": [ 9, -1.5, 9 ],
    "to": [ 9.5, -1, 9.5 ],
    "faces": {
        "up":    { "uv": [ 6, 13, 6.5, 13.5 ], "rotation": 180, "texture": "#cooked_salmon", "cullface": "down" },
        "north": { "uv": [ 6, 13, 6.5, 13.5 ], "texture": "#cooked_salmon", "cullface": "down" },
        "south": { "uv": [ 8.5, 13, 9, 13.5 ], "texture": "#cooked_salmon", "cullface": "down" },
        "west":  { "uv": [ 8.5, 13, 9, 13.5 ], "texture": "#cooked_salmon", "cullface": "down" },
        "east":  { "uv": [ 6, 13, 6.5, 13.5 ], "texture": "#cooked_salmon", "cullface": "down" }
    }
},
{
    "from": [ 6.5, -1.5, 9 ],
    "to": [ 7, -1, 9.5 ],
    "faces": {
        "up":    { "uv": [ 8.5, 13, 9, 13.5 ], "rotation": 180, "texture": "#cooked_salmon", "cullface": "down" },
        "north": { "uv": [ 8.5, 13, 9, 13.5 ], "texture": "#cooked_salmon", "cullface": "down" },
        "south": { "uv": [ 6, 13, 6.5, 13.5 ], "texture": "#cooked_salmon", "cullface": "down" },
        "west":  { "uv": [ 8.5, 13, 9, 13.5 ], "texture": "#cooked_salmon", "cullface": "down" },
        "east":  { "uv": [ 6, 13, 6.5, 13.5 ], "texture": "#cooked_salmon", "cullface": "down" }
    }
},
{
    "from": [ 6, -1.5, 9.5 ],
    "to": [ 6.5, 1, 10 ],
    "faces": {
        "up":    { "uv": [ 9, 11, 9.5, 11.5 ], "rotation": 180, "texture": "#cooked_salmon", "cullface": "down" },
        "north": { "uv": [ 9, 11, 9.5, 13.5 ], "texture": "#cooked_salmon", "cullface": "down" },
        "south": { "uv": [ 5.5, 11, 6, 13.5 ], "texture": "#cooked_salmon", "cullface": "down" },
        "west":  { "uv": [ 9, 11, 9.5, 13.5 ], "texture": "#cooked_salmon", "cullface": "down" },
        "east":  { "uv": [ 5.5, 11, 6, 13.5 ], "texture": "#cooked_salmon", "cullface": "down" }
    }
},
{
    "from": [ 6, -1.5, 6 ],
    "to": [ 6.5, 1, 6.5 ],
    "faces": {
        "up":    { "uv": [ 9, 11, 9.5, 11.5 ], "rotation": 180, "texture": "#cooked_salmon", "cullface": "down" },
        "north": { "uv": [ 9, 11, 9.5, 13.5 ], "texture": "#cooked_salmon", "cullface": "down" },
        "south": { "uv": [ 5.5, 11, 6, 13.5 ], "texture": "#cooked_salmon", "cullface": "down" },
        "west":  { "uv": [ 5.5, 11, 6, 13.5 ], "texture": "#cooked_salmon", "cullface": "down" },
        "east":  { "uv": [ 9, 11, 9.5, 13.5 ], "texture": "#cooked_salmon", "cullface": "down" }
    }
},
{
    "from": [ 9.5, -1.5, 6 ],
    "to": [ 10, 1, 6.5 ],
    "faces": {
        "up":    { "uv": [ 9, 11, 9.5, 11.5 ], "rotation": 180, "texture": "#cooked_salmon", "cullface": "down" },
        "north": { "uv": [ 5.5, 11, 6, 13.5 ], "texture": "#cooked_salmon", "cullface": "down" },
        "south": { "uv": [ 9, 11, 9.5, 13.5 ], "texture": "#cooked_salmon", "cullface": "down" },
        "west":  { "uv": [ 5.5, 11, 6, 13.5 ], "texture": "#cooked_salmon", "cullface": "down" },
        "east":  { "uv": [ 9, 11, 9.5, 13.5 ], "texture": "#cooked_salmon", "cullface": "down" }
    }
},
{
    "from": [ 9.5, -1.5, 9.5 ],
    "to": [ 10, 1, 10 ],
    "faces": {
        "up":    { "uv": [ 9, 11, 9.5, 11.5 ], "rotation": 180, "texture": "#cooked_salmon", "cullface": "down" },
        "north": { "uv": [ 5.5, 11, 6, 13.5 ], "texture": "#cooked_salmon", "cullface": "down" },
        "south": { "uv": [ 9, 11, 9.5, 13.5 ], "texture": "#cooked_salmon", "cullface": "down" },
        "west":  { "uv": [ 9, 11, 9.5, 13.5 ], "texture": "#cooked_salmon", "cullface": "down" },
        "east":  { "uv": [ 5.5, 11, 6, 13.5 ], "texture": "#cooked_salmon", "cullface": "down" }
    }
},
{
    "from": [ 5.5, -2.5, 5.5 ],
    "to": [ 6, 0, 6 ],
    "faces": {
        "down":  { "uv": [ 9.5, 14, 10, 14.5 ], "rotation": 180, "texture": "#cooked_salmon", "cullface": "down" },
        "up":    { "uv": [ 9.5, 12, 10, 12.5 ], "rotation": 180, "texture": "#cooked_salmon", "cullface": "down" },
        "north": { "uv": [ 9.5, 12, 10, 14.5 ], "texture": "#cooked_salmon", "cullface": "down" },
        "south": { "uv": [ 9.5, 12, 10, 14.5 ], "texture": "#cooked_salmon", "cullface": "down" },
        "west":  { "uv": [ 9.5, 12, 10, 14.5 ], "texture": "#cooked_salmon", "cullface": "down" },
        "east":  { "uv": [ 9.5, 12, 10, 14.5 ], "texture": "#cooked_salmon", "cullface": "down" }
    }
},
{
    "from": [ 5.5, -2.5, 10 ],
    "to": [ 6, 0, 10.5 ],
    "faces": {
        "down":  { "uv": [ 9.5, 14, 10, 14.5 ], "rotation": 180, "texture": "#cooked_salmon", "cullface": "down" },
        "up":    { "uv": [ 9.5, 12, 10, 12.5 ], "rotation": 180, "texture": "#cooked_salmon", "cullface": "down" },
        "north": { "uv": [ 9.5, 12, 10, 14.5 ], "texture": "#cooked_salmon", "cullface": "down" },
        "south": { "uv": [ 9.5, 12, 10, 14.5 ], "texture": "#cooked_salmon", "cullface": "down" },
        "west":  { "uv": [ 9.5, 12, 10, 14.5 ], "texture": "#cooked_salmon", "cullface": "down" },
        "east":  { "uv": [ 9.5, 12, 10, 14.5 ], "texture": "#cooked_salmon", "cullface": "down" }
    }
},
{
    "from": [ 10, -2.5, 10 ],
    "to": [ 10.5, 0, 10.5 ],
    "faces": {
        "down":  { "uv": [ 9.5, 14, 10, 14.5 ], "rotation": 180, "texture": "#cooked_salmon", "cullface": "down" },
        "up":    { "uv": [ 9.5, 12, 10, 12.5 ], "rotation": 180, "texture": "#cooked_salmon", "cullface": "down" },
        "north": { "uv": [ 9.5, 12, 10, 14.5 ], "texture": "#cooked_salmon", "cullface": "down" },
        "south": { "uv": [ 9.5, 12, 10, 14.5 ], "texture": "#cooked_salmon", "cullface": "down" },
        "west":  { "uv": [ 9.5, 12, 10, 14.5 ], "texture": "#cooked_salmon", "cullface": "down" },
        "east":  { "uv": [ 9.5, 12, 10, 14.5 ], "texture": "#cooked_salmon", "cullface": "down" }
    }
},
{
    "from": [ 10, -2.5, 5.5 ],
    "to": [ 10.5, 0, 6 ],
    "faces": {
        "down":  { "uv": [ 9.5, 14, 10, 14.5 ], "rotation": 180, "texture": "#cooked_salmon", "cullface": "down" },
        "up":    { "uv": [ 9.5, 12, 10, 12.5 ], "rotation": 180, "texture": "#cooked_salmon", "cullface": "down" },
        "north": { "uv": [ 9.5, 12, 10, 14.5 ], "texture": "#cooked_salmon", "cullface": "down" },
        "south": { "uv": [ 9.5, 12, 10, 14.5 ], "texture": "#cooked_salmon", "cullface": "down" },
        "west":  { "uv": [ 9.5, 12, 10, 14.5 ], "texture": "#cooked_salmon", "cullface": "down" },
        "east":  { "uv": [ 9.5, 12, 10, 14.5 ], "texture": "#cooked_salmon", "cullface": "down" }
    }
},
{
    "from": [ 6, -2, 5.5 ],
    "to": [ 6.5, -1, 6 ],
    "faces": {
        "down":  { "uv": [ 9, 13.5, 9.5, 14 ], "rotation": 180, "texture": "#cooked_salmon", "cullface": "down" },
        "up":    { "uv": [ 9, 13, 9.5, 13.5 ], "rotation": 180, "texture": "#cooked_salmon", "cullface": "down" },
        "north": { "uv": [ 9, 13, 9.5, 14 ], "texture": "#cooked_salmon", "cullface": "down" },
        "south": { "uv": [ 5.5, 13, 6, 14 ], "texture": "#cooked_salmon" },
        "east":  { "uv": [ 9, 13, 9.5, 14 ], "texture": "#cooked_salmon" }
    }
},
{
    "from": [ 9.5, -2, 5.5 ],
    "to": [ 10, -1, 6 ],
    "faces": {
        "down":  { "uv": [ 9, 13.5, 9.5, 14 ], "rotation": 180, "texture": "#cooked_salmon", "cullface": "down" },
        "up":    { "uv": [ 9, 13, 9.5, 13.5 ], "rotation": 180, "texture": "#cooked_salmon", "cullface": "down" },
        "north": { "uv": [ 5.5, 13, 6, 14 ], "texture": "#cooked_salmon" },
        "south": { "uv": [ 9, 13, 9.5, 14 ], "texture": "#cooked_salmon", "cullface": "down" },
        "west":  { "uv": [ 5.5, 13, 6, 14 ], "texture": "#cooked_salmon" }
    }
},
{
    "from": [ 10, -2, 6 ],
    "to": [ 10.5, -1, 6.5 ],
    "faces": {
        "down":  { "uv": [ 9, 13.5, 9.5, 14 ], "rotation": 180, "texture": "#cooked_salmon", "cullface": "down" },
        "up":    { "uv": [ 9, 13, 9.5, 13.5 ], "rotation": 180, "texture": "#cooked_salmon", "cullface": "down" },
        "south": { "uv": [ 5.5, 13, 6, 14 ], "texture": "#cooked_salmon" },
        "west":  { "uv": [ 5.5, 13, 6, 14 ], "texture": "#cooked_salmon" },
        "east":  { "uv": [ 9, 13, 9.5, 14 ], "texture": "#cooked_salmon", "cullface": "down" }
    }
},
{
    "from": [ 10, -2, 9.5 ],
    "to": [ 10.5, -1, 10 ],
    "faces": {
        "down":  { "uv": [ 9, 13.5, 9.5, 14 ], "rotation": 180, "texture": "#cooked_salmon", "cullface": "down" },
        "up":    { "uv": [ 9, 13, 9.5, 13.5 ], "rotation": 180, "texture": "#cooked_salmon", "cullface": "down" },
        "north": { "uv": [ 5.5, 13, 6, 14 ], "texture": "#cooked_salmon" },
        "west":  { "uv": [ 9, 13, 9.5, 14 ], "texture": "#cooked_salmon", "cullface": "down" },
        "east":  { "uv": [ 5.5, 13, 6, 14 ], "texture": "#cooked_salmon" }
    }
},
{
    "from": [ 9.5, -2, 10 ],
    "to": [ 10, -1, 10.5 ],
    "faces": {
        "down":  { "uv": [ 9, 13.5, 9.5, 14 ], "rotation": 180, "texture": "#cooked_salmon", "cullface": "down" },
        "up":    { "uv": [ 9, 13, 9.5, 13.5 ], "rotation": 180, "texture": "#cooked_salmon", "cullface": "down" },
        "north": { "uv": [ 5.5, 13, 6, 14 ], "texture": "#cooked_salmon" },
        "south": { "uv": [ 9, 13, 9.5, 14 ], "texture": "#cooked_salmon", "cullface": "down" },
        "west":  { "uv": [ 9, 13, 9.5, 14 ], "texture": "#cooked_salmon" }
    }
},
{
    "from": [ 6, -2, 10 ],
    "to": [ 6.5, -1, 10.5 ],
    "faces": {
        "down":  { "uv": [ 9, 13.5, 9.5, 14 ], "rotation": 180, "texture": "#cooked_salmon", "cullface": "down" },
        "up":    { "uv": [ 9, 13, 9.5, 13.5 ], "rotation": 180, "texture": "#cooked_salmon", "cullface": "down" },
        "north": { "uv": [ 9, 13, 9.5, 14 ], "texture": "#cooked_salmon", "cullface": "down" },
        "south": { "uv": [ 5.5, 13, 6, 14 ], "texture": "#cooked_salmon" },
        "east":  { "uv": [ 5.5, 13, 6, 14 ], "texture": "#cooked_salmon" }
    }
},
{
    "from": [ 5.5, -2, 9.5 ],
    "to": [ 6, -1, 10 ],
    "faces": {
        "down":  { "uv": [ 9, 13.5, 9.5, 14 ], "rotation": 180, "texture": "#cooked_salmon", "cullface": "down" },
        "up":    { "uv": [ 9, 13, 9.5, 13.5 ], "rotation": 180, "texture": "#cooked_salmon", "cullface": "down" },
        "north": { "uv": [ 9, 13, 9.5, 14 ], "texture": "#cooked_salmon" },
        "west":  { "uv": [ 9, 13, 9.5, 14 ], "texture": "#cooked_salmon", "cullface": "down" },
        "east":  { "uv": [ 5.5, 13, 6, 14 ], "texture": "#cooked_salmon" }
    }
},
{
    "from": [ 6.5, -0.5, 6.5 ],
    "to": [ 7, 2, 7 ],
    "faces": {
        "down":  { "uv": [ 6, 12, 6.5, 12.5 ], "rotation": 180, "texture": "#cooked_salmon", "cullface": "down" },
        "up":    { "uv": [ 6, 10, 6.5, 10.5 ], "rotation": 180, "texture": "#cooked_salmon", "cullface": "down" },
        "north": { "uv": [ 6, 10, 6.5, 12.5 ], "texture": "#cooked_salmon", "cullface": "down" },
        "south": { "uv": [ 6, 10, 6.5, 12.5 ], "texture": "#cooked_salmon", "cullface": "down" },
        "west":  { "uv": [ 6, 10, 6.5, 12.5 ], "texture": "#cooked_salmon", "cullface": "down" },
        "east":  { "uv": [ 6, 10, 6.5, 12.5 ], "texture": "#cooked_salmon", "cullface": "down" }
    }
},
{
    "from": [ 6.5, -0.5, 9 ],
    "to": [ 7, 2, 9.5 ],
    "faces": {
        "down":  { "uv": [ 6, 12, 6.5, 12.5 ], "rotation": 180, "texture": "#cooked_salmon", "cullface": "down" },
        "up":    { "uv": [ 6, 10, 6.5, 10.5 ], "rotation": 180, "texture": "#cooked_salmon", "cullface": "down" },
        "north": { "uv": [ 6, 10, 6.5, 12.5 ], "texture": "#cooked_salmon", "cullface": "down" },
        "south": { "uv": [ 6, 10, 6.5, 12.5 ], "texture": "#cooked_salmon", "cullface": "down" },
        "west":  { "uv": [ 6, 10, 6.5, 12.5 ], "texture": "#cooked_salmon", "cullface": "down" },
        "east":  { "uv": [ 6, 10, 6.5, 12.5 ], "texture": "#cooked_salmon", "cullface": "down" }
    }
},
{
    "from": [ 9, -0.5, 9 ],
    "to": [ 9.5, 2, 9.5 ],
    "faces": {
        "down":  { "uv": [ 6, 12, 6.5, 12.5 ], "rotation": 180, "texture": "#cooked_salmon", "cullface": "down" },
        "up":    { "uv": [ 6, 10, 6.5, 10.5 ], "rotation": 180, "texture": "#cooked_salmon", "cullface": "down" },
        "north": { "uv": [ 6, 10, 6.5, 12.5 ], "texture": "#cooked_salmon", "cullface": "down" },
        "south": { "uv": [ 6, 10, 6.5, 12.5 ], "texture": "#cooked_salmon", "cullface": "down" },
        "west":  { "uv": [ 6, 10, 6.5, 12.5 ], "texture": "#cooked_salmon", "cullface": "down" },
        "east":  { "uv": [ 6, 10, 6.5, 12.5 ], "texture": "#cooked_salmon", "cullface": "down" }
    }
},
{
    "from": [ 9, -0.5, 6.5 ],
    "to": [ 9.5, 2, 7 ],
    "faces": {
        "down":  { "uv": [ 6, 12, 6.5, 12.5 ], "rotation": 180, "texture": "#cooked_salmon", "cullface": "down" },
        "up":    { "uv": [ 6, 10, 6.5, 10.5 ], "rotation": 180, "texture": "#cooked_salmon", "cullface": "down" },
        "north": { "uv": [ 6, 10, 6.5, 12.5 ], "texture": "#cooked_salmon", "cullface": "down" },
        "south": { "uv": [ 6, 10, 6.5, 12.5 ], "texture": "#cooked_salmon", "cullface": "down" },
        "west":  { "uv": [ 6, 10, 6.5, 12.5 ], "texture": "#cooked_salmon", "cullface": "down" },
        "east":  { "uv": [ 6, 10, 6.5, 12.5 ], "texture": "#cooked_salmon", "cullface": "down" }
    }
},
{
    "from": [ 7, 0, 7 ],
    "to": [ 7.5, 3, 7.5 ],
    "faces": {
        "down":  { "uv": [ 6.5, 11.5, 7, 12 ], "rotation": 180, "texture": "#cooked_salmon", "cullface": "down" },
        "up":    { "uv": [ 6.5, 9, 7, 9.5 ], "rotation": 180, "texture": "#cooked_salmon" },
        "north": { "uv": [ 6.5, 9, 7, 12 ], "texture": "#cooked_salmon" },
        "south": { "uv": [ 6.5, 9, 7, 12 ], "texture": "#cooked_salmon" },
        "west":  { "uv": [ 6.5, 9, 7, 12 ], "texture": "#cooked_salmon" },
        "east":  { "uv": [ 6.5, 9, 7, 12 ], "texture": "#cooked_salmon" }
    }
},
{
    "from": [ 7, 0, 8.5 ],
    "to": [ 7.5, 3, 9 ],
    "faces": {
        "down":  { "uv": [ 6.5, 11.5, 7, 12 ], "rotation": 180, "texture": "#cooked_salmon", "cullface": "down" },
        "up":    { "uv": [ 6.5, 9, 7, 9.5 ], "rotation": 180, "texture": "#cooked_salmon" },
        "north": { "uv": [ 6.5, 9, 7, 12 ], "texture": "#cooked_salmon" },
        "south": { "uv": [ 6.5, 9, 7, 12 ], "texture": "#cooked_salmon" },
        "west":  { "uv": [ 6.5, 9, 7, 12 ], "texture": "#cooked_salmon" },
        "east":  { "uv": [ 6.5, 9, 7, 12 ], "texture": "#cooked_salmon" }
    }
},
{
    "from": [ 8.5, 0, 8.5 ],
    "to": [ 9, 3, 9 ],
    "faces": {
        "down":  { "uv": [ 6.5, 11.5, 7, 12 ], "rotation": 180, "texture": "#cooked_salmon", "cullface": "down" },
        "up":    { "uv": [ 6.5, 9, 7, 9.5 ], "rotation": 180, "texture": "#cooked_salmon" },
        "north": { "uv": [ 6.5, 9, 7, 12 ], "texture": "#cooked_salmon" },
        "south": { "uv": [ 6.5, 9, 7, 12 ], "texture": "#cooked_salmon" },
        "west":  { "uv": [ 6.5, 9, 7, 12 ], "texture": "#cooked_salmon" },
        "east":  { "uv": [ 6.5, 9, 7, 12 ], "texture": "#cooked_salmon" }
    }
},
{
    "from": [ 8.5, 0, 7 ],
    "to": [ 9, 3, 7.5 ],
    "faces": {
        "down":  { "uv": [ 6.5, 11.5, 7, 12 ], "rotation": 180, "texture": "#cooked_salmon", "cullface": "down" },
        "up":    { "uv": [ 6.5, 9, 7, 9.5 ], "rotation": 180, "texture": "#cooked_salmon" },
        "north": { "uv": [ 6.5, 9, 7, 12 ], "texture": "#cooked_salmon" },
        "south": { "uv": [ 6.5, 9, 7, 12 ], "texture": "#cooked_salmon" },
        "west":  { "uv": [ 6.5, 9, 7, 12 ], "texture": "#cooked_salmon" },
        "east":  { "uv": [ 6.5, 9, 7, 12 ], "texture": "#cooked_salmon" }
    }
},
{
    "from": [ 0, -2, 8 ],
    "to": [ 16, 32, 8.0625 ],
    "shade": false,
    "faces": {
        "north": { "uv": [ 0, 0, 5, 10.5 ], "texture": "#cooked_salmon_1" },
        "south": { "uv": [ 5.5, 0, 10.5, 10.5 ], "texture": "#cooked_salmon_1" }
    }
},
{
    "from": [ 2.5, -2, 13.5 ],
    "to": [ 18.5, 32, 13.5625 ],
    "shade": false,
    "rotation": { "origin": [ 2.5, -2, 13.5 ], "axis": "y", "angle": 45 },
    "faces": {
        "north": { "uv": [ 5, 0, 11, 10.5 ], "texture": "#cooked_salmon_2" },
        "south": { "uv": [ 0, 3, 4.5, 13 ], "texture": "#cooked_salmon_2" }
    }
},
{
    "from": [ 2.5, -2, 2.5 ],
    "to": [ 18.5, 32, 2.5625 ],
    "shade": false,
    "rotation": { "origin": [ 2.5, -2, 2.5 ], "axis": "y", "angle": -45 },
    "faces": {
        "north": { "uv": [ 0, 3, 4.5, 13 ], "texture": "#cooked_salmon_2" },
        "south": { "uv": [ 11, 0, 5, 10.5 ], "texture": "#cooked_salmon_2" }
    }
},
{
    "from": [ 7.5, -2, 7.5 ],
    "to": [ 8.5, 27.5, 8.5 ],
    "shade": false,
    "faces": {
        "up":    { "uv": [ 7.75, 7.5, 8.25, 8 ], "rotation": 180, "texture": "#cooked_salmon_1" },
        "north": { "uv": [ 7.75, 3, 8.25, 10.5 ], "texture": "#cooked_salmon_1" },
        "south": { "uv": [ 7.75, 3, 8.25, 10.5 ], "texture": "#cooked_salmon_1" },
        "west":  { "uv": [ 8.25, 3, 7.75, 10.5 ], "texture": "#cooked_salmon_1" },
        "east":  { "uv": [ 8.25, 3, 7.75, 10.5 ], "texture": "#cooked_salmon_1" }
    }
}
],
"display": {
    "thirdperson": {
        "rotation": [ -1, 84, -89 ],
        "translation": [ 1.1, 0.4, -8.4 ],
        "scale": [ 1, 1, 1 ]
    },
    "firstperson": {
        "rotation": [ 20, -47, -6 ],
        "translation": [ 1.3, 9.1, 0.8 ],
        "scale": [ 1.45, 1.42, 1.23 ]
    },
    "gui": {
        "rotation": [ -40, 21, 28 ],
        "translation": [ -0.7, 0.8, 0 ],
        "scale": [ -0.22, 0.69, 0.94 ]
    }
}
}