{
"__comment": "Designed by Hypixel minecraft server with BDcraft Cubik PRO 0.92 Beta - http://bdcraft.net",
"textures": {
    "texture": "items/golden_sword",
    "energyblade_ani2": "items/unstablesabrepurple",
    "blade": "items/blade_purple"
},
"elements": [ 
{
    "from": [ 6.5, -1.5, 7.25 ],
    "to": [ 9.5, 0, 8.75 ],
    "faces": {
        "down":  { "uv": [ 6.5, 4.5, 9.5, 5 ], "texture": "#texture" },
        "up":    { "uv": [ 6.5, 3.5, 9.5, 4 ], "texture": "#texture" },
        "north": { "uv": [ 9.5, 3.5, 6.5, 5 ], "texture": "#texture" },
        "south": { "uv": [ 6.5, 3.5, 9.5, 5 ], "texture": "#texture" },
        "west":  { "uv": [ 6.5, 3.5, 7, 5 ], "texture": "#texture" },
        "east":  { "uv": [ 9, 3.5, 9.5, 5 ], "texture": "#texture" }
    }
},
{
    "from": [ 8, 0, 7.375 ],
    "to": [ 9.5, 0.5, 8.625 ],
    "faces": {
        "up":    { "uv": [ 8, 3, 9.5, 3.5 ], "texture": "#texture" },
        "north": { "uv": [ 9.5, 3, 8, 3.5 ], "texture": "#texture" },
        "south": { "uv": [ 8, 3, 9.5, 3.5 ], "texture": "#texture" },
        "west":  { "uv": [ 8, 3, 8.5, 3.5 ], "texture": "#texture" },
        "east":  { "uv": [ 9, 3, 9.5, 3.5 ], "texture": "#texture" }
    }
},
{
    "from": [ 8.75, 0.5, 7.375 ],
    "to": [ 9.5, 1, 8.625 ],
    "faces": {
        "up":    { "uv": [ 8.75, 2.5, 9.5, 3.5 ], "texture": "#texture" },
        "north": { "uv": [ 9.5, 2.5, 8.75, 3 ], "texture": "#texture" },
        "south": { "uv": [ 8.75, 2.5, 9.5, 3 ], "texture": "#texture" },
        "west":  { "uv": [ 8.5, 2.5, 9, 3 ], "texture": "#texture" },
        "east":  { "uv": [ 9, 2.5, 9.5, 3 ], "texture": "#texture" }
    }
},
{
    "from": [ 8.25, 0, 7.25 ],
    "to": [ 9.25, 0.5, 8.75 ],
    "faces": {
        "up":    { "uv": [ 8.25, 3, 9.25, 3.5 ], "texture": "#texture" },
        "north": { "uv": [ 9.25, 3, 8.25, 3.5 ], "texture": "#texture" },
        "south": { "uv": [ 8.25, 3, 9.25, 3.5 ], "texture": "#texture" },
        "west":  { "uv": [ 8, 3, 8.5, 3.5 ], "texture": "#texture" },
        "east":  { "uv": [ 9, 3, 9.5, 3.5 ], "texture": "#texture" }
    }
},
{
    "from": [ 7.25, -1.5, 6.5 ],
    "to": [ 8.75, 0, 9.5 ],
    "faces": {
        "down":  { "uv": [ 7.25, 4.5, 8.75, 5 ], "texture": "#texture" },
        "up":    { "uv": [ 7.25, 3.5, 8.75, 4 ], "texture": "#texture" },
        "north": { "uv": [ 8.75, 3.5, 7.25, 5 ], "texture": "#texture" },
        "south": { "uv": [ 7.25, 3.5, 8.75, 5 ], "texture": "#texture" },
        "west":  { "uv": [ 7, 3.5, 7.5, 5 ], "texture": "#texture" },
        "east":  { "uv": [ 8, 3.5, 8.5, 5 ], "texture": "#texture" }
    }
},
{
    "from": [ 6.75, -1.5, 6.75 ],
    "to": [ 9.25, 0, 9.25 ],
    "faces": {
        "down":  { "uv": [ 6.75, 4.5, 9.25, 5 ], "texture": "#texture" },
        "up":    { "uv": [ 6.75, 3.5, 9.25, 4 ], "texture": "#texture" },
        "north": { "uv": [ 9.25, 3.5, 6.75, 5 ], "texture": "#texture" },
        "south": { "uv": [ 6.75, 3.5, 9.25, 5 ], "texture": "#texture" },
        "west":  { "uv": [ 6.5, 3.5, 7, 5 ], "texture": "#texture" },
        "east":  { "uv": [ 9, 3.5, 9.5, 5 ], "texture": "#texture" }
    }
},
{
    "from": [ 7, -3.5, 7.5 ],
    "to": [ 9, -1.5, 8.5 ],
    "faces": {
        "north": { "uv": [ 9, 5, 7, 7 ], "texture": "#texture" },
        "south": { "uv": [ 7, 5, 9, 7 ], "texture": "#texture" },
        "west":  { "uv": [ 7, 5, 7.5, 7 ], "texture": "#texture" },
        "east":  { "uv": [ 8.5, 5, 9, 7 ], "texture": "#texture" }
    }
},
{
    "from": [ 7.5, -3.5, 7 ],
    "to": [ 8.5, -1.5, 9 ],
    "faces": {
        "north": { "uv": [ 8.5, 5, 7.5, 7 ], "texture": "#texture" },
        "south": { "uv": [ 7.5, 5, 8.5, 7 ], "texture": "#texture" },
        "west":  { "uv": [ 7.5, 5, 8, 7 ], "texture": "#texture" },
        "east":  { "uv": [ 8, 5, 8.5, 7 ], "texture": "#texture" }
    }
},
{
    "from": [ 7.25, -3.5, 7.25 ],
    "to": [ 8.75, -1.5, 8.75 ],
    "faces": {
        "north": { "uv": [ 8.75, 5, 7.25, 7 ], "texture": "#texture" },
        "south": { "uv": [ 7.25, 5, 8.75, 7 ], "texture": "#texture" },
        "west":  { "uv": [ 7, 5, 7.5, 7 ], "texture": "#texture" },
        "east":  { "uv": [ 8.5, 5, 9, 7 ], "texture": "#texture" }
    }
},
{
    "from": [ 7, -5, 7 ],
    "to": [ 9, -3.5, 9 ],
    "faces": {
        "down":  { "uv": [ 7, 7, 9, 8.5 ], "texture": "#texture" },
        "up":    { "uv": [ 7, 7, 9, 8.5 ], "texture": "#texture" },
        "north": { "uv": [ 7, 7, 9, 8.5 ], "texture": "#texture" },
        "south": { "uv": [ 7, 7, 9, 8.5 ], "texture": "#texture" },
        "west":  { "uv": [ 7, 7, 9, 8.5 ], "texture": "#texture" },
        "east":  { "uv": [ 7, 7, 9, 8.5 ], "texture": "#texture" }
    }
},
{
    "from": [ 6.75, -4.5, 7.25 ],
    "to": [ 7.25, -4, 8.75 ],
    "faces": {
        "down":  { "uv": [ 6.5, 7.5, 7, 8 ], "texture": "#texture" },
        "up":    { "uv": [ 6.5, 7.5, 7, 8 ], "texture": "#texture" },
        "north": { "uv": [ 6.5, 7.5, 7, 8 ], "texture": "#texture" },
        "south": { "uv": [ 6.5, 7.5, 7, 8 ], "texture": "#texture" },
        "west":  { "uv": [ 6.5, 7.5, 7, 8 ], "texture": "#texture" },
        "east":  { "uv": [ 6.5, 7.5, 7, 8 ], "texture": "#texture" }
    }
},
{
    "from": [ 6.5, -5, 7.5 ],
    "to": [ 7, -3.5, 8.5 ],
    "faces": {
        "down":  { "uv": [ 5.5, 7.75, 6, 8.25 ], "texture": "#texture" },
        "up":    { "uv": [ 5.5, 7, 6, 7.5 ], "texture": "#texture" },
        "north": { "uv": [ 5.5, 7, 6, 8.5 ], "texture": "#texture" },
        "south": { "uv": [ 5.5, 7, 6, 8.5 ], "texture": "#texture" },
        "west":  { "uv": [ 5.5, 7, 6, 8.5 ], "texture": "#texture" }
    }
},
{
    "from": [ 7.25, -6, 7.25 ],
    "to": [ 8.75, -5, 8.75 ],
    "faces": {
        "north": { "uv": [ 8.75, 8.5, 7.25, 9.5 ], "texture": "#texture" },
        "south": { "uv": [ 7.25, 8.5, 8.75, 9.5 ], "texture": "#texture" },
        "west":  { "uv": [ 7, 8.5, 7.5, 9.5 ], "texture": "#texture" },
        "east":  { "uv": [ 8.5, 8.5, 9, 9.5 ], "texture": "#texture" }
    }
},
{
    "from": [ 7, -6, 7.5 ],
    "to": [ 9, -5, 8.5 ],
    "faces": {
        "north": { "uv": [ 9, 8.5, 7, 9.5 ], "texture": "#texture" },
        "south": { "uv": [ 7, 8.5, 9, 9.5 ], "texture": "#texture" },
        "west":  { "uv": [ 7, 8.5, 7.5, 9.5 ], "texture": "#texture" },
        "east":  { "uv": [ 8.5, 8.5, 9, 9.5 ], "texture": "#texture" }
    }
},
{
    "from": [ 7.5, -6, 7 ],
    "to": [ 8.5, -5, 9 ],
    "faces": {
        "north": { "uv": [ 7.5, 8.5, 8.5, 9.5 ], "texture": "#texture" },
        "south": { "uv": [ 7.5, 8.5, 8.5, 9.5 ], "texture": "#texture" },
        "west":  { "uv": [ 7.5, 8.5, 8, 9.5 ], "texture": "#texture" },
        "east":  { "uv": [ 8, 8.5, 8.5, 9.5 ], "texture": "#texture" }
    }
},
{
    "from": [ 6.5, -10, 7.5 ],
    "to": [ 9.5, -6, 8.5 ],
    "faces": {
        "down":  { "uv": [ 6.5, 13, 9.5, 13.5 ], "texture": "#texture" },
        "up":    { "uv": [ 6.5, 9.5, 9.5, 10 ], "texture": "#texture" },
        "north": { "uv": [ 9.5, 9.5, 6.5, 13.5 ], "texture": "#texture" },
        "south": { "uv": [ 6.5, 9.5, 9.5, 13.5 ], "texture": "#texture" },
        "west":  { "uv": [ 6.5, 9.5, 7, 13.5 ], "texture": "#texture" },
        "east":  { "uv": [ 9, 9.5, 9.5, 13.5 ], "texture": "#texture" }
    }
},
{
    "from": [ 7.5, -10, 6.5 ],
    "to": [ 8.5, -6, 9.5 ],
    "faces": {
        "down":  { "uv": [ 7.5, 13, 8.5, 13.5 ], "texture": "#texture" },
        "up":    { "uv": [ 7.5, 9.5, 8.5, 10 ], "texture": "#texture" },
        "north": { "uv": [ 8.5, 9.5, 7.5, 13.5 ], "texture": "#texture" },
        "south": { "uv": [ 7.5, 9.5, 8.5, 13.5 ], "texture": "#texture" },
        "west":  { "uv": [ 7.5, 9.5, 8, 13.5 ], "texture": "#texture" },
        "east":  { "uv": [ 8, 9.5, 8.5, 13.5 ], "texture": "#texture" }
    }
},
{
    "from": [ 6.75, -10, 6.75 ],
    "to": [ 9.25, -6, 9.25 ],
    "faces": {
        "down":  { "uv": [ 6.75, 13, 9.25, 13.5 ], "texture": "#texture" },
        "up":    { "uv": [ 6.75, 9.5, 9.25, 10 ], "texture": "#texture" },
        "north": { "uv": [ 9.25, 9.5, 6.75, 13.5 ], "texture": "#texture" },
        "south": { "uv": [ 6.75, 9.5, 9.25, 13.5 ], "texture": "#texture" },
        "west":  { "uv": [ 6.5, 9.5, 7, 13.5 ], "texture": "#texture" },
        "east":  { "uv": [ 9, 9.5, 9.5, 13.5 ], "texture": "#texture" }
    }
},
{
    "from": [ 7, -11, 7.5 ],
    "to": [ 9, -10, 8.5 ],
    "faces": {
        "down":  { "uv": [ 7, 14, 9, 14.5 ], "texture": "#texture" },
        "north": { "uv": [ 7, 13.5, 9, 14.5 ], "texture": "#texture" },
        "south": { "uv": [ 7, 13.5, 9, 14.5 ], "texture": "#texture" },
        "west":  { "uv": [ 7, 13.5, 7.5, 14.5 ], "texture": "#texture" },
        "east":  { "uv": [ 7, 13.5, 7.5, 14.5 ], "texture": "#texture" }
    }
},
{
    "from": [ 7.25, -11, 7.25 ],
    "to": [ 8.75, -10, 8.75 ],
    "faces": {
        "down":  { "uv": [ 7.25, 14, 8.75, 14.5 ], "texture": "#texture" },
        "north": { "uv": [ 7.25, 13.5, 8.75, 14.5 ], "texture": "#texture" },
        "south": { "uv": [ 7.25, 13.5, 8.75, 14.5 ], "texture": "#texture" },
        "west":  { "uv": [ 7.25, 13.5, 8.75, 14.5 ], "texture": "#texture" },
        "east":  { "uv": [ 7.25, 13.5, 8.75, 14.5 ], "texture": "#texture" }
    }
},
{
    "from": [ 7.5, -11, 7 ],
    "to": [ 8.5, -10, 9 ],
    "faces": {
        "down":  { "uv": [ 7.5, 14, 8.5, 14.5 ], "texture": "#texture" },
        "north": { "uv": [ 7.5, 13.5, 8.5, 14.5 ], "texture": "#texture" },
        "south": { "uv": [ 7.5, 13.5, 8.5, 14.5 ], "texture": "#texture" },
        "west":  { "uv": [ 7, 13.5, 9, 14.5 ], "texture": "#texture" },
        "east":  { "uv": [ 7, 13.5, 9, 14.5 ], "texture": "#texture" }
    }
},
{
    "from": [ 7, 0, 7 ],
    "to": [ 9, 23, 9 ],
    "faces": {
        "down":  { "uv": [ 0, 6.75, 0.5, 7.25 ], "texture": "#energyblade_ani2" },
        "up":    { "uv": [ 0, 6.75, 0.5, 7.25 ], "texture": "#energyblade_ani2" },
        "north": { "uv": [ 4, 6, 12.5, 10 ], "rotation": 90, "texture": "#energyblade_ani2" },
        "south": { "uv": [ 12.5, 6, 4, 10 ], "rotation": 90, "texture": "#energyblade_ani2" },
        "west":  { "uv": [ 4, 6, 12.5, 10 ], "rotation": 90, "texture": "#energyblade_ani2" },
        "east":  { "uv": [ 12.5, 6, 4, 10 ], "texture": "#energyblade_ani2" }
    }
},
{
    "from": [ 8.5, 0, 7.5 ],
    "to": [ 9, 23, 8.5 ],
    "faces": {
        "down":  { "uv": [ 2.25, 3.75, 2.75, 4.25 ], "texture": "#blade" },
        "up":    { "uv": [ 2.25, 3.75, 2.75, 4.25 ], "texture": "#blade" },
        "north": { "uv": [ 2.25, 3.75, 2.5, 16 ], "texture": "#blade" },
        "south": { "uv": [ 2.25, 3.75, 2.5, 16 ], "texture": "#blade" },
        "west":  { "uv": [ 2.25, 3.75, 2.5, 16 ], "texture": "#blade" },
        "east":  { "uv": [ 2.25, 3.75, 2.5, 16 ], "texture": "#blade" }
    }
},
{
    "from": [ 7.5, 0, 7 ],
    "to": [ 8.5, 23, 7.5 ],
    "faces": {
        "down":  { "uv": [ 2.25, 3.75, 2.75, 4.25 ], "texture": "#blade" },
        "up":    { "uv": [ 2.25, 3.75, 2.75, 4.25 ], "texture": "#blade" },
        "north": { "uv": [ 2.25, 3.75, 2.5, 16 ], "texture": "#blade" },
        "south": { "uv": [ 2.25, 3.75, 2.5, 16 ], "texture": "#blade" },
        "west":  { "uv": [ 2.25, 3.75, 2.5, 16 ], "texture": "#blade" },
        "east":  { "uv": [ 2.25, 3.75, 2.5, 16 ], "texture": "#blade" }
    }
},
{
    "from": [ 7.5, 0, 8.5 ],
    "to": [ 8.5, 23, 9 ],
    "faces": {
        "down":  { "uv": [ 2.25, 3.75, 2.75, 4.25 ], "texture": "#blade" },
        "up":    { "uv": [ 2.25, 3.75, 2.75, 4.25 ], "texture": "#blade" },
        "north": { "uv": [ 2.25, 3.75, 2.5, 16 ], "texture": "#blade" },
        "south": { "uv": [ 2.25, 3.75, 2.5, 16 ], "texture": "#blade" },
        "west":  { "uv": [ 2.25, 3.75, 2.5, 16 ], "texture": "#blade" },
        "east":  { "uv": [ 2.25, 3.75, 2.5, 16 ], "texture": "#blade" }
    }
},
{
    "from": [ 7, 0, 7.5 ],
    "to": [ 7.5, 23, 8.5 ],
    "faces": {
        "down":  { "uv": [ 2.25, 3.75, 2.75, 4.25 ], "texture": "#blade" },
        "up":    { "uv": [ 2.25, 3.75, 2.75, 4.25 ], "texture": "#blade" },
        "north": { "uv": [ 2.25, 3.75, 2.5, 16 ], "texture": "#blade" },
        "south": { "uv": [ 2.25, 3.75, 2.5, 16 ], "texture": "#blade" },
        "west":  { "uv": [ 2.25, 3.75, 2.5, 16 ], "texture": "#blade" },
        "east":  { "uv": [ 2.25, 3.75, 2.5, 16 ], "texture": "#blade" }
    }
},
{
    "from": [ 7, 0, 7 ],
    "to": [ 7.5, 23, 7.5 ],
    "faces": {
        "down":  { "uv": [ 6.5, 3.75, 7, 4.25 ], "texture": "#blade" },
        "up":    { "uv": [ 6.5, 3.75, 7, 4.25 ], "texture": "#blade" },
        "north": { "uv": [ 10.5, 3.75, 10.75, 16 ], "texture": "#blade" },
        "south": { "uv": [ 6.75, 3.75, 7, 16 ], "texture": "#blade" },
        "west":  { "uv": [ 11.25, 3.75, 11.5, 16 ], "texture": "#blade" },
        "east":  { "uv": [ 9, 3.75, 9.25, 16 ], "texture": "#blade" }
    }
},
{
    "from": [ 8.5, 0, 7 ],
    "to": [ 9, 23, 7.5 ],
    "faces": {
        "down":  { "uv": [ 6.5, 3.75, 7, 4.25 ], "texture": "#blade" },
        "up":    { "uv": [ 6.5, 3.75, 7, 4.25 ], "texture": "#blade" },
        "north": { "uv": [ 9.75, 3.75, 10, 16 ], "texture": "#blade" },
        "south": { "uv": [ 7.5, 3.75, 7.75, 16 ], "texture": "#blade" },
        "west":  { "uv": [ 11.25, 3.75, 11.5, 16 ], "texture": "#blade" },
        "east":  { "uv": [ 9, 3.75, 9.25, 16 ], "texture": "#blade" }
    }
},
{
    "from": [ 8.5, 0, 8.5 ],
    "to": [ 9, 23, 9 ],
    "faces": {
        "down":  { "uv": [ 6.5, 3.75, 7, 4.25 ], "texture": "#blade" },
        "up":    { "uv": [ 6.5, 3.75, 7, 4.25 ], "texture": "#blade" },
        "north": { "uv": [ 9.75, 3.75, 10, 16 ], "texture": "#blade" },
        "south": { "uv": [ 7.5, 3.75, 7.75, 16 ], "texture": "#blade" },
        "west":  { "uv": [ 12, 3.75, 12.25, 16 ], "texture": "#blade" },
        "east":  { "uv": [ 8.25, 3.75, 8.5, 16 ], "texture": "#blade" }
    }
},
{
    "from": [ 7, 0, 8.5 ],
    "to": [ 7.5, 23, 9 ],
    "faces": {
        "down":  { "uv": [ 6.5, 3.75, 7, 4.25 ], "texture": "#blade" },
        "up":    { "uv": [ 6.5, 3.75, 7, 4.25 ], "texture": "#blade" },
        "north": { "uv": [ 10.5, 3.75, 10.75, 16 ], "texture": "#blade" },
        "south": { "uv": [ 6.75, 3.75, 7, 16 ], "texture": "#blade" },
        "west":  { "uv": [ 12, 3.75, 12.25, 16 ], "texture": "#blade" },
        "east":  { "uv": [ 8.25, 3.75, 8.5, 16 ], "texture": "#blade" }
    }
},
{
    "from": [ 7.5, 0, 9 ],
    "to": [ 8.5, 23, 9.25 ],
    "faces": {
        "down":  { "uv": [ 6.5, 3.75, 7, 4.25 ], "texture": "#blade" },
        "up":    { "uv": [ 6.5, 3.75, 7, 4.25 ], "texture": "#blade" },
        "north": { "uv": [ 10, 3.75, 10.5, 16 ], "texture": "#blade" },
        "south": { "uv": [ 7, 3.75, 7.5, 16 ], "texture": "#blade" },
        "west":  { "uv": [ 12.25, 3.75, 12.5, 16 ], "texture": "#blade" },
        "east":  { "uv": [ 8, 3.75, 8.25, 16 ], "texture": "#blade" }
    }
},
{
    "from": [ 7.5, 0, 6.75 ],
    "to": [ 8.5, 23, 7 ],
    "faces": {
        "down":  { "uv": [ 6.5, 3.75, 7, 4.25 ], "texture": "#blade" },
        "up":    { "uv": [ 6.5, 3.75, 7, 4.25 ], "texture": "#blade" },
        "north": { "uv": [ 10, 3.75, 10.5, 16 ], "texture": "#blade" },
        "south": { "uv": [ 7, 3.75, 7.5, 16 ], "texture": "#blade" },
        "west":  { "uv": [ 11, 3.75, 11.25, 16 ], "texture": "#blade" },
        "east":  { "uv": [ 9.25, 3.75, 9.5, 16 ], "texture": "#blade" }
    }
},
{
    "from": [ 6.75, 0, 7.5 ],
    "to": [ 7, 23, 8.5 ],
    "faces": {
        "down":  { "uv": [ 6.5, 3.75, 7, 4.25 ], "texture": "#blade" },
        "up":    { "uv": [ 6.5, 3.75, 7, 4.25 ], "texture": "#blade" },
        "north": { "uv": [ 10.75, 3.75, 11, 16 ], "texture": "#blade" },
        "south": { "uv": [ 6.5, 3.75, 6.75, 16 ], "texture": "#blade" },
        "west":  { "uv": [ 11.5, 3.75, 12, 16 ], "texture": "#blade" },
        "east":  { "uv": [ 8.5, 3.75, 9, 16 ], "texture": "#blade" }
    }
},
{
    "from": [ 9, 0, 7.5 ],
    "to": [ 9.25, 23, 8.5 ],
    "faces": {
        "down":  { "uv": [ 6.5, 3.75, 7, 4.25 ], "texture": "#blade" },
        "up":    { "uv": [ 6.5, 3.75, 7, 4.25 ], "texture": "#blade" },
        "north": { "uv": [ 9.5, 3.75, 9.75, 16 ], "texture": "#blade" },
        "south": { "uv": [ 7.75, 3.75, 8, 16 ], "texture": "#blade" },
        "west":  { "uv": [ 11.5, 3.75, 12, 16 ], "texture": "#blade" },
        "east":  { "uv": [ 8.5, 3.75, 9, 16 ], "texture": "#blade" }
    }
},
{
    "from": [ 7, 0, 7.5 ],
    "to": [ 7.5, 23, 8.5 ],
    "faces": {
        "down":  { "uv": [ 2.25, 3.75, 2.75, 4.25 ], "texture": "#blade" },
        "up":    { "uv": [ 2.25, 3.75, 2.75, 4.25 ], "texture": "#blade" },
        "north": { "uv": [ 2.25, 3.75, 2.5, 16 ], "texture": "#blade" },
        "south": { "uv": [ 2.25, 3.75, 2.5, 16 ], "texture": "#blade" },
        "west":  { "uv": [ 2.25, 3.75, 2.5, 16 ], "texture": "#blade" },
        "east":  { "uv": [ 2.25, 3.75, 2.5, 16 ], "texture": "#blade" }
    }
},
{
    "from": [ 7.5, 0, 7 ],
    "to": [ 8.5, 23, 7.5 ],
    "faces": {
        "down":  { "uv": [ 2.25, 3.75, 2.75, 4.25 ], "texture": "#blade" },
        "up":    { "uv": [ 2.25, 3.75, 2.75, 4.25 ], "texture": "#blade" },
        "north": { "uv": [ 2.25, 3.75, 2.5, 16 ], "texture": "#blade" },
        "south": { "uv": [ 2.25, 3.75, 2.5, 16 ], "texture": "#blade" },
        "west":  { "uv": [ 2.25, 3.75, 2.5, 16 ], "texture": "#blade" },
        "east":  { "uv": [ 2.25, 3.75, 2.5, 16 ], "texture": "#blade" }
    }
},
{
    "from": [ 8.5, 0, 7.5 ],
    "to": [ 9, 23, 8.5 ],
    "faces": {
        "down":  { "uv": [ 2.25, 3.75, 2.75, 4.25 ], "texture": "#blade" },
        "up":    { "uv": [ 2.25, 3.75, 2.75, 4.25 ], "texture": "#blade" },
        "north": { "uv": [ 2.25, 3.75, 2.5, 16 ], "texture": "#blade" },
        "south": { "uv": [ 2.25, 3.75, 2.5, 16 ], "texture": "#blade" },
        "west":  { "uv": [ 2.25, 3.75, 2.5, 16 ], "texture": "#blade" },
        "east":  { "uv": [ 2.25, 3.75, 2.5, 16 ], "texture": "#blade" }
    }
},
{
    "from": [ 7.5, 0, 8.5 ],
    "to": [ 8.5, 23, 9 ],
    "faces": {
        "down":  { "uv": [ 2.25, 3.75, 2.75, 4.25 ], "texture": "#blade" },
        "up":    { "uv": [ 2.25, 3.75, 2.75, 4.25 ], "texture": "#blade" },
        "north": { "uv": [ 2.25, 3.75, 2.5, 16 ], "texture": "#blade" },
        "south": { "uv": [ 2.25, 3.75, 2.5, 16 ], "texture": "#blade" },
        "west":  { "uv": [ 2.25, 3.75, 2.5, 16 ], "texture": "#blade" },
        "east":  { "uv": [ 2.25, 3.75, 2.5, 16 ], "texture": "#blade" }
    }
},
{
    "from": [ 7, 0, 7 ],
    "to": [ 9, 23, 9 ],
    "faces": {
        "down":  { "uv": [ 13, 0, 4, 5 ], "rotation": 270, "texture": "#energyblade_ani2" },
        "up":    { "uv": [ 3.5, 0, 12.5, 5 ], "rotation": 270, "texture": "#energyblade_ani2" },
        "north": { "uv": [ 4, 6.5, 12, 9.5 ], "rotation": 90, "texture": "#energyblade_ani2" },
        "south": { "uv": [ 12, 6.5, 4, 9.5 ], "rotation": 90, "texture": "#energyblade_ani2" },
        "west":  { "uv": [ 4, 6, 12, 9.5 ], "rotation": 90, "texture": "#energyblade_ani2" },
        "east":  { "uv": [ 12, 6, 4, 9.5 ], "texture": "#energyblade_ani2" }
    }
},
{
    "from": [ 7, 23, 7.5 ],
    "to": [ 7.5, 23.5, 8.5 ],
    "faces": {
        "down":  { "uv": [ 6.5, 3.75, 7, 4.25 ], "texture": "#blade" },
        "up":    { "uv": [ 6.5, 3.75, 7, 4.25 ], "texture": "#blade" },
        "north": { "uv": [ 10.5, 3.75, 10.75, 4 ], "texture": "#blade" },
        "south": { "uv": [ 6.75, 3.75, 7, 4 ], "texture": "#blade" },
        "west":  { "uv": [ 11.25, 3.75, 11.5, 4 ], "texture": "#blade" },
        "east":  { "uv": [ 9, 3.75, 9.25, 4 ], "texture": "#blade" }
    }
},
{
    "from": [ 7.5, 23, 7 ],
    "to": [ 8.5, 23.5, 7.5 ],
    "faces": {
        "down":  { "uv": [ 6.5, 3.75, 7, 4.25 ], "texture": "#blade" },
        "up":    { "uv": [ 6.5, 3.75, 7, 4.25 ], "texture": "#blade" },
        "north": { "uv": [ 10.5, 3.75, 10.75, 4 ], "texture": "#blade" },
        "south": { "uv": [ 6.75, 3.75, 7, 4 ], "texture": "#blade" },
        "west":  { "uv": [ 11.25, 3.75, 11.5, 4 ], "texture": "#blade" },
        "east":  { "uv": [ 9, 3.75, 9.25, 4 ], "texture": "#blade" }
    }
},
{
    "from": [ 8.5, 23, 7.5 ],
    "to": [ 9, 23.5, 8.5 ],
    "faces": {
        "down":  { "uv": [ 6.5, 3.75, 7, 4.25 ], "texture": "#blade" },
        "up":    { "uv": [ 6.5, 3.75, 7, 4.25 ], "texture": "#blade" },
        "north": { "uv": [ 10.5, 3.75, 10.75, 4 ], "texture": "#blade" },
        "south": { "uv": [ 6.75, 3.75, 7, 4 ], "texture": "#blade" },
        "west":  { "uv": [ 11.25, 3.75, 11.5, 4 ], "texture": "#blade" },
        "east":  { "uv": [ 9, 3.75, 9.25, 4 ], "texture": "#blade" }
    }
},
{
    "from": [ 7.5, 23, 8.5 ],
    "to": [ 8.5, 23.5, 9 ],
    "faces": {
        "down":  { "uv": [ 6.5, 3.75, 7, 4.25 ], "texture": "#blade" },
        "up":    { "uv": [ 6.5, 3.75, 7, 4.25 ], "texture": "#blade" },
        "north": { "uv": [ 10.5, 3.75, 10.75, 4 ], "texture": "#blade" },
        "south": { "uv": [ 6.75, 3.75, 7, 4 ], "texture": "#blade" },
        "west":  { "uv": [ 11.25, 3.75, 11.5, 4 ], "texture": "#blade" },
        "east":  { "uv": [ 9, 3.75, 9.25, 4 ], "texture": "#blade" }
    }
},
{
    "from": [ 7.5, 23, 7.5 ],
    "to": [ 8.5, 24, 8.5 ],
    "faces": {
        "down":  { "uv": [ 6.5, 3.75, 7, 4.25 ], "texture": "#blade" },
        "up":    { "uv": [ 6.5, 3.75, 7, 4.25 ], "texture": "#blade" },
        "north": { "uv": [ 10.5, 3.75, 10.75, 4 ], "texture": "#blade" },
        "south": { "uv": [ 6.75, 3.75, 7, 4 ], "texture": "#blade" },
        "west":  { "uv": [ 11.25, 3.75, 11.5, 4 ], "texture": "#blade" },
        "east":  { "uv": [ 9, 3.75, 9.25, 4 ], "texture": "#blade" }
    }
}
],
"display": {
    "thirdperson": {
        "rotation": [ 0, 86, -89 ],
        "translation": [ 0.6, 0.2, -8.3 ],
        "scale": [ 1.1, 1.1, 1.1 ]
    },
    "head": {
        "rotation": [ 0, 180, 0 ],
        "translation": [ 0, -0.1, 0 ],
        "scale": [ 1.1, 1.1, 1.07 ]
    },
    "fixed": {
        "rotation": [ 0, 180, 0 ],
        "translation": [ 0, 0, 0 ],
        "scale": [ 3.81, 3.78, 3.75 ]
    },
    "firstperson": {
        "rotation": [ 20, -50, -1 ],
        "translation": [ -8.1, 10.3, 2.2 ],
        "scale": [ 0.85, 0.85, 0.85 ]
    },
    "gui": {
        "rotation": [ 0, 149, -44 ],
        "translation": [ 0, 1.2, -0.9 ],
        "scale": [ 1.17, 1, -0.03 ]
    }
}
}