{
"__comment": "Designed by Theocomix with BDcraft Cubik PRO 0.95 Beta - http://bdcraft.net",
"textures": {
    "texture": "blocks/CrimsonsShuriken"
},
"elements": [ 
{
    "from": [ 7.5, 7.5, 7 ],
    "to": [ 9, 9, 9 ],
    "faces": {
        "down":  { "uv": [ 9, 8.5, 7.5, 7 ], "texture": "#texture" },
        "up":    { "uv": [ 7.5, 7, 9, 8.5 ], "texture": "#texture" },
        "north": { "uv": [ 7.5, 7, 9, 8.5 ], "texture": "#texture" },
        "south": { "uv": [ 7.5, 7, 9, 8.5 ], "texture": "#texture" },
        "west":  { "uv": [ 7.5, 7, 9, 8.5 ], "texture": "#texture" },
        "east":  { "uv": [ 7.5, 7, 9, 8.5 ], "texture": "#texture" }
    }
},
{
    "from": [ 7, 7, 7.5 ],
    "to": [ 9.5, 9.5, 8.5 ],
    "faces": {
        "down":  { "uv": [ 9, 8.5, 6.5, 7.5 ], "texture": "#texture" },
        "up":    { "uv": [ 7, 7.5, 9.5, 8.5 ], "texture": "#texture" },
        "north": { "uv": [ 7, 6.5, 9.5, 9 ], "texture": "#texture" },
        "south": { "uv": [ 7, 6.5, 9.5, 9 ], "texture": "#texture" },
        "west":  { "uv": [ 7.5, 6.5, 8.5, 9 ], "texture": "#texture" },
        "east":  { "uv": [ 7.5, 6.5, 8.5, 9 ], "texture": "#texture" }
    }
},
{
    "from": [ 7, 9.5, 7.5 ],
    "to": [ 15, 10, 8.5 ],
    "faces": {
        "down":  { "uv": [ 10.5, 6, 9.5, 5.5 ], "texture": "#texture" },
        "up":    { "uv": [ 8.5, 6, 9.5, 6.5 ], "texture": "#texture" },
        "north": { "uv": [ 7, 6, 15, 6.5 ], "texture": "#texture" },
        "south": { "uv": [ 7, 6, 15, 6.5 ], "texture": "#texture" },
        "west":  { "uv": [ 7.5, 6, 8.5, 6.5 ], "texture": "#texture" },
        "east":  { "uv": [ 7.5, 6, 8.5, 6.5 ], "texture": "#texture" }
    }
},
{
    "from": [ 9.5, 1.5, 7.5 ],
    "to": [ 10, 9.5, 8.5 ],
    "faces": {
        "down":  { "uv": [ 8, 11, 7.5, 10 ], "texture": "#texture" },
        "up":    { "uv": [ 8, 12, 8.5, 13 ], "texture": "#texture" },
        "north": { "uv": [ 9.5, 6.5, 10, 14.5 ], "texture": "#texture" },
        "south": { "uv": [ 9.5, 6.5, 10, 14.5 ], "texture": "#texture" },
        "west":  { "uv": [ 3, 7.5, 4, 8.5 ], "texture": "#texture" },
        "east":  { "uv": [ 4, 7.5, 5, 9 ], "texture": "#texture" }
    }
},
{
    "from": [ 1.5, 6.5, 7.5 ],
    "to": [ 9.5, 7, 8.5 ],
    "faces": {
        "down":  { "uv": [ 1, 11, 0.5, 10 ], "texture": "#texture" },
        "up":    { "uv": [ 0.5, 10, 1, 11 ], "texture": "#texture" },
        "north": { "uv": [ 1.5, 9, 9.5, 9.5 ], "texture": "#texture" },
        "south": { "uv": [ 1.5, 9, 9.5, 9.5 ], "texture": "#texture" },
        "west":  { "uv": [ 0.5, 10, 1, 11 ], "texture": "#texture" },
        "east":  { "uv": [ 0.5, 10.5, 1, 11.5 ], "texture": "#texture" }
    }
},
{
    "from": [ 6.5, 7, 7.5 ],
    "to": [ 7, 14.5, 8.5 ],
    "faces": {
        "down":  { "uv": [ 8, 3.5, 7.5, 2.5 ], "texture": "#texture" },
        "up":    { "uv": [ 7.5, 3, 8, 4 ], "texture": "#texture" },
        "north": { "uv": [ 6.5, 1.5, 7, 9 ], "texture": "#texture" },
        "south": { "uv": [ 6.5, 1.5, 7, 9 ], "texture": "#texture" },
        "west":  { "uv": [ 7.5, 2.5, 8, 4 ], "texture": "#texture" },
        "east":  { "uv": [ 7.5, 2.5, 8, 4 ], "texture": "#texture" }
    }
},
{
    "from": [ 7, 10, 7.5 ],
    "to": [ 8.5, 10.5, 8.5 ],
    "faces": {
        "down":  { "uv": [ 4.5, 8, 3, 7.5 ], "texture": "#texture" },
        "up":    { "uv": [ 3.5, 7.5, 5, 8 ], "texture": "#texture" },
        "north": { "uv": [ 7, 5.5, 8.5, 6 ], "texture": "#texture" },
        "south": { "uv": [ 7, 5.5, 8.5, 6 ], "texture": "#texture" },
        "west":  { "uv": [ 3.5, 7.5, 4.5, 8 ], "texture": "#texture" },
        "east":  { "uv": [ 3.5, 7.5, 4.5, 8 ], "texture": "#texture" }
    }
},
{
    "from": [ 10, 8, 7.5 ],
    "to": [ 10.5, 9.5, 8.5 ],
    "faces": {
        "down":  { "uv": [ 6, 8.5, 5.5, 7.5 ], "texture": "#texture" },
        "up":    { "uv": [ 10, 7.5, 10.5, 8.5 ], "texture": "#texture" },
        "north": { "uv": [ 10, 6.5, 10.5, 8 ], "texture": "#texture" },
        "south": { "uv": [ 10, 6.5, 10.5, 8 ], "texture": "#texture" },
        "west":  { "uv": [ 7.5, 6.5, 8.5, 8 ], "texture": "#texture" },
        "east":  { "uv": [ 7.5, 6.5, 8.5, 8 ], "texture": "#texture" }
    }
},
{
    "from": [ 7.5, 6, 7.5 ],
    "to": [ 9.5, 6.5, 8.5 ],
    "faces": {
        "down":  { "uv": [ 8.5, 8.5, 6.5, 7.5 ], "texture": "#texture" },
        "up":    { "uv": [ 7.5, 7.5, 9.5, 8.5 ], "texture": "#texture" },
        "north": { "uv": [ 7.5, 9.5, 9.5, 10 ], "texture": "#texture" },
        "south": { "uv": [ 7.5, 9.5, 9.5, 10 ], "texture": "#texture" },
        "west":  { "uv": [ 7.5, 9.5, 8.5, 10 ], "texture": "#texture" },
        "east":  { "uv": [ 7.5, 9.5, 8.5, 10 ], "texture": "#texture" }
    }
},
{
    "from": [ 6, 7, 7.5 ],
    "to": [ 6.5, 9, 8.5 ],
    "faces": {
        "down":  { "uv": [ 8, 4, 7.5, 3 ], "texture": "#texture" },
        "up":    { "uv": [ 7.5, 3, 8, 4 ], "texture": "#texture" },
        "north": { "uv": [ 6.5, 7, 7, 9 ], "texture": "#texture" },
        "south": { "uv": [ 6.5, 7, 7, 9 ], "texture": "#texture" },
        "west":  { "uv": [ 7.5, 2.5, 8, 4.5 ], "texture": "#texture" },
        "east":  { "uv": [ 7.5, 2.5, 8, 4.5 ], "texture": "#texture" }
    }
},
{
    "from": [ 7, 10.5, 7.5 ],
    "to": [ 8.5, 11.5, 8.5 ],
    "faces": {
        "down":  { "uv": [ 8, 4, 7.5, 3 ], "texture": "#texture" },
        "up":    { "uv": [ 7.5, 2.5, 8, 3.5 ], "texture": "#texture" },
        "north": { "uv": [ 7, 4.5, 8.5, 5.5 ], "texture": "#texture" },
        "south": { "uv": [ 7, 4.5, 8.5, 5.5 ], "texture": "#texture" },
        "west":  { "uv": [ 8, 4.5, 8.5, 5.5 ], "texture": "#texture" },
        "east":  { "uv": [ 8, 4.5, 8.5, 5.5 ], "texture": "#texture" }
    }
},
{
    "from": [ 10.5, 8, 7.5 ],
    "to": [ 12, 9.5, 8.5 ],
    "faces": {
        "down":  { "uv": [ 5.5, 8.5, 4, 7.5 ], "texture": "#texture" },
        "up":    { "uv": [ 10.5, 7, 12, 8 ], "texture": "#texture" },
        "north": { "uv": [ 12, 6, 13.5, 7.5 ], "texture": "#texture" },
        "south": { "uv": [ 10.5, 6.5, 12, 8 ], "texture": "#texture" },
        "west":  { "uv": [ 7.5, 6.5, 8.5, 8 ], "texture": "#texture" },
        "east":  { "uv": [ 11, 6.5, 12, 8 ], "texture": "#texture" }
    }
},
{
    "from": [ 8, 3, 7.5 ],
    "to": [ 9.5, 6, 8.5 ],
    "faces": {
        "down":  { "uv": [ 4.5, 8.5, 3, 7.5 ], "texture": "#texture" },
        "up":    { "uv": [ 3, 7.5, 4.5, 8.5 ], "texture": "#texture" },
        "north": { "uv": [ 8, 10, 9.5, 13 ], "texture": "#texture" },
        "south": { "uv": [ 8, 10, 9.5, 13 ], "texture": "#texture" },
        "west":  { "uv": [ 3, 7.5, 4, 10.5 ], "texture": "#texture" },
        "east":  { "uv": [ 3, 7.5, 4, 10.5 ], "texture": "#texture" }
    }
},
{
    "from": [ 3, 7, 7.5 ],
    "to": [ 6, 8.5, 8.5 ],
    "faces": {
        "down":  { "uv": [ 12, 8, 10, 7.5 ], "texture": "#texture" },
        "up":    { "uv": [ 3, 7.5, 5, 8 ], "texture": "#texture" },
        "north": { "uv": [ 3, 7.5, 6, 9 ], "texture": "#texture" },
        "south": { "uv": [ 3, 7.5, 6, 9 ], "texture": "#texture" },
        "west":  { "uv": [ 3.5, 7.5, 5, 8 ], "texture": "#texture" },
        "east":  { "uv": [ 3, 7.5, 4.5, 8 ], "texture": "#texture" }
    }
},
{
    "from": [ 7, 11.5, 7.5 ],
    "to": [ 8, 13.5, 8.5 ],
    "faces": {
        "down":  { "uv": [ 8, 3.5, 7.5, 2.5 ], "texture": "#texture" },
        "up":    { "uv": [ 7.5, 2.5, 8, 3.5 ], "texture": "#texture" },
        "north": { "uv": [ 7, 2.5, 8, 4.5 ], "rotation": 180, "texture": "#texture" },
        "south": { "uv": [ 7, 2.5, 8, 4.5 ], "texture": "#texture" },
        "west":  { "uv": [ 7.5, 2.5, 8, 4.5 ], "texture": "#texture" },
        "east":  { "uv": [ 7.5, 2.5, 8, 4.5 ], "texture": "#texture" }
    }
},
{
    "from": [ 12, 8.5, 7.5 ],
    "to": [ 13.5, 9.5, 8.5 ],
    "faces": {
        "down":  { "uv": [ 12, 8, 10.5, 7 ], "texture": "#texture" },
        "up":    { "uv": [ 10.5, 7, 12, 8 ], "texture": "#texture" },
        "north": { "uv": [ 12, 6.5, 13.5, 7.5 ], "texture": "#texture" },
        "south": { "uv": [ 12, 6.5, 13.5, 7.5 ], "texture": "#texture" },
        "west":  { "uv": [ 12.5, 6.5, 13.5, 7.5 ], "texture": "#texture" },
        "east":  { "uv": [ 11, 7, 12, 8 ], "texture": "#texture" }
    }
},
{
    "from": [ 2.5, 7, 7.5 ],
    "to": [ 3, 8, 8.5 ],
    "faces": {
        "down":  { "uv": [ 13, 7.5, 12.5, 7 ], "texture": "#texture" },
        "up":    { "uv": [ 2.5, 8, 3, 8.5 ], "texture": "#texture" },
        "north": { "uv": [ 2.5, 8, 3, 9 ], "texture": "#texture" },
        "south": { "uv": [ 2.5, 8, 3, 8.5 ], "texture": "#texture" },
        "west":  { "uv": [ 5.5, 7, 6.5, 7.5 ], "texture": "#texture" },
        "east":  { "uv": [ 5, 7, 6, 7.5 ], "texture": "#texture" }
    }
},
{
    "from": [ 9, 2, 7.5 ],
    "to": [ 9.5, 3, 8.5 ],
    "faces": {
        "down":  { "uv": [ 7, 8.5, 6.5, 7.5 ], "texture": "#texture" },
        "up":    { "uv": [ 9, 7.5, 9.5, 8.5 ], "texture": "#texture" },
        "north": { "uv": [ 9, 13, 9.5, 14 ], "texture": "#texture" },
        "south": { "uv": [ 9, 13, 9.5, 14 ], "texture": "#texture" },
        "west":  { "uv": [ 4, 7.5, 5, 8.5 ], "texture": "#texture" },
        "east":  { "uv": [ 4.5, 0.5, 5.5, 1.5 ], "texture": "#texture" }
    }
},
{
    "from": [ 7, 13.5, 7.5 ],
    "to": [ 7.5, 14, 8.5 ],
    "faces": {
        "down":  { "uv": [ 8, 4, 7.5, 3 ], "texture": "#texture" },
        "up":    { "uv": [ 7.5, 2.5, 8, 3.5 ], "texture": "#texture" },
        "north": { "uv": [ 7, 2, 7.5, 2.5 ], "texture": "#texture" },
        "south": { "uv": [ 7, 2, 7.5, 2.5 ], "texture": "#texture" },
        "west":  { "uv": [ 7, 2, 7.5, 2.5 ], "texture": "#texture" },
        "east":  { "uv": [ 7.5, 2.5, 8, 3 ], "texture": "#texture" }
    }
},
{
    "from": [ 13.5, 9, 7.5 ],
    "to": [ 14.5, 9.5, 8.5 ],
    "faces": {
        "down":  { "uv": [ 4, 8.5, 3, 7.5 ], "texture": "#texture" },
        "up":    { "uv": [ 12.5, 6.5, 13.5, 7.5 ], "texture": "#texture" },
        "north": { "uv": [ 13.5, 6.5, 14.5, 7 ], "texture": "#texture" },
        "south": { "uv": [ 13.5, 6.5, 14.5, 7 ], "texture": "#texture" },
        "west":  { "uv": [ 15, 3.5, 16, 4 ], "texture": "#texture" },
        "east":  { "uv": [ 15, 4, 16, 4.5 ], "texture": "#texture" }
    }
},
{
    "from": [ 8.5, 2.5, 7.5 ],
    "to": [ 9, 3, 8.5 ],
    "faces": {
        "down":  { "uv": [ 8, 3.5, 7.5, 2.5 ], "texture": "#texture" },
        "up":    { "uv": [ 7.5, 2.5, 8, 3.5 ], "texture": "#texture" },
        "north": { "uv": [ 8.5, 13, 9, 13.5 ], "texture": "#texture" },
        "south": { "uv": [ 8.5, 13, 9, 13.5 ], "texture": "#texture" },
        "west":  { "uv": [ 4.5, 0.5, 5.5, 1 ], "texture": "#texture" },
        "east":  { "uv": [ 11, 15, 12, 15.5 ], "texture": "#texture" }
    }
},
{
    "from": [ 2, 7, 7.5 ],
    "to": [ 2.5, 7.5, 8.5 ],
    "faces": {
        "down":  { "uv": [ 16, 5, 15.5, 4 ], "texture": "#texture" },
        "up":    { "uv": [ 3.5, 7.5, 4.5, 8 ], "texture": "#texture" },
        "north": { "uv": [ 2, 8.5, 2.5, 9 ], "texture": "#texture" },
        "south": { "uv": [ 2, 8.5, 2.5, 9 ], "texture": "#texture" },
        "west":  { "uv": [ 5, 7, 6, 7.5 ], "texture": "#texture" },
        "east":  { "uv": [ 5.5, 7, 6.5, 7.5 ], "texture": "#texture" }
    }
},
{
    "from": [ 5.5, 10, 7.5 ],
    "to": [ 6.5, 15, 8.5 ],
    "faces": {
        "down":  { "uv": [ 8, 3.5, 7.5, 2.5 ], "texture": "#texture" },
        "up":    { "uv": [ 7.5, 2.5, 8, 3.5 ], "texture": "#texture" },
        "north": { "uv": [ 5.5, 1, 6.5, 6 ], "texture": "#texture" },
        "south": { "uv": [ 5.5, 1, 6.5, 6 ], "texture": "#texture" },
        "west":  { "uv": [ 7.5, 2.5, 8, 4.5 ], "texture": "#texture" },
        "east":  { "uv": [ 7.5, 2.5, 8, 4 ], "texture": "#texture" }
    }
},
{
    "from": [ 10, 10, 7.5 ],
    "to": [ 15.5, 11, 8.5 ],
    "faces": {
        "down":  { "uv": [ 16, 4.5, 14.5, 3 ], "texture": "#texture" },
        "up":    { "uv": [ 14, 4.5, 16, 5.5 ], "texture": "#texture" },
        "north": { "uv": [ 10, 5, 15.5, 6 ], "texture": "#texture" },
        "south": { "uv": [ 10, 5, 15.5, 6 ], "texture": "#texture" },
        "west":  { "uv": [ 7.5, 5, 8.5, 6 ], "texture": "#texture" },
        "east":  { "uv": [ 7.5, 5, 8.5, 6 ], "texture": "#texture" }
    }
},
{
    "from": [ 10, 1, 7.5 ],
    "to": [ 11, 6.5, 8.5 ],
    "faces": {
        "down":  { "uv": [ 6, 8, 5, 7 ], "texture": "#texture" },
        "up":    { "uv": [ 10, 7, 11, 8 ], "texture": "#texture" },
        "north": { "uv": [ 10, 9.5, 11, 15 ], "texture": "#texture" },
        "south": { "uv": [ 10, 9.5, 11, 15 ], "texture": "#texture" },
        "west":  { "uv": [ 10, 9.5, 11, 15 ], "texture": "#texture" },
        "east":  { "uv": [ 10, 9.5, 11, 15 ], "texture": "#texture" }
    }
},
{
    "from": [ 1, 5.5, 7.5 ],
    "to": [ 6.5, 6.5, 8.5 ],
    "faces": {
        "down":  { "uv": [ 6, 3.5, 0.5, 2.5 ], "texture": "#texture" },
        "up":    { "uv": [ 0.5, 2.5, 6, 3.5 ], "texture": "#texture" },
        "north": { "uv": [ 1, 9.5, 6.5, 10.5 ], "texture": "#texture" },
        "south": { "uv": [ 1, 9.5, 6.5, 10.5 ], "texture": "#texture" },
        "west":  { "uv": [ 7.5, 9.5, 8.5, 10.5 ], "texture": "#texture" },
        "east":  { "uv": [ 7.5, 9.5, 8.5, 10.5 ], "texture": "#texture" }
    }
},
{
    "from": [ 6.5, 6, 7.5 ],
    "to": [ 7, 6.5, 8.5 ],
    "faces": {
        "down":  { "uv": [ 9.5, 8.5, 9, 7.5 ], "texture": "#texture" },
        "up":    { "uv": [ 6.5, 7.5, 7, 8.5 ], "texture": "#texture" },
        "north": { "uv": [ 6.5, 9.5, 7, 10 ], "texture": "#texture" },
        "south": { "uv": [ 6.5, 9.5, 7, 10 ], "texture": "#texture" },
        "west":  { "uv": [ 7.5, 9.5, 8.5, 10 ], "texture": "#texture" },
        "east":  { "uv": [ 7.5, 9.5, 8.5, 10 ], "texture": "#texture" }
    }
},
{
    "from": [ 6, 9.5, 7.5 ],
    "to": [ 6.5, 10, 8.5 ],
    "faces": {
        "down":  { "uv": [ 10, 8.5, 9.5, 7.5 ], "texture": "#texture" },
        "up":    { "uv": [ 6, 7.5, 6.5, 8.5 ], "texture": "#texture" },
        "north": { "uv": [ 6, 6, 6.5, 6.5 ], "texture": "#texture" },
        "south": { "uv": [ 6, 6, 6.5, 6.5 ], "texture": "#texture" },
        "west":  { "uv": [ 7.5, 6, 8.5, 6.5 ], "texture": "#texture" },
        "east":  { "uv": [ 7.5, 6, 8.5, 6.5 ], "texture": "#texture" }
    }
},
{
    "from": [ 9.5, 10, 7.5 ],
    "to": [ 10, 10.5, 8.5 ],
    "faces": {
        "down":  { "uv": [ 8, 4.5, 7.5, 3.5 ], "texture": "#texture" },
        "up":    { "uv": [ 15.5, 4, 16, 5 ], "texture": "#texture" },
        "north": { "uv": [ 8, 5, 8.5, 5.5 ], "texture": "#texture" },
        "south": { "uv": [ 7.5, 3.5, 8, 4 ], "texture": "#texture" },
        "west":  { "uv": [ 15, 3.5, 16, 4 ], "texture": "#texture" },
        "east":  { "uv": [ 7.5, 5.5, 8.5, 6 ], "texture": "#texture" }
    }
},
{
    "from": [ 10, 6.5, 7.5 ],
    "to": [ 10.5, 7, 8.5 ],
    "faces": {
        "down":  { "uv": [ 8, 3.5, 7.5, 2.5 ], "texture": "#texture" },
        "up":    { "uv": [ 13, 0, 13.5, 1 ], "texture": "#texture" },
        "north": { "uv": [ 5.5, 9, 6, 9.5 ], "texture": "#texture" },
        "south": { "uv": [ 10, 9, 10.5, 9.5 ], "texture": "#texture" },
        "west":  { "uv": [ 7.5, 10.5, 8.5, 11 ], "texture": "#texture" },
        "east":  { "uv": [ 7.5, 10.5, 8.5, 11 ], "texture": "#texture" }
    }
},
{
    "from": [ 7.5, 5, 7.5 ],
    "to": [ 8, 6, 8.5 ],
    "faces": {
        "down":  { "uv": [ 8.5, 5.5, 8, 4.5 ], "texture": "#texture" },
        "up":    { "uv": [ 8, 5, 8.5, 6 ], "texture": "#texture" },
        "north": { "uv": [ 8, 10, 8.5, 11 ], "texture": "#texture" },
        "south": { "uv": [ 7.5, 10, 8, 11 ], "texture": "#texture" },
        "west":  { "uv": [ 7.5, 10, 8.5, 11 ], "texture": "#texture" },
        "east":  { "uv": [ 7.5, 10, 8.5, 11 ], "texture": "#texture" }
    }
},
{
    "from": [ 5, 8.5, 7.5 ],
    "to": [ 6, 9, 8.5 ],
    "faces": {
        "down":  { "uv": [ 11.5, 8, 10.5, 7.5 ], "texture": "#texture" },
        "up":    { "uv": [ 5, 7, 6, 7.5 ], "texture": "#texture" },
        "north": { "uv": [ 5, 7, 6, 7.5 ], "texture": "#texture" },
        "south": { "uv": [ 5, 7, 6, 7.5 ], "texture": "#texture" },
        "west":  { "uv": [ 5, 7, 6, 7.5 ], "texture": "#texture" },
        "east":  { "uv": [ 5, 7, 6, 7.5 ], "texture": "#texture" }
    }
},
{
    "from": [ 5, 10.5, 7.5 ],
    "to": [ 6, 15.5, 8.5 ],
    "faces": {
        "down":  { "uv": [ 8, 4, 7.5, 3 ], "texture": "#texture" },
        "up":    { "uv": [ 7.5, 3, 8, 4 ], "texture": "#texture" },
        "north": { "uv": [ 5, 0.5, 6, 5.5 ], "texture": "#texture" },
        "south": { "uv": [ 5, 0.5, 6, 5.5 ], "texture": "#texture" },
        "west":  { "uv": [ 7.5, 3, 8, 4.5 ], "texture": "#texture" },
        "east":  { "uv": [ 7.5, 3, 8, 4.5 ], "texture": "#texture" }
    }
},
{
    "from": [ 11, 10.5, 7.5 ],
    "to": [ 16, 11.5, 8.5 ],
    "faces": {
        "down":  { "uv": [ 16, 4.5, 14.5, 3.5 ], "texture": "#texture" },
        "up":    { "uv": [ 14.5, 4, 16, 5 ], "texture": "#texture" },
        "north": { "uv": [ 11, 4.5, 16, 5.5 ], "texture": "#texture" },
        "south": { "uv": [ 11, 4.5, 16, 5.5 ], "texture": "#texture" },
        "west":  { "uv": [ 7.5, 4.5, 8.5, 5.5 ], "texture": "#texture" },
        "east":  { "uv": [ 7.5, 4.5, 8.5, 5.5 ], "texture": "#texture" }
    }
},
{
    "from": [ 11, 0.5, 7.5 ],
    "to": [ 12, 5.5, 8.5 ],
    "faces": {
        "down":  { "uv": [ 5, 8.5, 4, 7.5 ], "texture": "#texture" },
        "up":    { "uv": [ 11, 7, 12, 8 ], "texture": "#texture" },
        "north": { "uv": [ 10.5, 10.5, 11.5, 15.5 ], "texture": "#texture" },
        "south": { "uv": [ 11, 10.5, 12, 15.5 ], "texture": "#texture" },
        "west":  { "uv": [ 10.5, 10.5, 11.5, 15.5 ], "texture": "#texture" },
        "east":  { "uv": [ 10.5, 10.5, 11.5, 15.5 ], "texture": "#texture" }
    }
},
{
    "from": [ 0.5, 4.5, 7.5 ],
    "to": [ 5, 5.5, 8.5 ],
    "faces": {
        "down":  { "uv": [ 1, 12, 0.5, 10.5 ], "texture": "#texture" },
        "up":    { "uv": [ 0.5, 10.5, 1, 11.5 ], "texture": "#texture" },
        "north": { "uv": [ 0.5, 10.5, 5, 11.5 ], "texture": "#texture" },
        "south": { "uv": [ 0.5, 10.5, 5, 11.5 ], "texture": "#texture" },
        "west":  { "uv": [ 0.5, 11, 1, 12 ], "texture": "#texture" },
        "east":  { "uv": [ 0.5, 10.5, 1, 11.5 ], "texture": "#texture" }
    }
},
{
    "from": [ 4, 11, 7.5 ],
    "to": [ 5, 15.5, 8.5 ],
    "faces": {
        "down":  { "uv": [ 8, 3.5, 7.5, 2.5 ], "texture": "#texture" },
        "up":    { "uv": [ 7.5, 3, 8, 4.5 ], "texture": "#texture" },
        "north": { "uv": [ 4, 0.5, 5, 5 ], "texture": "#texture" },
        "south": { "uv": [ 4, 0.5, 5, 5 ], "texture": "#texture" },
        "west":  { "uv": [ 7.5, 2.5, 8, 4.5 ], "texture": "#texture" },
        "east":  { "uv": [ 7.5, 2.5, 8, 4.5 ], "texture": "#texture" }
    }
},
{
    "from": [ 12, 11.5, 7.5 ],
    "to": [ 16, 12.5, 8.5 ],
    "faces": {
        "down":  { "uv": [ 12, 8, 10, 7.5 ], "texture": "#texture" },
        "up":    { "uv": [ 10.5, 7.5, 12, 8 ], "texture": "#texture" },
        "north": { "uv": [ 12, 3.5, 16, 4.5 ], "texture": "#texture" },
        "south": { "uv": [ 12, 3.5, 16, 4.5 ], "texture": "#texture" },
        "west":  { "uv": [ 7.5, 3.5, 8, 4.5 ], "texture": "#texture" },
        "east":  { "uv": [ 7.5, 3.5, 8, 4.5 ], "texture": "#texture" }
    }
},
{
    "from": [ 12, 0.5, 7.5 ],
    "to": [ 13, 4.5, 8.5 ],
    "faces": {
        "down":  { "uv": [ 4, 8.5, 3, 7.5 ], "texture": "#texture" },
        "up":    { "uv": [ 12, 6.5, 13, 7.5 ], "texture": "#texture" },
        "north": { "uv": [ 12, 11.5, 13, 15.5 ], "texture": "#texture" },
        "south": { "uv": [ 12, 11.5, 13, 15.5 ], "texture": "#texture" },
        "west":  { "uv": [ 12, 11.5, 13, 15.5 ], "texture": "#texture" },
        "east":  { "uv": [ 12, 11.5, 13, 15.5 ], "texture": "#texture" }
    }
},
{
    "from": [ 0.5, 3, 7.5 ],
    "to": [ 4, 4.5, 8.5 ],
    "faces": {
        "down":  { "uv": [ 1, 12, 0.5, 11 ], "texture": "#texture" },
        "up":    { "uv": [ 0.5, 10.5, 1, 11.5 ], "texture": "#texture" },
        "north": { "uv": [ 0.5, 11.5, 4, 13 ], "texture": "#texture" },
        "south": { "uv": [ 0.5, 11.5, 4, 13 ], "texture": "#texture" },
        "west":  { "uv": [ 0.5, 11, 1, 12.5 ], "texture": "#texture" },
        "east":  { "uv": [ 0.5, 11, 1, 12 ], "texture": "#texture" }
    }
},
{
    "from": [ 4.5, 10.5, 7.5 ],
    "to": [ 5, 11, 8.5 ],
    "faces": {
        "down":  { "uv": [ 11.5, 8, 11, 7 ], "texture": "#texture" },
        "up":    { "uv": [ 4.5, 7.5, 5, 8.5 ], "texture": "#texture" },
        "north": { "uv": [ 11, 5, 11.5, 5.5 ], "texture": "#texture" },
        "south": { "uv": [ 4.5, 5, 5, 5.5 ], "texture": "#texture" },
        "west":  { "uv": [ 7.5, 5, 8.5, 5.5 ], "texture": "#texture" },
        "east":  { "uv": [ 7.5, 5, 8.5, 5.5 ], "texture": "#texture" }
    }
},
{
    "from": [ 5, 10, 7.5 ],
    "to": [ 5.5, 10.5, 8.5 ],
    "faces": {
        "down":  { "uv": [ 11, 8, 10.5, 7 ], "texture": "#texture" },
        "up":    { "uv": [ 5, 7.5, 5.5, 8.5 ], "texture": "#texture" },
        "north": { "uv": [ 10.5, 5.5, 11, 6 ], "texture": "#texture" },
        "south": { "uv": [ 5, 5.5, 5.5, 6 ], "texture": "#texture" },
        "west":  { "uv": [ 7.5, 5.5, 8.5, 6 ], "texture": "#texture" },
        "east":  { "uv": [ 7.5, 5.5, 8.5, 6 ], "texture": "#texture" }
    }
},
{
    "from": [ 11.5, 11.5, 7.5 ],
    "to": [ 12, 12, 8.5 ],
    "faces": {
        "down":  { "uv": [ 4.5, 8.5, 4, 7.5 ], "texture": "#texture" },
        "up":    { "uv": [ 15.5, 4, 16, 5 ], "texture": "#texture" },
        "north": { "uv": [ 4, 4, 4.5, 4.5 ], "texture": "#texture" },
        "south": { "uv": [ 11.5, 4, 12, 4.5 ], "texture": "#texture" },
        "west":  { "uv": [ 7.5, 4, 8, 4.5 ], "texture": "#texture" },
        "east":  { "uv": [ 7.5, 4, 8, 4.5 ], "texture": "#texture" }
    }
},
{
    "from": [ 12, 4.5, 7.5 ],
    "to": [ 12.5, 5, 8.5 ],
    "faces": {
        "down":  { "uv": [ 1, 11.5, 0.5, 10.5 ], "texture": "#texture" },
        "up":    { "uv": [ 0.5, 10.5, 1, 11.5 ], "texture": "#texture" },
        "north": { "uv": [ 0.5, 11, 1, 11.5 ], "texture": "#texture" },
        "south": { "uv": [ 12, 11, 12.5, 11.5 ], "texture": "#texture" },
        "west":  { "uv": [ 0.5, 11, 1, 11.5 ], "texture": "#texture" },
        "east":  { "uv": [ 0.5, 10, 1, 11 ], "texture": "#texture" }
    }
},
{
    "from": [ 11, 5.5, 7.5 ],
    "to": [ 11.5, 6, 8.5 ],
    "faces": {
        "down":  { "uv": [ 16, 4.5, 15.5, 3.5 ], "texture": "#texture" },
        "up":    { "uv": [ 15.5, 4, 16, 5 ], "texture": "#texture" },
        "north": { "uv": [ 4.5, 10, 5, 10.5 ], "texture": "#texture" },
        "south": { "uv": [ 11, 10, 11.5, 10.5 ], "texture": "#texture" },
        "west":  { "uv": [ 7.5, 10, 8.5, 10.5 ], "texture": "#texture" },
        "east":  { "uv": [ 7.5, 10, 8.5, 10.5 ], "texture": "#texture" }
    }
},
{
    "from": [ 5, 5, 7.5 ],
    "to": [ 5.5, 5.5, 8.5 ],
    "faces": {
        "down":  { "uv": [ 11, 8, 10.5, 7 ], "texture": "#texture" },
        "up":    { "uv": [ 5, 7, 5.5, 8 ], "texture": "#texture" },
        "north": { "uv": [ 5, 10.5, 5.5, 11 ], "texture": "#texture" },
        "south": { "uv": [ 5, 10.5, 5.5, 11 ], "texture": "#texture" },
        "west":  { "uv": [ 7.5, 10.5, 8.5, 11 ], "texture": "#texture" },
        "east":  { "uv": [ 7.5, 10.5, 8.5, 11 ], "texture": "#texture" }
    }
},
{
    "from": [ 4, 4, 7.5 ],
    "to": [ 4.5, 4.5, 8.5 ],
    "faces": {
        "down":  { "uv": [ 12, 8, 11.5, 7 ], "texture": "#texture" },
        "up":    { "uv": [ 4, 7.5, 4.5, 8.5 ], "texture": "#texture" },
        "north": { "uv": [ 11.5, 11.5, 12, 12 ], "texture": "#texture" },
        "south": { "uv": [ 4, 11.5, 4.5, 12 ], "texture": "#texture" },
        "west":  { "uv": [ 8, 11.5, 9, 12 ], "texture": "#texture" },
        "east":  { "uv": [ 8, 11.5, 9, 12 ], "texture": "#texture" }
    }
},
{
    "from": [ 3, 12, 7.5 ],
    "to": [ 4, 15.5, 8.5 ],
    "faces": {
        "down":  { "uv": [ 13, 8.5, 12, 7.5 ], "texture": "#texture" },
        "up":    { "uv": [ 3, 7.5, 4, 8.5 ], "texture": "#texture" },
        "north": { "uv": [ 3, 0.5, 4, 4 ], "texture": "#texture" },
        "south": { "uv": [ 3, 0.5, 4, 4 ], "texture": "#texture" },
        "west":  { "uv": [ 7.5, 2.5, 8, 4.5 ], "texture": "#texture" },
        "east":  { "uv": [ 7.5, 2.5, 8, 4 ], "texture": "#texture" }
    }
},
{
    "from": [ 12.5, 12.5, 7.5 ],
    "to": [ 16, 13.5, 8.5 ],
    "faces": {
        "down":  { "uv": [ 6.5, 7.5, 5, 7 ], "texture": "#texture" },
        "up":    { "uv": [ 10, 7.5, 12, 8 ], "texture": "#texture" },
        "north": { "uv": [ 12.5, 2.5, 16, 3.5 ], "texture": "#texture" },
        "south": { "uv": [ 12.5, 2.5, 16, 3.5 ], "texture": "#texture" },
        "west":  { "uv": [ 7.5, 2.5, 8, 3.5 ], "texture": "#texture" },
        "east":  { "uv": [ 7.5, 2.5, 8, 3.5 ], "texture": "#texture" }
    }
},
{
    "from": [ 13, 1.5, 7.5 ],
    "to": [ 14, 4, 8.5 ],
    "faces": {
        "down":  { "uv": [ 3, 8.5, 2, 7.5 ], "texture": "#texture" },
        "up":    { "uv": [ 13.5, 6, 14.5, 7 ], "texture": "#texture" },
        "north": { "uv": [ 2, 12, 3, 14.5 ], "texture": "#texture" },
        "south": { "uv": [ 13, 12, 14, 14.5 ], "texture": "#texture" },
        "west":  { "uv": [ 9, 11.5, 10, 14 ], "texture": "#texture" },
        "east":  { "uv": [ 9.5, 12, 10.5, 14.5 ], "texture": "#texture" }
    }
},
{
    "from": [ 1.5, 2, 7.5 ],
    "to": [ 3.5, 3, 8.5 ],
    "faces": {
        "down":  { "uv": [ 8, 4.5, 7.5, 3.5 ], "texture": "#texture" },
        "up":    { "uv": [ 7.5, 3.5, 8, 4.5 ], "texture": "#texture" },
        "north": { "uv": [ 1.5, 13, 3.5, 14 ], "texture": "#texture" },
        "south": { "uv": [ 1.5, 13, 3.5, 14 ], "texture": "#texture" },
        "west":  { "uv": [ 7.5, 3, 8, 4 ], "texture": "#texture" },
        "east":  { "uv": [ 7.5, 3, 8, 4 ], "texture": "#texture" }
    }
},
{
    "from": [ 3.5, 11.5, 7.5 ],
    "to": [ 4, 12, 8.5 ],
    "faces": {
        "down":  { "uv": [ 8, 4, 7.5, 3 ], "texture": "#texture" },
        "up":    { "uv": [ 7.5, 3, 8, 4 ], "texture": "#texture" },
        "north": { "uv": [ 3.5, 4, 4, 4.5 ], "texture": "#texture" },
        "south": { "uv": [ 3.5, 4, 4, 4.5 ], "texture": "#texture" },
        "west":  { "uv": [ 7.5, 4, 8, 4.5 ], "texture": "#texture" },
        "east":  { "uv": [ 7.5, 3, 8, 4 ], "texture": "#texture" }
    }
},
{
    "from": [ 13, 1, 7.5 ],
    "to": [ 13.5, 1.5, 8.5 ],
    "faces": {
        "down":  { "uv": [ 16, 4.5, 15.5, 3.5 ], "texture": "#texture" },
        "up":    { "uv": [ 15.5, 4, 16, 5 ], "texture": "#texture" },
        "north": { "uv": [ 2.5, 14.5, 3, 15 ], "texture": "#texture" },
        "south": { "uv": [ 13, 14.5, 13.5, 15 ], "texture": "#texture" },
        "west":  { "uv": [ 11, 15, 12, 15.5 ], "texture": "#texture" },
        "east":  { "uv": [ 11, 15, 12, 15.5 ], "texture": "#texture" }
    }
},
{
    "from": [ 1, 2.5, 7.5 ],
    "to": [ 1.5, 3, 8.5 ],
    "faces": {
        "down":  { "uv": [ 1, 12, 0.5, 11 ], "texture": "#texture" },
        "up":    { "uv": [ 0.5, 10, 1, 11 ], "texture": "#texture" },
        "north": { "uv": [ 1, 13, 1.5, 13.5 ], "texture": "#texture" },
        "south": { "uv": [ 1, 13, 1.5, 13.5 ], "texture": "#texture" },
        "west":  { "uv": [ 0.5, 10.5, 1, 12.5 ], "texture": "#texture" },
        "east":  { "uv": [ 0.5, 10, 1, 11.5 ], "texture": "#texture" }
    }
},
{
    "from": [ 2, 12.5, 7.5 ],
    "to": [ 3, 15, 8.5 ],
    "faces": {
        "down":  { "uv": [ 13, 7.5, 12, 7 ], "texture": "#texture" },
        "up":    { "uv": [ 5.5, 7, 6.5, 7.5 ], "texture": "#texture" },
        "north": { "uv": [ 2, 1, 3, 3.5 ], "texture": "#texture" },
        "south": { "uv": [ 2, 1, 3, 3.5 ], "texture": "#texture" },
        "west":  { "uv": [ 7.5, 2.5, 8, 4.5 ], "texture": "#texture" },
        "east":  { "uv": [ 7.5, 2.5, 8, 4.5 ], "texture": "#texture" }
    }
},
{
    "from": [ 13, 13.5, 7.5 ],
    "to": [ 15, 14.5, 8.5 ],
    "faces": {
        "down":  { "uv": [ 1, 12, 0.5, 11 ], "texture": "#texture" },
        "up":    { "uv": [ 15.5, 4, 16, 5 ], "texture": "#texture" },
        "north": { "uv": [ 13, 1.5, 15, 2.5 ], "texture": "#texture" },
        "south": { "uv": [ 13, 1.5, 15, 2.5 ], "texture": "#texture" },
        "west":  { "uv": [ 4.5, 0.5, 5.5, 1 ], "texture": "#texture" },
        "east":  { "uv": [ 4.5, 0.5, 5.5, 1 ], "texture": "#texture" }
    }
},
{
    "from": [ 14, 2.5, 7.5 ],
    "to": [ 15, 4, 8.5 ],
    "faces": {
        "down":  { "uv": [ 1.5, 12.5, 0.5, 11.5 ], "texture": "#texture" },
        "up":    { "uv": [ 15, 4, 16, 5 ], "texture": "#texture" },
        "north": { "uv": [ 14, 12, 15, 13.5 ], "texture": "#texture" },
        "south": { "uv": [ 14, 12, 15, 13.5 ], "texture": "#texture" },
        "west":  { "uv": [ 8, 11, 9, 12.5 ], "texture": "#texture" },
        "east":  { "uv": [ 8, 11.5, 9, 13 ], "texture": "#texture" }
    }
},
{
    "from": [ 2.5, 1, 7.5 ],
    "to": [ 3.5, 2, 8.5 ],
    "faces": {
        "down":  { "uv": [ 13.5, 7.5, 12.5, 6.5 ], "texture": "#texture" },
        "up":    { "uv": [ 3, 7.5, 4, 8.5 ], "texture": "#texture" },
        "north": { "uv": [ 2.5, 14, 3.5, 15 ], "texture": "#texture" },
        "south": { "uv": [ 2.5, 14, 3.5, 15 ], "texture": "#texture" },
        "west":  { "uv": [ 11, 14.5, 12, 15.5 ], "texture": "#texture" },
        "east":  { "uv": [ 11.5, 14.5, 12.5, 15.5 ], "texture": "#texture" }
    }
},
{
    "from": [ 15, 13.5, 7.5 ],
    "to": [ 15.5, 14, 8.5 ],
    "faces": {
        "down":  { "uv": [ 1, 11, 0.5, 10 ], "texture": "#texture" },
        "up":    { "uv": [ 15.5, 4.5, 16, 5.5 ], "texture": "#texture" },
        "north": { "uv": [ 15, 2, 15.5, 2.5 ], "texture": "#texture" },
        "south": { "uv": [ 15, 2, 15.5, 2.5 ], "texture": "#texture" },
        "west":  { "uv": [ 7, 2, 7.5, 2.5 ], "texture": "#texture" },
        "east":  { "uv": [ 7, 2, 7.5, 2.5 ], "texture": "#texture" }
    }
},
{
    "from": [ 14, 2, 7.5 ],
    "to": [ 14.5, 2.5, 8.5 ],
    "faces": {
        "down":  { "uv": [ 1, 12, 0.5, 11 ], "texture": "#texture" },
        "up":    { "uv": [ 15.5, 4, 16, 5 ], "texture": "#texture" },
        "north": { "uv": [ 1.5, 13.5, 2, 14 ], "texture": "#texture" },
        "south": { "uv": [ 14, 13.5, 14.5, 14 ], "texture": "#texture" },
        "west":  { "uv": [ 5, 7, 6, 7.5 ], "texture": "#texture" },
        "east":  { "uv": [ 3.5, 7.5, 4.5, 8 ], "texture": "#texture" }
    }
},
{
    "from": [ 2, 1.5, 7.5 ],
    "to": [ 2.5, 2, 8.5 ],
    "faces": {
        "down":  { "uv": [ 13.5, 7.5, 13, 6.5 ], "texture": "#texture" },
        "up":    { "uv": [ 2, 8.5, 2.5, 9.5 ], "texture": "#texture" },
        "north": { "uv": [ 13.5, 14, 14, 14.5 ], "texture": "#texture" },
        "south": { "uv": [ 2, 14, 2.5, 14.5 ], "texture": "#texture" },
        "west":  { "uv": [ 9.5, 14, 10.5, 14.5 ], "texture": "#texture" },
        "east":  { "uv": [ 9, 13.5, 10, 14 ], "texture": "#texture" }
    }
},
{
    "from": [ 1, 12.5, 7.5 ],
    "to": [ 2, 14, 8.5 ],
    "faces": {
        "down":  { "uv": [ 11.5, 8, 10.5, 7.5 ], "texture": "#texture" },
        "up":    { "uv": [ 4.5, 0.5, 5.5, 1 ], "texture": "#texture" },
        "north": { "uv": [ 1, 2, 2, 3.5 ], "texture": "#texture" },
        "south": { "uv": [ 1, 2, 2, 3.5 ], "texture": "#texture" },
        "west":  { "uv": [ 7.5, 2.5, 8, 4 ], "texture": "#texture" },
        "east":  { "uv": [ 7.5, 2.5, 8, 4 ], "texture": "#texture" }
    }
},
{
    "from": [ 13, 14.5, 7.5 ],
    "to": [ 14, 15.5, 8.5 ],
    "faces": {
        "down":  { "uv": [ 4.5, 8.5, 3.5, 7.5 ], "texture": "#texture" },
        "up":    { "uv": [ 11, 7, 12, 8 ], "texture": "#texture" },
        "north": { "uv": [ 13, 0.5, 14, 1.5 ], "texture": "#texture" },
        "south": { "uv": [ 13, 0.5, 14, 1.5 ], "texture": "#texture" },
        "west":  { "uv": [ 5, 0.5, 6, 1.5 ], "texture": "#texture" },
        "east":  { "uv": [ 5, 0.5, 6, 1.5 ], "texture": "#texture" }
    }
},
{
    "from": [ 15, 3, 7.5 ],
    "to": [ 15.5, 4, 8.5 ],
    "faces": {
        "down":  { "uv": [ 1, 8.5, 0.5, 7.5 ], "texture": "#texture" },
        "up":    { "uv": [ 15.5, 4.5, 16, 5.5 ], "texture": "#texture" },
        "north": { "uv": [ 15, 12, 15.5, 13 ], "texture": "#texture" },
        "south": { "uv": [ 15, 12, 15.5, 13 ], "texture": "#texture" },
        "west":  { "uv": [ 15, 4, 16, 5 ], "texture": "#texture" },
        "east":  { "uv": [ 15, 4.5, 16, 5.5 ], "texture": "#texture" }
    }
},
{
    "from": [ 0, 12.5, 7.5 ],
    "to": [ 1, 13, 8.5 ],
    "faces": {
        "down":  { "uv": [ 16, 5, 15.5, 4 ], "texture": "#texture" },
        "up":    { "uv": [ 7.5, 3, 8, 4 ], "texture": "#texture" },
        "north": { "uv": [ 0, 3, 1, 3.5 ], "texture": "#texture" },
        "south": { "uv": [ 0, 3, 1, 3.5 ], "texture": "#texture" },
        "west":  { "uv": [ 7.5, 3, 8, 3.5 ], "texture": "#texture" },
        "east":  { "uv": [ 7.5, 3, 8, 4 ], "texture": "#texture" }
    }
},
{
    "from": [ 0.5, 13, 7.5 ],
    "to": [ 1, 13.5, 8.5 ],
    "faces": {
        "down":  { "uv": [ 8, 3.5, 7.5, 2.5 ], "texture": "#texture" },
        "up":    { "uv": [ 7.5, 3, 8, 4 ], "texture": "#texture" },
        "north": { "uv": [ 0.5, 2.5, 1, 3 ], "texture": "#texture" },
        "south": { "uv": [ 0.5, 2.5, 1, 3 ], "texture": "#texture" },
        "west":  { "uv": [ 7.5, 2.5, 8, 3.5 ], "texture": "#texture" },
        "east":  { "uv": [ 7.5, 2.5, 8, 3.5 ], "texture": "#texture" }
    }
},
{
    "from": [ 13, 15.5, 7.5 ],
    "to": [ 13.5, 16, 8.5 ],
    "faces": {
        "down":  { "uv": [ 16, 4.5, 15.5, 3.5 ], "texture": "#texture" },
        "up":    { "uv": [ 15.5, 4.5, 16, 5.5 ], "texture": "#texture" },
        "north": { "uv": [ 13, 0, 13.5, 0.5 ], "texture": "#texture" },
        "south": { "uv": [ 13, 0, 13.5, 0.5 ], "texture": "#texture" },
        "west":  { "uv": [ 4.5, 0.5, 5.5, 1 ], "texture": "#texture" },
        "east":  { "uv": [ 4.5, 0.5, 5.5, 1 ], "texture": "#texture" }
    }
},
{
    "from": [ 14, 14.5, 7.5 ],
    "to": [ 14.5, 15, 8.5 ],
    "faces": {
        "down":  { "uv": [ 1, 11.5, 0.5, 10.5 ], "texture": "#texture" },
        "up":    { "uv": [ 15.5, 4.5, 16, 5.5 ], "texture": "#texture" },
        "north": { "uv": [ 14, 1, 14.5, 1.5 ], "texture": "#texture" },
        "south": { "uv": [ 14, 1, 14.5, 1.5 ], "texture": "#texture" },
        "west":  { "uv": [ 5, 0.5, 6, 1 ], "texture": "#texture" },
        "east":  { "uv": [ 5, 0.5, 6, 1 ], "texture": "#texture" }
    }
},
{
    "from": [ 15.5, 3.5, 7.5 ],
    "to": [ 16, 4, 8.5 ],
    "faces": {
        "down":  { "uv": [ 1, 12, 0.5, 11 ], "texture": "#texture" },
        "up":    { "uv": [ 15.5, 4, 16, 5 ], "texture": "#texture" },
        "north": { "uv": [ 15.5, 12, 16, 12.5 ], "texture": "#texture" },
        "south": { "uv": [ 15.5, 12, 16, 12.5 ], "texture": "#texture" },
        "west":  { "uv": [ 15, 4.5, 16, 5 ], "texture": "#texture" },
        "east":  { "uv": [ 15, 3.5, 16, 4 ], "texture": "#texture" }
    }
},
{
    "from": [ 3, 0.5, 7.5 ],
    "to": [ 3.5, 1, 8.5 ],
    "faces": {
        "down":  { "uv": [ 13, 7.5, 12.5, 6.5 ], "texture": "#texture" },
        "up":    { "uv": [ 3, 7.5, 3.5, 8.5 ], "texture": "#texture" },
        "north": { "uv": [ 3, 15, 3.5, 15.5 ], "texture": "#texture" },
        "south": { "uv": [ 3, 15, 3.5, 15.5 ], "texture": "#texture" },
        "west":  { "uv": [ 11.5, 15, 12.5, 15.5 ], "texture": "#texture" },
        "east":  { "uv": [ 11.5, 15, 12.5, 15.5 ], "texture": "#texture" }
    }
},
{
    "from": [ 1.5, 14, 7.5 ],
    "to": [ 2, 14.5, 8.5 ],
    "faces": {
        "down":  { "uv": [ 16, 4.5, 15.5, 3.5 ], "texture": "#texture" },
        "up":    { "uv": [ 4.5, 0.5, 5, 1 ], "texture": "#texture" },
        "north": { "uv": [ 14, 1.5, 14.5, 2 ], "texture": "#texture" },
        "south": { "uv": [ 1.5, 1.5, 2, 2 ], "texture": "#texture" },
        "west":  { "uv": [ 5, 0.5, 6, 1 ], "texture": "#texture" },
        "east":  { "uv": [ 4.5, 0.5, 5.5, 1 ], "texture": "#texture" }
    }
}
],
"display": {
    "thirdperson": {
        "rotation": [ -23, -180, 3 ],
        "translation": [ 1.2, 0, -2.6 ],
        "scale": [ 1.1, 1.04, 1.04 ]
    },
    "firstperson": {
        "rotation": [ 9, -54, 11 ],
        "translation": [ -3.5, 0.6, -8.3 ],
        "scale": [ 2.43, 2.65, 1.83 ]
    },
    "gui": {
        "rotation": [ -27, 116, -52 ],
        "translation": [ -0.7, -0.7, 0.6 ],
        "scale": [ 1.26, 1.26, 0.13 ]
    }
}
}