{
"__comment": "Designed by Hypixel minecraft server with BDcraft Cubik PRO 0.85 Beta - http://bdcraft.net",
"textures": {
    "texture": "items/DemonAlphaClub"
},
"elements": [ 
{
    "from": [ 5, 12.5, 7 ],
    "to": [ 6.5, 13, 7.5 ],
    "faces": {
        "down":  { "uv": [ 1.5, 10.5, 3, 10 ], "texture": "#texture" },
        "south": { "uv": [ 1.5, 10, 3, 10.5 ], "texture": "#texture" },
        "west":  { "uv": [ 1.5, 10, 2, 10.5 ], "texture": "#texture" },
        "east":  { "uv": [ 2.5, 10, 3, 10.5 ], "texture": "#texture" }
    }
},
{
    "from": [ 5, 12.5, 2 ],
    "to": [ 6.5, 13, 2.5 ],
    "faces": {
        "down":  { "uv": [ 7, 7.5, 8.5, 7 ], "texture": "#texture" },
        "north": { "uv": [ 3, 10, 1.5, 10.5 ], "texture": "#texture" },
        "west":  { "uv": [ 2, 10.5, 2.5, 11 ], "texture": "#texture" },
        "east":  { "uv": [ 1.5, 9.5, 2, 10 ], "texture": "#texture" }
    }
},
{
    "from": [ 5, 11, 6.5 ],
    "to": [ 7, 12, 7 ],
    "faces": {
        "down":  { "uv": [ 1.5, 12, 3.5, 11.5 ], "texture": "#texture" },
        "north": { "uv": [ 1.5, 11, 3.5, 12 ], "texture": "#texture" },
        "south": { "uv": [ 1.5, 11, 3.5, 12 ], "texture": "#texture" },
        "west":  { "uv": [ 1, 11, 1.5, 12 ], "texture": "#texture" },
        "east":  { "uv": [ 3, 11, 3.5, 12 ], "texture": "#texture" }
    }
},
{
    "from": [ 4.5, 12, 2.5 ],
    "to": [ 8, 17, 3 ],
    "faces": {
        "down":  { "uv": [ 6.5, 16, 10, 15.5 ], "texture": "#texture", "cullface": "up" },
        "up":    { "uv": [ 0.5, 13, 4, 13.5 ], "texture": "#texture", "cullface": "up" },
        "north": { "uv": [ 4.5, 6, 1, 11 ], "texture": "#texture", "cullface": "up" },
        "south": { "uv": [ 1, 6, 4.5, 11 ], "texture": "#texture", "cullface": "up" },
        "west":  { "uv": [ 6, 11, 6.5, 15 ], "texture": "#texture", "cullface": "up" },
        "east":  { "uv": [ 10, 11, 10.5, 15 ], "texture": "#texture", "cullface": "up" }
    }
},
{
    "from": [ 3, 11.75, 4.25 ],
    "to": [ 3.5, 14.25, 5.25 ],
    "faces": {
        "down":  { "uv": [ 1.5, 2.25, 2, 1.25 ], "texture": "#texture" },
        "up":    { "uv": [ 3, 0, 3.5, 1 ], "texture": "#texture" },
        "north": { "uv": [ 1.5, 0, 2, 2.5 ], "texture": "#texture" },
        "south": { "uv": [ 1.5, 0, 2, 2.5 ], "texture": "#texture" },
        "west":  { "uv": [ 3, 0, 4, 2.5 ], "texture": "#texture" },
        "east":  { "uv": [ 3, 0, 4, 2.5 ], "texture": "#texture" }
    }
},
{
    "from": [ 5.25, 14.5, 8 ],
    "to": [ 6.75, 16, 8.5 ],
    "faces": {
        "down":  { "uv": [ 2.5, 3, 4, 2.5 ], "texture": "#texture" },
        "up":    { "uv": [ 2.75, 0.5, 4.25, 1 ], "texture": "#texture", "cullface": "up" },
        "south": { "uv": [ 2.75, 0.5, 4.25, 2 ], "texture": "#texture" },
        "west":  { "uv": [ 2.5, 0.5, 3, 2 ], "texture": "#texture" },
        "east":  { "uv": [ 4, 0.5, 4.5, 2 ], "texture": "#texture" }
    }
},
{
    "from": [ 3, 12.25, 3.75 ],
    "to": [ 3.5, 13.75, 5.75 ],
    "faces": {
        "down":  { "uv": [ 1.5, 2.5, 2, 0.5 ], "texture": "#texture" },
        "up":    { "uv": [ 3, 0, 3.5, 2 ], "texture": "#texture" },
        "north": { "uv": [ 1.5, 0.5, 2, 2 ], "texture": "#texture" },
        "south": { "uv": [ 1.5, 0.5, 2, 2 ], "texture": "#texture" },
        "west":  { "uv": [ 2.5, 0.5, 4.5, 2 ], "texture": "#texture" },
        "east":  { "uv": [ 2.5, 0.5, 4.5, 2 ], "texture": "#texture" }
    }
},
{
    "from": [ 10.5, 12.75, 4.5 ],
    "to": [ 11, 13.25, 5 ],
    "faces": {
        "down":  { "uv": [ 0, 1.5, 0.5, 1 ], "texture": "#texture" },
        "up":    { "uv": [ 0, 1, 0.5, 1.5 ], "texture": "#texture" },
        "north": { "uv": [ 0, 1, 0.5, 1.5 ], "texture": "#texture" },
        "south": { "uv": [ 0, 1, 0.5, 1.5 ], "texture": "#texture" },
        "east":  { "uv": [ 0, 1, 0.5, 1.5 ], "texture": "#texture" }
    }
},
{
    "from": [ 2, 12.25, 4.25 ],
    "to": [ 2.5, 13.75, 5.25 ],
    "faces": {
        "down":  { "uv": [ 3, 1.5, 2.5, 0.5 ], "texture": "#texture" },
        "up":    { "uv": [ 4, 0.5, 3.5, 1.5 ], "texture": "#texture" },
        "north": { "uv": [ 0.5, 0.5, 1, 2 ], "texture": "#texture" },
        "south": { "uv": [ 0.5, 0.5, 1, 2 ], "texture": "#texture" },
        "west":  { "uv": [ 3, 0.5, 4, 2 ], "texture": "#texture" }
    }
},
{
    "from": [ 5.5, 14, 7.5 ],
    "to": [ 6.5, 16.5, 8 ],
    "faces": {
        "down":  { "uv": [ 3, 2.5, 4, 2 ], "texture": "#texture", "cullface": "up" },
        "up":    { "uv": [ 3, 0.5, 4, 1 ], "texture": "#texture", "cullface": "up" },
        "south": { "uv": [ 3, 0, 4, 2.5 ], "texture": "#texture", "cullface": "up" },
        "west":  { "uv": [ 3, 0, 3.5, 2.5 ], "texture": "#texture", "cullface": "up" },
        "east":  { "uv": [ 3.5, 0, 4, 2.5 ], "texture": "#texture", "cullface": "up" }
    }
},
{
    "from": [ 5, 14.5, 7.5 ],
    "to": [ 7, 16, 8 ],
    "faces": {
        "down":  { "uv": [ 2.5, 2, 4.5, 1.5 ], "texture": "#texture" },
        "up":    { "uv": [ 2.5, 0.5, 4.5, 1 ], "texture": "#texture", "cullface": "up" },
        "south": { "uv": [ 2.5, 0.5, 4.5, 2 ], "texture": "#texture" },
        "west":  { "uv": [ 3.5, 2.5, 5, 3 ], "rotation": 90, "texture": "#texture" },
        "east":  { "uv": [ 1.5, 0, 2, 1.5 ], "texture": "#texture" }
    }
},
{
    "from": [ 5, 14.5, 1.5 ],
    "to": [ 7, 16, 2 ],
    "faces": {
        "down":  { "uv": [ 2.5, 2, 4.5, 1.5 ], "texture": "#texture" },
        "up":    { "uv": [ 2.5, 0.5, 4.5, 1 ], "texture": "#texture", "cullface": "up" },
        "north": { "uv": [ 4.5, 0.5, 2.5, 2 ], "texture": "#texture" },
        "west":  { "uv": [ 2.5, 0.5, 3, 2 ], "texture": "#texture" },
        "east":  { "uv": [ 4, 0.5, 4.5, 2 ], "texture": "#texture" }
    }
},
{
    "from": [ 5.5, 14, 1.5 ],
    "to": [ 6.5, 16.5, 2 ],
    "faces": {
        "down":  { "uv": [ 3, 2.5, 4, 2 ], "texture": "#texture", "cullface": "up" },
        "up":    { "uv": [ 3, 0, 4, 0.5 ], "texture": "#texture", "cullface": "up" },
        "north": { "uv": [ 3, 0, 4, 2.5 ], "texture": "#texture", "cullface": "up" },
        "west":  { "uv": [ 3, 0, 3.5, 2.5 ], "texture": "#texture", "cullface": "up" },
        "east":  { "uv": [ 3.5, 0, 4, 2.5 ], "texture": "#texture", "cullface": "up" }
    }
},
{
    "from": [ 2.5, 12.25, 4 ],
    "to": [ 3, 13.75, 5.5 ],
    "faces": {
        "down":  { "uv": [ 3, 2.5, 3.5, 4 ], "texture": "#texture" },
        "up":    { "uv": [ 3.5, 0, 4, 1.5 ], "texture": "#texture" },
        "north": { "uv": [ 4, 0.5, 4.5, 2 ], "texture": "#texture" },
        "south": { "uv": [ 2.5, 0.5, 3, 2 ], "texture": "#texture" },
        "west":  { "uv": [ 2.75, 0.5, 4.25, 2 ], "texture": "#texture" }
    }
},
{
    "from": [ 5.25, 14.5, 1 ],
    "to": [ 6.75, 16, 1.5 ],
    "faces": {
        "down":  { "uv": [ 2.5, 3, 4, 2.5 ], "texture": "#texture" },
        "up":    { "uv": [ 3, 0.5, 4.5, 1 ], "texture": "#texture", "cullface": "up" },
        "north": { "uv": [ 4.25, 0.5, 2.75, 2 ], "texture": "#texture" },
        "west":  { "uv": [ 2.5, 0.5, 3, 2 ], "texture": "#texture" },
        "east":  { "uv": [ 4, 0.5, 4.5, 2 ], "texture": "#texture" }
    }
},
{
    "from": [ 5.5, 14.5, 8.5 ],
    "to": [ 6.5, 16, 9 ],
    "faces": {
        "down":  { "uv": [ 3, 2, 4, 1.5 ], "texture": "#texture" },
        "up":    { "uv": [ 3, 0.5, 4, 1 ], "texture": "#texture", "cullface": "up" },
        "south": { "uv": [ 3, 0.5, 4, 2 ], "texture": "#texture" },
        "west":  { "uv": [ 3, 0.5, 3.5, 2 ], "texture": "#texture" },
        "east":  { "uv": [ 3.5, 0.5, 4, 2 ], "texture": "#texture" }
    }
},
{
    "from": [ 5.5, 14.5, 0.5 ],
    "to": [ 6.5, 16, 1 ],
    "faces": {
        "down":  { "uv": [ 3, 2, 4, 1.5 ], "texture": "#texture" },
        "up":    { "uv": [ 0.5, 0.5, 1.5, 1 ], "texture": "#texture", "cullface": "up" },
        "north": { "uv": [ 4, 0.5, 3, 2 ], "texture": "#texture" },
        "west":  { "uv": [ 3, 0.5, 3.5, 2 ], "texture": "#texture" },
        "east":  { "uv": [ 3.5, 0.5, 4, 2 ], "texture": "#texture" }
    }
},
{
    "from": [ 5, 17.5, 3.5 ],
    "to": [ 8.5, 18, 6 ],
    "faces": {
        "up":    { "uv": [ 3.5, 13.5, 0, 16 ], "texture": "#texture", "cullface": "up" },
        "north": { "uv": [ 5, 5.5, 1.5, 5 ], "texture": "#texture", "cullface": "up" },
        "south": { "uv": [ 1.5, 5, 5, 5.5 ], "texture": "#texture", "cullface": "up" },
        "west":  { "uv": [ 7, 10, 9.5, 10.5 ], "texture": "#texture", "cullface": "up" },
        "east":  { "uv": [ 7, 10, 9.5, 10.5 ], "texture": "#texture", "cullface": "up" }
    }
},
{
    "from": [ 4.5, 17, 3 ],
    "to": [ 8.5, 17.5, 6.5 ],
    "faces": {
        "up":    { "uv": [ 0, 12.5, 4, 16 ], "texture": "#texture", "cullface": "up" },
        "north": { "uv": [ 5, 5.5, 1, 6 ], "texture": "#texture", "cullface": "up" },
        "south": { "uv": [ 1, 5.5, 5, 6 ], "texture": "#texture", "cullface": "up" },
        "west":  { "uv": [ 6.5, 10.5, 10, 11 ], "texture": "#texture", "cullface": "up" },
        "east":  { "uv": [ 6.5, 10.5, 10, 11 ], "texture": "#texture", "cullface": "up" }
    }
},
{
    "from": [ 8.5, 11.75, 4.25 ],
    "to": [ 9, 12.75, 5.25 ],
    "faces": {
        "down":  { "uv": [ 0.5, 5, 0, 4 ], "texture": "#texture" },
        "up":    { "uv": [ 0, 4, 0.5, 5 ], "texture": "#texture" },
        "north": { "uv": [ 0, 4, 0.5, 5 ], "texture": "#texture" },
        "south": { "uv": [ 0, 4, 0.5, 5 ], "texture": "#texture" }
    }
},
{
    "from": [ 6, 17.5, 6 ],
    "to": [ 8, 18, 6.5 ],
    "faces": {
        "up":    { "uv": [ 2.5, 12, 0.5, 12.5 ], "texture": "#texture", "cullface": "up" },
        "south": { "uv": [ 2.5, 5, 4.5, 5.5 ], "texture": "#texture", "cullface": "up" },
        "west":  { "uv": [ 1.5, 12, 2, 12.5 ], "texture": "#texture", "cullface": "up" },
        "east":  { "uv": [ 2.5, 12, 3, 12.5 ], "texture": "#texture", "cullface": "up" }
    }
},
{
    "from": [ 5.5, 17, 6.5 ],
    "to": [ 7.5, 17.5, 7 ],
    "faces": {
        "up":    { "uv": [ 2, 5.5, 4, 6 ], "texture": "#texture", "cullface": "up" },
        "south": { "uv": [ 2, 5.5, 4, 6 ], "texture": "#texture", "cullface": "up" },
        "west":  { "uv": [ 2, 5.5, 2.5, 6 ], "texture": "#texture", "cullface": "up" },
        "east":  { "uv": [ 10, 10.5, 10.5, 11 ], "texture": "#texture", "cullface": "up" }
    }
},
{
    "from": [ 6, 17.5, 3 ],
    "to": [ 8, 18, 3.5 ],
    "faces": {
        "up":    { "uv": [ 4.5, 5, 2.5, 5.5 ], "texture": "#texture", "cullface": "up" },
        "north": { "uv": [ 4.5, 5.5, 2.5, 5 ], "texture": "#texture", "cullface": "up" },
        "west":  { "uv": [ 2, 5.5, 2.5, 6 ], "texture": "#texture", "cullface": "up" },
        "east":  { "uv": [ 3.5, 5.5, 4, 6 ], "texture": "#texture", "cullface": "up" }
    }
},
{
    "from": [ 4.5, 13, 2 ],
    "to": [ 7.5, 16.5, 2.5 ],
    "faces": {
        "down":  { "uv": [ 1, 7, 4, 6.5 ], "texture": "#texture", "cullface": "up" },
        "up":    { "uv": [ 1, 6.5, 4, 7 ], "texture": "#texture", "cullface": "up" },
        "north": { "uv": [ 4, 6.5, 1, 10 ], "texture": "#texture", "cullface": "up" },
        "west":  { "uv": [ 1, 6.5, 1.5, 10 ], "texture": "#texture", "cullface": "up" },
        "east":  { "uv": [ 3.5, 6.5, 4, 10 ], "texture": "#texture", "cullface": "up" }
    }
},
{
    "from": [ 4, 11.5, 3 ],
    "to": [ 8.5, 16.5, 6.5 ],
    "faces": {
        "down":  { "uv": [ 6, 16, 10.5, 12.5 ], "texture": "#texture", "cullface": "up" },
        "north": { "uv": [ 5, 6.5, 0.5, 11.5 ], "texture": "#texture", "cullface": "up" },
        "south": { "uv": [ 0.5, 6.5, 5, 11.5 ], "texture": "#texture", "cullface": "up" },
        "west":  { "uv": [ 6.5, 11.5, 10, 16 ], "texture": "#texture", "cullface": "up" },
        "east":  { "uv": [ 6.5, 11.5, 10, 16 ], "texture": "#texture", "cullface": "up" }
    }
},
{
    "from": [ 8.5, 13.5, 3 ],
    "to": [ 9, 15.5, 6.5 ],
    "faces": {
        "down":  { "uv": [ 7.5, 15.75, 8, 12.25 ], "texture": "#texture" },
        "up":    { "uv": [ 7.5, 12.25, 8, 15.75 ], "texture": "#texture" },
        "north": { "uv": [ 5, 7, 5.5, 9 ], "texture": "#texture" },
        "south": { "uv": [ 5, 7, 5.5, 9 ], "texture": "#texture" },
        "east":  { "uv": [ 6.5, 12.5, 10, 14.5 ], "texture": "#texture" }
    }
},
{
    "from": [ 5, 16.5, 2 ],
    "to": [ 7, 17, 2.5 ],
    "faces": {
        "up":    { "uv": [ 1.5, 6, 3.5, 6.5 ], "texture": "#texture", "cullface": "up" },
        "north": { "uv": [ 1.5, 6, 3.5, 6.5 ], "texture": "#texture", "cullface": "up" },
        "west":  { "uv": [ 3, 6, 3.5, 6.5 ], "texture": "#texture", "cullface": "up" },
        "east":  { "uv": [ 1.5, 6, 2, 6.5 ], "texture": "#texture", "cullface": "up" }
    }
},
{
    "from": [ 4.5, 13, 7 ],
    "to": [ 7.5, 16.5, 7.5 ],
    "faces": {
        "down":  { "uv": [ 1, 10, 4, 9.5 ], "texture": "#texture", "cullface": "up" },
        "up":    { "uv": [ 1, 6.5, 4, 7 ], "texture": "#texture", "cullface": "up" },
        "south": { "uv": [ 1, 6.5, 4, 10 ], "texture": "#texture", "cullface": "up" },
        "west":  { "uv": [ 1, 6.5, 1.5, 10 ], "texture": "#texture", "cullface": "up" },
        "east":  { "uv": [ 4, 7, 4.5, 10 ], "texture": "#texture", "cullface": "up" }
    }
},
{
    "from": [ 4.5, 12, 6.5 ],
    "to": [ 8, 17, 7 ],
    "faces": {
        "down":  { "uv": [ 1, 11, 4.5, 10.5 ], "texture": "#texture", "cullface": "up" },
        "up":    { "uv": [ 1, 6, 4.5, 6.5 ], "texture": "#texture", "cullface": "up" },
        "north": { "uv": [ 1, 6, 4.5, 11 ], "texture": "#texture", "cullface": "up" },
        "south": { "uv": [ 1, 6, 4.5, 11 ], "texture": "#texture", "cullface": "up" },
        "west":  { "uv": [ 1, 6, 1.5, 11 ], "texture": "#texture", "cullface": "up" },
        "east":  { "uv": [ 4, 6, 4.5, 11 ], "texture": "#texture", "cullface": "up" }
    }
},
{
    "from": [ 4, 12, 6.5 ],
    "to": [ 4.5, 16.5, 7 ],
    "faces": {
        "down":  { "uv": [ 6, 5.5, 5.5, 5 ], "texture": "#texture", "cullface": "up" },
        "up":    { "uv": [ 6, 0, 6.5, 0.5 ], "texture": "#texture", "cullface": "up" },
        "south": { "uv": [ 0.5, 6.5, 1, 10.5 ], "texture": "#texture", "cullface": "up" },
        "west":  { "uv": [ 5.5, 0, 6, 4 ], "texture": "#texture", "cullface": "up" }
    }
},
{
    "from": [ 4, 16.5, 3 ],
    "to": [ 8.5, 17, 6.5 ],
    "faces": {
        "up":    { "uv": [ 6.5, 11, 10, 11.5 ], "rotation": 90, "texture": "#texture", "cullface": "up" },
        "north": { "uv": [ 5, 6, 0.5, 6.5 ], "texture": "#texture", "cullface": "up" },
        "south": { "uv": [ 0.5, 6, 5, 6.5 ], "texture": "#texture", "cullface": "up" },
        "west":  { "uv": [ 6.5, 11, 10, 11.5 ], "texture": "#texture", "cullface": "up" },
        "east":  { "uv": [ 6.5, 11, 10, 11.5 ], "texture": "#texture", "cullface": "up" }
    }
},
{
    "from": [ 6.5, 18, 4 ],
    "to": [ 8, 18.5, 5.5 ],
    "faces": {
        "up":    { "uv": [ 0.5, 14, 2, 15.5 ], "texture": "#texture", "cullface": "up" },
        "north": { "uv": [ 3, 4.5, 4.5, 5 ], "texture": "#texture", "cullface": "up" },
        "south": { "uv": [ 3, 4.5, 4.5, 5 ], "texture": "#texture", "cullface": "up" },
        "west":  { "uv": [ 7.5, 9.5, 9, 10 ], "texture": "#texture", "cullface": "up" },
        "east":  { "uv": [ 7.5, 9.5, 9, 10 ], "texture": "#texture", "cullface": "up" }
    }
},
{
    "from": [ 8.5, 15.5, 3.5 ],
    "to": [ 9, 17, 6 ],
    "faces": {
        "up":    { "uv": [ 9.5, 11, 7, 11.5 ], "rotation": 90, "texture": "#texture", "cullface": "up" },
        "north": { "uv": [ 5, 6, 5.5, 7.5 ], "texture": "#texture", "cullface": "up" },
        "south": { "uv": [ 5, 6, 5.5, 7.5 ], "texture": "#texture", "cullface": "up" },
        "west":  { "uv": [ 7, 11, 9.5, 12.5 ], "texture": "#texture", "cullface": "up" },
        "east":  { "uv": [ 7, 11, 9.5, 12.5 ], "texture": "#texture", "cullface": "up" }
    }
},
{
    "from": [ 8.5, 12.5, 3.5 ],
    "to": [ 9, 13.5, 6 ],
    "faces": {
        "down":  { "uv": [ 8.5, 6, 9, 3.5 ], "texture": "#texture" },
        "north": { "uv": [ 5, 9.5, 5.5, 10.5 ], "texture": "#texture" },
        "south": { "uv": [ 5, 9.5, 5.5, 10.5 ], "texture": "#texture" },
        "east":  { "uv": [ 7.5, 15.5, 10, 14.5 ], "texture": "#texture" }
    }
},
{
    "from": [ 5.5, -5.5, 4 ],
    "to": [ 7, 6, 5.5 ],
    "faces": {
        "down":  { "uv": [ 6.5, 15, 8, 13.5 ], "texture": "#texture", "cullface": "down" },
        "north": { "uv": [ 13, 3, 14.5, 14.5 ], "texture": "#texture", "cullface": "down" },
        "south": { "uv": [ 13, 3, 14.5, 14.5 ], "texture": "#texture", "cullface": "down" },
        "west":  { "uv": [ 13, 3, 14.5, 14.5 ], "texture": "#texture", "cullface": "down" },
        "east":  { "uv": [ 13, 3, 14.5, 14.5 ], "texture": "#texture", "cullface": "down" }
    }
},
{
    "from": [ 4, 10, 3.5 ],
    "to": [ 8, 11.5, 6 ],
    "faces": {
        "down":  { "uv": [ 6, 16, 10, 13.5 ], "texture": "#texture" },
        "north": { "uv": [ 9, 0, 5, 1.5 ], "texture": "#texture" },
        "south": { "uv": [ 5, 0, 9, 1.5 ], "texture": "#texture" },
        "west":  { "uv": [ 1.5, 9, 4, 10.5 ], "texture": "#texture" },
        "east":  { "uv": [ 1.5, 9, 4, 10.5 ], "texture": "#texture" }
    }
},
{
    "from": [ 4.5, 7, 4 ],
    "to": [ 5, 9.5, 5.5 ],
    "faces": {
        "down":  { "uv": [ 13, 6, 13.5, 4.5 ], "texture": "#texture" },
        "north": { "uv": [ 5.5, 2, 6, 4.5 ], "texture": "#texture" },
        "south": { "uv": [ 5.5, 2, 6, 4.5 ], "texture": "#texture" },
        "west":  { "uv": [ 13, 0.5, 14.5, 3 ], "texture": "#texture" },
        "east":  { "uv": [ 13, 0.5, 14.5, 3 ], "texture": "#texture" }
    }
},
{
    "from": [ 5, -4, 4 ],
    "to": [ 5.5, 8, 5.5 ],
    "faces": {
        "down":  { "uv": [ 12.5, 14, 13, 12.5 ], "texture": "#texture", "cullface": "down" },
        "north": { "uv": [ 12.5, 1, 13, 13 ], "texture": "#texture", "cullface": "down" },
        "south": { "uv": [ 12.5, 1, 13, 13 ], "texture": "#texture", "cullface": "down" },
        "west":  { "uv": [ 13, 5, 14.5, 13 ], "texture": "#texture", "cullface": "down" },
        "east":  { "uv": [ 13, 5, 14.5, 13 ], "texture": "#texture", "cullface": "down" }
    }
},
{
    "from": [ 8, 7, 4.5 ],
    "to": [ 8.5, 8, 5 ],
    "faces": {
        "down":  { "uv": [ 8, 5, 8.5, 4.5 ], "texture": "#texture" },
        "north": { "uv": [ 9, 3.5, 9.5, 4.5 ], "texture": "#texture" },
        "south": { "uv": [ 9, 3.5, 9.5, 4.5 ], "texture": "#texture" },
        "east":  { "uv": [ 11, 8, 11.5, 9 ], "texture": "#texture" }
    }
},
{
    "from": [ 7, -4, 4.5 ],
    "to": [ 7.5, -1.5, 5 ],
    "faces": {
        "down":  { "uv": [ 9, 5, 8.5, 4.5 ], "texture": "#texture", "cullface": "down" },
        "north": { "uv": [ 14.5, 10.5, 15, 13 ], "texture": "#texture", "cullface": "down" },
        "south": { "uv": [ 14.5, 10.5, 15, 13 ], "texture": "#texture", "cullface": "down" },
        "east":  { "uv": [ 13.5, 11.5, 14, 14 ], "texture": "#texture", "cullface": "down" }
    }
},
{
    "from": [ 8, 8, 4 ],
    "to": [ 8.5, 11.5, 5.5 ],
    "faces": {
        "down":  { "uv": [ 8, 5.5, 8.5, 4 ], "texture": "#texture" },
        "north": { "uv": [ 9, 0, 9.5, 3.5 ], "texture": "#texture" },
        "south": { "uv": [ 9, 0, 9.5, 3.5 ], "texture": "#texture" },
        "west":  { "uv": [ 13, 0, 14.5, 3.5 ], "texture": "#texture" },
        "east":  { "uv": [ 13, 0, 14.5, 3.5 ], "texture": "#texture" }
    }
},
{
    "from": [ 7.5, 2.5, 4.5 ],
    "to": [ 8, 3.5, 5 ],
    "faces": {
        "down":  { "uv": [ 7.5, 5, 8, 4.5 ], "texture": "#texture" },
        "north": { "uv": [ 15, 5.5, 15.5, 6.5 ], "texture": "#texture" },
        "south": { "uv": [ 15, 5.5, 15.5, 6.5 ], "texture": "#texture" },
        "east":  { "uv": [ 13.5, 9, 14, 10 ], "texture": "#texture" }
    }
},
{
    "from": [ 7.5, 3.5, 4 ],
    "to": [ 8, 8, 5.5 ],
    "faces": {
        "down":  { "uv": [ 7.5, 5.5, 8, 4 ], "texture": "#texture" },
        "north": { "uv": [ 8.5, 3.5, 9, 8 ], "texture": "#texture" },
        "south": { "uv": [ 8.5, 3.5, 9, 8 ], "texture": "#texture" },
        "east":  { "uv": [ 14.5, 8, 13, 2.5 ], "texture": "#texture" }
    }
},
{
    "from": [ 7, -1.5, 4 ],
    "to": [ 7.5, 8, 5.5 ],
    "faces": {
        "down":  { "uv": [ 7, 5.5, 7.5, 4 ], "texture": "#texture", "cullface": "down" },
        "north": { "uv": [ 14.5, 1, 15, 10.5 ], "texture": "#texture", "cullface": "down" },
        "south": { "uv": [ 14.5, 1, 15, 10.5 ], "texture": "#texture", "cullface": "down" },
        "west":  { "uv": [ 12.5, 6.5, 14, 14 ], "texture": "#texture", "cullface": "down" },
        "east":  { "uv": [ 13, 5, 14.5, 12.5 ], "texture": "#texture", "cullface": "down" }
    }
},
{
    "from": [ 4, 9, 4.5 ],
    "to": [ 4.5, 10, 5 ],
    "faces": {
        "down":  { "uv": [ 5, 2.5, 5.5, 2 ], "texture": "#texture" },
        "north": { "uv": [ 5, 1.5, 5.5, 2.5 ], "texture": "#texture" },
        "south": { "uv": [ 5, 1.5, 5.5, 2.5 ], "texture": "#texture" },
        "west":  { "uv": [ 5.5, 1.5, 6, 2.5 ], "texture": "#texture" },
        "east":  { "uv": [ 5.5, 1.5, 6, 2.5 ], "texture": "#texture" }
    }
},
{
    "from": [ 4.5, 6, 4.5 ],
    "to": [ 5, 7, 5 ],
    "faces": {
        "down":  { "uv": [ 5.5, 5, 6, 4.5 ], "texture": "#texture" },
        "north": { "uv": [ 5.5, 4.5, 6, 5.5 ], "texture": "#texture" },
        "south": { "uv": [ 5.5, 4.5, 6, 5.5 ], "texture": "#texture" },
        "west":  { "uv": [ 4.5, 9, 5, 10 ], "texture": "#texture" }
    }
},
{
    "from": [ 5, -5, 4.5 ],
    "to": [ 5.5, -4, 5 ],
    "faces": {
        "down":  { "uv": [ 14, 14.5, 14.5, 14 ], "texture": "#texture", "cullface": "down" },
        "north": { "uv": [ 12.5, 13, 13, 14 ], "texture": "#texture", "cullface": "down" },
        "south": { "uv": [ 12.5, 13, 13, 14 ], "texture": "#texture", "cullface": "down" },
        "west":  { "uv": [ 14, 13.5, 14.5, 14.5 ], "texture": "#texture", "cullface": "down" }
    }
},
{
    "from": [ 5.5, 7.5, 3 ],
    "to": [ 7, 10.5, 3.5 ],
    "faces": {
        "down":  { "uv": [ 5.5, 3.5, 7, 3 ], "texture": "#texture" },
        "north": { "uv": [ 8, 1, 6.5, 4 ], "texture": "#texture" },
        "south": { "uv": [ 6.5, 1, 8, 4 ], "texture": "#texture" },
        "west":  { "uv": [ 6.5, 1, 7, 4 ], "texture": "#texture" },
        "east":  { "uv": [ 7.5, 1, 8, 4 ], "texture": "#texture" }
    }
},
{
    "from": [ 6, 6.5, 3 ],
    "to": [ 6.5, 7.5, 3.5 ],
    "faces": {
        "down":  { "uv": [ 13.5, 3, 14, 2.5 ], "texture": "#texture" },
        "north": { "uv": [ 13.5, 2, 14, 3 ], "texture": "#texture" },
        "west":  { "uv": [ 13.5, 2.5, 14, 3.5 ], "texture": "#texture" },
        "east":  { "uv": [ 13.5, 2.5, 14, 3.5 ], "texture": "#texture" }
    }
},
{
    "from": [ 5.5, 0.5, 3.5 ],
    "to": [ 7, 5.5, 4 ],
    "faces": {
        "down":  { "uv": [ 13, 9.5, 14.5, 9 ], "texture": "#texture" },
        "north": { "uv": [ 14.5, 4, 13, 9 ], "texture": "#texture" },
        "west":  { "uv": [ 13, 4, 13.5, 9 ], "texture": "#texture" },
        "east":  { "uv": [ 14, 4, 14.5, 9 ], "texture": "#texture" }
    }
},
{
    "from": [ 6, -0.5, 3.5 ],
    "to": [ 6.5, 0.5, 4 ],
    "faces": {
        "down":  { "uv": [ 13.5, 9.25, 14, 8.75 ], "texture": "#texture", "cullface": "down" },
        "north": { "uv": [ 13.5, 8.5, 14, 9.5 ], "texture": "#texture", "cullface": "down" },
        "west":  { "uv": [ 14, 8.5, 14.5, 9.5 ], "texture": "#texture", "cullface": "down" },
        "east":  { "uv": [ 14, 8.5, 14.5, 9.5 ], "texture": "#texture", "cullface": "down" }
    }
},
{
    "from": [ 5.5, 7.5, 6 ],
    "to": [ 7, 10.5, 6.5 ],
    "faces": {
        "down":  { "uv": [ 6.5, 4, 8, 3.5 ], "texture": "#texture" },
        "north": { "uv": [ 6.5, 1, 8, 4 ], "texture": "#texture" },
        "south": { "uv": [ 6.5, 1, 8, 4 ], "texture": "#texture" },
        "west":  { "uv": [ 6.5, 1, 7, 4 ], "texture": "#texture" },
        "east":  { "uv": [ 7.5, 1, 8, 4 ], "texture": "#texture" }
    }
},
{
    "from": [ 6, 6.5, 6 ],
    "to": [ 6.5, 7.5, 6.5 ],
    "faces": {
        "down":  { "uv": [ 7.5, 5.5, 7, 5 ], "texture": "#texture" },
        "south": { "uv": [ 7, 4.5, 7.5, 5.5 ], "texture": "#texture" },
        "west":  { "uv": [ 7, 5, 7.5, 6 ], "texture": "#texture" },
        "east":  { "uv": [ 7, 5, 7.5, 6 ], "texture": "#texture" }
    }
},
{
    "from": [ 5.5, 0.5, 5.5 ],
    "to": [ 7, 5.5, 6 ],
    "faces": {
        "down":  { "uv": [ 13, 8.5, 14.5, 9 ], "texture": "#texture" },
        "south": { "uv": [ 13, 4, 14.5, 9 ], "texture": "#texture" },
        "west":  { "uv": [ 13, 4, 13.5, 9 ], "texture": "#texture" },
        "east":  { "uv": [ 14, 4, 14.5, 9 ], "texture": "#texture" }
    }
},
{
    "from": [ 6, -0.5, 5.5 ],
    "to": [ 6.5, 0.5, 6 ],
    "faces": {
        "down":  { "uv": [ 6, 6, 6.5, 5.5 ], "texture": "#texture", "cullface": "down" },
        "south": { "uv": [ 13.5, 8.5, 14, 9.5 ], "texture": "#texture", "cullface": "down" },
        "west":  { "uv": [ 14, 9, 14.5, 10 ], "texture": "#texture", "cullface": "down" },
        "east":  { "uv": [ 14, 9, 14.5, 10 ], "texture": "#texture", "cullface": "down" }
    }
},
{
    "from": [ 5, 8, 3.5 ],
    "to": [ 8, 10, 6 ],
    "faces": {
        "down":  { "uv": [ 6.5, 16, 9.5, 13.5 ], "texture": "#texture" },
        "north": { "uv": [ 9, 1.5, 6, 3.5 ], "texture": "#texture" },
        "south": { "uv": [ 6, 1.5, 9, 3.5 ], "texture": "#texture" },
        "west":  { "uv": [ 6, 3.5, 8.5, 5.5 ], "texture": "#texture" },
        "east":  { "uv": [ 6, 3.5, 8.5, 5.5 ], "texture": "#texture" }
    }
},
{
    "from": [ 5, 5.5, 3.5 ],
    "to": [ 7.5, 8, 4 ],
    "faces": {
        "down":  { "uv": [ 6, 6.5, 8.5, 6 ], "texture": "#texture" },
        "north": { "uv": [ 8.5, 4, 6, 6.5 ], "texture": "#texture" },
        "south": { "uv": [ 6, 4, 8.5, 6.5 ], "texture": "#texture" },
        "west":  { "uv": [ 6, 4, 6.5, 6.5 ], "texture": "#texture" },
        "east":  { "uv": [ 8, 4, 8.5, 6.5 ], "texture": "#texture" }
    }
},
{
    "from": [ 5, 5.5, 5.5 ],
    "to": [ 7.5, 8, 6 ],
    "faces": {
        "down":  { "uv": [ 6, 6.5, 8.5, 6 ], "texture": "#texture" },
        "north": { "uv": [ 6, 4, 8.5, 6.5 ], "texture": "#texture" },
        "south": { "uv": [ 6, 4, 8.5, 6.5 ], "texture": "#texture" },
        "west":  { "uv": [ 6, 4, 6.5, 6.5 ], "texture": "#texture" },
        "east":  { "uv": [ 8, 4, 8.5, 6.5 ], "texture": "#texture" }
    }
},
{
    "from": [ 4.5, 10.5, 3 ],
    "to": [ 7.5, 11.5, 3.5 ],
    "faces": {
        "down":  { "uv": [ 5.5, 1, 8.5, 0.5 ], "texture": "#texture" },
        "north": { "uv": [ 8.5, 0.5, 5.5, 1.5 ], "texture": "#texture" },
        "west":  { "uv": [ 5.5, 0.5, 6, 1.5 ], "texture": "#texture" },
        "east":  { "uv": [ 7.5, 0.5, 8, 1.5 ], "texture": "#texture" }
    }
},
{
    "from": [ 4.5, 9.5, 3.5 ],
    "to": [ 5, 10, 6 ],
    "faces": {
        "down":  { "uv": [ 8.5, 4, 6, 3.5 ], "rotation": 90, "texture": "#texture" },
        "north": { "uv": [ 5.5, 1.5, 6, 2 ], "texture": "#texture" },
        "south": { "uv": [ 5.5, 1.5, 6, 2 ], "texture": "#texture" },
        "west":  { "uv": [ 6, 3.5, 8.5, 4 ], "texture": "#texture" }
    }
},
{
    "from": [ 4.5, 10.5, 6 ],
    "to": [ 7.5, 11.5, 6.5 ],
    "faces": {
        "down":  { "uv": [ 6, 1, 9, 0.5 ], "texture": "#texture" },
        "south": { "uv": [ 5.5, 0, 8.5, 1 ], "texture": "#texture" },
        "west":  { "uv": [ 6, 0, 6.5, 1 ], "texture": "#texture" },
        "east":  { "uv": [ 8, 0, 8.5, 1 ], "texture": "#texture" }
    }
},
{
    "from": [ 3.5, 12.5, 3 ],
    "to": [ 4, 15.5, 6.5 ],
    "faces": {
        "down":  { "uv": [ 6, 15.5, 9.5, 15 ], "rotation": 90, "texture": "#texture" },
        "up":    { "uv": [ 6, 12.5, 9.5, 13 ], "rotation": 90, "texture": "#texture" },
        "north": { "uv": [ 6, 12.5, 6.5, 15.5 ], "texture": "#texture" },
        "south": { "uv": [ 9, 12.5, 9.5, 15.5 ], "texture": "#texture" },
        "west":  { "uv": [ 10, 12.5, 6.5, 15.5 ], "texture": "#texture" }
    }
},
{
    "from": [ 3.5, 11.5, 3.5 ],
    "to": [ 4, 12.5, 6 ],
    "faces": {
        "down":  { "uv": [ 7, 15, 9.5, 15.5 ], "rotation": 90, "texture": "#texture" },
        "north": { "uv": [ 0, 10.5, 0.5, 11.5 ], "texture": "#texture" },
        "south": { "uv": [ 0, 10.5, 0.5, 11.5 ], "texture": "#texture" },
        "west":  { "uv": [ 9.5, 15.5, 7, 14.5 ], "texture": "#texture" }
    }
},
{
    "from": [ 3.5, 15.5, 3.5 ],
    "to": [ 4, 16.5, 6 ],
    "faces": {
        "up":    { "uv": [ 8.5, 12, 11, 12.5 ], "rotation": 90, "texture": "#texture", "cullface": "up" },
        "north": { "uv": [ 0, 6.5, 0.5, 7.5 ], "texture": "#texture", "cullface": "up" },
        "south": { "uv": [ 0, 6.5, 0.5, 7.5 ], "texture": "#texture", "cullface": "up" },
        "west":  { "uv": [ 7.5, 12, 10, 13 ], "texture": "#texture", "cullface": "up" }
    }
},
{
    "from": [ 5, 11, 2.5 ],
    "to": [ 7, 12, 3 ],
    "faces": {
        "down":  { "uv": [ 6, 0.5, 8, 0 ], "texture": "#texture" },
        "north": { "uv": [ 8, 0, 6, 1 ], "texture": "#texture" },
        "south": { "uv": [ 6, 0, 8, 1 ], "texture": "#texture" },
        "west":  { "uv": [ 6, 0, 6.5, 1 ], "texture": "#texture" },
        "east":  { "uv": [ 7.5, 0, 8, 1 ], "texture": "#texture" }
    }
},
{
    "from": [ 4, 12, 2.5 ],
    "to": [ 4.5, 16.5, 3 ],
    "faces": {
        "down":  { "uv": [ 0.5, 11, 1, 10.5 ], "texture": "#texture", "cullface": "up" },
        "up":    { "uv": [ 0.5, 6.5, 1, 7 ], "texture": "#texture", "cullface": "up" },
        "north": { "uv": [ 0.5, 6.5, 1, 11 ], "texture": "#texture", "cullface": "up" },
        "west":  { "uv": [ 0.5, 6.5, 1, 11 ], "texture": "#texture", "cullface": "up" }
    }
},
{
    "from": [ 9, 12.25, 3.75 ],
    "to": [ 9.5, 13.75, 5.75 ],
    "faces": {
        "down":  { "uv": [ 1.5, 2.5, 2, 0.5 ], "texture": "#texture" },
        "up":    { "uv": [ 3, 0, 3.5, 2 ], "texture": "#texture" },
        "north": { "uv": [ 1.5, 0.5, 2, 2 ], "texture": "#texture" },
        "south": { "uv": [ 1.5, 0.5, 2, 2 ], "texture": "#texture" },
        "west":  { "uv": [ 2.5, 0.5, 4.5, 2 ], "texture": "#texture" },
        "east":  { "uv": [ 2.5, 0.5, 4.5, 2 ], "texture": "#texture" }
    }
},
{
    "from": [ 9.5, 12.25, 4 ],
    "to": [ 10, 13.75, 5.5 ],
    "faces": {
        "down":  { "uv": [ 3, 4, 3.5, 2.5 ], "texture": "#texture" },
        "up":    { "uv": [ 3.5, 0, 4, 1.5 ], "texture": "#texture" },
        "north": { "uv": [ 2.5, 0.5, 3, 2 ], "texture": "#texture" },
        "south": { "uv": [ 4, 0.5, 4.5, 2 ], "texture": "#texture" },
        "east":  { "uv": [ 2.75, 0.5, 4.25, 2 ], "texture": "#texture" }
    }
},
{
    "from": [ 10, 12.25, 4.25 ],
    "to": [ 10.5, 13.75, 5.25 ],
    "faces": {
        "down":  { "uv": [ 3.5, 2, 3, 1 ], "texture": "#texture" },
        "up":    { "uv": [ 4, 0.5, 3.5, 1.5 ], "texture": "#texture" },
        "north": { "uv": [ 3, 0.5, 3.5, 2 ], "texture": "#texture" },
        "south": { "uv": [ 3.5, 0.5, 4, 2 ], "texture": "#texture" },
        "east":  { "uv": [ 3, 0.5, 4, 2 ], "texture": "#texture" }
    }
},
{
    "from": [ 5.75, 15, 9 ],
    "to": [ 6.25, 15.5, 9.5 ],
    "faces": {
        "down":  { "uv": [ 0, 1.5, 0.5, 1 ], "texture": "#texture" },
        "up":    { "uv": [ 0, 1, 0.5, 1.5 ], "texture": "#texture" },
        "south": { "uv": [ 0, 1, 0.5, 1.5 ], "texture": "#texture" },
        "west":  { "uv": [ 0, 1, 0.5, 1.5 ], "texture": "#texture" },
        "east":  { "uv": [ 0, 1, 0.5, 1.5 ], "texture": "#texture" }
    }
},
{
    "from": [ 9, 11.75, 4.25 ],
    "to": [ 9.5, 14.25, 5.25 ],
    "faces": {
        "down":  { "uv": [ 1.5, 2.25, 2, 1.25 ], "texture": "#texture" },
        "up":    { "uv": [ 3, 0, 3.5, 1 ], "texture": "#texture" },
        "north": { "uv": [ 1.5, 0, 2, 2.5 ], "texture": "#texture" },
        "south": { "uv": [ 1.5, 0, 2, 2.5 ], "texture": "#texture" },
        "west":  { "uv": [ 3, 0, 4, 2.5 ], "texture": "#texture" },
        "east":  { "uv": [ 3, 0, 4, 2.5 ], "texture": "#texture" }
    }
},
{
    "from": [ 5.75, 15, 0 ],
    "to": [ 6.25, 15.5, 0.5 ],
    "faces": {
        "down":  { "uv": [ 0, 1.5, 0.5, 1 ], "texture": "#texture" },
        "up":    { "uv": [ 0, 1, 0.5, 1.5 ], "texture": "#texture" },
        "north": { "uv": [ 0, 1, 0.5, 1.5 ], "texture": "#texture", "cullface": "north" },
        "west":  { "uv": [ 0, 1, 0.5, 1.5 ], "texture": "#texture" },
        "east":  { "uv": [ 0, 1, 0.5, 1.5 ], "texture": "#texture" }
    }
},
{
    "from": [ 1.5, 12.75, 4.5 ],
    "to": [ 2, 13.25, 5 ],
    "faces": {
        "down":  { "uv": [ 0, 1.5, 0.5, 1 ], "texture": "#texture" },
        "up":    { "uv": [ 0, 1, 0.5, 1.5 ], "texture": "#texture" },
        "north": { "uv": [ 0, 1, 0.5, 1.5 ], "texture": "#texture" },
        "south": { "uv": [ 0, 1, 0.5, 1.5 ], "texture": "#texture" },
        "west":  { "uv": [ 0, 1, 0.5, 1.5 ], "texture": "#texture" }
    }
},
{
    "from": [ 5.5, 17, 2.5 ],
    "to": [ 7.5, 17.5, 3 ],
    "faces": {
        "up":    { "uv": [ 2, 5.5, 4, 6 ], "texture": "#texture", "cullface": "up" },
        "north": { "uv": [ 4, 5.5, 2, 6 ], "texture": "#texture", "cullface": "up" },
        "west":  { "uv": [ 10, 10.5, 10.5, 11 ], "texture": "#texture", "cullface": "up" },
        "east":  { "uv": [ 10, 10.5, 10.5, 11 ], "texture": "#texture", "cullface": "up" }
    }
},
{
    "from": [ 5, 16.5, 7 ],
    "to": [ 7, 17, 7.5 ],
    "faces": {
        "up":    { "uv": [ 1.5, 6, 3.5, 6.5 ], "texture": "#texture", "cullface": "up" },
        "south": { "uv": [ 1.5, 6, 3.5, 6.5 ], "texture": "#texture", "cullface": "up" },
        "west":  { "uv": [ 1.5, 6, 2, 6.5 ], "texture": "#texture", "cullface": "up" },
        "east":  { "uv": [ 3, 6, 3.5, 6.5 ], "texture": "#texture", "cullface": "up" }
    }
},
{
    "from": [ 5.5, 6, 4 ],
    "to": [ 7, 11.5, 5.5 ],
    "faces": {
        "north": { "uv": [ 6.5, 0, 8, 5.5 ], "texture": "#texture" },
        "south": { "uv": [ 6.5, 0, 8, 5.5 ], "texture": "#texture" },
        "west":  { "uv": [ 4, 4.5, 5.5, 16 ], "texture": "#texture" },
        "east":  { "uv": [ 10.5, 4.5, 12, 16 ], "texture": "#texture" }
    }
}
],
"display": {
    "thirdperson": {
        "rotation": [ -77, -3, 0 ],
        "translation": [ 1.5, 4, -5.8 ],
        "scale": [ 1.39, 1.39, 1.39 ]
    },
    "firstperson": {
        "rotation": [ 16, 0, 0 ],
        "translation": [ 4, 5, 2.1 ],
        "scale": [ 2.43, 2.39, 2.43 ]
    },
    "gui": {
        "rotation": [ -31, 11, 23 ],
        "translation": [ 0.9, 2.8, 0 ],
        "scale": [ 0.5, 1.29, 1.29 ]
    }
}
}