{
"__comment": "Designed by Theocomix with BDcraft Cubik PRO 0.95 Beta - http://bdcraft.net",
"textures": {
    "texture": "blocks/JacksCandle",
    "JackFire": "blocks/JackFire",
    "JackFirereverse": "blocks/JackFirereverse"
},
"elements": [ 
{
    "from": [ 7.5, 1, 7.5 ],
    "to": [ 8.5, 12.5, 8.5 ],
    "faces": {
        "down":  { "uv": [ 8.5, 3.5, 7.5, 3 ], "texture": "#texture" },
        "up":    { "uv": [ 7.5, 3, 8.5, 3.5 ], "texture": "#texture" },
        "north": { "uv": [ 7.5, 3.5, 8.5, 15 ], "texture": "#texture" },
        "south": { "uv": [ 7.5, 3.5, 8.5, 15 ], "texture": "#texture" },
        "west":  { "uv": [ 7.5, 3.5, 8.5, 15 ], "texture": "#texture" },
        "east":  { "uv": [ 7.5, 3.5, 8.5, 15 ], "texture": "#texture" }
    }
},
{
    "from": [ 6.5, 0.5, 6.5 ],
    "to": [ 9.5, 1, 9.5 ],
    "faces": {
        "down":  { "uv": [ 8.5, 15.5, 6.5, 15 ], "texture": "#texture" },
        "up":    { "uv": [ 7, 15, 9, 15.5 ], "texture": "#texture" },
        "north": { "uv": [ 7, 15, 9, 15.5 ], "texture": "#texture" },
        "south": { "uv": [ 7, 15, 9, 15.5 ], "texture": "#texture" },
        "west":  { "uv": [ 7, 15, 9, 15.5 ], "texture": "#texture" },
        "east":  { "uv": [ 7, 15, 9, 15.5 ], "texture": "#texture" }
    }
},
{
    "from": [ 7, 0.5, 7 ],
    "to": [ 9, 1.5, 9 ],
    "faces": {
        "down":  { "uv": [ 9, 4.5, 8.5, 4 ], "texture": "#texture" },
        "up":    { "uv": [ 7, 14.5, 7.5, 15 ], "texture": "#texture" },
        "north": { "uv": [ 7, 14.5, 9, 15.5 ], "texture": "#texture" },
        "south": { "uv": [ 7, 14.5, 9, 15.5 ], "texture": "#texture" },
        "west":  { "uv": [ 7, 14.5, 9, 15.5 ], "texture": "#texture" },
        "east":  { "uv": [ 7, 14.5, 9, 15.5 ], "texture": "#texture" }
    }
},
{
    "from": [ 6, 0, 6 ],
    "to": [ 10, 0.5, 10 ],
    "faces": {
        "down":  { "uv": [ 10, 16, 6, 15.5 ], "texture": "#texture" },
        "up":    { "uv": [ 6, 15.5, 9.5, 16 ], "texture": "#texture" },
        "north": { "uv": [ 6, 15.5, 10, 16 ], "texture": "#texture" },
        "south": { "uv": [ 6, 15.5, 10, 16 ], "texture": "#texture" },
        "west":  { "uv": [ 6, 15.5, 10, 16 ], "texture": "#texture" },
        "east":  { "uv": [ 6, 15.5, 10, 16 ], "texture": "#texture" }
    }
},
{
    "from": [ 7, 12, 7 ],
    "to": [ 9, 12.5, 9 ],
    "faces": {
        "down":  { "uv": [ 7.5, 4.5, 7, 4 ], "texture": "#texture" },
        "up":    { "uv": [ 7, 4, 7.5, 4.5 ], "texture": "#texture" },
        "north": { "uv": [ 7, 3.5, 9, 4 ], "texture": "#texture" },
        "south": { "uv": [ 7, 3.5, 9, 4 ], "texture": "#texture" },
        "west":  { "uv": [ 7, 3.5, 9, 4 ], "texture": "#texture" },
        "east":  { "uv": [ 7, 3.5, 9, 4 ], "texture": "#texture" }
    }
},
{
    "from": [ 6.5, 12.5, 6.5 ],
    "to": [ 9.5, 13, 9.5 ],
    "faces": {
        "down":  { "uv": [ 8.5, 16, 7, 15.5 ], "texture": "#texture" },
        "up":    { "uv": [ 7.5, 15.5, 9, 16 ], "texture": "#texture" },
        "north": { "uv": [ 6, 3.5, 10, 4 ], "texture": "#texture" },
        "south": { "uv": [ 6, 3.5, 10, 4 ], "texture": "#texture" },
        "west":  { "uv": [ 6, 3.5, 10, 4 ], "texture": "#texture" },
        "east":  { "uv": [ 6, 3.5, 10, 4 ], "texture": "#texture" }
    }
},
{
    "from": [ 7, 13, 7 ],
    "to": [ 9, 16.5, 9 ],
    "faces": {
        "down":  { "uv": [ 9, 2, 7, 0 ], "texture": "#texture" },
        "up":    { "uv": [ 7, 0, 9, 0.5 ], "texture": "#texture" },
        "north": { "uv": [ 7, 0, 9, 3 ], "texture": "#texture" },
        "south": { "uv": [ 7, 0, 9, 3 ], "texture": "#texture" },
        "west":  { "uv": [ 7, 0, 9, 3 ], "texture": "#texture" },
        "east":  { "uv": [ 7, 0, 9, 3 ], "texture": "#texture" }
    }
},
{
    "from": [ 7.5, 13, 6.5 ],
    "to": [ 8.5, 13.5, 7 ],
    "faces": {
        "down":  { "uv": [ 8.5, 3.5, 7.5, 3 ], "texture": "#texture" },
        "up":    { "uv": [ 7.5, 3, 8.5, 3.5 ], "texture": "#texture" },
        "north": { "uv": [ 7.5, 3, 8.5, 3.5 ], "texture": "#texture" },
        "south": { "uv": [ 7.5, 3, 8.5, 3.5 ], "texture": "#texture" },
        "west":  { "uv": [ 7.5, 3, 8.5, 3.5 ], "texture": "#texture" },
        "east":  { "uv": [ 7.5, 3, 8.5, 3.5 ], "texture": "#texture" }
    }
},
{
    "from": [ 7.5, 13, 9 ],
    "to": [ 8.5, 13.5, 9.5 ],
    "faces": {
        "down":  { "uv": [ 8.5, 3.5, 7.5, 3 ], "texture": "#texture" },
        "up":    { "uv": [ 7.5, 3, 8.5, 3.5 ], "texture": "#texture" },
        "north": { "uv": [ 7.5, 3, 8.5, 3.5 ], "texture": "#texture" },
        "south": { "uv": [ 7.5, 3, 8.5, 3.5 ], "texture": "#texture" },
        "west":  { "uv": [ 7.5, 3, 8.5, 3.5 ], "texture": "#texture" },
        "east":  { "uv": [ 7.5, 3, 8.5, 3.5 ], "texture": "#texture" }
    }
},
{
    "from": [ 9, 13, 7.5 ],
    "to": [ 9.5, 13.5, 8.5 ],
    "faces": {
        "down":  { "uv": [ 8.5, 3.5, 7.5, 3 ], "texture": "#texture" },
        "up":    { "uv": [ 7.5, 3, 8.5, 3.5 ], "texture": "#texture" },
        "north": { "uv": [ 7.5, 3, 8.5, 3.5 ], "texture": "#texture" },
        "south": { "uv": [ 7.5, 3, 8.5, 3.5 ], "texture": "#texture" },
        "west":  { "uv": [ 7.5, 3, 8.5, 3.5 ], "texture": "#texture" },
        "east":  { "uv": [ 7.5, 3, 8.5, 3.5 ], "texture": "#texture" }
    }
},
{
    "from": [ 6.5, 13, 7.5 ],
    "to": [ 7, 13.5, 8.5 ],
    "faces": {
        "down":  { "uv": [ 8.5, 3.5, 7.5, 3 ], "texture": "#texture" },
        "up":    { "uv": [ 7.5, 3, 8.5, 3.5 ], "texture": "#texture" },
        "north": { "uv": [ 7.5, 3, 8.5, 3.5 ], "texture": "#texture" },
        "south": { "uv": [ 7.5, 3, 8.5, 3.5 ], "texture": "#texture" },
        "west":  { "uv": [ 7.5, 3, 8.5, 3.5 ], "texture": "#texture" },
        "east":  { "uv": [ 7.5, 3, 8.5, 3.5 ], "texture": "#texture" }
    }
},
{
    "from": [ 7, 12.5, 6 ],
    "to": [ 9, 13, 6.5 ],
    "faces": {
        "down":  { "uv": [ 8.5, 16, 7.5, 15.5 ], "texture": "#texture" },
        "up":    { "uv": [ 7.5, 15.5, 8.5, 16 ], "texture": "#texture" },
        "north": { "uv": [ 7.5, 15.5, 8.5, 16 ], "texture": "#texture" },
        "south": { "uv": [ 7.5, 15.5, 8.5, 16 ], "texture": "#texture" },
        "west":  { "uv": [ 7.5, 15.5, 8.5, 16 ], "texture": "#texture" },
        "east":  { "uv": [ 7.5, 15.5, 8.5, 16 ], "texture": "#texture" }
    }
},
{
    "from": [ 7, 12.5, 9.5 ],
    "to": [ 9, 13, 10 ],
    "faces": {
        "down":  { "uv": [ 8.5, 16, 7.5, 15.5 ], "texture": "#texture" },
        "up":    { "uv": [ 7.5, 15.5, 8.5, 16 ], "texture": "#texture" },
        "north": { "uv": [ 7.5, 15.5, 8.5, 16 ], "texture": "#texture" },
        "south": { "uv": [ 7.5, 15.5, 8.5, 16 ], "texture": "#texture" },
        "west":  { "uv": [ 7.5, 15.5, 8.5, 16 ], "texture": "#texture" },
        "east":  { "uv": [ 7.5, 15.5, 8.5, 16 ], "texture": "#texture" }
    }
},
{
    "from": [ 9.5, 12.5, 7 ],
    "to": [ 10, 13, 9 ],
    "faces": {
        "down":  { "uv": [ 8.5, 16, 7.5, 15.5 ], "texture": "#texture" },
        "up":    { "uv": [ 7.5, 15.5, 8.5, 16 ], "texture": "#texture" },
        "north": { "uv": [ 7.5, 15.5, 8.5, 16 ], "texture": "#texture" },
        "south": { "uv": [ 7.5, 15.5, 8.5, 16 ], "texture": "#texture" },
        "west":  { "uv": [ 7.5, 15.5, 8.5, 16 ], "texture": "#texture" },
        "east":  { "uv": [ 7.5, 15.5, 8.5, 16 ], "texture": "#texture" }
    }
},
{
    "from": [ 6, 12.5, 7 ],
    "to": [ 6.5, 13, 9 ],
    "faces": {
        "down":  { "uv": [ 8.5, 16, 7.5, 15.5 ], "texture": "#texture" },
        "up":    { "uv": [ 7.5, 15.5, 8.5, 16 ], "texture": "#texture" },
        "north": { "uv": [ 7.5, 15.5, 8.5, 16 ], "texture": "#texture" },
        "south": { "uv": [ 7.5, 15.5, 8.5, 16 ], "texture": "#texture" },
        "west":  { "uv": [ 7.5, 15.5, 8.5, 16 ], "texture": "#texture" },
        "east":  { "uv": [ 7.5, 15.5, 8.5, 16 ], "texture": "#texture" }
    }
},
{
    "from": [ 7, 12.5, 8 ],
    "to": [ 9, 22, 8.0625 ],
    "faces": {
        "down":  { "uv": [ 15, 1.5, 14, 2 ], "texture": "#JackFire" },
        "up":    { "uv": [ 14.5, 9.5, 15.5, 10 ], "texture": "#texture" },
        "north": { "uv": [ 0, 0, 16, 16 ], "texture": "#JackFirereverse" },
        "south": { "uv": [ 0, 0, 16, 16 ], "rotation": 270, "texture": "#JackFire" },
        "west":  { "uv": [ 3.5, 14, 4, 14.5 ], "texture": "#JackFire" },
        "east":  { "uv": [ 3, 15, 3.5, 15.5 ], "texture": "#JackFire" }
    }
}
],
"display": {
    "thirdperson": {
        "rotation": [ -1, 84, -89 ],
        "translation": [ 0.4, 0.4, -3.7 ],
        "scale": [ 1.39, 1.39, 1.32 ]
    },
    "firstperson": {
        "rotation": [ 6, -103, -14 ],
        "translation": [ 1.3, 2.8, 0 ],
        "scale": [ 2.39, 2.33, 2.14 ]
    },
    "gui": {
        "rotation": [ 30, -47, 37 ],
        "translation": [ 0.1, -1.2, 0.5 ],
        "scale": [ 1.51, 1.39, 0.57 ]
    }
}
}