{
"__comment": "Designed by Theocomix with BDcraft Cubik PRO 0.95 Beta - http://bdcraft.net",
"textures": {
    "texture": "items/Pitch Chakram"
},
"elements": [ 
{
    "from": [ 5.5, 15.5, 7.5 ],
    "to": [ 10.5, 16, 8 ],
    "faces": {
        "down":  { "uv": [ 10, 0.5, 5, 0 ], "texture": "#texture" },
        "up":    { "uv": [ 5.5, 0, 10.5, 0.5 ], "texture": "#texture" },
        "north": { "uv": [ 5.5, 0, 10.5, 0.5 ], "texture": "#texture" },
        "south": { "uv": [ 5.5, 0, 10.5, 0.5 ], "texture": "#texture" },
        "west":  { "uv": [ 7.5, 0, 8, 0.5 ], "texture": "#texture" },
        "east":  { "uv": [ 8, 0, 8.5, 0.5 ], "texture": "#texture" }
    }
},
{
    "from": [ 4.5, 15, 7.5 ],
    "to": [ 11.5, 15.5, 8 ],
    "faces": {
        "down":  { "uv": [ 11.5, 1, 4.5, 0.5 ], "texture": "#texture" },
        "up":    { "uv": [ 4.5, 0.5, 11.5, 1 ], "texture": "#texture" },
        "north": { "uv": [ 4.5, 0.5, 11.5, 1 ], "texture": "#texture" },
        "south": { "uv": [ 4.5, 0.5, 11.5, 1 ], "texture": "#texture" },
        "west":  { "uv": [ 4.5, 0.5, 5, 1 ], "texture": "#texture" },
        "east":  { "uv": [ 11, 0.5, 11.5, 1 ], "texture": "#texture" }
    }
},
{
    "from": [ 3.5, 14.5, 7.5 ],
    "to": [ 12.5, 15, 8 ],
    "faces": {
        "down":  { "uv": [ 12.5, 1.5, 3.5, 1 ], "texture": "#texture" },
        "up":    { "uv": [ 3.5, 1, 12.5, 1.5 ], "texture": "#texture" },
        "north": { "uv": [ 3.5, 1, 12.5, 1.5 ], "texture": "#texture" },
        "south": { "uv": [ 3.5, 1, 12.5, 1.5 ], "texture": "#texture" },
        "west":  { "uv": [ 12, 1, 12.5, 1.5 ], "texture": "#texture" },
        "east":  { "uv": [ 3.5, 1, 4, 1.5 ], "texture": "#texture" }
    }
},
{
    "from": [ 3, 14, 7.5 ],
    "to": [ 13, 14.5, 8 ],
    "faces": {
        "down":  { "uv": [ 13, 2, 3, 1.5 ], "texture": "#texture" },
        "up":    { "uv": [ 3, 1.5, 13, 2 ], "texture": "#texture" },
        "north": { "uv": [ 3, 1.5, 13, 2 ], "texture": "#texture" },
        "south": { "uv": [ 3, 1.5, 13, 2 ], "texture": "#texture" },
        "west":  { "uv": [ 3, 1.5, 3.5, 2 ], "texture": "#texture" },
        "east":  { "uv": [ 12.5, 1.5, 13, 2 ], "texture": "#texture" }
    }
},
{
    "from": [ 2.5, 13.5, 7.5 ],
    "to": [ 6, 14, 8 ],
    "faces": {
        "down":  { "uv": [ 6, 2.5, 2.5, 2 ], "texture": "#texture" },
        "up":    { "uv": [ 2.5, 2, 6, 2.5 ], "texture": "#texture" },
        "north": { "uv": [ 10, 2, 13.5, 2.5 ], "texture": "#texture" },
        "south": { "uv": [ 2.5, 2, 6, 2.5 ], "texture": "#texture" },
        "west":  { "uv": [ 2.5, 2, 3, 2.5 ], "texture": "#texture" },
        "east":  { "uv": [ 5.5, 2, 6, 2.5 ], "texture": "#texture" }
    }
},
{
    "from": [ 2, 13, 7.5 ],
    "to": [ 5, 13.5, 8 ],
    "faces": {
        "down":  { "uv": [ 5, 3, 2, 2.5 ], "texture": "#texture" },
        "up":    { "uv": [ 1.5, 3, 4.5, 3.5 ], "texture": "#texture" },
        "north": { "uv": [ 11, 2.5, 14, 3 ], "texture": "#texture" },
        "south": { "uv": [ 2, 2.5, 5, 3 ], "texture": "#texture" },
        "west":  { "uv": [ 2, 2.5, 2.5, 3 ], "texture": "#texture" },
        "east":  { "uv": [ 4.5, 2.5, 5, 3 ], "texture": "#texture" }
    }
},
{
    "from": [ 1.5, 12.5, 7.5 ],
    "to": [ 4, 13, 8 ],
    "faces": {
        "down":  { "uv": [ 4, 3.5, 1.5, 3 ], "texture": "#texture" },
        "up":    { "uv": [ 1.5, 3, 4, 3.5 ], "texture": "#texture" },
        "north": { "uv": [ 12, 3, 14.5, 3.5 ], "texture": "#texture" },
        "south": { "uv": [ 1.5, 3, 4, 3.5 ], "texture": "#texture" },
        "west":  { "uv": [ 1.5, 3, 2, 3.5 ], "texture": "#texture" },
        "east":  { "uv": [ 3.5, 3, 4, 3.5 ], "texture": "#texture" }
    }
},
{
    "from": [ 1, 11.5, 7.5 ],
    "to": [ 3.5, 12.5, 8 ],
    "faces": {
        "down":  { "uv": [ 3.5, 4.5, 1, 4 ], "texture": "#texture" },
        "up":    { "uv": [ 1, 4, 3.5, 4.5 ], "texture": "#texture" },
        "north": { "uv": [ 12.5, 3.5, 15, 4.5 ], "texture": "#texture" },
        "south": { "uv": [ 1, 3.5, 3.5, 4.5 ], "texture": "#texture" },
        "west":  { "uv": [ 1, 3.5, 1.5, 4.5 ], "texture": "#texture" },
        "east":  { "uv": [ 3, 3.5, 3.5, 4.5 ], "texture": "#texture" }
    }
},
{
    "from": [ 0.5, 11, 7.5 ],
    "to": [ 3, 11.5, 8 ],
    "faces": {
        "down":  { "uv": [ 3, 5, 0.5, 4.5 ], "texture": "#texture" },
        "up":    { "uv": [ 0.5, 4.5, 3, 5 ], "texture": "#texture" },
        "north": { "uv": [ 13, 4.5, 15.5, 5 ], "texture": "#texture" },
        "south": { "uv": [ 0.5, 4.5, 3, 5 ], "texture": "#texture" },
        "west":  { "uv": [ 0.5, 4.5, 1, 5 ], "texture": "#texture" },
        "east":  { "uv": [ 2.5, 4.5, 3, 5 ], "texture": "#texture" }
    }
},
{
    "from": [ 0.5, 10.5, 7.5 ],
    "to": [ 2.5, 11, 8 ],
    "faces": {
        "down":  { "uv": [ 2.5, 5.5, 0.5, 5 ], "texture": "#texture" },
        "up":    { "uv": [ 0.5, 5, 2.5, 5.5 ], "texture": "#texture" },
        "north": { "uv": [ 13.5, 5, 15.5, 5.5 ], "texture": "#texture" },
        "south": { "uv": [ 0.5, 5, 2.5, 5.5 ], "texture": "#texture" },
        "west":  { "uv": [ 0.5, 5, 1, 5.5 ], "texture": "#texture" },
        "east":  { "uv": [ 2, 5, 2.5, 5.5 ], "texture": "#texture" }
    }
},
{
    "from": [ 0, 10, 7.5 ],
    "to": [ 2.5, 10.5, 8 ],
    "faces": {
        "down":  { "uv": [ 2.5, 6, 0, 5.5 ], "texture": "#texture" },
        "up":    { "uv": [ 0, 5.5, 2.5, 6 ], "texture": "#texture" },
        "north": { "uv": [ 13.5, 5.5, 16, 6 ], "texture": "#texture" },
        "south": { "uv": [ 0, 5.5, 2.5, 6 ], "texture": "#texture" },
        "west":  { "uv": [ 0, 5.5, 0.5, 6 ], "texture": "#texture" },
        "east":  { "uv": [ 2, 5.5, 2.5, 6 ], "texture": "#texture" }
    }
},
{
    "from": [ 1.5, 3, 7.5 ],
    "to": [ 4, 3.5, 8 ],
    "faces": {
        "down":  { "uv": [ 4, 13, 1.5, 12.5 ], "texture": "#texture" },
        "up":    { "uv": [ 1.5, 12.5, 4, 13 ], "texture": "#texture" },
        "north": { "uv": [ 12, 12.5, 14.5, 13 ], "texture": "#texture" },
        "south": { "uv": [ 1.5, 12.5, 4, 13 ], "texture": "#texture" },
        "west":  { "uv": [ 1.5, 12.5, 2, 13 ], "texture": "#texture" },
        "east":  { "uv": [ 3.5, 12.5, 4, 13 ], "texture": "#texture" }
    }
},
{
    "from": [ 1, 3.5, 7.5 ],
    "to": [ 3.5, 4.5, 8 ],
    "faces": {
        "down":  { "uv": [ 3.5, 12.5, 1, 12 ], "texture": "#texture" },
        "up":    { "uv": [ 1, 11.5, 3.5, 12 ], "texture": "#texture" },
        "north": { "uv": [ 12.5, 11.5, 15, 12.5 ], "texture": "#texture" },
        "south": { "uv": [ 1, 11.5, 3.5, 12.5 ], "texture": "#texture" },
        "west":  { "uv": [ 1, 11.5, 1.5, 12.5 ], "texture": "#texture" },
        "east":  { "uv": [ 3, 11.5, 3.5, 12.5 ], "texture": "#texture" }
    }
},
{
    "from": [ 2, 2.5, 7.5 ],
    "to": [ 5, 3, 8 ],
    "faces": {
        "down":  { "uv": [ 5, 13.5, 2, 13 ], "texture": "#texture" },
        "up":    { "uv": [ 2, 13, 5, 13.5 ], "texture": "#texture" },
        "north": { "uv": [ 11, 13, 14, 13.5 ], "texture": "#texture" },
        "south": { "uv": [ 2, 13, 5, 13.5 ], "texture": "#texture" },
        "west":  { "uv": [ 2, 13, 2.5, 13.5 ], "texture": "#texture" },
        "east":  { "uv": [ 4.5, 13, 5, 13.5 ], "texture": "#texture" }
    }
},
{
    "from": [ 2.5, 2, 7.5 ],
    "to": [ 6, 2.5, 8 ],
    "faces": {
        "down":  { "uv": [ 6, 14, 2.5, 13.5 ], "texture": "#texture" },
        "up":    { "uv": [ 2.5, 13.5, 6, 14 ], "texture": "#texture" },
        "north": { "uv": [ 10, 13.5, 13.5, 14 ], "texture": "#texture" },
        "south": { "uv": [ 2.5, 13.5, 6, 14 ], "texture": "#texture" },
        "west":  { "uv": [ 2.5, 13.5, 3, 14 ], "texture": "#texture" },
        "east":  { "uv": [ 5.5, 13.5, 6, 14 ], "texture": "#texture" }
    }
},
{
    "from": [ 3, 1.5, 7.5 ],
    "to": [ 13, 2, 8 ],
    "faces": {
        "down":  { "uv": [ 13, 14.5, 3, 14 ], "texture": "#texture" },
        "up":    { "uv": [ 3, 14, 13, 14.5 ], "texture": "#texture" },
        "north": { "uv": [ 3, 14, 13, 14.5 ], "texture": "#texture" },
        "south": { "uv": [ 3, 14, 13, 14.5 ], "texture": "#texture" },
        "west":  { "uv": [ 3, 14, 3.5, 14.5 ], "texture": "#texture" },
        "east":  { "uv": [ 12.5, 14, 13, 14.5 ], "texture": "#texture" }
    }
},
{
    "from": [ 3.5, 1, 7.5 ],
    "to": [ 12.5, 1.5, 8 ],
    "faces": {
        "down":  { "uv": [ 12.5, 15, 3.5, 14.5 ], "texture": "#texture" },
        "up":    { "uv": [ 3.5, 14.5, 12.5, 15 ], "texture": "#texture" },
        "north": { "uv": [ 3.5, 14.5, 12.5, 15 ], "texture": "#texture" },
        "south": { "uv": [ 3.5, 14.5, 12.5, 15 ], "texture": "#texture" },
        "west":  { "uv": [ 3.5, 14.5, 4, 15 ], "texture": "#texture" },
        "east":  { "uv": [ 12, 14.5, 12.5, 15 ], "texture": "#texture" }
    }
},
{
    "from": [ 4.5, 0.5, 7.5 ],
    "to": [ 11.5, 1, 8 ],
    "faces": {
        "down":  { "uv": [ 11.5, 15.5, 4.5, 15 ], "texture": "#texture" },
        "up":    { "uv": [ 4.5, 15, 11.5, 15.5 ], "texture": "#texture" },
        "north": { "uv": [ 4.5, 15, 11.5, 15.5 ], "texture": "#texture" },
        "south": { "uv": [ 4.5, 15, 11.5, 15.5 ], "texture": "#texture" },
        "west":  { "uv": [ 4.5, 15, 5, 15.5 ], "texture": "#texture" },
        "east":  { "uv": [ 11, 15, 11.5, 15.5 ], "texture": "#texture" }
    }
},
{
    "from": [ 5.5, 0, 7.5 ],
    "to": [ 10.5, 0.5, 8 ],
    "faces": {
        "down":  { "uv": [ 10.5, 16, 5.5, 15.5 ], "texture": "#texture" },
        "up":    { "uv": [ 5, 15.5, 10, 16 ], "texture": "#texture" },
        "north": { "uv": [ 5.5, 15.5, 10.5, 16 ], "texture": "#texture" },
        "south": { "uv": [ 5.5, 15.5, 10.5, 16 ], "texture": "#texture" },
        "west":  { "uv": [ 7.5, 15.5, 8, 16 ], "texture": "#texture" },
        "east":  { "uv": [ 8, 15.5, 8.5, 16 ], "texture": "#texture" }
    }
},
{
    "from": [ 10, 2, 7.5 ],
    "to": [ 13.5, 2.5, 8 ],
    "faces": {
        "down":  { "uv": [ 13.5, 14, 10, 13.5 ], "texture": "#texture" },
        "up":    { "uv": [ 10, 13.5, 13.5, 14 ], "texture": "#texture" },
        "north": { "uv": [ 2.5, 13.5, 6, 14 ], "texture": "#texture" },
        "south": { "uv": [ 10, 13.5, 13.5, 14 ], "texture": "#texture" },
        "west":  { "uv": [ 10, 13.5, 10.5, 14 ], "texture": "#texture" },
        "east":  { "uv": [ 13, 13.5, 13.5, 14 ], "texture": "#texture" }
    }
},
{
    "from": [ 11, 2.5, 7.5 ],
    "to": [ 14, 3, 8 ],
    "faces": {
        "down":  { "uv": [ 14, 13.5, 11, 13 ], "texture": "#texture" },
        "up":    { "uv": [ 11, 13, 14, 13.5 ], "texture": "#texture" },
        "north": { "uv": [ 2, 13, 5, 13.5 ], "texture": "#texture" },
        "south": { "uv": [ 11, 13, 14, 13.5 ], "texture": "#texture" },
        "west":  { "uv": [ 11, 13, 11.5, 13.5 ], "texture": "#texture" },
        "east":  { "uv": [ 13.5, 13, 14, 13.5 ], "texture": "#texture" }
    }
},
{
    "from": [ 12, 3, 7.5 ],
    "to": [ 14.5, 3.5, 8 ],
    "faces": {
        "down":  { "uv": [ 14.5, 13, 12, 12.5 ], "texture": "#texture" },
        "up":    { "uv": [ 12, 12.5, 14.5, 13 ], "texture": "#texture" },
        "north": { "uv": [ 1.5, 12.5, 4, 13 ], "texture": "#texture" },
        "south": { "uv": [ 12, 12.5, 14.5, 13 ], "texture": "#texture" },
        "west":  { "uv": [ 12, 12.5, 12.5, 13 ], "texture": "#texture" },
        "east":  { "uv": [ 14, 12.5, 14.5, 13 ], "texture": "#texture" }
    }
},
{
    "from": [ 12.5, 3.5, 7.5 ],
    "to": [ 15, 4.5, 8 ],
    "faces": {
        "down":  { "uv": [ 15, 12, 12.5, 11.5 ], "texture": "#texture" },
        "up":    { "uv": [ 12.5, 11.5, 15, 12 ], "texture": "#texture" },
        "north": { "uv": [ 1, 11.5, 3.5, 12.5 ], "texture": "#texture" },
        "south": { "uv": [ 12.5, 11.5, 15, 12.5 ], "texture": "#texture" },
        "west":  { "uv": [ 12.5, 11.5, 13, 12.5 ], "texture": "#texture" },
        "east":  { "uv": [ 14.5, 11.5, 15, 12.5 ], "texture": "#texture" }
    }
},
{
    "from": [ 13, 4.5, 7.5 ],
    "to": [ 15.5, 5, 8 ],
    "faces": {
        "down":  { "uv": [ 15.5, 11.5, 13, 11 ], "texture": "#texture" },
        "up":    { "uv": [ 13, 11, 15.5, 11.5 ], "texture": "#texture" },
        "north": { "uv": [ 0.5, 11, 3, 11.5 ], "texture": "#texture" },
        "south": { "uv": [ 13, 11, 15.5, 11.5 ], "texture": "#texture" },
        "west":  { "uv": [ 13, 11, 13.5, 11.5 ], "texture": "#texture" },
        "east":  { "uv": [ 15, 11, 15.5, 11.5 ], "texture": "#texture" }
    }
},
{
    "from": [ 0, 5.5, 7.5 ],
    "to": [ 2.5, 6, 8 ],
    "faces": {
        "down":  { "uv": [ 2.5, 10.5, 0, 10 ], "texture": "#texture" },
        "up":    { "uv": [ 0, 10, 2.5, 10.5 ], "texture": "#texture" },
        "north": { "uv": [ 13.5, 10, 16, 10.5 ], "texture": "#texture" },
        "south": { "uv": [ 0, 10, 2.5, 10.5 ], "texture": "#texture" },
        "west":  { "uv": [ 0, 10, 0.5, 10.5 ], "texture": "#texture" },
        "east":  { "uv": [ 2, 10, 2.5, 10.5 ], "texture": "#texture" }
    }
},
{
    "from": [ 0, 6, 7.5 ],
    "to": [ 2, 10, 8 ],
    "faces": {
        "down":  { "uv": [ 16, 8, 14, 7.5 ], "texture": "#texture" },
        "up":    { "uv": [ 0, 7.5, 2, 8 ], "texture": "#texture" },
        "north": { "uv": [ 14, 6, 16, 10 ], "texture": "#texture" },
        "south": { "uv": [ 0, 6, 2, 10 ], "texture": "#texture" },
        "west":  { "uv": [ 0, 6, 0.5, 10 ], "texture": "#texture" },
        "east":  { "uv": [ 1.5, 6, 2, 10 ], "texture": "#texture" }
    }
},
{
    "from": [ 0.5, 4.5, 7.5 ],
    "to": [ 3, 5, 8 ],
    "faces": {
        "down":  { "uv": [ 3.5, 12.5, 1, 12 ], "texture": "#texture" },
        "up":    { "uv": [ 1, 12, 3.5, 12.5 ], "texture": "#texture" },
        "north": { "uv": [ 13, 11, 15.5, 11.5 ], "texture": "#texture" },
        "south": { "uv": [ 0.5, 11, 3, 11.5 ], "texture": "#texture" },
        "west":  { "uv": [ 0.5, 11, 1, 11.5 ], "texture": "#texture" },
        "east":  { "uv": [ 2.5, 11, 3, 11.5 ], "texture": "#texture" }
    }
},
{
    "from": [ 0.5, 5, 7.5 ],
    "to": [ 2.5, 5.5, 8 ],
    "faces": {
        "down":  { "uv": [ 2.5, 11, 0.5, 10.5 ], "texture": "#texture" },
        "up":    { "uv": [ 0.5, 10.5, 2.5, 11 ], "texture": "#texture" },
        "north": { "uv": [ 13.5, 10.5, 15.5, 11 ], "texture": "#texture" },
        "south": { "uv": [ 0.5, 10.5, 2.5, 11 ], "texture": "#texture" },
        "west":  { "uv": [ 0.5, 10.5, 1, 11 ], "texture": "#texture" },
        "east":  { "uv": [ 2, 10.5, 2.5, 11 ], "texture": "#texture" }
    }
},
{
    "from": [ 13.5, 5, 7.5 ],
    "to": [ 15.5, 5.5, 8 ],
    "faces": {
        "down":  { "uv": [ 15.5, 11, 13.5, 10.5 ], "texture": "#texture" },
        "up":    { "uv": [ 13.5, 10.5, 15.5, 11 ], "texture": "#texture" },
        "north": { "uv": [ 0.5, 10.5, 2.5, 11 ], "texture": "#texture" },
        "south": { "uv": [ 13.5, 10.5, 15.5, 11 ], "texture": "#texture" },
        "west":  { "uv": [ 13.5, 10.5, 14, 11 ], "texture": "#texture" },
        "east":  { "uv": [ 15, 10.5, 15.5, 11 ], "texture": "#texture" }
    }
},
{
    "from": [ 13.5, 5.5, 7.5 ],
    "to": [ 16, 6, 8 ],
    "faces": {
        "down":  { "uv": [ 16, 10.5, 13.5, 10 ], "texture": "#texture" },
        "up":    { "uv": [ 13.5, 10, 16, 10.5 ], "texture": "#texture" },
        "north": { "uv": [ 0, 10, 2.5, 10.5 ], "texture": "#texture" },
        "south": { "uv": [ 13.5, 10, 16, 10.5 ], "texture": "#texture" },
        "west":  { "uv": [ 13.5, 10, 14, 10.5 ], "texture": "#texture" },
        "east":  { "uv": [ 15.5, 10, 16, 10.5 ], "texture": "#texture" }
    }
},
{
    "from": [ 10, 13.5, 7.5 ],
    "to": [ 13.5, 14, 8 ],
    "faces": {
        "down":  { "uv": [ 6, 2.5, 2.5, 2 ], "texture": "#texture" },
        "up":    { "uv": [ 10, 2, 13.5, 2.5 ], "texture": "#texture" },
        "north": { "uv": [ 2.5, 2, 6, 2.5 ], "texture": "#texture" },
        "south": { "uv": [ 10, 2, 13.5, 2.5 ], "texture": "#texture" },
        "west":  { "uv": [ 10, 2, 10.5, 2.5 ], "texture": "#texture" },
        "east":  { "uv": [ 13, 2, 13.5, 2.5 ], "texture": "#texture" }
    }
},
{
    "from": [ 11, 13, 7.5 ],
    "to": [ 14, 13.5, 8 ],
    "faces": {
        "down":  { "uv": [ 14, 3, 11, 2.5 ], "texture": "#texture" },
        "up":    { "uv": [ 11, 2.5, 14, 3 ], "texture": "#texture" },
        "north": { "uv": [ 2, 2.5, 5, 3 ], "texture": "#texture" },
        "south": { "uv": [ 11, 2.5, 14, 3 ], "texture": "#texture" },
        "west":  { "uv": [ 11, 2.5, 11.5, 3 ], "texture": "#texture" },
        "east":  { "uv": [ 13.5, 2.5, 14, 3 ], "texture": "#texture" }
    }
},
{
    "from": [ 12, 12.5, 7.5 ],
    "to": [ 14.5, 13, 8 ],
    "faces": {
        "down":  { "uv": [ 14.5, 3.5, 12, 3 ], "texture": "#texture" },
        "up":    { "uv": [ 12, 3, 14.5, 3.5 ], "texture": "#texture" },
        "north": { "uv": [ 1.5, 3, 4, 3.5 ], "texture": "#texture" },
        "south": { "uv": [ 12, 3, 14.5, 3.5 ], "texture": "#texture" },
        "west":  { "uv": [ 12, 2.5, 12.5, 3 ], "texture": "#texture" },
        "east":  { "uv": [ 14, 3, 14.5, 3.5 ], "texture": "#texture" }
    }
},
{
    "from": [ 12.5, 11.5, 7.5 ],
    "to": [ 15, 12.5, 8 ],
    "faces": {
        "down":  { "uv": [ 15, 4.5, 12.5, 4 ], "texture": "#texture" },
        "up":    { "uv": [ 12.5, 3.5, 15, 4 ], "texture": "#texture" },
        "north": { "uv": [ 1, 3.5, 3.5, 4.5 ], "texture": "#texture" },
        "south": { "uv": [ 12.5, 3.5, 15, 4.5 ], "texture": "#texture" },
        "west":  { "uv": [ 12.5, 3.5, 13, 4.5 ], "texture": "#texture" },
        "east":  { "uv": [ 14.5, 3.5, 15, 4.5 ], "texture": "#texture" }
    }
},
{
    "from": [ 13, 11, 7.5 ],
    "to": [ 15.5, 11.5, 8 ],
    "faces": {
        "down":  { "uv": [ 15.5, 5, 13, 4.5 ], "texture": "#texture" },
        "up":    { "uv": [ 13, 4.5, 15.5, 5 ], "texture": "#texture" },
        "north": { "uv": [ 0.5, 4.5, 3, 5 ], "texture": "#texture" },
        "south": { "uv": [ 13, 4.5, 15.5, 5 ], "texture": "#texture" },
        "west":  { "uv": [ 13, 4.5, 13.5, 5 ], "texture": "#texture" },
        "east":  { "uv": [ 15, 4.5, 15.5, 5 ], "texture": "#texture" }
    }
},
{
    "from": [ 13.5, 10.5, 7.5 ],
    "to": [ 15.5, 11, 8 ],
    "faces": {
        "down":  { "uv": [ 15.5, 5.5, 13.5, 5 ], "texture": "#texture" },
        "up":    { "uv": [ 13.5, 5, 15.5, 5.5 ], "texture": "#texture" },
        "north": { "uv": [ 0.5, 5, 2.5, 5.5 ], "texture": "#texture" },
        "south": { "uv": [ 13.5, 5, 15.5, 5.5 ], "texture": "#texture" },
        "west":  { "uv": [ 13.5, 5, 14, 5.5 ], "texture": "#texture" },
        "east":  { "uv": [ 15, 5, 15.5, 5.5 ], "texture": "#texture" }
    }
},
{
    "from": [ 14, 6, 7.5 ],
    "to": [ 16, 10.5, 8 ],
    "faces": {
        "down":  { "uv": [ 2, 8, 0, 7.5 ], "texture": "#texture" },
        "up":    { "uv": [ 14, 7.5, 16, 8 ], "texture": "#texture" },
        "north": { "uv": [ 0, 5.5, 2, 10 ], "texture": "#texture" },
        "south": { "uv": [ 14, 5.5, 16, 10 ], "texture": "#texture" },
        "west":  { "uv": [ 14, 5.5, 14.5, 10 ], "texture": "#texture" },
        "east":  { "uv": [ 15.5, 5.5, 16, 10 ], "texture": "#texture" }
    }
},
{
    "from": [ 5.5, 14.5, 7 ],
    "to": [ 10.5, 15.5, 8.5 ],
    "faces": {
        "down":  { "uv": [ 10.5, 2, 5.5, 0.5 ], "texture": "#texture" },
        "up":    { "uv": [ 5.5, 0.5, 10.5, 1 ], "texture": "#texture" },
        "north": { "uv": [ 5.5, 0.5, 10.5, 1.5 ], "texture": "#texture" },
        "south": { "uv": [ 5.5, 0.5, 10.5, 1.5 ], "texture": "#texture" },
        "west":  { "uv": [ 5.5, 0.5, 7, 1.5 ], "texture": "#texture" },
        "east":  { "uv": [ 9, 0.5, 10.5, 1.5 ], "texture": "#texture" }
    }
},
{
    "from": [ 4.5, 14, 7 ],
    "to": [ 6, 15, 8.5 ],
    "faces": {
        "down":  { "uv": [ 9, 2, 7, 1.5 ], "texture": "#texture" },
        "up":    { "uv": [ 6.5, 0, 8.5, 0.5 ], "texture": "#texture" },
        "north": { "uv": [ 10, 1, 11.5, 2 ], "texture": "#texture" },
        "south": { "uv": [ 4.5, 1, 6, 2 ], "texture": "#texture" },
        "west":  { "uv": [ 10, 1, 11.5, 2 ], "texture": "#texture" },
        "east":  { "uv": [ 4.5, 1, 6, 2 ], "texture": "#texture" }
    }
},
{
    "from": [ 3.5, 13.5, 7 ],
    "to": [ 5, 14.5, 8.5 ],
    "faces": {
        "down":  { "uv": [ 8, 2, 6.5, 1.5 ], "texture": "#texture" },
        "up":    { "uv": [ 7.5, 0.5, 9.5, 1 ], "texture": "#texture" },
        "north": { "uv": [ 11, 1.5, 12.5, 2.5 ], "texture": "#texture" },
        "south": { "uv": [ 3.5, 1.5, 5, 2.5 ], "texture": "#texture" },
        "west":  { "uv": [ 3.5, 1.5, 5, 2.5 ], "texture": "#texture" },
        "east":  { "uv": [ 11, 1.5, 12.5, 2.5 ], "texture": "#texture" }
    }
},
{
    "from": [ 3, 13, 7 ],
    "to": [ 4, 14, 8.5 ],
    "faces": {
        "down":  { "uv": [ 1.5, 8, 1, 6.5 ], "texture": "#texture" },
        "up":    { "uv": [ 0.5, 7.5, 1, 9 ], "texture": "#texture" },
        "north": { "uv": [ 12, 2, 13, 3 ], "texture": "#texture" },
        "south": { "uv": [ 3, 2, 4, 3 ], "texture": "#texture" },
        "west":  { "uv": [ 0.5, 5.5, 1, 7 ], "texture": "#texture" },
        "east":  { "uv": [ 0.5, 6, 1, 7.5 ], "texture": "#texture" }
    }
},
{
    "from": [ 2.5, 12.5, 7 ],
    "to": [ 3.5, 13.5, 8.5 ],
    "faces": {
        "down":  { "uv": [ 1, 8.5, 0.5, 7 ], "texture": "#texture" },
        "up":    { "uv": [ 1, 7, 1.5, 8.5 ], "texture": "#texture" },
        "north": { "uv": [ 12.5, 2.5, 13.5, 3.5 ], "texture": "#texture" },
        "south": { "uv": [ 2.5, 2.5, 3.5, 3.5 ], "texture": "#texture" },
        "west":  { "uv": [ 0.5, 7, 1, 8 ], "texture": "#texture" },
        "east":  { "uv": [ 1, 6.5, 1.5, 8.5 ], "texture": "#texture" }
    }
},
{
    "from": [ 2, 12, 7 ],
    "to": [ 3, 13, 8.5 ],
    "faces": {
        "down":  { "uv": [ 2, 6, 1, 4.5 ], "texture": "#texture" },
        "up":    { "uv": [ 1, 4.5, 2, 6 ], "texture": "#texture" },
        "north": { "uv": [ 13, 3, 14, 4 ], "texture": "#texture" },
        "south": { "uv": [ 2, 3, 3, 4 ], "texture": "#texture" },
        "west":  { "uv": [ 1.5, 3.5, 3, 4.5 ], "texture": "#texture" },
        "east":  { "uv": [ 1, 4.5, 2.5, 5.5 ], "texture": "#texture" }
    }
},
{
    "from": [ 1.5, 11.5, 7 ],
    "to": [ 3, 12.5, 8.5 ],
    "faces": {
        "down":  { "uv": [ 15, 7.5, 14.5, 6 ], "texture": "#texture" },
        "up":    { "uv": [ 0.5, 5.5, 1, 7.5 ], "texture": "#texture" },
        "north": { "uv": [ 13, 3.5, 14.5, 4.5 ], "texture": "#texture" },
        "south": { "uv": [ 1.5, 3.5, 3, 4.5 ], "texture": "#texture" },
        "west":  { "uv": [ 0.5, 5.5, 1, 7.5 ], "texture": "#texture" },
        "east":  { "uv": [ 0.5, 6, 1, 7.5 ], "texture": "#texture" }
    }
},
{
    "from": [ 1, 11, 7 ],
    "to": [ 2.5, 11.5, 8.5 ],
    "faces": {
        "down":  { "uv": [ 1.5, 8.5, 1, 7 ], "texture": "#texture" },
        "up":    { "uv": [ 0.5, 7, 1, 8.5 ], "texture": "#texture" },
        "north": { "uv": [ 13.5, 4.5, 15, 5 ], "texture": "#texture" },
        "south": { "uv": [ 1, 4.5, 2.5, 5 ], "texture": "#texture" },
        "west":  { "uv": [ 1.5, 7, 2, 8.5 ], "texture": "#texture" },
        "east":  { "uv": [ 0, 6.5, 0.5, 7.5 ], "texture": "#texture" }
    }
},
{
    "from": [ 1, 10.5, 7 ],
    "to": [ 2, 11, 8.5 ],
    "faces": {
        "down":  { "uv": [ 15, 8.5, 14.5, 7 ], "texture": "#texture" },
        "up":    { "uv": [ 1, 7, 1.5, 8 ], "texture": "#texture" },
        "north": { "uv": [ 14, 5, 15, 5.5 ], "texture": "#texture" },
        "south": { "uv": [ 1, 5, 2, 5.5 ], "texture": "#texture" },
        "west":  { "uv": [ 0.5, 5.5, 1, 6 ], "texture": "#texture" },
        "east":  { "uv": [ 0, 5.5, 0.5, 6 ], "texture": "#texture" }
    }
},
{
    "from": [ 0.5, 6, 7 ],
    "to": [ 1.5, 10.5, 8.5 ],
    "faces": {
        "down":  { "uv": [ 15.5, 8.5, 14.5, 7 ], "texture": "#texture" },
        "up":    { "uv": [ 0.5, 7, 1.5, 8.5 ], "texture": "#texture" },
        "north": { "uv": [ 14.5, 5.5, 15.5, 10 ], "texture": "#texture" },
        "south": { "uv": [ 0.5, 5.5, 1.5, 10 ], "texture": "#texture" },
        "west":  { "uv": [ 0.5, 5.5, 1, 10 ], "texture": "#texture" },
        "east":  { "uv": [ 1.5, 6, 2, 10 ], "texture": "#texture" }
    }
},
{
    "from": [ 1, 5, 7 ],
    "to": [ 2, 5.5, 8.5 ],
    "faces": {
        "down":  { "uv": [ 15, 8.5, 14, 8 ], "texture": "#texture" },
        "up":    { "uv": [ 1, 10.5, 2, 11 ], "texture": "#texture" },
        "north": { "uv": [ 14, 10.5, 15, 11 ], "texture": "#texture" },
        "south": { "uv": [ 1, 10.5, 2, 11 ], "texture": "#texture" },
        "west":  { "uv": [ 2, 11.5, 2.5, 12 ], "texture": "#texture" },
        "east":  { "uv": [ 1, 10.5, 1.5, 11 ], "texture": "#texture" }
    }
},
{
    "from": [ 1, 4.5, 7 ],
    "to": [ 2.5, 5, 8.5 ],
    "faces": {
        "down":  { "uv": [ 15.5, 8.5, 15, 7.5 ], "texture": "#texture" },
        "up":    { "uv": [ 1, 7, 1.5, 8.5 ], "texture": "#texture" },
        "north": { "uv": [ 13.5, 11, 15, 11.5 ], "texture": "#texture" },
        "south": { "uv": [ 1, 11, 2.5, 11.5 ], "texture": "#texture" },
        "west":  { "uv": [ 7.5, 14.5, 9, 15 ], "texture": "#texture" },
        "east":  { "uv": [ 0.5, 9, 1, 9.5 ], "texture": "#texture" }
    }
},
{
    "from": [ 0.5, 5.5, 7 ],
    "to": [ 2, 6, 8.5 ],
    "faces": {
        "down":  { "uv": [ 15.5, 8.5, 15, 7 ], "texture": "#texture" },
        "up":    { "uv": [ 0.5, 7, 1, 8.5 ], "texture": "#texture" },
        "north": { "uv": [ 14, 10, 15.5, 10.5 ], "texture": "#texture" },
        "south": { "uv": [ 0.5, 10, 2, 10.5 ], "texture": "#texture" },
        "west":  { "uv": [ 1, 11, 1.5, 11.5 ], "texture": "#texture" },
        "east":  { "uv": [ 1, 10, 1.5, 10.5 ], "texture": "#texture" }
    }
},
{
    "from": [ 1.5, 3.5, 7 ],
    "to": [ 3, 4.5, 8.5 ],
    "faces": {
        "down":  { "uv": [ 8.5, 15.5, 7, 15 ], "texture": "#texture" },
        "up":    { "uv": [ 7, 14.5, 8.5, 15 ], "texture": "#texture" },
        "north": { "uv": [ 13, 11.5, 14.5, 12.5 ], "texture": "#texture" },
        "south": { "uv": [ 1.5, 11.5, 3, 12.5 ], "texture": "#texture" },
        "west":  { "uv": [ 7, 14.5, 8, 15 ], "texture": "#texture" },
        "east":  { "uv": [ 7, 15, 8.5, 15.5 ], "texture": "#texture" }
    }
},
{
    "from": [ 2, 3, 7 ],
    "to": [ 3.5, 3.5, 8.5 ],
    "faces": {
        "down":  { "uv": [ 15.5, 8.5, 15, 7 ], "texture": "#texture" },
        "up":    { "uv": [ 1, 7, 1.5, 8.5 ], "texture": "#texture" },
        "north": { "uv": [ 12.5, 12.5, 14, 13.5 ], "texture": "#texture" },
        "south": { "uv": [ 2, 12.5, 3.5, 13.5 ], "texture": "#texture" },
        "west":  { "uv": [ 7.5, 15, 9, 15.5 ], "texture": "#texture" },
        "east":  { "uv": [ 7, 14.5, 8.5, 15 ], "texture": "#texture" }
    }
},
{
    "from": [ 5.5, 0.5, 7 ],
    "to": [ 10.5, 1.5, 8.5 ],
    "faces": {
        "down":  { "uv": [ 10.5, 1.5, 5.5, 0 ], "texture": "#texture" },
        "up":    { "uv": [ 5.5, 14.5, 10.5, 16 ], "texture": "#texture" },
        "north": { "uv": [ 5.5, 14.5, 10.5, 15.5 ], "texture": "#texture" },
        "south": { "uv": [ 5.5, 14.5, 10.5, 15.5 ], "texture": "#texture" },
        "west":  { "uv": [ 7, 14.5, 8.5, 15.5 ], "texture": "#texture" },
        "east":  { "uv": [ 7.5, 14.5, 9, 15.5 ], "texture": "#texture" }
    }
},
{
    "from": [ 4.5, 1, 7 ],
    "to": [ 6, 2, 8.5 ],
    "faces": {
        "down":  { "uv": [ 16, 8.5, 14.5, 7 ], "texture": "#texture" },
        "up":    { "uv": [ 0, 7.5, 1.5, 9 ], "texture": "#texture" },
        "north": { "uv": [ 10, 14, 11.5, 15 ], "texture": "#texture" },
        "south": { "uv": [ 4.5, 14, 6, 15 ], "texture": "#texture" },
        "west":  { "uv": [ 7, 14.5, 8.5, 15.5 ], "texture": "#texture" },
        "east":  { "uv": [ 7.5, 14.5, 9, 15.5 ], "texture": "#texture" }
    }
},
{
    "from": [ 3.5, 1.5, 7 ],
    "to": [ 5, 2.5, 8.5 ],
    "faces": {
        "down":  { "uv": [ 16, 9, 14.5, 7.5 ], "texture": "#texture" },
        "up":    { "uv": [ 0, 7.5, 1.5, 9 ], "texture": "#texture" },
        "north": { "uv": [ 11, 13.5, 12.5, 14.5 ], "texture": "#texture" },
        "south": { "uv": [ 3.5, 13.5, 5, 14.5 ], "texture": "#texture" },
        "west":  { "uv": [ 7, 14.5, 8.5, 15.5 ], "texture": "#texture" },
        "east":  { "uv": [ 7.5, 14.5, 9, 15.5 ], "texture": "#texture" }
    }
},
{
    "from": [ 3, 2, 7 ],
    "to": [ 4, 3, 8.5 ],
    "faces": {
        "down":  { "uv": [ 15, 8.5, 14.5, 7 ], "texture": "#texture" },
        "up":    { "uv": [ 0.5, 6.5, 1, 8 ], "texture": "#texture" },
        "north": { "uv": [ 12, 13, 13, 14 ], "texture": "#texture" },
        "south": { "uv": [ 3, 13, 4, 14 ], "texture": "#texture" },
        "west":  { "uv": [ 7, 14.5, 8.5, 15 ], "texture": "#texture" },
        "east":  { "uv": [ 7, 15, 8.5, 15.5 ], "texture": "#texture" }
    }
},
{
    "from": [ 10, 14, 7 ],
    "to": [ 11.5, 15, 8.5 ],
    "faces": {
        "down":  { "uv": [ 10.5, 1.5, 9, 1 ], "texture": "#texture" },
        "up":    { "uv": [ 9, 0.5, 10.5, 1 ], "texture": "#texture" },
        "north": { "uv": [ 4.5, 1, 6, 2 ], "texture": "#texture" },
        "south": { "uv": [ 10, 1, 11.5, 2 ], "texture": "#texture" },
        "west":  { "uv": [ 7, 1.5, 8.5, 2 ], "texture": "#texture" },
        "east":  { "uv": [ 7.5, 1, 9, 1.5 ], "texture": "#texture" }
    }
},
{
    "from": [ 11, 13.5, 7 ],
    "to": [ 12.5, 14.5, 8.5 ],
    "faces": {
        "down":  { "uv": [ 1.5, 8.5, 1, 7 ], "texture": "#texture" },
        "up":    { "uv": [ 15, 7, 15.5, 8.5 ], "texture": "#texture" },
        "north": { "uv": [ 3.5, 1.5, 5, 2.5 ], "texture": "#texture" },
        "south": { "uv": [ 11, 1.5, 12.5, 2.5 ], "texture": "#texture" },
        "west":  { "uv": [ 7, 0.5, 8.5, 1 ], "texture": "#texture" },
        "east":  { "uv": [ 7.5, 1.5, 9, 1.5 ], "texture": "#texture" }
    }
},
{
    "from": [ 14.5, 6, 7 ],
    "to": [ 15.5, 10.5, 8.5 ],
    "faces": {
        "down":  { "uv": [ 1.5, 8.5, 0.5, 7 ], "texture": "#texture" },
        "up":    { "uv": [ 14.5, 7, 15.5, 8.5 ], "texture": "#texture" },
        "north": { "uv": [ 0.5, 5.5, 1.5, 10 ], "texture": "#texture" },
        "south": { "uv": [ 14.5, 5.5, 15.5, 10 ], "texture": "#texture" },
        "west":  { "uv": [ 14.5, 5.5, 16, 10 ], "texture": "#texture" },
        "east":  { "uv": [ 0, 5.5, 1.5, 10 ], "texture": "#texture" }
    }
},
{
    "from": [ 14, 10.5, 7 ],
    "to": [ 15, 11, 8.5 ],
    "faces": {
        "down":  { "uv": [ 1.5, 8.5, 1, 7 ], "texture": "#texture" },
        "up":    { "uv": [ 15, 6.5, 15.5, 8 ], "texture": "#texture" },
        "north": { "uv": [ 1, 5, 2, 5.5 ], "texture": "#texture" },
        "south": { "uv": [ 14, 5, 15, 5.5 ], "texture": "#texture" },
        "west":  { "uv": [ 15, 6.5, 15.5, 7.5 ], "texture": "#texture" },
        "east":  { "uv": [ 8, 14.5, 9.5, 15 ], "texture": "#texture" }
    }
},
{
    "from": [ 13.5, 11, 7 ],
    "to": [ 15, 11.5, 8.5 ],
    "faces": {
        "down":  { "uv": [ 1.5, 8.5, 1, 7 ], "texture": "#texture" },
        "up":    { "uv": [ 15, 7.5, 15.5, 9 ], "texture": "#texture" },
        "north": { "uv": [ 1, 4.5, 2.5, 5 ], "texture": "#texture" },
        "south": { "uv": [ 13.5, 4.5, 15, 5 ], "texture": "#texture" },
        "west":  { "uv": [ 0.5, 6.5, 1, 7 ], "texture": "#texture" },
        "east":  { "uv": [ 1, 7, 1.5, 7.5 ], "texture": "#texture" }
    }
},
{
    "from": [ 13, 11.5, 7 ],
    "to": [ 14.5, 12.5, 8.5 ],
    "faces": {
        "down":  { "uv": [ 1.5, 8.5, 1, 7 ], "texture": "#texture" },
        "up":    { "uv": [ 15, 7, 15.5, 8.5 ], "texture": "#texture" },
        "north": { "uv": [ 1.5, 3.5, 3, 4.5 ], "texture": "#texture" },
        "south": { "uv": [ 13, 3.5, 14.5, 4.5 ], "texture": "#texture" },
        "west":  { "uv": [ 0.5, 7, 1, 8 ], "texture": "#texture" },
        "east":  { "uv": [ 14.5, 6.5, 15, 8 ], "texture": "#texture" }
    }
},
{
    "from": [ 12.5, 12.5, 7 ],
    "to": [ 13.5, 13.5, 8.5 ],
    "faces": {
        "down":  { "uv": [ 1.5, 8.5, 1, 7.5 ], "texture": "#texture" },
        "up":    { "uv": [ 15, 6.5, 15.5, 8 ], "texture": "#texture" },
        "north": { "uv": [ 2.5, 2.5, 3.5, 3.5 ], "texture": "#texture" },
        "south": { "uv": [ 12.5, 2.5, 13.5, 3.5 ], "texture": "#texture" },
        "west":  { "uv": [ 0.5, 6.5, 1, 8 ], "texture": "#texture" },
        "east":  { "uv": [ 1, 6.5, 1.5, 8 ], "texture": "#texture" }
    }
},
{
    "from": [ 10, 1, 7 ],
    "to": [ 11.5, 2, 8.5 ],
    "faces": {
        "down":  { "uv": [ 16, 9.5, 14.5, 8 ], "texture": "#texture" },
        "up":    { "uv": [ 0, 8, 1.5, 9.5 ], "texture": "#texture" },
        "north": { "uv": [ 4.5, 14, 6, 15 ], "texture": "#texture" },
        "south": { "uv": [ 10, 14, 11.5, 15 ], "texture": "#texture" },
        "west":  { "uv": [ 7, 14.5, 8.5, 15.5 ], "texture": "#texture" },
        "east":  { "uv": [ 7.5, 15, 9, 16 ], "texture": "#texture" }
    }
},
{
    "from": [ 11, 1.5, 7 ],
    "to": [ 12.5, 2.5, 8.5 ],
    "faces": {
        "down":  { "uv": [ 1.5, 9, 0, 7.5 ], "texture": "#texture" },
        "up":    { "uv": [ 14.5, 7.5, 16, 9 ], "texture": "#texture" },
        "north": { "uv": [ 3.5, 13.5, 5, 14.5 ], "texture": "#texture" },
        "south": { "uv": [ 11, 13.5, 12.5, 14.5 ], "texture": "#texture" },
        "west":  { "uv": [ 7, 14.5, 8.5, 15.5 ], "texture": "#texture" },
        "east":  { "uv": [ 7.5, 14.5, 9, 15.5 ], "texture": "#texture" }
    }
},
{
    "from": [ 12, 2, 7 ],
    "to": [ 13, 3, 8.5 ],
    "faces": {
        "down":  { "uv": [ 1.5, 8.5, 0.5, 7 ], "texture": "#texture" },
        "up":    { "uv": [ 14.5, 7, 15.5, 8.5 ], "texture": "#texture" },
        "north": { "uv": [ 3, 13, 4, 14 ], "texture": "#texture" },
        "south": { "uv": [ 12, 13, 13, 14 ], "texture": "#texture" },
        "west":  { "uv": [ 7, 14.5, 8.5, 15.5 ], "texture": "#texture" },
        "east":  { "uv": [ 7.5, 14.5, 9, 15.5 ], "texture": "#texture" }
    }
},
{
    "from": [ 12.5, 2.5, 7 ],
    "to": [ 13.5, 3, 8.5 ],
    "faces": {
        "down":  { "uv": [ 3.5, 8.5, 2.5, 7 ], "texture": "#texture" },
        "up":    { "uv": [ 12.5, 7, 13.5, 8.5 ], "texture": "#texture" },
        "north": { "uv": [ 2.5, 13, 3.5, 13.5 ], "texture": "#texture" },
        "south": { "uv": [ 12.5, 13, 13.5, 13.5 ], "texture": "#texture" },
        "west":  { "uv": [ 7, 13, 8.5, 13.5 ], "texture": "#texture" },
        "east":  { "uv": [ 7.5, 13, 9, 13.5 ], "texture": "#texture" }
    }
},
{
    "from": [ 2.5, 2.5, 7 ],
    "to": [ 4, 3, 8.5 ],
    "faces": {
        "down":  { "uv": [ 15, 8.5, 14.5, 7 ], "texture": "#texture" },
        "up":    { "uv": [ 0.5, 7.5, 1, 9 ], "texture": "#texture" },
        "north": { "uv": [ 12, 13, 13.5, 13.5 ], "texture": "#texture" },
        "south": { "uv": [ 2.5, 13, 4, 13.5 ], "texture": "#texture" },
        "west":  { "uv": [ 7, 14.5, 8.5, 15 ], "texture": "#texture" },
        "east":  { "uv": [ 7, 15, 8.5, 15.5 ], "texture": "#texture" }
    }
},
{
    "from": [ 12.5, 3, 7 ],
    "to": [ 14, 3.5, 8.5 ],
    "faces": {
        "down":  { "uv": [ 1.5, 9, 0, 7.5 ], "texture": "#texture" },
        "up":    { "uv": [ 14.5, 7, 16, 8.5 ], "texture": "#texture" },
        "north": { "uv": [ 2, 12.5, 3.5, 13 ], "texture": "#texture" },
        "south": { "uv": [ 12.5, 12.5, 14, 13 ], "texture": "#texture" },
        "west":  { "uv": [ 7, 15, 8.5, 15.5 ], "texture": "#texture" },
        "east":  { "uv": [ 7.5, 14.5, 9, 15 ], "texture": "#texture" }
    }
},
{
    "from": [ 13, 3.5, 7 ],
    "to": [ 14.5, 4.5, 8.5 ],
    "faces": {
        "down":  { "uv": [ 1.5, 8.5, 0, 7 ], "texture": "#texture" },
        "up":    { "uv": [ 14.5, 7, 16, 8.5 ], "texture": "#texture" },
        "north": { "uv": [ 1.5, 11.5, 3, 12.5 ], "texture": "#texture" },
        "south": { "uv": [ 13, 11.5, 14.5, 12.5 ], "texture": "#texture" },
        "west":  { "uv": [ 7.5, 0.5, 9, 1.5 ], "texture": "#texture" },
        "east":  { "uv": [ 7.5, 14.5, 9, 15.5 ], "texture": "#texture" }
    }
},
{
    "from": [ 13.5, 4.5, 7 ],
    "to": [ 15, 5, 8.5 ],
    "faces": {
        "down":  { "uv": [ 2, 8.5, 0.5, 7 ], "texture": "#texture" },
        "up":    { "uv": [ 14, 7, 15.5, 8.5 ], "texture": "#texture" },
        "north": { "uv": [ 1, 11, 2.5, 11.5 ], "texture": "#texture" },
        "south": { "uv": [ 13.5, 11, 15, 11.5 ], "texture": "#texture" },
        "west":  { "uv": [ 7.5, 14.5, 9, 15 ], "texture": "#texture" },
        "east":  { "uv": [ 7.5, 15, 9, 15.5 ], "texture": "#texture" }
    }
},
{
    "from": [ 14, 5, 7 ],
    "to": [ 15, 5.5, 8.5 ],
    "faces": {
        "down":  { "uv": [ 2, 8.5, 1, 7 ], "texture": "#texture" },
        "up":    { "uv": [ 14, 7, 15, 8.5 ], "texture": "#texture" },
        "north": { "uv": [ 1, 10.5, 2, 11 ], "texture": "#texture" },
        "south": { "uv": [ 14, 10.5, 15, 11 ], "texture": "#texture" },
        "west":  { "uv": [ 7.5, 15, 9, 15.5 ], "texture": "#texture" },
        "east":  { "uv": [ 7.5, 14.5, 9, 15 ], "texture": "#texture" }
    }
},
{
    "from": [ 14, 5.5, 7 ],
    "to": [ 15.5, 6, 8.5 ],
    "faces": {
        "down":  { "uv": [ 2, 8.5, 0.5, 7 ], "texture": "#texture" },
        "up":    { "uv": [ 14, 7, 15.5, 8.5 ], "texture": "#texture" },
        "north": { "uv": [ 0.5, 10, 2, 10.5 ], "texture": "#texture" },
        "south": { "uv": [ 14, 10, 15.5, 10.5 ], "texture": "#texture" },
        "west":  { "uv": [ 7, 10, 8.5, 10.5 ], "texture": "#texture" },
        "east":  { "uv": [ 7.5, 10, 9, 10.5 ], "texture": "#texture" }
    }
},
{
    "from": [ 12, 13, 7 ],
    "to": [ 13, 14, 8.5 ],
    "faces": {
        "down":  { "uv": [ 1.5, 8, 1, 6.5 ], "texture": "#texture" },
        "up":    { "uv": [ 0.5, 8, 1, 9.5 ], "texture": "#texture" },
        "north": { "uv": [ 3, 2, 4, 3 ], "texture": "#texture" },
        "south": { "uv": [ 12, 2, 13, 3 ], "texture": "#texture" },
        "west":  { "uv": [ 6.5, 1, 8, 1.5 ], "texture": "#texture" },
        "east":  { "uv": [ 7.5, 0.5, 9, 1 ], "texture": "#texture" }
    }
},
{
    "from": [ 13, 12, 7 ],
    "to": [ 14, 13, 8.5 ],
    "faces": {
        "down":  { "uv": [ 15, 8, 14.5, 6.5 ], "texture": "#texture" },
        "up":    { "uv": [ 15, 7, 15.5, 8.5 ], "texture": "#texture" },
        "north": { "uv": [ 2, 3, 3, 4 ], "texture": "#texture" },
        "south": { "uv": [ 13, 3, 14, 4 ], "texture": "#texture" },
        "west":  { "uv": [ 13, 3.5, 13.5, 4.5 ], "texture": "#texture" },
        "east":  { "uv": [ 13.5, 3, 14, 4 ], "texture": "#texture" }
    }
}
],
"display": {
    "thirdperson": {
        "rotation": [ 0, 90, 0 ],
        "translation": [ 0.4, 2.8, -0.7 ],
        "scale": [ 0.85, 0.85, 0.41 ]
    },
    "head": {
        "rotation": [ 90, 0, 0 ],
        "translation": [ 0, 0, 0 ],
        "scale": [ 1, 1, 1 ]
    },
    "firstperson": {
        "rotation": [ 0, 62, -54 ],
        "translation": [ 0, 3.9, -1.5 ],
        "scale": [ 1.39, 1.42, 0.38 ]
    },
    "gui": {
        "rotation": [ 30, -45, -45 ],
        "translation": [ 0, 0, 0 ],
        "scale": [ 1.5, 1.5, 1 ]
    }
}
}