{
	"__comment": "Designed by Colin0904 with Cubik Studio - https://cubik.studio",
	"textures": {
		"mesh_palette": "blocks/necromancer"
	},
	"elements": [
		{
			"__comment": "Voxels-2F2F2F",
			"from": [ 20, 13, 6 ],
			"to": [ 21, 19, 9 ],
			"faces": {
				"down": { "uv": [ 12.96, 0.96, 15.04, 3.04 ], "texture": "#mesh_palette" },
				"up": { "uv": [ 12.96, 0.96, 15.04, 3.04 ], "texture": "#mesh_palette" },
				"north": { "uv": [ 12.96, 0.96, 15.04, 3.04 ], "texture": "#mesh_palette" },
				"south": { "uv": [ 12.96, 0.96, 15.04, 3.04 ], "texture": "#mesh_palette" },
				"west": { "uv": [ 12.96, 0.96, 15.04, 3.04 ], "texture": "#mesh_palette" },
				"east": { "uv": [ 12.96, 0.96, 15.04, 3.04 ], "texture": "#mesh_palette" }
			}
		},
		{
			"__comment": "Voxels-2F2F2F",
			"from": [ 18, 12, 6 ],
			"to": [ 20, 13, 9 ],
			"faces": {
				"down": { "uv": [ 12.96, 0.96, 15.04, 3.04 ], "texture": "#mesh_palette" },
				"up": { "uv": [ 12.96, 0.96, 15.04, 3.04 ], "texture": "#mesh_palette" },
				"north": { "uv": [ 12.96, 0.96, 15.04, 3.04 ], "texture": "#mesh_palette" },
				"south": { "uv": [ 12.96, 0.96, 15.04, 3.04 ], "texture": "#mesh_palette" },
				"west": { "uv": [ 12.96, 0.96, 15.04, 3.04 ], "texture": "#mesh_palette" },
				"east": { "uv": [ 12.96, 0.96, 15.04, 3.04 ], "texture": "#mesh_palette" }
			}
		},
		{
			"__comment": "Voxels-2F2F2F",
			"from": [ -3.5, 13, 5 ],
			"to": [ 0.5, 14, 6 ],
			"faces": {
				"down": { "uv": [ 12.96, 0.96, 15.04, 3.04 ], "texture": "#mesh_palette" },
				"up": { "uv": [ 12.96, 0.96, 15.04, 3.04 ], "texture": "#mesh_palette" },
				"north": { "uv": [ 12.96, 0.96, 15.04, 3.04 ], "texture": "#mesh_palette" },
				"south": { "uv": [ 12.96, 0.96, 15.04, 3.04 ], "texture": "#mesh_palette" },
				"west": { "uv": [ 12.96, 0.96, 15.04, 3.04 ], "texture": "#mesh_palette" },
				"east": { "uv": [ 12.96, 0.96, 15.04, 3.04 ], "texture": "#mesh_palette" }
			}
		},
		{
			"__comment": "Voxels-2F2F2F",
			"from": [ 16, 13, 5 ],
			"to": [ 20, 14, 6 ],
			"faces": {
				"down": { "uv": [ 12.96, 0.96, 15.04, 3.04 ], "texture": "#mesh_palette" },
				"up": { "uv": [ 12.96, 0.96, 15.04, 3.04 ], "texture": "#mesh_palette" },
				"north": { "uv": [ 12.96, 0.96, 15.04, 3.04 ], "texture": "#mesh_palette" },
				"south": { "uv": [ 12.96, 0.96, 15.04, 3.04 ], "texture": "#mesh_palette" },
				"west": { "uv": [ 12.96, 0.96, 15.04, 3.04 ], "texture": "#mesh_palette" },
				"east": { "uv": [ 12.96, 0.96, 15.04, 3.04 ], "texture": "#mesh_palette" }
			}
		},
		{
			"__comment": "Voxels-2F2F2F",
			"from": [ -3.5, 14, 5 ],
			"to": [ -0.5, 15, 6 ],
			"faces": {
				"down": { "uv": [ 12.96, 0.96, 15.04, 3.04 ], "texture": "#mesh_palette" },
				"up": { "uv": [ 12.96, 0.96, 15.04, 3.04 ], "texture": "#mesh_palette" },
				"north": { "uv": [ 12.96, 0.96, 15.04, 3.04 ], "texture": "#mesh_palette" },
				"south": { "uv": [ 12.96, 0.96, 15.04, 3.04 ], "texture": "#mesh_palette" },
				"west": { "uv": [ 12.96, 0.96, 15.04, 3.04 ], "texture": "#mesh_palette" },
				"east": { "uv": [ 12.96, 0.96, 15.04, 3.04 ], "texture": "#mesh_palette" }
			}
		},
		{
			"__comment": "Voxels-2F2F2F",
			"from": [ -4, 14, 6 ],
			"to": [ -3, 15, 7 ],
			"faces": {
				"down": { "uv": [ 12.96, 0.96, 15.04, 3.04 ], "texture": "#mesh_palette" },
				"up": { "uv": [ 12.96, 0.96, 15.04, 3.04 ], "texture": "#mesh_palette" },
				"north": { "uv": [ 12.96, 0.96, 15.04, 3.04 ], "texture": "#mesh_palette" },
				"south": { "uv": [ 12.96, 0.96, 15.04, 3.04 ], "texture": "#mesh_palette" },
				"west": { "uv": [ 12.96, 0.96, 15.04, 3.04 ], "texture": "#mesh_palette" },
				"east": { "uv": [ 12.96, 0.96, 15.04, 3.04 ], "texture": "#mesh_palette" }
			}
		},
		{
			"__comment": "Voxels-2F2F2F",
			"from": [ 17, 14, 5 ],
			"to": [ 20, 15, 6 ],
			"faces": {
				"down": { "uv": [ 12.96, 0.96, 15.04, 3.04 ], "texture": "#mesh_palette" },
				"up": { "uv": [ 12.96, 0.96, 15.04, 3.04 ], "texture": "#mesh_palette" },
				"north": { "uv": [ 12.96, 0.96, 15.04, 3.04 ], "texture": "#mesh_palette" },
				"south": { "uv": [ 12.96, 0.96, 15.04, 3.04 ], "texture": "#mesh_palette" },
				"west": { "uv": [ 12.96, 0.96, 15.04, 3.04 ], "texture": "#mesh_palette" },
				"east": { "uv": [ 12.96, 0.96, 15.04, 3.04 ], "texture": "#mesh_palette" }
			}
		},
		{
			"__comment": "Voxels-2F2F2F",
			"from": [ -3.5, 15, 5 ],
			"to": [ -1.5, 19, 6 ],
			"faces": {
				"down": { "uv": [ 12.96, 0.96, 15.04, 3.04 ], "texture": "#mesh_palette" },
				"up": { "uv": [ 12.96, 0.96, 15.04, 3.04 ], "texture": "#mesh_palette" },
				"north": { "uv": [ 12.96, 0.96, 15.04, 3.04 ], "texture": "#mesh_palette" },
				"south": { "uv": [ 12.96, 0.96, 15.04, 3.04 ], "texture": "#mesh_palette" },
				"west": { "uv": [ 12.96, 0.96, 15.04, 3.04 ], "texture": "#mesh_palette" },
				"east": { "uv": [ 12.96, 0.96, 15.04, 3.04 ], "texture": "#mesh_palette" }
			}
		},
		{
			"__comment": "Voxels-2F2F2F",
			"from": [ 18, 15, 5 ],
			"to": [ 20, 19, 6 ],
			"faces": {
				"down": { "uv": [ 12.96, 0.96, 15.04, 3.04 ], "texture": "#mesh_palette" },
				"up": { "uv": [ 12.96, 0.96, 15.04, 3.04 ], "texture": "#mesh_palette" },
				"north": { "uv": [ 12.96, 0.96, 15.04, 3.04 ], "texture": "#mesh_palette" },
				"south": { "uv": [ 12.96, 0.96, 15.04, 3.04 ], "texture": "#mesh_palette" },
				"west": { "uv": [ 12.96, 0.96, 15.04, 3.04 ], "texture": "#mesh_palette" },
				"east": { "uv": [ 12.96, 0.96, 15.04, 3.04 ], "texture": "#mesh_palette" }
			}
		},
		{
			"__comment": "Voxels-2F2F2F",
			"from": [ 18.5, 21, 7 ],
			"to": [ 19.5, 22, 8 ],
			"faces": {
				"down": { "uv": [ 12.96, 0.96, 15.04, 3.04 ], "texture": "#mesh_palette" },
				"up": { "uv": [ 12.96, 0.96, 15.04, 3.04 ], "texture": "#mesh_palette" },
				"north": { "uv": [ 12.96, 0.96, 15.04, 3.04 ], "texture": "#mesh_palette" },
				"south": { "uv": [ 12.96, 0.96, 15.04, 3.04 ], "texture": "#mesh_palette" },
				"west": { "uv": [ 12.96, 0.96, 15.04, 3.04 ], "texture": "#mesh_palette" },
				"east": { "uv": [ 12.96, 0.96, 15.04, 3.04 ], "texture": "#mesh_palette" }
			}
		},
		{
			"__comment": "Voxels-F31B12",
			"from": [ 9.7, 5.5, 12 ],
			"to": [ 11.2, 6.5, 12.001 ],
			"faces": {
				"down": { "uv": [ 8.96, 0.96, 11.04, 3.04 ], "texture": "#mesh_palette" },
				"up": { "uv": [ 8.96, 0.96, 11.04, 3.04 ], "texture": "#mesh_palette" },
				"north": { "uv": [ 8.96, 0.96, 11.04, 3.04 ], "texture": "#mesh_palette" },
				"south": { "uv": [ 8.96, 0.96, 11.04, 3.04 ], "texture": "#mesh_palette" },
				"west": { "uv": [ 8.96, 0.96, 11.04, 3.04 ], "texture": "#mesh_palette" },
				"east": { "uv": [ 8.96, 0.96, 11.04, 3.04 ], "texture": "#mesh_palette" }
			}
		},
		{
			"__comment": "Voxels-2F2F2F",
			"from": [ 17, 11, 6 ],
			"to": [ 18, 12, 9 ],
			"faces": {
				"down": { "uv": [ 12.96, 0.96, 15.04, 3.04 ], "texture": "#mesh_palette" },
				"up": { "uv": [ 12.96, 0.96, 15.04, 3.04 ], "texture": "#mesh_palette" },
				"north": { "uv": [ 12.96, 0.96, 15.04, 3.04 ], "texture": "#mesh_palette" },
				"south": { "uv": [ 12.96, 0.96, 15.04, 3.04 ], "texture": "#mesh_palette" },
				"west": { "uv": [ 12.96, 0.96, 15.04, 3.04 ], "texture": "#mesh_palette" },
				"east": { "uv": [ 12.96, 0.96, 15.04, 3.04 ], "texture": "#mesh_palette" }
			}
		},
		{
			"__comment": "Voxels-2F2F2F",
			"from": [ -1.5, 12, 5 ],
			"to": [ 1.5, 13, 6 ],
			"faces": {
				"down": { "uv": [ 12.96, 0.96, 15.04, 3.04 ], "texture": "#mesh_palette" },
				"up": { "uv": [ 12.96, 0.96, 15.04, 3.04 ], "texture": "#mesh_palette" },
				"north": { "uv": [ 12.96, 0.96, 15.04, 3.04 ], "texture": "#mesh_palette" },
				"south": { "uv": [ 12.96, 0.96, 15.04, 3.04 ], "texture": "#mesh_palette" },
				"west": { "uv": [ 12.96, 0.96, 15.04, 3.04 ], "texture": "#mesh_palette" },
				"east": { "uv": [ 12.96, 0.96, 15.04, 3.04 ], "texture": "#mesh_palette" }
			}
		},
		{
			"__comment": "Voxels-2F2F2F",
			"from": [ 15, 12, 5 ],
			"to": [ 18, 13, 6 ],
			"faces": {
				"down": { "uv": [ 12.96, 0.96, 15.04, 3.04 ], "texture": "#mesh_palette" },
				"up": { "uv": [ 12.96, 0.96, 15.04, 3.04 ], "texture": "#mesh_palette" },
				"north": { "uv": [ 12.96, 0.96, 15.04, 3.04 ], "texture": "#mesh_palette" },
				"south": { "uv": [ 12.96, 0.96, 15.04, 3.04 ], "texture": "#mesh_palette" },
				"west": { "uv": [ 12.96, 0.96, 15.04, 3.04 ], "texture": "#mesh_palette" },
				"east": { "uv": [ 12.96, 0.96, 15.04, 3.04 ], "texture": "#mesh_palette" }
			}
		},
		{
			"__comment": "Voxels-2F2F2F",
			"from": [ 16, 14, 6 ],
			"to": [ 18, 15, 9 ],
			"faces": {
				"down": { "uv": [ 12.96, 0.96, 15.04, 3.04 ], "texture": "#mesh_palette" },
				"up": { "uv": [ 12.96, 0.96, 15.04, 3.04 ], "texture": "#mesh_palette" },
				"north": { "uv": [ 12.96, 0.96, 15.04, 3.04 ], "texture": "#mesh_palette" },
				"south": { "uv": [ 12.96, 0.96, 15.04, 3.04 ], "texture": "#mesh_palette" },
				"west": { "uv": [ 12.96, 0.96, 15.04, 3.04 ], "texture": "#mesh_palette" },
				"east": { "uv": [ 12.96, 0.96, 15.04, 3.04 ], "texture": "#mesh_palette" }
			}
		},
		{
			"__comment": "Voxels-2F2F2F",
			"from": [ 17, 15, 6 ],
			"to": [ 18, 19, 9 ],
			"faces": {
				"down": { "uv": [ 12.96, 0.96, 15.04, 3.04 ], "texture": "#mesh_palette" },
				"up": { "uv": [ 12.96, 0.96, 15.04, 3.04 ], "texture": "#mesh_palette" },
				"north": { "uv": [ 12.96, 0.96, 15.04, 3.04 ], "texture": "#mesh_palette" },
				"south": { "uv": [ 12.96, 0.96, 15.04, 3.04 ], "texture": "#mesh_palette" },
				"west": { "uv": [ 12.96, 0.96, 15.04, 3.04 ], "texture": "#mesh_palette" },
				"east": { "uv": [ 12.96, 0.96, 15.04, 3.04 ], "texture": "#mesh_palette" }
			}
		},
		{
			"__comment": "Voxels-2F2F2F",
			"from": [ 16, 10, 6 ],
			"to": [ 17, 11, 9 ],
			"faces": {
				"down": { "uv": [ 12.96, 0.96, 15.04, 3.04 ], "texture": "#mesh_palette" },
				"up": { "uv": [ 12.96, 0.96, 15.04, 3.04 ], "texture": "#mesh_palette" },
				"north": { "uv": [ 12.96, 0.96, 15.04, 3.04 ], "texture": "#mesh_palette" },
				"south": { "uv": [ 12.96, 0.96, 15.04, 3.04 ], "texture": "#mesh_palette" },
				"west": { "uv": [ 12.96, 0.96, 15.04, 3.04 ], "texture": "#mesh_palette" },
				"east": { "uv": [ 12.96, 0.96, 15.04, 3.04 ], "texture": "#mesh_palette" }
			}
		},
		{
			"__comment": "Voxels-2F2F2F",
			"from": [ -0.5, 11, 5 ],
			"to": [ 1.5, 12, 6 ],
			"faces": {
				"down": { "uv": [ 12.96, 0.96, 15.04, 3.04 ], "texture": "#mesh_palette" },
				"up": { "uv": [ 12.96, 0.96, 15.04, 3.04 ], "texture": "#mesh_palette" },
				"north": { "uv": [ 12.96, 0.96, 15.04, 3.04 ], "texture": "#mesh_palette" },
				"south": { "uv": [ 12.96, 0.96, 15.04, 3.04 ], "texture": "#mesh_palette" },
				"west": { "uv": [ 12.96, 0.96, 15.04, 3.04 ], "texture": "#mesh_palette" },
				"east": { "uv": [ 12.96, 0.96, 15.04, 3.04 ], "texture": "#mesh_palette" }
			}
		},
		{
			"__comment": "Voxels-2F2F2F",
			"from": [ 15, 11, 5 ],
			"to": [ 17, 12, 6 ],
			"faces": {
				"down": { "uv": [ 12.96, 0.96, 15.04, 3.04 ], "texture": "#mesh_palette" },
				"up": { "uv": [ 12.96, 0.96, 15.04, 3.04 ], "texture": "#mesh_palette" },
				"north": { "uv": [ 12.96, 0.96, 15.04, 3.04 ], "texture": "#mesh_palette" },
				"south": { "uv": [ 12.96, 0.96, 15.04, 3.04 ], "texture": "#mesh_palette" },
				"west": { "uv": [ 12.96, 0.96, 15.04, 3.04 ], "texture": "#mesh_palette" },
				"east": { "uv": [ 12.96, 0.96, 15.04, 3.04 ], "texture": "#mesh_palette" }
			}
		},
		{
			"__comment": "Voxels-2F2F2F",
			"from": [ 0, 9, 6 ],
			"to": [ 16.5, 10, 9 ],
			"faces": {
				"down": { "uv": [ 12.96, 0.96, 15.04, 3.04 ], "texture": "#mesh_palette" },
				"up": { "uv": [ 12.96, 0.96, 15.04, 3.04 ], "texture": "#mesh_palette" },
				"north": { "uv": [ 12.96, 0.96, 15.04, 3.04 ], "texture": "#mesh_palette" },
				"south": { "uv": [ 12.96, 0.96, 15.04, 3.04 ], "texture": "#mesh_palette" },
				"west": { "uv": [ 12.96, 0.96, 15.04, 3.04 ], "texture": "#mesh_palette" },
				"east": { "uv": [ 12.96, 0.96, 15.04, 3.04 ], "texture": "#mesh_palette" }
			}
		},
		{
			"__comment": "Voxels-2F2F2F",
			"from": [ 0.5, 10, 5 ],
			"to": [ 1.5, 11, 6 ],
			"faces": {
				"down": { "uv": [ 12.96, 0.96, 15.04, 3.04 ], "texture": "#mesh_palette" },
				"up": { "uv": [ 12.96, 0.96, 15.04, 3.04 ], "texture": "#mesh_palette" },
				"north": { "uv": [ 12.96, 0.96, 15.04, 3.04 ], "texture": "#mesh_palette" },
				"south": { "uv": [ 12.96, 0.96, 15.04, 3.04 ], "texture": "#mesh_palette" },
				"west": { "uv": [ 12.96, 0.96, 15.04, 3.04 ], "texture": "#mesh_palette" },
				"east": { "uv": [ 12.96, 0.96, 15.04, 3.04 ], "texture": "#mesh_palette" }
			}
		},
		{
			"__comment": "Voxels-2F2F2F",
			"from": [ 15, 10, 5.5 ],
			"to": [ 16, 11, 6.5 ],
			"faces": {
				"down": { "uv": [ 12.96, 0.96, 15.04, 3.04 ], "texture": "#mesh_palette" },
				"up": { "uv": [ 12.96, 0.96, 15.04, 3.04 ], "texture": "#mesh_palette" },
				"north": { "uv": [ 12.96, 0.96, 15.04, 3.04 ], "texture": "#mesh_palette" },
				"south": { "uv": [ 12.96, 0.96, 15.04, 3.04 ], "texture": "#mesh_palette" },
				"west": { "uv": [ 12.96, 0.96, 15.04, 3.04 ], "texture": "#mesh_palette" },
				"east": { "uv": [ 12.96, 0.96, 15.04, 3.04 ], "texture": "#mesh_palette" }
			}
		},
		{
			"__comment": "Voxels-2F2F2F",
			"from": [ 15, 13, 6 ],
			"to": [ 16, 14, 9 ],
			"faces": {
				"down": { "uv": [ 12.96, 0.96, 15.04, 3.04 ], "texture": "#mesh_palette" },
				"up": { "uv": [ 12.96, 0.96, 15.04, 3.04 ], "texture": "#mesh_palette" },
				"north": { "uv": [ 12.96, 0.96, 15.04, 3.04 ], "texture": "#mesh_palette" },
				"south": { "uv": [ 12.96, 0.96, 15.04, 3.04 ], "texture": "#mesh_palette" },
				"west": { "uv": [ 12.96, 0.96, 15.04, 3.04 ], "texture": "#mesh_palette" },
				"east": { "uv": [ 12.96, 0.96, 15.04, 3.04 ], "texture": "#mesh_palette" }
			}
		},
		{
			"__comment": "Voxels-5E5E5E",
			"from": [ 1.5, 0, 5 ],
			"to": [ 2, 14, 6 ],
			"faces": {
				"down": { "uv": [ 0.96, 4.96, 3.04, 7.04 ], "texture": "#mesh_palette" },
				"up": { "uv": [ 0.96, 4.96, 3.04, 7.04 ], "texture": "#mesh_palette" },
				"north": { "uv": [ 0.96, 4.96, 3.04, 7.04 ], "texture": "#mesh_palette" },
				"south": { "uv": [ 0.96, 4.96, 3.04, 7.04 ], "texture": "#mesh_palette" },
				"west": { "uv": [ 0.96, 4.96, 3.04, 7.04 ], "texture": "#mesh_palette" },
				"east": { "uv": [ 0.96, 4.96, 3.04, 7.04 ], "texture": "#mesh_palette" }
			}
		},
		{
			"__comment": "Voxels-5E5E5E",
			"from": [ 1.5, 0, 6 ],
			"to": [ 2, 9, 10 ],
			"faces": {
				"down": { "uv": [ 0.96, 4.96, 3.04, 7.04 ], "texture": "#mesh_palette" },
				"up": { "uv": [ 0.96, 4.96, 3.04, 7.04 ], "texture": "#mesh_palette" },
				"north": { "uv": [ 0.96, 4.96, 3.04, 7.04 ], "texture": "#mesh_palette" },
				"south": { "uv": [ 0.96, 4.96, 3.04, 7.04 ], "texture": "#mesh_palette" },
				"west": { "uv": [ 0.96, 4.96, 3.04, 7.04 ], "texture": "#mesh_palette" },
				"east": { "uv": [ 0.96, 4.96, 3.04, 7.04 ], "texture": "#mesh_palette" }
			}
		},
		{
			"__comment": "Voxels-5E5E5E",
			"from": [ 1.5, 9, 9 ],
			"to": [ 2, 14, 10 ],
			"faces": {
				"down": { "uv": [ 0.96, 4.96, 3.04, 7.04 ], "texture": "#mesh_palette" },
				"up": { "uv": [ 0.96, 4.96, 3.04, 7.04 ], "texture": "#mesh_palette" },
				"north": { "uv": [ 0.96, 4.96, 3.04, 7.04 ], "texture": "#mesh_palette" },
				"south": { "uv": [ 0.96, 4.96, 3.04, 7.04 ], "texture": "#mesh_palette" },
				"west": { "uv": [ 0.96, 4.96, 3.04, 7.04 ], "texture": "#mesh_palette" },
				"east": { "uv": [ 0.96, 4.96, 3.04, 7.04 ], "texture": "#mesh_palette" }
			}
		},
		{
			"__comment": "Voxels-5E5E5E",
			"from": [ 1.5, 10, 6 ],
			"to": [ 2, 14, 9 ],
			"faces": {
				"down": { "uv": [ 0.96, 4.96, 3.04, 7.04 ], "texture": "#mesh_palette" },
				"up": { "uv": [ 0.96, 4.96, 3.04, 7.04 ], "texture": "#mesh_palette" },
				"north": { "uv": [ 0.96, 4.96, 3.04, 7.04 ], "texture": "#mesh_palette" },
				"south": { "uv": [ 0.96, 4.96, 3.04, 7.04 ], "texture": "#mesh_palette" },
				"west": { "uv": [ 0.96, 4.96, 3.04, 7.04 ], "texture": "#mesh_palette" },
				"east": { "uv": [ 0.96, 4.96, 3.04, 7.04 ], "texture": "#mesh_palette" }
			}
		},
		{
			"__comment": "Voxels-646464",
			"from": [ 2, 0, 4 ],
			"to": [ 3, 11, 5 ],
			"faces": {
				"down": { "uv": [ 4.96, 4.96, 7.04, 7.04 ], "texture": "#mesh_palette" },
				"up": { "uv": [ 4.96, 4.96, 7.04, 7.04 ], "texture": "#mesh_palette" },
				"north": { "uv": [ 4.96, 4.96, 7.04, 7.04 ], "texture": "#mesh_palette" },
				"south": { "uv": [ 4.96, 4.96, 7.04, 7.04 ], "texture": "#mesh_palette" },
				"west": { "uv": [ 4.96, 4.96, 7.04, 7.04 ], "texture": "#mesh_palette" },
				"east": { "uv": [ 4.96, 4.96, 7.04, 7.04 ], "texture": "#mesh_palette" }
			}
		},
		{
			"__comment": "Voxels-808080",
			"from": [ 2, 0, 5 ],
			"to": [ 14, 11, 6 ],
			"faces": {
				"down": { "uv": [ 8.96, 4.96, 11.04, 7.04 ], "texture": "#mesh_palette" },
				"up": { "uv": [ 8.96, 4.96, 11.04, 7.04 ], "texture": "#mesh_palette" },
				"north": { "uv": [ 8.96, 4.96, 11.04, 7.04 ], "texture": "#mesh_palette" },
				"south": { "uv": [ 8.96, 4.96, 11.04, 7.04 ], "texture": "#mesh_palette" },
				"west": { "uv": [ 8.96, 4.96, 11.04, 7.04 ], "texture": "#mesh_palette" },
				"east": { "uv": [ 8.96, 4.96, 11.04, 7.04 ], "texture": "#mesh_palette" }
			}
		},
		{
			"__comment": "Voxels-808080",
			"from": [ 2, 0, 6 ],
			"to": [ 14, 9, 10 ],
			"faces": {
				"down": { "uv": [ 8.96, 4.96, 11.04, 7.04 ], "texture": "#mesh_palette" },
				"up": { "uv": [ 8.96, 4.96, 11.04, 7.04 ], "texture": "#mesh_palette" },
				"north": { "uv": [ 8.96, 4.96, 11.04, 7.04 ], "texture": "#mesh_palette" },
				"south": { "uv": [ 8.96, 4.96, 11.04, 7.04 ], "texture": "#mesh_palette" },
				"west": { "uv": [ 8.96, 4.96, 11.04, 7.04 ], "texture": "#mesh_palette" },
				"east": { "uv": [ 8.96, 4.96, 11.04, 7.04 ], "texture": "#mesh_palette" }
			}
		},
		{
			"__comment": "Voxels-646464",
			"from": [ 2, 0, 10 ],
			"to": [ 3, 13, 11 ],
			"faces": {
				"down": { "uv": [ 4.96, 4.96, 7.04, 7.04 ], "texture": "#mesh_palette" },
				"up": { "uv": [ 4.96, 4.96, 7.04, 7.04 ], "texture": "#mesh_palette" },
				"north": { "uv": [ 4.96, 4.96, 7.04, 7.04 ], "texture": "#mesh_palette" },
				"south": { "uv": [ 4.96, 4.96, 7.04, 7.04 ], "texture": "#mesh_palette" },
				"west": { "uv": [ 4.96, 4.96, 7.04, 7.04 ], "texture": "#mesh_palette" },
				"east": { "uv": [ 4.96, 4.96, 7.04, 7.04 ], "texture": "#mesh_palette" }
			}
		},
		{
			"__comment": "Voxels-808080",
			"from": [ 2, 9, 9 ],
			"to": [ 14, 10, 10 ],
			"faces": {
				"down": { "uv": [ 8.96, 4.96, 11.04, 7.04 ], "texture": "#mesh_palette" },
				"up": { "uv": [ 8.96, 4.96, 11.04, 7.04 ], "texture": "#mesh_palette" },
				"north": { "uv": [ 8.96, 4.96, 11.04, 7.04 ], "texture": "#mesh_palette" },
				"south": { "uv": [ 8.96, 4.96, 11.04, 7.04 ], "texture": "#mesh_palette" },
				"west": { "uv": [ 8.96, 4.96, 11.04, 7.04 ], "texture": "#mesh_palette" },
				"east": { "uv": [ 8.96, 4.96, 11.04, 7.04 ], "texture": "#mesh_palette" }
			}
		},
		{
			"__comment": "Voxels-808080",
			"from": [ 2, 10, 6 ],
			"to": [ 3, 11, 7 ],
			"faces": {
				"down": { "uv": [ 8.96, 4.96, 11.04, 7.04 ], "texture": "#mesh_palette" },
				"up": { "uv": [ 8.96, 4.96, 11.04, 7.04 ], "texture": "#mesh_palette" },
				"north": { "uv": [ 8.96, 4.96, 11.04, 7.04 ], "texture": "#mesh_palette" },
				"south": { "uv": [ 8.96, 4.96, 11.04, 7.04 ], "texture": "#mesh_palette" },
				"west": { "uv": [ 8.96, 4.96, 11.04, 7.04 ], "texture": "#mesh_palette" },
				"east": { "uv": [ 8.96, 4.96, 11.04, 7.04 ], "texture": "#mesh_palette" }
			}
		},
		{
			"__comment": "Voxels-767676",
			"from": [ 2, 10, 7 ],
			"to": [ 13, 14, 9 ],
			"faces": {
				"down": { "uv": [ 12.96, 4.96, 15.04, 7.04 ], "texture": "#mesh_palette" },
				"up": { "uv": [ 12.96, 4.96, 15.04, 7.04 ], "texture": "#mesh_palette" },
				"north": { "uv": [ 12.96, 4.96, 15.04, 7.04 ], "texture": "#mesh_palette" },
				"south": { "uv": [ 12.96, 4.96, 15.04, 7.04 ], "texture": "#mesh_palette" },
				"west": { "uv": [ 12.96, 4.96, 15.04, 7.04 ], "texture": "#mesh_palette" },
				"east": { "uv": [ 12.96, 4.96, 15.04, 7.04 ], "texture": "#mesh_palette" }
			}
		},
		{
			"__comment": "Voxels-767676",
			"from": [ 2, 10, 9 ],
			"to": [ 8, 14, 10 ],
			"faces": {
				"down": { "uv": [ 12.96, 4.96, 15.04, 7.04 ], "texture": "#mesh_palette" },
				"up": { "uv": [ 12.96, 4.96, 15.04, 7.04 ], "texture": "#mesh_palette" },
				"north": { "uv": [ 12.96, 4.96, 15.04, 7.04 ], "texture": "#mesh_palette" },
				"south": { "uv": [ 12.96, 4.96, 15.04, 7.04 ], "texture": "#mesh_palette" },
				"west": { "uv": [ 12.96, 4.96, 15.04, 7.04 ], "texture": "#mesh_palette" },
				"east": { "uv": [ 12.96, 4.96, 15.04, 7.04 ], "texture": "#mesh_palette" }
			}
		},
		{
			"__comment": "Voxels-767676",
			"from": [ 2, 11, 4 ],
			"to": [ 14, 14, 7 ],
			"faces": {
				"down": { "uv": [ 12.96, 4.96, 15.04, 7.04 ], "texture": "#mesh_palette" },
				"up": { "uv": [ 12.96, 4.96, 15.04, 7.04 ], "texture": "#mesh_palette" },
				"north": { "uv": [ 12.96, 4.96, 15.04, 7.04 ], "texture": "#mesh_palette" },
				"south": { "uv": [ 12.96, 4.96, 15.04, 7.04 ], "texture": "#mesh_palette" },
				"west": { "uv": [ 12.96, 4.96, 15.04, 7.04 ], "texture": "#mesh_palette" },
				"east": { "uv": [ 12.96, 4.96, 15.04, 7.04 ], "texture": "#mesh_palette" }
			}
		},
		{
			"__comment": "Voxels-767676",
			"from": [ 2, 13, 10 ],
			"to": [ 14, 14, 11 ],
			"faces": {
				"down": { "uv": [ 12.96, 4.96, 15.04, 7.04 ], "texture": "#mesh_palette" },
				"up": { "uv": [ 12.96, 4.96, 15.04, 7.04 ], "texture": "#mesh_palette" },
				"north": { "uv": [ 12.96, 4.96, 15.04, 7.04 ], "texture": "#mesh_palette" },
				"south": { "uv": [ 12.96, 4.96, 15.04, 7.04 ], "texture": "#mesh_palette" },
				"west": { "uv": [ 12.96, 4.96, 15.04, 7.04 ], "texture": "#mesh_palette" },
				"east": { "uv": [ 12.96, 4.96, 15.04, 7.04 ], "texture": "#mesh_palette" }
			}
		},
		{
			"__comment": "Voxels-646464",
			"from": [ 3, 0, 3 ],
			"to": [ 4, 12, 4 ],
			"faces": {
				"down": { "uv": [ 4.96, 4.96, 7.04, 7.04 ], "texture": "#mesh_palette" },
				"up": { "uv": [ 4.96, 4.96, 7.04, 7.04 ], "texture": "#mesh_palette" },
				"north": { "uv": [ 4.96, 4.96, 7.04, 7.04 ], "texture": "#mesh_palette" },
				"south": { "uv": [ 4.96, 4.96, 7.04, 7.04 ], "texture": "#mesh_palette" },
				"west": { "uv": [ 4.96, 4.96, 7.04, 7.04 ], "texture": "#mesh_palette" },
				"east": { "uv": [ 4.96, 4.96, 7.04, 7.04 ], "texture": "#mesh_palette" }
			}
		},
		{
			"__comment": "Voxels-808080",
			"from": [ 3, 0, 4 ],
			"to": [ 13, 10, 5 ],
			"faces": {
				"down": { "uv": [ 8.96, 4.96, 11.04, 7.04 ], "texture": "#mesh_palette" },
				"up": { "uv": [ 8.96, 4.96, 11.04, 7.04 ], "texture": "#mesh_palette" },
				"north": { "uv": [ 8.96, 4.96, 11.04, 7.04 ], "texture": "#mesh_palette" },
				"south": { "uv": [ 8.96, 4.96, 11.04, 7.04 ], "texture": "#mesh_palette" },
				"west": { "uv": [ 8.96, 4.96, 11.04, 7.04 ], "texture": "#mesh_palette" },
				"east": { "uv": [ 8.96, 4.96, 11.04, 7.04 ], "texture": "#mesh_palette" }
			}
		},
		{
			"__comment": "Voxels-808080",
			"from": [ 3, 0, 10 ],
			"to": [ 13, 11, 11 ],
			"faces": {
				"down": { "uv": [ 8.96, 4.96, 11.04, 7.04 ], "texture": "#mesh_palette" },
				"up": { "uv": [ 8.96, 4.96, 11.04, 7.04 ], "texture": "#mesh_palette" },
				"north": { "uv": [ 8.96, 4.96, 11.04, 7.04 ], "texture": "#mesh_palette" },
				"south": { "uv": [ 8.96, 4.96, 11.04, 7.04 ], "texture": "#mesh_palette" },
				"west": { "uv": [ 8.96, 4.96, 11.04, 7.04 ], "texture": "#mesh_palette" },
				"east": { "uv": [ 8.96, 4.96, 11.04, 7.04 ], "texture": "#mesh_palette" }
			}
		},
		{
			"__comment": "Voxels-646464",
			"from": [ 3, 0, 11 ],
			"to": [ 4, 12, 12 ],
			"faces": {
				"down": { "uv": [ 4.96, 4.96, 7.04, 7.04 ], "texture": "#mesh_palette" },
				"up": { "uv": [ 4.96, 4.96, 7.04, 7.04 ], "texture": "#mesh_palette" },
				"north": { "uv": [ 4.96, 4.96, 7.04, 7.04 ], "texture": "#mesh_palette" },
				"south": { "uv": [ 4.96, 4.96, 7.04, 7.04 ], "texture": "#mesh_palette" },
				"west": { "uv": [ 4.96, 4.96, 7.04, 7.04 ], "texture": "#mesh_palette" },
				"east": { "uv": [ 4.96, 4.96, 7.04, 7.04 ], "texture": "#mesh_palette" }
			}
		},
		{
			"__comment": "Voxels-767676",
			"from": [ 3, 10, 4 ],
			"to": [ 11, 11, 5 ],
			"faces": {
				"down": { "uv": [ 12.96, 4.96, 15.04, 7.04 ], "texture": "#mesh_palette" },
				"up": { "uv": [ 12.96, 4.96, 15.04, 7.04 ], "texture": "#mesh_palette" },
				"north": { "uv": [ 12.96, 4.96, 15.04, 7.04 ], "texture": "#mesh_palette" },
				"south": { "uv": [ 12.96, 4.96, 15.04, 7.04 ], "texture": "#mesh_palette" },
				"west": { "uv": [ 12.96, 4.96, 15.04, 7.04 ], "texture": "#mesh_palette" },
				"east": { "uv": [ 12.96, 4.96, 15.04, 7.04 ], "texture": "#mesh_palette" }
			}
		},
		{
			"__comment": "Voxels-767676",
			"from": [ 3, 10, 6 ],
			"to": [ 13, 11, 7 ],
			"faces": {
				"down": { "uv": [ 12.96, 4.96, 15.04, 7.04 ], "texture": "#mesh_palette" },
				"up": { "uv": [ 12.96, 4.96, 15.04, 7.04 ], "texture": "#mesh_palette" },
				"north": { "uv": [ 12.96, 4.96, 15.04, 7.04 ], "texture": "#mesh_palette" },
				"south": { "uv": [ 12.96, 4.96, 15.04, 7.04 ], "texture": "#mesh_palette" },
				"west": { "uv": [ 12.96, 4.96, 15.04, 7.04 ], "texture": "#mesh_palette" },
				"east": { "uv": [ 12.96, 4.96, 15.04, 7.04 ], "texture": "#mesh_palette" }
			}
		},
		{
			"__comment": "Voxels-767676",
			"from": [ 3, 11, 10 ],
			"to": [ 13, 13, 11 ],
			"faces": {
				"down": { "uv": [ 12.96, 4.96, 15.04, 7.04 ], "texture": "#mesh_palette" },
				"up": { "uv": [ 12.96, 4.96, 15.04, 7.04 ], "texture": "#mesh_palette" },
				"north": { "uv": [ 12.96, 4.96, 15.04, 7.04 ], "texture": "#mesh_palette" },
				"south": { "uv": [ 12.96, 4.96, 15.04, 7.04 ], "texture": "#mesh_palette" },
				"west": { "uv": [ 12.96, 4.96, 15.04, 7.04 ], "texture": "#mesh_palette" },
				"east": { "uv": [ 12.96, 4.96, 15.04, 7.04 ], "texture": "#mesh_palette" }
			}
		},
		{
			"__comment": "Voxels-767676",
			"from": [ 3, 12, 3 ],
			"to": [ 13, 14, 4 ],
			"faces": {
				"down": { "uv": [ 12.96, 4.96, 15.04, 7.04 ], "texture": "#mesh_palette" },
				"up": { "uv": [ 12.96, 4.96, 15.04, 7.04 ], "texture": "#mesh_palette" },
				"north": { "uv": [ 12.96, 4.96, 15.04, 7.04 ], "texture": "#mesh_palette" },
				"south": { "uv": [ 12.96, 4.96, 15.04, 7.04 ], "texture": "#mesh_palette" },
				"west": { "uv": [ 12.96, 4.96, 15.04, 7.04 ], "texture": "#mesh_palette" },
				"east": { "uv": [ 12.96, 4.96, 15.04, 7.04 ], "texture": "#mesh_palette" }
			}
		},
		{
			"__comment": "Voxels-767676",
			"from": [ 3, 12, 11 ],
			"to": [ 8, 14, 12 ],
			"faces": {
				"down": { "uv": [ 12.96, 4.96, 15.04, 7.04 ], "texture": "#mesh_palette" },
				"up": { "uv": [ 12.96, 4.96, 15.04, 7.04 ], "texture": "#mesh_palette" },
				"north": { "uv": [ 12.96, 4.96, 15.04, 7.04 ], "texture": "#mesh_palette" },
				"south": { "uv": [ 12.96, 4.96, 15.04, 7.04 ], "texture": "#mesh_palette" },
				"west": { "uv": [ 12.96, 4.96, 15.04, 7.04 ], "texture": "#mesh_palette" },
				"east": { "uv": [ 12.96, 4.96, 15.04, 7.04 ], "texture": "#mesh_palette" }
			}
		},
		{
			"__comment": "Voxels-646464",
			"from": [ 4, 0, 2 ],
			"to": [ 12, 13, 3 ],
			"faces": {
				"down": { "uv": [ 4.96, 4.96, 7.04, 7.04 ], "texture": "#mesh_palette" },
				"up": { "uv": [ 4.96, 4.96, 7.04, 7.04 ], "texture": "#mesh_palette" },
				"north": { "uv": [ 4.96, 4.96, 7.04, 7.04 ], "texture": "#mesh_palette" },
				"south": { "uv": [ 4.96, 4.96, 7.04, 7.04 ], "texture": "#mesh_palette" },
				"west": { "uv": [ 4.96, 4.96, 7.04, 7.04 ], "texture": "#mesh_palette" },
				"east": { "uv": [ 4.96, 4.96, 7.04, 7.04 ], "texture": "#mesh_palette" }
			}
		},
		{
			"__comment": "Voxels-808080",
			"from": [ 4, 0, 3 ],
			"to": [ 12, 11, 4 ],
			"faces": {
				"down": { "uv": [ 8.96, 4.96, 11.04, 7.04 ], "texture": "#mesh_palette" },
				"up": { "uv": [ 8.96, 4.96, 11.04, 7.04 ], "texture": "#mesh_palette" },
				"north": { "uv": [ 8.96, 4.96, 11.04, 7.04 ], "texture": "#mesh_palette" },
				"south": { "uv": [ 8.96, 4.96, 11.04, 7.04 ], "texture": "#mesh_palette" },
				"west": { "uv": [ 8.96, 4.96, 11.04, 7.04 ], "texture": "#mesh_palette" },
				"east": { "uv": [ 8.96, 4.96, 11.04, 7.04 ], "texture": "#mesh_palette" }
			}
		},
		{
			"__comment": "Voxels-808080",
			"from": [ 4, 0, 11 ],
			"to": [ 5, 4, 12 ],
			"faces": {
				"down": { "uv": [ 8.96, 4.96, 11.04, 7.04 ], "texture": "#mesh_palette" },
				"up": { "uv": [ 8.96, 4.96, 11.04, 7.04 ], "texture": "#mesh_palette" },
				"north": { "uv": [ 8.96, 4.96, 11.04, 7.04 ], "texture": "#mesh_palette" },
				"south": { "uv": [ 8.96, 4.96, 11.04, 7.04 ], "texture": "#mesh_palette" },
				"west": { "uv": [ 8.96, 4.96, 11.04, 7.04 ], "texture": "#mesh_palette" },
				"east": { "uv": [ 8.96, 4.96, 11.04, 7.04 ], "texture": "#mesh_palette" }
			}
		},
		{
			"__comment": "Voxels-6A6A6A",
			"from": [ 4, 0, 12 ],
			"to": [ 5, 4, 12.5 ],
			"faces": {
				"down": { "uv": [ 0.96, 8.96, 3.04, 11.04 ], "texture": "#mesh_palette" },
				"up": { "uv": [ 0.96, 8.96, 3.04, 11.04 ], "texture": "#mesh_palette" },
				"north": { "uv": [ 0.96, 8.96, 3.04, 11.04 ], "texture": "#mesh_palette" },
				"south": { "uv": [ 0.96, 8.96, 3.04, 11.04 ], "texture": "#mesh_palette" },
				"west": { "uv": [ 0.96, 8.96, 3.04, 11.04 ], "texture": "#mesh_palette" },
				"east": { "uv": [ 0.96, 8.96, 3.04, 11.04 ], "texture": "#mesh_palette" }
			}
		},
		{
			"__comment": "Voxels-0F0F0F",
			"from": [ 4, 4, 11 ],
			"to": [ 5, 7, 12 ],
			"faces": {
				"down": { "uv": [ 4.96, 8.96, 7.04, 11.04 ], "texture": "#mesh_palette" },
				"up": { "uv": [ 4.96, 8.96, 7.04, 11.04 ], "texture": "#mesh_palette" },
				"north": { "uv": [ 4.96, 8.96, 7.04, 11.04 ], "texture": "#mesh_palette" },
				"south": { "uv": [ 4.96, 8.96, 7.04, 11.04 ], "texture": "#mesh_palette" },
				"west": { "uv": [ 4.96, 8.96, 7.04, 11.04 ], "texture": "#mesh_palette" },
				"east": { "uv": [ 4.96, 8.96, 7.04, 11.04 ], "texture": "#mesh_palette" }
			}
		},
		{
			"__comment": "Voxels-808080",
			"from": [ 4, 7, 11 ],
			"to": [ 12, 12, 12 ],
			"faces": {
				"down": { "uv": [ 8.96, 4.96, 11.04, 7.04 ], "texture": "#mesh_palette" },
				"up": { "uv": [ 8.96, 4.96, 11.04, 7.04 ], "texture": "#mesh_palette" },
				"north": { "uv": [ 8.96, 4.96, 11.04, 7.04 ], "texture": "#mesh_palette" },
				"south": { "uv": [ 8.96, 4.96, 11.04, 7.04 ], "texture": "#mesh_palette" },
				"west": { "uv": [ 8.96, 4.96, 11.04, 7.04 ], "texture": "#mesh_palette" },
				"east": { "uv": [ 8.96, 4.96, 11.04, 7.04 ], "texture": "#mesh_palette" }
			}
		},
		{
			"__comment": "Voxels-6A6A6A",
			"from": [ 4, 7, 12 ],
			"to": [ 12, 11, 13 ],
			"faces": {
				"down": { "uv": [ 0.96, 8.96, 3.04, 11.04 ], "texture": "#mesh_palette" },
				"up": { "uv": [ 0.96, 8.96, 3.04, 11.04 ], "texture": "#mesh_palette" },
				"north": { "uv": [ 0.96, 8.96, 3.04, 11.04 ], "texture": "#mesh_palette" },
				"south": { "uv": [ 0.96, 8.96, 3.04, 11.04 ], "texture": "#mesh_palette" },
				"west": { "uv": [ 0.96, 8.96, 3.04, 11.04 ], "texture": "#mesh_palette" },
				"east": { "uv": [ 0.96, 8.96, 3.04, 11.04 ], "texture": "#mesh_palette" }
			}
		},
		{
			"__comment": "Voxels-767676",
			"from": [ 4, 11, 3 ],
			"to": [ 12, 12, 4 ],
			"faces": {
				"down": { "uv": [ 12.96, 4.96, 15.04, 7.04 ], "texture": "#mesh_palette" },
				"up": { "uv": [ 12.96, 4.96, 15.04, 7.04 ], "texture": "#mesh_palette" },
				"north": { "uv": [ 12.96, 4.96, 15.04, 7.04 ], "texture": "#mesh_palette" },
				"south": { "uv": [ 12.96, 4.96, 15.04, 7.04 ], "texture": "#mesh_palette" },
				"west": { "uv": [ 12.96, 4.96, 15.04, 7.04 ], "texture": "#mesh_palette" },
				"east": { "uv": [ 12.96, 4.96, 15.04, 7.04 ], "texture": "#mesh_palette" }
			}
		},
		{
			"__comment": "Voxels-767676",
			"from": [ 4, 11, 12 ],
			"to": [ 5, 14, 13 ],
			"faces": {
				"down": { "uv": [ 12.96, 4.96, 15.04, 7.04 ], "texture": "#mesh_palette" },
				"up": { "uv": [ 12.96, 4.96, 15.04, 7.04 ], "texture": "#mesh_palette" },
				"north": { "uv": [ 12.96, 4.96, 15.04, 7.04 ], "texture": "#mesh_palette" },
				"south": { "uv": [ 12.96, 4.96, 15.04, 7.04 ], "texture": "#mesh_palette" },
				"west": { "uv": [ 12.96, 4.96, 15.04, 7.04 ], "texture": "#mesh_palette" },
				"east": { "uv": [ 12.96, 4.96, 15.04, 7.04 ], "texture": "#mesh_palette" }
			}
		},
		{
			"__comment": "Voxels-767676",
			"from": [ 4, 13, 2 ],
			"to": [ 12, 14, 3 ],
			"faces": {
				"down": { "uv": [ 12.96, 4.96, 15.04, 7.04 ], "texture": "#mesh_palette" },
				"up": { "uv": [ 12.96, 4.96, 15.04, 7.04 ], "texture": "#mesh_palette" },
				"north": { "uv": [ 12.96, 4.96, 15.04, 7.04 ], "texture": "#mesh_palette" },
				"south": { "uv": [ 12.96, 4.96, 15.04, 7.04 ], "texture": "#mesh_palette" },
				"west": { "uv": [ 12.96, 4.96, 15.04, 7.04 ], "texture": "#mesh_palette" },
				"east": { "uv": [ 12.96, 4.96, 15.04, 7.04 ], "texture": "#mesh_palette" }
			}
		},
		{
			"__comment": "Voxels-2F2F2F",
			"from": [ 5, 0, 11 ],
			"to": [ 7, 4, 12 ],
			"faces": {
				"down": { "uv": [ 12.96, 0.96, 15.04, 3.04 ], "texture": "#mesh_palette" },
				"up": { "uv": [ 12.96, 0.96, 15.04, 3.04 ], "texture": "#mesh_palette" },
				"north": { "uv": [ 12.96, 0.96, 15.04, 3.04 ], "texture": "#mesh_palette" },
				"south": { "uv": [ 12.96, 0.96, 15.04, 3.04 ], "texture": "#mesh_palette" },
				"west": { "uv": [ 12.96, 0.96, 15.04, 3.04 ], "texture": "#mesh_palette" },
				"east": { "uv": [ 12.96, 0.96, 15.04, 3.04 ], "texture": "#mesh_palette" }
			}
		},
		{
			"__comment": "Voxels-808080",
			"from": [ 5, 4, 10.5 ],
			"to": [ 11, 5, 11.5 ],
			"faces": {
				"down": { "uv": [ 8.96, 4.96, 11.04, 7.04 ], "texture": "#mesh_palette" },
				"up": { "uv": [ 8.96, 4.96, 11.04, 7.04 ], "texture": "#mesh_palette" },
				"north": { "uv": [ 8.96, 4.96, 11.04, 7.04 ], "texture": "#mesh_palette" },
				"south": { "uv": [ 8.96, 4.96, 11.04, 7.04 ], "texture": "#mesh_palette" },
				"west": { "uv": [ 8.96, 4.96, 11.04, 7.04 ], "texture": "#mesh_palette" },
				"east": { "uv": [ 8.96, 4.96, 11.04, 7.04 ], "texture": "#mesh_palette" }
			}
		},
		{
			"__comment": "Voxels-6A6A6A",
			"from": [ 10.2, 3, 12 ],
			"to": [ 11, 3.5, 13 ],
			"faces": {
				"down": { "uv": [ 0.96, 8.96, 3.04, 11.04 ], "texture": "#mesh_palette" },
				"up": { "uv": [ 0.96, 8.96, 3.04, 11.04 ], "texture": "#mesh_palette" },
				"north": { "uv": [ 0.96, 8.96, 3.04, 11.04 ], "texture": "#mesh_palette" },
				"south": { "uv": [ 0.96, 8.96, 3.04, 11.04 ], "texture": "#mesh_palette" },
				"west": { "uv": [ 0.96, 8.96, 3.04, 11.04 ], "texture": "#mesh_palette" },
				"east": { "uv": [ 0.96, 8.96, 3.04, 11.04 ], "texture": "#mesh_palette" }
			}
		},
		{
			"__comment": "Voxels-0F0F0F",
			"from": [ 5, 4.5, 11 ],
			"to": [ 7, 7, 12 ],
			"faces": {
				"down": { "uv": [ 4.96, 8.96, 7.04, 11.04 ], "texture": "#mesh_palette" },
				"up": { "uv": [ 4.96, 8.96, 7.04, 11.04 ], "texture": "#mesh_palette" },
				"north": { "uv": [ 4.96, 8.96, 7.04, 11.04 ], "texture": "#mesh_palette" },
				"south": { "uv": [ 4.96, 8.96, 7.04, 11.04 ], "texture": "#mesh_palette" },
				"west": { "uv": [ 4.96, 8.96, 7.04, 11.04 ], "texture": "#mesh_palette" },
				"east": { "uv": [ 4.96, 8.96, 7.04, 11.04 ], "texture": "#mesh_palette" }
			}
		},
		{
			"__comment": "Voxels-6A6A6A",
			"from": [ 5, 11, 12 ],
			"to": [ 11, 12, 13 ],
			"faces": {
				"down": { "uv": [ 0.96, 8.96, 3.04, 11.04 ], "texture": "#mesh_palette" },
				"up": { "uv": [ 0.96, 8.96, 3.04, 11.04 ], "texture": "#mesh_palette" },
				"north": { "uv": [ 0.96, 8.96, 3.04, 11.04 ], "texture": "#mesh_palette" },
				"south": { "uv": [ 0.96, 8.96, 3.04, 11.04 ], "texture": "#mesh_palette" },
				"west": { "uv": [ 0.96, 8.96, 3.04, 11.04 ], "texture": "#mesh_palette" },
				"east": { "uv": [ 0.96, 8.96, 3.04, 11.04 ], "texture": "#mesh_palette" }
			}
		},
		{
			"__comment": "Voxels-767676",
			"from": [ 5, 12, 12 ],
			"to": [ 6, 14, 13 ],
			"faces": {
				"down": { "uv": [ 12.96, 4.96, 15.04, 7.04 ], "texture": "#mesh_palette" },
				"up": { "uv": [ 12.96, 4.96, 15.04, 7.04 ], "texture": "#mesh_palette" },
				"north": { "uv": [ 12.96, 4.96, 15.04, 7.04 ], "texture": "#mesh_palette" },
				"south": { "uv": [ 12.96, 4.96, 15.04, 7.04 ], "texture": "#mesh_palette" },
				"west": { "uv": [ 12.96, 4.96, 15.04, 7.04 ], "texture": "#mesh_palette" },
				"east": { "uv": [ 12.96, 4.96, 15.04, 7.04 ], "texture": "#mesh_palette" }
			}
		},
		{
			"__comment": "Voxels-6A6A6A",
			"from": [ 6, 12, 12 ],
			"to": [ 10, 13, 13 ],
			"faces": {
				"down": { "uv": [ 0.96, 8.96, 3.04, 11.04 ], "texture": "#mesh_palette" },
				"up": { "uv": [ 0.96, 8.96, 3.04, 11.04 ], "texture": "#mesh_palette" },
				"north": { "uv": [ 0.96, 8.96, 3.04, 11.04 ], "texture": "#mesh_palette" },
				"south": { "uv": [ 0.96, 8.96, 3.04, 11.04 ], "texture": "#mesh_palette" },
				"west": { "uv": [ 0.96, 8.96, 3.04, 11.04 ], "texture": "#mesh_palette" },
				"east": { "uv": [ 0.96, 8.96, 3.04, 11.04 ], "texture": "#mesh_palette" }
			}
		},
		{
			"__comment": "Voxels-767676",
			"from": [ 6, 13, 12 ],
			"to": [ 12, 14, 13 ],
			"faces": {
				"down": { "uv": [ 12.96, 4.96, 15.04, 7.04 ], "texture": "#mesh_palette" },
				"up": { "uv": [ 12.96, 4.96, 15.04, 7.04 ], "texture": "#mesh_palette" },
				"north": { "uv": [ 12.96, 4.96, 15.04, 7.04 ], "texture": "#mesh_palette" },
				"south": { "uv": [ 12.96, 4.96, 15.04, 7.04 ], "texture": "#mesh_palette" },
				"west": { "uv": [ 12.96, 4.96, 15.04, 7.04 ], "texture": "#mesh_palette" },
				"east": { "uv": [ 12.96, 4.96, 15.04, 7.04 ], "texture": "#mesh_palette" }
			}
		},
		{
			"__comment": "Voxels-808080",
			"from": [ 7, 0, 11 ],
			"to": [ 9, 4, 12 ],
			"faces": {
				"down": { "uv": [ 8.96, 4.96, 11.04, 7.04 ], "texture": "#mesh_palette" },
				"up": { "uv": [ 8.96, 4.96, 11.04, 7.04 ], "texture": "#mesh_palette" },
				"north": { "uv": [ 8.96, 4.96, 11.04, 7.04 ], "texture": "#mesh_palette" },
				"south": { "uv": [ 8.96, 4.96, 11.04, 7.04 ], "texture": "#mesh_palette" },
				"west": { "uv": [ 8.96, 4.96, 11.04, 7.04 ], "texture": "#mesh_palette" },
				"east": { "uv": [ 8.96, 4.96, 11.04, 7.04 ], "texture": "#mesh_palette" }
			}
		},
		{
			"__comment": "Voxels-6A6A6A",
			"from": [ 10.5, 0, 12 ],
			"to": [ 11, 3, 13 ],
			"faces": {
				"down": { "uv": [ 0.96, 8.96, 3.04, 11.04 ], "texture": "#mesh_palette" },
				"up": { "uv": [ 0.96, 8.96, 3.04, 11.04 ], "texture": "#mesh_palette" },
				"north": { "uv": [ 0.96, 8.96, 3.04, 11.04 ], "texture": "#mesh_palette" },
				"south": { "uv": [ 0.96, 8.96, 3.04, 11.04 ], "texture": "#mesh_palette" },
				"west": { "uv": [ 0.96, 8.96, 3.04, 11.04 ], "texture": "#mesh_palette" },
				"east": { "uv": [ 0.96, 8.96, 3.04, 11.04 ], "texture": "#mesh_palette" }
			}
		},
		{
			"__comment": "Voxels-808080",
			"from": [ 7, 5, 11 ],
			"to": [ 9, 6, 12 ],
			"faces": {
				"down": { "uv": [ 8.96, 4.96, 11.04, 7.04 ], "texture": "#mesh_palette" },
				"up": { "uv": [ 8.96, 4.96, 11.04, 7.04 ], "texture": "#mesh_palette" },
				"north": { "uv": [ 8.96, 4.96, 11.04, 7.04 ], "texture": "#mesh_palette" },
				"south": { "uv": [ 8.96, 4.96, 11.04, 7.04 ], "texture": "#mesh_palette" },
				"west": { "uv": [ 8.96, 4.96, 11.04, 7.04 ], "texture": "#mesh_palette" },
				"east": { "uv": [ 8.96, 4.96, 11.04, 7.04 ], "texture": "#mesh_palette" }
			}
		},
		{
			"__comment": "Voxels-0F0F0F",
			"from": [ 7, 6, 11 ],
			"to": [ 12, 7, 12 ],
			"faces": {
				"down": { "uv": [ 4.96, 8.96, 7.04, 11.04 ], "texture": "#mesh_palette" },
				"up": { "uv": [ 4.96, 8.96, 7.04, 11.04 ], "texture": "#mesh_palette" },
				"north": { "uv": [ 4.96, 8.96, 7.04, 11.04 ], "texture": "#mesh_palette" },
				"south": { "uv": [ 4.96, 8.96, 7.04, 11.04 ], "texture": "#mesh_palette" },
				"west": { "uv": [ 4.96, 8.96, 7.04, 11.04 ], "texture": "#mesh_palette" },
				"east": { "uv": [ 4.96, 8.96, 7.04, 11.04 ], "texture": "#mesh_palette" }
			}
		},
		{
			"__comment": "Voxels-808080",
			"from": [ 8, 10, 9 ],
			"to": [ 9, 11, 10 ],
			"faces": {
				"down": { "uv": [ 8.96, 4.96, 11.04, 7.04 ], "texture": "#mesh_palette" },
				"up": { "uv": [ 8.96, 4.96, 11.04, 7.04 ], "texture": "#mesh_palette" },
				"north": { "uv": [ 8.96, 4.96, 11.04, 7.04 ], "texture": "#mesh_palette" },
				"south": { "uv": [ 8.96, 4.96, 11.04, 7.04 ], "texture": "#mesh_palette" },
				"west": { "uv": [ 8.96, 4.96, 11.04, 7.04 ], "texture": "#mesh_palette" },
				"east": { "uv": [ 8.96, 4.96, 11.04, 7.04 ], "texture": "#mesh_palette" }
			}
		},
		{
			"__comment": "Voxels-767676",
			"from": [ 8, 11, 9 ],
			"to": [ 14, 14, 10 ],
			"faces": {
				"down": { "uv": [ 12.96, 4.96, 15.04, 7.04 ], "texture": "#mesh_palette" },
				"up": { "uv": [ 12.96, 4.96, 15.04, 7.04 ], "texture": "#mesh_palette" },
				"north": { "uv": [ 12.96, 4.96, 15.04, 7.04 ], "texture": "#mesh_palette" },
				"south": { "uv": [ 12.96, 4.96, 15.04, 7.04 ], "texture": "#mesh_palette" },
				"west": { "uv": [ 12.96, 4.96, 15.04, 7.04 ], "texture": "#mesh_palette" },
				"east": { "uv": [ 12.96, 4.96, 15.04, 7.04 ], "texture": "#mesh_palette" }
			}
		},
		{
			"__comment": "Voxels-808080",
			"from": [ 8, 12, 11 ],
			"to": [ 9, 13, 12 ],
			"faces": {
				"down": { "uv": [ 8.96, 4.96, 11.04, 7.04 ], "texture": "#mesh_palette" },
				"up": { "uv": [ 8.96, 4.96, 11.04, 7.04 ], "texture": "#mesh_palette" },
				"north": { "uv": [ 8.96, 4.96, 11.04, 7.04 ], "texture": "#mesh_palette" },
				"south": { "uv": [ 8.96, 4.96, 11.04, 7.04 ], "texture": "#mesh_palette" },
				"west": { "uv": [ 8.96, 4.96, 11.04, 7.04 ], "texture": "#mesh_palette" },
				"east": { "uv": [ 8.96, 4.96, 11.04, 7.04 ], "texture": "#mesh_palette" }
			}
		},
		{
			"__comment": "Voxels-767676",
			"from": [ 8, 13, 11 ],
			"to": [ 13, 14, 12 ],
			"faces": {
				"down": { "uv": [ 12.96, 4.96, 15.04, 7.04 ], "texture": "#mesh_palette" },
				"up": { "uv": [ 12.96, 4.96, 15.04, 7.04 ], "texture": "#mesh_palette" },
				"north": { "uv": [ 12.96, 4.96, 15.04, 7.04 ], "texture": "#mesh_palette" },
				"south": { "uv": [ 12.96, 4.96, 15.04, 7.04 ], "texture": "#mesh_palette" },
				"west": { "uv": [ 12.96, 4.96, 15.04, 7.04 ], "texture": "#mesh_palette" },
				"east": { "uv": [ 12.96, 4.96, 15.04, 7.04 ], "texture": "#mesh_palette" }
			}
		},
		{
			"__comment": "Voxels-2F2F2F",
			"from": [ 9, 0, 11 ],
			"to": [ 11, 4, 12 ],
			"faces": {
				"down": { "uv": [ 12.96, 0.96, 15.04, 3.04 ], "texture": "#mesh_palette" },
				"up": { "uv": [ 12.96, 0.96, 15.04, 3.04 ], "texture": "#mesh_palette" },
				"north": { "uv": [ 12.96, 0.96, 15.04, 3.04 ], "texture": "#mesh_palette" },
				"south": { "uv": [ 12.96, 0.96, 15.04, 3.04 ], "texture": "#mesh_palette" },
				"west": { "uv": [ 12.96, 0.96, 15.04, 3.04 ], "texture": "#mesh_palette" },
				"east": { "uv": [ 12.96, 0.96, 15.04, 3.04 ], "texture": "#mesh_palette" }
			}
		},
		{
			"__comment": "Voxels-0F0F0F",
			"from": [ 9, 4.5, 11 ],
			"to": [ 12, 6, 12 ],
			"faces": {
				"down": { "uv": [ 4.96, 8.96, 7.04, 11.04 ], "texture": "#mesh_palette" },
				"up": { "uv": [ 4.96, 8.96, 7.04, 11.04 ], "texture": "#mesh_palette" },
				"north": { "uv": [ 4.96, 8.96, 7.04, 11.04 ], "texture": "#mesh_palette" },
				"south": { "uv": [ 4.96, 8.96, 7.04, 11.04 ], "texture": "#mesh_palette" },
				"west": { "uv": [ 4.96, 8.96, 7.04, 11.04 ], "texture": "#mesh_palette" },
				"east": { "uv": [ 4.96, 8.96, 7.04, 11.04 ], "texture": "#mesh_palette" }
			}
		},
		{
			"__comment": "Voxels-767676",
			"from": [ 9, 10, 9 ],
			"to": [ 13, 11, 10 ],
			"faces": {
				"down": { "uv": [ 12.96, 4.96, 15.04, 7.04 ], "texture": "#mesh_palette" },
				"up": { "uv": [ 12.96, 4.96, 15.04, 7.04 ], "texture": "#mesh_palette" },
				"north": { "uv": [ 12.96, 4.96, 15.04, 7.04 ], "texture": "#mesh_palette" },
				"south": { "uv": [ 12.96, 4.96, 15.04, 7.04 ], "texture": "#mesh_palette" },
				"west": { "uv": [ 12.96, 4.96, 15.04, 7.04 ], "texture": "#mesh_palette" },
				"east": { "uv": [ 12.96, 4.96, 15.04, 7.04 ], "texture": "#mesh_palette" }
			}
		},
		{
			"__comment": "Voxels-767676",
			"from": [ 9, 12, 11 ],
			"to": [ 13, 13, 12 ],
			"faces": {
				"down": { "uv": [ 12.96, 4.96, 15.04, 7.04 ], "texture": "#mesh_palette" },
				"up": { "uv": [ 12.96, 4.96, 15.04, 7.04 ], "texture": "#mesh_palette" },
				"north": { "uv": [ 12.96, 4.96, 15.04, 7.04 ], "texture": "#mesh_palette" },
				"south": { "uv": [ 12.96, 4.96, 15.04, 7.04 ], "texture": "#mesh_palette" },
				"west": { "uv": [ 12.96, 4.96, 15.04, 7.04 ], "texture": "#mesh_palette" },
				"east": { "uv": [ 12.96, 4.96, 15.04, 7.04 ], "texture": "#mesh_palette" }
			}
		},
		{
			"__comment": "Voxels-767676",
			"from": [ 10, 12, 12 ],
			"to": [ 12, 13, 13 ],
			"faces": {
				"down": { "uv": [ 12.96, 4.96, 15.04, 7.04 ], "texture": "#mesh_palette" },
				"up": { "uv": [ 12.96, 4.96, 15.04, 7.04 ], "texture": "#mesh_palette" },
				"north": { "uv": [ 12.96, 4.96, 15.04, 7.04 ], "texture": "#mesh_palette" },
				"south": { "uv": [ 12.96, 4.96, 15.04, 7.04 ], "texture": "#mesh_palette" },
				"west": { "uv": [ 12.96, 4.96, 15.04, 7.04 ], "texture": "#mesh_palette" },
				"east": { "uv": [ 12.96, 4.96, 15.04, 7.04 ], "texture": "#mesh_palette" }
			}
		},
		{
			"__comment": "Voxels-808080",
			"from": [ 11, 0, 11 ],
			"to": [ 12, 4, 12 ],
			"faces": {
				"down": { "uv": [ 8.96, 4.96, 11.04, 7.04 ], "texture": "#mesh_palette" },
				"up": { "uv": [ 8.96, 4.96, 11.04, 7.04 ], "texture": "#mesh_palette" },
				"north": { "uv": [ 8.96, 4.96, 11.04, 7.04 ], "texture": "#mesh_palette" },
				"south": { "uv": [ 8.96, 4.96, 11.04, 7.04 ], "texture": "#mesh_palette" },
				"west": { "uv": [ 8.96, 4.96, 11.04, 7.04 ], "texture": "#mesh_palette" },
				"east": { "uv": [ 8.96, 4.96, 11.04, 7.04 ], "texture": "#mesh_palette" }
			}
		},
		{
			"__comment": "Voxels-6A6A6A",
			"from": [ 11, 0, 12 ],
			"to": [ 12, 4, 12.5 ],
			"faces": {
				"down": { "uv": [ 0.96, 8.96, 3.04, 11.04 ], "texture": "#mesh_palette" },
				"up": { "uv": [ 0.96, 8.96, 3.04, 11.04 ], "texture": "#mesh_palette" },
				"north": { "uv": [ 0.96, 8.96, 3.04, 11.04 ], "texture": "#mesh_palette" },
				"south": { "uv": [ 0.96, 8.96, 3.04, 11.04 ], "texture": "#mesh_palette" },
				"west": { "uv": [ 0.96, 8.96, 3.04, 11.04 ], "texture": "#mesh_palette" },
				"east": { "uv": [ 0.96, 8.96, 3.04, 11.04 ], "texture": "#mesh_palette" }
			}
		},
		{
			"__comment": "Voxels-0F0F0F",
			"from": [ 11, 4, 11 ],
			"to": [ 12, 5, 12 ],
			"faces": {
				"down": { "uv": [ 4.96, 8.96, 7.04, 11.04 ], "texture": "#mesh_palette" },
				"up": { "uv": [ 4.96, 8.96, 7.04, 11.04 ], "texture": "#mesh_palette" },
				"north": { "uv": [ 4.96, 8.96, 7.04, 11.04 ], "texture": "#mesh_palette" },
				"south": { "uv": [ 4.96, 8.96, 7.04, 11.04 ], "texture": "#mesh_palette" },
				"west": { "uv": [ 4.96, 8.96, 7.04, 11.04 ], "texture": "#mesh_palette" },
				"east": { "uv": [ 4.96, 8.96, 7.04, 11.04 ], "texture": "#mesh_palette" }
			}
		},
		{
			"__comment": "Voxels-808080",
			"from": [ 11, 10, 4 ],
			"to": [ 13, 11, 5 ],
			"faces": {
				"down": { "uv": [ 8.96, 4.96, 11.04, 7.04 ], "texture": "#mesh_palette" },
				"up": { "uv": [ 8.96, 4.96, 11.04, 7.04 ], "texture": "#mesh_palette" },
				"north": { "uv": [ 8.96, 4.96, 11.04, 7.04 ], "texture": "#mesh_palette" },
				"south": { "uv": [ 8.96, 4.96, 11.04, 7.04 ], "texture": "#mesh_palette" },
				"west": { "uv": [ 8.96, 4.96, 11.04, 7.04 ], "texture": "#mesh_palette" },
				"east": { "uv": [ 8.96, 4.96, 11.04, 7.04 ], "texture": "#mesh_palette" }
			}
		},
		{
			"__comment": "Voxels-767676",
			"from": [ 11, 11, 12 ],
			"to": [ 12, 12, 13 ],
			"faces": {
				"down": { "uv": [ 12.96, 4.96, 15.04, 7.04 ], "texture": "#mesh_palette" },
				"up": { "uv": [ 12.96, 4.96, 15.04, 7.04 ], "texture": "#mesh_palette" },
				"north": { "uv": [ 12.96, 4.96, 15.04, 7.04 ], "texture": "#mesh_palette" },
				"south": { "uv": [ 12.96, 4.96, 15.04, 7.04 ], "texture": "#mesh_palette" },
				"west": { "uv": [ 12.96, 4.96, 15.04, 7.04 ], "texture": "#mesh_palette" },
				"east": { "uv": [ 12.96, 4.96, 15.04, 7.04 ], "texture": "#mesh_palette" }
			}
		},
		{
			"__comment": "Voxels-646464",
			"from": [ 12, 0, 3 ],
			"to": [ 13, 12, 4 ],
			"faces": {
				"down": { "uv": [ 4.96, 4.96, 7.04, 7.04 ], "texture": "#mesh_palette" },
				"up": { "uv": [ 4.96, 4.96, 7.04, 7.04 ], "texture": "#mesh_palette" },
				"north": { "uv": [ 4.96, 4.96, 7.04, 7.04 ], "texture": "#mesh_palette" },
				"south": { "uv": [ 4.96, 4.96, 7.04, 7.04 ], "texture": "#mesh_palette" },
				"west": { "uv": [ 4.96, 4.96, 7.04, 7.04 ], "texture": "#mesh_palette" },
				"east": { "uv": [ 4.96, 4.96, 7.04, 7.04 ], "texture": "#mesh_palette" }
			}
		},
		{
			"__comment": "Voxels-646464",
			"from": [ 12, 0, 11 ],
			"to": [ 13, 12, 12 ],
			"faces": {
				"down": { "uv": [ 4.96, 4.96, 7.04, 7.04 ], "texture": "#mesh_palette" },
				"up": { "uv": [ 4.96, 4.96, 7.04, 7.04 ], "texture": "#mesh_palette" },
				"north": { "uv": [ 4.96, 4.96, 7.04, 7.04 ], "texture": "#mesh_palette" },
				"south": { "uv": [ 4.96, 4.96, 7.04, 7.04 ], "texture": "#mesh_palette" },
				"west": { "uv": [ 4.96, 4.96, 7.04, 7.04 ], "texture": "#mesh_palette" },
				"east": { "uv": [ 4.96, 4.96, 7.04, 7.04 ], "texture": "#mesh_palette" }
			}
		},
		{
			"__comment": "Voxels-5E5E5E",
			"from": [ 13, 0, 4 ],
			"to": [ 14, 1, 5 ],
			"faces": {
				"down": { "uv": [ 0.96, 4.96, 3.04, 7.04 ], "texture": "#mesh_palette" },
				"up": { "uv": [ 0.96, 4.96, 3.04, 7.04 ], "texture": "#mesh_palette" },
				"north": { "uv": [ 0.96, 4.96, 3.04, 7.04 ], "texture": "#mesh_palette" },
				"south": { "uv": [ 0.96, 4.96, 3.04, 7.04 ], "texture": "#mesh_palette" },
				"west": { "uv": [ 0.96, 4.96, 3.04, 7.04 ], "texture": "#mesh_palette" },
				"east": { "uv": [ 0.96, 4.96, 3.04, 7.04 ], "texture": "#mesh_palette" }
			}
		},
		{
			"__comment": "Voxels-646464",
			"from": [ 13, 0, 10 ],
			"to": [ 14, 13, 11 ],
			"faces": {
				"down": { "uv": [ 4.96, 4.96, 7.04, 7.04 ], "texture": "#mesh_palette" },
				"up": { "uv": [ 4.96, 4.96, 7.04, 7.04 ], "texture": "#mesh_palette" },
				"north": { "uv": [ 4.96, 4.96, 7.04, 7.04 ], "texture": "#mesh_palette" },
				"south": { "uv": [ 4.96, 4.96, 7.04, 7.04 ], "texture": "#mesh_palette" },
				"west": { "uv": [ 4.96, 4.96, 7.04, 7.04 ], "texture": "#mesh_palette" },
				"east": { "uv": [ 4.96, 4.96, 7.04, 7.04 ], "texture": "#mesh_palette" }
			}
		},
		{
			"__comment": "Voxels-646464",
			"from": [ 13, 1, 4 ],
			"to": [ 14, 11, 5 ],
			"faces": {
				"down": { "uv": [ 4.96, 4.96, 7.04, 7.04 ], "texture": "#mesh_palette" },
				"up": { "uv": [ 4.96, 4.96, 7.04, 7.04 ], "texture": "#mesh_palette" },
				"north": { "uv": [ 4.96, 4.96, 7.04, 7.04 ], "texture": "#mesh_palette" },
				"south": { "uv": [ 4.96, 4.96, 7.04, 7.04 ], "texture": "#mesh_palette" },
				"west": { "uv": [ 4.96, 4.96, 7.04, 7.04 ], "texture": "#mesh_palette" },
				"east": { "uv": [ 4.96, 4.96, 7.04, 7.04 ], "texture": "#mesh_palette" }
			}
		},
		{
			"__comment": "Voxels-808080",
			"from": [ 13, 10, 6 ],
			"to": [ 14, 11, 10 ],
			"faces": {
				"down": { "uv": [ 8.96, 4.96, 11.04, 7.04 ], "texture": "#mesh_palette" },
				"up": { "uv": [ 8.96, 4.96, 11.04, 7.04 ], "texture": "#mesh_palette" },
				"north": { "uv": [ 8.96, 4.96, 11.04, 7.04 ], "texture": "#mesh_palette" },
				"south": { "uv": [ 8.96, 4.96, 11.04, 7.04 ], "texture": "#mesh_palette" },
				"west": { "uv": [ 8.96, 4.96, 11.04, 7.04 ], "texture": "#mesh_palette" },
				"east": { "uv": [ 8.96, 4.96, 11.04, 7.04 ], "texture": "#mesh_palette" }
			}
		},
		{
			"__comment": "Voxels-767676",
			"from": [ 13, 11, 7 ],
			"to": [ 14, 14, 9 ],
			"faces": {
				"down": { "uv": [ 12.96, 4.96, 15.04, 7.04 ], "texture": "#mesh_palette" },
				"up": { "uv": [ 12.96, 4.96, 15.04, 7.04 ], "texture": "#mesh_palette" },
				"north": { "uv": [ 12.96, 4.96, 15.04, 7.04 ], "texture": "#mesh_palette" },
				"south": { "uv": [ 12.96, 4.96, 15.04, 7.04 ], "texture": "#mesh_palette" },
				"west": { "uv": [ 12.96, 4.96, 15.04, 7.04 ], "texture": "#mesh_palette" },
				"east": { "uv": [ 12.96, 4.96, 15.04, 7.04 ], "texture": "#mesh_palette" }
			}
		},
		{
			"__comment": "Voxels-5E5E5E",
			"from": [ 1, 2, 5 ],
			"to": [ 1.5, 5, 10 ],
			"faces": {
				"down": { "uv": [ 0.96, 4.96, 3.04, 7.04 ], "texture": "#mesh_palette" },
				"up": { "uv": [ 0.96, 4.96, 3.04, 7.04 ], "texture": "#mesh_palette" },
				"north": { "uv": [ 0.96, 4.96, 3.04, 7.04 ], "texture": "#mesh_palette" },
				"south": { "uv": [ 0.96, 4.96, 3.04, 7.04 ], "texture": "#mesh_palette" },
				"west": { "uv": [ 0.96, 4.96, 3.04, 7.04 ], "texture": "#mesh_palette" },
				"east": { "uv": [ 0.96, 4.96, 3.04, 7.04 ], "texture": "#mesh_palette" }
			}
		},
		{
			"__comment": "Voxels-6A6A6A",
			"from": [ 7, 0, 12 ],
			"to": [ 9, 4, 13 ],
			"faces": {
				"down": { "uv": [ 0.96, 8.96, 3.04, 11.04 ], "texture": "#mesh_palette" },
				"up": { "uv": [ 0.96, 8.96, 3.04, 11.04 ], "texture": "#mesh_palette" },
				"north": { "uv": [ 0.96, 8.96, 3.04, 11.04 ], "texture": "#mesh_palette" },
				"south": { "uv": [ 0.96, 8.96, 3.04, 11.04 ], "texture": "#mesh_palette" },
				"west": { "uv": [ 0.96, 8.96, 3.04, 11.04 ], "texture": "#mesh_palette" },
				"east": { "uv": [ 0.96, 8.96, 3.04, 11.04 ], "texture": "#mesh_palette" }
			}
		},
		{
			"__comment": "Voxels-6A6A6A",
			"from": [ 9.3, 0, 12 ],
			"to": [ 9.6, 4, 13 ],
			"faces": {
				"down": { "uv": [ 0.96, 8.96, 3.04, 11.04 ], "texture": "#mesh_palette" },
				"up": { "uv": [ 0.96, 8.96, 3.04, 11.04 ], "texture": "#mesh_palette" },
				"north": { "uv": [ 0.96, 8.96, 3.04, 11.04 ], "texture": "#mesh_palette" },
				"south": { "uv": [ 0.96, 8.96, 3.04, 11.04 ], "texture": "#mesh_palette" },
				"west": { "uv": [ 0.96, 8.96, 3.04, 11.04 ], "texture": "#mesh_palette" },
				"east": { "uv": [ 0.96, 8.96, 3.04, 11.04 ], "texture": "#mesh_palette" }
			}
		},
		{
			"__comment": "Voxels-6A6A6A",
			"from": [ 9.9, 0, 12 ],
			"to": [ 10.2, 3.5, 13 ],
			"faces": {
				"down": { "uv": [ 0.96, 8.96, 3.04, 11.04 ], "texture": "#mesh_palette" },
				"up": { "uv": [ 0.96, 8.96, 3.04, 11.04 ], "texture": "#mesh_palette" },
				"north": { "uv": [ 0.96, 8.96, 3.04, 11.04 ], "texture": "#mesh_palette" },
				"south": { "uv": [ 0.96, 8.96, 3.04, 11.04 ], "texture": "#mesh_palette" },
				"west": { "uv": [ 0.96, 8.96, 3.04, 11.04 ], "texture": "#mesh_palette" },
				"east": { "uv": [ 0.96, 8.96, 3.04, 11.04 ], "texture": "#mesh_palette" }
			}
		},
		{
			"__comment": "Voxels-6A6A6A",
			"from": [ 6, 4.5, 12 ],
			"to": [ 10, 5, 13 ],
			"faces": {
				"down": { "uv": [ 0.96, 8.96, 3.04, 11.04 ], "texture": "#mesh_palette" },
				"up": { "uv": [ 0.96, 8.96, 3.04, 11.04 ], "texture": "#mesh_palette" },
				"north": { "uv": [ 0.96, 8.96, 3.04, 11.04 ], "texture": "#mesh_palette" },
				"south": { "uv": [ 0.96, 8.96, 3.04, 11.04 ], "texture": "#mesh_palette" },
				"west": { "uv": [ 0.96, 8.96, 3.04, 11.04 ], "texture": "#mesh_palette" },
				"east": { "uv": [ 0.96, 8.96, 3.04, 11.04 ], "texture": "#mesh_palette" }
			}
		},
		{
			"__comment": "Voxels-6A6A6A",
			"from": [ 9, 3.7, 12 ],
			"to": [ 11, 4, 13 ],
			"faces": {
				"down": { "uv": [ 0.96, 8.96, 3.04, 11.04 ], "texture": "#mesh_palette" },
				"up": { "uv": [ 0.96, 8.96, 3.04, 11.04 ], "texture": "#mesh_palette" },
				"north": { "uv": [ 0.96, 8.96, 3.04, 11.04 ], "texture": "#mesh_palette" },
				"south": { "uv": [ 0.96, 8.96, 3.04, 11.04 ], "texture": "#mesh_palette" },
				"west": { "uv": [ 0.96, 8.96, 3.04, 11.04 ], "texture": "#mesh_palette" },
				"east": { "uv": [ 0.96, 8.96, 3.04, 11.04 ], "texture": "#mesh_palette" }
			}
		},
		{
			"__comment": "Voxels-6A6A6A",
			"from": [ 9.599999, 3.5, 12 ],
			"to": [ 11, 3.7, 13 ],
			"faces": {
				"down": { "uv": [ 0.96, 8.96, 3.04, 11.04 ], "texture": "#mesh_palette" },
				"up": { "uv": [ 0.96, 8.96, 3.04, 11.04 ], "texture": "#mesh_palette" },
				"north": { "uv": [ 0.96, 8.96, 3.04, 11.04 ], "texture": "#mesh_palette" },
				"south": { "uv": [ 0.96, 8.96, 3.04, 11.04 ], "texture": "#mesh_palette" },
				"west": { "uv": [ 0.96, 8.96, 3.04, 11.04 ], "texture": "#mesh_palette" },
				"east": { "uv": [ 0.96, 8.96, 3.04, 11.04 ], "texture": "#mesh_palette" }
			}
		},
		{
			"__comment": "Voxels-6A6A6A",
			"from": [ 5, 4, 12 ],
			"to": [ 11, 4.5, 13 ],
			"faces": {
				"down": { "uv": [ 0.96, 8.96, 3.04, 11.04 ], "texture": "#mesh_palette" },
				"up": { "uv": [ 0.96, 8.96, 3.04, 11.04 ], "texture": "#mesh_palette" },
				"north": { "uv": [ 0.96, 8.96, 3.04, 11.04 ], "texture": "#mesh_palette" },
				"south": { "uv": [ 0.96, 8.96, 3.04, 11.04 ], "texture": "#mesh_palette" },
				"west": { "uv": [ 0.96, 8.96, 3.04, 11.04 ], "texture": "#mesh_palette" },
				"east": { "uv": [ 0.96, 8.96, 3.04, 11.04 ], "texture": "#mesh_palette" }
			}
		},
		{
			"__comment": "Voxels-F31B12",
			"from": [ 4.8, 5.5, 12 ],
			"to": [ 6.3, 6.5, 12.001 ],
			"faces": {
				"down": { "uv": [ 8.96, 0.96, 11.04, 3.04 ], "texture": "#mesh_palette" },
				"up": { "uv": [ 8.96, 0.96, 11.04, 3.04 ], "texture": "#mesh_palette" },
				"north": { "uv": [ 8.96, 0.96, 11.04, 3.04 ], "texture": "#mesh_palette" },
				"south": { "uv": [ 8.96, 0.96, 11.04, 3.04 ], "texture": "#mesh_palette" },
				"west": { "uv": [ 8.96, 0.96, 11.04, 3.04 ], "texture": "#mesh_palette" },
				"east": { "uv": [ 8.96, 0.96, 11.04, 3.04 ], "texture": "#mesh_palette" }
			}
		},
		{
			"__comment": "Voxels-6A6A6A",
			"from": [ 7, 4.5, 12 ],
			"to": [ 9, 6, 13 ],
			"faces": {
				"down": { "uv": [ 0.96, 8.96, 3.04, 11.04 ], "texture": "#mesh_palette" },
				"up": { "uv": [ 0.96, 8.96, 3.04, 11.04 ], "texture": "#mesh_palette" },
				"north": { "uv": [ 0.96, 8.96, 3.04, 11.04 ], "texture": "#mesh_palette" },
				"south": { "uv": [ 0.96, 8.96, 3.04, 11.04 ], "texture": "#mesh_palette" },
				"west": { "uv": [ 0.96, 8.96, 3.04, 11.04 ], "texture": "#mesh_palette" },
				"east": { "uv": [ 0.96, 8.96, 3.04, 11.04 ], "texture": "#mesh_palette" }
			}
		},
		{
			"__comment": "Voxels-6A6A6A",
			"from": [ 5, 3, 12 ],
			"to": [ 5.8, 3.5, 13 ],
			"faces": {
				"down": { "uv": [ 0.96, 8.96, 3.04, 11.04 ], "texture": "#mesh_palette" },
				"up": { "uv": [ 0.96, 8.96, 3.04, 11.04 ], "texture": "#mesh_palette" },
				"north": { "uv": [ 0.96, 8.96, 3.04, 11.04 ], "texture": "#mesh_palette" },
				"south": { "uv": [ 0.96, 8.96, 3.04, 11.04 ], "texture": "#mesh_palette" },
				"west": { "uv": [ 0.96, 8.96, 3.04, 11.04 ], "texture": "#mesh_palette" },
				"east": { "uv": [ 0.96, 8.96, 3.04, 11.04 ], "texture": "#mesh_palette" }
			}
		},
		{
			"__comment": "Voxels-6A6A6A",
			"from": [ 5.8, 0, 12 ],
			"to": [ 6.1, 3.5, 13 ],
			"faces": {
				"down": { "uv": [ 0.96, 8.96, 3.04, 11.04 ], "texture": "#mesh_palette" },
				"up": { "uv": [ 0.96, 8.96, 3.04, 11.04 ], "texture": "#mesh_palette" },
				"north": { "uv": [ 0.96, 8.96, 3.04, 11.04 ], "texture": "#mesh_palette" },
				"south": { "uv": [ 0.96, 8.96, 3.04, 11.04 ], "texture": "#mesh_palette" },
				"west": { "uv": [ 0.96, 8.96, 3.04, 11.04 ], "texture": "#mesh_palette" },
				"east": { "uv": [ 0.96, 8.96, 3.04, 11.04 ], "texture": "#mesh_palette" }
			}
		},
		{
			"__comment": "Voxels-6A6A6A",
			"from": [ 6.4, 0, 12 ],
			"to": [ 6.7, 4, 13 ],
			"faces": {
				"down": { "uv": [ 0.96, 8.96, 3.04, 11.04 ], "texture": "#mesh_palette" },
				"up": { "uv": [ 0.96, 8.96, 3.04, 11.04 ], "texture": "#mesh_palette" },
				"north": { "uv": [ 0.96, 8.96, 3.04, 11.04 ], "texture": "#mesh_palette" },
				"south": { "uv": [ 0.96, 8.96, 3.04, 11.04 ], "texture": "#mesh_palette" },
				"west": { "uv": [ 0.96, 8.96, 3.04, 11.04 ], "texture": "#mesh_palette" },
				"east": { "uv": [ 0.96, 8.96, 3.04, 11.04 ], "texture": "#mesh_palette" }
			}
		},
		{
			"__comment": "Voxels-6A6A6A",
			"from": [ 5, 3.7, 12 ],
			"to": [ 7, 4, 13 ],
			"faces": {
				"down": { "uv": [ 0.96, 8.96, 3.04, 11.04 ], "texture": "#mesh_palette" },
				"up": { "uv": [ 0.96, 8.96, 3.04, 11.04 ], "texture": "#mesh_palette" },
				"north": { "uv": [ 0.96, 8.96, 3.04, 11.04 ], "texture": "#mesh_palette" },
				"south": { "uv": [ 0.96, 8.96, 3.04, 11.04 ], "texture": "#mesh_palette" },
				"west": { "uv": [ 0.96, 8.96, 3.04, 11.04 ], "texture": "#mesh_palette" },
				"east": { "uv": [ 0.96, 8.96, 3.04, 11.04 ], "texture": "#mesh_palette" }
			}
		},
		{
			"__comment": "Voxels-6A6A6A",
			"from": [ 5, 3.5, 12 ],
			"to": [ 6.4, 3.7, 13 ],
			"faces": {
				"down": { "uv": [ 0.96, 8.96, 3.04, 11.04 ], "texture": "#mesh_palette" },
				"up": { "uv": [ 0.96, 8.96, 3.04, 11.04 ], "texture": "#mesh_palette" },
				"north": { "uv": [ 0.96, 8.96, 3.04, 11.04 ], "texture": "#mesh_palette" },
				"south": { "uv": [ 0.96, 8.96, 3.04, 11.04 ], "texture": "#mesh_palette" },
				"west": { "uv": [ 0.96, 8.96, 3.04, 11.04 ], "texture": "#mesh_palette" },
				"east": { "uv": [ 0.96, 8.96, 3.04, 11.04 ], "texture": "#mesh_palette" }
			}
		},
		{
			"__comment": "Voxels-6A6A6A",
			"from": [ 5, 0, 12 ],
			"to": [ 5.5, 3, 13 ],
			"faces": {
				"down": { "uv": [ 0.96, 8.96, 3.04, 11.04 ], "texture": "#mesh_palette" },
				"up": { "uv": [ 0.96, 8.96, 3.04, 11.04 ], "texture": "#mesh_palette" },
				"north": { "uv": [ 0.96, 8.96, 3.04, 11.04 ], "texture": "#mesh_palette" },
				"south": { "uv": [ 0.96, 8.96, 3.04, 11.04 ], "texture": "#mesh_palette" },
				"west": { "uv": [ 0.96, 8.96, 3.04, 11.04 ], "texture": "#mesh_palette" },
				"east": { "uv": [ 0.96, 8.96, 3.04, 11.04 ], "texture": "#mesh_palette" }
			}
		},
		{
			"__comment": "Voxels-2F2F2F",
			"from": [ 18, 19, 6 ],
			"to": [ 20, 20, 9 ],
			"faces": {
				"down": { "uv": [ 12.96, 0.96, 15.04, 3.04 ], "texture": "#mesh_palette" },
				"up": { "uv": [ 12.96, 0.96, 15.04, 3.04 ], "texture": "#mesh_palette" },
				"north": { "uv": [ 12.96, 0.96, 15.04, 3.04 ], "texture": "#mesh_palette" },
				"south": { "uv": [ 12.96, 0.96, 15.04, 3.04 ], "texture": "#mesh_palette" },
				"west": { "uv": [ 12.96, 0.96, 15.04, 3.04 ], "texture": "#mesh_palette" },
				"east": { "uv": [ 12.96, 0.96, 15.04, 3.04 ], "texture": "#mesh_palette" }
			}
		},
		{
			"__comment": "Voxels-2F2F2F",
			"from": [ 18.5, 20, 6.5 ],
			"to": [ 19.5, 21, 8.5 ],
			"faces": {
				"down": { "uv": [ 12.96, 0.96, 15.04, 3.04 ], "texture": "#mesh_palette" },
				"up": { "uv": [ 12.96, 0.96, 15.04, 3.04 ], "texture": "#mesh_palette" },
				"north": { "uv": [ 12.96, 0.96, 15.04, 3.04 ], "texture": "#mesh_palette" },
				"south": { "uv": [ 12.96, 0.96, 15.04, 3.04 ], "texture": "#mesh_palette" },
				"west": { "uv": [ 12.96, 0.96, 15.04, 3.04 ], "texture": "#mesh_palette" },
				"east": { "uv": [ 12.96, 0.96, 15.04, 3.04 ], "texture": "#mesh_palette" }
			}
		},
		{
			"__comment": "Voxels-2F2F2F",
			"from": [ 0.5, 10, 9 ],
			"to": [ 1.5, 11, 10 ],
			"faces": {
				"down": { "uv": [ 12.96, 0.96, 15.04, 3.04 ], "texture": "#mesh_palette" },
				"up": { "uv": [ 12.96, 0.96, 15.04, 3.04 ], "texture": "#mesh_palette" },
				"north": { "uv": [ 12.96, 0.96, 15.04, 3.04 ], "texture": "#mesh_palette" },
				"south": { "uv": [ 12.96, 0.96, 15.04, 3.04 ], "texture": "#mesh_palette" },
				"west": { "uv": [ 12.96, 0.96, 15.04, 3.04 ], "texture": "#mesh_palette" },
				"east": { "uv": [ 12.96, 0.96, 15.04, 3.04 ], "texture": "#mesh_palette" }
			}
		},
		{
			"__comment": "Voxels-2F2F2F",
			"from": [ -0.5, 10, 6 ],
			"to": [ 0.5, 11, 9 ],
			"faces": {
				"down": { "uv": [ 12.96, 0.96, 15.04, 3.04 ], "texture": "#mesh_palette" },
				"up": { "uv": [ 12.96, 0.96, 15.04, 3.04 ], "texture": "#mesh_palette" },
				"north": { "uv": [ 12.96, 0.96, 15.04, 3.04 ], "texture": "#mesh_palette" },
				"south": { "uv": [ 12.96, 0.96, 15.04, 3.04 ], "texture": "#mesh_palette" },
				"west": { "uv": [ 12.96, 0.96, 15.04, 3.04 ], "texture": "#mesh_palette" },
				"east": { "uv": [ 12.96, 0.96, 15.04, 3.04 ], "texture": "#mesh_palette" }
			}
		},
		{
			"__comment": "Voxels-2F2F2F",
			"from": [ -0.5, 11, 9 ],
			"to": [ 1.5, 12, 10 ],
			"faces": {
				"down": { "uv": [ 12.96, 0.96, 15.04, 3.04 ], "texture": "#mesh_palette" },
				"up": { "uv": [ 12.96, 0.96, 15.04, 3.04 ], "texture": "#mesh_palette" },
				"north": { "uv": [ 12.96, 0.96, 15.04, 3.04 ], "texture": "#mesh_palette" },
				"south": { "uv": [ 12.96, 0.96, 15.04, 3.04 ], "texture": "#mesh_palette" },
				"west": { "uv": [ 12.96, 0.96, 15.04, 3.04 ], "texture": "#mesh_palette" },
				"east": { "uv": [ 12.96, 0.96, 15.04, 3.04 ], "texture": "#mesh_palette" }
			}
		},
		{
			"__comment": "Voxels-2F2F2F",
			"from": [ -1.5, 11, 6 ],
			"to": [ -0.5, 12, 9 ],
			"faces": {
				"down": { "uv": [ 12.96, 0.96, 15.04, 3.04 ], "texture": "#mesh_palette" },
				"up": { "uv": [ 12.96, 0.96, 15.04, 3.04 ], "texture": "#mesh_palette" },
				"north": { "uv": [ 12.96, 0.96, 15.04, 3.04 ], "texture": "#mesh_palette" },
				"south": { "uv": [ 12.96, 0.96, 15.04, 3.04 ], "texture": "#mesh_palette" },
				"west": { "uv": [ 12.96, 0.96, 15.04, 3.04 ], "texture": "#mesh_palette" },
				"east": { "uv": [ 12.96, 0.96, 15.04, 3.04 ], "texture": "#mesh_palette" }
			}
		},
		{
			"__comment": "Voxels-2F2F2F",
			"from": [ -1.5, 12, 9 ],
			"to": [ 1.5, 13, 10 ],
			"faces": {
				"down": { "uv": [ 12.96, 0.96, 15.04, 3.04 ], "texture": "#mesh_palette" },
				"up": { "uv": [ 12.96, 0.96, 15.04, 3.04 ], "texture": "#mesh_palette" },
				"north": { "uv": [ 12.96, 0.96, 15.04, 3.04 ], "texture": "#mesh_palette" },
				"south": { "uv": [ 12.96, 0.96, 15.04, 3.04 ], "texture": "#mesh_palette" },
				"west": { "uv": [ 12.96, 0.96, 15.04, 3.04 ], "texture": "#mesh_palette" },
				"east": { "uv": [ 12.96, 0.96, 15.04, 3.04 ], "texture": "#mesh_palette" }
			}
		},
		{
			"__comment": "Voxels-2F2F2F",
			"from": [ -3.5, 12, 6 ],
			"to": [ -1.5, 13, 9 ],
			"faces": {
				"down": { "uv": [ 12.96, 0.96, 15.04, 3.04 ], "texture": "#mesh_palette" },
				"up": { "uv": [ 12.96, 0.96, 15.04, 3.04 ], "texture": "#mesh_palette" },
				"north": { "uv": [ 12.96, 0.96, 15.04, 3.04 ], "texture": "#mesh_palette" },
				"south": { "uv": [ 12.96, 0.96, 15.04, 3.04 ], "texture": "#mesh_palette" },
				"west": { "uv": [ 12.96, 0.96, 15.04, 3.04 ], "texture": "#mesh_palette" },
				"east": { "uv": [ 12.96, 0.96, 15.04, 3.04 ], "texture": "#mesh_palette" }
			}
		},
		{
			"__comment": "Voxels-2F2F2F",
			"from": [ 0.5, 13, 6 ],
			"to": [ 1.5, 14, 9 ],
			"faces": {
				"down": { "uv": [ 12.96, 0.96, 15.04, 3.04 ], "texture": "#mesh_palette" },
				"up": { "uv": [ 12.96, 0.96, 15.04, 3.04 ], "texture": "#mesh_palette" },
				"north": { "uv": [ 12.96, 0.96, 15.04, 3.04 ], "texture": "#mesh_palette" },
				"south": { "uv": [ 12.96, 0.96, 15.04, 3.04 ], "texture": "#mesh_palette" },
				"west": { "uv": [ 12.96, 0.96, 15.04, 3.04 ], "texture": "#mesh_palette" },
				"east": { "uv": [ 12.96, 0.96, 15.04, 3.04 ], "texture": "#mesh_palette" }
			}
		},
		{
			"__comment": "Voxels-2F2F2F",
			"from": [ -3.5, 13, 9 ],
			"to": [ 0.5, 14, 10 ],
			"faces": {
				"down": { "uv": [ 12.96, 0.96, 15.04, 3.04 ], "texture": "#mesh_palette" },
				"up": { "uv": [ 12.96, 0.96, 15.04, 3.04 ], "texture": "#mesh_palette" },
				"north": { "uv": [ 12.96, 0.96, 15.04, 3.04 ], "texture": "#mesh_palette" },
				"south": { "uv": [ 12.96, 0.96, 15.04, 3.04 ], "texture": "#mesh_palette" },
				"west": { "uv": [ 12.96, 0.96, 15.04, 3.04 ], "texture": "#mesh_palette" },
				"east": { "uv": [ 12.96, 0.96, 15.04, 3.04 ], "texture": "#mesh_palette" }
			}
		},
		{
			"__comment": "Voxels-2F2F2F",
			"from": [ -4.5, 13, 6 ],
			"to": [ -3.5, 19, 9 ],
			"faces": {
				"down": { "uv": [ 12.96, 0.96, 15.04, 3.04 ], "texture": "#mesh_palette" },
				"up": { "uv": [ 12.96, 0.96, 15.04, 3.04 ], "texture": "#mesh_palette" },
				"north": { "uv": [ 12.96, 0.96, 15.04, 3.04 ], "texture": "#mesh_palette" },
				"south": { "uv": [ 12.96, 0.96, 15.04, 3.04 ], "texture": "#mesh_palette" },
				"west": { "uv": [ 12.96, 0.96, 15.04, 3.04 ], "texture": "#mesh_palette" },
				"east": { "uv": [ 12.96, 0.96, 15.04, 3.04 ], "texture": "#mesh_palette" }
			}
		},
		{
			"__comment": "Voxels-2F2F2F",
			"from": [ -3.5, 14, 9 ],
			"to": [ -0.5, 15, 10 ],
			"faces": {
				"down": { "uv": [ 12.96, 0.96, 15.04, 3.04 ], "texture": "#mesh_palette" },
				"up": { "uv": [ 12.96, 0.96, 15.04, 3.04 ], "texture": "#mesh_palette" },
				"north": { "uv": [ 12.96, 0.96, 15.04, 3.04 ], "texture": "#mesh_palette" },
				"south": { "uv": [ 12.96, 0.96, 15.04, 3.04 ], "texture": "#mesh_palette" },
				"west": { "uv": [ 12.96, 0.96, 15.04, 3.04 ], "texture": "#mesh_palette" },
				"east": { "uv": [ 12.96, 0.96, 15.04, 3.04 ], "texture": "#mesh_palette" }
			}
		},
		{
			"__comment": "Voxels-2F2F2F",
			"from": [ -1.5, 14, 6 ],
			"to": [ 0.5, 15, 9 ],
			"faces": {
				"down": { "uv": [ 12.96, 0.96, 15.04, 3.04 ], "texture": "#mesh_palette" },
				"up": { "uv": [ 12.96, 0.96, 15.04, 3.04 ], "texture": "#mesh_palette" },
				"north": { "uv": [ 12.96, 0.96, 15.04, 3.04 ], "texture": "#mesh_palette" },
				"south": { "uv": [ 12.96, 0.96, 15.04, 3.04 ], "texture": "#mesh_palette" },
				"west": { "uv": [ 12.96, 0.96, 15.04, 3.04 ], "texture": "#mesh_palette" },
				"east": { "uv": [ 12.96, 0.96, 15.04, 3.04 ], "texture": "#mesh_palette" }
			}
		},
		{
			"__comment": "Voxels-2F2F2F",
			"from": [ -1.5, 15, 6 ],
			"to": [ -0.5, 19, 9 ],
			"faces": {
				"down": { "uv": [ 12.96, 0.96, 15.04, 3.04 ], "texture": "#mesh_palette" },
				"up": { "uv": [ 12.96, 0.96, 15.04, 3.04 ], "texture": "#mesh_palette" },
				"north": { "uv": [ 12.96, 0.96, 15.04, 3.04 ], "texture": "#mesh_palette" },
				"south": { "uv": [ 12.96, 0.96, 15.04, 3.04 ], "texture": "#mesh_palette" },
				"west": { "uv": [ 12.96, 0.96, 15.04, 3.04 ], "texture": "#mesh_palette" },
				"east": { "uv": [ 12.96, 0.96, 15.04, 3.04 ], "texture": "#mesh_palette" }
			}
		},
		{
			"__comment": "Voxels-2F2F2F",
			"from": [ -3.5, 15, 9 ],
			"to": [ -1.5, 19, 10 ],
			"faces": {
				"down": { "uv": [ 12.96, 0.96, 15.04, 3.04 ], "texture": "#mesh_palette" },
				"up": { "uv": [ 12.96, 0.96, 15.04, 3.04 ], "texture": "#mesh_palette" },
				"north": { "uv": [ 12.96, 0.96, 15.04, 3.04 ], "texture": "#mesh_palette" },
				"south": { "uv": [ 12.96, 0.96, 15.04, 3.04 ], "texture": "#mesh_palette" },
				"west": { "uv": [ 12.96, 0.96, 15.04, 3.04 ], "texture": "#mesh_palette" },
				"east": { "uv": [ 12.96, 0.96, 15.04, 3.04 ], "texture": "#mesh_palette" }
			}
		},
		{
			"__comment": "Voxels-2F2F2F",
			"from": [ -3.5, 19, 6 ],
			"to": [ -1.5, 20, 9 ],
			"faces": {
				"down": { "uv": [ 12.96, 0.96, 15.04, 3.04 ], "texture": "#mesh_palette" },
				"up": { "uv": [ 12.96, 0.96, 15.04, 3.04 ], "texture": "#mesh_palette" },
				"north": { "uv": [ 12.96, 0.96, 15.04, 3.04 ], "texture": "#mesh_palette" },
				"south": { "uv": [ 12.96, 0.96, 15.04, 3.04 ], "texture": "#mesh_palette" },
				"west": { "uv": [ 12.96, 0.96, 15.04, 3.04 ], "texture": "#mesh_palette" },
				"east": { "uv": [ 12.96, 0.96, 15.04, 3.04 ], "texture": "#mesh_palette" }
			}
		},
		{
			"__comment": "Voxels-2F2F2F",
			"from": [ -3, 20, 6.5 ],
			"to": [ -2, 21, 8.5 ],
			"faces": {
				"down": { "uv": [ 12.96, 0.96, 15.04, 3.04 ], "texture": "#mesh_palette" },
				"up": { "uv": [ 12.96, 0.96, 15.04, 3.04 ], "texture": "#mesh_palette" },
				"north": { "uv": [ 12.96, 0.96, 15.04, 3.04 ], "texture": "#mesh_palette" },
				"south": { "uv": [ 12.96, 0.96, 15.04, 3.04 ], "texture": "#mesh_palette" },
				"west": { "uv": [ 12.96, 0.96, 15.04, 3.04 ], "texture": "#mesh_palette" },
				"east": { "uv": [ 12.96, 0.96, 15.04, 3.04 ], "texture": "#mesh_palette" }
			}
		},
		{
			"__comment": "Voxels-2F2F2F",
			"from": [ -3, 21, 7 ],
			"to": [ -2, 22, 8 ],
			"faces": {
				"down": { "uv": [ 12.96, 0.96, 15.04, 3.04 ], "texture": "#mesh_palette" },
				"up": { "uv": [ 12.96, 0.96, 15.04, 3.04 ], "texture": "#mesh_palette" },
				"north": { "uv": [ 12.96, 0.96, 15.04, 3.04 ], "texture": "#mesh_palette" },
				"south": { "uv": [ 12.96, 0.96, 15.04, 3.04 ], "texture": "#mesh_palette" },
				"west": { "uv": [ 12.96, 0.96, 15.04, 3.04 ], "texture": "#mesh_palette" },
				"east": { "uv": [ 12.96, 0.96, 15.04, 3.04 ], "texture": "#mesh_palette" }
			}
		},
		{
			"__comment": "Voxels-2F2F2F",
			"from": [ 17, 14, 9 ],
			"to": [ 20, 15, 10 ],
			"faces": {
				"down": { "uv": [ 12.96, 0.96, 15.04, 3.04 ], "texture": "#mesh_palette" },
				"up": { "uv": [ 12.96, 0.96, 15.04, 3.04 ], "texture": "#mesh_palette" },
				"north": { "uv": [ 12.96, 0.96, 15.04, 3.04 ], "texture": "#mesh_palette" },
				"south": { "uv": [ 12.96, 0.96, 15.04, 3.04 ], "texture": "#mesh_palette" },
				"west": { "uv": [ 12.96, 0.96, 15.04, 3.04 ], "texture": "#mesh_palette" },
				"east": { "uv": [ 12.96, 0.96, 15.04, 3.04 ], "texture": "#mesh_palette" }
			}
		},
		{
			"__comment": "Voxels-2F2F2F",
			"from": [ 16, 13, 9 ],
			"to": [ 20, 14, 10 ],
			"faces": {
				"down": { "uv": [ 12.96, 0.96, 15.04, 3.04 ], "texture": "#mesh_palette" },
				"up": { "uv": [ 12.96, 0.96, 15.04, 3.04 ], "texture": "#mesh_palette" },
				"north": { "uv": [ 12.96, 0.96, 15.04, 3.04 ], "texture": "#mesh_palette" },
				"south": { "uv": [ 12.96, 0.96, 15.04, 3.04 ], "texture": "#mesh_palette" },
				"west": { "uv": [ 12.96, 0.96, 15.04, 3.04 ], "texture": "#mesh_palette" },
				"east": { "uv": [ 12.96, 0.96, 15.04, 3.04 ], "texture": "#mesh_palette" }
			}
		},
		{
			"__comment": "Voxels-2F2F2F",
			"from": [ 15, 12, 9 ],
			"to": [ 18, 13, 10 ],
			"faces": {
				"down": { "uv": [ 12.96, 0.96, 15.04, 3.04 ], "texture": "#mesh_palette" },
				"up": { "uv": [ 12.96, 0.96, 15.04, 3.04 ], "texture": "#mesh_palette" },
				"north": { "uv": [ 12.96, 0.96, 15.04, 3.04 ], "texture": "#mesh_palette" },
				"south": { "uv": [ 12.96, 0.96, 15.04, 3.04 ], "texture": "#mesh_palette" },
				"west": { "uv": [ 12.96, 0.96, 15.04, 3.04 ], "texture": "#mesh_palette" },
				"east": { "uv": [ 12.96, 0.96, 15.04, 3.04 ], "texture": "#mesh_palette" }
			}
		},
		{
			"__comment": "Voxels-2F2F2F",
			"from": [ 18, 15, 9 ],
			"to": [ 20, 19, 10 ],
			"faces": {
				"down": { "uv": [ 12.96, 0.96, 15.04, 3.04 ], "texture": "#mesh_palette" },
				"up": { "uv": [ 12.96, 0.96, 15.04, 3.04 ], "texture": "#mesh_palette" },
				"north": { "uv": [ 12.96, 0.96, 15.04, 3.04 ], "texture": "#mesh_palette" },
				"south": { "uv": [ 12.96, 0.96, 15.04, 3.04 ], "texture": "#mesh_palette" },
				"west": { "uv": [ 12.96, 0.96, 15.04, 3.04 ], "texture": "#mesh_palette" },
				"east": { "uv": [ 12.96, 0.96, 15.04, 3.04 ], "texture": "#mesh_palette" }
			}
		},
		{
			"__comment": "Voxels-2F2F2F",
			"from": [ 15, 10, 9 ],
			"to": [ 16, 11, 10 ],
			"faces": {
				"down": { "uv": [ 12.96, 0.96, 15.04, 3.04 ], "texture": "#mesh_palette" },
				"up": { "uv": [ 12.96, 0.96, 15.04, 3.04 ], "texture": "#mesh_palette" },
				"north": { "uv": [ 12.96, 0.96, 15.04, 3.04 ], "texture": "#mesh_palette" },
				"south": { "uv": [ 12.96, 0.96, 15.04, 3.04 ], "texture": "#mesh_palette" },
				"west": { "uv": [ 12.96, 0.96, 15.04, 3.04 ], "texture": "#mesh_palette" },
				"east": { "uv": [ 12.96, 0.96, 15.04, 3.04 ], "texture": "#mesh_palette" }
			}
		},
		{
			"__comment": "Voxels-2F2F2F",
			"from": [ 15, 11, 9 ],
			"to": [ 17, 12, 10 ],
			"faces": {
				"down": { "uv": [ 12.96, 0.96, 15.04, 3.04 ], "texture": "#mesh_palette" },
				"up": { "uv": [ 12.96, 0.96, 15.04, 3.04 ], "texture": "#mesh_palette" },
				"north": { "uv": [ 12.96, 0.96, 15.04, 3.04 ], "texture": "#mesh_palette" },
				"south": { "uv": [ 12.96, 0.96, 15.04, 3.04 ], "texture": "#mesh_palette" },
				"west": { "uv": [ 12.96, 0.96, 15.04, 3.04 ], "texture": "#mesh_palette" },
				"east": { "uv": [ 12.96, 0.96, 15.04, 3.04 ], "texture": "#mesh_palette" }
			}
		},
		{
			"__comment": "Voxels-5E5E5E",
			"from": [ 14, 0, 5 ],
			"to": [ 15, 14, 10 ],
			"faces": {
				"down": { "uv": [ 0.96, 4.96, 3.04, 7.04 ], "texture": "#mesh_palette" },
				"up": { "uv": [ 0.96, 4.96, 3.04, 7.04 ], "texture": "#mesh_palette" },
				"north": { "uv": [ 0.96, 4.96, 3.04, 7.04 ], "texture": "#mesh_palette" },
				"south": { "uv": [ 0.96, 4.96, 3.04, 7.04 ], "texture": "#mesh_palette" },
				"west": { "uv": [ 0.96, 4.96, 3.04, 7.04 ], "texture": "#mesh_palette" },
				"east": { "uv": [ 0.96, 4.96, 3.04, 7.04 ], "texture": "#mesh_palette" }
			}
		},
		{
			"__comment": "Voxels-5E5E5E",
			"from": [ 1, 5, 6 ],
			"to": [ 1.5, 6, 9.5 ],
			"faces": {
				"down": { "uv": [ 0.96, 4.96, 3.04, 7.04 ], "texture": "#mesh_palette" },
				"up": { "uv": [ 0.96, 4.96, 3.04, 7.04 ], "texture": "#mesh_palette" },
				"north": { "uv": [ 0.96, 4.96, 3.04, 7.04 ], "texture": "#mesh_palette" },
				"south": { "uv": [ 0.96, 4.96, 3.04, 7.04 ], "texture": "#mesh_palette" },
				"west": { "uv": [ 0.96, 4.96, 3.04, 7.04 ], "texture": "#mesh_palette" },
				"east": { "uv": [ 0.96, 4.96, 3.04, 7.04 ], "texture": "#mesh_palette" }
			}
		},
		{
			"__comment": "Voxels-5E5E5E",
			"from": [ 1, 1, 6 ],
			"to": [ 1.5, 2, 9.5 ],
			"faces": {
				"down": { "uv": [ 0.96, 4.96, 3.04, 7.04 ], "texture": "#mesh_palette" },
				"up": { "uv": [ 0.96, 4.96, 3.04, 7.04 ], "texture": "#mesh_palette" },
				"north": { "uv": [ 0.96, 4.96, 3.04, 7.04 ], "texture": "#mesh_palette" },
				"south": { "uv": [ 0.96, 4.96, 3.04, 7.04 ], "texture": "#mesh_palette" },
				"west": { "uv": [ 0.96, 4.96, 3.04, 7.04 ], "texture": "#mesh_palette" },
				"east": { "uv": [ 0.96, 4.96, 3.04, 7.04 ], "texture": "#mesh_palette" }
			}
		},
		{
			"__comment": "Voxels-5E5E5E",
			"from": [ 15, 5, 6 ],
			"to": [ 15.5, 6, 9.5 ],
			"faces": {
				"down": { "uv": [ 0.96, 4.96, 3.04, 7.04 ], "texture": "#mesh_palette" },
				"up": { "uv": [ 0.96, 4.96, 3.04, 7.04 ], "texture": "#mesh_palette" },
				"north": { "uv": [ 0.96, 4.96, 3.04, 7.04 ], "texture": "#mesh_palette" },
				"south": { "uv": [ 0.96, 4.96, 3.04, 7.04 ], "texture": "#mesh_palette" },
				"west": { "uv": [ 0.96, 4.96, 3.04, 7.04 ], "texture": "#mesh_palette" },
				"east": { "uv": [ 0.96, 4.96, 3.04, 7.04 ], "texture": "#mesh_palette" }
			}
		},
		{
			"__comment": "Voxels-5E5E5E",
			"from": [ 15, 2, 5 ],
			"to": [ 15.5, 5, 10 ],
			"faces": {
				"down": { "uv": [ 0.96, 4.96, 3.04, 7.04 ], "texture": "#mesh_palette" },
				"up": { "uv": [ 0.96, 4.96, 3.04, 7.04 ], "texture": "#mesh_palette" },
				"north": { "uv": [ 0.96, 4.96, 3.04, 7.04 ], "texture": "#mesh_palette" },
				"south": { "uv": [ 0.96, 4.96, 3.04, 7.04 ], "texture": "#mesh_palette" },
				"west": { "uv": [ 0.96, 4.96, 3.04, 7.04 ], "texture": "#mesh_palette" },
				"east": { "uv": [ 0.96, 4.96, 3.04, 7.04 ], "texture": "#mesh_palette" }
			}
		},
		{
			"__comment": "Voxels-5E5E5E",
			"from": [ 15, 1, 6 ],
			"to": [ 15.5, 2, 9.5 ],
			"faces": {
				"down": { "uv": [ 0.96, 4.96, 3.04, 7.04 ], "texture": "#mesh_palette" },
				"up": { "uv": [ 0.96, 4.96, 3.04, 7.04 ], "texture": "#mesh_palette" },
				"north": { "uv": [ 0.96, 4.96, 3.04, 7.04 ], "texture": "#mesh_palette" },
				"south": { "uv": [ 0.96, 4.96, 3.04, 7.04 ], "texture": "#mesh_palette" },
				"west": { "uv": [ 0.96, 4.96, 3.04, 7.04 ], "texture": "#mesh_palette" },
				"east": { "uv": [ 0.96, 4.96, 3.04, 7.04 ], "texture": "#mesh_palette" }
			}
		}
	],
	"display": {
    "gui": {
        "rotation": [ 328, 135, 0 ],
        "translation": [ -0.50, -1.75, 0.25 ],
        "scale": [ 1.10, 1.10, 1.00 ]
    },
    "head": {
        "rotation": [ 0, 180, 0 ],
        "translation": [ 0.00, 2.50, -0.50 ],
        "scale": [ 1.50, 1.50, 1.50 ]
		}
	}
}