{
    "__comment": "Model generated using MrCrayfish's Model Creator (http://mrcrayfish.com/modelcreator/)",
    "textures": {
        "particle": "blocks/blocks/alien",
        "0": "blocks/alien",
        "1": "blocks/alien_extra"
    },
    "elements": [
        {
            "name": "Cube",
            "from": [ 4.000000014901161, 1.0, 4.0 ], 
            "to": [ 13.000000014901161, 2.0, 11.0 ], 
            "faces": {
                "north": { "texture": "#0", "uv": [ 3.0, 11.0, 12.0, 12.0 ] },
                "east": { "texture": "#0", "uv": [ 3.0, 11.0, 10.0, 12.0 ] },
                "south": { "texture": "#0", "uv": [ 3.0, 11.0, 12.0, 12.0 ] },
                "west": { "texture": "#0", "uv": [ 4.0, 11.0, 11.0, 12.0 ] },
                "up": { "texture": "#0", "uv": [ 5.0, 9.0, 7.0, 12.0 ] },
                "down": { "texture": "#0", "uv": [ 4.0, 9.0, 12.0, 11.0 ] }
            }
        },
        {
            "name": "Cube",
            "from": [ 3.3999999910593033, 2.0, 3.3999999910593033 ], 
            "to": [ 13.599999979138374, 2.4999999925494194, 11.599999994039536 ], 
            "faces": {
                "north": { "texture": "#0", "uv": [ 3.0, 11.0, 12.199999988079071, 11.49999999254942 ] },
                "east": { "texture": "#0", "uv": [ 3.0, 11.0, 11.200000002980232, 11.49999999254942 ] },
                "south": { "texture": "#0", "uv": [ 3.0, 11.0, 12.199999988079071, 11.49999999254942 ] },
                "west": { "texture": "#0", "uv": [ 3.0, 11.0, 11.200000002980232, 11.49999999254942 ] },
                "up": { "texture": "#0", "uv": [ 3.0, 10.0, 12.199999988079071, 11.200000002980232 ] },
                "down": { "texture": "#0", "uv": [ 3.0, 10.0, 12.199999988079071, 11.200000002980232 ] }
            }
        },
        {
            "name": "Cube",
            "from": [ 3.199999988079071, 2.4999999925494194, 3.199999988079071 ], 
            "to": [ 13.799999982118607, 2.999999985098839, 11.799999997019768 ], 
            "faces": {
                "north": { "texture": "#0", "uv": [ 3.0, 11.0, 12.599999994039536, 11.49999999254942 ] },
                "east": { "texture": "#0", "uv": [ 3.0, 11.0, 11.600000008940697, 11.49999999254942 ] },
                "south": { "texture": "#0", "uv": [ 3.0, 11.0, 12.599999994039536, 11.49999999254942 ] },
                "west": { "texture": "#0", "uv": [ 3.0, 11.0, 11.600000008940697, 11.49999999254942 ] },
                "up": { "texture": "#0", "uv": [ 3.0, 10.0, 12.599999994039536, 11.600000008940697 ] },
                "down": { "texture": "#0", "uv": [ 3.0, 10.0, 12.599999994039536, 10.600000008940697 ] }
            }
        },
        {
            "name": "Cube",
            "from": [ 3.199999988079071, 3.0, 3.199999988079071 ], 
            "to": [ 13.799999982118607, 8.0, 11.799999997019768 ], 
            "faces": {
                "north": { "texture": "#0", "uv": [ 2.0, 6.0, 12.599999994039536, 11.0 ] },
                "east": { "texture": "#0", "uv": [ 2.0, 6.0, 10.600000008940697, 11.0 ] },
                "south": { "texture": "#0", "uv": [ 2.0, 6.0, 12.599999994039536, 11.0 ] },
                "west": { "texture": "#0", "uv": [ 2.0, 6.0, 10.600000008940697, 11.0 ] },
                "up": { "texture": "#0", "uv": [ 3.0, 5.0, 12.599999994039536, 11.600000008940697 ] },
                "down": { "texture": "#0", "uv": [ 2.0, 6.0, 12.599999994039536, 11.600000008940697 ] }
            }
        },
        {
            "name": "Cube",
            "from": [ 3.3999999910593033, 7.999999985098839, 3.3999999910593033 ], 
            "to": [ 13.599999979138374, 8.499999977648258, 11.599999994039536 ], 
            "faces": {
                "north": { "texture": "#0", "uv": [ 3.0, 6.0, 13.199999988079071, 6.499999992549419 ] },
                "east": { "texture": "#0", "uv": [ 3.0, 5.0, 11.200000002980232, 5.499999992549419 ] },
                "south": { "texture": "#0", "uv": [ 3.0, 6.0, 13.199999988079071, 6.499999992549419 ] },
                "west": { "texture": "#0", "uv": [ 3.0, 6.0, 11.200000002980232, 4.499999992549419 ] },
                "up": { "texture": "#0", "uv": [ 2.0, 6.0, 13.199999988079071, 6.200000002980232 ] },
                "down": { "texture": "#0", "uv": [ 3.0, 5.0, 13.199999988079071, 6.200000002980232 ] }
            }
        },
        {
            "name": "Cube",
            "from": [ 4.000000014901161, 8.50000000745058, 4.0 ], 
            "to": [ 13.000000014901161, 9.50000000745058, 11.0 ], 
            "faces": {
                "north": { "texture": "#0", "uv": [ 3.0, 5.0, 12.0, 6.0 ] },
                "east": { "texture": "#0", "uv": [ 4.0, 5.0, 11.0, 6.0 ] },
                "south": { "texture": "#0", "uv": [ 3.0, 5.0, 12.0, 6.0 ] },
                "west": { "texture": "#0", "uv": [ 3.0, 5.0, 10.0, 6.0 ] },
                "up": { "texture": "#0", "uv": [ 3.0, 5.0, 13.0, 6.0 ] },
                "down": { "texture": "#0", "uv": [ 3.0, 5.0, 13.0, 7.0 ] }
            }
        },
        {
            "name": "Cube",
            "from": [ 3.6999999955296516, 1.5000000074505806, 3.5999999940395355 ], 
            "to": [ 13.399999976158142, 2.0, 11.49999999254942 ], 
            "faces": {
                "north": { "texture": "#0", "uv": [ 3.0, 10.0, 12.69999998062849, 10.49999999254942 ] },
                "east": { "texture": "#0", "uv": [ 4.0, 11.0, 11.899999998509884, 11.49999999254942 ] },
                "south": { "texture": "#0", "uv": [ 3.0, 11.0, 12.69999998062849, 11.49999999254942 ] },
                "west": { "texture": "#0", "uv": [ 4.0, 10.0, 11.899999998509884, 10.49999999254942 ] },
                "up": { "texture": "#0", "uv": [ 3.0, 9.0, 11.69999998062849, 9.899999998509884 ] },
                "down": { "texture": "#0", "uv": [ 3.0, 11.0, 12.69999998062849, 10.899999998509884 ] }
            }
        },
        {
            "name": "Cube",
            "from": [ 3.6999999955296516, 8.50000000745058, 3.5999999940395355 ], 
            "to": [ 13.399999976158142, 9.0, 11.49999999254942 ], 
            "faces": {
                "north": { "texture": "#0", "uv": [ 3.0, 5.0, 12.69999998062849, 5.499999992549419 ] },
                "east": { "texture": "#0", "uv": [ 3.0, 5.0, 10.899999998509884, 5.499999992549419 ] },
                "south": { "texture": "#0", "uv": [ 3.0, 5.0, 12.69999998062849, 5.499999992549419 ] },
                "west": { "texture": "#0", "uv": [ 3.0, 5.0, 10.899999998509884, 5.499999992549419 ] },
                "up": { "texture": "#0", "uv": [ 3.0, 5.0, 12.69999998062849, 5.899999998509884 ] },
                "down": { "texture": "#0", "uv": [ 4.0, 5.0, 11.69999998062849, 5.899999998509884 ] }
            }
        },
        {
            "name": "Cube",
            "from": [ 4.699999995529652, 9.400000005960464, 4.500000007450581 ], 
            "to": [ 12.399999976158142, 9.899999998509884, 10.400000005960464 ], 
            "faces": {
                "north": { "texture": "#0", "uv": [ 4.0, 5.0, 11.69999998062849, 5.499999992549419 ] },
                "east": { "texture": "#0", "uv": [ 4.0, 4.0, 9.899999998509884, 4.499999992549419 ] },
                "south": { "texture": "#0", "uv": [ 4.0, 4.0, 11.69999998062849, 4.499999992549419 ] },
                "west": { "texture": "#0", "uv": [ 5.0, 4.0, 10.899999998509884, 4.499999992549419 ] },
                "up": { "texture": "#0", "uv": [ 4.0, 4.0, 11.69999998062849, 4.899999998509884 ] },
                "down": { "texture": "#0", "uv": [ 4.0, 4.0, 11.69999998062849, 4.899999998509884 ] }
            }
        },
        {
            "name": "Cube",
            "from": [ 4.699999995529652, 0.5000000074505806, 4.500000007450581 ], 
            "to": [ 12.399999976158142, 1.0, 10.400000005960464 ], 
            "faces": {
                "north": { "texture": "#0", "uv": [ 4.0, 12.0, 11.69999998062849, 12.49999999254942 ] },
                "east": { "texture": "#0", "uv": [ 4.0, 12.0, 9.899999998509884, 12.49999999254942 ] },
                "south": { "texture": "#0", "uv": [ 4.0, 12.0, 11.69999998062849, 12.49999999254942 ] },
                "west": { "texture": "#0", "uv": [ 5.0, 12.0, 10.899999998509884, 12.49999999254942 ] },
                "up": { "texture": "#0", "uv": [ 3.0, 10.0, 12.69999998062849, 10.899999998509884 ] },
                "down": { "texture": "#0", "uv": [ 4.0, 11.0, 9.69999998062849, 11.899999998509884 ] }
            }
        },
        {
            "name": "Cube",
            "from": [ 5.500000007450581, 9.899999998509884, 5.100000016391277 ], 
            "to": [ 11.69999996572733, 10.199999988079071, 9.799999997019768 ], 
            "faces": {
                "north": { "texture": "#0", "uv": [ 5.0, 4.0, 11.199999958276749, 4.299999989569187 ] },
                "east": { "texture": "#0", "uv": [ 6.0, 4.0, 10.69999998062849, 4.299999989569187 ] },
                "south": { "texture": "#0", "uv": [ 5.0, 4.0, 11.199999958276749, 4.299999989569187 ] },
                "west": { "texture": "#0", "uv": [ 6.0, 4.0, 10.69999998062849, 4.299999989569187 ] },
                "up": { "texture": "#0", "uv": [ 4.0, 4.0, 12.199999958276749, 4.6999999806284904 ] },
                "down": { "texture": "#0", "uv": [ 4.0, 4.0, 10.199999958276749, 4.6999999806284904 ] }
            }
        },
        {
            "name": "Cube",
            "from": [ 5.500000007450581, 0.19999998807907104, 5.100000016391277 ], 
            "to": [ 11.69999996572733, 0.4999999776482582, 9.799999997019768 ], 
            "faces": {
                "north": { "texture": "#0", "uv": [ 5.0, 12.0, 11.199999958276749, 12.299999989569187 ] },
                "east": { "texture": "#0", "uv": [ 5.0, 12.0, 9.69999998062849, 12.299999989569187 ] },
                "south": { "texture": "#0", "uv": [ 4.0, 12.0, 10.199999958276749, 12.299999989569187 ] },
                "west": { "texture": "#0", "uv": [ 5.0, 12.0, 9.69999998062849, 12.299999989569187 ] },
                "up": { "texture": "#0", "uv": [ 5.0, 8.0, 11.199999958276749, 12.69999998062849 ] },
                "down": { "texture": "#0", "uv": [ 4.0, 13.0, 9.199999958276749, 12.69999998062849 ] }
            }
        },
        {
            "name": "Cube",
            "from": [ 10.200000002980232, 5.0, 3.0 ], 
            "to": [ 10.699999995529652, 6.0, 4.0 ], 
            "faces": {
                "north": { "texture": "#1", "uv": [ 4.0, 6.0, 4.499999992549419, 7.0 ] },
                "east": { "texture": "#1", "uv": [ 4.0, 6.0, 4.0, 7.0 ] },
                "south": { "texture": "#1", "uv": [ 4.0, 6.0, 4.499999992549419, 7.0 ] },
                "west": { "texture": "#1", "uv": [ 3.0, 7.0, 4.0, 8.0 ] },
                "up": { "texture": "#1", "uv": [ 4.0, 6.0, 4.499999992549419, 7.0 ] },
                "down": { "texture": "#1", "uv": [ 4.0, 6.0, 4.499999992549419, 7.0 ] }
            }
        },
        {
            "name": "Cube",
            "from": [ 11.80000002682209, 5.0, 3.0 ], 
            "to": [ 12.30000001937151, 6.0, 4.0 ], 
            "faces": {
                "north": { "texture": "#1", "uv": [ 4.0, 6.0, 4.499999992549419, 7.0 ] },
                "east": { "texture": "#1", "uv": [ 4.0, 6.0, 4.0, 7.0 ] },
                "south": { "texture": "#1", "uv": [ 4.0, 6.0, 4.499999992549419, 7.0 ] },
                "west": { "texture": "#1", "uv": [ 4.0, 6.0, 4.0, 7.0 ] },
                "up": { "texture": "#1", "uv": [ 4.0, 6.0, 4.499999992549419, 7.0 ] },
                "down": { "texture": "#1", "uv": [ 4.0, 6.0, 4.499999992549419, 7.0 ] }
            }
        },
        {
            "name": "Cube",
            "from": [ 10.50000000745058, 4.499999992549419, 3.0 ], 
            "to": [ 12.0, 4.999999985098839, 4.0 ], 
            "faces": {
                "north": { "texture": "#1", "uv": [ 3.0, 7.0, 3.4999999925494194, 7.499999992549419 ] },
                "east": { "texture": "#1", "uv": [ 3.0, 7.0, 3.0, 7.499999992549419 ] },
                "south": { "texture": "#1", "uv": [ 4.0, 7.0, 3.4999999925494194, 7.499999992549419 ] },
                "west": { "texture": "#1", "uv": [ 3.0, 7.0, 4.0, 7.499999992549419 ] },
                "up": { "texture": "#1", "uv": [ 3.0, 7.0, 3.4999999925494194, 7.0 ] },
                "down": { "texture": "#1", "uv": [ 4.0, 7.0, 4.499999992549419, 7.0 ] }
            }
        },
        {
            "name": "Cube",
            "from": [ 10.50000000745058, 5.999999985098839, 3.0 ], 
            "to": [ 12.0, 6.499999977648258, 4.0 ], 
            "faces": {
                "north": { "texture": "#1", "uv": [ 4.0, 6.0, 4.499999992549419, 6.499999992549419 ] },
                "east": { "texture": "#1", "uv": [ 4.0, 7.0, 4.0, 7.499999992549419 ] },
                "south": { "texture": "#1", "uv": [ 4.0, 6.0, 4.499999992549419, 6.499999992549419 ] },
                "west": { "texture": "#1", "uv": [ 4.0, 6.0, 4.0, 6.499999992549419 ] },
                "up": { "texture": "#1", "uv": [ 4.0, 6.0, 4.499999992549419, 6.0 ] },
                "down": { "texture": "#1", "uv": [ 4.0, 6.0, 4.499999992549419, 7.0 ] }
            }
        },
        {
            "name": "Cube",
            "from": [ 10.700000010430813, 5.0, 3.0 ], 
            "to": [ 11.800000011920929, 6.0, 4.0 ], 
            "faces": {
                "north": { "texture": "#1", "uv": [ 3.0, 6.0, 4.100000001490116, 7.0 ] },
                "east": { "texture": "#1", "uv": [ 4.0, 12.0, 5.0, 13.0 ] },
                "south": { "texture": "#1", "uv": [ 5.0, 11.0, 6.100000001490116, 12.0 ] },
                "west": { "texture": "#1", "uv": [ 4.0, 12.0, 5.0, 13.0 ] },
                "up": { "texture": "#1", "uv": [ 10.0, 11.0, 11.100000001490116, 12.0 ] },
                "down": { "texture": "#1", "uv": [ 9.0, 12.0, 10.100000001490116, 13.0 ] }
            }
        },
        {
            "name": "Cube",
            "from": [ 4.200000002980232, 5.0, 3.0 ], 
            "to": [ 4.699999995529652, 6.0, 4.0 ], 
            "faces": {
                "north": { "texture": "#1", "uv": [ 4.0, 6.0, 4.499999992549419, 7.0 ] },
                "east": { "texture": "#1", "uv": [ 4.0, 6.0, 4.0, 7.0 ] },
                "south": { "texture": "#1", "uv": [ 4.0, 6.0, 4.499999992549419, 7.0 ] },
                "west": { "texture": "#1", "uv": [ 3.0, 7.0, 4.0, 8.0 ] },
                "up": { "texture": "#1", "uv": [ 4.0, 6.0, 4.499999992549419, 7.0 ] },
                "down": { "texture": "#1", "uv": [ 4.0, 6.0, 4.499999992549419, 7.0 ] }
            }
        },
        {
            "name": "Cube",
            "from": [ 4.700000010430813, 5.0, 3.0 ], 
            "to": [ 5.800000011920929, 6.0, 4.0 ], 
            "faces": {
                "north": { "texture": "#1", "uv": [ 3.0, 6.0, 4.100000001490116, 7.0 ] },
                "east": { "texture": "#1", "uv": [ 4.0, 12.0, 5.0, 13.0 ] },
                "south": { "texture": "#1", "uv": [ 5.0, 11.0, 6.100000001490116, 12.0 ] },
                "west": { "texture": "#1", "uv": [ 4.0, 12.0, 5.0, 13.0 ] },
                "up": { "texture": "#1", "uv": [ 10.0, 11.0, 11.100000001490116, 12.0 ] },
                "down": { "texture": "#1", "uv": [ 9.0, 12.0, 10.100000001490116, 13.0 ] }
            }
        },
        {
            "name": "Cube",
            "from": [ 5.80000002682209, 5.0, 3.0 ], 
            "to": [ 6.3000000193715096, 6.0, 4.0 ], 
            "faces": {
                "north": { "texture": "#1", "uv": [ 4.0, 6.0, 4.499999992549419, 7.0 ] },
                "east": { "texture": "#1", "uv": [ 4.0, 6.0, 4.0, 7.0 ] },
                "south": { "texture": "#1", "uv": [ 4.0, 6.0, 4.499999992549419, 7.0 ] },
                "west": { "texture": "#1", "uv": [ 4.0, 6.0, 4.0, 7.0 ] },
                "up": { "texture": "#1", "uv": [ 4.0, 6.0, 4.499999992549419, 7.0 ] },
                "down": { "texture": "#1", "uv": [ 4.0, 6.0, 4.499999992549419, 7.0 ] }
            }
        },
        {
            "name": "Cube",
            "from": [ 4.500000007450581, 5.999999985098839, 3.0 ], 
            "to": [ 6.0, 6.499999977648258, 4.0 ], 
            "faces": {
                "north": { "texture": "#1", "uv": [ 4.0, 6.0, 4.499999992549419, 6.499999992549419 ] },
                "east": { "texture": "#1", "uv": [ 4.0, 7.0, 4.0, 7.499999992549419 ] },
                "south": { "texture": "#1", "uv": [ 4.0, 6.0, 4.499999992549419, 6.499999992549419 ] },
                "west": { "texture": "#1", "uv": [ 4.0, 6.0, 4.0, 6.499999992549419 ] },
                "up": { "texture": "#1", "uv": [ 4.0, 6.0, 4.499999992549419, 6.0 ] },
                "down": { "texture": "#1", "uv": [ 4.0, 6.0, 4.499999992549419, 7.0 ] }
            }
        },
        {
            "name": "Cube",
            "from": [ 4.500000007450581, 4.499999992549419, 3.0 ], 
            "to": [ 6.0, 4.999999985098839, 4.0 ], 
            "faces": {
                "north": { "texture": "#1", "uv": [ 3.0, 7.0, 3.4999999925494194, 7.499999992549419 ] },
                "east": { "texture": "#1", "uv": [ 3.0, 7.0, 3.0, 7.499999992549419 ] },
                "south": { "texture": "#1", "uv": [ 4.0, 7.0, 3.4999999925494194, 7.499999992549419 ] },
                "west": { "texture": "#1", "uv": [ 3.0, 7.0, 4.0, 7.499999992549419 ] },
                "up": { "texture": "#1", "uv": [ 3.0, 7.0, 3.4999999925494194, 7.0 ] },
                "down": { "texture": "#1", "uv": [ 4.0, 7.0, 4.499999992549419, 7.0 ] }
            }
        },
        {
            "name": "Cube",
            "from": [ 4.000000014901161, 2.0, 3.0 ], 
            "to": [ 6.600000008940697, 2.299999989569187, 3.4999999925494194 ], 
            "faces": {
                "north": { "texture": "#1", "uv": [ 4.0, 12.0, 6.5999999940395355, 12.299999989569187 ] },
                "east": { "texture": "#1", "uv": [ 6.0, 12.0, 6.499999992549419, 12.299999989569187 ] },
                "south": { "texture": "#1", "uv": [ 6.0, 12.0, 8.599999994039536, 12.299999989569187 ] },
                "west": { "texture": "#1", "uv": [ 10.0, 11.0, 10.49999999254942, 11.299999989569187 ] },
                "up": { "texture": "#1", "uv": [ 4.0, 12.0, 6.5999999940395355, 12.49999999254942 ] },
                "down": { "texture": "#1", "uv": [ 3.0, 12.0, 5.5999999940395355, 12.49999999254942 ] }
            }
        },
        {
            "name": "Cube",
            "from": [ 2.6999999955296516, 4.899999998509884, 3.0 ], 
            "to": [ 3.9999999701976776, 5.199999988079071, 3.4999999925494194 ], 
            "rotation": { "origin": [ 8.0, 8.0, 8.0 ], "axis": "z", "angle": 45.0 },
            "faces": {
                "north": { "texture": "#1", "uv": [ 9.0, 12.0, 10.299999974668026, 12.299999989569187 ] },
                "east": { "texture": "#1", "uv": [ 9.0, 13.0, 9.49999999254942, 13.299999989569187 ] },
                "south": { "texture": "#1", "uv": [ 9.0, 12.0, 10.299999974668026, 12.299999989569187 ] },
                "west": { "texture": "#1", "uv": [ 10.0, 12.0, 10.49999999254942, 12.299999989569187 ] },
                "up": { "texture": "#1", "uv": [ 8.0, 12.0, 9.299999974668026, 12.49999999254942 ] },
                "down": { "texture": "#1", "uv": [ 8.0, 12.0, 9.299999974668026, 12.49999999254942 ] }
            }
        },
        {
            "name": "Cube",
            "from": [ 10.999999985098839, 3.6999999955296516, 3.0 ], 
            "to": [ 11.499999962747097, 3.999999985098839, 3.4999999925494194 ], 
            "rotation": { "origin": [ 8.0, 8.0, 8.0 ], "axis": "z", "angle": -45.0 },
            "faces": {
                "north": { "texture": "#1", "uv": [ 11.0, 12.0, 11.499999977648258, 12.299999989569187 ] },
                "east": { "texture": "#1", "uv": [ 9.0, 12.0, 9.49999999254942, 12.299999989569187 ] },
                "south": { "texture": "#1", "uv": [ 9.0, 12.0, 9.499999977648258, 12.299999989569187 ] },
                "west": { "texture": "#1", "uv": [ 0.0, 0.0, 0.4999999925494194, 0.29999998956918716 ] },
                "up": { "texture": "#1", "uv": [ 10.0, 12.0, 10.499999977648258, 12.49999999254942 ] },
                "down": { "texture": "#1", "uv": [ 7.0, 12.0, 7.499999977648258, 12.49999999254942 ] }
            }
        },
        {
            "name": "Cube",
            "from": [ 3.999999985098839, 4.499999992549419, 3.0 ], 
            "to": [ 5.499999977648258, 4.799999982118607, 3.4999999925494194 ], 
            "rotation": { "origin": [ 8.0, 8.0, 8.0 ], "axis": "z", "angle": 45.0 },
            "faces": {
                "north": { "texture": "#1", "uv": [ 8.0, 13.0, 9.49999999254942, 13.299999989569187 ] },
                "east": { "texture": "#1", "uv": [ 9.0, 12.0, 9.49999999254942, 12.299999989569187 ] },
                "south": { "texture": "#1", "uv": [ 6.0, 12.0, 7.499999992549419, 12.299999989569187 ] },
                "west": { "texture": "#1", "uv": [ 9.0, 12.0, 9.49999999254942, 12.299999989569187 ] },
                "up": { "texture": "#1", "uv": [ 5.0, 12.0, 6.499999992549419, 12.49999999254942 ] },
                "down": { "texture": "#1", "uv": [ 7.0, 12.0, 8.49999999254942, 12.49999999254942 ] }
            }
        },
        {
            "name": "Cube",
            "from": [ 11.399999976158142, 5.200000002980232, 3.0 ], 
            "to": [ 12.899999968707561, 5.499999992549419, 3.4999999925494194 ], 
            "rotation": { "origin": [ 8.0, 8.0, 8.0 ], "axis": "z", "angle": -45.0 },
            "faces": {
                "north": { "texture": "#1", "uv": [ 9.0, 12.0, 10.49999999254942, 12.299999989569187 ] },
                "east": { "texture": "#1", "uv": [ 9.0, 12.0, 9.49999999254942, 12.299999989569187 ] },
                "south": { "texture": "#1", "uv": [ 10.0, 12.0, 11.49999999254942, 12.299999989569187 ] },
                "west": { "texture": "#1", "uv": [ 11.0, 12.0, 11.49999999254942, 12.299999989569187 ] },
                "up": { "texture": "#1", "uv": [ 8.0, 12.0, 9.49999999254942, 12.49999999254942 ] },
                "down": { "texture": "#1", "uv": [ 7.0, 12.0, 8.49999999254942, 12.49999999254942 ] }
            }
        },
        {
            "name": "Cube",
            "from": [ 5.499999992549419, 3.100000001490116, 3.0 ], 
            "to": [ 5.999999970197678, 3.3999999910593033, 3.4999999925494194 ], 
            "rotation": { "origin": [ 8.0, 8.0, 8.0 ], "axis": "z", "angle": 45.0 },
            "faces": {
                "north": { "texture": "#1", "uv": [ 10.0, 12.0, 10.499999977648258, 12.299999989569187 ] },
                "east": { "texture": "#1", "uv": [ 9.0, 11.0, 9.49999999254942, 11.299999989569187 ] },
                "south": { "texture": "#1", "uv": [ 7.0, 12.0, 7.499999977648258, 12.299999989569187 ] },
                "west": { "texture": "#1", "uv": [ 6.0, 12.0, 6.499999992549419, 12.299999989569187 ] },
                "up": { "texture": "#1", "uv": [ 9.0, 12.0, 9.499999977648258, 12.49999999254942 ] },
                "down": { "texture": "#1", "uv": [ 10.0, 12.0, 10.499999977648258, 12.49999999254942 ] }
            }
        },
        {
            "name": "Cube",
            "from": [ 12.899999983608723, 5.699999995529652, 3.0 ], 
            "to": [ 14.099999971687794, 5.999999985098839, 3.4999999925494194 ], 
            "rotation": { "origin": [ 8.0, 8.0, 8.0 ], "axis": "z", "angle": -45.0 },
            "faces": {
                "north": { "texture": "#1", "uv": [ 6.0, 12.0, 7.199999988079071, 12.299999989569187 ] },
                "east": { "texture": "#1", "uv": [ 5.0, 12.0, 5.499999992549419, 12.299999989569187 ] },
                "south": { "texture": "#1", "uv": [ 7.0, 12.0, 8.199999988079071, 12.299999989569187 ] },
                "west": { "texture": "#1", "uv": [ 6.0, 12.0, 6.499999992549419, 12.299999989569187 ] },
                "up": { "texture": "#1", "uv": [ 4.0, 12.0, 5.199999988079071, 12.49999999254942 ] },
                "down": { "texture": "#1", "uv": [ 5.0, 12.0, 6.199999988079071, 12.49999999254942 ] }
            }
        },
        {
            "name": "Cube",
            "from": [ 10.600000023841858, 2.0, 3.0 ], 
            "to": [ 13.600000008940697, 2.299999989569187, 3.4999999925494194 ], 
            "faces": {
                "north": { "texture": "#1", "uv": [ 5.0, 12.0, 7.999999985098839, 12.299999989569187 ] },
                "east": { "texture": "#1", "uv": [ 5.0, 12.0, 5.499999992549419, 12.299999989569187 ] },
                "south": { "texture": "#1", "uv": [ 4.0, 12.0, 6.999999985098839, 12.299999989569187 ] },
                "west": { "texture": "#1", "uv": [ 7.0, 12.0, 7.499999992549419, 12.299999989569187 ] },
                "up": { "texture": "#1", "uv": [ 3.0, 12.0, 5.999999985098839, 12.49999999254942 ] },
                "down": { "texture": "#1", "uv": [ 4.0, 12.0, 6.999999985098839, 12.49999999254942 ] }
            }
        },
        {
            "name": "Cube",
            "from": [ 5.499999992549419, 10.200000002980232, 7.0 ], 
            "to": [ 5.799999982118607, 11.200000002980232, 7.299999989569187 ], 
            "faces": {
                "north": { "texture": "#1", "uv": [ 10.0, 12.0, 10.299999989569187, 13.0 ] },
                "east": { "texture": "#1", "uv": [ 10.0, 11.0, 10.299999989569187, 12.0 ] },
                "south": { "texture": "#1", "uv": [ 11.0, 12.0, 11.299999989569187, 13.0 ] },
                "west": { "texture": "#1", "uv": [ 10.0, 12.0, 10.299999989569187, 13.0 ] },
                "up": { "texture": "#1", "uv": [ 11.0, 11.0, 11.299999989569187, 11.299999989569187 ] },
                "down": { "texture": "#1", "uv": [ 9.0, 12.0, 9.299999989569187, 12.299999989569187 ] }
            }
        },
        {
            "name": "Cube",
            "from": [ 10.49999999254942, 10.200000002980232, 7.0 ], 
            "to": [ 10.799999982118607, 11.200000002980232, 7.299999989569187 ], 
            "faces": {
                "north": { "texture": "#1", "uv": [ 10.0, 11.0, 10.299999989569187, 12.0 ] },
                "east": { "texture": "#1", "uv": [ 9.0, 12.0, 9.299999989569187, 13.0 ] },
                "south": { "texture": "#1", "uv": [ 11.0, 11.0, 11.299999989569187, 12.0 ] },
                "west": { "texture": "#1", "uv": [ 11.0, 11.0, 11.299999989569187, 12.0 ] },
                "up": { "texture": "#1", "uv": [ 10.0, 11.0, 10.299999989569187, 11.299999989569187 ] },
                "down": { "texture": "#1", "uv": [ 10.0, 12.0, 10.299999989569187, 12.299999989569187 ] }
            }
        },
        {
            "name": "Cube",
            "from": [ 10.699999995529652, 11.200000002980232, 7.0 ], 
            "to": [ 10.999999985098839, 12.200000002980232, 7.299999989569187 ], 
            "faces": {
                "north": { "texture": "#1", "uv": [ 9.0, 11.0, 9.299999989569187, 12.0 ] },
                "east": { "texture": "#1", "uv": [ 9.0, 11.0, 9.299999989569187, 12.0 ] },
                "south": { "texture": "#1", "uv": [ 10.0, 12.0, 10.299999989569187, 13.0 ] },
                "west": { "texture": "#1", "uv": [ 9.0, 12.0, 9.299999989569187, 13.0 ] },
                "up": { "texture": "#1", "uv": [ 11.0, 12.0, 11.299999989569187, 12.299999989569187 ] },
                "down": { "texture": "#1", "uv": [ 10.0, 13.0, 10.299999989569187, 13.299999989569187 ] }
            }
        },
        {
            "name": "Cube",
            "from": [ 5.299999989569187, 11.200000002980232, 7.0 ], 
            "to": [ 5.599999979138374, 12.200000002980232, 7.299999989569187 ], 
            "faces": {
                "north": { "texture": "#1", "uv": [ 9.0, 11.0, 9.299999989569187, 12.0 ] },
                "east": { "texture": "#1", "uv": [ 9.0, 12.0, 9.299999989569187, 13.0 ] },
                "south": { "texture": "#1", "uv": [ 10.0, 11.0, 10.299999989569187, 12.0 ] },
                "west": { "texture": "#1", "uv": [ 10.0, 12.0, 10.299999989569187, 13.0 ] },
                "up": { "texture": "#1", "uv": [ 10.0, 11.0, 10.299999989569187, 11.299999989569187 ] },
                "down": { "texture": "#1", "uv": [ 11.0, 12.0, 11.299999989569187, 12.299999989569187 ] }
            }
        },
        {
            "name": "Cube",
            "from": [ 5.099999986588955, 12.200000002980232, 7.0 ], 
            "to": [ 5.399999976158142, 13.200000002980232, 7.299999989569187 ], 
            "faces": {
                "north": { "texture": "#1", "uv": [ 10.0, 12.0, 10.299999989569187, 13.0 ] },
                "east": { "texture": "#1", "uv": [ 9.0, 11.0, 9.299999989569187, 12.0 ] },
                "south": { "texture": "#1", "uv": [ 10.0, 11.0, 10.299999989569187, 12.0 ] },
                "west": { "texture": "#1", "uv": [ 10.0, 12.0, 10.299999989569187, 13.0 ] },
                "up": { "texture": "#1", "uv": [ 10.0, 12.0, 10.299999989569187, 12.299999989569187 ] },
                "down": { "texture": "#1", "uv": [ 10.0, 12.0, 10.299999989569187, 12.299999989569187 ] }
            }
        },
        {
            "name": "Cube",
            "from": [ 10.899999983608723, 12.200000002980232, 7.0 ], 
            "to": [ 11.19999997317791, 13.200000002980232, 7.299999989569187 ], 
            "faces": {
                "north": { "texture": "#1", "uv": [ 11.0, 12.0, 11.299999989569187, 13.0 ] },
                "east": { "texture": "#1", "uv": [ 9.0, 12.0, 9.299999989569187, 13.0 ] },
                "south": { "texture": "#1", "uv": [ 10.0, 12.0, 10.299999989569187, 13.0 ] },
                "west": { "texture": "#1", "uv": [ 9.0, 11.0, 9.299999989569187, 12.0 ] },
                "up": { "texture": "#1", "uv": [ 10.0, 12.0, 10.299999989569187, 12.299999989569187 ] },
                "down": { "texture": "#1", "uv": [ 10.0, 12.0, 10.299999989569187, 12.299999989569187 ] }
            }
        },
        {
            "name": "Cube",
            "from": [ 11.099999986588955, 13.200000002980232, 7.0 ], 
            "to": [ 11.399999976158142, 14.200000002980232, 7.299999989569187 ], 
            "faces": {
                "north": { "texture": "#1", "uv": [ 10.0, 11.0, 10.299999989569187, 12.0 ] },
                "east": { "texture": "#1", "uv": [ 9.0, 12.0, 9.299999989569187, 13.0 ] },
                "south": { "texture": "#1", "uv": [ 9.0, 12.0, 9.299999989569187, 13.0 ] },
                "west": { "texture": "#1", "uv": [ 10.0, 12.0, 10.299999989569187, 13.0 ] },
                "up": { "texture": "#1", "uv": [ 11.0, 12.0, 11.299999989569187, 12.299999989569187 ] },
                "down": { "texture": "#1", "uv": [ 11.0, 12.0, 11.299999989569187, 12.299999989569187 ] }
            }
        },
        {
            "name": "Cube",
            "from": [ 4.899999983608723, 13.200000002980232, 7.0 ], 
            "to": [ 5.19999997317791, 14.200000002980232, 7.299999989569187 ], 
            "faces": {
                "north": { "texture": "#1", "uv": [ 10.0, 12.0, 10.299999989569187, 13.0 ] },
                "east": { "texture": "#1", "uv": [ 11.0, 12.0, 11.299999989569187, 13.0 ] },
                "south": { "texture": "#1", "uv": [ 10.0, 11.0, 10.299999989569187, 12.0 ] },
                "west": { "texture": "#1", "uv": [ 11.0, 11.0, 11.299999989569187, 12.0 ] },
                "up": { "texture": "#1", "uv": [ 11.0, 11.0, 11.299999989569187, 11.299999989569187 ] },
                "down": { "texture": "#1", "uv": [ 9.0, 11.0, 9.299999989569187, 11.299999989569187 ] }
            }
        },
        {
            "name": "Cube",
            "from": [ 4.6999999806284904, 14.200000002980232, 6.899999998509884 ], 
            "to": [ 5.399999976158142, 14.399999991059303, 7.5999999940395355 ], 
            "faces": {
                "north": { "texture": "#0", "uv": [ 6.0, 4.0, 6.699999995529652, 4.199999988079071 ] },
                "east": { "texture": "#0", "uv": [ 7.0, 4.0, 7.699999995529652, 4.199999988079071 ] },
                "south": { "texture": "#0", "uv": [ 7.0, 4.0, 7.699999995529652, 4.199999988079071 ] },
                "west": { "texture": "#0", "uv": [ 7.0, 4.0, 7.699999995529652, 4.199999988079071 ] },
                "up": { "texture": "#0", "uv": [ 8.0, 4.0, 8.699999995529652, 4.699999995529652 ] },
                "down": { "texture": "#0", "uv": [ 7.0, 4.0, 7.699999995529652, 4.699999995529652 ] }
            }
        },
        {
            "name": "Cube",
            "from": [ 4.599999979138374, 14.400000005960464, 6.799999997019768 ], 
            "to": [ 5.499999977648258, 14.599999994039536, 7.699999995529652 ], 
            "faces": {
                "north": { "texture": "#0", "uv": [ 6.0, 4.0, 6.899999998509884, 4.199999988079071 ] },
                "east": { "texture": "#0", "uv": [ 6.0, 4.0, 6.899999998509884, 4.199999988079071 ] },
                "south": { "texture": "#0", "uv": [ 8.0, 4.0, 8.899999998509884, 4.199999988079071 ] },
                "west": { "texture": "#0", "uv": [ 7.0, 4.0, 7.899999998509884, 4.199999988079071 ] },
                "up": { "texture": "#0", "uv": [ 5.0, 4.0, 5.899999998509884, 4.899999998509884 ] },
                "down": { "texture": "#0", "uv": [ 5.0, 4.0, 5.899999998509884, 4.899999998509884 ] }
            }
        },
        {
            "name": "Cube",
            "from": [ 4.6999999806284904, 14.600000008940697, 6.899999998509884 ], 
            "to": [ 5.399999976158142, 14.799999997019768, 7.5999999940395355 ], 
            "faces": {
                "north": { "texture": "#0", "uv": [ 5.0, 4.0, 5.699999995529652, 4.199999988079071 ] },
                "east": { "texture": "#0", "uv": [ 7.0, 4.0, 7.699999995529652, 4.199999988079071 ] },
                "south": { "texture": "#0", "uv": [ 6.0, 4.0, 6.699999995529652, 4.199999988079071 ] },
                "west": { "texture": "#0", "uv": [ 9.0, 4.0, 9.699999995529652, 4.199999988079071 ] },
                "up": { "texture": "#0", "uv": [ 6.0, 4.0, 6.699999995529652, 4.699999995529652 ] },
                "down": { "texture": "#0", "uv": [ 6.0, 4.0, 6.699999995529652, 4.699999995529652 ] }
            }
        },
        {
            "name": "Cube",
            "from": [ 10.999999985098839, 14.600000008940697, 6.899999998509884 ], 
            "to": [ 11.69999998062849, 14.799999997019768, 7.5999999940395355 ], 
            "faces": {
                "north": { "texture": "#0", "uv": [ 5.0, 4.0, 5.699999995529652, 4.199999988079071 ] },
                "east": { "texture": "#0", "uv": [ 5.0, 4.0, 5.699999995529652, 4.199999988079071 ] },
                "south": { "texture": "#0", "uv": [ 7.0, 4.0, 7.699999995529652, 4.199999988079071 ] },
                "west": { "texture": "#0", "uv": [ 6.0, 4.0, 6.699999995529652, 4.199999988079071 ] },
                "up": { "texture": "#0", "uv": [ 9.0, 5.0, 9.699999995529652, 4.699999995529652 ] },
                "down": { "texture": "#0", "uv": [ 9.0, 4.0, 9.699999995529652, 4.699999995529652 ] }
            }
        },
        {
            "name": "Cube",
            "from": [ 10.899999983608723, 14.400000005960464, 6.799999997019768 ], 
            "to": [ 11.799999982118607, 14.599999994039536, 7.699999995529652 ], 
            "faces": {
                "north": { "texture": "#0", "uv": [ 7.0, 4.0, 7.899999998509884, 4.199999988079071 ] },
                "east": { "texture": "#0", "uv": [ 8.0, 4.0, 8.899999998509884, 4.199999988079071 ] },
                "south": { "texture": "#0", "uv": [ 8.0, 4.0, 8.899999998509884, 4.199999988079071 ] },
                "west": { "texture": "#0", "uv": [ 8.0, 4.0, 8.899999998509884, 4.199999988079071 ] },
                "up": { "texture": "#0", "uv": [ 6.0, 4.0, 6.899999998509884, 4.899999998509884 ] },
                "down": { "texture": "#0", "uv": [ 7.0, 4.0, 7.899999998509884, 4.899999998509884 ] }
            }
        },
        {
            "name": "Cube",
            "from": [ 10.999999985098839, 14.200000002980232, 6.899999998509884 ], 
            "to": [ 11.69999998062849, 14.399999991059303, 7.5999999940395355 ], 
            "faces": {
                "north": { "texture": "#0", "uv": [ 7.0, 4.0, 7.699999995529652, 4.199999988079071 ] },
                "east": { "texture": "#0", "uv": [ 8.0, 4.0, 8.699999995529652, 4.199999988079071 ] },
                "south": { "texture": "#0", "uv": [ 7.0, 4.0, 7.699999995529652, 4.199999988079071 ] },
                "west": { "texture": "#0", "uv": [ 5.0, 4.0, 5.699999995529652, 4.199999988079071 ] },
                "up": { "texture": "#0", "uv": [ 7.0, 4.0, 7.699999995529652, 4.699999995529652 ] },
                "down": { "texture": "#0", "uv": [ 5.0, 4.0, 5.699999995529652, 4.699999995529652 ] }
    }
}
],
"display": {
    "head": {
        "rotation": [ 0, 0, 0 ],
        "translation": [ -0.50, 3.00, 0.50 ],
        "scale": [ 1.90, 1.90, 1.90 ]
    },
    "gui": {
        "rotation": [ 30, 316, 0 ],
        "translation": [ -1.25, 0.75, 0.50 ],
        "scale": [ 2.00, 2.00, 2.00 ]
    }
}
}