{
	"__comment": "Designed by Colin0904 with Cubik Studio - https://cubik.studio",
	"textures": {
		"skeleton": "blocks/skeleton"
	},
	"elements": [
		{
			"__comment": "Voxels-F4F4F4",
			"from": [ 4, 2.5, 9 ],
			"to": [ 10.5, 5, 10 ],
			"faces": {
				"down": { "uv": [ 4.96, 0.96, 7.04, 3.04 ], "texture": "#skeleton" },
				"up": { "uv": [ 4.96, 0.96, 7.04, 3.04 ], "texture": "#skeleton" },
				"north": { "uv": [ 4.96, 0.96, 7.04, 3.04 ], "texture": "#skeleton" },
				"south": { "uv": [ 4.96, 0.96, 7.04, 3.04 ], "texture": "#skeleton" },
				"west": { "uv": [ 4.96, 0.96, 7.04, 3.04 ], "texture": "#skeleton" },
				"east": { "uv": [ 4.96, 0.96, 7.04, 3.04 ], "texture": "#skeleton" }
			}
		},
		{
			"__comment": "Voxels-F4F4F4",
			"from": [ 4, 3, 10 ],
			"to": [ 10, 7, 10.5 ],
			"faces": {
				"down": { "uv": [ 4.96, 0.96, 7.04, 3.04 ], "texture": "#skeleton" },
				"up": { "uv": [ 4.96, 0.96, 7.04, 3.04 ], "texture": "#skeleton" },
				"north": { "uv": [ 4.96, 0.96, 7.04, 3.04 ], "texture": "#skeleton" },
				"south": { "uv": [ 4.96, 0.96, 7.04, 3.04 ], "texture": "#skeleton" },
				"west": { "uv": [ 4.96, 0.96, 7.04, 3.04 ], "texture": "#skeleton" },
				"east": { "uv": [ 4.96, 0.96, 7.04, 3.04 ], "texture": "#skeleton" }
			}
		},
		{
			"__comment": "Voxels-F4F4F4",
			"from": [ 4, 3.5, 10.5 ],
			"to": [ 9.5, 5, 11 ],
			"faces": {
				"down": { "uv": [ 4.96, 0.96, 7.04, 3.04 ], "texture": "#skeleton" },
				"up": { "uv": [ 4.96, 0.96, 7.04, 3.04 ], "texture": "#skeleton" },
				"north": { "uv": [ 4.96, 0.96, 7.04, 3.04 ], "texture": "#skeleton" },
				"south": { "uv": [ 4.96, 0.96, 7.04, 3.04 ], "texture": "#skeleton" },
				"west": { "uv": [ 4.96, 0.96, 7.04, 3.04 ], "texture": "#skeleton" },
				"east": { "uv": [ 4.96, 0.96, 7.04, 3.04 ], "texture": "#skeleton" }
			}
		},
		{
			"__comment": "Voxels-312E33",
			"from": [ 4, 4.5, 2 ],
			"to": [ 12, 5, 2.5 ],
			"faces": {
				"down": { "uv": [ 4.96, 4.96, 7.04, 7.04 ], "texture": "#skeleton" },
				"up": { "uv": [ 4.96, 4.96, 7.04, 7.04 ], "texture": "#skeleton" },
				"north": { "uv": [ 4.96, 4.96, 7.04, 7.04 ], "texture": "#skeleton" },
				"south": { "uv": [ 4.96, 4.96, 7.04, 7.04 ], "texture": "#skeleton" },
				"west": { "uv": [ 4.96, 4.96, 7.04, 7.04 ], "texture": "#skeleton" },
				"east": { "uv": [ 4.96, 4.96, 7.04, 7.04 ], "texture": "#skeleton" }
			}
		},
		{
			"__comment": "Voxels-312E33",
			"from": [ 4, 4.5, 2.5 ],
			"to": [ 4.5, 5, 9 ],
			"faces": {
				"down": { "uv": [ 4.96, 4.96, 7.04, 7.04 ], "texture": "#skeleton" },
				"up": { "uv": [ 4.96, 4.96, 7.04, 7.04 ], "texture": "#skeleton" },
				"north": { "uv": [ 4.96, 4.96, 7.04, 7.04 ], "texture": "#skeleton" },
				"south": { "uv": [ 4.96, 4.96, 7.04, 7.04 ], "texture": "#skeleton" },
				"west": { "uv": [ 4.96, 4.96, 7.04, 7.04 ], "texture": "#skeleton" },
				"east": { "uv": [ 4.96, 4.96, 7.04, 7.04 ], "texture": "#skeleton" }
			}
		},
		{
			"__comment": "Voxels-373439",
			"from": [ 4, 5, 2 ],
			"to": [ 12, 5.5, 2.5 ],
			"faces": {
				"down": { "uv": [ 8.96, 4.96, 11.04, 7.04 ], "texture": "#skeleton" },
				"up": { "uv": [ 8.96, 4.96, 11.04, 7.04 ], "texture": "#skeleton" },
				"north": { "uv": [ 8.96, 4.96, 11.04, 7.04 ], "texture": "#skeleton" },
				"south": { "uv": [ 8.96, 4.96, 11.04, 7.04 ], "texture": "#skeleton" },
				"west": { "uv": [ 8.96, 4.96, 11.04, 7.04 ], "texture": "#skeleton" },
				"east": { "uv": [ 8.96, 4.96, 11.04, 7.04 ], "texture": "#skeleton" }
			}
		},
		{
			"__comment": "Voxels-373439",
			"from": [ 4, 5, 2.5 ],
			"to": [ 4.5, 5.5, 9 ],
			"faces": {
				"down": { "uv": [ 8.96, 4.96, 11.04, 7.04 ], "texture": "#skeleton" },
				"up": { "uv": [ 8.96, 4.96, 11.04, 7.04 ], "texture": "#skeleton" },
				"north": { "uv": [ 8.96, 4.96, 11.04, 7.04 ], "texture": "#skeleton" },
				"south": { "uv": [ 8.96, 4.96, 11.04, 7.04 ], "texture": "#skeleton" },
				"west": { "uv": [ 8.96, 4.96, 11.04, 7.04 ], "texture": "#skeleton" },
				"east": { "uv": [ 8.96, 4.96, 11.04, 7.04 ], "texture": "#skeleton" }
			}
		},
		{
			"__comment": "Voxels-F4F4F4",
			"from": [ 4, 5, 9 ],
			"to": [ 6.5, 7, 10 ],
			"faces": {
				"down": { "uv": [ 4.96, 0.96, 7.04, 3.04 ], "texture": "#skeleton" },
				"up": { "uv": [ 4.96, 0.96, 7.04, 3.04 ], "texture": "#skeleton" },
				"north": { "uv": [ 4.96, 0.96, 7.04, 3.04 ], "texture": "#skeleton" },
				"south": { "uv": [ 4.96, 0.96, 7.04, 3.04 ], "texture": "#skeleton" },
				"west": { "uv": [ 4.96, 0.96, 7.04, 3.04 ], "texture": "#skeleton" },
				"east": { "uv": [ 4.96, 0.96, 7.04, 3.04 ], "texture": "#skeleton" }
			}
		},
		{
			"__comment": "Voxels-F4F4F4",
			"from": [ 4, 5, 10.5 ],
			"to": [ 6.5, 6.5, 11 ],
			"faces": {
				"down": { "uv": [ 4.96, 0.96, 7.04, 3.04 ], "texture": "#skeleton" },
				"up": { "uv": [ 4.96, 0.96, 7.04, 3.04 ], "texture": "#skeleton" },
				"north": { "uv": [ 4.96, 0.96, 7.04, 3.04 ], "texture": "#skeleton" },
				"south": { "uv": [ 4.96, 0.96, 7.04, 3.04 ], "texture": "#skeleton" },
				"west": { "uv": [ 4.96, 0.96, 7.04, 3.04 ], "texture": "#skeleton" },
				"east": { "uv": [ 4.96, 0.96, 7.04, 3.04 ], "texture": "#skeleton" }
			}
		},
		{
			"__comment": "Voxels-FDFFFE",
			"from": [ 4, 7, 9 ],
			"to": [ 4.5, 7.5, 9.5 ],
			"faces": {
				"down": { "uv": [ 8.96, 0.96, 11.04, 3.04 ], "texture": "#skeleton" },
				"up": { "uv": [ 8.96, 0.96, 11.04, 3.04 ], "texture": "#skeleton" },
				"north": { "uv": [ 8.96, 0.96, 11.04, 3.04 ], "texture": "#skeleton" },
				"south": { "uv": [ 8.96, 0.96, 11.04, 3.04 ], "texture": "#skeleton" },
				"west": { "uv": [ 8.96, 0.96, 11.04, 3.04 ], "texture": "#skeleton" },
				"east": { "uv": [ 8.96, 0.96, 11.04, 3.04 ], "texture": "#skeleton" }
			}
		},
		{
			"__comment": "Voxels-F4F4F4",
			"from": [ 4, 7, 9.5 ],
			"to": [ 11.5, 7.5, 10 ],
			"faces": {
				"down": { "uv": [ 4.96, 0.96, 7.04, 3.04 ], "texture": "#skeleton" },
				"up": { "uv": [ 4.96, 0.96, 7.04, 3.04 ], "texture": "#skeleton" },
				"north": { "uv": [ 4.96, 0.96, 7.04, 3.04 ], "texture": "#skeleton" },
				"south": { "uv": [ 4.96, 0.96, 7.04, 3.04 ], "texture": "#skeleton" },
				"west": { "uv": [ 4.96, 0.96, 7.04, 3.04 ], "texture": "#skeleton" },
				"east": { "uv": [ 4.96, 0.96, 7.04, 3.04 ], "texture": "#skeleton" }
			}
		},
		{
			"__comment": "Voxels-F4F4F4",
			"from": [ 4.5, 1.5, 9 ],
			"to": [ 10.5, 2.5, 9.5 ],
			"faces": {
				"down": { "uv": [ 4.96, 0.96, 7.04, 3.04 ], "texture": "#skeleton" },
				"up": { "uv": [ 4.96, 0.96, 7.04, 3.04 ], "texture": "#skeleton" },
				"north": { "uv": [ 4.96, 0.96, 7.04, 3.04 ], "texture": "#skeleton" },
				"south": { "uv": [ 4.96, 0.96, 7.04, 3.04 ], "texture": "#skeleton" },
				"west": { "uv": [ 4.96, 0.96, 7.04, 3.04 ], "texture": "#skeleton" },
				"east": { "uv": [ 4.96, 0.96, 7.04, 3.04 ], "texture": "#skeleton" }
			}
		},
		{
			"__comment": "Voxels-F4F4F4",
			"from": [ 4.5, 2, 9.5 ],
			"to": [ 11, 2.5, 10.5 ],
			"faces": {
				"down": { "uv": [ 4.96, 0.96, 7.04, 3.04 ], "texture": "#skeleton" },
				"up": { "uv": [ 4.96, 0.96, 7.04, 3.04 ], "texture": "#skeleton" },
				"north": { "uv": [ 4.96, 0.96, 7.04, 3.04 ], "texture": "#skeleton" },
				"south": { "uv": [ 4.96, 0.96, 7.04, 3.04 ], "texture": "#skeleton" },
				"west": { "uv": [ 4.96, 0.96, 7.04, 3.04 ], "texture": "#skeleton" },
				"east": { "uv": [ 4.96, 0.96, 7.04, 3.04 ], "texture": "#skeleton" }
			}
		},
		{
			"__comment": "Voxels-F4F4F4",
			"from": [ 4.5, 2.5, 10 ],
			"to": [ 10, 3, 11 ],
			"faces": {
				"down": { "uv": [ 4.96, 0.96, 7.04, 3.04 ], "texture": "#skeleton" },
				"up": { "uv": [ 4.96, 0.96, 7.04, 3.04 ], "texture": "#skeleton" },
				"north": { "uv": [ 4.96, 0.96, 7.04, 3.04 ], "texture": "#skeleton" },
				"south": { "uv": [ 4.96, 0.96, 7.04, 3.04 ], "texture": "#skeleton" },
				"west": { "uv": [ 4.96, 0.96, 7.04, 3.04 ], "texture": "#skeleton" },
				"east": { "uv": [ 4.96, 0.96, 7.04, 3.04 ], "texture": "#skeleton" }
			}
		},
		{
			"__comment": "Voxels-F4F4F4",
			"from": [ 4.5, 3, 10.5 ],
			"to": [ 9.5, 3.5, 11.5 ],
			"faces": {
				"down": { "uv": [ 4.96, 0.96, 7.04, 3.04 ], "texture": "#skeleton" },
				"up": { "uv": [ 4.96, 0.96, 7.04, 3.04 ], "texture": "#skeleton" },
				"north": { "uv": [ 4.96, 0.96, 7.04, 3.04 ], "texture": "#skeleton" },
				"south": { "uv": [ 4.96, 0.96, 7.04, 3.04 ], "texture": "#skeleton" },
				"west": { "uv": [ 4.96, 0.96, 7.04, 3.04 ], "texture": "#skeleton" },
				"east": { "uv": [ 4.96, 0.96, 7.04, 3.04 ], "texture": "#skeleton" }
			}
		},
		{
			"__comment": "Voxels-F4F4F4",
			"from": [ 4.5, 3.5, 11 ],
			"to": [ 11, 5, 11.5 ],
			"faces": {
				"down": { "uv": [ 4.96, 0.96, 7.04, 3.04 ], "texture": "#skeleton" },
				"up": { "uv": [ 4.96, 0.96, 7.04, 3.04 ], "texture": "#skeleton" },
				"north": { "uv": [ 4.96, 0.96, 7.04, 3.04 ], "texture": "#skeleton" },
				"south": { "uv": [ 4.96, 0.96, 7.04, 3.04 ], "texture": "#skeleton" },
				"west": { "uv": [ 4.96, 0.96, 7.04, 3.04 ], "texture": "#skeleton" },
				"east": { "uv": [ 4.96, 0.96, 7.04, 3.04 ], "texture": "#skeleton" }
			}
		},
		{
			"__comment": "Voxels-F4F4F4",
			"from": [ 4.5, 5, 11 ],
			"to": [ 6.5, 7, 11.5 ],
			"faces": {
				"down": { "uv": [ 4.96, 0.96, 7.04, 3.04 ], "texture": "#skeleton" },
				"up": { "uv": [ 4.96, 0.96, 7.04, 3.04 ], "texture": "#skeleton" },
				"north": { "uv": [ 4.96, 0.96, 7.04, 3.04 ], "texture": "#skeleton" },
				"south": { "uv": [ 4.96, 0.96, 7.04, 3.04 ], "texture": "#skeleton" },
				"west": { "uv": [ 4.96, 0.96, 7.04, 3.04 ], "texture": "#skeleton" },
				"east": { "uv": [ 4.96, 0.96, 7.04, 3.04 ], "texture": "#skeleton" }
			}
		},
		{
			"__comment": "Voxels-F4F4F4",
			"from": [ 4.5, 6.5, 10.5 ],
			"to": [ 11, 7.5, 11 ],
			"faces": {
				"down": { "uv": [ 4.96, 0.96, 7.04, 3.04 ], "texture": "#skeleton" },
				"up": { "uv": [ 4.96, 0.96, 7.04, 3.04 ], "texture": "#skeleton" },
				"north": { "uv": [ 4.96, 0.96, 7.04, 3.04 ], "texture": "#skeleton" },
				"south": { "uv": [ 4.96, 0.96, 7.04, 3.04 ], "texture": "#skeleton" },
				"west": { "uv": [ 4.96, 0.96, 7.04, 3.04 ], "texture": "#skeleton" },
				"east": { "uv": [ 4.96, 0.96, 7.04, 3.04 ], "texture": "#skeleton" }
			}
		},
		{
			"__comment": "Voxels-F4F4F4",
			"from": [ 4.5, 7, 9 ],
			"to": [ 11, 7.5, 9.5 ],
			"faces": {
				"down": { "uv": [ 4.96, 0.96, 7.04, 3.04 ], "texture": "#skeleton" },
				"up": { "uv": [ 4.96, 0.96, 7.04, 3.04 ], "texture": "#skeleton" },
				"north": { "uv": [ 4.96, 0.96, 7.04, 3.04 ], "texture": "#skeleton" },
				"south": { "uv": [ 4.96, 0.96, 7.04, 3.04 ], "texture": "#skeleton" },
				"west": { "uv": [ 4.96, 0.96, 7.04, 3.04 ], "texture": "#skeleton" },
				"east": { "uv": [ 4.96, 0.96, 7.04, 3.04 ], "texture": "#skeleton" }
			}
		},
		{
			"__comment": "Voxels-F4F4F4",
			"from": [ 4.5, 7, 10 ],
			"to": [ 10.5, 8, 10.5 ],
			"faces": {
				"down": { "uv": [ 4.96, 0.96, 7.04, 3.04 ], "texture": "#skeleton" },
				"up": { "uv": [ 4.96, 0.96, 7.04, 3.04 ], "texture": "#skeleton" },
				"north": { "uv": [ 4.96, 0.96, 7.04, 3.04 ], "texture": "#skeleton" },
				"south": { "uv": [ 4.96, 0.96, 7.04, 3.04 ], "texture": "#skeleton" },
				"west": { "uv": [ 4.96, 0.96, 7.04, 3.04 ], "texture": "#skeleton" },
				"east": { "uv": [ 4.96, 0.96, 7.04, 3.04 ], "texture": "#skeleton" }
			}
		},
		{
			"__comment": "Voxels-FDFFFE",
			"from": [ 4.5, 7.5, 9 ],
			"to": [ 5, 8.5, 9.5 ],
			"faces": {
				"down": { "uv": [ 8.96, 0.96, 11.04, 3.04 ], "texture": "#skeleton" },
				"up": { "uv": [ 8.96, 0.96, 11.04, 3.04 ], "texture": "#skeleton" },
				"north": { "uv": [ 8.96, 0.96, 11.04, 3.04 ], "texture": "#skeleton" },
				"south": { "uv": [ 8.96, 0.96, 11.04, 3.04 ], "texture": "#skeleton" },
				"west": { "uv": [ 8.96, 0.96, 11.04, 3.04 ], "texture": "#skeleton" },
				"east": { "uv": [ 8.96, 0.96, 11.04, 3.04 ], "texture": "#skeleton" }
			}
		},
		{
			"__comment": "Voxels-FDFFFE",
			"from": [ 4.5, 7.5, 9.5 ],
			"to": [ 5, 8, 10 ],
			"faces": {
				"down": { "uv": [ 8.96, 0.96, 11.04, 3.04 ], "texture": "#skeleton" },
				"up": { "uv": [ 8.96, 0.96, 11.04, 3.04 ], "texture": "#skeleton" },
				"north": { "uv": [ 8.96, 0.96, 11.04, 3.04 ], "texture": "#skeleton" },
				"south": { "uv": [ 8.96, 0.96, 11.04, 3.04 ], "texture": "#skeleton" },
				"west": { "uv": [ 8.96, 0.96, 11.04, 3.04 ], "texture": "#skeleton" },
				"east": { "uv": [ 8.96, 0.96, 11.04, 3.04 ], "texture": "#skeleton" }
			}
		},
		{
			"__comment": "Voxels-F4F4F4",
			"from": [ 5, 1.5, 9.5 ],
			"to": [ 10.5, 2, 10 ],
			"faces": {
				"down": { "uv": [ 4.96, 0.96, 7.04, 3.04 ], "texture": "#skeleton" },
				"up": { "uv": [ 4.96, 0.96, 7.04, 3.04 ], "texture": "#skeleton" },
				"north": { "uv": [ 4.96, 0.96, 7.04, 3.04 ], "texture": "#skeleton" },
				"south": { "uv": [ 4.96, 0.96, 7.04, 3.04 ], "texture": "#skeleton" },
				"west": { "uv": [ 4.96, 0.96, 7.04, 3.04 ], "texture": "#skeleton" },
				"east": { "uv": [ 4.96, 0.96, 7.04, 3.04 ], "texture": "#skeleton" }
			}
		},
		{
			"__comment": "Voxels-F4F4F4",
			"from": [ 5, 1.5, 10 ],
			"to": [ 10, 2, 10.5 ],
			"faces": {
				"down": { "uv": [ 4.96, 0.96, 7.04, 3.04 ], "texture": "#skeleton" },
				"up": { "uv": [ 4.96, 0.96, 7.04, 3.04 ], "texture": "#skeleton" },
				"north": { "uv": [ 4.96, 0.96, 7.04, 3.04 ], "texture": "#skeleton" },
				"south": { "uv": [ 4.96, 0.96, 7.04, 3.04 ], "texture": "#skeleton" },
				"west": { "uv": [ 4.96, 0.96, 7.04, 3.04 ], "texture": "#skeleton" },
				"east": { "uv": [ 4.96, 0.96, 7.04, 3.04 ], "texture": "#skeleton" }
			}
		},
		{
			"__comment": "Voxels-F4F4F4",
			"from": [ 5, 2, 10.5 ],
			"to": [ 9.5, 2.5, 11 ],
			"faces": {
				"down": { "uv": [ 4.96, 0.96, 7.04, 3.04 ], "texture": "#skeleton" },
				"up": { "uv": [ 4.96, 0.96, 7.04, 3.04 ], "texture": "#skeleton" },
				"north": { "uv": [ 4.96, 0.96, 7.04, 3.04 ], "texture": "#skeleton" },
				"south": { "uv": [ 4.96, 0.96, 7.04, 3.04 ], "texture": "#skeleton" },
				"west": { "uv": [ 4.96, 0.96, 7.04, 3.04 ], "texture": "#skeleton" },
				"east": { "uv": [ 4.96, 0.96, 7.04, 3.04 ], "texture": "#skeleton" }
			}
		},
		{
			"__comment": "Voxels-F4F4F4",
			"from": [ 5, 2.5, 11 ],
			"to": [ 9.5, 3, 11.5 ],
			"faces": {
				"down": { "uv": [ 4.96, 0.96, 7.04, 3.04 ], "texture": "#skeleton" },
				"up": { "uv": [ 4.96, 0.96, 7.04, 3.04 ], "texture": "#skeleton" },
				"north": { "uv": [ 4.96, 0.96, 7.04, 3.04 ], "texture": "#skeleton" },
				"south": { "uv": [ 4.96, 0.96, 7.04, 3.04 ], "texture": "#skeleton" },
				"west": { "uv": [ 4.96, 0.96, 7.04, 3.04 ], "texture": "#skeleton" },
				"east": { "uv": [ 4.96, 0.96, 7.04, 3.04 ], "texture": "#skeleton" }
			}
		},
		{
			"__comment": "Voxels-F4F4F4",
			"from": [ 5, 3, 11.5 ],
			"to": [ 9, 4, 12 ],
			"faces": {
				"down": { "uv": [ 4.96, 0.96, 7.04, 3.04 ], "texture": "#skeleton" },
				"up": { "uv": [ 4.96, 0.96, 7.04, 3.04 ], "texture": "#skeleton" },
				"north": { "uv": [ 4.96, 0.96, 7.04, 3.04 ], "texture": "#skeleton" },
				"south": { "uv": [ 4.96, 0.96, 7.04, 3.04 ], "texture": "#skeleton" },
				"west": { "uv": [ 4.96, 0.96, 7.04, 3.04 ], "texture": "#skeleton" },
				"east": { "uv": [ 4.96, 0.96, 7.04, 3.04 ], "texture": "#skeleton" }
			}
		},
		{
			"__comment": "Voxels-F4F4F4",
			"from": [ 5, 4, 11.5 ],
			"to": [ 8.5, 5, 12 ],
			"faces": {
				"down": { "uv": [ 4.96, 0.96, 7.04, 3.04 ], "texture": "#skeleton" },
				"up": { "uv": [ 4.96, 0.96, 7.04, 3.04 ], "texture": "#skeleton" },
				"north": { "uv": [ 4.96, 0.96, 7.04, 3.04 ], "texture": "#skeleton" },
				"south": { "uv": [ 4.96, 0.96, 7.04, 3.04 ], "texture": "#skeleton" },
				"west": { "uv": [ 4.96, 0.96, 7.04, 3.04 ], "texture": "#skeleton" },
				"east": { "uv": [ 4.96, 0.96, 7.04, 3.04 ], "texture": "#skeleton" }
			}
		},
		{
			"__comment": "Voxels-F4F4F4",
			"from": [ 5, 5, 11.5 ],
			"to": [ 6.5, 7, 12 ],
			"faces": {
				"down": { "uv": [ 4.96, 0.96, 7.04, 3.04 ], "texture": "#skeleton" },
				"up": { "uv": [ 4.96, 0.96, 7.04, 3.04 ], "texture": "#skeleton" },
				"north": { "uv": [ 4.96, 0.96, 7.04, 3.04 ], "texture": "#skeleton" },
				"south": { "uv": [ 4.96, 0.96, 7.04, 3.04 ], "texture": "#skeleton" },
				"west": { "uv": [ 4.96, 0.96, 7.04, 3.04 ], "texture": "#skeleton" },
				"east": { "uv": [ 4.96, 0.96, 7.04, 3.04 ], "texture": "#skeleton" }
			}
		},
		{
			"__comment": "Voxels-F4F4F4",
			"from": [ 5, 7, 11 ],
			"to": [ 9, 7.5, 11.5 ],
			"faces": {
				"down": { "uv": [ 4.96, 0.96, 7.04, 3.04 ], "texture": "#skeleton" },
				"up": { "uv": [ 4.96, 0.96, 7.04, 3.04 ], "texture": "#skeleton" },
				"north": { "uv": [ 4.96, 0.96, 7.04, 3.04 ], "texture": "#skeleton" },
				"south": { "uv": [ 4.96, 0.96, 7.04, 3.04 ], "texture": "#skeleton" },
				"west": { "uv": [ 4.96, 0.96, 7.04, 3.04 ], "texture": "#skeleton" },
				"east": { "uv": [ 4.96, 0.96, 7.04, 3.04 ], "texture": "#skeleton" }
			}
		},
		{
			"__comment": "Voxels-F4F4F4",
			"from": [ 5, 7.5, 9 ],
			"to": [ 11, 8, 9.5 ],
			"faces": {
				"down": { "uv": [ 4.96, 0.96, 7.04, 3.04 ], "texture": "#skeleton" },
				"up": { "uv": [ 4.96, 0.96, 7.04, 3.04 ], "texture": "#skeleton" },
				"north": { "uv": [ 4.96, 0.96, 7.04, 3.04 ], "texture": "#skeleton" },
				"south": { "uv": [ 4.96, 0.96, 7.04, 3.04 ], "texture": "#skeleton" },
				"west": { "uv": [ 4.96, 0.96, 7.04, 3.04 ], "texture": "#skeleton" },
				"east": { "uv": [ 4.96, 0.96, 7.04, 3.04 ], "texture": "#skeleton" }
			}
		},
		{
			"__comment": "Voxels-F4F4F4",
			"from": [ 5, 7.5, 9.5 ],
			"to": [ 10.5, 8, 10 ],
			"faces": {
				"down": { "uv": [ 4.96, 0.96, 7.04, 3.04 ], "texture": "#skeleton" },
				"up": { "uv": [ 4.96, 0.96, 7.04, 3.04 ], "texture": "#skeleton" },
				"north": { "uv": [ 4.96, 0.96, 7.04, 3.04 ], "texture": "#skeleton" },
				"south": { "uv": [ 4.96, 0.96, 7.04, 3.04 ], "texture": "#skeleton" },
				"west": { "uv": [ 4.96, 0.96, 7.04, 3.04 ], "texture": "#skeleton" },
				"east": { "uv": [ 4.96, 0.96, 7.04, 3.04 ], "texture": "#skeleton" }
			}
		},
		{
			"__comment": "Voxels-F4F4F4",
			"from": [ 5, 7.5, 10.5 ],
			"to": [ 9, 8, 11 ],
			"faces": {
				"down": { "uv": [ 4.96, 0.96, 7.04, 3.04 ], "texture": "#skeleton" },
				"up": { "uv": [ 4.96, 0.96, 7.04, 3.04 ], "texture": "#skeleton" },
				"north": { "uv": [ 4.96, 0.96, 7.04, 3.04 ], "texture": "#skeleton" },
				"south": { "uv": [ 4.96, 0.96, 7.04, 3.04 ], "texture": "#skeleton" },
				"west": { "uv": [ 4.96, 0.96, 7.04, 3.04 ], "texture": "#skeleton" },
				"east": { "uv": [ 4.96, 0.96, 7.04, 3.04 ], "texture": "#skeleton" }
			}
		},
		{
			"__comment": "Voxels-F4F4F4",
			"from": [ 5, 8, 9 ],
			"to": [ 9, 8.5, 9.5 ],
			"faces": {
				"down": { "uv": [ 4.96, 0.96, 7.04, 3.04 ], "texture": "#skeleton" },
				"up": { "uv": [ 4.96, 0.96, 7.04, 3.04 ], "texture": "#skeleton" },
				"north": { "uv": [ 4.96, 0.96, 7.04, 3.04 ], "texture": "#skeleton" },
				"south": { "uv": [ 4.96, 0.96, 7.04, 3.04 ], "texture": "#skeleton" },
				"west": { "uv": [ 4.96, 0.96, 7.04, 3.04 ], "texture": "#skeleton" },
				"east": { "uv": [ 4.96, 0.96, 7.04, 3.04 ], "texture": "#skeleton" }
			}
		},
		{
			"__comment": "Voxels-FDFFFE",
			"from": [ 5, 8, 9.5 ],
			"to": [ 5.5, 8.5, 10 ],
			"faces": {
				"down": { "uv": [ 8.96, 0.96, 11.04, 3.04 ], "texture": "#skeleton" },
				"up": { "uv": [ 8.96, 0.96, 11.04, 3.04 ], "texture": "#skeleton" },
				"north": { "uv": [ 8.96, 0.96, 11.04, 3.04 ], "texture": "#skeleton" },
				"south": { "uv": [ 8.96, 0.96, 11.04, 3.04 ], "texture": "#skeleton" },
				"west": { "uv": [ 8.96, 0.96, 11.04, 3.04 ], "texture": "#skeleton" },
				"east": { "uv": [ 8.96, 0.96, 11.04, 3.04 ], "texture": "#skeleton" }
			}
		},
		{
			"__comment": "Voxels-F4F4F4",
			"from": [ 5, 8, 10 ],
			"to": [ 9, 8.5, 10.5 ],
			"faces": {
				"down": { "uv": [ 4.96, 0.96, 7.04, 3.04 ], "texture": "#skeleton" },
				"up": { "uv": [ 4.96, 0.96, 7.04, 3.04 ], "texture": "#skeleton" },
				"north": { "uv": [ 4.96, 0.96, 7.04, 3.04 ], "texture": "#skeleton" },
				"south": { "uv": [ 4.96, 0.96, 7.04, 3.04 ], "texture": "#skeleton" },
				"west": { "uv": [ 4.96, 0.96, 7.04, 3.04 ], "texture": "#skeleton" },
				"east": { "uv": [ 4.96, 0.96, 7.04, 3.04 ], "texture": "#skeleton" }
			}
		},
		{
			"__comment": "Voxels-FDFFFE",
			"from": [ 5, 8.5, 9 ],
			"to": [ 6, 9, 9.5 ],
			"faces": {
				"down": { "uv": [ 8.96, 0.96, 11.04, 3.04 ], "texture": "#skeleton" },
				"up": { "uv": [ 8.96, 0.96, 11.04, 3.04 ], "texture": "#skeleton" },
				"north": { "uv": [ 8.96, 0.96, 11.04, 3.04 ], "texture": "#skeleton" },
				"south": { "uv": [ 8.96, 0.96, 11.04, 3.04 ], "texture": "#skeleton" },
				"west": { "uv": [ 8.96, 0.96, 11.04, 3.04 ], "texture": "#skeleton" },
				"east": { "uv": [ 8.96, 0.96, 11.04, 3.04 ], "texture": "#skeleton" }
			}
		},
		{
			"__comment": "Voxels-F4F4F4",
			"from": [ 5.5, 1.5, 10.5 ],
			"to": [ 9.5, 2, 11 ],
			"faces": {
				"down": { "uv": [ 4.96, 0.96, 7.04, 3.04 ], "texture": "#skeleton" },
				"up": { "uv": [ 4.96, 0.96, 7.04, 3.04 ], "texture": "#skeleton" },
				"north": { "uv": [ 4.96, 0.96, 7.04, 3.04 ], "texture": "#skeleton" },
				"south": { "uv": [ 4.96, 0.96, 7.04, 3.04 ], "texture": "#skeleton" },
				"west": { "uv": [ 4.96, 0.96, 7.04, 3.04 ], "texture": "#skeleton" },
				"east": { "uv": [ 4.96, 0.96, 7.04, 3.04 ], "texture": "#skeleton" }
			}
		},
		{
			"__comment": "Voxels-F4F4F4",
			"from": [ 5.5, 2, 11 ],
			"to": [ 10, 2.5, 11.5 ],
			"faces": {
				"down": { "uv": [ 4.96, 0.96, 7.04, 3.04 ], "texture": "#skeleton" },
				"up": { "uv": [ 4.96, 0.96, 7.04, 3.04 ], "texture": "#skeleton" },
				"north": { "uv": [ 4.96, 0.96, 7.04, 3.04 ], "texture": "#skeleton" },
				"south": { "uv": [ 4.96, 0.96, 7.04, 3.04 ], "texture": "#skeleton" },
				"west": { "uv": [ 4.96, 0.96, 7.04, 3.04 ], "texture": "#skeleton" },
				"east": { "uv": [ 4.96, 0.96, 7.04, 3.04 ], "texture": "#skeleton" }
			}
		},
		{
			"__comment": "Voxels-F4F4F4",
			"from": [ 5.5, 2.5, 11.5 ],
			"to": [ 9.5, 3, 12 ],
			"faces": {
				"down": { "uv": [ 4.96, 0.96, 7.04, 3.04 ], "texture": "#skeleton" },
				"up": { "uv": [ 4.96, 0.96, 7.04, 3.04 ], "texture": "#skeleton" },
				"north": { "uv": [ 4.96, 0.96, 7.04, 3.04 ], "texture": "#skeleton" },
				"south": { "uv": [ 4.96, 0.96, 7.04, 3.04 ], "texture": "#skeleton" },
				"west": { "uv": [ 4.96, 0.96, 7.04, 3.04 ], "texture": "#skeleton" },
				"east": { "uv": [ 4.96, 0.96, 7.04, 3.04 ], "texture": "#skeleton" }
			}
		},
		{
			"__comment": "Voxels-F4F4F4",
			"from": [ 5.5, 7, 11.5 ],
			"to": [ 7.5, 7.5, 12 ],
			"faces": {
				"down": { "uv": [ 4.96, 0.96, 7.04, 3.04 ], "texture": "#skeleton" },
				"up": { "uv": [ 4.96, 0.96, 7.04, 3.04 ], "texture": "#skeleton" },
				"north": { "uv": [ 4.96, 0.96, 7.04, 3.04 ], "texture": "#skeleton" },
				"south": { "uv": [ 4.96, 0.96, 7.04, 3.04 ], "texture": "#skeleton" },
				"west": { "uv": [ 4.96, 0.96, 7.04, 3.04 ], "texture": "#skeleton" },
				"east": { "uv": [ 4.96, 0.96, 7.04, 3.04 ], "texture": "#skeleton" }
			}
		},
		{
			"__comment": "Voxels-F4F4F4",
			"from": [ 5.5, 7.5, 11 ],
			"to": [ 10, 8, 11.5 ],
			"faces": {
				"down": { "uv": [ 4.96, 0.96, 7.04, 3.04 ], "texture": "#skeleton" },
				"up": { "uv": [ 4.96, 0.96, 7.04, 3.04 ], "texture": "#skeleton" },
				"north": { "uv": [ 4.96, 0.96, 7.04, 3.04 ], "texture": "#skeleton" },
				"south": { "uv": [ 4.96, 0.96, 7.04, 3.04 ], "texture": "#skeleton" },
				"west": { "uv": [ 4.96, 0.96, 7.04, 3.04 ], "texture": "#skeleton" },
				"east": { "uv": [ 4.96, 0.96, 7.04, 3.04 ], "texture": "#skeleton" }
			}
		},
		{
			"__comment": "Voxels-F4F4F4",
			"from": [ 5.5, 8, 9.5 ],
			"to": [ 9, 8.5, 10 ],
			"faces": {
				"down": { "uv": [ 4.96, 0.96, 7.04, 3.04 ], "texture": "#skeleton" },
				"up": { "uv": [ 4.96, 0.96, 7.04, 3.04 ], "texture": "#skeleton" },
				"north": { "uv": [ 4.96, 0.96, 7.04, 3.04 ], "texture": "#skeleton" },
				"south": { "uv": [ 4.96, 0.96, 7.04, 3.04 ], "texture": "#skeleton" },
				"west": { "uv": [ 4.96, 0.96, 7.04, 3.04 ], "texture": "#skeleton" },
				"east": { "uv": [ 4.96, 0.96, 7.04, 3.04 ], "texture": "#skeleton" }
			}
		},
		{
			"__comment": "Voxels-F4F4F4",
			"from": [ 5.5, 8, 10.5 ],
			"to": [ 8.5, 8.5, 11 ],
			"faces": {
				"down": { "uv": [ 4.96, 0.96, 7.04, 3.04 ], "texture": "#skeleton" },
				"up": { "uv": [ 4.96, 0.96, 7.04, 3.04 ], "texture": "#skeleton" },
				"north": { "uv": [ 4.96, 0.96, 7.04, 3.04 ], "texture": "#skeleton" },
				"south": { "uv": [ 4.96, 0.96, 7.04, 3.04 ], "texture": "#skeleton" },
				"west": { "uv": [ 4.96, 0.96, 7.04, 3.04 ], "texture": "#skeleton" },
				"east": { "uv": [ 4.96, 0.96, 7.04, 3.04 ], "texture": "#skeleton" }
			}
		},
		{
			"__comment": "Voxels-FDFFFE",
			"from": [ 5.5, 8.5, 9.5 ],
			"to": [ 6, 9, 10.5 ],
			"faces": {
				"down": { "uv": [ 8.96, 0.96, 11.04, 3.04 ], "texture": "#skeleton" },
				"up": { "uv": [ 8.96, 0.96, 11.04, 3.04 ], "texture": "#skeleton" },
				"north": { "uv": [ 8.96, 0.96, 11.04, 3.04 ], "texture": "#skeleton" },
				"south": { "uv": [ 8.96, 0.96, 11.04, 3.04 ], "texture": "#skeleton" },
				"west": { "uv": [ 8.96, 0.96, 11.04, 3.04 ], "texture": "#skeleton" },
				"east": { "uv": [ 8.96, 0.96, 11.04, 3.04 ], "texture": "#skeleton" }
			}
		},
		{
			"__comment": "Voxels-F4F4F4",
			"from": [ 6, 1.5, 11 ],
			"to": [ 10, 2, 11.5 ],
			"faces": {
				"down": { "uv": [ 4.96, 0.96, 7.04, 3.04 ], "texture": "#skeleton" },
				"up": { "uv": [ 4.96, 0.96, 7.04, 3.04 ], "texture": "#skeleton" },
				"north": { "uv": [ 4.96, 0.96, 7.04, 3.04 ], "texture": "#skeleton" },
				"south": { "uv": [ 4.96, 0.96, 7.04, 3.04 ], "texture": "#skeleton" },
				"west": { "uv": [ 4.96, 0.96, 7.04, 3.04 ], "texture": "#skeleton" },
				"east": { "uv": [ 4.96, 0.96, 7.04, 3.04 ], "texture": "#skeleton" }
			}
		},
		{
			"__comment": "Voxels-F4F4F4",
			"from": [ 6, 2, 11.5 ],
			"to": [ 10, 2.5, 12 ],
			"faces": {
				"down": { "uv": [ 4.96, 0.96, 7.04, 3.04 ], "texture": "#skeleton" },
				"up": { "uv": [ 4.96, 0.96, 7.04, 3.04 ], "texture": "#skeleton" },
				"north": { "uv": [ 4.96, 0.96, 7.04, 3.04 ], "texture": "#skeleton" },
				"south": { "uv": [ 4.96, 0.96, 7.04, 3.04 ], "texture": "#skeleton" },
				"west": { "uv": [ 4.96, 0.96, 7.04, 3.04 ], "texture": "#skeleton" },
				"east": { "uv": [ 4.96, 0.96, 7.04, 3.04 ], "texture": "#skeleton" }
			}
		},
		{
			"__comment": "Voxels-F4F4F4",
			"from": [ 6, 7.5, 11.5 ],
			"to": [ 7.5, 8, 12 ],
			"faces": {
				"down": { "uv": [ 4.96, 0.96, 7.04, 3.04 ], "texture": "#skeleton" },
				"up": { "uv": [ 4.96, 0.96, 7.04, 3.04 ], "texture": "#skeleton" },
				"north": { "uv": [ 4.96, 0.96, 7.04, 3.04 ], "texture": "#skeleton" },
				"south": { "uv": [ 4.96, 0.96, 7.04, 3.04 ], "texture": "#skeleton" },
				"west": { "uv": [ 4.96, 0.96, 7.04, 3.04 ], "texture": "#skeleton" },
				"east": { "uv": [ 4.96, 0.96, 7.04, 3.04 ], "texture": "#skeleton" }
			}
		},
		{
			"__comment": "Voxels-F4F4F4",
			"from": [ 6, 8, 11 ],
			"to": [ 8, 8.5, 11.5 ],
			"faces": {
				"down": { "uv": [ 4.96, 0.96, 7.04, 3.04 ], "texture": "#skeleton" },
				"up": { "uv": [ 4.96, 0.96, 7.04, 3.04 ], "texture": "#skeleton" },
				"north": { "uv": [ 4.96, 0.96, 7.04, 3.04 ], "texture": "#skeleton" },
				"south": { "uv": [ 4.96, 0.96, 7.04, 3.04 ], "texture": "#skeleton" },
				"west": { "uv": [ 4.96, 0.96, 7.04, 3.04 ], "texture": "#skeleton" },
				"east": { "uv": [ 4.96, 0.96, 7.04, 3.04 ], "texture": "#skeleton" }
			}
		},
		{
			"__comment": "Voxels-F4F4F4",
			"from": [ 6, 8.5, 9 ],
			"to": [ 9, 9, 10 ],
			"faces": {
				"down": { "uv": [ 4.96, 0.96, 7.04, 3.04 ], "texture": "#skeleton" },
				"up": { "uv": [ 4.96, 0.96, 7.04, 3.04 ], "texture": "#skeleton" },
				"north": { "uv": [ 4.96, 0.96, 7.04, 3.04 ], "texture": "#skeleton" },
				"south": { "uv": [ 4.96, 0.96, 7.04, 3.04 ], "texture": "#skeleton" },
				"west": { "uv": [ 4.96, 0.96, 7.04, 3.04 ], "texture": "#skeleton" },
				"east": { "uv": [ 4.96, 0.96, 7.04, 3.04 ], "texture": "#skeleton" }
			}
		},
		{
			"__comment": "Voxels-FDFFFE",
			"from": [ 6, 8.5, 10 ],
			"to": [ 6.5, 9, 10.5 ],
			"faces": {
				"down": { "uv": [ 8.96, 0.96, 11.04, 3.04 ], "texture": "#skeleton" },
				"up": { "uv": [ 8.96, 0.96, 11.04, 3.04 ], "texture": "#skeleton" },
				"north": { "uv": [ 8.96, 0.96, 11.04, 3.04 ], "texture": "#skeleton" },
				"south": { "uv": [ 8.96, 0.96, 11.04, 3.04 ], "texture": "#skeleton" },
				"west": { "uv": [ 8.96, 0.96, 11.04, 3.04 ], "texture": "#skeleton" },
				"east": { "uv": [ 8.96, 0.96, 11.04, 3.04 ], "texture": "#skeleton" }
			}
		},
		{
			"__comment": "Voxels-F4F4F4",
			"from": [ 6, 8.5, 10.5 ],
			"to": [ 6.5, 9, 11 ],
			"faces": {
				"down": { "uv": [ 4.96, 0.96, 7.04, 3.04 ], "texture": "#skeleton" },
				"up": { "uv": [ 4.96, 0.96, 7.04, 3.04 ], "texture": "#skeleton" },
				"north": { "uv": [ 4.96, 0.96, 7.04, 3.04 ], "texture": "#skeleton" },
				"south": { "uv": [ 4.96, 0.96, 7.04, 3.04 ], "texture": "#skeleton" },
				"west": { "uv": [ 4.96, 0.96, 7.04, 3.04 ], "texture": "#skeleton" },
				"east": { "uv": [ 4.96, 0.96, 7.04, 3.04 ], "texture": "#skeleton" }
			}
		},
		{
			"__comment": "Voxels-FDFFFE",
			"from": [ 6, 9, 9 ],
			"to": [ 7.5, 9.5, 10 ],
			"faces": {
				"down": { "uv": [ 8.96, 0.96, 11.04, 3.04 ], "texture": "#skeleton" },
				"up": { "uv": [ 8.96, 0.96, 11.04, 3.04 ], "texture": "#skeleton" },
				"north": { "uv": [ 8.96, 0.96, 11.04, 3.04 ], "texture": "#skeleton" },
				"south": { "uv": [ 8.96, 0.96, 11.04, 3.04 ], "texture": "#skeleton" },
				"west": { "uv": [ 8.96, 0.96, 11.04, 3.04 ], "texture": "#skeleton" },
				"east": { "uv": [ 8.96, 0.96, 11.04, 3.04 ], "texture": "#skeleton" }
			}
		},
		{
			"__comment": "Voxels-0F0F0F",
			"from": [ 6.5, 5, 9 ],
			"to": [ 7.5, 6, 10 ],
			"faces": {
				"down": { "uv": [ 12.96, 0.96, 15.04, 3.04 ], "texture": "#skeleton" },
				"up": { "uv": [ 12.96, 0.96, 15.04, 3.04 ], "texture": "#skeleton" },
				"north": { "uv": [ 12.96, 0.96, 15.04, 3.04 ], "texture": "#skeleton" },
				"south": { "uv": [ 12.96, 0.96, 15.04, 3.04 ], "texture": "#skeleton" },
				"west": { "uv": [ 12.96, 0.96, 15.04, 3.04 ], "texture": "#skeleton" },
				"east": { "uv": [ 12.96, 0.96, 15.04, 3.04 ], "texture": "#skeleton" }
			}
		},
		{
			"__comment": "Voxels-0F0F0F",
			"from": [ 6.5, 5, 10.5 ],
			"to": [ 7.5, 6, 11.5 ],
			"faces": {
				"down": { "uv": [ 12.96, 0.96, 15.04, 3.04 ], "texture": "#skeleton" },
				"up": { "uv": [ 12.96, 0.96, 15.04, 3.04 ], "texture": "#skeleton" },
				"north": { "uv": [ 12.96, 0.96, 15.04, 3.04 ], "texture": "#skeleton" },
				"south": { "uv": [ 12.96, 0.96, 15.04, 3.04 ], "texture": "#skeleton" },
				"west": { "uv": [ 12.96, 0.96, 15.04, 3.04 ], "texture": "#skeleton" },
				"east": { "uv": [ 12.96, 0.96, 15.04, 3.04 ], "texture": "#skeleton" }
			}
		},
		{
			"__comment": "Voxels-F4F4F4",
			"from": [ 6.5, 6, 9 ],
			"to": [ 11.5, 7, 9.5 ],
			"faces": {
				"down": { "uv": [ 4.96, 0.96, 7.04, 3.04 ], "texture": "#skeleton" },
				"up": { "uv": [ 4.96, 0.96, 7.04, 3.04 ], "texture": "#skeleton" },
				"north": { "uv": [ 4.96, 0.96, 7.04, 3.04 ], "texture": "#skeleton" },
				"south": { "uv": [ 4.96, 0.96, 7.04, 3.04 ], "texture": "#skeleton" },
				"west": { "uv": [ 4.96, 0.96, 7.04, 3.04 ], "texture": "#skeleton" },
				"east": { "uv": [ 4.96, 0.96, 7.04, 3.04 ], "texture": "#skeleton" }
			}
		},
		{
			"__comment": "Voxels-F4F4F4",
			"from": [ 6.5, 6, 9.5 ],
			"to": [ 11.5, 6.5, 10 ],
			"faces": {
				"down": { "uv": [ 4.96, 0.96, 7.04, 3.04 ], "texture": "#skeleton" },
				"up": { "uv": [ 4.96, 0.96, 7.04, 3.04 ], "texture": "#skeleton" },
				"north": { "uv": [ 4.96, 0.96, 7.04, 3.04 ], "texture": "#skeleton" },
				"south": { "uv": [ 4.96, 0.96, 7.04, 3.04 ], "texture": "#skeleton" },
				"west": { "uv": [ 4.96, 0.96, 7.04, 3.04 ], "texture": "#skeleton" },
				"east": { "uv": [ 4.96, 0.96, 7.04, 3.04 ], "texture": "#skeleton" }
			}
		},
		{
			"__comment": "Voxels-F4F4F4",
			"from": [ 6.5, 6, 10.5 ],
			"to": [ 11.5, 6.5, 11 ],
			"faces": {
				"down": { "uv": [ 4.96, 0.96, 7.04, 3.04 ], "texture": "#skeleton" },
				"up": { "uv": [ 4.96, 0.96, 7.04, 3.04 ], "texture": "#skeleton" },
				"north": { "uv": [ 4.96, 0.96, 7.04, 3.04 ], "texture": "#skeleton" },
				"south": { "uv": [ 4.96, 0.96, 7.04, 3.04 ], "texture": "#skeleton" },
				"west": { "uv": [ 4.96, 0.96, 7.04, 3.04 ], "texture": "#skeleton" },
				"east": { "uv": [ 4.96, 0.96, 7.04, 3.04 ], "texture": "#skeleton" }
			}
		},
		{
			"__comment": "Voxels-F4F4F4",
			"from": [ 6.5, 6, 11 ],
			"to": [ 10.5, 6.5, 11.5 ],
			"faces": {
				"down": { "uv": [ 4.96, 0.96, 7.04, 3.04 ], "texture": "#skeleton" },
				"up": { "uv": [ 4.96, 0.96, 7.04, 3.04 ], "texture": "#skeleton" },
				"north": { "uv": [ 4.96, 0.96, 7.04, 3.04 ], "texture": "#skeleton" },
				"south": { "uv": [ 4.96, 0.96, 7.04, 3.04 ], "texture": "#skeleton" },
				"west": { "uv": [ 4.96, 0.96, 7.04, 3.04 ], "texture": "#skeleton" },
				"east": { "uv": [ 4.96, 0.96, 7.04, 3.04 ], "texture": "#skeleton" }
			}
		},
		{
			"__comment": "Voxels-F4F4F4",
			"from": [ 6.5, 6, 11.5 ],
			"to": [ 8.5, 6.5, 12 ],
			"faces": {
				"down": { "uv": [ 4.96, 0.96, 7.04, 3.04 ], "texture": "#skeleton" },
				"up": { "uv": [ 4.96, 0.96, 7.04, 3.04 ], "texture": "#skeleton" },
				"north": { "uv": [ 4.96, 0.96, 7.04, 3.04 ], "texture": "#skeleton" },
				"south": { "uv": [ 4.96, 0.96, 7.04, 3.04 ], "texture": "#skeleton" },
				"west": { "uv": [ 4.96, 0.96, 7.04, 3.04 ], "texture": "#skeleton" },
				"east": { "uv": [ 4.96, 0.96, 7.04, 3.04 ], "texture": "#skeleton" }
			}
		},
		{
			"__comment": "Voxels-F4F4F4",
			"from": [ 6.5, 6.5, 9.5 ],
			"to": [ 11, 7, 10 ],
			"faces": {
				"down": { "uv": [ 4.96, 0.96, 7.04, 3.04 ], "texture": "#skeleton" },
				"up": { "uv": [ 4.96, 0.96, 7.04, 3.04 ], "texture": "#skeleton" },
				"north": { "uv": [ 4.96, 0.96, 7.04, 3.04 ], "texture": "#skeleton" },
				"south": { "uv": [ 4.96, 0.96, 7.04, 3.04 ], "texture": "#skeleton" },
				"west": { "uv": [ 4.96, 0.96, 7.04, 3.04 ], "texture": "#skeleton" },
				"east": { "uv": [ 4.96, 0.96, 7.04, 3.04 ], "texture": "#skeleton" }
			}
		},
		{
			"__comment": "Voxels-F4F4F4",
			"from": [ 6.5, 6.5, 11 ],
			"to": [ 9, 7, 11.5 ],
			"faces": {
				"down": { "uv": [ 4.96, 0.96, 7.04, 3.04 ], "texture": "#skeleton" },
				"up": { "uv": [ 4.96, 0.96, 7.04, 3.04 ], "texture": "#skeleton" },
				"north": { "uv": [ 4.96, 0.96, 7.04, 3.04 ], "texture": "#skeleton" },
				"south": { "uv": [ 4.96, 0.96, 7.04, 3.04 ], "texture": "#skeleton" },
				"west": { "uv": [ 4.96, 0.96, 7.04, 3.04 ], "texture": "#skeleton" },
				"east": { "uv": [ 4.96, 0.96, 7.04, 3.04 ], "texture": "#skeleton" }
			}
		},
		{
			"__comment": "Voxels-F4F4F4",
			"from": [ 6.5, 6.5, 11.5 ],
			"to": [ 8, 7, 12 ],
			"faces": {
				"down": { "uv": [ 4.96, 0.96, 7.04, 3.04 ], "texture": "#skeleton" },
				"up": { "uv": [ 4.96, 0.96, 7.04, 3.04 ], "texture": "#skeleton" },
				"north": { "uv": [ 4.96, 0.96, 7.04, 3.04 ], "texture": "#skeleton" },
				"south": { "uv": [ 4.96, 0.96, 7.04, 3.04 ], "texture": "#skeleton" },
				"west": { "uv": [ 4.96, 0.96, 7.04, 3.04 ], "texture": "#skeleton" },
				"east": { "uv": [ 4.96, 0.96, 7.04, 3.04 ], "texture": "#skeleton" }
			}
		},
		{
			"__comment": "Voxels-F4F4F4",
			"from": [ 6.5, 8.5, 10 ],
			"to": [ 7.5, 9, 10.5 ],
			"faces": {
				"down": { "uv": [ 4.96, 0.96, 7.04, 3.04 ], "texture": "#skeleton" },
				"up": { "uv": [ 4.96, 0.96, 7.04, 3.04 ], "texture": "#skeleton" },
				"north": { "uv": [ 4.96, 0.96, 7.04, 3.04 ], "texture": "#skeleton" },
				"south": { "uv": [ 4.96, 0.96, 7.04, 3.04 ], "texture": "#skeleton" },
				"west": { "uv": [ 4.96, 0.96, 7.04, 3.04 ], "texture": "#skeleton" },
				"east": { "uv": [ 4.96, 0.96, 7.04, 3.04 ], "texture": "#skeleton" }
			}
		},
		{
			"__comment": "Voxels-FDFFFE",
			"from": [ 6.5, 8.5, 10.5 ],
			"to": [ 9, 9, 11 ],
			"faces": {
				"down": { "uv": [ 8.96, 0.96, 11.04, 3.04 ], "texture": "#skeleton" },
				"up": { "uv": [ 8.96, 0.96, 11.04, 3.04 ], "texture": "#skeleton" },
				"north": { "uv": [ 8.96, 0.96, 11.04, 3.04 ], "texture": "#skeleton" },
				"south": { "uv": [ 8.96, 0.96, 11.04, 3.04 ], "texture": "#skeleton" },
				"west": { "uv": [ 8.96, 0.96, 11.04, 3.04 ], "texture": "#skeleton" },
				"east": { "uv": [ 8.96, 0.96, 11.04, 3.04 ], "texture": "#skeleton" }
			}
		},
		{
			"__comment": "Voxels-FDFFFE",
			"from": [ 6.5, 9, 10 ],
			"to": [ 8.5, 9.5, 10.5 ],
			"faces": {
				"down": { "uv": [ 8.96, 0.96, 11.04, 3.04 ], "texture": "#skeleton" },
				"up": { "uv": [ 8.96, 0.96, 11.04, 3.04 ], "texture": "#skeleton" },
				"north": { "uv": [ 8.96, 0.96, 11.04, 3.04 ], "texture": "#skeleton" },
				"south": { "uv": [ 8.96, 0.96, 11.04, 3.04 ], "texture": "#skeleton" },
				"west": { "uv": [ 8.96, 0.96, 11.04, 3.04 ], "texture": "#skeleton" },
				"east": { "uv": [ 8.96, 0.96, 11.04, 3.04 ], "texture": "#skeleton" }
			}
		},
		{
			"__comment": "Voxels-F4F4F4",
			"from": [ 8, 1, 11.5 ],
			"to": [ 8.95, 1.5, 12 ],
			"faces": {
				"down": { "uv": [ 4.96, 0.96, 7.04, 3.04 ], "texture": "#skeleton" },
				"up": { "uv": [ 4.96, 0.96, 7.04, 3.04 ], "texture": "#skeleton" },
				"north": { "uv": [ 4.96, 0.96, 7.04, 3.04 ], "texture": "#skeleton" },
				"south": { "uv": [ 4.96, 0.96, 7.04, 3.04 ], "texture": "#skeleton" },
				"west": { "uv": [ 4.96, 0.96, 7.04, 3.04 ], "texture": "#skeleton" },
				"east": { "uv": [ 4.96, 0.96, 7.04, 3.04 ], "texture": "#skeleton" }
			}
		},
		{
			"__comment": "Voxels-F4F4F4",
			"from": [ 8, 1.5, 11.5 ],
			"to": [ 8.95, 2, 12 ],
			"faces": {
				"down": { "uv": [ 4.96, 0.96, 7.04, 3.04 ], "texture": "#skeleton" },
				"up": { "uv": [ 4.96, 0.96, 7.04, 3.04 ], "texture": "#skeleton" },
				"north": { "uv": [ 4.96, 0.96, 7.04, 3.04 ], "texture": "#skeleton" },
				"south": { "uv": [ 4.96, 0.96, 7.04, 3.04 ], "texture": "#skeleton" },
				"west": { "uv": [ 4.96, 0.96, 7.04, 3.04 ], "texture": "#skeleton" },
				"east": { "uv": [ 4.96, 0.96, 7.04, 3.04 ], "texture": "#skeleton" }
			}
		},
		{
			"__comment": "Voxels-FDFFFE",
			"from": [ 7, 8, 11.5 ],
			"to": [ 9, 8.5, 12 ],
			"faces": {
				"down": { "uv": [ 8.96, 0.96, 11.04, 3.04 ], "texture": "#skeleton" },
				"up": { "uv": [ 8.96, 0.96, 11.04, 3.04 ], "texture": "#skeleton" },
				"north": { "uv": [ 8.96, 0.96, 11.04, 3.04 ], "texture": "#skeleton" },
				"south": { "uv": [ 8.96, 0.96, 11.04, 3.04 ], "texture": "#skeleton" },
				"west": { "uv": [ 8.96, 0.96, 11.04, 3.04 ], "texture": "#skeleton" },
				"east": { "uv": [ 8.96, 0.96, 11.04, 3.04 ], "texture": "#skeleton" }
			}
		},
		{
			"__comment": "Voxels-FDFFFE",
			"from": [ 7, 8.5, 11 ],
			"to": [ 9, 9, 11.5 ],
			"faces": {
				"down": { "uv": [ 8.96, 0.96, 11.04, 3.04 ], "texture": "#skeleton" },
				"up": { "uv": [ 8.96, 0.96, 11.04, 3.04 ], "texture": "#skeleton" },
				"north": { "uv": [ 8.96, 0.96, 11.04, 3.04 ], "texture": "#skeleton" },
				"south": { "uv": [ 8.96, 0.96, 11.04, 3.04 ], "texture": "#skeleton" },
				"west": { "uv": [ 8.96, 0.96, 11.04, 3.04 ], "texture": "#skeleton" },
				"east": { "uv": [ 8.96, 0.96, 11.04, 3.04 ], "texture": "#skeleton" }
			}
		},
		{
			"__comment": "Voxels-F4F4F4",
			"from": [ 7.5, 5, 9 ],
			"to": [ 9, 6, 10 ],
			"faces": {
				"down": { "uv": [ 4.96, 0.96, 7.04, 3.04 ], "texture": "#skeleton" },
				"up": { "uv": [ 4.96, 0.96, 7.04, 3.04 ], "texture": "#skeleton" },
				"north": { "uv": [ 4.96, 0.96, 7.04, 3.04 ], "texture": "#skeleton" },
				"south": { "uv": [ 4.96, 0.96, 7.04, 3.04 ], "texture": "#skeleton" },
				"west": { "uv": [ 4.96, 0.96, 7.04, 3.04 ], "texture": "#skeleton" },
				"east": { "uv": [ 4.96, 0.96, 7.04, 3.04 ], "texture": "#skeleton" }
			}
		},
		{
			"__comment": "Voxels-F4F4F4",
			"from": [ 7.5, 5, 10.5 ],
			"to": [ 9, 6, 11.5 ],
			"faces": {
				"down": { "uv": [ 4.96, 0.96, 7.04, 3.04 ], "texture": "#skeleton" },
				"up": { "uv": [ 4.96, 0.96, 7.04, 3.04 ], "texture": "#skeleton" },
				"north": { "uv": [ 4.96, 0.96, 7.04, 3.04 ], "texture": "#skeleton" },
				"south": { "uv": [ 4.96, 0.96, 7.04, 3.04 ], "texture": "#skeleton" },
				"west": { "uv": [ 4.96, 0.96, 7.04, 3.04 ], "texture": "#skeleton" },
				"east": { "uv": [ 4.96, 0.96, 7.04, 3.04 ], "texture": "#skeleton" }
			}
		},
		{
			"__comment": "Voxels-F4F4F4",
			"from": [ 7.5, 5, 11.5 ],
			"to": [ 8.5, 6, 12 ],
			"faces": {
				"down": { "uv": [ 4.96, 0.96, 7.04, 3.04 ], "texture": "#skeleton" },
				"up": { "uv": [ 4.96, 0.96, 7.04, 3.04 ], "texture": "#skeleton" },
				"north": { "uv": [ 4.96, 0.96, 7.04, 3.04 ], "texture": "#skeleton" },
				"south": { "uv": [ 4.96, 0.96, 7.04, 3.04 ], "texture": "#skeleton" },
				"west": { "uv": [ 4.96, 0.96, 7.04, 3.04 ], "texture": "#skeleton" },
				"east": { "uv": [ 4.96, 0.96, 7.04, 3.04 ], "texture": "#skeleton" }
			}
		},
		{
			"__comment": "Voxels-FDFFFE",
			"from": [ 7.5, 7, 11.5 ],
			"to": [ 10.5, 7.5, 12 ],
			"faces": {
				"down": { "uv": [ 8.96, 0.96, 11.04, 3.04 ], "texture": "#skeleton" },
				"up": { "uv": [ 8.96, 0.96, 11.04, 3.04 ], "texture": "#skeleton" },
				"north": { "uv": [ 8.96, 0.96, 11.04, 3.04 ], "texture": "#skeleton" },
				"south": { "uv": [ 8.96, 0.96, 11.04, 3.04 ], "texture": "#skeleton" },
				"west": { "uv": [ 8.96, 0.96, 11.04, 3.04 ], "texture": "#skeleton" },
				"east": { "uv": [ 8.96, 0.96, 11.04, 3.04 ], "texture": "#skeleton" }
			}
		},
		{
			"__comment": "Voxels-FDFFFE",
			"from": [ 7.5, 7.5, 11.5 ],
			"to": [ 10, 8, 12 ],
			"faces": {
				"down": { "uv": [ 8.96, 0.96, 11.04, 3.04 ], "texture": "#skeleton" },
				"up": { "uv": [ 8.96, 0.96, 11.04, 3.04 ], "texture": "#skeleton" },
				"north": { "uv": [ 8.96, 0.96, 11.04, 3.04 ], "texture": "#skeleton" },
				"south": { "uv": [ 8.96, 0.96, 11.04, 3.04 ], "texture": "#skeleton" },
				"west": { "uv": [ 8.96, 0.96, 11.04, 3.04 ], "texture": "#skeleton" },
				"east": { "uv": [ 8.96, 0.96, 11.04, 3.04 ], "texture": "#skeleton" }
			}
		},
		{
			"__comment": "Voxels-FDFFFE",
			"from": [ 7.5, 8.5, 10 ],
			"to": [ 10.5, 9, 10.5 ],
			"faces": {
				"down": { "uv": [ 8.96, 0.96, 11.04, 3.04 ], "texture": "#skeleton" },
				"up": { "uv": [ 8.96, 0.96, 11.04, 3.04 ], "texture": "#skeleton" },
				"north": { "uv": [ 8.96, 0.96, 11.04, 3.04 ], "texture": "#skeleton" },
				"south": { "uv": [ 8.96, 0.96, 11.04, 3.04 ], "texture": "#skeleton" },
				"west": { "uv": [ 8.96, 0.96, 11.04, 3.04 ], "texture": "#skeleton" },
				"east": { "uv": [ 8.96, 0.96, 11.04, 3.04 ], "texture": "#skeleton" }
			}
		},
		{
			"__comment": "Voxels-D3D3D3",
			"from": [ 7.5, 9, 9 ],
			"to": [ 8, 9.5, 10 ],
			"faces": {
				"down": { "uv": [ 0.96, 4.96, 3.04, 7.04 ], "texture": "#skeleton" },
				"up": { "uv": [ 0.96, 4.96, 3.04, 7.04 ], "texture": "#skeleton" },
				"north": { "uv": [ 0.96, 4.96, 3.04, 7.04 ], "texture": "#skeleton" },
				"south": { "uv": [ 0.96, 4.96, 3.04, 7.04 ], "texture": "#skeleton" },
				"west": { "uv": [ 0.96, 4.96, 3.04, 7.04 ], "texture": "#skeleton" },
				"east": { "uv": [ 0.96, 4.96, 3.04, 7.04 ], "texture": "#skeleton" }
			}
		},
		{
			"__comment": "Voxels-FDFFFE",
			"from": [ 8, 6.5, 11.5 ],
			"to": [ 11, 7, 12 ],
			"faces": {
				"down": { "uv": [ 8.96, 0.96, 11.04, 3.04 ], "texture": "#skeleton" },
				"up": { "uv": [ 8.96, 0.96, 11.04, 3.04 ], "texture": "#skeleton" },
				"north": { "uv": [ 8.96, 0.96, 11.04, 3.04 ], "texture": "#skeleton" },
				"south": { "uv": [ 8.96, 0.96, 11.04, 3.04 ], "texture": "#skeleton" },
				"west": { "uv": [ 8.96, 0.96, 11.04, 3.04 ], "texture": "#skeleton" },
				"east": { "uv": [ 8.96, 0.96, 11.04, 3.04 ], "texture": "#skeleton" }
			}
		},
		{
			"__comment": "Voxels-FDFFFE",
			"from": [ 8, 8, 11 ],
			"to": [ 10, 8.5, 11.5 ],
			"faces": {
				"down": { "uv": [ 8.96, 0.96, 11.04, 3.04 ], "texture": "#skeleton" },
				"up": { "uv": [ 8.96, 0.96, 11.04, 3.04 ], "texture": "#skeleton" },
				"north": { "uv": [ 8.96, 0.96, 11.04, 3.04 ], "texture": "#skeleton" },
				"south": { "uv": [ 8.96, 0.96, 11.04, 3.04 ], "texture": "#skeleton" },
				"west": { "uv": [ 8.96, 0.96, 11.04, 3.04 ], "texture": "#skeleton" },
				"east": { "uv": [ 8.96, 0.96, 11.04, 3.04 ], "texture": "#skeleton" }
			}
		},
		{
			"__comment": "Voxels-FDFFFE",
			"from": [ 8, 9, 9 ],
			"to": [ 10, 9.5, 9.5 ],
			"faces": {
				"down": { "uv": [ 8.96, 0.96, 11.04, 3.04 ], "texture": "#skeleton" },
				"up": { "uv": [ 8.96, 0.96, 11.04, 3.04 ], "texture": "#skeleton" },
				"north": { "uv": [ 8.96, 0.96, 11.04, 3.04 ], "texture": "#skeleton" },
				"south": { "uv": [ 8.96, 0.96, 11.04, 3.04 ], "texture": "#skeleton" },
				"west": { "uv": [ 8.96, 0.96, 11.04, 3.04 ], "texture": "#skeleton" },
				"east": { "uv": [ 8.96, 0.96, 11.04, 3.04 ], "texture": "#skeleton" }
			}
		},
		{
			"__comment": "Voxels-D3D3D3",
			"from": [ 8, 9, 9.5 ],
			"to": [ 9, 9.5, 10 ],
			"faces": {
				"down": { "uv": [ 0.96, 4.96, 3.04, 7.04 ], "texture": "#skeleton" },
				"up": { "uv": [ 0.96, 4.96, 3.04, 7.04 ], "texture": "#skeleton" },
				"north": { "uv": [ 0.96, 4.96, 3.04, 7.04 ], "texture": "#skeleton" },
				"south": { "uv": [ 0.96, 4.96, 3.04, 7.04 ], "texture": "#skeleton" },
				"west": { "uv": [ 0.96, 4.96, 3.04, 7.04 ], "texture": "#skeleton" },
				"east": { "uv": [ 0.96, 4.96, 3.04, 7.04 ], "texture": "#skeleton" }
			}
		},
		{
			"__comment": "Voxels-FDFFFE",
			"from": [ 8.5, 4, 11.5 ],
			"to": [ 11, 5, 12 ],
			"faces": {
				"down": { "uv": [ 8.96, 0.96, 11.04, 3.04 ], "texture": "#skeleton" },
				"up": { "uv": [ 8.96, 0.96, 11.04, 3.04 ], "texture": "#skeleton" },
				"north": { "uv": [ 8.96, 0.96, 11.04, 3.04 ], "texture": "#skeleton" },
				"south": { "uv": [ 8.96, 0.96, 11.04, 3.04 ], "texture": "#skeleton" },
				"west": { "uv": [ 8.96, 0.96, 11.04, 3.04 ], "texture": "#skeleton" },
				"east": { "uv": [ 8.96, 0.96, 11.04, 3.04 ], "texture": "#skeleton" }
			}
		},
		{
			"__comment": "Voxels-FDFFFE",
			"from": [ 8.5, 5, 11.5 ],
			"to": [ 9, 6.5, 12 ],
			"faces": {
				"down": { "uv": [ 8.96, 0.96, 11.04, 3.04 ], "texture": "#skeleton" },
				"up": { "uv": [ 8.96, 0.96, 11.04, 3.04 ], "texture": "#skeleton" },
				"north": { "uv": [ 8.96, 0.96, 11.04, 3.04 ], "texture": "#skeleton" },
				"south": { "uv": [ 8.96, 0.96, 11.04, 3.04 ], "texture": "#skeleton" },
				"west": { "uv": [ 8.96, 0.96, 11.04, 3.04 ], "texture": "#skeleton" },
				"east": { "uv": [ 8.96, 0.96, 11.04, 3.04 ], "texture": "#skeleton" }
			}
		},
		{
			"__comment": "Voxels-FDFFFE",
			"from": [ 8.5, 8, 10.5 ],
			"to": [ 10.5, 8.5, 11 ],
			"faces": {
				"down": { "uv": [ 8.96, 0.96, 11.04, 3.04 ], "texture": "#skeleton" },
				"up": { "uv": [ 8.96, 0.96, 11.04, 3.04 ], "texture": "#skeleton" },
				"north": { "uv": [ 8.96, 0.96, 11.04, 3.04 ], "texture": "#skeleton" },
				"south": { "uv": [ 8.96, 0.96, 11.04, 3.04 ], "texture": "#skeleton" },
				"west": { "uv": [ 8.96, 0.96, 11.04, 3.04 ], "texture": "#skeleton" },
				"east": { "uv": [ 8.96, 0.96, 11.04, 3.04 ], "texture": "#skeleton" }
			}
		},
		{
			"__comment": "Voxels-D3D3D3",
			"from": [ 8.5, 9, 10 ],
			"to": [ 9.5, 9.5, 10.5 ],
			"faces": {
				"down": { "uv": [ 0.96, 4.96, 3.04, 7.04 ], "texture": "#skeleton" },
				"up": { "uv": [ 0.96, 4.96, 3.04, 7.04 ], "texture": "#skeleton" },
				"north": { "uv": [ 0.96, 4.96, 3.04, 7.04 ], "texture": "#skeleton" },
				"south": { "uv": [ 0.96, 4.96, 3.04, 7.04 ], "texture": "#skeleton" },
				"west": { "uv": [ 0.96, 4.96, 3.04, 7.04 ], "texture": "#skeleton" },
				"east": { "uv": [ 0.96, 4.96, 3.04, 7.04 ], "texture": "#skeleton" }
			}
		},
		{
			"__comment": "Voxels-FDFFFE",
			"from": [ 9, 3, 11.5 ],
			"to": [ 11, 4, 12 ],
			"faces": {
				"down": { "uv": [ 8.96, 0.96, 11.04, 3.04 ], "texture": "#skeleton" },
				"up": { "uv": [ 8.96, 0.96, 11.04, 3.04 ], "texture": "#skeleton" },
				"north": { "uv": [ 8.96, 0.96, 11.04, 3.04 ], "texture": "#skeleton" },
				"south": { "uv": [ 8.96, 0.96, 11.04, 3.04 ], "texture": "#skeleton" },
				"west": { "uv": [ 8.96, 0.96, 11.04, 3.04 ], "texture": "#skeleton" },
				"east": { "uv": [ 8.96, 0.96, 11.04, 3.04 ], "texture": "#skeleton" }
			}
		},
		{
			"__comment": "Voxels-0F0F0F",
			"from": [ 9, 5, 9 ],
			"to": [ 10, 6, 10 ],
			"faces": {
				"down": { "uv": [ 12.96, 0.96, 15.04, 3.04 ], "texture": "#skeleton" },
				"up": { "uv": [ 12.96, 0.96, 15.04, 3.04 ], "texture": "#skeleton" },
				"north": { "uv": [ 12.96, 0.96, 15.04, 3.04 ], "texture": "#skeleton" },
				"south": { "uv": [ 12.96, 0.96, 15.04, 3.04 ], "texture": "#skeleton" },
				"west": { "uv": [ 12.96, 0.96, 15.04, 3.04 ], "texture": "#skeleton" },
				"east": { "uv": [ 12.96, 0.96, 15.04, 3.04 ], "texture": "#skeleton" }
			}
		},
		{
			"__comment": "Voxels-0F0F0F",
			"from": [ 9, 5, 10.5 ],
			"to": [ 11.5, 5.5, 11 ],
			"faces": {
				"down": { "uv": [ 12.96, 0.96, 15.04, 3.04 ], "texture": "#skeleton" },
				"up": { "uv": [ 12.96, 0.96, 15.04, 3.04 ], "texture": "#skeleton" },
				"north": { "uv": [ 12.96, 0.96, 15.04, 3.04 ], "texture": "#skeleton" },
				"south": { "uv": [ 12.96, 0.96, 15.04, 3.04 ], "texture": "#skeleton" },
				"west": { "uv": [ 12.96, 0.96, 15.04, 3.04 ], "texture": "#skeleton" },
				"east": { "uv": [ 12.96, 0.96, 15.04, 3.04 ], "texture": "#skeleton" }
			}
		},
		{
			"__comment": "Voxels-0F0F0F",
			"from": [ 9, 5, 11 ],
			"to": [ 10, 6, 11.5 ],
			"faces": {
				"down": { "uv": [ 12.96, 0.96, 15.04, 3.04 ], "texture": "#skeleton" },
				"up": { "uv": [ 12.96, 0.96, 15.04, 3.04 ], "texture": "#skeleton" },
				"north": { "uv": [ 12.96, 0.96, 15.04, 3.04 ], "texture": "#skeleton" },
				"south": { "uv": [ 12.96, 0.96, 15.04, 3.04 ], "texture": "#skeleton" },
				"west": { "uv": [ 12.96, 0.96, 15.04, 3.04 ], "texture": "#skeleton" },
				"east": { "uv": [ 12.96, 0.96, 15.04, 3.04 ], "texture": "#skeleton" }
			}
		},
		{
			"__comment": "Voxels-0F0F0F",
			"from": [ 9, 5.5, 10.5 ],
			"to": [ 10, 6, 11 ],
			"faces": {
				"down": { "uv": [ 12.96, 0.96, 15.04, 3.04 ], "texture": "#skeleton" },
				"up": { "uv": [ 12.96, 0.96, 15.04, 3.04 ], "texture": "#skeleton" },
				"north": { "uv": [ 12.96, 0.96, 15.04, 3.04 ], "texture": "#skeleton" },
				"south": { "uv": [ 12.96, 0.96, 15.04, 3.04 ], "texture": "#skeleton" },
				"west": { "uv": [ 12.96, 0.96, 15.04, 3.04 ], "texture": "#skeleton" },
				"east": { "uv": [ 12.96, 0.96, 15.04, 3.04 ], "texture": "#skeleton" }
			}
		},
		{
			"__comment": "Voxels-FDFFFE",
			"from": [ 9, 6, 11.5 ],
			"to": [ 11, 6.5, 12 ],
			"faces": {
				"down": { "uv": [ 8.96, 0.96, 11.04, 3.04 ], "texture": "#skeleton" },
				"up": { "uv": [ 8.96, 0.96, 11.04, 3.04 ], "texture": "#skeleton" },
				"north": { "uv": [ 8.96, 0.96, 11.04, 3.04 ], "texture": "#skeleton" },
				"south": { "uv": [ 8.96, 0.96, 11.04, 3.04 ], "texture": "#skeleton" },
				"west": { "uv": [ 8.96, 0.96, 11.04, 3.04 ], "texture": "#skeleton" },
				"east": { "uv": [ 8.96, 0.96, 11.04, 3.04 ], "texture": "#skeleton" }
			}
		},
		{
			"__comment": "Voxels-FDFFFE",
			"from": [ 9, 6.5, 11 ],
			"to": [ 10.5, 7.5, 11.5 ],
			"faces": {
				"down": { "uv": [ 8.96, 0.96, 11.04, 3.04 ], "texture": "#skeleton" },
				"up": { "uv": [ 8.96, 0.96, 11.04, 3.04 ], "texture": "#skeleton" },
				"north": { "uv": [ 8.96, 0.96, 11.04, 3.04 ], "texture": "#skeleton" },
				"south": { "uv": [ 8.96, 0.96, 11.04, 3.04 ], "texture": "#skeleton" },
				"west": { "uv": [ 8.96, 0.96, 11.04, 3.04 ], "texture": "#skeleton" },
				"east": { "uv": [ 8.96, 0.96, 11.04, 3.04 ], "texture": "#skeleton" }
			}
		},
		{
			"__comment": "Voxels-FDFFFE",
			"from": [ 9, 7.5, 10.5 ],
			"to": [ 11, 8, 11 ],
			"faces": {
				"down": { "uv": [ 8.96, 0.96, 11.04, 3.04 ], "texture": "#skeleton" },
				"up": { "uv": [ 8.96, 0.96, 11.04, 3.04 ], "texture": "#skeleton" },
				"north": { "uv": [ 8.96, 0.96, 11.04, 3.04 ], "texture": "#skeleton" },
				"south": { "uv": [ 8.96, 0.96, 11.04, 3.04 ], "texture": "#skeleton" },
				"west": { "uv": [ 8.96, 0.96, 11.04, 3.04 ], "texture": "#skeleton" },
				"east": { "uv": [ 8.96, 0.96, 11.04, 3.04 ], "texture": "#skeleton" }
			}
		},
		{
			"__comment": "Voxels-FDFFFE",
			"from": [ 9, 8, 9 ],
			"to": [ 11.5, 8.5, 9.5 ],
			"faces": {
				"down": { "uv": [ 8.96, 0.96, 11.04, 3.04 ], "texture": "#skeleton" },
				"up": { "uv": [ 8.96, 0.96, 11.04, 3.04 ], "texture": "#skeleton" },
				"north": { "uv": [ 8.96, 0.96, 11.04, 3.04 ], "texture": "#skeleton" },
				"south": { "uv": [ 8.96, 0.96, 11.04, 3.04 ], "texture": "#skeleton" },
				"west": { "uv": [ 8.96, 0.96, 11.04, 3.04 ], "texture": "#skeleton" },
				"east": { "uv": [ 8.96, 0.96, 11.04, 3.04 ], "texture": "#skeleton" }
			}
		},
		{
			"__comment": "Voxels-FDFFFE",
			"from": [ 9, 8, 9.5 ],
			"to": [ 11, 8.5, 10.5 ],
			"faces": {
				"down": { "uv": [ 8.96, 0.96, 11.04, 3.04 ], "texture": "#skeleton" },
				"up": { "uv": [ 8.96, 0.96, 11.04, 3.04 ], "texture": "#skeleton" },
				"north": { "uv": [ 8.96, 0.96, 11.04, 3.04 ], "texture": "#skeleton" },
				"south": { "uv": [ 8.96, 0.96, 11.04, 3.04 ], "texture": "#skeleton" },
				"west": { "uv": [ 8.96, 0.96, 11.04, 3.04 ], "texture": "#skeleton" },
				"east": { "uv": [ 8.96, 0.96, 11.04, 3.04 ], "texture": "#skeleton" }
			}
		},
		{
			"__comment": "Voxels-FDFFFE",
			"from": [ 9, 8.5, 9 ],
			"to": [ 11, 9, 9.5 ],
			"faces": {
				"down": { "uv": [ 8.96, 0.96, 11.04, 3.04 ], "texture": "#skeleton" },
				"up": { "uv": [ 8.96, 0.96, 11.04, 3.04 ], "texture": "#skeleton" },
				"north": { "uv": [ 8.96, 0.96, 11.04, 3.04 ], "texture": "#skeleton" },
				"south": { "uv": [ 8.96, 0.96, 11.04, 3.04 ], "texture": "#skeleton" },
				"west": { "uv": [ 8.96, 0.96, 11.04, 3.04 ], "texture": "#skeleton" },
				"east": { "uv": [ 8.96, 0.96, 11.04, 3.04 ], "texture": "#skeleton" }
			}
		},
		{
			"__comment": "Voxels-FDFFFE",
			"from": [ 9, 8.5, 9.5 ],
			"to": [ 10.5, 9, 10 ],
			"faces": {
				"down": { "uv": [ 8.96, 0.96, 11.04, 3.04 ], "texture": "#skeleton" },
				"up": { "uv": [ 8.96, 0.96, 11.04, 3.04 ], "texture": "#skeleton" },
				"north": { "uv": [ 8.96, 0.96, 11.04, 3.04 ], "texture": "#skeleton" },
				"south": { "uv": [ 8.96, 0.96, 11.04, 3.04 ], "texture": "#skeleton" },
				"west": { "uv": [ 8.96, 0.96, 11.04, 3.04 ], "texture": "#skeleton" },
				"east": { "uv": [ 8.96, 0.96, 11.04, 3.04 ], "texture": "#skeleton" }
			}
		},
		{
			"__comment": "Voxels-D3D3D3",
			"from": [ 9, 8.5, 10.5 ],
			"to": [ 10, 9, 11 ],
			"faces": {
				"down": { "uv": [ 0.96, 4.96, 3.04, 7.04 ], "texture": "#skeleton" },
				"up": { "uv": [ 0.96, 4.96, 3.04, 7.04 ], "texture": "#skeleton" },
				"north": { "uv": [ 0.96, 4.96, 3.04, 7.04 ], "texture": "#skeleton" },
				"south": { "uv": [ 0.96, 4.96, 3.04, 7.04 ], "texture": "#skeleton" },
				"west": { "uv": [ 0.96, 4.96, 3.04, 7.04 ], "texture": "#skeleton" },
				"east": { "uv": [ 0.96, 4.96, 3.04, 7.04 ], "texture": "#skeleton" }
			}
		},
		{
			"__comment": "Voxels-FDFFFE",
			"from": [ 9, 9, 9.5 ],
			"to": [ 10, 9.5, 10 ],
			"faces": {
				"down": { "uv": [ 8.96, 0.96, 11.04, 3.04 ], "texture": "#skeleton" },
				"up": { "uv": [ 8.96, 0.96, 11.04, 3.04 ], "texture": "#skeleton" },
				"north": { "uv": [ 8.96, 0.96, 11.04, 3.04 ], "texture": "#skeleton" },
				"south": { "uv": [ 8.96, 0.96, 11.04, 3.04 ], "texture": "#skeleton" },
				"west": { "uv": [ 8.96, 0.96, 11.04, 3.04 ], "texture": "#skeleton" },
				"east": { "uv": [ 8.96, 0.96, 11.04, 3.04 ], "texture": "#skeleton" }
			}
		},
		{
			"__comment": "Voxels-FDFFFE",
			"from": [ 9.5, 1.5, 10.5 ],
			"to": [ 10.5, 2.5, 11 ],
			"faces": {
				"down": { "uv": [ 8.96, 0.96, 11.04, 3.04 ], "texture": "#skeleton" },
				"up": { "uv": [ 8.96, 0.96, 11.04, 3.04 ], "texture": "#skeleton" },
				"north": { "uv": [ 8.96, 0.96, 11.04, 3.04 ], "texture": "#skeleton" },
				"south": { "uv": [ 8.96, 0.96, 11.04, 3.04 ], "texture": "#skeleton" },
				"west": { "uv": [ 8.96, 0.96, 11.04, 3.04 ], "texture": "#skeleton" },
				"east": { "uv": [ 8.96, 0.96, 11.04, 3.04 ], "texture": "#skeleton" }
			}
		},
		{
			"__comment": "Voxels-FDFFFE",
			"from": [ 9.5, 2.5, 11 ],
			"to": [ 11, 3, 11.5 ],
			"faces": {
				"down": { "uv": [ 8.96, 0.96, 11.04, 3.04 ], "texture": "#skeleton" },
				"up": { "uv": [ 8.96, 0.96, 11.04, 3.04 ], "texture": "#skeleton" },
				"north": { "uv": [ 8.96, 0.96, 11.04, 3.04 ], "texture": "#skeleton" },
				"south": { "uv": [ 8.96, 0.96, 11.04, 3.04 ], "texture": "#skeleton" },
				"west": { "uv": [ 8.96, 0.96, 11.04, 3.04 ], "texture": "#skeleton" },
				"east": { "uv": [ 8.96, 0.96, 11.04, 3.04 ], "texture": "#skeleton" }
			}
		},
		{
			"__comment": "Voxels-FDFFFE",
			"from": [ 9.5, 2.5, 11.5 ],
			"to": [ 10.5, 3, 12 ],
			"faces": {
				"down": { "uv": [ 8.96, 0.96, 11.04, 3.04 ], "texture": "#skeleton" },
				"up": { "uv": [ 8.96, 0.96, 11.04, 3.04 ], "texture": "#skeleton" },
				"north": { "uv": [ 8.96, 0.96, 11.04, 3.04 ], "texture": "#skeleton" },
				"south": { "uv": [ 8.96, 0.96, 11.04, 3.04 ], "texture": "#skeleton" },
				"west": { "uv": [ 8.96, 0.96, 11.04, 3.04 ], "texture": "#skeleton" },
				"east": { "uv": [ 8.96, 0.96, 11.04, 3.04 ], "texture": "#skeleton" }
			}
		},
		{
			"__comment": "Voxels-FDFFFE",
			"from": [ 9.5, 3, 10.5 ],
			"to": [ 11.5, 5, 11 ],
			"faces": {
				"down": { "uv": [ 8.96, 0.96, 11.04, 3.04 ], "texture": "#skeleton" },
				"up": { "uv": [ 8.96, 0.96, 11.04, 3.04 ], "texture": "#skeleton" },
				"north": { "uv": [ 8.96, 0.96, 11.04, 3.04 ], "texture": "#skeleton" },
				"south": { "uv": [ 8.96, 0.96, 11.04, 3.04 ], "texture": "#skeleton" },
				"west": { "uv": [ 8.96, 0.96, 11.04, 3.04 ], "texture": "#skeleton" },
				"east": { "uv": [ 8.96, 0.96, 11.04, 3.04 ], "texture": "#skeleton" }
			}
		},
		{
			"__comment": "Voxels-FDFFFE",
			"from": [ 9.5, 3, 11 ],
			"to": [ 10.5, 3.5, 11.5 ],
			"faces": {
				"down": { "uv": [ 8.96, 0.96, 11.04, 3.04 ], "texture": "#skeleton" },
				"up": { "uv": [ 8.96, 0.96, 11.04, 3.04 ], "texture": "#skeleton" },
				"north": { "uv": [ 8.96, 0.96, 11.04, 3.04 ], "texture": "#skeleton" },
				"south": { "uv": [ 8.96, 0.96, 11.04, 3.04 ], "texture": "#skeleton" },
				"west": { "uv": [ 8.96, 0.96, 11.04, 3.04 ], "texture": "#skeleton" },
				"east": { "uv": [ 8.96, 0.96, 11.04, 3.04 ], "texture": "#skeleton" }
			}
		},
		{
			"__comment": "Voxels-FDFFFE",
			"from": [ 10, 1.5, 10 ],
			"to": [ 11, 2, 10.5 ],
			"faces": {
				"down": { "uv": [ 8.96, 0.96, 11.04, 3.04 ], "texture": "#skeleton" },
				"up": { "uv": [ 8.96, 0.96, 11.04, 3.04 ], "texture": "#skeleton" },
				"north": { "uv": [ 8.96, 0.96, 11.04, 3.04 ], "texture": "#skeleton" },
				"south": { "uv": [ 8.96, 0.96, 11.04, 3.04 ], "texture": "#skeleton" },
				"west": { "uv": [ 8.96, 0.96, 11.04, 3.04 ], "texture": "#skeleton" },
				"east": { "uv": [ 8.96, 0.96, 11.04, 3.04 ], "texture": "#skeleton" }
			}
		},
		{
			"__comment": "Voxels-FDFFFE",
			"from": [ 10, 2, 11 ],
			"to": [ 10.5, 2.5, 11.5 ],
			"faces": {
				"down": { "uv": [ 8.96, 0.96, 11.04, 3.04 ], "texture": "#skeleton" },
				"up": { "uv": [ 8.96, 0.96, 11.04, 3.04 ], "texture": "#skeleton" },
				"north": { "uv": [ 8.96, 0.96, 11.04, 3.04 ], "texture": "#skeleton" },
				"south": { "uv": [ 8.96, 0.96, 11.04, 3.04 ], "texture": "#skeleton" },
				"west": { "uv": [ 8.96, 0.96, 11.04, 3.04 ], "texture": "#skeleton" },
				"east": { "uv": [ 8.96, 0.96, 11.04, 3.04 ], "texture": "#skeleton" }
			}
		},
		{
			"__comment": "Voxels-FDFFFE",
			"from": [ 10, 2.5, 10 ],
			"to": [ 11.5, 6, 10.5 ],
			"faces": {
				"down": { "uv": [ 8.96, 0.96, 11.04, 3.04 ], "texture": "#skeleton" },
				"up": { "uv": [ 8.96, 0.96, 11.04, 3.04 ], "texture": "#skeleton" },
				"north": { "uv": [ 8.96, 0.96, 11.04, 3.04 ], "texture": "#skeleton" },
				"south": { "uv": [ 8.96, 0.96, 11.04, 3.04 ], "texture": "#skeleton" },
				"west": { "uv": [ 8.96, 0.96, 11.04, 3.04 ], "texture": "#skeleton" },
				"east": { "uv": [ 8.96, 0.96, 11.04, 3.04 ], "texture": "#skeleton" }
			}
		},
		{
			"__comment": "Voxels-FDFFFE",
			"from": [ 10, 2.5, 10.5 ],
			"to": [ 11.5, 3, 11 ],
			"faces": {
				"down": { "uv": [ 8.96, 0.96, 11.04, 3.04 ], "texture": "#skeleton" },
				"up": { "uv": [ 8.96, 0.96, 11.04, 3.04 ], "texture": "#skeleton" },
				"north": { "uv": [ 8.96, 0.96, 11.04, 3.04 ], "texture": "#skeleton" },
				"south": { "uv": [ 8.96, 0.96, 11.04, 3.04 ], "texture": "#skeleton" },
				"west": { "uv": [ 8.96, 0.96, 11.04, 3.04 ], "texture": "#skeleton" },
				"east": { "uv": [ 8.96, 0.96, 11.04, 3.04 ], "texture": "#skeleton" }
			}
		},
		{
			"__comment": "Voxels-F4F4F4",
			"from": [ 10, 5, 9 ],
			"to": [ 10.5, 6, 10 ],
			"faces": {
				"down": { "uv": [ 4.96, 0.96, 7.04, 3.04 ], "texture": "#skeleton" },
				"up": { "uv": [ 4.96, 0.96, 7.04, 3.04 ], "texture": "#skeleton" },
				"north": { "uv": [ 4.96, 0.96, 7.04, 3.04 ], "texture": "#skeleton" },
				"south": { "uv": [ 4.96, 0.96, 7.04, 3.04 ], "texture": "#skeleton" },
				"west": { "uv": [ 4.96, 0.96, 7.04, 3.04 ], "texture": "#skeleton" },
				"east": { "uv": [ 4.96, 0.96, 7.04, 3.04 ], "texture": "#skeleton" }
			}
		},
		{
			"__comment": "Voxels-FDFFFE",
			"from": [ 10, 5, 11 ],
			"to": [ 11.5, 6, 11.5 ],
			"faces": {
				"down": { "uv": [ 8.96, 0.96, 11.04, 3.04 ], "texture": "#skeleton" },
				"up": { "uv": [ 8.96, 0.96, 11.04, 3.04 ], "texture": "#skeleton" },
				"north": { "uv": [ 8.96, 0.96, 11.04, 3.04 ], "texture": "#skeleton" },
				"south": { "uv": [ 8.96, 0.96, 11.04, 3.04 ], "texture": "#skeleton" },
				"west": { "uv": [ 8.96, 0.96, 11.04, 3.04 ], "texture": "#skeleton" },
				"east": { "uv": [ 8.96, 0.96, 11.04, 3.04 ], "texture": "#skeleton" }
			}
		},
		{
			"__comment": "Voxels-FDFFFE",
			"from": [ 10, 5, 11.5 ],
			"to": [ 11, 6, 12 ],
			"faces": {
				"down": { "uv": [ 8.96, 0.96, 11.04, 3.04 ], "texture": "#skeleton" },
				"up": { "uv": [ 8.96, 0.96, 11.04, 3.04 ], "texture": "#skeleton" },
				"north": { "uv": [ 8.96, 0.96, 11.04, 3.04 ], "texture": "#skeleton" },
				"south": { "uv": [ 8.96, 0.96, 11.04, 3.04 ], "texture": "#skeleton" },
				"west": { "uv": [ 8.96, 0.96, 11.04, 3.04 ], "texture": "#skeleton" },
				"east": { "uv": [ 8.96, 0.96, 11.04, 3.04 ], "texture": "#skeleton" }
			}
		},
		{
			"__comment": "Voxels-FDFFFE",
			"from": [ 10, 5.5, 10.5 ],
			"to": [ 12, 6, 11 ],
			"faces": {
				"down": { "uv": [ 8.96, 0.96, 11.04, 3.04 ], "texture": "#skeleton" },
				"up": { "uv": [ 8.96, 0.96, 11.04, 3.04 ], "texture": "#skeleton" },
				"north": { "uv": [ 8.96, 0.96, 11.04, 3.04 ], "texture": "#skeleton" },
				"south": { "uv": [ 8.96, 0.96, 11.04, 3.04 ], "texture": "#skeleton" },
				"west": { "uv": [ 8.96, 0.96, 11.04, 3.04 ], "texture": "#skeleton" },
				"east": { "uv": [ 8.96, 0.96, 11.04, 3.04 ], "texture": "#skeleton" }
			}
		},
		{
			"__comment": "Voxels-F4F4F4",
			"from": [ 10, 6, 10 ],
			"to": [ 11, 7, 10.5 ],
			"faces": {
				"down": { "uv": [ 4.96, 0.96, 7.04, 3.04 ], "texture": "#skeleton" },
				"up": { "uv": [ 4.96, 0.96, 7.04, 3.04 ], "texture": "#skeleton" },
				"north": { "uv": [ 4.96, 0.96, 7.04, 3.04 ], "texture": "#skeleton" },
				"south": { "uv": [ 4.96, 0.96, 7.04, 3.04 ], "texture": "#skeleton" },
				"west": { "uv": [ 4.96, 0.96, 7.04, 3.04 ], "texture": "#skeleton" },
				"east": { "uv": [ 4.96, 0.96, 7.04, 3.04 ], "texture": "#skeleton" }
			}
		},
		{
			"__comment": "Voxels-FDFFFE",
			"from": [ 10, 7.5, 11 ],
			"to": [ 10.5, 8, 11.5 ],
			"faces": {
				"down": { "uv": [ 8.96, 0.96, 11.04, 3.04 ], "texture": "#skeleton" },
				"up": { "uv": [ 8.96, 0.96, 11.04, 3.04 ], "texture": "#skeleton" },
				"north": { "uv": [ 8.96, 0.96, 11.04, 3.04 ], "texture": "#skeleton" },
				"south": { "uv": [ 8.96, 0.96, 11.04, 3.04 ], "texture": "#skeleton" },
				"west": { "uv": [ 8.96, 0.96, 11.04, 3.04 ], "texture": "#skeleton" },
				"east": { "uv": [ 8.96, 0.96, 11.04, 3.04 ], "texture": "#skeleton" }
			}
		},
		{
			"__comment": "Voxels-FDFFFE",
			"from": [ 10.5, 1.5, 9 ],
			"to": [ 11, 6, 9.5 ],
			"faces": {
				"down": { "uv": [ 8.96, 0.96, 11.04, 3.04 ], "texture": "#skeleton" },
				"up": { "uv": [ 8.96, 0.96, 11.04, 3.04 ], "texture": "#skeleton" },
				"north": { "uv": [ 8.96, 0.96, 11.04, 3.04 ], "texture": "#skeleton" },
				"south": { "uv": [ 8.96, 0.96, 11.04, 3.04 ], "texture": "#skeleton" },
				"west": { "uv": [ 8.96, 0.96, 11.04, 3.04 ], "texture": "#skeleton" },
				"east": { "uv": [ 8.96, 0.96, 11.04, 3.04 ], "texture": "#skeleton" }
			}
		},
		{
			"__comment": "Voxels-FDFFFE",
			"from": [ 10.5, 1.5, 9.5 ],
			"to": [ 11, 2, 10 ],
			"faces": {
				"down": { "uv": [ 8.96, 0.96, 11.04, 3.04 ], "texture": "#skeleton" },
				"up": { "uv": [ 8.96, 0.96, 11.04, 3.04 ], "texture": "#skeleton" },
				"north": { "uv": [ 8.96, 0.96, 11.04, 3.04 ], "texture": "#skeleton" },
				"south": { "uv": [ 8.96, 0.96, 11.04, 3.04 ], "texture": "#skeleton" },
				"west": { "uv": [ 8.96, 0.96, 11.04, 3.04 ], "texture": "#skeleton" },
				"east": { "uv": [ 8.96, 0.96, 11.04, 3.04 ], "texture": "#skeleton" }
			}
		},
		{
			"__comment": "Voxels-FDFFFE",
			"from": [ 10.5, 2, 10.5 ],
			"to": [ 11, 2.5, 11 ],
			"faces": {
				"down": { "uv": [ 8.96, 0.96, 11.04, 3.04 ], "texture": "#skeleton" },
				"up": { "uv": [ 8.96, 0.96, 11.04, 3.04 ], "texture": "#skeleton" },
				"north": { "uv": [ 8.96, 0.96, 11.04, 3.04 ], "texture": "#skeleton" },
				"south": { "uv": [ 8.96, 0.96, 11.04, 3.04 ], "texture": "#skeleton" },
				"west": { "uv": [ 8.96, 0.96, 11.04, 3.04 ], "texture": "#skeleton" },
				"east": { "uv": [ 8.96, 0.96, 11.04, 3.04 ], "texture": "#skeleton" }
			}
		},
		{
			"__comment": "Voxels-FDFFFE",
			"from": [ 10.5, 2.5, 9.5 ],
			"to": [ 12, 6, 10 ],
			"faces": {
				"down": { "uv": [ 8.96, 0.96, 11.04, 3.04 ], "texture": "#skeleton" },
				"up": { "uv": [ 8.96, 0.96, 11.04, 3.04 ], "texture": "#skeleton" },
				"north": { "uv": [ 8.96, 0.96, 11.04, 3.04 ], "texture": "#skeleton" },
				"south": { "uv": [ 8.96, 0.96, 11.04, 3.04 ], "texture": "#skeleton" },
				"west": { "uv": [ 8.96, 0.96, 11.04, 3.04 ], "texture": "#skeleton" },
				"east": { "uv": [ 8.96, 0.96, 11.04, 3.04 ], "texture": "#skeleton" }
			}
		},
		{
			"__comment": "Voxels-F4F4F4",
			"from": [ 10.5, 3, 11 ],
			"to": [ 11, 3.5, 11.5 ],
			"faces": {
				"down": { "uv": [ 4.96, 0.96, 7.04, 3.04 ], "texture": "#skeleton" },
				"up": { "uv": [ 4.96, 0.96, 7.04, 3.04 ], "texture": "#skeleton" },
				"north": { "uv": [ 4.96, 0.96, 7.04, 3.04 ], "texture": "#skeleton" },
				"south": { "uv": [ 4.96, 0.96, 7.04, 3.04 ], "texture": "#skeleton" },
				"west": { "uv": [ 4.96, 0.96, 7.04, 3.04 ], "texture": "#skeleton" },
				"east": { "uv": [ 4.96, 0.96, 7.04, 3.04 ], "texture": "#skeleton" }
			}
		},
		{
			"__comment": "Voxels-FDFFFE",
			"from": [ 10.5, 6, 11 ],
			"to": [ 11.5, 6.5, 11.5 ],
			"faces": {
				"down": { "uv": [ 8.96, 0.96, 11.04, 3.04 ], "texture": "#skeleton" },
				"up": { "uv": [ 8.96, 0.96, 11.04, 3.04 ], "texture": "#skeleton" },
				"north": { "uv": [ 8.96, 0.96, 11.04, 3.04 ], "texture": "#skeleton" },
				"south": { "uv": [ 8.96, 0.96, 11.04, 3.04 ], "texture": "#skeleton" },
				"west": { "uv": [ 8.96, 0.96, 11.04, 3.04 ], "texture": "#skeleton" },
				"east": { "uv": [ 8.96, 0.96, 11.04, 3.04 ], "texture": "#skeleton" }
			}
		},
		{
			"__comment": "Voxels-F4F4F4",
			"from": [ 10.5, 6.5, 11 ],
			"to": [ 11, 7, 11.5 ],
			"faces": {
				"down": { "uv": [ 4.96, 0.96, 7.04, 3.04 ], "texture": "#skeleton" },
				"up": { "uv": [ 4.96, 0.96, 7.04, 3.04 ], "texture": "#skeleton" },
				"north": { "uv": [ 4.96, 0.96, 7.04, 3.04 ], "texture": "#skeleton" },
				"south": { "uv": [ 4.96, 0.96, 7.04, 3.04 ], "texture": "#skeleton" },
				"west": { "uv": [ 4.96, 0.96, 7.04, 3.04 ], "texture": "#skeleton" },
				"east": { "uv": [ 4.96, 0.96, 7.04, 3.04 ], "texture": "#skeleton" }
			}
		},
		{
			"__comment": "Voxels-FDFFFE",
			"from": [ 10.5, 7, 10 ],
			"to": [ 11.5, 8, 10.5 ],
			"faces": {
				"down": { "uv": [ 8.96, 0.96, 11.04, 3.04 ], "texture": "#skeleton" },
				"up": { "uv": [ 8.96, 0.96, 11.04, 3.04 ], "texture": "#skeleton" },
				"north": { "uv": [ 8.96, 0.96, 11.04, 3.04 ], "texture": "#skeleton" },
				"south": { "uv": [ 8.96, 0.96, 11.04, 3.04 ], "texture": "#skeleton" },
				"west": { "uv": [ 8.96, 0.96, 11.04, 3.04 ], "texture": "#skeleton" },
				"east": { "uv": [ 8.96, 0.96, 11.04, 3.04 ], "texture": "#skeleton" }
			}
		},
		{
			"__comment": "Voxels-FDFFFE",
			"from": [ 10.5, 7, 11 ],
			"to": [ 11, 7.5, 11.5 ],
			"faces": {
				"down": { "uv": [ 8.96, 0.96, 11.04, 3.04 ], "texture": "#skeleton" },
				"up": { "uv": [ 8.96, 0.96, 11.04, 3.04 ], "texture": "#skeleton" },
				"north": { "uv": [ 8.96, 0.96, 11.04, 3.04 ], "texture": "#skeleton" },
				"south": { "uv": [ 8.96, 0.96, 11.04, 3.04 ], "texture": "#skeleton" },
				"west": { "uv": [ 8.96, 0.96, 11.04, 3.04 ], "texture": "#skeleton" },
				"east": { "uv": [ 8.96, 0.96, 11.04, 3.04 ], "texture": "#skeleton" }
			}
		},
		{
			"__comment": "Voxels-FDFFFE",
			"from": [ 10.5, 7.5, 9.5 ],
			"to": [ 11.5, 8, 10 ],
			"faces": {
				"down": { "uv": [ 8.96, 0.96, 11.04, 3.04 ], "texture": "#skeleton" },
				"up": { "uv": [ 8.96, 0.96, 11.04, 3.04 ], "texture": "#skeleton" },
				"north": { "uv": [ 8.96, 0.96, 11.04, 3.04 ], "texture": "#skeleton" },
				"south": { "uv": [ 8.96, 0.96, 11.04, 3.04 ], "texture": "#skeleton" },
				"west": { "uv": [ 8.96, 0.96, 11.04, 3.04 ], "texture": "#skeleton" },
				"east": { "uv": [ 8.96, 0.96, 11.04, 3.04 ], "texture": "#skeleton" }
			}
		},
		{
			"__comment": "Voxels-FDFFFE",
			"from": [ 11, 1.5, 9 ],
			"to": [ 11.5, 6, 9.5 ],
			"faces": {
				"down": { "uv": [ 8.96, 0.96, 11.04, 3.04 ], "texture": "#skeleton" },
				"up": { "uv": [ 8.96, 0.96, 11.04, 3.04 ], "texture": "#skeleton" },
				"north": { "uv": [ 8.96, 0.96, 11.04, 3.04 ], "texture": "#skeleton" },
				"south": { "uv": [ 8.96, 0.96, 11.04, 3.04 ], "texture": "#skeleton" },
				"west": { "uv": [ 8.96, 0.96, 11.04, 3.04 ], "texture": "#skeleton" },
				"east": { "uv": [ 8.96, 0.96, 11.04, 3.04 ], "texture": "#skeleton" }
			}
		},
		{
			"__comment": "Voxels-FDFFFE",
			"from": [ 11, 2, 9.5 ],
			"to": [ 11.5, 2.5, 10.5 ],
			"faces": {
				"down": { "uv": [ 8.96, 0.96, 11.04, 3.04 ], "texture": "#skeleton" },
				"up": { "uv": [ 8.96, 0.96, 11.04, 3.04 ], "texture": "#skeleton" },
				"north": { "uv": [ 8.96, 0.96, 11.04, 3.04 ], "texture": "#skeleton" },
				"south": { "uv": [ 8.96, 0.96, 11.04, 3.04 ], "texture": "#skeleton" },
				"west": { "uv": [ 8.96, 0.96, 11.04, 3.04 ], "texture": "#skeleton" },
				"east": { "uv": [ 8.96, 0.96, 11.04, 3.04 ], "texture": "#skeleton" }
			}
		},
		{
			"__comment": "Voxels-FDFFFE",
			"from": [ 11, 3, 11 ],
			"to": [ 11.5, 5, 11.5 ],
			"faces": {
				"down": { "uv": [ 8.96, 0.96, 11.04, 3.04 ], "texture": "#skeleton" },
				"up": { "uv": [ 8.96, 0.96, 11.04, 3.04 ], "texture": "#skeleton" },
				"north": { "uv": [ 8.96, 0.96, 11.04, 3.04 ], "texture": "#skeleton" },
				"south": { "uv": [ 8.96, 0.96, 11.04, 3.04 ], "texture": "#skeleton" },
				"west": { "uv": [ 8.96, 0.96, 11.04, 3.04 ], "texture": "#skeleton" },
				"east": { "uv": [ 8.96, 0.96, 11.04, 3.04 ], "texture": "#skeleton" }
			}
		},
		{
			"__comment": "Voxels-FDFFFE",
			"from": [ 11, 6, 10 ],
			"to": [ 12, 7, 10.5 ],
			"faces": {
				"down": { "uv": [ 8.96, 0.96, 11.04, 3.04 ], "texture": "#skeleton" },
				"up": { "uv": [ 8.96, 0.96, 11.04, 3.04 ], "texture": "#skeleton" },
				"north": { "uv": [ 8.96, 0.96, 11.04, 3.04 ], "texture": "#skeleton" },
				"south": { "uv": [ 8.96, 0.96, 11.04, 3.04 ], "texture": "#skeleton" },
				"west": { "uv": [ 8.96, 0.96, 11.04, 3.04 ], "texture": "#skeleton" },
				"east": { "uv": [ 8.96, 0.96, 11.04, 3.04 ], "texture": "#skeleton" }
			}
		},
		{
			"__comment": "Voxels-FDFFFE",
			"from": [ 11, 6.5, 9.5 ],
			"to": [ 12, 7, 10 ],
			"faces": {
				"down": { "uv": [ 8.96, 0.96, 11.04, 3.04 ], "texture": "#skeleton" },
				"up": { "uv": [ 8.96, 0.96, 11.04, 3.04 ], "texture": "#skeleton" },
				"north": { "uv": [ 8.96, 0.96, 11.04, 3.04 ], "texture": "#skeleton" },
				"south": { "uv": [ 8.96, 0.96, 11.04, 3.04 ], "texture": "#skeleton" },
				"west": { "uv": [ 8.96, 0.96, 11.04, 3.04 ], "texture": "#skeleton" },
				"east": { "uv": [ 8.96, 0.96, 11.04, 3.04 ], "texture": "#skeleton" }
			}
		},
		{
			"__comment": "Voxels-FDFFFE",
			"from": [ 11, 6.5, 10.5 ],
			"to": [ 11.5, 7.5, 11 ],
			"faces": {
				"down": { "uv": [ 8.96, 0.96, 11.04, 3.04 ], "texture": "#skeleton" },
				"up": { "uv": [ 8.96, 0.96, 11.04, 3.04 ], "texture": "#skeleton" },
				"north": { "uv": [ 8.96, 0.96, 11.04, 3.04 ], "texture": "#skeleton" },
				"south": { "uv": [ 8.96, 0.96, 11.04, 3.04 ], "texture": "#skeleton" },
				"west": { "uv": [ 8.96, 0.96, 11.04, 3.04 ], "texture": "#skeleton" },
				"east": { "uv": [ 8.96, 0.96, 11.04, 3.04 ], "texture": "#skeleton" }
			}
		},
		{
			"__comment": "Voxels-FDFFFE",
			"from": [ 11, 6.5, 11 ],
			"to": [ 11.5, 7, 11.5 ],
			"faces": {
				"down": { "uv": [ 8.96, 0.96, 11.04, 3.04 ], "texture": "#skeleton" },
				"up": { "uv": [ 8.96, 0.96, 11.04, 3.04 ], "texture": "#skeleton" },
				"north": { "uv": [ 8.96, 0.96, 11.04, 3.04 ], "texture": "#skeleton" },
				"south": { "uv": [ 8.96, 0.96, 11.04, 3.04 ], "texture": "#skeleton" },
				"west": { "uv": [ 8.96, 0.96, 11.04, 3.04 ], "texture": "#skeleton" },
				"east": { "uv": [ 8.96, 0.96, 11.04, 3.04 ], "texture": "#skeleton" }
			}
		},
		{
			"__comment": "Voxels-FDFFFE",
			"from": [ 11, 7, 9 ],
			"to": [ 12, 7.5, 9.5 ],
			"faces": {
				"down": { "uv": [ 8.96, 0.96, 11.04, 3.04 ], "texture": "#skeleton" },
				"up": { "uv": [ 8.96, 0.96, 11.04, 3.04 ], "texture": "#skeleton" },
				"north": { "uv": [ 8.96, 0.96, 11.04, 3.04 ], "texture": "#skeleton" },
				"south": { "uv": [ 8.96, 0.96, 11.04, 3.04 ], "texture": "#skeleton" },
				"west": { "uv": [ 8.96, 0.96, 11.04, 3.04 ], "texture": "#skeleton" },
				"east": { "uv": [ 8.96, 0.96, 11.04, 3.04 ], "texture": "#skeleton" }
			}
		},
		{
			"__comment": "Voxels-FDFFFE",
			"from": [ 11, 7.5, 9 ],
			"to": [ 11.5, 8, 9.5 ],
			"faces": {
				"down": { "uv": [ 8.96, 0.96, 11.04, 3.04 ], "texture": "#skeleton" },
				"up": { "uv": [ 8.96, 0.96, 11.04, 3.04 ], "texture": "#skeleton" },
				"north": { "uv": [ 8.96, 0.96, 11.04, 3.04 ], "texture": "#skeleton" },
				"south": { "uv": [ 8.96, 0.96, 11.04, 3.04 ], "texture": "#skeleton" },
				"west": { "uv": [ 8.96, 0.96, 11.04, 3.04 ], "texture": "#skeleton" },
				"east": { "uv": [ 8.96, 0.96, 11.04, 3.04 ], "texture": "#skeleton" }
			}
		},
		{
			"__comment": "Voxels-FDFFFE",
			"from": [ 11.5, 2.5, 9 ],
			"to": [ 12, 7, 9.5 ],
			"faces": {
				"down": { "uv": [ 8.96, 0.96, 11.04, 3.04 ], "texture": "#skeleton" },
				"up": { "uv": [ 8.96, 0.96, 11.04, 3.04 ], "texture": "#skeleton" },
				"north": { "uv": [ 8.96, 0.96, 11.04, 3.04 ], "texture": "#skeleton" },
				"south": { "uv": [ 8.96, 0.96, 11.04, 3.04 ], "texture": "#skeleton" },
				"west": { "uv": [ 8.96, 0.96, 11.04, 3.04 ], "texture": "#skeleton" },
				"east": { "uv": [ 8.96, 0.96, 11.04, 3.04 ], "texture": "#skeleton" }
			}
		},
		{
			"__comment": "Voxels-FDFFFE",
			"from": [ 11.5, 3, 10 ],
			"to": [ 12, 6, 10.5 ],
			"faces": {
				"down": { "uv": [ 8.96, 0.96, 11.04, 3.04 ], "texture": "#skeleton" },
				"up": { "uv": [ 8.96, 0.96, 11.04, 3.04 ], "texture": "#skeleton" },
				"north": { "uv": [ 8.96, 0.96, 11.04, 3.04 ], "texture": "#skeleton" },
				"south": { "uv": [ 8.96, 0.96, 11.04, 3.04 ], "texture": "#skeleton" },
				"west": { "uv": [ 8.96, 0.96, 11.04, 3.04 ], "texture": "#skeleton" },
				"east": { "uv": [ 8.96, 0.96, 11.04, 3.04 ], "texture": "#skeleton" }
			}
		},
		{
			"__comment": "Voxels-FDFFFE",
			"from": [ 11.5, 3.5, 10.5 ],
			"to": [ 12, 5.5, 11 ],
			"faces": {
				"down": { "uv": [ 8.96, 0.96, 11.04, 3.04 ], "texture": "#skeleton" },
				"up": { "uv": [ 8.96, 0.96, 11.04, 3.04 ], "texture": "#skeleton" },
				"north": { "uv": [ 8.96, 0.96, 11.04, 3.04 ], "texture": "#skeleton" },
				"south": { "uv": [ 8.96, 0.96, 11.04, 3.04 ], "texture": "#skeleton" },
				"west": { "uv": [ 8.96, 0.96, 11.04, 3.04 ], "texture": "#skeleton" },
				"east": { "uv": [ 8.96, 0.96, 11.04, 3.04 ], "texture": "#skeleton" }
			}
		},
		{
			"__comment": "Voxels-312E33",
			"from": [ 11.5, 4.5, 2.5 ],
			"to": [ 12, 5, 9 ],
			"faces": {
				"down": { "uv": [ 4.96, 4.96, 7.04, 7.04 ], "texture": "#skeleton" },
				"up": { "uv": [ 4.96, 4.96, 7.04, 7.04 ], "texture": "#skeleton" },
				"north": { "uv": [ 4.96, 4.96, 7.04, 7.04 ], "texture": "#skeleton" },
				"south": { "uv": [ 4.96, 4.96, 7.04, 7.04 ], "texture": "#skeleton" },
				"west": { "uv": [ 4.96, 4.96, 7.04, 7.04 ], "texture": "#skeleton" },
				"east": { "uv": [ 4.96, 4.96, 7.04, 7.04 ], "texture": "#skeleton" }
			}
		},
		{
			"__comment": "Voxels-373439",
			"from": [ 11.5, 5, 2.5 ],
			"to": [ 12, 5.5, 9 ],
			"faces": {
				"down": { "uv": [ 8.96, 4.96, 11.04, 7.04 ], "texture": "#skeleton" },
				"up": { "uv": [ 8.96, 4.96, 11.04, 7.04 ], "texture": "#skeleton" },
				"north": { "uv": [ 8.96, 4.96, 11.04, 7.04 ], "texture": "#skeleton" },
				"south": { "uv": [ 8.96, 4.96, 11.04, 7.04 ], "texture": "#skeleton" },
				"west": { "uv": [ 8.96, 4.96, 11.04, 7.04 ], "texture": "#skeleton" },
				"east": { "uv": [ 8.96, 4.96, 11.04, 7.04 ], "texture": "#skeleton" }
			}
		},
		{
			"__comment": "Voxels-FDFFFE",
			"from": [ 11.5, 6, 9.5 ],
			"to": [ 12, 6.5, 10 ],
			"faces": {
				"down": { "uv": [ 8.96, 0.96, 11.04, 3.04 ], "texture": "#skeleton" },
				"up": { "uv": [ 8.96, 0.96, 11.04, 3.04 ], "texture": "#skeleton" },
				"north": { "uv": [ 8.96, 0.96, 11.04, 3.04 ], "texture": "#skeleton" },
				"south": { "uv": [ 8.96, 0.96, 11.04, 3.04 ], "texture": "#skeleton" },
				"west": { "uv": [ 8.96, 0.96, 11.04, 3.04 ], "texture": "#skeleton" },
				"east": { "uv": [ 8.96, 0.96, 11.04, 3.04 ], "texture": "#skeleton" }
			}
		},
		{
			"__comment": "Voxels-FDFFFE",
			"from": [ 11.5, 6, 10.5 ],
			"to": [ 12, 6.5, 11 ],
			"faces": {
				"down": { "uv": [ 8.96, 0.96, 11.04, 3.04 ], "texture": "#skeleton" },
				"up": { "uv": [ 8.96, 0.96, 11.04, 3.04 ], "texture": "#skeleton" },
				"north": { "uv": [ 8.96, 0.96, 11.04, 3.04 ], "texture": "#skeleton" },
				"south": { "uv": [ 8.96, 0.96, 11.04, 3.04 ], "texture": "#skeleton" },
				"west": { "uv": [ 8.96, 0.96, 11.04, 3.04 ], "texture": "#skeleton" },
				"east": { "uv": [ 8.96, 0.96, 11.04, 3.04 ], "texture": "#skeleton" }
			}
		},
		{
			"__comment": "Voxels-FDFFFE",
			"from": [ 11.5, 7, 9.5 ],
			"to": [ 12, 7.5, 10 ],
			"faces": {
				"down": { "uv": [ 8.96, 0.96, 11.04, 3.04 ], "texture": "#skeleton" },
				"up": { "uv": [ 8.96, 0.96, 11.04, 3.04 ], "texture": "#skeleton" },
				"north": { "uv": [ 8.96, 0.96, 11.04, 3.04 ], "texture": "#skeleton" },
				"south": { "uv": [ 8.96, 0.96, 11.04, 3.04 ], "texture": "#skeleton" },
				"west": { "uv": [ 8.96, 0.96, 11.04, 3.04 ], "texture": "#skeleton" },
				"east": { "uv": [ 8.96, 0.96, 11.04, 3.04 ], "texture": "#skeleton" }
			}
		},
		{
			"__comment": "Voxels-F4F4F4",
			"from": [ 7, 1.5, 11.5 ],
			"to": [ 7.95, 2, 12 ],
			"faces": {
				"down": { "uv": [ 4.96, 0.96, 7.04, 3.04 ], "texture": "#skeleton" },
				"up": { "uv": [ 4.96, 0.96, 7.04, 3.04 ], "texture": "#skeleton" },
				"north": { "uv": [ 4.96, 0.96, 7.04, 3.04 ], "texture": "#skeleton" },
				"south": { "uv": [ 4.96, 0.96, 7.04, 3.04 ], "texture": "#skeleton" },
				"west": { "uv": [ 4.96, 0.96, 7.04, 3.04 ], "texture": "#skeleton" },
				"east": { "uv": [ 4.96, 0.96, 7.04, 3.04 ], "texture": "#skeleton" }
			}
		},
		{
			"__comment": "Voxels-F4F4F4",
			"from": [ 7, 1, 11.5 ],
			"to": [ 7.95, 1.5, 12 ],
			"faces": {
				"down": { "uv": [ 4.96, 0.96, 7.04, 3.04 ], "texture": "#skeleton" },
				"up": { "uv": [ 4.96, 0.96, 7.04, 3.04 ], "texture": "#skeleton" },
				"north": { "uv": [ 4.96, 0.96, 7.04, 3.04 ], "texture": "#skeleton" },
				"south": { "uv": [ 4.96, 0.96, 7.04, 3.04 ], "texture": "#skeleton" },
				"west": { "uv": [ 4.96, 0.96, 7.04, 3.04 ], "texture": "#skeleton" },
				"east": { "uv": [ 4.96, 0.96, 7.04, 3.04 ], "texture": "#skeleton" }
			}
		}
	],
	"display": {
    "gui": {
        "rotation": [ 330, 135, 0 ],
        "translation": [ 0.00, 3.00, 0.00 ],
        "scale": [ 2.00, 2.00, 2.00 ]
    },
    "head": {
        "rotation": [ -0, -180, 0 ],
        "translation": [ 0.00, 3.00, -2.50 ],
        "scale": [ 2.25, 2.25, 2.25 ]
		}
	}
}