{
	"__comment": "Designed by Colin0904 with Cubik Studio - https://cubik.studio",
	"textures": {
		"particle": "items/e_particle",
		"texture": "items/shield"
	},
	"elements": [
		{
			"__comment": "Cube1",
			"from": [ 3.5, 1.5, 2.5 ],
			"to": [ 12.5, 2, 13 ],
			"faces": {
				"down": { "uv": [ 4, 3, 12, 13 ], "texture": "#texture" },
				"up": { "uv": [ 4, 3, 12, 13 ], "texture": "#texture" },
				"north": { "uv": [ 4, 3, 12, 13 ], "texture": "#texture" },
				"south": { "uv": [ 4, 3, 12, 13 ], "texture": "#texture" },
				"west": { "uv": [ 4, 3, 12, 13 ], "texture": "#texture" },
				"east": { "uv": [ 4, 3, 12, 13 ], "texture": "#texture" }
			}
		},
		{
			"__comment": "Cube1",
			"from": [ 2.5, 0.5, 2.5 ],
			"to": [ 13.5, 1.5, 13 ],
			"faces": {
				"down": { "uv": [ 2.5, 4, 3.5, 12 ], "texture": "#texture" },
				"up": { "uv": [ 2.5, 3, 3.5, 13 ], "texture": "#texture" },
				"north": { "uv": [ 2.5, 4, 3.5, 12 ], "texture": "#texture" },
				"south": { "uv": [ 2.5, 4, 3.5, 12 ], "texture": "#texture" },
				"west": { "uv": [ 2.5, 4, 3.5, 12 ], "texture": "#texture" },
				"east": { "uv": [ 2.5, 4, 3.5, 12 ], "texture": "#texture" }
			}
		},
		{
			"__comment": "Cube3",
			"from": [ 7.5, -3.25, 9.5 ],
			"to": [ 8.5, 0.5, 10 ],
			"faces": {
				"down": { "uv": [ 15, 6, 15.5, 8 ], "texture": "#texture" },
				"up": { "uv": [ 15, 6, 15.5, 8 ], "texture": "#texture" },
				"north": { "uv": [ 15, 6, 15.5, 8 ], "texture": "#texture" },
				"south": { "uv": [ 15, 6, 15.5, 8 ], "texture": "#texture" },
				"west": { "uv": [ 15, 6, 15.5, 8 ], "texture": "#texture" },
				"east": { "uv": [ 15, 6, 15.5, 8 ], "texture": "#texture" }
			}
		},
		{
			"__comment": "Cube3",
			"from": [ 7.5, -3.75, 5.5 ],
			"to": [ 8.5, -3.25, 10 ],
			"faces": {
				"down": { "uv": [ 15, 10.5, 15.5, 11 ], "texture": "#texture" },
				"up": { "uv": [ 15, 10.5, 15.5, 11 ], "texture": "#texture" },
				"north": { "uv": [ 15, 10.5, 15.5, 11 ], "texture": "#texture" },
				"south": { "uv": [ 15, 10.5, 15.5, 11 ], "texture": "#texture" },
				"west": { "uv": [ 15, 10.5, 15.5, 11 ], "texture": "#texture" },
				"east": { "uv": [ 15, 10.5, 15.5, 11 ], "texture": "#texture" }
			}
		},
		{
			"__comment": "Cube3",
			"from": [ 7.5, -3.25, 5.5 ],
			"to": [ 8.5, 0.5, 6 ],
			"faces": {
				"down": { "uv": [ 15, 6, 15.5, 8 ], "texture": "#texture" },
				"up": { "uv": [ 15, 6, 15.5, 8 ], "texture": "#texture" },
				"north": { "uv": [ 15, 6, 15.5, 8 ], "texture": "#texture" },
				"south": { "uv": [ 15, 6, 15.5, 8 ], "texture": "#texture" },
				"west": { "uv": [ 15, 6, 15.5, 8 ], "texture": "#texture" },
				"east": { "uv": [ 15, 6, 15.5, 8 ], "texture": "#texture" }
			}
		},
		{
			"__comment": "Cube8",
			"from": [ 2.5, 0.5, 1.5 ],
			"to": [ 13.5, 1.5, 2.5 ],
			"faces": {
				"down": { "uv": [ 2.5, 2, 13.5, 3 ], "texture": "#texture" },
				"up": { "uv": [ 2, 1.5, 14, 3 ], "texture": "#texture" },
				"north": { "uv": [ 4.5, 13, 11.5, 14 ], "texture": "#texture" },
				"south": { "uv": [ 4.5, 13, 11.5, 14 ], "texture": "#texture" },
				"west": { "uv": [ 11.5, 13, 13.5, 14 ], "texture": "#texture" },
				"east": { "uv": [ 2.5, 13, 4, 14 ], "texture": "#texture" }
			}
		},
		{
			"__comment": "Cube8",
			"from": [ 2.5, 0.5, 13 ],
			"to": [ 13.5, 1.5, 14 ],
			"faces": {
				"down": { "uv": [ 2.5, 13, 13.5, 14 ], "texture": "#texture" },
				"up": { "uv": [ 2, 1.5, 14, 3 ], "texture": "#texture", "rotation": 180 },
				"north": { "uv": [ 2.5, 2, 13.5, 3 ], "texture": "#texture" },
				"south": { "uv": [ 2.5, 2, 13.5, 3 ], "texture": "#texture" },
				"west": { "uv": [ 3, 13, 4.5, 13.5 ], "texture": "#texture" },
				"east": { "uv": [ 3, 13, 4, 13.5 ], "texture": "#texture" }
			}
		}
	],
"display": {
    "head": {
        "rotation": [ 0, 0, 0 ],
        "translation": [ 0, 21, 0 ],
        "scale": [ 3, 3, 3 ]
    },
    "gui": {
        "rotation": [ 90, 0, 0 ],
        "translation": [ 0, -0.38, 0 ],
        "scale": [ 1, 1, 1 ]
    }
}
}