{
    "__comment": "Model generated using MrCrayfish's Model Creator (http://mrcrayfish.com/modelcreator/)",
    "textures": {
        "0": "blocks/Frost_king",
        "1": "blocks/Frost_superduper_crown"
    },
    "elements": [
        {
            "name": "Cube",
            "from": [ 3.000000014901161, 8.0, 2.4999999925494194 ], 
            "to": [ 13.0, 15.0, 3.4999999925494194 ], 
            "faces": {
                "north": { "texture": "#0", "uv": [ 1.5, 0.600000000000009, 6.399999985098837, 3.0 ] },
                "east": { "texture": "#0", "uv": [ 4.0, 0.0, 7.0, 4.0 ] },
                "south": { "texture": "#0", "uv": [ 2.0, 0.0, 6.999999985098839, 4.0 ] },
                "west": { "texture": "#0", "uv": [ 2.0, 0.0, 7.0, 4.0 ] },
                "up": { "texture": "#0", "uv": [ 2.0, 1.0, 6.999999985098839, 3.0 ] },
                "down": { "texture": "#0", "uv": [ 1.0, 2.0, 6.999999985098839, 4.0 ] }
            }
        },
        {
            "name": "Cube",
            "from": [ 3.000000014901161, 0.0, 2.4999999925494194 ], 
            "to": [ 13.0, 8.0, 3.4999999925494194 ], 
            "faces": {
                "north": { "texture": "#0", "uv": [ 0.5000000000000001, 6.000000000000007, 8.399999985098837, 8.000000000000004 ] },
                "east": { "texture": "#0", "uv": [ 4.0, 0.0, 7.0, 4.0 ] },
                "south": { "texture": "#0", "uv": [ 2.0, 0.0, 6.999999985098839, 4.0 ] },
                "west": { "texture": "#0", "uv": [ 2.0, 0.0, 7.0, 4.0 ] },
                "up": { "texture": "#0", "uv": [ 2.0, 1.0, 6.999999985098839, 3.0 ] },
                "down": { "texture": "#0", "uv": [ 1.0, 2.0, 6.999999985098839, 4.0 ] }
            }
        },
        {
            "name": "Cube",
            "from": [ 3.0, 0.0, 12.500000022351742 ], 
            "to": [ 12.999999985098839, 15.0, 13.500000022351742 ], 
            "faces": {
                "north": { "texture": "#0", "uv": [ 1.5, 0.600000000000009, 7.399999985098837, 4.0 ] },
                "east": { "texture": "#0", "uv": [ 4.0, 1.0, 7.0, 4.0 ] },
                "south": { "texture": "#0", "uv": [ 2.0, 1.0, 6.999999985098839, 4.0 ] },
                "west": { "texture": "#0", "uv": [ 2.0, 1.0, 7.0, 4.0 ] },
                "up": { "texture": "#0", "uv": [ 2.0, 1.0, 6.999999985098839, 3.0 ] },
                "down": { "texture": "#0", "uv": [ 1.0, 2.0, 6.999999985098839, 4.0 ] }
            }
        },
        {
            "name": "Cube",
            "from": [ 2.4999999925494194, 0.0, 11.500000022351742 ], 
            "to": [ 2.9999999701976776, 15.0, 12.500000022351742 ], 
            "faces": {
                "north": { "texture": "#0", "uv": [ 2.5, 0.600000000000009, 3.3999999850988374, 4.0 ] },
                "east": { "texture": "#0", "uv": [ 4.0, 0.0, 5.0, 4.0 ] },
                "south": { "texture": "#0", "uv": [ 2.0, 0.0, 2.999999985098839, 4.0 ] },
                "west": { "texture": "#0", "uv": [ 2.0, 0.0, 2.0, 4.0 ] },
                "up": { "texture": "#0", "uv": [ 2.0, 1.0, 2.999999985098839, 4.0 ] },
                "down": { "texture": "#0", "uv": [ 1.0, 2.0, 1.9999999850988388, 4.0 ] }
            }
        },
        {
            "name": "Cube",
            "from": [ 2.4999999925494194, 0.0, 3.0000000298023224 ], 
            "to": [ 2.9999999701976776, 15.0, 4.000000029802322 ], 
            "faces": {
                "north": { "texture": "#0", "uv": [ 2.5, 0.600000000000009, 3.3999999850988374, 4.0 ] },
                "east": { "texture": "#0", "uv": [ 4.0, 1.0, 5.0, 4.0 ] },
                "south": { "texture": "#0", "uv": [ 2.0, 1.0, 3.999999985098839, 3.0 ] },
                "west": { "texture": "#0", "uv": [ 2.0, 1.0, 4.0, 4.0 ] },
                "up": { "texture": "#0", "uv": [ 2.0, 2.0, 3.999999985098839, 3.0 ] },
                "down": { "texture": "#0", "uv": [ 1.0, 2.0, 2.999999985098839, 2.0 ] }
            }
        },
        {
            "name": "Cube",
            "from": [ 13.0, 0.0, 3.0000000298023224 ], 
            "to": [ 13.499999977648258, 15.0, 4.000000029802322 ], 
            "faces": {
                "north": { "texture": "#0", "uv": [ 1.5, 0.600000000000009, 4.399999985098837, 4.0 ] },
                "east": { "texture": "#0", "uv": [ 4.0, 0.0, 7.0, 2.0 ] },
                "south": { "texture": "#0", "uv": [ 2.0, 0.0, 3.999999985098839, 3.0 ] },
                "west": { "texture": "#0", "uv": [ 2.0, 0.0, 4.0, 2.0 ] },
                "up": { "texture": "#0", "uv": [ 2.0, 1.0, 3.999999985098839, 3.0 ] },
                "down": { "texture": "#0", "uv": [ 2.0, 2.0, 5.999999985098839, 4.0 ] }
            }
        },
        {
            "name": "Cube",
            "from": [ 13.0, 0.0, 11.500000022351742 ], 
            "to": [ 13.499999977648258, 15.0, 12.500000022351742 ], 
            "faces": {
                "north": { "texture": "#0", "uv": [ 1.5, 0.600000000000009, 4.399999985098837, 4.0 ] },
                "east": { "texture": "#0", "uv": [ 4.0, 0.0, 7.0, 2.0 ] },
                "south": { "texture": "#0", "uv": [ 2.0, 0.0, 3.999999985098839, 3.0 ] },
                "west": { "texture": "#0", "uv": [ 2.0, 0.0, 4.0, 2.0 ] },
                "up": { "texture": "#0", "uv": [ 2.0, 1.0, 3.999999985098839, 3.0 ] },
                "down": { "texture": "#0", "uv": [ 2.0, 2.0, 5.999999985098839, 4.0 ] }
            }
        },
        {
            "name": "Cube",
            "from": [ 13.0, 0.0, 4.0 ], 
            "to": [ 13.499999977648258, 15.0, 12.000000014901161 ], 
            "shade": false,
            "faces": {
                "north": { "texture": "#0", "uv": [ 2.5, 0.600000000000009, 5.399999985098837, 4.0 ] },
                "east": { "texture": "#0", "uv": [ 4.0, 1.0, 7.0, 3.0 ] },
                "south": { "texture": "#0", "uv": [ 2.0, 1.0, 3.999999985098839, 4.0 ] },
                "west": { "texture": "#0", "uv": [ 4.0, 1.0, 6.0, 3.0 ] },
                "up": { "texture": "#0", "uv": [ 2.0, 1.0, 3.999999985098839, 3.0 ] },
                "down": { "texture": "#0", "uv": [ 2.0, 2.0, 5.999999985098839, 4.0 ] }
            }
        },
        {
            "name": "Cube",
            "from": [ 2.0, 0.0, 4.000000014901161 ], 
            "to": [ 2.499999977648258, 15.0, 11.500000022351742 ], 
            "faces": {
                "north": { "texture": "#0", "uv": [ 1.5, 0.600000000000009, 4.399999985098837, 4.0 ] },
                "east": { "texture": "#0", "uv": [ 4.0, 0.0, 7.0, 2.0 ] },
                "south": { "texture": "#0", "uv": [ 2.0, 0.0, 3.999999985098839, 3.0 ] },
                "west": { "texture": "#0", "uv": [ 2.0, 0.0, 4.0, 2.0 ] },
                "up": { "texture": "#0", "uv": [ 2.0, 1.0, 3.999999985098839, 3.0 ] },
                "down": { "texture": "#0", "uv": [ 2.0, 2.0, 5.999999985098839, 4.0 ] }
            }
        },
        {
            "name": "Cube",
            "from": [ 6.0, 2.0, 2.3000000044703484 ], 
            "to": [ 9.999999985098839, 2.4999999925494194, 2.4999999925494194 ], 
            "faces": {
                "north": { "texture": "#0", "uv": [ 11.0, 3.0, 13.999999985098839, 2.4999999925494194 ] },
                "east": { "texture": "#0", "uv": [ 13.0, 2.0, 13.199999988079071, 2.4999999925494194 ] },
                "south": { "texture": "#0", "uv": [ 11.0, 2.0, 12.999999985098839, 2.4999999925494194 ] },
                "west": { "texture": "#0", "uv": [ 13.0, 2.0, 13.199999988079071, 2.4999999925494194 ] },
                "up": { "texture": "#0", "uv": [ 11.0, 3.0, 12.999999985098839, 3.199999988079071 ] },
                "down": { "texture": "#0", "uv": [ 11.0, 3.0, 13.999999985098839, 3.199999988079071 ] }
            }
        },
        {
            "name": "Cube",
            "from": [ 10.0, 3.4999999925494194, 2.2000000029802322 ], 
            "to": [ 11.0, 4.499999992549419, 2.4999999925494194 ], 
            "faces": {
                "north": { "texture": "#0", "uv": [ 2.0, 12.0, 3.4000000000000004, 13.499999999999998 ] },
                "east": { "texture": "#0", "uv": [ 3.0, 13.0, 3.299999989569187, 13.0 ] },
                "south": { "texture": "#0", "uv": [ 3.0, 13.0, 3.0, 13.0 ] },
                "west": { "texture": "#0", "uv": [ 3.0, 13.0, 3.299999989569187, 13.0 ] },
                "up": { "texture": "#0", "uv": [ 3.0, 13.0, 3.0, 13.299999989569187 ] },
                "down": { "texture": "#0", "uv": [ 3.0, 13.0, 3.0, 13.299999989569187 ] }
            }
        },
        {
            "name": "Cube",
            "from": [ 5.000000014901161, 3.4999999925494194, 2.2000000029802322 ], 
            "to": [ 6.000000014901161, 4.499999992549419, 2.4999999925494194 ], 
            "faces": {
                "north": { "texture": "#0", "uv": [ 2.1, 12.0, 3.4000000000000004, 13.399999999999999 ] },
                "east": { "texture": "#0", "uv": [ 3.0, 13.0, 3.299999989569187, 13.0 ] },
                "south": { "texture": "#0", "uv": [ 3.0, 13.0, 3.0, 13.0 ] },
                "west": { "texture": "#0", "uv": [ 3.0, 13.0, 3.299999989569187, 13.0 ] },
                "up": { "texture": "#0", "uv": [ 3.0, 12.0, 3.0, 12.299999989569187 ] },
                "down": { "texture": "#0", "uv": [ 3.0, 13.0, 3.0, 13.299999989569187 ] }
            }
        },
        {
            "name": "Cube",
            "from": [ 2.5000000074505806, 14.899999998509884, 3.0 ], 
            "to": [ 12.999999985098839, 15.199999988079071, 12.49999999254942 ], 
            "faces": {
                "north": { "texture": "#0", "uv": [ 1.0, 2.0, 5.999999985098839, 2.199999988079071 ] },
                "east": { "texture": "#0", "uv": [ 2.0, 2.0, 8.0, 2.199999988079071 ] },
                "south": { "texture": "#0", "uv": [ 2.0, 2.0, 6.999999985098839, 2.199999988079071 ] },
                "west": { "texture": "#0", "uv": [ 2.0, 2.0, 7.0, 3.199999988079071 ] },
                "up": { "texture": "#0", "uv": [ 2.0, 0.0, 4.999999985098839, 4.0 ] },
                "down": { "texture": "#0", "uv": [ 1.0, 0.0, 6.999999985098839, 4.0 ] }
            }
        },
        {
            "name": "Cube",
            "from": [ 3.0, 14.0, 2.0 ], 
            "to": [ 13.0, 16.0, 2.4999999925494194 ], 
            "faces": {
                "north": { "texture": "#1", "uv": [ 0.0, 12.0, 16.0, 13.0 ] },
                "east": { "texture": "#1", "uv": [ 0.0, 12.0, 2.4999999925494194, 13.0 ] },
                "south": { "texture": "#1", "uv": [ 0.0, 12.0, 3.0, 13.0 ] },
                "west": { "texture": "#1", "uv": [ 0.0, 12.0, 2.4999999925494194, 13.0 ] },
                "up": { "texture": "#1", "uv": [ 0.0, 12.0, 16.0, 12.49999999254942 ] },
                "down": { "texture": "#1", "uv": [ 0.0, 12.0, 16.0, 12.49999999254942 ] }
            }
        },
        {
            "name": "Cube",
            "from": [ 3.0, 14.0, 13.49999999254942 ], 
            "to": [ 13.0, 16.0, 13.999999985098839 ], 
            "faces": {
                "north": { "texture": "#1", "uv": [ 0.0, 12.0, 16.0, 13.0 ] },
                "east": { "texture": "#1", "uv": [ 0.0, 12.0, 2.4999999925494194, 13.0 ] },
                "south": { "texture": "#1", "uv": [ 0.0, 12.0, 16.0, 13.0 ] },
                "west": { "texture": "#1", "uv": [ 0.0, 12.0, 2.4999999925494194, 13.0 ] },
                "up": { "texture": "#1", "uv": [ 0.0, 12.0, 16.0, 12.49999999254942 ] },
                "down": { "texture": "#1", "uv": [ 0.0, 12.0, 16.0, 12.49999999254942 ] }
            }
        },
        {
            "name": "Cube",
            "from": [ 13.0, 14.0, 12.799999997019768 ], 
            "to": [ 13.49999999254942, 16.0, 13.999999985098839 ], 
            "faces": {
                "north": { "texture": "#1", "uv": [ 0.0, 12.0, 16.0, 13.0 ] },
                "east": { "texture": "#1", "uv": [ 3.0, 12.0, 6.499999992549419, 13.0 ] },
                "south": { "texture": "#1", "uv": [ 0.0, 12.0, 3.0, 13.0 ] },
                "west": { "texture": "#1", "uv": [ 0.0, 12.0, 2.4999999925494194, 13.0 ] },
                "up": { "texture": "#1", "uv": [ 0.0, 12.0, 1.0, 12.49999999254942 ] },
                "down": { "texture": "#1", "uv": [ 0.0, 12.0, 1.0, 12.49999999254942 ] }
            }
        },
        {
            "name": "Cube",
            "from": [ 2.5000000074505806, 14.0, 12.49999999254942 ], 
            "to": [ 3.0, 16.0, 13.999999985098839 ], 
            "faces": {
                "north": { "texture": "#1", "uv": [ 0.0, 12.0, 16.0, 13.0 ] },
                "east": { "texture": "#1", "uv": [ 3.0, 12.0, 6.499999992549419, 13.0 ] },
                "south": { "texture": "#1", "uv": [ 0.0, 12.0, 3.0, 13.0 ] },
                "west": { "texture": "#1", "uv": [ 0.0, 12.0, 2.4999999925494194, 13.0 ] },
                "up": { "texture": "#1", "uv": [ 0.0, 12.0, 1.0, 12.49999999254942 ] },
                "down": { "texture": "#1", "uv": [ 0.0, 12.0, 1.0, 12.49999999254942 ] }
            }
        },
        {
            "name": "Cube",
            "from": [ 2.5000000074505806, 14.0, 1.9999999701976776 ], 
            "to": [ 3.0, 16.0, 2.9999999701976776 ], 
            "faces": {
                "north": { "texture": "#1", "uv": [ 0.0, 12.0, 3.0, 13.0 ] },
                "east": { "texture": "#1", "uv": [ 3.0, 12.0, 6.499999992549419, 13.0 ] },
                "south": { "texture": "#1", "uv": [ 0.0, 12.0, 3.0, 13.0 ] },
                "west": { "texture": "#1", "uv": [ 0.0, 12.0, 2.4999999925494194, 13.0 ] },
                "up": { "texture": "#1", "uv": [ 0.0, 12.0, 1.0, 12.49999999254942 ] },
                "down": { "texture": "#1", "uv": [ 0.0, 12.0, 1.0, 12.49999999254942 ] }
            }
        },
        {
            "name": "Cube",
            "from": [ 13.0, 14.0, 1.9999999701976776 ], 
            "to": [ 13.49999999254942, 16.0, 2.9999999701976776 ], 
            "faces": {
                "north": { "texture": "#1", "uv": [ 0.0, 12.0, 3.0, 13.0 ] },
                "east": { "texture": "#1", "uv": [ 3.0, 12.0, 6.499999992549419, 13.0 ] },
                "south": { "texture": "#1", "uv": [ 0.0, 12.0, 3.0, 13.0 ] },
                "west": { "texture": "#1", "uv": [ 0.0, 12.0, 2.4999999925494194, 13.0 ] },
                "up": { "texture": "#1", "uv": [ 0.0, 12.0, 1.0, 12.49999999254942 ] },
                "down": { "texture": "#1", "uv": [ 0.0, 12.0, 1.0, 12.49999999254942 ] }
            }
        },
        {
            "name": "Cube",
            "from": [ 13.300000004470348, 14.0, 2.7999999821186066 ], 
            "to": [ 13.799999997019768, 16.0, 12.799999982118607 ], 
            "faces": {
                "north": { "texture": "#1", "uv": [ 0.0, 12.0, 2.0, 13.0 ] },
                "east": { "texture": "#1", "uv": [ 0.0, 12.0, 15.49999999254942, 13.0 ] },
                "south": { "texture": "#1", "uv": [ 0.0, 12.0, 3.0, 13.0 ] },
                "west": { "texture": "#1", "uv": [ 0.0, 12.0, 2.4999999925494194, 13.0 ] },
                "up": { "texture": "#1", "uv": [ 0.0, 12.0, 1.0, 12.49999999254942 ] },
                "down": { "texture": "#1", "uv": [ 0.0, 12.0, 1.0, 12.49999999254942 ] }
            }
        },
        {
            "name": "Cube",
            "from": [ 1.7000000104308128, 14.0, 2.7999999821186066 ], 
            "to": [ 2.0, 16.0, 12.799999982118607 ], 
            "faces": {
                "north": { "texture": "#1", "uv": [ 0.0, 12.0, 2.0, 13.0 ] },
                "east": { "texture": "#1", "uv": [ 0.0, 12.0, 1.4999999925494194, 13.0 ] },
                "south": { "texture": "#1", "uv": [ 0.0, 12.0, 3.0, 13.0 ] },
                "west": { "texture": "#1", "uv": [ 0.0, 12.0, 15.49999999254942, 13.0 ] },
                "up": { "texture": "#1", "uv": [ 1.0, 12.0, 3.0, 12.49999999254942 ] },
                "down": { "texture": "#1", "uv": [ 0.0, 12.0, 1.0, 11.49999999254942 ] }
            }
        },
        {
            "name": "Cube",
            "from": [ 1.6999999955296516, 14.000000014901161, 2.499999977648258 ], 
            "to": [ 2.4999999925494194, 16.0, 3.999999985098839 ], 
            "faces": {
                "north": { "texture": "#1", "uv": [ 0.0, 12.0, 3.0, 13.0 ] },
                "east": { "texture": "#1", "uv": [ 3.0, 12.0, 6.499999992549419, 13.0 ] },
                "south": { "texture": "#1", "uv": [ 0.0, 12.0, 3.0, 13.0 ] },
                "west": { "texture": "#1", "uv": [ 0.0, 12.0, 2.4999999925494194, 13.0 ] },
                "up": { "texture": "#1", "uv": [ 0.0, 12.0, 1.0, 12.49999999254942 ] },
                "down": { "texture": "#1", "uv": [ 0.0, 12.0, 1.0, 12.49999999254942 ] }
            }
        },
        {
            "name": "Cube",
            "from": [ 1.6999999955296516, 14.000000014901161, 12.499999962747097 ], 
            "to": [ 2.4999999925494194, 16.00000001490116, 13.499999977648258 ], 
            "faces": {
                "north": { "texture": "#1", "uv": [ 0.0, 12.0, 3.0, 13.0 ] },
                "east": { "texture": "#1", "uv": [ 3.0, 12.0, 6.499999992549419, 13.0 ] },
                "south": { "texture": "#1", "uv": [ 0.0, 12.0, 3.0, 13.0 ] },
                "west": { "texture": "#1", "uv": [ 0.0, 12.0, 2.4999999925494194, 13.0 ] },
                "up": { "texture": "#1", "uv": [ 0.0, 12.0, 1.0, 12.49999999254942 ] },
                "down": { "texture": "#1", "uv": [ 0.0, 12.0, 1.0, 12.49999999254942 ] }
            }
        },
        {
            "name": "Cube",
            "from": [ 6.499999992549419, 16.0, 1.4999999925494194 ], 
            "to": [ 9.000000014901161, 18.19999997317791, 1.9999999850988388 ], 
            "faces": {
                "north": { "texture": "#1", "uv": [ 5.0, 8.0, 8.500000022351742, 9.499999977648258 ] },
                "east": { "texture": "#1", "uv": [ 5.0, 8.0, 8.49999999254942, 9.499999977648258 ] },
                "south": { "texture": "#1", "uv": [ 5.0, 8.0, 8.500000022351742, 9.499999977648258 ] },
                "west": { "texture": "#1", "uv": [ 5.0, 8.0, 8.49999999254942, 9.499999977648258 ] },
                "up": { "texture": "#1", "uv": [ 5.0, 8.0, 8.500000022351742, 9.49999999254942 ] },
                "down": { "texture": "#1", "uv": [ 5.0, 8.0, 8.500000022351742, 9.49999999254942 ] }
            }
        },
        {
            "name": "Cube",
            "from": [ 6.799999997019768, 18.200000017881393, 1.4999999925494194 ], 
            "to": [ 8.700000010430813, 19.69999999552965, 1.9999999850988388 ], 
            "faces": {
                "north": { "texture": "#1", "uv": [ 5.0, 7.0, 7.900000013411045, 8.499999977648258 ] },
                "east": { "texture": "#1", "uv": [ 6.0, 7.0, 5.499999992549419, 7.499999977648258 ] },
                "south": { "texture": "#1", "uv": [ 5.0, 7.0, 5.900000013411045, 8.499999977648258 ] },
                "west": { "texture": "#1", "uv": [ 5.0, 7.0, 5.499999992549419, 8.499999977648258 ] },
                "up": { "texture": "#1", "uv": [ 5.0, 7.0, 7.900000013411045, 8.49999999254942 ] },
                "down": { "texture": "#1", "uv": [ 5.0, 7.0, 7.900000013411045, 8.49999999254942 ] }
            }
        },
        {
            "name": "Cube",
            "from": [ 7.0, 19.700000010430813, 1.4999999925494194 ], 
            "to": [ 8.50000000745058, 21.399999991059303, 1.9999999850988388 ], 
            "faces": {
                "north": { "texture": "#1", "uv": [ 6.0, 5.0, 7.500000007450581, 6.499999977648258 ] },
                "east": { "texture": "#1", "uv": [ 6.0, 5.0, 6.499999992549419, 6.499999977648258 ] },
                "south": { "texture": "#1", "uv": [ 6.0, 5.0, 7.500000007450581, 6.499999977648258 ] },
                "west": { "texture": "#1", "uv": [ 7.0, 5.0, 7.499999992549419, 6.499999977648258 ] },
                "up": { "texture": "#1", "uv": [ 6.0, 5.0, 7.500000007450581, 5.499999992549419 ] },
                "down": { "texture": "#1", "uv": [ 6.0, 5.0, 7.500000007450581, 5.499999992549419 ] }
            }
        },
        {
            "name": "Cube",
            "from": [ 7.200000002980232, 21.400000005960464, 1.4999999925494194 ], 
            "to": [ 8.300000004470348, 23.099999986588955, 1.9999999850988388 ], 
            "faces": {
                "north": { "texture": "#1", "uv": [ 6.399999999999999, 3.0, 7.100000001490116, 4.499999977648258 ] },
                "east": { "texture": "#1", "uv": [ 6.0, 3.0, 6.499999992549419, 4.499999977648258 ] },
                "south": { "texture": "#1", "uv": [ 7.0, 4.0, 7.100000001490116, 5.499999977648258 ] },
                "west": { "texture": "#1", "uv": [ 6.0, 5.0, 6.499999992549419, 5.499999977648258 ] },
                "up": { "texture": "#1", "uv": [ 7.0, 5.0, 7.100000001490116, 4.499999992549419 ] },
                "down": { "texture": "#1", "uv": [ 7.0, 5.0, 7.100000001490116, 5.499999992549419 ] }
            }
        },
        {
            "name": "Cube",
            "from": [ 7.500000007450581, 23.00000001490116, 1.4999999925494194 ], 
            "to": [ 8.0, 24.49999999254942, 1.9999999850988388 ], 
            "faces": {
                "north": { "texture": "#1", "uv": [ 6.499999999999998, 5.0, 6.999999992549418, 5.999999970197678 ] },
                "east": { "texture": "#1", "uv": [ 6.0, 5.0, 6.499999992549419, 5.999999970197678 ] },
                "south": { "texture": "#1", "uv": [ 6.0, 5.0, 6.499999992549419, 5.999999970197678 ] },
                "west": { "texture": "#1", "uv": [ 7.0, 5.0, 7.499999992549419, 5.999999970197678 ] },
                "up": { "texture": "#1", "uv": [ 7.0, 5.0, 7.499999992549419, 5.499999992549419 ] },
                "down": { "texture": "#1", "uv": [ 7.0, 5.0, 7.499999992549419, 5.499999992549419 ] }
            }
        },
        {
            "name": "Cube",
            "from": [ 6.499999992549419, 16.0, 14.0 ], 
            "to": [ 9.000000014901161, 17.899999983608723, 14.49999999254942 ], 
            "faces": {
                "north": { "texture": "#1", "uv": [ 5.1, 8.0, 8.500000022351742, 9.499999977648258 ] },
                "east": { "texture": "#1", "uv": [ 5.0, 8.0, 8.49999999254942, 9.499999977648258 ] },
                "south": { "texture": "#1", "uv": [ 5.0, 8.0, 8.500000022351742, 9.499999977648258 ] },
                "west": { "texture": "#1", "uv": [ 5.0, 8.0, 8.49999999254942, 9.499999977648258 ] },
                "up": { "texture": "#1", "uv": [ 5.0, 8.0, 8.500000022351742, 9.49999999254942 ] },
                "down": { "texture": "#1", "uv": [ 5.0, 8.0, 8.500000022351742, 9.49999999254942 ] }
            }
        },
        {
            "name": "Cube",
            "from": [ 6.799999997019768, 17.900000013411045, 14.0 ], 
            "to": [ 8.700000010430813, 19.599999994039536, 14.49999999254942 ], 
            "faces": {
                "north": { "texture": "#1", "uv": [ 5.0, 8.0, 7.900000013411045, 8.499999977648258 ] },
                "east": { "texture": "#1", "uv": [ 6.0, 7.0, 5.499999992549419, 7.499999977648258 ] },
                "south": { "texture": "#1", "uv": [ 5.299999999999999, 7.0, 8.200000013411044, 8.499999977648258 ] },
                "west": { "texture": "#1", "uv": [ 5.0, 7.0, 5.499999992549419, 8.499999977648258 ] },
                "up": { "texture": "#1", "uv": [ 5.0, 9.0, 7.900000013411045, 9.49999999254942 ] },
                "down": { "texture": "#1", "uv": [ 5.0, 9.0, 7.900000013411045, 8.49999999254942 ] }
            }
        },
        {
            "name": "Cube",
            "from": [ 7.0, 19.600000008940697, 14.0 ], 
            "to": [ 8.50000000745058, 21.299999989569187, 14.49999999254942 ], 
            "faces": {
                "north": { "texture": "#1", "uv": [ 6.0, 5.0, 7.500000007450581, 6.499999977648258 ] },
                "east": { "texture": "#1", "uv": [ 6.0, 5.0, 6.499999992549419, 6.499999977648258 ] },
                "south": { "texture": "#1", "uv": [ 6.0, 5.0, 7.500000007450581, 6.499999977648258 ] },
                "west": { "texture": "#1", "uv": [ 7.0, 5.0, 7.499999992549419, 6.499999977648258 ] },
                "up": { "texture": "#1", "uv": [ 6.0, 5.0, 7.500000007450581, 5.499999992549419 ] },
                "down": { "texture": "#1", "uv": [ 6.0, 5.0, 7.500000007450581, 5.499999992549419 ] }
            }
        },
        {
            "name": "Cube",
            "from": [ 7.200000002980232, 21.299999989569187, 14.0 ], 
            "to": [ 8.300000004470348, 22.999999970197678, 14.49999999254942 ], 
            "faces": {
                "north": { "texture": "#1", "uv": [ 6.499999999999998, 4.600000000000001, 7.100000001490116, 5.499999977648258 ] },
                "east": { "texture": "#1", "uv": [ 6.0, 3.0, 6.499999992549419, 4.499999977648258 ] },
                "south": { "texture": "#1", "uv": [ 7.199999999999999, 3.8, 6.300000001490115, 4.399999977648262 ] },
                "west": { "texture": "#1", "uv": [ 6.0, 5.0, 6.499999992549419, 5.499999977648258 ] },
                "up": { "texture": "#1", "uv": [ 7.0, 5.0, 7.100000001490116, 4.499999992549419 ] },
                "down": { "texture": "#1", "uv": [ 7.0, 5.0, 7.100000001490116, 5.499999992549419 ] }
            }
        },
        {
            "name": "Cube",
            "from": [ 7.500000007450581, 23.0, 14.0 ], 
            "to": [ 8.0, 24.499999977648258, 14.49999999254942 ], 
            "faces": {
                "north": { "texture": "#1", "uv": [ 6.499999999999998, 5.0, 6.999999992549418, 5.999999970197678 ] },
                "east": { "texture": "#1", "uv": [ 6.0, 5.0, 6.499999992549419, 5.999999970197678 ] },
                "south": { "texture": "#1", "uv": [ 6.0, 5.0, 6.499999992549419, 5.999999970197678 ] },
                "west": { "texture": "#1", "uv": [ 7.0, 5.0, 7.499999992549419, 5.999999970197678 ] },
                "up": { "texture": "#1", "uv": [ 7.0, 5.0, 7.499999992549419, 5.499999992549419 ] },
                "down": { "texture": "#1", "uv": [ 7.0, 5.0, 7.499999992549419, 5.499999992549419 ] }
            }
        },
        {
            "name": "Cube",
            "from": [ 13.49999999254942, 16.0, 7.0 ], 
            "to": [ 14.0, 17.999999970197678, 9.49999999254942 ], 
            "faces": {
                "north": { "texture": "#1", "uv": [ 5.1, 8.0, 8.500000022351742, 9.499999977648258 ] },
                "east": { "texture": "#1", "uv": [ 5.0, 8.0, 8.49999999254942, 9.499999977648258 ] },
                "south": { "texture": "#1", "uv": [ 5.0, 8.0, 8.500000022351742, 9.499999977648258 ] },
                "west": { "texture": "#1", "uv": [ 5.0, 8.0, 8.49999999254942, 9.499999977648258 ] },
                "up": { "texture": "#1", "uv": [ 5.0, 8.0, 8.500000022351742, 9.49999999254942 ] },
                "down": { "texture": "#1", "uv": [ 5.0, 8.0, 8.500000022351742, 9.49999999254942 ] }
            }
        },
        {
            "name": "Cube",
            "from": [ 13.400000005960464, 18.00000001490116, 7.300000004470348 ], 
            "to": [ 13.900000013411045, 19.69999999552965, 9.199999988079071 ], 
            "faces": {
                "north": { "texture": "#1", "uv": [ 5.0, 8.0, 7.900000013411045, 8.499999977648258 ] },
                "east": { "texture": "#1", "uv": [ 5.499999999999998, 6.0, 7.8999999925494215, 8.499999977648258 ] },
                "south": { "texture": "#1", "uv": [ 5.299999999999999, 7.0, 5.200000013411044, 8.499999977648258 ] },
                "west": { "texture": "#1", "uv": [ 5.0, 7.0, 5.499999992549419, 8.499999977648258 ] },
                "up": { "texture": "#1", "uv": [ 5.0, 9.0, 7.900000013411045, 9.49999999254942 ] },
                "down": { "texture": "#1", "uv": [ 5.0, 9.0, 7.900000013411045, 8.49999999254942 ] }
            }
        },
        {
            "name": "Cube",
            "from": [ 13.400000005960464, 19.700000010430813, 7.500000007450581 ], 
            "to": [ 13.900000013411045, 21.399999991059303, 9.0 ], 
            "faces": {
                "north": { "texture": "#1", "uv": [ 6.0, 5.0, 6.500000007450581, 6.499999977648258 ] },
                "east": { "texture": "#1", "uv": [ 6.0, 5.0, 7.499999992549419, 6.499999977648258 ] },
                "south": { "texture": "#1", "uv": [ 6.0, 5.0, 6.500000007450581, 6.499999977648258 ] },
                "west": { "texture": "#1", "uv": [ 7.0, 5.0, 7.499999992549419, 6.499999977648258 ] },
                "up": { "texture": "#1", "uv": [ 6.0, 5.0, 6.500000007450581, 6.499999992549419 ] },
                "down": { "texture": "#1", "uv": [ 6.0, 5.0, 6.500000007450581, 6.499999992549419 ] }
            }
        },
        {
            "name": "Cube",
            "from": [ 13.400000005960464, 21.400000005960464, 7.699999995529652 ], 
            "to": [ 13.900000013411045, 23.099999986588955, 8.799999982118607 ], 
            "faces": {
                "north": { "texture": "#1", "uv": [ 6.499999999999998, 4.600000000000001, 7.100000001490116, 5.499999977648258 ] },
                "east": { "texture": "#1", "uv": [ 6.1, 3.0, 7.399999986588954, 4.499999977648258 ] },
                "south": { "texture": "#1", "uv": [ 7.199999999999999, 4.8, 6.300000001490115, 5.399999977648262 ] },
                "west": { "texture": "#1", "uv": [ 6.0, 5.0, 6.499999992549419, 5.499999977648258 ] },
                "up": { "texture": "#1", "uv": [ 7.0, 5.0, 7.100000001490116, 4.499999992549419 ] },
                "down": { "texture": "#1", "uv": [ 7.0, 5.0, 7.100000001490116, 5.499999992549419 ] }
            }
        },
        {
            "name": "Cube",
            "from": [ 13.400000005960464, 23.0, 8.0 ], 
            "to": [ 13.899999998509884, 24.499999977648258, 8.49999999254942 ], 
            "faces": {
                "north": { "texture": "#1", "uv": [ 6.499999999999998, 5.0, 6.999999992549418, 5.999999970197678 ] },
                "east": { "texture": "#1", "uv": [ 6.0, 5.0, 6.499999992549419, 5.999999970197678 ] },
                "south": { "texture": "#1", "uv": [ 6.0, 5.0, 6.499999992549419, 5.999999970197678 ] },
                "west": { "texture": "#1", "uv": [ 7.0, 5.0, 7.499999992549419, 5.999999970197678 ] },
                "up": { "texture": "#1", "uv": [ 7.0, 5.0, 7.499999992549419, 5.499999992549419 ] },
                "down": { "texture": "#1", "uv": [ 7.0, 5.0, 7.499999992549419, 5.499999992549419 ] }
            }
        },
        {
            "name": "Cube",
            "from": [ 1.3999999910593033, 16.0, 7.0 ], 
            "to": [ 1.8999999985098839, 17.899999983608723, 9.49999999254942 ], 
            "faces": {
                "north": { "texture": "#1", "uv": [ 5.1, 8.0, 8.500000022351742, 9.499999977648258 ] },
                "east": { "texture": "#1", "uv": [ 5.0, 8.0, 8.49999999254942, 9.499999977648258 ] },
                "south": { "texture": "#1", "uv": [ 5.0, 8.0, 8.500000022351742, 9.499999977648258 ] },
                "west": { "texture": "#1", "uv": [ 5.0, 8.0, 8.49999999254942, 9.499999977648258 ] },
                "up": { "texture": "#1", "uv": [ 5.0, 8.0, 8.500000022351742, 9.49999999254942 ] },
                "down": { "texture": "#1", "uv": [ 5.0, 8.0, 8.500000022351742, 9.49999999254942 ] }
            }
        },
        {
            "name": "Cube",
            "from": [ 1.4000000059604645, 17.900000013411045, 7.300000004470348 ], 
            "to": [ 1.900000013411045, 19.599999994039536, 9.199999988079071 ], 
            "faces": {
                "north": { "texture": "#1", "uv": [ 5.0, 8.0, 7.900000013411045, 8.499999977648258 ] },
                "east": { "texture": "#1", "uv": [ 5.499999999999998, 7.0, 5.8999999925494215, 8.499999977648258 ] },
                "south": { "texture": "#1", "uv": [ 5.299999999999999, 7.0, 5.200000013411044, 8.499999977648258 ] },
                "west": { "texture": "#1", "uv": [ 5.0, 7.0, 8.49999999254942, 8.499999977648258 ] },
                "up": { "texture": "#1", "uv": [ 5.0, 9.0, 7.900000013411045, 9.49999999254942 ] },
                "down": { "texture": "#1", "uv": [ 5.0, 9.0, 7.900000013411045, 8.49999999254942 ] }
            }
        },
        {
            "name": "Cube",
            "from": [ 1.4000000059604645, 19.600000008940697, 7.500000007450581 ], 
            "to": [ 1.900000013411045, 21.299999989569187, 9.0 ], 
            "faces": {
                "north": { "texture": "#1", "uv": [ 6.0, 5.0, 6.500000007450581, 6.499999977648258 ] },
                "east": { "texture": "#1", "uv": [ 6.0, 5.0, 7.499999992549419, 6.499999977648258 ] },
                "south": { "texture": "#1", "uv": [ 6.0, 5.0, 6.500000007450581, 6.499999977648258 ] },
                "west": { "texture": "#1", "uv": [ 7.0, 5.0, 7.499999992549419, 6.499999977648258 ] },
                "up": { "texture": "#1", "uv": [ 6.0, 5.0, 6.500000007450581, 6.499999992549419 ] },
                "down": { "texture": "#1", "uv": [ 6.0, 5.0, 6.500000007450581, 6.499999992549419 ] }
            }
        },
        {
            "name": "Cube",
            "from": [ 1.4000000059604645, 21.30000000447035, 7.699999995529652 ], 
            "to": [ 1.900000013411045, 22.99999998509884, 8.799999982118607 ], 
            "faces": {
                "north": { "texture": "#1", "uv": [ 6.499999999999998, 4.600000000000001, 7.100000001490116, 5.499999977648258 ] },
                "east": { "texture": "#1", "uv": [ 6.1, 5.0, 7.399999986588954, 5.499999977648258 ] },
                "south": { "texture": "#1", "uv": [ 7.199999999999999, 5.8, 6.300000001490115, 5.399999977648262 ] },
                "west": { "texture": "#1", "uv": [ 7.1, 3.099999999999999, 6.39999999254942, 4.399999977648262 ] },
                "up": { "texture": "#1", "uv": [ 7.0, 5.0, 7.100000001490116, 4.499999992549419 ] },
                "down": { "texture": "#1", "uv": [ 7.0, 5.0, 7.100000001490116, 5.499999992549419 ] }
            }
        },
        {
            "name": "Cube",
            "from": [ 1.4000000059604645, 23.0, 8.0 ], 
            "to": [ 1.8999999985098839, 24.499999977648258, 8.49999999254942 ], 
            "faces": {
                "north": { "texture": "#1", "uv": [ 6.499999999999998, 5.0, 6.999999992549418, 5.999999970197678 ] },
                "east": { "texture": "#1", "uv": [ 6.0, 5.0, 6.499999992549419, 5.999999970197678 ] },
                "south": { "texture": "#1", "uv": [ 6.0, 5.0, 6.499999992549419, 5.999999970197678 ] },
                "west": { "texture": "#1", "uv": [ 7.0, 5.0, 7.499999992549419, 5.999999970197678 ] },
                "up": { "texture": "#1", "uv": [ 7.0, 5.0, 7.499999992549419, 5.499999992549419 ] },
                "down": { "texture": "#1", "uv": [ 7.0, 5.0, 7.499999992549419, 5.499999992549419 ] }
            }
        },
        {
            "name": "Cube",
            "from": [ 5.500000007450581, 1.5000000074505806, 2.3000000044703484 ], 
            "to": [ 5.999999985098839, 2.0, 2.4999999925494194 ], 
            "faces": {
                "north": { "texture": "#0", "uv": [ 11.0, 3.0, 13.999999985098839, 2.4999999925494194 ] },
                "east": { "texture": "#0", "uv": [ 13.0, 2.0, 13.199999988079071, 2.4999999925494194 ] },
                "south": { "texture": "#0", "uv": [ 11.0, 2.0, 12.999999985098839, 2.4999999925494194 ] },
                "west": { "texture": "#0", "uv": [ 13.0, 2.0, 13.199999988079071, 2.4999999925494194 ] },
                "up": { "texture": "#0", "uv": [ 11.0, 3.0, 12.999999985098839, 3.199999988079071 ] },
                "down": { "texture": "#0", "uv": [ 11.0, 3.0, 13.999999985098839, 3.199999988079071 ] }
            }
        },
        {
            "name": "Cube",
            "from": [ 10.0, 1.5000000074505806, 2.3000000044703484 ], 
            "to": [ 10.499999962747097, 2.0, 2.4999999925494194 ], 
            "faces": {
                "north": { "texture": "#0", "uv": [ 11.0, 3.0, 13.999999985098839, 2.4999999925494194 ] },
                "east": { "texture": "#0", "uv": [ 13.0, 2.0, 13.199999988079071, 2.4999999925494194 ] },
                "south": { "texture": "#0", "uv": [ 11.0, 2.0, 12.999999985098839, 2.4999999925494194 ] },
                "west": { "texture": "#0", "uv": [ 13.0, 2.0, 13.199999988079071, 2.4999999925494194 ] },
                "up": { "texture": "#0", "uv": [ 11.0, 3.0, 12.999999985098839, 3.199999988079071 ] },
                "down": { "texture": "#0", "uv": [ 11.0, 3.0, 13.999999985098839, 3.199999988079071 ] }
            }
        },
        {
            "name": "Cube",
            "from": [ 8.700000010430813, 4.200000017881393, 2.3000000044703484 ], 
            "to": [ 10.0, 4.700000010430813, 2.4999999925494194 ], 
            "rotation": { "origin": [ 8.0, 8.0, 8.0 ], "axis": "z", "angle": 22.5 },
            "faces": {
                "north": { "texture": "#0", "uv": [ 11.0, 3.0, 13.999999985098839, 2.4999999925494194 ] },
                "east": { "texture": "#0", "uv": [ 13.0, 2.0, 13.199999988079071, 2.4999999925494194 ] },
                "south": { "texture": "#0", "uv": [ 11.0, 2.0, 12.999999985098839, 2.4999999925494194 ] },
                "west": { "texture": "#0", "uv": [ 13.0, 2.0, 13.199999988079071, 2.4999999925494194 ] },
                "up": { "texture": "#0", "uv": [ 11.0, 3.0, 12.999999985098839, 3.199999988079071 ] },
                "down": { "texture": "#0", "uv": [ 11.0, 3.0, 13.999999985098839, 3.199999988079071 ] }
            }
        },
        {
            "name": "Cube",
            "from": [ 6.0, 4.200000017881393, 2.3000000044703484 ], 
            "to": [ 7.299999989569187, 4.700000010430813, 2.4999999925494194 ], 
            "rotation": { "origin": [ 8.0, 8.0, 8.0 ], "axis": "z", "angle": -22.5 },
            "faces": {
                "north": { "texture": "#0", "uv": [ 11.0, 3.0, 13.999999985098839, 2.4999999925494194 ] },
                "east": { "texture": "#0", "uv": [ 13.0, 2.0, 13.199999988079071, 2.4999999925494194 ] },
                "south": { "texture": "#0", "uv": [ 11.0, 2.0, 12.999999985098839, 2.4999999925494194 ] },
                "west": { "texture": "#0", "uv": [ 13.0, 2.0, 13.199999988079071, 2.4999999925494194 ] },
                "up": { "texture": "#0", "uv": [ 11.0, 3.0, 12.999999985098839, 3.199999988079071 ] },
                "down": { "texture": "#0", "uv": [ 11.0, 3.0, 13.999999985098839, 3.199999988079071 ] }
    }
}
],
"display": {
    "thirdperson": {
        "rotation": [ 0, 0, 0 ],
        "translation": [ 0.00, 0.00, 0.00 ],
        "scale": [ 1.00, 1.00, 1.00 ]
    },
    "firstperson": {
        "rotation": [ 0, 0, 0 ],
        "translation": [ 0.00, 0.00, 0.00 ],
        "scale": [ 1.00, 1.00, 1.00 ]
    },
    "gui": {
        "rotation": [ 0, 0, 0 ],
        "translation": [ 0.00, 0.00, 0.00 ],
        "scale": [ 1.00, 1.00, 1.00 ]
    },
    "head": {
        "rotation": [ 0, 0, 0 ],
        "translation": [ 0.00, 0.50, 0.00 ],
        "scale": [ 1.50, 1.50, 1.50 ]
    }
}
}