{
    "__comment": "Model generated using MrCrayfish's Model Creator (https://mrcrayfish.com/tools?id=mc)",
    "textures": {
        "particle": "minecraft:blocks/kakacarrot super",
        "texture": "minecraft:blocks/kakacarrot super"
    },
    "display": {
        "gui": {
            "rotation": [ -30, 135, 0 ],
            "translation": [ 0, -2.1, 0 ],
            "scale": [ 0.8, 0.8, 0.8 ]
        },
        "head": {
            "rotation": [ 0, 180, 0 ],
            "translation": [ 0, -0.7, 2.2 ],
            "scale": [ 1.1, 1.1, 1.1 ]
        }
    },
    "elements": [
        {
            "name": "Element",
            "from": [ 3, -1, 17 ], 
            "to": [ 13, 0, 19 ], 
            "faces": {
                "north": { "texture": "#texture", "uv": [ 4.5, 12, 9.5, 12.5 ] },
                "east": { "texture": "#texture", "uv": [ 4.5, 12, 5, 12.5 ] },
                "south": { "texture": "#texture", "uv": [ 4.5, 12, 9.5, 12.5 ] },
                "west": { "texture": "#texture", "uv": [ 4.5, 12, 5, 12.5 ] },
                "down": { "texture": "#texture", "uv": [ 4.5, 12, 9.5, 12.5 ] }
            }
        },
        {
            "name": "Element",
            "from": [ 2, 0, 15 ], 
            "to": [ 14, 1, 20 ], 
            "faces": {
                "north": { "texture": "#texture", "uv": [ 11, 8, 11.5, 8.5 ] },
                "east": { "texture": "#texture", "uv": [ 4, 11.5, 4.5, 12 ] },
                "south": { "texture": "#texture", "uv": [ 4, 11.5, 10, 12 ] },
                "west": { "texture": "#texture", "uv": [ 4, 11.5, 4.5, 12 ] },
                "down": { "texture": "#texture", "uv": [ 4, 11.5, 10, 12 ] }
            }
        },
        {
            "name": "Element",
            "from": [ 1, 1, 15 ], 
            "to": [ 15, 2, 20 ], 
            "faces": {
                "north": { "texture": "#texture", "uv": [ 11, 8, 11.5, 8.5 ] },
                "east": { "texture": "#texture", "uv": [ 3.5, 11, 4, 11.5 ] },
                "south": { "texture": "#texture", "uv": [ 3.5, 11, 10.5, 11.5 ] },
                "west": { "texture": "#texture", "uv": [ 3.5, 11, 4, 11.5 ] },
                "down": { "texture": "#texture", "uv": [ 3.5, 11, 10.5, 11.5 ] }
            }
        },
        {
            "name": "Element",
            "from": [ 0, 2, 15 ], 
            "to": [ 16, 3, 20 ], 
            "faces": {
                "north": { "texture": "#texture", "uv": [ 12, 8, 11.5, 8.5 ] },
                "east": { "texture": "#texture", "uv": [ 3, 10.5, 3.5, 11 ] },
                "south": { "texture": "#texture", "uv": [ 3, 10.5, 11, 11 ] },
                "west": { "texture": "#texture", "uv": [ 3, 10.5, 3.5, 11 ] },
                "up": { "texture": "#texture", "uv": [ 3, 10.5, 11, 11 ] },
                "down": { "texture": "#texture", "uv": [ 3, 10.5, 11, 11 ] }
            }
        },
        {
            "name": "Element",
            "from": [ -2, 3, 15 ], 
            "to": [ 17, 4, 17 ], 
            "faces": {
                "north": { "texture": "#texture", "uv": [ 11.5, 8, 11, 8.5 ] },
                "east": { "texture": "#texture", "uv": [ 11, 10, 11.5, 10.5 ] },
                "south": { "texture": "#texture", "uv": [ 2, 10, 11.5, 10.5 ] },
                "west": { "texture": "#texture", "uv": [ 2, 10, 2.5, 10.5 ] },
                "down": { "texture": "#texture", "uv": [ 2, 10, 11.5, 10.5 ] }
            }
        },
        {
            "name": "Element",
            "from": [ -3, 4, 15 ], 
            "to": [ 18, 5, 17 ], 
            "faces": {
                "north": { "texture": "#texture", "uv": [ 12, 8, 11, 8.5 ] },
                "east": { "texture": "#texture", "uv": [ 11.5, 9.5, 12, 10 ] },
                "south": { "texture": "#texture", "uv": [ 1.5, 9.5, 12, 10 ] },
                "west": { "texture": "#texture", "uv": [ 1.5, 9.5, 2, 10 ] },
                "down": { "texture": "#texture", "uv": [ 1.5, 9.5, 12, 10 ] }
            }
        },
        {
            "name": "Element",
            "from": [ -3, 5, 15 ], 
            "to": [ 18, 6, 17 ], 
            "faces": {
                "north": { "texture": "#texture", "uv": [ 12, 8, 11.5, 8.5 ] },
                "east": { "texture": "#texture", "uv": [ 11.5, 9, 12, 9.5 ] },
                "south": { "texture": "#texture", "uv": [ 1.5, 9, 12, 9.5 ] },
                "west": { "texture": "#texture", "uv": [ 1.5, 8, 2, 8.5 ] }
            }
        },
        {
            "name": "Element",
            "from": [ -3, 6, 15 ], 
            "to": [ 18, 7, 17 ], 
            "faces": {
                "north": { "texture": "#texture", "uv": [ 12, 8, 11.5, 8.5 ] },
                "east": { "texture": "#texture", "uv": [ 11.5, 8.5, 12, 9 ] },
                "south": { "texture": "#texture", "uv": [ 1.5, 8.5, 12, 9 ] },
                "west": { "texture": "#texture", "uv": [ 1.5, 8.5, 2, 9 ] }
            }
        },
        {
            "name": "Element",
            "from": [ -3, 7, 15 ], 
            "to": [ 19, 8, 17 ], 
            "faces": {
                "north": { "texture": "#texture", "uv": [ 12.5, 8, 11.5, 8.5 ] },
                "east": { "texture": "#texture", "uv": [ 1.5, 8, 2, 8.5 ] },
                "south": { "texture": "#texture", "uv": [ 1.5, 8, 12.5, 8.5 ] },
                "west": { "texture": "#texture", "uv": [ 1.5, 8, 2, 8.5 ] },
                "down": { "texture": "#texture", "uv": [ 1.5, 8, 12, 8.5 ] }
            }
        },
        {
            "name": "Element",
            "from": [ -4, 9, 15 ], 
            "to": [ 19, 10, 17 ], 
            "faces": {
                "north": { "texture": "#texture", "uv": [ 13, 7.5, 12.5, 8 ] },
                "east": { "texture": "#texture", "uv": [ 1.5, 7.5, 2, 8 ] },
                "south": { "texture": "#texture", "uv": [ 1.5, 7.5, 13, 8 ] },
                "west": { "texture": "#texture", "uv": [ 1.5, 7.5, 2, 8 ] },
                "down": { "texture": "#texture", "uv": [ 1.5, 7.5, 13, 8 ] }
            }
        },
        {
            "name": "Element",
            "from": [ -4, 10, 15 ], 
            "to": [ 20, 11, 18 ], 
            "faces": {
                "north": { "texture": "#texture", "uv": [ 12.5, 6.5, 13, 7 ] },
                "east": { "texture": "#texture", "uv": [ 13, 6, 13.5, 6.5 ] },
                "south": { "texture": "#texture", "uv": [ 1.5, 6.5, 12.5, 7 ] },
                "west": { "texture": "#texture", "uv": [ 1.5, 6.5, 2, 7 ] },
                "down": { "texture": "#texture", "uv": [ 1.5, 6.5, 13, 7 ] }
            }
        },
        {
            "name": "Element",
            "from": [ -4, 11, 15 ], 
            "to": [ 20, 12, 18 ], 
            "faces": {
                "north": { "texture": "#texture", "uv": [ 13, 6.5, 12.5, 7 ] },
                "east": { "texture": "#texture", "uv": [ 1, 6, 1.5, 6.5 ] },
                "south": { "texture": "#texture", "uv": [ 1, 6, 13.5, 6.5 ] },
                "west": { "texture": "#texture", "uv": [ 1, 6, 1.5, 6.5 ] },
                "up": { "texture": "#texture", "uv": [ 1, 6, 13.5, 6.5 ] }
            }
        },
        {
            "name": "Element",
            "from": [ -4, 12, 15 ], 
            "to": [ 20, 13, 17 ], 
            "faces": {
                "north": { "texture": "#texture", "uv": [ 13.5, 5.5, 13, 6 ] },
                "east": { "texture": "#texture", "uv": [ 13, 6, 13.5, 6.5 ] },
                "south": { "texture": "#texture", "uv": [ 13.5, 5.5, 1, 6 ] },
                "west": { "texture": "#texture", "uv": [ 13, 6, 13.5, 6.5 ] },
                "up": { "texture": "#texture", "uv": [ 1, 5.5, 13.5, 6 ] }
            }
        },
        {
            "name": "Element",
            "from": [ -5, 12, 15 ], 
            "to": [ 18, 14, 16 ], 
            "faces": {
                "north": { "texture": "#texture", "uv": [ 10.5, 5, 10, 5.5 ] },
                "east": { "texture": "#texture", "uv": [ 0.5, 5, 1, 5.5 ] },
                "south": { "texture": "#texture", "uv": [ 0.5, 5, 11.5, 5.5 ] },
                "west": { "texture": "#texture", "uv": [ 0.5, 5, 1, 5.5 ] },
                "down": { "texture": "#texture", "uv": [ 0.5, 5, 11.5, 5.5 ] }
            }
        },
        {
            "name": "Element",
            "from": [ 1, 11.5, 4 ], 
            "to": [ 15, 13.5, 5 ], 
            "faces": {
                "north": { "texture": "#texture", "uv": [ 7, 12.5, 7.5, 13.5 ] },
                "south": { "texture": "#texture", "uv": [ 7, 12.5, 7.5, 13.5 ] },
                "up": { "texture": "#texture", "uv": [ 7, 12.5, 7.5, 13.5 ] },
                "down": { "texture": "#texture", "uv": [ 7, 12.5, 7.5, 13.5 ] }
            }
        },
        {
            "name": "Element",
            "from": [ 0, 11, 4 ], 
            "to": [ 1, 14, 15 ], 
            "faces": {
                "north": { "texture": "#texture", "uv": [ 7, 12.5, 7.5, 14 ] },
                "east": { "texture": "#texture", "uv": [ 12.5, 12.5, 7, 14 ] },
                "south": { "texture": "#texture", "uv": [ 12, 12.5, 12.5, 14 ] },
                "west": { "texture": "#texture", "uv": [ 7, 12.5, 12.5, 14 ] },
                "up": { "texture": "#texture", "uv": [ 7, 12.5, 7.5, 13 ] },
                "down": { "texture": "#texture", "uv": [ 7.5, 13, 8, 13.5 ] }
            }
        },
        {
            "name": "Element",
            "from": [ 4, -1, 19 ], 
            "to": [ 12, 0, 20 ], 
            "faces": {
                "east": { "texture": "#texture", "uv": [ 8.5, 12, 9, 12.5 ] },
                "south": { "texture": "#texture", "uv": [ 5, 12, 9, 12.5 ] },
                "west": { "texture": "#texture", "uv": [ 5, 12, 5.5, 12.5 ] },
                "down": { "texture": "#texture", "uv": [ 5, 12, 9, 12.5 ] }
            }
        },
        {
            "name": "Element",
            "from": [ 4, -1, 16 ], 
            "to": [ 12, 0, 17 ], 
            "faces": {
                "north": { "texture": "#texture", "uv": [ 5, 12, 9, 12.5 ] },
                "east": { "texture": "#texture", "uv": [ 8.5, 12, 9, 12.5 ] },
                "west": { "texture": "#texture", "uv": [ 5, 12, 5.5, 12.5 ] },
                "down": { "texture": "#texture", "uv": [ 5, 12, 9, 12.5 ] }
            }
        },
        {
            "name": "Element",
            "from": [ 3, 0, 20 ], 
            "to": [ 6, 1, 21 ], 
            "faces": {
                "east": { "texture": "#texture", "uv": [ 5.5, 11.5, 6, 12 ] },
                "south": { "texture": "#texture", "uv": [ 4.5, 11.5, 6, 12 ] },
                "west": { "texture": "#texture", "uv": [ 4.5, 11.5, 5, 12 ] },
                "down": { "texture": "#texture", "uv": [ 4.5, 11.5, 6, 12 ] }
            }
        },
        {
            "name": "Element",
            "from": [ 10, 0, 20 ], 
            "to": [ 13, 1, 21 ], 
            "faces": {
                "east": { "texture": "#texture", "uv": [ 4.5, 11.5, 5, 12 ] },
                "south": { "texture": "#texture", "uv": [ 6, 11.5, 4.5, 12 ] },
                "west": { "texture": "#texture", "uv": [ 5.5, 11.5, 6, 12 ] },
                "down": { "texture": "#texture", "uv": [ 4.5, 11.5, 6, 12 ] }
            }
        },
        {
            "name": "Element",
            "from": [ 2, 1, 20 ], 
            "to": [ 6, 2, 21 ], 
            "faces": {
                "south": { "texture": "#texture", "uv": [ 4, 11, 6, 11.5 ] },
                "west": { "texture": "#texture", "uv": [ 3.5, 11, 4, 11.5 ] },
                "down": { "texture": "#texture", "uv": [ 3.5, 11, 6, 11.5 ] }
            }
        },
        {
            "name": "Element",
            "from": [ 10, 1, 20 ], 
            "to": [ 14, 2, 21 ], 
            "faces": {
                "east": { "texture": "#texture", "uv": [ 3.5, 11, 4, 11.5 ] },
                "south": { "texture": "#texture", "uv": [ 6, 11, 4, 11.5 ] },
                "down": { "texture": "#texture", "uv": [ 3.5, 11, 6, 11.5 ] }
            }
        },
        {
            "name": "Element",
            "from": [ 6, 1, 20 ], 
            "to": [ 10, 2, 21 ], 
            "faces": {
                "south": { "texture": "#texture", "uv": [ 6, 11, 8, 11.5 ] },
                "down": { "texture": "#texture", "uv": [ 6, 11, 8, 11.5 ] }
            }
        },
        {
            "name": "Element",
            "from": [ 4, 1, 21 ], 
            "to": [ 6, 2, 22 ], 
            "faces": {
                "east": { "texture": "#texture", "uv": [ 5.5, 11, 6, 11.5 ] },
                "south": { "texture": "#texture", "uv": [ 5, 11, 6, 11.5 ] },
                "west": { "texture": "#texture", "uv": [ 5, 11, 5.5, 11.5 ] },
                "down": { "texture": "#texture", "uv": [ 5, 11, 6, 11.5 ] }
            }
        },
        {
            "name": "Element",
            "from": [ 10, 1, 21 ], 
            "to": [ 12, 2, 22 ], 
            "faces": {
                "east": { "texture": "#texture", "uv": [ 5, 11, 5.5, 11.5 ] },
                "south": { "texture": "#texture", "uv": [ 6, 11, 5, 11.5 ] },
                "west": { "texture": "#texture", "uv": [ 5.5, 11, 6, 11.5 ] },
                "down": { "texture": "#texture", "uv": [ 5, 11, 6, 11.5 ] }
            }
        },
        {
            "name": "Element",
            "from": [ 1, 2, 20 ], 
            "to": [ 15, 3, 21 ], 
            "faces": {
                "east": { "texture": "#texture", "uv": [ 10, 10.5, 10.5, 11 ] },
                "south": { "texture": "#texture", "uv": [ 3.5, 10.5, 10.5, 11 ] },
                "west": { "texture": "#texture", "uv": [ 3.5, 10.5, 4, 11 ] },
                "up": { "texture": "#texture", "uv": [ 3.5, 10.5, 10.5, 11 ] },
                "down": { "texture": "#texture", "uv": [ 3.5, 10.5, 10.5, 11 ] }
            }
        },
        {
            "name": "Element",
            "from": [ 3, 2, 21 ], 
            "to": [ 13, 3, 22 ], 
            "faces": {
                "east": { "texture": "#texture", "uv": [ 5, 10.5, 5.5, 11 ] },
                "south": { "texture": "#texture", "uv": [ 4.5, 10.5, 9.5, 11 ] },
                "west": { "texture": "#texture", "uv": [ 5, 10.5, 5.5, 11 ] },
                "up": { "texture": "#texture", "uv": [ 4.5, 10.5, 9.5, 11 ] },
                "down": { "texture": "#texture", "uv": [ 4.5, 10.5, 9.5, 11 ] }
            }
        },
        {
            "name": "Element",
            "from": [ -1, 3, 17 ], 
            "to": [ 17, 4, 19 ], 
            "faces": {
                "east": { "texture": "#texture", "uv": [ 11, 10, 11.5, 10.5 ] },
                "south": { "texture": "#texture", "uv": [ 2.5, 10, 11.5, 10.5 ] },
                "west": { "texture": "#texture", "uv": [ 2.5, 10, 3, 10.5 ] },
                "up": { "texture": "#texture", "uv": [ 2.5, 10, 11.5, 10.5 ] },
                "down": { "texture": "#texture", "uv": [ 2.5, 10, 11.5, 10.5 ] }
            }
        },
        {
            "name": "Element",
            "from": [ 0, 3, 19 ], 
            "to": [ 16, 4, 20 ], 
            "faces": {
                "east": { "texture": "#texture", "uv": [ 10.5, 10, 11, 10.5 ] },
                "south": { "texture": "#texture", "uv": [ 3, 10, 11, 10.5 ] },
                "west": { "texture": "#texture", "uv": [ 3, 10, 3.5, 10.5 ] },
                "up": { "texture": "#texture", "uv": [ 3, 10, 11, 10.5 ] }
            }
        },
        {
            "name": "Element",
            "from": [ 6, 3, 21 ], 
            "to": [ 10, 4, 22 ], 
            "faces": {
                "east": { "texture": "#texture", "uv": [ 7.5, 10, 8, 10.5 ] },
                "south": { "texture": "#texture", "uv": [ 6, 10, 8, 10.5 ] },
                "west": { "texture": "#texture", "uv": [ 6, 10, 6.5, 10.5 ] },
                "up": { "texture": "#texture", "uv": [ 6, 10, 8, 10.5 ] }
            }
        },
        {
            "name": "Element",
            "from": [ -2, 4, 17 ], 
            "to": [ 18, 5, 18 ], 
            "faces": {
                "east": { "texture": "#texture", "uv": [ 11.5, 9.5, 12, 10 ] },
                "south": { "texture": "#texture", "uv": [ 2, 9.5, 12, 10 ] },
                "west": { "texture": "#texture", "uv": [ 2, 9.5, 2.5, 10 ] },
                "down": { "texture": "#texture", "uv": [ 2, 9.5, 12, 10 ] }
            }
        },
        {
            "name": "Element",
            "from": [ 2, 3, 20 ], 
            "to": [ 14, 4, 21 ], 
            "faces": {
                "east": { "texture": "#texture", "uv": [ 9.5, 10, 10, 10.5 ] },
                "south": { "texture": "#texture", "uv": [ 4, 10, 10, 10.5 ] },
                "west": { "texture": "#texture", "uv": [ 4, 10, 4.5, 10.5 ] },
                "up": { "texture": "#texture", "uv": [ 4, 10, 10, 10.5 ] }
            }
        },
        {
            "name": "Element",
            "from": [ 0, 4, 18 ], 
            "to": [ 16, 6, 19 ], 
            "faces": {
                "north": { "texture": "#texture", "uv": [ 11, 9.5, 3, 10 ] },
                "east": { "texture": "#texture", "uv": [ 10.5, 9.5, 11, 10 ] },
                "south": { "texture": "#texture", "uv": [ 3, 9.5, 11, 10 ] },
                "west": { "texture": "#texture", "uv": [ 3, 9.5, 3.5, 10 ] },
                "up": { "texture": "#texture", "uv": [ 3, 9.5, 11, 10 ] }
            }
        },
        {
            "name": "Element",
            "from": [ 2, 4, 19 ], 
            "to": [ 7, 6, 20 ], 
            "faces": {
                "east": { "texture": "#texture", "uv": [ 5.5, 9, 6, 10 ] },
                "south": { "texture": "#texture", "uv": [ 4, 9, 6.5, 10 ] },
                "west": { "texture": "#texture", "uv": [ 4, 9, 4.5, 10 ] },
                "up": { "texture": "#texture", "uv": [ 4, 9, 6, 9.5 ] }
            }
        },
        {
            "name": "Element",
            "from": [ 7, 4, 21 ], 
            "to": [ 9, 5, 22 ], 
            "faces": {
                "east": { "texture": "#texture", "uv": [ 7, 9.5, 7.5, 10 ] },
                "south": { "texture": "#texture", "uv": [ 7.5, 9.5, 6.5, 10 ] },
                "west": { "texture": "#texture", "uv": [ 6.5, 9.5, 7, 10 ] },
                "up": { "texture": "#texture", "uv": [ 6.5, 9.5, 7.5, 10 ] }
            }
        },
        {
            "name": "Element",
            "from": [ -2, 5, 17 ], 
            "to": [ 18, 6, 18 ], 
            "faces": {
                "east": { "texture": "#texture", "uv": [ 11.5, 9, 12, 9.5 ] },
                "south": { "texture": "#texture", "uv": [ 2, 9, 12, 9.5 ] },
                "west": { "texture": "#texture", "uv": [ 2, 9, 2.5, 9.5 ] }
            }
        },
        {
            "name": "Element",
            "from": [ 4, 6, 19 ], 
            "to": [ 12, 7, 20 ], 
            "faces": {
                "east": { "texture": "#texture", "uv": [ 5.5, 8.5, 6, 9 ] },
                "south": { "texture": "#texture", "uv": [ 5, 8.5, 9, 9 ] },
                "west": { "texture": "#texture", "uv": [ 5, 8.5, 5.5, 9 ] },
                "down": { "texture": "#texture", "uv": [ 5, 8.5, 9, 9 ] }
            }
        },
        {
            "name": "Element",
            "from": [ -2, 6, 17 ], 
            "to": [ 18, 7, 18 ], 
            "faces": {
                "east": { "texture": "#texture", "uv": [ 11.5, 8.5, 12, 9 ] },
                "south": { "texture": "#texture", "uv": [ 2, 8.5, 12, 9 ] },
                "west": { "texture": "#texture", "uv": [ 2, 8.5, 2.5, 9 ] }
            }
        },
        {
            "name": "Element",
            "from": [ 1, 6, 18 ], 
            "to": [ 15, 7, 19 ], 
            "faces": {
                "east": { "texture": "#texture", "uv": [ 10, 8.5, 10.5, 9 ] },
                "south": { "texture": "#texture", "uv": [ 3.5, 8.5, 10.5, 9 ] },
                "west": { "texture": "#texture", "uv": [ 3.5, 8.5, 4, 9 ] }
            }
        },
        {
            "name": "Element",
            "from": [ -2, 4, 18 ], 
            "to": [ -1, 7, 18.5 ], 
            "faces": {
                "north": { "texture": "#texture", "uv": [ 2, 8, 2.5, 9.5 ] },
                "east": { "texture": "#texture", "uv": [ 2, 8, 2.5, 9.5 ] },
                "south": { "texture": "#texture", "uv": [ 2, 8, 2.5, 9.5 ] },
                "west": { "texture": "#texture", "uv": [ 2, 8, 2.5, 9.5 ] },
                "down": { "texture": "#texture", "uv": [ 2, 9, 3, 9.5 ] }
            }
        },
        {
            "name": "Element",
            "from": [ 17, 4, 18 ], 
            "to": [ 18, 7, 18.5 ], 
            "faces": {
                "north": { "texture": "#texture", "uv": [ 2, 8.5, 2.5, 10 ] },
                "east": { "texture": "#texture", "uv": [ 2, 8.5, 2.5, 10 ] },
                "south": { "texture": "#texture", "uv": [ 2, 8.5, 2.5, 10 ] },
                "west": { "texture": "#texture", "uv": [ 2, 8.5, 2.5, 10 ] },
                "down": { "texture": "#texture", "uv": [ 2, 8.5, 3, 9 ] }
            }
        },
        {
            "name": "Element",
            "from": [ -1, 6, 18 ], 
            "to": [ 0, 7, 18.5 ], 
            "faces": {
                "east": { "texture": "#texture", "uv": [ 2, 8.5, 2.5, 9 ] },
                "south": { "texture": "#texture", "uv": [ 2, 8.5, 2.5, 9 ] },
                "down": { "texture": "#texture", "uv": [ 2, 8.5, 3, 9 ] }
            }
        },
        {
            "name": "Element",
            "from": [ 16, 6, 18 ], 
            "to": [ 17, 7, 18.5 ], 
            "faces": {
                "south": { "texture": "#texture", "uv": [ 2, 8.5, 2.5, 9 ] },
                "west": { "texture": "#texture", "uv": [ 2, 8.5, 2.5, 9 ] },
                "down": { "texture": "#texture", "uv": [ 2, 8.5, 3, 9 ] }
            }
        },
        {
            "name": "Element",
            "from": [ 0, 6, 17.562 ], 
            "to": [ 1, 7, 18.062 ], 
            "faces": {
                "east": { "texture": "#texture", "uv": [ 2, 8.5, 2.5, 9 ] },
                "south": { "texture": "#texture", "uv": [ 2, 8.5, 2.5, 9 ] },
                "west": { "texture": "#texture", "uv": [ 2, 8.5, 2.5, 9 ] },
                "down": { "texture": "#texture", "uv": [ 2, 8.5, 3, 9 ] }
            }
        },
        {
            "name": "Element",
            "from": [ -2, 7, 17 ], 
            "to": [ 18, 8, 19 ], 
            "faces": {
                "east": { "texture": "#texture", "uv": [ 2, 8, 2.5, 8.5 ] },
                "south": { "texture": "#texture", "uv": [ 2, 8, 12, 8.5 ] },
                "west": { "texture": "#texture", "uv": [ 2, 8, 2.5, 8.5 ] },
                "down": { "texture": "#texture", "uv": [ 2, 8, 12, 8.5 ] }
            }
        },
        {
            "name": "Element",
            "from": [ 2, 7, 19 ], 
            "to": [ 15, 8, 20 ], 
            "faces": {
                "east": { "texture": "#texture", "uv": [ 4, 10, 4.5, 10.5 ] },
                "south": { "texture": "#texture", "uv": [ 4, 8, 10.5, 8.5 ] },
                "west": { "texture": "#texture", "uv": [ 4, 10, 4.5, 10.5 ] },
                "down": { "texture": "#texture", "uv": [ 4, 8, 10.5, 8.5 ] }
            }
        },
        {
            "name": "Element",
            "from": [ 7, 6, 20 ], 
            "to": [ 9, 8, 21 ], 
            "faces": {
                "north": { "texture": "#texture", "uv": [ 7.5, 9.5, 6.5, 10 ] },
                "east": { "texture": "#texture", "uv": [ 7, 9.5, 7.5, 10 ] },
                "south": { "texture": "#texture", "uv": [ 7.5, 9.5, 6.5, 10 ] },
                "west": { "texture": "#texture", "uv": [ 6.5, 9.5, 7, 10 ] }
            }
        },
        {
            "name": "Element",
            "from": [ -3, 9, 17 ], 
            "to": [ 19, 10, 19 ], 
            "faces": {
                "east": { "texture": "#texture", "uv": [ 1.5, 7.5, 2, 8 ] },
                "south": { "texture": "#texture", "uv": [ 12.5, 7, 1.5, 8 ] },
                "west": { "texture": "#texture", "uv": [ 1.5, 7.5, 2, 8 ] },
                "up": { "texture": "#texture", "uv": [ 1.5, 7, 12.5, 7.5 ] }
            }
        },
        {
            "name": "Element",
            "from": [ -3, 8, 19 ], 
            "to": [ 18, 10, 20 ], 
            "faces": {
                "north": { "texture": "#texture", "uv": [ 12, 7, 1.5, 8 ] },
                "east": { "texture": "#texture", "uv": [ 10, 6, 10.5, 6.5 ] },
                "south": { "texture": "#texture", "uv": [ 1.5, 7, 12, 8 ] },
                "west": { "texture": "#texture", "uv": [ 10, 6, 10.5, 6.5 ] },
                "up": { "texture": "#texture", "uv": [ 1.5, 7, 12, 7.5 ] },
                "down": { "texture": "#texture", "uv": [ 1.5, 7.5, 12, 8 ] }
            }
        },
        {
            "name": "Element",
            "from": [ 3, 9, 20 ], 
            "to": [ 13, 10, 21 ], 
            "faces": {
                "east": { "texture": "#texture", "uv": [ 8, 6, 8.5, 7 ] },
                "south": { "texture": "#texture", "uv": [ 4.5, 7, 9.5, 7.5 ] },
                "west": { "texture": "#texture", "uv": [ 8, 6, 8.5, 7 ] },
                "up": { "texture": "#texture", "uv": [ 4.5, 7, 9.5, 7.5 ] },
                "down": { "texture": "#texture", "uv": [ 4.5, 7, 9.5, 7.5 ] }
            }
        },
        {
            "name": "Element",
            "from": [ 5, 8, 20 ], 
            "to": [ 11, 9, 21 ], 
            "faces": {
                "east": { "texture": "#texture", "uv": [ 8, 6, 8.5, 7 ] },
                "south": { "texture": "#texture", "uv": [ 5.5, 7.5, 8.5, 8 ] },
                "west": { "texture": "#texture", "uv": [ 8, 6, 8.5, 7 ] },
                "down": { "texture": "#texture", "uv": [ 8.5, 7.5, 7.5, 7 ] }
            }
        },
        {
            "name": "Element",
            "from": [ -2, 10, 18 ], 
            "to": [ 19, 11, 20 ], 
            "faces": {
                "east": { "texture": "#texture", "uv": [ 1.5, 6.5, 2, 7 ] },
                "south": { "texture": "#texture", "uv": [ 2, 6.5, 12.5, 7 ] },
                "west": { "texture": "#texture", "uv": [ 1.5, 6.5, 2, 7 ] },
                "up": { "texture": "#texture", "uv": [ 2, 6.5, 12.5, 7 ] },
                "down": { "texture": "#texture", "uv": [ 2, 6.5, 12.5, 7 ] }
            }
        },
        {
            "name": "Element",
            "from": [ -1, 11, 18 ], 
            "to": [ 16, 12, 20 ], 
            "faces": {
                "east": { "texture": "#texture", "uv": [ 5.5, 4, 6, 5 ] },
                "south": { "texture": "#texture", "uv": [ 2.5, 6, 11, 6.5 ] },
                "west": { "texture": "#texture", "uv": [ 5.5, 4, 6, 5 ] },
                "up": { "texture": "#texture", "uv": [ 2.5, 6, 11, 6.5 ] }
            }
        },
        {
            "name": "Element",
            "from": [ -2, 12, 17 ], 
            "to": [ 20, 13, 19 ], 
            "faces": {
                "east": { "texture": "#texture", "uv": [ 4.5, 5, 5, 5.5 ] },
                "south": { "texture": "#texture", "uv": [ 2, 5.5, 13, 6 ] },
                "west": { "texture": "#texture", "uv": [ 4.5, 5, 5, 5.5 ] },
                "up": { "texture": "#texture", "uv": [ 2, 5.5, 13, 6 ] },
                "down": { "texture": "#texture", "uv": [ 2, 5.5, 13, 6 ] }
            }
        },
        {
            "name": "Element",
            "from": [ 2, 12, 18 ], 
            "to": [ 15, 13, 20 ], 
            "faces": {
                "east": { "texture": "#texture", "uv": [ 3, 5.5, 3.5, 6 ] },
                "south": { "texture": "#texture", "uv": [ 4, 5.5, 10.5, 6 ] },
                "west": { "texture": "#texture", "uv": [ 4, 5.5, 4.5, 6 ] },
                "up": { "texture": "#texture", "uv": [ 4, 5.5, 10.5, 6 ] }
            }
        },
        {
            "name": "Element",
            "from": [ 5, 11, 20 ], 
            "to": [ 10, 12, 21 ], 
            "faces": {
                "east": { "texture": "#texture", "uv": [ 5.5, 5.5, 6, 6 ] },
                "south": { "texture": "#texture", "uv": [ 5.5, 5.5, 8.5, 6 ] },
                "west": { "texture": "#texture", "uv": [ 5.5, 5.5, 6, 6 ] },
                "up": { "texture": "#texture", "uv": [ 5.5, 5.5, 8.5, 6 ] },
                "down": { "texture": "#texture", "uv": [ 5.5, 5.5, 8.5, 6 ] }
            }
        },
        {
            "name": "Element",
            "from": [ 6, 10, 20 ], 
            "to": [ 10, 11, 21 ], 
            "faces": {
                "east": { "texture": "#texture", "uv": [ 5.5, 6, 6, 6.5 ] },
                "south": { "texture": "#texture", "uv": [ 6, 6.5, 8, 7 ] },
                "west": { "texture": "#texture", "uv": [ 5.5, 6, 6, 6.5 ] }
            }
        },
        {
            "name": "Element",
            "from": [ 7, 8, 21 ], 
            "to": [ 9, 9, 23 ], 
            "faces": {
                "east": { "texture": "#texture", "uv": [ 5.5, 6, 6, 6.5 ] },
                "south": { "texture": "#texture", "uv": [ 6.5, 7.5, 7.5, 8 ] },
                "west": { "texture": "#texture", "uv": [ 5.5, 6, 6, 6.5 ] },
                "up": { "texture": "#texture", "uv": [ 6.5, 7.5, 7.5, 8 ] }
            }
        },
        {
            "name": "Element",
            "from": [ 7, 7, 21 ], 
            "to": [ 9, 8, 23 ], 
            "faces": {
                "east": { "texture": "#texture", "uv": [ 5.5, 6, 6, 6.5 ] },
                "south": { "texture": "#texture", "uv": [ 6.5, 8, 7.5, 8.5 ] },
                "west": { "texture": "#texture", "uv": [ 5.5, 6, 6, 6.5 ] },
                "down": { "texture": "#texture", "uv": [ 6.5, 8, 7.5, 8.5 ] }
            }
        },
        {
            "name": "Element",
            "from": [ 8, 6, 22 ], 
            "to": [ 9, 7, 23 ], 
            "faces": {
                "north": { "texture": "#texture", "uv": [ 6.5, 8, 7.5, 8.5 ] },
                "east": { "texture": "#texture", "uv": [ 5.5, 6, 6, 6.5 ] },
                "south": { "texture": "#texture", "uv": [ 6.5, 8, 7.5, 8.5 ] },
                "west": { "texture": "#texture", "uv": [ 5.5, 6, 6, 6.5 ] },
                "down": { "texture": "#texture", "uv": [ 6.5, 8, 7.5, 8.5 ] }
            }
        },
        {
            "name": "Element",
            "from": [ 0, 3, 4 ], 
            "to": [ 1, 6, 15 ], 
            "faces": {
                "north": { "texture": "#texture", "uv": [ 7, 12.5, 7.5, 14 ] },
                "east": { "texture": "#texture", "uv": [ 12.5, 12.5, 7, 14 ] },
                "south": { "texture": "#texture", "uv": [ 12, 12.5, 12.5, 14 ] },
                "west": { "texture": "#texture", "uv": [ 7, 12.5, 12.5, 14 ] },
                "up": { "texture": "#texture", "uv": [ 7, 12.5, 7.5, 13 ] },
                "down": { "texture": "#texture", "uv": [ 7.5, 13, 8, 13.5 ] }
            }
        },
        {
            "name": "Element",
            "from": [ 15, 11, 4 ], 
            "to": [ 16, 14, 15 ], 
            "faces": {
                "north": { "texture": "#texture", "uv": [ 7, 12.5, 7.5, 14 ] },
                "east": { "texture": "#texture", "uv": [ 12.5, 12.5, 7, 14 ] },
                "south": { "texture": "#texture", "uv": [ 12, 12.5, 12.5, 14 ] },
                "west": { "texture": "#texture", "uv": [ 7, 12.5, 12.5, 14 ] },
                "up": { "texture": "#texture", "uv": [ 7, 12.5, 7.5, 13 ] },
                "down": { "texture": "#texture", "uv": [ 7.5, 13, 8, 13.5 ] }
            }
        },
        {
            "name": "Element",
            "from": [ 15, 3, 4 ], 
            "to": [ 16, 6, 15 ], 
            "faces": {
                "north": { "texture": "#texture", "uv": [ 7, 12.5, 7.5, 14 ] },
                "east": { "texture": "#texture", "uv": [ 12.5, 12.5, 7, 14 ] },
                "south": { "texture": "#texture", "uv": [ 12, 12.5, 12.5, 14 ] },
                "west": { "texture": "#texture", "uv": [ 7, 12.5, 12.5, 14 ] },
                "up": { "texture": "#texture", "uv": [ 7, 12.5, 7.5, 13 ] },
                "down": { "texture": "#texture", "uv": [ 7.5, 13, 8, 13.5 ] }
            }
        },
        {
            "name": "Element",
            "from": [ 7, 9, 21 ], 
            "to": [ 9, 10, 22 ], 
            "faces": {
                "east": { "texture": "#texture", "uv": [ 5.5, 6, 6, 6.5 ] },
                "south": { "texture": "#texture", "uv": [ 6.5, 7.5, 7.5, 8 ] },
                "west": { "texture": "#texture", "uv": [ 5.5, 6, 6, 6.5 ] }
            }
        },
        {
            "name": "Element",
            "from": [ 7, 10, 21 ], 
            "to": [ 9, 11, 22 ], 
            "faces": {
                "east": { "texture": "#texture", "uv": [ 5.5, 6, 6, 6.5 ] },
                "south": { "texture": "#texture", "uv": [ 6.5, 7.5, 7.5, 8 ] },
                "west": { "texture": "#texture", "uv": [ 5.5, 6, 6, 6.5 ] },
                "up": { "texture": "#texture", "uv": [ 6.5, 7.5, 7.5, 8 ] }
            }
        },
        {
            "name": "Element",
            "from": [ 9, 4, 19 ], 
            "to": [ 14, 6, 20 ], 
            "faces": {
                "east": { "texture": "#texture", "uv": [ 4, 9, 4.5, 10 ] },
                "south": { "texture": "#texture", "uv": [ 6.5, 9, 4, 10 ] },
                "west": { "texture": "#texture", "uv": [ 5.5, 9, 6, 10 ] },
                "up": { "texture": "#texture", "uv": [ 4, 9, 6, 9.5 ] }
            }
        },
        {
            "name": "Element",
            "from": [ 7, 4, 20 ], 
            "to": [ 9, 6, 21 ], 
            "faces": {
                "north": { "texture": "#texture", "uv": [ 7.5, 9.5, 6.5, 10 ] },
                "east": { "texture": "#texture", "uv": [ 7, 9.5, 7.5, 10 ] },
                "south": { "texture": "#texture", "uv": [ 7.5, 9.5, 6.5, 10 ] },
                "west": { "texture": "#texture", "uv": [ 6.5, 9.5, 7, 10 ] }
            }
        },
        {
            "name": "Element",
            "from": [ 2, 8, 20 ], 
            "to": [ 4, 9, 21 ], 
            "faces": {
                "east": { "texture": "#texture", "uv": [ 4.5, 7.5, 5, 8.5 ] },
                "south": { "texture": "#texture", "uv": [ 3.5, 7.5, 4.5, 8 ] },
                "west": { "texture": "#texture", "uv": [ 4.5, 7.5, 5, 8.5 ] },
                "up": { "texture": "#texture", "uv": [ 3.5, 7.5, 4.5, 8 ] },
                "down": { "texture": "#texture", "uv": [ 3.5, 7.5, 4.5, 8 ] }
            }
        },
        {
            "name": "Element",
            "from": [ 3, 7, 20 ], 
            "to": [ 5, 8, 21 ], 
            "faces": {
                "east": { "texture": "#texture", "uv": [ 4.5, 7.5, 5, 8.5 ] },
                "south": { "texture": "#texture", "uv": [ 3.5, 7.5, 4.5, 8 ] },
                "west": { "texture": "#texture", "uv": [ 4.5, 7.5, 5, 8.5 ] },
                "up": { "texture": "#texture", "uv": [ 3.5, 7.5, 4.5, 8 ] },
                "down": { "texture": "#texture", "uv": [ 3.5, 7.5, 4.5, 8 ] }
            }
        },
        {
            "name": "Element",
            "from": [ 4, 6, 20 ], 
            "to": [ 6, 7, 21 ], 
            "faces": {
                "east": { "texture": "#texture", "uv": [ 4.5, 7.5, 5, 8.5 ] },
                "south": { "texture": "#texture", "uv": [ 3.5, 7.5, 4.5, 8 ] },
                "west": { "texture": "#texture", "uv": [ 4.5, 7.5, 5, 8.5 ] },
                "up": { "texture": "#texture", "uv": [ 3.5, 7.5, 4.5, 8 ] },
                "down": { "texture": "#texture", "uv": [ 3.5, 7.5, 4.5, 8 ] }
            }
        },
        {
            "name": "Element",
            "from": [ 6, 5, 20 ], 
            "to": [ 7, 6, 21 ], 
            "faces": {
                "south": { "texture": "#texture", "uv": [ 3.5, 7.5, 4.5, 8 ] },
                "west": { "texture": "#texture", "uv": [ 4.5, 7.5, 5, 8.5 ] },
                "up": { "texture": "#texture", "uv": [ 3.5, 7.5, 4.5, 8 ] },
                "down": { "texture": "#texture", "uv": [ 3.5, 7.5, 4.5, 8 ] }
            }
        },
        {
            "name": "Element",
            "from": [ 9, 5, 20 ], 
            "to": [ 10, 6, 21 ], 
            "faces": {
                "east": { "texture": "#texture", "uv": [ 4.5, 7.5, 5, 8.5 ] },
                "south": { "texture": "#texture", "uv": [ 3.5, 7.5, 4.5, 8 ] },
                "up": { "texture": "#texture", "uv": [ 3.5, 7.5, 4.5, 8 ] },
                "down": { "texture": "#texture", "uv": [ 3.5, 7.5, 4.5, 8 ] }
            }
        },
        {
            "name": "Element",
            "from": [ 10, 6, 20 ], 
            "to": [ 12, 7, 21 ], 
            "faces": {
                "east": { "texture": "#texture", "uv": [ 4.5, 7.5, 5, 8.5 ] },
                "south": { "texture": "#texture", "uv": [ 3.5, 7.5, 4.5, 8 ] },
                "west": { "texture": "#texture", "uv": [ 4.5, 7.5, 5, 8.5 ] },
                "up": { "texture": "#texture", "uv": [ 3.5, 7.5, 4.5, 8 ] },
                "down": { "texture": "#texture", "uv": [ 3.5, 7.5, 4.5, 8 ] }
            }
        },
        {
            "name": "Element",
            "from": [ 11, 7, 20 ], 
            "to": [ 13, 8, 21 ], 
            "faces": {
                "east": { "texture": "#texture", "uv": [ 4.5, 7.5, 5, 8.5 ] },
                "south": { "texture": "#texture", "uv": [ 3.5, 7.5, 4.5, 8 ] },
                "west": { "texture": "#texture", "uv": [ 4.5, 7.5, 5, 8.5 ] },
                "up": { "texture": "#texture", "uv": [ 3.5, 7.5, 4.5, 8 ] },
                "down": { "texture": "#texture", "uv": [ 3.5, 7.5, 4.5, 8 ] }
            }
        },
        {
            "name": "Element",
            "from": [ 12, 8, 20 ], 
            "to": [ 14, 9, 21 ], 
            "faces": {
                "east": { "texture": "#texture", "uv": [ 4.5, 7.5, 5, 8.5 ] },
                "south": { "texture": "#texture", "uv": [ 3.5, 7.5, 4.5, 8 ] },
                "west": { "texture": "#texture", "uv": [ 4.5, 7.5, 5, 8.5 ] },
                "up": { "texture": "#texture", "uv": [ 3.5, 7.5, 4.5, 8 ] },
                "down": { "texture": "#texture", "uv": [ 3.5, 7.5, 4.5, 8 ] }
            }
        },
        {
            "name": "Element",
            "from": [ 19, 11, 16 ], 
            "to": [ 21, 14, 17 ], 
            "faces": {
                "north": { "texture": "#texture", "uv": [ 13, 5, 13.5, 5.5 ] },
                "east": { "texture": "#texture", "uv": [ 13, 5, 13.5, 5.5 ] },
                "south": { "texture": "#texture", "uv": [ 12.5, 5, 13.5, 5.5 ] },
                "west": { "texture": "#texture", "uv": [ 12.5, 5, 13, 5.5 ] },
                "up": { "texture": "#texture", "uv": [ 12.5, 5, 13.5, 5.5 ] },
                "down": { "texture": "#texture", "uv": [ 12.5, 5, 13.5, 5.5 ] }
            }
        },
        {
            "name": "Element",
            "from": [ 19, 5, 15 ], 
            "to": [ 20, 10, 16 ], 
            "faces": {
                "north": { "texture": "#texture", "uv": [ 13, 5, 13.5, 5.5 ] },
                "east": { "texture": "#texture", "uv": [ 13, 5, 13.5, 5.5 ] },
                "south": { "texture": "#texture", "uv": [ 12.5, 5, 13.5, 5.5 ] },
                "west": { "texture": "#texture", "uv": [ 12.5, 5, 13, 5.5 ] },
                "down": { "texture": "#texture", "uv": [ 12.5, 5, 13.5, 5.5 ] }
            }
        },
        {
            "name": "Element",
            "from": [ -4, 5, 15 ], 
            "to": [ -3, 7, 16 ], 
            "faces": {
                "north": { "texture": "#texture", "uv": [ 13, 5, 13.5, 5.5 ] },
                "east": { "texture": "#texture", "uv": [ 13, 5, 13.5, 5.5 ] },
                "south": { "texture": "#texture", "uv": [ 12.5, 5, 13.5, 5.5 ] },
                "west": { "texture": "#texture", "uv": [ 12.5, 5, 13, 5.5 ] },
                "up": { "texture": "#texture", "uv": [ 12.5, 5, 13.5, 5.5 ] },
                "down": { "texture": "#texture", "uv": [ 12.5, 5, 13.5, 5.5 ] }
            }
        },
        {
            "name": "Element",
            "from": [ -5, 6, 15 ], 
            "to": [ -4, 8, 16 ], 
            "faces": {
                "north": { "texture": "#texture", "uv": [ 13, 5, 13.5, 5.5 ] },
                "east": { "texture": "#texture", "uv": [ 13, 5, 13.5, 5.5 ] },
                "south": { "texture": "#texture", "uv": [ 12.5, 5, 13.5, 5.5 ] },
                "west": { "texture": "#texture", "uv": [ 12.5, 5, 13, 5.5 ] },
                "up": { "texture": "#texture", "uv": [ 12.5, 5, 13.5, 5.5 ] },
                "down": { "texture": "#texture", "uv": [ 12.5, 5, 13.5, 5.5 ] }
            }
        },
        {
            "name": "Element",
            "from": [ -3, 8, 17 ], 
            "to": [ 19, 9, 19 ], 
            "faces": {
                "east": { "texture": "#texture", "uv": [ 1.5, 7.5, 2, 8 ] },
                "south": { "texture": "#texture", "uv": [ 12.5, 7, 1.5, 8 ] },
                "west": { "texture": "#texture", "uv": [ 1.5, 7.5, 2, 8 ] },
                "down": { "texture": "#texture", "uv": [ 1.5, 8, 12.5, 8.5 ] }
            }
        },
        {
            "name": "Element",
            "from": [ -3, 8, 15 ], 
            "to": [ 19, 9, 17 ], 
            "faces": {
                "north": { "texture": "#texture", "uv": [ 13, 7.5, 12, 8 ] },
                "east": { "texture": "#texture", "uv": [ 1.5, 7.5, 2, 8 ] },
                "west": { "texture": "#texture", "uv": [ 1.5, 7.5, 2, 8 ] }
            }
        },
        {
            "name": "Element",
            "from": [ 18, 4, 15 ], 
            "to": [ 19, 7, 16 ], 
            "faces": {
                "north": { "texture": "#texture", "uv": [ 13, 5, 13.5, 5.5 ] },
                "east": { "texture": "#texture", "uv": [ 13, 5, 13.5, 5.5 ] },
                "south": { "texture": "#texture", "uv": [ 12.5, 5, 13.5, 5.5 ] },
                "west": { "texture": "#texture", "uv": [ 12.5, 5, 13, 5.5 ] },
                "down": { "texture": "#texture", "uv": [ 12.5, 5, 13.5, 5.5 ] }
            }
        },
        {
            "name": "Element",
            "from": [ -5, 13, 15 ], 
            "to": [ 18, 16, 17 ], 
            "faces": {
                "north": { "texture": "#texture", "uv": [ 3, 4.5, 3.5, 5 ] },
                "east": { "texture": "#texture", "uv": [ 0.5, 4, 1, 5 ] },
                "south": { "texture": "#texture", "uv": [ 0.5, 4, 12, 5.5 ] },
                "west": { "texture": "#texture", "uv": [ 0.5, 4, 1, 5 ] },
                "up": { "texture": "#texture", "uv": [ 0.5, 4, 12, 4.5 ] },
                "down": { "texture": "#texture", "uv": [ 0.5, 5, 12, 5.5 ] }
            }
        },
        {
            "name": "Element",
            "from": [ -2, 16, 15 ], 
            "to": [ 18, 17, 17 ], 
            "faces": {
                "north": { "texture": "#texture", "uv": [ 3, 4.5, 3.5, 5 ] },
                "east": { "texture": "#texture", "uv": [ 0.5, 4, 1, 5 ] },
                "south": { "texture": "#texture", "uv": [ 2, 3.5, 12, 4 ] },
                "west": { "texture": "#texture", "uv": [ 0.5, 4, 1, 5 ] },
                "up": { "texture": "#texture", "uv": [ 2, 3.5, 12, 4 ] }
            }
        },
        {
            "name": "Element",
            "from": [ -2, 17, 15 ], 
            "to": [ 17, 18, 17 ], 
            "faces": {
                "north": { "texture": "#texture", "uv": [ 3, 4.5, 3.5, 5 ] },
                "east": { "texture": "#texture", "uv": [ 0.5, 4, 1, 5 ] },
                "south": { "texture": "#texture", "uv": [ 2, 3, 11.5, 3.5 ] },
                "west": { "texture": "#texture", "uv": [ 0.5, 4, 1, 5 ] },
                "up": { "texture": "#texture", "uv": [ 2, 3, 11.5, 3.5 ] }
            }
        },
        {
            "name": "Element",
            "from": [ -1, 18, 15 ], 
            "to": [ 17, 20, 17 ], 
            "faces": {
                "north": { "texture": "#texture", "uv": [ 3, 4.5, 3.5, 5 ] },
                "east": { "texture": "#texture", "uv": [ 0.5, 4, 1, 5 ] },
                "south": { "texture": "#texture", "uv": [ 2.5, 2, 11.5, 3 ] },
                "west": { "texture": "#texture", "uv": [ 0.5, 4, 1, 5 ] },
                "up": { "texture": "#texture", "uv": [ 2.5, 2.5, 11.5, 3 ] }
            }
        },
        {
            "name": "Element",
            "from": [ -5, 16, 15.5 ], 
            "to": [ -4, 17, 16.5 ], 
            "faces": {
                "north": { "texture": "#texture", "uv": [ 0.5, 3.5, 1, 4 ] },
                "east": { "texture": "#texture", "uv": [ 0.5, 3.5, 1, 4 ] },
                "south": { "texture": "#texture", "uv": [ 0.5, 3.5, 1, 4 ] },
                "west": { "texture": "#texture", "uv": [ 0.5, 3.5, 1, 4 ] },
                "up": { "texture": "#texture", "uv": [ 0.5, 3.5, 1, 4 ] }
            }
        },
        {
            "name": "Element",
            "from": [ 0, 20, 15.5 ], 
            "to": [ 2, 22, 16.5 ], 
            "faces": {
                "north": { "texture": "#texture", "uv": [ 0.5, 3.5, 1, 4 ] },
                "east": { "texture": "#texture", "uv": [ 0.5, 3.5, 1, 4 ] },
                "south": { "texture": "#texture", "uv": [ 3, 1, 4, 2 ] },
                "west": { "texture": "#texture", "uv": [ 0.5, 3.5, 1, 4 ] },
                "up": { "texture": "#texture", "uv": [ 0.5, 3.5, 1, 4 ] }
            }
        },
        {
            "name": "Element",
            "from": [ 4, 20, 15.5 ], 
            "to": [ 13, 21, 16.5 ], 
            "faces": {
                "north": { "texture": "#texture", "uv": [ 0.5, 3.5, 1, 4 ] },
                "east": { "texture": "#texture", "uv": [ 0.5, 3.5, 1, 4 ] },
                "south": { "texture": "#texture", "uv": [ 5, 1.5, 9.5, 2 ] },
                "west": { "texture": "#texture", "uv": [ 0.5, 3.5, 1, 4 ] },
                "up": { "texture": "#texture", "uv": [ 0.5, 3.5, 1, 4 ] }
            }
        },
        {
            "name": "Element",
            "from": [ 14, 20, 15.5 ], 
            "to": [ 16, 22, 16.5 ], 
            "faces": {
                "north": { "texture": "#texture", "uv": [ 0.5, 3.5, 1, 4 ] },
                "east": { "texture": "#texture", "uv": [ 0.5, 3.5, 1, 4 ] },
                "south": { "texture": "#texture", "uv": [ 10, 1, 11, 2 ] },
                "west": { "texture": "#texture", "uv": [ 0.5, 3.5, 1, 4 ] },
                "up": { "texture": "#texture", "uv": [ 0.5, 3.5, 1, 4 ] }
            }
        },
        {
            "name": "Element",
            "from": [ 16, 20, 15.5 ], 
            "to": [ 17, 21, 16.5 ], 
            "faces": {
                "north": { "texture": "#texture", "uv": [ 0.5, 3.5, 1, 4 ] },
                "east": { "texture": "#texture", "uv": [ 0.5, 3.5, 1, 4 ] },
                "south": { "texture": "#texture", "uv": [ 11, 1.5, 11.5, 2 ] },
                "up": { "texture": "#texture", "uv": [ 0.5, 3.5, 1, 4 ] }
            }
        },
        {
            "name": "Element",
            "from": [ 5, 21, 15.5 ], 
            "to": [ 12, 23, 16.5 ], 
            "faces": {
                "north": { "texture": "#texture", "uv": [ 0.5, 3.5, 1, 4 ] },
                "east": { "texture": "#texture", "uv": [ 0.5, 3.5, 1, 4 ] },
                "south": { "texture": "#texture", "uv": [ 5.5, 0.5, 9, 1.5 ] },
                "west": { "texture": "#texture", "uv": [ 0.5, 3.5, 1, 4 ] },
                "up": { "texture": "#texture", "uv": [ 0.5, 3.5, 1, 4 ] }
            }
        },
        {
            "name": "Element",
            "from": [ 6, 23, 15.5 ], 
            "to": [ 12, 24, 16.5 ], 
            "faces": {
                "north": { "texture": "#texture", "uv": [ 0.5, 3.5, 1, 4 ] },
                "east": { "texture": "#texture", "uv": [ 0.5, 3.5, 1, 4 ] },
                "west": { "texture": "#texture", "uv": [ 0.5, 3.5, 1, 4 ] },
                "up": { "texture": "#texture", "uv": [ 0.5, 3.5, 1, 4 ] }
            }
        },
        {
            "name": "Element",
            "from": [ 7, 24, 15.5 ], 
            "to": [ 11, 25, 16.5 ], 
            "faces": {
                "north": { "texture": "#texture", "uv": [ 0.5, 3.5, 1, 4 ] },
                "east": { "texture": "#texture", "uv": [ 0.5, 3.5, 1, 4 ] },
                "south": { "texture": "#texture", "uv": [ 6.5, 0, 8.5, 0.5 ] },
                "west": { "texture": "#texture", "uv": [ 0.5, 3.5, 1, 4 ] },
                "up": { "texture": "#texture", "uv": [ 0.5, 3.5, 1, 4 ] }
            }
        },
        {
            "name": "Element",
            "from": [ 7, 25, 15.5 ], 
            "to": [ 10, 26, 16.5 ], 
            "faces": {
                "north": { "texture": "#texture", "uv": [ 0.5, 3.5, 1, 4 ] },
                "east": { "texture": "#texture", "uv": [ 0.5, 3.5, 1, 4 ] },
                "south": { "texture": "#texture", "uv": [ 6.5, 0, 8, 0.5 ] },
                "west": { "texture": "#texture", "uv": [ 0.5, 3.5, 1, 4 ] },
                "up": { "texture": "#texture", "uv": [ 0.5, 3.5, 1, 4 ] }
            }
        },
        {
            "name": "Element",
            "from": [ 8, 26, 15.5 ], 
            "to": [ 9, 27, 16.5 ], 
            "faces": {
                "north": { "texture": "#texture", "uv": [ 0.5, 3.5, 1, 4 ] },
                "east": { "texture": "#texture", "uv": [ 0.5, 3.5, 1, 4 ] },
                "south": { "texture": "#texture", "uv": [ 0.5, 3.5, 1, 4 ] },
                "west": { "texture": "#texture", "uv": [ 0.5, 3.5, 1, 4 ] },
                "up": { "texture": "#texture", "uv": [ 0.5, 3.5, 1, 4 ] }
            }
        },
        {
            "name": "Element",
            "from": [ 0, 12, 19 ], 
            "to": [ 2, 13, 20 ], 
            "faces": {
                "south": { "texture": "#texture", "uv": [ 3, 6, 3.5, 6.5 ] },
                "west": { "texture": "#texture", "uv": [ 0.5, 3.5, 1, 4 ] }
            }
        },
        {
            "name": "Element",
            "from": [ -4, 13, 17 ], 
            "to": [ 17, 16, 19 ], 
            "faces": {
                "east": { "texture": "#texture", "uv": [ 0.5, 4, 1, 5 ] },
                "south": { "texture": "#texture", "uv": [ 1, 4, 11.5, 5.5 ] },
                "west": { "texture": "#texture", "uv": [ 0.5, 4, 1, 5 ] },
                "up": { "texture": "#texture", "uv": [ 1, 4, 11.5, 4.5 ] },
                "down": { "texture": "#texture", "uv": [ 1, 4, 11.5, 4.5 ] }
            }
        },
        {
            "name": "Element",
            "from": [ -1, 13, 19 ], 
            "to": [ 14, 15, 20 ], 
            "faces": {
                "east": { "texture": "#texture", "uv": [ 0.5, 4, 1, 5 ] },
                "south": { "texture": "#texture", "uv": [ 2.5, 4, 10, 5 ] },
                "west": { "texture": "#texture", "uv": [ 0.5, 4, 1, 5 ] },
                "up": { "texture": "#texture", "uv": [ 1, 4, 11.5, 4.5 ] },
                "down": { "texture": "#texture", "uv": [ 1, 4, 11.5, 4.5 ] }
            }
        },
        {
            "name": "Element",
            "from": [ -1, 16, 17 ], 
            "to": [ 17, 17, 18 ], 
            "faces": {
                "east": { "texture": "#texture", "uv": [ 0.5, 4, 1, 5 ] },
                "south": { "texture": "#texture", "uv": [ 2.5, 3.5, 11.5, 4 ] },
                "west": { "texture": "#texture", "uv": [ 0.5, 4, 1, 5 ] },
                "up": { "texture": "#texture", "uv": [ 2, 3.5, 12, 4 ] }
            }
        },
        {
            "name": "Element",
            "from": [ -1, 17, 17 ], 
            "to": [ 16, 18, 18 ], 
            "faces": {
                "east": { "texture": "#texture", "uv": [ 0.5, 4, 1, 5 ] },
                "south": { "texture": "#texture", "uv": [ 2.5, 3, 11, 3.5 ] },
                "west": { "texture": "#texture", "uv": [ 0.5, 4, 1, 5 ] },
                "up": { "texture": "#texture", "uv": [ 2, 3, 11.5, 3.5 ] }
            }
        },
        {
            "name": "Element",
            "from": [ 0, 18, 17 ], 
            "to": [ 16, 20, 18 ], 
            "faces": {
                "east": { "texture": "#texture", "uv": [ 0.5, 4, 1, 5 ] },
                "south": { "texture": "#texture", "uv": [ 3, 2, 11, 3 ] },
                "west": { "texture": "#texture", "uv": [ 0.5, 4, 1, 5 ] },
                "up": { "texture": "#texture", "uv": [ 2.5, 2.5, 11.5, 3 ] }
            }
        },
        {
            "name": "Element",
            "from": [ 5, 20, 16.5 ], 
            "to": [ 12, 21, 18 ], 
            "faces": {
                "east": { "texture": "#texture", "uv": [ 0.5, 3.5, 1, 4 ] },
                "south": { "texture": "#texture", "uv": [ 5.5, 1.5, 9, 2 ] },
                "west": { "texture": "#texture", "uv": [ 0.5, 3.5, 1, 4 ] },
                "up": { "texture": "#texture", "uv": [ 0.5, 3.5, 1, 4 ] },
                "down": { "texture": "#texture", "uv": [ 0.5, 3.5, 1, 4 ] }
            }
        },
        {
            "name": "Element",
            "from": [ 6, 21, 16.5 ], 
            "to": [ 11, 23, 18 ], 
            "faces": {
                "east": { "texture": "#texture", "uv": [ 0.5, 3.5, 1, 4 ] },
                "south": { "texture": "#texture", "uv": [ 6, 0.5, 8.5, 1.5 ] },
                "west": { "texture": "#texture", "uv": [ 0.5, 3.5, 1, 4 ] },
                "up": { "texture": "#texture", "uv": [ 0.5, 3.5, 1, 4 ] }
            }
        },
        {
            "name": "Element",
            "from": [ 6, 23, 16.5 ], 
            "to": [ 12, 24, 17.5 ], 
            "faces": {
                "east": { "texture": "#texture", "uv": [ 0.5, 3.5, 1, 4 ] },
                "south": { "texture": "#texture", "uv": [ 6.5, 0, 8.5, 0.5 ] },
                "west": { "texture": "#texture", "uv": [ 0.5, 3.5, 1, 4 ] },
                "up": { "texture": "#texture", "uv": [ 0.5, 3.5, 1, 4 ] },
                "down": { "texture": "#texture", "uv": [ 0.5, 3.5, 1, 4 ] }
            }
        },
        {
            "name": "Element",
            "from": [ 8, 24, 16.5 ], 
            "to": [ 10, 25, 17.5 ], 
            "faces": {
                "east": { "texture": "#texture", "uv": [ 0.5, 3.5, 1, 4 ] },
                "south": { "texture": "#texture", "uv": [ 7, 0, 8, 0.5 ] },
                "west": { "texture": "#texture", "uv": [ 0.5, 3.5, 1, 4 ] },
                "up": { "texture": "#texture", "uv": [ 0.5, 3.5, 1, 4 ] }
            }
        },
        {
            "name": "Element",
            "from": [ 8, 25, 16.5 ], 
            "to": [ 9, 26, 17.5 ], 
            "faces": {
                "east": { "texture": "#texture", "uv": [ 0.5, 3.5, 1, 4 ] },
                "south": { "texture": "#texture", "uv": [ 0.5, 3.5, 1, 4 ] },
                "west": { "texture": "#texture", "uv": [ 0.5, 3.5, 1, 4 ] },
                "up": { "texture": "#texture", "uv": [ 0.5, 3.5, 1, 4 ] }
            }
        },
        {
            "name": "Element",
            "from": [ 4, 16, 18 ], 
            "to": [ 12, 19, 19 ], 
            "faces": {
                "north": { "texture": "#texture", "uv": [ 5, 2.5, 9, 4 ] },
                "east": { "texture": "#texture", "uv": [ 5, 2.5, 5.5, 3 ] },
                "south": { "texture": "#texture", "uv": [ 5, 2.5, 9, 4 ] },
                "west": { "texture": "#texture", "uv": [ 5, 2.5, 5.5, 3 ] },
                "up": { "texture": "#texture", "uv": [ 6.5, 3, 8.5, 3.5 ] }
            }
        },
        {
            "name": "Element",
            "from": [ 6, -2, 19 ], 
            "to": [ 10, -1, 20 ], 
            "faces": {
                "north": { "texture": "#texture", "uv": [ 4.5, 12, 5, 12.5 ] },
                "east": { "texture": "#texture", "uv": [ 4.5, 12, 5, 12.5 ] },
                "south": { "texture": "#texture", "uv": [ 4.5, 12, 5, 12.5 ] },
                "west": { "texture": "#texture", "uv": [ 4.5, 12, 5, 12.5 ] },
                "down": { "texture": "#texture", "uv": [ 4.5, 12, 5, 12.5 ] }
            }
        }
    ]
}