{
	"__comment": "Designed by Zeta with Cubik Studio - https://cubik.studio",
	"textures": {
		"mesh_atlas": "blocks/mesh_atlas"
	},
	"elements": [
		{
			"__comment": "Voxels",
			"from": [ -0.5, 2, 11 ],
			"to": [ 4.5, 3, 12 ],
			"rotation": { "origin": [ -0.5, 2, 11 ], "axis": "y", "angle": 22.5 },
			"faces": {
				"down": { "uv": [ 2.75, 8.25, 4, 8.5 ], "texture": "#mesh_atlas" },
				"up": { "uv": [ 2.75, 8.25, 4, 8 ], "texture": "#mesh_atlas" },
				"north": { "uv": [ 16, 14, 14.75, 14.25 ], "texture": "#mesh_atlas" },
				"south": { "uv": [ 14.5, 13.75, 15.75, 14 ], "texture": "#mesh_atlas" },
				"west": { "uv": [ 11.375, 12, 11.625, 12.25 ], "texture": "#mesh_atlas" },
				"east": { "uv": [ 11.625, 11.75, 11.375, 12 ], "texture": "#mesh_atlas" }
			}
		},
		{
			"__comment": "Voxels",
			"from": [ 2, 7, 3 ],
			"to": [ 13, 10, 3.5 ],
			"faces": {
				"down": { "uv": [ 11.625, 12.375, 14.375, 12.5 ], "texture": "#mesh_atlas" },
				"up": { "uv": [ 0, 8.125, 2.75, 8 ], "texture": "#mesh_atlas" },
				"north": { "uv": [ 15.125, 15.25, 12.375, 16 ], "texture": "#mesh_atlas" },
				"south": { "uv": [ 12.375, 14.5, 15.125, 15.25 ], "texture": "#mesh_atlas" },
				"west": { "uv": [ 12.125, 8.125, 12.25, 8.875 ], "texture": "#mesh_atlas" },
				"east": { "uv": [ 12.375, 8.125, 12.25, 8.875 ], "texture": "#mesh_atlas" }
			}
		},
		{
			"__comment": "Voxels",
			"from": [ 2, 7, 3.5 ],
			"to": [ 4, 10, 7 ],
			"faces": {
				"down": { "uv": [ 8.125, 9.25, 8.625, 10.125 ], "texture": "#mesh_atlas" },
				"up": { "uv": [ 6.625, 12.25, 7.125, 11.375 ], "texture": "#mesh_atlas" },
				"north": { "uv": [ 9.125, 9.375, 8.625, 10.125 ], "texture": "#mesh_atlas" },
				"south": { "uv": [ 8.125, 8.5, 8.625, 9.25 ], "texture": "#mesh_atlas" },
				"west": { "uv": [ 6.125, 9.125, 7, 9.875 ], "texture": "#mesh_atlas" },
				"east": { "uv": [ 5.125, 8.625, 4.25, 9.375 ], "texture": "#mesh_atlas" }
			}
		},
		{
			"__comment": "Voxels",
			"from": [ 2, 7, 9 ],
			"to": [ 4, 10, 13 ],
			"faces": {
				"down": { "uv": [ 5.125, 8.125, 5.625, 9.125 ], "texture": "#mesh_atlas" },
				"up": { "uv": [ 5.625, 9.125, 6.125, 8.125 ], "texture": "#mesh_atlas" },
				"north": { "uv": [ 9.125, 8.5, 8.625, 9.25 ], "texture": "#mesh_atlas" },
				"south": { "uv": [ 10.375, 11, 10.875, 11.75 ], "texture": "#mesh_atlas" },
				"west": { "uv": [ 6.125, 10.625, 7.125, 11.375 ], "texture": "#mesh_atlas" },
				"east": { "uv": [ 7.125, 9.875, 6.125, 10.625 ], "texture": "#mesh_atlas" }
			}
		},
		{
			"__comment": "Voxels",
			"from": [ 2, 9, 7 ],
			"to": [ 4, 10, 9 ],
			"faces": {
				"down": { "uv": [ 8.625, 8, 9.125, 8.5 ], "texture": "#mesh_atlas" },
				"up": { "uv": [ 10.875, 11.75, 11.375, 11.25 ], "texture": "#mesh_atlas" },
				"north": { "uv": [ 10.875, 10.375, 10.375, 10.625 ], "texture": "#mesh_atlas" },
				"south": { "uv": [ 10.875, 10.75, 11.375, 11 ], "texture": "#mesh_atlas" },
				"west": { "uv": [ 10.875, 10.5, 11.375, 10.75 ], "texture": "#mesh_atlas" },
				"east": { "uv": [ 11.375, 10.25, 10.875, 10.5 ], "texture": "#mesh_atlas" }
			}
		},
		{
			"__comment": "Voxels",
			"from": [ 2.5, 1.5, 5 ],
			"to": [ 4, 2, 11 ],
			"faces": {
				"down": { "uv": [ 15.5, 14.5, 15.875, 16 ], "texture": "#mesh_atlas" },
				"up": { "uv": [ 15.125, 16, 15.5, 14.5 ], "texture": "#mesh_atlas" },
				"north": { "uv": [ 15.25, 11.625, 14.875, 11.75 ], "texture": "#mesh_atlas" },
				"south": { "uv": [ 15.25, 11.625, 15.625, 11.75 ], "texture": "#mesh_atlas" },
				"west": { "uv": [ 14.375, 12.375, 15.875, 12.5 ], "texture": "#mesh_atlas" },
				"east": { "uv": [ 15.75, 12.25, 14.25, 12.375 ], "texture": "#mesh_atlas" }
			}
		},
		{
			"__comment": "Voxels",
			"from": [ 2.5, 2, 4.5 ],
			"to": [ 4, 3, 5 ],
			"faces": {
				"down": { "uv": [ 2.375, 8.375, 2.75, 8.5 ], "texture": "#mesh_atlas" },
				"up": { "uv": [ 4.75, 8.125, 5.125, 8 ], "texture": "#mesh_atlas" },
				"north": { "uv": [ 5.125, 11.625, 4.75, 11.875 ], "texture": "#mesh_atlas" },
				"south": { "uv": [ 7, 9.125, 7.375, 9.375 ], "texture": "#mesh_atlas" },
				"west": { "uv": [ 15.875, 13, 16, 13.25 ], "texture": "#mesh_atlas" },
				"east": { "uv": [ 16, 12.75, 15.875, 13 ], "texture": "#mesh_atlas" }
			}
		},
		{
			"__comment": "Voxels",
			"from": [ 2.5, 2, 11 ],
			"to": [ 5, 3, 11.5 ],
			"faces": {
				"down": { "uv": [ 14.125, 11.875, 14.75, 12 ], "texture": "#mesh_atlas" },
				"up": { "uv": [ 14.75, 12, 15.375, 11.875 ], "texture": "#mesh_atlas" },
				"north": { "uv": [ 11.5, 11, 10.875, 11.25 ], "texture": "#mesh_atlas" },
				"south": { "uv": [ 15.375, 13.5, 16, 13.75 ], "texture": "#mesh_atlas" },
				"west": { "uv": [ 7.25, 9.375, 7.375, 9.625 ], "texture": "#mesh_atlas" },
				"east": { "uv": [ 7.375, 9.625, 7.25, 9.875 ], "texture": "#mesh_atlas" }
			}
		},
		{
			"__comment": "Voxels",
			"from": [ 2.5, 3, 5 ],
			"to": [ 4, 3.5, 11 ],
			"faces": {
				"down": { "uv": [ 4.75, 12.375, 5.125, 13.875 ], "texture": "#mesh_atlas" },
				"up": { "uv": [ 2.375, 10.5, 2.75, 9 ], "texture": "#mesh_atlas" },
				"north": { "uv": [ 16, 12, 15.625, 12.125 ], "texture": "#mesh_atlas" },
				"south": { "uv": [ 15.125, 11.75, 15.5, 11.875 ], "texture": "#mesh_atlas" },
				"west": { "uv": [ 14.125, 12, 15.625, 12.125 ], "texture": "#mesh_atlas" },
				"east": { "uv": [ 15.75, 12.125, 14.25, 12.25 ], "texture": "#mesh_atlas" }
			}
		},
		{
			"__comment": "Voxels",
			"from": [ 2.5, 11, 2.5 ],
			"to": [ 13.5, 12, 13.5 ],
			"faces": {
				"down": { "uv": [ 0, 10.5, 2.75, 13.25 ], "texture": "#mesh_atlas" },
				"up": { "uv": [ 0, 16, 2.75, 13.25 ], "texture": "#mesh_atlas" },
				"north": { "uv": [ 2.75, 8.125, 0, 8.375 ], "texture": "#mesh_atlas" },
				"south": { "uv": [ 9.375, 14.25, 12.125, 14.5 ], "texture": "#mesh_atlas" },
				"west": { "uv": [ 9.375, 14, 12.125, 14.25 ], "texture": "#mesh_atlas" },
				"east": { "uv": [ 14.875, 14.25, 12.125, 14.5 ], "texture": "#mesh_atlas" }
			}
		},
		{
			"__comment": "Voxels",
			"from": [ 3, 1, 3 ],
			"to": [ 13, 7, 3.5 ],
			"faces": {
				"down": { "uv": [ 11.625, 12, 14.125, 12.125 ], "texture": "#mesh_atlas" },
				"up": { "uv": [ 11.625, 12, 14.125, 11.875 ], "texture": "#mesh_atlas" },
				"north": { "uv": [ 9.875, 14.5, 7.375, 16 ], "texture": "#mesh_atlas" },
				"south": { "uv": [ 9.875, 14.5, 12.375, 16 ], "texture": "#mesh_atlas" },
				"west": { "uv": [ 12.375, 8.875, 12.5, 10.375 ], "texture": "#mesh_atlas" },
				"east": { "uv": [ 12.375, 8.875, 12.25, 10.375 ], "texture": "#mesh_atlas" }
			}
		},
		{
			"__comment": "Voxels",
			"from": [ 3, 1, 3.5 ],
			"to": [ 13, 2, 4 ],
			"faces": {
				"down": { "uv": [ 11.625, 11.625, 14.125, 11.75 ], "texture": "#mesh_atlas" },
				"up": { "uv": [ 11.625, 11.875, 14.125, 11.75 ], "texture": "#mesh_atlas" },
				"north": { "uv": [ 14.5, 13.75, 12, 14 ], "texture": "#mesh_atlas" },
				"south": { "uv": [ 9.375, 13.5, 11.875, 13.75 ], "texture": "#mesh_atlas" },
				"west": { "uv": [ 5, 8.125, 5.125, 8.375 ], "texture": "#mesh_atlas" },
				"east": { "uv": [ 5.125, 8.375, 5, 8.625 ], "texture": "#mesh_atlas" }
			}
		},
		{
			"__comment": "Voxels",
			"from": [ 3, 1, 4 ],
			"to": [ 4, 7, 4.5 ],
			"faces": {
				"down": { "uv": [ 15.75, 12.125, 16, 12.25 ], "texture": "#mesh_atlas" },
				"up": { "uv": [ 15.75, 12.375, 16, 12.25 ], "texture": "#mesh_atlas" },
				"north": { "uv": [ 10.375, 10.25, 10.125, 11.75 ], "texture": "#mesh_atlas" },
				"south": { "uv": [ 9.875, 10.25, 10.125, 11.75 ], "texture": "#mesh_atlas" },
				"west": { "uv": [ 12.125, 8.875, 12.25, 10.375 ], "texture": "#mesh_atlas" },
				"east": { "uv": [ 16, 14.5, 15.875, 16 ], "texture": "#mesh_atlas" }
			}
		},
		{
			"__comment": "Voxels",
			"from": [ 3, 1, 4.5 ],
			"to": [ 4, 2, 5 ],
			"faces": {
				"down": { "uv": [ 10, 8, 10.25, 8.125 ], "texture": "#mesh_atlas" },
				"up": { "uv": [ 7.875, 8.125, 8.125, 8 ], "texture": "#mesh_atlas" },
				"north": { "uv": [ 13, 9.125, 12.75, 9.375 ], "texture": "#mesh_atlas" },
				"south": { "uv": [ 12.75, 9.375, 13, 9.625 ], "texture": "#mesh_atlas" },
				"west": { "uv": [ 5, 11.875, 5.125, 12.125 ], "texture": "#mesh_atlas" },
				"east": { "uv": [ 5.125, 12.125, 5, 12.375 ], "texture": "#mesh_atlas" }
			}
		},
		{
			"__comment": "Voxels",
			"from": [ 3, 1, 5 ],
			"to": [ 4, 1.5, 13 ],
			"faces": {
				"down": { "uv": [ 8.875, 10.5, 9.125, 12.5 ], "texture": "#mesh_atlas" },
				"up": { "uv": [ 8.625, 12.5, 8.875, 10.5 ], "texture": "#mesh_atlas" },
				"north": { "uv": [ 7.875, 8, 7.625, 8.125 ], "texture": "#mesh_atlas" },
				"south": { "uv": [ 7.375, 8, 7.625, 8.125 ], "texture": "#mesh_atlas" },
				"west": { "uv": [ 14, 11, 16, 11.125 ], "texture": "#mesh_atlas" },
				"east": { "uv": [ 16, 10.875, 14, 11 ], "texture": "#mesh_atlas" }
			}
		},
		{
			"__comment": "Voxels",
			"from": [ 3, 1.5, 11 ],
			"to": [ 4, 2, 13 ],
			"faces": {
				"down": { "uv": [ 4.75, 11.875, 5, 12.375 ], "texture": "#mesh_atlas" },
				"up": { "uv": [ 2.375, 9, 2.625, 8.5 ], "texture": "#mesh_atlas" },
				"north": { "uv": [ 8.875, 10.125, 8.625, 10.25 ], "texture": "#mesh_atlas" },
				"south": { "uv": [ 8.375, 10.125, 8.625, 10.25 ], "texture": "#mesh_atlas" },
				"west": { "uv": [ 14.625, 11.75, 15.125, 11.875 ], "texture": "#mesh_atlas" },
				"east": { "uv": [ 14.625, 11.75, 14.125, 11.875 ], "texture": "#mesh_atlas" }
			}
		},
		{
			"__comment": "Voxels",
			"from": [ 3, 2, 3.5 ],
			"to": [ 4, 7, 4 ],
			"faces": {
				"down": { "uv": [ 15.75, 11.5, 16, 11.625 ], "texture": "#mesh_atlas" },
				"up": { "uv": [ 14.25, 11.5, 14.5, 11.375 ], "texture": "#mesh_atlas" },
				"north": { "uv": [ 9.875, 9, 9.625, 10.25 ], "texture": "#mesh_atlas" },
				"south": { "uv": [ 9.375, 9, 9.625, 10.25 ], "texture": "#mesh_atlas" },
				"west": { "uv": [ 10.5, 8, 10.625, 9.25 ], "texture": "#mesh_atlas" },
				"east": { "uv": [ 10.75, 8, 10.625, 9.25 ], "texture": "#mesh_atlas" }
			}
		},
		{
			"__comment": "Voxels",
			"from": [ 3, 2, 5 ],
			"to": [ 4, 3, 9.5 ],
			"faces": {
				"down": { "uv": [ 10, 9.125, 10.25, 10.25 ], "texture": "#mesh_atlas" },
				"up": { "uv": [ 7.125, 9.125, 7.375, 8 ], "texture": "#mesh_atlas" },
				"north": { "uv": [ 12.75, 8.875, 12.5, 9.125 ], "texture": "#mesh_atlas" },
				"south": { "uv": [ 12.5, 8.625, 12.75, 8.875 ], "texture": "#mesh_atlas" },
				"west": { "uv": [ 14.25, 13.5, 15.375, 13.75 ], "texture": "#mesh_atlas" },
				"east": { "uv": [ 16, 14.25, 14.875, 14.5 ], "texture": "#mesh_atlas" }
			}
		},
		{
			"__comment": "Voxels",
			"from": [ 3, 2, 10.5 ],
			"to": [ 4, 3, 11 ],
			"faces": {
				"down": { "uv": [ 14.5, 11.375, 14.75, 11.5 ], "texture": "#mesh_atlas" },
				"up": { "uv": [ 14.75, 11.5, 15, 11.375 ], "texture": "#mesh_atlas" },
				"north": { "uv": [ 4.25, 8, 4, 8.25 ], "texture": "#mesh_atlas" },
				"south": { "uv": [ 7.125, 10.625, 7.375, 10.875 ], "texture": "#mesh_atlas" },
				"west": { "uv": [ 15.875, 12.5, 16, 12.75 ], "texture": "#mesh_atlas" },
				"east": { "uv": [ 11.625, 11, 11.5, 11.25 ], "texture": "#mesh_atlas" }
			}
		},
		{
			"__comment": "Voxels",
			"from": [ 3, 2, 11.5 ],
			"to": [ 5, 3, 13 ],
			"faces": {
				"down": { "uv": [ 8.875, 10.125, 9.375, 10.5 ], "texture": "#mesh_atlas" },
				"up": { "uv": [ 10.375, 11, 10.875, 10.625 ], "texture": "#mesh_atlas" },
				"north": { "uv": [ 13, 9.875, 12.5, 10.125 ], "texture": "#mesh_atlas" },
				"south": { "uv": [ 12.5, 9.625, 13, 9.875 ], "texture": "#mesh_atlas" },
				"west": { "uv": [ 11.25, 9.75, 11.625, 10 ], "texture": "#mesh_atlas" },
				"east": { "uv": [ 11.625, 10, 11.25, 10.25 ], "texture": "#mesh_atlas" }
			}
		},
		{
			"__comment": "Voxels",
			"from": [ 3, 3, 4.5 ],
			"to": [ 4, 7, 5 ],
			"faces": {
				"down": { "uv": [ 8.125, 10.125, 8.375, 10.25 ], "texture": "#mesh_atlas" },
				"up": { "uv": [ 7.875, 10.25, 8.125, 10.125 ], "texture": "#mesh_atlas" },
				"north": { "uv": [ 10.75, 9.25, 10.5, 10.25 ], "texture": "#mesh_atlas" },
				"south": { "uv": [ 10, 8.125, 10.25, 9.125 ], "texture": "#mesh_atlas" },
				"west": { "uv": [ 11.625, 8.25, 11.75, 9.25 ], "texture": "#mesh_atlas" },
				"east": { "uv": [ 11.875, 8.25, 11.75, 9.25 ], "texture": "#mesh_atlas" }
			}
		},
		{
			"__comment": "Voxels",
			"from": [ 3, 3, 11 ],
			"to": [ 4, 7, 13 ],
			"faces": {
				"down": { "uv": [ 11.25, 9.25, 11.5, 9.75 ], "texture": "#mesh_atlas" },
				"up": { "uv": [ 11.25, 8.5, 11.5, 8 ], "texture": "#mesh_atlas" },
				"north": { "uv": [ 9.625, 8, 9.375, 9 ], "texture": "#mesh_atlas" },
				"south": { "uv": [ 9.625, 8, 9.875, 9 ], "texture": "#mesh_atlas" },
				"west": { "uv": [ 6.625, 8.125, 7.125, 9.125 ], "texture": "#mesh_atlas" },
				"east": { "uv": [ 6.625, 8.125, 6.125, 9.125 ], "texture": "#mesh_atlas" }
			}
		},
		{
			"__comment": "Voxels",
			"from": [ 3, 3.5, 5 ],
			"to": [ 4, 7, 11 ],
			"faces": {
				"down": { "uv": [ 9.625, 10.25, 9.875, 11.75 ], "texture": "#mesh_atlas" },
				"up": { "uv": [ 9.375, 11.75, 9.625, 10.25 ], "texture": "#mesh_atlas" },
				"north": { "uv": [ 9.375, 9.25, 9.125, 10.125 ], "texture": "#mesh_atlas" },
				"south": { "uv": [ 7.125, 11.375, 7.375, 12.25 ], "texture": "#mesh_atlas" },
				"west": { "uv": [ 5.125, 11.375, 6.625, 12.25 ], "texture": "#mesh_atlas" },
				"east": { "uv": [ 4.25, 8.5, 2.75, 9.375 ], "texture": "#mesh_atlas" }
			}
		},
		{
			"__comment": "Voxels",
			"from": [ 3, 7, 7 ],
			"to": [ 4, 9, 9 ],
			"faces": {
				"down": { "uv": [ 4.75, 8.125, 5, 8.625 ], "texture": "#mesh_atlas" },
				"up": { "uv": [ 7.125, 11.375, 7.375, 10.875 ], "texture": "#mesh_atlas" },
				"north": { "uv": [ 7.375, 10.125, 7.125, 10.625 ], "texture": "#mesh_atlas" },
				"south": { "uv": [ 7, 9.375, 7.25, 9.875 ], "texture": "#mesh_atlas" },
				"west": { "uv": [ 4.25, 8.125, 4.75, 8.625 ], "texture": "#mesh_atlas" },
				"east": { "uv": [ 8.625, 8, 8.125, 8.5 ], "texture": "#mesh_atlas" }
			}
		},
		{
			"__comment": "Voxels",
			"from": [ 3, 8, 2 ],
			"to": [ 11, 10, 3 ],
			"faces": {
				"down": { "uv": [ 13.875, 13, 15.875, 13.25 ], "texture": "#mesh_atlas" },
				"up": { "uv": [ 14, 13.5, 16, 13.25 ], "texture": "#mesh_atlas" },
				"north": { "uv": [ 9.375, 13, 7.375, 13.5 ], "texture": "#mesh_atlas" },
				"south": { "uv": [ 7.375, 12.5, 9.375, 13 ], "texture": "#mesh_atlas" },
				"west": { "uv": [ 12.5, 9.125, 12.75, 9.625 ], "texture": "#mesh_atlas" },
				"east": { "uv": [ 9.375, 8.75, 9.125, 9.25 ], "texture": "#mesh_atlas" }
			}
		},
		{
			"__comment": "Voxels",
			"from": [ 3, 8, 13 ],
			"to": [ 11, 10, 14 ],
			"faces": {
				"down": { "uv": [ 13.875, 12.75, 15.875, 13 ], "texture": "#mesh_atlas" },
				"up": { "uv": [ 13.875, 12.75, 15.875, 12.5 ], "texture": "#mesh_atlas" },
				"north": { "uv": [ 9.375, 13.5, 7.375, 14 ], "texture": "#mesh_atlas" },
				"south": { "uv": [ 7.375, 14, 9.375, 14.5 ], "texture": "#mesh_atlas" },
				"west": { "uv": [ 9.125, 8, 9.375, 8.5 ], "texture": "#mesh_atlas" },
				"east": { "uv": [ 11.625, 11.25, 11.375, 11.75 ], "texture": "#mesh_atlas" }
			}
		},
		{
			"__comment": "Voxels",
			"from": [ 3, 10, 3 ],
			"to": [ 13.5, 11, 3.5 ],
			"faces": {
				"down": { "uv": [ 11.625, 12.25, 14.25, 12.375 ], "texture": "#mesh_atlas" },
				"up": { "uv": [ 11.625, 12.25, 14.25, 12.125 ], "texture": "#mesh_atlas" },
				"north": { "uv": [ 12, 13.75, 9.375, 14 ], "texture": "#mesh_atlas" },
				"south": { "uv": [ 12.125, 14, 14.75, 14.25 ], "texture": "#mesh_atlas" },
				"west": { "uv": [ 2.625, 8.75, 2.75, 9 ], "texture": "#mesh_atlas" },
				"east": { "uv": [ 2.75, 8.5, 2.625, 8.75 ], "texture": "#mesh_atlas" }
			}
		},
		{
			"__comment": "Voxels",
			"from": [ 3, 10, 3.5 ],
			"to": [ 4, 11, 13 ],
			"faces": {
				"down": { "uv": [ 7.625, 10.125, 7.875, 12.5 ], "texture": "#mesh_atlas" },
				"up": { "uv": [ 7.375, 12.5, 7.625, 10.125 ], "texture": "#mesh_atlas" },
				"north": { "uv": [ 11.625, 10.75, 11.375, 11 ], "texture": "#mesh_atlas" },
				"south": { "uv": [ 11.375, 10.5, 11.625, 10.75 ], "texture": "#mesh_atlas" },
				"west": { "uv": [ 11.875, 13.5, 14.25, 13.75 ], "texture": "#mesh_atlas" },
				"east": { "uv": [ 11.75, 13.25, 9.375, 13.5 ], "texture": "#mesh_atlas" }
			}
		},
		{
			"__comment": "Voxels",
			"from": [ 4, 1, 12 ],
			"to": [ 13, 2, 13 ],
			"faces": {
				"down": { "uv": [ 11.625, 12.75, 13.875, 13 ], "texture": "#mesh_atlas" },
				"up": { "uv": [ 9.375, 12.75, 11.625, 12.5 ], "texture": "#mesh_atlas" },
				"north": { "uv": [ 13.875, 12.5, 11.625, 12.75 ], "texture": "#mesh_atlas" },
				"south": { "uv": [ 9.375, 12.25, 11.625, 12.5 ], "texture": "#mesh_atlas" },
				"west": { "uv": [ 11.375, 10.25, 11.625, 10.5 ], "texture": "#mesh_atlas" },
				"east": { "uv": [ 11.5, 9, 11.25, 9.25 ], "texture": "#mesh_atlas" }
			}
		},
		{
			"__comment": "Voxels",
			"from": [ 4, 3, 12 ],
			"to": [ 5, 11, 13 ],
			"faces": {
				"down": { "uv": [ 11.25, 8.75, 11.5, 9 ], "texture": "#mesh_atlas" },
				"up": { "uv": [ 11.25, 8.75, 11.5, 8.5 ], "texture": "#mesh_atlas" },
				"north": { "uv": [ 7.625, 8.125, 7.375, 10.125 ], "texture": "#mesh_atlas" },
				"south": { "uv": [ 9.125, 10.5, 9.375, 12.5 ], "texture": "#mesh_atlas" },
				"west": { "uv": [ 8.125, 10.5, 8.375, 12.5 ], "texture": "#mesh_atlas" },
				"east": { "uv": [ 8.625, 10.5, 8.375, 12.5 ], "texture": "#mesh_atlas" }
			}
		},
		{
			"__comment": "Voxels",
			"from": [ 4, 10.5, 3.5 ],
			"to": [ 13.5, 11, 12 ],
			"faces": {
				"down": { "uv": [ 2.75, 13.875, 5.125, 16 ], "texture": "#mesh_atlas" },
				"up": { "uv": [ 0, 10.5, 2.375, 8.375 ], "texture": "#mesh_atlas" },
				"north": { "uv": [ 14.25, 11.125, 11.875, 11.25 ], "texture": "#mesh_atlas" },
				"south": { "uv": [ 11.875, 11.25, 14.25, 11.375 ], "texture": "#mesh_atlas" },
				"west": { "uv": [ 11.875, 10.5, 14, 10.625 ], "texture": "#mesh_atlas" },
				"east": { "uv": [ 14, 10.375, 11.875, 10.5 ], "texture": "#mesh_atlas" }
			}
		},
		{
			"__comment": "Voxels",
			"from": [ 5, 2, 12.5 ],
			"to": [ 13, 11, 13 ],
			"faces": {
				"down": { "uv": [ 14, 10.75, 16, 10.875 ], "texture": "#mesh_atlas" },
				"up": { "uv": [ 14, 10.75, 16, 10.625 ], "texture": "#mesh_atlas" },
				"north": { "uv": [ 4.75, 9.375, 2.75, 11.625 ], "texture": "#mesh_atlas" },
				"south": { "uv": [ 2.75, 11.625, 4.75, 13.875 ], "texture": "#mesh_atlas" },
				"west": { "uv": [ 10.375, 8, 10.5, 10.25 ], "texture": "#mesh_atlas" },
				"east": { "uv": [ 10.375, 8, 10.25, 10.25 ], "texture": "#mesh_atlas" }
			}
		},
		{
			"__comment": "Voxels",
			"from": [ 5, 10.5, 12 ],
			"to": [ 13.5, 11, 12.5 ],
			"faces": {
				"down": { "uv": [ 11.875, 10.625, 14, 10.75 ], "texture": "#mesh_atlas" },
				"up": { "uv": [ 11.875, 10.875, 14, 10.75 ], "texture": "#mesh_atlas" },
				"north": { "uv": [ 14, 10.875, 11.875, 11 ], "texture": "#mesh_atlas" },
				"south": { "uv": [ 11.875, 11, 14, 11.125 ], "texture": "#mesh_atlas" },
				"west": { "uv": [ 11.5, 8.125, 11.625, 8.25 ], "texture": "#mesh_atlas" },
				"east": { "uv": [ 11.625, 8, 11.5, 8.125 ], "texture": "#mesh_atlas" }
			}
		},
		{
			"__comment": "Voxels",
			"from": [ 9, 7, 2 ],
			"to": [ 11, 8, 3 ],
			"faces": {
				"down": { "uv": [ 10.75, 9.5, 11.25, 9.75 ], "texture": "#mesh_atlas" },
				"up": { "uv": [ 10.75, 9.5, 11.25, 9.25 ], "texture": "#mesh_atlas" },
				"north": { "uv": [ 11.25, 9, 10.75, 9.25 ], "texture": "#mesh_atlas" },
				"south": { "uv": [ 10.75, 8.75, 11.25, 9 ], "texture": "#mesh_atlas" },
				"west": { "uv": [ 7.125, 9.875, 7.375, 10.125 ], "texture": "#mesh_atlas" },
				"east": { "uv": [ 8.375, 10.25, 8.125, 10.5 ], "texture": "#mesh_atlas" }
			}
		},
		{
			"__comment": "Voxels",
			"from": [ 9, 7, 13 ],
			"to": [ 11, 8, 14 ],
			"faces": {
				"down": { "uv": [ 10.75, 8, 11.25, 8.25 ], "texture": "#mesh_atlas" },
				"up": { "uv": [ 12.5, 10.375, 13, 10.125 ], "texture": "#mesh_atlas" },
				"north": { "uv": [ 11.25, 8.25, 10.75, 8.5 ], "texture": "#mesh_atlas" },
				"south": { "uv": [ 10.75, 8.5, 11.25, 8.75 ], "texture": "#mesh_atlas" },
				"west": { "uv": [ 8.375, 10.25, 8.625, 10.5 ], "texture": "#mesh_atlas" },
				"east": { "uv": [ 8.875, 10.25, 8.625, 10.5 ], "texture": "#mesh_atlas" }
			}
		},
		{
			"__comment": "Voxels",
			"from": [ 10, 7, 3.5 ],
			"to": [ 11, 8, 12.5 ],
			"faces": {
				"down": { "uv": [ 4.75, 9.375, 5, 11.625 ], "texture": "#mesh_atlas" },
				"up": { "uv": [ 7.875, 12.5, 8.125, 10.25 ], "texture": "#mesh_atlas" },
				"north": { "uv": [ 9.375, 8.5, 9.125, 8.75 ], "texture": "#mesh_atlas" },
				"south": { "uv": [ 15.75, 13.75, 16, 14 ], "texture": "#mesh_atlas" },
				"west": { "uv": [ 11.75, 13.25, 14, 13.5 ], "texture": "#mesh_atlas" },
				"east": { "uv": [ 11.625, 13, 9.375, 13.25 ], "texture": "#mesh_atlas" }
			}
		},
		{
			"__comment": "Voxels",
			"from": [ 11, 9.5, 3.5 ],
			"to": [ 13, 10.5, 12.5 ],
			"faces": {
				"down": { "uv": [ 5.125, 9.125, 5.625, 11.375 ], "texture": "#mesh_atlas" },
				"up": { "uv": [ 5.625, 11.375, 6.125, 9.125 ], "texture": "#mesh_atlas" },
				"north": { "uv": [ 11.25, 9.75, 10.75, 10 ], "texture": "#mesh_atlas" },
				"south": { "uv": [ 10.75, 10, 11.25, 10.25 ], "texture": "#mesh_atlas" },
				"west": { "uv": [ 11.625, 13, 13.875, 13.25 ], "texture": "#mesh_atlas" },
				"east": { "uv": [ 11.625, 12.75, 9.375, 13 ], "texture": "#mesh_atlas" }
			}
		},
		{
			"__comment": "Voxels",
			"from": [ 11.5, 10.5, 2.5 ],
			"to": [ 13.5, 11, 3 ],
			"faces": {
				"down": { "uv": [ 5.625, 8, 6.125, 8.125 ], "texture": "#mesh_atlas" },
				"up": { "uv": [ 6.125, 8.125, 6.625, 8 ], "texture": "#mesh_atlas" },
				"north": { "uv": [ 7.125, 8, 6.625, 8.125 ], "texture": "#mesh_atlas" },
				"south": { "uv": [ 8.625, 9.25, 9.125, 9.375 ], "texture": "#mesh_atlas" },
				"west": { "uv": [ 15.875, 11.75, 16, 11.875 ], "texture": "#mesh_atlas" },
				"east": { "uv": [ 11.75, 8.125, 11.625, 8.25 ], "texture": "#mesh_atlas" }
			}
		},
		{
			"__comment": "Voxels",
			"from": [ 11.5, 10.5, 13 ],
			"to": [ 13.5, 11, 13.5 ],
			"faces": {
				"down": { "uv": [ 15.375, 11.875, 15.875, 12 ], "texture": "#mesh_atlas" },
				"up": { "uv": [ 10.375, 10.375, 10.875, 10.25 ], "texture": "#mesh_atlas" },
				"north": { "uv": [ 5.625, 8, 5.125, 8.125 ], "texture": "#mesh_atlas" },
				"south": { "uv": [ 4.25, 8, 4.75, 8.125 ], "texture": "#mesh_atlas" },
				"west": { "uv": [ 15.875, 11.875, 16, 12 ], "texture": "#mesh_atlas" },
				"east": { "uv": [ 16, 12.375, 15.875, 12.5 ], "texture": "#mesh_atlas" }
			}
		},
		{
			"__comment": "Voxels",
			"from": [ 12, 1, 4 ],
			"to": [ 13, 2, 12 ],
			"faces": {
				"down": { "uv": [ 7.875, 8.125, 8.125, 10.125 ], "texture": "#mesh_atlas" },
				"up": { "uv": [ 7.625, 10.125, 7.875, 8.125 ], "texture": "#mesh_atlas" },
				"north": { "uv": [ 4.25, 8.25, 4, 8.5 ], "texture": "#mesh_atlas" },
				"south": { "uv": [ 12.75, 8.875, 13, 9.125 ], "texture": "#mesh_atlas" },
				"west": { "uv": [ 9.375, 11.75, 11.375, 12 ], "texture": "#mesh_atlas" },
				"east": { "uv": [ 11.375, 12, 9.375, 12.25 ], "texture": "#mesh_atlas" }
			}
		},
		{
			"__comment": "Voxels",
			"from": [ 12, 10, 2.5 ],
			"to": [ 13.5, 10.5, 3 ],
			"faces": {
				"down": { "uv": [ 15.5, 11.75, 15.875, 11.875 ], "texture": "#mesh_atlas" },
				"up": { "uv": [ 14.125, 11.75, 14.5, 11.625 ], "texture": "#mesh_atlas" },
				"north": { "uv": [ 14.875, 11.625, 14.5, 11.75 ], "texture": "#mesh_atlas" },
				"south": { "uv": [ 15.625, 11.625, 16, 11.75 ], "texture": "#mesh_atlas" },
				"west": { "uv": [ 11.5, 8.25, 11.625, 8.375 ], "texture": "#mesh_atlas" },
				"east": { "uv": [ 11.625, 8.375, 11.5, 8.5 ], "texture": "#mesh_atlas" }
			}
		},
		{
			"__comment": "Voxels",
			"from": [ 12, 10, 13 ],
			"to": [ 13.5, 10.5, 13.5 ],
			"faces": {
				"down": { "uv": [ 14.25, 11.5, 14.625, 11.625 ], "texture": "#mesh_atlas" },
				"up": { "uv": [ 15.375, 11.625, 15.75, 11.5 ], "texture": "#mesh_atlas" },
				"north": { "uv": [ 15.375, 11.5, 15, 11.625 ], "texture": "#mesh_atlas" },
				"south": { "uv": [ 14.625, 11.5, 15, 11.625 ], "texture": "#mesh_atlas" },
				"west": { "uv": [ 11.5, 8.5, 11.625, 8.625 ], "texture": "#mesh_atlas" },
				"east": { "uv": [ 11.625, 8.625, 11.5, 8.75 ], "texture": "#mesh_atlas" }
			}
		},
		{
			"__comment": "Voxels",
			"from": [ 12.5, 2, 3.5 ],
			"to": [ 13, 9.5, 12.5 ],
			"faces": {
				"down": { "uv": [ 9.875, 8, 10, 10.25 ], "texture": "#mesh_atlas" },
				"up": { "uv": [ 5, 11.625, 5.125, 9.375 ], "texture": "#mesh_atlas" },
				"north": { "uv": [ 12.125, 8.5, 12, 10.375 ], "texture": "#mesh_atlas" },
				"south": { "uv": [ 11.875, 8.5, 12, 10.375 ], "texture": "#mesh_atlas" },
				"west": { "uv": [ 5.125, 14.125, 7.375, 16 ], "texture": "#mesh_atlas" },
				"east": { "uv": [ 7.375, 12.25, 5.125, 14.125 ], "texture": "#mesh_atlas" }
			}
		},
		{
			"__comment": "Voxels",
			"from": [ 13, 10, 3.5 ],
			"to": [ 13.5, 10.5, 13 ],
			"faces": {
				"down": { "uv": [ 11.625, 9.25, 11.75, 11.625 ], "texture": "#mesh_atlas" },
				"up": { "uv": [ 11.75, 11.625, 11.875, 9.25 ], "texture": "#mesh_atlas" },
				"north": { "uv": [ 11.625, 9.125, 11.5, 9.25 ], "texture": "#mesh_atlas" },
				"south": { "uv": [ 11.5, 9, 11.625, 9.125 ], "texture": "#mesh_atlas" },
				"west": { "uv": [ 11.875, 11.5, 14.25, 11.625 ], "texture": "#mesh_atlas" },
				"east": { "uv": [ 14.25, 11.375, 11.875, 11.5 ], "texture": "#mesh_atlas" }
			}
		},
		{
			"__comment": "Voxels",
			"from": [ 13, 10.5, 12.5 ],
			"to": [ 13.5, 11, 13 ],
			"faces": {
				"down": { "uv": [ 11.5, 8.75, 11.625, 8.875 ], "texture": "#mesh_atlas" },
				"up": { "uv": [ 11.5, 9, 11.625, 8.875 ], "texture": "#mesh_atlas" },
				"north": { "uv": [ 11.625, 9.25, 11.5, 9.375 ], "texture": "#mesh_atlas" },
				"south": { "uv": [ 11.5, 9.375, 11.625, 9.5 ], "texture": "#mesh_atlas" },
				"west": { "uv": [ 11.5, 9.5, 11.625, 9.625 ], "texture": "#mesh_atlas" },
				"east": { "uv": [ 11.625, 9.625, 11.5, 9.75 ], "texture": "#mesh_atlas" }
			}
		},
		{
			"__comment": "Voxels",
			"from": [ 4, 1, 4 ],
			"to": [ 12, 2, 12 ],
			"faces": {
				"down": { "uv": [ 3.5, 10, 4, 10.5 ], "texture": "#mesh_atlas" },
				"up": { "uv": [ 4, 4, 12, 12 ], "texture": "#mesh_atlas" },
				"north": { "uv": [ 4, 14, 12, 15 ], "texture": "#mesh_atlas" },
				"south": { "uv": [ 4, 14, 12, 15 ], "texture": "#mesh_atlas" },
				"west": { "uv": [ 4, 14, 12, 15 ], "texture": "#mesh_atlas" },
				"east": { "uv": [ 4, 14, 12, 15 ], "texture": "#mesh_atlas" }
			}
		}
	],
	"display": {
		"gui": {
			"rotation":  [ 0, 180, 0 ]
		},
		"head": {
			"rotation":  [ 0, -90, 0 ],
			"translation":  [ 0, 2.1, 0 ],
			"scale":  [ 1.5, 1.5, 1.5 ]
		}
	}
}