{
  "Botmun.crystal": {
    "category": "master",
    "sounds": [
      "Botmun/crystal_a",
	"Botmun/crystal_b",
	"Botmun/crystal_c",
	"Botmun/crystal_d"
    ]
  },
  "Botmun.pain": {
    "category": "master",
    "sounds": [
      "Botmun/pain1",
      "Botmun/pain2"
    ]
  },
  "Botmun.select": {
    "category": "master",
    "sounds": [
      "Botmun/select"
    ]
  },
  "Botmun.smashed": {
    "category": "master",
    "sounds": [
      "Botmun/smashed"
    ]
  },
  "Botmun.taunt": {
    "category": "master",
    "sounds": [
      "Botmun/taunt"
    ]
  }
}
