{
	"credit": "Made with Blockbench",
	"textures": {
		"0": "blocks/technoblade_ms",
		"particle": "blocks/technoblade_ms"
	},
	"elements": [
		{
			"name": "inner",
			"from": [1, 1, 1],
			"to": [15, 15, 15],
			"rotation": {"angle": 0, "axis": "y", "origin": [9, 9, 9]},
			"faces": {
				"north": {"uv": [6, 2, 8, 4], "texture": "#0"},
				"east": {"uv": [4, 2, 6, 4], "texture": "#0"},
				"south": {"uv": [2, 2, 4, 4], "texture": "#0"},
				"west": {"uv": [0, 2, 2, 4], "texture": "#0"},
				"up": {"uv": [2, 0, 4, 2], "texture": "#0"},
				"down": {"uv": [4, 0, 6, 2], "texture": "#0"}
			}
		},
		{
			"name": "west",
			"from": [0, 0, 0],
			"to": [0, 16, 16],
			"faces": {
				"north": {"uv": [8.25, 0.25, 9.75, 1.75], "texture": "#0"},
				"east": {"uv": [8.25, 0.25, 9.75, 1.75], "texture": "#0"},
				"south": {"uv": [8.25, 0.25, 9.75, 1.75], "texture": "#0"},
				"west": {"uv": [8, 2, 10, 4], "texture": "#0"},
				"up": {"uv": [8.25, 0.25, 9.75, 1.75], "texture": "#0"},
				"down": {"uv": [8.25, 0.25, 9.75, 1.75], "texture": "#0"}
			}
		},
		{
			"name": "east",
			"from": [16, 0, 0],
			"to": [16, 16, 16],
			"rotation": {"angle": 0, "axis": "y", "origin": [24, 8, 8]},
			"faces": {
				"north": {"uv": [8.25, 0.25, 9.75, 1.75], "texture": "#0"},
				"east": {"uv": [12, 2, 14, 4], "texture": "#0"},
				"south": {"uv": [8.25, 0.25, 9.75, 1.75], "texture": "#0"},
				"west": {"uv": [8.25, 0.25, 9.75, 1.75], "texture": "#0"},
				"up": {"uv": [8.25, 0.25, 9.75, 1.75], "texture": "#0"},
				"down": {"uv": [8.25, 0.25, 9.75, 1.75], "texture": "#0"}
			}
		},
		{
			"name": "south",
			"from": [0, 0, 16],
			"to": [16, 16, 16],
			"rotation": {"angle": 0, "axis": "y", "origin": [8, 8, 24]},
			"faces": {
				"north": {"uv": [8.25, 0.25, 9.75, 1.75], "texture": "#0"},
				"east": {"uv": [8.25, 0.25, 9.75, 1.75], "texture": "#0"},
				"south": {"uv": [10, 2, 12, 4], "texture": "#0"},
				"west": {"uv": [8.25, 0.25, 9.75, 1.75], "texture": "#0"},
				"up": {"uv": [8.25, 0.25, 9.75, 1.75], "texture": "#0"},
				"down": {"uv": [8.25, 0.25, 9.75, 1.75], "texture": "#0"}
			}
		},
		{
			"name": "north",
			"from": [0, 0, 0],
			"to": [16, 16, 0],
			"faces": {
				"north": {"uv": [14, 2, 16, 4], "texture": "#0"},
				"east": {"uv": [8.25, 0.25, 9.75, 1.75], "texture": "#0"},
				"south": {"uv": [8.25, 0.25, 9.75, 1.75], "texture": "#0"},
				"west": {"uv": [8.25, 0.25, 9.75, 1.75], "texture": "#0"},
				"up": {"uv": [8.25, 0.25, 9.75, 1.75], "texture": "#0"},
				"down": {"uv": [8.25, 0.25, 9.75, 1.75], "texture": "#0"}
			}
		}
	],
	"display": {
		"head": {
			"rotation": [0, -180, 0],
			"translation": [0, 0.25, 0],
			"scale": [1.2, 1.2, 1.2]
		}
	}
}
