{
    "__comment": "Model generated using MrCrayfish's Model Creator (https://mrcrayfish.com/tools?id=mc)",
    "textures": {
        "bubble": "minecraft:blocks/bubble"
    },
    "display": {
        "head": {
            "rotation": [ 0, 0, 0 ],
            "translation": [ 0, 0, 0 ],
            "scale": [ 2, 2, 2 ]
        }
    },
    "elements": [
        {
            "name": "Cube",
            "from": [ 1, 0, 8 ], 
            "to": [ 15, 14, 8 ], 
            "rotation": { "origin": [ 8, 8, 8 ], "axis": "y", "angle": -45.0 },
            "faces": {
                "north": { "texture": "#bubble", "uv": [ 1, 0.5, 15, 14.5 ] },
                "south": { "texture": "#bubble", "uv": [ 1, 0.5, 15, 14.5 ] }
            }
        },
        {
            "name": "Cube",
            "from": [ 1, 0, 8 ], 
            "to": [ 15, 14, 8 ], 
            "rotation": { "origin": [ 8, 8, 8 ], "axis": "y", "angle": 45.0 },
            "faces": {
                "north": { "texture": "#bubble", "uv": [ 1, 0.5, 15, 14.5 ] },
                "south": { "texture": "#bubble", "uv": [ 1, 0.5, 15, 14.5 ] }
            }
        }
    ]
}