{
    "__comment": "Model generated using MrCrayfish's Model Creator (https://mrcrayfish.com/tools?id=mc)",
"ambientocclusion": false,
    "textures": {
        "particle": "minecraft:blocks/tubwater",
        "tub": "minecraft:blocks/tub",
        "tubwater": "minecraft:blocks/tubwater"
    },
    "display": {
        "head": {
            "rotation": [ 0, 0, 0 ],
            "translation": [ 0, 0, -1.9 ],
            "scale": [ 1.3, 1.3, 1.3 ]
        }
    },
    "elements": [
        {
            "name": "Element",
            "from": [ -2, 0, -14 ], 
            "to": [ 18, 1.5, 29 ], 
            "faces": {
                "north": { "texture": "#tub", "uv": [ 0, 0, 16, 1.5 ] },
                "east": { "texture": "#tub", "uv": [ 0, 0, 16, 1.5 ] },
                "south": { "texture": "#tub", "uv": [ 0, 0, 16, 1.5 ] },
                "west": { "texture": "#tub", "uv": [ 0, 0, 16, 1.5 ] },
                "down": { "texture": "#tub", "uv": [ 0, 0, 16, 16 ] }
            }
        },
        {
            "name": "Element",
            "from": [ -2.5, 1, -14.5 ], 
            "to": [ 18.5, 2.5, 29.5 ], 
            "faces": {
                "north": { "texture": "#tub", "uv": [ 0, 0, 16, 1.5 ] },
                "east": { "texture": "#tub", "uv": [ 0, 0, 16, 1.5 ] },
                "south": { "texture": "#tub", "uv": [ 0, 0, 16, 1.5 ] },
                "west": { "texture": "#tub", "uv": [ 0, 0, 16, 1.5 ] },
                "down": { "texture": "#tub", "uv": [ 0, 0, 16, 16 ] }
            }
        },
        {
            "name": "Element",
            "from": [ -3, 2, -14.5 ], 
            "to": [ 19, 4.5, 29.5 ], 
            "faces": {
                "north": { "texture": "#tub", "uv": [ 0, 0, 16, 2.5 ] },
                "east": { "texture": "#tub", "uv": [ 0, 0, 16, 2.5 ] },
                "south": { "texture": "#tub", "uv": [ 0, 0, 16, 2.5 ] },
                "west": { "texture": "#tub", "uv": [ 0, 0, 16, 2.5 ] },
                "down": { "texture": "#tub", "uv": [ 0, 0, 16, 16 ] }
            }
        },
        {
            "name": "Element",
            "from": [ -2.5, 2, -15 ], 
            "to": [ 18.5, 4.5, -14.5 ], 
            "faces": {
                "north": { "texture": "#tub", "uv": [ 0, 0, 16, 2.5 ] },
                "east": { "texture": "#tub", "uv": [ 0, 0, 0.5, 2.5 ] },
                "west": { "texture": "#tub", "uv": [ 0, 0, 0.5, 2.5 ] },
                "down": { "texture": "#tub", "uv": [ 0, 0, 16, 0.5 ] }
            }
        },
        {
            "name": "Element",
            "from": [ -2.5, 2, 29.5 ], 
            "to": [ 18.5, 4.5, 30 ], 
            "faces": {
                "east": { "texture": "#tub", "uv": [ 0, 0, 0.5, 2.5 ] },
                "south": { "texture": "#tub", "uv": [ 0, 0, 16, 2.5 ] },
                "west": { "texture": "#tub", "uv": [ 0, 0, 0.5, 2.5 ] },
                "down": { "texture": "#tub", "uv": [ 0, 0, 16, 0.5 ] }
            }
        },
        {
            "name": "Element",
            "from": [ -2.5, 4.5, 29.5 ], 
            "to": [ 18.5, 9, 30.5 ], 
            "faces": {
                "east": { "texture": "#tub", "uv": [ 0, 0, 1, 4.5 ] },
                "south": { "texture": "#tub", "uv": [ 0, 0, 16, 4.5 ] },
                "west": { "texture": "#tub", "uv": [ 0, 0, 1, 4.5 ] },
                "up": { "texture": "#tub", "uv": [ 0, 0, 16, 0.5 ] },
                "down": { "texture": "#tub", "uv": [ 0, 0, 16, 0.5 ] }
            }
        },
        {
            "name": "Element",
            "from": [ -3, 4.5, 29.5 ], 
            "to": [ -2.5, 9, 30 ], 
            "faces": {
                "south": { "texture": "#tub", "uv": [ 0, 0, 0.5, 4.5 ] },
                "west": { "texture": "#tub", "uv": [ 0, 0, 0.5, 4.5 ] },
                "up": { "texture": "#tub", "uv": [ 0, 0, 0.5, 0.5 ] },
                "down": { "texture": "#tub", "uv": [ 0, 0, 0.5, 0.5 ] }
            }
        },
        {
            "name": "Element",
            "from": [ 18.5, 4.5, 29.5 ], 
            "to": [ 19, 9, 30 ], 
            "faces": {
                "east": { "texture": "#tub", "uv": [ 0, 0, 0.5, 4.5 ] },
                "south": { "texture": "#tub", "uv": [ 0, 0, 0.5, 4.5 ] },
                "up": { "texture": "#tub", "uv": [ 0, 0, 0.5, 0.5 ] },
                "down": { "texture": "#tub", "uv": [ 0, 0, 0.5, 0.5 ] }
            }
        },
        {
            "name": "Element",
            "from": [ -3.5, 4.5, -14.5 ], 
            "to": [ 19.5, 9, 29.5 ], 
            "faces": {
                "north": { "texture": "#tub", "uv": [ 0, 0, 16, 4.5 ] },
                "east": { "texture": "#tub", "uv": [ 0, 0, 16, 4.5 ] },
                "south": { "texture": "#tub", "uv": [ 0, 0, 16, 4.5 ] },
                "west": { "texture": "#tub", "uv": [ 0, 0, 16, 4.5 ] },
                "up": { "texture": "#tub", "uv": [ 0, 0, 0.5, 16 ] },
                "down": { "texture": "#tub", "uv": [ 0, 0, 0.5, 16 ] }
            }
        },
        {
            "name": "Element",
            "from": [ 18.5, 4.5, -15 ], 
            "to": [ 19, 9, -14.5 ], 
            "faces": {
                "north": { "texture": "#tub", "uv": [ 0, 0, 0.5, 4.5 ] },
                "east": { "texture": "#tub", "uv": [ 0, 0, 0.5, 4.5 ] },
                "up": { "texture": "#tub", "uv": [ 0, 0, 0.5, 0.5 ] },
                "down": { "texture": "#tub", "uv": [ 0, 0, 0.5, 0.5 ] }
            }
        },
        {
            "name": "Element",
            "from": [ -2.5, 4.5, -15.5 ], 
            "to": [ 18.5, 9, -14.5 ], 
            "faces": {
                "north": { "texture": "#tub", "uv": [ 0, 0, 16, 4.5 ] },
                "east": { "texture": "#tub", "uv": [ 0, 0, 1, 4.5 ] },
                "west": { "texture": "#tub", "uv": [ 0, 0, 1, 4.5 ] },
                "up": { "texture": "#tub", "uv": [ 0, 0, 16, 0.5 ] },
                "down": { "texture": "#tub", "uv": [ 0, 0, 16, 0.5 ] }
            }
        },
        {
            "name": "Element",
            "from": [ -3, 4.5, -15 ], 
            "to": [ -2.5, 9, -14.5 ], 
            "faces": {
                "north": { "texture": "#tub", "uv": [ 0, 0, 0.5, 4.5 ] },
                "west": { "texture": "#tub", "uv": [ 0, 0, 0.5, 4.5 ] },
                "up": { "texture": "#tub", "uv": [ 0, 0, 0.5, 0.5 ] },
                "down": { "texture": "#tub", "uv": [ 0, 0, 0.5, 0.5 ] }
            }
        },
        {
            "name": "Element",
            "from": [ -2.5, 9, -16 ], 
            "to": [ 18.5, 15.5, -15.5 ], 
            "faces": {
                "north": { "texture": "#tub", "uv": [ 0, 0, 16, 6.5 ] },
                "east": { "texture": "#tub", "uv": [ 0, 0, 0.5, 6.5 ] },
                "south": { "texture": "#tub", "uv": [ 0, 0, 16, 6.5 ] },
                "west": { "texture": "#tub", "uv": [ 0, 0, 0.5, 6.5 ] },
                "up": { "texture": "#tub", "uv": [ 0, 0, 16, 0.5 ] },
                "down": { "texture": "#tub", "uv": [ 0, 0, 16, 0.5 ] }
            }
        },
        {
            "name": "Element",
            "from": [ 18.5, 9, -15.5 ], 
            "to": [ 19, 15.5, -15 ], 
            "faces": {
                "north": { "texture": "#tub", "uv": [ 0, 0, 0.5, 6.5 ] },
                "east": { "texture": "#tub", "uv": [ 0, 0, 0.5, 6.5 ] },
                "south": { "texture": "#tub", "uv": [ 0, 0, 0.5, 6.5 ] },
                "west": { "texture": "#tub", "uv": [ 0, 0, 0.5, 6.5 ] },
                "up": { "texture": "#tub", "uv": [ 0, 0, 0.5, 0.5 ] },
                "down": { "texture": "#tub", "uv": [ 0, 0, 0.5, 0.5 ] }
            }
        },
        {
            "name": "Element",
            "from": [ 19, 9, -15 ], 
            "to": [ 19.5, 15.5, -14.5 ], 
            "faces": {
                "north": { "texture": "#tub", "uv": [ 0, 0, 0.5, 6.5 ] },
                "east": { "texture": "#tub", "uv": [ 0, 0, 0.5, 6.5 ] },
                "south": { "texture": "#tub", "uv": [ 0, 0, 0.5, 6.5 ] },
                "west": { "texture": "#tub", "uv": [ 0, 0, 0.5, 6.5 ] },
                "up": { "texture": "#tub", "uv": [ 0, 0, 0.5, 0.5 ] },
                "down": { "texture": "#tub", "uv": [ 0, 0, 0.5, 0.5 ] }
            }
        },
        {
            "name": "Element",
            "from": [ -3.5, 9, -15 ], 
            "to": [ -3, 15.5, -14.5 ], 
            "faces": {
                "north": { "texture": "#tub", "uv": [ 0, 0, 0.5, 6.5 ] },
                "east": { "texture": "#tub", "uv": [ 0, 0, 0.5, 6.5 ] },
                "south": { "texture": "#tub", "uv": [ 0, 0, 0.5, 6.5 ] },
                "west": { "texture": "#tub", "uv": [ 0, 0, 0.5, 6.5 ] },
                "up": { "texture": "#tub", "uv": [ 0, 0, 0.5, 0.5 ] },
                "down": { "texture": "#tub", "uv": [ 0, 0, 0.5, 0.5 ] }
            }
        },
        {
            "name": "Element",
            "from": [ -3, 9, -15.5 ], 
            "to": [ -2.5, 15.5, -15 ], 
            "faces": {
                "north": { "texture": "#tub", "uv": [ 0, 0, 0.5, 6.5 ] },
                "east": { "texture": "#tub", "uv": [ 0, 0, 0.5, 6.5 ] },
                "south": { "texture": "#tub", "uv": [ 0, 0, 0.5, 6.5 ] },
                "west": { "texture": "#tub", "uv": [ 0, 0, 0.5, 6.5 ] },
                "up": { "texture": "#tub", "uv": [ 0, 0, 0.5, 0.5 ] },
                "down": { "texture": "#tub", "uv": [ 0, 0, 0.5, 0.5 ] }
            }
        },
        {
            "name": "Element",
            "from": [ -4, 9, -14.5 ], 
            "to": [ -3.5, 15.5, 29.5 ], 
            "faces": {
                "north": { "texture": "#tub", "uv": [ 0, 0, 0.5, 6.5 ] },
                "east": { "texture": "#tub", "uv": [ 0, 0, 16, 6.5 ] },
                "south": { "texture": "#tub", "uv": [ 0, 0, 0.5, 6.5 ] },
                "west": { "texture": "#tub", "uv": [ 0, 0, 16, 6.5 ] },
                "up": { "texture": "#tub", "uv": [ 0, 0, 0.5, 16 ] },
                "down": { "texture": "#tub", "uv": [ 0, 0, 0.5, 16 ] }
            }
        },
        {
            "name": "Element",
            "from": [ -3.5, 9, 29.5 ], 
            "to": [ -3, 15.5, 30 ], 
            "faces": {
                "north": { "texture": "#tub", "uv": [ 0, 0, 0.5, 6.5 ] },
                "east": { "texture": "#tub", "uv": [ 0, 0, 0.5, 6.5 ] },
                "south": { "texture": "#tub", "uv": [ 0, 0, 0.5, 6.5 ] },
                "west": { "texture": "#tub", "uv": [ 0, 0, 0.5, 6.5 ] },
                "up": { "texture": "#tub", "uv": [ 0, 0, 0.5, 0.5 ] },
                "down": { "texture": "#tub", "uv": [ 0, 0, 0.5, 0.5 ] }
            }
        },
        {
            "name": "Element",
            "from": [ -3, 9, 30 ], 
            "to": [ -2.5, 15.5, 30.5 ], 
            "faces": {
                "north": { "texture": "#tub", "uv": [ 0, 0, 0.5, 6.5 ] },
                "east": { "texture": "#tub", "uv": [ 0, 0, 0.5, 6.5 ] },
                "south": { "texture": "#tub", "uv": [ 0, 0, 0.5, 6.5 ] },
                "west": { "texture": "#tub", "uv": [ 0, 0, 0.5, 6.5 ] },
                "up": { "texture": "#tub", "uv": [ 0, 0, 0.5, 0.5 ] },
                "down": { "texture": "#tub", "uv": [ 0, 0, 0.5, 0.5 ] }
            }
        },
        {
            "name": "Element",
            "from": [ -2.5, 9, 30.5 ], 
            "to": [ 18.5, 15.5, 31 ], 
            "faces": {
                "north": { "texture": "#tub", "uv": [ 0, 0, 16, 6.5 ] },
                "east": { "texture": "#tub", "uv": [ 0, 0, 0.5, 6.5 ] },
                "south": { "texture": "#tub", "uv": [ 0, 0, 16, 6.5 ] },
                "west": { "texture": "#tub", "uv": [ 0, 0, 0.5, 6.5 ] },
                "up": { "texture": "#tub", "uv": [ 0, 0, 16, 0.5 ] },
                "down": { "texture": "#tub", "uv": [ 0, 0, 16, 0.5 ] }
            }
        },
        {
            "name": "Element",
            "from": [ 18.5, 9, 30 ], 
            "to": [ 19, 15.5, 30.5 ], 
            "faces": {
                "north": { "texture": "#tub", "uv": [ 0, 0, 0.5, 6.5 ] },
                "east": { "texture": "#tub", "uv": [ 0, 0, 0.5, 6.5 ] },
                "south": { "texture": "#tub", "uv": [ 0, 0, 0.5, 6.5 ] },
                "up": { "texture": "#tub", "uv": [ 0, 0, 0.5, 0.5 ] },
                "down": { "texture": "#tub", "uv": [ 0, 0, 0.5, 0.5 ] }
            }
        },
        {
            "name": "Element",
            "from": [ 19, 9, 29.5 ], 
            "to": [ 19.5, 15.5, 30 ], 
            "faces": {
                "north": { "texture": "#tub", "uv": [ 0, 0, 0.5, 6.5 ] },
                "east": { "texture": "#tub", "uv": [ 0, 0, 0.5, 6.5 ] },
                "south": { "texture": "#tub", "uv": [ 0, 0, 0.5, 6.5 ] },
                "west": { "texture": "#tub", "uv": [ 0, 0, 0.5, 6.5 ] },
                "up": { "texture": "#tub", "uv": [ 0, 0, 0.5, 0.5 ] },
                "down": { "texture": "#tub", "uv": [ 0, 0, 0.5, 0.5 ] }
            }
        },
        {
            "name": "Element",
            "from": [ 19.5, 9, -14.5 ], 
            "to": [ 20, 15.5, 29.5 ], 
            "faces": {
                "north": { "texture": "#tub", "uv": [ 0, 0, 0.5, 6.5 ] },
                "east": { "texture": "#tub", "uv": [ 0, 0, 16, 6.5 ] },
                "south": { "texture": "#tub", "uv": [ 0, 0, 0.5, 6.5 ] },
                "west": { "texture": "#tub", "uv": [ 0, 0, 16, 6.5 ] },
                "up": { "texture": "#tub", "uv": [ 0, 0, 0.5, 16 ] },
                "down": { "texture": "#tub", "uv": [ 0, 0, 0.5, 16 ] }
            }
        },
        {
            "name": "Element",
            "from": [ -2.5, 15.5, 30 ], 
            "to": [ 18.5, 16, 30.5 ], 
            "faces": {
                "east": { "texture": "#tub", "uv": [ 0, 0, 0.5, 0.5 ] },
                "south": { "texture": "#tub", "uv": [ 0, 0, 16, 0.5 ] },
                "west": { "texture": "#tub", "uv": [ 0, 0, 0.5, 0.5 ] },
                "up": { "texture": "#tub", "uv": [ 0, 0, 16, 0.5 ] }
            }
        },
        {
            "name": "Element",
            "from": [ -2.5, 15.5, -15.5 ], 
            "to": [ 18.5, 16, -15 ], 
            "faces": {
                "north": { "texture": "#tub", "uv": [ 0, 0, 16, 0.5 ] },
                "east": { "texture": "#tub", "uv": [ 0, 0, 0.5, 0.5 ] },
                "west": { "texture": "#tub", "uv": [ 0, 0, 0.5, 0.5 ] },
                "up": { "texture": "#tub", "uv": [ 0, 0, 16, 0.5 ] },
                "down": { "texture": "#tub", "uv": [ 0, 0, 16, 0.5 ] }
            }
        },
        {
            "name": "Element",
            "from": [ -3, 15.5, -15 ], 
            "to": [ 19, 16, -14.5 ], 
            "faces": {
                "north": { "texture": "#tub", "uv": [ 0, 0, 16, 0.5 ] },
                "east": { "texture": "#tub", "uv": [ 0, 0, 0.5, 0.5 ] },
                "south": { "texture": "#tub", "uv": [ 0, 0, 16, 0.5 ] },
                "west": { "texture": "#tub", "uv": [ 0, 0, 0.5, 0.5 ] },
                "up": { "texture": "#tub", "uv": [ 0, 0, 16, 0.5 ] },
                "down": { "texture": "#tub", "uv": [ 0, 0, 16, 0.5 ] }
            }
        },
        {
            "name": "Element",
            "from": [ -3, 15.5, 29.5 ], 
            "to": [ 19, 16, 30 ], 
            "faces": {
                "north": { "texture": "#tub", "uv": [ 0, 0, 16, 0.5 ] },
                "east": { "texture": "#tub", "uv": [ 0, 0, 0.5, 0.5 ] },
                "south": { "texture": "#tub", "uv": [ 0, 0, 16, 0.5 ] },
                "west": { "texture": "#tub", "uv": [ 0, 0, 0.5, 0.5 ] },
                "up": { "texture": "#tub", "uv": [ 0, 0, 16, 0.5 ] },
                "down": { "texture": "#tub", "uv": [ 0, 0, 16, 0.5 ] }
            }
        },
        {
            "name": "Element",
            "from": [ -3.5, 15.5, -14.5 ], 
            "to": [ -1.5, 16, 29.5 ], 
            "faces": {
                "north": { "texture": "#tub", "uv": [ 0, 0, 2, 0.5 ] },
                "east": { "texture": "#tub", "uv": [ 0, 0, 16, 0.5 ] },
                "south": { "texture": "#tub", "uv": [ 0, 0, 2, 0.5 ] },
                "west": { "texture": "#tub", "uv": [ 0, 0, 16, 0.5 ] },
                "up": { "texture": "#tub", "uv": [ 0, 0, 2, 16 ] },
                "down": { "texture": "#tub", "uv": [ 0, 0, 2, 16 ] }
            }
        },
        {
            "name": "Element",
            "from": [ 17.5, 15.5, -14.5 ], 
            "to": [ 19.5, 16, 29.5 ], 
            "faces": {
                "north": { "texture": "#tub", "uv": [ 0, 0, 2, 0.5 ] },
                "east": { "texture": "#tub", "uv": [ 0, 0, 16, 0.5 ] },
                "south": { "texture": "#tub", "uv": [ 0, 0, 2, 0.5 ] },
                "west": { "texture": "#tub", "uv": [ 0, 0, 16, 0.5 ] },
                "up": { "texture": "#tub", "uv": [ 0, 0, 2, 16 ] },
                "down": { "texture": "#tub", "uv": [ 0, 0, 2, 16 ] }
            }
        },
        {
            "name": "Element",
            "from": [ -1.5, 15.5, 28.5 ], 
            "to": [ 17.5, 16, 29.5 ], 
            "faces": {
                "north": { "texture": "#tub", "uv": [ 0, 0, 16, 0.5 ] },
                "up": { "texture": "#tub", "uv": [ 0, 0, 16, 1 ] },
                "down": { "texture": "#tub", "uv": [ 0, 0, 16, 1 ] }
            }
        },
        {
            "name": "Element",
            "from": [ -1.5, 15.5, -14.5 ], 
            "to": [ 17.5, 16, -13.5 ], 
            "faces": {
                "south": { "texture": "#tub", "uv": [ 0, 0, 16, 0.5 ] },
                "up": { "texture": "#tub", "uv": [ 0, 0, 16, 1 ] },
                "down": { "texture": "#tub", "uv": [ 0, 0, 16, 1 ] }
            }
        },
        {
            "name": "Element",
            "from": [ -2, 12.5, -13.5 ], 
            "to": [ -1.5, 15.5, 30.5 ], 
            "faces": {
                "north": { "texture": "#tub", "uv": [ 0, 0, 0.5, 3 ] },
                "east": { "texture": "#tub", "uv": [ 0, 0, 16, 3 ] },
                "west": { "texture": "#tub", "uv": [ 0, 0, 16, 3 ] },
                "down": { "texture": "#tub", "uv": [ 0, 0, 0.5, 16 ] }
            }
        },
        {
            "name": "Element",
            "from": [ 17.5, 9, -13.5 ], 
            "to": [ 18, 15.5, 30.5 ], 
            "faces": {
                "north": { "texture": "#tub", "uv": [ 0, 0, 0.5, 6.5 ] },
                "east": { "texture": "#tub", "uv": [ 0, 0, 16, 3 ] },
                "west": { "texture": "#tub", "uv": [ 0, 0, 16, 3 ] }
            }
        },
        {
            "name": "Element",
            "from": [ -1.5, 12.5, -14 ], 
            "to": [ 17.5, 15.5, -13.5 ], 
            "faces": {
                "north": { "texture": "#tub", "uv": [ 0, 0, 16, 3 ] },
                "east": { "texture": "#tub", "uv": [ 0, 0, 0.5, 3 ] },
                "south": { "texture": "#tub", "uv": [ 0, 0, 16, 3 ] },
                "west": { "texture": "#tub", "uv": [ 0, 0, 0.5, 3 ] },
                "down": { "texture": "#tub", "uv": [ 0, 0, 16, 0.5 ] }
            }
        },
        {
            "name": "Element",
            "from": [ -1.5, 12, -13.5 ], 
            "to": [ 17.5, 12.5, 30.5 ], 
            "faces": {
                "north": { "texture": "#tubwater", "uv": [ 0, 0, 16, 0.5 ] },
                "west": { "texture": "#tubwater", "uv": [ 0, 0, 16, 0.5 ] },
                "up": { "texture": "#tubwater", "uv": [ 0, 0, 16, 16 ] },
                "down": { "texture": "#tubwater", "uv": [ 0, 0, 16, 16 ] }
            }
        }
    ]
}