{

  "Tinman.active": {
    "category": "master",
    "sounds": [
      "Tinman/active"
    ]
  },
  "Tinman.blastershot": {
    "category": "master",
    "sounds": [
      "Tinman/blastershot1"
    ]
  },
  "Tinman.crystal": {
    "category": "master",
    "sounds": [
      "Tinman/crystal"
    ]
  },
  "Tinman.pain": {
    "category": "master",
    "sounds": [
      "Tinman/pain1",
      "Tinman/pain2",
      "Tinman/pain3"
    ]
  },
  "Tinman.passive": {
    "category": "master",
    "sounds": [
      "Tinman/passive"
    ]
  },
  "Tinman.select": {
    "category": "master",
    "sounds": [
      "Tinman/select"
    ]
  },
  "Tinman.smashed": {
    "category": "master",
    "sounds": [
      "Tinman/smashed"
    ]
  },
  "Tinman.taunt": {
    "category": "master",
    "sounds": [
      "Tinman/taunt"
    ]
  }
}
