{
	"credit": "Made with Blockbench",
	"textures": {
		"0": "blocks/muffet",
		"particle": "blocks/muffet"
	},
	"elements": [
		{
			"from": [1.5, 6.75, 4],
			"to": [14.5, 9.25, 5],
			"rotation": {"angle": 0, "axis": "y", "origin": [8, 12, 9]},
			"faces": {
				"north": {"uv": [0.5, 11.5, 8, 13], "texture": "#0"},
				"east": {"uv": [0.5, 11.5, 8, 13], "texture": "#0"},
				"south": {"uv": [0.5, 11.5, 8, 13], "texture": "#0"},
				"west": {"uv": [0.5, 11.5, 8, 13], "texture": "#0"},
				"up": {"uv": [0, 11.5, 0.5, 12], "texture": "#0"},
				"down": {"uv": [0, 11.5, 0.5, 12], "texture": "#0"}
			}
		},
		{
			"from": [0.5, 6, 4],
			"to": [1.5, 10, 15],
			"rotation": {"angle": 0, "axis": "y", "origin": [9, 12, 8]},
			"faces": {
				"north": {"uv": [0.5, 11.5, 8, 13], "texture": "#0"},
				"east": {"uv": [0.5, 11.5, 8, 13], "texture": "#0"},
				"south": {"uv": [0.5, 11.5, 8, 13], "texture": "#0"},
				"west": {"uv": [0.5, 11.5, 8, 13], "texture": "#0"},
				"up": {"uv": [0, 11.5, 0.5, 12], "texture": "#0"},
				"down": {"uv": [0.5, 12.5, 1, 13], "texture": "#0"}
			}
		},
		{
			"from": [14.5, 6, 4],
			"to": [15.5, 10, 15],
			"rotation": {"angle": 0, "axis": "y", "origin": [7, 12, 8]},
			"faces": {
				"north": {"uv": [0.5, 11.5, 8, 13], "texture": "#0"},
				"east": {"uv": [0.5, 11.5, 8, 13], "texture": "#0"},
				"south": {"uv": [0.5, 11.5, 8, 13], "texture": "#0"},
				"west": {"uv": [0.5, 11.5, 8, 13], "texture": "#0"},
				"up": {"uv": [0, 11.5, 0.5, 12], "texture": "#0"},
				"down": {"uv": [0.5, 12.5, 1, 13], "texture": "#0"}
			}
		},
		{
			"from": [4.5, -3, 15],
			"to": [11.5, 1, 19],
			"rotation": {"angle": 0, "axis": "y", "origin": [8, 4, 8]},
			"faces": {
				"north": {"uv": [15, 0.5, 15.5, 1], "texture": "#0"},
				"east": {"uv": [15, 0.5, 15.5, 1], "texture": "#0"},
				"south": {"uv": [15, 0.5, 15.5, 1], "texture": "#0"},
				"west": {"uv": [15, 0.5, 15.5, 1], "texture": "#0"},
				"up": {"uv": [15, 0.5, 15.5, 1], "texture": "#0"},
				"down": {"uv": [15, 0.5, 15.5, 1], "texture": "#0"}
			}
		},
		{
			"from": [4.5, -2, 19],
			"to": [11.5, 3, 20],
			"rotation": {"angle": 0, "axis": "y", "origin": [8, 4, 8]},
			"faces": {
				"north": {"uv": [15, 0.5, 15.5, 1], "texture": "#0"},
				"east": {"uv": [15, 0.5, 15.5, 1], "texture": "#0"},
				"south": {"uv": [1, 7.5, 6, 11], "texture": "#0"},
				"west": {"uv": [15, 0.5, 15.5, 1], "texture": "#0"},
				"up": {"uv": [15, 0.5, 15.5, 1], "texture": "#0"},
				"down": {"uv": [15, 0.5, 15.5, 1], "texture": "#0"}
			}
		},
		{
			"from": [2.5, -1, 19],
			"to": [4.5, 3, 20],
			"rotation": {"angle": 0, "axis": "y", "origin": [8, 4, 8]},
			"faces": {
				"north": {"uv": [15, 0.5, 15.5, 1], "texture": "#0"},
				"east": {"uv": [15, 0.5, 15.5, 1], "texture": "#0"},
				"south": {"uv": [15, 0.5, 15.5, 1], "texture": "#0"},
				"west": {"uv": [15, 0.5, 15.5, 1], "texture": "#0"},
				"up": {"uv": [15, 0.5, 15.5, 1], "texture": "#0"},
				"down": {"uv": [15, 0.5, 15.5, 1], "texture": "#0"}
			}
		},
		{
			"from": [11.5, -1, 19],
			"to": [13.5, 3, 20],
			"rotation": {"angle": 0, "axis": "y", "origin": [20, 4, 8]},
			"faces": {
				"north": {"uv": [15, 0.5, 15.5, 1], "texture": "#0"},
				"east": {"uv": [15, 0.5, 15.5, 1], "texture": "#0"},
				"south": {"uv": [15, 0.5, 15.5, 1], "texture": "#0"},
				"west": {"uv": [15, 0.5, 15.5, 1], "texture": "#0"},
				"up": {"uv": [15, 0.5, 15.5, 1], "texture": "#0"},
				"down": {"uv": [15, 0.5, 15.5, 1], "texture": "#0"}
			}
		},
		{
			"from": [0.5, 0, 19],
			"to": [2.5, 1, 20],
			"rotation": {"angle": 0, "axis": "y", "origin": [8, 4, 8]},
			"faces": {
				"north": {"uv": [15, 0.5, 15.5, 1], "texture": "#0"},
				"east": {"uv": [15, 0.5, 15.5, 1], "texture": "#0"},
				"south": {"uv": [15, 0.5, 15.5, 1], "texture": "#0"},
				"west": {"uv": [15, 0.5, 15.5, 1], "texture": "#0"},
				"up": {"uv": [15, 0.5, 15.5, 1], "texture": "#0"},
				"down": {"uv": [15, 0.5, 15.5, 1], "texture": "#0"}
			}
		},
		{
			"from": [13.5, 0, 19],
			"to": [15.5, 1, 20],
			"rotation": {"angle": 0, "axis": "y", "origin": [20, 4, 8]},
			"faces": {
				"north": {"uv": [15, 0.5, 15.5, 1], "texture": "#0"},
				"east": {"uv": [15, 0.5, 15.5, 1], "texture": "#0"},
				"south": {"uv": [15, 0.5, 15.5, 1], "texture": "#0"},
				"west": {"uv": [15, 0.5, 15.5, 1], "texture": "#0"},
				"up": {"uv": [15, 0.5, 15.5, 1], "texture": "#0"},
				"down": {"uv": [15, 0.5, 15.5, 1], "texture": "#0"}
			}
		},
		{
			"from": [-0.5, 1, 19],
			"to": [2.5, 3, 20],
			"rotation": {"angle": 0, "axis": "y", "origin": [8, 4, 8]},
			"faces": {
				"north": {"uv": [15, 0.5, 15.5, 1], "texture": "#0"},
				"east": {"uv": [15, 0.5, 15.5, 1], "texture": "#0"},
				"south": {"uv": [15, 0.5, 15.5, 1], "texture": "#0"},
				"west": {"uv": [15, 0.5, 15.5, 1], "texture": "#0"},
				"up": {"uv": [15, 0.5, 15.5, 1], "texture": "#0"},
				"down": {"uv": [15, 0.5, 15.5, 1], "texture": "#0"}
			}
		},
		{
			"from": [-0.5, 8, 19],
			"to": [16.5, 10, 20],
			"rotation": {"angle": 0, "axis": "y", "origin": [8, 4, 8]},
			"faces": {
				"north": {"uv": [15, 0.5, 15.5, 1], "texture": "#0"},
				"east": {"uv": [15, 0.5, 15.5, 1], "texture": "#0"},
				"south": {"uv": [15, 0.5, 15.5, 1], "texture": "#0"},
				"west": {"uv": [15, 0.5, 15.5, 1], "texture": "#0"},
				"up": {"uv": [15, 0.5, 15.5, 1], "texture": "#0"},
				"down": {"uv": [15, 0.5, 15.5, 1], "texture": "#0"}
			}
		},
		{
			"from": [0.5, 10, 19],
			"to": [15.5, 12, 20],
			"rotation": {"angle": 0, "axis": "y", "origin": [8, 4, 8]},
			"faces": {
				"north": {"uv": [15, 0.5, 15.5, 1], "texture": "#0"},
				"east": {"uv": [15, 0.5, 15.5, 1], "texture": "#0"},
				"south": {"uv": [15, 0.5, 15.5, 1], "texture": "#0"},
				"west": {"uv": [15, 0.5, 15.5, 1], "texture": "#0"},
				"up": {"uv": [15, 0.5, 15.5, 1], "texture": "#0"},
				"down": {"uv": [15, 0.5, 15.5, 1], "texture": "#0"}
			}
		},
		{
			"from": [1.5, 12, 19],
			"to": [14.5, 13, 20],
			"rotation": {"angle": 0, "axis": "y", "origin": [8, 4, 8]},
			"faces": {
				"north": {"uv": [15, 0.5, 15.5, 1], "texture": "#0"},
				"east": {"uv": [15, 0.5, 15.5, 1], "texture": "#0"},
				"south": {"uv": [15, 0.5, 15.5, 1], "texture": "#0"},
				"west": {"uv": [15, 0.5, 15.5, 1], "texture": "#0"},
				"up": {"uv": [15, 0.5, 15.5, 1], "texture": "#0"},
				"down": {"uv": [15, 0.5, 15.5, 1], "texture": "#0"}
			}
		},
		{
			"from": [2.5, 13, 19],
			"to": [13.5, 14, 20],
			"rotation": {"angle": 0, "axis": "y", "origin": [8, 4, 8]},
			"faces": {
				"north": {"uv": [15, 0.5, 15.5, 1], "texture": "#0"},
				"east": {"uv": [15, 0.5, 15.5, 1], "texture": "#0"},
				"south": {"uv": [15, 0.5, 15.5, 1], "texture": "#0"},
				"west": {"uv": [15, 0.5, 15.5, 1], "texture": "#0"},
				"up": {"uv": [15, 0.5, 15.5, 1], "texture": "#0"},
				"down": {"uv": [15, 0.5, 15.5, 1], "texture": "#0"}
			}
		},
		{
			"from": [3.5, 14, 19],
			"to": [12.5, 15, 20],
			"rotation": {"angle": 0, "axis": "y", "origin": [8, 4, 8]},
			"faces": {
				"north": {"uv": [15, 0.5, 15.5, 1], "texture": "#0"},
				"east": {"uv": [15, 0.5, 15.5, 1], "texture": "#0"},
				"south": {"uv": [15, 0.5, 15.5, 1], "texture": "#0"},
				"west": {"uv": [15, 0.5, 15.5, 1], "texture": "#0"},
				"up": {"uv": [15, 0.5, 15.5, 1], "texture": "#0"},
				"down": {"uv": [15, 0.5, 15.5, 1], "texture": "#0"}
			}
		},
		{
			"from": [-1.5, 3, 19],
			"to": [17.5, 8, 20],
			"rotation": {"angle": 0, "axis": "y", "origin": [8, 4, 8]},
			"faces": {
				"north": {"uv": [15, 0.5, 15.5, 1], "texture": "#0"},
				"east": {"uv": [15, 0.5, 15.5, 1], "texture": "#0"},
				"south": {"uv": [15, 0.5, 15.5, 1], "texture": "#0"},
				"west": {"uv": [15, 0.5, 15.5, 1], "texture": "#0"},
				"up": {"uv": [15, 0.5, 15.5, 1], "texture": "#0"},
				"down": {"uv": [15, 0.5, 15.5, 1], "texture": "#0"}
			}
		},
		{
			"from": [13.5, 1, 19],
			"to": [16.5, 3, 20],
			"rotation": {"angle": 0, "axis": "y", "origin": [20, 4, 8]},
			"faces": {
				"north": {"uv": [15, 0.5, 15.5, 1], "texture": "#0"},
				"east": {"uv": [15, 0.5, 15.5, 1], "texture": "#0"},
				"south": {"uv": [15, 0.5, 15.5, 1], "texture": "#0"},
				"west": {"uv": [15, 0.5, 15.5, 1], "texture": "#0"},
				"up": {"uv": [15, 0.5, 15.5, 1], "texture": "#0"},
				"down": {"uv": [15, 0.5, 15.5, 1], "texture": "#0"}
			}
		},
		{
			"from": [2.5, -2, 15],
			"to": [4.5, 1, 19],
			"rotation": {"angle": 0, "axis": "y", "origin": [8, 4, 8]},
			"faces": {
				"north": {"uv": [15, 0.5, 15.5, 1], "texture": "#0"},
				"east": {"uv": [15, 0.5, 15.5, 1], "texture": "#0"},
				"south": {"uv": [15, 0.5, 15.5, 1], "texture": "#0"},
				"west": {"uv": [15, 0.5, 15.5, 1], "texture": "#0"},
				"up": {"uv": [15, 0.5, 15.5, 1], "texture": "#0"},
				"down": {"uv": [15, 0.5, 15.5, 1], "texture": "#0"}
			}
		},
		{
			"from": [11.5, -2, 15],
			"to": [13.5, 1, 19],
			"rotation": {"angle": 0, "axis": "y", "origin": [17, 4, 8]},
			"faces": {
				"north": {"uv": [15, 0.5, 15.5, 1], "texture": "#0"},
				"east": {"uv": [15, 0.5, 15.5, 1], "texture": "#0"},
				"south": {"uv": [15, 0.5, 15.5, 1], "texture": "#0"},
				"west": {"uv": [15, 0.5, 15.5, 1], "texture": "#0"},
				"up": {"uv": [15, 0.5, 15.5, 1], "texture": "#0"},
				"down": {"uv": [15, 0.5, 15.5, 1], "texture": "#0"}
			}
		},
		{
			"from": [0.5, -1, 15],
			"to": [2.5, 0, 19],
			"rotation": {"angle": 0, "axis": "y", "origin": [8, 4, 8]},
			"faces": {
				"north": {"uv": [15, 0.5, 15.5, 1], "texture": "#0"},
				"east": {"uv": [15, 0.5, 15.5, 1], "texture": "#0"},
				"south": {"uv": [15, 0.5, 15.5, 1], "texture": "#0"},
				"west": {"uv": [15, 0.5, 15.5, 1], "texture": "#0"},
				"up": {"uv": [15, 0.5, 15.5, 1], "texture": "#0"},
				"down": {"uv": [15, 0.5, 15.5, 1], "texture": "#0"}
			}
		},
		{
			"from": [13.5, -1, 15],
			"to": [15.5, 0, 19],
			"rotation": {"angle": 0, "axis": "y", "origin": [17, 4, 8]},
			"faces": {
				"north": {"uv": [15, 0.5, 15.5, 1], "texture": "#0"},
				"east": {"uv": [15, 0.5, 15.5, 1], "texture": "#0"},
				"south": {"uv": [15, 0.5, 15.5, 1], "texture": "#0"},
				"west": {"uv": [15, 0.5, 15.5, 1], "texture": "#0"},
				"up": {"uv": [15, 0.5, 15.5, 1], "texture": "#0"},
				"down": {"uv": [15, 0.5, 15.5, 1], "texture": "#0"}
			}
		},
		{
			"from": [-1.5, 0, 15],
			"to": [0.5, 1, 21],
			"rotation": {"angle": 0, "axis": "y", "origin": [8, 4, 8]},
			"faces": {
				"north": {"uv": [15, 2, 15.5, 2.5], "texture": "#0"},
				"east": {"uv": [15, 2, 15.5, 2.5], "texture": "#0"},
				"south": {"uv": [13.5, 3.5, 14, 4], "texture": "#0"},
				"west": {"uv": [15, 2, 15.5, 2.5], "texture": "#0"},
				"up": {"uv": [15, 2, 15.5, 2.5], "texture": "#0"},
				"down": {"uv": [15, 2, 15.5, 2.5], "texture": "#0"}
			}
		},
		{
			"from": [15.5, 0, 15],
			"to": [17.5, 1, 21],
			"rotation": {"angle": 0, "axis": "y", "origin": [25, 4, 8]},
			"faces": {
				"north": {"uv": [15, 2, 15.5, 2.5], "texture": "#0"},
				"east": {"uv": [15, 2, 15.5, 2.5], "texture": "#0"},
				"south": {"uv": [13.5, 3.5, 14, 4], "texture": "#0"},
				"west": {"uv": [15, 2, 15.5, 2.5], "texture": "#0"},
				"up": {"uv": [15, 2, 15.5, 2.5], "texture": "#0"},
				"down": {"uv": [15, 2, 15.5, 2.5], "texture": "#0"}
			}
		},
		{
			"from": [13.5, 0, 15],
			"to": [15.5, 1, 16],
			"rotation": {"angle": 0, "axis": "y", "origin": [25, 4, 8]},
			"faces": {
				"north": {"uv": [15, 2, 15.5, 2.5], "texture": "#0"},
				"east": {"uv": [15, 2, 15.5, 2.5], "texture": "#0"},
				"south": {"uv": [13.5, 3.5, 14, 4], "texture": "#0"},
				"west": {"uv": [15, 2, 15.5, 2.5], "texture": "#0"},
				"up": {"uv": [15, 2, 15.5, 2.5], "texture": "#0"},
				"down": {"uv": [15, 2, 15.5, 2.5], "texture": "#0"}
			}
		},
		{
			"from": [0.5, 0, 15],
			"to": [2.5, 1, 16],
			"rotation": {"angle": 0, "axis": "y", "origin": [25, 4, 8]},
			"faces": {
				"north": {"uv": [15, 2, 15.5, 2.5], "texture": "#0"},
				"east": {"uv": [15, 2, 15.5, 2.5], "texture": "#0"},
				"south": {"uv": [13.5, 3.5, 14, 4], "texture": "#0"},
				"west": {"uv": [15, 2, 15.5, 2.5], "texture": "#0"},
				"up": {"uv": [15, 2, 15.5, 2.5], "texture": "#0"},
				"down": {"uv": [15, 2, 15.5, 2.5], "texture": "#0"}
			}
		},
		{
			"from": [-0.5, 1, 15],
			"to": [16.5, 3, 16],
			"rotation": {"angle": 0, "axis": "y", "origin": [25, 4, 8]},
			"faces": {
				"north": {"uv": [15, 2, 15.5, 2.5], "texture": "#0"},
				"east": {"uv": [15, 2, 15.5, 2.5], "texture": "#0"},
				"south": {"uv": [13.5, 3.5, 14, 4], "texture": "#0"},
				"west": {"uv": [15, 2, 15.5, 2.5], "texture": "#0"},
				"up": {"uv": [15, 2, 15.5, 2.5], "texture": "#0"},
				"down": {"uv": [15, 2, 15.5, 2.5], "texture": "#0"}
			}
		},
		{
			"from": [-0.5, 8, 15],
			"to": [16.5, 10, 16],
			"rotation": {"angle": 0, "axis": "y", "origin": [25, 4, 8]},
			"faces": {
				"north": {"uv": [15, 2, 15.5, 2.5], "texture": "#0"},
				"east": {"uv": [15, 2, 15.5, 2.5], "texture": "#0"},
				"south": {"uv": [13.5, 3.5, 14, 4], "texture": "#0"},
				"west": {"uv": [15, 2, 15.5, 2.5], "texture": "#0"},
				"up": {"uv": [15, 2, 15.5, 2.5], "texture": "#0"},
				"down": {"uv": [15, 2, 15.5, 2.5], "texture": "#0"}
			}
		},
		{
			"from": [0.5, 10, 15],
			"to": [15.5, 12, 16],
			"rotation": {"angle": 0, "axis": "y", "origin": [25, 4, 8]},
			"faces": {
				"north": {"uv": [15, 2, 15.5, 2.5], "texture": "#0"},
				"east": {"uv": [15, 2, 15.5, 2.5], "texture": "#0"},
				"south": {"uv": [13.5, 3.5, 14, 4], "texture": "#0"},
				"west": {"uv": [15, 2, 15.5, 2.5], "texture": "#0"},
				"up": {"uv": [15, 2, 15.5, 2.5], "texture": "#0"},
				"down": {"uv": [15, 2, 15.5, 2.5], "texture": "#0"}
			}
		},
		{
			"from": [1.5, 12, 15],
			"to": [14.5, 13, 16],
			"rotation": {"angle": 0, "axis": "y", "origin": [25, 4, 8]},
			"faces": {
				"north": {"uv": [15, 2, 15.5, 2.5], "texture": "#0"},
				"east": {"uv": [15, 2, 15.5, 2.5], "texture": "#0"},
				"south": {"uv": [13.5, 3.5, 14, 4], "texture": "#0"},
				"west": {"uv": [15, 2, 15.5, 2.5], "texture": "#0"},
				"up": {"uv": [15, 2, 15.5, 2.5], "texture": "#0"},
				"down": {"uv": [15, 2, 15.5, 2.5], "texture": "#0"}
			}
		},
		{
			"from": [2.5, 13, 15],
			"to": [13.5, 14, 16],
			"rotation": {"angle": 0, "axis": "y", "origin": [25, 4, 8]},
			"faces": {
				"north": {"uv": [15, 2, 15.5, 2.5], "texture": "#0"},
				"east": {"uv": [15, 2, 15.5, 2.5], "texture": "#0"},
				"south": {"uv": [13.5, 3.5, 14, 4], "texture": "#0"},
				"west": {"uv": [15, 2, 15.5, 2.5], "texture": "#0"},
				"up": {"uv": [15, 2, 15.5, 2.5], "texture": "#0"},
				"down": {"uv": [15, 2, 15.5, 2.5], "texture": "#0"}
			}
		},
		{
			"from": [3.5, 14, 15],
			"to": [12.5, 15, 16],
			"rotation": {"angle": 0, "axis": "y", "origin": [25, 4, 8]},
			"faces": {
				"north": {"uv": [15, 2, 15.5, 2.5], "texture": "#0"},
				"east": {"uv": [15, 2, 15.5, 2.5], "texture": "#0"},
				"south": {"uv": [13.5, 3.5, 14, 4], "texture": "#0"},
				"west": {"uv": [15, 2, 15.5, 2.5], "texture": "#0"},
				"up": {"uv": [15, 2, 15.5, 2.5], "texture": "#0"},
				"down": {"uv": [15, 2, 15.5, 2.5], "texture": "#0"}
			}
		},
		{
			"from": [-1.5, 3, 15],
			"to": [17.5, 8, 16],
			"rotation": {"angle": 0, "axis": "y", "origin": [25, 4, 8]},
			"faces": {
				"north": {"uv": [15, 2, 15.5, 2.5], "texture": "#0"},
				"east": {"uv": [15, 2, 15.5, 2.5], "texture": "#0"},
				"south": {"uv": [13.5, 3.5, 14, 4], "texture": "#0"},
				"west": {"uv": [15, 2, 15.5, 2.5], "texture": "#0"},
				"up": {"uv": [15, 2, 15.5, 2.5], "texture": "#0"},
				"down": {"uv": [15, 2, 15.5, 2.5], "texture": "#0"}
			}
		},
		{
			"from": [-2.5, 1, 15],
			"to": [-0.5, 2, 21],
			"rotation": {"angle": 0, "axis": "y", "origin": [8, 4, 8]},
			"faces": {
				"north": {"uv": [15, 2, 15.5, 2.5], "texture": "#0"},
				"east": {"uv": [15, 2, 15.5, 2.5], "texture": "#0"},
				"south": {"uv": [13.5, 3.5, 14, 4], "texture": "#0"},
				"west": {"uv": [15, 2, 15.5, 2.5], "texture": "#0"},
				"up": {"uv": [15, 2, 15.5, 2.5], "texture": "#0"},
				"down": {"uv": [15, 2, 15.5, 2.5], "texture": "#0"}
			}
		},
		{
			"from": [-2.5, 2, 21],
			"to": [-1.5, 3, 22],
			"rotation": {"angle": 0, "axis": "y", "origin": [8, 4, 8]},
			"faces": {
				"north": {"uv": [15, 2, 15.5, 2.5], "texture": "#0"},
				"east": {"uv": [15, 2, 15.5, 2.5], "texture": "#0"},
				"south": {"uv": [15, 2, 15.5, 2.5], "texture": "#0"},
				"west": {"uv": [15, 2, 15.5, 2.5], "texture": "#0"},
				"up": {"uv": [15, 2, 15.5, 2.5], "texture": "#0"},
				"down": {"uv": [15, 2, 15.5, 2.5], "texture": "#0"}
			}
		},
		{
			"from": [-9.5, 14, 20],
			"to": [-8.5, 15, 21],
			"rotation": {"angle": 0, "axis": "y", "origin": [8, 4, 8]},
			"faces": {
				"north": {"uv": [15, 2, 15.5, 2.5], "texture": "#0"},
				"east": {"uv": [15, 2, 15.5, 2.5], "texture": "#0"},
				"south": {"uv": [15, 2, 15.5, 2.5], "texture": "#0"},
				"west": {"uv": [15, 2, 15.5, 2.5], "texture": "#0"},
				"up": {"uv": [15, 2, 15.5, 2.5], "texture": "#0"},
				"down": {"uv": [15, 2, 15.5, 2.5], "texture": "#0"}
			}
		},
		{
			"from": [24.5, 14, 20],
			"to": [25.5, 15, 21],
			"rotation": {"angle": 0, "axis": "y", "origin": [42, 4, 8]},
			"faces": {
				"north": {"uv": [15, 2, 15.5, 2.5], "texture": "#0"},
				"east": {"uv": [15, 2, 15.5, 2.5], "texture": "#0"},
				"south": {"uv": [15, 2, 15.5, 2.5], "texture": "#0"},
				"west": {"uv": [15, 2, 15.5, 2.5], "texture": "#0"},
				"up": {"uv": [15, 2, 15.5, 2.5], "texture": "#0"},
				"down": {"uv": [15, 2, 15.5, 2.5], "texture": "#0"}
			}
		},
		{
			"from": [-11.5, 15, 20],
			"to": [-7.5, 16, 21],
			"rotation": {"angle": 0, "axis": "y", "origin": [8, 4, 8]},
			"faces": {
				"north": {"uv": [15, 2, 15.5, 2.5], "texture": "#0"},
				"east": {"uv": [15, 2, 15.5, 2.5], "texture": "#0"},
				"south": {"uv": [15, 2, 15.5, 2.5], "texture": "#0"},
				"west": {"uv": [15, 2, 15.5, 2.5], "texture": "#0"},
				"up": {"uv": [15, 2, 15.5, 2.5], "texture": "#0"},
				"down": {"uv": [15, 2, 15.5, 2.5], "texture": "#0"}
			}
		},
		{
			"from": [23.5, 15, 20],
			"to": [27.5, 16, 21],
			"rotation": {"angle": 0, "axis": "y", "origin": [43, 4, 8]},
			"faces": {
				"north": {"uv": [15, 2, 15.5, 2.5], "texture": "#0"},
				"east": {"uv": [15, 2, 15.5, 2.5], "texture": "#0"},
				"south": {"uv": [15, 2, 15.5, 2.5], "texture": "#0"},
				"west": {"uv": [15, 2, 15.5, 2.5], "texture": "#0"},
				"up": {"uv": [15, 2, 15.5, 2.5], "texture": "#0"},
				"down": {"uv": [15, 2, 15.5, 2.5], "texture": "#0"}
			}
		},
		{
			"from": [-11.5, 16, 20],
			"to": [-6.5, 17, 21],
			"rotation": {"angle": 0, "axis": "y", "origin": [8, 4, 8]},
			"faces": {
				"north": {"uv": [15, 2, 15.5, 2.5], "texture": "#0"},
				"east": {"uv": [15, 2, 15.5, 2.5], "texture": "#0"},
				"south": {"uv": [15, 2, 15.5, 2.5], "texture": "#0"},
				"west": {"uv": [15, 2, 15.5, 2.5], "texture": "#0"},
				"up": {"uv": [15, 2, 15.5, 2.5], "texture": "#0"},
				"down": {"uv": [15, 2, 15.5, 2.5], "texture": "#0"}
			}
		},
		{
			"from": [22.5, 16, 20],
			"to": [27.5, 17, 21],
			"rotation": {"angle": 0, "axis": "y", "origin": [42, 4, 8]},
			"faces": {
				"north": {"uv": [15, 2, 15.5, 2.5], "texture": "#0"},
				"east": {"uv": [15, 2, 15.5, 2.5], "texture": "#0"},
				"south": {"uv": [15, 2, 15.5, 2.5], "texture": "#0"},
				"west": {"uv": [15, 2, 15.5, 2.5], "texture": "#0"},
				"up": {"uv": [15, 2, 15.5, 2.5], "texture": "#0"},
				"down": {"uv": [15, 2, 15.5, 2.5], "texture": "#0"}
			}
		},
		{
			"from": [-11.5, 17, 20],
			"to": [-5.5, 18, 21],
			"rotation": {"angle": 0, "axis": "y", "origin": [8, 4, 8]},
			"faces": {
				"north": {"uv": [15, 2, 15.5, 2.5], "texture": "#0"},
				"east": {"uv": [15, 2, 15.5, 2.5], "texture": "#0"},
				"south": {"uv": [15, 2, 15.5, 2.5], "texture": "#0"},
				"west": {"uv": [15, 2, 15.5, 2.5], "texture": "#0"},
				"up": {"uv": [15, 2, 15.5, 2.5], "texture": "#0"},
				"down": {"uv": [15, 2, 15.5, 2.5], "texture": "#0"}
			}
		},
		{
			"from": [21.5, 17, 20],
			"to": [27.5, 18, 21],
			"rotation": {"angle": 0, "axis": "y", "origin": [41, 4, 8]},
			"faces": {
				"north": {"uv": [15, 2, 15.5, 2.5], "texture": "#0"},
				"east": {"uv": [15, 2, 15.5, 2.5], "texture": "#0"},
				"south": {"uv": [15, 2, 15.5, 2.5], "texture": "#0"},
				"west": {"uv": [15, 2, 15.5, 2.5], "texture": "#0"},
				"up": {"uv": [15, 2, 15.5, 2.5], "texture": "#0"},
				"down": {"uv": [15, 2, 15.5, 2.5], "texture": "#0"}
			}
		},
		{
			"from": [-8.5, 11, 20],
			"to": [-7.5, 12, 21],
			"rotation": {"angle": 0, "axis": "y", "origin": [8, 4, 8]},
			"faces": {
				"north": {"uv": [15, 2, 15.5, 2.5], "texture": "#0"},
				"east": {"uv": [15, 2, 15.5, 2.5], "texture": "#0"},
				"south": {"uv": [15, 2, 15.5, 2.5], "texture": "#0"},
				"west": {"uv": [15, 2, 15.5, 2.5], "texture": "#0"},
				"up": {"uv": [15, 2, 15.5, 2.5], "texture": "#0"},
				"down": {"uv": [15, 2, 15.5, 2.5], "texture": "#0"}
			}
		},
		{
			"from": [23.5, 11, 20],
			"to": [24.5, 12, 21],
			"rotation": {"angle": 0, "axis": "y", "origin": [41, 4, 8]},
			"faces": {
				"north": {"uv": [15, 2, 15.5, 2.5], "texture": "#0"},
				"east": {"uv": [15, 2, 15.5, 2.5], "texture": "#0"},
				"south": {"uv": [15, 2, 15.5, 2.5], "texture": "#0"},
				"west": {"uv": [15, 2, 15.5, 2.5], "texture": "#0"},
				"up": {"uv": [15, 2, 15.5, 2.5], "texture": "#0"},
				"down": {"uv": [15, 2, 15.5, 2.5], "texture": "#0"}
			}
		},
		{
			"from": [-9.5, 12, 20],
			"to": [-7.5, 13, 21],
			"rotation": {"angle": 0, "axis": "y", "origin": [8, 4, 8]},
			"faces": {
				"north": {"uv": [15, 2, 15.5, 2.5], "texture": "#0"},
				"east": {"uv": [15, 2, 15.5, 2.5], "texture": "#0"},
				"south": {"uv": [15, 2, 15.5, 2.5], "texture": "#0"},
				"west": {"uv": [15, 2, 15.5, 2.5], "texture": "#0"},
				"up": {"uv": [15, 2, 15.5, 2.5], "texture": "#0"},
				"down": {"uv": [15, 2, 15.5, 2.5], "texture": "#0"}
			}
		},
		{
			"from": [23.5, 12, 20],
			"to": [25.5, 13, 21],
			"rotation": {"angle": 0, "axis": "y", "origin": [41, 4, 8]},
			"faces": {
				"north": {"uv": [15, 2, 15.5, 2.5], "texture": "#0"},
				"east": {"uv": [15, 2, 15.5, 2.5], "texture": "#0"},
				"south": {"uv": [15, 2, 15.5, 2.5], "texture": "#0"},
				"west": {"uv": [15, 2, 15.5, 2.5], "texture": "#0"},
				"up": {"uv": [15, 2, 15.5, 2.5], "texture": "#0"},
				"down": {"uv": [15, 2, 15.5, 2.5], "texture": "#0"}
			}
		},
		{
			"from": [-3.5, 19, 20],
			"to": [-1.5, 20, 21],
			"rotation": {"angle": 0, "axis": "y", "origin": [8, 4, 8]},
			"faces": {
				"north": {"uv": [15, 2, 15.5, 2.5], "texture": "#0"},
				"east": {"uv": [15, 2, 15.5, 2.5], "texture": "#0"},
				"south": {"uv": [15, 2, 15.5, 2.5], "texture": "#0"},
				"west": {"uv": [15, 2, 15.5, 2.5], "texture": "#0"},
				"up": {"uv": [15, 2, 15.5, 2.5], "texture": "#0"},
				"down": {"uv": [15, 2, 15.5, 2.5], "texture": "#0"}
			}
		},
		{
			"from": [17.5, 19, 20],
			"to": [19.5, 20, 21],
			"rotation": {"angle": 0, "axis": "y", "origin": [29, 4, 8]},
			"faces": {
				"north": {"uv": [15, 2, 15.5, 2.5], "texture": "#0"},
				"east": {"uv": [15, 2, 15.5, 2.5], "texture": "#0"},
				"south": {"uv": [15, 2, 15.5, 2.5], "texture": "#0"},
				"west": {"uv": [15, 2, 15.5, 2.5], "texture": "#0"},
				"up": {"uv": [15, 2, 15.5, 2.5], "texture": "#0"},
				"down": {"uv": [15, 2, 15.5, 2.5], "texture": "#0"}
			}
		},
		{
			"from": [17.5, 2, 21],
			"to": [18.5, 3, 22],
			"rotation": {"angle": 0, "axis": "y", "origin": [31, 4, 8]},
			"faces": {
				"north": {"uv": [15, 2, 15.5, 2.5], "texture": "#0"},
				"east": {"uv": [15, 2, 15.5, 2.5], "texture": "#0"},
				"south": {"uv": [15, 2, 15.5, 2.5], "texture": "#0"},
				"west": {"uv": [15, 2, 15.5, 2.5], "texture": "#0"},
				"up": {"uv": [15, 2, 15.5, 2.5], "texture": "#0"},
				"down": {"uv": [15, 2, 15.5, 2.5], "texture": "#0"}
			}
		},
		{
			"from": [-5.5, 4, 21],
			"to": [-4.5, 6, 22],
			"rotation": {"angle": 0, "axis": "y", "origin": [8, 4, 8]},
			"faces": {
				"north": {"uv": [15, 2, 15.5, 2.5], "texture": "#0"},
				"east": {"uv": [15, 2, 15.5, 2.5], "texture": "#0"},
				"south": {"uv": [15, 2, 15.5, 2.5], "texture": "#0"},
				"west": {"uv": [15, 2, 15.5, 2.5], "texture": "#0"},
				"up": {"uv": [15, 2, 15.5, 2.5], "texture": "#0"},
				"down": {"uv": [15, 2, 15.5, 2.5], "texture": "#0"}
			}
		},
		{
			"from": [20.5, 4, 21],
			"to": [21.5, 6, 22],
			"rotation": {"angle": 0, "axis": "y", "origin": [31, 4, 8]},
			"faces": {
				"north": {"uv": [15, 2, 15.5, 2.5], "texture": "#0"},
				"east": {"uv": [15, 2, 15.5, 2.5], "texture": "#0"},
				"south": {"uv": [15, 2, 15.5, 2.5], "texture": "#0"},
				"west": {"uv": [15, 2, 15.5, 2.5], "texture": "#0"},
				"up": {"uv": [15, 2, 15.5, 2.5], "texture": "#0"},
				"down": {"uv": [15, 2, 15.5, 2.5], "texture": "#0"}
			}
		},
		{
			"from": [-3.5, 8, 21],
			"to": [-1.5, 10, 22],
			"rotation": {"angle": 0, "axis": "y", "origin": [8, 4, 8]},
			"faces": {
				"north": {"uv": [15, 2, 15.5, 2.5], "texture": "#0"},
				"east": {"uv": [15, 2, 15.5, 2.5], "texture": "#0"},
				"south": {"uv": [15, 2, 15.5, 2.5], "texture": "#0"},
				"west": {"uv": [15, 2, 15.5, 2.5], "texture": "#0"},
				"up": {"uv": [15, 2, 15.5, 2.5], "texture": "#0"},
				"down": {"uv": [15, 2, 15.5, 2.5], "texture": "#0"}
			}
		},
		{
			"from": [17.5, 8, 21],
			"to": [19.5, 10, 22],
			"rotation": {"angle": 0, "axis": "y", "origin": [29, 4, 8]},
			"faces": {
				"north": {"uv": [15, 2, 15.5, 2.5], "texture": "#0"},
				"east": {"uv": [15, 2, 15.5, 2.5], "texture": "#0"},
				"south": {"uv": [15, 2, 15.5, 2.5], "texture": "#0"},
				"west": {"uv": [15, 2, 15.5, 2.5], "texture": "#0"},
				"up": {"uv": [15, 2, 15.5, 2.5], "texture": "#0"},
				"down": {"uv": [15, 2, 15.5, 2.5], "texture": "#0"}
			}
		},
		{
			"from": [-3.5, 10, 21],
			"to": [-0.5, 12, 22],
			"rotation": {"angle": 0, "axis": "y", "origin": [8, 4, 8]},
			"faces": {
				"north": {"uv": [15, 2, 15.5, 2.5], "texture": "#0"},
				"east": {"uv": [15, 2, 15.5, 2.5], "texture": "#0"},
				"south": {"uv": [15, 2, 15.5, 2.5], "texture": "#0"},
				"west": {"uv": [15, 2, 15.5, 2.5], "texture": "#0"},
				"up": {"uv": [15, 2, 15.5, 2.5], "texture": "#0"},
				"down": {"uv": [15, 2, 15.5, 2.5], "texture": "#0"}
			}
		},
		{
			"from": [16.5, 10, 21],
			"to": [19.5, 12, 22],
			"rotation": {"angle": 0, "axis": "y", "origin": [28, 4, 8]},
			"faces": {
				"north": {"uv": [15, 2, 15.5, 2.5], "texture": "#0"},
				"east": {"uv": [15, 2, 15.5, 2.5], "texture": "#0"},
				"south": {"uv": [15, 2, 15.5, 2.5], "texture": "#0"},
				"west": {"uv": [15, 2, 15.5, 2.5], "texture": "#0"},
				"up": {"uv": [15, 2, 15.5, 2.5], "texture": "#0"},
				"down": {"uv": [15, 2, 15.5, 2.5], "texture": "#0"}
			}
		},
		{
			"from": [-2.5, 12, 21],
			"to": [0.5, 13, 22],
			"rotation": {"angle": 0, "axis": "y", "origin": [8, 4, 8]},
			"faces": {
				"north": {"uv": [15, 2, 15.5, 2.5], "texture": "#0"},
				"east": {"uv": [15, 2, 15.5, 2.5], "texture": "#0"},
				"south": {"uv": [15, 2, 15.5, 2.5], "texture": "#0"},
				"west": {"uv": [15, 2, 15.5, 2.5], "texture": "#0"},
				"up": {"uv": [15, 2, 15.5, 2.5], "texture": "#0"},
				"down": {"uv": [15, 2, 15.5, 2.5], "texture": "#0"}
			}
		},
		{
			"from": [15.5, 12, 21],
			"to": [18.5, 13, 22],
			"rotation": {"angle": 0, "axis": "y", "origin": [26, 4, 8]},
			"faces": {
				"north": {"uv": [15, 2, 15.5, 2.5], "texture": "#0"},
				"east": {"uv": [15, 2, 15.5, 2.5], "texture": "#0"},
				"south": {"uv": [15, 2, 15.5, 2.5], "texture": "#0"},
				"west": {"uv": [15, 2, 15.5, 2.5], "texture": "#0"},
				"up": {"uv": [15, 2, 15.5, 2.5], "texture": "#0"},
				"down": {"uv": [15, 2, 15.5, 2.5], "texture": "#0"}
			}
		},
		{
			"from": [-0.5, 14, 21],
			"to": [2.5, 15, 22],
			"rotation": {"angle": 0, "axis": "y", "origin": [8, 4, 8]},
			"faces": {
				"north": {"uv": [15, 2, 15.5, 2.5], "texture": "#0"},
				"east": {"uv": [15, 2, 15.5, 2.5], "texture": "#0"},
				"south": {"uv": [15, 2, 15.5, 2.5], "texture": "#0"},
				"west": {"uv": [15, 2, 15.5, 2.5], "texture": "#0"},
				"up": {"uv": [15, 2, 15.5, 2.5], "texture": "#0"},
				"down": {"uv": [15, 2, 15.5, 2.5], "texture": "#0"}
			}
		},
		{
			"from": [13.5, 14, 21],
			"to": [16.5, 15, 22],
			"rotation": {"angle": 0, "axis": "y", "origin": [22, 4, 8]},
			"faces": {
				"north": {"uv": [15, 2, 15.5, 2.5], "texture": "#0"},
				"east": {"uv": [15, 2, 15.5, 2.5], "texture": "#0"},
				"south": {"uv": [15, 2, 15.5, 2.5], "texture": "#0"},
				"west": {"uv": [15, 2, 15.5, 2.5], "texture": "#0"},
				"up": {"uv": [15, 2, 15.5, 2.5], "texture": "#0"},
				"down": {"uv": [15, 2, 15.5, 2.5], "texture": "#0"}
			}
		},
		{
			"from": [0.5, 15, 21],
			"to": [3.5, 16, 22],
			"rotation": {"angle": 0, "axis": "y", "origin": [8, 4, 8]},
			"faces": {
				"north": {"uv": [15, 2, 15.5, 2.5], "texture": "#0"},
				"east": {"uv": [15, 2, 15.5, 2.5], "texture": "#0"},
				"south": {"uv": [15, 2, 15.5, 2.5], "texture": "#0"},
				"west": {"uv": [15, 2, 15.5, 2.5], "texture": "#0"},
				"up": {"uv": [15, 2, 15.5, 2.5], "texture": "#0"},
				"down": {"uv": [15, 2, 15.5, 2.5], "texture": "#0"}
			}
		},
		{
			"from": [12.5, 15, 21],
			"to": [15.5, 16, 22],
			"rotation": {"angle": 0, "axis": "y", "origin": [20, 4, 8]},
			"faces": {
				"north": {"uv": [15, 2, 15.5, 2.5], "texture": "#0"},
				"east": {"uv": [15, 2, 15.5, 2.5], "texture": "#0"},
				"south": {"uv": [15, 2, 15.5, 2.5], "texture": "#0"},
				"west": {"uv": [15, 2, 15.5, 2.5], "texture": "#0"},
				"up": {"uv": [15, 2, 15.5, 2.5], "texture": "#0"},
				"down": {"uv": [15, 2, 15.5, 2.5], "texture": "#0"}
			}
		},
		{
			"from": [2.5, 18, 21],
			"to": [13.5, 19, 22],
			"rotation": {"angle": 0, "axis": "y", "origin": [8, 4, 8]},
			"faces": {
				"north": {"uv": [15, 2, 15.5, 2.5], "texture": "#0"},
				"east": {"uv": [15, 2, 15.5, 2.5], "texture": "#0"},
				"south": {"uv": [15, 2, 15.5, 2.5], "texture": "#0"},
				"west": {"uv": [15, 2, 15.5, 2.5], "texture": "#0"},
				"up": {"uv": [15, 2, 15.5, 2.5], "texture": "#0"},
				"down": {"uv": [15, 2, 15.5, 2.5], "texture": "#0"}
			}
		},
		{
			"from": [1.5, 16, 21],
			"to": [14.5, 18, 22],
			"rotation": {"angle": 0, "axis": "y", "origin": [8, 4, 8]},
			"faces": {
				"north": {"uv": [15, 2, 15.5, 2.5], "texture": "#0"},
				"east": {"uv": [15, 2, 15.5, 2.5], "texture": "#0"},
				"south": {"uv": [15, 2, 15.5, 2.5], "texture": "#0"},
				"west": {"uv": [15, 2, 15.5, 2.5], "texture": "#0"},
				"up": {"uv": [15, 2, 15.5, 2.5], "texture": "#0"},
				"down": {"uv": [15, 2, 15.5, 2.5], "texture": "#0"}
			}
		},
		{
			"from": [-2.5, 13, 21],
			"to": [1.5, 14, 22],
			"rotation": {"angle": 0, "axis": "y", "origin": [8, 4, 8]},
			"faces": {
				"north": {"uv": [15, 2, 15.5, 2.5], "texture": "#0"},
				"east": {"uv": [15, 2, 15.5, 2.5], "texture": "#0"},
				"south": {"uv": [15, 2, 15.5, 2.5], "texture": "#0"},
				"west": {"uv": [15, 2, 15.5, 2.5], "texture": "#0"},
				"up": {"uv": [15, 2, 15.5, 2.5], "texture": "#0"},
				"down": {"uv": [15, 2, 15.5, 2.5], "texture": "#0"}
			}
		},
		{
			"from": [14.5, 13, 21],
			"to": [18.5, 14, 22],
			"rotation": {"angle": 0, "axis": "y", "origin": [25, 4, 8]},
			"faces": {
				"north": {"uv": [15, 2, 15.5, 2.5], "texture": "#0"},
				"east": {"uv": [15, 2, 15.5, 2.5], "texture": "#0"},
				"south": {"uv": [15, 2, 15.5, 2.5], "texture": "#0"},
				"west": {"uv": [15, 2, 15.5, 2.5], "texture": "#0"},
				"up": {"uv": [15, 2, 15.5, 2.5], "texture": "#0"},
				"down": {"uv": [15, 2, 15.5, 2.5], "texture": "#0"}
			}
		},
		{
			"from": [-4.5, 3, 21],
			"to": [-2.5, 8, 22],
			"rotation": {"angle": 0, "axis": "y", "origin": [8, 4, 8]},
			"faces": {
				"north": {"uv": [15, 2, 15.5, 2.5], "texture": "#0"},
				"east": {"uv": [15, 2, 15.5, 2.5], "texture": "#0"},
				"south": {"uv": [15, 2, 15.5, 2.5], "texture": "#0"},
				"west": {"uv": [15, 2, 15.5, 2.5], "texture": "#0"},
				"up": {"uv": [15, 2, 15.5, 2.5], "texture": "#0"},
				"down": {"uv": [15, 2, 15.5, 2.5], "texture": "#0"}
			}
		},
		{
			"from": [18.5, 3, 21],
			"to": [20.5, 8, 22],
			"rotation": {"angle": 0, "axis": "y", "origin": [31, 4, 8]},
			"faces": {
				"north": {"uv": [15, 2, 15.5, 2.5], "texture": "#0"},
				"east": {"uv": [15, 2, 15.5, 2.5], "texture": "#0"},
				"south": {"uv": [15, 2, 15.5, 2.5], "texture": "#0"},
				"west": {"uv": [15, 2, 15.5, 2.5], "texture": "#0"},
				"up": {"uv": [15, 2, 15.5, 2.5], "texture": "#0"},
				"down": {"uv": [15, 2, 15.5, 2.5], "texture": "#0"}
			}
		},
		{
			"from": [16.5, 1, 15],
			"to": [18.5, 2, 21],
			"rotation": {"angle": 0, "axis": "y", "origin": [27, 4, 8]},
			"faces": {
				"north": {"uv": [15, 2, 15.5, 2.5], "texture": "#0"},
				"east": {"uv": [15, 2, 15.5, 2.5], "texture": "#0"},
				"south": {"uv": [13.5, 3.5, 14, 4], "texture": "#0"},
				"west": {"uv": [15, 2, 15.5, 2.5], "texture": "#0"},
				"up": {"uv": [15, 2, 15.5, 2.5], "texture": "#0"},
				"down": {"uv": [15, 2, 15.5, 2.5], "texture": "#0"}
			}
		},
		{
			"from": [-4.5, 2, 15],
			"to": [-0.5, 3, 21],
			"rotation": {"angle": 0, "axis": "y", "origin": [8, 4, 8]},
			"faces": {
				"north": {"uv": [15, 2, 15.5, 2.5], "texture": "#0"},
				"east": {"uv": [15, 2, 15.5, 2.5], "texture": "#0"},
				"south": {"uv": [13.5, 3.5, 14, 4], "texture": "#0"},
				"west": {"uv": [15, 2, 15.5, 2.5], "texture": "#0"},
				"up": {"uv": [15, 2, 15.5, 2.5], "texture": "#0"},
				"down": {"uv": [15, 2, 15.5, 2.5], "texture": "#0"}
			}
		},
		{
			"from": [16.5, 2, 15],
			"to": [20.5, 3, 21],
			"rotation": {"angle": 0, "axis": "y", "origin": [29, 4, 8]},
			"faces": {
				"north": {"uv": [15, 2, 15.5, 2.5], "texture": "#0"},
				"east": {"uv": [15, 2, 15.5, 2.5], "texture": "#0"},
				"south": {"uv": [13.5, 3.5, 14, 4], "texture": "#0"},
				"west": {"uv": [15, 2, 15.5, 2.5], "texture": "#0"},
				"up": {"uv": [15, 2, 15.5, 2.5], "texture": "#0"},
				"down": {"uv": [15, 2, 15.5, 2.5], "texture": "#0"}
			}
		},
		{
			"from": [-5.5, 3, 15],
			"to": [-1.5, 4, 21],
			"rotation": {"angle": 0, "axis": "y", "origin": [8, 4, 8]},
			"faces": {
				"north": {"uv": [15, 2, 15.5, 2.5], "texture": "#0"},
				"east": {"uv": [15, 2, 15.5, 2.5], "texture": "#0"},
				"south": {"uv": [13.5, 3.5, 14, 4], "texture": "#0"},
				"west": {"uv": [15, 2, 15.5, 2.5], "texture": "#0"},
				"up": {"uv": [15, 2, 15.5, 2.5], "texture": "#0"},
				"down": {"uv": [15, 2, 15.5, 2.5], "texture": "#0"}
			}
		},
		{
			"from": [17.5, 3, 15],
			"to": [21.5, 4, 21],
			"rotation": {"angle": 0, "axis": "y", "origin": [31, 4, 8]},
			"faces": {
				"north": {"uv": [15, 2, 15.5, 2.5], "texture": "#0"},
				"east": {"uv": [15, 2, 15.5, 2.5], "texture": "#0"},
				"south": {"uv": [13.5, 3.5, 14, 4], "texture": "#0"},
				"west": {"uv": [15, 2, 15.5, 2.5], "texture": "#0"},
				"up": {"uv": [15, 2, 15.5, 2.5], "texture": "#0"},
				"down": {"uv": [15, 2, 15.5, 2.5], "texture": "#0"}
			}
		},
		{
			"from": [-5.5, 6, 15],
			"to": [-1.5, 8, 21],
			"rotation": {"angle": 0, "axis": "y", "origin": [8, 4, 8]},
			"faces": {
				"north": {"uv": [15, 2, 15.5, 2.5], "texture": "#0"},
				"east": {"uv": [15, 2, 15.5, 2.5], "texture": "#0"},
				"south": {"uv": [13.5, 3.5, 14, 4], "texture": "#0"},
				"west": {"uv": [15, 2, 15.5, 2.5], "texture": "#0"},
				"up": {"uv": [15, 2, 15.5, 2.5], "texture": "#0"},
				"down": {"uv": [15, 2, 15.5, 2.5], "texture": "#0"}
			}
		},
		{
			"from": [17.5, 6, 15],
			"to": [21.5, 8, 21],
			"rotation": {"angle": 0, "axis": "y", "origin": [31, 4, 8]},
			"faces": {
				"north": {"uv": [15, 2, 15.5, 2.5], "texture": "#0"},
				"east": {"uv": [15, 2, 15.5, 2.5], "texture": "#0"},
				"south": {"uv": [13.5, 3.5, 14, 4], "texture": "#0"},
				"west": {"uv": [15, 2, 15.5, 2.5], "texture": "#0"},
				"up": {"uv": [15, 2, 15.5, 2.5], "texture": "#0"},
				"down": {"uv": [15, 2, 15.5, 2.5], "texture": "#0"}
			}
		},
		{
			"from": [-4.5, 8, 15],
			"to": [-0.5, 10, 21],
			"rotation": {"angle": 0, "axis": "y", "origin": [8, 4, 8]},
			"faces": {
				"north": {"uv": [15, 2, 15.5, 2.5], "texture": "#0"},
				"east": {"uv": [15, 2, 15.5, 2.5], "texture": "#0"},
				"south": {"uv": [13.5, 3.5, 14, 4], "texture": "#0"},
				"west": {"uv": [15, 2, 15.5, 2.5], "texture": "#0"},
				"up": {"uv": [15, 2, 15.5, 2.5], "texture": "#0"},
				"down": {"uv": [15, 2, 15.5, 2.5], "texture": "#0"}
			}
		},
		{
			"from": [16.5, 8, 15],
			"to": [20.5, 10, 21],
			"rotation": {"angle": 0, "axis": "y", "origin": [31, 4, 8]},
			"faces": {
				"north": {"uv": [15, 2, 15.5, 2.5], "texture": "#0"},
				"east": {"uv": [15, 2, 15.5, 2.5], "texture": "#0"},
				"south": {"uv": [13.5, 3.5, 14, 4], "texture": "#0"},
				"west": {"uv": [15, 2, 15.5, 2.5], "texture": "#0"},
				"up": {"uv": [15, 2, 15.5, 2.5], "texture": "#0"},
				"down": {"uv": [15, 2, 15.5, 2.5], "texture": "#0"}
			}
		},
		{
			"from": [-6.5, 4, 15],
			"to": [-1.5, 6, 21],
			"rotation": {"angle": 0, "axis": "y", "origin": [8, 4, 8]},
			"faces": {
				"north": {"uv": [15, 2, 15.5, 2.5], "texture": "#0"},
				"east": {"uv": [15, 2, 15.5, 2.5], "texture": "#0"},
				"south": {"uv": [13.5, 3.5, 14, 4], "texture": "#0"},
				"west": {"uv": [15, 2, 15.5, 2.5], "texture": "#0"},
				"up": {"uv": [15, 2, 15.5, 2.5], "texture": "#0"},
				"down": {"uv": [15, 2, 15.5, 2.5], "texture": "#0"}
			}
		},
		{
			"from": [17.5, 4, 15],
			"to": [22.5, 6, 21],
			"rotation": {"angle": 0, "axis": "y", "origin": [31, 4, 8]},
			"faces": {
				"north": {"uv": [15, 2, 15.5, 2.5], "texture": "#0"},
				"east": {"uv": [15, 2, 15.5, 2.5], "texture": "#0"},
				"south": {"uv": [13.5, 3.5, 14, 4], "texture": "#0"},
				"west": {"uv": [15, 2, 15.5, 2.5], "texture": "#0"},
				"up": {"uv": [15, 2, 15.5, 2.5], "texture": "#0"},
				"down": {"uv": [15, 2, 15.5, 2.5], "texture": "#0"}
			}
		},
		{
			"from": [-4.5, 10, 15],
			"to": [0.5, 12, 21],
			"rotation": {"angle": 0, "axis": "y", "origin": [8, 4, 8]},
			"faces": {
				"north": {"uv": [15, 2, 15.5, 2.5], "texture": "#0"},
				"east": {"uv": [15, 2, 15.5, 2.5], "texture": "#0"},
				"south": {"uv": [13.5, 3.5, 14, 4], "texture": "#0"},
				"west": {"uv": [15, 2, 15.5, 2.5], "texture": "#0"},
				"up": {"uv": [15, 2, 15.5, 2.5], "texture": "#0"},
				"down": {"uv": [15, 2, 15.5, 2.5], "texture": "#0"}
			}
		},
		{
			"from": [15.5, 10, 15],
			"to": [20.5, 12, 21],
			"rotation": {"angle": 0, "axis": "y", "origin": [31, 4, 8]},
			"faces": {
				"north": {"uv": [15, 2, 15.5, 2.5], "texture": "#0"},
				"east": {"uv": [15, 2, 15.5, 2.5], "texture": "#0"},
				"south": {"uv": [13.5, 3.5, 14, 4], "texture": "#0"},
				"west": {"uv": [15, 2, 15.5, 2.5], "texture": "#0"},
				"up": {"uv": [15, 2, 15.5, 2.5], "texture": "#0"},
				"down": {"uv": [15, 2, 15.5, 2.5], "texture": "#0"}
			}
		},
		{
			"from": [-3.5, 12, 15],
			"to": [1.5, 13, 21],
			"rotation": {"angle": 0, "axis": "y", "origin": [8, 4, 8]},
			"faces": {
				"north": {"uv": [15, 2, 15.5, 2.5], "texture": "#0"},
				"east": {"uv": [15, 2, 15.5, 2.5], "texture": "#0"},
				"south": {"uv": [13.5, 3.5, 14, 4], "texture": "#0"},
				"west": {"uv": [15, 2, 15.5, 2.5], "texture": "#0"},
				"up": {"uv": [15, 2, 15.5, 2.5], "texture": "#0"},
				"down": {"uv": [15, 2, 15.5, 2.5], "texture": "#0"}
			}
		},
		{
			"from": [14.5, 12, 15],
			"to": [19.5, 13, 21],
			"rotation": {"angle": 0, "axis": "y", "origin": [31, 4, 8]},
			"faces": {
				"north": {"uv": [15, 2, 15.5, 2.5], "texture": "#0"},
				"east": {"uv": [15, 2, 15.5, 2.5], "texture": "#0"},
				"south": {"uv": [13.5, 3.5, 14, 4], "texture": "#0"},
				"west": {"uv": [15, 2, 15.5, 2.5], "texture": "#0"},
				"up": {"uv": [15, 2, 15.5, 2.5], "texture": "#0"},
				"down": {"uv": [15, 2, 15.5, 2.5], "texture": "#0"}
			}
		},
		{
			"from": [-3.5, 13, 15],
			"to": [2.5, 14, 21],
			"rotation": {"angle": 0, "axis": "y", "origin": [8, 4, 8]},
			"faces": {
				"north": {"uv": [15, 2, 15.5, 2.5], "texture": "#0"},
				"east": {"uv": [15, 2, 15.5, 2.5], "texture": "#0"},
				"south": {"uv": [13.5, 3.5, 14, 4], "texture": "#0"},
				"west": {"uv": [15, 2, 15.5, 2.5], "texture": "#0"},
				"up": {"uv": [15, 2, 15.5, 2.5], "texture": "#0"},
				"down": {"uv": [15, 2, 15.5, 2.5], "texture": "#0"}
			}
		},
		{
			"from": [13.5, 13, 15],
			"to": [19.5, 14, 21],
			"rotation": {"angle": 0, "axis": "y", "origin": [31, 4, 8]},
			"faces": {
				"north": {"uv": [15, 2, 15.5, 2.5], "texture": "#0"},
				"east": {"uv": [15, 2, 15.5, 2.5], "texture": "#0"},
				"south": {"uv": [13.5, 3.5, 14, 4], "texture": "#0"},
				"west": {"uv": [15, 2, 15.5, 2.5], "texture": "#0"},
				"up": {"uv": [15, 2, 15.5, 2.5], "texture": "#0"},
				"down": {"uv": [15, 2, 15.5, 2.5], "texture": "#0"}
			}
		},
		{
			"from": [-2.5, 14, 15],
			"to": [3.5, 15, 21],
			"rotation": {"angle": 0, "axis": "y", "origin": [8, 4, 8]},
			"faces": {
				"north": {"uv": [15, 2, 15.5, 2.5], "texture": "#0"},
				"east": {"uv": [15, 2, 15.5, 2.5], "texture": "#0"},
				"south": {"uv": [13.5, 3.5, 14, 4], "texture": "#0"},
				"west": {"uv": [15, 2, 15.5, 2.5], "texture": "#0"},
				"up": {"uv": [15, 2, 15.5, 2.5], "texture": "#0"},
				"down": {"uv": [15, 2, 15.5, 2.5], "texture": "#0"}
			}
		},
		{
			"from": [-0.5, 15, 15],
			"to": [16.5, 16, 21],
			"rotation": {"angle": 0, "axis": "y", "origin": [8, 4, 8]},
			"faces": {
				"north": {"uv": [15, 2, 15.5, 2.5], "texture": "#0"},
				"east": {"uv": [15, 2, 15.5, 2.5], "texture": "#0"},
				"south": {"uv": [13.5, 3.5, 14, 4], "texture": "#0"},
				"west": {"uv": [15, 2, 15.5, 2.5], "texture": "#0"},
				"up": {"uv": [15, 2, 15.5, 2.5], "texture": "#0"},
				"down": {"uv": [15, 2, 15.5, 2.5], "texture": "#0"}
			}
		},
		{
			"from": [0.5, 16, 15],
			"to": [15.5, 19, 21],
			"rotation": {"angle": 0, "axis": "y", "origin": [8, 4, 8]},
			"faces": {
				"north": {"uv": [15, 2, 15.5, 2.5], "texture": "#0"},
				"east": {"uv": [15, 2, 15.5, 2.5], "texture": "#0"},
				"south": {"uv": [13.5, 3.5, 14, 4], "texture": "#0"},
				"west": {"uv": [15, 2, 15.5, 2.5], "texture": "#0"},
				"up": {"uv": [15, 2, 15.5, 2.5], "texture": "#0"},
				"down": {"uv": [15, 2, 15.5, 2.5], "texture": "#0"}
			}
		},
		{
			"from": [2.5, 19, 15],
			"to": [13.5, 20, 21],
			"rotation": {"angle": 0, "axis": "y", "origin": [8, 4, 8]},
			"faces": {
				"north": {"uv": [15, 2, 15.5, 2.5], "texture": "#0"},
				"east": {"uv": [15, 2, 15.5, 2.5], "texture": "#0"},
				"south": {"uv": [13.5, 3.5, 14, 4], "texture": "#0"},
				"west": {"uv": [15, 2, 15.5, 2.5], "texture": "#0"},
				"up": {"uv": [15, 2, 15.5, 2.5], "texture": "#0"},
				"down": {"uv": [15, 2, 15.5, 2.5], "texture": "#0"}
			}
		},
		{
			"from": [-3.5, 17, 15],
			"to": [0.5, 18, 20],
			"rotation": {"angle": 0, "axis": "y", "origin": [8, 4, 8]},
			"faces": {
				"north": {"uv": [15, 2, 15.5, 2.5], "texture": "#0"},
				"east": {"uv": [15, 2, 15.5, 2.5], "texture": "#0"},
				"south": {"uv": [13.5, 3.5, 14, 4], "texture": "#0"},
				"west": {"uv": [15, 2, 15.5, 2.5], "texture": "#0"},
				"up": {"uv": [15, 2, 15.5, 2.5], "texture": "#0"},
				"down": {"uv": [15, 2, 15.5, 2.5], "texture": "#0"}
			}
		},
		{
			"from": [15.5, 17, 15],
			"to": [19.5, 18, 20],
			"rotation": {"angle": 0, "axis": "y", "origin": [39, 4, 8]},
			"faces": {
				"north": {"uv": [15, 2, 15.5, 2.5], "texture": "#0"},
				"east": {"uv": [15, 2, 15.5, 2.5], "texture": "#0"},
				"south": {"uv": [13.5, 3.5, 14, 4], "texture": "#0"},
				"west": {"uv": [15, 2, 15.5, 2.5], "texture": "#0"},
				"up": {"uv": [15, 2, 15.5, 2.5], "texture": "#0"},
				"down": {"uv": [15, 2, 15.5, 2.5], "texture": "#0"}
			}
		},
		{
			"from": [-3.5, 18, 15],
			"to": [-0.5, 19, 20],
			"rotation": {"angle": 0, "axis": "y", "origin": [8, 4, 8]},
			"faces": {
				"north": {"uv": [15, 2, 15.5, 2.5], "texture": "#0"},
				"east": {"uv": [15, 2, 15.5, 2.5], "texture": "#0"},
				"south": {"uv": [13.5, 3.5, 14, 4], "texture": "#0"},
				"west": {"uv": [15, 2, 15.5, 2.5], "texture": "#0"},
				"up": {"uv": [15, 2, 15.5, 2.5], "texture": "#0"},
				"down": {"uv": [15, 2, 15.5, 2.5], "texture": "#0"}
			}
		},
		{
			"from": [16.5, 18, 15],
			"to": [19.5, 19, 20],
			"rotation": {"angle": 0, "axis": "y", "origin": [28, 4, 8]},
			"faces": {
				"north": {"uv": [15, 2, 15.5, 2.5], "texture": "#0"},
				"east": {"uv": [15, 2, 15.5, 2.5], "texture": "#0"},
				"south": {"uv": [13.5, 3.5, 14, 4], "texture": "#0"},
				"west": {"uv": [15, 2, 15.5, 2.5], "texture": "#0"},
				"up": {"uv": [15, 2, 15.5, 2.5], "texture": "#0"},
				"down": {"uv": [15, 2, 15.5, 2.5], "texture": "#0"}
			}
		},
		{
			"from": [-4.5, 20, 15],
			"to": [-1.5, 21, 20],
			"rotation": {"angle": 0, "axis": "y", "origin": [8, 4, 8]},
			"faces": {
				"north": {"uv": [15, 2, 15.5, 2.5], "texture": "#0"},
				"east": {"uv": [15, 2, 15.5, 2.5], "texture": "#0"},
				"south": {"uv": [13.5, 3.5, 14, 4], "texture": "#0"},
				"west": {"uv": [15, 2, 15.5, 2.5], "texture": "#0"},
				"up": {"uv": [15, 2, 15.5, 2.5], "texture": "#0"},
				"down": {"uv": [15, 2, 15.5, 2.5], "texture": "#0"}
			}
		},
		{
			"from": [17.5, 20, 15],
			"to": [20.5, 21, 20],
			"rotation": {"angle": 0, "axis": "y", "origin": [29, 4, 8]},
			"faces": {
				"north": {"uv": [15, 2, 15.5, 2.5], "texture": "#0"},
				"east": {"uv": [15, 2, 15.5, 2.5], "texture": "#0"},
				"south": {"uv": [13.5, 3.5, 14, 4], "texture": "#0"},
				"west": {"uv": [15, 2, 15.5, 2.5], "texture": "#0"},
				"up": {"uv": [15, 2, 15.5, 2.5], "texture": "#0"},
				"down": {"uv": [15, 2, 15.5, 2.5], "texture": "#0"}
			}
		},
		{
			"from": [-12.5, 18, 15],
			"to": [-5.5, 19, 20],
			"rotation": {"angle": 0, "axis": "y", "origin": [8, 4, 8]},
			"faces": {
				"north": {"uv": [15, 2, 15.5, 2.5], "texture": "#0"},
				"east": {"uv": [15, 2, 15.5, 2.5], "texture": "#0"},
				"south": {"uv": [13.5, 3.5, 14, 4], "texture": "#0"},
				"west": {"uv": [15, 2, 15.5, 2.5], "texture": "#0"},
				"up": {"uv": [15, 2, 15.5, 2.5], "texture": "#0"},
				"down": {"uv": [15, 2, 15.5, 2.5], "texture": "#0"}
			}
		},
		{
			"from": [21.5, 18, 15],
			"to": [28.5, 19, 20],
			"rotation": {"angle": 0, "axis": "y", "origin": [42, 4, 8]},
			"faces": {
				"north": {"uv": [15, 2, 15.5, 2.5], "texture": "#0"},
				"east": {"uv": [15, 2, 15.5, 2.5], "texture": "#0"},
				"south": {"uv": [13.5, 3.5, 14, 4], "texture": "#0"},
				"west": {"uv": [15, 2, 15.5, 2.5], "texture": "#0"},
				"up": {"uv": [15, 2, 15.5, 2.5], "texture": "#0"},
				"down": {"uv": [15, 2, 15.5, 2.5], "texture": "#0"}
			}
		},
		{
			"from": [-12.5, 17, 15],
			"to": [-4.5, 18, 20],
			"rotation": {"angle": 0, "axis": "y", "origin": [8, 4, 8]},
			"faces": {
				"north": {"uv": [15, 2, 15.5, 2.5], "texture": "#0"},
				"east": {"uv": [15, 2, 15.5, 2.5], "texture": "#0"},
				"south": {"uv": [13.5, 3.5, 14, 4], "texture": "#0"},
				"west": {"uv": [15, 2, 15.5, 2.5], "texture": "#0"},
				"up": {"uv": [15, 2, 15.5, 2.5], "texture": "#0"},
				"down": {"uv": [15, 2, 15.5, 2.5], "texture": "#0"}
			}
		},
		{
			"from": [20.5, 17, 15],
			"to": [28.5, 18, 20],
			"rotation": {"angle": 0, "axis": "y", "origin": [42, 4, 8]},
			"faces": {
				"north": {"uv": [15, 2, 15.5, 2.5], "texture": "#0"},
				"east": {"uv": [15, 2, 15.5, 2.5], "texture": "#0"},
				"south": {"uv": [13.5, 3.5, 14, 4], "texture": "#0"},
				"west": {"uv": [15, 2, 15.5, 2.5], "texture": "#0"},
				"up": {"uv": [15, 2, 15.5, 2.5], "texture": "#0"},
				"down": {"uv": [15, 2, 15.5, 2.5], "texture": "#0"}
			}
		},
		{
			"from": [-12.5, 16, 15],
			"to": [0.5, 17, 20],
			"rotation": {"angle": 0, "axis": "y", "origin": [8, 4, 8]},
			"faces": {
				"north": {"uv": [15, 2, 15.5, 2.5], "texture": "#0"},
				"east": {"uv": [15, 2, 15.5, 2.5], "texture": "#0"},
				"south": {"uv": [13.5, 3.5, 14, 4], "texture": "#0"},
				"west": {"uv": [15, 2, 15.5, 2.5], "texture": "#0"},
				"up": {"uv": [15, 2, 15.5, 2.5], "texture": "#0"},
				"down": {"uv": [15, 2, 15.5, 2.5], "texture": "#0"}
			}
		},
		{
			"from": [15.5, 16, 15],
			"to": [28.5, 17, 20],
			"rotation": {"angle": 0, "axis": "y", "origin": [39, 4, 8]},
			"faces": {
				"north": {"uv": [15, 2, 15.5, 2.5], "texture": "#0"},
				"east": {"uv": [15, 2, 15.5, 2.5], "texture": "#0"},
				"south": {"uv": [13.5, 3.5, 14, 4], "texture": "#0"},
				"west": {"uv": [15, 2, 15.5, 2.5], "texture": "#0"},
				"up": {"uv": [15, 2, 15.5, 2.5], "texture": "#0"},
				"down": {"uv": [15, 2, 15.5, 2.5], "texture": "#0"}
			}
		},
		{
			"from": [-12.5, 15, 15],
			"to": [-0.5, 16, 20],
			"rotation": {"angle": 0, "axis": "y", "origin": [8, 4, 8]},
			"faces": {
				"north": {"uv": [15, 2, 15.5, 2.5], "texture": "#0"},
				"east": {"uv": [15, 2, 15.5, 2.5], "texture": "#0"},
				"south": {"uv": [13.5, 3.5, 14, 4], "texture": "#0"},
				"west": {"uv": [15, 2, 15.5, 2.5], "texture": "#0"},
				"up": {"uv": [15, 2, 15.5, 2.5], "texture": "#0"},
				"down": {"uv": [15, 2, 15.5, 2.5], "texture": "#0"}
			}
		},
		{
			"from": [16.5, 15, 15],
			"to": [28.5, 16, 20],
			"rotation": {"angle": 0, "axis": "y", "origin": [39, 4, 8]},
			"faces": {
				"north": {"uv": [15, 2, 15.5, 2.5], "texture": "#0"},
				"east": {"uv": [15, 2, 15.5, 2.5], "texture": "#0"},
				"south": {"uv": [13.5, 3.5, 14, 4], "texture": "#0"},
				"west": {"uv": [15, 2, 15.5, 2.5], "texture": "#0"},
				"up": {"uv": [15, 2, 15.5, 2.5], "texture": "#0"},
				"down": {"uv": [15, 2, 15.5, 2.5], "texture": "#0"}
			}
		},
		{
			"from": [-11.5, 14, 15],
			"to": [-2.5, 15, 20],
			"rotation": {"angle": 0, "axis": "y", "origin": [8, 4, 8]},
			"faces": {
				"north": {"uv": [15, 2, 15.5, 2.5], "texture": "#0"},
				"east": {"uv": [15, 2, 15.5, 2.5], "texture": "#0"},
				"south": {"uv": [13.5, 3.5, 14, 4], "texture": "#0"},
				"west": {"uv": [15, 2, 15.5, 2.5], "texture": "#0"},
				"up": {"uv": [15, 2, 15.5, 2.5], "texture": "#0"},
				"down": {"uv": [15, 2, 15.5, 2.5], "texture": "#0"}
			}
		},
		{
			"from": [18.5, 14, 15],
			"to": [27.5, 15, 20],
			"rotation": {"angle": 0, "axis": "y", "origin": [39, 4, 8]},
			"faces": {
				"north": {"uv": [15, 2, 15.5, 2.5], "texture": "#0"},
				"east": {"uv": [15, 2, 15.5, 2.5], "texture": "#0"},
				"south": {"uv": [13.5, 3.5, 14, 4], "texture": "#0"},
				"west": {"uv": [15, 2, 15.5, 2.5], "texture": "#0"},
				"up": {"uv": [15, 2, 15.5, 2.5], "texture": "#0"},
				"down": {"uv": [15, 2, 15.5, 2.5], "texture": "#0"}
			}
		},
		{
			"from": [-9.5, 13, 15],
			"to": [-3.5, 14, 20],
			"rotation": {"angle": 0, "axis": "y", "origin": [8, 4, 8]},
			"faces": {
				"north": {"uv": [15, 2, 15.5, 2.5], "texture": "#0"},
				"east": {"uv": [15, 2, 15.5, 2.5], "texture": "#0"},
				"south": {"uv": [13.5, 3.5, 14, 4], "texture": "#0"},
				"west": {"uv": [15, 2, 15.5, 2.5], "texture": "#0"},
				"up": {"uv": [15, 2, 15.5, 2.5], "texture": "#0"},
				"down": {"uv": [15, 2, 15.5, 2.5], "texture": "#0"}
			}
		},
		{
			"from": [19.5, 13, 15],
			"to": [25.5, 14, 20],
			"rotation": {"angle": 0, "axis": "y", "origin": [39, 4, 8]},
			"faces": {
				"north": {"uv": [15, 2, 15.5, 2.5], "texture": "#0"},
				"east": {"uv": [15, 2, 15.5, 2.5], "texture": "#0"},
				"south": {"uv": [13.5, 3.5, 14, 4], "texture": "#0"},
				"west": {"uv": [15, 2, 15.5, 2.5], "texture": "#0"},
				"up": {"uv": [15, 2, 15.5, 2.5], "texture": "#0"},
				"down": {"uv": [15, 2, 15.5, 2.5], "texture": "#0"}
			}
		},
		{
			"from": [-10.5, 12, 15],
			"to": [-3.5, 13, 20],
			"rotation": {"angle": 0, "axis": "y", "origin": [8, 4, 8]},
			"faces": {
				"north": {"uv": [15, 2, 15.5, 2.5], "texture": "#0"},
				"east": {"uv": [15, 2, 15.5, 2.5], "texture": "#0"},
				"south": {"uv": [13.5, 3.5, 14, 4], "texture": "#0"},
				"west": {"uv": [15, 2, 15.5, 2.5], "texture": "#0"},
				"up": {"uv": [15, 2, 15.5, 2.5], "texture": "#0"},
				"down": {"uv": [15, 2, 15.5, 2.5], "texture": "#0"}
			}
		},
		{
			"from": [19.5, 12, 15],
			"to": [26.5, 13, 20],
			"rotation": {"angle": 0, "axis": "y", "origin": [39, 4, 8]},
			"faces": {
				"north": {"uv": [15, 2, 15.5, 2.5], "texture": "#0"},
				"east": {"uv": [15, 2, 15.5, 2.5], "texture": "#0"},
				"south": {"uv": [13.5, 3.5, 14, 4], "texture": "#0"},
				"west": {"uv": [15, 2, 15.5, 2.5], "texture": "#0"},
				"up": {"uv": [15, 2, 15.5, 2.5], "texture": "#0"},
				"down": {"uv": [15, 2, 15.5, 2.5], "texture": "#0"}
			}
		},
		{
			"from": [-10.5, 11, 15],
			"to": [-6.5, 12, 20],
			"rotation": {"angle": 0, "axis": "y", "origin": [8, 4, 8]},
			"faces": {
				"north": {"uv": [15, 2, 15.5, 2.5], "texture": "#0"},
				"east": {"uv": [15, 2, 15.5, 2.5], "texture": "#0"},
				"south": {"uv": [13.5, 3.5, 14, 4], "texture": "#0"},
				"west": {"uv": [15, 2, 15.5, 2.5], "texture": "#0"},
				"up": {"uv": [15, 2, 15.5, 2.5], "texture": "#0"},
				"down": {"uv": [15, 2, 15.5, 2.5], "texture": "#0"}
			}
		},
		{
			"from": [22.5, 11, 15],
			"to": [26.5, 12, 20],
			"rotation": {"angle": 0, "axis": "y", "origin": [39, 4, 8]},
			"faces": {
				"north": {"uv": [15, 2, 15.5, 2.5], "texture": "#0"},
				"east": {"uv": [15, 2, 15.5, 2.5], "texture": "#0"},
				"south": {"uv": [13.5, 3.5, 14, 4], "texture": "#0"},
				"west": {"uv": [15, 2, 15.5, 2.5], "texture": "#0"},
				"up": {"uv": [15, 2, 15.5, 2.5], "texture": "#0"},
				"down": {"uv": [15, 2, 15.5, 2.5], "texture": "#0"}
			}
		},
		{
			"from": [-8.5, 10, 15],
			"to": [-6.5, 11, 20],
			"rotation": {"angle": 0, "axis": "y", "origin": [8, 4, 8]},
			"faces": {
				"north": {"uv": [15, 2, 15.5, 2.5], "texture": "#0"},
				"east": {"uv": [15, 2, 15.5, 2.5], "texture": "#0"},
				"south": {"uv": [13.5, 3.5, 14, 4], "texture": "#0"},
				"west": {"uv": [15, 2, 15.5, 2.5], "texture": "#0"},
				"up": {"uv": [15, 2, 15.5, 2.5], "texture": "#0"},
				"down": {"uv": [15, 2, 15.5, 2.5], "texture": "#0"}
			}
		},
		{
			"from": [22.5, 10, 15],
			"to": [24.5, 11, 20],
			"rotation": {"angle": 0, "axis": "y", "origin": [39, 4, 8]},
			"faces": {
				"north": {"uv": [15, 2, 15.5, 2.5], "texture": "#0"},
				"east": {"uv": [15, 2, 15.5, 2.5], "texture": "#0"},
				"south": {"uv": [13.5, 3.5, 14, 4], "texture": "#0"},
				"west": {"uv": [15, 2, 15.5, 2.5], "texture": "#0"},
				"up": {"uv": [15, 2, 15.5, 2.5], "texture": "#0"},
				"down": {"uv": [15, 2, 15.5, 2.5], "texture": "#0"}
			}
		},
		{
			"from": [-4.5, 19, 15],
			"to": [-0.5, 20, 20],
			"rotation": {"angle": 0, "axis": "y", "origin": [8, 4, 8]},
			"faces": {
				"north": {"uv": [15, 2, 15.5, 2.5], "texture": "#0"},
				"east": {"uv": [15, 2, 15.5, 2.5], "texture": "#0"},
				"south": {"uv": [13.5, 3.5, 14, 4], "texture": "#0"},
				"west": {"uv": [15, 2, 15.5, 2.5], "texture": "#0"},
				"up": {"uv": [15, 2, 15.5, 2.5], "texture": "#0"},
				"down": {"uv": [15, 2, 15.5, 2.5], "texture": "#0"}
			}
		},
		{
			"from": [16.5, 19, 15],
			"to": [20.5, 20, 20],
			"rotation": {"angle": 0, "axis": "y", "origin": [29, 4, 8]},
			"faces": {
				"north": {"uv": [15, 2, 15.5, 2.5], "texture": "#0"},
				"east": {"uv": [15, 2, 15.5, 2.5], "texture": "#0"},
				"south": {"uv": [13.5, 3.5, 14, 4], "texture": "#0"},
				"west": {"uv": [15, 2, 15.5, 2.5], "texture": "#0"},
				"up": {"uv": [15, 2, 15.5, 2.5], "texture": "#0"},
				"down": {"uv": [15, 2, 15.5, 2.5], "texture": "#0"}
			}
		},
		{
			"from": [12.5, 14, 15],
			"to": [18.5, 15, 21],
			"rotation": {"angle": 0, "axis": "y", "origin": [31, 4, 8]},
			"faces": {
				"north": {"uv": [15, 2, 15.5, 2.5], "texture": "#0"},
				"east": {"uv": [15, 2, 15.5, 2.5], "texture": "#0"},
				"south": {"uv": [13.5, 3.5, 14, 4], "texture": "#0"},
				"west": {"uv": [15, 2, 15.5, 2.5], "texture": "#0"},
				"up": {"uv": [15, 2, 15.5, 2.5], "texture": "#0"},
				"down": {"uv": [15, 2, 15.5, 2.5], "texture": "#0"}
			}
		},
		{
			"from": [-6.5, 12, 20],
			"to": [-4.5, 13, 21],
			"rotation": {"angle": 0, "axis": "y", "origin": [8, 4, 8]},
			"faces": {
				"north": {"uv": [13.5, 2, 14, 2.5], "texture": "#0"},
				"east": {"uv": [13.5, 2, 14, 2.5], "texture": "#0"},
				"south": {"uv": [13.5, 2, 14, 2.5], "texture": "#0"},
				"west": {"uv": [13.5, 2, 14, 2.5], "texture": "#0"},
				"up": {"uv": [13.5, 2, 14, 2.5], "texture": "#0"},
				"down": {"uv": [13.5, 2, 14, 2.5], "texture": "#0"}
			}
		},
		{
			"from": [-6.5, 13, 21],
			"to": [-4.5, 14, 22],
			"rotation": {"angle": 0, "axis": "y", "origin": [8, 4, 8]},
			"faces": {
				"north": {"uv": [13.5, 0.5, 14, 1], "texture": "#0"},
				"east": {"uv": [13.5, 0.5, 14, 1], "texture": "#0"},
				"south": {"uv": [13.5, 0.5, 14, 1], "texture": "#0"},
				"west": {"uv": [13.5, 0.5, 14, 1], "texture": "#0"},
				"up": {"uv": [13.5, 0.5, 14, 1], "texture": "#0"},
				"down": {"uv": [13.5, 0.5, 14, 1], "texture": "#0"}
			}
		},
		{
			"from": [20.5, 13, 21],
			"to": [22.5, 14, 22],
			"rotation": {"angle": 0, "axis": "y", "origin": [34, 4, 8]},
			"faces": {
				"north": {"uv": [13.5, 0.5, 14, 1], "texture": "#0"},
				"east": {"uv": [13.5, 0.5, 14, 1], "texture": "#0"},
				"south": {"uv": [13.5, 0.5, 14, 1], "texture": "#0"},
				"west": {"uv": [13.5, 0.5, 14, 1], "texture": "#0"},
				"up": {"uv": [13.5, 0.5, 14, 1], "texture": "#0"},
				"down": {"uv": [13.5, 0.5, 14, 1], "texture": "#0"}
			}
		},
		{
			"from": [-3.5, 15, 21],
			"to": [-2.5, 16, 22],
			"rotation": {"angle": 0, "axis": "y", "origin": [8, 4, 8]},
			"faces": {
				"north": {"uv": [13.5, 0.5, 14, 1], "texture": "#0"},
				"east": {"uv": [13.5, 0.5, 14, 1], "texture": "#0"},
				"south": {"uv": [13.5, 0.5, 14, 1], "texture": "#0"},
				"west": {"uv": [13.5, 0.5, 14, 1], "texture": "#0"},
				"up": {"uv": [13.5, 0.5, 14, 1], "texture": "#0"},
				"down": {"uv": [13.5, 0.5, 14, 1], "texture": "#0"}
			}
		},
		{
			"from": [18.5, 15, 21],
			"to": [19.5, 16, 22],
			"rotation": {"angle": 0, "axis": "y", "origin": [30, 4, 8]},
			"faces": {
				"north": {"uv": [13.5, 0.5, 14, 1], "texture": "#0"},
				"east": {"uv": [13.5, 0.5, 14, 1], "texture": "#0"},
				"south": {"uv": [13.5, 0.5, 14, 1], "texture": "#0"},
				"west": {"uv": [13.5, 0.5, 14, 1], "texture": "#0"},
				"up": {"uv": [13.5, 0.5, 14, 1], "texture": "#0"},
				"down": {"uv": [13.5, 0.5, 14, 1], "texture": "#0"}
			}
		},
		{
			"from": [-2.5, 16, 21],
			"to": [-0.5, 18, 22],
			"rotation": {"angle": 0, "axis": "y", "origin": [8, 4, 8]},
			"faces": {
				"north": {"uv": [13.5, 0.5, 14, 1], "texture": "#0"},
				"east": {"uv": [13.5, 0.5, 14, 1], "texture": "#0"},
				"south": {"uv": [13.5, 0.5, 14, 1], "texture": "#0"},
				"west": {"uv": [13.5, 0.5, 14, 1], "texture": "#0"},
				"up": {"uv": [13.5, 0.5, 14, 1], "texture": "#0"},
				"down": {"uv": [13.5, 0.5, 14, 1], "texture": "#0"}
			}
		},
		{
			"from": [16.5, 16, 21],
			"to": [18.5, 18, 22],
			"rotation": {"angle": 0, "axis": "y", "origin": [27, 4, 8]},
			"faces": {
				"north": {"uv": [13.5, 0.5, 14, 1], "texture": "#0"},
				"east": {"uv": [13.5, 0.5, 14, 1], "texture": "#0"},
				"south": {"uv": [13.5, 0.5, 14, 1], "texture": "#0"},
				"west": {"uv": [13.5, 0.5, 14, 1], "texture": "#0"},
				"up": {"uv": [13.5, 0.5, 14, 1], "texture": "#0"},
				"down": {"uv": [13.5, 0.5, 14, 1], "texture": "#0"}
			}
		},
		{
			"from": [-6.5, 14, 21],
			"to": [-3.5, 15, 22],
			"rotation": {"angle": 0, "axis": "y", "origin": [8, 4, 8]},
			"faces": {
				"north": {"uv": [13.5, 0.5, 14, 1], "texture": "#0"},
				"east": {"uv": [13.5, 0.5, 14, 1], "texture": "#0"},
				"south": {"uv": [13.5, 0.5, 14, 1], "texture": "#0"},
				"west": {"uv": [13.5, 0.5, 14, 1], "texture": "#0"},
				"up": {"uv": [13.5, 0.5, 14, 1], "texture": "#0"},
				"down": {"uv": [13.5, 0.5, 14, 1], "texture": "#0"}
			}
		},
		{
			"from": [19.5, 14, 21],
			"to": [22.5, 15, 22],
			"rotation": {"angle": 0, "axis": "y", "origin": [34, 4, 8]},
			"faces": {
				"north": {"uv": [13.5, 0.5, 14, 1], "texture": "#0"},
				"east": {"uv": [13.5, 0.5, 14, 1], "texture": "#0"},
				"south": {"uv": [13.5, 0.5, 14, 1], "texture": "#0"},
				"west": {"uv": [13.5, 0.5, 14, 1], "texture": "#0"},
				"up": {"uv": [13.5, 0.5, 14, 1], "texture": "#0"},
				"down": {"uv": [13.5, 0.5, 14, 1], "texture": "#0"}
			}
		},
		{
			"from": [20.5, 12, 20],
			"to": [22.5, 13, 21],
			"rotation": {"angle": 0, "axis": "y", "origin": [35, 4, 8]},
			"faces": {
				"north": {"uv": [13.5, 2, 14, 2.5], "texture": "#0"},
				"east": {"uv": [13.5, 2, 14, 2.5], "texture": "#0"},
				"south": {"uv": [13.5, 2, 14, 2.5], "texture": "#0"},
				"west": {"uv": [13.5, 2, 14, 2.5], "texture": "#0"},
				"up": {"uv": [13.5, 2, 14, 2.5], "texture": "#0"},
				"down": {"uv": [13.5, 2, 14, 2.5], "texture": "#0"}
			}
		},
		{
			"from": [-2.5, 18, 20],
			"to": [-0.5, 19, 21],
			"rotation": {"angle": 0, "axis": "y", "origin": [12, 8, 8]},
			"faces": {
				"north": {"uv": [13.5, 2, 14, 2.5], "texture": "#0"},
				"east": {"uv": [13.5, 2, 14, 2.5], "texture": "#0"},
				"south": {"uv": [13.5, 2, 14, 2.5], "texture": "#0"},
				"west": {"uv": [13.5, 2, 14, 2.5], "texture": "#0"},
				"up": {"uv": [13.5, 2, 14, 2.5], "texture": "#0"},
				"down": {"uv": [13.5, 2, 14, 2.5], "texture": "#0"}
			}
		},
		{
			"from": [16.5, 18, 20],
			"to": [18.5, 19, 21],
			"rotation": {"angle": 0, "axis": "y", "origin": [31, 8, 8]},
			"faces": {
				"north": {"uv": [13.5, 2, 14, 2.5], "texture": "#0"},
				"east": {"uv": [13.5, 2, 14, 2.5], "texture": "#0"},
				"south": {"uv": [13.5, 2, 14, 2.5], "texture": "#0"},
				"west": {"uv": [13.5, 2, 14, 2.5], "texture": "#0"},
				"up": {"uv": [13.5, 2, 14, 2.5], "texture": "#0"},
				"down": {"uv": [13.5, 2, 14, 2.5], "texture": "#0"}
			}
		},
		{
			"from": [-7.5, 13, 20],
			"to": [-3.5, 14, 21],
			"rotation": {"angle": 0, "axis": "y", "origin": [8, 4, 8]},
			"faces": {
				"north": {"uv": [13.5, 2, 14, 2.5], "texture": "#0"},
				"east": {"uv": [13.5, 2, 14, 2.5], "texture": "#0"},
				"south": {"uv": [13.5, 2, 14, 2.5], "texture": "#0"},
				"west": {"uv": [13.5, 2, 14, 2.5], "texture": "#0"},
				"up": {"uv": [13.5, 2, 14, 2.5], "texture": "#0"},
				"down": {"uv": [13.5, 2, 14, 2.5], "texture": "#0"}
			}
		},
		{
			"from": [19.5, 13, 20],
			"to": [23.5, 14, 21],
			"rotation": {"angle": 0, "axis": "y", "origin": [35, 4, 8]},
			"faces": {
				"north": {"uv": [13.5, 2, 14, 2.5], "texture": "#0"},
				"east": {"uv": [13.5, 2, 14, 2.5], "texture": "#0"},
				"south": {"uv": [13.5, 2, 14, 2.5], "texture": "#0"},
				"west": {"uv": [13.5, 2, 14, 2.5], "texture": "#0"},
				"up": {"uv": [13.5, 2, 14, 2.5], "texture": "#0"},
				"down": {"uv": [13.5, 2, 14, 2.5], "texture": "#0"}
			}
		},
		{
			"from": [-3.5, 17, 20],
			"to": [0.5, 18, 21],
			"rotation": {"angle": 0, "axis": "y", "origin": [12, 8, 8]},
			"faces": {
				"north": {"uv": [13.5, 2, 14, 2.5], "texture": "#0"},
				"east": {"uv": [13.5, 2, 14, 2.5], "texture": "#0"},
				"south": {"uv": [13.5, 2, 14, 2.5], "texture": "#0"},
				"west": {"uv": [13.5, 2, 14, 2.5], "texture": "#0"},
				"up": {"uv": [13.5, 2, 14, 2.5], "texture": "#0"},
				"down": {"uv": [13.5, 2, 14, 2.5], "texture": "#0"}
			}
		},
		{
			"from": [15.5, 17, 20],
			"to": [19.5, 18, 21],
			"rotation": {"angle": 0, "axis": "y", "origin": [31, 8, 8]},
			"faces": {
				"north": {"uv": [13.5, 2, 14, 2.5], "texture": "#0"},
				"east": {"uv": [13.5, 2, 14, 2.5], "texture": "#0"},
				"south": {"uv": [13.5, 2, 14, 2.5], "texture": "#0"},
				"west": {"uv": [13.5, 2, 14, 2.5], "texture": "#0"},
				"up": {"uv": [13.5, 2, 14, 2.5], "texture": "#0"},
				"down": {"uv": [13.5, 2, 14, 2.5], "texture": "#0"}
			}
		},
		{
			"from": [-3.5, 16, 20],
			"to": [0.5, 17, 21],
			"rotation": {"angle": 0, "axis": "y", "origin": [12, 8, 8]},
			"faces": {
				"north": {"uv": [13.5, 2, 14, 2.5], "texture": "#0"},
				"east": {"uv": [13.5, 2, 14, 2.5], "texture": "#0"},
				"south": {"uv": [13.5, 2, 14, 2.5], "texture": "#0"},
				"west": {"uv": [13.5, 2, 14, 2.5], "texture": "#0"},
				"up": {"uv": [13.5, 2, 14, 2.5], "texture": "#0"},
				"down": {"uv": [13.5, 2, 14, 2.5], "texture": "#0"}
			}
		},
		{
			"from": [15.5, 16, 20],
			"to": [19.5, 17, 21],
			"rotation": {"angle": 0, "axis": "y", "origin": [31, 8, 8]},
			"faces": {
				"north": {"uv": [13.5, 2, 14, 2.5], "texture": "#0"},
				"east": {"uv": [13.5, 2, 14, 2.5], "texture": "#0"},
				"south": {"uv": [13.5, 2, 14, 2.5], "texture": "#0"},
				"west": {"uv": [13.5, 2, 14, 2.5], "texture": "#0"},
				"up": {"uv": [13.5, 2, 14, 2.5], "texture": "#0"},
				"down": {"uv": [13.5, 2, 14, 2.5], "texture": "#0"}
			}
		},
		{
			"from": [-7.5, 14, 20],
			"to": [-2.5, 15, 21],
			"rotation": {"angle": 0, "axis": "y", "origin": [8, 4, 8]},
			"faces": {
				"north": {"uv": [13.5, 2, 14, 2.5], "texture": "#0"},
				"east": {"uv": [13.5, 2, 14, 2.5], "texture": "#0"},
				"south": {"uv": [13.5, 2, 14, 2.5], "texture": "#0"},
				"west": {"uv": [13.5, 2, 14, 2.5], "texture": "#0"},
				"up": {"uv": [13.5, 2, 14, 2.5], "texture": "#0"},
				"down": {"uv": [13.5, 2, 14, 2.5], "texture": "#0"}
			}
		},
		{
			"from": [18.5, 14, 20],
			"to": [23.5, 15, 21],
			"rotation": {"angle": 0, "axis": "y", "origin": [34, 4, 8]},
			"faces": {
				"north": {"uv": [13.5, 2, 14, 2.5], "texture": "#0"},
				"east": {"uv": [13.5, 2, 14, 2.5], "texture": "#0"},
				"south": {"uv": [13.5, 2, 14, 2.5], "texture": "#0"},
				"west": {"uv": [13.5, 2, 14, 2.5], "texture": "#0"},
				"up": {"uv": [13.5, 2, 14, 2.5], "texture": "#0"},
				"down": {"uv": [13.5, 2, 14, 2.5], "texture": "#0"}
			}
		},
		{
			"from": [-6.5, 15, 20],
			"to": [-0.5, 16, 21],
			"rotation": {"angle": 0, "axis": "y", "origin": [8, 4, 8]},
			"faces": {
				"north": {"uv": [13.5, 2, 14, 2.5], "texture": "#0"},
				"east": {"uv": [13.5, 2, 14, 2.5], "texture": "#0"},
				"south": {"uv": [13.5, 2, 14, 2.5], "texture": "#0"},
				"west": {"uv": [13.5, 2, 14, 2.5], "texture": "#0"},
				"up": {"uv": [13.5, 2, 14, 2.5], "texture": "#0"},
				"down": {"uv": [13.5, 2, 14, 2.5], "texture": "#0"}
			}
		},
		{
			"from": [16.5, 15, 20],
			"to": [22.5, 16, 21],
			"rotation": {"angle": 0, "axis": "y", "origin": [31, 4, 8]},
			"faces": {
				"north": {"uv": [13.5, 2, 14, 2.5], "texture": "#0"},
				"east": {"uv": [13.5, 2, 14, 2.5], "texture": "#0"},
				"south": {"uv": [13.5, 2, 14, 2.5], "texture": "#0"},
				"west": {"uv": [13.5, 2, 14, 2.5], "texture": "#0"},
				"up": {"uv": [13.5, 2, 14, 2.5], "texture": "#0"},
				"down": {"uv": [13.5, 2, 14, 2.5], "texture": "#0"}
			}
		},
		{
			"from": [3.5, 3, 20],
			"to": [5.5, 4, 21],
			"rotation": {"angle": 0, "axis": "y", "origin": [8, 5, 8]},
			"faces": {
				"north": {"uv": [15, 5, 15.5, 5.5], "texture": "#0"},
				"east": {"uv": [15, 5, 15.5, 5.5], "texture": "#0"},
				"south": {"uv": [15, 5, 15.5, 5.5], "texture": "#0"},
				"west": {"uv": [15, 5, 15.5, 5.5], "texture": "#0"},
				"up": {"uv": [15, 5, 15.5, 5.5], "texture": "#0"},
				"down": {"uv": [15, 5, 15.5, 5.5], "texture": "#0"}
			}
		},
		{
			"from": [10.5, 3, 20],
			"to": [12.5, 4, 21],
			"rotation": {"angle": 0, "axis": "y", "origin": [15, 5, 8]},
			"faces": {
				"north": {"uv": [15, 5, 15.5, 5.5], "texture": "#0"},
				"east": {"uv": [15, 5, 15.5, 5.5], "texture": "#0"},
				"south": {"uv": [15, 5, 15.5, 5.5], "texture": "#0"},
				"west": {"uv": [15, 5, 15.5, 5.5], "texture": "#0"},
				"up": {"uv": [15, 5, 15.5, 5.5], "texture": "#0"},
				"down": {"uv": [15, 5, 15.5, 5.5], "texture": "#0"}
			}
		},
		{
			"from": [0.5, 8, 20],
			"to": [2.5, 9, 21],
			"rotation": {"angle": 0, "axis": "y", "origin": [5, 10, 8]},
			"faces": {
				"north": {"uv": [15, 5, 15.5, 5.5], "texture": "#0"},
				"east": {"uv": [15, 5, 15.5, 5.5], "texture": "#0"},
				"south": {"uv": [15, 5, 15.5, 5.5], "texture": "#0"},
				"west": {"uv": [15, 5, 15.5, 5.5], "texture": "#0"},
				"up": {"uv": [15, 5, 15.5, 5.5], "texture": "#0"},
				"down": {"uv": [15, 5, 15.5, 5.5], "texture": "#0"}
			}
		},
		{
			"from": [13.5, 8, 20],
			"to": [15.5, 9, 21],
			"rotation": {"angle": 0, "axis": "y", "origin": [18, 10, 8]},
			"faces": {
				"north": {"uv": [15, 5, 15.5, 5.5], "texture": "#0"},
				"east": {"uv": [15, 5, 15.5, 5.5], "texture": "#0"},
				"south": {"uv": [15, 5, 15.5, 5.5], "texture": "#0"},
				"west": {"uv": [15, 5, 15.5, 5.5], "texture": "#0"},
				"up": {"uv": [15, 5, 15.5, 5.5], "texture": "#0"},
				"down": {"uv": [15, 5, 15.5, 5.5], "texture": "#0"}
			}
		},
		{
			"from": [3.5, 9, 20],
			"to": [6.5, 10, 21],
			"rotation": {"angle": 0, "axis": "y", "origin": [5, 10, 8]},
			"faces": {
				"north": {"uv": [15, 5, 15.5, 5.5], "texture": "#0"},
				"east": {"uv": [15, 5, 15.5, 5.5], "texture": "#0"},
				"south": {"uv": [15, 5, 15.5, 5.5], "texture": "#0"},
				"west": {"uv": [15, 5, 15.5, 5.5], "texture": "#0"},
				"up": {"uv": [15, 5, 15.5, 5.5], "texture": "#0"},
				"down": {"uv": [15, 5, 15.5, 5.5], "texture": "#0"}
			}
		},
		{
			"from": [9.5, 9, 20],
			"to": [12.5, 10, 21],
			"rotation": {"angle": 0, "axis": "y", "origin": [11, 10, 8]},
			"faces": {
				"north": {"uv": [15, 5, 15.5, 5.5], "texture": "#0"},
				"east": {"uv": [15, 5, 15.5, 5.5], "texture": "#0"},
				"south": {"uv": [15, 5, 15.5, 5.5], "texture": "#0"},
				"west": {"uv": [15, 5, 15.5, 5.5], "texture": "#0"},
				"up": {"uv": [15, 5, 15.5, 5.5], "texture": "#0"},
				"down": {"uv": [15, 5, 15.5, 5.5], "texture": "#0"}
			}
		},
		{
			"from": [2.5, 11, 20],
			"to": [5.5, 12, 21],
			"rotation": {"angle": 0, "axis": "y", "origin": [5, 10, 8]},
			"faces": {
				"north": {"uv": [15, 5, 15.5, 5.5], "texture": "#0"},
				"east": {"uv": [15, 5, 15.5, 5.5], "texture": "#0"},
				"south": {"uv": [15, 5, 15.5, 5.5], "texture": "#0"},
				"west": {"uv": [15, 5, 15.5, 5.5], "texture": "#0"},
				"up": {"uv": [15, 5, 15.5, 5.5], "texture": "#0"},
				"down": {"uv": [15, 5, 15.5, 5.5], "texture": "#0"}
			}
		},
		{
			"from": [10.5, 11, 20],
			"to": [13.5, 12, 21],
			"rotation": {"angle": 0, "axis": "y", "origin": [13, 10, 8]},
			"faces": {
				"north": {"uv": [15, 5, 15.5, 5.5], "texture": "#0"},
				"east": {"uv": [15, 5, 15.5, 5.5], "texture": "#0"},
				"south": {"uv": [15, 5, 15.5, 5.5], "texture": "#0"},
				"west": {"uv": [15, 5, 15.5, 5.5], "texture": "#0"},
				"up": {"uv": [15, 5, 15.5, 5.5], "texture": "#0"},
				"down": {"uv": [15, 5, 15.5, 5.5], "texture": "#0"}
			}
		},
		{
			"from": [6.5, 11, 20],
			"to": [9.5, 14, 21],
			"rotation": {"angle": 0, "axis": "y", "origin": [5, 9, 8]},
			"faces": {
				"north": {"uv": [15, 5, 15.5, 5.5], "texture": "#0"},
				"east": {"uv": [15, 5, 15.5, 5.5], "texture": "#0"},
				"south": {"uv": [3, 0.5, 4.5, 2], "texture": "#0"},
				"west": {"uv": [15, 5, 15.5, 5.5], "texture": "#0"},
				"up": {"uv": [15, 5, 15.5, 5.5], "texture": "#0"},
				"down": {"uv": [15, 5, 15.5, 5.5], "texture": "#0"}
			}
		},
		{
			"from": [7.5, 10, 20],
			"to": [8.5, 11, 21],
			"rotation": {"angle": 0, "axis": "y", "origin": [5, 9, 8]},
			"faces": {
				"north": {"uv": [15, 5, 15.5, 5.5], "texture": "#0"},
				"east": {"uv": [15, 5, 15.5, 5.5], "texture": "#0"},
				"south": {"uv": [15, 5, 15.5, 5.5], "texture": "#0"},
				"west": {"uv": [15, 5, 15.5, 5.5], "texture": "#0"},
				"up": {"uv": [15, 5, 15.5, 5.5], "texture": "#0"},
				"down": {"uv": [15, 5, 15.5, 5.5], "texture": "#0"}
			}
		},
		{
			"from": [7.5, 14, 20],
			"to": [8.5, 15, 21],
			"rotation": {"angle": 0, "axis": "y", "origin": [5, 9, 8]},
			"faces": {
				"north": {"uv": [15, 5, 15.5, 5.5], "texture": "#0"},
				"east": {"uv": [15, 5, 15.5, 5.5], "texture": "#0"},
				"south": {"uv": [15, 5, 15.5, 5.5], "texture": "#0"},
				"west": {"uv": [15, 5, 15.5, 5.5], "texture": "#0"},
				"up": {"uv": [15, 5, 15.5, 5.5], "texture": "#0"},
				"down": {"uv": [15, 5, 15.5, 5.5], "texture": "#0"}
			}
		},
		{
			"from": [2.5, 10, 20],
			"to": [6.5, 11, 21],
			"rotation": {"angle": 0, "axis": "y", "origin": [5, 10, 8]},
			"faces": {
				"north": {"uv": [15, 5, 15.5, 5.5], "texture": "#0"},
				"east": {"uv": [15, 5, 15.5, 5.5], "texture": "#0"},
				"south": {"uv": [1, 2, 3, 2.5], "texture": "#0"},
				"west": {"uv": [15, 5, 15.5, 5.5], "texture": "#0"},
				"up": {"uv": [15, 5, 15.5, 5.5], "texture": "#0"},
				"down": {"uv": [15, 5, 15.5, 5.5], "texture": "#0"}
			}
		},
		{
			"from": [9.5, 10, 20],
			"to": [13.5, 11, 21],
			"rotation": {"angle": 0, "axis": "y", "origin": [12, 10, 8]},
			"faces": {
				"north": {"uv": [15, 5, 15.5, 5.5], "texture": "#0"},
				"east": {"uv": [15, 5, 15.5, 5.5], "texture": "#0"},
				"south": {"uv": [4.5, 2, 6.5, 2.5], "texture": "#0"},
				"west": {"uv": [15, 5, 15.5, 5.5], "texture": "#0"},
				"up": {"uv": [15, 5, 15.5, 5.5], "texture": "#0"},
				"down": {"uv": [15, 5, 15.5, 5.5], "texture": "#0"}
			}
		},
		{
			"from": [4.5, 4, 20],
			"to": [5.5, 6, 21],
			"rotation": {"angle": 0, "axis": "y", "origin": [8, 5, 8]},
			"faces": {
				"north": {"uv": [15, 5, 15.5, 5.5], "texture": "#0"},
				"east": {"uv": [15, 5, 15.5, 5.5], "texture": "#0"},
				"south": {"uv": [15, 5, 15.5, 5.5], "texture": "#0"},
				"west": {"uv": [15, 5, 15.5, 5.5], "texture": "#0"},
				"up": {"uv": [15, 5, 15.5, 5.5], "texture": "#0"},
				"down": {"uv": [15, 5, 15.5, 5.5], "texture": "#0"}
			}
		},
		{
			"from": [10.5, 4, 20],
			"to": [11.5, 6, 21],
			"rotation": {"angle": 0, "axis": "y", "origin": [14, 5, 8]},
			"faces": {
				"north": {"uv": [15, 5, 15.5, 5.5], "texture": "#0"},
				"east": {"uv": [15, 5, 15.5, 5.5], "texture": "#0"},
				"south": {"uv": [15, 5, 15.5, 5.5], "texture": "#0"},
				"west": {"uv": [15, 5, 15.5, 5.5], "texture": "#0"},
				"up": {"uv": [15, 5, 15.5, 5.5], "texture": "#0"},
				"down": {"uv": [15, 5, 15.5, 5.5], "texture": "#0"}
			}
		},
		{
			"from": [0.5, 5, 20],
			"to": [1.5, 8, 21],
			"rotation": {"angle": 0, "axis": "y", "origin": [5, 10, 8]},
			"faces": {
				"north": {"uv": [15, 5, 15.5, 5.5], "texture": "#0"},
				"east": {"uv": [15, 5, 15.5, 5.5], "texture": "#0"},
				"south": {"uv": [15, 5, 15.5, 5.5], "texture": "#0"},
				"west": {"uv": [15, 5, 15.5, 5.5], "texture": "#0"},
				"up": {"uv": [15, 5, 15.5, 5.5], "texture": "#0"},
				"down": {"uv": [15, 5, 15.5, 5.5], "texture": "#0"}
			}
		},
		{
			"from": [14.5, 5, 20],
			"to": [15.5, 8, 21],
			"rotation": {"angle": 0, "axis": "y", "origin": [12, 10, 8]},
			"faces": {
				"north": {"uv": [15, 5, 15.5, 5.5], "texture": "#0"},
				"east": {"uv": [15, 5, 15.5, 5.5], "texture": "#0"},
				"south": {"uv": [15, 5, 15.5, 5.5], "texture": "#0"},
				"west": {"uv": [15, 5, 15.5, 5.5], "texture": "#0"},
				"up": {"uv": [15, 5, 15.5, 5.5], "texture": "#0"},
				"down": {"uv": [15, 5, 15.5, 5.5], "texture": "#0"}
			}
		},
		{
			"from": [1.5, 4, 20],
			"to": [4.5, 8, 21],
			"rotation": {"angle": 0, "axis": "y", "origin": [8, 5, 8]},
			"faces": {
				"north": {"uv": [15, 5, 15.5, 5.5], "texture": "#0"},
				"east": {"uv": [15, 5, 15.5, 5.5], "texture": "#0"},
				"south": {"uv": [0.5, 3.5, 2, 5.5], "texture": "#0"},
				"west": {"uv": [15, 5, 15.5, 5.5], "texture": "#0"},
				"up": {"uv": [15, 5, 15.5, 5.5], "texture": "#0"},
				"down": {"uv": [15, 5, 15.5, 5.5], "texture": "#0"}
			}
		},
		{
			"from": [11.5, 4, 20],
			"to": [14.5, 8, 21],
			"rotation": {"angle": 0, "axis": "y", "origin": [18, 5, 8]},
			"faces": {
				"north": {"uv": [15, 5, 15.5, 5.5], "texture": "#0"},
				"east": {"uv": [15, 5, 15.5, 5.5], "texture": "#0"},
				"south": {"uv": [5.5, 3.5, 7, 5.5], "texture": "#0"},
				"west": {"uv": [15, 5, 15.5, 5.5], "texture": "#0"},
				"up": {"uv": [15, 5, 15.5, 5.5], "texture": "#0"},
				"down": {"uv": [15, 5, 15.5, 5.5], "texture": "#0"}
			}
		}
	],
	"display": {
		"gui": {
			"rotation": [-30, 135, 0],
			"translation": [0, -0.5, 0],
			"scale": [0.9, 0.9, 0.9]
		},
		"head": {
			"rotation": [0, 180, 0],
			"translation": [0, 1.7, 2.2],
			"scale": [1.1, 1.1, 1.1]
		},
		"fixed": {
			"rotation": [0, 180, 0],
			"translation": [0, -0.8, 3.8]
		}
	},
	"groups": [
		{
			"name": "group",
			"origin": [8, 8, 8],
			"children": [0, 1, 2]
		},
		{
			"name": "face",
			"origin": [8, 8, 8],
			"children": [3, 4, 5, 6, 7, 8, 9, 10, 11, 12, 13, 14, 15, 16, 17, 18, 19, 20]
		},
		{
			"name": "hair",
			"origin": [8, 8, 8],
			"children": [21, 22, 23, 24, 25, 26, 27, 28, 29, 30, 31, 32, 33, 34, 35, 36, 37, 38, 39, 40, 41, 42, 43, 44, 45, 46, 47, 48, 49, 50, 51, 52, 53, 54, 55, 56, 57, 58, 59, 60, 61, 62, 63, 64, 65, 66, 67, 68, 69, 70, 71, 72, 73, 74, 75, 76, 77, 78, 79, 80, 81, 82, 83, 84, 85, 86, 87, 88, 89, 90, 91, 92, 93, 94, 95, 96, 97, 98, 99, 100, 101, 102, 103, 104, 105, 106, 107, 108, 109, 110, 111, 112, 113, 114]
		},
		{
			"name": "abc",
			"origin": [8, 8, 8],
			"children": [115, 116, 117, 118, 119, 120, 121, 122, 123, 124, 125, 126, 127, 128, 129, 130, 131, 132, 133, 134, 135, 136]
		},
		{
			"name": "eyes",
			"origin": [8, 8, 8],
			"children": [137, 138, 139, 140, 141, 142, 143, 144, 145, 146, 147, 148, 149, 150, 151, 152, 153, 154, 155]
		}
	]
}
