{
	"__comment": "Designed by Colin0904 with Cubik Studio - https://cubik.studio",
	"textures": {
		"particle": "blocks/pugbody",
		"texture": "blocks/duo_anim",
		"cluck_hunt_duo": "blocks/cluck_hunt_duo"
	},
	"elements": [ 	 
		{
			"__comment": "Voxels-FA4CA3",
			"from": [ 6.0015, 14.0018, 2.5006 ],
			"to": [ 7.5015, 15.5018, 5.0006 ],
			"faces": {
				"down": { "uv": [ 14.48, 4.48, 15.52, 5.52 ], "texture": "#cluck_hunt_duo" },
				"up": { "uv": [ 14.48, 4.48, 15.52, 5.52 ], "texture": "#cluck_hunt_duo" },
				"north": { "uv": [ 14.48, 4.48, 15.52, 5.52 ], "texture": "#cluck_hunt_duo" },
				"south": { "uv": [ 14.48, 4.48, 15.52, 5.52 ], "texture": "#cluck_hunt_duo" },
				"west": { "uv": [ 14.48, 4.48, 15.52, 5.52 ], "texture": "#cluck_hunt_duo" },
				"east": { "uv": [ 14.48, 4.48, 15.52, 5.52 ], "texture": "#cluck_hunt_duo" }
			}
		},
		{
			"__comment": "Voxels-FA4CA3",
			"from": [ 6.0016, 14.002, 5.0008 ],
			"to": [ 7.0016, 15.002, 5.5008 ],
			"faces": {
				"down": { "uv": [ 14.48, 4.48, 15.52, 5.52 ], "texture": "#cluck_hunt_duo" },
				"south": { "uv": [ 14.48, 4.48, 15.52, 5.52 ], "texture": "#cluck_hunt_duo" },
				"west": { "uv": [ 14.48, 4.48, 15.52, 5.52 ], "texture": "#cluck_hunt_duo" }
			}
		},
		{
			"__comment": "Voxels-FF55AA",
			"from": [ 6.0001, 15.0003, 5.0005 ],
			"to": [ 10.0001, 16.5003, 5.5005 ],
			"faces": {
				"down": { "uv": [ 0.48, 6.48, 1.52, 7.52 ], "texture": "#cluck_hunt_duo" },
				"up": { "uv": [ 0.48, 6.48, 1.52, 7.52 ], "texture": "#cluck_hunt_duo" },
				"north": { "uv": [ 0.48, 6.48, 1.52, 7.52 ], "texture": "#cluck_hunt_duo" },
				"south": { "uv": [ 0.48, 6.48, 1.52, 7.52 ], "texture": "#cluck_hunt_duo" },
				"west": { "uv": [ 0.48, 6.48, 1.52, 7.52 ], "texture": "#cluck_hunt_duo" },
				"east": { "uv": [ 0.48, 6.48, 1.52, 7.52 ], "texture": "#cluck_hunt_duo" }
			}
		},
		{
			"__comment": "Voxels-FE44A1",
			"from": [ 6.0007, 15.502, 2.5 ],
			"to": [ 7.0007, 16.002, 3 ],
			"faces": {
				"up": { "uv": [ 2.48, 6.48, 3.52, 7.52 ], "texture": "#cluck_hunt_duo" },
				"north": { "uv": [ 2.48, 6.48, 3.52, 7.52 ], "texture": "#cluck_hunt_duo" },
				"south": { "uv": [ 2.48, 6.48, 3.52, 7.52 ], "texture": "#cluck_hunt_duo" },
				"west": { "uv": [ 2.48, 6.48, 3.52, 7.52 ], "texture": "#cluck_hunt_duo" }
			}
		},
		{
			"__comment": "Voxels-FA4CA3",
			"from": [ 6.0004, 15.5001, 3.001 ],
			"to": [ 6.5004, 16.0001, 4.501 ],
			"faces": {
				"west": { "uv": [ 14.48, 4.48, 15.52, 5.52 ], "texture": "#cluck_hunt_duo" },
				"east": { "uv": [ 14.48, 4.48, 15.52, 5.52 ], "texture": "#cluck_hunt_duo" }
			}
		},
		{
			"__comment": "Voxels-FF55AA",
			"from": [ 6.0017, 15.5019, 4.5008 ],
			"to": [ 10.0017, 16.0019, 5.0008 ],
			"faces": {
				"down": { "uv": [ 0.48, 6.48, 1.52, 7.52 ], "texture": "#cluck_hunt_duo" },
				"up": { "uv": [ 0.48, 6.48, 1.52, 7.52 ], "texture": "#cluck_hunt_duo" },
				"north": { "uv": [ 0.48, 6.48, 1.52, 7.52 ], "texture": "#cluck_hunt_duo" },
				"west": { "uv": [ 0.48, 6.48, 1.52, 7.52 ], "texture": "#cluck_hunt_duo" },
				"east": { "uv": [ 0.48, 6.48, 1.52, 7.52 ], "texture": "#cluck_hunt_duo" }
			}
		},
		{
			"__comment": "Voxels-FE44A1",
			"from": [ 6.0008, 16.0001, 2.5012 ],
			"to": [ 6.5008, 18.0001, 4.5012 ],
			"faces": {
				"down": { "uv": [ 2.48, 6.48, 3.52, 7.52 ], "texture": "#cluck_hunt_duo" },
				"up": { "uv": [ 2.48, 6.48, 3.52, 7.52 ], "texture": "#cluck_hunt_duo" },
				"north": { "uv": [ 2.48, 6.48, 3.52, 7.52 ], "texture": "#cluck_hunt_duo" },
				"south": { "uv": [ 2.48, 6.48, 3.52, 7.52 ], "texture": "#cluck_hunt_duo" },
				"west": { "uv": [ 2.48, 6.48, 3.52, 7.52 ], "texture": "#cluck_hunt_duo" },
				"east": { "uv": [ 2.48, 6.48, 3.52, 7.52 ], "texture": "#cluck_hunt_duo" }
			}
		},
		{
			"__comment": "Voxels-FF55AA",
			"from": [ 6.0002, 16.0005, 4.5006 ],
			"to": [ 9.0002, 16.5005, 5.0006 ],
			"faces": {
				"up": { "uv": [ 0.48, 6.48, 1.52, 7.52 ], "texture": "#cluck_hunt_duo" },
				"north": { "uv": [ 0.48, 6.48, 1.52, 7.52 ], "texture": "#cluck_hunt_duo" },
				"west": { "uv": [ 0.48, 6.48, 1.52, 7.52 ], "texture": "#cluck_hunt_duo" }
			}
		},
		{
			"__comment": "Voxels-FE44A1",
			"from": [ 6, 16.5, 4.5 ],
			"to": [ 7, 18, 5 ],
			"faces": {
				"up": { "uv": [ 2.48, 6.48, 3.52, 7.52 ], "texture": "#cluck_hunt_duo" },
				"north": { "uv": [ 2.48, 6.48, 3.52, 7.52 ], "texture": "#cluck_hunt_duo" },
				"west": { "uv": [ 2.48, 6.48, 3.52, 7.52 ], "texture": "#cluck_hunt_duo" },
				"east": { "uv": [ 2.48, 6.48, 3.52, 7.52 ], "texture": "#cluck_hunt_duo" }
			}
		},
		{
			"__comment": "Voxels-FF55AA",
			"from": [ 6.0005, 16.5016, 5.0014 ],
			"to": [ 8.5005, 18.00161, 5.5014 ],
			"faces": {
				"up": { "uv": [ 0.48, 6.48, 1.52, 7.52 ], "texture": "#cluck_hunt_duo" },
				"north": { "uv": [ 0.48, 6.48, 1.52, 7.52 ], "texture": "#cluck_hunt_duo" },
				"south": { "uv": [ 0.48, 6.48, 1.52, 7.52 ], "texture": "#cluck_hunt_duo" },
				"west": { "uv": [ 0.48, 6.48, 1.52, 7.52 ], "texture": "#cluck_hunt_duo" },
				"east": { "uv": [ 0.48, 6.48, 1.52, 7.52 ], "texture": "#cluck_hunt_duo" }
			}
		},
		{
			"__comment": "Voxels-FF55AA",
			"from": [ 6.5015, 14.0004, 5.5019 ],
			"to": [ 7.0015, 18.0004, 6.0019 ],
			"faces": {
				"up": { "uv": [ 0.48, 6.48, 1.52, 7.52 ], "texture": "#cluck_hunt_duo" },
				"north": { "uv": [ 0.48, 6.48, 1.52, 7.52 ], "texture": "#cluck_hunt_duo" },
				"south": { "uv": [ 0.48, 6.48, 1.52, 7.52 ], "texture": "#cluck_hunt_duo" },
				"west": { "uv": [ 0.48, 6.48, 1.52, 7.52 ], "texture": "#cluck_hunt_duo" },
				"east": { "uv": [ 0.48, 6.48, 1.52, 7.52 ], "texture": "#cluck_hunt_duo" }
			}
		},
		{
			"__comment": "Voxels-FFE255",
			"from": [ 6.5006, 14.5012, 1.0008 ],
			"to": [ 9.5006, 15.0012, 2.5008 ],
			"faces": {
				"down": { "uv": [ 4.48, 6.48, 5.52, 7.52 ], "texture": "#cluck_hunt_duo" },
				"up": { "uv": [ 4.48, 6.48, 5.52, 7.52 ], "texture": "#cluck_hunt_duo" },
				"north": { "uv": [ 4.48, 6.48, 5.52, 7.52 ], "texture": "#cluck_hunt_duo" },
				"south": { "uv": [ 4.48, 6.48, 5.52, 7.52 ], "texture": "#cluck_hunt_duo" },
				"west": { "uv": [ 4.48, 6.48, 5.52, 7.52 ], "texture": "#cluck_hunt_duo" },
				"east": { "uv": [ 4.48, 6.48, 5.52, 7.52 ], "texture": "#cluck_hunt_duo" }
			}
		},
		{
			"__comment": "Voxels-FFFFFF",
			"from": [ 6.5008, 15.5016, 3.0008 ],
			"to": [ 9.500799, 16.0016, 3.5008 ],
			"faces": {
				"down": { "uv": [ 2.48, 4.48, 3.52, 5.52 ], "texture": "#cluck_hunt_duo" },
				"up": { "uv": [ 2.48, 4.48, 3.52, 5.52 ], "texture": "#cluck_hunt_duo" },
				"north": { "uv": [ 2.48, 4.48, 3.52, 5.52 ], "texture": "#cluck_hunt_duo" },
				"south": { "uv": [ 2.48, 4.48, 3.52, 5.52 ], "texture": "#cluck_hunt_duo" }
			}
		},
		{
			"__comment": "Voxels-FA4CA3",
			"from": [ 6.5013, 15.5016, 3.5001 ],
			"to": [ 7.0013, 16.0016, 4.5001 ],
			"faces": {
				"up": { "uv": [ 14.48, 4.48, 15.52, 5.52 ], "texture": "#cluck_hunt_duo" }
			}
		},
		{
			"__comment": "Voxels-FFFFFF",
			"from": [ 6.5007, 16.001, 3.0019 ],
			"to": [ 7.0007, 17.501, 3.5019 ],
			"faces": {
				"north": { "uv": [ 2.48, 4.48, 3.52, 5.52 ], "texture": "#cluck_hunt_duo" },
				"east": { "uv": [ 2.48, 4.48, 3.52, 5.52 ], "texture": "#cluck_hunt_duo" }
			}
		},
		{
			"__comment": "Voxels-FE44A1",
			"from": [ 6.5005, 16.001, 3.5016 ],
			"to": [ 9.5005, 18.001, 4.001599 ],
			"faces": {
				"down": { "uv": [ 2.48, 6.48, 3.52, 7.52 ], "texture": "#cluck_hunt_duo" },
				"up": { "uv": [ 2.48, 6.48, 3.52, 7.52 ], "texture": "#cluck_hunt_duo" },
				"north": { "uv": [ 2.48, 6.48, 3.52, 7.52 ], "texture": "#cluck_hunt_duo" },
				"south": { "uv": [ 2.48, 6.48, 3.52, 7.52 ], "texture": "#cluck_hunt_duo" }
			}
		},
		{
			"__comment": "Voxels-FE44A1",
			"from": [ 6.5007, 16.0003, 4.0019 ],
			"to": [ 7.5007, 18.5003, 4.5019 ],
			"faces": {
				"down": { "uv": [ 2.48, 6.48, 3.52, 7.52 ], "texture": "#cluck_hunt_duo" },
				"up": { "uv": [ 2.48, 6.48, 3.52, 7.52 ], "texture": "#cluck_hunt_duo" },
				"north": { "uv": [ 2.48, 6.48, 3.52, 7.52 ], "texture": "#cluck_hunt_duo" },
				"south": { "uv": [ 2.48, 6.48, 3.52, 7.52 ], "texture": "#cluck_hunt_duo" },
				"west": { "uv": [ 2.48, 6.48, 3.52, 7.52 ], "texture": "#cluck_hunt_duo" },
				"east": { "uv": [ 2.48, 6.48, 3.52, 7.52 ], "texture": "#cluck_hunt_duo" }
			}
		},
		{
			"__comment": "Voxels-FE44A1",
			"from": [ 6.5014, 17.5003, 2.5005 ],
			"to": [ 8.0014, 18.0003, 3.5005 ],
			"faces": {
				"down": { "uv": [ 2.48, 6.48, 3.52, 7.52 ], "texture": "#cluck_hunt_duo" },
				"up": { "uv": [ 2.48, 6.48, 3.52, 7.52 ], "texture": "#cluck_hunt_duo" },
				"north": { "uv": [ 2.48, 6.48, 3.52, 7.52 ], "texture": "#cluck_hunt_duo" }
			}
		},
		{
			"__comment": "Voxels-FE44A1",
			"from": [ 6.5005, 18.0002, 3.0003 ],
			"to": [ 7.5005, 18.5002, 4.0003 ],
			"faces": {
				"down": { "uv": [ 2.48, 6.48, 3.52, 7.52 ], "texture": "#cluck_hunt_duo" },
				"up": { "uv": [ 2.48, 6.48, 3.52, 7.52 ], "texture": "#cluck_hunt_duo" },
				"north": { "uv": [ 2.48, 6.48, 3.52, 7.52 ], "texture": "#cluck_hunt_duo" },
				"west": { "uv": [ 2.48, 6.48, 3.52, 7.52 ], "texture": "#cluck_hunt_duo" },
				"east": { "uv": [ 2.48, 6.48, 3.52, 7.52 ], "texture": "#cluck_hunt_duo" }
			}
		},
		{
			"__comment": "Voxels-FF55AA",
			"from": [ 6.5009, 18.0007, 4.5006 ],
			"to": [ 8.0009, 18.5007, 5.5006 ],
			"faces": {
				"down": { "uv": [ 0.48, 6.48, 1.52, 7.52 ], "texture": "#cluck_hunt_duo" },
				"up": { "uv": [ 0.48, 6.48, 1.52, 7.52 ], "texture": "#cluck_hunt_duo" },
				"north": { "uv": [ 0.48, 6.48, 1.52, 7.52 ], "texture": "#cluck_hunt_duo" },
				"south": { "uv": [ 0.48, 6.48, 1.52, 7.52 ], "texture": "#cluck_hunt_duo" },
				"west": { "uv": [ 0.48, 6.48, 1.52, 7.52 ], "texture": "#cluck_hunt_duo" },
				"east": { "uv": [ 0.48, 6.48, 1.52, 7.52 ], "texture": "#cluck_hunt_duo" }
			}
		},
		{
			"__comment": "Voxels-E6CB4B",
			"from": [ 7.0007, 14.0007, 1.5007 ],
			"to": [ 9.0007, 14.5007, 2.5007 ],
			"faces": {
				"down": { "uv": [ 6.48, 6.48, 7.52, 7.52 ], "texture": "#cluck_hunt_duo" },
				"north": { "uv": [ 6.48, 6.48, 7.52, 7.52 ], "texture": "#cluck_hunt_duo" },
				"south": { "uv": [ 6.48, 6.48, 7.52, 7.52 ], "texture": "#cluck_hunt_duo" },
				"west": { "uv": [ 6.48, 6.48, 7.52, 7.52 ], "texture": "#cluck_hunt_duo" },
				"east": { "uv": [ 6.48, 6.48, 7.52, 7.52 ], "texture": "#cluck_hunt_duo" }
			}
		},
		{
			"__comment": "Voxels-FF55AA",
			"from": [ 7.0013, 14.0014, 5.0006 ],
			"to": [ 10.0013, 15.0014, 5.5006 ],
			"faces": {
				"down": { "uv": [ 0.48, 6.48, 1.52, 7.52 ], "texture": "#cluck_hunt_duo" },
				"north": { "uv": [ 0.48, 6.48, 1.52, 7.52 ], "texture": "#cluck_hunt_duo" },
				"south": { "uv": [ 0.48, 6.48, 1.52, 7.52 ], "texture": "#cluck_hunt_duo" },
				"east": { "uv": [ 0.48, 6.48, 1.52, 7.52 ], "texture": "#cluck_hunt_duo" }
			}
		},
		{
			"__comment": "Voxels-FFE255",
			"from": [ 7.0009, 14.5006, 0.5002 ],
			"to": [ 9.0009, 15.0006, 1.0002 ],
			"faces": {
				"down": { "uv": [ 4.48, 6.48, 5.52, 7.52 ], "texture": "#cluck_hunt_duo" },
				"up": { "uv": [ 4.48, 6.48, 5.52, 7.52 ], "texture": "#cluck_hunt_duo" },
				"north": { "uv": [ 4.48, 6.48, 5.52, 7.52 ], "texture": "#cluck_hunt_duo" },
				"west": { "uv": [ 4.48, 6.48, 5.52, 7.52 ], "texture": "#cluck_hunt_duo" },
				"east": { "uv": [ 4.48, 6.48, 5.52, 7.52 ], "texture": "#cluck_hunt_duo" }
			}
		},
		{
			"__comment": "Voxels-FE44A1",
			"from": [ 7, 14, 5.5 ],
			"to": [ 9, 15, 6 ],
			"faces": {
				"down": { "uv": [ 2.48, 6.48, 3.52, 7.52 ], "texture": "#cluck_hunt_duo" },
				"south": { "uv": [ 2.48, 6.48, 3.52, 7.52 ], "texture": "#cluck_hunt_duo" }
			}
		},
		{
			"__comment": "Voxels-E6CB4B",
			"from": [ 7.001, 15, 1.0001 ],
			"to": [ 7.501, 15.5, 1.5001 ],
			"faces": {
				"up": { "uv": [ 6.48, 6.48, 7.52, 7.52 ], "texture": "#cluck_hunt_duo" },
				"north": { "uv": [ 6.48, 6.48, 7.52, 7.52 ], "texture": "#cluck_hunt_duo" },
				"west": { "uv": [ 6.48, 6.48, 7.52, 7.52 ], "texture": "#cluck_hunt_duo" }
			}
		},
		{
			"__comment": "Voxels-FFE255",
			"from": [ 6.9998, 15.0013, 1.5013 ],
			"to": [ 8.9998, 15.5013, 2.5013 ],
			"faces": {
				"up": { "uv": [ 4.48, 6.48, 5.52, 7.52 ], "texture": "#cluck_hunt_duo" },
				"north": { "uv": [ 4.48, 6.48, 5.52, 7.52 ], "texture": "#cluck_hunt_duo" },
				"south": { "uv": [ 4.48, 6.48, 5.52, 7.52 ], "texture": "#cluck_hunt_duo" },
				"west": { "uv": [ 4.48, 6.48, 5.52, 7.52 ], "texture": "#cluck_hunt_duo" },
				"east": { "uv": [ 4.48, 6.48, 5.52, 7.52 ], "texture": "#cluck_hunt_duo" }
			}
		},
		{
			"__comment": "Voxels-FF55AA",
			"from": [ 7.0009, 15.0017, 5.5015 ],
			"to": [ 9.5009, 17.0017, 6.0015 ],
			"faces": {
				"down": { "uv": [ 0.48, 6.48, 1.52, 7.52 ], "texture": "#cluck_hunt_duo" },
				"up": { "uv": [ 0.48, 6.48, 1.52, 7.52 ], "texture": "#cluck_hunt_duo" },
				"north": { "uv": [ 0.48, 6.48, 1.52, 7.52 ], "texture": "#cluck_hunt_duo" },
				"south": { "uv": [ 0.48, 6.48, 1.52, 7.52 ], "texture": "#cluck_hunt_duo" },
				"east": { "uv": [ 0.48, 6.48, 1.52, 7.52 ], "texture": "#cluck_hunt_duo" }
			}
		},
		{
			"__comment": "Voxels-FF55AA",
			"from": [ 7.0017, 15.5018, 2.5014 ],
			"to": [ 7.5017, 16.0018, 3.0014 ],
			"faces": {
				"up": { "uv": [ 0.48, 6.48, 1.52, 7.52 ], "texture": "#cluck_hunt_duo" },
				"north": { "uv": [ 0.48, 6.48, 1.52, 7.52 ], "texture": "#cluck_hunt_duo" }
			}
		},
		{
			"__comment": "Voxels-FF55AA",
			"from": [ 7.0007, 15.5016, 3.501 ],
			"to": [ 10.0007, 16.0016, 4.501001 ],
			"faces": {
				"down": { "uv": [ 0.48, 6.48, 1.52, 7.52 ], "texture": "#cluck_hunt_duo" },
				"up": { "uv": [ 0.48, 6.48, 1.52, 7.52 ], "texture": "#cluck_hunt_duo" },
				"north": { "uv": [ 0.48, 6.48, 1.52, 7.52 ], "texture": "#cluck_hunt_duo" },
				"east": { "uv": [ 0.48, 6.48, 1.52, 7.52 ], "texture": "#cluck_hunt_duo" }
			}
		},
		{
			"__comment": "Voxels-0000B7",
			"from": [ 7.0002, 16.0004, 3.0019 ],
			"to": [ 7.5002, 17.0004, 3.5019 ],
			"faces": {
				"north": { "uv": [ 4.48, 4.48, 5.52, 5.52 ], "texture": "#cluck_hunt_duo" },
				"east": { "uv": [ 4.48, 4.48, 5.52, 5.52 ], "texture": "#cluck_hunt_duo" }
			}
		},
		{
			"__comment": "Voxels-FF55AA",
			"from": [ 7.0016, 16.5011, 4.501 ],
			"to": [ 8.5016, 17.0011, 5.001 ],
			"faces": {
				"up": { "uv": [ 0.48, 6.48, 1.52, 7.52 ], "texture": "#cluck_hunt_duo" },
				"north": { "uv": [ 0.48, 6.48, 1.52, 7.52 ], "texture": "#cluck_hunt_duo" }
			}
		},
		{
			"__comment": "Voxels-FFFFFF",
			"from": [ 7.0002, 17.0008, 3.0001 ],
			"to": [ 7.5002, 17.5008, 3.5001 ],
			"faces": {
				"north": { "uv": [ 2.48, 4.48, 3.52, 5.52 ], "texture": "#cluck_hunt_duo" }
			}
		},
		{
			"__comment": "Voxels-FF55AA",
			"from": [ 7.0011, 17.0003, 4.501 ],
			"to": [ 8.0011, 18.0003, 5.001 ],
			"faces": {
				"north": { "uv": [ 0.48, 6.48, 1.52, 7.52 ], "texture": "#cluck_hunt_duo" }
			}
		},
		{
			"__comment": "Voxels-FF55AA",
			"from": [ 7.001, 17.0014, 5.5014 ],
			"to": [ 9.000999, 18.0014, 6.0014 ],
			"faces": {
				"up": { "uv": [ 0.48, 6.48, 1.52, 7.52 ], "texture": "#cluck_hunt_duo" },
				"north": { "uv": [ 0.48, 6.48, 1.52, 7.52 ], "texture": "#cluck_hunt_duo" },
				"south": { "uv": [ 0.48, 6.48, 1.52, 7.52 ], "texture": "#cluck_hunt_duo" }
			}
		},
		{
			"__comment": "Voxels-E6CB4B",
			"from": [ 7.501, 14.0008, 1.0004 ],
			"to": [ 8.501001, 14.5008, 1.5004 ],
			"faces": {
				"down": { "uv": [ 6.48, 6.48, 7.52, 7.52 ], "texture": "#cluck_hunt_duo" },
				"north": { "uv": [ 6.48, 6.48, 7.52, 7.52 ], "texture": "#cluck_hunt_duo" },
				"west": { "uv": [ 6.48, 6.48, 7.52, 7.52 ], "texture": "#cluck_hunt_duo" },
				"east": { "uv": [ 6.48, 6.48, 7.52, 7.52 ], "texture": "#cluck_hunt_duo" }
			}
		},
		{
			"__comment": "Voxels-FF55AA",
			"from": [ 7.5015, 14.0003, 2.5014 ],
			"to": [ 10.00149, 14.5003, 3.0014 ],
			"faces": {
				"down": { "uv": [ 0.48, 6.48, 1.52, 7.52 ], "texture": "#cluck_hunt_duo" },
				"up": { "uv": [ 0.48, 6.48, 1.52, 7.52 ], "texture": "#cluck_hunt_duo" },
				"north": { "uv": [ 0.48, 6.48, 1.52, 7.52 ], "texture": "#cluck_hunt_duo" },
				"south": { "uv": [ 0.48, 6.48, 1.52, 7.52 ], "texture": "#cluck_hunt_duo" },
				"east": { "uv": [ 0.48, 6.48, 1.52, 7.52 ], "texture": "#cluck_hunt_duo" }
			}
		},
		{
			"__comment": "Voxels-FA4CA3",
			"from": [ 7.5005, 14.0001, 3.0002 ],
			"to": [ 8.0005, 15.0001, 4.5002 ],
			"faces": {
				"down": { "uv": [ 14.48, 4.48, 15.52, 5.52 ], "texture": "#cluck_hunt_duo" },
				"north": { "uv": [ 14.48, 4.48, 15.52, 5.52 ], "texture": "#cluck_hunt_duo" }
			}
		},
		{
			"__comment": "Voxels-FF55AA",
			"from": [ 7.5013, 14.0004, 4.5005 ],
			"to": [ 10.0013, 15.5004, 5.0005 ],
			"faces": {
				"down": { "uv": [ 0.48, 6.48, 1.52, 7.52 ], "texture": "#cluck_hunt_duo" },
				"north": { "uv": [ 0.48, 6.48, 1.52, 7.52 ], "texture": "#cluck_hunt_duo" },
				"south": { "uv": [ 0.48, 6.48, 1.52, 7.52 ], "texture": "#cluck_hunt_duo" },
				"east": { "uv": [ 0.48, 6.48, 1.52, 7.52 ], "texture": "#cluck_hunt_duo" }
			}
		},
		{
			"__comment": "Voxels-FFE255",
			"from": [ 7.5007, 14.5007, 2.5015 ],
			"to": [ 9.5007, 15.0007, 3.0015 ],
			"faces": {
				"up": { "uv": [ 4.48, 6.48, 5.52, 7.52 ], "texture": "#cluck_hunt_duo" },
				"south": { "uv": [ 4.48, 6.48, 5.52, 7.52 ], "texture": "#cluck_hunt_duo" }
			}
		},
		{
			"__comment": "Voxels-FFE255",
			"from": [ 7.5015, 15.0017, 0.5001 ],
			"to": [ 8.501499, 15.5017, 1.5001 ],
			"faces": {
				"down": { "uv": [ 4.48, 6.48, 5.52, 7.52 ], "texture": "#cluck_hunt_duo" },
				"up": { "uv": [ 4.48, 6.48, 5.52, 7.52 ], "texture": "#cluck_hunt_duo" },
				"north": { "uv": [ 4.48, 6.48, 5.52, 7.52 ], "texture": "#cluck_hunt_duo" },
				"west": { "uv": [ 4.48, 6.48, 5.52, 7.52 ], "texture": "#cluck_hunt_duo" },
				"east": { "uv": [ 4.48, 6.48, 5.52, 7.52 ], "texture": "#cluck_hunt_duo" }
			}
		},
		{
			"__comment": "Voxels-FFE255",
			"from": [ 7.5007, 15.0001, 2.5018 ],
			"to": [ 9.000698, 15.5001, 3.0018 ],
			"faces": {
				"up": { "uv": [ 4.48, 6.48, 5.52, 7.52 ], "texture": "#cluck_hunt_duo" }
			}
		},
		{
			"__comment": "Voxels-FF55AA",
			"from": [ 7.4998, 15.0018, 3.0008 ],
			"to": [ 9.9998, 15.5018, 4.5008 ],
			"faces": {
				"down": { "uv": [ 0.48, 6.48, 1.52, 7.52 ], "texture": "#cluck_hunt_duo" },
				"up": { "uv": [ 0.48, 6.48, 1.52, 7.52 ], "texture": "#cluck_hunt_duo" },
				"north": { "uv": [ 0.48, 6.48, 1.52, 7.52 ], "texture": "#cluck_hunt_duo" },
				"east": { "uv": [ 0.48, 6.48, 1.52, 7.52 ], "texture": "#cluck_hunt_duo" }
			}
		},
		{
			"__comment": "Voxels-FFE255",
			"from": [ 7.5016, 15.5011, 1.5011 ],
			"to": [ 8.5016, 16.0011, 3.0011 ],
			"faces": {
				"down": { "uv": [ 4.48, 6.48, 5.52, 7.52 ], "texture": "#cluck_hunt_duo" },
				"up": { "uv": [ 4.48, 6.48, 5.52, 7.52 ], "texture": "#cluck_hunt_duo" },
				"north": { "uv": [ 4.48, 6.48, 5.52, 7.52 ], "texture": "#cluck_hunt_duo" },
				"west": { "uv": [ 4.48, 6.48, 5.52, 7.52 ], "texture": "#cluck_hunt_duo" },
				"east": { "uv": [ 4.48, 6.48, 5.52, 7.52 ], "texture": "#cluck_hunt_duo" }
			}
		},
		{
			"__comment": "Voxels-FF55AA",
			"from": [ 7.4999, 16.0009, 2.5003 ],
			"to": [ 8.499901, 16.5009, 3.5003 ],
			"faces": {
				"down": { "uv": [ 0.48, 6.48, 1.52, 7.52 ], "texture": "#cluck_hunt_duo" },
				"up": { "uv": [ 0.48, 6.48, 1.52, 7.52 ], "texture": "#cluck_hunt_duo" },
				"north": { "uv": [ 0.48, 6.48, 1.52, 7.52 ], "texture": "#cluck_hunt_duo" },
				"west": { "uv": [ 0.48, 6.48, 1.52, 7.52 ], "texture": "#cluck_hunt_duo" },
				"east": { "uv": [ 0.48, 6.48, 1.52, 7.52 ], "texture": "#cluck_hunt_duo" }
			}
		},
		{
			"__comment": "Voxels-FF55AA",
			"from": [ 7.4999, 16, 4.0016 ],
			"to": [ 8.999899, 16.5, 4.5016 ],
			"faces": {
				"up": { "uv": [ 0.48, 6.48, 1.52, 7.52 ], "texture": "#cluck_hunt_duo" }
			}
		},
		{
			"__comment": "Voxels-FE44A1",
			"from": [ 7.5005, 16.5007, 2.5 ],
			"to": [ 8.0005, 17.5007, 3.5 ],
			"faces": {
				"north": { "uv": [ 2.48, 6.48, 3.52, 7.52 ], "texture": "#cluck_hunt_duo" },
				"west": { "uv": [ 2.48, 6.48, 3.52, 7.52 ], "texture": "#cluck_hunt_duo" }
			}
		},
		{
			"__comment": "Voxels-FF55AA",
			"from": [ 7.5, 16.502, 4.0012 ],
			"to": [ 8.5, 17.002, 4.5012 ],
			"faces": {
				"up": { "uv": [ 0.48, 6.48, 1.52, 7.52 ], "texture": "#cluck_hunt_duo" }
			}
		},
		{
			"__comment": "Voxels-FF55AA",
			"from": [ 7.5001, 17.0003, 4.0014 ],
			"to": [ 8.000099, 18.5003, 4.5014 ],
			"faces": {
				"up": { "uv": [ 0.48, 6.48, 1.52, 7.52 ], "texture": "#cluck_hunt_duo" },
				"north": { "uv": [ 0.48, 6.48, 1.52, 7.52 ], "texture": "#cluck_hunt_duo" },
				"south": { "uv": [ 0.48, 6.48, 1.52, 7.52 ], "texture": "#cluck_hunt_duo" },
				"east": { "uv": [ 0.48, 6.48, 1.52, 7.52 ], "texture": "#cluck_hunt_duo" }
			}
		},
		{
			"__comment": "Voxels-FF55AA",
			"from": [ 7.5009, 18.0019, 3.0018 ],
			"to": [ 8.5009, 18.5019, 3.5018 ],
			"faces": {
				"down": { "uv": [ 0.48, 6.48, 1.52, 7.52 ], "texture": "#cluck_hunt_duo" },
				"up": { "uv": [ 0.48, 6.48, 1.52, 7.52 ], "texture": "#cluck_hunt_duo" },
				"north": { "uv": [ 0.48, 6.48, 1.52, 7.52 ], "texture": "#cluck_hunt_duo" },
				"south": { "uv": [ 0.48, 6.48, 1.52, 7.52 ], "texture": "#cluck_hunt_duo" }
			}
		},
		{
			"__comment": "Voxels-FF55AA",
			"from": [ 7.5003, 18.0006, 3.5011 ],
			"to": [ 8.000299, 18.5006, 4.0011 ],
			"faces": {
				"up": { "uv": [ 0.48, 6.48, 1.52, 7.52 ], "texture": "#cluck_hunt_duo" }
			}
		},
		{
			"__comment": "Voxels-FF55AA",
			"from": [ 8.001699, 14.0003, 3.0016 ],
			"to": [ 10.0017, 15.0003, 4.5016 ],
			"faces": {
				"down": { "uv": [ 0.48, 6.48, 1.52, 7.52 ], "texture": "#cluck_hunt_duo" },
				"north": { "uv": [ 0.48, 6.48, 1.52, 7.52 ], "texture": "#cluck_hunt_duo" },
				"east": { "uv": [ 0.48, 6.48, 1.52, 7.52 ], "texture": "#cluck_hunt_duo" }
			}
		},
		{
			"__comment": "Voxels-FF55AA",
			"from": [ 8.0005, 16.5018, 2.5013 ],
			"to": [ 8.5005, 18.0018, 3.5013 ],
			"faces": {
				"up": { "uv": [ 0.48, 6.48, 1.52, 7.52 ], "texture": "#cluck_hunt_duo" },
				"north": { "uv": [ 0.48, 6.48, 1.52, 7.52 ], "texture": "#cluck_hunt_duo" },
				"west": { "uv": [ 0.48, 6.48, 1.52, 7.52 ], "texture": "#cluck_hunt_duo" },
				"east": { "uv": [ 0.48, 6.48, 1.52, 7.52 ], "texture": "#cluck_hunt_duo" }
			}
		},
		{
			"__comment": "Voxels-FA49A2",
			"from": [ 8.0013, 17.0006, 4.0006 ],
			"to": [ 10.0013, 18.0006, 5.0006 ],
			"faces": {
				"down": { "uv": [ 12.48, 6.48, 13.52, 7.52 ], "texture": "#cluck_hunt_duo" },
				"up": { "uv": [ 12.48, 6.48, 13.52, 7.52 ], "texture": "#cluck_hunt_duo" },
				"north": { "uv": [ 12.48, 6.48, 13.52, 7.52 ], "texture": "#cluck_hunt_duo" },
				"south": { "uv": [ 12.48, 6.48, 13.52, 7.52 ], "texture": "#cluck_hunt_duo" },
				"west": { "uv": [ 12.48, 6.48, 13.52, 7.52 ], "texture": "#cluck_hunt_duo" },
				"east": { "uv": [ 12.48, 6.48, 13.52, 7.52 ], "texture": "#cluck_hunt_duo" }
			}
		},
		{
			"__comment": "Voxels-FA49A2",
			"from": [ 7.9998, 18.0005, 3.5009 ],
			"to": [ 9.4998, 18.5005, 5.0009 ],
			"faces": {
				"down": { "uv": [ 12.48, 6.48, 13.52, 7.52 ], "texture": "#cluck_hunt_duo" },
				"up": { "uv": [ 12.48, 6.48, 13.52, 7.52 ], "texture": "#cluck_hunt_duo" },
				"north": { "uv": [ 12.48, 6.48, 13.52, 7.52 ], "texture": "#cluck_hunt_duo" },
				"south": { "uv": [ 12.48, 6.48, 13.52, 7.52 ], "texture": "#cluck_hunt_duo" },
				"west": { "uv": [ 12.48, 6.48, 13.52, 7.52 ], "texture": "#cluck_hunt_duo" },
				"east": { "uv": [ 12.48, 6.48, 13.52, 7.52 ], "texture": "#cluck_hunt_duo" }
			}
		},
		{
			"__comment": "Voxels-FF55AA",
			"from": [ 8.0005, 18.0005, 5.0012 ],
			"to": [ 8.5005, 18.5005, 5.5012 ],
			"faces": {
				"up": { "uv": [ 0.48, 6.48, 1.52, 7.52 ], "texture": "#cluck_hunt_duo" },
				"south": { "uv": [ 0.48, 6.48, 1.52, 7.52 ], "texture": "#cluck_hunt_duo" }
			}
		},
		{
			"__comment": "Voxels-E6CB4B",
			"from": [ 8.5012, 15.0004, 1.0013 ],
			"to": [ 9.0012, 15.5004, 1.5013 ],
			"faces": {
				"up": { "uv": [ 6.48, 6.48, 7.52, 7.52 ], "texture": "#cluck_hunt_duo" },
				"north": { "uv": [ 6.48, 6.48, 7.52, 7.52 ], "texture": "#cluck_hunt_duo" },
				"east": { "uv": [ 6.48, 6.48, 7.52, 7.52 ], "texture": "#cluck_hunt_duo" }
			}
		},
		{
			"__comment": "Voxels-FF55AA",
			"from": [ 8.5008, 15.5019, 2.5019 ],
			"to": [ 10.0008, 16.0019, 3.0019 ],
			"faces": {
				"down": { "uv": [ 0.48, 6.48, 1.52, 7.52 ], "texture": "#cluck_hunt_duo" },
				"up": { "uv": [ 0.48, 6.48, 1.52, 7.52 ], "texture": "#cluck_hunt_duo" },
				"north": { "uv": [ 0.48, 6.48, 1.52, 7.52 ], "texture": "#cluck_hunt_duo" },
				"south": { "uv": [ 0.48, 6.48, 1.52, 7.52 ], "texture": "#cluck_hunt_duo" },
				"east": { "uv": [ 0.48, 6.48, 1.52, 7.52 ], "texture": "#cluck_hunt_duo" }
			}
		},
		{
			"__comment": "Voxels-0000B7",
			"from": [ 8.5018, 16.0007, 3.0003 ],
			"to": [ 9.0018, 17.0007, 3.5003 ],
			"faces": {
				"north": { "uv": [ 4.48, 4.48, 5.52, 5.52 ], "texture": "#cluck_hunt_duo" },
				"west": { "uv": [ 4.48, 4.48, 5.52, 5.52 ], "texture": "#cluck_hunt_duo" }
			}
		},
		{
			"__comment": "Voxels-FA49A2",
			"from": [ 8.500299, 16.501, 4.0018 ],
			"to": [ 10.0003, 17.001, 5.5018 ],
			"faces": {
				"down": { "uv": [ 12.48, 6.48, 13.52, 7.52 ], "texture": "#cluck_hunt_duo" },
				"up": { "uv": [ 12.48, 6.48, 13.52, 7.52 ], "texture": "#cluck_hunt_duo" },
				"north": { "uv": [ 12.48, 6.48, 13.52, 7.52 ], "texture": "#cluck_hunt_duo" },
				"south": { "uv": [ 12.48, 6.48, 13.52, 7.52 ], "texture": "#cluck_hunt_duo" },
				"west": { "uv": [ 12.48, 6.48, 13.52, 7.52 ], "texture": "#cluck_hunt_duo" },
				"east": { "uv": [ 12.48, 6.48, 13.52, 7.52 ], "texture": "#cluck_hunt_duo" }
			}
		},
		{
			"__comment": "Voxels-FFFFFF",
			"from": [ 8.500299, 17.0019, 3.0001 ],
			"to": [ 9.500299, 17.5019, 3.5001 ],
			"faces": {
				"down": { "uv": [ 2.48, 4.48, 3.52, 5.52 ], "texture": "#cluck_hunt_duo" },
				"north": { "uv": [ 2.48, 4.48, 3.52, 5.52 ], "texture": "#cluck_hunt_duo" }
			}
		},
		{
			"__comment": "Voxels-FA49A2",
			"from": [ 8.501599, 17.0008, 5.0012 ],
			"to": [ 10.00159, 18.0008, 5.5012 ],
			"faces": {
				"up": { "uv": [ 12.48, 6.48, 13.52, 7.52 ], "texture": "#cluck_hunt_duo" },
				"south": { "uv": [ 12.48, 6.48, 13.52, 7.52 ], "texture": "#cluck_hunt_duo" },
				"east": { "uv": [ 12.48, 6.48, 13.52, 7.52 ], "texture": "#cluck_hunt_duo" }
			}
		},
		{
			"__comment": "Voxels-FF55AA",
			"from": [ 8.5014, 17.5008, 2.5013 ],
			"to": [ 9.0014, 18.0008, 3.0013 ],
			"faces": {
				"down": { "uv": [ 0.48, 6.48, 1.52, 7.52 ], "texture": "#cluck_hunt_duo" },
				"up": { "uv": [ 0.48, 6.48, 1.52, 7.52 ], "texture": "#cluck_hunt_duo" },
				"north": { "uv": [ 0.48, 6.48, 1.52, 7.52 ], "texture": "#cluck_hunt_duo" }
			}
		},
		{
			"__comment": "Voxels-FA49A2",
			"from": [ 8.5012, 17.5018, 3.0004 ],
			"to": [ 10.0012, 18.0018, 3.5004 ],
			"faces": {
				"down": { "uv": [ 12.48, 6.48, 13.52, 7.52 ], "texture": "#cluck_hunt_duo" },
				"up": { "uv": [ 12.48, 6.48, 13.52, 7.52 ], "texture": "#cluck_hunt_duo" },
				"north": { "uv": [ 12.48, 6.48, 13.52, 7.52 ], "texture": "#cluck_hunt_duo" },
				"south": { "uv": [ 12.48, 6.48, 13.52, 7.52 ], "texture": "#cluck_hunt_duo" },
				"east": { "uv": [ 12.48, 6.48, 13.52, 7.52 ], "texture": "#cluck_hunt_duo" }
			}
		},
		{
			"__comment": "Voxels-FA49A2",
			"from": [ 8.500299, 18.0003, 3.0009 ],
			"to": [ 9.500299, 18.5003, 3.5009 ],
			"faces": {
				"up": { "uv": [ 12.48, 6.48, 13.52, 7.52 ], "texture": "#cluck_hunt_duo" },
				"north": { "uv": [ 12.48, 6.48, 13.52, 7.52 ], "texture": "#cluck_hunt_duo" },
				"east": { "uv": [ 12.48, 6.48, 13.52, 7.52 ], "texture": "#cluck_hunt_duo" }
			}
		},
		{
			"__comment": "Voxels-FA49A2",
			"from": [ 8.5015, 18.0013, 5.0013 ],
			"to": [ 9.5015, 18.5013, 5.5013 ],
			"faces": {
				"up": { "uv": [ 12.48, 6.48, 13.52, 7.52 ], "texture": "#cluck_hunt_duo" },
				"south": { "uv": [ 12.48, 6.48, 13.52, 7.52 ], "texture": "#cluck_hunt_duo" },
				"east": { "uv": [ 12.48, 6.48, 13.52, 7.52 ], "texture": "#cluck_hunt_duo" }
			}
		},
		{
			"__comment": "Voxels-FF55AA",
			"from": [ 9.000299, 14.0005, 5.502 ],
			"to": [ 9.500299, 15.0005, 6.002 ],
			"faces": {
				"south": { "uv": [ 0.48, 6.48, 1.52, 7.52 ], "texture": "#cluck_hunt_duo" },
				"west": { "uv": [ 0.48, 6.48, 1.52, 7.52 ], "texture": "#cluck_hunt_duo" },
				"east": { "uv": [ 0.48, 6.48, 1.52, 7.52 ], "texture": "#cluck_hunt_duo" }
			}
		},
		{
			"__comment": "Voxels-FF55AA",
			"from": [ 9, 15.0005, 2.5017 ],
			"to": [ 10, 15.5005, 3.0017 ],
			"faces": {
				"down": { "uv": [ 0.48, 6.48, 1.52, 7.52 ], "texture": "#cluck_hunt_duo" },
				"north": { "uv": [ 0.48, 6.48, 1.52, 7.52 ], "texture": "#cluck_hunt_duo" },
				"east": { "uv": [ 0.48, 6.48, 1.52, 7.52 ], "texture": "#cluck_hunt_duo" }
			}
		},
		{
			"__comment": "Voxels-FFFFFF",
			"from": [ 9.0012, 16.0003, 3.0015 ],
			"to": [ 9.5012, 17.0003, 3.5015 ],
			"faces": {
				"north": { "uv": [ 2.48, 4.48, 3.52, 5.52 ], "texture": "#cluck_hunt_duo" },
				"east": { "uv": [ 2.48, 4.48, 3.52, 5.52 ], "texture": "#cluck_hunt_duo" }
			}
		},
		{
			"__comment": "Voxels-FA49A2",
			"from": [ 9.0018, 16.0005, 4.0001 ],
			"to": [ 10.0018, 16.5005, 5.0001 ],
			"faces": {
				"down": { "uv": [ 12.48, 6.48, 13.52, 7.52 ], "texture": "#cluck_hunt_duo" },
				"north": { "uv": [ 12.48, 6.48, 13.52, 7.52 ], "texture": "#cluck_hunt_duo" },
				"west": { "uv": [ 12.48, 6.48, 13.52, 7.52 ], "texture": "#cluck_hunt_duo" },
				"east": { "uv": [ 12.48, 6.48, 13.52, 7.52 ], "texture": "#cluck_hunt_duo" }
			}
		},
		{
			"__comment": "Voxels-FA49A2",
			"from": [ 9.0007, 17.001, 5.5008 ],
			"to": [ 9.5007, 18.001, 6.0008 ],
			"faces": {
				"up": { "uv": [ 12.48, 6.48, 13.52, 7.52 ], "texture": "#cluck_hunt_duo" },
				"south": { "uv": [ 12.48, 6.48, 13.52, 7.52 ], "texture": "#cluck_hunt_duo" },
				"east": { "uv": [ 12.48, 6.48, 13.52, 7.52 ], "texture": "#cluck_hunt_duo" }
			}
		},
		{
			"__comment": "Voxels-FA49A2",
			"from": [ 9.0008, 17.5012, 2.5002 ],
			"to": [ 10.0008, 18.0012, 3.0002 ],
			"faces": {
				"down": { "uv": [ 12.48, 6.48, 13.52, 7.52 ], "texture": "#cluck_hunt_duo" },
				"up": { "uv": [ 12.48, 6.48, 13.52, 7.52 ], "texture": "#cluck_hunt_duo" },
				"north": { "uv": [ 12.48, 6.48, 13.52, 7.52 ], "texture": "#cluck_hunt_duo" },
				"east": { "uv": [ 12.48, 6.48, 13.52, 7.52 ], "texture": "#cluck_hunt_duo" }
			}
		},
		{
			"__comment": "Voxels-FF55AA",
			"from": [ 9.5018, 14.5008, 2.5018 ],
			"to": [ 10.0018, 15.0008, 3.0018 ],
			"faces": {
				"north": { "uv": [ 0.48, 6.48, 1.52, 7.52 ], "texture": "#cluck_hunt_duo" },
				"east": { "uv": [ 0.48, 6.48, 1.52, 7.52 ], "texture": "#cluck_hunt_duo" }
			}
		},
		{
			"__comment": "Voxels-FF55AA",
			"from": [ 9.5, 15.5013, 3.0003 ],
			"to": [ 10, 16.5013, 3.5003 ],
			"faces": {
				"north": { "uv": [ 0.48, 6.48, 1.52, 7.52 ], "texture": "#cluck_hunt_duo" },
				"south": { "uv": [ 0.48, 6.48, 1.52, 7.52 ], "texture": "#cluck_hunt_duo" },
				"west": { "uv": [ 0.48, 6.48, 1.52, 7.52 ], "texture": "#cluck_hunt_duo" },
				"east": { "uv": [ 0.48, 6.48, 1.52, 7.52 ], "texture": "#cluck_hunt_duo" }
			}
		},
		{
			"__comment": "Voxels-FF55AA",
			"from": [ 9.4998, 16.0016, 2.5006 ],
			"to": [ 9.9998, 17.0016, 3.0006 ],
			"faces": {
				"north": { "uv": [ 0.48, 6.48, 1.52, 7.52 ], "texture": "#cluck_hunt_duo" },
				"south": { "uv": [ 0.48, 6.48, 1.52, 7.52 ], "texture": "#cluck_hunt_duo" },
				"west": { "uv": [ 0.48, 6.48, 1.52, 7.52 ], "texture": "#cluck_hunt_duo" },
				"east": { "uv": [ 0.48, 6.48, 1.52, 7.52 ], "texture": "#cluck_hunt_duo" }
			}
		},
		{
			"__comment": "Voxels-FA49A2",
			"from": [ 9.5013, 16.0016, 3.5018 ],
			"to": [ 10.0013, 18.0016, 4.0018 ],
			"faces": {
				"up": { "uv": [ 12.48, 6.48, 13.52, 7.52 ], "texture": "#cluck_hunt_duo" },
				"north": { "uv": [ 12.48, 6.48, 13.52, 7.52 ], "texture": "#cluck_hunt_duo" },
				"south": { "uv": [ 12.48, 6.48, 13.52, 7.52 ], "texture": "#cluck_hunt_duo" },
				"east": { "uv": [ 12.48, 6.48, 13.52, 7.52 ], "texture": "#cluck_hunt_duo" }
			}
		},
		{
			"__comment": "Voxels-FA49A2",
			"from": [ 9.5001, 16.5006, 3.0012 ],
			"to": [ 10.0001, 17.5006, 3.5012 ],
			"faces": {
				"north": { "uv": [ 12.48, 6.48, 13.52, 7.52 ], "texture": "#cluck_hunt_duo" },
				"west": { "uv": [ 12.48, 6.48, 13.52, 7.52 ], "texture": "#cluck_hunt_duo" },
				"east": { "uv": [ 12.48, 6.48, 13.52, 7.52 ], "texture": "#cluck_hunt_duo" }
			}
		},
		{
			"__comment": "Voxels-FA49A2",
			"from": [ 9.500899, 17.0012, 2.5 ],
			"to": [ 10.0009, 17.5012, 3 ],
			"faces": {
				"north": { "uv": [ 12.48, 6.48, 13.52, 7.52 ], "texture": "#cluck_hunt_duo" },
				"west": { "uv": [ 12.48, 6.48, 13.52, 7.52 ], "texture": "#cluck_hunt_duo" },
				"east": { "uv": [ 12.48, 6.48, 13.52, 7.52 ], "texture": "#cluck_hunt_duo" }
			}
		}
	],
	"display": {
    "gui": {
        "rotation": [ 30, -45, -0 ],
        "translation": [ 0.75, -20.50, -1.00 ],
        "scale": [ 4.50, 4.50, 4.50 ]
    },
    "head": {
        "rotation": [ 0, 0, 0 ],
        "translation": [ 0.00, -16.00, 5.50 ],
        "scale": [ 4.00, 4.00, 4.00 ]
		}
	}
}