{
	"__comment": "Designed by Colin0904 with Cubik Studio - https://cubik.studio",
	"textures": {
		"particle": "blocks/corrin2",
		"mesh_palette": "blocks/corrin1"
	},
	"elements": [ 	 
		{
			"__comment": "Voxels-808080",
			"from": [ 1.5, 2, 0 ],
			"to": [ 14.5, 3, 2 ],
			"faces": {
				"down": { "uv": [ 2.5, 7, 9, 7.5 ], "texture": "#mesh_palette" },
				"up": { "uv": [ 2.5, 7, 9, 7.5 ], "texture": "#mesh_palette" },
				"north": { "uv": [ 2.5, 7, 9, 7.5 ], "texture": "#mesh_palette" },
				"south": { "uv": [ 2.5, 7, 9, 7.5 ], "texture": "#mesh_palette" },
				"west": { "uv": [ 2.5, 7, 9, 7.5 ], "texture": "#mesh_palette" },
				"east": { "uv": [ 8.5, 7, 9, 7.5 ], "texture": "#mesh_palette" }
			}
		},
		{
			"__comment": "Voxels-808080",
			"from": [ 2.5, 1, 0 ],
			"to": [ 13.5, 2, 2 ],
			"faces": {
				"down": { "uv": [ 3, 7.5, 8.5, 8 ], "texture": "#mesh_palette" },
				"up": { "uv": [ 3, 7.5, 8.5, 8 ], "texture": "#mesh_palette" },
				"north": { "uv": [ 3, 7.5, 8.5, 8 ], "texture": "#mesh_palette" },
				"south": { "uv": [ 3, 7.5, 8.5, 8 ], "texture": "#mesh_palette" },
				"west": { "uv": [ 3, 7.5, 8.5, 8 ], "texture": "#mesh_palette" },
				"east": { "uv": [ 3, 7.5, 8.5, 8 ], "texture": "#mesh_palette" }
			}
		},
		{
			"__comment": "Voxels-808080",
			"from": [ 4.5, -1, 0 ],
			"to": [ 11.5, 0, 2 ],
			"faces": {
				"down": { "uv": [ 4, 8.5, 7.5, 9 ], "texture": "#mesh_palette" },
				"up": { "uv": [ 4, 8.5, 7.5, 9 ], "texture": "#mesh_palette" },
				"north": { "uv": [ 4, 8.5, 7.5, 9 ], "texture": "#mesh_palette" },
				"south": { "uv": [ 4, 8.5, 7.5, 9 ], "texture": "#mesh_palette" },
				"west": { "uv": [ 4, 8.5, 7.5, 9 ], "texture": "#mesh_palette" },
				"east": { "uv": [ 4, 8.5, 7.5, 9 ], "texture": "#mesh_palette" }
			}
		},
		{
			"__comment": "Voxels-808080",
			"from": [ 5.5, 2, -0.5 ],
			"to": [ 10.5, 3, 1 ],
			"faces": {
				"down": { "uv": [ 4.5, 7, 7, 7.5 ], "texture": "#mesh_palette" },
				"up": { "uv": [ 4.5, 7, 7, 7.5 ], "texture": "#mesh_palette" },
				"north": { "uv": [ 4.5, 7, 7, 7.5 ], "texture": "#mesh_palette" },
				"south": { "uv": [ 4.5, 7, 7, 7.5 ], "texture": "#mesh_palette" },
				"west": { "uv": [ 4.5, 7, 7, 7.5 ], "texture": "#mesh_palette" },
				"east": { "uv": [ 4.5, 7, 7, 7.5 ], "texture": "#mesh_palette" }
			}
		},
		{
			"__comment": "Voxels-808080",
			"from": [ 7.5, 5, 1.5 ],
			"to": [ 8.5, 7, 2 ],
			"faces": {
				"down": { "uv": [ 5.5, 5, 6, 6 ], "texture": "#mesh_palette" },
				"up": { "uv": [ 5.5, 5, 6, 6 ], "texture": "#mesh_palette" },
				"north": { "uv": [ 5.5, 5, 6, 6 ], "texture": "#mesh_palette" },
				"south": { "uv": [ 5.5, 5, 6, 6 ], "texture": "#mesh_palette" },
				"west": { "uv": [ 5.5, 5, 6, 6 ], "texture": "#mesh_palette" },
				"east": { "uv": [ 5.5, 5, 6, 6 ], "texture": "#mesh_palette" }
			}
		},
		{
			"__comment": "Voxels-808080",
			"from": [ 7.5, 6.5, -1 ],
			"to": [ 8.5, 7, 1 ],
			"faces": {
				"down": { "uv": [ 5.5, 4.5, 6, 5 ], "texture": "#mesh_palette" },
				"up": { "uv": [ 5.5, 4.5, 6, 5 ], "texture": "#mesh_palette" },
				"north": { "uv": [ 5.5, 4.5, 6, 5 ], "texture": "#mesh_palette" },
				"south": { "uv": [ 5.5, 4.5, 6, 5 ], "texture": "#mesh_palette" },
				"west": { "uv": [ 5.5, 4.5, 6, 5 ], "texture": "#mesh_palette" },
				"east": { "uv": [ 5.5, 4.5, 6, 5 ], "texture": "#mesh_palette" }
			}
		},
		{
			"__comment": "Voxels-808080",
			"from": [ 0.5, 4, -1 ],
			"to": [ 1.5, 5, -0.5 ],
			"faces": {
				"down": { "uv": [ 12, 13, 12.5, 14 ], "texture": "#mesh_palette" },
				"up": { "uv": [ 12, 13, 12.5, 14 ], "texture": "#mesh_palette" },
				"north": { "uv": [ 12, 13, 12.5, 14 ], "texture": "#mesh_palette" },
				"south": { "uv": [ 12, 13, 12.5, 14 ], "texture": "#mesh_palette" },
				"west": { "uv": [ 12, 13, 12.5, 14 ], "texture": "#mesh_palette" },
				"east": { "uv": [ 12, 13, 12.5, 14 ], "texture": "#mesh_palette" }
			}
		},
		{
			"__comment": "Voxels-F1F1F1",
			"from": [ -0.5, 4, -1 ],
			"to": [ 0, 5, 0 ],
			"faces": {
				"down": { "uv": [ 12, 13.5, 12.5, 14 ], "texture": "#mesh_palette" },
				"up": { "uv": [ 12, 13.5, 12.5, 14 ], "texture": "#mesh_palette" },
				"north": { "uv": [ 12, 13.5, 12.5, 14 ], "texture": "#mesh_palette" },
				"south": { "uv": [ 12, 13.5, 12.5, 14 ], "texture": "#mesh_palette" },
				"west": { "uv": [ 12, 13.5, 12.5, 14 ], "texture": "#mesh_palette" },
				"east": { "uv": [ 12, 13.5, 12.5, 14 ], "texture": "#mesh_palette" }
			}
		},
		{
			"__comment": "Voxels-F1F1F1",
			"from": [ 15, 2.5, -1 ],
			"to": [ 15.5, 3, -0.5 ],
			"faces": {
				"down": { "uv": [ 4.5, 14, 5, 14.5 ], "texture": "#mesh_palette" },
				"up": { "uv": [ 15, 0, 15.5, 1 ], "texture": "#mesh_palette" },
				"north": { "uv": [ 4.5, 14, 5, 14.5 ], "texture": "#mesh_palette" },
				"south": { "uv": [ 4.5, 14, 5, 14.5 ], "texture": "#mesh_palette" },
				"west": { "uv": [ 4.5, 14, 5, 14.5 ], "texture": "#mesh_palette" },
				"east": { "uv": [ 4.5, 14, 5, 14.5 ], "texture": "#mesh_palette" }
			}
		},
		{
			"__comment": "Voxels-F1F1F1",
			"from": [ 2, 2.5, -1 ],
			"to": [ 2.5, 3.5, -0.5 ],
			"faces": {
				"down": { "uv": [ 11.5, 14, 12, 14.5 ], "texture": "#mesh_palette" },
				"up": { "uv": [ 2, 0, 2.5, 1 ], "texture": "#mesh_palette" },
				"north": { "uv": [ 11.5, 14, 12, 14.5 ], "texture": "#mesh_palette" },
				"south": { "uv": [ 11.5, 14, 12, 14.5 ], "texture": "#mesh_palette" },
				"west": { "uv": [ 11.5, 14, 12, 14.5 ], "texture": "#mesh_palette" },
				"east": { "uv": [ 11.5, 14, 12, 14.5 ], "texture": "#mesh_palette" }
			}
		},
		{
			"__comment": "Box65",
			"from": [ 15, 4, 5 ],
			"to": [ 16, 6, 18.5 ],
			"faces": {
				"down": { "uv": [ 12.5, 0, 13, 12 ], "texture": "#mesh_palette", "rotation": 180 },
				"up": { "uv": [ 12.5, 0, 13, 12 ], "texture": "#mesh_palette", "rotation": 180 },
				"north": { "uv": [ 12.5, 1, 13, 9 ], "texture": "#mesh_palette" },
				"south": { "uv": [ 12.5, 1, 13, 9 ], "texture": "#mesh_palette" },
				"west": { "uv": [ 12.5, 0, 15, 12 ], "texture": "#mesh_palette", "rotation": 90 },
				"east": { "uv": [ 12.5, 0, 15, 12 ], "texture": "#mesh_palette", "rotation": 90 }
			}
		},
		{
			"__comment": "Box65",
			"from": [ 0, 4, 5 ],
			"to": [ 1, 6, 18.5 ],
			"faces": {
				"down": { "uv": [ 12.5, 0, 13, 12 ], "texture": "#mesh_palette", "rotation": 180 },
				"up": { "uv": [ 12.5, 0, 13, 12 ], "texture": "#mesh_palette", "rotation": 180 },
				"north": { "uv": [ 12.5, 1, 13, 9 ], "texture": "#mesh_palette" },
				"south": { "uv": [ 12.5, 1, 13, 9 ], "texture": "#mesh_palette" },
				"west": { "uv": [ 12.5, 0, 15, 12 ], "texture": "#mesh_palette", "rotation": 90 },
				"east": { "uv": [ 12.5, 0, 15, 12 ], "texture": "#mesh_palette", "rotation": 90 }
			}
		},
		{
			"__comment": "Voxels-808080",
			"from": [ -0.5, 5, 0 ],
			"to": [ 7.5, 6, 2 ],
			"faces": {
				"down": { "uv": [ 6, 5.5, 10, 6 ], "texture": "#mesh_palette" },
				"up": { "uv": [ 6, 5.5, 10, 6 ], "texture": "#mesh_palette" },
				"north": { "uv": [ 6, 5.5, 10, 6 ], "texture": "#mesh_palette" },
				"south": { "uv": [ 6, 5.5, 10, 6 ], "texture": "#mesh_palette" },
				"west": { "uv": [ 6, 5.5, 10, 6 ], "texture": "#mesh_palette" },
				"east": { "uv": [ 6, 5.5, 10, 6 ], "texture": "#mesh_palette" }
			}
		},
		{
			"__comment": "Voxels-808080",
			"from": [ -0.5, 6, 0 ],
			"to": [ 7.5, 7, 2 ],
			"faces": {
				"down": { "uv": [ 6, 5, 10, 5.5 ], "texture": "#mesh_palette" },
				"up": { "uv": [ 6, 5, 10, 5.5 ], "texture": "#mesh_palette" },
				"north": { "uv": [ 6, 5, 10, 5.5 ], "texture": "#mesh_palette" },
				"south": { "uv": [ 6, 5, 10, 5.5 ], "texture": "#mesh_palette" },
				"west": { "uv": [ 6, 5, 10, 5.5 ], "texture": "#mesh_palette" },
				"east": { "uv": [ 6, 5, 10, 5.5 ], "texture": "#mesh_palette" }
			}
		},
		{
			"__comment": "Voxels-808080",
			"from": [ 8.5, 7, 0 ],
			"to": [ 16.5, 8, 2 ],
			"faces": {
				"down": { "uv": [ 1.5, 4.5, 5.5, 5 ], "texture": "#mesh_palette" },
				"up": { "uv": [ 1.5, 4.5, 5.5, 5 ], "texture": "#mesh_palette" },
				"north": { "uv": [ 1.5, 4.5, 5.5, 5 ], "texture": "#mesh_palette" },
				"south": { "uv": [ 1.5, 4.5, 5.5, 5 ], "texture": "#mesh_palette" },
				"west": { "uv": [ 1.5, 4.5, 5.5, 5 ], "texture": "#mesh_palette" },
				"east": { "uv": [ 1.5, 4.5, 5.5, 5 ], "texture": "#mesh_palette" }
			}
		},
		{
			"__comment": "Voxels-808080",
			"from": [ 8.5, 6, 0 ],
			"to": [ 16.5, 7, 2 ],
			"faces": {
				"down": { "uv": [ 1.5, 5, 5.5, 5.5 ], "texture": "#mesh_palette" },
				"up": { "uv": [ 1.5, 5, 5.5, 5.5 ], "texture": "#mesh_palette" },
				"north": { "uv": [ 1.5, 5, 5.5, 5.5 ], "texture": "#mesh_palette" },
				"south": { "uv": [ 1.5, 5, 5.5, 5.5 ], "texture": "#mesh_palette" },
				"west": { "uv": [ 1.5, 5, 5.5, 5.5 ], "texture": "#mesh_palette" },
				"east": { "uv": [ 1.5, 5, 5.5, 5.5 ], "texture": "#mesh_palette" }
			}
		},
		{
			"__comment": "Voxels-808080",
			"from": [ 7.5, 5, -1 ],
			"to": [ 8.5, 6.5, 1 ],
			"faces": {
				"down": { "uv": [ 5.5, 5, 6, 6 ], "texture": "#mesh_palette" },
				"up": { "uv": [ 5.5, 5, 6, 6 ], "texture": "#mesh_palette" },
				"north": { "uv": [ 5.5, 5, 6, 6 ], "texture": "#mesh_palette" },
				"south": { "uv": [ 5.5, 5, 6, 6 ], "texture": "#mesh_palette" },
				"west": { "uv": [ 5.5, 5, 6, 6 ], "texture": "#mesh_palette" },
				"east": { "uv": [ 5.5, 5, 6, 6 ], "texture": "#mesh_palette" }
			}
		},
		{
			"__comment": "Voxels-808080",
			"from": [ 0.5, 3, 0 ],
			"to": [ 15.5, 4, 2 ],
			"faces": {
				"down": { "uv": [ 2, 6.5, 9.5, 7 ], "texture": "#mesh_palette" },
				"up": { "uv": [ 2, 6.5, 9.5, 7 ], "texture": "#mesh_palette" },
				"north": { "uv": [ 2, 6.5, 9.5, 7 ], "texture": "#mesh_palette" },
				"south": { "uv": [ 2, 6.5, 9.5, 7 ], "texture": "#mesh_palette" },
				"west": { "uv": [ 2, 6.5, 9.5, 7 ], "texture": "#mesh_palette" },
				"east": { "uv": [ 2, 6.5, 9.5, 7 ], "texture": "#mesh_palette" }
			}
		},
		{
			"__comment": "Voxels-808080",
			"from": [ 3.5, 0, 0 ],
			"to": [ 12.5, 1, 2 ],
			"faces": {
				"down": { "uv": [ 3.5, 8, 8, 8.5 ], "texture": "#mesh_palette" },
				"up": { "uv": [ 3.5, 8, 8, 8.5 ], "texture": "#mesh_palette" },
				"north": { "uv": [ 3.5, 8, 8, 8.5 ], "texture": "#mesh_palette" },
				"south": { "uv": [ 3.5, 8, 8, 8.5 ], "texture": "#mesh_palette" },
				"west": { "uv": [ 3.5, 8, 8, 8.5 ], "texture": "#mesh_palette" },
				"east": { "uv": [ 3.5, 8, 8, 8.5 ], "texture": "#mesh_palette" }
			}
		},
		{
			"__comment": "Voxels-808080",
			"from": [ -0.5, 4, 0 ],
			"to": [ 16.5, 5, 2 ],
			"faces": {
				"down": { "uv": [ 1.5, 6, 10, 6.5 ], "texture": "#mesh_palette" },
				"up": { "uv": [ 1.5, 6, 10, 6.5 ], "texture": "#mesh_palette" },
				"north": { "uv": [ 1.5, 6, 10, 6.5 ], "texture": "#mesh_palette" },
				"south": { "uv": [ 1.5, 6, 10, 6.5 ], "texture": "#mesh_palette" },
				"west": { "uv": [ 1.5, 6, 10, 6.5 ], "texture": "#mesh_palette" },
				"east": { "uv": [ 1.5, 6, 10, 6.5 ], "texture": "#mesh_palette" }
			}
		},
		{
			"__comment": "Voxels-808080",
			"from": [ 8.5, 5, 0 ],
			"to": [ 16.5, 6, 2 ],
			"faces": {
				"down": { "uv": [ 1.5, 5.5, 5.5, 6 ], "texture": "#mesh_palette" },
				"up": { "uv": [ 1.5, 5.5, 5.5, 6 ], "texture": "#mesh_palette" },
				"north": { "uv": [ 1.5, 5.5, 5.5, 6 ], "texture": "#mesh_palette" },
				"south": { "uv": [ 1.5, 5.5, 5.5, 6 ], "texture": "#mesh_palette" },
				"west": { "uv": [ 1.5, 5.5, 5.5, 6 ], "texture": "#mesh_palette" },
				"east": { "uv": [ 1.5, 5.5, 5.5, 6 ], "texture": "#mesh_palette" }
			}
		},
		{
			"__comment": "Voxels-808080",
			"from": [ 5.5, 8, 0 ],
			"to": [ 6.5, 10, 2 ],
			"faces": {
				"down": { "uv": [ 6.5, 3.5, 7, 4.5 ], "texture": "#mesh_palette" },
				"up": { "uv": [ 6.5, 3.5, 7, 4.5 ], "texture": "#mesh_palette" },
				"north": { "uv": [ 6.5, 3.5, 7, 4.5 ], "texture": "#mesh_palette" },
				"south": { "uv": [ 6.5, 3.5, 7, 4.5 ], "texture": "#mesh_palette" },
				"west": { "uv": [ 6.5, 3.5, 7, 4.5 ], "texture": "#mesh_palette" },
				"east": { "uv": [ 6.5, 3.5, 7, 4.5 ], "texture": "#mesh_palette" }
			}
		},
		{
			"__comment": "Voxels-808080",
			"from": [ 2.5, 10, 0.5 ],
			"to": [ 4.5, 11, 2 ],
			"faces": {
				"down": { "uv": [ 7.5, 3, 8.5, 3.5 ], "texture": "#mesh_palette" },
				"up": { "uv": [ 7.5, 3, 8.5, 3.5 ], "texture": "#mesh_palette" },
				"north": { "uv": [ 7.5, 3, 8.5, 3.5 ], "texture": "#mesh_palette" },
				"south": { "uv": [ 7.5, 3, 8.5, 3.5 ], "texture": "#mesh_palette" },
				"west": { "uv": [ 7.5, 3, 8.5, 3.5 ], "texture": "#mesh_palette" },
				"east": { "uv": [ 7.5, 3, 8.5, 3.5 ], "texture": "#mesh_palette" }
			}
		},
		{
			"__comment": "Voxels-808080",
			"from": [ 1.5, 8, 0.5 ],
			"to": [ 5.5, 10, 2 ],
			"faces": {
				"down": { "uv": [ 7, 3.5, 9, 4.5 ], "texture": "#mesh_palette" },
				"up": { "uv": [ 7, 3.5, 9, 4.5 ], "texture": "#mesh_palette" },
				"north": { "uv": [ 7, 3.5, 9, 4.5 ], "texture": "#mesh_palette" },
				"south": { "uv": [ 7, 3.5, 9, 4.5 ], "texture": "#mesh_palette" },
				"west": { "uv": [ 7, 3.5, 9, 4.5 ], "texture": "#mesh_palette" },
				"east": { "uv": [ 7, 3.5, 9, 4.5 ], "texture": "#mesh_palette" }
			}
		},
		{
			"__comment": "Voxels-808080",
			"from": [ 10.5, 10, 0 ],
			"to": [ 11.5, 11, 2 ],
			"faces": {
				"down": { "uv": [ 4, 3, 4.5, 3.5 ], "texture": "#mesh_palette" },
				"up": { "uv": [ 4, 3, 4.5, 3.5 ], "texture": "#mesh_palette" },
				"north": { "uv": [ 4, 3, 4.5, 3.5 ], "texture": "#mesh_palette" },
				"south": { "uv": [ 4, 3, 4.5, 3.5 ], "texture": "#mesh_palette" },
				"west": { "uv": [ 4, 3, 4.5, 3.5 ], "texture": "#mesh_palette" },
				"east": { "uv": [ 4, 3, 4.5, 3.5 ], "texture": "#mesh_palette" }
			}
		},
		{
			"__comment": "Voxels-808080",
			"from": [ -0.5, 8, 0 ],
			"to": [ 1.5, 10, 2 ],
			"faces": {
				"down": { "uv": [ 9, 3.5, 10, 4.5 ], "texture": "#mesh_palette" },
				"up": { "uv": [ 9, 3.5, 10, 4.5 ], "texture": "#mesh_palette" },
				"north": { "uv": [ 9, 3.5, 10, 4.5 ], "texture": "#mesh_palette" },
				"south": { "uv": [ 9, 3.5, 10, 4.5 ], "texture": "#mesh_palette" },
				"west": { "uv": [ 9, 3.5, 10, 4.5 ], "texture": "#mesh_palette" },
				"east": { "uv": [ 9, 3.5, 10, 4.5 ], "texture": "#mesh_palette" }
			}
		},
		{
			"__comment": "Voxels-808080",
			"from": [ -0.5, 7, 0 ],
			"to": [ 8.5, 8, 2 ],
			"faces": {
				"down": { "uv": [ 7, 4.5, 10.5, 5 ], "texture": "#mesh_palette" },
				"up": { "uv": [ 7, 4.5, 10.5, 5 ], "texture": "#mesh_palette" },
				"north": { "uv": [ 7, 4.5, 10.5, 5 ], "texture": "#mesh_palette" },
				"south": { "uv": [ 7, 4.5, 10.5, 5 ], "texture": "#mesh_palette" },
				"west": { "uv": [ 7, 4.5, 10.5, 5 ], "texture": "#mesh_palette" },
				"east": { "uv": [ 7, 4.5, 10.5, 5 ], "texture": "#mesh_palette" }
			}
		},
		{
			"__comment": "Voxels-808080",
			"from": [ -0.5, 12, 0 ],
			"to": [ 16.5, 13, 2 ],
			"faces": {
				"down": { "uv": [ 6, 3, 7.5, 3.5 ], "texture": "#mesh_palette" },
				"up": { "uv": [ 6, 3, 7.5, 3.5 ], "texture": "#mesh_palette" },
				"north": { "uv": [ 6, 3, 7.5, 3.5 ], "texture": "#mesh_palette" },
				"south": { "uv": [ 6, 3, 7.5, 3.5 ], "texture": "#mesh_palette" },
				"west": { "uv": [ 6, 3, 7.5, 3.5 ], "texture": "#mesh_palette" },
				"east": { "uv": [ 6, 3, 7.5, 3.5 ], "texture": "#mesh_palette" }
			}
		},
		{
			"__comment": "Voxels-808080",
			"from": [ 6.5, 8, 0 ],
			"to": [ 9.5, 9, 2 ],
			"faces": {
				"down": { "uv": [ 5, 4, 5.5, 4.5 ], "texture": "#mesh_palette" },
				"up": { "uv": [ 5, 4, 5.5, 4.5 ], "texture": "#mesh_palette" },
				"north": { "uv": [ 5, 4, 5.5, 4.5 ], "texture": "#mesh_palette" },
				"south": { "uv": [ 5, 4, 5.5, 4.5 ], "texture": "#mesh_palette" },
				"west": { "uv": [ 5, 4, 5.5, 4.5 ], "texture": "#mesh_palette" },
				"east": { "uv": [ 5, 4, 5.5, 4.5 ], "texture": "#mesh_palette" }
			}
		},
		{
			"__comment": "Voxels-808080",
			"from": [ 10.5, 8, 0.5 ],
			"to": [ 14.5, 10, 2 ],
			"faces": {
				"down": { "uv": [ 2.5, 3.5, 4.5, 4.5 ], "texture": "#mesh_palette" },
				"up": { "uv": [ 2.5, 3.5, 4.5, 4.5 ], "texture": "#mesh_palette" },
				"north": { "uv": [ 2.5, 3.5, 4.5, 4.5 ], "texture": "#mesh_palette" },
				"south": { "uv": [ 2.5, 3.5, 4.5, 4.5 ], "texture": "#mesh_palette" },
				"west": { "uv": [ 2.5, 3.5, 4.5, 4.5 ], "texture": "#mesh_palette" },
				"east": { "uv": [ 2.5, 3.5, 4.5, 4.5 ], "texture": "#mesh_palette" }
			}
		},
		{
			"__comment": "Voxels-808080",
			"from": [ 11.5, 10, 0.5 ],
			"to": [ 13.5, 11, 2 ],
			"faces": {
				"down": { "uv": [ 3, 3, 4, 3.5 ], "texture": "#mesh_palette" },
				"up": { "uv": [ 3, 3, 4, 3.5 ], "texture": "#mesh_palette" },
				"north": { "uv": [ 3, 3, 4, 3.5 ], "texture": "#mesh_palette" },
				"south": { "uv": [ 3, 3, 4, 3.5 ], "texture": "#mesh_palette" },
				"west": { "uv": [ 3, 3, 4, 3.5 ], "texture": "#mesh_palette" },
				"east": { "uv": [ 3, 3, 4, 3.5 ], "texture": "#mesh_palette" }
			}
		},
		{
			"__comment": "Voxels-808080",
			"from": [ 10.5, 11, 0 ],
			"to": [ 12.5, 12, 2 ],
			"faces": {
				"down": { "uv": [ 4, 3, 4.5, 3.5 ], "texture": "#mesh_palette" },
				"up": { "uv": [ 4, 3, 4.5, 3.5 ], "texture": "#mesh_palette" },
				"north": { "uv": [ 4, 3, 4.5, 3.5 ], "texture": "#mesh_palette" },
				"south": { "uv": [ 4, 3, 4.5, 3.5 ], "texture": "#mesh_palette" },
				"west": { "uv": [ 4, 3, 4.5, 3.5 ], "texture": "#mesh_palette" },
				"east": { "uv": [ 4, 3, 4.5, 3.5 ], "texture": "#mesh_palette" }
			}
		},
		{
			"__comment": "Voxels-808080",
			"from": [ 6.5, 9, 0 ],
			"to": [ 7.5, 10, 2 ],
			"faces": {
				"down": { "uv": [ 6, 3.5, 6.5, 4 ], "texture": "#mesh_palette" },
				"up": { "uv": [ 6, 3.5, 6.5, 4 ], "texture": "#mesh_palette" },
				"north": { "uv": [ 6, 3.5, 6.5, 4 ], "texture": "#mesh_palette" },
				"south": { "uv": [ 6, 3.5, 6.5, 4 ], "texture": "#mesh_palette" },
				"west": { "uv": [ 6, 3.5, 6.5, 4 ], "texture": "#mesh_palette" },
				"east": { "uv": [ 6, 3.5, 6.5, 4 ], "texture": "#mesh_palette" }
			}
		},
		{
			"__comment": "Voxels-808080",
			"from": [ 4.5, 10, 0 ],
			"to": [ 7.5, 11, 2 ],
			"faces": {
				"down": { "uv": [ 6, 3, 7.5, 3.5 ], "texture": "#mesh_palette" },
				"up": { "uv": [ 6, 3, 7.5, 3.5 ], "texture": "#mesh_palette" },
				"north": { "uv": [ 6, 3, 7.5, 3.5 ], "texture": "#mesh_palette" },
				"south": { "uv": [ 6, 3, 7.5, 3.5 ], "texture": "#mesh_palette" },
				"west": { "uv": [ 6, 3, 7.5, 3.5 ], "texture": "#mesh_palette" },
				"east": { "uv": [ 6, 3, 7.5, 3.5 ], "texture": "#mesh_palette" }
			}
		},
		{
			"__comment": "Voxels-808080",
			"from": [ 2.5, 11, 0 ],
			"to": [ 5.5, 12, 2 ],
			"faces": {
				"down": { "uv": [ 6, 3, 7.5, 3.5 ], "texture": "#mesh_palette" },
				"up": { "uv": [ 6, 3, 7.5, 3.5 ], "texture": "#mesh_palette" },
				"north": { "uv": [ 6, 3, 7.5, 3.5 ], "texture": "#mesh_palette" },
				"south": { "uv": [ 6, 3, 7.5, 3.5 ], "texture": "#mesh_palette" },
				"west": { "uv": [ 6, 3, 7.5, 3.5 ], "texture": "#mesh_palette" },
				"east": { "uv": [ 6, 3, 7.5, 3.5 ], "texture": "#mesh_palette" }
			}
		},
		{
			"__comment": "Voxels-808080",
			"from": [ 14.5, 8, 0 ],
			"to": [ 16.5, 12, 2 ],
			"faces": {
				"down": { "uv": [ 1.5, 3.5, 2.5, 4.5 ], "texture": "#mesh_palette" },
				"up": { "uv": [ 1.5, 3.5, 2.5, 4.5 ], "texture": "#mesh_palette" },
				"north": { "uv": [ 1.5, 3.5, 2.5, 4.5 ], "texture": "#mesh_palette" },
				"south": { "uv": [ 1.5, 3.5, 2.5, 4.5 ], "texture": "#mesh_palette" },
				"west": { "uv": [ 1.5, 3.5, 2.5, 4.5 ], "texture": "#mesh_palette" },
				"east": { "uv": [ 1.5, 3.5, 2.5, 4.5 ], "texture": "#mesh_palette" }
			}
		},
		{
			"__comment": "Voxels-808080",
			"from": [ 13.5, 10, 0 ],
			"to": [ 14.5, 12, 2 ],
			"faces": {
				"down": { "uv": [ 2.5, 2.5, 3, 3.5 ], "texture": "#mesh_palette" },
				"up": { "uv": [ 2.5, 2.5, 3, 3.5 ], "texture": "#mesh_palette" },
				"north": { "uv": [ 2.5, 2.5, 3, 3.5 ], "texture": "#mesh_palette" },
				"south": { "uv": [ 2.5, 2.5, 3, 3.5 ], "texture": "#mesh_palette" },
				"west": { "uv": [ 2.5, 2.5, 3, 3.5 ], "texture": "#mesh_palette" },
				"east": { "uv": [ 2.5, 2.5, 3, 3.5 ], "texture": "#mesh_palette" }
			}
		},
		{
			"__comment": "Voxels-808080",
			"from": [ 9.5, 10, 0 ],
			"to": [ 10.5, 12, 2 ],
			"faces": {
				"down": { "uv": [ 4.5, 3.5, 5, 4.5 ], "texture": "#mesh_palette" },
				"up": { "uv": [ 4.5, 3.5, 5, 4.5 ], "texture": "#mesh_palette" },
				"north": { "uv": [ 4.5, 3.5, 5, 4.5 ], "texture": "#mesh_palette" },
				"south": { "uv": [ 4.5, 3.5, 5, 4.5 ], "texture": "#mesh_palette" },
				"west": { "uv": [ 4.5, 3.5, 5, 4.5 ], "texture": "#mesh_palette" },
				"east": { "uv": [ 4.5, 3.5, 5, 4.5 ], "texture": "#mesh_palette" }
			}
		},
		{
			"__comment": "Voxels-808080",
			"from": [ 12.5, 11, 0 ],
			"to": [ 13.5, 12, 2 ],
			"faces": {
				"down": { "uv": [ 3, 2.5, 3.5, 3 ], "texture": "#mesh_palette" },
				"up": { "uv": [ 3, 2.5, 3.5, 3 ], "texture": "#mesh_palette" },
				"north": { "uv": [ 3, 2.5, 3.5, 3 ], "texture": "#mesh_palette" },
				"south": { "uv": [ 3, 2.5, 3.5, 3 ], "texture": "#mesh_palette" },
				"west": { "uv": [ 3, 2.5, 3.5, 3 ], "texture": "#mesh_palette" },
				"east": { "uv": [ 3, 2.5, 3.5, 3 ], "texture": "#mesh_palette" }
			}
		},
		{
			"__comment": "Voxels-808080",
			"from": [ -0.5, 1, 3.5 ],
			"to": [ 17, 3, 5 ],
			"faces": {
				"down": { "uv": [ 3.5, 8, 12, 9 ], "texture": "#particle" },
				"up": { "uv": [ 3.5, 8, 12, 9 ], "texture": "#particle" },
				"north": { "uv": [ 3.5, 8, 12, 9 ], "texture": "#particle" },
				"south": { "uv": [ 3.5, 8, 12, 9 ], "texture": "#particle" },
				"west": { "uv": [ 4, 8, 4.5, 9 ], "texture": "#particle" },
				"east": { "uv": [ 11.5, 8, 12, 9 ], "texture": "#particle" }
			}
		},
		{
			"__comment": "Voxels-808080",
			"from": [ 9.5, 8, 0 ],
			"to": [ 10.5, 10, 2 ],
			"faces": {
				"down": { "uv": [ 4.5, 3.5, 5, 4.5 ], "texture": "#mesh_palette" },
				"up": { "uv": [ 4.5, 3.5, 5, 4.5 ], "texture": "#mesh_palette" },
				"north": { "uv": [ 4.5, 3.5, 5, 4.5 ], "texture": "#mesh_palette" },
				"south": { "uv": [ 4.5, 3.5, 5, 4.5 ], "texture": "#mesh_palette" },
				"west": { "uv": [ 4.5, 3.5, 5, 4.5 ], "texture": "#mesh_palette" },
				"east": { "uv": [ 4.5, 3.5, 5, 4.5 ], "texture": "#mesh_palette" }
			}
		},
		{
			"__comment": "Voxels-808080",
			"from": [ -0.5, 10, 0 ],
			"to": [ 2.5, 12, 2 ],
			"faces": {
				"down": { "uv": [ 8.999999, 3.5, 9.999999, 4.5 ], "texture": "#mesh_palette" },
				"up": { "uv": [ 8.999999, 3.5, 9.999999, 4.5 ], "texture": "#mesh_palette" },
				"north": { "uv": [ 8.999999, 3.5, 9.999999, 4.5 ], "texture": "#mesh_palette" },
				"south": { "uv": [ 8.999999, 3.5, 9.999999, 4.5 ], "texture": "#mesh_palette" },
				"west": { "uv": [ 8.999999, 3.5, 9.999999, 4.5 ], "texture": "#mesh_palette" },
				"east": { "uv": [ 8.999999, 3.5, 9.999999, 4.5 ], "texture": "#mesh_palette" }
			}
		},
		{
			"__comment": "Voxels-808080",
			"from": [ 5.5, 11, 0 ],
			"to": [ 7.5, 12, 2 ],
			"faces": {
				"down": { "uv": [ 6, 2.5, 7, 3 ], "texture": "#mesh_palette" },
				"up": { "uv": [ 6, 2.5, 7, 3 ], "texture": "#mesh_palette" },
				"north": { "uv": [ 6, 2.5, 7, 3 ], "texture": "#mesh_palette" },
				"south": { "uv": [ 6, 2.5, 7, 3 ], "texture": "#mesh_palette" },
				"west": { "uv": [ 6, 2.5, 7, 3 ], "texture": "#mesh_palette" },
				"east": { "uv": [ 6, 2.5, 7, 3 ], "texture": "#mesh_palette" }
			}
		},
		{
			"__comment": "Voxels-808080",
			"from": [ 7.5, 9, 0 ],
			"to": [ 9.5, 12, 2 ],
			"faces": {
				"down": { "uv": [ 6, 2.5, 7, 4 ], "texture": "#mesh_palette" },
				"up": { "uv": [ 6, 2.5, 7, 4 ], "texture": "#mesh_palette" },
				"north": { "uv": [ 6, 2.5, 7, 4 ], "texture": "#mesh_palette" },
				"south": { "uv": [ 6, 2.5, 7, 4 ], "texture": "#mesh_palette" },
				"west": { "uv": [ 6, 2.5, 7, 4 ], "texture": "#mesh_palette" },
				"east": { "uv": [ 6, 2.5, 7, 4 ], "texture": "#mesh_palette" }
			}
		},
		{
			"__comment": "Voxels-808080",
			"from": [ 4.5, 7, -1.5 ],
			"to": [ 6.5, 8, -1 ],
			"faces": {
				"down": { "uv": [ 6, 4.5, 7, 5 ], "texture": "#mesh_palette" },
				"up": { "uv": [ 6, 4.5, 7, 5 ], "texture": "#mesh_palette" },
				"north": { "uv": [ 6, 4.5, 7, 5 ], "texture": "#mesh_palette" },
				"south": { "uv": [ 6, 4.5, 7, 5 ], "texture": "#mesh_palette" },
				"west": { "uv": [ 6, 4.5, 7, 5 ], "texture": "#mesh_palette" },
				"east": { "uv": [ 6, 4.5, 7, 5 ], "texture": "#mesh_palette" }
			}
		},
		{
			"__comment": "Voxels-808080",
			"from": [ 5.5, 8, -1.5 ],
			"to": [ 7.5, 9, -1 ],
			"faces": {
				"down": { "uv": [ 5.5, 4, 6.5, 4.5 ], "texture": "#mesh_palette" },
				"up": { "uv": [ 5.5, 4, 6.5, 4.5 ], "texture": "#mesh_palette" },
				"north": { "uv": [ 5.5, 4, 6.5, 4.5 ], "texture": "#mesh_palette" },
				"south": { "uv": [ 5.5, 4, 6.5, 4.5 ], "texture": "#mesh_palette" },
				"west": { "uv": [ 5.5, 4, 6.5, 4.5 ], "texture": "#mesh_palette" },
				"east": { "uv": [ 5.5, 4, 6.5, 4.5 ], "texture": "#mesh_palette" }
			}
		},
		{
			"__comment": "Voxels-808080",
			"from": [ 0, 5, -1 ],
			"to": [ 2, 6, -0.5 ],
			"faces": {
				"down": { "uv": [ 12, 14.5, 13, 15 ], "texture": "#mesh_palette" },
				"up": { "uv": [ 12, 14.5, 13, 15 ], "texture": "#mesh_palette" },
				"north": { "uv": [ 12, 14.5, 13, 15 ], "texture": "#mesh_palette" },
				"south": { "uv": [ 12, 14.5, 13, 15 ], "texture": "#mesh_palette" },
				"west": { "uv": [ 12, 14.5, 13, 15 ], "texture": "#mesh_palette" },
				"east": { "uv": [ 12, 14.5, 13, 15 ], "texture": "#mesh_palette" }
			}
		},
		{
			"__comment": "Voxels-808080",
			"from": [ 6.5, 10, -1.5 ],
			"to": [ 9.5, 11, -1 ],
			"faces": {
				"down": { "uv": [ 4.5, 3, 6, 3.5 ], "texture": "#mesh_palette" },
				"up": { "uv": [ 4.5, 3, 6, 3.5 ], "texture": "#mesh_palette" },
				"north": { "uv": [ 4.5, 3, 6, 3.5 ], "texture": "#mesh_palette" },
				"south": { "uv": [ 4.5, 3, 6, 3.5 ], "texture": "#mesh_palette" },
				"west": { "uv": [ 4.5, 3, 6, 3.5 ], "texture": "#mesh_palette" },
				"east": { "uv": [ 4.5, 3, 6, 3.5 ], "texture": "#mesh_palette" }
			}
		},
		{
			"__comment": "Voxels-808080",
			"from": [ 6.5, 11, -1.5 ],
			"to": [ 10.5, 12, -1 ],
			"faces": {
				"down": { "uv": [ 4.5, 2.5, 6, 3 ], "texture": "#mesh_palette" },
				"up": { "uv": [ 4.5, 2.5, 6, 3 ], "texture": "#mesh_palette" },
				"north": { "uv": [ 4.5, 2.5, 6, 3 ], "texture": "#mesh_palette" },
				"south": { "uv": [ 4.5, 2.5, 6, 3 ], "texture": "#mesh_palette" },
				"west": { "uv": [ 4.5, 2.5, 6, 3 ], "texture": "#mesh_palette" },
				"east": { "uv": [ 4.5, 2.5, 6, 3 ], "texture": "#mesh_palette" }
			}
		},
		{
			"__comment": "Voxels-808080",
			"from": [ 6.5, 9, -1.5 ],
			"to": [ 8.5, 10, -1 ],
			"faces": {
				"down": { "uv": [ 5, 3.5, 6, 4 ], "texture": "#mesh_palette" },
				"up": { "uv": [ 5, 3.5, 6, 4 ], "texture": "#mesh_palette" },
				"north": { "uv": [ 5, 3.5, 6, 4 ], "texture": "#mesh_palette" },
				"south": { "uv": [ 5, 3.5, 6, 4 ], "texture": "#mesh_palette" },
				"west": { "uv": [ 5, 3.5, 6, 4 ], "texture": "#mesh_palette" },
				"east": { "uv": [ 5, 3.5, 6, 4 ], "texture": "#mesh_palette" }
			}
		},
		{
			"__comment": "Voxels-808080",
			"from": [ -0.5, 10, -1.5 ],
			"to": [ 2.5, 11, -1 ],
			"faces": {
				"down": { "uv": [ 8.5, 3, 10, 3.5 ], "texture": "#mesh_palette" },
				"up": { "uv": [ 8.5, 3, 10, 3.5 ], "texture": "#mesh_palette" },
				"north": { "uv": [ 8.5, 3, 10, 3.5 ], "texture": "#mesh_palette" },
				"south": { "uv": [ 8.5, 3, 10, 3.5 ], "texture": "#mesh_palette" },
				"west": { "uv": [ 8.5, 3, 10, 3.5 ], "texture": "#mesh_palette" },
				"east": { "uv": [ 8.5, 3, 10, 3.5 ], "texture": "#mesh_palette" }
			}
		},
		{
			"__comment": "Voxels-808080",
			"from": [ -0.5, 13, -1.5 ],
			"to": [ 16.5, 14, 0 ],
			"faces": {
				"down": { "uv": [ 1.5, 1.5, 10, 2 ], "texture": "#mesh_palette" },
				"up": { "uv": [ 1.5, 1.5, 10, 2 ], "texture": "#mesh_palette" },
				"north": { "uv": [ 1.5, 1.5, 10, 2 ], "texture": "#mesh_palette" },
				"south": { "uv": [ 1.5, 1.5, 10, 2 ], "texture": "#mesh_palette" },
				"west": { "uv": [ 1.5, 1.5, 10, 2 ], "texture": "#mesh_palette" },
				"east": { "uv": [ 1.5, 1.5, 10, 2 ], "texture": "#mesh_palette" }
			}
		},
		{
			"__comment": "Voxels-808080",
			"from": [ 0.5, 14, -1.5 ],
			"to": [ 15.5, 15, 0 ],
			"faces": {
				"down": { "uv": [ 2, 1, 9.5, 1.5 ], "texture": "#mesh_palette" },
				"up": { "uv": [ 2, 1, 9.5, 1.5 ], "texture": "#mesh_palette" },
				"north": { "uv": [ 2, 1, 9.5, 1.5 ], "texture": "#mesh_palette" },
				"south": { "uv": [ 2, 1, 9.5, 1.5 ], "texture": "#mesh_palette" },
				"west": { "uv": [ 2, 1, 9.5, 1.5 ], "texture": "#mesh_palette" },
				"east": { "uv": [ 2, 1, 9.5, 1.5 ], "texture": "#mesh_palette" }
			}
		},
		{
			"__comment": "Voxels-808080",
			"from": [ 1.5, 15, -1.5 ],
			"to": [ 14.5, 16, 0 ],
			"faces": {
				"down": { "uv": [ 2.5, 0.5, 9, 1 ], "texture": "#mesh_palette" },
				"up": { "uv": [ 2.5, 0.5, 9, 1 ], "texture": "#mesh_palette" },
				"north": { "uv": [ 2.5, 0.5, 9, 1 ], "texture": "#mesh_palette" },
				"south": { "uv": [ 2.5, 0.5, 9, 1 ], "texture": "#mesh_palette" },
				"west": { "uv": [ 2.5, 0.5, 9, 1 ], "texture": "#mesh_palette" },
				"east": { "uv": [ 2.5, 0.5, 9, 1 ], "texture": "#mesh_palette" }
			}
		},
		{
			"__comment": "Voxels-808080",
			"from": [ 7.5, 12, -1.5 ],
			"to": [ 16.5, 13, -1 ],
			"faces": {
				"down": { "uv": [ 1.5, 2, 6, 2.5 ], "texture": "#mesh_palette" },
				"up": { "uv": [ 1.5, 2, 6, 2.5 ], "texture": "#mesh_palette" },
				"north": { "uv": [ 1.5, 2, 6, 2.5 ], "texture": "#mesh_palette" },
				"south": { "uv": [ 1.5, 2, 6, 2.5 ], "texture": "#mesh_palette" },
				"west": { "uv": [ 1.5, 2, 6, 2.5 ], "texture": "#mesh_palette" },
				"east": { "uv": [ 1.5, 2, 6, 2.5 ], "texture": "#mesh_palette" }
			}
		},
		{
			"__comment": "Voxels-808080",
			"from": [ -0.5, 12, -1.5 ],
			"to": [ 6.5, 13, -1 ],
			"faces": {
				"down": { "uv": [ 6.5, 2, 10, 2.5 ], "texture": "#mesh_palette" },
				"up": { "uv": [ 6.5, 2, 10, 2.5 ], "texture": "#mesh_palette" },
				"north": { "uv": [ 6.5, 2, 10, 2.5 ], "texture": "#mesh_palette" },
				"south": { "uv": [ 6.5, 2, 10, 2.5 ], "texture": "#mesh_palette" },
				"west": { "uv": [ 6.5, 2, 10, 2.5 ], "texture": "#mesh_palette" },
				"east": { "uv": [ 6.5, 2, 10, 2.5 ], "texture": "#mesh_palette" }
			}
		},
		{
			"__comment": "Voxels-808080",
			"from": [ 2.5, 16, -1.5 ],
			"to": [ 13.5, 17, 0 ],
			"faces": {
				"down": { "uv": [ 3, 0, 8.5, 0.5 ], "texture": "#mesh_palette" },
				"up": { "uv": [ 3, 0, 8.5, 0.5 ], "texture": "#mesh_palette" },
				"north": { "uv": [ 3, 0, 8.5, 0.5 ], "texture": "#mesh_palette" },
				"south": { "uv": [ 3, 0, 8.5, 0.5 ], "texture": "#mesh_palette" },
				"west": { "uv": [ 3, 0, 8.5, 0.5 ], "texture": "#mesh_palette" },
				"east": { "uv": [ 3, 0, 8.5, 0.5 ], "texture": "#mesh_palette" }
			}
		},
		{
			"__comment": "Voxels-808080",
			"from": [ 16.5, 10, 0 ],
			"to": [ 17.5, 13, 2 ],
			"faces": {
				"down": { "uv": [ 13, 6, 14.5, 8 ], "texture": "#mesh_palette" },
				"up": { "uv": [ 13, 6, 14.5, 8 ], "texture": "#mesh_palette" },
				"north": { "uv": [ 13, 6, 14.5, 8 ], "texture": "#mesh_palette" },
				"south": { "uv": [ 13, 6, 14.5, 8 ], "texture": "#mesh_palette" },
				"west": { "uv": [ 13, 6, 14.5, 8 ], "texture": "#mesh_palette" },
				"east": { "uv": [ 13, 6, 14.5, 8 ], "texture": "#mesh_palette" }
			}
		},
		{
			"__comment": "Voxels-808080",
			"from": [ 1.5, 15, 2 ],
			"to": [ 14.5, 16, 4 ],
			"faces": {
				"down": { "uv": [ 4.5, 1.5, 11, 2 ], "texture": "#particle" },
				"up": { "uv": [ 4.5, 1.5, 11, 2 ], "texture": "#particle" },
				"north": { "uv": [ 4.5, 1.5, 11, 2 ], "texture": "#particle" },
				"south": { "uv": [ 4.5, 1.5, 11, 2 ], "texture": "#particle" },
				"west": { "uv": [ 4.5, 1.5, 5, 2 ], "texture": "#particle" },
				"east": { "uv": [ 10.5, 1.5, 11, 2 ], "texture": "#particle" }
			}
		},
		{
			"__comment": "Voxels-808080",
			"from": [ 0.5, 14, 2 ],
			"to": [ 15.5, 15, 4.5 ],
			"faces": {
				"down": { "uv": [ 4, 2, 11.5, 2.5 ], "texture": "#particle" },
				"up": { "uv": [ 4, 2, 11.5, 2.5 ], "texture": "#particle" },
				"north": { "uv": [ 4, 2, 11.5, 2.5 ], "texture": "#particle" },
				"south": { "uv": [ 4, 2, 11.5, 2.5 ], "texture": "#particle" },
				"west": { "uv": [ 4, 2, 4.5, 2.5 ], "texture": "#particle" },
				"east": { "uv": [ 11, 2, 11.5, 2.5 ], "texture": "#particle" }
			}
		},
		{
			"__comment": "Voxels-808080",
			"from": [ -0.5, 13, 2 ],
			"to": [ 16.5, 14, 5 ],
			"faces": {
				"down": { "uv": [ 3.5, 2.5, 12, 4.5 ], "texture": "#particle" },
				"up": { "uv": [ 3.5, 2.5, 12, 4.5 ], "texture": "#particle" },
				"north": { "uv": [ 3.5, 2.5, 12, 4.5 ], "texture": "#particle" },
				"south": { "uv": [ 3.5, 2.5, 12, 4.5 ], "texture": "#particle" },
				"west": { "uv": [ 3.5, 2.5, 4, 4 ], "texture": "#particle" },
				"east": { "uv": [ 11.5, 2.5, 12, 4 ], "texture": "#particle" }
			}
		},
		{
			"__comment": "Voxels-808080",
			"from": [ -1, 7, 3.5 ],
			"to": [ 17, 10, 5 ],
			"faces": {
				"down": { "uv": [ 3.5, 4.5, 12, 6 ], "texture": "#particle" },
				"up": { "uv": [ 3.5, 4.5, 12, 6 ], "texture": "#particle" },
				"north": { "uv": [ 3.5, 4.5, 12, 6 ], "texture": "#particle" },
				"south": { "uv": [ 3.5, 4.5, 12, 6 ], "texture": "#particle" },
				"west": { "uv": [ 11.5, 4.5, 12, 6 ], "texture": "#particle" },
				"east": { "uv": [ 3.5, 4.5, 4, 6 ], "texture": "#particle" }
			}
		},
		{
			"__comment": "Voxels-808080",
			"from": [ -2, 4, 3.5 ],
			"to": [ 18, 7, 5 ],
			"faces": {
				"down": { "uv": [ 3, 6, 12.5, 7.5 ], "texture": "#particle" },
				"up": { "uv": [ 3, 6, 12.5, 7.5 ], "texture": "#particle" },
				"north": { "uv": [ 3, 6, 12.5, 7.5 ], "texture": "#particle" },
				"south": { "uv": [ 3, 6, 12.5, 7.5 ], "texture": "#particle" },
				"west": { "uv": [ 3, 6, 3.5, 7.5 ], "texture": "#particle" },
				"east": { "uv": [ 12, 6, 12.5, 8 ], "texture": "#particle" }
			}
		},
		{
			"__comment": "Voxels-808080",
			"from": [ 3.5, -3, 3.5 ],
			"to": [ 6.5, -2, 5 ],
			"faces": {
				"down": { "uv": [ 5.5, 14.5, 7, 15 ], "texture": "#particle" },
				"up": { "uv": [ 5.5, 14.5, 7, 15 ], "texture": "#particle" },
				"north": { "uv": [ 5.5, 14.5, 7, 15 ], "texture": "#particle" },
				"south": { "uv": [ 5.5, 14.5, 7, 15 ], "texture": "#particle" },
				"west": { "uv": [ 5.5, 14.5, 7, 15 ], "texture": "#particle" },
				"east": { "uv": [ 5.5, 14.5, 7, 15 ], "texture": "#particle" }
			}
		},
		{
			"__comment": "Voxels-808080",
			"from": [ 0, 1.5, 2 ],
			"to": [ 16.5, 4, 2.5 ],
			"faces": {
				"down": { "uv": [ 3.5, 7.5, 12.5, 8 ], "texture": "#particle" },
				"up": { "uv": [ 3.5, 7.5, 12.5, 8 ], "texture": "#particle" },
				"north": { "uv": [ 3.5, 7.5, 12.5, 8 ], "texture": "#particle" },
				"south": { "uv": [ 3.5, 7.5, 12.5, 8 ], "texture": "#particle" },
				"west": { "uv": [ 3.5, 7.5, 4, 8 ], "texture": "#particle" },
				"east": { "uv": [ 12, 7.5, 12.5, 8 ], "texture": "#particle" }
			}
		},
		{
			"__comment": "Voxels-808080",
			"from": [ -1, 10, 3.5 ],
			"to": [ 17, 13, 5 ],
			"faces": {
				"down": { "uv": [ 3.5, 3, 12, 4.5 ], "texture": "#particle" },
				"up": { "uv": [ 3.5, 3, 12, 4.5 ], "texture": "#particle" },
				"north": { "uv": [ 3.5, 3, 12, 4.5 ], "texture": "#particle" },
				"south": { "uv": [ 3.5, 3, 12, 4.5 ], "texture": "#particle" },
				"west": { "uv": [ 3.5, 3, 4, 4.5 ], "texture": "#particle" },
				"east": { "uv": [ 11.5, 3, 12, 4.5 ], "texture": "#particle" }
			}
		},
		{
			"__comment": "Voxels-808080",
			"from": [ -1.5, 0, 3.5 ],
			"to": [ 18, 1, 5 ],
			"faces": {
				"down": { "uv": [ 3, 13, 13, 13.5 ], "texture": "#particle" },
				"up": { "uv": [ 3, 13, 13, 13.5 ], "texture": "#particle" },
				"north": { "uv": [ 3, 13, 13, 13.5 ], "texture": "#particle" },
				"south": { "uv": [ 3, 13, 13, 13.5 ], "texture": "#particle" },
				"west": { "uv": [ 3, 13, 4, 13.5 ], "texture": "#particle" },
				"east": { "uv": [ 12, 13, 13, 13.5 ], "texture": "#particle" }
			}
		},
		{
			"__comment": "Voxels-808080",
			"from": [ -0.5, -1, 3.5 ],
			"to": [ 16, 0, 5 ],
			"faces": {
				"down": { "uv": [ 3.5, 13.5, 12, 14 ], "texture": "#particle" },
				"up": { "uv": [ 3.5, 13.5, 12, 14 ], "texture": "#particle" },
				"north": { "uv": [ 3.5, 13.5, 12, 14 ], "texture": "#particle" },
				"south": { "uv": [ 3.5, 13.5, 12, 14 ], "texture": "#particle" },
				"west": { "uv": [ 3.5, 13.5, 4, 14 ], "texture": "#particle" },
				"east": { "uv": [ 11.5, 13.5, 12, 14 ], "texture": "#particle" }
			}
		},
		{
			"__comment": "Voxels-808080",
			"from": [ -0.5, -2, 3.5 ],
			"to": [ 17, -1, 5 ],
			"faces": {
				"down": { "uv": [ 3.5, 14, 12.5, 14.5 ], "texture": "#particle" },
				"up": { "uv": [ 3.5, 14, 12.5, 14.5 ], "texture": "#particle" },
				"north": { "uv": [ 3.5, 14, 12.5, 14.5 ], "texture": "#particle" },
				"south": { "uv": [ 3.5, 14, 12.5, 14.5 ], "texture": "#particle" },
				"west": { "uv": [ 3.5, 14, 4.5, 14.5 ], "texture": "#particle" },
				"east": { "uv": [ 11.5, 14, 12.5, 14.5 ], "texture": "#particle" }
			}
		},
		{
			"__comment": "Voxels-808080",
			"from": [ 13.5, -4, 3.5 ],
			"to": [ 14.5, -3, 5 ],
			"faces": {
				"down": { "uv": [ 10.5, 15, 11, 15.5 ], "texture": "#particle" },
				"up": { "uv": [ 10.5, 15, 11, 15.5 ], "texture": "#particle" },
				"north": { "uv": [ 10.5, 15, 11, 15.5 ], "texture": "#particle" },
				"south": { "uv": [ 10.5, 15, 11, 15.5 ], "texture": "#particle" },
				"west": { "uv": [ 10.5, 15, 11, 15.5 ], "texture": "#particle" },
				"east": { "uv": [ 10.5, 15, 11, 15.5 ], "texture": "#particle" }
			}
		},
		{
			"__comment": "Voxels-808080",
			"from": [ 6.5, -4, 3.5 ],
			"to": [ 8.5, -3, 5 ],
			"faces": {
				"down": { "uv": [ 7, 15, 8, 15.5 ], "texture": "#particle" },
				"up": { "uv": [ 7, 15, 8, 15.5 ], "texture": "#particle" },
				"north": { "uv": [ 7, 15, 8, 15.5 ], "texture": "#particle" },
				"south": { "uv": [ 7, 15, 8, 15.5 ], "texture": "#particle" },
				"west": { "uv": [ 7, 15, 8, 15.5 ], "texture": "#particle" },
				"east": { "uv": [ 7, 15, 8, 15.5 ], "texture": "#particle" }
			}
		},
		{
			"__comment": "Voxels-808080",
			"from": [ 0.5, -3, 3.5 ],
			"to": [ 2.5, -2, 5 ],
			"faces": {
				"down": { "uv": [ 4, 14.5, 5, 15 ], "texture": "#particle" },
				"up": { "uv": [ 4, 14.5, 5, 15 ], "texture": "#particle" },
				"north": { "uv": [ 4, 14.5, 5, 15 ], "texture": "#particle" },
				"south": { "uv": [ 4, 14.5, 5, 15 ], "texture": "#particle" },
				"west": { "uv": [ 4, 14.5, 5, 15 ], "texture": "#particle" },
				"east": { "uv": [ 4, 14.5, 5, 15 ], "texture": "#particle" }
			}
		},
		{
			"__comment": "Voxels-808080",
			"from": [ 10.5, -3, 3.5 ],
			"to": [ 15.5, -2, 5 ],
			"faces": {
				"down": { "uv": [ 9, 14.5, 11.5, 15 ], "texture": "#particle" },
				"up": { "uv": [ 9, 14.5, 11.5, 15 ], "texture": "#particle" },
				"north": { "uv": [ 9, 14.5, 11.5, 15 ], "texture": "#particle" },
				"south": { "uv": [ 9, 14.5, 11.5, 15 ], "texture": "#particle" },
				"west": { "uv": [ 10.5, 14.5, 11.5, 15 ], "texture": "#particle" },
				"east": { "uv": [ 9, 14.5, 11.5, 15 ], "texture": "#particle" }
			}
		},
		{
			"__comment": "Voxels-808080",
			"from": [ 7.5, -3, 3.5 ],
			"to": [ 9.5, -2, 5 ],
			"faces": {
				"down": { "uv": [ 7.5, 14.5, 8.5, 15 ], "texture": "#particle" },
				"up": { "uv": [ 7.5, 14.5, 8.5, 15 ], "texture": "#particle" },
				"north": { "uv": [ 7.5, 14.5, 8.5, 15 ], "texture": "#particle" },
				"south": { "uv": [ 7.5, 14.5, 8.5, 15 ], "texture": "#particle" },
				"west": { "uv": [ 7.5, 14.5, 8.5, 15 ], "texture": "#particle" },
				"east": { "uv": [ 7.5, 14.5, 8.5, 15 ], "texture": "#particle" }
			}
		},
		{
			"__comment": "Voxels-808080",
			"from": [ -1.5, -3, 3.5 ],
			"to": [ -0.5, -2, 5 ],
			"faces": {
				"down": { "uv": [ 3, 14.5, 3.5, 15 ], "texture": "#particle" },
				"up": { "uv": [ 3, 14.5, 3.5, 15 ], "texture": "#particle" },
				"north": { "uv": [ 3, 14.5, 3.5, 15 ], "texture": "#particle" },
				"south": { "uv": [ 3, 14.5, 3.5, 15 ], "texture": "#particle" },
				"west": { "uv": [ 3, 14.5, 3.5, 15 ], "texture": "#particle" },
				"east": { "uv": [ 3, 14.5, 3.5, 15 ], "texture": "#particle" }
			}
		},
		{
			"__comment": "Voxels-808080",
			"from": [ 1.5, -4, 3.5 ],
			"to": [ 2.5, -3, 5 ],
			"faces": {
				"down": { "uv": [ 4.5, 15, 5, 15.5 ], "texture": "#particle" },
				"up": { "uv": [ 4.5, 15, 5, 15.5 ], "texture": "#particle" },
				"north": { "uv": [ 4.5, 15, 5, 15.5 ], "texture": "#particle" },
				"south": { "uv": [ 4.5, 15, 5, 15.5 ], "texture": "#particle" },
				"west": { "uv": [ 4.5, 15, 5, 15.5 ], "texture": "#particle" },
				"east": { "uv": [ 4.5, 15, 5, 15.5 ], "texture": "#particle" }
			}
		},
		{
			"__comment": "Voxels-808080",
			"from": [ 4.5, -4, 3.5 ],
			"to": [ 5.5, -3, 5 ],
			"faces": {
				"down": { "uv": [ 6, 15, 6.5, 15.5 ], "texture": "#particle" },
				"up": { "uv": [ 6, 15, 6.5, 15.5 ], "texture": "#particle" },
				"north": { "uv": [ 6, 15, 6.5, 15.5 ], "texture": "#particle" },
				"south": { "uv": [ 6, 15, 6.5, 15.5 ], "texture": "#particle" },
				"west": { "uv": [ 6, 15, 6.5, 15.5 ], "texture": "#particle" },
				"east": { "uv": [ 6, 15, 6.5, 15.5 ], "texture": "#particle" }
			}
		},
		{
			"__comment": "Voxels-808080",
			"from": [ 11.5, -4, 3.5 ],
			"to": [ 12.5, -3, 5 ],
			"faces": {
				"down": { "uv": [ 6, 15, 6.5, 15.5 ], "texture": "#particle" },
				"up": { "uv": [ 6, 15, 6.5, 15.5 ], "texture": "#particle" },
				"north": { "uv": [ 6, 15, 6.5, 15.5 ], "texture": "#particle" },
				"south": { "uv": [ 6, 15, 6.5, 15.5 ], "texture": "#particle" },
				"west": { "uv": [ 6, 15, 6.5, 15.5 ], "texture": "#particle" },
				"east": { "uv": [ 6, 15, 6.5, 15.5 ], "texture": "#particle" }
			}
		},
		{
			"__comment": "Voxels-808080",
			"from": [ 14.5, 10, -1.5 ],
			"to": [ 16.5, 12, -1 ],
			"faces": {
				"down": { "uv": [ 1.5, 2.5, 2.5, 3.5 ], "texture": "#mesh_palette" },
				"up": { "uv": [ 1.5, 2.5, 2.5, 3.5 ], "texture": "#mesh_palette" },
				"north": { "uv": [ 1.5, 2.5, 2.5, 3.5 ], "texture": "#mesh_palette" },
				"south": { "uv": [ 1.5, 2.5, 2.5, 3.5 ], "texture": "#mesh_palette" },
				"west": { "uv": [ 1.5, 2.5, 2.5, 3.5 ], "texture": "#mesh_palette" },
				"east": { "uv": [ 1.5, 2.5, 2.5, 3.5 ], "texture": "#mesh_palette" }
			}
		},
		{
			"__comment": "Voxels-808080",
			"from": [ -1, 3, -0.5 ],
			"to": [ 0, 7, 1.5 ],
			"faces": {
				"down": { "uv": [ 10, 12, 10.5, 14.5 ], "texture": "#mesh_palette" },
				"up": { "uv": [ 10, 12, 10.5, 14.5 ], "texture": "#mesh_palette" },
				"north": { "uv": [ 10, 12, 10.5, 14.5 ], "texture": "#mesh_palette" },
				"south": { "uv": [ 10, 12, 10.5, 14.5 ], "texture": "#mesh_palette" },
				"west": { "uv": [ 10, 12, 10.5, 14.5 ], "texture": "#mesh_palette" },
				"east": { "uv": [ 10, 12, 10.5, 14.5 ], "texture": "#mesh_palette" }
			}
		},
		{
			"__comment": "Voxels-808080",
			"from": [ 1, 4, -1 ],
			"to": [ 3, 5, -0.5 ],
			"faces": {
				"down": { "uv": [ 12, 15, 12.5, 15.5 ], "texture": "#mesh_palette" },
				"up": { "uv": [ 12, 15, 12.5, 15.5 ], "texture": "#mesh_palette" },
				"north": { "uv": [ 12, 15, 12.5, 15.5 ], "texture": "#mesh_palette" },
				"south": { "uv": [ 12, 15, 12.5, 15.5 ], "texture": "#mesh_palette" },
				"west": { "uv": [ 12, 15, 12.5, 15.5 ], "texture": "#mesh_palette" },
				"east": { "uv": [ 12, 15, 12.5, 15.5 ], "texture": "#mesh_palette" }
			}
		},
		{
			"__comment": "Voxels-808080",
			"from": [ 0, 6, -1 ],
			"to": [ 1, 8, -0.5 ],
			"faces": {
				"down": { "uv": [ 12.5, 14, 13, 14.5 ], "texture": "#mesh_palette" },
				"up": { "uv": [ 12.5, 14, 13, 14.5 ], "texture": "#mesh_palette" },
				"north": { "uv": [ 12.5, 14, 13, 14.5 ], "texture": "#mesh_palette" },
				"south": { "uv": [ 12.5, 14, 13, 14.5 ], "texture": "#mesh_palette" },
				"west": { "uv": [ 12.5, 14, 13, 14.5 ], "texture": "#mesh_palette" },
				"east": { "uv": [ 12.5, 14, 13, 14.5 ], "texture": "#mesh_palette" }
			}
		},
		{
			"__comment": "Voxels-808080",
			"from": [ -1, 7, 2 ],
			"to": [ 0, 13, 3.5 ],
			"faces": {
				"down": { "uv": [ 13, 12, 13.5, 14.5 ], "texture": "#mesh_palette" },
				"up": { "uv": [ 13, 12, 13.5, 14.5 ], "texture": "#mesh_palette" },
				"north": { "uv": [ 13, 12, 13.5, 14.5 ], "texture": "#mesh_palette" },
				"south": { "uv": [ 13, 12, 13.5, 14.5 ], "texture": "#mesh_palette" },
				"west": { "uv": [ 13, 12, 13.5, 14.5 ], "texture": "#mesh_palette" },
				"east": { "uv": [ 13, 12, 13.5, 14.5 ], "texture": "#mesh_palette" }
			}
		},
		{
			"__comment": "Voxels-808080",
			"from": [ -1, 1, 1.5 ],
			"to": [ 0, 7, 3.5 ],
			"faces": {
				"down": { "uv": [ 10, 12, 10.5, 14.5 ], "texture": "#mesh_palette" },
				"up": { "uv": [ 10, 12, 10.5, 14.5 ], "texture": "#mesh_palette" },
				"north": { "uv": [ 10, 12, 10.5, 14.5 ], "texture": "#mesh_palette" },
				"south": { "uv": [ 10, 12, 10.5, 14.5 ], "texture": "#mesh_palette" },
				"west": { "uv": [ 10, 12, 10.5, 14.5 ], "texture": "#mesh_palette" },
				"east": { "uv": [ 10, 12, 10.5, 14.5 ], "texture": "#mesh_palette" }
			}
		},
		{
			"__comment": "Voxels-808080",
			"from": [ 16, 7, 2 ],
			"to": [ 17, 13, 3.5 ],
			"faces": {
				"down": { "uv": [ 10, 12, 10.5, 14 ], "texture": "#mesh_palette" },
				"up": { "uv": [ 10, 12, 10.5, 14 ], "texture": "#mesh_palette" },
				"north": { "uv": [ 10, 12, 10.5, 14 ], "texture": "#mesh_palette" },
				"south": { "uv": [ 10, 12, 10.5, 14 ], "texture": "#mesh_palette" },
				"west": { "uv": [ 10, 12, 10.5, 14 ], "texture": "#mesh_palette" },
				"east": { "uv": [ 10, 12, 10.5, 14 ], "texture": "#mesh_palette" }
			}
		},
		{
			"__comment": "Voxels-808080",
			"from": [ 15, 7, -1 ],
			"to": [ 16, 8, -0.5 ],
			"faces": {
				"down": { "uv": [ 10.5, 14, 11, 14.5 ], "texture": "#mesh_palette" },
				"up": { "uv": [ 10.5, 14, 11, 14.5 ], "texture": "#mesh_palette" },
				"north": { "uv": [ 10.5, 14, 11, 14.5 ], "texture": "#mesh_palette" },
				"south": { "uv": [ 10.5, 14, 11, 14.5 ], "texture": "#mesh_palette" },
				"west": { "uv": [ 10.5, 14, 11, 14.5 ], "texture": "#mesh_palette" },
				"east": { "uv": [ 10.5, 14, 11, 14.5 ], "texture": "#mesh_palette" }
			}
		},
		{
			"__comment": "Voxels-808080",
			"from": [ 14, 6, -1 ],
			"to": [ 16, 7, -0.5 ],
			"faces": {
				"down": { "uv": [ 10.5, 14.5, 11.5, 15 ], "texture": "#mesh_palette" },
				"up": { "uv": [ 10.5, 14.5, 11.5, 15 ], "texture": "#mesh_palette" },
				"north": { "uv": [ 10.5, 14.5, 11.5, 15 ], "texture": "#mesh_palette" },
				"south": { "uv": [ 10.5, 14.5, 11.5, 15 ], "texture": "#mesh_palette" },
				"west": { "uv": [ 10.5, 14.5, 11.5, 15 ], "texture": "#mesh_palette" },
				"east": { "uv": [ 10.5, 14.5, 11.5, 15 ], "texture": "#mesh_palette" }
			}
		},
		{
			"__comment": "Voxels-808080",
			"from": [ 14, 5, -1 ],
			"to": [ 15, 6, -0.5 ],
			"faces": {
				"down": { "uv": [ 11, 15, 11.5, 15.5 ], "texture": "#mesh_palette" },
				"up": { "uv": [ 11, 15, 11.5, 15.5 ], "texture": "#mesh_palette" },
				"north": { "uv": [ 11, 15, 11.5, 15.5 ], "texture": "#mesh_palette" },
				"south": { "uv": [ 11, 15, 11.5, 15.5 ], "texture": "#mesh_palette" },
				"west": { "uv": [ 11, 15, 11.5, 15.5 ], "texture": "#mesh_palette" },
				"east": { "uv": [ 11, 15, 11.5, 15.5 ], "texture": "#mesh_palette" }
			}
		},
		{
			"__comment": "Voxels-808080",
			"from": [ -0.5, 11, -1.5 ],
			"to": [ 4.5, 12, -1 ],
			"faces": {
				"down": { "uv": [ 7.5, 2.5, 10, 3 ], "texture": "#mesh_palette" },
				"up": { "uv": [ 7.5, 2.5, 10, 3 ], "texture": "#mesh_palette" },
				"north": { "uv": [ 7.5, 2.5, 10, 3 ], "texture": "#mesh_palette" },
				"south": { "uv": [ 7.5, 2.5, 10, 3 ], "texture": "#mesh_palette" },
				"west": { "uv": [ 7.5, 2.5, 10, 3 ], "texture": "#mesh_palette" },
				"east": { "uv": [ 7.5, 2.5, 10, 3 ], "texture": "#mesh_palette" }
			}
		},
		{
			"__comment": "Voxels-808080",
			"from": [ 11.5, 11.5, -0.5 ],
			"to": [ 13.5, 12.5, 0 ],
			"faces": {
				"down": { "uv": [ 1, 9.999999, 2, 11 ], "texture": "#mesh_palette" },
				"up": { "uv": [ 1, 9.999999, 2, 11 ], "texture": "#mesh_palette" },
				"north": { "uv": [ 1, 9.999999, 2, 11 ], "texture": "#mesh_palette" },
				"south": { "uv": [ 1, 9.999999, 2, 11 ], "texture": "#mesh_palette" },
				"west": { "uv": [ 1, 9.999999, 2, 11 ], "texture": "#mesh_palette" },
				"east": { "uv": [ 1, 9.999999, 2, 11 ], "texture": "#mesh_palette" }
			}
		},
		{
			"__comment": "Voxels-808080",
			"from": [ 10.5, 11, -0.5 ],
			"to": [ 11.5, 11.5, 0 ],
			"faces": {
				"down": { "uv": [ 1, 9.999999, 2, 11 ], "texture": "#mesh_palette" },
				"up": { "uv": [ 1, 9.999999, 2, 11 ], "texture": "#mesh_palette" },
				"north": { "uv": [ 1, 9.999999, 2, 11 ], "texture": "#mesh_palette" },
				"south": { "uv": [ 1, 9.999999, 2, 11 ], "texture": "#mesh_palette" },
				"west": { "uv": [ 1, 9.999999, 2, 11 ], "texture": "#mesh_palette" },
				"east": { "uv": [ 1, 9.999999, 2, 11 ], "texture": "#mesh_palette" }
			}
		},
		{
			"__comment": "Voxels-808080",
			"from": [ 2.5, 11.5, -0.5 ],
			"to": [ 4.5, 12, 0 ],
			"faces": {
				"down": { "uv": [ 1, 9.999999, 2, 11 ], "texture": "#mesh_palette" },
				"up": { "uv": [ 1, 9.999999, 2, 11 ], "texture": "#mesh_palette" },
				"north": { "uv": [ 1, 9.999999, 2, 11 ], "texture": "#mesh_palette" },
				"south": { "uv": [ 1, 9.999999, 2, 11 ], "texture": "#mesh_palette" },
				"west": { "uv": [ 1, 9.999999, 2, 11 ], "texture": "#mesh_palette" },
				"east": { "uv": [ 1, 9.999999, 2, 11 ], "texture": "#mesh_palette" }
			}
		},
		{
			"__comment": "Voxels-808080",
			"from": [ 4.5, 11, -0.5 ],
			"to": [ 5.5, 11.5, 0 ],
			"faces": {
				"down": { "uv": [ 1, 9.999999, 2, 11 ], "texture": "#mesh_palette" },
				"up": { "uv": [ 1, 9.999999, 2, 11 ], "texture": "#mesh_palette" },
				"north": { "uv": [ 1, 9.999999, 2, 11 ], "texture": "#mesh_palette" },
				"south": { "uv": [ 1, 9.999999, 2, 11 ], "texture": "#mesh_palette" },
				"west": { "uv": [ 1, 9.999999, 2, 11 ], "texture": "#mesh_palette" },
				"east": { "uv": [ 1, 9.999999, 2, 11 ], "texture": "#mesh_palette" }
			}
		},
		{
			"__comment": "Voxels-808080",
			"from": [ 2.5, 16, 2 ],
			"to": [ 13.5, 17, 3.5 ],
			"faces": {
				"down": { "uv": [ 5, 1, 10.5, 1.5 ], "texture": "#particle" },
				"up": { "uv": [ 5, 1, 10.5, 1.5 ], "texture": "#particle" },
				"north": { "uv": [ 5, 1, 10.5, 1.5 ], "texture": "#particle" },
				"south": { "uv": [ 5, 1, 10.5, 1.5 ], "texture": "#particle" },
				"west": { "uv": [ 5, 1, 5.5, 1.5 ], "texture": "#particle" },
				"east": { "uv": [ 10, 1, 10.5, 1.5 ], "texture": "#particle" }
			}
		},
		{
			"__comment": "Voxels-808080",
			"from": [ 2.5, 16.5, 0 ],
			"to": [ 13.5, 17.5, 2 ],
			"faces": {
				"down": { "uv": [ 13, 1.5, 14.5, 10.5 ], "texture": "#mesh_palette" },
				"up": { "uv": [ 13, 0.5, 14.5, 11 ], "texture": "#mesh_palette", "rotation": 90 },
				"north": { "uv": [ 13, 1.5, 14.5, 10.5 ], "texture": "#mesh_palette" },
				"south": { "uv": [ 13, 1.5, 14.5, 10.5 ], "texture": "#mesh_palette" },
				"west": { "uv": [ 13, 8.5, 14.5, 9 ], "texture": "#mesh_palette", "rotation": 90 },
				"east": { "uv": [ 13, 1.5, 14.5, 2 ], "texture": "#mesh_palette" }
			}
		},
		{
			"__comment": "Voxels-808080",
			"from": [ 1.5, 15, 0 ],
			"to": [ 14.5, 16.5, 2 ],
			"faces": {
				"down": { "uv": [ 13, 1, 14.5, 11 ], "texture": "#mesh_palette" },
				"up": { "uv": [ 13, 1, 14.5, 11 ], "texture": "#mesh_palette", "rotation": 90 },
				"north": { "uv": [ 13, 1, 14.5, 11 ], "texture": "#mesh_palette" },
				"south": { "uv": [ 13, 1, 14.5, 11 ], "texture": "#mesh_palette", "rotation": 90 },
				"west": { "uv": [ 13, 1.5, 14.5, 2 ], "texture": "#mesh_palette", "rotation": 90 },
				"east": { "uv": [ 13, 9.5, 14.5, 10 ], "texture": "#mesh_palette", "rotation": 90 }
			}
		},
		{
			"__comment": "Voxels-808080",
			"from": [ -1, 7, 0 ],
			"to": [ 0, 10, 2 ],
			"faces": {
				"down": { "uv": [ 13, 12.5, 13.5, 14 ], "texture": "#mesh_palette" },
				"up": { "uv": [ 13, 12.5, 13.5, 14 ], "texture": "#mesh_palette" },
				"north": { "uv": [ 13, 12.5, 13.5, 14 ], "texture": "#mesh_palette" },
				"south": { "uv": [ 13, 12.5, 13.5, 14 ], "texture": "#mesh_palette" },
				"west": { "uv": [ 13, 12.5, 13.5, 14 ], "texture": "#mesh_palette" },
				"east": { "uv": [ 13, 12.5, 13.5, 14 ], "texture": "#mesh_palette" }
			}
		},
		{
			"__comment": "Voxels-808080",
			"from": [ -0.5, 13, 0 ],
			"to": [ 16.5, 14.5, 2 ],
			"faces": {
				"down": { "uv": [ 13, 0, 14.5, 12 ], "texture": "#mesh_palette" },
				"up": { "uv": [ 13, 1.999999, 14.5, 9.999998 ], "texture": "#mesh_palette", "rotation": 90 },
				"north": { "uv": [ 13, 0, 14.5, 12 ], "texture": "#mesh_palette" },
				"south": { "uv": [ 13, 0, 14.5, 12 ], "texture": "#mesh_palette" },
				"west": { "uv": [ 13, 11, 14.5, 11.5 ], "texture": "#mesh_palette", "rotation": 90 },
				"east": { "uv": [ 13, 0.5, 14.5, 1 ], "texture": "#mesh_palette", "rotation": 90 }
			}
		},
		{
			"__comment": "Voxels-808080",
			"from": [ -1, 7, -1 ],
			"to": [ 0, 13, 0 ],
			"faces": {
				"down": { "uv": [ 13, 12, 13.5, 14.5 ], "texture": "#mesh_palette" },
				"up": { "uv": [ 13, 12, 13.5, 14.5 ], "texture": "#mesh_palette" },
				"north": { "uv": [ 13, 12, 13.5, 14.5 ], "texture": "#mesh_palette" },
				"south": { "uv": [ 13, 12, 13.5, 14.5 ], "texture": "#mesh_palette" },
				"west": { "uv": [ 13, 12, 13.5, 14.5 ], "texture": "#mesh_palette" },
				"east": { "uv": [ 13, 12, 13.5, 14.5 ], "texture": "#mesh_palette" }
			}
		},
		{
			"__comment": "Voxels-808080",
			"from": [ 16, 1, 1.5 ],
			"to": [ 17, 7, 3.5 ],
			"faces": {
				"down": { "uv": [ 10, 12, 10.5, 14.5 ], "texture": "#mesh_palette" },
				"up": { "uv": [ 10, 12, 10.5, 14.5 ], "texture": "#mesh_palette" },
				"north": { "uv": [ 10, 12, 10.5, 14.5 ], "texture": "#mesh_palette" },
				"south": { "uv": [ 10, 12, 10.5, 14.5 ], "texture": "#mesh_palette" },
				"west": { "uv": [ 10, 12, 10.5, 14.5 ], "texture": "#mesh_palette" },
				"east": { "uv": [ 10, 12, 10.5, 14.5 ], "texture": "#mesh_palette" }
			}
		},
		{
			"__comment": "Voxels-808080",
			"from": [ 16, 7, 0 ],
			"to": [ 17, 10, 2 ],
			"faces": {
				"down": { "uv": [ 10, 12.5, 10.5, 14 ], "texture": "#mesh_palette" },
				"up": { "uv": [ 10, 12.5, 10.5, 14 ], "texture": "#mesh_palette" },
				"north": { "uv": [ 10, 12.5, 10.5, 14 ], "texture": "#mesh_palette" },
				"south": { "uv": [ 10, 12.5, 10.5, 14 ], "texture": "#mesh_palette" },
				"west": { "uv": [ 10, 12.5, 10.5, 14 ], "texture": "#mesh_palette" },
				"east": { "uv": [ 10, 12.5, 10.5, 14 ], "texture": "#mesh_palette" }
			}
		},
		{
			"__comment": "Voxels-808080",
			"from": [ 16, 7, -1 ],
			"to": [ 17, 13, 0 ],
			"faces": {
				"down": { "uv": [ 10, 12, 10.5, 14.5 ], "texture": "#mesh_palette" },
				"up": { "uv": [ 10, 12, 10.5, 14.5 ], "texture": "#mesh_palette" },
				"north": { "uv": [ 10, 12, 10.5, 14.5 ], "texture": "#mesh_palette" },
				"south": { "uv": [ 10, 12, 10.5, 14.5 ], "texture": "#mesh_palette" },
				"west": { "uv": [ 10, 12, 10.5, 14.5 ], "texture": "#mesh_palette" },
				"east": { "uv": [ 10, 12, 10.5, 14.5 ], "texture": "#mesh_palette" }
			}
		},
		{
			"__comment": "Voxels-808080",
			"from": [ 16, 3, -0.5 ],
			"to": [ 17, 7, 1.5 ],
			"faces": {
				"down": { "uv": [ 10, 12, 10.5, 14.5 ], "texture": "#mesh_palette" },
				"up": { "uv": [ 10, 12, 10.5, 14.5 ], "texture": "#mesh_palette" },
				"north": { "uv": [ 10, 12, 10.5, 14.5 ], "texture": "#mesh_palette" },
				"south": { "uv": [ 10, 12, 10.5, 14.5 ], "texture": "#mesh_palette" },
				"west": { "uv": [ 10, 12, 10.5, 14.5 ], "texture": "#mesh_palette" },
				"east": { "uv": [ 10, 12, 10.5, 14.5 ], "texture": "#mesh_palette" }
			}
		},
		{
			"__comment": "Voxels-808080",
			"from": [ 0.5, 14, 0 ],
			"to": [ 15.5, 15.5, 2 ],
			"faces": {
				"down": { "uv": [ 13, 0.5, 14.5, 11.5 ], "texture": "#mesh_palette" },
				"up": { "uv": [ 13, 1.5, 14.5, 10.5 ], "texture": "#mesh_palette", "rotation": 90 },
				"north": { "uv": [ 13, 0.5, 14.5, 11.5 ], "texture": "#mesh_palette" },
				"south": { "uv": [ 13, 0.5, 14.5, 11.5 ], "texture": "#mesh_palette" },
				"west": { "uv": [ 13, 10.5, 14.5, 11 ], "texture": "#mesh_palette", "rotation": 90 },
				"east": { "uv": [ 13, 1, 14.5, 1.5 ], "texture": "#mesh_palette", "rotation": 90 }
			}
		},
		{
			"__comment": "Voxels-808080",
			"from": [ -1.5, 10, 0 ],
			"to": [ -0.5, 13, 2 ],
			"faces": {
				"down": { "uv": [ 13, 6, 14.5, 8 ], "texture": "#mesh_palette" },
				"up": { "uv": [ 13, 6, 14.5, 8 ], "texture": "#mesh_palette" },
				"north": { "uv": [ 13, 6, 14.5, 8 ], "texture": "#mesh_palette" },
				"south": { "uv": [ 13, 6, 14.5, 8 ], "texture": "#mesh_palette" },
				"west": { "uv": [ 13, 6, 14.5, 8 ], "texture": "#mesh_palette" },
				"east": { "uv": [ 13, 6, 14.5, 8 ], "texture": "#mesh_palette" }
			}
		},
		{
			"__comment": "Voxels-808080",
			"from": [ -1, 13, 0 ],
			"to": [ -0.5, 14, 2 ],
			"faces": {
				"down": { "uv": [ 13, 2.5, 14.5, 3 ], "texture": "#mesh_palette", "rotation": 90 },
				"up": { "uv": [ 13, 2.5, 14.5, 3 ], "texture": "#mesh_palette", "rotation": 90 },
				"north": { "uv": [ 13, 2.5, 14.5, 3 ], "texture": "#mesh_palette", "rotation": 90 },
				"south": { "uv": [ 13, 2.5, 14.5, 3 ], "texture": "#mesh_palette", "rotation": 90 },
				"west": { "uv": [ 13, 2.5, 14.5, 3 ], "texture": "#mesh_palette", "rotation": 90 },
				"east": { "uv": [ 13, 2.5, 14.5, 3 ], "texture": "#mesh_palette", "rotation": 90 }
			}
		},
		{
			"__comment": "Voxels-808080",
			"from": [ 16.5, 13, 0 ],
			"to": [ 17, 14, 2 ],
			"faces": {
				"down": { "uv": [ 13, 2.5, 14.5, 3 ], "texture": "#mesh_palette", "rotation": 90 },
				"up": { "uv": [ 13, 2.5, 14.5, 3 ], "texture": "#mesh_palette", "rotation": 90 },
				"north": { "uv": [ 13, 2.5, 14.5, 3 ], "texture": "#mesh_palette", "rotation": 90 },
				"south": { "uv": [ 13, 2.5, 14.5, 3 ], "texture": "#mesh_palette", "rotation": 90 },
				"west": { "uv": [ 13, 2.5, 14.5, 3 ], "texture": "#mesh_palette", "rotation": 90 },
				"east": { "uv": [ 13, 2.5, 14.5, 3 ], "texture": "#mesh_palette", "rotation": 90 }
			}
		},
		{
			"__comment": "Box65",
			"from": [ 15, 10, 5 ],
			"to": [ 16, 12, 18.5 ],
			"faces": {
				"down": { "uv": [ 12.5, 0, 13, 12 ], "texture": "#mesh_palette", "rotation": 180 },
				"up": { "uv": [ 12.5, 0, 13, 12 ], "texture": "#mesh_palette", "rotation": 180 },
				"north": { "uv": [ 12.5, 1, 13, 9 ], "texture": "#mesh_palette" },
				"south": { "uv": [ 12.5, 1, 13, 9 ], "texture": "#mesh_palette" },
				"west": { "uv": [ 12.5, 0, 15, 12 ], "texture": "#mesh_palette", "rotation": 90 },
				"east": { "uv": [ 12.5, 0, 15, 12 ], "texture": "#mesh_palette", "rotation": 90 }
			}
		},
		{
			"__comment": "Box65",
			"from": [ 0.5, 4, 18.5 ],
			"to": [ 15.5, 6, 19.5 ],
			"faces": {
				"down": { "uv": [ 12.5, 0, 13, 12 ], "texture": "#mesh_palette", "rotation": 270 },
				"up": { "uv": [ 12.5, 0, 13, 12 ], "texture": "#mesh_palette", "rotation": 90 },
				"north": { "uv": [ 12.5, 0, 15, 12 ], "texture": "#mesh_palette", "rotation": 90 },
				"south": { "uv": [ 12.5, 0, 15, 12 ], "texture": "#mesh_palette", "rotation": 90 },
				"west": { "uv": [ 12.5, 1, 13, 9 ], "texture": "#mesh_palette" },
				"east": { "uv": [ 12.5, 1, 13, 9 ], "texture": "#mesh_palette" }
			}
		},
		{
			"__comment": "Box65",
			"from": [ 0, 10, 5 ],
			"to": [ 1, 12, 18.5 ],
			"faces": {
				"down": { "uv": [ 12.5, 0, 13, 12 ], "texture": "#mesh_palette", "rotation": 180 },
				"up": { "uv": [ 12.5, 0, 13, 12 ], "texture": "#mesh_palette", "rotation": 180 },
				"north": { "uv": [ 12.5, 1, 13, 9 ], "texture": "#mesh_palette" },
				"south": { "uv": [ 12.5, 1, 13, 9 ], "texture": "#mesh_palette" },
				"west": { "uv": [ 12.5, 0, 15, 12 ], "texture": "#mesh_palette", "rotation": 90 },
				"east": { "uv": [ 12.5, 0, 15, 12 ], "texture": "#mesh_palette", "rotation": 90 }
			}
		},
		{
			"__comment": "Box65",
			"from": [ 0.5, 10, 18.5 ],
			"to": [ 15.5, 12, 19.5 ],
			"faces": {
				"down": { "uv": [ 12.5, 0, 13, 12 ], "texture": "#mesh_palette", "rotation": 270 },
				"up": { "uv": [ 12.5, 0, 13, 12 ], "texture": "#mesh_palette", "rotation": 90 },
				"north": { "uv": [ 12.5, 0, 15, 12 ], "texture": "#mesh_palette", "rotation": 90 },
				"south": { "uv": [ 12.5, 0, 15, 12 ], "texture": "#mesh_palette", "rotation": 90 },
				"west": { "uv": [ 12.5, 1, 13, 9 ], "texture": "#mesh_palette" },
				"east": { "uv": [ 12.5, 1, 13, 9 ], "texture": "#mesh_palette" }
			}
		},
		{
			"__comment": "Voxels-808080",
			"from": [ -0.5, 3, 3.5 ],
			"to": [ 18, 4, 5 ],
			"faces": {
				"down": { "uv": [ 3.5, 7.5, 12.5, 8 ], "texture": "#particle" },
				"up": { "uv": [ 3.5, 7.5, 12.5, 8 ], "texture": "#particle" },
				"north": { "uv": [ 3.5, 7.5, 12.5, 8 ], "texture": "#particle" },
				"south": { "uv": [ 3.5, 7.5, 12.5, 8 ], "texture": "#particle" },
				"west": { "uv": [ 3.5, 7.5, 4, 8 ], "texture": "#particle" },
				"east": { "uv": [ 12, 7.5, 12.5, 8 ], "texture": "#particle" }
			}
		},
		{
			"__comment": "Voxels-808080",
			"from": [ 1, 0.5, 3 ],
			"to": [ 15.5, 3.5, 3.5 ],
			"faces": {
				"down": { "uv": [ 3.5, 7.5, 12.5, 8 ], "texture": "#particle" },
				"up": { "uv": [ 3.5, 7.5, 12.5, 8 ], "texture": "#particle" },
				"north": { "uv": [ 3.5, 7.5, 12.5, 8 ], "texture": "#particle" },
				"south": { "uv": [ 3.5, 7.5, 12.5, 8 ], "texture": "#particle" },
				"west": { "uv": [ 3.5, 7.5, 4, 8 ], "texture": "#particle" },
				"east": { "uv": [ 12, 7.5, 12.5, 8 ], "texture": "#particle" }
			}
		},
		{
			"__comment": "Voxels-808080",
			"from": [ 0.5, 1, 2.5 ],
			"to": [ 16, 3.5, 3 ],
			"faces": {
				"down": { "uv": [ 3.5, 7.5, 12.5, 8 ], "texture": "#particle" },
				"up": { "uv": [ 3.5, 7.5, 12.5, 8 ], "texture": "#particle" },
				"north": { "uv": [ 3.5, 7.5, 12.5, 8 ], "texture": "#particle" },
				"south": { "uv": [ 3.5, 7.5, 12.5, 8 ], "texture": "#particle" },
				"west": { "uv": [ 3.5, 7.5, 4, 8 ], "texture": "#particle" },
				"east": { "uv": [ 12, 7.5, 12.5, 8 ], "texture": "#particle" }
			}
		}
	],
	"display": {
    "gui": {
        "rotation": [ 30, -45, 0 ],
        "translation": [ 0.50, 1.25, -0.75 ],
        "scale": [ 1.10, 1.10, 1.10 ]
    },
    "head": {
        "rotation": [ 0, 0, 0 ],
        "translation": [ 0.00, 0.00, -2.00 ],
        "scale": [ 1.00, 1.00, 1.00 ]
		}
	}
}