{
	"__comment": "Designed by Hypixel minecraft server with BDcraft Cubik PRO 0.95 Beta - http://bdcraft.net",
	"textures": {
		"texture": "blocks/chari_stone",
		"planks_oak": "blocks/planks_oak",
		"stone_slab_side": "blocks/stone_slab_side",
		"coal_block": "blocks/coal_block",
		"quartz_block_side": "blocks/quartz_block_side",
		"glass": "blocks/glass"
	},
	"elements": [ 	 
		{
			"from": [ -7, 0, 12 ],
			"to": [ 1, 4, 20 ],
			"faces": {
				"south": { "uv": [ 0, 0, 16, 9 ], "texture": "#texture", "cullface": "west" },
				"west": { "uv": [ 0, 0, 16, 8 ], "texture": "#texture", "cullface": "west" }
			}
		},
		{
			"from": [ -7, 0, -4 ],
			"to": [ 1, 4, 4 ],
			"faces": {
				"north": { "uv": [ 0, 0, 16, 8 ], "texture": "#texture", "cullface": "west" },
				"west": { "uv": [ 0, 0, 16, 8 ], "texture": "#texture", "cullface": "west" }
			}
		},
		{
			"from": [ 17, -8, 4 ],
			"to": [ 25, 0, 12 ],
			"faces": {
				"down": { "uv": [ 0, 0, 16, 16 ], "texture": "#texture", "rotation": 90 },
				"east": { "uv": [ 0, 0, 16, 16 ], "texture": "#texture", "cullface": "east" }
			}
		},
		{
			"from": [ 1, 8, 4 ],
			"to": [ 9, 12, 12 ],
			"faces": {
				"down": { "uv": [ 1, 4, 9, 12 ], "texture": "#texture" },
				"up": { "uv": [ 0, 0, 16, 16 ], "texture": "#texture", "rotation": 90 },
				"west": { "uv": [ 0, 0, 16, 8 ], "texture": "#texture" },
				"east": { "uv": [ 0, 0, 16, 8 ], "texture": "#texture" }
			}
		},
		{
			"from": [ 1, 8, -4 ],
			"to": [ 9, 12, 4 ],
			"faces": {
				"up": { "uv": [ 0, 0, 16, 16 ], "texture": "#texture", "cullface": "north", "rotation": 90 },
				"north": { "uv": [ 0, 0, 16, 8 ], "texture": "#texture", "cullface": "north" },
				"west": { "uv": [ 0, 0, 16, 8 ], "texture": "#texture", "cullface": "north" },
				"east": { "uv": [ 0, 0, 16, 8 ], "texture": "#texture", "cullface": "north" }
			}
		},
		{
			"from": [ 1, 8, 12 ],
			"to": [ 9, 12, 20 ],
			"faces": {
				"up": { "uv": [ 0, 0, 16, 16 ], "texture": "#texture", "cullface": "south", "rotation": 90 },
				"south": { "uv": [ 0, 0, 16, 9 ], "texture": "#texture", "cullface": "south" },
				"west": { "uv": [ 0, 0, 16, 8 ], "texture": "#texture", "cullface": "south" },
				"east": { "uv": [ 0, 0, 16, 8 ], "texture": "#texture", "cullface": "south" }
			}
		},
		{
			"from": [ -7, 4, 12 ],
			"to": [ 1, 8, 20 ],
			"faces": {
				"up": { "uv": [ 0, 0, 16, 16 ], "texture": "#texture", "cullface": "west", "rotation": 90 },
				"south": { "uv": [ 0, 0, 16, 9 ], "texture": "#texture", "cullface": "west" },
				"west": { "uv": [ 0, 0, 16, 8 ], "texture": "#texture", "cullface": "west" }
			}
		},
		{
			"from": [ -7, 4, 4 ],
			"to": [ 1, 8, 12 ],
			"faces": {
				"up": { "uv": [ 0, 0, 16, 16 ], "texture": "#texture", "cullface": "west", "rotation": 90 },
				"west": { "uv": [ 0, 0, 16, 8 ], "texture": "#texture", "cullface": "west" }
			}
		},
		{
			"from": [ 17, 0, 12 ],
			"to": [ 25, 4, 20 ],
			"faces": {
				"up": { "uv": [ 0, 0, 16, 16 ], "texture": "#texture", "cullface": "west", "rotation": 90 },
				"south": { "uv": [ 0, 0, 16, 8 ], "texture": "#texture" },
				"east": { "uv": [ 0, 0, 16, 8 ], "texture": "#texture" }
			}
		},
		{
			"from": [ 9, 0, -4 ],
			"to": [ 17, 8, 4 ],
			"faces": {
				"up": { "uv": [ 0, 0, 16, 16 ], "texture": "#texture", "cullface": "east", "rotation": 90 },
				"north": { "uv": [ 0, 0, 16, 16 ], "texture": "#texture", "cullface": "east" },
				"east": { "uv": [ 0, 0, 16, 16 ], "texture": "#texture", "cullface": "east" }
			}
		},
		{
			"from": [ 9, 0, 12 ],
			"to": [ 17, 8, 20 ],
			"faces": {
				"up": { "uv": [ 0, 0, 16, 16 ], "texture": "#texture", "cullface": "east", "rotation": 90 },
				"south": { "uv": [ 0, 0, 16, 16 ], "texture": "#texture", "cullface": "east" },
				"east": { "uv": [ 0, 0, 16, 16 ], "texture": "#texture", "cullface": "east" }
			}
		},
		{
			"from": [ 9, 4, 4 ],
			"to": [ 17, 8, 12 ],
			"faces": {
				"up": { "uv": [ 0, 0, 16, 16 ], "texture": "#texture", "cullface": "east", "rotation": 90 },
				"west": { "uv": [ 0, 0, 16, 8 ], "texture": "#texture", "cullface": "east" },
				"east": { "uv": [ 0, 0, 16, 8 ], "texture": "#texture", "cullface": "east" }
			}
		},
		{
			"from": [ 1, 0, 12 ],
			"to": [ 9, 8, 20 ],
			"faces": {
				"south": { "uv": [ 0, 0, 16, 16 ], "texture": "#texture", "cullface": "south" },
				"west": { "uv": [ 0, 0, 16, 16 ], "texture": "#texture", "cullface": "south" }
			}
		},
		{
			"from": [ 17, -8, 12 ],
			"to": [ 25, 0, 20 ],
			"faces": {
				"down": { "uv": [ 0, 0, 16, 16 ], "texture": "#texture", "rotation": 90 },
				"south": { "uv": [ 0, 0, 16, 16 ], "texture": "#texture", "cullface": "east" },
				"east": { "uv": [ 0, 0, 16, 16 ], "texture": "#texture", "cullface": "east" }
			}
		},
		{
			"from": [ 9, -8, 12 ],
			"to": [ 17, 0, 20 ],
			"faces": {
				"down": { "uv": [ 0, 0, 16, 16 ], "texture": "#texture", "rotation": 90 },
				"south": { "uv": [ 0, 0, 16, 16 ], "texture": "#texture", "cullface": "east" }
			}
		},
		{
			"from": [ -15, -8, 4 ],
			"to": [ -7, 0, 12 ],
			"faces": {
				"down": { "uv": [ 0, 0, 16, 16 ], "texture": "#texture", "rotation": 90 },
				"west": { "uv": [ 0, 0, 16, 16 ], "texture": "#texture", "cullface": "east" }
			}
		},
		{
			"from": [ -7, -8, 12 ],
			"to": [ 1, 0, 20 ],
			"faces": {
				"down": { "uv": [ 0, 0, 16, 16 ], "texture": "#texture", "rotation": 90 },
				"south": { "uv": [ 0, 0, 16, 16 ], "texture": "#texture", "cullface": "east" }
			}
		},
		{
			"from": [ -15, -8, 12 ],
			"to": [ -7, 0, 20 ],
			"faces": {
				"down": { "uv": [ 0, 0, 16, 16 ], "texture": "#texture", "rotation": 90 },
				"up": { "uv": [ 0, 0, 16, 16 ], "texture": "#texture", "cullface": "east", "rotation": 90 },
				"south": { "uv": [ 0, 0, 16, 16 ], "texture": "#texture", "cullface": "east" },
				"west": { "uv": [ 0, 0, 16, 16 ], "texture": "#texture", "cullface": "east" }
			}
		},
		{
			"from": [ -15, -8, -4 ],
			"to": [ -7, 0, 4 ],
			"faces": {
				"down": { "uv": [ 0, 0, 16, 16 ], "texture": "#texture", "rotation": 90 },
				"up": { "uv": [ 0, 0, 16, 16 ], "texture": "#texture", "cullface": "east", "rotation": 90 },
				"north": { "uv": [ 0, 0, 16, 16 ], "texture": "#texture" },
				"west": { "uv": [ 0, 0, 16, 16 ], "texture": "#texture", "cullface": "east" }
			}
		},
		{
			"from": [ 1, 0, -4 ],
			"to": [ 9, 8, 4 ],
			"faces": {
				"north": { "uv": [ 0, 0, 16, 16 ], "texture": "#texture", "cullface": "north" },
				"west": { "uv": [ 0, 0, 16, 16 ], "texture": "#texture", "cullface": "north" }
			}
		},
		{
			"from": [ 17, -8, -4 ],
			"to": [ 25, 0, 4 ],
			"faces": {
				"down": { "uv": [ 0, 0, 16, 16 ], "texture": "#texture", "rotation": 90 },
				"north": { "uv": [ 0, 0, 16, 16 ], "texture": "#texture" },
				"east": { "uv": [ 0, 0, 16, 16 ], "texture": "#texture", "cullface": "east" }
			}
		},
		{
			"from": [ -7, -8, -4 ],
			"to": [ 1, 0, 4 ],
			"faces": {
				"down": { "uv": [ 0, 0, 16, 16 ], "texture": "#texture", "rotation": 90 },
				"north": { "uv": [ 0, 0, 16, 16 ], "texture": "#texture" }
			}
		},
		{
			"from": [ -7, -8, 4 ],
			"to": [ 1, 0, 12 ],
			"faces": {
				"down": { "uv": [ 0, 0, 16, 16 ], "texture": "#texture", "rotation": 90 }
			}
		},
		{
			"from": [ 1, -8, 4 ],
			"to": [ 9, 0, 12 ],
			"faces": {
				"down": { "uv": [ 0, 0, 16, 16 ], "texture": "#texture", "cullface": "down", "rotation": 90 },
				"up": { "uv": [ 0, 0, 16, 16 ], "texture": "#texture", "cullface": "down", "rotation": 90 }
			}
		},
		{
			"from": [ 1, -8, 12 ],
			"to": [ 9, 0, 20 ],
			"faces": {
				"down": { "uv": [ 0, 0, 16, 16 ], "texture": "#texture", "rotation": 90 },
				"south": { "uv": [ 0, 0, 16, 16 ], "texture": "#texture", "cullface": "east" }
			}
		},
		{
			"from": [ 1, -8, -4 ],
			"to": [ 9, 0, 4 ],
			"faces": {
				"down": { "uv": [ 0, 0, 16, 16 ], "texture": "#texture", "rotation": 90 },
				"north": { "uv": [ 0, 0, 16, 16 ], "texture": "#texture" }
			}
		},
		{
			"from": [ 9, -8, -4 ],
			"to": [ 17, 0, 4 ],
			"faces": {
				"down": { "uv": [ 0, 0, 16, 16 ], "texture": "#texture", "rotation": 90 },
				"north": { "uv": [ 0, 0, 16, 16 ], "texture": "#texture" }
			}
		},
		{
			"from": [ 9, -8, 4 ],
			"to": [ 17, 0, 12 ],
			"faces": {
				"down": { "uv": [ 0, 0, 16, 16 ], "texture": "#texture", "rotation": 90 },
				"up": { "uv": [ 0, 0, 16, 16 ], "texture": "#texture", "cullface": "east", "rotation": 90 }
			}
		},
		{
			"from": [ -7, 4, -4 ],
			"to": [ 1, 8, 4 ],
			"faces": {
				"up": { "uv": [ 0, 0, 16, 16 ], "texture": "#texture", "cullface": "west", "rotation": 90 },
				"north": { "uv": [ 0, 0, 16, 8 ], "texture": "#texture", "cullface": "west" },
				"west": { "uv": [ 0, 0, 16, 8 ], "texture": "#texture", "cullface": "west" }
			}
		},
		{
			"from": [ 17, 0, -4 ],
			"to": [ 25, 4, 4 ],
			"faces": {
				"up": { "uv": [ 0, 0, 16, 16 ], "texture": "#texture", "cullface": "west", "rotation": 90 },
				"north": { "uv": [ 0, 0, 16, 8 ], "texture": "#texture", "cullface": "west" },
				"east": { "uv": [ 0, 0, 16, 8 ], "texture": "#texture" }
			}
		},
		{
			"from": [ 17, 0, 4 ],
			"to": [ 25, 4, 12 ],
			"faces": {
				"up": { "uv": [ 0, 0, 16, 16 ], "texture": "#texture", "cullface": "east", "rotation": 90 },
				"west": { "uv": [ 0, 0, 16, 8 ], "texture": "#texture", "cullface": "east" },
				"east": { "uv": [ 0, 0, 16, 8 ], "texture": "#texture", "cullface": "east" }
			}
		},
		{
			"from": [ -15, 0, 4 ],
			"to": [ -7, 4, 12 ],
			"faces": {
				"up": { "uv": [ 0, 0, 16, 16 ], "texture": "#texture", "cullface": "west", "rotation": 90 },
				"north": { "uv": [ 0, 0, 16, 8 ], "texture": "#texture", "cullface": "west" },
				"south": { "uv": [ 0, 0, 16, 9 ], "texture": "#texture", "cullface": "west" },
				"west": { "uv": [ 0, 0, 16, 8 ], "texture": "#texture", "cullface": "west" }
			}
		}
	],
	"display": {
		"head": {
			"rotation":  [ 180, -90, 0 ],
			"translation":  [ 0, -2, -4 ],
			"scale":  [ 2, 2, 2 ]
		}
	}
}