{
    "__comment": "Model generated using MrCrayfish's Model Creator (http://mrcrayfish.com/modelcreator/)",
    "textures": {
        "0": "blocks/cookie",
        "1": "blocks/mlg"
    },
    "elements": [
        {
            "name": "Element",
            "from": [ -1.0, 15.0, 13.0 ], 
            "to": [ 6.0, 19.0, 20.0 ], 
            "faces": {
                "north": { "texture": "#0", "uv": [ 1.5, 1.0, 5.0, 2.0 ] },
                "east": { "texture": "#0", "uv": [ 4.5, 1.0, 5.0, 3.0 ] },
                "south": { "texture": "#0", "uv": [ 1.5, 1.0, 5.0, 3.0 ] },
                "west": { "texture": "#0", "uv": [ 1.5, 1.0, 2.0, 3.0 ] },
                "up": { "texture": "#0", "uv": [ 1.5, 1.0, 5.0, 1.5 ] },
                "down": { "texture": "#0", "uv": [ 1.5, 2.5, 5.0, 3.0 ] }
            }
        },
        {
            "name": "Element",
            "from": [ 0.0, 19.0, 13.0 ], 
            "to": [ 5.0, 20.0, 20.0 ], 
            "faces": {
                "north": { "texture": "#0", "uv": [ 2.0, 0.5, 4.5, 1.0 ] },
                "east": { "texture": "#0", "uv": [ 2.0, 0.5, 4.5, 1.0 ] },
                "south": { "texture": "#0", "uv": [ 2.0, 0.5, 4.5, 1.0 ] },
                "west": { "texture": "#0", "uv": [ 2.0, 0.5, 4.5, 1.0 ] },
                "up": { "texture": "#0", "uv": [ 2.0, 0.5, 4.5, 1.0 ] },
                "down": { "texture": "#0", "uv": [ 2.0, 0.5, 4.5, 1.0 ] }
            }
        },
        {
            "name": "Element",
            "from": [ 1.0, 20.0, 14.0 ], 
            "to": [ 4.0, 21.0, 19.0 ], 
            "faces": {
                "north": { "texture": "#0", "uv": [ 2.5, 0.0, 4.0, 0.5 ] },
                "east": { "texture": "#0", "uv": [ 2.5, 0.0, 4.0, 0.5 ] },
                "south": { "texture": "#0", "uv": [ 2.5, 0.0, 4.0, 0.5 ] },
                "west": { "texture": "#0", "uv": [ 2.5, 0.0, 4.0, 0.5 ] },
                "up": { "texture": "#0", "uv": [ 2.5, 0.0, 4.0, 0.5 ] },
                "down": { "texture": "#0", "uv": [ 2.5, 0.0, 4.0, 0.5 ] }
            }
        },
        {
            "name": "Element",
            "from": [ 0.0, 20.0, 15.0 ], 
            "to": [ 1.0, 21.0, 18.0 ], 
            "faces": {
                "north": { "texture": "#0", "uv": [ 2.0, 0.0, 2.5, 0.5 ] },
                "east": { "texture": "#0", "uv": [ 2.0, 0.0, 2.5, 0.5 ] },
                "south": { "texture": "#0", "uv": [ 2.0, 0.0, 2.5, 0.5 ] },
                "west": { "texture": "#0", "uv": [ 2.0, 0.0, 2.5, 0.5 ] },
                "up": { "texture": "#0", "uv": [ 2.0, 0.0, 2.5, 0.5 ] },
                "down": { "texture": "#0", "uv": [ 2.0, 0.0, 2.5, 0.5 ] }
            }
        },
        {
            "name": "Element",
            "from": [ -1.0, 19.0, 14.0 ], 
            "to": [ 0.0, 20.0, 19.0 ], 
            "faces": {
                "north": { "texture": "#0", "uv": [ 1.5, 0.5, 2.0, 1.0 ] },
                "east": { "texture": "#0", "uv": [ 1.5, 0.5, 2.0, 1.0 ] },
                "south": { "texture": "#0", "uv": [ 1.5, 0.5, 2.0, 1.0 ] },
                "west": { "texture": "#0", "uv": [ 1.5, 0.5, 2.0, 1.0 ] },
                "up": { "texture": "#0", "uv": [ 1.5, 0.5, 2.0, 1.0 ] },
                "down": { "texture": "#0", "uv": [ 1.5, 0.5, 2.0, 1.0 ] }
            }
        },
        {
            "name": "Element",
            "from": [ -2.0, 15.0, 14.0 ], 
            "to": [ -1.0, 19.0, 19.0 ], 
            "faces": {
                "north": { "texture": "#0", "uv": [ 1.0, 1.0, 1.5, 3.0 ] },
                "east": { "texture": "#0", "uv": [ 1.0, 1.0, 1.5, 3.0 ] },
                "south": { "texture": "#0", "uv": [ 1.0, 1.0, 1.5, 3.0 ] },
                "west": { "texture": "#0", "uv": [ 1.0, 1.0, 1.5, 3.0 ] },
                "up": { "texture": "#0", "uv": [ 1.0, 1.0, 1.5, 1.5 ] },
                "down": { "texture": "#0", "uv": [ 1.0, 2.5, 1.5, 3.0 ] }
            }
        },
        {
            "name": "Element",
            "from": [ -2.0, 16.0, 19.0 ], 
            "to": [ -1.0, 18.0, 20.0 ], 
            "faces": {
                "north": { "texture": "#0", "uv": [ 1.0, 1.5, 1.5, 2.5 ] },
                "east": { "texture": "#0", "uv": [ 1.0, 1.5, 1.5, 2.5 ] },
                "south": { "texture": "#0", "uv": [ 1.0, 1.5, 1.5, 2.5 ] },
                "west": { "texture": "#0", "uv": [ 1.0, 1.5, 1.5, 2.5 ] },
                "up": { "texture": "#0", "uv": [ 1.0, 1.5, 1.5, 2.0 ] },
                "down": { "texture": "#0", "uv": [ 1.0, 2.0, 1.5, 2.5 ] }
            }
        },
        {
            "name": "Element",
            "from": [ 0.0, 14.0, 13.0 ], 
            "to": [ 5.0, 15.0, 20.0 ], 
            "faces": {
                "north": { "texture": "#0", "uv": [ 2.0, 1.5, 4.5, 2.0 ] },
                "east": { "texture": "#0", "uv": [ 2.0, 3.0, 2.5, 3.5 ] },
                "south": { "texture": "#0", "uv": [ 2.0, 3.0, 4.5, 3.5 ] },
                "west": { "texture": "#0", "uv": [ 2.0, 3.0, 2.5, 3.5 ] },
                "up": { "texture": "#0", "uv": [ 2.0, 3.0, 4.5, 3.5 ] },
                "down": { "texture": "#0", "uv": [ 2.0, 3.0, 4.5, 3.5 ] }
            }
        },
        {
            "name": "Element",
            "from": [ 1.0, 13.0, 14.0 ], 
            "to": [ 4.0, 14.0, 19.0 ], 
            "faces": {
                "north": { "texture": "#0", "uv": [ 2.5, 3.5, 4.0, 4.0 ] },
                "east": { "texture": "#0", "uv": [ 2.5, 3.5, 4.0, 4.0 ] },
                "south": { "texture": "#0", "uv": [ 2.5, 3.5, 4.0, 4.0 ] },
                "west": { "texture": "#0", "uv": [ 2.5, 3.5, 4.0, 4.0 ] },
                "up": { "texture": "#0", "uv": [ 2.5, 3.5, 4.0, 4.0 ] },
                "down": { "texture": "#0", "uv": [ 2.5, 3.5, 4.0, 4.0 ] }
            }
        },
        {
            "name": "Element",
            "from": [ 0.0, 13.0, 15.0 ], 
            "to": [ 1.0, 14.0, 18.0 ], 
            "faces": {
                "north": { "texture": "#0", "uv": [ 2.0, 3.5, 2.5, 4.0 ] },
                "east": { "texture": "#0", "uv": [ 2.0, 3.5, 2.5, 4.0 ] },
                "south": { "texture": "#0", "uv": [ 2.0, 3.5, 2.5, 4.0 ] },
                "west": { "texture": "#0", "uv": [ 2.0, 3.5, 2.5, 4.0 ] },
                "up": { "texture": "#0", "uv": [ 2.0, 3.5, 2.5, 4.0 ] },
                "down": { "texture": "#0", "uv": [ 2.0, 3.5, 2.5, 4.0 ] }
            }
        },
        {
            "name": "Element",
            "from": [ -1.0, 14.0, 14.0 ], 
            "to": [ 0.0, 15.0, 19.0 ], 
            "faces": {
                "north": { "texture": "#0", "uv": [ 1.5, 3.0, 2.0, 3.5 ] },
                "east": { "texture": "#0", "uv": [ 1.5, 3.0, 2.0, 3.5 ] },
                "south": { "texture": "#0", "uv": [ 1.5, 3.0, 2.0, 3.5 ] },
                "west": { "texture": "#0", "uv": [ 1.5, 3.0, 2.0, 3.5 ] },
                "up": { "texture": "#0", "uv": [ 1.5, 3.0, 2.0, 3.5 ] },
                "down": { "texture": "#0", "uv": [ 1.5, 3.0, 2.0, 3.5 ] }
            }
        },
        {
            "name": "Element",
            "from": [ 0.0, 16.0, 20.0 ], 
            "to": [ 5.0, 18.0, 21.0 ], 
            "faces": {
                "north": { "texture": "#0", "uv": [ 2.0, 1.5, 4.5, 2.0 ] },
                "east": { "texture": "#0", "uv": [ 4.5, 1.5, 5.0, 2.0 ] },
                "south": { "texture": "#0", "uv": [ 2.0, 1.5, 4.5, 2.5 ] },
                "west": { "texture": "#0", "uv": [ 4.5, 1.5, 5.0, 2.0 ] },
                "up": { "texture": "#0", "uv": [ 2.0, 1.5, 4.5, 2.0 ] },
                "down": { "texture": "#0", "uv": [ 2.0, 2.0, 4.5, 2.5 ] }
            }
        },
        {
            "name": "Element",
            "from": [ 1.0, 15.0, 20.0 ], 
            "to": [ 4.0, 16.0, 21.0 ], 
            "faces": {
                "north": { "texture": "#0", "uv": [ 2.5, 2.5, 4.0, 3.0 ] },
                "east": { "texture": "#0", "uv": [ 3.5, 2.5, 4.0, 3.0 ] },
                "south": { "texture": "#0", "uv": [ 2.5, 2.5, 4.0, 3.0 ] },
                "west": { "texture": "#0", "uv": [ 2.5, 2.5, 3.0, 3.0 ] },
                "up": { "texture": "#0", "uv": [ 2.5, 2.5, 4.0, 3.0 ] },
                "down": { "texture": "#0", "uv": [ 2.5, 2.5, 4.0, 3.0 ] }
            }
        },
        {
            "name": "Element",
            "from": [ 1.0, 18.0, 20.0 ], 
            "to": [ 4.0, 19.0, 21.0 ], 
            "faces": {
                "north": { "texture": "#0", "uv": [ 2.5, 1.0, 4.0, 1.5 ] },
                "east": { "texture": "#0", "uv": [ 2.5, 1.0, 3.0, 1.5 ] },
                "south": { "texture": "#0", "uv": [ 2.5, 1.0, 4.0, 1.5 ] },
                "west": { "texture": "#0", "uv": [ 2.5, 1.0, 3.0, 1.5 ] },
                "up": { "texture": "#0", "uv": [ 2.5, 1.0, 4.0, 1.5 ] },
                "down": { "texture": "#0", "uv": [ 2.5, 1.0, 4.0, 1.5 ] }
            }
        },
        {
            "name": "Element",
            "from": [ 4.0, 13.0, 15.0 ], 
            "to": [ 5.0, 14.0, 18.0 ], 
            "faces": {
                "north": { "texture": "#0", "uv": [ 2.0, 3.5, 2.5, 4.0 ] },
                "east": { "texture": "#0", "uv": [ 2.0, 3.5, 2.5, 4.0 ] },
                "south": { "texture": "#0", "uv": [ 2.0, 3.5, 2.5, 4.0 ] },
                "west": { "texture": "#0", "uv": [ 2.0, 3.5, 2.5, 4.0 ] },
                "up": { "texture": "#0", "uv": [ 2.0, 3.5, 2.5, 4.0 ] },
                "down": { "texture": "#0", "uv": [ 2.0, 3.5, 2.5, 4.0 ] }
            }
        },
        {
            "name": "Element",
            "from": [ 5.0, 14.0, 14.0 ], 
            "to": [ 6.0, 15.0, 19.0 ], 
            "faces": {
                "north": { "texture": "#0", "uv": [ 1.5, 3.0, 2.0, 3.5 ] },
                "east": { "texture": "#0", "uv": [ 1.5, 3.0, 2.0, 3.5 ] },
                "south": { "texture": "#0", "uv": [ 1.5, 3.0, 2.0, 3.5 ] },
                "west": { "texture": "#0", "uv": [ 1.5, 3.0, 2.0, 3.5 ] },
                "up": { "texture": "#0", "uv": [ 1.5, 3.0, 2.0, 3.5 ] },
                "down": { "texture": "#0", "uv": [ 1.5, 3.0, 2.0, 3.5 ] }
            }
        },
        {
            "name": "Element",
            "from": [ -2.0, 16.0, 13.0 ], 
            "to": [ -1.0, 18.0, 14.0 ], 
            "faces": {
                "north": { "texture": "#0", "uv": [ 1.0, 1.5, 1.5, 2.5 ] },
                "east": { "texture": "#0", "uv": [ 1.0, 1.5, 1.5, 2.5 ] },
                "south": { "texture": "#0", "uv": [ 1.0, 1.5, 1.5, 2.5 ] },
                "west": { "texture": "#0", "uv": [ 1.0, 1.5, 1.5, 2.5 ] },
                "up": { "texture": "#0", "uv": [ 1.0, 1.5, 1.5, 2.0 ] },
                "down": { "texture": "#0", "uv": [ 1.0, 2.0, 1.5, 2.5 ] }
            }
        },
        {
            "name": "Element",
            "from": [ 6.0, 16.0, 19.0 ], 
            "to": [ 7.0, 18.0, 20.0 ], 
            "faces": {
                "north": { "texture": "#0", "uv": [ 5.0, 1.5, 5.5, 2.5 ] },
                "east": { "texture": "#0", "uv": [ 5.0, 1.5, 5.5, 2.5 ] },
                "south": { "texture": "#0", "uv": [ 5.0, 1.5, 5.5, 2.5 ] },
                "west": { "texture": "#0", "uv": [ 5.0, 1.5, 5.5, 2.5 ] },
                "up": { "texture": "#0", "uv": [ 5.0, 1.5, 5.5, 2.0 ] },
                "down": { "texture": "#0", "uv": [ 5.0, 1.5, 5.5, 2.0 ] }
            }
        },
        {
            "name": "Element",
            "from": [ 6.0, 15.0, 14.0 ], 
            "to": [ 7.0, 19.0, 19.0 ], 
            "faces": {
                "north": { "texture": "#0", "uv": [ 5.0, 1.0, 5.5, 3.0 ] },
                "east": { "texture": "#0", "uv": [ 5.0, 1.0, 5.5, 3.0 ] },
                "south": { "texture": "#0", "uv": [ 5.0, 1.0, 5.5, 3.0 ] },
                "west": { "texture": "#0", "uv": [ 5.0, 1.0, 5.5, 3.0 ] },
                "up": { "texture": "#0", "uv": [ 1.0, 1.0, 1.5, 1.5 ] },
                "down": { "texture": "#0", "uv": [ 1.0, 2.5, 1.5, 3.0 ] }
            }
        },
        {
            "name": "Element",
            "from": [ 6.0, 16.0, 13.0 ], 
            "to": [ 7.0, 18.0, 14.0 ], 
            "faces": {
                "north": { "texture": "#0", "uv": [ 5.0, 1.5, 5.5, 2.5 ] },
                "east": { "texture": "#0", "uv": [ 5.0, 1.5, 5.5, 2.5 ] },
                "south": { "texture": "#0", "uv": [ 5.0, 1.5, 5.5, 2.5 ] },
                "west": { "texture": "#0", "uv": [ 5.0, 1.5, 5.5, 2.5 ] },
                "up": { "texture": "#0", "uv": [ 5.0, 1.5, 5.5, 2.0 ] },
                "down": { "texture": "#0", "uv": [ 5.0, 1.5, 5.5, 2.0 ] }
            }
        },
        {
            "name": "Element",
            "from": [ 5.0, 19.0, 14.0 ], 
            "to": [ 6.0, 20.0, 19.0 ], 
            "faces": {
                "north": { "texture": "#0", "uv": [ 1.5, 0.5, 2.0, 1.0 ] },
                "east": { "texture": "#0", "uv": [ 1.5, 0.5, 2.0, 1.0 ] },
                "south": { "texture": "#0", "uv": [ 1.5, 0.5, 2.0, 1.0 ] },
                "west": { "texture": "#0", "uv": [ 1.5, 0.5, 2.0, 1.0 ] },
                "up": { "texture": "#0", "uv": [ 1.5, 0.5, 2.0, 1.0 ] },
                "down": { "texture": "#0", "uv": [ 1.5, 0.5, 2.0, 1.0 ] }
            }
        },
        {
            "name": "Element",
            "from": [ 4.0, 20.0, 15.0 ], 
            "to": [ 5.0, 21.0, 18.0 ], 
            "faces": {
                "north": { "texture": "#0", "uv": [ 2.0, 0.0, 2.5, 0.5 ] },
                "east": { "texture": "#0", "uv": [ 2.0, 0.0, 2.5, 0.5 ] },
                "south": { "texture": "#0", "uv": [ 2.0, 0.0, 2.5, 0.5 ] },
                "west": { "texture": "#0", "uv": [ 2.0, 0.0, 2.5, 0.5 ] },
                "up": { "texture": "#0", "uv": [ 2.0, 0.0, 2.5, 0.5 ] },
                "down": { "texture": "#0", "uv": [ 2.0, 0.0, 2.5, 0.5 ] }
            }
        },
        {
            "name": "Element",
            "from": [ 0.0, 16.0, 12.0 ], 
            "to": [ 5.0, 18.0, 13.0 ], 
            "faces": {
                "north": { "texture": "#0", "uv": [ 2.0, 1.5, 4.5, 2.0 ] },
                "east": { "texture": "#0", "uv": [ 4.5, 1.5, 5.0, 2.0 ] },
                "south": { "texture": "#0", "uv": [ 2.0, 1.5, 4.5, 2.5 ] },
                "west": { "texture": "#0", "uv": [ 4.5, 1.5, 5.0, 2.0 ] },
                "up": { "texture": "#0", "uv": [ 2.0, 1.5, 4.5, 2.0 ] },
                "down": { "texture": "#0", "uv": [ 2.0, 2.0, 4.5, 2.5 ] }
            }
        },
        {
            "name": "Element",
            "from": [ 1.0, 18.0, 12.0 ], 
            "to": [ 4.0, 19.0, 13.0 ], 
            "faces": {
                "north": { "texture": "#0", "uv": [ 2.5, 1.0, 4.0, 1.5 ] },
                "east": { "texture": "#0", "uv": [ 2.5, 1.0, 3.0, 1.5 ] },
                "south": { "texture": "#0", "uv": [ 2.5, 1.0, 4.0, 1.5 ] },
                "west": { "texture": "#0", "uv": [ 2.5, 1.0, 3.0, 1.5 ] },
                "up": { "texture": "#0", "uv": [ 2.5, 1.0, 4.0, 1.5 ] },
                "down": { "texture": "#0", "uv": [ 2.5, 1.0, 4.0, 1.5 ] }
            }
        },
        {
            "name": "Element",
            "from": [ 1.0, 15.0, 12.0 ], 
            "to": [ 4.0, 16.0, 13.0 ], 
            "faces": {
                "north": { "texture": "#0", "uv": [ 2.5, 1.0, 4.0, 1.5 ] },
                "east": { "texture": "#0", "uv": [ 2.5, 1.0, 3.0, 1.5 ] },
                "south": { "texture": "#0", "uv": [ 2.5, 1.0, 4.0, 1.5 ] },
                "west": { "texture": "#0", "uv": [ 2.5, 1.0, 3.0, 1.5 ] },
                "up": { "texture": "#0", "uv": [ 2.5, 1.0, 4.0, 1.5 ] },
                "down": { "texture": "#0", "uv": [ 2.5, 1.0, 4.0, 1.5 ] }
            }
        },
        {
            "name": "Element",
            "from": [ 10.0, 14.0, 13.0 ], 
            "to": [ 16.0, 18.0, 20.0 ], 
            "faces": {
                "north": { "texture": "#0", "uv": [ 10.0, 1.5, 7.0, 3.5 ] },
                "east": { "texture": "#0", "uv": [ 9.5, 1.5, 10.0, 3.5 ] },
                "south": { "texture": "#0", "uv": [ 7.0, 1.5, 10.0, 3.5 ] },
                "west": { "texture": "#0", "uv": [ 7.0, 1.5, 7.5, 3.5 ] },
                "up": { "texture": "#0", "uv": [ 7.0, 1.5, 10.0, 2.0 ] },
                "down": { "texture": "#0", "uv": [ 7.0, 3.0, 10.0, 3.5 ] }
            }
        },
        {
            "name": "Element",
            "from": [ 11.0, 15.0, 20.0 ], 
            "to": [ 15.0, 17.0, 21.0 ], 
            "faces": {
                "north": { "texture": "#0", "uv": [ 7.5, 1.5, 9.5, 2.0 ] },
                "east": { "texture": "#0", "uv": [ 9.0, 2.0, 9.5, 2.5 ] },
                "south": { "texture": "#0", "uv": [ 7.5, 1.5, 9.5, 2.0 ] },
                "west": { "texture": "#0", "uv": [ 9.0, 2.0, 9.5, 2.5 ] },
                "up": { "texture": "#0", "uv": [ 7.5, 1.5, 9.5, 2.0 ] },
                "down": { "texture": "#0", "uv": [ 7.5, 1.5, 9.5, 2.0 ] }
            }
        },
        {
            "name": "Element",
            "from": [ 12.0, 17.0, 20.0 ], 
            "to": [ 14.0, 18.0, 21.0 ], 
            "faces": {
                "north": { "texture": "#0", "uv": [ 2.5, 1.0, 4.0, 1.5 ] },
                "east": { "texture": "#0", "uv": [ 2.5, 1.0, 3.0, 1.5 ] },
                "south": { "texture": "#0", "uv": [ 2.5, 1.0, 4.0, 1.5 ] },
                "west": { "texture": "#0", "uv": [ 2.5, 1.0, 3.0, 1.5 ] },
                "up": { "texture": "#0", "uv": [ 2.5, 1.0, 4.0, 1.5 ] },
                "down": { "texture": "#0", "uv": [ 2.5, 1.0, 4.0, 1.5 ] }
            }
        },
        {
            "name": "Element",
            "from": [ 12.0, 14.0, 20.0 ], 
            "to": [ 14.0, 15.0, 21.0 ], 
            "faces": {
                "north": { "texture": "#0", "uv": [ 2.5, 1.0, 4.0, 1.5 ] },
                "east": { "texture": "#0", "uv": [ 2.5, 1.0, 3.0, 1.5 ] },
                "south": { "texture": "#0", "uv": [ 2.5, 1.0, 4.0, 1.5 ] },
                "west": { "texture": "#0", "uv": [ 2.5, 1.0, 3.0, 1.5 ] },
                "up": { "texture": "#0", "uv": [ 2.5, 1.0, 4.0, 1.5 ] },
                "down": { "texture": "#0", "uv": [ 2.5, 1.0, 4.0, 1.5 ] }
            }
        },
        {
            "name": "Element",
            "from": [ 9.0, 15.0, 19.0 ], 
            "to": [ 10.0, 17.0, 20.0 ], 
            "faces": {
                "north": { "texture": "#0", "uv": [ 5.0, 1.5, 5.5, 2.5 ] },
                "east": { "texture": "#0", "uv": [ 5.0, 1.5, 5.5, 2.5 ] },
                "south": { "texture": "#0", "uv": [ 5.0, 1.5, 5.5, 2.5 ] },
                "west": { "texture": "#0", "uv": [ 5.0, 1.5, 5.5, 2.5 ] },
                "up": { "texture": "#0", "uv": [ 5.0, 1.5, 5.5, 2.0 ] },
                "down": { "texture": "#0", "uv": [ 5.0, 1.5, 5.5, 2.0 ] }
            }
        },
        {
            "name": "Element",
            "from": [ 9.0, 14.0, 14.0 ], 
            "to": [ 10.0, 18.0, 19.0 ], 
            "faces": {
                "north": { "texture": "#0", "uv": [ 6.5, 1.5, 7.0, 3.5 ] },
                "east": { "texture": "#0", "uv": [ 6.5, 1.5, 7.0, 3.5 ] },
                "south": { "texture": "#0", "uv": [ 6.5, 1.5, 7.0, 3.5 ] },
                "west": { "texture": "#0", "uv": [ 6.5, 1.5, 7.0, 3.5 ] },
                "up": { "texture": "#0", "uv": [ 6.5, 1.5, 7.0, 2.0 ] },
                "down": { "texture": "#0", "uv": [ 6.5, 1.5, 7.0, 2.0 ] }
            }
        },
        {
            "name": "Element",
            "from": [ 16.0, 14.0, 14.0 ], 
            "to": [ 17.0, 18.0, 19.0 ], 
            "faces": {
                "north": { "texture": "#0", "uv": [ 10.0, 1.5, 10.5, 3.5 ] },
                "east": { "texture": "#0", "uv": [ 10.0, 1.5, 10.5, 3.5 ] },
                "south": { "texture": "#0", "uv": [ 10.0, 1.5, 10.5, 3.5 ] },
                "west": { "texture": "#0", "uv": [ 10.0, 1.5, 10.5, 3.5 ] },
                "up": { "texture": "#0", "uv": [ 10.0, 1.5, 10.5, 2.0 ] },
                "down": { "texture": "#0", "uv": [ 10.0, 3.0, 10.5, 3.5 ] }
            }
        },
        {
            "name": "Element",
            "from": [ 12.0, 17.0, 12.0 ], 
            "to": [ 14.0, 18.0, 13.0 ], 
            "faces": {
                "north": { "texture": "#0", "uv": [ 2.5, 1.0, 4.0, 1.5 ] },
                "east": { "texture": "#0", "uv": [ 2.5, 1.0, 3.0, 1.5 ] },
                "south": { "texture": "#0", "uv": [ 2.5, 1.0, 4.0, 1.5 ] },
                "west": { "texture": "#0", "uv": [ 2.5, 1.0, 3.0, 1.5 ] },
                "up": { "texture": "#0", "uv": [ 2.5, 1.0, 4.0, 1.5 ] },
                "down": { "texture": "#0", "uv": [ 2.5, 1.0, 4.0, 1.5 ] }
            }
        },
        {
            "name": "Element",
            "from": [ 11.0, 15.0, 12.0 ], 
            "to": [ 15.0, 17.0, 13.0 ], 
            "faces": {
                "north": { "texture": "#0", "uv": [ 7.5, 1.5, 9.5, 2.0 ] },
                "east": { "texture": "#0", "uv": [ 9.0, 2.0, 9.5, 2.5 ] },
                "south": { "texture": "#0", "uv": [ 7.5, 1.5, 9.5, 2.0 ] },
                "west": { "texture": "#0", "uv": [ 9.0, 2.0, 9.5, 2.5 ] },
                "up": { "texture": "#0", "uv": [ 7.5, 1.5, 9.5, 2.0 ] },
                "down": { "texture": "#0", "uv": [ 7.5, 1.5, 9.5, 2.0 ] }
            }
        },
        {
            "name": "Element",
            "from": [ 12.0, 14.0, 12.0 ], 
            "to": [ 14.0, 15.0, 13.0 ], 
            "faces": {
                "north": { "texture": "#0", "uv": [ 2.5, 1.0, 4.0, 1.5 ] },
                "east": { "texture": "#0", "uv": [ 2.5, 1.0, 3.0, 1.5 ] },
                "south": { "texture": "#0", "uv": [ 2.5, 1.0, 4.0, 1.5 ] },
                "west": { "texture": "#0", "uv": [ 2.5, 1.0, 3.0, 1.5 ] },
                "up": { "texture": "#0", "uv": [ 2.5, 1.0, 4.0, 1.5 ] },
                "down": { "texture": "#0", "uv": [ 2.5, 1.0, 4.0, 1.5 ] }
            }
        },
        {
            "name": "Element",
            "from": [ 9.0, 15.0, 13.0 ], 
            "to": [ 10.0, 17.0, 14.0 ], 
            "faces": {
                "north": { "texture": "#0", "uv": [ 5.0, 1.5, 5.5, 2.5 ] },
                "east": { "texture": "#0", "uv": [ 5.0, 1.5, 5.5, 2.5 ] },
                "south": { "texture": "#0", "uv": [ 5.0, 1.5, 5.5, 2.5 ] },
                "west": { "texture": "#0", "uv": [ 5.0, 1.5, 5.5, 2.5 ] },
                "up": { "texture": "#0", "uv": [ 5.0, 1.5, 5.5, 2.0 ] },
                "down": { "texture": "#0", "uv": [ 5.0, 1.5, 5.5, 2.0 ] }
            }
        },
        {
            "name": "Element",
            "from": [ 16.0, 15.0, 19.0 ], 
            "to": [ 17.0, 17.0, 20.0 ], 
            "faces": {
                "north": { "texture": "#0", "uv": [ 10.0, 2.0, 10.5, 3.0 ] },
                "east": { "texture": "#0", "uv": [ 10.0, 2.0, 10.5, 3.0 ] },
                "south": { "texture": "#0", "uv": [ 10.0, 2.0, 10.5, 3.0 ] },
                "west": { "texture": "#0", "uv": [ 10.0, 2.0, 10.5, 3.0 ] },
                "up": { "texture": "#0", "uv": [ 10.0, 2.0, 10.5, 2.5 ] },
                "down": { "texture": "#0", "uv": [ 10.0, 2.0, 10.5, 2.5 ] }
            }
        },
        {
            "name": "Element",
            "from": [ 16.0, 15.0, 13.0 ], 
            "to": [ 17.0, 17.0, 14.0 ], 
            "faces": {
                "north": { "texture": "#0", "uv": [ 10.0, 2.0, 10.5, 3.0 ] },
                "east": { "texture": "#0", "uv": [ 10.0, 2.0, 10.5, 3.0 ] },
                "south": { "texture": "#0", "uv": [ 10.0, 2.0, 10.5, 3.0 ] },
                "west": { "texture": "#0", "uv": [ 10.0, 2.0, 10.5, 3.0 ] },
                "up": { "texture": "#0", "uv": [ 10.0, 2.0, 10.5, 2.5 ] },
                "down": { "texture": "#0", "uv": [ 10.0, 2.0, 10.5, 2.5 ] }
            }
        },
        {
            "name": "Element",
            "from": [ 11.0, 18.0, 13.0 ], 
            "to": [ 15.0, 19.0, 20.0 ], 
            "faces": {
                "north": { "texture": "#0", "uv": [ 7.5, 1.5, 9.5, 2.0 ] },
                "east": { "texture": "#0", "uv": [ 8.5, 1.0, 9.5, 1.5 ] },
                "south": { "texture": "#0", "uv": [ 7.5, 1.0, 9.5, 1.5 ] },
                "west": { "texture": "#0", "uv": [ 8.5, 1.0, 9.5, 1.5 ] },
                "up": { "texture": "#0", "uv": [ 7.5, 2.0, 9.5, 1.0 ] },
                "down": { "texture": "#0", "uv": [ 9.5, 1.0, 7.5, 1.5 ] }
            }
        },
        {
            "name": "Element",
            "from": [ 10.0, 18.0, 14.0 ], 
            "to": [ 11.0, 19.0, 19.0 ], 
            "faces": {
                "north": { "texture": "#0", "uv": [ 7.0, 1.0, 7.5, 1.5 ] },
                "east": { "texture": "#0", "uv": [ 7.0, 1.0, 7.5, 1.5 ] },
                "south": { "texture": "#0", "uv": [ 7.0, 1.0, 7.5, 1.5 ] },
                "west": { "texture": "#0", "uv": [ 7.0, 1.0, 7.5, 1.5 ] },
                "up": { "texture": "#0", "uv": [ 7.0, 1.0, 7.5, 1.5 ] },
                "down": { "texture": "#0", "uv": [ 7.0, 1.0, 7.5, 1.5 ] }
            }
        },
        {
            "name": "Element",
            "from": [ 15.0, 18.0, 14.0 ], 
            "to": [ 16.0, 19.0, 19.0 ], 
            "faces": {
                "north": { "texture": "#0", "uv": [ 1.5, 0.5, 2.0, 1.0 ] },
                "east": { "texture": "#0", "uv": [ 1.5, 0.5, 2.0, 1.0 ] },
                "south": { "texture": "#0", "uv": [ 1.5, 0.5, 2.0, 1.0 ] },
                "west": { "texture": "#0", "uv": [ 1.5, 0.5, 2.0, 1.0 ] },
                "up": { "texture": "#0", "uv": [ 1.5, 0.5, 2.0, 1.0 ] },
                "down": { "texture": "#0", "uv": [ 1.5, 0.5, 2.0, 1.0 ] }
            }
        },
        {
            "name": "Element",
            "from": [ 12.0, 19.0, 14.0 ], 
            "to": [ 14.0, 20.0, 19.0 ], 
            "faces": {
                "north": { "texture": "#0", "uv": [ 8.5, 1.0, 9.5, 1.5 ] },
                "east": { "texture": "#0", "uv": [ 8.5, 0.5, 9.5, 1.0 ] },
                "south": { "texture": "#0", "uv": [ 8.0, 0.5, 9.0, 1.0 ] },
                "west": { "texture": "#0", "uv": [ 7.0, 1.0, 8.0, 1.5 ] },
                "up": { "texture": "#0", "uv": [ 8.0, 1.5, 9.0, 2.0 ] },
                "down": { "texture": "#0", "uv": [ 8.0, 1.5, 9.0, 2.0 ] }
            }
        },
        {
            "name": "Element",
            "from": [ 11.0, 19.0, 15.0 ], 
            "to": [ 12.0, 20.0, 18.0 ], 
            "faces": {
                "north": { "texture": "#0", "uv": [ 7.0, 1.0, 7.5, 1.5 ] },
                "east": { "texture": "#0", "uv": [ 8.5, 1.0, 9.5, 1.5 ] },
                "south": { "texture": "#0", "uv": [ 7.5, 0.5, 8.0, 1.0 ] },
                "west": { "texture": "#0", "uv": [ 7.0, 1.0, 8.0, 1.5 ] },
                "up": { "texture": "#0", "uv": [ 8.5, 2.0, 9.0, 2.5 ] },
                "down": { "texture": "#0", "uv": [ 8.5, 2.0, 9.0, 2.5 ] }
            }
        },
        {
            "name": "Element",
            "from": [ 14.0, 19.0, 15.0 ], 
            "to": [ 15.0, 20.0, 18.0 ], 
            "faces": {
                "north": { "texture": "#0", "uv": [ 2.0, 0.0, 2.5, 0.5 ] },
                "east": { "texture": "#0", "uv": [ 2.0, 0.0, 2.5, 0.5 ] },
                "south": { "texture": "#0", "uv": [ 2.0, 0.0, 2.5, 0.5 ] },
                "west": { "texture": "#0", "uv": [ 2.0, 0.0, 2.5, 0.5 ] },
                "up": { "texture": "#0", "uv": [ 2.0, 0.0, 2.5, 0.5 ] },
                "down": { "texture": "#0", "uv": [ 2.0, 0.0, 2.5, 0.5 ] }
            }
        },
        {
            "name": "Element",
            "from": [ 11.0, 13.0, 13.0 ], 
            "to": [ 15.0, 14.0, 20.0 ], 
            "faces": {
                "north": { "texture": "#0", "uv": [ 7.5, 3.5, 9.5, 4.0 ] },
                "east": { "texture": "#0", "uv": [ 7.5, 3.5, 9.5, 4.0 ] },
                "south": { "texture": "#0", "uv": [ 7.5, 3.5, 9.5, 4.0 ] },
                "west": { "texture": "#0", "uv": [ 7.5, 3.5, 9.5, 4.0 ] },
                "up": { "texture": "#0", "uv": [ 7.5, 3.5, 9.5, 4.0 ] },
                "down": { "texture": "#0", "uv": [ 7.5, 3.5, 9.5, 4.0 ] }
            }
        },
        {
            "name": "Element",
            "from": [ 15.0, 13.0, 14.0 ], 
            "to": [ 16.0, 14.0, 19.0 ], 
            "faces": {
                "north": { "texture": "#0", "uv": [ 1.5, 3.0, 2.0, 3.5 ] },
                "east": { "texture": "#0", "uv": [ 1.5, 3.0, 2.0, 3.5 ] },
                "south": { "texture": "#0", "uv": [ 1.5, 3.0, 2.0, 3.5 ] },
                "west": { "texture": "#0", "uv": [ 1.5, 3.0, 2.0, 3.5 ] },
                "up": { "texture": "#0", "uv": [ 1.5, 3.0, 2.0, 3.5 ] },
                "down": { "texture": "#0", "uv": [ 1.5, 3.0, 2.0, 3.5 ] }
            }
        },
        {
            "name": "Element",
            "from": [ 10.0, 13.0, 14.0 ], 
            "to": [ 11.0, 14.0, 19.0 ], 
            "faces": {
                "north": { "texture": "#0", "uv": [ 1.5, 3.0, 2.0, 3.5 ] },
                "east": { "texture": "#0", "uv": [ 1.5, 3.0, 2.0, 3.5 ] },
                "south": { "texture": "#0", "uv": [ 1.5, 3.0, 2.0, 3.5 ] },
                "west": { "texture": "#0", "uv": [ 1.5, 3.0, 2.0, 3.5 ] },
                "up": { "texture": "#0", "uv": [ 1.5, 3.0, 2.0, 3.5 ] },
                "down": { "texture": "#0", "uv": [ 1.5, 3.0, 2.0, 3.5 ] }
            }
        },
        {
            "name": "Element",
            "from": [ 12.0, 12.0, 14.0 ], 
            "to": [ 14.0, 13.0, 19.0 ], 
            "faces": {
                "north": { "texture": "#0", "uv": [ 2.5, 3.5, 4.0, 4.0 ] },
                "east": { "texture": "#0", "uv": [ 2.5, 3.5, 4.0, 4.0 ] },
                "south": { "texture": "#0", "uv": [ 2.5, 3.5, 4.0, 4.0 ] },
                "west": { "texture": "#0", "uv": [ 2.5, 3.5, 4.0, 4.0 ] },
                "up": { "texture": "#0", "uv": [ 2.5, 3.5, 4.0, 4.0 ] },
                "down": { "texture": "#0", "uv": [ 2.5, 3.5, 4.0, 4.0 ] }
            }
        },
        {
            "name": "Element",
            "from": [ 11.0, 12.0, 15.0 ], 
            "to": [ 12.0, 13.0, 18.0 ], 
            "faces": {
                "north": { "texture": "#0", "uv": [ 2.0, 3.5, 2.5, 4.0 ] },
                "east": { "texture": "#0", "uv": [ 2.0, 3.5, 2.5, 4.0 ] },
                "south": { "texture": "#0", "uv": [ 2.0, 3.5, 2.5, 4.0 ] },
                "west": { "texture": "#0", "uv": [ 2.0, 3.5, 2.5, 4.0 ] },
                "up": { "texture": "#0", "uv": [ 2.0, 3.5, 2.5, 4.0 ] },
                "down": { "texture": "#0", "uv": [ 2.0, 3.5, 2.5, 4.0 ] }
            }
        },
        {
            "name": "Element",
            "from": [ 14.0, 12.0, 15.0 ], 
            "to": [ 15.0, 13.0, 18.0 ], 
            "faces": {
                "north": { "texture": "#0", "uv": [ 2.0, 3.5, 2.5, 4.0 ] },
                "east": { "texture": "#0", "uv": [ 2.0, 3.5, 2.5, 4.0 ] },
                "south": { "texture": "#0", "uv": [ 2.0, 3.5, 2.5, 4.0 ] },
                "west": { "texture": "#0", "uv": [ 2.0, 3.5, 2.5, 4.0 ] },
                "up": { "texture": "#0", "uv": [ 2.0, 3.5, 2.5, 4.0 ] },
                "down": { "texture": "#0", "uv": [ 2.0, 3.5, 2.5, 4.0 ] }
            }
        },
        {
            "name": "Element",
            "from": [ -3.0, 9.0, 14.0 ], 
            "to": [ 19.0, 15.0, 17.0 ], 
            "faces": {
                "north": { "texture": "#0", "uv": [ 11.5, 3.0, 0.5, 6.0 ] },
                "east": { "texture": "#0", "uv": [ 11.0, 3.0, 11.5, 6.0 ] },
                "south": { "texture": "#0", "uv": [ 0.5, 3.0, 11.5, 6.0 ] },
                "west": { "texture": "#0", "uv": [ 0.5, 3.0, 1.0, 6.0 ] },
                "up": { "texture": "#0", "uv": [ 0.5, 3.0, 11.5, 3.5 ] },
                "down": { "texture": "#0", "uv": [ 0.5, 5.5, 11.5, 6.0 ] }
            }
        },
        {
            "name": "Element",
            "from": [ -4.0, 9.0, 14.0 ], 
            "to": [ -3.0, 14.0, 17.0 ], 
            "faces": {
                "north": { "texture": "#0", "uv": [ 0.0, 3.5, 0.5, 6.0 ] },
                "east": { "texture": "#0", "uv": [ 0.0, 3.5, 0.5, 6.0 ] },
                "south": { "texture": "#0", "uv": [ 0.0, 3.5, 0.5, 6.0 ] },
                "west": { "texture": "#0", "uv": [ 0.0, 3.5, 0.5, 6.0 ] },
                "up": { "texture": "#0", "uv": [ 0.0, 3.5, 0.5, 4.0 ] },
                "down": { "texture": "#0", "uv": [ 0.0, 5.5, 0.5, 6.0 ] }
            }
        },
        {
            "name": "Element",
            "from": [ 17.0, 15.0, 16.0 ], 
            "to": [ 18.0, 16.0, 17.0 ], 
            "faces": {
                "north": { "texture": "#0", "uv": [ 10.5, 2.5, 11.0, 3.0 ] },
                "east": { "texture": "#0", "uv": [ 10.5, 2.5, 11.0, 3.0 ] },
                "south": { "texture": "#0", "uv": [ 10.5, 2.5, 11.0, 3.0 ] },
                "west": { "texture": "#0", "uv": [ 10.5, 2.5, 11.0, 3.0 ] },
                "up": { "texture": "#0", "uv": [ 10.5, 2.5, 11.0, 3.0 ] },
                "down": { "texture": "#0", "uv": [ 10.5, 2.5, 11.0, 3.0 ] }
            }
        },
        {
            "name": "Element",
            "from": [ -3.0, 3.0, 14.0 ], 
            "to": [ 18.0, 9.0, 17.0 ], 
            "faces": {
                "north": { "texture": "#0", "uv": [ 11.0, 6.0, 0.5, 9.0 ] },
                "east": { "texture": "#0", "uv": [ 10.5, 6.0, 11.0, 9.0 ] },
                "south": { "texture": "#0", "uv": [ 0.5, 6.0, 11.0, 9.0 ] },
                "west": { "texture": "#0", "uv": [ 0.5, 6.0, 1.0, 9.0 ] },
                "up": { "texture": "#0", "uv": [ 0.5, 6.0, 11.0, 6.5 ] },
                "down": { "texture": "#0", "uv": [ 0.5, 8.5, 11.0, 9.0 ] }
            }
        },
        {
            "name": "Element",
            "from": [ -3.0, 2.0, 14.0 ], 
            "to": [ 17.0, 3.0, 17.0 ], 
            "faces": {
                "north": { "texture": "#0", "uv": [ 10.5, 9.0, 0.5, 9.5 ] },
                "east": { "texture": "#0", "uv": [ 10.0, 9.0, 10.5, 9.5 ] },
                "south": { "texture": "#0", "uv": [ 0.5, 9.0, 10.5, 9.5 ] },
                "west": { "texture": "#0", "uv": [ 0.5, 9.0, 1.0, 9.5 ] },
                "up": { "texture": "#0", "uv": [ 0.5, 9.0, 10.5, 9.5 ] },
                "down": { "texture": "#0", "uv": [ 0.5, 9.0, 10.5, 9.5 ] }
            }
        },
        {
            "name": "Element",
            "from": [ -2.0, 1.0, 14.0 ], 
            "to": [ 17.0, 2.0, 17.0 ], 
            "faces": {
                "north": { "texture": "#0", "uv": [ 10.5, 9.5, 1.0, 10.0 ] },
                "east": { "texture": "#0", "uv": [ 10.0, 9.5, 10.5, 10.0 ] },
                "south": { "texture": "#0", "uv": [ 1.0, 9.5, 10.5, 10.0 ] },
                "west": { "texture": "#0", "uv": [ 1.0, 9.5, 1.5, 10.0 ] },
                "up": { "texture": "#0", "uv": [ 1.0, 9.5, 10.5, 10.0 ] },
                "down": { "texture": "#0", "uv": [ 1.0, 9.5, 10.5, 10.0 ] }
            }
        },
        {
            "name": "Element",
            "from": [ -1.0, 0.0, 14.0 ], 
            "to": [ 16.0, 1.0, 17.0 ], 
            "faces": {
                "north": { "texture": "#0", "uv": [ 1.5, 10.0, 10.0, 10.5 ] },
                "east": { "texture": "#0", "uv": [ 9.5, 10.0, 10.0, 10.5 ] },
                "south": { "texture": "#0", "uv": [ 1.5, 10.0, 10.0, 10.5 ] },
                "west": { "texture": "#0", "uv": [ 1.5, 10.0, 2.0, 10.5 ] },
                "up": { "texture": "#0", "uv": [ 1.5, 10.0, 10.0, 10.5 ] },
                "down": { "texture": "#0", "uv": [ 1.5, 10.0, 10.0, 10.5 ] }
            }
        },
        {
            "name": "Element",
            "from": [ 0.0, -1.0, 14.0 ], 
            "to": [ 15.0, 0.0, 17.0 ], 
            "faces": {
                "north": { "texture": "#0", "uv": [ 2.0, 10.5, 9.5, 11.0 ] },
                "east": { "texture": "#0", "uv": [ 9.0, 10.5, 9.5, 11.0 ] },
                "south": { "texture": "#0", "uv": [ 2.0, 10.5, 9.5, 11.0 ] },
                "west": { "texture": "#0", "uv": [ 2.0, 10.5, 2.5, 11.0 ] },
                "up": { "texture": "#0", "uv": [ 2.0, 10.5, 9.5, 11.0 ] },
                "down": { "texture": "#0", "uv": [ 2.0, 10.5, 9.5, 11.0 ] }
            }
        },
        {
            "name": "Element",
            "from": [ 0.0, -2.0, 15.5 ], 
            "to": [ 1.0, -1.0, 16.5 ], 
            "faces": {
                "north": { "texture": "#0", "uv": [ 2.0, 11.0, 2.5, 11.5 ] },
                "east": { "texture": "#0", "uv": [ 2.0, 11.0, 2.5, 11.5 ] },
                "south": { "texture": "#0", "uv": [ 2.0, 11.0, 2.5, 11.5 ] },
                "west": { "texture": "#0", "uv": [ 2.0, 11.0, 2.5, 11.5 ], "rotation": 90 },
                "up": { "texture": "#0", "uv": [ 2.0, 11.0, 2.5, 11.5 ] },
                "down": { "texture": "#0", "uv": [ 2.0, 11.0, 2.5, 11.5 ] }
            }
        },
        {
            "name": "Element",
            "from": [ 8.0, -2.0, 15.5 ], 
            "to": [ 9.0, -1.0, 16.5 ], 
            "faces": {
                "north": { "texture": "#0", "uv": [ 6.0, 11.0, 6.5, 11.5 ] },
                "east": { "texture": "#0", "uv": [ 6.0, 11.0, 6.5, 11.5 ] },
                "south": { "texture": "#0", "uv": [ 6.0, 11.0, 6.5, 11.5 ] },
                "west": { "texture": "#0", "uv": [ 6.0, 11.0, 6.5, 11.5 ], "rotation": 90 },
                "up": { "texture": "#0", "uv": [ 6.0, 11.0, 6.5, 11.5 ] },
                "down": { "texture": "#0", "uv": [ 6.0, 11.0, 6.5, 11.5 ] }
            }
        },
        {
            "name": "Element",
            "from": [ -3.0, 12.0, 16.9375 ], 
            "to": [ 18.0, 14.0, 17.9375 ], 
            "faces": {
                "north": { "texture": "#0", "uv": [ 11.0, 3.5, 0.5, 4.5 ] },
                "east": { "texture": "#0", "uv": [ 10.5, 3.5, 11.0, 4.5 ] },
                "south": { "texture": "#0", "uv": [ 0.5, 3.5, 11.0, 4.5 ] },
                "west": { "texture": "#0", "uv": [ 0.5, 3.5, 1.0, 4.5 ] },
                "up": { "texture": "#0", "uv": [ 0.5, 3.5, 11.0, 4.0 ] },
                "down": { "texture": "#0", "uv": [ 0.5, 4.0, 11.0, 4.5 ] }
            }
        },
        {
            "name": "Element",
            "from": [ -1.0, 11.0, 17.0 ], 
            "to": [ 16.0, 12.0, 18.0 ], 
            "faces": {
                "north": { "texture": "#0", "uv": [ 10.0, 4.5, 1.5, 5.0 ] },
                "east": { "texture": "#0", "uv": [ 9.5, 4.5, 10.0, 5.0 ] },
                "south": { "texture": "#0", "uv": [ 1.5, 4.5, 10.0, 5.0 ] },
                "west": { "texture": "#0", "uv": [ 1.5, 4.5, 2.0, 5.0 ] },
                "up": { "texture": "#0", "uv": [ 1.5, 4.5, 10.0, 5.0 ] },
                "down": { "texture": "#0", "uv": [ 1.5, 4.5, 10.0, 5.0 ] }
            }
        },
        {
            "name": "Element",
            "from": [ 0.0, 10.0, 17.0 ], 
            "to": [ 14.0, 11.0, 21.0 ], 
            "faces": {
                "north": { "texture": "#0", "uv": [ 2.0, 5.0, 9.0, 5.5 ] },
                "east": { "texture": "#0", "uv": [ 8.5, 5.0, 9.0, 5.5 ] },
                "south": { "texture": "#0", "uv": [ 2.0, 5.0, 9.0, 5.5 ] },
                "west": { "texture": "#0", "uv": [ 2.0, 5.0, 2.5, 5.5 ] },
                "up": { "texture": "#0", "uv": [ 2.0, 5.0, 9.0, 5.5 ] },
                "down": { "texture": "#0", "uv": [ 2.0, 5.0, 9.0, 5.5 ] }
            }
        },
        {
            "name": "Element",
            "from": [ 1.0, 11.0, 18.0 ], 
            "to": [ 14.0, 12.0, 21.0 ], 
            "faces": {
                "north": { "texture": "#0", "uv": [ 9.0, 4.5, 2.5, 5.0 ] },
                "east": { "texture": "#0", "uv": [ 8.5, 4.5, 9.0, 5.0 ] },
                "south": { "texture": "#0", "uv": [ 2.5, 4.5, 9.0, 5.0 ] },
                "west": { "texture": "#0", "uv": [ 2.5, 4.5, 3.0, 5.0 ] },
                "up": { "texture": "#0", "uv": [ 2.5, 4.5, 9.0, 5.0 ] },
                "down": { "texture": "#0", "uv": [ 2.5, 4.5, 9.0, 5.0 ] }
            }
        },
        {
            "name": "Element",
            "from": [ 5.0, 12.0, 18.0 ], 
            "to": [ 10.0, 13.0, 20.0 ], 
            "faces": {
                "north": { "texture": "#0", "uv": [ 7.0, 4.0, 4.5, 4.5 ] },
                "east": { "texture": "#0", "uv": [ 6.5, 4.0, 7.0, 4.5 ] },
                "south": { "texture": "#0", "uv": [ 4.5, 4.0, 7.0, 4.5 ] },
                "west": { "texture": "#0", "uv": [ 4.5, 4.0, 5.0, 4.5 ] },
                "up": { "texture": "#0", "uv": [ 4.5, 4.0, 7.0, 4.5 ] },
                "down": { "texture": "#0", "uv": [ 4.5, 4.0, 7.0, 4.5 ] }
            }
        },
        {
            "name": "Element",
            "from": [ 7.0, 13.0, 18.0 ], 
            "to": [ 9.0, 14.0, 19.0 ], 
            "faces": {
                "north": { "texture": "#0", "uv": [ 5.5, 3.5, 6.5, 4.0 ] },
                "east": { "texture": "#0", "uv": [ 6.0, 3.5, 6.5, 4.0 ] },
                "south": { "texture": "#0", "uv": [ 6.5, 3.5, 5.5, 4.0 ] },
                "west": { "texture": "#0", "uv": [ 5.5, 3.5, 6.0, 4.0 ] },
                "up": { "texture": "#0", "uv": [ 5.5, 3.5, 6.5, 4.0 ] },
                "down": { "texture": "#0", "uv": [ 5.5, 3.5, 6.5, 4.0 ] }
            }
        },
        {
            "name": "Element",
            "from": [ 5.0, 11.0, 19.0 ], 
            "to": [ 10.0, 12.0, 21.0 ], 
            "faces": {
                "north": { "texture": "#0", "uv": [ 7.0, 4.5, 4.5, 5.0 ] },
                "east": { "texture": "#0", "uv": [ 6.5, 4.5, 7.0, 5.0 ] },
                "south": { "texture": "#0", "uv": [ 4.5, 4.5, 7.0, 5.0 ] },
                "west": { "texture": "#0", "uv": [ 4.5, 4.5, 5.0, 5.0 ] },
                "up": { "texture": "#0", "uv": [ 4.5, 4.5, 7.0, 5.0 ] },
                "down": { "texture": "#0", "uv": [ 4.5, 4.5, 7.0, 5.0 ] }
            }
        },
        {
            "name": "Element",
            "from": [ 14.0, 11.0, 18.0 ], 
            "to": [ 16.0, 12.0, 21.0 ], 
            "faces": {
                "north": { "texture": "#0", "uv": [ 2.0, 5.0, 9.0, 5.5 ] },
                "east": { "texture": "#0", "uv": [ 8.5, 5.0, 9.0, 5.5 ] },
                "south": { "texture": "#0", "uv": [ 2.0, 5.0, 9.0, 5.5 ] },
                "west": { "texture": "#0", "uv": [ 2.0, 5.0, 2.5, 5.5 ] },
                "up": { "texture": "#0", "uv": [ 2.0, 5.0, 9.0, 5.5 ] },
                "down": { "texture": "#0", "uv": [ 2.0, 5.0, 9.0, 5.5 ] }
            }
        },
        {
            "name": "Element",
            "from": [ -1.0, 11.0, 18.0 ], 
            "to": [ 1.0, 12.0, 21.0 ], 
            "faces": {
                "north": { "texture": "#0", "uv": [ 2.0, 5.0, 9.0, 5.5 ] },
                "east": { "texture": "#0", "uv": [ 8.5, 5.0, 9.0, 5.5 ] },
                "south": { "texture": "#0", "uv": [ 2.0, 5.0, 9.0, 5.5 ] },
                "west": { "texture": "#0", "uv": [ 2.0, 5.0, 2.5, 5.5 ] },
                "up": { "texture": "#0", "uv": [ 2.0, 5.0, 9.0, 5.5 ] },
                "down": { "texture": "#0", "uv": [ 2.0, 5.0, 9.0, 5.5 ] }
            }
        },
        {
            "name": "Element",
            "from": [ -3.0, 10.0, 17.0 ], 
            "to": [ -1.0, 11.0, 20.0 ], 
            "faces": {
                "north": { "texture": "#0", "uv": [ 0.5, 5.0, 1.5, 5.5 ] },
                "east": { "texture": "#0", "uv": [ 0.5, 5.0, 1.5, 5.5 ] },
                "south": { "texture": "#0", "uv": [ 0.5, 5.0, 1.5, 5.5 ] },
                "west": { "texture": "#0", "uv": [ 0.5, 5.0, 1.5, 5.5 ] },
                "up": { "texture": "#0", "uv": [ 0.5, 5.0, 1.5, 5.5 ] },
                "down": { "texture": "#0", "uv": [ 0.5, 5.0, 1.5, 5.5 ] }
            }
        },
        {
            "name": "Element",
            "from": [ -2.0, 8.0, 17.0 ], 
            "to": [ -1.0, 10.0, 20.0 ], 
            "faces": {
                "north": { "texture": "#0", "uv": [ 0.5, 5.0, 1.5, 5.5 ] },
                "east": { "texture": "#0", "uv": [ 0.5, 5.0, 1.5, 5.5 ] },
                "south": { "texture": "#0", "uv": [ 0.5, 5.0, 1.5, 5.5 ] },
                "west": { "texture": "#0", "uv": [ 0.5, 5.0, 1.5, 5.5 ] },
                "up": { "texture": "#0", "uv": [ 0.5, 5.0, 1.5, 5.5 ] },
                "down": { "texture": "#0", "uv": [ 0.5, 5.0, 1.5, 5.5 ] }
            }
        },
        {
            "name": "Element",
            "from": [ -2.0, 7.0, 17.0 ], 
            "to": [ -1.0, 8.0, 19.0 ], 
            "faces": {
                "north": { "texture": "#0", "uv": [ 1.0, 6.5, 1.5, 7.0 ] },
                "east": { "texture": "#0", "uv": [ 1.0, 6.5, 1.5, 7.0 ] },
                "south": { "texture": "#0", "uv": [ 1.0, 6.5, 1.5, 7.0 ] },
                "west": { "texture": "#0", "uv": [ 1.0, 6.5, 1.5, 7.0 ] },
                "up": { "texture": "#0", "uv": [ 1.0, 6.5, 1.5, 7.0 ] },
                "down": { "texture": "#0", "uv": [ 1.0, 6.5, 1.5, 7.0 ] }
            }
        },
        {
            "name": "Element",
            "from": [ -1.0, 5.0, 17.0 ], 
            "to": [ 0.0, 7.0, 20.0 ], 
            "faces": {
                "north": { "texture": "#0", "uv": [ 1.5, 7.0, 2.0, 8.0 ] },
                "east": { "texture": "#0", "uv": [ 1.5, 7.0, 2.0, 8.0 ] },
                "south": { "texture": "#0", "uv": [ 1.5, 7.0, 2.0, 8.0 ] },
                "west": { "texture": "#0", "uv": [ 1.5, 7.0, 2.0, 8.0 ] },
                "up": { "texture": "#0", "uv": [ 1.5, 7.0, 2.0, 7.5 ] },
                "down": { "texture": "#0", "uv": [ 1.5, 7.0, 2.0, 7.5 ] }
            }
        },
        {
            "name": "Element",
            "from": [ 0.0, 3.0, 17.0 ], 
            "to": [ 1.0, 5.0, 21.0 ], 
            "faces": {
                "north": { "texture": "#0", "uv": [ 2.0, 8.0, 2.5, 9.0 ] },
                "east": { "texture": "#0", "uv": [ 2.0, 8.0, 2.5, 9.0 ] },
                "south": { "texture": "#0", "uv": [ 2.0, 8.0, 2.5, 9.0 ] },
                "west": { "texture": "#0", "uv": [ 2.0, 8.0, 2.5, 9.0 ] },
                "up": { "texture": "#0", "uv": [ 2.0, 8.0, 2.5, 8.5 ] },
                "down": { "texture": "#0", "uv": [ 2.0, 8.0, 2.5, 8.5 ] }
            }
        },
        {
            "name": "Element",
            "from": [ 1.0, 2.0, 17.0 ], 
            "to": [ 2.0, 3.0, 22.0 ], 
            "faces": {
                "north": { "texture": "#0", "uv": [ 2.0, 8.0, 2.5, 9.0 ] },
                "east": { "texture": "#0", "uv": [ 2.0, 8.0, 2.5, 9.0 ] },
                "south": { "texture": "#0", "uv": [ 2.0, 8.0, 2.5, 9.0 ] },
                "west": { "texture": "#0", "uv": [ 2.0, 8.0, 2.5, 9.0 ] },
                "up": { "texture": "#0", "uv": [ 2.0, 8.0, 2.5, 8.5 ] },
                "down": { "texture": "#0", "uv": [ 2.0, 8.0, 2.5, 8.5 ] }
            }
        },
        {
            "name": "Element",
            "from": [ 2.0, 1.0, 17.0 ], 
            "to": [ 12.0, 2.0, 23.0 ], 
            "faces": {
                "north": { "texture": "#0", "uv": [ 3.0, 9.5, 8.0, 10.0 ] },
                "east": { "texture": "#0", "uv": [ 7.5, 9.5, 8.0, 10.0 ] },
                "south": { "texture": "#0", "uv": [ 3.0, 9.5, 8.0, 10.0 ] },
                "west": { "texture": "#0", "uv": [ 3.0, 9.5, 3.5, 10.0 ] },
                "up": { "texture": "#0", "uv": [ 5.0, 9.5, 7.5, 10.0 ] },
                "down": { "texture": "#0", "uv": [ 3.0, 9.5, 8.0, 10.0 ] }
            }
        },
        {
            "name": "Element",
            "from": [ 12.0, 2.0, 17.0 ], 
            "to": [ 14.0, 3.0, 22.0 ], 
            "faces": {
                "north": { "texture": "#0", "uv": [ 8.0, 9.0, 9.0, 9.5 ] },
                "east": { "texture": "#0", "uv": [ 8.0, 9.0, 8.5, 9.5 ] },
                "south": { "texture": "#0", "uv": [ 8.0, 9.0, 9.0, 9.5 ] },
                "west": { "texture": "#0", "uv": [ 8.0, 9.0, 8.5, 9.5 ] },
                "up": { "texture": "#0", "uv": [ 8.0, 9.0, 9.0, 9.5 ] },
                "down": { "texture": "#0", "uv": [ 8.0, 9.0, 9.0, 9.5 ] }
            }
        },
        {
            "name": "Element",
            "from": [ 14.0, 3.0, 17.0 ], 
            "to": [ 16.0, 5.0, 21.0 ], 
            "faces": {
                "north": { "texture": "#0", "uv": [ 8.0, 9.0, 9.0, 9.5 ] },
                "east": { "texture": "#0", "uv": [ 8.0, 9.0, 8.5, 9.5 ] },
                "south": { "texture": "#0", "uv": [ 8.0, 9.0, 9.0, 9.5 ] },
                "west": { "texture": "#0", "uv": [ 8.0, 9.0, 8.5, 9.5 ] },
                "up": { "texture": "#0", "uv": [ 8.0, 9.0, 9.0, 9.5 ] },
                "down": { "texture": "#0", "uv": [ 8.0, 9.0, 9.0, 9.5 ] }
            }
        },
        {
            "name": "Element",
            "from": [ 15.0, 5.0, 17.0 ], 
            "to": [ 16.0, 7.0, 20.0 ], 
            "faces": {
                "north": { "texture": "#0", "uv": [ 8.0, 9.0, 9.0, 9.5 ] },
                "east": { "texture": "#0", "uv": [ 8.0, 9.0, 8.5, 9.5 ] },
                "south": { "texture": "#0", "uv": [ 8.0, 9.0, 9.0, 9.5 ] },
                "west": { "texture": "#0", "uv": [ 8.0, 9.0, 8.5, 9.5 ] },
                "up": { "texture": "#0", "uv": [ 8.0, 9.0, 9.0, 9.5 ] },
                "down": { "texture": "#0", "uv": [ 8.0, 9.0, 9.0, 9.5 ] }
            }
        },
        {
            "name": "Element",
            "from": [ 16.0, 7.0, 17.0 ], 
            "to": [ 17.0, 9.0, 19.0 ], 
            "faces": {
                "north": { "texture": "#0", "uv": [ 8.0, 9.0, 9.0, 9.5 ] },
                "east": { "texture": "#0", "uv": [ 8.0, 9.0, 8.5, 9.5 ] },
                "south": { "texture": "#0", "uv": [ 8.0, 9.0, 9.0, 9.5 ] },
                "west": { "texture": "#0", "uv": [ 8.0, 9.0, 8.5, 9.5 ] },
                "up": { "texture": "#0", "uv": [ 8.0, 9.0, 9.0, 9.5 ] },
                "down": { "texture": "#0", "uv": [ 8.0, 9.0, 9.0, 9.5 ] }
            }
        },
        {
            "name": "Element",
            "from": [ 17.0, 9.0, 17.0 ], 
            "to": [ 18.0, 12.0, 19.0 ], 
            "faces": {
                "north": { "texture": "#0", "uv": [ 10.5, 4.5, 11.0, 6.0 ] },
                "east": { "texture": "#0", "uv": [ 10.5, 4.5, 11.0, 6.0 ] },
                "south": { "texture": "#0", "uv": [ 10.5, 4.5, 11.0, 6.0 ] },
                "west": { "texture": "#0", "uv": [ 10.5, 4.5, 11.0, 6.0 ] },
                "up": { "texture": "#0", "uv": [ 10.5, 4.5, 11.0, 5.0 ] },
                "down": { "texture": "#0", "uv": [ 10.5, 5.5, 11.0, 6.0 ] }
            }
        },
        {
            "name": "Element",
            "from": [ -2.0, 12.0, 18.0 ], 
            "to": [ 1.0, 13.0, 21.0 ], 
            "faces": {
                "north": { "texture": "#0", "uv": [ 1.0, 4.0, 2.5, 4.5 ] },
                "east": { "texture": "#0", "uv": [ 8.5, 5.0, 9.0, 5.5 ] },
                "south": { "texture": "#0", "uv": [ 1.0, 4.0, 2.5, 4.5 ] },
                "west": { "texture": "#0", "uv": [ 2.0, 5.0, 2.5, 5.5 ] },
                "up": { "texture": "#0", "uv": [ 1.0, 4.0, 2.5, 4.5 ] },
                "down": { "texture": "#0", "uv": [ 1.0, 4.0, 2.5, 4.5 ] }
            }
        },
        {
            "name": "Element",
            "from": [ -3.0, 11.0, 17.0 ], 
            "to": [ -2.0, 12.0, 19.0 ], 
            "faces": {
                "north": { "texture": "#0", "uv": [ 0.5, 4.5, 1.0, 5.0 ] },
                "east": { "texture": "#0", "uv": [ 0.5, 4.5, 1.0, 5.0 ] },
                "south": { "texture": "#0", "uv": [ 0.5, 4.5, 1.0, 5.0 ] },
                "west": { "texture": "#0", "uv": [ 0.5, 4.5, 1.0, 5.0 ] },
                "up": { "texture": "#0", "uv": [ 0.5, 4.5, 1.0, 5.0 ] },
                "down": { "texture": "#0", "uv": [ 0.5, 4.5, 1.0, 5.0 ] }
            }
        },
        {
            "name": "Element",
            "from": [ -3.0, 7.0, 17.0 ], 
            "to": [ -2.0, 10.0, 18.0 ], 
            "faces": {
                "north": { "texture": "#0", "uv": [ 0.5, 5.5, 1.0, 7.0 ] },
                "east": { "texture": "#0", "uv": [ 0.5, 5.5, 1.0, 7.0 ] },
                "south": { "texture": "#0", "uv": [ 0.5, 5.5, 1.0, 7.0 ] },
                "west": { "texture": "#0", "uv": [ 0.5, 5.5, 1.0, 7.0 ] },
                "up": { "texture": "#0", "uv": [ 0.5, 5.5, 1.0, 6.0 ] },
                "down": { "texture": "#0", "uv": [ 0.5, 5.5, 1.0, 6.0 ] }
            }
        },
        {
            "name": "Element",
            "from": [ 18.0, 9.0, 17.0 ], 
            "to": [ 19.0, 12.0, 18.0 ], 
            "faces": {
                "north": { "texture": "#0", "uv": [ 0.5, 5.5, 1.0, 7.0 ] },
                "east": { "texture": "#0", "uv": [ 0.5, 5.5, 1.0, 7.0 ] },
                "south": { "texture": "#0", "uv": [ 0.5, 5.5, 1.0, 7.0 ] },
                "west": { "texture": "#0", "uv": [ 0.5, 5.5, 1.0, 7.0 ] },
                "up": { "texture": "#0", "uv": [ 0.5, 5.5, 1.0, 6.0 ] },
                "down": { "texture": "#0", "uv": [ 0.5, 5.5, 1.0, 6.0 ] }
            }
        },
        {
            "name": "Element",
            "from": [ 0.0, 0.0, 17.0 ], 
            "to": [ 15.0, 1.0, 20.0 ], 
            "faces": {
                "north": { "texture": "#0", "uv": [ 2.0, 10.0, 9.5, 10.5 ] },
                "east": { "texture": "#0", "uv": [ 9.0, 10.0, 9.5, 10.5 ] },
                "south": { "texture": "#0", "uv": [ 2.0, 10.0, 9.5, 10.5 ] },
                "west": { "texture": "#0", "uv": [ 2.0, 10.0, 2.5, 10.5 ] },
                "up": { "texture": "#0", "uv": [ 2.0, 10.0, 9.5, 10.5 ] },
                "down": { "texture": "#0", "uv": [ 2.0, 10.0, 9.5, 10.5 ] }
            }
        },
        {
            "name": "Element",
            "from": [ -1.0, 1.0, 17.0 ], 
            "to": [ 2.0, 2.0, 18.0 ], 
            "faces": {
                "north": { "texture": "#0", "uv": [ 1.5, 9.5, 3.0, 10.0 ] },
                "east": { "texture": "#0", "uv": [ 2.5, 9.5, 3.0, 10.0 ] },
                "south": { "texture": "#0", "uv": [ 1.5, 9.5, 3.0, 10.0 ] },
                "west": { "texture": "#0", "uv": [ 1.5, 9.5, 2.0, 10.0 ] },
                "up": { "texture": "#0", "uv": [ 1.5, 9.5, 3.0, 10.0 ] },
                "down": { "texture": "#0", "uv": [ 1.5, 9.5, 3.0, 10.0 ] }
            }
        },
        {
            "name": "Element",
            "from": [ -2.0, 2.0, 17.0 ], 
            "to": [ 1.0, 3.0, 18.0 ], 
            "faces": {
                "north": { "texture": "#0", "uv": [ 1.0, 9.0, 2.5, 9.5 ] },
                "east": { "texture": "#0", "uv": [ 2.0, 9.0, 2.5, 9.5 ] },
                "south": { "texture": "#0", "uv": [ 1.0, 9.0, 2.5, 9.5 ] },
                "west": { "texture": "#0", "uv": [ 1.0, 9.0, 1.5, 9.5 ] },
                "up": { "texture": "#0", "uv": [ 1.0, 9.0, 2.5, 9.5 ] },
                "down": { "texture": "#0", "uv": [ 1.0, 9.0, 2.5, 9.5 ] }
            }
        },
        {
            "name": "Element",
            "from": [ -2.0, 3.0, 17.0 ], 
            "to": [ 0.0, 5.0, 18.0 ], 
            "faces": {
                "north": { "texture": "#0", "uv": [ 2.0, 8.0, 1.0, 9.0 ] },
                "east": { "texture": "#0", "uv": [ 1.5, 8.0, 2.0, 9.0 ] },
                "south": { "texture": "#0", "uv": [ 1.0, 8.0, 2.0, 9.0 ] },
                "west": { "texture": "#0", "uv": [ 1.0, 8.0, 1.5, 9.0 ] },
                "up": { "texture": "#0", "uv": [ 1.0, 8.0, 2.0, 8.5 ] },
                "down": { "texture": "#0", "uv": [ 1.0, 8.5, 2.0, 9.0 ] }
            }
        },
        {
            "name": "Element",
            "from": [ -2.0, 5.0, 17.0 ], 
            "to": [ -1.0, 7.0, 18.0 ], 
            "faces": {
                "north": { "texture": "#0", "uv": [ 1.0, 7.0, 1.5, 8.0 ] },
                "east": { "texture": "#0", "uv": [ 1.0, 7.0, 1.5, 8.0 ] },
                "south": { "texture": "#0", "uv": [ 1.0, 7.0, 1.5, 8.0 ] },
                "west": { "texture": "#0", "uv": [ 1.0, 7.0, 1.5, 8.0 ] },
                "up": { "texture": "#0", "uv": [ 1.0, 7.0, 1.5, 7.5 ] },
                "down": { "texture": "#0", "uv": [ 1.0, 7.0, 1.5, 7.5 ] }
            }
        },
        {
            "name": "Element",
            "from": [ 12.0, 1.0, 17.0 ], 
            "to": [ 14.0, 2.0, 21.0 ], 
            "faces": {
                "north": { "texture": "#0", "uv": [ 8.0, 9.5, 9.0, 10.0 ] },
                "east": { "texture": "#0", "uv": [ 9.5, 9.5, 10.0, 10.0 ] },
                "south": { "texture": "#0", "uv": [ 8.0, 9.5, 9.0, 10.0 ] },
                "west": { "texture": "#0", "uv": [ 8.0, 9.5, 8.5, 10.0 ] },
                "up": { "texture": "#0", "uv": [ 8.0, 9.5, 9.0, 10.0 ] },
                "down": { "texture": "#0", "uv": [ 8.0, 9.5, 9.0, 10.0 ] }
            }
        },
        {
            "name": "Element",
            "from": [ 14.0, 2.0, 17.0 ], 
            "to": [ 16.0, 3.0, 21.0 ], 
            "faces": {
                "north": { "texture": "#0", "uv": [ 9.0, 9.0, 10.0, 9.5 ] },
                "east": { "texture": "#0", "uv": [ 9.5, 9.0, 10.0, 9.5 ] },
                "south": { "texture": "#0", "uv": [ 9.0, 9.0, 10.0, 9.5 ] },
                "west": { "texture": "#0", "uv": [ 9.0, 9.0, 9.5, 9.5 ] },
                "up": { "texture": "#0", "uv": [ 9.0, 9.0, 10.0, 9.5 ] },
                "down": { "texture": "#0", "uv": [ 9.0, 9.0, 10.0, 9.5 ] }
            }
        },
        {
            "name": "Element",
            "from": [ 16.0, 3.0, 17.0 ], 
            "to": [ 17.0, 7.0, 19.0 ], 
            "faces": {
                "north": { "texture": "#0", "uv": [ 10.0, 7.0, 10.5, 9.0 ] },
                "east": { "texture": "#0", "uv": [ 10.0, 7.0, 10.5, 9.0 ] },
                "south": { "texture": "#0", "uv": [ 10.0, 7.0, 10.5, 9.0 ] },
                "west": { "texture": "#0", "uv": [ 10.0, 7.0, 10.5, 9.0 ] },
                "up": { "texture": "#0", "uv": [ 10.0, 7.0, 10.5, 7.5 ] },
                "down": { "texture": "#0", "uv": [ 10.0, 8.5, 10.5, 9.0 ] }
            }
        },
        {
            "name": "Element",
            "from": [ 17.0, 7.0, 17.0 ], 
            "to": [ 18.0, 9.0, 18.0 ], 
            "faces": {
                "north": { "texture": "#0", "uv": [ 10.5, 6.0, 11.0, 7.0 ] },
                "east": { "texture": "#0", "uv": [ 10.5, 6.0, 11.0, 7.0 ] },
                "south": { "texture": "#0", "uv": [ 10.5, 6.0, 11.0, 7.0 ] },
                "west": { "texture": "#0", "uv": [ 10.5, 6.0, 11.0, 7.0 ] },
                "up": { "texture": "#0", "uv": [ 10.5, 6.0, 11.0, 6.5 ] },
                "down": { "texture": "#0", "uv": [ 10.5, 6.0, 11.0, 6.5 ] }
            }
        },
        {
            "name": "Element",
            "from": [ 2.0, 0.0, 20.0 ], 
            "to": [ 12.0, 1.0, 22.0 ], 
            "faces": {
                "north": { "texture": "#0", "uv": [ 8.0, 10.0, 3.0, 10.5 ] },
                "east": { "texture": "#0", "uv": [ 9.0, 10.0, 9.5, 10.5 ] },
                "south": { "texture": "#0", "uv": [ 3.0, 10.0, 8.0, 10.5 ] },
                "west": { "texture": "#0", "uv": [ 2.0, 10.0, 2.5, 10.5 ] },
                "up": { "texture": "#0", "uv": [ 3.0, 10.0, 8.0, 10.5 ] },
                "down": { "texture": "#0", "uv": [ 3.0, 10.0, 8.0, 10.5 ] }
            }
        },
        {
            "name": "Element",
            "from": [ -1.0, 3.0, 18.0 ], 
            "to": [ 0.0, 5.0, 20.0 ], 
            "faces": {
                "north": { "texture": "#0", "uv": [ 1.5, 8.0, 2.0, 9.0 ] },
                "east": { "texture": "#0", "uv": [ 2.0, 9.0, 2.5, 10.0 ] },
                "south": { "texture": "#0", "uv": [ 1.5, 8.0, 2.0, 9.0 ] },
                "west": { "texture": "#0", "uv": [ 2.0, 9.0, 2.5, 10.0 ] },
                "up": { "texture": "#0", "uv": [ 1.5, 8.0, 2.0, 9.0 ] },
                "down": { "texture": "#0", "uv": [ 1.5, 8.0, 2.0, 9.0 ] }
            }
        },
        {
            "name": "Element",
            "from": [ 14.0, 1.0, 17.0 ], 
            "to": [ 16.0, 2.0, 20.0 ], 
            "faces": {
                "north": { "texture": "#0", "uv": [ 9.0, 9.5, 10.0, 10.0 ] },
                "east": { "texture": "#0", "uv": [ 9.5, 9.5, 10.0, 10.0 ] },
                "south": { "texture": "#0", "uv": [ 9.0, 9.5, 10.0, 10.0 ] },
                "west": { "texture": "#0", "uv": [ 8.0, 9.5, 8.5, 10.0 ] },
                "up": { "texture": "#0", "uv": [ 9.0, 9.5, 10.0, 10.0 ] },
                "down": { "texture": "#0", "uv": [ 9.0, 9.5, 10.0, 10.0 ] }
            }
        },
        {
            "name": "Element",
            "from": [ 0.0, 1.0, 17.0 ], 
            "to": [ 2.0, 2.0, 21.0 ], 
            "faces": {
                "north": { "texture": "#0", "uv": [ 2.0, 9.5, 3.0, 10.0 ] },
                "east": { "texture": "#0", "uv": [ 2.5, 9.5, 3.0, 10.0 ] },
                "south": { "texture": "#0", "uv": [ 2.0, 9.5, 3.0, 10.0 ] },
                "west": { "texture": "#0", "uv": [ 2.0, 9.5, 2.5, 10.0 ] },
                "up": { "texture": "#0", "uv": [ 2.0, 9.5, 3.0, 10.0 ] },
                "down": { "texture": "#0", "uv": [ 2.0, 9.5, 3.0, 10.0 ] }
            }
        },
        {
            "name": "Element",
            "from": [ 0.0, 2.0, 17.0 ], 
            "to": [ 1.0, 3.0, 21.0 ], 
            "faces": {
                "north": { "texture": "#0", "uv": [ 2.0, 9.0, 2.5, 9.5 ] },
                "east": { "texture": "#0", "uv": [ 9.5, 9.0, 10.0, 9.5 ] },
                "south": { "texture": "#0", "uv": [ 2.0, 9.0, 2.5, 9.5 ] },
                "west": { "texture": "#0", "uv": [ 9.0, 9.0, 9.5, 9.5 ] },
                "up": { "texture": "#0", "uv": [ 2.0, 9.0, 2.5, 9.5 ] },
                "down": { "texture": "#0", "uv": [ 2.0, 9.0, 2.5, 9.5 ] }
            }
        },
        {
            "name": "Element",
            "from": [ -1.0, 2.0, 17.0 ], 
            "to": [ 0.0, 3.0, 20.0 ], 
            "faces": {
                "north": { "texture": "#0", "uv": [ 1.5, 9.0, 2.0, 9.5 ] },
                "east": { "texture": "#0", "uv": [ 1.5, 9.0, 2.0, 9.5 ] },
                "south": { "texture": "#0", "uv": [ 1.5, 9.0, 2.0, 9.5 ] },
                "west": { "texture": "#0", "uv": [ 1.5, 9.0, 2.0, 9.5 ] },
                "up": { "texture": "#0", "uv": [ 1.5, 9.0, 2.0, 9.5 ] },
                "down": { "texture": "#0", "uv": [ 1.5, 9.0, 2.0, 9.5 ] }
            }
        },
        {
            "name": "Element",
            "from": [ 17.0, 12.0, 18.0 ], 
            "to": [ 18.0, 13.0, 19.0 ], 
            "faces": {
                "north": { "texture": "#0", "uv": [ 2.0, 5.0, 9.0, 5.5 ] },
                "east": { "texture": "#0", "uv": [ 8.5, 5.0, 9.0, 5.5 ] },
                "south": { "texture": "#0", "uv": [ 2.0, 5.0, 9.0, 5.5 ] },
                "west": { "texture": "#0", "uv": [ 2.0, 5.0, 2.5, 5.5 ] },
                "up": { "texture": "#0", "uv": [ 2.0, 5.0, 9.0, 5.5 ] },
                "down": { "texture": "#0", "uv": [ 2.0, 5.0, 9.0, 5.5 ] }
            }
        },
        {
            "name": "Element",
            "from": [ 15.0, 12.0, 18.0 ], 
            "to": [ 16.0, 13.0, 21.0 ], 
            "faces": {
                "north": { "texture": "#0", "uv": [ 2.0, 5.0, 9.0, 5.5 ] },
                "east": { "texture": "#0", "uv": [ 8.5, 5.0, 9.0, 5.5 ] },
                "south": { "texture": "#0", "uv": [ 2.0, 5.0, 9.0, 5.5 ] },
                "west": { "texture": "#0", "uv": [ 2.0, 5.0, 2.5, 5.5 ] },
                "up": { "texture": "#0", "uv": [ 2.0, 5.0, 9.0, 5.5 ] },
                "down": { "texture": "#0", "uv": [ 2.0, 5.0, 9.0, 5.5 ] }
            }
        },
        {
            "name": "Element",
            "from": [ 16.0, 13.0, 18.0 ], 
            "to": [ 17.0, 14.0, 20.0 ], 
            "faces": {
                "north": { "texture": "#0", "uv": [ 2.0, 5.0, 9.0, 5.5 ] },
                "east": { "texture": "#0", "uv": [ 8.5, 5.0, 9.0, 5.5 ] },
                "south": { "texture": "#0", "uv": [ 2.0, 5.0, 9.0, 5.5 ] },
                "west": { "texture": "#0", "uv": [ 2.0, 5.0, 2.5, 5.5 ] },
                "up": { "texture": "#0", "uv": [ 2.0, 5.0, 9.0, 5.5 ] },
                "down": { "texture": "#0", "uv": [ 2.0, 5.0, 9.0, 5.5 ] }
            }
        },
        {
            "name": "Element",
            "from": [ 0.5, 11.0, 1.0 ], 
            "to": [ 1.5, 14.0, 14.0 ], 
            "faces": {
                "north": { "texture": "#0", "uv": [ 11.0, 0.5, 11.5, 2.0 ] },
                "east": { "texture": "#0", "uv": [ 16.0, 0.5, 11.0, 2.0 ] },
                "south": { "texture": "#0", "uv": [ 15.5, 0.5, 16.0, 2.0 ] },
                "west": { "texture": "#0", "uv": [ 11.0, 0.5, 16.0, 2.0 ] },
                "up": { "texture": "#0", "uv": [ 11.0, 0.5, 16.0, 1.0 ], "rotation": 90 },
                "down": { "texture": "#0", "uv": [ 11.0, 1.5, 16.0, 2.0 ], "rotation": 90 }
            }
        },
        {
            "name": "Element",
            "from": [ 14.5, 11.0, 1.0 ], 
            "to": [ 15.5, 14.0, 14.0 ], 
            "faces": {
                "north": { "texture": "#0", "uv": [ 11.0, 0.5, 11.5, 2.0 ] },
                "east": { "texture": "#0", "uv": [ 16.0, 0.5, 11.0, 2.0 ] },
                "south": { "texture": "#0", "uv": [ 15.5, 0.5, 16.0, 2.0 ] },
                "west": { "texture": "#0", "uv": [ 11.0, 0.5, 16.0, 2.0 ] },
                "up": { "texture": "#0", "uv": [ 11.0, 0.5, 16.0, 1.0 ], "rotation": 90 },
                "down": { "texture": "#0", "uv": [ 11.0, 1.5, 16.0, 2.0 ], "rotation": 90 }
            }
        },
        {
            "name": "Element",
            "from": [ 1.5, 11.5, 1.0 ], 
            "to": [ 14.5, 13.5, 2.0 ], 
            "faces": {
                "north": { "texture": "#0", "uv": [ 11.0, 1.0, 11.5, 2.0 ] },
                "east": { "texture": "#0", "uv": [ 11.0, 1.0, 11.5, 2.0 ] },
                "south": { "texture": "#0", "uv": [ 11.0, 1.0, 11.5, 2.0 ] },
                "west": { "texture": "#0", "uv": [ 11.0, 1.0, 11.5, 2.0 ] },
                "up": { "texture": "#0", "uv": [ 11.0, 1.0, 11.5, 2.0 ] },
                "down": { "texture": "#0", "uv": [ 11.0, 1.0, 11.5, 2.0 ] }
            }
        },
        {
            "name": "Element",
            "from": [ 0.5, 3.0, 1.0 ], 
            "to": [ 1.5, 6.0, 14.0 ], 
            "faces": {
                "north": { "texture": "#0", "uv": [ 11.0, 0.5, 11.5, 2.0 ] },
                "east": { "texture": "#0", "uv": [ 16.0, 0.5, 11.0, 2.0 ] },
                "south": { "texture": "#0", "uv": [ 15.5, 0.5, 16.0, 2.0 ] },
                "west": { "texture": "#0", "uv": [ 11.0, 0.5, 16.0, 2.0 ] },
                "up": { "texture": "#0", "uv": [ 11.0, 0.5, 16.0, 1.0 ], "rotation": 90 },
                "down": { "texture": "#0", "uv": [ 11.0, 1.5, 16.0, 2.0 ], "rotation": 90 }
            }
        },
        {
            "name": "Element",
            "from": [ 14.5, 3.0, 1.0 ], 
            "to": [ 15.5, 6.0, 14.0 ], 
            "faces": {
                "north": { "texture": "#0", "uv": [ 11.0, 0.5, 11.5, 2.0 ] },
                "east": { "texture": "#0", "uv": [ 16.0, 0.5, 11.0, 2.0 ] },
                "south": { "texture": "#0", "uv": [ 15.5, 0.5, 16.0, 2.0 ] },
                "west": { "texture": "#0", "uv": [ 11.0, 0.5, 16.0, 2.0 ] },
                "up": { "texture": "#0", "uv": [ 11.0, 0.5, 16.0, 1.0 ], "rotation": 90 },
                "down": { "texture": "#0", "uv": [ 11.0, 1.5, 16.0, 2.0 ], "rotation": 90 }
            }
        },
        {
            "name": "Element",
            "from": [ 1.5, 3.5, 1.0 ], 
            "to": [ 14.5, 5.5, 2.0 ], 
            "faces": {
                "north": { "texture": "#0", "uv": [ 11.0, 1.0, 11.5, 2.0 ] },
                "east": { "texture": "#0", "uv": [ 11.0, 1.0, 11.5, 2.0 ] },
                "south": { "texture": "#0", "uv": [ 11.0, 1.0, 11.5, 2.0 ] },
                "west": { "texture": "#0", "uv": [ 11.0, 1.0, 11.5, 2.0 ] },
                "up": { "texture": "#0", "uv": [ 11.0, 1.0, 11.5, 2.0 ] },
                "down": { "texture": "#0", "uv": [ 11.0, 1.0, 11.5, 2.0 ] }
            }
        },
        {
            "name": "Cube",
            "from": [ 1.0, 4.0, 17.0 ], 
            "to": [ 2.0, 9.0, 18.0 ], 
            "faces": {
                "north": { "texture": "#0", "uv": [ 2.5000000000000004, 5.999999999999993, 3.0, 8.5 ] },
                "east": { "texture": "#0", "uv": [ 2.5000000000000004, 6.0, 3.0, 8.5 ] },
                "south": { "texture": "#0", "uv": [ 2.5, 6.0, 3.0, 8.5 ] },
                "west": { "texture": "#0", "uv": [ 2.5, 6.0, 3.0, 8.5 ] },
                "up": { "texture": "#0", "uv": [ 2.5, 6.0, 3.0, 6.499999999999998 ] },
                "down": { "texture": "#0", "uv": [ 2.5, 8.0, 3.0, 8.499999999999998 ] }
            }
        },
        {
            "name": "Cube",
            "from": [ 6.0, 4.0, 17.0 ], 
            "to": [ 7.0, 9.0, 18.0 ], 
            "faces": {
                "north": { "texture": "#0", "uv": [ 5.000000000000002, 5.999999999999993, 5.500000000000002, 8.5 ] },
                "east": { "texture": "#0", "uv": [ 5.000000000000002, 6.0, 5.500000000000002, 8.5 ] },
                "south": { "texture": "#0", "uv": [ 5.000000000000002, 6.0, 5.500000000000002, 8.5 ] },
                "west": { "texture": "#0", "uv": [ 5.000000000000002, 6.0, 5.500000000000002, 8.5 ] },
                "up": { "texture": "#0", "uv": [ 5.000000000000002, 6.0, 5.500000000000002, 6.499999999999998 ] },
                "down": { "texture": "#0", "uv": [ 4.999999999999998, 8.0, 5.500000000000002, 8.499999999999998 ] }
            }
        },
        {
            "name": "Cube",
            "from": [ 10.0, 4.0, 17.0 ], 
            "to": [ 11.0, 9.0, 18.0 ], 
            "faces": {
                "north": { "texture": "#0", "uv": [ 7.000000000000002, 5.999999999999993, 7.500000000000002, 8.5 ] },
                "east": { "texture": "#0", "uv": [ 7.000000000000002, 6.0, 7.500000000000002, 8.5 ] },
                "south": { "texture": "#0", "uv": [ 7.000000000000002, 6.0, 7.500000000000002, 8.5 ] },
                "west": { "texture": "#0", "uv": [ 6.999999999999998, 6.0, 7.500000000000002, 8.5 ] },
                "up": { "texture": "#0", "uv": [ 6.999999999999998, 6.0, 7.500000000000002, 6.499999999999998 ] },
                "down": { "texture": "#0", "uv": [ 7.5, 8.0, 7.0, 8.499999999999998 ] }
            }
        },
        {
            "name": "Cube",
            "from": [ -2.0, 6.0, 19.0 ], 
            "to": [ -1.0, 8.0, 20.0 ], 
            "faces": {
                "north": { "texture": "#0", "uv": [ 1.5, 7.0, 2.0, 8.0 ] },
                "east": { "texture": "#0", "uv": [ 1.5, 7.0, 2.0, 8.0 ] },
                "south": { "texture": "#0", "uv": [ 1.5, 7.0, 2.0, 8.0 ] },
                "west": { "texture": "#0", "uv": [ 1.5, 7.0, 2.0, 8.0 ] },
                "up": { "texture": "#0", "uv": [ 1.5, 7.0, 2.0, 7.5 ] },
                "down": { "texture": "#0", "uv": [ 1.5, 7.0, 2.0, 7.5 ] }
            }
        },
        {
            "name": "Cube",
            "from": [ 2.0, 6.0, 17.0 ], 
            "to": [ 3.0, 7.0, 18.0 ], 
            "faces": {
                "north": { "texture": "#0", "uv": [ 3.0, 6.999999999999993, 3.4999999999999996, 7.5 ] },
                "east": { "texture": "#0", "uv": [ 3.000000000000001, 7.0, 3.5000000000000004, 7.5 ] },
                "south": { "texture": "#0", "uv": [ 3.0000000000000004, 7.0, 3.5000000000000004, 7.5 ] },
                "west": { "texture": "#0", "uv": [ 3.0000000000000004, 7.0, 3.5000000000000004, 7.5 ] },
                "up": { "texture": "#0", "uv": [ 3.0000000000000004, 7.0, 3.5000000000000004, 7.499999999999998 ] },
                "down": { "texture": "#0", "uv": [ 3.0000000000000004, 7.0, 3.5000000000000004, 7.499999999999998 ] }
            }
        },
        {
            "name": "Cube",
            "from": [ 3.0, 7.0, 17.0 ], 
            "to": [ 4.0, 8.0, 18.0 ], 
            "faces": {
                "north": { "texture": "#0", "uv": [ 3.0, 6.999999999999993, 3.4999999999999996, 7.5 ] },
                "east": { "texture": "#0", "uv": [ 3.000000000000001, 7.0, 3.5000000000000004, 7.5 ] },
                "south": { "texture": "#0", "uv": [ 3.0000000000000004, 7.0, 3.5000000000000004, 7.5 ] },
                "west": { "texture": "#0", "uv": [ 3.0000000000000004, 7.0, 3.5000000000000004, 7.5 ] },
                "up": { "texture": "#0", "uv": [ 3.0000000000000004, 7.0, 3.5000000000000004, 7.499999999999998 ] },
                "down": { "texture": "#0", "uv": [ 3.0000000000000004, 7.0, 3.5000000000000004, 7.499999999999998 ] }
            }
        },
        {
            "name": "Cube",
            "from": [ 4.0, 4.0, 17.0 ], 
            "to": [ 5.0, 5.0, 18.0 ], 
            "faces": {
                "north": { "texture": "#0", "uv": [ 3.0, 6.999999999999993, 3.4999999999999996, 7.5 ] },
                "east": { "texture": "#0", "uv": [ 3.000000000000001, 7.0, 3.5000000000000004, 7.5 ] },
                "south": { "texture": "#0", "uv": [ 3.0000000000000004, 7.0, 3.5000000000000004, 7.5 ] },
                "west": { "texture": "#0", "uv": [ 3.0000000000000004, 7.0, 3.5000000000000004, 7.5 ] },
                "up": { "texture": "#0", "uv": [ 3.0000000000000004, 7.0, 3.5000000000000004, 7.499999999999998 ] },
                "down": { "texture": "#0", "uv": [ 3.0000000000000004, 7.0, 3.5000000000000004, 7.499999999999998 ] }
            }
        },
        {
            "name": "Cube",
            "from": [ 7.0, 8.0, 17.0 ], 
            "to": [ 8.0, 9.0, 18.0 ], 
            "faces": {
                "north": { "texture": "#0", "uv": [ 3.0, 6.999999999999993, 3.4999999999999996, 7.5 ] },
                "east": { "texture": "#0", "uv": [ 3.000000000000001, 7.0, 3.5000000000000004, 7.5 ] },
                "south": { "texture": "#0", "uv": [ 3.0000000000000004, 7.0, 3.5000000000000004, 7.5 ] },
                "west": { "texture": "#0", "uv": [ 3.0000000000000004, 7.0, 3.5000000000000004, 7.5 ] },
                "up": { "texture": "#0", "uv": [ 3.0000000000000004, 7.0, 3.5000000000000004, 7.499999999999998 ] },
                "down": { "texture": "#0", "uv": [ 3.0000000000000004, 7.0, 3.5000000000000004, 7.499999999999998 ] }
            }
        },
        {
            "name": "Cube",
            "from": [ 7.0, 6.0, 17.0 ], 
            "to": [ 8.0, 7.0, 18.0 ], 
            "faces": {
                "north": { "texture": "#0", "uv": [ 3.0, 6.999999999999993, 3.4999999999999996, 7.5 ] },
                "east": { "texture": "#0", "uv": [ 3.000000000000001, 7.0, 3.5000000000000004, 7.5 ] },
                "south": { "texture": "#0", "uv": [ 3.0000000000000004, 7.0, 3.5000000000000004, 7.5 ] },
                "west": { "texture": "#0", "uv": [ 3.0000000000000004, 7.0, 3.5000000000000004, 7.5 ] },
                "up": { "texture": "#0", "uv": [ 3.0000000000000004, 7.0, 3.5000000000000004, 7.499999999999998 ] },
                "down": { "texture": "#0", "uv": [ 3.0000000000000004, 7.0, 3.5000000000000004, 7.499999999999998 ] }
            }
        },
        {
            "name": "Cube",
            "from": [ 7.0, 4.0, 17.0 ], 
            "to": [ 8.0, 5.0, 18.0 ], 
            "faces": {
                "north": { "texture": "#0", "uv": [ 3.0, 6.999999999999993, 3.4999999999999996, 7.5 ] },
                "east": { "texture": "#0", "uv": [ 3.000000000000001, 7.0, 3.5000000000000004, 7.5 ] },
                "south": { "texture": "#0", "uv": [ 3.0000000000000004, 7.0, 3.5000000000000004, 7.5 ] },
                "west": { "texture": "#0", "uv": [ 3.0000000000000004, 7.0, 3.5000000000000004, 7.5 ] },
                "up": { "texture": "#0", "uv": [ 3.0000000000000004, 7.0, 3.5000000000000004, 7.499999999999998 ] },
                "down": { "texture": "#0", "uv": [ 3.0000000000000004, 7.0, 3.5000000000000004, 7.499999999999998 ] }
            }
        },
        {
            "name": "Cube",
            "from": [ 8.0, 4.0, 17.0 ], 
            "to": [ 9.0, 5.0, 18.0 ], 
            "faces": {
                "north": { "texture": "#0", "uv": [ 3.0, 6.999999999999993, 3.4999999999999996, 7.5 ] },
                "east": { "texture": "#0", "uv": [ 3.000000000000001, 7.0, 3.5000000000000004, 7.5 ] },
                "south": { "texture": "#0", "uv": [ 3.0000000000000004, 7.0, 3.5000000000000004, 7.5 ] },
                "west": { "texture": "#0", "uv": [ 3.0000000000000004, 7.0, 3.5000000000000004, 7.5 ] },
                "up": { "texture": "#0", "uv": [ 3.0000000000000004, 7.0, 3.5000000000000004, 7.499999999999998 ] },
                "down": { "texture": "#0", "uv": [ 3.0000000000000004, 7.0, 3.5000000000000004, 7.499999999999998 ] }
            }
        },
        {
            "name": "Cube",
            "from": [ 11.0, 6.0, 17.0 ], 
            "to": [ 12.0, 7.0, 18.0 ], 
            "faces": {
                "north": { "texture": "#0", "uv": [ 3.0, 6.999999999999993, 3.4999999999999996, 7.5 ] },
                "east": { "texture": "#0", "uv": [ 3.000000000000001, 7.0, 3.5000000000000004, 7.5 ] },
                "south": { "texture": "#0", "uv": [ 3.0000000000000004, 7.0, 3.5000000000000004, 7.5 ] },
                "west": { "texture": "#0", "uv": [ 3.0000000000000004, 7.0, 3.5000000000000004, 7.5 ] },
                "up": { "texture": "#0", "uv": [ 3.0000000000000004, 7.0, 3.5000000000000004, 7.499999999999998 ] },
                "down": { "texture": "#0", "uv": [ 3.0000000000000004, 7.0, 3.5000000000000004, 7.499999999999998 ] }
            }
        },
        {
            "name": "Cube",
            "from": [ 12.0, 7.0, 17.0 ], 
            "to": [ 13.0, 8.0, 18.0 ], 
            "faces": {
                "north": { "texture": "#0", "uv": [ 3.0, 6.999999999999993, 3.4999999999999996, 7.5 ] },
                "east": { "texture": "#0", "uv": [ 3.000000000000001, 7.0, 3.5000000000000004, 7.5 ] },
                "south": { "texture": "#0", "uv": [ 3.0000000000000004, 7.0, 3.5000000000000004, 7.5 ] },
                "west": { "texture": "#0", "uv": [ 3.0000000000000004, 7.0, 3.5000000000000004, 7.5 ] },
                "up": { "texture": "#0", "uv": [ 3.0000000000000004, 7.0, 3.5000000000000004, 7.499999999999998 ] },
                "down": { "texture": "#0", "uv": [ 3.0000000000000004, 7.0, 3.5000000000000004, 7.499999999999998 ] }
            }
        },
        {
            "name": "Cube",
            "from": [ 13.0, 4.0, 17.0 ], 
            "to": [ 14.0, 5.0, 18.0 ], 
            "faces": {
                "north": { "texture": "#0", "uv": [ 3.0, 6.999999999999993, 3.4999999999999996, 7.5 ] },
                "east": { "texture": "#0", "uv": [ 3.000000000000001, 7.0, 3.5000000000000004, 7.5 ] },
                "south": { "texture": "#0", "uv": [ 3.0000000000000004, 7.0, 3.5000000000000004, 7.5 ] },
                "west": { "texture": "#0", "uv": [ 3.0000000000000004, 7.0, 3.5000000000000004, 7.5 ] },
                "up": { "texture": "#0", "uv": [ 3.0000000000000004, 7.0, 3.5000000000000004, 7.499999999999998 ] },
                "down": { "texture": "#0", "uv": [ 3.0000000000000004, 7.0, 3.5000000000000004, 7.499999999999998 ] }
            }
        },
        {
            "name": "Cube",
            "from": [ 3.0, 5.0, 17.0 ], 
            "to": [ 4.0, 6.0, 18.0 ], 
            "faces": {
                "north": { "texture": "#0", "uv": [ 5.0, 6.999999999999993, 5.5, 7.5 ] },
                "east": { "texture": "#0", "uv": [ 5.000000000000001, 7.0, 5.5, 7.5 ] },
                "south": { "texture": "#0", "uv": [ 5.0, 7.0, 5.5, 7.5 ] },
                "west": { "texture": "#0", "uv": [ 5.0, 7.0, 5.5, 7.5 ] },
                "up": { "texture": "#0", "uv": [ 5.0, 7.0, 5.5, 7.499999999999998 ] },
                "down": { "texture": "#0", "uv": [ 5.0, 7.0, 5.5, 7.499999999999998 ] }
            }
        },
        {
            "name": "Cube",
            "from": [ 4.0, 8.0, 17.0 ], 
            "to": [ 5.0, 9.0, 18.0 ], 
            "faces": {
                "north": { "texture": "#0", "uv": [ 5.0, 6.999999999999993, 5.5, 7.5 ] },
                "east": { "texture": "#0", "uv": [ 5.000000000000001, 7.0, 5.5, 7.5 ] },
                "south": { "texture": "#0", "uv": [ 5.0, 7.0, 5.5, 7.5 ] },
                "west": { "texture": "#0", "uv": [ 5.0, 7.0, 5.5, 7.5 ] },
                "up": { "texture": "#0", "uv": [ 5.0, 7.0, 5.5, 7.499999999999998 ] },
                "down": { "texture": "#0", "uv": [ 5.0, 7.0, 5.5, 7.499999999999998 ] }
            }
        },
        {
            "name": "Cube",
            "from": [ 8.0, 8.0, 17.0 ], 
            "to": [ 9.0, 9.0, 18.0 ], 
            "faces": {
                "north": { "texture": "#0", "uv": [ 5.0, 6.999999999999993, 5.5, 7.5 ] },
                "east": { "texture": "#0", "uv": [ 5.000000000000001, 7.0, 5.5, 7.5 ] },
                "south": { "texture": "#0", "uv": [ 5.0, 7.0, 5.5, 7.5 ] },
                "west": { "texture": "#0", "uv": [ 5.0, 7.0, 5.5, 7.5 ] },
                "up": { "texture": "#0", "uv": [ 5.0, 7.0, 5.5, 7.499999999999998 ] },
                "down": { "texture": "#0", "uv": [ 5.0, 7.0, 5.5, 7.499999999999998 ] }
            }
        },
        {
            "name": "Cube",
            "from": [ 13.0, 8.0, 17.0 ], 
            "to": [ 14.0, 9.0, 18.0 ], 
            "faces": {
                "north": { "texture": "#0", "uv": [ 5.0, 6.999999999999993, 5.5, 7.5 ] },
                "east": { "texture": "#0", "uv": [ 5.000000000000001, 7.0, 5.5, 7.5 ] },
                "south": { "texture": "#0", "uv": [ 5.0, 7.0, 5.5, 7.5 ] },
                "west": { "texture": "#0", "uv": [ 5.0, 7.0, 5.5, 7.5 ] },
                "up": { "texture": "#0", "uv": [ 5.0, 7.0, 5.5, 7.499999999999998 ] },
                "down": { "texture": "#0", "uv": [ 5.0, 7.0, 5.5, 7.499999999999998 ] }
            }
        },
        {
            "name": "Cube",
            "from": [ 12.0, 5.0, 17.0 ], 
            "to": [ 13.0, 6.0, 18.0 ], 
            "faces": {
                "north": { "texture": "#0", "uv": [ 5.0, 6.999999999999993, 5.5, 7.5 ] },
                "east": { "texture": "#0", "uv": [ 5.000000000000001, 7.0, 5.5, 7.5 ] },
                "south": { "texture": "#0", "uv": [ 5.0, 7.0, 5.5, 7.5 ] },
                "west": { "texture": "#0", "uv": [ 5.0, 7.0, 5.5, 7.5 ] },
                "up": { "texture": "#0", "uv": [ 5.0, 7.0, 5.5, 7.499999999999998 ] },
                "down": { "texture": "#0", "uv": [ 5.0, 7.0, 5.5, 7.499999999999998 ] }
            }
        },
        {
            "name": "Cube",
            "from": [ -4.0, 13.50000000745058, 22.0 ], 
            "to": [ 19.0, 17.0, 23.0 ], 
            "faces": {
                "north": { "texture": "#1", "uv": [ 0.0, 0.0, 0.0, 2.0 ] },
                "east": { "texture": "#1", "uv": [ 0.0, 0.0, 0.0, 2.0 ] },
                "south": { "texture": "#1", "uv": [ 0.0, 0.0, 0.0, 2.0 ] },
                "west": { "texture": "#1", "uv": [ 0.0, 0.0, 0.0, 2.0 ] },
                "up": { "texture": "#1", "uv": [ 0.0, 0.0, 0.0, 2.0 ] },
                "down": { "texture": "#1", "uv": [ 0.0, 0.0, 0.0, 2.0 ] }
            }
        },
        {
            "name": "Cube",
            "from": [ -2.0, 11.50000000745058, 22.0 ], 
            "to": [ 5.0, 12.50000000745058, 23.0 ], 
            "faces": {
                "north": { "texture": "#1", "uv": [ 0.0, 0.0, 0.0, 2.0 ] },
                "east": { "texture": "#1", "uv": [ 0.0, 0.0, 0.0, 2.0 ] },
                "south": { "texture": "#1", "uv": [ 0.0, 0.0, 0.0, 2.0 ] },
                "west": { "texture": "#1", "uv": [ 0.0, 0.0, 0.0, 2.0 ] },
                "up": { "texture": "#1", "uv": [ 0.0, 0.0, 0.0, 2.0 ] },
                "down": { "texture": "#1", "uv": [ 0.0, 0.0, 0.0, 2.0 ] }
            }
        },
        {
            "name": "Cube",
            "from": [ 9.0, 11.50000000745058, 22.0 ], 
            "to": [ 16.0, 12.50000000745058, 23.0 ], 
            "faces": {
                "north": { "texture": "#1", "uv": [ 0.0, 0.0, 0.0, 2.0 ] },
                "east": { "texture": "#1", "uv": [ 0.0, 0.0, 0.0, 2.0 ] },
                "south": { "texture": "#1", "uv": [ 0.0, 0.0, 0.0, 2.0 ] },
                "west": { "texture": "#1", "uv": [ 0.0, 0.0, 0.0, 2.0 ] },
                "up": { "texture": "#1", "uv": [ 0.0, 0.0, 0.0, 2.0 ] },
                "down": { "texture": "#1", "uv": [ 0.0, 0.0, 0.0, 2.0 ] }
            }
        },
        {
            "name": "Cube",
            "from": [ -1.0, 10.50000000745058, 22.0 ], 
            "to": [ 4.0, 11.50000000745058, 23.0 ], 
            "faces": {
                "north": { "texture": "#1", "uv": [ 0.0, 0.0, 0.0, 2.0 ] },
                "east": { "texture": "#1", "uv": [ 0.0, 0.0, 0.0, 2.0 ] },
                "south": { "texture": "#1", "uv": [ 0.0, 0.0, 0.0, 2.0 ] },
                "west": { "texture": "#1", "uv": [ 0.0, 0.0, 0.0, 2.0 ] },
                "up": { "texture": "#1", "uv": [ 0.0, 0.0, 0.0, 2.0 ] },
                "down": { "texture": "#1", "uv": [ 0.0, 0.0, 0.0, 2.0 ] }
            }
        },
        {
            "name": "Cube",
            "from": [ 8.0, 12.50000000745058, 22.0 ], 
            "to": [ 17.0, 13.50000000745058, 23.0 ], 
            "faces": {
                "north": { "texture": "#1", "uv": [ 0.0, 0.0, 0.0, 2.0 ] },
                "east": { "texture": "#1", "uv": [ 0.0, 0.0, 0.0, 2.0 ] },
                "south": { "texture": "#1", "uv": [ 0.0, 0.0, 0.0, 2.0 ] },
                "west": { "texture": "#1", "uv": [ 0.0, 0.0, 0.0, 2.0 ] },
                "up": { "texture": "#1", "uv": [ 0.0, 0.0, 0.0, 2.0 ] },
                "down": { "texture": "#1", "uv": [ 0.0, 0.0, 0.0, 2.0 ] }
            }
        },
        {
            "name": "Cube",
            "from": [ -3.0, 12.50000000745058, 22.0 ], 
            "to": [ 6.0, 13.50000000745058, 23.0 ], 
            "faces": {
                "north": { "texture": "#1", "uv": [ 0.0, 0.0, 0.0, 2.0 ] },
                "east": { "texture": "#1", "uv": [ 0.0, 0.0, 0.0, 2.0 ] },
                "south": { "texture": "#1", "uv": [ 0.0, 0.0, 0.0, 2.0 ] },
                "west": { "texture": "#1", "uv": [ 0.0, 0.0, 0.0, 2.0 ] },
                "up": { "texture": "#1", "uv": [ 0.0, 0.0, 0.0, 2.0 ] },
                "down": { "texture": "#1", "uv": [ 0.0, 0.0, 0.0, 2.0 ] }
            }
        },
        {
            "name": "Cube",
            "from": [ -4.100000001490116, 14.50000000745058, 9.0 ], 
            "to": [ -3.100000001490116, 16.50000000745058, 22.0 ], 
            "faces": {
                "north": { "texture": "#1", "uv": [ 0.0, 0.0, 0.0, 2.0 ] },
                "east": { "texture": "#1", "uv": [ 0.0, 0.0, 0.0, 2.0 ] },
                "south": { "texture": "#1", "uv": [ 0.0, 0.0, 0.0, 2.0 ] },
                "west": { "texture": "#1", "uv": [ 0.0, 0.0, 0.0, 2.0 ] },
                "up": { "texture": "#1", "uv": [ 0.0, 0.0, 0.0, 2.0 ] },
                "down": { "texture": "#1", "uv": [ 0.0, 0.0, 0.0, 2.0 ] }
            }
        },
        {
            "name": "Cube",
            "from": [ 18.100000001490116, 14.50000000745058, 9.0 ], 
            "to": [ 19.100000001490116, 16.50000000745058, 22.0 ], 
            "faces": {
                "north": { "texture": "#1", "uv": [ 0.0, 0.0, 0.0, 2.0 ] },
                "east": { "texture": "#1", "uv": [ 0.0, 0.0, 0.0, 2.0 ] },
                "south": { "texture": "#1", "uv": [ 0.0, 0.0, 0.0, 2.0 ] },
                "west": { "texture": "#1", "uv": [ 0.0, 0.0, 0.0, 2.0 ] },
                "up": { "texture": "#1", "uv": [ 0.0, 0.0, 0.0, 2.0 ] },
                "down": { "texture": "#1", "uv": [ 0.0, 0.0, 0.0, 2.0 ] }
            }
        },
        {
            "name": "Cube",
            "from": [ -4.100000001490116, 12.50000000745058, 4.0 ], 
            "to": [ -3.100000001490116, 14.50000000745058, 9.0 ], 
            "faces": {
                "north": { "texture": "#1", "uv": [ 0.0, 0.0, 0.0, 2.0 ] },
                "east": { "texture": "#1", "uv": [ 0.0, 0.0, 0.0, 2.0 ] },
                "south": { "texture": "#1", "uv": [ 0.0, 0.0, 0.0, 2.0 ] },
                "west": { "texture": "#1", "uv": [ 0.0, 0.0, 0.0, 2.0 ] },
                "up": { "texture": "#1", "uv": [ 0.0, 0.0, 0.0, 2.0 ] },
                "down": { "texture": "#1", "uv": [ 0.0, 0.0, 0.0, 2.0 ] }
            }
        },
        {
            "name": "Cube",
            "from": [ 18.100000001490116, 12.50000000745058, 4.0 ], 
            "to": [ 19.100000001490116, 14.50000000745058, 9.0 ], 
            "faces": {
                "north": { "texture": "#1", "uv": [ 0.0, 0.0, 0.0, 2.0 ] },
                "east": { "texture": "#1", "uv": [ 0.0, 0.0, 0.0, 2.0 ] },
                "south": { "texture": "#1", "uv": [ 0.0, 0.0, 0.0, 2.0 ] },
                "west": { "texture": "#1", "uv": [ 0.0, 0.0, 0.0, 2.0 ] },
                "up": { "texture": "#1", "uv": [ 0.0, 0.0, 0.0, 2.0 ] },
                "down": { "texture": "#1", "uv": [ 0.0, 0.0, 0.0, 2.0 ] }
            }
        },
        {
            "name": "Cube",
            "from": [ -1.8999999985098839, 13.50000000745058, 23.100000001490116 ], 
            "to": [ -0.8999999985098839, 14.50000000745058, 23.100000001490116 ], 
            "faces": {
                "north": { "texture": "#1", "uv": [ 12.0, 7.0, 12.0, 9.0 ] },
                "east": { "texture": "#1", "uv": [ 10.0, 3.0, 10.0, 5.0 ] },
                "south": { "texture": "#1", "uv": [ 9.0, 4.0, 9.0, 6.0 ] },
                "west": { "texture": "#1", "uv": [ 11.0, 6.0, 11.0, 8.0 ] },
                "up": { "texture": "#1", "uv": [ 12.0, 4.0, 12.0, 6.0 ] },
                "down": { "texture": "#1", "uv": [ 10.0, 5.0, 10.0, 7.0 ] }
            }
        },
        {
            "name": "Cube",
            "from": [ -0.8999999985098839, 12.50000000745058, 23.100000001490116 ], 
            "to": [ 0.10000000149011612, 13.50000000745058, 23.100000001490116 ], 
            "faces": {
                "north": { "texture": "#1", "uv": [ 12.0, 7.0, 12.0, 9.0 ] },
                "east": { "texture": "#1", "uv": [ 10.0, 3.0, 10.0, 5.0 ] },
                "south": { "texture": "#1", "uv": [ 9.0, 4.0, 9.0, 6.0 ] },
                "west": { "texture": "#1", "uv": [ 11.0, 6.0, 11.0, 8.0 ] },
                "up": { "texture": "#1", "uv": [ 12.0, 4.0, 12.0, 6.0 ] },
                "down": { "texture": "#1", "uv": [ 10.0, 5.0, 10.0, 7.0 ] }
            }
        },
        {
            "name": "Cube",
            "from": [ 0.10000000149011612, 11.50000000745058, 23.100000001490116 ], 
            "to": [ 1.1000000014901161, 12.50000000745058, 23.100000001490116 ], 
            "faces": {
                "north": { "texture": "#1", "uv": [ 12.0, 7.0, 12.0, 9.0 ] },
                "east": { "texture": "#1", "uv": [ 10.0, 3.0, 10.0, 5.0 ] },
                "south": { "texture": "#1", "uv": [ 9.0, 4.0, 9.0, 6.0 ] },
                "west": { "texture": "#1", "uv": [ 11.0, 6.0, 11.0, 8.0 ] },
                "up": { "texture": "#1", "uv": [ 12.0, 4.0, 12.0, 6.0 ] },
                "down": { "texture": "#1", "uv": [ 10.0, 5.0, 10.0, 7.0 ] }
            }
        },
        {
            "name": "Cube",
            "from": [ 10.100000001490116, 13.50000000745058, 23.100000001490116 ], 
            "to": [ 11.100000001490116, 14.50000000745058, 23.100000001490116 ], 
            "faces": {
                "north": { "texture": "#1", "uv": [ 12.0, 7.0, 12.0, 9.0 ] },
                "east": { "texture": "#1", "uv": [ 10.0, 3.0, 10.0, 5.0 ] },
                "south": { "texture": "#1", "uv": [ 9.0, 4.0, 9.0, 6.0 ] },
                "west": { "texture": "#1", "uv": [ 11.0, 6.0, 11.0, 8.0 ] },
                "up": { "texture": "#1", "uv": [ 12.0, 4.0, 12.0, 6.0 ] },
                "down": { "texture": "#1", "uv": [ 10.0, 5.0, 10.0, 7.0 ] }
            }
        },
        {
            "name": "Cube",
            "from": [ 11.100000001490116, 12.50000000745058, 23.100000001490116 ], 
            "to": [ 12.100000001490116, 13.50000000745058, 23.100000001490116 ], 
            "faces": {
                "north": { "texture": "#1", "uv": [ 12.0, 7.0, 12.0, 9.0 ] },
                "east": { "texture": "#1", "uv": [ 10.0, 3.0, 10.0, 5.0 ] },
                "south": { "texture": "#1", "uv": [ 9.0, 4.0, 9.0, 6.0 ] },
                "west": { "texture": "#1", "uv": [ 11.0, 6.0, 11.0, 8.0 ] },
                "up": { "texture": "#1", "uv": [ 12.0, 4.0, 12.0, 6.0 ] },
                "down": { "texture": "#1", "uv": [ 10.0, 5.0, 10.0, 7.0 ] }
            }
        }
    ],"display":{"head":{"rotation":[0,180,0],"translation":[0,0,0.6],"scale":[1,1,1]},"fixed":{"rotation":[0,180,0],"translation":[0,0,3.7],"scale":[1,1,1]},"gui":{"rotation":[-30,135,0],"translation":[-0.2,-1.2,0],"scale":[0.7,0.7,0.7]}}}