{
"__comment": "Designed by Hypixel minecraft server with BDcraft Cubik PRO 0.93 Beta - http://bdcraft.net",
"textures": {
    "particle": "blocks/azazel",
    "texture": "blocks/azazel"
},
"elements": [
{
    "from": [ -3, 8, 10 ],
    "to": [ 1, 9, 11 ],
    "faces": {
        "down":  { "uv": [ 0, 6, 2, 6.5 ], "texture": "#texture", "cullface": "west" },
        "up":    { "uv": [ 0, 6, 2, 6.5 ], "texture": "#texture", "cullface": "west" },
        "north": { "uv": [ 2, 6, 0, 6.5 ], "texture": "#texture", "cullface": "west" },
        "south": { "uv": [ 0, 6, 2, 6.5 ], "texture": "#texture", "cullface": "west" },
        "west":  { "uv": [ 9.5, 10, 10, 10.5 ], "texture": "#texture", "cullface": "west" },
        "east":  { "uv": [ 9.5, 10, 10, 10.5 ], "texture": "#texture", "cullface": "west" }
    }
},
{
    "from": [ -1, 6, 11 ],
    "to": [ 1, 7, 15 ],
    "faces": {
        "down":  { "uv": [ 0.5, 7, 1.5, 7.5 ], "texture": "#texture", "cullface": "west" },
        "up":    { "uv": [ 0.5, 7, 1.5, 7.5 ], "texture": "#texture", "cullface": "west" },
        "north": { "uv": [ 0.5, 7, 1.5, 7.5 ], "texture": "#texture", "cullface": "west" },
        "south": { "uv": [ 1.5, 7, 0.5, 7.5 ], "texture": "#texture", "cullface": "west" },
        "west":  { "uv": [ 9, 11, 11, 11.5 ], "texture": "#texture", "cullface": "west" },
        "east":  { "uv": [ 11, 11, 9, 11.5 ], "texture": "#texture", "cullface": "west" }
    }
},
{
    "from": [ -2, 7, 9.9375 ],
    "to": [ 1, 8, 13.9375 ],
    "faces": {
        "down":  { "uv": [ 0.5, 6.5, 2, 7 ], "texture": "#texture", "cullface": "west" },
        "up":    { "uv": [ 0.5, 6.5, 2, 7 ], "texture": "#texture", "cullface": "west" },
        "north": { "uv": [ 2, 6.5, 0.5, 7 ], "texture": "#texture", "cullface": "west" },
        "south": { "uv": [ 0.5, 6.5, 2, 7 ], "texture": "#texture", "cullface": "west" },
        "west":  { "uv": [ 9, 10.5, 11, 11 ], "texture": "#texture", "cullface": "west" },
        "east":  { "uv": [ 11, 10.5, 9, 11 ], "texture": "#texture", "cullface": "west" }
    }
},
{
    "from": [ -3, 9, 9 ],
    "to": [ -1, 10, 11 ],
    "faces": {
        "down":  { "uv": [ 0, 5.5, 1, 6 ], "texture": "#texture", "cullface": "west" },
        "up":    { "uv": [ 0, 5.5, 1, 6 ], "texture": "#texture", "cullface": "west" },
        "north": { "uv": [ 9.5, 9.5, 8.5, 10 ], "texture": "#texture", "cullface": "west" },
        "south": { "uv": [ 9.5, 9.5, 8.5, 10 ], "texture": "#texture", "cullface": "west" },
        "west":  { "uv": [ 0, 5.5, 0.5, 6 ], "texture": "#texture", "cullface": "west" },
        "east":  { "uv": [ 0.5, 5.5, 1, 6 ], "texture": "#texture", "cullface": "west" }
    }
},
{
    "from": [ 0, 10, 13 ],
    "to": [ 8, 11, 14 ],
    "faces": {
        "north": { "uv": [ 2.5, 4.5, 2, 5 ], "texture": "#texture" },
        "south": { "uv": [ 2.5, 4.5, 2, 5 ], "texture": "#texture" },
        "west":  { "uv": [ 14.5, 9, 14, 9.5 ], "texture": "#texture", "cullface": "west" }
    }
},
{
    "from": [ 0, 8, 13 ],
    "to": [ 8, 10, 14 ],
    "faces": {
        "north": { "uv": [ 7.5, 9, 8, 10 ], "texture": "#texture" },
        "south": { "uv": [ 2, 5, 6, 6 ], "texture": "#texture" },
        "west":  { "uv": [ 14.5, 9.5, 14, 10.5 ], "texture": "#texture", "cullface": "west" }
    }
},
{
    "from": [ 0, 4, 13 ],
    "to": [ 8, 5, 14 ],
    "faces": {
        "north": { "uv": [ 7, 11.5, 7.5, 12 ], "texture": "#texture" },
        "south": { "uv": [ 2, 7.5, 6, 8 ], "texture": "#texture" },
        "west":  { "uv": [ 14.5, 12, 14, 12.5 ], "texture": "#texture", "cullface": "west" }
    }
},
{
    "from": [ 0, 3, 13 ],
    "to": [ 8, 4, 14 ],
    "faces": {
        "down":  { "uv": [ 2, 8, 6, 8.5 ], "texture": "#texture" },
        "north": { "uv": [ 7, 12, 7.5, 12.5 ], "texture": "#texture" },
        "south": { "uv": [ 2, 8, 6, 8.5 ], "texture": "#texture" },
        "west":  { "uv": [ 14.5, 12, 14, 12.5 ], "texture": "#texture", "cullface": "west" }
    }
},
{
    "from": [ 4, -2, 12 ],
    "to": [ 8, -1, 15 ],
    "faces": {
        "down":  { "uv": [ 4, 10.5, 6, 11 ], "texture": "#texture", "cullface": "down" },
        "up":    { "uv": [ 4, 10.5, 6, 11 ], "texture": "#texture", "cullface": "down" },
        "north": { "uv": [ 6, 10.5, 4, 11 ], "texture": "#texture", "cullface": "down" },
        "south": { "uv": [ 4, 10.5, 6, 11 ], "texture": "#texture", "cullface": "down" },
        "west":  { "uv": [ 13.5, 15, 15, 15.5 ], "texture": "#texture", "cullface": "down" }
    }
},
{
    "from": [ 3, -1, 13 ],
    "to": [ 8, 0, 16 ],
    "faces": {
        "down":  { "uv": [ 3, 10, 6, 10.5 ], "texture": "#texture", "cullface": "down" },
        "up":    { "uv": [ 3, 10, 6, 10.5 ], "texture": "#texture", "cullface": "down" },
        "north": { "uv": [ 6, 10, 3.5, 10.5 ], "texture": "#texture", "cullface": "down" },
        "south": { "uv": [ 3.5, 10, 6, 10.5 ], "texture": "#texture", "cullface": "down" },
        "west":  { "uv": [ 14, 14.5, 15.5, 15 ], "texture": "#texture", "cullface": "down" }
    }
},
{
    "from": [ 2, 0, 14 ],
    "to": [ 8, 1, 16 ],
    "faces": {
        "down":  { "uv": [ 3, 9.5, 6, 10 ], "texture": "#texture", "cullface": "down" },
        "up":    { "uv": [ 3, 9.5, 6, 10 ], "texture": "#texture" },
        "south": { "uv": [ 3, 9.5, 6, 10 ], "texture": "#texture", "cullface": "south" },
        "west":  { "uv": [ 14.5, 14, 15.5, 14.5 ], "texture": "#texture" }
    }
},
{
    "from": [ 1, 1, 13 ],
    "to": [ 8, 2, 15 ],
    "faces": {
        "down":  { "uv": [ 2.5, 9, 6, 9.5 ], "texture": "#texture" },
        "north": { "uv": [ 6, 9, 2.5, 9.5 ], "texture": "#texture" },
        "south": { "uv": [ 2.5, 9, 6, 9.5 ], "texture": "#texture" },
        "west":  { "uv": [ 14, 13.5, 15, 14 ], "texture": "#texture" }
    }
},
{
    "from": [ 1, 2, 13 ],
    "to": [ 8, 3, 16 ],
    "faces": {
        "down":  { "uv": [ 2.5, 8.5, 6, 9 ], "texture": "#texture" },
        "up":    { "uv": [ 2.5, 8.5, 6, 9 ], "texture": "#texture" },
        "north": { "uv": [ 6, 8.5, 2.5, 9 ], "texture": "#texture" },
        "south": { "uv": [ 2.5, 8.5, 6, 9 ], "texture": "#texture", "cullface": "south" },
        "west":  { "uv": [ 14, 13, 15.5, 13.5 ], "texture": "#texture" }
    }
},
{
    "from": [ 1, 3, 14 ],
    "to": [ 8, 4, 16 ],
    "faces": {
        "south": { "uv": [ 2.5, 8, 6, 8.5 ], "texture": "#texture", "cullface": "south" },
        "west":  { "uv": [ 14.5, 12.5, 15.5, 13 ], "texture": "#texture" }
    }
},
{
    "from": [ 7, 3, 16.5 ],
    "to": [ 9, 4, 17.5 ],
    "faces": {
        "down":  { "uv": [ 5.5, 8, 6, 8.5 ], "texture": "#texture", "cullface": "south" },
        "up":    { "uv": [ 5.5, 8, 6, 8.5 ], "texture": "#texture", "cullface": "south" },
        "north": { "uv": [ 5.5, 8, 6, 8.5 ], "texture": "#texture", "cullface": "south" },
        "south": { "uv": [ 5.5, 8, 6, 8.5 ], "texture": "#texture", "cullface": "south" },
        "west":  { "uv": [ 5.5, 8, 6, 8.5 ], "texture": "#texture", "cullface": "south" },
        "east":  { "uv": [ 5.5, 8, 6, 8.5 ], "texture": "#texture", "cullface": "south" }
    }
},
{
    "from": [ 8, 4, 16.5 ],
    "to": [ 9, 5, 17.5 ],
    "faces": {
        "up":    { "uv": [ 5.5, 8, 6, 8.5 ], "texture": "#texture", "cullface": "south" },
        "south": { "uv": [ 5.5, 8, 6, 8.5 ], "texture": "#texture", "cullface": "south" },
        "west":  { "uv": [ 5.5, 8, 6, 8.5 ], "texture": "#texture", "cullface": "south" },
        "east":  { "uv": [ 5.5, 8, 6, 8.5 ], "texture": "#texture", "cullface": "south" }
    }
},
{
    "from": [ 2, 6, 16 ],
    "to": [ 4, 7, 17 ],
    "faces": {
        "up":    { "uv": [ 3, 6.5, 4, 7 ], "texture": "#texture", "cullface": "south" },
        "south": { "uv": [ 3, 6.5, 4, 7 ], "texture": "#texture", "cullface": "south" },
        "west":  { "uv": [ 3, 6.5, 3.5, 7 ], "texture": "#texture", "cullface": "south" },
        "east":  { "uv": [ 3, 6.5, 3.5, 7 ], "texture": "#texture", "cullface": "south" }
    }
},
{
    "from": [ 2, 4, 16 ],
    "to": [ 6, 6, 17 ],
    "faces": {
        "down":  { "uv": [ 3, 7.5, 5, 8 ], "texture": "#texture", "cullface": "south" },
        "up":    { "uv": [ 3, 7, 5, 7.5 ], "texture": "#texture", "cullface": "south" },
        "south": { "uv": [ 3, 7, 5, 8 ], "texture": "#texture", "cullface": "south" },
        "west":  { "uv": [ 3, 7, 3.5, 8 ], "texture": "#texture", "cullface": "south" },
        "east":  { "uv": [ 4.5, 7, 5, 8 ], "texture": "#texture", "cullface": "south" }
    }
},
{
    "from": [ 2, 1, 15 ],
    "to": [ 8, 2, 16 ],
    "faces": {
        "south": { "uv": [ 3, 9, 6, 9.5 ], "texture": "#texture", "cullface": "south" },
        "west":  { "uv": [ 15, 13.5, 15.5, 14 ], "texture": "#texture" }
    }
},
{
    "from": [ 4, 0, 16 ],
    "to": [ 8, 1, 17 ],
    "faces": {
        "down":  { "uv": [ 4, 9.5, 6, 10 ], "texture": "#texture", "cullface": "south" },
        "up":    { "uv": [ 4, 9.5, 6, 10 ], "texture": "#texture", "cullface": "south" },
        "south": { "uv": [ 4, 9.5, 6, 10 ], "texture": "#texture", "cullface": "south" },
        "west":  { "uv": [ 4, 9.5, 4.5, 10 ], "texture": "#texture", "cullface": "south" }
    }
},
{
    "from": [ 4, 1, 16 ],
    "to": [ 5, 2, 17 ],
    "faces": {
        "up":    { "uv": [ 4, 9, 4.5, 9.5 ], "texture": "#texture", "cullface": "south" },
        "south": { "uv": [ 4, 9, 4.5, 9.5 ], "texture": "#texture", "cullface": "south" },
        "west":  { "uv": [ 4, 9, 4.5, 9.5 ], "texture": "#texture", "cullface": "south" },
        "east":  { "uv": [ 4, 9, 4.5, 9.5 ], "texture": "#texture", "cullface": "south" }
    }
},
{
    "from": [ 1, 0, 13 ],
    "to": [ 8, 1, 14 ],
    "faces": {
        "down":  { "uv": [ 2.5, 9.5, 6, 10 ], "texture": "#texture", "cullface": "down" },
        "north": { "uv": [ 6, 9.5, 2.5, 10 ], "texture": "#texture" },
        "south": { "uv": [ 2.5, 9.5, 6, 10 ], "texture": "#texture" },
        "west":  { "uv": [ 13.5, 14, 14.5, 14.5 ], "texture": "#texture" }
    }
},
{
    "from": [ 1, 4, 14 ],
    "to": [ 8, 8, 16 ],
    "faces": {
        "up":    { "uv": [ 2.5, 6, 6, 6.5 ], "texture": "#texture" },
        "north": { "uv": [ 6, 6, 2.5, 8 ], "texture": "#texture" },
        "south": { "uv": [ 2.5, 6, 6, 8 ], "texture": "#texture", "cullface": "south" },
        "west":  { "uv": [ 14.5, 10, 15.5, 12 ], "texture": "#texture" }
    }
},
{
    "from": [ 6, 7, 16 ],
    "to": [ 7, 8, 17 ],
    "faces": {
        "down":  { "uv": [ 5, 6, 5.5, 6.5 ], "texture": "#texture", "cullface": "south" },
        "up":    { "uv": [ 5, 6, 5.5, 6.5 ], "texture": "#texture", "cullface": "south" },
        "south": { "uv": [ 5, 6, 5.5, 6.5 ], "texture": "#texture", "cullface": "south" },
        "west":  { "uv": [ 5, 6, 5.5, 6.5 ], "texture": "#texture", "cullface": "south" },
        "east":  { "uv": [ 5, 6, 5.5, 6.5 ], "texture": "#texture", "cullface": "south" }
    }
},
{
    "from": [ 1, 8, 14 ],
    "to": [ 8, 11, 15 ],
    "faces": {
        "north": { "uv": [ 2.5, 4.5, 6, 6 ], "texture": "#texture" },
        "south": { "uv": [ 2.5, 4.5, 6, 6 ], "texture": "#texture" },
        "west":  { "uv": [ 14.5, 9, 15, 10.5 ], "texture": "#texture" }
    }
},
{
    "from": [ 2, 8, 15 ],
    "to": [ 8, 10, 16 ],
    "faces": {
        "south": { "uv": [ 3, 5, 6, 6 ], "texture": "#texture", "cullface": "south" },
        "west":  { "uv": [ 15, 9.5, 15.5, 10.5 ], "texture": "#texture" }
    }
},
{
    "from": [ 5, 8, 16 ],
    "to": [ 6, 9, 17 ],
    "faces": {
        "down":  { "uv": [ 4.5, 5.5, 5, 6 ], "texture": "#texture", "cullface": "south" },
        "up":    { "uv": [ 4.5, 5.5, 5, 6 ], "texture": "#texture", "cullface": "south" },
        "south": { "uv": [ 4.5, 5.5, 5, 6 ], "texture": "#texture", "cullface": "south" },
        "west":  { "uv": [ 4.5, 5.5, 5, 6 ], "texture": "#texture", "cullface": "south" },
        "east":  { "uv": [ 4.5, 5.5, 5, 6 ], "texture": "#texture", "cullface": "south" }
    }
},
{
    "from": [ 4, 9, 16 ],
    "to": [ 5, 10, 17 ],
    "faces": {
        "down":  { "uv": [ 4, 5, 4.5, 5.5 ], "texture": "#texture", "cullface": "south" },
        "up":    { "uv": [ 4, 5, 4.5, 5.5 ], "texture": "#texture", "cullface": "south" },
        "south": { "uv": [ 4, 5, 4.5, 5.5 ], "texture": "#texture", "cullface": "south" },
        "west":  { "uv": [ 4, 5, 4.5, 5.5 ], "texture": "#texture", "cullface": "south" },
        "east":  { "uv": [ 4, 5, 4.5, 5.5 ], "texture": "#texture", "cullface": "south" }
    }
},
{
    "from": [ 4, 8, 15.5 ],
    "to": [ 5, 9, 16.5 ],
    "faces": {
        "down":  { "uv": [ 4, 5.5, 4.5, 6 ], "texture": "#texture", "cullface": "south" },
        "up":    { "uv": [ 4, 5.5, 4.5, 6 ], "texture": "#texture", "cullface": "south" },
        "north": { "uv": [ 4, 5.5, 4.5, 6 ], "texture": "#texture", "cullface": "south" },
        "south": { "uv": [ 4, 5.5, 4.5, 6 ], "texture": "#texture", "cullface": "south" },
        "west":  { "uv": [ 4, 5.5, 4.5, 6 ], "texture": "#texture", "cullface": "south" },
        "east":  { "uv": [ 4, 5.5, 4.5, 6 ], "texture": "#texture", "cullface": "south" }
    }
},
{
    "from": [ 2, 9, 15.5 ],
    "to": [ 4, 10, 16.5 ],
    "faces": {
        "down":  { "uv": [ 4, 5.5, 4.5, 6 ], "texture": "#texture", "cullface": "south" },
        "up":    { "uv": [ 4, 5.5, 4.5, 6 ], "texture": "#texture", "cullface": "south" },
        "north": { "uv": [ 4, 5.5, 4.5, 6 ], "texture": "#texture", "cullface": "south" },
        "south": { "uv": [ 4, 5.5, 4.5, 6 ], "texture": "#texture", "cullface": "south" },
        "west":  { "uv": [ 4, 5.5, 4.5, 6 ], "texture": "#texture", "cullface": "south" },
        "east":  { "uv": [ 4, 5.5, 4.5, 6 ], "texture": "#texture", "cullface": "south" }
    }
},
{
    "from": [ 5, 7, 15.5 ],
    "to": [ 6, 8, 16.5 ],
    "faces": {
        "down":  { "uv": [ 4.5, 6, 5, 6.5 ], "texture": "#texture", "cullface": "south" },
        "up":    { "uv": [ 4.5, 6, 5, 6.5 ], "texture": "#texture", "cullface": "south" },
        "north": { "uv": [ 4.5, 6, 5, 6.5 ], "texture": "#texture", "cullface": "south" },
        "south": { "uv": [ 4.5, 6, 5, 6.5 ], "texture": "#texture", "cullface": "south" },
        "west":  { "uv": [ 4.5, 6, 5, 6.5 ], "texture": "#texture", "cullface": "south" },
        "east":  { "uv": [ 4.5, 6, 5, 6.5 ], "texture": "#texture", "cullface": "south" }
    }
},
{
    "from": [ 1, 9, 15 ],
    "to": [ 2, 10, 16 ],
    "faces": {
        "down":  { "uv": [ 3.5, 5.5, 4, 6 ], "texture": "#texture" },
        "up":    { "uv": [ 3.5, 5.5, 4, 6 ], "texture": "#texture" },
        "south": { "uv": [ 3.5, 5.5, 4, 6 ], "texture": "#texture", "cullface": "south" },
        "west":  { "uv": [ 3.5, 5.5, 4, 6 ], "texture": "#texture" }
    }
},
{
    "from": [ 2, 10, 15 ],
    "to": [ 8, 12, 16 ],
    "faces": {
        "up":    { "uv": [ 3, 4, 6, 4.5 ], "texture": "#texture" },
        "north": { "uv": [ 6, 4, 3, 5 ], "texture": "#texture" },
        "south": { "uv": [ 3, 4, 6, 5 ], "texture": "#texture", "cullface": "south" },
        "west":  { "uv": [ 15, 8.5, 15.5, 9 ], "texture": "#texture" }
    }
},
{
    "from": [ 5, 9, 15.5 ],
    "to": [ 6, 10, 16.5 ],
    "faces": {
        "down":  { "uv": [ 4.5, 5, 5, 5.5 ], "texture": "#texture", "cullface": "south" },
        "up":    { "uv": [ 4.5, 5, 5, 5.5 ], "texture": "#texture", "cullface": "south" },
        "north": { "uv": [ 4.5, 5, 5, 5.5 ], "texture": "#texture", "cullface": "south" },
        "south": { "uv": [ 4.5, 5, 5, 5.5 ], "texture": "#texture", "cullface": "south" },
        "west":  { "uv": [ 4.5, 5, 5, 5.5 ], "texture": "#texture", "cullface": "south" },
        "east":  { "uv": [ 4.5, 5, 5, 5.5 ], "texture": "#texture", "cullface": "south" }
    }
},
{
    "from": [ 6, 8, 15.5 ],
    "to": [ 7, 9, 16.5 ],
    "faces": {
        "down":  { "uv": [ 5, 5.5, 5.5, 6 ], "texture": "#texture", "cullface": "south" },
        "up":    { "uv": [ 5, 5.5, 5.5, 6 ], "texture": "#texture", "cullface": "south" },
        "north": { "uv": [ 5, 5.5, 5.5, 6 ], "texture": "#texture", "cullface": "south" },
        "south": { "uv": [ 5, 5.5, 5.5, 6 ], "texture": "#texture", "cullface": "south" },
        "west":  { "uv": [ 5, 5.5, 5.5, 6 ], "texture": "#texture", "cullface": "south" },
        "east":  { "uv": [ 5, 5.5, 5.5, 6 ], "texture": "#texture", "cullface": "south" }
    }
},
{
    "from": [ 7, 7, 15.5 ],
    "to": [ 9, 8, 16.5 ],
    "faces": {
        "down":  { "uv": [ 5, 5.5, 5.5, 6 ], "texture": "#texture", "cullface": "south" },
        "up":    { "uv": [ 5, 5.5, 5.5, 6 ], "texture": "#texture", "cullface": "south" },
        "north": { "uv": [ 5, 5.5, 5.5, 6 ], "texture": "#texture", "cullface": "south" },
        "south": { "uv": [ 5, 5.5, 5.5, 6 ], "texture": "#texture", "cullface": "south" },
        "west":  { "uv": [ 5, 5.5, 5.5, 6 ], "texture": "#texture", "cullface": "south" },
        "east":  { "uv": [ 5, 5.5, 5.5, 6 ], "texture": "#texture", "cullface": "south" }
    }
},
{
    "from": [ 3, 10, 15.5 ],
    "to": [ 5, 11, 16.5 ],
    "faces": {
        "down":  { "uv": [ 5, 5.5, 5.5, 6 ], "texture": "#texture", "cullface": "south" },
        "up":    { "uv": [ 5, 5.5, 5.5, 6 ], "texture": "#texture", "cullface": "south" },
        "north": { "uv": [ 3.5, 4.5, 4.5, 5 ], "texture": "#texture", "cullface": "south" },
        "south": { "uv": [ 3.5, 4.5, 4.5, 5 ], "texture": "#texture", "cullface": "south" },
        "west":  { "uv": [ 5, 5.5, 5.5, 6 ], "texture": "#texture", "cullface": "south" },
        "east":  { "uv": [ 5, 5.5, 5.5, 6 ], "texture": "#texture", "cullface": "south" }
    }
},
{
    "from": [ -2, 8, 11 ],
    "to": [ 1, 9, 12 ],
    "faces": {
        "up":    { "uv": [ 0, 6, 2, 6.5 ], "texture": "#texture", "cullface": "west" },
        "south": { "uv": [ 0.5, 6, 2, 6.5 ], "texture": "#texture", "cullface": "west" },
        "west":  { "uv": [ 10, 10, 10.5, 10.5 ], "texture": "#texture", "cullface": "west" },
        "east":  { "uv": [ 10, 10, 10.5, 10.5 ], "texture": "#texture", "cullface": "west" }
    }
},
{
    "from": [ -2, 8, 9 ],
    "to": [ 1, 9, 10 ],
    "faces": {
        "down":  { "uv": [ 0, 6, 2, 6.5 ], "texture": "#texture", "cullface": "west" },
        "up":    { "uv": [ 0, 6, 2, 6.5 ], "texture": "#texture", "cullface": "west" },
        "north": { "uv": [ 2, 6, 0.5, 6.5 ], "texture": "#texture", "cullface": "west" },
        "west":  { "uv": [ 9, 10, 9.5, 10.5 ], "texture": "#texture", "cullface": "west" },
        "east":  { "uv": [ 9, 10, 9.5, 10.5 ], "texture": "#texture", "cullface": "west" }
    }
},
{
    "from": [ 8, -2, 12 ],
    "to": [ 12, -1, 15 ],
    "faces": {
        "down":  { "uv": [ 4, 10.5, 6, 11 ], "texture": "#texture", "cullface": "down" },
        "up":    { "uv": [ 4, 10.5, 6, 11 ], "texture": "#texture", "cullface": "down" },
        "north": { "uv": [ 4, 10.5, 6, 11 ], "texture": "#texture", "cullface": "down" },
        "south": { "uv": [ 6, 10.5, 4, 11 ], "texture": "#texture", "cullface": "down" },
        "east":  { "uv": [ 15, 15, 13.5, 15.5 ], "texture": "#texture", "cullface": "down" }
    }
},
{
    "from": [ 8, -1, 13 ],
    "to": [ 13, 0, 16 ],
    "faces": {
        "down":  { "uv": [ 3, 10, 6, 10.5 ], "texture": "#texture", "cullface": "down" },
        "up":    { "uv": [ 3, 10, 6, 10.5 ], "texture": "#texture", "cullface": "down" },
        "north": { "uv": [ 3.5, 10, 6, 10.5 ], "texture": "#texture", "cullface": "down" },
        "south": { "uv": [ 6, 10, 3.5, 10.5 ], "texture": "#texture", "cullface": "down" },
        "east":  { "uv": [ 15.5, 14.5, 14, 15 ], "texture": "#texture", "cullface": "down" }
    }
},
{
    "from": [ 8, 0, 14 ],
    "to": [ 14, 1, 16 ],
    "faces": {
        "down":  { "uv": [ 3, 9.5, 6, 10 ], "texture": "#texture", "cullface": "down" },
        "up":    { "uv": [ 3, 9.5, 6, 10 ], "texture": "#texture" },
        "south": { "uv": [ 6, 9.5, 3, 10 ], "texture": "#texture", "cullface": "south" },
        "east":  { "uv": [ 15.5, 14, 14.5, 14.5 ], "texture": "#texture" }
    }
},
{
    "from": [ 8, 0, 16 ],
    "to": [ 12, 1, 17 ],
    "faces": {
        "down":  { "uv": [ 4, 9.5, 6, 10 ], "texture": "#texture", "cullface": "south" },
        "up":    { "uv": [ 4, 9.5, 6, 10 ], "texture": "#texture", "cullface": "south" },
        "south": { "uv": [ 6, 9.5, 4, 10 ], "texture": "#texture", "cullface": "south" },
        "east":  { "uv": [ 4, 9.5, 4.5, 10 ], "texture": "#texture", "cullface": "south" }
    }
},
{
    "from": [ 11, 1, 16 ],
    "to": [ 12, 2, 17 ],
    "faces": {
        "up":    { "uv": [ 4, 9, 4.5, 9.5 ], "texture": "#texture", "cullface": "south" },
        "south": { "uv": [ 4, 9, 4.5, 9.5 ], "texture": "#texture", "cullface": "south" },
        "west":  { "uv": [ 4, 9, 4.5, 9.5 ], "texture": "#texture", "cullface": "south" },
        "east":  { "uv": [ 4, 9, 4.5, 9.5 ], "texture": "#texture", "cullface": "south" }
    }
},
{
    "from": [ 8, 1, 13 ],
    "to": [ 15, 2, 15 ],
    "faces": {
        "down":  { "uv": [ 2.5, 9, 6, 9.5 ], "texture": "#texture" },
        "north": { "uv": [ 2.5, 9, 6, 9.5 ], "texture": "#texture" },
        "south": { "uv": [ 6, 9, 2.5, 9.5 ], "texture": "#texture" },
        "east":  { "uv": [ 15, 13.5, 14, 14 ], "texture": "#texture" }
    }
},
{
    "from": [ 8, 1, 15 ],
    "to": [ 14, 2, 16 ],
    "faces": {
        "south": { "uv": [ 6, 9, 3, 9.5 ], "texture": "#texture", "cullface": "south" },
        "east":  { "uv": [ 15, 13.5, 15.5, 14 ], "texture": "#texture" }
    }
},
{
    "from": [ 8, 2, 13 ],
    "to": [ 15, 3, 16 ],
    "faces": {
        "down":  { "uv": [ 2.5, 8.5, 6, 9 ], "texture": "#texture" },
        "up":    { "uv": [ 2.5, 8.5, 6, 9 ], "texture": "#texture" },
        "north": { "uv": [ 2.5, 8.5, 6, 9 ], "texture": "#texture" },
        "south": { "uv": [ 6, 8.5, 2.5, 9 ], "texture": "#texture", "cullface": "south" },
        "east":  { "uv": [ 15.5, 13, 14, 13.5 ], "texture": "#texture" }
    }
},
{
    "from": [ 8, 3, 14 ],
    "to": [ 15, 4, 16 ],
    "faces": {
        "south": { "uv": [ 6, 8, 2.5, 8.5 ], "texture": "#texture", "cullface": "south" },
        "east":  { "uv": [ 15.5, 12.5, 14.5, 13 ], "texture": "#texture" }
    }
},
{
    "from": [ 8, 4, 14 ],
    "to": [ 15, 8, 16 ],
    "faces": {
        "up":    { "uv": [ 2.5, 6, 6, 6.5 ], "texture": "#texture" },
        "north": { "uv": [ 2.5, 6, 6, 8 ], "texture": "#texture" },
        "south": { "uv": [ 6, 6, 2.5, 8 ], "texture": "#texture", "cullface": "south" },
        "east":  { "uv": [ 15.5, 10, 14.5, 12 ], "texture": "#texture" }
    }
},
{
    "from": [ 10, 4, 16 ],
    "to": [ 14, 6, 17 ],
    "faces": {
        "down":  { "uv": [ 5, 7.5, 3, 8 ], "texture": "#texture", "cullface": "south" },
        "up":    { "uv": [ 5, 7, 3, 7.5 ], "texture": "#texture", "cullface": "south" },
        "south": { "uv": [ 5, 7, 3, 8 ], "texture": "#texture", "cullface": "south" },
        "west":  { "uv": [ 4.5, 7, 5, 8 ], "texture": "#texture", "cullface": "south" },
        "east":  { "uv": [ 3, 7, 3.5, 8 ], "texture": "#texture", "cullface": "south" }
    }
},
{
    "from": [ 12, 6, 16 ],
    "to": [ 14, 7, 17 ],
    "faces": {
        "up":    { "uv": [ 3, 6.5, 4, 7 ], "texture": "#texture", "cullface": "south" },
        "south": { "uv": [ 3, 6.5, 4, 7 ], "texture": "#texture", "cullface": "south" },
        "west":  { "uv": [ 3, 6.5, 3.5, 7 ], "texture": "#texture", "cullface": "south" },
        "east":  { "uv": [ 3, 6.5, 3.5, 7 ], "texture": "#texture", "cullface": "south" }
    }
},
{
    "from": [ 8, 8, 14 ],
    "to": [ 15, 11, 15 ],
    "faces": {
        "north": { "uv": [ 2.5, 4.5, 6, 6 ], "texture": "#texture" },
        "south": { "uv": [ 6, 4.5, 2.5, 6 ], "texture": "#texture" },
        "east":  { "uv": [ 14.5, 9, 15, 10.5 ], "texture": "#texture" }
    }
},
{
    "from": [ 8, 8, 15 ],
    "to": [ 14, 10, 16 ],
    "faces": {
        "south": { "uv": [ 6, 5, 3, 6 ], "texture": "#texture", "cullface": "south" },
        "east":  { "uv": [ 15, 9.5, 15.5, 10.5 ], "texture": "#texture" }
    }
},
{
    "from": [ 9, 7, 16 ],
    "to": [ 10, 8, 17 ],
    "faces": {
        "down":  { "uv": [ 5, 6, 5.5, 6.5 ], "texture": "#texture", "cullface": "south" },
        "up":    { "uv": [ 5, 6, 5.5, 6.5 ], "texture": "#texture", "cullface": "south" },
        "south": { "uv": [ 5, 6, 5.5, 6.5 ], "texture": "#texture", "cullface": "south" },
        "west":  { "uv": [ 5, 6, 5.5, 6.5 ], "texture": "#texture", "cullface": "south" },
        "east":  { "uv": [ 5, 6, 5.5, 6.5 ], "texture": "#texture", "cullface": "south" }
    }
},
{
    "from": [ 10, 7, 15.5 ],
    "to": [ 11, 8, 16.5 ],
    "faces": {
        "down":  { "uv": [ 4.5, 6, 5, 6.5 ], "texture": "#texture", "cullface": "south" },
        "up":    { "uv": [ 4.5, 6, 5, 6.5 ], "texture": "#texture", "cullface": "south" },
        "north": { "uv": [ 4.5, 6, 5, 6.5 ], "texture": "#texture", "cullface": "south" },
        "south": { "uv": [ 4.5, 6, 5, 6.5 ], "texture": "#texture", "cullface": "south" },
        "west":  { "uv": [ 4.5, 6, 5, 6.5 ], "texture": "#texture", "cullface": "south" },
        "east":  { "uv": [ 4.5, 6, 5, 6.5 ], "texture": "#texture", "cullface": "south" }
    }
},
{
    "from": [ 9, 8, 15.5 ],
    "to": [ 10, 9, 16.5 ],
    "faces": {
        "down":  { "uv": [ 5, 5.5, 5.5, 6 ], "texture": "#texture", "cullface": "south" },
        "up":    { "uv": [ 5, 5.5, 5.5, 6 ], "texture": "#texture", "cullface": "south" },
        "north": { "uv": [ 5, 5.5, 5.5, 6 ], "texture": "#texture", "cullface": "south" },
        "south": { "uv": [ 5, 5.5, 5.5, 6 ], "texture": "#texture", "cullface": "south" },
        "west":  { "uv": [ 5, 5.5, 5.5, 6 ], "texture": "#texture", "cullface": "south" },
        "east":  { "uv": [ 5, 5.5, 5.5, 6 ], "texture": "#texture", "cullface": "south" }
    }
},
{
    "from": [ 10, 8, 16 ],
    "to": [ 11, 9, 17 ],
    "faces": {
        "down":  { "uv": [ 4.5, 5.5, 5, 6 ], "texture": "#texture", "cullface": "south" },
        "up":    { "uv": [ 4.5, 5.5, 5, 6 ], "texture": "#texture", "cullface": "south" },
        "south": { "uv": [ 4.5, 5.5, 5, 6 ], "texture": "#texture", "cullface": "south" },
        "west":  { "uv": [ 4.5, 5.5, 5, 6 ], "texture": "#texture", "cullface": "south" },
        "east":  { "uv": [ 4.5, 5.5, 5, 6 ], "texture": "#texture", "cullface": "south" }
    }
},
{
    "from": [ 11, 8, 15.5 ],
    "to": [ 12, 9, 16.5 ],
    "faces": {
        "down":  { "uv": [ 4, 5.5, 4.5, 6 ], "texture": "#texture", "cullface": "south" },
        "up":    { "uv": [ 4, 5.5, 4.5, 6 ], "texture": "#texture", "cullface": "south" },
        "north": { "uv": [ 4, 5.5, 4.5, 6 ], "texture": "#texture", "cullface": "south" },
        "south": { "uv": [ 4, 5.5, 4.5, 6 ], "texture": "#texture", "cullface": "south" },
        "west":  { "uv": [ 4, 5.5, 4.5, 6 ], "texture": "#texture", "cullface": "south" },
        "east":  { "uv": [ 4, 5.5, 4.5, 6 ], "texture": "#texture", "cullface": "south" }
    }
},
{
    "from": [ 10, 9, 15.5 ],
    "to": [ 11, 10, 16.5 ],
    "faces": {
        "down":  { "uv": [ 4.5, 5, 5, 5.5 ], "texture": "#texture", "cullface": "south" },
        "up":    { "uv": [ 4.5, 5, 5, 5.5 ], "texture": "#texture", "cullface": "south" },
        "north": { "uv": [ 4.5, 5, 5, 5.5 ], "texture": "#texture", "cullface": "south" },
        "south": { "uv": [ 4.5, 5, 5, 5.5 ], "texture": "#texture", "cullface": "south" },
        "west":  { "uv": [ 4.5, 5, 5, 5.5 ], "texture": "#texture", "cullface": "south" },
        "east":  { "uv": [ 4.5, 5, 5, 5.5 ], "texture": "#texture", "cullface": "south" }
    }
},
{
    "from": [ 11, 9, 16 ],
    "to": [ 12, 10, 17 ],
    "faces": {
        "down":  { "uv": [ 4, 5, 4.5, 5.5 ], "texture": "#texture", "cullface": "south" },
        "up":    { "uv": [ 4, 5, 4.5, 5.5 ], "texture": "#texture", "cullface": "south" },
        "south": { "uv": [ 4, 5, 4.5, 5.5 ], "texture": "#texture", "cullface": "south" },
        "west":  { "uv": [ 4, 5, 4.5, 5.5 ], "texture": "#texture", "cullface": "south" },
        "east":  { "uv": [ 4, 5, 4.5, 5.5 ], "texture": "#texture", "cullface": "south" }
    }
},
{
    "from": [ 12, 9, 15.5 ],
    "to": [ 14, 10, 16.5 ],
    "faces": {
        "down":  { "uv": [ 4, 5.5, 4.5, 6 ], "texture": "#texture", "cullface": "south" },
        "up":    { "uv": [ 4, 5.5, 4.5, 6 ], "texture": "#texture", "cullface": "south" },
        "north": { "uv": [ 4, 5.5, 4.5, 6 ], "texture": "#texture", "cullface": "south" },
        "south": { "uv": [ 4, 5.5, 4.5, 6 ], "texture": "#texture", "cullface": "south" },
        "west":  { "uv": [ 4, 5.5, 4.5, 6 ], "texture": "#texture", "cullface": "south" },
        "east":  { "uv": [ 4, 5.5, 4.5, 6 ], "texture": "#texture", "cullface": "south" }
    }
},
{
    "from": [ 14, 9, 15 ],
    "to": [ 15, 10, 16 ],
    "faces": {
        "down":  { "uv": [ 3.5, 5.5, 4, 6 ], "texture": "#texture" },
        "up":    { "uv": [ 3.5, 5.5, 4, 6 ], "texture": "#texture" },
        "south": { "uv": [ 3.5, 5.5, 4, 6 ], "texture": "#texture", "cullface": "south" },
        "east":  { "uv": [ 3.5, 5.5, 4, 6 ], "texture": "#texture" }
    }
},
{
    "from": [ 11, 10, 15.5 ],
    "to": [ 13, 11, 16.5 ],
    "faces": {
        "down":  { "uv": [ 5, 5.5, 5.5, 6 ], "texture": "#texture", "cullface": "south" },
        "up":    { "uv": [ 5, 5.5, 5.5, 6 ], "texture": "#texture", "cullface": "south" },
        "north": { "uv": [ 3.5, 4.5, 4.5, 5 ], "texture": "#texture", "cullface": "south" },
        "south": { "uv": [ 3.5, 4.5, 4.5, 5 ], "texture": "#texture", "cullface": "south" },
        "west":  { "uv": [ 5, 5.5, 5.5, 6 ], "texture": "#texture", "cullface": "south" },
        "east":  { "uv": [ 5, 5.5, 5.5, 6 ], "texture": "#texture", "cullface": "south" }
    }
},
{
    "from": [ 15, 6, 11 ],
    "to": [ 17, 7, 15 ],
    "faces": {
        "down":  { "uv": [ 0.5, 7, 1.5, 7.5 ], "texture": "#texture", "cullface": "east" },
        "up":    { "uv": [ 0.5, 7, 1.5, 7.5 ], "texture": "#texture", "cullface": "east" },
        "north": { "uv": [ 0.5, 7, 1.5, 7.5 ], "texture": "#texture", "cullface": "east" },
        "south": { "uv": [ 1.5, 7, 0.5, 7.5 ], "texture": "#texture", "cullface": "east" },
        "west":  { "uv": [ 9, 11, 11, 11.5 ], "texture": "#texture", "cullface": "east" },
        "east":  { "uv": [ 11, 11, 9, 11.5 ], "texture": "#texture", "cullface": "east" }
    }
},
{
    "from": [ 15, 7, 9.875 ],
    "to": [ 18, 8, 13.875 ],
    "faces": {
        "down":  { "uv": [ 0.5, 6.5, 2, 7 ], "texture": "#texture", "cullface": "east" },
        "up":    { "uv": [ 0.5, 6.5, 2, 7 ], "texture": "#texture", "cullface": "east" },
        "north": { "uv": [ 0.5, 6.5, 2, 7 ], "texture": "#texture", "cullface": "east" },
        "south": { "uv": [ 2, 6.5, 0.5, 7 ], "texture": "#texture", "cullface": "east" },
        "west":  { "uv": [ 9, 10.5, 11, 11 ], "texture": "#texture", "cullface": "east" },
        "east":  { "uv": [ 11, 10.5, 9, 11 ], "texture": "#texture", "cullface": "east" }
    }
},
{
    "from": [ 15, 8, 11 ],
    "to": [ 18, 9, 12 ],
    "faces": {
        "up":    { "uv": [ 0, 6, 2, 6.5 ], "texture": "#texture", "cullface": "east" },
        "south": { "uv": [ 2, 6, 0.5, 6.5 ], "texture": "#texture", "cullface": "east" },
        "west":  { "uv": [ 10, 10, 10.5, 10.5 ], "texture": "#texture", "cullface": "east" },
        "east":  { "uv": [ 10, 10, 10.5, 10.5 ], "texture": "#texture", "cullface": "east" }
    }
},
{
    "from": [ 17, 9, 9 ],
    "to": [ 19, 10, 11 ],
    "faces": {
        "down":  { "uv": [ 0, 5.5, 1, 6 ], "texture": "#texture", "cullface": "east" },
        "up":    { "uv": [ 0, 5.5, 1, 6 ], "texture": "#texture", "cullface": "east" },
        "north": { "uv": [ 9.5, 9.5, 8.5, 10 ], "texture": "#texture", "cullface": "east" },
        "south": { "uv": [ 9.5, 9.5, 8.5, 10 ], "texture": "#texture", "cullface": "east" },
        "west":  { "uv": [ 0, 5.5, 0.5, 6 ], "texture": "#texture", "cullface": "east" },
        "east":  { "uv": [ 0.5, 5.5, 1, 6 ], "texture": "#texture", "cullface": "east" }
    }
},
{
    "from": [ 15, 8, 10 ],
    "to": [ 19, 9, 11 ],
    "faces": {
        "down":  { "uv": [ 0, 6, 2, 6.5 ], "texture": "#texture", "cullface": "east" },
        "up":    { "uv": [ 0, 6, 2, 6.5 ], "texture": "#texture", "cullface": "east" },
        "north": { "uv": [ 0, 6, 2, 6.5 ], "texture": "#texture", "cullface": "east" },
        "south": { "uv": [ 2, 6, 0, 6.5 ], "texture": "#texture", "cullface": "east" },
        "west":  { "uv": [ 9.5, 10, 10, 10.5 ], "texture": "#texture", "cullface": "east" },
        "east":  { "uv": [ 9.5, 10, 10, 10.5 ], "texture": "#texture", "cullface": "east" }
    }
},
{
    "from": [ 15, 8, 9 ],
    "to": [ 18, 9, 10 ],
    "faces": {
        "down":  { "uv": [ 0, 6, 2, 6.5 ], "texture": "#texture", "cullface": "east" },
        "up":    { "uv": [ 0, 6, 2, 6.5 ], "texture": "#texture", "cullface": "east" },
        "north": { "uv": [ 0.5, 6, 2, 6.5 ], "texture": "#texture", "cullface": "east" },
        "west":  { "uv": [ 9, 10, 9.5, 10.5 ], "texture": "#texture", "cullface": "east" },
        "east":  { "uv": [ 9, 10, 9.5, 10.5 ], "texture": "#texture", "cullface": "east" }
    }
},
{
    "from": [ 5, 1, 16 ],
    "to": [ 8, 7, 16.5 ],
    "faces": {
        "up":    { "uv": [ 4.5, 6.5, 6, 7 ], "texture": "#texture", "cullface": "south" },
        "north": { "uv": [ 6, 6.5, 4.5, 9.5 ], "texture": "#texture", "cullface": "south" },
        "south": { "uv": [ 4.5, 6.5, 6, 9.5 ], "texture": "#texture", "cullface": "south" },
        "west":  { "uv": [ 4.5, 6.5, 5, 9.5 ], "texture": "#texture", "cullface": "south" }
    }
},
{
    "from": [ 8, 1, 16 ],
    "to": [ 11, 7, 16.5 ],
    "faces": {
        "up":    { "uv": [ 4.5, 6.5, 6, 7 ], "texture": "#texture", "cullface": "south" },
        "north": { "uv": [ 4.5, 6.5, 6, 9.5 ], "texture": "#texture", "cullface": "south" },
        "south": { "uv": [ 6, 6.5, 4.5, 9.5 ], "texture": "#texture", "cullface": "south" },
        "east":  { "uv": [ 5.5, 6.5, 6, 9.5 ], "texture": "#texture", "cullface": "south" }
    }
},
{
    "from": [ 0, 11, 13 ],
    "to": [ 8, 12, 14 ],
    "faces": {
        "up":    { "uv": [ 8.5, 9, 9, 9.5 ], "texture": "#texture" },
        "north": { "uv": [ 12, 8.5, 11.5, 9 ], "texture": "#texture" },
        "south": { "uv": [ 12, 8.5, 11.5, 9 ], "texture": "#texture" },
        "west":  { "uv": [ 14, 8.5, 13.5, 9 ], "texture": "#texture", "cullface": "west" }
    }
},
{
    "from": [ 8, 10, 15 ],
    "to": [ 14, 12, 16 ],
    "faces": {
        "up":    { "uv": [ 6, 4, 3, 4.5 ], "texture": "#texture" },
        "north": { "uv": [ 3, 4, 6, 5 ], "texture": "#texture" },
        "south": { "uv": [ 6, 4, 3, 5 ], "texture": "#texture", "cullface": "south" },
        "east":  { "uv": [ 15, 9, 15.5, 9.5 ], "texture": "#texture" }
    }
},
{
    "from": [ 1, 11, 14 ],
    "to": [ 15, 12, 15 ],
    "faces": {
        "down":  { "uv": [ 2.5, 4, 9.5, 4.5 ], "texture": "#texture" },
        "north": { "uv": [ 2.5, 4, 9.5, 4.5 ], "texture": "#texture" },
        "south": { "uv": [ 7.5, 7, 14.5, 7.5 ], "texture": "#texture" },
        "west":  { "uv": [ 12.5, 8.5, 13, 9 ], "texture": "#texture" },
        "east":  { "uv": [ 12.5, 8.5, 13, 9 ], "texture": "#texture" }
    }
},
{
    "from": [ 1, 12, 13 ],
    "to": [ 15, 13, 15 ],
    "faces": {
        "down":  { "uv": [ 2.5, 3.5, 9.5, 4 ], "texture": "#texture" },
        "north": { "uv": [ 8, 7, 15, 7.5 ], "texture": "#texture" },
        "south": { "uv": [ 2.5, 3.5, 9.5, 4 ], "texture": "#texture" },
        "west":  { "uv": [ 12.5, 8, 13.5, 8.5 ], "texture": "#texture" },
        "east":  { "uv": [ 12.5, 8, 13.5, 8.5 ], "texture": "#texture" }
    }
},
{
    "from": [ 3, 12, 15 ],
    "to": [ 13, 13, 16 ],
    "faces": {
        "down":  { "uv": [ 3.5, 3.5, 8.5, 4 ], "texture": "#texture" },
        "up":    { "uv": [ 3.5, 3.5, 8.5, 4 ], "texture": "#texture" },
        "south": { "uv": [ 3.5, 3.5, 8.5, 4 ], "texture": "#texture", "cullface": "south" },
        "west":  { "uv": [ 14.5, 8, 15, 8.5 ], "texture": "#texture" },
        "east":  { "uv": [ 14.5, 8, 15, 8.5 ], "texture": "#texture" }
    }
},
{
    "from": [ 6, 12, 16 ],
    "to": [ 10, 13, 17 ],
    "faces": {
        "down":  { "uv": [ 5, 3.5, 7, 4 ], "texture": "#texture", "cullface": "south" },
        "up":    { "uv": [ 5, 3.5, 7, 4 ], "texture": "#texture", "cullface": "south" },
        "south": { "uv": [ 5, 3.5, 7.5, 4 ], "texture": "#texture", "cullface": "south" },
        "west":  { "uv": [ 15.5, 8.5, 16, 9 ], "texture": "#texture", "cullface": "south" },
        "east":  { "uv": [ 15.5, 8.5, 16, 9 ], "texture": "#texture", "cullface": "south" }
    }
},
{
    "from": [ 7, 10, 16 ],
    "to": [ 9, 12, 17 ],
    "faces": {
        "down":  { "uv": [ 5.5, 4.5, 6.5, 5 ], "texture": "#texture", "cullface": "south" },
        "north": { "uv": [ 5.5, 4, 6.5, 5 ], "texture": "#texture", "cullface": "south" },
        "south": { "uv": [ 5.5, 4, 6.5, 5 ], "texture": "#texture", "cullface": "south" },
        "west":  { "uv": [ 15.5, 8, 16, 9 ], "texture": "#texture", "cullface": "south" },
        "east":  { "uv": [ 15.5, 8, 16, 9 ], "texture": "#texture", "cullface": "south" }
    }
},
{
    "from": [ 1, 13, 12 ],
    "to": [ 15, 14, 15 ],
    "faces": {
        "down":  { "uv": [ 2.5, 3, 9.5, 3.5 ], "texture": "#texture" },
        "up":    { "uv": [ 2.5, 3, 9.5, 3.5 ], "texture": "#texture" },
        "north": { "uv": [ 2.5, 3, 9.5, 3.5 ], "texture": "#texture" },
        "south": { "uv": [ 2.5, 3, 9.5, 3.5 ], "texture": "#texture" },
        "west":  { "uv": [ 13, 7, 14.5, 7.5 ], "texture": "#texture" },
        "east":  { "uv": [ 13, 7, 14.5, 7.5 ], "texture": "#texture" }
    }
},
{
    "from": [ 4, 13, 15 ],
    "to": [ 12, 14, 16 ],
    "faces": {
        "up":    { "uv": [ 4, 3, 8, 3.5 ], "texture": "#texture" },
        "south": { "uv": [ 4, 3, 8, 3.5 ], "texture": "#texture", "cullface": "south" },
        "west":  { "uv": [ 7.5, 3, 8, 3.5 ], "texture": "#texture" },
        "east":  { "uv": [ 7.5, 3, 8, 3.5 ], "texture": "#texture" }
    }
},
{
    "from": [ 1, 14, 11 ],
    "to": [ 15, 15, 12 ],
    "faces": {
        "down":  { "uv": [ 4.5, 3, 5, 3.5 ], "texture": "#texture" },
        "up":    { "uv": [ 4.5, 3, 5, 3.5 ], "texture": "#texture" },
        "north": { "uv": [ 5, 2, 5.5, 2.5 ], "texture": "#texture" },
        "south": { "uv": [ 5, 2, 5.5, 2.5 ], "texture": "#texture" },
        "west":  { "uv": [ 3, 1, 3.5, 1.5 ], "texture": "#texture" },
        "east":  { "uv": [ 3, 1, 3.5, 1.5 ], "texture": "#texture" }
    }
},
{
    "from": [ 2, 14, 12 ],
    "to": [ 14, 15, 14 ],
    "faces": {
        "up":    { "uv": [ 4.5, 3, 5, 3.5 ], "texture": "#texture" },
        "south": { "uv": [ 5, 2, 5.5, 2.5 ], "texture": "#texture" },
        "west":  { "uv": [ 8.5, 6.5, 9.5, 7 ], "texture": "#texture" },
        "east":  { "uv": [ 8.5, 6.5, 9.5, 7 ], "texture": "#texture" }
    }
},
{
    "from": [ 3, 14, 14 ],
    "to": [ 13, 15, 15 ],
    "faces": {
        "up":    { "uv": [ 4.5, 3, 5, 3.5 ], "texture": "#texture" },
        "south": { "uv": [ 3.5, 2.5, 8.5, 3 ], "texture": "#texture" },
        "west":  { "uv": [ 3, 1, 3.5, 1.5 ], "texture": "#texture" },
        "east":  { "uv": [ 3, 1, 3.5, 1.5 ], "texture": "#texture" }
    }
},
{
    "from": [ 5, 14, 15 ],
    "to": [ 11, 15, 16 ],
    "faces": {
        "up":    { "uv": [ 4.5, 3, 5, 3.5 ], "texture": "#texture" },
        "south": { "uv": [ 4.5, 2.5, 7.5, 3 ], "texture": "#texture", "cullface": "south" },
        "west":  { "uv": [ 3, 1, 3.5, 1.5 ], "texture": "#texture" },
        "east":  { "uv": [ 3, 1, 3.5, 1.5 ], "texture": "#texture" }
    }
},
{
    "from": [ 2, 15, 11 ],
    "to": [ 14, 16, 13 ],
    "faces": {
        "down":  { "uv": [ 4.5, 3, 5, 3.5 ], "texture": "#texture" },
        "up":    { "uv": [ 4.5, 3, 5, 3.5 ], "texture": "#texture", "cullface": "up" },
        "north": { "uv": [ 5, 2, 5.5, 2.5 ], "texture": "#texture" },
        "south": { "uv": [ 3, 2, 9, 2.5 ], "texture": "#texture" },
        "west":  { "uv": [ 8.5, 7.5, 9.5, 8 ], "texture": "#texture" },
        "east":  { "uv": [ 8.5, 7.5, 9.5, 8 ], "texture": "#texture" }
    }
},
{
    "from": [ 3, 15, 13 ],
    "to": [ 13, 16, 14 ],
    "faces": {
        "up":    { "uv": [ 4.5, 3, 5, 3.5 ], "texture": "#texture", "cullface": "up" },
        "south": { "uv": [ 5, 2, 5.5, 2.5 ], "texture": "#texture" },
        "west":  { "uv": [ 3, 1, 3.5, 1.5 ], "texture": "#texture" },
        "east":  { "uv": [ 3, 1, 3.5, 1.5 ], "texture": "#texture" }
    }
},
{
    "from": [ 5, 15, 14 ],
    "to": [ 11, 16, 15 ],
    "faces": {
        "up":    { "uv": [ 4.5, 3, 5, 3.5 ], "texture": "#texture", "cullface": "up" },
        "south": { "uv": [ 4.5, 2, 7.5, 2.5 ], "texture": "#texture" },
        "west":  { "uv": [ 3, 1, 3.5, 1.5 ], "texture": "#texture" },
        "east":  { "uv": [ 3, 1, 3.5, 1.5 ], "texture": "#texture" }
    }
},
{
    "from": [ 1, 15, 9 ],
    "to": [ 2, 16, 11 ],
    "faces": {
        "down":  { "uv": [ 3, 1, 3.5, 1.5 ], "texture": "#texture" },
        "up":    { "uv": [ 3, 1, 3.5, 1.5 ], "texture": "#texture", "cullface": "up" },
        "north": { "uv": [ 3, 1, 3.5, 1.5 ], "texture": "#texture" },
        "south": { "uv": [ 3, 1, 3.5, 1.5 ], "texture": "#texture" },
        "west":  { "uv": [ 3, 1, 3.5, 1.5 ], "texture": "#texture" },
        "east":  { "uv": [ 3, 1, 3.5, 1.5 ], "texture": "#texture" }
    }
},
{
    "from": [ 14, 15, 9 ],
    "to": [ 15, 16, 11 ],
    "faces": {
        "down":  { "uv": [ 3, 1, 3.5, 1.5 ], "texture": "#texture" },
        "north": { "uv": [ 3, 1, 3.5, 1.5 ], "texture": "#texture" },
        "south": { "uv": [ 3, 1, 3.5, 1.5 ], "texture": "#texture" },
        "west":  { "uv": [ 3, 1, 3.5, 1.5 ], "texture": "#texture" },
        "east":  { "uv": [ 3, 1, 3.5, 1.5 ], "texture": "#texture" }
    }
},
{
    "from": [ 6, 16, 8 ],
    "to": [ 12, 17, 14 ],
    "faces": {
        "down":  { "uv": [ 5, 1.5, 8, 2 ], "texture": "#texture", "cullface": "up" },
        "up":    { "uv": [ 5, 1.5, 8, 2 ], "texture": "#texture", "cullface": "up" },
        "north": { "uv": [ 8, 1.5, 5, 2 ], "texture": "#texture", "cullface": "up" },
        "south": { "uv": [ 5, 1.5, 8, 2 ], "texture": "#texture", "cullface": "up" },
        "west":  { "uv": [ 5, 1.5, 5.5, 2 ], "texture": "#texture", "cullface": "up" },
        "east":  { "uv": [ 7.5, 1.5, 8, 2 ], "texture": "#texture", "cullface": "up" }
    }
},
{
    "from": [ 7, 17, 8 ],
    "to": [ 11, 18, 11 ],
    "faces": {
        "up":    { "uv": [ 5.5, 1, 7.5, 1.5 ], "texture": "#texture", "cullface": "up" },
        "north": { "uv": [ 7.5, 1, 5.5, 1.5 ], "texture": "#texture", "cullface": "up" },
        "south": { "uv": [ 5.5, 1, 7.5, 1.5 ], "texture": "#texture", "cullface": "up" },
        "west":  { "uv": [ 5.5, 1, 6, 1.5 ], "texture": "#texture", "cullface": "up" },
        "east":  { "uv": [ 7, 1, 7.5, 1.5 ], "texture": "#texture", "cullface": "up" }
    }
},
{
    "from": [ 7, 18, 7 ],
    "to": [ 10, 19, 9 ],
    "faces": {
        "down":  { "uv": [ 5.5, 0.5, 7, 1 ], "texture": "#texture", "cullface": "up" },
        "up":    { "uv": [ 5.5, 0.5, 7, 1 ], "texture": "#texture", "cullface": "up" },
        "north": { "uv": [ 7, 0.5, 5.5, 1 ], "texture": "#texture", "cullface": "up" },
        "south": { "uv": [ 5.5, 0.5, 7, 1 ], "texture": "#texture", "cullface": "up" },
        "west":  { "uv": [ 5.5, 0.5, 6, 1 ], "texture": "#texture", "cullface": "up" },
        "east":  { "uv": [ 6.5, 0.5, 7, 1 ], "texture": "#texture", "cullface": "up" }
    }
},
{
    "from": [ 8, 19, 6 ],
    "to": [ 9, 20, 8 ],
    "faces": {
        "down":  { "uv": [ 6, 0, 6.5, 0.5 ], "texture": "#texture", "cullface": "up" },
        "up":    { "uv": [ 6, 0, 6.5, 0.5 ], "texture": "#texture", "cullface": "up" },
        "north": { "uv": [ 6, 0, 6.5, 0.5 ], "texture": "#texture", "cullface": "up" },
        "south": { "uv": [ 6, 0, 6.5, 0.5 ], "texture": "#texture", "cullface": "up" },
        "west":  { "uv": [ 6, 0, 6.5, 0.5 ], "texture": "#texture", "cullface": "up" },
        "east":  { "uv": [ 6, 0, 6.5, 0.5 ], "texture": "#texture", "cullface": "up" }
    }
},
{
    "from": [ 12, 16, 9 ],
    "to": [ 15, 17, 11 ],
    "faces": {
        "down":  { "uv": [ 8, 1.5, 9.5, 2 ], "texture": "#texture", "cullface": "up" },
        "up":    { "uv": [ 8, 1.5, 9.5, 2 ], "texture": "#texture", "cullface": "up" },
        "north": { "uv": [ 8, 1.5, 9.5, 2 ], "texture": "#texture", "cullface": "up" },
        "south": { "uv": [ 8, 1.5, 9.5, 2 ], "texture": "#texture", "cullface": "up" },
        "east":  { "uv": [ 9, 1.5, 9.5, 2 ], "texture": "#texture", "cullface": "up" }
    }
},
{
    "from": [ 12, 17, 8 ],
    "to": [ 14, 18, 11 ],
    "faces": {
        "down":  { "uv": [ 8, 0.5, 8.5, 1 ], "texture": "#texture", "cullface": "up" },
        "up":    { "uv": [ 8, 0.5, 8.5, 1 ], "texture": "#texture", "cullface": "up" },
        "north": { "uv": [ 9, 1, 8, 1.5 ], "texture": "#texture", "cullface": "up" },
        "south": { "uv": [ 8, 1, 9, 1.5 ], "texture": "#texture", "cullface": "up" },
        "west":  { "uv": [ 8, 0.5, 8.5, 1 ], "texture": "#texture", "cullface": "up" },
        "east":  { "uv": [ 8, 0.5, 8.5, 1 ], "texture": "#texture", "cullface": "up" }
    }
},
{
    "from": [ 12, 18, 7 ],
    "to": [ 13, 19, 9 ],
    "faces": {
        "down":  { "uv": [ 8, 0.5, 8.5, 1 ], "texture": "#texture", "cullface": "up" },
        "up":    { "uv": [ 8, 0.5, 8.5, 1 ], "texture": "#texture", "cullface": "up" },
        "north": { "uv": [ 8, 0.5, 8.5, 1 ], "texture": "#texture", "cullface": "up" },
        "south": { "uv": [ 8, 0.5, 8.5, 1 ], "texture": "#texture", "cullface": "up" },
        "west":  { "uv": [ 8, 0.5, 8.5, 1 ], "texture": "#texture", "cullface": "up" },
        "east":  { "uv": [ 8, 0.5, 8.5, 1 ], "texture": "#texture", "cullface": "up" }
    }
},
{
    "from": [ 1, 16, 8.9375 ],
    "to": [ 6, 17, 10.9375 ],
    "faces": {
        "down":  { "uv": [ 2.5, 1.5, 5, 2 ], "texture": "#texture", "cullface": "up" },
        "up":    { "uv": [ 2.5, 1.5, 5, 2 ], "texture": "#texture", "cullface": "up" },
        "north": { "uv": [ 5, 1.5, 2.5, 2 ], "texture": "#texture", "cullface": "up" },
        "south": { "uv": [ 2.5, 1.5, 5, 2 ], "texture": "#texture", "cullface": "up" },
        "west":  { "uv": [ 2.5, 1.5, 3, 2 ], "texture": "#texture", "cullface": "up" }
    }
},
{
    "from": [ 2, 17, 9 ],
    "to": [ 6, 18, 12 ],
    "faces": {
        "down":  { "uv": [ 3, 1, 5, 1.5 ], "texture": "#texture", "cullface": "up" },
        "up":    { "uv": [ 3, 1, 5, 1.5 ], "texture": "#texture", "cullface": "up" },
        "north": { "uv": [ 5, 1, 3, 1.5 ], "texture": "#texture", "cullface": "up" },
        "south": { "uv": [ 3, 1, 5, 1.5 ], "texture": "#texture", "cullface": "up" },
        "west":  { "uv": [ 3, 1, 3.5, 1.5 ], "texture": "#texture", "cullface": "up" },
        "east":  { "uv": [ 4.5, 1, 5, 1.5 ], "texture": "#texture", "cullface": "up" }
    }
},
{
    "from": [ 3, 18, 8 ],
    "to": [ 5, 19, 10 ],
    "faces": {
        "down":  { "uv": [ 3.5, 0.5, 4.5, 1 ], "texture": "#texture", "cullface": "up" },
        "up":    { "uv": [ 3.5, 0.5, 4.5, 1 ], "texture": "#texture", "cullface": "up" },
        "north": { "uv": [ 4.5, 0.5, 3.5, 1 ], "texture": "#texture", "cullface": "up" },
        "south": { "uv": [ 3.5, 0.5, 4.5, 1 ], "texture": "#texture", "cullface": "up" },
        "west":  { "uv": [ 3.5, 0.5, 4, 1 ], "texture": "#texture", "cullface": "up" },
        "east":  { "uv": [ 3.5, 0.5, 4, 1 ], "texture": "#texture", "cullface": "up" }
    }
},
{
    "from": [ 12, 16, 8 ],
    "to": [ 13.5, 17, 9 ],
    "faces": {
        "down":  { "uv": [ 8, 1.5, 9, 2 ], "texture": "#texture", "cullface": "up" },
        "north": { "uv": [ 8, 1.5, 9, 2 ], "texture": "#texture", "cullface": "up" },
        "east":  { "uv": [ 9, 1.5, 9.5, 2 ], "texture": "#texture", "cullface": "up" }
    }
},
{
    "from": [ 12, 16, 11 ],
    "to": [ 13.5, 17, 12 ],
    "faces": {
        "up":    { "uv": [ 8, 1.5, 9, 2 ], "texture": "#texture", "cullface": "up" },
        "south": { "uv": [ 8, 1.5, 9, 2 ], "texture": "#texture", "cullface": "up" },
        "east":  { "uv": [ 9, 1.5, 9.5, 2 ], "texture": "#texture", "cullface": "up" }
    }
},
{
    "from": [ 3, 16, 9 ],
    "to": [ 6, 17, 10 ],
    "faces": {
        "down":  { "uv": [ 3, 1.5, 5, 2 ], "texture": "#texture", "cullface": "up" },
        "north": { "uv": [ 3, 1.5, 5, 2 ], "texture": "#texture", "cullface": "up" },
        "south": { "uv": [ 3, 1.5, 5, 2 ], "texture": "#texture", "cullface": "up" },
        "west":  { "uv": [ 8, 1.5, 8.5, 2 ], "texture": "#texture", "cullface": "up" }
    }
},
{
    "from": [ 3, 16, 11 ],
    "to": [ 6, 17, 12 ],
    "faces": {
        "north": { "uv": [ 3, 1.5, 5, 2 ], "texture": "#texture", "cullface": "up" },
        "south": { "uv": [ 3, 1.5, 5, 2 ], "texture": "#texture", "cullface": "up" },
        "west":  { "uv": [ 8, 1.5, 8.5, 2 ], "texture": "#texture", "cullface": "up" }
    }
},
{
    "from": [ 8, 11, 13 ],
    "to": [ 16, 12, 14 ],
    "faces": {
        "up":    { "uv": [ 8.5, 9, 9, 9.5 ], "texture": "#texture" },
        "north": { "uv": [ 12, 8.5, 11.5, 9 ], "texture": "#texture" },
        "south": { "uv": [ 12, 8.5, 11.5, 9 ], "texture": "#texture" },
        "east":  { "uv": [ 13, 8.5, 12.5, 9 ], "texture": "#texture", "cullface": "east" }
    }
},
{
    "from": [ 8, 10, 13 ],
    "to": [ 16, 11, 14 ],
    "faces": {
        "north": { "uv": [ 2.5, 4.5, 2, 5 ], "texture": "#texture" },
        "south": { "uv": [ 2.5, 4.5, 2, 5 ], "texture": "#texture" },
        "east":  { "uv": [ 14.5, 9, 14, 9.5 ], "texture": "#texture", "cullface": "east" }
    }
},
{
    "from": [ 8, 8, 13 ],
    "to": [ 16, 10, 14 ],
    "faces": {
        "north": { "uv": [ 7.5, 9, 8, 10 ], "texture": "#texture" },
        "south": { "uv": [ 6, 5.5, 2, 6.5 ], "texture": "#texture" },
        "east":  { "uv": [ 14.5, 9.5, 14, 10.5 ], "texture": "#texture", "cullface": "east" }
    }
},
{
    "from": [ 0, 7, 13 ],
    "to": [ 8, 8, 14 ],
    "faces": {
        "north": { "uv": [ 7, 10.5, 7.5, 11 ], "texture": "#texture" },
        "south": { "uv": [ 2, 6, 6, 6.5 ], "texture": "#texture" },
        "west":  { "uv": [ 15, 10.5, 14.5, 11 ], "texture": "#texture", "cullface": "west" }
    }
},
{
    "from": [ 0, 6, 13 ],
    "to": [ 8, 7, 14 ],
    "faces": {
        "north": { "uv": [ 2, 6.5, 6, 7 ], "texture": "#texture" },
        "south": { "uv": [ 7, 11, 7.5, 11.5 ], "texture": "#texture" },
        "west":  { "uv": [ 15, 11, 14.5, 11.5 ], "texture": "#texture", "cullface": "west" }
    }
},
{
    "from": [ 0, 5, 13 ],
    "to": [ 8, 6, 14 ],
    "faces": {
        "north": { "uv": [ 7, 11, 7.5, 11.5 ], "texture": "#texture" },
        "south": { "uv": [ 2, 7, 6, 7.5 ], "texture": "#texture" },
        "west":  { "uv": [ 15, 11, 14.5, 11.5 ], "texture": "#texture", "cullface": "west" }
    }
},
{
    "from": [ 8, 7, 13 ],
    "to": [ 16, 8, 14 ],
    "faces": {
        "north": { "uv": [ 7, 10.5, 7.5, 11 ], "texture": "#texture" },
        "south": { "uv": [ 6, 6, 2, 6.5 ], "texture": "#texture" },
        "east":  { "uv": [ 15, 10.5, 14.5, 11 ], "texture": "#texture", "cullface": "east" }
    }
},
{
    "from": [ 8, 5, 13 ],
    "to": [ 16, 6, 14 ],
    "faces": {
        "north": { "uv": [ 7, 11, 7.5, 11.5 ], "texture": "#texture" },
        "south": { "uv": [ 2, 7, 6, 7.5 ], "texture": "#texture" },
        "east":  { "uv": [ 15, 11, 14.5, 11.5 ], "texture": "#texture", "cullface": "east" }
    }
},
{
    "from": [ 8, 6, 13 ],
    "to": [ 16, 7, 14 ],
    "faces": {
        "north": { "uv": [ 6, 6.5, 2, 7 ], "texture": "#texture" },
        "south": { "uv": [ 7, 11, 7.5, 11.5 ], "texture": "#texture" },
        "east":  { "uv": [ 15, 11, 14.5, 11.5 ], "texture": "#texture", "cullface": "east" }
    }
},
{
    "from": [ 8, 4, 13 ],
    "to": [ 16, 5, 14 ],
    "faces": {
        "north": { "uv": [ 7, 11.5, 7.5, 12 ], "texture": "#texture" },
        "south": { "uv": [ 6, 7.5, 2, 8 ], "texture": "#texture" },
        "east":  { "uv": [ 14.5, 12, 14, 12.5 ], "texture": "#texture", "cullface": "east" }
    }
},
{
    "from": [ 8, 3, 13 ],
    "to": [ 16, 4, 14 ],
    "faces": {
        "down":  { "uv": [ 2, 8, 6, 8.5 ], "texture": "#texture" },
        "north": { "uv": [ 7, 12, 7.5, 12.5 ], "texture": "#texture" },
        "south": { "uv": [ 6, 8, 2, 8.5 ], "texture": "#texture" },
        "east":  { "uv": [ 14.5, 12, 14, 12.5 ], "texture": "#texture", "cullface": "east" }
    }
},
{
    "from": [ 8, 0, 13 ],
    "to": [ 15, 1, 14 ],
    "faces": {
        "down":  { "uv": [ 2.5, 9.5, 6, 10 ], "texture": "#texture", "cullface": "down" },
        "north": { "uv": [ 2.5, 9.5, 6, 10 ], "texture": "#texture" },
        "south": { "uv": [ 6, 9.5, 2.5, 10 ], "texture": "#texture" },
        "east":  { "uv": [ 14.5, 14, 13.5, 14.5 ], "texture": "#texture" }
    }
},
{
    "from": [ 0, 9, 0 ],
    "to": [ 1, 12, 13 ],
    "faces": {
        "down":  { "uv": [ 0, 14.5, 8, 15 ], "texture": "#texture" },
        "up":    { "uv": [ 0, 14.5, 8, 15 ], "texture": "#texture" },
        "north": { "uv": [ 0, 14.5, 0.5, 16 ], "texture": "#texture", "cullface": "north" },
        "south": { "uv": [ 7.5, 14.5, 8, 16 ], "texture": "#texture" },
        "west":  { "uv": [ 0, 14.5, 6.5, 16 ], "texture": "#texture", "cullface": "west" },
        "east":  { "uv": [ 0, 14.5, 6.5, 16 ], "texture": "#texture" }
    }
},
{
    "from": [ 15, 9, 0 ],
    "to": [ 16, 12, 13 ],
    "faces": {
        "down":  { "uv": [ 0, 14.5, 8, 15 ], "texture": "#texture" },
        "up":    { "uv": [ 0, 14.5, 8, 15 ], "texture": "#texture" },
        "north": { "uv": [ 0, 14.5, 0.5, 16 ], "texture": "#texture", "cullface": "north" },
        "south": { "uv": [ 7.5, 14.5, 8, 16 ], "texture": "#texture" },
        "west":  { "uv": [ 0, 14.5, 6.5, 16 ], "texture": "#texture" },
        "east":  { "uv": [ 0, 14.5, 6.5, 16 ], "texture": "#texture", "cullface": "east" }
    }
},
{
    "from": [ 1, 9.5, 0 ],
    "to": [ 15, 11.5, 1 ],
    "faces": {
        "down":  { "uv": [ 0, 14.5, 5.5, 15 ], "texture": "#texture" },
        "up":    { "uv": [ 0, 14.5, 5.5, 15 ], "rotation": 90, "texture": "#texture" },
        "north": { "uv": [ 0, 15, 0.5, 16 ], "texture": "#texture", "cullface": "north" },
        "south": { "uv": [ 0, 15, 0.5, 16 ], "texture": "#texture" }
    }
},
{
    "from": [ 1, 3.5, 0 ],
    "to": [ 15, 5.5, 1 ],
    "faces": {
        "down":  { "uv": [ 0, 14.5, 5.5, 15 ], "texture": "#texture" },
        "up":    { "uv": [ 0, 14.5, 5.5, 15 ], "rotation": 90, "texture": "#texture" },
        "north": { "uv": [ 0, 15, 0.5, 16 ], "texture": "#texture", "cullface": "north" },
        "south": { "uv": [ 0, 15, 0.5, 16 ], "texture": "#texture" }
    }
},
{
    "from": [ 0, 3, 0 ],
    "to": [ 1, 6, 13 ],
    "faces": {
        "down":  { "uv": [ 0, 14.5, 8, 15 ], "texture": "#texture" },
        "up":    { "uv": [ 0, 14.5, 8, 15 ], "texture": "#texture" },
        "north": { "uv": [ 0, 14.5, 0.5, 16 ], "texture": "#texture", "cullface": "north" },
        "south": { "uv": [ 7.5, 14.5, 8, 16 ], "texture": "#texture" },
        "west":  { "uv": [ 0, 14.5, 6.5, 16 ], "texture": "#texture", "cullface": "west" },
        "east":  { "uv": [ 0, 14.5, 6.5, 16 ], "texture": "#texture" }
    }
},
{
    "from": [ 15, 3, 0 ],
    "to": [ 16, 6, 13 ],
    "faces": {
        "down":  { "uv": [ 0, 14.5, 8, 15 ], "texture": "#texture" },
        "up":    { "uv": [ 0, 14.5, 8, 15 ], "texture": "#texture" },
        "north": { "uv": [ 0, 14.5, 0.5, 16 ], "texture": "#texture", "cullface": "north" },
        "south": { "uv": [ 7.5, 14.5, 8, 16 ], "texture": "#texture" },
        "west":  { "uv": [ 0, 14.5, 6.5, 16 ], "texture": "#texture" },
        "east":  { "uv": [ 0, 14.5, 6.5, 16 ], "texture": "#texture", "cullface": "east" }
    }
}
],
"display": {
    "head": {
        "rotation": [ 0, 180, 0 ],
        "translation": [ 0, 0.8, -0.5 ],
        "scale": [ 1.1, 1.1, 1.1 ]
    },
    "gui": {
        "rotation": [ -30, 135, 0 ],
        "translation": [ 0, -0.4, 0 ],
        "scale": [ 0.8, 0.8, 0.8 ]
    }
}
}
