{
    "__comment": "Model generated using MrCrayfish's Model Creator (http://mrcrayfish.com/modelcreator/)",
    "textures": {
        "0": "items/ice_sword"
    },
    "elements": [
        {
            "name": "Cube",
            "from": [ 7.000000014901161, 0.7999999970197678, 7.499999992549419 ], 
            "to": [ 9.000000014901161, 1.3000000044703484, 8.49999999254942 ], 
            "faces": {
                "north": { "texture": "#0", "uv": [ 9.0, 9.0, 11.0, 9.50000000745058 ] },
                "east": { "texture": "#0", "uv": [ 8.0, 10.0, 9.0, 10.50000000745058 ] },
                "south": { "texture": "#0", "uv": [ 9.0, 9.0, 11.0, 9.50000000745058 ] },
                "west": { "texture": "#0", "uv": [ 9.0, 8.0, 10.0, 8.50000000745058 ] },
                "up": { "texture": "#0", "uv": [ 8.0, 8.0, 10.0, 9.0 ] },
                "down": { "texture": "#0", "uv": [ 8.0, 9.0, 10.0, 10.0 ] }
            }
        },
        {
            "name": "Cube",
            "from": [ 6.500000022351742, 0.30000000447034836, 7.499999992549419 ], 
            "to": [ 7.500000022351742, 0.800000011920929, 8.49999999254942 ], 
            "faces": {
                "north": { "texture": "#0", "uv": [ 9.0, 9.0, 10.0, 9.50000000745058 ] },
                "east": { "texture": "#0", "uv": [ 8.0, 10.0, 9.0, 10.50000000745058 ] },
                "south": { "texture": "#0", "uv": [ 9.0, 9.0, 10.0, 9.50000000745058 ] },
                "west": { "texture": "#0", "uv": [ 9.0, 8.0, 10.0, 8.50000000745058 ] },
                "up": { "texture": "#0", "uv": [ 8.0, 8.0, 9.0, 9.0 ] },
                "down": { "texture": "#0", "uv": [ 8.0, 9.0, 9.0, 10.0 ] }
            }
        },
        {
            "name": "Cube",
            "from": [ 6.000000029802322, -0.20000000298023224, 7.499999992549419 ], 
            "to": [ 7.000000029802322, 0.30000000447034836, 8.49999999254942 ], 
            "faces": {
                "north": { "texture": "#0", "uv": [ 9.0, 9.0, 10.0, 9.50000000745058 ] },
                "east": { "texture": "#0", "uv": [ 8.0, 10.0, 9.0, 10.50000000745058 ] },
                "south": { "texture": "#0", "uv": [ 9.0, 9.0, 10.0, 9.50000000745058 ] },
                "west": { "texture": "#0", "uv": [ 9.0, 8.0, 10.0, 8.50000000745058 ] },
                "up": { "texture": "#0", "uv": [ 8.0, 8.0, 9.0, 9.0 ] },
                "down": { "texture": "#0", "uv": [ 8.0, 9.0, 9.0, 10.0 ] }
            }
        },
        {
            "name": "Cube",
            "from": [ 8.500000022351742, 0.30000000447034836, 7.499999992549419 ], 
            "to": [ 9.500000022351742, 0.800000011920929, 8.49999999254942 ], 
            "faces": {
                "north": { "texture": "#0", "uv": [ 9.0, 9.0, 10.0, 9.50000000745058 ] },
                "east": { "texture": "#0", "uv": [ 8.0, 10.0, 9.0, 10.50000000745058 ] },
                "south": { "texture": "#0", "uv": [ 9.0, 9.0, 10.0, 9.50000000745058 ] },
                "west": { "texture": "#0", "uv": [ 9.0, 8.0, 10.0, 8.50000000745058 ] },
                "up": { "texture": "#0", "uv": [ 8.0, 8.0, 9.0, 9.0 ] },
                "down": { "texture": "#0", "uv": [ 8.0, 9.0, 9.0, 10.0 ] }
            }
        },
        {
            "name": "Cube",
            "from": [ 9.000000029802322, -0.20000000298023224, 7.499999992549419 ], 
            "to": [ 10.000000029802322, 0.30000000447034836, 8.49999999254942 ], 
            "faces": {
                "north": { "texture": "#0", "uv": [ 9.0, 9.0, 10.0, 9.50000000745058 ] },
                "east": { "texture": "#0", "uv": [ 8.0, 10.0, 9.0, 10.50000000745058 ] },
                "south": { "texture": "#0", "uv": [ 9.0, 9.0, 10.0, 9.50000000745058 ] },
                "west": { "texture": "#0", "uv": [ 9.0, 8.0, 10.0, 8.50000000745058 ] },
                "up": { "texture": "#0", "uv": [ 8.0, 8.0, 9.0, 9.0 ] },
                "down": { "texture": "#0", "uv": [ 8.0, 9.0, 9.0, 10.0 ] }
            }
        },
        {
            "name": "Cube",
            "from": [ 7.600000023841858, 1.3000000044703484, 7.5999999940395355 ], 
            "to": [ 8.400000020861626, 1.5000000223517418, 8.399999991059303 ], 
            "faces": {
                "north": { "texture": "#0", "uv": [ 3.0, 13.0, 3.7999999970197678, 13.200000017881393 ] },
                "east": { "texture": "#0", "uv": [ 2.0, 14.0, 2.7999999970197678, 14.200000017881393 ] },
                "south": { "texture": "#0", "uv": [ 1.0, 14.0, 1.7999999970197678, 14.200000017881393 ] },
                "west": { "texture": "#0", "uv": [ 1.0, 14.0, 1.7999999970197678, 14.200000017881393 ] },
                "up": { "texture": "#0", "uv": [ 2.0, 14.0, 2.7999999970197678, 14.799999997019768 ] },
                "down": { "texture": "#0", "uv": [ 3.0, 14.0, 3.7999999970197678, 14.799999997019768 ] }
            }
        },
        {
            "name": "Cube",
            "from": [ 7.500000022351742, 1.4999999925494194, 7.499999992549419 ], 
            "to": [ 8.500000022351742, 1.900000013411045, 8.49999999254942 ], 
            "faces": {
                "north": { "texture": "#0", "uv": [ 3.0, 13.0, 4.0, 13.400000020861626 ] },
                "east": { "texture": "#0", "uv": [ 2.0, 14.0, 3.0, 14.400000020861626 ] },
                "south": { "texture": "#0", "uv": [ 1.0, 14.0, 2.0, 14.400000020861626 ] },
                "west": { "texture": "#0", "uv": [ 1.0, 14.0, 2.0, 14.400000020861626 ] },
                "up": { "texture": "#0", "uv": [ 2.0, 14.0, 3.0, 15.0 ] },
                "down": { "texture": "#0", "uv": [ 3.0, 14.0, 4.0, 15.0 ] }
            }
        },
        {
            "name": "Cube",
            "from": [ 7.500000022351742, 1.8999999985098839, 7.499999992549419 ], 
            "to": [ 8.500000022351742, 2.3000000193715096, 8.49999999254942 ], 
            "faces": {
                "north": { "texture": "#0", "uv": [ 4.0, 13.0, 7.0, 13.400000020861626 ], "rotation": 180 },
                "east": { "texture": "#0", "uv": [ 6.0, 14.0, 7.0, 14.400000020861626 ] },
                "south": { "texture": "#0", "uv": [ 4.0, 14.0, 7.0, 14.400000020861626 ] },
                "west": { "texture": "#0", "uv": [ 2.0, 14.0, 4.0, 14.400000020861626 ] },
                "up": { "texture": "#0", "uv": [ 5.599999999999998, 14.0, 6.200000000000003, 15.0 ] },
                "down": { "texture": "#0", "uv": [ 3.0, 14.0, 4.0, 15.0 ] }
            }
        },
        {
            "name": "Cube",
            "from": [ 7.600000023841858, 2.3000000044703484, 7.5999999940395355 ], 
            "to": [ 8.400000020861626, 2.500000022351742, 8.399999991059303 ], 
            "faces": {
                "north": { "texture": "#0", "uv": [ 4.0, 13.0, 6.799999997019768, 13.200000017881393 ], "rotation": 180 },
                "east": { "texture": "#0", "uv": [ 8.0, 14.0, 8.799999997019768, 14.200000017881393 ] },
                "south": { "texture": "#0", "uv": [ 4.0, 14.0, 6.799999997019768, 14.200000017881393 ] },
                "west": { "texture": "#0", "uv": [ 1.0, 14.0, 1.7999999970197678, 14.200000017881393 ] },
                "up": { "texture": "#0", "uv": [ 2.0, 14.0, 2.7999999970197678, 14.799999997019768 ] },
                "down": { "texture": "#0", "uv": [ 3.0, 14.0, 3.7999999970197678, 14.799999997019768 ] }
            }
        },
        {
            "name": "Cube",
            "from": [ 7.5, 2.4999999925494194, 7.5999999940395355 ], 
            "to": [ 8.5, 4.200000002980232, 8.399999991059303 ], 
            "faces": {
                "north": { "texture": "#0", "uv": [ 9.0, 9.0, 10.0, 10.50000000745058 ] },
                "east": { "texture": "#0", "uv": [ 8.0, 10.0, 8.799999997019768, 11.50000000745058 ] },
                "south": { "texture": "#0", "uv": [ 9.0, 9.0, 10.0, 10.50000000745058 ] },
                "west": { "texture": "#0", "uv": [ 9.0, 8.0, 9.799999997019768, 9.50000000745058 ] },
                "up": { "texture": "#0", "uv": [ 8.0, 8.0, 9.0, 8.799999997019768 ] },
                "down": { "texture": "#0", "uv": [ 8.0, 9.0, 9.0, 9.799999997019768 ] }
            }
        },
        {
            "name": "Cube",
            "from": [ 7.400000020861626, 4.200000002980232, 7.399999991059303 ], 
            "to": [ 8.600000023841858, 4.3000000193715096, 8.599999994039536 ], 
            "faces": {
                "north": { "texture": "#0", "uv": [ 4.0, 13.0, 4.0, 13.400000020861626 ] },
                "east": { "texture": "#0", "uv": [ 3.0, 14.0, 4.0, 14.400000020861626 ] },
                "south": { "texture": "#0", "uv": [ 4.0, 14.0, 3.0, 14.400000020861626 ] },
                "west": { "texture": "#0", "uv": [ 4.0, 14.0, 5.0, 14.400000020861626 ] },
                "up": { "texture": "#0", "uv": [ 5.599999999999998, 14.0, 5.200000000000003, 15.0 ] },
                "down": { "texture": "#0", "uv": [ 3.0, 14.0, 4.0, 15.0 ] }
            }
        },
        {
            "name": "Cube",
            "from": [ 7.3000000193715096, 4.300000004470348, 7.299999989569187 ], 
            "to": [ 8.700000025331974, 4.400000002980232, 8.699999995529652 ], 
            "faces": {
                "north": { "texture": "#0", "uv": [ 4.0, 13.0, 4.0, 13.400000020861626 ] },
                "east": { "texture": "#0", "uv": [ 3.0, 14.0, 4.0, 14.400000020861626 ] },
                "south": { "texture": "#0", "uv": [ 4.0, 14.0, 3.0, 14.400000020861626 ] },
                "west": { "texture": "#0", "uv": [ 4.0, 14.0, 5.0, 14.400000020861626 ] },
                "up": { "texture": "#0", "uv": [ 5.599999999999998, 14.0, 5.200000000000003, 15.0 ] },
                "down": { "texture": "#0", "uv": [ 3.0, 14.0, 4.0, 15.0 ] }
            }
        },
        {
            "name": "Cube",
            "from": [ 7.200000017881393, 4.4000000059604645, 7.199999988079071 ], 
            "to": [ 8.80000002682209, 4.600000023841858, 8.799999997019768 ], 
            "faces": {
                "north": { "texture": "#0", "uv": [ 4.0, 13.0, 4.0, 13.400000020861626 ] },
                "east": { "texture": "#0", "uv": [ 3.0, 14.0, 4.0, 14.400000020861626 ] },
                "south": { "texture": "#0", "uv": [ 4.0, 14.0, 3.0, 14.400000020861626 ] },
                "west": { "texture": "#0", "uv": [ 4.0, 14.0, 5.0, 14.400000020861626 ] },
                "up": { "texture": "#0", "uv": [ 5.599999999999998, 14.0, 5.200000000000003, 15.0 ] },
                "down": { "texture": "#0", "uv": [ 3.0, 14.0, 4.0, 15.0 ] }
            }
        },
        {
            "name": "Cube",
            "from": [ 7.100000016391277, 4.600000008940697, 6.9999999985098835 ], 
            "to": [ 8.000000029802322, 5.400000035762787, 9.000000013411045 ], 
            "faces": {
                "north": { "texture": "#0", "uv": [ 4.0, 13.0, 4.0, 13.400000020861626 ] },
                "east": { "texture": "#0", "uv": [ 5.0, 13.0, 8.0, 14.400000020861626 ], "rotation": 270 },
                "south": { "texture": "#0", "uv": [ 5.0, 13.0, 4.0, 15.400000020861626 ], "rotation": 180 },
                "west": { "texture": "#0", "uv": [ 4.0, 14.0, 5.0, 14.400000020861626 ] },
                "up": { "texture": "#0", "uv": [ 5.599999999999998, 14.0, 5.200000000000003, 15.0 ] },
                "down": { "texture": "#0", "uv": [ 3.0, 14.0, 4.0, 15.0 ] }
            }
        },
        {
            "name": "Cube",
            "from": [ 7.200000017881393, 5.4000000059604645, 8.400000001490117 ], 
            "to": [ 8.80000002682209, 5.600000023841858, 8.899999994039536 ], 
            "faces": {
                "north": { "texture": "#0", "uv": [ 3.5000000000000004, 13.0, 7.0, 13.400000020861626 ], "rotation": 180 },
                "east": { "texture": "#0", "uv": [ 7.0, 14.0, 9.0, 14.400000020861626 ], "rotation": 180 },
                "south": { "texture": "#0", "uv": [ 4.0, 14.0, 7.0, 14.400000020861626 ] },
                "west": { "texture": "#0", "uv": [ 4.0, 14.0, 3.0, 13.400000020861626 ] },
                "up": { "texture": "#0", "uv": [ 5.599999999999998, 14.0, 6.200000000000003, 15.0 ] },
                "down": { "texture": "#0", "uv": [ 3.0, 14.0, 4.0, 15.0 ] }
            }
        },
        {
            "name": "Cube",
            "from": [ 7.3000000193715096, 5.600000008940697, 7.299999989569187 ], 
            "to": [ 8.700000025331974, 5.700000007450581, 8.699999995529652 ], 
            "faces": {
                "north": { "texture": "#0", "uv": [ 3.0, 13.0, 7.0, 14.400000020861626 ], "rotation": 180 },
                "east": { "texture": "#0", "uv": [ 6.0, 14.0, 8.0, 14.400000020861626 ] },
                "south": { "texture": "#0", "uv": [ 3.0, 14.0, 7.0, 14.400000020861626 ] },
                "west": { "texture": "#0", "uv": [ 5.0, 14.0, 6.0, 14.400000020861626 ] },
                "up": { "texture": "#0", "uv": [ 2.699999999999998, 14.0, 7.100000000000003, 15.0 ] },
                "down": { "texture": "#0", "uv": [ 3.0, 14.0, 4.0, 15.0 ] }
            }
        },
        {
            "name": "Cube",
            "from": [ 7.400000020861626, 5.699999995529652, 7.400000001490116 ], 
            "to": [ 8.600000023841858, 5.800000011920929, 8.600000004470349 ], 
            "faces": {
                "north": { "texture": "#0", "uv": [ 0.40000000000000013, 12.700000000000001, 7.199999999999999, 12.500000020861629 ], "rotation": 180 },
                "east": { "texture": "#0", "uv": [ 7.0, 14.0, 9.0, 14.400000020861626 ] },
                "south": { "texture": "#0", "uv": [ 1.0, 14.0, 7.0, 14.400000020861626 ] },
                "west": { "texture": "#0", "uv": [ 4.0, 14.0, 5.0, 14.400000020861626 ] },
                "up": { "texture": "#0", "uv": [ 4.9999999999999964, 14.0, 6.200000000000003, 15.0 ] },
                "down": { "texture": "#0", "uv": [ 3.0, 14.0, 4.0, 15.0 ] }
            }
        },
        {
            "name": "Cube",
            "from": [ 8.000000029802322, 4.600000008940697, 6.9999999985098835 ], 
            "to": [ 8.900000043213367, 5.400000035762787, 9.000000013411045 ], 
            "faces": {
                "north": { "texture": "#0", "uv": [ 4.0, 14.0, 10.0, 13.400000020861626 ], "rotation": 270 },
                "east": { "texture": "#0", "uv": [ 5.0, 13.0, 8.0, 14.400000020861626 ], "rotation": 270 },
                "south": { "texture": "#0", "uv": [ 4.0, 13.0, 10.0, 14.400000020861626 ], "rotation": 270 },
                "west": { "texture": "#0", "uv": [ 4.0, 14.0, 5.0, 14.400000020861626 ] },
                "up": { "texture": "#0", "uv": [ 5.9999999999999964, 14.0, 7.800000000000001, 15.0 ] },
                "down": { "texture": "#0", "uv": [ 3.0, 14.0, 4.0, 15.0 ] }
            }
        },
        {
            "name": "Cube",
            "from": [ 6.5, 5.899999983608723, 7.5999999940395355 ], 
            "to": [ 9.5, 6.29999998062849, 8.399999991059303 ], 
            "faces": {
                "north": { "texture": "#0", "uv": [ 9.0, 9.0, 10.0, 10.50000000745058 ] },
                "east": { "texture": "#0", "uv": [ 8.0, 10.0, 8.799999997019768, 11.50000000745058 ] },
                "south": { "texture": "#0", "uv": [ 9.0, 9.0, 10.0, 10.50000000745058 ] },
                "west": { "texture": "#0", "uv": [ 9.0, 8.0, 9.799999997019768, 9.50000000745058 ] },
                "up": { "texture": "#0", "uv": [ 8.0, 8.0, 9.0, 8.799999997019768 ] },
                "down": { "texture": "#0", "uv": [ 8.0, 9.0, 9.0, 9.799999997019768 ] }
            }
        },
        {
            "name": "Cube",
            "from": [ 6.200000010430813, 5.299999974668026, 7.5999999940395355 ], 
            "to": [ 9.800000004470348, 5.899999974668026, 8.399999991059303 ], 
            "faces": {
                "north": { "texture": "#0", "uv": [ 9.0, 9.0, 10.0, 10.50000000745058 ] },
                "east": { "texture": "#0", "uv": [ 8.0, 10.0, 8.799999997019768, 11.50000000745058 ] },
                "south": { "texture": "#0", "uv": [ 9.0, 9.0, 10.0, 10.50000000745058 ] },
                "west": { "texture": "#0", "uv": [ 9.0, 8.0, 9.799999997019768, 9.50000000745058 ] },
                "up": { "texture": "#0", "uv": [ 8.0, 8.0, 9.0, 8.799999997019768 ] },
                "down": { "texture": "#0", "uv": [ 8.0, 9.0, 9.0, 9.799999997019768 ] }
            }
        },
        {
            "name": "Cube",
            "from": [ 6.500000029802322, 4.999999970197678, 7.5999999940395355 ], 
            "to": [ 9.5, 5.299999965727329, 8.399999991059303 ], 
            "faces": {
                "north": { "texture": "#0", "uv": [ 9.0, 9.0, 10.0, 10.50000000745058 ] },
                "east": { "texture": "#0", "uv": [ 8.0, 10.0, 8.799999997019768, 11.50000000745058 ] },
                "south": { "texture": "#0", "uv": [ 9.0, 9.0, 10.0, 10.50000000745058 ] },
                "west": { "texture": "#0", "uv": [ 9.0, 8.0, 9.799999997019768, 9.50000000745058 ] },
                "up": { "texture": "#0", "uv": [ 8.0, 8.0, 9.0, 8.799999997019768 ] },
                "down": { "texture": "#0", "uv": [ 8.0, 9.0, 9.0, 9.799999997019768 ] }
            }
        },
        {
            "name": "Cube",
            "from": [ 7.5, 6.199999997019768, 7.5999999940395355 ], 
            "to": [ 8.5, 6.5000000104308135, 8.399999991059303 ], 
            "faces": {
                "north": { "texture": "#0", "uv": [ 9.0, 9.0, 10.0, 10.50000000745058 ] },
                "east": { "texture": "#0", "uv": [ 8.0, 10.0, 8.799999997019768, 11.50000000745058 ] },
                "south": { "texture": "#0", "uv": [ 9.0, 9.0, 10.0, 10.50000000745058 ] },
                "west": { "texture": "#0", "uv": [ 9.0, 8.0, 9.799999997019768, 9.50000000745058 ] },
                "up": { "texture": "#0", "uv": [ 8.0, 8.0, 9.0, 8.799999997019768 ] },
                "down": { "texture": "#0", "uv": [ 8.0, 9.0, 9.0, 9.799999997019768 ] }
            }
        },
        {
            "name": "Cube",
            "from": [ 6.899999991059303, 6.199999997019768, 7.5999999940395355 ], 
            "to": [ 9.099999994039536, 6.400000008940697, 8.399999991059303 ], 
            "faces": {
                "north": { "texture": "#0", "uv": [ 9.0, 9.0, 10.0, 10.50000000745058 ] },
                "east": { "texture": "#0", "uv": [ 8.0, 10.0, 8.799999997019768, 11.50000000745058 ] },
                "south": { "texture": "#0", "uv": [ 9.0, 9.0, 10.0, 10.50000000745058 ] },
                "west": { "texture": "#0", "uv": [ 9.0, 8.0, 9.799999997019768, 9.50000000745058 ] },
                "up": { "texture": "#0", "uv": [ 8.0, 8.0, 9.0, 8.799999997019768 ] },
                "down": { "texture": "#0", "uv": [ 8.0, 9.0, 9.0, 9.799999997019768 ] }
            }
        },
        {
            "name": "Cube",
            "from": [ 9.499999998509884, 5.89999999254942, 7.5999999940395355 ], 
            "to": [ 9.599999985098838, 6.199999994039536, 8.399999991059303 ], 
            "faces": {
                "north": { "texture": "#0", "uv": [ 9.0, 9.0, 10.0, 10.50000000745058 ] },
                "east": { "texture": "#0", "uv": [ 8.0, 10.0, 8.799999997019768, 11.50000000745058 ] },
                "south": { "texture": "#0", "uv": [ 9.0, 9.0, 10.0, 10.50000000745058 ] },
                "west": { "texture": "#0", "uv": [ 9.0, 8.0, 9.799999997019768, 9.50000000745058 ] },
                "up": { "texture": "#0", "uv": [ 8.0, 8.0, 9.0, 8.799999997019768 ] },
                "down": { "texture": "#0", "uv": [ 8.0, 9.0, 9.0, 9.799999997019768 ] }
            }
        },
        {
            "name": "Cube",
            "from": [ 9.6, 5.89999999254942, 7.5999999940395355 ], 
            "to": [ 9.699999986588955, 6.09999999254942, 8.399999991059303 ], 
            "faces": {
                "north": { "texture": "#0", "uv": [ 9.0, 9.0, 10.0, 10.50000000745058 ] },
                "east": { "texture": "#0", "uv": [ 8.0, 10.0, 8.799999997019768, 11.50000000745058 ] },
                "south": { "texture": "#0", "uv": [ 9.0, 9.0, 10.0, 10.50000000745058 ] },
                "west": { "texture": "#0", "uv": [ 9.0, 8.0, 9.799999997019768, 9.50000000745058 ] },
                "up": { "texture": "#0", "uv": [ 8.0, 8.0, 9.0, 8.799999997019768 ] },
                "down": { "texture": "#0", "uv": [ 8.0, 9.0, 9.0, 9.799999997019768 ] }
            }
        },
        {
            "name": "Cube",
            "from": [ 6.299999995529651, 5.89999999254942, 7.5999999940395355 ], 
            "to": [ 6.399999982118606, 6.09999999254942, 8.399999991059303 ], 
            "faces": {
                "north": { "texture": "#0", "uv": [ 9.0, 9.0, 10.0, 10.50000000745058 ] },
                "east": { "texture": "#0", "uv": [ 8.0, 10.0, 8.799999997019768, 11.50000000745058 ] },
                "south": { "texture": "#0", "uv": [ 9.0, 9.0, 10.0, 10.50000000745058 ] },
                "west": { "texture": "#0", "uv": [ 9.0, 8.0, 9.799999997019768, 9.50000000745058 ] },
                "up": { "texture": "#0", "uv": [ 8.0, 8.0, 9.0, 8.799999997019768 ] },
                "down": { "texture": "#0", "uv": [ 8.0, 9.0, 9.0, 9.799999997019768 ] }
            }
        },
        {
            "name": "Cube",
            "from": [ 6.399999997019767, 5.89999999254942, 7.5999999940395355 ], 
            "to": [ 6.499999983608722, 6.199999994039536, 8.399999991059303 ], 
            "faces": {
                "north": { "texture": "#0", "uv": [ 9.0, 9.0, 10.0, 10.50000000745058 ] },
                "east": { "texture": "#0", "uv": [ 8.0, 10.0, 8.799999997019768, 11.50000000745058 ] },
                "south": { "texture": "#0", "uv": [ 9.0, 9.0, 10.0, 10.50000000745058 ] },
                "west": { "texture": "#0", "uv": [ 9.0, 8.0, 9.799999997019768, 9.50000000745058 ] },
                "up": { "texture": "#0", "uv": [ 8.0, 8.0, 9.0, 8.799999997019768 ] },
                "down": { "texture": "#0", "uv": [ 8.0, 9.0, 9.0, 9.799999997019768 ] }
            }
        },
        {
            "name": "Cube",
            "from": [ 6.399999997019767, 5.099999980628491, 7.5999999940395355 ], 
            "to": [ 6.499999983608722, 5.299999980628491, 8.399999991059303 ], 
            "faces": {
                "north": { "texture": "#0", "uv": [ 9.0, 9.0, 10.0, 10.50000000745058 ] },
                "east": { "texture": "#0", "uv": [ 8.0, 10.0, 8.799999997019768, 11.50000000745058 ] },
                "south": { "texture": "#0", "uv": [ 9.0, 9.0, 10.0, 10.50000000745058 ] },
                "west": { "texture": "#0", "uv": [ 9.0, 8.0, 9.799999997019768, 9.50000000745058 ] },
                "up": { "texture": "#0", "uv": [ 8.0, 8.0, 9.0, 8.799999997019768 ] },
                "down": { "texture": "#0", "uv": [ 8.0, 9.0, 9.0, 9.799999997019768 ] }
            }
        },
        {
            "name": "Cube",
            "from": [ 9.6, 5.199999997019768, 7.5999999940395355 ], 
            "to": [ 9.699999986588955, 5.299999995529652, 8.399999991059303 ], 
            "faces": {
                "north": { "texture": "#0", "uv": [ 9.0, 9.0, 10.0, 10.50000000745058 ] },
                "east": { "texture": "#0", "uv": [ 8.0, 10.0, 8.799999997019768, 11.50000000745058 ] },
                "south": { "texture": "#0", "uv": [ 9.0, 9.0, 10.0, 10.50000000745058 ] },
                "west": { "texture": "#0", "uv": [ 9.0, 8.0, 9.799999997019768, 9.50000000745058 ] },
                "up": { "texture": "#0", "uv": [ 8.0, 8.0, 9.0, 8.799999997019768 ] },
                "down": { "texture": "#0", "uv": [ 8.0, 9.0, 9.0, 9.799999997019768 ] }
            }
        },
        {
            "name": "Cube",
            "from": [ 9.499999998509884, 5.099999980628491, 7.5999999940395355 ], 
            "to": [ 9.599999985098838, 5.299999980628491, 8.399999991059303 ], 
            "faces": {
                "north": { "texture": "#0", "uv": [ 9.0, 9.0, 10.0, 10.50000000745058 ] },
                "east": { "texture": "#0", "uv": [ 8.0, 10.0, 8.799999997019768, 11.50000000745058 ] },
                "south": { "texture": "#0", "uv": [ 9.0, 9.0, 10.0, 10.50000000745058 ] },
                "west": { "texture": "#0", "uv": [ 9.0, 8.0, 9.799999997019768, 9.50000000745058 ] },
                "up": { "texture": "#0", "uv": [ 8.0, 8.0, 9.0, 8.799999997019768 ] },
                "down": { "texture": "#0", "uv": [ 8.0, 9.0, 9.0, 9.799999997019768 ] }
            }
        },
        {
            "name": "Cube",
            "from": [ 6.299999995529651, 5.199999997019768, 7.5999999940395355 ], 
            "to": [ 6.399999982118606, 5.299999995529652, 8.399999991059303 ], 
            "faces": {
                "north": { "texture": "#0", "uv": [ 9.0, 9.0, 10.0, 10.50000000745058 ] },
                "east": { "texture": "#0", "uv": [ 8.0, 10.0, 8.799999997019768, 11.50000000745058 ] },
                "south": { "texture": "#0", "uv": [ 9.0, 9.0, 10.0, 10.50000000745058 ] },
                "west": { "texture": "#0", "uv": [ 9.0, 8.0, 9.799999997019768, 9.50000000745058 ] },
                "up": { "texture": "#0", "uv": [ 8.0, 8.0, 9.0, 8.799999997019768 ] },
                "down": { "texture": "#0", "uv": [ 8.0, 9.0, 9.0, 9.799999997019768 ] }
            }
        },
        {
            "name": "Cube",
            "from": [ 10.0, 5.600000008940697, 7.600000008940697 ], 
            "to": [ 11.0, 6.100000001490116, 8.400000005960464 ], 
            "faces": {
                "north": { "texture": "#0", "uv": [ 7.0, 8.0, 8.0, 8.49999999254942 ] },
                "east": { "texture": "#0", "uv": [ 9.0, 8.0, 9.799999997019768, 8.49999999254942 ] },
                "south": { "texture": "#0", "uv": [ 7.0, 8.0, 8.0, 8.49999999254942 ] },
                "west": { "texture": "#0", "uv": [ 8.0, 8.0, 8.799999997019768, 8.49999999254942 ] },
                "up": { "texture": "#0", "uv": [ 8.0, 9.0, 9.0, 9.799999997019768 ] },
                "down": { "texture": "#0", "uv": [ 7.0, 8.0, 8.0, 8.799999997019768 ] }
            }
        },
        {
            "name": "Cube",
            "from": [ 9.799999997019768, 5.4000000059604645, 7.600000008940697 ], 
            "to": [ 10.0, 6.0, 8.400000005960464 ], 
            "faces": {
                "north": { "texture": "#0", "uv": [ 7.0, 8.0, 7.200000002980232, 8.599999994039536 ] },
                "east": { "texture": "#0", "uv": [ 9.0, 8.0, 9.799999997019768, 8.599999994039536 ] },
                "south": { "texture": "#0", "uv": [ 7.0, 8.0, 7.200000002980232, 8.599999994039536 ] },
                "west": { "texture": "#0", "uv": [ 8.0, 8.0, 8.799999997019768, 8.599999994039536 ] },
                "up": { "texture": "#0", "uv": [ 8.0, 9.0, 8.200000002980232, 9.799999997019768 ] },
                "down": { "texture": "#0", "uv": [ 7.0, 8.0, 7.200000002980232, 8.799999997019768 ] }
            }
        },
        {
            "name": "Cube",
            "from": [ 6.0, 5.4000000059604645, 7.600000008940697 ], 
            "to": [ 6.200000002980232, 6.0, 8.400000005960464 ], 
            "faces": {
                "north": { "texture": "#0", "uv": [ 7.0, 8.0, 7.200000002980232, 8.599999994039536 ] },
                "east": { "texture": "#0", "uv": [ 9.0, 8.0, 9.799999997019768, 8.599999994039536 ] },
                "south": { "texture": "#0", "uv": [ 7.0, 8.0, 7.200000002980232, 8.599999994039536 ] },
                "west": { "texture": "#0", "uv": [ 8.0, 8.0, 8.799999997019768, 8.599999994039536 ] },
                "up": { "texture": "#0", "uv": [ 8.0, 9.0, 8.200000002980232, 9.799999997019768 ] },
                "down": { "texture": "#0", "uv": [ 7.0, 8.0, 7.200000002980232, 8.799999997019768 ] }
            }
        },
        {
            "name": "Cube",
            "from": [ 11.0, 5.500000007450581, 7.6 ], 
            "to": [ 11.300000004470348, 6.0, 8.399999997019767 ], 
            "faces": {
                "north": { "texture": "#0", "uv": [ 7.0, 8.0, 7.300000004470348, 8.49999999254942 ] },
                "east": { "texture": "#0", "uv": [ 9.0, 8.0, 9.799999997019768, 8.49999999254942 ] },
                "south": { "texture": "#0", "uv": [ 7.0, 8.0, 7.300000004470348, 8.49999999254942 ] },
                "west": { "texture": "#0", "uv": [ 8.0, 8.0, 8.799999997019768, 8.49999999254942 ] },
                "up": { "texture": "#0", "uv": [ 8.0, 9.0, 8.300000004470348, 9.799999997019768 ] },
                "down": { "texture": "#0", "uv": [ 7.0, 8.0, 7.300000004470348, 8.799999997019768 ] }
            }
        },
        {
            "name": "Cube",
            "from": [ 11.299999989569187, 6.000000014901161, 7.800000002980232 ], 
            "to": [ 11.599999994039536, 6.300000004470348, 8.199999994039535 ], 
            "faces": {
                "north": { "texture": "#0", "uv": [ 7.0, 8.0, 7.300000004470348, 8.299999989569187 ] },
                "east": { "texture": "#0", "uv": [ 9.0, 8.0, 9.399999991059303, 8.299999989569187 ] },
                "south": { "texture": "#0", "uv": [ 7.0, 8.0, 7.300000004470348, 8.299999989569187 ] },
                "west": { "texture": "#0", "uv": [ 8.0, 8.0, 8.399999991059303, 8.299999989569187 ] },
                "up": { "texture": "#0", "uv": [ 8.0, 9.0, 8.300000004470348, 9.399999991059303 ] },
                "down": { "texture": "#0", "uv": [ 7.0, 8.0, 7.300000004470348, 8.399999991059303 ] }
            }
        },
        {
            "name": "Cube",
            "from": [ 11.299999989569187, 5.200000002980232, 7.800000002980232 ], 
            "to": [ 11.599999994039536, 5.499999992549419, 8.199999994039535 ], 
            "faces": {
                "north": { "texture": "#0", "uv": [ 7.0, 8.0, 7.300000004470348, 8.299999989569187 ] },
                "east": { "texture": "#0", "uv": [ 9.0, 8.0, 9.399999991059303, 8.299999989569187 ] },
                "south": { "texture": "#0", "uv": [ 7.0, 8.0, 7.300000004470348, 8.299999989569187 ] },
                "west": { "texture": "#0", "uv": [ 8.0, 8.0, 8.399999991059303, 8.299999989569187 ] },
                "up": { "texture": "#0", "uv": [ 8.0, 9.0, 8.300000004470348, 9.399999991059303 ] },
                "down": { "texture": "#0", "uv": [ 7.0, 8.0, 7.300000004470348, 8.399999991059303 ] }
            }
        },
        {
            "name": "Cube",
            "from": [ 11.299999989569187, 5.600000008940697, 7.800000002980232 ], 
            "to": [ 11.599999979138374, 5.899999998509884, 8.199999994039535 ], 
            "faces": {
                "north": { "texture": "#0", "uv": [ 7.0, 8.0, 7.299999989569187, 8.299999989569187 ] },
                "east": { "texture": "#0", "uv": [ 9.0, 8.0, 9.399999991059303, 8.299999989569187 ] },
                "south": { "texture": "#0", "uv": [ 7.0, 8.0, 7.299999989569187, 8.299999989569187 ] },
                "west": { "texture": "#0", "uv": [ 8.0, 8.0, 8.399999991059303, 8.299999989569187 ] },
                "up": { "texture": "#0", "uv": [ 8.0, 9.0, 8.299999989569187, 9.399999991059303 ] },
                "down": { "texture": "#0", "uv": [ 7.0, 8.0, 7.299999989569187, 8.399999991059303 ] }
            }
        },
        {
            "name": "Cube",
            "from": [ 5.0, 5.600000008940697, 7.600000008940697 ], 
            "to": [ 6.0, 6.100000001490116, 8.400000005960464 ], 
            "faces": {
                "north": { "texture": "#0", "uv": [ 7.0, 8.0, 8.0, 8.49999999254942 ] },
                "east": { "texture": "#0", "uv": [ 9.0, 8.0, 9.799999997019768, 8.49999999254942 ] },
                "south": { "texture": "#0", "uv": [ 7.0, 8.0, 8.0, 8.49999999254942 ] },
                "west": { "texture": "#0", "uv": [ 8.0, 8.0, 8.799999997019768, 8.49999999254942 ] },
                "up": { "texture": "#0", "uv": [ 8.0, 9.0, 9.0, 9.799999997019768 ] },
                "down": { "texture": "#0", "uv": [ 7.0, 8.0, 8.0, 8.799999997019768 ] }
            }
        },
        {
            "name": "Cube",
            "from": [ 4.700000010430813, 5.500000007450581, 7.6 ], 
            "to": [ 5.000000014901161, 6.0, 8.399999997019767 ], 
            "faces": {
                "north": { "texture": "#0", "uv": [ 7.0, 8.0, 7.300000004470348, 8.49999999254942 ] },
                "east": { "texture": "#0", "uv": [ 9.0, 8.0, 9.799999997019768, 8.49999999254942 ] },
                "south": { "texture": "#0", "uv": [ 7.0, 8.0, 7.300000004470348, 8.49999999254942 ] },
                "west": { "texture": "#0", "uv": [ 8.0, 8.0, 8.799999997019768, 8.49999999254942 ] },
                "up": { "texture": "#0", "uv": [ 8.0, 9.0, 8.300000004470348, 9.799999997019768 ] },
                "down": { "texture": "#0", "uv": [ 7.0, 8.0, 7.300000004470348, 8.799999997019768 ] }
            }
        },
        {
            "name": "Cube",
            "from": [ 4.399999991059303, 5.200000002980232, 7.800000002980232 ], 
            "to": [ 4.699999995529652, 5.499999992549419, 8.199999994039535 ], 
            "faces": {
                "north": { "texture": "#0", "uv": [ 7.0, 8.0, 7.300000004470348, 8.299999989569187 ] },
                "east": { "texture": "#0", "uv": [ 9.0, 8.0, 9.399999991059303, 8.299999989569187 ] },
                "south": { "texture": "#0", "uv": [ 7.0, 8.0, 7.300000004470348, 8.299999989569187 ] },
                "west": { "texture": "#0", "uv": [ 8.0, 8.0, 8.399999991059303, 8.299999989569187 ] },
                "up": { "texture": "#0", "uv": [ 8.0, 9.0, 8.300000004470348, 9.399999991059303 ] },
                "down": { "texture": "#0", "uv": [ 7.0, 8.0, 7.300000004470348, 8.399999991059303 ] }
            }
        },
        {
            "name": "Cube",
            "from": [ 4.399999991059303, 5.600000008940697, 7.800000002980232 ], 
            "to": [ 4.6999999806284904, 5.899999998509884, 8.199999994039535 ], 
            "faces": {
                "north": { "texture": "#0", "uv": [ 7.0, 8.0, 7.299999989569187, 8.299999989569187 ] },
                "east": { "texture": "#0", "uv": [ 9.0, 8.0, 9.399999991059303, 8.299999989569187 ] },
                "south": { "texture": "#0", "uv": [ 7.0, 8.0, 7.299999989569187, 8.299999989569187 ] },
                "west": { "texture": "#0", "uv": [ 8.0, 8.0, 8.399999991059303, 8.299999989569187 ] },
                "up": { "texture": "#0", "uv": [ 8.0, 9.0, 8.299999989569187, 9.399999991059303 ] },
                "down": { "texture": "#0", "uv": [ 7.0, 8.0, 7.299999989569187, 8.399999991059303 ] }
            }
        },
        {
            "name": "Cube",
            "from": [ 4.399999991059303, 6.000000014901161, 7.800000002980232 ], 
            "to": [ 4.699999995529652, 6.300000004470348, 8.199999994039535 ], 
            "faces": {
                "north": { "texture": "#0", "uv": [ 7.0, 8.0, 7.300000004470348, 8.299999989569187 ] },
                "east": { "texture": "#0", "uv": [ 9.0, 8.0, 9.399999991059303, 8.299999989569187 ] },
                "south": { "texture": "#0", "uv": [ 7.0, 8.0, 7.300000004470348, 8.299999989569187 ] },
                "west": { "texture": "#0", "uv": [ 8.0, 8.0, 8.399999991059303, 8.299999989569187 ] },
                "up": { "texture": "#0", "uv": [ 8.0, 9.0, 8.300000004470348, 9.399999991059303 ] },
                "down": { "texture": "#0", "uv": [ 7.0, 8.0, 7.300000004470348, 8.399999991059303 ] }
            }
        },
        {
            "name": "Cube",
            "from": [ 8.900000005960464, 6.4, 7.499999992549419 ], 
            "to": [ 9.100000008940697, 13.900000016391278, 8.49999999254942 ], 
            "faces": {
                "north": { "texture": "#0", "uv": [ 9.0, 2.0, 10.0, 3.5000000074505806 ] },
                "east": { "texture": "#0", "uv": [ 8.0, 2.0, 8.799999997019768, 3.5000000074505806 ] },
                "south": { "texture": "#0", "uv": [ 9.0, 2.0, 10.0, 3.5000000074505806 ] },
                "west": { "texture": "#0", "uv": [ 9.0, 2.0, 9.799999997019768, 3.5000000074505806 ] },
                "up": { "texture": "#0", "uv": [ 9.0, 1.0, 10.0, 1.7999999970197678 ] },
                "down": { "texture": "#0", "uv": [ 8.0, 2.0, 9.0, 2.7999999970197678 ] }
            }
        },
        {
            "name": "Cube",
            "from": [ 6.9000000059604645, 6.4, 7.499999992549419 ], 
            "to": [ 7.100000008940697, 13.900000016391278, 8.49999999254942 ], 
            "faces": {
                "north": { "texture": "#0", "uv": [ 9.0, 2.0, 10.0, 3.5000000074505806 ] },
                "east": { "texture": "#0", "uv": [ 8.0, 2.0, 8.799999997019768, 3.5000000074505806 ] },
                "south": { "texture": "#0", "uv": [ 9.0, 2.0, 10.0, 3.5000000074505806 ] },
                "west": { "texture": "#0", "uv": [ 9.0, 2.0, 9.799999997019768, 3.5000000074505806 ] },
                "up": { "texture": "#0", "uv": [ 9.0, 1.0, 10.0, 1.7999999970197678 ] },
                "down": { "texture": "#0", "uv": [ 8.0, 2.0, 9.0, 2.7999999970197678 ] }
            }
        },
        {
            "name": "Cube",
            "from": [ 7.000000007450581, 13.90000000745058, 7.499999992549419 ], 
            "to": [ 7.200000010430813, 14.400000023841857, 8.49999999254942 ], 
            "faces": {
                "north": { "texture": "#0", "uv": [ 9.0, 2.0, 10.0, 3.5000000074505806 ] },
                "east": { "texture": "#0", "uv": [ 8.0, 2.0, 8.799999997019768, 3.5000000074505806 ] },
                "south": { "texture": "#0", "uv": [ 9.0, 2.0, 10.0, 3.5000000074505806 ] },
                "west": { "texture": "#0", "uv": [ 9.0, 2.0, 9.799999997019768, 3.5000000074505806 ] },
                "up": { "texture": "#0", "uv": [ 9.0, 1.0, 10.0, 1.7999999970197678 ] },
                "down": { "texture": "#0", "uv": [ 8.0, 2.0, 9.0, 2.7999999970197678 ] }
            }
        },
        {
            "name": "Cube",
            "from": [ 8.800000004470348, 13.90000000745058, 7.499999992549419 ], 
            "to": [ 9.00000000745058, 14.400000023841857, 8.49999999254942 ], 
            "faces": {
                "north": { "texture": "#0", "uv": [ 9.0, 2.0, 10.0, 3.5000000074505806 ] },
                "east": { "texture": "#0", "uv": [ 8.0, 2.0, 8.799999997019768, 3.5000000074505806 ] },
                "south": { "texture": "#0", "uv": [ 9.0, 2.0, 10.0, 3.5000000074505806 ] },
                "west": { "texture": "#0", "uv": [ 9.0, 2.0, 9.799999997019768, 3.5000000074505806 ] },
                "up": { "texture": "#0", "uv": [ 9.0, 1.0, 10.0, 1.7999999970197678 ] },
                "down": { "texture": "#0", "uv": [ 8.0, 2.0, 9.0, 2.7999999970197678 ] }
            }
        },
        {
            "name": "Cube",
            "from": [ 8.700000002980232, 14.40000001490116, 7.499999992549419 ], 
            "to": [ 8.900000005960464, 14.900000031292437, 8.49999999254942 ], 
            "faces": {
                "north": { "texture": "#0", "uv": [ 9.0, 2.0, 10.0, 3.5000000074505806 ] },
                "east": { "texture": "#0", "uv": [ 8.0, 2.0, 8.799999997019768, 3.5000000074505806 ] },
                "south": { "texture": "#0", "uv": [ 9.0, 2.0, 10.0, 3.5000000074505806 ] },
                "west": { "texture": "#0", "uv": [ 9.0, 2.0, 9.799999997019768, 3.5000000074505806 ] },
                "up": { "texture": "#0", "uv": [ 9.0, 1.0, 10.0, 1.7999999970197678 ] },
                "down": { "texture": "#0", "uv": [ 8.0, 2.0, 9.0, 2.7999999970197678 ] }
            }
        },
        {
            "name": "Cube",
            "from": [ 7.099999991059303, 14.40000001490116, 7.499999992549419 ], 
            "to": [ 7.299999994039535, 14.900000031292437, 8.49999999254942 ], 
            "faces": {
                "north": { "texture": "#0", "uv": [ 9.0, 2.0, 10.0, 3.5000000074505806 ] },
                "east": { "texture": "#0", "uv": [ 8.0, 2.0, 8.799999997019768, 3.5000000074505806 ] },
                "south": { "texture": "#0", "uv": [ 9.0, 2.0, 10.0, 3.5000000074505806 ] },
                "west": { "texture": "#0", "uv": [ 9.0, 2.0, 9.799999997019768, 3.5000000074505806 ] },
                "up": { "texture": "#0", "uv": [ 9.0, 1.0, 10.0, 1.7999999970197678 ] },
                "down": { "texture": "#0", "uv": [ 8.0, 2.0, 9.0, 2.7999999970197678 ] }
            }
        },
        {
            "name": "Cube",
            "from": [ 7.199999992549419, 14.90000002235174, 7.499999992549419 ], 
            "to": [ 7.399999995529651, 15.300000037252902, 8.49999999254942 ], 
            "faces": {
                "north": { "texture": "#0", "uv": [ 9.0, 2.0, 10.0, 3.5000000074505806 ] },
                "east": { "texture": "#0", "uv": [ 8.0, 2.0, 8.799999997019768, 3.5000000074505806 ] },
                "south": { "texture": "#0", "uv": [ 9.0, 2.0, 10.0, 3.5000000074505806 ] },
                "west": { "texture": "#0", "uv": [ 9.0, 2.0, 9.799999997019768, 3.5000000074505806 ] },
                "up": { "texture": "#0", "uv": [ 9.0, 1.0, 10.0, 1.7999999970197678 ] },
                "down": { "texture": "#0", "uv": [ 8.0, 2.0, 9.0, 2.7999999970197678 ] }
            }
        },
        {
            "name": "Cube",
            "from": [ 8.599999998509883, 14.90000002235174, 7.499999992549419 ], 
            "to": [ 8.800000001490115, 15.300000037252902, 8.49999999254942 ], 
            "faces": {
                "north": { "texture": "#0", "uv": [ 9.0, 2.0, 10.0, 3.5000000074505806 ] },
                "east": { "texture": "#0", "uv": [ 8.0, 2.0, 8.799999997019768, 3.5000000074505806 ] },
                "south": { "texture": "#0", "uv": [ 9.0, 2.0, 10.0, 3.5000000074505806 ] },
                "west": { "texture": "#0", "uv": [ 9.0, 2.0, 9.799999997019768, 3.5000000074505806 ] },
                "up": { "texture": "#0", "uv": [ 9.0, 1.0, 10.0, 1.7999999970197678 ] },
                "down": { "texture": "#0", "uv": [ 8.0, 2.0, 9.0, 2.7999999970197678 ] }
            }
        },
        {
            "name": "Cube",
            "from": [ 7.299999994039535, 15.300000028312205, 7.499999992549419 ], 
            "to": [ 7.499999997019767, 15.600000026822089, 8.49999999254942 ], 
            "faces": {
                "north": { "texture": "#0", "uv": [ 9.0, 2.0, 10.0, 3.5000000074505806 ] },
                "east": { "texture": "#0", "uv": [ 8.0, 2.0, 8.799999997019768, 3.5000000074505806 ] },
                "south": { "texture": "#0", "uv": [ 9.0, 2.0, 10.0, 3.5000000074505806 ] },
                "west": { "texture": "#0", "uv": [ 9.0, 2.0, 9.799999997019768, 3.5000000074505806 ] },
                "up": { "texture": "#0", "uv": [ 9.0, 1.0, 10.0, 1.7999999970197678 ] },
                "down": { "texture": "#0", "uv": [ 8.0, 2.0, 9.0, 2.7999999970197678 ] }
            }
        },
        {
            "name": "Cube",
            "from": [ 8.499999997019767, 15.300000028312205, 7.499999992549419 ], 
            "to": [ 8.699999995529652, 15.600000026822089, 8.49999999254942 ], 
            "faces": {
                "north": { "texture": "#0", "uv": [ 9.0, 2.0, 10.0, 3.5000000074505806 ] },
                "east": { "texture": "#0", "uv": [ 8.0, 2.0, 8.799999997019768, 3.5000000074505806 ] },
                "south": { "texture": "#0", "uv": [ 9.0, 2.0, 10.0, 3.5000000074505806 ] },
                "west": { "texture": "#0", "uv": [ 9.0, 2.0, 9.799999997019768, 3.5000000074505806 ] },
                "up": { "texture": "#0", "uv": [ 9.0, 1.0, 10.0, 1.7999999970197678 ] },
                "down": { "texture": "#0", "uv": [ 8.0, 2.0, 9.0, 2.7999999970197678 ] }
            }
        },
        {
            "name": "Cube",
            "from": [ 7.399999995529651, 15.600000032782553, 7.499999992549419 ], 
            "to": [ 7.599999998509883, 15.900000031292437, 8.49999999254942 ], 
            "faces": {
                "north": { "texture": "#0", "uv": [ 9.0, 2.0, 10.0, 3.5000000074505806 ] },
                "east": { "texture": "#0", "uv": [ 8.0, 2.0, 8.799999997019768, 3.5000000074505806 ] },
                "south": { "texture": "#0", "uv": [ 9.0, 2.0, 10.0, 3.5000000074505806 ] },
                "west": { "texture": "#0", "uv": [ 9.0, 2.0, 9.799999997019768, 3.5000000074505806 ] },
                "up": { "texture": "#0", "uv": [ 9.0, 1.0, 10.0, 1.7999999970197678 ] },
                "down": { "texture": "#0", "uv": [ 8.0, 2.0, 9.0, 2.7999999970197678 ] }
            }
        },
        {
            "name": "Cube",
            "from": [ 7.599999998509883, 15.900000037252902, 7.499999992549419 ], 
            "to": [ 7.800000001490115, 16.200000035762784, 8.49999999254942 ], 
            "faces": {
                "north": { "texture": "#0", "uv": [ 9.0, 2.0, 10.0, 3.5000000074505806 ] },
                "east": { "texture": "#0", "uv": [ 8.0, 2.0, 8.799999997019768, 3.5000000074505806 ] },
                "south": { "texture": "#0", "uv": [ 9.0, 2.0, 10.0, 3.5000000074505806 ] },
                "west": { "texture": "#0", "uv": [ 9.0, 2.0, 9.799999997019768, 3.5000000074505806 ] },
                "up": { "texture": "#0", "uv": [ 9.0, 1.0, 10.0, 1.7999999970197678 ] },
                "down": { "texture": "#0", "uv": [ 8.0, 2.0, 9.0, 2.7999999970197678 ] }
            }
        },
        {
            "name": "Cube",
            "from": [ 8.199999992549419, 15.900000037252902, 7.499999992549419 ], 
            "to": [ 8.399999995529651, 16.200000035762784, 8.49999999254942 ], 
            "faces": {
                "north": { "texture": "#0", "uv": [ 9.0, 2.0, 10.0, 3.5000000074505806 ] },
                "east": { "texture": "#0", "uv": [ 8.0, 2.0, 8.799999997019768, 3.5000000074505806 ] },
                "south": { "texture": "#0", "uv": [ 9.0, 2.0, 10.0, 3.5000000074505806 ] },
                "west": { "texture": "#0", "uv": [ 9.0, 2.0, 9.799999997019768, 3.5000000074505806 ] },
                "up": { "texture": "#0", "uv": [ 9.0, 1.0, 10.0, 1.7999999970197678 ] },
                "down": { "texture": "#0", "uv": [ 8.0, 2.0, 9.0, 2.7999999970197678 ] }
            }
        },
        {
            "name": "Cube",
            "from": [ 8.400000010430812, 15.600000032782553, 7.499999992549419 ], 
            "to": [ 8.600000013411044, 15.900000031292437, 8.49999999254942 ], 
            "faces": {
                "north": { "texture": "#0", "uv": [ 9.0, 2.0, 10.0, 3.5000000074505806 ] },
                "east": { "texture": "#0", "uv": [ 8.0, 2.0, 8.799999997019768, 3.5000000074505806 ] },
                "south": { "texture": "#0", "uv": [ 9.0, 2.0, 10.0, 3.5000000074505806 ] },
                "west": { "texture": "#0", "uv": [ 9.0, 2.0, 9.799999997019768, 3.5000000074505806 ] },
                "up": { "texture": "#0", "uv": [ 9.0, 1.0, 10.0, 1.7999999970197678 ] },
                "down": { "texture": "#0", "uv": [ 8.0, 2.0, 9.0, 2.7999999970197678 ] }
            }
        },
        {
            "name": "Cube",
            "from": [ 7.9999999985098835, 16.199999998509885, 7.499999992549419 ], 
            "to": [ 8.200000001490116, 16.499999997019767, 8.49999999254942 ], 
            "faces": {
                "north": { "texture": "#0", "uv": [ 9.0, 2.0, 10.0, 3.5000000074505806 ] },
                "east": { "texture": "#0", "uv": [ 8.0, 2.0, 8.799999997019768, 3.5000000074505806 ] },
                "south": { "texture": "#0", "uv": [ 9.0, 2.0, 10.0, 3.5000000074505806 ] },
                "west": { "texture": "#0", "uv": [ 9.0, 2.0, 9.799999997019768, 3.5000000074505806 ] },
                "up": { "texture": "#0", "uv": [ 9.0, 1.0, 10.0, 1.7999999970197678 ] },
                "down": { "texture": "#0", "uv": [ 8.0, 2.0, 9.0, 2.7999999970197678 ] }
            }
        },
        {
            "name": "Cube",
            "from": [ 7.799999995529651, 16.199999998509885, 7.499999992549419 ], 
            "to": [ 7.9999999985098835, 16.499999997019767, 8.49999999254942 ], 
            "faces": {
                "north": { "texture": "#0", "uv": [ 9.0, 2.0, 10.0, 3.5000000074505806 ] },
                "east": { "texture": "#0", "uv": [ 8.0, 2.0, 8.799999997019768, 3.5000000074505806 ] },
                "south": { "texture": "#0", "uv": [ 9.0, 2.0, 10.0, 3.5000000074505806 ] },
                "west": { "texture": "#0", "uv": [ 9.0, 2.0, 9.799999997019768, 3.5000000074505806 ] },
                "up": { "texture": "#0", "uv": [ 9.0, 1.0, 10.0, 1.7999999970197678 ] },
                "down": { "texture": "#0", "uv": [ 8.0, 2.0, 9.0, 2.7999999970197678 ] }
            }
        },
        {
            "name": "Cube",
            "from": [ 7.200000017881393, 5.4000000059604645, 7.100000016391277 ], 
            "to": [ 8.80000002682209, 5.600000023841858, 7.600000008940697 ], 
            "faces": {
                "north": { "texture": "#0", "uv": [ 2.1000000000000005, 13.0, 8.0, 13.400000020861626 ], "rotation": 180 },
                "east": { "texture": "#0", "uv": [ 7.0, 14.0, 9.0, 14.400000020861626 ] },
                "south": { "texture": "#0", "uv": [ 4.0, 14.0, 7.0, 14.400000020861626 ] },
                "west": { "texture": "#0", "uv": [ 4.0, 14.0, 2.0, 14.400000020861626 ] },
                "up": { "texture": "#0", "uv": [ 5.599999999999998, 14.0, 6.200000000000003, 15.0 ] },
                "down": { "texture": "#0", "uv": [ 3.0, 14.0, 4.0, 15.0 ] }
            }
        },
        {
            "name": "Cube",
            "from": [ 8.5, 6.4, 7.5999999940395355 ], 
            "to": [ 8.900000005960464, 13.900000016391278, 8.399999991059303 ], 
            "faces": {
                "north": { "texture": "#0", "uv": [ 3.0, 8.0, 4.0, 9.50000000745058 ] },
                "east": { "texture": "#0", "uv": [ 2.0, 8.0, 2.7999999970197678, 9.50000000745058 ] },
                "south": { "texture": "#0", "uv": [ 3.0, 7.0, 4.0, 8.50000000745058 ] },
                "west": { "texture": "#0", "uv": [ 3.0, 9.0, 3.7999999970197678, 10.50000000745058 ] },
                "up": { "texture": "#0", "uv": [ 2.0, 8.0, 3.0, 8.799999997019768 ] },
                "down": { "texture": "#0", "uv": [ 2.0, 8.0, 3.0, 8.799999997019768 ] }
            }
        },
        {
            "name": "Cube",
            "from": [ 8.099999994039536, 6.5000000014901165, 7.5999999940395355 ], 
            "to": [ 8.5, 15.600000041723252, 8.399999991059303 ], 
            "faces": {
                "north": { "texture": "#0", "uv": [ 3.0, 8.0, 4.0, 9.50000000745058 ] },
                "east": { "texture": "#0", "uv": [ 2.0, 8.0, 2.7999999970197678, 9.50000000745058 ] },
                "south": { "texture": "#0", "uv": [ 3.0, 7.0, 4.0, 8.50000000745058 ] },
                "west": { "texture": "#0", "uv": [ 3.0, 9.0, 3.7999999970197678, 10.50000000745058 ] },
                "up": { "texture": "#0", "uv": [ 2.0, 8.0, 3.0, 8.799999997019768 ] },
                "down": { "texture": "#0", "uv": [ 2.0, 8.0, 3.0, 8.799999997019768 ] }
            }
        },
        {
            "name": "Cube",
            "from": [ 7.599999986588955, 6.5000000014901165, 7.5999999940395355 ], 
            "to": [ 8.099999994039536, 10.40000003874302, 8.399999991059303 ], 
            "faces": {
                "north": { "texture": "#0", "uv": [ 3.0, 8.0, 4.0, 9.50000000745058 ] },
                "east": { "texture": "#0", "uv": [ 2.0, 8.0, 2.7999999970197678, 9.50000000745058 ] },
                "south": { "texture": "#0", "uv": [ 3.0, 7.0, 4.0, 8.50000000745058 ] },
                "west": { "texture": "#0", "uv": [ 3.0, 9.0, 3.7999999970197678, 10.50000000745058 ] },
                "up": { "texture": "#0", "uv": [ 2.0, 8.0, 3.0, 8.799999997019768 ] },
                "down": { "texture": "#0", "uv": [ 2.0, 8.0, 3.0, 8.799999997019768 ] }
            }
        },
        {
            "name": "Cube",
            "from": [ 7.099999979138374, 10.100000010430813, 7.5999999940395355 ], 
            "to": [ 7.599999986588955, 13.800000029802323, 8.399999991059303 ], 
            "faces": {
                "north": { "texture": "#0", "uv": [ 3.0, 2.0, 4.0, 3.5000000074505806 ] },
                "east": { "texture": "#0", "uv": [ 2.0, 2.0, 2.7999999970197678, 3.5000000074505806 ] },
                "south": { "texture": "#0", "uv": [ 2.0, 2.0, 3.0, 3.5000000074505806 ] },
                "west": { "texture": "#0", "uv": [ 3.0, 2.0, 3.7999999970197678, 3.5000000074505806 ] },
                "up": { "texture": "#0", "uv": [ 2.0, 2.0, 3.0, 2.7999999970197678 ] },
                "down": { "texture": "#0", "uv": [ 2.0, 1.0, 3.0, 1.7999999970197678 ] }
            }
        },
        {
            "name": "Cube",
            "from": [ 7.599999986588955, 10.400000014901162, 7.599999998509884 ], 
            "to": [ 8.099999994039536, 14.100000034272671, 8.399999995529651 ], 
            "faces": {
                "north": { "texture": "#0", "uv": [ 3.0, 2.0, 4.0, 3.5000000074505806 ] },
                "east": { "texture": "#0", "uv": [ 2.0, 2.0, 2.7999999970197678, 3.5000000074505806 ] },
                "south": { "texture": "#0", "uv": [ 2.0, 2.0, 3.0, 3.5000000074505806 ] },
                "west": { "texture": "#0", "uv": [ 3.0, 2.0, 3.7999999970197678, 3.5000000074505806 ] },
                "up": { "texture": "#0", "uv": [ 2.0, 2.0, 3.0, 2.7999999970197678 ] },
                "down": { "texture": "#0", "uv": [ 2.0, 1.0, 3.0, 1.7999999970197678 ] }
            }
        },
        {
            "name": "Cube",
            "from": [ 7.099999979138374, 6.4, 7.5999999940395355 ], 
            "to": [ 7.499999985098839, 10.100000034272671, 8.399999991059303 ], 
            "faces": {
                "north": { "texture": "#0", "uv": [ 3.0, 8.0, 4.0, 9.50000000745058 ] },
                "east": { "texture": "#0", "uv": [ 2.0, 8.0, 2.7999999970197678, 9.50000000745058 ] },
                "south": { "texture": "#0", "uv": [ 3.0, 7.0, 4.0, 8.50000000745058 ] },
                "west": { "texture": "#0", "uv": [ 3.0, 9.0, 3.7999999970197678, 10.50000000745058 ] },
                "up": { "texture": "#0", "uv": [ 2.0, 8.0, 3.0, 8.799999997019768 ] },
                "down": { "texture": "#0", "uv": [ 2.0, 8.0, 3.0, 8.799999997019768 ] }
            }
        },
        {
            "name": "Cube",
            "from": [ 7.499999985098839, 6.5000000014901165, 7.5999999940395355 ], 
            "to": [ 7.599999986588955, 10.100000034272671, 8.399999991059303 ], 
            "faces": {
                "north": { "texture": "#0", "uv": [ 3.0, 8.0, 4.0, 9.50000000745058 ] },
                "east": { "texture": "#0", "uv": [ 2.0, 8.0, 2.7999999970197678, 9.50000000745058 ] },
                "south": { "texture": "#0", "uv": [ 3.0, 7.0, 4.0, 8.50000000745058 ] },
                "west": { "texture": "#0", "uv": [ 3.0, 9.0, 3.7999999970197678, 10.50000000745058 ] },
                "up": { "texture": "#0", "uv": [ 2.0, 8.0, 3.0, 8.799999997019768 ] },
                "down": { "texture": "#0", "uv": [ 2.0, 8.0, 3.0, 8.799999997019768 ] }
            }
        },
        {
            "name": "Cube",
            "from": [ 7.399999983608723, 13.799999998509884, 7.5999999940395355 ], 
            "to": [ 7.599999986588955, 15.3, 8.399999991059303 ], 
            "faces": {
                "north": { "texture": "#0", "uv": [ 3.0, 8.0, 4.0, 9.50000000745058 ] },
                "east": { "texture": "#0", "uv": [ 2.0, 8.0, 2.7999999970197678, 9.50000000745058 ] },
                "south": { "texture": "#0", "uv": [ 3.0, 7.0, 4.0, 8.50000000745058 ] },
                "west": { "texture": "#0", "uv": [ 3.0, 9.0, 3.7999999970197678, 10.50000000745058 ] },
                "up": { "texture": "#0", "uv": [ 2.0, 8.0, 3.0, 8.799999997019768 ] },
                "down": { "texture": "#0", "uv": [ 2.0, 8.0, 3.0, 8.799999997019768 ] }
            }
        },
        {
            "name": "Cube",
            "from": [ 7.599999986588955, 14.100000002980233, 7.5999999940395355 ], 
            "to": [ 8.099999994039536, 15.600000004470349, 8.399999991059303 ], 
            "faces": {
                "north": { "texture": "#0", "uv": [ 3.0, 8.0, 4.0, 9.50000000745058 ] },
                "east": { "texture": "#0", "uv": [ 2.0, 8.0, 2.7999999970197678, 9.50000000745058 ] },
                "south": { "texture": "#0", "uv": [ 3.0, 7.0, 4.0, 8.50000000745058 ] },
                "west": { "texture": "#0", "uv": [ 3.0, 9.0, 3.7999999970197678, 10.50000000745058 ] },
                "up": { "texture": "#0", "uv": [ 2.0, 8.0, 3.0, 8.799999997019768 ] },
                "down": { "texture": "#0", "uv": [ 2.0, 8.0, 3.0, 8.799999997019768 ] }
            }
        },
        {
            "name": "Cube",
            "from": [ 8.5, 13.900000007450581, 7.5999999940395355 ], 
            "to": [ 8.800000004470348, 14.400000023841859, 8.399999991059303 ], 
            "faces": {
                "north": { "texture": "#0", "uv": [ 3.0, 8.0, 4.0, 9.50000000745058 ] },
                "east": { "texture": "#0", "uv": [ 2.0, 8.0, 2.7999999970197678, 9.50000000745058 ] },
                "south": { "texture": "#0", "uv": [ 3.0, 7.0, 4.0, 8.50000000745058 ] },
                "west": { "texture": "#0", "uv": [ 3.0, 9.0, 3.7999999970197678, 10.50000000745058 ] },
                "up": { "texture": "#0", "uv": [ 2.0, 8.0, 3.0, 8.799999997019768 ] },
                "down": { "texture": "#0", "uv": [ 2.0, 8.0, 3.0, 8.799999997019768 ] }
            }
        },
        {
            "name": "Cube",
            "from": [ 8.5, 14.400000014901162, 7.5999999940395355 ], 
            "to": [ 8.700000002980232, 14.90000003129244, 8.399999991059303 ], 
            "faces": {
                "north": { "texture": "#0", "uv": [ 3.0, 8.0, 4.0, 9.50000000745058 ] },
                "east": { "texture": "#0", "uv": [ 2.0, 8.0, 2.7999999970197678, 9.50000000745058 ] },
                "south": { "texture": "#0", "uv": [ 3.0, 7.0, 4.0, 8.50000000745058 ] },
                "west": { "texture": "#0", "uv": [ 3.0, 9.0, 3.7999999970197678, 10.50000000745058 ] },
                "up": { "texture": "#0", "uv": [ 2.0, 8.0, 3.0, 8.799999997019768 ] },
                "down": { "texture": "#0", "uv": [ 2.0, 8.0, 3.0, 8.799999997019768 ] }
            }
        },
        {
            "name": "Cube",
            "from": [ 8.5, 14.900000022351742, 7.5999999940395355 ], 
            "to": [ 8.600000001490116, 15.300000037252904, 8.399999991059303 ], 
            "faces": {
                "north": { "texture": "#0", "uv": [ 3.0, 8.0, 4.0, 9.50000000745058 ] },
                "east": { "texture": "#0", "uv": [ 2.0, 8.0, 2.7999999970197678, 9.50000000745058 ] },
                "south": { "texture": "#0", "uv": [ 3.0, 7.0, 4.0, 8.50000000745058 ] },
                "west": { "texture": "#0", "uv": [ 3.0, 9.0, 3.7999999970197678, 10.50000000745058 ] },
                "up": { "texture": "#0", "uv": [ 2.0, 8.0, 3.0, 8.799999997019768 ] },
                "down": { "texture": "#0", "uv": [ 2.0, 8.0, 3.0, 8.799999997019768 ] }
            }
        },
        {
            "name": "Cube",
            "from": [ 7.099999979138374, 13.799999998509884, 7.5999999940395355 ], 
            "to": [ 7.399999983608723, 13.899999994039536, 8.399999991059303 ], 
            "faces": {
                "north": { "texture": "#0", "uv": [ 3.0, 8.0, 4.0, 9.50000000745058 ] },
                "east": { "texture": "#0", "uv": [ 2.0, 8.0, 2.7999999970197678, 9.50000000745058 ] },
                "south": { "texture": "#0", "uv": [ 3.0, 7.0, 4.0, 8.50000000745058 ] },
                "west": { "texture": "#0", "uv": [ 3.0, 9.0, 3.7999999970197678, 10.50000000745058 ] },
                "up": { "texture": "#0", "uv": [ 2.0, 8.0, 3.0, 8.799999997019768 ] },
                "down": { "texture": "#0", "uv": [ 2.0, 8.0, 3.0, 8.799999997019768 ] }
            }
        },
        {
            "name": "Cube",
            "from": [ 7.1999999806284904, 13.9, 7.5999999940395355 ], 
            "to": [ 7.399999983608723, 14.400000001490117, 8.399999991059303 ], 
            "faces": {
                "north": { "texture": "#0", "uv": [ 3.0, 8.0, 4.0, 9.50000000745058 ] },
                "east": { "texture": "#0", "uv": [ 2.0, 8.0, 2.7999999970197678, 9.50000000745058 ] },
                "south": { "texture": "#0", "uv": [ 3.0, 7.0, 4.0, 8.50000000745058 ] },
                "west": { "texture": "#0", "uv": [ 3.0, 9.0, 3.7999999970197678, 10.50000000745058 ] },
                "up": { "texture": "#0", "uv": [ 2.0, 8.0, 3.0, 8.799999997019768 ] },
                "down": { "texture": "#0", "uv": [ 2.0, 8.0, 3.0, 8.799999997019768 ] }
            }
        },
        {
            "name": "Cube",
            "from": [ 7.299999982118607, 14.400000007450581, 7.5999999940395355 ], 
            "to": [ 7.399999983608723, 14.900000008940697, 8.399999991059303 ], 
            "faces": {
                "north": { "texture": "#0", "uv": [ 3.0, 8.0, 4.0, 9.50000000745058 ] },
                "east": { "texture": "#0", "uv": [ 2.0, 8.0, 2.7999999970197678, 9.50000000745058 ] },
                "south": { "texture": "#0", "uv": [ 3.0, 7.0, 4.0, 8.50000000745058 ] },
                "west": { "texture": "#0", "uv": [ 3.0, 9.0, 3.7999999970197678, 10.50000000745058 ] },
                "up": { "texture": "#0", "uv": [ 2.0, 8.0, 3.0, 8.799999997019768 ] },
                "down": { "texture": "#0", "uv": [ 2.0, 8.0, 3.0, 8.799999997019768 ] }
            }
        },
        {
            "name": "Cube",
            "from": [ 7.499999985098839, 15.300000020861626, 7.5999999940395355 ], 
            "to": [ 7.599999986588955, 15.60000001937151, 8.399999991059303 ], 
            "faces": {
                "north": { "texture": "#0", "uv": [ 3.0, 8.0, 4.0, 9.50000000745058 ] },
                "east": { "texture": "#0", "uv": [ 2.0, 8.0, 2.7999999970197678, 9.50000000745058 ] },
                "south": { "texture": "#0", "uv": [ 3.0, 7.0, 4.0, 8.50000000745058 ] },
                "west": { "texture": "#0", "uv": [ 3.0, 9.0, 3.7999999970197678, 10.50000000745058 ] },
                "up": { "texture": "#0", "uv": [ 2.0, 8.0, 3.0, 8.799999997019768 ] },
                "down": { "texture": "#0", "uv": [ 2.0, 8.0, 3.0, 8.799999997019768 ] }
            }
        },
        {
            "name": "Cube",
            "from": [ 7.799999989569187, 15.600000010430813, 7.5999999940395355 ], 
            "to": [ 8.199999995529652, 16.200000013411046, 8.399999991059303 ], 
            "faces": {
                "north": { "texture": "#0", "uv": [ 3.0, 2.0, 4.0, 3.5000000074505806 ] },
                "east": { "texture": "#0", "uv": [ 2.0, 3.0, 2.7999999970197678, 4.500000007450581 ] },
                "south": { "texture": "#0", "uv": [ 3.0, 3.0, 4.0, 4.500000007450581 ] },
                "west": { "texture": "#0", "uv": [ 2.0, 3.0, 2.7999999970197678, 4.500000007450581 ] },
                "up": { "texture": "#0", "uv": [ 2.0, 3.0, 3.0, 3.7999999970197678 ] },
                "down": { "texture": "#0", "uv": [ 2.0, 3.0, 3.0, 3.7999999970197678 ] }
            }
        },
        {
            "name": "Cube",
            "from": [ 7.599999986588955, 15.600000010430813, 7.5999999940395355 ], 
            "to": [ 8.399999998509884, 15.900000008940697, 8.399999991059303 ], 
            "faces": {
                "north": { "texture": "#0", "uv": [ 3.0, 2.0, 4.0, 3.5000000074505806 ] },
                "east": { "texture": "#0", "uv": [ 2.0, 3.0, 2.7999999970197678, 4.500000007450581 ] },
                "south": { "texture": "#0", "uv": [ 3.0, 3.0, 4.0, 4.500000007450581 ] },
                "west": { "texture": "#0", "uv": [ 2.0, 3.0, 2.7999999970197678, 4.500000007450581 ] },
                "up": { "texture": "#0", "uv": [ 2.0, 3.0, 3.0, 3.7999999970197678 ] },
                "down": { "texture": "#0", "uv": [ 2.0, 3.0, 3.0, 3.7999999970197678 ] }
    }
}
],
"display": {
    "thirdperson": {
        "rotation": [ 0, 266, 86 ],
        "translation": [ 0.00, 0.75, -5.25 ],
        "scale": [ 1.50, 2.00, 1.50 ]
    },
    "firstperson": {
        "rotation": [ 0, 66, 352 ],
        "translation": [ 0.00, 6.50, 0.00 ],
        "scale": [ 2.00, 2.50, 2.00 ]
    },
    "gui": {
        "rotation": [ 326, 120, 324 ],
        "translation": [ 0.00, 0.00, 0.00 ],
        "scale": [ 1.25, 1.50, 1.25 ]
    }
}
}