{
	"__comment": "Designed by Colin0904 with Cubik Studio - https://cubik.studio",
	"textures": {
		"particle": "items/e_particle",
		"texture": "items/shield"
	},
	"elements": [
		{
			"__comment": "Cube1",
			"from": [ 3.5, 1.5, 2.5 ],
			"to": [ 12.5, 2, 13 ],
			"faces": {
				"down": { "uv": [ 4, 3, 12, 13 ], "texture": "#texture" },
				"up": { "uv": [ 4, 3, 12, 13 ], "texture": "#texture" },
				"north": { "uv": [ 4, 3, 12, 13 ], "texture": "#texture" },
				"south": { "uv": [ 4, 3, 12, 13 ], "texture": "#texture" },
				"west": { "uv": [ 4, 3, 12, 13 ], "texture": "#texture" },
				"east": { "uv": [ 4, 3, 12, 13 ], "texture": "#texture" }
			}
		},
		{
			"__comment": "Cube1",
			"from": [ 2.5, 0.5, 2.5 ],
			"to": [ 13.5, 1.5, 13 ],
			"faces": {
				"down": { "uv": [ 2.5, 4, 3.5, 12 ], "texture": "#texture" },
				"up": { "uv": [ 2.5, 3, 3.5, 13 ], "texture": "#texture" },
				"north": { "uv": [ 2.5, 4, 3.5, 12 ], "texture": "#texture" },
				"south": { "uv": [ 2.5, 4, 3.5, 12 ], "texture": "#texture" },
				"west": { "uv": [ 2.5, 4, 3.5, 12 ], "texture": "#texture" },
				"east": { "uv": [ 2.5, 4, 3.5, 12 ], "texture": "#texture" }
			}
		},
		{
			"__comment": "Cube3",
			"from": [ 7.5, -4, 10.5 ],
			"to": [ 8.5, 0.5, 11 ],
			"faces": {
				"down": { "uv": [ 15, 6, 15.5, 8 ], "texture": "#texture" },
				"up": { "uv": [ 15, 6, 15.5, 8 ], "texture": "#texture" },
				"north": { "uv": [ 15, 6, 15.5, 8 ], "texture": "#texture" },
				"south": { "uv": [ 15, 6, 15.5, 8 ], "texture": "#texture" },
				"west": { "uv": [ 15, 6, 15.5, 8 ], "texture": "#texture" },
				"east": { "uv": [ 15, 6, 15.5, 8 ], "texture": "#texture" }
			}
		},
		{
			"__comment": "Cube3",
			"from": [ 7.5, -4.5, 4.5 ],
			"to": [ 8.5, -4, 11 ],
			"faces": {
				"down": { "uv": [ 15, 10.5, 15.5, 11 ], "texture": "#texture" },
				"up": { "uv": [ 15, 10.5, 15.5, 11 ], "texture": "#texture" },
				"north": { "uv": [ 15, 10.5, 15.5, 11 ], "texture": "#texture" },
				"south": { "uv": [ 15, 10.5, 15.5, 11 ], "texture": "#texture" },
				"west": { "uv": [ 15, 10.5, 15.5, 11 ], "texture": "#texture" },
				"east": { "uv": [ 15, 10.5, 15.5, 11 ], "texture": "#texture" }
			}
		},
		{
			"__comment": "Cube3",
			"from": [ 7.5, -4, 4.5 ],
			"to": [ 8.5, 0.5, 5 ],
			"faces": {
				"down": { "uv": [ 15, 6, 15.5, 8 ], "texture": "#texture" },
				"up": { "uv": [ 15, 6, 15.5, 8 ], "texture": "#texture" },
				"north": { "uv": [ 15, 6, 15.5, 8 ], "texture": "#texture" },
				"south": { "uv": [ 15, 6, 15.5, 8 ], "texture": "#texture" },
				"west": { "uv": [ 15, 6, 15.5, 8 ], "texture": "#texture" },
				"east": { "uv": [ 15, 6, 15.5, 8 ], "texture": "#texture" }
			}
		},
		{
			"__comment": "Cube8",
			"from": [ 2.5, 0.5, 1.5 ],
			"to": [ 13.5, 1.5, 2.5 ],
			"faces": {
				"down": { "uv": [ 2.5, 2, 13.5, 3 ], "texture": "#texture" },
				"up": { "uv": [ 2, 1.5, 14, 3 ], "texture": "#texture" },
				"north": { "uv": [ 4.5, 13, 11.5, 14 ], "texture": "#texture" },
				"south": { "uv": [ 4.5, 13, 11.5, 14 ], "texture": "#texture" },
				"west": { "uv": [ 11.5, 13, 13.5, 14 ], "texture": "#texture" },
				"east": { "uv": [ 2.5, 13, 4, 14 ], "texture": "#texture" }
			}
		},
		{
			"__comment": "Cube8",
			"from": [ 2.5, 0.5, 13 ],
			"to": [ 13.5, 1.5, 14 ],
			"faces": {
				"down": { "uv": [ 2.5, 13, 13.5, 14 ], "texture": "#texture" },
				"up": { "uv": [ 2, 1.5, 14, 3 ], "texture": "#texture", "rotation": 180 },
				"north": { "uv": [ 2.5, 2, 13.5, 3 ], "texture": "#texture" },
				"south": { "uv": [ 2.5, 2, 13.5, 3 ], "texture": "#texture" },
				"west": { "uv": [ 3, 13, 4.5, 13.5 ], "texture": "#texture" },
				"east": { "uv": [ 3, 13, 4, 13.5 ], "texture": "#texture" }
    }
}
], 
"display": {
    "thirdperson": {
        "rotation": [ 4, 0, 90 ],
        "translation": [ -5.00, 0.50, -0.50 ],
        "scale": [ 1.00, 1.00, 1.00 ]
    },
    "firstperson": {
        "rotation": [ 90, 217, 91 ],
        "translation": [ 0.00, 4.25, -0.50 ],
        "scale": [ 1.70, 1.70, 1.70 ]
    },
    "gui": {
        "rotation": [ 66, 136, 0 ],
        "translation": [ 0.00, -1.50, 0.00 ],
        "scale": [ 1.00, 1.00, 1.00 ]
    },
    "head": {
        "rotation": [ 0, 180, 0 ],
        "translation": [ 0.25, 1.00, -4.50 ],
        "scale": [ 1.30, 1.30, 1.30 ]
		}
	}
}