{
	"__comment": "Model generated using MrCrayfish's Model Creator (http://mrcrayfish.com/modelcreator/)",
	"ambientocclusion": false,
	"textures": {
		"0": "items/roundmace_textures",
		"1": "items/roundmace_textures"
	},
	"elements": [
		{
			"from": [ 7.6, -1.5, 7.6 ],
			"to": [ 8.4, -1.3, 8.4 ],
			"faces": {
				"down": { "uv": [ 12, 11, 12.4, 11.4 ], "texture": "#0" },
				"up": { "uv": [ 10, 9, 10.4, 9.4 ], "texture": "#0" },
				"north": { "uv": [ 14, 15, 14.4, 15.2 ], "texture": "#0" },
				"south": { "uv": [ 11, 10, 11.4, 10.2 ], "texture": "#0" },
				"west": { "uv": [ 11, 10, 11.4, 10.2 ], "texture": "#0" },
				"east": { "uv": [ 9, 12, 9.4, 12.2 ], "texture": "#0" }
			}
		},
		{
			"from": [ 7.5, -1.3, 7.5 ],
			"to": [ 8.5, -0.9999999, 8.5 ],
			"faces": {
				"down": { "uv": [ 12, 11, 12.6, 11.6 ], "texture": "#0" },
				"up": { "uv": [ 10, 9, 10.6, 9.6 ], "texture": "#0" },
				"north": { "uv": [ 14, 15, 14.6, 15.3 ], "texture": "#0" },
				"south": { "uv": [ 11, 10, 11.6, 10.3 ], "texture": "#0" },
				"west": { "uv": [ 11, 10, 11.6, 10.3 ], "texture": "#0" },
				"east": { "uv": [ 9, 12, 9.6, 12.3 ], "texture": "#0" }
			}
		},
		{
			"from": [ 7.4, -1, 7.4 ],
			"to": [ 8.6, -0.7, 8.6 ],
			"faces": {
				"down": { "uv": [ 4, 10, 4.8, 10.8 ], "texture": "#0" },
				"up": { "uv": [ 4, 10, 4.8, 10.8 ], "texture": "#0" },
				"north": { "uv": [ 3, 12, 3.8, 12.3 ], "texture": "#0" },
				"south": { "uv": [ 0, 10, 0.8, 10.3 ], "texture": "#0" },
				"west": { "uv": [ 2, 10, 2.8, 10.3 ], "texture": "#0" },
				"east": { "uv": [ 4, 12, 4.8, 12.3 ], "texture": "#0" }
			}
		},
		{
			"__comment": "grip_start",
			"from": [ 7.8, -0.7, 7.7 ],
			"to": [ 8, 3.8, 8.3 ],
			"faces": {
				"down": { "uv": [ 5, 5, 5.3, 5.6 ], "texture": "#0" },
				"up": { "uv": [ 4, 4, 4.3, 4.6 ], "texture": "#0" },
				"north": { "uv": [ 3, 4, 3.3, 7 ], "texture": "#0" },
				"south": { "uv": [ 3, 3, 3.3, 6 ], "texture": "#0" },
				"west": { "uv": [ 2, 5, 2.6, 8 ], "texture": "#0" },
				"east": { "uv": [ 4, 4, 4.6, 7 ], "texture": "#0" }
			}
		},
		{
			"from": [ 8, -0.7, 7.7 ],
			"to": [ 8.2, 3.8, 8.3 ],
			"faces": {
				"down": { "uv": [ 13, 3, 13.3, 3.6 ], "texture": "#0" },
				"up": { "uv": [ 9, 4, 9.3, 4.6 ], "texture": "#0" },
				"north": { "uv": [ 11, 2, 11.3, 5 ], "texture": "#0" },
				"south": { "uv": [ 13, 3, 13.3, 6 ], "texture": "#0" },
				"west": { "uv": [ 11, 2, 11.6, 5 ], "texture": "#0" },
				"east": { "uv": [ 10, 4, 10.6, 7 ], "texture": "#0" }
			}
		},
		{
			"from": [ 8.2, -0.7, 7.6 ],
			"to": [ 8.3, 3.8, 8.4 ],
			"faces": {
				"down": { "uv": [ 10, 5, 10.1, 5.8 ], "texture": "#0" },
				"up": { "uv": [ 9, 5, 9.1, 5.8 ], "texture": "#0" },
				"north": { "uv": [ 10, 5, 10.1, 6.9 ], "texture": "#0" },
				"south": { "uv": [ 10, 6, 10.1, 6.9 ], "texture": "#0" },
				"west": { "uv": [ 9, 6, 9.8, 6.9 ], "texture": "#0" },
				"east": { "uv": [ 10, 6, 10.8, 6.9 ], "texture": "#0" }
			}
		},
		{
			"from": [ 8.3, -0.7, 7.7 ],
			"to": [ 8.4, 3.8, 8.3 ],
			"faces": {
				"down": { "uv": [ 11, 5, 11.1, 5.6 ], "texture": "#0" },
				"up": { "uv": [ 10, 5, 10.1, 5.6 ], "texture": "#0" },
				"north": { "uv": [ 10, 6, 10.1, 6.8 ], "texture": "#0" },
				"south": { "uv": [ 10, 6, 10.1, 6.8 ], "texture": "#0" },
				"west": { "uv": [ 10, 6, 10.6, 6.8 ], "texture": "#0" },
				"east": { "uv": [ 10, 6, 10.6, 6.8 ], "texture": "#0" }
			}
		},
		{
			"from": [ 7.7, -0.7, 7.6 ],
			"to": [ 7.8, 3.8, 8.4 ],
			"faces": {
				"down": { "uv": [ 5, 5, 5.1, 5.8 ], "texture": "#0" },
				"up": { "uv": [ 4, 4, 4.1, 4.8 ], "texture": "#0" },
				"north": { "uv": [ 3, 4, 3.1, 6.9 ], "texture": "#0" },
				"south": { "uv": [ 3, 3, 3.1, 5.9 ], "texture": "#0" },
				"west": { "uv": [ 2, 5, 2.8, 7.9 ], "texture": "#0" },
				"east": { "uv": [ 4, 4, 4.8, 6.9 ], "texture": "#0" }
			}
		},
		{
			"from": [ 7.6, -0.7, 7.7 ],
			"to": [ 7.7, 3.8, 8.3 ],
			"faces": {
				"down": { "uv": [ 2, 5, 2.1, 5.6 ], "texture": "#0" },
				"up": { "uv": [ 2, 6, 2.1, 6.6 ], "texture": "#0" },
				"north": { "uv": [ 2, 5, 2.1, 5.8 ], "texture": "#0" },
				"south": { "uv": [ 2, 6, 2.1, 6.8 ], "texture": "#0" },
				"west": { "uv": [ 2, 5, 2.6, 6.8 ], "texture": "#0" },
				"east": { "uv": [ 1, 5, 1.6, 6.8 ], "texture": "#0" }
			}
		},
		{
			"from": [ 7.8, -0.7, 8.3 ],
			"to": [ 8, 3.8, 8.4 ],
			"faces": {
				"down": { "uv": [ 5, 5, 5.3, 5.1 ], "texture": "#0" },
				"up": { "uv": [ 4, 4, 4.3, 4.1 ], "texture": "#0" },
				"north": { "uv": [ 3, 4, 3.3, 6.9 ], "texture": "#0" },
				"south": { "uv": [ 3, 3, 3.3, 5.9 ], "texture": "#0" },
				"west": { "uv": [ 2, 5, 2.1, 7.9 ], "texture": "#0" },
				"east": { "uv": [ 4, 4, 4.1, 6.9 ], "texture": "#0" }
			}
		},
		{
			"from": [ 7.7, -0.7, 8.4 ],
			"to": [ 8, 3.8, 8.5 ],
			"faces": {
				"down": { "uv": [ 5, 5, 5.3, 5.1 ], "texture": "#0" },
				"up": { "uv": [ 2, 6, 2.3, 6.1 ], "texture": "#0" },
				"north": { "uv": [ 3, 5, 3.3, 6.8 ], "texture": "#0" },
				"south": { "uv": [ 3, 5, 3.3, 7.8 ], "texture": "#0" },
				"west": { "uv": [ 2, 5, 2.1, 6.8 ], "texture": "#0" },
				"east": { "uv": [ 3, 5, 3.1, 6.8 ], "texture": "#0" }
			}
		},
		{
			"from": [ 8, -0.7, 8.3 ],
			"to": [ 8.2, 3.8, 8.4 ],
			"faces": {
				"down": { "uv": [ 13, 3, 13.3, 3.1 ], "texture": "#0" },
				"up": { "uv": [ 9, 4, 9.3, 4.1 ], "texture": "#0" },
				"north": { "uv": [ 11, 2, 11.3, 4.9 ], "texture": "#0" },
				"south": { "uv": [ 13, 3, 13.3, 5.9 ], "texture": "#0" },
				"west": { "uv": [ 11, 2, 11.1, 4.9 ], "texture": "#0" },
				"east": { "uv": [ 10, 4, 10.1, 6.9 ], "texture": "#0" }
			}
		},
		{
			"from": [ 8, -0.7, 8.4 ],
			"to": [ 8.3, 3.8, 8.5 ],
			"faces": {
				"down": { "uv": [ 11, 5, 11.3, 5.1 ], "texture": "#0" },
				"up": { "uv": [ 9, 5, 9.3, 5.1 ], "texture": "#0" },
				"north": { "uv": [ 10, 6, 10.3, 6.8 ], "texture": "#0" },
				"south": { "uv": [ 10, 5, 10.3, 6.8 ], "texture": "#0" },
				"west": { "uv": [ 10, 5, 10.1, 6.8 ], "texture": "#0" },
				"east": { "uv": [ 10, 5, 10.1, 6.8 ], "texture": "#0" }
			}
		},
		{
			"from": [ 8, -0.7, 7.6 ],
			"to": [ 8.2, 3.8, 7.699999 ],
			"faces": {
				"down": { "uv": [ 10, 6, 10.3, 6.1 ], "texture": "#0" },
				"up": { "uv": [ 9, 5, 9.3, 5.1 ], "texture": "#0" },
				"north": { "uv": [ 9, 5, 9.3, 5.8 ], "texture": "#0" },
				"south": { "uv": [ 10, 6, 10.3, 6.8 ], "texture": "#0" },
				"west": { "uv": [ 10, 5, 10.1, 6.8 ], "texture": "#0" },
				"east": { "uv": [ 10, 5, 10.1, 6.8 ], "texture": "#0" }
			}
		},
		{
			"from": [ 8.099999, -0.7, 7.6 ],
			"to": [ 8.299999, 3.8, 7.699999 ],
			"faces": {
				"down": { "uv": [ 10.5, 4.5, 10.6, 7.4 ], "texture": "#0" },
				"up": { "uv": [ 10.5, 4.5, 10.6, 7.4 ], "texture": "#0" },
				"north": { "uv": [ 10.5, 4.5, 10.6, 7.4 ], "texture": "#0" },
				"south": { "uv": [ 10.5, 4.5, 10.6, 7.4 ], "texture": "#0" },
				"west": { "uv": [ 10.5, 4.5, 10.6, 7.4 ], "texture": "#0" },
				"east": { "uv": [ 10.5, 4.5, 10.6, 7.4 ], "texture": "#0" }
			}
		},
		{
			"from": [ 7.7, -0.7, 7.6 ],
			"to": [ 8, 3.8, 7.699999 ],
			"faces": {
				"down": { "uv": [ 5, 5, 5.3, 5.1 ], "texture": "#0" },
				"up": { "uv": [ 4, 4, 4.3, 4.1 ], "texture": "#0" },
				"north": { "uv": [ 3, 4, 3.3, 6.9 ], "texture": "#0" },
				"south": { "uv": [ 3, 3, 3.3, 5.9 ], "texture": "#0" },
				"west": { "uv": [ 2, 5, 2.1, 7.9 ], "texture": "#0" },
				"east": { "uv": [ 4, 4, 4.1, 6.9 ], "texture": "#0" }
			}
		},
		{
			"__comment": "grip_end",
			"from": [ 7.9, -0.5, 7.6 ],
			"to": [ 8, 4, 7.699999 ],
			"faces": {
				"down": { "uv": [ 5, 5, 5.3, 5.1 ], "texture": "#0" },
				"up": { "uv": [ 4, 4, 4.3, 4.1 ], "texture": "#0" },
				"north": { "uv": [ 3, 4, 3.3, 6.8 ], "texture": "#0" },
				"south": { "uv": [ 3, 3, 3.3, 5.8 ], "texture": "#0" },
				"west": { "uv": [ 2, 5, 2.1, 7.8 ], "texture": "#0" },
				"east": { "uv": [ 4, 4, 4.1, 6.8 ], "texture": "#0" }
			}
		},
		{
			"from": [ 8, 3.6, 8.5 ],
			"to": [ 8.5, 3.8, 8.6 ],
			"faces": {
				"down": { "uv": [ 12, 10, 12.5, 10.1 ], "texture": "#0" },
				"up": { "uv": [ 9, 10, 9.5, 10.1 ], "texture": "#0" },
				"north": { "uv": [ 12, 10, 12.5, 10.2 ], "texture": "#0" },
				"south": { "uv": [ 13, 11, 13.5, 11.2 ], "texture": "#0" },
				"west": { "uv": [ 11, 11, 11.1, 11.2 ], "texture": "#0" },
				"east": { "uv": [ 10, 9, 10.1, 9.2 ], "texture": "#0" }
			}
		},
		{
			"from": [ 8, 3.6, 7.4 ],
			"to": [ 8.5, 3.8, 7.5 ],
			"faces": {
				"down": { "uv": [ 12, 10, 12.5, 10.1 ], "texture": "#0" },
				"up": { "uv": [ 9, 10, 9.5, 10.1 ], "texture": "#0" },
				"north": { "uv": [ 12, 10, 12.5, 10.2 ], "texture": "#0" },
				"south": { "uv": [ 13, 11, 13.5, 11.2 ], "texture": "#0" },
				"west": { "uv": [ 11, 11, 11.1, 11.2 ], "texture": "#0" },
				"east": { "uv": [ 9, 9, 14.1, 10.2 ], "texture": "#0" }
			}
		},
		{
			"from": [ 8.5, 3.6, 7.5 ],
			"to": [ 8.6, 3.8, 8.5 ],
			"faces": {
				"down": { "uv": [ 12, 10, 12.1, 11 ], "texture": "#0" },
				"up": { "uv": [ 9, 10, 9.1, 11 ], "texture": "#0" },
				"north": { "uv": [ 12, 10, 12.1, 10.2 ], "texture": "#0" },
				"south": { "uv": [ 13, 11, 13.1, 11.2 ], "texture": "#0" },
				"west": { "uv": [ 11, 11, 12, 11.2 ], "texture": "#0" },
				"east": { "uv": [ 10, 9, 11, 9.2 ], "texture": "#0" }
			}
		},
		{
			"from": [ 7.4, 3.6, 7.5 ],
			"to": [ 7.5, 3.8, 8.5 ],
			"faces": {
				"down": { "uv": [ 5, 11, 5.1, 12 ], "texture": "#0" },
				"up": { "uv": [ 1, 10, 1.1, 11 ], "texture": "#0" },
				"north": { "uv": [ 5, 9, 5.1, 9.2 ], "texture": "#0" },
				"south": { "uv": [ 6, 11, 6.1, 11.2 ], "texture": "#0" },
				"west": { "uv": [ 3, 11, 4, 11.2 ], "texture": "#0" },
				"east": { "uv": [ 4, 9, 5, 9.2 ], "texture": "#0" }
			}
		},
		{
			"from": [ 7.5, 3.6, 7.4 ],
			"to": [ 8, 3.8, 7.5 ],
			"faces": {
				"down": { "uv": [ 5, 10, 5.5, 10.1 ], "texture": "#0" },
				"up": { "uv": [ 5, 10, 5.5, 10.1 ], "texture": "#0" },
				"north": { "uv": [ 4, 11, 4.5, 11.2 ], "texture": "#0" },
				"south": { "uv": [ 6, 11, 6.5, 11.2 ], "texture": "#0" },
				"west": { "uv": [ 5, 10, 5.1, 10.2 ], "texture": "#0" },
				"east": { "uv": [ 1, 10, 6.1, 11.2 ], "texture": "#0" }
			}
		},
		{
			"from": [ 7.5, 3.6, 8.5 ],
			"to": [ 8, 3.8, 8.6 ],
			"faces": {
				"down": { "uv": [ 5, 10, 5.5, 10.1 ], "texture": "#0" },
				"up": { "uv": [ 5, 10, 5.5, 10.1 ], "texture": "#0" },
				"north": { "uv": [ 4, 11, 4.5, 11.2 ], "texture": "#0" },
				"south": { "uv": [ 6, 11, 6.5, 11.2 ], "texture": "#0" },
				"west": { "uv": [ 5, 10, 5.1, 10.2 ], "texture": "#0" },
				"east": { "uv": [ 1, 10, 6.1, 11.2 ], "texture": "#0" }
			}
		},
		{
			"from": [ 7.7, 3.6, 8.599999 ],
			"to": [ 8.3, 3.8, 8.699999 ],
			"faces": {
				"down": { "uv": [ 0, 11, 16, 10.1 ], "texture": "#0" },
				"up": { "uv": [ 0, 10, 16, 11.1 ], "texture": "#0" },
				"north": { "uv": [ 0, 10, 16, 10.2 ], "texture": "#0" },
				"south": { "uv": [ 0, 12, 16, 11.2 ], "texture": "#0" },
				"west": { "uv": [ 0, 11, 5, 11.2 ], "texture": "#0" },
				"east": { "uv": [ 10, 10, 14, 10.2 ], "texture": "#0" }
			}
		},
		{
			"from": [ 7.7, 3.6, 7.5 ],
			"to": [ 8.3, 3.8, 7.6 ],
			"faces": {
				"down": { "uv": [ 0, 11, 16, 10.1 ], "texture": "#0" },
				"up": { "uv": [ 0, 10, 16, 11.1 ], "texture": "#0" },
				"north": { "uv": [ 16, 11, 2.384186E-08, 12.2 ], "texture": "#0" },
				"south": { "uv": [ 0, 12, 16, 11.2 ], "texture": "#0" },
				"west": { "uv": [ 0, 11, 5, 11.2 ], "texture": "#0" },
				"east": { "uv": [ 10, 10, 14, 10.2 ], "texture": "#0" }
			}
		},
		{
			"from": [ 7.7, 3.8, 8.7 ],
			"to": [ 8.3, 4.1, 8.8 ],
			"faces": {
				"down": { "uv": [ 0, 11, 16, 10.1 ], "texture": "#0" },
				"up": { "uv": [ 0, 10, 16, 11.1 ], "texture": "#0" },
				"north": { "uv": [ 0, 10, 16, 10.2 ], "texture": "#0" },
				"south": { "uv": [ 0, 12, 16, 11.2 ], "texture": "#0" },
				"west": { "uv": [ 0, 11, 5, 11.2 ], "texture": "#0" },
				"east": { "uv": [ 10, 10, 14, 10.2 ], "texture": "#0" }
			}
		},
		{
			"from": [ 7.4, 3.8, 8.599999 ],
			"to": [ 8, 4.1, 8.699999 ],
			"faces": {
				"down": { "uv": [ 5, 10, 5.7, 10.1 ], "texture": "#0" },
				"up": { "uv": [ 5, 10, 5.7, 10.1 ], "texture": "#0" },
				"north": { "uv": [ 4, 11, 4.7, 11.3 ], "texture": "#0" },
				"south": { "uv": [ 6, 11, 6.7, 11.3 ], "texture": "#0" },
				"west": { "uv": [ 5, 10, 5.1, 10.3 ], "texture": "#0" },
				"east": { "uv": [ 1, 10, 6.1, 11.2 ], "texture": "#0" }
			}
		},
		{
			"from": [ 7.3, 3.8, 7.4 ],
			"to": [ 7.4, 4.1, 8.6 ],
			"faces": {
				"down": { "uv": [ 5, 11, 5.2, 12 ], "texture": "#0" },
				"up": { "uv": [ 1, 10, 1.2, 11 ], "texture": "#0" },
				"north": { "uv": [ 5, 9, 5.2, 9.3 ], "texture": "#0" },
				"south": { "uv": [ 6, 11, 6.2, 11.3 ], "texture": "#0" },
				"west": { "uv": [ 3, 11, 4, 11.3 ], "texture": "#0" },
				"east": { "uv": [ 4, 9, 5, 9.3 ], "texture": "#0" }
			}
		},
		{
			"__comment": "pin",
			"from": [ 7.7, -1.7, 7.7 ],
			"to": [ 8.3, -1.5, 8.3 ],
			"faces": {
				"down": { "uv": [ 12, 11, 12.4, 11.4 ], "texture": "#0" },
				"up": { "uv": [ 10, 9, 10.4, 9.4 ], "texture": "#0" },
				"north": { "uv": [ 14, 15, 14.4, 15.2 ], "texture": "#0" },
				"south": { "uv": [ 11, 10, 11.4, 10.2 ], "texture": "#0" },
				"west": { "uv": [ 11, 10, 11.4, 10.2 ], "texture": "#0" },
				"east": { "uv": [ 9, 12, 9.4, 12.2 ], "texture": "#0" }
			}
		},
		{
			"from": [ 7.8, -1.9, 7.8 ],
			"to": [ 8.199999, -1.7, 8.199999 ],
			"faces": {
				"down": { "uv": [ 12, 11, 12.4, 11.4 ], "texture": "#0" },
				"up": { "uv": [ 10, 9, 10.4, 9.4 ], "texture": "#0" },
				"north": { "uv": [ 14, 15, 14.4, 15.2 ], "texture": "#0" },
				"south": { "uv": [ 11, 10, 11.4, 10.2 ], "texture": "#0" },
				"west": { "uv": [ 11, 10, 11.4, 10.2 ], "texture": "#0" },
				"east": { "uv": [ 9, 12, 9.4, 12.2 ], "texture": "#0" }
			}
		},
		{
			"from": [ 7.4, 3.8, 7.3 ],
			"to": [ 8, 4.1, 7.4 ],
			"faces": {
				"down": { "uv": [ 5, 10, 5.7, 10.1 ], "texture": "#0" },
				"up": { "uv": [ 5, 10, 5.7, 10.1 ], "texture": "#0" },
				"north": { "uv": [ 4, 11, 4.7, 11.3 ], "texture": "#0" },
				"south": { "uv": [ 6, 11, 6.7, 11.3 ], "texture": "#0" },
				"west": { "uv": [ 5, 10, 5.1, 10.3 ], "texture": "#0" },
				"east": { "uv": [ 1, 10, 6.1, 11.2 ], "texture": "#0" }
			}
		},
		{
			"from": [ 7.2, 3.8, 7.7 ],
			"to": [ 7.3, 4.1, 8.3 ],
			"faces": {
				"down": { "uv": [ 1, 11, 6, 13 ], "texture": "#0" },
				"up": { "uv": [ 2, 10, 6, 12 ], "texture": "#0", "rotation": 90 },
				"north": { "uv": [ 1, 12, 6, 12.7 ], "texture": "#0" },
				"south": { "uv": [ 2, 10, 7, 11.3 ], "texture": "#0" },
				"west": { "uv": [ 1, 11, 6, 12.3 ], "texture": "#0" },
				"east": { "uv": [ 1, 11, 6, 11.3 ], "texture": "#0" }
			}
		},
		{
			"from": [ 8, 3.8, 7.3 ],
			"to": [ 8.6, 4.1, 8.6 ],
			"faces": {
				"down": { "uv": [ 11, 10, 11.7, 10.1 ], "texture": "#0" },
				"up": { "uv": [ 9, 10, 9.7, 10.1 ], "texture": "#0" },
				"north": { "uv": [ 12, 11, 12.7, 11.3 ], "texture": "#0" },
				"south": { "uv": [ 10, 11, 10.7, 11.3 ], "texture": "#0" },
				"west": { "uv": [ 11, 11, 11.1, 11.3 ], "texture": "#0" },
				"east": { "uv": [ 9, 11, 14.1, 12.2 ], "texture": "#0" }
			}
		},
		{
			"from": [ 8, 3.8, 8.599999 ],
			"to": [ 8.6, 4.1, 8.699999 ],
			"faces": {
				"down": { "uv": [ 11, 10, 11.7, 10.1 ], "texture": "#0" },
				"up": { "uv": [ 9, 10, 9.7, 10.1 ], "texture": "#0" },
				"north": { "uv": [ 12, 11, 12.7, 11.3 ], "texture": "#0" },
				"south": { "uv": [ 10, 11, 10.7, 11.3 ], "texture": "#0" },
				"west": { "uv": [ 11, 11, 11.1, 11.3 ], "texture": "#0" },
				"east": { "uv": [ 9, 11, 14.1, 12.2 ], "texture": "#0" }
			}
		},
		{
			"from": [ 8.599999, 3.8, 7.4 ],
			"to": [ 8.699999, 4.1, 8.6 ],
			"faces": {
				"down": { "uv": [ 11, 11, 11.2, 12 ], "texture": "#0" },
				"up": { "uv": [ 10, 11, 10.2, 12 ], "texture": "#0" },
				"north": { "uv": [ 12, 9, 12.2, 9.3 ], "texture": "#0" },
				"south": { "uv": [ 9, 11, 9.2, 11.3 ], "texture": "#0" },
				"west": { "uv": [ 11, 12, 12, 12.3 ], "texture": "#0" },
				"east": { "uv": [ 11, 10, 12, 10.3 ], "texture": "#0" }
			}
		},
		{
			"from": [ 8.7, 3.8, 7.7 ],
			"to": [ 8.8, 4.1, 8.3 ],
			"faces": {
				"down": { "uv": [ 10, 11, 15, 13 ], "texture": "#0" },
				"up": { "uv": [ 10, 11, 14, 13 ], "texture": "#0" },
				"north": { "uv": [ 10, 11, 15, 11.7 ], "texture": "#0" },
				"south": { "uv": [ 9, 10, 14, 11.3 ], "texture": "#0" },
				"west": { "uv": [ 10, 11, 15, 12.3 ], "texture": "#0" },
				"east": { "uv": [ 11, 12, 16, 12.3 ], "texture": "#0" }
			}
		},
		{
			"from": [ 8.5, 3.7, 8.5 ],
			"to": [ 8.6, 3.9, 8.6 ],
			"faces": {
				"down": { "uv": [ 12, 10, 12.5, 10.1 ], "texture": "#0" },
				"up": { "uv": [ 10, 12, 10.5, 12.1 ], "texture": "#0" },
				"north": { "uv": [ 12, 10, 12.5, 10.2 ], "texture": "#0" },
				"south": { "uv": [ 11, 12, 11.5, 12.2 ], "texture": "#0" },
				"west": { "uv": [ 10, 12, 10.1, 12.2 ], "texture": "#0" },
				"east": { "uv": [ 14, 9, 14.1, 9.2 ], "texture": "#0" }
			}
		},
		{
			"from": [ 8.5, 3.7, 7.4 ],
			"to": [ 8.6, 3.9, 7.5 ],
			"faces": {
				"down": { "uv": [ 12, 10, 12.5, 10.1 ], "texture": "#0" },
				"up": { "uv": [ 10, 12, 10.5, 12.1 ], "texture": "#0" },
				"north": { "uv": [ 12, 10, 12.5, 10.2 ], "texture": "#0" },
				"south": { "uv": [ 11, 12, 11.5, 12.2 ], "texture": "#0" },
				"west": { "uv": [ 10, 12, 10.1, 12.2 ], "texture": "#0" },
				"east": { "uv": [ 14, 9, 14.1, 9.2 ], "texture": "#0" }
			}
		},
		{
			"from": [ 7.4, 3.7, 7.4 ],
			"to": [ 7.5, 3.9, 7.5 ],
			"faces": {
				"down": { "uv": [ 6, 10, 6.5, 10.1 ], "texture": "#0" },
				"up": { "uv": [ 7, 12, 7.5, 12.1 ], "texture": "#0" },
				"north": { "uv": [ 5, 11, 5.5, 11.2 ], "texture": "#0" },
				"south": { "uv": [ 5, 11, 5.5, 11.2 ], "texture": "#0" },
				"west": { "uv": [ 4, 11, 4.1, 11.2 ], "texture": "#0" },
				"east": { "uv": [ 7, 11, 7.1, 11.2 ], "texture": "#0" }
			}
		},
		{
			"from": [ 7.4, 3.7, 8.5 ],
			"to": [ 7.5, 3.9, 8.6 ],
			"faces": {
				"down": { "uv": [ 6, 10, 6.5, 10.1 ], "texture": "#0" },
				"up": { "uv": [ 7, 12, 7.5, 12.1 ], "texture": "#0" },
				"north": { "uv": [ 5, 11, 5.5, 11.2 ], "texture": "#0" },
				"south": { "uv": [ 5, 11, 5.5, 11.2 ], "texture": "#0" },
				"west": { "uv": [ 4, 11, 4.1, 11.2 ], "texture": "#0" },
				"east": { "uv": [ 7, 11, 7.1, 11.2 ], "texture": "#0" }
			}
		},
		{
			"from": [ 7.5, 3.6, 8.4 ],
			"to": [ 7.7, 3.7, 8.5 ],
			"faces": {
				"down": { "uv": [ 6, 10, 6.5, 10.1 ], "texture": "#0" },
				"up": { "uv": [ 7, 12, 7.5, 12.1 ], "texture": "#0" },
				"north": { "uv": [ 5, 11, 5.5, 11.2 ], "texture": "#0" },
				"south": { "uv": [ 5, 11, 5.5, 11.2 ], "texture": "#0" },
				"west": { "uv": [ 4, 11, 4.1, 11.2 ], "texture": "#0" },
				"east": { "uv": [ 7, 11, 7.1, 11.2 ], "texture": "#0" }
			}
		},
		{
			"from": [ 7.5, 3.6, 7.5 ],
			"to": [ 7.7, 3.7, 7.6 ],
			"faces": {
				"down": { "uv": [ 6, 10, 6.5, 10.1 ], "texture": "#0" },
				"up": { "uv": [ 7, 12, 7.5, 12.1 ], "texture": "#0" },
				"north": { "uv": [ 5, 11, 5.5, 11.2 ], "texture": "#0" },
				"south": { "uv": [ 5, 11, 5.5, 11.2 ], "texture": "#0" },
				"west": { "uv": [ 4, 11, 4.1, 11.2 ], "texture": "#0" },
				"east": { "uv": [ 7, 11, 7.1, 11.2 ], "texture": "#0" }
			}
		},
		{
			"from": [ 7.7, 3.8, 7.2 ],
			"to": [ 8.3, 4.1, 7.3 ],
			"faces": {
				"down": { "uv": [ 0, 11, 16, 10.1 ], "texture": "#0" },
				"up": { "uv": [ 0, 10, 16, 11.1 ], "texture": "#0" },
				"north": { "uv": [ 0, 10, 16, 10.2 ], "texture": "#0" },
				"south": { "uv": [ 0, 12, 16, 11.2 ], "texture": "#0" },
				"west": { "uv": [ 0, 11, 5, 11.2 ], "texture": "#0" },
				"east": { "uv": [ 10, 10, 14, 10.2 ], "texture": "#0" }
			}
		},
		{
			"from": [ 7.5, 3.6, 8.3 ],
			"to": [ 7.7, 3.7, 8.4 ],
			"faces": {
				"down": { "uv": [ 6, 10, 6.5, 10.1 ], "texture": "#0" },
				"up": { "uv": [ 7, 12, 7.5, 12.1 ], "texture": "#0" },
				"north": { "uv": [ 5, 11, 5.5, 11.2 ], "texture": "#0" },
				"south": { "uv": [ 5, 11, 5.5, 11.2 ], "texture": "#0" },
				"west": { "uv": [ 4, 11, 4.1, 11.2 ], "texture": "#0" },
				"east": { "uv": [ 7, 11, 7.1, 11.2 ], "texture": "#0" }
			}
		},
		{
			"from": [ 7.5, 3.6, 7.6 ],
			"to": [ 7.7, 3.7, 7.7 ],
			"faces": {
				"down": { "uv": [ 6, 10, 6.5, 10.1 ], "texture": "#0" },
				"up": { "uv": [ 7, 12, 7.5, 12.1 ], "texture": "#0" },
				"north": { "uv": [ 5, 11, 5.5, 11.2 ], "texture": "#0" },
				"south": { "uv": [ 5, 11, 5.5, 11.2 ], "texture": "#0" },
				"west": { "uv": [ 4, 11, 4.1, 11.2 ], "texture": "#0" },
				"east": { "uv": [ 7, 11, 7.1, 11.2 ], "texture": "#0" }
			}
		},
		{
			"from": [ 8.3, 3.6, 7.6 ],
			"to": [ 8.5, 3.7, 7.7 ],
			"faces": {
				"down": { "uv": [ 9, 10, 9.5, 10.1 ], "texture": "#0" },
				"up": { "uv": [ 10, 12, 10.5, 12.1 ], "texture": "#0" },
				"north": { "uv": [ 10, 10, 10.5, 10.2 ], "texture": "#0" },
				"south": { "uv": [ 12, 12, 12.5, 12.2 ], "texture": "#0" },
				"west": { "uv": [ 12, 11, 12.1, 11.2 ], "texture": "#0" },
				"east": { "uv": [ 12, 11, 12.1, 11.2 ], "texture": "#0" }
			}
		},
		{
			"from": [ 8.4, 3.7, 7.6 ],
			"to": [ 8.5, 3.701, 7.7 ],
			"faces": {
				"down": { "uv": [ 9, 10, 9.5, 10.1 ], "texture": "#0" },
				"up": { "uv": [ 10, 12, 10.5, 12.1 ], "texture": "#0" },
				"north": { "uv": [ 10, 10, 10.5, 10.2 ], "texture": "#0" },
				"south": { "uv": [ 12, 12, 12.5, 12.2 ], "texture": "#0" },
				"west": { "uv": [ 12, 11, 12.1, 11.2 ], "texture": "#0" },
				"east": { "uv": [ 12, 11, 12.1, 11.2 ], "texture": "#0" }
			}
		},
		{
			"from": [ 8.3, 3.6, 8.3 ],
			"to": [ 8.5, 3.7, 8.4 ],
			"faces": {
				"down": { "uv": [ 9, 10, 9.5, 10.1 ], "texture": "#0" },
				"up": { "uv": [ 10, 12, 10.5, 12.1 ], "texture": "#0" },
				"north": { "uv": [ 10, 10, 10.5, 10.2 ], "texture": "#0" },
				"south": { "uv": [ 12, 12, 12.5, 12.2 ], "texture": "#0" },
				"west": { "uv": [ 12, 11, 12.1, 11.2 ], "texture": "#0" },
				"east": { "uv": [ 12, 11, 12.1, 11.2 ], "texture": "#0" }
			}
		},
		{
			"from": [ 8.3, 3.6, 8.4 ],
			"to": [ 8.5, 3.7, 8.5 ],
			"faces": {
				"down": { "uv": [ 9, 10, 9.5, 10.1 ], "texture": "#0" },
				"up": { "uv": [ 10, 12, 10.5, 12.1 ], "texture": "#0" },
				"north": { "uv": [ 10, 10, 10.5, 10.2 ], "texture": "#0" },
				"south": { "uv": [ 12, 12, 12.5, 12.2 ], "texture": "#0" },
				"west": { "uv": [ 12, 11, 12.1, 11.2 ], "texture": "#0" },
				"east": { "uv": [ 12, 11, 12.1, 11.2 ], "texture": "#0" }
			}
		},
		{
			"from": [ 8.3, 3.6, 7.5 ],
			"to": [ 8.5, 3.7, 7.6 ],
			"faces": {
				"down": { "uv": [ 9, 10, 9.5, 10.1 ], "texture": "#0" },
				"up": { "uv": [ 10, 12, 10.5, 12.1 ], "texture": "#0" },
				"north": { "uv": [ 10, 10, 10.5, 10.2 ], "texture": "#0" },
				"south": { "uv": [ 12, 12, 12.5, 12.2 ], "texture": "#0" },
				"west": { "uv": [ 12, 11, 12.1, 11.2 ], "texture": "#0" },
				"east": { "uv": [ 12, 11, 12.1, 11.2 ], "texture": "#0" }
			}
		},
		{
			"from": [ 8.4, 3.6, 7.7 ],
			"to": [ 8.5, 3.7, 8.3 ],
			"faces": {
				"down": { "uv": [ 9, 10, 9.5, 10.1 ], "texture": "#0" },
				"up": { "uv": [ 10, 12, 10.5, 12.1 ], "texture": "#0" },
				"north": { "uv": [ 10, 10, 10.5, 10.2 ], "texture": "#0" },
				"south": { "uv": [ 12, 12, 12.5, 12.2 ], "texture": "#0" },
				"west": { "uv": [ 12, 11, 12.1, 11.2 ], "texture": "#0" },
				"east": { "uv": [ 12, 11, 12.1, 11.2 ], "texture": "#0" }
			}
		},
		{
			"from": [ 7.5, 3.6, 7.7 ],
			"to": [ 7.6, 3.7, 8.3 ],
			"faces": {
				"down": { "uv": [ 6, 10, 6.5, 10.1 ], "texture": "#0" },
				"up": { "uv": [ 7, 12, 7.5, 12.1 ], "texture": "#0" },
				"north": { "uv": [ 5, 11, 5.5, 11.2 ], "texture": "#0" },
				"south": { "uv": [ 5, 11, 5.5, 11.2 ], "texture": "#0" },
				"west": { "uv": [ 4, 11, 4.1, 11.2 ], "texture": "#0" },
				"east": { "uv": [ 7, 11, 7.1, 11.2 ], "texture": "#0" }
			}
		},
		{
			"from": [ 7.7, 4.1, 7.4 ],
			"to": [ 8.3, 4.3, 8.6 ],
			"faces": {
				"down": { "uv": [ 4, 5, 12, 6.1 ], "texture": "#0" },
				"up": { "uv": [ 4, 5, 12, 5.1 ], "texture": "#0" },
				"north": { "uv": [ 4, 6, 12, 5.3 ], "texture": "#0", "rotation": 180 },
				"south": { "uv": [ 4, 6, 12, 6.3 ], "texture": "#0" },
				"west": { "uv": [ 5, 6, 7, 6.3 ], "texture": "#0" },
				"east": { "uv": [ 8, 5, 11, 6.2 ], "texture": "#0" }
			}
		},
		{
			"from": [ 7.4, 4.1, 7.7 ],
			"to": [ 7.699998, 4.3, 8.3 ],
			"faces": {
				"down": { "uv": [ 6, 6, 6.7, 6.1 ], "texture": "#0" },
				"up": { "uv": [ 5, 6, 5.7, 6.1 ], "texture": "#0" },
				"north": { "uv": [ 5, 6, 5.7, 6.3 ], "texture": "#0" },
				"south": { "uv": [ 5, 5, 5.7, 5.3 ], "texture": "#0" },
				"west": { "uv": [ 5, 5, 5.1, 5.3 ], "texture": "#0" },
				"east": { "uv": [ 5, 6, 7.1, 7.2 ], "texture": "#0" }
			}
		},
		{
			"from": [ 7.4, 3.8, 7.4 ],
			"to": [ 8, 4.1, 8.6 ],
			"faces": {
				"down": { "uv": [ 5, 10, 5.7, 10.1 ], "texture": "#0" },
				"up": { "uv": [ 5, 10, 5.7, 10.1 ], "texture": "#0" },
				"north": { "uv": [ 4, 11, 4.7, 11.3 ], "texture": "#0" },
				"south": { "uv": [ 6, 11, 6.7, 11.3 ], "texture": "#0" },
				"west": { "uv": [ 5, 10, 5.1, 10.3 ], "texture": "#0" },
				"east": { "uv": [ 1, 10, 6.1, 11.2 ], "texture": "#0" }
			}
		},
		{
			"from": [ 8.3, 4.1, 7.7 ],
			"to": [ 8.6, 4.3, 8.3 ],
			"faces": {
				"down": { "uv": [ 11, 3, 11.7, 3.1 ], "texture": "#0" },
				"up": { "uv": [ 10, 5, 10.7, 5.1 ], "texture": "#0" },
				"north": { "uv": [ 9, 6, 9.7, 6.3 ], "texture": "#0" },
				"south": { "uv": [ 10, 5, 10.7, 5.3 ], "texture": "#0" },
				"west": { "uv": [ 11, 5, 11.1, 5.3 ], "texture": "#0" },
				"east": { "uv": [ 9, 6, 10.1, 7.2 ], "texture": "#0" }
			}
		},
		{
			"from": [ 8.599999, 4.3, 7.4 ],
			"to": [ 8.899999, 4.599998, 8.6 ],
			"faces": {
				"down": { "uv": [ 9, 5, 9.7, 5.1 ], "texture": "#0" },
				"up": { "uv": [ 10, 6, 10.7, 6.1 ], "texture": "#0" },
				"north": { "uv": [ 11, 6, 11.7, 6.3 ], "texture": "#0" },
				"south": { "uv": [ 10, 5, 10.7, 5.3 ], "texture": "#0" },
				"west": { "uv": [ 10, 6, 10.1, 6.3 ], "texture": "#0" },
				"east": { "uv": [ 9, 5, 10.1, 6.2 ], "texture": "#0" }
			}
		},
		{
			"from": [ 8.3, 4.3, 7.1 ],
			"to": [ 8.6, 4.599998, 7.7 ],
			"faces": {
				"down": { "uv": [ 10, 6, 10.7, 6.1 ], "texture": "#0" },
				"up": { "uv": [ 10, 5, 10.7, 5.1 ], "texture": "#0" },
				"north": { "uv": [ 11, 6, 11.7, 6.3 ], "texture": "#0" },
				"south": { "uv": [ 10, 6, 10.7, 6.3 ], "texture": "#0" },
				"west": { "uv": [ 10, 5, 10.1, 5.3 ], "texture": "#0" },
				"east": { "uv": [ 9, 6, 11.1, 7.2 ], "texture": "#0" }
			}
		},
		{
			"from": [ 8.3, 4.3, 8.3 ],
			"to": [ 8.6, 4.599998, 8.9 ],
			"faces": {
				"down": { "uv": [ 10, 5, 10.7, 5.1 ], "texture": "#0" },
				"up": { "uv": [ 10, 6, 10.7, 6.1 ], "texture": "#0" },
				"north": { "uv": [ 10, 6, 10.7, 6.3 ], "texture": "#0" },
				"south": { "uv": [ 10, 5, 10.7, 5.3 ], "texture": "#0" },
				"west": { "uv": [ 11, 5, 11.1, 5.3 ], "texture": "#0" },
				"east": { "uv": [ 9, 5, 11.1, 6.2 ], "texture": "#0" }
			}
		},
		{
			"from": [ 7.4, 4.3, 8.3 ],
			"to": [ 7.699998, 4.599998, 8.9 ],
			"faces": {
				"down": { "uv": [ 4, 4, 4.7, 4.1 ], "texture": "#0" },
				"up": { "uv": [ 5, 5, 5.7, 5.1 ], "texture": "#0" },
				"north": { "uv": [ 5, 6, 5.7, 6.3 ], "texture": "#0" },
				"south": { "uv": [ 5, 5, 5.7, 5.3 ], "texture": "#0" },
				"west": { "uv": [ 5, 5, 5.1, 5.3 ], "texture": "#0" },
				"east": { "uv": [ 5, 6, 6.1, 7.2 ], "texture": "#0" }
			}
		},
		{
			"from": [ 7.4, 4.3, 7.1 ],
			"to": [ 7.699998, 4.599998, 7.7 ],
			"faces": {
				"down": { "uv": [ 4, 4, 4.7, 4.1 ], "texture": "#0" },
				"up": { "uv": [ 5, 5, 5.7, 5.1 ], "texture": "#0" },
				"north": { "uv": [ 5, 6, 5.7, 6.3 ], "texture": "#0" },
				"south": { "uv": [ 5, 5, 5.7, 5.3 ], "texture": "#0" },
				"west": { "uv": [ 5, 5, 5.1, 5.3 ], "texture": "#0" },
				"east": { "uv": [ 5, 6, 6.1, 7.2 ], "texture": "#0" }
			}
		},
		{
			"from": [ 7.1, 4.3, 7.4 ],
			"to": [ 7.4, 4.599998, 8.6 ],
			"faces": {
				"down": { "uv": [ 5, 5, 5.7, 5.1 ], "texture": "#0" },
				"up": { "uv": [ 5, 5, 5.7, 5.1 ], "texture": "#0" },
				"north": { "uv": [ 5, 6, 5.7, 6.3 ], "texture": "#0" },
				"south": { "uv": [ 5, 5, 5.7, 5.3 ], "texture": "#0" },
				"west": { "uv": [ 5, 5, 5.1, 5.3 ], "texture": "#0" },
				"east": { "uv": [ 5, 5, 7.1, 6.2 ], "texture": "#0" }
			}
		},
		{
			"from": [ 7.7, 4.3, 7.1 ],
			"to": [ 8, 4.599998, 7.4 ],
			"faces": {
				"down": { "uv": [ 4, 4, 4.7, 4.1 ], "texture": "#0" },
				"up": { "uv": [ 5, 5, 5.7, 5.1 ], "texture": "#0" },
				"north": { "uv": [ 5, 6, 5.7, 6.3 ], "texture": "#0" },
				"south": { "uv": [ 5, 5, 5.7, 5.3 ], "texture": "#0" },
				"west": { "uv": [ 5, 5, 5.1, 5.3 ], "texture": "#0" },
				"east": { "uv": [ 5, 6, 7.1, 7.2 ], "texture": "#0" }
			}
		},
		{
			"from": [ 7.7, 4.3, 8.599999 ],
			"to": [ 8, 4.599998, 8.899999 ],
			"faces": {
				"down": { "uv": [ 4, 4, 4.7, 4.1 ], "texture": "#0" },
				"up": { "uv": [ 5, 5, 5.7, 5.1 ], "texture": "#0" },
				"north": { "uv": [ 5, 6, 5.7, 6.3 ], "texture": "#0" },
				"south": { "uv": [ 6, 5, 6.7, 5.3 ], "texture": "#0" },
				"west": { "uv": [ 5, 5, 5.1, 5.3 ], "texture": "#0" },
				"east": { "uv": [ 5, 5, 7.1, 6.2 ], "texture": "#0" }
			}
		},
		{
			"from": [ 8, 4.3, 8.599999 ],
			"to": [ 8.3, 4.599998, 8.899999 ],
			"faces": {
				"down": { "uv": [ 9, 4, 9.7, 4.1 ], "texture": "#0" },
				"up": { "uv": [ 10, 4, 10.7, 4.1 ], "texture": "#0" },
				"north": { "uv": [ 10, 5, 10.7, 5.3 ], "texture": "#0" },
				"south": { "uv": [ 10, 5, 10.7, 5.3 ], "texture": "#0" },
				"west": { "uv": [ 10, 5, 10.1, 5.3 ], "texture": "#0" },
				"east": { "uv": [ 9, 5, 11.1, 6.2 ], "texture": "#0" }
			}
		},
		{
			"from": [ 8, 4.3, 7.1 ],
			"to": [ 8.3, 4.599998, 7.4 ],
			"faces": {
				"down": { "uv": [ 9, 4, 9.7, 4.1 ], "texture": "#0" },
				"up": { "uv": [ 10, 4, 10.7, 4.1 ], "texture": "#0" },
				"north": { "uv": [ 10, 5, 10.7, 5.3 ], "texture": "#0" },
				"south": { "uv": [ 10, 5, 10.7, 5.3 ], "texture": "#0" },
				"west": { "uv": [ 10, 5, 10.1, 5.3 ], "texture": "#0" },
				"east": { "uv": [ 9, 6, 10.1, 7.2 ], "texture": "#0" }
			}
		},
		{
			"from": [ 8, 4.6, 8.9 ],
			"to": [ 8.3, 4.9, 9.2 ],
			"faces": {
				"down": { "uv": [ 13, 1, 13.7, 1.1 ], "texture": "#0" },
				"up": { "uv": [ 13, 1, 13.7, 1.1 ], "texture": "#0" },
				"north": { "uv": [ 14, 2, 14.7, 2.3 ], "texture": "#0" },
				"south": { "uv": [ 13, 1, 13.7, 1.3 ], "texture": "#0" },
				"west": { "uv": [ 14, 2, 14.1, 2.3 ], "texture": "#0" },
				"east": { "uv": [ 13, 2, 15.1, 3.2 ], "texture": "#0" }
			}
		},
		{
			"from": [ 8.599999, 4.6, 8.599999 ],
			"to": [ 8.899999, 4.9, 8.899999 ],
			"faces": {
				"down": { "uv": [ 14, 2, 14.7, 2.1 ], "texture": "#0" },
				"up": { "uv": [ 13, 2, 13.7, 2.1 ], "texture": "#0" },
				"north": { "uv": [ 14, 2, 14.7, 2.3 ], "texture": "#0" },
				"south": { "uv": [ 14, 1, 14.7, 1.3 ], "texture": "#0" },
				"west": { "uv": [ 14, 2, 14.1, 2.3 ], "texture": "#0" },
				"east": { "uv": [ 13, 1, 15.1, 2.2 ], "texture": "#0" }
			}
		},
		{
			"from": [ 8.3, 4.6, 8.599999 ],
			"to": [ 8.6, 4.9, 8.899999 ],
			"faces": {
				"down": { "uv": [ 14, 2, 14.7, 2.1 ], "texture": "#0" },
				"up": { "uv": [ 13, 2, 13.7, 2.1 ], "texture": "#0" },
				"north": { "uv": [ 14, 2, 14.7, 2.3 ], "texture": "#0" },
				"south": { "uv": [ 14, 1, 14.7, 1.3 ], "texture": "#0" },
				"west": { "uv": [ 14, 2, 14.1, 2.3 ], "texture": "#0" },
				"east": { "uv": [ 13, 1, 15.1, 2.2 ], "texture": "#0" }
			}
		},
		{
			"from": [ 8.599999, 4.6, 8.3 ],
			"to": [ 8.899999, 4.9, 8.6 ],
			"faces": {
				"down": { "uv": [ 14, 2, 14.7, 2.1 ], "texture": "#0" },
				"up": { "uv": [ 13, 2, 13.7, 2.1 ], "texture": "#0" },
				"north": { "uv": [ 14, 2, 14.7, 2.3 ], "texture": "#0" },
				"south": { "uv": [ 14, 1, 14.7, 1.3 ], "texture": "#0" },
				"west": { "uv": [ 14, 2, 14.1, 2.3 ], "texture": "#0" },
				"east": { "uv": [ 13, 1, 15.1, 2.2 ], "texture": "#0" }
			}
		},
		{
			"from": [ 8.599999, 4.6, 7.1 ],
			"to": [ 8.899999, 4.9, 7.4 ],
			"faces": {
				"down": { "uv": [ 14, 2, 14.7, 2.1 ], "texture": "#0" },
				"up": { "uv": [ 13, 2, 13.7, 2.1 ], "texture": "#0" },
				"north": { "uv": [ 14, 2, 14.7, 2.3 ], "texture": "#0" },
				"south": { "uv": [ 14, 1, 14.7, 1.3 ], "texture": "#0" },
				"west": { "uv": [ 14, 2, 14.1, 2.3 ], "texture": "#0" },
				"east": { "uv": [ 13, 1, 15.1, 2.2 ], "texture": "#0" }
			}
		},
		{
			"from": [ 8.599999, 4.6, 7.4 ],
			"to": [ 8.899999, 4.9, 7.699998 ],
			"faces": {
				"down": { "uv": [ 14, 2, 14.7, 2.1 ], "texture": "#0" },
				"up": { "uv": [ 13, 2, 13.7, 2.1 ], "texture": "#0" },
				"north": { "uv": [ 14, 2, 14.7, 2.3 ], "texture": "#0" },
				"south": { "uv": [ 14, 1, 14.7, 1.3 ], "texture": "#0" },
				"west": { "uv": [ 14, 2, 14.1, 2.3 ], "texture": "#0" },
				"east": { "uv": [ 13, 1, 15.1, 2.2 ], "texture": "#0" }
			}
		},
		{
			"from": [ 8.3, 4.6, 7.1 ],
			"to": [ 8.6, 4.9, 7.4 ],
			"faces": {
				"down": { "uv": [ 14, 2, 14.7, 2.1 ], "texture": "#0" },
				"up": { "uv": [ 13, 2, 13.7, 2.1 ], "texture": "#0" },
				"north": { "uv": [ 14, 2, 14.7, 2.3 ], "texture": "#0" },
				"south": { "uv": [ 14, 1, 14.7, 1.3 ], "texture": "#0" },
				"west": { "uv": [ 14, 2, 14.1, 2.3 ], "texture": "#0" },
				"east": { "uv": [ 13, 1, 15.1, 2.2 ], "texture": "#0" }
			}
		},
		{
			"from": [ 8, 4.6, 6.8 ],
			"to": [ 8.3, 4.9, 7.099998 ],
			"faces": {
				"down": { "uv": [ 13, 1, 13.7, 1.1 ], "texture": "#0" },
				"up": { "uv": [ 13, 1, 13.7, 1.1 ], "texture": "#0" },
				"north": { "uv": [ 14, 2, 14.7, 2.3 ], "texture": "#0" },
				"south": { "uv": [ 13, 1, 13.7, 1.3 ], "texture": "#0" },
				"west": { "uv": [ 14, 2, 14.1, 2.3 ], "texture": "#0" },
				"east": { "uv": [ 13, 2, 15.1, 3.2 ], "texture": "#0" }
			}
		},
		{
			"from": [ 8.9, 4.6, 7.7 ],
			"to": [ 9.2, 4.9, 8.3 ],
			"faces": {
				"down": { "uv": [ 14, 2, 14.7, 2.1 ], "texture": "#0" },
				"up": { "uv": [ 13, 2, 13.7, 2.1 ], "texture": "#0" },
				"north": { "uv": [ 14, 2, 14.7, 2.3 ], "texture": "#0" },
				"south": { "uv": [ 14, 1, 14.7, 1.3 ], "texture": "#0" },
				"west": { "uv": [ 14, 2, 14.1, 2.3 ], "texture": "#0" },
				"east": { "uv": [ 13, 1, 15.1, 2.2 ], "texture": "#0" }
			}
		},
		{
			"from": [ 7.7, 4.6, 6.8 ],
			"to": [ 8, 4.9, 7.099998 ],
			"faces": {
				"down": { "uv": [ 1, 6, 1.7, 6.1 ], "texture": "#0" },
				"up": { "uv": [ 2, 6, 2.7, 6.1 ], "texture": "#0" },
				"north": { "uv": [ 1, 6, 1.7, 6.3 ], "texture": "#0" },
				"south": { "uv": [ 2, 6, 2.7, 6.3 ], "texture": "#0" },
				"west": { "uv": [ 2, 6, 2.1, 6.3 ], "texture": "#0" },
				"east": { "uv": [ 1, 6, 2.1, 7.2 ], "texture": "#0" }
			}
		},
		{
			"from": [ 7.7, 4.6, 8.9 ],
			"to": [ 8, 4.9, 9.2 ],
			"faces": {
				"down": { "uv": [ 1, 6, 1.7, 6.1 ], "texture": "#0" },
				"up": { "uv": [ 2, 6, 2.7, 6.1 ], "texture": "#0" },
				"north": { "uv": [ 1, 6, 1.7, 6.3 ], "texture": "#0" },
				"south": { "uv": [ 2, 6, 2.7, 6.3 ], "texture": "#0" },
				"west": { "uv": [ 2, 6, 2.1, 6.3 ], "texture": "#0" },
				"east": { "uv": [ 1, 6, 2.1, 7.2 ], "texture": "#0" }
			}
		},
		{
			"from": [ 7.1, 4.6, 8.599999 ],
			"to": [ 7.7, 4.9, 8.899999 ],
			"faces": {
				"down": { "uv": [ 1, 6, 1.7, 6.1 ], "texture": "#0" },
				"up": { "uv": [ 2, 6, 2.7, 6.1 ], "texture": "#0" },
				"north": { "uv": [ 1, 6, 1.7, 6.3 ], "texture": "#0" },
				"south": { "uv": [ 2, 6, 2.7, 6.3 ], "texture": "#0" },
				"west": { "uv": [ 2, 6, 2.1, 6.3 ], "texture": "#0" },
				"east": { "uv": [ 1, 6, 2.1, 7.2 ], "texture": "#0" }
			}
		},
		{
			"from": [ 7.1, 4.6, 7.1 ],
			"to": [ 7.7, 4.9, 7.4 ],
			"faces": {
				"down": { "uv": [ 1, 6, 1.7, 6.1 ], "texture": "#0" },
				"up": { "uv": [ 2, 6, 2.7, 6.1 ], "texture": "#0" },
				"north": { "uv": [ 1, 6, 1.7, 6.3 ], "texture": "#0" },
				"south": { "uv": [ 2, 6, 2.7, 6.3 ], "texture": "#0" },
				"west": { "uv": [ 2, 6, 2.1, 6.3 ], "texture": "#0" },
				"east": { "uv": [ 1, 6, 2.1, 7.2 ], "texture": "#0" }
			}
		},
		{
			"from": [ 7.1, 4.6, 7.4 ],
			"to": [ 7.4, 4.9, 7.699998 ],
			"faces": {
				"down": { "uv": [ 1, 6, 1.7, 6.1 ], "texture": "#0" },
				"up": { "uv": [ 2, 6, 2.7, 6.1 ], "texture": "#0" },
				"north": { "uv": [ 1, 6, 1.7, 6.3 ], "texture": "#0" },
				"south": { "uv": [ 2, 6, 2.7, 6.3 ], "texture": "#0" },
				"west": { "uv": [ 2, 6, 2.1, 6.3 ], "texture": "#0" },
				"east": { "uv": [ 1, 6, 2.1, 7.2 ], "texture": "#0" }
			}
		},
		{
			"from": [ 7.1, 4.6, 8.3 ],
			"to": [ 7.4, 4.9, 8.6 ],
			"faces": {
				"down": { "uv": [ 1, 6, 1.7, 6.1 ], "texture": "#0" },
				"up": { "uv": [ 2, 6, 2.7, 6.1 ], "texture": "#0" },
				"north": { "uv": [ 1, 6, 1.7, 6.3 ], "texture": "#0" },
				"south": { "uv": [ 2, 6, 2.7, 6.3 ], "texture": "#0" },
				"west": { "uv": [ 2, 6, 2.1, 6.3 ], "texture": "#0" },
				"east": { "uv": [ 1, 6, 2.1, 7.2 ], "texture": "#0" }
			}
		},
		{
			"from": [ 6.8, 4.6, 7.7 ],
			"to": [ 7.099998, 4.9, 8.3 ],
			"faces": {
				"down": { "uv": [ 1, 6, 1.7, 6.1 ], "texture": "#0" },
				"up": { "uv": [ 2, 6, 2.7, 6.1 ], "texture": "#0" },
				"north": { "uv": [ 1, 6, 1.7, 6.3 ], "texture": "#0" },
				"south": { "uv": [ 2, 6, 2.7, 6.3 ], "texture": "#0" },
				"west": { "uv": [ 2, 6, 2.1, 6.3 ], "texture": "#0" },
				"east": { "uv": [ 1, 6, 2.1, 7.2 ], "texture": "#0" }
			}
		},
		{
			"from": [ 6.8, 4.9, 7.4 ],
			"to": [ 7.099998, 5.2, 8.6 ],
			"faces": {
				"down": { "uv": [ 1, 6, 1.7, 6.1 ], "texture": "#0" },
				"up": { "uv": [ 2, 6, 2.7, 6.1 ], "texture": "#0" },
				"north": { "uv": [ 1, 6, 1.7, 6.3 ], "texture": "#0" },
				"south": { "uv": [ 2, 6, 2.7, 6.3 ], "texture": "#0" },
				"west": { "uv": [ 2, 6, 2.1, 6.3 ], "texture": "#0" },
				"east": { "uv": [ 1, 6, 2.1, 7.2 ], "texture": "#0" }
			}
		},
		{
			"from": [ 7.1, 4.9, 8.599999 ],
			"to": [ 7.4, 5.2, 8.899999 ],
			"faces": {
				"down": { "uv": [ 1, 6, 1.7, 6.1 ], "texture": "#0" },
				"up": { "uv": [ 2, 6, 2.7, 6.1 ], "texture": "#0" },
				"north": { "uv": [ 1, 6, 1.7, 6.3 ], "texture": "#0" },
				"south": { "uv": [ 2, 6, 2.7, 6.3 ], "texture": "#0" },
				"west": { "uv": [ 2, 5, 2.1, 5.3 ], "texture": "#0" },
				"east": { "uv": [ 1, 5, 2.1, 6.2 ], "texture": "#0" }
			}
		},
		{
			"from": [ 7.1, 4.9, 7.1 ],
			"to": [ 7.4, 5.2, 7.4 ],
			"faces": {
				"down": { "uv": [ 1, 6, 1.7, 6.1 ], "texture": "#0" },
				"up": { "uv": [ 2, 6, 2.7, 6.1 ], "texture": "#0" },
				"north": { "uv": [ 1, 6, 1.7, 6.3 ], "texture": "#0" },
				"south": { "uv": [ 2, 6, 2.7, 6.3 ], "texture": "#0" },
				"west": { "uv": [ 2, 5, 2.1, 5.3 ], "texture": "#0" },
				"east": { "uv": [ 1, 5, 2.1, 6.2 ], "texture": "#0" }
			}
		},
		{
			"from": [ 7.4, 4.9, 8.9 ],
			"to": [ 8, 5.2, 9.2 ],
			"faces": {
				"down": { "uv": [ 1, 6, 1.7, 6.1 ], "texture": "#0" },
				"up": { "uv": [ 2, 6, 2.7, 6.1 ], "texture": "#0" },
				"north": { "uv": [ 1, 6, 1.7, 6.3 ], "texture": "#0" },
				"south": { "uv": [ 2, 6, 2.7, 6.3 ], "texture": "#0" },
				"west": { "uv": [ 2, 5, 2.1, 5.3 ], "texture": "#0" },
				"east": { "uv": [ 1, 5, 2.1, 6.2 ], "texture": "#0" }
			}
		},
		{
			"from": [ 7.4, 4.9, 6.8 ],
			"to": [ 8, 5.2, 7.099998 ],
			"faces": {
				"down": { "uv": [ 1, 6, 1.7, 6.1 ], "texture": "#0" },
				"up": { "uv": [ 2, 6, 2.7, 6.1 ], "texture": "#0" },
				"north": { "uv": [ 1, 6, 1.7, 6.3 ], "texture": "#0" },
				"south": { "uv": [ 2, 6, 2.7, 6.3 ], "texture": "#0" },
				"west": { "uv": [ 2, 5, 2.1, 5.3 ], "texture": "#0" },
				"east": { "uv": [ 1, 5, 2.1, 6.2 ], "texture": "#0" }
			}
		},
		{
			"from": [ 8, 4.9, 8.9 ],
			"to": [ 8.6, 5.2, 9.2 ],
			"faces": {
				"down": { "uv": [ 13, 2, 13.7, 2.1 ], "texture": "#0" },
				"up": { "uv": [ 13, 1, 13.7, 1.1 ], "texture": "#0" },
				"north": { "uv": [ 14, 2, 14.7, 2.3 ], "texture": "#0" },
				"south": { "uv": [ 13, 2, 13.7, 2.3 ], "texture": "#0" },
				"west": { "uv": [ 14, 2, 14.1, 2.3 ], "texture": "#0" },
				"east": { "uv": [ 13, 1, 14.1, 2.2 ], "texture": "#0" }
			}
		},
		{
			"from": [ 8, 4.9, 6.8 ],
			"to": [ 8.6, 5.2, 7.099998 ],
			"faces": {
				"down": { "uv": [ 13, 2, 13.7, 2.1 ], "texture": "#0" },
				"up": { "uv": [ 13, 1, 13.7, 1.1 ], "texture": "#0" },
				"north": { "uv": [ 14, 2, 14.7, 2.3 ], "texture": "#0" },
				"south": { "uv": [ 13, 2, 13.7, 2.3 ], "texture": "#0" },
				"west": { "uv": [ 14, 2, 14.1, 2.3 ], "texture": "#0" },
				"east": { "uv": [ 13, 1, 14.1, 2.2 ], "texture": "#0" }
			}
		},
		{
			"from": [ 8.599999, 4.9, 7.1 ],
			"to": [ 8.899999, 5.2, 7.4 ],
			"faces": {
				"down": { "uv": [ 13, 2, 13.7, 2.1 ], "texture": "#0" },
				"up": { "uv": [ 13, 1, 13.7, 1.1 ], "texture": "#0" },
				"north": { "uv": [ 14, 2, 14.7, 2.3 ], "texture": "#0" },
				"south": { "uv": [ 13, 2, 13.7, 2.3 ], "texture": "#0" },
				"west": { "uv": [ 14, 2, 14.1, 2.3 ], "texture": "#0" },
				"east": { "uv": [ 13, 1, 14.1, 2.2 ], "texture": "#0" }
			}
		},
		{
			"from": [ 8.599999, 4.9, 8.599999 ],
			"to": [ 8.899999, 5.2, 8.899999 ],
			"faces": {
				"down": { "uv": [ 13, 2, 13.7, 2.1 ], "texture": "#0" },
				"up": { "uv": [ 13, 1, 13.7, 1.1 ], "texture": "#0" },
				"north": { "uv": [ 14, 2, 14.7, 2.3 ], "texture": "#0" },
				"south": { "uv": [ 13, 2, 13.7, 2.3 ], "texture": "#0" },
				"west": { "uv": [ 14, 2, 14.1, 2.3 ], "texture": "#0" },
				"east": { "uv": [ 13, 1, 14.1, 2.2 ], "texture": "#0" }
			}
		},
		{
			"from": [ 8.9, 4.9, 7.4 ],
			"to": [ 9.2, 5.2, 8.6 ],
			"faces": {
				"down": { "uv": [ 13, 2, 13.7, 2.1 ], "texture": "#0" },
				"up": { "uv": [ 13, 1, 13.7, 1.1 ], "texture": "#0" },
				"north": { "uv": [ 14, 2, 14.7, 2.3 ], "texture": "#0" },
				"south": { "uv": [ 13, 2, 13.7, 2.3 ], "texture": "#0" },
				"west": { "uv": [ 14, 2, 14.1, 2.3 ], "texture": "#0" },
				"east": { "uv": [ 13, 1, 14.1, 2.2 ], "texture": "#0" }
			}
		},
		{
			"from": [ 8.9, 5.2, 7.4 ],
			"to": [ 9.2, 5.5, 8.6 ],
			"faces": {
				"down": { "uv": [ 10, 2, 10.7, 2.1 ], "texture": "#0" },
				"up": { "uv": [ 10, 2, 10.7, 2.1 ], "texture": "#0" },
				"north": { "uv": [ 9, 2, 9.7, 2.3 ], "texture": "#0" },
				"south": { "uv": [ 10, 2, 10.7, 2.3 ], "texture": "#0" },
				"west": { "uv": [ 10, 2, 10.1, 2.3 ], "texture": "#0" },
				"east": { "uv": [ 10, 1, 11.1, 2.2 ], "texture": "#0" }
			}
		},
		{
			"from": [ 8.599999, 5.2, 7.1 ],
			"to": [ 8.899999, 5.5, 7.4 ],
			"faces": {
				"down": { "uv": [ 10, 2, 10.7, 2.1 ], "texture": "#0" },
				"up": { "uv": [ 10, 2, 10.7, 2.1 ], "texture": "#0" },
				"north": { "uv": [ 9, 2, 9.7, 2.3 ], "texture": "#0" },
				"south": { "uv": [ 10, 2, 10.7, 2.3 ], "texture": "#0" },
				"west": { "uv": [ 10, 2, 10.1, 2.3 ], "texture": "#0" },
				"east": { "uv": [ 10, 1, 11.1, 2.2 ], "texture": "#0" }
			}
		},
		{
			"from": [ 8.599999, 5.2, 8.599999 ],
			"to": [ 8.899999, 5.5, 8.899999 ],
			"faces": {
				"down": { "uv": [ 10, 2, 10.7, 2.1 ], "texture": "#0" },
				"up": { "uv": [ 10, 2, 10.7, 2.1 ], "texture": "#0" },
				"north": { "uv": [ 9, 2, 9.7, 2.3 ], "texture": "#0" },
				"south": { "uv": [ 10, 2, 10.7, 2.3 ], "texture": "#0" },
				"west": { "uv": [ 10, 2, 10.1, 2.3 ], "texture": "#0" },
				"east": { "uv": [ 10, 1, 11.1, 2.2 ], "texture": "#0" }
			}
		},
		{
			"from": [ 8, 5.2, 8.9 ],
			"to": [ 8.6, 5.5, 9.2 ],
			"faces": {
				"down": { "uv": [ 10, 2, 10.7, 2.1 ], "texture": "#0" },
				"up": { "uv": [ 10, 2, 10.7, 2.1 ], "texture": "#0" },
				"north": { "uv": [ 9, 2, 9.7, 2.3 ], "texture": "#0" },
				"south": { "uv": [ 10, 2, 10.7, 2.3 ], "texture": "#0" },
				"west": { "uv": [ 10, 2, 10.1, 2.3 ], "texture": "#0" },
				"east": { "uv": [ 10, 1, 11.1, 2.2 ], "texture": "#0" }
			}
		},
		{
			"from": [ 8, 5.2, 6.8 ],
			"to": [ 8.6, 5.5, 7.099998 ],
			"faces": {
				"down": { "uv": [ 10, 2, 10.7, 2.1 ], "texture": "#0" },
				"up": { "uv": [ 10, 2, 10.7, 2.1 ], "texture": "#0" },
				"north": { "uv": [ 9, 2, 9.7, 2.3 ], "texture": "#0" },
				"south": { "uv": [ 10, 2, 10.7, 2.3 ], "texture": "#0" },
				"west": { "uv": [ 10, 2, 10.1, 2.3 ], "texture": "#0" },
				"east": { "uv": [ 10, 1, 11.1, 2.2 ], "texture": "#0" }
			}
		},
		{
			"from": [ 7.4, 5.2, 8.9 ],
			"to": [ 8, 5.5, 9.2 ],
			"faces": {
				"down": { "uv": [ 6, 2, 6.7, 2.1 ], "texture": "#0" },
				"up": { "uv": [ 6, 2, 6.7, 2.1 ], "texture": "#0" },
				"north": { "uv": [ 6, 2, 6.7, 2.3 ], "texture": "#0" },
				"south": { "uv": [ 6, 2, 6.7, 2.3 ], "texture": "#0" },
				"west": { "uv": [ 7, 1, 7.1, 1.3 ], "texture": "#0" },
				"east": { "uv": [ 6, 1, 7.1, 2.2 ], "texture": "#0" }
			}
		},
		{
			"from": [ 7.4, 5.2, 6.8 ],
			"to": [ 8, 5.5, 7.099998 ],
			"faces": {
				"down": { "uv": [ 6, 2, 6.7, 2.1 ], "texture": "#0" },
				"up": { "uv": [ 6, 2, 6.7, 2.1 ], "texture": "#0" },
				"north": { "uv": [ 6, 2, 6.7, 2.3 ], "texture": "#0" },
				"south": { "uv": [ 6, 2, 6.7, 2.3 ], "texture": "#0" },
				"west": { "uv": [ 7, 1, 7.1, 1.3 ], "texture": "#0" },
				"east": { "uv": [ 6, 1, 7.1, 2.2 ], "texture": "#0" }
			}
		},
		{
			"from": [ 7.1, 5.2, 7.1 ],
			"to": [ 7.4, 5.5, 7.4 ],
			"faces": {
				"down": { "uv": [ 6, 2, 6.7, 2.1 ], "texture": "#0" },
				"up": { "uv": [ 6, 2, 6.7, 2.1 ], "texture": "#0" },
				"north": { "uv": [ 6, 2, 6.7, 2.3 ], "texture": "#0" },
				"south": { "uv": [ 6, 2, 6.7, 2.3 ], "texture": "#0" },
				"west": { "uv": [ 7, 1, 7.1, 1.3 ], "texture": "#0" },
				"east": { "uv": [ 6, 1, 7.1, 2.2 ], "texture": "#0" }
			}
		},
		{
			"from": [ 7.1, 5.2, 8.599999 ],
			"to": [ 7.4, 5.5, 8.899999 ],
			"faces": {
				"down": { "uv": [ 6, 2, 6.7, 2.1 ], "texture": "#0" },
				"up": { "uv": [ 6, 2, 6.7, 2.1 ], "texture": "#0" },
				"north": { "uv": [ 6, 2, 6.7, 2.3 ], "texture": "#0" },
				"south": { "uv": [ 6, 2, 6.7, 2.3 ], "texture": "#0" },
				"west": { "uv": [ 7, 1, 7.1, 1.3 ], "texture": "#0" },
				"east": { "uv": [ 6, 1, 7.1, 2.2 ], "texture": "#0" }
			}
		},
		{
			"from": [ 6.8, 5.2, 7.4 ],
			"to": [ 7.099998, 5.5, 8.6 ],
			"faces": {
				"down": { "uv": [ 6, 2, 6.7, 2.1 ], "texture": "#0" },
				"up": { "uv": [ 6, 2, 6.7, 2.1 ], "texture": "#0" },
				"north": { "uv": [ 6, 2, 6.7, 2.3 ], "texture": "#0" },
				"south": { "uv": [ 6, 2, 6.7, 2.3 ], "texture": "#0" },
				"west": { "uv": [ 7, 1, 7.1, 1.3 ], "texture": "#0" },
				"east": { "uv": [ 6, 1, 7.1, 2.2 ], "texture": "#0" }
			}
		},
		{
			"from": [ 7.7, 5.5, 8.9 ],
			"to": [ 8, 5.8, 9.2 ],
			"faces": {
				"down": { "uv": [ 6, 2, 6.7, 2.1 ], "texture": "#0" },
				"up": { "uv": [ 6, 2, 6.7, 2.1 ], "texture": "#0" },
				"north": { "uv": [ 6, 2, 6.7, 2.3 ], "texture": "#0" },
				"south": { "uv": [ 6, 2, 6.7, 2.3 ], "texture": "#0" },
				"west": { "uv": [ 7, 1, 7.1, 1.3 ], "texture": "#0" },
				"east": { "uv": [ 6, 1, 7.1, 2.2 ], "texture": "#0" }
			}
		},
		{
			"from": [ 7.1, 5.5, 8.599999 ],
			"to": [ 7.7, 5.8, 8.899999 ],
			"faces": {
				"down": { "uv": [ 6, 2, 6.7, 2.1 ], "texture": "#0" },
				"up": { "uv": [ 6, 2, 6.7, 2.1 ], "texture": "#0" },
				"north": { "uv": [ 6, 2, 6.7, 2.3 ], "texture": "#0" },
				"south": { "uv": [ 6, 2, 6.7, 2.3 ], "texture": "#0" },
				"west": { "uv": [ 7, 1, 7.1, 1.3 ], "texture": "#0" },
				"east": { "uv": [ 6, 1, 7.1, 2.2 ], "texture": "#0" }
			}
		},
		{
			"from": [ 7.1, 5.5, 8.3 ],
			"to": [ 7.4, 5.8, 8.6 ],
			"faces": {
				"down": { "uv": [ 6, 2, 6.7, 2.1 ], "texture": "#0" },
				"up": { "uv": [ 6, 2, 6.7, 2.1 ], "texture": "#0" },
				"north": { "uv": [ 6, 2, 6.7, 2.3 ], "texture": "#0" },
				"south": { "uv": [ 6, 2, 6.7, 2.3 ], "texture": "#0" },
				"west": { "uv": [ 7, 1, 7.1, 1.3 ], "texture": "#0" },
				"east": { "uv": [ 6, 1, 7.1, 2.2 ], "texture": "#0" }
			}
		},
		{
			"from": [ 6.8, 5.5, 7.7 ],
			"to": [ 7.099998, 5.8, 8.3 ],
			"faces": {
				"down": { "uv": [ 6, 2, 6.7, 2.1 ], "texture": "#0" },
				"up": { "uv": [ 6, 2, 6.7, 2.1 ], "texture": "#0" },
				"north": { "uv": [ 6, 2, 6.7, 2.3 ], "texture": "#0" },
				"south": { "uv": [ 6, 2, 6.7, 2.3 ], "texture": "#0" },
				"west": { "uv": [ 7, 1, 7.1, 1.3 ], "texture": "#0" },
				"east": { "uv": [ 6, 1, 7.1, 2.2 ], "texture": "#0" }
			}
		},
		{
			"from": [ 7.1, 5.5, 7.1 ],
			"to": [ 7.7, 5.8, 7.4 ],
			"faces": {
				"down": { "uv": [ 6, 2, 6.7, 2.1 ], "texture": "#0" },
				"up": { "uv": [ 6, 2, 6.7, 2.1 ], "texture": "#0" },
				"north": { "uv": [ 6, 2, 6.7, 2.3 ], "texture": "#0" },
				"south": { "uv": [ 6, 2, 6.7, 2.3 ], "texture": "#0" },
				"west": { "uv": [ 7, 1, 7.1, 1.3 ], "texture": "#0" },
				"east": { "uv": [ 6, 1, 7.1, 2.2 ], "texture": "#0" }
			}
		},
		{
			"from": [ 7.1, 5.5, 7.4 ],
			"to": [ 7.4, 5.8, 7.699998 ],
			"faces": {
				"down": { "uv": [ 6, 2, 6.7, 2.1 ], "texture": "#0" },
				"up": { "uv": [ 6, 2, 6.7, 2.1 ], "texture": "#0" },
				"north": { "uv": [ 6, 2, 6.7, 2.3 ], "texture": "#0" },
				"south": { "uv": [ 6, 2, 6.7, 2.3 ], "texture": "#0" },
				"west": { "uv": [ 7, 1, 7.1, 1.3 ], "texture": "#0" },
				"east": { "uv": [ 6, 1, 7.1, 2.2 ], "texture": "#0" }
			}
		},
		{
			"from": [ 7.7, 5.5, 6.8 ],
			"to": [ 8, 5.8, 7.099998 ],
			"faces": {
				"down": { "uv": [ 6, 2, 6.7, 2.1 ], "texture": "#0" },
				"up": { "uv": [ 6, 2, 6.7, 2.1 ], "texture": "#0" },
				"north": { "uv": [ 6, 2, 6.7, 2.3 ], "texture": "#0" },
				"south": { "uv": [ 6, 2, 6.7, 2.3 ], "texture": "#0" },
				"west": { "uv": [ 7, 1, 7.1, 1.3 ], "texture": "#0" },
				"east": { "uv": [ 6, 1, 7.1, 2.2 ], "texture": "#0" }
			}
		},
		{
			"from": [ 8, 5.5, 6.8 ],
			"to": [ 8.3, 5.8, 7.099998 ],
			"faces": {
				"down": { "uv": [ 9, 2, 9.7, 2.1 ], "texture": "#0" },
				"up": { "uv": [ 10, 2, 10.7, 2.1 ], "texture": "#0" },
				"north": { "uv": [ 9, 2, 9.7, 2.3 ], "texture": "#0" },
				"south": { "uv": [ 9, 2, 9.7, 2.3 ], "texture": "#0" },
				"west": { "uv": [ 10, 1, 10.1, 1.3 ], "texture": "#0" },
				"east": { "uv": [ 9, 1, 10.1, 2.2 ], "texture": "#0" }
			}
		},
		{
			"from": [ 8, 5.5, 8.9 ],
			"to": [ 8.3, 5.8, 9.2 ],
			"faces": {
				"down": { "uv": [ 9, 2, 9.7, 2.1 ], "texture": "#0" },
				"up": { "uv": [ 10, 2, 10.7, 2.1 ], "texture": "#0" },
				"north": { "uv": [ 9, 2, 9.7, 2.3 ], "texture": "#0" },
				"south": { "uv": [ 9, 2, 9.7, 2.3 ], "texture": "#0" },
				"west": { "uv": [ 10, 1, 10.1, 1.3 ], "texture": "#0" },
				"east": { "uv": [ 9, 1, 10.1, 2.2 ], "texture": "#0" }
			}
		},
		{
			"from": [ 8.3, 5.5, 8.599999 ],
			"to": [ 8.9, 5.8, 8.899999 ],
			"faces": {
				"down": { "uv": [ 9, 2, 9.7, 2.1 ], "texture": "#0" },
				"up": { "uv": [ 10, 2, 10.7, 2.1 ], "texture": "#0" },
				"north": { "uv": [ 9, 2, 9.7, 2.3 ], "texture": "#0" },
				"south": { "uv": [ 9, 2, 9.7, 2.3 ], "texture": "#0" },
				"west": { "uv": [ 10, 1, 10.1, 1.3 ], "texture": "#0" },
				"east": { "uv": [ 9, 1, 10.1, 2.2 ], "texture": "#0" }
			}
		},
		{
			"from": [ 8.3, 5.5, 7.1 ],
			"to": [ 8.9, 5.8, 7.4 ],
			"faces": {
				"down": { "uv": [ 9, 2, 9.7, 2.1 ], "texture": "#0" },
				"up": { "uv": [ 10, 2, 10.7, 2.1 ], "texture": "#0" },
				"north": { "uv": [ 9, 2, 9.7, 2.3 ], "texture": "#0" },
				"south": { "uv": [ 9, 2, 9.7, 2.3 ], "texture": "#0" },
				"west": { "uv": [ 10, 1, 10.1, 1.3 ], "texture": "#0" },
				"east": { "uv": [ 9, 1, 10.1, 2.2 ], "texture": "#0" }
			}
		},
		{
			"from": [ 8.599999, 5.5, 7.4 ],
			"to": [ 8.899999, 5.8, 7.699998 ],
			"faces": {
				"down": { "uv": [ 9, 2, 9.7, 2.1 ], "texture": "#0" },
				"up": { "uv": [ 10, 2, 10.7, 2.1 ], "texture": "#0" },
				"north": { "uv": [ 9, 2, 9.7, 2.3 ], "texture": "#0" },
				"south": { "uv": [ 9, 2, 9.7, 2.3 ], "texture": "#0" },
				"west": { "uv": [ 10, 1, 10.1, 1.3 ], "texture": "#0" },
				"east": { "uv": [ 9, 1, 10.1, 2.2 ], "texture": "#0" }
			}
		},
		{
			"from": [ 8.599999, 5.5, 8.3 ],
			"to": [ 8.899999, 5.8, 8.6 ],
			"faces": {
				"down": { "uv": [ 9, 2, 9.7, 2.1 ], "texture": "#0" },
				"up": { "uv": [ 10, 2, 10.7, 2.1 ], "texture": "#0" },
				"north": { "uv": [ 9, 2, 9.7, 2.3 ], "texture": "#0" },
				"south": { "uv": [ 9, 2, 9.7, 2.3 ], "texture": "#0" },
				"west": { "uv": [ 10, 1, 10.1, 1.3 ], "texture": "#0" },
				"east": { "uv": [ 9, 1, 10.1, 2.2 ], "texture": "#0" }
			}
		},
		{
			"from": [ 8.9, 5.5, 7.7 ],
			"to": [ 9.2, 5.8, 8.3 ],
			"faces": {
				"down": { "uv": [ 9, 2, 9.7, 2.1 ], "texture": "#0" },
				"up": { "uv": [ 10, 2, 10.7, 2.1 ], "texture": "#0" },
				"north": { "uv": [ 9, 2, 9.7, 2.3 ], "texture": "#0" },
				"south": { "uv": [ 9, 2, 9.7, 2.3 ], "texture": "#0" },
				"west": { "uv": [ 10, 1, 10.1, 1.3 ], "texture": "#0" },
				"east": { "uv": [ 9, 1, 10.1, 2.2 ], "texture": "#0" }
			}
		},
		{
			"from": [ 7.4, 5.8, 8.599999 ],
			"to": [ 8, 6.099998, 8.899999 ],
			"faces": {
				"down": { "uv": [ 2, 2, 2.7, 2.1 ], "texture": "#0" },
				"up": { "uv": [ 1, 2, 1.7, 2.1 ], "texture": "#0" },
				"north": { "uv": [ 2, 2, 2.7, 2.3 ], "texture": "#0" },
				"south": { "uv": [ 2, 2, 2.7, 2.3 ], "texture": "#0" },
				"west": { "uv": [ 2, 2, 2.1, 2.3 ], "texture": "#0" },
				"east": { "uv": [ 1, 1, 2.1, 2.2 ], "texture": "#0" }
			}
		},
		{
			"from": [ 7.4, 5.8, 7.1 ],
			"to": [ 8, 6.099998, 7.4 ],
			"faces": {
				"down": { "uv": [ 2, 2, 2.7, 2.1 ], "texture": "#0" },
				"up": { "uv": [ 1, 2, 1.7, 2.1 ], "texture": "#0" },
				"north": { "uv": [ 2, 2, 2.7, 2.3 ], "texture": "#0" },
				"south": { "uv": [ 2, 2, 2.7, 2.3 ], "texture": "#0" },
				"west": { "uv": [ 2, 2, 2.1, 2.3 ], "texture": "#0" },
				"east": { "uv": [ 1, 1, 2.1, 2.2 ], "texture": "#0" }
			}
		},
		{
			"from": [ 7.1, 5.8, 7.4 ],
			"to": [ 7.7, 6.099998, 7.699998 ],
			"faces": {
				"down": { "uv": [ 2, 2, 2.7, 2.1 ], "texture": "#0" },
				"up": { "uv": [ 1, 2, 1.7, 2.1 ], "texture": "#0" },
				"north": { "uv": [ 2, 2, 2.7, 2.3 ], "texture": "#0" },
				"south": { "uv": [ 2, 2, 2.7, 2.3 ], "texture": "#0" },
				"west": { "uv": [ 2, 2, 2.1, 2.3 ], "texture": "#0" },
				"east": { "uv": [ 1, 1, 2.1, 2.2 ], "texture": "#0" }
			}
		},
		{
			"from": [ 7.1, 5.8, 8.3 ],
			"to": [ 7.7, 6.099998, 8.6 ],
			"faces": {
				"down": { "uv": [ 2, 2, 2.7, 2.1 ], "texture": "#0" },
				"up": { "uv": [ 1, 2, 1.7, 2.1 ], "texture": "#0" },
				"north": { "uv": [ 2, 2, 2.7, 2.3 ], "texture": "#0" },
				"south": { "uv": [ 2, 2, 2.7, 2.3 ], "texture": "#0" },
				"west": { "uv": [ 2, 2, 2.1, 2.3 ], "texture": "#0" },
				"east": { "uv": [ 1, 1, 2.1, 2.2 ], "texture": "#0" }
			}
		},
		{
			"from": [ 7.1, 5.8, 7.7 ],
			"to": [ 7.4, 6.099998, 8.3 ],
			"faces": {
				"down": { "uv": [ 2, 2, 2.7, 2.1 ], "texture": "#0" },
				"up": { "uv": [ 1, 2, 1.7, 2.1 ], "texture": "#0" },
				"north": { "uv": [ 2, 2, 2.7, 2.3 ], "texture": "#0" },
				"south": { "uv": [ 2, 2, 2.7, 2.3 ], "texture": "#0" },
				"west": { "uv": [ 2, 2, 2.1, 2.3 ], "texture": "#0" },
				"east": { "uv": [ 1, 1, 2.1, 2.2 ], "texture": "#0" }
			}
		},
		{
			"from": [ 8, 5.8, 7.1 ],
			"to": [ 8.6, 6.099998, 7.4 ],
			"faces": {
				"down": { "uv": [ 14, 6, 14.7, 6.1 ], "texture": "#0" },
				"up": { "uv": [ 13, 6, 13.7, 6.1 ], "texture": "#0" },
				"north": { "uv": [ 14, 6, 14.7, 6.3 ], "texture": "#0" },
				"south": { "uv": [ 14, 7, 14.7, 7.3 ], "texture": "#0" },
				"west": { "uv": [ 14, 6, 14.1, 6.3 ], "texture": "#0" },
				"east": { "uv": [ 14, 5, 15.1, 6.2 ], "texture": "#0" }
			}
		},
		{
			"from": [ 8, 5.8, 8.599999 ],
			"to": [ 8.6, 6.099998, 8.899999 ],
			"faces": {
				"down": { "uv": [ 14, 6, 14.7, 6.1 ], "texture": "#0" },
				"up": { "uv": [ 13, 6, 13.7, 6.1 ], "texture": "#0" },
				"north": { "uv": [ 14, 6, 14.7, 6.3 ], "texture": "#0" },
				"south": { "uv": [ 14, 7, 14.7, 7.3 ], "texture": "#0" },
				"west": { "uv": [ 14, 6, 14.1, 6.3 ], "texture": "#0" },
				"east": { "uv": [ 14, 5, 15.1, 6.2 ], "texture": "#0" }
			}
		},
		{
			"from": [ 8.3, 5.8, 8.3 ],
			"to": [ 8.9, 6.099998, 8.6 ],
			"faces": {
				"down": { "uv": [ 14, 6, 14.7, 6.1 ], "texture": "#0" },
				"up": { "uv": [ 13, 6, 13.7, 6.1 ], "texture": "#0" },
				"north": { "uv": [ 14, 6, 14.7, 6.3 ], "texture": "#0" },
				"south": { "uv": [ 14, 7, 14.7, 7.3 ], "texture": "#0" },
				"west": { "uv": [ 14, 6, 14.1, 6.3 ], "texture": "#0" },
				"east": { "uv": [ 14, 5, 15.1, 6.2 ], "texture": "#0" }
			}
		},
		{
			"from": [ 8.3, 5.8, 7.4 ],
			"to": [ 8.9, 6.099998, 7.699998 ],
			"faces": {
				"down": { "uv": [ 14, 6, 14.7, 6.1 ], "texture": "#0" },
				"up": { "uv": [ 13, 6, 13.7, 6.1 ], "texture": "#0" },
				"north": { "uv": [ 14, 6, 14.7, 6.3 ], "texture": "#0" },
				"south": { "uv": [ 14, 7, 14.7, 7.3 ], "texture": "#0" },
				"west": { "uv": [ 14, 6, 14.1, 6.3 ], "texture": "#0" },
				"east": { "uv": [ 14, 5, 15.1, 6.2 ], "texture": "#0" }
			}
		},
		{
			"from": [ 8.599999, 5.8, 7.7 ],
			"to": [ 8.899999, 6.099998, 8.3 ],
			"faces": {
				"down": { "uv": [ 14, 6, 14.7, 6.1 ], "texture": "#0" },
				"up": { "uv": [ 13, 6, 13.7, 6.1 ], "texture": "#0" },
				"north": { "uv": [ 14, 6, 14.7, 6.3 ], "texture": "#0" },
				"south": { "uv": [ 14, 7, 14.7, 7.3 ], "texture": "#0" },
				"west": { "uv": [ 14, 6, 14.1, 6.3 ], "texture": "#0" },
				"east": { "uv": [ 14, 5, 15.1, 6.2 ], "texture": "#0" }
			}
		},
		{
			"from": [ 7.7, 6.1, 7.4 ],
			"to": [ 8, 6.3, 8.6 ],
			"faces": {
				"down": { "uv": [ 2, 2, 2.7, 2.1 ], "texture": "#0" },
				"up": { "uv": [ 1, 2, 1.7, 2.1 ], "texture": "#0" },
				"north": { "uv": [ 2, 2, 2.7, 2.3 ], "texture": "#0" },
				"south": { "uv": [ 2, 2, 2.7, 2.3 ], "texture": "#0" },
				"west": { "uv": [ 2, 2, 2.1, 2.3 ], "texture": "#0" },
				"east": { "uv": [ 1, 1, 2.1, 2.2 ], "texture": "#0" }
			}
		},
		{
			"from": [ 7.4, 6.1, 7.7 ],
			"to": [ 7.699998, 6.3, 8.3 ],
			"faces": {
				"down": { "uv": [ 2, 2, 2.7, 2.1 ], "texture": "#0" },
				"up": { "uv": [ 1, 2, 1.7, 2.1 ], "texture": "#0" },
				"north": { "uv": [ 2, 2, 2.7, 2.3 ], "texture": "#0" },
				"south": { "uv": [ 2, 2, 2.7, 2.3 ], "texture": "#0" },
				"west": { "uv": [ 2, 2, 2.1, 2.3 ], "texture": "#0" },
				"east": { "uv": [ 1, 1, 2.1, 2.2 ], "texture": "#0" }
			}
		},
		{
			"from": [ 8, 6.1, 7.4 ],
			"to": [ 8.3, 6.3, 8.6 ],
			"faces": {
				"down": { "uv": [ 13, 6, 13.7, 6.1 ], "texture": "#0" },
				"up": { "uv": [ 14, 6, 14.7, 6.1 ], "texture": "#0" },
				"north": { "uv": [ 14, 6, 14.7, 6.3 ], "texture": "#0" },
				"south": { "uv": [ 14, 6, 14.7, 6.3 ], "texture": "#0" },
				"west": { "uv": [ 14, 6, 14.1, 6.3 ], "texture": "#0" },
				"east": { "uv": [ 14, 6, 15.1, 7.2 ], "texture": "#0" }
			}
		},
		{
			"from": [ 8.3, 6.1, 7.7 ],
			"to": [ 8.6, 6.3, 8.3 ],
			"faces": {
				"down": { "uv": [ 13, 6, 13.7, 6.1 ], "texture": "#0" },
				"up": { "uv": [ 14, 6, 14.7, 6.1 ], "texture": "#0" },
				"north": { "uv": [ 14, 6, 14.7, 6.3 ], "texture": "#0" },
				"south": { "uv": [ 14, 6, 14.7, 6.3 ], "texture": "#0" },
				"west": { "uv": [ 14, 6, 14.1, 6.3 ], "texture": "#0" },
				"east": { "uv": [ 14, 6, 15.1, 7.2 ], "texture": "#0" }
			}
		},
		{
			"from": [ 7.8, 6.3, 7.8 ],
			"to": [ 8.199999, 6.4, 8.199999 ],
			"faces": {
				"down": { "uv": [ 5, 6, 5.4, 6.4 ], "texture": "#1" },
				"up": { "uv": [ 4, 6, 12, 6.4 ], "texture": "#1" },
				"north": { "uv": [ 4, 6, 12, 6.2 ], "texture": "#1", "rotation": 180 },
				"south": { "uv": [ 4, 6, 12, 6.2 ], "texture": "#1" },
				"west": { "uv": [ 7, 6, 7.4, 6.1 ], "texture": "#1" },
				"east": { "uv": [ 10, 6, 11, 6.2 ], "texture": "#1" }
			}
		},
		{
			"from": [ 7.9, 6.4, 7.9 ],
			"to": [ 8.1, 6.8, 8.1 ],
			"faces": {
				"down": { "uv": [ 5, 6, 5.2, 6.2 ], "texture": "#1" },
				"up": { "uv": [ 4, 6, 12, 6.4 ], "texture": "#1" },
				"north": { "uv": [ 4, 6, 12, 6.2 ], "texture": "#1", "rotation": 180 },
				"south": { "uv": [ 4, 6, 12, 6.2 ], "texture": "#1" },
				"west": { "uv": [ 7, 6, 7.2, 6.4 ], "texture": "#1" },
				"east": { "uv": [ 10, 6, 11, 6.2 ], "texture": "#1" }
			}
		},
		{
			"from": [ 7.95, 6.8, 7.95 ],
			"to": [ 8.049999, 7, 8.05 ],
			"faces": {
				"down": { "uv": [ 9, 6, 9.1, 6.1 ], "texture": "#1" },
				"up": { "uv": [ 9, 6, 11, 6.4 ], "texture": "#1" },
				"north": { "uv": [ 9, 5, 11, 5.2 ], "texture": "#1" },
				"south": { "uv": [ 9, 6, 11, 6.2 ], "texture": "#1" },
				"west": { "uv": [ 10, 6, 10.1, 6.2 ], "texture": "#1" },
				"east": { "uv": [ 9, 6, 10, 6.2 ], "texture": "#1" }
			}
		},
		{
			"from": [ 6.7, 5, 7.8 ],
			"to": [ 6.8, 5.2, 8.199999 ],
			"faces": {
				"down": { "uv": [ 2, 6, 2.4, 6.4 ], "texture": "#1" },
				"up": { "uv": [ 1, 6, 2, 6.4 ], "texture": "#1" },
				"north": { "uv": [ 1, 6, 3, 7.2 ], "texture": "#1" },
				"south": { "uv": [ 2, 6, 3, 6.2 ], "texture": "#1" },
				"west": { "uv": [ 2, 6, 2.4, 6.1 ], "texture": "#1" },
				"east": { "uv": [ 1, 7, 2, 7.2 ], "texture": "#1" }
			}
		},
		{
			"from": [ 6.7, 5.2, 7.8 ],
			"to": [ 6.8, 5.4, 8.199999 ],
			"faces": {
				"down": { "uv": [ 6, 1, 6.4, 1.4 ], "texture": "#1" },
				"up": { "uv": [ 5, 2, 6, 2.4 ], "texture": "#1" },
				"north": { "uv": [ 5, 1, 7, 2.2 ], "texture": "#1" },
				"south": { "uv": [ 6, 2, 7, 2.2 ], "texture": "#1" },
				"west": { "uv": [ 6, 2, 6.4, 2.1 ], "texture": "#1" },
				"east": { "uv": [ 6, 2, 7, 2.2 ], "texture": "#1" }
			}
		},
		{
			"from": [ 6.3, 5.2, 7.9 ],
			"to": [ 6.699998, 5.3, 8.1 ],
			"faces": {
				"down": { "uv": [ 6, 1, 6.4, 1.4 ], "texture": "#1" },
				"up": { "uv": [ 5, 2, 6, 2.4 ], "texture": "#1" },
				"north": { "uv": [ 5, 1, 7, 2.2 ], "texture": "#1" },
				"south": { "uv": [ 6, 2, 7, 2.2 ], "texture": "#1" },
				"west": { "uv": [ 6, 2, 6.4, 2.1 ], "texture": "#1" },
				"east": { "uv": [ 6, 2, 7, 2.2 ], "texture": "#1" }
			}
		},
		{
			"from": [ 6.3, 5.1, 7.9 ],
			"to": [ 6.699998, 5.2, 8.1 ],
			"faces": {
				"down": { "uv": [ 2, 6, 2.4, 6.4 ], "texture": "#1" },
				"up": { "uv": [ 1, 6, 2, 6.4 ], "texture": "#1" },
				"north": { "uv": [ 1, 6, 3, 7.2 ], "texture": "#1" },
				"south": { "uv": [ 2, 6, 3, 6.2 ], "texture": "#1" },
				"west": { "uv": [ 2, 6, 2.4, 6.1 ], "texture": "#1" },
				"east": { "uv": [ 1, 7, 2, 7.2 ], "texture": "#1" }
			}
		},
		{
			"from": [ 6.1, 5.15, 7.95 ],
			"to": [ 6.3, 5.25, 8.049999 ],
			"faces": {
				"down": { "uv": [ 10, 5, 10.4, 5.4 ], "texture": "#1" },
				"up": { "uv": [ 9, 6, 10, 6.4 ], "texture": "#1" },
				"north": { "uv": [ 9, 5, 10, 6.2 ], "texture": "#1" },
				"south": { "uv": [ 9, 5, 10, 5.2 ], "texture": "#1" },
				"west": { "uv": [ 10, 6, 10.4, 6.1 ], "texture": "#1" },
				"east": { "uv": [ 10, 6, 11, 6.2 ], "texture": "#1" }
			}
		},
		{
			"from": [ 9.2, 5, 7.8 ],
			"to": [ 9.3, 5.2, 8.199999 ],
			"faces": {
				"down": { "uv": [ 14, 1, 14.4, 1.4 ], "texture": "#1" },
				"up": { "uv": [ 14, 2, 15, 2.4 ], "texture": "#1" },
				"north": { "uv": [ 14, 1, 15, 2.2 ], "texture": "#1" },
				"south": { "uv": [ 13, 2, 14, 2.2 ], "texture": "#1" },
				"west": { "uv": [ 14, 1, 14.4, 1.1 ], "texture": "#1" },
				"east": { "uv": [ 14, 2, 15, 2.2 ], "texture": "#1" }
			}
		},
		{
			"from": [ 9.2, 5.2, 7.8 ],
			"to": [ 9.3, 5.4, 8.199999 ],
			"faces": {
				"down": { "uv": [ 9, 2, 9.4, 2.4 ], "texture": "#1" },
				"up": { "uv": [ 9, 2, 10, 2.4 ], "texture": "#1" },
				"north": { "uv": [ 9, 2, 10, 3.2 ], "texture": "#1" },
				"south": { "uv": [ 10, 2, 11, 2.2 ], "texture": "#1" },
				"west": { "uv": [ 9, 2, 9.4, 2.1 ], "texture": "#1" },
				"east": { "uv": [ 9, 2, 10, 2.2 ], "texture": "#1" }
			}
		},
		{
			"from": [ 9.3, 5.1, 7.9 ],
			"to": [ 9.7, 5.2, 8.1 ],
			"faces": {
				"down": { "uv": [ 13, 3, 13.4, 3.4 ], "texture": "#1" },
				"up": { "uv": [ 14, 2, 15, 2.4 ], "texture": "#1" },
				"north": { "uv": [ 13, 2, 15, 3.2 ], "texture": "#1" },
				"south": { "uv": [ 14, 2, 15, 2.2 ], "texture": "#1" },
				"west": { "uv": [ 14, 2, 14.4, 2.1 ], "texture": "#1" },
				"east": { "uv": [ 14, 1, 15, 1.2 ], "texture": "#1" }
			}
		},
		{
			"from": [ 9.3, 5.2, 7.9 ],
			"to": [ 9.7, 5.3, 8.1 ],
			"faces": {
				"down": { "uv": [ 10, 1, 10.4, 1.4 ], "texture": "#1" },
				"up": { "uv": [ 10, 2, 11, 2.4 ], "texture": "#1" },
				"north": { "uv": [ 9, 1, 11, 2.2 ], "texture": "#1" },
				"south": { "uv": [ 9, 3, 10, 3.2 ], "texture": "#1" },
				"west": { "uv": [ 10, 3, 10.4, 3.1 ], "texture": "#1" },
				"east": { "uv": [ 9, 2, 10, 2.2 ], "texture": "#1" }
			}
		},
		{
			"from": [ 9.7, 5.15, 7.95 ],
			"to": [ 9.9, 5.25, 8.049999 ],
			"faces": {
				"down": { "uv": [ 9, 6, 9.4, 6.4 ], "texture": "#1" },
				"up": { "uv": [ 9, 5, 10, 5.4 ], "texture": "#1" },
				"north": { "uv": [ 9, 6, 11, 7.2 ], "texture": "#1" },
				"south": { "uv": [ 9, 6, 10, 6.2 ], "texture": "#1" },
				"west": { "uv": [ 9, 6, 9.4, 6.1 ], "texture": "#1" },
				"east": { "uv": [ 9, 5, 10, 5.2 ], "texture": "#1" }
			}
		},
		{
			"from": [ 7.8, 5, 6.7 ],
			"to": [ 8, 5.2, 6.8 ],
			"faces": {
				"down": { "uv": [ 2, 5, 2.2, 5.1 ], "texture": "#1" },
				"up": { "uv": [ 1, 5, 1.2, 5.1 ], "texture": "#1" },
				"north": { "uv": [ 2, 5, 2.2, 5.2 ], "texture": "#1" },
				"south": { "uv": [ 1, 5, 1.2, 5.2 ], "texture": "#1" },
				"west": { "uv": [ 1, 7, 1.1, 7.2 ], "texture": "#1" },
				"east": { "uv": [ 2, 5, 2.1, 5.2 ], "texture": "#1" }
			}
		},
		{
			"from": [ 7.8, 5.2, 6.7 ],
			"to": [ 8, 5.4, 6.8 ],
			"faces": {
				"down": { "uv": [ 5, 3, 5.2, 3.1 ], "texture": "#1" },
				"up": { "uv": [ 6, 3, 6.2, 3.1 ], "texture": "#1" },
				"north": { "uv": [ 6, 2, 6.2, 2.2 ], "texture": "#1" },
				"south": { "uv": [ 6, 2, 6.2, 2.2 ], "texture": "#1" },
				"west": { "uv": [ 6, 2, 6.1, 2.2 ], "texture": "#1" },
				"east": { "uv": [ 7, 2, 7.1, 2.2 ], "texture": "#1" }
			}
		},
		{
			"from": [ 8, 5.2, 6.7 ],
			"to": [ 8.2, 5.4, 6.8 ],
			"faces": {
				"down": { "uv": [ 10, 2, 10.2, 2.1 ], "texture": "#1" },
				"up": { "uv": [ 9, 2, 9.2, 2.1 ], "texture": "#1" },
				"north": { "uv": [ 10, 2, 10.2, 2.2 ], "texture": "#1" },
				"south": { "uv": [ 9, 3, 9.2, 3.2 ], "texture": "#1" },
				"west": { "uv": [ 10, 2, 10.1, 2.2 ], "texture": "#1" },
				"east": { "uv": [ 10, 2, 10.1, 2.2 ], "texture": "#1" }
			}
		},
		{
			"from": [ 8, 5, 6.7 ],
			"to": [ 8.2, 5.2, 6.8 ],
			"faces": {
				"down": { "uv": [ 13, 3, 13.2, 3.1 ], "texture": "#1" },
				"up": { "uv": [ 13, 2, 13.2, 2.1 ], "texture": "#1" },
				"north": { "uv": [ 14, 2, 14.2, 2.2 ], "texture": "#1" },
				"south": { "uv": [ 13, 3, 13.2, 3.2 ], "texture": "#1" },
				"west": { "uv": [ 13, 2, 13.1, 2.2 ], "texture": "#1" },
				"east": { "uv": [ 13, 2, 13.1, 2.2 ], "texture": "#1" }
			}
		},
		{
			"from": [ 8, 5.1, 6.3 ],
			"to": [ 8.1, 5.2, 6.699998 ],
			"faces": {
				"down": { "uv": [ 13, 3, 13.1, 3.4 ], "texture": "#1" },
				"up": { "uv": [ 13, 2, 13.1, 2.4 ], "texture": "#1" },
				"north": { "uv": [ 14, 2, 14.1, 2.1 ], "texture": "#1" },
				"south": { "uv": [ 13, 3, 13.1, 3.1 ], "texture": "#1" },
				"west": { "uv": [ 13, 2, 13.4, 2.1 ], "texture": "#1" },
				"east": { "uv": [ 13, 2, 13.4, 2.1 ], "texture": "#1" }
			}
		},
		{
			"from": [ 8, 5.2, 6.3 ],
			"to": [ 8.1, 5.3, 6.699998 ],
			"faces": {
				"down": { "uv": [ 11, 2, 11.1, 2.4 ], "texture": "#1" },
				"up": { "uv": [ 11, 2, 11.1, 2.4 ], "texture": "#1" },
				"north": { "uv": [ 11, 2, 11.1, 2.1 ], "texture": "#1" },
				"south": { "uv": [ 10, 3, 10.1, 3.1 ], "texture": "#1" },
				"west": { "uv": [ 9, 2, 9.4, 2.1 ], "texture": "#1" },
				"east": { "uv": [ 9, 2, 9.4, 2.1 ], "texture": "#1" }
			}
		},
		{
			"from": [ 7.9, 5.2, 6.3 ],
			"to": [ 8, 5.3, 6.699998 ],
			"faces": {
				"down": { "uv": [ 7, 2, 7.1, 2.4 ], "texture": "#1" },
				"up": { "uv": [ 6, 2, 6.1, 2.4 ], "texture": "#1" },
				"north": { "uv": [ 6, 3, 6.1, 3.1 ], "texture": "#1" },
				"south": { "uv": [ 6, 3, 6.1, 3.1 ], "texture": "#1" },
				"west": { "uv": [ 6, 2, 6.4, 2.1 ], "texture": "#1" },
				"east": { "uv": [ 5, 2, 5.4, 2.1 ], "texture": "#1" }
			}
		},
		{
			"from": [ 7.9, 5.1, 6.3 ],
			"to": [ 8, 5.2, 6.699998 ],
			"faces": {
				"down": { "uv": [ 2, 5, 2.1, 5.4 ], "texture": "#1" },
				"up": { "uv": [ 1, 6, 1.1, 6.4 ], "texture": "#1" },
				"north": { "uv": [ 2, 6, 2.1, 6.1 ], "texture": "#1" },
				"south": { "uv": [ 2, 5, 2.1, 5.1 ], "texture": "#1" },
				"west": { "uv": [ 2, 6, 2.4, 6.1 ], "texture": "#1" },
				"east": { "uv": [ 2, 6, 2.4, 6.1 ], "texture": "#1" }
			}
		},
		{
			"from": [ 7.95, 5.15, 6.1 ],
			"to": [ 8.05, 5.25, 6.3 ],
			"faces": {
				"down": { "uv": [ 10, 5, 10.1, 5.2 ], "texture": "#1" },
				"up": { "uv": [ 9, 5, 9.1, 5.2 ], "texture": "#1" },
				"north": { "uv": [ 10, 6, 10.1, 6.1 ], "texture": "#1" },
				"south": { "uv": [ 9, 6, 9.1, 6.1 ], "texture": "#1" },
				"west": { "uv": [ 9, 6, 9.2, 6.1 ], "texture": "#1" },
				"east": { "uv": [ 10, 6, 10.2, 6.1 ], "texture": "#1" }
			}
		},
		{
			"from": [ 8, 5.2, 9.2 ],
			"to": [ 8.2, 5.4, 9.3 ],
			"faces": {
				"down": { "uv": [ 10, 2, 10.2, 2.1 ], "texture": "#1" },
				"up": { "uv": [ 9, 2, 9.2, 2.1 ], "texture": "#1" },
				"north": { "uv": [ 10, 2, 10.2, 2.2 ], "texture": "#1" },
				"south": { "uv": [ 9, 3, 9.2, 3.2 ], "texture": "#1" },
				"west": { "uv": [ 10, 2, 10.1, 2.2 ], "texture": "#1" },
				"east": { "uv": [ 10, 2, 10.1, 2.2 ], "texture": "#1" }
			}
		},
		{
			"from": [ 7.9, 5.2, 9.3 ],
			"to": [ 8, 5.3, 9.7 ],
			"faces": {
				"down": { "uv": [ 7, 2, 7.1, 2.4 ], "texture": "#1" },
				"up": { "uv": [ 6, 2, 6.1, 2.4 ], "texture": "#1" },
				"north": { "uv": [ 6, 3, 6.1, 3.1 ], "texture": "#1" },
				"south": { "uv": [ 6, 3, 6.1, 3.1 ], "texture": "#1" },
				"west": { "uv": [ 6, 2, 6.4, 2.1 ], "texture": "#1" },
				"east": { "uv": [ 5, 2, 5.4, 2.1 ], "texture": "#1" }
			}
		},
		{
			"from": [ 7.8, 5.2, 9.2 ],
			"to": [ 8, 5.4, 9.3 ],
			"faces": {
				"down": { "uv": [ 5, 3, 5.2, 3.1 ], "texture": "#1" },
				"up": { "uv": [ 6, 3, 6.2, 3.1 ], "texture": "#1" },
				"north": { "uv": [ 6, 2, 6.2, 2.2 ], "texture": "#1" },
				"south": { "uv": [ 6, 2, 6.2, 2.2 ], "texture": "#1" },
				"west": { "uv": [ 6, 2, 6.1, 2.2 ], "texture": "#1" },
				"east": { "uv": [ 7, 2, 7.1, 2.2 ], "texture": "#1" }
			}
		},
		{
			"from": [ 7.8, 5, 9.2 ],
			"to": [ 8, 5.2, 9.3 ],
			"faces": {
				"down": { "uv": [ 2, 5, 2.2, 5.1 ], "texture": "#1" },
				"up": { "uv": [ 1, 5, 1.2, 5.1 ], "texture": "#1" },
				"north": { "uv": [ 2, 5, 2.2, 5.2 ], "texture": "#1" },
				"south": { "uv": [ 1, 5, 1.2, 5.2 ], "texture": "#1" },
				"west": { "uv": [ 1, 7, 1.1, 7.2 ], "texture": "#1" },
				"east": { "uv": [ 2, 5, 2.1, 5.2 ], "texture": "#1" }
			}
		},
		{
			"from": [ 8, 5, 9.2 ],
			"to": [ 8.2, 5.2, 9.3 ],
			"faces": {
				"down": { "uv": [ 13, 3, 13.2, 3.1 ], "texture": "#1" },
				"up": { "uv": [ 13, 2, 13.2, 2.1 ], "texture": "#1" },
				"north": { "uv": [ 14, 2, 14.2, 2.2 ], "texture": "#1" },
				"south": { "uv": [ 13, 3, 13.2, 3.2 ], "texture": "#1" },
				"west": { "uv": [ 13, 2, 13.1, 2.2 ], "texture": "#1" },
				"east": { "uv": [ 13, 2, 13.1, 2.2 ], "texture": "#1" }
			}
		},
		{
			"from": [ 7.9, 5.1, 9.3 ],
			"to": [ 8, 5.2, 9.7 ],
			"faces": {
				"down": { "uv": [ 2, 5, 2.1, 5.4 ], "texture": "#1" },
				"up": { "uv": [ 1, 6, 1.1, 6.4 ], "texture": "#1" },
				"north": { "uv": [ 2, 6, 2.1, 6.1 ], "texture": "#1" },
				"south": { "uv": [ 2, 5, 2.1, 5.1 ], "texture": "#1" },
				"west": { "uv": [ 2, 6, 2.4, 6.1 ], "texture": "#1" },
				"east": { "uv": [ 2, 6, 2.4, 6.1 ], "texture": "#1" }
			}
		},
		{
			"from": [ 8, 5.2, 9.3 ],
			"to": [ 8.1, 5.3, 9.7 ],
			"faces": {
				"down": { "uv": [ 11, 2, 11.1, 2.4 ], "texture": "#1" },
				"up": { "uv": [ 11, 2, 11.1, 2.4 ], "texture": "#1" },
				"north": { "uv": [ 11, 2, 11.1, 2.1 ], "texture": "#1" },
				"south": { "uv": [ 10, 3, 10.1, 3.1 ], "texture": "#1" },
				"west": { "uv": [ 9, 2, 9.4, 2.1 ], "texture": "#1" },
				"east": { "uv": [ 9, 2, 9.4, 2.1 ], "texture": "#1" }
			}
		},
		{
			"from": [ 8, 5.1, 9.3 ],
			"to": [ 8.1, 5.2, 9.7 ],
			"faces": {
				"down": { "uv": [ 13, 3, 13.1, 3.4 ], "texture": "#1" },
				"up": { "uv": [ 13, 2, 13.1, 2.4 ], "texture": "#1" },
				"north": { "uv": [ 14, 2, 14.1, 2.1 ], "texture": "#1" },
				"south": { "uv": [ 13, 3, 13.1, 3.1 ], "texture": "#1" },
				"west": { "uv": [ 13, 2, 13.4, 2.1 ], "texture": "#1" },
				"east": { "uv": [ 13, 2, 13.4, 2.1 ], "texture": "#1" }
			}
		},
		{
			"from": [ 7.95, 5.15, 9.7 ],
			"to": [ 8.05, 5.25, 9.9 ],
			"faces": {
				"down": { "uv": [ 10, 5, 10.1, 5.2 ], "texture": "#1" },
				"up": { "uv": [ 9, 5, 9.1, 5.2 ], "texture": "#1" },
				"north": { "uv": [ 10, 6, 10.1, 6.1 ], "texture": "#1" },
				"south": { "uv": [ 9, 6, 9.1, 6.1 ], "texture": "#1" },
				"west": { "uv": [ 9, 6, 9.2, 6.1 ], "texture": "#1" },
				"east": { "uv": [ 10, 6, 10.2, 6.1 ], "texture": "#1" }
			}
		}
	],
"display": {
    "thirdperson": {
        "rotation": [ 266, 0, 0 ],
        "translation": [ 0.00, 0.00, -10.75 ],
        "scale": [ 3.10, 3.00, 3.10 ]
    },
    "firstperson": {
        "rotation": [ 0, 302, 0 ],
        "translation": [ 0.50, 11.75, 1.50 ],
        "scale": [ 3.50, 3.25, 3.50 ]
    },
    "gui": {
        "rotation": [ 355, 168, 319 ],
        "translation": [ 14.75, 19.85, -19.00 ],
        "scale": [ 2.60, 2.51, 2.51 ]
    },
    "head": {
        "rotation": [ 0, 180, 0 ],
        "translation": [ 0.25, 1.00, -4.50 ],
        "scale": [ 1.30, 1.30, 1.30 ]
		}
	}
}