{
	"__comment": "Designed by Colin0904 with Cubik Studio - https://cubik.studio",
	"textures": {
		"particle": "items/goldskull_mace",
		"texture": "items/goldskull_mace",
		"texture1": "items/FireSphere_anim"
	},
	"elements": [
		{
			"__comment": "Cube1",
			"from": [ 6.5, 10.4, 6.5 ],
			"to": [ 9.5, 10.6, 9.5 ],
			"faces": {
				"down": { "uv": [ 4, 6.5, 7.5, 7.5 ], "texture": "#texture", "rotation": 90 },
				"up": { "uv": [ 4, 6.5, 7.5, 7.5 ], "texture": "#texture", "rotation": 90 },
				"north": { "uv": [ 4, 6.5, 7.5, 7.5 ], "texture": "#texture", "rotation": 90 },
				"south": { "uv": [ 4, 6.5, 7.5, 7.5 ], "texture": "#texture", "rotation": 90 },
				"west": { "uv": [ 4, 6.5, 7.5, 7.5 ], "texture": "#texture", "rotation": 90 },
				"east": { "uv": [ 4, 6.5, 7.5, 7.5 ], "texture": "#texture", "rotation": 90 }
			}
		},
		{
			"__comment": "Cube1",
			"from": [ 7.75, 3, 8.5 ],
			"to": [ 8.25, 10, 8.75 ],
			"faces": {
				"down": { "uv": [ 4, 9, 6, 11 ], "texture": "#texture" },
				"up": { "uv": [ 6.5, 9, 7.5, 10 ], "texture": "#texture" },
				"north": { "uv": [ 0, 8, 8, 9 ], "texture": "#texture" },
				"south": { "uv": [ 0, 8, 8, 9 ], "texture": "#texture" },
				"west": { "uv": [ 0, 8, 8, 9 ], "texture": "#texture" },
				"east": { "uv": [ 0, 8, 8, 9 ], "texture": "#texture" }
			}
		},
		{
			"__comment": "Cube1",
			"from": [ 7.25, 3, 7.75 ],
			"to": [ 7.5, 10, 8.25 ],
			"faces": {
				"down": { "uv": [ 4, 8, 12, 9 ], "texture": "#texture", "rotation": 90 },
				"up": { "uv": [ 4, 8, 12, 9 ], "texture": "#texture", "rotation": 270 },
				"north": { "uv": [ 0, 8, 8, 9 ], "texture": "#texture" },
				"south": { "uv": [ 0, 8, 8, 9 ], "texture": "#texture" },
				"west": { "uv": [ 12, 8, 4, 9 ], "texture": "#texture" },
				"east": { "uv": [ 4, 8, 12, 9 ], "texture": "#texture" }
			}
		},
		{
			"__comment": "Cube2",
			"from": [ 7.65, 2.3, 7.65 ],
			"to": [ 8.4, 2.4, 8.4 ],
			"faces": {
				"down": { "uv": [ 8.5, 6, 11.5, 7 ], "texture": "#texture" },
				"up": { "uv": [ 8.5, 6, 11.5, 7 ], "texture": "#texture" },
				"north": { "uv": [ 8.5, 6, 11.5, 7 ], "texture": "#texture" },
				"south": { "uv": [ 8.5, 6, 11.5, 7 ], "texture": "#texture" },
				"west": { "uv": [ 8.5, 6, 11.5, 7 ], "texture": "#texture" },
				"east": { "uv": [ 8.5, 6, 11.5, 7 ], "texture": "#texture" }
			}
		},
		{
			"__comment": "Cube1",
			"from": [ 8.5, 3, 7.75 ],
			"to": [ 8.75, 10, 8.25 ],
			"faces": {
				"down": { "uv": [ 4, 8, 12, 9 ], "texture": "#texture", "rotation": 90 },
				"up": { "uv": [ 4, 8, 12, 9 ], "texture": "#texture", "rotation": 270 },
				"north": { "uv": [ 0, 8, 8, 9 ], "texture": "#texture" },
				"south": { "uv": [ 0, 8, 8, 9 ], "texture": "#texture" },
				"west": { "uv": [ 0, 8, 8, 9 ], "texture": "#texture" },
				"east": { "uv": [ 4, 8, 12, 9 ], "texture": "#texture" }
			}
		},
		{
			"__comment": "Cube1",
			"from": [ 7.5, 3, 7.5 ],
			"to": [ 8.5, 10, 8.5 ],
			"faces": {
				"down": { "uv": [ 4, 8, 12, 9 ], "texture": "#texture", "rotation": 90 },
				"up": { "uv": [ 4, 8, 12, 9 ], "texture": "#texture", "rotation": 270 },
				"north": { "uv": [ 0, 8, 8, 9 ], "texture": "#texture" },
				"south": { "uv": [ 0, 8, 8, 9 ], "texture": "#texture" },
				"west": { "uv": [ 4, 8, 12, 9 ], "texture": "#texture", "rotation": 180 },
				"east": { "uv": [ 4, 8, 12, 9 ], "texture": "#texture" }
			}
		},
		{
			"__comment": "Cube1",
			"from": [ 7, 10, 7 ],
			"to": [ 9, 10.2, 9 ],
			"faces": {
				"down": { "uv": [ 4, 6.5, 7.5, 7.5 ], "texture": "#texture", "rotation": 90 },
				"up": { "uv": [ 4, 6.5, 7.5, 7.5 ], "texture": "#texture", "rotation": 90 },
				"north": { "uv": [ 4, 6.5, 7.5, 7.5 ], "texture": "#texture", "rotation": 90 },
				"south": { "uv": [ 4, 6.5, 7.5, 7.5 ], "texture": "#texture", "rotation": 90 },
				"west": { "uv": [ 4, 6.5, 7.5, 7.5 ], "texture": "#texture", "rotation": 90 },
				"east": { "uv": [ 4, 6.5, 7.5, 7.5 ], "texture": "#texture", "rotation": 90 }
			}
		},
		{
			"__comment": "Cube1",
			"from": [ 6.75, 10.2, 6.75 ],
			"to": [ 9.25, 10.4, 9.25 ],
			"faces": {
				"down": { "uv": [ 4, 6.5, 7.5, 7.5 ], "texture": "#texture", "rotation": 90 },
				"up": { "uv": [ 4, 6.5, 7.5, 7.5 ], "texture": "#texture", "rotation": 90 },
				"north": { "uv": [ 4, 6.5, 7.5, 7.5 ], "texture": "#texture", "rotation": 90 },
				"south": { "uv": [ 4, 6.5, 7.5, 7.5 ], "texture": "#texture", "rotation": 90 },
				"west": { "uv": [ 4, 6.5, 7.5, 7.5 ], "texture": "#texture", "rotation": 90 },
				"east": { "uv": [ 4, 6.5, 7.5, 7.5 ], "texture": "#texture", "rotation": 90 }
			}
		},
		{
			"__comment": "Cube11",
			"from": [ 6.5, 11.6, 6.5 ],
			"to": [ 9, 12.1, 7 ],
			"faces": {
				"down": { "uv": [ 2.5, 6, 3, 6.5 ], "texture": "#texture" },
				"up": { "uv": [ 2.5, 6, 3, 6.5 ], "texture": "#texture" },
				"north": { "uv": [ 2.5, 6, 3, 6.5 ], "texture": "#texture" },
				"south": { "uv": [ 2.5, 6, 3, 6.5 ], "texture": "#texture" },
				"west": { "uv": [ 2.5, 6, 3, 6.5 ], "texture": "#texture" },
				"east": { "uv": [ 2.5, 6, 3, 6.5 ], "texture": "#texture" }
			}
		},
		{
			"__comment": "Cube11",
			"from": [ 9, 11.6, 6.5 ],
			"to": [ 9.5, 12.1, 9 ],
			"faces": {
				"down": { "uv": [ 2.5, 6, 3, 6.5 ], "texture": "#texture" },
				"up": { "uv": [ 2.5, 6, 3, 6.5 ], "texture": "#texture" },
				"north": { "uv": [ 2.5, 6, 3, 6.5 ], "texture": "#texture" },
				"south": { "uv": [ 2.5, 6, 3, 6.5 ], "texture": "#texture" },
				"west": { "uv": [ 2.5, 6, 3, 6.5 ], "texture": "#texture" },
				"east": { "uv": [ 2.5, 6, 3, 6.5 ], "texture": "#texture" }
			}
		},
		{
			"__comment": "Cube11",
			"from": [ 8.5, 12.1, 9 ],
			"to": [ 9.5, 12.6, 9.5 ],
			"faces": {
				"down": { "uv": [ 2.5, 6, 3, 6.5 ], "texture": "#texture" },
				"up": { "uv": [ 2.5, 6, 3, 6.5 ], "texture": "#texture" },
				"north": { "uv": [ 2.5, 6, 3, 6.5 ], "texture": "#texture" },
				"south": { "uv": [ 2.5, 6, 3, 6.5 ], "texture": "#texture" },
				"west": { "uv": [ 2.5, 6, 3, 6.5 ], "texture": "#texture" },
				"east": { "uv": [ 2.5, 6, 3, 6.5 ], "texture": "#texture" }
			}
		},
		{
			"__comment": "Cube11",
			"from": [ 6.5, 12.1, 8.5 ],
			"to": [ 7, 12.6, 9 ],
			"faces": {
				"down": { "uv": [ 2.5, 6, 3, 6.5 ], "texture": "#texture" },
				"up": { "uv": [ 2.5, 6, 3, 6.5 ], "texture": "#texture" },
				"north": { "uv": [ 2.5, 6, 3, 6.5 ], "texture": "#texture" },
				"south": { "uv": [ 2.5, 6, 3, 6.5 ], "texture": "#texture" },
				"west": { "uv": [ 2.5, 6, 3, 6.5 ], "texture": "#texture" },
				"east": { "uv": [ 2.5, 6, 3, 6.5 ], "texture": "#texture" }
			}
		},
		{
			"__comment": "Cube11",
			"from": [ 7, 12.6, 7 ],
			"to": [ 7.5, 13.1, 7.5 ],
			"faces": {
				"down": { "uv": [ 7, 2.5, 7.5, 3 ], "texture": "#texture" },
				"up": { "uv": [ 6.5, 2, 7, 2.5 ], "texture": "#texture" },
				"north": { "uv": [ 7, 2.5, 7.5, 3 ], "texture": "#texture" },
				"south": { "uv": [ 7, 2.5, 7.5, 3 ], "texture": "#texture" },
				"west": { "uv": [ 7, 2.5, 7.5, 3 ], "texture": "#texture" },
				"east": { "uv": [ 7, 2.5, 7.5, 3 ], "texture": "#texture" }
			}
		},
		{
			"__comment": "Cube11",
			"from": [ 6.5, 11.6, 9 ],
			"to": [ 9, 12.1, 9.5 ],
			"faces": {
				"down": { "uv": [ 2.5, 6, 3, 6.5 ], "texture": "#texture" },
				"up": { "uv": [ 2.5, 6, 3, 6.5 ], "texture": "#texture" },
				"north": { "uv": [ 2.5, 6, 3, 6.5 ], "texture": "#texture" },
				"south": { "uv": [ 2.5, 6, 3, 6.5 ], "texture": "#texture" },
				"west": { "uv": [ 2.5, 6, 3, 6.5 ], "texture": "#texture" },
				"east": { "uv": [ 2.5, 6, 3, 6.5 ], "texture": "#texture" }
			}
		},
		{
			"__comment": "Cube11",
			"from": [ 6.5, 12.1, 9 ],
			"to": [ 8.5, 12.6, 9.5 ],
			"faces": {
				"down": { "uv": [ 2.5, 6, 3, 6.5 ], "texture": "#texture" },
				"up": { "uv": [ 2.5, 6, 3, 6.5 ], "texture": "#texture" },
				"north": { "uv": [ 2.5, 6, 3, 6.5 ], "texture": "#texture" },
				"south": { "uv": [ 2.5, 6, 3, 6.5 ], "texture": "#texture" },
				"west": { "uv": [ 2.5, 6, 3, 6.5 ], "texture": "#texture" },
				"east": { "uv": [ 2.5, 6, 3, 6.5 ], "texture": "#texture" }
			}
		},
		{
			"__comment": "Cube11",
			"from": [ 6.5, 12.1, 6.5 ],
			"to": [ 8.5, 12.6, 7 ],
			"faces": {
				"down": { "uv": [ 2.5, 6, 3, 6.5 ], "texture": "#texture" },
				"up": { "uv": [ 2.5, 6, 3, 6.5 ], "texture": "#texture" },
				"north": { "uv": [ 2.5, 6, 3, 6.5 ], "texture": "#texture" },
				"south": { "uv": [ 2.5, 6, 3, 6.5 ], "texture": "#texture" },
				"west": { "uv": [ 2.5, 6, 3, 6.5 ], "texture": "#texture" },
				"east": { "uv": [ 2.5, 6, 3, 6.5 ], "texture": "#texture" }
			}
		},
		{
			"__comment": "Cube11",
			"from": [ 8.5, 12.1, 6.5 ],
			"to": [ 9.5, 12.6, 7 ],
			"faces": {
				"down": { "uv": [ 2.5, 6, 3, 6.5 ], "texture": "#texture" },
				"up": { "uv": [ 2.5, 6, 3, 6.5 ], "texture": "#texture" },
				"north": { "uv": [ 2.5, 6, 3, 6.5 ], "texture": "#texture" },
				"south": { "uv": [ 2.5, 6, 3, 6.5 ], "texture": "#texture" },
				"west": { "uv": [ 2.5, 6, 3, 6.5 ], "texture": "#texture" },
				"east": { "uv": [ 2.5, 6, 3, 6.5 ], "texture": "#texture" }
			}
		},
		{
			"__comment": "Cube11",
			"from": [ 9, 11.6, 9 ],
			"to": [ 9.5, 12.1, 9.5 ],
			"faces": {
				"down": { "uv": [ 2.5, 6, 3, 6.5 ], "texture": "#texture" },
				"up": { "uv": [ 2.5, 6, 3, 6.5 ], "texture": "#texture" },
				"north": { "uv": [ 2.5, 6, 3, 6.5 ], "texture": "#texture" },
				"south": { "uv": [ 2.5, 6, 3, 6.5 ], "texture": "#texture" },
				"west": { "uv": [ 2.5, 6, 3, 6.5 ], "texture": "#texture" },
				"east": { "uv": [ 2.5, 6, 3, 6.5 ], "texture": "#texture" }
			}
		},
		{
			"__comment": "Cube11",
			"from": [ 6.5, 12.1, 7 ],
			"to": [ 7, 12.6, 8.5 ],
			"faces": {
				"down": { "uv": [ 2.5, 6, 3, 6.5 ], "texture": "#texture" },
				"up": { "uv": [ 2.5, 6, 3, 6.5 ], "texture": "#texture" },
				"north": { "uv": [ 2.5, 6, 3, 6.5 ], "texture": "#texture" },
				"south": { "uv": [ 2.5, 6, 3, 6.5 ], "texture": "#texture" },
				"west": { "uv": [ 2.5, 6, 3, 6.5 ], "texture": "#texture" },
				"east": { "uv": [ 2.5, 6, 3, 6.5 ], "texture": "#texture" }
			}
		},
		{
			"__comment": "Cube11",
			"from": [ 9, 12.1, 8.5 ],
			"to": [ 9.5, 12.6, 9 ],
			"faces": {
				"down": { "uv": [ 2.5, 6, 3, 6.5 ], "texture": "#texture" },
				"up": { "uv": [ 2.5, 6, 3, 6.5 ], "texture": "#texture" },
				"north": { "uv": [ 2.5, 6, 3, 6.5 ], "texture": "#texture" },
				"south": { "uv": [ 2.5, 6, 3, 6.5 ], "texture": "#texture" },
				"west": { "uv": [ 2.5, 6, 3, 6.5 ], "texture": "#texture" },
				"east": { "uv": [ 2.5, 6, 3, 6.5 ], "texture": "#texture" }
			}
		},
		{
			"__comment": "Cube11",
			"from": [ 9, 12.1, 7 ],
			"to": [ 9.5, 12.6, 8.5 ],
			"faces": {
				"down": { "uv": [ 2.5, 6, 3, 6.5 ], "texture": "#texture" },
				"up": { "uv": [ 2.5, 6, 3, 6.5 ], "texture": "#texture" },
				"north": { "uv": [ 2.5, 6, 3, 6.5 ], "texture": "#texture" },
				"south": { "uv": [ 2.5, 6, 3, 6.5 ], "texture": "#texture" },
				"west": { "uv": [ 2.5, 6, 3, 6.5 ], "texture": "#texture" },
				"east": { "uv": [ 2.5, 6, 3, 6.5 ], "texture": "#texture" }
			}
		},
		{
			"__comment": "Cube11",
			"from": [ 7, 12.6, 6.5 ],
			"to": [ 9, 13.1, 7 ],
			"faces": {
				"down": { "uv": [ 7, 2.5, 7.5, 3 ], "texture": "#texture" },
				"up": { "uv": [ 6.5, 2, 7, 2.5 ], "texture": "#texture" },
				"north": { "uv": [ 7, 2.5, 7.5, 3 ], "texture": "#texture" },
				"south": { "uv": [ 7, 2.5, 7.5, 3 ], "texture": "#texture" },
				"west": { "uv": [ 7, 2.5, 7.5, 3 ], "texture": "#texture" },
				"east": { "uv": [ 7, 2.5, 7.5, 3 ], "texture": "#texture" }
			}
		},
		{
			"__comment": "Cube11",
			"from": [ 9, 12.6, 7 ],
			"to": [ 9.5, 13.1, 9 ],
			"faces": {
				"down": { "uv": [ 7, 2.5, 7.5, 3 ], "texture": "#texture" },
				"up": { "uv": [ 6.5, 2, 7, 2.5 ], "texture": "#texture" },
				"north": { "uv": [ 7, 2.5, 7.5, 3 ], "texture": "#texture" },
				"south": { "uv": [ 7, 2.5, 7.5, 3 ], "texture": "#texture" },
				"west": { "uv": [ 7, 2.5, 7.5, 3 ], "texture": "#texture" },
				"east": { "uv": [ 7, 2.5, 7.5, 3 ], "texture": "#texture" }
			}
		},
		{
			"__comment": "Cube11",
			"from": [ 8.5, 13.1, 7.5 ],
			"to": [ 9, 13.6, 8.5 ],
			"faces": {
				"down": { "uv": [ 3, 2.5, 3.5, 3 ], "texture": "#texture" },
				"up": { "uv": [ 3, 2.5, 3.5, 3 ], "texture": "#texture" },
				"north": { "uv": [ 3, 2.5, 3.5, 3 ], "texture": "#texture" },
				"south": { "uv": [ 3, 2.5, 3.5, 3 ], "texture": "#texture" },
				"west": { "uv": [ 3, 2.5, 3.5, 3 ], "texture": "#texture" },
				"east": { "uv": [ 3, 2.5, 3.5, 3 ], "texture": "#texture" }
			}
		},
		{
			"__comment": "Cube11",
			"from": [ 8.5, 12.6, 8.5 ],
			"to": [ 9, 13.1, 9 ],
			"faces": {
				"down": { "uv": [ 7, 2.5, 7.5, 3 ], "texture": "#texture" },
				"up": { "uv": [ 6.5, 2, 7, 2.5 ], "texture": "#texture" },
				"north": { "uv": [ 7, 2.5, 7.5, 3 ], "texture": "#texture" },
				"south": { "uv": [ 7, 2.5, 7.5, 3 ], "texture": "#texture" },
				"west": { "uv": [ 7, 2.5, 7.5, 3 ], "texture": "#texture" },
				"east": { "uv": [ 7, 2.5, 7.5, 3 ], "texture": "#texture" }
			}
		},
		{
			"__comment": "Cube11",
			"from": [ 7, 12.6, 8.5 ],
			"to": [ 7.5, 13.1, 9 ],
			"faces": {
				"down": { "uv": [ 7, 2.5, 7.5, 3 ], "texture": "#texture" },
				"up": { "uv": [ 6.5, 2, 7, 2.5 ], "texture": "#texture" },
				"north": { "uv": [ 7, 2.5, 7.5, 3 ], "texture": "#texture" },
				"south": { "uv": [ 7, 2.5, 7.5, 3 ], "texture": "#texture" },
				"west": { "uv": [ 7, 2.5, 7.5, 3 ], "texture": "#texture" },
				"east": { "uv": [ 7, 2.5, 7.5, 3 ], "texture": "#texture" }
			}
		},
		{
			"__comment": "Cube11",
			"from": [ 8.5, 12.6, 7 ],
			"to": [ 9, 13.1, 7.5 ],
			"faces": {
				"down": { "uv": [ 7, 2.5, 7.5, 3 ], "texture": "#texture" },
				"up": { "uv": [ 6.5, 2, 7, 2.5 ], "texture": "#texture" },
				"north": { "uv": [ 7, 2.5, 7.5, 3 ], "texture": "#texture" },
				"south": { "uv": [ 7, 2.5, 7.5, 3 ], "texture": "#texture" },
				"west": { "uv": [ 7, 2.5, 7.5, 3 ], "texture": "#texture" },
				"east": { "uv": [ 7, 2.5, 7.5, 3 ], "texture": "#texture" }
			}
		},
		{
			"__comment": "Cube11",
			"from": [ 7, 13.1, 7.5 ],
			"to": [ 7.5, 13.6, 8.5 ],
			"faces": {
				"down": { "uv": [ 3, 2.5, 3.5, 3 ], "texture": "#texture" },
				"up": { "uv": [ 3, 2.5, 3.5, 3 ], "texture": "#texture" },
				"north": { "uv": [ 3, 2.5, 3.5, 3 ], "texture": "#texture" },
				"south": { "uv": [ 3, 2.5, 3.5, 3 ], "texture": "#texture" },
				"west": { "uv": [ 3, 2.5, 3.5, 3 ], "texture": "#texture" },
				"east": { "uv": [ 3, 2.5, 3.5, 3 ], "texture": "#texture" }
			}
		},
		{
			"__comment": "Cube11",
			"from": [ 7.5, 13.1, 7 ],
			"to": [ 8.5, 13.6, 9 ],
			"faces": {
				"down": { "uv": [ 3, 2.5, 3.5, 3 ], "texture": "#texture" },
				"up": { "uv": [ 3, 2.5, 3.5, 3 ], "texture": "#texture" },
				"north": { "uv": [ 3, 2.5, 3.5, 3 ], "texture": "#texture" },
				"south": { "uv": [ 3, 2.5, 3.5, 3 ], "texture": "#texture" },
				"west": { "uv": [ 3, 2.5, 3.5, 3 ], "texture": "#texture" },
				"east": { "uv": [ 3, 2.5, 3.5, 3 ], "texture": "#texture" }
			}
		},
		{
			"__comment": "Cube11",
			"from": [ 7, 12.6, 9 ],
			"to": [ 9, 13.1, 9.5 ],
			"faces": {
				"down": { "uv": [ 7, 2.5, 7.5, 3 ], "texture": "#texture" },
				"up": { "uv": [ 6.5, 2, 7, 2.5 ], "texture": "#texture" },
				"north": { "uv": [ 7, 2.5, 7.5, 3 ], "texture": "#texture" },
				"south": { "uv": [ 7, 2.5, 7.5, 3 ], "texture": "#texture" },
				"west": { "uv": [ 7, 2.5, 7.5, 3 ], "texture": "#texture" },
				"east": { "uv": [ 7, 2.5, 7.5, 3 ], "texture": "#texture" }
			}
		},
		{
			"__comment": "Cube11",
			"from": [ 6.5, 10.6, 9 ],
			"to": [ 7, 11.6, 9.5 ],
			"faces": {
				"down": { "uv": [ 6.5, 6, 7, 6.5 ], "texture": "#texture" },
				"up": { "uv": [ 6.5, 6, 7, 6.5 ], "texture": "#texture" },
				"north": { "uv": [ 6.5, 6, 7, 6.5 ], "texture": "#texture" },
				"south": { "uv": [ 6.5, 6, 7, 6.5 ], "texture": "#texture" },
				"west": { "uv": [ 6.5, 6, 7, 6.5 ], "texture": "#texture" },
				"east": { "uv": [ 6.5, 6, 7, 6.5 ], "texture": "#texture" }
			}
		},
		{
			"__comment": "Cube11",
			"from": [ 7, 10.6, 6.5 ],
			"to": [ 9, 11.6, 7 ],
			"faces": {
				"down": { "uv": [ 6.5, 6, 7, 6.5 ], "texture": "#texture" },
				"up": { "uv": [ 6.5, 6, 7, 6.5 ], "texture": "#texture" },
				"north": { "uv": [ 6.5, 6, 7, 6.5 ], "texture": "#texture" },
				"south": { "uv": [ 6.5, 6, 7, 6.5 ], "texture": "#texture" },
				"west": { "uv": [ 6.5, 6, 7, 6.5 ], "texture": "#texture" },
				"east": { "uv": [ 6.5, 6, 7, 6.5 ], "texture": "#texture" }
			}
		},
		{
			"__comment": "Cube11",
			"from": [ 9, 10.6, 7 ],
			"to": [ 9.5, 11.6, 9 ],
			"faces": {
				"down": { "uv": [ 6.5, 6, 7, 6.5 ], "texture": "#texture" },
				"up": { "uv": [ 6.5, 6, 7, 6.5 ], "texture": "#texture" },
				"north": { "uv": [ 6.5, 6, 7, 6.5 ], "texture": "#texture" },
				"south": { "uv": [ 6.5, 6, 7, 6.5 ], "texture": "#texture" },
				"west": { "uv": [ 6.5, 6, 7, 6.5 ], "texture": "#texture" },
				"east": { "uv": [ 6.5, 6, 7, 6.5 ], "texture": "#texture" }
			}
		},
		{
			"__comment": "Cube11",
			"from": [ 9, 10.6, 6.5 ],
			"to": [ 9.5, 11.6, 7 ],
			"faces": {
				"down": { "uv": [ 6.5, 6, 7, 6.5 ], "texture": "#texture" },
				"up": { "uv": [ 6.5, 6, 7, 6.5 ], "texture": "#texture" },
				"north": { "uv": [ 6.5, 6, 7, 6.5 ], "texture": "#texture" },
				"south": { "uv": [ 6.5, 6, 7, 6.5 ], "texture": "#texture" },
				"west": { "uv": [ 6.5, 6, 7, 6.5 ], "texture": "#texture" },
				"east": { "uv": [ 6.5, 6, 7, 6.5 ], "texture": "#texture" }
			}
		},
		{
			"__comment": "Cube11",
			"from": [ 9, 10.6, 9 ],
			"to": [ 9.5, 11.6, 9.5 ],
			"faces": {
				"down": { "uv": [ 6.5, 6, 7, 6.5 ], "texture": "#texture" },
				"up": { "uv": [ 6.5, 6, 7, 6.5 ], "texture": "#texture" },
				"north": { "uv": [ 6.5, 6, 7, 6.5 ], "texture": "#texture" },
				"south": { "uv": [ 6.5, 6, 7, 6.5 ], "texture": "#texture" },
				"west": { "uv": [ 6.5, 6, 7, 6.5 ], "texture": "#texture" },
				"east": { "uv": [ 6.5, 6, 7, 6.5 ], "texture": "#texture" }
			}
		},
		{
			"__comment": "Cube11",
			"from": [ 6.4077, 10.5838, 7 ],
			"to": [ 7.1077, 11.5838, 9 ],
			"faces": {
				"down": { "uv": [ 6.5, 6, 7, 6.5 ], "texture": "#texture" },
				"up": { "uv": [ 6.5, 6, 7, 6.5 ], "texture": "#texture" },
				"north": { "uv": [ 6.5, 6, 7, 6.5 ], "texture": "#texture" },
				"south": { "uv": [ 6.5, 6, 7, 6.5 ], "texture": "#texture" },
				"west": { "uv": [ 6.5, 6, 7, 6.5 ], "texture": "#texture" },
				"east": { "uv": [ 6.5, 6, 7, 6.5 ], "texture": "#texture" }
			}
		},
		{
			"__comment": "Cube11",
			"from": [ 7, 10.6, 9 ],
			"to": [ 9, 11.6, 9.5 ],
			"faces": {
				"down": { "uv": [ 6.5, 6, 7, 6.5 ], "texture": "#texture" },
				"up": { "uv": [ 6.5, 6, 7, 6.5 ], "texture": "#texture" },
				"north": { "uv": [ 6.5, 6, 7, 6.5 ], "texture": "#texture" },
				"south": { "uv": [ 6.5, 6, 7, 6.5 ], "texture": "#texture" },
				"west": { "uv": [ 6.5, 6, 7, 6.5 ], "texture": "#texture" },
				"east": { "uv": [ 6.5, 6, 7, 6.5 ], "texture": "#texture" }
			}
		},
		{
			"__comment": "Cube11",
			"from": [ 6.25, 10.1, 7.75 ],
			"to": [ 6.5, 10.6, 8 ],
			"faces": {
				"down": { "uv": [ 2.5, 2.5, 3, 3 ], "texture": "#texture" },
				"up": { "uv": [ 2.5, 2.5, 3, 3 ], "texture": "#texture" },
				"north": { "uv": [ 2.5, 2.5, 3, 3 ], "texture": "#texture" },
				"south": { "uv": [ 2.5, 2.5, 3, 3 ], "texture": "#texture" },
				"west": { "uv": [ 2.5, 2.5, 3, 3 ], "texture": "#texture" },
				"east": { "uv": [ 2.5, 2.5, 3, 3 ], "texture": "#texture" }
			}
		},
		{
			"__comment": "Cube11",
			"from": [ 6.5, 12.6, 7 ],
			"to": [ 7, 13.1, 9 ],
			"faces": {
				"down": { "uv": [ 7, 2.5, 7.5, 3 ], "texture": "#texture" },
				"up": { "uv": [ 6.5, 2, 7, 2.5 ], "texture": "#texture" },
				"north": { "uv": [ 7, 2.5, 7.5, 3 ], "texture": "#texture" },
				"south": { "uv": [ 7, 2.5, 7.5, 3 ], "texture": "#texture" },
				"west": { "uv": [ 7, 2.5, 7.5, 3 ], "texture": "#texture" },
				"east": { "uv": [ 7, 2.5, 7.5, 3 ], "texture": "#texture" }
			}
		},
		{
			"__comment": "Cube11",
			"from": [ 6.25, 10.1, 7.45 ],
			"to": [ 6.5, 10.6, 7.7 ],
			"faces": {
				"down": { "uv": [ 2.5, 2.5, 3, 3 ], "texture": "#texture" },
				"up": { "uv": [ 2.5, 2.5, 3, 3 ], "texture": "#texture" },
				"north": { "uv": [ 2.5, 2.5, 3, 3 ], "texture": "#texture" },
				"south": { "uv": [ 2.5, 2.5, 3, 3 ], "texture": "#texture" },
				"west": { "uv": [ 2.5, 2.5, 3, 3 ], "texture": "#texture" },
				"east": { "uv": [ 2.5, 2.5, 3, 3 ], "texture": "#texture" }
			}
		},
		{
			"__comment": "Cube11",
			"from": [ 7, 11.2, 7 ],
			"to": [ 7.5, 12.2, 9 ],
			"faces": {
				"down": { "uv": [ 6, 6, 6.5, 6.5 ], "texture": "#texture" },
				"up": { "uv": [ 6, 6, 6.5, 6.5 ], "texture": "#texture" },
				"north": { "uv": [ 6, 6, 6.5, 6.5 ], "texture": "#texture" },
				"south": { "uv": [ 6, 6, 6.5, 6.5 ], "texture": "#texture" },
				"west": { "uv": [ 6, 6, 6.5, 6.5 ], "texture": "#texture" },
				"east": { "uv": [ 6, 6, 6.5, 6.5 ], "texture": "#texture" }
			}
		},
		{
			"__comment": "Cube11",
			"from": [ 6.5, 10.6, 6.5 ],
			"to": [ 7, 11.6, 7 ],
			"faces": {
				"down": { "uv": [ 6.5, 6, 7, 6.5 ], "texture": "#texture" },
				"up": { "uv": [ 6.5, 6, 7, 6.5 ], "texture": "#texture" },
				"north": { "uv": [ 6.5, 6, 7, 6.5 ], "texture": "#texture" },
				"south": { "uv": [ 6.5, 6, 7, 6.5 ], "texture": "#texture" },
				"west": { "uv": [ 6.5, 6, 7, 6.5 ], "texture": "#texture" },
				"east": { "uv": [ 6.5, 6, 7, 6.5 ], "texture": "#texture" }
			}
		},
		{
			"__comment": "Cube11",
			"from": [ 6.5, 11.6, 7.5 ],
			"to": [ 7, 12.1, 8.5 ],
			"faces": {
				"down": { "uv": [ 2.5, 2.5, 3, 3 ], "texture": "#texture" },
				"up": { "uv": [ 2.5, 2.5, 3, 3 ], "texture": "#texture" },
				"north": { "uv": [ 2.5, 2.5, 3, 3 ], "texture": "#texture" },
				"south": { "uv": [ 2.5, 2.5, 3, 3 ], "texture": "#texture" },
				"west": { "uv": [ 2.5, 2.5, 3, 3 ], "texture": "#texture" },
				"east": { "uv": [ 2.5, 2.5, 3, 3 ], "texture": "#texture" }
			}
		},
		{
			"__comment": "Cube1",
			"from": [ 7.75, 3, 7.25 ],
			"to": [ 8.25, 10, 7.5 ],
			"faces": {
				"down": { "uv": [ 8, 9, 16, 10 ], "texture": "#texture" },
				"up": { "uv": [ 8, 9, 16, 10 ], "texture": "#texture" },
				"north": { "uv": [ 8, 9, 16, 10 ], "texture": "#texture" },
				"south": { "uv": [ 8, 9, 16, 10 ], "texture": "#texture" },
				"west": { "uv": [ 8, 9, 16, 10 ], "texture": "#texture" },
				"east": { "uv": [ 8, 9, 16, 10 ], "texture": "#texture" }
			}
		},
		{
			"__comment": "Cube1",
			"from": [ 7.25, 2.8, 7.25 ],
			"to": [ 8.75, 3, 8.75 ],
			"faces": {
				"down": { "uv": [ 12.5, 6, 15.5, 7 ], "texture": "#texture" },
				"up": { "uv": [ 12.5, 6, 15.5, 7 ], "texture": "#texture" },
				"north": { "uv": [ 12.5, 6, 15.5, 7 ], "texture": "#texture" },
				"south": { "uv": [ 12.5, 6, 15.5, 7 ], "texture": "#texture" },
				"west": { "uv": [ 12.5, 6, 15.5, 7 ], "texture": "#texture" },
				"east": { "uv": [ 12.5, 6, 15.5, 7 ], "texture": "#texture" }
			}
		},
		{
			"__comment": "Cube1",
			"from": [ 7.34, 2.6, 7.35 ],
			"to": [ 8.639999, 2.8, 8.65 ],
			"faces": {
				"down": { "uv": [ 8.5, 2, 11.5, 3 ], "texture": "#texture" },
				"up": { "uv": [ 8.5, 2, 11.5, 3 ], "texture": "#texture" },
				"north": { "uv": [ 8.5, 2, 11.5, 3 ], "texture": "#texture" },
				"south": { "uv": [ 8.5, 2, 11.5, 3 ], "texture": "#texture" },
				"west": { "uv": [ 8.5, 2, 11.5, 3 ], "texture": "#texture" },
				"east": { "uv": [ 8.5, 2, 11.5, 3 ], "texture": "#texture" }
			}
		},
		{
			"__comment": "Cube1",
			"from": [ 7.45, 2.4, 7.45 ],
			"to": [ 8.55, 2.6, 8.55 ],
			"faces": {
				"down": { "uv": [ 12, 2, 15, 3 ], "texture": "#texture" },
				"up": { "uv": [ 12, 2, 15, 3 ], "texture": "#texture" },
				"north": { "uv": [ 12, 2, 15, 3 ], "texture": "#texture" },
				"south": { "uv": [ 12, 2, 15, 3 ], "texture": "#texture" },
				"west": { "uv": [ 12, 2, 15, 3 ], "texture": "#texture" },
				"east": { "uv": [ 12, 2, 15, 3 ], "texture": "#texture" }
			}
		},
		{
			"__comment": "spike1",
			"from": [ 6.609, 13.7, 7.86 ],
			"to": [ 6.684, 13.9, 7.934999 ],
			"faces": {
				"down": { "uv": [ 10, 2.5, 10.5, 3 ], "texture": "#texture" },
				"up": { "uv": [ 10, 2.5, 10.5, 3 ], "texture": "#texture" },
				"north": { "uv": [ 10, 2.5, 10.5, 3 ], "texture": "#texture" },
				"south": { "uv": [ 10, 2.5, 10.5, 3 ], "texture": "#texture" },
				"west": { "uv": [ 10, 2.5, 10.5, 3 ], "texture": "#texture" },
				"east": { "uv": [ 10, 2.5, 10.5, 3 ], "texture": "#texture" }
			}
		},
		{
			"__comment": "Cube11",
			"from": [ 6.5, 13.1, 7.75 ],
			"to": [ 6.8, 13.4, 8.05 ],
			"faces": {
				"down": { "uv": [ 10, 2.5, 10.5, 3 ], "texture": "#texture" },
				"up": { "uv": [ 10, 2.5, 10.5, 3 ], "texture": "#texture" },
				"north": { "uv": [ 10, 2.5, 10.5, 3 ], "texture": "#texture" },
				"south": { "uv": [ 10, 2.5, 10.5, 3 ], "texture": "#texture" },
				"west": { "uv": [ 10, 2.5, 10.5, 3 ], "texture": "#texture" },
				"east": { "uv": [ 10, 2.5, 10.5, 3 ], "texture": "#texture" }
			}
		},
		{
			"__comment": "Cube11",
			"from": [ 6.57, 13.4, 7.825 ],
			"to": [ 6.719998, 13.7, 7.975 ],
			"faces": {
				"down": { "uv": [ 10, 2.5, 10.5, 3 ], "texture": "#texture" },
				"up": { "uv": [ 10, 2.5, 10.5, 3 ], "texture": "#texture" },
				"north": { "uv": [ 10, 2.5, 10.5, 3 ], "texture": "#texture" },
				"south": { "uv": [ 10, 2.5, 10.5, 3 ], "texture": "#texture" },
				"west": { "uv": [ 10, 2.5, 10.5, 3 ], "texture": "#texture" },
				"east": { "uv": [ 10, 2.5, 10.5, 3 ], "texture": "#texture" }
			}
		},
		{
			"__comment": "spike2",
			"from": [ 6.5, 12.6, 6.6 ],
			"to": [ 6.8, 12.9, 6.9 ],
			"faces": {
				"down": { "uv": [ 10, 2.5, 10.5, 3 ], "texture": "#texture" },
				"up": { "uv": [ 10, 2.5, 10.5, 3 ], "texture": "#texture" },
				"north": { "uv": [ 10, 2.5, 10.5, 3 ], "texture": "#texture" },
				"south": { "uv": [ 10, 2.5, 10.5, 3 ], "texture": "#texture" },
				"west": { "uv": [ 10, 2.5, 10.5, 3 ], "texture": "#texture" },
				"east": { "uv": [ 10, 2.5, 10.5, 3 ], "texture": "#texture" }
			}
		},
		{
			"__comment": "Cube11",
			"from": [ 6.57, 12.9, 6.675 ],
			"to": [ 6.719998, 13.2, 6.824998 ],
			"faces": {
				"down": { "uv": [ 10, 2.5, 10.5, 3 ], "texture": "#texture" },
				"up": { "uv": [ 10, 2.5, 10.5, 3 ], "texture": "#texture" },
				"north": { "uv": [ 10, 2.5, 10.5, 3 ], "texture": "#texture" },
				"south": { "uv": [ 10, 2.5, 10.5, 3 ], "texture": "#texture" },
				"west": { "uv": [ 10, 2.5, 10.5, 3 ], "texture": "#texture" },
				"east": { "uv": [ 10, 2.5, 10.5, 3 ], "texture": "#texture" }
			}
		},
		{
			"__comment": "Cube11",
			"from": [ 6.59, 13.2, 6.715 ],
			"to": [ 6.664999, 13.4, 6.789999 ],
			"faces": {
				"down": { "uv": [ 10, 2.5, 10.5, 3 ], "texture": "#texture" },
				"up": { "uv": [ 10, 2.5, 10.5, 3 ], "texture": "#texture" },
				"north": { "uv": [ 10, 2.5, 10.5, 3 ], "texture": "#texture" },
				"south": { "uv": [ 10, 2.5, 10.5, 3 ], "texture": "#texture" },
				"west": { "uv": [ 10, 2.5, 10.5, 3 ], "texture": "#texture" },
				"east": { "uv": [ 10, 2.5, 10.5, 3 ], "texture": "#texture" }
			}
		},
		{
			"__comment": "Spike3",
			"from": [ 6.5, 12.6, 9.099999 ],
			"to": [ 6.8, 12.9, 9.4 ],
			"faces": {
				"down": { "uv": [ 10, 2.5, 10.5, 3 ], "texture": "#texture" },
				"up": { "uv": [ 10, 2.5, 10.5, 3 ], "texture": "#texture" },
				"north": { "uv": [ 10, 2.5, 10.5, 3 ], "texture": "#texture" },
				"south": { "uv": [ 10, 2.5, 10.5, 3 ], "texture": "#texture" },
				"west": { "uv": [ 10, 2.5, 10.5, 3 ], "texture": "#texture" },
				"east": { "uv": [ 10, 2.5, 10.5, 3 ], "texture": "#texture" }
			}
		},
		{
			"__comment": "Cube11",
			"from": [ 6.57, 12.9, 9.175 ],
			"to": [ 6.719998, 13.2, 9.325 ],
			"faces": {
				"down": { "uv": [ 10, 2.5, 10.5, 3 ], "texture": "#texture" },
				"up": { "uv": [ 10, 2.5, 10.5, 3 ], "texture": "#texture" },
				"north": { "uv": [ 10, 2.5, 10.5, 3 ], "texture": "#texture" },
				"south": { "uv": [ 10, 2.5, 10.5, 3 ], "texture": "#texture" },
				"west": { "uv": [ 10, 2.5, 10.5, 3 ], "texture": "#texture" },
				"east": { "uv": [ 10, 2.5, 10.5, 3 ], "texture": "#texture" }
			}
		},
		{
			"__comment": "Cube11",
			"from": [ 6.59, 13.2, 9.215 ],
			"to": [ 6.664999, 13.4, 9.29 ],
			"faces": {
				"down": { "uv": [ 10, 2.5, 10.5, 3 ], "texture": "#texture" },
				"up": { "uv": [ 10, 2.5, 10.5, 3 ], "texture": "#texture" },
				"north": { "uv": [ 10, 2.5, 10.5, 3 ], "texture": "#texture" },
				"south": { "uv": [ 10, 2.5, 10.5, 3 ], "texture": "#texture" },
				"west": { "uv": [ 10, 2.5, 10.5, 3 ], "texture": "#texture" },
				"east": { "uv": [ 10, 2.5, 10.5, 3 ], "texture": "#texture" }
			}
		},
		{
			"__comment": "spike4",
			"from": [ 7.959, 14.2, 7.855 ],
			"to": [ 8.033997, 14.4, 7.93 ],
			"faces": {
				"down": { "uv": [ 10, 2.5, 10.5, 3 ], "texture": "#texture" },
				"up": { "uv": [ 10, 2.5, 10.5, 3 ], "texture": "#texture" },
				"north": { "uv": [ 10, 2.5, 10.5, 3 ], "texture": "#texture" },
				"south": { "uv": [ 10, 2.5, 10.5, 3 ], "texture": "#texture" },
				"west": { "uv": [ 10, 2.5, 10.5, 3 ], "texture": "#texture" },
				"east": { "uv": [ 10, 2.5, 10.5, 3 ], "texture": "#texture" }
			}
		},
		{
			"__comment": "Cube11",
			"from": [ 7.92, 13.9, 7.825 ],
			"to": [ 8.07, 14.2, 7.975 ],
			"faces": {
				"down": { "uv": [ 10, 2.5, 10.5, 3 ], "texture": "#texture" },
				"up": { "uv": [ 10, 2.5, 10.5, 3 ], "texture": "#texture" },
				"north": { "uv": [ 10, 2.5, 10.5, 3 ], "texture": "#texture" },
				"south": { "uv": [ 10, 2.5, 10.5, 3 ], "texture": "#texture" },
				"west": { "uv": [ 10, 2.5, 10.5, 3 ], "texture": "#texture" },
				"east": { "uv": [ 10, 2.5, 10.5, 3 ], "texture": "#texture" }
			}
		},
		{
			"__comment": "Cube11",
			"from": [ 7.85, 13.6, 7.75 ],
			"to": [ 8.15, 13.9, 8.05 ],
			"faces": {
				"down": { "uv": [ 10, 2.5, 10.5, 3 ], "texture": "#texture" },
				"up": { "uv": [ 10, 2.5, 10.5, 3 ], "texture": "#texture" },
				"north": { "uv": [ 10, 2.5, 10.5, 3 ], "texture": "#texture" },
				"south": { "uv": [ 10, 2.5, 10.5, 3 ], "texture": "#texture" },
				"west": { "uv": [ 10, 2.5, 10.5, 3 ], "texture": "#texture" },
				"east": { "uv": [ 10, 2.5, 10.5, 3 ], "texture": "#texture" }
			}
		},
		{
			"__comment": "spike5",
			"from": [ 7.959, 13.7, 9.275 ],
			"to": [ 8.033997, 13.9, 9.349999 ],
			"faces": {
				"down": { "uv": [ 10, 2.5, 10.5, 3 ], "texture": "#texture" },
				"up": { "uv": [ 10, 2.5, 10.5, 3 ], "texture": "#texture" },
				"north": { "uv": [ 10, 2.5, 10.5, 3 ], "texture": "#texture" },
				"south": { "uv": [ 10, 2.5, 10.5, 3 ], "texture": "#texture" },
				"west": { "uv": [ 10, 2.5, 10.5, 3 ], "texture": "#texture" },
				"east": { "uv": [ 10, 2.5, 10.5, 3 ], "texture": "#texture" }
			}
		},
		{
			"__comment": "Cube11",
			"from": [ 7.92, 13.4, 9.235 ],
			"to": [ 8.07, 13.7, 9.384999 ],
			"faces": {
				"down": { "uv": [ 10, 2.5, 10.5, 3 ], "texture": "#texture" },
				"up": { "uv": [ 10, 2.5, 10.5, 3 ], "texture": "#texture" },
				"north": { "uv": [ 10, 2.5, 10.5, 3 ], "texture": "#texture" },
				"south": { "uv": [ 10, 2.5, 10.5, 3 ], "texture": "#texture" },
				"west": { "uv": [ 10, 2.5, 10.5, 3 ], "texture": "#texture" },
				"east": { "uv": [ 10, 2.5, 10.5, 3 ], "texture": "#texture" }
			}
		},
		{
			"__comment": "Cube11",
			"from": [ 7.85, 13.1, 9.15 ],
			"to": [ 8.15, 13.4, 9.45 ],
			"faces": {
				"down": { "uv": [ 10, 2.5, 10.5, 3 ], "texture": "#texture" },
				"up": { "uv": [ 10, 2.5, 10.5, 3 ], "texture": "#texture" },
				"north": { "uv": [ 10, 2.5, 10.5, 3 ], "texture": "#texture" },
				"south": { "uv": [ 10, 2.5, 10.5, 3 ], "texture": "#texture" },
				"west": { "uv": [ 10, 2.5, 10.5, 3 ], "texture": "#texture" },
				"east": { "uv": [ 10, 2.5, 10.5, 3 ], "texture": "#texture" }
			}
		},
		{
			"__comment": "spike6",
			"from": [ 7.959, 13.7, 6.72 ],
			"to": [ 8.033997, 13.9, 6.795 ],
			"faces": {
				"down": { "uv": [ 10, 2.5, 10.5, 3 ], "texture": "#texture" },
				"up": { "uv": [ 10, 2.5, 10.5, 3 ], "texture": "#texture" },
				"north": { "uv": [ 10, 2.5, 10.5, 3 ], "texture": "#texture" },
				"south": { "uv": [ 10, 2.5, 10.5, 3 ], "texture": "#texture" },
				"west": { "uv": [ 10, 2.5, 10.5, 3 ], "texture": "#texture" },
				"east": { "uv": [ 10, 2.5, 10.5, 3 ], "texture": "#texture" }
			}
		},
		{
			"__comment": "Cube11",
			"from": [ 7.92, 13.4, 6.68 ],
			"to": [ 8.07, 13.7, 6.83 ],
			"faces": {
				"down": { "uv": [ 10, 2.5, 10.5, 3 ], "texture": "#texture" },
				"up": { "uv": [ 10, 2.5, 10.5, 3 ], "texture": "#texture" },
				"north": { "uv": [ 10, 2.5, 10.5, 3 ], "texture": "#texture" },
				"south": { "uv": [ 10, 2.5, 10.5, 3 ], "texture": "#texture" },
				"west": { "uv": [ 10, 2.5, 10.5, 3 ], "texture": "#texture" },
				"east": { "uv": [ 10, 2.5, 10.5, 3 ], "texture": "#texture" }
			}
		},
		{
			"__comment": "Cube11",
			"from": [ 7.85, 13.1, 6.6 ],
			"to": [ 8.15, 13.4, 6.9 ],
			"faces": {
				"down": { "uv": [ 10, 2.5, 10.5, 3 ], "texture": "#texture" },
				"up": { "uv": [ 10, 2.5, 10.5, 3 ], "texture": "#texture" },
				"north": { "uv": [ 10, 2.5, 10.5, 3 ], "texture": "#texture" },
				"south": { "uv": [ 10, 2.5, 10.5, 3 ], "texture": "#texture" },
				"west": { "uv": [ 10, 2.5, 10.5, 3 ], "texture": "#texture" },
				"east": { "uv": [ 10, 2.5, 10.5, 3 ], "texture": "#texture" }
			}
		},
		{
			"__comment": "Cube11",
			"from": [ 9.26, 13.2, 9.21 ],
			"to": [ 9.335, 13.4, 9.285 ],
			"faces": {
				"down": { "uv": [ 10, 2.5, 10.5, 3 ], "texture": "#texture" },
				"up": { "uv": [ 10, 2.5, 10.5, 3 ], "texture": "#texture" },
				"north": { "uv": [ 10, 2.5, 10.5, 3 ], "texture": "#texture" },
				"south": { "uv": [ 10, 2.5, 10.5, 3 ], "texture": "#texture" },
				"west": { "uv": [ 10, 2.5, 10.5, 3 ], "texture": "#texture" },
				"east": { "uv": [ 10, 2.5, 10.5, 3 ], "texture": "#texture" }
			}
		},
		{
			"__comment": "Cube11",
			"from": [ 9.219999, 12.9, 9.175 ],
			"to": [ 9.369999, 13.2, 9.325 ],
			"faces": {
				"down": { "uv": [ 10, 2.5, 10.5, 3 ], "texture": "#texture" },
				"up": { "uv": [ 10, 2.5, 10.5, 3 ], "texture": "#texture" },
				"north": { "uv": [ 10, 2.5, 10.5, 3 ], "texture": "#texture" },
				"south": { "uv": [ 10, 2.5, 10.5, 3 ], "texture": "#texture" },
				"west": { "uv": [ 10, 2.5, 10.5, 3 ], "texture": "#texture" },
				"east": { "uv": [ 10, 2.5, 10.5, 3 ], "texture": "#texture" }
			}
		},
		{
			"__comment": "Spike7",
			"from": [ 9.15, 12.6, 9.099999 ],
			"to": [ 9.45, 12.9, 9.4 ],
			"faces": {
				"down": { "uv": [ 10, 2.5, 10.5, 3 ], "texture": "#texture" },
				"up": { "uv": [ 10, 2.5, 10.5, 3 ], "texture": "#texture" },
				"north": { "uv": [ 10, 2.5, 10.5, 3 ], "texture": "#texture" },
				"south": { "uv": [ 10, 2.5, 10.5, 3 ], "texture": "#texture" },
				"west": { "uv": [ 10, 2.5, 10.5, 3 ], "texture": "#texture" },
				"east": { "uv": [ 10, 2.5, 10.5, 3 ], "texture": "#texture" }
			}
		},
		{
			"__comment": "Cube11",
			"from": [ 9.26, 13.2, 6.71 ],
			"to": [ 9.335, 13.4, 6.785 ],
			"faces": {
				"down": { "uv": [ 10, 2.5, 10.5, 3 ], "texture": "#texture" },
				"up": { "uv": [ 10, 2.5, 10.5, 3 ], "texture": "#texture" },
				"north": { "uv": [ 10, 2.5, 10.5, 3 ], "texture": "#texture" },
				"south": { "uv": [ 10, 2.5, 10.5, 3 ], "texture": "#texture" },
				"west": { "uv": [ 10, 2.5, 10.5, 3 ], "texture": "#texture" },
				"east": { "uv": [ 10, 2.5, 10.5, 3 ], "texture": "#texture" }
			}
		},
		{
			"__comment": "Cube11",
			"from": [ 9.219999, 12.9, 6.675 ],
			"to": [ 9.369999, 13.2, 6.824998 ],
			"faces": {
				"down": { "uv": [ 10, 2.5, 10.5, 3 ], "texture": "#texture" },
				"up": { "uv": [ 10, 2.5, 10.5, 3 ], "texture": "#texture" },
				"north": { "uv": [ 10, 2.5, 10.5, 3 ], "texture": "#texture" },
				"south": { "uv": [ 10, 2.5, 10.5, 3 ], "texture": "#texture" },
				"west": { "uv": [ 10, 2.5, 10.5, 3 ], "texture": "#texture" },
				"east": { "uv": [ 10, 2.5, 10.5, 3 ], "texture": "#texture" }
			}
		},
		{
			"__comment": "Spike8",
			"from": [ 9.15, 12.6, 6.6 ],
			"to": [ 9.45, 12.9, 6.9 ],
			"faces": {
				"down": { "uv": [ 10, 2.5, 10.5, 3 ], "texture": "#texture" },
				"up": { "uv": [ 10, 2.5, 10.5, 3 ], "texture": "#texture" },
				"north": { "uv": [ 10, 2.5, 10.5, 3 ], "texture": "#texture" },
				"south": { "uv": [ 10, 2.5, 10.5, 3 ], "texture": "#texture" },
				"west": { "uv": [ 10, 2.5, 10.5, 3 ], "texture": "#texture" },
				"east": { "uv": [ 10, 2.5, 10.5, 3 ], "texture": "#texture" }
			}
		},
		{
			"__comment": "spike9",
			"from": [ 9.109, 13.7, 7.86 ],
			"to": [ 9.184, 13.9, 7.934999 ],
			"faces": {
				"down": { "uv": [ 10, 2.5, 10.5, 3 ], "texture": "#texture" },
				"up": { "uv": [ 10, 2.5, 10.5, 3 ], "texture": "#texture" },
				"north": { "uv": [ 10, 2.5, 10.5, 3 ], "texture": "#texture" },
				"south": { "uv": [ 10, 2.5, 10.5, 3 ], "texture": "#texture" },
				"west": { "uv": [ 10, 2.5, 10.5, 3 ], "texture": "#texture" },
				"east": { "uv": [ 10, 2.5, 10.5, 3 ], "texture": "#texture" }
			}
		},
		{
			"__comment": "Cube11",
			"from": [ 9.07, 13.4, 7.825 ],
			"to": [ 9.219999, 13.7, 7.975 ],
			"faces": {
				"down": { "uv": [ 10, 2.5, 10.5, 3 ], "texture": "#texture" },
				"up": { "uv": [ 10, 2.5, 10.5, 3 ], "texture": "#texture" },
				"north": { "uv": [ 10, 2.5, 10.5, 3 ], "texture": "#texture" },
				"south": { "uv": [ 10, 2.5, 10.5, 3 ], "texture": "#texture" },
				"west": { "uv": [ 10, 2.5, 10.5, 3 ], "texture": "#texture" },
				"east": { "uv": [ 10, 2.5, 10.5, 3 ], "texture": "#texture" }
			}
		},
		{
			"__comment": "Cube11",
			"from": [ 9, 13.1, 7.75 ],
			"to": [ 9.3, 13.4, 8.05 ],
			"faces": {
				"down": { "uv": [ 10, 2.5, 10.5, 3 ], "texture": "#texture" },
				"up": { "uv": [ 10, 2.5, 10.5, 3 ], "texture": "#texture" },
				"north": { "uv": [ 10, 2.5, 10.5, 3 ], "texture": "#texture" },
				"south": { "uv": [ 10, 2.5, 10.5, 3 ], "texture": "#texture" },
				"west": { "uv": [ 10, 2.5, 10.5, 3 ], "texture": "#texture" },
				"east": { "uv": [ 10, 2.5, 10.5, 3 ], "texture": "#texture" }
			}
		},
		{
			"__comment": "Cube11",
			"from": [ 6.25, 10.1, 8.349999 ],
			"to": [ 6.5, 10.6, 8.599999 ],
			"faces": {
				"down": { "uv": [ 2.5, 2.5, 3, 3 ], "texture": "#texture" },
				"up": { "uv": [ 2.5, 2.5, 3, 3 ], "texture": "#texture" },
				"north": { "uv": [ 2.5, 2.5, 3, 3 ], "texture": "#texture" },
				"south": { "uv": [ 2.5, 2.5, 3, 3 ], "texture": "#texture" },
				"west": { "uv": [ 2.5, 2.5, 3, 3 ], "texture": "#texture" },
				"east": { "uv": [ 2.5, 2.5, 3, 3 ], "texture": "#texture" }
			}
		},
		{
			"__comment": "Cube11",
			"from": [ 6.25, 10.1, 8.05 ],
			"to": [ 6.5, 10.6, 8.3 ],
			"faces": {
				"down": { "uv": [ 2.5, 2.5, 3, 3 ], "texture": "#texture" },
				"up": { "uv": [ 2.5, 2.5, 3, 3 ], "texture": "#texture" },
				"north": { "uv": [ 2.5, 2.5, 3, 3 ], "texture": "#texture" },
				"south": { "uv": [ 2.5, 2.5, 3, 3 ], "texture": "#texture" },
				"west": { "uv": [ 2.5, 2.5, 3, 3 ], "texture": "#texture" },
				"east": { "uv": [ 2.5, 2.5, 3, 3 ], "texture": "#texture" }
			}
		},
		{
			"__comment": "Cube77",
			"from": [ 5.8536, 8.5, 10.6464 ],
			"to": [ 13.3536, 16, 10.6474 ],
			"rotation": { "origin": [ 5.5, 8.5, 11 ], "axis": "y", "angle": 45 },
			"faces": {
				"down": { "uv": [ 0, 0, 16, 16 ], "texture": "#texture1" },
				"up": { "uv": [ 0, 0, 16, 16 ], "texture": "#texture1" },
				"north": { "uv": [ 0, 0, 16, 16 ], "texture": "#texture1" },
				"south": { "uv": [ 0, 0, 16, 16 ], "texture": "#texture1" },
				"west": { "uv": [ 0, 0, 16, 16 ], "texture": "#texture1" },
				"east": { "uv": [ 0, 0, 16, 16 ], "texture": "#texture1" }
			}
		},
		{
			"__comment": "Cube77",
			"from": [ 5.3536, 8.5, 5.1464 ],
			"to": [ 12.8536, 16, 5.1474 ],
			"rotation": { "origin": [ 5, 8.5, 5.5 ], "axis": "y", "angle": -45 },
			"faces": {
				"down": { "uv": [ 0, 0, 16, 16 ], "texture": "#texture1" },
				"up": { "uv": [ 0, 0, 16, 16 ], "texture": "#texture1" },
				"north": { "uv": [ 0, 0, 16, 16 ], "texture": "#texture1" },
				"south": { "uv": [ 0, 0, 16, 16 ], "texture": "#texture1" },
				"west": { "uv": [ 0, 0, 16, 16 ], "texture": "#texture1" },
				"east": { "uv": [ 0, 0, 16, 16 ], "texture": "#texture1" }
			}
		}
	],
"display": {
    "thirdperson": {
        "rotation": [ 0, 90, 274 ],
        "translation": [ 0.00, 0.25, -2.25 ],
        "scale": [ 2.10, 2.00, 2.10 ]
    },
    "firstperson": {
        "rotation": [ 0, 240, 0 ],
        "translation": [ 0.50, 4.00, 1.50 ],
        "scale": [ 3.50, 3.25, 3.50 ]
    },
    "gui": {
        "rotation": [ 355, 168, 319 ],
        "translation": [ 16.50, 14.10, -17.00 ],
        "scale": [ 2.60, 2.51, 2.51 ]
    },
    "head": {
        "rotation": [ 0, 180, 0 ],
        "translation": [ 0.25, 1.00, -4.50 ],
        "scale": [ 1.30, 1.30, 1.30 ]
		}
	}
}