{
    "__comment": "Model generated using MrCrayfish's Model Creator (http://mrcrayfish.com/modelcreator/)",
    "textures": {
        "0": "items/Mace"
    },
    "elements": [
        {
            "name": "Cube",
            "from": [ 7.399999991059303, -2.0, 7.400000001490116 ], 
            "to": [ 7.8999999687075615, 8.0, 8.199999983608723 ], 
            "faces": {
                "north": { "texture": "#0", "uv": [ 8.0, 4.0, 8.499999977648258, 14.0 ] },
                "east": { "texture": "#0", "uv": [ 7.0, 2.0, 8.49999999254942, 12.0 ] },
                "south": { "texture": "#0", "uv": [ 8.0, 4.0, 8.499999977648258, 14.0 ] },
                "west": { "texture": "#0", "uv": [ 7.0, 1.0, 8.49999999254942, 14.0 ] },
                "up": { "texture": "#0", "uv": [ 7.0, 3.0, 7.499999977648258, 4.499999992549419 ] },
                "down": { "texture": "#0", "uv": [ 8.0, 3.0, 8.499999977648258, 4.499999992549419 ] }
            }
        },
        {
            "name": "Cube",
            "from": [ 8.899999998509884, -2.0, 7.4000000059604645 ], 
            "to": [ 9.399999976158142, 8.0, 8.199999988079071 ], 
            "faces": {
                "north": { "texture": "#0", "uv": [ 8.0, 3.0, 8.499999977648258, 13.0 ] },
                "east": { "texture": "#0", "uv": [ 7.0, 1.0, 8.49999999254942, 14.0 ] },
                "south": { "texture": "#0", "uv": [ 8.0, 2.0, 8.499999977648258, 12.0 ] },
                "west": { "texture": "#0", "uv": [ 7.0, 1.0, 8.49999999254942, 11.0 ] },
                "up": { "texture": "#0", "uv": [ 0.0, 0.0, 0.4999999776482582, 1.4999999925494194 ] },
                "down": { "texture": "#0", "uv": [ 9.0, 12.0, 9.499999977648258, 13.49999999254942 ] }
            }
        },
        {
            "name": "Cube",
            "from": [ 7.900000013411045, -2.0, 6.5999999940395355 ], 
            "to": [ 8.700000010430813, 8.0, 7.099999986588955 ], 
            "faces": {
                "north": { "texture": "#0", "uv": [ 7.0, 1.0, 8.50000000745058, 14.0 ] },
                "east": { "texture": "#0", "uv": [ 8.0, 3.0, 8.49999999254942, 11.0 ] },
                "south": { "texture": "#0", "uv": [ 7.0, 3.0, 8.50000000745058, 13.0 ] },
                "west": { "texture": "#0", "uv": [ 8.0, 2.0, 8.49999999254942, 12.0 ] },
                "up": { "texture": "#0", "uv": [ 7.0, 4.0, 8.50000000745058, 4.499999992549419 ] },
                "down": { "texture": "#0", "uv": [ 8.0, 4.0, 7.500000007450581, 4.499999992549419 ] }
            }
        },
        {
            "name": "Cube",
            "from": [ 7.900000013411045, -2.0, 8.399999991059303 ], 
            "to": [ 8.700000010430813, 8.0, 8.899999983608723 ], 
            "faces": {
                "north": { "texture": "#0", "uv": [ 7.0, 3.0, 8.50000000745058, 13.0 ] },
                "east": { "texture": "#0", "uv": [ 7.0, 5.0, 7.499999992549419, 14.0 ] },
                "south": { "texture": "#0", "uv": [ 7.0, 1.0, 8.50000000745058, 14.0 ] },
                "west": { "texture": "#0", "uv": [ 8.0, 4.0, 8.49999999254942, 14.0 ] },
                "up": { "texture": "#0", "uv": [ 7.0, 3.0, 8.50000000745058, 3.4999999925494194 ] },
                "down": { "texture": "#0", "uv": [ 7.0, 4.0, 8.50000000745058, 4.499999992549419 ] }
            }
        },
        {
            "name": "Cube",
            "from": [ 7.899999998509884, -2.199999988079071, 7.100000001490116 ], 
            "to": [ 8.899999998509884, -2.0, 8.400000005960464 ], 
            "faces": {
                "north": { "texture": "#0", "uv": [ 2.0, 8.0, 3.5000000074505806, 8.199999988079071 ] },
                "east": { "texture": "#0", "uv": [ 2.0, 6.0, 3.5000000074505806, 6.199999988079071 ] },
                "south": { "texture": "#0", "uv": [ 2.0, 5.0, 3.5000000074505806, 5.199999988079071 ] },
                "west": { "texture": "#0", "uv": [ 2.0, 5.0, 3.5000000074505806, 5.199999988079071 ] },
                "up": { "texture": "#0", "uv": [ 2.0, 7.0, 3.5000000074505806, 8.50000000745058 ] },
                "down": { "texture": "#0", "uv": [ 2.0, 6.0, 4.500000007450581, 7.500000007450581 ] }
            }
        },
        {
            "name": "Cube",
            "from": [ 7.600000005960465, -2.0, 7.0000000044703485 ], 
            "to": [ 8.099999998509883, 8.0, 7.499999997019768 ], 
            "faces": {
                "north": { "texture": "#0", "uv": [ 8.0, 7.0, 8.49999999254942, 14.0 ] },
                "east": { "texture": "#0", "uv": [ 8.0, 3.0, 8.49999999254942, 10.0 ] },
                "south": { "texture": "#0", "uv": [ 8.0, 3.0, 8.49999999254942, 10.0 ] },
                "west": { "texture": "#0", "uv": [ 8.0, 3.0, 8.49999999254942, 10.0 ] },
                "up": { "texture": "#0", "uv": [ 8.0, 2.0, 8.49999999254942, 2.4999999925494194 ] },
                "down": { "texture": "#0", "uv": [ 8.0, 4.0, 8.49999999254942, 4.499999992549419 ] }
            }
        },
        {
            "name": "Cube",
            "from": [ 8.699999995529652, -2.0, 6.900000013411045 ], 
            "to": [ 9.199999988079071, 8.0, 7.4000000059604645 ], 
            "faces": {
                "north": { "texture": "#0", "uv": [ 8.0, 5.0, 8.49999999254942, 12.0 ] },
                "east": { "texture": "#0", "uv": [ 8.0, 5.0, 8.49999999254942, 12.0 ] },
                "south": { "texture": "#0", "uv": [ 8.0, 6.0, 8.49999999254942, 13.0 ] },
                "west": { "texture": "#0", "uv": [ 8.0, 4.0, 8.49999999254942, 11.0 ] },
                "up": { "texture": "#0", "uv": [ 7.0, 4.0, 7.499999992549419, 4.499999992549419 ] },
                "down": { "texture": "#0", "uv": [ 7.0, 2.0, 7.499999992549419, 2.4999999925494194 ] }
            }
        },
        {
            "name": "Cube",
            "from": [ 8.699999995529652, -2.0, 8.200000002980232 ], 
            "to": [ 9.199999988079071, 8.0, 8.699999995529652 ], 
            "faces": {
                "north": { "texture": "#0", "uv": [ 8.0, 5.0, 8.49999999254942, 12.0 ] },
                "east": { "texture": "#0", "uv": [ 8.0, 3.0, 8.49999999254942, 10.0 ] },
                "south": { "texture": "#0", "uv": [ 8.0, 5.0, 8.49999999254942, 12.0 ] },
                "west": { "texture": "#0", "uv": [ 8.0, 3.0, 8.49999999254942, 10.0 ] },
                "up": { "texture": "#0", "uv": [ 8.0, 9.0, 8.49999999254942, 9.49999999254942 ] },
                "down": { "texture": "#0", "uv": [ 8.0, 10.0, 8.49999999254942, 10.49999999254942 ] }
            }
        },
        {
            "name": "Cube",
            "from": [ 7.600000008940697, -2.0, 8.099999997019768 ], 
            "to": [ 8.100000001490116, 8.000000014901161, 8.599999989569188 ], 
            "faces": {
                "north": { "texture": "#0", "uv": [ 8.0, 3.0, 8.49999999254942, 10.0 ] },
                "east": { "texture": "#0", "uv": [ 8.0, 3.0, 8.49999999254942, 10.0 ] },
                "south": { "texture": "#0", "uv": [ 8.0, 3.0, 8.49999999254942, 10.0 ] },
                "west": { "texture": "#0", "uv": [ 8.0, 3.0, 8.49999999254942, 10.0 ] },
                "up": { "texture": "#0", "uv": [ 8.0, 10.0, 8.49999999254942, 10.49999999254942 ] },
                "down": { "texture": "#0", "uv": [ 8.0, 7.0, 8.49999999254942, 7.499999992549419 ] }
            }
        },
        {
            "name": "Cube",
            "from": [ 9.200000002980232, 7.799999997019768, 7.0 ], 
            "to": [ 9.699999995529652, 8.299999989569187, 8.49999999254942 ], 
            "faces": {
                "north": { "texture": "#0", "uv": [ 2.0, 8.0, 2.4999999925494194, 8.49999999254942 ] },
                "east": { "texture": "#0", "uv": [ 2.0, 8.0, 3.4999999925494194, 8.49999999254942 ] },
                "south": { "texture": "#0", "uv": [ 3.0, 9.0, 3.4999999925494194, 9.49999999254942 ] },
                "west": { "texture": "#0", "uv": [ 2.0, 10.0, 3.4999999925494194, 10.49999999254942 ] },
                "up": { "texture": "#0", "uv": [ 4.0, 7.0, 4.499999992549419, 8.49999999254942 ] },
                "down": { "texture": "#0", "uv": [ 2.0, 7.0, 2.4999999925494194, 8.49999999254942 ] }
            }
        },
        {
            "name": "Cube",
            "from": [ 6.800000011920929, 7.799999997019768, 7.0 ], 
            "to": [ 7.300000004470348, 8.299999989569187, 8.49999999254942 ], 
            "faces": {
                "north": { "texture": "#0", "uv": [ 3.0, 9.0, 3.4999999925494194, 9.49999999254942 ] },
                "east": { "texture": "#0", "uv": [ 2.0, 9.0, 3.4999999925494194, 9.49999999254942 ] },
                "south": { "texture": "#0", "uv": [ 3.0, 9.0, 3.4999999925494194, 9.49999999254942 ] },
                "west": { "texture": "#0", "uv": [ 2.0, 9.0, 3.4999999925494194, 9.49999999254942 ] },
                "up": { "texture": "#0", "uv": [ 3.0, 8.0, 3.4999999925494194, 9.49999999254942 ] },
                "down": { "texture": "#0", "uv": [ 3.0, 9.0, 3.4999999925494194, 10.49999999254942 ] }
            }
        },
        {
            "name": "Cube",
            "from": [ 7.500000007450581, 7.799999997019768, 8.799999997019768 ], 
            "to": [ 9.000000014901161, 8.299999989569187, 9.299999974668026 ], 
            "faces": {
                "north": { "texture": "#0", "uv": [ 2.0, 9.0, 3.5000000074505806, 9.49999999254942 ] },
                "east": { "texture": "#0", "uv": [ 3.0, 9.0, 3.499999977648258, 9.49999999254942 ] },
                "south": { "texture": "#0", "uv": [ 2.0, 8.0, 3.5000000074505806, 8.49999999254942 ] },
                "west": { "texture": "#0", "uv": [ 3.0, 9.0, 3.499999977648258, 9.49999999254942 ] },
                "up": { "texture": "#0", "uv": [ 3.0, 8.0, 4.500000007450581, 8.499999977648258 ] },
                "down": { "texture": "#0", "uv": [ 2.0, 9.0, 3.5000000074505806, 9.499999977648258 ] }
            }
        },
        {
            "name": "Cube",
            "from": [ 7.499999992549419, 7.799999997019768, 6.200000002980232 ], 
            "to": [ 8.999999985098839, 8.299999989569187, 6.6999999806284904 ], 
            "faces": {
                "north": { "texture": "#0", "uv": [ 2.0, 10.0, 3.4999999925494194, 10.49999999254942 ] },
                "east": { "texture": "#0", "uv": [ 3.0, 10.0, 3.499999977648258, 10.49999999254942 ] },
                "south": { "texture": "#0", "uv": [ 2.0, 9.0, 3.4999999925494194, 9.49999999254942 ] },
                "west": { "texture": "#0", "uv": [ 3.0, 10.0, 3.499999977648258, 10.49999999254942 ] },
                "up": { "texture": "#0", "uv": [ 2.0, 10.0, 3.4999999925494194, 10.499999977648258 ] },
                "down": { "texture": "#0", "uv": [ 2.0, 10.0, 3.4999999925494194, 10.499999977648258 ] }
            }
        },
        {
            "name": "Cube",
            "from": [ 6.500000007450581, 8.200000002980232, 5.699999995529652 ], 
            "to": [ 10.000000014901161, 9.200000002980232, 6.19999997317791 ], 
            "faces": {
                "north": { "texture": "#0", "uv": [ 1.0, 8.0, 4.500000007450581, 9.0 ] },
                "east": { "texture": "#0", "uv": [ 2.0, 8.0, 2.499999977648258, 9.0 ] },
                "south": { "texture": "#0", "uv": [ 1.0, 8.0, 4.500000007450581, 9.0 ] },
                "west": { "texture": "#0", "uv": [ 3.0, 8.0, 3.499999977648258, 9.0 ] },
                "up": { "texture": "#0", "uv": [ 2.0, 7.0, 5.500000007450581, 7.499999977648258 ] },
                "down": { "texture": "#0", "uv": [ 1.0, 9.0, 4.500000007450581, 9.499999977648258 ] }
            }
        },
        {
            "name": "Cube",
            "from": [ 6.500000007450581, 8.200000002980232, 9.299999989569187 ], 
            "to": [ 10.000000014901161, 9.199999988079071, 9.799999967217445 ], 
            "faces": {
                "north": { "texture": "#0", "uv": [ 2.0, 8.0, 5.500000007450581, 8.999999985098839 ] },
                "east": { "texture": "#0", "uv": [ 3.0, 9.0, 3.499999977648258, 9.999999985098839 ] },
                "south": { "texture": "#0", "uv": [ 1.0, 8.0, 4.500000007450581, 8.999999985098839 ] },
                "west": { "texture": "#0", "uv": [ 3.0, 9.0, 3.499999977648258, 9.999999985098839 ] },
                "up": { "texture": "#0", "uv": [ 2.0, 8.0, 5.500000007450581, 8.499999977648258 ] },
                "down": { "texture": "#0", "uv": [ 1.0, 8.0, 4.500000007450581, 8.499999977648258 ] }
            }
        },
        {
            "name": "Cube",
            "from": [ 7.0, 8.000000014901161, 8.399999991059303 ], 
            "to": [ 7.5999999940395355, 8.50000000745058, 8.999999985098839 ], 
            "faces": {
                "north": { "texture": "#0", "uv": [ 3.0, 9.0, 3.5999999940395355, 9.49999999254942 ] },
                "east": { "texture": "#0", "uv": [ 3.0, 9.0, 3.5999999940395355, 9.49999999254942 ] },
                "south": { "texture": "#0", "uv": [ 3.0, 9.0, 3.5999999940395355, 9.49999999254942 ] },
                "west": { "texture": "#0", "uv": [ 3.0, 9.0, 3.5999999940395355, 9.49999999254942 ] },
                "up": { "texture": "#0", "uv": [ 3.0, 10.0, 3.5999999940395355, 10.599999994039536 ] },
                "down": { "texture": "#0", "uv": [ 2.0, 9.0, 2.5999999940395355, 9.599999994039536 ] }
            }
        },
        {
            "name": "Cube",
            "from": [ 9.0, 8.000000014901161, 8.399999991059303 ], 
            "to": [ 9.599999994039536, 8.50000000745058, 8.999999985098839 ], 
            "faces": {
                "north": { "texture": "#0", "uv": [ 3.0, 9.0, 3.5999999940395355, 9.49999999254942 ] },
                "east": { "texture": "#0", "uv": [ 3.0, 8.0, 3.5999999940395355, 8.49999999254942 ] },
                "south": { "texture": "#0", "uv": [ 3.0, 10.0, 3.5999999940395355, 10.49999999254942 ] },
                "west": { "texture": "#0", "uv": [ 3.0, 8.0, 3.5999999940395355, 8.49999999254942 ] },
                "up": { "texture": "#0", "uv": [ 3.0, 9.0, 3.5999999940395355, 9.599999994039536 ] },
                "down": { "texture": "#0", "uv": [ 2.0, 10.0, 2.5999999940395355, 10.599999994039536 ] }
            }
        },
        {
            "name": "Cube",
            "from": [ 9.0, 8.000000014901161, 6.399999991059303 ], 
            "to": [ 9.599999994039536, 8.50000000745058, 6.999999985098839 ], 
            "faces": {
                "north": { "texture": "#0", "uv": [ 3.0, 9.0, 3.5999999940395355, 9.49999999254942 ] },
                "east": { "texture": "#0", "uv": [ 3.0, 9.0, 3.5999999940395355, 9.49999999254942 ] },
                "south": { "texture": "#0", "uv": [ 3.0, 9.0, 3.5999999940395355, 9.49999999254942 ] },
                "west": { "texture": "#0", "uv": [ 2.0, 7.0, 2.5999999940395355, 7.499999992549419 ] },
                "up": { "texture": "#0", "uv": [ 3.0, 9.0, 3.5999999940395355, 9.599999994039536 ] },
                "down": { "texture": "#0", "uv": [ 2.0, 8.0, 2.5999999940395355, 8.599999994039536 ] }
            }
        },
        {
            "name": "Cube",
            "from": [ 7.0, 8.000000014901161, 6.399999991059303 ], 
            "to": [ 7.5999999940395355, 8.50000000745058, 6.999999985098839 ], 
            "faces": {
                "north": { "texture": "#0", "uv": [ 3.0, 9.0, 3.5999999940395355, 9.49999999254942 ] },
                "east": { "texture": "#0", "uv": [ 3.0, 9.0, 3.5999999940395355, 9.49999999254942 ] },
                "south": { "texture": "#0", "uv": [ 3.0, 9.0, 3.5999999940395355, 9.49999999254942 ] },
                "west": { "texture": "#0", "uv": [ 2.0, 9.0, 2.5999999940395355, 9.49999999254942 ] },
                "up": { "texture": "#0", "uv": [ 3.0, 9.0, 3.5999999940395355, 9.599999994039536 ] },
                "down": { "texture": "#0", "uv": [ 3.0, 9.0, 3.5999999940395355, 9.599999994039536 ] }
            }
        },
        {
            "name": "Cube",
            "from": [ 10.000000014901161, 8.200000002980232, 5.999999985098839 ], 
            "to": [ 10.500000022351742, 9.199999988079071, 9.499999962747097 ], 
            "faces": {
                "north": { "texture": "#0", "uv": [ 1.0, 8.0, 1.5000000074505806, 8.999999985098839 ] },
                "east": { "texture": "#0", "uv": [ 1.0, 8.0, 4.499999977648258, 8.999999985098839 ] },
                "south": { "texture": "#0", "uv": [ 2.0, 8.0, 2.5000000074505806, 8.999999985098839 ] },
                "west": { "texture": "#0", "uv": [ 1.0, 8.0, 4.499999977648258, 8.999999985098839 ] },
                "up": { "texture": "#0", "uv": [ 2.0, 6.0, 2.5000000074505806, 9.499999977648258 ] },
                "down": { "texture": "#0", "uv": [ 2.0, 8.0, 2.5000000074505806, 9.499999977648258 ] }
            }
        },
        {
            "name": "Cube",
            "from": [ 6.000000014901161, 8.200000002980232, 5.999999985098839 ], 
            "to": [ 6.500000022351742, 9.199999988079071, 9.499999962747097 ], 
            "faces": {
                "north": { "texture": "#0", "uv": [ 3.0, 8.0, 3.5000000074505806, 8.999999985098839 ] },
                "east": { "texture": "#0", "uv": [ 1.0, 7.0, 4.499999977648258, 7.999999985098839 ] },
                "south": { "texture": "#0", "uv": [ 4.0, 8.0, 4.500000007450581, 8.999999985098839 ] },
                "west": { "texture": "#0", "uv": [ 1.0, 8.0, 4.499999977648258, 8.999999985098839 ] },
                "up": { "texture": "#0", "uv": [ 3.0, 6.0, 3.5000000074505806, 9.499999977648258 ] },
                "down": { "texture": "#0", "uv": [ 3.0, 8.0, 3.5000000074505806, 8.499999977648258 ] }
            }
        },
        {
            "name": "Cube",
            "from": [ 6.0, 9.200000002980232, 9.599999994039536 ], 
            "to": [ 10.500000022351742, 11.899999983608723, 10.099999971687794 ], 
            "faces": {
                "north": { "texture": "#0", "uv": [ 1.0, 6.0, 4.500000022351742, 8.69999998062849 ] },
                "east": { "texture": "#0", "uv": [ 3.0, 7.0, 3.499999977648258, 9.69999998062849 ] },
                "south": { "texture": "#0", "uv": [ 2.0, 7.0, 4.500000022351742, 8.69999998062849 ] },
                "west": { "texture": "#0", "uv": [ 2.0, 6.0, 2.499999977648258, 8.69999998062849 ] },
                "up": { "texture": "#0", "uv": [ 1.0, 6.0, 5.500000022351742, 6.499999977648258 ] },
                "down": { "texture": "#0", "uv": [ 1.0, 8.0, 5.500000022351742, 8.499999977648258 ] }
            }
        },
        {
            "name": "Cube",
            "from": [ 6.0, 9.200000002980232, 5.299999989569187 ], 
            "to": [ 10.500000022351742, 11.899999983608723, 5.799999967217445 ], 
            "faces": {
                "north": { "texture": "#0", "uv": [ 1.0, 7.0, 4.500000022351742, 8.69999998062849 ] },
                "east": { "texture": "#0", "uv": [ 2.0, 6.0, 2.499999977648258, 8.69999998062849 ] },
                "south": { "texture": "#0", "uv": [ 1.0, 7.0, 4.500000022351742, 8.69999998062849 ] },
                "west": { "texture": "#0", "uv": [ 2.0, 6.0, 2.499999977648258, 8.69999998062849 ] },
                "up": { "texture": "#0", "uv": [ 1.0, 7.0, 5.500000022351742, 7.499999977648258 ] },
                "down": { "texture": "#0", "uv": [ 1.0, 8.0, 5.500000022351742, 8.499999977648258 ] }
            }
        },
        {
            "name": "Cube",
            "from": [ 5.700000010430813, 9.200000002980232, 5.6999999806284904 ], 
            "to": [ 6.200000017881393, 11.899999983608723, 9.69999996572733 ], 
            "faces": {
                "north": { "texture": "#0", "uv": [ 2.0, 7.0, 2.5000000074505806, 9.69999998062849 ] },
                "east": { "texture": "#0", "uv": [ 1.0, 6.0, 4.999999985098839, 8.69999998062849 ] },
                "south": { "texture": "#0", "uv": [ 2.0, 6.0, 2.5000000074505806, 8.69999998062849 ] },
                "west": { "texture": "#0", "uv": [ 2.0, 6.0, 3.999999985098839, 7.499999977648258 ] },
                "up": { "texture": "#0", "uv": [ 3.0, 5.0, 3.5000000074505806, 5.999999985098839 ] },
                "down": { "texture": "#0", "uv": [ 3.0, 7.0, 3.5000000074505806, 7.999999985098839 ] }
            }
        },
        {
            "name": "Cube",
            "from": [ 10.300000004470348, 9.200000002980232, 5.6999999806284904 ], 
            "to": [ 10.800000011920929, 11.899999983608723, 9.69999996572733 ], 
            "faces": {
                "north": { "texture": "#0", "uv": [ 2.0, 7.0, 2.5000000074505806, 9.69999998062849 ] },
                "east": { "texture": "#0", "uv": [ 1.0, 7.0, 4.999999985098839, 8.69999998062849 ] },
                "south": { "texture": "#0", "uv": [ 2.0, 7.0, 2.5000000074505806, 9.69999998062849 ] },
                "west": { "texture": "#0", "uv": [ 1.0, 7.0, 4.999999985098839, 8.69999998062849 ] },
                "up": { "texture": "#0", "uv": [ 3.0, 6.0, 3.5000000074505806, 9.999999985098839 ] },
                "down": { "texture": "#0", "uv": [ 3.0, 7.0, 3.5000000074505806, 8.999999985098839 ] }
            }
        },
        {
            "name": "Cube",
            "from": [ 6.300000004470348, 11.50000000745058, 5.5999999940395355 ], 
            "to": [ 10.30000001937151, 12.700000010430813, 6.099999971687794 ], 
            "faces": {
                "north": { "texture": "#0", "uv": [ 1.0, 6.0, 5.000000014901161, 7.200000002980232 ] },
                "east": { "texture": "#0", "uv": [ 3.0, 7.0, 3.499999977648258, 8.200000002980232 ] },
                "south": { "texture": "#0", "uv": [ 1.0, 7.0, 5.000000014901161, 8.200000002980232 ] },
                "west": { "texture": "#0", "uv": [ 3.0, 6.0, 3.499999977648258, 7.200000002980232 ] },
                "up": { "texture": "#0", "uv": [ 1.0, 7.0, 5.000000014901161, 7.499999977648258 ] },
                "down": { "texture": "#0", "uv": [ 1.0, 7.0, 5.000000014901161, 7.499999977648258 ] }
            }
        },
        {
            "name": "Cube",
            "from": [ 6.300000004470348, 11.50000000745058, 9.299999989569187 ], 
            "to": [ 10.200000017881393, 12.700000010430813, 9.799999967217445 ], 
            "faces": {
                "north": { "texture": "#0", "uv": [ 1.0, 6.0, 4.900000013411045, 7.200000002980232 ] },
                "east": { "texture": "#0", "uv": [ 1.0, 6.0, 1.4999999776482582, 7.200000002980232 ] },
                "south": { "texture": "#0", "uv": [ 1.0, 6.0, 4.900000013411045, 7.200000002980232 ] },
                "west": { "texture": "#0", "uv": [ 2.0, 6.0, 2.499999977648258, 7.200000002980232 ] },
                "up": { "texture": "#0", "uv": [ 2.0, 7.0, 5.900000013411045, 7.499999977648258 ] },
                "down": { "texture": "#0", "uv": [ 1.0, 8.0, 4.900000013411045, 8.499999977648258 ] }
            }
        },
        {
            "name": "Cube",
            "from": [ 6.000000014901161, 11.50000000745058, 5.899999983608723 ], 
            "to": [ 6.500000022351742, 12.699999995529652, 9.599999964237213 ], 
            "faces": {
                "north": { "texture": "#0", "uv": [ 4.0, 9.0, 4.500000007450581, 10.199999988079071 ] },
                "east": { "texture": "#0", "uv": [ 1.0, 6.0, 4.6999999806284904, 7.199999988079071 ] },
                "south": { "texture": "#0", "uv": [ 3.0, 5.0, 3.5000000074505806, 6.199999988079071 ] },
                "west": { "texture": "#0", "uv": [ 1.0, 6.0, 4.6999999806284904, 7.199999988079071 ] },
                "up": { "texture": "#0", "uv": [ 4.0, 5.0, 2.5000000074505806, 6.6999999806284904 ] },
                "down": { "texture": "#0", "uv": [ 3.0, 6.0, 3.5000000074505806, 9.69999998062849 ] }
            }
        },
        {
            "name": "Cube",
            "from": [ 10.000000014901161, 11.50000000745058, 5.799999982118607 ], 
            "to": [ 10.500000022351742, 12.699999995529652, 9.499999962747097 ], 
            "faces": {
                "north": { "texture": "#0", "uv": [ 1.0, 6.0, 1.5000000074505806, 7.199999988079071 ] },
                "east": { "texture": "#0", "uv": [ 1.0, 6.0, 4.6999999806284904, 7.199999988079071 ] },
                "south": { "texture": "#0", "uv": [ 2.0, 6.0, 2.5000000074505806, 7.199999988079071 ] },
                "west": { "texture": "#0", "uv": [ 1.0, 6.0, 4.6999999806284904, 7.199999988079071 ] },
                "up": { "texture": "#0", "uv": [ 1.0, 6.0, 4.500000007450581, 6.6999999806284904 ] },
                "down": { "texture": "#0", "uv": [ 3.0, 4.0, 3.5000000074505806, 7.6999999806284904 ] }
            }
        },
        {
            "name": "Cube",
            "from": [ 6.500000007450581, 12.300000004470348, 5.999999985098839 ], 
            "to": [ 10.0, 13.0, 9.49999999254942 ], 
            "faces": {
                "north": { "texture": "#0", "uv": [ 1.0, 6.0, 4.499999992549419, 6.699999995529652 ] },
                "east": { "texture": "#0", "uv": [ 1.0, 6.0, 4.500000007450581, 6.699999995529652 ] },
                "south": { "texture": "#0", "uv": [ 2.0, 5.0, 4.499999992549419, 5.499999992549419 ] },
                "west": { "texture": "#0", "uv": [ 1.0, 6.0, 4.500000007450581, 6.699999995529652 ] },
                "up": { "texture": "#0", "uv": [ 2.0, 5.0, 3.4999999925494194, 6.500000007450581 ] },
                "down": { "texture": "#0", "uv": [ 0.0, 0.0, 3.4999999925494194, 3.5000000074505806 ] }
            }
        },
        {
            "name": "Cube",
            "from": [ 7.000000014901161, 12.49999999254942, 6.499999992549419 ], 
            "to": [ 9.599999994039536, 13.199999988079071, 8.999999985098839 ], 
            "faces": {
                "north": { "texture": "#0", "uv": [ 2.0, 5.0, 3.5999999791383743, 5.499999992549419 ] },
                "east": { "texture": "#0", "uv": [ 3.0, 5.0, 3.4999999925494194, 5.499999992549419 ] },
                "south": { "texture": "#0", "uv": [ 2.0, 5.0, 3.5999999791383743, 5.499999992549419 ] },
                "west": { "texture": "#0", "uv": [ 2.0, 6.0, 0.4999999925494194, 7.499999992549419 ] },
                "up": { "texture": "#0", "uv": [ 3.0, 5.0, 2.5999999791383743, 4.499999992549419 ] },
                "down": { "texture": "#0", "uv": [ 1.0, 6.0, 3.5999999791383743, 8.49999999254942 ] }
            }
        },
        {
            "name": "Cube",
            "from": [ 6.199999988079071, 9.100000016391277, 5.800000011920929 ], 
            "to": [ 6.499999977648258, 9.400000005960464, 6.100000001490116 ], 
            "faces": {
                "north": { "texture": "#0", "uv": [ 3.0, 8.0, 3.299999989569187, 8.299999989569187 ] },
                "east": { "texture": "#0", "uv": [ 2.0, 7.0, 2.299999989569187, 7.299999989569187 ] },
                "south": { "texture": "#0", "uv": [ 3.0, 7.0, 2.299999989569187, 7.299999989569187 ] },
                "west": { "texture": "#0", "uv": [ 2.0, 8.0, 2.299999989569187, 8.299999989569187 ] },
                "up": { "texture": "#0", "uv": [ 3.0, 7.0, 3.299999989569187, 7.299999989569187 ] },
                "down": { "texture": "#0", "uv": [ 2.0, 8.0, 2.299999989569187, 8.299999989569187 ] }
            }
        },
        {
            "name": "Cube",
            "from": [ 9.999999985098839, 9.100000016391277, 5.800000011920929 ], 
            "to": [ 10.299999974668026, 9.400000005960464, 6.100000001490116 ], 
            "faces": {
                "north": { "texture": "#0", "uv": [ 3.0, 8.0, 3.299999989569187, 8.299999989569187 ] },
                "east": { "texture": "#0", "uv": [ 2.0, 7.0, 2.299999989569187, 7.299999989569187 ] },
                "south": { "texture": "#0", "uv": [ 3.0, 7.0, 2.299999989569187, 7.299999989569187 ] },
                "west": { "texture": "#0", "uv": [ 2.0, 8.0, 2.299999989569187, 8.299999989569187 ] },
                "up": { "texture": "#0", "uv": [ 3.0, 7.0, 3.299999989569187, 7.299999989569187 ] },
                "down": { "texture": "#0", "uv": [ 2.0, 8.0, 2.299999989569187, 8.299999989569187 ] }
            }
        },
        {
            "name": "Cube",
            "from": [ 9.999999985098839, 9.100000016391277, 9.400000005960464 ], 
            "to": [ 10.299999974668026, 9.400000005960464, 9.699999995529652 ], 
            "faces": {
                "north": { "texture": "#0", "uv": [ 3.0, 8.0, 3.299999989569187, 8.299999989569187 ] },
                "east": { "texture": "#0", "uv": [ 2.0, 7.0, 2.299999989569187, 7.299999989569187 ] },
                "south": { "texture": "#0", "uv": [ 3.0, 7.0, 2.299999989569187, 7.299999989569187 ] },
                "west": { "texture": "#0", "uv": [ 2.0, 8.0, 2.299999989569187, 8.299999989569187 ] },
                "up": { "texture": "#0", "uv": [ 3.0, 7.0, 3.299999989569187, 7.299999989569187 ] },
                "down": { "texture": "#0", "uv": [ 2.0, 8.0, 2.299999989569187, 8.299999989569187 ] }
            }
        },
        {
            "name": "Cube",
            "from": [ 6.199999988079071, 9.100000016391277, 9.400000005960464 ], 
            "to": [ 6.499999977648258, 9.400000005960464, 9.699999995529652 ], 
            "faces": {
                "north": { "texture": "#0", "uv": [ 3.0, 8.0, 3.299999989569187, 8.299999989569187 ] },
                "east": { "texture": "#0", "uv": [ 2.0, 7.0, 2.299999989569187, 7.299999989569187 ] },
                "south": { "texture": "#0", "uv": [ 3.0, 7.0, 2.299999989569187, 7.299999989569187 ] },
                "west": { "texture": "#0", "uv": [ 2.0, 8.0, 2.299999989569187, 8.299999989569187 ] },
                "up": { "texture": "#0", "uv": [ 3.0, 7.0, 3.299999989569187, 7.299999989569187 ] },
                "down": { "texture": "#0", "uv": [ 2.0, 8.0, 2.299999989569187, 8.299999989569187 ] }
            }
        },
        {
            "name": "Cube",
            "from": [ 6.4000000059604645, 7.899999983608723, 5.999999985098839 ], 
            "to": [ 6.899999998509884, 8.399999976158142, 9.50000000745058 ], 
            "faces": {
                "north": { "texture": "#0", "uv": [ 3.0, 9.0, 3.4999999925494194, 9.49999999254942 ] },
                "east": { "texture": "#0", "uv": [ 3.0, 8.0, 3.500000022351742, 8.49999999254942 ] },
                "south": { "texture": "#0", "uv": [ 3.0, 9.0, 3.4999999925494194, 9.49999999254942 ] },
                "west": { "texture": "#0", "uv": [ 2.0, 9.0, 3.500000022351742, 9.49999999254942 ] },
                "up": { "texture": "#0", "uv": [ 3.0, 8.0, 3.4999999925494194, 10.500000022351742 ] },
                "down": { "texture": "#0", "uv": [ 3.0, 10.0, 3.4999999925494194, 9.500000022351742 ] }
            }
        },
        {
            "name": "Cube",
            "from": [ 9.600000008940697, 7.899999983608723, 5.999999985098839 ], 
            "to": [ 10.100000001490116, 8.399999976158142, 9.50000000745058 ], 
            "faces": {
                "north": { "texture": "#0", "uv": [ 3.0, 9.0, 3.4999999925494194, 9.49999999254942 ] },
                "east": { "texture": "#0", "uv": [ 3.0, 8.0, 3.500000022351742, 8.49999999254942 ] },
                "south": { "texture": "#0", "uv": [ 3.0, 9.0, 3.4999999925494194, 9.49999999254942 ] },
                "west": { "texture": "#0", "uv": [ 2.0, 9.0, 3.500000022351742, 9.49999999254942 ] },
                "up": { "texture": "#0", "uv": [ 3.0, 8.0, 3.4999999925494194, 10.500000022351742 ] },
                "down": { "texture": "#0", "uv": [ 3.0, 10.0, 3.4999999925494194, 9.500000022351742 ] }
            }
        },
        {
            "name": "Cube",
            "from": [ 6.500000007450581, 7.899999983608723, 5.999999985098839 ], 
            "to": [ 10.0, 8.399999976158142, 6.500000007450581 ], 
            "faces": {
                "north": { "texture": "#0", "uv": [ 1.0, 9.0, 4.499999992549419, 9.49999999254942 ] },
                "east": { "texture": "#0", "uv": [ 3.0, 8.0, 3.500000022351742, 8.49999999254942 ] },
                "south": { "texture": "#0", "uv": [ 1.0, 9.0, 4.499999992549419, 9.49999999254942 ] },
                "west": { "texture": "#0", "uv": [ 2.0, 9.0, 3.500000022351742, 9.49999999254942 ] },
                "up": { "texture": "#0", "uv": [ 3.0, 8.0, 3.4999999925494194, 10.500000022351742 ] },
                "down": { "texture": "#0", "uv": [ 3.0, 10.0, 3.4999999925494194, 9.500000022351742 ] }
            }
        },
        {
            "name": "Cube",
            "from": [ 6.500000007450581, 7.899999983608723, 8.999999985098839 ], 
            "to": [ 10.0, 8.399999976158142, 9.50000000745058 ], 
            "faces": {
                "north": { "texture": "#0", "uv": [ 1.0, 9.0, 4.499999992549419, 9.49999999254942 ] },
                "east": { "texture": "#0", "uv": [ 3.0, 8.0, 3.500000022351742, 8.49999999254942 ] },
                "south": { "texture": "#0", "uv": [ 1.0, 9.0, 4.499999992549419, 9.49999999254942 ] },
                "west": { "texture": "#0", "uv": [ 2.0, 9.0, 3.500000022351742, 9.49999999254942 ] },
                "up": { "texture": "#0", "uv": [ 3.0, 8.0, 3.4999999925494194, 10.500000022351742 ] },
                "down": { "texture": "#0", "uv": [ 3.0, 10.0, 3.4999999925494194, 9.500000022351742 ] }
            }
        },
        {
            "name": "Cube",
            "from": [ 7.799999997019768, 10.100000016391277, 5.100000001490116 ], 
            "to": [ 8.799999997019768, 11.100000016391277, 6.100000001490116 ], 
            "faces": {
                "north": { "texture": "#0", "uv": [ 8.0, 1.0, 9.0, 2.0 ] },
                "east": { "texture": "#0", "uv": [ 8.0, 1.0, 9.0, 2.0 ] },
                "south": { "texture": "#0", "uv": [ 7.0, 1.0, 8.0, 2.0 ] },
                "west": { "texture": "#0", "uv": [ 7.0, 1.0, 8.0, 2.0 ] },
                "up": { "texture": "#0", "uv": [ 8.0, 1.0, 9.0, 2.0 ] },
                "down": { "texture": "#0", "uv": [ 8.0, 1.0, 9.0, 2.0 ] }
            }
        },
        {
            "name": "Cube",
            "from": [ 7.799999997019768, 10.100000031292439, 9.300000004470348 ], 
            "to": [ 8.799999997019768, 11.100000031292439, 10.300000004470348 ], 
            "faces": {
                "north": { "texture": "#0", "uv": [ 8.0, 1.0, 9.0, 2.0 ] },
                "east": { "texture": "#0", "uv": [ 8.0, 1.0, 9.0, 2.0 ] },
                "south": { "texture": "#0", "uv": [ 7.0, 1.0, 8.0, 2.0 ] },
                "west": { "texture": "#0", "uv": [ 7.0, 1.0, 8.0, 2.0 ] },
                "up": { "texture": "#0", "uv": [ 8.0, 1.0, 9.0, 2.0 ] },
                "down": { "texture": "#0", "uv": [ 8.0, 1.0, 9.0, 2.0 ] }
            }
        },
        {
            "name": "Cube",
            "from": [ 9.999999985098839, 10.100000031292439, 7.200000002980232 ], 
            "to": [ 10.999999985098839, 11.100000031292439, 8.200000002980232 ], 
            "faces": {
                "north": { "texture": "#0", "uv": [ 8.0, 1.0, 9.0, 2.0 ] },
                "east": { "texture": "#0", "uv": [ 8.0, 1.0, 9.0, 2.0 ] },
                "south": { "texture": "#0", "uv": [ 7.0, 1.0, 8.0, 2.0 ] },
                "west": { "texture": "#0", "uv": [ 7.0, 1.0, 8.0, 2.0 ] },
                "up": { "texture": "#0", "uv": [ 8.0, 1.0, 9.0, 2.0 ] },
                "down": { "texture": "#0", "uv": [ 8.0, 1.0, 9.0, 2.0 ] }
            }
        },
        {
            "name": "Cube",
            "from": [ 5.499999992549419, 10.100000031292439, 7.200000002980232 ], 
            "to": [ 6.499999992549419, 11.100000031292439, 8.200000002980232 ], 
            "faces": {
                "north": { "texture": "#0", "uv": [ 8.0, 1.0, 9.0, 2.0 ] },
                "east": { "texture": "#0", "uv": [ 8.0, 1.0, 9.0, 2.0 ] },
                "south": { "texture": "#0", "uv": [ 7.0, 1.0, 8.0, 2.0 ] },
                "west": { "texture": "#0", "uv": [ 7.0, 1.0, 8.0, 2.0 ] },
                "up": { "texture": "#0", "uv": [ 8.0, 1.0, 9.0, 2.0 ] },
                "down": { "texture": "#0", "uv": [ 8.0, 1.0, 9.0, 2.0 ] }
    }
}
],
"display": {
    "thirdperson": {
        "rotation": [ 270, 0, 0 ],
        "translation": [ -0.25, 0.50, -6.00 ],
        "scale": [ 1.48, 1.65, 1.65 ]
    },
    "firstperson": {
        "rotation": [ 358, 0, 0 ],
        "translation": [ 0.00, 6.00, 0.00 ],
        "scale": [ 2.05, 2.05, 2.05 ]
    },
    "gui": {
        "rotation": [ 314, 60, 0.00 ],
        "translation": [ -1.50, 1.50, 0.00 ],
        "scale": [ 1.00, 1.90, 1.91 ]
    },
    "head": {
        "rotation": [ 0, 0, 0 ],
        "translation": [ 0.00, 0.00, 0.00 ],
        "scale": [ 1.00, 1.00, 1.00 ]
    }
}
}