{
	"__comment": "Designed by Colin0904 with Cubik Studio - https://cubik.studio",
	"textures": {
		"particle": "blocks/particle",
		"texture": "blocks/texture",
		"mesh_palette": "items/Snakey_mace"
	},
	"elements": [
		{
			"__comment": "Voxels-E4FFD9",
			"from": [ 4.8, 16, 7.5 ],
			"to": [ 5, 17, 8.5 ],
			"faces": {
				"down": { "uv": [ 8.96, 4.96, 11.04, 7.04 ], "texture": "#mesh_palette" },
				"up": { "uv": [ 8.96, 4.96, 11.04, 7.04 ], "texture": "#mesh_palette" },
				"north": { "uv": [ 8.96, 4.96, 11.04, 7.04 ], "texture": "#mesh_palette" },
				"south": { "uv": [ 8.96, 4.96, 11.04, 7.04 ], "texture": "#mesh_palette" },
				"west": { "uv": [ 8.96, 4.96, 11.04, 7.04 ], "texture": "#mesh_palette" },
				"east": { "uv": [ 8.96, 4.96, 11.04, 7.04 ], "texture": "#mesh_palette" }
			}
		},
		{
			"__comment": "Voxels-E4FFD9",
			"from": [ 4, 19, 6.5 ],
			"to": [ 12, 20, 9.5 ],
			"faces": {
				"down": { "uv": [ 8.96, 4.96, 11.04, 7.04 ], "texture": "#mesh_palette" },
				"up": { "uv": [ 8.96, 4.96, 11.04, 7.04 ], "texture": "#mesh_palette" },
				"north": { "uv": [ 8.96, 4.96, 11.04, 7.04 ], "texture": "#mesh_palette" },
				"south": { "uv": [ 8.96, 4.96, 11.04, 7.04 ], "texture": "#mesh_palette" },
				"west": { "uv": [ 8.96, 4.96, 11.04, 7.04 ], "texture": "#mesh_palette" },
				"east": { "uv": [ 8.96, 4.96, 11.04, 7.04 ], "texture": "#mesh_palette" }
			}
		},
		{
			"__comment": "Voxels-E4FFD9",
			"from": [ 4, 22, 7.5 ],
			"to": [ 4.75, 24, 8.5 ],
			"faces": {
				"down": { "uv": [ 8.96, 4.96, 11.04, 7.04 ], "texture": "#mesh_palette" },
				"up": { "uv": [ 8.96, 4.96, 11.04, 7.04 ], "texture": "#mesh_palette" },
				"north": { "uv": [ 8.96, 4.96, 11.04, 7.04 ], "texture": "#mesh_palette" },
				"south": { "uv": [ 8.96, 4.96, 11.04, 7.04 ], "texture": "#mesh_palette" },
				"west": { "uv": [ 8.96, 4.96, 11.04, 7.04 ], "texture": "#mesh_palette" },
				"east": { "uv": [ 8.96, 4.96, 11.04, 7.04 ], "texture": "#mesh_palette" }
			}
		},
		{
			"__comment": "Voxels-E4FFD9",
			"from": [ 4, 20, 8 ],
			"to": [ 5, 22, 9 ],
			"faces": {
				"down": { "uv": [ 8.96, 4.96, 11.04, 7.04 ], "texture": "#mesh_palette" },
				"up": { "uv": [ 8.96, 4.96, 11.04, 7.04 ], "texture": "#mesh_palette" },
				"north": { "uv": [ 8.96, 4.96, 11.04, 7.04 ], "texture": "#mesh_palette" },
				"south": { "uv": [ 8.96, 4.96, 11.04, 7.04 ], "texture": "#mesh_palette" },
				"west": { "uv": [ 8.96, 4.96, 11.04, 7.04 ], "texture": "#mesh_palette" },
				"east": { "uv": [ 8.96, 4.96, 11.04, 7.04 ], "texture": "#mesh_palette" }
			}
		},
		{
			"__comment": "Voxels-E4FFD9",
			"from": [ 4, 24, 7.75 ],
			"to": [ 4.5, 26, 8.25 ],
			"faces": {
				"down": { "uv": [ 8.96, 4.96, 11.04, 7.04 ], "texture": "#mesh_palette" },
				"up": { "uv": [ 8.96, 4.96, 11.04, 7.04 ], "texture": "#mesh_palette" },
				"north": { "uv": [ 8.96, 4.96, 11.04, 7.04 ], "texture": "#mesh_palette" },
				"south": { "uv": [ 8.96, 4.96, 11.04, 7.04 ], "texture": "#mesh_palette" },
				"west": { "uv": [ 8.96, 4.96, 11.04, 7.04 ], "texture": "#mesh_palette" },
				"east": { "uv": [ 8.96, 4.96, 11.04, 7.04 ], "texture": "#mesh_palette" }
			}
		},
		{
			"__comment": "Voxels-628E51",
			"from": [ 5, 15, 7 ],
			"to": [ 11, 19, 9 ],
			"faces": {
				"down": { "uv": [ 4.96, 4.96, 7.04, 7.04 ], "texture": "#mesh_palette" },
				"up": { "uv": [ 4.96, 4.96, 7.04, 7.04 ], "texture": "#mesh_palette" },
				"north": { "uv": [ 4.96, 4.96, 7.04, 7.04 ], "texture": "#mesh_palette" },
				"south": { "uv": [ 4.96, 4.96, 7.04, 7.04 ], "texture": "#mesh_palette" },
				"west": { "uv": [ 4.96, 4.96, 7.04, 7.04 ], "texture": "#mesh_palette" },
				"east": { "uv": [ 4.96, 4.96, 7.04, 7.04 ], "texture": "#mesh_palette" }
			}
		},
		{
			"__comment": "Voxels-E4FFD9",
			"from": [ 9.5, 19, 6 ],
			"to": [ 11.5, 20, 6.5 ],
			"faces": {
				"down": { "uv": [ 8.96, 4.96, 11.04, 7.04 ], "texture": "#mesh_palette" },
				"up": { "uv": [ 8.96, 4.96, 11.04, 7.04 ], "texture": "#mesh_palette" },
				"north": { "uv": [ 8.96, 4.96, 11.04, 7.04 ], "texture": "#mesh_palette" },
				"south": { "uv": [ 8.96, 4.96, 11.04, 7.04 ], "texture": "#mesh_palette" },
				"west": { "uv": [ 8.96, 4.96, 11.04, 7.04 ], "texture": "#mesh_palette" },
				"east": { "uv": [ 8.96, 4.96, 11.04, 7.04 ], "texture": "#mesh_palette" }
			}
		},
		{
			"__comment": "Voxels-E4FFD9",
			"from": [ 5, 19, 10 ],
			"to": [ 7, 20, 10.5 ],
			"faces": {
				"down": { "uv": [ 8.96, 4.96, 11.04, 7.04 ], "texture": "#mesh_palette" },
				"up": { "uv": [ 8.96, 4.96, 11.04, 7.04 ], "texture": "#mesh_palette" },
				"north": { "uv": [ 8.96, 4.96, 11.04, 7.04 ], "texture": "#mesh_palette" },
				"south": { "uv": [ 8.96, 4.96, 11.04, 7.04 ], "texture": "#mesh_palette" },
				"west": { "uv": [ 8.96, 4.96, 11.04, 7.04 ], "texture": "#mesh_palette" },
				"east": { "uv": [ 8.96, 4.96, 11.04, 7.04 ], "texture": "#mesh_palette" }
			}
		},
		{
			"__comment": "Voxels-628E51",
			"from": [ 5, 20, 7 ],
			"to": [ 11, 23, 9 ],
			"faces": {
				"down": { "uv": [ 4.96, 4.96, 7.04, 7.04 ], "texture": "#mesh_palette" },
				"up": { "uv": [ 4.96, 4.96, 7.04, 7.04 ], "texture": "#mesh_palette" },
				"north": { "uv": [ 4.96, 4.96, 7.04, 7.04 ], "texture": "#mesh_palette" },
				"south": { "uv": [ 4.96, 4.96, 7.04, 7.04 ], "texture": "#mesh_palette" },
				"west": { "uv": [ 4.96, 4.96, 7.04, 7.04 ], "texture": "#mesh_palette" },
				"east": { "uv": [ 4.96, 4.96, 7.04, 7.04 ], "texture": "#mesh_palette" }
			}
		},
		{
			"__comment": "Voxels-CC9866",
			"from": [ 6.5, 3, 6.5 ],
			"to": [ 9.5, 5, 7 ],
			"faces": {
				"down": { "uv": [ 4.96, 0.96, 7.04, 3.04 ], "texture": "#mesh_palette" },
				"up": { "uv": [ 4.96, 0.96, 7.04, 3.04 ], "texture": "#mesh_palette" },
				"north": { "uv": [ 4.96, 0.96, 7.04, 3.04 ], "texture": "#mesh_palette" },
				"south": { "uv": [ 4.96, 0.96, 7.04, 3.04 ], "texture": "#mesh_palette" },
				"west": { "uv": [ 4.96, 0.96, 7.04, 3.04 ], "texture": "#mesh_palette" },
				"east": { "uv": [ 4.96, 0.96, 7.04, 3.04 ], "texture": "#mesh_palette" }
			}
		},
		{
			"__comment": "Voxels-CC9866",
			"from": [ 6.5, 3, 7 ],
			"to": [ 7, 5, 9.5 ],
			"faces": {
				"down": { "uv": [ 4.96, 0.96, 7.04, 3.04 ], "texture": "#mesh_palette" },
				"up": { "uv": [ 4.96, 0.96, 7.04, 3.04 ], "texture": "#mesh_palette" },
				"north": { "uv": [ 4.96, 0.96, 7.04, 3.04 ], "texture": "#mesh_palette" },
				"south": { "uv": [ 4.96, 0.96, 7.04, 3.04 ], "texture": "#mesh_palette" },
				"west": { "uv": [ 4.96, 0.96, 7.04, 3.04 ], "texture": "#mesh_palette" },
				"east": { "uv": [ 4.96, 0.96, 7.04, 3.04 ], "texture": "#mesh_palette" }
			}
		},
		{
			"__comment": "Voxels-628E51",
			"from": [ 6, 14, 7 ],
			"to": [ 10, 15, 9 ],
			"faces": {
				"down": { "uv": [ 4.96, 4.96, 7.04, 7.04 ], "texture": "#mesh_palette" },
				"up": { "uv": [ 4.96, 4.96, 7.04, 7.04 ], "texture": "#mesh_palette" },
				"north": { "uv": [ 4.96, 4.96, 7.04, 7.04 ], "texture": "#mesh_palette" },
				"south": { "uv": [ 4.96, 4.96, 7.04, 7.04 ], "texture": "#mesh_palette" },
				"west": { "uv": [ 4.96, 4.96, 7.04, 7.04 ], "texture": "#mesh_palette" },
				"east": { "uv": [ 4.96, 4.96, 7.04, 7.04 ], "texture": "#mesh_palette" }
			}
		},
		{
			"__comment": "Voxels-628E51",
			"from": [ 6, 15, 6 ],
			"to": [ 10, 19, 7 ],
			"faces": {
				"down": { "uv": [ 4.96, 4.96, 7.04, 7.04 ], "texture": "#mesh_palette" },
				"up": { "uv": [ 4.96, 4.96, 7.04, 7.04 ], "texture": "#mesh_palette" },
				"north": { "uv": [ 4.96, 4.96, 7.04, 7.04 ], "texture": "#mesh_palette" },
				"south": { "uv": [ 4.96, 4.96, 7.04, 7.04 ], "texture": "#mesh_palette" },
				"west": { "uv": [ 4.96, 4.96, 7.04, 7.04 ], "texture": "#mesh_palette" },
				"east": { "uv": [ 4.96, 4.96, 7.04, 7.04 ], "texture": "#mesh_palette" }
			}
		},
		{
			"__comment": "Voxels-628E51",
			"from": [ 6, 15, 9 ],
			"to": [ 10, 19, 10 ],
			"faces": {
				"down": { "uv": [ 4.96, 4.96, 7.04, 7.04 ], "texture": "#mesh_palette" },
				"up": { "uv": [ 4.96, 4.96, 7.04, 7.04 ], "texture": "#mesh_palette" },
				"north": { "uv": [ 4.96, 4.96, 7.04, 7.04 ], "texture": "#mesh_palette" },
				"south": { "uv": [ 4.96, 4.96, 7.04, 7.04 ], "texture": "#mesh_palette" },
				"west": { "uv": [ 4.96, 4.96, 7.04, 7.04 ], "texture": "#mesh_palette" },
				"east": { "uv": [ 4.96, 4.96, 7.04, 7.04 ], "texture": "#mesh_palette" }
			}
		},
		{
			"__comment": "Voxels-E4FFD9",
			"from": [ 6, 19, 4.5 ],
			"to": [ 10, 20, 5 ],
			"faces": {
				"down": { "uv": [ 8.96, 4.96, 11.04, 7.04 ], "texture": "#mesh_palette" },
				"up": { "uv": [ 8.96, 4.96, 11.04, 7.04 ], "texture": "#mesh_palette" },
				"north": { "uv": [ 8.96, 4.96, 11.04, 7.04 ], "texture": "#mesh_palette" },
				"south": { "uv": [ 8.96, 4.96, 11.04, 7.04 ], "texture": "#mesh_palette" },
				"west": { "uv": [ 8.96, 4.96, 11.04, 7.04 ], "texture": "#mesh_palette" },
				"east": { "uv": [ 8.96, 4.96, 11.04, 7.04 ], "texture": "#mesh_palette" }
			}
		},
		{
			"__comment": "Voxels-E4FFD9",
			"from": [ 6, 19, 11 ],
			"to": [ 10, 20, 11.5 ],
			"faces": {
				"down": { "uv": [ 8.96, 4.96, 11.04, 7.04 ], "texture": "#mesh_palette" },
				"up": { "uv": [ 8.96, 4.96, 11.04, 7.04 ], "texture": "#mesh_palette" },
				"north": { "uv": [ 8.96, 4.96, 11.04, 7.04 ], "texture": "#mesh_palette" },
				"south": { "uv": [ 8.96, 4.96, 11.04, 7.04 ], "texture": "#mesh_palette" },
				"west": { "uv": [ 8.96, 4.96, 11.04, 7.04 ], "texture": "#mesh_palette" },
				"east": { "uv": [ 8.96, 4.96, 11.04, 7.04 ], "texture": "#mesh_palette" }
			}
		},
		{
			"__comment": "Voxels-628E51",
			"from": [ 6, 20, 6 ],
			"to": [ 10, 23, 7 ],
			"faces": {
				"down": { "uv": [ 4.96, 4.96, 7.04, 7.04 ], "texture": "#mesh_palette" },
				"up": { "uv": [ 4.96, 4.96, 7.04, 7.04 ], "texture": "#mesh_palette" },
				"north": { "uv": [ 4.96, 4.96, 7.04, 7.04 ], "texture": "#mesh_palette" },
				"south": { "uv": [ 4.96, 4.96, 7.04, 7.04 ], "texture": "#mesh_palette" },
				"west": { "uv": [ 4.96, 4.96, 7.04, 7.04 ], "texture": "#mesh_palette" },
				"east": { "uv": [ 4.96, 4.96, 7.04, 7.04 ], "texture": "#mesh_palette" }
			}
		},
		{
			"__comment": "Voxels-628E51",
			"from": [ 6, 20, 9 ],
			"to": [ 10, 23, 10 ],
			"faces": {
				"down": { "uv": [ 4.96, 4.96, 7.04, 7.04 ], "texture": "#mesh_palette" },
				"up": { "uv": [ 4.96, 4.96, 7.04, 7.04 ], "texture": "#mesh_palette" },
				"north": { "uv": [ 4.96, 4.96, 7.04, 7.04 ], "texture": "#mesh_palette" },
				"south": { "uv": [ 4.96, 4.96, 7.04, 7.04 ], "texture": "#mesh_palette" },
				"west": { "uv": [ 4.96, 4.96, 7.04, 7.04 ], "texture": "#mesh_palette" },
				"east": { "uv": [ 4.96, 4.96, 7.04, 7.04 ], "texture": "#mesh_palette" }
			}
		},
		{
			"__comment": "Voxels-628E51",
			"from": [ 6, 23, 7 ],
			"to": [ 10, 24, 9 ],
			"faces": {
				"down": { "uv": [ 4.96, 4.96, 7.04, 7.04 ], "texture": "#mesh_palette" },
				"up": { "uv": [ 4.96, 4.96, 7.04, 7.04 ], "texture": "#mesh_palette" },
				"north": { "uv": [ 4.96, 4.96, 7.04, 7.04 ], "texture": "#mesh_palette" },
				"south": { "uv": [ 4.96, 4.96, 7.04, 7.04 ], "texture": "#mesh_palette" },
				"west": { "uv": [ 4.96, 4.96, 7.04, 7.04 ], "texture": "#mesh_palette" },
				"east": { "uv": [ 4.96, 4.96, 7.04, 7.04 ], "texture": "#mesh_palette" }
			}
		},
		{
			"__comment": "Voxels-CC9866",
			"from": [ 7, 0, 7 ],
			"to": [ 9, 3, 9 ],
			"faces": {
				"down": { "uv": [ 4.96, 0.96, 7.04, 3.04 ], "texture": "#mesh_palette" },
				"up": { "uv": [ 4.96, 0.96, 7.04, 3.04 ], "texture": "#mesh_palette" },
				"north": { "uv": [ 4.96, 0.96, 7.04, 3.04 ], "texture": "#mesh_palette" },
				"south": { "uv": [ 4.96, 0.96, 7.04, 3.04 ], "texture": "#mesh_palette" },
				"west": { "uv": [ 4.96, 0.96, 7.04, 3.04 ], "texture": "#mesh_palette" },
				"east": { "uv": [ 4.96, 0.96, 7.04, 3.04 ], "texture": "#mesh_palette" }
			}
		},
		{
			"__comment": "Voxels-CC9866",
			"from": [ 7, 3, 9 ],
			"to": [ 9.5, 5, 9.5 ],
			"faces": {
				"down": { "uv": [ 4.96, 0.96, 7.04, 3.04 ], "texture": "#mesh_palette" },
				"up": { "uv": [ 4.96, 0.96, 7.04, 3.04 ], "texture": "#mesh_palette" },
				"north": { "uv": [ 4.96, 0.96, 7.04, 3.04 ], "texture": "#mesh_palette" },
				"south": { "uv": [ 4.96, 0.96, 7.04, 3.04 ], "texture": "#mesh_palette" },
				"west": { "uv": [ 4.96, 0.96, 7.04, 3.04 ], "texture": "#mesh_palette" },
				"east": { "uv": [ 4.96, 0.96, 7.04, 3.04 ], "texture": "#mesh_palette" }
			}
		},
		{
			"__comment": "Voxels-C18143",
			"from": [ 6.8, 5, 6.8 ],
			"to": [ 9.2, 7, 9.2 ],
			"faces": {
				"down": { "uv": [ 8.96, 0.96, 11.04, 3.04 ], "texture": "#mesh_palette" },
				"up": { "uv": [ 8.96, 0.96, 11.04, 3.04 ], "texture": "#mesh_palette" },
				"north": { "uv": [ 8.96, 0.96, 11.04, 3.04 ], "texture": "#mesh_palette" },
				"south": { "uv": [ 8.96, 0.96, 11.04, 3.04 ], "texture": "#mesh_palette" },
				"west": { "uv": [ 8.96, 0.96, 11.04, 3.04 ], "texture": "#mesh_palette" },
				"east": { "uv": [ 8.96, 0.96, 11.04, 3.04 ], "texture": "#mesh_palette" }
			}
		},
		{
			"__comment": "Voxels-CC9866",
			"from": [ 7, 7, 7 ],
			"to": [ 9, 12, 9 ],
			"faces": {
				"down": { "uv": [ 4.96, 0.96, 7.04, 3.04 ], "texture": "#mesh_palette" },
				"up": { "uv": [ 4.96, 0.96, 7.04, 3.04 ], "texture": "#mesh_palette" },
				"north": { "uv": [ 4.96, 0.96, 7.04, 3.04 ], "texture": "#mesh_palette" },
				"south": { "uv": [ 4.96, 0.96, 7.04, 3.04 ], "texture": "#mesh_palette" },
				"west": { "uv": [ 4.96, 0.96, 7.04, 3.04 ], "texture": "#mesh_palette" },
				"east": { "uv": [ 4.96, 0.96, 7.04, 3.04 ], "texture": "#mesh_palette" }
			}
		},
		{
			"__comment": "Voxels-CE9258",
			"from": [ 7, 12, 7 ],
			"to": [ 9, 13, 9 ],
			"faces": {
				"down": { "uv": [ 12.96, 0.96, 15.04, 3.04 ], "texture": "#mesh_palette" },
				"up": { "uv": [ 12.96, 0.96, 15.04, 3.04 ], "texture": "#mesh_palette" },
				"north": { "uv": [ 12.96, 0.96, 15.04, 3.04 ], "texture": "#mesh_palette" },
				"south": { "uv": [ 12.96, 0.96, 15.04, 3.04 ], "texture": "#mesh_palette" },
				"west": { "uv": [ 12.96, 0.96, 15.04, 3.04 ], "texture": "#mesh_palette" },
				"east": { "uv": [ 12.96, 0.96, 15.04, 3.04 ], "texture": "#mesh_palette" }
			}
		},
		{
			"__comment": "Voxels-CC8E53",
			"from": [ 7, 13, 7 ],
			"to": [ 9, 14, 9 ],
			"faces": {
				"down": { "uv": [ 0.96, 4.96, 3.04, 7.04 ], "texture": "#mesh_palette" },
				"up": { "uv": [ 0.96, 4.96, 3.04, 7.04 ], "texture": "#mesh_palette" },
				"north": { "uv": [ 0.96, 4.96, 3.04, 7.04 ], "texture": "#mesh_palette" },
				"south": { "uv": [ 0.96, 4.96, 3.04, 7.04 ], "texture": "#mesh_palette" },
				"west": { "uv": [ 0.96, 4.96, 3.04, 7.04 ], "texture": "#mesh_palette" },
				"east": { "uv": [ 0.96, 4.96, 3.04, 7.04 ], "texture": "#mesh_palette" }
			}
		},
		{
			"__comment": "Voxels-628E51",
			"from": [ 7, 14, 6 ],
			"to": [ 9, 15, 7 ],
			"faces": {
				"down": { "uv": [ 4.96, 4.96, 7.04, 7.04 ], "texture": "#mesh_palette" },
				"up": { "uv": [ 4.96, 4.96, 7.04, 7.04 ], "texture": "#mesh_palette" },
				"north": { "uv": [ 4.96, 4.96, 7.04, 7.04 ], "texture": "#mesh_palette" },
				"south": { "uv": [ 4.96, 4.96, 7.04, 7.04 ], "texture": "#mesh_palette" },
				"west": { "uv": [ 4.96, 4.96, 7.04, 7.04 ], "texture": "#mesh_palette" },
				"east": { "uv": [ 4.96, 4.96, 7.04, 7.04 ], "texture": "#mesh_palette" }
			}
		},
		{
			"__comment": "Voxels-628E51",
			"from": [ 7, 14, 9 ],
			"to": [ 9, 15, 10 ],
			"faces": {
				"down": { "uv": [ 4.96, 4.96, 7.04, 7.04 ], "texture": "#mesh_palette" },
				"up": { "uv": [ 4.96, 4.96, 7.04, 7.04 ], "texture": "#mesh_palette" },
				"north": { "uv": [ 4.96, 4.96, 7.04, 7.04 ], "texture": "#mesh_palette" },
				"south": { "uv": [ 4.96, 4.96, 7.04, 7.04 ], "texture": "#mesh_palette" },
				"west": { "uv": [ 4.96, 4.96, 7.04, 7.04 ], "texture": "#mesh_palette" },
				"east": { "uv": [ 4.96, 4.96, 7.04, 7.04 ], "texture": "#mesh_palette" }
			}
		},
		{
			"__comment": "Voxels-628E51",
			"from": [ 7, 15, 5 ],
			"to": [ 9, 23, 6 ],
			"faces": {
				"down": { "uv": [ 4.96, 4.96, 7.04, 7.04 ], "texture": "#mesh_palette" },
				"up": { "uv": [ 4.96, 4.96, 7.04, 7.04 ], "texture": "#mesh_palette" },
				"north": { "uv": [ 4.96, 4.96, 7.04, 7.04 ], "texture": "#mesh_palette" },
				"south": { "uv": [ 4.96, 4.96, 7.04, 7.04 ], "texture": "#mesh_palette" },
				"west": { "uv": [ 4.96, 4.96, 7.04, 7.04 ], "texture": "#mesh_palette" },
				"east": { "uv": [ 4.96, 4.96, 7.04, 7.04 ], "texture": "#mesh_palette" }
			}
		},
		{
			"__comment": "Voxels-628E51",
			"from": [ 7, 15, 10 ],
			"to": [ 9, 23, 11 ],
			"faces": {
				"down": { "uv": [ 4.96, 4.96, 7.04, 7.04 ], "texture": "#mesh_palette" },
				"up": { "uv": [ 4.96, 4.96, 7.04, 7.04 ], "texture": "#mesh_palette" },
				"north": { "uv": [ 4.96, 4.96, 7.04, 7.04 ], "texture": "#mesh_palette" },
				"south": { "uv": [ 4.96, 4.96, 7.04, 7.04 ], "texture": "#mesh_palette" },
				"west": { "uv": [ 4.96, 4.96, 7.04, 7.04 ], "texture": "#mesh_palette" },
				"east": { "uv": [ 4.96, 4.96, 7.04, 7.04 ], "texture": "#mesh_palette" }
			}
		},
		{
			"__comment": "Voxels-E4FFD9",
			"from": [ 7, 18, 4.5 ],
			"to": [ 9, 19, 5 ],
			"faces": {
				"down": { "uv": [ 8.96, 4.96, 11.04, 7.04 ], "texture": "#mesh_palette" },
				"up": { "uv": [ 8.96, 4.96, 11.04, 7.04 ], "texture": "#mesh_palette" },
				"north": { "uv": [ 8.96, 4.96, 11.04, 7.04 ], "texture": "#mesh_palette" },
				"south": { "uv": [ 8.96, 4.96, 11.04, 7.04 ], "texture": "#mesh_palette" },
				"west": { "uv": [ 8.96, 4.96, 11.04, 7.04 ], "texture": "#mesh_palette" },
				"east": { "uv": [ 8.96, 4.96, 11.04, 7.04 ], "texture": "#mesh_palette" }
			}
		},
		{
			"__comment": "Voxels-E4FFD9",
			"from": [ 7, 18, 11 ],
			"to": [ 9, 19, 11.5 ],
			"faces": {
				"down": { "uv": [ 8.96, 4.96, 11.04, 7.04 ], "texture": "#mesh_palette" },
				"up": { "uv": [ 8.96, 4.96, 11.04, 7.04 ], "texture": "#mesh_palette" },
				"north": { "uv": [ 8.96, 4.96, 11.04, 7.04 ], "texture": "#mesh_palette" },
				"south": { "uv": [ 8.96, 4.96, 11.04, 7.04 ], "texture": "#mesh_palette" },
				"west": { "uv": [ 8.96, 4.96, 11.04, 7.04 ], "texture": "#mesh_palette" },
				"east": { "uv": [ 8.96, 4.96, 11.04, 7.04 ], "texture": "#mesh_palette" }
			}
		},
		{
			"__comment": "Voxels-E4FFD9",
			"from": [ 7, 20, 4.5 ],
			"to": [ 9, 21, 5 ],
			"faces": {
				"down": { "uv": [ 8.96, 4.96, 11.04, 7.04 ], "texture": "#mesh_palette" },
				"up": { "uv": [ 8.96, 4.96, 11.04, 7.04 ], "texture": "#mesh_palette" },
				"north": { "uv": [ 8.96, 4.96, 11.04, 7.04 ], "texture": "#mesh_palette" },
				"south": { "uv": [ 8.96, 4.96, 11.04, 7.04 ], "texture": "#mesh_palette" },
				"west": { "uv": [ 8.96, 4.96, 11.04, 7.04 ], "texture": "#mesh_palette" },
				"east": { "uv": [ 8.96, 4.96, 11.04, 7.04 ], "texture": "#mesh_palette" }
			}
		},
		{
			"__comment": "Voxels-E4FFD9",
			"from": [ 7, 20, 11 ],
			"to": [ 9, 21, 11.5 ],
			"faces": {
				"down": { "uv": [ 8.96, 4.96, 11.04, 7.04 ], "texture": "#mesh_palette" },
				"up": { "uv": [ 8.96, 4.96, 11.04, 7.04 ], "texture": "#mesh_palette" },
				"north": { "uv": [ 8.96, 4.96, 11.04, 7.04 ], "texture": "#mesh_palette" },
				"south": { "uv": [ 8.96, 4.96, 11.04, 7.04 ], "texture": "#mesh_palette" },
				"west": { "uv": [ 8.96, 4.96, 11.04, 7.04 ], "texture": "#mesh_palette" },
				"east": { "uv": [ 8.96, 4.96, 11.04, 7.04 ], "texture": "#mesh_palette" }
			}
		},
		{
			"__comment": "Voxels-628E51",
			"from": [ 7, 23, 6 ],
			"to": [ 9, 24, 7 ],
			"faces": {
				"down": { "uv": [ 4.96, 4.96, 7.04, 7.04 ], "texture": "#mesh_palette" },
				"up": { "uv": [ 4.96, 4.96, 7.04, 7.04 ], "texture": "#mesh_palette" },
				"north": { "uv": [ 4.96, 4.96, 7.04, 7.04 ], "texture": "#mesh_palette" },
				"south": { "uv": [ 4.96, 4.96, 7.04, 7.04 ], "texture": "#mesh_palette" },
				"west": { "uv": [ 4.96, 4.96, 7.04, 7.04 ], "texture": "#mesh_palette" },
				"east": { "uv": [ 4.96, 4.96, 7.04, 7.04 ], "texture": "#mesh_palette" }
			}
		},
		{
			"__comment": "Voxels-628E51",
			"from": [ 7, 23, 9 ],
			"to": [ 9, 24, 10 ],
			"faces": {
				"down": { "uv": [ 4.96, 4.96, 7.04, 7.04 ], "texture": "#mesh_palette" },
				"up": { "uv": [ 4.96, 4.96, 7.04, 7.04 ], "texture": "#mesh_palette" },
				"north": { "uv": [ 4.96, 4.96, 7.04, 7.04 ], "texture": "#mesh_palette" },
				"south": { "uv": [ 4.96, 4.96, 7.04, 7.04 ], "texture": "#mesh_palette" },
				"west": { "uv": [ 4.96, 4.96, 7.04, 7.04 ], "texture": "#mesh_palette" },
				"east": { "uv": [ 4.96, 4.96, 7.04, 7.04 ], "texture": "#mesh_palette" }
			}
		},
		{
			"__comment": "Voxels-CC9866",
			"from": [ 9, 3, 7 ],
			"to": [ 9.5, 5, 9 ],
			"faces": {
				"down": { "uv": [ 4.96, 0.96, 7.04, 3.04 ], "texture": "#mesh_palette" },
				"up": { "uv": [ 4.96, 0.96, 7.04, 3.04 ], "texture": "#mesh_palette" },
				"north": { "uv": [ 4.96, 0.96, 7.04, 3.04 ], "texture": "#mesh_palette" },
				"south": { "uv": [ 4.96, 0.96, 7.04, 3.04 ], "texture": "#mesh_palette" },
				"west": { "uv": [ 4.96, 0.96, 7.04, 3.04 ], "texture": "#mesh_palette" },
				"east": { "uv": [ 4.96, 0.96, 7.04, 3.04 ], "texture": "#mesh_palette" }
			}
		},
		{
			"__comment": "Voxels-E4FFD9",
			"from": [ 5.5, 19, 5 ],
			"to": [ 7.5, 20, 5.5 ],
			"faces": {
				"down": { "uv": [ 8.96, 4.96, 11.04, 7.04 ], "texture": "#mesh_palette" },
				"up": { "uv": [ 8.96, 4.96, 11.04, 7.04 ], "texture": "#mesh_palette" },
				"north": { "uv": [ 8.96, 4.96, 11.04, 7.04 ], "texture": "#mesh_palette" },
				"south": { "uv": [ 8.96, 4.96, 11.04, 7.04 ], "texture": "#mesh_palette" },
				"west": { "uv": [ 8.96, 4.96, 11.04, 7.04 ], "texture": "#mesh_palette" },
				"east": { "uv": [ 8.96, 4.96, 11.04, 7.04 ], "texture": "#mesh_palette" }
			}
		},
		{
			"__comment": "Voxels-E4FFD9",
			"from": [ 4.5, 19, 9.5 ],
			"to": [ 6.5, 20, 10 ],
			"faces": {
				"down": { "uv": [ 8.96, 4.96, 11.04, 7.04 ], "texture": "#mesh_palette" },
				"up": { "uv": [ 8.96, 4.96, 11.04, 7.04 ], "texture": "#mesh_palette" },
				"north": { "uv": [ 8.96, 4.96, 11.04, 7.04 ], "texture": "#mesh_palette" },
				"south": { "uv": [ 8.96, 4.96, 11.04, 7.04 ], "texture": "#mesh_palette" },
				"west": { "uv": [ 8.96, 4.96, 11.04, 7.04 ], "texture": "#mesh_palette" },
				"east": { "uv": [ 8.96, 4.96, 11.04, 7.04 ], "texture": "#mesh_palette" }
			}
		},
		{
			"__comment": "Voxels-E4FFD9",
			"from": [ 11, 16, 7.5 ],
			"to": [ 11.2, 17, 8.5 ],
			"faces": {
				"down": { "uv": [ 8.96, 4.96, 11.04, 7.04 ], "texture": "#mesh_palette" },
				"up": { "uv": [ 8.96, 4.96, 11.04, 7.04 ], "texture": "#mesh_palette" },
				"north": { "uv": [ 8.96, 4.96, 11.04, 7.04 ], "texture": "#mesh_palette" },
				"south": { "uv": [ 8.96, 4.96, 11.04, 7.04 ], "texture": "#mesh_palette" },
				"west": { "uv": [ 8.96, 4.96, 11.04, 7.04 ], "texture": "#mesh_palette" },
				"east": { "uv": [ 8.96, 4.96, 11.04, 7.04 ], "texture": "#mesh_palette" }
			}
		},
		{
			"__comment": "Voxels-E4FFD9",
			"from": [ 11.25, 22, 7.5 ],
			"to": [ 12, 24, 8.5 ],
			"faces": {
				"down": { "uv": [ 8.96, 4.96, 11.04, 7.04 ], "texture": "#mesh_palette" },
				"up": { "uv": [ 8.96, 4.96, 11.04, 7.04 ], "texture": "#mesh_palette" },
				"north": { "uv": [ 8.96, 4.96, 11.04, 7.04 ], "texture": "#mesh_palette" },
				"south": { "uv": [ 8.96, 4.96, 11.04, 7.04 ], "texture": "#mesh_palette" },
				"west": { "uv": [ 8.96, 4.96, 11.04, 7.04 ], "texture": "#mesh_palette" },
				"east": { "uv": [ 8.96, 4.96, 11.04, 7.04 ], "texture": "#mesh_palette" }
			}
		},
		{
			"__comment": "Voxels-E4FFD9",
			"from": [ 11, 20, 8 ],
			"to": [ 12, 22, 9 ],
			"faces": {
				"down": { "uv": [ 8.96, 4.96, 11.04, 7.04 ], "texture": "#mesh_palette" },
				"up": { "uv": [ 8.96, 4.96, 11.04, 7.04 ], "texture": "#mesh_palette" },
				"north": { "uv": [ 8.96, 4.96, 11.04, 7.04 ], "texture": "#mesh_palette" },
				"south": { "uv": [ 8.96, 4.96, 11.04, 7.04 ], "texture": "#mesh_palette" },
				"west": { "uv": [ 8.96, 4.96, 11.04, 7.04 ], "texture": "#mesh_palette" },
				"east": { "uv": [ 8.96, 4.96, 11.04, 7.04 ], "texture": "#mesh_palette" }
			}
		},
		{
			"__comment": "Voxels-E4FFD9",
			"from": [ 11.5, 24, 7.75 ],
			"to": [ 12, 26, 8.25 ],
			"faces": {
				"down": { "uv": [ 8.96, 4.96, 11.04, 7.04 ], "texture": "#mesh_palette" },
				"up": { "uv": [ 8.96, 4.96, 11.04, 7.04 ], "texture": "#mesh_palette" },
				"north": { "uv": [ 8.96, 4.96, 11.04, 7.04 ], "texture": "#mesh_palette" },
				"south": { "uv": [ 8.96, 4.96, 11.04, 7.04 ], "texture": "#mesh_palette" },
				"west": { "uv": [ 8.96, 4.96, 11.04, 7.04 ], "texture": "#mesh_palette" },
				"east": { "uv": [ 8.96, 4.96, 11.04, 7.04 ], "texture": "#mesh_palette" }
			}
		},
		{
			"__comment": "Voxels-E4FFD9",
			"from": [ 4, 20, 7 ],
			"to": [ 5, 22, 8 ],
			"faces": {
				"down": { "uv": [ 8.96, 4.96, 11.04, 7.04 ], "texture": "#mesh_palette" },
				"up": { "uv": [ 8.96, 4.96, 11.04, 7.04 ], "texture": "#mesh_palette" },
				"north": { "uv": [ 8.96, 4.96, 11.04, 7.04 ], "texture": "#mesh_palette" },
				"south": { "uv": [ 8.96, 4.96, 11.04, 7.04 ], "texture": "#mesh_palette" },
				"west": { "uv": [ 8.96, 4.96, 11.04, 7.04 ], "texture": "#mesh_palette" },
				"east": { "uv": [ 8.96, 4.96, 11.04, 7.04 ], "texture": "#mesh_palette" }
			}
		},
		{
			"__comment": "Voxels-E4FFD9",
			"from": [ 11, 20, 7 ],
			"to": [ 12, 22, 8 ],
			"faces": {
				"down": { "uv": [ 8.96, 4.96, 11.04, 7.04 ], "texture": "#mesh_palette" },
				"up": { "uv": [ 8.96, 4.96, 11.04, 7.04 ], "texture": "#mesh_palette" },
				"north": { "uv": [ 8.96, 4.96, 11.04, 7.04 ], "texture": "#mesh_palette" },
				"south": { "uv": [ 8.96, 4.96, 11.04, 7.04 ], "texture": "#mesh_palette" },
				"west": { "uv": [ 8.96, 4.96, 11.04, 7.04 ], "texture": "#mesh_palette" },
				"east": { "uv": [ 8.96, 4.96, 11.04, 7.04 ], "texture": "#mesh_palette" }
			}
		},
		{
			"__comment": "Voxels-E4FFD9",
			"from": [ 9, 19, 10 ],
			"to": [ 11, 20, 10.5 ],
			"faces": {
				"down": { "uv": [ 8.96, 4.96, 11.04, 7.04 ], "texture": "#mesh_palette" },
				"up": { "uv": [ 8.96, 4.96, 11.04, 7.04 ], "texture": "#mesh_palette" },
				"north": { "uv": [ 8.96, 4.96, 11.04, 7.04 ], "texture": "#mesh_palette" },
				"south": { "uv": [ 8.96, 4.96, 11.04, 7.04 ], "texture": "#mesh_palette" },
				"west": { "uv": [ 8.96, 4.96, 11.04, 7.04 ], "texture": "#mesh_palette" },
				"east": { "uv": [ 8.96, 4.96, 11.04, 7.04 ], "texture": "#mesh_palette" }
			}
		},
		{
			"__comment": "Voxels-E4FFD9",
			"from": [ 9.5, 19, 9.5 ],
			"to": [ 11.5, 20, 10 ],
			"faces": {
				"down": { "uv": [ 8.96, 4.96, 11.04, 7.04 ], "texture": "#mesh_palette" },
				"up": { "uv": [ 8.96, 4.96, 11.04, 7.04 ], "texture": "#mesh_palette" },
				"north": { "uv": [ 8.96, 4.96, 11.04, 7.04 ], "texture": "#mesh_palette" },
				"south": { "uv": [ 8.96, 4.96, 11.04, 7.04 ], "texture": "#mesh_palette" },
				"west": { "uv": [ 8.96, 4.96, 11.04, 7.04 ], "texture": "#mesh_palette" },
				"east": { "uv": [ 8.96, 4.96, 11.04, 7.04 ], "texture": "#mesh_palette" }
			}
		},
		{
			"__comment": "Voxels-E4FFD9",
			"from": [ 8.5, 19, 10.5 ],
			"to": [ 10.5, 20, 11 ],
			"faces": {
				"down": { "uv": [ 8.96, 4.96, 11.04, 7.04 ], "texture": "#mesh_palette" },
				"up": { "uv": [ 8.96, 4.96, 11.04, 7.04 ], "texture": "#mesh_palette" },
				"north": { "uv": [ 8.96, 4.96, 11.04, 7.04 ], "texture": "#mesh_palette" },
				"south": { "uv": [ 8.96, 4.96, 11.04, 7.04 ], "texture": "#mesh_palette" },
				"west": { "uv": [ 8.96, 4.96, 11.04, 7.04 ], "texture": "#mesh_palette" },
				"east": { "uv": [ 8.96, 4.96, 11.04, 7.04 ], "texture": "#mesh_palette" }
			}
		},
		{
			"__comment": "Voxels-E4FFD9",
			"from": [ 5.5, 19, 10.5 ],
			"to": [ 7.5, 20, 11 ],
			"faces": {
				"down": { "uv": [ 8.96, 4.96, 11.04, 7.04 ], "texture": "#mesh_palette" },
				"up": { "uv": [ 8.96, 4.96, 11.04, 7.04 ], "texture": "#mesh_palette" },
				"north": { "uv": [ 8.96, 4.96, 11.04, 7.04 ], "texture": "#mesh_palette" },
				"south": { "uv": [ 8.96, 4.96, 11.04, 7.04 ], "texture": "#mesh_palette" },
				"west": { "uv": [ 8.96, 4.96, 11.04, 7.04 ], "texture": "#mesh_palette" },
				"east": { "uv": [ 8.96, 4.96, 11.04, 7.04 ], "texture": "#mesh_palette" }
			}
		},
		{
			"__comment": "Voxels-E4FFD9",
			"from": [ 5, 19, 5.5 ],
			"to": [ 7, 20, 6 ],
			"faces": {
				"down": { "uv": [ 8.96, 4.96, 11.04, 7.04 ], "texture": "#mesh_palette" },
				"up": { "uv": [ 8.96, 4.96, 11.04, 7.04 ], "texture": "#mesh_palette" },
				"north": { "uv": [ 8.96, 4.96, 11.04, 7.04 ], "texture": "#mesh_palette" },
				"south": { "uv": [ 8.96, 4.96, 11.04, 7.04 ], "texture": "#mesh_palette" },
				"west": { "uv": [ 8.96, 4.96, 11.04, 7.04 ], "texture": "#mesh_palette" },
				"east": { "uv": [ 8.96, 4.96, 11.04, 7.04 ], "texture": "#mesh_palette" }
			}
		},
		{
			"__comment": "Voxels-E4FFD9",
			"from": [ 4.5, 19, 6 ],
			"to": [ 6.5, 20, 6.5 ],
			"faces": {
				"down": { "uv": [ 8.96, 4.96, 11.04, 7.04 ], "texture": "#mesh_palette" },
				"up": { "uv": [ 8.96, 4.96, 11.04, 7.04 ], "texture": "#mesh_palette" },
				"north": { "uv": [ 8.96, 4.96, 11.04, 7.04 ], "texture": "#mesh_palette" },
				"south": { "uv": [ 8.96, 4.96, 11.04, 7.04 ], "texture": "#mesh_palette" },
				"west": { "uv": [ 8.96, 4.96, 11.04, 7.04 ], "texture": "#mesh_palette" },
				"east": { "uv": [ 8.96, 4.96, 11.04, 7.04 ], "texture": "#mesh_palette" }
			}
		},
		{
			"__comment": "Voxels-E4FFD9",
			"from": [ 9, 19, 5.5 ],
			"to": [ 11, 20, 6 ],
			"faces": {
				"down": { "uv": [ 8.96, 4.96, 11.04, 7.04 ], "texture": "#mesh_palette" },
				"up": { "uv": [ 8.96, 4.96, 11.04, 7.04 ], "texture": "#mesh_palette" },
				"north": { "uv": [ 8.96, 4.96, 11.04, 7.04 ], "texture": "#mesh_palette" },
				"south": { "uv": [ 8.96, 4.96, 11.04, 7.04 ], "texture": "#mesh_palette" },
				"west": { "uv": [ 8.96, 4.96, 11.04, 7.04 ], "texture": "#mesh_palette" },
				"east": { "uv": [ 8.96, 4.96, 11.04, 7.04 ], "texture": "#mesh_palette" }
			}
		},
		{
			"__comment": "Voxels-E4FFD9",
			"from": [ 8.5, 19, 5 ],
			"to": [ 10.5, 20, 5.5 ],
			"faces": {
				"down": { "uv": [ 8.96, 4.96, 11.04, 7.04 ], "texture": "#mesh_palette" },
				"up": { "uv": [ 8.96, 4.96, 11.04, 7.04 ], "texture": "#mesh_palette" },
				"north": { "uv": [ 8.96, 4.96, 11.04, 7.04 ], "texture": "#mesh_palette" },
				"south": { "uv": [ 8.96, 4.96, 11.04, 7.04 ], "texture": "#mesh_palette" },
				"west": { "uv": [ 8.96, 4.96, 11.04, 7.04 ], "texture": "#mesh_palette" },
				"east": { "uv": [ 8.96, 4.96, 11.04, 7.04 ], "texture": "#mesh_palette" }
			}
		}
	],
	"display": {
    "thirdperson": {
        "rotation": [ 0, 274, 90 ],
        "translation": [ 0.00, 0.00, -2.25 ],
        "scale": [ 1.20, 1.20, 1.20 ]
    },
    "firstperson": {
        "rotation": [ 0, 6, 0 ],
        "translation": [ 0.00, 2.25, 0.00 ],
        "scale": [ 1.25, 1.25, 1.25 ]
    },
    "gui": {
        "rotation": [ 324, 34, 26 ],
        "translation": [ 1.00, -1.00, 0.00 ],
        "scale": [ 0.95, 0.95, 0.95 ]
		}
	}
}