{
	"__comment": "Designed by Cryptic with Cubik Studio - https://cubik.studio",
	"textures": {
		"particle": "blocks/particle",
		"texture": "blocks/texture",
		"painter_boss": "blocks/painter_boss"
	},
	"elements": [
		{
			"__comment": "Voxels",
			"from": [ -2, 23, 13 ],
			"to": [ 5, 24, 15 ],
			"faces": {
				"down": { "uv": [ 0, 8.25, 1.75, 8.75 ], "texture": "#painter_boss" },
				"up": { "uv": [ 0, 9.25, 1.75, 8.75 ], "texture": "#painter_boss" },
				"north": { "uv": [ 1.75, 8, 0, 8.25 ], "texture": "#painter_boss" },
				"south": { "uv": [ 4.25, 10.75, 6, 11 ], "texture": "#painter_boss" },
				"west": { "uv": [ 7.75, 9.75, 8.25, 10 ], "texture": "#painter_boss" },
				"east": { "uv": [ 8.25, 10.5, 7.75, 10.75 ], "texture": "#painter_boss" }
			}
		},
		{
			"__comment": "Voxels",
			"from": [ -2, 23, 15 ],
			"to": [ 4, 24, 16 ],
			"faces": {
				"down": { "uv": [ 4.25, 10.5, 5.75, 10.75 ], "texture": "#painter_boss" },
				"up": { "uv": [ 4.25, 10.5, 5.75, 10.25 ], "texture": "#painter_boss" },
				"north": { "uv": [ 5.75, 10, 4.25, 10.25 ], "texture": "#painter_boss" },
				"south": { "uv": [ 4.25, 9.75, 5.75, 10 ], "texture": "#painter_boss" },
				"west": { "uv": [ 6.75, 8.5, 7, 8.75 ], "texture": "#painter_boss" },
				"east": { "uv": [ 8.25, 9.5, 8, 9.75 ], "texture": "#painter_boss" }
			}
		},
		{
			"__comment": "Voxels",
			"from": [ -1, 7, 4 ],
			"to": [ 7, 16, 21 ],
			"faces": {
				"down": { "uv": [ 4.25, 11.75, 6.25, 16 ], "texture": "#painter_boss" },
				"up": { "uv": [ 6.25, 16, 8.25, 11.75 ], "texture": "#painter_boss" },
				"north": { "uv": [ 2, 9.25, 0, 11.5 ], "texture": "#painter_boss" },
				"south": { "uv": [ 2, 9.25, 4, 11.5 ], "texture": "#painter_boss" },
				"west": { "uv": [ 0, 13.75, 4.25, 16 ], "texture": "#painter_boss" },
				"east": { "uv": [ 4.25, 11.5, 0, 13.75 ], "texture": "#painter_boss" }
			}
		},
		{
			"__comment": "Voxels",
			"from": [ -1, 23, 12 ],
			"to": [ 5, 24, 13 ],
			"faces": {
				"down": { "uv": [ 4.25, 9.5, 5.75, 9.75 ], "texture": "#painter_boss" },
				"up": { "uv": [ 4.25, 9.5, 5.75, 9.25 ], "texture": "#painter_boss" },
				"north": { "uv": [ 5.75, 9, 4.25, 9.25 ], "texture": "#painter_boss" },
				"south": { "uv": [ 4.25, 8.75, 5.75, 9 ], "texture": "#painter_boss" },
				"west": { "uv": [ 8, 9.25, 8.25, 9.5 ], "texture": "#painter_boss" },
				"east": { "uv": [ 8, 9.25, 7.75, 9.5 ], "texture": "#painter_boss" }
			}
		},
		{
			"__comment": "Voxels",
			"from": [ -1, 23, 16 ],
			"to": [ 2, 24, 17 ],
			"faces": {
				"down": { "uv": [ 7, 9.75, 7.75, 10 ], "texture": "#painter_boss" },
				"up": { "uv": [ 6.25, 9.75, 7, 9.5 ], "texture": "#painter_boss" },
				"north": { "uv": [ 7, 9.75, 6.25, 10 ], "texture": "#painter_boss" },
				"south": { "uv": [ 7, 9.5, 7.75, 9.75 ], "texture": "#painter_boss" },
				"west": { "uv": [ 7.75, 9.5, 8, 9.75 ], "texture": "#painter_boss" },
				"east": { "uv": [ 6.25, 10.75, 6, 11 ], "texture": "#painter_boss" }
			}
		},
		{
			"__comment": "Voxels",
			"from": [ 0, 16, 4 ],
			"to": [ 6, 17, 21 ],
			"faces": {
				"down": { "uv": [ 8.25, 11.75, 9.75, 16 ], "texture": "#painter_boss" },
				"up": { "uv": [ 9.75, 16, 11.25, 11.75 ], "texture": "#painter_boss" },
				"north": { "uv": [ 7.75, 11.5, 6.25, 11.75 ], "texture": "#painter_boss" },
				"south": { "uv": [ 6.25, 11.25, 7.75, 11.5 ], "texture": "#painter_boss" },
				"west": { "uv": [ 11.25, 11.5, 15.5, 11.75 ], "texture": "#painter_boss" },
				"east": { "uv": [ 15.5, 11.25, 11.25, 11.5 ], "texture": "#painter_boss" }
			}
		},
		{
			"__comment": "Voxels",
			"from": [ 1, 17, 4 ],
			"to": [ 5, 18, 21 ],
			"faces": {
				"down": { "uv": [ 11.25, 11.75, 12.25, 16 ], "texture": "#painter_boss" },
				"up": { "uv": [ 12.25, 16, 13.25, 11.75 ], "texture": "#painter_boss" },
				"north": { "uv": [ 7.75, 10.25, 6.75, 10.5 ], "texture": "#painter_boss" },
				"south": { "uv": [ 6.75, 10, 7.75, 10.25 ], "texture": "#painter_boss" },
				"west": { "uv": [ 11.25, 10.5, 15.5, 10.75 ], "texture": "#painter_boss" },
				"east": { "uv": [ 15.5, 10.25, 11.25, 10.5 ], "texture": "#painter_boss" }
			}
		},
		{
			"__comment": "Voxels",
			"from": [ 2, 18, 4 ],
			"to": [ 4, 19, 21 ],
			"faces": {
				"down": { "uv": [ 13.25, 11.75, 13.75, 16 ], "texture": "#painter_boss" },
				"up": { "uv": [ 13.75, 16, 14.25, 11.75 ], "texture": "#painter_boss" },
				"north": { "uv": [ 6.25, 9.25, 5.75, 9.5 ], "texture": "#painter_boss" },
				"south": { "uv": [ 5.75, 9.5, 6.25, 9.75 ], "texture": "#painter_boss" },
				"west": { "uv": [ 11.25, 11, 15.5, 11.25 ], "texture": "#painter_boss" },
				"east": { "uv": [ 15.5, 10.75, 11.25, 11 ], "texture": "#painter_boss" }
			}
		},
		{
			"__comment": "Voxels",
			"from": [ 2, 19, 9 ],
			"to": [ 4, 22, 10 ],
			"faces": {
				"down": { "uv": [ 5.75, 10.5, 6.25, 10.75 ], "texture": "#painter_boss" },
				"up": { "uv": [ 5.75, 10.5, 6.25, 10.25 ], "texture": "#painter_boss" },
				"north": { "uv": [ 7.25, 10.5, 6.75, 11.25 ], "texture": "#painter_boss" },
				"south": { "uv": [ 7.25, 10.5, 7.75, 11.25 ], "texture": "#painter_boss" },
				"west": { "uv": [ 4, 10.75, 4.25, 11.5 ], "texture": "#painter_boss" },
				"east": { "uv": [ 4.25, 10, 4, 10.75 ], "texture": "#painter_boss" }
			}
		},
		{
			"__comment": "Voxels",
			"from": [ 2, 19, 15 ],
			"to": [ 4, 22, 16 ],
			"faces": {
				"down": { "uv": [ 7.75, 11.25, 8.25, 11.5 ], "texture": "#painter_boss" },
				"up": { "uv": [ 7.75, 11.75, 8.25, 11.5 ], "texture": "#painter_boss" },
				"north": { "uv": [ 6, 11, 5.5, 11.75 ], "texture": "#painter_boss" },
				"south": { "uv": [ 4.25, 8, 4.75, 8.75 ], "texture": "#painter_boss" },
				"west": { "uv": [ 4, 9.25, 4.25, 10 ], "texture": "#painter_boss" },
				"east": { "uv": [ 6.25, 11, 6, 11.75 ], "texture": "#painter_boss" }
			}
		},
		{
			"__comment": "Voxels",
			"from": [ 2, 22, 10 ],
			"to": [ 4, 23, 15 ],
			"faces": {
				"down": { "uv": [ 2, 8, 2.5, 9.25 ], "texture": "#painter_boss" },
				"up": { "uv": [ 2.5, 9.25, 3, 8 ], "texture": "#painter_boss" },
				"north": { "uv": [ 6.25, 10, 5.75, 10.25 ], "texture": "#painter_boss" },
				"south": { "uv": [ 5.75, 9.75, 6.25, 10 ], "texture": "#painter_boss" },
				"west": { "uv": [ 3, 8, 4.25, 8.25 ], "texture": "#painter_boss" },
				"east": { "uv": [ 4.25, 8.25, 3, 8.5 ], "texture": "#painter_boss" }
			}
		},
		{
			"__comment": "Voxels",
			"from": [ 2, 23, 11 ],
			"to": [ 5, 24, 12 ],
			"faces": {
				"down": { "uv": [ 6.25, 9.25, 7, 9.5 ], "texture": "#painter_boss" },
				"up": { "uv": [ 7, 9.5, 7.75, 9.25 ], "texture": "#painter_boss" },
				"north": { "uv": [ 7, 9, 6.25, 9.25 ], "texture": "#painter_boss" },
				"south": { "uv": [ 6.25, 8.75, 7, 9 ], "texture": "#painter_boss" },
				"west": { "uv": [ 1.75, 8, 2, 8.25 ], "texture": "#painter_boss" },
				"east": { "uv": [ 7, 8.25, 6.75, 8.5 ], "texture": "#painter_boss" }
			}
		},
		{
			"__comment": "Voxels",
			"from": [ 2, 24, 11 ],
			"to": [ 4, 27, 14 ],
			"faces": {
				"down": { "uv": [ 6.25, 10.5, 6.75, 11.25 ], "texture": "#painter_boss" },
				"up": { "uv": [ 5.75, 8.75, 6.25, 8 ], "texture": "#painter_boss" },
				"north": { "uv": [ 5.75, 8, 5.25, 8.75 ], "texture": "#painter_boss" },
				"south": { "uv": [ 4.75, 8, 5.25, 8.75 ], "texture": "#painter_boss" },
				"west": { "uv": [ 4.25, 11, 5, 11.75 ], "texture": "#painter_boss" },
				"east": { "uv": [ 3.75, 8.5, 3, 9.25 ], "texture": "#painter_boss" }
			}
		},
		{
			"__comment": "Voxels",
			"from": [ 3, 24, 14 ],
			"to": [ 5, 26, 15 ],
			"faces": {
				"down": { "uv": [ 5.75, 9, 6.25, 9.25 ], "texture": "#painter_boss" },
				"up": { "uv": [ 5.75, 9, 6.25, 8.75 ], "texture": "#painter_boss" },
				"north": { "uv": [ 6.75, 10, 6.25, 10.5 ], "texture": "#painter_boss" },
				"south": { "uv": [ 7.75, 10.75, 8.25, 11.25 ], "texture": "#painter_boss" },
				"west": { "uv": [ 1.75, 8.25, 2, 8.75 ], "texture": "#painter_boss" },
				"east": { "uv": [ 2, 8.75, 1.75, 9.25 ], "texture": "#painter_boss" }
			}
		},
		{
			"__comment": "Voxels",
			"from": [ 4, 24, 12 ],
			"to": [ 5, 27, 14 ],
			"faces": {
				"down": { "uv": [ 7.75, 10, 8, 10.5 ], "texture": "#painter_boss" },
				"up": { "uv": [ 8, 10.5, 8.25, 10 ], "texture": "#painter_boss" },
				"north": { "uv": [ 6.5, 8, 6.25, 8.75 ], "texture": "#painter_boss" },
				"south": { "uv": [ 6.5, 8, 6.75, 8.75 ], "texture": "#painter_boss" },
				"west": { "uv": [ 5, 11, 5.5, 11.75 ], "texture": "#painter_boss" },
				"east": { "uv": [ 4.25, 8.5, 3.75, 9.25 ], "texture": "#painter_boss" }
			}
		},
		{
			"__comment": "Voxels",
			"from": [ 4, 26, 14 ],
			"to": [ 5, 27, 15 ],
			"faces": {
				"down": { "uv": [ 6.75, 8, 7, 8.25 ], "texture": "#painter_boss" },
				"up": { "uv": [ 7, 9.25, 7.25, 9 ], "texture": "#painter_boss" },
				"north": { "uv": [ 7.5, 9, 7.25, 9.25 ], "texture": "#painter_boss" },
				"south": { "uv": [ 7.5, 9, 7.75, 9.25 ], "texture": "#painter_boss" },
				"west": { "uv": [ 7.75, 9, 8, 9.25 ], "texture": "#painter_boss" },
				"east": { "uv": [ 8.25, 9, 8, 9.25 ], "texture": "#painter_boss" }
			}
		}
	],
	"display": {
		"head": {
			"rotation":  [ 0, -95, 0 ],
			"translation":  [ 7.6511, -2.086, 13.216 ],
			"scale":  [ 2.2868, 2.0432, 2.1129 ]
		}
	}
}