{"__comment":"designed by hypixel minecraft server with bdcraft cubik pro 0.92 beta - http://bdcraft.net","textures":{"particle":"blocks/sith_master","texture":"blocks/sith_master"},"elements":[{"from":[7,2,14.5],"to":[9,7,15],"faces":{"down":{"uv":[7,13.5,9,14],"texture":"#texture"},"up":{"uv":[7,9,9,9.5],"texture":"#texture"},"north":{"uv":[7,9,9,14],"texture":"#texture"},"south":{"uv":[7,9,9,14],"texture":"#texture"},"west":{"uv":[7,9,7.5,14],"texture":"#texture"},"east":{"uv":[8.5,9,9,14],"texture":"#texture"}}},{"from":[6.5,1.5,14],"to":[7,6.5,15],"faces":{"down":{"uv":[6.5,14,7,14.5],"texture":"#texture"},"up":{"uv":[6.5,9.5,7,10],"texture":"#texture"},"north":{"uv":[6.5,9.5,7,14.5],"texture":"#texture"},"south":{"uv":[6.5,9.5,7,14.5],"texture":"#texture"},"west":{"uv":[6.5,9.5,7,14.5],"texture":"#texture"},"east":{"uv":[6.5,9.5,7,14.5],"texture":"#texture"}}},{"from":[9,1.5,14.5],"to":[9.5,6.5,15],"faces":{"down":{"uv":[9,14,9.5,14.5],"texture":"#texture"},"up":{"uv":[9,9.5,9.5,10],"texture":"#texture"},"south":{"uv":[9,9.5,9.5,14.5],"texture":"#texture"},"west":{"uv":[9,9.5,9.5,14.5],"texture":"#texture"},"east":{"uv":[9,9.5,9.5,14.5],"texture":"#texture"}}},{"from":[6,1.5,14],"to":[6.5,5,15],"faces":{"down":{"uv":[6,13.5,6.5,14.5],"texture":"#texture"},"up":{"uv":[6,11,6.5,12],"texture":"#texture"},"north":{"uv":[6,11,6.5,14.5],"texture":"#texture"},"south":{"uv":[6,11,6.5,14.5],"texture":"#texture"},"west":{"uv":[6,11,6.5,14.5],"texture":"#texture"}}},{"from":[9.5,1.5,14],"to":[10,5,15],"faces":{"down":{"uv":[9.5,14,10,15],"texture":"#texture"},"up":{"uv":[9.5,11,10,12],"texture":"#texture"},"north":{"uv":[9.5,11,10,14.5],"texture":"#texture"},"south":{"uv":[9.5,11,10,14.5],"texture":"#texture"},"west":{"uv":[9.5,11,10,14.5],"texture":"#texture"},"east":{"uv":[9.5,11,10,14.5],"texture":"#texture"}}},{"from":[6,1,13.5],"to":[6.5,6,14.5],"faces":{"down":{"uv":[6,14.5,6.5,15],"texture":"#texture"},"up":{"uv":[6,10,6.5,10.5],"texture":"#texture"},"south":{"uv":[6,10,6.5,15],"texture":"#texture"},"west":{"uv":[6,10,6.5,15],"texture":"#texture"},"east":{"uv":[6,10,6.5,15],"texture":"#texture"}}},{"from":[9.5,1,13.5],"to":[10,6,14.5],"faces":{"down":{"uv":[9.5,14.5,10,15],"texture":"#texture"},"up":{"uv":[9.5,10,10,10.5],"texture":"#texture"},"south":{"uv":[9.5,10,10,15],"texture":"#texture"},"west":{"uv":[9.5,10,10,15],"texture":"#texture"},"east":{"uv":[9.5,10,10,15],"texture":"#texture"}}},{"from":[10,1,13.5],"to":[10.5,5,14.5],"faces":{"down":{"uv":[5.5,14.5,6,15],"texture":"#texture"},"up":{"uv":[5.5,11,6,11.5],"texture":"#texture"},"south":{"uv":[5.5,11,6,15],"texture":"#texture"},"east":{"uv":[5.5,11,6,15],"texture":"#texture"}}},{"from":[5.5,1,13.5],"to":[6,5,14.5],"faces":{"down":{"uv":[5.5,14,6,15],"texture":"#texture"},"up":{"uv":[5.5,11,6,12],"texture":"#texture"},"south":{"uv":[5.5,11,6,15],"texture":"#texture"},"west":{"uv":[5.5,11,6,15],"texture":"#texture"}}},{"from":[5,0,12],"to":[11,7,13.5],"faces":{"down":{"uv":[5,15.5,11,16],"texture":"#texture","cullface":"down"},"up":{"uv":[5,9,11,9.5],"texture":"#texture"},"north":{"uv":[5,9,11,16],"texture":"#texture"},"south":{"uv":[5,9,11,16],"texture":"#texture"},"west":{"uv":[5,9,5.5,16],"texture":"#texture"},"east":{"uv":[10.5,9,11,16],"texture":"#texture"}}},{"from":[7,0.5,13.5],"to":[9,2,14.5],"faces":{"down":{"uv":[7,15,9,15.5],"texture":"#texture"},"up":{"uv":[7,14,9,14.5],"texture":"#texture"},"south":{"uv":[7,14,9,15.5],"texture":"#texture"},"west":{"uv":[7,14,7.5,15.5],"texture":"#texture"},"east":{"uv":[7,14,7.5,15.5],"texture":"#texture"}}},{"from":[6.5,0.5,13.5],"to":[7,1.5,14.5],"faces":{"down":{"uv":[6.5,15,7,15.5],"texture":"#texture"},"up":{"uv":[6.5,14.5,7,15],"texture":"#texture"},"south":{"uv":[6.5,14.5,7,15.5],"texture":"#texture"},"west":{"uv":[6.5,14.5,7,15.5],"texture":"#texture"}}},{"from":[9,0.5,13.5],"to":[9.5,1.5,14.5],"faces":{"down":{"uv":[6.5,15,7,15.5],"texture":"#texture"},"up":{"uv":[6.5,14.5,7,15],"texture":"#texture"},"south":{"uv":[6.5,14.5,7,15.5],"texture":"#texture"},"east":{"uv":[6.5,14.5,7,15.5],"texture":"#texture"}}},{"from":[6.5,2,13.5],"to":[9.5,7,14],"faces":{"down":{"uv":[6,9.5,6.5,9],"texture":"#texture"},"up":{"uv":[6,9,6.5,9.5],"texture":"#texture"},"south":{"uv":[6,9.5,6.5,9],"texture":"#texture"},"west":{"uv":[6,9,6.5,9.5],"texture":"#texture"},"east":{"uv":[6.5,9,6,9.5],"texture":"#texture"}}},{"from":[4.5,0.5,12],"to":[5,6.5,13],"faces":{"down":{"uv":[4.5,15,5,15.5],"texture":"#texture"},"north":{"uv":[4.5,9.5,5,15.5],"texture":"#texture"},"south":{"uv":[4.5,9.5,5,15.5],"texture":"#texture"},"west":{"uv":[4.5,9.5,5,15.5],"texture":"#texture"}}},{"from":[11,0.5,12],"to":[11.5,6.5,13],"faces":{"down":{"uv":[4.5,15,5,15.5],"texture":"#texture"},"north":{"uv":[4.5,9.5,5,15.5],"texture":"#texture"},"south":{"uv":[4.5,9.5,5,15.5],"texture":"#texture"},"east":{"uv":[4.5,9.5,5,15.5],"texture":"#texture"}}},{"from":[5.5,5,13.5],"to":[6,5.5,14],"faces":{"up":{"uv":[5.5,10.5,6,11],"texture":"#texture"},"south":{"uv":[5.5,11,6,10.5],"texture":"#texture"},"west":{"uv":[5.5,10.5,6,11],"texture":"#texture"}}},{"from":[10,5,13.5],"to":[10.5,5.5,14],"faces":{"up":{"uv":[5.5,10.5,6,11],"texture":"#texture"},"south":{"uv":[5.5,11,6,10.5],"texture":"#texture"},"east":{"uv":[6,10.5,5.5,11],"texture":"#texture"}}},{"from":[5,2,13.5],"to":[5.5,4.5,14],"faces":{"down":{"uv":[5,13.5,5.5,14],"texture":"#texture"},"up":{"uv":[5,13.5,5.5,14],"texture":"#texture"},"south":{"uv":[5,11.5,5.5,14],"texture":"#texture"},"west":{"uv":[5,11.5,5.5,14],"texture":"#texture"}}},{"from":[10.5,2,13.5],"to":[11,4.5,14],"faces":{"down":{"uv":[5,13.5,5.5,14],"texture":"#texture"},"up":{"uv":[5,13.5,5.5,14],"texture":"#texture"},"south":{"uv":[5,11.5,5.5,14],"texture":"#texture"},"east":{"uv":[5,11.5,5.5,14],"texture":"#texture"}}},{"from":[4.5,1.5,13],"to":[5,5,13.5],"faces":{"down":{"uv":[4.5,13,5,13.5],"texture":"#texture"},"up":{"uv":[4.5,13,5,13.5],"texture":"#texture"},"south":{"uv":[4.5,11,5,14.5],"texture":"#texture"},"west":{"uv":[4.5,11,5,14.5],"texture":"#texture"}}},{"from":[11,1.5,13],"to":[11.5,5,13.5],"faces":{"down":{"uv":[4.5,13,5,13.5],"texture":"#texture"},"up":{"uv":[4.5,13,5,13.5],"texture":"#texture"},"south":{"uv":[4.5,11,5,14.5],"texture":"#texture"},"east":{"uv":[4.5,11,5,14.5],"texture":"#texture"}}},{"from":[7,7,12.5],"to":[9,7.5,13.5],"faces":{"south":{"uv":[6.5,8.5,9.5,9],"texture":"#texture"},"west":{"uv":[6.5,8.5,7,9],"texture":"#texture"},"east":{"uv":[6.5,8.5,7,9],"texture":"#texture"}}},{"from":[4.5,6.5,12],"to":[5.5,7.5,13],"faces":{"down":{"uv":[5.5,9.5,4.5,8.5],"texture":"#texture"},"south":{"uv":[4.5,8.5,5.5,9.5],"texture":"#texture"},"west":{"uv":[4.5,8.5,5.5,9.5],"texture":"#texture"},"east":{"uv":[4.5,8.5,5.5,9.5],"texture":"#texture"}}},{"from":[10.5,6.5,12],"to":[11.5,7.5,13],"faces":{"down":{"uv":[10.5,8.5,11.5,9.5],"texture":"#texture"},"south":{"uv":[10.5,8.5,11.5,9.5],"texture":"#texture"},"west":{"uv":[10.5,8.5,11.5,9.5],"texture":"#texture"},"east":{"uv":[10.5,8.5,11.5,9.5],"texture":"#texture"}}},{"from":[4.5,7.5,12],"to":[6.5,8,13],"faces":{"down":{"uv":[11.5,13,9.5,12],"texture":"#texture"},"up":{"uv":[4.5,12,6.5,13],"texture":"#texture"},"south":{"uv":[4.5,8,6.5,8.5],"texture":"#texture"},"west":{"uv":[12,8,13,8.5],"texture":"#texture"}}},{"from":[9.5,7.5,12],"to":[11.5,8,13],"faces":{"down":{"uv":[6.5,13,4.5,12],"texture":"#texture"},"up":{"uv":[9.5,12,11.5,13],"texture":"#texture"},"south":{"uv":[9.5,8,11.5,8.5],"texture":"#texture"},"east":{"uv":[3.5,8,4.5,8.5],"texture":"#texture"}}},{"from":[6.5,7.5,12],"to":[9.5,8,13.5],"faces":{"down":{"uv":[6.5,8,9.5,9.5],"texture":"#texture"},"up":{"uv":[6.5,7,9.5,8.5],"texture":"#texture"},"south":{"uv":[6.5,8,9.5,8.5],"texture":"#texture"},"west":{"uv":[6.5,8,7,8.5],"texture":"#texture"},"east":{"uv":[9,8,9.5,8.5],"texture":"#texture"}}},{"from":[7,2,14],"to":[9,6.5,14.5],"faces":{"up":{"uv":[6,9,6.5,9.5],"texture":"#texture"}}},{"from":[4.5,8,12],"to":[5.5,8.5,13],"faces":{"south":{"uv":[4.5,7.5,5.5,8],"texture":"#texture"},"west":{"uv":[4,7.5,5,8],"texture":"#texture"},"east":{"uv":[5,7.5,6,8],"texture":"#texture"}}},{"from":[10.5,8,12],"to":[11.5,8.5,13],"faces":{"south":{"uv":[10.5,7.5,11.5,8],"texture":"#texture"},"west":{"uv":[10.5,7.5,11,8],"texture":"#texture"},"east":{"uv":[11,7.5,11.5,8],"texture":"#texture"}}},{"from":[5.5,8,12.5],"to":[6.5,8.5,13.5],"faces":{"down":{"uv":[5.5,8,6,7.5],"texture":"#texture"},"up":{"uv":[5.5,7.5,6,8],"texture":"#texture"},"north":{"uv":[5.5,7.5,6,8],"texture":"#texture"},"south":{"uv":[5.5,8,6,7.5],"texture":"#texture"},"west":{"uv":[5.5,7.5,6,8],"texture":"#texture"},"east":{"uv":[6,7.5,5.5,8],"texture":"#texture"}}},{"from":[6.5,8,13],"to":[9.5,8.5,14],"faces":{"down":{"uv":[6.5,7.5,9.5,8],"texture":"#texture"},"up":{"uv":[6.5,7.5,9.5,8],"texture":"#texture"},"north":{"uv":[6.5,7.5,9.5,8],"texture":"#texture"},"south":{"uv":[6.5,7.5,9.5,8],"texture":"#texture"},"west":{"uv":[6.5,7.5,7.5,8],"texture":"#texture"},"east":{"uv":[9,7.5,10,8],"texture":"#texture"}}},{"from":[9.5,8,12.5],"to":[10.5,8.5,13.5],"faces":{"down":{"uv":[9.5,8,10,7.5],"texture":"#texture"},"up":{"uv":[9.5,7.5,10,8],"texture":"#texture"},"north":{"uv":[9.5,7.5,10,8],"texture":"#texture"},"south":{"uv":[9.5,8,10,7.5],"texture":"#texture"},"west":{"uv":[9.5,7.5,10,8],"texture":"#texture"},"east":{"uv":[10,7.5,9.5,8],"texture":"#texture"}}},{"from":[4.5,8.5,12],"to":[6.5,9,13],"faces":{"down":{"uv":[4.5,7.5,5,7],"texture":"#texture"},"up":{"uv":[4.5,7,5,7.5],"texture":"#texture"},"south":{"uv":[4.5,7.5,5,7],"texture":"#texture"},"west":{"uv":[4.5,7,5,7.5],"texture":"#texture"},"east":{"uv":[5,7,4.5,7.5],"texture":"#texture"}}},{"from":[6.5,7,12.5],"to":[9.5,7.5,13],"faces":{"south":{"uv":[6.5,8.5,9.5,9],"texture":"#texture"},"west":{"uv":[6.5,8.5,7,9],"texture":"#texture"},"east":{"uv":[6.5,8.5,7,9],"texture":"#texture"}}},{"from":[5.5,7,12],"to":[10.5,7.5,12.5],"faces":{"up":{"uv":[5.5,12,10.5,12.5],"texture":"#texture"},"south":{"uv":[5.5,8.5,10.5,9],"texture":"#texture"}}},{"from":[9.5,8.5,12],"to":[11.5,9,13],"faces":{"down":{"uv":[4.5,7.5,5,7],"texture":"#texture"},"up":{"uv":[4.5,7,5,7.5],"texture":"#texture"},"south":{"uv":[4.5,7.5,5,7],"texture":"#texture"},"west":{"uv":[4.5,7,5,7.5],"texture":"#texture"},"east":{"uv":[5,7,4.5,7.5],"texture":"#texture"}}},{"from":[6.5,8.5,12.5],"to":[9.5,9,13.5],"faces":{"down":{"uv":[4.5,7.5,5,7],"texture":"#texture"},"north":{"uv":[4.5,7,5,7.5],"texture":"#texture"},"south":{"uv":[4.5,7.5,5,7],"texture":"#texture"},"west":{"uv":[4.5,7,5,7.5],"texture":"#texture"},"east":{"uv":[5,7,4.5,7.5],"texture":"#texture"}}},{"from":[4.5,9,11.5],"to":[5.5,9.5,12.5],"faces":{"down":{"uv":[4.5,6.5,5.5,7.5],"texture":"#texture"},"south":{"uv":[4.5,6.5,5.5,7],"texture":"#texture"},"west":{"uv":[4,6.5,5,7],"texture":"#texture"},"east":{"uv":[5,6.5,6,7],"texture":"#texture"}}},{"from":[5.5,9,12],"to":[6.5,9.5,13],"faces":{"north":{"uv":[5.5,6.5,6,7],"texture":"#texture"},"south":{"uv":[5.5,7,6,6.5],"texture":"#texture"},"west":{"uv":[5.5,6.5,6,7],"texture":"#texture"},"east":{"uv":[6,6.5,5.5,7],"texture":"#texture"}}},{"from":[6.5,9,12.5],"to":[9.5,9.5,13.5],"faces":{"north":{"uv":[6.5,6.5,9.5,7],"texture":"#texture"},"south":{"uv":[6.5,6.5,9.5,7],"texture":"#texture"},"west":{"uv":[6.5,6.5,7.5,7],"texture":"#texture"},"east":{"uv":[9,6.5,10,7],"texture":"#texture"}}},{"from":[9.5,9,12],"to":[10.5,9.5,13],"faces":{"north":{"uv":[9.5,6.5,10,7],"texture":"#texture"},"south":{"uv":[9.5,7,10,6.5],"texture":"#texture"},"west":{"uv":[9.5,6.5,10,7],"texture":"#texture"},"east":{"uv":[10,6.5,9.5,7],"texture":"#texture"}}},{"from":[10.5,9,11.5],"to":[11.5,9.5,12.5],"faces":{"down":{"uv":[10.5,6.5,11.5,7.5],"texture":"#texture"},"south":{"uv":[10.5,6.5,11.5,7],"texture":"#texture"},"west":{"uv":[10,6.5,11,7],"texture":"#texture"},"east":{"uv":[11,6.5,12,7],"texture":"#texture"}}},{"from":[9,1.5,14],"to":[9.5,6.5,14.5],"faces":{"up":{"uv":[9.5,10,10,10.5],"texture":"#texture"},"north":{"uv":[9.5,10,10,15],"texture":"#texture"},"west":{"uv":[9.5,10,10,15],"texture":"#texture"},"east":{"uv":[9.5,10,10,15],"texture":"#texture"}}},{"from":[5.5,9.5,12],"to":[6.5,10,13],"faces":{"up":{"uv":[4.5,7,5,7.5],"texture":"#texture"},"north":{"uv":[4.5,7,5,7.5],"texture":"#texture"},"south":{"uv":[4.5,7.5,5,7],"texture":"#texture"},"west":{"uv":[4.5,7,5,7.5],"texture":"#texture"},"east":{"uv":[5,7,4.5,7.5],"texture":"#texture"}}},{"from":[6.5,9.5,12.5],"to":[9.5,10,13.5],"faces":{"up":{"uv":[4.5,7,5,7.5],"texture":"#texture"},"north":{"uv":[4.5,7,5,7.5],"texture":"#texture"},"south":{"uv":[4.5,7.5,5,7],"texture":"#texture"},"west":{"uv":[4.5,7,5,7.5],"texture":"#texture"},"east":{"uv":[5,7,4.5,7.5],"texture":"#texture"}}},{"from":[9.5,9.5,12],"to":[10.5,10,13],"faces":{"up":{"uv":[4.5,7,5,7.5],"texture":"#texture"},"north":{"uv":[4.5,7,5,7.5],"texture":"#texture"},"south":{"uv":[4.5,7.5,5,7],"texture":"#texture"},"west":{"uv":[4.5,7,5,7.5],"texture":"#texture"},"east":{"uv":[5,7,4.5,7.5],"texture":"#texture"}}},{"from":[4.5,9.5,11.5],"to":[5.5,10,12.5],"faces":{"up":{"uv":[4.5,7,5,7.5],"texture":"#texture"},"south":{"uv":[4.5,7.5,5,7],"texture":"#texture"},"west":{"uv":[4.5,7,5,7.5],"texture":"#texture"},"east":{"uv":[5,7,4.5,7.5],"texture":"#texture"}}},{"from":[10.5,9.5,11.5],"to":[11.5,10,12.5],"faces":{"up":{"uv":[4.5,7,5,7.5],"texture":"#texture"},"south":{"uv":[4.5,7.5,5,7],"texture":"#texture"},"west":{"uv":[4.5,7,5,7.5],"texture":"#texture"},"east":{"uv":[5,7,4.5,7.5],"texture":"#texture"}}},{"from":[4.5,10,11],"to":[5.5,10.5,12],"faces":{"down":{"uv":[4.5,6.5,5.5,7.5],"texture":"#texture"},"up":{"uv":[4.5,6,5.5,7],"texture":"#texture"},"south":{"uv":[4.5,6.5,5.5,7],"texture":"#texture"},"west":{"uv":[4,6.5,5,7],"texture":"#texture"},"east":{"uv":[5,6.5,6,7],"texture":"#texture"}}},{"from":[5.5,10,11.5],"to":[6.5,10.5,12.5],"faces":{"down":{"uv":[5.5,7,6,6.5],"texture":"#texture"},"up":{"uv":[5.5,6.5,6,7],"texture":"#texture"},"north":{"uv":[5.5,6.5,6,7],"texture":"#texture"},"south":{"uv":[5.5,7,6,6.5],"texture":"#texture"},"west":{"uv":[5.5,6.5,6,7],"texture":"#texture"},"east":{"uv":[6,6.5,5.5,7],"texture":"#texture"}}},{"from":[6.5,10,12],"to":[9.5,10.5,13],"faces":{"down":{"uv":[6.5,5.5,9.5,6],"texture":"#texture"},"up":{"uv":[6.5,5.5,9.5,6],"texture":"#texture"},"north":{"uv":[6.5,5.5,9.5,6],"texture":"#texture"},"south":{"uv":[6.5,5.5,9.5,6],"texture":"#texture"},"west":{"uv":[6.5,5.5,7.5,6],"texture":"#texture"},"east":{"uv":[9,5.5,10,6],"texture":"#texture"}}},{"from":[9.5,10,11.5],"to":[10.5,10.5,12.5],"faces":{"down":{"uv":[9.5,5.5,10.5,6],"texture":"#texture"},"up":{"uv":[9.5,5.5,10.5,6],"texture":"#texture"},"north":{"uv":[9.5,5.5,10.5,6],"texture":"#texture"},"south":{"uv":[9.5,5.5,10.5,6],"texture":"#texture"},"west":{"uv":[9.5,5.5,10,6],"texture":"#texture"},"east":{"uv":[10,5.5,10.5,6],"texture":"#texture"}}},{"from":[10.5,10,11],"to":[11.5,10.5,12],"faces":{"down":{"uv":[10.5,5.5,11.5,6],"texture":"#texture"},"up":{"uv":[10.5,5.5,11.5,6],"texture":"#texture"},"south":{"uv":[10.5,5.5,11.5,6],"texture":"#texture"},"west":{"uv":[10.5,5.5,11,6],"texture":"#texture"},"east":{"uv":[11,5.5,12,6],"texture":"#texture"}}},{"from":[4,2,4],"to":[12,9,12],"faces":{"down":{"uv":[0.5,6,1,6.5],"texture":"#texture"},"up":{"uv":[0.5,6,1,6.5],"texture":"#texture"},"north":{"uv":[0.5,6,1,14],"texture":"#texture"},"south":{"uv":[0.5,6,1,14],"texture":"#texture"},"west":{"uv":[0.5,6,1,14],"texture":"#texture"},"east":{"uv":[0.5,6,1,14],"texture":"#texture"}}},{"from":[11.5,2,12],"to":[12,8.5,12.5],"faces":{"down":{"uv":[4,13.5,4.5,13],"texture":"#texture"},"up":{"uv":[4,13,4.5,13.5],"texture":"#texture"},"south":{"uv":[4,13.5,4.5,13],"texture":"#texture"},"west":{"uv":[4,13,4.5,13.5],"texture":"#texture"},"east":{"uv":[4.5,13,4,13.5],"texture":"#texture"}}},{"from":[11.5,3,12.5],"to":[12,5.5,13],"faces":{"down":{"uv":[4,13,4.5,12.5],"texture":"#texture"},"up":{"uv":[4,12.5,4.5,13],"texture":"#texture"},"south":{"uv":[4,13,4.5,12.5],"texture":"#texture"},"east":{"uv":[4.5,12.5,4,13],"texture":"#texture"}}},{"from":[4,2,12],"to":[4.5,8.5,12.5],"faces":{"down":{"uv":[4,13.5,4.5,13],"texture":"#texture"},"up":{"uv":[4,13,4.5,13.5],"texture":"#texture"},"south":{"uv":[4,13.5,4.5,13],"texture":"#texture"},"west":{"uv":[4,13,4.5,13.5],"texture":"#texture"},"east":{"uv":[4.5,13,4,13.5],"texture":"#texture"}}},{"from":[4,3,12.5],"to":[4.5,5.5,13],"faces":{"down":{"uv":[4,13,4.5,12.5],"texture":"#texture"},"up":{"uv":[4,12.5,4.5,13],"texture":"#texture"},"south":{"uv":[4,13,4.5,12.5],"texture":"#texture"},"west":{"uv":[4,12.5,4.5,13],"texture":"#texture"}}},{"from":[3.5,1.5,10.5],"to":[12.5,8.5,11.5],"faces":{"down":{"uv":[4,13,4.5,12.5],"texture":"#texture"},"up":{"uv":[4,12.5,4.5,13],"texture":"#texture"},"north":{"uv":[4,12.5,4.5,13],"texture":"#texture"},"south":{"uv":[4,13,4.5,12.5],"texture":"#texture"},"west":{"uv":[4,12.5,4.5,13],"texture":"#texture"},"east":{"uv":[4.5,12.5,4,13],"texture":"#texture"}}},{"from":[3.5,2,9.5],"to":[12.5,9,10.5],"faces":{"down":{"uv":[4,13,4.5,12.5],"texture":"#texture"},"north":{"uv":[4,12.5,4.5,13],"texture":"#texture"},"south":{"uv":[4,13,4.5,12.5],"texture":"#texture"},"west":{"uv":[4,12.5,4.5,13],"texture":"#texture"},"east":{"uv":[4.5,12.5,4,13],"texture":"#texture"}}},{"from":[3.5,2.5,8.5],"to":[12.5,9.5,9.5],"faces":{"down":{"uv":[3.5,13,4,12.5],"texture":"#texture"},"up":{"uv":[3.5,12.5,4,13],"texture":"#texture"},"north":{"uv":[3.5,12.5,4,13],"texture":"#texture"},"south":{"uv":[3.5,13,4,12.5],"texture":"#texture"},"west":{"uv":[3.5,12.5,4,13],"texture":"#texture"},"east":{"uv":[4,12.5,3.5,13],"texture":"#texture"}}},{"from":[3.5,3,7.5],"to":[12.5,10,8.5],"faces":{"down":{"uv":[3.5,13,4,12.5],"texture":"#texture"},"north":{"uv":[3.5,12.5,4,13],"texture":"#texture"},"south":{"uv":[3.5,13,4,12.5],"texture":"#texture"},"west":{"uv":[3.5,12.5,4,13],"texture":"#texture"},"east":{"uv":[4,12.5,3.5,13],"texture":"#texture"}}},{"from":[3.5,3.5,6.5],"to":[12.5,9,7.5],"faces":{"down":{"uv":[3.5,13,4,12.5],"texture":"#texture"},"up":{"uv":[3.5,12.5,4,13],"texture":"#texture"},"north":{"uv":[3.5,12.5,4,13],"texture":"#texture"},"west":{"uv":[3.5,12.5,4,13],"texture":"#texture"},"east":{"uv":[4,12.5,3.5,13],"texture":"#texture"}}},{"from":[3.5,4,5],"to":[12.5,10,6.5],"faces":{"down":{"uv":[4,13,4.5,12.5],"texture":"#texture"},"up":{"uv":[4,12.5,4.5,13],"texture":"#texture"},"north":{"uv":[4,12.5,4.5,13],"texture":"#texture"},"south":{"uv":[4,13,4.5,12.5],"texture":"#texture"},"west":{"uv":[4,12.5,4.5,13],"texture":"#texture"},"east":{"uv":[4.5,12.5,4,13],"texture":"#texture"}}},{"from":[3.5,4.5,4],"to":[4,9.5,5],"faces":{"down":{"uv":[4,13,4.5,12.5],"texture":"#texture"},"up":{"uv":[4,12.5,4.5,13],"texture":"#texture"},"north":{"uv":[4,12.5,4.5,13],"texture":"#texture"},"west":{"uv":[4,12.5,4.5,13],"texture":"#texture"},"east":{"uv":[4.5,12.5,4,13],"texture":"#texture"}}},{"from":[3,2,10],"to":[13,4,11],"faces":{"down":{"uv":[4,13,4.5,12.5],"texture":"#texture"},"up":{"uv":[4,12.5,4.5,13],"texture":"#texture"},"north":{"uv":[4,12.5,4.5,13],"texture":"#texture"},"south":{"uv":[4,13,4.5,12.5],"texture":"#texture"},"west":{"uv":[4,12.5,4.5,13],"texture":"#texture"},"east":{"uv":[4.5,12.5,4,13],"texture":"#texture"}}},{"from":[3,2.5,9],"to":[13,6.5,10],"faces":{"down":{"uv":[3.5,13,4,12.5],"texture":"#texture"},"up":{"uv":[3.5,12.5,4,13],"texture":"#texture"},"north":{"uv":[3.5,12.5,4,13],"texture":"#texture"},"south":{"uv":[3.5,13,4,12.5],"texture":"#texture"},"west":{"uv":[3.5,12.5,4,13],"texture":"#texture"},"east":{"uv":[4,12.5,3.5,13],"texture":"#texture"}}},{"from":[3,3,8],"to":[13,7.5,9],"faces":{"down":{"uv":[3.5,13.5,4,13],"texture":"#texture"},"up":{"uv":[3.5,13,4,13.5],"texture":"#texture"},"north":{"uv":[3.5,13,4,13.5],"texture":"#texture"},"south":{"uv":[3.5,13.5,4,13],"texture":"#texture"},"west":{"uv":[3.5,13,4,13.5],"texture":"#texture"},"east":{"uv":[4,13,3.5,13.5],"texture":"#texture"}}},{"from":[3,3.5,7],"to":[13,6.5,8],"faces":{"down":{"uv":[3.5,13.5,4,13],"texture":"#texture"},"up":{"uv":[3.5,13,4,13.5],"texture":"#texture"},"north":{"uv":[3.5,13,4,13.5],"texture":"#texture"},"west":{"uv":[3.5,13,4,13.5],"texture":"#texture"},"east":{"uv":[4,13,3.5,13.5],"texture":"#texture"}}},{"from":[3,4,6],"to":[13,6,7],"faces":{"down":{"uv":[3.5,13,4,12.5],"texture":"#texture"},"up":{"uv":[3.5,12.5,4,13],"texture":"#texture"},"north":{"uv":[3.5,12.5,4,13],"texture":"#texture"},"west":{"uv":[3.5,12.5,4,13],"texture":"#texture"},"east":{"uv":[4,12.5,3.5,13],"texture":"#texture"}}},{"from":[3,6.5,9],"to":[13,7,9.5],"faces":{"up":{"uv":[3.5,12.5,4,13],"texture":"#texture"},"south":{"uv":[3.5,13,4,12.5],"texture":"#texture"},"west":{"uv":[3.5,12.5,4,13],"texture":"#texture"},"east":{"uv":[4,12.5,3.5,13],"texture":"#texture"}}},{"from":[3,4,10],"to":[13,5.5,10.5],"faces":{"up":{"uv":[4,12.5,4.5,13],"texture":"#texture"},"south":{"uv":[4,13,4.5,12.5],"texture":"#texture"},"west":{"uv":[4,12.5,4.5,13],"texture":"#texture"},"east":{"uv":[4.5,12.5,4,13],"texture":"#texture"}}},{"from":[3,4.5,5],"to":[13,5.5,6],"faces":{"down":{"uv":[4,13,4.5,12.5],"texture":"#texture"},"up":{"uv":[4,12.5,4.5,13],"texture":"#texture"},"north":{"uv":[4,12.5,4.5,13],"texture":"#texture"},"west":{"uv":[4,12.5,4.5,13],"texture":"#texture"},"east":{"uv":[4.5,12.5,4,13],"texture":"#texture"}}},{"from":[2.5,4.5,6],"to":[13.5,5,7.5],"faces":{"down":{"uv":[3.5,13.5,4,13],"texture":"#texture"},"up":{"uv":[3.5,13,4,13.5],"texture":"#texture"},"north":{"uv":[3.5,13,4,13.5],"texture":"#texture"},"south":{"uv":[3.5,13.5,4,13],"texture":"#texture"},"west":{"uv":[3.5,13,4,13.5],"texture":"#texture"},"east":{"uv":[4,13,3.5,13.5],"texture":"#texture"}}},{"from":[2.5,4,7],"to":[13.5,4.5,8.5],"faces":{"down":{"uv":[3.5,13.5,4,13],"texture":"#texture"},"up":{"uv":[3.5,13,4,13.5],"texture":"#texture"},"north":{"uv":[3.5,13,4,13.5],"texture":"#texture"},"south":{"uv":[3.5,13.5,4,13],"texture":"#texture"},"west":{"uv":[3.5,13,4,13.5],"texture":"#texture"},"east":{"uv":[4,13,3.5,13.5],"texture":"#texture"}}},{"from":[2.5,3.5,8.5],"to":[13.5,4,9.5],"faces":{"down":{"uv":[3.5,13.5,4,13],"texture":"#texture"},"up":{"uv":[3.5,13,4,13.5],"texture":"#texture"},"north":{"uv":[3.5,13,4,13.5],"texture":"#texture"},"south":{"uv":[3.5,13.5,4,13],"texture":"#texture"},"west":{"uv":[3.5,13,4,13.5],"texture":"#texture"},"east":{"uv":[4,13,3.5,13.5],"texture":"#texture"}}},{"from":[2.5,3,9],"to":[13.5,3.5,10],"faces":{"down":{"uv":[3.5,13,4,12.5],"texture":"#texture"},"up":{"uv":[3.5,12.5,4,13],"texture":"#texture"},"north":{"uv":[3.5,12.5,4,13],"texture":"#texture"},"south":{"uv":[3.5,13,4,12.5],"texture":"#texture"},"west":{"uv":[3.5,12.5,4,13],"texture":"#texture"},"east":{"uv":[4,12.5,3.5,13],"texture":"#texture"}}},{"from":[3.5,2.5,11.5],"to":[12.5,7.5,12],"faces":{"down":{"uv":[4,13,4.5,12.5],"texture":"#texture"},"up":{"uv":[4,12.5,4.5,13],"texture":"#texture"},"south":{"uv":[4,13,4.5,12.5],"texture":"#texture"},"west":{"uv":[4,12.5,4.5,13],"texture":"#texture"},"east":{"uv":[4.5,12.5,4,13],"texture":"#texture"}}},{"from":[12,4.5,4],"to":[12.5,9.5,5],"faces":{"down":{"uv":[4,13,4.5,12.5],"texture":"#texture"},"up":{"uv":[4,12.5,4.5,13],"texture":"#texture"},"north":{"uv":[4,12.5,4.5,13],"texture":"#texture"},"west":{"uv":[4,12.5,4.5,13],"texture":"#texture"},"east":{"uv":[4.5,12.5,4,13],"texture":"#texture"}}},{"from":[3,6.5,7.5],"to":[13,7,8],"faces":{"up":{"uv":[3.5,13,4,13.5],"texture":"#texture"},"north":{"uv":[3.5,13,4,13.5],"texture":"#texture"},"west":{"uv":[3.5,13,4,13.5],"texture":"#texture"},"east":{"uv":[4,13,3.5,13.5],"texture":"#texture"}}},{"from":[3.5,9,6.5],"to":[12.5,10,7],"faces":{"south":{"uv":[4,13,4.5,12.5],"texture":"#texture"},"west":{"uv":[4,12.5,4.5,13],"texture":"#texture"},"east":{"uv":[4.5,12.5,4,13],"texture":"#texture"}}},{"from":[3.5,9.5,7],"to":[12.5,10,7.5],"faces":{"west":{"uv":[4,12.5,4.5,13],"texture":"#texture"},"east":{"uv":[4.5,12.5,4,13],"texture":"#texture"}}},{"from":[3.5,9,7],"to":[12.5,9.5,7.5],"faces":{"west":{"uv":[3.5,12.5,4,13],"texture":"#texture"},"east":{"uv":[4,12.5,3.5,13],"texture":"#texture"}}},{"from":[4,4.5,3.5],"to":[6.5,9.5,4],"faces":{"down":{"uv":[4,13,4.5,12.5],"texture":"#texture"},"up":{"uv":[4,12.5,4.5,13],"texture":"#texture"},"north":{"uv":[4,12.5,4.5,13],"texture":"#texture"},"south":{"uv":[4,13,4.5,12.5],"texture":"#texture"},"west":{"uv":[4,12.5,4.5,13],"texture":"#texture"},"east":{"uv":[4.5,12.5,4,13],"texture":"#texture"}}},{"from":[5,5,3],"to":[11,9.5,3.5],"faces":{"down":{"uv":[4,13,4.5,12.5],"texture":"#texture"},"up":{"uv":[4,12.5,4.5,13],"texture":"#texture"},"north":{"uv":[4,12.5,4.5,13],"texture":"#texture"},"south":{"uv":[4,13,4.5,12.5],"texture":"#texture"},"west":{"uv":[4,12.5,4.5,13],"texture":"#texture"},"east":{"uv":[4.5,12.5,4,13],"texture":"#texture"}}},{"from":[6.5,5.5,2.5],"to":[9.5,10,5],"faces":{"down":{"uv":[3.5,13,4,12.5],"texture":"#texture"},"up":{"uv":[3.5,12.5,4,13],"texture":"#texture"},"north":{"uv":[3.5,12.5,4,13],"texture":"#texture"},"west":{"uv":[3.5,12.5,4,13],"texture":"#texture"},"east":{"uv":[4,12.5,3.5,13],"texture":"#texture"}}},{"from":[3,5,4],"to":[3.5,5.5,5],"faces":{"down":{"uv":[3.5,13,4,12.5],"texture":"#texture"},"up":{"uv":[3.5,12.5,4,13],"texture":"#texture"},"north":{"uv":[3.5,12.5,4,13],"texture":"#texture"},"west":{"uv":[3.5,12.5,4,13],"texture":"#texture"}}},{"from":[3.5,5.5,3.5],"to":[12.5,6,4],"faces":{"down":{"uv":[3.5,13,4,12.5],"texture":"#texture"},"up":{"uv":[3.5,12.5,4,13],"texture":"#texture"},"north":{"uv":[3.5,12.5,4,13],"texture":"#texture"},"south":{"uv":[3.5,13,4,12.5],"texture":"#texture"},"west":{"uv":[3.5,12.5,4,13],"texture":"#texture"},"east":{"uv":[4,12.5,3.5,13],"texture":"#texture"}}},{"from":[4,5.5,3],"to":[5,6,3.5],"faces":{"down":{"uv":[3.5,13,4,12.5],"texture":"#texture"},"up":{"uv":[3.5,12.5,4,13],"texture":"#texture"},"north":{"uv":[3.5,12.5,4,13],"texture":"#texture"},"west":{"uv":[3.5,12.5,4,13],"texture":"#texture"}}},{"from":[11,5.5,3],"to":[12,6,3.5],"faces":{"down":{"uv":[3.5,13,4,12.5],"texture":"#texture"},"up":{"uv":[3.5,12.5,4,13],"texture":"#texture"},"north":{"uv":[3.5,12.5,4,13],"texture":"#texture"},"east":{"uv":[4,12.5,3.5,13],"texture":"#texture"}}},{"from":[12.5,5,4],"to":[13,5.5,5],"faces":{"down":{"uv":[3.5,13,4,12.5],"texture":"#texture"},"up":{"uv":[3.5,12.5,4,13],"texture":"#texture"},"north":{"uv":[3.5,12.5,4,13],"texture":"#texture"},"east":{"uv":[4,12.5,3.5,13],"texture":"#texture"}}},{"from":[3.5,5,3.5],"to":[4,5.5,4],"faces":{"down":{"uv":[4,13,4.5,12.5],"texture":"#texture"},"north":{"uv":[4,12.5,4.5,13],"texture":"#texture"},"west":{"uv":[4,12.5,4.5,13],"texture":"#texture"}}},{"from":[12,5,3.5],"to":[12.5,5.5,4],"faces":{"down":{"uv":[4,13,4.5,12.5],"texture":"#texture"},"north":{"uv":[4,12.5,4.5,13],"texture":"#texture"},"east":{"uv":[4.5,12.5,4,13],"texture":"#texture"}}},{"from":[4.5,6,3],"to":[5,7.5,3.5],"faces":{"up":{"uv":[4,12.5,4.5,13],"texture":"#texture"},"north":{"uv":[4,12.5,4.5,13],"texture":"#texture"},"west":{"uv":[4,12.5,4.5,13],"texture":"#texture"}}},{"from":[11,6,3],"to":[11.5,7.5,3.5],"faces":{"up":{"uv":[4,12.5,4.5,13],"texture":"#texture"},"north":{"uv":[4,12.5,4.5,13],"texture":"#texture"},"east":{"uv":[4.5,12.5,4,13],"texture":"#texture"}}},{"from":[3.5,6,3.5],"to":[4,7,4],"faces":{"up":{"uv":[4,12.5,4.5,13],"texture":"#texture"},"north":{"uv":[4,12.5,4.5,13],"texture":"#texture"},"west":{"uv":[4,12.5,4.5,13],"texture":"#texture"}}},{"from":[12,6,3.5],"to":[12.5,7,4],"faces":{"up":{"uv":[4,12.5,4.5,13],"texture":"#texture"},"north":{"uv":[4,12.5,4.5,13],"texture":"#texture"},"east":{"uv":[4.5,12.5,4,13],"texture":"#texture"}}},{"from":[5,6,2.5],"to":[6.5,6.5,3],"faces":{"down":{"uv":[3.5,13,4,12.5],"texture":"#texture"},"up":{"uv":[3.5,12.5,4,13],"texture":"#texture"},"north":{"uv":[3.5,12.5,4,13],"texture":"#texture"},"west":{"uv":[3.5,12.5,4,13],"texture":"#texture"}}},{"from":[9.5,6,2.5],"to":[11,6.5,3],"faces":{"down":{"uv":[3.5,13,4,12.5],"texture":"#texture"},"up":{"uv":[3.5,12.5,4,13],"texture":"#texture"},"north":{"uv":[3.5,12.5,4,13],"texture":"#texture"},"east":{"uv":[4,12.5,3.5,13],"texture":"#texture"}}},{"from":[6,6.5,2],"to":[10,7,2.5],"faces":{"down":{"uv":[3.5,13,4,12.5],"texture":"#texture"},"up":{"uv":[3.5,12.5,4,13],"texture":"#texture"},"north":{"uv":[3.5,12.5,4,13],"texture":"#texture"},"south":{"uv":[3.5,13,4,12.5],"texture":"#texture"},"west":{"uv":[3.5,12.5,4,13],"texture":"#texture"},"east":{"uv":[4,12.5,3.5,13],"texture":"#texture"}}},{"from":[6,6.5,2.5],"to":[6.5,8.5,3],"faces":{"up":{"uv":[3.5,12.5,4,13],"texture":"#texture"},"north":{"uv":[3.5,12.5,4,13],"texture":"#texture"},"west":{"uv":[3.5,12.5,4,13],"texture":"#texture"}}},{"from":[9.5,6.5,2.5],"to":[10,8.5,3],"faces":{"up":{"uv":[3.5,12.5,4,13],"texture":"#texture"},"north":{"uv":[3.5,12.5,4,13],"texture":"#texture"},"east":{"uv":[4,12.5,3.5,13],"texture":"#texture"}}},{"from":[5.5,6.5,2.5],"to":[6,7.5,3],"faces":{"up":{"uv":[4,12.5,4.5,13],"texture":"#texture"},"north":{"uv":[4,12.5,4.5,13],"texture":"#texture"},"west":{"uv":[4,12.5,4.5,13],"texture":"#texture"}}},{"from":[10,6.5,2.5],"to":[10.5,7.5,3],"faces":{"up":{"uv":[4,12.5,4.5,13],"texture":"#texture"},"north":{"uv":[4,12.5,4.5,13],"texture":"#texture"},"east":{"uv":[4.5,12.5,4,13],"texture":"#texture"}}},{"from":[9.5,4.5,3.5],"to":[12,9.5,4],"faces":{"down":{"uv":[4,13,4.5,12.5],"texture":"#texture"},"up":{"uv":[4,12.5,4.5,13],"texture":"#texture"},"north":{"uv":[4,12.5,4.5,13],"texture":"#texture"},"south":{"uv":[4,13,4.5,12.5],"texture":"#texture"},"west":{"uv":[4,12.5,4.5,13],"texture":"#texture"},"east":{"uv":[4.5,12.5,4,13],"texture":"#texture"}}},{"from":[6.5,10.5,11.5],"to":[9.5,11,12.5],"faces":{"down":{"uv":[4.5,7.5,5,7],"texture":"#texture"},"up":{"uv":[4.5,7,5,7.5],"texture":"#texture"},"south":{"uv":[4.5,7.5,5,7],"texture":"#texture"},"west":{"uv":[4.5,7,5,7.5],"texture":"#texture"},"east":{"uv":[5,7,4.5,7.5],"texture":"#texture"}}},{"from":[3.5,9.5,8.5],"to":[12.5,10,9],"faces":{"up":{"uv":[3.5,12.5,4,13],"texture":"#texture"},"south":{"uv":[3.5,13,4,12.5],"texture":"#texture"},"west":{"uv":[3.5,12.5,4,13],"texture":"#texture"},"east":{"uv":[4,12.5,3.5,13],"texture":"#texture"}}},{"from":[3.5,9,9.5],"to":[12.5,9.5,10.5],"faces":{"up":{"uv":[4,12.5,4.5,13],"texture":"#texture"},"south":{"uv":[4,13,4.5,12.5],"texture":"#texture"},"west":{"uv":[4,12.5,4.5,13],"texture":"#texture"},"east":{"uv":[4.5,12.5,4,13],"texture":"#texture"}}},{"from":[4,9,10.5],"to":[12,10,11.5],"faces":{"up":{"uv":[3.5,12.5,4,13],"texture":"#texture"},"north":{"uv":[3.5,12.5,4,13],"texture":"#texture"},"south":{"uv":[3.5,13,4,12.5],"texture":"#texture"},"west":{"uv":[3.5,12.5,4,13],"texture":"#texture"},"east":{"uv":[4,12.5,3.5,13],"texture":"#texture"}}},{"from":[4,9.5,8.5],"to":[12,10.5,10.5],"faces":{"down":{"uv":[3.5,13,4,12.5],"texture":"#texture"},"up":{"uv":[3.5,12.5,4,13],"texture":"#texture"},"north":{"uv":[3.5,12.5,4,13],"texture":"#texture"},"south":{"uv":[3.5,13,4,12.5],"texture":"#texture"},"west":{"uv":[3.5,12.5,4,13],"texture":"#texture"},"east":{"uv":[4,12.5,3.5,13],"texture":"#texture"}}},{"from":[4.5,10,10.5],"to":[11.5,10.5,11],"faces":{"south":{"uv":[3.5,13.5,4,13],"texture":"#texture"},"west":{"uv":[3.5,13,4,13.5],"texture":"#texture"},"east":{"uv":[4,13,3.5,13.5],"texture":"#texture"}}},{"from":[4.5,10.5,9.5],"to":[11.5,11,11.5],"faces":{"down":{"uv":[3.5,13,4,12.5],"texture":"#texture"},"up":{"uv":[3.5,12.5,4,13],"texture":"#texture"},"south":{"uv":[3.5,13,4,12.5],"texture":"#texture"},"west":{"uv":[3.5,12.5,4,13],"texture":"#texture"},"east":{"uv":[4,12.5,3.5,13],"texture":"#texture"}}},{"from":[5.5,10.5,11.5],"to":[10.5,11,12],"faces":{"down":{"uv":[4.5,7.5,5,7],"texture":"#texture"},"up":{"uv":[4.5,7,5,7.5],"texture":"#texture"},"south":{"uv":[4.5,7.5,5,7],"texture":"#texture"},"west":{"uv":[4.5,7,5,7.5],"texture":"#texture"},"east":{"uv":[5,7,4.5,7.5],"texture":"#texture"}}},{"from":[3.5,10,5.5],"to":[12.5,10.5,8.5],"faces":{"down":{"uv":[4,13,4.5,12.5],"texture":"#texture"},"up":{"uv":[4,12.5,4.5,13],"texture":"#texture"},"north":{"uv":[4,12.5,4.5,13],"texture":"#texture"},"south":{"uv":[4,13,4.5,12.5],"texture":"#texture"},"west":{"uv":[4,12.5,4.5,13],"texture":"#texture"},"east":{"uv":[4.5,12.5,4,13],"texture":"#texture"}}},{"from":[4.5,11,9.5],"to":[11.5,11.5,10.5],"faces":{"up":{"uv":[3.5,12.5,4,13],"texture":"#texture"},"south":{"uv":[3.5,13,4,12.5],"texture":"#texture"},"west":{"uv":[3.5,12.5,4,13],"texture":"#texture"},"east":{"uv":[4,12.5,3.5,13],"texture":"#texture"}}},{"from":[5,11,10.5],"to":[11,11.5,11.5],"faces":{"up":{"uv":[3.5,12.5,4,13],"texture":"#texture"},"south":{"uv":[3.5,13,4,12.5],"texture":"#texture"},"west":{"uv":[3.5,12.5,4,13],"texture":"#texture"},"east":{"uv":[4,12.5,3.5,13],"texture":"#texture"}}},{"from":[6.5,11,11.5],"to":[9.5,11.5,12],"faces":{"up":{"uv":[3.5,12.5,4,13],"texture":"#texture"},"south":{"uv":[3.5,13,4,12.5],"texture":"#texture"},"west":{"uv":[3.5,12.5,4,13],"texture":"#texture"},"east":{"uv":[4,12.5,3.5,13],"texture":"#texture"}}},{"from":[4,10.5,4.5],"to":[12,11,9.5],"faces":{"down":{"uv":[4,13,4.5,12.5],"texture":"#texture"},"up":{"uv":[4,12.5,4.5,13],"texture":"#texture"},"north":{"uv":[4,12.5,4.5,13],"texture":"#texture"},"south":{"uv":[4,13,4.5,12.5],"texture":"#texture"},"west":{"uv":[4,12.5,4.5,13],"texture":"#texture"},"east":{"uv":[4.5,12.5,4,13],"texture":"#texture"}}},{"from":[4,9.5,4],"to":[12,10.5,5.5],"faces":{"down":{"uv":[4,13,4.5,12.5],"texture":"#texture"},"up":{"uv":[4,12.5,4.5,13],"texture":"#texture"},"north":{"uv":[4,12.5,4.5,13],"texture":"#texture"},"south":{"uv":[4,13,4.5,12.5],"texture":"#texture"},"west":{"uv":[4,12.5,4.5,13],"texture":"#texture"},"east":{"uv":[4.5,12.5,4,13],"texture":"#texture"}}},{"from":[3.5,9.5,4.5],"to":[12.5,10,5],"faces":{"down":{"uv":[4,13,4.5,12.5],"texture":"#texture"},"up":{"uv":[4,12.5,4.5,13],"texture":"#texture"},"north":{"uv":[4,12.5,4.5,13],"texture":"#texture"},"west":{"uv":[4,12.5,4.5,13],"texture":"#texture"},"east":{"uv":[4.5,12.5,4,13],"texture":"#texture"}}},{"from":[4.5,9.5,3.5],"to":[11.5,10,4],"faces":{"down":{"uv":[4,13,4.5,12.5],"texture":"#texture"},"north":{"uv":[4,12.5,4.5,13],"texture":"#texture"},"west":{"uv":[4,12.5,4.5,13],"texture":"#texture"},"east":{"uv":[4.5,12.5,4,13],"texture":"#texture"}}},{"from":[5.5,9.5,3],"to":[10.5,10,3.5],"faces":{"up":{"uv":[4,12.5,4.5,13],"texture":"#texture"},"north":{"uv":[4,12.5,4.5,13],"texture":"#texture"},"west":{"uv":[4,12.5,4.5,13],"texture":"#texture"},"east":{"uv":[4.5,12.5,4,13],"texture":"#texture"}}},{"from":[6.5,10,3],"to":[9.5,11,5],"faces":{"up":{"uv":[3.5,12.5,4,13],"texture":"#texture"},"north":{"uv":[3.5,12.5,4,13],"texture":"#texture"},"south":{"uv":[3.5,13,4,12.5],"texture":"#texture"},"west":{"uv":[3.5,12.5,4,13],"texture":"#texture"},"east":{"uv":[4,12.5,3.5,13],"texture":"#texture"}}},{"from":[6.5,11.5,4],"to":[9.5,12,11.5],"faces":{"down":{"uv":[3.5,13,4,12.5],"texture":"#texture"},"up":{"uv":[3.5,12.5,4,13],"texture":"#texture"},"north":{"uv":[3.5,12.5,4,13],"texture":"#texture"},"south":{"uv":[3.5,13,4,12.5],"texture":"#texture"},"west":{"uv":[3.5,12.5,4,13],"texture":"#texture"},"east":{"uv":[4,12.5,3.5,13],"texture":"#texture"}}},{"from":[6.5,12,4.5],"to":[9.5,12.5,10.5],"faces":{"up":{"uv":[3.5,12.5,4,13],"texture":"#texture"},"north":{"uv":[3.5,12.5,4,13],"texture":"#texture"},"south":{"uv":[3.5,13,4,12.5],"texture":"#texture"},"west":{"uv":[3.5,12.5,4,13],"texture":"#texture"},"east":{"uv":[4,12.5,3.5,13],"texture":"#texture"}}},{"from":[6,10,3],"to":[6.5,10.5,4],"faces":{"down":{"uv":[4,13,4.5,12.5],"texture":"#texture"},"up":{"uv":[4,12.5,4.5,13],"texture":"#texture"},"north":{"uv":[4,12.5,4.5,13],"texture":"#texture"},"west":{"uv":[4,12.5,4.5,13],"texture":"#texture"}}},{"from":[4.5,10,3.5],"to":[11.5,10.5,4],"faces":{"up":{"uv":[4,12.5,4.5,13],"texture":"#texture"},"north":{"uv":[4,12.5,4.5,13],"texture":"#texture"},"west":{"uv":[4,12.5,4.5,13],"texture":"#texture"},"east":{"uv":[4.5,12.5,4,13],"texture":"#texture"}}},{"from":[4.5,10.5,4],"to":[11.5,11,4.5],"faces":{"up":{"uv":[4,12.5,4.5,13],"texture":"#texture"},"north":{"uv":[4,12.5,4.5,13],"texture":"#texture"},"west":{"uv":[4,12.5,4.5,13],"texture":"#texture"},"east":{"uv":[4.5,12.5,4,13],"texture":"#texture"}}},{"from":[5.5,10.5,3.5],"to":[10.5,11,4],"faces":{"up":{"uv":[4,12.5,4.5,13],"texture":"#texture"},"north":{"uv":[4,12.5,4.5,13],"texture":"#texture"},"west":{"uv":[4,12.5,4.5,13],"texture":"#texture"},"east":{"uv":[4.5,12.5,4,13],"texture":"#texture"}}},{"from":[9.5,10,3],"to":[10,10.5,4],"faces":{"down":{"uv":[4,13,4.5,12.5],"texture":"#texture"},"up":{"uv":[4,12.5,4.5,13],"texture":"#texture"},"north":{"uv":[4,12.5,4.5,13],"texture":"#texture"},"east":{"uv":[4.5,12.5,4,13],"texture":"#texture"}}},{"from":[4,11,5.5],"to":[12,11.5,8.5],"faces":{"up":{"uv":[4,12.5,4.5,13],"texture":"#texture"},"north":{"uv":[4,12.5,4.5,13],"texture":"#texture"},"south":{"uv":[4,13,4.5,12.5],"texture":"#texture"},"west":{"uv":[4,12.5,4.5,13],"texture":"#texture"},"east":{"uv":[4.5,12.5,4,13],"texture":"#texture"}}},{"from":[4.5,11,4.5],"to":[11.5,11.5,9.5],"faces":{"up":{"uv":[4,12.5,4.5,13],"texture":"#texture"},"north":{"uv":[4,12.5,4.5,13],"texture":"#texture"},"west":{"uv":[4,12.5,4.5,13],"texture":"#texture"},"east":{"uv":[4.5,12.5,4,13],"texture":"#texture"}}},{"from":[5,11,4],"to":[11,11.5,4.5],"faces":{"up":{"uv":[4,12.5,4.5,13],"texture":"#texture"},"north":{"uv":[4,12.5,4.5,13],"texture":"#texture"},"west":{"uv":[4,12.5,4.5,13],"texture":"#texture"},"east":{"uv":[4.5,12.5,4,13],"texture":"#texture"}}},{"from":[6,11,3.5],"to":[6.5,11.5,4],"faces":{"up":{"uv":[4,12.5,4.5,13],"texture":"#texture"},"north":{"uv":[4,12.5,4.5,13],"texture":"#texture"},"west":{"uv":[4,12.5,4.5,13],"texture":"#texture"}}},{"from":[9.5,11,3.5],"to":[10,11.5,4],"faces":{"up":{"uv":[4,12.5,4.5,13],"texture":"#texture"},"north":{"uv":[4,12.5,4.5,13],"texture":"#texture"},"east":{"uv":[4.5,12.5,4,13],"texture":"#texture"}}},{"from":[4.5,11.5,5],"to":[11.5,12,9.5],"faces":{"up":{"uv":[4,12.5,4.5,13],"texture":"#texture"},"north":{"uv":[4,12.5,4.5,13],"texture":"#texture"},"south":{"uv":[4,13,4.5,12.5],"texture":"#texture"},"west":{"uv":[4,12.5,4.5,13],"texture":"#texture"},"east":{"uv":[4.5,12.5,4,13],"texture":"#texture"}}},{"from":[5,11.5,9.5],"to":[11,12,10.5],"faces":{"up":{"uv":[3.5,12.5,4,13],"texture":"#texture"},"south":{"uv":[3.5,13,4,12.5],"texture":"#texture"},"west":{"uv":[3.5,12.5,4,13],"texture":"#texture"},"east":{"uv":[4,12.5,3.5,13],"texture":"#texture"}}},{"from":[5.5,11.5,10.5],"to":[10.5,12,11],"faces":{"up":{"uv":[3.5,12.5,4,13],"texture":"#texture"},"south":{"uv":[3.5,13,4,12.5],"texture":"#texture"},"west":{"uv":[3.5,12.5,4,13],"texture":"#texture"},"east":{"uv":[4,12.5,3.5,13],"texture":"#texture"}}},{"from":[5.5,12,9],"to":[10.5,12.5,10],"faces":{"down":{"uv":[3.5,13,4,12.5],"texture":"#texture"},"up":{"uv":[3.5,12.5,4,13],"texture":"#texture"},"north":{"uv":[3.5,12.5,4,13],"texture":"#texture"},"south":{"uv":[3.5,13,4,12.5],"texture":"#texture"},"west":{"uv":[3.5,12.5,4,13],"texture":"#texture"},"east":{"uv":[4,12.5,3.5,13],"texture":"#texture"}}},{"from":[5.5,12,5],"to":[6.5,12.5,9],"faces":{"up":{"uv":[4,12.5,4.5,13],"texture":"#texture"},"north":{"uv":[4,12.5,4.5,13],"texture":"#texture"},"west":{"uv":[4,12.5,4.5,13],"texture":"#texture"}}},{"from":[9.5,12,5],"to":[10.5,12.5,9],"faces":{"up":{"uv":[4,12.5,4.5,13],"texture":"#texture"},"north":{"uv":[4,12.5,4.5,13],"texture":"#texture"},"east":{"uv":[4.5,12.5,4,13],"texture":"#texture"}}},{"from":[5,11.5,4.5],"to":[11,12,5],"faces":{"up":{"uv":[4,12.5,4.5,13],"texture":"#texture"},"north":{"uv":[4,12.5,4.5,13],"texture":"#texture"},"west":{"uv":[4,12.5,4.5,13],"texture":"#texture"},"east":{"uv":[4.5,12.5,4,13],"texture":"#texture"}}},{"from":[5.5,11.5,4],"to":[6.5,12,4.5],"faces":{"up":{"uv":[4,12.5,4.5,13],"texture":"#texture"},"north":{"uv":[4,12.5,4.5,13],"texture":"#texture"},"west":{"uv":[4,12.5,4.5,13],"texture":"#texture"}}},{"from":[9.5,11.5,4],"to":[10.5,12,4.5],"faces":{"up":{"uv":[4,12.5,4.5,13],"texture":"#texture"},"north":{"uv":[4,12.5,4.5,13],"texture":"#texture"},"east":{"uv":[4.5,12.5,4,13],"texture":"#texture"}}},{"from":[6.5,10.5,3.5],"to":[9.5,11.5,5.5],"faces":{"down":{"uv":[3.5,13,4,12.5],"texture":"#texture"},"up":{"uv":[3.5,12.5,4,13],"texture":"#texture"},"north":{"uv":[3.5,12.5,4,13],"texture":"#texture"},"south":{"uv":[3.5,13,4,12.5],"texture":"#texture"},"west":{"uv":[3.5,12.5,4,13],"texture":"#texture"},"east":{"uv":[4,12.5,3.5,13],"texture":"#texture"}}},{"from":[7,11,3],"to":[9,11.5,3.5],"faces":{"up":{"uv":[3.5,12.5,4,13],"texture":"#texture"},"north":{"uv":[3.5,12.5,4,13],"texture":"#texture"},"west":{"uv":[3.5,12.5,4,13],"texture":"#texture"},"east":{"uv":[4,12.5,3.5,13],"texture":"#texture"}}},{"from":[7,11.5,3.5],"to":[9,12,4],"faces":{"up":{"uv":[3.5,12.5,4,13],"texture":"#texture"},"north":{"uv":[3.5,12.5,4,13],"texture":"#texture"},"west":{"uv":[3.5,12.5,4,13],"texture":"#texture"},"east":{"uv":[4,12.5,3.5,13],"texture":"#texture"}}},{"from":[4,1,11.5],"to":[12,2.5,12],"faces":{"down":{"uv":[4,13.5,4.5,13],"texture":"#texture"},"north":{"uv":[4,13,4.5,13.5],"texture":"#texture"},"south":{"uv":[4,13.5,4.5,13],"texture":"#texture"},"west":{"uv":[4,13,4.5,13.5],"texture":"#texture"},"east":{"uv":[4.5,13,4,13.5],"texture":"#texture"}}},{"from":[5.5,2.0625,3.5625],"to":[10.5,9.0625,4.0625],"faces":{"down":{"uv":[0.5,6,1,6.5],"texture":"#texture"},"up":{"uv":[0.5,6,1,6.5],"texture":"#texture"},"north":{"uv":[0.5,6,1,14],"texture":"#texture"},"south":{"uv":[0.5,6,1,14],"texture":"#texture"},"west":{"uv":[0.5,6,1,14],"texture":"#texture"},"east":{"uv":[0.5,6,1,14],"texture":"#texture"}}}],"display":{"head":{"rotation":[0,180,0],"translation":[0,4.35,-0.3],"scale":[1.8,1.8,1.8]},"fixed":{"rotation":[0,180,0],"translation":[0,1.13,1.32],"scale":[1,1,1]},"gui":{"rotation":[0,0,0],"translation":[0,1.7,0],"scale":[1,1,1]}}}
