{
"__comment": "designed by hypixel minecraft server with bdcraft cubik pro 0.90 beta - http://bdcraft.net",
"textures": {
    "particle": "blocks/sanquin",
    "texture": "blocks/sanquin"
},
"elements": [ 
{
    "from": [ 4, 1.5, 13 ],
    "to": [ 12, 6.5, 14 ],
    "faces": {
        "down":  { "uv": [ 4, 14, 12, 14.5 ], "texture": "#texture" },
        "up":    { "uv": [ 4, 9.5, 12, 10 ], "texture": "#texture" },
        "north": { "uv": [ 12, 9.5, 4, 14.5 ], "texture": "#texture" },
        "south": { "uv": [ 4, 9.5, 12, 14.5 ], "texture": "#texture" },
        "west":  { "uv": [ 4, 9.5, 4.5, 14.5 ], "texture": "#texture" },
        "east":  { "uv": [ 4, 9.5, 4.5, 14.5 ], "texture": "#texture" }
    }
},
{
    "from": [ 4.5, 2, 14 ],
    "to": [ 5.5, 4, 14.5 ],
    "faces": {
        "down":  { "uv": [ 4.5, 13.5, 5.5, 14 ], "texture": "#texture" },
        "up":    { "uv": [ 4.5, 12, 5.5, 12.5 ], "texture": "#texture" },
        "south": { "uv": [ 4.5, 12, 5.5, 14 ], "texture": "#texture" },
        "west":  { "uv": [ 4.5, 12, 5, 14 ], "texture": "#texture" }
    }
},
{
    "from": [ 10.5, 2, 14 ],
    "to": [ 11.5, 4, 14.5 ],
    "faces": {
        "down":  { "uv": [ 10.5, 13.5, 11.5, 14 ], "texture": "#texture" },
        "up":    { "uv": [ 10.5, 12, 11.5, 12.5 ], "texture": "#texture" },
        "south": { "uv": [ 10.5, 12, 11.5, 14 ], "texture": "#texture" },
        "east":  { "uv": [ 11, 12, 11.5, 14 ], "texture": "#texture" }
    }
},
{
    "from": [ 11.5, 2.5, 14 ],
    "to": [ 12, 3.5, 14.5 ],
    "faces": {
        "down":  { "uv": [ 11.5, 13, 12, 13.5 ], "texture": "#texture" },
        "up":    { "uv": [ 11.5, 12.5, 12, 13 ], "texture": "#texture" },
        "south": { "uv": [ 11.5, 12.5, 12, 13.5 ], "texture": "#texture" },
        "east":  { "uv": [ 11.5, 12.5, 12, 13.5 ], "texture": "#texture" }
    }
},
{
    "from": [ 4, 2.5, 14 ],
    "to": [ 4.5, 3.5, 14.5 ],
    "faces": {
        "down":  { "uv": [ 4, 13, 4.5, 13.5 ], "texture": "#texture" },
        "up":    { "uv": [ 4, 12.5, 4.5, 13 ], "texture": "#texture" },
        "south": { "uv": [ 4, 12.5, 4.5, 13.5 ], "texture": "#texture" },
        "west":  { "uv": [ 4, 12.5, 4.5, 13.5 ], "texture": "#texture" }
    }
},
{
    "from": [ 5.5, 1.5, 14.5 ],
    "to": [ 6.5, 3.5, 15 ],
    "faces": {
        "down":  { "uv": [ 5.5, 14, 6.5, 14.5 ], "texture": "#texture" },
        "up":    { "uv": [ 5.5, 12.5, 6.5, 13 ], "texture": "#texture" },
        "south": { "uv": [ 5.5, 12.5, 6.5, 14.5 ], "texture": "#texture" },
        "west":  { "uv": [ 5.5, 12.5, 6, 14.5 ], "texture": "#texture" },
        "east":  { "uv": [ 6, 12.5, 6.5, 14.5 ], "texture": "#texture" }
    }
},
{
    "from": [ 9.5, 1.5, 14.5 ],
    "to": [ 10.5, 3.5, 15 ],
    "faces": {
        "down":  { "uv": [ 9.5, 14, 10.5, 14.5 ], "texture": "#texture" },
        "up":    { "uv": [ 9.5, 12.5, 10.5, 13 ], "texture": "#texture" },
        "south": { "uv": [ 9.5, 12.5, 10.5, 14.5 ], "texture": "#texture" },
        "west":  { "uv": [ 9.5, 12.5, 10, 14.5 ], "texture": "#texture" },
        "east":  { "uv": [ 10, 12.5, 10.5, 14.5 ], "texture": "#texture" }
    }
},
{
    "from": [ 6.5, 2, 14.5 ],
    "to": [ 9.5, 2.5, 15 ],
    "faces": {
        "down":  { "uv": [ 9.5, 14, 6.5, 13.5 ], "texture": "#texture" },
        "up":    { "uv": [ 6.5, 13.5, 9.5, 14 ], "texture": "#texture" },
        "south": { "uv": [ 6.5, 13.5, 9.5, 14 ], "texture": "#texture" }
    }
},
{
    "from": [ 7.5, 3, 14.5 ],
    "to": [ 8.5, 4, 15.5 ],
    "faces": {
        "down":  { "uv": [ 9.5, 13.5, 10, 14 ], "texture": "#texture" },
        "up":    { "uv": [ 9.5, 13.5, 10, 14 ], "texture": "#texture" },
        "south": { "uv": [ 9.5, 13.5, 10, 14 ], "texture": "#texture" },
        "west":  { "uv": [ 9.5, 13.5, 10, 14 ], "texture": "#texture" },
        "east":  { "uv": [ 9.5, 13.5, 10, 14 ], "texture": "#texture" }
    }
},
{
    "from": [ 7, 3, 14.5 ],
    "to": [ 9, 3.5, 15 ],
    "faces": {
        "down":  { "uv": [ 7, 12.5, 9, 13 ], "texture": "#texture" },
        "up":    { "uv": [ 7, 12.5, 9, 13 ], "texture": "#texture" },
        "south": { "uv": [ 7, 12.5, 9, 13 ], "texture": "#texture" },
        "west":  { "uv": [ 7, 12.5, 7.5, 13 ], "texture": "#texture" },
        "east":  { "uv": [ 7, 12.5, 7.5, 13 ], "texture": "#texture" }
    }
},
{
    "from": [ 7.5, 4, 14.5 ],
    "to": [ 8.5, 4.5, 15 ],
    "faces": {
        "south": { "uv": [ 7.5, 12, 8.5, 11.5 ], "texture": "#texture" },
        "west":  { "uv": [ 7.5, 11.5, 8, 12 ], "texture": "#texture" },
        "east":  { "uv": [ 8.5, 11.5, 8, 12 ], "texture": "#texture" }
    }
},
{
    "from": [ 5.5, 1.5, 14 ],
    "to": [ 10.5, 6.5, 14.5 ],
    "faces": {
        "down":  { "uv": [ 5.5, 14, 10.5, 14.5 ], "texture": "#texture" },
        "south": { "uv": [ 5.5, 9.5, 10.5, 14.5 ], "texture": "#texture" },
        "west":  { "uv": [ 5.5, 9.5, 6, 14.5 ], "texture": "#texture" },
        "east":  { "uv": [ 10, 9.5, 10.5, 14.5 ], "texture": "#texture" }
    }
},
{
    "from": [ 4.5, 4.5, 14 ],
    "to": [ 5.5, 6, 14.5 ],
    "faces": {
        "down":  { "uv": [ 4.5, 11, 5.5, 11.5 ], "texture": "#texture" },
        "up":    { "uv": [ 4.5, 10, 5.5, 10.5 ], "texture": "#texture" },
        "south": { "uv": [ 4.5, 10, 5.5, 11.5 ], "texture": "#texture" },
        "west":  { "uv": [ 4.5, 10, 5, 11.5 ], "texture": "#texture" }
    }
},
{
    "from": [ 10.5, 4.5, 14 ],
    "to": [ 11.5, 6, 14.5 ],
    "faces": {
        "down":  { "uv": [ 10.5, 11, 11.5, 11.5 ], "texture": "#texture" },
        "up":    { "uv": [ 10.5, 10, 11.5, 10.5 ], "texture": "#texture" },
        "south": { "uv": [ 10.5, 10, 11.5, 11.5 ], "texture": "#texture" },
        "east":  { "uv": [ 11, 10, 11.5, 11.5 ], "texture": "#texture" }
    }
},
{
    "from": [ 7, 4.5, 14.5 ],
    "to": [ 9, 5.5, 15 ],
    "faces": {
        "down":  { "uv": [ 6, 9.5, 10, 10 ], "texture": "#texture" },
        "south": { "uv": [ 9, 9.5, 7, 10.5 ], "texture": "#texture" },
        "west":  { "uv": [ 7, 9.5, 7.5, 10.5 ], "texture": "#texture" },
        "east":  { "uv": [ 8.5, 9.5, 9, 10.5 ], "texture": "#texture" }
    }
},
{
    "from": [ 6, 5.5, 14.5 ],
    "to": [ 10, 6, 15 ],
    "faces": {
        "down":  { "uv": [ 6, 10, 10, 10.5 ], "texture": "#texture" },
        "up":    { "uv": [ 6, 10, 10, 10.5 ], "texture": "#texture" },
        "south": { "uv": [ 6, 10, 10, 10.5 ], "texture": "#texture" },
        "west":  { "uv": [ 6, 10, 6.5, 10.5 ], "texture": "#texture" },
        "east":  { "uv": [ 6, 10, 6.5, 10.5 ], "texture": "#texture" }
    }
},
{
    "from": [ 7.5, 6, 14.5 ],
    "to": [ 8.5, 6.5, 15 ],
    "faces": {
        "south": { "uv": [ 7.5, 10, 8.5, 9.5 ], "texture": "#texture" },
        "west":  { "uv": [ 7.5, 9.5, 8, 10 ], "texture": "#texture" },
        "east":  { "uv": [ 8.5, 9.5, 8, 10 ], "texture": "#texture" }
    }
},
{
    "from": [ 6.5, 2.5, 14.5 ],
    "to": [ 7, 3, 15 ],
    "faces": {
        "up":    { "uv": [ 6.5, 13, 7, 13.5 ], "texture": "#texture" },
        "south": { "uv": [ 6.5, 13.5, 7, 13 ], "texture": "#texture" },
        "east":  { "uv": [ 7, 13, 6.5, 13.5 ], "texture": "#texture" }
    }
},
{
    "from": [ 9, 2.5, 14.5 ],
    "to": [ 9.5, 3, 15 ],
    "faces": {
        "up":    { "uv": [ 9, 13, 9.5, 13.5 ], "texture": "#texture" },
        "south": { "uv": [ 9, 13.5, 9.5, 13 ], "texture": "#texture" },
        "west":  { "uv": [ 9, 13, 9.5, 13.5 ], "texture": "#texture" }
    }
},
{
    "from": [ 7, 1.5, 14.5 ],
    "to": [ 9, 2, 15 ],
    "faces": {
        "south": { "uv": [ 7, 14, 9, 14.5 ], "texture": "#texture" },
        "west":  { "uv": [ 7, 14, 7.5, 14.5 ], "texture": "#texture" },
        "east":  { "uv": [ 7, 14, 7.5, 14.5 ], "texture": "#texture" }
    }
},
{
    "from": [ 5, 2, 14.5 ],
    "to": [ 5.5, 3, 15 ],
    "faces": {
        "down":  { "uv": [ 5, 13, 5.5, 13.5 ], "texture": "#texture" },
        "up":    { "uv": [ 5, 13, 5.5, 13.5 ], "texture": "#texture" },
        "south": { "uv": [ 5, 13, 5.5, 14 ], "texture": "#texture" },
        "west":  { "uv": [ 5, 13, 5.5, 14 ], "texture": "#texture" }
    }
},
{
    "from": [ 10.5, 2, 14.5 ],
    "to": [ 11, 3, 15 ],
    "faces": {
        "down":  { "uv": [ 5, 13, 5.5, 13.5 ], "texture": "#texture" },
        "up":    { "uv": [ 5, 13, 5.5, 13.5 ], "texture": "#texture" },
        "south": { "uv": [ 5, 13, 5.5, 14 ], "texture": "#texture" },
        "east":  { "uv": [ 5, 13, 5.5, 14 ], "texture": "#texture" }
    }
},
{
    "from": [ 5, 1, 14 ],
    "to": [ 11, 2, 14.5 ],
    "faces": {
        "down":  { "uv": [ 5, 14.5, 11, 15 ], "texture": "#texture" },
        "up":    { "uv": [ 5, 14, 11, 14.5 ], "texture": "#texture" },
        "north": { "uv": [ 5, 14, 11, 15 ], "texture": "#texture" },
        "south": { "uv": [ 5, 14, 11, 15 ], "texture": "#texture" },
        "west":  { "uv": [ 5, 14, 5.5, 15 ], "texture": "#texture" },
        "east":  { "uv": [ 5, 14, 5.5, 15 ], "texture": "#texture" }
    }
},
{
    "from": [ 6.5, 1, 14.5 ],
    "to": [ 9.5, 1.5, 15 ],
    "faces": {
        "down":  { "uv": [ 9.5, 15, 6.5, 14.5 ], "texture": "#texture" },
        "up":    { "uv": [ 6.5, 14.5, 9.5, 15 ], "texture": "#texture" },
        "south": { "uv": [ 6.5, 14.5, 9.5, 15 ], "texture": "#texture" },
        "west":  { "uv": [ 6.5, 14.5, 7, 15 ], "texture": "#texture" },
        "east":  { "uv": [ 6.5, 14.5, 7, 15 ], "texture": "#texture" }
    }
},
{
    "from": [ 4.5, 1, 13.5 ],
    "to": [ 11.5, 1.5, 14 ],
    "faces": {
        "down":  { "uv": [ 4.5, 14.5, 11.5, 15 ], "texture": "#texture" },
        "south": { "uv": [ 4.5, 14.5, 11.5, 15 ], "texture": "#texture" },
        "west":  { "uv": [ 4.5, 14.5, 5, 15 ], "texture": "#texture" },
        "east":  { "uv": [ 11, 14.5, 11.5, 15 ], "texture": "#texture" }
    }
},
{
    "from": [ 5, 0.5, 13.5 ],
    "to": [ 11, 1, 14 ],
    "faces": {
        "down":  { "uv": [ 5, 15, 11, 15.5 ], "texture": "#texture" },
        "south": { "uv": [ 5, 15, 11, 15.5 ], "texture": "#texture" },
        "west":  { "uv": [ 5, 15, 5.5, 15.5 ], "texture": "#texture" },
        "east":  { "uv": [ 5, 15, 5.5, 15.5 ], "texture": "#texture" }
    }
},
{
    "from": [ 5.5, 0.5, 14 ],
    "to": [ 10.5, 1, 14.5 ],
    "faces": {
        "down":  { "uv": [ 5.5, 15, 10.5, 15.5 ], "texture": "#texture" },
        "south": { "uv": [ 5.5, 15, 10.5, 15.5 ], "texture": "#texture" },
        "west":  { "uv": [ 5.5, 15, 6, 15.5 ], "texture": "#texture" },
        "east":  { "uv": [ 10, 15, 10.5, 15.5 ], "texture": "#texture" }
    }
},
{
    "from": [ 7.5, 0.5, 14.5 ],
    "to": [ 8.5, 1, 15 ],
    "faces": {
        "down":  { "uv": [ 9.5, 14, 6.5, 13.5 ], "texture": "#texture" },
        "south": { "uv": [ 6.5, 13.5, 9.5, 14 ], "texture": "#texture" },
        "west":  { "uv": [ 6.5, 13.5, 7, 14 ], "texture": "#texture" },
        "east":  { "uv": [ 6.5, 13.5, 7, 14 ], "texture": "#texture" }
    }
},
{
    "from": [ 6, 0, 13.5 ],
    "to": [ 10, 0.5, 14 ],
    "faces": {
        "down":  { "uv": [ 6, 15.5, 10, 16 ], "texture": "#texture", "cullface": "down" },
        "south": { "uv": [ 6, 15.5, 10, 16 ], "texture": "#texture" },
        "west":  { "uv": [ 6, 15.5, 6.5, 16 ], "texture": "#texture" },
        "east":  { "uv": [ 6, 15.5, 6.5, 16 ], "texture": "#texture" }
    }
},
{
    "from": [ 7, 0, 14 ],
    "to": [ 9, 0.5, 14.5 ],
    "faces": {
        "down":  { "uv": [ 6, 15.5, 10, 16 ], "texture": "#texture", "cullface": "down" },
        "south": { "uv": [ 6, 15.5, 10, 16 ], "texture": "#texture" },
        "west":  { "uv": [ 6, 15.5, 6.5, 16 ], "texture": "#texture" },
        "east":  { "uv": [ 6, 15.5, 6.5, 16 ], "texture": "#texture" }
    }
},
{
    "from": [ 5.5, 6.5, 13 ],
    "to": [ 10.5, 7.5, 15 ],
    "faces": {
        "down":  { "uv": [ 5.5, 9, 10.5, 9.5 ], "texture": "#texture" },
        "up":    { "uv": [ 5.5, 8.5, 10.5, 9 ], "texture": "#texture" },
        "north": { "uv": [ 5.5, 8.5, 10.5, 9.5 ], "texture": "#texture" },
        "south": { "uv": [ 5.5, 8.5, 10.5, 9.5 ], "texture": "#texture" },
        "west":  { "uv": [ 6, 8.5, 6.5, 9.5 ], "texture": "#texture" },
        "east":  { "uv": [ 9.5, 8.5, 10, 9.5 ], "texture": "#texture" }
    }
},
{
    "from": [ 4.5, 6.5, 13 ],
    "to": [ 5.5, 7.5, 14.5 ],
    "faces": {
        "down":  { "uv": [ 5.5, 9, 7.5, 9.5 ], "texture": "#texture" },
        "up":    { "uv": [ 5.5, 8.5, 8, 9 ], "texture": "#texture" },
        "north": { "uv": [ 5.5, 8.5, 8, 9.5 ], "texture": "#texture" },
        "south": { "uv": [ 5.5, 8.5, 8, 9.5 ], "texture": "#texture" },
        "west":  { "uv": [ 6, 8.5, 6.5, 9.5 ], "texture": "#texture" }
    }
},
{
    "from": [ 10.5, 6.5, 13 ],
    "to": [ 11.5, 7.5, 14.5 ],
    "faces": {
        "down":  { "uv": [ 8.5, 9, 11, 9.5 ], "texture": "#texture" },
        "up":    { "uv": [ 8, 8.5, 10.5, 9 ], "texture": "#texture" },
        "north": { "uv": [ 8, 8.5, 11.5, 9.5 ], "texture": "#texture" },
        "south": { "uv": [ 8, 8.5, 11.5, 9.5 ], "texture": "#texture" },
        "east":  { "uv": [ 9.5, 8.5, 10, 9.5 ], "texture": "#texture" }
    }
},
{
    "from": [ 4, 6.5, 13 ],
    "to": [ 5, 9, 14 ],
    "faces": {
        "up":    { "uv": [ 4, 8, 4.5, 8.5 ], "texture": "#texture" },
        "north": { "uv": [ 4, 8, 4.5, 8.5 ], "texture": "#texture" },
        "south": { "uv": [ 4, 8.5, 4.5, 8 ], "texture": "#texture" },
        "west":  { "uv": [ 4, 8, 4.5, 8.5 ], "texture": "#texture" },
        "east":  { "uv": [ 4.5, 8, 4, 8.5 ], "texture": "#texture" }
    }
},
{
    "from": [ 11, 6.5, 13 ],
    "to": [ 12, 9, 14 ],
    "faces": {
        "up":    { "uv": [ 11, 7.5, 11.5, 8 ], "texture": "#texture" },
        "north": { "uv": [ 11, 7.5, 11.5, 8 ], "texture": "#texture" },
        "south": { "uv": [ 11, 8, 11.5, 7.5 ], "texture": "#texture" },
        "west":  { "uv": [ 11, 7.5, 11.5, 8 ], "texture": "#texture" },
        "east":  { "uv": [ 11.5, 7.5, 11, 8 ], "texture": "#texture" }
    }
},
{
    "from": [ 5, 7.5, 13.5 ],
    "to": [ 11, 9, 14.5 ],
    "faces": {
        "down":  { "uv": [ 5, 8, 11, 8.5 ], "texture": "#texture" },
        "up":    { "uv": [ 5, 7, 11, 7.5 ], "texture": "#texture" },
        "north": { "uv": [ 5, 7, 11, 8.5 ], "texture": "#texture" },
        "south": { "uv": [ 5, 7, 11, 8.5 ], "texture": "#texture" },
        "west":  { "uv": [ 5, 7, 6, 8.5 ], "texture": "#texture" },
        "east":  { "uv": [ 9.5, 7, 10.5, 8.5 ], "texture": "#texture" }
    }
},
{
    "from": [ 3.5, 3, 13 ],
    "to": [ 4, 9.5, 13.5 ],
    "faces": {
        "down":  { "uv": [ 3.5, 12, 4, 13 ], "texture": "#texture" },
        "up":    { "uv": [ 3.5, 6.5, 4, 7.5 ], "texture": "#texture" },
        "north": { "uv": [ 3.5, 6.5, 4, 13 ], "texture": "#texture" },
        "south": { "uv": [ 3.5, 6.5, 4, 13 ], "texture": "#texture" },
        "west":  { "uv": [ 3.5, 6.5, 4, 13 ], "texture": "#texture" },
        "east":  { "uv": [ 3.5, 6.5, 4, 13 ], "texture": "#texture" }
    }
},
{
    "from": [ 12, 3, 13 ],
    "to": [ 12.5, 9.5, 13.5 ],
    "faces": {
        "down":  { "uv": [ 12, 11.5, 12.5, 12.5 ], "texture": "#texture" },
        "up":    { "uv": [ 12, 6.5, 12.5, 7.5 ], "texture": "#texture" },
        "north": { "uv": [ 12, 6.5, 12.5, 13 ], "texture": "#texture" },
        "south": { "uv": [ 12, 6.5, 12.5, 13 ], "texture": "#texture" },
        "west":  { "uv": [ 12, 6.5, 12.5, 13 ], "texture": "#texture" },
        "east":  { "uv": [ 12, 6.5, 12.5, 13 ], "texture": "#texture" }
    }
},
{
    "from": [ 6.5, 8.5, 13.5 ],
    "to": [ 9.5, 10, 14.5 ],
    "faces": {
        "down":  { "uv": [ 6.5, 7, 9.5, 7.5 ], "texture": "#texture" },
        "up":    { "uv": [ 6.5, 6, 9.5, 6.5 ], "texture": "#texture" },
        "north": { "uv": [ 6.5, 6, 9.5, 7.5 ], "texture": "#texture" },
        "south": { "uv": [ 6.5, 6, 9.5, 7.5 ], "texture": "#texture" },
        "west":  { "uv": [ 6.5, 6, 7, 7.5 ], "texture": "#texture" },
        "east":  { "uv": [ 9.5, 6, 10, 7.5 ], "texture": "#texture" }
    }
},
{
    "from": [ 6, 7.5, 13 ],
    "to": [ 10, 8, 15 ],
    "faces": {
        "up":    { "uv": [ 6, 8, 10, 8.5 ], "texture": "#texture" },
        "north": { "uv": [ 6, 8, 10, 8.5 ], "texture": "#texture" },
        "south": { "uv": [ 6, 8, 10, 8.5 ], "texture": "#texture" },
        "west":  { "uv": [ 6, 8, 8, 8.5 ], "texture": "#texture" },
        "east":  { "uv": [ 8, 8, 10, 8.5 ], "texture": "#texture" }
    }
},
{
    "from": [ 7.5, 8, 13 ],
    "to": [ 8.5, 8.5, 15 ],
    "faces": {
        "up":    { "uv": [ 6, 8, 10, 8.5 ], "texture": "#texture" },
        "north": { "uv": [ 6, 8, 10, 8.5 ], "texture": "#texture" },
        "south": { "uv": [ 6, 8, 10, 8.5 ], "texture": "#texture" },
        "west":  { "uv": [ 6, 8, 8, 8.5 ], "texture": "#texture" },
        "east":  { "uv": [ 8, 8, 10, 8.5 ], "texture": "#texture" }
    }
},
{
    "from": [ 4.5, 8.5, 13 ],
    "to": [ 11.5, 10, 14 ],
    "faces": {
        "down":  { "uv": [ 4.5, 6, 11.5, 6.5 ], "texture": "#texture" },
        "up":    { "uv": [ 4.5, 6, 11.5, 6.5 ], "texture": "#texture" },
        "north": { "uv": [ 4.5, 6, 11.5, 7.5 ], "texture": "#texture" },
        "south": { "uv": [ 4.5, 6, 11.5, 7.5 ], "texture": "#texture" }
    }
},
{
    "from": [ 5, 10, 12.5 ],
    "to": [ 11, 10.5, 14 ],
    "faces": {
        "down":  { "uv": [ 5, 5.5, 11, 6 ], "texture": "#texture" },
        "up":    { "uv": [ 5, 5.5, 11, 6 ], "texture": "#texture" },
        "north": { "uv": [ 5, 5.5, 11, 6 ], "texture": "#texture" },
        "south": { "uv": [ 5, 5.5, 11, 6 ], "texture": "#texture" },
        "west":  { "uv": [ 5.5, 5.5, 6.5, 6 ], "texture": "#texture" },
        "east":  { "uv": [ 9.5, 5.5, 10.5, 6 ], "texture": "#texture" }
    }
},
{
    "from": [ 6, 10.5, 12.5 ],
    "to": [ 10, 11, 14 ],
    "faces": {
        "up":    { "uv": [ 5, 5.5, 11, 6 ], "texture": "#texture" },
        "north": { "uv": [ 11, 5.5, 5, 6 ], "texture": "#texture" },
        "south": { "uv": [ 5, 5.5, 11, 6 ], "texture": "#texture" },
        "west":  { "uv": [ 5.5, 5.5, 6.5, 6 ], "texture": "#texture" },
        "east":  { "uv": [ 9.5, 5.5, 10.5, 6 ], "texture": "#texture" }
    }
},
{
    "from": [ 5.5, 9, 13.5 ],
    "to": [ 10.5, 9.5, 14.5 ],
    "faces": {
        "up":    { "uv": [ 5.5, 6.5, 10.5, 7 ], "texture": "#texture" },
        "north": { "uv": [ 5.5, 6.5, 10.5, 7 ], "texture": "#texture" },
        "south": { "uv": [ 5.5, 6.5, 10.5, 7 ], "texture": "#texture" },
        "west":  { "uv": [ 6, 6.5, 7, 7 ], "texture": "#texture" },
        "east":  { "uv": [ 9.5, 6.5, 10.5, 7 ], "texture": "#texture" }
    }
},
{
    "from": [ 3, 8, 12.5 ],
    "to": [ 5, 10.5, 13.5 ],
    "faces": {
        "down":  { "uv": [ 3, 7.5, 5, 8 ], "texture": "#texture" },
        "up":    { "uv": [ 3, 5.5, 5, 6 ], "texture": "#texture" },
        "north": { "uv": [ 3, 5.5, 5, 8 ], "texture": "#texture" },
        "south": { "uv": [ 3, 5.5, 5, 8 ], "texture": "#texture" },
        "west":  { "uv": [ 3, 5.5, 3.5, 8 ], "texture": "#texture" },
        "east":  { "uv": [ 4.5, 5.5, 5, 8 ], "texture": "#texture" }
    }
},
{
    "from": [ 11, 8, 12.5 ],
    "to": [ 13, 10.5, 13.5 ],
    "faces": {
        "down":  { "uv": [ 11, 7.5, 13, 8 ], "texture": "#texture" },
        "up":    { "uv": [ 11, 5.5, 13, 6 ], "texture": "#texture" },
        "north": { "uv": [ 13, 5.5, 11, 8 ], "texture": "#texture" },
        "south": { "uv": [ 11, 5.5, 13, 8 ], "texture": "#texture" },
        "west":  { "uv": [ 11, 5.5, 12, 8 ], "texture": "#texture" },
        "east":  { "uv": [ 12.5, 5.5, 13, 8 ], "texture": "#texture" }
    }
},
{
    "from": [ 2, 7.5, 12.5 ],
    "to": [ 3, 10, 13.5 ],
    "faces": {
        "down":  { "uv": [ 2, 8, 3, 8.5 ], "texture": "#texture" },
        "up":    { "uv": [ 2, 6, 3, 6.5 ], "texture": "#texture" },
        "north": { "uv": [ 2, 6, 3, 8.5 ], "texture": "#texture" },
        "south": { "uv": [ 2, 6, 3, 8.5 ], "texture": "#texture" },
        "west":  { "uv": [ 2, 6, 2.5, 8.5 ], "texture": "#texture" },
        "east":  { "uv": [ 2.5, 6, 3, 8.5 ], "texture": "#texture" }
    }
},
{
    "from": [ 13, 7.5, 12.5 ],
    "to": [ 14, 10, 13.5 ],
    "faces": {
        "down":  { "uv": [ 13, 8, 14, 8.5 ], "texture": "#texture" },
        "up":    { "uv": [ 13, 6, 14, 6.5 ], "texture": "#texture" },
        "north": { "uv": [ 14, 6, 13, 8.5 ], "texture": "#texture" },
        "south": { "uv": [ 13, 6, 14, 8.5 ], "texture": "#texture" },
        "west":  { "uv": [ 13, 6, 13.5, 8.5 ], "texture": "#texture" },
        "east":  { "uv": [ 13.5, 6, 14, 8.5 ], "texture": "#texture" }
    }
},
{
    "from": [ 3, 8.5, 12 ],
    "to": [ 4.5, 10, 14 ],
    "faces": {
        "down":  { "uv": [ 3, 7, 4.5, 7.5 ], "texture": "#texture" },
        "up":    { "uv": [ 3, 6, 4.5, 6.5 ], "texture": "#texture" },
        "north": { "uv": [ 4.5, 6, 3, 7.5 ], "texture": "#texture" },
        "south": { "uv": [ 3, 6, 4.5, 7.5 ], "texture": "#texture" },
        "west":  { "uv": [ 3, 6, 3.5, 7.5 ], "texture": "#texture" },
        "east":  { "uv": [ 4, 6, 4.5, 7.5 ], "texture": "#texture" }
    }
},
{
    "from": [ 2, 8, 12 ],
    "to": [ 3, 9.5, 14 ],
    "faces": {
        "down":  { "uv": [ 2, 7.5, 3, 8.5 ], "texture": "#texture" },
        "up":    { "uv": [ 2, 6.5, 3, 7.5 ], "texture": "#texture" },
        "north": { "uv": [ 3, 6.5, 2, 8 ], "texture": "#texture" },
        "south": { "uv": [ 2, 6.5, 3, 8 ], "texture": "#texture" },
        "west":  { "uv": [ 2, 6.5, 2.5, 8 ], "texture": "#texture" },
        "east":  { "uv": [ 2.5, 6.5, 3, 8 ], "texture": "#texture" }
    }
},
{
    "from": [ 1.5, 7, 12.5 ],
    "to": [ 2, 9.5, 13.5 ],
    "faces": {
        "up":    { "uv": [ 1.5, 6.5, 2, 7 ], "texture": "#texture" },
        "north": { "uv": [ 1.5, 6.5, 2, 9 ], "texture": "#texture" },
        "south": { "uv": [ 1.5, 6.5, 2, 9 ], "texture": "#texture" },
        "west":  { "uv": [ 1.5, 6.5, 2, 9 ], "texture": "#texture" },
        "east":  { "uv": [ 1.5, 6.5, 2, 9 ], "texture": "#texture" }
    }
},
{
    "from": [ 1, 7, 12.5 ],
    "to": [ 1.5, 9, 13.5 ],
    "faces": {
        "up":    { "uv": [ 1, 7, 1.5, 7.5 ], "texture": "#texture" },
        "north": { "uv": [ 1.5, 7, 1, 9 ], "texture": "#texture" },
        "south": { "uv": [ 1, 7, 1.5, 9 ], "texture": "#texture" },
        "west":  { "uv": [ 1, 7, 1.5, 9 ], "texture": "#texture" }
    }
},
{
    "from": [ 0.5, 7, 12.5 ],
    "to": [ 1, 8, 13.5 ],
    "faces": {
        "up":    { "uv": [ 0.5, 8, 1, 8.5 ], "texture": "#texture" },
        "north": { "uv": [ 1, 8, 0.5, 9 ], "texture": "#texture" },
        "south": { "uv": [ 0.5, 8, 1, 9 ], "texture": "#texture" },
        "west":  { "uv": [ 0.5, 8, 1, 9 ], "texture": "#texture" }
    }
},
{
    "from": [ 1.5, 8, 12 ],
    "to": [ 2, 9, 14 ],
    "faces": {
        "down":  { "uv": [ 1.5, 8, 2, 7 ], "texture": "#texture" },
        "up":    { "uv": [ 1.5, 7, 2, 8 ], "texture": "#texture" },
        "north": { "uv": [ 1.5, 7, 2, 7.5 ], "texture": "#texture" },
        "south": { "uv": [ 1.5, 8, 2, 7.5 ], "texture": "#texture" },
        "west":  { "uv": [ 1.5, 7, 2, 7.5 ], "texture": "#texture" }
    }
},
{
    "from": [ 12, 8, 13 ],
    "to": [ 13, 9.5, 14 ],
    "faces": {
        "down":  { "uv": [ 12, 7, 13, 7.5 ], "texture": "#texture" },
        "up":    { "uv": [ 12, 6.5, 13, 7 ], "texture": "#texture" },
        "north": { "uv": [ 13, 6.5, 12, 8 ], "texture": "#texture" },
        "south": { "uv": [ 12, 6.5, 13, 8 ], "texture": "#texture" },
        "west":  { "uv": [ 12, 6.5, 12.5, 8 ], "texture": "#texture" }
    }
},
{
    "from": [ 13, 8, 12 ],
    "to": [ 14, 9.5, 14 ],
    "faces": {
        "down":  { "uv": [ 13, 7.5, 14, 8 ], "texture": "#texture" },
        "up":    { "uv": [ 13, 6.5, 14, 7 ], "texture": "#texture" },
        "north": { "uv": [ 14, 6.5, 13, 8 ], "texture": "#texture" },
        "south": { "uv": [ 13, 6.5, 14, 8 ], "texture": "#texture" },
        "west":  { "uv": [ 13, 6.5, 13.5, 8 ], "texture": "#texture" },
        "east":  { "uv": [ 13.5, 6.5, 14, 8 ], "texture": "#texture" }
    }
},
{
    "from": [ 14, 8, 12 ],
    "to": [ 14.5, 9, 14 ],
    "faces": {
        "down":  { "uv": [ 14, 8, 14.5, 7 ], "texture": "#texture" },
        "up":    { "uv": [ 14, 7, 14.5, 8 ], "texture": "#texture" },
        "north": { "uv": [ 14, 7, 14.5, 7.5 ], "texture": "#texture" },
        "south": { "uv": [ 14, 8, 14.5, 7.5 ], "texture": "#texture" },
        "east":  { "uv": [ 14.5, 7, 14, 7.5 ], "texture": "#texture" }
    }
},
{
    "from": [ 14, 7, 12.5 ],
    "to": [ 14.5, 9.5, 13.5 ],
    "faces": {
        "up":    { "uv": [ 13.5, 6.5, 14, 7 ], "texture": "#texture" },
        "north": { "uv": [ 14, 6.5, 14.5, 9 ], "texture": "#texture" },
        "south": { "uv": [ 14, 6.5, 14.5, 9 ], "texture": "#texture" },
        "west":  { "uv": [ 13.5, 6, 14, 8.5 ], "texture": "#texture" },
        "east":  { "uv": [ 13.5, 6, 14, 8.5 ], "texture": "#texture" }
    }
},
{
    "from": [ 14.5, 7, 12.5 ],
    "to": [ 15, 9, 13.5 ],
    "faces": {
        "up":    { "uv": [ 14.5, 7, 15, 7.5 ], "texture": "#texture" },
        "north": { "uv": [ 14.5, 7, 15, 9 ], "texture": "#texture" },
        "south": { "uv": [ 14.5, 7, 15, 9 ], "texture": "#texture" },
        "east":  { "uv": [ 14.5, 7, 15, 9 ], "texture": "#texture" }
    }
},
{
    "from": [ 15, 7, 12.5 ],
    "to": [ 15.5, 8, 13.5 ],
    "faces": {
        "up":    { "uv": [ 15, 8, 15.5, 8.5 ], "texture": "#texture" },
        "north": { "uv": [ 15, 8, 15.5, 9 ], "texture": "#texture" },
        "south": { "uv": [ 15, 8, 15.5, 9 ], "texture": "#texture" },
        "east":  { "uv": [ 15, 8, 15.5, 9 ], "texture": "#texture" }
    }
},
{
    "from": [ 11.5, 8.5, 12 ],
    "to": [ 13, 10, 14 ],
    "faces": {
        "down":  { "uv": [ 11.5, 7, 13, 7.5 ], "texture": "#texture" },
        "up":    { "uv": [ 11.5, 6, 13, 6.5 ], "texture": "#texture" },
        "north": { "uv": [ 13, 6, 11.5, 7.5 ], "texture": "#texture" },
        "south": { "uv": [ 11.5, 6, 13, 7.5 ], "texture": "#texture" },
        "west":  { "uv": [ 11.5, 6, 12, 7.5 ], "texture": "#texture" },
        "east":  { "uv": [ 12.5, 6, 13, 7.5 ], "texture": "#texture" }
    }
},
{
    "from": [ 3.5, 3.5, 12.5 ],
    "to": [ 4, 10, 13 ],
    "faces": {
        "down":  { "uv": [ 3.5, 12, 4, 13 ], "texture": "#texture" },
        "up":    { "uv": [ 3.5, 6.5, 4, 7.5 ], "texture": "#texture" },
        "north": { "uv": [ 3.5, 6.5, 4, 13 ], "texture": "#texture" },
        "south": { "uv": [ 3.5, 6.5, 4, 13 ], "texture": "#texture" },
        "west":  { "uv": [ 3.5, 6.5, 4, 13 ], "texture": "#texture" },
        "east":  { "uv": [ 3.5, 6.5, 4, 13 ], "texture": "#texture" }
    }
},
{
    "from": [ 3.5, 4.5, 12 ],
    "to": [ 4, 8.5, 12.5 ],
    "faces": {
        "north": { "uv": [ 3.5, 8, 4, 12 ], "texture": "#texture" },
        "west":  { "uv": [ 3.5, 8, 4, 12 ], "texture": "#texture" },
        "east":  { "uv": [ 3.5, 8, 4, 12 ], "texture": "#texture" }
    }
},
{
    "from": [ 5, 10.5, 12 ],
    "to": [ 11, 11, 13.5 ],
    "faces": {
        "down":  { "uv": [ 5, 5.5, 11, 6 ], "texture": "#texture" },
        "up":    { "uv": [ 5, 5.5, 11, 6 ], "texture": "#texture" },
        "north": { "uv": [ 11, 5.5, 5, 6 ], "texture": "#texture" },
        "south": { "uv": [ 5, 5.5, 11, 6 ], "texture": "#texture" },
        "west":  { "uv": [ 5.5, 5.5, 6.5, 6 ], "texture": "#texture" },
        "east":  { "uv": [ 9.5, 5.5, 10.5, 6 ], "texture": "#texture" }
    }
},
{
    "from": [ 3.5, 8, 12 ],
    "to": [ 5.5, 10.5, 13 ],
    "faces": {
        "down":  { "uv": [ 3.5, 7.5, 5.5, 8 ], "texture": "#texture" },
        "up":    { "uv": [ 3.5, 5.5, 5.5, 6 ], "texture": "#texture" },
        "north": { "uv": [ 5.5, 5.5, 3.5, 8 ], "texture": "#texture" },
        "south": { "uv": [ 3.5, 5.5, 5.5, 8 ], "texture": "#texture" },
        "west":  { "uv": [ 3.5, 5.5, 4, 8 ], "texture": "#texture" },
        "east":  { "uv": [ 5, 5.5, 5.5, 8 ], "texture": "#texture" }
    }
},
{
    "from": [ 10.5, 8, 12 ],
    "to": [ 12.5, 10.5, 13 ],
    "faces": {
        "down":  { "uv": [ 10.5, 7, 12.5, 7.5 ], "texture": "#texture" },
        "up":    { "uv": [ 10.5, 5.5, 12.5, 6 ], "texture": "#texture" },
        "north": { "uv": [ 12.5, 5.5, 10.5, 8 ], "texture": "#texture" },
        "south": { "uv": [ 10.5, 5.5, 12.5, 8 ], "texture": "#texture" },
        "west":  { "uv": [ 11, 5.5, 11.5, 8 ], "texture": "#texture" },
        "east":  { "uv": [ 12, 5.5, 12.5, 8 ], "texture": "#texture" }
    }
},
{
    "from": [ 12, 3.5, 12.5 ],
    "to": [ 12.5, 10, 13 ],
    "faces": {
        "down":  { "uv": [ 12, 11.5, 12.5, 12.5 ], "texture": "#texture" },
        "up":    { "uv": [ 12, 6.5, 12.5, 7.5 ], "texture": "#texture" },
        "north": { "uv": [ 12, 6.5, 12.5, 13 ], "texture": "#texture" },
        "south": { "uv": [ 12, 6.5, 12.5, 13 ], "texture": "#texture" },
        "west":  { "uv": [ 12, 6.5, 12.5, 13 ], "texture": "#texture" },
        "east":  { "uv": [ 12, 6.5, 12.5, 13 ], "texture": "#texture" }
    }
},
{
    "from": [ 12, 4.5, 12 ],
    "to": [ 12.5, 8, 12.5 ],
    "faces": {
        "north": { "uv": [ 12, 8.5, 12.5, 12 ], "texture": "#texture" },
        "east":  { "uv": [ 12, 8.5, 12.5, 12 ], "texture": "#texture" }
    }
},
{
    "from": [ 0, 4.5, 12 ],
    "to": [ 2, 6.5, 14 ],
    "faces": {
        "down":  { "uv": [ 0, 11, 2, 11.5 ], "texture": "#texture" },
        "up":    { "uv": [ 0.5, 10.5, 2, 9.5 ], "texture": "#texture" },
        "north": { "uv": [ 0, 9.5, 2, 11.5 ], "texture": "#texture" },
        "south": { "uv": [ 0, 9.5, 2, 11.5 ], "texture": "#texture" },
        "west":  { "uv": [ 2, 9.5, 0, 11.5 ], "texture": "#texture", "cullface": "west" },
        "east":  { "uv": [ 2, 9.5, 0, 11.5 ], "texture": "#texture" }
    }
},
{
    "from": [ 0.5, 4, 12 ],
    "to": [ 1.5, 7, 14 ],
    "faces": {
        "down":  { "uv": [ 0.5, 11.5, 1.5, 12 ], "texture": "#texture" },
        "up":    { "uv": [ 0.5, 9, 1.5, 9.5 ], "texture": "#texture" },
        "north": { "uv": [ 0.5, 9, 1.5, 12 ], "texture": "#texture" },
        "south": { "uv": [ 0.5, 9, 1.5, 12 ], "texture": "#texture" },
        "west":  { "uv": [ 1.5, 9, 0.5, 12 ], "texture": "#texture" },
        "east":  { "uv": [ 1.5, 9, 0.5, 12 ], "texture": "#texture" }
    }
},
{
    "from": [ 0, 4, 12.5 ],
    "to": [ 2, 7, 13.5 ],
    "faces": {
        "down":  { "uv": [ 0.5, 11.5, 1.5, 12 ], "texture": "#texture" },
        "up":    { "uv": [ 0.5, 9, 1.5, 9.5 ], "texture": "#texture" },
        "north": { "uv": [ 0.5, 9, 1.5, 12 ], "texture": "#texture" },
        "south": { "uv": [ 0.5, 9, 1.5, 12 ], "texture": "#texture" },
        "west":  { "uv": [ 1.5, 9, 0.5, 12 ], "texture": "#texture", "cullface": "west" },
        "east":  { "uv": [ 1.5, 9, 0.5, 12 ], "texture": "#texture" }
    }
},
{
    "from": [ -0.5, 5, 12.5 ],
    "to": [ 2.5, 6, 13.5 ],
    "faces": {
        "down":  { "uv": [ 2, 10, 2.5, 11 ], "texture": "#texture", "cullface": "west" },
        "up":    { "uv": [ 2, 10, 2.5, 11 ], "texture": "#texture", "cullface": "west" },
        "north": { "uv": [ 2, 10, 2.5, 11 ], "texture": "#texture", "cullface": "west" },
        "south": { "uv": [ 2, 10, 2.5, 11 ], "texture": "#texture", "cullface": "west" },
        "west":  { "uv": [ 2, 10, 2.5, 11 ], "texture": "#texture", "cullface": "west" },
        "east":  { "uv": [ 2, 10, 2.5, 11 ], "texture": "#texture", "cullface": "west" }
    }
},
{
    "from": [ 13.5, 5, 12.5 ],
    "to": [ 16.5, 6, 13.5 ],
    "faces": {
        "down":  { "uv": [ 2, 10, 2.5, 11 ], "texture": "#texture", "cullface": "east" },
        "up":    { "uv": [ 2, 10, 2.5, 11 ], "texture": "#texture", "cullface": "east" },
        "north": { "uv": [ 2, 10, 2.5, 11 ], "texture": "#texture", "cullface": "east" },
        "south": { "uv": [ 2, 10, 2.5, 11 ], "texture": "#texture", "cullface": "east" },
        "west":  { "uv": [ 2, 10, 2.5, 11 ], "texture": "#texture", "cullface": "east" },
        "east":  { "uv": [ 2, 10, 2.5, 11 ], "texture": "#texture", "cullface": "east" }
    }
},
{
    "from": [ 14, 4, 12.5 ],
    "to": [ 16, 7, 13.5 ],
    "faces": {
        "down":  { "uv": [ 0.5, 11.5, 1.5, 12 ], "texture": "#texture" },
        "up":    { "uv": [ 0.5, 9, 1.5, 9.5 ], "texture": "#texture" },
        "north": { "uv": [ 0.5, 9, 1.5, 12 ], "texture": "#texture" },
        "south": { "uv": [ 0.5, 9, 1.5, 12 ], "texture": "#texture" },
        "west":  { "uv": [ 1.5, 9, 0.5, 12 ], "texture": "#texture" },
        "east":  { "uv": [ 1.5, 9, 0.5, 12 ], "texture": "#texture", "cullface": "east" }
    }
},
{
    "from": [ 14, 4.5, 12 ],
    "to": [ 16, 6.5, 14 ],
    "faces": {
        "down":  { "uv": [ 0, 11, 2, 11.5 ], "texture": "#texture" },
        "up":    { "uv": [ 0.5, 10.5, 2, 9.5 ], "texture": "#texture" },
        "north": { "uv": [ 0, 9.5, 2, 11.5 ], "texture": "#texture" },
        "south": { "uv": [ 0, 9.5, 2, 11.5 ], "texture": "#texture" },
        "west":  { "uv": [ 2, 9.5, 0, 11.5 ], "texture": "#texture" },
        "east":  { "uv": [ 2, 9.5, 0, 11.5 ], "texture": "#texture", "cullface": "east" }
    }
},
{
    "from": [ 14.5, 4, 12 ],
    "to": [ 15.5, 7, 14 ],
    "faces": {
        "down":  { "uv": [ 0.5, 11.5, 1.5, 12 ], "texture": "#texture" },
        "up":    { "uv": [ 0.5, 9, 1.5, 9.5 ], "texture": "#texture" },
        "north": { "uv": [ 0.5, 9, 1.5, 12 ], "texture": "#texture" },
        "south": { "uv": [ 0.5, 9, 1.5, 12 ], "texture": "#texture" },
        "west":  { "uv": [ 1.5, 9, 0.5, 12 ], "texture": "#texture" },
        "east":  { "uv": [ 1.5, 9, 0.5, 12 ], "texture": "#texture" }
    }
},
{
    "from": [ 5.5, 8, 12 ],
    "to": [ 10.5, 10.5, 12.5 ],
    "faces": {
        "north": { "uv": [ 8, 10.5, 8.5, 11 ], "texture": "#texture" },
        "south": { "uv": [ 8, 11, 8.5, 10.5 ], "texture": "#texture" }
    }
},
{
    "from": [ 4, 4.5, 12 ],
    "to": [ 12, 8, 12.5 ],
    "faces": {
        "down":  { "uv": [ 8, 11, 8.5, 10.5 ], "texture": "#texture" },
        "up":    { "uv": [ 8, 10.5, 8.5, 11 ], "texture": "#texture" },
        "north": { "uv": [ 8, 10.5, 8.5, 11 ], "texture": "#texture" },
        "south": { "uv": [ 8, 11, 8.5, 10.5 ], "texture": "#texture" }
    }
},
{
    "from": [ 4, 1.5, 12.5 ],
    "to": [ 12, 4.5, 13 ],
    "faces": {
        "down":  { "uv": [ 8, 11, 8.5, 10.5 ], "texture": "#texture" },
        "up":    { "uv": [ 8, 10.5, 8.5, 11 ], "texture": "#texture" },
        "north": { "uv": [ 8, 10.5, 8.5, 11 ], "texture": "#texture" },
        "west":  { "uv": [ 8, 10.5, 8.5, 11 ], "texture": "#texture" },
        "east":  { "uv": [ 8.5, 10.5, 8, 11 ], "texture": "#texture" }
    }
},
{
    "from": [ 4.5, 1, 13 ],
    "to": [ 11.5, 1.5, 13.5 ],
    "faces": {
        "down":  { "uv": [ 8, 11, 8.5, 10.5 ], "texture": "#texture" },
        "north": { "uv": [ 8, 10.5, 8.5, 11 ], "texture": "#texture" },
        "west":  { "uv": [ 8, 10.5, 8.5, 11 ], "texture": "#texture" },
        "east":  { "uv": [ 8.5, 10.5, 8, 11 ], "texture": "#texture" }
    }
},
{
    "from": [ 5, 0.5, 13 ],
    "to": [ 11, 1, 13.5 ],
    "faces": {
        "down":  { "uv": [ 8, 11, 8.5, 10.5 ], "texture": "#texture" },
        "north": { "uv": [ 8, 10.5, 8.5, 11 ], "texture": "#texture" },
        "west":  { "uv": [ 8, 10.5, 8.5, 11 ], "texture": "#texture" },
        "east":  { "uv": [ 8.5, 10.5, 8, 11 ], "texture": "#texture" }
    }
},
{
    "from": [ 6, 0, 13 ],
    "to": [ 10, 0.5, 13.5 ],
    "faces": {
        "down":  { "uv": [ 8, 11, 8.5, 10.5 ], "texture": "#texture", "cullface": "down" },
        "north": { "uv": [ 8, 10.5, 8.5, 11 ], "texture": "#texture" },
        "west":  { "uv": [ 8, 10.5, 8.5, 11 ], "texture": "#texture" },
        "east":  { "uv": [ 8.5, 10.5, 8, 11 ], "texture": "#texture" }
    }
},
{
    "from": [ 3.5, 6.5, 5 ],
    "to": [ 4, 8, 11.5 ],
    "faces": {
        "down":  { "uv": [ 12.5, 1, 13, 1.5 ], "texture": "#texture" },
        "up":    { "uv": [ 12.5, 0, 13, 0.5 ], "texture": "#texture" },
        "north": { "uv": [ 12.5, 0, 13, 1.5 ], "texture": "#texture" },
        "west":  { "uv": [ 12.5, 0, 13.5, 1.5 ], "texture": "#texture" },
        "east":  { "uv": [ 12.5, 0, 13.5, 1.5 ], "texture": "#texture" }
    }
},
{
    "from": [ 3.5, 3, 5 ],
    "to": [ 4, 4.5, 12 ],
    "faces": {
        "down":  { "uv": [ 12.5, 1, 13, 1.5 ], "texture": "#texture" },
        "up":    { "uv": [ 12.5, 0, 13, 0.5 ], "texture": "#texture" },
        "north": { "uv": [ 12.5, 0, 13, 1.5 ], "texture": "#texture" },
        "west":  { "uv": [ 12.5, 0, 13.5, 1.5 ], "texture": "#texture" },
        "east":  { "uv": [ 12.5, 0, 13.5, 1.5 ], "texture": "#texture" }
    }
},
{
    "from": [ 12, 6.5, 5 ],
    "to": [ 12.5, 8, 11.5 ],
    "faces": {
        "down":  { "uv": [ 12.5, 1, 13, 1.5 ], "texture": "#texture" },
        "up":    { "uv": [ 12.5, 0, 13, 0.5 ], "texture": "#texture" },
        "north": { "uv": [ 12.5, 0, 13, 1.5 ], "texture": "#texture" },
        "west":  { "uv": [ 12.5, 0, 13.5, 1.5 ], "texture": "#texture" },
        "east":  { "uv": [ 12.5, 0, 13.5, 1.5 ], "texture": "#texture" }
    }
},
{
    "from": [ 12, 3, 5 ],
    "to": [ 12.5, 4.5, 12 ],
    "faces": {
        "down":  { "uv": [ 12.5, 1, 13, 1.5 ], "texture": "#texture" },
        "up":    { "uv": [ 12.5, 0, 13, 0.5 ], "texture": "#texture" },
        "north": { "uv": [ 12.5, 0, 13, 1.5 ], "texture": "#texture" },
        "west":  { "uv": [ 12.5, 0, 13.5, 1.5 ], "texture": "#texture" },
        "east":  { "uv": [ 12.5, 0, 13.5, 1.5 ], "texture": "#texture" }
    }
},
{
    "from": [ 3.5, 6.5, 11.5 ],
    "to": [ 4, 8, 12 ],
    "faces": {
        "down":  { "uv": [ 15.5, 0.5, 16, 0 ], "texture": "#texture" },
        "up":    { "uv": [ 15.5, 0, 16, 0.5 ], "texture": "#texture" },
        "west":  { "uv": [ 15.5, 0, 16, 0.5 ], "texture": "#texture" },
        "east":  { "uv": [ 16, 0, 15.5, 0.5 ], "texture": "#texture" }
    }
},
{
    "from": [ 3.5, 3, 12 ],
    "to": [ 4, 4.5, 12.5 ],
    "faces": {
        "down":  { "uv": [ 15.5, 0.5, 16, 0 ], "texture": "#texture" },
        "south": { "uv": [ 15.5, 0.5, 16, 0 ], "texture": "#texture" },
        "west":  { "uv": [ 15.5, 0, 16, 0.5 ], "texture": "#texture" },
        "east":  { "uv": [ 16, 0, 15.5, 0.5 ], "texture": "#texture" }
    }
},
{
    "from": [ 12, 3, 12 ],
    "to": [ 12.5, 4.5, 12.5 ],
    "faces": {
        "down":  { "uv": [ 15.5, 0.5, 16, 0 ], "texture": "#texture" },
        "south": { "uv": [ 15.5, 0.5, 16, 0 ], "texture": "#texture" },
        "west":  { "uv": [ 15.5, 0, 16, 0.5 ], "texture": "#texture" },
        "east":  { "uv": [ 16, 0, 15.5, 0.5 ], "texture": "#texture" }
    }
},
{
    "from": [ 12, 6.5, 11.5 ],
    "to": [ 12.5, 8, 12 ],
    "faces": {
        "down":  { "uv": [ 15.5, 0.5, 16, 0 ], "texture": "#texture" },
        "up":    { "uv": [ 15.5, 0, 16, 0.5 ], "texture": "#texture" },
        "west":  { "uv": [ 15.5, 0, 16, 0.5 ], "texture": "#texture" },
        "east":  { "uv": [ 16, 0, 15.5, 0.5 ], "texture": "#texture" }
    }
},
{
    "from": [ 4, 6.5, 4.5 ],
    "to": [ 12, 8, 5 ],
    "faces": {
        "down":  { "uv": [ 11, 1, 11.5, 1.5 ], "texture": "#texture" },
        "up":    { "uv": [ 11, 0, 11.5, 0.5 ], "texture": "#texture" },
        "north": { "uv": [ 11, 0, 11.5, 1.5 ], "texture": "#texture" },
        "south": { "uv": [ 11, 0, 11.5, 1.5 ], "texture": "#texture" },
        "west":  { "uv": [ 11, 0, 11.5, 1.5 ], "texture": "#texture" },
        "east":  { "uv": [ 11, 0, 11.5, 1.5 ], "texture": "#texture" }
    }
},
{
    "from": [ 4, 3, 4.5 ],
    "to": [ 12, 4.5, 5 ],
    "faces": {
        "down":  { "uv": [ 11, 1, 11.5, 1.5 ], "texture": "#texture" },
        "up":    { "uv": [ 11, 0, 11.5, 0.5 ], "texture": "#texture" },
        "north": { "uv": [ 11, 0, 11.5, 1.5 ], "texture": "#texture" },
        "south": { "uv": [ 11, 0, 11.5, 1.5 ], "texture": "#texture" },
        "west":  { "uv": [ 11, 0, 11.5, 1.5 ], "texture": "#texture" },
        "east":  { "uv": [ 11, 0, 11.5, 1.5 ], "texture": "#texture" }
    }
},
{
    "from": [ 7, 6.5, 4 ],
    "to": [ 9, 8, 4.5 ],
    "faces": {
        "down":  { "uv": [ 10.5, 0.5, 11, 0 ], "texture": "#texture" },
        "up":    { "uv": [ 10.5, 0, 11, 0.5 ], "texture": "#texture" },
        "north": { "uv": [ 10.5, 0, 11, 0.5 ], "texture": "#texture" },
        "west":  { "uv": [ 10.5, 0, 11, 0.5 ], "texture": "#texture" },
        "east":  { "uv": [ 11, 0, 10.5, 0.5 ], "texture": "#texture" }
    }
},
{
    "from": [ 7, 3, 4 ],
    "to": [ 9, 4.5, 4.5 ],
    "faces": {
        "down":  { "uv": [ 10.5, 0.5, 11, 0 ], "texture": "#texture" },
        "up":    { "uv": [ 10.5, 0, 11, 0.5 ], "texture": "#texture" },
        "north": { "uv": [ 10.5, 0, 11, 0.5 ], "texture": "#texture" },
        "west":  { "uv": [ 10.5, 0, 11, 0.5 ], "texture": "#texture" },
        "east":  { "uv": [ 11, 0, 10.5, 0.5 ], "texture": "#texture" }
    }
},
{
    "from": [ 7, 8, 4.5 ],
    "to": [ 9, 8.5, 5 ],
    "faces": {
        "up":    { "uv": [ 10.5, 0, 11, 0.5 ], "texture": "#texture" },
        "north": { "uv": [ 10.5, 0, 11, 0.5 ], "texture": "#texture" },
        "south": { "uv": [ 10.5, 0.5, 11, 0 ], "texture": "#texture" },
        "west":  { "uv": [ 10.5, 0, 11, 0.5 ], "texture": "#texture" },
        "east":  { "uv": [ 11, 0, 10.5, 0.5 ], "texture": "#texture" }
    }
},
{
    "from": [ 7, 6, 4.5 ],
    "to": [ 9, 6.5, 5 ],
    "faces": {
        "down":  { "uv": [ 10.5, 0.5, 11, 0 ], "texture": "#texture" },
        "north": { "uv": [ 10.5, 0, 11, 0.5 ], "texture": "#texture" },
        "south": { "uv": [ 10.5, 0.5, 11, 0 ], "texture": "#texture" },
        "west":  { "uv": [ 10.5, 0, 11, 0.5 ], "texture": "#texture" },
        "east":  { "uv": [ 11, 0, 10.5, 0.5 ], "texture": "#texture" }
    }
},
{
    "from": [ 7, 4.5, 4.5 ],
    "to": [ 9, 5, 5 ],
    "faces": {
        "up":    { "uv": [ 10.5, 0, 11, 0.5 ], "texture": "#texture" },
        "north": { "uv": [ 10.5, 0, 11, 0.5 ], "texture": "#texture" },
        "south": { "uv": [ 10.5, 0.5, 11, 0 ], "texture": "#texture" },
        "west":  { "uv": [ 10.5, 0, 11, 0.5 ], "texture": "#texture" },
        "east":  { "uv": [ 11, 0, 10.5, 0.5 ], "texture": "#texture" }
    }
},
{
    "from": [ 7, 2.5, 4.5 ],
    "to": [ 9, 3, 5 ],
    "faces": {
        "down":  { "uv": [ 10.5, 0.5, 11, 0 ], "texture": "#texture" },
        "north": { "uv": [ 10.5, 0, 11, 0.5 ], "texture": "#texture" },
        "south": { "uv": [ 10.5, 0.5, 11, 0 ], "texture": "#texture" },
        "west":  { "uv": [ 10.5, 0, 11, 0.5 ], "texture": "#texture" },
        "east":  { "uv": [ 11, 0, 10.5, 0.5 ], "texture": "#texture" }
    }
}
],
"display": {
    "head": {
        "rotation": [ 0, 180, 0 ],
        "translation": [ 0, 4.72, 1.32 ],
        "scale": [ 1.9, 1.9, 1.6 ]
    },
    "fixed": {
        "rotation": [ 0, 180, 0 ],
        "translation": [ 0, 2.27, 4.72 ],
        "scale": [ 1, 1, 1 ]
    },
    "gui": {
        "rotation": [ 0, 0, 0 ],
        "translation": [ 0, 1.7, 0 ],
        "scale": [ 0.8, 0.8, 0.8 ]
    }
}
}
