{"__comment":"designed by hypixel minecraft server with bdcraft cubik pro 0.95 beta - http://bdcraft.net","textures":{"particle":"entity/pig_skin","texture":"entity/pig_skin","wings":"entity/wings"},"elements":[{"from":[5,5,-1.5],"to":[11,11,4.5],"faces":{"down":{"uv":[4,0,6,2],"texture":"#texture"},"up":{"uv":[2,2,4,0],"texture":"#texture"},"north":{"uv":[2,2,4,4],"texture":"#texture"},"west":{"uv":[4,2,6,4],"texture":"#texture"},"east":{"uv":[0,2,2,4],"texture":"#texture"}}},{"from":[4.5,4.5,4.5],"to":[11.5,11,16.5],"faces":{"down":{"uv":[11.5,8,9,4],"texture":"#texture"},"up":{"uv":[11.5,4,14,8],"texture":"#texture"},"north":{"uv":[10,2,12,4],"texture":"#texture"},"south":{"uv":[12,2,14,4],"texture":"#texture"},"west":{"uv":[12,0,16,2],"texture":"#texture"},"east":{"uv":[12,0,16,2],"texture":"#texture"}}},{"from":[6.5,6,-2],"to":[9.5,8,-1.5],"faces":{"down":{"uv":[4,5.5,5.5,5],"texture":"#texture"},"up":{"uv":[4,5,5.5,5.5],"texture":"#texture"},"north":{"uv":[5.5,5,4,6.5],"texture":"#texture"},"west":{"uv":[4.5,5,5,6.5],"texture":"#texture"},"east":{"uv":[5,5,4.5,6.5],"texture":"#texture"}}},{"from":[11.5,6.4375,6.5],"to":[18.5,6.5,13],"rotation":{"origin":[11.5,6.5,6.5],"axis":"z","angle":-45},"faces":{"down":{"uv":[10,7,16,0],"texture":"#wings"},"up":{"uv":[10,0,16,7],"texture":"#wings"}}},{"from":[-0.5,11.9375,6.5625],"to":[6.5,12,13.0625],"rotation":{"origin":[-0.5,12,6.5625],"axis":"z","angle":-45},"faces":{"down":{"uv":[0,7,6,0],"texture":"#wings"},"up":{"uv":[0,0,6,7],"texture":"#wings"}}},{"from":[-0.5,1.9375,6.5],"to":[6.5,2,13],"rotation":{"origin":[-0.5,2,6.5],"axis":"z","angle":45},"faces":{"down":{"uv":[0,16,6,9],"texture":"#wings"},"up":{"uv":[0,9,6,16],"texture":"#wings"}}},{"from":[11.4375,6.9375,6.5625],"to":[18.4375,7,13.0625],"rotation":{"origin":[11.4375,7,6.5625],"axis":"z","angle":45},"faces":{"down":{"uv":[10,16,16,9],"texture":"#wings"},"up":{"uv":[10,9,16,16],"texture":"#wings"}}},{"from":[5,2,12],"to":[7.5,4.5,15.5],"faces":{"down":{"uv":[1,6.5,2,5],"texture":"#texture"},"north":{"uv":[1,4,2,5],"texture":"#texture"},"south":{"uv":[2,4,3,5],"texture":"#texture"},"west":{"uv":[0,5,1,6.5],"texture":"#texture"},"east":{"uv":[2,5,3,6.5],"texture":"#texture"}}},{"from":[5,2,5.5],"to":[7.5,4.5,9],"faces":{"down":{"uv":[1,6.5,2,5],"texture":"#texture"},"north":{"uv":[1,4,2,5],"texture":"#texture"},"south":{"uv":[2,4,3,5],"texture":"#texture"},"west":{"uv":[0,5,1,6.5],"texture":"#texture"},"east":{"uv":[2,5,3,6.5],"texture":"#texture"}}},{"from":[8.5,2,5.5],"to":[11,4.5,9],"faces":{"down":{"uv":[1,6.5,2,5],"texture":"#texture"},"north":{"uv":[1,4,2,5],"texture":"#texture"},"south":{"uv":[2,4,3,5],"texture":"#texture"},"west":{"uv":[0,5,1,6.5],"texture":"#texture"},"east":{"uv":[2,5,3,6.5],"texture":"#texture"}}},{"from":[8.5,2,12],"to":[11,4.5,15.5],"faces":{"down":{"uv":[1,6.5,2,5],"texture":"#texture"},"north":{"uv":[1,4,2,5],"texture":"#texture"},"south":{"uv":[2,4,3,5],"texture":"#texture"},"west":{"uv":[0,5,1,6.5],"texture":"#texture"},"east":{"uv":[2,5,3,6.5],"texture":"#texture"}}}]}
