{"__comment":"designed by hypixel minecraft server with bdcraft cubik pro 0.92 beta - http://bdcraft.net","textures":{"texture":"items/chain_lightning"},"elements":[{"from":[-9.9375,-5.59563,-5.5],"to":[26.0175,-5.5,31.22],"rotation":{"origin":[-9.9375,-5.5,-5.5],"axis":"x","angle":-45},"faces":{"down":{"uv":[0,16,16,0],"texture":"#texture"},"up":{"uv":[0,0,16,16],"texture":"#texture"}}},{"from":[-9.9375,21.6544,-5.9375],"to":[26.0175,21.75,30.7825],"rotation":{"origin":[-9.9375,21.75,-5.9375],"axis":"x","angle":45},"faces":{"down":{"uv":[0,16,16,0],"texture":"#texture"},"up":{"uv":[0,0,16,16],"texture":"#texture"}}}],"display":{"head":{"rotation":[0,90,0],"translation":[0,0,0],"scale":[2,2,2]}}}
