{"__comment":"designed by hypixel minecraft server with bdcraft cubik pro 0.90 beta - http://bdcraft.net","textures":{"particle":"blocks/abomination","bulk":"blocks/abomination"},"elements":[{"from":[4.5,0,8.5],"to":[7,0.5,12.5],"faces":{"down":{"uv":[6,16,6.5,15.5],"texture":"#bulk","cullface":"down"},"north":{"uv":[6,15.5,6.5,16],"texture":"#bulk"},"south":{"uv":[6,16,6.5,15.5],"texture":"#bulk"},"west":{"uv":[6,15.5,6.5,16],"texture":"#bulk"}}},{"from":[7,0,8],"to":[9.5,0.5,13],"faces":{"down":{"uv":[6,16,6.5,15.5],"texture":"#bulk","cullface":"down"},"north":{"uv":[6,15.5,6.5,16],"texture":"#bulk"},"south":{"uv":[6,16,6.5,15.5],"texture":"#bulk"},"west":{"uv":[6,15.5,6.5,16],"texture":"#bulk"},"east":{"uv":[6.5,15.5,6,16],"texture":"#bulk"}}},{"from":[9.5,0,8.5],"to":[12,0.5,13],"faces":{"down":{"uv":[6,16,6.5,15.5],"texture":"#bulk","cullface":"down"},"up":{"uv":[6,15.5,6.5,16],"texture":"#bulk"},"north":{"uv":[6,15.5,6.5,16],"texture":"#bulk"},"south":{"uv":[6,16,6.5,15.5],"texture":"#bulk"},"east":{"uv":[6.5,15.5,6,16],"texture":"#bulk"}}},{"from":[3,0.5,9.5],"to":[13.5,1,11.5],"faces":{"down":{"uv":[6,16,6.5,15.5],"texture":"#bulk"},"north":{"uv":[6,15.5,6.5,16],"texture":"#bulk"},"south":{"uv":[6,16,6.5,15.5],"texture":"#bulk"},"west":{"uv":[6,15.5,6.5,16],"texture":"#bulk"},"east":{"uv":[6.5,15.5,6,16],"texture":"#bulk"}}},{"from":[12,0,9],"to":[12.5,0.5,12],"faces":{"down":{"uv":[6,16,6.5,15.5],"texture":"#bulk","cullface":"down"},"north":{"uv":[6,15.5,6.5,16],"texture":"#bulk"},"south":{"uv":[6,16,6.5,15.5],"texture":"#bulk"},"east":{"uv":[6.5,15.5,6,16],"texture":"#bulk"}}},{"from":[4,0.5,8.5],"to":[12.5,1.5,12.5],"faces":{"down":{"uv":[6,16,6.5,15.5],"texture":"#bulk"},"up":{"uv":[6,15.5,6.5,16],"texture":"#bulk"},"north":{"uv":[6,15.5,6.5,16],"texture":"#bulk"},"south":{"uv":[6,16,6.5,15.5],"texture":"#bulk"},"west":{"uv":[6,15.5,6.5,16],"texture":"#bulk"},"east":{"uv":[6.5,15.5,6,16],"texture":"#bulk"}}},{"from":[5.5,0.5,8],"to":[11,1,13.5],"faces":{"down":{"uv":[6,15.5,6.5,15],"texture":"#bulk"},"north":{"uv":[6,15,6.5,15.5],"texture":"#bulk"},"south":{"uv":[6,15.5,6.5,15],"texture":"#bulk"},"west":{"uv":[6,15,6.5,15.5],"texture":"#bulk"},"east":{"uv":[6.5,15,6,15.5],"texture":"#bulk"}}},{"from":[4.5,0.5,12.5],"to":[12,1,13],"faces":{"down":{"uv":[6,15.5,6.5,15],"texture":"#bulk"},"south":{"uv":[6,15.5,6.5,15],"texture":"#bulk"},"west":{"uv":[6,15,6.5,15.5],"texture":"#bulk"},"east":{"uv":[6.5,15,6,15.5],"texture":"#bulk"}}},{"from":[4,0,10],"to":[4.5,0.5,11.5],"faces":{"down":{"uv":[6,16,6.5,15.5],"texture":"#bulk","cullface":"down"},"north":{"uv":[6,15.5,6.5,16],"texture":"#bulk"},"south":{"uv":[6,16,6.5,15.5],"texture":"#bulk"},"west":{"uv":[6,15.5,6.5,16],"texture":"#bulk"}}},{"from":[5,1,8],"to":[11.5,1.5,13.5],"faces":{"down":{"uv":[5,15,11.5,9.5],"texture":"#bulk"},"north":{"uv":[5,14.5,11.5,15],"texture":"#bulk"},"south":{"uv":[5,14.5,11.5,15],"texture":"#bulk"},"west":{"uv":[7.5,14.5,13,15],"texture":"#bulk"},"east":{"uv":[7.5,14.5,13,15],"texture":"#bulk"}}},{"from":[3,1,9.5],"to":[13.5,1.5,12],"faces":{"down":{"uv":[6,16,6.5,15.5],"texture":"#bulk"},"up":{"uv":[6,15.5,6.5,16],"texture":"#bulk"},"north":{"uv":[6,15.5,6.5,16],"texture":"#bulk"},"south":{"uv":[6,16,6.5,15.5],"texture":"#bulk"},"west":{"uv":[6,15.5,6.5,16],"texture":"#bulk"},"east":{"uv":[6.5,15.5,6,16],"texture":"#bulk"}}},{"from":[3,1,8.5],"to":[13.5,2,11],"faces":{"down":{"uv":[6,16,6.5,15.5],"texture":"#bulk"},"up":{"uv":[6,15.5,6.5,16],"texture":"#bulk"},"north":{"uv":[6,15.5,6.5,16],"texture":"#bulk"},"south":{"uv":[6,16,6.5,15.5],"texture":"#bulk"},"west":{"uv":[6,15.5,6.5,16],"texture":"#bulk"},"east":{"uv":[6.5,15.5,6,16],"texture":"#bulk"}}},{"from":[4.5,1,8.5],"to":[12,3.5,13],"faces":{"down":{"uv":[4.5,15,12,10.5],"texture":"#bulk"},"up":{"uv":[4.5,10.5,12,15],"texture":"#bulk"},"north":{"uv":[4.5,12.5,12,15],"texture":"#bulk"},"south":{"uv":[4.5,12.5,12,15],"texture":"#bulk"},"west":{"uv":[2.5,12.5,7,15],"texture":"#bulk"},"east":{"uv":[9,12.5,13.5,15],"texture":"#bulk"}}},{"from":[3.5,1,9],"to":[13,1.5,9.5],"faces":{"down":{"uv":[6,15.5,6.5,15],"texture":"#bulk"},"north":{"uv":[6,15,6.5,15.5],"texture":"#bulk"},"west":{"uv":[6,15,6.5,15.5],"texture":"#bulk"},"east":{"uv":[6.5,15,6,15.5],"texture":"#bulk"}}},{"from":[3,1.5,8.5],"to":[13.5,3,10.5],"faces":{"down":{"uv":[6,15.5,6.5,15],"texture":"#bulk"},"up":{"uv":[6,15,6.5,15.5],"texture":"#bulk"},"south":{"uv":[6,15.5,6.5,15],"texture":"#bulk"},"west":{"uv":[6,15,6.5,15.5],"texture":"#bulk"},"east":{"uv":[6.5,15,6,15.5],"texture":"#bulk"}}},{"from":[2.5,1.5,8.5],"to":[14,2,10.5],"faces":{"down":{"uv":[6,16,6.5,15.5],"texture":"#bulk"},"up":{"uv":[6,15.5,6.5,16],"texture":"#bulk"},"south":{"uv":[6,16,6.5,15.5],"texture":"#bulk"},"west":{"uv":[6,15.5,6.5,16],"texture":"#bulk"},"east":{"uv":[6.5,15.5,6,16],"texture":"#bulk"}}},{"from":[2.5,1,10],"to":[14,1.5,11],"faces":{"down":{"uv":[6,16,6.5,15.5],"texture":"#bulk"},"up":{"uv":[6,15.5,6.5,16],"texture":"#bulk"},"north":{"uv":[6,15.5,6.5,16],"texture":"#bulk"},"south":{"uv":[6,16,6.5,15.5],"texture":"#bulk"},"west":{"uv":[6,15.5,6.5,16],"texture":"#bulk"},"east":{"uv":[6.5,15.5,6,16],"texture":"#bulk"}}},{"from":[4.5,1.5,8],"to":[12,3,13.5],"faces":{"down":{"uv":[4.5,14.5,12,9],"texture":"#bulk"},"up":{"uv":[4.5,9,12,14.5],"texture":"#bulk"},"south":{"uv":[4.5,13,12,14.5],"texture":"#bulk"},"west":{"uv":[3,13,8.5,14.5],"texture":"#bulk"},"east":{"uv":[7.5,13,13,14.5],"texture":"#bulk"}}},{"from":[5,2,8],"to":[10,3.5,13.5],"faces":{"down":{"uv":[5,13.5,10,8],"texture":"#bulk"},"up":{"uv":[5,8,10,13.5],"texture":"#bulk"},"south":{"uv":[5,12.5,10,14],"texture":"#bulk"},"west":{"uv":[3.5,12.5,9,14],"texture":"#bulk"},"east":{"uv":[8,12.5,13.5,14],"texture":"#bulk"}}},{"from":[10.5,2,8],"to":[11.5,3.5,13.5],"faces":{"down":{"uv":[10.5,13.5,11.5,8],"texture":"#bulk"},"up":{"uv":[10.5,8,11.5,13.5],"texture":"#bulk"},"south":{"uv":[10.5,12.5,11.5,14],"texture":"#bulk"},"west":{"uv":[2.5,12.5,8,14],"texture":"#bulk"},"east":{"uv":[8,12.5,13.5,14],"texture":"#bulk"}}},{"from":[6.5,3.5,8],"to":[10,4.5,13],"faces":{"up":{"uv":[6.5,7,10,12.5],"texture":"#bulk"},"south":{"uv":[6.5,11.5,10,12.5],"texture":"#bulk"},"west":{"uv":[3,11.5,8.5,12.5],"texture":"#bulk"},"east":{"uv":[7.5,11.5,13,12.5],"texture":"#bulk"}}},{"from":[5,3.5,8.5],"to":[11.5,4.5,12.5],"faces":{"up":{"uv":[5,8,11.5,12.5],"texture":"#bulk"},"south":{"uv":[5,11.5,11.5,12.5],"texture":"#bulk"},"west":{"uv":[3,11.5,7.5,12.5],"texture":"#bulk"},"east":{"uv":[8.5,11.5,13,12.5],"texture":"#bulk"}}},{"from":[5,3.5,12.5],"to":[11.5,4,13],"faces":{"up":{"uv":[5,12,11.5,12.5],"texture":"#bulk"},"south":{"uv":[5,12,11.5,12.5],"texture":"#bulk"},"west":{"uv":[12.5,12,13,12.5],"texture":"#bulk"},"east":{"uv":[12.5,12,13,12.5],"texture":"#bulk"}}},{"from":[6.5,3.5,8],"to":[8,4,13.5],"faces":{"up":{"uv":[6.5,7,8,12.5],"texture":"#bulk"},"south":{"uv":[6.5,12,8,12.5],"texture":"#bulk"},"west":{"uv":[3.5,12,9,12.5],"texture":"#bulk"},"east":{"uv":[7.5,12,13,12.5],"texture":"#bulk"}}},{"from":[4,3.5,9.5],"to":[5,4.5,10.5],"faces":{"down":{"uv":[5,11,6,11.5],"texture":"#bulk"},"up":{"uv":[5,10.5,6,11],"texture":"#bulk"},"north":{"uv":[5,10.5,6,11.5],"texture":"#bulk"},"south":{"uv":[5,10.5,6,11.5],"texture":"#bulk"},"west":{"uv":[6,10.5,5,11.5],"texture":"#bulk"}}},{"from":[3.5,1,10.5],"to":[13,2.5,12.5],"faces":{"down":{"uv":[6.5,15,8.5,15.5],"rotation":90,"texture":"#bulk"},"up":{"uv":[6,15.5,6.5,15],"texture":"#bulk"},"north":{"uv":[6,15,6.5,15.5],"texture":"#bulk"},"south":{"uv":[6,15.5,6.5,15],"texture":"#bulk"},"west":{"uv":[6,15,6.5,15.5],"texture":"#bulk"},"east":{"uv":[6.5,15,6,15.5],"texture":"#bulk"}}},{"from":[4,1,12.5],"to":[12.5,2.5,13],"faces":{"down":{"uv":[4,14.5,12.5,15],"texture":"#bulk"},"south":{"uv":[4,13.5,12.5,15],"texture":"#bulk"},"west":{"uv":[4,13.5,4.5,15],"texture":"#bulk"},"east":{"uv":[12,13.5,12.5,15],"texture":"#bulk"}}},{"from":[4,2,10],"to":[12.5,3.5,12.5],"faces":{"down":{"uv":[4,13,12,10.5],"texture":"#bulk"},"up":{"uv":[4,10.5,12,13],"texture":"#bulk"},"north":{"uv":[4,12.5,12,14],"texture":"#bulk"},"south":{"uv":[4,12.5,12,14],"texture":"#bulk"},"west":{"uv":[3.5,12.5,6,14],"texture":"#bulk"},"east":{"uv":[10,12.5,12.5,14],"texture":"#bulk"}}},{"from":[4,2.5,12.5],"to":[12.5,3,13],"faces":{"up":{"uv":[6,15,6.5,15.5],"texture":"#bulk"},"south":{"uv":[6,15.5,6.5,15],"texture":"#bulk"},"west":{"uv":[6,15,6.5,15.5],"texture":"#bulk"},"east":{"uv":[6.5,15,6,15.5],"texture":"#bulk"}}},{"from":[4.5,3,10.5],"to":[12,4.5,12],"faces":{"up":{"uv":[5,14.5,5.5,15],"texture":"#bulk"},"north":{"uv":[6,15,6.5,15.5],"texture":"#bulk"},"south":{"uv":[6,15.5,6.5,15],"texture":"#bulk"},"west":{"uv":[6,15,6.5,15.5],"texture":"#bulk"},"east":{"uv":[6.5,15,6,15.5],"texture":"#bulk"}}},{"from":[4,3.5,10.5],"to":[12.5,4,12],"faces":{"up":{"uv":[6,15,6.5,15.5],"texture":"#bulk"},"north":{"uv":[6,15,6.5,15.5],"texture":"#bulk"},"south":{"uv":[6,15.5,6.5,15],"texture":"#bulk"},"west":{"uv":[6,15,6.5,15.5],"texture":"#bulk"},"east":{"uv":[6.5,15,6,15.5],"texture":"#bulk"}}},{"from":[4.5,4.5,10],"to":[6,6,11],"faces":{"down":{"uv":[5,10,6.5,11],"texture":"#bulk"},"up":{"uv":[5,10,6.5,11],"texture":"#bulk"},"north":{"uv":[5,10,6.5,11.5],"texture":"#bulk"},"south":{"uv":[5,10,6.5,11.5],"texture":"#bulk"},"west":{"uv":[6,10,5,11.5],"texture":"#bulk"},"east":{"uv":[5.5,10,6.5,11.5],"texture":"#bulk"}}},{"from":[4.5,3.5,12],"to":[12,4,12.5],"faces":{"up":{"uv":[6,15,6.5,15.5],"texture":"#bulk"},"south":{"uv":[6,15.5,6.5,15],"texture":"#bulk"},"west":{"uv":[6,15,6.5,15.5],"texture":"#bulk"},"east":{"uv":[6.5,15,6,15.5],"texture":"#bulk"}}},{"from":[5,4.5,9],"to":[11.5,5,12],"faces":{"up":{"uv":[3.5,11.5,4,12],"texture":"#bulk"},"south":{"uv":[3.5,12,4,11.5],"texture":"#bulk"},"west":{"uv":[3.5,11.5,4,12],"texture":"#bulk"},"east":{"uv":[4,11.5,3.5,12],"texture":"#bulk"}}},{"from":[6.5,4.5,12],"to":[10.5,5,12.5],"faces":{"up":{"uv":[3.5,12,4,12.5],"texture":"#bulk"},"south":{"uv":[3.5,12.5,4,12],"texture":"#bulk"},"west":{"uv":[3.5,12,4,12.5],"texture":"#bulk"},"east":{"uv":[4,12,3.5,12.5],"texture":"#bulk"}}},{"from":[3.5,3,8.5],"to":[13,3.5,10],"faces":{"up":{"uv":[3.5,11.5,4,12],"texture":"#bulk"},"south":{"uv":[3.5,12,4,11.5],"texture":"#bulk"},"west":{"uv":[3.5,11.5,4,12],"texture":"#bulk"},"east":{"uv":[4,11.5,3.5,12],"texture":"#bulk"}}},{"from":[3.5,3.5,8.5],"to":[12.5,5,9],"faces":{"up":{"uv":[3.5,11,12.5,11.5],"texture":"#bulk"},"south":{"uv":[3.5,11,12.5,12.5],"texture":"#bulk"}}},{"from":[6,4.5,10.5],"to":[7.5,6,11.5],"faces":{"up":{"uv":[6.5,10,8,11],"texture":"#bulk"},"north":{"uv":[6.5,10,8,11.5],"texture":"#bulk"},"south":{"uv":[6.5,10,8,11.5],"texture":"#bulk"},"west":{"uv":[7.5,10,6.5,11.5],"texture":"#bulk"},"east":{"uv":[7.5,10,8.5,11.5],"texture":"#bulk"}}},{"from":[7.5,4.5,11],"to":[9,6,12],"faces":{"up":{"uv":[5,10,6.5,11],"texture":"#bulk"},"north":{"uv":[5,10,6.5,11.5],"texture":"#bulk"},"south":{"uv":[5,10,6.5,11.5],"texture":"#bulk"},"west":{"uv":[6,10,5,11.5],"texture":"#bulk"},"east":{"uv":[5.5,10,6.5,11.5],"texture":"#bulk"}}},{"from":[9.5,4.5,10],"to":[11,6,11],"faces":{"up":{"uv":[6.5,10,8,11],"texture":"#bulk"},"north":{"uv":[6.5,10,8,11.5],"texture":"#bulk"},"south":{"uv":[6.5,10,8,11.5],"texture":"#bulk"},"west":{"uv":[7.5,10,6.5,11.5],"texture":"#bulk"},"east":{"uv":[7.5,10,8.5,11.5],"texture":"#bulk"}}},{"from":[11,3.5,9],"to":[12,4.5,10],"faces":{"up":{"uv":[5,10.5,6,11],"texture":"#bulk"},"south":{"uv":[5,10.5,6,11.5],"texture":"#bulk"},"west":{"uv":[6,10.5,5,11.5],"texture":"#bulk"},"east":{"uv":[5,10.5,6,11.5],"texture":"#bulk"}}},{"from":[5,5,8.5],"to":[11.5,6,10.5],"faces":{"down":{"uv":[4.5,11,5,10.5],"texture":"#bulk"},"up":{"uv":[4.5,10.5,5,11],"texture":"#bulk"},"south":{"uv":[4.5,11,5,10.5],"texture":"#bulk"},"west":{"uv":[4.5,10.5,5,11],"texture":"#bulk"},"east":{"uv":[5,10.5,4.5,11],"texture":"#bulk"}}},{"from":[11.5,4.5,8.5],"to":[12,5.5,10],"faces":{"down":{"uv":[4.5,11,5,10.5],"texture":"#bulk"},"up":{"uv":[4.5,10.5,5,11],"texture":"#bulk"},"south":{"uv":[4.5,11,5,10.5],"texture":"#bulk"},"west":{"uv":[4.5,10.5,5,11],"texture":"#bulk"},"east":{"uv":[5,10.5,4.5,11],"texture":"#bulk"}}},{"from":[4.5,3.5,8.5],"to":[5,5.5,10],"faces":{"up":{"uv":[4.5,10.5,5,11],"texture":"#bulk"},"south":{"uv":[4.5,11,5,10.5],"texture":"#bulk"},"west":{"uv":[4.5,10.5,5,11],"texture":"#bulk"},"east":{"uv":[5,10.5,4.5,11],"texture":"#bulk"}}},{"from":[2.5,1.5,8],"to":[14,6,8.5],"faces":{"down":{"uv":[6,16,6.5,15.5],"texture":"#bulk"},"up":{"uv":[6,15.5,6.5,16],"texture":"#bulk"},"north":{"uv":[6,15.5,6.5,16],"texture":"#bulk"},"south":{"uv":[6,16,6.5,15.5],"texture":"#bulk"},"west":{"uv":[6,15.5,6.5,16],"texture":"#bulk"},"east":{"uv":[6.5,15.5,6,16],"texture":"#bulk"}}},{"from":[2.5,2,8.5],"to":[14,2.5,9.5],"faces":{"up":{"uv":[6,15.5,6.5,16],"texture":"#bulk"},"south":{"uv":[6,16,6.5,15.5],"texture":"#bulk"},"west":{"uv":[6,15.5,6.5,16],"texture":"#bulk"},"east":{"uv":[6.5,15.5,6,16],"texture":"#bulk"}}},{"from":[2.5,2.5,8.5],"to":[14,3.5,9],"faces":{"up":{"uv":[6,15.5,6.5,16],"texture":"#bulk"},"south":{"uv":[6,16,6.5,15.5],"texture":"#bulk"},"west":{"uv":[6,15.5,6.5,16],"texture":"#bulk"},"east":{"uv":[6.5,15.5,6,16],"texture":"#bulk"}}},{"from":[3,3.5,8],"to":[3.5,5.5,9],"faces":{"down":{"uv":[2.5,12,3,13],"texture":"#bulk"},"up":{"uv":[4,13.5,4.5,14.5],"texture":"#bulk"},"south":{"uv":[3,10.5,3.5,12.5],"texture":"#bulk"},"west":{"uv":[2.5,10.5,3.5,12.5],"texture":"#bulk"},"east":{"uv":[12.5,10.5,13.5,12.5],"texture":"#bulk"}}},{"from":[3,3,9],"to":[3.5,3.5,9.5],"faces":{"up":{"uv":[3,11.5,3.5,12],"texture":"#bulk"},"south":{"uv":[3,12,3.5,11.5],"texture":"#bulk"},"west":{"uv":[3,11.5,3.5,12],"texture":"#bulk"}}},{"from":[13,3,9],"to":[13.5,3.5,9.5],"faces":{"up":{"uv":[3,11.5,3.5,12],"texture":"#bulk"},"south":{"uv":[3,12,3.5,11.5],"texture":"#bulk"},"east":{"uv":[3.5,11.5,3,12],"texture":"#bulk"}}},{"from":[12.5,3.5,8],"to":[13.5,5.5,9],"faces":{"down":{"uv":[2.5,12,3,13],"texture":"#bulk"},"up":{"uv":[4,13.5,4.5,14.5],"texture":"#bulk"},"south":{"uv":[3,10.5,3.5,12.5],"texture":"#bulk"},"west":{"uv":[2.5,10.5,3.5,12.5],"texture":"#bulk"},"east":{"uv":[12.5,10.5,13.5,12.5],"texture":"#bulk"}}},{"from":[3.5,5,8],"to":[4.5,6,9],"faces":{"down":{"uv":[5,9.5,6,10],"texture":"#bulk"},"south":{"uv":[5,9,6,10],"texture":"#bulk"},"west":{"uv":[5,9,5.5,10],"texture":"#bulk"},"east":{"uv":[5.5,9,6,10],"texture":"#bulk"}}},{"from":[11.5,5,8],"to":[12.5,6,9],"faces":{"down":{"uv":[6,9.5,5,10],"texture":"#bulk"},"south":{"uv":[6,9,5,10],"texture":"#bulk"},"west":{"uv":[5.5,9,6,10],"texture":"#bulk"},"east":{"uv":[5,9,5.5,10],"texture":"#bulk"}}},{"from":[3.5,2.5,10.5],"to":[13,3,11.5],"faces":{"up":{"uv":[6,15.5,6.5,15],"texture":"#bulk"},"south":{"uv":[6,15.5,6.5,15],"texture":"#bulk"},"west":{"uv":[6,15,6.5,15.5],"texture":"#bulk"},"east":{"uv":[6.5,15,6,15.5],"texture":"#bulk"}}},{"from":[11.5,3.5,10],"to":[12,4.5,10.5],"faces":{"up":{"uv":[3.5,11.5,4,12],"texture":"#bulk"},"east":{"uv":[4,11.5,3.5,12],"texture":"#bulk"}}},{"from":[3,6.5,8],"to":[13.5,8,10],"faces":{"down":{"uv":[3,10,13.5,8],"texture":"#bulk"},"up":{"uv":[3,8,13,8.5],"texture":"#bulk"},"south":{"uv":[3,8,13,9.5],"texture":"#bulk"},"west":{"uv":[11,8,13,9.5],"texture":"#bulk"},"east":{"uv":[3,8,5,9.5],"texture":"#bulk"}}},{"from":[3,5.5,8.5],"to":[13.5,6,9.5],"faces":{"down":{"uv":[6,16,6.5,15.5],"texture":"#bulk"},"south":{"uv":[6,16,6.5,15.5],"texture":"#bulk"},"west":{"uv":[6,15.5,6.5,16],"texture":"#bulk"},"east":{"uv":[6.5,15.5,6,16],"texture":"#bulk"}}},{"from":[3.5,6.5,10],"to":[13,8,10.5],"faces":{"down":{"uv":[3.5,9,13,9.5],"texture":"#bulk"},"up":{"uv":[3.5,8,13,8.5],"texture":"#bulk"},"south":{"uv":[3.5,8,13,9.5],"texture":"#bulk"},"west":{"uv":[3.5,8,4,9.5],"texture":"#bulk"},"east":{"uv":[12.5,8,13,9.5],"texture":"#bulk"}}},{"from":[4,6,10.5],"to":[12.5,8,11],"faces":{"down":{"uv":[4,9.5,12.5,10],"texture":"#bulk"},"up":{"uv":[4,8,12.5,8.5],"texture":"#bulk"},"north":{"uv":[4,8,12.5,10],"texture":"#bulk"},"south":{"uv":[4,8,12.5,10],"texture":"#bulk"},"west":{"uv":[4,8,4.5,10],"texture":"#bulk"},"east":{"uv":[12,8,12.5,10],"texture":"#bulk"}}},{"from":[4.5,6,11],"to":[12,7,11.5],"faces":{"down":{"uv":[4.5,9.5,12,10],"texture":"#bulk"},"up":{"uv":[4.5,9,12,9.5],"texture":"#bulk"},"south":{"uv":[4.5,9,12,10],"texture":"#bulk"},"west":{"uv":[4.5,9,5,10],"texture":"#bulk"},"east":{"uv":[11.5,9,12,10],"texture":"#bulk"}}},{"from":[6.5,6,11],"to":[9.5,7,11.5],"faces":{"down":{"uv":[9.5,11.5,6.5,11],"texture":"#bulk"},"west":{"uv":[11,9,11.5,10],"texture":"#bulk"},"east":{"uv":[4.5,9,5,10],"texture":"#bulk"}}},{"from":[6,6,11.5],"to":[10.5,7,12],"faces":{"down":{"uv":[6,9.5,10.5,10],"texture":"#bulk"},"up":{"uv":[6,9,10.5,9.5],"texture":"#bulk"},"south":{"uv":[6,9,10.5,10],"texture":"#bulk"},"west":{"uv":[6,9,6.5,10],"texture":"#bulk"},"east":{"uv":[10,9,10.5,10],"texture":"#bulk"}}},{"from":[6.5,6,11.75],"to":[9.5,7,12.25],"faces":{"down":{"uv":[6.5,9.5,9.5,10],"texture":"#bulk"},"up":{"uv":[6.5,9,9.5,9.5],"texture":"#bulk"},"north":{"uv":[6.5,9,9.5,10],"texture":"#bulk"},"south":{"uv":[6.5,9,9.5,10],"texture":"#bulk"},"west":{"uv":[6.5,9,7,10],"texture":"#bulk"},"east":{"uv":[6.5,9,7,10],"texture":"#bulk"}}},{"from":[7,7,11],"to":[9,8,11.5],"faces":{"up":{"uv":[7,8,9,8.5],"texture":"#bulk"},"south":{"uv":[7,8,9,9],"texture":"#bulk"},"west":{"uv":[7,8,7.5,9],"texture":"#bulk"},"east":{"uv":[8.5,8,9,9],"texture":"#bulk"}}},{"from":[7,7,11.5],"to":[9,7.5,12],"faces":{"up":{"uv":[7,8.5,9,9],"texture":"#bulk"},"south":{"uv":[7,8.5,9,9],"texture":"#bulk"},"west":{"uv":[7,8.5,7.5,9],"texture":"#bulk"},"east":{"uv":[7,8.5,7.5,9],"texture":"#bulk"}}},{"from":[7.5,7.5,11.5],"to":[8.5,8,12],"faces":{"up":{"uv":[7.5,8,8.5,8.5],"texture":"#bulk"},"south":{"uv":[7.5,8,8.5,8.5],"texture":"#bulk"},"west":{"uv":[7.5,8,8,8.5],"texture":"#bulk"},"east":{"uv":[8,8,8.5,8.5],"texture":"#bulk"}}},{"from":[6,7,11],"to":[10.5,7.5,11.5],"faces":{"up":{"uv":[6,8.5,10.5,9],"texture":"#bulk"},"south":{"uv":[6,8.5,10.5,9],"texture":"#bulk"},"west":{"uv":[5.5,8.5,6,9],"texture":"#bulk"},"east":{"uv":[5.5,8.5,6,9],"texture":"#bulk"}}},{"from":[3,6,8],"to":[13.5,6.5,9.5],"faces":{"down":{"uv":[6,16,6.5,15.5],"texture":"#bulk"},"south":{"uv":[6,16,6.5,15.5],"texture":"#bulk"},"west":{"uv":[6,15.5,6.5,16],"texture":"#bulk"},"east":{"uv":[6.5,15.5,6,16],"texture":"#bulk"}}},{"from":[3.5,6,9.5],"to":[13,6.5,10],"faces":{"down":{"uv":[6,16,6.5,15.5],"texture":"#bulk"},"south":{"uv":[6,16,6.5,15.5],"texture":"#bulk"},"west":{"uv":[6,15.5,6.5,16],"texture":"#bulk"},"east":{"uv":[6.5,15.5,6,16],"texture":"#bulk"}}},{"from":[4,5.5,9.5],"to":[12.5,6,10],"faces":{"down":{"uv":[6,16,6.5,15.5],"texture":"#bulk"},"south":{"uv":[6,16,6.5,15.5],"texture":"#bulk"},"west":{"uv":[6,15.5,6.5,16],"texture":"#bulk"},"east":{"uv":[6.5,15.5,6,16],"texture":"#bulk"}}},{"from":[4,6,10],"to":[12.5,6.5,10.5],"faces":{"down":{"uv":[6,16,6.5,15.5],"texture":"#bulk"},"west":{"uv":[6,15.5,6.5,16],"texture":"#bulk"},"east":{"uv":[6.5,15.5,6,16],"texture":"#bulk"}}},{"from":[3.5,7.5,8],"to":[12.5,10.5,10],"faces":{"down":{"uv":[12.5,7.5,3.5,5.5],"texture":"#bulk"},"up":{"uv":[3.5,5.5,12.5,6],"texture":"#bulk"},"south":{"uv":[3.5,5.5,12.5,8.5],"texture":"#bulk"},"west":{"uv":[10.5,5.5,12.5,8.5],"texture":"#bulk"},"east":{"uv":[3.5,5.5,5.5,8.5],"texture":"#bulk"}}},{"from":[10.5,8,10],"to":[12.5,9,10.5],"faces":{"up":{"uv":[10.5,7,12.5,7.5],"texture":"#bulk"},"south":{"uv":[10.5,7,12.5,8],"texture":"#bulk"},"east":{"uv":[12,7,12.5,8],"texture":"#bulk"}}},{"from":[11,8,10.5],"to":[12,8.5,11],"faces":{"up":{"uv":[11,7.5,11.5,8],"texture":"#bulk"},"south":{"uv":[11,8,11.5,7.5],"texture":"#bulk"},"west":{"uv":[11,7.5,11.5,8],"texture":"#bulk"},"east":{"uv":[11.5,7.5,11,8],"texture":"#bulk"}}},{"from":[4,8,10.5],"to":[5,8.5,11],"faces":{"up":{"uv":[11,7.5,11.5,8],"texture":"#bulk"},"south":{"uv":[11,8,11.5,7.5],"texture":"#bulk"},"west":{"uv":[11,7.5,11.5,8],"texture":"#bulk"},"east":{"uv":[11.5,7.5,11,8],"texture":"#bulk"}}},{"from":[3.5,8,10],"to":[5.5,9,10.5],"faces":{"up":{"uv":[12.5,7,10.5,7.5],"texture":"#bulk"},"south":{"uv":[12.5,7,10.5,8],"texture":"#bulk"},"west":{"uv":[12,7,12.5,8],"texture":"#bulk"}}},{"from":[5.5,8,10],"to":[6,8.5,10.5],"faces":{"up":{"uv":[6,7.5,6.5,8],"texture":"#bulk"},"south":{"uv":[6,8,6.5,7.5],"texture":"#bulk"},"east":{"uv":[6.5,7.5,6,8],"texture":"#bulk"}}},{"from":[10,8,10],"to":[10.5,8.5,10.5],"faces":{"up":{"uv":[6,7.5,6.5,8],"texture":"#bulk"},"south":{"uv":[6,8,6.5,7.5],"texture":"#bulk"},"west":{"uv":[6,7.5,6.5,8],"texture":"#bulk"}}},{"from":[3,8,8],"to":[3.5,9,9.5],"faces":{"up":{"uv":[4.5,8,5,6.5],"texture":"#bulk"},"south":{"uv":[4.5,7,5,8],"texture":"#bulk"},"west":{"uv":[3.5,7,5,8],"texture":"#bulk"}}},{"from":[12.5,8,8],"to":[13,9,9.5],"faces":{"up":{"uv":[4.5,8,5,6.5],"texture":"#bulk"},"south":{"uv":[4.5,7,5,8],"texture":"#bulk"},"east":{"uv":[11,7,12.5,8],"texture":"#bulk"}}},{"from":[4.5,10.5,8],"to":[11.5,11.5,9],"faces":{"up":{"uv":[4.5,4.5,11.5,5],"texture":"#bulk"},"south":{"uv":[4.5,4.5,11.5,5.5],"texture":"#bulk"},"west":{"uv":[4.5,4.5,5.5,5.5],"texture":"#bulk"},"east":{"uv":[10.5,4.5,11.5,5.5],"texture":"#bulk"}}},{"from":[7,10.5,8],"to":[8.5,12,9.5],"faces":{"up":{"uv":[7,4,8.5,4.5],"texture":"#bulk"},"south":{"uv":[7,4,8.5,5.5],"texture":"#bulk"},"west":{"uv":[8.5,4,7,5.5],"texture":"#bulk"},"east":{"uv":[7,4,8.5,5.5],"texture":"#bulk"}}},{"from":[7,10.5,9.5],"to":[8.5,11.5,10],"faces":{"up":{"uv":[7,4.5,8.5,5],"texture":"#bulk"},"south":{"uv":[7,4.5,8.5,5.5],"texture":"#bulk"},"east":{"uv":[8.5,4.5,8,5.5],"texture":"#bulk"}}},{"from":[9,10.5,8],"to":[10.5,12,9.5],"faces":{"up":{"uv":[9,4,10.5,4.5],"texture":"#bulk"},"south":{"uv":[9,4,10.5,5.5],"texture":"#bulk"},"west":{"uv":[10.5,4,9,5.5],"texture":"#bulk"},"east":{"uv":[9,4,10.5,5.5],"texture":"#bulk"}}},{"from":[9,10.5,9.5],"to":[10.5,11.5,10],"faces":{"up":{"uv":[9,4.5,10.5,5],"texture":"#bulk"},"south":{"uv":[9,4.5,10.5,5.5],"texture":"#bulk"},"west":{"uv":[9,4.5,9.5,5.5],"texture":"#bulk"},"east":{"uv":[10.5,4.5,10,5.5],"texture":"#bulk"}}},{"from":[5.5,11.5,8],"to":[6.5,12,9.5],"faces":{"down":{"uv":[9,5,10.5,5.5],"texture":"#bulk"},"up":{"uv":[9,4,10.5,4.5],"rotation":90,"texture":"#bulk"},"south":{"uv":[5.5,4,6.5,4.5],"texture":"#bulk"},"west":{"uv":[9,4,10.5,4.5],"texture":"#bulk"},"east":{"uv":[10.5,4,9,4.5],"texture":"#bulk"}}},{"from":[5.5,10.5,9],"to":[7,11.5,10],"faces":{"up":{"uv":[5.5,4.5,7,5],"texture":"#bulk"},"south":{"uv":[5.5,4.5,7,5.5],"texture":"#bulk"},"west":{"uv":[5.5,4.5,6.5,5.5],"texture":"#bulk"},"east":{"uv":[7,4.5,6.5,5.5],"texture":"#bulk"}}},{"from":[2.5,6,7.5],"to":[3,10,8],"faces":{"down":{"uv":[2.5,9.5,3,10],"texture":"#bulk"},"up":{"uv":[2.5,6,3,6.5],"texture":"#bulk"},"north":{"uv":[2.5,6,3,10],"texture":"#bulk"},"south":{"uv":[2.5,6,3,10],"texture":"#bulk"},"east":{"uv":[2.5,6,3,10],"texture":"#bulk"}}},{"from":[2,5,7.5],"to":[2.5,10.5,8],"faces":{"down":{"uv":[2,10.5,2.5,11],"texture":"#bulk"},"up":{"uv":[2,5.5,2.5,6],"texture":"#bulk"},"north":{"uv":[2,5.5,2.5,11],"texture":"#bulk"},"south":{"uv":[2,5.5,2.5,11],"texture":"#bulk"},"east":{"uv":[2,5.5,2.5,11],"texture":"#bulk"}}},{"from":[1.5,4.5,7.5],"to":[2,11,8],"faces":{"down":{"uv":[1.5,11,2,11.5],"texture":"#bulk"},"up":{"uv":[1.5,5,2,5.5],"texture":"#bulk"},"north":{"uv":[1.5,5,2,11.5],"texture":"#bulk"},"south":{"uv":[1.5,5,2,11.5],"texture":"#bulk"},"west":{"uv":[1.5,5,2,11.5],"texture":"#bulk"},"east":{"uv":[1.5,5,2,11.5],"texture":"#bulk"}}},{"from":[1,6.5,7.5],"to":[1.5,11,8],"faces":{"down":{"uv":[1,9,1.5,9.5],"texture":"#bulk"},"up":{"uv":[1,5,1.5,5.5],"texture":"#bulk"},"north":{"uv":[1,5,1.5,9.5],"texture":"#bulk"},"south":{"uv":[1,5,1.5,9.5],"texture":"#bulk"},"west":{"uv":[1,5,1.5,9.5],"texture":"#bulk"}}},{"from":[1,4.5,7],"to":[1.5,5,7.5],"faces":{"down":{"uv":[1,11.5,1.5,11],"texture":"#bulk"},"up":{"uv":[1,11,1.5,11.5],"texture":"#bulk"},"north":{"uv":[1,11,1.5,11.5],"texture":"#bulk"},"south":{"uv":[1,11.5,1.5,11],"texture":"#bulk"},"west":{"uv":[1,11,1.5,11.5],"texture":"#bulk"},"east":{"uv":[1.5,11,1,11.5],"texture":"#bulk"}}},{"from":[0.5,9.5,7],"to":[1,11.5,7.5],"faces":{"down":{"uv":[0.5,6,1,6.5],"texture":"#bulk"},"up":{"uv":[0.5,4.5,1,5],"texture":"#bulk"},"north":{"uv":[0.5,4.5,1,6.5],"texture":"#bulk"},"south":{"uv":[0.5,4.5,1,6.5],"texture":"#bulk"},"west":{"uv":[0.5,4.5,1,6.5],"texture":"#bulk"},"east":{"uv":[0.5,4.5,1,6.5],"texture":"#bulk"}}},{"from":[0,10.5,6.5],"to":[0.5,11.5,7],"faces":{"down":{"uv":[0,5,0.5,4.5],"texture":"#bulk"},"up":{"uv":[0,4.5,0.5,5],"texture":"#bulk"},"north":{"uv":[0,4.5,0.5,5],"texture":"#bulk"},"south":{"uv":[0,5,0.5,4.5],"texture":"#bulk"},"west":{"uv":[0,4.5,0.5,5],"texture":"#bulk","cullface":"west"},"east":{"uv":[0.5,4.5,0,5],"texture":"#bulk"}}},{"from":[0.5,7,7],"to":[1,7.5,7.5],"faces":{"down":{"uv":[0.5,9,1,8.5],"texture":"#bulk"},"up":{"uv":[0.5,8.5,1,9],"texture":"#bulk"},"north":{"uv":[0.5,8.5,1,9],"texture":"#bulk"},"south":{"uv":[0.5,9,1,8.5],"texture":"#bulk"},"west":{"uv":[0.5,8.5,1,9],"texture":"#bulk"},"east":{"uv":[1,8.5,0.5,9],"texture":"#bulk"}}},{"from":[5.5,8,10],"to":[10.5,11,10.5],"faces":{"up":{"uv":[5.5,5,10.5,5.5],"texture":"#bulk"},"north":{"uv":[5.5,5,10.5,8],"texture":"#bulk"},"south":{"uv":[5.5,5,10.5,8],"texture":"#bulk"},"west":{"uv":[5.5,5,6,8],"texture":"#bulk"},"east":{"uv":[10,5,10.5,8],"texture":"#bulk"}}},{"from":[6.5,8,10.5],"to":[9.5,10.5,11],"faces":{"up":{"uv":[6.5,5.5,9.5,6],"texture":"#bulk"},"south":{"uv":[6.5,5.5,9.5,8],"texture":"#bulk"},"west":{"uv":[6.5,5.5,7,8],"texture":"#bulk"},"east":{"uv":[9,5.5,9.5,8],"texture":"#bulk"}}},{"from":[7.5,8,11],"to":[8.5,9.5,11.5],"faces":{"up":{"uv":[7.5,6.5,8.5,7],"texture":"#bulk"},"south":{"uv":[7.5,6.5,8.5,8],"texture":"#bulk"},"west":{"uv":[7.5,6.5,8,8],"texture":"#bulk"},"east":{"uv":[8,6.5,8.5,8],"texture":"#bulk"}}},{"from":[6,9.5,10.5],"to":[6.5,10.5,11],"faces":{"down":{"uv":[6,6,6.5,6.5],"texture":"#bulk"},"up":{"uv":[6,5.5,6.5,6],"texture":"#bulk"},"south":{"uv":[6,5.5,6.5,6.5],"texture":"#bulk"},"west":{"uv":[6,5.5,6.5,6.5],"texture":"#bulk"}}},{"from":[9.5,9.5,10.5],"to":[10,10.5,11],"faces":{"down":{"uv":[6,6,6.5,6.5],"texture":"#bulk"},"up":{"uv":[6,5.5,6.5,6],"texture":"#bulk"},"south":{"uv":[6,5.5,6.5,6.5],"texture":"#bulk"},"east":{"uv":[6,5.5,6.5,6.5],"texture":"#bulk"}}},{"from":[7,10.5,10.5],"to":[8.5,11,11],"faces":{"up":{"uv":[7,5,8.5,5.5],"texture":"#bulk"},"south":{"uv":[7,5,8.5,5.5],"texture":"#bulk"},"west":{"uv":[7,5,7.5,5.5],"texture":"#bulk"},"east":{"uv":[8,5,8.5,5.5],"texture":"#bulk"}}},{"from":[2,5,8],"to":[2.5,5.5,8.5],"faces":{"down":{"uv":[1,11.5,1.5,11],"texture":"#bulk"},"up":{"uv":[1,11,1.5,11.5],"texture":"#bulk"},"south":{"uv":[1,11.5,1.5,11],"texture":"#bulk"},"west":{"uv":[1,11,1.5,11.5],"texture":"#bulk"}}},{"from":[1.5,10,8],"to":[2,10.5,8.5],"faces":{"down":{"uv":[1,5.5,1.5,5],"texture":"#bulk"},"up":{"uv":[1,5,1.5,5.5],"texture":"#bulk"},"south":{"uv":[1,5.5,1.5,5],"texture":"#bulk"},"west":{"uv":[1,5,1.5,5.5],"texture":"#bulk"},"east":{"uv":[1.5,5,1,5.5],"texture":"#bulk"}}},{"from":[2,9,8],"to":[2.5,10,8.5],"faces":{"down":{"uv":[2,6.5,2.5,6],"texture":"#bulk"},"up":{"uv":[2,6,2.5,6.5],"texture":"#bulk"},"south":{"uv":[2,6.5,2.5,6],"texture":"#bulk"},"west":{"uv":[2,6,2.5,6.5],"texture":"#bulk"},"east":{"uv":[2.5,6,2,6.5],"texture":"#bulk"}}},{"from":[2.5,8.5,8],"to":[3,9.5,9],"faces":{"down":{"uv":[2.5,7,3,6.5],"texture":"#bulk"},"up":{"uv":[2.5,6.5,3,7],"texture":"#bulk"},"south":{"uv":[2.5,7,3,6.5],"texture":"#bulk"},"west":{"uv":[2.5,6.5,3,7],"texture":"#bulk"},"east":{"uv":[3,6.5,2.5,7],"texture":"#bulk"}}},{"from":[2.5,9.5,8],"to":[3,10,8.5],"faces":{"up":{"uv":[2.5,6.5,3,7],"texture":"#bulk"},"south":{"uv":[2.5,7,3,6.5],"texture":"#bulk"},"east":{"uv":[3,6.5,2.5,7],"texture":"#bulk"}}},{"from":[13.5,6,7.5],"to":[14,10,8],"faces":{"down":{"uv":[2.5,9.5,3,10],"texture":"#bulk"},"up":{"uv":[2.5,6,3,6.5],"texture":"#bulk"},"north":{"uv":[2.5,6,3,10],"texture":"#bulk"},"south":{"uv":[2.5,6,3,10],"texture":"#bulk"},"west":{"uv":[2.5,6,3,10],"texture":"#bulk"}}},{"from":[14,5,7.5],"to":[14.5,10.5,8],"faces":{"down":{"uv":[2,10.5,2.5,11],"texture":"#bulk"},"up":{"uv":[2,5.5,2.5,6],"texture":"#bulk"},"north":{"uv":[2,5.5,2.5,11],"texture":"#bulk"},"south":{"uv":[2,5.5,2.5,11],"texture":"#bulk"},"west":{"uv":[2,5.5,2.5,11],"texture":"#bulk"}}},{"from":[14.5,4.5,7.5],"to":[15,11,8],"faces":{"down":{"uv":[1.5,11,2,11.5],"texture":"#bulk"},"up":{"uv":[1.5,5,2,5.5],"texture":"#bulk"},"north":{"uv":[1.5,5,2,11.5],"texture":"#bulk"},"south":{"uv":[1.5,5,2,11.5],"texture":"#bulk"},"west":{"uv":[1.5,5,2,11.5],"texture":"#bulk"},"east":{"uv":[1.5,5,2,11.5],"texture":"#bulk"}}},{"from":[15,6.5,7.5],"to":[15.5,11,8],"faces":{"down":{"uv":[1,9,1.5,9.5],"texture":"#bulk"},"up":{"uv":[1,5,1.5,5.5],"texture":"#bulk"},"north":{"uv":[1,5,1.5,9.5],"texture":"#bulk"},"south":{"uv":[1,5,1.5,9.5],"texture":"#bulk"},"east":{"uv":[1,5,1.5,9.5],"texture":"#bulk"}}},{"from":[15.5,9.5,7],"to":[16,11.5,7.5],"faces":{"down":{"uv":[0.5,6,1,6.5],"texture":"#bulk"},"up":{"uv":[0.5,4.5,1,5],"texture":"#bulk"},"north":{"uv":[0.5,4.5,1,6.5],"texture":"#bulk"},"south":{"uv":[0.5,4.5,1,6.5],"texture":"#bulk"},"west":{"uv":[0.5,4.5,1,6.5],"texture":"#bulk"},"east":{"uv":[0.5,4.5,1,6.5],"texture":"#bulk","cullface":"east"}}},{"from":[16,10.5,6.5],"to":[16.5,11.5,7],"faces":{"down":{"uv":[0,5,0.5,4.5],"texture":"#bulk","cullface":"east"},"up":{"uv":[0,4.5,0.5,5],"texture":"#bulk","cullface":"east"},"north":{"uv":[0,4.5,0.5,5],"texture":"#bulk","cullface":"east"},"south":{"uv":[0,5,0.5,4.5],"texture":"#bulk","cullface":"east"},"west":{"uv":[0,4.5,0.5,5],"texture":"#bulk","cullface":"east"},"east":{"uv":[0.5,4.5,0,5],"texture":"#bulk","cullface":"east"}}},{"from":[15.5,7,7],"to":[16,7.5,7.5],"faces":{"down":{"uv":[0.5,9,1,8.5],"texture":"#bulk"},"up":{"uv":[0.5,8.5,1,9],"texture":"#bulk"},"north":{"uv":[0.5,8.5,1,9],"texture":"#bulk"},"south":{"uv":[0.5,9,1,8.5],"texture":"#bulk"},"west":{"uv":[0.5,8.5,1,9],"texture":"#bulk"},"east":{"uv":[1,8.5,0.5,9],"texture":"#bulk","cullface":"east"}}},{"from":[15,4.5,7],"to":[15.5,5,7.5],"faces":{"down":{"uv":[1,11.5,1.5,11],"texture":"#bulk"},"up":{"uv":[1,11,1.5,11.5],"texture":"#bulk"},"north":{"uv":[1,11,1.5,11.5],"texture":"#bulk"},"south":{"uv":[1,11.5,1.5,11],"texture":"#bulk"},"west":{"uv":[1,11,1.5,11.5],"texture":"#bulk"},"east":{"uv":[1.5,11,1,11.5],"texture":"#bulk"}}},{"from":[14,5,8],"to":[14.5,5.5,8.5],"faces":{"down":{"uv":[1,11.5,1.5,11],"texture":"#bulk"},"up":{"uv":[1,11,1.5,11.5],"texture":"#bulk"},"south":{"uv":[1,11.5,1.5,11],"texture":"#bulk"},"east":{"uv":[1.5,11,1,11.5],"texture":"#bulk"}}},{"from":[13,8,8],"to":[13.5,9,9],"faces":{"up":{"uv":[2.5,6.5,3,7],"texture":"#bulk"},"south":{"uv":[2.5,7,3,6.5],"texture":"#bulk"},"east":{"uv":[3,6.5,2.5,7],"texture":"#bulk"}}},{"from":[13.5,8.5,8],"to":[14,9.5,9],"faces":{"down":{"uv":[2.5,7,3,6.5],"texture":"#bulk"},"up":{"uv":[2.5,6.5,3,7],"texture":"#bulk"},"south":{"uv":[2.5,7,3,6.5],"texture":"#bulk"},"west":{"uv":[2.5,6.5,3,7],"texture":"#bulk"},"east":{"uv":[3,6.5,2.5,7],"texture":"#bulk"}}},{"from":[13.5,9.5,8],"to":[14,10,8.5],"faces":{"up":{"uv":[2.5,6.5,3,7],"texture":"#bulk"},"south":{"uv":[2.5,7,3,6.5],"texture":"#bulk"},"west":{"uv":[2.5,6.5,3,7],"texture":"#bulk"}}},{"from":[14,9,8],"to":[14.5,10,8.5],"faces":{"down":{"uv":[2,6.5,2.5,6],"texture":"#bulk"},"up":{"uv":[2,6,2.5,6.5],"texture":"#bulk"},"south":{"uv":[2,6.5,2.5,6],"texture":"#bulk"},"west":{"uv":[2,6,2.5,6.5],"texture":"#bulk"},"east":{"uv":[2.5,6,2,6.5],"texture":"#bulk"}}},{"from":[14.5,10,8],"to":[15,10.5,8.5],"faces":{"down":{"uv":[1,5.5,1.5,5],"texture":"#bulk"},"up":{"uv":[1,5,1.5,5.5],"texture":"#bulk"},"south":{"uv":[1,5.5,1.5,5],"texture":"#bulk"},"west":{"uv":[1,5,1.5,5.5],"texture":"#bulk"},"east":{"uv":[1.5,5,1,5.5],"texture":"#bulk"}}},{"from":[2.5,1.5,7.9375],"to":[13.5,12,8],"faces":{"north":{"uv":[13.5,4,2.5,14.5],"texture":"#bulk"},"south":{"uv":[2.5,4,3,4.5],"texture":"#bulk"}}},{"from":[11.5,1,8],"to":[12,1.5,8.5],"faces":{"down":{"uv":[6,16,6.5,15.5],"texture":"#bulk"},"north":{"uv":[6,15.5,6.5,16],"texture":"#bulk"},"east":{"uv":[6.5,15.5,6,16],"texture":"#bulk"}}},{"from":[4.5,1,8],"to":[5,1.5,8.5],"faces":{"down":{"uv":[6,16,6.5,15.5],"texture":"#bulk"},"north":{"uv":[6,15.5,6.5,16],"texture":"#bulk"},"west":{"uv":[6,15.5,6.5,16],"texture":"#bulk"}}},{"from":[12.5,0.5,9],"to":[13,1,9.5],"faces":{"down":{"uv":[6,16,6.5,15.5],"texture":"#bulk"},"north":{"uv":[6,15.5,6.5,16],"texture":"#bulk"},"east":{"uv":[6.5,15.5,6,16],"texture":"#bulk"}}},{"from":[3.5,0.5,9],"to":[4,1,9.5],"faces":{"down":{"uv":[6,16,6.5,15.5],"texture":"#bulk"},"north":{"uv":[6,15.5,6.5,16],"texture":"#bulk"},"west":{"uv":[6,15.5,6.5,16],"texture":"#bulk"}}},{"from":[12,5.5,1],"to":[12.5,7,8.5],"faces":{"down":{"uv":[10.5,1,11,1.5],"texture":"#bulk"},"up":{"uv":[10.5,0,11,0.5],"texture":"#bulk"},"north":{"uv":[11,0,11.5,1.5],"texture":"#bulk"},"south":{"uv":[11,0,11.5,1.5],"texture":"#bulk"},"west":{"uv":[11,0,11.5,1.5],"texture":"#bulk"},"east":{"uv":[11,0,11.5,1.5],"texture":"#bulk"}}},{"from":[4,5.5,1],"to":[12,7,1.5],"faces":{"down":{"uv":[10.5,1,11,1.5],"texture":"#bulk"},"up":{"uv":[10.5,0,11,0.5],"texture":"#bulk"},"north":{"uv":[11,0,11.5,1.5],"texture":"#bulk"},"south":{"uv":[11,0,11.5,1.5],"texture":"#bulk"}}},{"from":[3.5,5.5,1],"to":[4,7,8.5],"faces":{"down":{"uv":[10.5,1,11,1.5],"texture":"#bulk"},"up":{"uv":[10.5,0,11,0.5],"texture":"#bulk"},"north":{"uv":[11,0,11.5,1.5],"texture":"#bulk"},"south":{"uv":[11,0,11.5,1.5],"texture":"#bulk"},"west":{"uv":[11,0,11.5,1.5],"texture":"#bulk"},"east":{"uv":[11,0,11.5,1.5],"texture":"#bulk"}}}],"display":{"head":{"rotation":[0,180,0],"translation":[0,4.16,-5.86],"scale":[1.8,1.8,1.8]},"gui":{"rotation":[0,0,0],"translation":[-0.19,1.13,0],"scale":[0.8,0.8,0.8]}}}
