{"__comment":"designed by hypixel minecraft server with bdcraft cubik pro 0.95 beta - http://bdcraft.net","textures":{"texture":"blocks/glass_brown"},"elements":[{"from":[0,-0.5,4.5],"to":[16,15.5,4.5625],"rotation":{"origin":[0,15.5,4.5],"axis":"x","angle":-22.5},"faces":{"north":{"uv":[0,0,16,16],"rotation":90,"texture":"#texture"},"south":{"uv":[16,0,0,16],"rotation":270,"texture":"#texture"}}}],"display":{"head":{"rotation":[-18,-71,0],"translation":[0,-13.04,-24],"scale":[4,4,4]},"firstperson_righthand":{"rotation":[-3,-94,0],"translation":[-6.8,0,-14.74],"scale":[3,3,3]}}}
