{"__comment":"designed by hypixel minecraft server with bdcraft cubik pro 0.93 beta - http://bdcraft.net","textures":{"texture":"blocks/tinman"},"elements":[{"from":[0,9,15],"to":[5,11,16],"faces":{"down":{"uv":[8,10,10.5,10.5],"texture":"#texture"},"up":{"uv":[10.5,10,8,10.5],"rotation":90,"texture":"#texture"},"north":{"uv":[10.5,10,8,11],"texture":"#texture"},"south":{"uv":[8,10,10.5,11],"texture":"#texture"},"west":{"uv":[8,10,8.5,11],"texture":"#texture"},"east":{"uv":[10,10,10.5,11],"texture":"#texture"}}},{"from":[0,11,15],"to":[5,12,16],"faces":{"down":{"uv":[8,9.5,10.5,10],"texture":"#texture"},"up":{"uv":[8,9.5,10.5,10],"texture":"#texture"},"north":{"uv":[8,9.5,10.5,10],"texture":"#texture"},"south":{"uv":[8,9.5,10.5,10],"texture":"#texture"},"west":{"uv":[8,9.5,8.5,10],"texture":"#texture"},"east":{"uv":[8,9.5,8.5,10],"texture":"#texture"}}},{"from":[4,12,15.5],"to":[6,13,16.5],"faces":{"down":{"uv":[10,9,11,9.5],"texture":"#texture"},"up":{"uv":[10,9,11,9.5],"texture":"#texture"},"north":{"uv":[10,9,11,9.5],"texture":"#texture"},"south":{"uv":[10,9,11,9.5],"texture":"#texture"},"west":{"uv":[10,9,11,9.5],"texture":"#texture"},"east":{"uv":[10,9,11,9.5],"texture":"#texture"}}},{"from":[3,15,15],"to":[6,16,16],"faces":{"down":{"uv":[9.5,7.5,11,8],"texture":"#texture"},"up":{"uv":[9.5,7.5,11,8],"rotation":90,"texture":"#texture"},"north":{"uv":[9.5,7.5,11,8],"texture":"#texture"},"south":{"uv":[9.5,7.5,11,8],"texture":"#texture"},"west":{"uv":[9.5,7.5,10,8],"texture":"#texture"},"east":{"uv":[9.5,7.5,10,8],"texture":"#texture"}}},{"from":[3,16,13],"to":[12,17,14],"faces":{"down":{"uv":[9.5,7,12,7.5],"texture":"#texture"},"up":{"uv":[9.5,7,12,7.5],"texture":"#texture"},"north":{"uv":[14,7,9.5,7.5],"texture":"#texture"},"south":{"uv":[9.5,7,14,7.5],"texture":"#texture"},"west":{"uv":[1,1,1.5,1.5],"texture":"#texture"},"east":{"uv":[1,1,1.5,1.5],"texture":"#texture"}}},{"from":[3,17,4],"to":[15,18,12],"faces":{"down":{"uv":[2.5,0.5,6.5,1],"texture":"#texture"},"up":{"uv":[6.5,0.5,2.5,1],"rotation":90,"texture":"#texture"},"north":{"uv":[15.5,6.5,9.5,7],"texture":"#texture"},"south":{"uv":[9.5,6.5,15.5,7],"texture":"#texture"},"west":{"uv":[6.5,0.5,2.5,1],"texture":"#texture"},"east":{"uv":[2.5,0.5,6.5,1],"texture":"#texture"}}},{"from":[4,18,5],"to":[14,19,11],"faces":{"down":{"uv":[10,6,15,6.5],"rotation":270,"texture":"#texture"},"up":{"uv":[10,6,15,6.5],"texture":"#texture"},"north":{"uv":[15,6,10,6.5],"texture":"#texture"},"south":{"uv":[10,6,15,6.5],"texture":"#texture"},"west":{"uv":[3,0,6,0.5],"texture":"#texture"},"east":{"uv":[3,0,6,0.5],"texture":"#texture"}}},{"from":[6,15,1],"to":[13,16,2],"faces":{"down":{"uv":[13,7.5,14,8],"texture":"#texture"},"up":{"uv":[13,7.5,14,8],"texture":"#texture"},"north":{"uv":[14.5,7.5,11,8],"texture":"#texture"},"south":{"uv":[11,7.5,14.5,8],"texture":"#texture"},"west":{"uv":[1,1.5,1.5,2],"texture":"#texture"},"east":{"uv":[1,1.5,1.5,2],"texture":"#texture"}}},{"from":[7,14,14],"to":[14,15,16],"faces":{"down":{"uv":[14,8.5,15,9],"texture":"#texture"},"up":{"uv":[14,8.5,15,9],"texture":"#texture"},"north":{"uv":[15,8,11.5,8.5],"texture":"#texture"},"south":{"uv":[11.5,8,15,8.5],"texture":"#texture"},"west":{"uv":[0.5,1.5,1,2],"texture":"#texture"},"east":{"uv":[0.5,1.5,1,2],"texture":"#texture"}}},{"from":[8,13,0],"to":[14,14,1],"faces":{"down":{"uv":[8,2.5,8.5,3],"texture":"#texture"},"up":{"uv":[8,2.5,8.5,3],"texture":"#texture"},"north":{"uv":[15,8.5,12,9],"texture":"#texture"},"south":{"uv":[12,8.5,15,9],"texture":"#texture"},"west":{"uv":[8,2.5,8.5,3],"texture":"#texture"},"east":{"uv":[8,2.5,8.5,3],"texture":"#texture"}}},{"from":[6,12,16],"to":[10,13,17],"faces":{"down":{"uv":[11,9,13,9.5],"texture":"#texture"},"up":{"uv":[11,9,13,9.5],"texture":"#texture"},"north":{"uv":[11,9,13,9.5],"texture":"#texture"},"south":{"uv":[11,9,13,9.5],"texture":"#texture"},"west":{"uv":[0,3,0.5,3.5],"texture":"#texture"},"east":{"uv":[0,3,0.5,3.5],"texture":"#texture"}}},{"from":[6,7,16],"to":[10,8,17],"faces":{"down":{"uv":[11,11.5,13,12],"texture":"#texture"},"up":{"uv":[13,11.5,11,12],"rotation":90,"texture":"#texture"},"north":{"uv":[13,11.5,11,12],"texture":"#texture"},"south":{"uv":[11,11.5,13,12],"texture":"#texture"},"west":{"uv":[0,5.5,0.5,6],"texture":"#texture"},"east":{"uv":[0,5.5,0.5,6],"texture":"#texture"}}},{"from":[11,8,0],"to":[14,11,1],"faces":{"down":{"uv":[0.5,5,1,5.5],"texture":"#texture"},"up":{"uv":[0.5,5,1,5.5],"texture":"#texture"},"north":{"uv":[15,10,13.5,11.5],"texture":"#texture"},"south":{"uv":[13.5,10,15,11.5],"texture":"#texture"},"west":{"uv":[0.5,4,1,5.5],"texture":"#texture"},"east":{"uv":[0.5,4,1,5.5],"texture":"#texture"}}},{"from":[10,7,0],"to":[15,8,1],"faces":{"down":{"uv":[13,11.5,16,12],"texture":"#texture"},"up":{"uv":[13,11.5,16,12],"texture":"#texture"},"north":{"uv":[13,11.5,16,12],"texture":"#texture"},"south":{"uv":[13,11.5,16,12],"texture":"#texture"},"west":{"uv":[0.5,5.5,1,6],"texture":"#texture"},"east":{"uv":[0.5,5.5,1,6],"texture":"#texture"}}},{"from":[7,6,0],"to":[15,7,1],"faces":{"down":{"uv":[0.5,6,1,6.5],"texture":"#texture"},"up":{"uv":[0.5,6,1,6.5],"texture":"#texture"},"north":{"uv":[11.5,12,15.5,12.5],"texture":"#texture"},"south":{"uv":[11.5,12,15.5,12.5],"texture":"#texture"},"west":{"uv":[0.5,6,1,6.5],"texture":"#texture"},"east":{"uv":[0.5,6,1,6.5],"texture":"#texture"}}},{"from":[7,3,14],"to":[9,4,15],"faces":{"down":{"uv":[11.5,13.5,12,14],"texture":"#texture"},"up":{"uv":[11.5,13.5,12,14],"texture":"#texture"},"north":{"uv":[11.5,13.5,12,14],"texture":"#texture"},"south":{"uv":[11.5,13.5,12,14],"texture":"#texture"},"west":{"uv":[11.5,13.5,12,14],"texture":"#texture"},"east":{"uv":[11.5,13.5,12,14],"texture":"#texture"}}},{"from":[9,5,0],"to":[15,6,1],"faces":{"down":{"uv":[12.5,12.5,13,13],"texture":"#texture"},"up":{"uv":[12.5,12.5,13,13],"texture":"#texture"},"north":{"uv":[15.5,12.5,12.5,13],"texture":"#texture"},"south":{"uv":[12.5,12.5,15.5,13],"texture":"#texture"},"west":{"uv":[8,6.5,8.5,7],"texture":"#texture"},"east":{"uv":[8,6.5,8.5,7],"texture":"#texture"}}},{"from":[8,4,15],"to":[13,5,16],"faces":{"down":{"uv":[0.5,7,1,7.5],"texture":"#texture"},"up":{"uv":[0.5,7,1,7.5],"texture":"#texture"},"north":{"uv":[14.5,13,12,13.5],"texture":"#texture"},"south":{"uv":[12,13,14.5,13.5],"texture":"#texture"},"west":{"uv":[0.5,7,1,7.5],"texture":"#texture"},"east":{"uv":[0.5,7,1,7.5],"texture":"#texture"}}},{"from":[8,3,15],"to":[13,4,16],"faces":{"down":{"uv":[14,13,14.5,13.5],"texture":"#texture"},"up":{"uv":[14,13,14.5,13.5],"texture":"#texture"},"north":{"uv":[14.5,13.5,12,14],"texture":"#texture"},"south":{"uv":[12,13.5,14.5,14],"texture":"#texture"},"west":{"uv":[0.5,7.5,1,8],"texture":"#texture"},"east":{"uv":[0.5,7.5,1,8],"texture":"#texture"}}},{"from":[16,2,6],"to":[16.0625,3,10],"faces":{"down":{"uv":[3.5,8,5.5,8.5],"texture":"#texture"},"up":{"uv":[3.5,8,5.5,8.5],"texture":"#texture"},"north":{"uv":[3.5,8,5.5,8.5],"texture":"#texture"},"south":{"uv":[3.5,8,5.5,8.5],"texture":"#texture"},"west":{"uv":[3.5,8,5.5,8.5],"texture":"#texture"},"east":{"uv":[3.5,8,5.5,8.5],"texture":"#texture"}}},{"from":[15,1,6],"to":[16,2,10],"faces":{"down":{"uv":[3.5,8.5,4,9],"texture":"#texture"},"up":{"uv":[3.5,8.5,4,9],"texture":"#texture"},"north":{"uv":[5,8.5,5.5,9],"texture":"#texture"},"south":{"uv":[3.5,8.5,4,9],"texture":"#texture"},"west":{"uv":[5.5,8.5,3.5,9],"texture":"#texture"},"east":{"uv":[3.5,8.5,5.5,9],"texture":"#texture"}}},{"from":[14,0,4],"to":[16,1,12],"faces":{"down":{"uv":[2.5,9,6.5,9.5],"texture":"#texture"},"up":{"uv":[2.5,9,6.5,9.5],"texture":"#texture"},"north":{"uv":[2.5,9,6.5,9.5],"texture":"#texture"},"south":{"uv":[2.5,9,6.5,9.5],"texture":"#texture"},"west":{"uv":[2.5,9,6.5,9.5],"texture":"#texture"},"east":{"uv":[2.5,9,6.5,9.5],"texture":"#texture"}}},{"from":[11,-1,6],"to":[15,0,10],"faces":{"down":{"uv":[3.5,9.5,5.5,10],"texture":"#texture"},"up":{"uv":[3.5,9.5,5.5,10],"texture":"#texture"},"north":{"uv":[13,15.5,15.5,16],"texture":"#texture"},"south":{"uv":[13,15.5,15.5,16],"texture":"#texture"},"west":{"uv":[3.5,9.5,5.5,10],"texture":"#texture"},"east":{"uv":[3.5,9.5,5.5,10],"texture":"#texture"}}},{"from":[11,-1,10],"to":[14,0,14],"faces":{"down":{"uv":[5.5,9.5,7.5,10],"texture":"#texture"},"up":{"uv":[5.5,9.5,7.5,10],"texture":"#texture"},"north":{"uv":[13.5,15.5,15,16],"texture":"#texture"},"south":{"uv":[13.5,15.5,15,16],"texture":"#texture"},"west":{"uv":[5.5,9.5,7.5,10],"texture":"#texture"},"east":{"uv":[5.5,9.5,7.5,10],"texture":"#texture"}}},{"from":[11,-1,2],"to":[14,0,6],"faces":{"down":{"uv":[5.5,9.5,7.5,10],"texture":"#texture"},"up":{"uv":[5.5,9.5,7.5,10],"texture":"#texture"},"north":{"uv":[13.5,15.5,15,16],"texture":"#texture"},"south":{"uv":[13.5,15.5,15,16],"texture":"#texture"},"west":{"uv":[5.5,9.5,7.5,10],"texture":"#texture"},"east":{"uv":[5.5,9.5,7.5,10],"texture":"#texture"}}},{"from":[10,-1,1],"to":[13,0,2],"faces":{"down":{"uv":[7.5,9.5,8,10],"texture":"#texture"},"up":{"uv":[7.5,9.5,8,10],"texture":"#texture"},"north":{"uv":[7.5,9.5,8,10],"texture":"#texture"},"south":{"uv":[7.5,9.5,8,10],"texture":"#texture"},"west":{"uv":[7.5,9.5,8,10],"texture":"#texture"},"east":{"uv":[7.5,9.5,8,10],"texture":"#texture"}}},{"from":[13,0,12],"to":[15,1,15],"faces":{"down":{"uv":[14,14.5,15.5,15],"texture":"#texture"},"up":{"uv":[14,14.5,15.5,15],"texture":"#texture"},"north":{"uv":[15.5,14.5,13,15],"texture":"#texture"},"south":{"uv":[13,14.5,15.5,15],"texture":"#texture"},"west":{"uv":[6.5,9,8,9.5],"texture":"#texture"},"east":{"uv":[8,9,6.5,9.5],"texture":"#texture"}}},{"from":[13,0,1],"to":[15,1,4],"faces":{"down":{"uv":[14,14.5,15.5,15],"texture":"#texture"},"up":{"uv":[14,14.5,15.5,15],"texture":"#texture"},"north":{"uv":[15.5,14.5,13,15],"texture":"#texture"},"south":{"uv":[13,14.5,15.5,15],"texture":"#texture"},"west":{"uv":[8,9,6.5,9.5],"texture":"#texture"},"east":{"uv":[6.5,9,8,9.5],"texture":"#texture"}}},{"from":[9,0,15],"to":[14,1,16],"faces":{"down":{"uv":[13.5,15,15,15.5],"texture":"#texture"},"up":{"uv":[13.5,15,15,15.5],"texture":"#texture"},"north":{"uv":[15,15,12.5,15.5],"texture":"#texture"},"south":{"uv":[12.5,15,15,15.5],"texture":"#texture"},"west":{"uv":[0.5,9,1,9.5],"texture":"#texture"},"east":{"uv":[0.5,9,1,9.5],"texture":"#texture"}}},{"from":[9,0,0],"to":[14,1,1],"faces":{"down":{"uv":[13.5,15,15,15.5],"texture":"#texture"},"up":{"uv":[13.5,15,15,15.5],"texture":"#texture"},"north":{"uv":[15,15,12.5,15.5],"texture":"#texture"},"south":{"uv":[12.5,15,15,15.5],"texture":"#texture"},"west":{"uv":[0.5,9,1,9.5],"texture":"#texture"},"east":{"uv":[0.5,9,1,9.5],"texture":"#texture"}}},{"from":[10,-1,14],"to":[13,0,15],"faces":{"down":{"uv":[7.5,9.5,8,10],"texture":"#texture"},"up":{"uv":[7.5,9.5,8,10],"texture":"#texture"},"north":{"uv":[7.5,9.5,8,10],"texture":"#texture"},"south":{"uv":[7.5,9.5,8,10],"texture":"#texture"},"west":{"uv":[7.5,9.5,8,10],"texture":"#texture"},"east":{"uv":[7.5,9.5,8,10],"texture":"#texture"}}},{"from":[16,1,4],"to":[16.0625,2,6],"faces":{"down":{"uv":[2.5,8.5,3.5,9],"texture":"#texture"},"up":{"uv":[2.5,8.5,3.5,9],"texture":"#texture"},"north":{"uv":[2.5,8.5,3.5,9],"texture":"#texture"},"south":{"uv":[2.5,8.5,3.5,9],"texture":"#texture"},"west":{"uv":[2.5,8.5,3.5,9],"texture":"#texture"},"east":{"uv":[2.5,8.5,3.5,9],"texture":"#texture"}}},{"from":[16,1,10],"to":[16.0625,2,12],"faces":{"down":{"uv":[2.5,8.5,3.5,9],"texture":"#texture"},"up":{"uv":[2.5,8.5,3.5,9],"texture":"#texture"},"north":{"uv":[2.5,8.5,3.5,9],"texture":"#texture"},"south":{"uv":[2.5,8.5,3.5,9],"texture":"#texture"},"west":{"uv":[2.5,8.5,3.5,9],"texture":"#texture"},"east":{"uv":[2.5,8.5,3.5,9],"texture":"#texture"}}},{"from":[13,1,13],"to":[15,2,15],"faces":{"down":{"uv":[2,8.5,2.5,9],"texture":"#texture"},"up":{"uv":[2,8.5,2.5,9],"texture":"#texture"},"north":{"uv":[2,8.5,2.5,9],"texture":"#texture"},"south":{"uv":[2,8.5,2.5,9],"texture":"#texture"},"west":{"uv":[2,8.5,1,9],"texture":"#texture"},"east":{"uv":[1,8.5,2,9],"texture":"#texture"}}},{"from":[9,1,0],"to":[13,2,1],"faces":{"down":{"uv":[13,14.5,14,15],"texture":"#texture"},"up":{"uv":[13,14.5,14,15],"texture":"#texture"},"north":{"uv":[14.5,14.5,12.5,15],"texture":"#texture"},"south":{"uv":[12.5,14.5,14.5,15],"texture":"#texture"},"west":{"uv":[0.5,8.5,1,9],"texture":"#texture"},"east":{"uv":[0.5,8.5,1,9],"texture":"#texture"}}},{"from":[9,1,15],"to":[13,2,16],"faces":{"down":{"uv":[13,14.5,14,15],"texture":"#texture"},"up":{"uv":[13,14.5,14,15],"texture":"#texture"},"north":{"uv":[14.5,14.5,12.5,15],"texture":"#texture"},"south":{"uv":[12.5,14.5,14.5,15],"texture":"#texture"},"west":{"uv":[0.5,8.5,1,9],"texture":"#texture"},"east":{"uv":[0.5,8.5,1,9],"texture":"#texture"}}},{"from":[13,1,1],"to":[15,2,3],"faces":{"down":{"uv":[2,8.5,2.5,9],"texture":"#texture"},"up":{"uv":[2,8.5,2.5,9],"texture":"#texture"},"north":{"uv":[2,8.5,2.5,9],"texture":"#texture"},"south":{"uv":[2,8.5,2.5,9],"texture":"#texture"},"west":{"uv":[1,8.5,2,9],"texture":"#texture"},"east":{"uv":[2,8.5,1,9],"texture":"#texture"}}},{"from":[14,1,12],"to":[16,2,13],"faces":{"down":{"uv":[2,8.5,2.5,9],"texture":"#texture"},"up":{"uv":[2,8.5,2.5,9],"texture":"#texture"},"north":{"uv":[2,8.5,2.5,9],"texture":"#texture"},"south":{"uv":[2,8.5,2.5,9],"texture":"#texture"},"west":{"uv":[2,8.5,2.5,9],"texture":"#texture"},"east":{"uv":[2,8.5,2.5,9],"texture":"#texture"}}},{"from":[14,1,3],"to":[16,2,4],"faces":{"down":{"uv":[2,8.5,2.5,9],"texture":"#texture"},"up":{"uv":[2,8.5,2.5,9],"texture":"#texture"},"north":{"uv":[2,8.5,2.5,9],"texture":"#texture"},"south":{"uv":[2,8.5,2.5,9],"texture":"#texture"},"west":{"uv":[2,8.5,2.5,9],"texture":"#texture"},"east":{"uv":[2,8.5,2.5,9],"texture":"#texture"}}},{"from":[16,2,10],"to":[16.0625,3,13],"faces":{"down":{"uv":[2.5,8,3.5,8.5],"texture":"#texture"},"up":{"uv":[2.5,8,3.5,8.5],"texture":"#texture"},"north":{"uv":[3,8,3.5,8.5],"texture":"#texture"},"south":{"uv":[2,8,2.5,8.5],"texture":"#texture"},"west":{"uv":[3.5,8,2,8.5],"texture":"#texture"},"east":{"uv":[2,8,3.5,8.5],"texture":"#texture"}}},{"from":[16,2,3],"to":[16.0625,3,6],"faces":{"down":{"uv":[2.5,8,3.5,8.5],"texture":"#texture"},"up":{"uv":[2.5,8,3.5,8.5],"texture":"#texture"},"north":{"uv":[3,8,3.5,8.5],"texture":"#texture"},"south":{"uv":[2,8,2.5,8.5],"texture":"#texture"},"west":{"uv":[2,8,3.5,8.5],"texture":"#texture"},"east":{"uv":[3.5,8,2,8.5],"texture":"#texture"}}},{"from":[14,2,2],"to":[16,3,3],"faces":{"down":{"uv":[2,3,0,2],"texture":"#texture"},"up":{"uv":[7,8,7.5,8.5],"texture":"#texture"},"north":{"uv":[16,14,15,14.5],"texture":"#texture"},"south":{"uv":[15,14,16,14.5],"texture":"#texture"},"west":{"uv":[7,8,7.5,8.5],"texture":"#texture"},"east":{"uv":[7,8,7.5,8.5],"texture":"#texture"}}},{"from":[14,2,13],"to":[16,3,14],"faces":{"down":{"uv":[2,3,0,2],"texture":"#texture"},"up":{"uv":[7,8,7.5,8.5],"texture":"#texture"},"north":{"uv":[16,14,15,14.5],"texture":"#texture"},"south":{"uv":[15,14,16,14.5],"texture":"#texture"},"west":{"uv":[7,8,7.5,8.5],"texture":"#texture"},"east":{"uv":[7,8,7.5,8.5],"texture":"#texture"}}},{"from":[12,2,1],"to":[15,3,2],"faces":{"down":{"uv":[14,14.5,15.5,15],"texture":"#texture"},"up":{"uv":[14,14.5,15.5,15],"texture":"#texture"},"north":{"uv":[15.5,14,14,14.5],"texture":"#texture"},"south":{"uv":[14,14,15.5,14.5],"texture":"#texture"},"west":{"uv":[7.5,8,8,8.5],"texture":"#texture"},"east":{"uv":[7.5,8,8,8.5],"texture":"#texture"}}},{"from":[12,2,14],"to":[15,3,15],"faces":{"down":{"uv":[14,14.5,15.5,15],"texture":"#texture"},"up":{"uv":[14,14.5,15.5,15],"texture":"#texture"},"north":{"uv":[15.5,14,14,14.5],"texture":"#texture"},"south":{"uv":[14,14,15.5,14.5],"texture":"#texture"},"west":{"uv":[7.5,8,8,8.5],"texture":"#texture"},"east":{"uv":[7.5,8,8,8.5],"texture":"#texture"}}},{"from":[8,2,15],"to":[13,3,16],"faces":{"down":{"uv":[12.5,14,14.5,14.5],"texture":"#texture"},"up":{"uv":[12.5,14,14.5,14.5],"texture":"#texture"},"north":{"uv":[14.5,14,12,14.5],"texture":"#texture"},"south":{"uv":[12,14,14.5,14.5],"texture":"#texture"},"west":{"uv":[8,8,8.5,8.5],"texture":"#texture"},"east":{"uv":[8,8,8.5,8.5],"texture":"#texture"}}},{"from":[8,2,0],"to":[13,3,1],"faces":{"down":{"uv":[12.5,14,14.5,14.5],"texture":"#texture"},"up":{"uv":[12.5,14,14.5,14.5],"texture":"#texture"},"north":{"uv":[14.5,14,12,14.5],"texture":"#texture"},"south":{"uv":[12,14,14.5,14.5],"texture":"#texture"},"west":{"uv":[8,8,8.5,8.5],"texture":"#texture"},"east":{"uv":[8,8,8.5,8.5],"texture":"#texture"}}},{"from":[15,3,3],"to":[16,5,13],"faces":{"down":{"uv":[4,10.5,4.5,11],"texture":"#texture"},"up":{"uv":[4,10.5,4.5,11],"texture":"#texture"},"north":{"uv":[6.5,7,7,8],"texture":"#texture"},"south":{"uv":[2,7.5,2.5,8],"texture":"#texture"},"west":{"uv":[3,12,3.5,12.5],"texture":"#texture"},"east":{"uv":[2,7,7,8],"texture":"#texture"}}},{"from":[13,3,1],"to":[15,5,3],"faces":{"down":{"uv":[14,13.5,15,14],"texture":"#texture"},"up":{"uv":[14,13,15,13.5],"texture":"#texture"},"north":{"uv":[15.5,13,14.5,14],"texture":"#texture"},"south":{"uv":[14.5,13,15.5,14],"texture":"#texture"},"west":{"uv":[8,7,7,8],"texture":"#texture"},"east":{"uv":[7,7,8,8],"texture":"#texture"}}},{"from":[8,3,0],"to":[13,4,1],"faces":{"down":{"uv":[14,13,14.5,13.5],"texture":"#texture"},"up":{"uv":[14,13,14.5,13.5],"texture":"#texture"},"north":{"uv":[14.5,13.5,12,14],"texture":"#texture"},"south":{"uv":[12,13.5,14.5,14],"texture":"#texture"},"west":{"uv":[0.5,7.5,1,8],"texture":"#texture"},"east":{"uv":[0.5,7.5,1,8],"texture":"#texture"}}},{"from":[8,4,0],"to":[13,5,1],"faces":{"down":{"uv":[0.5,7,1,7.5],"texture":"#texture"},"up":{"uv":[0.5,7,1,7.5],"texture":"#texture"},"north":{"uv":[14.5,13,12,13.5],"texture":"#texture"},"south":{"uv":[12,13,14.5,13.5],"texture":"#texture"},"west":{"uv":[0.5,7,1,7.5],"texture":"#texture"},"east":{"uv":[0.5,7,1,7.5],"texture":"#texture"}}},{"from":[13,3,13],"to":[15,5,15],"faces":{"down":{"uv":[14,13.5,15,14],"texture":"#texture"},"up":{"uv":[14,13,15,13.5],"texture":"#texture"},"north":{"uv":[15.5,13,14.5,14],"texture":"#texture"},"south":{"uv":[14.5,13,15.5,14],"texture":"#texture"},"west":{"uv":[7,7,8,8],"texture":"#texture"},"east":{"uv":[8,7,7,8],"texture":"#texture"}}},{"from":[7,3,1],"to":[9,4,2],"faces":{"down":{"uv":[11.5,13.5,12,14],"texture":"#texture"},"up":{"uv":[11.5,13.5,12,14],"texture":"#texture"},"north":{"uv":[11.5,13.5,12,14],"texture":"#texture"},"south":{"uv":[11.5,13.5,12,14],"texture":"#texture"},"west":{"uv":[11.5,13.5,12,14],"texture":"#texture"},"east":{"uv":[11.5,13.5,12,14],"texture":"#texture"}}},{"from":[15,5,3],"to":[16,6,13],"faces":{"down":{"uv":[4,10.5,4.5,11],"texture":"#texture"},"up":{"uv":[4,10.5,4.5,11],"texture":"#texture"},"north":{"uv":[6.5,7,7,8],"texture":"#texture"},"south":{"uv":[2,7.5,2.5,8],"texture":"#texture"},"west":{"uv":[3,12,3.5,12.5],"texture":"#texture"},"east":{"uv":[2,6.5,7,7],"texture":"#texture"}}},{"from":[15,6,3],"to":[16,7,13],"faces":{"down":{"uv":[4,10.5,4.5,11],"texture":"#texture"},"up":{"uv":[4,10.5,4.5,11],"texture":"#texture"},"north":{"uv":[6.5,11.5,7,12.5],"texture":"#texture"},"south":{"uv":[6.5,11.5,7,12.5],"texture":"#texture"},"west":{"uv":[3,12,3.5,12.5],"texture":"#texture"},"east":{"uv":[2,6,7,6.5],"texture":"#texture"}}},{"from":[13,5,1],"to":[15,6,3],"faces":{"down":{"uv":[14,12.5,15,13],"texture":"#texture"},"up":{"uv":[14,12.5,15,13],"texture":"#texture"},"north":{"uv":[15.5,12.5,14.5,13],"texture":"#texture"},"south":{"uv":[14.5,12.5,15.5,13],"texture":"#texture"},"west":{"uv":[7,6.5,8,7],"texture":"#texture"},"east":{"uv":[7,6.5,8,7],"texture":"#texture"}}},{"from":[15,6,1],"to":[16,7,3],"faces":{"down":{"uv":[7,6,8,6.5],"rotation":90,"texture":"#texture"},"up":{"uv":[7,6,8,6.5],"rotation":270,"texture":"#texture"},"north":{"uv":[15.5,12,16,12.5],"texture":"#texture"},"south":{"uv":[4.5,11.5,5.5,12.5],"texture":"#texture"},"west":{"uv":[5.5,11.5,6.5,12],"texture":"#texture"},"east":{"uv":[7,6,8,6.5],"texture":"#texture"}}},{"from":[15,6,13],"to":[16,7,15],"faces":{"down":{"uv":[8,6,7,6.5],"rotation":90,"texture":"#texture"},"up":{"uv":[8,6,7,6.5],"rotation":270,"texture":"#texture"},"north":{"uv":[4.5,11.5,5.5,12.5],"texture":"#texture"},"south":{"uv":[15.5,12,16,12.5],"texture":"#texture"},"west":{"uv":[5.5,11.5,6.5,12],"texture":"#texture"},"east":{"uv":[8,6,7,6.5],"texture":"#texture"}}},{"from":[13,5,13],"to":[15,6,15],"faces":{"down":{"uv":[14,12.5,15,13],"texture":"#texture"},"up":{"uv":[14,12.5,15,13],"texture":"#texture"},"north":{"uv":[15.5,12.5,14.5,13],"texture":"#texture"},"south":{"uv":[14.5,12.5,15.5,13],"texture":"#texture"},"west":{"uv":[7,6.5,8,7],"texture":"#texture"},"east":{"uv":[7,6.5,8,7],"texture":"#texture"}}},{"from":[9,5,15],"to":[15,6,16],"faces":{"down":{"uv":[12.5,12.5,13,13],"texture":"#texture"},"up":{"uv":[12.5,12.5,13,13],"texture":"#texture"},"north":{"uv":[15.5,12.5,12.5,13],"texture":"#texture"},"south":{"uv":[12.5,12.5,15.5,13],"texture":"#texture"},"west":{"uv":[8,6.5,8.5,7],"texture":"#texture"},"east":{"uv":[8,6.5,8.5,7],"texture":"#texture"}}},{"from":[7,6,15],"to":[15,7,16],"faces":{"down":{"uv":[0.5,6,1,6.5],"texture":"#texture"},"up":{"uv":[0.5,6,1,6.5],"texture":"#texture"},"north":{"uv":[11.5,12,15.5,12.5],"texture":"#texture"},"south":{"uv":[11.5,12,15.5,12.5],"texture":"#texture"},"west":{"uv":[0.5,6,1,6.5],"texture":"#texture"},"east":{"uv":[0.5,6,1,6.5],"texture":"#texture"}}},{"from":[15,7,3],"to":[16,13,13],"faces":{"down":{"uv":[4,10.5,4.5,11],"texture":"#texture"},"up":{"uv":[4,10.5,4.5,11],"texture":"#texture"},"north":{"uv":[2,5.5,2.5,6],"texture":"#texture"},"south":{"uv":[2,5.5,2.5,6],"texture":"#texture"},"west":{"uv":[3,12,3.5,12.5],"texture":"#texture"},"east":{"uv":[2,3,7,6],"texture":"#texture"}}},{"from":[14,7,1],"to":[15,8,3],"faces":{"down":{"uv":[7,5.5,8,6],"rotation":90,"texture":"#texture"},"up":{"uv":[5,11,6,13],"texture":"#texture"},"north":{"uv":[4.5,11.5,5.5,12.5],"texture":"#texture"},"south":{"uv":[4.5,11.5,5.5,12.5],"texture":"#texture"},"west":{"uv":[5.5,11.5,6.5,12],"texture":"#texture"},"east":{"uv":[7,5.5,8,6],"texture":"#texture"}}},{"from":[14,7,13],"to":[15,8,15],"faces":{"down":{"uv":[7,5.5,8,6],"rotation":90,"texture":"#texture"},"up":{"uv":[5,11,6,13],"texture":"#texture"},"north":{"uv":[4.5,11.5,5.5,12.5],"texture":"#texture"},"south":{"uv":[4.5,11.5,5.5,12.5],"texture":"#texture"},"west":{"uv":[5.5,11.5,6.5,12],"texture":"#texture"},"east":{"uv":[7,5.5,8,6],"texture":"#texture"}}},{"from":[10,7,15],"to":[15,8,16],"faces":{"down":{"uv":[13,11.5,16,12],"texture":"#texture"},"up":{"uv":[13,11.5,16,12],"texture":"#texture"},"north":{"uv":[13,11.5,16,12],"texture":"#texture"},"south":{"uv":[13,11.5,16,12],"texture":"#texture"},"west":{"uv":[0.5,5.5,1,6],"texture":"#texture"},"east":{"uv":[0.5,5.5,1,6],"texture":"#texture"}}},{"from":[6,7,-1],"to":[10,8,0],"faces":{"down":{"uv":[11,11.5,13,12],"texture":"#texture"},"up":{"uv":[13,11.5,11,12],"rotation":90,"texture":"#texture"},"north":{"uv":[13,11.5,11,12],"texture":"#texture"},"south":{"uv":[11,11.5,13,12],"texture":"#texture"},"west":{"uv":[0,5.5,0.5,6],"texture":"#texture"},"east":{"uv":[0,5.5,0.5,6],"texture":"#texture"}}},{"from":[5,8,16],"to":[11,12,17],"faces":{"down":{"uv":[10.5,11,13.5,11.5],"texture":"#texture"},"up":{"uv":[13.5,9.5,10.5,10],"rotation":90,"texture":"#texture"},"north":{"uv":[13.5,9.5,10.5,11.5],"texture":"#texture"},"south":{"uv":[10.5,9.5,13.5,11.5],"texture":"#texture"},"west":{"uv":[0,3.5,0.5,5.5],"texture":"#texture"},"east":{"uv":[0,3.5,0.5,5.5],"texture":"#texture"}}},{"from":[5,8,-1],"to":[11,12,0],"faces":{"down":{"uv":[10.5,11,13.5,11.5],"texture":"#texture"},"up":{"uv":[13.5,9.5,10.5,10],"rotation":90,"texture":"#texture"},"north":{"uv":[13.5,9.5,10.5,11.5],"texture":"#texture"},"south":{"uv":[10.5,9.5,13.5,11.5],"texture":"#texture"},"west":{"uv":[0,3.5,0.5,5.5],"texture":"#texture"},"east":{"uv":[0,3.5,0.5,5.5],"texture":"#texture"}}},{"from":[6,12,-1],"to":[10,13,0],"faces":{"down":{"uv":[11,9,13,9.5],"texture":"#texture"},"up":{"uv":[11,9,13,9.5],"texture":"#texture"},"north":{"uv":[11,9,13,9.5],"texture":"#texture"},"south":{"uv":[11,9,13,9.5],"texture":"#texture"},"west":{"uv":[0,3,0.5,3.5],"texture":"#texture"},"east":{"uv":[0,3,0.5,3.5],"texture":"#texture"}}},{"from":[14,8,1],"to":[16,11,3],"faces":{"down":{"uv":[7,4,8,4.5],"rotation":90,"texture":"#texture"},"up":{"uv":[7,4,8,4.5],"rotation":270,"texture":"#texture"},"north":{"uv":[15.5,10,16,11.5],"texture":"#texture"},"south":{"uv":[4.5,11.5,5.5,12.5],"texture":"#texture"},"west":{"uv":[5.5,11.5,6.5,12],"texture":"#texture"},"east":{"uv":[7,4,8,5.5],"texture":"#texture"}}},{"from":[14,8,13],"to":[16,11,15],"faces":{"down":{"uv":[8,4,7,4.5],"rotation":90,"texture":"#texture"},"up":{"uv":[8,4,7,4.5],"rotation":270,"texture":"#texture"},"north":{"uv":[4.5,11.5,5.5,12.5],"texture":"#texture"},"south":{"uv":[15.5,10,16,11.5],"texture":"#texture"},"west":{"uv":[5.5,11.5,6.5,12],"texture":"#texture"},"east":{"uv":[1,4,2,5.5],"texture":"#texture"}}},{"from":[15,13,3],"to":[16,14,13],"faces":{"down":{"uv":[4,10.5,4.5,11],"texture":"#texture"},"up":{"uv":[4,10.5,4.5,11],"texture":"#texture"},"north":{"uv":[6.5,2.5,7,3],"texture":"#texture"},"south":{"uv":[2,2.5,2.5,3],"texture":"#texture"},"west":{"uv":[3,12,3.5,12.5],"texture":"#texture"},"east":{"uv":[2,2.5,7,3],"texture":"#texture"}}},{"from":[14,11,13],"to":[15,15,15],"faces":{"down":{"uv":[7,2.5,8,3],"rotation":90,"texture":"#texture"},"up":{"uv":[7,2,8,2.5],"rotation":270,"texture":"#texture"},"north":{"uv":[4.5,11.5,5.5,12.5],"texture":"#texture"},"south":{"uv":[15,7,15.5,9],"texture":"#texture"},"west":{"uv":[5.5,11.5,6.5,12],"texture":"#texture"},"east":{"uv":[8,2,7,4],"texture":"#texture"}}},{"from":[10,11,15],"to":[15,13,16],"faces":{"down":{"uv":[0.5,4,1,4.5],"texture":"#texture"},"up":{"uv":[0.5,4,1,4.5],"texture":"#texture"},"north":{"uv":[15.5,9,13,10],"texture":"#texture"},"south":{"uv":[13,9,15.5,10],"texture":"#texture"},"west":{"uv":[0.5,4,1,4.5],"texture":"#texture"},"east":{"uv":[0.5,4,1,4.5],"texture":"#texture"}}},{"from":[11,8,15],"to":[14,11,16],"faces":{"down":{"uv":[0.5,5,1,5.5],"texture":"#texture"},"up":{"uv":[0.5,5,1,5.5],"texture":"#texture"},"north":{"uv":[15,10,13.5,11.5],"texture":"#texture"},"south":{"uv":[13.5,10,15,11.5],"texture":"#texture"},"west":{"uv":[0.5,4,1,5.5],"texture":"#texture"},"east":{"uv":[0.5,4,1,5.5],"texture":"#texture"}}},{"from":[10,11,0],"to":[15,13,1],"faces":{"down":{"uv":[0.5,4,1,4.5],"texture":"#texture"},"up":{"uv":[0.5,4,1,4.5],"texture":"#texture"},"north":{"uv":[15.5,9,13,10],"texture":"#texture"},"south":{"uv":[13,9,15.5,10],"texture":"#texture"},"west":{"uv":[0.5,4,1,4.5],"texture":"#texture"},"east":{"uv":[0.5,4,1,4.5],"texture":"#texture"}}},{"from":[8,13,15],"to":[14,14,16],"faces":{"down":{"uv":[8,2.5,8.5,3],"texture":"#texture"},"up":{"uv":[8,2.5,8.5,3],"texture":"#texture"},"north":{"uv":[15,8.5,12,9],"texture":"#texture"},"south":{"uv":[12,8.5,15,9],"texture":"#texture"},"west":{"uv":[8,2.5,8.5,3],"texture":"#texture"},"east":{"uv":[8,2.5,8.5,3],"texture":"#texture"}}},{"from":[0,9,0],"to":[5,11,1],"faces":{"down":{"uv":[8,10,10.5,10.5],"texture":"#texture"},"up":{"uv":[10.5,10,8,10.5],"rotation":90,"texture":"#texture"},"north":{"uv":[10.5,10,8,11],"texture":"#texture"},"south":{"uv":[8,10,10.5,11],"texture":"#texture"},"west":{"uv":[8,10,8.5,11],"texture":"#texture"},"east":{"uv":[10,10,10.5,11],"texture":"#texture"}}},{"from":[0,11,0],"to":[5,12,1],"faces":{"down":{"uv":[8,9.5,10.5,10],"texture":"#texture"},"up":{"uv":[8,9.5,10.5,10],"texture":"#texture"},"north":{"uv":[8,9.5,10.5,10],"texture":"#texture"},"south":{"uv":[8,9.5,10.5,10],"texture":"#texture"},"west":{"uv":[8,9.5,8.5,10],"texture":"#texture"},"east":{"uv":[8,9.5,8.5,10],"texture":"#texture"}}},{"from":[0,9.5,1],"to":[1,11.5,15],"faces":{"down":{"uv":[8,9.5,8.5,10],"texture":"#texture"},"up":{"uv":[8,9.5,8.5,10],"texture":"#texture"},"north":{"uv":[8,9.5,8.5,10],"texture":"#texture"},"south":{"uv":[8,9.5,8.5,10],"texture":"#texture"},"west":{"uv":[8,9.5,8.5,10],"texture":"#texture"},"east":{"uv":[8,9.5,8.5,10],"texture":"#texture"}}},{"from":[5,9,15],"to":[10,12,16],"faces":{"down":{"uv":[8,9.5,10.5,10],"texture":"#texture"},"up":{"uv":[8,9.5,10.5,10],"texture":"#texture"},"north":{"uv":[8,9.5,10.5,10],"texture":"#texture"},"south":{"uv":[8,9.5,10.5,10],"texture":"#texture"},"west":{"uv":[8,9.5,8.5,10],"texture":"#texture"},"east":{"uv":[8,9.5,8.5,10],"texture":"#texture"}}},{"from":[5,9,0],"to":[10,12,1],"faces":{"down":{"uv":[8,9.5,10.5,10],"texture":"#texture"},"up":{"uv":[8,9.5,10.5,10],"texture":"#texture"},"north":{"uv":[8,9.5,10.5,10],"texture":"#texture"},"south":{"uv":[8,9.5,10.5,10],"texture":"#texture"},"west":{"uv":[8,9.5,8.5,10],"texture":"#texture"},"east":{"uv":[8,9.5,8.5,10],"texture":"#texture"}}},{"from":[15,14,3],"to":[16,16,13],"faces":{"down":{"uv":[4,10.5,4.5,11],"texture":"#texture"},"up":{"uv":[2,1.5,7,2],"texture":"#texture"},"north":{"uv":[6.5,2.5,7,3],"texture":"#texture"},"south":{"uv":[2,2.5,2.5,3],"texture":"#texture"},"west":{"uv":[3,12,3.5,12.5],"texture":"#texture"},"east":{"uv":[2,1.5,7,2.5],"texture":"#texture"}}},{"from":[14,11,1],"to":[15,15,3],"faces":{"down":{"uv":[7,2.5,8,3],"rotation":90,"texture":"#texture"},"up":{"uv":[7,2,8,2.5],"rotation":270,"texture":"#texture"},"north":{"uv":[15,7,15.5,9],"texture":"#texture"},"south":{"uv":[4.5,11.5,5.5,12.5],"texture":"#texture"},"west":{"uv":[5.5,11.5,6.5,12],"texture":"#texture"},"east":{"uv":[7,2,8,4],"texture":"#texture"}}},{"from":[12,15,2],"to":[15,16,3],"faces":{"down":{"uv":[13,3,12,2],"texture":"#texture"},"up":{"uv":[7,1.5,7.5,2],"texture":"#texture"},"north":{"uv":[15.5,7.5,14,8],"texture":"#texture"},"south":{"uv":[11.5,0.5,12.5,1.5],"texture":"#texture"},"west":{"uv":[6.5,11,7,11.5],"texture":"#texture"},"east":{"uv":[7,1.5,7.5,2],"texture":"#texture"}}},{"from":[12,15,13],"to":[15,16,14],"faces":{"down":{"uv":[13,3,12,2],"texture":"#texture"},"up":{"uv":[1.5,1.5,2,2],"texture":"#texture"},"north":{"uv":[11.5,0.5,12.5,1.5],"texture":"#texture"},"south":{"uv":[14,7.5,15.5,8],"texture":"#texture"},"west":{"uv":[6.5,11,7,11.5],"texture":"#texture"},"east":{"uv":[7,1.5,7.5,2],"texture":"#texture"}}},{"from":[12,16,3],"to":[15,17,13],"faces":{"down":{"uv":[14,5,15.5,5.5],"texture":"#texture"},"up":{"uv":[14,7,15.5,7.5],"texture":"#texture"},"north":{"uv":[14,7,15.5,7.5],"texture":"#texture"},"south":{"uv":[14,7,15.5,7.5],"texture":"#texture"},"west":{"uv":[13.5,4,15,4.5],"texture":"#texture"},"east":{"uv":[14,7,15.5,7.5],"texture":"#texture"}}},{"from":[4,12,-0.5],"to":[6,13,0.5],"faces":{"down":{"uv":[10,9,11,9.5],"texture":"#texture"},"up":{"uv":[10,9,11,9.5],"texture":"#texture"},"north":{"uv":[10,9,11,9.5],"texture":"#texture"},"south":{"uv":[10,9,11,9.5],"texture":"#texture"},"west":{"uv":[10,9,11,9.5],"texture":"#texture"},"east":{"uv":[10,9,11,9.5],"texture":"#texture"}}},{"from":[4,13,15],"to":[8,14,16],"faces":{"down":{"uv":[10,8.5,12,9],"texture":"#texture"},"up":{"uv":[10,8.5,12,9],"texture":"#texture"},"north":{"uv":[10,8.5,12,9],"texture":"#texture"},"south":{"uv":[10,8.5,12,9],"texture":"#texture"},"west":{"uv":[10,8.5,10.5,9],"texture":"#texture"},"east":{"uv":[0.5,2,1,2.5],"texture":"#texture"}}},{"from":[4,13,0],"to":[8,14,1],"faces":{"down":{"uv":[10,8.5,12,9],"texture":"#texture"},"up":{"uv":[10,8.5,12,9],"texture":"#texture"},"north":{"uv":[10,8.5,12,9],"texture":"#texture"},"south":{"uv":[10,8.5,12,9],"texture":"#texture"},"west":{"uv":[10,8.5,10.5,9],"texture":"#texture"},"east":{"uv":[0.5,2,1,2.5],"texture":"#texture"}}},{"from":[7,14,0],"to":[14,15,2],"faces":{"down":{"uv":[14,8.5,15,9],"texture":"#texture"},"up":{"uv":[14,8.5,15,9],"texture":"#texture"},"north":{"uv":[15,8,11.5,8.5],"texture":"#texture"},"south":{"uv":[11.5,8,15,8.5],"texture":"#texture"},"west":{"uv":[0.5,1.5,1,2],"texture":"#texture"},"east":{"uv":[0.5,1.5,1,2],"texture":"#texture"}}},{"from":[6,15,14],"to":[13,16,15],"faces":{"down":{"uv":[13,7.5,14,8],"texture":"#texture"},"up":{"uv":[13,7.5,14,8],"texture":"#texture"},"north":{"uv":[14.5,7.5,11,8],"texture":"#texture"},"south":{"uv":[11,7.5,14.5,8],"texture":"#texture"},"west":{"uv":[1,1.5,1.5,2],"texture":"#texture"},"east":{"uv":[1,1.5,1.5,2],"texture":"#texture"}}},{"from":[3,15,0],"to":[6,16,1],"faces":{"down":{"uv":[9.5,7.5,11,8],"texture":"#texture"},"up":{"uv":[9.5,7.5,11,8],"rotation":90,"texture":"#texture"},"north":{"uv":[9.5,7.5,11,8],"texture":"#texture"},"south":{"uv":[9.5,7.5,11,8],"texture":"#texture"},"west":{"uv":[9.5,7.5,10,8],"texture":"#texture"},"east":{"uv":[9.5,7.5,10,8],"texture":"#texture"}}},{"from":[3,14,15],"to":[7,15,16],"faces":{"down":{"uv":[9.5,7.5,11,8],"texture":"#texture"},"up":{"uv":[9.5,7.5,11,8],"rotation":90,"texture":"#texture"},"north":{"uv":[9.5,7.5,11,8],"texture":"#texture"},"south":{"uv":[9.5,7.5,11,8],"texture":"#texture"},"west":{"uv":[9.5,7.5,10,8],"texture":"#texture"},"east":{"uv":[9.5,7.5,10,8],"texture":"#texture"}}},{"from":[3,14,0],"to":[7,15,1],"faces":{"down":{"uv":[9.5,7.5,11,8],"texture":"#texture"},"up":{"uv":[9.5,7.5,11,8],"rotation":90,"texture":"#texture"},"north":{"uv":[9.5,7.5,11,8],"texture":"#texture"},"south":{"uv":[9.5,7.5,11,8],"texture":"#texture"},"west":{"uv":[9.5,7.5,10,8],"texture":"#texture"},"east":{"uv":[9.5,7.5,10,8],"texture":"#texture"}}},{"from":[3,16,2],"to":[12,17,3],"faces":{"down":{"uv":[9.5,7,12,7.5],"texture":"#texture"},"up":{"uv":[9.5,7,12,7.5],"texture":"#texture"},"north":{"uv":[14,7,9.5,7.5],"texture":"#texture"},"south":{"uv":[9.5,7,14,7.5],"texture":"#texture"},"west":{"uv":[1,1,1.5,1.5],"texture":"#texture"},"east":{"uv":[1,1,1.5,1.5],"texture":"#texture"}}},{"from":[3,16,1],"to":[8,17,2],"faces":{"down":{"uv":[9.5,7,10,7.5],"texture":"#texture"},"up":{"uv":[9.5,7,10,7.5],"texture":"#texture"},"north":{"uv":[9.5,7,12,7.5],"texture":"#texture"},"south":{"uv":[9.5,7,12,7.5],"texture":"#texture"},"west":{"uv":[0.5,1,1,1.5],"texture":"#texture"},"east":{"uv":[0.5,1,1,1.5],"texture":"#texture"}}},{"from":[3,16,14],"to":[8,17,15],"faces":{"down":{"uv":[9.5,7,10,7.5],"texture":"#texture"},"up":{"uv":[9.5,7,10,7.5],"texture":"#texture"},"north":{"uv":[9.5,7,12,7.5],"texture":"#texture"},"south":{"uv":[9.5,7,12,7.5],"texture":"#texture"},"west":{"uv":[0.5,1,1,1.5],"texture":"#texture"},"east":{"uv":[0.5,1,1,1.5],"texture":"#texture"}}},{"from":[3,17,3],"to":[14,18,4],"faces":{"down":{"uv":[13,6.5,14.5,7],"texture":"#texture"},"up":{"uv":[13,6.5,14.5,7],"texture":"#texture"},"north":{"uv":[15,6.5,9.5,7],"texture":"#texture"},"south":{"uv":[9.5,6.5,15,7],"texture":"#texture"},"west":{"uv":[2,0,3,0.5],"texture":"#texture"},"east":{"uv":[2,0,3,0.5],"texture":"#texture"}}},{"from":[3,17,12],"to":[14,18,13],"faces":{"down":{"uv":[13,6.5,14.5,7],"texture":"#texture"},"up":{"uv":[13,6.5,14.5,7],"texture":"#texture"},"north":{"uv":[15,6.5,9.5,7],"texture":"#texture"},"south":{"uv":[9.5,6.5,15,7],"texture":"#texture"},"west":{"uv":[2,0,3,0.5],"texture":"#texture"},"east":{"uv":[2,0,3,0.5],"texture":"#texture"}}}],"display":{"head":{"rotation":[0,90,0],"translation":[0,0,0],"scale":[1,1,1]},"gui":{"rotation":[0,-90,0],"translation":[0,-0.57,0],"scale":[0.5,0.5,0.5]}}}
