{
  "Bulk.active": {
    "category": "master",
    "sounds": [
      "Bulk/active"
    ]
  },
  "Bulk.car.impact": {
    "category": "master",
    "sounds": [
      "Bulk/car_impact"
    ]
  },
  "Bulk.charge": {
    "category": "master",
    "sounds": [
      "Bulk/charge"
    ]
  },
  "Bulk.crystal": {
    "category": "master",
    "sounds": [
      "Bulk/crystal"
    ]
  },
  "Bulk.pain": {
    "category": "master",
    "sounds": [
      "Bulk/pain1",
      "Bulk/pain2"
    ]
  },
  "Bulk.passive": {
    "category": "master",
    "sounds": [
      "Bulk/passive"
    ]
  },
  "Bulk.select": {
    "category": "master",
    "sounds": [
      "Bulk/select"
    ]
  },
  "Bulk.smashed": {
    "category": "master",
    "sounds": [
      "Bulk/smashed"
    ]
  },
  "Bulk.taunt": {
    "category": "master",
    "sounds": [
      "Bulk/taunt"
    ]
  },
  "Abomination.active": {
    "category": "master",
    "sounds": [
      "Abomination/active"
    ]
  },
  "Abomination.car.impact": {
    "category": "master",
    "sounds": [
      "Abomination/car_impact"
    ]
  },
  "Abomination.charge": {
    "category": "master",
    "sounds": [
      "Abomination/charge"
    ]
  },
  "Abomination.crystal": {
    "category": "master",
    "sounds": [
      "Abomination/crystal"
    ]
  },
  "Abomination.pain": {
    "category": "master",
    "sounds": [
      "Abomination/pain1",
      "Abomination/pain2"
    ]
  },
  "Abomination.passive": {
    "category": "master",
    "sounds": [
      "Abomination/passive"
    ]
  },
  "Abomination.select": {
    "category": "master",
    "sounds": [
      "Abomination/select"
    ]
  },
  "Abomination.smashed": {
    "category": "master",
    "sounds": [
      "Abomination/smashed"
    ]
  },
  "Abomination.taunt": {
    "category": "master",
    "sounds": [
      "Abomination/taunt"
    ]
  }
}