{
	"__comment": "Designed by Colin0904 with Cubik Studio - https://cubik.studio",
	"textures": {
		"yeesaur2": "blocks/yeesaur2"
	},
	"elements": [ 	 
		{
			"__comment": "Voxels-92A780",
			"from": [ 3.5, 1.5, -0.5 ],
			"to": [ 4, 2, 0.5 ],
			"faces": {
				"down": { "uv": [ 12.96, 0.96, 15.04, 3.04 ], "texture": "#yeesaur2" },
				"up": { "uv": [ 12.96, 0.96, 15.04, 3.04 ], "texture": "#yeesaur2" },
				"north": { "uv": [ 12.96, 0.96, 15.04, 3.04 ], "texture": "#yeesaur2" },
				"south": { "uv": [ 12.96, 0.96, 15.04, 3.04 ], "texture": "#yeesaur2" },
				"west": { "uv": [ 12.96, 0.96, 15.04, 3.04 ], "texture": "#yeesaur2" },
				"east": { "uv": [ 12.96, 0.96, 15.04, 3.04 ], "texture": "#yeesaur2" }
			}
		},
		{
			"__comment": "Voxels-8CA07A",
			"from": [ 3.5, 2, -0.5 ],
			"to": [ 10.5, 2.5, 0.5 ],
			"faces": {
				"down": { "uv": [ 4.96, 0.96, 7.04, 3.04 ], "texture": "#yeesaur2" },
				"up": { "uv": [ 4.96, 0.96, 7.04, 3.04 ], "texture": "#yeesaur2" },
				"north": { "uv": [ 4.96, 0.96, 7.04, 3.04 ], "texture": "#yeesaur2" },
				"south": { "uv": [ 4.96, 0.96, 7.04, 3.04 ], "texture": "#yeesaur2" },
				"west": { "uv": [ 4.96, 0.96, 7.04, 3.04 ], "texture": "#yeesaur2" },
				"east": { "uv": [ 4.96, 0.96, 7.04, 3.04 ], "texture": "#yeesaur2" }
			}
		},
		{
			"__comment": "Voxels-8CA07A",
			"from": [ 4, 2.5, -0.5 ],
			"to": [ 6, 3, 0.5 ],
			"faces": {
				"down": { "uv": [ 4.96, 0.96, 7.04, 3.04 ], "texture": "#yeesaur2" },
				"up": { "uv": [ 4.96, 0.96, 7.04, 3.04 ], "texture": "#yeesaur2" },
				"north": { "uv": [ 4.96, 0.96, 7.04, 3.04 ], "texture": "#yeesaur2" },
				"south": { "uv": [ 4.96, 0.96, 7.04, 3.04 ], "texture": "#yeesaur2" },
				"west": { "uv": [ 4.96, 0.96, 7.04, 3.04 ], "texture": "#yeesaur2" },
				"east": { "uv": [ 4.96, 0.96, 7.04, 3.04 ], "texture": "#yeesaur2" }
			}
		},
		{
			"__comment": "Voxels-8CA07A",
			"from": [ 4.5, -3.5, -1.5 ],
			"to": [ 6.5, -3, -0.5 ],
			"faces": {
				"down": { "uv": [ 4.96, 0.96, 7.04, 3.04 ], "texture": "#yeesaur2" },
				"up": { "uv": [ 4.96, 0.96, 7.04, 3.04 ], "texture": "#yeesaur2" },
				"north": { "uv": [ 4.96, 0.96, 7.04, 3.04 ], "texture": "#yeesaur2" },
				"south": { "uv": [ 4.96, 0.96, 7.04, 3.04 ], "texture": "#yeesaur2" },
				"west": { "uv": [ 4.96, 0.96, 7.04, 3.04 ], "texture": "#yeesaur2" },
				"east": { "uv": [ 4.96, 0.96, 7.04, 3.04 ], "texture": "#yeesaur2" }
			}
		},
		{
			"__comment": "Voxels-97AD84",
			"from": [ 4.5, -3.5, -0.5 ],
			"to": [ 5, -2, 0 ],
			"faces": {
				"down": { "uv": [ 8.96, 0.96, 11.04, 3.04 ], "texture": "#yeesaur2" },
				"up": { "uv": [ 8.96, 0.96, 11.04, 3.04 ], "texture": "#yeesaur2" },
				"north": { "uv": [ 8.96, 0.96, 11.04, 3.04 ], "texture": "#yeesaur2" },
				"south": { "uv": [ 8.96, 0.96, 11.04, 3.04 ], "texture": "#yeesaur2" },
				"west": { "uv": [ 8.96, 0.96, 11.04, 3.04 ], "texture": "#yeesaur2" },
				"east": { "uv": [ 8.96, 0.96, 11.04, 3.04 ], "texture": "#yeesaur2" }
			}
		},
		{
			"__comment": "Voxels-8CA07A",
			"from": [ 4.5, -3.5, 0 ],
			"to": [ 11.5, -2.5, 1 ],
			"faces": {
				"down": { "uv": [ 4.96, 0.96, 7.04, 3.04 ], "texture": "#yeesaur2" },
				"up": { "uv": [ 4.96, 0.96, 7.04, 3.04 ], "texture": "#yeesaur2" },
				"north": { "uv": [ 4.96, 0.96, 7.04, 3.04 ], "texture": "#yeesaur2" },
				"south": { "uv": [ 4.96, 0.96, 7.04, 3.04 ], "texture": "#yeesaur2" },
				"west": { "uv": [ 4.96, 0.96, 7.04, 3.04 ], "texture": "#yeesaur2" },
				"east": { "uv": [ 4.96, 0.96, 7.04, 3.04 ], "texture": "#yeesaur2" }
			}
		},
		{
			"__comment": "Voxels-8CA07A",
			"from": [ 4.5, -3, -1.5 ],
			"to": [ 6, -2, -0.5 ],
			"faces": {
				"down": { "uv": [ 4.96, 0.96, 7.04, 3.04 ], "texture": "#yeesaur2" },
				"up": { "uv": [ 4.96, 0.96, 7.04, 3.04 ], "texture": "#yeesaur2" },
				"north": { "uv": [ 4.96, 0.96, 7.04, 3.04 ], "texture": "#yeesaur2" },
				"south": { "uv": [ 4.96, 0.96, 7.04, 3.04 ], "texture": "#yeesaur2" },
				"west": { "uv": [ 4.96, 0.96, 7.04, 3.04 ], "texture": "#yeesaur2" },
				"east": { "uv": [ 4.96, 0.96, 7.04, 3.04 ], "texture": "#yeesaur2" }
			}
		},
		{
			"__comment": "Voxels-8CA07A",
			"from": [ 4.5, -2.5, -2 ],
			"to": [ 7, -2, -1.5 ],
			"faces": {
				"down": { "uv": [ 4.96, 0.96, 7.04, 3.04 ], "texture": "#yeesaur2" },
				"up": { "uv": [ 4.96, 0.96, 7.04, 3.04 ], "texture": "#yeesaur2" },
				"north": { "uv": [ 4.96, 0.96, 7.04, 3.04 ], "texture": "#yeesaur2" },
				"south": { "uv": [ 4.96, 0.96, 7.04, 3.04 ], "texture": "#yeesaur2" },
				"west": { "uv": [ 4.96, 0.96, 7.04, 3.04 ], "texture": "#yeesaur2" },
				"east": { "uv": [ 4.96, 0.96, 7.04, 3.04 ], "texture": "#yeesaur2" }
			}
		},
		{
			"__comment": "Voxels-92A780",
			"from": [ 4.5, -2.5, 0 ],
			"to": [ 5, 1, 1 ],
			"faces": {
				"down": { "uv": [ 12.96, 0.96, 15.04, 3.04 ], "texture": "#yeesaur2" },
				"up": { "uv": [ 12.96, 0.96, 15.04, 3.04 ], "texture": "#yeesaur2" },
				"north": { "uv": [ 12.96, 0.96, 15.04, 3.04 ], "texture": "#yeesaur2" },
				"south": { "uv": [ 12.96, 0.96, 15.04, 3.04 ], "texture": "#yeesaur2" },
				"west": { "uv": [ 12.96, 0.96, 15.04, 3.04 ], "texture": "#yeesaur2" },
				"east": { "uv": [ 12.96, 0.96, 15.04, 3.04 ], "texture": "#yeesaur2" }
			}
		},
		{
			"__comment": "Voxels-97AD84",
			"from": [ 4.5, -2, -2 ],
			"to": [ 5, -1, -1 ],
			"faces": {
				"down": { "uv": [ 8.96, 0.96, 11.04, 3.04 ], "texture": "#yeesaur2" },
				"up": { "uv": [ 8.96, 0.96, 11.04, 3.04 ], "texture": "#yeesaur2" },
				"north": { "uv": [ 8.96, 0.96, 11.04, 3.04 ], "texture": "#yeesaur2" },
				"south": { "uv": [ 8.96, 0.96, 11.04, 3.04 ], "texture": "#yeesaur2" },
				"west": { "uv": [ 8.96, 0.96, 11.04, 3.04 ], "texture": "#yeesaur2" },
				"east": { "uv": [ 8.96, 0.96, 11.04, 3.04 ], "texture": "#yeesaur2" }
			}
		},
		{
			"__comment": "Voxels-97AD84",
			"from": [ 4.5, -2, -1 ],
			"to": [ 11.5, -1.5, -0.5 ],
			"faces": {
				"down": { "uv": [ 8.96, 0.96, 11.04, 3.04 ], "texture": "#yeesaur2" },
				"up": { "uv": [ 8.96, 0.96, 11.04, 3.04 ], "texture": "#yeesaur2" },
				"north": { "uv": [ 8.96, 0.96, 11.04, 3.04 ], "texture": "#yeesaur2" },
				"south": { "uv": [ 8.96, 0.96, 11.04, 3.04 ], "texture": "#yeesaur2" },
				"west": { "uv": [ 8.96, 0.96, 11.04, 3.04 ], "texture": "#yeesaur2" },
				"east": { "uv": [ 8.96, 0.96, 11.04, 3.04 ], "texture": "#yeesaur2" }
			}
		},
		{
			"__comment": "Voxels-92A780",
			"from": [ 4.5, -2, -0.5 ],
			"to": [ 10, 1, 0 ],
			"faces": {
				"down": { "uv": [ 12.96, 0.96, 15.04, 3.04 ], "texture": "#yeesaur2" },
				"up": { "uv": [ 12.96, 0.96, 15.04, 3.04 ], "texture": "#yeesaur2" },
				"north": { "uv": [ 12.96, 0.96, 15.04, 3.04 ], "texture": "#yeesaur2" },
				"south": { "uv": [ 12.96, 0.96, 15.04, 3.04 ], "texture": "#yeesaur2" },
				"west": { "uv": [ 12.96, 0.96, 15.04, 3.04 ], "texture": "#yeesaur2" },
				"east": { "uv": [ 12.96, 0.96, 15.04, 3.04 ], "texture": "#yeesaur2" }
			}
		},
		{
			"__comment": "Voxels-92A780",
			"from": [ 4.5, -1.5, -1 ],
			"to": [ 10, -0.5, -0.5 ],
			"faces": {
				"down": { "uv": [ 12.96, 0.96, 15.04, 3.04 ], "texture": "#yeesaur2" },
				"up": { "uv": [ 12.96, 0.96, 15.04, 3.04 ], "texture": "#yeesaur2" },
				"north": { "uv": [ 12.96, 0.96, 15.04, 3.04 ], "texture": "#yeesaur2" },
				"south": { "uv": [ 12.96, 0.96, 15.04, 3.04 ], "texture": "#yeesaur2" },
				"west": { "uv": [ 12.96, 0.96, 15.04, 3.04 ], "texture": "#yeesaur2" },
				"east": { "uv": [ 12.96, 0.96, 15.04, 3.04 ], "texture": "#yeesaur2" }
			}
		},
		{
			"__comment": "Voxels-92A780",
			"from": [ 4.5, -1, -2 ],
			"to": [ 5.5, 0.5, -1 ],
			"faces": {
				"down": { "uv": [ 12.96, 0.96, 15.04, 3.04 ], "texture": "#yeesaur2" },
				"up": { "uv": [ 12.96, 0.96, 15.04, 3.04 ], "texture": "#yeesaur2" },
				"north": { "uv": [ 12.96, 0.96, 15.04, 3.04 ], "texture": "#yeesaur2" },
				"south": { "uv": [ 12.96, 0.96, 15.04, 3.04 ], "texture": "#yeesaur2" },
				"west": { "uv": [ 12.96, 0.96, 15.04, 3.04 ], "texture": "#yeesaur2" },
				"east": { "uv": [ 12.96, 0.96, 15.04, 3.04 ], "texture": "#yeesaur2" }
			}
		},
		{
			"__comment": "Voxels-92A780",
			"from": [ 4.5, -0.5, -1 ],
			"to": [ 7, 1, -0.5 ],
			"faces": {
				"down": { "uv": [ 12.96, 0.96, 15.04, 3.04 ], "texture": "#yeesaur2" },
				"up": { "uv": [ 12.96, 0.96, 15.04, 3.04 ], "texture": "#yeesaur2" },
				"north": { "uv": [ 12.96, 0.96, 15.04, 3.04 ], "texture": "#yeesaur2" },
				"south": { "uv": [ 12.96, 0.96, 15.04, 3.04 ], "texture": "#yeesaur2" },
				"west": { "uv": [ 12.96, 0.96, 15.04, 3.04 ], "texture": "#yeesaur2" },
				"east": { "uv": [ 12.96, 0.96, 15.04, 3.04 ], "texture": "#yeesaur2" }
			}
		},
		{
			"__comment": "Voxels-92A780",
			"from": [ 4.5, 0.5, -1.5 ],
			"to": [ 6.5, 1, -1 ],
			"faces": {
				"down": { "uv": [ 12.96, 0.96, 15.04, 3.04 ], "texture": "#yeesaur2" },
				"up": { "uv": [ 12.96, 0.96, 15.04, 3.04 ], "texture": "#yeesaur2" },
				"north": { "uv": [ 12.96, 0.96, 15.04, 3.04 ], "texture": "#yeesaur2" },
				"south": { "uv": [ 12.96, 0.96, 15.04, 3.04 ], "texture": "#yeesaur2" },
				"west": { "uv": [ 12.96, 0.96, 15.04, 3.04 ], "texture": "#yeesaur2" },
				"east": { "uv": [ 12.96, 0.96, 15.04, 3.04 ], "texture": "#yeesaur2" }
			}
		},
		{
			"__comment": "Voxels-8CA07A",
			"from": [ 5, -3.5, -0.5 ],
			"to": [ 9, -3, 0 ],
			"faces": {
				"down": { "uv": [ 4.96, 0.96, 7.04, 3.04 ], "texture": "#yeesaur2" },
				"up": { "uv": [ 4.96, 0.96, 7.04, 3.04 ], "texture": "#yeesaur2" },
				"north": { "uv": [ 4.96, 0.96, 7.04, 3.04 ], "texture": "#yeesaur2" },
				"south": { "uv": [ 4.96, 0.96, 7.04, 3.04 ], "texture": "#yeesaur2" },
				"west": { "uv": [ 4.96, 0.96, 7.04, 3.04 ], "texture": "#yeesaur2" },
				"east": { "uv": [ 4.96, 0.96, 7.04, 3.04 ], "texture": "#yeesaur2" }
			}
		},
		{
			"__comment": "Voxels-8CA07A",
			"from": [ 5, -3, -2 ],
			"to": [ 6, -2.5, -1.5 ],
			"faces": {
				"down": { "uv": [ 4.96, 0.96, 7.04, 3.04 ], "texture": "#yeesaur2" },
				"up": { "uv": [ 4.96, 0.96, 7.04, 3.04 ], "texture": "#yeesaur2" },
				"north": { "uv": [ 4.96, 0.96, 7.04, 3.04 ], "texture": "#yeesaur2" },
				"south": { "uv": [ 4.96, 0.96, 7.04, 3.04 ], "texture": "#yeesaur2" },
				"west": { "uv": [ 4.96, 0.96, 7.04, 3.04 ], "texture": "#yeesaur2" },
				"east": { "uv": [ 4.96, 0.96, 7.04, 3.04 ], "texture": "#yeesaur2" }
			}
		},
		{
			"__comment": "Voxels-8CA07A",
			"from": [ 5, -3, -0.5 ],
			"to": [ 7, -2.5, 0 ],
			"faces": {
				"down": { "uv": [ 4.96, 0.96, 7.04, 3.04 ], "texture": "#yeesaur2" },
				"up": { "uv": [ 4.96, 0.96, 7.04, 3.04 ], "texture": "#yeesaur2" },
				"north": { "uv": [ 4.96, 0.96, 7.04, 3.04 ], "texture": "#yeesaur2" },
				"south": { "uv": [ 4.96, 0.96, 7.04, 3.04 ], "texture": "#yeesaur2" },
				"west": { "uv": [ 4.96, 0.96, 7.04, 3.04 ], "texture": "#yeesaur2" },
				"east": { "uv": [ 4.96, 0.96, 7.04, 3.04 ], "texture": "#yeesaur2" }
			}
		},
		{
			"__comment": "Voxels-97AD84",
			"from": [ 5, -2.5, -0.5 ],
			"to": [ 6, -2, 0 ],
			"faces": {
				"down": { "uv": [ 8.96, 0.96, 11.04, 3.04 ], "texture": "#yeesaur2" },
				"up": { "uv": [ 8.96, 0.96, 11.04, 3.04 ], "texture": "#yeesaur2" },
				"north": { "uv": [ 8.96, 0.96, 11.04, 3.04 ], "texture": "#yeesaur2" },
				"south": { "uv": [ 8.96, 0.96, 11.04, 3.04 ], "texture": "#yeesaur2" },
				"west": { "uv": [ 8.96, 0.96, 11.04, 3.04 ], "texture": "#yeesaur2" },
				"east": { "uv": [ 8.96, 0.96, 11.04, 3.04 ], "texture": "#yeesaur2" }
			}
		},
		{
			"__comment": "Voxels-8CA07A",
			"from": [ 5, -2.5, 0 ],
			"to": [ 6.5, -2, 1 ],
			"faces": {
				"down": { "uv": [ 4.96, 0.96, 7.04, 3.04 ], "texture": "#yeesaur2" },
				"up": { "uv": [ 4.96, 0.96, 7.04, 3.04 ], "texture": "#yeesaur2" },
				"north": { "uv": [ 4.96, 0.96, 7.04, 3.04 ], "texture": "#yeesaur2" },
				"south": { "uv": [ 4.96, 0.96, 7.04, 3.04 ], "texture": "#yeesaur2" },
				"west": { "uv": [ 4.96, 0.96, 7.04, 3.04 ], "texture": "#yeesaur2" },
				"east": { "uv": [ 4.96, 0.96, 7.04, 3.04 ], "texture": "#yeesaur2" }
			}
		},
		{
			"__comment": "Voxels-8CA07A",
			"from": [ 5, -2, -2 ],
			"to": [ 6.5, -1.5, -1 ],
			"faces": {
				"down": { "uv": [ 4.96, 0.96, 7.04, 3.04 ], "texture": "#yeesaur2" },
				"up": { "uv": [ 4.96, 0.96, 7.04, 3.04 ], "texture": "#yeesaur2" },
				"north": { "uv": [ 4.96, 0.96, 7.04, 3.04 ], "texture": "#yeesaur2" },
				"south": { "uv": [ 4.96, 0.96, 7.04, 3.04 ], "texture": "#yeesaur2" },
				"west": { "uv": [ 4.96, 0.96, 7.04, 3.04 ], "texture": "#yeesaur2" },
				"east": { "uv": [ 4.96, 0.96, 7.04, 3.04 ], "texture": "#yeesaur2" }
			}
		},
		{
			"__comment": "Voxels-92A780",
			"from": [ 5, -2, 0 ],
			"to": [ 11.5, 0.5, 1 ],
			"faces": {
				"down": { "uv": [ 12.96, 0.96, 15.04, 3.04 ], "texture": "#yeesaur2" },
				"up": { "uv": [ 12.96, 0.96, 15.04, 3.04 ], "texture": "#yeesaur2" },
				"north": { "uv": [ 12.96, 0.96, 15.04, 3.04 ], "texture": "#yeesaur2" },
				"south": { "uv": [ 12.96, 0.96, 15.04, 3.04 ], "texture": "#yeesaur2" },
				"west": { "uv": [ 12.96, 0.96, 15.04, 3.04 ], "texture": "#yeesaur2" },
				"east": { "uv": [ 12.96, 0.96, 15.04, 3.04 ], "texture": "#yeesaur2" }
			}
		},
		{
			"__comment": "Voxels-97AD84",
			"from": [ 5, -1.5, -2 ],
			"to": [ 6, -1, -1 ],
			"faces": {
				"down": { "uv": [ 8.96, 0.96, 11.04, 3.04 ], "texture": "#yeesaur2" },
				"up": { "uv": [ 8.96, 0.96, 11.04, 3.04 ], "texture": "#yeesaur2" },
				"north": { "uv": [ 8.96, 0.96, 11.04, 3.04 ], "texture": "#yeesaur2" },
				"south": { "uv": [ 8.96, 0.96, 11.04, 3.04 ], "texture": "#yeesaur2" },
				"west": { "uv": [ 8.96, 0.96, 11.04, 3.04 ], "texture": "#yeesaur2" },
				"east": { "uv": [ 8.96, 0.96, 11.04, 3.04 ], "texture": "#yeesaur2" }
			}
		},
		{
			"__comment": "Voxels-0F0F0F",
			"from": [ 10.5, -2.5, 1 ],
			"to": [ 11, -2, 6 ],
			"faces": {
				"down": { "uv": [ 8.96, 4.96, 11.04, 7.04 ], "texture": "#yeesaur2" },
				"up": { "uv": [ 8.96, 4.96, 11.04, 7.04 ], "texture": "#yeesaur2" },
				"north": { "uv": [ 8.96, 4.96, 11.04, 7.04 ], "texture": "#yeesaur2" },
				"south": { "uv": [ 8.96, 4.96, 11.04, 7.04 ], "texture": "#yeesaur2" },
				"west": { "uv": [ 8.96, 4.96, 11.04, 7.04 ], "texture": "#yeesaur2" },
				"east": { "uv": [ 8.96, 4.96, 11.04, 7.04 ], "texture": "#yeesaur2" }
			}
		},
		{
			"__comment": "Voxels-92A780",
			"from": [ 5, 0.5, -2 ],
			"to": [ 6.5, 1, -1.5 ],
			"faces": {
				"down": { "uv": [ 12.96, 0.96, 15.04, 3.04 ], "texture": "#yeesaur2" },
				"up": { "uv": [ 12.96, 0.96, 15.04, 3.04 ], "texture": "#yeesaur2" },
				"north": { "uv": [ 12.96, 0.96, 15.04, 3.04 ], "texture": "#yeesaur2" },
				"south": { "uv": [ 12.96, 0.96, 15.04, 3.04 ], "texture": "#yeesaur2" },
				"west": { "uv": [ 12.96, 0.96, 15.04, 3.04 ], "texture": "#yeesaur2" },
				"east": { "uv": [ 12.96, 0.96, 15.04, 3.04 ], "texture": "#yeesaur2" }
			}
		},
		{
			"__comment": "Voxels-92A780",
			"from": [ 5, 0.5, 0 ],
			"to": [ 8, 1, 1 ],
			"faces": {
				"down": { "uv": [ 12.96, 0.96, 15.04, 3.04 ], "texture": "#yeesaur2" },
				"up": { "uv": [ 12.96, 0.96, 15.04, 3.04 ], "texture": "#yeesaur2" },
				"north": { "uv": [ 12.96, 0.96, 15.04, 3.04 ], "texture": "#yeesaur2" },
				"south": { "uv": [ 12.96, 0.96, 15.04, 3.04 ], "texture": "#yeesaur2" },
				"west": { "uv": [ 12.96, 0.96, 15.04, 3.04 ], "texture": "#yeesaur2" },
				"east": { "uv": [ 12.96, 0.96, 15.04, 3.04 ], "texture": "#yeesaur2" }
			}
		},
		{
			"__comment": "Voxels-92A780",
			"from": [ 5, 1, -1.5 ],
			"to": [ 10.5, 1.5, -1 ],
			"faces": {
				"down": { "uv": [ 12.96, 0.96, 15.04, 3.04 ], "texture": "#yeesaur2" },
				"up": { "uv": [ 12.96, 0.96, 15.04, 3.04 ], "texture": "#yeesaur2" },
				"north": { "uv": [ 12.96, 0.96, 15.04, 3.04 ], "texture": "#yeesaur2" },
				"south": { "uv": [ 12.96, 0.96, 15.04, 3.04 ], "texture": "#yeesaur2" },
				"west": { "uv": [ 12.96, 0.96, 15.04, 3.04 ], "texture": "#yeesaur2" },
				"east": { "uv": [ 12.96, 0.96, 15.04, 3.04 ], "texture": "#yeesaur2" }
			}
		},
		{
			"__comment": "Voxels-8CA07A",
			"from": [ 5, 1, -1 ],
			"to": [ 6, 2, 1 ],
			"faces": {
				"down": { "uv": [ 4.96, 0.96, 7.04, 3.04 ], "texture": "#yeesaur2" },
				"up": { "uv": [ 4.96, 0.96, 7.04, 3.04 ], "texture": "#yeesaur2" },
				"north": { "uv": [ 4.96, 0.96, 7.04, 3.04 ], "texture": "#yeesaur2" },
				"south": { "uv": [ 4.96, 0.96, 7.04, 3.04 ], "texture": "#yeesaur2" },
				"west": { "uv": [ 4.96, 0.96, 7.04, 3.04 ], "texture": "#yeesaur2" },
				"east": { "uv": [ 4.96, 0.96, 7.04, 3.04 ], "texture": "#yeesaur2" }
			}
		},
		{
			"__comment": "Voxels-8CA07A",
			"from": [ 5.5, -4, -1.5 ],
			"to": [ 9.5, -3.5, 1 ],
			"faces": {
				"down": { "uv": [ 4.96, 0.96, 7.04, 3.04 ], "texture": "#yeesaur2" },
				"up": { "uv": [ 4.96, 0.96, 7.04, 3.04 ], "texture": "#yeesaur2" },
				"north": { "uv": [ 4.96, 0.96, 7.04, 3.04 ], "texture": "#yeesaur2" },
				"south": { "uv": [ 4.96, 0.96, 7.04, 3.04 ], "texture": "#yeesaur2" },
				"west": { "uv": [ 4.96, 0.96, 7.04, 3.04 ], "texture": "#yeesaur2" },
				"east": { "uv": [ 4.96, 0.96, 7.04, 3.04 ], "texture": "#yeesaur2" }
			}
		},
		{
			"__comment": "Voxels-8CA07A",
			"from": [ 5.5, -3.5, -2 ],
			"to": [ 6.5, -3, -1.5 ],
			"faces": {
				"down": { "uv": [ 4.96, 0.96, 7.04, 3.04 ], "texture": "#yeesaur2" },
				"up": { "uv": [ 4.96, 0.96, 7.04, 3.04 ], "texture": "#yeesaur2" },
				"north": { "uv": [ 4.96, 0.96, 7.04, 3.04 ], "texture": "#yeesaur2" },
				"south": { "uv": [ 4.96, 0.96, 7.04, 3.04 ], "texture": "#yeesaur2" },
				"west": { "uv": [ 4.96, 0.96, 7.04, 3.04 ], "texture": "#yeesaur2" },
				"east": { "uv": [ 4.96, 0.96, 7.04, 3.04 ], "texture": "#yeesaur2" }
			}
		},
		{
			"__comment": "Voxels-F0F0F0",
			"from": [ 5.5, -1, -1.5 ],
			"to": [ 6, 0, -1 ],
			"faces": {
				"down": { "uv": [ 0.96, 4.96, 3.04, 7.04 ], "texture": "#yeesaur2" },
				"up": { "uv": [ 0.96, 4.96, 3.04, 7.04 ], "texture": "#yeesaur2" },
				"north": { "uv": [ 0.96, 4.96, 3.04, 7.04 ], "texture": "#yeesaur2" },
				"south": { "uv": [ 0.96, 4.96, 3.04, 7.04 ], "texture": "#yeesaur2" },
				"west": { "uv": [ 0.96, 4.96, 3.04, 7.04 ], "texture": "#yeesaur2" },
				"east": { "uv": [ 0.96, 4.96, 3.04, 7.04 ], "texture": "#yeesaur2" }
			}
		},
		{
			"__comment": "Voxels-92A780",
			"from": [ 5.5, 0, -2 ],
			"to": [ 6.5, 0.5, -1 ],
			"faces": {
				"down": { "uv": [ 12.96, 0.96, 15.04, 3.04 ], "texture": "#yeesaur2" },
				"up": { "uv": [ 12.96, 0.96, 15.04, 3.04 ], "texture": "#yeesaur2" },
				"north": { "uv": [ 12.96, 0.96, 15.04, 3.04 ], "texture": "#yeesaur2" },
				"south": { "uv": [ 12.96, 0.96, 15.04, 3.04 ], "texture": "#yeesaur2" },
				"west": { "uv": [ 12.96, 0.96, 15.04, 3.04 ], "texture": "#yeesaur2" },
				"east": { "uv": [ 12.96, 0.96, 15.04, 3.04 ], "texture": "#yeesaur2" }
			}
		},
		{
			"__comment": "Voxels-0F0F0F",
			"from": [ 5.5, 0.5, -2.5 ],
			"to": [ 6.5, 1, -2 ],
			"faces": {
				"down": { "uv": [ 8.96, 4.96, 11.04, 7.04 ], "texture": "#yeesaur2" },
				"up": { "uv": [ 8.96, 4.96, 11.04, 7.04 ], "texture": "#yeesaur2" },
				"north": { "uv": [ 8.96, 4.96, 11.04, 7.04 ], "texture": "#yeesaur2" },
				"south": { "uv": [ 8.96, 4.96, 11.04, 7.04 ], "texture": "#yeesaur2" },
				"west": { "uv": [ 8.96, 4.96, 11.04, 7.04 ], "texture": "#yeesaur2" },
				"east": { "uv": [ 8.96, 4.96, 11.04, 7.04 ], "texture": "#yeesaur2" }
			}
		},
		{
			"__comment": "Voxels-92A780",
			"from": [ 5.5, 1, -2 ],
			"to": [ 6.5, 1.5, -1.5 ],
			"faces": {
				"down": { "uv": [ 12.96, 0.96, 15.04, 3.04 ], "texture": "#yeesaur2" },
				"up": { "uv": [ 12.96, 0.96, 15.04, 3.04 ], "texture": "#yeesaur2" },
				"north": { "uv": [ 12.96, 0.96, 15.04, 3.04 ], "texture": "#yeesaur2" },
				"south": { "uv": [ 12.96, 0.96, 15.04, 3.04 ], "texture": "#yeesaur2" },
				"west": { "uv": [ 12.96, 0.96, 15.04, 3.04 ], "texture": "#yeesaur2" },
				"east": { "uv": [ 12.96, 0.96, 15.04, 3.04 ], "texture": "#yeesaur2" }
			}
		},
		{
			"__comment": "Voxels-8CA07A",
			"from": [ 5.5, 1.5, -1.5 ],
			"to": [ 6.5, 2, -1 ],
			"faces": {
				"down": { "uv": [ 4.96, 0.96, 7.04, 3.04 ], "texture": "#yeesaur2" },
				"up": { "uv": [ 4.96, 0.96, 7.04, 3.04 ], "texture": "#yeesaur2" },
				"north": { "uv": [ 4.96, 0.96, 7.04, 3.04 ], "texture": "#yeesaur2" },
				"south": { "uv": [ 4.96, 0.96, 7.04, 3.04 ], "texture": "#yeesaur2" },
				"west": { "uv": [ 4.96, 0.96, 7.04, 3.04 ], "texture": "#yeesaur2" },
				"east": { "uv": [ 4.96, 0.96, 7.04, 3.04 ], "texture": "#yeesaur2" }
			}
		},
		{
			"__comment": "Voxels-8CA07A",
			"from": [ 5.5, 2, -1 ],
			"to": [ 10.5, 2.5, -0.5 ],
			"faces": {
				"down": { "uv": [ 4.96, 0.96, 7.04, 3.04 ], "texture": "#yeesaur2" },
				"up": { "uv": [ 4.96, 0.96, 7.04, 3.04 ], "texture": "#yeesaur2" },
				"north": { "uv": [ 4.96, 0.96, 7.04, 3.04 ], "texture": "#yeesaur2" },
				"south": { "uv": [ 4.96, 0.96, 7.04, 3.04 ], "texture": "#yeesaur2" },
				"west": { "uv": [ 4.96, 0.96, 7.04, 3.04 ], "texture": "#yeesaur2" },
				"east": { "uv": [ 4.96, 0.96, 7.04, 3.04 ], "texture": "#yeesaur2" }
			}
		},
		{
			"__comment": "Voxels-8CA07A",
			"from": [ 6, -4, -2 ],
			"to": [ 6.5, -3.5, -1.5 ],
			"faces": {
				"down": { "uv": [ 4.96, 0.96, 7.04, 3.04 ], "texture": "#yeesaur2" },
				"up": { "uv": [ 4.96, 0.96, 7.04, 3.04 ], "texture": "#yeesaur2" },
				"north": { "uv": [ 4.96, 0.96, 7.04, 3.04 ], "texture": "#yeesaur2" },
				"south": { "uv": [ 4.96, 0.96, 7.04, 3.04 ], "texture": "#yeesaur2" },
				"west": { "uv": [ 4.96, 0.96, 7.04, 3.04 ], "texture": "#yeesaur2" },
				"east": { "uv": [ 4.96, 0.96, 7.04, 3.04 ], "texture": "#yeesaur2" }
			}
		},
		{
			"__comment": "Voxels-5E0000",
			"from": [ 6, -3, -1.5 ],
			"to": [ 11, -2.5, -1 ],
			"faces": {
				"down": { "uv": [ 4.96, 4.96, 7.04, 7.04 ], "texture": "#yeesaur2" },
				"up": { "uv": [ 4.96, 4.96, 7.04, 7.04 ], "texture": "#yeesaur2" },
				"north": { "uv": [ 4.96, 4.96, 7.04, 7.04 ], "texture": "#yeesaur2" },
				"south": { "uv": [ 4.96, 4.96, 7.04, 7.04 ], "texture": "#yeesaur2" },
				"west": { "uv": [ 4.96, 4.96, 7.04, 7.04 ], "texture": "#yeesaur2" },
				"east": { "uv": [ 4.96, 4.96, 7.04, 7.04 ], "texture": "#yeesaur2" }
			}
		},
		{
			"__comment": "Voxels-8CA07A",
			"from": [ 6, -3, -1 ],
			"to": [ 7, -2.5, -0.5 ],
			"faces": {
				"down": { "uv": [ 4.96, 0.96, 7.04, 3.04 ], "texture": "#yeesaur2" },
				"up": { "uv": [ 4.96, 0.96, 7.04, 3.04 ], "texture": "#yeesaur2" },
				"north": { "uv": [ 4.96, 0.96, 7.04, 3.04 ], "texture": "#yeesaur2" },
				"south": { "uv": [ 4.96, 0.96, 7.04, 3.04 ], "texture": "#yeesaur2" },
				"west": { "uv": [ 4.96, 0.96, 7.04, 3.04 ], "texture": "#yeesaur2" },
				"east": { "uv": [ 4.96, 0.96, 7.04, 3.04 ], "texture": "#yeesaur2" }
			}
		},
		{
			"__comment": "Voxels-8CA07A",
			"from": [ 6, -2.5, -2.5 ],
			"to": [ 7, -2, -2 ],
			"faces": {
				"down": { "uv": [ 4.96, 0.96, 7.04, 3.04 ], "texture": "#yeesaur2" },
				"up": { "uv": [ 4.96, 0.96, 7.04, 3.04 ], "texture": "#yeesaur2" },
				"north": { "uv": [ 4.96, 0.96, 7.04, 3.04 ], "texture": "#yeesaur2" },
				"south": { "uv": [ 4.96, 0.96, 7.04, 3.04 ], "texture": "#yeesaur2" },
				"west": { "uv": [ 4.96, 0.96, 7.04, 3.04 ], "texture": "#yeesaur2" },
				"east": { "uv": [ 4.96, 0.96, 7.04, 3.04 ], "texture": "#yeesaur2" }
			}
		},
		{
			"__comment": "Voxels-8CA07A",
			"from": [ 6, -2.5, -1.5 ],
			"to": [ 7, -2, -1 ],
			"faces": {
				"down": { "uv": [ 4.96, 0.96, 7.04, 3.04 ], "texture": "#yeesaur2" },
				"up": { "uv": [ 4.96, 0.96, 7.04, 3.04 ], "texture": "#yeesaur2" },
				"north": { "uv": [ 4.96, 0.96, 7.04, 3.04 ], "texture": "#yeesaur2" },
				"south": { "uv": [ 4.96, 0.96, 7.04, 3.04 ], "texture": "#yeesaur2" },
				"west": { "uv": [ 4.96, 0.96, 7.04, 3.04 ], "texture": "#yeesaur2" },
				"east": { "uv": [ 4.96, 0.96, 7.04, 3.04 ], "texture": "#yeesaur2" }
			}
		},
		{
			"__comment": "Voxels-8CA07A",
			"from": [ 6, -2.5, -1 ],
			"to": [ 6.5, -2, 0 ],
			"faces": {
				"down": { "uv": [ 4.96, 0.96, 7.04, 3.04 ], "texture": "#yeesaur2" },
				"up": { "uv": [ 4.96, 0.96, 7.04, 3.04 ], "texture": "#yeesaur2" },
				"north": { "uv": [ 4.96, 0.96, 7.04, 3.04 ], "texture": "#yeesaur2" },
				"south": { "uv": [ 4.96, 0.96, 7.04, 3.04 ], "texture": "#yeesaur2" },
				"west": { "uv": [ 4.96, 0.96, 7.04, 3.04 ], "texture": "#yeesaur2" },
				"east": { "uv": [ 4.96, 0.96, 7.04, 3.04 ], "texture": "#yeesaur2" }
			}
		},
		{
			"__comment": "Voxels-8CA07A",
			"from": [ 6, -2, -2.5 ],
			"to": [ 6.5, -1.5, -2 ],
			"faces": {
				"down": { "uv": [ 4.96, 0.96, 7.04, 3.04 ], "texture": "#yeesaur2" },
				"up": { "uv": [ 4.96, 0.96, 7.04, 3.04 ], "texture": "#yeesaur2" },
				"north": { "uv": [ 4.96, 0.96, 7.04, 3.04 ], "texture": "#yeesaur2" },
				"south": { "uv": [ 4.96, 0.96, 7.04, 3.04 ], "texture": "#yeesaur2" },
				"west": { "uv": [ 4.96, 0.96, 7.04, 3.04 ], "texture": "#yeesaur2" },
				"east": { "uv": [ 4.96, 0.96, 7.04, 3.04 ], "texture": "#yeesaur2" }
			}
		},
		{
			"__comment": "Voxels-92A780",
			"from": [ 6, -1.5, -2 ],
			"to": [ 9.5, -1, -1 ],
			"faces": {
				"down": { "uv": [ 12.96, 0.96, 15.04, 3.04 ], "texture": "#yeesaur2" },
				"up": { "uv": [ 12.96, 0.96, 15.04, 3.04 ], "texture": "#yeesaur2" },
				"north": { "uv": [ 12.96, 0.96, 15.04, 3.04 ], "texture": "#yeesaur2" },
				"south": { "uv": [ 12.96, 0.96, 15.04, 3.04 ], "texture": "#yeesaur2" },
				"west": { "uv": [ 12.96, 0.96, 15.04, 3.04 ], "texture": "#yeesaur2" },
				"east": { "uv": [ 12.96, 0.96, 15.04, 3.04 ], "texture": "#yeesaur2" }
			}
		},
		{
			"__comment": "Voxels-0F0F0F",
			"from": [ 6, -1, -1.5 ],
			"to": [ 6.5, 0, -1 ],
			"faces": {
				"down": { "uv": [ 8.96, 4.96, 11.04, 7.04 ], "texture": "#yeesaur2" },
				"up": { "uv": [ 8.96, 4.96, 11.04, 7.04 ], "texture": "#yeesaur2" },
				"north": { "uv": [ 8.96, 4.96, 11.04, 7.04 ], "texture": "#yeesaur2" },
				"south": { "uv": [ 8.96, 4.96, 11.04, 7.04 ], "texture": "#yeesaur2" },
				"west": { "uv": [ 8.96, 4.96, 11.04, 7.04 ], "texture": "#yeesaur2" },
				"east": { "uv": [ 8.96, 4.96, 11.04, 7.04 ], "texture": "#yeesaur2" }
			}
		},
		{
			"__comment": "Voxels-92A780",
			"from": [ 6, 1, -1 ],
			"to": [ 7, 1.5, 1 ],
			"faces": {
				"down": { "uv": [ 12.96, 0.96, 15.04, 3.04 ], "texture": "#yeesaur2" },
				"up": { "uv": [ 12.96, 0.96, 15.04, 3.04 ], "texture": "#yeesaur2" },
				"north": { "uv": [ 12.96, 0.96, 15.04, 3.04 ], "texture": "#yeesaur2" },
				"south": { "uv": [ 12.96, 0.96, 15.04, 3.04 ], "texture": "#yeesaur2" },
				"west": { "uv": [ 12.96, 0.96, 15.04, 3.04 ], "texture": "#yeesaur2" },
				"east": { "uv": [ 12.96, 0.96, 15.04, 3.04 ], "texture": "#yeesaur2" }
			}
		},
		{
			"__comment": "Voxels-8CA07A",
			"from": [ 6, 1.5, -1 ],
			"to": [ 6.5, 2, 1 ],
			"faces": {
				"down": { "uv": [ 4.96, 0.96, 7.04, 3.04 ], "texture": "#yeesaur2" },
				"up": { "uv": [ 4.96, 0.96, 7.04, 3.04 ], "texture": "#yeesaur2" },
				"north": { "uv": [ 4.96, 0.96, 7.04, 3.04 ], "texture": "#yeesaur2" },
				"south": { "uv": [ 4.96, 0.96, 7.04, 3.04 ], "texture": "#yeesaur2" },
				"west": { "uv": [ 4.96, 0.96, 7.04, 3.04 ], "texture": "#yeesaur2" },
				"east": { "uv": [ 4.96, 0.96, 7.04, 3.04 ], "texture": "#yeesaur2" }
			}
		},
		{
			"__comment": "Voxels-748863",
			"from": [ 6.5, -4.5, -1.5 ],
			"to": [ 9.5, -4, -0.5 ],
			"faces": {
				"down": { "uv": [ 12.96, 4.96, 15.04, 7.04 ], "texture": "#yeesaur2" },
				"up": { "uv": [ 12.96, 4.96, 15.04, 7.04 ], "texture": "#yeesaur2" },
				"north": { "uv": [ 12.96, 4.96, 15.04, 7.04 ], "texture": "#yeesaur2" },
				"south": { "uv": [ 12.96, 4.96, 15.04, 7.04 ], "texture": "#yeesaur2" },
				"west": { "uv": [ 12.96, 4.96, 15.04, 7.04 ], "texture": "#yeesaur2" },
				"east": { "uv": [ 12.96, 4.96, 15.04, 7.04 ], "texture": "#yeesaur2" }
			}
		},
		{
			"__comment": "Voxels-8CA07A",
			"from": [ 6.5, -4.5, -0.5 ],
			"to": [ 9, -4, 1 ],
			"faces": {
				"down": { "uv": [ 4.96, 0.96, 7.04, 3.04 ], "texture": "#yeesaur2" },
				"up": { "uv": [ 4.96, 0.96, 7.04, 3.04 ], "texture": "#yeesaur2" },
				"north": { "uv": [ 4.96, 0.96, 7.04, 3.04 ], "texture": "#yeesaur2" },
				"south": { "uv": [ 4.96, 0.96, 7.04, 3.04 ], "texture": "#yeesaur2" },
				"west": { "uv": [ 4.96, 0.96, 7.04, 3.04 ], "texture": "#yeesaur2" },
				"east": { "uv": [ 4.96, 0.96, 7.04, 3.04 ], "texture": "#yeesaur2" }
			}
		},
		{
			"__comment": "Voxels-92A780",
			"from": [ 6.5, -4, -2 ],
			"to": [ 8, -3.5, -1.5 ],
			"faces": {
				"down": { "uv": [ 12.96, 0.96, 15.04, 3.04 ], "texture": "#yeesaur2" },
				"up": { "uv": [ 12.96, 0.96, 15.04, 3.04 ], "texture": "#yeesaur2" },
				"north": { "uv": [ 12.96, 0.96, 15.04, 3.04 ], "texture": "#yeesaur2" },
				"south": { "uv": [ 12.96, 0.96, 15.04, 3.04 ], "texture": "#yeesaur2" },
				"west": { "uv": [ 12.96, 0.96, 15.04, 3.04 ], "texture": "#yeesaur2" },
				"east": { "uv": [ 12.96, 0.96, 15.04, 3.04 ], "texture": "#yeesaur2" }
			}
		},
		{
			"__comment": "Voxels-5E0000",
			"from": [ 6.5, -3.5, -1.5 ],
			"to": [ 9.5, -3, -1 ],
			"faces": {
				"down": { "uv": [ 4.96, 4.96, 7.04, 7.04 ], "texture": "#yeesaur2" },
				"up": { "uv": [ 4.96, 4.96, 7.04, 7.04 ], "texture": "#yeesaur2" },
				"north": { "uv": [ 4.96, 4.96, 7.04, 7.04 ], "texture": "#yeesaur2" },
				"south": { "uv": [ 4.96, 4.96, 7.04, 7.04 ], "texture": "#yeesaur2" },
				"west": { "uv": [ 4.96, 4.96, 7.04, 7.04 ], "texture": "#yeesaur2" },
				"east": { "uv": [ 4.96, 4.96, 7.04, 7.04 ], "texture": "#yeesaur2" }
			}
		},
		{
			"__comment": "Voxels-8CA07A",
			"from": [ 6.5, -3.5, -1 ],
			"to": [ 7.5, -3, -0.5 ],
			"faces": {
				"down": { "uv": [ 4.96, 0.96, 7.04, 3.04 ], "texture": "#yeesaur2" },
				"up": { "uv": [ 4.96, 0.96, 7.04, 3.04 ], "texture": "#yeesaur2" },
				"north": { "uv": [ 4.96, 0.96, 7.04, 3.04 ], "texture": "#yeesaur2" },
				"south": { "uv": [ 4.96, 0.96, 7.04, 3.04 ], "texture": "#yeesaur2" },
				"west": { "uv": [ 4.96, 0.96, 7.04, 3.04 ], "texture": "#yeesaur2" },
				"east": { "uv": [ 4.96, 0.96, 7.04, 3.04 ], "texture": "#yeesaur2" }
			}
		},
		{
			"__comment": "Voxels-92A780",
			"from": [ 6.5, -2.5, -1 ],
			"to": [ 9.5, -2, 1 ],
			"faces": {
				"down": { "uv": [ 12.96, 0.96, 15.04, 3.04 ], "texture": "#yeesaur2" },
				"up": { "uv": [ 12.96, 0.96, 15.04, 3.04 ], "texture": "#yeesaur2" },
				"north": { "uv": [ 12.96, 0.96, 15.04, 3.04 ], "texture": "#yeesaur2" },
				"south": { "uv": [ 12.96, 0.96, 15.04, 3.04 ], "texture": "#yeesaur2" },
				"west": { "uv": [ 12.96, 0.96, 15.04, 3.04 ], "texture": "#yeesaur2" },
				"east": { "uv": [ 12.96, 0.96, 15.04, 3.04 ], "texture": "#yeesaur2" }
			}
		},
		{
			"__comment": "Voxels-92A780",
			"from": [ 6.5, -2, -2.5 ],
			"to": [ 10, -1.5, -1 ],
			"faces": {
				"down": { "uv": [ 12.96, 0.96, 15.04, 3.04 ], "texture": "#yeesaur2" },
				"up": { "uv": [ 12.96, 0.96, 15.04, 3.04 ], "texture": "#yeesaur2" },
				"north": { "uv": [ 12.96, 0.96, 15.04, 3.04 ], "texture": "#yeesaur2" },
				"south": { "uv": [ 12.96, 0.96, 15.04, 3.04 ], "texture": "#yeesaur2" },
				"west": { "uv": [ 12.96, 0.96, 15.04, 3.04 ], "texture": "#yeesaur2" },
				"east": { "uv": [ 12.96, 0.96, 15.04, 3.04 ], "texture": "#yeesaur2" }
			}
		},
		{
			"__comment": "Voxels-748863",
			"from": [ 6.5, -1.5, -2.5 ],
			"to": [ 7.5, -1, -2 ],
			"faces": {
				"down": { "uv": [ 12.96, 4.96, 15.04, 7.04 ], "texture": "#yeesaur2" },
				"up": { "uv": [ 12.96, 4.96, 15.04, 7.04 ], "texture": "#yeesaur2" },
				"north": { "uv": [ 12.96, 4.96, 15.04, 7.04 ], "texture": "#yeesaur2" },
				"south": { "uv": [ 12.96, 4.96, 15.04, 7.04 ], "texture": "#yeesaur2" },
				"west": { "uv": [ 12.96, 4.96, 15.04, 7.04 ], "texture": "#yeesaur2" },
				"east": { "uv": [ 12.96, 4.96, 15.04, 7.04 ], "texture": "#yeesaur2" }
			}
		},
		{
			"__comment": "Voxels-92A780",
			"from": [ 6.5, -1, -2 ],
			"to": [ 7.5, -0.5, -1 ],
			"faces": {
				"down": { "uv": [ 12.96, 0.96, 15.04, 3.04 ], "texture": "#yeesaur2" },
				"up": { "uv": [ 12.96, 0.96, 15.04, 3.04 ], "texture": "#yeesaur2" },
				"north": { "uv": [ 12.96, 0.96, 15.04, 3.04 ], "texture": "#yeesaur2" },
				"south": { "uv": [ 12.96, 0.96, 15.04, 3.04 ], "texture": "#yeesaur2" },
				"west": { "uv": [ 12.96, 0.96, 15.04, 3.04 ], "texture": "#yeesaur2" },
				"east": { "uv": [ 12.96, 0.96, 15.04, 3.04 ], "texture": "#yeesaur2" }
			}
		},
		{
			"__comment": "Voxels-92A780",
			"from": [ 6.5, -0.5, -2 ],
			"to": [ 7, 0, -1 ],
			"faces": {
				"down": { "uv": [ 12.96, 0.96, 15.04, 3.04 ], "texture": "#yeesaur2" },
				"up": { "uv": [ 12.96, 0.96, 15.04, 3.04 ], "texture": "#yeesaur2" },
				"north": { "uv": [ 12.96, 0.96, 15.04, 3.04 ], "texture": "#yeesaur2" },
				"south": { "uv": [ 12.96, 0.96, 15.04, 3.04 ], "texture": "#yeesaur2" },
				"west": { "uv": [ 12.96, 0.96, 15.04, 3.04 ], "texture": "#yeesaur2" },
				"east": { "uv": [ 12.96, 0.96, 15.04, 3.04 ], "texture": "#yeesaur2" }
			}
		},
		{
			"__comment": "Voxels-8CA07A",
			"from": [ 6.5, 0, -2 ],
			"to": [ 9.5, 1.5, -1.5 ],
			"faces": {
				"down": { "uv": [ 4.96, 0.96, 7.04, 3.04 ], "texture": "#yeesaur2" },
				"up": { "uv": [ 4.96, 0.96, 7.04, 3.04 ], "texture": "#yeesaur2" },
				"north": { "uv": [ 4.96, 0.96, 7.04, 3.04 ], "texture": "#yeesaur2" },
				"south": { "uv": [ 4.96, 0.96, 7.04, 3.04 ], "texture": "#yeesaur2" },
				"west": { "uv": [ 4.96, 0.96, 7.04, 3.04 ], "texture": "#yeesaur2" },
				"east": { "uv": [ 4.96, 0.96, 7.04, 3.04 ], "texture": "#yeesaur2" }
			}
		},
		{
			"__comment": "Voxels-8CA07A",
			"from": [ 6.5, 0, -1.5 ],
			"to": [ 11, 0.5, -1 ],
			"faces": {
				"down": { "uv": [ 4.96, 0.96, 7.04, 3.04 ], "texture": "#yeesaur2" },
				"up": { "uv": [ 4.96, 0.96, 7.04, 3.04 ], "texture": "#yeesaur2" },
				"north": { "uv": [ 4.96, 0.96, 7.04, 3.04 ], "texture": "#yeesaur2" },
				"south": { "uv": [ 4.96, 0.96, 7.04, 3.04 ], "texture": "#yeesaur2" },
				"west": { "uv": [ 4.96, 0.96, 7.04, 3.04 ], "texture": "#yeesaur2" },
				"east": { "uv": [ 4.96, 0.96, 7.04, 3.04 ], "texture": "#yeesaur2" }
			}
		},
		{
			"__comment": "Voxels-8CA07A",
			"from": [ 6.5, 0.5, -1.5 ],
			"to": [ 9.5, 1, -1 ],
			"faces": {
				"down": { "uv": [ 4.96, 0.96, 7.04, 3.04 ], "texture": "#yeesaur2" },
				"up": { "uv": [ 4.96, 0.96, 7.04, 3.04 ], "texture": "#yeesaur2" },
				"north": { "uv": [ 4.96, 0.96, 7.04, 3.04 ], "texture": "#yeesaur2" },
				"south": { "uv": [ 4.96, 0.96, 7.04, 3.04 ], "texture": "#yeesaur2" },
				"west": { "uv": [ 4.96, 0.96, 7.04, 3.04 ], "texture": "#yeesaur2" },
				"east": { "uv": [ 4.96, 0.96, 7.04, 3.04 ], "texture": "#yeesaur2" }
			}
		},
		{
			"__comment": "Voxels-92A780",
			"from": [ 6.5, 1.5, -2 ],
			"to": [ 7, 2, 1 ],
			"faces": {
				"down": { "uv": [ 12.96, 0.96, 15.04, 3.04 ], "texture": "#yeesaur2" },
				"up": { "uv": [ 12.96, 0.96, 15.04, 3.04 ], "texture": "#yeesaur2" },
				"north": { "uv": [ 12.96, 0.96, 15.04, 3.04 ], "texture": "#yeesaur2" },
				"south": { "uv": [ 12.96, 0.96, 15.04, 3.04 ], "texture": "#yeesaur2" },
				"west": { "uv": [ 12.96, 0.96, 15.04, 3.04 ], "texture": "#yeesaur2" },
				"east": { "uv": [ 12.96, 0.96, 15.04, 3.04 ], "texture": "#yeesaur2" }
			}
		},
		{
			"__comment": "Voxels-92A780",
			"from": [ 6.5, 2, -1.5 ],
			"to": [ 7.5, 2.5, -1 ],
			"faces": {
				"down": { "uv": [ 12.96, 0.96, 15.04, 3.04 ], "texture": "#yeesaur2" },
				"up": { "uv": [ 12.96, 0.96, 15.04, 3.04 ], "texture": "#yeesaur2" },
				"north": { "uv": [ 12.96, 0.96, 15.04, 3.04 ], "texture": "#yeesaur2" },
				"south": { "uv": [ 12.96, 0.96, 15.04, 3.04 ], "texture": "#yeesaur2" },
				"west": { "uv": [ 12.96, 0.96, 15.04, 3.04 ], "texture": "#yeesaur2" },
				"east": { "uv": [ 12.96, 0.96, 15.04, 3.04 ], "texture": "#yeesaur2" }
			}
		},
		{
			"__comment": "Voxels-748863",
			"from": [ 7, -4.5, -2.5 ],
			"to": [ 9, -4, -1.5 ],
			"faces": {
				"down": { "uv": [ 12.96, 4.96, 15.04, 7.04 ], "texture": "#yeesaur2" },
				"up": { "uv": [ 12.96, 4.96, 15.04, 7.04 ], "texture": "#yeesaur2" },
				"north": { "uv": [ 12.96, 4.96, 15.04, 7.04 ], "texture": "#yeesaur2" },
				"south": { "uv": [ 12.96, 4.96, 15.04, 7.04 ], "texture": "#yeesaur2" },
				"west": { "uv": [ 12.96, 4.96, 15.04, 7.04 ], "texture": "#yeesaur2" },
				"east": { "uv": [ 12.96, 4.96, 15.04, 7.04 ], "texture": "#yeesaur2" }
			}
		},
		{
			"__comment": "Voxels-92A780",
			"from": [ 7, -3, -1 ],
			"to": [ 8.5, -2.5, 0 ],
			"faces": {
				"down": { "uv": [ 12.96, 0.96, 15.04, 3.04 ], "texture": "#yeesaur2" },
				"up": { "uv": [ 12.96, 0.96, 15.04, 3.04 ], "texture": "#yeesaur2" },
				"north": { "uv": [ 12.96, 0.96, 15.04, 3.04 ], "texture": "#yeesaur2" },
				"south": { "uv": [ 12.96, 0.96, 15.04, 3.04 ], "texture": "#yeesaur2" },
				"west": { "uv": [ 12.96, 0.96, 15.04, 3.04 ], "texture": "#yeesaur2" },
				"east": { "uv": [ 12.96, 0.96, 15.04, 3.04 ], "texture": "#yeesaur2" }
			}
		},
		{
			"__comment": "Voxels-92A780",
			"from": [ 7, -2.5, -3 ],
			"to": [ 9, -1.5, -2.5 ],
			"faces": {
				"down": { "uv": [ 12.96, 0.96, 15.04, 3.04 ], "texture": "#yeesaur2" },
				"up": { "uv": [ 12.96, 0.96, 15.04, 3.04 ], "texture": "#yeesaur2" },
				"north": { "uv": [ 12.96, 0.96, 15.04, 3.04 ], "texture": "#yeesaur2" },
				"south": { "uv": [ 12.96, 0.96, 15.04, 3.04 ], "texture": "#yeesaur2" },
				"west": { "uv": [ 12.96, 0.96, 15.04, 3.04 ], "texture": "#yeesaur2" },
				"east": { "uv": [ 12.96, 0.96, 15.04, 3.04 ], "texture": "#yeesaur2" }
			}
		},
		{
			"__comment": "Voxels-92A780",
			"from": [ 7, -2.5, -2.5 ],
			"to": [ 9, -2, -1 ],
			"faces": {
				"down": { "uv": [ 12.96, 0.96, 15.04, 3.04 ], "texture": "#yeesaur2" },
				"up": { "uv": [ 12.96, 0.96, 15.04, 3.04 ], "texture": "#yeesaur2" },
				"north": { "uv": [ 12.96, 0.96, 15.04, 3.04 ], "texture": "#yeesaur2" },
				"south": { "uv": [ 12.96, 0.96, 15.04, 3.04 ], "texture": "#yeesaur2" },
				"west": { "uv": [ 12.96, 0.96, 15.04, 3.04 ], "texture": "#yeesaur2" },
				"east": { "uv": [ 12.96, 0.96, 15.04, 3.04 ], "texture": "#yeesaur2" }
			}
		},
		{
			"__comment": "Voxels-748863",
			"from": [ 7, -1, -2.5 ],
			"to": [ 9, -0.5, -2 ],
			"faces": {
				"down": { "uv": [ 12.96, 4.96, 15.04, 7.04 ], "texture": "#yeesaur2" },
				"up": { "uv": [ 12.96, 4.96, 15.04, 7.04 ], "texture": "#yeesaur2" },
				"north": { "uv": [ 12.96, 4.96, 15.04, 7.04 ], "texture": "#yeesaur2" },
				"south": { "uv": [ 12.96, 4.96, 15.04, 7.04 ], "texture": "#yeesaur2" },
				"west": { "uv": [ 12.96, 4.96, 15.04, 7.04 ], "texture": "#yeesaur2" },
				"east": { "uv": [ 12.96, 4.96, 15.04, 7.04 ], "texture": "#yeesaur2" }
			}
		},
		{
			"__comment": "Voxels-8CA07A",
			"from": [ 7, -0.5, -2 ],
			"to": [ 9.5, 0, -1 ],
			"faces": {
				"down": { "uv": [ 4.96, 0.96, 7.04, 3.04 ], "texture": "#yeesaur2" },
				"up": { "uv": [ 4.96, 0.96, 7.04, 3.04 ], "texture": "#yeesaur2" },
				"north": { "uv": [ 4.96, 0.96, 7.04, 3.04 ], "texture": "#yeesaur2" },
				"south": { "uv": [ 4.96, 0.96, 7.04, 3.04 ], "texture": "#yeesaur2" },
				"west": { "uv": [ 4.96, 0.96, 7.04, 3.04 ], "texture": "#yeesaur2" },
				"east": { "uv": [ 4.96, 0.96, 7.04, 3.04 ], "texture": "#yeesaur2" }
			}
		},
		{
			"__comment": "Voxels-8CA07A",
			"from": [ 7, -0.5, -1 ],
			"to": [ 9, 2, -0.5 ],
			"faces": {
				"down": { "uv": [ 4.96, 0.96, 7.04, 3.04 ], "texture": "#yeesaur2" },
				"up": { "uv": [ 4.96, 0.96, 7.04, 3.04 ], "texture": "#yeesaur2" },
				"north": { "uv": [ 4.96, 0.96, 7.04, 3.04 ], "texture": "#yeesaur2" },
				"south": { "uv": [ 4.96, 0.96, 7.04, 3.04 ], "texture": "#yeesaur2" },
				"west": { "uv": [ 4.96, 0.96, 7.04, 3.04 ], "texture": "#yeesaur2" },
				"east": { "uv": [ 4.96, 0.96, 7.04, 3.04 ], "texture": "#yeesaur2" }
			}
		},
		{
			"__comment": "Voxels-92A780",
			"from": [ 7, 1, -0.5 ],
			"to": [ 7.5, 1.5, 1 ],
			"faces": {
				"down": { "uv": [ 12.96, 0.96, 15.04, 3.04 ], "texture": "#yeesaur2" },
				"up": { "uv": [ 12.96, 0.96, 15.04, 3.04 ], "texture": "#yeesaur2" },
				"north": { "uv": [ 12.96, 0.96, 15.04, 3.04 ], "texture": "#yeesaur2" },
				"south": { "uv": [ 12.96, 0.96, 15.04, 3.04 ], "texture": "#yeesaur2" },
				"west": { "uv": [ 12.96, 0.96, 15.04, 3.04 ], "texture": "#yeesaur2" },
				"east": { "uv": [ 12.96, 0.96, 15.04, 3.04 ], "texture": "#yeesaur2" }
			}
		},
		{
			"__comment": "Voxels-8CA07A",
			"from": [ 7, 1.5, -2 ],
			"to": [ 9.5, 2, -1 ],
			"faces": {
				"down": { "uv": [ 4.96, 0.96, 7.04, 3.04 ], "texture": "#yeesaur2" },
				"up": { "uv": [ 4.96, 0.96, 7.04, 3.04 ], "texture": "#yeesaur2" },
				"north": { "uv": [ 4.96, 0.96, 7.04, 3.04 ], "texture": "#yeesaur2" },
				"south": { "uv": [ 4.96, 0.96, 7.04, 3.04 ], "texture": "#yeesaur2" },
				"west": { "uv": [ 4.96, 0.96, 7.04, 3.04 ], "texture": "#yeesaur2" },
				"east": { "uv": [ 4.96, 0.96, 7.04, 3.04 ], "texture": "#yeesaur2" }
			}
		},
		{
			"__comment": "Voxels-8CA07A",
			"from": [ 7, 1.5, -0.5 ],
			"to": [ 10.5, 2, 1 ],
			"faces": {
				"down": { "uv": [ 4.96, 0.96, 7.04, 3.04 ], "texture": "#yeesaur2" },
				"up": { "uv": [ 4.96, 0.96, 7.04, 3.04 ], "texture": "#yeesaur2" },
				"north": { "uv": [ 4.96, 0.96, 7.04, 3.04 ], "texture": "#yeesaur2" },
				"south": { "uv": [ 4.96, 0.96, 7.04, 3.04 ], "texture": "#yeesaur2" },
				"west": { "uv": [ 4.96, 0.96, 7.04, 3.04 ], "texture": "#yeesaur2" },
				"east": { "uv": [ 4.96, 0.96, 7.04, 3.04 ], "texture": "#yeesaur2" }
			}
		},
		{
			"__comment": "Voxels-A69359",
			"from": [ 7.5, -3.5, -5.5 ],
			"to": [ 8.5, -2.5, -5 ],
			"faces": {
				"down": { "uv": [ 0.96, 8.96, 3.04, 11.04 ], "texture": "#yeesaur2" },
				"up": { "uv": [ 0.96, 8.96, 3.04, 11.04 ], "texture": "#yeesaur2" },
				"north": { "uv": [ 0.96, 8.96, 3.04, 11.04 ], "texture": "#yeesaur2" },
				"south": { "uv": [ 0.96, 8.96, 3.04, 11.04 ], "texture": "#yeesaur2" },
				"west": { "uv": [ 0.96, 8.96, 3.04, 11.04 ], "texture": "#yeesaur2" },
				"east": { "uv": [ 0.96, 8.96, 3.04, 11.04 ], "texture": "#yeesaur2" }
			}
		},
		{
			"__comment": "Voxels-92A780",
			"from": [ 7.5, -3.5, -1 ],
			"to": [ 8.5, -3, -0.5 ],
			"faces": {
				"down": { "uv": [ 12.96, 0.96, 15.04, 3.04 ], "texture": "#yeesaur2" },
				"up": { "uv": [ 12.96, 0.96, 15.04, 3.04 ], "texture": "#yeesaur2" },
				"north": { "uv": [ 12.96, 0.96, 15.04, 3.04 ], "texture": "#yeesaur2" },
				"south": { "uv": [ 12.96, 0.96, 15.04, 3.04 ], "texture": "#yeesaur2" },
				"west": { "uv": [ 12.96, 0.96, 15.04, 3.04 ], "texture": "#yeesaur2" },
				"east": { "uv": [ 12.96, 0.96, 15.04, 3.04 ], "texture": "#yeesaur2" }
			}
		},
		{
			"__comment": "Voxels-A69359",
			"from": [ 7.5, -3, -5 ],
			"to": [ 8.5, -2, -4 ],
			"faces": {
				"down": { "uv": [ 0.96, 8.96, 3.04, 11.04 ], "texture": "#yeesaur2" },
				"up": { "uv": [ 0.96, 8.96, 3.04, 11.04 ], "texture": "#yeesaur2" },
				"north": { "uv": [ 0.96, 8.96, 3.04, 11.04 ], "texture": "#yeesaur2" },
				"south": { "uv": [ 0.96, 8.96, 3.04, 11.04 ], "texture": "#yeesaur2" },
				"west": { "uv": [ 0.96, 8.96, 3.04, 11.04 ], "texture": "#yeesaur2" },
				"east": { "uv": [ 0.96, 8.96, 3.04, 11.04 ], "texture": "#yeesaur2" }
			}
		},
		{
			"__comment": "Voxels-A69359",
			"from": [ 7.5, -2.5, -4 ],
			"to": [ 8.5, -1.5, -3 ],
			"faces": {
				"down": { "uv": [ 0.96, 8.96, 3.04, 11.04 ], "texture": "#yeesaur2" },
				"up": { "uv": [ 0.96, 8.96, 3.04, 11.04 ], "texture": "#yeesaur2" },
				"north": { "uv": [ 0.96, 8.96, 3.04, 11.04 ], "texture": "#yeesaur2" },
				"south": { "uv": [ 0.96, 8.96, 3.04, 11.04 ], "texture": "#yeesaur2" },
				"west": { "uv": [ 0.96, 8.96, 3.04, 11.04 ], "texture": "#yeesaur2" },
				"east": { "uv": [ 0.96, 8.96, 3.04, 11.04 ], "texture": "#yeesaur2" }
			}
		},
		{
			"__comment": "Voxels-A69359",
			"from": [ 7.5, -2, -4.5 ],
			"to": [ 8.5, -1.5, -4 ],
			"faces": {
				"down": { "uv": [ 0.96, 8.96, 3.04, 11.04 ], "texture": "#yeesaur2" },
				"up": { "uv": [ 0.96, 8.96, 3.04, 11.04 ], "texture": "#yeesaur2" },
				"north": { "uv": [ 0.96, 8.96, 3.04, 11.04 ], "texture": "#yeesaur2" },
				"south": { "uv": [ 0.96, 8.96, 3.04, 11.04 ], "texture": "#yeesaur2" },
				"west": { "uv": [ 0.96, 8.96, 3.04, 11.04 ], "texture": "#yeesaur2" },
				"east": { "uv": [ 0.96, 8.96, 3.04, 11.04 ], "texture": "#yeesaur2" }
			}
		},
		{
			"__comment": "Voxels-92A780",
			"from": [ 7.5, -1.5, -3 ],
			"to": [ 8.5, -1, -2 ],
			"faces": {
				"down": { "uv": [ 12.96, 0.96, 15.04, 3.04 ], "texture": "#yeesaur2" },
				"up": { "uv": [ 12.96, 0.96, 15.04, 3.04 ], "texture": "#yeesaur2" },
				"north": { "uv": [ 12.96, 0.96, 15.04, 3.04 ], "texture": "#yeesaur2" },
				"south": { "uv": [ 12.96, 0.96, 15.04, 3.04 ], "texture": "#yeesaur2" },
				"west": { "uv": [ 12.96, 0.96, 15.04, 3.04 ], "texture": "#yeesaur2" },
				"east": { "uv": [ 12.96, 0.96, 15.04, 3.04 ], "texture": "#yeesaur2" }
			}
		},
		{
			"__comment": "Voxels-8CA07A",
			"from": [ 7.5, -1, -2 ],
			"to": [ 9, -0.5, -1 ],
			"faces": {
				"down": { "uv": [ 4.96, 0.96, 7.04, 3.04 ], "texture": "#yeesaur2" },
				"up": { "uv": [ 4.96, 0.96, 7.04, 3.04 ], "texture": "#yeesaur2" },
				"north": { "uv": [ 4.96, 0.96, 7.04, 3.04 ], "texture": "#yeesaur2" },
				"south": { "uv": [ 4.96, 0.96, 7.04, 3.04 ], "texture": "#yeesaur2" },
				"west": { "uv": [ 4.96, 0.96, 7.04, 3.04 ], "texture": "#yeesaur2" },
				"east": { "uv": [ 4.96, 0.96, 7.04, 3.04 ], "texture": "#yeesaur2" }
			}
		},
		{
			"__comment": "Voxels-8CA07A",
			"from": [ 7.5, 1, -0.5 ],
			"to": [ 10.5, 1.5, 1 ],
			"faces": {
				"down": { "uv": [ 4.96, 0.96, 7.04, 3.04 ], "texture": "#yeesaur2" },
				"up": { "uv": [ 4.96, 0.96, 7.04, 3.04 ], "texture": "#yeesaur2" },
				"north": { "uv": [ 4.96, 0.96, 7.04, 3.04 ], "texture": "#yeesaur2" },
				"south": { "uv": [ 4.96, 0.96, 7.04, 3.04 ], "texture": "#yeesaur2" },
				"west": { "uv": [ 4.96, 0.96, 7.04, 3.04 ], "texture": "#yeesaur2" },
				"east": { "uv": [ 4.96, 0.96, 7.04, 3.04 ], "texture": "#yeesaur2" }
			}
		},
		{
			"__comment": "Voxels-8CA07A",
			"from": [ 7.5, 2, -1.5 ],
			"to": [ 9.5, 2.5, -1 ],
			"faces": {
				"down": { "uv": [ 4.96, 0.96, 7.04, 3.04 ], "texture": "#yeesaur2" },
				"up": { "uv": [ 4.96, 0.96, 7.04, 3.04 ], "texture": "#yeesaur2" },
				"north": { "uv": [ 4.96, 0.96, 7.04, 3.04 ], "texture": "#yeesaur2" },
				"south": { "uv": [ 4.96, 0.96, 7.04, 3.04 ], "texture": "#yeesaur2" },
				"west": { "uv": [ 4.96, 0.96, 7.04, 3.04 ], "texture": "#yeesaur2" },
				"east": { "uv": [ 4.96, 0.96, 7.04, 3.04 ], "texture": "#yeesaur2" }
			}
		},
		{
			"__comment": "Voxels-90A57E",
			"from": [ 8, -4, -2 ],
			"to": [ 10, -3.5, -1.5 ],
			"faces": {
				"down": { "uv": [ 4.96, 8.96, 7.04, 11.04 ], "texture": "#yeesaur2" },
				"up": { "uv": [ 4.96, 8.96, 7.04, 11.04 ], "texture": "#yeesaur2" },
				"north": { "uv": [ 4.96, 8.96, 7.04, 11.04 ], "texture": "#yeesaur2" },
				"south": { "uv": [ 4.96, 8.96, 7.04, 11.04 ], "texture": "#yeesaur2" },
				"west": { "uv": [ 4.96, 8.96, 7.04, 11.04 ], "texture": "#yeesaur2" },
				"east": { "uv": [ 4.96, 8.96, 7.04, 11.04 ], "texture": "#yeesaur2" }
			}
		},
		{
			"__comment": "Voxels-8CA07A",
			"from": [ 8, 0.5, 0 ],
			"to": [ 9.5, 1, 1 ],
			"faces": {
				"down": { "uv": [ 4.96, 0.96, 7.04, 3.04 ], "texture": "#yeesaur2" },
				"up": { "uv": [ 4.96, 0.96, 7.04, 3.04 ], "texture": "#yeesaur2" },
				"north": { "uv": [ 4.96, 0.96, 7.04, 3.04 ], "texture": "#yeesaur2" },
				"south": { "uv": [ 4.96, 0.96, 7.04, 3.04 ], "texture": "#yeesaur2" },
				"west": { "uv": [ 4.96, 0.96, 7.04, 3.04 ], "texture": "#yeesaur2" },
				"east": { "uv": [ 4.96, 0.96, 7.04, 3.04 ], "texture": "#yeesaur2" }
			}
		},
		{
			"__comment": "Voxels-90A57E",
			"from": [ 8.5, -3.5, -1 ],
			"to": [ 10.5, -3, -0.5 ],
			"faces": {
				"down": { "uv": [ 4.96, 8.96, 7.04, 11.04 ], "texture": "#yeesaur2" },
				"up": { "uv": [ 4.96, 8.96, 7.04, 11.04 ], "texture": "#yeesaur2" },
				"north": { "uv": [ 4.96, 8.96, 7.04, 11.04 ], "texture": "#yeesaur2" },
				"south": { "uv": [ 4.96, 8.96, 7.04, 11.04 ], "texture": "#yeesaur2" },
				"west": { "uv": [ 4.96, 8.96, 7.04, 11.04 ], "texture": "#yeesaur2" },
				"east": { "uv": [ 4.96, 8.96, 7.04, 11.04 ], "texture": "#yeesaur2" }
			}
		},
		{
			"__comment": "Voxels-90A57E",
			"from": [ 8.5, -3, -1 ],
			"to": [ 9.5, -2.5, -0.5 ],
			"faces": {
				"down": { "uv": [ 4.96, 8.96, 7.04, 11.04 ], "texture": "#yeesaur2" },
				"up": { "uv": [ 4.96, 8.96, 7.04, 11.04 ], "texture": "#yeesaur2" },
				"north": { "uv": [ 4.96, 8.96, 7.04, 11.04 ], "texture": "#yeesaur2" },
				"south": { "uv": [ 4.96, 8.96, 7.04, 11.04 ], "texture": "#yeesaur2" },
				"west": { "uv": [ 4.96, 8.96, 7.04, 11.04 ], "texture": "#yeesaur2" },
				"east": { "uv": [ 4.96, 8.96, 7.04, 11.04 ], "texture": "#yeesaur2" }
			}
		},
		{
			"__comment": "Voxels-92A780",
			"from": [ 8.5, -3, -0.5 ],
			"to": [ 10, -2.5, 0 ],
			"faces": {
				"down": { "uv": [ 12.96, 0.96, 15.04, 3.04 ], "texture": "#yeesaur2" },
				"up": { "uv": [ 12.96, 0.96, 15.04, 3.04 ], "texture": "#yeesaur2" },
				"north": { "uv": [ 12.96, 0.96, 15.04, 3.04 ], "texture": "#yeesaur2" },
				"south": { "uv": [ 12.96, 0.96, 15.04, 3.04 ], "texture": "#yeesaur2" },
				"west": { "uv": [ 12.96, 0.96, 15.04, 3.04 ], "texture": "#yeesaur2" },
				"east": { "uv": [ 12.96, 0.96, 15.04, 3.04 ], "texture": "#yeesaur2" }
			}
		},
		{
			"__comment": "Voxels-748863",
			"from": [ 8.5, -1.5, -2.5 ],
			"to": [ 9.5, -1, -2 ],
			"faces": {
				"down": { "uv": [ 12.96, 4.96, 15.04, 7.04 ], "texture": "#yeesaur2" },
				"up": { "uv": [ 12.96, 4.96, 15.04, 7.04 ], "texture": "#yeesaur2" },
				"north": { "uv": [ 12.96, 4.96, 15.04, 7.04 ], "texture": "#yeesaur2" },
				"south": { "uv": [ 12.96, 4.96, 15.04, 7.04 ], "texture": "#yeesaur2" },
				"west": { "uv": [ 12.96, 4.96, 15.04, 7.04 ], "texture": "#yeesaur2" },
				"east": { "uv": [ 12.96, 4.96, 15.04, 7.04 ], "texture": "#yeesaur2" }
			}
		},
		{
			"__comment": "Voxels-90A57E",
			"from": [ 9, -4.5, -0.5 ],
			"to": [ 9.5, -4, 0 ],
			"faces": {
				"down": { "uv": [ 4.96, 8.96, 7.04, 11.04 ], "texture": "#yeesaur2" },
				"up": { "uv": [ 4.96, 8.96, 7.04, 11.04 ], "texture": "#yeesaur2" },
				"north": { "uv": [ 4.96, 8.96, 7.04, 11.04 ], "texture": "#yeesaur2" },
				"south": { "uv": [ 4.96, 8.96, 7.04, 11.04 ], "texture": "#yeesaur2" },
				"west": { "uv": [ 4.96, 8.96, 7.04, 11.04 ], "texture": "#yeesaur2" },
				"east": { "uv": [ 4.96, 8.96, 7.04, 11.04 ], "texture": "#yeesaur2" }
			}
		},
		{
			"__comment": "Voxels-8CA07A",
			"from": [ 9, -4.5, 0 ],
			"to": [ 9.5, -4, 1 ],
			"faces": {
				"down": { "uv": [ 4.96, 0.96, 7.04, 3.04 ], "texture": "#yeesaur2" },
				"up": { "uv": [ 4.96, 0.96, 7.04, 3.04 ], "texture": "#yeesaur2" },
				"north": { "uv": [ 4.96, 0.96, 7.04, 3.04 ], "texture": "#yeesaur2" },
				"south": { "uv": [ 4.96, 0.96, 7.04, 3.04 ], "texture": "#yeesaur2" },
				"west": { "uv": [ 4.96, 0.96, 7.04, 3.04 ], "texture": "#yeesaur2" },
				"east": { "uv": [ 4.96, 0.96, 7.04, 3.04 ], "texture": "#yeesaur2" }
			}
		},
		{
			"__comment": "Voxels-90A57E",
			"from": [ 9, -3.5, -0.5 ],
			"to": [ 10, -3, 0 ],
			"faces": {
				"down": { "uv": [ 4.96, 8.96, 7.04, 11.04 ], "texture": "#yeesaur2" },
				"up": { "uv": [ 4.96, 8.96, 7.04, 11.04 ], "texture": "#yeesaur2" },
				"north": { "uv": [ 4.96, 8.96, 7.04, 11.04 ], "texture": "#yeesaur2" },
				"south": { "uv": [ 4.96, 8.96, 7.04, 11.04 ], "texture": "#yeesaur2" },
				"west": { "uv": [ 4.96, 8.96, 7.04, 11.04 ], "texture": "#yeesaur2" },
				"east": { "uv": [ 4.96, 8.96, 7.04, 11.04 ], "texture": "#yeesaur2" }
			}
		},
		{
			"__comment": "Voxels-90A57E",
			"from": [ 9, -2.5, -2.5 ],
			"to": [ 10, -2, -2 ],
			"faces": {
				"down": { "uv": [ 4.96, 8.96, 7.04, 11.04 ], "texture": "#yeesaur2" },
				"up": { "uv": [ 4.96, 8.96, 7.04, 11.04 ], "texture": "#yeesaur2" },
				"north": { "uv": [ 4.96, 8.96, 7.04, 11.04 ], "texture": "#yeesaur2" },
				"south": { "uv": [ 4.96, 8.96, 7.04, 11.04 ], "texture": "#yeesaur2" },
				"west": { "uv": [ 4.96, 8.96, 7.04, 11.04 ], "texture": "#yeesaur2" },
				"east": { "uv": [ 4.96, 8.96, 7.04, 11.04 ], "texture": "#yeesaur2" }
			}
		},
		{
			"__comment": "Voxels-90A57E",
			"from": [ 9, -2.5, -2 ],
			"to": [ 9.5, -2, -1 ],
			"faces": {
				"down": { "uv": [ 4.96, 8.96, 7.04, 11.04 ], "texture": "#yeesaur2" },
				"up": { "uv": [ 4.96, 8.96, 7.04, 11.04 ], "texture": "#yeesaur2" },
				"north": { "uv": [ 4.96, 8.96, 7.04, 11.04 ], "texture": "#yeesaur2" },
				"south": { "uv": [ 4.96, 8.96, 7.04, 11.04 ], "texture": "#yeesaur2" },
				"west": { "uv": [ 4.96, 8.96, 7.04, 11.04 ], "texture": "#yeesaur2" },
				"east": { "uv": [ 4.96, 8.96, 7.04, 11.04 ], "texture": "#yeesaur2" }
			}
		},
		{
			"__comment": "Voxels-92A780",
			"from": [ 9, -1, -2 ],
			"to": [ 9.5, -0.5, -1 ],
			"faces": {
				"down": { "uv": [ 12.96, 0.96, 15.04, 3.04 ], "texture": "#yeesaur2" },
				"up": { "uv": [ 12.96, 0.96, 15.04, 3.04 ], "texture": "#yeesaur2" },
				"north": { "uv": [ 12.96, 0.96, 15.04, 3.04 ], "texture": "#yeesaur2" },
				"south": { "uv": [ 12.96, 0.96, 15.04, 3.04 ], "texture": "#yeesaur2" },
				"west": { "uv": [ 12.96, 0.96, 15.04, 3.04 ], "texture": "#yeesaur2" },
				"east": { "uv": [ 12.96, 0.96, 15.04, 3.04 ], "texture": "#yeesaur2" }
			}
		},
		{
			"__comment": "Voxels-97AD84",
			"from": [ 9, -0.5, -1 ],
			"to": [ 9.5, 0.5, -0.5 ],
			"faces": {
				"down": { "uv": [ 8.96, 0.96, 11.04, 3.04 ], "texture": "#yeesaur2" },
				"up": { "uv": [ 8.96, 0.96, 11.04, 3.04 ], "texture": "#yeesaur2" },
				"north": { "uv": [ 8.96, 0.96, 11.04, 3.04 ], "texture": "#yeesaur2" },
				"south": { "uv": [ 8.96, 0.96, 11.04, 3.04 ], "texture": "#yeesaur2" },
				"west": { "uv": [ 8.96, 0.96, 11.04, 3.04 ], "texture": "#yeesaur2" },
				"east": { "uv": [ 8.96, 0.96, 11.04, 3.04 ], "texture": "#yeesaur2" }
			}
		},
		{
			"__comment": "Voxels-8CA07A",
			"from": [ 9, 0.5, -1 ],
			"to": [ 11, 1, -0.5 ],
			"faces": {
				"down": { "uv": [ 4.96, 0.96, 7.04, 3.04 ], "texture": "#yeesaur2" },
				"up": { "uv": [ 4.96, 0.96, 7.04, 3.04 ], "texture": "#yeesaur2" },
				"north": { "uv": [ 4.96, 0.96, 7.04, 3.04 ], "texture": "#yeesaur2" },
				"south": { "uv": [ 4.96, 0.96, 7.04, 3.04 ], "texture": "#yeesaur2" },
				"west": { "uv": [ 4.96, 0.96, 7.04, 3.04 ], "texture": "#yeesaur2" },
				"east": { "uv": [ 4.96, 0.96, 7.04, 3.04 ], "texture": "#yeesaur2" }
			}
		},
		{
			"__comment": "Voxels-8CA07A",
			"from": [ 9, 1, -1 ],
			"to": [ 10.5, 2, -0.5 ],
			"faces": {
				"down": { "uv": [ 4.96, 0.96, 7.04, 3.04 ], "texture": "#yeesaur2" },
				"up": { "uv": [ 4.96, 0.96, 7.04, 3.04 ], "texture": "#yeesaur2" },
				"north": { "uv": [ 4.96, 0.96, 7.04, 3.04 ], "texture": "#yeesaur2" },
				"south": { "uv": [ 4.96, 0.96, 7.04, 3.04 ], "texture": "#yeesaur2" },
				"west": { "uv": [ 4.96, 0.96, 7.04, 3.04 ], "texture": "#yeesaur2" },
				"east": { "uv": [ 4.96, 0.96, 7.04, 3.04 ], "texture": "#yeesaur2" }
			}
		},
		{
			"__comment": "Voxels-90A57E",
			"from": [ 9.5, -4, -1.5 ],
			"to": [ 10, -3.5, 0 ],
			"faces": {
				"down": { "uv": [ 4.96, 8.96, 7.04, 11.04 ], "texture": "#yeesaur2" },
				"up": { "uv": [ 4.96, 8.96, 7.04, 11.04 ], "texture": "#yeesaur2" },
				"north": { "uv": [ 4.96, 8.96, 7.04, 11.04 ], "texture": "#yeesaur2" },
				"south": { "uv": [ 4.96, 8.96, 7.04, 11.04 ], "texture": "#yeesaur2" },
				"west": { "uv": [ 4.96, 8.96, 7.04, 11.04 ], "texture": "#yeesaur2" },
				"east": { "uv": [ 4.96, 8.96, 7.04, 11.04 ], "texture": "#yeesaur2" }
			}
		},
		{
			"__comment": "Voxels-8CA07A",
			"from": [ 9.5, -4, 0 ],
			"to": [ 10, -3.5, 1 ],
			"faces": {
				"down": { "uv": [ 4.96, 0.96, 7.04, 3.04 ], "texture": "#yeesaur2" },
				"up": { "uv": [ 4.96, 0.96, 7.04, 3.04 ], "texture": "#yeesaur2" },
				"north": { "uv": [ 4.96, 0.96, 7.04, 3.04 ], "texture": "#yeesaur2" },
				"south": { "uv": [ 4.96, 0.96, 7.04, 3.04 ], "texture": "#yeesaur2" },
				"west": { "uv": [ 4.96, 0.96, 7.04, 3.04 ], "texture": "#yeesaur2" },
				"east": { "uv": [ 4.96, 0.96, 7.04, 3.04 ], "texture": "#yeesaur2" }
			}
		},
		{
			"__comment": "Voxels-8CA07A",
			"from": [ 9.5, -3.5, -2 ],
			"to": [ 10.5, -3, -1 ],
			"faces": {
				"down": { "uv": [ 4.96, 0.96, 7.04, 3.04 ], "texture": "#yeesaur2" },
				"up": { "uv": [ 4.96, 0.96, 7.04, 3.04 ], "texture": "#yeesaur2" },
				"north": { "uv": [ 4.96, 0.96, 7.04, 3.04 ], "texture": "#yeesaur2" },
				"south": { "uv": [ 4.96, 0.96, 7.04, 3.04 ], "texture": "#yeesaur2" },
				"west": { "uv": [ 4.96, 0.96, 7.04, 3.04 ], "texture": "#yeesaur2" },
				"east": { "uv": [ 4.96, 0.96, 7.04, 3.04 ], "texture": "#yeesaur2" }
			}
		},
		{
			"__comment": "Voxels-8CA07A",
			"from": [ 9.5, -3, -1 ],
			"to": [ 11.5, -2.5, -0.5 ],
			"faces": {
				"down": { "uv": [ 4.96, 0.96, 7.04, 3.04 ], "texture": "#yeesaur2" },
				"up": { "uv": [ 4.96, 0.96, 7.04, 3.04 ], "texture": "#yeesaur2" },
				"north": { "uv": [ 4.96, 0.96, 7.04, 3.04 ], "texture": "#yeesaur2" },
				"south": { "uv": [ 4.96, 0.96, 7.04, 3.04 ], "texture": "#yeesaur2" },
				"west": { "uv": [ 4.96, 0.96, 7.04, 3.04 ], "texture": "#yeesaur2" },
				"east": { "uv": [ 4.96, 0.96, 7.04, 3.04 ], "texture": "#yeesaur2" }
			}
		},
		{
			"__comment": "Voxels-97AD84",
			"from": [ 9.5, -2.5, -2 ],
			"to": [ 11.5, -2, -1 ],
			"faces": {
				"down": { "uv": [ 8.96, 0.96, 11.04, 3.04 ], "texture": "#yeesaur2" },
				"up": { "uv": [ 8.96, 0.96, 11.04, 3.04 ], "texture": "#yeesaur2" },
				"north": { "uv": [ 8.96, 0.96, 11.04, 3.04 ], "texture": "#yeesaur2" },
				"south": { "uv": [ 8.96, 0.96, 11.04, 3.04 ], "texture": "#yeesaur2" },
				"west": { "uv": [ 8.96, 0.96, 11.04, 3.04 ], "texture": "#yeesaur2" },
				"east": { "uv": [ 8.96, 0.96, 11.04, 3.04 ], "texture": "#yeesaur2" }
			}
		},
		{
			"__comment": "Voxels-8CA07A",
			"from": [ 9.5, -2.5, -1 ],
			"to": [ 11, -2, -0.5 ],
			"faces": {
				"down": { "uv": [ 4.96, 0.96, 7.04, 3.04 ], "texture": "#yeesaur2" },
				"up": { "uv": [ 4.96, 0.96, 7.04, 3.04 ], "texture": "#yeesaur2" },
				"north": { "uv": [ 4.96, 0.96, 7.04, 3.04 ], "texture": "#yeesaur2" },
				"south": { "uv": [ 4.96, 0.96, 7.04, 3.04 ], "texture": "#yeesaur2" },
				"west": { "uv": [ 4.96, 0.96, 7.04, 3.04 ], "texture": "#yeesaur2" },
				"east": { "uv": [ 4.96, 0.96, 7.04, 3.04 ], "texture": "#yeesaur2" }
			}
		},
		{
			"__comment": "Voxels-92A780",
			"from": [ 9.5, -2.5, -0.5 ],
			"to": [ 10, -2, 1 ],
			"faces": {
				"down": { "uv": [ 12.96, 0.96, 15.04, 3.04 ], "texture": "#yeesaur2" },
				"up": { "uv": [ 12.96, 0.96, 15.04, 3.04 ], "texture": "#yeesaur2" },
				"north": { "uv": [ 12.96, 0.96, 15.04, 3.04 ], "texture": "#yeesaur2" },
				"south": { "uv": [ 12.96, 0.96, 15.04, 3.04 ], "texture": "#yeesaur2" },
				"west": { "uv": [ 12.96, 0.96, 15.04, 3.04 ], "texture": "#yeesaur2" },
				"east": { "uv": [ 12.96, 0.96, 15.04, 3.04 ], "texture": "#yeesaur2" }
			}
		},
		{
			"__comment": "Voxels-90A57E",
			"from": [ 9.5, -1.5, -2 ],
			"to": [ 10.5, -1, -1 ],
			"faces": {
				"down": { "uv": [ 4.96, 8.96, 7.04, 11.04 ], "texture": "#yeesaur2" },
				"up": { "uv": [ 4.96, 8.96, 7.04, 11.04 ], "texture": "#yeesaur2" },
				"north": { "uv": [ 4.96, 8.96, 7.04, 11.04 ], "texture": "#yeesaur2" },
				"south": { "uv": [ 4.96, 8.96, 7.04, 11.04 ], "texture": "#yeesaur2" },
				"west": { "uv": [ 4.96, 8.96, 7.04, 11.04 ], "texture": "#yeesaur2" },
				"east": { "uv": [ 4.96, 8.96, 7.04, 11.04 ], "texture": "#yeesaur2" }
			}
		},
		{
			"__comment": "Voxels-0F0F0F",
			"from": [ 9.5, -1, -1.5 ],
			"to": [ 10, 0, -1 ],
			"faces": {
				"down": { "uv": [ 8.96, 4.96, 11.04, 7.04 ], "texture": "#yeesaur2" },
				"up": { "uv": [ 8.96, 4.96, 11.04, 7.04 ], "texture": "#yeesaur2" },
				"north": { "uv": [ 8.96, 4.96, 11.04, 7.04 ], "texture": "#yeesaur2" },
				"south": { "uv": [ 8.96, 4.96, 11.04, 7.04 ], "texture": "#yeesaur2" },
				"west": { "uv": [ 8.96, 4.96, 11.04, 7.04 ], "texture": "#yeesaur2" },
				"east": { "uv": [ 8.96, 4.96, 11.04, 7.04 ], "texture": "#yeesaur2" }
			}
		},
		{
			"__comment": "Voxels-92A780",
			"from": [ 9.5, -0.5, -1 ],
			"to": [ 11, 0, -0.5 ],
			"faces": {
				"down": { "uv": [ 12.96, 0.96, 15.04, 3.04 ], "texture": "#yeesaur2" },
				"up": { "uv": [ 12.96, 0.96, 15.04, 3.04 ], "texture": "#yeesaur2" },
				"north": { "uv": [ 12.96, 0.96, 15.04, 3.04 ], "texture": "#yeesaur2" },
				"south": { "uv": [ 12.96, 0.96, 15.04, 3.04 ], "texture": "#yeesaur2" },
				"west": { "uv": [ 12.96, 0.96, 15.04, 3.04 ], "texture": "#yeesaur2" },
				"east": { "uv": [ 12.96, 0.96, 15.04, 3.04 ], "texture": "#yeesaur2" }
			}
		},
		{
			"__comment": "Voxels-97AD84",
			"from": [ 9.5, 0, -2 ],
			"to": [ 10, 1, -1.5 ],
			"faces": {
				"down": { "uv": [ 8.96, 0.96, 11.04, 3.04 ], "texture": "#yeesaur2" },
				"up": { "uv": [ 8.96, 0.96, 11.04, 3.04 ], "texture": "#yeesaur2" },
				"north": { "uv": [ 8.96, 0.96, 11.04, 3.04 ], "texture": "#yeesaur2" },
				"south": { "uv": [ 8.96, 0.96, 11.04, 3.04 ], "texture": "#yeesaur2" },
				"west": { "uv": [ 8.96, 0.96, 11.04, 3.04 ], "texture": "#yeesaur2" },
				"east": { "uv": [ 8.96, 0.96, 11.04, 3.04 ], "texture": "#yeesaur2" }
			}
		},
		{
			"__comment": "Voxels-90A57E",
			"from": [ 9.5, 0, -1 ],
			"to": [ 11.5, 0.5, -0.5 ],
			"faces": {
				"down": { "uv": [ 4.96, 8.96, 7.04, 11.04 ], "texture": "#yeesaur2" },
				"up": { "uv": [ 4.96, 8.96, 7.04, 11.04 ], "texture": "#yeesaur2" },
				"north": { "uv": [ 4.96, 8.96, 7.04, 11.04 ], "texture": "#yeesaur2" },
				"south": { "uv": [ 4.96, 8.96, 7.04, 11.04 ], "texture": "#yeesaur2" },
				"west": { "uv": [ 4.96, 8.96, 7.04, 11.04 ], "texture": "#yeesaur2" },
				"east": { "uv": [ 4.96, 8.96, 7.04, 11.04 ], "texture": "#yeesaur2" }
			}
		},
		{
			"__comment": "Voxels-0F0F0F",
			"from": [ 9.5, 0.5, -2.5 ],
			"to": [ 10.5, 1, -2 ],
			"faces": {
				"down": { "uv": [ 8.96, 4.96, 11.04, 7.04 ], "texture": "#yeesaur2" },
				"up": { "uv": [ 8.96, 4.96, 11.04, 7.04 ], "texture": "#yeesaur2" },
				"north": { "uv": [ 8.96, 4.96, 11.04, 7.04 ], "texture": "#yeesaur2" },
				"south": { "uv": [ 8.96, 4.96, 11.04, 7.04 ], "texture": "#yeesaur2" },
				"west": { "uv": [ 8.96, 4.96, 11.04, 7.04 ], "texture": "#yeesaur2" },
				"east": { "uv": [ 8.96, 4.96, 11.04, 7.04 ], "texture": "#yeesaur2" }
			}
		},
		{
			"__comment": "Voxels-97AD84",
			"from": [ 9.5, 0.5, -1.5 ],
			"to": [ 10, 1, -1 ],
			"faces": {
				"down": { "uv": [ 8.96, 0.96, 11.04, 3.04 ], "texture": "#yeesaur2" },
				"up": { "uv": [ 8.96, 0.96, 11.04, 3.04 ], "texture": "#yeesaur2" },
				"north": { "uv": [ 8.96, 0.96, 11.04, 3.04 ], "texture": "#yeesaur2" },
				"south": { "uv": [ 8.96, 0.96, 11.04, 3.04 ], "texture": "#yeesaur2" },
				"west": { "uv": [ 8.96, 0.96, 11.04, 3.04 ], "texture": "#yeesaur2" },
				"east": { "uv": [ 8.96, 0.96, 11.04, 3.04 ], "texture": "#yeesaur2" }
			}
		},
		{
			"__comment": "Voxels-92A780",
			"from": [ 9.5, 0.5, 0 ],
			"to": [ 11, 1, 1 ],
			"faces": {
				"down": { "uv": [ 12.96, 0.96, 15.04, 3.04 ], "texture": "#yeesaur2" },
				"up": { "uv": [ 12.96, 0.96, 15.04, 3.04 ], "texture": "#yeesaur2" },
				"north": { "uv": [ 12.96, 0.96, 15.04, 3.04 ], "texture": "#yeesaur2" },
				"south": { "uv": [ 12.96, 0.96, 15.04, 3.04 ], "texture": "#yeesaur2" },
				"west": { "uv": [ 12.96, 0.96, 15.04, 3.04 ], "texture": "#yeesaur2" },
				"east": { "uv": [ 12.96, 0.96, 15.04, 3.04 ], "texture": "#yeesaur2" }
			}
		},
		{
			"__comment": "Voxels-8CA07A",
			"from": [ 9.5, 1, -2 ],
			"to": [ 10.5, 1.5, -1.5 ],
			"faces": {
				"down": { "uv": [ 4.96, 0.96, 7.04, 3.04 ], "texture": "#yeesaur2" },
				"up": { "uv": [ 4.96, 0.96, 7.04, 3.04 ], "texture": "#yeesaur2" },
				"north": { "uv": [ 4.96, 0.96, 7.04, 3.04 ], "texture": "#yeesaur2" },
				"south": { "uv": [ 4.96, 0.96, 7.04, 3.04 ], "texture": "#yeesaur2" },
				"west": { "uv": [ 4.96, 0.96, 7.04, 3.04 ], "texture": "#yeesaur2" },
				"east": { "uv": [ 4.96, 0.96, 7.04, 3.04 ], "texture": "#yeesaur2" }
			}
		},
		{
			"__comment": "Voxels-8CA07A",
			"from": [ 9.5, 1.5, -1.5 ],
			"to": [ 10.5, 2, -1 ],
			"faces": {
				"down": { "uv": [ 4.96, 0.96, 7.04, 3.04 ], "texture": "#yeesaur2" },
				"up": { "uv": [ 4.96, 0.96, 7.04, 3.04 ], "texture": "#yeesaur2" },
				"north": { "uv": [ 4.96, 0.96, 7.04, 3.04 ], "texture": "#yeesaur2" },
				"south": { "uv": [ 4.96, 0.96, 7.04, 3.04 ], "texture": "#yeesaur2" },
				"west": { "uv": [ 4.96, 0.96, 7.04, 3.04 ], "texture": "#yeesaur2" },
				"east": { "uv": [ 4.96, 0.96, 7.04, 3.04 ], "texture": "#yeesaur2" }
			}
		},
		{
			"__comment": "Voxels-8CA07A",
			"from": [ 10, -4, -1.5 ],
			"to": [ 10.5, -3.5, 0 ],
			"faces": {
				"down": { "uv": [ 4.96, 0.96, 7.04, 3.04 ], "texture": "#yeesaur2" },
				"up": { "uv": [ 4.96, 0.96, 7.04, 3.04 ], "texture": "#yeesaur2" },
				"north": { "uv": [ 4.96, 0.96, 7.04, 3.04 ], "texture": "#yeesaur2" },
				"south": { "uv": [ 4.96, 0.96, 7.04, 3.04 ], "texture": "#yeesaur2" },
				"west": { "uv": [ 4.96, 0.96, 7.04, 3.04 ], "texture": "#yeesaur2" },
				"east": { "uv": [ 4.96, 0.96, 7.04, 3.04 ], "texture": "#yeesaur2" }
			}
		},
		{
			"__comment": "Voxels-92A780",
			"from": [ 10, -4, 0 ],
			"to": [ 10.5, -3.5, 1 ],
			"faces": {
				"down": { "uv": [ 12.96, 0.96, 15.04, 3.04 ], "texture": "#yeesaur2" },
				"up": { "uv": [ 12.96, 0.96, 15.04, 3.04 ], "texture": "#yeesaur2" },
				"north": { "uv": [ 12.96, 0.96, 15.04, 3.04 ], "texture": "#yeesaur2" },
				"south": { "uv": [ 12.96, 0.96, 15.04, 3.04 ], "texture": "#yeesaur2" },
				"west": { "uv": [ 12.96, 0.96, 15.04, 3.04 ], "texture": "#yeesaur2" },
				"east": { "uv": [ 12.96, 0.96, 15.04, 3.04 ], "texture": "#yeesaur2" }
			}
		},
		{
			"__comment": "Voxels-8CA07A",
			"from": [ 10, -3.5, -0.5 ],
			"to": [ 11.5, -2.5, 0 ],
			"faces": {
				"down": { "uv": [ 4.96, 0.96, 7.04, 3.04 ], "texture": "#yeesaur2" },
				"up": { "uv": [ 4.96, 0.96, 7.04, 3.04 ], "texture": "#yeesaur2" },
				"north": { "uv": [ 4.96, 0.96, 7.04, 3.04 ], "texture": "#yeesaur2" },
				"south": { "uv": [ 4.96, 0.96, 7.04, 3.04 ], "texture": "#yeesaur2" },
				"west": { "uv": [ 4.96, 0.96, 7.04, 3.04 ], "texture": "#yeesaur2" },
				"east": { "uv": [ 4.96, 0.96, 7.04, 3.04 ], "texture": "#yeesaur2" }
			}
		},
		{
			"__comment": "Voxels-97AD84",
			"from": [ 10, -3, -2 ],
			"to": [ 11, -2.5, -1.5 ],
			"faces": {
				"down": { "uv": [ 8.96, 0.96, 11.04, 3.04 ], "texture": "#yeesaur2" },
				"up": { "uv": [ 8.96, 0.96, 11.04, 3.04 ], "texture": "#yeesaur2" },
				"north": { "uv": [ 8.96, 0.96, 11.04, 3.04 ], "texture": "#yeesaur2" },
				"south": { "uv": [ 8.96, 0.96, 11.04, 3.04 ], "texture": "#yeesaur2" },
				"west": { "uv": [ 8.96, 0.96, 11.04, 3.04 ], "texture": "#yeesaur2" },
				"east": { "uv": [ 8.96, 0.96, 11.04, 3.04 ], "texture": "#yeesaur2" }
			}
		},
		{
			"__comment": "Voxels-8CA07A",
			"from": [ 10, -2.5, -0.5 ],
			"to": [ 11, -2, 0 ],
			"faces": {
				"down": { "uv": [ 4.96, 0.96, 7.04, 3.04 ], "texture": "#yeesaur2" },
				"up": { "uv": [ 4.96, 0.96, 7.04, 3.04 ], "texture": "#yeesaur2" },
				"north": { "uv": [ 4.96, 0.96, 7.04, 3.04 ], "texture": "#yeesaur2" },
				"south": { "uv": [ 4.96, 0.96, 7.04, 3.04 ], "texture": "#yeesaur2" },
				"west": { "uv": [ 4.96, 0.96, 7.04, 3.04 ], "texture": "#yeesaur2" },
				"east": { "uv": [ 4.96, 0.96, 7.04, 3.04 ], "texture": "#yeesaur2" }
			}
		},
		{
			"__comment": "Voxels-92A780",
			"from": [ 10, -2.5, 0 ],
			"to": [ 10.5, -2, 1 ],
			"faces": {
				"down": { "uv": [ 12.96, 0.96, 15.04, 3.04 ], "texture": "#yeesaur2" },
				"up": { "uv": [ 12.96, 0.96, 15.04, 3.04 ], "texture": "#yeesaur2" },
				"north": { "uv": [ 12.96, 0.96, 15.04, 3.04 ], "texture": "#yeesaur2" },
				"south": { "uv": [ 12.96, 0.96, 15.04, 3.04 ], "texture": "#yeesaur2" },
				"west": { "uv": [ 12.96, 0.96, 15.04, 3.04 ], "texture": "#yeesaur2" },
				"east": { "uv": [ 12.96, 0.96, 15.04, 3.04 ], "texture": "#yeesaur2" }
			}
		},
		{
			"__comment": "Voxels-97AD84",
			"from": [ 10, -2, -2 ],
			"to": [ 11.5, -1.5, -1 ],
			"faces": {
				"down": { "uv": [ 8.96, 0.96, 11.04, 3.04 ], "texture": "#yeesaur2" },
				"up": { "uv": [ 8.96, 0.96, 11.04, 3.04 ], "texture": "#yeesaur2" },
				"north": { "uv": [ 8.96, 0.96, 11.04, 3.04 ], "texture": "#yeesaur2" },
				"south": { "uv": [ 8.96, 0.96, 11.04, 3.04 ], "texture": "#yeesaur2" },
				"west": { "uv": [ 8.96, 0.96, 11.04, 3.04 ], "texture": "#yeesaur2" },
				"east": { "uv": [ 8.96, 0.96, 11.04, 3.04 ], "texture": "#yeesaur2" }
			}
		},
		{
			"__comment": "Voxels-97AD84",
			"from": [ 10, -2, -0.5 ],
			"to": [ 11.5, -1.5, 0 ],
			"faces": {
				"down": { "uv": [ 8.96, 0.96, 11.04, 3.04 ], "texture": "#yeesaur2" },
				"up": { "uv": [ 8.96, 0.96, 11.04, 3.04 ], "texture": "#yeesaur2" },
				"north": { "uv": [ 8.96, 0.96, 11.04, 3.04 ], "texture": "#yeesaur2" },
				"south": { "uv": [ 8.96, 0.96, 11.04, 3.04 ], "texture": "#yeesaur2" },
				"west": { "uv": [ 8.96, 0.96, 11.04, 3.04 ], "texture": "#yeesaur2" },
				"east": { "uv": [ 8.96, 0.96, 11.04, 3.04 ], "texture": "#yeesaur2" }
			}
		},
		{
			"__comment": "Voxels-90A57E",
			"from": [ 10, -1.5, -1 ],
			"to": [ 10.5, -0.5, -0.5 ],
			"faces": {
				"down": { "uv": [ 4.96, 8.96, 7.04, 11.04 ], "texture": "#yeesaur2" },
				"up": { "uv": [ 4.96, 8.96, 7.04, 11.04 ], "texture": "#yeesaur2" },
				"north": { "uv": [ 4.96, 8.96, 7.04, 11.04 ], "texture": "#yeesaur2" },
				"south": { "uv": [ 4.96, 8.96, 7.04, 11.04 ], "texture": "#yeesaur2" },
				"west": { "uv": [ 4.96, 8.96, 7.04, 11.04 ], "texture": "#yeesaur2" },
				"east": { "uv": [ 4.96, 8.96, 7.04, 11.04 ], "texture": "#yeesaur2" }
			}
		},
		{
			"__comment": "Voxels-92A780",
			"from": [ 10, -1.5, -0.5 ],
			"to": [ 10.5, 0.5, 0 ],
			"faces": {
				"down": { "uv": [ 12.96, 0.96, 15.04, 3.04 ], "texture": "#yeesaur2" },
				"up": { "uv": [ 12.96, 0.96, 15.04, 3.04 ], "texture": "#yeesaur2" },
				"north": { "uv": [ 12.96, 0.96, 15.04, 3.04 ], "texture": "#yeesaur2" },
				"south": { "uv": [ 12.96, 0.96, 15.04, 3.04 ], "texture": "#yeesaur2" },
				"west": { "uv": [ 12.96, 0.96, 15.04, 3.04 ], "texture": "#yeesaur2" },
				"east": { "uv": [ 12.96, 0.96, 15.04, 3.04 ], "texture": "#yeesaur2" }
			}
		},
		{
			"__comment": "Voxels-F0F0F0",
			"from": [ 10, -1, -1.5 ],
			"to": [ 11, -0.5, -1 ],
			"faces": {
				"down": { "uv": [ 0.96, 4.96, 3.04, 7.04 ], "texture": "#yeesaur2" },
				"up": { "uv": [ 0.96, 4.96, 3.04, 7.04 ], "texture": "#yeesaur2" },
				"north": { "uv": [ 0.96, 4.96, 3.04, 7.04 ], "texture": "#yeesaur2" },
				"south": { "uv": [ 0.96, 4.96, 3.04, 7.04 ], "texture": "#yeesaur2" },
				"west": { "uv": [ 0.96, 4.96, 3.04, 7.04 ], "texture": "#yeesaur2" },
				"east": { "uv": [ 0.96, 4.96, 3.04, 7.04 ], "texture": "#yeesaur2" }
			}
		},
		{
			"__comment": "Voxels-F0F0F0",
			"from": [ 10, -0.5, -1.5 ],
			"to": [ 10.5, 0, -1 ],
			"faces": {
				"down": { "uv": [ 0.96, 4.96, 3.04, 7.04 ], "texture": "#yeesaur2" },
				"up": { "uv": [ 0.96, 4.96, 3.04, 7.04 ], "texture": "#yeesaur2" },
				"north": { "uv": [ 0.96, 4.96, 3.04, 7.04 ], "texture": "#yeesaur2" },
				"south": { "uv": [ 0.96, 4.96, 3.04, 7.04 ], "texture": "#yeesaur2" },
				"west": { "uv": [ 0.96, 4.96, 3.04, 7.04 ], "texture": "#yeesaur2" },
				"east": { "uv": [ 0.96, 4.96, 3.04, 7.04 ], "texture": "#yeesaur2" }
			}
		},
		{
			"__comment": "Voxels-90A57E",
			"from": [ 10, 0, -2 ],
			"to": [ 11.5, 0.5, -1.5 ],
			"faces": {
				"down": { "uv": [ 4.96, 8.96, 7.04, 11.04 ], "texture": "#yeesaur2" },
				"up": { "uv": [ 4.96, 8.96, 7.04, 11.04 ], "texture": "#yeesaur2" },
				"north": { "uv": [ 4.96, 8.96, 7.04, 11.04 ], "texture": "#yeesaur2" },
				"south": { "uv": [ 4.96, 8.96, 7.04, 11.04 ], "texture": "#yeesaur2" },
				"west": { "uv": [ 4.96, 8.96, 7.04, 11.04 ], "texture": "#yeesaur2" },
				"east": { "uv": [ 4.96, 8.96, 7.04, 11.04 ], "texture": "#yeesaur2" }
			}
		},
		{
			"__comment": "Voxels-90A57E",
			"from": [ 10, 0.5, -2 ],
			"to": [ 11, 1, -1.5 ],
			"faces": {
				"down": { "uv": [ 4.96, 8.96, 7.04, 11.04 ], "texture": "#yeesaur2" },
				"up": { "uv": [ 4.96, 8.96, 7.04, 11.04 ], "texture": "#yeesaur2" },
				"north": { "uv": [ 4.96, 8.96, 7.04, 11.04 ], "texture": "#yeesaur2" },
				"south": { "uv": [ 4.96, 8.96, 7.04, 11.04 ], "texture": "#yeesaur2" },
				"west": { "uv": [ 4.96, 8.96, 7.04, 11.04 ], "texture": "#yeesaur2" },
				"east": { "uv": [ 4.96, 8.96, 7.04, 11.04 ], "texture": "#yeesaur2" }
			}
		},
		{
			"__comment": "Voxels-8CA07A",
			"from": [ 10, 0.5, -1.5 ],
			"to": [ 10.5, 1, -1 ],
			"faces": {
				"down": { "uv": [ 4.96, 0.96, 7.04, 3.04 ], "texture": "#yeesaur2" },
				"up": { "uv": [ 4.96, 0.96, 7.04, 3.04 ], "texture": "#yeesaur2" },
				"north": { "uv": [ 4.96, 0.96, 7.04, 3.04 ], "texture": "#yeesaur2" },
				"south": { "uv": [ 4.96, 0.96, 7.04, 3.04 ], "texture": "#yeesaur2" },
				"west": { "uv": [ 4.96, 0.96, 7.04, 3.04 ], "texture": "#yeesaur2" },
				"east": { "uv": [ 4.96, 0.96, 7.04, 3.04 ], "texture": "#yeesaur2" }
			}
		},
		{
			"__comment": "Voxels-8CA07A",
			"from": [ 10, 0.5, -0.5 ],
			"to": [ 10.5, 1, 0 ],
			"faces": {
				"down": { "uv": [ 4.96, 0.96, 7.04, 3.04 ], "texture": "#yeesaur2" },
				"up": { "uv": [ 4.96, 0.96, 7.04, 3.04 ], "texture": "#yeesaur2" },
				"north": { "uv": [ 4.96, 0.96, 7.04, 3.04 ], "texture": "#yeesaur2" },
				"south": { "uv": [ 4.96, 0.96, 7.04, 3.04 ], "texture": "#yeesaur2" },
				"west": { "uv": [ 4.96, 0.96, 7.04, 3.04 ], "texture": "#yeesaur2" },
				"east": { "uv": [ 4.96, 0.96, 7.04, 3.04 ], "texture": "#yeesaur2" }
			}
		},
		{
			"__comment": "Voxels-8CA07A",
			"from": [ 10, 2.5, -0.5 ],
			"to": [ 10.5, 3, 0.5 ],
			"faces": {
				"down": { "uv": [ 4.96, 0.96, 7.04, 3.04 ], "texture": "#yeesaur2" },
				"up": { "uv": [ 4.96, 0.96, 7.04, 3.04 ], "texture": "#yeesaur2" },
				"north": { "uv": [ 4.96, 0.96, 7.04, 3.04 ], "texture": "#yeesaur2" },
				"south": { "uv": [ 4.96, 0.96, 7.04, 3.04 ], "texture": "#yeesaur2" },
				"west": { "uv": [ 4.96, 0.96, 7.04, 3.04 ], "texture": "#yeesaur2" },
				"east": { "uv": [ 4.96, 0.96, 7.04, 3.04 ], "texture": "#yeesaur2" }
			}
		},
		{
			"__comment": "Voxels-8CA07A",
			"from": [ 10.5, -3.5, -1.5 ],
			"to": [ 11.5, -3, -0.5 ],
			"faces": {
				"down": { "uv": [ 4.96, 0.96, 7.04, 3.04 ], "texture": "#yeesaur2" },
				"up": { "uv": [ 4.96, 0.96, 7.04, 3.04 ], "texture": "#yeesaur2" },
				"north": { "uv": [ 4.96, 0.96, 7.04, 3.04 ], "texture": "#yeesaur2" },
				"south": { "uv": [ 4.96, 0.96, 7.04, 3.04 ], "texture": "#yeesaur2" },
				"west": { "uv": [ 4.96, 0.96, 7.04, 3.04 ], "texture": "#yeesaur2" },
				"east": { "uv": [ 4.96, 0.96, 7.04, 3.04 ], "texture": "#yeesaur2" }
			}
		},
		{
			"__comment": "Voxels-8CA07A",
			"from": [ 10.5, -2.5, 0 ],
			"to": [ 11, -2, 1 ],
			"faces": {
				"down": { "uv": [ 4.96, 0.96, 7.04, 3.04 ], "texture": "#yeesaur2" },
				"up": { "uv": [ 4.96, 0.96, 7.04, 3.04 ], "texture": "#yeesaur2" },
				"north": { "uv": [ 4.96, 0.96, 7.04, 3.04 ], "texture": "#yeesaur2" },
				"south": { "uv": [ 4.96, 0.96, 7.04, 3.04 ], "texture": "#yeesaur2" },
				"west": { "uv": [ 4.96, 0.96, 7.04, 3.04 ], "texture": "#yeesaur2" },
				"east": { "uv": [ 4.96, 0.96, 7.04, 3.04 ], "texture": "#yeesaur2" }
			}
		},
		{
			"__comment": "Voxels-97AD84",
			"from": [ 10.5, -1.5, -2 ],
			"to": [ 11.5, -1, -0.5 ],
			"faces": {
				"down": { "uv": [ 8.96, 0.96, 11.04, 3.04 ], "texture": "#yeesaur2" },
				"up": { "uv": [ 8.96, 0.96, 11.04, 3.04 ], "texture": "#yeesaur2" },
				"north": { "uv": [ 8.96, 0.96, 11.04, 3.04 ], "texture": "#yeesaur2" },
				"south": { "uv": [ 8.96, 0.96, 11.04, 3.04 ], "texture": "#yeesaur2" },
				"west": { "uv": [ 8.96, 0.96, 11.04, 3.04 ], "texture": "#yeesaur2" },
				"east": { "uv": [ 8.96, 0.96, 11.04, 3.04 ], "texture": "#yeesaur2" }
			}
		},
		{
			"__comment": "Voxels-90A57E",
			"from": [ 10.5, -1.5, -0.5 ],
			"to": [ 11.5, 0, 0 ],
			"faces": {
				"down": { "uv": [ 4.96, 8.96, 7.04, 11.04 ], "texture": "#yeesaur2" },
				"up": { "uv": [ 4.96, 8.96, 7.04, 11.04 ], "texture": "#yeesaur2" },
				"north": { "uv": [ 4.96, 8.96, 7.04, 11.04 ], "texture": "#yeesaur2" },
				"south": { "uv": [ 4.96, 8.96, 7.04, 11.04 ], "texture": "#yeesaur2" },
				"west": { "uv": [ 4.96, 8.96, 7.04, 11.04 ], "texture": "#yeesaur2" },
				"east": { "uv": [ 4.96, 8.96, 7.04, 11.04 ], "texture": "#yeesaur2" }
			}
		},
		{
			"__comment": "Voxels-90A57E",
			"from": [ 10.5, -1, -2 ],
			"to": [ 11.5, 0, -1.5 ],
			"faces": {
				"down": { "uv": [ 4.96, 8.96, 7.04, 11.04 ], "texture": "#yeesaur2" },
				"up": { "uv": [ 4.96, 8.96, 7.04, 11.04 ], "texture": "#yeesaur2" },
				"north": { "uv": [ 4.96, 8.96, 7.04, 11.04 ], "texture": "#yeesaur2" },
				"south": { "uv": [ 4.96, 8.96, 7.04, 11.04 ], "texture": "#yeesaur2" },
				"west": { "uv": [ 4.96, 8.96, 7.04, 11.04 ], "texture": "#yeesaur2" },
				"east": { "uv": [ 4.96, 8.96, 7.04, 11.04 ], "texture": "#yeesaur2" }
			}
		},
		{
			"__comment": "Voxels-90A57E",
			"from": [ 10.5, -1, -1 ],
			"to": [ 11.5, -0.5, -0.5 ],
			"faces": {
				"down": { "uv": [ 4.96, 8.96, 7.04, 11.04 ], "texture": "#yeesaur2" },
				"up": { "uv": [ 4.96, 8.96, 7.04, 11.04 ], "texture": "#yeesaur2" },
				"north": { "uv": [ 4.96, 8.96, 7.04, 11.04 ], "texture": "#yeesaur2" },
				"south": { "uv": [ 4.96, 8.96, 7.04, 11.04 ], "texture": "#yeesaur2" },
				"west": { "uv": [ 4.96, 8.96, 7.04, 11.04 ], "texture": "#yeesaur2" },
				"east": { "uv": [ 4.96, 8.96, 7.04, 11.04 ], "texture": "#yeesaur2" }
			}
		},
		{
			"__comment": "Voxels-90A57E",
			"from": [ 10.5, -0.5, -1.5 ],
			"to": [ 11.5, 0, -1 ],
			"faces": {
				"down": { "uv": [ 4.96, 8.96, 7.04, 11.04 ], "texture": "#yeesaur2" },
				"up": { "uv": [ 4.96, 8.96, 7.04, 11.04 ], "texture": "#yeesaur2" },
				"north": { "uv": [ 4.96, 8.96, 7.04, 11.04 ], "texture": "#yeesaur2" },
				"south": { "uv": [ 4.96, 8.96, 7.04, 11.04 ], "texture": "#yeesaur2" },
				"west": { "uv": [ 4.96, 8.96, 7.04, 11.04 ], "texture": "#yeesaur2" },
				"east": { "uv": [ 4.96, 8.96, 7.04, 11.04 ], "texture": "#yeesaur2" }
			}
		},
		{
			"__comment": "Voxels-0F0F0F",
			"from": [ 10.5, 0, -2.5 ],
			"to": [ 11, 0.5, -2 ],
			"faces": {
				"down": { "uv": [ 8.96, 4.96, 11.04, 7.04 ], "texture": "#yeesaur2" },
				"up": { "uv": [ 8.96, 4.96, 11.04, 7.04 ], "texture": "#yeesaur2" },
				"north": { "uv": [ 8.96, 4.96, 11.04, 7.04 ], "texture": "#yeesaur2" },
				"south": { "uv": [ 8.96, 4.96, 11.04, 7.04 ], "texture": "#yeesaur2" },
				"west": { "uv": [ 8.96, 4.96, 11.04, 7.04 ], "texture": "#yeesaur2" },
				"east": { "uv": [ 8.96, 4.96, 11.04, 7.04 ], "texture": "#yeesaur2" }
			}
		},
		{
			"__comment": "Voxels-92A780",
			"from": [ 10.5, 0, -0.5 ],
			"to": [ 11.5, 0.5, 0 ],
			"faces": {
				"down": { "uv": [ 12.96, 0.96, 15.04, 3.04 ], "texture": "#yeesaur2" },
				"up": { "uv": [ 12.96, 0.96, 15.04, 3.04 ], "texture": "#yeesaur2" },
				"north": { "uv": [ 12.96, 0.96, 15.04, 3.04 ], "texture": "#yeesaur2" },
				"south": { "uv": [ 12.96, 0.96, 15.04, 3.04 ], "texture": "#yeesaur2" },
				"west": { "uv": [ 12.96, 0.96, 15.04, 3.04 ], "texture": "#yeesaur2" },
				"east": { "uv": [ 12.96, 0.96, 15.04, 3.04 ], "texture": "#yeesaur2" }
			}
		},
		{
			"__comment": "Voxels-90A57E",
			"from": [ 10.5, 0.5, -1.5 ],
			"to": [ 11, 1, -1 ],
			"faces": {
				"down": { "uv": [ 4.96, 8.96, 7.04, 11.04 ], "texture": "#yeesaur2" },
				"up": { "uv": [ 4.96, 8.96, 7.04, 11.04 ], "texture": "#yeesaur2" },
				"north": { "uv": [ 4.96, 8.96, 7.04, 11.04 ], "texture": "#yeesaur2" },
				"south": { "uv": [ 4.96, 8.96, 7.04, 11.04 ], "texture": "#yeesaur2" },
				"west": { "uv": [ 4.96, 8.96, 7.04, 11.04 ], "texture": "#yeesaur2" },
				"east": { "uv": [ 4.96, 8.96, 7.04, 11.04 ], "texture": "#yeesaur2" }
			}
		},
		{
			"__comment": "Voxels-90A57E",
			"from": [ 10.5, 0.5, -0.5 ],
			"to": [ 11, 1, 0 ],
			"faces": {
				"down": { "uv": [ 4.96, 8.96, 7.04, 11.04 ], "texture": "#yeesaur2" },
				"up": { "uv": [ 4.96, 8.96, 7.04, 11.04 ], "texture": "#yeesaur2" },
				"north": { "uv": [ 4.96, 8.96, 7.04, 11.04 ], "texture": "#yeesaur2" },
				"south": { "uv": [ 4.96, 8.96, 7.04, 11.04 ], "texture": "#yeesaur2" },
				"west": { "uv": [ 4.96, 8.96, 7.04, 11.04 ], "texture": "#yeesaur2" },
				"east": { "uv": [ 4.96, 8.96, 7.04, 11.04 ], "texture": "#yeesaur2" }
			}
		},
		{
			"__comment": "Voxels-8CA07A",
			"from": [ 10.5, 1, -1.5 ],
			"to": [ 11, 1.5, -1 ],
			"faces": {
				"down": { "uv": [ 4.96, 0.96, 7.04, 3.04 ], "texture": "#yeesaur2" },
				"up": { "uv": [ 4.96, 0.96, 7.04, 3.04 ], "texture": "#yeesaur2" },
				"north": { "uv": [ 4.96, 0.96, 7.04, 3.04 ], "texture": "#yeesaur2" },
				"south": { "uv": [ 4.96, 0.96, 7.04, 3.04 ], "texture": "#yeesaur2" },
				"west": { "uv": [ 4.96, 0.96, 7.04, 3.04 ], "texture": "#yeesaur2" },
				"east": { "uv": [ 4.96, 0.96, 7.04, 3.04 ], "texture": "#yeesaur2" }
			}
		},
		{
			"__comment": "Voxels-97AD84",
			"from": [ 10.5, 1, -1 ],
			"to": [ 11, 2, 1 ],
			"faces": {
				"down": { "uv": [ 8.96, 0.96, 11.04, 3.04 ], "texture": "#yeesaur2" },
				"up": { "uv": [ 8.96, 0.96, 11.04, 3.04 ], "texture": "#yeesaur2" },
				"north": { "uv": [ 8.96, 0.96, 11.04, 3.04 ], "texture": "#yeesaur2" },
				"south": { "uv": [ 8.96, 0.96, 11.04, 3.04 ], "texture": "#yeesaur2" },
				"west": { "uv": [ 8.96, 0.96, 11.04, 3.04 ], "texture": "#yeesaur2" },
				"east": { "uv": [ 8.96, 0.96, 11.04, 3.04 ], "texture": "#yeesaur2" }
			}
		},
		{
			"__comment": "Voxels-97AD84",
			"from": [ 10.5, 2, -0.5 ],
			"to": [ 12.5, 2.5, 0.5 ],
			"faces": {
				"down": { "uv": [ 8.96, 0.96, 11.04, 3.04 ], "texture": "#yeesaur2" },
				"up": { "uv": [ 8.96, 0.96, 11.04, 3.04 ], "texture": "#yeesaur2" },
				"north": { "uv": [ 8.96, 0.96, 11.04, 3.04 ], "texture": "#yeesaur2" },
				"south": { "uv": [ 8.96, 0.96, 11.04, 3.04 ], "texture": "#yeesaur2" },
				"west": { "uv": [ 8.96, 0.96, 11.04, 3.04 ], "texture": "#yeesaur2" },
				"east": { "uv": [ 8.96, 0.96, 11.04, 3.04 ], "texture": "#yeesaur2" }
			}
		},
		{
			"__comment": "Voxels-97AD84",
			"from": [ 10.5, 2.5, -0.5 ],
			"to": [ 12, 3, 0.5 ],
			"faces": {
				"down": { "uv": [ 8.96, 0.96, 11.04, 3.04 ], "texture": "#yeesaur2" },
				"up": { "uv": [ 8.96, 0.96, 11.04, 3.04 ], "texture": "#yeesaur2" },
				"north": { "uv": [ 8.96, 0.96, 11.04, 3.04 ], "texture": "#yeesaur2" },
				"south": { "uv": [ 8.96, 0.96, 11.04, 3.04 ], "texture": "#yeesaur2" },
				"west": { "uv": [ 8.96, 0.96, 11.04, 3.04 ], "texture": "#yeesaur2" },
				"east": { "uv": [ 8.96, 0.96, 11.04, 3.04 ], "texture": "#yeesaur2" }
			}
		},
		{
			"__comment": "Voxels-8CA07A",
			"from": [ 11, -3, -1.5 ],
			"to": [ 11.5, -2.5, -1 ],
			"faces": {
				"down": { "uv": [ 4.96, 0.96, 7.04, 3.04 ], "texture": "#yeesaur2" },
				"up": { "uv": [ 4.96, 0.96, 7.04, 3.04 ], "texture": "#yeesaur2" },
				"north": { "uv": [ 4.96, 0.96, 7.04, 3.04 ], "texture": "#yeesaur2" },
				"south": { "uv": [ 4.96, 0.96, 7.04, 3.04 ], "texture": "#yeesaur2" },
				"west": { "uv": [ 4.96, 0.96, 7.04, 3.04 ], "texture": "#yeesaur2" },
				"east": { "uv": [ 4.96, 0.96, 7.04, 3.04 ], "texture": "#yeesaur2" }
			}
		},
		{
			"__comment": "Voxels-97AD84",
			"from": [ 11, -2.5, -1 ],
			"to": [ 11.5, -2, 1 ],
			"faces": {
				"down": { "uv": [ 8.96, 0.96, 11.04, 3.04 ], "texture": "#yeesaur2" },
				"up": { "uv": [ 8.96, 0.96, 11.04, 3.04 ], "texture": "#yeesaur2" },
				"north": { "uv": [ 8.96, 0.96, 11.04, 3.04 ], "texture": "#yeesaur2" },
				"south": { "uv": [ 8.96, 0.96, 11.04, 3.04 ], "texture": "#yeesaur2" },
				"west": { "uv": [ 8.96, 0.96, 11.04, 3.04 ], "texture": "#yeesaur2" },
				"east": { "uv": [ 8.96, 0.96, 11.04, 3.04 ], "texture": "#yeesaur2" }
			}
		},
		{
			"__comment": "Voxels-90A57E",
			"from": [ 11, -1, -1.5 ],
			"to": [ 11.5, -0.5, -1 ],
			"faces": {
				"down": { "uv": [ 4.96, 8.96, 7.04, 11.04 ], "texture": "#yeesaur2" },
				"up": { "uv": [ 4.96, 8.96, 7.04, 11.04 ], "texture": "#yeesaur2" },
				"north": { "uv": [ 4.96, 8.96, 7.04, 11.04 ], "texture": "#yeesaur2" },
				"south": { "uv": [ 4.96, 8.96, 7.04, 11.04 ], "texture": "#yeesaur2" },
				"west": { "uv": [ 4.96, 8.96, 7.04, 11.04 ], "texture": "#yeesaur2" },
				"east": { "uv": [ 4.96, 8.96, 7.04, 11.04 ], "texture": "#yeesaur2" }
			}
		},
		{
			"__comment": "Voxels-90A57E",
			"from": [ 11, -0.5, -1 ],
			"to": [ 11.5, 0, -0.5 ],
			"faces": {
				"down": { "uv": [ 4.96, 8.96, 7.04, 11.04 ], "texture": "#yeesaur2" },
				"up": { "uv": [ 4.96, 8.96, 7.04, 11.04 ], "texture": "#yeesaur2" },
				"north": { "uv": [ 4.96, 8.96, 7.04, 11.04 ], "texture": "#yeesaur2" },
				"south": { "uv": [ 4.96, 8.96, 7.04, 11.04 ], "texture": "#yeesaur2" },
				"west": { "uv": [ 4.96, 8.96, 7.04, 11.04 ], "texture": "#yeesaur2" },
				"east": { "uv": [ 4.96, 8.96, 7.04, 11.04 ], "texture": "#yeesaur2" }
			}
		},
		{
			"__comment": "Voxels-90A57E",
			"from": [ 11, 0, -1.5 ],
			"to": [ 11.5, 0.5, -1 ],
			"faces": {
				"down": { "uv": [ 4.96, 8.96, 7.04, 11.04 ], "texture": "#yeesaur2" },
				"up": { "uv": [ 4.96, 8.96, 7.04, 11.04 ], "texture": "#yeesaur2" },
				"north": { "uv": [ 4.96, 8.96, 7.04, 11.04 ], "texture": "#yeesaur2" },
				"south": { "uv": [ 4.96, 8.96, 7.04, 11.04 ], "texture": "#yeesaur2" },
				"west": { "uv": [ 4.96, 8.96, 7.04, 11.04 ], "texture": "#yeesaur2" },
				"east": { "uv": [ 4.96, 8.96, 7.04, 11.04 ], "texture": "#yeesaur2" }
			}
		},
		{
			"__comment": "Voxels-97AD84",
			"from": [ 11, 0.5, -1.5 ],
			"to": [ 11.5, 1, 1 ],
			"faces": {
				"down": { "uv": [ 8.96, 0.96, 11.04, 3.04 ], "texture": "#yeesaur2" },
				"up": { "uv": [ 8.96, 0.96, 11.04, 3.04 ], "texture": "#yeesaur2" },
				"north": { "uv": [ 8.96, 0.96, 11.04, 3.04 ], "texture": "#yeesaur2" },
				"south": { "uv": [ 8.96, 0.96, 11.04, 3.04 ], "texture": "#yeesaur2" },
				"west": { "uv": [ 8.96, 0.96, 11.04, 3.04 ], "texture": "#yeesaur2" },
				"east": { "uv": [ 8.96, 0.96, 11.04, 3.04 ], "texture": "#yeesaur2" }
			}
		},
		{
			"__comment": "Voxels-97AD84",
			"from": [ 12, 1.5, -0.5 ],
			"to": [ 12.5, 2, 0.5 ],
			"faces": {
				"down": { "uv": [ 8.96, 0.96, 11.04, 3.04 ], "texture": "#yeesaur2" },
				"up": { "uv": [ 8.96, 0.96, 11.04, 3.04 ], "texture": "#yeesaur2" },
				"north": { "uv": [ 8.96, 0.96, 11.04, 3.04 ], "texture": "#yeesaur2" },
				"south": { "uv": [ 8.96, 0.96, 11.04, 3.04 ], "texture": "#yeesaur2" },
				"west": { "uv": [ 8.96, 0.96, 11.04, 3.04 ], "texture": "#yeesaur2" },
				"east": { "uv": [ 8.96, 0.96, 11.04, 3.04 ], "texture": "#yeesaur2" }
			}
		},
		{
			"__comment": "Voxels-0F0F0F",
			"from": [ 5, 0, -2.5 ],
			"to": [ 5.5, 0.5, -2 ],
			"faces": {
				"down": { "uv": [ 8.96, 4.96, 11.04, 7.04 ], "texture": "#yeesaur2" },
				"up": { "uv": [ 8.96, 4.96, 11.04, 7.04 ], "texture": "#yeesaur2" },
				"north": { "uv": [ 8.96, 4.96, 11.04, 7.04 ], "texture": "#yeesaur2" },
				"south": { "uv": [ 8.96, 4.96, 11.04, 7.04 ], "texture": "#yeesaur2" },
				"west": { "uv": [ 8.96, 4.96, 11.04, 7.04 ], "texture": "#yeesaur2" },
				"east": { "uv": [ 8.96, 4.96, 11.04, 7.04 ], "texture": "#yeesaur2" }
			}
		},
		{
			"__comment": "Voxels-0F0F0F",
			"from": [ 5.5, -2.5, 5.75 ],
			"to": [ 10.5, -2, 6.25 ],
			"faces": {
				"down": { "uv": [ 8.96, 4.96, 11.04, 7.04 ], "texture": "#yeesaur2", "rotation": 270 },
				"up": { "uv": [ 8.96, 4.96, 11.04, 7.04 ], "texture": "#yeesaur2", "rotation": 90 },
				"north": { "uv": [ 8.96, 4.96, 11.04, 7.04 ], "texture": "#yeesaur2" },
				"south": { "uv": [ 8.96, 4.96, 11.04, 7.04 ], "texture": "#yeesaur2" },
				"west": { "uv": [ 8.96, 4.96, 11.04, 7.04 ], "texture": "#yeesaur2" },
				"east": { "uv": [ 8.96, 4.96, 11.04, 7.04 ], "texture": "#yeesaur2" }
			}
		},
		{
			"__comment": "Voxels-0F0F0F",
			"from": [ 5, 0, 1 ],
			"to": [ 5.5, 0.5, 6 ],
			"faces": {
				"down": { "uv": [ 8.96, 4.96, 11.04, 7.04 ], "texture": "#yeesaur2" },
				"up": { "uv": [ 8.96, 4.96, 11.04, 7.04 ], "texture": "#yeesaur2" },
				"north": { "uv": [ 8.96, 4.96, 11.04, 7.04 ], "texture": "#yeesaur2" },
				"south": { "uv": [ 8.96, 4.96, 11.04, 7.04 ], "texture": "#yeesaur2" },
				"west": { "uv": [ 8.96, 4.96, 11.04, 7.04 ], "texture": "#yeesaur2" },
				"east": { "uv": [ 8.96, 4.96, 11.04, 7.04 ], "texture": "#yeesaur2" }
			}
		},
		{
			"__comment": "Voxels-0F0F0F",
			"from": [ 5, -2.5, 1 ],
			"to": [ 5.5, -2, 6 ],
			"faces": {
				"down": { "uv": [ 8.96, 4.96, 11.04, 7.04 ], "texture": "#yeesaur2" },
				"up": { "uv": [ 8.96, 4.96, 11.04, 7.04 ], "texture": "#yeesaur2" },
				"north": { "uv": [ 8.96, 4.96, 11.04, 7.04 ], "texture": "#yeesaur2" },
				"south": { "uv": [ 8.96, 4.96, 11.04, 7.04 ], "texture": "#yeesaur2" },
				"west": { "uv": [ 8.96, 4.96, 11.04, 7.04 ], "texture": "#yeesaur2" },
				"east": { "uv": [ 8.96, 4.96, 11.04, 7.04 ], "texture": "#yeesaur2" }
			}
		},
		{
			"__comment": "Voxels-0F0F0F",
			"from": [ 10.5, 0, 1 ],
			"to": [ 11, 0.5, 6 ],
			"faces": {
				"down": { "uv": [ 8.96, 4.96, 11.04, 7.04 ], "texture": "#yeesaur2" },
				"up": { "uv": [ 8.96, 4.96, 11.04, 7.04 ], "texture": "#yeesaur2" },
				"north": { "uv": [ 8.96, 4.96, 11.04, 7.04 ], "texture": "#yeesaur2" },
				"south": { "uv": [ 8.96, 4.96, 11.04, 7.04 ], "texture": "#yeesaur2" },
				"west": { "uv": [ 8.96, 4.96, 11.04, 7.04 ], "texture": "#yeesaur2" },
				"east": { "uv": [ 8.96, 4.96, 11.04, 7.04 ], "texture": "#yeesaur2" }
			}
		},
		{
			"__comment": "Voxels-0F0F0F",
			"from": [ 5.5, 0, 5.75 ],
			"to": [ 10.5, 0.5, 6.25 ],
			"faces": {
				"down": { "uv": [ 8.96, 4.96, 11.04, 7.04 ], "texture": "#yeesaur2", "rotation": 270 },
				"up": { "uv": [ 8.96, 4.96, 11.04, 7.04 ], "texture": "#yeesaur2", "rotation": 90 },
				"north": { "uv": [ 8.96, 4.96, 11.04, 7.04 ], "texture": "#yeesaur2" },
				"south": { "uv": [ 8.96, 4.96, 11.04, 7.04 ], "texture": "#yeesaur2" },
				"west": { "uv": [ 8.96, 4.96, 11.04, 7.04 ], "texture": "#yeesaur2" },
				"east": { "uv": [ 8.96, 4.96, 11.04, 7.04 ], "texture": "#yeesaur2" }
			}
		}
	],
	"display": {
    "gui": {
        "rotation": [ 30, -45, 0 ],
        "translation": [ -0.20, 11.50, 0.00 ],
        "scale": [ 2.50, 2.50, 2.50 ]
    },
    "head": {
        "rotation": [ 0, 0, 0 ],
        "translation": [ 0.00, 10.00, 5.75 ],
        "scale": [ 2.35, 2.35, 2.35 ]
		}
	}
}