{
	"__comment": "Designed by Colin0904 with Cubik Studio - https://cubik.studio",
	"textures": {
		"yeesaur": "blocks/yeesaur"
	},
	"elements": [ 	 
		{
			"__comment": "Voxels-8F925F",
			"from": [ 4.5, 1, 1.5 ],
			"to": [ 7, 1.5, 2 ],
			"faces": {
				"down": { "uv": [ 4.96, 0.96, 7.04, 3.04 ], "texture": "#yeesaur" },
				"up": { "uv": [ 4.96, 0.96, 7.04, 3.04 ], "texture": "#yeesaur" },
				"north": { "uv": [ 4.96, 0.96, 7.04, 3.04 ], "texture": "#yeesaur" },
				"south": { "uv": [ 4.96, 0.96, 7.04, 3.04 ], "texture": "#yeesaur" },
				"west": { "uv": [ 4.96, 0.96, 7.04, 3.04 ], "texture": "#yeesaur" }
			}
		},
		{
			"__comment": "Voxels-8F925F",
			"from": [ 4.5, 1, 2 ],
			"to": [ 6, 1.5, 2.5 ],
			"faces": {
				"down": { "uv": [ 4.96, 0.96, 7.04, 3.04 ], "texture": "#yeesaur" },
				"up": { "uv": [ 4.96, 0.96, 7.04, 3.04 ], "texture": "#yeesaur" },
				"south": { "uv": [ 4.96, 0.96, 7.04, 3.04 ], "texture": "#yeesaur" },
				"west": { "uv": [ 4.96, 0.96, 7.04, 3.04 ], "texture": "#yeesaur" }
			}
		},
		{
			"__comment": "Voxels-8F925F",
			"from": [ 4.5, 1.5, 1.5 ],
			"to": [ 6, 4, 2 ],
			"faces": {
				"north": { "uv": [ 4.96, 0.96, 7.04, 3.04 ], "texture": "#yeesaur" },
				"south": { "uv": [ 4.96, 0.96, 7.04, 3.04 ], "texture": "#yeesaur" },
				"west": { "uv": [ 4.96, 0.96, 7.04, 3.04 ], "texture": "#yeesaur" },
				"east": { "uv": [ 4.96, 0.96, 7.04, 3.04 ], "texture": "#yeesaur" }
			}
		},
		{
			"__comment": "Voxels-8F925F",
			"from": [ 4.5, 1.5, 2 ],
			"to": [ 5.5, 2, 2.5 ],
			"faces": {
				"south": { "uv": [ 4.96, 0.96, 7.04, 3.04 ], "texture": "#yeesaur" },
				"west": { "uv": [ 4.96, 0.96, 7.04, 3.04 ], "texture": "#yeesaur" }
			}
		},
		{
			"__comment": "Voxels-959863",
			"from": [ 4.5, 2, 2 ],
			"to": [ 6.5, 4.5, 2.5 ],
			"faces": {
				"down": { "uv": [ 8.96, 0.96, 11.04, 3.04 ], "texture": "#yeesaur" },
				"up": { "uv": [ 8.96, 0.96, 11.04, 3.04 ], "texture": "#yeesaur" },
				"north": { "uv": [ 8.96, 0.96, 11.04, 3.04 ], "texture": "#yeesaur" },
				"south": { "uv": [ 8.96, 0.96, 11.04, 3.04 ], "texture": "#yeesaur" },
				"west": { "uv": [ 8.96, 0.96, 11.04, 3.04 ], "texture": "#yeesaur" },
				"east": { "uv": [ 8.96, 0.96, 11.04, 3.04 ], "texture": "#yeesaur" }
			}
		},
		{
			"__comment": "Voxels-8F925F",
			"from": [ 4.5, 2.5, 1 ],
			"to": [ 6, 3.5, 1.5 ],
			"faces": {
				"down": { "uv": [ 4.96, 0.96, 7.04, 3.04 ], "texture": "#yeesaur" },
				"up": { "uv": [ 4.96, 0.96, 7.04, 3.04 ], "texture": "#yeesaur" },
				"north": { "uv": [ 4.96, 0.96, 7.04, 3.04 ], "texture": "#yeesaur" },
				"west": { "uv": [ 4.96, 0.96, 7.04, 3.04 ], "texture": "#yeesaur" },
				"east": { "uv": [ 4.96, 0.96, 7.04, 3.04 ], "texture": "#yeesaur" }
			}
		},
		{
			"__comment": "Voxels-8F925F",
			"from": [ 4.5, 3.5, 1 ],
			"to": [ 5, 4, 1.5 ],
			"faces": {
				"north": { "uv": [ 4.96, 0.96, 7.04, 3.04 ], "texture": "#yeesaur" },
				"west": { "uv": [ 4.96, 0.96, 7.04, 3.04 ], "texture": "#yeesaur" }
			}
		},
		{
			"__comment": "Voxels-959863",
			"from": [ 4.5, 4, 1 ],
			"to": [ 6, 4.5, 2 ],
			"faces": {
				"down": { "uv": [ 8.96, 0.96, 11.04, 3.04 ], "texture": "#yeesaur" },
				"up": { "uv": [ 8.96, 0.96, 11.04, 3.04 ], "texture": "#yeesaur" },
				"north": { "uv": [ 8.96, 0.96, 11.04, 3.04 ], "texture": "#yeesaur" },
				"west": { "uv": [ 8.96, 0.96, 11.04, 3.04 ], "texture": "#yeesaur" },
				"east": { "uv": [ 8.96, 0.96, 11.04, 3.04 ], "texture": "#yeesaur" }
			}
		},
		{
			"__comment": "Voxels-8F925F",
			"from": [ 4.5, 4.5, 1 ],
			"to": [ 5.5, 5, 2 ],
			"faces": {
				"up": { "uv": [ 4.96, 0.96, 7.04, 3.04 ], "texture": "#yeesaur" },
				"north": { "uv": [ 4.96, 0.96, 7.04, 3.04 ], "texture": "#yeesaur" },
				"west": { "uv": [ 4.96, 0.96, 7.04, 3.04 ], "texture": "#yeesaur" },
				"east": { "uv": [ 4.96, 0.96, 7.04, 3.04 ], "texture": "#yeesaur" }
			}
		},
		{
			"__comment": "Voxels-959863",
			"from": [ 4.5, 4.5, 2 ],
			"to": [ 5.5, 5.5, 2.5 ],
			"faces": {
				"up": { "uv": [ 8.96, 0.96, 11.04, 3.04 ], "texture": "#yeesaur" },
				"north": { "uv": [ 8.96, 0.96, 11.04, 3.04 ], "texture": "#yeesaur" },
				"south": { "uv": [ 8.96, 0.96, 11.04, 3.04 ], "texture": "#yeesaur" },
				"west": { "uv": [ 8.96, 0.96, 11.04, 3.04 ], "texture": "#yeesaur" }
			}
		},
		{
			"__comment": "Voxels-8F925F",
			"from": [ 4.5, 5, 1 ],
			"to": [ 5, 6, 2 ],
			"faces": {
				"north": { "uv": [ 4.96, 0.96, 7.04, 3.04 ], "texture": "#yeesaur" },
				"south": { "uv": [ 4.96, 0.96, 7.04, 3.04 ], "texture": "#yeesaur" },
				"west": { "uv": [ 4.96, 0.96, 7.04, 3.04 ], "texture": "#yeesaur" },
				"east": { "uv": [ 4.96, 0.96, 7.04, 3.04 ], "texture": "#yeesaur" }
			}
		},
		{
			"__comment": "Voxels-959863",
			"from": [ 4.5, 5.5, 2 ],
			"to": [ 5, 7.5, 2.5 ],
			"faces": {
				"up": { "uv": [ 8.96, 0.96, 11.04, 3.04 ], "texture": "#yeesaur" },
				"north": { "uv": [ 8.96, 0.96, 11.04, 3.04 ], "texture": "#yeesaur" },
				"south": { "uv": [ 8.96, 0.96, 11.04, 3.04 ], "texture": "#yeesaur" },
				"west": { "uv": [ 8.96, 0.96, 11.04, 3.04 ], "texture": "#yeesaur" },
				"east": { "uv": [ 8.96, 0.96, 11.04, 3.04 ], "texture": "#yeesaur" }
			}
		},
		{
			"__comment": "Voxels-959863",
			"from": [ 4.5, 6, 1 ],
			"to": [ 5, 6.5, 2 ],
			"faces": {
				"north": { "uv": [ 8.96, 0.96, 11.04, 3.04 ], "texture": "#yeesaur" },
				"west": { "uv": [ 8.96, 0.96, 11.04, 3.04 ], "texture": "#yeesaur" },
				"east": { "uv": [ 8.96, 0.96, 11.04, 3.04 ], "texture": "#yeesaur" }
			}
		},
		{
			"__comment": "Voxels-8F925F",
			"from": [ 4.5, 6.5, 1 ],
			"to": [ 5, 7.5, 2 ],
			"faces": {
				"up": { "uv": [ 4.96, 0.96, 7.04, 3.04 ], "texture": "#yeesaur" },
				"north": { "uv": [ 4.96, 0.96, 7.04, 3.04 ], "texture": "#yeesaur" },
				"west": { "uv": [ 4.96, 0.96, 7.04, 3.04 ], "texture": "#yeesaur" },
				"east": { "uv": [ 4.96, 0.96, 7.04, 3.04 ], "texture": "#yeesaur" }
			}
		},
		{
			"__comment": "Voxels-8F925F",
			"from": [ 5, 0.5, 1.5 ],
			"to": [ 6, 1, 2 ],
			"faces": {
				"down": { "uv": [ 4.96, 0.96, 7.04, 3.04 ], "texture": "#yeesaur" },
				"north": { "uv": [ 4.96, 0.96, 7.04, 3.04 ], "texture": "#yeesaur" },
				"south": { "uv": [ 4.96, 0.96, 7.04, 3.04 ], "texture": "#yeesaur" },
				"west": { "uv": [ 4.96, 0.96, 7.04, 3.04 ], "texture": "#yeesaur" }
			}
		},
		{
			"__comment": "Voxels-8F925F",
			"from": [ 5, 0.5, 2 ],
			"to": [ 5.5, 1, 2.5 ],
			"faces": {
				"down": { "uv": [ 4.96, 0.96, 7.04, 3.04 ], "texture": "#yeesaur" },
				"south": { "uv": [ 4.96, 0.96, 7.04, 3.04 ], "texture": "#yeesaur" },
				"west": { "uv": [ 4.96, 0.96, 7.04, 3.04 ], "texture": "#yeesaur" }
			}
		},
		{
			"__comment": "Voxels-959863",
			"from": [ 5, 1.5, 1 ],
			"to": [ 5.5, 2, 1.5 ],
			"faces": {
				"down": { "uv": [ 8.96, 0.96, 11.04, 3.04 ], "texture": "#yeesaur" },
				"north": { "uv": [ 8.96, 0.96, 11.04, 3.04 ], "texture": "#yeesaur" },
				"west": { "uv": [ 8.96, 0.96, 11.04, 3.04 ], "texture": "#yeesaur" }
			}
		},
		{
			"__comment": "Voxels-8F925F",
			"from": [ 5, 2, 1 ],
			"to": [ 6, 2.5, 1.5 ],
			"faces": {
				"down": { "uv": [ 4.96, 0.96, 7.04, 3.04 ], "texture": "#yeesaur" },
				"north": { "uv": [ 4.96, 0.96, 7.04, 3.04 ], "texture": "#yeesaur" },
				"west": { "uv": [ 4.96, 0.96, 7.04, 3.04 ], "texture": "#yeesaur" }
			}
		},
		{
			"__comment": "Voxels-0F0F0F",
			"from": [ 5, 2.5, 2.5 ],
			"to": [ 5.5, 3, 8.5 ],
			"faces": {
				"down": { "uv": [ 12.96, 0.96, 15.04, 3.04 ], "texture": "#yeesaur" },
				"south": { "uv": [ 12.96, 0.96, 15.04, 3.04 ], "texture": "#yeesaur" },
				"west": { "uv": [ 12.96, 0.96, 15.04, 3.04 ], "texture": "#yeesaur" },
				"east": { "uv": [ 12.96, 0.96, 15.04, 3.04 ], "texture": "#yeesaur" }
			}
		},
		{
			"__comment": "Voxels-353535",
			"from": [ 5, 3, 2.5 ],
			"to": [ 5.5, 3.5, 8.5 ],
			"faces": {
				"up": { "uv": [ 0.96, 4.96, 3.04, 7.04 ], "texture": "#yeesaur" },
				"south": { "uv": [ 0.96, 4.96, 3.04, 7.04 ], "texture": "#yeesaur" },
				"west": { "uv": [ 0.96, 4.96, 3.04, 7.04 ], "texture": "#yeesaur" },
				"east": { "uv": [ 0.96, 4.96, 3.04, 7.04 ], "texture": "#yeesaur" }
			}
		},
		{
			"__comment": "Voxels-999C65",
			"from": [ 5, 3.5, 1 ],
			"to": [ 6.5, 4, 1.5 ],
			"faces": {
				"down": { "uv": [ 4.96, 4.96, 7.04, 7.04 ], "texture": "#yeesaur" },
				"up": { "uv": [ 4.96, 4.96, 7.04, 7.04 ], "texture": "#yeesaur" },
				"north": { "uv": [ 4.96, 4.96, 7.04, 7.04 ], "texture": "#yeesaur" },
				"south": { "uv": [ 4.96, 4.96, 7.04, 7.04 ], "texture": "#yeesaur" }
			}
		},
		{
			"__comment": "Voxels-8F925F",
			"from": [ 5, 5, 1.5 ],
			"to": [ 12, 5.5, 2 ],
			"faces": {
				"down": { "uv": [ 4.96, 0.96, 7.04, 3.04 ], "texture": "#yeesaur" },
				"up": { "uv": [ 4.96, 0.96, 7.04, 3.04 ], "texture": "#yeesaur" },
				"north": { "uv": [ 4.96, 0.96, 7.04, 3.04 ], "texture": "#yeesaur" },
				"south": { "uv": [ 4.96, 0.96, 7.04, 3.04 ], "texture": "#yeesaur" },
				"east": { "uv": [ 4.96, 0.96, 7.04, 3.04 ], "texture": "#yeesaur" }
			}
		},
		{
			"__comment": "Voxels-8F925F",
			"from": [ 5, 5.5, 2 ],
			"to": [ 5.5, 7, 2.5 ],
			"faces": {
				"north": { "uv": [ 4.96, 0.96, 7.04, 3.04 ], "texture": "#yeesaur" },
				"south": { "uv": [ 4.96, 0.96, 7.04, 3.04 ], "texture": "#yeesaur" }
			}
		},
		{
			"__comment": "Voxels-0F0F0F",
			"from": [ 5, 6, 2.5 ],
			"to": [ 5.5, 6.5, 8.5 ],
			"faces": {
				"down": { "uv": [ 12.96, 0.96, 15.04, 3.04 ], "texture": "#yeesaur" },
				"south": { "uv": [ 12.96, 0.96, 15.04, 3.04 ], "texture": "#yeesaur" },
				"west": { "uv": [ 12.96, 0.96, 15.04, 3.04 ], "texture": "#yeesaur" },
				"east": { "uv": [ 12.96, 0.96, 15.04, 3.04 ], "texture": "#yeesaur" }
			}
		},
		{
			"__comment": "Voxels-353535",
			"from": [ 5, 6.5, 2.5 ],
			"to": [ 5.5, 7, 8.5 ],
			"faces": {
				"up": { "uv": [ 0.96, 4.96, 3.04, 7.04 ], "texture": "#yeesaur" },
				"south": { "uv": [ 0.96, 4.96, 3.04, 7.04 ], "texture": "#yeesaur" },
				"west": { "uv": [ 0.96, 4.96, 3.04, 7.04 ], "texture": "#yeesaur" },
				"east": { "uv": [ 0.96, 4.96, 3.04, 7.04 ], "texture": "#yeesaur" }
			}
		},
		{
			"__comment": "Voxels-8F925F",
			"from": [ 5, 7, 1 ],
			"to": [ 6.5, 8, 1.5 ],
			"faces": {
				"down": { "uv": [ 4.96, 0.96, 7.04, 3.04 ], "texture": "#yeesaur" },
				"up": { "uv": [ 4.96, 0.96, 7.04, 3.04 ], "texture": "#yeesaur" },
				"north": { "uv": [ 4.96, 0.96, 7.04, 3.04 ], "texture": "#yeesaur" },
				"south": { "uv": [ 4.96, 0.96, 7.04, 3.04 ], "texture": "#yeesaur" },
				"west": { "uv": [ 4.96, 0.96, 7.04, 3.04 ], "texture": "#yeesaur" },
				"east": { "uv": [ 4.96, 0.96, 7.04, 3.04 ], "texture": "#yeesaur" }
			}
		},
		{
			"__comment": "Voxels-8F925F",
			"from": [ 5, 7, 1.5 ],
			"to": [ 6, 7.5, 2 ],
			"faces": {
				"down": { "uv": [ 4.96, 0.96, 7.04, 3.04 ], "texture": "#yeesaur" }
			}
		},
		{
			"__comment": "Voxels-959863",
			"from": [ 5, 7, 2 ],
			"to": [ 7, 8, 2.5 ],
			"faces": {
				"down": { "uv": [ 8.96, 0.96, 11.04, 3.04 ], "texture": "#yeesaur" },
				"up": { "uv": [ 8.96, 0.96, 11.04, 3.04 ], "texture": "#yeesaur" },
				"north": { "uv": [ 8.96, 0.96, 11.04, 3.04 ], "texture": "#yeesaur" },
				"south": { "uv": [ 8.96, 0.96, 11.04, 3.04 ], "texture": "#yeesaur" },
				"west": { "uv": [ 8.96, 0.96, 11.04, 3.04 ], "texture": "#yeesaur" },
				"east": { "uv": [ 8.96, 0.96, 11.04, 3.04 ], "texture": "#yeesaur" }
			}
		},
		{
			"__comment": "Voxels-959863",
			"from": [ 5, 7.5, 1.5 ],
			"to": [ 6, 8, 2 ],
			"faces": {
				"up": { "uv": [ 8.96, 0.96, 11.04, 3.04 ], "texture": "#yeesaur" },
				"west": { "uv": [ 8.96, 0.96, 11.04, 3.04 ], "texture": "#yeesaur" }
			}
		},
		{
			"__comment": "Voxels-959863",
			"from": [ 5.5, 0, 1.5 ],
			"to": [ 11, 0.5, 2.5 ],
			"faces": {
				"down": { "uv": [ 8.96, 0.96, 11.04, 3.04 ], "texture": "#yeesaur", "cullface": "down" },
				"up": { "uv": [ 8.96, 0.96, 11.04, 3.04 ], "texture": "#yeesaur" },
				"north": { "uv": [ 8.96, 0.96, 11.04, 3.04 ], "texture": "#yeesaur" },
				"south": { "uv": [ 8.96, 0.96, 11.04, 3.04 ], "texture": "#yeesaur" },
				"west": { "uv": [ 8.96, 0.96, 11.04, 3.04 ], "texture": "#yeesaur" },
				"east": { "uv": [ 8.96, 0.96, 11.04, 3.04 ], "texture": "#yeesaur" }
			}
		},
		{
			"__comment": "Voxels-959863",
			"from": [ 5.5, 0.5, 2 ],
			"to": [ 11, 1, 2.5 ],
			"faces": {
				"up": { "uv": [ 8.96, 0.96, 11.04, 3.04 ], "texture": "#yeesaur" },
				"north": { "uv": [ 8.96, 0.96, 11.04, 3.04 ], "texture": "#yeesaur" },
				"south": { "uv": [ 8.96, 0.96, 11.04, 3.04 ], "texture": "#yeesaur" }
			}
		},
		{
			"__comment": "Voxels-959863",
			"from": [ 5.5, 1, 1 ],
			"to": [ 6, 1.5, 1.5 ],
			"faces": {
				"down": { "uv": [ 8.96, 0.96, 11.04, 3.04 ], "texture": "#yeesaur" },
				"north": { "uv": [ 8.96, 0.96, 11.04, 3.04 ], "texture": "#yeesaur" },
				"west": { "uv": [ 8.96, 0.96, 11.04, 3.04 ], "texture": "#yeesaur" }
			}
		},
		{
			"__comment": "Voxels-999C65",
			"from": [ 5.5, 1.5, 1 ],
			"to": [ 6.5, 2, 1.5 ],
			"faces": {
				"down": { "uv": [ 4.96, 4.96, 7.04, 7.04 ], "texture": "#yeesaur" },
				"up": { "uv": [ 4.96, 4.96, 7.04, 7.04 ], "texture": "#yeesaur" },
				"north": { "uv": [ 4.96, 4.96, 7.04, 7.04 ], "texture": "#yeesaur" },
				"south": { "uv": [ 4.96, 4.96, 7.04, 7.04 ], "texture": "#yeesaur" }
			}
		},
		{
			"__comment": "Voxels-959863",
			"from": [ 5.5, 1.5, 2 ],
			"to": [ 7, 2, 2.5 ],
			"faces": {
				"down": { "uv": [ 8.96, 0.96, 11.04, 3.04 ], "texture": "#yeesaur" },
				"up": { "uv": [ 8.96, 0.96, 11.04, 3.04 ], "texture": "#yeesaur" },
				"north": { "uv": [ 8.96, 0.96, 11.04, 3.04 ], "texture": "#yeesaur" },
				"south": { "uv": [ 8.96, 0.96, 11.04, 3.04 ], "texture": "#yeesaur" }
			}
		},
		{
			"__comment": "Voxels-0F0F0F",
			"from": [ 5.5, 2.5, 8 ],
			"to": [ 6, 3, 9 ],
			"faces": {
				"down": { "uv": [ 12.96, 0.96, 15.04, 3.04 ], "texture": "#yeesaur" },
				"north": { "uv": [ 12.96, 0.96, 15.04, 3.04 ], "texture": "#yeesaur" },
				"south": { "uv": [ 12.96, 0.96, 15.04, 3.04 ], "texture": "#yeesaur" },
				"west": { "uv": [ 12.96, 0.96, 15.04, 3.04 ], "texture": "#yeesaur" },
				"east": { "uv": [ 12.96, 0.96, 15.04, 3.04 ], "texture": "#yeesaur" }
			}
		},
		{
			"__comment": "Voxels-353535",
			"from": [ 5.5, 3, 8 ],
			"to": [ 6, 3.5, 9 ],
			"faces": {
				"up": { "uv": [ 0.96, 4.96, 3.04, 7.04 ], "texture": "#yeesaur" },
				"north": { "uv": [ 0.96, 4.96, 3.04, 7.04 ], "texture": "#yeesaur" },
				"south": { "uv": [ 0.96, 4.96, 3.04, 7.04 ], "texture": "#yeesaur" },
				"west": { "uv": [ 0.96, 4.96, 3.04, 7.04 ], "texture": "#yeesaur" },
				"east": { "uv": [ 0.96, 4.96, 3.04, 7.04 ], "texture": "#yeesaur" }
			}
		},
		{
			"__comment": "Voxels-8F925F",
			"from": [ 5.5, 4.5, 1.5 ],
			"to": [ 7, 5, 2 ],
			"faces": {
				"down": { "uv": [ 4.96, 0.96, 7.04, 3.04 ], "texture": "#yeesaur" },
				"north": { "uv": [ 4.96, 0.96, 7.04, 3.04 ], "texture": "#yeesaur" },
				"south": { "uv": [ 4.96, 0.96, 7.04, 3.04 ], "texture": "#yeesaur" }
			}
		},
		{
			"__comment": "Voxels-8F925F",
			"from": [ 5.5, 4.5, 2 ],
			"to": [ 6.5, 5.5, 2.5 ],
			"faces": {
				"up": { "uv": [ 4.96, 0.96, 7.04, 3.04 ], "texture": "#yeesaur" },
				"north": { "uv": [ 4.96, 0.96, 7.04, 3.04 ], "texture": "#yeesaur" },
				"south": { "uv": [ 4.96, 0.96, 7.04, 3.04 ], "texture": "#yeesaur" },
				"east": { "uv": [ 4.96, 0.96, 7.04, 3.04 ], "texture": "#yeesaur" }
			}
		},
		{
			"__comment": "Voxels-FFFF8E",
			"from": [ 5.5, 5.5, 2 ],
			"to": [ 6, 7, 2.5 ],
			"faces": {
				"north": { "uv": [ 8.96, 4.96, 11.04, 7.04 ], "texture": "#yeesaur" },
				"south": { "uv": [ 8.96, 4.96, 11.04, 7.04 ], "texture": "#yeesaur" }
			}
		},
		{
			"__comment": "Voxels-0F0F0F",
			"from": [ 5.5, 6, 8 ],
			"to": [ 6, 6.5, 9 ],
			"faces": {
				"down": { "uv": [ 12.96, 0.96, 15.04, 3.04 ], "texture": "#yeesaur" },
				"north": { "uv": [ 12.96, 0.96, 15.04, 3.04 ], "texture": "#yeesaur" },
				"south": { "uv": [ 12.96, 0.96, 15.04, 3.04 ], "texture": "#yeesaur" },
				"west": { "uv": [ 12.96, 0.96, 15.04, 3.04 ], "texture": "#yeesaur" },
				"east": { "uv": [ 12.96, 0.96, 15.04, 3.04 ], "texture": "#yeesaur" }
			}
		},
		{
			"__comment": "Voxels-353535",
			"from": [ 5.5, 6.5, 8 ],
			"to": [ 6, 7, 9 ],
			"faces": {
				"up": { "uv": [ 0.96, 4.96, 3.04, 7.04 ], "texture": "#yeesaur" },
				"north": { "uv": [ 0.96, 4.96, 3.04, 7.04 ], "texture": "#yeesaur" },
				"south": { "uv": [ 0.96, 4.96, 3.04, 7.04 ], "texture": "#yeesaur" },
				"west": { "uv": [ 0.96, 4.96, 3.04, 7.04 ], "texture": "#yeesaur" },
				"east": { "uv": [ 0.96, 4.96, 3.04, 7.04 ], "texture": "#yeesaur" }
			}
		},
		{
			"__comment": "Voxels-8F925F",
			"from": [ 5.5, 8, 1 ],
			"to": [ 6, 8.5, 2 ],
			"faces": {
				"down": { "uv": [ 4.96, 0.96, 7.04, 3.04 ], "texture": "#yeesaur" },
				"up": { "uv": [ 4.96, 0.96, 7.04, 3.04 ], "texture": "#yeesaur" },
				"north": { "uv": [ 4.96, 0.96, 7.04, 3.04 ], "texture": "#yeesaur" },
				"west": { "uv": [ 4.96, 0.96, 7.04, 3.04 ], "texture": "#yeesaur" },
				"east": { "uv": [ 4.96, 0.96, 7.04, 3.04 ], "texture": "#yeesaur" }
			}
		},
		{
			"__comment": "Voxels-959863",
			"from": [ 5.5, 8, 2 ],
			"to": [ 11, 8.5, 2.5 ],
			"faces": {
				"down": { "uv": [ 8.96, 0.96, 11.04, 3.04 ], "texture": "#yeesaur" },
				"up": { "uv": [ 8.96, 0.96, 11.04, 3.04 ], "texture": "#yeesaur" },
				"north": { "uv": [ 8.96, 0.96, 11.04, 3.04 ], "texture": "#yeesaur" },
				"south": { "uv": [ 8.96, 0.96, 11.04, 3.04 ], "texture": "#yeesaur" },
				"west": { "uv": [ 8.96, 0.96, 11.04, 3.04 ], "texture": "#yeesaur" },
				"east": { "uv": [ 8.96, 0.96, 11.04, 3.04 ], "texture": "#yeesaur" }
			}
		},
		{
			"__comment": "Voxels-959863",
			"from": [ 6, 0.5, 1 ],
			"to": [ 10.5, 1, 2 ],
			"faces": {
				"down": { "uv": [ 8.96, 0.96, 11.04, 3.04 ], "texture": "#yeesaur" },
				"up": { "uv": [ 8.96, 0.96, 11.04, 3.04 ], "texture": "#yeesaur" },
				"north": { "uv": [ 8.96, 0.96, 11.04, 3.04 ], "texture": "#yeesaur" },
				"west": { "uv": [ 8.96, 0.96, 11.04, 3.04 ], "texture": "#yeesaur" },
				"east": { "uv": [ 8.96, 0.96, 11.04, 3.04 ], "texture": "#yeesaur" }
			}
		},
		{
			"__comment": "Voxels-999C65",
			"from": [ 6, 1, 1 ],
			"to": [ 7, 1.5, 1.5 ],
			"faces": {
				"up": { "uv": [ 4.96, 4.96, 7.04, 7.04 ], "texture": "#yeesaur" },
				"north": { "uv": [ 4.96, 4.96, 7.04, 7.04 ], "texture": "#yeesaur" }
			}
		},
		{
			"__comment": "Voxels-959863",
			"from": [ 6, 1, 2 ],
			"to": [ 7.5, 1.5, 2.5 ],
			"faces": {
				"up": { "uv": [ 8.96, 0.96, 11.04, 3.04 ], "texture": "#yeesaur" },
				"north": { "uv": [ 8.96, 0.96, 11.04, 3.04 ], "texture": "#yeesaur" },
				"south": { "uv": [ 8.96, 0.96, 11.04, 3.04 ], "texture": "#yeesaur" }
			}
		},
		{
			"__comment": "Voxels-959863",
			"from": [ 6, 1.5, 1.5 ],
			"to": [ 7, 2, 2 ],
			"faces": {
				"up": { "uv": [ 8.96, 0.96, 11.04, 3.04 ], "texture": "#yeesaur" },
				"north": { "uv": [ 8.96, 0.96, 11.04, 3.04 ], "texture": "#yeesaur" },
				"east": { "uv": [ 8.96, 0.96, 11.04, 3.04 ], "texture": "#yeesaur" }
			}
		},
		{
			"__comment": "Voxels-959863",
			"from": [ 6, 2, 1 ],
			"to": [ 6.5, 3, 2 ],
			"faces": {
				"down": { "uv": [ 8.96, 0.96, 11.04, 3.04 ], "texture": "#yeesaur" },
				"up": { "uv": [ 8.96, 0.96, 11.04, 3.04 ], "texture": "#yeesaur" },
				"north": { "uv": [ 8.96, 0.96, 11.04, 3.04 ], "texture": "#yeesaur" },
				"west": { "uv": [ 8.96, 0.96, 11.04, 3.04 ], "texture": "#yeesaur" },
				"east": { "uv": [ 8.96, 0.96, 11.04, 3.04 ], "texture": "#yeesaur" }
			}
		},
		{
			"__comment": "Voxels-0F0F0F",
			"from": [ 6, 2.5, 8.5 ],
			"to": [ 11, 3, 9 ],
			"faces": {
				"down": { "uv": [ 12.96, 0.96, 15.04, 3.04 ], "texture": "#yeesaur" },
				"north": { "uv": [ 12.96, 0.96, 15.04, 3.04 ], "texture": "#yeesaur" },
				"south": { "uv": [ 12.96, 0.96, 15.04, 3.04 ], "texture": "#yeesaur" },
				"east": { "uv": [ 12.96, 0.96, 15.04, 3.04 ], "texture": "#yeesaur" }
			}
		},
		{
			"__comment": "Voxels-999C65",
			"from": [ 6, 3, 1 ],
			"to": [ 7, 3.5, 1.5 ],
			"faces": {
				"down": { "uv": [ 4.96, 4.96, 7.04, 7.04 ], "texture": "#yeesaur" },
				"up": { "uv": [ 4.96, 4.96, 7.04, 7.04 ], "texture": "#yeesaur" },
				"north": { "uv": [ 4.96, 4.96, 7.04, 7.04 ], "texture": "#yeesaur" }
			}
		},
		{
			"__comment": "Voxels-959863",
			"from": [ 6, 3, 1.5 ],
			"to": [ 11.5, 3.5, 2 ],
			"faces": {
				"down": { "uv": [ 8.96, 0.96, 11.04, 3.04 ], "texture": "#yeesaur" },
				"up": { "uv": [ 8.96, 0.96, 11.04, 3.04 ], "texture": "#yeesaur" },
				"north": { "uv": [ 8.96, 0.96, 11.04, 3.04 ], "texture": "#yeesaur" },
				"south": { "uv": [ 8.96, 0.96, 11.04, 3.04 ], "texture": "#yeesaur" }
			}
		},
		{
			"__comment": "Voxels-353535",
			"from": [ 6, 3, 8.5 ],
			"to": [ 11, 3.5, 9 ],
			"faces": {
				"up": { "uv": [ 0.96, 4.96, 3.04, 7.04 ], "texture": "#yeesaur" },
				"north": { "uv": [ 0.96, 4.96, 3.04, 7.04 ], "texture": "#yeesaur" },
				"south": { "uv": [ 0.96, 4.96, 3.04, 7.04 ], "texture": "#yeesaur" },
				"east": { "uv": [ 0.96, 4.96, 3.04, 7.04 ], "texture": "#yeesaur" }
			}
		},
		{
			"__comment": "Voxels-959863",
			"from": [ 6, 3.5, 1.5 ],
			"to": [ 7, 4.5, 2 ],
			"faces": {
				"north": { "uv": [ 8.96, 0.96, 11.04, 3.04 ], "texture": "#yeesaur" },
				"south": { "uv": [ 8.96, 0.96, 11.04, 3.04 ], "texture": "#yeesaur" },
				"west": { "uv": [ 8.96, 0.96, 11.04, 3.04 ], "texture": "#yeesaur" },
				"east": { "uv": [ 8.96, 0.96, 11.04, 3.04 ], "texture": "#yeesaur" }
			}
		},
		{
			"__comment": "Voxels-999C65",
			"from": [ 6, 4, 1 ],
			"to": [ 6.5, 4.5, 1.5 ],
			"faces": {
				"up": { "uv": [ 4.96, 4.96, 7.04, 7.04 ], "texture": "#yeesaur" },
				"north": { "uv": [ 4.96, 4.96, 7.04, 7.04 ], "texture": "#yeesaur" }
			}
		},
		{
			"__comment": "Voxels-0F0F0F",
			"from": [ 6, 5.5, 2 ],
			"to": [ 6.5, 7, 2.5 ],
			"faces": {
				"north": { "uv": [ 12.96, 0.96, 15.04, 3.04 ], "texture": "#yeesaur" },
				"south": { "uv": [ 12.96, 0.96, 15.04, 3.04 ], "texture": "#yeesaur" },
				"east": { "uv": [ 12.96, 0.96, 15.04, 3.04 ], "texture": "#yeesaur" }
			}
		},
		{
			"__comment": "Voxels-0F0F0F",
			"from": [ 6, 6, 8.5 ],
			"to": [ 11, 6.5, 9 ],
			"faces": {
				"down": { "uv": [ 12.96, 0.96, 15.04, 3.04 ], "texture": "#yeesaur" },
				"north": { "uv": [ 12.96, 0.96, 15.04, 3.04 ], "texture": "#yeesaur" },
				"south": { "uv": [ 12.96, 0.96, 15.04, 3.04 ], "texture": "#yeesaur" },
				"east": { "uv": [ 12.96, 0.96, 15.04, 3.04 ], "texture": "#yeesaur" }
			}
		},
		{
			"__comment": "Voxels-353535",
			"from": [ 6, 6.5, 8.5 ],
			"to": [ 11, 7, 9 ],
			"faces": {
				"up": { "uv": [ 0.96, 4.96, 3.04, 7.04 ], "texture": "#yeesaur" },
				"north": { "uv": [ 0.96, 4.96, 3.04, 7.04 ], "texture": "#yeesaur" },
				"south": { "uv": [ 0.96, 4.96, 3.04, 7.04 ], "texture": "#yeesaur" },
				"east": { "uv": [ 0.96, 4.96, 3.04, 7.04 ], "texture": "#yeesaur" }
			}
		},
		{
			"__comment": "Voxels-959863",
			"from": [ 6, 7, 1.5 ],
			"to": [ 10, 7.5, 2 ],
			"faces": {
				"down": { "uv": [ 8.96, 0.96, 11.04, 3.04 ], "texture": "#yeesaur" },
				"up": { "uv": [ 8.96, 0.96, 11.04, 3.04 ], "texture": "#yeesaur" },
				"north": { "uv": [ 8.96, 0.96, 11.04, 3.04 ], "texture": "#yeesaur" },
				"south": { "uv": [ 8.96, 0.96, 11.04, 3.04 ], "texture": "#yeesaur" }
			}
		},
		{
			"__comment": "Voxels-8F925F",
			"from": [ 6, 7.5, 1.5 ],
			"to": [ 8, 9, 2 ],
			"faces": {
				"up": { "uv": [ 4.96, 0.96, 7.04, 3.04 ], "texture": "#yeesaur" },
				"north": { "uv": [ 4.96, 0.96, 7.04, 3.04 ], "texture": "#yeesaur" },
				"south": { "uv": [ 4.96, 0.96, 7.04, 3.04 ], "texture": "#yeesaur" },
				"west": { "uv": [ 4.96, 0.96, 7.04, 3.04 ], "texture": "#yeesaur" },
				"east": { "uv": [ 4.96, 0.96, 7.04, 3.04 ], "texture": "#yeesaur" }
			}
		},
		{
			"__comment": "Voxels-999C65",
			"from": [ 6, 8, 1 ],
			"to": [ 7.5, 8.5, 1.5 ],
			"faces": {
				"down": { "uv": [ 4.96, 4.96, 7.04, 7.04 ], "texture": "#yeesaur" },
				"north": { "uv": [ 4.96, 4.96, 7.04, 7.04 ], "texture": "#yeesaur" }
			}
		},
		{
			"__comment": "Voxels-8F925F",
			"from": [ 6, 8.5, 1 ],
			"to": [ 10.5, 9, 1.5 ],
			"faces": {
				"down": { "uv": [ 4.96, 0.96, 7.04, 3.04 ], "texture": "#yeesaur" },
				"up": { "uv": [ 4.96, 0.96, 7.04, 3.04 ], "texture": "#yeesaur" },
				"north": { "uv": [ 4.96, 0.96, 7.04, 3.04 ], "texture": "#yeesaur" },
				"south": { "uv": [ 4.96, 0.96, 7.04, 3.04 ], "texture": "#yeesaur" },
				"west": { "uv": [ 4.96, 0.96, 7.04, 3.04 ], "texture": "#yeesaur" },
				"east": { "uv": [ 4.96, 0.96, 7.04, 3.04 ], "texture": "#yeesaur" }
			}
		},
		{
			"__comment": "Voxels-959863",
			"from": [ 6, 8.5, 2 ],
			"to": [ 8, 9, 2.5 ],
			"faces": {
				"up": { "uv": [ 8.96, 0.96, 11.04, 3.04 ], "texture": "#yeesaur" },
				"south": { "uv": [ 8.96, 0.96, 11.04, 3.04 ], "texture": "#yeesaur" },
				"west": { "uv": [ 8.96, 0.96, 11.04, 3.04 ], "texture": "#yeesaur" }
			}
		},
		{
			"__comment": "Voxels-959863",
			"from": [ 6.5, 0, 1 ],
			"to": [ 10, 0.5, 1.5 ],
			"faces": {
				"down": { "uv": [ 8.96, 0.96, 11.04, 3.04 ], "texture": "#yeesaur", "cullface": "down" },
				"north": { "uv": [ 8.96, 0.96, 11.04, 3.04 ], "texture": "#yeesaur" },
				"west": { "uv": [ 8.96, 0.96, 11.04, 3.04 ], "texture": "#yeesaur" },
				"east": { "uv": [ 8.96, 0.96, 11.04, 3.04 ], "texture": "#yeesaur" }
			}
		},
		{
			"__comment": "Voxels-959863",
			"from": [ 6.5, 1.5, 1 ],
			"to": [ 7, 2, 1.5 ],
			"faces": {
				"up": { "uv": [ 8.96, 0.96, 11.04, 3.04 ], "texture": "#yeesaur" },
				"north": { "uv": [ 8.96, 0.96, 11.04, 3.04 ], "texture": "#yeesaur" },
				"east": { "uv": [ 8.96, 0.96, 11.04, 3.04 ], "texture": "#yeesaur" }
			}
		},
		{
			"__comment": "Voxels-9C4747",
			"from": [ 6.5, 2, 2 ],
			"to": [ 7.5, 2.5, 2.5 ],
			"faces": {
				"down": { "uv": [ 12.96, 4.96, 15.04, 7.04 ], "texture": "#yeesaur" },
				"north": { "uv": [ 12.96, 4.96, 15.04, 7.04 ], "texture": "#yeesaur" },
				"south": { "uv": [ 12.96, 4.96, 15.04, 7.04 ], "texture": "#yeesaur" }
			}
		},
		{
			"__comment": "Voxels-959863",
			"from": [ 6.5, 2.5, 1 ],
			"to": [ 10, 3, 2.5 ],
			"faces": {
				"down": { "uv": [ 8.96, 0.96, 11.04, 3.04 ], "texture": "#yeesaur" },
				"up": { "uv": [ 8.96, 0.96, 11.04, 3.04 ], "texture": "#yeesaur" },
				"north": { "uv": [ 8.96, 0.96, 11.04, 3.04 ], "texture": "#yeesaur" },
				"south": { "uv": [ 8.96, 0.96, 11.04, 3.04 ], "texture": "#yeesaur" },
				"west": { "uv": [ 8.96, 0.96, 11.04, 3.04 ], "texture": "#yeesaur" },
				"east": { "uv": [ 8.96, 0.96, 11.04, 3.04 ], "texture": "#yeesaur" }
			}
		},
		{
			"__comment": "Voxels-959863",
			"from": [ 6.5, 3, 2 ],
			"to": [ 12, 3.5, 2.5 ],
			"faces": {
				"down": { "uv": [ 8.96, 0.96, 11.04, 3.04 ], "texture": "#yeesaur" },
				"up": { "uv": [ 8.96, 0.96, 11.04, 3.04 ], "texture": "#yeesaur" },
				"north": { "uv": [ 8.96, 0.96, 11.04, 3.04 ], "texture": "#yeesaur" },
				"south": { "uv": [ 8.96, 0.96, 11.04, 3.04 ], "texture": "#yeesaur" },
				"east": { "uv": [ 8.96, 0.96, 11.04, 3.04 ], "texture": "#yeesaur" }
			}
		},
		{
			"__comment": "Voxels-959863",
			"from": [ 6.5, 3.5, 1 ],
			"to": [ 7, 5, 1.5 ],
			"faces": {
				"up": { "uv": [ 8.96, 0.96, 11.04, 3.04 ], "texture": "#yeesaur" },
				"north": { "uv": [ 8.96, 0.96, 11.04, 3.04 ], "texture": "#yeesaur" },
				"south": { "uv": [ 8.96, 0.96, 11.04, 3.04 ], "texture": "#yeesaur" },
				"west": { "uv": [ 8.96, 0.96, 11.04, 3.04 ], "texture": "#yeesaur" },
				"east": { "uv": [ 8.96, 0.96, 11.04, 3.04 ], "texture": "#yeesaur" }
			}
		},
		{
			"__comment": "Voxels-959863",
			"from": [ 6.5, 3.5, 2 ],
			"to": [ 7, 5, 2.5 ],
			"faces": {
				"north": { "uv": [ 8.96, 0.96, 11.04, 3.04 ], "texture": "#yeesaur" },
				"south": { "uv": [ 8.96, 0.96, 11.04, 3.04 ], "texture": "#yeesaur" },
				"west": { "uv": [ 8.96, 0.96, 11.04, 3.04 ], "texture": "#yeesaur" },
				"east": { "uv": [ 8.96, 0.96, 11.04, 3.04 ], "texture": "#yeesaur" }
			}
		},
		{
			"__comment": "Voxels-8F925F",
			"from": [ 6.5, 5, 2 ],
			"to": [ 7, 5.5, 2.5 ],
			"faces": {
				"south": { "uv": [ 4.96, 0.96, 7.04, 3.04 ], "texture": "#yeesaur" }
			}
		},
		{
			"__comment": "Voxels-FFFF8E",
			"from": [ 6.5, 5.5, 2 ],
			"to": [ 7, 6.5, 2.5 ],
			"faces": {
				"north": { "uv": [ 8.96, 4.96, 11.04, 7.04 ], "texture": "#yeesaur" },
				"south": { "uv": [ 8.96, 4.96, 11.04, 7.04 ], "texture": "#yeesaur" }
			}
		},
		{
			"__comment": "Voxels-8F925F",
			"from": [ 6.5, 6.5, 1 ],
			"to": [ 7, 7, 1.5 ],
			"faces": {
				"down": { "uv": [ 4.96, 0.96, 7.04, 3.04 ], "texture": "#yeesaur" },
				"north": { "uv": [ 4.96, 0.96, 7.04, 3.04 ], "texture": "#yeesaur" },
				"west": { "uv": [ 4.96, 0.96, 7.04, 3.04 ], "texture": "#yeesaur" }
			}
		},
		{
			"__comment": "Voxels-959863",
			"from": [ 6.5, 6.5, 1.5 ],
			"to": [ 7.5, 7, 2.5 ],
			"faces": {
				"down": { "uv": [ 8.96, 0.96, 11.04, 3.04 ], "texture": "#yeesaur" },
				"up": { "uv": [ 8.96, 0.96, 11.04, 3.04 ], "texture": "#yeesaur" },
				"north": { "uv": [ 8.96, 0.96, 11.04, 3.04 ], "texture": "#yeesaur" },
				"south": { "uv": [ 8.96, 0.96, 11.04, 3.04 ], "texture": "#yeesaur" },
				"west": { "uv": [ 8.96, 0.96, 11.04, 3.04 ], "texture": "#yeesaur" }
			}
		},
		{
			"__comment": "Voxels-959863",
			"from": [ 6.5, 7, 1 ],
			"to": [ 7, 7.5, 1.5 ],
			"faces": {
				"north": { "uv": [ 8.96, 0.96, 11.04, 3.04 ], "texture": "#yeesaur" }
			}
		},
		{
			"__comment": "Voxels-8F925F",
			"from": [ 6.5, 7.5, 1 ],
			"to": [ 7, 8, 1.5 ],
			"faces": {
				"north": { "uv": [ 4.96, 0.96, 7.04, 3.04 ], "texture": "#yeesaur" }
			}
		},
		{
			"__comment": "Voxels-959863",
			"from": [ 7, 1, 1 ],
			"to": [ 7.5, 1.5, 2 ],
			"faces": {
				"up": { "uv": [ 8.96, 0.96, 11.04, 3.04 ], "texture": "#yeesaur" },
				"north": { "uv": [ 8.96, 0.96, 11.04, 3.04 ], "texture": "#yeesaur" },
				"west": { "uv": [ 8.96, 0.96, 11.04, 3.04 ], "texture": "#yeesaur" },
				"east": { "uv": [ 8.96, 0.96, 11.04, 3.04 ], "texture": "#yeesaur" }
			}
		},
		{
			"__comment": "Voxels-9C4747",
			"from": [ 7, 1.5, 2 ],
			"to": [ 9.5, 2, 2.5 ],
			"faces": {
				"down": { "uv": [ 12.96, 4.96, 15.04, 7.04 ], "texture": "#yeesaur" },
				"up": { "uv": [ 12.96, 4.96, 15.04, 7.04 ], "texture": "#yeesaur" },
				"north": { "uv": [ 12.96, 4.96, 15.04, 7.04 ], "texture": "#yeesaur" },
				"south": { "uv": [ 12.96, 4.96, 15.04, 7.04 ], "texture": "#yeesaur" }
			}
		},
		{
			"__comment": "Voxels-0F0F0F",
			"from": [ 7, 2.5, 9 ],
			"to": [ 9.5, 3, 9.5 ],
			"faces": {
				"down": { "uv": [ 12.96, 0.96, 15.04, 3.04 ], "texture": "#yeesaur" },
				"south": { "uv": [ 12.96, 0.96, 15.04, 3.04 ], "texture": "#yeesaur" },
				"west": { "uv": [ 12.96, 0.96, 15.04, 3.04 ], "texture": "#yeesaur" },
				"east": { "uv": [ 12.96, 0.96, 15.04, 3.04 ], "texture": "#yeesaur" }
			}
		},
		{
			"__comment": "Voxels-959863",
			"from": [ 7, 3, 1 ],
			"to": [ 10, 3.5, 1.5 ],
			"faces": {
				"up": { "uv": [ 8.96, 0.96, 11.04, 3.04 ], "texture": "#yeesaur" },
				"north": { "uv": [ 8.96, 0.96, 11.04, 3.04 ], "texture": "#yeesaur" }
			}
		},
		{
			"__comment": "Voxels-353535",
			"from": [ 7, 3, 9 ],
			"to": [ 9.5, 3.5, 9.5 ],
			"faces": {
				"up": { "uv": [ 0.96, 4.96, 3.04, 7.04 ], "texture": "#yeesaur" },
				"south": { "uv": [ 0.96, 4.96, 3.04, 7.04 ], "texture": "#yeesaur" },
				"west": { "uv": [ 0.96, 4.96, 3.04, 7.04 ], "texture": "#yeesaur" },
				"east": { "uv": [ 0.96, 4.96, 3.04, 7.04 ], "texture": "#yeesaur" }
			}
		},
		{
			"__comment": "Voxels-605E2F",
			"from": [ 7, 3.5, 1.5 ],
			"to": [ 7.5, 4, 2.5 ],
			"faces": {
				"down": { "uv": [ 0.96, 8.96, 3.04, 11.04 ], "texture": "#yeesaur" },
				"north": { "uv": [ 0.96, 8.96, 3.04, 11.04 ], "texture": "#yeesaur" },
				"south": { "uv": [ 0.96, 8.96, 3.04, 11.04 ], "texture": "#yeesaur" },
				"west": { "uv": [ 0.96, 8.96, 3.04, 11.04 ], "texture": "#yeesaur" }
			}
		},
		{
			"__comment": "Voxels-959863",
			"from": [ 7, 4, 1 ],
			"to": [ 8, 4.5, 2.5 ],
			"faces": {
				"down": { "uv": [ 8.96, 0.96, 11.04, 3.04 ], "texture": "#yeesaur" },
				"up": { "uv": [ 8.96, 0.96, 11.04, 3.04 ], "texture": "#yeesaur" },
				"north": { "uv": [ 8.96, 0.96, 11.04, 3.04 ], "texture": "#yeesaur" },
				"south": { "uv": [ 8.96, 0.96, 11.04, 3.04 ], "texture": "#yeesaur" },
				"west": { "uv": [ 8.96, 0.96, 11.04, 3.04 ], "texture": "#yeesaur" },
				"east": { "uv": [ 8.96, 0.96, 11.04, 3.04 ], "texture": "#yeesaur" }
			}
		},
		{
			"__comment": "Voxels-959863",
			"from": [ 7, 4.5, 1 ],
			"to": [ 7.5, 5.5, 1.5 ],
			"faces": {
				"up": { "uv": [ 8.96, 0.96, 11.04, 3.04 ], "texture": "#yeesaur" },
				"north": { "uv": [ 8.96, 0.96, 11.04, 3.04 ], "texture": "#yeesaur" },
				"south": { "uv": [ 8.96, 0.96, 11.04, 3.04 ], "texture": "#yeesaur" },
				"west": { "uv": [ 8.96, 0.96, 11.04, 3.04 ], "texture": "#yeesaur" },
				"east": { "uv": [ 8.96, 0.96, 11.04, 3.04 ], "texture": "#yeesaur" }
			}
		},
		{
			"__comment": "Voxels-959863",
			"from": [ 7, 4.5, 1.5 ],
			"to": [ 9, 5, 2.5 ],
			"faces": {
				"down": { "uv": [ 8.96, 0.96, 11.04, 3.04 ], "texture": "#yeesaur" },
				"up": { "uv": [ 8.96, 0.96, 11.04, 3.04 ], "texture": "#yeesaur" },
				"north": { "uv": [ 8.96, 0.96, 11.04, 3.04 ], "texture": "#yeesaur" },
				"south": { "uv": [ 8.96, 0.96, 11.04, 3.04 ], "texture": "#yeesaur" },
				"west": { "uv": [ 8.96, 0.96, 11.04, 3.04 ], "texture": "#yeesaur" },
				"east": { "uv": [ 8.96, 0.96, 11.04, 3.04 ], "texture": "#yeesaur" }
			}
		},
		{
			"__comment": "Voxels-959863",
			"from": [ 7, 5, 2 ],
			"to": [ 9.5, 6.5, 2.5 ],
			"faces": {
				"down": { "uv": [ 8.96, 0.96, 11.04, 3.04 ], "texture": "#yeesaur" },
				"up": { "uv": [ 8.96, 0.96, 11.04, 3.04 ], "texture": "#yeesaur" },
				"north": { "uv": [ 8.96, 0.96, 11.04, 3.04 ], "texture": "#yeesaur" },
				"south": { "uv": [ 8.96, 0.96, 11.04, 3.04 ], "texture": "#yeesaur" },
				"west": { "uv": [ 8.96, 0.96, 11.04, 3.04 ], "texture": "#yeesaur" },
				"east": { "uv": [ 8.96, 0.96, 11.04, 3.04 ], "texture": "#yeesaur" }
			}
		},
		{
			"__comment": "Voxels-959863",
			"from": [ 7, 5.5, 1.5 ],
			"to": [ 9, 6.5, 2 ],
			"faces": {
				"up": { "uv": [ 8.96, 0.96, 11.04, 3.04 ], "texture": "#yeesaur" },
				"north": { "uv": [ 8.96, 0.96, 11.04, 3.04 ], "texture": "#yeesaur" },
				"west": { "uv": [ 8.96, 0.96, 11.04, 3.04 ], "texture": "#yeesaur" },
				"east": { "uv": [ 8.96, 0.96, 11.04, 3.04 ], "texture": "#yeesaur" }
			}
		},
		{
			"__comment": "Voxels-8F925F",
			"from": [ 7, 6, 1 ],
			"to": [ 7.5, 6.5, 1.5 ],
			"faces": {
				"down": { "uv": [ 4.96, 0.96, 7.04, 3.04 ], "texture": "#yeesaur" },
				"north": { "uv": [ 4.96, 0.96, 7.04, 3.04 ], "texture": "#yeesaur" },
				"west": { "uv": [ 4.96, 0.96, 7.04, 3.04 ], "texture": "#yeesaur" }
			}
		},
		{
			"__comment": "Voxels-0F0F0F",
			"from": [ 7, 6, 9 ],
			"to": [ 9, 6.5, 9.5 ],
			"faces": {
				"down": { "uv": [ 12.96, 0.96, 15.04, 3.04 ], "texture": "#yeesaur" },
				"south": { "uv": [ 12.96, 0.96, 15.04, 3.04 ], "texture": "#yeesaur" },
				"west": { "uv": [ 12.96, 0.96, 15.04, 3.04 ], "texture": "#yeesaur" },
				"east": { "uv": [ 12.96, 0.96, 15.04, 3.04 ], "texture": "#yeesaur" }
			}
		},
		{
			"__comment": "Voxels-959863",
			"from": [ 7, 6.5, 1 ],
			"to": [ 7.5, 7, 1.5 ],
			"faces": {
				"north": { "uv": [ 8.96, 0.96, 11.04, 3.04 ], "texture": "#yeesaur" }
			}
		},
		{
			"__comment": "Voxels-353535",
			"from": [ 7, 6.5, 9 ],
			"to": [ 9.5, 7, 9.5 ],
			"faces": {
				"down": { "uv": [ 0.96, 4.96, 3.04, 7.04 ], "texture": "#yeesaur" },
				"up": { "uv": [ 0.96, 4.96, 3.04, 7.04 ], "texture": "#yeesaur" },
				"south": { "uv": [ 0.96, 4.96, 3.04, 7.04 ], "texture": "#yeesaur" },
				"west": { "uv": [ 0.96, 4.96, 3.04, 7.04 ], "texture": "#yeesaur" },
				"east": { "uv": [ 0.96, 4.96, 3.04, 7.04 ], "texture": "#yeesaur" }
			}
		},
		{
			"__comment": "Voxels-393818",
			"from": [ 7, 7, 1 ],
			"to": [ 7.5, 7.5, 1.5 ],
			"faces": {
				"north": { "uv": [ 4.96, 8.96, 7.04, 11.04 ], "texture": "#yeesaur" }
			}
		},
		{
			"__comment": "Voxels-393818",
			"from": [ 7, 7, 2 ],
			"to": [ 7.5, 7.5, 2.5 ],
			"faces": {
				"south": { "uv": [ 4.96, 8.96, 7.04, 11.04 ], "texture": "#yeesaur" }
			}
		},
		{
			"__comment": "Voxels-999C65",
			"from": [ 7, 7.5, 1 ],
			"to": [ 8, 8, 1.5 ],
			"faces": {
				"down": { "uv": [ 4.96, 4.96, 7.04, 7.04 ], "texture": "#yeesaur" },
				"up": { "uv": [ 4.96, 4.96, 7.04, 7.04 ], "texture": "#yeesaur" },
				"north": { "uv": [ 4.96, 4.96, 7.04, 7.04 ], "texture": "#yeesaur" }
			}
		},
		{
			"__comment": "Voxels-959863",
			"from": [ 7, 7.5, 2 ],
			"to": [ 11.5, 8, 2.5 ],
			"faces": {
				"down": { "uv": [ 8.96, 0.96, 11.04, 3.04 ], "texture": "#yeesaur" },
				"up": { "uv": [ 8.96, 0.96, 11.04, 3.04 ], "texture": "#yeesaur" },
				"north": { "uv": [ 8.96, 0.96, 11.04, 3.04 ], "texture": "#yeesaur" },
				"south": { "uv": [ 8.96, 0.96, 11.04, 3.04 ], "texture": "#yeesaur" },
				"east": { "uv": [ 8.96, 0.96, 11.04, 3.04 ], "texture": "#yeesaur" }
			}
		},
		{
			"__comment": "Voxels-FC6E6E",
			"from": [ 7.5, 1, 2 ],
			"to": [ 9, 1.5, 2.5 ],
			"faces": {
				"north": { "uv": [ 8.96, 8.96, 11.04, 11.04 ], "texture": "#yeesaur" },
				"south": { "uv": [ 8.96, 8.96, 11.04, 11.04 ], "texture": "#yeesaur" }
			}
		},
		{
			"__comment": "Voxels-E3E3E3",
			"from": [ 7.5, 2, 1 ],
			"to": [ 9, 2.5, 1.5 ],
			"faces": {
				"down": { "uv": [ 12.96, 8.96, 15.04, 11.04 ], "texture": "#yeesaur" },
				"north": { "uv": [ 12.96, 8.96, 15.04, 11.04 ], "texture": "#yeesaur" },
				"south": { "uv": [ 12.96, 8.96, 15.04, 11.04 ], "texture": "#yeesaur" },
				"west": { "uv": [ 12.96, 8.96, 15.04, 11.04 ], "texture": "#yeesaur" },
				"east": { "uv": [ 12.96, 8.96, 15.04, 11.04 ], "texture": "#yeesaur" }
			}
		},
		{
			"__comment": "Voxels-E3E3E3",
			"from": [ 7.5, 2, 2 ],
			"to": [ 9, 2.5, 2.5 ],
			"faces": {
				"north": { "uv": [ 12.96, 8.96, 15.04, 11.04 ], "texture": "#yeesaur" },
				"south": { "uv": [ 12.96, 8.96, 15.04, 11.04 ], "texture": "#yeesaur" }
			}
		},
		{
			"__comment": "Voxels-959863",
			"from": [ 7.5, 3.5, 1 ],
			"to": [ 8, 4, 2.5 ],
			"faces": {
				"down": { "uv": [ 8.96, 0.96, 11.04, 3.04 ], "texture": "#yeesaur" },
				"north": { "uv": [ 8.96, 0.96, 11.04, 3.04 ], "texture": "#yeesaur" },
				"south": { "uv": [ 8.96, 0.96, 11.04, 3.04 ], "texture": "#yeesaur" },
				"west": { "uv": [ 8.96, 0.96, 11.04, 3.04 ], "texture": "#yeesaur" },
				"east": { "uv": [ 8.96, 0.96, 11.04, 3.04 ], "texture": "#yeesaur" }
			}
		},
		{
			"__comment": "Voxels-999C65",
			"from": [ 7.5, 4.5, 1 ],
			"to": [ 9, 5, 1.5 ],
			"faces": {
				"down": { "uv": [ 4.96, 4.96, 7.04, 7.04 ], "texture": "#yeesaur" },
				"north": { "uv": [ 4.96, 4.96, 7.04, 7.04 ], "texture": "#yeesaur" }
			}
		},
		{
			"__comment": "Voxels-959863",
			"from": [ 7.5, 5, 1 ],
			"to": [ 9, 6.5, 1.5 ],
			"faces": {
				"north": { "uv": [ 8.96, 0.96, 11.04, 3.04 ], "texture": "#yeesaur" },
				"south": { "uv": [ 8.96, 0.96, 11.04, 3.04 ], "texture": "#yeesaur" },
				"west": { "uv": [ 8.96, 0.96, 11.04, 3.04 ], "texture": "#yeesaur" },
				"east": { "uv": [ 8.96, 0.96, 11.04, 3.04 ], "texture": "#yeesaur" }
			}
		},
		{
			"__comment": "Voxels-393818",
			"from": [ 7.5, 6.5, 1 ],
			"to": [ 9, 7, 2.5 ],
			"faces": {
				"down": { "uv": [ 4.96, 8.96, 7.04, 11.04 ], "texture": "#yeesaur" },
				"up": { "uv": [ 4.96, 8.96, 7.04, 11.04 ], "texture": "#yeesaur" },
				"north": { "uv": [ 4.96, 8.96, 7.04, 11.04 ], "texture": "#yeesaur" },
				"south": { "uv": [ 4.96, 8.96, 7.04, 11.04 ], "texture": "#yeesaur" },
				"west": { "uv": [ 4.96, 8.96, 7.04, 11.04 ], "texture": "#yeesaur" },
				"east": { "uv": [ 4.96, 8.96, 7.04, 11.04 ], "texture": "#yeesaur" }
			}
		},
		{
			"__comment": "Voxels-959863",
			"from": [ 7.5, 7, 1 ],
			"to": [ 8.5, 7.5, 1.5 ],
			"faces": {
				"up": { "uv": [ 8.96, 0.96, 11.04, 3.04 ], "texture": "#yeesaur" },
				"north": { "uv": [ 8.96, 0.96, 11.04, 3.04 ], "texture": "#yeesaur" }
			}
		},
		{
			"__comment": "Voxels-959863",
			"from": [ 7.5, 7, 2 ],
			"to": [ 9, 7.5, 2.5 ],
			"faces": {
				"south": { "uv": [ 8.96, 0.96, 11.04, 3.04 ], "texture": "#yeesaur" }
			}
		},
		{
			"__comment": "Voxels-8F925F",
			"from": [ 7.5, 8, 1 ],
			"to": [ 11, 8.5, 1.5 ],
			"faces": {
				"down": { "uv": [ 4.96, 0.96, 7.04, 3.04 ], "texture": "#yeesaur" },
				"up": { "uv": [ 4.96, 0.96, 7.04, 3.04 ], "texture": "#yeesaur" },
				"north": { "uv": [ 4.96, 0.96, 7.04, 3.04 ], "texture": "#yeesaur" },
				"south": { "uv": [ 4.96, 0.96, 7.04, 3.04 ], "texture": "#yeesaur" },
				"east": { "uv": [ 4.96, 0.96, 7.04, 3.04 ], "texture": "#yeesaur" }
			}
		},
		{
			"__comment": "Voxels-999C65",
			"from": [ 8, 3.5, 1 ],
			"to": [ 8.5, 4.5, 1.5 ],
			"faces": {
				"north": { "uv": [ 4.96, 4.96, 7.04, 7.04 ], "texture": "#yeesaur" },
				"west": { "uv": [ 4.96, 4.96, 7.04, 7.04 ], "texture": "#yeesaur" },
				"east": { "uv": [ 4.96, 4.96, 7.04, 7.04 ], "texture": "#yeesaur" }
			}
		},
		{
			"__comment": "Voxels-959863",
			"from": [ 8, 3.5, 1.5 ],
			"to": [ 9, 4.5, 2.5 ],
			"faces": {
				"down": { "uv": [ 8.96, 0.96, 11.04, 3.04 ], "texture": "#yeesaur" },
				"north": { "uv": [ 8.96, 0.96, 11.04, 3.04 ], "texture": "#yeesaur" },
				"south": { "uv": [ 8.96, 0.96, 11.04, 3.04 ], "texture": "#yeesaur" },
				"west": { "uv": [ 8.96, 0.96, 11.04, 3.04 ], "texture": "#yeesaur" },
				"east": { "uv": [ 8.96, 0.96, 11.04, 3.04 ], "texture": "#yeesaur" }
			}
		},
		{
			"__comment": "Voxels-8F925F",
			"from": [ 8, 7.5, 1 ],
			"to": [ 8.5, 8, 1.5 ],
			"faces": {
				"north": { "uv": [ 4.96, 0.96, 7.04, 3.04 ], "texture": "#yeesaur" }
			}
		},
		{
			"__comment": "Voxels-959863",
			"from": [ 8, 7.5, 1.5 ],
			"to": [ 9.5, 8, 2 ],
			"faces": {
				"north": { "uv": [ 8.96, 0.96, 11.04, 3.04 ], "texture": "#yeesaur" }
			}
		},
		{
			"__comment": "Voxels-8F925F",
			"from": [ 8, 8, 1.5 ],
			"to": [ 11, 8.5, 2 ],
			"faces": {
				"down": { "uv": [ 4.96, 0.96, 7.04, 3.04 ], "texture": "#yeesaur" },
				"up": { "uv": [ 4.96, 0.96, 7.04, 3.04 ], "texture": "#yeesaur" },
				"east": { "uv": [ 4.96, 0.96, 7.04, 3.04 ], "texture": "#yeesaur" }
			}
		},
		{
			"__comment": "Voxels-68854A",
			"from": [ 8, 8.5, 0.5 ],
			"to": [ 8.5, 9, 1 ],
			"faces": {
				"down": { "uv": [ 0.96, 12.96, 3.04, 15.04 ], "texture": "#yeesaur" },
				"up": { "uv": [ 0.96, 12.96, 3.04, 15.04 ], "texture": "#yeesaur" },
				"north": { "uv": [ 0.96, 12.96, 3.04, 15.04 ], "texture": "#yeesaur" },
				"west": { "uv": [ 0.96, 12.96, 3.04, 15.04 ], "texture": "#yeesaur" },
				"east": { "uv": [ 0.96, 12.96, 3.04, 15.04 ], "texture": "#yeesaur" }
			}
		},
		{
			"__comment": "Voxels-68854A",
			"from": [ 8, 8.5, 1.5 ],
			"to": [ 8.5, 9.5, 2.5 ],
			"faces": {
				"down": { "uv": [ 0.96, 12.96, 3.04, 15.04 ], "texture": "#yeesaur" },
				"up": { "uv": [ 0.96, 12.96, 3.04, 15.04 ], "texture": "#yeesaur" },
				"north": { "uv": [ 0.96, 12.96, 3.04, 15.04 ], "texture": "#yeesaur" },
				"south": { "uv": [ 0.96, 12.96, 3.04, 15.04 ], "texture": "#yeesaur" },
				"west": { "uv": [ 0.96, 12.96, 3.04, 15.04 ], "texture": "#yeesaur" },
				"east": { "uv": [ 0.96, 12.96, 3.04, 15.04 ], "texture": "#yeesaur" }
			}
		},
		{
			"__comment": "Voxels-68854A",
			"from": [ 8, 9, 1 ],
			"to": [ 8.5, 9.5, 1.5 ],
			"faces": {
				"up": { "uv": [ 0.96, 12.96, 3.04, 15.04 ], "texture": "#yeesaur" },
				"north": { "uv": [ 0.96, 12.96, 3.04, 15.04 ], "texture": "#yeesaur" },
				"west": { "uv": [ 0.96, 12.96, 3.04, 15.04 ], "texture": "#yeesaur" },
				"east": { "uv": [ 0.96, 12.96, 3.04, 15.04 ], "texture": "#yeesaur" }
			}
		},
		{
			"__comment": "Voxels-959863",
			"from": [ 8.5, 3.5, 1 ],
			"to": [ 9, 4, 1.5 ],
			"faces": {
				"north": { "uv": [ 8.96, 0.96, 11.04, 3.04 ], "texture": "#yeesaur" },
				"east": { "uv": [ 8.96, 0.96, 11.04, 3.04 ], "texture": "#yeesaur" }
			}
		},
		{
			"__comment": "Voxels-999C65",
			"from": [ 8.5, 4, 1 ],
			"to": [ 9, 4.5, 1.5 ],
			"faces": {
				"north": { "uv": [ 4.96, 4.96, 7.04, 7.04 ], "texture": "#yeesaur" }
			}
		},
		{
			"__comment": "Voxels-999C65",
			"from": [ 8.5, 7, 1 ],
			"to": [ 9, 8, 1.5 ],
			"faces": {
				"north": { "uv": [ 4.96, 4.96, 7.04, 7.04 ], "texture": "#yeesaur" },
				"south": { "uv": [ 4.96, 4.96, 7.04, 7.04 ], "texture": "#yeesaur" },
				"west": { "uv": [ 4.96, 4.96, 7.04, 7.04 ], "texture": "#yeesaur" },
				"east": { "uv": [ 4.96, 4.96, 7.04, 7.04 ], "texture": "#yeesaur" }
			}
		},
		{
			"__comment": "Voxels-8F925F",
			"from": [ 8.5, 8.5, 1.5 ],
			"to": [ 10.5, 9, 2 ],
			"faces": {
				"up": { "uv": [ 4.96, 0.96, 7.04, 3.04 ], "texture": "#yeesaur" },
				"east": { "uv": [ 4.96, 0.96, 7.04, 3.04 ], "texture": "#yeesaur" }
			}
		},
		{
			"__comment": "Voxels-959863",
			"from": [ 8.5, 8.5, 2 ],
			"to": [ 10.5, 9, 2.5 ],
			"faces": {
				"up": { "uv": [ 8.96, 0.96, 11.04, 3.04 ], "texture": "#yeesaur" },
				"south": { "uv": [ 8.96, 0.96, 11.04, 3.04 ], "texture": "#yeesaur" },
				"east": { "uv": [ 8.96, 0.96, 11.04, 3.04 ], "texture": "#yeesaur" }
			}
		},
		{
			"__comment": "Voxels-959863",
			"from": [ 9, 1, 1 ],
			"to": [ 11, 1.5, 2 ],
			"faces": {
				"down": { "uv": [ 8.96, 0.96, 11.04, 3.04 ], "texture": "#yeesaur" },
				"up": { "uv": [ 8.96, 0.96, 11.04, 3.04 ], "texture": "#yeesaur" },
				"north": { "uv": [ 8.96, 0.96, 11.04, 3.04 ], "texture": "#yeesaur" },
				"south": { "uv": [ 8.96, 0.96, 11.04, 3.04 ], "texture": "#yeesaur" },
				"west": { "uv": [ 8.96, 0.96, 11.04, 3.04 ], "texture": "#yeesaur" },
				"east": { "uv": [ 8.96, 0.96, 11.04, 3.04 ], "texture": "#yeesaur" }
			}
		},
		{
			"__comment": "Voxels-959863",
			"from": [ 9, 1, 2 ],
			"to": [ 10.5, 1.5, 2.5 ],
			"faces": {
				"up": { "uv": [ 8.96, 0.96, 11.04, 3.04 ], "texture": "#yeesaur" },
				"south": { "uv": [ 8.96, 0.96, 11.04, 3.04 ], "texture": "#yeesaur" }
			}
		},
		{
			"__comment": "Voxels-9C4747",
			"from": [ 9, 2, 2 ],
			"to": [ 10, 2.5, 2.5 ],
			"faces": {
				"down": { "uv": [ 12.96, 4.96, 15.04, 7.04 ], "texture": "#yeesaur" },
				"north": { "uv": [ 12.96, 4.96, 15.04, 7.04 ], "texture": "#yeesaur" },
				"south": { "uv": [ 12.96, 4.96, 15.04, 7.04 ], "texture": "#yeesaur" }
			}
		},
		{
			"__comment": "Voxels-605E2F",
			"from": [ 9, 3.5, 1.5 ],
			"to": [ 9.5, 4, 2.5 ],
			"faces": {
				"down": { "uv": [ 0.96, 8.96, 3.04, 11.04 ], "texture": "#yeesaur" },
				"north": { "uv": [ 0.96, 8.96, 3.04, 11.04 ], "texture": "#yeesaur" },
				"south": { "uv": [ 0.96, 8.96, 3.04, 11.04 ], "texture": "#yeesaur" }
			}
		},
		{
			"__comment": "Voxels-959863",
			"from": [ 9, 4, 1 ],
			"to": [ 10.5, 4.5, 2.5 ],
			"faces": {
				"down": { "uv": [ 8.96, 0.96, 11.04, 3.04 ], "texture": "#yeesaur" },
				"up": { "uv": [ 8.96, 0.96, 11.04, 3.04 ], "texture": "#yeesaur" },
				"north": { "uv": [ 8.96, 0.96, 11.04, 3.04 ], "texture": "#yeesaur" },
				"south": { "uv": [ 8.96, 0.96, 11.04, 3.04 ], "texture": "#yeesaur" },
				"west": { "uv": [ 8.96, 0.96, 11.04, 3.04 ], "texture": "#yeesaur" },
				"east": { "uv": [ 8.96, 0.96, 11.04, 3.04 ], "texture": "#yeesaur" }
			}
		},
		{
			"__comment": "Voxels-959863",
			"from": [ 9, 4.5, 1 ],
			"to": [ 9.5, 5, 1.5 ],
			"faces": {
				"north": { "uv": [ 8.96, 0.96, 11.04, 3.04 ], "texture": "#yeesaur" }
			}
		},
		{
			"__comment": "Voxels-8F925F",
			"from": [ 9, 4.5, 1.5 ],
			"to": [ 12, 5, 2 ],
			"faces": {
				"down": { "uv": [ 4.96, 0.96, 7.04, 3.04 ], "texture": "#yeesaur" },
				"north": { "uv": [ 4.96, 0.96, 7.04, 3.04 ], "texture": "#yeesaur" },
				"south": { "uv": [ 4.96, 0.96, 7.04, 3.04 ], "texture": "#yeesaur" },
				"east": { "uv": [ 4.96, 0.96, 7.04, 3.04 ], "texture": "#yeesaur" }
			}
		},
		{
			"__comment": "Voxels-959863",
			"from": [ 9, 4.5, 2 ],
			"to": [ 10, 5, 2.5 ],
			"faces": {
				"up": { "uv": [ 8.96, 0.96, 11.04, 3.04 ], "texture": "#yeesaur" },
				"south": { "uv": [ 8.96, 0.96, 11.04, 3.04 ], "texture": "#yeesaur" }
			}
		},
		{
			"__comment": "Voxels-8F925F",
			"from": [ 9, 5, 1 ],
			"to": [ 9.5, 5.5, 1.5 ],
			"faces": {
				"up": { "uv": [ 4.96, 0.96, 7.04, 3.04 ], "texture": "#yeesaur" },
				"north": { "uv": [ 4.96, 0.96, 7.04, 3.04 ], "texture": "#yeesaur" },
				"east": { "uv": [ 4.96, 0.96, 7.04, 3.04 ], "texture": "#yeesaur" }
			}
		},
		{
			"__comment": "Voxels-8F925F",
			"from": [ 9, 5.5, 1.5 ],
			"to": [ 9.5, 6, 2 ],
			"faces": {
				"north": { "uv": [ 4.96, 0.96, 7.04, 3.04 ], "texture": "#yeesaur" },
				"east": { "uv": [ 4.96, 0.96, 7.04, 3.04 ], "texture": "#yeesaur" }
			}
		},
		{
			"__comment": "Voxels-8F925F",
			"from": [ 9, 6, 1 ],
			"to": [ 9.5, 6.5, 1.5 ],
			"faces": {
				"down": { "uv": [ 4.96, 0.96, 7.04, 3.04 ], "texture": "#yeesaur" },
				"north": { "uv": [ 4.96, 0.96, 7.04, 3.04 ], "texture": "#yeesaur" },
				"east": { "uv": [ 4.96, 0.96, 7.04, 3.04 ], "texture": "#yeesaur" }
			}
		},
		{
			"__comment": "Voxels-959863",
			"from": [ 9, 6, 1.5 ],
			"to": [ 9.5, 7, 2 ],
			"faces": {
				"north": { "uv": [ 8.96, 0.96, 11.04, 3.04 ], "texture": "#yeesaur" },
				"south": { "uv": [ 8.96, 0.96, 11.04, 3.04 ], "texture": "#yeesaur" },
				"west": { "uv": [ 8.96, 0.96, 11.04, 3.04 ], "texture": "#yeesaur" },
				"east": { "uv": [ 8.96, 0.96, 11.04, 3.04 ], "texture": "#yeesaur" }
			}
		},
		{
			"__comment": "Voxels-959863",
			"from": [ 9, 6.5, 1 ],
			"to": [ 9.5, 7, 1.5 ],
			"faces": {
				"north": { "uv": [ 8.96, 0.96, 11.04, 3.04 ], "texture": "#yeesaur" }
			}
		},
		{
			"__comment": "Voxels-959863",
			"from": [ 9, 6.5, 2 ],
			"to": [ 10, 7, 2.5 ],
			"faces": {
				"down": { "uv": [ 8.96, 0.96, 11.04, 3.04 ], "texture": "#yeesaur" },
				"up": { "uv": [ 8.96, 0.96, 11.04, 3.04 ], "texture": "#yeesaur" },
				"north": { "uv": [ 8.96, 0.96, 11.04, 3.04 ], "texture": "#yeesaur" },
				"south": { "uv": [ 8.96, 0.96, 11.04, 3.04 ], "texture": "#yeesaur" }
			}
		},
		{
			"__comment": "Voxels-393818",
			"from": [ 9, 7, 1 ],
			"to": [ 9.5, 7.5, 1.5 ],
			"faces": {
				"north": { "uv": [ 4.96, 8.96, 7.04, 11.04 ], "texture": "#yeesaur" }
			}
		},
		{
			"__comment": "Voxels-393818",
			"from": [ 9, 7, 2 ],
			"to": [ 9.5, 7.5, 2.5 ],
			"faces": {
				"south": { "uv": [ 4.96, 8.96, 7.04, 11.04 ], "texture": "#yeesaur" }
			}
		},
		{
			"__comment": "Voxels-999C65",
			"from": [ 9, 7.5, 1 ],
			"to": [ 9.5, 8, 1.5 ],
			"faces": {
				"north": { "uv": [ 4.96, 4.96, 7.04, 7.04 ], "texture": "#yeesaur" }
			}
		},
		{
			"__comment": "Voxels-959863",
			"from": [ 9.5, 1.5, 1 ],
			"to": [ 11.5, 2, 1.5 ],
			"faces": {
				"down": { "uv": [ 8.96, 0.96, 11.04, 3.04 ], "texture": "#yeesaur" },
				"up": { "uv": [ 8.96, 0.96, 11.04, 3.04 ], "texture": "#yeesaur" },
				"north": { "uv": [ 8.96, 0.96, 11.04, 3.04 ], "texture": "#yeesaur" },
				"south": { "uv": [ 8.96, 0.96, 11.04, 3.04 ], "texture": "#yeesaur" },
				"west": { "uv": [ 8.96, 0.96, 11.04, 3.04 ], "texture": "#yeesaur" },
				"east": { "uv": [ 8.96, 0.96, 11.04, 3.04 ], "texture": "#yeesaur" }
			}
		},
		{
			"__comment": "Voxels-959863",
			"from": [ 9.5, 1.5, 1.5 ],
			"to": [ 10.5, 2, 2.5 ],
			"faces": {
				"down": { "uv": [ 8.96, 0.96, 11.04, 3.04 ], "texture": "#yeesaur" },
				"up": { "uv": [ 8.96, 0.96, 11.04, 3.04 ], "texture": "#yeesaur" },
				"south": { "uv": [ 8.96, 0.96, 11.04, 3.04 ], "texture": "#yeesaur" },
				"west": { "uv": [ 8.96, 0.96, 11.04, 3.04 ], "texture": "#yeesaur" },
				"east": { "uv": [ 8.96, 0.96, 11.04, 3.04 ], "texture": "#yeesaur" }
			}
		},
		{
			"__comment": "Voxels-959863",
			"from": [ 9.5, 3.5, 1 ],
			"to": [ 10.5, 4, 2.5 ],
			"faces": {
				"down": { "uv": [ 8.96, 0.96, 11.04, 3.04 ], "texture": "#yeesaur" },
				"north": { "uv": [ 8.96, 0.96, 11.04, 3.04 ], "texture": "#yeesaur" },
				"south": { "uv": [ 8.96, 0.96, 11.04, 3.04 ], "texture": "#yeesaur" },
				"west": { "uv": [ 8.96, 0.96, 11.04, 3.04 ], "texture": "#yeesaur" },
				"east": { "uv": [ 8.96, 0.96, 11.04, 3.04 ], "texture": "#yeesaur" }
			}
		},
		{
			"__comment": "Voxels-8F925F",
			"from": [ 9.5, 4.5, 1 ],
			"to": [ 10, 5, 1.5 ],
			"faces": {
				"up": { "uv": [ 4.96, 0.96, 7.04, 3.04 ], "texture": "#yeesaur" },
				"north": { "uv": [ 4.96, 0.96, 7.04, 3.04 ], "texture": "#yeesaur" },
				"east": { "uv": [ 4.96, 0.96, 7.04, 3.04 ], "texture": "#yeesaur" }
			}
		},
		{
			"__comment": "Voxels-8F925F",
			"from": [ 9.5, 5, 2 ],
			"to": [ 11, 5.5, 2.5 ],
			"faces": {
				"down": { "uv": [ 4.96, 0.96, 7.04, 3.04 ], "texture": "#yeesaur" },
				"up": { "uv": [ 4.96, 0.96, 7.04, 3.04 ], "texture": "#yeesaur" },
				"south": { "uv": [ 4.96, 0.96, 7.04, 3.04 ], "texture": "#yeesaur" }
			}
		},
		{
			"__comment": "Voxels-FFFF8E",
			"from": [ 9.5, 5.5, 2 ],
			"to": [ 10, 6.5, 2.5 ],
			"faces": {
				"north": { "uv": [ 8.96, 4.96, 11.04, 7.04 ], "texture": "#yeesaur" },
				"south": { "uv": [ 8.96, 4.96, 11.04, 7.04 ], "texture": "#yeesaur" }
			}
		},
		{
			"__comment": "Voxels-8F925F",
			"from": [ 9.5, 6.5, 1 ],
			"to": [ 10, 7, 1.5 ],
			"faces": {
				"down": { "uv": [ 4.96, 0.96, 7.04, 3.04 ], "texture": "#yeesaur" },
				"north": { "uv": [ 4.96, 0.96, 7.04, 3.04 ], "texture": "#yeesaur" },
				"east": { "uv": [ 4.96, 0.96, 7.04, 3.04 ], "texture": "#yeesaur" }
			}
		},
		{
			"__comment": "Voxels-959863",
			"from": [ 9.5, 6.5, 1.5 ],
			"to": [ 10, 7, 2 ],
			"faces": {
				"down": { "uv": [ 8.96, 0.96, 11.04, 3.04 ], "texture": "#yeesaur" },
				"east": { "uv": [ 8.96, 0.96, 11.04, 3.04 ], "texture": "#yeesaur" }
			}
		},
		{
			"__comment": "Voxels-959863",
			"from": [ 9.5, 7, 1 ],
			"to": [ 10, 7.5, 1.5 ],
			"faces": {
				"north": { "uv": [ 8.96, 0.96, 11.04, 3.04 ], "texture": "#yeesaur" }
			}
		},
		{
			"__comment": "Voxels-959863",
			"from": [ 9.5, 7, 2 ],
			"to": [ 12, 7.5, 2.5 ],
			"faces": {
				"down": { "uv": [ 8.96, 0.96, 11.04, 3.04 ], "texture": "#yeesaur" },
				"up": { "uv": [ 8.96, 0.96, 11.04, 3.04 ], "texture": "#yeesaur" },
				"north": { "uv": [ 8.96, 0.96, 11.04, 3.04 ], "texture": "#yeesaur" },
				"south": { "uv": [ 8.96, 0.96, 11.04, 3.04 ], "texture": "#yeesaur" },
				"east": { "uv": [ 8.96, 0.96, 11.04, 3.04 ], "texture": "#yeesaur" }
			}
		},
		{
			"__comment": "Voxels-8F925F",
			"from": [ 9.5, 7.5, 1 ],
			"to": [ 11.5, 8, 1.5 ],
			"faces": {
				"down": { "uv": [ 4.96, 0.96, 7.04, 3.04 ], "texture": "#yeesaur" },
				"up": { "uv": [ 4.96, 0.96, 7.04, 3.04 ], "texture": "#yeesaur" },
				"north": { "uv": [ 4.96, 0.96, 7.04, 3.04 ], "texture": "#yeesaur" },
				"south": { "uv": [ 4.96, 0.96, 7.04, 3.04 ], "texture": "#yeesaur" },
				"east": { "uv": [ 4.96, 0.96, 7.04, 3.04 ], "texture": "#yeesaur" }
			}
		},
		{
			"__comment": "Voxels-959863",
			"from": [ 10, 2, 1 ],
			"to": [ 10.5, 2.5, 2.5 ],
			"faces": {
				"down": { "uv": [ 8.96, 0.96, 11.04, 3.04 ], "texture": "#yeesaur" },
				"up": { "uv": [ 8.96, 0.96, 11.04, 3.04 ], "texture": "#yeesaur" },
				"north": { "uv": [ 8.96, 0.96, 11.04, 3.04 ], "texture": "#yeesaur" },
				"south": { "uv": [ 8.96, 0.96, 11.04, 3.04 ], "texture": "#yeesaur" },
				"west": { "uv": [ 8.96, 0.96, 11.04, 3.04 ], "texture": "#yeesaur" },
				"east": { "uv": [ 8.96, 0.96, 11.04, 3.04 ], "texture": "#yeesaur" }
			}
		},
		{
			"__comment": "Voxels-999C65",
			"from": [ 10, 2.5, 1 ],
			"to": [ 11, 3.5, 1.5 ],
			"faces": {
				"down": { "uv": [ 4.96, 4.96, 7.04, 7.04 ], "texture": "#yeesaur" },
				"up": { "uv": [ 4.96, 4.96, 7.04, 7.04 ], "texture": "#yeesaur" },
				"north": { "uv": [ 4.96, 4.96, 7.04, 7.04 ], "texture": "#yeesaur" },
				"south": { "uv": [ 4.96, 4.96, 7.04, 7.04 ], "texture": "#yeesaur" },
				"west": { "uv": [ 4.96, 4.96, 7.04, 7.04 ], "texture": "#yeesaur" },
				"east": { "uv": [ 4.96, 4.96, 7.04, 7.04 ], "texture": "#yeesaur" }
			}
		},
		{
			"__comment": "Voxels-959863",
			"from": [ 10, 2.5, 1.5 ],
			"to": [ 12, 3, 2.5 ],
			"faces": {
				"down": { "uv": [ 8.96, 0.96, 11.04, 3.04 ], "texture": "#yeesaur" },
				"up": { "uv": [ 8.96, 0.96, 11.04, 3.04 ], "texture": "#yeesaur" },
				"north": { "uv": [ 8.96, 0.96, 11.04, 3.04 ], "texture": "#yeesaur" },
				"south": { "uv": [ 8.96, 0.96, 11.04, 3.04 ], "texture": "#yeesaur" },
				"east": { "uv": [ 8.96, 0.96, 11.04, 3.04 ], "texture": "#yeesaur" }
			}
		},
		{
			"__comment": "Voxels-8F925F",
			"from": [ 10, 4.5, 2 ],
			"to": [ 11, 5, 2.5 ],
			"faces": {
				"down": { "uv": [ 4.96, 0.96, 7.04, 3.04 ], "texture": "#yeesaur" },
				"south": { "uv": [ 4.96, 0.96, 7.04, 3.04 ], "texture": "#yeesaur" }
			}
		},
		{
			"__comment": "Voxels-0F0F0F",
			"from": [ 10, 5.5, 2 ],
			"to": [ 10.5, 7, 2.5 ],
			"faces": {
				"north": { "uv": [ 12.96, 0.96, 15.04, 3.04 ], "texture": "#yeesaur" },
				"south": { "uv": [ 12.96, 0.96, 15.04, 3.04 ], "texture": "#yeesaur" },
				"west": { "uv": [ 12.96, 0.96, 15.04, 3.04 ], "texture": "#yeesaur" }
			}
		},
		{
			"__comment": "Voxels-8F925F",
			"from": [ 10, 7, 1 ],
			"to": [ 12, 7.5, 2 ],
			"faces": {
				"down": { "uv": [ 4.96, 0.96, 7.04, 3.04 ], "texture": "#yeesaur" },
				"up": { "uv": [ 4.96, 0.96, 7.04, 3.04 ], "texture": "#yeesaur" },
				"north": { "uv": [ 4.96, 0.96, 7.04, 3.04 ], "texture": "#yeesaur" },
				"west": { "uv": [ 4.96, 0.96, 7.04, 3.04 ], "texture": "#yeesaur" },
				"east": { "uv": [ 4.96, 0.96, 7.04, 3.04 ], "texture": "#yeesaur" }
			}
		},
		{
			"__comment": "Voxels-8F925F",
			"from": [ 10.5, 0.5, 1.5 ],
			"to": [ 11.5, 1, 2 ],
			"faces": {
				"down": { "uv": [ 4.96, 0.96, 7.04, 3.04 ], "texture": "#yeesaur" },
				"up": { "uv": [ 4.96, 0.96, 7.04, 3.04 ], "texture": "#yeesaur" },
				"north": { "uv": [ 4.96, 0.96, 7.04, 3.04 ], "texture": "#yeesaur" },
				"south": { "uv": [ 4.96, 0.96, 7.04, 3.04 ], "texture": "#yeesaur" },
				"east": { "uv": [ 4.96, 0.96, 7.04, 3.04 ], "texture": "#yeesaur" }
			}
		},
		{
			"__comment": "Voxels-8F925F",
			"from": [ 10.5, 1, 2 ],
			"to": [ 12, 1.5, 2.5 ],
			"faces": {
				"down": { "uv": [ 4.96, 0.96, 7.04, 3.04 ], "texture": "#yeesaur" },
				"up": { "uv": [ 4.96, 0.96, 7.04, 3.04 ], "texture": "#yeesaur" },
				"north": { "uv": [ 4.96, 0.96, 7.04, 3.04 ], "texture": "#yeesaur" },
				"south": { "uv": [ 4.96, 0.96, 7.04, 3.04 ], "texture": "#yeesaur" },
				"east": { "uv": [ 4.96, 0.96, 7.04, 3.04 ], "texture": "#yeesaur" }
			}
		},
		{
			"__comment": "Voxels-8F925F",
			"from": [ 10.5, 1.5, 1.5 ],
			"to": [ 12, 2, 2 ],
			"faces": {
				"down": { "uv": [ 4.96, 0.96, 7.04, 3.04 ], "texture": "#yeesaur" },
				"north": { "uv": [ 4.96, 0.96, 7.04, 3.04 ], "texture": "#yeesaur" },
				"south": { "uv": [ 4.96, 0.96, 7.04, 3.04 ], "texture": "#yeesaur" },
				"east": { "uv": [ 4.96, 0.96, 7.04, 3.04 ], "texture": "#yeesaur" }
			}
		},
		{
			"__comment": "Voxels-959863",
			"from": [ 10.5, 1.5, 2 ],
			"to": [ 11, 2.5, 2.5 ],
			"faces": {
				"north": { "uv": [ 8.96, 0.96, 11.04, 3.04 ], "texture": "#yeesaur" },
				"south": { "uv": [ 8.96, 0.96, 11.04, 3.04 ], "texture": "#yeesaur" },
				"west": { "uv": [ 8.96, 0.96, 11.04, 3.04 ], "texture": "#yeesaur" },
				"east": { "uv": [ 8.96, 0.96, 11.04, 3.04 ], "texture": "#yeesaur" }
			}
		},
		{
			"__comment": "Voxels-999C65",
			"from": [ 10.5, 2, 1 ],
			"to": [ 11, 2.5, 1.5 ],
			"faces": {
				"north": { "uv": [ 4.96, 4.96, 7.04, 7.04 ], "texture": "#yeesaur" }
			}
		},
		{
			"__comment": "Voxels-959863",
			"from": [ 10.5, 2, 1.5 ],
			"to": [ 12, 2.5, 2 ],
			"faces": {
				"north": { "uv": [ 8.96, 0.96, 11.04, 3.04 ], "texture": "#yeesaur" },
				"south": { "uv": [ 8.96, 0.96, 11.04, 3.04 ], "texture": "#yeesaur" },
				"east": { "uv": [ 8.96, 0.96, 11.04, 3.04 ], "texture": "#yeesaur" }
			}
		},
		{
			"__comment": "Voxels-0F0F0F",
			"from": [ 10.5, 2.5, 8 ],
			"to": [ 11.5, 3, 8.5 ],
			"faces": {
				"down": { "uv": [ 12.96, 0.96, 15.04, 3.04 ], "texture": "#yeesaur" },
				"north": { "uv": [ 12.96, 0.96, 15.04, 3.04 ], "texture": "#yeesaur" },
				"south": { "uv": [ 12.96, 0.96, 15.04, 3.04 ], "texture": "#yeesaur" },
				"west": { "uv": [ 12.96, 0.96, 15.04, 3.04 ], "texture": "#yeesaur" },
				"east": { "uv": [ 12.96, 0.96, 15.04, 3.04 ], "texture": "#yeesaur" }
			}
		},
		{
			"__comment": "Voxels-353535",
			"from": [ 10.5, 3, 8 ],
			"to": [ 11.5, 3.5, 8.5 ],
			"faces": {
				"up": { "uv": [ 0.96, 4.96, 3.04, 7.04 ], "texture": "#yeesaur" },
				"north": { "uv": [ 0.96, 4.96, 3.04, 7.04 ], "texture": "#yeesaur" },
				"south": { "uv": [ 0.96, 4.96, 3.04, 7.04 ], "texture": "#yeesaur" },
				"west": { "uv": [ 0.96, 4.96, 3.04, 7.04 ], "texture": "#yeesaur" },
				"east": { "uv": [ 0.96, 4.96, 3.04, 7.04 ], "texture": "#yeesaur" }
			}
		},
		{
			"__comment": "Voxels-999C65",
			"from": [ 10.5, 3.5, 1 ],
			"to": [ 11.5, 4, 1.5 ],
			"faces": {
				"down": { "uv": [ 4.96, 4.96, 7.04, 7.04 ], "texture": "#yeesaur" },
				"up": { "uv": [ 4.96, 4.96, 7.04, 7.04 ], "texture": "#yeesaur" },
				"north": { "uv": [ 4.96, 4.96, 7.04, 7.04 ], "texture": "#yeesaur" }
			}
		},
		{
			"__comment": "Voxels-8F925F",
			"from": [ 10.5, 3.5, 1.5 ],
			"to": [ 12, 4, 2 ],
			"faces": {
				"down": { "uv": [ 4.96, 0.96, 7.04, 3.04 ], "texture": "#yeesaur" },
				"up": { "uv": [ 4.96, 0.96, 7.04, 3.04 ], "texture": "#yeesaur" },
				"north": { "uv": [ 4.96, 0.96, 7.04, 3.04 ], "texture": "#yeesaur" },
				"east": { "uv": [ 4.96, 0.96, 7.04, 3.04 ], "texture": "#yeesaur" }
			}
		},
		{
			"__comment": "Voxels-959863",
			"from": [ 10.5, 3.5, 2 ],
			"to": [ 12, 4.5, 2.5 ],
			"faces": {
				"up": { "uv": [ 8.96, 0.96, 11.04, 3.04 ], "texture": "#yeesaur" },
				"north": { "uv": [ 8.96, 0.96, 11.04, 3.04 ], "texture": "#yeesaur" },
				"south": { "uv": [ 8.96, 0.96, 11.04, 3.04 ], "texture": "#yeesaur" },
				"west": { "uv": [ 8.96, 0.96, 11.04, 3.04 ], "texture": "#yeesaur" },
				"east": { "uv": [ 8.96, 0.96, 11.04, 3.04 ], "texture": "#yeesaur" }
			}
		},
		{
			"__comment": "Voxels-8F925F",
			"from": [ 10.5, 4, 1 ],
			"to": [ 11, 4.5, 1.5 ],
			"faces": {
				"up": { "uv": [ 4.96, 0.96, 7.04, 3.04 ], "texture": "#yeesaur" },
				"north": { "uv": [ 4.96, 0.96, 7.04, 3.04 ], "texture": "#yeesaur" }
			}
		},
		{
			"__comment": "Voxels-FFFF8E",
			"from": [ 10.5, 5.5, 2 ],
			"to": [ 11, 7, 2.5 ],
			"faces": {
				"north": { "uv": [ 8.96, 4.96, 11.04, 7.04 ], "texture": "#yeesaur" },
				"south": { "uv": [ 8.96, 4.96, 11.04, 7.04 ], "texture": "#yeesaur" }
			}
		},
		{
			"__comment": "Voxels-0F0F0F",
			"from": [ 10.5, 6, 8 ],
			"to": [ 11.5, 6.5, 8.5 ],
			"faces": {
				"down": { "uv": [ 12.96, 0.96, 15.04, 3.04 ], "texture": "#yeesaur" },
				"north": { "uv": [ 12.96, 0.96, 15.04, 3.04 ], "texture": "#yeesaur" },
				"south": { "uv": [ 12.96, 0.96, 15.04, 3.04 ], "texture": "#yeesaur" },
				"west": { "uv": [ 12.96, 0.96, 15.04, 3.04 ], "texture": "#yeesaur" },
				"east": { "uv": [ 12.96, 0.96, 15.04, 3.04 ], "texture": "#yeesaur" }
			}
		},
		{
			"__comment": "Voxels-353535",
			"from": [ 10.5, 6.5, 8 ],
			"to": [ 11.5, 7, 8.5 ],
			"faces": {
				"up": { "uv": [ 0.96, 4.96, 3.04, 7.04 ], "texture": "#yeesaur" },
				"north": { "uv": [ 0.96, 4.96, 3.04, 7.04 ], "texture": "#yeesaur" },
				"south": { "uv": [ 0.96, 4.96, 3.04, 7.04 ], "texture": "#yeesaur" },
				"west": { "uv": [ 0.96, 4.96, 3.04, 7.04 ], "texture": "#yeesaur" },
				"east": { "uv": [ 0.96, 4.96, 3.04, 7.04 ], "texture": "#yeesaur" }
			}
		},
		{
			"__comment": "Voxels-8F925F",
			"from": [ 10.5, 7.5, 1.5 ],
			"to": [ 11.5, 8, 2 ],
			"faces": {
				"up": { "uv": [ 4.96, 0.96, 7.04, 3.04 ], "texture": "#yeesaur" },
				"east": { "uv": [ 4.96, 0.96, 7.04, 3.04 ], "texture": "#yeesaur" }
			}
		},
		{
			"__comment": "Voxels-8F925F",
			"from": [ 11, 0.5, 2 ],
			"to": [ 11.5, 1, 2.5 ],
			"faces": {
				"down": { "uv": [ 4.96, 0.96, 7.04, 3.04 ], "texture": "#yeesaur" },
				"south": { "uv": [ 4.96, 0.96, 7.04, 3.04 ], "texture": "#yeesaur" },
				"east": { "uv": [ 4.96, 0.96, 7.04, 3.04 ], "texture": "#yeesaur" }
			}
		},
		{
			"__comment": "Voxels-8F925F",
			"from": [ 11, 1, 1.5 ],
			"to": [ 12, 1.5, 2 ],
			"faces": {
				"down": { "uv": [ 4.96, 0.96, 7.04, 3.04 ], "texture": "#yeesaur" },
				"north": { "uv": [ 4.96, 0.96, 7.04, 3.04 ], "texture": "#yeesaur" },
				"east": { "uv": [ 4.96, 0.96, 7.04, 3.04 ], "texture": "#yeesaur" }
			}
		},
		{
			"__comment": "Voxels-8F925F",
			"from": [ 11, 1.5, 2 ],
			"to": [ 12, 2, 2.5 ],
			"faces": {
				"south": { "uv": [ 4.96, 0.96, 7.04, 3.04 ], "texture": "#yeesaur" },
				"east": { "uv": [ 4.96, 0.96, 7.04, 3.04 ], "texture": "#yeesaur" }
			}
		},
		{
			"__comment": "Voxels-959863",
			"from": [ 11, 2, 1 ],
			"to": [ 11.5, 3, 1.5 ],
			"faces": {
				"north": { "uv": [ 8.96, 0.96, 11.04, 3.04 ], "texture": "#yeesaur" },
				"south": { "uv": [ 8.96, 0.96, 11.04, 3.04 ], "texture": "#yeesaur" },
				"west": { "uv": [ 8.96, 0.96, 11.04, 3.04 ], "texture": "#yeesaur" },
				"east": { "uv": [ 8.96, 0.96, 11.04, 3.04 ], "texture": "#yeesaur" }
			}
		},
		{
			"__comment": "Voxels-959863",
			"from": [ 11, 2, 2 ],
			"to": [ 12, 2.5, 2.5 ],
			"faces": {
				"south": { "uv": [ 8.96, 0.96, 11.04, 3.04 ], "texture": "#yeesaur" },
				"east": { "uv": [ 8.96, 0.96, 11.04, 3.04 ], "texture": "#yeesaur" }
			}
		},
		{
			"__comment": "Voxels-0F0F0F",
			"from": [ 11, 2.5, 2.5 ],
			"to": [ 11.5, 3, 8 ],
			"faces": {
				"down": { "uv": [ 12.96, 0.96, 15.04, 3.04 ], "texture": "#yeesaur" },
				"west": { "uv": [ 12.96, 0.96, 15.04, 3.04 ], "texture": "#yeesaur" },
				"east": { "uv": [ 12.96, 0.96, 15.04, 3.04 ], "texture": "#yeesaur" }
			}
		},
		{
			"__comment": "Voxels-8F925F",
			"from": [ 11, 3, 1 ],
			"to": [ 12, 3.5, 1.5 ],
			"faces": {
				"down": { "uv": [ 4.96, 0.96, 7.04, 3.04 ], "texture": "#yeesaur" },
				"up": { "uv": [ 4.96, 0.96, 7.04, 3.04 ], "texture": "#yeesaur" },
				"north": { "uv": [ 4.96, 0.96, 7.04, 3.04 ], "texture": "#yeesaur" },
				"south": { "uv": [ 4.96, 0.96, 7.04, 3.04 ], "texture": "#yeesaur" },
				"east": { "uv": [ 4.96, 0.96, 7.04, 3.04 ], "texture": "#yeesaur" }
			}
		},
		{
			"__comment": "Voxels-353535",
			"from": [ 11, 3, 2.5 ],
			"to": [ 11.5, 3.5, 8 ],
			"faces": {
				"up": { "uv": [ 0.96, 4.96, 3.04, 7.04 ], "texture": "#yeesaur" },
				"west": { "uv": [ 0.96, 4.96, 3.04, 7.04 ], "texture": "#yeesaur" },
				"east": { "uv": [ 0.96, 4.96, 3.04, 7.04 ], "texture": "#yeesaur" }
			}
		},
		{
			"__comment": "Voxels-999C65",
			"from": [ 11, 4, 1 ],
			"to": [ 11.5, 4.5, 1.5 ],
			"faces": {
				"north": { "uv": [ 4.96, 4.96, 7.04, 7.04 ], "texture": "#yeesaur" }
			}
		},
		{
			"__comment": "Voxels-8F925F",
			"from": [ 11, 4, 1.5 ],
			"to": [ 12, 4.5, 2 ],
			"faces": {
				"north": { "uv": [ 4.96, 0.96, 7.04, 3.04 ], "texture": "#yeesaur" },
				"east": { "uv": [ 4.96, 0.96, 7.04, 3.04 ], "texture": "#yeesaur" }
			}
		},
		{
			"__comment": "Voxels-959863",
			"from": [ 11, 4.5, 1 ],
			"to": [ 12, 5, 1.5 ],
			"faces": {
				"down": { "uv": [ 8.96, 0.96, 11.04, 3.04 ], "texture": "#yeesaur" },
				"up": { "uv": [ 8.96, 0.96, 11.04, 3.04 ], "texture": "#yeesaur" },
				"north": { "uv": [ 8.96, 0.96, 11.04, 3.04 ], "texture": "#yeesaur" },
				"west": { "uv": [ 8.96, 0.96, 11.04, 3.04 ], "texture": "#yeesaur" },
				"east": { "uv": [ 8.96, 0.96, 11.04, 3.04 ], "texture": "#yeesaur" }
			}
		},
		{
			"__comment": "Voxels-959863",
			"from": [ 11, 4.5, 2 ],
			"to": [ 12, 5.5, 2.5 ],
			"faces": {
				"up": { "uv": [ 8.96, 0.96, 11.04, 3.04 ], "texture": "#yeesaur" },
				"north": { "uv": [ 8.96, 0.96, 11.04, 3.04 ], "texture": "#yeesaur" },
				"south": { "uv": [ 8.96, 0.96, 11.04, 3.04 ], "texture": "#yeesaur" },
				"west": { "uv": [ 8.96, 0.96, 11.04, 3.04 ], "texture": "#yeesaur" },
				"east": { "uv": [ 8.96, 0.96, 11.04, 3.04 ], "texture": "#yeesaur" }
			}
		},
		{
			"__comment": "Voxels-8F925F",
			"from": [ 11, 5.5, 2 ],
			"to": [ 11.5, 7, 2.5 ],
			"faces": {
				"north": { "uv": [ 4.96, 0.96, 7.04, 3.04 ], "texture": "#yeesaur" },
				"south": { "uv": [ 4.96, 0.96, 7.04, 3.04 ], "texture": "#yeesaur" }
			}
		},
		{
			"__comment": "Voxels-0F0F0F",
			"from": [ 11, 6, 2.5 ],
			"to": [ 11.5, 6.5, 8 ],
			"faces": {
				"down": { "uv": [ 12.96, 0.96, 15.04, 3.04 ], "texture": "#yeesaur" },
				"west": { "uv": [ 12.96, 0.96, 15.04, 3.04 ], "texture": "#yeesaur" },
				"east": { "uv": [ 12.96, 0.96, 15.04, 3.04 ], "texture": "#yeesaur" }
			}
		},
		{
			"__comment": "Voxels-353535",
			"from": [ 11, 6.5, 2.5 ],
			"to": [ 11.5, 7, 8 ],
			"faces": {
				"up": { "uv": [ 0.96, 4.96, 3.04, 7.04 ], "texture": "#yeesaur" },
				"west": { "uv": [ 0.96, 4.96, 3.04, 7.04 ], "texture": "#yeesaur" },
				"east": { "uv": [ 0.96, 4.96, 3.04, 7.04 ], "texture": "#yeesaur" }
			}
		},
		{
			"__comment": "Voxels-959863",
			"from": [ 11.5, 2.5, 1 ],
			"to": [ 12, 3, 1.5 ],
			"faces": {
				"down": { "uv": [ 8.96, 0.96, 11.04, 3.04 ], "texture": "#yeesaur" },
				"north": { "uv": [ 8.96, 0.96, 11.04, 3.04 ], "texture": "#yeesaur" },
				"east": { "uv": [ 8.96, 0.96, 11.04, 3.04 ], "texture": "#yeesaur" }
			}
		},
		{
			"__comment": "Voxels-8F925F",
			"from": [ 11.5, 3, 1.5 ],
			"to": [ 12, 3.5, 2 ],
			"faces": {
				"east": { "uv": [ 4.96, 0.96, 7.04, 3.04 ], "texture": "#yeesaur" }
			}
		},
		{
			"__comment": "Voxels-8F925F",
			"from": [ 11.5, 3.5, 1 ],
			"to": [ 12, 4.5, 1.5 ],
			"faces": {
				"north": { "uv": [ 4.96, 0.96, 7.04, 3.04 ], "texture": "#yeesaur" },
				"south": { "uv": [ 4.96, 0.96, 7.04, 3.04 ], "texture": "#yeesaur" },
				"west": { "uv": [ 4.96, 0.96, 7.04, 3.04 ], "texture": "#yeesaur" },
				"east": { "uv": [ 4.96, 0.96, 7.04, 3.04 ], "texture": "#yeesaur" }
			}
		},
		{
			"__comment": "Voxels-8F925F",
			"from": [ 11.5, 5, 1 ],
			"to": [ 12, 7, 1.5 ],
			"faces": {
				"north": { "uv": [ 4.96, 0.96, 7.04, 3.04 ], "texture": "#yeesaur" },
				"south": { "uv": [ 4.96, 0.96, 7.04, 3.04 ], "texture": "#yeesaur" },
				"west": { "uv": [ 4.96, 0.96, 7.04, 3.04 ], "texture": "#yeesaur" },
				"east": { "uv": [ 4.96, 0.96, 7.04, 3.04 ], "texture": "#yeesaur" }
			}
		},
		{
			"__comment": "Voxels-8F925F",
			"from": [ 11.5, 5.5, 1.5 ],
			"to": [ 12, 7, 2 ],
			"faces": {
				"west": { "uv": [ 4.96, 0.96, 7.04, 3.04 ], "texture": "#yeesaur" },
				"east": { "uv": [ 4.96, 0.96, 7.04, 3.04 ], "texture": "#yeesaur" }
			}
		},
		{
			"__comment": "Voxels-959863",
			"from": [ 11.5, 5.5, 2 ],
			"to": [ 12, 7, 2.5 ],
			"faces": {
				"south": { "uv": [ 8.96, 0.96, 11.04, 3.04 ], "texture": "#yeesaur" },
				"east": { "uv": [ 8.96, 0.96, 11.04, 3.04 ], "texture": "#yeesaur" }
			}
		}
	],
	"display": {
    "gui": {
        "rotation": [ 24, -45, 0 ],
        "translation": [ -0.45, 4.75, 0.00 ],
        "scale": [ 2.25, 2.25, 2.25 ]
    },
    "head": {
        "rotation": [ 0, 0, 0 ],
        "translation": [ -0.25, 3.75, 2.75 ],
        "scale": [ 2.25, 2.25, 2.25 ]
		}
	}
}