{
	"__comment": "Designed by Zeta with Cubik Studio - https://cubik.studio",
	"textures": {
		"particle": "blocks/e_particle",
		"texture": "items/shield"
	},
	"elements": [
		{
			"__comment": "Cube1",
			"from": [ 0.7, 3.4, 0.125 ],
			"to": [ 21.4, 5.2, 15.225 ],
			"rotation": { "origin": [ 20.5, 2.5, 0.125 ], "axis": "z", "angle": -45 },
			"faces": {
				"down": { "uv": [ 1.5, 12, 13, 11.5 ], "texture": "#texture", "rotation": 180 },
				"up": { "uv": [ 1.5, 12, 13, 12.5 ], "texture": "#texture", "rotation": 180 },
				"north": { "uv": [ 1.5, 12.5, 13, 11.5 ], "texture": "#texture" },
				"south": { "uv": [ 13, 12.5, 1.5, 11.5 ], "texture": "#texture" },
				"west": { "uv": [ 13, 12.5, 12.5, 11.5 ], "texture": "#texture" },
				"east": { "uv": [ 1.5, 11.5, 2, 12.5 ], "texture": "#texture", "rotation": 180 }
			}
		},
		{
			"__comment": "Cube2",
			"from": [ 1.6, 5.2, 0.125 ],
			"to": [ 21.4, 6.1, 15.225 ],
			"rotation": { "origin": [ 20.5, 2.5, 0.125 ], "axis": "z", "angle": -45 },
			"faces": {
				"down": { "uv": [ 1.5, 13, 12.5, 12.5 ], "texture": "#texture", "rotation": 180 },
				"up": { "uv": [ 1.5, 12.5, 12.5, 13 ], "texture": "#texture", "rotation": 180 },
				"north": { "uv": [ 1.5, 13, 12.5, 12.5 ], "texture": "#texture" },
				"south": { "uv": [ 12.5, 13, 1.5, 12.5 ], "texture": "#texture" },
				"west": { "uv": [ 12.5, 13, 12, 12.5 ], "texture": "#texture" },
				"east": { "uv": [ 1.5, 12.5, 2, 13 ], "texture": "#texture", "rotation": 180 }
			}
		},
		{
			"__comment": "Cube3",
			"from": [ -0.2, 2.5, 0.125 ],
			"to": [ 20.5, 3.4, 15.225 ],
			"rotation": { "origin": [ 20.5, 2.5, 0.125 ], "axis": "z", "angle": -45 },
			"faces": {
				"down": { "uv": [ 2, 11.5, 13.5, 11 ], "texture": "#texture", "rotation": 180 },
				"up": { "uv": [ 2, 11, 13.5, 11.5 ], "texture": "#texture", "rotation": 180 },
				"north": { "uv": [ 2, 11.5, 13.5, 11 ], "texture": "#texture" },
				"south": { "uv": [ 13.5, 11.5, 2, 11 ], "texture": "#texture" },
				"west": { "uv": [ 13.5, 11.5, 13, 11 ], "texture": "#texture" },
				"east": { "uv": [ 2, 11, 2.5, 11.5 ], "texture": "#texture", "rotation": 180 }
			}
		},
		{
			"__comment": "Cube4",
			"from": [ 2.5, 6.1, 0.125 ],
			"to": [ 20.5, 7, 15.225 ],
			"rotation": { "origin": [ 20.5, 2.5, 0.125 ], "axis": "z", "angle": -45 },
			"faces": {
				"down": { "uv": [ 2, 13.5, 12, 13 ], "texture": "#texture", "rotation": 180 },
				"up": { "uv": [ 2, 13, 12, 13.5 ], "texture": "#texture", "rotation": 180 },
				"north": { "uv": [ 2, 13.5, 12, 13 ], "texture": "#texture" },
				"south": { "uv": [ 12, 13.5, 2, 13 ], "texture": "#texture" },
				"west": { "uv": [ 12, 13.5, 11.5, 13 ], "texture": "#texture" },
				"east": { "uv": [ 2, 13, 2.5, 13.5 ], "texture": "#texture", "rotation": 180 }
			}
		},
		{
			"__comment": "Cube5",
			"from": [ -0.2, 1.6, 0.125 ],
			"to": [ 19.6, 2.5, 15.225 ],
			"rotation": { "origin": [ 20.5, 2.5, 0.125 ], "axis": "z", "angle": -45 },
			"faces": {
				"down": { "uv": [ 2.5, 11, 13.5, 10.5 ], "texture": "#texture", "rotation": 180 },
				"up": { "uv": [ 2.5, 10.5, 13.5, 11 ], "texture": "#texture", "rotation": 180 },
				"north": { "uv": [ 2.5, 11, 13.5, 10.5 ], "texture": "#texture" },
				"south": { "uv": [ 13.5, 11, 2.5, 10.5 ], "texture": "#texture" },
				"west": { "uv": [ 13.5, 11, 13, 10.5 ], "texture": "#texture" },
				"east": { "uv": [ 2.5, 10.5, 3, 11 ], "texture": "#texture", "rotation": 180 }
			}
		},
		{
			"__comment": "Cube6",
			"from": [ -1.1, 0.7, 0.125 ],
			"to": [ 18.7, 1.6, 15.225 ],
			"rotation": { "origin": [ 20.5, 2.5, 0.125 ], "axis": "z", "angle": -45 },
			"faces": {
				"down": { "uv": [ 3, 10.5, 14, 10 ], "texture": "#texture", "rotation": 180 },
				"up": { "uv": [ 3, 10, 14, 10.5 ], "texture": "#texture", "rotation": 180 },
				"north": { "uv": [ 3, 10.5, 14, 10 ], "texture": "#texture" },
				"south": { "uv": [ 14, 10.5, 3, 10 ], "texture": "#texture" },
				"west": { "uv": [ 14, 10.5, 13.5, 10 ], "texture": "#texture" },
				"east": { "uv": [ 3, 10, 3.5, 10.5 ], "texture": "#texture", "rotation": 180 }
			}
		},
		{
			"__comment": "Cube7",
			"from": [ 4.3, 7, 0.125 ],
			"to": [ 18.7, 7.9, 15.225 ],
			"rotation": { "origin": [ 20.5, 2.5, 0.125 ], "axis": "z", "angle": -45 },
			"faces": {
				"down": { "uv": [ 3, 14, 11, 13.5 ], "texture": "#texture", "rotation": 180 },
				"up": { "uv": [ 3, 13.5, 11, 14 ], "texture": "#texture", "rotation": 180 },
				"north": { "uv": [ 3, 14, 11, 13.5 ], "texture": "#texture" },
				"south": { "uv": [ 11, 14, 3, 13.5 ], "texture": "#texture" },
				"west": { "uv": [ 11, 14, 10.5, 13.5 ], "texture": "#texture" },
				"east": { "uv": [ 3, 13.5, 3.5, 14 ], "texture": "#texture", "rotation": 180 }
			}
		},
		{
			"__comment": "Cube8",
			"from": [ -1.1, -0.2, 0.125 ],
			"to": [ 17.8, 0.7, 15.225 ],
			"rotation": { "origin": [ 20.5, 2.5, 0.125 ], "axis": "z", "angle": -45 },
			"faces": {
				"down": { "uv": [ 3.5, 10, 14, 9.5 ], "texture": "#texture", "rotation": 180 },
				"up": { "uv": [ 3.5, 9.5, 14, 10 ], "texture": "#texture", "rotation": 180 },
				"north": { "uv": [ 3.5, 10, 14, 9.5 ], "texture": "#texture" },
				"south": { "uv": [ 14, 10, 3.5, 9.5 ], "texture": "#texture" },
				"west": { "uv": [ 14, 10, 13.5, 9.5 ], "texture": "#texture" },
				"east": { "uv": [ 3.5, 9.5, 4, 10 ], "texture": "#texture", "rotation": 180 }
			}
		},
		{
			"__comment": "Cube9",
			"from": [ -1.1, -1.1, 0.125 ],
			"to": [ 16.9, -0.2, 15.225 ],
			"rotation": { "origin": [ 20.5, 2.5, 0.125 ], "axis": "z", "angle": -45 },
			"faces": {
				"down": { "uv": [ 4, 9.5, 14, 9 ], "texture": "#texture", "rotation": 180 },
				"up": { "uv": [ 4, 9, 14, 9.5 ], "texture": "#texture", "rotation": 180 },
				"north": { "uv": [ 4, 9.5, 14, 9 ], "texture": "#texture" },
				"south": { "uv": [ 14, 9.5, 4, 9 ], "texture": "#texture" },
				"west": { "uv": [ 14, 9.5, 13.5, 9 ], "texture": "#texture" },
				"east": { "uv": [ 4, 9, 4.5, 9.5 ], "texture": "#texture", "rotation": 180 }
			}
		},
		{
			"__comment": "Cube10",
			"from": [ 6.1001, 7.9001, 0.125 ],
			"to": [ 16.9001, 8.800099, 15.225 ],
			"rotation": { "origin": [ 20.5, 2.5, 0.125 ], "axis": "z", "angle": -45 },
			"faces": {
				"down": { "uv": [ 4, 14.5, 10, 14 ], "texture": "#texture", "rotation": 180 },
				"up": { "uv": [ 4, 14, 10, 14.5 ], "texture": "#texture", "rotation": 180 },
				"north": { "uv": [ 4, 14.5, 10, 14 ], "texture": "#texture" },
				"south": { "uv": [ 10, 14.5, 4, 14 ], "texture": "#texture" },
				"west": { "uv": [ 10, 14.5, 9.5, 14 ], "texture": "#texture" },
				"east": { "uv": [ 4, 14, 4.5, 14.5 ], "texture": "#texture", "rotation": 180 }
			}
		},
		{
			"__comment": "Cube11",
			"from": [ -2, -2, 0.125 ],
			"to": [ 16, -1.1, 15.225 ],
			"rotation": { "origin": [ 20.5, 2.5, 0.125 ], "axis": "z", "angle": -45 },
			"faces": {
				"down": { "uv": [ 4.5, 9, 14.5, 8.5 ], "texture": "#texture", "rotation": 180 },
				"up": { "uv": [ 4.5, 8.5, 14.5, 9 ], "texture": "#texture", "rotation": 180 },
				"north": { "uv": [ 4.5, 9, 14.5, 8.5 ], "texture": "#texture" },
				"south": { "uv": [ 14.5, 9, 4.5, 8.5 ], "texture": "#texture" },
				"west": { "uv": [ 14.5, 9, 14, 8.5 ], "texture": "#texture" },
				"east": { "uv": [ 4.5, 8.5, 5, 9 ], "texture": "#texture", "rotation": 180 }
			}
		},
		{
			"__comment": "Cube12",
			"from": [ -2, -2.9, 0.125 ],
			"to": [ 15.1, -2, 15.225 ],
			"rotation": { "origin": [ 20.5, 2.5, 0.125 ], "axis": "z", "angle": -45 },
			"faces": {
				"down": { "uv": [ 5, 8.5, 14.5, 8 ], "texture": "#texture", "rotation": 180 },
				"up": { "uv": [ 5, 8, 14.5, 8.5 ], "texture": "#texture", "rotation": 180 },
				"north": { "uv": [ 5, 8.5, 14.5, 8 ], "texture": "#texture" },
				"south": { "uv": [ 14.5, 8.5, 5, 8 ], "texture": "#texture" },
				"west": { "uv": [ 14.5, 8.5, 14, 8 ], "texture": "#texture" },
				"east": { "uv": [ 5, 8, 5.5, 8.5 ], "texture": "#texture", "rotation": 180 }
			}
		},
		{
			"__comment": "Cube13",
			"from": [ -2, -3.8, 0.125 ],
			"to": [ 14.2, -2.9, 15.225 ],
			"rotation": { "origin": [ 20.5, 2.5, 0.125 ], "axis": "z", "angle": -45 },
			"faces": {
				"down": { "uv": [ 5.5, 8, 14.5, 7.5 ], "texture": "#texture", "rotation": 180 },
				"up": { "uv": [ 5.5, 7.5, 14.5, 8 ], "texture": "#texture", "rotation": 180 },
				"north": { "uv": [ 5.5, 8, 14.5, 7.5 ], "texture": "#texture" },
				"south": { "uv": [ 14.5, 8, 5.5, 7.5 ], "texture": "#texture" },
				"west": { "uv": [ 14.5, 8, 14, 7.5 ], "texture": "#texture" },
				"east": { "uv": [ 5.5, 7.5, 6, 8 ], "texture": "#texture", "rotation": 180 }
			}
		},
		{
			"__comment": "Cube14",
			"from": [ 8.800099, 8.800099, 0.125 ],
			"to": [ 14.2001, 9.700099, 15.225 ],
			"rotation": { "origin": [ 20.5, 2.5, 0.125 ], "axis": "z", "angle": -45 },
			"faces": {
				"down": { "uv": [ 5.5, 15, 8.5, 14.5 ], "texture": "#texture", "rotation": 180 },
				"up": { "uv": [ 5.5, 14.5, 8.5, 15 ], "texture": "#texture", "rotation": 180 },
				"north": { "uv": [ 5.5, 15, 8.5, 14.5 ], "texture": "#texture" },
				"south": { "uv": [ 8.5, 15, 5.5, 14.5 ], "texture": "#texture" },
				"west": { "uv": [ 8.5, 15, 8, 14.5 ], "texture": "#texture" },
				"east": { "uv": [ 5.5, 14.5, 6, 15 ], "texture": "#texture", "rotation": 180 }
			}
		},
		{
			"__comment": "Cube15",
			"from": [ -2.0001, -4.7, 0.125 ],
			"to": [ 13.2999, -3.8, 15.225 ],
			"rotation": { "origin": [ 20.5, 2.5, 0.125 ], "axis": "z", "angle": -45 },
			"faces": {
				"down": { "uv": [ 6, 7.5, 14.5, 7 ], "texture": "#texture", "rotation": 180 },
				"up": { "uv": [ 6, 7, 14.5, 7.5 ], "texture": "#texture", "rotation": 180 },
				"north": { "uv": [ 6, 7.5, 14.5, 7 ], "texture": "#texture" },
				"south": { "uv": [ 14.5, 7.5, 6, 7 ], "texture": "#texture" },
				"west": { "uv": [ 14.5, 7.5, 14, 7 ], "texture": "#texture" },
				"east": { "uv": [ 6, 7, 6.5, 7.5 ], "texture": "#texture", "rotation": 180 }
			}
		},
		{
			"__comment": "Cube16",
			"from": [ -2.0001, -5.6, 0.125 ],
			"to": [ 12.3999, -4.7, 15.225 ],
			"rotation": { "origin": [ 20.5, 2.5, 0.125 ], "axis": "z", "angle": -45 },
			"faces": {
				"down": { "uv": [ 6.5, 7, 14.5, 6.5 ], "texture": "#texture", "rotation": 180 },
				"up": { "uv": [ 6.5, 6.5, 14.5, 7 ], "texture": "#texture", "rotation": 180 },
				"north": { "uv": [ 6.5, 7, 14.5, 6.5 ], "texture": "#texture" },
				"south": { "uv": [ 14.5, 7, 6.5, 6.5 ], "texture": "#texture" },
				"west": { "uv": [ 14.5, 7, 14, 6.5 ], "texture": "#texture" },
				"east": { "uv": [ 6.5, 6.5, 7, 7 ], "texture": "#texture", "rotation": 180 }
			}
		},
		{
			"__comment": "Cube17",
			"from": [ -2.0001, -6.5, 0.125 ],
			"to": [ 11.4999, -5.6, 15.225 ],
			"rotation": { "origin": [ 20.5, 2.5, 0.125 ], "axis": "z", "angle": -45 },
			"faces": {
				"down": { "uv": [ 7, 6.5, 14.5, 6 ], "texture": "#texture", "rotation": 180 },
				"up": { "uv": [ 7, 6, 14.5, 6.5 ], "texture": "#texture", "rotation": 180 },
				"north": { "uv": [ 7, 6.5, 14.5, 6 ], "texture": "#texture" },
				"south": { "uv": [ 14.5, 6.5, 7, 6 ], "texture": "#texture" },
				"west": { "uv": [ 14.5, 6.5, 14, 6 ], "texture": "#texture" },
				"east": { "uv": [ 7, 6, 7.5, 6.5 ], "texture": "#texture", "rotation": 180 }
			}
		},
		{
			"__comment": "Cube18",
			"from": [ -2.0001, -7.4, 0.125 ],
			"to": [ 10.5999, -6.5, 15.225 ],
			"rotation": { "origin": [ 20.5, 2.5, 0.125 ], "axis": "z", "angle": -45 },
			"faces": {
				"down": { "uv": [ 7.5, 6, 14.5, 5.5 ], "texture": "#texture", "rotation": 180 },
				"up": { "uv": [ 7.5, 5.5, 14.5, 6 ], "texture": "#texture", "rotation": 180 },
				"north": { "uv": [ 7.5, 6, 14.5, 5.5 ], "texture": "#texture" },
				"south": { "uv": [ 14.5, 6, 7.5, 5.5 ], "texture": "#texture" },
				"west": { "uv": [ 14.5, 6, 14, 5.5 ], "texture": "#texture" },
				"east": { "uv": [ 7.5, 5.5, 8, 6 ], "texture": "#texture", "rotation": 180 }
			}
		},
		{
			"__comment": "Cube19",
			"from": [ -2, -8.3, 0.125 ],
			"to": [ 9.7, -7.4, 15.225 ],
			"rotation": { "origin": [ 20.5, 2.5, 0.125 ], "axis": "z", "angle": -45 },
			"faces": {
				"down": { "uv": [ 8, 5.5, 14.5, 5 ], "texture": "#texture", "rotation": 180 },
				"up": { "uv": [ 8, 5, 14.5, 5.5 ], "texture": "#texture", "rotation": 180 },
				"north": { "uv": [ 8, 5.5, 14.5, 5 ], "texture": "#texture" },
				"south": { "uv": [ 14.5, 5.5, 8, 5 ], "texture": "#texture" },
				"west": { "uv": [ 14.5, 5.5, 14, 5 ], "texture": "#texture" },
				"east": { "uv": [ 8, 5, 8.5, 5.5 ], "texture": "#texture", "rotation": 180 }
			}
		},
		{
			"__comment": "Cube20",
			"from": [ -1.1002, -9.2, 0.125 ],
			"to": [ 8.7998, -8.3, 15.225 ],
			"rotation": { "origin": [ 20.5, 2.5, 0.125 ], "axis": "z", "angle": -45 },
			"faces": {
				"down": { "uv": [ 8.5, 5, 14, 4.5 ], "texture": "#texture", "rotation": 180 },
				"up": { "uv": [ 8.5, 4.5, 14, 5 ], "texture": "#texture", "rotation": 180 },
				"north": { "uv": [ 8.5, 5, 14, 4.5 ], "texture": "#texture" },
				"south": { "uv": [ 14, 5, 8.5, 4.5 ], "texture": "#texture" },
				"west": { "uv": [ 14, 5, 13.5, 4.5 ], "texture": "#texture" },
				"east": { "uv": [ 8.5, 4.5, 9, 5 ], "texture": "#texture", "rotation": 180 }
			}
		},
		{
			"__comment": "Cube21",
			"from": [ -1.1002, -10.1, 0.125 ],
			"to": [ 7.8998, -9.2, 15.225 ],
			"rotation": { "origin": [ 20.5, 2.5, 0.125 ], "axis": "z", "angle": -45 },
			"faces": {
				"down": { "uv": [ 9, 4.5, 14, 4 ], "texture": "#texture", "rotation": 180 },
				"up": { "uv": [ 9, 4, 14, 4.5 ], "texture": "#texture", "rotation": 180 },
				"north": { "uv": [ 9, 4.5, 14, 4 ], "texture": "#texture" },
				"south": { "uv": [ 14, 4.5, 9, 4 ], "texture": "#texture" },
				"west": { "uv": [ 14, 4.5, 13.5, 4 ], "texture": "#texture" },
				"east": { "uv": [ 9, 4, 9.5, 4.5 ], "texture": "#texture", "rotation": 180 }
			}
		},
		{
			"__comment": "Cube22",
			"from": [ -0.2002, -11, 0.125 ],
			"to": [ 6.9998, -10.1, 15.225 ],
			"rotation": { "origin": [ 20.5, 2.5, 0.125 ], "axis": "z", "angle": -45 },
			"faces": {
				"down": { "uv": [ 9.5, 4, 13.5, 3.5 ], "texture": "#texture", "rotation": 180 },
				"up": { "uv": [ 9.5, 3.5, 13.5, 4 ], "texture": "#texture", "rotation": 180 },
				"north": { "uv": [ 9.5, 4, 13.5, 3.5 ], "texture": "#texture" },
				"south": { "uv": [ 13.5, 4, 9.5, 3.5 ], "texture": "#texture" },
				"west": { "uv": [ 13.5, 4, 13, 3.5 ], "texture": "#texture" },
				"east": { "uv": [ 9.5, 3.5, 10, 4 ], "texture": "#texture", "rotation": 180 }
			}
		},
		{
			"__comment": "Cube23",
			"from": [ -0.2002, -11.9, 0.125 ],
			"to": [ 6.0998, -11, 15.225 ],
			"rotation": { "origin": [ 20.5, 2.5, 0.125 ], "axis": "z", "angle": -45 },
			"faces": {
				"down": { "uv": [ 10, 3.5, 13.5, 3 ], "texture": "#texture", "rotation": 180 },
				"up": { "uv": [ 10, 3, 13.5, 3.5 ], "texture": "#texture", "rotation": 180 },
				"north": { "uv": [ 10, 3.5, 13.5, 3 ], "texture": "#texture" },
				"south": { "uv": [ 13.5, 3.5, 10, 3 ], "texture": "#texture" },
				"west": { "uv": [ 13.5, 3.5, 13, 3 ], "texture": "#texture" },
				"east": { "uv": [ 10, 3, 10.5, 3.5 ], "texture": "#texture", "rotation": 180 }
			}
		},
		{
			"__comment": "Cube24",
			"from": [ 0.6998, -12.7999, 0.125 ],
			"to": [ 5.1998, -11.8999, 15.225 ],
			"rotation": { "origin": [ 20.5, 2.5, 0.125 ], "axis": "z", "angle": -45 },
			"faces": {
				"down": { "uv": [ 10.5, 3, 13, 2.5 ], "texture": "#texture", "rotation": 180 },
				"up": { "uv": [ 10.5, 2.5, 13, 3 ], "texture": "#texture", "rotation": 180 },
				"north": { "uv": [ 10.5, 3, 13, 2.5 ], "texture": "#texture" },
				"south": { "uv": [ 13, 3, 10.5, 2.5 ], "texture": "#texture" },
				"west": { "uv": [ 13, 3, 12.5, 2.5 ], "texture": "#texture" },
				"east": { "uv": [ 10.5, 2.5, 11, 3 ], "texture": "#texture", "rotation": 180 }
			}
		},
		{
			"__comment": "Cube25",
			"from": [ 1.5998, -13.7, 0.125 ],
			"to": [ 4.2998, -12.8, 15.225 ],
			"rotation": { "origin": [ 20.5, 2.5, 0.125 ], "axis": "z", "angle": -45 },
			"faces": {
				"down": { "uv": [ 11, 2.5, 12.5, 2 ], "texture": "#texture", "rotation": 180 },
				"up": { "uv": [ 11, 2, 12.5, 2.5 ], "texture": "#texture", "rotation": 180 },
				"north": { "uv": [ 11, 2.5, 12.5, 2 ], "texture": "#texture" },
				"south": { "uv": [ 12.5, 2.5, 11, 2 ], "texture": "#texture" },
				"west": { "uv": [ 12.5, 2.5, 12, 2 ], "texture": "#texture" },
				"east": { "uv": [ 11, 2, 11.5, 2.5 ], "texture": "#texture", "rotation": 180 }
			}
		}
	]
}