{
	"__comment": "Designed by Zeta with Cubik Studio - https://cubik.studio",
	"textures": {
		"particle": "blocks/e_particle",
		"texture": "blocks/e_texture",
		"shield": "items/shield"
	},
	"elements": [
		{
			"__comment": "Cube1",
			"from": [ 1.625, 0.125, 2.7499 ],
			"to": [ 13.125, 1.125, 3.7499 ],
			"faces": {
				"down": { "uv": [ 1.5, 12.5, 13, 11.5 ], "texture": "#shield", "rotation": 180 },
				"up": { "uv": [ 1.5, 11.5, 13, 12.5 ], "texture": "#shield", "rotation": 180 },
				"north": { "uv": [ 1.5, 12, 13, 12.5 ], "texture": "#shield" },
				"south": { "uv": [ 13, 11.5, 1.5, 12 ], "texture": "#shield" },
				"west": { "uv": [ 13, 12.5, 12.5, 11.5 ], "texture": "#shield", "rotation": 270 },
				"east": { "uv": [ 1.5, 11.5, 2, 12.5 ], "texture": "#shield", "rotation": 270 }
			}
		},
		{
			"__comment": "Cube2",
			"from": [ 2.125, 0.125, 2.2498 ],
			"to": [ 13.125, 1.125, 2.7498 ],
			"faces": {
				"down": { "uv": [ 1.5, 13, 12.5, 12.5 ], "texture": "#shield", "rotation": 180 },
				"up": { "uv": [ 1.5, 12.5, 12.5, 13 ], "texture": "#shield", "rotation": 180 },
				"north": { "uv": [ 1.5, 12.5, 12.5, 13 ], "texture": "#shield" },
				"south": { "uv": [ 12.5, 12.5, 1.5, 13 ], "texture": "#shield" },
				"west": { "uv": [ 12.5, 13, 12, 12.5 ], "texture": "#shield", "rotation": 270 },
				"east": { "uv": [ 1.5, 12.5, 2, 13 ], "texture": "#shield", "rotation": 270 }
			}
		},
		{
			"__comment": "Cube3",
			"from": [ 1.125, 0.125, 3.7499 ],
			"to": [ 12.625, 1.125, 4.2499 ],
			"faces": {
				"down": { "uv": [ 2, 11.5, 13.5, 11 ], "texture": "#shield", "rotation": 180 },
				"up": { "uv": [ 2, 11, 13.5, 11.5 ], "texture": "#shield", "rotation": 180 },
				"north": { "uv": [ 2, 11, 13.5, 11.5 ], "texture": "#shield" },
				"south": { "uv": [ 13.5, 11, 2, 11.5 ], "texture": "#shield" },
				"west": { "uv": [ 13.5, 11.5, 13, 11 ], "texture": "#shield", "rotation": 270 },
				"east": { "uv": [ 2, 11, 2.5, 11.5 ], "texture": "#shield", "rotation": 270 }
			}
		},
		{
			"__comment": "Cube4",
			"from": [ 2.625, 0.125, 1.7498 ],
			"to": [ 12.625, 1.125, 2.2498 ],
			"faces": {
				"down": { "uv": [ 2, 13.5, 12, 13 ], "texture": "#shield", "rotation": 180 },
				"up": { "uv": [ 2, 13, 12, 13.5 ], "texture": "#shield", "rotation": 180 },
				"north": { "uv": [ 2, 13, 12, 13.5 ], "texture": "#shield" },
				"south": { "uv": [ 12, 13, 2, 13.5 ], "texture": "#shield" },
				"west": { "uv": [ 12, 13.5, 11.5, 13 ], "texture": "#shield", "rotation": 270 },
				"east": { "uv": [ 2, 13, 2.5, 13.5 ], "texture": "#shield", "rotation": 270 }
			}
		},
		{
			"__comment": "Cube5",
			"from": [ 1.125, 0.125, 4.2499 ],
			"to": [ 12.125, 1.125, 4.7499 ],
			"faces": {
				"down": { "uv": [ 2.5, 11, 13.5, 10.5 ], "texture": "#shield", "rotation": 180 },
				"up": { "uv": [ 2.5, 10.5, 13.5, 11 ], "texture": "#shield", "rotation": 180 },
				"north": { "uv": [ 2.5, 10.5, 13.5, 11 ], "texture": "#shield" },
				"south": { "uv": [ 13.5, 10.5, 2.5, 11 ], "texture": "#shield" },
				"west": { "uv": [ 13.5, 11, 13, 10.5 ], "texture": "#shield", "rotation": 270 },
				"east": { "uv": [ 2.5, 10.5, 3, 11 ], "texture": "#shield", "rotation": 270 }
			}
		},
		{
			"__comment": "Cube6",
			"from": [ 0.625, 0.125, 4.7499 ],
			"to": [ 11.625, 1.125, 5.2499 ],
			"faces": {
				"down": { "uv": [ 3, 10.5, 14, 10 ], "texture": "#shield", "rotation": 180 },
				"up": { "uv": [ 3, 10, 14, 10.5 ], "texture": "#shield", "rotation": 180 },
				"north": { "uv": [ 3, 10, 14, 10.5 ], "texture": "#shield" },
				"south": { "uv": [ 14, 10, 3, 10.5 ], "texture": "#shield" },
				"west": { "uv": [ 14, 10.5, 13.5, 10 ], "texture": "#shield", "rotation": 270 },
				"east": { "uv": [ 3, 10, 3.5, 10.5 ], "texture": "#shield", "rotation": 270 }
			}
		},
		{
			"__comment": "Cube7",
			"from": [ 3.6249, 0.125, 1.2499 ],
			"to": [ 11.6249, 1.125, 1.7499 ],
			"faces": {
				"down": { "uv": [ 3, 14, 11, 13.5 ], "texture": "#shield", "rotation": 180 },
				"up": { "uv": [ 3, 13.5, 11, 14 ], "texture": "#shield", "rotation": 180 },
				"north": { "uv": [ 3, 13.5, 11, 14 ], "texture": "#shield" },
				"south": { "uv": [ 11, 13.5, 3, 14 ], "texture": "#shield" },
				"west": { "uv": [ 11, 14, 10.5, 13.5 ], "texture": "#shield", "rotation": 270 },
				"east": { "uv": [ 3, 13.5, 3.5, 14 ], "texture": "#shield", "rotation": 270 }
			}
		},
		{
			"__comment": "Cube8",
			"from": [ 0.625, 0.125, 5.2499 ],
			"to": [ 11.125, 1.125, 5.7499 ],
			"faces": {
				"down": { "uv": [ 3.5, 10, 14, 9.5 ], "texture": "#shield", "rotation": 180 },
				"up": { "uv": [ 3.5, 9.5, 14, 10 ], "texture": "#shield", "rotation": 180 },
				"north": { "uv": [ 3.5, 9.5, 14, 10 ], "texture": "#shield" },
				"south": { "uv": [ 14, 9.5, 3.5, 10 ], "texture": "#shield" },
				"west": { "uv": [ 14, 10, 13.5, 9.5 ], "texture": "#shield", "rotation": 270 },
				"east": { "uv": [ 3.5, 9.5, 4, 10 ], "texture": "#shield", "rotation": 270 }
			}
		},
		{
			"__comment": "Cube9",
			"from": [ 0.625, 0.125, 5.7499 ],
			"to": [ 10.625, 1.125, 6.2499 ],
			"faces": {
				"down": { "uv": [ 4, 9.5, 14, 9 ], "texture": "#shield", "rotation": 180 },
				"up": { "uv": [ 4, 9, 14, 9.5 ], "texture": "#shield", "rotation": 180 },
				"north": { "uv": [ 4, 9, 14, 9.5 ], "texture": "#shield" },
				"south": { "uv": [ 14, 9, 4, 9.5 ], "texture": "#shield" },
				"west": { "uv": [ 14, 9.5, 13.5, 9 ], "texture": "#shield", "rotation": 270 },
				"east": { "uv": [ 4, 9, 4.5, 9.5 ], "texture": "#shield", "rotation": 270 }
			}
		},
		{
			"__comment": "Cube10",
			"from": [ 4.6249, 0.125, 0.7499 ],
			"to": [ 10.6249, 1.125, 1.2499 ],
			"faces": {
				"down": { "uv": [ 4, 14.5, 10, 14 ], "texture": "#shield", "rotation": 180 },
				"up": { "uv": [ 4, 14, 10, 14.5 ], "texture": "#shield", "rotation": 180 },
				"north": { "uv": [ 4, 14, 10, 14.5 ], "texture": "#shield" },
				"south": { "uv": [ 10, 14, 4, 14.5 ], "texture": "#shield" },
				"west": { "uv": [ 10, 14.5, 9.5, 14 ], "texture": "#shield", "rotation": 270 },
				"east": { "uv": [ 4, 14, 4.5, 14.5 ], "texture": "#shield", "rotation": 270 }
			}
		},
		{
			"__comment": "Cube11",
			"from": [ 0.125, 0.125, 6.2499 ],
			"to": [ 10.125, 1.125, 6.7499 ],
			"faces": {
				"down": { "uv": [ 4.5, 9, 14.5, 8.5 ], "texture": "#shield", "rotation": 180 },
				"up": { "uv": [ 4.5, 8.5, 14.5, 9 ], "texture": "#shield", "rotation": 180 },
				"north": { "uv": [ 4.5, 8.5, 14.5, 9 ], "texture": "#shield" },
				"south": { "uv": [ 14.5, 8.5, 4.5, 9 ], "texture": "#shield" },
				"west": { "uv": [ 14.5, 9, 14, 8.5 ], "texture": "#shield", "rotation": 270 },
				"east": { "uv": [ 4.5, 8.5, 5, 9 ], "texture": "#shield", "rotation": 270 }
			}
		},
		{
			"__comment": "Cube12",
			"from": [ 0.125, 0.125, 6.7499 ],
			"to": [ 9.625, 1.125, 7.2499 ],
			"faces": {
				"down": { "uv": [ 5, 8.5, 14.5, 8 ], "texture": "#shield", "rotation": 180 },
				"up": { "uv": [ 5, 8, 14.5, 8.5 ], "texture": "#shield", "rotation": 180 },
				"north": { "uv": [ 5, 8, 14.5, 8.5 ], "texture": "#shield" },
				"south": { "uv": [ 14.5, 8, 5, 8.5 ], "texture": "#shield" },
				"west": { "uv": [ 14.5, 8.5, 14, 8 ], "texture": "#shield", "rotation": 270 },
				"east": { "uv": [ 5, 8, 5.5, 8.5 ], "texture": "#shield", "rotation": 270 }
			}
		},
		{
			"__comment": "Cube13",
			"from": [ 0.125, 0.125, 7.2499 ],
			"to": [ 9.125, 1.125, 7.7499 ],
			"faces": {
				"down": { "uv": [ 5.5, 8, 14.5, 7.5 ], "texture": "#shield", "rotation": 180 },
				"up": { "uv": [ 5.5, 7.5, 14.5, 8 ], "texture": "#shield", "rotation": 180 },
				"north": { "uv": [ 5.5, 7.5, 14.5, 8 ], "texture": "#shield" },
				"south": { "uv": [ 14.5, 7.5, 5.5, 8 ], "texture": "#shield" },
				"west": { "uv": [ 14.5, 8, 14, 7.5 ], "texture": "#shield", "rotation": 270 },
				"east": { "uv": [ 5.5, 7.5, 6, 8 ], "texture": "#shield", "rotation": 270 }
			}
		},
		{
			"__comment": "Cube14",
			"from": [ 6.1249, 0.125, 0.2499 ],
			"to": [ 9.1249, 1.125, 0.7499 ],
			"faces": {
				"down": { "uv": [ 5.5, 15, 8.5, 14.5 ], "texture": "#shield", "rotation": 180 },
				"up": { "uv": [ 5.5, 14.5, 8.5, 15 ], "texture": "#shield", "rotation": 180 },
				"north": { "uv": [ 5.5, 14.5, 8.5, 15 ], "texture": "#shield" },
				"south": { "uv": [ 8.5, 14.5, 5.5, 15 ], "texture": "#shield" },
				"west": { "uv": [ 8.5, 15, 8, 14.5 ], "texture": "#shield", "rotation": 270 },
				"east": { "uv": [ 5.5, 14.5, 6, 15 ], "texture": "#shield", "rotation": 270 }
			}
		},
		{
			"__comment": "Cube15",
			"from": [ 0.125, 0.125, 7.75 ],
			"to": [ 8.625, 1.125, 8.25 ],
			"faces": {
				"down": { "uv": [ 6, 7.5, 14.5, 7 ], "texture": "#shield", "rotation": 180 },
				"up": { "uv": [ 6, 7, 14.5, 7.5 ], "texture": "#shield", "rotation": 180 },
				"north": { "uv": [ 6, 7, 14.5, 7.5 ], "texture": "#shield" },
				"south": { "uv": [ 14.5, 7, 6, 7.5 ], "texture": "#shield" },
				"west": { "uv": [ 14.5, 7.5, 14, 7 ], "texture": "#shield", "rotation": 270 },
				"east": { "uv": [ 6, 7, 6.5, 7.5 ], "texture": "#shield", "rotation": 270 }
			}
		},
		{
			"__comment": "Cube16",
			"from": [ 0.125, 0.125, 8.25 ],
			"to": [ 8.125, 1.125, 8.75 ],
			"faces": {
				"down": { "uv": [ 6.5, 7, 14.5, 6.5 ], "texture": "#shield", "rotation": 180 },
				"up": { "uv": [ 6.5, 6.5, 14.5, 7 ], "texture": "#shield", "rotation": 180 },
				"north": { "uv": [ 6.5, 6.5, 14.5, 7 ], "texture": "#shield" },
				"south": { "uv": [ 14.5, 6.5, 6.5, 7 ], "texture": "#shield" },
				"west": { "uv": [ 14.5, 7, 14, 6.5 ], "texture": "#shield", "rotation": 270 },
				"east": { "uv": [ 6.5, 6.5, 7, 7 ], "texture": "#shield", "rotation": 270 }
			}
		},
		{
			"__comment": "Cube17",
			"from": [ 0.125, 0.125, 8.75 ],
			"to": [ 7.625, 1.125, 9.25 ],
			"faces": {
				"down": { "uv": [ 7, 6.5, 14.5, 6 ], "texture": "#shield", "rotation": 180 },
				"up": { "uv": [ 7, 6, 14.5, 6.5 ], "texture": "#shield", "rotation": 180 },
				"north": { "uv": [ 7, 6, 14.5, 6.5 ], "texture": "#shield" },
				"south": { "uv": [ 14.5, 6, 7, 6.5 ], "texture": "#shield" },
				"west": { "uv": [ 14.5, 6.5, 14, 6 ], "texture": "#shield", "rotation": 270 },
				"east": { "uv": [ 7, 6, 7.5, 6.5 ], "texture": "#shield", "rotation": 270 }
			}
		},
		{
			"__comment": "Cube18",
			"from": [ 0.125, 0.125, 9.25 ],
			"to": [ 7.125, 1.125, 9.75 ],
			"faces": {
				"down": { "uv": [ 7.5, 6, 14.5, 5.5 ], "texture": "#shield", "rotation": 180 },
				"up": { "uv": [ 7.5, 5.5, 14.5, 6 ], "texture": "#shield", "rotation": 180 },
				"north": { "uv": [ 7.5, 5.5, 14.5, 6 ], "texture": "#shield" },
				"south": { "uv": [ 14.5, 5.5, 7.5, 6 ], "texture": "#shield" },
				"west": { "uv": [ 14.5, 6, 14, 5.5 ], "texture": "#shield", "rotation": 270 },
				"east": { "uv": [ 7.5, 5.5, 8, 6 ], "texture": "#shield", "rotation": 270 }
			}
		},
		{
			"__comment": "Cube19",
			"from": [ 0.125, 0.125, 9.75 ],
			"to": [ 6.625, 1.125, 10.25 ],
			"faces": {
				"down": { "uv": [ 8, 5.5, 14.5, 5 ], "texture": "#shield", "rotation": 180 },
				"up": { "uv": [ 8, 5, 14.5, 5.5 ], "texture": "#shield", "rotation": 180 },
				"north": { "uv": [ 8, 5, 14.5, 5.5 ], "texture": "#shield" },
				"south": { "uv": [ 14.5, 5, 8, 5.5 ], "texture": "#shield" },
				"west": { "uv": [ 14.5, 5.5, 14, 5 ], "texture": "#shield", "rotation": 270 },
				"east": { "uv": [ 8, 5, 8.5, 5.5 ], "texture": "#shield", "rotation": 270 }
			}
		},
		{
			"__comment": "Cube20",
			"from": [ 0.625, 0.125, 10.25 ],
			"to": [ 6.125, 1.125, 10.75 ],
			"faces": {
				"down": { "uv": [ 8.5, 5, 14, 4.5 ], "texture": "#shield", "rotation": 180 },
				"up": { "uv": [ 8.5, 4.5, 14, 5 ], "texture": "#shield", "rotation": 180 },
				"north": { "uv": [ 8.5, 4.5, 14, 5 ], "texture": "#shield" },
				"south": { "uv": [ 14, 4.5, 8.5, 5 ], "texture": "#shield" },
				"west": { "uv": [ 14, 5, 13.5, 4.5 ], "texture": "#shield", "rotation": 270 },
				"east": { "uv": [ 8.5, 4.5, 9, 5 ], "texture": "#shield", "rotation": 270 }
			}
		},
		{
			"__comment": "Cube21",
			"from": [ 0.625, 0.125, 10.75 ],
			"to": [ 5.625, 1.125, 11.25 ],
			"faces": {
				"down": { "uv": [ 9, 4.5, 14, 4 ], "texture": "#shield", "rotation": 180 },
				"up": { "uv": [ 9, 4, 14, 4.5 ], "texture": "#shield", "rotation": 180 },
				"north": { "uv": [ 9, 4, 14, 4.5 ], "texture": "#shield" },
				"south": { "uv": [ 14, 4, 9, 4.5 ], "texture": "#shield" },
				"west": { "uv": [ 14, 4.5, 13.5, 4 ], "texture": "#shield", "rotation": 270 },
				"east": { "uv": [ 9, 4, 9.5, 4.5 ], "texture": "#shield", "rotation": 270 }
			}
		},
		{
			"__comment": "Cube22",
			"from": [ 1.125, 0.125, 11.25 ],
			"to": [ 5.125, 1.125, 11.75 ],
			"faces": {
				"down": { "uv": [ 9.5, 4, 13.5, 3.5 ], "texture": "#shield", "rotation": 180 },
				"up": { "uv": [ 9.5, 3.5, 13.5, 4 ], "texture": "#shield", "rotation": 180 },
				"north": { "uv": [ 9.5, 3.5, 13.5, 4 ], "texture": "#shield" },
				"south": { "uv": [ 13.5, 3.5, 9.5, 4 ], "texture": "#shield" },
				"west": { "uv": [ 13.5, 4, 13, 3.5 ], "texture": "#shield", "rotation": 270 },
				"east": { "uv": [ 9.5, 3.5, 10, 4 ], "texture": "#shield", "rotation": 270 }
			}
		},
		{
			"__comment": "Cube23",
			"from": [ 1.125, 0.125, 11.75 ],
			"to": [ 4.625, 1.125, 12.25 ],
			"faces": {
				"down": { "uv": [ 10, 3.5, 13.5, 3 ], "texture": "#shield", "rotation": 180 },
				"up": { "uv": [ 10, 3, 13.5, 3.5 ], "texture": "#shield", "rotation": 180 },
				"north": { "uv": [ 10, 3, 13.5, 3.5 ], "texture": "#shield" },
				"south": { "uv": [ 13.5, 3, 10, 3.5 ], "texture": "#shield" },
				"west": { "uv": [ 13.5, 3.5, 13, 3 ], "texture": "#shield", "rotation": 270 },
				"east": { "uv": [ 10, 3, 10.5, 3.5 ], "texture": "#shield", "rotation": 270 }
			}
		},
		{
			"__comment": "Cube24",
			"from": [ 1.625, 0.125, 12.25 ],
			"to": [ 4.125, 1.125, 12.75 ],
			"faces": {
				"down": { "uv": [ 10.5, 3, 13, 2.5 ], "texture": "#shield", "rotation": 180 },
				"up": { "uv": [ 10.5, 2.5, 13, 3 ], "texture": "#shield", "rotation": 180 },
				"north": { "uv": [ 10.5, 2.5, 13, 3 ], "texture": "#shield" },
				"south": { "uv": [ 13, 2.5, 10.5, 3 ], "texture": "#shield" },
				"west": { "uv": [ 13, 3, 12.5, 2.5 ], "texture": "#shield", "rotation": 270 },
				"east": { "uv": [ 10.5, 2.5, 11, 3 ], "texture": "#shield", "rotation": 270 }
			}
		},
		{
			"__comment": "Cube25",
			"from": [ 2.125, 0.125, 12.75 ],
			"to": [ 3.625, 1.125, 13.25 ],
			"faces": {
				"down": { "uv": [ 11, 2.5, 12.5, 2 ], "texture": "#shield", "rotation": 180 },
				"up": { "uv": [ 11, 2, 12.5, 2.5 ], "texture": "#shield", "rotation": 180 },
				"north": { "uv": [ 11, 2, 12.5, 2.5 ], "texture": "#shield" },
				"south": { "uv": [ 12.5, 2, 11, 2.5 ], "texture": "#shield" },
				"west": { "uv": [ 12.5, 2.5, 12, 2 ], "texture": "#shield", "rotation": 270 },
				"east": { "uv": [ 11, 2, 11.5, 2.5 ], "texture": "#shield", "rotation": 270 }
			}
		},
		{
			"__comment": "Cube26",
			"from": [ 2.75, 0.125, 12.25 ],
			"to": [ 14.25, 1.125, 13.25 ],
			"faces": {
				"down": { "uv": [ 1.5, 12.5, 13, 11.5 ], "texture": "#shield" },
				"up": { "uv": [ 1.5, 11.5, 13, 12.5 ], "texture": "#shield" },
				"north": { "uv": [ 13, 11.5, 1.5, 12 ], "texture": "#shield" },
				"south": { "uv": [ 1.5, 12, 13, 12.5 ], "texture": "#shield" },
				"west": { "uv": [ 1.5, 11.5, 2, 12.5 ], "texture": "#shield", "rotation": 270 },
				"east": { "uv": [ 13, 12.5, 12.5, 11.5 ], "texture": "#shield", "rotation": 270 }
			}
		},
		{
			"__comment": "Cube27",
			"from": [ 2.75, 0.125, 13.25 ],
			"to": [ 13.75, 1.125, 13.75 ],
			"faces": {
				"down": { "uv": [ 1.5, 13, 12.5, 12.5 ], "texture": "#shield" },
				"up": { "uv": [ 1.5, 12.5, 12.5, 13 ], "texture": "#shield" },
				"north": { "uv": [ 12.5, 12.5, 1.5, 13 ], "texture": "#shield" },
				"south": { "uv": [ 1.5, 12.5, 12.5, 13 ], "texture": "#shield" },
				"west": { "uv": [ 1.5, 12.5, 2, 13 ], "texture": "#shield", "rotation": 270 },
				"east": { "uv": [ 12.5, 13, 12, 12.5 ], "texture": "#shield", "rotation": 270 }
			}
		},
		{
			"__comment": "Cube28",
			"from": [ 3.25, 0.125, 11.75 ],
			"to": [ 14.75, 1.125, 12.25 ],
			"faces": {
				"down": { "uv": [ 2, 11.5, 13.5, 11 ], "texture": "#shield" },
				"up": { "uv": [ 2, 11, 13.5, 11.5 ], "texture": "#shield" },
				"north": { "uv": [ 13.5, 11, 2, 11.5 ], "texture": "#shield" },
				"south": { "uv": [ 2, 11, 13.5, 11.5 ], "texture": "#shield" },
				"west": { "uv": [ 2, 11, 2.5, 11.5 ], "texture": "#shield", "rotation": 270 },
				"east": { "uv": [ 13.5, 11.5, 13, 11 ], "texture": "#shield", "rotation": 270 }
			}
		},
		{
			"__comment": "Cube29",
			"from": [ 3.25, 0.125, 13.75 ],
			"to": [ 13.25, 1.125, 14.25 ],
			"faces": {
				"down": { "uv": [ 2, 13.5, 12, 13 ], "texture": "#shield" },
				"up": { "uv": [ 2, 13, 12, 13.5 ], "texture": "#shield" },
				"north": { "uv": [ 12, 13, 2, 13.5 ], "texture": "#shield" },
				"south": { "uv": [ 2, 13, 12, 13.5 ], "texture": "#shield" },
				"west": { "uv": [ 2, 13, 2.5, 13.5 ], "texture": "#shield", "rotation": 270 },
				"east": { "uv": [ 12, 13.5, 11.5, 13 ], "texture": "#shield", "rotation": 270 }
			}
		},
		{
			"__comment": "Cube30",
			"from": [ 3.75, 0.125, 11.25 ],
			"to": [ 14.75, 1.125, 11.75 ],
			"faces": {
				"down": { "uv": [ 2.5, 11, 13.5, 10.5 ], "texture": "#shield" },
				"up": { "uv": [ 2.5, 10.5, 13.5, 11 ], "texture": "#shield" },
				"north": { "uv": [ 13.5, 10.5, 2.5, 11 ], "texture": "#shield" },
				"south": { "uv": [ 2.5, 10.5, 13.5, 11 ], "texture": "#shield" },
				"west": { "uv": [ 2.5, 10.5, 3, 11 ], "texture": "#shield", "rotation": 270 },
				"east": { "uv": [ 13.5, 11, 13, 10.5 ], "texture": "#shield", "rotation": 270 }
			}
		},
		{
			"__comment": "Cube31",
			"from": [ 4.25, 0.125, 10.75 ],
			"to": [ 15.25, 1.125, 11.25 ],
			"faces": {
				"down": { "uv": [ 3, 10.5, 14, 10 ], "texture": "#shield" },
				"up": { "uv": [ 3, 10, 14, 10.5 ], "texture": "#shield" },
				"north": { "uv": [ 14, 10, 3, 10.5 ], "texture": "#shield" },
				"south": { "uv": [ 3, 10, 14, 10.5 ], "texture": "#shield" },
				"west": { "uv": [ 3, 10, 3.5, 10.5 ], "texture": "#shield", "rotation": 270 },
				"east": { "uv": [ 14, 10.5, 13.5, 10 ], "texture": "#shield", "rotation": 270 }
			}
		},
		{
			"__comment": "Cube32",
			"from": [ 4.25, 0.125, 14.25 ],
			"to": [ 12.25, 1.125, 14.75 ],
			"faces": {
				"down": { "uv": [ 3, 14, 11, 13.5 ], "texture": "#shield" },
				"up": { "uv": [ 3, 13.5, 11, 14 ], "texture": "#shield" },
				"north": { "uv": [ 11, 13.5, 3, 14 ], "texture": "#shield" },
				"south": { "uv": [ 3, 13.5, 11, 14 ], "texture": "#shield" },
				"west": { "uv": [ 3, 13.5, 3.5, 14 ], "texture": "#shield", "rotation": 270 },
				"east": { "uv": [ 11, 14, 10.5, 13.5 ], "texture": "#shield", "rotation": 270 }
			}
		},
		{
			"__comment": "Cube33",
			"from": [ 4.75, 0.125, 10.25 ],
			"to": [ 15.25, 1.125, 10.75 ],
			"faces": {
				"down": { "uv": [ 3.5, 10, 14, 9.5 ], "texture": "#shield" },
				"up": { "uv": [ 3.5, 9.5, 14, 10 ], "texture": "#shield" },
				"north": { "uv": [ 14, 9.5, 3.5, 10 ], "texture": "#shield" },
				"south": { "uv": [ 3.5, 9.5, 14, 10 ], "texture": "#shield" },
				"west": { "uv": [ 3.5, 9.5, 4, 10 ], "texture": "#shield", "rotation": 270 },
				"east": { "uv": [ 14, 10, 13.5, 9.5 ], "texture": "#shield", "rotation": 270 }
			}
		},
		{
			"__comment": "Cube34",
			"from": [ 5.25, 0.125, 9.75 ],
			"to": [ 15.25, 1.125, 10.25 ],
			"faces": {
				"down": { "uv": [ 4, 9.5, 14, 9 ], "texture": "#shield" },
				"up": { "uv": [ 4, 9, 14, 9.5 ], "texture": "#shield" },
				"north": { "uv": [ 14, 9, 4, 9.5 ], "texture": "#shield" },
				"south": { "uv": [ 4, 9, 14, 9.5 ], "texture": "#shield" },
				"west": { "uv": [ 4, 9, 4.5, 9.5 ], "texture": "#shield", "rotation": 270 },
				"east": { "uv": [ 14, 9.5, 13.5, 9 ], "texture": "#shield", "rotation": 270 }
			}
		},
		{
			"__comment": "Cube35",
			"from": [ 5.25, 0.125, 14.75 ],
			"to": [ 11.25, 1.125, 15.25 ],
			"faces": {
				"down": { "uv": [ 4, 14.5, 10, 14 ], "texture": "#shield" },
				"up": { "uv": [ 4, 14, 10, 14.5 ], "texture": "#shield" },
				"north": { "uv": [ 10, 14, 4, 14.5 ], "texture": "#shield" },
				"south": { "uv": [ 4, 14, 10, 14.5 ], "texture": "#shield" },
				"west": { "uv": [ 4, 14, 4.5, 14.5 ], "texture": "#shield", "rotation": 270 },
				"east": { "uv": [ 10, 14.5, 9.5, 14 ], "texture": "#shield", "rotation": 270 }
			}
		},
		{
			"__comment": "Cube36",
			"from": [ 5.75, 0.125, 9.25 ],
			"to": [ 15.75, 1.125, 9.75 ],
			"faces": {
				"down": { "uv": [ 4.5, 9, 14.5, 8.5 ], "texture": "#shield" },
				"up": { "uv": [ 4.5, 8.5, 14.5, 9 ], "texture": "#shield" },
				"north": { "uv": [ 14.5, 8.5, 4.5, 9 ], "texture": "#shield" },
				"south": { "uv": [ 4.5, 8.5, 14.5, 9 ], "texture": "#shield" },
				"west": { "uv": [ 4.5, 8.5, 5, 9 ], "texture": "#shield", "rotation": 270 },
				"east": { "uv": [ 14.5, 9, 14, 8.5 ], "texture": "#shield", "rotation": 270 }
			}
		},
		{
			"__comment": "Cube37",
			"from": [ 6.25, 0.125, 8.75 ],
			"to": [ 15.75, 1.125, 9.25 ],
			"faces": {
				"down": { "uv": [ 5, 8.5, 14.5, 8 ], "texture": "#shield" },
				"up": { "uv": [ 5, 8, 14.5, 8.5 ], "texture": "#shield" },
				"north": { "uv": [ 14.5, 8, 5, 8.5 ], "texture": "#shield" },
				"south": { "uv": [ 5, 8, 14.5, 8.5 ], "texture": "#shield" },
				"west": { "uv": [ 5, 8, 5.5, 8.5 ], "texture": "#shield", "rotation": 270 },
				"east": { "uv": [ 14.5, 8.5, 14, 8 ], "texture": "#shield", "rotation": 270 }
			}
		},
		{
			"__comment": "Cube38",
			"from": [ 6.75, 0.125, 8.25 ],
			"to": [ 15.75, 1.125, 8.75 ],
			"faces": {
				"down": { "uv": [ 5.5, 8, 14.5, 7.5 ], "texture": "#shield" },
				"up": { "uv": [ 5.5, 7.5, 14.5, 8 ], "texture": "#shield" },
				"north": { "uv": [ 14.5, 7.5, 5.5, 8 ], "texture": "#shield" },
				"south": { "uv": [ 5.5, 7.5, 14.5, 8 ], "texture": "#shield" },
				"west": { "uv": [ 5.5, 7.5, 6, 8 ], "texture": "#shield", "rotation": 270 },
				"east": { "uv": [ 14.5, 8, 14, 7.5 ], "texture": "#shield", "rotation": 270 }
			}
		},
		{
			"__comment": "Cube39",
			"from": [ 6.75, 0.125, 15.25 ],
			"to": [ 9.75, 1.125, 15.75 ],
			"faces": {
				"down": { "uv": [ 5.5, 15, 8.5, 14.5 ], "texture": "#shield" },
				"up": { "uv": [ 5.5, 14.5, 8.5, 15 ], "texture": "#shield" },
				"north": { "uv": [ 8.5, 14.5, 5.5, 15 ], "texture": "#shield" },
				"south": { "uv": [ 5.5, 14.5, 8.5, 15 ], "texture": "#shield" },
				"west": { "uv": [ 5.5, 14.5, 6, 15 ], "texture": "#shield", "rotation": 270 },
				"east": { "uv": [ 8.5, 15, 8, 14.5 ], "texture": "#shield", "rotation": 270 }
			}
		},
		{
			"__comment": "Cube40",
			"from": [ 7.25, 0.125, 7.75 ],
			"to": [ 15.75, 1.125, 8.25 ],
			"faces": {
				"down": { "uv": [ 6, 7.5, 14.5, 7 ], "texture": "#shield" },
				"up": { "uv": [ 6, 7, 14.5, 7.5 ], "texture": "#shield" },
				"north": { "uv": [ 14.5, 7, 6, 7.5 ], "texture": "#shield" },
				"south": { "uv": [ 6, 7, 14.5, 7.5 ], "texture": "#shield" },
				"west": { "uv": [ 6, 7, 6.5, 7.5 ], "texture": "#shield", "rotation": 270 },
				"east": { "uv": [ 14.5, 7.5, 14, 7 ], "texture": "#shield", "rotation": 270 }
			}
		},
		{
			"__comment": "Cube41",
			"from": [ 7.75, 0.125, 7.25 ],
			"to": [ 15.75, 1.125, 7.75 ],
			"faces": {
				"down": { "uv": [ 6.5, 7, 14.5, 6.5 ], "texture": "#shield" },
				"up": { "uv": [ 6.5, 6.5, 14.5, 7 ], "texture": "#shield" },
				"north": { "uv": [ 14.5, 6.5, 6.5, 7 ], "texture": "#shield" },
				"south": { "uv": [ 6.5, 6.5, 14.5, 7 ], "texture": "#shield" },
				"west": { "uv": [ 6.5, 6.5, 7, 7 ], "texture": "#shield", "rotation": 270 },
				"east": { "uv": [ 14.5, 7, 14, 6.5 ], "texture": "#shield", "rotation": 270 }
			}
		},
		{
			"__comment": "Cube42",
			"from": [ 8.25, 0.125, 6.75 ],
			"to": [ 15.75, 1.125, 7.25 ],
			"faces": {
				"down": { "uv": [ 7, 6.5, 14.5, 6 ], "texture": "#shield" },
				"up": { "uv": [ 7, 6, 14.5, 6.5 ], "texture": "#shield" },
				"north": { "uv": [ 14.5, 6, 7, 6.5 ], "texture": "#shield" },
				"south": { "uv": [ 7, 6, 14.5, 6.5 ], "texture": "#shield" },
				"west": { "uv": [ 7, 6, 7.5, 6.5 ], "texture": "#shield", "rotation": 270 },
				"east": { "uv": [ 14.5, 6.5, 14, 6 ], "texture": "#shield", "rotation": 270 }
			}
		},
		{
			"__comment": "Cube43",
			"from": [ 8.75, 0.125, 6.25 ],
			"to": [ 15.75, 1.125, 6.75 ],
			"faces": {
				"down": { "uv": [ 7.5, 6, 14.5, 5.5 ], "texture": "#shield" },
				"up": { "uv": [ 7.5, 5.5, 14.5, 6 ], "texture": "#shield" },
				"north": { "uv": [ 14.5, 5.5, 7.5, 6 ], "texture": "#shield" },
				"south": { "uv": [ 7.5, 5.5, 14.5, 6 ], "texture": "#shield" },
				"west": { "uv": [ 7.5, 5.5, 8, 6 ], "texture": "#shield", "rotation": 270 },
				"east": { "uv": [ 14.5, 6, 14, 5.5 ], "texture": "#shield", "rotation": 270 }
			}
		},
		{
			"__comment": "Cube44",
			"from": [ 9.25, 0.125, 5.75 ],
			"to": [ 15.75, 1.125, 6.25 ],
			"faces": {
				"down": { "uv": [ 8, 5.5, 14.5, 5 ], "texture": "#shield" },
				"up": { "uv": [ 8, 5, 14.5, 5.5 ], "texture": "#shield" },
				"north": { "uv": [ 14.5, 5, 8, 5.5 ], "texture": "#shield" },
				"south": { "uv": [ 8, 5, 14.5, 5.5 ], "texture": "#shield" },
				"west": { "uv": [ 8, 5, 8.5, 5.5 ], "texture": "#shield", "rotation": 270 },
				"east": { "uv": [ 14.5, 5.5, 14, 5 ], "texture": "#shield", "rotation": 270 }
			}
		},
		{
			"__comment": "Cube45",
			"from": [ 9.75, 0.125, 5.25 ],
			"to": [ 15.25, 1.125, 5.75 ],
			"faces": {
				"down": { "uv": [ 8.5, 5, 14, 4.5 ], "texture": "#shield" },
				"up": { "uv": [ 8.5, 4.5, 14, 5 ], "texture": "#shield" },
				"north": { "uv": [ 14, 4.5, 8.5, 5 ], "texture": "#shield" },
				"south": { "uv": [ 8.5, 4.5, 14, 5 ], "texture": "#shield" },
				"west": { "uv": [ 8.5, 4.5, 9, 5 ], "texture": "#shield", "rotation": 270 },
				"east": { "uv": [ 14, 5, 13.5, 4.5 ], "texture": "#shield", "rotation": 270 }
			}
		},
		{
			"__comment": "Cube46",
			"from": [ 10.25, 0.125, 4.75 ],
			"to": [ 15.25, 1.125, 5.25 ],
			"faces": {
				"down": { "uv": [ 9, 4.5, 14, 4 ], "texture": "#shield" },
				"up": { "uv": [ 9, 4, 14, 4.5 ], "texture": "#shield" },
				"north": { "uv": [ 14, 4, 9, 4.5 ], "texture": "#shield" },
				"south": { "uv": [ 9, 4, 14, 4.5 ], "texture": "#shield" },
				"west": { "uv": [ 9, 4, 9.5, 4.5 ], "texture": "#shield", "rotation": 270 },
				"east": { "uv": [ 14, 4.5, 13.5, 4 ], "texture": "#shield", "rotation": 270 }
			}
		},
		{
			"__comment": "Cube47",
			"from": [ 10.75, 0.125, 4.25 ],
			"to": [ 14.75, 1.125, 4.75 ],
			"faces": {
				"down": { "uv": [ 9.5, 4, 13.5, 3.5 ], "texture": "#shield" },
				"up": { "uv": [ 9.5, 3.5, 13.5, 4 ], "texture": "#shield" },
				"north": { "uv": [ 13.5, 3.5, 9.5, 4 ], "texture": "#shield" },
				"south": { "uv": [ 9.5, 3.5, 13.5, 4 ], "texture": "#shield" },
				"west": { "uv": [ 9.5, 3.5, 10, 4 ], "texture": "#shield", "rotation": 270 },
				"east": { "uv": [ 13.5, 4, 13, 3.5 ], "texture": "#shield", "rotation": 270 }
			}
		},
		{
			"__comment": "Cube48",
			"from": [ 11.25, 0.125, 3.75 ],
			"to": [ 14.75, 1.125, 4.25 ],
			"faces": {
				"down": { "uv": [ 10, 3.5, 13.5, 3 ], "texture": "#shield" },
				"up": { "uv": [ 10, 3, 13.5, 3.5 ], "texture": "#shield" },
				"north": { "uv": [ 13.5, 3, 10, 3.5 ], "texture": "#shield" },
				"south": { "uv": [ 10, 3, 13.5, 3.5 ], "texture": "#shield" },
				"west": { "uv": [ 10, 3, 10.5, 3.5 ], "texture": "#shield", "rotation": 270 },
				"east": { "uv": [ 13.5, 3.5, 13, 3 ], "texture": "#shield", "rotation": 270 }
			}
		},
		{
			"__comment": "Cube49",
			"from": [ 11.75, 0.125, 3.25 ],
			"to": [ 14.25, 1.125, 3.75 ],
			"faces": {
				"down": { "uv": [ 10.5, 3, 13, 2.5 ], "texture": "#shield" },
				"up": { "uv": [ 10.5, 2.5, 13, 3 ], "texture": "#shield" },
				"north": { "uv": [ 13, 2.5, 10.5, 3 ], "texture": "#shield" },
				"south": { "uv": [ 10.5, 2.5, 13, 3 ], "texture": "#shield" },
				"west": { "uv": [ 10.5, 2.5, 11, 3 ], "texture": "#shield", "rotation": 270 },
				"east": { "uv": [ 13, 3, 12.5, 2.5 ], "texture": "#shield", "rotation": 270 }
			}
		},
		{
			"__comment": "Cube50",
			"from": [ 12.25, 0.125, 2.75 ],
			"to": [ 13.75, 1.125, 3.25 ],
			"faces": {
				"down": { "uv": [ 11, 2.5, 12.5, 2 ], "texture": "#shield" },
				"up": { "uv": [ 11, 2, 12.5, 2.5 ], "texture": "#shield" },
				"north": { "uv": [ 12.5, 2, 11, 2.5 ], "texture": "#shield" },
				"south": { "uv": [ 11, 2, 12.5, 2.5 ], "texture": "#shield" },
				"west": { "uv": [ 11, 2, 11.5, 2.5 ], "texture": "#shield", "rotation": 270 },
				"east": { "uv": [ 12.5, 2.5, 12, 2 ], "texture": "#shield", "rotation": 270 }
			}
		}
	],
	"display": {
    "thirdperson": {
        "rotation": [ -60, 50, 0 ],
        "translation": [ -3.8, 3.1, -4.7 ],
        "scale": [ 1.35, 1.35, 1.35 ]
    },
    "head": {
        "rotation": [ 0, 0, 0 ],
        "translation": [ -0.25, 6, 0.25 ],
        "scale": [ 2.5, 2.5, 2.5 ]
    },
    "firstperson": {
        "rotation": [ -71, -81, -10 ],
        "translation": [ 3.2, 4.8, 3.3 ],
        "scale": [ 2, 2, 2 ]
    },
    "gui": {
        "rotation": [ 60, 135, 0 ],
        "translation": [ 0, 0, 0 ],
        "scale": [ 1.6, 1.6, 1.6 ]
    }
}
}