{
	"__comment": "Designed by Zeta with Cubik Studio - https://cubik.studio",
	"textures": {
		"shieldmaster": "items/shieldmaster 2"
	},
	"elements": [
		{
			"__comment": "Cube1",
			"from": [ 0, 0, 4.5 ],
			"to": [ 15, 1, 10.5 ],
			"faces": {
				"down": { "uv": [ 0, 10.5, 15, 4.5 ], "texture": "#shieldmaster" },
				"up": { "uv": [ 0, 4.5, 15, 10.5 ], "texture": "#shieldmaster" },
				"north": { "uv": [ 15, 4.5, 0, 5 ], "texture": "#shieldmaster" },
				"south": { "uv": [ 0, 10, 15, 10.5 ], "texture": "#shieldmaster" },
				"west": { "uv": [ 0, 4.5, 0.5, 10.5 ], "texture": "#shieldmaster", "rotation": 270 },
				"east": { "uv": [ 15, 10.5, 14.5, 4.5 ], "texture": "#shieldmaster", "rotation": 270 }
			}
		},
		{
			"__comment": "Cube2",
			"from": [ 0.5, 0, 3.5 ],
			"to": [ 14.5, 1, 11.5 ],
			"faces": {
				"down": { "uv": [ 0.5, 11.5, 14.5, 3.5 ], "texture": "#shieldmaster" },
				"up": { "uv": [ 0.5, 3.5, 14.5, 11.5 ], "texture": "#shieldmaster" },
				"north": { "uv": [ 14.5, 3.5, 0.5, 4 ], "texture": "#shieldmaster" },
				"south": { "uv": [ 0.5, 11, 14.5, 11.5 ], "texture": "#shieldmaster" },
				"west": { "uv": [ 0.5, 3.5, 1, 11.5 ], "texture": "#shieldmaster", "rotation": 270 },
				"east": { "uv": [ 14.5, 11.5, 14, 3.5 ], "texture": "#shieldmaster", "rotation": 270 }
			}
		},
		{
			"__comment": "Cube3",
			"from": [ 1, 0, 2.5 ],
			"to": [ 13.5, 1, 12.5 ],
			"faces": {
				"down": { "uv": [ 1, 12.5, 13.5, 2.5 ], "texture": "#shieldmaster" },
				"up": { "uv": [ 1, 2.5, 13.5, 12.5 ], "texture": "#shieldmaster" },
				"north": { "uv": [ 13.5, 2.5, 1, 3 ], "texture": "#shieldmaster" },
				"south": { "uv": [ 1, 12, 13.5, 12.5 ], "texture": "#shieldmaster" },
				"west": { "uv": [ 1, 2.5, 1.5, 12.5 ], "texture": "#shieldmaster", "rotation": 270 },
				"east": { "uv": [ 13.5, 12.5, 13, 2.5 ], "texture": "#shieldmaster", "rotation": 270 }
			}
		},
		{
			"__comment": "Cube4",
			"from": [ 1.5, 0, 2 ],
			"to": [ 13, 1, 13 ],
			"faces": {
				"down": { "uv": [ 1.5, 13, 13, 2 ], "texture": "#shieldmaster" },
				"up": { "uv": [ 1.5, 2, 13, 13 ], "texture": "#shieldmaster" },
				"north": { "uv": [ 13, 2, 1.5, 2.5 ], "texture": "#shieldmaster" },
				"south": { "uv": [ 1.5, 12.5, 13, 13 ], "texture": "#shieldmaster" },
				"west": { "uv": [ 1.5, 2, 2, 13 ], "texture": "#shieldmaster", "rotation": 270 },
				"east": { "uv": [ 13, 13, 12.5, 2 ], "texture": "#shieldmaster", "rotation": 270 }
			}
		},
		{
			"__comment": "Cube5",
			"from": [ 2, 0, 1.5 ],
			"to": [ 12.5, 1, 13.5 ],
			"faces": {
				"down": { "uv": [ 2, 13.5, 12.5, 1.5 ], "texture": "#shieldmaster" },
				"up": { "uv": [ 2, 1.5, 12.5, 13.5 ], "texture": "#shieldmaster" },
				"north": { "uv": [ 12.5, 1.5, 2, 2 ], "texture": "#shieldmaster" },
				"south": { "uv": [ 2, 13, 12.5, 13.5 ], "texture": "#shieldmaster" },
				"west": { "uv": [ 2, 1.5, 2.5, 13.5 ], "texture": "#shieldmaster", "rotation": 270 },
				"east": { "uv": [ 12.5, 13.5, 12, 1.5 ], "texture": "#shieldmaster", "rotation": 270 }
			}
		},
		{
			"__comment": "Cube6",
			"from": [ 2.5, 0, 13.5 ],
			"to": [ 14, 1, 14 ],
			"faces": {
				"down": { "uv": [ 2.5, 14, 14, 13.5 ], "texture": "#shieldmaster" },
				"up": { "uv": [ 2.5, 13.5, 14, 14 ], "texture": "#shieldmaster" },
				"north": { "uv": [ 14, 13.5, 2.5, 14 ], "texture": "#shieldmaster" },
				"south": { "uv": [ 2.5, 13.5, 14, 14 ], "texture": "#shieldmaster" },
				"west": { "uv": [ 2.5, 13.5, 3, 14 ], "texture": "#shieldmaster", "rotation": 270 },
				"east": { "uv": [ 14, 14, 13.5, 13.5 ], "texture": "#shieldmaster", "rotation": 270 }
			}
		},
		{
			"__comment": "Cube7",
			"from": [ 3, 0, 1 ],
			"to": [ 12, 1, 14.5 ],
			"faces": {
				"down": { "uv": [ 3, 14.5, 12, 1 ], "texture": "#shieldmaster" },
				"up": { "uv": [ 3, 1, 12, 14.5 ], "texture": "#shieldmaster" },
				"north": { "uv": [ 12, 1, 3, 1.5 ], "texture": "#shieldmaster" },
				"south": { "uv": [ 3, 14, 12, 14.5 ], "texture": "#shieldmaster" },
				"west": { "uv": [ 3, 1, 3.5, 14.5 ], "texture": "#shieldmaster", "rotation": 270 },
				"east": { "uv": [ 12, 14.5, 11.5, 1 ], "texture": "#shieldmaster", "rotation": 270 }
			}
		},
		{
			"__comment": "Cube8",
			"from": [ 3.5, 0, 14.5 ],
			"to": [ 12.5, 1, 15 ],
			"faces": {
				"down": { "uv": [ 3.5, 15, 12.5, 14.5 ], "texture": "#shieldmaster" },
				"up": { "uv": [ 3.5, 14.5, 12.5, 15 ], "texture": "#shieldmaster" },
				"north": { "uv": [ 12.5, 14.5, 3.5, 15 ], "texture": "#shieldmaster" },
				"south": { "uv": [ 3.5, 14.5, 12.5, 15 ], "texture": "#shieldmaster" },
				"west": { "uv": [ 3.5, 14.5, 4, 15 ], "texture": "#shieldmaster", "rotation": 270 },
				"east": { "uv": [ 12.5, 15, 12, 14.5 ], "texture": "#shieldmaster", "rotation": 270 }
			}
		},
		{
			"__comment": "Cube9",
			"from": [ 4, 0, 0.5 ],
			"to": [ 11, 1, 1 ],
			"faces": {
				"down": { "uv": [ 4, 1, 11, 0.5 ], "texture": "#shieldmaster" },
				"up": { "uv": [ 4, 0.5, 11, 1 ], "texture": "#shieldmaster" },
				"north": { "uv": [ 11, 0.5, 4, 1 ], "texture": "#shieldmaster" },
				"south": { "uv": [ 4, 0.5, 11, 1 ], "texture": "#shieldmaster" },
				"west": { "uv": [ 4, 0.5, 4.5, 1 ], "texture": "#shieldmaster", "rotation": 270 },
				"east": { "uv": [ 11, 1, 10.5, 0.5 ], "texture": "#shieldmaster", "rotation": 270 }
			}
		},
		{
			"__comment": "Cube10",
			"from": [ 4.5, 0, 15 ],
			"to": [ 11.5, 1, 15.5 ],
			"faces": {
				"down": { "uv": [ 4.5, 15.5, 11.5, 15 ], "texture": "#shieldmaster" },
				"up": { "uv": [ 4.5, 15, 11.5, 15.5 ], "texture": "#shieldmaster" },
				"north": { "uv": [ 11.5, 15, 4.5, 15.5 ], "texture": "#shieldmaster" },
				"south": { "uv": [ 4.5, 15, 11.5, 15.5 ], "texture": "#shieldmaster" },
				"west": { "uv": [ 4.5, 15, 5, 15.5 ], "texture": "#shieldmaster", "rotation": 270 },
				"east": { "uv": [ 11.5, 15.5, 11, 15 ], "texture": "#shieldmaster", "rotation": 270 }
			}
		},
		{
			"__comment": "Cube11",
			"from": [ 5.5, 0, 0 ],
			"to": [ 10, 1, 16 ],
			"faces": {
				"down": { "uv": [ 5.5, 16, 10, 0 ], "texture": "#shieldmaster" },
				"up": { "uv": [ 5.5, 0, 10, 16 ], "texture": "#shieldmaster" },
				"north": { "uv": [ 10, 0, 5.5, 0.5 ], "texture": "#shieldmaster" },
				"south": { "uv": [ 5.5, 15.5, 10, 16 ], "texture": "#shieldmaster" },
				"west": { "uv": [ 5.5, 0, 6, 16 ], "texture": "#shieldmaster", "rotation": 270 },
				"east": { "uv": [ 10, 16, 9.5, 0 ], "texture": "#shieldmaster", "rotation": 270 }
			}
		},
		{
			"__comment": "Cube12",
			"from": [ 12, 0, 14 ],
			"to": [ 13.5, 1, 14.5 ],
			"faces": {
				"down": { "uv": [ 12, 14.5, 13.5, 14 ], "texture": "#shieldmaster" },
				"up": { "uv": [ 12, 14, 13.5, 14.5 ], "texture": "#shieldmaster" },
				"north": { "uv": [ 13.5, 14, 12, 14.5 ], "texture": "#shieldmaster" },
				"south": { "uv": [ 12, 14, 13.5, 14.5 ], "texture": "#shieldmaster" },
				"west": { "uv": [ 12, 14, 12.5, 14.5 ], "texture": "#shieldmaster", "rotation": 270 },
				"east": { "uv": [ 13.5, 14.5, 13, 14 ], "texture": "#shieldmaster", "rotation": 270 }
			}
		},
		{
			"__comment": "Cube13",
			"from": [ 12.5, 0, 13 ],
			"to": [ 14.5, 1, 13.5 ],
			"faces": {
				"down": { "uv": [ 12.5, 13.5, 14.5, 13 ], "texture": "#shieldmaster" },
				"up": { "uv": [ 12.5, 13, 14.5, 13.5 ], "texture": "#shieldmaster" },
				"north": { "uv": [ 14.5, 13, 12.5, 13.5 ], "texture": "#shieldmaster" },
				"south": { "uv": [ 12.5, 13, 14.5, 13.5 ], "texture": "#shieldmaster" },
				"west": { "uv": [ 12.5, 13, 13, 13.5 ], "texture": "#shieldmaster", "rotation": 270 },
				"east": { "uv": [ 14.5, 13.5, 14, 13 ], "texture": "#shieldmaster", "rotation": 270 }
			}
		},
		{
			"__comment": "Cube14",
			"from": [ 13, 0, 12.5 ],
			"to": [ 14.5, 1, 13 ],
			"faces": {
				"down": { "uv": [ 13, 13, 14.5, 12.5 ], "texture": "#shieldmaster" },
				"up": { "uv": [ 13, 12.5, 14.5, 13 ], "texture": "#shieldmaster" },
				"north": { "uv": [ 14.5, 12.5, 13, 13 ], "texture": "#shieldmaster" },
				"south": { "uv": [ 13, 12.5, 14.5, 13 ], "texture": "#shieldmaster" },
				"west": { "uv": [ 13, 12.5, 13.5, 13 ], "texture": "#shieldmaster", "rotation": 270 },
				"east": { "uv": [ 14.5, 13, 14, 12.5 ], "texture": "#shieldmaster", "rotation": 270 }
			}
		},
		{
			"__comment": "Cube15",
			"from": [ 13.5, 0, 3 ],
			"to": [ 14, 1, 12.5 ],
			"faces": {
				"down": { "uv": [ 13.5, 12.5, 14, 3 ], "texture": "#shieldmaster" },
				"up": { "uv": [ 13.5, 3, 14, 12.5 ], "texture": "#shieldmaster" },
				"north": { "uv": [ 14, 3, 13.5, 3.5 ], "texture": "#shieldmaster" },
				"south": { "uv": [ 13.5, 12, 14, 12.5 ], "texture": "#shieldmaster" },
				"west": { "uv": [ 13.5, 3, 14, 12.5 ], "texture": "#shieldmaster", "rotation": 270 },
				"east": { "uv": [ 14, 12.5, 13.5, 3 ], "texture": "#shieldmaster", "rotation": 270 }
			}
		},
		{
			"__comment": "Cube16",
			"from": [ 14, 0, 11.5 ],
			"to": [ 15, 1, 12.5 ],
			"faces": {
				"down": { "uv": [ 14, 12.5, 15, 11.5 ], "texture": "#shieldmaster" },
				"up": { "uv": [ 14, 11.5, 15, 12.5 ], "texture": "#shieldmaster" },
				"north": { "uv": [ 15, 11.5, 14, 12 ], "texture": "#shieldmaster" },
				"south": { "uv": [ 14, 12, 15, 12.5 ], "texture": "#shieldmaster" },
				"west": { "uv": [ 14, 11.5, 14.5, 12.5 ], "texture": "#shieldmaster", "rotation": 270 },
				"east": { "uv": [ 15, 12.5, 14.5, 11.5 ], "texture": "#shieldmaster", "rotation": 270 }
			}
		},
		{
			"__comment": "Cube17",
			"from": [ 14.5, 0, 10.5 ],
			"to": [ 15.5, 1, 11.5 ],
			"faces": {
				"down": { "uv": [ 14.5, 11.5, 15.5, 10.5 ], "texture": "#shieldmaster" },
				"up": { "uv": [ 14.5, 10.5, 15.5, 11.5 ], "texture": "#shieldmaster" },
				"north": { "uv": [ 15.5, 10.5, 14.5, 11 ], "texture": "#shieldmaster" },
				"south": { "uv": [ 14.5, 11, 15.5, 11.5 ], "texture": "#shieldmaster" },
				"west": { "uv": [ 14.5, 10.5, 15, 11.5 ], "texture": "#shieldmaster", "rotation": 270 },
				"east": { "uv": [ 15.5, 11.5, 15, 10.5 ], "texture": "#shieldmaster", "rotation": 270 }
			}
		},
		{
			"__comment": "Cube18",
			"from": [ 15, 0, 5.5 ],
			"to": [ 15.5, 1, 10.5 ],
			"faces": {
				"down": { "uv": [ 15, 10.5, 15.5, 5.5 ], "texture": "#shieldmaster" },
				"up": { "uv": [ 15, 5.5, 15.5, 10.5 ], "texture": "#shieldmaster" },
				"north": { "uv": [ 15.5, 5.5, 15, 6 ], "texture": "#shieldmaster" },
				"south": { "uv": [ 15, 10, 15.5, 10.5 ], "texture": "#shieldmaster" },
				"west": { "uv": [ 15, 5.5, 15.5, 10.5 ], "texture": "#shieldmaster", "rotation": 270 },
				"east": { "uv": [ 15.5, 10.5, 15, 5.5 ], "texture": "#shieldmaster", "rotation": 270 }
			}
		},
		{
			"__comment": "Cube19",
			"from": [ 15.5, 0, 7 ],
			"to": [ 16, 1, 10 ],
			"faces": {
				"down": { "uv": [ 15.5, 10, 16, 7 ], "texture": "#shieldmaster" },
				"up": { "uv": [ 15.5, 7, 16, 10 ], "texture": "#shieldmaster" },
				"north": { "uv": [ 16, 7, 15.5, 7.5 ], "texture": "#shieldmaster" },
				"south": { "uv": [ 15.5, 9.5, 16, 10 ], "texture": "#shieldmaster" },
				"west": { "uv": [ 15.5, 7, 16, 10 ], "texture": "#shieldmaster", "rotation": 270 },
				"east": { "uv": [ 16, 10, 15.5, 7 ], "texture": "#shieldmaster", "rotation": 270 }
			}
		}
	],
	"display": {
    "thirdperson": {
        "rotation": [ -60, 50, 0 ],
        "translation": [ -3.8, 3.1, -4.7 ],
        "scale": [ 1.35, 1.35, 1.35 ]
    },
    "head": {
        "rotation": [ 0, 0, 0 ],
        "translation": [ -0.25, 6, 0.25 ],
        "scale": [ 2.5, 2.5, 2.5 ]
    },
    "firstperson": {
        "rotation": [ -71, -81, -10 ],
        "translation": [ 3.2, 4.8, 3.3 ],
        "scale": [ 2, 2, 2 ]
    },
    "gui": {
        "rotation": [ 60, 135, 0 ],
        "translation": [ 0, 0, 0 ],
        "scale": [ 1.6, 1.6, 1.6 ]
    }
}
}