{
"__comment": "Designed by Hypixel minecraft server with BDcraft Cubik PRO 0.87 Beta - http://bdcraft.net",
"textures": {
    "particle": "items/Necroflameanimation",
    "texture": "items/NecroMasterStaff"
},
"elements": [ 
{
    "from": [ 7.5, -13.5, 6 ],
    "to": [ 9.5, -13, 8 ],
    "faces": {
        "down":  { "uv": [ 11, 15, 13, 15.5 ], "texture": "#texture", "cullface": "down" },
        "north": { "uv": [ 11, 15, 13, 15.5 ], "texture": "#texture", "cullface": "down" },
        "south": { "uv": [ 11, 15, 13, 15.5 ], "texture": "#texture", "cullface": "down" },
        "west":  { "uv": [ 11, 15, 13, 15.5 ], "texture": "#texture", "cullface": "down" },
        "east":  { "uv": [ 11, 15, 13, 15.5 ], "texture": "#texture", "cullface": "down" }
    }
},
{
    "from": [ 6.5, -13, 5.5 ],
    "to": [ 10.5, -12.5, 8.5 ],
    "faces": {
        "down":  { "uv": [ 10, 14.5, 14, 15 ], "texture": "#texture", "cullface": "down" },
        "north": { "uv": [ 10, 14.5, 14, 15 ], "texture": "#texture", "cullface": "down" },
        "south": { "uv": [ 10, 14.5, 14, 15 ], "texture": "#texture", "cullface": "down" },
        "west":  { "uv": [ 10, 14.5, 11, 15 ], "texture": "#texture", "cullface": "down" },
        "east":  { "uv": [ 10, 14.5, 11, 15 ], "texture": "#texture", "cullface": "down" }
    }
},
{
    "from": [ 6, -12.5, 5 ],
    "to": [ 11, -12, 9 ],
    "faces": {
        "down":  { "uv": [ 9.5, 14, 14.5, 14.5 ], "texture": "#texture", "cullface": "down" },
        "north": { "uv": [ 9.5, 14, 14.5, 14.5 ], "texture": "#texture", "cullface": "down" },
        "south": { "uv": [ 9.5, 14, 14.5, 14.5 ], "texture": "#texture", "cullface": "down" },
        "west":  { "uv": [ 10, 14, 14, 14.5 ], "texture": "#texture", "cullface": "down" },
        "east":  { "uv": [ 10, 14, 14, 14.5 ], "texture": "#texture", "cullface": "down" }
    }
},
{
    "from": [ 5.5, -12, 4.5 ],
    "to": [ 11.5, -11.5, 9.5 ],
    "faces": {
        "down":  { "uv": [ 9, 13.5, 15, 14 ], "texture": "#texture", "cullface": "down" },
        "up":    { "uv": [ 9, 13.5, 15, 14 ], "texture": "#texture", "cullface": "down" },
        "north": { "uv": [ 9, 13.5, 15, 14 ], "texture": "#texture", "cullface": "down" },
        "south": { "uv": [ 9, 13.5, 15, 14 ], "texture": "#texture", "cullface": "down" },
        "west":  { "uv": [ 9.5, 13.5, 14.5, 14 ], "texture": "#texture", "cullface": "down" },
        "east":  { "uv": [ 9.5, 13.5, 14.5, 14 ], "texture": "#texture", "cullface": "down" }
    }
},
{
    "from": [ 6, -11.5, 5 ],
    "to": [ 11, -11, 9 ],
    "faces": {
        "up":    { "uv": [ 9.5, 13, 14.5, 13.5 ], "texture": "#texture", "cullface": "down" },
        "north": { "uv": [ 9.5, 13, 14.5, 13.5 ], "texture": "#texture", "cullface": "down" },
        "south": { "uv": [ 9.5, 13, 14.5, 13.5 ], "texture": "#texture", "cullface": "down" },
        "west":  { "uv": [ 10, 12.5, 14, 13 ], "texture": "#texture", "cullface": "down" },
        "east":  { "uv": [ 10, 12.5, 14, 13 ], "texture": "#texture", "cullface": "down" }
    }
},
{
    "from": [ 6.5, -11, 5.5 ],
    "to": [ 10.5, -10.5, 8.5 ],
    "faces": {
        "up":    { "uv": [ 10, 13, 14, 13.5 ], "texture": "#texture", "cullface": "down" },
        "north": { "uv": [ 10, 12.5, 14, 13 ], "texture": "#texture", "cullface": "down" },
        "south": { "uv": [ 10, 12.5, 14, 13 ], "texture": "#texture", "cullface": "down" },
        "west":  { "uv": [ 10.5, 12, 13.5, 12.5 ], "texture": "#texture", "cullface": "down" },
        "east":  { "uv": [ 10.5, 12, 13.5, 12.5 ], "texture": "#texture", "cullface": "down" }
    }
},
{
    "from": [ 7, -10.5, 6 ],
    "to": [ 10, -10, 8 ],
    "faces": {
        "up":    { "uv": [ 10.5, 12, 13.5, 13.5 ], "texture": "#texture", "cullface": "down" },
        "north": { "uv": [ 10.5, 12, 13.5, 12.5 ], "texture": "#texture", "cullface": "down" },
        "south": { "uv": [ 10.5, 12, 13.5, 12.5 ], "texture": "#texture", "cullface": "down" },
        "west":  { "uv": [ 11, 12, 13, 12.5 ], "texture": "#texture", "cullface": "down" },
        "east":  { "uv": [ 11, 12, 13, 12.5 ], "texture": "#texture", "cullface": "down" }
    }
},
{
    "from": [ 7.5, -10, 6.5 ],
    "to": [ 9.5, 3.5, 7.5 ],
    "faces": {
        "north": { "uv": [ 2, 0.5, 0, 14 ], "texture": "#texture", "cullface": "down" },
        "south": { "uv": [ 0, 0.5, 2, 14 ], "texture": "#texture", "cullface": "down" },
        "west":  { "uv": [ 0, 0, 0.5, 14 ], "texture": "#texture", "cullface": "down" },
        "east":  { "uv": [ 1.5, 0, 2, 14 ], "texture": "#texture", "cullface": "down" }
    }
},
{
    "from": [ 8, -10, 6 ],
    "to": [ 9, 3.5, 8 ],
    "faces": {
        "north": { "uv": [ 0.5, 0.5, 1.5, 14 ], "texture": "#texture", "cullface": "down" },
        "south": { "uv": [ 0.5, 0.5, 1.5, 14 ], "texture": "#texture", "cullface": "down" },
        "west":  { "uv": [ 0, 0.5, 0.5, 14 ], "texture": "#texture", "cullface": "down" },
        "east":  { "uv": [ 1.5, 0.5, 2, 14 ], "texture": "#texture", "cullface": "down" }
    }
},
{
    "from": [ 7, 3.5, 6 ],
    "to": [ 10, 4.5, 8 ],
    "faces": {
        "down":  { "uv": [ 3.5, 14, 6.5, 15.25 ], "texture": "#texture" },
        "north": { "uv": [ 3.5, 14.5, 6.5, 15.5 ], "texture": "#texture" },
        "south": { "uv": [ 3.5, 14.5, 6.5, 15.5 ], "texture": "#texture" },
        "west":  { "uv": [ 4, 14.5, 6, 15.5 ], "texture": "#texture" },
        "east":  { "uv": [ 4, 14.5, 6, 15.5 ], "texture": "#texture" }
    }
},
{
    "from": [ 7.5, 3.5, 5.75 ],
    "to": [ 9.5, 4.5, 8.25 ],
    "faces": {
        "down":  { "uv": [ 4.25, 14.25, 6, 15.25 ], "texture": "#texture" },
        "north": { "uv": [ 4, 14.5, 6, 15.5 ], "texture": "#texture" },
        "south": { "uv": [ 4, 14.5, 6, 15.5 ], "texture": "#texture" },
        "west":  { "uv": [ 4, 14.5, 6.5, 15.5 ], "texture": "#texture" },
        "east":  { "uv": [ 4, 14.5, 6.5, 15.5 ], "texture": "#texture" }
    }
},
{
    "from": [ 6.5, 4.5, 5.75 ],
    "to": [ 10.5, 5, 8.25 ],
    "faces": {
        "down":  { "uv": [ 3, 14, 7, 14.5 ], "texture": "#texture" },
        "north": { "uv": [ 3, 14, 7, 14.5 ], "texture": "#texture" },
        "south": { "uv": [ 3, 14, 7, 14.5 ], "texture": "#texture" },
        "west":  { "uv": [ 3.5, 14, 6, 14.5 ], "texture": "#texture" },
        "east":  { "uv": [ 3.5, 14, 6, 14.5 ], "texture": "#texture" }
    }
},
{
    "from": [ 7, 4.5, 5.5 ],
    "to": [ 10, 5, 8.75 ],
    "faces": {
        "down":  { "uv": [ 3.5, 14, 6.5, 14.5 ], "texture": "#texture" },
        "north": { "uv": [ 3.5, 14, 6.5, 14.5 ], "texture": "#texture" },
        "south": { "uv": [ 3.5, 14, 6.5, 14.5 ], "texture": "#texture" },
        "west":  { "uv": [ 3.5, 14, 6.75, 14.5 ], "texture": "#texture" },
        "east":  { "uv": [ 3.5, 14, 6.75, 14.5 ], "texture": "#texture" }
    }
},
{
    "from": [ 6, 5, 5.25 ],
    "to": [ 11, 6, 8.75 ],
    "faces": {
        "down":  { "uv": [ 2.5, 13, 7.5, 13.5 ], "texture": "#texture" },
        "up":    { "uv": [ 2.5, 13, 7.5, 13.5 ], "texture": "#texture" },
        "north": { "uv": [ 2.5, 13, 7.5, 14 ], "texture": "#texture" },
        "south": { "uv": [ 2.5, 13, 7.5, 14 ], "texture": "#texture" },
        "west":  { "uv": [ 3.5, 13, 7, 14 ], "texture": "#texture" },
        "east":  { "uv": [ 3.5, 13, 7, 14 ], "texture": "#texture" }
    }
},
{
    "from": [ 6.5, 5, 5 ],
    "to": [ 10.5, 6, 9 ],
    "faces": {
        "down":  { "uv": [ 3, 13, 7, 13.5 ], "texture": "#texture" },
        "up":    { "uv": [ 3, 13, 7, 13.5 ], "texture": "#texture" },
        "north": { "uv": [ 3, 13, 7, 14 ], "texture": "#texture" },
        "south": { "uv": [ 3, 13, 7, 14 ], "texture": "#texture" },
        "west":  { "uv": [ 3, 13, 7, 14 ], "texture": "#texture" },
        "east":  { "uv": [ 3, 13, 7, 14 ], "texture": "#texture" }
    }
},
{
    "from": [ 6.5, 6, 5.5 ],
    "to": [ 10.5, 6.5, 8.5 ],
    "faces": {
        "up":    { "uv": [ 3, 12.5, 7, 13 ], "texture": "#texture" },
        "north": { "uv": [ 3, 12.5, 7, 13 ], "texture": "#texture" },
        "south": { "uv": [ 3, 12.5, 7, 13 ], "texture": "#texture" },
        "west":  { "uv": [ 3.5, 12.5, 6.5, 13 ], "texture": "#texture" },
        "east":  { "uv": [ 3.5, 12.5, 6.5, 13 ], "texture": "#texture" }
    }
},
{
    "from": [ 7.25, 6, 5.25 ],
    "to": [ 9.75, 6.5, 8.75 ],
    "faces": {
        "up":    { "uv": [ 3.5, 12.5, 6, 13 ], "texture": "#texture" },
        "north": { "uv": [ 3.5, 12.5, 6, 13 ], "texture": "#texture" },
        "south": { "uv": [ 3.5, 12.5, 6, 13 ], "texture": "#texture" },
        "west":  { "uv": [ 3, 12.5, 6.5, 13 ], "texture": "#texture" },
        "east":  { "uv": [ 3, 12.5, 6.5, 13 ], "texture": "#texture" }
    }
},
{
    "from": [ 7, 6.5, 6 ],
    "to": [ 10, 8, 8 ],
    "faces": {
        "up":    { "uv": [ 3.5, 11, 6.5, 11.5 ], "texture": "#texture" },
        "north": { "uv": [ 3.5, 11, 6.5, 12.5 ], "texture": "#texture" },
        "south": { "uv": [ 3.5, 11, 6.5, 12.5 ], "texture": "#texture" },
        "west":  { "uv": [ 3.5, 11, 5.5, 12.5 ], "texture": "#texture" },
        "east":  { "uv": [ 4.5, 11, 6.5, 12.5 ], "texture": "#texture" }
    }
},
{
    "from": [ 7.5, 6.5, 5.5 ],
    "to": [ 9.5, 8, 8.5 ],
    "faces": {
        "up":    { "uv": [ 4, 11, 6, 11.5 ], "texture": "#texture" },
        "north": { "uv": [ 4, 11, 6, 12.5 ], "texture": "#texture" },
        "south": { "uv": [ 4, 11, 6, 12.5 ], "texture": "#texture" },
        "west":  { "uv": [ 3.5, 11, 6.5, 12.5 ], "texture": "#texture" },
        "east":  { "uv": [ 3.5, 11, 6.5, 12.5 ], "texture": "#texture" }
    }
},
{
    "from": [ 7.5, 8, 6.5 ],
    "to": [ 9.5, 12.5, 7.5 ],
    "faces": {
        "north": { "uv": [ 4.5, 0, 2.5, 4.5 ], "texture": "#texture" },
        "south": { "uv": [ 2.5, 0, 4.5, 4.5 ], "texture": "#texture" },
        "west":  { "uv": [ 2.5, 0, 3, 4.5 ], "texture": "#texture" },
        "east":  { "uv": [ 4, 0, 4.5, 4.5 ], "texture": "#texture" }
    }
},
{
    "from": [ 8, 8, 6 ],
    "to": [ 9, 12.5, 8 ],
    "faces": {
        "up":    { "uv": [ 3, 0.5, 4, 1.75 ], "texture": "#texture" },
        "north": { "uv": [ 3, 0, 4, 4.5 ], "texture": "#texture" },
        "south": { "uv": [ 3, 0, 4, 4.5 ], "texture": "#texture" },
        "west":  { "uv": [ 4, 0, 4.5, 4.5 ], "texture": "#texture" },
        "east":  { "uv": [ 2.5, 0, 3, 4.5 ], "texture": "#texture" }
    }
},
{
    "from": [ 6.5, 12.5, 6.25 ],
    "to": [ 10.5, 13, 7.75 ],
    "faces": {
        "down":  { "uv": [ 9, 10, 13, 10.5 ], "texture": "#texture" },
        "up":    { "uv": [ 9, 10, 13, 10.5 ], "texture": "#texture" },
        "north": { "uv": [ 13, 10, 9, 10.5 ], "texture": "#texture" },
        "south": { "uv": [ 9, 10, 13, 10.5 ], "texture": "#texture" },
        "west":  { "uv": [ 9, 10, 10, 10.5 ], "texture": "#texture" },
        "east":  { "uv": [ 12, 10, 13, 10.5 ], "texture": "#texture" }
    }
},
{
    "from": [ 10.5, 13, 6.25 ],
    "to": [ 11.5, 13.5, 7.75 ],
    "faces": {
        "down":  { "uv": [ 13.5, 9, 14.5, 9.5 ], "texture": "#texture" },
        "up":    { "uv": [ 13.5, 9, 14.5, 9.5 ], "texture": "#texture" },
        "north": { "uv": [ 13.5, 9, 14.5, 9.5 ], "texture": "#texture" },
        "south": { "uv": [ 13.5, 9, 14.5, 9.5 ], "texture": "#texture" },
        "west":  { "uv": [ 13.5, 9, 14.5, 9.5 ], "texture": "#texture" },
        "east":  { "uv": [ 13.5, 9, 14.5, 9.5 ], "texture": "#texture" }
    }
},
{
    "from": [ 5.5, 13, 6.25 ],
    "to": [ 6.5, 13.5, 7.75 ],
    "faces": {
        "down":  { "uv": [ 8, 9.5, 9, 10 ], "texture": "#texture" },
        "up":    { "uv": [ 8, 9.5, 9, 10 ], "texture": "#texture" },
        "north": { "uv": [ 9, 9.5, 8, 10 ], "texture": "#texture" },
        "south": { "uv": [ 8, 9.5, 9, 10 ], "texture": "#texture" },
        "west":  { "uv": [ 8, 9.5, 8.5, 10 ], "texture": "#texture" },
        "east":  { "uv": [ 8.5, 9.5, 9, 10 ], "texture": "#texture" }
    }
},
{
    "from": [ 5, 12.5, 6.25 ],
    "to": [ 5.5, 13, 7.75 ],
    "faces": {
        "down":  { "uv": [ 7.5, 10, 8, 10.5 ], "texture": "#texture" },
        "up":    { "uv": [ 7.5, 10, 8, 10.5 ], "texture": "#texture" },
        "north": { "uv": [ 7.5, 10, 8, 10.5 ], "texture": "#texture" },
        "south": { "uv": [ 7.5, 10, 8, 10.5 ], "texture": "#texture" },
        "west":  { "uv": [ 7.5, 10, 8, 10.5 ], "texture": "#texture" },
        "east":  { "uv": [ 7.5, 10, 8, 10.5 ], "texture": "#texture" }
    }
},
{
    "from": [ 4, 12, 6.25 ],
    "to": [ 5, 12.5, 7.75 ],
    "faces": {
        "down":  { "uv": [ 6.5, 10.5, 7.5, 11 ], "texture": "#texture" },
        "up":    { "uv": [ 6.5, 10.5, 7.5, 11 ], "texture": "#texture" },
        "north": { "uv": [ 6.5, 10.5, 7.5, 11 ], "texture": "#texture" },
        "south": { "uv": [ 6.5, 10.5, 7.5, 11 ], "texture": "#texture" },
        "west":  { "uv": [ 6.5, 10.5, 7.5, 11 ], "texture": "#texture" },
        "east":  { "uv": [ 6.5, 10.5, 7.5, 11 ], "texture": "#texture" }
    }
},
{
    "from": [ 11.5, 12.5, 6.25 ],
    "to": [ 12, 13, 7.75 ],
    "faces": {
        "down":  { "uv": [ 14, 10, 14.5, 10.5 ], "texture": "#texture" },
        "up":    { "uv": [ 14, 10, 14.5, 10.5 ], "texture": "#texture" },
        "north": { "uv": [ 14, 10, 14.5, 10.5 ], "texture": "#texture" },
        "south": { "uv": [ 14, 10, 14.5, 10.5 ], "texture": "#texture" },
        "west":  { "uv": [ 14, 10, 14.5, 10.5 ], "texture": "#texture" },
        "east":  { "uv": [ 14, 10, 14.5, 10.5 ], "texture": "#texture" }
    }
},
{
    "from": [ 12, 12, 6.25 ],
    "to": [ 13, 12.5, 7.75 ],
    "faces": {
        "down":  { "uv": [ 14.5, 10.5, 15.5, 11 ], "texture": "#texture" },
        "up":    { "uv": [ 14.5, 10.5, 15.5, 11 ], "texture": "#texture" },
        "north": { "uv": [ 14.5, 10.5, 15.5, 11 ], "texture": "#texture" },
        "south": { "uv": [ 14.5, 10.5, 15.5, 11 ], "texture": "#texture" },
        "west":  { "uv": [ 14.5, 10.5, 15.5, 11 ], "texture": "#texture" },
        "east":  { "uv": [ 14.5, 10.5, 15.5, 11 ], "texture": "#texture" }
    }
},
{
    "from": [ 4, 12.5, 6.5 ],
    "to": [ 5, 13, 7.5 ],
    "faces": {
        "up":    { "uv": [ 6.5, 10, 7.5, 10.5 ], "texture": "#texture" },
        "north": { "uv": [ 7.5, 10, 6.5, 10.5 ], "texture": "#texture" },
        "south": { "uv": [ 6.5, 10, 7.5, 10.5 ], "texture": "#texture" },
        "west":  { "uv": [ 6.5, 10, 7, 10.5 ], "texture": "#texture" }
    }
},
{
    "from": [ 4.5, 13, 6.5 ],
    "to": [ 5.5, 16, 7.5 ],
    "faces": {
        "down":  { "uv": [ 7, 9.5, 8, 10 ], "texture": "#texture" },
        "up":    { "uv": [ 7, 7, 8, 7.5 ], "texture": "#texture", "cullface": "up" },
        "north": { "uv": [ 8, 7, 7, 10 ], "texture": "#texture" },
        "south": { "uv": [ 7, 7, 8, 10 ], "texture": "#texture" },
        "west":  { "uv": [ 7, 7.25, 7.5, 10 ], "texture": "#texture" },
        "east":  { "uv": [ 7.5, 7, 8, 10 ], "texture": "#texture" }
    }
},
{
    "from": [ 12, 12.5, 6.5 ],
    "to": [ 13, 13, 7.5 ],
    "faces": {
        "up":    { "uv": [ 14.5, 10, 15.5, 10.5 ], "texture": "#texture" },
        "north": { "uv": [ 14.5, 10, 15.5, 10.5 ], "texture": "#texture" },
        "south": { "uv": [ 14.5, 10, 15.5, 10.5 ], "texture": "#texture" },
        "east":  { "uv": [ 15, 10, 15.5, 10.5 ], "texture": "#texture" }
    }
},
{
    "from": [ 11.5, 13, 6.5 ],
    "to": [ 12.5, 16, 7.5 ],
    "faces": {
        "down":  { "uv": [ 14, 9.5, 15, 10 ], "texture": "#texture" },
        "up":    { "uv": [ 14, 7.5, 15, 8 ], "texture": "#texture", "cullface": "up" },
        "north": { "uv": [ 14, 7, 15, 10 ], "texture": "#texture" },
        "south": { "uv": [ 14, 7, 15, 10 ], "texture": "#texture" },
        "west":  { "uv": [ 14, 7, 14.5, 10 ], "texture": "#texture" },
        "east":  { "uv": [ 14.5, 7, 15, 10 ], "texture": "#texture" }
    }
},
{
    "from": [ 5.5, 13.5, 6.5 ],
    "to": [ 6, 15.5, 7.5 ],
    "faces": {
        "up":    { "uv": [ 8, 7.5, 8.5, 8.5 ], "texture": "#texture" },
        "north": { "uv": [ 8, 7.5, 8.5, 9.5 ], "texture": "#texture" },
        "south": { "uv": [ 8, 7.5, 8.5, 9.5 ], "texture": "#texture" },
        "east":  { "uv": [ 8, 7.5, 8.5, 9.5 ], "texture": "#texture" }
    }
},
{
    "from": [ 6, 13.5, 6.5 ],
    "to": [ 6.5, 15, 7.5 ],
    "faces": {
        "up":    { "uv": [ 8.5, 8, 9, 9 ], "texture": "#texture" },
        "north": { "uv": [ 8.5, 8, 9, 9.5 ], "texture": "#texture" },
        "south": { "uv": [ 8.5, 8, 9, 9.5 ], "texture": "#texture" },
        "east":  { "uv": [ 8.5, 8, 9, 9.5 ], "texture": "#texture" }
    }
},
{
    "from": [ 6.5, 13, 6.5 ],
    "to": [ 7.5, 14.5, 7.5 ],
    "faces": {
        "up":    { "uv": [ 8.5, 8.5, 9.5, 9 ], "texture": "#texture" },
        "north": { "uv": [ 9.5, 8.5, 8.5, 10 ], "texture": "#texture" },
        "south": { "uv": [ 8.5, 8.5, 9.5, 10 ], "texture": "#texture" },
        "west":  { "uv": [ 8.5, 8.5, 9, 10 ], "texture": "#texture" },
        "east":  { "uv": [ 9, 8.5, 9.5, 10 ], "texture": "#texture" }
    }
},
{
    "from": [ 7.5, 13, 6.5 ],
    "to": [ 10, 14, 7.5 ],
    "faces": {
        "up":    { "uv": [ 10, 9, 12.5, 9.5 ], "texture": "#texture" },
        "north": { "uv": [ 10, 9, 12.5, 10 ], "texture": "#texture" },
        "south": { "uv": [ 10, 9, 12.5, 10 ], "texture": "#texture" }
    }
},
{
    "from": [ 10, 13, 6.5 ],
    "to": [ 10.5, 14.5, 7.5 ],
    "faces": {
        "up":    { "uv": [ 13, 8, 13.5, 9 ], "texture": "#texture" },
        "north": { "uv": [ 13, 8, 13.5, 9.5 ], "texture": "#texture" },
        "south": { "uv": [ 13, 8, 13.5, 9.5 ], "texture": "#texture" },
        "west":  { "uv": [ 13, 8, 14, 9.5 ], "texture": "#texture" },
        "east":  { "uv": [ 13, 8, 14, 9.5 ], "texture": "#texture" }
    }
},
{
    "from": [ 10.5, 13.5, 6.5 ],
    "to": [ 11, 15, 7.5 ],
    "faces": {
        "up":    { "uv": [ 13.5, 7.5, 14, 8.5 ], "texture": "#texture" },
        "north": { "uv": [ 13.5, 7.5, 14, 9 ], "texture": "#texture" },
        "south": { "uv": [ 13.5, 7.5, 14, 9 ], "texture": "#texture" },
        "west":  { "uv": [ 13.5, 7.5, 14, 9 ], "texture": "#texture" }
    }
},
{
    "from": [ 11, 13.5, 6.5 ],
    "to": [ 11.5, 15.5, 7.5 ],
    "faces": {
        "up":    { "uv": [ 13.5, 7.5, 14, 8.5 ], "texture": "#texture" },
        "north": { "uv": [ 13.5, 7.5, 14, 9.5 ], "texture": "#texture" },
        "south": { "uv": [ 13.5, 7.5, 14, 9.5 ], "texture": "#texture" },
        "west":  { "uv": [ 13.5, 7.5, 14, 9.5 ], "texture": "#texture" }
    }
},
{
    "from": [ 12, 16, 6.5 ],
    "to": [ 13.5, 17, 7.5 ],
    "faces": {
        "down":  { "uv": [ 14.5, 6, 16, 6.5 ], "texture": "#texture", "cullface": "up" },
        "north": { "uv": [ 16, 6, 14.5, 7 ], "texture": "#texture", "cullface": "up" },
        "south": { "uv": [ 14.5, 6, 16, 7 ], "texture": "#texture", "cullface": "up" },
        "west":  { "uv": [ 14.5, 6, 15, 7 ], "texture": "#texture", "cullface": "up" },
        "east":  { "uv": [ 15.5, 6, 16, 7 ], "texture": "#texture", "cullface": "up" }
    }
},
{
    "from": [ 12.5, 15, 6.5 ],
    "to": [ 13, 16, 7.5 ],
    "faces": {
        "down":  { "uv": [ 3.5, 7.5, 3, 6.5 ], "texture": "#texture" },
        "north": { "uv": [ 3, 0, 3.5, 1 ], "texture": "#texture" },
        "south": { "uv": [ 12.5, 0, 13, 1 ], "texture": "#texture" },
        "east":  { "uv": [ 8.5, 0, 9.5, 1 ], "texture": "#texture" }
    }
},
{
    "from": [ 4, 15, 6.5 ],
    "to": [ 4.5, 16, 7.5 ],
    "faces": {
        "down":  { "uv": [ 6.5, 7, 7, 8 ], "texture": "#texture" },
        "north": { "uv": [ 6.5, 7, 7, 8 ], "texture": "#texture" },
        "south": { "uv": [ 6.5, 7, 7, 8 ], "texture": "#texture" },
        "west":  { "uv": [ 6.5, 7, 7, 8 ], "texture": "#texture" }
    }
},
{
    "from": [ 3.5, 16, 6.5 ],
    "to": [ 5, 17, 7.5 ],
    "faces": {
        "down":  { "uv": [ 6, 6, 7.5, 7 ], "texture": "#texture", "cullface": "up" },
        "north": { "uv": [ 7.5, 6, 6, 7 ], "texture": "#texture", "cullface": "up" },
        "south": { "uv": [ 6, 6, 7.5, 7 ], "texture": "#texture", "cullface": "up" },
        "west":  { "uv": [ 6, 6, 6.5, 7 ], "texture": "#texture", "cullface": "up" },
        "east":  { "uv": [ 7, 6, 7.5, 7 ], "texture": "#texture", "cullface": "up" }
    }
},
{
    "from": [ 7, 13.5, 6.25 ],
    "to": [ 7.5, 14.625, 7.75 ],
    "faces": {
        "down":  { "uv": [ 9.5, 8.5, 10, 9.5 ], "texture": "#texture" },
        "up":    { "uv": [ 9.5, 8.5, 10, 9.5 ], "texture": "#texture" },
        "north": { "uv": [ 9.5, 8.5, 10, 9.5 ], "texture": "#texture" },
        "south": { "uv": [ 9.5, 8.5, 10, 9.5 ], "texture": "#texture" },
        "west":  { "uv": [ 9.5, 8.5, 10, 9.5 ], "texture": "#texture" },
        "east":  { "uv": [ 9.5, 8.5, 10, 9.5 ], "texture": "#texture" }
    }
},
{
    "from": [ 3.5, 17.5, 6.5 ],
    "to": [ 4.5, 19, 7.5 ],
    "faces": {
        "north": { "uv": [ 7, 4, 6, 5.5 ], "texture": "#texture", "cullface": "up" },
        "south": { "uv": [ 6, 4, 7, 5.5 ], "texture": "#texture", "cullface": "up" },
        "west":  { "uv": [ 6, 4, 6.5, 5.5 ], "texture": "#texture", "cullface": "up" },
        "east":  { "uv": [ 6.5, 4, 7, 5.5 ], "texture": "#texture", "cullface": "up" }
    }
},
{
    "from": [ 12.5, 17.5, 6.5 ],
    "to": [ 13.5, 19, 7.5 ],
    "faces": {
        "north": { "uv": [ 15, 4, 16, 5.5 ], "texture": "#texture", "cullface": "up" },
        "south": { "uv": [ 15, 4, 16, 5.5 ], "texture": "#texture", "cullface": "up" },
        "west":  { "uv": [ 15, 4, 15.5, 5.5 ], "texture": "#texture", "cullface": "up" },
        "east":  { "uv": [ 15, 4, 15.5, 5.5 ], "texture": "#texture", "cullface": "up" }
    }
},
{
    "from": [ 11.5, 19, 6.25 ],
    "to": [ 13.5, 19.5, 7.75 ],
    "faces": {
        "down":  { "uv": [ 14, 3.5, 16, 4 ], "texture": "#texture", "cullface": "up" },
        "up":    { "uv": [ 14, 3.5, 16, 4 ], "texture": "#texture", "cullface": "up" },
        "north": { "uv": [ 14, 3.5, 16, 4 ], "texture": "#texture", "cullface": "up" },
        "south": { "uv": [ 14, 3.5, 16, 4 ], "texture": "#texture", "cullface": "up" },
        "west":  { "uv": [ 14, 3.5, 15.5, 4 ], "texture": "#texture", "cullface": "up" },
        "east":  { "uv": [ 14, 3.5, 15.5, 4 ], "texture": "#texture", "cullface": "up" }
    }
},
{
    "from": [ 3.5, 19.5, 6.5 ],
    "to": [ 5, 20, 7.5 ],
    "faces": {
        "up":    { "uv": [ 6, 3, 7.5, 3.5 ], "texture": "#texture", "cullface": "up" },
        "north": { "uv": [ 7.5, 3, 6, 3.5 ], "texture": "#texture", "cullface": "up" },
        "south": { "uv": [ 6, 3, 7.5, 3.5 ], "texture": "#texture", "cullface": "up" },
        "west":  { "uv": [ 6, 3, 6.5, 3.5 ], "texture": "#texture", "cullface": "up" },
        "east":  { "uv": [ 7, 3, 7.5, 3.5 ], "texture": "#texture", "cullface": "up" }
    }
},
{
    "from": [ 4, 20, 6.5 ],
    "to": [ 5.5, 20.5, 7.5 ],
    "faces": {
        "down":  { "uv": [ 6.5, 2.5, 8, 3 ], "texture": "#texture", "cullface": "up" },
        "up":    { "uv": [ 6.5, 2.5, 8, 3 ], "texture": "#texture", "cullface": "up" },
        "north": { "uv": [ 8, 2.5, 6.5, 3 ], "texture": "#texture", "cullface": "up" },
        "south": { "uv": [ 6.5, 2.5, 8, 3 ], "texture": "#texture", "cullface": "up" },
        "west":  { "uv": [ 6.5, 2.5, 7, 3 ], "texture": "#texture", "cullface": "up" },
        "east":  { "uv": [ 7.5, 2.5, 8, 3 ], "texture": "#texture", "cullface": "up" }
    }
},
{
    "from": [ 4.5, 20.5, 6.5 ],
    "to": [ 6, 21, 7.5 ],
    "faces": {
        "down":  { "uv": [ 7, 2, 8.5, 2.5 ], "texture": "#texture", "cullface": "up" },
        "north": { "uv": [ 8.5, 2, 7, 2.5 ], "texture": "#texture", "cullface": "up" },
        "south": { "uv": [ 7, 2, 8.5, 2.5 ], "texture": "#texture", "cullface": "up" },
        "west":  { "uv": [ 7, 2, 7.5, 2.5 ], "texture": "#texture", "cullface": "up" },
        "east":  { "uv": [ 8, 2, 8.5, 2.5 ], "texture": "#texture", "cullface": "up" }
    }
},
{
    "from": [ 4.5, 21, 6.5 ],
    "to": [ 6.5, 21.5, 7.5 ],
    "faces": {
        "down":  { "uv": [ 7, 1.5, 9, 2 ], "texture": "#texture", "cullface": "up" },
        "up":    { "uv": [ 7, 1.5, 9, 2 ], "texture": "#texture", "cullface": "up" },
        "north": { "uv": [ 9, 1.5, 7, 2 ], "texture": "#texture", "cullface": "up" },
        "south": { "uv": [ 7, 1.5, 9, 2 ], "texture": "#texture", "cullface": "up" },
        "west":  { "uv": [ 7.5, 1, 8, 1.5 ], "texture": "#texture", "cullface": "up" },
        "east":  { "uv": [ 7.5, 1, 8, 1.5 ], "texture": "#texture", "cullface": "up" }
    }
},
{
    "from": [ 5.5, 22, 6.5 ],
    "to": [ 11.5, 22.5, 7.5 ],
    "faces": {
        "down":  { "uv": [ 8, 0.5, 14, 1 ], "texture": "#texture", "cullface": "up" },
        "up":    { "uv": [ 8, 0.5, 14, 1 ], "texture": "#texture", "cullface": "up" },
        "north": { "uv": [ 14, 0.5, 8, 1 ], "texture": "#texture", "cullface": "up" },
        "south": { "uv": [ 8, 0.5, 14, 1 ], "texture": "#texture", "cullface": "up" },
        "west":  { "uv": [ 8.25, 0.5, 9.25, 1 ], "texture": "#texture", "cullface": "up" },
        "east":  { "uv": [ 8.25, 0.5, 9.25, 1 ], "texture": "#texture", "cullface": "up" }
    }
},
{
    "from": [ 6.5, 22.5, 6.5 ],
    "to": [ 10.5, 23, 7.5 ],
    "faces": {
        "up":    { "uv": [ 9, 0, 13, 0.5 ], "texture": "#texture", "cullface": "up" },
        "north": { "uv": [ 9, 0, 13, 0.5 ], "texture": "#texture", "cullface": "up" },
        "south": { "uv": [ 9, 0, 13, 0.5 ], "texture": "#texture", "cullface": "up" },
        "west":  { "uv": [ 9, 0, 9.5, 0.5 ], "texture": "#texture", "cullface": "up" },
        "east":  { "uv": [ 9, 0, 9.5, 0.5 ], "texture": "#texture", "cullface": "up" }
    }
},
{
    "from": [ 7.5, 23, 6.5 ],
    "to": [ 9.5, 24, 7.5 ],
    "faces": {
        "up":    { "uv": [ 10, 4.5, 12, 5 ], "texture": "#texture", "cullface": "up" },
        "north": { "uv": [ 12, 4.5, 10, 5.5 ], "texture": "#texture", "cullface": "up" },
        "south": { "uv": [ 10, 4.5, 12, 5.5 ], "texture": "#texture", "cullface": "up" },
        "west":  { "uv": [ 10, 4.5, 10.5, 5.5 ], "texture": "#texture", "cullface": "up" },
        "east":  { "uv": [ 11.5, 4.5, 12, 5.5 ], "texture": "#texture", "cullface": "up" }
    }
},
{
    "from": [ 8, 24, 6.5 ],
    "to": [ 9, 25.5, 7.5 ],
    "faces": {
        "up":    { "uv": [ 10.5, 3, 11.5, 3.5 ], "texture": "#texture", "cullface": "up" },
        "north": { "uv": [ 11.5, 3, 10.5, 4.5 ], "texture": "#texture", "cullface": "up" },
        "south": { "uv": [ 10.5, 3, 11.5, 4.5 ], "texture": "#texture", "cullface": "up" },
        "west":  { "uv": [ 10.5, 3, 11, 4.5 ], "texture": "#texture", "cullface": "up" },
        "east":  { "uv": [ 11, 3, 11.5, 4.5 ], "texture": "#texture", "cullface": "up" }
    }
},
{
    "from": [ 9.5, 21.5, 6.5 ],
    "to": [ 12, 22, 7.5 ],
    "faces": {
        "down":  { "uv": [ 12, 1, 14.5, 1.5 ], "texture": "#texture", "cullface": "up" },
        "up":    { "uv": [ 12, 1, 14.5, 1.5 ], "texture": "#texture", "cullface": "up" },
        "north": { "uv": [ 14.5, 1, 12, 1.5 ], "texture": "#texture", "cullface": "up" },
        "south": { "uv": [ 12, 1, 14.5, 1.5 ], "texture": "#texture", "cullface": "up" },
        "west":  { "uv": [ 12.5, 1, 13, 1.5 ], "texture": "#texture", "cullface": "up" },
        "east":  { "uv": [ 14, 1, 14.5, 1.5 ], "texture": "#texture", "cullface": "up" }
    }
},
{
    "from": [ 10.5, 21, 6.5 ],
    "to": [ 12.5, 21.5, 7.5 ],
    "faces": {
        "down":  { "uv": [ 13, 1.5, 15, 2 ], "texture": "#texture", "cullface": "up" },
        "up":    { "uv": [ 13, 1.5, 15, 2 ], "texture": "#texture", "cullface": "up" },
        "north": { "uv": [ 15, 1.5, 13, 2 ], "texture": "#texture", "cullface": "up" },
        "south": { "uv": [ 13, 1.5, 15, 2 ], "texture": "#texture", "cullface": "up" },
        "west":  { "uv": [ 13, 1.5, 13.5, 2 ], "texture": "#texture", "cullface": "up" },
        "east":  { "uv": [ 14, 1.5, 15, 2 ], "texture": "#texture", "cullface": "up" }
    }
},
{
    "from": [ 11, 20.5, 6.5 ],
    "to": [ 12.5, 21, 7.5 ],
    "faces": {
        "down":  { "uv": [ 13.5, 2, 15, 2.5 ], "texture": "#texture", "cullface": "up" },
        "north": { "uv": [ 15, 2, 13.5, 2.5 ], "texture": "#texture", "cullface": "up" },
        "south": { "uv": [ 13.5, 2, 15, 2.5 ], "texture": "#texture", "cullface": "up" },
        "west":  { "uv": [ 13.5, 2, 14, 2.5 ], "texture": "#texture", "cullface": "up" },
        "east":  { "uv": [ 14, 2, 15, 2.5 ], "texture": "#texture", "cullface": "up" }
    }
},
{
    "from": [ 12, 19.5, 6.5 ],
    "to": [ 13.5, 20, 7.5 ],
    "faces": {
        "up":    { "uv": [ 14.5, 3, 16, 3.5 ], "texture": "#texture", "cullface": "up" },
        "north": { "uv": [ 16, 3, 14.5, 3.5 ], "texture": "#texture", "cullface": "up" },
        "south": { "uv": [ 14.5, 3, 16, 3.5 ], "texture": "#texture", "cullface": "up" },
        "west":  { "uv": [ 14.5, 3, 15, 3.5 ], "texture": "#texture", "cullface": "up" },
        "east":  { "uv": [ 15, 3, 16, 3.5 ], "texture": "#texture", "cullface": "up" }
    }
},
{
    "from": [ 5, 21.5, 6.5 ],
    "to": [ 7.5, 22, 7.5 ],
    "faces": {
        "down":  { "uv": [ 7.5, 1, 10, 1.5 ], "texture": "#texture", "cullface": "up" },
        "up":    { "uv": [ 7.5, 1, 10, 1.5 ], "texture": "#texture", "cullface": "up" },
        "north": { "uv": [ 10, 1, 7.5, 1.5 ], "texture": "#texture", "cullface": "up" },
        "south": { "uv": [ 7.5, 1, 10, 1.5 ], "texture": "#texture", "cullface": "up" },
        "west":  { "uv": [ 7.5, 1, 8, 1.5 ], "texture": "#texture", "cullface": "up" },
        "east":  { "uv": [ 7.5, 1, 8, 1.5 ], "texture": "#texture", "cullface": "up" }
    }
},
{
    "from": [ 11.5, 20, 6.5 ],
    "to": [ 13, 20.5, 7.5 ],
    "faces": {
        "down":  { "uv": [ 14, 2.5, 15.5, 3 ], "texture": "#texture", "cullface": "up" },
        "up":    { "uv": [ 14, 2.5, 15.5, 3 ], "texture": "#texture", "cullface": "up" },
        "north": { "uv": [ 15.5, 2.5, 14, 3 ], "texture": "#texture", "cullface": "up" },
        "south": { "uv": [ 14, 2.5, 15.5, 3 ], "texture": "#texture", "cullface": "up" },
        "west":  { "uv": [ 14, 2.5, 14.5, 3 ], "texture": "#texture", "cullface": "up" },
        "east":  { "uv": [ 14.5, 2.5, 15.5, 3 ], "texture": "#texture", "cullface": "up" }
    }
},
{
    "from": [ 7, 21.5, 6.25 ],
    "to": [ 7.5, 23, 7.75 ],
    "faces": {
        "down":  { "uv": [ 9, 7.75, 8.5, 6.25 ], "texture": "#texture", "cullface": "up" },
        "up":    { "uv": [ 9.5, 0, 10, 1.5 ], "texture": "#texture", "cullface": "up" },
        "north": { "uv": [ 9.5, 0, 10, 1.5 ], "texture": "#texture", "cullface": "up" },
        "south": { "uv": [ 9.5, 0, 10, 1.5 ], "texture": "#texture", "cullface": "up" },
        "west":  { "uv": [ 9.5, 0, 10, 1.5 ], "texture": "#texture", "cullface": "up" },
        "east":  { "uv": [ 9.5, 0, 10, 1.5 ], "texture": "#texture", "cullface": "up" }
    }
},
{
    "from": [ 7.5, 21.5, 6.5 ],
    "to": [ 9.5, 22, 7 ],
    "faces": {
        "down":  { "uv": [ 10, 1, 12, 1.5 ], "texture": "#texture", "cullface": "up" },
        "north": { "uv": [ 10, 1, 12, 1.5 ], "texture": "#texture", "cullface": "up" }
    }
},
{
    "from": [ 6, 20.5, 6.5 ],
    "to": [ 6.5, 21, 7 ],
    "faces": {
        "down":  { "uv": [ 9, 1.5, 9.5, 2 ], "texture": "#texture", "cullface": "up" },
        "north": { "uv": [ 9, 1.5, 9.5, 2 ], "texture": "#texture", "cullface": "up" },
        "east":  { "uv": [ 9, 1.5, 9.5, 2 ], "texture": "#texture", "cullface": "up" }
    }
},
{
    "from": [ 12, 17.5, 6.5 ],
    "to": [ 12.5, 19, 7 ],
    "faces": {
        "north": { "uv": [ 14.5, 4, 15, 5.5 ], "texture": "#texture", "cullface": "up" },
        "west":  { "uv": [ 14.5, 4, 15, 5.5 ], "texture": "#texture", "cullface": "up" }
    }
},
{
    "from": [ 5, 16, 6.5 ],
    "to": [ 5.5, 17, 7 ],
    "faces": {
        "north": { "uv": [ 7.5, 6, 8, 7 ], "texture": "#texture", "cullface": "up" },
        "east":  { "uv": [ 7.5, 6, 8, 6.5 ], "texture": "#texture", "cullface": "up" }
    }
},
{
    "from": [ 11.5, 16, 6.5 ],
    "to": [ 12, 17, 7 ],
    "faces": {
        "north": { "uv": [ 14, 6, 14.5, 7 ], "texture": "#texture", "cullface": "up" },
        "west":  { "uv": [ 14, 6, 14.5, 7 ], "texture": "#texture", "cullface": "up" }
    }
},
{
    "from": [ 7.5, 14, 6.5 ],
    "to": [ 10, 14.5, 7 ],
    "faces": {
        "up":    { "uv": [ 10, 8.5, 12.5, 9 ], "texture": "#texture" },
        "north": { "uv": [ 10, 8.5, 12.5, 9 ], "texture": "#texture" }
    }
},
{
    "from": [ 1, 9.5, 7 ],
    "to": [ 17, 25.5, 7.0625 ],
    "faces": {
        "north": { "uv": [ 11.25, 1, 5, 7.25 ], "texture": "#particle", "cullface": "east" },
        "south": { "uv": [ 5, 1, 11.25, 7.25 ], "texture": "#particle", "cullface": "east" }
    }
},
{
    "from": [ 9.5, 21.5, 6.25 ],
    "to": [ 10, 23, 7.75 ],
    "faces": {
        "down":  { "uv": [ 9, 7.75, 8.5, 6.25 ], "texture": "#texture", "cullface": "up" },
        "up":    { "uv": [ 9.5, 0, 10, 1.5 ], "texture": "#texture", "cullface": "up" },
        "north": { "uv": [ 9.5, 0, 10, 1.5 ], "texture": "#texture", "cullface": "up" },
        "south": { "uv": [ 9.5, 0, 10, 1.5 ], "texture": "#texture", "cullface": "up" },
        "west":  { "uv": [ 9.5, 0, 10, 1.5 ], "texture": "#texture", "cullface": "up" },
        "east":  { "uv": [ 9.5, 0, 10, 1.5 ], "texture": "#texture", "cullface": "up" }
    }
},
{
    "from": [ 5.5, 20, 6.5 ],
    "to": [ 6, 20.5, 7 ],
    "faces": {
        "down":  { "uv": [ 9, 1.5, 9.5, 2 ], "texture": "#texture", "cullface": "up" },
        "north": { "uv": [ 9, 1.5, 9.5, 2 ], "texture": "#texture", "cullface": "up" },
        "east":  { "uv": [ 9, 1.5, 9.5, 2 ], "texture": "#texture", "cullface": "up" }
    }
},
{
    "from": [ 5, 19.5, 6.5 ],
    "to": [ 5.5, 20, 7 ],
    "faces": {
        "north": { "uv": [ 9, 1.5, 9.5, 2 ], "texture": "#texture", "cullface": "up" },
        "east":  { "uv": [ 9, 1.5, 9.5, 2 ], "texture": "#texture", "cullface": "up" }
    }
},
{
    "from": [ 6.5, 21, 6.5 ],
    "to": [ 7, 21.5, 7 ],
    "faces": {
        "down":  { "uv": [ 9, 1.5, 9.5, 2 ], "texture": "#texture", "cullface": "up" },
        "north": { "uv": [ 9, 1.5, 9.5, 2 ], "texture": "#texture", "cullface": "up" },
        "east":  { "uv": [ 9, 1.5, 9.5, 2 ], "texture": "#texture", "cullface": "up" }
    }
},
{
    "from": [ 10, 21, 6.5 ],
    "to": [ 10.5, 21.5, 7 ],
    "faces": {
        "down":  { "uv": [ 9, 1.5, 9.5, 2 ], "texture": "#texture", "cullface": "up" },
        "north": { "uv": [ 9, 1.5, 9.5, 2 ], "texture": "#texture", "cullface": "up" },
        "west":  { "uv": [ 9, 1.5, 9.5, 2 ], "texture": "#texture", "cullface": "up" }
    }
},
{
    "from": [ 10, 21, 6.5 ],
    "to": [ 10.5, 21.5, 7 ],
    "faces": {
        "down":  { "uv": [ 9, 1.5, 9.5, 2 ], "texture": "#texture", "cullface": "up" },
        "north": { "uv": [ 9, 1.5, 9.5, 2 ], "texture": "#texture", "cullface": "up" },
        "west":  { "uv": [ 9, 1.5, 9.5, 2 ], "texture": "#texture", "cullface": "up" }
    }
},
{
    "from": [ 10.5, 20.5, 6.5 ],
    "to": [ 11, 21, 7 ],
    "faces": {
        "down":  { "uv": [ 9, 1.5, 9.5, 2 ], "texture": "#texture", "cullface": "up" },
        "north": { "uv": [ 9, 1.5, 9.5, 2 ], "texture": "#texture", "cullface": "up" },
        "west":  { "uv": [ 9, 1.5, 9.5, 2 ], "texture": "#texture", "cullface": "up" }
    }
},
{
    "from": [ 11, 20, 6.5 ],
    "to": [ 11.5, 20.5, 7 ],
    "faces": {
        "down":  { "uv": [ 9, 1.5, 9.5, 2 ], "texture": "#texture", "cullface": "up" },
        "north": { "uv": [ 9, 1.5, 9.5, 2 ], "texture": "#texture", "cullface": "up" },
        "west":  { "uv": [ 9, 1.5, 9.5, 2 ], "texture": "#texture", "cullface": "up" }
    }
},
{
    "from": [ 11.5, 19.5, 6.5 ],
    "to": [ 12, 20, 7 ],
    "faces": {
        "north": { "uv": [ 9, 1.5, 9.5, 2 ], "texture": "#texture", "cullface": "up" },
        "west":  { "uv": [ 9, 1.5, 9.5, 2 ], "texture": "#texture", "cullface": "up" }
    }
},
{
    "from": [ 5.5, 15.5, 6.5 ],
    "to": [ 6, 16, 7 ],
    "faces": {
        "up":    { "uv": [ 9, 1.5, 9.5, 2 ], "texture": "#texture", "cullface": "up" },
        "north": { "uv": [ 9, 1.5, 9.5, 2 ], "texture": "#texture" },
        "east":  { "uv": [ 9, 1.5, 9.5, 2 ], "texture": "#texture" }
    }
},
{
    "from": [ 5.75, 15.5, 6.5 ],
    "to": [ 6.25, 16, 7 ],
    "faces": {
        "down":  { "uv": [ 9, 1.5, 9.5, 2 ], "texture": "#texture" },
        "up":    { "uv": [ 9, 1.5, 9.5, 2 ], "texture": "#texture", "cullface": "up" },
        "north": { "uv": [ 9, 1.5, 9.5, 2 ], "texture": "#texture" },
        "west":  { "uv": [ 9, 1.5, 9.5, 2 ], "texture": "#texture" },
        "east":  { "uv": [ 9, 1.5, 9.5, 2 ], "texture": "#texture" }
    }
},
{
    "from": [ 6, 15, 6.5 ],
    "to": [ 6.5, 15.5, 7 ],
    "faces": {
        "up":    { "uv": [ 9, 1.5, 9.5, 2 ], "texture": "#texture" },
        "north": { "uv": [ 9, 1.5, 9.5, 2 ], "texture": "#texture" },
        "east":  { "uv": [ 9, 1.5, 9.5, 2 ], "texture": "#texture" }
    }
},
{
    "from": [ 6.5, 14.5, 6.5 ],
    "to": [ 7, 15, 7 ],
    "faces": {
        "up":    { "uv": [ 9, 1.5, 9.5, 2 ], "texture": "#texture" },
        "north": { "uv": [ 9, 1.5, 9.5, 2 ], "texture": "#texture" },
        "east":  { "uv": [ 9, 1.5, 9.5, 2 ], "texture": "#texture" }
    }
},
{
    "from": [ 10, 14.5, 6.5 ],
    "to": [ 10.5, 15, 7 ],
    "faces": {
        "up":    { "uv": [ 9, 1.5, 9.5, 2 ], "texture": "#texture" },
        "north": { "uv": [ 9, 1.5, 9.5, 2 ], "texture": "#texture" },
        "west":  { "uv": [ 9, 1.5, 9.5, 2 ], "texture": "#texture" }
    }
},
{
    "from": [ 10.5, 15, 6.5 ],
    "to": [ 11, 15.5, 7 ],
    "faces": {
        "up":    { "uv": [ 9, 1.5, 9.5, 2 ], "texture": "#texture" },
        "north": { "uv": [ 9, 1.5, 9.5, 2 ], "texture": "#texture" },
        "west":  { "uv": [ 9, 1.5, 9.5, 2 ], "texture": "#texture" }
    }
},
{
    "from": [ 11, 15.5, 6.5 ],
    "to": [ 11.5, 16, 7 ],
    "faces": {
        "up":    { "uv": [ 9, 1.5, 9.5, 2 ], "texture": "#texture", "cullface": "up" },
        "north": { "uv": [ 9, 1.5, 9.5, 2 ], "texture": "#texture" },
        "west":  { "uv": [ 9, 1.5, 9.5, 2 ], "texture": "#texture" }
    }
},
{
    "from": [ 11.5, 17, 6.25 ],
    "to": [ 13.5, 17.5, 7.75 ],
    "faces": {
        "down":  { "uv": [ 14, 3.5, 16, 4 ], "texture": "#texture", "cullface": "up" },
        "up":    { "uv": [ 14, 3.5, 16, 4 ], "texture": "#texture", "cullface": "up" },
        "north": { "uv": [ 14, 3.5, 16, 4 ], "texture": "#texture", "cullface": "up" },
        "south": { "uv": [ 14, 3.5, 16, 4 ], "texture": "#texture", "cullface": "up" },
        "west":  { "uv": [ 14, 3.5, 15.5, 4 ], "texture": "#texture", "cullface": "up" },
        "east":  { "uv": [ 14, 3.5, 15.5, 4 ], "texture": "#texture", "cullface": "up" }
    }
},
{
    "from": [ 3.5, 17, 6.25 ],
    "to": [ 5.5, 17.5, 7.75 ],
    "faces": {
        "down":  { "uv": [ 14, 3.5, 16, 4 ], "texture": "#texture", "cullface": "up" },
        "up":    { "uv": [ 14, 3.5, 16, 4 ], "texture": "#texture", "cullface": "up" },
        "north": { "uv": [ 14, 3.5, 16, 4 ], "texture": "#texture", "cullface": "up" },
        "south": { "uv": [ 14, 3.5, 16, 4 ], "texture": "#texture", "cullface": "up" },
        "west":  { "uv": [ 14, 3.5, 15.5, 4 ], "texture": "#texture", "cullface": "up" },
        "east":  { "uv": [ 14, 3.5, 15.5, 4 ], "texture": "#texture", "cullface": "up" }
    }
},
{
    "from": [ 3.5, 19, 6.25 ],
    "to": [ 5.5, 19.5, 7.75 ],
    "faces": {
        "down":  { "uv": [ 14, 3.5, 16, 4 ], "texture": "#texture", "cullface": "up" },
        "up":    { "uv": [ 14, 3.5, 16, 4 ], "texture": "#texture", "cullface": "up" },
        "north": { "uv": [ 14, 3.5, 16, 4 ], "texture": "#texture", "cullface": "up" },
        "south": { "uv": [ 14, 3.5, 16, 4 ], "texture": "#texture", "cullface": "up" },
        "west":  { "uv": [ 14, 3.5, 15.5, 4 ], "texture": "#texture", "cullface": "up" },
        "east":  { "uv": [ 14, 3.5, 15.5, 4 ], "texture": "#texture", "cullface": "up" }
    }
},
{
    "from": [ 4.5, 17.5, 6.5 ],
    "to": [ 5, 19, 7 ],
    "faces": {
        "north": { "uv": [ 14.5, 4, 15, 5.5 ], "texture": "#texture", "cullface": "up" },
        "east":  { "uv": [ 14.5, 4, 15, 5.5 ], "texture": "#texture", "cullface": "up" }
    }
},
{
    "from": [ 10, 13.5, 6.25 ],
    "to": [ 10.5, 14.5, 7.75 ],
    "faces": {
        "down":  { "uv": [ 9.5, 8.5, 10, 9.5 ], "texture": "#texture" },
        "up":    { "uv": [ 9.5, 8.5, 10, 9.5 ], "texture": "#texture" },
        "north": { "uv": [ 9.5, 8.5, 10, 9.5 ], "texture": "#texture" },
        "south": { "uv": [ 9.5, 8.5, 10, 9.5 ], "texture": "#texture" },
        "west":  { "uv": [ 9.5, 8.5, 10, 9.5 ], "texture": "#texture" },
        "east":  { "uv": [ 9.5, 8.5, 10, 9.5 ], "texture": "#texture" }
    }
},
{
    "from": [ 6.5, -11.5, 4.75 ],
    "to": [ 10.5, -11.25, 9.25 ],
    "faces": {
        "up":    { "uv": [ 9.5, 13, 14.5, 13.5 ], "texture": "#texture", "cullface": "down" },
        "north": { "uv": [ 9.5, 13, 14.5, 13.5 ], "texture": "#texture", "cullface": "down" },
        "south": { "uv": [ 9.5, 13, 14.5, 13.5 ], "texture": "#texture", "cullface": "down" },
        "west":  { "uv": [ 10, 12.5, 14, 13 ], "texture": "#texture", "cullface": "down" },
        "east":  { "uv": [ 10, 12.5, 14, 13 ], "texture": "#texture", "cullface": "down" }
    }
},
{
    "from": [ 7, -11, 5.25 ],
    "to": [ 10, -10.75, 8.75 ],
    "faces": {
        "up":    { "uv": [ 10, 13, 14, 13.5 ], "texture": "#texture", "cullface": "down" },
        "north": { "uv": [ 10, 12.5, 14, 13 ], "texture": "#texture", "cullface": "down" },
        "south": { "uv": [ 10, 12.5, 14, 13 ], "texture": "#texture", "cullface": "down" },
        "west":  { "uv": [ 10.5, 12, 13.5, 12.5 ], "texture": "#texture", "cullface": "down" },
        "east":  { "uv": [ 10.5, 12, 13.5, 12.5 ], "texture": "#texture", "cullface": "down" }
    }
},
{
    "from": [ 7.5, -10.5, 5.75 ],
    "to": [ 9.5, -10.25, 8.25 ],
    "faces": {
        "up":    { "uv": [ 10.5, 12, 13.5, 13.5 ], "texture": "#texture", "cullface": "down" },
        "north": { "uv": [ 10.5, 12, 13.5, 12.5 ], "texture": "#texture", "cullface": "down" },
        "south": { "uv": [ 10.5, 12, 13.5, 12.5 ], "texture": "#texture", "cullface": "down" },
        "west":  { "uv": [ 11, 12, 13, 12.5 ], "texture": "#texture", "cullface": "down" },
        "east":  { "uv": [ 11, 12, 13, 12.5 ], "texture": "#texture", "cullface": "down" }
    }
}
],
"display": {
    "thirdperson": {
        "rotation": [ 0, 84, -92 ],
        "translation": [ 1.1, 0.5, -6.6 ],
        "scale": [ 1.1, 1.04, 1.04 ]
    },
    "firstperson": {
        "rotation": [ 3, -128, -9 ],
        "translation": [ 1.3, 4.7, 0 ],
        "scale": [ 1.73, 1.7, 1.67 ]
    },
    "gui": {
        "rotation": [ 18, -43, 37 ],
        "translation": [ -0.7, 0.6, -0.8 ],
        "scale": [ 0.79, 0.76, 0.13 ]
    }
}
}