{
    "__comment": "Model generated using MrCrayfish's Model Creator (http://mrcrayfish.com/modelcreator/)",
    "textures": {
        "0": "blocks/hammerhead",
        "1": "blocks/hammerhandle"
    },
    "elements": [
        {
            "name": "Cube",
            "from": [ 6.0, 10.0, 4.0 ], 
            "to": [ 10.0, 14.0, 8.000000029802322 ], 
            "faces": {
                "north": { "texture": "#0", "uv": [ 0.0, 0.0, 8.0, 8.0 ] },
                "east": { "texture": "#0", "uv": [ 0.0, 8.0, 8.0, 16.0 ], "rotation": 180 },
                "south": { "texture": "#0", "uv": [ 0.0, 0.0, 8.0, 8.0 ] },
                "west": { "texture": "#0", "uv": [ 0.0, 8.0, 8.0, 16.0 ] },
                "up": { "texture": "#0", "uv": [ 8.0, 0.0, 16.0, 8.000000029802322 ] },
                "down": { "texture": "#0", "uv": [ 8.0, 0.0, 16.0, 8.000000029802322 ], "rotation": 180 }
            }
        },
        {
            "name": "Cube",
            "from": [ 6.0, 10.0, 8.0 ], 
            "to": [ 10.0, 14.0, 12.000000029802322 ], 
            "faces": {
                "north": { "texture": "#0", "uv": [ 0.0, 0.0, 8.0, 8.0 ], "rotation": 180 },
                "east": { "texture": "#0", "uv": [ 0.0, 8.0, 8.0, 16.0 ] },
                "south": { "texture": "#0", "uv": [ 0.0, 0.0, 8.0, 8.0 ], "rotation": 180 },
                "west": { "texture": "#0", "uv": [ 0.0, 8.0, 8.0, 16.0 ], "rotation": 180 },
                "up": { "texture": "#0", "uv": [ 8.0, 0.0, 16.0, 8.000000029802322 ], "rotation": 180 },
                "down": { "texture": "#0", "uv": [ 8.0, 0.0, 16.0, 8.000000029802322 ] }
            }
        },
        {
            "name": "Cube",
            "from": [ 5.500000007450581, 9.5, 6.799999997019768 ], 
            "to": [ 6.500000007450581, 14.5, 9.300000004470348 ], 
            "faces": {
                "north": { "texture": "#1", "uv": [ 12.0, 7.500000000000002, 13.0, 16.0 ], "rotation": 180 },
                "east": { "texture": "#1", "uv": [ 12.0, 7.500000000000002, 16.0, 16.0 ] },
                "south": { "texture": "#1", "uv": [ 15.0, 7.499999999999998, 16.0, 16.0 ], "rotation": 180 },
                "west": { "texture": "#1", "uv": [ 16.0, 7.500000000000002, 12.0, 16.0 ] },
                "up": { "texture": "#1", "uv": [ 12.0, 14.499999999999998, 16.0, 16.0 ], "rotation": 90 },
                "down": { "texture": "#1", "uv": [ 12.0, 7.500000000000002, 16.0, 9.50000000745058 ], "rotation": 270 }
            }
        },
        {
            "name": "Cube",
            "from": [ 9.50000000745058, 9.5, 6.799999997019768 ], 
            "to": [ 10.50000000745058, 14.5, 9.299999989569187 ], 
            "faces": {
                "north": { "texture": "#1", "uv": [ 12.0, 7.500000000000002, 13.0, 16.0 ] },
                "east": { "texture": "#1", "uv": [ 12.0, 7.500000000000002, 16.0, 16.0 ] },
                "south": { "texture": "#1", "uv": [ 15.0, 7.499999999999998, 16.0, 16.0 ] },
                "west": { "texture": "#1", "uv": [ 12.0, 7.500000000000002, 16.0, 16.0 ] },
                "up": { "texture": "#1", "uv": [ 12.0, 7.499999999999998, 16.0, 9.0 ], "rotation": 90 },
                "down": { "texture": "#1", "uv": [ 12.0, 14.0, 16.0, 15.999999992549418 ], "rotation": 270 }
            }
        },
        {
            "name": "Cube",
            "from": [ 5.300000004470348, 11.6, 7.799999997019768 ], 
            "to": [ 5.499999992549419, 12.099999977648258, 8.300000004470348 ], 
            "faces": {
                "north": { "texture": "#1", "uv": [ 13.499999999999998, 11.499999999999998, 14.499999999999998, 12.499999999999998 ] },
                "east": { "texture": "#1", "uv": [ 13.499999999999995, 11.500000000000002, 14.500000000000002, 12.500000000000002 ] },
                "south": { "texture": "#1", "uv": [ 13.499999999999998, 11.499999999999998, 14.499999999999998, 12.499999999999998 ] },
                "west": { "texture": "#1", "uv": [ 13.499999999999998, 11.500000000000002, 14.500000000000002, 12.500000000000002 ] },
                "up": { "texture": "#1", "uv": [ 13.499999999999998, 11.499999999999998, 14.499999999999998, 12.499999999999998 ] },
                "down": { "texture": "#1", "uv": [ 13.499999999999998, 11.499999999999998, 14.499999999999998, 12.499999999999998 ] }
            }
        },
        {
            "name": "Cube",
            "from": [ 10.50000000745058, 11.6, 7.799999997019768 ], 
            "to": [ 10.699999995529652, 12.099999977648258, 8.300000004470348 ], 
            "faces": {
                "north": { "texture": "#1", "uv": [ 13.499999999999998, 11.499999999999998, 14.499999999999998, 12.499999999999998 ] },
                "east": { "texture": "#1", "uv": [ 13.499999999999995, 11.500000000000002, 14.500000000000002, 12.500000000000002 ] },
                "south": { "texture": "#1", "uv": [ 13.499999999999998, 11.499999999999998, 14.499999999999998, 12.499999999999998 ] },
                "west": { "texture": "#1", "uv": [ 13.499999999999998, 11.500000000000002, 14.500000000000002, 12.500000000000002 ] },
                "up": { "texture": "#1", "uv": [ 13.499999999999998, 11.499999999999998, 14.499999999999998, 12.499999999999998 ] },
                "down": { "texture": "#1", "uv": [ 13.499999999999998, 11.499999999999998, 14.499999999999998, 12.499999999999998 ] }
            }
        },
        {
            "name": "Cube",
            "from": [ 6.500000007450581, 13.5, 6.799999997019768 ], 
            "to": [ 9.50000000745058, 14.5, 9.299999989569187 ], 
            "faces": {
                "north": { "texture": "#1", "uv": [ 12.0, 7.500000000000002, 12.500000000000002, 16.0 ] },
                "east": { "texture": "#1", "uv": [ 12.0, 7.500000000000002, 16.0, 16.0 ] },
                "south": { "texture": "#1", "uv": [ 15.499999999999998, 7.499999999999998, 16.0, 16.0 ] },
                "west": { "texture": "#1", "uv": [ 12.0, 7.500000000000002, 16.0, 9.2 ] },
                "up": { "texture": "#1", "uv": [ 12.0, 9.499999999999998, 16.0, 15.0 ], "rotation": 90 },
                "down": { "texture": "#1", "uv": [ 0.0, 0.0, 3.0, 2.4999999925494194 ] }
            }
        },
        {
            "name": "Cube",
            "from": [ 7.899999998509884, 14.5, 7.799999997019768 ], 
            "to": [ 8.399999991059303, 14.69999997317791, 8.300000004470348 ], 
            "faces": {
                "north": { "texture": "#1", "uv": [ 13.499999999999998, 11.499999999999998, 14.499999999999998, 12.499999999999998 ] },
                "east": { "texture": "#1", "uv": [ 13.499999999999995, 11.500000000000002, 14.500000000000002, 12.500000000000002 ] },
                "south": { "texture": "#1", "uv": [ 13.499999999999998, 11.499999999999998, 14.499999999999998, 12.499999999999998 ] },
                "west": { "texture": "#1", "uv": [ 13.499999999999998, 11.500000000000002, 14.500000000000002, 12.500000000000002 ] },
                "up": { "texture": "#1", "uv": [ 13.499999999999998, 11.499999999999998, 14.499999999999998, 12.499999999999998 ] },
                "down": { "texture": "#1", "uv": [ 13.499999999999998, 11.499999999999998, 14.499999999999998, 12.499999999999998 ] }
            }
        },
        {
            "name": "Cube",
            "from": [ 6.500000007450581, 9.5, 6.799999997019768 ], 
            "to": [ 9.50000000745058, 10.5, 9.299999989569187 ], 
            "faces": {
                "north": { "texture": "#1", "uv": [ 12.0, 7.500000000000002, 12.500000000000002, 16.0 ] },
                "east": { "texture": "#1", "uv": [ 12.0, 7.500000000000002, 16.0, 16.0 ] },
                "south": { "texture": "#1", "uv": [ 15.499999999999998, 7.499999999999998, 16.0, 16.0 ] },
                "west": { "texture": "#1", "uv": [ 12.0, 7.500000000000002, 16.0, 9.2 ] },
                "up": { "texture": "#1", "uv": [ 12.0, 9.499999999999998, 16.0, 15.0 ] },
                "down": { "texture": "#1", "uv": [ 12.0, 10.0, 16.0, 14.49999999254942 ], "rotation": 90 }
            }
        },
        {
            "name": "Cube",
            "from": [ 7.699999995529652, 4.5, 7.600000008940697 ], 
            "to": [ 8.699999995529652, 9.5, 8.600000008940697 ], 
            "shade": false,
            "faces": {
                "north": { "texture": "#1", "uv": [ 0.0, 0.0, 15.0, 4.0 ], "rotation": 90 },
                "east": { "texture": "#1", "uv": [ 0.0, 0.0, 15.0, 4.0 ], "rotation": 90 },
                "south": { "texture": "#1", "uv": [ 0.0, 0.0, 15.0, 4.0 ], "rotation": 90 },
                "west": { "texture": "#1", "uv": [ 0.0, 0.0, 15.0, 4.0 ], "rotation": 90 },
                "up": { "texture": "#1", "uv": [ 11.0, 0.0, 15.0, 4.0 ] },
                "down": { "texture": "#1", "uv": [ 11.0, 0.0, 15.0, 4.0 ] }
            }
        },
        {
            "name": "Cube",
            "from": [ 7.699999995529652, -0.5, 7.600000008940697 ], 
            "to": [ 8.699999995529652, 4.5, 8.600000008940697 ], 
            "shade": false,
            "faces": {
                "north": { "texture": "#1", "uv": [ 0.0, 0.0, 15.0, 4.0 ], "rotation": 270 },
                "east": { "texture": "#1", "uv": [ 0.0, 0.0, 15.0, 4.0 ], "rotation": 270 },
                "south": { "texture": "#1", "uv": [ 0.0, 0.0, 15.0, 4.0 ], "rotation": 270 },
                "west": { "texture": "#1", "uv": [ 0.0, 0.0, 15.0, 4.0 ], "rotation": 270 },
                "up": { "texture": "#1", "uv": [ 11.0, 0.0, 15.0, 4.0 ] },
                "down": { "texture": "#1", "uv": [ 0.0, 0.0, 0.5000000000000001, 4.0 ] }
            }
        },
        {
            "name": "Cube",
            "from": [ 7.299999989569187, -0.19999999552965164, 7.200000017881393 ], 
            "to": [ 9.099999986588955, 0.29999999701976776, 9.000000014901161 ], 
            "shade": false,
            "faces": {
                "north": { "texture": "#1", "uv": [ 11.0, 0.0, 15.0, 0.5000000000000001 ] },
                "east": { "texture": "#1", "uv": [ 11.0, 0.0, 15.0, 4.0 ], "rotation": 90 },
                "south": { "texture": "#1", "uv": [ 11.0, 0.0, 15.0, 0.5000000000000001 ], "rotation": 90 },
                "west": { "texture": "#1", "uv": [ 11.0, 0.0, 15.0, 4.0 ], "rotation": 90 },
                "up": { "texture": "#1", "uv": [ 11.0, 0.0, 15.0, 4.0 ] },
                "down": { "texture": "#1", "uv": [ 15.0, 0.0, 11.5, 4.0 ] }
            }
        }
    ],
"display": {
    "thirdperson": {
        "rotation": [ 268, 354, 0 ],
        "translation": [ 0.50, 1.00, -3.00 ],
        "scale": [ 1.75, 1.75, 1.75 ]
    },
    "firstperson": {
        "rotation": [ 12, 320, 0 ],
        "translation": [ -2.75, 5.50, -1.25 ],
        "scale": [ 2.00, 2.00, 2.00 ]
    },
    "gui": {
        "rotation": [ 320, 24, 38 ],
        "translation": [ 0.00, 0.00, 0.00 ],
        "scale": [ 1.75, 1.75, 1.75 ]
    
    }
}
    
}