{
"__comment": "designed by hypixel with bdcraft cubik pro 0.95 beta - http://bdcraft.net",
"textures": {
    "particle": "items/sgtshieldnorm",
    "texture": "items/sgtshieldnorm"
},
"elements": [ 
{
    "from": [ 4, 0, 7.5 ],
    "to": [ 12.5, 9, 8 ],
    "faces": {
        "down":  { "uv": [ 12.5, 16, 4, 15.5 ], "texture": "#texture", "cullface": "down" },
        "up":    { "uv": [ 4, 7, 12.5, 7.5 ], "texture": "#texture" },
        "north": { "uv": [ 4, 7, 12.5, 16 ], "texture": "#texture" },
        "south": { "uv": [ 4, 7, 12.5, 16 ], "texture": "#texture" },
        "west":  { "uv": [ 12, 7, 12.5, 16 ], "texture": "#texture" },
        "east":  { "uv": [ 4, 7, 4.5, 16 ], "texture": "#texture" }
    }
},
{
    "from": [ 3.5, 0.5, 7.5 ],
    "to": [ 13, 8.5, 8 ],
    "faces": {
        "down":  { "uv": [ 13, 15.5, 3.5, 15 ], "texture": "#texture" },
        "up":    { "uv": [ 3.5, 7.5, 13, 8 ], "texture": "#texture" },
        "north": { "uv": [ 3.5, 7.5, 13, 15.5 ], "texture": "#texture" },
        "south": { "uv": [ 3.5, 7.5, 13, 15.5 ], "texture": "#texture" },
        "west":  { "uv": [ 12.5, 7.5, 13, 15.5 ], "texture": "#texture" },
        "east":  { "uv": [ 3.5, 7.5, 4, 15.5 ], "texture": "#texture" }
    }
},
{
    "from": [ 2.5, 4.5, 7 ],
    "to": [ 4, 6, 8 ],
    "rotation": { "origin": [ 2.5, 4.5, 7 ], "axis": "y", "angle": -22.5 },
    "faces": {
        "down":  { "uv": [ 3.5, 11.5, 2, 11 ], "texture": "#texture" },
        "up":    { "uv": [ 2, 10, 3.5, 10.5 ], "texture": "#texture" },
        "north": { "uv": [ 2, 10, 2.5, 11.5 ], "texture": "#texture" },
        "south": { "uv": [ 2, 10, 3.5, 11.5 ], "texture": "#texture" },
        "west":  { "uv": [ 2, 10, 2.5, 11.5 ], "texture": "#texture" },
        "east":  { "uv": [ 2, 10, 2.5, 11.5 ], "texture": "#texture" }
    }
},
{
    "from": [ 12.625, 4.5, 7.5625 ],
    "to": [ 14.125, 6, 8.5625 ],
    "rotation": { "origin": [ 12.625, 4.5, 7.5625 ], "axis": "y", "angle": 22.5 },
    "faces": {
        "down":  { "uv": [ 14.5, 11.5, 13, 11 ], "texture": "#texture" },
        "up":    { "uv": [ 13, 10, 14.5, 10.5 ], "texture": "#texture" },
        "north": { "uv": [ 14, 10, 14.5, 11.5 ], "texture": "#texture" },
        "south": { "uv": [ 13, 10, 14.5, 11.5 ], "texture": "#texture" },
        "west":  { "uv": [ 14, 10, 14.5, 11.5 ], "texture": "#texture" },
        "east":  { "uv": [ 14, 10, 14.5, 11.5 ], "texture": "#texture" }
    }
},
{
    "from": [ 3.5, 1, 8 ],
    "to": [ 13, 8, 8.5 ],
    "faces": {
        "down":  { "uv": [ 13, 15, 3.5, 14.5 ], "texture": "#texture" },
        "up":    { "uv": [ 3.5, 8, 13, 8.5 ], "texture": "#texture" },
        "south": { "uv": [ 3.5, 8, 13, 15 ], "texture": "#texture" },
        "west":  { "uv": [ 3.5, 8, 4, 15 ], "texture": "#texture" },
        "east":  { "uv": [ 12.5, 8, 13, 15 ], "texture": "#texture" }
    }
},
{
    "from": [ 4, 0.5, 8 ],
    "to": [ 12.5, 8.5, 8.5 ],
    "faces": {
        "down":  { "uv": [ 12.5, 15.5, 4, 15 ], "texture": "#texture" },
        "up":    { "uv": [ 4, 7.5, 12.5, 8 ], "texture": "#texture" },
        "south": { "uv": [ 4, 7.5, 12.5, 15.5 ], "texture": "#texture" },
        "west":  { "uv": [ 4, 7.5, 4.5, 15.5 ], "texture": "#texture" },
        "east":  { "uv": [ 12, 7.5, 12.5, 15.5 ], "texture": "#texture" }
    }
},
{
    "from": [ 6.5, 8.5, 8 ],
    "to": [ 10, 9, 8.5 ],
    "faces": {
        "up":    { "uv": [ 6.5, 7, 10, 7.5 ], "texture": "#texture" },
        "south": { "uv": [ 6.5, 7, 10, 7.5 ], "texture": "#texture" },
        "west":  { "uv": [ 6, 7, 6.5, 7.5 ], "texture": "#texture" },
        "east":  { "uv": [ 10, 7, 10.5, 7.5 ], "texture": "#texture" }
    }
},
{
    "from": [ 5.5, 0, 8 ],
    "to": [ 11, 0.5, 8.5 ],
    "faces": {
        "down":  { "uv": [ 11, 16, 5.5, 15.5 ], "texture": "#texture", "cullface": "down" },
        "south": { "uv": [ 5.5, 15.5, 11, 16 ], "texture": "#texture" },
        "west":  { "uv": [ 5.5, 15.5, 6, 16 ], "texture": "#texture" },
        "east":  { "uv": [ 10.5, 15.5, 11, 16 ], "texture": "#texture" }
    }
},
{
    "from": [ 4, 1, 8.5 ],
    "to": [ 12.5, 8, 9 ],
    "faces": {
        "down":  { "uv": [ 12.5, 15, 4, 14.5 ], "texture": "#texture" },
        "up":    { "uv": [ 4, 8, 12.5, 8.5 ], "texture": "#texture" },
        "south": { "uv": [ 4, 8, 12.5, 15 ], "texture": "#texture" },
        "west":  { "uv": [ 4, 8, 4.5, 15 ], "texture": "#texture" },
        "east":  { "uv": [ 12, 8, 12.5, 15 ], "texture": "#texture" }
    }
},
{
    "from": [ 6.5, 8, 8.5 ],
    "to": [ 10, 8.5, 9 ],
    "faces": {
        "up":    { "uv": [ 6.5, 8.5, 10, 9 ], "texture": "#texture" },
        "south": { "uv": [ 6.5, 7.5, 10, 8 ], "texture": "#texture" },
        "west":  { "uv": [ 6.5, 7.5, 7, 8 ], "texture": "#texture" },
        "east":  { "uv": [ 6.5, 7.5, 7, 8 ], "texture": "#texture" }
    }
},
{
    "from": [ 5.5, 0.5, 8.5 ],
    "to": [ 11, 1, 9 ],
    "faces": {
        "down":  { "uv": [ 11, 15.5, 5.5, 15 ], "texture": "#texture" },
        "south": { "uv": [ 5.5, 15, 11, 15.5 ], "texture": "#texture" },
        "west":  { "uv": [ 5.5, 15, 6, 15.5 ], "texture": "#texture" },
        "east":  { "uv": [ 10.5, 15, 11, 15.5 ], "texture": "#texture" }
    }
},
{
    "from": [ 4.9375, 5.5, 9 ],
    "to": [ 6.9375, 7, 9.5 ],
    "rotation": { "origin": [ 4.9375, 5.5, 9 ], "axis": "y", "angle": -22.5 },
    "faces": {
        "down":  { "uv": [ 11, 9.5, 9, 9 ], "texture": "#texture" },
        "up":    { "uv": [ 5, 9, 7, 9.5 ], "texture": "#texture" },
        "south": { "uv": [ 5, 9, 7, 10.5 ], "texture": "#texture" },
        "west":  { "uv": [ 9, 9, 9.5, 10.5 ], "texture": "#texture" },
        "east":  { "uv": [ 6.5, 9, 7, 10.5 ], "texture": "#texture" }
    }
},
{
    "from": [ 9.625, 5.5, 9.8125 ],
    "to": [ 11.625, 7, 10.3125 ],
    "rotation": { "origin": [ 9.625, 5.5, 9.8125 ], "axis": "y", "angle": 22.5 },
    "faces": {
        "down":  { "uv": [ 11.5, 10.5, 9.5, 10 ], "texture": "#texture" },
        "up":    { "uv": [ 9.5, 9, 11.5, 9.5 ], "texture": "#texture" },
        "north": { "uv": [ 9.5, 9, 11.5, 10.5 ], "texture": "#texture" },
        "south": { "uv": [ 9.5, 9, 11.5, 10.5 ], "texture": "#texture" },
        "west":  { "uv": [ 9.5, 9, 10, 10.5 ], "texture": "#texture" },
        "east":  { "uv": [ 11, 9, 11.5, 10.5 ], "texture": "#texture" }
    }
},
{
    "from": [ 4, 4, 9 ],
    "to": [ 7, 7.5, 9.5 ],
    "faces": {
        "down":  { "uv": [ 7, 12, 4, 11.5 ], "texture": "#texture" },
        "up":    { "uv": [ 4, 9, 7, 9.5 ], "texture": "#texture" },
        "south": { "uv": [ 4, 8.5, 7, 12 ], "texture": "#texture" },
        "west":  { "uv": [ 4, 8.5, 4.5, 12 ], "texture": "#texture" },
        "east":  { "uv": [ 6.5, 8.5, 7, 12 ], "texture": "#texture" }
    }
},
{
    "from": [ 9.5, 4, 9 ],
    "to": [ 12.5, 7.5, 9.5 ],
    "faces": {
        "down":  { "uv": [ 12.5, 12, 9.5, 11.5 ], "texture": "#texture" },
        "up":    { "uv": [ 9.5, 8.5, 12.5, 9 ], "texture": "#texture" },
        "south": { "uv": [ 9.5, 8.5, 12.5, 12 ], "texture": "#texture" },
        "west":  { "uv": [ 9, 8.5, 9.5, 12 ], "texture": "#texture" },
        "east":  { "uv": [ 12, 8.5, 12.5, 12 ], "texture": "#texture" }
    }
},
{
    "from": [ 4.5, 1.5, 9 ],
    "to": [ 12, 4, 9.5 ],
    "faces": {
        "down":  { "uv": [ 12, 14.5, 4.5, 14 ], "texture": "#texture" },
        "up":    { "uv": [ 4.5, 12, 12, 12.5 ], "texture": "#texture" },
        "south": { "uv": [ 4.5, 12, 12, 14.5 ], "texture": "#texture" },
        "west":  { "uv": [ 4.5, 12, 5, 14.5 ], "texture": "#texture" },
        "east":  { "uv": [ 11.5, 12, 12, 14.5 ], "texture": "#texture" }
    }
},
{
    "from": [ 6, 1, 9 ],
    "to": [ 10.5, 1.5, 9.5 ],
    "faces": {
        "down":  { "uv": [ 10.5, 15, 6, 14.5 ], "texture": "#texture" },
        "south": { "uv": [ 6, 14.5, 10.5, 15 ], "texture": "#texture" },
        "west":  { "uv": [ 6, 14.5, 6.5, 15 ], "texture": "#texture" },
        "east":  { "uv": [ 10, 14.5, 10.5, 15 ], "texture": "#texture" }
    }
},
{
    "from": [ 6.5, 1.5, 9.5 ],
    "to": [ 10, 4, 10 ],
    "faces": {
        "down":  { "uv": [ 10, 14.5, 6.5, 14 ], "texture": "#texture" },
        "up":    { "uv": [ 6.5, 12, 10, 12.5 ], "texture": "#texture" },
        "south": { "uv": [ 6.5, 12, 10, 14.5 ], "texture": "#texture" },
        "west":  { "uv": [ 6.5, 12, 7, 14.5 ], "texture": "#texture" },
        "east":  { "uv": [ 9.5, 12, 10, 14.5 ], "texture": "#texture" }
    }
},
{
    "from": [ 6, 1.5, 9.5 ],
    "to": [ 10.5, 3, 10 ],
    "faces": {
        "down":  { "uv": [ 10.5, 14.5, 6, 14 ], "texture": "#texture" },
        "south": { "uv": [ 6, 13, 10.5, 14.5 ], "texture": "#texture" },
        "west":  { "uv": [ 6, 13, 6.5, 14.5 ], "texture": "#texture" },
        "east":  { "uv": [ 10, 13, 10.5, 14.5 ], "texture": "#texture" }
    }
},
{
    "from": [ 7, 1, 9.5 ],
    "to": [ 9.5, 1.5, 10 ],
    "faces": {
        "south": { "uv": [ 7, 14.5, 9.5, 15 ], "texture": "#texture" },
        "west":  { "uv": [ 9.5, 14.5, 10, 15 ], "texture": "#texture" },
        "east":  { "uv": [ 6, 14.5, 6.5, 15 ], "texture": "#texture" }
    }
},
{
    "from": [ 7.5, 4.5, 9 ],
    "to": [ 9, 6, 10.5 ],
    "faces": {
        "down":  { "uv": [ 9, 11.5, 7.5, 11 ], "texture": "#texture" },
        "up":    { "uv": [ 7.5, 10, 9, 10.5 ], "texture": "#texture" },
        "south": { "uv": [ 7.5, 10, 9, 11.5 ], "texture": "#texture" },
        "west":  { "uv": [ 7.5, 10, 9, 11.5 ], "texture": "#texture" },
        "east":  { "uv": [ 7.5, 10, 9, 11.5 ], "texture": "#texture" }
    }
},
{
    "from": [ 6, 5, 9.5 ],
    "to": [ 7.5, 7.5, 10 ],
    "faces": {
        "down":  { "uv": [ 10, 10, 8.5, 9.5 ], "texture": "#texture" },
        "north": { "uv": [ 8.5, 8.5, 10, 11 ], "texture": "#texture" },
        "south": { "uv": [ 6, 8.5, 7.5, 11 ], "texture": "#texture" },
        "west":  { "uv": [ 9.5, 8.5, 10, 11 ], "texture": "#texture" },
        "east":  { "uv": [ 6, 8.5, 6.5, 11 ], "texture": "#texture" }
    }
},
{
    "from": [ 9, 5, 9.5 ],
    "to": [ 10.5, 7.5, 10 ],
    "faces": {
        "down":  { "uv": [ 7, 10, 5.5, 9.5 ], "texture": "#texture" },
        "north": { "uv": [ 5.5, 8.5, 7, 11 ], "texture": "#texture" },
        "south": { "uv": [ 9, 8.5, 10.5, 11 ], "texture": "#texture" },
        "west":  { "uv": [ 9.5, 8.5, 10, 11 ], "texture": "#texture" },
        "east":  { "uv": [ 6, 8.5, 6.5, 11 ], "texture": "#texture" }
    }
},
{
    "from": [ 7.5, 6, 9 ],
    "to": [ 9, 7.5, 10 ],
    "faces": {
        "up":    { "uv": [ 7.5, 8.5, 9, 9 ], "texture": "#texture" },
        "south": { "uv": [ 7.5, 8.5, 9, 10 ], "texture": "#texture" },
        "west":  { "uv": [ 7.5, 8.5, 8, 10 ], "texture": "#texture" },
        "east":  { "uv": [ 8.5, 8.5, 9, 10 ], "texture": "#texture" }
    }
},
{
    "from": [ 7, 7, 9 ],
    "to": [ 9.5, 8.5, 9.5 ],
    "faces": {
        "down":  { "uv": [ 9.5, 9, 7, 8.5 ], "texture": "#texture" },
        "up":    { "uv": [ 7, 7.5, 9.5, 8 ], "texture": "#texture" },
        "north": { "uv": [ 7, 7.5, 9.5, 9 ], "texture": "#texture" },
        "south": { "uv": [ 7, 7.5, 9.5, 9 ], "texture": "#texture" },
        "west":  { "uv": [ 7, 7.5, 7.5, 9 ], "texture": "#texture" },
        "east":  { "uv": [ 9, 7.5, 9.5, 9 ], "texture": "#texture" }
    }
},
{
    "from": [ 6.5, 3, 10 ],
    "to": [ 10, 3.5, 10.5 ],
    "faces": {
        "down":  { "uv": [ 10, 13, 6.5, 12.5 ], "texture": "#texture" },
        "up":    { "uv": [ 6.5, 12.5, 10, 13 ], "texture": "#texture" },
        "south": { "uv": [ 6.5, 12.5, 10, 13 ], "texture": "#texture" },
        "west":  { "uv": [ 6.5, 12.5, 7, 13 ], "texture": "#texture" },
        "east":  { "uv": [ 9.5, 12.5, 10, 13 ], "texture": "#texture" }
    }
},
{
    "from": [ 6, 2.5, 10 ],
    "to": [ 7, 3, 10.5 ],
    "faces": {
        "down":  { "uv": [ 10, 10.5, 9, 10 ], "texture": "#texture" },
        "up":    { "uv": [ 6, 10, 7, 10.5 ], "texture": "#texture" },
        "south": { "uv": [ 6, 13, 7, 13.5 ], "texture": "#texture" },
        "west":  { "uv": [ 10, 13, 10.5, 13.5 ], "texture": "#texture" },
        "east":  { "uv": [ 5.5, 13, 6, 13.5 ], "texture": "#texture" }
    }
},
{
    "from": [ 9.5, 2.5, 10 ],
    "to": [ 10.5, 3, 10.5 ],
    "faces": {
        "down":  { "uv": [ 6.5, 10.5, 5.5, 10 ], "texture": "#texture" },
        "up":    { "uv": [ 9.5, 10, 10.5, 10.5 ], "texture": "#texture" },
        "south": { "uv": [ 9.5, 13, 10.5, 13.5 ], "texture": "#texture" },
        "west":  { "uv": [ 10, 13, 10.5, 13.5 ], "texture": "#texture" },
        "east":  { "uv": [ 5.5, 13, 6, 13.5 ], "texture": "#texture" }
    }
},
{
    "from": [ 10, 2, 10 ],
    "to": [ 10.5, 2.5, 10.5 ],
    "faces": {
        "down":  { "uv": [ 6, 10.5, 5.5, 10 ], "texture": "#texture" },
        "south": { "uv": [ 10, 13.5, 10.5, 14 ], "texture": "#texture" },
        "west":  { "uv": [ 10, 13.5, 10.5, 14 ], "texture": "#texture" },
        "east":  { "uv": [ 5.5, 13.5, 6, 14 ], "texture": "#texture" }
    }
},
{
    "from": [ 6, 2, 10 ],
    "to": [ 6.5, 2.5, 10.5 ],
    "faces": {
        "down":  { "uv": [ 10, 10.5, 9.5, 10 ], "texture": "#texture" },
        "south": { "uv": [ 6, 13.5, 6.5, 14 ], "texture": "#texture" },
        "west":  { "uv": [ 10, 13.5, 10.5, 14 ], "texture": "#texture" },
        "east":  { "uv": [ 5.5, 13.5, 6, 14 ], "texture": "#texture" }
    }
},
{
    "from": [ 6, 3, 9.5 ],
    "to": [ 10.5, 3.5, 10 ],
    "faces": {
        "up":    { "uv": [ 6, 12.5, 10.5, 13 ], "texture": "#texture" },
        "south": { "uv": [ 6, 12.5, 10.5, 13 ], "texture": "#texture" },
        "west":  { "uv": [ 6, 12.5, 6.5, 13 ], "texture": "#texture" },
        "east":  { "uv": [ 10, 12.5, 10.5, 13 ], "texture": "#texture" }
    }
},
{
    "from": [ 5.5, 2, 9.5 ],
    "to": [ 11, 3, 10 ],
    "faces": {
        "down":  { "uv": [ 11, 14, 5.5, 13.5 ], "texture": "#texture" },
        "up":    { "uv": [ 5.5, 13, 11, 13.5 ], "texture": "#texture" },
        "south": { "uv": [ 5.5, 13, 11, 14 ], "texture": "#texture" },
        "west":  { "uv": [ 5, 13, 5.5, 14 ], "texture": "#texture" },
        "east":  { "uv": [ 11, 13, 11.5, 14 ], "texture": "#texture" }
    }
},
{
    "from": [ 6.5, 5, 10 ],
    "to": [ 7.5, 7.5, 10.5 ],
    "faces": {
        "down":  { "uv": [ 7.5, 11, 6.5, 10.5 ], "texture": "#texture" },
        "up":    { "uv": [ 6.5, 8.5, 7.5, 9 ], "texture": "#texture" },
        "south": { "uv": [ 6.5, 8.5, 7.5, 11 ], "texture": "#texture" },
        "west":  { "uv": [ 6.5, 8.5, 7, 11 ], "texture": "#texture" },
        "east":  { "uv": [ 7, 8.5, 7.5, 11 ], "texture": "#texture" }
    }
},
{
    "from": [ 9, 5, 10 ],
    "to": [ 10, 7.5, 10.5 ],
    "faces": {
        "down":  { "uv": [ 10, 11, 9, 10.5 ], "texture": "#texture" },
        "up":    { "uv": [ 9, 8.5, 10, 9 ], "texture": "#texture" },
        "south": { "uv": [ 9, 8.5, 10, 11 ], "texture": "#texture" },
        "west":  { "uv": [ 9, 8.5, 9.5, 11 ], "texture": "#texture" },
        "east":  { "uv": [ 9.5, 8.5, 10, 11 ], "texture": "#texture" }
    }
},
{
    "from": [ 5, 4.5, 9.5 ],
    "to": [ 7, 5, 10 ],
    "faces": {
        "down":  { "uv": [ 5, 11, 7, 11.5 ], "texture": "#texture" },
        "up":    { "uv": [ 5, 11, 7, 11.5 ], "texture": "#texture" },
        "south": { "uv": [ 5, 11, 7, 11.5 ], "texture": "#texture" },
        "west":  { "uv": [ 5, 11, 5.5, 11.5 ], "texture": "#texture" },
        "east":  { "uv": [ 6.5, 11, 7, 11.5 ], "texture": "#texture" }
    }
},
{
    "from": [ 9.5, 4.5, 9.5 ],
    "to": [ 11.5, 5, 10 ],
    "faces": {
        "down":  { "uv": [ 9.5, 11, 11.5, 11.5 ], "texture": "#texture" },
        "up":    { "uv": [ 9.5, 11, 11.5, 11.5 ], "texture": "#texture" },
        "south": { "uv": [ 9.5, 11, 11.5, 11.5 ], "texture": "#texture" },
        "west":  { "uv": [ 9.5, 11, 10, 11.5 ], "texture": "#texture" },
        "east":  { "uv": [ 11, 11, 11.5, 11.5 ], "texture": "#texture" }
    }
},
{
    "from": [ 6.5, 1.5, 10 ],
    "to": [ 10, 2, 10.5 ],
    "faces": {
        "down":  { "uv": [ 10, 14.5, 6.5, 14 ], "texture": "#texture" },
        "up":    { "uv": [ 6.5, 14, 10, 14.5 ], "texture": "#texture" },
        "south": { "uv": [ 6.5, 14, 10, 14.5 ], "texture": "#texture" },
        "west":  { "uv": [ 6, 14, 6.5, 14.5 ], "texture": "#texture" },
        "east":  { "uv": [ 10, 14, 10.5, 14.5 ], "texture": "#texture" }
    }
},
{
    "from": [ 7, 2, 10 ],
    "to": [ 9.5, 2.5, 10.5 ],
    "faces": {
        "up":    { "uv": [ 7, 13.5, 9.5, 14 ], "texture": "#texture" },
        "south": { "uv": [ 7, 13.5, 9.5, 14 ], "texture": "#texture" },
        "west":  { "uv": [ 7, 13.5, 7.5, 14 ], "texture": "#texture" },
        "east":  { "uv": [ 9, 13.5, 9.5, 14 ], "texture": "#texture" }
    }
},
{
    "from": [ 4.5, 7.5, 9 ],
    "to": [ 12, 8, 9.5 ],
    "faces": {
        "down":  { "uv": [ 12, 8.5, 4.5, 8 ], "texture": "#texture" },
        "up":    { "uv": [ 4.5, 8, 12, 8.5 ], "texture": "#texture" },
        "south": { "uv": [ 4.5, 8, 12, 8.5 ], "texture": "#texture" },
        "west":  { "uv": [ 4.5, 8, 5, 8.5 ], "texture": "#texture" },
        "east":  { "uv": [ 11.5, 8, 12, 8.5 ], "texture": "#texture" }
    }
},
{
    "from": [ 5.5, 7.5, 9.5 ],
    "to": [ 11, 8, 10 ],
    "faces": {
        "down":  { "uv": [ 11, 8.5, 5.5, 8 ], "texture": "#texture" },
        "up":    { "uv": [ 5.5, 8, 11, 8.5 ], "texture": "#texture" },
        "south": { "uv": [ 5.5, 8, 11, 8.5 ], "texture": "#texture" },
        "west":  { "uv": [ 5.5, 8, 6, 8.5 ], "texture": "#texture" },
        "east":  { "uv": [ 10.5, 8, 11, 8.5 ], "texture": "#texture" }
    }
},
{
    "from": [ 7.5, 4.5, 10.5 ],
    "to": [ 9, 5.5, 11 ],
    "faces": {
        "down":  { "uv": [ 9, 11.5, 7.5, 11 ], "texture": "#texture" },
        "up":    { "uv": [ 7.5, 10.5, 9, 11 ], "texture": "#texture" },
        "south": { "uv": [ 7.5, 10.5, 9, 11.5 ], "texture": "#texture" },
        "west":  { "uv": [ 7.5, 10.5, 8, 11.5 ], "texture": "#texture" },
        "east":  { "uv": [ 8.5, 10.5, 9, 11.5 ], "texture": "#texture" }
    }
},
{
    "from": [ 7, 0, 8.5 ],
    "to": [ 9.5, 1, 10 ],
    "faces": {
        "down":  { "uv": [ 9.5, 16, 7, 14.5 ], "texture": "#texture", "cullface": "down" },
        "up":    { "uv": [ 7, 13.5, 9.5, 15 ], "texture": "#texture" },
        "north": { "uv": [ 7, 15, 9.5, 16 ], "texture": "#texture" },
        "south": { "uv": [ 7, 15, 9.5, 16 ], "texture": "#texture" },
        "west":  { "uv": [ 6, 15, 7.5, 16 ], "texture": "#texture" },
        "east":  { "uv": [ 9, 15, 10.5, 16 ], "texture": "#texture" }
    }
},
{
    "from": [ 7.5, 0.5, 10 ],
    "to": [ 9, 1.5, 10.5 ],
    "faces": {
        "down":  { "uv": [ 9, 15.5, 7.5, 15 ], "texture": "#texture" },
        "north": { "uv": [ 7.5, 14.5, 9, 15.5 ], "texture": "#texture" },
        "south": { "uv": [ 7.5, 14.5, 9, 15.5 ], "texture": "#texture" },
        "west":  { "uv": [ 7.5, 14.5, 8, 15.5 ], "texture": "#texture" },
        "east":  { "uv": [ 8.5, 14.5, 9, 15.5 ], "texture": "#texture" }
    }
},
{
    "from": [ 3.5, 4, 8.5 ],
    "to": [ 4, 6, 9 ],
    "faces": {
        "down":  { "uv": [ 5, 11, 7, 11.5 ], "texture": "#texture" },
        "up":    { "uv": [ 5, 11, 7, 11.5 ], "texture": "#texture" },
        "south": { "uv": [ 5, 11, 7, 11.5 ], "texture": "#texture" },
        "west":  { "uv": [ 5, 11, 5.5, 11.5 ], "texture": "#texture" }
    }
},
{
    "from": [ 3, 4, 7.5 ],
    "to": [ 3.5, 4.5, 8.5 ],
    "faces": {
        "down":  { "uv": [ 5, 11, 7, 11.5 ], "texture": "#texture" },
        "up":    { "uv": [ 5, 11, 7, 11.5 ], "texture": "#texture" },
        "north": { "uv": [ 5, 11, 7, 11.5 ], "texture": "#texture" },
        "south": { "uv": [ 5, 11, 7, 11.5 ], "texture": "#texture" },
        "west":  { "uv": [ 5, 11, 5.5, 11.5 ], "texture": "#texture" },
        "east":  { "uv": [ 6.5, 11, 7, 11.5 ], "texture": "#texture" }
    }
},
{
    "from": [ 13, 4, 7.5 ],
    "to": [ 13.5, 4.5, 8.5 ],
    "faces": {
        "down":  { "uv": [ 5, 11, 7, 11.5 ], "texture": "#texture" },
        "up":    { "uv": [ 5, 11, 7, 11.5 ], "texture": "#texture" },
        "north": { "uv": [ 5, 11, 7, 11.5 ], "texture": "#texture" },
        "south": { "uv": [ 5, 11, 7, 11.5 ], "texture": "#texture" },
        "west":  { "uv": [ 5, 11, 5.5, 11.5 ], "texture": "#texture" },
        "east":  { "uv": [ 6.5, 11, 7, 11.5 ], "texture": "#texture" }
    }
},
{
    "from": [ 12.5, 4, 8.5 ],
    "to": [ 13, 6, 9 ],
    "faces": {
        "down":  { "uv": [ 5, 11, 7, 11.5 ], "texture": "#texture" },
        "up":    { "uv": [ 5, 11, 7, 11.5 ], "texture": "#texture" },
        "south": { "uv": [ 5, 11, 7, 11.5 ], "texture": "#texture" },
        "east":  { "uv": [ 6.5, 11, 7, 11.5 ], "texture": "#texture" }
    }
},
{
    "from": [ 4, 6, 1 ],
    "to": [ 4.5, 7.5, 7.5 ],
    "faces": {
        "down":  { "uv": [ 0, 8.5, 0.5, 9 ], "texture": "#texture" },
        "up":    { "uv": [ 0, 7.5, 0.5, 8 ], "texture": "#texture" },
        "north": { "uv": [ 0, 7.5, 0.5, 9 ], "texture": "#texture" },
        "west":  { "uv": [ 0, 7.5, 0.5, 9 ], "texture": "#texture" },
        "east":  { "uv": [ 0, 7.5, 0.5, 9 ], "texture": "#texture" }
    }
},
{
    "from": [ 12, 6, 1 ],
    "to": [ 12.5, 7.5, 7.5 ],
    "faces": {
        "down":  { "uv": [ 0, 8.5, 0.5, 9 ], "texture": "#texture" },
        "up":    { "uv": [ 0, 7.5, 0.5, 8 ], "texture": "#texture" },
        "north": { "uv": [ 0, 7.5, 0.5, 9 ], "texture": "#texture" },
        "west":  { "uv": [ 0, 7.5, 0.5, 9 ], "texture": "#texture" },
        "east":  { "uv": [ 0, 7.5, 0.5, 9 ], "texture": "#texture" }
    }
},
{
    "from": [ 4, 2.5, 1 ],
    "to": [ 4.5, 4, 7.5 ],
    "faces": {
        "down":  { "uv": [ 0, 8.5, 0.5, 9 ], "texture": "#texture" },
        "up":    { "uv": [ 0, 7.5, 0.5, 8 ], "texture": "#texture" },
        "north": { "uv": [ 0, 7.5, 0.5, 9 ], "texture": "#texture" },
        "west":  { "uv": [ 0, 7.5, 0.5, 9 ], "texture": "#texture" },
        "east":  { "uv": [ 0, 7.5, 0.5, 9 ], "texture": "#texture" }
    }
},
{
    "from": [ 12, 2.5, 1 ],
    "to": [ 12.5, 4, 7.5 ],
    "faces": {
        "down":  { "uv": [ 0, 8.5, 0.5, 9 ], "texture": "#texture" },
        "up":    { "uv": [ 0, 7.5, 0.5, 8 ], "texture": "#texture" },
        "north": { "uv": [ 0, 7.5, 0.5, 9 ], "texture": "#texture" },
        "west":  { "uv": [ 0, 7.5, 0.5, 9 ], "texture": "#texture" },
        "east":  { "uv": [ 0, 7.5, 0.5, 9 ], "texture": "#texture" }
    }
},
{
    "from": [ 4.5, 6, 1 ],
    "to": [ 12, 7.5, 1.5 ],
    "faces": {
        "down":  { "uv": [ 0, 8.5, 0.5, 9 ], "texture": "#texture" },
        "up":    { "uv": [ 0, 7.5, 0.5, 8 ], "texture": "#texture" },
        "north": { "uv": [ 0, 7.5, 0.5, 9 ], "texture": "#texture" },
        "south": { "uv": [ 0, 7.5, 0.5, 9 ], "texture": "#texture" }
    }
},
{
    "from": [ 4.5, 2.5, 1 ],
    "to": [ 12, 4, 1.5 ],
    "faces": {
        "down":  { "uv": [ 0, 8.5, 0.5, 9 ], "texture": "#texture" },
        "up":    { "uv": [ 0, 7.5, 0.5, 8 ], "texture": "#texture" },
        "north": { "uv": [ 0, 7.5, 0.5, 9 ], "texture": "#texture" },
        "south": { "uv": [ 0, 7.5, 0.5, 9 ], "texture": "#texture" }
    }
}
],
"display": {
    "head": {
        "rotation": [ 0, 180, 0 ],
        "translation": [ 0, 6.8, -5.29 ],
        "scale": [ 1.8, 1.8, 1.8 ]
    },
    "fixed": {
        "rotation": [ 0, 180, 0 ],
        "translation": [ 0, 5.3, -1.1 ],
        "scale": [ 1.6, 1.6, 1.6 ]
    },
    "gui": {
        "rotation": [ 0, 0, 0 ],
        "translation": [ 0, 3.1, 0 ],
        "scale": [ 1, 1, 1 ]
    }
}
}
