{"__comment":"designed by hypixel minecraft server with bdcraft cubik pro 0.90 beta - http://bdcraft.net","textures":{"particle":"items/greenflamelicks","texture":"items/wooden_pickaxe_unwrap1","wooden_pickaxe_3":"items/wooden_pickaxe_unwrap3","wooden_pickaxe_2":"items/wooden_pickaxe_unwrap2"},"elements":[{"from":[5.5,-8.5,7],"to":[10.5,-8,9],"faces":{"down":{"uv":[1,6,6,7],"rotation":90,"texture":"#texture","cullface":"down"},"north":{"uv":[1,6,6,6.5],"texture":"#texture","cullface":"down"},"south":{"uv":[1,6,6,6.5],"texture":"#texture","cullface":"down"},"west":{"uv":[2.5,6,4.5,6.5],"texture":"#texture","cullface":"down"},"east":{"uv":[2.5,6,4.5,6.5],"texture":"#texture","cullface":"down"}}},{"from":[7,-8.5,5.5],"to":[9,-8,10.5],"faces":{"down":{"uv":[1,6,6,7],"rotation":90,"texture":"#texture","cullface":"down"},"north":{"uv":[2.5,6,4.5,6.5],"texture":"#texture","cullface":"down"},"south":{"uv":[2.5,6,4.5,6.5],"texture":"#texture","cullface":"down"},"west":{"uv":[1,6,6,6.5],"texture":"#texture","cullface":"down"},"east":{"uv":[1,6,6,6.5],"texture":"#texture","cullface":"down"}}},{"from":[6,-8.5,6],"to":[10,-8,10],"faces":{"down":{"uv":[3.5,6,4.5,7],"rotation":90,"texture":"#texture","cullface":"down"},"north":{"uv":[1.5,6,5.5,6.5],"texture":"#texture","cullface":"down"},"south":{"uv":[1.5,6,5.5,6.5],"texture":"#texture","cullface":"down"},"west":{"uv":[1.5,6,5.5,6.5],"texture":"#texture","cullface":"down"},"east":{"uv":[1.5,6,5.5,6.5],"texture":"#texture","cullface":"down"}}},{"from":[6,-8,5],"to":[10,-6.5,11],"faces":{"down":{"uv":[3.5,5.5,4.5,4.5],"rotation":90,"texture":"#texture","cullface":"down"},"up":{"uv":[4,4.5,5,5.5],"rotation":270,"texture":"#texture","cullface":"down"},"north":{"uv":[6,4.5,1,6],"texture":"#texture","cullface":"down"},"south":{"uv":[6,4.5,1,6],"texture":"#texture","cullface":"down"},"west":{"uv":[6.5,4.5,0.5,6],"texture":"#texture","cullface":"down"},"east":{"uv":[0.5,4.5,6.5,6],"texture":"#texture","cullface":"down"}}},{"from":[5.5,-8,6],"to":[10.5,-6.5,10],"faces":{"down":{"uv":[3.5,5.5,4.5,4.5],"rotation":90,"texture":"#texture","cullface":"down"},"north":{"uv":[6,4.5,1,6],"texture":"#texture","cullface":"down"},"south":{"uv":[6,4.5,1,6],"texture":"#texture","cullface":"down"},"west":{"uv":[1.5,4.5,5.5,6],"texture":"#texture","cullface":"down"},"east":{"uv":[1.5,4.5,5.5,6],"texture":"#texture","cullface":"down"}}},{"from":[5.5,-6.5,5.5],"to":[10.5,-6,10.5],"faces":{"down":{"uv":[3,6,4,7],"rotation":90,"texture":"#texture","cullface":"down"},"north":{"uv":[1,4,6,4.5],"texture":"#texture","cullface":"down"},"south":{"uv":[1,4,6,4.5],"texture":"#texture","cullface":"down"},"west":{"uv":[1,4,6,4.5],"texture":"#texture","cullface":"down"},"east":{"uv":[1,4,6,4.5],"texture":"#texture","cullface":"down"}}},{"from":[5,-6,7],"to":[11,-3.5,9],"faces":{"down":{"uv":[3,6,4,7],"rotation":90,"texture":"#texture","cullface":"down"},"up":{"uv":[3.5,4.5,4.5,5.5],"rotation":270,"texture":"#texture","cullface":"down"},"north":{"uv":[0.5,1.5,6.5,4],"texture":"#texture","cullface":"down"},"south":{"uv":[0.5,1.5,6.5,4],"texture":"#texture","cullface":"down"},"west":{"uv":[2.5,1.5,4.5,4],"texture":"#texture","cullface":"down"},"east":{"uv":[2.5,1.5,4.5,4],"texture":"#texture","cullface":"down"}}},{"from":[6.5,-6.5,5],"to":[9.5,-5.5,11],"faces":{"north":{"uv":[2,3.5,5,4.5],"texture":"#texture","cullface":"down"},"south":{"uv":[2,3.5,5,4.5],"texture":"#texture","cullface":"down"},"west":{"uv":[0.5,3.5,6.5,4.5],"texture":"#texture","cullface":"down"},"east":{"uv":[0.5,3.5,6.5,4.5],"texture":"#texture","cullface":"down"}}},{"from":[6,-5,4.5],"to":[10,-3.5,11.5],"faces":{"down":{"uv":[3.5,2,4.5,3],"rotation":90,"texture":"#texture","cullface":"down"},"up":{"uv":[2.5,1.5,3.5,2.5],"rotation":270,"texture":"#texture","cullface":"down"},"north":{"uv":[1.5,1.5,5.5,3],"texture":"#texture","cullface":"down"},"south":{"uv":[1.5,1.5,5.5,3],"texture":"#texture","cullface":"down"},"west":{"uv":[5,1.5,2,3],"texture":"#texture","cullface":"down"},"east":{"uv":[5,1.5,2,3],"texture":"#texture","cullface":"down"}}},{"from":[5.5,-4,5],"to":[10.5,-3.5,11],"faces":{"down":{"uv":[2.5,1.5,3.5,2.5],"rotation":90,"texture":"#texture","cullface":"down"},"up":{"uv":[2.5,1.5,3.5,2.5],"rotation":270,"texture":"#texture","cullface":"down"},"north":{"uv":[1,1.5,6,2],"texture":"#texture","cullface":"down"},"south":{"uv":[1,1.5,6,2],"texture":"#texture","cullface":"down"},"west":{"uv":[0.5,1.5,6.5,2],"texture":"#texture","cullface":"down"},"east":{"uv":[0.5,1.5,6.5,2],"texture":"#texture","cullface":"down"}}},{"from":[5.5,-6,5.5],"to":[10.5,-3.5,10.5],"faces":{"up":{"uv":[2,4.5,3,5.5],"rotation":270,"texture":"#texture","cullface":"down"},"north":{"uv":[1,1.5,6,4],"texture":"#texture","cullface":"down"},"south":{"uv":[1,1.5,6,4],"texture":"#texture","cullface":"down"},"west":{"uv":[1,1.5,6,4],"texture":"#texture","cullface":"down"},"east":{"uv":[1,1.5,6,4],"texture":"#texture","cullface":"down"}}},{"from":[5,-5,6],"to":[11,-4,10],"faces":{"down":{"uv":[3.5,4.5,4.5,5.5],"rotation":90,"texture":"#texture","cullface":"down"},"up":{"uv":[4,5,5,6],"rotation":270,"texture":"#texture","cullface":"down"},"north":{"uv":[8,4.5,7.5,5],"texture":"#texture","cullface":"down"},"south":{"uv":[0.5,2,6.5,3],"texture":"#texture","cullface":"down"},"west":{"uv":[1.5,2,5.5,3],"texture":"#texture","cullface":"down"},"east":{"uv":[1.5,2,5.5,3],"texture":"#texture","cullface":"down"}}},{"from":[5,-5.5,6.5],"to":[11,-4,9.5],"faces":{"down":{"uv":[3.5,5,4.5,6],"rotation":90,"texture":"#texture","cullface":"down"},"up":{"uv":[3.5,5,4.5,6],"rotation":270,"texture":"#texture","cullface":"down"},"north":{"uv":[0.5,2,6.5,3.5],"texture":"#texture","cullface":"down"},"south":{"uv":[0.5,2,6.5,3.5],"texture":"#texture","cullface":"down"},"west":{"uv":[2,2,5,3.5],"texture":"#texture","cullface":"down"},"east":{"uv":[2,2,5,3.5],"texture":"#texture","cullface":"down"}}},{"from":[7,-6,4.5],"to":[9,-5.5,11.5],"faces":{"down":{"uv":[3.5,6,4.5,7],"rotation":90,"texture":"#texture","cullface":"down"},"north":{"uv":[2.5,3.5,4.5,4],"texture":"#texture","cullface":"down"},"south":{"uv":[2.5,3.5,4.5,4],"texture":"#texture","cullface":"down"},"west":{"uv":[0,3.5,7,4],"texture":"#texture","cullface":"down"},"east":{"uv":[0,3.5,7,4],"texture":"#texture","cullface":"down"}}},{"from":[7.5,-9,5.5],"to":[8.5,-8.5,10.5],"faces":{"down":{"uv":[1,7,6,6],"rotation":90,"texture":"#texture","cullface":"down"},"north":{"uv":[1,6,2,6.5],"texture":"#texture","cullface":"down"},"south":{"uv":[2,6,1,6.5],"texture":"#texture","cullface":"down"},"west":{"uv":[6,6,1,6.5],"texture":"#texture","cullface":"down"},"east":{"uv":[1,6,6,6.5],"texture":"#texture","cullface":"down"}}},{"from":[5.5,-9,7.5],"to":[10.5,-8.5,8.5],"faces":{"down":{"uv":[1,7,2,6],"rotation":90,"texture":"#texture","cullface":"down"},"north":{"uv":[1,6.5,6,7],"texture":"#texture","cullface":"down"},"south":{"uv":[1,6.5,6,7],"texture":"#texture","cullface":"down"},"west":{"uv":[3,6.5,4,7],"texture":"#texture","cullface":"down"},"east":{"uv":[3,7,4,6.5],"texture":"#texture","cullface":"down"}}},{"from":[6,-9,7],"to":[10,-8.5,9],"faces":{"down":{"uv":[2,7,3,6],"rotation":90,"texture":"#texture","cullface":"down"},"north":{"uv":[1.5,6.5,5.5,7],"texture":"#texture","cullface":"down"},"south":{"uv":[1.5,6.5,5.5,7],"texture":"#texture","cullface":"down"},"west":{"uv":[1.5,6.5,3.5,7],"texture":"#texture","cullface":"down"},"east":{"uv":[1.5,7,3.5,6.5],"texture":"#texture","cullface":"down"}}},{"from":[7,-9,6],"to":[9,-8.5,10],"faces":{"down":{"uv":[1.5,7,2.5,6],"rotation":90,"texture":"#texture","cullface":"down"},"north":{"uv":[3.5,6,2.5,6.5],"texture":"#texture","cullface":"down"},"south":{"uv":[3.5,6.5,4.5,7],"texture":"#texture","cullface":"down"},"west":{"uv":[1.5,6.5,5.5,7],"texture":"#texture","cullface":"down"},"east":{"uv":[1.5,7,5.5,6.5],"texture":"#texture","cullface":"down"}}},{"from":[5.5,-3.5,7],"to":[10.5,-3,9],"faces":{"north":{"uv":[1,1,6,1.5],"texture":"#texture","cullface":"down"},"south":{"uv":[1,1,6,1.5],"texture":"#texture","cullface":"down"},"west":{"uv":[2.5,1,4.5,1.5],"texture":"#texture","cullface":"down"},"east":{"uv":[2.5,1,4.5,1.5],"texture":"#texture","cullface":"down"}}},{"from":[7,-3.5,5.5],"to":[9,-3,10.5],"faces":{"north":{"uv":[2.5,1,4.5,1.5],"texture":"#texture","cullface":"down"},"south":{"uv":[2.5,1,4.5,1.5],"texture":"#texture","cullface":"down"},"west":{"uv":[1,1,6,1.5],"texture":"#texture","cullface":"down"},"east":{"uv":[1,1,6,1.5],"texture":"#texture","cullface":"down"}}},{"from":[6,-3.5,6],"to":[10,-3,10],"faces":{"north":{"uv":[1.5,1,5.5,1.5],"texture":"#texture","cullface":"down"},"south":{"uv":[1.5,1,5.5,1.5],"texture":"#texture","cullface":"down"},"west":{"uv":[1.5,1,5.5,1.5],"texture":"#texture","cullface":"down"},"east":{"uv":[1.5,1,5.5,1.5],"texture":"#texture","cullface":"down"}}},{"from":[7,-3,5],"to":[9,-2.5,11],"faces":{"down":{"uv":[2.5,1.5,3.5,2.5],"rotation":90,"texture":"#texture","cullface":"down"},"up":{"uv":[2.5,1.5,3.5,2.5],"rotation":270,"texture":"#texture","cullface":"down"},"north":{"uv":[2.5,0.5,4.5,1],"texture":"#texture","cullface":"down"},"south":{"uv":[2.5,0.5,4.5,1],"texture":"#texture","cullface":"down"},"west":{"uv":[0.5,0.5,6.5,1],"texture":"#texture","cullface":"down"},"east":{"uv":[0.5,0.5,6.5,1],"texture":"#texture","cullface":"down"}}},{"from":[5,-3,7],"to":[11,-2.5,9],"faces":{"down":{"uv":[2,4.5,3,5.5],"rotation":90,"texture":"#texture","cullface":"down"},"up":{"uv":[2,4.5,3,5.5],"rotation":270,"texture":"#texture","cullface":"down"},"north":{"uv":[0.5,0.5,6.5,1],"texture":"#texture","cullface":"down"},"south":{"uv":[0.5,0.5,6.5,1],"texture":"#texture","cullface":"down"},"west":{"uv":[2.5,0.5,4.5,1],"texture":"#texture","cullface":"down"},"east":{"uv":[2.5,0.5,4.5,1],"texture":"#texture","cullface":"down"}}},{"from":[5.5,-3,6],"to":[10.5,-2.5,10],"faces":{"down":{"uv":[2.5,1.5,3.5,2.5],"rotation":90,"texture":"#texture","cullface":"down"},"up":{"uv":[2.5,1.5,3.5,2.5],"rotation":270,"texture":"#texture","cullface":"down"},"north":{"uv":[6,0.5,1,1],"texture":"#texture","cullface":"down"},"south":{"uv":[6,0.5,1,1],"texture":"#texture","cullface":"down"},"west":{"uv":[1.5,0.5,5.5,1],"texture":"#texture","cullface":"down"},"east":{"uv":[1.5,0.5,5.5,1],"texture":"#texture","cullface":"down"}}},{"from":[6,-3,5.5],"to":[10,-2.5,10.5],"faces":{"down":{"uv":[2.5,1.5,3.5,2.5],"rotation":90,"texture":"#texture","cullface":"down"},"up":{"uv":[2.5,1.5,3.5,2.5],"rotation":270,"texture":"#texture","cullface":"down"},"north":{"uv":[5.5,0.5,1.5,1],"texture":"#texture","cullface":"down"},"south":{"uv":[5.5,0.5,1.5,1],"texture":"#texture","cullface":"down"},"west":{"uv":[1,0.5,6,1],"texture":"#texture","cullface":"down"},"east":{"uv":[1,0.5,6,1],"texture":"#texture","cullface":"down"}}},{"from":[7,-2.5,5.5],"to":[9,-2,10.5],"faces":{"up":{"uv":[3.5,4.5,4.5,5.5],"rotation":270,"texture":"#texture","cullface":"down"},"north":{"uv":[2.5,0,4.5,0.5],"texture":"#texture","cullface":"down"},"south":{"uv":[2.5,0,4.5,0.5],"texture":"#texture","cullface":"down"},"west":{"uv":[1,0,6,0.5],"texture":"#texture","cullface":"down"},"east":{"uv":[1,0,6,0.5],"texture":"#texture","cullface":"down"}}},{"from":[6,-2.5,6],"to":[10,-2,10],"faces":{"up":{"uv":[3.5,4.5,4.5,5.5],"rotation":270,"texture":"#texture","cullface":"down"},"north":{"uv":[1.5,0,5.5,0.5],"texture":"#texture","cullface":"down"},"south":{"uv":[1.5,0,5.5,0.5],"texture":"#texture","cullface":"down"},"west":{"uv":[1.5,0,5.5,0.5],"texture":"#texture","cullface":"down"},"east":{"uv":[1.5,0,5.5,0.5],"texture":"#texture","cullface":"down"}}},{"from":[5.5,-2.5,7],"to":[10.5,-2,9],"faces":{"up":{"uv":[3.5,4.5,4.5,5.5],"rotation":270,"texture":"#texture","cullface":"down"},"north":{"uv":[1,0,6,0.5],"texture":"#texture","cullface":"down"},"south":{"uv":[1,0,6,0.5],"texture":"#texture","cullface":"down"},"west":{"uv":[2.5,0,4.5,0.5],"texture":"#texture","cullface":"down"},"east":{"uv":[2.5,0,4.5,0.5],"texture":"#texture","cullface":"down"}}},{"from":[7,-2,6.5],"to":[9,-1.5,9.5],"faces":{"up":{"uv":[2.5,1.5,3.5,2.5],"rotation":270,"texture":"#texture","cullface":"down"},"north":{"uv":[10,8,8,8.5],"texture":"#texture","cullface":"down"},"south":{"uv":[10,8,8,8.5],"texture":"#texture","cullface":"down"},"west":{"uv":[7.5,8,10.5,8.5],"texture":"#texture","cullface":"down"},"east":{"uv":[7.5,8,10.5,8.5],"texture":"#texture","cullface":"down"}}},{"from":[6.5,-2,7],"to":[9.5,-1.5,9],"faces":{"up":{"uv":[2.5,1.5,3.5,2.5],"rotation":270,"texture":"#texture","cullface":"down"},"north":{"uv":[10.5,8,7.5,8.5],"texture":"#texture","cullface":"down"},"south":{"uv":[10.5,8,7.5,8.5],"texture":"#texture","cullface":"down"},"west":{"uv":[8,8,10,8.5],"texture":"#texture","cullface":"down"},"east":{"uv":[8,8,10,8.5],"texture":"#texture","cullface":"down"}}},{"from":[7,-1.5,7.5],"to":[9,6.5,8.5],"faces":{"north":{"uv":[9,0,7,8],"texture":"#texture","cullface":"down"},"south":{"uv":[9,0,7,8],"texture":"#texture","cullface":"down"},"west":{"uv":[7.5,0,8.5,8],"texture":"#texture","cullface":"down"},"east":{"uv":[7.5,0,8.5,8],"texture":"#texture","cullface":"down"}}},{"from":[7.5,-1.5,7],"to":[8.5,6.5,9],"faces":{"north":{"uv":[8.5,0,7.5,8],"texture":"#texture","cullface":"down"},"south":{"uv":[8.5,0,7.5,8],"texture":"#texture","cullface":"down"},"west":{"uv":[7,0,9,8],"texture":"#texture","cullface":"down"},"east":{"uv":[7,0,9,8],"texture":"#texture","cullface":"down"}}},{"from":[6.5,6.5,6.5],"to":[9.5,9,9.5],"faces":{"down":{"uv":[2,4.5,3,5.5],"rotation":90,"texture":"#texture"},"up":{"uv":[2,4.5,3,5.5],"rotation":270,"texture":"#texture"},"north":{"uv":[3.5,13.5,0.5,16],"texture":"#texture"},"south":{"uv":[3.5,13.5,0.5,16],"texture":"#texture"},"west":{"uv":[0.5,13.5,3.5,16],"texture":"#texture"},"east":{"uv":[0.5,13.5,3.5,16],"texture":"#texture"}}},{"from":[7,-1.5,7],"to":[9,-1,9],"faces":{"up":{"uv":[7,5.5,9,7.5],"rotation":270,"texture":"#texture","cullface":"down"},"north":{"uv":[7,7.5,9,8],"texture":"#texture","cullface":"down"},"south":{"uv":[7,7.5,9,8],"texture":"#texture","cullface":"down"},"west":{"uv":[7,7.5,9,8],"texture":"#texture","cullface":"down"},"east":{"uv":[7,7.5,9,8],"texture":"#texture","cullface":"down"}}},{"from":[7,6,7],"to":[9,6.5,9],"faces":{"down":{"uv":[9,7,7,5],"rotation":90,"texture":"#texture"},"north":{"uv":[7,0,9,0.5],"texture":"#texture"},"south":{"uv":[7,0,9,0.5],"texture":"#texture"},"west":{"uv":[7,0,9,0.5],"texture":"#texture"},"east":{"uv":[7,0,9,0.5],"texture":"#texture"}}},{"from":[6,7.5,6.5],"to":[10,8.5,9.5],"faces":{"down":{"uv":[2.5,15,1.5,14],"rotation":90,"texture":"#texture"},"up":{"uv":[1.5,14,2.5,15],"rotation":270,"texture":"#texture"},"north":{"uv":[4,14,0,15],"texture":"#texture"},"south":{"uv":[4,14,0,15],"texture":"#texture"},"west":{"uv":[0.5,14,3.5,15],"texture":"#texture"},"east":{"uv":[0.5,14,3.5,15],"texture":"#texture"}}},{"from":[6.5,7.5,6],"to":[9.5,8.5,10],"faces":{"down":{"uv":[2.5,15,1.5,14],"rotation":90,"texture":"#texture"},"up":{"uv":[1.5,14,2.5,15],"rotation":270,"texture":"#texture"},"north":{"uv":[3.5,14,0.5,15],"texture":"#texture"},"south":{"uv":[3.5,14,0.5,15],"texture":"#texture"},"west":{"uv":[0,14,4,15],"texture":"#texture"},"east":{"uv":[0,14,4,15],"texture":"#texture"}}},{"from":[6,7,7],"to":[10,7.5,9],"faces":{"down":{"uv":[2,15.5,1,14.5],"rotation":90,"texture":"#texture"},"north":{"uv":[4,15,0,15.5],"texture":"#texture"},"south":{"uv":[4,15,0,15.5],"texture":"#texture"},"west":{"uv":[1,15,3,15.5],"texture":"#texture"},"east":{"uv":[1,15,3,15.5],"texture":"#texture"}}},{"from":[7,7,6],"to":[9,7.5,10],"faces":{"down":{"uv":[2.5,15,1.5,14],"rotation":90,"texture":"#texture"},"north":{"uv":[3,15,1,15.5],"texture":"#texture"},"south":{"uv":[3,15,1,15.5],"texture":"#texture"},"west":{"uv":[0,15,4,15.5],"texture":"#texture"},"east":{"uv":[0,15,4,15.5],"texture":"#texture"}}},{"from":[7,8.5,6],"to":[9,9,10],"faces":{"up":{"uv":[2,4.5,3,5.5],"rotation":270,"texture":"#texture"},"north":{"uv":[3,13.5,1,14],"texture":"#texture"},"south":{"uv":[3,13.5,1,14],"texture":"#texture"},"west":{"uv":[0,13.5,4,14],"texture":"#texture"},"east":{"uv":[0,13.5,4,14],"texture":"#texture"}}},{"from":[6,8.5,7],"to":[10,9,9],"faces":{"up":{"uv":[2.5,4.5,3.5,5.5],"rotation":270,"texture":"#texture"},"north":{"uv":[4,13.5,0,14],"texture":"#texture"},"south":{"uv":[4,13.5,0,14],"texture":"#texture"},"west":{"uv":[1,13.5,3,14],"texture":"#texture"},"east":{"uv":[1,13.5,3,14],"texture":"#texture"}}},{"from":[7,9,7],"to":[9,9.5,9],"faces":{"up":{"uv":[3.5,4.5,4.5,5.5],"rotation":270,"texture":"#texture"},"north":{"uv":[11.5,9,13.5,9.5],"texture":"#texture"},"south":{"uv":[11.5,9,13.5,9.5],"texture":"#texture"},"west":{"uv":[11.5,9,13.5,9.5],"texture":"#texture"},"east":{"uv":[11.5,9,13.5,9.5],"texture":"#texture"}}},{"from":[7,13.5,7],"to":[9,14.5,9],"faces":{"down":{"uv":[11.5,4,12.5,5],"rotation":90,"texture":"#texture"},"north":{"uv":[11.5,4,13.5,5],"texture":"#texture"},"south":{"uv":[11.5,4,13.5,5],"texture":"#texture"},"west":{"uv":[11.5,4,13.5,5],"texture":"#texture"},"east":{"uv":[11.5,4,13.5,5],"texture":"#texture"}}},{"from":[6.5,14,7.5],"to":[9.5,14.5,8.5],"faces":{"down":{"uv":[12,5.5,13,6.5],"rotation":90,"texture":"#texture"},"north":{"uv":[12.5,14,9.5,14.5],"texture":"#texture"},"south":{"uv":[10,1,13,1.5],"texture":"#texture"},"west":{"uv":[13,3.5,12,4],"texture":"#texture"},"east":{"uv":[12,3.5,13,4],"texture":"#texture"}}},{"from":[7,14.5,6.5],"to":[9,15,9.5],"faces":{"down":{"uv":[3.5,4.5,4.5,5.5],"rotation":90,"texture":"#texture"},"north":{"uv":[11,14,9,14.5],"texture":"#texture"},"south":{"uv":[10.5,1,12.5,1.5],"texture":"#texture"},"west":{"uv":[14,3.5,11,4],"texture":"#texture"},"east":{"uv":[11,3.5,14,4],"texture":"#texture"}}},{"from":[6.5,-5.5,4.5],"to":[9.5,-5,11.5],"faces":{"down":{"uv":[3.5,5.5,4.5,4.5],"rotation":90,"texture":"#texture","cullface":"down"},"north":{"uv":[2,3,5,3.5],"texture":"#texture","cullface":"down"},"south":{"uv":[2,3,5,3.5],"texture":"#texture","cullface":"down"},"west":{"uv":[0,3,7,3.5],"texture":"#texture","cullface":"down"},"east":{"uv":[0,3,7,3.5],"texture":"#texture","cullface":"down"}}},{"from":[6.5,15,6.5],"to":[9.5,15.5,10],"faces":{"down":{"uv":[11.5,4,13,5.5],"rotation":90,"texture":"#texture"},"north":{"uv":[11,3,14,3.5],"texture":"#texture"},"south":{"uv":[11,3,14,3.5],"texture":"#texture"},"west":{"uv":[10.5,3,14,3.5],"texture":"#texture"},"east":{"uv":[10.5,3,14,3.5],"texture":"#texture"}}},{"from":[6.5,15.5,6],"to":[9.5,16,10],"faces":{"down":{"uv":[3.5,4.5,4.5,5.5],"rotation":90,"texture":"#texture"},"north":{"uv":[12,14,9,14.5],"texture":"#texture"},"south":{"uv":[10,1,13,1.5],"texture":"#texture"},"west":{"uv":[14.5,2.5,10.5,3],"texture":"#texture"},"east":{"uv":[10.5,2.5,14.5,3],"texture":"#texture"}}},{"from":[6.5,16,6],"to":[9.5,16.5,10.5],"faces":{"down":{"uv":[11.5,4,12.5,5],"rotation":90,"texture":"#texture","cullface":"up"},"north":{"uv":[10,2,13,2.5],"texture":"#texture","cullface":"up"},"south":{"uv":[10,2,13,2.5],"texture":"#texture","cullface":"up"},"west":{"uv":[10,2,14.5,2.5],"texture":"#texture","cullface":"up"},"east":{"uv":[10,2,14.5,2.5],"texture":"#texture","cullface":"up"}}},{"from":[6,16.5,6],"to":[10,17,10.5],"faces":{"down":{"uv":[11.5,4,12.5,5],"rotation":90,"texture":"#texture","cullface":"up"},"north":{"uv":[14.5,1.5,10.5,2],"texture":"#texture","cullface":"up"},"south":{"uv":[14.5,1.5,10.5,2],"texture":"#texture","cullface":"up"},"west":{"uv":[10,1.5,14.5,2],"texture":"#texture","cullface":"up"},"east":{"uv":[10,1.5,14.5,2],"texture":"#texture","cullface":"up"}}},{"from":[6.5,14.5,7],"to":[9.5,15,9],"faces":{"down":{"uv":[11.5,4,12.5,5],"rotation":90,"texture":"#texture"},"north":{"uv":[12,14,9,14.5],"texture":"#texture"},"south":{"uv":[10,1,13,1.5],"texture":"#texture"},"west":{"uv":[13.5,3.5,11.5,4],"texture":"#texture"},"east":{"uv":[11.5,3.5,13.5,4],"texture":"#texture"}}},{"from":[6,15,7],"to":[10,15.5,9.5],"faces":{"down":{"uv":[11.5,4,12.5,5],"rotation":90,"texture":"#texture"},"north":{"uv":[10.5,3,14,3.5],"texture":"#texture"},"south":{"uv":[10.5,3,14,3.5],"texture":"#texture"},"west":{"uv":[13.5,3,11,3.5],"texture":"#texture"},"east":{"uv":[11,3,13.5,3.5],"texture":"#texture"}}},{"from":[6,15.5,6.5],"to":[10,16,9.5],"faces":{"down":{"uv":[3.5,4.5,4.5,5.5],"rotation":90,"texture":"#texture"},"north":{"uv":[12.5,14.5,8.5,15],"texture":"#texture"},"south":{"uv":[9,0.5,13,1],"texture":"#texture"},"west":{"uv":[14,2.5,11,3],"texture":"#texture"},"east":{"uv":[11,2.5,14,3],"texture":"#texture"}}},{"from":[5.5,16.5,6.5],"to":[10.5,17,10],"faces":{"down":{"uv":[11.5,4,12.5,5],"rotation":90,"texture":"#texture","cullface":"up"},"north":{"uv":[15,1.5,10,2],"texture":"#texture","cullface":"up"},"south":{"uv":[15,1.5,10,2],"texture":"#texture","cullface":"up"},"west":{"uv":[10,1.5,13.5,2],"texture":"#texture","cullface":"up"},"east":{"uv":[10,1.5,13.5,2],"texture":"#texture","cullface":"up"}}},{"from":[5.5,16,6.5],"to":[10.5,16.5,9.5],"faces":{"down":{"uv":[11.5,4,12.5,5],"rotation":90,"texture":"#texture","cullface":"up"},"north":{"uv":[10,1.5,10.5,2.5],"texture":"#texture","cullface":"up"},"south":{"uv":[10,1.5,10.5,2.5],"texture":"#texture","cullface":"up"},"west":{"uv":[11,2,14,2.5],"texture":"#texture","cullface":"up"},"east":{"uv":[11,2,14,2.5],"texture":"#texture","cullface":"up"}}},{"from":[6.5,16.5,5.5],"to":[9.5,17,10],"faces":{"down":{"uv":[11.5,4,12.5,5],"rotation":90,"texture":"#texture","cullface":"up"},"north":{"uv":[13.5,1.5,10.5,2],"texture":"#texture","cullface":"up"},"south":{"uv":[13.5,1.5,10.5,2],"texture":"#texture","cullface":"up"},"west":{"uv":[10.5,1.5,15,2],"texture":"#texture","cullface":"up"},"east":{"uv":[10.5,1.5,15,2],"texture":"#texture","cullface":"up"}}},{"from":[6,16,9.5],"to":[10,16.5,10],"faces":{"down":{"uv":[7,12,7.5,16],"rotation":90,"texture":"#texture","cullface":"up"},"south":{"uv":[10.5,2,14.5,2.5],"texture":"#texture","cullface":"up"},"west":{"uv":[10.5,2,11,2.5],"texture":"#texture","cullface":"up"},"east":{"uv":[10.5,2,11,2.5],"texture":"#texture","cullface":"up"}}},{"from":[5.5,17,5],"to":[10.5,18.5,10.5],"faces":{"down":{"uv":[12.5,1,13.5,1.5],"rotation":90,"texture":"#texture","cullface":"up"},"north":{"uv":[13,0,14,1.5],"texture":"#texture","cullface":"up"},"south":{"uv":[9.5,0,10.5,1.5],"texture":"#texture","cullface":"up"},"west":{"uv":[15.5,0,10,1.5],"texture":"#texture","cullface":"up"},"east":{"uv":[10,0,15.5,1.5],"texture":"#texture","cullface":"up"}}},{"from":[6,17.5,11],"to":[10,18,11.5],"faces":{"down":{"uv":[9,0.5,9.5,1],"rotation":90,"texture":"#texture","cullface":"up"},"south":{"uv":[11,0,15,0.5],"texture":"#texture","cullface":"up"},"west":{"uv":[9,0.5,9.5,1],"texture":"#texture","cullface":"up"},"east":{"uv":[9,0.5,9.5,1],"texture":"#texture","cullface":"up"}}},{"from":[6,18,4.5],"to":[10,18.5,5],"faces":{"down":{"uv":[15.5,0.5,16,0],"rotation":90,"texture":"#texture","cullface":"up"},"up":{"uv":[15.5,0,16,0.5],"rotation":270,"texture":"#texture","cullface":"up"},"north":{"uv":[16,0,15.5,0.5],"texture":"#texture","cullface":"up"},"west":{"uv":[15.5,0,16,0.5],"texture":"#texture","cullface":"up"},"east":{"uv":[15.5,0.5,16,0],"texture":"#texture","cullface":"up"}}},{"from":[5,17,6],"to":[11,18.5,9],"faces":{"down":{"uv":[11.5,1,14.5,1.5],"rotation":90,"texture":"#texture","cullface":"up"},"up":{"uv":[10,1,13,1.5],"rotation":270,"texture":"#texture","cullface":"up"},"north":{"uv":[13,0,14,1.5],"texture":"#texture","cullface":"up"},"south":{"uv":[11,0,12,1.5],"texture":"#texture","cullface":"up"},"west":{"uv":[14.5,0,11.5,1.5],"texture":"#texture","cullface":"up"},"east":{"uv":[11.5,0,14.5,1.5],"texture":"#texture","cullface":"up"}}},{"from":[5,17.5,9],"to":[11,18.5,10],"faces":{"down":{"uv":[9.5,0.5,10.5,1.5],"rotation":90,"texture":"#texture","cullface":"up"},"up":{"uv":[9.5,0.5,10.5,1.5],"rotation":270,"texture":"#texture","cullface":"up"},"south":{"uv":[0.5,2,6.5,3],"texture":"#texture","cullface":"up"},"west":{"uv":[11.5,0,10.5,1],"texture":"#texture","cullface":"up"},"east":{"uv":[10.5,0,11.5,1],"texture":"#texture","cullface":"up"}}},{"from":[5,18,10],"to":[11,18.5,10.5],"faces":{"down":{"uv":[10,0,10.5,0.5],"rotation":90,"texture":"#texture","cullface":"up"},"up":{"uv":[10,0,10.5,0.5],"rotation":270,"texture":"#texture","cullface":"up"},"south":{"uv":[10,0,10.5,0.5],"texture":"#texture","cullface":"up"},"west":{"uv":[10,0,10.5,0.5],"texture":"#texture","cullface":"up"},"east":{"uv":[10,0,10.5,0.5],"texture":"#texture","cullface":"up"}}},{"from":[5,17.5,5.5],"to":[11,18.5,6],"faces":{"down":{"uv":[14.5,0.5,15,1],"rotation":90,"texture":"#texture","cullface":"up"},"up":{"uv":[14.5,0,15,0.5],"rotation":270,"texture":"#texture","cullface":"up"},"north":{"uv":[14.5,0,15,1],"texture":"#texture","cullface":"up"},"west":{"uv":[15,0,14.5,1],"texture":"#texture","cullface":"up"},"east":{"uv":[14.5,0,15,1],"texture":"#texture","cullface":"up"}}},{"from":[5.5,17.5,10.5],"to":[10.5,18.5,11],"faces":{"down":{"uv":[10,0.5,10.5,1],"rotation":90,"texture":"#texture","cullface":"up"},"up":{"uv":[10,0.5,10.5,1],"rotation":270,"texture":"#texture","cullface":"up"},"south":{"uv":[15,0,10,1],"texture":"#texture","cullface":"up"},"west":{"uv":[9.5,0,10,1],"texture":"#texture","cullface":"up"},"east":{"uv":[9.5,0,10,1],"texture":"#texture","cullface":"up"}}},{"from":[6,17,10.5],"to":[10,17.5,11],"faces":{"down":{"uv":[9.5,1,10,1.5],"rotation":90,"texture":"#texture","cullface":"up"},"south":{"uv":[11.5,0,15.5,0.5],"texture":"#texture","cullface":"up"},"west":{"uv":[9.5,1,10,1.5],"texture":"#texture","cullface":"up"},"east":{"uv":[9.5,1,10,1.5],"texture":"#texture","cullface":"up"}}},{"from":[5.5,18.5,5],"to":[10.5,19,10.5],"faces":{"up":{"uv":[8.5,12.5,9,13],"rotation":270,"texture":"#texture","cullface":"up"},"north":{"uv":[6,11.5,5.5,12],"texture":"#texture","cullface":"up"},"south":{"uv":[0,11.5,0.5,12],"texture":"#texture","cullface":"up"},"west":{"uv":[5.5,11.5,0,12],"texture":"#texture","cullface":"up"},"east":{"uv":[0,11.5,5.5,12],"texture":"#texture","cullface":"up"}}},{"from":[6.5,18.5,4.5],"to":[9.5,19,5],"faces":{"up":{"uv":[5.5,11.5,6,12],"rotation":270,"texture":"#texture","cullface":"up"},"north":{"uv":[5.5,11.5,6,12],"texture":"#texture","cullface":"up"},"west":{"uv":[5.5,11.5,6,12],"texture":"#texture","cullface":"up"},"east":{"uv":[5.5,11.5,6,12],"texture":"#texture","cullface":"up"}}},{"from":[5.5,19,7],"to":[10.5,19.5,10.5],"faces":{"up":{"uv":[3,7.5,4,8.5],"rotation":270,"texture":"#texture","cullface":"up"},"north":{"uv":[1,11,1.5,11.5],"texture":"#texture","cullface":"up"},"south":{"uv":[1,11,1.5,11.5],"texture":"#texture","cullface":"up"},"west":{"uv":[0,11,3.5,11.5],"texture":"#texture","cullface":"up"},"east":{"uv":[0,11,3.5,11.5],"texture":"#texture","cullface":"up"}}},{"from":[6,19,6],"to":[10,21.5,7],"faces":{"up":{"uv":[3.5,9,4,9.5],"rotation":270,"texture":"#texture","cullface":"up"},"north":{"uv":[4,9,3.5,9.5],"texture":"#texture","cullface":"up"},"south":{"uv":[3.5,9,4,9.5],"texture":"#texture","cullface":"up"},"west":{"uv":[3.5,9,4.5,11.5],"texture":"#texture","cullface":"up"},"east":{"uv":[3.5,9.5,4,9],"texture":"#texture","cullface":"up"}}},{"from":[6,19.5,7],"to":[10,21,7.5],"faces":{"south":{"uv":[3,9.5,3.5,10],"texture":"#texture","cullface":"up"},"west":{"uv":[3,9.5,3.5,11],"texture":"#texture","cullface":"up"},"east":{"uv":[3,9.5,3.5,11],"texture":"#texture","cullface":"up"}}},{"from":[6,19.5,7.5],"to":[10,20,8.5],"faces":{"west":{"uv":[2,10.5,3,11],"texture":"#texture","cullface":"up"},"east":{"uv":[2,10.5,3,11],"texture":"#texture","cullface":"up"}}},{"from":[6,21,5.5],"to":[10,22.5,6],"faces":{"down":{"uv":[4.5,8,5,8.5],"rotation":90,"texture":"#texture","cullface":"up"},"north":{"uv":[5,8,4.5,8.5],"texture":"#texture","cullface":"up"},"south":{"uv":[4.5,8,5,8.5],"texture":"#texture","cullface":"up"},"west":{"uv":[4.5,8,5,9.5],"texture":"#texture","cullface":"up"},"east":{"uv":[4.5,8,5,9.5],"texture":"#texture","cullface":"up"}}},{"from":[6,21.5,6],"to":[10,22,6.5],"faces":{"west":{"uv":[4,8.5,4.5,9],"texture":"#texture","cullface":"up"},"east":{"uv":[4,9,4.5,8.5],"texture":"#texture","cullface":"up"}}},{"from":[6,22,5],"to":[10,22.5,5.5],"faces":{"down":{"uv":[5,8.5,5.5,8],"rotation":90,"texture":"#texture","cullface":"up"},"north":{"uv":[5.5,8,5,8.5],"texture":"#texture","cullface":"up"},"west":{"uv":[5,8,5.5,8.5],"texture":"#texture","cullface":"up"},"east":{"uv":[5,8.5,5.5,8],"texture":"#texture","cullface":"up"}}},{"from":[5.5,19.5,8.5],"to":[10.5,20,9.5],"faces":{"up":{"uv":[1,10.5,1.5,11],"rotation":270,"texture":"#texture","cullface":"up"},"north":{"uv":[1.5,10.5,1,11],"texture":"#texture","cullface":"up"},"west":{"uv":[1,10.5,2,11],"texture":"#texture","cullface":"up"},"east":{"uv":[1,10.5,2,11],"texture":"#texture","cullface":"up"}}},{"from":[5.5,20,9],"to":[10.5,20.5,9.5],"faces":{"west":{"uv":[1,10,1.5,10.5],"texture":"#texture","cullface":"up"},"east":{"uv":[1,10.5,1.5,10],"texture":"#texture","cullface":"up"}}},{"from":[5.5,20,7.5],"to":[10.5,21,9],"faces":{"down":{"uv":[1.5,9.5,2,10],"rotation":90,"texture":"#texture","cullface":"up"},"up":{"uv":[1.5,9.5,2,10],"rotation":270,"texture":"#texture","cullface":"up"},"north":{"uv":[3,9.5,2.5,10],"texture":"#texture","cullface":"up"},"south":{"uv":[1.5,9.5,2,10],"texture":"#texture","cullface":"up"},"west":{"uv":[1.5,9.5,3,10.5],"texture":"#texture","cullface":"up"},"east":{"uv":[1.5,9.5,3,10.5],"texture":"#texture","cullface":"up"}}},{"from":[5.5,21,7],"to":[10.5,21.5,8],"faces":{"down":{"uv":[2.5,9,3,9.5],"rotation":90,"texture":"#texture","cullface":"up"},"up":{"uv":[2.5,9,3,9.5],"rotation":270,"texture":"#texture","cullface":"up"},"north":{"uv":[3.5,9,3,9.5],"texture":"#texture","cullface":"up"},"west":{"uv":[2.5,9,3.5,9.5],"texture":"#texture","cullface":"up"},"east":{"uv":[2.5,9.5,3.5,9],"texture":"#texture","cullface":"up"}}},{"from":[5.5,21.5,6.5],"to":[10.5,23,7.5],"faces":{"down":{"uv":[3,9,4,7.5],"rotation":90,"texture":"#texture","cullface":"up"},"north":{"uv":[3,7.5,4,9],"texture":"#texture","cullface":"up"},"west":{"uv":[3,7.5,4,9],"texture":"#texture","cullface":"up"},"east":{"uv":[3,7.5,4,9],"texture":"#texture","cullface":"up"}}},{"from":[5.5,22,6],"to":[10.5,23,6.5],"faces":{"down":{"uv":[4,7.5,4.5,8],"rotation":90,"texture":"#texture","cullface":"up"},"north":{"uv":[4.5,7.5,4,8],"texture":"#texture","cullface":"up"},"west":{"uv":[4,7.5,4.5,8.5],"texture":"#texture","cullface":"up"},"east":{"uv":[4,7.5,4.5,8.5],"texture":"#texture","cullface":"up"}}},{"from":[5.5,22.5,4],"to":[10.5,23,6],"faces":{"down":{"uv":[4.5,7.5,5,8],"rotation":90,"texture":"#texture","cullface":"up"},"up":{"uv":[4.5,7.5,5,8],"rotation":270,"texture":"#texture","cullface":"up"},"north":{"uv":[6.5,7.5,6,8],"texture":"#texture","cullface":"up"},"west":{"uv":[4.5,7.5,6.5,8],"texture":"#texture","cullface":"up"},"east":{"uv":[4.5,8,6.5,7.5],"texture":"#texture","cullface":"up"}}},{"from":[6.5,19,5],"to":[9.5,21,6],"faces":{"up":{"uv":[4.5,11,5,11.5],"rotation":270,"texture":"#texture","cullface":"up"},"north":{"uv":[5,11,4.5,11.5],"texture":"#texture","cullface":"up"},"west":{"uv":[4.5,9.5,5.5,11.5],"texture":"#texture","cullface":"up"},"east":{"uv":[4.5,9.5,5.5,11.5],"texture":"#texture","cullface":"up"}}},{"from":[7,19.5,4.5],"to":[9,21,5],"faces":{"down":{"uv":[5.5,9.5,6,10],"rotation":90,"texture":"#texture","cullface":"up"},"north":{"uv":[6,9,5.5,9.5],"texture":"#texture","cullface":"up"},"west":{"uv":[5.5,9.5,6,11],"texture":"#texture","cullface":"up"},"east":{"uv":[5.5,9.5,6,11],"texture":"#texture","cullface":"up"}}},{"from":[7,20.5,4],"to":[9,21,4.5],"faces":{"down":{"uv":[6,10,6.5,9.5],"rotation":90,"texture":"#texture","cullface":"up"},"north":{"uv":[6.5,9.5,6,10],"texture":"#texture","cullface":"up"},"west":{"uv":[6,9.5,6.5,10],"texture":"#texture","cullface":"up"},"east":{"uv":[6,10,6.5,9.5],"texture":"#texture","cullface":"up"}}},{"from":[6.5,21,4],"to":[9.5,22,5.5],"faces":{"down":{"uv":[5,8.5,5.5,9],"rotation":90,"texture":"#texture","cullface":"up"},"up":{"uv":[5,8.5,5.5,9],"rotation":270,"texture":"#texture","cullface":"up"},"north":{"uv":[6.5,8.5,6,9],"texture":"#texture","cullface":"up"},"west":{"uv":[5,8.5,6.5,9.5],"texture":"#texture","cullface":"up"},"east":{"uv":[5,8.5,6.5,9.5],"texture":"#texture","cullface":"up"}}},{"from":[6.5,22,3.5],"to":[9.5,22.5,5],"faces":{"down":{"uv":[5.5,8,6,8.5],"rotation":90,"texture":"#texture","cullface":"up"},"up":{"uv":[5.5,8,6,8.5],"rotation":270,"texture":"#texture","cullface":"up"},"north":{"uv":[7,8,6.5,8.5],"texture":"#texture","cullface":"up"},"west":{"uv":[5.5,8,7,8.5],"texture":"#texture","cullface":"up"},"east":{"uv":[5.5,8.5,7,8],"texture":"#texture","cullface":"up"}}},{"from":[7,21.5,3],"to":[9,22,3.5],"faces":{"down":{"uv":[7,9,7.5,8.5],"rotation":90,"texture":"#texture","cullface":"up"},"up":{"uv":[7,8.5,7.5,9],"rotation":270,"texture":"#texture","cullface":"up"},"north":{"uv":[7.5,8.5,7,9],"texture":"#texture","cullface":"up"},"west":{"uv":[7,8.5,7.5,9],"texture":"#texture","cullface":"up"},"east":{"uv":[7,9,7.5,8.5],"texture":"#texture","cullface":"up"}}},{"from":[7,21,3.5],"to":[9,22,4],"faces":{"down":{"uv":[6,9,6.5,9.5],"rotation":90,"texture":"#texture","cullface":"up"},"north":{"uv":[6.5,9,6,9.5],"texture":"#texture","cullface":"up"},"west":{"uv":[6,9,6.5,10],"texture":"#texture","cullface":"up"},"east":{"uv":[6,9,6.5,10],"texture":"#texture","cullface":"up"}}},{"from":[5,19.5,9.5],"to":[11,20,10.5],"faces":{"down":{"uv":[0,11,0.5,10.5],"rotation":90,"texture":"#texture","cullface":"up"},"up":{"uv":[0,10.5,0.5,11],"rotation":270,"texture":"#texture","cullface":"up"},"north":{"uv":[0.5,10.5,0,11],"texture":"#texture","cullface":"up"},"south":{"uv":[0,10.5,0.5,11],"texture":"#texture","cullface":"up"},"west":{"uv":[0,10.5,1,11],"texture":"#texture","cullface":"up"},"east":{"uv":[0,10.5,1,11],"texture":"#texture","cullface":"up"}}},{"from":[5,20,9.5],"to":[11,20.5,10],"faces":{"up":{"uv":[0.5,10,1,10.5],"rotation":270,"texture":"#texture","cullface":"up"},"north":{"uv":[1,10,0.5,10.5],"texture":"#texture","cullface":"up"},"south":{"uv":[0.5,10,1,10.5],"texture":"#texture","cullface":"up"},"west":{"uv":[0.5,10,1,10.5],"texture":"#texture","cullface":"up"},"east":{"uv":[0.5,10.5,1,10],"texture":"#texture","cullface":"up"}}},{"from":[5,20.5,9],"to":[11,21,9.5],"faces":{"down":{"uv":[1,10,1.5,9.5],"rotation":90,"texture":"#texture","cullface":"up"},"up":{"uv":[1,9.5,1.5,10],"rotation":270,"texture":"#texture","cullface":"up"},"north":{"uv":[1.5,9.5,1,10],"texture":"#texture","cullface":"up"},"south":{"uv":[1,9.5,1.5,10],"texture":"#texture","cullface":"up"},"west":{"uv":[1,9.5,1.5,10],"texture":"#texture","cullface":"up"},"east":{"uv":[1,10,1.5,9.5],"texture":"#texture","cullface":"up"}}},{"from":[5,21,8],"to":[11,21.5,9],"faces":{"down":{"uv":[1.5,9.5,2,9],"rotation":90,"texture":"#texture","cullface":"up"},"up":{"uv":[1.5,9,2,9.5],"rotation":270,"texture":"#texture","cullface":"up"},"north":{"uv":[2,9,1.5,9.5],"texture":"#texture","cullface":"up"},"south":{"uv":[1.5,9,2,9.5],"texture":"#texture","cullface":"up"},"west":{"uv":[1.5,9,2.5,9.5],"texture":"#texture","cullface":"up"},"east":{"uv":[1.5,9,2.5,9.5],"texture":"#texture","cullface":"up"}}},{"from":[5,21.5,7.5],"to":[11,23,8],"faces":{"down":{"uv":[2.5,7.5,3,8],"rotation":90,"texture":"#texture","cullface":"up"},"up":{"uv":[2.5,7.5,3,8],"rotation":270,"texture":"#texture","cullface":"up"},"north":{"uv":[2.5,7.5,3,9],"texture":"#texture","cullface":"up"},"south":{"uv":[2.5,7.5,3,9],"texture":"#texture","cullface":"up"},"west":{"uv":[2.5,7.5,3,9],"texture":"#texture","cullface":"up"},"east":{"uv":[2.5,7.5,3,9],"texture":"#texture","cullface":"up"}}},{"from":[5,23,5],"to":[11,23.5,7.5],"faces":{"down":{"uv":[3,7.5,5.5,7],"rotation":90,"texture":"#texture","cullface":"up"},"up":{"uv":[3,7,5.5,7.5],"rotation":270,"texture":"#texture","cullface":"up"},"north":{"uv":[5.5,7,5,7.5],"texture":"#texture","cullface":"up"},"south":{"uv":[3,7,3.5,7.5],"texture":"#texture","cullface":"up"},"west":{"uv":[5.5,7,3,7.5],"texture":"#texture","cullface":"up"},"east":{"uv":[3,7.5,5.5,7],"texture":"#texture","cullface":"up"}}},{"from":[6.5,23,7.5],"to":[9.5,24,8],"faces":{"north":{"uv":[7,14,7.5,15],"texture":"#texture","cullface":"up"},"west":{"uv":[7,14,7.5,15],"texture":"#texture","cullface":"up"},"east":{"uv":[7,14,7.5,15],"texture":"#texture","cullface":"up"}}},{"from":[6.5,23.5,1.5],"to":[9.5,24,7.5],"faces":{"down":{"uv":[6,16,12,15.5],"rotation":90,"texture":"#texture","cullface":"up"},"up":{"uv":[6,15.5,12,16],"rotation":270,"texture":"#texture","cullface":"up"},"north":{"uv":[12,15.5,11.5,16],"texture":"#texture","cullface":"up"},"west":{"uv":[6,15.5,12,16],"texture":"#texture","cullface":"up"},"east":{"uv":[6,16,12,15.5],"texture":"#texture","cullface":"up"}}},{"from":[6.5,24,5.5],"to":[9.5,26.5,6.5],"faces":{"up":{"uv":[7,13,7.5,13.5],"rotation":270,"texture":"#texture","cullface":"up"},"north":{"uv":[7,13,7.5,15.5],"texture":"#texture","cullface":"up"},"south":{"uv":[7,13,7.5,15.5],"texture":"#texture","cullface":"up"},"west":{"uv":[7,13,8,15.5],"texture":"#texture","cullface":"up"},"east":{"uv":[7,13,8,15.5],"texture":"#texture","cullface":"up"}}},{"from":[6.5,24,5],"to":[9.5,24.5,5.5],"faces":{"west":{"uv":[8,15,8.5,15.5],"texture":"#texture","cullface":"up"},"east":{"uv":[8,15.5,8.5,15],"texture":"#texture","cullface":"up"}}},{"from":[7,24,-1.5],"to":[9,24.5,2],"faces":{"down":{"uv":[11.5,15.5,15,15],"rotation":90,"texture":"#texture","cullface":"north"},"up":{"uv":[11.5,15,15,15.5],"rotation":270,"texture":"#texture","cullface":"north"},"west":{"uv":[11.5,15,15,15.5],"texture":"#texture","cullface":"north"},"east":{"uv":[11.5,15.5,15,15],"texture":"#texture","cullface":"north"}}},{"from":[6.5,26.5,6],"to":[9.5,27,6.5],"faces":{"up":{"uv":[7,12,7.5,12.5],"rotation":270,"texture":"#texture","cullface":"up"},"north":{"uv":[7,12,7.5,13],"texture":"#texture","cullface":"up"},"west":{"uv":[7,12,7.5,13],"texture":"#texture","cullface":"up"},"east":{"uv":[7,12,7.5,13],"texture":"#texture","cullface":"up"}}},{"from":[6,27,6.5],"to":[10,27.5,8],"faces":{"down":{"uv":[5.5,12.5,7,12],"rotation":90,"texture":"#texture","cullface":"up"},"up":{"uv":[5.5,12,7,12.5],"rotation":270,"texture":"#texture","cullface":"up"},"north":{"uv":[7,12,6.5,12.5],"texture":"#texture","cullface":"up"},"south":{"uv":[5.5,12,6,12.5],"texture":"#texture","cullface":"up"},"west":{"uv":[7,12,5.5,12.5],"texture":"#texture","cullface":"up"},"east":{"uv":[5.5,12.5,7,12],"texture":"#texture","cullface":"up"}}},{"from":[5.5,26,6.5],"to":[10.5,27,7],"faces":{"down":{"uv":[6.5,13.5,7,13],"rotation":90,"texture":"#texture","cullface":"up"},"up":{"uv":[6.5,12.5,7,13],"rotation":270,"texture":"#texture","cullface":"up"},"north":{"uv":[6.5,12.5,7,13.5],"texture":"#texture","cullface":"up"},"south":{"uv":[6.5,12.5,7,13.5],"texture":"#texture","cullface":"up"},"west":{"uv":[6.5,12.5,7,13.5],"texture":"#texture","cullface":"up"},"east":{"uv":[6.5,12.5,7,13.5],"texture":"#texture","cullface":"up"}}},{"from":[5.5,24.5,7],"to":[10.5,26.5,8],"faces":{"down":{"uv":[5.5,15.5,6.5,13.5],"rotation":90,"texture":"#texture","cullface":"up"},"up":{"uv":[5.5,13.5,6.5,14],"rotation":270,"texture":"#texture","cullface":"up"},"north":{"uv":[6.5,13.5,6,15.5],"texture":"#texture","cullface":"up"},"south":{"uv":[5.5,13.5,6,15.5],"texture":"#texture","cullface":"up"},"west":{"uv":[6.5,13.5,5.5,15.5],"texture":"#texture","cullface":"up"},"east":{"uv":[5.5,13.5,6.5,15.5],"texture":"#texture","cullface":"up"}}},{"from":[6,24,6.5],"to":[10,26,7],"faces":{"down":{"uv":[6.5,13.5,7,14],"rotation":90,"texture":"#texture","cullface":"up"},"north":{"uv":[6.5,13.5,7,15.5],"texture":"#texture","cullface":"up"},"south":{"uv":[6.5,13.5,7,15.5],"texture":"#texture","cullface":"up"},"west":{"uv":[6.5,13.5,7,15.5],"texture":"#texture","cullface":"up"},"east":{"uv":[6.5,15.5,7,15],"texture":"#texture","cullface":"up"}}},{"from":[5.5,26.5,7],"to":[10.5,27,7.5],"faces":{"up":{"uv":[6,12.5,6.5,13],"rotation":270,"texture":"#texture","cullface":"up"},"south":{"uv":[6,12.5,6.5,13],"texture":"#texture","cullface":"up"},"west":{"uv":[6,12.5,6.5,13],"texture":"#texture","cullface":"up"},"east":{"uv":[6,13,6.5,12.5],"texture":"#texture","cullface":"up"}}},{"from":[6,26.5,7.5],"to":[10,27,8],"faces":{"south":{"uv":[5.5,12.5,6,13],"texture":"#texture","cullface":"up"},"west":{"uv":[5.5,12.5,6,13],"texture":"#texture","cullface":"up"},"east":{"uv":[5.5,13,6,12.5],"texture":"#texture","cullface":"up"}}},{"from":[6,24,7],"to":[10,24.5,8],"faces":{"down":{"uv":[5.5,15.5,6.5,15],"rotation":90,"texture":"#texture","cullface":"up"},"west":{"uv":[5.5,15,6.5,15.5],"texture":"#texture","cullface":"up"},"east":{"uv":[5.5,15.5,6.5,15],"texture":"#texture","cullface":"up"}}},{"from":[6.5,27.5,4],"to":[9.5,28,5],"faces":{"up":{"uv":[8.5,11.5,9.5,12],"rotation":270,"texture":"#texture","cullface":"up"},"south":{"uv":[8.5,11.5,9,12],"texture":"#texture","cullface":"up"},"west":{"uv":[9.5,11.5,8.5,12],"texture":"#texture","cullface":"up"},"east":{"uv":[8.5,12,9.5,11.5],"texture":"#texture","cullface":"up"}}},{"from":[6,27.5,1],"to":[10,28,4],"faces":{"up":{"uv":[9.5,11.5,12.5,12],"rotation":270,"texture":"#texture","cullface":"up"},"north":{"uv":[12.5,11.5,12,12],"texture":"#texture","cullface":"up"},"south":{"uv":[9.5,11.5,10,12],"texture":"#texture","cullface":"up"},"west":{"uv":[12.5,11.5,9.5,12],"texture":"#texture","cullface":"up"},"east":{"uv":[9.5,12,12.5,11.5],"texture":"#texture","cullface":"up"}}},{"from":[6.5,27.5,0],"to":[9.5,28,1],"faces":{"down":{"uv":[12.5,12,13.5,11.5],"rotation":90,"texture":"#texture","cullface":"up"},"up":{"uv":[12.5,11.5,13.5,12],"rotation":270,"texture":"#texture","cullface":"up"},"north":{"uv":[13.5,11.5,13,12],"texture":"#texture","cullface":"up"},"west":{"uv":[12.5,11.5,13.5,12],"texture":"#texture","cullface":"up"},"east":{"uv":[12.5,12,13.5,11.5],"texture":"#texture","cullface":"up"}}},{"from":[6,27,0.5],"to":[10,27.5,5],"faces":{"up":{"uv":[9,12,13.5,12.5],"rotation":270,"texture":"#texture","cullface":"up"},"north":{"uv":[13,12,12.5,12.5],"texture":"#texture","cullface":"up"},"south":{"uv":[8.5,12,9,12.5],"texture":"#texture","cullface":"up"},"west":{"uv":[8.5,12,13,12.5],"texture":"#texture","cullface":"up"},"east":{"uv":[8.5,12.5,13,12],"texture":"#texture","cullface":"up"}}},{"from":[6.5,27,5],"to":[9.5,27.5,5.5],"faces":{"up":{"uv":[8,12,8.5,12.5],"rotation":270,"texture":"#texture","cullface":"up"},"south":{"uv":[8,12,8.5,12.5],"texture":"#texture","cullface":"up"},"west":{"uv":[8,12,8.5,12.5],"texture":"#texture","cullface":"up"},"east":{"uv":[8,12.5,8.5,12],"texture":"#texture","cullface":"up"}}},{"from":[6.5,24.25,-0.5],"to":[9.5,27.5,0.5],"faces":{"down":{"uv":[13,14,14,14.5],"rotation":90,"texture":"#texture","cullface":"north"},"up":{"uv":[13,12,14,12.5],"rotation":270,"texture":"#texture","cullface":"north"},"north":{"uv":[14,12,13.5,15],"texture":"#texture","cullface":"north"},"south":{"uv":[13,12,13.5,15],"texture":"#texture","cullface":"north"},"west":{"uv":[12.5,12,11.5,15],"texture":"#texture","cullface":"north"},"east":{"uv":[11.5,12,12.5,15],"texture":"#texture","cullface":"north"}}},{"from":[6.5,24,0.5],"to":[9.5,24.5,2],"faces":{"down":{"uv":[12,15.5,13.5,15],"rotation":90,"texture":"#texture","cullface":"up"},"north":{"uv":[13.5,15,13,15.5],"texture":"#texture","cullface":"up"},"west":{"uv":[12,15,13.5,15.5],"texture":"#texture","cullface":"up"},"east":{"uv":[12,15.5,13.5,15],"texture":"#texture","cullface":"up"}}},{"from":[7,23.5,-0.5],"to":[9,24,1.5],"faces":{"down":{"uv":[12,16,14,15.5],"rotation":90,"texture":"#texture","cullface":"north"},"north":{"uv":[14,15.5,13.5,16],"texture":"#texture","cullface":"north"},"west":{"uv":[12,15.5,14,16],"texture":"#texture","cullface":"north"},"east":{"uv":[12,16,14,15.5],"texture":"#texture","cullface":"north"}}},{"from":[7,24.5,-1],"to":[9,27,-0.5],"faces":{"up":{"uv":[14,12.5,14.5,13],"rotation":270,"texture":"#texture","cullface":"north"},"north":{"uv":[14,12.5,14.5,15],"texture":"#texture","cullface":"north"},"west":{"uv":[14,12.5,14.5,15],"texture":"#texture","cullface":"north"},"east":{"uv":[14,12.5,14.5,15],"texture":"#texture","cullface":"north"}}},{"from":[6,24.5,0],"to":[10,27,5.5],"faces":{"down":{"uv":[8.5,12.5,14,13],"rotation":90,"texture":"#texture","cullface":"up"},"up":{"uv":[8.5,12.5,14,13],"rotation":270,"texture":"#texture","cullface":"up"},"north":{"uv":[13.5,12.5,13,15],"texture":"#texture","cullface":"up"},"south":{"uv":[8,12.5,8.5,15],"texture":"#texture","cullface":"up"},"west":{"uv":[13.5,12.5,8,15],"texture":"#texture","cullface":"up"},"east":{"uv":[8,12.5,13.5,15],"texture":"#texture","cullface":"up"}}},{"from":[5.5,25,0.5],"to":[10.5,27,4.5],"faces":{"down":{"uv":[9,13,13,12.5],"rotation":90,"texture":"#texture","cullface":"up"},"up":{"uv":[9,12.5,13,13],"rotation":270,"texture":"#texture","cullface":"up"},"north":{"uv":[13,12.5,12.5,14.5],"texture":"#texture","cullface":"up"},"south":{"uv":[9,12.5,9.5,14.5],"texture":"#texture","cullface":"up"},"west":{"uv":[13,12.5,9,14.5],"texture":"#texture","cullface":"up"},"east":{"uv":[9,12.5,13,14.5],"texture":"#texture","cullface":"up"}}},{"from":[5.5,25.5,4.5],"to":[10.5,26.5,5],"faces":{"down":{"uv":[9,14,9.5,13.5],"rotation":90,"texture":"#texture","cullface":"up"},"up":{"uv":[9,13,9.5,13.5],"rotation":270,"texture":"#texture","cullface":"up"},"south":{"uv":[9,13,9.5,14],"texture":"#texture","cullface":"up"},"west":{"uv":[9,13,9.5,14],"texture":"#texture","cullface":"up"},"east":{"uv":[9,13,9.5,14],"texture":"#texture","cullface":"up"}}},{"from":[5.5,25.5,0],"to":[10.5,26.5,0.5],"faces":{"down":{"uv":[13,14,13.5,13.5],"rotation":90,"texture":"#texture","cullface":"up"},"up":{"uv":[13,13,13.5,13.5],"rotation":270,"texture":"#texture","cullface":"up"},"north":{"uv":[13,13,13.5,14],"texture":"#texture","cullface":"up"},"west":{"uv":[13,13,13.5,14],"texture":"#texture","cullface":"up"},"east":{"uv":[13,13,13.5,14],"texture":"#texture","cullface":"up"}}},{"from":[6,24,2],"to":[10,24.5,5],"faces":{"down":{"uv":[8.5,15.5,11.5,15],"rotation":90,"texture":"#texture","cullface":"up"},"north":{"uv":[11.5,15,11,15.5],"texture":"#texture","cullface":"up"},"south":{"uv":[8.5,15,9,15.5],"texture":"#texture","cullface":"up"},"west":{"uv":[8.5,15,11.5,15.5],"texture":"#texture","cullface":"up"},"east":{"uv":[8.5,15.5,11.5,15],"texture":"#texture","cullface":"up"}}},{"from":[6.5,24.5,-1],"to":[9.5,26.5,-0.5],"faces":{"down":{"uv":[14,15,14.5,14.5],"rotation":90,"texture":"#texture","cullface":"north"},"up":{"uv":[14,13,14.5,13.5],"rotation":270,"texture":"#texture","cullface":"north"},"north":{"uv":[14,13,14.5,15],"texture":"#texture","cullface":"north"},"west":{"uv":[14,13,14.5,15],"texture":"#texture","cullface":"north"},"east":{"uv":[14,13,14.5,15],"texture":"#texture","cullface":"north"}}},{"from":[6,25,-0.5],"to":[10,26.5,0],"faces":{"down":{"uv":[13.5,14.5,14,14],"rotation":90,"texture":"#texture","cullface":"north"},"up":{"uv":[13.5,13,14,13.5],"rotation":270,"texture":"#texture","cullface":"north"},"north":{"uv":[13.5,13,14,14.5],"texture":"#texture","cullface":"north"},"west":{"uv":[13.5,13,14,14.5],"texture":"#texture","cullface":"north"},"east":{"uv":[13.5,13,14,14.5],"texture":"#texture","cullface":"north"}}},{"from":[7,24.5,-1.5],"to":[9,26,-1],"faces":{"up":{"uv":[14.5,13.5,15,14],"rotation":270,"texture":"#texture","cullface":"north"},"north":{"uv":[14.5,13.5,15,15],"texture":"#texture","cullface":"north"},"west":{"uv":[14.5,13.5,15,15],"texture":"#texture","cullface":"north"},"east":{"uv":[14.5,13.5,15,15],"texture":"#texture","cullface":"north"}}},{"from":[7.5,26,-1.5],"to":[8.5,26.5,-1],"faces":{"up":{"uv":[14.5,13,15,13.5],"rotation":270,"texture":"#texture","cullface":"north"},"north":{"uv":[15,13,14.5,13.5],"texture":"#texture","cullface":"north"},"west":{"uv":[14.5,13,15,13.5],"texture":"#texture","cullface":"north"},"east":{"uv":[14.5,13.5,15,13],"texture":"#texture","cullface":"north"}}},{"from":[7,24,-2],"to":[9,25.5,-1.5],"faces":{"down":{"uv":[15,15.5,15.5,14],"rotation":90,"texture":"#texture","cullface":"north"},"up":{"uv":[15,14,15.5,14.5],"rotation":270,"texture":"#texture","cullface":"north"},"north":{"uv":[15,14,15.5,15.5],"texture":"#texture","cullface":"north"},"south":{"uv":[15,14,15.5,15.5],"texture":"#texture","cullface":"north"},"west":{"uv":[15,14,15.5,15.5],"texture":"#texture","cullface":"north"},"east":{"uv":[15,14,15.5,15.5],"texture":"#texture","cullface":"north"}}},{"from":[7.5,24,-2.5],"to":[8.5,25,-2],"faces":{"down":{"uv":[15.5,15,15.5,14.5],"rotation":90,"texture":"#texture","cullface":"north"},"up":{"uv":[15.5,14,16,14.5],"rotation":270,"texture":"#texture","cullface":"north"},"north":{"uv":[15.5,14,16,15],"texture":"#texture","cullface":"north"},"west":{"uv":[15.5,14,16,15],"texture":"#texture","cullface":"north"},"east":{"uv":[15.5,14,16,15],"texture":"#texture","cullface":"north"}}},{"from":[7.5,25.5,-2],"to":[8.5,26,-1.5],"faces":{"up":{"uv":[15,13.5,15.5,14],"rotation":270,"texture":"#texture","cullface":"north"},"north":{"uv":[15.5,13.5,15,14],"texture":"#texture","cullface":"north"},"west":{"uv":[15,13.5,15.5,14],"texture":"#texture","cullface":"north"},"east":{"uv":[15,14,15.5,13.5],"texture":"#texture","cullface":"north"}}},{"from":[6.5,24.5,-1.5],"to":[9.5,25.5,-1],"faces":{"down":{"uv":[0,9.5,0,6.5],"rotation":90,"texture":"#texture","cullface":"north"},"up":{"uv":[16,6.5,16,9.5],"rotation":270,"texture":"#texture","cullface":"north"},"north":{"uv":[6.5,0,9.5,0],"texture":"#texture","cullface":"north"},"west":{"uv":[0,0,0,0],"texture":"#texture","cullface":"north"},"east":{"uv":[16,0,16,0],"texture":"#texture","cullface":"north"}}},{"from":[6.5,23,3.5],"to":[9.5,23.5,5],"faces":{"down":{"uv":[5.5,7.5,7,7],"rotation":90,"texture":"#texture","cullface":"up"},"north":{"uv":[7,7,6.5,7.5],"texture":"#texture","cullface":"up"},"west":{"uv":[5.5,7,7,7.5],"texture":"#texture","cullface":"up"},"east":{"uv":[5.5,7.5,7,7],"texture":"#texture","cullface":"up"}}},{"from":[7.5,9,7],"to":[8.5,14.5,9],"faces":{"north":{"uv":[13,4,12,9.5],"texture":"#texture"},"south":{"uv":[13,4,12,9.5],"texture":"#texture"},"west":{"uv":[11.5,4,13.5,9.5],"texture":"#texture"},"east":{"uv":[11.5,4,13.5,9.5],"texture":"#texture"}}},{"from":[7,9,7.5],"to":[9,14.5,8.5],"faces":{"north":{"uv":[13.5,4,11.5,9.5],"texture":"#texture"},"south":{"uv":[13.5,4,11.5,9.5],"texture":"#texture"},"west":{"uv":[12,4,13,9.5],"texture":"#texture"},"east":{"uv":[12,4,13,9.5],"texture":"#texture"}}},{"from":[7.5,27,-1],"to":[8.5,27.5,-0.5],"faces":{"up":{"uv":[14.5,13,15,13.5],"rotation":270,"texture":"#texture","cullface":"north"},"north":{"uv":[15,13,14.5,13.5],"texture":"#texture","cullface":"north"},"west":{"uv":[14.5,13,15,13.5],"texture":"#texture","cullface":"north"},"east":{"uv":[14.5,13.5,15,13],"texture":"#texture","cullface":"north"}}},{"from":[7,27.5,-0.5],"to":[9,28,0],"faces":{"up":{"uv":[14.5,13,15,13.5],"rotation":270,"texture":"#texture","cullface":"north"},"north":{"uv":[15,13,14.5,13.5],"texture":"#texture","cullface":"north"},"west":{"uv":[14.5,13,15,13.5],"texture":"#texture","cullface":"north"},"east":{"uv":[14.5,13.5,15,13],"texture":"#texture","cullface":"north"}}},{"from":[7,27.8125,0.5],"to":[9,28.3125,3.5],"faces":{"down":{"uv":[9.5,12,12.5,11.5],"rotation":90,"texture":"#texture","cullface":"up"},"up":{"uv":[9.5,11.5,12.5,12],"rotation":270,"texture":"#texture","cullface":"up"},"north":{"uv":[12.5,11.5,12,12],"texture":"#texture","cullface":"up"},"south":{"uv":[9.5,11.5,10,12],"texture":"#texture","cullface":"up"},"west":{"uv":[12.5,11.5,9.5,12],"texture":"#texture","cullface":"up"},"east":{"uv":[9.5,12,12.5,11.5],"texture":"#texture","cullface":"up"}}},{"__comment":"animate","from":[6,18.5,8.5],"to":[10,26.5,12],"faces":{"down":{"uv":[10,1.5,10.5,5.5],"rotation":90,"texture":"#wooden_pickaxe_3","cullface":"up"},"up":{"uv":[10,1.5,10.5,5.5],"rotation":270,"texture":"#wooden_pickaxe_3","cullface":"up"},"north":{"uv":[10.5,1,14.5,9],"texture":"#wooden_pickaxe_2","cullface":"up"},"south":{"uv":[10.5,1,14.5,9],"texture":"#wooden_pickaxe_2","cullface":"up"},"west":{"uv":[0.5,0.5,4,8.5],"texture":"#wooden_pickaxe_2","cullface":"up"},"east":{"uv":[4,0.5,0.5,8.5],"texture":"#wooden_pickaxe_2","cullface":"up"}}},{"__comment":"animate","from":[6,18,11],"to":[10,18.5,11.5],"faces":{"south":{"uv":[3.5,4.5,4,8.5],"rotation":90,"texture":"#wooden_pickaxe_2","cullface":"up"},"west":{"uv":[3,8.5,3.5,9],"texture":"#wooden_pickaxe_2","cullface":"up"},"east":{"uv":[3,8.5,3.5,9],"texture":"#wooden_pickaxe_2","cullface":"up"}}},{"__comment":"animate","from":[5,16.5,12.5],"to":[11,26,17],"faces":{"down":{"uv":[4,7.5,9.5,12.5],"rotation":180,"texture":"#wooden_pickaxe_3","cullface":"south"},"up":{"uv":[5,0.5,9.5,6.5],"rotation":270,"texture":"#wooden_pickaxe_3","cullface":"south"},"north":{"uv":[9.5,1,15.5,10.5],"texture":"#wooden_pickaxe_2","cullface":"south"},"south":{"uv":[9.5,1,15.5,10.5],"texture":"#wooden_pickaxe_2","cullface":"south"},"west":{"uv":[4.5,1,9,10.5],"texture":"#wooden_pickaxe_2","cullface":"south"},"east":{"uv":[11,0.5,15.5,10],"texture":"#wooden_pickaxe_3","cullface":"south"}}},{"__comment":"animate*","from":[6,21.5,8],"to":[10,26.5,8.5],"faces":{"up":{"uv":[10,1.5,10.5,5.5],"rotation":90,"texture":"#wooden_pickaxe_3","cullface":"up"},"north":{"uv":[0,0.5,0.5,5.5],"texture":"#wooden_pickaxe_2","cullface":"up"},"west":{"uv":[5,7.5,5.5,12.5],"texture":"#wooden_pickaxe_2","cullface":"up"},"east":{"uv":[5,7.5,5.5,12.5],"texture":"#wooden_pickaxe_3","cullface":"up"}}},{"__comment":"head","from":[5.5,22.5,8],"to":[6,26.5,11.5],"faces":{"down":{"uv":[0,4,3.5,4.5],"rotation":270,"texture":"#wooden_pickaxe_2","cullface":"up"},"up":{"uv":[0,0.5,3.5,1],"rotation":90,"texture":"#wooden_pickaxe_2","cullface":"up"},"north":{"uv":[0,0.5,0.5,4.5],"texture":"#wooden_pickaxe_2","cullface":"up"},"south":{"uv":[3,0.5,3.5,4.5],"texture":"#wooden_pickaxe_2","cullface":"up"},"west":{"uv":[0,0.5,3.5,4.5],"texture":"#wooden_pickaxe_2","cullface":"up"},"east":{"uv":[0,0.5,3.5,4.5],"texture":"#wooden_pickaxe_2","cullface":"up"}}},{"__comment":"head","from":[10,22,8],"to":[10.5,22.5,11],"faces":{"down":{"uv":[3,4.5,0,5],"rotation":90,"texture":"#wooden_pickaxe_2","cullface":"up"},"south":{"uv":[2.5,4.5,3,5],"texture":"#wooden_pickaxe_2","cullface":"up"},"west":{"uv":[0,4.5,3,5],"texture":"#wooden_pickaxe_2","cullface":"up"},"east":{"uv":[3,4.5,0,5],"texture":"#wooden_pickaxe_2","cullface":"up"}}},{"__comment":"head","from":[10,19.5,9.5],"to":[10.5,22,11.5],"faces":{"down":{"uv":[3.5,7,1.5,7.5],"rotation":90,"texture":"#wooden_pickaxe_2","cullface":"up"},"up":{"uv":[3.5,5,1.5,5.5],"rotation":270,"texture":"#wooden_pickaxe_2","cullface":"up"},"north":{"uv":[1.5,5,2,7.5],"texture":"#wooden_pickaxe_2","cullface":"up"},"south":{"uv":[3,5,3.5,7.5],"texture":"#wooden_pickaxe_2","cullface":"up"},"east":{"uv":[3.5,5,1.5,7.5],"texture":"#wooden_pickaxe_2","cullface":"up"}}},{"__comment":"head","from":[10,21.5,8],"to":[10.5,22,9.5],"faces":{"down":{"uv":[1.5,5,0,5.5],"rotation":90,"texture":"#wooden_pickaxe_2","cullface":"up"},"west":{"uv":[0,5,1.5,5.5],"texture":"#wooden_pickaxe_2","cullface":"up"},"east":{"uv":[1.5,5,0,5.5],"texture":"#wooden_pickaxe_2","cullface":"up"}}},{"__comment":"head","from":[10,21,9],"to":[10.5,21.5,9.5],"faces":{"east":{"uv":[1,5.5,1.5,6],"texture":"#wooden_pickaxe_2","cullface":"up"}}},{"__comment":"head","from":[6,26.5,8.5],"to":[10,27,11.5],"faces":{"up":{"uv":[3,9.5,0,13.5],"rotation":270,"texture":"#wooden_pickaxe_2","cullface":"up"},"north":{"uv":[0,9.5,0.5,13.5],"rotation":90,"texture":"#wooden_pickaxe_2","cullface":"up"},"south":{"uv":[2.5,9.5,3,13.5],"rotation":90,"texture":"#wooden_pickaxe_2","cullface":"up"},"west":{"uv":[6.5,0.5,9.5,1],"texture":"#wooden_pickaxe_2","cullface":"up"},"east":{"uv":[6.5,0.5,9.5,1],"texture":"#wooden_pickaxe_2","cullface":"up"}}},{"__comment":"head","from":[10,22.5,8],"to":[10.5,26.5,11.5],"faces":{"down":{"uv":[3.5,4,0,4.5],"rotation":90,"texture":"#wooden_pickaxe_2","cullface":"up"},"up":{"uv":[3.5,0.5,0,1],"rotation":270,"texture":"#wooden_pickaxe_2","cullface":"up"},"north":{"uv":[0,0.5,0.5,4.5],"texture":"#wooden_pickaxe_2","cullface":"up"},"south":{"uv":[3,0.5,3.5,4.5],"texture":"#wooden_pickaxe_2","cullface":"up"},"west":{"uv":[0,0.5,3.5,4.5],"texture":"#wooden_pickaxe_2","cullface":"up"},"east":{"uv":[3.5,0.5,0,4.5],"texture":"#wooden_pickaxe_2","cullface":"up"}}},{"__comment":"head","from":[5.5,22,8],"to":[6,22.5,11],"faces":{"down":{"uv":[0,4.5,3,5],"rotation":270,"texture":"#wooden_pickaxe_2","cullface":"up"},"south":{"uv":[2.5,4.5,3,5],"texture":"#wooden_pickaxe_2","cullface":"up"},"west":{"uv":[0,4.5,3,5],"texture":"#wooden_pickaxe_2","cullface":"up"},"east":{"uv":[0,4.5,3,5],"texture":"#wooden_pickaxe_2","cullface":"up"}}},{"__comment":"head","from":[5.5,21.5,8],"to":[6,22,9.5],"faces":{"down":{"uv":[0,5,1.5,5.5],"rotation":270,"texture":"#wooden_pickaxe_2","cullface":"up"},"west":{"uv":[0,5,1.5,5.5],"texture":"#wooden_pickaxe_2","cullface":"up"},"east":{"uv":[0,5,1.5,5.5],"texture":"#wooden_pickaxe_2","cullface":"up"}}},{"__comment":"head","from":[5.5,21,9],"to":[6,21.5,9.5],"faces":{"west":{"uv":[1,5.5,1.5,6],"texture":"#wooden_pickaxe_2","cullface":"up"}}},{"__comment":"head","from":[5.5,19.5,9.5],"to":[6,22,11.5],"faces":{"down":{"uv":[1.5,7,3.5,7.5],"rotation":270,"texture":"#wooden_pickaxe_2","cullface":"up"},"up":{"uv":[1.5,5,3.5,5.5],"rotation":90,"texture":"#wooden_pickaxe_2","cullface":"up"},"north":{"uv":[1.5,5,2,7.5],"texture":"#wooden_pickaxe_2","cullface":"up"},"south":{"uv":[3,5,3.5,7.5],"texture":"#wooden_pickaxe_2","cullface":"up"},"west":{"uv":[1.5,5,3.5,7.5],"texture":"#wooden_pickaxe_2","cullface":"up"}}},{"__comment":"head","from":[11,25,12.5],"to":[11.5,26,14],"faces":{"down":{"uv":[14,1,15.5,1.5],"rotation":90,"texture":"#wooden_pickaxe_3","cullface":"up"},"up":{"uv":[14,0.5,15.5,1],"rotation":270,"texture":"#wooden_pickaxe_3","cullface":"up"},"north":{"uv":[15,0.5,15.5,1.5],"texture":"#wooden_pickaxe_3","cullface":"up"},"south":{"uv":[14,0.5,14.5,1.5],"texture":"#wooden_pickaxe_3","cullface":"up"},"east":{"uv":[14,0.5,15.5,1.5],"texture":"#wooden_pickaxe_3","cullface":"up"}}},{"__comment":"head","from":[6.5,26,12.5],"to":[11,26.5,14],"faces":{"up":{"uv":[8,2.5,9.5,7],"rotation":270,"texture":"#wooden_pickaxe_3","cullface":"up"},"north":{"uv":[9,2.5,9.5,7],"rotation":90,"texture":"#wooden_pickaxe_3","cullface":"up"},"south":{"uv":[8,2.5,8.5,7],"rotation":90,"texture":"#wooden_pickaxe_3","cullface":"up"},"west":{"uv":[8,2.5,9.5,3],"texture":"#wooden_pickaxe_3","cullface":"up"},"east":{"uv":[8,6.5,9.5,7],"texture":"#wooden_pickaxe_3","cullface":"up"}}},{"__comment":"head","from":[11,24.5,12.5],"to":[11.5,25,13.5],"faces":{"down":{"uv":[14.5,1.5,15.5,2],"rotation":90,"texture":"#wooden_pickaxe_3","cullface":"up"},"north":{"uv":[15,1.5,15.5,2],"texture":"#wooden_pickaxe_3","cullface":"up"},"south":{"uv":[14.5,1.5,15,2],"texture":"#wooden_pickaxe_3","cullface":"up"},"east":{"uv":[14.5,1.5,15.5,2],"texture":"#wooden_pickaxe_3","cullface":"up"}}},{"__comment":"head","from":[11,24,12.5],"to":[11.5,24.5,13],"faces":{"north":{"uv":[15,2,15.5,2.5],"texture":"#wooden_pickaxe_3","cullface":"up"},"south":{"uv":[15,2,15.5,2.5],"texture":"#wooden_pickaxe_3","cullface":"up"},"east":{"uv":[15,2,15.5,2.5],"texture":"#wooden_pickaxe_3","cullface":"up"}}},{"__comment":"head","from":[11,20.5,12.5],"to":[11.5,24,13.5],"faces":{"down":{"uv":[14.5,5.5,15.5,6],"rotation":90,"texture":"#wooden_pickaxe_3","cullface":"up"},"up":{"uv":[14.5,2.5,15.5,3],"rotation":270,"texture":"#wooden_pickaxe_3","cullface":"up"},"north":{"uv":[15,2.5,15.5,6],"texture":"#wooden_pickaxe_3","cullface":"up"},"south":{"uv":[14.5,2.5,15,6],"texture":"#wooden_pickaxe_3","cullface":"up"},"east":{"uv":[14.5,2.5,15.5,6],"texture":"#wooden_pickaxe_3","cullface":"up"}}},{"__comment":"head","from":[10,16.5,12],"to":[11,24,12.5],"faces":{"down":{"uv":[15,9.5,16,10],"rotation":180,"texture":"#wooden_pickaxe_3","cullface":"up"},"up":{"uv":[15,2.5,16,3],"texture":"#wooden_pickaxe_3","cullface":"up"},"north":{"uv":[16,2.5,15,10],"texture":"#wooden_pickaxe_3","cullface":"up"},"west":{"uv":[15.5,2.5,16,10],"texture":"#wooden_pickaxe_3","cullface":"up"},"east":{"uv":[15.5,2.5,16,10],"texture":"#wooden_pickaxe_3","cullface":"up"}}},{"__comment":"head","from":[11,16.5,12.5],"to":[11.5,20,13],"faces":{"down":{"uv":[15,9.5,15.5,10],"rotation":90,"texture":"#wooden_pickaxe_3","cullface":"up"},"up":{"uv":[15,6.5,15.5,7],"rotation":270,"texture":"#wooden_pickaxe_3","cullface":"up"},"north":{"uv":[15,6.5,15.5,10],"texture":"#wooden_pickaxe_3","cullface":"up"},"south":{"uv":[15,6.5,15.5,10],"texture":"#wooden_pickaxe_3","cullface":"up"},"east":{"uv":[15,6.5,15.5,10],"texture":"#wooden_pickaxe_3","cullface":"up"}}},{"__comment":"head","from":[11,21.5,13.5],"to":[11.5,24,16.5],"faces":{"down":{"uv":[11.5,4.5,14.5,5],"rotation":90,"texture":"#wooden_pickaxe_3","cullface":"south"},"up":{"uv":[11.5,2.5,14.5,3],"rotation":270,"texture":"#wooden_pickaxe_3","cullface":"south"},"south":{"uv":[11.5,2.5,12,5],"texture":"#wooden_pickaxe_3","cullface":"south"},"east":{"uv":[11.5,2.5,14.5,5],"texture":"#wooden_pickaxe_3","cullface":"south"}}},{"__comment":"head","from":[11,21,16.5],"to":[11.5,23.5,17],"faces":{"down":{"uv":[11,3,11.5,3.5],"rotation":90,"texture":"#wooden_pickaxe_3","cullface":"south"},"up":{"uv":[11,3,11.5,3.5],"rotation":270,"texture":"#wooden_pickaxe_3","cullface":"south"},"north":{"uv":[11,3,11.5,5.5],"texture":"#wooden_pickaxe_3","cullface":"south"},"south":{"uv":[11,3,11.5,5.5],"texture":"#wooden_pickaxe_3","cullface":"south"},"east":{"uv":[11,3,11.5,5.5],"texture":"#wooden_pickaxe_3","cullface":"south"}}},{"__comment":"head","from":[11,21,15],"to":[11.5,21.5,16.5],"faces":{"down":{"uv":[11.5,5,13,5.5],"rotation":90,"texture":"#wooden_pickaxe_3","cullface":"south"},"north":{"uv":[12.5,5,13,5.5],"texture":"#wooden_pickaxe_3","cullface":"south"},"east":{"uv":[11.5,5,13,5.5],"texture":"#wooden_pickaxe_3","cullface":"south"}}},{"__comment":"head","from":[11,24,14.5],"to":[11.5,24.5,16],"faces":{"up":{"uv":[12,2,13.5,2.5],"rotation":270,"texture":"#wooden_pickaxe_3","cullface":"up"},"north":{"uv":[13,2,13.5,2.5],"texture":"#wooden_pickaxe_3","cullface":"up"},"south":{"uv":[12,2,12.5,2.5],"texture":"#wooden_pickaxe_3","cullface":"up"},"east":{"uv":[12,2,13.5,2.5],"texture":"#wooden_pickaxe_3","cullface":"up"}}},{"__comment":"head","from":[11,24.5,15],"to":[11.5,25,15.5],"faces":{"up":{"uv":[12.5,1.5,13,2],"rotation":270,"texture":"#wooden_pickaxe_3","cullface":"up"},"north":{"uv":[12.5,1.5,13,2],"texture":"#wooden_pickaxe_3","cullface":"up"},"south":{"uv":[12.5,1.5,13,2],"texture":"#wooden_pickaxe_3","cullface":"up"},"east":{"uv":[12.5,1.5,13,2],"texture":"#wooden_pickaxe_3","cullface":"up"}}},{"__comment":"head","from":[11,20,14],"to":[11.5,20.5,14.5],"faces":{"up":{"uv":[13.5,6,14,6.5],"rotation":270,"texture":"#wooden_pickaxe_3","cullface":"up"},"north":{"uv":[13.5,6,14,6.5],"texture":"#wooden_pickaxe_3","cullface":"up"},"south":{"uv":[13.5,6,14,6.5],"texture":"#wooden_pickaxe_3","cullface":"up"},"east":{"uv":[13.5,6,14,6.5],"texture":"#wooden_pickaxe_3","cullface":"up"}}},{"__comment":"head","from":[11,19.5,13.5],"to":[11.5,20,16.5],"faces":{"down":{"uv":[11.5,6.5,14.5,7],"rotation":90,"texture":"#wooden_pickaxe_3","cullface":"south"},"up":{"uv":[11.5,6.5,14.5,7],"rotation":270,"texture":"#wooden_pickaxe_3","cullface":"south"},"north":{"uv":[14,6.5,14.5,7],"texture":"#wooden_pickaxe_3","cullface":"south"},"south":{"uv":[11.5,6.5,12,7],"texture":"#wooden_pickaxe_3","cullface":"south"},"east":{"uv":[11.5,6.5,14.5,7],"texture":"#wooden_pickaxe_3","cullface":"south"}}},{"__comment":"head","from":[11,19,14],"to":[11.5,19.5,17],"faces":{"down":{"uv":[11,7,14,7.5],"rotation":90,"texture":"#wooden_pickaxe_3","cullface":"south"},"up":{"uv":[11,7,14,7.5],"rotation":270,"texture":"#wooden_pickaxe_3","cullface":"south"},"north":{"uv":[13.5,7,14,7.5],"texture":"#wooden_pickaxe_3","cullface":"south"},"south":{"uv":[11,7,11.5,7.5],"texture":"#wooden_pickaxe_3","cullface":"south"},"east":{"uv":[11,7,14,7.5],"texture":"#wooden_pickaxe_3","cullface":"south"}}},{"__comment":"head","from":[11,18.5,14.5],"to":[11.5,19,17],"faces":{"down":{"uv":[11,7.5,13.5,8],"rotation":90,"texture":"#wooden_pickaxe_3","cullface":"south"},"north":{"uv":[13,7.5,13.5,8],"texture":"#wooden_pickaxe_3","cullface":"south"},"south":{"uv":[11,7.5,11.5,8],"texture":"#wooden_pickaxe_3","cullface":"south"},"east":{"uv":[11,7.5,13.5,8],"texture":"#wooden_pickaxe_3","cullface":"south"}}},{"__comment":"head","from":[11,18,15.5],"to":[11.5,18.5,17],"faces":{"down":{"uv":[11,8,12.5,8.5],"rotation":90,"texture":"#wooden_pickaxe_3","cullface":"south"},"north":{"uv":[12,8,12.5,8.5],"texture":"#wooden_pickaxe_3","cullface":"south"},"south":{"uv":[11,8,11.5,8.5],"texture":"#wooden_pickaxe_3","cullface":"south"},"east":{"uv":[11,8,12.5,8.5],"texture":"#wooden_pickaxe_3","cullface":"south"}}},{"__comment":"head","from":[11,17.5,15.5],"to":[11.5,18,16],"faces":{"down":{"uv":[12,8.5,12.5,9],"rotation":90,"texture":"#wooden_pickaxe_3","cullface":"up"},"north":{"uv":[12,8.5,12.5,9],"texture":"#wooden_pickaxe_3","cullface":"up"},"south":{"uv":[12,8.5,12.5,9],"texture":"#wooden_pickaxe_3","cullface":"up"},"east":{"uv":[12,8.5,12.5,9],"texture":"#wooden_pickaxe_3","cullface":"up"}}},{"__comment":"head","from":[11,16.5,13],"to":[11.5,18.5,14],"faces":{"down":{"uv":[14,9.5,15,10],"rotation":90,"texture":"#wooden_pickaxe_3","cullface":"up"},"up":{"uv":[14,8,15,8.5],"rotation":270,"texture":"#wooden_pickaxe_3","cullface":"up"},"south":{"uv":[14,8,14.5,10],"texture":"#wooden_pickaxe_3","cullface":"up"},"east":{"uv":[14,8,15,10],"texture":"#wooden_pickaxe_3","cullface":"up"}}},{"__comment":"head","from":[6,16.5,12],"to":[10,18.5,12.5],"faces":{"down":{"uv":[5,8,5.5,12],"rotation":90,"texture":"#wooden_pickaxe_3","cullface":"up"},"north":{"uv":[4.5,9,8.5,11],"texture":"#wooden_pickaxe_3","cullface":"up"}}},{"__comment":"head","from":[11,16.5,14],"to":[11.5,18,15],"faces":{"down":{"uv":[13,9.5,14,10],"rotation":90,"texture":"#wooden_pickaxe_3","cullface":"up"},"up":{"uv":[13,8.5,14,9],"rotation":270,"texture":"#wooden_pickaxe_3","cullface":"up"},"south":{"uv":[13,8.5,13.5,10],"texture":"#wooden_pickaxe_3","cullface":"up"},"east":{"uv":[13,8.5,14,10],"texture":"#wooden_pickaxe_3","cullface":"up"}}},{"__comment":"head","from":[11,16.5,15],"to":[11.5,17,16],"faces":{"down":{"uv":[12,9.5,13,10],"rotation":90,"texture":"#wooden_pickaxe_3","cullface":"up"},"up":{"uv":[12,9.5,13,10],"rotation":270,"texture":"#wooden_pickaxe_3","cullface":"up"},"south":{"uv":[12,9.5,12.5,10],"texture":"#wooden_pickaxe_3","cullface":"up"},"east":{"uv":[12,9.5,13,10],"texture":"#wooden_pickaxe_3","cullface":"up"}}},{"__comment":"head","from":[5.5,15.5,13],"to":[10.5,16.5,16],"faces":{"down":{"uv":[4.5,7.5,7.5,12.5],"rotation":90,"texture":"#wooden_pickaxe_3","cullface":"up"},"north":{"uv":[4.5,11.5,9.5,12.5],"texture":"#wooden_pickaxe_3","cullface":"up"},"south":{"uv":[4.5,11.5,9.5,12.5],"texture":"#wooden_pickaxe_3","cullface":"up"},"west":{"uv":[12,10,15,11],"texture":"#wooden_pickaxe_3","cullface":"up"},"east":{"uv":[12,10,15,11],"texture":"#wooden_pickaxe_3","cullface":"up"}}},{"__comment":"head","from":[11,25,16],"to":[11.5,26,17],"faces":{"down":{"uv":[11,1,12,1.5],"rotation":90,"texture":"#wooden_pickaxe_3","cullface":"south"},"up":{"uv":[11,0.5,12,1],"rotation":270,"texture":"#wooden_pickaxe_3","cullface":"south"},"north":{"uv":[11.5,0.5,12,1.5],"texture":"#wooden_pickaxe_3","cullface":"south"},"south":{"uv":[11,0.5,11.5,1.5],"texture":"#wooden_pickaxe_3","cullface":"south"},"east":{"uv":[11,0.5,12,1.5],"texture":"#wooden_pickaxe_3","cullface":"south"}}},{"__comment":"head","from":[11,24.5,16.5],"to":[11.5,25,17],"faces":{"down":{"uv":[11,1.5,11.5,2],"rotation":90,"texture":"#wooden_pickaxe_3","cullface":"south"},"north":{"uv":[11,1.5,11.5,2],"texture":"#wooden_pickaxe_3","cullface":"south"},"south":{"uv":[11,1.5,11.5,2],"texture":"#wooden_pickaxe_3","cullface":"south"},"east":{"uv":[11,1.5,11.5,2],"texture":"#wooden_pickaxe_3","cullface":"south"}}},{"__comment":"head","from":[11,25.5,15.5],"to":[11.5,26,16],"faces":{"down":{"uv":[12,0.5,12.5,1],"rotation":90,"texture":"#wooden_pickaxe_3","cullface":"up"},"up":{"uv":[12,0.5,12.5,1],"rotation":270,"texture":"#wooden_pickaxe_3","cullface":"up"},"north":{"uv":[12,0.5,12.5,1],"texture":"#wooden_pickaxe_3","cullface":"up"},"east":{"uv":[12,0.5,12.5,1],"texture":"#wooden_pickaxe_3","cullface":"up"}}},{"__comment":"head","from":[10,24.5,12],"to":[11,26,12.5],"faces":{"down":{"uv":[15,1.5,16,2],"rotation":180,"texture":"#wooden_pickaxe_3","cullface":"up"},"up":{"uv":[15,1.5,16,2],"texture":"#wooden_pickaxe_3","cullface":"up"},"north":{"uv":[16,0.5,15,2],"texture":"#wooden_pickaxe_3","cullface":"up"},"east":{"uv":[15.5,0.5,16,2],"texture":"#wooden_pickaxe_3","cullface":"up"}}},{"__comment":"head","from":[6.5,26,12],"to":[10.5,26.5,12.5],"faces":{"down":{"uv":[9.5,2.5,10,6.5],"rotation":90,"texture":"#wooden_pickaxe_3","cullface":"up"},"up":{"uv":[9.5,2.5,10,6.5],"rotation":270,"texture":"#wooden_pickaxe_3","cullface":"up"},"north":{"uv":[9.5,2.5,10,6.5],"rotation":90,"texture":"#wooden_pickaxe_3","cullface":"up"},"west":{"uv":[9.5,2.5,10,3],"texture":"#wooden_pickaxe_3","cullface":"up"},"east":{"uv":[9.5,6.5,10,7],"texture":"#wooden_pickaxe_3","cullface":"up"}}},{"__comment":"head","from":[6.5,25,17],"to":[11,26,17.5],"faces":{"down":{"uv":[11,1,15.5,1.5],"rotation":180,"texture":"#wooden_pickaxe_2","cullface":"south"},"up":{"uv":[11,1,15.5,1.5],"texture":"#wooden_pickaxe_2","cullface":"south"},"south":{"uv":[11,1,15.5,2],"texture":"#wooden_pickaxe_2","cullface":"south"},"west":{"uv":[11,1,11.5,2],"texture":"#wooden_pickaxe_2","cullface":"south"},"east":{"uv":[15,1,15.5,2],"texture":"#wooden_pickaxe_2","cullface":"south"}}},{"__comment":"head","from":[7.5,24.5,17],"to":[11,25,17.5],"faces":{"down":{"uv":[12,2,15.5,2.5],"rotation":180,"texture":"#wooden_pickaxe_2","cullface":"south"},"south":{"uv":[12,2,15.5,2.5],"texture":"#wooden_pickaxe_2","cullface":"south"},"west":{"uv":[12,2,12.5,2.5],"texture":"#wooden_pickaxe_2","cullface":"south"},"east":{"uv":[15,2,15.5,2.5],"texture":"#wooden_pickaxe_2","cullface":"south"}}},{"__comment":"head","from":[8,21,17],"to":[11,23.5,17.5],"faces":{"down":{"uv":[12.5,5.5,15.5,6],"texture":"#wooden_pickaxe_2","cullface":"south"},"up":{"uv":[12.5,3.5,15.5,4],"texture":"#wooden_pickaxe_2","cullface":"south"},"south":{"uv":[12.5,3.5,15.5,6],"texture":"#wooden_pickaxe_2","cullface":"south"},"west":{"uv":[12.5,3.5,13,6],"texture":"#wooden_pickaxe_2","cullface":"south"},"east":{"uv":[15,3.5,15.5,6],"texture":"#wooden_pickaxe_2","cullface":"south"}}},{"__comment":"head","from":[9,23.5,17],"to":[10,24,17.5],"faces":{"up":{"uv":[13.5,3,14.5,3.5],"texture":"#wooden_pickaxe_2","cullface":"south"},"south":{"uv":[13.5,3,14.5,3.5],"texture":"#wooden_pickaxe_2","cullface":"south"},"west":{"uv":[13.5,3,14,3.5],"texture":"#wooden_pickaxe_2","cullface":"south"},"east":{"uv":[14,3,14.5,3.5],"texture":"#wooden_pickaxe_2","cullface":"south"}}},{"__comment":"head","from":[5,24.5,17],"to":[5.5,26,17.5],"faces":{"up":{"uv":[9.5,1,10,1.5],"rotation":270,"texture":"#wooden_pickaxe_2","cullface":"south"},"south":{"uv":[9.5,1,10,2.5],"texture":"#wooden_pickaxe_2","cullface":"south"},"west":{"uv":[9.5,1,10,2.5],"texture":"#wooden_pickaxe_2","cullface":"south"},"east":{"uv":[9.5,1,10,2.5],"texture":"#wooden_pickaxe_2","cullface":"south"}}},{"__comment":"head","from":[5,20.5,17],"to":[6,24.5,17.5],"faces":{"down":{"uv":[10,3,10.5,4],"rotation":90,"texture":"#wooden_pickaxe_2","cullface":"south"},"up":{"uv":[9.5,2.5,10,3.5],"rotation":270,"texture":"#wooden_pickaxe_2","cullface":"south"},"south":{"uv":[9.5,2.5,10.5,6.5],"texture":"#wooden_pickaxe_2","cullface":"south"},"west":{"uv":[9.5,2.5,10,6.5],"texture":"#wooden_pickaxe_2","cullface":"south"},"east":{"uv":[10,2.5,10.5,6.5],"texture":"#wooden_pickaxe_2","cullface":"south"}}},{"__comment":"head","from":[6,21,17],"to":[6.5,24,17.5],"faces":{"down":{"uv":[10.5,5.5,11,6],"rotation":90,"texture":"#wooden_pickaxe_2","cullface":"south"},"up":{"uv":[10.5,3,11,3.5],"rotation":270,"texture":"#wooden_pickaxe_2","cullface":"south"},"south":{"uv":[10.5,3,11,6],"texture":"#wooden_pickaxe_2","cullface":"south"},"east":{"uv":[10.5,3,11,6],"texture":"#wooden_pickaxe_2","cullface":"south"}}},{"__comment":"head","from":[6.5,21.5,17],"to":[7,24,17.5],"faces":{"down":{"uv":[11,5,11.5,5.5],"rotation":90,"texture":"#wooden_pickaxe_2","cullface":"south"},"up":{"uv":[11,3,11.5,3.5],"rotation":270,"texture":"#wooden_pickaxe_2","cullface":"south"},"south":{"uv":[11,3,11.5,5.5],"texture":"#wooden_pickaxe_2","cullface":"south"},"east":{"uv":[11,3,11.5,5.5],"texture":"#wooden_pickaxe_2","cullface":"south"}}},{"__comment":"head","from":[7,22,17],"to":[7.5,23,17.5],"faces":{"down":{"uv":[11.5,4.5,12,5],"rotation":90,"texture":"#wooden_pickaxe_2","cullface":"south"},"up":{"uv":[11.5,4,12,4.5],"rotation":270,"texture":"#wooden_pickaxe_2","cullface":"south"},"south":{"uv":[11.5,4,12,5],"texture":"#wooden_pickaxe_2","cullface":"south"},"east":{"uv":[11.5,4,12,5],"texture":"#wooden_pickaxe_2","cullface":"south"}}},{"__comment":"head","from":[6,18.5,17],"to":[8,20,17.5],"faces":{"down":{"uv":[10.5,8,12.5,8.5],"rotation":180,"texture":"#wooden_pickaxe_2","cullface":"south"},"up":{"uv":[10.5,7,12.5,7.5],"texture":"#wooden_pickaxe_2","cullface":"south"},"south":{"uv":[10.5,7,12.5,8.5],"texture":"#wooden_pickaxe_2","cullface":"south"},"west":{"uv":[10.5,7,11,8.5],"texture":"#wooden_pickaxe_2","cullface":"south"},"east":{"uv":[12,7,12.5,8.5],"texture":"#wooden_pickaxe_2","cullface":"south"}}},{"__comment":"head","from":[6.5,20,17],"to":[7.5,20.5,17.5],"faces":{"up":{"uv":[9.5,2.5,10,3.5],"rotation":270,"texture":"#wooden_pickaxe_2","cullface":"south"},"south":{"uv":[11,6.5,12,7],"texture":"#wooden_pickaxe_2","cullface":"south"},"west":{"uv":[11,6.5,11.5,7],"texture":"#wooden_pickaxe_2","cullface":"south"},"east":{"uv":[11.5,6.5,12,7],"texture":"#wooden_pickaxe_2","cullface":"south"}}},{"__comment":"head","from":[9.5,18,17],"to":[11,19.5,17.5],"faces":{"down":{"uv":[15.5,8.5,14,9],"rotation":180,"texture":"#wooden_pickaxe_2","cullface":"south"},"up":{"uv":[14,7.5,15.5,8],"texture":"#wooden_pickaxe_2","cullface":"south"},"south":{"uv":[14,7.5,15.5,9],"texture":"#wooden_pickaxe_2","cullface":"south"},"west":{"uv":[14,7.5,14.5,9],"texture":"#wooden_pickaxe_2","cullface":"south"},"east":{"uv":[15,7.5,15.5,9],"texture":"#wooden_pickaxe_2","cullface":"south"}}},{"__comment":"head","from":[9,17.5,17],"to":[9.5,19,17.5],"faces":{"down":{"uv":[13.5,9,14,9.5],"rotation":90,"texture":"#wooden_pickaxe_2","cullface":"south"},"up":{"uv":[13.5,8,14,8.5],"rotation":270,"texture":"#wooden_pickaxe_2","cullface":"south"},"south":{"uv":[13.5,8,14,9.5],"texture":"#wooden_pickaxe_2","cullface":"south"},"west":{"uv":[13.5,8,14,9.5],"texture":"#wooden_pickaxe_2","cullface":"south"},"east":{"uv":[13.5,8,14,9.5],"texture":"#wooden_pickaxe_2","cullface":"south"}}},{"__comment":"head","from":[8.5,17.5,17],"to":[9,18.5,17.5],"faces":{"down":{"uv":[13,9,13.5,9.5],"rotation":90,"texture":"#wooden_pickaxe_2","cullface":"south"},"up":{"uv":[13,8.5,13.5,9],"rotation":270,"texture":"#wooden_pickaxe_2","cullface":"south"},"south":{"uv":[13,8.5,13.5,9.5],"texture":"#wooden_pickaxe_2","cullface":"south"},"west":{"uv":[13,8.5,13.5,9.5],"texture":"#wooden_pickaxe_2","cullface":"south"}}},{"__comment":"head","from":[5.5,17,17],"to":[8,17.5,17.5],"faces":{"up":{"uv":[10,9.5,12.5,10],"texture":"#wooden_pickaxe_2","cullface":"south"},"south":{"uv":[10,9.5,12.5,10],"texture":"#wooden_pickaxe_2","cullface":"south"},"west":{"uv":[10,9.5,10.5,10],"texture":"#wooden_pickaxe_2","cullface":"south"},"east":{"uv":[12,9.5,12.5,10],"texture":"#wooden_pickaxe_2","cullface":"south"}}},{"__comment":"head","from":[5,16.5,17],"to":[9.5,17,17.5],"faces":{"down":{"uv":[9.5,10,14,10.5],"rotation":180,"texture":"#wooden_pickaxe_2","cullface":"south"},"up":{"uv":[9.5,10,14,10.5],"texture":"#wooden_pickaxe_2","cullface":"south"},"south":{"uv":[9.5,10,14,10.5],"texture":"#wooden_pickaxe_2","cullface":"south"},"west":{"uv":[9.5,10,10,10.5],"texture":"#wooden_pickaxe_2","cullface":"south"},"east":{"uv":[13.5,10,14,10.5],"texture":"#wooden_pickaxe_2","cullface":"south"}}},{"__comment":"head","from":[7,26,14],"to":[8,26.5,14.5],"faces":{"up":{"uv":[7.5,2.5,8,3.5],"rotation":270,"texture":"#wooden_pickaxe_3","cullface":"up"},"south":{"uv":[8,2,9,2.5],"texture":"#wooden_pickaxe_3","cullface":"up"},"west":{"uv":[7.5,2.5,8,3],"texture":"#wooden_pickaxe_3","cullface":"up"},"east":{"uv":[7.5,3,8,3.5],"texture":"#wooden_pickaxe_3","cullface":"up"}}},{"__comment":"head","from":[8,26,14.5],"to":[9.5,26.5,15],"faces":{"up":{"uv":[6.5,3.5,7,5],"rotation":270,"texture":"#wooden_pickaxe_3","cullface":"up"},"north":{"uv":[5.5,3,7,3.5],"texture":"#wooden_pickaxe_3","cullface":"up"},"west":{"uv":[7,3.5,7.5,4],"texture":"#wooden_pickaxe_3","cullface":"up"},"east":{"uv":[7,4.5,7.5,5],"texture":"#wooden_pickaxe_3","cullface":"up"}}},{"__comment":"head","from":[7,26,15],"to":[11,26.5,17],"faces":{"up":{"uv":[4.5,2.5,6.5,6.5],"rotation":270,"texture":"#wooden_pickaxe_3","cullface":"south"},"north":{"uv":[6.5,2.5,6,6.5],"rotation":90,"texture":"#wooden_pickaxe_3","cullface":"south"},"south":{"uv":[5,6.5,4.5,2.5],"rotation":90,"texture":"#wooden_pickaxe_3","cullface":"south"},"west":{"uv":[4.5,2.5,6.5,3],"texture":"#wooden_pickaxe_3","cullface":"south"},"east":{"uv":[4.5,6,6.5,6.5],"texture":"#wooden_pickaxe_3","cullface":"south"}}},{"__comment":"head","from":[6.5,26,15.5],"to":[7,26.5,17],"faces":{"up":{"uv":[5,2,6.5,2.5],"rotation":270,"texture":"#wooden_pickaxe_3","cullface":"south"},"north":{"uv":[6,2,6.5,2.5],"texture":"#wooden_pickaxe_3","cullface":"south"},"south":{"uv":[5,2,5.5,2.5],"texture":"#wooden_pickaxe_3","cullface":"south"},"west":{"uv":[6.5,2,5,2.5],"texture":"#wooden_pickaxe_3","cullface":"south"}}},{"__comment":"head","from":[5,26,14.5],"to":[5.5,26.5,17],"faces":{"up":{"uv":[5,0.5,7.5,1],"rotation":270,"texture":"#wooden_pickaxe_3","cullface":"south"},"north":{"uv":[7,0.5,7.5,1],"texture":"#wooden_pickaxe_3","cullface":"south"},"south":{"uv":[5,0.5,5.5,1],"texture":"#wooden_pickaxe_3","cullface":"south"},"west":{"uv":[5,0.5,7.5,1],"texture":"#wooden_pickaxe_3","cullface":"south"},"east":{"uv":[5,0.5,7.5,1],"texture":"#wooden_pickaxe_3","cullface":"south"}}},{"__comment":"head","from":[5,26,12.5],"to":[6,26.5,13.5],"faces":{"up":{"uv":[8.5,0.5,9.5,1.5],"rotation":270,"texture":"#wooden_pickaxe_3","cullface":"up"},"north":{"uv":[8.5,0.5,9.5,1],"texture":"#wooden_pickaxe_3","cullface":"up"},"south":{"uv":[8.5,1,9.5,1.5],"texture":"#wooden_pickaxe_3","cullface":"up"},"west":{"uv":[9.5,0.5,8.5,1],"texture":"#wooden_pickaxe_3","cullface":"up"},"east":{"uv":[8.5,1,9.5,1.5],"texture":"#wooden_pickaxe_3","cullface":"up"}}},{"__comment":"head","from":[5,25.5,12],"to":[6,26,12.5],"faces":{"down":{"uv":[12.5,6,12,5],"rotation":90,"texture":"#wooden_pickaxe_2","cullface":"up"},"up":{"uv":[3.5,5,4,6],"rotation":270,"texture":"#wooden_pickaxe_2","cullface":"up"},"north":{"uv":[10,0,11,0],"texture":"#wooden_pickaxe_2","cullface":"up"},"west":{"uv":[12,0,12.5,0],"texture":"#wooden_pickaxe_2","cullface":"up"}}},{"__comment":"head","from":[4.5,24,12.5],"to":[5,26,13.5],"faces":{"down":{"uv":[4.5,2.5,5.5,3],"rotation":270,"texture":"#wooden_pickaxe_2","cullface":"up"},"up":{"uv":[4.5,1,5.5,1.5],"rotation":90,"texture":"#wooden_pickaxe_2","cullface":"up"},"north":{"uv":[4.5,1,5,3],"texture":"#wooden_pickaxe_2","cullface":"up"},"south":{"uv":[5,1,5.5,3],"texture":"#wooden_pickaxe_2","cullface":"up"},"west":{"uv":[4.5,1,5.5,3],"texture":"#wooden_pickaxe_2","cullface":"up"}}},{"__comment":"head","from":[4.5,24,13.5],"to":[5,25,14],"faces":{"down":{"uv":[5.5,2.5,6,3],"rotation":270,"texture":"#wooden_pickaxe_2","cullface":"up"},"up":{"uv":[5.5,2,6,2.5],"rotation":90,"texture":"#wooden_pickaxe_2","cullface":"up"},"south":{"uv":[5.5,2,6,3],"texture":"#wooden_pickaxe_2","cullface":"up"},"west":{"uv":[5.5,2,6,3],"texture":"#wooden_pickaxe_2","cullface":"up"}}},{"__comment":"head","from":[5,19,12],"to":[6,26,12.5],"faces":{"down":{"uv":[3.5,6.5,4,7.5],"rotation":270,"texture":"#wooden_pickaxe_2","cullface":"up"},"up":{"uv":[3.5,2,4,1],"rotation":90,"texture":"#wooden_pickaxe_2","cullface":"up"},"north":{"uv":[5,1.5,4,8.5],"texture":"#wooden_pickaxe_2","cullface":"up"},"west":{"uv":[4,1,4.5,8],"texture":"#wooden_pickaxe_2","cullface":"up"}}},{"__comment":"head","from":[4.5,22,12.5],"to":[5,23.5,14],"faces":{"down":{"uv":[4.5,4.5,6,5],"rotation":270,"texture":"#wooden_pickaxe_2","cullface":"up"},"up":{"uv":[4.5,3.5,6,4],"rotation":90,"texture":"#wooden_pickaxe_2","cullface":"up"},"north":{"uv":[4.5,3.5,5,5],"texture":"#wooden_pickaxe_2","cullface":"up"},"south":{"uv":[5.5,3.5,6,5],"texture":"#wooden_pickaxe_2","cullface":"up"},"west":{"uv":[4.5,3.5,6,5],"texture":"#wooden_pickaxe_2","cullface":"up"}}},{"__comment":"head","from":[4.5,19.5,12.5],"to":[5,22,13.5],"faces":{"down":{"uv":[4.5,7,5.5,7.5],"rotation":270,"texture":"#wooden_pickaxe_2","cullface":"up"},"north":{"uv":[4.5,5,5,7.5],"texture":"#wooden_pickaxe_2","cullface":"up"},"south":{"uv":[5,5,5.5,7.5],"texture":"#wooden_pickaxe_2","cullface":"up"},"west":{"uv":[4.5,5,5.5,7.5],"texture":"#wooden_pickaxe_2","cullface":"up"}}},{"__comment":"head","from":[4.5,20,14],"to":[5,20.5,14.5],"faces":{"up":{"uv":[6,6.5,6.5,7],"rotation":90,"texture":"#wooden_pickaxe_2","cullface":"up"},"north":{"uv":[6,6.5,6.5,7],"texture":"#wooden_pickaxe_2","cullface":"up"},"south":{"uv":[6,6.5,6.5,7],"texture":"#wooden_pickaxe_2","cullface":"up"},"west":{"uv":[6,6.5,6.5,7],"texture":"#wooden_pickaxe_2","cullface":"up"}}},{"__comment":"head","from":[4.5,19.5,14],"to":[5,20,15],"faces":{"up":{"uv":[6,7,7,7.5],"rotation":90,"texture":"#wooden_pickaxe_2","cullface":"up"},"north":{"uv":[6,7,6.5,7.5],"texture":"#wooden_pickaxe_2","cullface":"up"},"south":{"uv":[6.5,7,7,7.5],"texture":"#wooden_pickaxe_2","cullface":"up"},"west":{"uv":[6,7,7,7.5],"texture":"#wooden_pickaxe_2","cullface":"up"}}},{"__comment":"head","from":[4.5,19,14],"to":[5,19.5,15.5],"faces":{"up":{"uv":[6,7.5,7.5,8],"rotation":90,"texture":"#wooden_pickaxe_2","cullface":"up"},"north":{"uv":[6,7.5,6.5,8],"texture":"#wooden_pickaxe_2","cullface":"up"},"south":{"uv":[7,7.5,7.5,8],"texture":"#wooden_pickaxe_2","cullface":"up"},"west":{"uv":[6,7.5,7.5,8],"texture":"#wooden_pickaxe_2","cullface":"up"}}},{"__comment":"head","from":[4.5,18.5,13.5],"to":[5,19,15.5],"faces":{"down":{"uv":[5.5,8,7.5,8.5],"rotation":270,"texture":"#wooden_pickaxe_2","cullface":"up"},"up":{"uv":[5.5,8,7.5,8.5],"rotation":90,"texture":"#wooden_pickaxe_2","cullface":"up"},"north":{"uv":[5.5,8,6,8.5],"texture":"#wooden_pickaxe_2","cullface":"up"},"south":{"uv":[7,8,7.5,8.5],"texture":"#wooden_pickaxe_2","cullface":"up"},"west":{"uv":[5.5,8,7.5,8.5],"texture":"#wooden_pickaxe_2","cullface":"up"}}},{"__comment":"head","from":[4.5,18.5,16],"to":[5,20,17],"faces":{"down":{"uv":[8,8,9,8.5],"rotation":270,"texture":"#wooden_pickaxe_2","cullface":"south"},"up":{"uv":[8,7,9,7.5],"rotation":90,"texture":"#wooden_pickaxe_2","cullface":"south"},"north":{"uv":[8,7,8.5,8.5],"texture":"#wooden_pickaxe_2","cullface":"south"},"south":{"uv":[8.5,7,9,8.5],"texture":"#wooden_pickaxe_2","cullface":"south"},"west":{"uv":[8,7,9,8.5],"texture":"#wooden_pickaxe_2","cullface":"south"}}},{"__comment":"head","from":[4.5,20.5,15],"to":[5,23,17],"faces":{"down":{"uv":[7,6,9,6.5],"rotation":270,"texture":"#wooden_pickaxe_2","cullface":"south"},"up":{"uv":[7,4,9,4.5],"rotation":90,"texture":"#wooden_pickaxe_2","cullface":"south"},"north":{"uv":[7,4,7.5,6.5],"texture":"#wooden_pickaxe_2","cullface":"south"},"south":{"uv":[8.5,4,9,6.5],"texture":"#wooden_pickaxe_2","cullface":"south"},"west":{"uv":[7,4,9,6.5],"texture":"#wooden_pickaxe_2","cullface":"south"}}},{"__comment":"head","from":[4.5,21,14.5],"to":[5,22,15],"faces":{"down":{"uv":[6.5,5.5,7,6],"rotation":270,"texture":"#wooden_pickaxe_2","cullface":"up"},"up":{"uv":[6.5,5,7,5.5],"rotation":90,"texture":"#wooden_pickaxe_2","cullface":"up"},"north":{"uv":[6.5,5,7,6],"texture":"#wooden_pickaxe_2","cullface":"up"},"west":{"uv":[6.5,5,7,6],"texture":"#wooden_pickaxe_2","cullface":"up"}}},{"__comment":"head","from":[4.5,23,15.5],"to":[5,23.5,17],"faces":{"up":{"uv":[7.5,3.5,9,4],"rotation":90,"texture":"#wooden_pickaxe_2","cullface":"south"},"north":{"uv":[7.5,3.5,8,4],"texture":"#wooden_pickaxe_2","cullface":"south"},"south":{"uv":[8.5,3.5,9,4],"texture":"#wooden_pickaxe_2","cullface":"south"},"west":{"uv":[7.5,3.5,9,4],"texture":"#wooden_pickaxe_2","cullface":"south"}}},{"__comment":"head","from":[4.5,23.5,16],"to":[5,24,17],"faces":{"up":{"uv":[8,3,9,3.5],"rotation":90,"texture":"#wooden_pickaxe_2","cullface":"south"},"north":{"uv":[8,3,8.5,3.5],"texture":"#wooden_pickaxe_2","cullface":"south"},"south":{"uv":[8.5,3,9,3.5],"texture":"#wooden_pickaxe_2","cullface":"south"},"west":{"uv":[8,3,9,3.5],"texture":"#wooden_pickaxe_2","cullface":"south"}}},{"__comment":"head","from":[4.5,24,16.5],"to":[5,24.5,17],"faces":{"north":{"uv":[11,3.5,11.5,4],"texture":"#wooden_pickaxe_2","cullface":"south"},"south":{"uv":[11,3.5,11.5,4],"texture":"#wooden_pickaxe_2","cullface":"south"},"west":{"uv":[11,3.5,11.5,4],"texture":"#wooden_pickaxe_2","cullface":"south"}}},{"__comment":"head","from":[4.5,24.5,16],"to":[5,26,17],"faces":{"down":{"uv":[8,2,9,2.5],"rotation":270,"texture":"#wooden_pickaxe_2","cullface":"south"},"up":{"uv":[8,1,9,1.5],"rotation":90,"texture":"#wooden_pickaxe_2","cullface":"south"},"north":{"uv":[8,1,8.5,2.5],"texture":"#wooden_pickaxe_2","cullface":"south"},"south":{"uv":[8.5,1,9,2.5],"texture":"#wooden_pickaxe_2","cullface":"south"},"west":{"uv":[8,1,9,2.5],"texture":"#wooden_pickaxe_2","cullface":"south"}}},{"__comment":"head","from":[4.5,25,14.5],"to":[5,26,16],"faces":{"down":{"uv":[6.5,1.5,8,2],"rotation":270,"texture":"#wooden_pickaxe_2","cullface":"up"},"up":{"uv":[6.5,1,8,1.5],"rotation":90,"texture":"#wooden_pickaxe_2","cullface":"up"},"north":{"uv":[6.5,1,7,2],"texture":"#wooden_pickaxe_2","cullface":"up"},"west":{"uv":[6.5,1,8,2],"texture":"#wooden_pickaxe_2","cullface":"up"}}},{"__comment":"head","from":[4.5,24.5,14.5],"to":[5,25,15.5],"faces":{"down":{"uv":[6.5,2,7.5,2.5],"rotation":270,"texture":"#wooden_pickaxe_2","cullface":"up"},"north":{"uv":[6.5,2,7,2.5],"texture":"#wooden_pickaxe_2","cullface":"up"},"south":{"uv":[7,2,7.5,2.5],"texture":"#wooden_pickaxe_2","cullface":"up"},"west":{"uv":[6.5,2,7.5,2.5],"texture":"#wooden_pickaxe_2","cullface":"up"}}},{"__comment":"head","from":[4.5,24,14.5],"to":[5,24.5,15],"faces":{"down":{"uv":[6.5,2.5,7,3],"rotation":270,"texture":"#wooden_pickaxe_2","cullface":"up"},"north":{"uv":[6.5,2.5,7,3],"texture":"#wooden_pickaxe_2","cullface":"up"},"south":{"uv":[6.5,2.5,7,3],"texture":"#wooden_pickaxe_2","cullface":"up"},"west":{"uv":[6.5,2.5,7,3],"texture":"#wooden_pickaxe_2","cullface":"up"}}},{"__comment":"head","from":[4.5,16.5,12.5],"to":[5,18.5,13.5],"faces":{"down":{"uv":[4.5,8.5,5.5,9],"rotation":270,"texture":"#wooden_pickaxe_2","cullface":"up"},"up":{"uv":[4.5,10,5.5,10.5],"rotation":90,"texture":"#wooden_pickaxe_2","cullface":"up"},"north":{"uv":[4.5,8.5,5,10.5],"texture":"#wooden_pickaxe_2","cullface":"up"},"south":{"uv":[5,8.5,5.5,10.5],"texture":"#wooden_pickaxe_2","cullface":"up"},"west":{"uv":[4.5,8.5,5.5,10.5],"texture":"#wooden_pickaxe_2","cullface":"up"}}},{"__comment":"head","from":[4.5,16.5,13.5],"to":[5,18,16.5],"faces":{"down":{"uv":[5,10.5,8,11],"rotation":270,"texture":"#wooden_pickaxe_2","cullface":"south"},"up":{"uv":[5,9.5,8,10],"rotation":90,"texture":"#wooden_pickaxe_2","cullface":"south"},"south":{"uv":[7.5,9.5,8,11],"texture":"#wooden_pickaxe_2","cullface":"south"},"west":{"uv":[5,9.5,8,11],"texture":"#wooden_pickaxe_2","cullface":"south"}}},{"__comment":"head","from":[4.5,16.5,16.5],"to":[5,17.5,17],"faces":{"down":{"uv":[9,9.5,9.5,10],"rotation":270,"texture":"#wooden_pickaxe_2","cullface":"south"},"up":{"uv":[8.5,9.5,9,10],"rotation":90,"texture":"#wooden_pickaxe_2","cullface":"south"},"south":{"uv":[9,9.5,9.5,10.5],"texture":"#wooden_pickaxe_2","cullface":"south"},"west":{"uv":[8.5,9.5,9,10.5],"texture":"#wooden_pickaxe_2","cullface":"south"}}},{"__comment":"head","from":[5,16.5,12],"to":[6,18.5,12.5],"faces":{"down":{"uv":[7.5,9,8,10],"rotation":270,"texture":"#wooden_pickaxe_2","cullface":"up"},"up":{"uv":[7.5,9,8,10],"rotation":90,"texture":"#wooden_pickaxe_2","cullface":"up"},"north":{"uv":[5,8.5,4,10.5],"texture":"#wooden_pickaxe_2","cullface":"up"},"west":{"uv":[4,8.5,4.5,10.5],"texture":"#wooden_pickaxe_2","cullface":"up"}}},{"__comment":"head","from":[5.5,16,12.5],"to":[10.5,16.5,13],"faces":{"down":{"uv":[10,10.5,15,11],"rotation":90,"texture":"#wooden_pickaxe_2","cullface":"up"},"north":{"uv":[10,10.5,15,11],"texture":"#wooden_pickaxe_2","cullface":"up"},"west":{"uv":[14.5,10.5,15,11],"texture":"#wooden_pickaxe_2","cullface":"up"},"east":{"uv":[10,10.5,10.5,11],"texture":"#wooden_pickaxe_2","cullface":"up"}}},{"__comment":"animate*","from":[6,18.5,12],"to":[10,26,12.5],"faces":{"up":{"uv":[10,1.5,10.5,5.5],"rotation":270,"texture":"#wooden_pickaxe_3","cullface":"up"},"west":{"uv":[4,1.5,4.5,8.5],"texture":"#wooden_pickaxe_2","cullface":"up"},"east":{"uv":[15.5,1,16,8],"texture":"#wooden_pickaxe_3","cullface":"up"}}},{"__comment":"head","from":[5.5,16,16],"to":[10.5,16.5,17],"faces":{"down":{"uv":[10,10.5,15,11.5],"texture":"#wooden_pickaxe_2","cullface":"south"},"south":{"uv":[10,10.5,15,11],"texture":"#wooden_pickaxe_2","cullface":"south"},"west":{"uv":[10,10,11,10.5],"texture":"#wooden_pickaxe_2","cullface":"south"},"east":{"uv":[10,10,11,10.5],"texture":"#wooden_pickaxe_2","cullface":"south"}}},{"__comment":"head","from":[10.5,16,13],"to":[11,16.5,16.5],"faces":{"down":{"uv":[11.5,10,15,10.5],"rotation":90,"texture":"#wooden_pickaxe_3","cullface":"south"},"north":{"uv":[14.5,10,15,10.5],"texture":"#wooden_pickaxe_3","cullface":"south"},"south":{"uv":[11.5,10,12,10.5],"texture":"#wooden_pickaxe_3","cullface":"south"},"west":{"uv":[11.5,10,15,10.5],"texture":"#wooden_pickaxe_3","cullface":"south"},"east":{"uv":[11.5,10,15,10.5],"texture":"#wooden_pickaxe_3","cullface":"south"}}},{"__comment":"head","from":[5,16,13],"to":[5.5,16.5,16.5],"faces":{"down":{"uv":[5,10,8.5,10.5],"rotation":270,"texture":"#wooden_pickaxe_2","cullface":"south"},"north":{"uv":[5,9.5,5.5,10],"texture":"#wooden_pickaxe_2","cullface":"south"},"south":{"uv":[7.5,9.5,8,10],"texture":"#wooden_pickaxe_2","cullface":"south"},"west":{"uv":[5,10,8.5,10.5],"texture":"#wooden_pickaxe_2","cullface":"south"},"east":{"uv":[5,10,8.5,10.5],"texture":"#wooden_pickaxe_2","cullface":"south"}}},{"from":[8,-1.5,9],"to":[8.0625,6.5,17],"faces":{"west":{"uv":[0,0,16,16],"rotation":90,"texture":"#particle","cullface":"south"},"east":{"uv":[16,0,0,16],"rotation":270,"texture":"#particle","cullface":"south"}}},{"from":[8,-1.5,-1],"to":[8.0625,6.5,7],"faces":{"west":{"uv":[0,16,16,0],"rotation":90,"texture":"#particle","cullface":"north"},"east":{"uv":[16,16,0,0],"rotation":270,"texture":"#particle","cullface":"north"}}}],"display":{"thirdperson_righthand":{"rotation":[0,177,0],"translation":[0,2,1.9],"scale":[0.8,0.8,0.8]},"firstperson_righthand":{"rotation":[-6,-171,16],"translation":[0,-1.13,0],"scale":[0.6,0.6,0.6]},"gui":{"rotation":[91,50,-89],"translation":[-1.13,-1.13,-0.57],"scale":[0.4,0.4,0.4]}}}
