{"__comment":"designed by hypixel minecraft server with bdcraft cubik pro 0.93 beta - http://bdcraft.net","textures":{"texture":"blocks/cookie"},"elements":[{"from":[-1,15,13],"to":[6,19,20],"faces":{"down":{"uv":[1.5,2.5,5,3],"texture":"#texture"},"up":{"uv":[1.5,1,5,1.5],"texture":"#texture"},"north":{"uv":[1.5,1,5,2],"texture":"#texture"},"south":{"uv":[1.5,1,5,3],"texture":"#texture"},"west":{"uv":[1.5,1,2,3],"texture":"#texture"},"east":{"uv":[4.5,1,5,3],"texture":"#texture"}}},{"from":[0,19,13],"to":[5,20,20],"faces":{"down":{"uv":[2,0.5,4.5,1],"texture":"#texture"},"up":{"uv":[2,0.5,4.5,1],"texture":"#texture"},"north":{"uv":[2,0.5,4.5,1],"texture":"#texture"},"south":{"uv":[2,0.5,4.5,1],"texture":"#texture"},"west":{"uv":[2,0.5,4.5,1],"texture":"#texture"},"east":{"uv":[2,0.5,4.5,1],"texture":"#texture"}}},{"from":[1,20,14],"to":[4,21,19],"faces":{"down":{"uv":[2.5,0,4,0.5],"texture":"#texture"},"up":{"uv":[2.5,0,4,0.5],"texture":"#texture"},"north":{"uv":[2.5,0,4,0.5],"texture":"#texture"},"south":{"uv":[2.5,0,4,0.5],"texture":"#texture"},"west":{"uv":[2.5,0,4,0.5],"texture":"#texture"},"east":{"uv":[2.5,0,4,0.5],"texture":"#texture"}}},{"from":[0,20,15],"to":[1,21,18],"faces":{"down":{"uv":[2,0,2.5,0.5],"texture":"#texture"},"up":{"uv":[2,0,2.5,0.5],"texture":"#texture"},"north":{"uv":[2,0,2.5,0.5],"texture":"#texture"},"south":{"uv":[2,0,2.5,0.5],"texture":"#texture"},"west":{"uv":[2,0,2.5,0.5],"texture":"#texture"},"east":{"uv":[2,0,2.5,0.5],"texture":"#texture"}}},{"from":[-1,19,14],"to":[0,20,19],"faces":{"down":{"uv":[1.5,0.5,2,1],"texture":"#texture"},"up":{"uv":[1.5,0.5,2,1],"texture":"#texture"},"north":{"uv":[1.5,0.5,2,1],"texture":"#texture"},"south":{"uv":[1.5,0.5,2,1],"texture":"#texture"},"west":{"uv":[1.5,0.5,2,1],"texture":"#texture"},"east":{"uv":[1.5,0.5,2,1],"texture":"#texture"}}},{"from":[-2,15,14],"to":[-1,19,19],"faces":{"down":{"uv":[1,2.5,1.5,3],"texture":"#texture"},"up":{"uv":[1,1,1.5,1.5],"texture":"#texture"},"north":{"uv":[1,1,1.5,3],"texture":"#texture"},"south":{"uv":[1,1,1.5,3],"texture":"#texture"},"west":{"uv":[1,1,1.5,3],"texture":"#texture"},"east":{"uv":[1,1,1.5,3],"texture":"#texture"}}},{"from":[-2,16,19],"to":[-1,18,20],"faces":{"down":{"uv":[1,2,1.5,2.5],"texture":"#texture"},"up":{"uv":[1,1.5,1.5,2],"texture":"#texture"},"north":{"uv":[1,1.5,1.5,2.5],"texture":"#texture"},"south":{"uv":[1,1.5,1.5,2.5],"texture":"#texture"},"west":{"uv":[1,1.5,1.5,2.5],"texture":"#texture"},"east":{"uv":[1,1.5,1.5,2.5],"texture":"#texture"}}},{"from":[0,14,13],"to":[5,15,20],"faces":{"down":{"uv":[2,3,4.5,3.5],"texture":"#texture"},"up":{"uv":[2,3,4.5,3.5],"texture":"#texture"},"north":{"uv":[2,1.5,4.5,2],"texture":"#texture"},"south":{"uv":[2,3,4.5,3.5],"texture":"#texture"},"west":{"uv":[2,3,2.5,3.5],"texture":"#texture"},"east":{"uv":[2,3,2.5,3.5],"texture":"#texture"}}},{"from":[1,13,14],"to":[4,14,19],"faces":{"down":{"uv":[2.5,3.5,4,4],"texture":"#texture"},"up":{"uv":[2.5,3.5,4,4],"texture":"#texture"},"north":{"uv":[2.5,3.5,4,4],"texture":"#texture"},"south":{"uv":[2.5,3.5,4,4],"texture":"#texture"},"west":{"uv":[2.5,3.5,4,4],"texture":"#texture"},"east":{"uv":[2.5,3.5,4,4],"texture":"#texture"}}},{"from":[0,13,15],"to":[1,14,18],"faces":{"down":{"uv":[2,3.5,2.5,4],"texture":"#texture"},"up":{"uv":[2,3.5,2.5,4],"texture":"#texture"},"north":{"uv":[2,3.5,2.5,4],"texture":"#texture"},"south":{"uv":[2,3.5,2.5,4],"texture":"#texture"},"west":{"uv":[2,3.5,2.5,4],"texture":"#texture"},"east":{"uv":[2,3.5,2.5,4],"texture":"#texture"}}},{"from":[-1,14,14],"to":[0,15,19],"faces":{"down":{"uv":[1.5,3,2,3.5],"texture":"#texture"},"up":{"uv":[1.5,3,2,3.5],"texture":"#texture"},"north":{"uv":[1.5,3,2,3.5],"texture":"#texture"},"south":{"uv":[1.5,3,2,3.5],"texture":"#texture"},"west":{"uv":[1.5,3,2,3.5],"texture":"#texture"},"east":{"uv":[1.5,3,2,3.5],"texture":"#texture"}}},{"from":[0,16,20],"to":[5,18,21],"faces":{"down":{"uv":[2,2,4.5,2.5],"texture":"#texture"},"up":{"uv":[2,1.5,4.5,2],"texture":"#texture"},"north":{"uv":[2,1.5,4.5,2],"texture":"#texture"},"south":{"uv":[2,1.5,4.5,2.5],"texture":"#texture"},"west":{"uv":[4.5,1.5,5,2],"texture":"#texture"},"east":{"uv":[4.5,1.5,5,2],"texture":"#texture"}}},{"from":[1,15,20],"to":[4,16,21],"faces":{"down":{"uv":[2.5,2.5,4,3],"texture":"#texture"},"up":{"uv":[2.5,2.5,4,3],"texture":"#texture"},"north":{"uv":[2.5,2.5,4,3],"texture":"#texture"},"south":{"uv":[2.5,2.5,4,3],"texture":"#texture"},"west":{"uv":[2.5,2.5,3,3],"texture":"#texture"},"east":{"uv":[3.5,2.5,4,3],"texture":"#texture"}}},{"from":[1,18,20],"to":[4,19,21],"faces":{"down":{"uv":[2.5,1,4,1.5],"texture":"#texture"},"up":{"uv":[2.5,1,4,1.5],"texture":"#texture"},"north":{"uv":[2.5,1,4,1.5],"texture":"#texture"},"south":{"uv":[2.5,1,4,1.5],"texture":"#texture"},"west":{"uv":[2.5,1,3,1.5],"texture":"#texture"},"east":{"uv":[2.5,1,3,1.5],"texture":"#texture"}}},{"from":[4,13,15],"to":[5,14,18],"faces":{"down":{"uv":[2,3.5,2.5,4],"texture":"#texture"},"up":{"uv":[2,3.5,2.5,4],"texture":"#texture"},"north":{"uv":[2,3.5,2.5,4],"texture":"#texture"},"south":{"uv":[2,3.5,2.5,4],"texture":"#texture"},"west":{"uv":[2,3.5,2.5,4],"texture":"#texture"},"east":{"uv":[2,3.5,2.5,4],"texture":"#texture"}}},{"from":[5,14,14],"to":[6,15,19],"faces":{"down":{"uv":[1.5,3,2,3.5],"texture":"#texture"},"up":{"uv":[1.5,3,2,3.5],"texture":"#texture"},"north":{"uv":[1.5,3,2,3.5],"texture":"#texture"},"south":{"uv":[1.5,3,2,3.5],"texture":"#texture"},"west":{"uv":[1.5,3,2,3.5],"texture":"#texture"},"east":{"uv":[1.5,3,2,3.5],"texture":"#texture"}}},{"from":[-2,16,13],"to":[-1,18,14],"faces":{"down":{"uv":[1,2,1.5,2.5],"texture":"#texture"},"up":{"uv":[1,1.5,1.5,2],"texture":"#texture"},"north":{"uv":[1,1.5,1.5,2.5],"texture":"#texture"},"south":{"uv":[1,1.5,1.5,2.5],"texture":"#texture"},"west":{"uv":[1,1.5,1.5,2.5],"texture":"#texture"},"east":{"uv":[1,1.5,1.5,2.5],"texture":"#texture"}}},{"from":[6,16,19],"to":[7,18,20],"faces":{"down":{"uv":[5,1.5,5.5,2],"texture":"#texture"},"up":{"uv":[5,1.5,5.5,2],"texture":"#texture"},"north":{"uv":[5,1.5,5.5,2.5],"texture":"#texture"},"south":{"uv":[5,1.5,5.5,2.5],"texture":"#texture"},"west":{"uv":[5,1.5,5.5,2.5],"texture":"#texture"},"east":{"uv":[5,1.5,5.5,2.5],"texture":"#texture"}}},{"from":[6,15,14],"to":[7,19,19],"faces":{"down":{"uv":[1,2.5,1.5,3],"texture":"#texture"},"up":{"uv":[1,1,1.5,1.5],"texture":"#texture"},"north":{"uv":[5,1,5.5,3],"texture":"#texture"},"south":{"uv":[5,1,5.5,3],"texture":"#texture"},"west":{"uv":[5,1,5.5,3],"texture":"#texture"},"east":{"uv":[5,1,5.5,3],"texture":"#texture"}}},{"from":[6,16,13],"to":[7,18,14],"faces":{"down":{"uv":[5,1.5,5.5,2],"texture":"#texture"},"up":{"uv":[5,1.5,5.5,2],"texture":"#texture"},"north":{"uv":[5,1.5,5.5,2.5],"texture":"#texture"},"south":{"uv":[5,1.5,5.5,2.5],"texture":"#texture"},"west":{"uv":[5,1.5,5.5,2.5],"texture":"#texture"},"east":{"uv":[5,1.5,5.5,2.5],"texture":"#texture"}}},{"from":[5,19,14],"to":[6,20,19],"faces":{"down":{"uv":[1.5,0.5,2,1],"texture":"#texture"},"up":{"uv":[1.5,0.5,2,1],"texture":"#texture"},"north":{"uv":[1.5,0.5,2,1],"texture":"#texture"},"south":{"uv":[1.5,0.5,2,1],"texture":"#texture"},"west":{"uv":[1.5,0.5,2,1],"texture":"#texture"},"east":{"uv":[1.5,0.5,2,1],"texture":"#texture"}}},{"from":[4,20,15],"to":[5,21,18],"faces":{"down":{"uv":[2,0,2.5,0.5],"texture":"#texture"},"up":{"uv":[2,0,2.5,0.5],"texture":"#texture"},"north":{"uv":[2,0,2.5,0.5],"texture":"#texture"},"south":{"uv":[2,0,2.5,0.5],"texture":"#texture"},"west":{"uv":[2,0,2.5,0.5],"texture":"#texture"},"east":{"uv":[2,0,2.5,0.5],"texture":"#texture"}}},{"from":[0,16,12],"to":[5,18,13],"faces":{"down":{"uv":[2,2,4.5,2.5],"texture":"#texture"},"up":{"uv":[2,1.5,4.5,2],"texture":"#texture"},"north":{"uv":[2,1.5,4.5,2],"texture":"#texture"},"south":{"uv":[2,1.5,4.5,2.5],"texture":"#texture"},"west":{"uv":[4.5,1.5,5,2],"texture":"#texture"},"east":{"uv":[4.5,1.5,5,2],"texture":"#texture"}}},{"from":[1,18,12],"to":[4,19,13],"faces":{"down":{"uv":[2.5,1,4,1.5],"texture":"#texture"},"up":{"uv":[2.5,1,4,1.5],"texture":"#texture"},"north":{"uv":[2.5,1,4,1.5],"texture":"#texture"},"south":{"uv":[2.5,1,4,1.5],"texture":"#texture"},"west":{"uv":[2.5,1,3,1.5],"texture":"#texture"},"east":{"uv":[2.5,1,3,1.5],"texture":"#texture"}}},{"from":[1,15,12],"to":[4,16,13],"faces":{"down":{"uv":[2.5,1,4,1.5],"texture":"#texture"},"up":{"uv":[2.5,1,4,1.5],"texture":"#texture"},"north":{"uv":[2.5,1,4,1.5],"texture":"#texture"},"south":{"uv":[2.5,1,4,1.5],"texture":"#texture"},"west":{"uv":[2.5,1,3,1.5],"texture":"#texture"},"east":{"uv":[2.5,1,3,1.5],"texture":"#texture"}}},{"from":[10,14,13],"to":[16,18,20],"faces":{"down":{"uv":[7,3,10,3.5],"texture":"#texture"},"up":{"uv":[7,1.5,10,2],"texture":"#texture"},"north":{"uv":[10,1.5,7,3.5],"texture":"#texture"},"south":{"uv":[7,1.5,10,3.5],"texture":"#texture"},"west":{"uv":[7,1.5,7.5,3.5],"texture":"#texture"},"east":{"uv":[9.5,1.5,10,3.5],"texture":"#texture"}}},{"from":[11,15,20],"to":[15,17,21],"faces":{"down":{"uv":[7.5,1.5,9.5,2],"texture":"#texture"},"up":{"uv":[7.5,1.5,9.5,2],"texture":"#texture"},"north":{"uv":[7.5,1.5,9.5,2],"texture":"#texture"},"south":{"uv":[7.5,1.5,9.5,2],"texture":"#texture"},"west":{"uv":[9,2,9.5,2.5],"texture":"#texture"},"east":{"uv":[9,2,9.5,2.5],"texture":"#texture"}}},{"from":[12,17,20],"to":[14,18,21],"faces":{"down":{"uv":[2.5,1,4,1.5],"texture":"#texture"},"up":{"uv":[2.5,1,4,1.5],"texture":"#texture"},"north":{"uv":[2.5,1,4,1.5],"texture":"#texture"},"south":{"uv":[2.5,1,4,1.5],"texture":"#texture"},"west":{"uv":[2.5,1,3,1.5],"texture":"#texture"},"east":{"uv":[2.5,1,3,1.5],"texture":"#texture"}}},{"from":[12,14,20],"to":[14,15,21],"faces":{"down":{"uv":[2.5,1,4,1.5],"texture":"#texture"},"up":{"uv":[2.5,1,4,1.5],"texture":"#texture"},"north":{"uv":[2.5,1,4,1.5],"texture":"#texture"},"south":{"uv":[2.5,1,4,1.5],"texture":"#texture"},"west":{"uv":[2.5,1,3,1.5],"texture":"#texture"},"east":{"uv":[2.5,1,3,1.5],"texture":"#texture"}}},{"from":[9,15,19],"to":[10,17,20],"faces":{"down":{"uv":[5,1.5,5.5,2],"texture":"#texture"},"up":{"uv":[5,1.5,5.5,2],"texture":"#texture"},"north":{"uv":[5,1.5,5.5,2.5],"texture":"#texture"},"south":{"uv":[5,1.5,5.5,2.5],"texture":"#texture"},"west":{"uv":[5,1.5,5.5,2.5],"texture":"#texture"},"east":{"uv":[5,1.5,5.5,2.5],"texture":"#texture"}}},{"from":[9,14,14],"to":[10,18,19],"faces":{"down":{"uv":[6.5,1.5,7,2],"texture":"#texture"},"up":{"uv":[6.5,1.5,7,2],"texture":"#texture"},"north":{"uv":[6.5,1.5,7,3.5],"texture":"#texture"},"south":{"uv":[6.5,1.5,7,3.5],"texture":"#texture"},"west":{"uv":[6.5,1.5,7,3.5],"texture":"#texture"},"east":{"uv":[6.5,1.5,7,3.5],"texture":"#texture"}}},{"from":[16,14,14],"to":[17,18,19],"faces":{"down":{"uv":[10,3,10.5,3.5],"texture":"#texture"},"up":{"uv":[10,1.5,10.5,2],"texture":"#texture"},"north":{"uv":[10,1.5,10.5,3.5],"texture":"#texture"},"south":{"uv":[10,1.5,10.5,3.5],"texture":"#texture"},"west":{"uv":[10,1.5,10.5,3.5],"texture":"#texture"},"east":{"uv":[10,1.5,10.5,3.5],"texture":"#texture"}}},{"from":[12,17,12],"to":[14,18,13],"faces":{"down":{"uv":[2.5,1,4,1.5],"texture":"#texture"},"up":{"uv":[2.5,1,4,1.5],"texture":"#texture"},"north":{"uv":[2.5,1,4,1.5],"texture":"#texture"},"south":{"uv":[2.5,1,4,1.5],"texture":"#texture"},"west":{"uv":[2.5,1,3,1.5],"texture":"#texture"},"east":{"uv":[2.5,1,3,1.5],"texture":"#texture"}}},{"from":[11,15,12],"to":[15,17,13],"faces":{"down":{"uv":[7.5,1.5,9.5,2],"texture":"#texture"},"up":{"uv":[7.5,1.5,9.5,2],"texture":"#texture"},"north":{"uv":[7.5,1.5,9.5,2],"texture":"#texture"},"south":{"uv":[7.5,1.5,9.5,2],"texture":"#texture"},"west":{"uv":[9,2,9.5,2.5],"texture":"#texture"},"east":{"uv":[9,2,9.5,2.5],"texture":"#texture"}}},{"from":[12,14,12],"to":[14,15,13],"faces":{"down":{"uv":[2.5,1,4,1.5],"texture":"#texture"},"up":{"uv":[2.5,1,4,1.5],"texture":"#texture"},"north":{"uv":[2.5,1,4,1.5],"texture":"#texture"},"south":{"uv":[2.5,1,4,1.5],"texture":"#texture"},"west":{"uv":[2.5,1,3,1.5],"texture":"#texture"},"east":{"uv":[2.5,1,3,1.5],"texture":"#texture"}}},{"from":[9,15,13],"to":[10,17,14],"faces":{"down":{"uv":[5,1.5,5.5,2],"texture":"#texture"},"up":{"uv":[5,1.5,5.5,2],"texture":"#texture"},"north":{"uv":[5,1.5,5.5,2.5],"texture":"#texture"},"south":{"uv":[5,1.5,5.5,2.5],"texture":"#texture"},"west":{"uv":[5,1.5,5.5,2.5],"texture":"#texture"},"east":{"uv":[5,1.5,5.5,2.5],"texture":"#texture"}}},{"from":[16,15,19],"to":[17,17,20],"faces":{"down":{"uv":[10,2,10.5,2.5],"texture":"#texture"},"up":{"uv":[10,2,10.5,2.5],"texture":"#texture"},"north":{"uv":[10,2,10.5,3],"texture":"#texture"},"south":{"uv":[10,2,10.5,3],"texture":"#texture"},"west":{"uv":[10,2,10.5,3],"texture":"#texture"},"east":{"uv":[10,2,10.5,3],"texture":"#texture"}}},{"from":[16,15,13],"to":[17,17,14],"faces":{"down":{"uv":[10,2,10.5,2.5],"texture":"#texture"},"up":{"uv":[10,2,10.5,2.5],"texture":"#texture"},"north":{"uv":[10,2,10.5,3],"texture":"#texture"},"south":{"uv":[10,2,10.5,3],"texture":"#texture"},"west":{"uv":[10,2,10.5,3],"texture":"#texture"},"east":{"uv":[10,2,10.5,3],"texture":"#texture"}}},{"from":[11,18,13],"to":[15,19,20],"faces":{"down":{"uv":[9.5,1,7.5,1.5],"texture":"#texture"},"up":{"uv":[7.5,2,9.5,1],"texture":"#texture"},"north":{"uv":[7.5,1.5,9.5,2],"texture":"#texture"},"south":{"uv":[7.5,1,9.5,1.5],"texture":"#texture"},"west":{"uv":[8.5,1,9.5,1.5],"texture":"#texture"},"east":{"uv":[8.5,1,9.5,1.5],"texture":"#texture"}}},{"from":[10,18,14],"to":[11,19,19],"faces":{"down":{"uv":[7,1,7.5,1.5],"texture":"#texture"},"up":{"uv":[7,1,7.5,1.5],"texture":"#texture"},"north":{"uv":[7,1,7.5,1.5],"texture":"#texture"},"south":{"uv":[7,1,7.5,1.5],"texture":"#texture"},"west":{"uv":[7,1,7.5,1.5],"texture":"#texture"},"east":{"uv":[7,1,7.5,1.5],"texture":"#texture"}}},{"from":[15,18,14],"to":[16,19,19],"faces":{"down":{"uv":[1.5,0.5,2,1],"texture":"#texture"},"up":{"uv":[1.5,0.5,2,1],"texture":"#texture"},"north":{"uv":[1.5,0.5,2,1],"texture":"#texture"},"south":{"uv":[1.5,0.5,2,1],"texture":"#texture"},"west":{"uv":[1.5,0.5,2,1],"texture":"#texture"},"east":{"uv":[1.5,0.5,2,1],"texture":"#texture"}}},{"from":[12,19,14],"to":[14,20,19],"faces":{"down":{"uv":[8,1.5,9,2],"texture":"#texture"},"up":{"uv":[8,1.5,9,2],"texture":"#texture"},"north":{"uv":[8.5,1,9.5,1.5],"texture":"#texture"},"south":{"uv":[8,0.5,9,1],"texture":"#texture"},"west":{"uv":[7,1,8,1.5],"texture":"#texture"},"east":{"uv":[8.5,0.5,9.5,1],"texture":"#texture"}}},{"from":[11,19,15],"to":[12,20,18],"faces":{"down":{"uv":[8.5,2,9,2.5],"texture":"#texture"},"up":{"uv":[8.5,2,9,2.5],"texture":"#texture"},"north":{"uv":[7,1,7.5,1.5],"texture":"#texture"},"south":{"uv":[7.5,0.5,8,1],"texture":"#texture"},"west":{"uv":[7,1,8,1.5],"texture":"#texture"},"east":{"uv":[8.5,1,9.5,1.5],"texture":"#texture"}}},{"from":[14,19,15],"to":[15,20,18],"faces":{"down":{"uv":[2,0,2.5,0.5],"texture":"#texture"},"up":{"uv":[2,0,2.5,0.5],"texture":"#texture"},"north":{"uv":[2,0,2.5,0.5],"texture":"#texture"},"south":{"uv":[2,0,2.5,0.5],"texture":"#texture"},"west":{"uv":[2,0,2.5,0.5],"texture":"#texture"},"east":{"uv":[2,0,2.5,0.5],"texture":"#texture"}}},{"from":[11,13,13],"to":[15,14,20],"faces":{"down":{"uv":[7.5,3.5,9.5,4],"texture":"#texture"},"up":{"uv":[7.5,3.5,9.5,4],"texture":"#texture"},"north":{"uv":[7.5,3.5,9.5,4],"texture":"#texture"},"south":{"uv":[7.5,3.5,9.5,4],"texture":"#texture"},"west":{"uv":[7.5,3.5,9.5,4],"texture":"#texture"},"east":{"uv":[7.5,3.5,9.5,4],"texture":"#texture"}}},{"from":[15,13,14],"to":[16,14,19],"faces":{"down":{"uv":[1.5,3,2,3.5],"texture":"#texture"},"up":{"uv":[1.5,3,2,3.5],"texture":"#texture"},"north":{"uv":[1.5,3,2,3.5],"texture":"#texture"},"south":{"uv":[1.5,3,2,3.5],"texture":"#texture"},"west":{"uv":[1.5,3,2,3.5],"texture":"#texture"},"east":{"uv":[1.5,3,2,3.5],"texture":"#texture"}}},{"from":[10,13,14],"to":[11,14,19],"faces":{"down":{"uv":[1.5,3,2,3.5],"texture":"#texture"},"up":{"uv":[1.5,3,2,3.5],"texture":"#texture"},"north":{"uv":[1.5,3,2,3.5],"texture":"#texture"},"south":{"uv":[1.5,3,2,3.5],"texture":"#texture"},"west":{"uv":[1.5,3,2,3.5],"texture":"#texture"},"east":{"uv":[1.5,3,2,3.5],"texture":"#texture"}}},{"from":[12,12,14],"to":[14,13,19],"faces":{"down":{"uv":[2.5,3.5,4,4],"texture":"#texture"},"up":{"uv":[2.5,3.5,4,4],"texture":"#texture"},"north":{"uv":[2.5,3.5,4,4],"texture":"#texture"},"south":{"uv":[2.5,3.5,4,4],"texture":"#texture"},"west":{"uv":[2.5,3.5,4,4],"texture":"#texture"},"east":{"uv":[2.5,3.5,4,4],"texture":"#texture"}}},{"from":[11,12,15],"to":[12,13,18],"faces":{"down":{"uv":[2,3.5,2.5,4],"texture":"#texture"},"up":{"uv":[2,3.5,2.5,4],"texture":"#texture"},"north":{"uv":[2,3.5,2.5,4],"texture":"#texture"},"south":{"uv":[2,3.5,2.5,4],"texture":"#texture"},"west":{"uv":[2,3.5,2.5,4],"texture":"#texture"},"east":{"uv":[2,3.5,2.5,4],"texture":"#texture"}}},{"from":[14,12,15],"to":[15,13,18],"faces":{"down":{"uv":[2,3.5,2.5,4],"texture":"#texture"},"up":{"uv":[2,3.5,2.5,4],"texture":"#texture"},"north":{"uv":[2,3.5,2.5,4],"texture":"#texture"},"south":{"uv":[2,3.5,2.5,4],"texture":"#texture"},"west":{"uv":[2,3.5,2.5,4],"texture":"#texture"},"east":{"uv":[2,3.5,2.5,4],"texture":"#texture"}}},{"from":[-3,9,14],"to":[19,15,17],"faces":{"down":{"uv":[0.5,5.5,11.5,6],"texture":"#texture"},"up":{"uv":[0.5,3,11.5,3.5],"texture":"#texture"},"north":{"uv":[11.5,3,0.5,6],"texture":"#texture"},"south":{"uv":[0.5,3,11.5,6],"texture":"#texture"},"west":{"uv":[0.5,3,1,6],"texture":"#texture"},"east":{"uv":[11,3,11.5,6],"texture":"#texture"}}},{"from":[-4,9,14],"to":[-3,14,17],"faces":{"down":{"uv":[0,5.5,0.5,6],"texture":"#texture"},"up":{"uv":[0,3.5,0.5,4],"texture":"#texture"},"north":{"uv":[0,3.5,0.5,6],"texture":"#texture"},"south":{"uv":[0,3.5,0.5,6],"texture":"#texture"},"west":{"uv":[0,3.5,0.5,6],"texture":"#texture"},"east":{"uv":[0,3.5,0.5,6],"texture":"#texture"}}},{"from":[17,15,16],"to":[18,16,17],"faces":{"down":{"uv":[10.5,2.5,11,3],"texture":"#texture"},"up":{"uv":[10.5,2.5,11,3],"texture":"#texture"},"north":{"uv":[10.5,2.5,11,3],"texture":"#texture"},"south":{"uv":[10.5,2.5,11,3],"texture":"#texture"},"west":{"uv":[10.5,2.5,11,3],"texture":"#texture"},"east":{"uv":[10.5,2.5,11,3],"texture":"#texture"}}},{"from":[-3,3,14],"to":[18,9,17],"faces":{"down":{"uv":[0.5,8.5,11,9],"texture":"#texture"},"up":{"uv":[0.5,6,11,6.5],"texture":"#texture"},"north":{"uv":[11,6,0.5,9],"texture":"#texture"},"south":{"uv":[0.5,6,11,9],"texture":"#texture"},"west":{"uv":[0.5,6,1,9],"texture":"#texture"},"east":{"uv":[10.5,6,11,9],"texture":"#texture"}}},{"from":[-3,2,14],"to":[17,3,17],"faces":{"down":{"uv":[0.5,9,10.5,9.5],"texture":"#texture"},"up":{"uv":[0.5,9,10.5,9.5],"texture":"#texture"},"north":{"uv":[10.5,9,0.5,9.5],"texture":"#texture"},"south":{"uv":[0.5,9,10.5,9.5],"texture":"#texture"},"west":{"uv":[0.5,9,1,9.5],"texture":"#texture"},"east":{"uv":[10,9,10.5,9.5],"texture":"#texture"}}},{"from":[-2,1,14],"to":[17,2,17],"faces":{"down":{"uv":[1,9.5,10.5,10],"texture":"#texture"},"up":{"uv":[1,9.5,10.5,10],"texture":"#texture"},"north":{"uv":[10.5,9.5,1,10],"texture":"#texture"},"south":{"uv":[1,9.5,10.5,10],"texture":"#texture"},"west":{"uv":[1,9.5,1.5,10],"texture":"#texture"},"east":{"uv":[10,9.5,10.5,10],"texture":"#texture"}}},{"from":[-1,0,14],"to":[16,1,17],"faces":{"down":{"uv":[1.5,10,10,10.5],"texture":"#texture"},"up":{"uv":[1.5,10,10,10.5],"texture":"#texture"},"north":{"uv":[1.5,10,10,10.5],"texture":"#texture"},"south":{"uv":[1.5,10,10,10.5],"texture":"#texture"},"west":{"uv":[1.5,10,2,10.5],"texture":"#texture"},"east":{"uv":[9.5,10,10,10.5],"texture":"#texture"}}},{"from":[0,-1,14],"to":[15,0,17],"faces":{"down":{"uv":[2,10.5,9.5,11],"texture":"#texture"},"up":{"uv":[2,10.5,9.5,11],"texture":"#texture"},"north":{"uv":[2,10.5,9.5,11],"texture":"#texture"},"south":{"uv":[2,10.5,9.5,11],"texture":"#texture"},"west":{"uv":[2,10.5,2.5,11],"texture":"#texture"},"east":{"uv":[9,10.5,9.5,11],"texture":"#texture"}}},{"from":[0,-2,15.5],"to":[1,-1,16.5],"faces":{"down":{"uv":[2,11,2.5,11.5],"texture":"#texture"},"up":{"uv":[2,11,2.5,11.5],"texture":"#texture"},"north":{"uv":[2,11,2.5,11.5],"texture":"#texture"},"south":{"uv":[2,11,2.5,11.5],"texture":"#texture"},"west":{"uv":[2,11,2.5,11.5],"rotation":90,"texture":"#texture"},"east":{"uv":[2,11,2.5,11.5],"texture":"#texture"}}},{"from":[8,-2,15.5],"to":[9,-1,16.5],"faces":{"down":{"uv":[6,11,6.5,11.5],"texture":"#texture"},"up":{"uv":[6,11,6.5,11.5],"texture":"#texture"},"north":{"uv":[6,11,6.5,11.5],"texture":"#texture"},"south":{"uv":[6,11,6.5,11.5],"texture":"#texture"},"west":{"uv":[6,11,6.5,11.5],"rotation":90,"texture":"#texture"},"east":{"uv":[6,11,6.5,11.5],"texture":"#texture"}}},{"from":[-3,12,16.9375],"to":[18,14,17.9375],"faces":{"down":{"uv":[0.5,4,11,4.5],"texture":"#texture"},"up":{"uv":[0.5,3.5,11,4],"texture":"#texture"},"north":{"uv":[11,3.5,0.5,4.5],"texture":"#texture"},"south":{"uv":[0.5,3.5,11,4.5],"texture":"#texture"},"west":{"uv":[0.5,3.5,1,4.5],"texture":"#texture"},"east":{"uv":[10.5,3.5,11,4.5],"texture":"#texture"}}},{"from":[-1,11,17],"to":[16,12,18],"faces":{"down":{"uv":[1.5,4.5,10,5],"texture":"#texture"},"up":{"uv":[1.5,4.5,10,5],"texture":"#texture"},"north":{"uv":[10,4.5,1.5,5],"texture":"#texture"},"south":{"uv":[1.5,4.5,10,5],"texture":"#texture"},"west":{"uv":[1.5,4.5,2,5],"texture":"#texture"},"east":{"uv":[9.5,4.5,10,5],"texture":"#texture"}}},{"from":[0,10,17],"to":[14,11,21],"faces":{"down":{"uv":[2,5,9,5.5],"texture":"#texture"},"up":{"uv":[2,5,9,5.5],"texture":"#texture"},"north":{"uv":[2,5,9,5.5],"texture":"#texture"},"south":{"uv":[2,5,9,5.5],"texture":"#texture"},"west":{"uv":[2,5,2.5,5.5],"texture":"#texture"},"east":{"uv":[8.5,5,9,5.5],"texture":"#texture"}}},{"from":[1,11,18],"to":[14,12,21],"faces":{"down":{"uv":[2.5,4.5,9,5],"texture":"#texture"},"up":{"uv":[2.5,4.5,9,5],"texture":"#texture"},"north":{"uv":[9,4.5,2.5,5],"texture":"#texture"},"south":{"uv":[2.5,4.5,9,5],"texture":"#texture"},"west":{"uv":[2.5,4.5,3,5],"texture":"#texture"},"east":{"uv":[8.5,4.5,9,5],"texture":"#texture"}}},{"from":[5,12,18],"to":[10,13,20],"faces":{"down":{"uv":[4.5,4,7,4.5],"texture":"#texture"},"up":{"uv":[4.5,4,7,4.5],"texture":"#texture"},"north":{"uv":[7,4,4.5,4.5],"texture":"#texture"},"south":{"uv":[4.5,4,7,4.5],"texture":"#texture"},"west":{"uv":[4.5,4,5,4.5],"texture":"#texture"},"east":{"uv":[6.5,4,7,4.5],"texture":"#texture"}}},{"from":[7,13,18],"to":[9,14,19],"faces":{"down":{"uv":[5.5,3.5,6.5,4],"texture":"#texture"},"up":{"uv":[5.5,3.5,6.5,4],"texture":"#texture"},"north":{"uv":[5.5,3.5,6.5,4],"texture":"#texture"},"south":{"uv":[6.5,3.5,5.5,4],"texture":"#texture"},"west":{"uv":[5.5,3.5,6,4],"texture":"#texture"},"east":{"uv":[6,3.5,6.5,4],"texture":"#texture"}}},{"from":[5,11,19],"to":[10,12,21],"faces":{"down":{"uv":[4.5,4.5,7,5],"texture":"#texture"},"up":{"uv":[4.5,4.5,7,5],"texture":"#texture"},"north":{"uv":[7,4.5,4.5,5],"texture":"#texture"},"south":{"uv":[4.5,4.5,7,5],"texture":"#texture"},"west":{"uv":[4.5,4.5,5,5],"texture":"#texture"},"east":{"uv":[6.5,4.5,7,5],"texture":"#texture"}}},{"from":[14,11,18],"to":[16,12,21],"faces":{"down":{"uv":[2,5,9,5.5],"texture":"#texture"},"up":{"uv":[2,5,9,5.5],"texture":"#texture"},"north":{"uv":[2,5,9,5.5],"texture":"#texture"},"south":{"uv":[2,5,9,5.5],"texture":"#texture"},"west":{"uv":[2,5,2.5,5.5],"texture":"#texture"},"east":{"uv":[8.5,5,9,5.5],"texture":"#texture"}}},{"from":[-1,11,18],"to":[1,12,21],"faces":{"down":{"uv":[2,5,9,5.5],"texture":"#texture"},"up":{"uv":[2,5,9,5.5],"texture":"#texture"},"north":{"uv":[2,5,9,5.5],"texture":"#texture"},"south":{"uv":[2,5,9,5.5],"texture":"#texture"},"west":{"uv":[2,5,2.5,5.5],"texture":"#texture"},"east":{"uv":[8.5,5,9,5.5],"texture":"#texture"}}},{"from":[-3,10,17],"to":[-1,11,20],"faces":{"down":{"uv":[0.5,5,1.5,5.5],"texture":"#texture"},"up":{"uv":[0.5,5,1.5,5.5],"texture":"#texture"},"north":{"uv":[0.5,5,1.5,5.5],"texture":"#texture"},"south":{"uv":[0.5,5,1.5,5.5],"texture":"#texture"},"west":{"uv":[0.5,5,1.5,5.5],"texture":"#texture"},"east":{"uv":[0.5,5,1.5,5.5],"texture":"#texture"}}},{"from":[-2,8,17],"to":[-1,10,20],"faces":{"down":{"uv":[0.5,5,1.5,5.5],"texture":"#texture"},"up":{"uv":[0.5,5,1.5,5.5],"texture":"#texture"},"north":{"uv":[0.5,5,1.5,5.5],"texture":"#texture"},"south":{"uv":[0.5,5,1.5,5.5],"texture":"#texture"},"west":{"uv":[0.5,5,1.5,5.5],"texture":"#texture"},"east":{"uv":[0.5,5,1.5,5.5],"texture":"#texture"}}},{"from":[-2,7,17],"to":[-1,8,19],"faces":{"down":{"uv":[1,6.5,1.5,7],"texture":"#texture"},"up":{"uv":[1,6.5,1.5,7],"texture":"#texture"},"north":{"uv":[1,6.5,1.5,7],"texture":"#texture"},"south":{"uv":[1,6.5,1.5,7],"texture":"#texture"},"west":{"uv":[1,6.5,1.5,7],"texture":"#texture"},"east":{"uv":[1,6.5,1.5,7],"texture":"#texture"}}},{"from":[-1,5,17],"to":[0,7,20],"faces":{"down":{"uv":[1.5,7,2,7.5],"texture":"#texture"},"up":{"uv":[1.5,7,2,7.5],"texture":"#texture"},"north":{"uv":[1.5,7,2,8],"texture":"#texture"},"south":{"uv":[1.5,7,2,8],"texture":"#texture"},"west":{"uv":[1.5,7,2,8],"texture":"#texture"},"east":{"uv":[1.5,7,2,8],"texture":"#texture"}}},{"from":[0,3,17],"to":[1,5,21],"faces":{"down":{"uv":[2,8,2.5,8.5],"texture":"#texture"},"up":{"uv":[2,8,2.5,8.5],"texture":"#texture"},"north":{"uv":[2,8,2.5,9],"texture":"#texture"},"south":{"uv":[2,8,2.5,9],"texture":"#texture"},"west":{"uv":[2,8,2.5,9],"texture":"#texture"},"east":{"uv":[2,8,2.5,9],"texture":"#texture"}}},{"from":[1,2,17],"to":[2,3,22],"faces":{"down":{"uv":[2,8,2.5,8.5],"texture":"#texture"},"up":{"uv":[2,8,2.5,8.5],"texture":"#texture"},"north":{"uv":[2,8,2.5,9],"texture":"#texture"},"south":{"uv":[2,8,2.5,9],"texture":"#texture"},"west":{"uv":[2,8,2.5,9],"texture":"#texture"},"east":{"uv":[2,8,2.5,9],"texture":"#texture"}}},{"from":[2,1,17],"to":[12,2,23],"faces":{"down":{"uv":[3,9.5,8,10],"texture":"#texture"},"up":{"uv":[5,9.5,7.5,10],"texture":"#texture"},"north":{"uv":[3,9.5,8,10],"texture":"#texture"},"south":{"uv":[3,9.5,8,10],"texture":"#texture"},"west":{"uv":[3,9.5,3.5,10],"texture":"#texture"},"east":{"uv":[7.5,9.5,8,10],"texture":"#texture"}}},{"from":[12,2,17],"to":[14,3,22],"faces":{"down":{"uv":[8,9,9,9.5],"texture":"#texture"},"up":{"uv":[8,9,9,9.5],"texture":"#texture"},"north":{"uv":[8,9,9,9.5],"texture":"#texture"},"south":{"uv":[8,9,9,9.5],"texture":"#texture"},"west":{"uv":[8,9,8.5,9.5],"texture":"#texture"},"east":{"uv":[8,9,8.5,9.5],"texture":"#texture"}}},{"from":[14,3,17],"to":[16,5,21],"faces":{"down":{"uv":[8,9,9,9.5],"texture":"#texture"},"up":{"uv":[8,9,9,9.5],"texture":"#texture"},"north":{"uv":[8,9,9,9.5],"texture":"#texture"},"south":{"uv":[8,9,9,9.5],"texture":"#texture"},"west":{"uv":[8,9,8.5,9.5],"texture":"#texture"},"east":{"uv":[8,9,8.5,9.5],"texture":"#texture"}}},{"from":[15,5,17],"to":[16,7,20],"faces":{"down":{"uv":[8,9,9,9.5],"texture":"#texture"},"up":{"uv":[8,9,9,9.5],"texture":"#texture"},"north":{"uv":[8,9,9,9.5],"texture":"#texture"},"south":{"uv":[8,9,9,9.5],"texture":"#texture"},"west":{"uv":[8,9,8.5,9.5],"texture":"#texture"},"east":{"uv":[8,9,8.5,9.5],"texture":"#texture"}}},{"from":[16,7,17],"to":[17,9,19],"faces":{"down":{"uv":[8,9,9,9.5],"texture":"#texture"},"up":{"uv":[8,9,9,9.5],"texture":"#texture"},"north":{"uv":[8,9,9,9.5],"texture":"#texture"},"south":{"uv":[8,9,9,9.5],"texture":"#texture"},"west":{"uv":[8,9,8.5,9.5],"texture":"#texture"},"east":{"uv":[8,9,8.5,9.5],"texture":"#texture"}}},{"from":[17,9,17],"to":[18,12,19],"faces":{"down":{"uv":[10.5,5.5,11,6],"texture":"#texture"},"up":{"uv":[10.5,4.5,11,5],"texture":"#texture"},"north":{"uv":[10.5,4.5,11,6],"texture":"#texture"},"south":{"uv":[10.5,4.5,11,6],"texture":"#texture"},"west":{"uv":[10.5,4.5,11,6],"texture":"#texture"},"east":{"uv":[10.5,4.5,11,6],"texture":"#texture"}}},{"from":[-2,12,18],"to":[1,13,21],"faces":{"down":{"uv":[1,4,2.5,4.5],"texture":"#texture"},"up":{"uv":[1,4,2.5,4.5],"texture":"#texture"},"north":{"uv":[1,4,2.5,4.5],"texture":"#texture"},"south":{"uv":[1,4,2.5,4.5],"texture":"#texture"},"west":{"uv":[2,5,2.5,5.5],"texture":"#texture"},"east":{"uv":[8.5,5,9,5.5],"texture":"#texture"}}},{"from":[-3,11,17],"to":[-2,12,19],"faces":{"down":{"uv":[0.5,4.5,1,5],"texture":"#texture"},"up":{"uv":[0.5,4.5,1,5],"texture":"#texture"},"north":{"uv":[0.5,4.5,1,5],"texture":"#texture"},"south":{"uv":[0.5,4.5,1,5],"texture":"#texture"},"west":{"uv":[0.5,4.5,1,5],"texture":"#texture"},"east":{"uv":[0.5,4.5,1,5],"texture":"#texture"}}},{"from":[-3,7,17],"to":[-2,10,18],"faces":{"down":{"uv":[0.5,5.5,1,6],"texture":"#texture"},"up":{"uv":[0.5,5.5,1,6],"texture":"#texture"},"north":{"uv":[0.5,5.5,1,7],"texture":"#texture"},"south":{"uv":[0.5,5.5,1,7],"texture":"#texture"},"west":{"uv":[0.5,5.5,1,7],"texture":"#texture"},"east":{"uv":[0.5,5.5,1,7],"texture":"#texture"}}},{"from":[18,9,17],"to":[19,12,18],"faces":{"down":{"uv":[0.5,5.5,1,6],"texture":"#texture"},"up":{"uv":[0.5,5.5,1,6],"texture":"#texture"},"north":{"uv":[0.5,5.5,1,7],"texture":"#texture"},"south":{"uv":[0.5,5.5,1,7],"texture":"#texture"},"west":{"uv":[0.5,5.5,1,7],"texture":"#texture"},"east":{"uv":[0.5,5.5,1,7],"texture":"#texture"}}},{"from":[0,0,17],"to":[15,1,20],"faces":{"down":{"uv":[2,10,9.5,10.5],"texture":"#texture"},"up":{"uv":[2,10,9.5,10.5],"texture":"#texture"},"north":{"uv":[2,10,9.5,10.5],"texture":"#texture"},"south":{"uv":[2,10,9.5,10.5],"texture":"#texture"},"west":{"uv":[2,10,2.5,10.5],"texture":"#texture"},"east":{"uv":[9,10,9.5,10.5],"texture":"#texture"}}},{"from":[-1,1,17],"to":[2,2,18],"faces":{"down":{"uv":[1.5,9.5,3,10],"texture":"#texture"},"up":{"uv":[1.5,9.5,3,10],"texture":"#texture"},"north":{"uv":[1.5,9.5,3,10],"texture":"#texture"},"south":{"uv":[1.5,9.5,3,10],"texture":"#texture"},"west":{"uv":[1.5,9.5,2,10],"texture":"#texture"},"east":{"uv":[2.5,9.5,3,10],"texture":"#texture"}}},{"from":[-2,2,17],"to":[1,3,18],"faces":{"down":{"uv":[1,9,2.5,9.5],"texture":"#texture"},"up":{"uv":[1,9,2.5,9.5],"texture":"#texture"},"north":{"uv":[1,9,2.5,9.5],"texture":"#texture"},"south":{"uv":[1,9,2.5,9.5],"texture":"#texture"},"west":{"uv":[1,9,1.5,9.5],"texture":"#texture"},"east":{"uv":[2,9,2.5,9.5],"texture":"#texture"}}},{"from":[-2,3,17],"to":[0,5,18],"faces":{"down":{"uv":[1,8.5,2,9],"texture":"#texture"},"up":{"uv":[1,8,2,8.5],"texture":"#texture"},"north":{"uv":[2,8,1,9],"texture":"#texture"},"south":{"uv":[1,8,2,9],"texture":"#texture"},"west":{"uv":[1,8,1.5,9],"texture":"#texture"},"east":{"uv":[1.5,8,2,9],"texture":"#texture"}}},{"from":[-2,5,17],"to":[-1,7,18],"faces":{"down":{"uv":[1,7,1.5,7.5],"texture":"#texture"},"up":{"uv":[1,7,1.5,7.5],"texture":"#texture"},"north":{"uv":[1,7,1.5,8],"texture":"#texture"},"south":{"uv":[1,7,1.5,8],"texture":"#texture"},"west":{"uv":[1,7,1.5,8],"texture":"#texture"},"east":{"uv":[1,7,1.5,8],"texture":"#texture"}}},{"from":[12,1,17],"to":[14,2,21],"faces":{"down":{"uv":[8,9.5,9,10],"texture":"#texture"},"up":{"uv":[8,9.5,9,10],"texture":"#texture"},"north":{"uv":[8,9.5,9,10],"texture":"#texture"},"south":{"uv":[8,9.5,9,10],"texture":"#texture"},"west":{"uv":[8,9.5,8.5,10],"texture":"#texture"},"east":{"uv":[9.5,9.5,10,10],"texture":"#texture"}}},{"from":[14,2,17],"to":[16,3,21],"faces":{"down":{"uv":[9,9,10,9.5],"texture":"#texture"},"up":{"uv":[9,9,10,9.5],"texture":"#texture"},"north":{"uv":[9,9,10,9.5],"texture":"#texture"},"south":{"uv":[9,9,10,9.5],"texture":"#texture"},"west":{"uv":[9,9,9.5,9.5],"texture":"#texture"},"east":{"uv":[9.5,9,10,9.5],"texture":"#texture"}}},{"from":[16,3,17],"to":[17,7,19],"faces":{"down":{"uv":[10,8.5,10.5,9],"texture":"#texture"},"up":{"uv":[10,7,10.5,7.5],"texture":"#texture"},"north":{"uv":[10,7,10.5,9],"texture":"#texture"},"south":{"uv":[10,7,10.5,9],"texture":"#texture"},"west":{"uv":[10,7,10.5,9],"texture":"#texture"},"east":{"uv":[10,7,10.5,9],"texture":"#texture"}}},{"from":[17,7,17],"to":[18,9,18],"faces":{"down":{"uv":[10.5,6,11,6.5],"texture":"#texture"},"up":{"uv":[10.5,6,11,6.5],"texture":"#texture"},"north":{"uv":[10.5,6,11,7],"texture":"#texture"},"south":{"uv":[10.5,6,11,7],"texture":"#texture"},"west":{"uv":[10.5,6,11,7],"texture":"#texture"},"east":{"uv":[10.5,6,11,7],"texture":"#texture"}}},{"from":[2,0,20],"to":[12,1,22],"faces":{"down":{"uv":[3,10,8,10.5],"texture":"#texture"},"up":{"uv":[3,10,8,10.5],"texture":"#texture"},"north":{"uv":[8,10,3,10.5],"texture":"#texture"},"south":{"uv":[3,10,8,10.5],"texture":"#texture"},"west":{"uv":[2,10,2.5,10.5],"texture":"#texture"},"east":{"uv":[9,10,9.5,10.5],"texture":"#texture"}}},{"from":[-1,3,18],"to":[0,5,20],"faces":{"down":{"uv":[1.5,8,2,9],"texture":"#texture"},"up":{"uv":[1.5,8,2,9],"texture":"#texture"},"north":{"uv":[1.5,8,2,9],"texture":"#texture"},"south":{"uv":[1.5,8,2,9],"texture":"#texture"},"west":{"uv":[2,9,2.5,10],"texture":"#texture"},"east":{"uv":[2,9,2.5,10],"texture":"#texture"}}},{"from":[14,1,17],"to":[16,2,20],"faces":{"down":{"uv":[9,9.5,10,10],"texture":"#texture"},"up":{"uv":[9,9.5,10,10],"texture":"#texture"},"north":{"uv":[9,9.5,10,10],"texture":"#texture"},"south":{"uv":[9,9.5,10,10],"texture":"#texture"},"west":{"uv":[8,9.5,8.5,10],"texture":"#texture"},"east":{"uv":[9.5,9.5,10,10],"texture":"#texture"}}},{"from":[0,1,17],"to":[2,2,21],"faces":{"down":{"uv":[2,9.5,3,10],"texture":"#texture"},"up":{"uv":[2,9.5,3,10],"texture":"#texture"},"north":{"uv":[2,9.5,3,10],"texture":"#texture"},"south":{"uv":[2,9.5,3,10],"texture":"#texture"},"west":{"uv":[2,9.5,2.5,10],"texture":"#texture"},"east":{"uv":[2.5,9.5,3,10],"texture":"#texture"}}},{"from":[0,2,17],"to":[1,3,21],"faces":{"down":{"uv":[2,9,2.5,9.5],"texture":"#texture"},"up":{"uv":[2,9,2.5,9.5],"texture":"#texture"},"north":{"uv":[2,9,2.5,9.5],"texture":"#texture"},"south":{"uv":[2,9,2.5,9.5],"texture":"#texture"},"west":{"uv":[9,9,9.5,9.5],"texture":"#texture"},"east":{"uv":[9.5,9,10,9.5],"texture":"#texture"}}},{"from":[-1,2,17],"to":[0,3,20],"faces":{"down":{"uv":[1.5,9,2,9.5],"texture":"#texture"},"up":{"uv":[1.5,9,2,9.5],"texture":"#texture"},"north":{"uv":[1.5,9,2,9.5],"texture":"#texture"},"south":{"uv":[1.5,9,2,9.5],"texture":"#texture"},"west":{"uv":[1.5,9,2,9.5],"texture":"#texture"},"east":{"uv":[1.5,9,2,9.5],"texture":"#texture"}}},{"from":[17,12,18],"to":[18,13,19],"faces":{"down":{"uv":[2,5,9,5.5],"texture":"#texture"},"up":{"uv":[2,5,9,5.5],"texture":"#texture"},"north":{"uv":[2,5,9,5.5],"texture":"#texture"},"south":{"uv":[2,5,9,5.5],"texture":"#texture"},"west":{"uv":[2,5,2.5,5.5],"texture":"#texture"},"east":{"uv":[8.5,5,9,5.5],"texture":"#texture"}}},{"from":[15,12,18],"to":[16,13,21],"faces":{"down":{"uv":[2,5,9,5.5],"texture":"#texture"},"up":{"uv":[2,5,9,5.5],"texture":"#texture"},"north":{"uv":[2,5,9,5.5],"texture":"#texture"},"south":{"uv":[2,5,9,5.5],"texture":"#texture"},"west":{"uv":[2,5,2.5,5.5],"texture":"#texture"},"east":{"uv":[8.5,5,9,5.5],"texture":"#texture"}}},{"from":[16,13,18],"to":[17,14,20],"faces":{"down":{"uv":[2,5,9,5.5],"texture":"#texture"},"up":{"uv":[2,5,9,5.5],"texture":"#texture"},"north":{"uv":[2,5,9,5.5],"texture":"#texture"},"south":{"uv":[2,5,9,5.5],"texture":"#texture"},"west":{"uv":[2,5,2.5,5.5],"texture":"#texture"},"east":{"uv":[8.5,5,9,5.5],"texture":"#texture"}}},{"from":[0.5,11,1],"to":[1.5,14,14],"faces":{"down":{"uv":[11,1.5,16,2],"rotation":90,"texture":"#texture"},"up":{"uv":[11,0.5,16,1],"rotation":90,"texture":"#texture"},"north":{"uv":[11,0.5,11.5,2],"texture":"#texture"},"south":{"uv":[15.5,0.5,16,2],"texture":"#texture"},"west":{"uv":[11,0.5,16,2],"texture":"#texture"},"east":{"uv":[16,0.5,11,2],"texture":"#texture"}}},{"from":[14.5,11,1],"to":[15.5,14,14],"faces":{"down":{"uv":[11,1.5,16,2],"rotation":90,"texture":"#texture"},"up":{"uv":[11,0.5,16,1],"rotation":90,"texture":"#texture"},"north":{"uv":[11,0.5,11.5,2],"texture":"#texture"},"south":{"uv":[15.5,0.5,16,2],"texture":"#texture"},"west":{"uv":[11,0.5,16,2],"texture":"#texture"},"east":{"uv":[16,0.5,11,2],"texture":"#texture"}}},{"from":[1.5,11.5,1],"to":[14.5,13.5,2],"faces":{"down":{"uv":[11,1,11.5,2],"texture":"#texture"},"up":{"uv":[11,1,11.5,2],"texture":"#texture"},"north":{"uv":[11,1,11.5,2],"texture":"#texture"},"south":{"uv":[11,1,11.5,2],"texture":"#texture"},"west":{"uv":[11,1,11.5,2],"texture":"#texture"},"east":{"uv":[11,1,11.5,2],"texture":"#texture"}}},{"from":[0.5,3,1],"to":[1.5,6,14],"faces":{"down":{"uv":[11,1.5,16,2],"rotation":90,"texture":"#texture"},"up":{"uv":[11,0.5,16,1],"rotation":90,"texture":"#texture"},"north":{"uv":[11,0.5,11.5,2],"texture":"#texture"},"south":{"uv":[15.5,0.5,16,2],"texture":"#texture"},"west":{"uv":[11,0.5,16,2],"texture":"#texture"},"east":{"uv":[16,0.5,11,2],"texture":"#texture"}}},{"from":[14.5,3,1],"to":[15.5,6,14],"faces":{"down":{"uv":[11,1.5,16,2],"rotation":90,"texture":"#texture"},"up":{"uv":[11,0.5,16,1],"rotation":90,"texture":"#texture"},"north":{"uv":[11,0.5,11.5,2],"texture":"#texture"},"south":{"uv":[15.5,0.5,16,2],"texture":"#texture"},"west":{"uv":[11,0.5,16,2],"texture":"#texture"},"east":{"uv":[16,0.5,11,2],"texture":"#texture"}}},{"from":[1.5,3.5,1],"to":[14.5,5.5,2],"faces":{"down":{"uv":[11,1,11.5,2],"texture":"#texture"},"up":{"uv":[11,1,11.5,2],"texture":"#texture"},"north":{"uv":[11,1,11.5,2],"texture":"#texture"},"south":{"uv":[11,1,11.5,2],"texture":"#texture"},"west":{"uv":[11,1,11.5,2],"texture":"#texture"},"east":{"uv":[11,1,11.5,2],"texture":"#texture"}}}],"display":{"head":{"rotation":[0,180,0],"translation":[0,0,0],"scale":[1,1,1]},"fixed":{"rotation":[0,180,0],"translation":[0,-0.94,3.02],"scale":[0.5,0.5,0.4]},"gui":{"rotation":[0,0,0],"translation":[0,-1.13,0],"scale":[0.4,0.4,0.4]}}}
