{"__comment":"designed by otium with bdcraft cubik pro 0.95 beta - http://bdcraft.net","textures":{"texture":"items/deagle"},"elements":[{"from":[2,12,4],"to":[14,13.5,6],"faces":{"down":{"uv":[2,2.5,14,2],"texture":"#texture"},"up":{"uv":[2,1,14,1.5],"texture":"#texture"},"north":{"uv":[14,1,2,2.5],"texture":"#texture"},"south":{"uv":[2,1,14,2.5],"texture":"#texture"},"west":{"uv":[2,1,2.5,2.5],"texture":"#texture"},"east":{"uv":[9.5,7,11.5,8.5],"texture":"#texture"}}},{"from":[1.5,11.5,4.25],"to":[13,13.5,5.75],"faces":{"down":{"uv":[1.5,3,13,3.5],"texture":"#texture"},"up":{"uv":[1.5,1.5,13,2],"texture":"#texture"},"north":{"uv":[13,1.5,1.5,3.5],"texture":"#texture"},"south":{"uv":[1.5,1.5,13,3.5],"texture":"#texture"},"west":{"uv":[1.5,1.5,2,3.5],"texture":"#texture"},"east":{"uv":[10,7,11,9],"texture":"#texture"}}},{"from":[12,13.5,4.5],"to":[13,14.5,5.5],"faces":{"down":{"uv":[12.5,0,13.5,0.5],"texture":"#texture"},"up":{"uv":[12.5,0,13.5,0.5],"texture":"#texture"},"north":{"uv":[12.5,0,13.5,0.5],"texture":"#texture"},"south":{"uv":[12.5,0,13.5,0.5],"texture":"#texture"},"west":{"uv":[12.5,0,13.5,0.5],"texture":"#texture"},"east":{"uv":[12.5,0,13.5,0.5],"texture":"#texture"}}},{"from":[2,13.5,4.25],"to":[14,14,5.75],"faces":{"down":{"uv":[2,0.5,14,1],"texture":"#texture"},"up":{"uv":[2,0.5,14,1],"texture":"#texture"},"north":{"uv":[2,0.5,14,1],"texture":"#texture"},"south":{"uv":[2,0.5,14,1],"texture":"#texture"},"west":{"uv":[9.5,6.5,11.5,7],"texture":"#texture"},"east":{"uv":[9.5,6.5,11.5,7],"texture":"#texture"}}},{"from":[1,11.5,4.5],"to":[1.5,12,5.5],"faces":{"down":{"uv":[1,3,1.5,3.5],"texture":"#texture"},"up":{"uv":[1,3,1.5,3.5],"texture":"#texture"},"north":{"uv":[1,3,1.5,3.5],"texture":"#texture"},"south":{"uv":[1,3,1.5,3.5],"texture":"#texture"},"west":{"uv":[1,3,1.5,3.5],"texture":"#texture"},"east":{"uv":[1,3,1.5,3.5],"texture":"#texture"}}},{"from":[1,12.5,4.75],"to":[1.5,13,5.25],"faces":{"down":{"uv":[1,1.5,1.5,2],"texture":"#texture"},"up":{"uv":[1,1.5,1.5,2],"texture":"#texture"},"north":{"uv":[1,1.5,1.5,2],"texture":"#texture"},"south":{"uv":[1,1.5,1.5,2],"texture":"#texture"},"west":{"uv":[1,1.5,1.5,2],"texture":"#texture"},"east":{"uv":[1,1.5,1.5,2],"texture":"#texture"}}},{"from":[11.5,13.5,4],"to":[14,14,4.5],"faces":{"down":{"uv":[13,0.5,14,1],"texture":"#texture"},"up":{"uv":[13,0.5,14,1],"texture":"#texture"},"north":{"uv":[13,0.5,14,1],"texture":"#texture"},"south":{"uv":[13,0.5,14,1],"texture":"#texture"},"west":{"uv":[9.5,6.5,11.5,7],"texture":"#texture"},"east":{"uv":[9.5,6.5,11.5,7],"texture":"#texture"}}},{"from":[11.5,13.5,5.5],"to":[14,14,6],"faces":{"down":{"uv":[13,0.5,14,1],"texture":"#texture"},"up":{"uv":[13,0.5,14,1],"texture":"#texture"},"north":{"uv":[13,0.5,14,1],"texture":"#texture"},"south":{"uv":[13,0.5,14,1],"texture":"#texture"},"west":{"uv":[9.5,6.5,11.5,7],"texture":"#texture"},"east":{"uv":[9.5,6.5,11.5,7],"texture":"#texture"}}},{"from":[3.875,9.25,4.5625],"to":[7.375,9.75,5.4375],"faces":{"down":{"uv":[4,5.5,7.5,6],"texture":"#texture"},"up":{"uv":[4,5.5,7.5,6],"texture":"#texture"},"north":{"uv":[4,5.5,7.5,6],"texture":"#texture"},"south":{"uv":[4,5.5,7.5,6],"texture":"#texture"},"west":{"uv":[4,5.5,5,6],"texture":"#texture"},"east":{"uv":[6.5,5.5,7.5,6],"texture":"#texture"}}},{"from":[7.6875,9.4375,4.5],"to":[8.6875,12.4375,5.5],"rotation":{"origin":[7.6875,12.4375,4.5],"axis":"z","angle":-22.5},"faces":{"down":{"uv":[6.5,5.5,7.5,6],"texture":"#texture"},"up":{"uv":[6.5,4,7.5,4.5],"texture":"#texture"},"north":{"uv":[6.5,4,7.5,6],"texture":"#texture"},"south":{"uv":[6.5,4,7.5,6],"texture":"#texture"},"west":{"uv":[6.5,4,7.5,6],"texture":"#texture"},"east":{"uv":[6.5,4,7.5,6],"texture":"#texture"}}},{"from":[5.125,10.1875,4.75],"to":[5.625,11.6875,5.25],"faces":{"down":{"uv":[4.5,4.5,5,5],"texture":"#texture"},"up":{"uv":[4.5,3.5,5,4],"texture":"#texture"},"north":{"uv":[4.5,3.5,5,5],"texture":"#texture"},"south":{"uv":[4.5,3.5,5,5],"texture":"#texture"},"west":{"uv":[4.5,3.5,5,5],"texture":"#texture"},"east":{"uv":[4.5,3.5,5,5],"texture":"#texture"}}},{"from":[2.875,7.1875,4.5],"to":[5.375,12.6875,5.5],"faces":{"down":{"uv":[2.5,14.5,5,15],"texture":"#texture"},"up":{"uv":[2.5,9.5,5,10],"texture":"#texture"},"north":{"uv":[2.5,9.5,5,15],"texture":"#texture"},"south":{"uv":[2.5,9.5,5,15],"texture":"#texture"},"west":{"uv":[2.5,9.5,3.5,15],"texture":"#texture"},"east":{"uv":[4,9.5,5,15],"texture":"#texture"}}},{"from":[1.875,7.4375,4.5],"to":[3.875,9.9375,5.5],"faces":{"down":{"uv":[2.5,14.5,4.5,15],"texture":"#texture"},"up":{"uv":[2.5,12.5,4.5,13],"texture":"#texture"},"north":{"uv":[2.5,12.5,4.5,15],"texture":"#texture"},"south":{"uv":[2.5,12.5,4.5,15],"texture":"#texture"},"west":{"uv":[2.5,12.5,3.5,15],"texture":"#texture"},"east":{"uv":[4,12.5,5,15],"texture":"#texture"}}},{"from":[-0.0625,7.25,4.25],"to":[3.9375,8.25,5.75],"faces":{"down":{"uv":[0,8.5,4,9],"texture":"#texture"},"up":{"uv":[0,8.5,4,9],"texture":"#texture"},"north":{"uv":[0,8,4,9],"texture":"#texture"},"south":{"uv":[4,8,0,9],"texture":"#texture"},"west":{"uv":[0,8,0.5,9],"texture":"#texture"},"east":{"uv":[3.5,8,4,9],"texture":"#texture"}}}],"display":{"thirdperson_righthand":{"rotation":[0,90,0],"translation":[2.83,-2.65,-2.08],"scale":[1,1,1]},"firstperson_righthand":{"rotation":[6,89,-7],"translation":[0,0.19,2.46],"scale":[0.7,0.8,1]}}}
