{
"__comment": "designed by hypixel with bdcraft cubik pro 0.95 beta - http://bdcraft.net",
"textures": {
    "particle": "items/shieldmaster",
    "texture": "items/shieldmaster",
    "shieldback": "items/shieldbackmaster"
},
"elements": [ 
{
    "from": [ 6.5, 0.5, 1.5 ],
    "to": [ 10, 1, 14 ],
    "faces": {
        "down":  { "uv": [ 6.5, 1.5, 10, 14 ], "texture": "#shieldback" },
        "up":    { "uv": [ 6.5, 1.5, 10, 14 ], "texture": "#texture" },
        "north": { "uv": [ 6.5, 1.5, 10, 2 ], "texture": "#texture" },
        "south": { "uv": [ 6.5, 13.5, 10, 14 ], "texture": "#texture" },
        "west":  { "uv": [ 2, 8.5, 14.5, 9 ], "texture": "#texture" },
        "east":  { "uv": [ 2, 8, 14.5, 8.5 ], "texture": "#texture" }
    }
},
{
    "from": [ 2, 0.5, 6 ],
    "to": [ 14.5, 1, 9.5 ],
    "faces": {
        "down":  { "uv": [ 2, 6, 14.5, 9.5 ], "texture": "#shieldback" },
        "up":    { "uv": [ 2, 6, 14.5, 9.5 ], "texture": "#texture" },
        "north": { "uv": [ 2, 6, 14.5, 6.5 ], "texture": "#texture" },
        "south": { "uv": [ 2, 6, 14.5, 6.5 ], "texture": "#texture" },
        "west":  { "uv": [ 6.5, 13.5, 10, 14 ], "texture": "#texture" },
        "east":  { "uv": [ 6.5, 13.5, 10, 14 ], "texture": "#texture" }
    }
},
{
    "from": [ 5.5, 0.5, 2 ],
    "to": [ 11, 1, 13.5 ],
    "faces": {
        "down":  { "uv": [ 5.5, 2, 11, 13.5 ], "texture": "#shieldback" },
        "up":    { "uv": [ 5.5, 2, 11, 13.5 ], "texture": "#texture" },
        "north": { "uv": [ 5.5, 2, 11, 2.5 ], "texture": "#texture" },
        "south": { "uv": [ 5.5, 2, 11, 2.5 ], "texture": "#texture" },
        "west":  { "uv": [ 2.5, 5.5, 14, 6 ], "texture": "#texture" },
        "east":  { "uv": [ 2.5, 5.5, 14, 6 ], "texture": "#texture" }
    }
},
{
    "from": [ 2.5, 0.5, 5 ],
    "to": [ 14, 1, 10.5 ],
    "faces": {
        "down":  { "uv": [ 2.5, 5, 14, 10.5 ], "texture": "#shieldback" },
        "up":    { "uv": [ 2.5, 5, 14, 10.5 ], "texture": "#texture" },
        "north": { "uv": [ 2.5, 5, 14, 5.5 ], "texture": "#texture" },
        "south": { "uv": [ 2.5, 10, 14, 10.5 ], "texture": "#texture" },
        "west":  { "uv": [ 5.5, 13, 11, 13.5 ], "texture": "#texture" },
        "east":  { "uv": [ 5.5, 13, 11, 13.5 ], "texture": "#texture" }
    }
},
{
    "from": [ 4.5, 0.5, 2.5 ],
    "to": [ 12, 1, 13 ],
    "faces": {
        "down":  { "uv": [ 4.5, 2.5, 12, 13 ], "texture": "#shieldback" },
        "up":    { "uv": [ 4.5, 2.5, 12, 13 ], "texture": "#texture" },
        "north": { "uv": [ 4.5, 12.5, 12, 13 ], "texture": "#texture" },
        "south": { "uv": [ 4.5, 12.5, 12, 13 ], "texture": "#texture" },
        "west":  { "uv": [ 3, 11, 13.5, 11.5 ], "texture": "#texture" },
        "east":  { "uv": [ 3, 11, 13.5, 11.5 ], "texture": "#texture" }
    }
},
{
    "from": [ 3, 0.5, 4 ],
    "to": [ 13.5, 1, 11.5 ],
    "faces": {
        "down":  { "uv": [ 3, 4, 13.5, 11.5 ], "texture": "#shieldback" },
        "up":    { "uv": [ 3, 4, 13.5, 11.5 ], "texture": "#texture" },
        "north": { "uv": [ 3, 4, 13.5, 4.5 ], "texture": "#texture" },
        "south": { "uv": [ 3, 11, 13.5, 11.5 ], "texture": "#texture" },
        "west":  { "uv": [ 4.5, 2.5, 12, 3 ], "texture": "#texture" },
        "east":  { "uv": [ 4.5, 12.5, 12, 13 ], "texture": "#texture" }
    }
},
{
    "from": [ 3.5, 0.5, 3.5 ],
    "to": [ 13, 1, 12 ],
    "faces": {
        "down":  { "uv": [ 3.5, 3.5, 13, 12 ], "texture": "#shieldback" },
        "up":    { "uv": [ 3.5, 3.5, 13, 12 ], "texture": "#texture" },
        "north": { "uv": [ 3.5, 3.5, 13, 4 ], "texture": "#texture" },
        "south": { "uv": [ 3.5, 11.5, 13, 12 ], "texture": "#texture" },
        "west":  { "uv": [ 4, 3, 12.5, 3.5 ], "texture": "#texture" },
        "east":  { "uv": [ 4, 12, 12.5, 12.5 ], "texture": "#texture" }
    }
},
{
    "from": [ 4, 0.5, 3 ],
    "to": [ 12.5, 1, 12.5 ],
    "faces": {
        "down":  { "uv": [ 4, 3, 12.5, 12.5 ], "texture": "#shieldback" },
        "up":    { "uv": [ 4, 3, 12.5, 12.5 ], "texture": "#texture" },
        "north": { "uv": [ 4, 3, 12.5, 3.5 ], "texture": "#texture" },
        "south": { "uv": [ 4, 12, 12.5, 12.5 ], "texture": "#texture" },
        "west":  { "uv": [ 3.5, 3.5, 13, 4 ], "texture": "#texture" },
        "east":  { "uv": [ 3.5, 11.5, 13, 12 ], "texture": "#texture" }
    }
},
{
    "from": [ 7, 1, 3 ],
    "to": [ 9.5, 1.5, 12.5 ],
    "faces": {
        "up":    { "uv": [ 7, 3, 9.5, 12.5 ], "texture": "#texture" },
        "north": { "uv": [ 7, 3, 9.5, 3.5 ], "texture": "#texture" },
        "south": { "uv": [ 7, 3, 9.5, 3.5 ], "texture": "#texture" },
        "west":  { "uv": [ 3.5, 8.5, 13, 9 ], "texture": "#texture" },
        "east":  { "uv": [ 3.5, 8.5, 13, 9 ], "texture": "#texture" }
    }
},
{
    "from": [ 5.5, 1, 3.5 ],
    "to": [ 11, 1.5, 12 ],
    "faces": {
        "up":    { "uv": [ 5.5, 3.5, 11, 12 ], "texture": "#texture" },
        "north": { "uv": [ 5.5, 3.5, 11, 4 ], "texture": "#texture" },
        "south": { "uv": [ 5.5, 11.5, 11, 12 ], "texture": "#texture" },
        "west":  { "uv": [ 4, 8.5, 12.5, 9 ], "texture": "#texture" },
        "east":  { "uv": [ 4, 8.5, 12.5, 9 ], "texture": "#texture" }
    }
},
{
    "from": [ 5, 1, 4 ],
    "to": [ 11.5, 1.5, 11.5 ],
    "faces": {
        "up":    { "uv": [ 5, 4, 11.5, 11.5 ], "texture": "#texture" },
        "north": { "uv": [ 5, 4, 11.5, 4.5 ], "texture": "#texture" },
        "south": { "uv": [ 5, 11, 11.5, 11.5 ], "texture": "#texture" },
        "west":  { "uv": [ 4.5, 4.5, 12, 5 ], "texture": "#texture" },
        "east":  { "uv": [ 4.5, 10.5, 12, 11 ], "texture": "#texture" }
    }
},
{
    "from": [ 4.5, 1, 4.5 ],
    "to": [ 12, 1.5, 11 ],
    "faces": {
        "up":    { "uv": [ 4.5, 4.5, 12, 11 ], "texture": "#texture" },
        "north": { "uv": [ 4.5, 4.5, 12, 5 ], "texture": "#texture" },
        "south": { "uv": [ 4.5, 10.5, 12, 11 ], "texture": "#texture" },
        "west":  { "uv": [ 5, 11, 11.5, 11.5 ], "texture": "#texture" },
        "east":  { "uv": [ 5, 4, 11.5, 4.5 ], "texture": "#texture" }
    }
},
{
    "from": [ 4, 1, 5 ],
    "to": [ 12.5, 1.5, 10.5 ],
    "faces": {
        "up":    { "uv": [ 4, 5, 12.5, 10.5 ], "texture": "#texture" },
        "north": { "uv": [ 4, 5, 12.5, 5.5 ], "texture": "#texture" },
        "south": { "uv": [ 4, 10, 12.5, 10.5 ], "texture": "#texture" },
        "west":  { "uv": [ 5.5, 3.5, 11, 4 ], "texture": "#texture" },
        "east":  { "uv": [ 5.5, 11.5, 11, 12 ], "texture": "#texture" }
    }
},
{
    "from": [ 3.5, 1, 6.5 ],
    "to": [ 13, 1.5, 9 ],
    "faces": {
        "up":    { "uv": [ 3.5, 6.5, 13, 9 ], "texture": "#texture" },
        "north": { "uv": [ 3.5, 6.5, 13, 7 ], "texture": "#texture" },
        "south": { "uv": [ 3.5, 8.5, 13, 9 ], "texture": "#texture" },
        "west":  { "uv": [ 7, 3, 9.5, 3.5 ], "texture": "#texture" },
        "east":  { "uv": [ 7, 12, 9.5, 12.5 ], "texture": "#texture" }
    }
},
{
    "from": [ 7, 1.5, 4.5 ],
    "to": [ 9.5, 2, 11 ],
    "faces": {
        "up":    { "uv": [ 7, 4.5, 9.5, 11 ], "texture": "#texture" },
        "north": { "uv": [ 7, 4.5, 9.5, 5 ], "texture": "#texture" },
        "south": { "uv": [ 7, 10.5, 9.5, 11 ], "texture": "#texture" },
        "west":  { "uv": [ 5, 6.5, 11.5, 7 ], "texture": "#texture" },
        "east":  { "uv": [ 5, 8.5, 11.5, 9 ], "texture": "#texture" }
    }
},
{
    "from": [ 6, 1.5, 5 ],
    "to": [ 10.5, 2, 10.5 ],
    "faces": {
        "up":    { "uv": [ 6, 5, 10.5, 10.5 ], "texture": "#texture" },
        "north": { "uv": [ 6, 5, 10.5, 5.5 ], "texture": "#texture" },
        "south": { "uv": [ 6, 10, 10.5, 10.5 ], "texture": "#texture" },
        "west":  { "uv": [ 5.5, 5.5, 11, 6 ], "texture": "#texture" },
        "east":  { "uv": [ 5.5, 9.5, 11, 10 ], "texture": "#texture" }
    }
},
{
    "from": [ 5.5, 1.5, 5.5 ],
    "to": [ 11, 2, 10 ],
    "faces": {
        "up":    { "uv": [ 5.5, 5.5, 11, 10 ], "texture": "#texture" },
        "north": { "uv": [ 5.5, 5.5, 11, 6 ], "texture": "#texture" },
        "south": { "uv": [ 5.5, 9.5, 11, 10 ], "texture": "#texture" },
        "west":  { "uv": [ 6, 5, 10.5, 5.5 ], "texture": "#texture" },
        "east":  { "uv": [ 6, 10, 10.5, 10.5 ], "texture": "#texture" }
    }
},
{
    "from": [ 5, 1.5, 6.5 ],
    "to": [ 11.5, 2, 9 ],
    "faces": {
        "up":    { "uv": [ 5, 6.5, 11.5, 9 ], "texture": "#texture" },
        "north": { "uv": [ 5, 6.5, 11.5, 7 ], "texture": "#texture" },
        "south": { "uv": [ 5, 8.5, 11.5, 9 ], "texture": "#texture" },
        "west":  { "uv": [ 7, 4.5, 9.5, 5 ], "texture": "#texture" },
        "east":  { "uv": [ 7, 10.5, 9.5, 11 ], "texture": "#texture" }
    }
},
{
    "from": [ 5.5, 0, 9.5 ],
    "to": [ 11, 0.5, 11 ],
    "faces": {
        "down":  { "uv": [ 11, 16, 5.5, 14.5 ], "texture": "#shieldback", "cullface": "down" },
        "north": { "uv": [ 5.5, 14.5, 11, 15 ], "texture": "#texture" },
        "south": { "uv": [ 5.5, 15.5, 11, 16 ], "texture": "#texture" },
        "west":  { "uv": [ 5.5, 14.5, 6, 16 ], "rotation": 90, "texture": "#texture" },
        "east":  { "uv": [ 5.5, 14.5, 6, 16 ], "rotation": 90, "texture": "#texture" }
    }
},
{
    "from": [ 5.5, 0, 4.5 ],
    "to": [ 11, 0.5, 6 ],
    "faces": {
        "down":  { "uv": [ 11, 16, 5.5, 14.5 ], "texture": "#shieldback", "cullface": "down" },
        "north": { "uv": [ 5.5, 14.5, 11, 15 ], "texture": "#texture" },
        "south": { "uv": [ 5.5, 15.5, 11, 16 ], "texture": "#texture" },
        "west":  { "uv": [ 5.5, 14.5, 6, 16 ], "rotation": 90, "texture": "#texture" },
        "east":  { "uv": [ 5.5, 14.5, 6, 16 ], "rotation": 90, "texture": "#texture" }
    }
}
],
"display": {
    "thirdperson_righthand": {
        "rotation": [ -16, 167, 38 ],
        "translation": [ 7.75, 8.69, -1.89 ],
        "scale": [ 1.35, 1.35, 1.35 ]
    },
    "head": {
        "rotation": [ 0, 0, 0 ],
        "translation": [ 0, 21, 0 ],
        "scale": [ 3, 3, 3 ]
    },
    "firstperson_righthand": {
        "rotation": [ -86, 9, -54 ],
        "translation": [ 12.47, -4.72, -8.13 ],
        "scale": [ 1.6, 1.6, 1.6 ]
    },
    "gui": {
        "rotation": [ 90, 0, 0 ],
        "translation": [ 0, -0.38, 0 ],
        "scale": [ 1, 1, 1 ]
    }
}
}
