{"__comment":"designed by hypixel minecraft server with bdcraft cubik pro 0.95 beta - http://bdcraft.net","textures":{"texture":"blocks/flower_oxeye_daisy"},"elements":[{"from":[0,0,8],"to":[16,16,8.0625],"faces":{"north":{"uv":[0,0,16,16],"texture":"#texture"},"south":{"uv":[0,0,16,16],"texture":"#texture"}}},{"from":[8,0,0],"to":[8.0625,16,16],"faces":{"west":{"uv":[0,0,16,16],"texture":"#texture"},"east":{"uv":[0,0,16,16],"texture":"#texture"}}}],"display":{"head":{"rotation":[0,0,0],"translation":[0,3.02,0],"scale":[2.5,2.5,2.5]},"gui":{"rotation":[0,0,0],"translation":[0,0,0],"scale":[1,1,1]}}}
