{"__comment":"designed by hypixel minecraft server with bdcraft cubik pro 0.90 beta - http://bdcraft.net","textures":{"blade":"items/blade_red","texture":"items/sabrehilt"},"elements":[{"__comment":"blade 1","from":[7.75,-11.5,7.75],"to":[8.25,0,8.25],"faces":{"down":{"uv":[0,6.75,0.5,7.25],"texture":"#blade"},"up":{"uv":[0,6.75,0.5,7.25],"texture":"#blade"},"north":{"uv":[0,3.75,0.5,16],"rotation":180,"texture":"#blade"},"south":{"uv":[0,3.75,0.5,16],"rotation":180,"texture":"#blade"},"west":{"uv":[0,3.75,0.5,16],"rotation":180,"texture":"#blade"},"east":{"uv":[0,3.75,0.5,16],"texture":"#blade"}}},{"__comment":"blade 1","from":[8.25,-11.5,7.75],"to":[8.5,0,8.25],"faces":{"down":{"uv":[2.25,3.75,2.75,4.25],"texture":"#blade"},"up":{"uv":[2.25,3.75,2.75,4.25],"texture":"#blade"},"north":{"uv":[2.25,3.75,2.5,16],"rotation":180,"texture":"#blade"},"south":{"uv":[2.25,3.75,2.5,16],"rotation":180,"texture":"#blade"},"west":{"uv":[2.25,3.75,2.5,16],"rotation":180,"texture":"#blade"},"east":{"uv":[2.25,3.75,2.5,16],"texture":"#blade"}}},{"__comment":"blade 1","from":[7.75,-11.5,8.25],"to":[8.25,0,8.5],"faces":{"down":{"uv":[2.25,3.75,2.75,4.25],"texture":"#blade"},"up":{"uv":[2.25,3.75,2.75,4.25],"texture":"#blade"},"north":{"uv":[2.25,3.75,2.5,16],"rotation":180,"texture":"#blade"},"south":{"uv":[2.25,3.75,2.5,16],"rotation":180,"texture":"#blade"},"west":{"uv":[2.25,3.75,2.5,16],"rotation":180,"texture":"#blade"},"east":{"uv":[2.25,3.75,2.5,16],"texture":"#blade"}}},{"__comment":"blade 1","from":[7.75,-11.5,7.5],"to":[8.25,0,7.75],"faces":{"down":{"uv":[2.25,3.75,2.75,4.25],"texture":"#blade"},"up":{"uv":[2.25,3.75,2.75,4.25],"texture":"#blade"},"north":{"uv":[2.25,3.75,2.5,16],"rotation":180,"texture":"#blade"},"south":{"uv":[2.25,3.75,2.5,16],"rotation":180,"texture":"#blade"},"west":{"uv":[2.25,3.75,2.5,16],"rotation":180,"texture":"#blade"},"east":{"uv":[2.25,3.75,2.5,16],"texture":"#blade"}}},{"__comment":"blade 1","from":[7.5,-11.5,7.75],"to":[7.75,0,8.25],"faces":{"down":{"uv":[2.25,3.75,2.75,4.25],"texture":"#blade"},"up":{"uv":[2.25,3.75,2.75,4.25],"texture":"#blade"},"north":{"uv":[2.25,3.75,2.5,16],"rotation":180,"texture":"#blade"},"south":{"uv":[2.25,3.75,2.5,16],"rotation":180,"texture":"#blade"},"west":{"uv":[2.25,3.75,2.5,16],"rotation":180,"texture":"#blade"},"east":{"uv":[2.25,3.75,2.5,16],"texture":"#blade"}}},{"__comment":"blade 1","from":[7.5,-11.5,8.25],"to":[7.75,0,8.5],"faces":{"down":{"uv":[6.5,3.75,7,4.25],"texture":"#blade"},"up":{"uv":[6.5,3.75,7,4.25],"texture":"#blade"},"north":{"uv":[6.75,3.75,7,16],"rotation":180,"texture":"#blade"},"south":{"uv":[10.5,3.75,10.75,16],"rotation":180,"texture":"#blade"},"west":{"uv":[11.25,3.75,11.5,16],"rotation":180,"texture":"#blade"},"east":{"uv":[9,3.75,9.25,16],"texture":"#blade"}}},{"__comment":"blade 1","from":[8.25,-11.5,8.25],"to":[8.5,0,8.5],"faces":{"down":{"uv":[6.5,3.75,7,4.25],"texture":"#blade"},"up":{"uv":[6.5,3.75,7,4.25],"texture":"#blade"},"north":{"uv":[7.5,3.75,7.75,16],"rotation":180,"texture":"#blade"},"south":{"uv":[9.75,3.75,10,16],"rotation":180,"texture":"#blade"},"west":{"uv":[11.25,3.75,11.5,16],"rotation":180,"texture":"#blade"},"east":{"uv":[9,3.75,9.25,16],"texture":"#blade"}}},{"__comment":"blade 1","from":[8.25,-11.5,7.5],"to":[8.5,0,7.75],"faces":{"down":{"uv":[6.5,3.75,7,4.25],"texture":"#blade"},"up":{"uv":[6.5,3.75,7,4.25],"texture":"#blade"},"north":{"uv":[7.5,3.75,7.75,16],"rotation":180,"texture":"#blade"},"south":{"uv":[9.75,3.75,10,16],"rotation":180,"texture":"#blade"},"west":{"uv":[12,3.75,12.25,16],"rotation":180,"texture":"#blade"},"east":{"uv":[8.25,3.75,8.5,16],"texture":"#blade"}}},{"__comment":"blade 1","from":[7.5,-11.5,7.5],"to":[7.75,0,7.75],"faces":{"down":{"uv":[6.5,3.75,7,4.25],"texture":"#blade"},"up":{"uv":[6.5,3.75,7,4.25],"texture":"#blade"},"north":{"uv":[6.75,3.75,7,16],"rotation":180,"texture":"#blade"},"south":{"uv":[10.5,3.75,10.75,16],"rotation":180,"texture":"#blade"},"west":{"uv":[12,3.75,12.25,16],"rotation":180,"texture":"#blade"},"east":{"uv":[8.25,3.75,8.5,16],"texture":"#blade"}}},{"__comment":"blade 1","from":[7.75,-11.5,7.375],"to":[8.25,0,7.5],"faces":{"down":{"uv":[6.5,3.75,7,4.25],"texture":"#blade"},"up":{"uv":[6.5,3.75,7,4.25],"texture":"#blade"},"north":{"uv":[7,3.75,7.5,16],"rotation":180,"texture":"#blade"},"south":{"uv":[10,3.75,10.5,16],"rotation":180,"texture":"#blade"},"west":{"uv":[12.25,3.75,12.5,16],"rotation":180,"texture":"#blade"},"east":{"uv":[8,3.75,8.25,16],"texture":"#blade"}}},{"__comment":"blade 1","from":[7.75,-11.5,8.5],"to":[8.25,0,8.625],"faces":{"down":{"uv":[6.5,3.75,7,4.25],"texture":"#blade"},"up":{"uv":[6.5,3.75,7,4.25],"texture":"#blade"},"north":{"uv":[7,3.75,7.5,16],"rotation":180,"texture":"#blade"},"south":{"uv":[10,3.75,10.5,16],"rotation":180,"texture":"#blade"},"west":{"uv":[11,3.75,11.25,16],"rotation":180,"texture":"#blade"},"east":{"uv":[9.25,3.75,9.5,16],"texture":"#blade"}}},{"__comment":"blade 1","from":[7.375,-11.5,7.75],"to":[7.5,0,8.25],"faces":{"down":{"uv":[6.5,3.75,7,4.25],"texture":"#blade"},"up":{"uv":[6.5,3.75,7,4.25],"texture":"#blade"},"north":{"uv":[6.5,3.75,6.75,16],"rotation":180,"texture":"#blade"},"south":{"uv":[10.75,3.75,11,16],"rotation":180,"texture":"#blade"},"west":{"uv":[11.5,3.75,12,16],"rotation":180,"texture":"#blade"},"east":{"uv":[8.5,3.75,9,16],"texture":"#blade"}}},{"__comment":"blade 1","from":[8.5,-11.5,7.75],"to":[8.625,0,8.25],"faces":{"down":{"uv":[6.5,3.75,7,4.25],"texture":"#blade"},"up":{"uv":[6.5,3.75,7,4.25],"texture":"#blade"},"north":{"uv":[7.75,3.75,8,16],"rotation":180,"texture":"#blade"},"south":{"uv":[9.5,3.75,9.75,16],"rotation":180,"texture":"#blade"},"west":{"uv":[11.5,3.75,12,16],"rotation":180,"texture":"#blade"},"east":{"uv":[8.5,3.75,9,16],"texture":"#blade"}}},{"__comment":"blade 1","from":[7.5,-11.5,7.75],"to":[7.75,0,8.25],"faces":{"down":{"uv":[2.25,3.75,2.75,4.25],"texture":"#blade"},"up":{"uv":[2.25,3.75,2.75,4.25],"texture":"#blade"},"north":{"uv":[2.25,3.75,2.5,16],"rotation":180,"texture":"#blade"},"south":{"uv":[2.25,3.75,2.5,16],"rotation":180,"texture":"#blade"},"west":{"uv":[2.25,3.75,2.5,16],"rotation":180,"texture":"#blade"},"east":{"uv":[2.25,3.75,2.5,16],"texture":"#blade"}}},{"__comment":"blade 1","from":[7.75,-11.5,8.25],"to":[8.25,0,8.5],"faces":{"down":{"uv":[2.25,3.75,2.75,4.25],"texture":"#blade"},"up":{"uv":[2.25,3.75,2.75,4.25],"texture":"#blade"},"north":{"uv":[2.25,3.75,2.5,16],"rotation":180,"texture":"#blade"},"south":{"uv":[2.25,3.75,2.5,16],"rotation":180,"texture":"#blade"},"west":{"uv":[2.25,3.75,2.5,16],"rotation":180,"texture":"#blade"},"east":{"uv":[2.25,3.75,2.5,16],"texture":"#blade"}}},{"__comment":"blade 1","from":[8.25,-11.5,7.75],"to":[8.5,0,8.25],"faces":{"down":{"uv":[2.25,3.75,2.75,4.25],"texture":"#blade"},"up":{"uv":[2.25,3.75,2.75,4.25],"texture":"#blade"},"north":{"uv":[2.25,3.75,2.5,16],"rotation":180,"texture":"#blade"},"south":{"uv":[2.25,3.75,2.5,16],"rotation":180,"texture":"#blade"},"west":{"uv":[2.25,3.75,2.5,16],"rotation":180,"texture":"#blade"},"east":{"uv":[2.25,3.75,2.5,16],"texture":"#blade"}}},{"__comment":"blade 1","from":[7.75,-11.5,7.5],"to":[8.25,0,7.75],"faces":{"down":{"uv":[2.25,3.75,2.75,4.25],"texture":"#blade"},"up":{"uv":[2.25,3.75,2.75,4.25],"texture":"#blade"},"north":{"uv":[2.25,3.75,2.5,16],"rotation":180,"texture":"#blade"},"south":{"uv":[2.25,3.75,2.5,16],"rotation":180,"texture":"#blade"},"west":{"uv":[2.25,3.75,2.5,16],"rotation":180,"texture":"#blade"},"east":{"uv":[2.25,3.75,2.5,16],"texture":"#blade"}}},{"__comment":"blade 1","from":[7.75,-11.5,7.75],"to":[8.25,0,8.25],"faces":{"down":{"uv":[0,6.75,0.5,7.25],"texture":"#blade"},"up":{"uv":[0,6.75,0.5,7.25],"texture":"#blade"},"north":{"uv":[0,3.75,0.5,16],"rotation":180,"texture":"#blade"},"south":{"uv":[0,3.75,0.5,16],"rotation":180,"texture":"#blade"},"west":{"uv":[0,3.75,0.5,16],"rotation":180,"texture":"#blade"},"east":{"uv":[0,3.75,0.5,16],"texture":"#blade"}}},{"__comment":"blade 1","from":[7.5,-11.75,7.75],"to":[7.75,-11.5,8.25],"faces":{"down":{"uv":[6.5,3.75,7,4.25],"texture":"#blade"},"up":{"uv":[6.5,3.75,7,4.25],"texture":"#blade"},"north":{"uv":[6.75,3.75,7,4],"rotation":180,"texture":"#blade"},"south":{"uv":[10.5,3.75,10.75,4],"rotation":180,"texture":"#blade"},"west":{"uv":[11.25,3.75,11.5,4],"rotation":180,"texture":"#blade"},"east":{"uv":[9,3.75,9.25,4],"texture":"#blade"}}},{"__comment":"blade 1","from":[7.75,-11.75,8.25],"to":[8.25,-11.5,8.5],"faces":{"down":{"uv":[6.5,3.75,7,4.25],"texture":"#blade"},"up":{"uv":[6.5,3.75,7,4.25],"texture":"#blade"},"north":{"uv":[6.75,3.75,7,4],"rotation":180,"texture":"#blade"},"south":{"uv":[10.5,3.75,10.75,4],"rotation":180,"texture":"#blade"},"west":{"uv":[11.25,3.75,11.5,4],"rotation":180,"texture":"#blade"},"east":{"uv":[9,3.75,9.25,4],"texture":"#blade"}}},{"__comment":"blade 1","from":[8.25,-11.75,7.75],"to":[8.5,-11.5,8.25],"faces":{"down":{"uv":[6.5,3.75,7,4.25],"texture":"#blade"},"up":{"uv":[6.5,3.75,7,4.25],"texture":"#blade"},"north":{"uv":[6.75,3.75,7,4],"rotation":180,"texture":"#blade"},"south":{"uv":[10.5,3.75,10.75,4],"rotation":180,"texture":"#blade"},"west":{"uv":[11.25,3.75,11.5,4],"rotation":180,"texture":"#blade"},"east":{"uv":[9,3.75,9.25,4],"texture":"#blade"}}},{"__comment":"blade 1","from":[7.75,-11.75,7.5],"to":[8.25,-11.5,7.75],"faces":{"down":{"uv":[6.5,3.75,7,4.25],"texture":"#blade"},"up":{"uv":[6.5,3.75,7,4.25],"texture":"#blade"},"north":{"uv":[6.75,3.75,7,4],"rotation":180,"texture":"#blade"},"south":{"uv":[10.5,3.75,10.75,4],"rotation":180,"texture":"#blade"},"west":{"uv":[11.25,3.75,11.5,4],"rotation":180,"texture":"#blade"},"east":{"uv":[9,3.75,9.25,4],"texture":"#blade"}}},{"__comment":"blade 1","from":[7.75,-12,7.75],"to":[8.25,-11.5,8.25],"faces":{"down":{"uv":[6.5,3.75,7,4.25],"texture":"#blade"},"up":{"uv":[6.5,3.75,7,4.25],"texture":"#blade"},"north":{"uv":[6.75,3.75,7,4],"rotation":180,"texture":"#blade"},"south":{"uv":[10.5,3.75,10.75,4],"rotation":180,"texture":"#blade"},"west":{"uv":[11.25,3.75,11.5,4],"rotation":180,"texture":"#blade"},"east":{"uv":[9,3.75,9.25,4],"texture":"#blade"}}},{"__comment":"blade 1","from":[7.75,8,7.75],"to":[8.25,19.5,8.25],"faces":{"down":{"uv":[0,6.75,0.5,7.25],"texture":"#blade"},"up":{"uv":[0,6.75,0.5,7.25],"texture":"#blade"},"north":{"uv":[0,3.75,0.5,16],"texture":"#blade"},"south":{"uv":[0,3.75,0.5,16],"texture":"#blade"},"west":{"uv":[0,3.75,0.5,16],"texture":"#blade"},"east":{"uv":[0,3.75,0.5,16],"texture":"#blade"}}},{"__comment":"blade 1","from":[8.25,8,7.75],"to":[8.5,19.5,8.25],"faces":{"down":{"uv":[2.25,3.75,2.75,4.25],"texture":"#blade"},"up":{"uv":[2.25,3.75,2.75,4.25],"texture":"#blade"},"north":{"uv":[2.25,3.75,2.5,16],"texture":"#blade"},"south":{"uv":[2.25,3.75,2.5,16],"texture":"#blade"},"west":{"uv":[2.25,3.75,2.5,16],"texture":"#blade"},"east":{"uv":[2.25,3.75,2.5,16],"texture":"#blade"}}},{"__comment":"blade 1","from":[7.75,8,7.5],"to":[8.25,19.5,7.75],"faces":{"down":{"uv":[2.25,3.75,2.75,4.25],"texture":"#blade"},"up":{"uv":[2.25,3.75,2.75,4.25],"texture":"#blade"},"north":{"uv":[2.25,3.75,2.5,16],"texture":"#blade"},"south":{"uv":[2.25,3.75,2.5,16],"texture":"#blade"},"west":{"uv":[2.25,3.75,2.5,16],"texture":"#blade"},"east":{"uv":[2.25,3.75,2.5,16],"texture":"#blade"}}},{"__comment":"blade 1","from":[7.75,8,8.25],"to":[8.25,19.5,8.5],"faces":{"down":{"uv":[2.25,3.75,2.75,4.25],"texture":"#blade"},"up":{"uv":[2.25,3.75,2.75,4.25],"texture":"#blade"},"north":{"uv":[2.25,3.75,2.5,16],"texture":"#blade"},"south":{"uv":[2.25,3.75,2.5,16],"texture":"#blade"},"west":{"uv":[2.25,3.75,2.5,16],"texture":"#blade"},"east":{"uv":[2.25,3.75,2.5,16],"texture":"#blade"}}},{"__comment":"blade 1","from":[7.5,8,7.75],"to":[7.75,19.5,8.25],"faces":{"down":{"uv":[2.25,3.75,2.75,4.25],"texture":"#blade"},"up":{"uv":[2.25,3.75,2.75,4.25],"texture":"#blade"},"north":{"uv":[2.25,3.75,2.5,16],"texture":"#blade"},"south":{"uv":[2.25,3.75,2.5,16],"texture":"#blade"},"west":{"uv":[2.25,3.75,2.5,16],"texture":"#blade"},"east":{"uv":[2.25,3.75,2.5,16],"texture":"#blade"}}},{"__comment":"blade 1","from":[7.5,8,7.5],"to":[7.75,19.5,7.75],"faces":{"down":{"uv":[6.5,3.75,7,4.25],"texture":"#blade"},"up":{"uv":[6.5,3.75,7,4.25],"texture":"#blade"},"north":{"uv":[10.5,3.75,10.75,16],"texture":"#blade"},"south":{"uv":[6.75,3.75,7,16],"texture":"#blade"},"west":{"uv":[11.25,3.75,11.5,16],"texture":"#blade"},"east":{"uv":[9,3.75,9.25,16],"texture":"#blade"}}},{"__comment":"blade 1","from":[8.25,8,7.5],"to":[8.5,19.5,7.75],"faces":{"down":{"uv":[6.5,3.75,7,4.25],"texture":"#blade"},"up":{"uv":[6.5,3.75,7,4.25],"texture":"#blade"},"north":{"uv":[9.75,3.75,10,16],"texture":"#blade"},"south":{"uv":[7.5,3.75,7.75,16],"texture":"#blade"},"west":{"uv":[11.25,3.75,11.5,16],"texture":"#blade"},"east":{"uv":[9,3.75,9.25,16],"texture":"#blade"}}},{"__comment":"blade 1","from":[8.25,8,8.25],"to":[8.5,19.5,8.5],"faces":{"down":{"uv":[6.5,3.75,7,4.25],"texture":"#blade"},"up":{"uv":[6.5,3.75,7,4.25],"texture":"#blade"},"north":{"uv":[9.75,3.75,10,16],"texture":"#blade"},"south":{"uv":[7.5,3.75,7.75,16],"texture":"#blade"},"west":{"uv":[12,3.75,12.25,16],"texture":"#blade"},"east":{"uv":[8.25,3.75,8.5,16],"texture":"#blade"}}},{"__comment":"blade 1","from":[7.5,8,8.25],"to":[7.75,19.5,8.5],"faces":{"down":{"uv":[6.5,3.75,7,4.25],"texture":"#blade"},"up":{"uv":[6.5,3.75,7,4.25],"texture":"#blade"},"north":{"uv":[10.5,3.75,10.75,16],"texture":"#blade"},"south":{"uv":[6.75,3.75,7,16],"texture":"#blade"},"west":{"uv":[12,3.75,12.25,16],"texture":"#blade"},"east":{"uv":[8.25,3.75,8.5,16],"texture":"#blade"}}},{"__comment":"blade 1","from":[7.75,8,8.5],"to":[8.25,19.5,8.625],"faces":{"down":{"uv":[6.5,3.75,7,4.25],"texture":"#blade"},"up":{"uv":[6.5,3.75,7,4.25],"texture":"#blade"},"north":{"uv":[10,3.75,10.5,16],"texture":"#blade"},"south":{"uv":[7,3.75,7.5,16],"texture":"#blade"},"west":{"uv":[12.25,3.75,12.5,16],"texture":"#blade"},"east":{"uv":[8,3.75,8.25,16],"texture":"#blade"}}},{"__comment":"blade 1","from":[7.75,8,7.375],"to":[8.25,19.5,7.5],"faces":{"down":{"uv":[6.5,3.75,7,4.25],"texture":"#blade"},"up":{"uv":[6.5,3.75,7,4.25],"texture":"#blade"},"north":{"uv":[10,3.75,10.5,16],"texture":"#blade"},"south":{"uv":[7,3.75,7.5,16],"texture":"#blade"},"west":{"uv":[11,3.75,11.25,16],"texture":"#blade"},"east":{"uv":[9.25,3.75,9.5,16],"texture":"#blade"}}},{"__comment":"blade 1","from":[7.375,8,7.75],"to":[7.5,19.5,8.25],"faces":{"down":{"uv":[6.5,3.75,7,4.25],"texture":"#blade"},"up":{"uv":[6.5,3.75,7,4.25],"texture":"#blade"},"north":{"uv":[10.75,3.75,11,16],"texture":"#blade"},"south":{"uv":[6.5,3.75,6.75,16],"texture":"#blade"},"west":{"uv":[11.5,3.75,12,16],"texture":"#blade"},"east":{"uv":[8.5,3.75,9,16],"texture":"#blade"}}},{"__comment":"blade 1","from":[8.5,8,7.75],"to":[8.625,19.5,8.25],"faces":{"down":{"uv":[6.5,3.75,7,4.25],"texture":"#blade"},"up":{"uv":[6.5,3.75,7,4.25],"texture":"#blade"},"north":{"uv":[9.5,3.75,9.75,16],"texture":"#blade"},"south":{"uv":[7.75,3.75,8,16],"texture":"#blade"},"west":{"uv":[11.5,3.75,12,16],"texture":"#blade"},"east":{"uv":[8.5,3.75,9,16],"texture":"#blade"}}},{"__comment":"blade 1","from":[7.5,8,7.75],"to":[7.75,19.5,8.25],"faces":{"down":{"uv":[2.25,3.75,2.75,4.25],"texture":"#blade"},"up":{"uv":[2.25,3.75,2.75,4.25],"texture":"#blade"},"north":{"uv":[2.25,3.75,2.5,16],"texture":"#blade"},"south":{"uv":[2.25,3.75,2.5,16],"texture":"#blade"},"west":{"uv":[2.25,3.75,2.5,16],"texture":"#blade"},"east":{"uv":[2.25,3.75,2.5,16],"texture":"#blade"}}},{"__comment":"blade 1","from":[7.75,8,7.5],"to":[8.25,19.5,7.75],"faces":{"down":{"uv":[2.25,3.75,2.75,4.25],"texture":"#blade"},"up":{"uv":[2.25,3.75,2.75,4.25],"texture":"#blade"},"north":{"uv":[2.25,3.75,2.5,16],"texture":"#blade"},"south":{"uv":[2.25,3.75,2.5,16],"texture":"#blade"},"west":{"uv":[2.25,3.75,2.5,16],"texture":"#blade"},"east":{"uv":[2.25,3.75,2.5,16],"texture":"#blade"}}},{"__comment":"blade 1","from":[8.25,8,7.75],"to":[8.5,19.5,8.25],"faces":{"down":{"uv":[2.25,3.75,2.75,4.25],"texture":"#blade"},"up":{"uv":[2.25,3.75,2.75,4.25],"texture":"#blade"},"north":{"uv":[2.25,3.75,2.5,16],"texture":"#blade"},"south":{"uv":[2.25,3.75,2.5,16],"texture":"#blade"},"west":{"uv":[2.25,3.75,2.5,16],"texture":"#blade"},"east":{"uv":[2.25,3.75,2.5,16],"texture":"#blade"}}},{"__comment":"blade 1","from":[7.75,8,8.25],"to":[8.25,19.5,8.5],"faces":{"down":{"uv":[2.25,3.75,2.75,4.25],"texture":"#blade"},"up":{"uv":[2.25,3.75,2.75,4.25],"texture":"#blade"},"north":{"uv":[2.25,3.75,2.5,16],"texture":"#blade"},"south":{"uv":[2.25,3.75,2.5,16],"texture":"#blade"},"west":{"uv":[2.25,3.75,2.5,16],"texture":"#blade"},"east":{"uv":[2.25,3.75,2.5,16],"texture":"#blade"}}},{"__comment":"blade 1","from":[7.75,8,7.75],"to":[8.25,19.5,8.25],"faces":{"down":{"uv":[0,6.75,0.5,7.25],"texture":"#blade"},"up":{"uv":[0,6.75,0.5,7.25],"texture":"#blade"},"north":{"uv":[0,3.75,0.5,16],"texture":"#blade"},"south":{"uv":[0,3.75,0.5,16],"texture":"#blade"},"west":{"uv":[0,3.75,0.5,16],"texture":"#blade"},"east":{"uv":[0,3.75,0.5,16],"texture":"#blade"}}},{"__comment":"blade 1","from":[7.5,19.5,7.75],"to":[7.75,19.75,8.25],"faces":{"down":{"uv":[6.5,3.75,7,4.25],"texture":"#blade"},"up":{"uv":[6.5,3.75,7,4.25],"texture":"#blade"},"north":{"uv":[10.5,3.75,10.75,4],"texture":"#blade"},"south":{"uv":[6.75,3.75,7,4],"texture":"#blade"},"west":{"uv":[11.25,3.75,11.5,4],"texture":"#blade"},"east":{"uv":[9,3.75,9.25,4],"texture":"#blade"}}},{"__comment":"blade 1","from":[7.75,19.5,7.5],"to":[8.25,19.75,7.75],"faces":{"down":{"uv":[6.5,3.75,7,4.25],"texture":"#blade"},"up":{"uv":[6.5,3.75,7,4.25],"texture":"#blade"},"north":{"uv":[10.5,3.75,10.75,4],"texture":"#blade"},"south":{"uv":[6.75,3.75,7,4],"texture":"#blade"},"west":{"uv":[11.25,3.75,11.5,4],"texture":"#blade"},"east":{"uv":[9,3.75,9.25,4],"texture":"#blade"}}},{"__comment":"blade 1","from":[8.25,19.5,7.75],"to":[8.5,19.75,8.25],"faces":{"down":{"uv":[6.5,3.75,7,4.25],"texture":"#blade"},"up":{"uv":[6.5,3.75,7,4.25],"texture":"#blade"},"north":{"uv":[10.5,3.75,10.75,4],"texture":"#blade"},"south":{"uv":[6.75,3.75,7,4],"texture":"#blade"},"west":{"uv":[11.25,3.75,11.5,4],"texture":"#blade"},"east":{"uv":[9,3.75,9.25,4],"texture":"#blade"}}},{"__comment":"blade 1","from":[7.75,19.5,8.25],"to":[8.25,19.75,8.5],"faces":{"down":{"uv":[6.5,3.75,7,4.25],"texture":"#blade"},"up":{"uv":[6.5,3.75,7,4.25],"texture":"#blade"},"north":{"uv":[10.5,3.75,10.75,4],"texture":"#blade"},"south":{"uv":[6.75,3.75,7,4],"texture":"#blade"},"west":{"uv":[11.25,3.75,11.5,4],"texture":"#blade"},"east":{"uv":[9,3.75,9.25,4],"texture":"#blade"}}},{"__comment":"blade 1","from":[7.75,19.5,7.75],"to":[8.25,20,8.25],"faces":{"down":{"uv":[6.5,3.75,7,4.25],"texture":"#blade"},"up":{"uv":[6.5,3.75,7,4.25],"texture":"#blade"},"north":{"uv":[10.5,3.75,10.75,4],"texture":"#blade"},"south":{"uv":[6.75,3.75,7,4],"texture":"#blade"},"west":{"uv":[11.25,3.75,11.5,4],"texture":"#blade"},"east":{"uv":[9,3.75,9.25,4],"texture":"#blade"}}},{"from":[7.5,0.25,7.75],"to":[8.5,7.75,8.25],"faces":{"north":{"uv":[6,0.5,4,15.5],"texture":"#texture"},"south":{"uv":[0.5,0.5,2.5,15.5],"texture":"#texture"},"west":{"uv":[4.5,0.5,5.5,15.5],"texture":"#texture"},"east":{"uv":[5.5,0.5,4.5,15.5],"texture":"#texture"}}},{"from":[7.75,0.25,7.5],"to":[8.25,7.75,8.5],"faces":{"north":{"uv":[5.5,0.5,4.5,15.5],"texture":"#texture"},"south":{"uv":[1,0.5,2,15.5],"texture":"#texture"},"west":{"uv":[4,0.5,6,15.5],"texture":"#texture"},"east":{"uv":[6,0.5,4,15.5],"texture":"#texture"}}},{"from":[7.75,3.5,8.5],"to":[8.25,4.5,8.75],"faces":{"down":{"uv":[1,8.5,2,9],"texture":"#texture"},"up":{"uv":[1,7,2,7.5],"texture":"#texture"},"south":{"uv":[1,7,2,9],"texture":"#texture"},"west":{"uv":[1.5,7,2,9],"texture":"#texture"},"east":{"uv":[1,7,1.5,9],"texture":"#texture"}}},{"from":[8.25,3.5,8.25],"to":[8.5,4.5,8.5],"faces":{"down":{"uv":[2,8.5,2.5,9],"texture":"#texture"},"up":{"uv":[2,7,2.5,7.5],"texture":"#texture"},"south":{"uv":[2,7,2.5,9],"texture":"#texture"},"east":{"uv":[2,7,2.5,9],"texture":"#texture"}}},{"from":[8.25,3.5,7.5],"to":[8.5,4.5,7.75],"faces":{"down":{"uv":[2,8.5,2.5,9],"texture":"#texture"},"up":{"uv":[2,7,2.5,7.5],"texture":"#texture"},"north":{"uv":[2,7,2.5,9],"texture":"#texture"},"east":{"uv":[2,7,2.5,9],"texture":"#texture"}}},{"from":[7.5,3.5,7.5],"to":[7.75,4.5,7.75],"faces":{"down":{"uv":[2,8.5,2.5,9],"texture":"#texture"},"up":{"uv":[2,7,2.5,7.5],"texture":"#texture"},"north":{"uv":[2,7,2.5,9],"texture":"#texture"},"west":{"uv":[2,7,2.5,9],"texture":"#texture"}}},{"from":[7.5,3.5,8.25],"to":[7.75,4.5,8.5],"faces":{"down":{"uv":[2,8.5,2.5,9],"texture":"#texture"},"up":{"uv":[2,7,2.5,7.5],"texture":"#texture"},"south":{"uv":[2,7,2.5,9],"texture":"#texture"},"west":{"uv":[2,7,2.5,9],"texture":"#texture"}}},{"from":[8.375,3.75,7.75],"to":[8.625,4.25,8.25],"faces":{"down":{"uv":[4.5,7.5,5.5,8],"texture":"#texture"},"up":{"uv":[4.5,7.5,5.5,8],"texture":"#texture"},"north":{"uv":[4.5,7.5,5.5,8.5],"texture":"#texture"},"south":{"uv":[4.5,7.5,5.5,8.5],"texture":"#texture"},"east":{"uv":[4.5,7.5,5,8.5],"texture":"#texture"}}},{"from":[7.375,3.75,7.75],"to":[7.625,4.25,8.25],"faces":{"down":{"uv":[4.5,7.5,5.5,8],"texture":"#texture"},"up":{"uv":[4.5,7.5,5.5,8],"texture":"#texture"},"north":{"uv":[4.5,7.5,5.5,8.5],"texture":"#texture"},"south":{"uv":[4.5,7.5,5.5,8.5],"texture":"#texture"},"west":{"uv":[4.5,7.5,5,8.5],"texture":"#texture"}}},{"from":[7.75,3.75,7.375],"to":[8.25,4.25,7.625],"faces":{"down":{"uv":[4.5,7.5,5.5,8],"texture":"#texture"},"up":{"uv":[4.5,7.5,5.5,8],"texture":"#texture"},"north":{"uv":[4.5,7.5,5.5,8.5],"texture":"#texture"},"west":{"uv":[4.5,7.5,5,8.5],"texture":"#texture"},"east":{"uv":[4.5,7.5,5,8.5],"texture":"#texture"}}},{"from":[7.625,0.25,7.625],"to":[8.375,7.75,8.375],"faces":{"north":{"uv":[6,0.5,4,15.5],"texture":"#texture"},"south":{"uv":[0.5,0.5,2.5,15.5],"texture":"#texture"},"west":{"uv":[4,0.5,6,15.5],"texture":"#texture"},"east":{"uv":[4,0.5,6,15.5],"texture":"#texture"}}},{"from":[7.5,7.75,7.5],"to":[8.5,8,8.5],"faces":{"down":{"uv":[8,0.5,10,2.5],"texture":"#texture"},"up":{"uv":[8,0.5,10,2.5],"texture":"#texture"},"north":{"uv":[0.5,0,2.5,0.5],"texture":"#texture"},"south":{"uv":[0.5,0,2.5,0.5],"texture":"#texture"},"west":{"uv":[0.5,0,2.5,0.5],"texture":"#texture"},"east":{"uv":[0.5,0,2.5,0.5],"texture":"#texture"}}},{"from":[7.5,0,7.5],"to":[8.5,0.25,8.5],"faces":{"down":{"uv":[8,0.5,10,2.5],"texture":"#texture"},"up":{"uv":[8,0.5,10,2.5],"texture":"#texture"},"north":{"uv":[0.5,0,2.5,0.5],"texture":"#texture"},"south":{"uv":[0.5,0,2.5,0.5],"texture":"#texture"},"west":{"uv":[0.5,0,2.5,0.5],"texture":"#texture"},"east":{"uv":[0.5,0,2.5,0.5],"texture":"#texture"}}},{"from":[7.25,7,7.625],"to":[8.75,7.5,8.375],"faces":{"down":{"uv":[0,1.5,3,2],"texture":"#texture"},"up":{"uv":[0,1,3,1.5],"texture":"#texture"},"north":{"uv":[0,1,3,2],"texture":"#texture"},"south":{"uv":[0,1,3,2],"texture":"#texture"},"west":{"uv":[0.5,1,2,2],"texture":"#texture"},"east":{"uv":[0.5,1,2,2],"texture":"#texture"}}},{"from":[7.625,7,7.25],"to":[8.375,7.5,8.75],"faces":{"down":{"uv":[0,1.5,3,2],"rotation":270,"texture":"#texture"},"up":{"uv":[0,1,3,1.5],"rotation":270,"texture":"#texture"},"north":{"uv":[0.5,1,2,2],"texture":"#texture"},"south":{"uv":[0.5,1,2,2],"texture":"#texture"},"west":{"uv":[0,1,3,2],"texture":"#texture"},"east":{"uv":[0,1,3,2],"texture":"#texture"}}},{"from":[7.375,0.5,7.375],"to":[8.625,0.75,8.625],"faces":{"down":{"uv":[0,14.5,2.5,15],"texture":"#texture"},"up":{"uv":[0,14.5,2.5,15],"texture":"#texture"},"north":{"uv":[0,14.5,2.5,15],"texture":"#texture"},"south":{"uv":[0,14.5,2.5,15],"texture":"#texture"},"west":{"uv":[0,14.5,2.5,15],"texture":"#texture"},"east":{"uv":[0,14.5,2.5,15],"texture":"#texture"}}},{"from":[7.25,0.5,7.625],"to":[8.75,1,8.375],"faces":{"down":{"uv":[0,14.5,3,15],"texture":"#texture"},"up":{"uv":[0,14.5,3,15],"texture":"#texture"},"north":{"uv":[0,14,3,15],"texture":"#texture"},"south":{"uv":[0,14,3,15],"texture":"#texture"},"west":{"uv":[1,14,2.5,15],"texture":"#texture"},"east":{"uv":[1,14,2.5,15],"texture":"#texture"}}},{"from":[7.625,0.5,7.25],"to":[8.375,1,8.75],"faces":{"down":{"uv":[0,14.5,3,15],"rotation":270,"texture":"#texture"},"up":{"uv":[0,14.5,3,15],"rotation":270,"texture":"#texture"},"north":{"uv":[1,14,2.5,15],"texture":"#texture"},"south":{"uv":[1,14,2.5,15],"texture":"#texture"},"west":{"uv":[0,14,3,15],"texture":"#texture"},"east":{"uv":[0,14,3,15],"texture":"#texture"}}},{"from":[7.375,7.25,7.375],"to":[8.625,7.5,8.625],"faces":{"down":{"uv":[0,1,2.5,1.5],"texture":"#texture"},"up":{"uv":[0,1,2.5,1.5],"texture":"#texture"},"north":{"uv":[0,1,2.5,1.5],"texture":"#texture"},"south":{"uv":[0,1,2.5,1.5],"texture":"#texture"},"west":{"uv":[0,1,2.5,1.5],"texture":"#texture"},"east":{"uv":[0,1,2.5,1.5],"texture":"#texture"}}}],"display":{"thirdperson_righthand":{"rotation":[0,0,0],"translation":[0,2.46,1.32],"scale":[1.3,1.3,1.3]},"firstperson_righthand":{"rotation":[-10,0,0],"translation":[0,2.27,0],"scale":[1,1.3,1]},"gui":{"rotation":[0,0,-45],"translation":[1.7,1.51,0],"scale":[0.6,0.6,0.6]}}}
