{
	"credit": "Made with Blockbench",
	"textures": {
		"1": "items/wzp",
		"2": "items/phone",
		"particle": "blocks/botman"
	},
	"elements": [
		{
			"from": [12, 2.1, 2.5],
			"to": [12.5, 3.6, 11.5],
			"faces": {
				"north": {"uv": [4.594, 0.5, 5.094, 2], "texture": "#1"},
				"east": {"uv": [4.594, 0.5, 5.094, 2], "texture": "#1"},
				"south": {"uv": [4.594, 0.5, 5.094, 2], "texture": "#1"},
				"west": {"uv": [4.594, 0.5, 5.094, 2], "texture": "#1"},
				"up": {"uv": [4.594, 0.5, 5.094, 2], "texture": "#1"},
				"down": {"uv": [4.594, 0.5, 5.094, 2], "texture": "#1"}
			}
		},
		{
			"from": [12, 5.6, 2.5],
			"to": [12.5, 7.1, 11.5],
			"faces": {
				"north": {"uv": [4.594, 0.5, 5.094, 2], "texture": "#1"},
				"east": {"uv": [4.594, 0.5, 5.094, 2], "texture": "#1"},
				"south": {"uv": [4.594, 0.5, 5.094, 2], "texture": "#1"},
				"west": {"uv": [4.594, 0.5, 5.094, 2], "texture": "#1"},
				"up": {"uv": [4.594, 0.5, 5.094, 2], "texture": "#1"},
				"down": {"uv": [4.594, 0.5, 5.094, 2], "texture": "#1"}
			}
		},
		{
			"from": [3.5, 5.6, 2.5],
			"to": [4, 7.1, 11.5],
			"faces": {
				"north": {"uv": [4.594, 0.5, 5.094, 2], "texture": "#1"},
				"east": {"uv": [4.594, 0.5, 5.094, 2], "texture": "#1"},
				"south": {"uv": [4.594, 0.5, 5.094, 2], "texture": "#1"},
				"west": {"uv": [4.594, 0.5, 5.094, 2], "texture": "#1"},
				"up": {"uv": [4.594, 0.5, 5.094, 2], "texture": "#1"},
				"down": {"uv": [4.594, 0.5, 5.094, 2], "texture": "#1"}
			}
		},
		{
			"from": [3.5, 2.1, 2.5],
			"to": [4, 3.6, 11.5],
			"faces": {
				"north": {"uv": [4.594, 0.5, 5.094, 2], "texture": "#1"},
				"east": {"uv": [4.594, 0.5, 5.094, 2], "texture": "#1"},
				"south": {"uv": [4.594, 0.5, 5.094, 2], "texture": "#1"},
				"west": {"uv": [4.594, 0.5, 5.094, 2], "texture": "#1"},
				"up": {"uv": [4.594, 0.5, 5.094, 2], "texture": "#1"},
				"down": {"uv": [4.594, 0.5, 5.094, 2], "texture": "#1"}
			}
		},
		{
			"from": [3.5, 2.1, 2],
			"to": [12.5, 3.6, 2.5],
			"rotation": {"angle": 0, "axis": "y", "origin": [7, 8, 8]},
			"faces": {
				"north": {"uv": [4.594, 0.5, 5.094, 2], "texture": "#1"},
				"east": {"uv": [4.594, 0.5, 5.094, 2], "texture": "#1"},
				"south": {"uv": [4.594, 0.5, 5.094, 2], "texture": "#1"},
				"west": {"uv": [4.594, 0.5, 5.094, 2], "texture": "#1"},
				"up": {"uv": [4.594, 0.5, 5.094, 2], "texture": "#1"},
				"down": {"uv": [4.594, 0.5, 5.094, 2], "texture": "#1"}
			}
		},
		{
			"from": [3.5, 5.6, 2],
			"to": [12.5, 7.1, 2.5],
			"rotation": {"angle": 0, "axis": "y", "origin": [7, 8, 8]},
			"faces": {
				"north": {"uv": [4.594, 0.5, 5.094, 2], "texture": "#1"},
				"east": {"uv": [4.594, 0.5, 5.094, 2], "texture": "#1"},
				"south": {"uv": [4.594, 0.5, 5.094, 2], "texture": "#1"},
				"west": {"uv": [4.594, 0.5, 5.094, 2], "texture": "#1"},
				"up": {"uv": [4.594, 0.5, 5.094, 2], "texture": "#1"},
				"down": {"uv": [4.594, 0.5, 5.094, 2], "texture": "#1"}
			}
		},
		{
			"name": "hexadecagon",
			"from": [6.60761, -1, 12],
			"to": [9.39239, 13, 13],
			"rotation": {"angle": -45, "axis": "z", "origin": [8, 6, 14]},
			"faces": {
				"north": {"uv": [8, 2.719, 9, 3.094], "texture": "#1"},
				"east": {"uv": [8, 2.719, 9, 3.094], "texture": "#1"},
				"south": {"uv": [8, 2.719, 9, 3.094], "texture": "#1"},
				"west": {"uv": [8, 2.719, 9, 3.094], "texture": "#1"},
				"up": {"uv": [8, 2.719, 9, 3.094], "texture": "#1"},
				"down": {"uv": [8, 2.719, 9, 3.094], "texture": "#1"}
			}
		},
		{
			"name": "hexadecagon",
			"from": [6.60761, -1, 12],
			"to": [9.39239, 13, 13],
			"rotation": {"angle": -22.5, "axis": "z", "origin": [8, 6, 14]},
			"faces": {
				"north": {"uv": [8, 2.719, 9, 3.094], "texture": "#1"},
				"east": {"uv": [8, 2.719, 9, 3.094], "texture": "#1"},
				"south": {"uv": [8, 2.719, 9, 3.094], "texture": "#1"},
				"west": {"uv": [8, 2.719, 9, 3.094], "texture": "#1"},
				"up": {"uv": [8, 2.719, 9, 3.094], "texture": "#1"},
				"down": {"uv": [8, 2.719, 9, 3.094], "texture": "#1"}
			}
		},
		{
			"name": "hexadecagon",
			"from": [6.60761, -1, 12],
			"to": [9.39239, 13, 13],
			"rotation": {"angle": 0, "axis": "z", "origin": [8, 6, 14]},
			"faces": {
				"north": {"uv": [8, 2.719, 9, 3.094], "texture": "#1"},
				"east": {"uv": [8, 2.719, 9, 3.094], "texture": "#1"},
				"south": {"uv": [8, 2.719, 9, 3.094], "texture": "#1"},
				"west": {"uv": [8, 2.719, 9, 3.094], "texture": "#1"},
				"up": {"uv": [8, 2.719, 9, 3.094], "texture": "#1"},
				"down": {"uv": [8, 2.719, 9, 3.094], "texture": "#1"}
			}
		},
		{
			"name": "hexadecagon",
			"from": [6.60761, -1, 12],
			"to": [9.39239, 13, 13],
			"rotation": {"angle": 22.5, "axis": "z", "origin": [8, 6, 14]},
			"faces": {
				"north": {"uv": [8, 2.719, 9, 3.094], "texture": "#1"},
				"east": {"uv": [8, 2.719, 9, 3.094], "texture": "#1"},
				"south": {"uv": [8, 2.719, 9, 3.094], "texture": "#1"},
				"west": {"uv": [8, 2.719, 9, 3.094], "texture": "#1"},
				"up": {"uv": [8, 2.719, 9, 3.094], "texture": "#1"},
				"down": {"uv": [8, 2.719, 9, 3.094], "texture": "#1"}
			}
		},
		{
			"name": "hexadecagon",
			"from": [6.60761, -1, 12],
			"to": [9.39239, 13, 13],
			"rotation": {"angle": 45, "axis": "z", "origin": [8, 6, 14]},
			"faces": {
				"north": {"uv": [8, 2.719, 9, 3.094], "texture": "#1"},
				"east": {"uv": [8, 2.719, 9, 3.094], "texture": "#1"},
				"south": {"uv": [8, 2.719, 9, 3.094], "texture": "#1"},
				"west": {"uv": [8, 2.719, 9, 3.094], "texture": "#1"},
				"up": {"uv": [8, 2.719, 9, 3.094], "texture": "#1"},
				"down": {"uv": [8, 2.719, 9, 3.094], "texture": "#1"}
			}
		},
		{
			"name": "hexadecagon",
			"from": [1, 4.60761, 12],
			"to": [15, 7.39239, 13],
			"rotation": {"angle": -22.5, "axis": "z", "origin": [8, 6, 14]},
			"faces": {
				"north": {"uv": [8, 2.719, 9, 3.094], "texture": "#1"},
				"east": {"uv": [8, 2.719, 9, 3.094], "texture": "#1"},
				"south": {"uv": [8, 2.719, 9, 3.094], "texture": "#1"},
				"west": {"uv": [8, 2.719, 9, 3.094], "texture": "#1"},
				"up": {"uv": [8, 2.719, 9, 3.094], "texture": "#1"},
				"down": {"uv": [8, 2.719, 9, 3.094], "texture": "#1"}
			}
		},
		{
			"name": "hexadecagon",
			"from": [1, 4.60761, 12],
			"to": [15, 7.39239, 13],
			"rotation": {"angle": 0, "axis": "z", "origin": [8, 6, 14]},
			"faces": {
				"north": {"uv": [8, 2.719, 9, 3.094], "texture": "#1"},
				"east": {"uv": [8, 2.719, 9, 3.094], "texture": "#1"},
				"south": {"uv": [8, 2.719, 9, 3.094], "texture": "#1"},
				"west": {"uv": [8, 2.719, 9, 3.094], "texture": "#1"},
				"up": {"uv": [8, 2.719, 9, 3.094], "texture": "#1"},
				"down": {"uv": [8, 2.719, 9, 3.094], "texture": "#1"}
			}
		},
		{
			"name": "hexadecagon",
			"from": [1, 4.60761, 12],
			"to": [15, 7.39239, 13],
			"rotation": {"angle": 22.5, "axis": "z", "origin": [8, 6, 14]},
			"faces": {
				"north": {"uv": [8, 2.719, 9, 3.094], "texture": "#1"},
				"east": {"uv": [8, 2.719, 9, 3.094], "texture": "#1"},
				"south": {"uv": [8, 2.719, 9, 3.094], "texture": "#1"},
				"west": {"uv": [8, 2.719, 9, 3.094], "texture": "#1"},
				"up": {"uv": [8, 2.719, 9, 3.094], "texture": "#1"},
				"down": {"uv": [8, 2.719, 9, 3.094], "texture": "#1"}
			}
		},
		{
			"from": [3.1, -4.2, 12],
			"to": [4.1, -0.8, 13],
			"rotation": {"angle": -22.5, "axis": "z", "origin": [11, 4, 20]},
			"faces": {
				"north": {"uv": [8, 2.719, 9, 3.094], "texture": "#1"},
				"east": {"uv": [8, 2.719, 9, 3.094], "texture": "#1"},
				"south": {"uv": [8, 2.719, 9, 3.094], "texture": "#1"},
				"west": {"uv": [8, 2.719, 9, 3.094], "texture": "#1"},
				"up": {"uv": [8, 2.719, 9, 3.094], "texture": "#1"},
				"down": {"uv": [8, 2.719, 9, 3.094], "texture": "#1"}
			}
		},
		{
			"from": [0.565, -1.293, 12],
			"to": [1.325, -0.553, 13],
			"rotation": {"angle": 0, "axis": "z", "origin": [8, -9, 20]},
			"faces": {
				"north": {"uv": [8, 2.719, 9, 3.094], "rotation": 90, "texture": "#1"},
				"east": {"uv": [8, 2.719, 9, 3.094], "rotation": 90, "texture": "#1"},
				"south": {"uv": [8, 2.719, 9, 3.094], "rotation": 90, "texture": "#1"},
				"west": {"uv": [8, 2.719, 9, 3.094], "rotation": 90, "texture": "#1"},
				"up": {"uv": [8, 2.719, 9, 3.094], "rotation": 90, "texture": "#1"},
				"down": {"uv": [8, 2.719, 9, 3.094], "rotation": 90, "texture": "#1"}
			}
		},
		{
			"from": [5.6, 6.9, 12],
			"to": [7.5, 8.3, 13],
			"rotation": {"angle": 45, "axis": "z", "origin": [13, -1, 20]},
			"faces": {
				"north": {"uv": [8, 2.719, 9, 3.094], "rotation": 90, "texture": "#1"},
				"east": {"uv": [8, 2.719, 9, 3.094], "rotation": 90, "texture": "#1"},
				"south": {"uv": [8, 2.719, 9, 3.094], "rotation": 90, "texture": "#1"},
				"west": {"uv": [8, 2.719, 9, 3.094], "rotation": 90, "texture": "#1"},
				"up": {"uv": [8, 2.719, 9, 3.094], "rotation": 90, "texture": "#1"},
				"down": {"uv": [8, 2.719, 9, 3.094], "rotation": 90, "texture": "#1"}
			}
		},
		{
			"from": [3.1, 2.2, 12],
			"to": [6.4, 3.2, 13],
			"rotation": {"angle": 22.5, "axis": "z", "origin": [11, -4, 20]},
			"faces": {
				"north": {"uv": [8, 2.719, 9, 3.094], "rotation": 90, "texture": "#1"},
				"east": {"uv": [8, 2.719, 9, 3.094], "rotation": 90, "texture": "#1"},
				"south": {"uv": [8, 2.719, 9, 3.094], "rotation": 90, "texture": "#1"},
				"west": {"uv": [8, 2.719, 9, 3.094], "rotation": 90, "texture": "#1"},
				"up": {"uv": [8, 2.719, 9, 3.094], "rotation": 90, "texture": "#1"},
				"down": {"uv": [8, 2.719, 9, 3.094], "rotation": 90, "texture": "#1"}
			}
		},
		{
			"from": [1.632, -0.285, 11.5],
			"to": [1.832, -0.068, 13.5],
			"rotation": {"angle": 0, "axis": "z", "origin": [8.675, -8.425, 20]},
			"faces": {
				"north": {"uv": [8.094, 4.813, 8.716, 5.419], "rotation": 90, "texture": "#1"},
				"east": {"uv": [8.094, 4.813, 8.716, 5.419], "rotation": 90, "texture": "#1"},
				"south": {"uv": [8.094, 4.813, 8.716, 5.419], "rotation": 90, "texture": "#1"},
				"west": {"uv": [8.094, 4.813, 8.716, 5.419], "rotation": 90, "texture": "#1"},
				"up": {"uv": [8.094, 4.813, 8.716, 5.419], "rotation": 90, "texture": "#1"},
				"down": {"uv": [8.094, 4.813, 8.716, 5.419], "rotation": 90, "texture": "#1"}
			}
		},
		{
			"from": [4.557, 3.14, 11.5],
			"to": [7.757, 3.557, 13.5],
			"rotation": {"angle": 22.5, "axis": "z", "origin": [11.5, -5, 20]},
			"faces": {
				"north": {"uv": [8.094, 4.813, 8.716, 5.419], "rotation": 90, "texture": "#1"},
				"east": {"uv": [8.094, 4.813, 8.716, 5.419], "rotation": 90, "texture": "#1"},
				"south": {"uv": [8.094, 4.813, 8.716, 5.419], "rotation": 90, "texture": "#1"},
				"west": {"uv": [8.094, 4.813, 8.716, 5.419], "rotation": 90, "texture": "#1"},
				"up": {"uv": [8.094, 4.813, 8.716, 5.419], "rotation": 90, "texture": "#1"},
				"down": {"uv": [8.094, 4.813, 8.716, 5.419], "rotation": 90, "texture": "#1"}
			}
		},
		{
			"from": [5.207, 3.64, 11.5],
			"to": [7.357, 4.432, 13.5],
			"rotation": {"angle": 22.5, "axis": "z", "origin": [12.15, -4.5, 20]},
			"faces": {
				"north": {"uv": [8.094, 4.813, 8.716, 5.419], "rotation": 90, "texture": "#1"},
				"east": {"uv": [8.094, 4.813, 8.716, 5.419], "rotation": 90, "texture": "#1"},
				"south": {"uv": [8.094, 4.813, 8.716, 5.419], "rotation": 90, "texture": "#1"},
				"west": {"uv": [8.094, 4.813, 8.716, 5.419], "rotation": 90, "texture": "#1"},
				"up": {"uv": [8.094, 4.813, 8.716, 5.419], "rotation": 90, "texture": "#1"},
				"down": {"uv": [8.094, 4.813, 8.716, 5.419], "rotation": 90, "texture": "#1"}
			}
		},
		{
			"from": [3.968, -3.493, 11.5],
			"to": [4.535, -0.743, 13.5],
			"rotation": {"angle": -22.5, "axis": "z", "origin": [12.525, 3.45, 20]},
			"faces": {
				"north": {"uv": [8.094, 4.813, 8.716, 5.419], "texture": "#1"},
				"east": {"uv": [8.094, 4.813, 8.716, 5.419], "texture": "#1"},
				"south": {"uv": [8.094, 4.813, 8.716, 5.419], "texture": "#1"},
				"west": {"uv": [8.094, 4.813, 8.716, 5.419], "texture": "#1"},
				"up": {"uv": [8.094, 4.813, 8.716, 5.419], "texture": "#1"},
				"down": {"uv": [8.094, 4.813, 8.716, 5.419], "texture": "#1"}
			}
		},
		{
			"from": [4.893, -2.468, 11.5],
			"to": [5.66, -1.518, 13.5],
			"rotation": {"angle": -22.5, "axis": "z", "origin": [13.45, 4.475, 20]},
			"faces": {
				"north": {"uv": [8.094, 4.813, 8.716, 5.419], "texture": "#1"},
				"east": {"uv": [8.094, 4.813, 8.716, 5.419], "texture": "#1"},
				"south": {"uv": [8.094, 4.813, 8.716, 5.419], "texture": "#1"},
				"west": {"uv": [8.094, 4.813, 8.716, 5.419], "texture": "#1"},
				"up": {"uv": [8.094, 4.813, 8.716, 5.419], "texture": "#1"},
				"down": {"uv": [8.094, 4.813, 8.716, 5.419], "texture": "#1"}
			}
		},
		{
			"from": [-1.91, -2.118, 11.5],
			"to": [-1.675, 1.172, 13.5],
			"rotation": {"angle": -22.5, "axis": "z", "origin": [5, -10, 20]},
			"faces": {
				"north": {"uv": [8.094, 4.813, 8.716, 5.419], "rotation": 90, "texture": "#1"},
				"east": {"uv": [8.094, 4.813, 8.716, 5.419], "rotation": 90, "texture": "#1"},
				"south": {"uv": [8.094, 4.813, 8.716, 5.419], "rotation": 90, "texture": "#1"},
				"west": {"uv": [8.094, 4.813, 8.716, 5.419], "rotation": 90, "texture": "#1"},
				"up": {"uv": [8.094, 4.813, 8.716, 5.419], "rotation": 90, "texture": "#1"},
				"down": {"uv": [8.094, 4.813, 8.716, 5.419], "rotation": 90, "texture": "#1"}
			}
		},
		{
			"from": [5.182, -2.875, 11.5],
			"to": [8.422, -2.64, 13.5],
			"rotation": {"angle": 22.5, "axis": "z", "origin": [-3, -10, 20]},
			"faces": {
				"north": {"uv": [8.094, 4.813, 8.716, 5.419], "rotation": 180, "texture": "#1"},
				"east": {"uv": [8.094, 4.813, 8.716, 5.419], "rotation": 180, "texture": "#1"},
				"south": {"uv": [8.094, 4.813, 8.716, 5.419], "rotation": 180, "texture": "#1"},
				"west": {"uv": [8.094, 4.813, 8.716, 5.419], "rotation": 180, "texture": "#1"},
				"up": {"uv": [8.094, 4.813, 8.716, 5.419], "rotation": 180, "texture": "#1"},
				"down": {"uv": [8.094, 4.813, 8.716, 5.419], "rotation": 180, "texture": "#1"}
			}
		},
		{
			"name": "hexadecagon",
			"from": [6.80653, 0, 11.5],
			"to": [9.19347, 12, 13.5],
			"rotation": {"angle": -45, "axis": "z", "origin": [8, 6, 13]},
			"faces": {
				"north": {"uv": [8.094, 4.813, 8.716, 5.419], "texture": "#1"},
				"east": {"uv": [8.094, 4.813, 8.716, 5.419], "texture": "#1"},
				"south": {"uv": [8.094, 4.813, 8.716, 5.419], "texture": "#1"},
				"west": {"uv": [8.094, 4.813, 8.716, 5.419], "texture": "#1"},
				"up": {"uv": [8.094, 4.813, 8.716, 5.419], "texture": "#1"},
				"down": {"uv": [8.094, 4.813, 8.716, 5.419], "texture": "#1"}
			}
		},
		{
			"name": "hexadecagon",
			"from": [6.80653, 0, 11.5],
			"to": [9.19347, 12, 13.5],
			"rotation": {"angle": -22.5, "axis": "z", "origin": [8, 6, 13]},
			"faces": {
				"north": {"uv": [8.094, 4.813, 8.716, 5.419], "texture": "#1"},
				"east": {"uv": [8.094, 4.813, 8.716, 5.419], "texture": "#1"},
				"south": {"uv": [8.094, 4.813, 8.716, 5.419], "texture": "#1"},
				"west": {"uv": [8.094, 4.813, 8.716, 5.419], "texture": "#1"},
				"up": {"uv": [8.094, 4.813, 8.716, 5.419], "texture": "#1"},
				"down": {"uv": [8.094, 4.813, 8.716, 5.419], "texture": "#1"}
			}
		},
		{
			"name": "hexadecagon",
			"from": [6.80653, 0, 11.5],
			"to": [9.19347, 12, 13.5],
			"rotation": {"angle": 0, "axis": "z", "origin": [8, 6, 13]},
			"faces": {
				"north": {"uv": [8.094, 4.813, 8.716, 5.419], "texture": "#1"},
				"east": {"uv": [8.094, 4.813, 8.716, 5.419], "texture": "#1"},
				"south": {"uv": [8.094, 4.813, 8.716, 5.419], "texture": "#1"},
				"west": {"uv": [8.094, 4.813, 8.716, 5.419], "texture": "#1"},
				"up": {"uv": [8.094, 4.813, 8.716, 5.419], "texture": "#1"},
				"down": {"uv": [8.094, 4.813, 8.716, 5.419], "texture": "#1"}
			}
		},
		{
			"name": "hexadecagon",
			"from": [6.80653, 0, 11.5],
			"to": [9.19347, 12, 13.5],
			"rotation": {"angle": 22.5, "axis": "z", "origin": [8, 6, 13]},
			"faces": {
				"north": {"uv": [8.094, 4.813, 8.716, 5.419], "texture": "#1"},
				"east": {"uv": [8.094, 4.813, 8.716, 5.419], "texture": "#1"},
				"south": {"uv": [8.094, 4.813, 8.716, 5.419], "texture": "#1"},
				"west": {"uv": [8.094, 4.813, 8.716, 5.419], "texture": "#1"},
				"up": {"uv": [8.094, 4.813, 8.716, 5.419], "texture": "#1"},
				"down": {"uv": [8.094, 4.813, 8.716, 5.419], "texture": "#1"}
			}
		},
		{
			"name": "hexadecagon",
			"from": [6.80653, 0, 11.5],
			"to": [9.19347, 12, 13.5],
			"rotation": {"angle": 45, "axis": "z", "origin": [8, 6, 13]},
			"faces": {
				"north": {"uv": [8.094, 4.813, 8.716, 5.419], "texture": "#1"},
				"east": {"uv": [8.094, 4.813, 8.716, 5.419], "texture": "#1"},
				"south": {"uv": [8.094, 4.813, 8.716, 5.419], "texture": "#1"},
				"west": {"uv": [8.094, 4.813, 8.716, 5.419], "texture": "#1"},
				"up": {"uv": [8.094, 4.813, 8.716, 5.419], "texture": "#1"},
				"down": {"uv": [8.094, 4.813, 8.716, 5.419], "texture": "#1"}
			}
		},
		{
			"name": "hexadecagon",
			"from": [2, 4.80653, 11.5],
			"to": [14, 7.19347, 13.5],
			"rotation": {"angle": -22.5, "axis": "z", "origin": [8, 6, 13]},
			"faces": {
				"north": {"uv": [8.094, 4.813, 8.716, 5.419], "texture": "#1"},
				"east": {"uv": [8.094, 4.813, 8.716, 5.419], "texture": "#1"},
				"south": {"uv": [8.094, 4.813, 8.716, 5.419], "texture": "#1"},
				"west": {"uv": [8.094, 4.813, 8.716, 5.419], "texture": "#1"},
				"up": {"uv": [8.094, 4.813, 8.716, 5.419], "texture": "#1"},
				"down": {"uv": [8.094, 4.813, 8.716, 5.419], "texture": "#1"}
			}
		},
		{
			"name": "hexadecagon",
			"from": [2, 4.80653, 11.5],
			"to": [14, 7.19347, 13.5],
			"rotation": {"angle": 0, "axis": "z", "origin": [8, 6, 13]},
			"faces": {
				"north": {"uv": [8.094, 4.813, 8.716, 5.419], "texture": "#1"},
				"east": {"uv": [8.094, 4.813, 8.716, 5.419], "texture": "#1"},
				"south": {"uv": [8.094, 4.813, 8.716, 5.419], "texture": "#1"},
				"west": {"uv": [8.094, 4.813, 8.716, 5.419], "texture": "#1"},
				"up": {"uv": [8.094, 4.813, 8.716, 5.419], "texture": "#1"},
				"down": {"uv": [8.094, 4.813, 8.716, 5.419], "texture": "#1"}
			}
		},
		{
			"name": "hexadecagon",
			"from": [2, 4.80653, 11.5],
			"to": [14, 7.19347, 13.5],
			"rotation": {"angle": 22.5, "axis": "z", "origin": [8, 6, 13]},
			"faces": {
				"north": {"uv": [8.094, 4.813, 8.716, 5.419], "texture": "#1"},
				"east": {"uv": [8.094, 4.813, 8.716, 5.419], "texture": "#1"},
				"south": {"uv": [8.094, 4.813, 8.716, 5.419], "texture": "#1"},
				"west": {"uv": [8.094, 4.813, 8.716, 5.419], "texture": "#1"},
				"up": {"uv": [8.094, 4.813, 8.716, 5.419], "texture": "#1"},
				"down": {"uv": [8.094, 4.813, 8.716, 5.419], "texture": "#1"}
			}
		},
		{
			"name": "phone",
			"from": [3, 1, 13.52],
			"to": [13, 11, 13.52],
			"rotation": {"angle": 0, "axis": "y", "origin": [11, 9, 22]},
			"faces": {
				"north": {"uv": [0, 0, 1, 1], "texture": "#2"},
				"east": {"uv": [0, 0, 1, 1], "texture": "#2"},
				"south": {"uv": [0, 0, 16, 16], "texture": "#2"},
				"west": {"uv": [0, 0, 1, 1], "texture": "#2"},
				"up": {"uv": [0, 0, 1, 1], "texture": "#2"},
				"down": {"uv": [0, 0, 1, 1], "texture": "#2"}
			}
		}
	],
	"display": {
		"gui": {
			"rotation": [-30, 135, 0],
			"translation": [0.1, 1.4, 0],
			"scale": [1.4, 1.4, 1.4]
		},
		"head": {
			"rotation": [0, 180, 0],
			"translation": [0, 3.4, -1],
			"scale": [1.7, 1.7, 1.7]
		},
		"fixed": {
			"rotation": [0, 180, 0],
			"translation": [0, 2.6, 3.1],
			"scale": [2, 2, 2]
		}
	},
	"groups": [
		{
			"name": "group",
			"origin": [8, 8, 8],
			"children": [0, 1, 2, 3, 4, 5]
		},
		{
			"name": "outer_ring",
			"origin": [8, 8, 8],
			"children": [6, 7, 8, 9, 10, 11, 12, 13, 14, 15, 16, 17]
		},
		{
			"name": "inner",
			"origin": [8, 8, 8],
			"children": [18, 19, 20, 21, 22, 23, 24, 25, 26, 27, 28, 29, 30, 31, 32]
		}, 33]
}