{
	"credit": "Made with Blockbench",
	"textures": {
		"0": "items/drip",
		"1": "items/orange",
		"particle": "items/drip"
	},
	"elements": [
		{
			"name": "hexadecagon",
			"from": [6.4087, -0.5, 7.5],
			"to": [9.5913, 15.5, 8.5],
			"rotation": {"angle": -45, "axis": "z", "origin": [8, 7.5, 8]},
			"faces": {
				"north": {"uv": [4.75, 7.5, 5.063, 8], "texture": "#0"},
				"east": {"uv": [4.75, 7.5, 5.063, 8], "texture": "#0"},
				"south": {"uv": [4.75, 7.5, 5.063, 8], "texture": "#0"},
				"west": {"uv": [4.75, 7.5, 5.063, 8], "texture": "#0"},
				"up": {"uv": [4.75, 7.5, 5.063, 8], "texture": "#0"},
				"down": {"uv": [4.75, 7.5, 5.063, 8], "texture": "#0"}
			}
		},
		{
			"name": "hexadecagon",
			"from": [6.4087, -0.5, 7.5],
			"to": [9.5913, 15.5, 8.5],
			"rotation": {"angle": -22.5, "axis": "z", "origin": [8, 7.5, 8]},
			"faces": {
				"north": {"uv": [4.75, 7.5, 5.063, 8], "texture": "#0"},
				"east": {"uv": [4.75, 7.5, 5.063, 8], "texture": "#0"},
				"south": {"uv": [4.75, 7.5, 5.063, 8], "texture": "#0"},
				"west": {"uv": [4.75, 7.5, 5.063, 8], "texture": "#0"},
				"up": {"uv": [4.75, 7.5, 5.063, 8], "texture": "#0"},
				"down": {"uv": [4.75, 7.5, 5.063, 8], "texture": "#0"}
			}
		},
		{
			"name": "hexadecagon",
			"from": [6.4087, -0.5, 7.5],
			"to": [9.5913, 15.5, 8.5],
			"rotation": {"angle": 0, "axis": "z", "origin": [8, 7.5, 8]},
			"faces": {
				"north": {"uv": [4.75, 7.5, 5.063, 8], "texture": "#0"},
				"east": {"uv": [4.75, 7.5, 5.063, 8], "texture": "#0"},
				"south": {"uv": [4.75, 7.5, 5.063, 8], "texture": "#0"},
				"west": {"uv": [4.75, 7.5, 5.063, 8], "texture": "#0"},
				"up": {"uv": [4.75, 7.5, 5.063, 8], "texture": "#0"},
				"down": {"uv": [4.75, 7.5, 5.063, 8], "texture": "#0"}
			}
		},
		{
			"name": "hexadecagon",
			"from": [6.4087, -0.5, 7.5],
			"to": [9.5913, 15.5, 8.5],
			"rotation": {"angle": 22.5, "axis": "z", "origin": [8, 7.5, 8]},
			"faces": {
				"north": {"uv": [4.75, 7.5, 5.063, 8], "texture": "#0"},
				"east": {"uv": [4.75, 7.5, 5.063, 8], "texture": "#0"},
				"south": {"uv": [4.75, 7.5, 5.063, 8], "texture": "#0"},
				"west": {"uv": [4.75, 7.5, 5.063, 8], "texture": "#0"},
				"up": {"uv": [4.75, 7.5, 5.063, 8], "texture": "#0"},
				"down": {"uv": [4.75, 7.5, 5.063, 8], "texture": "#0"}
			}
		},
		{
			"name": "hexadecagon",
			"from": [6.4087, -0.5, 7.5],
			"to": [9.5913, 15.5, 8.5],
			"rotation": {"angle": 45, "axis": "z", "origin": [8, 7.5, 8]},
			"faces": {
				"north": {"uv": [4.75, 7.5, 5.063, 8], "texture": "#0"},
				"east": {"uv": [4.75, 7.5, 5.063, 8], "texture": "#0"},
				"south": {"uv": [4.75, 7.5, 5.063, 8], "texture": "#0"},
				"west": {"uv": [4.75, 7.5, 5.063, 8], "texture": "#0"},
				"up": {"uv": [4.75, 7.5, 5.063, 8], "texture": "#0"},
				"down": {"uv": [4.75, 7.5, 5.063, 8], "texture": "#0"}
			}
		},
		{
			"name": "hexadecagon",
			"from": [0, 5.9087, 7.5],
			"to": [16, 9.0913, 8.5],
			"rotation": {"angle": -22.5, "axis": "z", "origin": [8, 7.5, 8]},
			"faces": {
				"north": {"uv": [4.75, 7.5, 5.063, 8], "texture": "#0"},
				"east": {"uv": [4.75, 7.5, 5.063, 8], "texture": "#0"},
				"south": {"uv": [4.75, 7.5, 5.063, 8], "texture": "#0"},
				"west": {"uv": [4.75, 7.5, 5.063, 8], "texture": "#0"},
				"up": {"uv": [4.75, 7.5, 5.063, 8], "texture": "#0"},
				"down": {"uv": [4.75, 7.5, 5.063, 8], "texture": "#0"}
			}
		},
		{
			"name": "hexadecagon",
			"from": [0, 5.9087, 7.5],
			"to": [16, 9.0913, 8.5],
			"rotation": {"angle": 0, "axis": "z", "origin": [8, 7.5, 8]},
			"faces": {
				"north": {"uv": [4.75, 7.5, 5.063, 8], "texture": "#0"},
				"east": {"uv": [4.75, 7.5, 5.063, 8], "texture": "#0"},
				"south": {"uv": [4.75, 7.5, 5.063, 8], "texture": "#0"},
				"west": {"uv": [4.75, 7.5, 5.063, 8], "texture": "#0"},
				"up": {"uv": [4.75, 7.5, 5.063, 8], "texture": "#0"},
				"down": {"uv": [4.75, 7.5, 5.063, 8], "texture": "#0"}
			}
		},
		{
			"name": "hexadecagon",
			"from": [0, 5.9087, 7.5],
			"to": [16, 9.0913, 8.5],
			"rotation": {"angle": 22.5, "axis": "z", "origin": [8, 7.5, 8]},
			"faces": {
				"north": {"uv": [4.75, 7.5, 5.063, 8], "texture": "#0"},
				"east": {"uv": [4.75, 7.5, 5.063, 8], "texture": "#0"},
				"south": {"uv": [4.75, 7.5, 5.063, 8], "texture": "#0"},
				"west": {"uv": [4.75, 7.5, 5.063, 8], "texture": "#0"},
				"up": {"uv": [4.75, 7.5, 5.063, 8], "texture": "#0"},
				"down": {"uv": [4.75, 7.5, 5.063, 8], "texture": "#0"}
			}
		},
		{
			"name": "hexadecagon",
			"from": [6.60761, 0.5, 7],
			"to": [9.39239, 14.5, 9],
			"rotation": {"angle": -45, "axis": "z", "origin": [8, 7.5, 8]},
			"faces": {
				"north": {"uv": [2, 3, 3, 4], "texture": "#1"},
				"east": {"uv": [2, 3, 3, 4], "texture": "#1"},
				"south": {"uv": [2, 3, 3, 4], "texture": "#1"},
				"west": {"uv": [2, 3, 3, 4], "texture": "#1"},
				"up": {"uv": [2, 3, 3, 4], "texture": "#1"},
				"down": {"uv": [2, 3, 3, 4], "texture": "#1"}
			}
		},
		{
			"name": "hexadecagon",
			"from": [6.60761, 0.5, 7],
			"to": [9.39239, 14.5, 9],
			"rotation": {"angle": -22.5, "axis": "z", "origin": [8, 7.5, 8]},
			"faces": {
				"north": {"uv": [2, 3, 3, 4], "texture": "#1"},
				"east": {"uv": [2, 3, 3, 4], "texture": "#1"},
				"south": {"uv": [2, 3, 3, 4], "texture": "#1"},
				"west": {"uv": [2, 3, 3, 4], "texture": "#1"},
				"up": {"uv": [2, 3, 3, 4], "texture": "#1"},
				"down": {"uv": [2, 3, 3, 4], "texture": "#1"}
			}
		},
		{
			"name": "hexadecagon",
			"from": [6.60761, 0.5, 7],
			"to": [9.39239, 14.5, 9],
			"rotation": {"angle": 0, "axis": "z", "origin": [8, 7.5, 8]},
			"faces": {
				"north": {"uv": [2, 3, 3, 4], "texture": "#1"},
				"east": {"uv": [2, 3, 3, 4], "texture": "#1"},
				"south": {"uv": [2, 3, 3, 4], "texture": "#1"},
				"west": {"uv": [2, 3, 3, 4], "texture": "#1"},
				"up": {"uv": [2, 3, 3, 4], "texture": "#1"},
				"down": {"uv": [2, 3, 3, 4], "texture": "#1"}
			}
		},
		{
			"name": "hexadecagon",
			"from": [6.60761, 0.5, 7],
			"to": [9.39239, 14.5, 9],
			"rotation": {"angle": 22.5, "axis": "z", "origin": [8, 7.5, 8]},
			"faces": {
				"north": {"uv": [2, 3, 3, 4], "texture": "#1"},
				"east": {"uv": [2, 3, 3, 4], "texture": "#1"},
				"south": {"uv": [2, 3, 3, 4], "texture": "#1"},
				"west": {"uv": [2, 3, 3, 4], "texture": "#1"},
				"up": {"uv": [2, 3, 3, 4], "texture": "#1"},
				"down": {"uv": [2, 3, 3, 4], "texture": "#1"}
			}
		},
		{
			"name": "hexadecagon",
			"from": [6.60761, 0.5, 7],
			"to": [9.39239, 14.5, 9],
			"rotation": {"angle": 45, "axis": "z", "origin": [8, 7.5, 8]},
			"faces": {
				"north": {"uv": [2, 3, 3, 4], "texture": "#1"},
				"east": {"uv": [2, 3, 3, 4], "texture": "#1"},
				"south": {"uv": [2, 3, 3, 4], "texture": "#1"},
				"west": {"uv": [2, 3, 3, 4], "texture": "#1"},
				"up": {"uv": [2, 3, 3, 4], "texture": "#1"},
				"down": {"uv": [2, 3, 3, 4], "texture": "#1"}
			}
		},
		{
			"name": "hexadecagon",
			"from": [1, 6.10761, 7],
			"to": [15, 8.89239, 9],
			"rotation": {"angle": -22.5, "axis": "z", "origin": [8, 7.5, 8]},
			"faces": {
				"north": {"uv": [2, 3, 3, 4], "texture": "#1"},
				"east": {"uv": [2, 3, 3, 4], "texture": "#1"},
				"south": {"uv": [2, 3, 3, 4], "texture": "#1"},
				"west": {"uv": [2, 3, 3, 4], "texture": "#1"},
				"up": {"uv": [2, 3, 3, 4], "texture": "#1"},
				"down": {"uv": [2, 3, 3, 4], "texture": "#1"}
			}
		},
		{
			"name": "hexadecagon",
			"from": [1, 6.10761, 7],
			"to": [15, 8.89239, 9],
			"rotation": {"angle": 0, "axis": "z", "origin": [8, 7.5, 8]},
			"faces": {
				"north": {"uv": [2, 3, 3, 4], "texture": "#1"},
				"east": {"uv": [2, 3, 3, 4], "texture": "#1"},
				"south": {"uv": [2, 3, 3, 4], "texture": "#1"},
				"west": {"uv": [2, 3, 3, 4], "texture": "#1"},
				"up": {"uv": [2, 3, 3, 4], "texture": "#1"},
				"down": {"uv": [2, 3, 3, 4], "texture": "#1"}
			}
		},
		{
			"name": "hexadecagon",
			"from": [1, 6.10761, 7],
			"to": [15, 8.89239, 9],
			"rotation": {"angle": 22.5, "axis": "z", "origin": [8, 7.5, 8]},
			"faces": {
				"north": {"uv": [2, 3, 3, 4], "texture": "#1"},
				"east": {"uv": [2, 3, 3, 4], "texture": "#1"},
				"south": {"uv": [2, 3, 3, 4], "texture": "#1"},
				"west": {"uv": [2, 3, 3, 4], "texture": "#1"},
				"up": {"uv": [2, 3, 3, 4], "texture": "#1"},
				"down": {"uv": [2, 3, 3, 4], "texture": "#1"}
			}
		},
		{
			"from": [1, 0, 9.02],
			"to": [15, 14, 9.02],
			"rotation": {"angle": 0, "axis": "y", "origin": [11, 10, 17]},
			"faces": {
				"north": {"uv": [0, 0, 2.688, 2.625], "texture": "#0"},
				"east": {"uv": [0, 0, 2.688, 2.625], "texture": "#0"},
				"south": {"uv": [2.625, 3.25, 12.25, 12.625], "texture": "#0"},
				"west": {"uv": [0, 0, 2.688, 2.625], "texture": "#0"},
				"up": {"uv": [0, 0, 2.688, 2.625], "texture": "#0"},
				"down": {"uv": [0, 0, 2.688, 2.625], "texture": "#0"}
			}
		},
		{
			"from": [1, 0, 6.98],
			"to": [15, 14, 6.98],
			"rotation": {"angle": 0, "axis": "y", "origin": [11, 10, 15]},
			"faces": {
				"north": {"uv": [2.625, 3.25, 12.25, 12.625], "texture": "#0"},
				"east": {"uv": [0, 0, 2.688, 2.625], "texture": "#0"},
				"south": {"uv": [0, 0, 2.688, 2.625], "texture": "#0"},
				"west": {"uv": [0, 0, 2.688, 2.625], "texture": "#0"},
				"up": {"uv": [0, 0, 2.688, 2.625], "texture": "#0"},
				"down": {"uv": [0, 0, 2.688, 2.625], "texture": "#0"}
			}
		}
	],
	"display": {
		"gui": {
			"rotation": [30, -45, 0],
			"scale": [1, 1, 1]
		},
 "firstperson": {
			"rotation": [10, 30, 0],
			"scale": [0.8, 0.8, 0.8]
, "translation": [0, 2, 0]
		}, "thirdperson": {
			"rotation": [0, 90, 0],
			"scale": [0.8, 0.8, 0.8]
, "translation": [0, 3, 0]
		},		"head": {
			"rotation": [90, 90, 0]
		}
	},
	"groups": [
		{
			"name": "outer",
			"origin": [8, 8, 8],
			"children": [0, 1, 2, 3, 4, 5, 6, 7]
		},
		{
			"name": "inner",
			"origin": [8, 8, 8],
			"children": [8, 9, 10, 11, 12, 13, 14, 15]
		}, 16, 17]
}