{
    "__comment": "Model generated using MrCrayfish's Model Creator (http://mrcrayfish.com/modelcreator/)",
    "textures": {
        "0": "blocks/wool_colored_black"
    },
    "elements": [
        {
            "name": "Cube",
            "from": [ 7.0, 7.0, 7.0 ], 
            "to": [ 9.0, 9.0, 9.0 ], 
            "faces": {
                "north": { "texture": "#0", "uv": [ 0.0, 0.0, 2.0, 2.0 ] },
                "east": { "texture": "#0", "uv": [ 0.0, 0.0, 2.0, 2.0 ] },
                "south": { "texture": "#0", "uv": [ 0.0, 0.0, 2.0, 2.0 ] },
                "west": { "texture": "#0", "uv": [ 0.0, 0.0, 2.0, 2.0 ] },
                "up": { "texture": "#0", "uv": [ 0.0, 0.0, 2.0, 2.0 ] },
                "down": { "texture": "#0", "uv": [ 0.0, 0.0, 2.0, 2.0 ] }
            }
        }
    ]
}