{"__comment":"Designed by Hypixel minecraft server with BDcraft Cubik PRO 0.95 Beta - http://bdcraft.net","textures":{"particle":"blocks/ninjastaranim","texture":"blocks/ninjastaranim"},"elements":[{"from":[0,7.9375,0],"to":[16,8,16],"faces":{"down":{"uv":[16,16,0,0],"texture":"#texture"},"up":{"uv":[0,0,16,16],"texture":"#texture"}}}],"display":{"head":{"rotation":[0,0,0],"translation":[0,-7.9,-15],"scale":[3,3,3]},"firstperson":{"rotation":[-11,-57,6],"translation":[-10.7,4.7,-4.3],"scale":[2,2,2]}}}