{
	"credit": "Made with Blockbench",
	"textures": {
		"6": "blocks/ThanosCar1",
		"7": "blocks/car2",
		"texture": "blocks/ThanosCar1",
		"planks_oak": "blocks/planks_oak",
		"stone_slab_side": "blocks/stone_slab_side",
		"coal_block": "blocks/coal_block",
		"glass": "blocks/glass",
		"particle": "blocks/ThanosCar1"
	},
	"elements": [
		{
			"from": [-16, -8, -4],
			"to": [-7, 0, 4],
			"faces": {
				"north": {"uv": [0, 0, 16, 16], "texture": "#7", "cullface": "west"},
				"south": {"uv": [0, 0, 16, 16], "texture": "#texture", "cullface": "west"},
				"west": {"uv": [0, 0, 16, 16], "texture": "#7", "cullface": "west"},
				"up": {"uv": [0, 0, 16, 16], "rotation": 90, "texture": "#7", "cullface": "west"},
				"down": {"uv": [0, 0, 16, 16], "texture": "#7", "cullface": "west"}
			}
		},
		{
			"from": [-16, -8, 12],
			"to": [-7, 0, 20],
			"faces": {
				"north": {"uv": [0, 0, 16, 16], "texture": "#texture", "cullface": "west"},
				"south": {"uv": [0, 0, 16, 16], "texture": "#7", "cullface": "west"},
				"west": {"uv": [0, 0, 16, 16], "texture": "#7", "cullface": "west"},
				"up": {"uv": [0, 0, 16, 16], "rotation": 90, "texture": "#7", "cullface": "west"},
				"down": {"uv": [0, 0, 16, 16], "texture": "#7", "cullface": "west"}
			}
		},
		{
			"from": [-16, -8, 4],
			"to": [-7, 0, 12],
			"faces": {
				"east": {"uv": [0, 0, 0, 0], "texture": "#6"},
				"west": {"uv": [0, 0, 16, 8], "texture": "#7", "cullface": "west"},
				"up": {"uv": [0, 0, 0, 0], "texture": "#7"},
				"down": {"uv": [0, 0, 16, 16], "texture": "#7", "cullface": "west"}
			}
		},
		{
			"from": [-16, -8, -4],
			"to": [-15, -1, 20],
			"faces": {
				"north": {"uv": [0, 1, 8, 6], "texture": "#coal_block", "cullface": "west"},
				"south": {"uv": [0, 1, 8, 6], "texture": "#coal_block", "cullface": "west"},
				"west": {"uv": [0, 1, 4, 6], "texture": "#coal_block", "cullface": "west"},
				"up": {"uv": [0, 1.5, 7, 5], "rotation": 90, "texture": "#coal_block", "cullface": "west"},
				"down": {"uv": [0, 1.5, 7, 5], "texture": "#coal_block", "cullface": "west"}
			}
		},
		{
			"from": [-7, 0, 12],
			"to": [1, 4, 20],
			"faces": {
				"south": {"uv": [0, 0, 16, 9], "texture": "#6", "cullface": "west"},
				"west": {"uv": [0, 0, 16, 8], "texture": "#6", "cullface": "west"},
				"up": {"uv": [0, 0, 16, 16], "rotation": 90, "texture": "#6", "cullface": "west"}
			}
		},
		{
			"from": [-15, 0, 4],
			"to": [-7, 4, 12],
			"faces": {
				"west": {"uv": [0, 0, 16, 8], "texture": "#stone_slab_side", "cullface": "west"},
				"down": {"uv": [0, 0, 16, 16], "texture": "#stone_slab_side", "cullface": "west"}
			}
		},
		{
			"from": [-7, 0, -4],
			"to": [1, 4, 4],
			"faces": {
				"north": {"uv": [0, 0, 16, 8], "texture": "#6", "cullface": "west"},
				"west": {"uv": [0, 0, 16, 8], "texture": "#6", "cullface": "west"},
				"up": {"uv": [0, 0, 16, 16], "rotation": 90, "texture": "#6", "cullface": "west"}
			}
		},
		{
			"from": [-7, -4, 4],
			"to": [1, 0, 12],
			"faces": {
				"down": {"uv": [0, 0, 16, 16], "texture": "#texture", "cullface": "west"}
			}
		},
		{
			"from": [-7, 0, 4],
			"to": [1, 4, 12],
			"faces": {
				"up": {"uv": [0, 0, 16, 16], "rotation": 90, "texture": "#6", "cullface": "west"}
			}
		},
		{
			"from": [-7, -8, 12],
			"to": [1, 0, 20],
			"faces": {
				"north": {"uv": [0, 0, 16, 16], "texture": "#coal_block", "cullface": "west"},
				"east": {"uv": [0, 0, 16, 16], "texture": "#coal_block", "cullface": "west"},
				"south": {"uv": [0, 0, 16, 16], "texture": "#coal_block", "cullface": "west"},
				"down": {"uv": [0, 0, 16, 16], "texture": "#coal_block", "cullface": "west"}
			}
		},
		{
			"from": [-7, -8, -4],
			"to": [1, 0, 4],
			"faces": {
				"north": {"uv": [0, 0, 16, 16], "texture": "#coal_block", "cullface": "west"},
				"east": {"uv": [0, 0, 16, 16], "texture": "#coal_block", "cullface": "west"},
				"south": {"uv": [0, 0, 16, 16], "texture": "#coal_block", "cullface": "west"},
				"down": {"uv": [0, 0, 16, 16], "texture": "#coal_block", "cullface": "west"}
			}
		},
		{
			"from": [17, -8, 12],
			"to": [25, 0, 20],
			"faces": {
				"north": {"uv": [0, 0, 16, 16], "texture": "#texture", "cullface": "east"},
				"east": {"uv": [0, 0, 16, 16], "texture": "#coal_block", "cullface": "east"},
				"south": {"uv": [0, 0, 16, 16], "texture": "#coal_block", "cullface": "east"},
				"west": {"uv": [0, 0, 16, 16], "texture": "#coal_block", "cullface": "east"},
				"down": {"uv": [0, 0, 16, 16], "texture": "#coal_block", "cullface": "east"}
			}
		},
		{
			"from": [17, -8, -4],
			"to": [25, 0, 4],
			"faces": {
				"north": {"uv": [0, 0, 16, 16], "texture": "#coal_block", "cullface": "east"},
				"east": {"uv": [0, 0, 16, 16], "texture": "#coal_block", "cullface": "east"},
				"south": {"uv": [0, 0, 16, 16], "texture": "#texture", "cullface": "east"},
				"west": {"uv": [0, 0, 16, 16], "texture": "#coal_block", "cullface": "east"},
				"down": {"uv": [0, 0, 16, 16], "texture": "#coal_block", "cullface": "east"}
			}
		},
		{
			"from": [9, 0, 12],
			"to": [25, 4, 20],
			"faces": {
				"north": {"uv": [0, 0, 0, 0], "texture": "#texture"},
				"south": {"uv": [0, 0, 16, 9], "texture": "#texture", "cullface": "east"},
				"up": {"uv": [0, 0, 16, 16], "rotation": 90, "texture": "#texture", "cullface": "east"}
			}
		},
		{
			"from": [9, 0, -4],
			"to": [25, 4, 4],
			"faces": {
				"north": {"uv": [0, 0, 16, 8], "texture": "#texture", "cullface": "east"},
				"south": {"uv": [0, 0, 0, 0], "texture": "#6"},
				"up": {"uv": [0, 0, 16, 16], "rotation": 90, "texture": "#texture", "cullface": "east"}
			}
		},
		{
			"from": [1, 0, 12],
			"to": [9, 8, 20],
			"faces": {
				"south": {"uv": [0, 0, 16, 16], "texture": "#glass", "cullface": "south"},
				"west": {"uv": [0, 0, 16, 16], "texture": "#glass", "cullface": "south"}
			}
		},
		{
			"from": [1, 0, 4],
			"to": [9, 8, 12],
			"faces": {
				"west": {"uv": [0, 0, 16, 16], "texture": "#glass"}
			}
		},
		{
			"from": [1, 0, -4],
			"to": [9, 8, 4],
			"faces": {
				"north": {"uv": [0, 0, 16, 16], "texture": "#glass", "cullface": "north"},
				"west": {"uv": [0, 0, 16, 16], "texture": "#glass", "cullface": "north"}
			}
		},
		{
			"from": [9, 0, 4],
			"to": [17, 8, 12],
			"faces": {
				"east": {"uv": [0, 0, 0, 0], "texture": "#texture"},
				"down": {"uv": [0, 0, 16, 16], "texture": "#glass", "cullface": "east"}
			}
		},
		{
			"from": [25, -4, 12],
			"to": [31, 0, 20],
			"faces": {
				"east": {"uv": [0, 0, 16, 9], "texture": "#6", "cullface": "east"},
				"south": {"uv": [0, 0, 16, 9], "texture": "#6", "cullface": "east"},
				"down": {"uv": [0, 0, 16, 16], "texture": "#6", "cullface": "east"}
			}
		},
		{
			"from": [25, -7, 12],
			"to": [28, -4, 20],
			"faces": {
				"north": {"uv": [0, 0, 16, 8], "texture": "#6", "cullface": "east"},
				"east": {"uv": [0, 0, 16, 9], "texture": "#6", "cullface": "east"},
				"south": {"uv": [0, 0, 16, 9], "texture": "#6", "cullface": "east"},
				"down": {"uv": [0, 0, 16, 16], "texture": "#6", "cullface": "east"}
			}
		},
		{
			"from": [25, -7, -4],
			"to": [28, -4, 4],
			"faces": {
				"north": {"uv": [0, 0, 16, 8], "texture": "#6", "cullface": "east"},
				"east": {"uv": [0, 0, 16, 9], "texture": "#6", "cullface": "east"},
				"south": {"uv": [0, 0, 16, 9], "texture": "#6", "cullface": "east"},
				"down": {"uv": [0, 0, 16, 16], "texture": "#6", "cullface": "east"}
			}
		},
		{
			"from": [25, -4, -4],
			"to": [31, 0, 4],
			"faces": {
				"north": {"uv": [0, 0, 16, 8], "texture": "#6", "cullface": "east"},
				"east": {"uv": [0, 0, 16, 9], "texture": "#6", "cullface": "east"},
				"down": {"uv": [0, 0, 16, 16], "texture": "#6", "cullface": "east"}
			}
		},
		{
			"from": [-4, -4.5, 20],
			"to": [-2, -3.5, 21],
			"faces": {
				"east": {"uv": [0, 1, 4, 6], "texture": "#planks_oak", "cullface": "west"},
				"south": {"uv": [0, 1, 8, 6], "texture": "#planks_oak", "cullface": "west"},
				"west": {"uv": [0, 1, 4, 6], "texture": "#planks_oak", "cullface": "west"},
				"up": {"uv": [0, 1.5, 7, 5], "rotation": 90, "texture": "#planks_oak", "cullface": "west"},
				"down": {"uv": [0, 1.5, 7, 5], "texture": "#planks_oak", "cullface": "west"}
			}
		},
		{
			"from": [20, -4.5, 20],
			"to": [22, -3.5, 21],
			"faces": {
				"east": {"uv": [0, 1, 4, 6], "texture": "#planks_oak", "cullface": "east"},
				"south": {"uv": [0, 1, 8, 6], "texture": "#planks_oak", "cullface": "east"},
				"west": {"uv": [0, 1, 4, 6], "texture": "#planks_oak", "cullface": "east"},
				"up": {"uv": [0, 1.5, 7, 5], "rotation": 90, "texture": "#planks_oak", "cullface": "east"},
				"down": {"uv": [0, 1.5, 7, 5], "texture": "#planks_oak", "cullface": "east"}
			}
		},
		{
			"from": [9, 8, 12],
			"to": [17, 13, 20],
			"faces": {
				"east": {"uv": [0, 0, 16, 16], "texture": "#texture", "cullface": "east"},
				"south": {"uv": [0, 0, 16, 16], "texture": "#texture", "cullface": "east"},
				"west": {"uv": [0, 0, 16, 16], "texture": "#texture", "cullface": "east"},
				"up": {"uv": [0, 0, 16, 16], "rotation": 90, "texture": "#texture", "cullface": "east"}
			}
		},
		{
			"from": [1, 8, 4],
			"to": [9, 12, 12],
			"faces": {
				"up": {"uv": [0, 0, 16, 16], "rotation": 90, "texture": "#6"}
			}
		},
		{
			"from": [1, 8, -4],
			"to": [9, 12, 4],
			"faces": {
				"north": {"uv": [0, 0, 16, 8], "texture": "#texture", "cullface": "north"},
				"up": {"uv": [0, 0, 16, 16], "rotation": 90, "texture": "#6", "cullface": "north"}
			}
		},
		{
			"from": [1, 8, 12],
			"to": [9, 12, 20],
			"faces": {
				"south": {"uv": [0, 0, 16, 9], "texture": "#texture", "cullface": "south"},
				"up": {"uv": [0, 0, 16, 16], "rotation": 90, "texture": "#texture", "cullface": "south"}
			}
		},
		{
			"from": [-7, 8, 12],
			"to": [1, 12, 20],
			"faces": {
				"south": {"uv": [0, 0, 16, 9], "texture": "#texture", "cullface": "west"},
				"west": {"uv": [0, 0, 16, 8], "texture": "#texture", "cullface": "west"},
				"up": {"uv": [0, 0, 16, 16], "rotation": 90, "texture": "#6", "cullface": "west"},
				"down": {"uv": [0, 0, 16, 16], "texture": "#texture", "cullface": "west"}
			}
		},
		{
			"from": [-7, 8, 4],
			"to": [1, 12, 12],
			"faces": {
				"west": {"uv": [0, 0, 16, 8], "texture": "#texture", "cullface": "west"},
				"up": {"uv": [0, 0, 16, 16], "rotation": 90, "texture": "#6", "cullface": "west"},
				"down": {"uv": [0, 0, 16, 16], "texture": "#texture", "cullface": "west"}
			}
		},
		{
			"from": [-7, 8, -4],
			"to": [1, 12, 4],
			"faces": {
				"north": {"uv": [0, 0, 16, 8], "texture": "#texture", "cullface": "west"},
				"west": {"uv": [0, 0, 16, 8], "texture": "#texture", "cullface": "west"},
				"up": {"uv": [0, 0, 16, 16], "rotation": 90, "texture": "#6", "cullface": "west"},
				"down": {"uv": [0, 0, 16, 16], "texture": "#texture", "cullface": "west"}
			}
		},
		{
			"from": [9, 8, 4],
			"to": [17, 13, 12],
			"faces": {
				"east": {"uv": [0, 0, 0, 0], "texture": "#texture"},
				"west": {"uv": [0, 0, 16, 16], "texture": "#texture", "cullface": "east"},
				"up": {"uv": [0, 0, 16, 16], "rotation": 90, "texture": "#texture", "cullface": "east"}
			}
		},
		{
			"from": [9, 8, -4],
			"to": [17, 13, 4],
			"faces": {
				"north": {"uv": [0, 0, 16, 16], "texture": "#texture", "cullface": "east"},
				"east": {"uv": [0, 0, 16, 16], "texture": "#texture", "cullface": "east"},
				"west": {"uv": [0, 0, 16, 16], "texture": "#texture", "cullface": "east"},
				"up": {"uv": [0, 0, 16, 16], "rotation": 90, "texture": "#texture", "cullface": "east"}
			}
		},
		{
			"from": [25, 0, 12],
			"to": [32, 4, 20],
			"faces": {
				"north": {"uv": [0, 0, 0, 0], "texture": "#6"},
				"east": {"uv": [0, 0, 16, 9], "texture": "#texture", "cullface": "east"},
				"south": {"uv": [0, 0, 16, 9], "texture": "#texture", "cullface": "east"},
				"up": {"uv": [0, 0, 16, 16], "rotation": 90, "texture": "#texture", "cullface": "east"},
				"down": {"uv": [0, 0, 16, 16], "texture": "#texture", "cullface": "east"}
			}
		},
		{
			"from": [25, 0, -4],
			"to": [32, 4, 4],
			"faces": {
				"north": {"uv": [0, 0, 16, 8], "texture": "#texture", "cullface": "east"},
				"east": {"uv": [0, 0, 16, 9], "texture": "#texture", "cullface": "east"},
				"south": {"uv": [0, 0, 0, 0], "texture": "#6"},
				"up": {"uv": [0, 0, 16, 16], "rotation": 90, "texture": "#texture", "cullface": "east"},
				"down": {"uv": [0, 0, 16, 16], "texture": "#texture", "cullface": "east"}
			}
		},
		{
			"from": [25, -4, 4],
			"to": [32, 0, 12],
			"faces": {
				"north": {"uv": [0, 0, 16, 8], "texture": "#stone_slab_side", "cullface": "east"},
				"east": {"uv": [0, 0, 16, 9], "texture": "#stone_slab_side", "cullface": "east"},
				"south": {"uv": [0, 0, 16, 9], "texture": "#stone_slab_side", "cullface": "east"},
				"west": {"uv": [0, 0, 16, 8], "texture": "#stone_slab_side", "cullface": "east"},
				"up": {"uv": [0, 0, 0, 0], "texture": "#6"},
				"down": {"uv": [0, 0, 16, 16], "texture": "#stone_slab_side", "cullface": "east"}
			}
		},
		{
			"from": [1, -8, 0],
			"to": [9, -4, 4],
			"faces": {
				"north": {"uv": [0, 0, 16, 8], "texture": "#6", "cullface": "down"},
				"south": {"uv": [0, 0, 16, 9], "texture": "#6", "cullface": "down"},
				"down": {"uv": [0, 0, 16, 16], "texture": "#6", "cullface": "down"}
			}
		},
		{
			"from": [9, -4, -4],
			"to": [17, 0, 4],
			"faces": {
				"north": {"uv": [0, 0, 16, 8], "texture": "#6", "cullface": "east"},
				"south": {"uv": [0, 0, 16, 9], "texture": "#6", "cullface": "east"},
				"down": {"uv": [0, 0, 16, 16], "texture": "#6", "cullface": "east"}
			}
		},
		{
			"from": [9, -8, 0],
			"to": [17, -4, 4],
			"faces": {
				"north": {"uv": [0, 0, 16, 8], "texture": "#6", "cullface": "east"},
				"south": {"uv": [0, 0, 16, 9], "texture": "#6", "cullface": "east"},
				"down": {"uv": [0, 0, 16, 16], "texture": "#6", "cullface": "east"}
			}
		},
		{
			"from": [1, -4, 4],
			"to": [9, 0, 12],
			"faces": {
				"east": {"uv": [0, 0, 16, 9], "texture": "#6", "cullface": "down"},
				"down": {"uv": [0, 0, 16, 16], "texture": "#6", "cullface": "down"}
			}
		},
		{
			"from": [1, -4, -4],
			"to": [9, 0, 4],
			"faces": {
				"north": {"uv": [0, 0, 16, 8], "texture": "#6", "cullface": "north"},
				"down": {"uv": [0, 0, 16, 16], "texture": "#6", "cullface": "north"}
			}
		},
		{
			"from": [1, -4, 12],
			"to": [9, 0, 20],
			"faces": {
				"south": {"uv": [0, 0, 16, 9], "texture": "#6", "cullface": "south"},
				"down": {"uv": [0, 0, 16, 16], "texture": "#6", "cullface": "south"}
			}
		},
		{
			"from": [1, -8, 12],
			"to": [9, -4, 16],
			"faces": {
				"north": {"uv": [0, 0, 16, 8], "texture": "#6", "cullface": "down"},
				"south": {"uv": [0, 0, 16, 9], "texture": "#6", "cullface": "down"},
				"down": {"uv": [0, 0, 16, 16], "texture": "#6", "cullface": "down"}
			}
		},
		{
			"from": [9, -4, 12],
			"to": [17, 0, 20],
			"faces": {
				"north": {"uv": [0, 0, 16, 8], "texture": "#6", "cullface": "east"},
				"south": {"uv": [0, 0, 16, 9], "texture": "#6", "cullface": "east"},
				"down": {"uv": [0, 0, 16, 16], "texture": "#6", "cullface": "east"}
			}
		},
		{
			"from": [9, -8, 12],
			"to": [17, -4, 16],
			"faces": {
				"north": {"uv": [0, 0, 16, 8], "texture": "#6", "cullface": "east"},
				"south": {"uv": [0, 0, 16, 9], "texture": "#6", "cullface": "east"},
				"down": {"uv": [0, 0, 16, 16], "texture": "#6", "cullface": "east"}
			}
		},
		{
			"from": [-15, 0, 4],
			"to": [-7, 4, 12],
			"faces": {
				"north": {"uv": [0, 0, 16, 8], "texture": "#stone_slab_side", "cullface": "west"},
				"south": {"uv": [0, 0, 16, 9], "texture": "#stone_slab_side", "cullface": "west"},
				"west": {"uv": [0, 0, 16, 8], "texture": "#stone_slab_side", "cullface": "west"},
				"up": {"uv": [0, 0, 16, 16], "rotation": 90, "texture": "#stone_slab_side", "cullface": "west"}
			}
		},
		{
			"from": [20, -4.5, -5],
			"to": [22, -3.5, -4],
			"faces": {
				"north": {"uv": [0, 1, 8, 6], "texture": "#planks_oak", "cullface": "east"},
				"east": {"uv": [0, 1, 4, 6], "texture": "#planks_oak", "cullface": "east"},
				"west": {"uv": [0, 1, 4, 6], "texture": "#planks_oak", "cullface": "east"},
				"up": {"uv": [0, 1.5, 7, 5], "rotation": 90, "texture": "#planks_oak", "cullface": "east"},
				"down": {"uv": [0, 1.5, 7, 5], "texture": "#planks_oak", "cullface": "east"}
			}
		},
		{
			"from": [-4, -4.5, -5],
			"to": [-2, -3.5, -4],
			"faces": {
				"north": {"uv": [0, 1, 8, 6], "texture": "#planks_oak", "cullface": "west"},
				"east": {"uv": [0, 1, 4, 6], "texture": "#planks_oak", "cullface": "west"},
				"west": {"uv": [0, 1, 4, 6], "texture": "#planks_oak", "cullface": "west"},
				"up": {"uv": [0, 1.5, 7, 5], "rotation": 90, "texture": "#planks_oak", "cullface": "west"},
				"down": {"uv": [0, 1.5, 7, 5], "texture": "#planks_oak", "cullface": "west"}
			}
		},
		{
			"from": [9, 0, -4],
			"to": [17, 8, 4],
			"faces": {
				"north": {"uv": [0, 0, 16, 8], "texture": "#texture", "cullface": "east"},
				"east": {"uv": [0, 0, 0, 0], "texture": "#6"},
				"up": {"uv": [0, 0, 16, 16], "rotation": 90, "texture": "#texture", "cullface": "east"}
			}
		},
		{
			"from": [9, 0, 12],
			"to": [17, 8, 20],
			"faces": {
				"north": {"uv": [0, 0, 16, 8], "texture": "#texture", "cullface": "east"},
				"east": {"uv": [0, 0, 0, 0], "texture": "#6"},
				"south": {"uv": [0, 0, 0, 0], "texture": "#6"},
				"up": {"uv": [0, 0, 16, 16], "rotation": 90, "texture": "#texture", "cullface": "east"}
			}
		},
		{
			"from": [9, -4, 4],
			"to": [25, 0, 12],
			"faces": {
				"north": {"uv": [0, 0, 0, 0], "texture": "#texture"},
				"south": {"uv": [0, 0, 16, 9], "texture": "#texture", "cullface": "east"},
				"up": {"uv": [0, 0, 16, 16], "rotation": 90, "texture": "#texture", "cullface": "east"}
			}
		},
		{
			"from": [17, 4, 12],
			"to": [32, 6, 20],
			"faces": {
				"north": {"uv": [0, 0, 16, 8], "texture": "#coal_block", "cullface": "east"},
				"east": {"uv": [0, 0, 16, 9], "texture": "#coal_block", "cullface": "east"},
				"south": {"uv": [0, 0, 0, 0], "texture": "#coal_block"},
				"up": {"uv": [0, 0, 16, 16], "rotation": 90, "texture": "#coal_block", "cullface": "east"},
				"down": {"uv": [0, 0, 16, 16], "texture": "#texture", "cullface": "east"}
			}
		},
		{
			"from": [17, 4, -4],
			"to": [32, 6, 4],
			"faces": {
				"north": {"uv": [0, 0, 16, 8], "texture": "#coal_block", "cullface": "east"},
				"east": {"uv": [0, 0, 16, 9], "texture": "#coal_block", "cullface": "east"},
				"south": {"uv": [0, 0, 0, 0], "texture": "#coal_block"},
				"up": {"uv": [0, 0, 16, 16], "rotation": 90, "texture": "#coal_block", "cullface": "east"},
				"down": {"uv": [0, 0, 16, 16], "texture": "#texture", "cullface": "east"}
			}
		},
		{
			"from": [-15, 0, -4],
			"to": [-7, 2, 4],
			"faces": {
				"north": {"uv": [0, 0, 16, 8], "texture": "#6", "cullface": "west"},
				"south": {"uv": [0, 0, 16, 9], "texture": "#stone_slab_side", "cullface": "west"},
				"west": {"uv": [0, 0, 16, 8], "texture": "#6", "cullface": "west"},
				"up": {"uv": [0, 0, 16, 16], "rotation": 90, "texture": "#6", "cullface": "west"}
			}
		},
		{
			"from": [-15, 0, 12],
			"to": [-7, 2, 20],
			"faces": {
				"north": {"uv": [0, 0, 16, 8], "texture": "#stone_slab_side", "cullface": "west"},
				"south": {"uv": [0, 0, 16, 9], "texture": "#6", "cullface": "west"},
				"west": {"uv": [0, 0, 16, 8], "texture": "#6", "cullface": "west"},
				"up": {"uv": [0, 0, 16, 16], "rotation": 90, "texture": "#6", "cullface": "west"}
			}
		}
	],
	"display": {
		"head": {
			"rotation": [180, -90, 0],
			"translation": [0, -2, -4],
			"scale": [2, 2, 2]
		}
	}
}