{"__comment":"Designed by Roddan with BDcraft Cubik PRO 0.93 Beta - http://bdcraft.net","ambientocclusion":false,"textures":{"Face Texture":"blocks/Beepsheep","Afro":"blocks/Beepsheep2"},"elements":[{"from":[5,0,8],"to":[11,0.5,11],"faces":{"down":{"uv":[5.5,15.5,11.5,16],"texture":"#Face Texture"},"up":{"uv":[5.5,15.5,11.5,16],"texture":"#Face Texture"},"north":{"uv":[5.5,15.5,11.5,16],"texture":"#Face Texture"},"south":{"uv":[11.5,15.5,5.5,16],"texture":"#Face Texture"},"west":{"uv":[11,15.5,11.5,16],"texture":"#Face Texture"},"east":{"uv":[5.5,15.5,6,16],"texture":"#Face Texture"}}},{"from":[5.5,0.5,11],"to":[10.5,1,11.5],"faces":{"down":{"uv":[6,15,11,15.5],"texture":"#Face Texture"},"up":{"uv":[6,15,11,15.5],"texture":"#Face Texture"},"north":{"uv":[6,15,11,15.5],"texture":"#Face Texture"},"south":{"uv":[11,15,6,15.5],"texture":"#Face Texture"},"west":{"uv":[10.5,15,11,15.5],"texture":"#Face Texture"},"east":{"uv":[6,15,6.5,15.5],"texture":"#Face Texture"}}},{"from":[6,1.5,11.5],"to":[10,3.5,12],"faces":{"down":{"uv":[6.5,14,10.5,14.5],"texture":"#Face Texture"},"up":{"uv":[6.5,12.5,10.5,13],"texture":"#Face Texture"},"north":{"uv":[6.5,12.5,10.5,14.5],"texture":"#Face Texture"},"south":{"uv":[10.5,12.5,6.5,14.5],"texture":"#Face Texture"},"west":{"uv":[6.5,12.5,7,14.5],"texture":"#Face Texture"},"east":{"uv":[10,12.5,10.5,14.5],"texture":"#Face Texture"}}},{"from":[5,1.5,11],"to":[11,3.5,11.5],"faces":{"down":{"uv":[5.5,14,11.5,14.5],"texture":"#Face Texture"},"up":{"uv":[5.5,12.5,11.5,13],"texture":"#Face Texture"},"north":{"uv":[5.5,12.5,11.5,14.5],"texture":"#Face Texture"},"south":{"uv":[11.5,12.5,5.5,14.5],"texture":"#Face Texture"},"west":{"uv":[11,12.5,11.5,14.5],"texture":"#Face Texture"},"east":{"uv":[5.5,12.5,6,14.5],"texture":"#Face Texture"}}},{"from":[4.5,1,10],"to":[11.5,3.5,11],"faces":{"down":{"uv":[5,14.5,12,15],"texture":"#Face Texture"},"up":{"uv":[5,12.5,12,13],"texture":"#Face Texture"},"north":{"uv":[5,12.5,12,15],"texture":"#Face Texture"},"south":{"uv":[12,12.5,5,15],"texture":"#Face Texture"},"west":{"uv":[11,12.5,12,15],"texture":"#Face Texture"},"east":{"uv":[5,12.5,6,15],"texture":"#Face Texture"}}},{"from":[4,0.5,7.5],"to":[12,1,10],"faces":{"down":{"uv":[4.5,15,12.5,15.5],"texture":"#Face Texture"},"up":{"uv":[4.5,15,12.5,15.5],"texture":"#Face Texture"},"north":{"uv":[4.5,15,12.5,15.5],"texture":"#Face Texture"},"south":{"uv":[12.5,15,4.5,15.5],"texture":"#Face Texture"},"west":{"uv":[4.5,15,5,15.5],"texture":"#Face Texture"},"east":{"uv":[4.5,15,5,15.5],"texture":"#Face Texture"}}},{"from":[4.5,0.5,10],"to":[11.5,1,11],"faces":{"down":{"uv":[5,15,12,15.5],"texture":"#Face Texture"},"up":{"uv":[5,15,12,15.5],"texture":"#Face Texture"},"north":{"uv":[5,15,12,15.5],"texture":"#Face Texture"},"south":{"uv":[12,15,5,15.5],"texture":"#Face Texture"},"west":{"uv":[11,15,12,15.5],"texture":"#Face Texture"},"east":{"uv":[5,15,6,15.5],"texture":"#Face Texture"}}},{"from":[6,3.5,10.5],"to":[10,4,11.5],"faces":{"down":{"uv":[6.5,12,10.5,12.5],"texture":"#Face Texture"},"up":{"uv":[6.5,12,10.5,12.5],"texture":"#Face Texture"},"north":{"uv":[6.5,12,10.5,12.5],"texture":"#Face Texture"},"south":{"uv":[10.5,12,6.5,12.5],"texture":"#Face Texture"},"west":{"uv":[6.5,12,7,12.5],"texture":"#Face Texture"},"east":{"uv":[10,12,10.5,12.5],"texture":"#Face Texture"}}},{"from":[6,4,10.5],"to":[10,4.5,11],"faces":{"down":{"uv":[6.5,11.5,10.5,12],"texture":"#Face Texture"},"up":{"uv":[6.5,11.5,10.5,12],"texture":"#Face Texture"},"north":{"uv":[6.5,11.5,10.5,12],"texture":"#Face Texture"},"south":{"uv":[10.5,11.5,6.5,12],"texture":"#Face Texture"},"west":{"uv":[6.5,11.5,7,12],"texture":"#Face Texture"},"east":{"uv":[10,11.5,10.5,12],"texture":"#Face Texture"}}},{"from":[6.5,4.5,10],"to":[9.5,5,10.5],"faces":{"down":{"uv":[10,11,7,10.5],"texture":"#Face Texture"},"up":{"uv":[7,10.5,10,11],"texture":"#Face Texture"},"north":{"uv":[7,11,10,11.5],"texture":"#Face Texture"},"south":{"uv":[10,11,7,11.5],"texture":"#Face Texture"},"west":{"uv":[7,11,7.5,11.5],"texture":"#Face Texture"},"east":{"uv":[9.5,11,10,11.5],"texture":"#Face Texture"}}},{"from":[7,5,9.5],"to":[9,5.5,10],"faces":{"down":{"uv":[9.5,11,7.5,10.5],"texture":"#Face Texture"},"up":{"uv":[7.5,10.5,9.5,11],"texture":"#Face Texture"},"north":{"uv":[7.5,10.5,9.5,11],"texture":"#Face Texture"},"south":{"uv":[9.5,10.5,7.5,11],"texture":"#Face Texture"},"west":{"uv":[7.5,10.5,8,11],"texture":"#Face Texture"},"east":{"uv":[9,10.5,9.5,11],"texture":"#Face Texture"}}},{"from":[6.5,5.5,9],"to":[9.5,6,9.5],"faces":{"down":{"uv":[7,10,10,10.5],"texture":"#Face Texture"},"up":{"uv":[7,10,10,10.5],"texture":"#Face Texture"},"north":{"uv":[7,10,10,10.5],"texture":"#Face Texture"},"south":{"uv":[10,10,7,10.5],"texture":"#Face Texture"},"west":{"uv":[7,10,7.5,10.5],"texture":"#Face Texture"},"east":{"uv":[10,10,10.5,10.5],"texture":"#Face Texture"}}},{"from":[4.5,1,7],"to":[11.5,1.5,8],"faces":{"down":{"uv":[5,14.5,12,15],"texture":"#Face Texture"},"up":{"uv":[5,14.5,12,15],"texture":"#Face Texture"},"north":{"uv":[5,14.5,12,15],"texture":"#Face Texture"},"south":{"uv":[12,14.5,5,15],"texture":"#Face Texture"},"west":{"uv":[14.5,5,15,5.5],"texture":"#Face Texture"},"east":{"uv":[14.5,5,15,5.5],"texture":"#Face Texture"}}},{"from":[5.5,1,10.5],"to":[10.5,1.5,11.5],"faces":{"down":{"uv":[10.5,11.5,5.5,10.5],"texture":"#Face Texture"},"up":{"uv":[5.5,10.5,10.5,11.5],"texture":"#Face Texture"},"north":{"uv":[5.5,14.5,10.5,15],"texture":"#Face Texture"},"south":{"uv":[5.5,14.5,10.5,15],"texture":"#Face Texture"},"west":{"uv":[10.5,14.5,11.5,15],"texture":"#Face Texture"},"east":{"uv":[4.5,14.5,5.5,15],"texture":"#Face Texture"}}},{"from":[6.5,1,11.5],"to":[9.5,1.5,12],"faces":{"down":{"uv":[7,14.5,10,15],"texture":"#Face Texture"},"up":{"uv":[7,14.5,10,15],"texture":"#Face Texture"},"north":{"uv":[7,14.5,10,15],"texture":"#Face Texture"},"south":{"uv":[7,14.5,10,15],"texture":"#Face Texture"},"west":{"uv":[9.5,14.5,10,15],"texture":"#Face Texture"},"east":{"uv":[7,14.5,7.5,15],"texture":"#Face Texture"}}},{"from":[4.5,0,8.5],"to":[5,0.5,10.5],"faces":{"down":{"uv":[11.5,10.5,11,8.5],"texture":"#Face Texture"},"up":{"uv":[4.5,8.5,5,10.5],"texture":"#Face Texture"},"north":{"uv":[11,15.5,11.5,16],"texture":"#Face Texture"},"south":{"uv":[4.5,15.5,5,16],"texture":"#Face Texture"},"west":{"uv":[8.5,15.5,10.5,16],"texture":"#Face Texture"},"east":{"uv":[5.5,15.5,7.5,16],"texture":"#Face Texture"}}},{"from":[11,0,8.5],"to":[11.5,0.5,10.5],"faces":{"down":{"uv":[5,15.5,12,16],"texture":"#Face Texture"},"up":{"uv":[5,15.5,12,16],"texture":"#Face Texture"},"north":{"uv":[5,15.5,12,16],"texture":"#Face Texture"},"south":{"uv":[12,15.5,5,16],"texture":"#Face Texture"},"west":{"uv":[11.5,15.5,12,16],"texture":"#Face Texture"},"east":{"uv":[5,15.5,5.5,16],"texture":"#Face Texture"}}},{"from":[3.5,1,7.5],"to":[12.5,3.5,9.5],"faces":{"down":{"uv":[4,14.5,13,15],"texture":"#Face Texture"},"up":{"uv":[4,12.5,13,13],"texture":"#Face Texture"},"north":{"uv":[4,12.5,13,15],"texture":"#Face Texture"},"south":{"uv":[13,12.5,4,15],"texture":"#Face Texture"},"west":{"uv":[4,12.5,4.5,15],"texture":"#Face Texture"},"east":{"uv":[12.5,12.5,13,15],"texture":"#Face Texture"}}},{"from":[4,1,9.5],"to":[12,3.5,10],"faces":{"down":{"uv":[4.5,14.5,12.5,15],"texture":"#Face Texture"},"up":{"uv":[4.5,12.5,12.5,13],"texture":"#Face Texture"},"north":{"uv":[4.5,12.5,12.5,15],"texture":"#Face Texture"},"south":{"uv":[12.5,12.5,4.5,15],"texture":"#Face Texture"},"west":{"uv":[12,12.5,12.5,15],"texture":"#Face Texture"},"east":{"uv":[4.5,12.5,5,15],"texture":"#Face Texture"}}},{"from":[5,3.5,10.5],"to":[11,4,11],"faces":{"down":{"uv":[11,11,5,10.5],"texture":"#Face Texture"},"up":{"uv":[5,10.5,11,11],"texture":"#Face Texture"},"north":{"uv":[5,12,11,12.5],"texture":"#Face Texture"},"south":{"uv":[5,12,11,12.5],"texture":"#Face Texture"},"west":{"uv":[10.5,12,11,12.5],"texture":"#Face Texture"},"east":{"uv":[5,12,5.5,12.5],"texture":"#Face Texture"}}},{"from":[5.5,4,10],"to":[10.5,4.5,10.5],"faces":{"down":{"uv":[10.5,10.5,5.5,10],"texture":"#Face Texture"},"up":{"uv":[5.5,10,10.5,10.5],"texture":"#Face Texture"},"north":{"uv":[5.5,11.5,10.5,12],"texture":"#Face Texture"},"south":{"uv":[5.5,11.5,10.5,12],"texture":"#Face Texture"},"west":{"uv":[10,11.5,10.5,12],"texture":"#Face Texture"},"east":{"uv":[5.5,11.5,6,12],"texture":"#Face Texture"}}},{"from":[4.5,3.5,10],"to":[11.5,4,10.5],"faces":{"down":{"uv":[11.5,10.5,4.5,10],"texture":"#Face Texture"},"up":{"uv":[4.5,10,11.5,10.5],"texture":"#Face Texture"},"north":{"uv":[4.5,12,11.5,12.5],"texture":"#Face Texture"},"south":{"uv":[4.5,12,11.5,12.5],"texture":"#Face Texture"},"west":{"uv":[10,12,10.5,12.5],"texture":"#Face Texture"},"east":{"uv":[5.5,12,6,12.5],"texture":"#Face Texture"}}},{"from":[4,1.5,7],"to":[12,3.5,7.5],"faces":{"down":{"uv":[4.5,14.5,12.5,15],"texture":"#Face Texture"},"up":{"uv":[4.5,12.5,12.5,13],"texture":"#Face Texture"},"north":{"uv":[4.5,12.5,12.5,14.5],"texture":"#Face Texture"},"south":{"uv":[12.5,12.5,4.5,14.5],"texture":"#Face Texture"},"west":{"uv":[12,12.5,12.5,14.5],"texture":"#Face Texture"},"east":{"uv":[4.5,12.5,5,14.5],"texture":"#Face Texture"}}},{"from":[4,3.5,7],"to":[12,7.5,8],"faces":{"down":{"uv":[4.5,9.5,12.5,10],"texture":"#Face Texture"},"up":{"uv":[4.5,9.5,12.5,10],"texture":"#Face Texture"},"north":{"uv":[4.5,8,12.5,12],"texture":"#Face Texture"},"south":{"uv":[12.5,8,4.5,12],"texture":"#Face Texture"},"west":{"uv":[4.5,8,5,12],"texture":"#Face Texture"},"east":{"uv":[12,8,12.5,12],"texture":"#Face Texture"}}},{"from":[4.5,3.5,9],"to":[11.5,5,10],"faces":{"down":{"uv":[5,12,12,12.5],"texture":"#Face Texture"},"up":{"uv":[5,11,12,11.5],"texture":"#Face Texture"},"north":{"uv":[5,11,12,12.5],"texture":"#Face Texture"},"south":{"uv":[12,11,5,12.5],"texture":"#Face Texture"},"west":{"uv":[11,11,12,12.5],"texture":"#Face Texture"},"east":{"uv":[5,11,6,12.5],"texture":"#Face Texture"}}},{"from":[4.5,3.5,8],"to":[11.5,6,9],"faces":{"down":{"uv":[5,10,12,10.5],"texture":"#Face Texture"},"up":{"uv":[5,10,12,10.5],"texture":"#Face Texture"},"north":{"uv":[5,10,12,12.5],"texture":"#Face Texture"},"south":{"uv":[12,10,5,12.5],"texture":"#Face Texture"},"west":{"uv":[11,10,12,12.5],"texture":"#Face Texture"},"east":{"uv":[5,10,6,12.5],"texture":"#Face Texture"}}},{"from":[5.5,5,9],"to":[10.5,5.5,9.5],"faces":{"down":{"uv":[6,10.5,11,11],"texture":"#Face Texture"},"up":{"uv":[6,10.5,11,11],"texture":"#Face Texture"},"north":{"uv":[6,10.5,11,11],"texture":"#Face Texture"},"south":{"uv":[11,10.5,6,11],"texture":"#Face Texture"},"west":{"uv":[6,10.5,6.5,11],"texture":"#Face Texture"},"east":{"uv":[10.5,10.5,11,11],"texture":"#Face Texture"}}},{"from":[4,3.5,8],"to":[12,4,9],"faces":{"down":{"uv":[4.5,12,12.5,12.5],"texture":"#Face Texture"},"up":{"uv":[4.5,12,12.5,12.5],"texture":"#Face Texture"},"north":{"uv":[4.5,12,12.5,12.5],"texture":"#Face Texture"},"south":{"uv":[12.5,12,4.5,12.5],"texture":"#Face Texture"},"west":{"uv":[4.5,12,5,12.5],"texture":"#Face Texture"},"east":{"uv":[12,12,12.5,12.5],"texture":"#Face Texture"}}},{"from":[4,4,8],"to":[12,5,8.5],"faces":{"down":{"uv":[4.5,11.5,12.5,12],"texture":"#Face Texture"},"up":{"uv":[4.5,11,12.5,11.5],"texture":"#Face Texture"},"north":{"uv":[4.5,11,12.5,12],"texture":"#Face Texture"},"south":{"uv":[12.5,11,4.5,12],"texture":"#Face Texture"},"west":{"uv":[12,11,12.5,12],"texture":"#Face Texture"},"east":{"uv":[4.5,11,5,12],"texture":"#Face Texture"}}},{"from":[6,6,8.5],"to":[7.5,6.5,9.5],"faces":{"down":{"uv":[6.5,9,8,9.5],"texture":"#Face Texture"},"up":{"uv":[6.5,9,8,9.5],"texture":"#Face Texture"},"north":{"uv":[6.5,9,8,9.5],"texture":"#Face Texture"},"south":{"uv":[8,9,6.5,9.5],"texture":"#Face Texture"},"west":{"uv":[8.5,3,9.5,3.5],"texture":"#Face Texture"},"east":{"uv":[8.5,3,9.5,3.5],"texture":"#Face Texture"}}},{"from":[6,6.5,8],"to":[7.5,7.5,10],"faces":{"down":{"uv":[6.5,8.5,8,9],"texture":"#Face Texture"},"up":{"uv":[6.5,7.5,8,8],"texture":"#Face Texture"},"north":{"uv":[8,8,6.5,9],"texture":"#Face Texture"},"south":{"uv":[6.5,8,8,9],"texture":"#Face Texture"},"west":{"uv":[6.5,9,7,8],"texture":"#Face Texture"},"east":{"uv":[7.5,8,8,9],"texture":"#Face Texture"}}},{"from":[6,7.5,8.5],"to":[7.5,8,9.5],"faces":{"down":{"uv":[6.5,7.5,8,8],"texture":"#Face Texture"},"up":{"uv":[8,7.5,6.5,8],"texture":"#Face Texture"},"north":{"uv":[6.5,7.5,8,8],"texture":"#Face Texture"},"south":{"uv":[8,7.5,6.5,8],"texture":"#Face Texture"},"west":{"uv":[6.5,7.5,7,8],"texture":"#Face Texture"},"east":{"uv":[7.5,7.5,8,8],"texture":"#Face Texture"}}},{"from":[7.5,6.5,8],"to":[8.5,7.5,9.5],"faces":{"down":{"uv":[8,8.5,9,9],"texture":"#Face Texture"},"up":{"uv":[8,8,9,8.5],"texture":"#Face Texture"},"north":{"uv":[8,8,9,9],"texture":"#Face Texture"},"south":{"uv":[9,8,8,9],"texture":"#Face Texture"},"west":{"uv":[8,8,8.5,9],"texture":"#Face Texture"},"east":{"uv":[8.5,8,9,9],"texture":"#Face Texture"}}},{"from":[8.5,6.5,8],"to":[10,7.5,10],"faces":{"down":{"uv":[9,8.5,10.5,9],"texture":"#Face Texture"},"up":{"uv":[9,7.5,10.5,8],"texture":"#Face Texture"},"north":{"uv":[10.5,8,9,9],"texture":"#Face Texture"},"south":{"uv":[9,8,10.5,9],"texture":"#Face Texture"},"west":{"uv":[9,8,9.5,9],"texture":"#Face Texture"},"east":{"uv":[10,8,10.5,9],"texture":"#Face Texture"}}},{"from":[8.5,7.5,8.5],"to":[10,8,9.5],"faces":{"down":{"uv":[9,7.5,10.5,8],"texture":"#Face Texture"},"up":{"uv":[10.5,7.5,9,8],"texture":"#Face Texture"},"north":{"uv":[9,7.5,10.5,8],"texture":"#Face Texture"},"south":{"uv":[10.5,7.5,9,8],"texture":"#Face Texture"},"west":{"uv":[10,7.5,10.5,8],"texture":"#Face Texture"},"east":{"uv":[9,7.5,9.5,8],"texture":"#Face Texture"}}},{"from":[8.5,6,8.5],"to":[10,6.5,9.5],"faces":{"down":{"uv":[9,9,10.5,9.5],"texture":"#Face Texture"},"up":{"uv":[9,9,10.5,9.5],"texture":"#Face Texture"},"north":{"uv":[9,9,10.5,9.5],"texture":"#Face Texture"},"south":{"uv":[10.5,9,9,9.5],"texture":"#Face Texture"},"west":{"uv":[10,9,10.5,9.5],"texture":"#Face Texture"},"east":{"uv":[9,9,9.5,9.5],"texture":"#Face Texture"}}},{"from":[5.5,6.5,8],"to":[6,7.5,9.5],"faces":{"down":{"uv":[6,8.5,6.5,9],"texture":"#Face Texture"},"up":{"uv":[6,8,6.5,8.5],"texture":"#Face Texture"},"north":{"uv":[6,8,6.5,9],"texture":"#Face Texture"},"south":{"uv":[6,8,6.5,9],"texture":"#Face Texture"},"west":{"uv":[9,3,7.5,4],"texture":"#Face Texture"},"east":{"uv":[9,3,7.5,4],"texture":"#Face Texture"}}},{"from":[10,6.5,8],"to":[10.5,7.5,9.5],"faces":{"down":{"uv":[10.5,8.5,11,9],"texture":"#Face Texture"},"up":{"uv":[10.5,8.5,11,9],"texture":"#Face Texture"},"north":{"uv":[6,8,6.5,9],"texture":"#Face Texture"},"south":{"uv":[6,8,6.5,9],"texture":"#Face Texture"},"west":{"uv":[8,3,9,4],"texture":"#Face Texture"},"east":{"uv":[8,3,9,4],"texture":"#Face Texture"}}},{"from":[7.5,7.5,7.5],"to":[8.5,8,9.5],"faces":{"down":{"uv":[8,7.5,9,8],"texture":"#Face Texture"},"up":{"uv":[8,7.5,9,8],"texture":"#Face Texture"},"north":{"uv":[8,7.5,9,8],"texture":"#Face Texture"},"south":{"uv":[8,7.5,9,8],"texture":"#Face Texture"},"west":{"uv":[8,7.5,8.5,8],"texture":"#Face Texture"},"east":{"uv":[8.5,7.5,9,8],"texture":"#Face Texture"}}},{"from":[12,6.5,6.5],"to":[12.5,7,7.5],"faces":{"down":{"uv":[12.5,8.5,13,9],"texture":"#Face Texture"},"up":{"uv":[12.5,8.5,13,9],"texture":"#Face Texture"},"north":{"uv":[12.5,8.5,13,9],"texture":"#Face Texture"},"south":{"uv":[12.5,8.5,13,9],"texture":"#Face Texture"},"west":{"uv":[12.5,8.5,13,9],"texture":"#Face Texture"},"east":{"uv":[12.5,8.5,13,9],"texture":"#Face Texture"}}},{"from":[12.5,6.5,6.5],"to":[15,7,7.5],"faces":{"down":{"uv":[13,8.5,15.5,9],"texture":"#Face Texture"},"up":{"uv":[13,8.5,15.5,9],"texture":"#Face Texture"},"north":{"uv":[15.5,8.5,13,9],"texture":"#Face Texture"},"south":{"uv":[13,8.5,15.5,9],"texture":"#Face Texture"},"west":{"uv":[13,8.5,13.5,9],"texture":"#Face Texture"},"east":{"uv":[15,8.5,15.5,9],"texture":"#Face Texture"}}},{"from":[12,7,6.5],"to":[14,7.5,7.5],"faces":{"down":{"uv":[12.5,8,14,8.5],"texture":"#Face Texture"},"up":{"uv":[12.5,8,14,8.5],"texture":"#Face Texture"},"north":{"uv":[14.5,8,12.5,8.5],"texture":"#Face Texture"},"south":{"uv":[12.5,8,14.5,8.5],"texture":"#Face Texture"},"west":{"uv":[12.5,8,13,8.5],"texture":"#Face Texture"},"east":{"uv":[14,8,14.5,8.5],"texture":"#Face Texture"}}},{"from":[11,7.5,6.5],"to":[13,8,7.5],"faces":{"down":{"uv":[11.5,7.5,13.5,8],"texture":"#Face Texture"},"up":{"uv":[11.5,7.5,13.5,8],"texture":"#Face Texture"},"north":{"uv":[13.5,7.5,11.5,8],"texture":"#Face Texture"},"south":{"uv":[11.5,7.5,13.5,8],"texture":"#Face Texture"},"west":{"uv":[11.5,7.5,12,8],"texture":"#Face Texture"},"east":{"uv":[13,7.5,13.5,8],"texture":"#Face Texture"}}},{"from":[13,7.5,6.5],"to":[14.5,8,7],"faces":{"down":{"uv":[13.5,7.5,15,8],"texture":"#Face Texture"},"up":{"uv":[13.5,7.5,15,8],"texture":"#Face Texture"},"north":{"uv":[15,7.5,13.5,8],"texture":"#Face Texture"},"south":{"uv":[13.5,7.5,15,8],"texture":"#Face Texture"},"west":{"uv":[13.5,7.5,14,8],"texture":"#Face Texture"},"east":{"uv":[14.5,7.5,15,8],"texture":"#Face Texture"}}},{"from":[14,7,6.5],"to":[15,7.5,7],"faces":{"down":{"uv":[14.5,8,15.5,8.5],"texture":"#Face Texture"},"up":{"uv":[14.5,8,15.5,8.5],"texture":"#Face Texture"},"north":{"uv":[15.5,8,14.5,8.5],"texture":"#Face Texture"},"south":{"uv":[14.5,8,15.5,8.5],"texture":"#Face Texture"},"west":{"uv":[14.5,8,15,8.5],"texture":"#Face Texture"},"east":{"uv":[15,8,15.5,8.5],"texture":"#Face Texture"}}},{"from":[12.5,6,6.5],"to":[14.5,6.5,7.5],"faces":{"down":{"uv":[13,9,15,9.5],"texture":"#Face Texture"},"up":{"uv":[13,9,15,9.5],"texture":"#Face Texture"},"north":{"uv":[15,9,13,9.5],"texture":"#Face Texture"},"south":{"uv":[13,9,15,9.5],"texture":"#Face Texture"},"west":{"uv":[13,9,13.5,9.5],"texture":"#Face Texture"},"east":{"uv":[14.5,9,15,9.5],"texture":"#Face Texture"}}},{"from":[14.5,6,6.5],"to":[15.5,6.5,7],"faces":{"down":{"uv":[15,9,16,9.5],"texture":"#Face Texture"},"up":{"uv":[15,9,16,9.5],"texture":"#Face Texture"},"north":{"uv":[16,9,15,9.5],"texture":"#Face Texture"},"south":{"uv":[15,9,16,9.5],"texture":"#Face Texture"},"west":{"uv":[15,9,15.5,9.5],"texture":"#Face Texture"},"east":{"uv":[15.5,9,16,9.5],"texture":"#Face Texture"}}},{"from":[15,6.5,6.5],"to":[15.5,7,7],"faces":{"down":{"uv":[15.5,8.5,16,9],"texture":"#Face Texture"},"up":{"uv":[15.5,8.5,16,9],"texture":"#Face Texture"},"north":{"uv":[15.5,8.5,16,9],"texture":"#Face Texture"},"south":{"uv":[15.5,8.5,16,9],"texture":"#Face Texture"},"west":{"uv":[15.5,8.5,16,9],"texture":"#Face Texture"},"east":{"uv":[15.5,8.5,16,9],"texture":"#Face Texture"}}},{"from":[3.5,6.5,6.5],"to":[4,7,7.5],"faces":{"down":{"uv":[4,8.5,4.5,9],"texture":"#Face Texture"},"up":{"uv":[4,8.5,4.5,9],"texture":"#Face Texture"},"north":{"uv":[4,8.5,4.5,9],"texture":"#Face Texture"},"south":{"uv":[4,8.5,4.5,9],"texture":"#Face Texture"},"west":{"uv":[4,8.5,4.5,9],"texture":"#Face Texture"},"east":{"uv":[4,8.5,4.5,9],"texture":"#Face Texture"}}},{"from":[1.5,6,6.5],"to":[3.5,6.5,7.5],"faces":{"down":{"uv":[2,9,4,9.5],"texture":"#Face Texture"},"up":{"uv":[2,9,4,9.5],"texture":"#Face Texture"},"north":{"uv":[4,9,2,9.5],"texture":"#Face Texture"},"south":{"uv":[2,9,4,9.5],"texture":"#Face Texture"},"west":{"uv":[2,9,2.5,9.5],"texture":"#Face Texture"},"east":{"uv":[3.5,9,4,9.5],"texture":"#Face Texture"}}},{"from":[1,6.5,6.5],"to":[3.5,7,7.5],"faces":{"down":{"uv":[1.5,8.5,4,9],"texture":"#Face Texture"},"up":{"uv":[1.5,8.5,4,9],"texture":"#Face Texture"},"north":{"uv":[4,8.5,1.5,9],"texture":"#Face Texture"},"south":{"uv":[1.5,8.5,4,9],"texture":"#Face Texture"},"west":{"uv":[1.5,8.5,2,9],"texture":"#Face Texture"},"east":{"uv":[3.5,8.5,4,9],"texture":"#Face Texture"}}},{"from":[2,7,6.5],"to":[4,7.5,7.5],"faces":{"down":{"uv":[2.5,8,4.5,8.5],"texture":"#Face Texture"},"up":{"uv":[2.5,8,4.5,8.5],"texture":"#Face Texture"},"north":{"uv":[4.5,8,2.5,8.5],"texture":"#Face Texture"},"south":{"uv":[2.5,8,4.5,8.5],"texture":"#Face Texture"},"west":{"uv":[2.5,8,3,8.5],"texture":"#Face Texture"},"east":{"uv":[4,8,4.5,8.5],"texture":"#Face Texture"}}},{"from":[3,7.5,6.5],"to":[4.5,8,7.5],"faces":{"down":{"uv":[3.5,7.5,5,8],"texture":"#Face Texture"},"up":{"uv":[3.5,7.5,5,8],"texture":"#Face Texture"},"north":{"uv":[5,7.5,3.5,8],"texture":"#Face Texture"},"south":{"uv":[3.5,7.5,5,8],"texture":"#Face Texture"},"west":{"uv":[3.5,7.5,4,8],"texture":"#Face Texture"},"east":{"uv":[4.5,7.5,5,8],"texture":"#Face Texture"}}},{"from":[1.5,7.5,6.5],"to":[3,8,7],"faces":{"down":{"uv":[2,7.5,3.5,8],"texture":"#Face Texture"},"up":{"uv":[2,7.5,3.5,8],"texture":"#Face Texture"},"north":{"uv":[3.5,7.5,2,8],"texture":"#Face Texture"},"south":{"uv":[2,7.5,3.5,8],"texture":"#Face Texture"},"west":{"uv":[2,7.5,2.5,8],"texture":"#Face Texture"},"east":{"uv":[3,7.5,3.5,8],"texture":"#Face Texture"}}},{"from":[1,7,6.5],"to":[2,7.5,7],"faces":{"down":{"uv":[1.5,8,2.5,8.5],"texture":"#Face Texture"},"up":{"uv":[1.5,8,2.5,8.5],"texture":"#Face Texture"},"north":{"uv":[2.5,8,1.5,8.5],"texture":"#Face Texture"},"south":{"uv":[1.5,8,2.5,8.5],"texture":"#Face Texture"},"west":{"uv":[1.5,8,2,8.5],"texture":"#Face Texture"},"east":{"uv":[2,8,2.5,8.5],"texture":"#Face Texture"}}},{"from":[0.5,6.5,6.5],"to":[1,7,7],"faces":{"down":{"uv":[1,8.5,1.5,9],"texture":"#Face Texture"},"up":{"uv":[1,8.5,1.5,9],"texture":"#Face Texture"},"north":{"uv":[1,8.5,1.5,9],"texture":"#Face Texture"},"south":{"uv":[1,8.5,1.5,9],"texture":"#Face Texture"},"west":{"uv":[1,8.5,1.5,9],"texture":"#Face Texture"},"east":{"uv":[1,8.5,1.5,9],"texture":"#Face Texture"}}},{"from":[0.5,6,6.5],"to":[1.5,6.5,7],"faces":{"down":{"uv":[1,9,2,9.5],"texture":"#Face Texture"},"up":{"uv":[1,9,2,9.5],"texture":"#Face Texture"},"north":{"uv":[2,9,1,9.5],"texture":"#Face Texture"},"south":{"uv":[1,9,2,9.5],"texture":"#Face Texture"},"west":{"uv":[1,9,1.5,9.5],"texture":"#Face Texture"},"east":{"uv":[1.5,9,2,9.5],"texture":"#Face Texture"}}},{"from":[5,6,8],"to":[11,6.5,9],"faces":{"down":{"uv":[5.5,9.5,11.5,10],"texture":"#Face Texture"},"up":{"uv":[5.5,9.5,11.5,10],"texture":"#Face Texture"},"north":{"uv":[5.5,9.5,11.5,10],"texture":"#Face Texture"},"south":{"uv":[5.5,9.5,11.5,10],"texture":"#Face Texture"},"west":{"uv":[10.5,9.5,11.5,10],"texture":"#Face Texture"},"east":{"uv":[5.5,9.5,6.5,10],"texture":"#Face Texture"}}},{"from":[5,6.5,8],"to":[11,8,8.5],"faces":{"down":{"uv":[5.5,9.5,11.5,10],"texture":"#Face Texture"},"up":{"uv":[5.5,7,11.5,7.5],"texture":"#Face Texture"},"north":{"uv":[5.5,8,6,9.5],"texture":"#Face Texture"},"south":{"uv":[5.5,8,6,9.5],"texture":"#Face Texture"},"west":{"uv":[5.5,8,6,9.5],"texture":"#Face Texture"},"east":{"uv":[11,8,11.5,9.5],"texture":"#Face Texture"}}},{"from":[4.5,7.5,7],"to":[11,8.5,8],"faces":{"down":{"uv":[5,7.5,11.5,8],"texture":"#Face Texture"},"up":{"uv":[5,7,11.5,7.5],"texture":"#Face Texture"},"north":{"uv":[5,7,11.5,8],"texture":"#Face Texture"},"south":{"uv":[5,7,11.5,8],"texture":"#Face Texture"},"west":{"uv":[5,7,5.5,8],"texture":"#Face Texture"},"east":{"uv":[11,7,11.5,8],"texture":"#Face Texture"}}},{"from":[5,8.5,7],"to":[11,9,8],"faces":{"down":{"uv":[5.5,6.5,11.5,7],"texture":"#Face Texture"},"up":{"uv":[5.5,6.5,11.5,7],"texture":"#Face Texture"},"north":{"uv":[5.5,6.5,11.5,7],"texture":"#Face Texture"},"south":{"uv":[11.5,6.5,5.5,7],"texture":"#Face Texture"},"west":{"uv":[5.5,6.5,6,7],"texture":"#Face Texture"},"east":{"uv":[11,6.5,11.5,7],"texture":"#Face Texture"}}},{"from":[6.5,8,8],"to":[9.5,8.5,9],"faces":{"down":{"uv":[7,7,10,7.5],"texture":"#Face Texture"},"up":{"uv":[7,7,10,7.5],"texture":"#Face Texture"},"north":{"uv":[7,7,10,7.5],"texture":"#Face Texture"},"south":{"uv":[10,7,7,7.5],"texture":"#Face Texture"},"west":{"uv":[7,7,8,7.5],"texture":"#Face Texture"},"east":{"uv":[9,7,10,7.5],"texture":"#Face Texture"}}},{"from":[7.5,6,7.5],"to":[8.5,6.5,9.5],"faces":{"down":{"uv":[8,9,9,9.5],"texture":"#Face Texture"},"up":{"uv":[8,9,9,9.5],"texture":"#Face Texture"},"north":{"uv":[8,9,9,9.5],"texture":"#Face Texture"},"south":{"uv":[8,9,9,9.5],"texture":"#Face Texture"},"west":{"uv":[8,9,9,9.5],"texture":"#Face Texture"},"east":{"uv":[8,9,9,9.5],"texture":"#Face Texture"}}},{"from":[6.5,9,7],"to":[9,9.5,8],"faces":{"down":{"uv":[7,6,9.5,6.5],"texture":"#Face Texture"},"up":{"uv":[7,6,9.5,6.5],"texture":"#Face Texture"},"north":{"uv":[7,6,9.5,6.5],"texture":"#Face Texture"},"south":{"uv":[9.5,6,7,6.5],"texture":"#Face Texture"},"west":{"uv":[7,6,8,6.5],"texture":"#Face Texture"},"east":{"uv":[7,6,8,6.5],"texture":"#Face Texture"}}},{"from":[10.5,9,7],"to":[11,9.5,8],"faces":{"down":{"uv":[11,6,11.5,6.5],"texture":"#Face Texture"},"up":{"uv":[11,6,11.5,6.5],"texture":"#Face Texture"},"north":{"uv":[11,6,11.5,6.5],"texture":"#Face Texture"},"south":{"uv":[11,6,11.5,6.5],"texture":"#Face Texture"},"west":{"uv":[11,6,11.5,6.5],"texture":"#Face Texture"},"east":{"uv":[11,6,11.5,6.5],"texture":"#Face Texture"}}},{"from":[7,8.5,8],"to":[9,9,8.5],"faces":{"down":{"uv":[7.5,6.5,9.5,7],"texture":"#Face Texture"},"up":{"uv":[7.5,6.5,9.5,7],"texture":"#Face Texture"},"north":{"uv":[7.5,6.5,9.5,7],"texture":"#Face Texture"},"south":{"uv":[9.5,6.5,7.5,7],"texture":"#Face Texture"},"west":{"uv":[9,6.5,9.5,7],"texture":"#Face Texture"},"east":{"uv":[7.5,6.5,8,7],"texture":"#Face Texture"}}},{"from":[4,9,5.5],"to":[6.5,11.5,9.5],"faces":{"down":{"uv":[4,9,6.5,9.5],"texture":"#Afro"},"up":{"uv":[4,6.5,6.5,7],"texture":"#Afro"},"north":{"uv":[6.5,6.5,4,9.5],"texture":"#Afro"},"south":{"uv":[4,6.5,6.5,9.5],"texture":"#Afro"},"west":{"uv":[4,6.5,4.5,9.5],"texture":"#Afro"},"east":{"uv":[6,6.5,6.5,9.5],"texture":"#Afro"}}},{"from":[4.5,8.5,7],"to":[5,9,8.5],"faces":{"down":{"uv":[4.5,8.5,5,10],"texture":"#Afro"},"up":{"uv":[4.5,8.5,5,10],"texture":"#Afro"},"north":{"uv":[5,8.5,5.5,9],"texture":"#Afro"},"south":{"uv":[5,8.5,5.5,9],"texture":"#Afro"},"west":{"uv":[4.5,8.5,6,9],"texture":"#Afro"},"east":{"uv":[4.5,8.5,6,9],"texture":"#Afro"}}},{"from":[6.5,9.5,6],"to":[7,11.5,9],"faces":{"down":{"uv":[6.5,8.5,7,9],"texture":"#Afro"},"up":{"uv":[6.5,7,7,7.5],"texture":"#Afro"},"north":{"uv":[6.5,7,7,9],"texture":"#Afro"},"south":{"uv":[6.5,7,7,9],"texture":"#Afro"},"west":{"uv":[6.5,7,7,9],"texture":"#Afro"},"east":{"uv":[6.5,7,7,9],"texture":"#Afro"}}},{"from":[7,9.5,6],"to":[8,10.5,9],"faces":{"down":{"uv":[7,8.5,8,9],"texture":"#Afro"},"up":{"uv":[7,8,8,8.5],"texture":"#Afro"},"north":{"uv":[8,8,7,9],"texture":"#Afro"},"south":{"uv":[7,8,8,9],"texture":"#Afro"},"west":{"uv":[7,8,7.5,9],"texture":"#Afro"},"east":{"uv":[7.5,8,8,9],"texture":"#Afro"}}},{"from":[3,10.5,6],"to":[4,12,9],"faces":{"down":{"uv":[3,7.5,4,8],"texture":"#Afro"},"up":{"uv":[3,6.5,4,7],"texture":"#Afro"},"north":{"uv":[4,6.5,3,8],"texture":"#Afro"},"south":{"uv":[3,6.5,4,8],"texture":"#Afro"},"west":{"uv":[3,6.5,3.5,8],"texture":"#Afro"},"east":{"uv":[3.5,6.5,4,8],"texture":"#Afro"}}},{"from":[2.5,11.5,6.5],"to":[3,13,8.5],"faces":{"down":{"uv":[2.5,6.5,3,7],"texture":"#Afro"},"up":{"uv":[2.5,5.5,3,6],"texture":"#Afro"},"north":{"uv":[2.5,5.5,3,7],"texture":"#Afro"},"south":{"uv":[2.5,5.5,3,7],"texture":"#Afro"},"west":{"uv":[2.5,5.5,3,7],"texture":"#Afro"},"east":{"uv":[2.5,5.5,3,7],"texture":"#Afro"}}},{"from":[8,9.5,6],"to":[10,11.5,10],"faces":{"down":{"uv":[8,8.5,10,9],"texture":"#Afro"},"up":{"uv":[8,7,10,7.5],"texture":"#Afro"},"north":{"uv":[10,7,8,9],"texture":"#Afro"},"south":{"uv":[8,7,10,9],"texture":"#Afro"},"west":{"uv":[8,7,8.5,9],"texture":"#Afro"},"east":{"uv":[9.5,7,10,9],"texture":"#Afro"}}},{"from":[9,9,6],"to":[10.5,9.5,9],"faces":{"down":{"uv":[9,9,10.5,9.5],"texture":"#Afro"},"up":{"uv":[9,9,10.5,9.5],"texture":"#Afro"},"north":{"uv":[9,9,10.5,9.5],"texture":"#Afro"},"south":{"uv":[9,9,10.5,9.5],"texture":"#Afro"},"west":{"uv":[9,9,10,9.5],"texture":"#Afro"},"east":{"uv":[9,9,10,9.5],"texture":"#Afro"}}},{"from":[8.5,11.5,6],"to":[11,14,9.5],"faces":{"down":{"uv":[8.5,6.5,11,7],"texture":"#Afro"},"up":{"uv":[8.5,4.5,11,5],"texture":"#Afro"},"north":{"uv":[11,4.5,8.5,7],"texture":"#Afro"},"south":{"uv":[8.5,4.5,11,7],"texture":"#Afro"},"west":{"uv":[8.5,4.5,9,7],"texture":"#Afro"},"east":{"uv":[10.5,4.5,11,7],"texture":"#Afro"}}},{"from":[10,9.5,6],"to":[11,11.5,9],"faces":{"down":{"uv":[10,8.5,11,9],"texture":"#Afro"},"up":{"uv":[10,7,11,7.5],"texture":"#Afro"},"north":{"uv":[11,7,10,9],"texture":"#Afro"},"south":{"uv":[10,7,11,9],"texture":"#Afro"},"west":{"uv":[10,7,10.5,9],"texture":"#Afro"},"east":{"uv":[10.5,7,11,9],"texture":"#Afro"}}},{"from":[11,9.5,6.5],"to":[12,11,8.5],"faces":{"down":{"uv":[11,8.5,12,9],"texture":"#Afro"},"up":{"uv":[11,7.5,12,8],"texture":"#Afro"},"north":{"uv":[12,7.5,11,9],"texture":"#Afro"},"south":{"uv":[11,7.5,12,9],"texture":"#Afro"},"west":{"uv":[11,7.5,11.5,9],"texture":"#Afro"},"east":{"uv":[11.5,7.5,12,9],"texture":"#Afro"}}},{"from":[12,9.5,6.5],"to":[12.5,10.5,8],"faces":{"down":{"uv":[12,8.5,12.5,9],"texture":"#Afro"},"up":{"uv":[12,8,12.5,8.5],"texture":"#Afro"},"north":{"uv":[12,8,12.5,9],"texture":"#Afro"},"south":{"uv":[12,8,12.5,9],"texture":"#Afro"},"west":{"uv":[12,8,12.5,9],"texture":"#Afro"},"east":{"uv":[12,8,12.5,9],"texture":"#Afro"}}},{"from":[8.5,14,6.5],"to":[10.5,15,9],"faces":{"down":{"uv":[8.5,4,10.5,4.5],"texture":"#Afro"},"up":{"uv":[8.5,3.5,10.5,4],"texture":"#Afro"},"north":{"uv":[10.5,3.5,8.5,4.5],"texture":"#Afro"},"south":{"uv":[8.5,3.5,10.5,4.5],"texture":"#Afro"},"west":{"uv":[8.5,3.5,9,4.5],"texture":"#Afro"},"east":{"uv":[10,3.5,10.5,4.5],"texture":"#Afro"}}},{"from":[9,15,6.5],"to":[10.5,15.5,8.5],"faces":{"down":{"uv":[9,3,10.5,3.5],"texture":"#Afro"},"up":{"uv":[9,3,10.5,3.5],"texture":"#Afro"},"north":{"uv":[9,3,10.5,3.5],"texture":"#Afro"},"south":{"uv":[9,3,10.5,3.5],"texture":"#Afro"},"west":{"uv":[9,3,9.5,3.5],"texture":"#Afro"},"east":{"uv":[10,3,10.5,3.5],"texture":"#Afro"}}},{"from":[11,11,6.5],"to":[12.5,13.5,9],"faces":{"down":{"uv":[11,7,12.5,7.5],"texture":"#Afro"},"up":{"uv":[11,5,12.5,5.5],"texture":"#Afro"},"north":{"uv":[12.5,5,11,7.5],"texture":"#Afro"},"south":{"uv":[11,5,12.5,7.5],"texture":"#Afro"},"west":{"uv":[11,5,11.5,7.5],"texture":"#Afro"},"east":{"uv":[12,5,12.5,7.5],"texture":"#Afro"}}},{"from":[12.5,10.5,6.5],"to":[13,11.5,8.5],"faces":{"down":{"uv":[12.5,7.5,13,8],"texture":"#Afro"},"up":{"uv":[12.5,7,13,7.5],"texture":"#Afro"},"north":{"uv":[12.5,7,13,8],"texture":"#Afro"},"south":{"uv":[12.5,7,13,8],"texture":"#Afro"},"west":{"uv":[12.5,7,13,8],"texture":"#Afro"},"east":{"uv":[12.5,7,13,8],"texture":"#Afro"}}},{"from":[12.5,11.5,6.5],"to":[13,13.5,8.5],"faces":{"down":{"uv":[12.5,6.5,13,7],"texture":"#Afro"},"up":{"uv":[12.5,5,13,5.5],"texture":"#Afro"},"north":{"uv":[12.5,5,13,7],"texture":"#Afro"},"south":{"uv":[12.5,5,13,7],"texture":"#Afro"},"west":{"uv":[12.5,5,13,7],"texture":"#Afro"},"east":{"uv":[12.5,5,13,7],"texture":"#Afro"}}},{"from":[10.5,14,6.5],"to":[12,14.5,8.5],"faces":{"down":{"uv":[10.5,4,12,4.5],"texture":"#Afro"},"up":{"uv":[10.5,4,12,4.5],"texture":"#Afro"},"north":{"uv":[12,4,10.5,4.5],"texture":"#Afro"},"south":{"uv":[10.5,4,12,4.5],"texture":"#Afro"},"west":{"uv":[10.5,4,11,4.5],"texture":"#Afro"},"east":{"uv":[11.5,4,12,4.5],"texture":"#Afro"}}},{"from":[11,13.5,6.5],"to":[12.5,14,8.5],"faces":{"down":{"uv":[11,4.5,12.5,5],"texture":"#Afro"},"up":{"uv":[11,4.5,12.5,5],"texture":"#Afro"},"north":{"uv":[11,4.5,12.5,5],"texture":"#Afro"},"south":{"uv":[11,4.5,12.5,5],"texture":"#Afro"},"west":{"uv":[11,4.5,12.5,5],"texture":"#Afro"},"east":{"uv":[11,4.5,12.5,5],"texture":"#Afro"}}},{"from":[10.5,14.5,6.5],"to":[11.5,15,8.5],"faces":{"down":{"uv":[10.5,3.5,11.5,4],"texture":"#Afro"},"up":{"uv":[10.5,3.5,11.5,4],"texture":"#Afro"},"north":{"uv":[11.5,3.5,10.5,4],"texture":"#Afro"},"south":{"uv":[10.5,3.5,11.5,4],"texture":"#Afro"},"west":{"uv":[10.5,3.5,11,4],"texture":"#Afro"},"east":{"uv":[11,3.5,11.5,4],"texture":"#Afro"}}},{"from":[7,10.5,6],"to":[8,11.5,9.5],"faces":{"down":{"uv":[7,7,8,7.5],"texture":"#Afro"},"up":{"uv":[7,7,8,7.5],"texture":"#Afro"},"north":{"uv":[8,7,7,8],"texture":"#Afro"},"south":{"uv":[7,7,8,8],"texture":"#Afro"},"west":{"uv":[7.5,7,8,8],"texture":"#Afro"},"east":{"uv":[7,7,7.5,8],"texture":"#Afro"}}},{"from":[5.5,12,6.5],"to":[7,14.5,9],"faces":{"down":{"uv":[5.5,6,7,6.5],"texture":"#Afro"},"up":{"uv":[5.5,4,7,4.5],"texture":"#Afro"},"north":{"uv":[7,4,5.5,6.5],"texture":"#Afro"},"south":{"uv":[5.5,4,7,6.5],"texture":"#Afro"},"west":{"uv":[5.5,4,6,6.5],"texture":"#Afro"},"east":{"uv":[6.5,4,7,6.5],"texture":"#Afro"}}},{"from":[4,11.5,6],"to":[6.5,12,9],"faces":{"down":{"uv":[4,6.5,6.5,7],"texture":"#Afro"},"up":{"uv":[4,6.5,6.5,7],"texture":"#Afro"},"north":{"uv":[6.5,6.5,4,7],"texture":"#Afro"},"south":{"uv":[4,6.5,6.5,7],"texture":"#Afro"},"west":{"uv":[4,6.5,4.5,7],"texture":"#Afro"},"east":{"uv":[6,6.5,6.5,7],"texture":"#Afro"}}},{"from":[8,11.5,6.5],"to":[8.5,14,9],"faces":{"down":{"uv":[8,6.5,8.5,7],"texture":"#Afro"},"up":{"uv":[8,4.5,8.5,5],"texture":"#Afro"},"north":{"uv":[8,4.5,8.5,7],"texture":"#Afro"},"south":{"uv":[8,4.5,8.5,7],"texture":"#Afro"},"west":{"uv":[8,4.5,8.5,7],"texture":"#Afro"},"east":{"uv":[8,4.5,8.5,7],"texture":"#Afro"}}},{"from":[4,14.5,6.5],"to":[7,15,8.5],"faces":{"down":{"uv":[4,3.5,7,4],"texture":"#Afro"},"up":{"uv":[4,3.5,7,4],"texture":"#Afro"},"north":{"uv":[7,3.5,4,4],"texture":"#Afro"},"south":{"uv":[4,3.5,7,4],"texture":"#Afro"},"west":{"uv":[4,3.5,4.5,4],"texture":"#Afro"},"east":{"uv":[6.5,3.5,7,4],"texture":"#Afro"}}},{"from":[4.5,15,6.5],"to":[5,15.5,8],"faces":{"down":{"uv":[4.5,3,5,3.5],"texture":"#Afro"},"up":{"uv":[4.5,3,5,3.5],"texture":"#Afro"},"north":{"uv":[4.5,3,5,3.5],"texture":"#Afro"},"south":{"uv":[4.5,3,5,3.5],"texture":"#Afro"},"west":{"uv":[4.5,3,5,3.5],"texture":"#Afro"},"east":{"uv":[4.5,3,5,3.5],"texture":"#Afro"}}},{"from":[3.5,12.5,6],"to":[5.5,14.5,8.5],"faces":{"down":{"uv":[3.5,5.5,5.5,6],"texture":"#Afro"},"up":{"uv":[3.5,4,5.5,4.5],"texture":"#Afro"},"north":{"uv":[5.5,4,3.5,6],"texture":"#Afro"},"south":{"uv":[3.5,4,5.5,6],"texture":"#Afro"},"west":{"uv":[3.5,4,4,6],"texture":"#Afro"},"east":{"uv":[5,4,5.5,6],"texture":"#Afro"}}},{"from":[3,12,6],"to":[5.5,12.5,9],"faces":{"down":{"uv":[3,6,5.5,6.5],"texture":"#Afro"},"up":{"uv":[3,6,5.5,6.5],"texture":"#Afro"},"north":{"uv":[5.5,6,3,6.5],"texture":"#Afro"},"south":{"uv":[3,6,5.5,6.5],"texture":"#Afro"},"west":{"uv":[3,6,3.5,6.5],"texture":"#Afro"},"east":{"uv":[5,6,5.5,6.5],"texture":"#Afro"}}},{"from":[3,12.5,6.5],"to":[3.5,15,8.5],"faces":{"down":{"uv":[3,5.5,3.5,6],"texture":"#Afro"},"up":{"uv":[3,3.5,3.5,4],"texture":"#Afro"},"north":{"uv":[3,3.5,3.5,6],"texture":"#Afro"},"south":{"uv":[3,3.5,3.5,6],"texture":"#Afro"},"west":{"uv":[3,3.5,3.5,6],"texture":"#Afro"},"east":{"uv":[3,3.5,3.5,6],"texture":"#Afro"}}},{"from":[3.5,8,6.5],"to":[4.5,9,8.5],"faces":{"down":{"uv":[3.5,9.5,4.5,10],"texture":"#Afro"},"up":{"uv":[3.5,9,4.5,9.5],"texture":"#Afro"},"north":{"uv":[4.5,9,3.5,10],"texture":"#Afro"},"south":{"uv":[3.5,9,4.5,10],"texture":"#Afro"},"west":{"uv":[3.5,9,4,10],"texture":"#Afro"},"east":{"uv":[4,9,4.5,10],"texture":"#Afro"}}},{"from":[1.5,8,7],"to":[2.5,9,7.5],"faces":{"down":{"uv":[1.5,10,2.5,10.5],"texture":"#Afro"},"up":{"uv":[1.5,9.5,2.5,10],"texture":"#Afro"},"north":{"uv":[2.5,9.5,1.5,10.5],"texture":"#Afro"},"south":{"uv":[1.5,9.5,2.5,10.5],"texture":"#Afro"},"west":{"uv":[1.5,9.5,2,10.5],"texture":"#Afro"},"east":{"uv":[2,9.5,2.5,10.5],"texture":"#Afro"}}},{"from":[3.5,10,6],"to":[4,10.5,9],"faces":{"down":{"uv":[3.5,8,4,8.5],"texture":"#Afro"},"up":{"uv":[3.5,8,4,8.5],"texture":"#Afro"},"north":{"uv":[3.5,8,4,8.5],"texture":"#Afro"},"south":{"uv":[3.5,8,4,8.5],"texture":"#Afro"},"west":{"uv":[3.5,8,4,8.5],"texture":"#Afro"},"east":{"uv":[3.5,8,4,8.5],"texture":"#Afro"}}},{"from":[3,9,6],"to":[4,10,8.5],"faces":{"down":{"uv":[3,9,4,9.5],"texture":"#Afro"},"up":{"uv":[3,8.5,4,9],"texture":"#Afro"},"north":{"uv":[4,8.5,3,9.5],"texture":"#Afro"},"south":{"uv":[3,8.5,4,9.5],"texture":"#Afro"},"west":{"uv":[3,8.5,3.5,9.5],"texture":"#Afro"},"east":{"uv":[3.5,8.5,4,9.5],"texture":"#Afro"}}},{"from":[3,10,6],"to":[3.5,10.5,8.5],"faces":{"down":{"uv":[3,8,3.5,8.5],"texture":"#Afro"},"up":{"uv":[3,8,3.5,8.5],"texture":"#Afro"},"north":{"uv":[3,8,3.5,8.5],"texture":"#Afro"},"south":{"uv":[3,8,3.5,8.5],"texture":"#Afro"},"west":{"uv":[3,8,3.5,8.5],"texture":"#Afro"},"east":{"uv":[3,8,3.5,8.5],"texture":"#Afro"}}},{"from":[1,9.5,6.5],"to":[3,11.5,8.5],"faces":{"down":{"uv":[1,8.5,3,9],"texture":"#Afro"},"up":{"uv":[1,7,3,7.5],"texture":"#Afro"},"north":{"uv":[3,7,1,9],"texture":"#Afro"},"south":{"uv":[1,7,3,9],"texture":"#Afro"},"west":{"uv":[1,7,1.5,9],"texture":"#Afro"},"east":{"uv":[2.5,7,3,9],"texture":"#Afro"}}},{"from":[1,9,6.5],"to":[3,9.5,8],"faces":{"down":{"uv":[1,9,3,9.5],"texture":"#Afro"},"up":{"uv":[1,9,3,9.5],"texture":"#Afro"},"north":{"uv":[3,9,1,9.5],"texture":"#Afro"},"south":{"uv":[1,9,3,9.5],"texture":"#Afro"},"west":{"uv":[1,9,2.5,9.5],"texture":"#Afro"},"east":{"uv":[1,9,2.5,9.5],"texture":"#Afro"}}},{"from":[1,11.5,7],"to":[2.5,12.5,8],"faces":{"down":{"uv":[1,6.5,2.5,7],"texture":"#Afro"},"up":{"uv":[1,6,2.5,6.5],"texture":"#Afro"},"north":{"uv":[2.5,6,1,7],"texture":"#Afro"},"south":{"uv":[1,6,2.5,7],"texture":"#Afro"},"west":{"uv":[1,6,1.5,7],"texture":"#Afro"},"east":{"uv":[2,6,2.5,7],"texture":"#Afro"}}},{"from":[1,12.5,7],"to":[2,13.5,7.5],"faces":{"down":{"uv":[1,5.5,2,6],"texture":"#Afro"},"up":{"uv":[1,5,2,5.5],"texture":"#Afro"},"north":{"uv":[2,5,1,6],"texture":"#Afro"},"south":{"uv":[1,5,2,6],"texture":"#Afro"},"west":{"uv":[1,5,1.5,6],"texture":"#Afro"},"east":{"uv":[1.5,5,2,6],"texture":"#Afro"}}},{"from":[2,13,6.5],"to":[3,13.5,8],"faces":{"down":{"uv":[2,5,3,5.5],"texture":"#Afro"},"up":{"uv":[2,5,3,5.5],"texture":"#Afro"},"north":{"uv":[3,5,2,5.5],"texture":"#Afro"},"south":{"uv":[2,5,3,5.5],"texture":"#Afro"},"west":{"uv":[2,5,3,5.5],"texture":"#Afro"},"east":{"uv":[2,5,3,5.5],"texture":"#Afro"}}},{"from":[1.5,13.5,7],"to":[2,14.5,7.5],"faces":{"down":{"uv":[1.5,4.5,2,5],"texture":"#Afro"},"up":{"uv":[1.5,4.5,2,5],"texture":"#Afro"},"north":{"uv":[1.5,4,2,5],"texture":"#Afro"},"south":{"uv":[1.5,4,2,5],"texture":"#Afro"},"west":{"uv":[1.5,4,2,5],"texture":"#Afro"},"east":{"uv":[1.5,4,2,5],"texture":"#Afro"}}},{"from":[2,12.5,6.5],"to":[2.5,13,8],"faces":{"down":{"uv":[2,5.5,2.5,6],"texture":"#Afro"},"up":{"uv":[2,5.5,2.5,6],"texture":"#Afro"},"north":{"uv":[2,5.5,2.5,6],"texture":"#Afro"},"south":{"uv":[2,5.5,2.5,6],"texture":"#Afro"},"west":{"uv":[2,5.5,2.5,6],"texture":"#Afro"},"east":{"uv":[2,5.5,2.5,6],"texture":"#Afro"}}},{"from":[11,9,6.5],"to":[11.5,9.5,8.5],"faces":{"down":{"uv":[11,8.5,11.5,9.5],"texture":"#Afro"},"up":{"uv":[11,8.5,11.5,9.5],"texture":"#Afro"},"north":{"uv":[11,9,11.5,9.5],"texture":"#Afro"},"south":{"uv":[11,9,11.5,9.5],"texture":"#Afro"},"west":{"uv":[8.5,8.5,10.5,9],"texture":"#Afro"},"east":{"uv":[8.5,8.5,10.5,9],"texture":"#Afro"}}},{"from":[11,8,6.5],"to":[12.5,9,8],"faces":{"down":{"uv":[11,10,12.5,10.5],"texture":"#Afro"},"up":{"uv":[11,9.5,12.5,10],"texture":"#Afro"},"north":{"uv":[11,9.5,12.5,10.5],"texture":"#Afro"},"south":{"uv":[11,9.5,12.5,10.5],"texture":"#Afro"},"west":{"uv":[11,9.5,12.5,10.5],"texture":"#Afro"},"east":{"uv":[11,9.5,12.5,10.5],"texture":"#Afro"}}},{"from":[13,9,6.5],"to":[15,9.5,7.5],"faces":{"down":{"uv":[12,9.5,14,10.5],"texture":"#Afro"},"up":{"uv":[12,9.5,14,10.5],"texture":"#Afro"},"north":{"uv":[13,9,15,9.5],"texture":"#Afro"},"south":{"uv":[13,9,15,9.5],"texture":"#Afro"},"west":{"uv":[13,9,14,9.5],"texture":"#Afro"},"east":{"uv":[13,9,14,9.5],"texture":"#Afro"}}},{"from":[12.5,8,6.5],"to":[14,9,7.5],"faces":{"down":{"uv":[12.5,9.5,14,10.5],"texture":"#Afro"},"up":{"uv":[12.5,9.5,14,10.5],"texture":"#Afro"},"north":{"uv":[12.5,9.5,14,10.5],"texture":"#Afro"},"south":{"uv":[12.5,9.5,14,10.5],"texture":"#Afro"},"west":{"uv":[13,9.5,14,10.5],"texture":"#Afro"},"east":{"uv":[13,9.5,14,10.5],"texture":"#Afro"}}},{"from":[11.5,9,6],"to":[13,9.5,8],"faces":{"down":{"uv":[11.5,9,13,9.5],"texture":"#Afro"},"up":{"uv":[11.5,9,13,9.5],"texture":"#Afro"},"north":{"uv":[11.5,9,13,9.5],"texture":"#Afro"},"south":{"uv":[11.5,9,13,9.5],"texture":"#Afro"},"west":{"uv":[11.5,9,13,9.5],"texture":"#Afro"},"east":{"uv":[11.5,9,13,9.5],"texture":"#Afro"}}},{"from":[12.5,9.5,6],"to":[15,10.5,8],"faces":{"down":{"uv":[12.5,8,15,8.5],"texture":"#Afro"},"up":{"uv":[12.5,8,15,8.5],"texture":"#Afro"},"north":{"uv":[12.5,8,15,9],"texture":"#Afro"},"south":{"uv":[12.5,8,15,9],"texture":"#Afro"},"west":{"uv":[12.5,8,14.5,9],"texture":"#Afro"},"east":{"uv":[12.5,8,14.5,9],"texture":"#Afro"}}},{"from":[13,10.5,6],"to":[13.5,11.5,8.5],"faces":{"down":{"uv":[13,8,13.5,9],"texture":"#Afro"},"up":{"uv":[13,8,13.5,9],"texture":"#Afro"},"north":{"uv":[13,7,13.5,8],"texture":"#Afro"},"south":{"uv":[13,7,13.5,8],"texture":"#Afro"},"west":{"uv":[12.5,8,15,9],"texture":"#Afro"},"east":{"uv":[12.5,8,15,9],"texture":"#Afro"}}},{"from":[14,10.5,6.5],"to":[15,11.5,8.5],"faces":{"down":{"uv":[14,7,15,9],"texture":"#Afro"},"up":{"uv":[14,7,15,9],"texture":"#Afro"},"north":{"uv":[14,7,15,8],"texture":"#Afro"},"south":{"uv":[14,7,15,8],"texture":"#Afro"},"west":{"uv":[13,8,15,9],"texture":"#Afro"},"east":{"uv":[13,8,15,9],"texture":"#Afro"}}},{"from":[15,10.5,7],"to":[15.5,12.5,8],"faces":{"down":{"uv":[15,7,15.5,8],"texture":"#Afro"},"up":{"uv":[15,7,15.5,8],"texture":"#Afro"},"north":{"uv":[15,6,15.5,8],"texture":"#Afro"},"south":{"uv":[15,6,15.5,8],"texture":"#Afro"},"west":{"uv":[14,7,15,9],"texture":"#Afro"},"east":{"uv":[14,7,15,9],"texture":"#Afro"}}},{"from":[13.5,10.5,6],"to":[14,11.5,8.5],"faces":{"down":{"uv":[13.5,7,14,8],"texture":"#Afro"},"up":{"uv":[13.5,7,14,8],"texture":"#Afro"},"north":{"uv":[13.5,7,14,8],"texture":"#Afro"},"south":{"uv":[13.5,7,14,8],"texture":"#Afro"},"west":{"uv":[13.5,7,14,8],"texture":"#Afro"},"east":{"uv":[13.5,7,14,8],"texture":"#Afro"}}},{"from":[13,11.5,6.5],"to":[14,12.5,8.5],"faces":{"down":{"uv":[13,6,14,7],"texture":"#Afro"},"up":{"uv":[13,6,14,7],"texture":"#Afro"},"north":{"uv":[13,6,14,7],"texture":"#Afro"},"south":{"uv":[13,6,14,7],"texture":"#Afro"},"west":{"uv":[13,6,14,7],"texture":"#Afro"},"east":{"uv":[13,6,14,7],"texture":"#Afro"}}},{"from":[13,12.5,6.5],"to":[14,13,8.5],"faces":{"down":{"uv":[13,5.5,14,6],"texture":"#Afro"},"up":{"uv":[13,5.5,14,6],"texture":"#Afro"},"north":{"uv":[13,5.5,14,6],"texture":"#Afro"},"south":{"uv":[13,5.5,14,6],"texture":"#Afro"},"west":{"uv":[13,6.5,15,7],"texture":"#Afro"},"east":{"uv":[13,6.5,15,7],"texture":"#Afro"}}},{"from":[13,13,6.5],"to":[13.5,14,8.5],"faces":{"down":{"uv":[13,4.5,13.5,6.5],"texture":"#Afro"},"up":{"uv":[13,4.5,13.5,6.5],"texture":"#Afro"},"north":{"uv":[13,4.5,13.5,5.5],"texture":"#Afro"},"south":{"uv":[13,4.5,13.5,5.5],"texture":"#Afro"},"west":{"uv":[13,4.5,13.5,5.5],"texture":"#Afro"},"east":{"uv":[13,4.5,13.5,5.5],"texture":"#Afro"}}},{"from":[14,12,7],"to":[15,13,8.5],"faces":{"down":{"uv":[14,5,15,6.5],"texture":"#Afro"},"up":{"uv":[14,5,15,6.5],"texture":"#Afro"},"north":{"uv":[14,5.5,15,6.5],"texture":"#Afro"},"south":{"uv":[14,5.5,15,6.5],"texture":"#Afro"},"west":{"uv":[13.5,4.5,15,5.5],"texture":"#Afro"},"east":{"uv":[13.5,4.5,15,5.5],"texture":"#Afro"}}},{"from":[14,11.5,7],"to":[15,12,8.5],"faces":{"down":{"uv":[14,6.5,15,7],"texture":"#Afro"},"up":{"uv":[14,6.5,15,7],"texture":"#Afro"},"north":{"uv":[14,6.5,15,7],"texture":"#Afro"},"south":{"uv":[14,6.5,15,7],"texture":"#Afro"},"west":{"uv":[13.5,6.5,15,7],"texture":"#Afro"},"east":{"uv":[13.5,6.5,15,7],"texture":"#Afro"}}},{"from":[13.5,13,7],"to":[15,14,8],"faces":{"down":{"uv":[13.5,4.5,15,5.5],"texture":"#Afro"},"up":{"uv":[13.5,4.5,15,5.5],"texture":"#Afro"},"north":{"uv":[13.5,4.5,15,5.5],"texture":"#Afro"},"south":{"uv":[13.5,4.5,15,5.5],"texture":"#Afro"},"west":{"uv":[13.5,4.5,14.5,5.5],"texture":"#Afro"},"east":{"uv":[13.5,4.5,14.5,5.5],"texture":"#Afro"}}},{"from":[14,14,7],"to":[14.5,14.5,7.5],"faces":{"down":{"uv":[14,4,14.5,4.5],"texture":"#Afro"},"up":{"uv":[14,4,14.5,4.5],"texture":"#Afro"},"north":{"uv":[14,4,14.5,4.5],"texture":"#Afro"},"south":{"uv":[14,4,14.5,4.5],"texture":"#Afro"},"west":{"uv":[14,4,14.5,4.5],"texture":"#Afro"},"east":{"uv":[14,4,14.5,4.5],"texture":"#Afro"}}},{"from":[12,14,7],"to":[14,15,8],"faces":{"down":{"uv":[12,3.5,14,4.5],"texture":"#Afro"},"up":{"uv":[12,3.5,14,4.5],"texture":"#Afro"},"north":{"uv":[12,3.5,14,4.5],"texture":"#Afro"},"south":{"uv":[12,3.5,14,4.5],"texture":"#Afro"},"west":{"uv":[12,3.5,13,4.5],"texture":"#Afro"},"east":{"uv":[13,3.5,14,4.5],"texture":"#Afro"}}},{"from":[12.5,13.5,7],"to":[13,14,8],"faces":{"down":{"uv":[12.5,3.5,13,4.5],"texture":"#Afro"},"up":{"uv":[12.5,3.5,13,4.5],"texture":"#Afro"},"north":{"uv":[12.5,3.5,13,4],"texture":"#Afro"},"south":{"uv":[12.5,3.5,13,4],"texture":"#Afro"},"west":{"uv":[12.5,3.5,13.5,4],"texture":"#Afro"},"east":{"uv":[12.5,3.5,13.5,4],"texture":"#Afro"}}},{"from":[12,15,7],"to":[13.5,15.5,7.5],"faces":{"down":{"uv":[12,3,13.5,3.5],"texture":"#Afro"},"up":{"uv":[12,3,13.5,3.5],"texture":"#Afro"},"north":{"uv":[12,3,13.5,3.5],"texture":"#Afro"},"south":{"uv":[12,3,13.5,3.5],"texture":"#Afro"},"west":{"uv":[12,3,12.5,3.5],"texture":"#Afro"},"east":{"uv":[12,3,12.5,3.5],"texture":"#Afro"}}},{"from":[11.5,14.5,7],"to":[12,16,7.5],"faces":{"down":{"uv":[11.5,2.5,12,3],"texture":"#Afro"},"up":{"uv":[11.5,2.5,12,3],"texture":"#Afro"},"north":{"uv":[11.5,2.5,12,4],"texture":"#Afro"},"south":{"uv":[11.5,2.5,12,4],"texture":"#Afro"},"west":{"uv":[11.5,2.5,12,4],"texture":"#Afro"},"east":{"uv":[11.5,2.5,12,4],"texture":"#Afro"}}},{"from":[2,13.5,7],"to":[3,15,8],"faces":{"down":{"uv":[2,4,3,5],"texture":"#Afro"},"up":{"uv":[2,4,3,5],"texture":"#Afro"},"north":{"uv":[2,3.5,3,5],"texture":"#Afro"},"south":{"uv":[2,3.5,3,5],"texture":"#Afro"},"west":{"uv":[2,3.5,3,5],"texture":"#Afro"},"east":{"uv":[2,3.5,3,5],"texture":"#Afro"}}},{"from":[3.5,14.5,7],"to":[4,15,8],"faces":{"down":{"uv":[2.5,3.5,3,4.5],"texture":"#Afro"},"up":{"uv":[2.5,3.5,3,4.5],"texture":"#Afro"},"north":{"uv":[3.5,3.5,4,4],"texture":"#Afro"},"south":{"uv":[3.5,3.5,4,4],"texture":"#Afro"},"west":{"uv":[3,3,4,3.5],"texture":"#Afro"},"east":{"uv":[3,3,4,3.5],"texture":"#Afro"}}},{"from":[2,15,7],"to":[3.5,15.5,7.5],"faces":{"down":{"uv":[2,3,3.5,3.5],"texture":"#Afro"},"up":{"uv":[2,3,3.5,3.5],"texture":"#Afro"},"north":{"uv":[2,3,3.5,3.5],"texture":"#Afro"},"south":{"uv":[2,3,3.5,3.5],"texture":"#Afro"},"west":{"uv":[2,3.5,2.5,4],"texture":"#Afro"},"east":{"uv":[2,3.5,2.5,4],"texture":"#Afro"}}},{"from":[3.5,15,7],"to":[4.5,15.5,8],"faces":{"down":{"uv":[2,3.5,3,4.5],"texture":"#Afro"},"up":{"uv":[2,3.5,3,4.5],"texture":"#Afro"},"north":{"uv":[3.5,3,4.5,3.5],"texture":"#Afro"},"south":{"uv":[3.5,3,4.5,3.5],"texture":"#Afro"},"west":{"uv":[3.5,3,4.5,3.5],"texture":"#Afro"},"east":{"uv":[3.5,3,4.5,3.5],"texture":"#Afro"}}},{"from":[3,15.5,7],"to":[4.5,16,8],"faces":{"down":{"uv":[3,2.5,4.5,3.5],"texture":"#Afro"},"up":{"uv":[3,2.5,4.5,3.5],"texture":"#Afro"},"north":{"uv":[3,2.5,4.5,3],"texture":"#Afro"},"south":{"uv":[3,2.5,4.5,3],"texture":"#Afro"},"west":{"uv":[3,2.5,4,3],"texture":"#Afro"},"east":{"uv":[3,2.5,4,3],"texture":"#Afro"}}},{"from":[6.5,11.5,6.5],"to":[8,12,9.5],"faces":{"down":{"uv":[6.5,6.5,8,7],"texture":"#Afro"},"up":{"uv":[6.5,6.5,8,7],"texture":"#Afro"},"north":{"uv":[8,6.5,6.5,7],"texture":"#Afro"},"south":{"uv":[6.5,6.5,8,7],"texture":"#Afro"},"west":{"uv":[6.5,6.5,7,7],"texture":"#Afro"},"east":{"uv":[7.5,6.5,8,7],"texture":"#Afro"}}},{"from":[7,13,6.5],"to":[8,14.5,9],"faces":{"down":{"uv":[7,5,8,5.5],"texture":"#Afro"},"up":{"uv":[7,4,8,4.5],"texture":"#Afro"},"north":{"uv":[8,4,7,5.5],"texture":"#Afro"},"south":{"uv":[7,4,8,5.5],"texture":"#Afro"},"west":{"uv":[7,4,7.5,5.5],"texture":"#Afro"},"east":{"uv":[7.5,4,8,5.5],"texture":"#Afro"}}},{"from":[7,12,6.5],"to":[8,13,9.5],"faces":{"down":{"uv":[7,6,8,6.5],"texture":"#Afro"},"up":{"uv":[7,5.5,8,6],"texture":"#Afro"},"north":{"uv":[8,5.5,7,6.5],"texture":"#Afro"},"south":{"uv":[7,5.5,8,6.5],"texture":"#Afro"},"west":{"uv":[7,5.5,7.5,6.5],"texture":"#Afro"},"east":{"uv":[7.5,5.5,8,6.5],"texture":"#Afro"}}},{"from":[2.5,8,6.5],"to":[3.5,9,8],"faces":{"down":{"uv":[2.5,10,3.5,10.5],"texture":"#Afro"},"up":{"uv":[2.5,9.5,3.5,10],"texture":"#Afro"},"north":{"uv":[3.5,9.5,2.5,10.5],"texture":"#Afro"},"south":{"uv":[2.5,9.5,3.5,10.5],"texture":"#Afro"},"west":{"uv":[2.5,9.5,3,10.5],"texture":"#Afro"},"east":{"uv":[3,9.5,3.5,10.5],"texture":"#Afro"}}},{"from":[8,14,6.5],"to":[8.5,14.5,9],"faces":{"down":{"uv":[8,4,8.5,4.5],"texture":"#Afro"},"up":{"uv":[8,4,8.5,4.5],"texture":"#Afro"},"north":{"uv":[8,4,8.5,4.5],"texture":"#Afro"},"south":{"uv":[8,4,8.5,4.5],"texture":"#Afro"},"west":{"uv":[8,4,8.5,4.5],"texture":"#Afro"},"east":{"uv":[8,4,8.5,4.5],"texture":"#Afro"}}},{"from":[7,14.5,7],"to":[8.5,15,8.5],"faces":{"down":{"uv":[7,2.5,8.5,4],"texture":"#Afro"},"up":{"uv":[7,2.5,8.5,4],"texture":"#Afro"},"north":{"uv":[8.5,3.5,7,4],"texture":"#Afro"},"south":{"uv":[7,3.5,8.5,4],"texture":"#Afro"},"west":{"uv":[7,3,8.5,3.5],"texture":"#Afro"},"east":{"uv":[7,3,8.5,3.5],"texture":"#Afro"}}},{"from":[7,15,7],"to":[9,16,8.5],"faces":{"down":{"uv":[7,2.5,9,3.5],"texture":"#Afro"},"up":{"uv":[7,2.5,9,3.5],"texture":"#Afro"},"north":{"uv":[7,2.5,9,3.5],"texture":"#Afro"},"south":{"uv":[7,2.5,9,3.5],"texture":"#Afro"},"west":{"uv":[7.5,2.5,9,3.5],"texture":"#Afro"},"east":{"uv":[7.5,2.5,9,3.5],"texture":"#Afro"}}},{"from":[7,16,7],"to":[9,18,8],"faces":{"down":{"uv":[6.5,2,8.5,2.5],"texture":"#Afro"},"up":{"uv":[6.5,0.5,8.5,1],"texture":"#Afro"},"north":{"uv":[8.5,0.5,6.5,2.5],"texture":"#Afro"},"south":{"uv":[6.5,0.5,8.5,2.5],"texture":"#Afro"},"west":{"uv":[6.5,0.5,7,2.5],"texture":"#Afro"},"east":{"uv":[8,0.5,8.5,2.5],"texture":"#Afro"}}},{"from":[6,15,7],"to":[7,16,8.5],"faces":{"down":{"uv":[7.5,2.5,8.5,4],"texture":"#Afro"},"up":{"uv":[7.5,2.5,8.5,4],"texture":"#Afro"},"north":{"uv":[6,2.5,7,3.5],"texture":"#Afro"},"south":{"uv":[6,2.5,7,3.5],"texture":"#Afro"},"west":{"uv":[5.5,2.5,7,3.5],"texture":"#Afro"},"east":{"uv":[5.5,2.5,7,3.5],"texture":"#Afro"}}},{"from":[5,15,7],"to":[6,16,8],"faces":{"down":{"uv":[5,2.5,6,3.5],"texture":"#Afro"},"up":{"uv":[5,2.5,6,3.5],"texture":"#Afro"},"north":{"uv":[5,2.5,6,3.5],"texture":"#Afro"},"south":{"uv":[5,2.5,6,3.5],"texture":"#Afro"},"west":{"uv":[5,2.5,6,3.5],"texture":"#Afro"},"east":{"uv":[5,2.5,6,3.5],"texture":"#Afro"}}},{"from":[4.5,15.5,7],"to":[5,16,8],"faces":{"down":{"uv":[5,2.5,5.5,3.5],"texture":"#Afro"},"up":{"uv":[5,2.5,5.5,3.5],"texture":"#Afro"},"north":{"uv":[4.5,2.5,5,3],"texture":"#Afro"},"south":{"uv":[4.5,2.5,5,3],"texture":"#Afro"},"west":{"uv":[4.5,2.5,5.5,3],"texture":"#Afro"},"east":{"uv":[4.5,2.5,5.5,3],"texture":"#Afro"}}},{"from":[10.5,15,7],"to":[11.5,15.5,8],"faces":{"down":{"uv":[10.5,2.5,11.5,3.5],"texture":"#Afro"},"up":{"uv":[10.5,2.5,11.5,3.5],"texture":"#Afro"},"north":{"uv":[10.5,3,11.5,3.5],"texture":"#Afro"},"south":{"uv":[10.5,3,11.5,3.5],"texture":"#Afro"},"west":{"uv":[9.5,2.5,10.5,3],"texture":"#Afro"},"east":{"uv":[9.5,2.5,10.5,3],"texture":"#Afro"}}},{"from":[9,15.5,7],"to":[11,16.5,8],"faces":{"down":{"uv":[7,2.5,9,3.5],"texture":"#Afro"},"up":{"uv":[7,2.5,9,3.5],"texture":"#Afro"},"north":{"uv":[9,2,11,3],"texture":"#Afro"},"south":{"uv":[9,2,11,3],"texture":"#Afro"},"west":{"uv":[9,2,10,2.5],"texture":"#Afro"},"east":{"uv":[9,2,10,2.5],"texture":"#Afro"}}},{"from":[11,15.5,7],"to":[11.5,16.5,8],"faces":{"down":{"uv":[7.5,2.5,8,3.5],"texture":"#Afro"},"up":{"uv":[7.5,2.5,8,3.5],"texture":"#Afro"},"north":{"uv":[8.5,2.5,9,3],"texture":"#Afro"},"south":{"uv":[8.5,2.5,9,3],"texture":"#Afro"},"west":{"uv":[7,3.5,8,4],"texture":"#Afro"},"east":{"uv":[7,3.5,8,4],"texture":"#Afro"}}},{"from":[4.5,16,7],"to":[7,17,8],"faces":{"down":{"uv":[4.5,2,7,2.5],"texture":"#Afro"},"up":{"uv":[4.5,1.5,7,2],"texture":"#Afro"},"north":{"uv":[7,2,4.5,3],"texture":"#Afro"},"south":{"uv":[4.5,1.5,7,2.5],"texture":"#Afro"},"west":{"uv":[4.5,1.5,5,2.5],"texture":"#Afro"},"east":{"uv":[6.5,1.5,7,2.5],"texture":"#Afro"}}},{"from":[5,17,7],"to":[7,17.5,7.5],"faces":{"down":{"uv":[5,1,7,1.5],"texture":"#Afro"},"up":{"uv":[5,1,7,1.5],"texture":"#Afro"},"north":{"uv":[5,1,7,1.5],"texture":"#Afro"},"south":{"uv":[5,1,7,1.5],"texture":"#Afro"},"west":{"uv":[5,1,5.5,1.5],"texture":"#Afro"},"east":{"uv":[5,1,5.5,1.5],"texture":"#Afro"}}},{"from":[9,16.5,7],"to":[11,17.5,7.5],"faces":{"down":{"uv":[9.5,1.5,11.5,2],"texture":"#Afro"},"up":{"uv":[9.5,1,11.5,1.5],"texture":"#Afro"},"north":{"uv":[11.5,1,9.5,2],"texture":"#Afro"},"south":{"uv":[9.5,1,11.5,2],"texture":"#Afro"},"west":{"uv":[9.5,1,10,2],"texture":"#Afro"},"east":{"uv":[11,1,11.5,2],"texture":"#Afro"}}},{"from":[5.5,17.5,7],"to":[7,18,7.5],"faces":{"down":{"uv":[5.5,0.5,8,1],"texture":"#Afro"},"up":{"uv":[5.5,0.5,8,1],"texture":"#Afro"},"north":{"uv":[11,0.5,9,1],"texture":"#Afro"},"south":{"uv":[11,0.5,9,1],"texture":"#Afro"},"west":{"uv":[5.5,0.5,6,1],"texture":"#Afro"},"east":{"uv":[10.5,0.5,11,1],"texture":"#Afro"}}},{"from":[6.5,18,7],"to":[10,18.5,7.5],"faces":{"down":{"uv":[9.5,7.5,6,7],"texture":"#Afro"},"up":{"uv":[7,0,10.5,0.5],"texture":"#Afro"},"north":{"uv":[7,0,10.5,0.5],"texture":"#Afro"},"south":{"uv":[7,0,10.5,0.5],"texture":"#Afro"},"west":{"uv":[7,0.5,7.5,1],"texture":"#Afro"},"east":{"uv":[7,0.5,7.5,1],"texture":"#Afro"}}},{"from":[9,16.5,7],"to":[10.5,17.5,8],"faces":{"down":{"uv":[9.5,1.5,11,2],"texture":"#Afro"},"up":{"uv":[9.5,1,11,1.5],"texture":"#Afro"},"north":{"uv":[11,1,9.5,2],"texture":"#Afro"},"south":{"uv":[11,2,9.5,1],"texture":"#Afro"},"west":{"uv":[9.5,1,10,2],"texture":"#Afro"},"east":{"uv":[10.5,1,11,2],"texture":"#Afro"}}},{"from":[12,10.5,6.5],"to":[12.5,11,8.5],"faces":{"down":{"uv":[12,7.5,12.5,8],"texture":"#Afro"},"up":{"uv":[12,7.5,12.5,8],"texture":"#Afro"},"north":{"uv":[12,7.5,12.5,8],"texture":"#Afro"},"south":{"uv":[12,7.5,12.5,8],"texture":"#Afro"},"west":{"uv":[12,7.5,12.5,8],"texture":"#Afro"},"east":{"uv":[12,7.5,12.5,8],"texture":"#Afro"}}},{"from":[9,17.5,7],"to":[10.5,18,7.5],"faces":{"down":{"uv":[5.5,0.5,7,1],"texture":"#Afro"},"up":{"uv":[5.5,0.5,7,1],"texture":"#Afro"},"north":{"uv":[8.5,0.5,10,1],"texture":"#Afro"},"south":{"uv":[8.5,0.5,10,1],"texture":"#Afro"},"west":{"uv":[5.5,0.5,6,1],"texture":"#Afro"},"east":{"uv":[10.5,0.5,11,1],"texture":"#Afro"}}},{"from":[3.5,6,6],"to":[12,6.5,7],"faces":{"down":{"uv":[4.5,2,5.5,2.5],"texture":"#Face Texture"},"up":{"uv":[4.5,2,5.5,2.5],"texture":"#Face Texture"},"north":{"uv":[4.5,2,5.5,2.5],"texture":"#Face Texture"},"south":{"uv":[4.5,2,5.5,2.5],"texture":"#Face Texture"},"west":{"uv":[4.5,2,5.5,2.5],"texture":"#Face Texture"},"east":{"uv":[4.5,2,5.5,2.5],"texture":"#Face Texture"}}},{"from":[4,6.5,-0.5],"to":[12,8,6.5],"faces":{"down":{"uv":[1,0.5,1.5,1],"texture":"#Face Texture"},"up":{"uv":[1,0.5,1.5,1],"texture":"#Face Texture"},"north":{"uv":[0.5,0.5,1,1],"texture":"#Face Texture"},"south":{"uv":[0.5,0.5,1,1],"texture":"#Face Texture"},"west":{"uv":[1,0.5,1.5,2],"texture":"#Face Texture"},"east":{"uv":[1,0.5,1.5,2],"texture":"#Face Texture"}}},{"from":[4,2.5,-0.5],"to":[12,4,7],"faces":{"down":{"uv":[1,0.5,1.5,1],"texture":"#Face Texture"},"up":{"uv":[1,0.5,1.5,1],"texture":"#Face Texture"},"north":{"uv":[0.5,0.5,1,1],"texture":"#Face Texture"},"south":{"uv":[0.5,0.5,1,1],"texture":"#Face Texture"},"west":{"uv":[1,0.5,1.5,2],"texture":"#Face Texture"},"east":{"uv":[1,0.5,1.5,2],"texture":"#Face Texture"}}}],"display":{"head":{"rotation":[0,180,0],"translation":[0,2.9,-4.6],"scale":[2,2,2]},"gui":{"rotation":[-30,135,0],"translation":[0,-0.7,0],"scale":[1.1,1.1,1.1]}}}