{
    "__comment": "Model generated using MrCrayfish's Model Creator (http://mrcrayfish.com/modelcreator/)",
    "textures": {
        "0": "blocks/bballbase",
        "1": "blocks/bballstich",
        "2": "car/bballstich"
    },
    "elements": [
        {
            "name": "1",
            "from": [ 6.0, 6.0, 6.0 ], 
            "to": [ 10.0, 12.0, 10.0 ], 
            "faces": {
                "north": { "texture": "#0", "uv": [ 0.0, 0.0, 4.0, 6.0 ] },
                "east": { "texture": "#0", "uv": [ 0.0, 0.0, 4.0, 6.0 ] },
                "south": { "texture": "#0", "uv": [ 0.0, 0.0, 4.0, 6.0 ] },
                "west": { "texture": "#0", "uv": [ 0.0, 0.0, 4.0, 6.0 ] },
                "up": { "texture": "#0", "uv": [ 0.0, 0.0, 4.0, 4.0 ] },
                "down": { "texture": "#0", "uv": [ 0.0, 0.0, 4.0, 4.0 ] }
            }
        },
        {
            "name": "2",
            "from": [ 5.0, 7.0, 6.0 ], 
            "to": [ 11.0, 11.0, 10.0 ], 
            "faces": {
                "north": { "texture": "#0", "uv": [ 0.0, 0.0, 6.0, 4.0 ] },
                "east": { "texture": "#0", "uv": [ 0.0, 0.0, 4.0, 4.0 ] },
                "south": { "texture": "#0", "uv": [ 0.0, 0.0, 6.0, 4.0 ] },
                "west": { "texture": "#0", "uv": [ 0.0, 0.0, 4.0, 4.0 ] },
                "up": { "texture": "#0", "uv": [ 0.0, 0.0, 6.0, 4.0 ] },
                "down": { "texture": "#0", "uv": [ 0.0, 0.0, 6.0, 4.0 ] }
            }
        },
        {
            "name": "3",
            "from": [ 6.0, 7.0, 5.0 ], 
            "to": [ 10.0, 11.0, 11.0 ], 
            "faces": {
                "north": { "texture": "#0", "uv": [ 0.0, 0.0, 4.0, 4.0 ] },
                "east": { "texture": "#0", "uv": [ 0.0, 0.0, 6.0, 4.0 ] },
                "south": { "texture": "#0", "uv": [ 0.0, 0.0, 4.0, 4.0 ] },
                "west": { "texture": "#0", "uv": [ 0.0, 0.0, 6.0, 4.0 ] },
                "up": { "texture": "#0", "uv": [ 0.0, 0.0, 4.0, 6.0 ] },
                "down": { "texture": "#0", "uv": [ 0.0, 0.0, 4.0, 6.0 ] }
            }
        },
        {
            "name": "Stich00",
            "from": [ 6.500000007450581, 7.0, 10.100000001490116 ], 
            "to": [ 7.0, 11.0, 11.100000001490116 ], 
            "faces": {
                "north": { "texture": "#1", "uv": [ 0.0, 0.0, 0.4999999925494194, 4.0 ] },
                "east": { "texture": "#1", "uv": [ 0.0, 0.0, 1.0, 4.0 ] },
                "south": { "texture": "#1", "uv": [ 0.0, 0.0, 0.4999999925494194, 4.0 ] },
                "west": { "texture": "#1", "uv": [ 0.0, 0.0, 1.0, 4.0 ] },
                "up": { "texture": "#1", "uv": [ 0.0, 0.0, 0.4999999925494194, 1.0 ] },
                "down": { "texture": "#1", "uv": [ 0.0, 0.0, 0.4999999925494194, 1.0 ] }
            }
        },
        {
            "name": "Stich01",
            "from": [ 8.49999999254942, 7.0, 10.100000001490116 ], 
            "to": [ 8.999999985098839, 11.0, 11.100000001490116 ], 
            "faces": {
                "north": { "texture": "#1", "uv": [ 0.0, 0.0, 0.4999999925494194, 4.0 ] },
                "east": { "texture": "#1", "uv": [ 0.0, 0.0, 1.0, 4.0 ] },
                "south": { "texture": "#1", "uv": [ 0.0, 0.0, 0.4999999925494194, 4.0 ] },
                "west": { "texture": "#1", "uv": [ 0.0, 0.0, 1.0, 4.0 ] },
                "up": { "texture": "#1", "uv": [ 0.0, 0.0, 0.4999999925494194, 1.0 ] },
                "down": { "texture": "#1", "uv": [ 0.0, 0.0, 0.4999999925494194, 1.0 ] }
            }
        },
        {
            "name": "Support",
            "from": [ 5.499999992549419, 6.500000007450581, 5.499999992549419 ], 
            "to": [ 10.49999999254942, 11.50000000745058, 10.49999999254942 ], 
            "faces": {
                "north": { "texture": "#0", "uv": [ 0.0, 0.0, 5.0, 5.0 ] },
                "east": { "texture": "#0", "uv": [ 0.0, 0.0, 5.0, 5.0 ] },
                "south": { "texture": "#0", "uv": [ 0.0, 0.0, 5.0, 5.0 ] },
                "west": { "texture": "#0", "uv": [ 0.0, 0.0, 5.0, 5.0 ] },
                "up": { "texture": "#0", "uv": [ 0.0, 0.0, 5.0, 5.0 ] },
                "down": { "texture": "#0", "uv": [ 0.0, 0.0, 5.0, 5.0 ] }
            }
        },
        {
            "name": "Stich02",
            "from": [ 5.900000013411045, 10.50000000745058, 10.100000001490116 ], 
            "to": [ 7.0, 11.0, 11.100000001490116 ], 
            "faces": {
                "north": { "texture": "#1", "uv": [ 0.0, 0.0, 1.099999986588955, 0.4999999925494194 ] },
                "east": { "texture": "#1", "uv": [ 0.0, 0.0, 1.0, 0.4999999925494194 ] },
                "south": { "texture": "#1", "uv": [ 0.0, 0.0, 1.099999986588955, 0.4999999925494194 ] },
                "west": { "texture": "#1", "uv": [ 0.0, 0.0, 1.0, 0.4999999925494194 ] },
                "up": { "texture": "#1", "uv": [ 0.0, 0.0, 1.099999986588955, 1.0 ] },
                "down": { "texture": "#1", "uv": [ 0.0, 0.0, 1.099999986588955, 1.0 ] }
            }
        },
        {
            "name": "Stich03",
            "from": [ 5.899999998509884, 6.999999985098839, 10.100000001490116 ], 
            "to": [ 7.0, 7.499999977648258, 11.100000001490116 ], 
            "faces": {
                "north": { "texture": "#1", "uv": [ 0.0, 0.0, 1.1000000014901161, 0.4999999925494194 ] },
                "east": { "texture": "#1", "uv": [ 0.0, 0.0, 1.0, 0.4999999925494194 ] },
                "south": { "texture": "#1", "uv": [ 0.0, 0.0, 1.1000000014901161, 0.4999999925494194 ] },
                "west": { "texture": "#1", "uv": [ 0.0, 0.0, 1.0, 0.4999999925494194 ] },
                "up": { "texture": "#1", "uv": [ 0.0, 0.0, 1.1000000014901161, 1.0 ] },
                "down": { "texture": "#1", "uv": [ 0.0, 0.0, 1.1000000014901161, 1.0 ] }
            }
        },
        {
            "name": "Stich04",
            "from": [ 5.4000000059604645, 6.999999985098839, 5.399999991059303 ], 
            "to": [ 6.4000000059604645, 7.499999977648258, 10.599999994039536 ], 
            "faces": {
                "north": { "texture": "#1", "uv": [ 0.0, 0.0, 1.0, 0.4999999925494194 ] },
                "east": { "texture": "#1", "uv": [ 0.0, 0.0, 5.200000002980232, 0.4999999925494194 ] },
                "south": { "texture": "#1", "uv": [ 0.0, 0.0, 1.0, 0.4999999925494194 ] },
                "west": { "texture": "#1", "uv": [ 0.0, 0.0, 5.200000002980232, 0.4999999925494194 ] },
                "up": { "texture": "#1", "uv": [ 0.0, 0.0, 1.0, 5.200000002980232 ] },
                "down": { "texture": "#1", "uv": [ 0.0, 0.0, 1.0, 5.200000002980232 ] }
            }
        },
        {
            "name": "Stich05",
            "from": [ 4.900000013411045, 7.0, 5.900000028312206 ], 
            "to": [ 5.900000013411045, 7.499999992549419, 10.100000016391277 ], 
            "faces": {
                "north": { "texture": "#1", "uv": [ 0.0, 0.0, 1.0, 0.4999999925494194 ] },
                "east": { "texture": "#1", "uv": [ 0.0, 0.0, 4.199999988079071, 0.4999999925494194 ] },
                "south": { "texture": "#1", "uv": [ 0.0, 0.0, 1.0, 0.4999999925494194 ] },
                "west": { "texture": "#1", "uv": [ 0.0, 0.0, 4.199999988079071, 0.4999999925494194 ] },
                "up": { "texture": "#1", "uv": [ 0.0, 0.0, 1.0, 4.199999988079071 ] },
                "down": { "texture": "#1", "uv": [ 0.0, 0.0, 1.0, 4.199999988079071 ] }
            }
        },
        {
            "name": "Stich06",
            "from": [ 4.899999998509884, 10.50000000745058, 5.899999998509884 ], 
            "to": [ 5.899999998509884, 11.0, 10.100000001490116 ], 
            "faces": {
                "north": { "texture": "#1", "uv": [ 0.0, 0.0, 1.0, 0.4999999925494194 ] },
                "east": { "texture": "#1", "uv": [ 0.0, 0.0, 4.200000002980232, 0.4999999925494194 ] },
                "south": { "texture": "#1", "uv": [ 0.0, 0.0, 1.0, 0.4999999925494194 ] },
                "west": { "texture": "#1", "uv": [ 0.0, 0.0, 4.200000002980232, 0.4999999925494194 ] },
                "up": { "texture": "#1", "uv": [ 0.0, 0.0, 1.0, 4.200000002980232 ] },
                "down": { "texture": "#1", "uv": [ 0.0, 0.0, 1.0, 4.200000002980232 ] }
            }
        },
        {
            "name": "Stich07",
            "from": [ 5.4000000059604645, 10.49999999254942, 5.4000000059604645 ], 
            "to": [ 6.4000000059604645, 10.999999985098839, 10.600000008940697 ], 
            "faces": {
                "north": { "texture": "#1", "uv": [ 0.0, 0.0, 1.0, 0.4999999925494194 ] },
                "east": { "texture": "#1", "uv": [ 0.0, 0.0, 5.200000002980232, 0.4999999925494194 ] },
                "south": { "texture": "#1", "uv": [ 0.0, 0.0, 1.0, 0.4999999925494194 ] },
                "west": { "texture": "#1", "uv": [ 0.0, 0.0, 5.200000002980232, 0.4999999925494194 ] },
                "up": { "texture": "#1", "uv": [ 0.0, 0.0, 1.0, 5.200000002980232 ] },
                "down": { "texture": "#2", "uv": [ 0.0, 0.0, 1.0, 5.200000002980232 ] }
            }
        },
        {
            "name": "Stich08",
            "from": [ 10.100000016391277, 7.0, 5.900000028312206 ], 
            "to": [ 11.100000016391277, 7.499999992549419, 10.100000016391277 ], 
            "faces": {
                "north": { "texture": "#1", "uv": [ 0.0, 0.0, 1.0, 0.4999999925494194 ] },
                "east": { "texture": "#1", "uv": [ 0.0, 0.0, 4.199999988079071, 0.4999999925494194 ] },
                "south": { "texture": "#1", "uv": [ 0.0, 0.0, 1.0, 0.4999999925494194 ] },
                "west": { "texture": "#1", "uv": [ 0.0, 0.0, 4.199999988079071, 0.4999999925494194 ] },
                "up": { "texture": "#1", "uv": [ 0.0, 0.0, 1.0, 4.199999988079071 ] },
                "down": { "texture": "#1", "uv": [ 0.0, 0.0, 1.0, 4.199999988079071 ] }
            }
        },
        {
            "name": "Stich09",
            "from": [ 10.100000016391277, 10.49999999254942, 5.900000013411045 ], 
            "to": [ 11.100000016391277, 10.999999985098839, 10.100000001490116 ], 
            "faces": {
                "north": { "texture": "#1", "uv": [ 0.0, 0.0, 1.0, 0.4999999925494194 ] },
                "east": { "texture": "#1", "uv": [ 0.0, 0.0, 4.199999988079071, 0.4999999925494194 ] },
                "south": { "texture": "#1", "uv": [ 0.0, 0.0, 1.0, 0.4999999925494194 ] },
                "west": { "texture": "#1", "uv": [ 0.0, 0.0, 4.199999988079071, 0.4999999925494194 ] },
                "up": { "texture": "#1", "uv": [ 0.0, 0.0, 1.0, 4.199999988079071 ] },
                "down": { "texture": "#1", "uv": [ 0.0, 0.0, 1.0, 4.199999988079071 ] }
            }
        },
        {
            "name": "Stich10",
            "from": [ 8.899999998509884, 6.999999985098839, 10.100000001490116 ], 
            "to": [ 10.100000001490116, 7.499999977648258, 11.100000001490116 ], 
            "faces": {
                "north": { "texture": "#1", "uv": [ 0.0, 0.0, 1.2000000029802322, 0.4999999925494194 ] },
                "east": { "texture": "#1", "uv": [ 0.0, 0.0, 1.0, 0.4999999925494194 ] },
                "south": { "texture": "#1", "uv": [ 0.0, 0.0, 1.2000000029802322, 0.4999999925494194 ] },
                "west": { "texture": "#1", "uv": [ 0.0, 0.0, 1.0, 0.4999999925494194 ] },
                "up": { "texture": "#1", "uv": [ 0.0, 0.0, 1.2000000029802322, 1.0 ] },
                "down": { "texture": "#1", "uv": [ 0.0, 0.0, 1.2000000029802322, 1.0 ] }
            }
        },
        {
            "name": "Stich11",
            "from": [ 5.899999998509884, 6.999999985098839, 4.899999998509884 ], 
            "to": [ 10.100000001490116, 7.499999977648258, 5.899999998509884 ], 
            "faces": {
                "north": { "texture": "#1", "uv": [ 0.0, 0.0, 4.200000002980232, 0.4999999925494194 ] },
                "east": { "texture": "#1", "uv": [ 0.0, 0.0, 1.0, 0.4999999925494194 ] },
                "south": { "texture": "#1", "uv": [ 0.0, 0.0, 4.200000002980232, 0.4999999925494194 ] },
                "west": { "texture": "#1", "uv": [ 0.0, 0.0, 1.0, 0.4999999925494194 ] },
                "up": { "texture": "#1", "uv": [ 0.0, 0.0, 4.200000002980232, 1.0 ] },
                "down": { "texture": "#1", "uv": [ 0.0, 0.0, 4.200000002980232, 1.0 ] }
            }
        },
        {
            "name": "Stich12",
            "from": [ 5.899999998509884, 10.49999999254942, 4.899999998509884 ], 
            "to": [ 10.100000001490116, 10.999999985098839, 5.899999998509884 ], 
            "faces": {
                "north": { "texture": "#1", "uv": [ 0.0, 0.0, 4.200000002980232, 0.4999999925494194 ] },
                "east": { "texture": "#1", "uv": [ 0.0, 0.0, 1.0, 0.4999999925494194 ] },
                "south": { "texture": "#1", "uv": [ 0.0, 0.0, 4.200000002980232, 0.4999999925494194 ] },
                "west": { "texture": "#1", "uv": [ 0.0, 0.0, 1.0, 0.4999999925494194 ] },
                "up": { "texture": "#1", "uv": [ 0.0, 0.0, 4.200000002980232, 1.0 ] },
                "down": { "texture": "#1", "uv": [ 0.0, 0.0, 4.200000002980232, 1.0 ] }
            }
        },
        {
            "name": "Stich13",
            "from": [ 9.49999999254942, 6.999999985098839, 9.599999994039536 ], 
            "to": [ 10.599999994039536, 7.499999977648258, 10.599999994039536 ], 
            "faces": {
                "north": { "texture": "#1", "uv": [ 0.0, 0.0, 1.1000000014901161, 0.4999999925494194 ] },
                "east": { "texture": "#1", "uv": [ 0.0, 0.0, 1.0, 0.4999999925494194 ] },
                "south": { "texture": "#1", "uv": [ 0.0, 0.0, 1.1000000014901161, 0.4999999925494194 ] },
                "west": { "texture": "#1", "uv": [ 0.0, 0.0, 1.0, 0.4999999925494194 ] },
                "up": { "texture": "#1", "uv": [ 0.0, 0.0, 1.1000000014901161, 1.0 ] },
                "down": { "texture": "#1", "uv": [ 0.0, 0.0, 1.1000000014901161, 1.0 ] }
            }
        },
        {
            "name": "Stich14",
            "from": [ 9.49999999254942, 10.49999999254942, 9.599999994039536 ], 
            "to": [ 10.599999994039536, 10.999999985098839, 10.599999994039536 ], 
            "faces": {
                "north": { "texture": "#1", "uv": [ 0.0, 0.0, 1.1000000014901161, 0.4999999925494194 ] },
                "east": { "texture": "#1", "uv": [ 0.0, 0.0, 1.0, 0.4999999925494194 ] },
                "south": { "texture": "#1", "uv": [ 0.0, 0.0, 1.1000000014901161, 0.4999999925494194 ] },
                "west": { "texture": "#1", "uv": [ 0.0, 0.0, 1.0, 0.4999999925494194 ] },
                "up": { "texture": "#1", "uv": [ 0.0, 0.0, 1.1000000014901161, 1.0 ] },
                "down": { "texture": "#1", "uv": [ 0.0, 0.0, 1.1000000014901161, 1.0 ] }
            }
        },
        {
            "name": "Stich15",
            "from": [ 9.49999999254942, 10.49999999254942, 5.399999991059303 ], 
            "to": [ 10.599999994039536, 10.999999985098839, 6.399999991059303 ], 
            "faces": {
                "north": { "texture": "#1", "uv": [ 0.0, 0.0, 1.1000000014901161, 0.4999999925494194 ] },
                "east": { "texture": "#1", "uv": [ 0.0, 0.0, 1.0, 0.4999999925494194 ] },
                "south": { "texture": "#1", "uv": [ 0.0, 0.0, 1.1000000014901161, 0.4999999925494194 ] },
                "west": { "texture": "#1", "uv": [ 0.0, 0.0, 1.0, 0.4999999925494194 ] },
                "up": { "texture": "#1", "uv": [ 0.0, 0.0, 1.1000000014901161, 1.0 ] },
                "down": { "texture": "#1", "uv": [ 0.0, 0.0, 1.1000000014901161, 1.0 ] }
            }
        },
        {
            "name": "Stich16",
            "from": [ 8.999999985098839, 10.49999999254942, 10.099999986588955 ], 
            "to": [ 10.099999986588955, 10.999999985098839, 11.099999986588955 ], 
            "faces": {
                "north": { "texture": "#1", "uv": [ 0.0, 0.0, 1.1000000014901161, 0.4999999925494194 ] },
                "east": { "texture": "#1", "uv": [ 0.0, 0.0, 1.0, 0.4999999925494194 ] },
                "south": { "texture": "#1", "uv": [ 0.0, 0.0, 1.1000000014901161, 0.4999999925494194 ] },
                "west": { "texture": "#1", "uv": [ 0.0, 0.0, 1.0, 0.4999999925494194 ] },
                "up": { "texture": "#1", "uv": [ 0.0, 0.0, 1.1000000014901161, 1.0 ] },
                "down": { "texture": "#1", "uv": [ 0.0, 0.0, 1.1000000014901161, 1.0 ] }
            }
        },
        {
            "name": "Cube",
            "from": [ 9.499999977648258, 7.0, 5.399999991059303 ], 
            "to": [ 10.599999979138374, 7.499999992549419, 6.399999991059303 ], 
            "faces": {
                "north": { "texture": "#1", "uv": [ 0.0, 0.0, 1.1000000014901161, 0.4999999925494194 ] },
                "east": { "texture": "#1", "uv": [ 0.0, 0.0, 1.0, 0.4999999925494194 ] },
                "south": { "texture": "#1", "uv": [ 0.0, 0.0, 1.1000000014901161, 0.4999999925494194 ] },
                "west": { "texture": "#1", "uv": [ 0.0, 0.0, 1.0, 0.4999999925494194 ] },
                "up": { "texture": "#1", "uv": [ 0.0, 0.0, 1.1000000014901161, 1.0 ] },
                "down": { "texture": "#1", "uv": [ 0.0, 0.0, 1.1000000014901161, 1.0 ] }
            }
        }
    ]
}