{
"__comment": "Designed by Hypixel minecraft server with BDcraft Cubik PRO 0.93 Beta - http://bdcraft.net",
"textures": {
    "texture": "items/FireSphere",
    "fx": "items/FireSphere_anim",
    "0":  "blocks/Pumpkin_Blast_Front",
    "1":  "blocks/Pumpkin_Blast_Side",
    "2":  "blocks/Pumpkin_Blast_Vert"
},
"elements": [ 
{
    "from": [ 6, 5.5, 6 ],
    "to": [ 10, 10.5, 10 ],
    "faces": {
        "down":  { "uv": [ 10, 10.5, 6, 5.5 ], "texture": "#texture" },
        "up":    { "uv": [ 6, 5.5, 10, 10.5 ], "texture": "#texture" },
        "north": { "uv": [ 5.5, 6.5, 10.5, 9.5 ], "texture": "#texture" },
        "south": { "uv": [ 5.5, 6.5, 10.5, 9.5 ], "texture": "#texture" },
        "west":  { "uv": [ 5.5, 6.5, 10.5, 9.5 ], "texture": "#texture" },
        "east":  { "uv": [ 5.5, 6.5, 10.5, 9.5 ], "texture": "#texture" }
    }
},
{
    "from": [ 7, 5, 7 ],
    "to": [ 9, 11, 9 ],
    "faces": {
        "down":  { "uv": [ 10, 10.5, 6, 5.5 ], "texture": "#texture" },
        "up":    { "uv": [ 6, 5.5, 10, 10.5 ], "texture": "#texture" },
        "north": { "uv": [ 5.5, 6.5, 10.5, 9.5 ], "texture": "#texture" },
        "south": { "uv": [ 5.5, 6.5, 10.5, 9.5 ], "texture": "#texture" },
        "west":  { "uv": [ 5.5, 6.5, 10.5, 9.5 ], "texture": "#texture" },
        "east":  { "uv": [ 5.5, 6.5, 10.5, 9.5 ], "texture": "#texture" }
    }
},
{
    "from": [ 6, 6, 5.5 ],
    "to": [ 10, 10, 10.5 ],
    "faces": {
        "down":  { "uv": [ 10, 10.5, 6, 5.5 ], "texture": "#texture" },
        "up":    { "uv": [ 6, 5.5, 10, 10.5 ], "texture": "#texture" },
        "north": { "uv": [ 5.5, 6.5, 10.5, 9.5 ], "texture": "#texture" },
        "south": { "uv": [ 5.5, 6.5, 10.5, 9.5 ], "texture": "#texture" },
        "west":  { "uv": [ 5.5, 6.5, 10.5, 9.5 ], "texture": "#texture" },
        "east":  { "uv": [ 5.5, 6.5, 10.5, 9.5 ], "texture": "#texture" }
    }
},
{
    "from": [ 5.5, 6, 6 ],
    "to": [ 10.5, 10, 10 ],
    "faces": {
        "down":  { "uv": [ 10, 10.5, 6, 5.5 ], "texture": "#texture" },
        "up":    { "uv": [ 6, 5.5, 10, 10.5 ], "texture": "#texture" },
        "north": { "uv": [ 5.5, 6.5, 10.5, 9.5 ], "texture": "#texture" },
        "south": { "uv": [ 5.5, 6.5, 10.5, 9.5 ], "texture": "#texture" },
        "west":  { "uv": [ 5.5, 6.5, 10.5, 9.5 ], "texture": "#texture" },
        "east":  { "uv": [ 5.5, 6.5, 10.5, 9.5 ], "texture": "#texture" }
    }
},
{
    "from": [ 5, 7, 7 ],
    "to": [ 11, 9, 9 ],
    "faces": {
        "down":  { "uv": [ 10, 10.5, 6, 5.5 ], "texture": "#texture" },
        "up":    { "uv": [ 6, 5.5, 10, 10.5 ], "texture": "#texture" },
        "north": { "uv": [ 5.5, 6.5, 10.5, 9.5 ], "texture": "#texture" },
        "south": { "uv": [ 5.5, 6.5, 10.5, 9.5 ], "texture": "#texture" },
        "west":  { "uv": [ 5.5, 6.5, 10.5, 9.5 ], "texture": "#texture" },
        "east":  { "uv": [ 5.5, 6.5, 10.5, 9.5 ], "texture": "#texture" }
    }
},
{
    "from": [ 7, 7, 5 ],
    "to": [ 9, 9, 11 ],
    "faces": {
        "down":  { "uv": [ 10, 10.5, 6, 5.5 ], "texture": "#texture" },
        "up":    { "uv": [ 6, 5.5, 10, 10.5 ], "texture": "#texture" },
        "north": { "uv": [ 5.5, 6.5, 10.5, 9.5 ], "texture": "#texture" },
        "south": { "uv": [ 5.5, 6.5, 10.5, 9.5 ], "texture": "#texture" },
        "west":  { "uv": [ 5.5, 6.5, 10.5, 9.5 ], "texture": "#texture" },
        "east":  { "uv": [ 5.5, 6.5, 10.5, 9.5 ], "texture": "#texture" }
    }
},
{
    "from": [ 0, 7.9375, 0 ],
    "to": [ 16, 8, 16 ],
    "faces": {
        "down":  { "uv": [ 0, 16, 16, 0 ], "texture": "#fx" },
        "up":    { "uv": [ 0, 0, 16, 16 ], "texture": "#fx" }
    }
},
{
    "from": [ 8, 0, 0 ],
    "to": [ 8.0625, 16, 16 ],
    "faces": {
        "west":  { "uv": [ 0, 0, 16, 16 ], "texture": "#fx" },
        "east":  { "uv": [ 16, 0, 0, 16 ], "texture": "#fx" }
    }
},
{
    "from": [ 0, 0, 8 ],
    "to": [ 16, 16, 8.0625 ],
    "faces": {
        "north": { "uv": [ 0, 0, 16, 16 ], "texture": "#fx" },
        "south": { "uv": [ 16, 0, 0, 16 ], "texture": "#fx" }
    }
},
{
            "name": "Pump",
            "from": [ 0.0, 0.0, 0.0 ], 
            "to": [ 16.0, 16.0, 16.0 ], 
            "faces": {
                "north": { "texture": "#0", "uv": [ 0.0, 0.0, 16.0, 16.0 ] },
                "east": { "texture": "#1", "uv": [ 0.0, 0.0, 16.0, 16.0 ] },
                "south": { "texture": "#1", "uv": [ 0.0, 0.0, 16.0, 16.0 ] },
                "west": { "texture": "#1", "uv": [ 0.0, 0.0, 16.0, 16.0 ] },
                "up": { "texture": "#2", "uv": [ 0.0, 0.0, 16.0, 16.0 ] },
                "down": { "texture": "#2", "uv": [ 0.0, 0.0, 16.0, 16.0 ] }
            }
        }
],
"display": {
    "firstperson": {
        "rotation": [ -21, 23, 0 ],
        "translation": [ -8.6, 4.7, 0.6 ],
        "scale": [ 1.3, 1.3, 1.3 ]
    },
    "gui": {
        "rotation": [ 0, 45, 30 ],
        "translation": [ 0, 0, 0 ],
        "scale": [ 1.3, 1.3, 1.3 ]
    }
}
}