{
"__comment": "Designed by Bamatois with BDcraft Cubik PRO 0.93 Beta - http://bdcraft.net",
"textures": {
    "particle": "items/diamond_axe",
    "texture": "items/diamond_axe"
},
"elements": [ 
{
    "from": [ 7.5, 14.5, 9.5 ],
    "to": [ 8, 15, 11 ],
    "faces": {
        "down":  { "uv": [ 9.5, 1.5, 10, 1 ], "texture": "#texture" },
        "up":    { "uv": [ 9.5, 1, 10, 1.5 ], "texture": "#texture" },
        "north": { "uv": [ 9.5, 1, 10, 1.5 ], "texture": "#texture" },
        "south": { "uv": [ 11, 1, 10.5, 1.5 ], "texture": "#texture" },
        "west":  { "uv": [ 9.5, 1, 11, 1.5 ], "texture": "#texture" },
        "east":  { "uv": [ 11, 1, 9.5, 1.5 ], "texture": "#texture" }
    }
},
{
    "from": [ 7.5, 14, 9 ],
    "to": [ 8, 14.5, 9.5 ],
    "faces": {
        "down":  { "uv": [ 9, 2, 9.5, 1.5 ], "texture": "#texture" },
        "up":    { "uv": [ 9, 1.5, 9.5, 2 ], "texture": "#texture" },
        "north": { "uv": [ 9, 1.5, 9.5, 2 ], "texture": "#texture" },
        "south": { "uv": [ 9.5, 1.5, 9, 2 ], "texture": "#texture" },
        "west":  { "uv": [ 9, 1.5, 9.5, 2 ], "texture": "#texture" },
        "east":  { "uv": [ 9.5, 1.5, 9, 2 ], "texture": "#texture" }
    }
},
{
    "from": [ 7.5, 13.5, 8.5 ],
    "to": [ 8, 14, 9 ],
    "faces": {
        "down":  { "uv": [ 8.5, 2.5, 9, 2 ], "texture": "#texture" },
        "up":    { "uv": [ 8.5, 2, 9, 2.5 ], "texture": "#texture" },
        "north": { "uv": [ 8.5, 2, 9, 2.5 ], "texture": "#texture" },
        "south": { "uv": [ 9, 2, 8.5, 2.5 ], "texture": "#texture" },
        "west":  { "uv": [ 8.5, 2, 9, 2.5 ], "texture": "#texture" },
        "east":  { "uv": [ 9, 2, 8.5, 2.5 ], "texture": "#texture" }
    }
},
{
    "from": [ 7.5, 13, 8 ],
    "to": [ 8, 13.5, 8.5 ],
    "faces": {
        "down":  { "uv": [ 8, 3, 8.5, 2.5 ], "texture": "#texture" },
        "up":    { "uv": [ 8, 2.5, 8.5, 3 ], "texture": "#texture" },
        "north": { "uv": [ 8, 2.5, 8.5, 3 ], "texture": "#texture" },
        "south": { "uv": [ 8.5, 2.5, 8, 3 ], "texture": "#texture" },
        "west":  { "uv": [ 8, 2.5, 8.5, 3 ], "texture": "#texture" },
        "east":  { "uv": [ 8.5, 2.5, 8, 3 ], "texture": "#texture" }
    }
},
{
    "from": [ 7.5, 12.5, 7.5 ],
    "to": [ 8, 13, 8 ],
    "faces": {
        "down":  { "uv": [ 7.5, 3.5, 8, 3 ], "texture": "#texture" },
        "up":    { "uv": [ 7.5, 3, 8, 3.5 ], "texture": "#texture" },
        "north": { "uv": [ 7.5, 3, 8, 3.5 ], "texture": "#texture" },
        "south": { "uv": [ 8, 3, 7.5, 3.5 ], "texture": "#texture" },
        "west":  { "uv": [ 7.5, 3, 8, 3.5 ], "texture": "#texture" },
        "east":  { "uv": [ 8, 3, 7.5, 3.5 ], "texture": "#texture" }
    }
},
{
    "from": [ 7.5, 12, 7 ],
    "to": [ 8, 12.5, 7.5 ],
    "faces": {
        "down":  { "uv": [ 7, 4, 7.5, 3.5 ], "texture": "#texture" },
        "up":    { "uv": [ 7, 3.5, 7.5, 4 ], "texture": "#texture" },
        "north": { "uv": [ 7, 3.5, 7.5, 4 ], "texture": "#texture" },
        "south": { "uv": [ 7.5, 3.5, 7, 4 ], "texture": "#texture" },
        "west":  { "uv": [ 7, 3.5, 7.5, 4 ], "texture": "#texture" },
        "east":  { "uv": [ 7.5, 3.5, 7, 4 ], "texture": "#texture" }
    }
},
{
    "from": [ 7.5, 11.5, 6.5 ],
    "to": [ 8, 12, 7 ],
    "faces": {
        "down":  { "uv": [ 6.5, 4.5, 7, 4 ], "texture": "#texture" },
        "up":    { "uv": [ 6.5, 4, 7, 4.5 ], "texture": "#texture" },
        "north": { "uv": [ 6.5, 4, 7, 4.5 ], "texture": "#texture" },
        "south": { "uv": [ 7, 4, 6.5, 4.5 ], "texture": "#texture" },
        "west":  { "uv": [ 6.5, 4, 7, 4.5 ], "texture": "#texture" },
        "east":  { "uv": [ 7, 4, 6.5, 4.5 ], "texture": "#texture" }
    }
},
{
    "from": [ 7.5, 10, 6 ],
    "to": [ 8, 11.5, 6.5 ],
    "faces": {
        "down":  { "uv": [ 6, 6, 6.5, 5.5 ], "texture": "#texture" },
        "up":    { "uv": [ 6, 4.5, 6.5, 5 ], "texture": "#texture" },
        "north": { "uv": [ 6, 4.5, 6.5, 6 ], "texture": "#texture" },
        "south": { "uv": [ 6.5, 4.5, 6, 6 ], "texture": "#texture" },
        "west":  { "uv": [ 6, 4.5, 6.5, 6 ], "texture": "#texture" },
        "east":  { "uv": [ 6.5, 4.5, 6, 6 ], "texture": "#texture" }
    }
},
{
    "from": [ 7, 11, 11 ],
    "to": [ 8.5, 13.5, 11.5 ],
    "faces": {
        "down":  { "uv": [ 11, 5, 11.5, 4.5 ], "texture": "#texture" },
        "up":    { "uv": [ 11, 1.5, 11.5, 2 ], "texture": "#texture" },
        "north": { "uv": [ 11, 1.5, 11.5, 5 ], "texture": "#texture" },
        "south": { "uv": [ 11.5, 1.5, 11, 5 ], "texture": "#texture" },
        "west":  { "uv": [ 11, 1.5, 11.5, 5 ], "texture": "#texture" },
        "east":  { "uv": [ 11.5, 1.5, 11, 5 ], "texture": "#texture" }
    }
},
{
    "from": [ 7, 14, 9.5 ],
    "to": [ 8.5, 14.5, 11 ],
    "faces": {
        "down":  { "uv": [ 9.5, 2, 10, 1.5 ], "texture": "#texture" },
        "up":    { "uv": [ 9.5, 1.5, 10, 2 ], "texture": "#texture" },
        "north": { "uv": [ 9.5, 1.5, 10, 2 ], "texture": "#texture" },
        "south": { "uv": [ 11, 1.5, 10.5, 2 ], "texture": "#texture" },
        "west":  { "uv": [ 9.5, 1.5, 11, 2 ], "texture": "#texture" },
        "east":  { "uv": [ 11, 1.5, 9.5, 2 ], "texture": "#texture" }
    }
},
{
    "from": [ 7.5, 13.5, 11 ],
    "to": [ 8, 14.5, 11.5 ],
    "faces": {
        "down":  { "uv": [ 9, 2, 9.5, 1.5 ], "texture": "#texture" },
        "up":    { "uv": [ 9, 1.5, 9.5, 2 ], "texture": "#texture" },
        "north": { "uv": [ 9, 1.5, 9.5, 2 ], "texture": "#texture" },
        "south": { "uv": [ 9.5, 1.5, 9, 2 ], "texture": "#texture" },
        "west":  { "uv": [ 9, 1.5, 9.5, 2 ], "texture": "#texture" },
        "east":  { "uv": [ 9.5, 1.5, 9, 2 ], "texture": "#texture" }
    }
},
{
    "from": [ 7.5, 9.5, 6.5 ],
    "to": [ 8, 10, 7.5 ],
    "faces": {
        "down":  { "uv": [ 9, 2, 9.5, 1.5 ], "texture": "#texture" },
        "up":    { "uv": [ 9, 1.5, 9.5, 2 ], "texture": "#texture" },
        "north": { "uv": [ 9, 1.5, 9.5, 2 ], "texture": "#texture" },
        "south": { "uv": [ 9.5, 1.5, 9, 2 ], "texture": "#texture" },
        "west":  { "uv": [ 9, 1.5, 9.5, 2 ], "texture": "#texture" },
        "east":  { "uv": [ 9.5, 1.5, 9, 2 ], "texture": "#texture" }
    }
},
{
    "from": [ 7, 9.5, 7.5 ],
    "to": [ 8.5, 10, 10 ],
    "faces": {
        "down":  { "uv": [ 11, 5, 11.5, 4.5 ], "texture": "#texture" },
        "up":    { "uv": [ 11, 1.5, 11.5, 2 ], "texture": "#texture" },
        "north": { "uv": [ 11, 1.5, 11.5, 5 ], "texture": "#texture" },
        "south": { "uv": [ 11.5, 1.5, 11, 5 ], "texture": "#texture" },
        "west":  { "uv": [ 11, 1.5, 11.5, 5 ], "texture": "#texture" },
        "east":  { "uv": [ 11.5, 1.5, 11, 5 ], "texture": "#texture" }
    }
},
{
    "from": [ 7, 13.5, 9 ],
    "to": [ 8.5, 14, 10 ],
    "faces": {
        "down":  { "uv": [ 9, 2.5, 9.5, 2 ], "texture": "#texture" },
        "up":    { "uv": [ 9, 2, 9.5, 2.5 ], "texture": "#texture" },
        "north": { "uv": [ 9, 2, 9.5, 2.5 ], "texture": "#texture" },
        "south": { "uv": [ 10, 2, 9.5, 2.5 ], "texture": "#texture" },
        "west":  { "uv": [ 9, 2, 10, 2.5 ], "texture": "#texture" },
        "east":  { "uv": [ 10, 2, 9, 2.5 ], "texture": "#texture" }
    }
},
{
    "from": [ 7, 13, 8.5 ],
    "to": [ 8.5, 13.5, 9.5 ],
    "faces": {
        "down":  { "uv": [ 8.5, 3, 9, 2.5 ], "texture": "#texture" },
        "up":    { "uv": [ 8.5, 2.5, 9, 3 ], "texture": "#texture" },
        "north": { "uv": [ 8.5, 2.5, 9, 3 ], "texture": "#texture" },
        "south": { "uv": [ 9.5, 2.5, 9, 3 ], "texture": "#texture" },
        "west":  { "uv": [ 8.5, 2.5, 9.5, 3 ], "texture": "#texture" },
        "east":  { "uv": [ 9.5, 2.5, 8.5, 3 ], "texture": "#texture" }
    }
},
{
    "from": [ 7, 12.5, 8 ],
    "to": [ 8.5, 13, 9 ],
    "faces": {
        "down":  { "uv": [ 8, 3.5, 8.5, 3 ], "texture": "#texture" },
        "up":    { "uv": [ 8, 3, 8.5, 3.5 ], "texture": "#texture" },
        "north": { "uv": [ 8, 3, 8.5, 3.5 ], "texture": "#texture" },
        "south": { "uv": [ 9, 3, 8.5, 3.5 ], "texture": "#texture" },
        "west":  { "uv": [ 8, 3, 9, 3.5 ], "texture": "#texture" },
        "east":  { "uv": [ 9, 3, 8, 3.5 ], "texture": "#texture" }
    }
},
{
    "from": [ 7, 12, 7.5 ],
    "to": [ 8.5, 12.5, 8.5 ],
    "faces": {
        "down":  { "uv": [ 7.5, 4, 8, 3.5 ], "texture": "#texture" },
        "up":    { "uv": [ 7.5, 3.5, 8, 4 ], "texture": "#texture" },
        "north": { "uv": [ 7.5, 3.5, 8, 4 ], "texture": "#texture" },
        "south": { "uv": [ 8.5, 3.5, 8, 4 ], "texture": "#texture" },
        "west":  { "uv": [ 7.5, 3.5, 8.5, 4 ], "texture": "#texture" },
        "east":  { "uv": [ 8.5, 3.5, 7.5, 4 ], "texture": "#texture" }
    }
},
{
    "from": [ 7, 11.5, 7 ],
    "to": [ 8.5, 12, 8 ],
    "faces": {
        "down":  { "uv": [ 7, 4.5, 7.5, 4 ], "texture": "#texture" },
        "up":    { "uv": [ 7, 4, 7.5, 4.5 ], "texture": "#texture" },
        "north": { "uv": [ 7, 4, 7.5, 4.5 ], "texture": "#texture" },
        "south": { "uv": [ 8, 4, 7.5, 4.5 ], "texture": "#texture" },
        "west":  { "uv": [ 7, 4, 8, 4.5 ], "texture": "#texture" },
        "east":  { "uv": [ 8, 4, 7, 4.5 ], "texture": "#texture" }
    }
},
{
    "from": [ 7, 11, 6.5 ],
    "to": [ 8.5, 11.5, 7.5 ],
    "faces": {
        "down":  { "uv": [ 6.5, 5, 7, 4.5 ], "texture": "#texture" },
        "up":    { "uv": [ 6.5, 4.5, 7, 5 ], "texture": "#texture" },
        "north": { "uv": [ 6.5, 4.5, 7, 5 ], "texture": "#texture" },
        "south": { "uv": [ 7.5, 4.5, 7, 5 ], "texture": "#texture" },
        "west":  { "uv": [ 6.5, 4.5, 7.5, 5 ], "texture": "#texture" },
        "east":  { "uv": [ 7.5, 4.5, 6.5, 5 ], "texture": "#texture" }
    }
},
{
    "from": [ 7, 10, 6.5 ],
    "to": [ 8.5, 11, 7 ],
    "faces": {
        "down":  { "uv": [ 6.5, 6, 7, 5.5 ], "texture": "#texture" },
        "up":    { "uv": [ 6.5, 5, 7, 5.5 ], "texture": "#texture" },
        "north": { "uv": [ 6.5, 5, 7, 6 ], "texture": "#texture" },
        "south": { "uv": [ 7, 5, 6.5, 6 ], "texture": "#texture" },
        "west":  { "uv": [ 6.5, 5, 7, 6 ], "texture": "#texture" },
        "east":  { "uv": [ 7, 5, 6.5, 6 ], "texture": "#texture" }
    }
},
{
    "from": [ 7, 11, 10 ],
    "to": [ 8.5, 14, 11 ],
    "faces": {
        "down":  { "uv": [ 10, 5, 10.5, 4.5 ], "texture": "#texture" },
        "up":    { "uv": [ 10, 2, 10.5, 2.5 ], "texture": "#texture" },
        "north": { "uv": [ 10, 2, 10.5, 5 ], "texture": "#texture" },
        "south": { "uv": [ 11, 2, 10.5, 5 ], "texture": "#texture" },
        "west":  { "uv": [ 10, 2, 11, 5 ], "texture": "#texture" },
        "east":  { "uv": [ 11, 2, 10, 5 ], "texture": "#texture" }
    }
},
{
    "from": [ 7, 10, 7 ],
    "to": [ 8.5, 11, 8 ],
    "faces": {
        "down":  { "uv": [ 7, 6, 7.5, 5.5 ], "texture": "#texture" },
        "up":    { "uv": [ 7, 5, 7.5, 5.5 ], "texture": "#texture" },
        "north": { "uv": [ 7, 5, 7.5, 6 ], "texture": "#texture" },
        "south": { "uv": [ 8, 5, 7.5, 6 ], "texture": "#texture" },
        "west":  { "uv": [ 7, 5, 8, 6 ], "texture": "#texture" },
        "east":  { "uv": [ 8, 5, 7, 6 ], "texture": "#texture" }
    }
},
{
    "from": [ 7, 10, 9 ],
    "to": [ 8.5, 13, 10 ],
    "faces": {
        "down":  { "uv": [ 9, 6, 9.5, 5.5 ], "texture": "#texture" },
        "up":    { "uv": [ 9, 3, 9.5, 3.5 ], "texture": "#texture" },
        "north": { "uv": [ 9, 3, 9.5, 6 ], "texture": "#texture" },
        "south": { "uv": [ 10, 3, 9.5, 6 ], "texture": "#texture" },
        "west":  { "uv": [ 9, 3, 10, 6 ], "texture": "#texture" },
        "east":  { "uv": [ 10, 3, 9, 6 ], "texture": "#texture" }
    }
},
{
    "from": [ 7, 10, 8 ],
    "to": [ 8.5, 12, 9 ],
    "faces": {
        "down":  { "uv": [ 8, 6, 8.5, 5.5 ], "texture": "#texture" },
        "up":    { "uv": [ 8, 4, 8.5, 4.5 ], "texture": "#texture" },
        "north": { "uv": [ 8, 4, 8.5, 6 ], "texture": "#texture" },
        "south": { "uv": [ 9, 4, 8.5, 6 ], "texture": "#texture" },
        "west":  { "uv": [ 8, 4, 9, 6 ], "texture": "#texture" },
        "east":  { "uv": [ 9, 4, 8, 6 ], "texture": "#texture" }
    }
},
{
    "from": [ 7, 11, 7.5 ],
    "to": [ 8.5, 11.5, 8 ],
    "faces": {
        "down":  { "uv": [ 7.5, 5, 8, 4.5 ], "texture": "#texture" },
        "up":    { "uv": [ 7.5, 4.5, 8, 5 ], "texture": "#texture" },
        "north": { "uv": [ 7.5, 4.5, 8, 5 ], "texture": "#texture" },
        "south": { "uv": [ 8, 4.5, 7.5, 5 ], "texture": "#texture" },
        "west":  { "uv": [ 7.5, 4.5, 8, 5 ], "texture": "#texture" },
        "east":  { "uv": [ 8, 4.5, 7.5, 5 ], "texture": "#texture" }
    }
},
{
    "from": [ 7, 12, 8.5 ],
    "to": [ 8.5, 12.5, 9 ],
    "faces": {
        "down":  { "uv": [ 8.5, 4, 9, 3.5 ], "texture": "#texture" },
        "up":    { "uv": [ 8.5, 3.5, 9, 4 ], "texture": "#texture" },
        "north": { "uv": [ 8.5, 3.5, 9, 4 ], "texture": "#texture" },
        "south": { "uv": [ 9, 3.5, 8.5, 4 ], "texture": "#texture" },
        "west":  { "uv": [ 8.5, 3.5, 9, 4 ], "texture": "#texture" },
        "east":  { "uv": [ 9, 3.5, 8.5, 4 ], "texture": "#texture" }
    }
},
{
    "from": [ 7, 13, 9.5 ],
    "to": [ 8.5, 13.5, 10 ],
    "faces": {
        "down":  { "uv": [ 9.5, 3, 10, 2.5 ], "texture": "#texture" },
        "up":    { "uv": [ 9.5, 2.5, 10, 3 ], "texture": "#texture" },
        "north": { "uv": [ 9.5, 2.5, 10, 3 ], "texture": "#texture" },
        "south": { "uv": [ 10, 2.5, 9.5, 3 ], "texture": "#texture" },
        "west":  { "uv": [ 9.5, 2.5, 10, 3 ], "texture": "#texture" },
        "east":  { "uv": [ 10, 2.5, 9.5, 3 ], "texture": "#texture" }
    }
},
{
    "from": [ 6.5, 10, 10.5 ],
    "to": [ 9, 11, 12 ],
    "faces": {
        "down":  { "uv": [ 10.5, 6, 11, 5.5 ], "texture": "#texture" },
        "up":    { "uv": [ 10.5, 5, 11, 5.5 ], "texture": "#texture" },
        "north": { "uv": [ 10.5, 5, 11, 6 ], "texture": "#texture" },
        "south": { "uv": [ 12, 5, 11.5, 6 ], "texture": "#texture" },
        "west":  { "uv": [ 10.5, 5, 12, 6 ], "texture": "#texture" },
        "east":  { "uv": [ 12, 5, 10.5, 6 ], "texture": "#texture" }
    }
},
{
    "from": [ 6.5, 9, 10 ],
    "to": [ 9, 10, 11 ],
    "faces": {
        "down":  { "uv": [ 10, 7, 10.5, 6.5 ], "texture": "#texture" },
        "up":    { "uv": [ 10, 6, 10.5, 6.5 ], "texture": "#texture" },
        "north": { "uv": [ 10, 6, 10.5, 7 ], "texture": "#texture" },
        "south": { "uv": [ 11, 6, 10.5, 7 ], "texture": "#texture" },
        "west":  { "uv": [ 10, 6, 11, 7 ], "texture": "#texture" },
        "east":  { "uv": [ 11, 6, 10, 7 ], "texture": "#texture" }
    }
},
{
    "from": [ 7, 10.5, 10 ],
    "to": [ 8.5, 11, 10.5 ],
    "faces": {
        "down":  { "uv": [ 10, 5.5, 10.5, 5 ], "texture": "#texture" },
        "up":    { "uv": [ 10, 5, 10.5, 5.5 ], "texture": "#texture" },
        "north": { "uv": [ 10, 5, 10.5, 5.5 ], "texture": "#texture" },
        "south": { "uv": [ 10.5, 5, 10, 5.5 ], "texture": "#texture" },
        "west":  { "uv": [ 10, 5, 10.5, 5.5 ], "texture": "#texture" },
        "east":  { "uv": [ 10.5, 5, 10, 5.5 ], "texture": "#texture" }
    }
},
{
    "from": [ 6.5, 10, 10 ],
    "to": [ 9, 10.5, 10.5 ],
    "faces": {
        "down":  { "uv": [ 10, 6, 10.5, 5.5 ], "texture": "#texture" },
        "up":    { "uv": [ 10, 5.5, 10.5, 6 ], "texture": "#texture" },
        "north": { "uv": [ 10, 5.5, 10.5, 6 ], "texture": "#texture" },
        "south": { "uv": [ 10.5, 5.5, 10, 6 ], "texture": "#texture" },
        "west":  { "uv": [ 10, 5.5, 10.5, 6 ], "texture": "#texture" },
        "east":  { "uv": [ 10.5, 5.5, 10, 6 ], "texture": "#texture" }
    }
},
{
    "from": [ 6.5, 9.5, 11 ],
    "to": [ 9, 10, 12 ],
    "faces": {
        "down":  { "uv": [ 11, 6.5, 11.5, 6 ], "texture": "#texture" },
        "up":    { "uv": [ 11, 6, 11.5, 6.5 ], "texture": "#texture" },
        "north": { "uv": [ 11, 6, 11.5, 6.5 ], "texture": "#texture" },
        "south": { "uv": [ 12, 6, 11.5, 6.5 ], "texture": "#texture" },
        "west":  { "uv": [ 11, 6, 12, 6.5 ], "texture": "#texture" },
        "east":  { "uv": [ 12, 6, 11, 6.5 ], "texture": "#texture" }
    }
},
{
    "from": [ 6.5, 9, 11 ],
    "to": [ 9, 9.5, 11.5 ],
    "faces": {
        "down":  { "uv": [ 11, 7, 11.5, 6.5 ], "texture": "#texture" },
        "up":    { "uv": [ 11, 6.5, 11.5, 7 ], "texture": "#texture" },
        "north": { "uv": [ 11, 6.5, 11.5, 7 ], "texture": "#texture" },
        "south": { "uv": [ 11.5, 6.5, 11, 7 ], "texture": "#texture" },
        "west":  { "uv": [ 11, 6.5, 11.5, 7 ], "texture": "#texture" },
        "east":  { "uv": [ 11.5, 6.5, 11, 7 ], "texture": "#texture" }
    }
},
{
    "from": [ 7, 8, 11.5 ],
    "to": [ 8.5, 9.5, 13 ],
    "faces": {
        "down":  { "uv": [ 11.5, 8, 12, 7.5 ], "texture": "#texture" },
        "up":    { "uv": [ 11.5, 6.5, 12, 7 ], "texture": "#texture" },
        "north": { "uv": [ 11.5, 6.5, 12, 8 ], "texture": "#texture" },
        "south": { "uv": [ 13, 6.5, 12.5, 8 ], "texture": "#texture" },
        "west":  { "uv": [ 11.5, 6.5, 13, 8 ], "texture": "#texture" },
        "east":  { "uv": [ 13, 6.5, 11.5, 8 ], "texture": "#texture" }
    }
},
{
    "from": [ 7, 8.5, 11 ],
    "to": [ 8.5, 9, 11.5 ],
    "faces": {
        "down":  { "uv": [ 11, 7.5, 11.5, 7 ], "texture": "#texture" },
        "up":    { "uv": [ 11, 7, 11.5, 7.5 ], "texture": "#texture" },
        "north": { "uv": [ 11, 7, 11.5, 7.5 ], "texture": "#texture" },
        "south": { "uv": [ 11.5, 7, 11, 7.5 ], "texture": "#texture" },
        "west":  { "uv": [ 11, 7, 11.5, 7.5 ], "texture": "#texture" },
        "east":  { "uv": [ 11.5, 7, 11, 7.5 ], "texture": "#texture" }
    }
},
{
    "from": [ 7, 9.5, 12 ],
    "to": [ 8.5, 10, 12.5 ],
    "faces": {
        "down":  { "uv": [ 12, 6.5, 12.5, 6 ], "texture": "#texture" },
        "up":    { "uv": [ 12, 6, 12.5, 6.5 ], "texture": "#texture" },
        "north": { "uv": [ 12, 6, 12.5, 6.5 ], "texture": "#texture" },
        "south": { "uv": [ 12.5, 6, 12, 6.5 ], "texture": "#texture" },
        "west":  { "uv": [ 12, 6, 12.5, 6.5 ], "texture": "#texture" },
        "east":  { "uv": [ 12.5, 6, 12, 6.5 ], "texture": "#texture" }
    }
},
{
    "from": [ 7.5, 10, 12 ],
    "to": [ 8, 10.5, 12.5 ],
    "faces": {
        "down":  { "uv": [ 9, 2, 9.5, 1.5 ], "texture": "#texture" },
        "up":    { "uv": [ 9, 1.5, 9.5, 2 ], "texture": "#texture" },
        "north": { "uv": [ 9, 1.5, 9.5, 2 ], "texture": "#texture" },
        "south": { "uv": [ 9.5, 1.5, 9, 2 ], "texture": "#texture" },
        "west":  { "uv": [ 9, 1.5, 9.5, 2 ], "texture": "#texture" },
        "east":  { "uv": [ 9.5, 1.5, 9, 2 ], "texture": "#texture" }
    }
},
{
    "from": [ 7.5, 9.5, 12.5 ],
    "to": [ 8, 10, 13 ],
    "faces": {
        "down":  { "uv": [ 9, 2, 9.5, 1.5 ], "texture": "#texture" },
        "up":    { "uv": [ 9, 1.5, 9.5, 2 ], "texture": "#texture" },
        "north": { "uv": [ 9, 1.5, 9.5, 2 ], "texture": "#texture" },
        "south": { "uv": [ 9.5, 1.5, 9, 2 ], "texture": "#texture" },
        "west":  { "uv": [ 9, 1.5, 9.5, 2 ], "texture": "#texture" },
        "east":  { "uv": [ 9.5, 1.5, 9, 2 ], "texture": "#texture" }
    }
},
{
    "from": [ 7.5, 8, 13 ],
    "to": [ 8, 9.5, 13.5 ],
    "faces": {
        "down":  { "uv": [ 9, 2, 9.5, 1.5 ], "texture": "#texture" },
        "up":    { "uv": [ 9, 1.5, 9.5, 2 ], "texture": "#texture" },
        "north": { "uv": [ 9, 1.5, 9.5, 2 ], "texture": "#texture" },
        "south": { "uv": [ 9.5, 1.5, 9, 2 ], "texture": "#texture" },
        "west":  { "uv": [ 9, 1.5, 9.5, 2 ], "texture": "#texture" },
        "east":  { "uv": [ 9.5, 1.5, 9, 2 ], "texture": "#texture" }
    }
},
{
    "from": [ 7.5, 7.5, 11.5 ],
    "to": [ 8, 8, 13 ],
    "faces": {
        "down":  { "uv": [ 9, 2, 9.5, 1.5 ], "texture": "#texture" },
        "up":    { "uv": [ 9, 1.5, 9.5, 2 ], "texture": "#texture" },
        "north": { "uv": [ 9, 1.5, 9.5, 2 ], "texture": "#texture" },
        "south": { "uv": [ 9.5, 1.5, 9, 2 ], "texture": "#texture" },
        "west":  { "uv": [ 9, 1.5, 9.5, 2 ], "texture": "#texture" },
        "east":  { "uv": [ 9.5, 1.5, 9, 2 ], "texture": "#texture" }
    }
},
{
    "from": [ 7.5, 8, 11 ],
    "to": [ 8, 8.5, 11.5 ],
    "faces": {
        "down":  { "uv": [ 9, 2, 9.5, 1.5 ], "texture": "#texture" },
        "up":    { "uv": [ 9, 1.5, 9.5, 2 ], "texture": "#texture" },
        "north": { "uv": [ 9, 1.5, 9.5, 2 ], "texture": "#texture" },
        "south": { "uv": [ 9.5, 1.5, 9, 2 ], "texture": "#texture" },
        "west":  { "uv": [ 9, 1.5, 9.5, 2 ], "texture": "#texture" },
        "east":  { "uv": [ 9.5, 1.5, 9, 2 ], "texture": "#texture" }
    }
},
{
    "from": [ 7.5, 8.5, 10.5 ],
    "to": [ 8, 9, 11 ],
    "faces": {
        "down":  { "uv": [ 9, 2, 9.5, 1.5 ], "texture": "#texture" },
        "up":    { "uv": [ 9, 1.5, 9.5, 2 ], "texture": "#texture" },
        "north": { "uv": [ 9, 1.5, 9.5, 2 ], "texture": "#texture" },
        "south": { "uv": [ 9.5, 1.5, 9, 2 ], "texture": "#texture" },
        "west":  { "uv": [ 9, 1.5, 9.5, 2 ], "texture": "#texture" },
        "east":  { "uv": [ 9.5, 1.5, 9, 2 ], "texture": "#texture" }
    }
},
{
    "from": [ 7, 10.5, 12 ],
    "to": [ 8.5, 11, 13 ],
    "faces": {
        "down":  { "uv": [ 12, 5.5, 12.5, 5 ], "texture": "#texture" },
        "up":    { "uv": [ 12, 5, 12.5, 5.5 ], "texture": "#texture" },
        "north": { "uv": [ 12, 5, 12.5, 5.5 ], "texture": "#texture" },
        "south": { "uv": [ 13, 5, 12.5, 5.5 ], "texture": "#texture" },
        "west":  { "uv": [ 12, 5, 13, 5.5 ], "texture": "#texture" },
        "east":  { "uv": [ 13, 5, 12, 5.5 ], "texture": "#texture" }
    }
},
{
    "from": [ 7, 11, 11.5 ],
    "to": [ 8.5, 11.5, 12.5 ],
    "faces": {
        "down":  { "uv": [ 11.5, 5, 12, 4.5 ], "texture": "#texture" },
        "up":    { "uv": [ 11.5, 4.5, 12, 5 ], "texture": "#texture" },
        "north": { "uv": [ 11.5, 4.5, 12, 5 ], "texture": "#texture" },
        "south": { "uv": [ 12.5, 4.5, 12, 5 ], "texture": "#texture" },
        "west":  { "uv": [ 11.5, 4.5, 12.5, 5 ], "texture": "#texture" },
        "east":  { "uv": [ 12.5, 4.5, 11.5, 5 ], "texture": "#texture" }
    }
},
{
    "from": [ 7, 11.5, 11.5 ],
    "to": [ 8.5, 12, 12 ],
    "faces": {
        "down":  { "uv": [ 11.5, 4.5, 12, 4 ], "texture": "#texture" },
        "up":    { "uv": [ 11.5, 4, 12, 4.5 ], "texture": "#texture" },
        "north": { "uv": [ 11.5, 4, 12, 4.5 ], "texture": "#texture" },
        "south": { "uv": [ 12, 4, 11.5, 4.5 ], "texture": "#texture" },
        "west":  { "uv": [ 11.5, 4, 12, 4.5 ], "texture": "#texture" },
        "east":  { "uv": [ 12, 4, 11.5, 4.5 ], "texture": "#texture" }
    }
},
{
    "from": [ 7, 8.5, 9 ],
    "to": [ 8.5, 9, 10.5 ],
    "faces": {
        "down":  { "uv": [ 9, 7.5, 9.5, 7 ], "texture": "#texture" },
        "up":    { "uv": [ 9, 7, 9.5, 7.5 ], "texture": "#texture" },
        "north": { "uv": [ 9, 7, 9.5, 7.5 ], "texture": "#texture" },
        "south": { "uv": [ 10.5, 7, 10, 7.5 ], "texture": "#texture" },
        "west":  { "uv": [ 9, 7, 10.5, 7.5 ], "texture": "#texture" },
        "east":  { "uv": [ 10.5, 7, 9, 7.5 ], "texture": "#texture" }
    }
},
{
    "from": [ 7, 8, 8.5 ],
    "to": [ 8.5, 8.5, 10 ],
    "faces": {
        "down":  { "uv": [ 8.5, 8, 9, 7.5 ], "texture": "#texture" },
        "up":    { "uv": [ 8.5, 7.5, 9, 8 ], "texture": "#texture" },
        "north": { "uv": [ 8.5, 7.5, 9, 8 ], "texture": "#texture" },
        "south": { "uv": [ 10, 7.5, 9.5, 8 ], "texture": "#texture" },
        "west":  { "uv": [ 8.5, 7.5, 10, 8 ], "texture": "#texture" },
        "east":  { "uv": [ 10, 7.5, 8.5, 8 ], "texture": "#texture" }
    }
},
{
    "from": [ 7, 7.5, 8 ],
    "to": [ 8.5, 8, 9.5 ],
    "faces": {
        "down":  { "uv": [ 8, 8.5, 8.5, 8 ], "texture": "#texture" },
        "up":    { "uv": [ 8, 8, 8.5, 8.5 ], "texture": "#texture" },
        "north": { "uv": [ 8, 8, 8.5, 8.5 ], "texture": "#texture" },
        "south": { "uv": [ 9.5, 8, 9, 8.5 ], "texture": "#texture" },
        "west":  { "uv": [ 8, 8, 9.5, 8.5 ], "texture": "#texture" },
        "east":  { "uv": [ 9.5, 8, 8, 8.5 ], "texture": "#texture" }
    }
},
{
    "from": [ 7, 7, 7.5 ],
    "to": [ 8.5, 7.5, 9 ],
    "faces": {
        "down":  { "uv": [ 7.5, 9, 8, 8.5 ], "texture": "#texture" },
        "up":    { "uv": [ 7.5, 8.5, 8, 9 ], "texture": "#texture" },
        "north": { "uv": [ 7.5, 8.5, 8, 9 ], "texture": "#texture" },
        "south": { "uv": [ 9, 8.5, 8.5, 9 ], "texture": "#texture" },
        "west":  { "uv": [ 7.5, 8.5, 9, 9 ], "texture": "#texture" },
        "east":  { "uv": [ 9, 8.5, 7.5, 9 ], "texture": "#texture" }
    }
},
{
    "from": [ 7, 6.5, 7 ],
    "to": [ 8.5, 7, 8.5 ],
    "faces": {
        "down":  { "uv": [ 7, 9.5, 7.5, 9 ], "texture": "#texture" },
        "up":    { "uv": [ 7, 9, 7.5, 9.5 ], "texture": "#texture" },
        "north": { "uv": [ 7, 9, 7.5, 9.5 ], "texture": "#texture" },
        "south": { "uv": [ 8.5, 9, 8, 9.5 ], "texture": "#texture" },
        "west":  { "uv": [ 7, 9, 8.5, 9.5 ], "texture": "#texture" },
        "east":  { "uv": [ 8.5, 9, 7, 9.5 ], "texture": "#texture" }
    }
},
{
    "from": [ 7, 6, 6.5 ],
    "to": [ 8.5, 6.5, 8 ],
    "faces": {
        "down":  { "uv": [ 6.5, 10, 7, 9.5 ], "texture": "#texture" },
        "up":    { "uv": [ 6.5, 9.5, 7, 10 ], "texture": "#texture" },
        "north": { "uv": [ 6.5, 9.5, 7, 10 ], "texture": "#texture" },
        "south": { "uv": [ 8, 9.5, 7.5, 10 ], "texture": "#texture" },
        "west":  { "uv": [ 6.5, 9.5, 8, 10 ], "texture": "#texture" },
        "east":  { "uv": [ 8, 9.5, 6.5, 10 ], "texture": "#texture" }
    }
},
{
    "from": [ 7, 5.5, 6 ],
    "to": [ 8.5, 6, 7.5 ],
    "faces": {
        "down":  { "uv": [ 6, 10.5, 6.5, 10 ], "texture": "#texture" },
        "up":    { "uv": [ 6, 10, 6.5, 10.5 ], "texture": "#texture" },
        "north": { "uv": [ 6, 10, 6.5, 10.5 ], "texture": "#texture" },
        "south": { "uv": [ 7.5, 10, 7, 10.5 ], "texture": "#texture" },
        "west":  { "uv": [ 6, 10, 7.5, 10.5 ], "texture": "#texture" },
        "east":  { "uv": [ 7.5, 10, 6, 10.5 ], "texture": "#texture" }
    }
},
{
    "from": [ 7, 5, 5.5 ],
    "to": [ 8.5, 5.5, 7 ],
    "faces": {
        "down":  { "uv": [ 5.5, 11, 6, 10.5 ], "texture": "#texture" },
        "up":    { "uv": [ 5.5, 10.5, 6, 11 ], "texture": "#texture" },
        "north": { "uv": [ 5.5, 10.5, 6, 11 ], "texture": "#texture" },
        "south": { "uv": [ 7, 10.5, 6.5, 11 ], "texture": "#texture" },
        "west":  { "uv": [ 5.5, 10.5, 7, 11 ], "texture": "#texture" },
        "east":  { "uv": [ 7, 10.5, 5.5, 11 ], "texture": "#texture" }
    }
},
{
    "from": [ 7, 4.5, 5 ],
    "to": [ 8.5, 5, 6.5 ],
    "faces": {
        "down":  { "uv": [ 5, 11.5, 5.5, 11 ], "texture": "#texture" },
        "up":    { "uv": [ 5, 11, 5.5, 11.5 ], "texture": "#texture" },
        "north": { "uv": [ 5, 11, 5.5, 11.5 ], "texture": "#texture" },
        "south": { "uv": [ 6.5, 11, 6, 11.5 ], "texture": "#texture" },
        "west":  { "uv": [ 5, 11, 6.5, 11.5 ], "texture": "#texture" },
        "east":  { "uv": [ 6.5, 11, 5, 11.5 ], "texture": "#texture" }
    }
},
{
    "from": [ 7, 4, 4.5 ],
    "to": [ 8.5, 4.5, 6 ],
    "faces": {
        "down":  { "uv": [ 4.5, 12, 5, 11.5 ], "texture": "#texture" },
        "up":    { "uv": [ 4.5, 11.5, 5, 12 ], "texture": "#texture" },
        "north": { "uv": [ 4.5, 11.5, 5, 12 ], "texture": "#texture" },
        "south": { "uv": [ 6, 11.5, 5.5, 12 ], "texture": "#texture" },
        "west":  { "uv": [ 4.5, 11.5, 6, 12 ], "texture": "#texture" },
        "east":  { "uv": [ 6, 11.5, 4.5, 12 ], "texture": "#texture" }
    }
},
{
    "from": [ 7, 3.5, 4 ],
    "to": [ 8.5, 4, 5.5 ],
    "faces": {
        "down":  { "uv": [ 4, 12.5, 4.5, 12 ], "texture": "#texture" },
        "up":    { "uv": [ 4, 12, 4.5, 12.5 ], "texture": "#texture" },
        "north": { "uv": [ 4, 12, 4.5, 12.5 ], "texture": "#texture" },
        "south": { "uv": [ 5.5, 12, 5, 12.5 ], "texture": "#texture" },
        "west":  { "uv": [ 4, 12, 5.5, 12.5 ], "texture": "#texture" },
        "east":  { "uv": [ 5.5, 12, 4, 12.5 ], "texture": "#texture" }
    }
},
{
    "from": [ 7, 3, 3.5 ],
    "to": [ 8.5, 3.5, 5 ],
    "faces": {
        "down":  { "uv": [ 3.5, 13, 4, 12.5 ], "texture": "#texture" },
        "up":    { "uv": [ 3.5, 12.5, 4, 13 ], "texture": "#texture" },
        "north": { "uv": [ 3.5, 12.5, 4, 13 ], "texture": "#texture" },
        "south": { "uv": [ 5, 12.5, 4.5, 13 ], "texture": "#texture" },
        "west":  { "uv": [ 3.5, 12.5, 5, 13 ], "texture": "#texture" },
        "east":  { "uv": [ 5, 12.5, 3.5, 13 ], "texture": "#texture" }
    }
},
{
    "from": [ 7, 2.5, 3 ],
    "to": [ 8.5, 3, 4.5 ],
    "faces": {
        "down":  { "uv": [ 3, 13.5, 3.5, 13 ], "texture": "#texture" },
        "up":    { "uv": [ 3, 13, 3.5, 13.5 ], "texture": "#texture" },
        "north": { "uv": [ 3, 13, 3.5, 13.5 ], "texture": "#texture" },
        "south": { "uv": [ 4.5, 13, 4, 13.5 ], "texture": "#texture" },
        "west":  { "uv": [ 3, 13, 4.5, 13.5 ], "texture": "#texture" },
        "east":  { "uv": [ 4.5, 13, 3, 13.5 ], "texture": "#texture" }
    }
},
{
    "from": [ 7, 2, 2.5 ],
    "to": [ 8.5, 2.5, 4 ],
    "faces": {
        "down":  { "uv": [ 2.5, 14, 3, 13.5 ], "texture": "#texture" },
        "up":    { "uv": [ 2.5, 13.5, 3, 14 ], "texture": "#texture" },
        "north": { "uv": [ 2.5, 13.5, 3, 14 ], "texture": "#texture" },
        "south": { "uv": [ 4, 13.5, 3.5, 14 ], "texture": "#texture" },
        "west":  { "uv": [ 2.5, 13.5, 4, 14 ], "texture": "#texture" },
        "east":  { "uv": [ 4, 13.5, 2.5, 14 ], "texture": "#texture" }
    }
},
{
    "from": [ 7, 1.5, 2.5 ],
    "to": [ 8.5, 2, 3.5 ],
    "faces": {
        "down":  { "uv": [ 2.5, 14.5, 3, 14 ], "texture": "#texture" },
        "up":    { "uv": [ 2.5, 14, 3, 14.5 ], "texture": "#texture" },
        "north": { "uv": [ 2.5, 14, 3, 14.5 ], "texture": "#texture" },
        "south": { "uv": [ 3.5, 14, 3, 14.5 ], "texture": "#texture" },
        "west":  { "uv": [ 2.5, 14, 3.5, 14.5 ], "texture": "#texture" },
        "east":  { "uv": [ 3.5, 14, 2.5, 14.5 ], "texture": "#texture" }
    }
},
{
    "from": [ 7.5, 8.5, 8.5 ],
    "to": [ 8, 9, 9 ],
    "faces": {
        "down":  { "uv": [ 8.5, 7.5, 9, 7 ], "texture": "#texture" },
        "up":    { "uv": [ 8.5, 7, 9, 7.5 ], "texture": "#texture" },
        "north": { "uv": [ 8.5, 7, 9, 7.5 ], "texture": "#texture" },
        "south": { "uv": [ 9, 7, 8.5, 7.5 ], "texture": "#texture" },
        "west":  { "uv": [ 8.5, 7, 9, 7.5 ], "texture": "#texture" },
        "east":  { "uv": [ 9, 7, 8.5, 7.5 ], "texture": "#texture" }
    }
},
{
    "from": [ 7.5, 9, 9 ],
    "to": [ 8, 9.5, 9.5 ],
    "faces": {
        "down":  { "uv": [ 9, 7, 9.5, 6.5 ], "texture": "#texture" },
        "up":    { "uv": [ 9, 6.5, 9.5, 7 ], "texture": "#texture" },
        "north": { "uv": [ 9, 6.5, 9.5, 7 ], "texture": "#texture" },
        "south": { "uv": [ 9.5, 6.5, 9, 7 ], "texture": "#texture" },
        "west":  { "uv": [ 9, 6.5, 9.5, 7 ], "texture": "#texture" },
        "east":  { "uv": [ 9.5, 6.5, 9, 7 ], "texture": "#texture" }
    }
},
{
    "from": [ 7, 9, 9.5 ],
    "to": [ 8.5, 9.5, 10 ],
    "faces": {
        "down":  { "uv": [ 9.5, 7, 10, 6.5 ], "texture": "#texture" },
        "up":    { "uv": [ 9.5, 6.5, 10, 7 ], "texture": "#texture" },
        "north": { "uv": [ 9.5, 6.5, 10, 7 ], "texture": "#texture" },
        "south": { "uv": [ 10, 6.5, 9.5, 7 ], "texture": "#texture" },
        "west":  { "uv": [ 9.5, 6.5, 10, 7 ], "texture": "#texture" },
        "east":  { "uv": [ 10, 6.5, 9.5, 7 ], "texture": "#texture" }
    }
},
{
    "from": [ 7.5, 8, 8 ],
    "to": [ 8, 8.5, 8.5 ],
    "faces": {
        "down":  { "uv": [ 8, 8, 8.5, 7.5 ], "texture": "#texture" },
        "up":    { "uv": [ 8, 7.5, 8.5, 8 ], "texture": "#texture" },
        "north": { "uv": [ 8, 7.5, 8.5, 8 ], "texture": "#texture" },
        "south": { "uv": [ 8.5, 7.5, 8, 8 ], "texture": "#texture" },
        "west":  { "uv": [ 8, 7.5, 8.5, 8 ], "texture": "#texture" },
        "east":  { "uv": [ 8.5, 7.5, 8, 8 ], "texture": "#texture" }
    }
},
{
    "from": [ 7.5, 7.5, 7.5 ],
    "to": [ 8, 8, 8 ],
    "faces": {
        "down":  { "uv": [ 7.5, 8.5, 8, 8 ], "texture": "#texture" },
        "up":    { "uv": [ 7.5, 8, 8, 8.5 ], "texture": "#texture" },
        "north": { "uv": [ 7.5, 8, 8, 8.5 ], "texture": "#texture" },
        "south": { "uv": [ 8, 8, 7.5, 8.5 ], "texture": "#texture" },
        "west":  { "uv": [ 7.5, 8, 8, 8.5 ], "texture": "#texture" },
        "east":  { "uv": [ 8, 8, 7.5, 8.5 ], "texture": "#texture" }
    }
},
{
    "from": [ 7.5, 7, 7 ],
    "to": [ 8, 7.5, 7.5 ],
    "faces": {
        "down":  { "uv": [ 7, 9, 7.5, 8.5 ], "texture": "#texture" },
        "up":    { "uv": [ 7, 8.5, 7.5, 9 ], "texture": "#texture" },
        "north": { "uv": [ 7, 8.5, 7.5, 9 ], "texture": "#texture" },
        "south": { "uv": [ 7.5, 8.5, 7, 9 ], "texture": "#texture" },
        "west":  { "uv": [ 7, 8.5, 7.5, 9 ], "texture": "#texture" },
        "east":  { "uv": [ 7.5, 8.5, 7, 9 ], "texture": "#texture" }
    }
},
{
    "from": [ 7.5, 6.5, 6.5 ],
    "to": [ 8, 7, 7 ],
    "faces": {
        "down":  { "uv": [ 6.5, 9.5, 7, 9 ], "texture": "#texture" },
        "up":    { "uv": [ 6.5, 9, 7, 9.5 ], "texture": "#texture" },
        "north": { "uv": [ 6.5, 9, 7, 9.5 ], "texture": "#texture" },
        "south": { "uv": [ 7, 9, 6.5, 9.5 ], "texture": "#texture" },
        "west":  { "uv": [ 6.5, 9, 7, 9.5 ], "texture": "#texture" },
        "east":  { "uv": [ 7, 9, 6.5, 9.5 ], "texture": "#texture" }
    }
},
{
    "from": [ 7.5, 6, 6 ],
    "to": [ 8, 6.5, 6.5 ],
    "faces": {
        "down":  { "uv": [ 6, 10, 6.5, 9.5 ], "texture": "#texture" },
        "up":    { "uv": [ 6, 9.5, 6.5, 10 ], "texture": "#texture" },
        "north": { "uv": [ 6, 9.5, 6.5, 10 ], "texture": "#texture" },
        "south": { "uv": [ 6.5, 9.5, 6, 10 ], "texture": "#texture" },
        "west":  { "uv": [ 6, 9.5, 6.5, 10 ], "texture": "#texture" },
        "east":  { "uv": [ 6.5, 9.5, 6, 10 ], "texture": "#texture" }
    }
},
{
    "from": [ 7.5, 5.5, 5.5 ],
    "to": [ 8, 6, 6 ],
    "faces": {
        "down":  { "uv": [ 5.5, 10.5, 6, 10 ], "texture": "#texture" },
        "up":    { "uv": [ 5.5, 10, 6, 10.5 ], "texture": "#texture" },
        "north": { "uv": [ 5.5, 10, 6, 10.5 ], "texture": "#texture" },
        "south": { "uv": [ 6, 10, 5.5, 10.5 ], "texture": "#texture" },
        "west":  { "uv": [ 5.5, 10, 6, 10.5 ], "texture": "#texture" },
        "east":  { "uv": [ 6, 10, 5.5, 10.5 ], "texture": "#texture" }
    }
},
{
    "from": [ 7.5, 5, 5 ],
    "to": [ 8, 5.5, 5.5 ],
    "faces": {
        "down":  { "uv": [ 5, 11, 5.5, 10.5 ], "texture": "#texture" },
        "up":    { "uv": [ 5, 10.5, 5.5, 11 ], "texture": "#texture" },
        "north": { "uv": [ 5, 10.5, 5.5, 11 ], "texture": "#texture" },
        "south": { "uv": [ 5.5, 10.5, 5, 11 ], "texture": "#texture" },
        "west":  { "uv": [ 5, 10.5, 5.5, 11 ], "texture": "#texture" },
        "east":  { "uv": [ 5.5, 10.5, 5, 11 ], "texture": "#texture" }
    }
},
{
    "from": [ 7.5, 4.5, 4.5 ],
    "to": [ 8, 5, 5 ],
    "faces": {
        "down":  { "uv": [ 4.5, 11.5, 5, 11 ], "texture": "#texture" },
        "up":    { "uv": [ 4.5, 11, 5, 11.5 ], "texture": "#texture" },
        "north": { "uv": [ 4.5, 11, 5, 11.5 ], "texture": "#texture" },
        "south": { "uv": [ 5, 11, 4.5, 11.5 ], "texture": "#texture" },
        "west":  { "uv": [ 4.5, 11, 5, 11.5 ], "texture": "#texture" },
        "east":  { "uv": [ 5, 11, 4.5, 11.5 ], "texture": "#texture" }
    }
},
{
    "from": [ 7.5, 4, 4 ],
    "to": [ 8, 4.5, 4.5 ],
    "faces": {
        "down":  { "uv": [ 4, 12, 4.5, 11.5 ], "texture": "#texture" },
        "up":    { "uv": [ 4, 11.5, 4.5, 12 ], "texture": "#texture" },
        "north": { "uv": [ 4, 11.5, 4.5, 12 ], "texture": "#texture" },
        "south": { "uv": [ 4.5, 11.5, 4, 12 ], "texture": "#texture" },
        "west":  { "uv": [ 4, 11.5, 4.5, 12 ], "texture": "#texture" },
        "east":  { "uv": [ 4.5, 11.5, 4, 12 ], "texture": "#texture" }
    }
},
{
    "from": [ 7.5, 3.5, 3.5 ],
    "to": [ 8, 4, 4 ],
    "faces": {
        "down":  { "uv": [ 3.5, 12.5, 4, 12 ], "texture": "#texture" },
        "up":    { "uv": [ 3.5, 12, 4, 12.5 ], "texture": "#texture" },
        "north": { "uv": [ 3.5, 12, 4, 12.5 ], "texture": "#texture" },
        "south": { "uv": [ 4, 12, 3.5, 12.5 ], "texture": "#texture" },
        "west":  { "uv": [ 3.5, 12, 4, 12.5 ], "texture": "#texture" },
        "east":  { "uv": [ 4, 12, 3.5, 12.5 ], "texture": "#texture" }
    }
},
{
    "from": [ 7.5, 3, 3 ],
    "to": [ 8, 3.5, 3.5 ],
    "faces": {
        "down":  { "uv": [ 3, 13, 3.5, 12.5 ], "texture": "#texture" },
        "up":    { "uv": [ 3, 12.5, 3.5, 13 ], "texture": "#texture" },
        "north": { "uv": [ 3, 12.5, 3.5, 13 ], "texture": "#texture" },
        "south": { "uv": [ 3.5, 12.5, 3, 13 ], "texture": "#texture" },
        "west":  { "uv": [ 3, 12.5, 3.5, 13 ], "texture": "#texture" },
        "east":  { "uv": [ 3.5, 12.5, 3, 13 ], "texture": "#texture" }
    }
},
{
    "from": [ 7.5, 2.5, 2.5 ],
    "to": [ 8, 3, 3 ],
    "faces": {
        "down":  { "uv": [ 2.5, 13.5, 3, 13 ], "texture": "#texture" },
        "up":    { "uv": [ 2.5, 13, 3, 13.5 ], "texture": "#texture" },
        "north": { "uv": [ 2.5, 13, 3, 13.5 ], "texture": "#texture" },
        "south": { "uv": [ 3, 13, 2.5, 13.5 ], "texture": "#texture" },
        "west":  { "uv": [ 2.5, 13, 3, 13.5 ], "texture": "#texture" },
        "east":  { "uv": [ 3, 13, 2.5, 13.5 ], "texture": "#texture" }
    }
},
{
    "from": [ 7.5, 1.5, 2 ],
    "to": [ 8, 2.5, 2.5 ],
    "faces": {
        "down":  { "uv": [ 2, 14.5, 2.5, 14 ], "texture": "#texture" },
        "up":    { "uv": [ 2, 13.5, 2.5, 14 ], "texture": "#texture" },
        "north": { "uv": [ 2, 13.5, 2.5, 14.5 ], "texture": "#texture" },
        "south": { "uv": [ 2.5, 13.5, 2, 14.5 ], "texture": "#texture" },
        "west":  { "uv": [ 2, 13.5, 2.5, 14.5 ], "texture": "#texture" },
        "east":  { "uv": [ 2.5, 13.5, 2, 14.5 ], "texture": "#texture" }
    }
},
{
    "from": [ 7.5, 1, 2.5 ],
    "to": [ 8, 1.5, 3.5 ],
    "faces": {
        "down":  { "uv": [ 2.5, 15, 3, 14.5 ], "texture": "#texture" },
        "up":    { "uv": [ 2.5, 14.5, 3, 15 ], "texture": "#texture" },
        "north": { "uv": [ 2.5, 14.5, 3, 15 ], "texture": "#texture" },
        "south": { "uv": [ 3.5, 14.5, 3, 15 ], "texture": "#texture" },
        "west":  { "uv": [ 2.5, 14.5, 3.5, 15 ], "texture": "#texture" },
        "east":  { "uv": [ 3.5, 14.5, 2.5, 15 ], "texture": "#texture" }
    }
},
{
    "from": [ 7.5, 1.5, 3.5 ],
    "to": [ 8, 2, 4 ],
    "faces": {
        "down":  { "uv": [ 3.5, 14.5, 4, 14 ], "texture": "#texture" },
        "up":    { "uv": [ 3.5, 14, 4, 14.5 ], "texture": "#texture" },
        "north": { "uv": [ 3.5, 14, 4, 14.5 ], "texture": "#texture" },
        "south": { "uv": [ 4, 14, 3.5, 14.5 ], "texture": "#texture" },
        "west":  { "uv": [ 3.5, 14, 4, 14.5 ], "texture": "#texture" },
        "east":  { "uv": [ 4, 14, 3.5, 14.5 ], "texture": "#texture" }
    }
},
{
    "from": [ 7.5, 2, 4 ],
    "to": [ 8, 2.5, 4.5 ],
    "faces": {
        "down":  { "uv": [ 4, 14, 4.5, 13.5 ], "texture": "#texture" },
        "up":    { "uv": [ 4, 13.5, 4.5, 14 ], "texture": "#texture" },
        "north": { "uv": [ 4, 13.5, 4.5, 14 ], "texture": "#texture" },
        "south": { "uv": [ 4.5, 13.5, 4, 14 ], "texture": "#texture" },
        "west":  { "uv": [ 4, 13.5, 4.5, 14 ], "texture": "#texture" },
        "east":  { "uv": [ 4.5, 13.5, 4, 14 ], "texture": "#texture" }
    }
},
{
    "from": [ 7.5, 2.5, 4.5 ],
    "to": [ 8, 3, 5 ],
    "faces": {
        "down":  { "uv": [ 4.5, 13.5, 5, 13 ], "texture": "#texture" },
        "up":    { "uv": [ 4.5, 13, 5, 13.5 ], "texture": "#texture" },
        "north": { "uv": [ 4.5, 13, 5, 13.5 ], "texture": "#texture" },
        "south": { "uv": [ 5, 13, 4.5, 13.5 ], "texture": "#texture" },
        "west":  { "uv": [ 4.5, 13, 5, 13.5 ], "texture": "#texture" },
        "east":  { "uv": [ 5, 13, 4.5, 13.5 ], "texture": "#texture" }
    }
},
{
    "from": [ 7.5, 3, 5 ],
    "to": [ 8, 3.5, 5.5 ],
    "faces": {
        "down":  { "uv": [ 5, 13, 5.5, 12.5 ], "texture": "#texture" },
        "up":    { "uv": [ 5, 12.5, 5.5, 13 ], "texture": "#texture" },
        "north": { "uv": [ 5, 12.5, 5.5, 13 ], "texture": "#texture" },
        "south": { "uv": [ 5.5, 12.5, 5, 13 ], "texture": "#texture" },
        "west":  { "uv": [ 5, 12.5, 5.5, 13 ], "texture": "#texture" },
        "east":  { "uv": [ 5.5, 12.5, 5, 13 ], "texture": "#texture" }
    }
},
{
    "from": [ 7.5, 3.5, 5.5 ],
    "to": [ 8, 4, 6 ],
    "faces": {
        "down":  { "uv": [ 5.5, 12.5, 6, 12 ], "texture": "#texture" },
        "up":    { "uv": [ 5.5, 12, 6, 12.5 ], "texture": "#texture" },
        "north": { "uv": [ 5.5, 12, 6, 12.5 ], "texture": "#texture" },
        "south": { "uv": [ 6, 12, 5.5, 12.5 ], "texture": "#texture" },
        "west":  { "uv": [ 5.5, 12, 6, 12.5 ], "texture": "#texture" },
        "east":  { "uv": [ 6, 12, 5.5, 12.5 ], "texture": "#texture" }
    }
},
{
    "from": [ 7.5, 4, 6 ],
    "to": [ 8, 4.5, 6.5 ],
    "faces": {
        "down":  { "uv": [ 6, 12, 6.5, 11.5 ], "texture": "#texture" },
        "up":    { "uv": [ 6, 11.5, 6.5, 12 ], "texture": "#texture" },
        "north": { "uv": [ 6, 11.5, 6.5, 12 ], "texture": "#texture" },
        "south": { "uv": [ 6.5, 11.5, 6, 12 ], "texture": "#texture" },
        "west":  { "uv": [ 6, 11.5, 6.5, 12 ], "texture": "#texture" },
        "east":  { "uv": [ 6.5, 11.5, 6, 12 ], "texture": "#texture" }
    }
},
{
    "from": [ 7.5, 4.5, 6.5 ],
    "to": [ 8, 5, 7 ],
    "faces": {
        "down":  { "uv": [ 6.5, 11.5, 7, 11 ], "texture": "#texture" },
        "up":    { "uv": [ 6.5, 11, 7, 11.5 ], "texture": "#texture" },
        "north": { "uv": [ 6.5, 11, 7, 11.5 ], "texture": "#texture" },
        "south": { "uv": [ 7, 11, 6.5, 11.5 ], "texture": "#texture" },
        "west":  { "uv": [ 6.5, 11, 7, 11.5 ], "texture": "#texture" },
        "east":  { "uv": [ 7, 11, 6.5, 11.5 ], "texture": "#texture" }
    }
},
{
    "from": [ 7.5, 5, 7 ],
    "to": [ 8, 5.5, 7.5 ],
    "faces": {
        "down":  { "uv": [ 7, 11, 7.5, 10.5 ], "texture": "#texture" },
        "up":    { "uv": [ 7, 10.5, 7.5, 11 ], "texture": "#texture" },
        "north": { "uv": [ 7, 10.5, 7.5, 11 ], "texture": "#texture" },
        "south": { "uv": [ 7.5, 10.5, 7, 11 ], "texture": "#texture" },
        "west":  { "uv": [ 7, 10.5, 7.5, 11 ], "texture": "#texture" },
        "east":  { "uv": [ 7.5, 10.5, 7, 11 ], "texture": "#texture" }
    }
},
{
    "from": [ 7.5, 5.5, 7.5 ],
    "to": [ 8, 6, 8 ],
    "faces": {
        "down":  { "uv": [ 8.5, 8, 8, 7.5 ], "texture": "#texture" },
        "up":    { "uv": [ 7.5, 7.5, 8, 8 ], "texture": "#texture" },
        "north": { "uv": [ 8, 10, 8.5, 10.5 ], "texture": "#texture" },
        "south": { "uv": [ 7.5, 10, 8, 10.5 ], "texture": "#texture" },
        "west":  { "uv": [ 7.5, 10, 8, 10.5 ], "texture": "#texture" },
        "east":  { "uv": [ 8, 10, 8.5, 10.5 ], "texture": "#texture" }
    }
},
{
    "from": [ 7.5, 6, 8 ],
    "to": [ 8, 6.5, 8.5 ],
    "faces": {
        "down":  { "uv": [ 8, 10, 8.5, 9.5 ], "texture": "#texture" },
        "up":    { "uv": [ 8, 9.5, 8.5, 10 ], "texture": "#texture" },
        "north": { "uv": [ 8, 9.5, 8.5, 10 ], "texture": "#texture" },
        "south": { "uv": [ 8.5, 9.5, 8, 10 ], "texture": "#texture" },
        "west":  { "uv": [ 8, 9.5, 8.5, 10 ], "texture": "#texture" },
        "east":  { "uv": [ 8.5, 9.5, 8, 10 ], "texture": "#texture" }
    }
},
{
    "from": [ 7.5, 6.5, 8.5 ],
    "to": [ 8, 7, 9 ],
    "faces": {
        "down":  { "uv": [ 8.5, 9.5, 9, 9 ], "texture": "#texture" },
        "up":    { "uv": [ 8.5, 9, 9, 9.5 ], "texture": "#texture" },
        "north": { "uv": [ 8.5, 9, 9, 9.5 ], "texture": "#texture" },
        "south": { "uv": [ 9, 9, 8.5, 9.5 ], "texture": "#texture" },
        "west":  { "uv": [ 8.5, 9, 9, 9.5 ], "texture": "#texture" },
        "east":  { "uv": [ 9, 9, 8.5, 9.5 ], "texture": "#texture" }
    }
},
{
    "from": [ 7.5, 7, 9 ],
    "to": [ 8, 7.5, 9.5 ],
    "faces": {
        "down":  { "uv": [ 9, 9, 9.5, 8.5 ], "texture": "#texture" },
        "up":    { "uv": [ 9, 8.5, 9.5, 9 ], "texture": "#texture" },
        "north": { "uv": [ 9, 8.5, 9.5, 9 ], "texture": "#texture" },
        "south": { "uv": [ 9.5, 8.5, 9, 9 ], "texture": "#texture" },
        "west":  { "uv": [ 9, 8.5, 9.5, 9 ], "texture": "#texture" },
        "east":  { "uv": [ 9.5, 8.5, 9, 9 ], "texture": "#texture" }
    }
},
{
    "from": [ 7.5, 7.5, 9.5 ],
    "to": [ 8, 8, 10 ],
    "faces": {
        "down":  { "uv": [ 9.5, 8.5, 10, 8 ], "texture": "#texture" },
        "up":    { "uv": [ 9.5, 8, 10, 8.5 ], "texture": "#texture" },
        "north": { "uv": [ 9.5, 8, 10, 8.5 ], "texture": "#texture" },
        "south": { "uv": [ 10, 8, 9.5, 8.5 ], "texture": "#texture" },
        "west":  { "uv": [ 9.5, 8, 10, 8.5 ], "texture": "#texture" },
        "east":  { "uv": [ 10, 8, 9.5, 8.5 ], "texture": "#texture" }
    }
},
{
    "from": [ 7.5, 8, 10 ],
    "to": [ 8, 8.5, 10.5 ],
    "faces": {
        "down":  { "uv": [ 10, 8, 10.5, 7.5 ], "texture": "#texture" },
        "up":    { "uv": [ 10, 7.5, 10.5, 8 ], "texture": "#texture" },
        "north": { "uv": [ 10, 7.5, 10.5, 8 ], "texture": "#texture" },
        "south": { "uv": [ 10.5, 7.5, 10, 8 ], "texture": "#texture" },
        "west":  { "uv": [ 10, 7.5, 10.5, 8 ], "texture": "#texture" },
        "east":  { "uv": [ 10.5, 7.5, 10, 8 ], "texture": "#texture" }
    }
}
],
"display": {
    "thirdperson": {
        "rotation": [ 118, 0, 180 ],
        "translation": [ 0, 1.1, -3.8 ],
        "scale": [ 1, 1, 1 ]
    },
    "head": {
        "rotation": [ -164, 0, 20 ],
        "translation": [ 0, 7, 0 ],
        "scale": [ 2, 2, 2 ]
    },
    "ground": {
        "rotation": [ 0, 0, 0 ],
        "translation": [ 0, -9, 0 ],
        "scale": [ 2.5, 2.5, 2.5 ]
    },
    "fixed": {
        "rotation": [ 0, 90, 0 ],
        "translation": [ 0, 0, -0.7 ],
        "scale": [ 2, 2, 2 ]
    },
    "firstperson": {
        "rotation": [ -48, -27, 0 ],
        "translation": [ 0, 4.8, -1.4 ],
        "scale": [ 2, 2, 2 ]
    },
    "gui": {
        "rotation": [ 0, 40, 14 ],
        "translation": [ 0, 0, 0 ],
        "scale": [ 1.8, 1.8, 1.8 ]
    }
}
}