{
    "__comment": "Model generated using MrCrayfish's Model Creator (http://mrcrayfish.com/modelcreator/)",
    "textures": {
        "0": "blocks/nightcrawler",
        "1": "blocks/nightcrawlerhat",
        "2": "items/monocle"
    },
    "elements": [
        {
            "name": "Element",
            "from": [ -3.0, 8.0, 10.0 ], 
            "to": [ 1.0, 9.0, 11.0 ], 
            "faces": {
                "north": { "texture": "#0", "uv": [ 2.0, 6.0, 0.0, 6.5 ] },
                "east": { "texture": "#0", "uv": [ 9.5, 10.0, 10.0, 10.5 ] },
                "south": { "texture": "#0", "uv": [ 0.0, 6.0, 2.0, 6.5 ] },
                "west": { "texture": "#0", "uv": [ 9.5, 10.0, 10.0, 10.5 ] },
                "up": { "texture": "#0", "uv": [ 0.0, 6.0, 2.0, 6.5 ] },
                "down": { "texture": "#0", "uv": [ 0.0, 6.0, 2.0, 6.5 ] }
            }
        },
        {
            "name": "Element",
            "from": [ -1.0, 6.0, 11.0 ], 
            "to": [ 1.0, 7.0, 15.0 ], 
            "faces": {
                "north": { "texture": "#0", "uv": [ 0.5, 7.0, 1.5, 7.5 ] },
                "east": { "texture": "#0", "uv": [ 11.0, 11.0, 9.0, 11.5 ] },
                "south": { "texture": "#0", "uv": [ 1.5, 7.0, 0.5, 7.5 ] },
                "west": { "texture": "#0", "uv": [ 9.0, 11.0, 11.0, 11.5 ] },
                "up": { "texture": "#0", "uv": [ 0.5, 7.0, 1.5, 7.5 ] },
                "down": { "texture": "#0", "uv": [ 0.5, 7.0, 1.5, 7.5 ] }
            }
        },
        {
            "name": "Element",
            "from": [ -2.0, 7.0, 9.9375 ], 
            "to": [ 1.0, 8.0, 13.9375 ], 
            "faces": {
                "north": { "texture": "#0", "uv": [ 2.0, 6.5, 0.5, 7.0 ] },
                "east": { "texture": "#0", "uv": [ 11.0, 10.5, 9.0, 11.0 ] },
                "south": { "texture": "#0", "uv": [ 0.5, 6.5, 2.0, 7.0 ] },
                "west": { "texture": "#0", "uv": [ 9.0, 10.5, 11.0, 11.0 ] },
                "up": { "texture": "#0", "uv": [ 0.5, 6.5, 2.0, 7.0 ] },
                "down": { "texture": "#0", "uv": [ 0.5, 6.5, 2.0, 7.0 ] }
            }
        },
        {
            "name": "Element",
            "from": [ -3.0, 9.0, 9.0 ], 
            "to": [ -1.0, 10.0, 11.0 ], 
            "faces": {
                "north": { "texture": "#0", "uv": [ 9.5, 9.5, 8.5, 10.0 ] },
                "east": { "texture": "#0", "uv": [ 0.5, 5.5, 1.0, 6.0 ] },
                "south": { "texture": "#0", "uv": [ 9.5, 9.5, 8.5, 10.0 ] },
                "west": { "texture": "#0", "uv": [ 0.0, 5.5, 0.5, 6.0 ] },
                "up": { "texture": "#0", "uv": [ 0.0, 5.5, 1.0, 6.0 ] },
                "down": { "texture": "#0", "uv": [ 0.0, 5.5, 1.0, 6.0 ] }
            }
        },
        {
            "name": "Element",
            "from": [ 0.0, 10.0, 13.0 ], 
            "to": [ 8.0, 11.0, 14.0 ], 
            "faces": {
                "north": { "texture": "#0", "uv": [ 2.5, 4.5, 2.0, 5.0 ] },
                "east": { "texture": "#0", "uv": [ 14.5, 9.0, 14.0, 9.5 ] },
                "south": { "texture": "#0", "uv": [ 2.5, 4.5, 2.0, 5.0 ] },
                "west": { "texture": "#0", "uv": [ 14.5, 9.0, 14.0, 9.5 ] },
                "up": { "texture": "#0", "uv": [ 9.0, 6.5, 13.0, 7.0 ] },
                "down": { "texture": "#0", "uv": [ 2.0, 4.5, 6.0, 5.0 ] }
            }
        },
        {
            "name": "Element",
            "from": [ 0.0, 8.0, 13.0 ], 
            "to": [ 8.0, 10.0, 14.0 ], 
            "faces": {
                "north": { "texture": "#0", "uv": [ 7.5, 9.0, 8.0, 10.0 ] },
                "east": { "texture": "#0", "uv": [ 14.5, 9.5, 14.0, 10.5 ] },
                "south": { "texture": "#0", "uv": [ 2.0, 5.0, 6.0, 6.0 ] },
                "west": { "texture": "#0", "uv": [ 14.5, 9.5, 14.0, 10.5 ] },
                "up": { "texture": "#0", "uv": [ 2.0, 5.0, 6.0, 5.5 ] },
                "down": { "texture": "#0", "uv": [ 2.0, 5.5, 6.0, 6.0 ] }
            }
        },
        {
            "name": "Element",
            "from": [ 0.0, 4.0, 13.0 ], 
            "to": [ 8.0, 5.0, 14.0 ], 
            "faces": {
                "north": { "texture": "#0", "uv": [ 7.0, 11.5, 7.5, 12.0 ] },
                "east": { "texture": "#0", "uv": [ 14.5, 12.0, 14.0, 12.5 ] },
                "south": { "texture": "#0", "uv": [ 2.0, 7.5, 6.0, 8.0 ] },
                "west": { "texture": "#0", "uv": [ 14.5, 12.0, 14.0, 12.5 ] },
                "up": { "texture": "#0", "uv": [ 2.0, 7.5, 6.0, 8.0 ] },
                "down": { "texture": "#0", "uv": [ 7.0, 11.5, 7.5, 12.0 ] }
            }
        },
        {
            "name": "Element",
            "from": [ 0.0, 3.0, 13.0 ], 
            "to": [ 8.0, 4.0, 14.0 ], 
            "faces": {
                "north": { "texture": "#0", "uv": [ 7.0, 12.0, 7.5, 12.5 ] },
                "east": { "texture": "#0", "uv": [ 14.5, 12.0, 14.0, 12.5 ] },
                "south": { "texture": "#0", "uv": [ 2.0, 8.0, 6.0, 8.5 ] },
                "west": { "texture": "#0", "uv": [ 14.5, 12.0, 14.0, 12.5 ] },
                "up": { "texture": "#0", "uv": [ 2.0, 8.0, 6.0, 8.5 ] },
                "down": { "texture": "#0", "uv": [ 2.0, 8.0, 6.0, 8.5 ] }
            }
        },
        {
            "name": "Element",
            "from": [ 4.0, -2.0, 12.0 ], 
            "to": [ 8.0, -1.0, 15.0 ], 
            "faces": {
                "north": { "texture": "#0", "uv": [ 6.0, 10.5, 4.0, 11.0 ] },
                "east": { "texture": "#0", "uv": [ 15.0, 15.0, 13.5, 15.5 ] },
                "south": { "texture": "#0", "uv": [ 4.0, 10.5, 6.0, 11.0 ] },
                "west": { "texture": "#0", "uv": [ 13.5, 15.0, 15.0, 15.5 ] },
                "up": { "texture": "#0", "uv": [ 4.0, 10.5, 6.0, 11.0 ] },
                "down": { "texture": "#0", "uv": [ 4.0, 10.5, 6.0, 11.0 ] }
            }
        },
        {
            "name": "Element",
            "from": [ 3.0, -1.0, 13.0 ], 
            "to": [ 8.0, 0.0, 16.0 ], 
            "faces": {
                "north": { "texture": "#0", "uv": [ 6.0, 10.0, 3.5, 10.5 ] },
                "east": { "texture": "#0", "uv": [ 15.5, 14.5, 14.0, 15.0 ] },
                "south": { "texture": "#0", "uv": [ 3.5, 10.0, 6.0, 10.5 ] },
                "west": { "texture": "#0", "uv": [ 14.0, 14.5, 15.5, 15.0 ] },
                "up": { "texture": "#0", "uv": [ 3.0, 10.0, 6.0, 10.5 ] },
                "down": { "texture": "#0", "uv": [ 3.0, 10.0, 6.0, 10.5 ] }
            }
        },
        {
            "name": "Element",
            "from": [ 2.0, 0.0, 14.0 ], 
            "to": [ 8.0, 1.0, 16.0 ], 
            "faces": {
                "north": { "texture": "#0", "uv": [ 6.0, 9.5, 3.0, 10.0 ] },
                "east": { "texture": "#0", "uv": [ 15.5, 14.0, 14.5, 14.5 ] },
                "south": { "texture": "#0", "uv": [ 3.0, 9.5, 6.0, 10.0 ] },
                "west": { "texture": "#0", "uv": [ 14.5, 14.0, 15.5, 14.5 ] },
                "up": { "texture": "#0", "uv": [ 3.0, 9.5, 6.0, 10.0 ] },
                "down": { "texture": "#0", "uv": [ 3.0, 9.5, 6.0, 10.0 ] }
            }
        },
        {
            "name": "Element",
            "from": [ 1.0, 1.0, 13.0 ], 
            "to": [ 8.0, 2.0, 15.0 ], 
            "faces": {
                "north": { "texture": "#0", "uv": [ 6.0, 9.0, 2.5, 9.5 ] },
                "east": { "texture": "#0", "uv": [ 15.0, 13.5, 14.0, 14.0 ] },
                "south": { "texture": "#0", "uv": [ 2.5, 9.0, 6.0, 9.5 ] },
                "west": { "texture": "#0", "uv": [ 14.0, 13.5, 15.0, 14.0 ] },
                "up": { "texture": "#0", "uv": [ 2.5, 9.0, 6.0, 9.5 ] },
                "down": { "texture": "#0", "uv": [ 2.5, 9.0, 6.0, 9.5 ] }
            }
        },
        {
            "name": "Element",
            "from": [ 1.0, 2.0, 13.0 ], 
            "to": [ 8.0, 3.0, 16.0 ], 
            "faces": {
                "north": { "texture": "#0", "uv": [ 6.0, 8.5, 2.5, 9.0 ] },
                "east": { "texture": "#0", "uv": [ 15.5, 13.0, 14.0, 13.5 ] },
                "south": { "texture": "#0", "uv": [ 2.5, 8.5, 6.0, 9.0 ] },
                "west": { "texture": "#0", "uv": [ 14.0, 13.0, 15.5, 13.5 ] },
                "up": { "texture": "#0", "uv": [ 2.5, 8.5, 6.0, 9.0 ] },
                "down": { "texture": "#0", "uv": [ 2.5, 8.5, 6.0, 9.0 ] }
            }
        },
        {
            "name": "Element",
            "from": [ 1.0, 3.0, 14.0 ], 
            "to": [ 8.0, 4.0, 16.0 ], 
            "faces": {
                "north": { "texture": "#0", "uv": [ 6.0, 8.0, 2.5, 8.5 ] },
                "east": { "texture": "#0", "uv": [ 15.5, 12.5, 14.5, 13.0 ] },
                "south": { "texture": "#0", "uv": [ 2.5, 8.0, 6.0, 8.5 ] },
                "west": { "texture": "#0", "uv": [ 14.5, 12.5, 15.5, 13.0 ] },
                "up": { "texture": "#0", "uv": [ 2.5, 8.0, 6.0, 8.5 ] },
                "down": { "texture": "#0", "uv": [ 2.5, 8.0, 6.0, 8.5 ] }
            }
        },
        {
            "name": "Element",
            "from": [ 7.0, 3.0, 16.5 ], 
            "to": [ 9.0, 4.0, 17.5 ], 
            "faces": {
                "north": { "texture": "#0", "uv": [ 5.5, 8.0, 6.0, 8.5 ] },
                "east": { "texture": "#0", "uv": [ 5.5, 8.0, 6.0, 8.5 ] },
                "south": { "texture": "#0", "uv": [ 5.5, 8.0, 6.0, 8.5 ] },
                "west": { "texture": "#0", "uv": [ 5.5, 8.0, 6.0, 8.5 ] },
                "up": { "texture": "#0", "uv": [ 5.5, 8.0, 6.0, 8.5 ] },
                "down": { "texture": "#0", "uv": [ 5.5, 8.0, 6.0, 8.5 ] }
            }
        },
        {
            "name": "Element",
            "from": [ 8.0, 4.0, 16.5 ], 
            "to": [ 9.0, 5.0, 17.5 ], 
            "faces": {
                "north": { "texture": "#0", "uv": [ 5.5, 8.0, 6.0, 8.5 ] },
                "east": { "texture": "#0", "uv": [ 5.5, 8.0, 6.0, 8.5 ] },
                "south": { "texture": "#0", "uv": [ 5.5, 8.0, 6.0, 8.5 ] },
                "west": { "texture": "#0", "uv": [ 5.5, 8.0, 6.0, 8.5 ] },
                "up": { "texture": "#0", "uv": [ 5.5, 8.0, 6.0, 8.5 ] },
                "down": { "texture": "#0", "uv": [ 5.5, 8.0, 6.0, 8.5 ] }
            }
        },
        {
            "name": "Element",
            "from": [ 2.0, 6.0, 16.0 ], 
            "to": [ 4.0, 7.0, 17.0 ], 
            "faces": {
                "north": { "texture": "#0", "uv": [ 3.0, 6.5, 4.0, 7.0 ] },
                "east": { "texture": "#0", "uv": [ 3.0, 6.5, 3.5, 7.0 ] },
                "south": { "texture": "#0", "uv": [ 3.0, 6.5, 4.0, 7.0 ] },
                "west": { "texture": "#0", "uv": [ 3.0, 6.5, 3.5, 7.0 ] },
                "up": { "texture": "#0", "uv": [ 3.0, 6.5, 4.0, 7.0 ] },
                "down": { "texture": "#0", "uv": [ 3.0, 6.5, 4.0, 7.0 ] }
            }
        },
        {
            "name": "Element",
            "from": [ 2.0, 4.0, 16.0 ], 
            "to": [ 6.0, 6.0, 17.0 ], 
            "faces": {
                "north": { "texture": "#0", "uv": [ 3.0, 7.0, 5.0, 8.0 ] },
                "east": { "texture": "#0", "uv": [ 4.5, 7.0, 5.0, 8.0 ] },
                "south": { "texture": "#0", "uv": [ 3.0, 7.0, 5.0, 8.0 ] },
                "west": { "texture": "#0", "uv": [ 3.0, 7.0, 3.5, 8.0 ] },
                "up": { "texture": "#0", "uv": [ 3.0, 7.0, 5.0, 7.5 ] },
                "down": { "texture": "#0", "uv": [ 3.0, 7.5, 5.0, 8.0 ] }
            }
        },
        {
            "name": "Element",
            "from": [ 2.0, 1.0, 15.0 ], 
            "to": [ 8.0, 2.0, 16.0 ], 
            "faces": {
                "north": { "texture": "#0", "uv": [ 6.0, 9.0, 3.0, 9.5 ] },
                "east": { "texture": "#0", "uv": [ 15.0, 13.5, 15.5, 14.0 ] },
                "south": { "texture": "#0", "uv": [ 3.0, 9.0, 6.0, 9.5 ] },
                "west": { "texture": "#0", "uv": [ 15.0, 13.5, 15.5, 14.0 ] },
                "up": { "texture": "#0", "uv": [ 3.0, 9.0, 6.0, 9.5 ] },
                "down": { "texture": "#0", "uv": [ 3.0, 9.0, 6.0, 9.5 ] }
            }
        },
        {
            "name": "Element",
            "from": [ 4.0, 0.0, 16.0 ], 
            "to": [ 8.0, 1.0, 17.0 ], 
            "faces": {
                "north": { "texture": "#0", "uv": [ 4.0, 9.5, 6.0, 10.0 ] },
                "east": { "texture": "#0", "uv": [ 4.0, 9.5, 4.5, 10.0 ] },
                "south": { "texture": "#0", "uv": [ 4.0, 9.5, 6.0, 10.0 ] },
                "west": { "texture": "#0", "uv": [ 4.0, 9.5, 4.5, 10.0 ] },
                "up": { "texture": "#0", "uv": [ 4.0, 9.5, 6.0, 10.0 ] },
                "down": { "texture": "#0", "uv": [ 4.0, 9.5, 6.0, 10.0 ] }
            }
        },
        {
            "name": "Element",
            "from": [ 4.0, 1.0, 16.0 ], 
            "to": [ 5.0, 2.0, 17.0 ], 
            "faces": {
                "north": { "texture": "#0", "uv": [ 4.0, 9.0, 4.5, 9.5 ] },
                "east": { "texture": "#0", "uv": [ 4.0, 9.0, 4.5, 9.5 ] },
                "south": { "texture": "#0", "uv": [ 4.0, 9.0, 4.5, 9.5 ] },
                "west": { "texture": "#0", "uv": [ 4.0, 9.0, 4.5, 9.5 ] },
                "up": { "texture": "#0", "uv": [ 4.0, 9.0, 4.5, 9.5 ] },
                "down": { "texture": "#0", "uv": [ 4.0, 9.0, 4.5, 9.5 ] }
            }
        },
        {
            "name": "Element",
            "from": [ 1.0, 0.0, 13.0 ], 
            "to": [ 8.0, 1.0, 14.0 ], 
            "faces": {
                "north": { "texture": "#0", "uv": [ 6.0, 9.5, 2.5, 10.0 ] },
                "east": { "texture": "#0", "uv": [ 14.5, 14.0, 13.5, 14.5 ] },
                "south": { "texture": "#0", "uv": [ 2.5, 9.5, 6.0, 10.0 ] },
                "west": { "texture": "#0", "uv": [ 13.5, 14.0, 14.5, 14.5 ] },
                "up": { "texture": "#0", "uv": [ 2.5, 9.5, 6.0, 10.0 ] },
                "down": { "texture": "#0", "uv": [ 2.5, 9.5, 6.0, 10.0 ] }
            }
        },
        {
            "name": "Element",
            "from": [ 1.0, 4.0, 14.0 ], 
            "to": [ 8.0, 8.0, 16.0 ], 
            "faces": {
                "north": { "texture": "#0", "uv": [ 6.0, 6.0, 2.5, 8.0 ] },
                "east": { "texture": "#0", "uv": [ 15.5, 10.0, 14.5, 12.0 ] },
                "south": { "texture": "#0", "uv": [ 2.5, 6.0, 6.0, 8.0 ] },
                "west": { "texture": "#0", "uv": [ 14.5, 10.0, 15.5, 12.0 ] },
                "up": { "texture": "#0", "uv": [ 2.5, 6.0, 6.0, 6.5 ] },
                "down": { "texture": "#0", "uv": [ 2.5, 7.5, 6.0, 8.0 ] }
            }
        },
        {
            "name": "Element",
            "from": [ 6.0, 7.0, 16.0 ], 
            "to": [ 7.0, 8.0, 17.0 ], 
            "faces": {
                "north": { "texture": "#0", "uv": [ 5.0, 6.0, 5.5, 6.5 ] },
                "east": { "texture": "#0", "uv": [ 5.0, 6.0, 5.5, 6.5 ] },
                "south": { "texture": "#0", "uv": [ 5.0, 6.0, 5.5, 6.5 ] },
                "west": { "texture": "#0", "uv": [ 5.0, 6.0, 5.5, 6.5 ] },
                "up": { "texture": "#0", "uv": [ 5.0, 6.0, 5.5, 6.5 ] },
                "down": { "texture": "#0", "uv": [ 5.0, 6.0, 5.5, 6.5 ] }
            }
        },
        {
            "name": "Element",
            "from": [ 1.0, 8.0, 14.0 ], 
            "to": [ 8.0, 11.0, 15.0 ], 
            "faces": {
                "north": { "texture": "#0", "uv": [ 2.5, 4.5, 6.0, 6.0 ] },
                "east": { "texture": "#0", "uv": [ 14.5, 9.0, 15.0, 10.5 ] },
                "south": { "texture": "#0", "uv": [ 2.5, 4.5, 6.0, 6.0 ] },
                "west": { "texture": "#0", "uv": [ 14.5, 9.0, 15.0, 10.5 ] },
                "up": { "texture": "#0", "uv": [ 2.5, 4.5, 6.0, 5.0 ] },
                "down": { "texture": "#0", "uv": [ 2.5, 5.5, 6.0, 6.0 ] }
            }
        },
        {
            "name": "Element",
            "from": [ 2.0, 8.0, 15.0 ], 
            "to": [ 8.0, 10.0, 16.0 ], 
            "faces": {
                "north": { "texture": "#0", "uv": [ 3.0, 5.0, 6.0, 6.0 ] },
                "east": { "texture": "#0", "uv": [ 15.0, 9.5, 15.5, 10.5 ] },
                "south": { "texture": "#0", "uv": [ 3.0, 5.0, 6.0, 6.0 ] },
                "west": { "texture": "#0", "uv": [ 15.0, 9.5, 15.5, 10.5 ] },
                "up": { "texture": "#0", "uv": [ 3.0, 5.0, 6.0, 5.5 ] },
                "down": { "texture": "#0", "uv": [ 3.0, 5.5, 6.0, 6.0 ] }
            }
        },
        {
            "name": "Element",
            "from": [ 5.0, 8.0, 16.0 ], 
            "to": [ 6.0, 9.0, 17.0 ], 
            "faces": {
                "north": { "texture": "#0", "uv": [ 4.5, 5.5, 5.0, 6.0 ] },
                "east": { "texture": "#0", "uv": [ 4.5, 5.5, 5.0, 6.0 ] },
                "south": { "texture": "#0", "uv": [ 4.5, 5.5, 5.0, 6.0 ] },
                "west": { "texture": "#0", "uv": [ 4.5, 5.5, 5.0, 6.0 ] },
                "up": { "texture": "#0", "uv": [ 4.5, 5.5, 5.0, 6.0 ] },
                "down": { "texture": "#0", "uv": [ 4.5, 5.5, 5.0, 6.0 ] }
            }
        },
        {
            "name": "Element",
            "from": [ 4.0, 9.0, 16.0 ], 
            "to": [ 5.0, 10.0, 17.0 ], 
            "faces": {
                "north": { "texture": "#0", "uv": [ 4.0, 5.0, 4.5, 5.5 ] },
                "east": { "texture": "#0", "uv": [ 4.0, 5.0, 4.5, 5.5 ] },
                "south": { "texture": "#0", "uv": [ 4.0, 5.0, 4.5, 5.5 ] },
                "west": { "texture": "#0", "uv": [ 4.0, 5.0, 4.5, 5.5 ] },
                "up": { "texture": "#0", "uv": [ 4.0, 5.0, 4.5, 5.5 ] },
                "down": { "texture": "#0", "uv": [ 4.0, 5.0, 4.5, 5.5 ] }
            }
        },
        {
            "name": "Element",
            "from": [ 4.0, 8.0, 15.5 ], 
            "to": [ 5.0, 9.0, 16.5 ], 
            "faces": {
                "north": { "texture": "#0", "uv": [ 4.0, 5.5, 4.5, 6.0 ] },
                "east": { "texture": "#0", "uv": [ 4.0, 5.5, 4.5, 6.0 ] },
                "south": { "texture": "#0", "uv": [ 4.0, 5.5, 4.5, 6.0 ] },
                "west": { "texture": "#0", "uv": [ 4.0, 5.5, 4.5, 6.0 ] },
                "up": { "texture": "#0", "uv": [ 4.0, 5.5, 4.5, 6.0 ] },
                "down": { "texture": "#0", "uv": [ 4.0, 5.5, 4.5, 6.0 ] }
            }
        },
        {
            "name": "Element",
            "from": [ 2.0, 9.0, 15.5 ], 
            "to": [ 4.0, 10.0, 16.5 ], 
            "faces": {
                "north": { "texture": "#0", "uv": [ 4.0, 5.5, 4.5, 6.0 ] },
                "east": { "texture": "#0", "uv": [ 4.0, 5.5, 4.5, 6.0 ] },
                "south": { "texture": "#0", "uv": [ 4.0, 5.5, 4.5, 6.0 ] },
                "west": { "texture": "#0", "uv": [ 4.0, 5.5, 4.5, 6.0 ] },
                "up": { "texture": "#0", "uv": [ 4.0, 5.5, 4.5, 6.0 ] },
                "down": { "texture": "#0", "uv": [ 4.0, 5.5, 4.5, 6.0 ] }
            }
        },
        {
            "name": "Element",
            "from": [ 5.0, 7.0, 15.5 ], 
            "to": [ 6.0, 8.0, 16.5 ], 
            "faces": {
                "north": { "texture": "#0", "uv": [ 4.5, 6.0, 5.0, 6.5 ] },
                "east": { "texture": "#0", "uv": [ 4.5, 6.0, 5.0, 6.5 ] },
                "south": { "texture": "#0", "uv": [ 4.5, 6.0, 5.0, 6.5 ] },
                "west": { "texture": "#0", "uv": [ 4.5, 6.0, 5.0, 6.5 ] },
                "up": { "texture": "#0", "uv": [ 4.5, 6.0, 5.0, 6.5 ] },
                "down": { "texture": "#0", "uv": [ 4.5, 6.0, 5.0, 6.5 ] }
            }
        },
        {
            "name": "Element",
            "from": [ 1.0, 9.0, 15.0 ], 
            "to": [ 2.0, 10.0, 16.0 ], 
            "faces": {
                "north": { "texture": "#0", "uv": [ 3.5, 5.5, 4.0, 6.0 ] },
                "east": { "texture": "#0", "uv": [ 3.5, 5.5, 4.0, 6.0 ] },
                "south": { "texture": "#0", "uv": [ 3.5, 5.5, 4.0, 6.0 ] },
                "west": { "texture": "#0", "uv": [ 3.5, 5.5, 4.0, 6.0 ] },
                "up": { "texture": "#0", "uv": [ 3.5, 5.5, 4.0, 6.0 ] },
                "down": { "texture": "#0", "uv": [ 3.5, 5.5, 4.0, 6.0 ] }
            }
        },
        {
            "name": "Element",
            "from": [ 2.0, 10.0, 15.0 ], 
            "to": [ 8.0, 12.0, 16.0 ], 
            "faces": {
                "north": { "texture": "#0", "uv": [ 6.0, 4.0, 3.0, 5.0 ] },
                "east": { "texture": "#0", "uv": [ 15.0, 9.0, 15.5, 9.5 ] },
                "south": { "texture": "#0", "uv": [ 3.0, 4.0, 6.0, 5.0 ] },
                "west": { "texture": "#0", "uv": [ 15.0, 8.5, 15.5, 9.0 ] },
                "up": { "texture": "#0", "uv": [ 3.0, 4.0, 6.0, 4.5 ] },
                "down": { "texture": "#0", "uv": [ 3.0, 4.5, 6.0, 5.0 ] }
            }
        },
        {
            "name": "Element",
            "from": [ 5.0, 9.0, 15.5 ], 
            "to": [ 6.0, 10.0, 16.5 ], 
            "faces": {
                "north": { "texture": "#0", "uv": [ 4.5, 5.0, 5.0, 5.5 ] },
                "east": { "texture": "#0", "uv": [ 4.5, 5.0, 5.0, 5.5 ] },
                "south": { "texture": "#0", "uv": [ 4.5, 5.0, 5.0, 5.5 ] },
                "west": { "texture": "#0", "uv": [ 4.5, 5.0, 5.0, 5.5 ] },
                "up": { "texture": "#0", "uv": [ 4.5, 5.0, 5.0, 5.5 ] },
                "down": { "texture": "#0", "uv": [ 4.5, 5.0, 5.0, 5.5 ] }
            }
        },
        {
            "name": "Element",
            "from": [ 6.0, 8.0, 15.5 ], 
            "to": [ 7.0, 9.0, 16.5 ], 
            "faces": {
                "north": { "texture": "#0", "uv": [ 5.0, 5.5, 5.5, 6.0 ] },
                "east": { "texture": "#0", "uv": [ 5.0, 5.5, 5.5, 6.0 ] },
                "south": { "texture": "#0", "uv": [ 5.0, 5.5, 5.5, 6.0 ] },
                "west": { "texture": "#0", "uv": [ 5.0, 5.5, 5.5, 6.0 ] },
                "up": { "texture": "#0", "uv": [ 5.0, 5.5, 5.5, 6.0 ] },
                "down": { "texture": "#0", "uv": [ 5.0, 5.5, 5.5, 6.0 ] }
            }
        },
        {
            "name": "Element",
            "from": [ 7.0, 7.0, 15.5 ], 
            "to": [ 9.0, 8.0, 16.5 ], 
            "faces": {
                "north": { "texture": "#0", "uv": [ 5.0, 5.5, 5.5, 6.0 ] },
                "east": { "texture": "#0", "uv": [ 5.0, 5.5, 5.5, 6.0 ] },
                "south": { "texture": "#0", "uv": [ 5.0, 5.5, 5.5, 6.0 ] },
                "west": { "texture": "#0", "uv": [ 5.0, 5.5, 5.5, 6.0 ] },
                "up": { "texture": "#0", "uv": [ 5.0, 5.5, 5.5, 6.0 ] },
                "down": { "texture": "#0", "uv": [ 5.0, 5.5, 5.5, 6.0 ] }
            }
        },
        {
            "name": "Element",
            "from": [ 3.0, 10.0, 15.5 ], 
            "to": [ 5.0, 11.0, 16.5 ], 
            "faces": {
                "north": { "texture": "#0", "uv": [ 3.5, 4.5, 4.5, 5.0 ] },
                "east": { "texture": "#0", "uv": [ 5.0, 5.5, 5.5, 6.0 ] },
                "south": { "texture": "#0", "uv": [ 3.5, 4.5, 4.5, 5.0 ] },
                "west": { "texture": "#0", "uv": [ 5.0, 5.5, 5.5, 6.0 ] },
                "up": { "texture": "#0", "uv": [ 5.0, 5.5, 5.5, 6.0 ] },
                "down": { "texture": "#0", "uv": [ 5.0, 5.5, 5.5, 6.0 ] }
            }
        },
        {
            "name": "Element",
            "from": [ -2.0, 8.0, 11.0 ], 
            "to": [ 1.0, 9.0, 12.0 ], 
            "faces": {
                "north": { "texture": "#0", "uv": [ 2.0, 6.0, 0.5, 6.5 ] },
                "east": { "texture": "#0", "uv": [ 10.0, 10.0, 10.5, 10.5 ] },
                "south": { "texture": "#0", "uv": [ 0.5, 6.0, 2.0, 6.5 ] },
                "west": { "texture": "#0", "uv": [ 10.0, 10.0, 10.5, 10.5 ] },
                "up": { "texture": "#0", "uv": [ 0.0, 6.0, 2.0, 6.5 ] },
                "down": { "texture": "#0", "uv": [ 0.0, 6.0, 2.0, 6.5 ] }
            }
        },
        {
            "name": "Element",
            "from": [ -2.0, 8.0, 9.0 ], 
            "to": [ 1.0, 9.0, 10.0 ], 
            "faces": {
                "north": { "texture": "#0", "uv": [ 2.0, 6.0, 0.5, 6.5 ] },
                "east": { "texture": "#0", "uv": [ 9.0, 10.0, 9.5, 10.5 ] },
                "south": { "texture": "#0", "uv": [ 0.5, 6.0, 2.0, 6.5 ] },
                "west": { "texture": "#0", "uv": [ 9.0, 10.0, 9.5, 10.5 ] },
                "up": { "texture": "#0", "uv": [ 0.0, 6.0, 2.0, 6.5 ] },
                "down": { "texture": "#0", "uv": [ 0.0, 6.0, 2.0, 6.5 ] }
            }
        },
        {
            "name": "Element",
            "from": [ 8.0, -2.0, 12.0 ], 
            "to": [ 12.0, -1.0, 15.0 ], 
            "faces": {
                "north": { "texture": "#0", "uv": [ 4.0, 10.5, 6.0, 11.0 ] },
                "east": { "texture": "#0", "uv": [ 15.0, 15.0, 13.5, 15.5 ] },
                "south": { "texture": "#0", "uv": [ 6.0, 10.5, 4.0, 11.0 ] },
                "west": { "texture": "#0", "uv": [ 13.5, 15.0, 15.0, 15.5 ] },
                "up": { "texture": "#0", "uv": [ 4.0, 10.5, 6.0, 11.0 ] },
                "down": { "texture": "#0", "uv": [ 4.0, 10.5, 6.0, 11.0 ] }
            }
        },
        {
            "name": "Element",
            "from": [ 8.0, -1.0, 13.0 ], 
            "to": [ 13.0, 0.0, 16.0 ], 
            "faces": {
                "north": { "texture": "#0", "uv": [ 3.5, 10.0, 6.0, 10.5 ] },
                "east": { "texture": "#0", "uv": [ 15.5, 14.5, 14.0, 15.0 ] },
                "south": { "texture": "#0", "uv": [ 6.0, 10.0, 3.5, 10.5 ] },
                "west": { "texture": "#0", "uv": [ 14.0, 14.5, 15.5, 15.0 ] },
                "up": { "texture": "#0", "uv": [ 3.0, 10.0, 6.0, 10.5 ] },
                "down": { "texture": "#0", "uv": [ 3.0, 10.0, 6.0, 10.5 ] }
            }
        },
        {
            "name": "Element",
            "from": [ 8.0, 0.0, 14.0 ], 
            "to": [ 14.0, 1.0, 16.0 ], 
            "faces": {
                "north": { "texture": "#0", "uv": [ 3.0, 9.5, 6.0, 10.0 ] },
                "east": { "texture": "#0", "uv": [ 15.5, 14.0, 14.5, 14.5 ] },
                "south": { "texture": "#0", "uv": [ 6.0, 9.5, 3.0, 10.0 ] },
                "west": { "texture": "#0", "uv": [ 14.5, 14.0, 15.5, 14.5 ] },
                "up": { "texture": "#0", "uv": [ 3.0, 9.5, 6.0, 10.0 ] },
                "down": { "texture": "#0", "uv": [ 3.0, 9.5, 6.0, 10.0 ] }
            }
        },
        {
            "name": "Element",
            "from": [ 8.0, 0.0, 16.0 ], 
            "to": [ 12.0, 1.0, 17.0 ], 
            "faces": {
                "north": { "texture": "#0", "uv": [ 4.0, 9.5, 6.0, 10.0 ] },
                "east": { "texture": "#0", "uv": [ 4.0, 9.5, 4.5, 10.0 ] },
                "south": { "texture": "#0", "uv": [ 6.0, 9.5, 4.0, 10.0 ] },
                "west": { "texture": "#0", "uv": [ 4.0, 9.5, 4.5, 10.0 ] },
                "up": { "texture": "#0", "uv": [ 4.0, 9.5, 6.0, 10.0 ] },
                "down": { "texture": "#0", "uv": [ 4.0, 9.5, 6.0, 10.0 ] }
            }
        },
        {
            "name": "Element",
            "from": [ 11.0, 1.0, 16.0 ], 
            "to": [ 12.0, 2.0, 17.0 ], 
            "faces": {
                "north": { "texture": "#0", "uv": [ 4.0, 9.0, 4.5, 9.5 ] },
                "east": { "texture": "#0", "uv": [ 4.0, 9.0, 4.5, 9.5 ] },
                "south": { "texture": "#0", "uv": [ 4.0, 9.0, 4.5, 9.5 ] },
                "west": { "texture": "#0", "uv": [ 4.0, 9.0, 4.5, 9.5 ] },
                "up": { "texture": "#0", "uv": [ 4.0, 9.0, 4.5, 9.5 ] },
                "down": { "texture": "#0", "uv": [ 4.0, 9.0, 4.5, 9.5 ] }
            }
        },
        {
            "name": "Element",
            "from": [ 8.0, 1.0, 13.0 ], 
            "to": [ 15.0, 2.0, 15.0 ], 
            "faces": {
                "north": { "texture": "#0", "uv": [ 2.5, 9.0, 6.0, 9.5 ] },
                "east": { "texture": "#0", "uv": [ 15.0, 13.5, 14.0, 14.0 ] },
                "south": { "texture": "#0", "uv": [ 6.0, 9.0, 2.5, 9.5 ] },
                "west": { "texture": "#0", "uv": [ 14.0, 13.5, 15.0, 14.0 ] },
                "up": { "texture": "#0", "uv": [ 2.5, 9.0, 6.0, 9.5 ] },
                "down": { "texture": "#0", "uv": [ 2.5, 9.0, 6.0, 9.5 ] }
            }
        },
        {
            "name": "Element",
            "from": [ 8.0, 1.0, 15.0 ], 
            "to": [ 14.0, 2.0, 16.0 ], 
            "faces": {
                "north": { "texture": "#0", "uv": [ 3.0, 9.0, 6.0, 9.5 ] },
                "east": { "texture": "#0", "uv": [ 15.0, 13.5, 15.5, 14.0 ] },
                "south": { "texture": "#0", "uv": [ 6.0, 9.0, 3.0, 9.5 ] },
                "west": { "texture": "#0", "uv": [ 15.0, 13.5, 15.5, 14.0 ] },
                "up": { "texture": "#0", "uv": [ 3.0, 9.0, 6.0, 9.5 ] },
                "down": { "texture": "#0", "uv": [ 3.0, 9.0, 6.0, 9.5 ] }
            }
        },
        {
            "name": "Element",
            "from": [ 8.0, 2.0, 13.0 ], 
            "to": [ 15.0, 3.0, 16.0 ], 
            "faces": {
                "north": { "texture": "#0", "uv": [ 2.5, 8.5, 6.0, 9.0 ] },
                "east": { "texture": "#0", "uv": [ 15.5, 13.0, 14.0, 13.5 ] },
                "south": { "texture": "#0", "uv": [ 6.0, 8.5, 2.5, 9.0 ] },
                "west": { "texture": "#0", "uv": [ 14.0, 13.0, 15.5, 13.5 ] },
                "up": { "texture": "#0", "uv": [ 2.5, 8.5, 6.0, 9.0 ] },
                "down": { "texture": "#0", "uv": [ 2.5, 8.5, 6.0, 9.0 ] }
            }
        },
        {
            "name": "Element",
            "from": [ 8.0, 3.0, 14.0 ], 
            "to": [ 15.0, 4.0, 16.0 ], 
            "faces": {
                "north": { "texture": "#0", "uv": [ 2.5, 8.0, 6.0, 8.5 ] },
                "east": { "texture": "#0", "uv": [ 15.5, 12.5, 14.5, 13.0 ] },
                "south": { "texture": "#0", "uv": [ 6.0, 8.0, 2.5, 8.5 ] },
                "west": { "texture": "#0", "uv": [ 14.5, 12.5, 15.5, 13.0 ] },
                "up": { "texture": "#0", "uv": [ 2.5, 8.0, 6.0, 8.5 ] },
                "down": { "texture": "#0", "uv": [ 2.5, 8.0, 6.0, 8.5 ] }
            }
        },
        {
            "name": "Element",
            "from": [ 8.0, 4.0, 14.0 ], 
            "to": [ 15.0, 8.0, 16.0 ], 
            "faces": {
                "north": { "texture": "#0", "uv": [ 2.5, 6.0, 6.0, 8.0 ] },
                "east": { "texture": "#0", "uv": [ 15.5, 10.0, 14.5, 12.0 ] },
                "south": { "texture": "#0", "uv": [ 6.0, 6.0, 2.5, 8.0 ] },
                "west": { "texture": "#0", "uv": [ 14.5, 10.0, 15.5, 12.0 ] },
                "up": { "texture": "#0", "uv": [ 2.5, 6.0, 6.0, 6.5 ] },
                "down": { "texture": "#0", "uv": [ 2.5, 7.5, 6.0, 8.0 ] }
            }
        },
        {
            "name": "Element",
            "from": [ 10.0, 4.0, 16.0 ], 
            "to": [ 14.0, 6.0, 17.0 ], 
            "faces": {
                "north": { "texture": "#0", "uv": [ 3.0, 7.0, 5.0, 8.0 ] },
                "east": { "texture": "#0", "uv": [ 3.0, 7.0, 3.5, 8.0 ] },
                "south": { "texture": "#0", "uv": [ 5.0, 7.0, 3.0, 8.0 ] },
                "west": { "texture": "#0", "uv": [ 4.5, 7.0, 5.0, 8.0 ] },
                "up": { "texture": "#0", "uv": [ 5.0, 7.0, 3.0, 7.5 ] },
                "down": { "texture": "#0", "uv": [ 5.0, 7.5, 3.0, 8.0 ] }
            }
        },
        {
            "name": "Element",
            "from": [ 12.0, 6.0, 16.0 ], 
            "to": [ 14.0, 7.0, 17.0 ], 
            "faces": {
                "north": { "texture": "#0", "uv": [ 3.0, 6.5, 4.0, 7.0 ] },
                "east": { "texture": "#0", "uv": [ 3.0, 6.5, 3.5, 7.0 ] },
                "south": { "texture": "#0", "uv": [ 3.0, 6.5, 4.0, 7.0 ] },
                "west": { "texture": "#0", "uv": [ 3.0, 6.5, 3.5, 7.0 ] },
                "up": { "texture": "#0", "uv": [ 3.0, 6.5, 4.0, 7.0 ] },
                "down": { "texture": "#0", "uv": [ 3.0, 6.5, 4.0, 7.0 ] }
            }
        },
        {
            "name": "Element",
            "from": [ 8.0, 8.0, 14.0 ], 
            "to": [ 15.0, 11.0, 15.0 ], 
            "faces": {
                "north": { "texture": "#0", "uv": [ 2.5, 4.5, 6.0, 6.0 ] },
                "east": { "texture": "#0", "uv": [ 14.5, 9.0, 15.0, 10.5 ] },
                "south": { "texture": "#0", "uv": [ 6.0, 4.5, 2.5, 6.0 ] },
                "west": { "texture": "#0", "uv": [ 14.5, 9.0, 15.0, 10.5 ] },
                "up": { "texture": "#0", "uv": [ 2.5, 4.5, 6.0, 5.0 ] },
                "down": { "texture": "#0", "uv": [ 2.5, 5.5, 6.0, 6.0 ] }
            }
        },
        {
            "name": "Element",
            "from": [ 8.0, 8.0, 15.0 ], 
            "to": [ 14.0, 10.0, 16.0 ], 
            "faces": {
                "north": { "texture": "#0", "uv": [ 3.0, 5.0, 6.0, 6.0 ] },
                "east": { "texture": "#0", "uv": [ 15.0, 9.5, 15.5, 10.5 ] },
                "south": { "texture": "#0", "uv": [ 6.0, 5.0, 3.0, 6.0 ] },
                "west": { "texture": "#0", "uv": [ 15.0, 9.5, 15.5, 10.5 ] },
                "up": { "texture": "#0", "uv": [ 3.0, 5.0, 6.0, 5.5 ] },
                "down": { "texture": "#0", "uv": [ 3.0, 5.5, 6.0, 6.0 ] }
            }
        },
        {
            "name": "Element",
            "from": [ 9.0, 7.0, 16.0 ], 
            "to": [ 10.0, 8.0, 17.0 ], 
            "faces": {
                "north": { "texture": "#0", "uv": [ 5.0, 6.0, 5.5, 6.5 ] },
                "east": { "texture": "#0", "uv": [ 5.0, 6.0, 5.5, 6.5 ] },
                "south": { "texture": "#0", "uv": [ 5.0, 6.0, 5.5, 6.5 ] },
                "west": { "texture": "#0", "uv": [ 5.0, 6.0, 5.5, 6.5 ] },
                "up": { "texture": "#0", "uv": [ 5.0, 6.0, 5.5, 6.5 ] },
                "down": { "texture": "#0", "uv": [ 5.0, 6.0, 5.5, 6.5 ] }
            }
        },
        {
            "name": "Element",
            "from": [ 10.0, 7.0, 15.5 ], 
            "to": [ 11.0, 8.0, 16.5 ], 
            "faces": {
                "north": { "texture": "#0", "uv": [ 4.5, 6.0, 5.0, 6.5 ] },
                "east": { "texture": "#0", "uv": [ 4.5, 6.0, 5.0, 6.5 ] },
                "south": { "texture": "#0", "uv": [ 4.5, 6.0, 5.0, 6.5 ] },
                "west": { "texture": "#0", "uv": [ 4.5, 6.0, 5.0, 6.5 ] },
                "up": { "texture": "#0", "uv": [ 4.5, 6.0, 5.0, 6.5 ] },
                "down": { "texture": "#0", "uv": [ 4.5, 6.0, 5.0, 6.5 ] }
            }
        },
        {
            "name": "Element",
            "from": [ 9.0, 8.0, 15.5 ], 
            "to": [ 10.0, 9.0, 16.5 ], 
            "faces": {
                "north": { "texture": "#0", "uv": [ 5.0, 5.5, 5.5, 6.0 ] },
                "east": { "texture": "#0", "uv": [ 5.0, 5.5, 5.5, 6.0 ] },
                "south": { "texture": "#0", "uv": [ 5.0, 5.5, 5.5, 6.0 ] },
                "west": { "texture": "#0", "uv": [ 5.0, 5.5, 5.5, 6.0 ] },
                "up": { "texture": "#0", "uv": [ 5.0, 5.5, 5.5, 6.0 ] },
                "down": { "texture": "#0", "uv": [ 5.0, 5.5, 5.5, 6.0 ] }
            }
        },
        {
            "name": "Element",
            "from": [ 10.0, 8.0, 16.0 ], 
            "to": [ 11.0, 9.0, 17.0 ], 
            "faces": {
                "north": { "texture": "#0", "uv": [ 4.5, 5.5, 5.0, 6.0 ] },
                "east": { "texture": "#0", "uv": [ 4.5, 5.5, 5.0, 6.0 ] },
                "south": { "texture": "#0", "uv": [ 4.5, 5.5, 5.0, 6.0 ] },
                "west": { "texture": "#0", "uv": [ 4.5, 5.5, 5.0, 6.0 ] },
                "up": { "texture": "#0", "uv": [ 4.5, 5.5, 5.0, 6.0 ] },
                "down": { "texture": "#0", "uv": [ 4.5, 5.5, 5.0, 6.0 ] }
            }
        },
        {
            "name": "Element",
            "from": [ 11.0, 8.0, 15.5 ], 
            "to": [ 12.0, 9.0, 16.5 ], 
            "faces": {
                "north": { "texture": "#0", "uv": [ 4.0, 5.5, 4.5, 6.0 ] },
                "east": { "texture": "#0", "uv": [ 4.0, 5.5, 4.5, 6.0 ] },
                "south": { "texture": "#0", "uv": [ 4.0, 5.5, 4.5, 6.0 ] },
                "west": { "texture": "#0", "uv": [ 4.0, 5.5, 4.5, 6.0 ] },
                "up": { "texture": "#0", "uv": [ 4.0, 5.5, 4.5, 6.0 ] },
                "down": { "texture": "#0", "uv": [ 4.0, 5.5, 4.5, 6.0 ] }
            }
        },
        {
            "name": "Element",
            "from": [ 10.0, 9.0, 15.5 ], 
            "to": [ 11.0, 10.0, 16.5 ], 
            "faces": {
                "north": { "texture": "#0", "uv": [ 4.5, 5.0, 5.0, 5.5 ] },
                "east": { "texture": "#0", "uv": [ 4.5, 5.0, 5.0, 5.5 ] },
                "south": { "texture": "#0", "uv": [ 4.5, 5.0, 5.0, 5.5 ] },
                "west": { "texture": "#0", "uv": [ 4.5, 5.0, 5.0, 5.5 ] },
                "up": { "texture": "#0", "uv": [ 4.5, 5.0, 5.0, 5.5 ] },
                "down": { "texture": "#0", "uv": [ 4.5, 5.0, 5.0, 5.5 ] }
            }
        },
        {
            "name": "Element",
            "from": [ 11.0, 9.0, 16.0 ], 
            "to": [ 12.0, 10.0, 17.0 ], 
            "faces": {
                "north": { "texture": "#0", "uv": [ 4.0, 5.0, 4.5, 5.5 ] },
                "east": { "texture": "#0", "uv": [ 4.0, 5.0, 4.5, 5.5 ] },
                "south": { "texture": "#0", "uv": [ 4.0, 5.0, 4.5, 5.5 ] },
                "west": { "texture": "#0", "uv": [ 4.0, 5.0, 4.5, 5.5 ] },
                "up": { "texture": "#0", "uv": [ 4.0, 5.0, 4.5, 5.5 ] },
                "down": { "texture": "#0", "uv": [ 4.0, 5.0, 4.5, 5.5 ] }
            }
        },
        {
            "name": "Element",
            "from": [ 12.0, 9.0, 15.5 ], 
            "to": [ 14.0, 10.0, 16.5 ], 
            "faces": {
                "north": { "texture": "#0", "uv": [ 4.0, 5.5, 4.5, 6.0 ] },
                "east": { "texture": "#0", "uv": [ 4.0, 5.5, 4.5, 6.0 ] },
                "south": { "texture": "#0", "uv": [ 4.0, 5.5, 4.5, 6.0 ] },
                "west": { "texture": "#0", "uv": [ 4.0, 5.5, 4.5, 6.0 ] },
                "up": { "texture": "#0", "uv": [ 4.0, 5.5, 4.5, 6.0 ] },
                "down": { "texture": "#0", "uv": [ 4.0, 5.5, 4.5, 6.0 ] }
            }
        },
        {
            "name": "Element",
            "from": [ 14.0, 9.0, 15.0 ], 
            "to": [ 15.0, 10.0, 16.0 ], 
            "faces": {
                "north": { "texture": "#0", "uv": [ 3.5, 5.5, 4.0, 6.0 ] },
                "east": { "texture": "#0", "uv": [ 3.5, 5.5, 4.0, 6.0 ] },
                "south": { "texture": "#0", "uv": [ 3.5, 5.5, 4.0, 6.0 ] },
                "west": { "texture": "#0", "uv": [ 3.5, 5.5, 4.0, 6.0 ] },
                "up": { "texture": "#0", "uv": [ 3.5, 5.5, 4.0, 6.0 ] },
                "down": { "texture": "#0", "uv": [ 3.5, 5.5, 4.0, 6.0 ] }
            }
        },
        {
            "name": "Element",
            "from": [ 11.0, 10.0, 15.5 ], 
            "to": [ 13.0, 11.0, 16.5 ], 
            "faces": {
                "north": { "texture": "#0", "uv": [ 3.5, 4.5, 4.5, 5.0 ] },
                "east": { "texture": "#0", "uv": [ 5.0, 5.5, 5.5, 6.0 ] },
                "south": { "texture": "#0", "uv": [ 3.5, 4.5, 4.5, 5.0 ] },
                "west": { "texture": "#0", "uv": [ 5.0, 5.5, 5.5, 6.0 ] },
                "up": { "texture": "#0", "uv": [ 5.0, 5.5, 5.5, 6.0 ] },
                "down": { "texture": "#0", "uv": [ 5.0, 5.5, 5.5, 6.0 ] }
            }
        },
        {
            "name": "Element",
            "from": [ 15.0, 6.0, 11.0 ], 
            "to": [ 17.0, 7.0, 15.0 ], 
            "faces": {
                "north": { "texture": "#0", "uv": [ 0.5, 7.0, 1.5, 7.5 ] },
                "east": { "texture": "#0", "uv": [ 11.0, 11.0, 9.0, 11.5 ] },
                "south": { "texture": "#0", "uv": [ 1.5, 7.0, 0.5, 7.5 ] },
                "west": { "texture": "#0", "uv": [ 9.0, 11.0, 11.0, 11.5 ] },
                "up": { "texture": "#0", "uv": [ 0.5, 7.0, 1.5, 7.5 ] },
                "down": { "texture": "#0", "uv": [ 0.5, 7.0, 1.5, 7.5 ] }
            }
        },
        {
            "name": "Element",
            "from": [ 15.0, 7.0, 9.875 ], 
            "to": [ 18.0, 8.0, 13.875 ], 
            "faces": {
                "north": { "texture": "#0", "uv": [ 0.5, 6.5, 2.0, 7.0 ] },
                "east": { "texture": "#0", "uv": [ 11.0, 10.5, 9.0, 11.0 ] },
                "south": { "texture": "#0", "uv": [ 2.0, 6.5, 0.5, 7.0 ] },
                "west": { "texture": "#0", "uv": [ 9.0, 10.5, 11.0, 11.0 ] },
                "up": { "texture": "#0", "uv": [ 0.5, 6.5, 2.0, 7.0 ] },
                "down": { "texture": "#0", "uv": [ 0.5, 6.5, 2.0, 7.0 ] }
            }
        },
        {
            "name": "Element",
            "from": [ 15.0, 8.0, 11.0 ], 
            "to": [ 18.0, 9.0, 12.0 ], 
            "faces": {
                "north": { "texture": "#0", "uv": [ 0.5, 6.0, 2.0, 6.5 ] },
                "east": { "texture": "#0", "uv": [ 10.0, 10.0, 10.5, 10.5 ] },
                "south": { "texture": "#0", "uv": [ 2.0, 6.0, 0.5, 6.5 ] },
                "west": { "texture": "#0", "uv": [ 10.0, 10.0, 10.5, 10.5 ] },
                "up": { "texture": "#0", "uv": [ 0.0, 6.0, 2.0, 6.5 ] },
                "down": { "texture": "#0", "uv": [ 0.0, 6.0, 2.0, 6.5 ] }
            }
        },
        {
            "name": "Element",
            "from": [ 17.0, 9.0, 9.0 ], 
            "to": [ 19.0, 10.0, 11.0 ], 
            "faces": {
                "north": { "texture": "#0", "uv": [ 9.5, 9.5, 8.5, 10.0 ] },
                "east": { "texture": "#0", "uv": [ 0.5, 5.5, 1.0, 6.0 ] },
                "south": { "texture": "#0", "uv": [ 9.5, 9.5, 8.5, 10.0 ] },
                "west": { "texture": "#0", "uv": [ 0.0, 5.5, 0.5, 6.0 ] },
                "up": { "texture": "#0", "uv": [ 0.0, 5.5, 1.0, 6.0 ] },
                "down": { "texture": "#0", "uv": [ 0.0, 5.5, 1.0, 6.0 ] }
            }
        },
        {
            "name": "Element",
            "from": [ 15.0, 8.0, 10.0 ], 
            "to": [ 19.0, 9.0, 11.0 ], 
            "faces": {
                "north": { "texture": "#0", "uv": [ 0.0, 6.0, 2.0, 6.5 ] },
                "east": { "texture": "#0", "uv": [ 9.5, 10.0, 10.0, 10.5 ] },
                "south": { "texture": "#0", "uv": [ 2.0, 6.0, 0.0, 6.5 ] },
                "west": { "texture": "#0", "uv": [ 9.5, 10.0, 10.0, 10.5 ] },
                "up": { "texture": "#0", "uv": [ 0.0, 6.0, 2.0, 6.5 ] },
                "down": { "texture": "#0", "uv": [ 0.0, 6.0, 2.0, 6.5 ] }
            }
        },
        {
            "name": "Element",
            "from": [ 15.0, 8.0, 9.0 ], 
            "to": [ 18.0, 9.0, 10.0 ], 
            "faces": {
                "north": { "texture": "#0", "uv": [ 0.5, 6.0, 2.0, 6.5 ] },
                "east": { "texture": "#0", "uv": [ 9.0, 10.0, 9.5, 10.5 ] },
                "south": { "texture": "#0", "uv": [ 2.0, 6.0, 0.5, 6.5 ] },
                "west": { "texture": "#0", "uv": [ 9.0, 10.0, 9.5, 10.5 ] },
                "up": { "texture": "#0", "uv": [ 0.0, 6.0, 2.0, 6.5 ] },
                "down": { "texture": "#0", "uv": [ 0.0, 6.0, 2.0, 6.5 ] }
            }
        },
        {
            "name": "Element",
            "from": [ 5.0, 1.0, 16.0 ], 
            "to": [ 8.0, 7.0, 16.5 ], 
            "faces": {
                "north": { "texture": "#0", "uv": [ 6.0, 6.5, 4.5, 9.5 ] },
                "east": { "texture": "#0", "uv": [ 5.5, 6.5, 6.0, 9.5 ] },
                "south": { "texture": "#0", "uv": [ 4.5, 6.5, 6.0, 9.5 ] },
                "west": { "texture": "#0", "uv": [ 4.5, 6.5, 5.0, 9.5 ] },
                "up": { "texture": "#0", "uv": [ 4.5, 6.5, 6.0, 7.0 ] },
                "down": { "texture": "#0", "uv": [ 4.5, 9.0, 6.0, 9.5 ] }
            }
        },
        {
            "name": "Element",
            "from": [ 8.0, 1.0, 16.0 ], 
            "to": [ 11.0, 7.0, 16.5 ], 
            "faces": {
                "north": { "texture": "#0", "uv": [ 4.5, 6.5, 6.0, 9.5 ] },
                "east": { "texture": "#0", "uv": [ 5.5, 6.5, 6.0, 9.5 ] },
                "south": { "texture": "#0", "uv": [ 6.0, 6.5, 4.5, 9.5 ] },
                "west": { "texture": "#0", "uv": [ 4.5, 6.5, 5.0, 9.5 ] },
                "up": { "texture": "#0", "uv": [ 4.5, 6.5, 6.0, 7.0 ] },
                "down": { "texture": "#0", "uv": [ 4.5, 9.0, 6.0, 9.5 ] }
            }
        },
        {
            "name": "Element",
            "from": [ 0.0, 11.0, 13.0 ], 
            "to": [ 8.0, 12.0, 14.0 ], 
            "faces": {
                "north": { "texture": "#0", "uv": [ 12.0, 8.5, 11.5, 9.0 ] },
                "east": { "texture": "#0", "uv": [ 14.0, 8.5, 13.5, 9.0 ] },
                "south": { "texture": "#0", "uv": [ 12.0, 8.5, 11.5, 9.0 ] },
                "west": { "texture": "#0", "uv": [ 14.0, 8.5, 13.5, 9.0 ] },
                "up": { "texture": "#0", "uv": [ 8.5, 9.0, 9.0, 9.5 ] },
                "down": { "texture": "#0", "uv": [ 8.5, 9.0, 9.0, 9.5 ] }
            }
        },
        {
            "name": "Element",
            "from": [ 8.0, 10.0, 15.0 ], 
            "to": [ 14.0, 12.0, 16.0 ], 
            "faces": {
                "north": { "texture": "#0", "uv": [ 3.0, 4.0, 6.0, 5.0 ] },
                "east": { "texture": "#0", "uv": [ 15.0, 9.0, 15.5, 9.5 ] },
                "south": { "texture": "#0", "uv": [ 6.0, 4.0, 3.0, 5.0 ] },
                "west": { "texture": "#0", "uv": [ 15.0, 8.5, 15.5, 9.0 ] },
                "up": { "texture": "#0", "uv": [ 6.0, 4.0, 3.0, 4.5 ] },
                "down": { "texture": "#0", "uv": [ 6.0, 4.5, 3.0, 5.0 ] }
            }
        },
        {
            "name": "Element",
            "from": [ 1.0, 11.0, 14.0 ], 
            "to": [ 15.0, 12.0, 15.0 ], 
            "faces": {
                "north": { "texture": "#0", "uv": [ 2.5, 4.0, 9.5, 4.5 ] },
                "east": { "texture": "#0", "uv": [ 14.5, 8.5, 15.0, 9.0 ] },
                "south": { "texture": "#0", "uv": [ 7.5, 7.0, 14.5, 7.5 ] },
                "west": { "texture": "#0", "uv": [ 14.5, 8.5, 15.0, 9.0 ] },
                "up": { "texture": "#0", "uv": [ 2.5, 4.0, 9.5, 4.5 ] },
                "down": { "texture": "#0", "uv": [ 2.5, 4.0, 9.5, 4.5 ] }
            }
        },
        {
            "name": "Element",
            "from": [ 1.0, 12.0, 13.0 ], 
            "to": [ 15.0, 13.0, 15.0 ], 
            "faces": {
                "north": { "texture": "#0", "uv": [ 8.0, 7.0, 15.0, 7.5 ] },
                "east": { "texture": "#0", "uv": [ 13.5, 8.0, 14.5, 8.5 ] },
                "south": { "texture": "#0", "uv": [ 2.5, 3.5, 9.5, 4.0 ] },
                "west": { "texture": "#0", "uv": [ 13.5, 8.0, 14.5, 8.5 ] },
                "up": { "texture": "#0", "uv": [ 2.5, 3.5, 9.5, 4.0 ] },
                "down": { "texture": "#0", "uv": [ 2.5, 3.5, 9.5, 4.0 ] }
            }
        },
        {
            "name": "Element",
            "from": [ 3.0, 12.0, 15.0 ], 
            "to": [ 13.0, 13.0, 16.0 ], 
            "faces": {
                "north": { "texture": "#0", "uv": [ 3.5, 3.5, 8.5, 4.0 ] },
                "east": { "texture": "#0", "uv": [ 14.5, 8.0, 15.0, 8.5 ] },
                "south": { "texture": "#0", "uv": [ 3.5, 3.5, 8.5, 4.0 ] },
                "west": { "texture": "#0", "uv": [ 14.5, 8.0, 15.0, 8.5 ] },
                "up": { "texture": "#0", "uv": [ 3.5, 3.5, 8.5, 4.0 ] },
                "down": { "texture": "#0", "uv": [ 3.5, 3.5, 8.5, 4.0 ] }
            }
        },
        {
            "name": "Element",
            "from": [ 6.0, 12.0, 16.0 ], 
            "to": [ 10.0, 13.0, 17.0 ], 
            "faces": {
                "north": { "texture": "#0", "uv": [ 5.0, 3.5, 7.5, 4.0 ] },
                "east": { "texture": "#0", "uv": [ 15.5, 8.5, 16.0, 9.0 ] },
                "south": { "texture": "#0", "uv": [ 5.0, 3.5, 7.5, 4.0 ] },
                "west": { "texture": "#0", "uv": [ 15.5, 8.5, 16.0, 9.0 ] },
                "up": { "texture": "#0", "uv": [ 5.0, 3.5, 7.0, 4.0 ] },
                "down": { "texture": "#0", "uv": [ 5.0, 3.5, 7.0, 4.0 ] }
            }
        },
        {
            "name": "Element",
            "from": [ 7.0, 10.0, 16.0 ], 
            "to": [ 9.0, 12.0, 17.0 ], 
            "faces": {
                "north": { "texture": "#0", "uv": [ 5.5, 4.0, 6.5, 5.0 ] },
                "east": { "texture": "#0", "uv": [ 15.5, 8.0, 16.0, 9.0 ] },
                "south": { "texture": "#0", "uv": [ 5.5, 4.0, 6.5, 5.0 ] },
                "west": { "texture": "#0", "uv": [ 15.5, 8.0, 16.0, 9.0 ] },
                "up": { "texture": "#0", "uv": [ 5.5, 4.0, 6.5, 4.5 ] },
                "down": { "texture": "#0", "uv": [ 5.5, 4.5, 6.5, 5.0 ] }
            }
        },
        {
            "name": "Element",
            "from": [ 8.0, 10.0, 13.0 ], 
            "to": [ 16.0, 11.0, 14.0 ], 
            "faces": {
                "north": { "texture": "#0", "uv": [ 2.5, 4.5, 2.0, 5.0 ] },
                "east": { "texture": "#0", "uv": [ 14.5, 9.0, 14.0, 9.5 ] },
                "south": { "texture": "#0", "uv": [ 2.5, 4.5, 2.0, 5.0 ] },
                "west": { "texture": "#0", "uv": [ 14.5, 9.0, 14.0, 9.5 ] },
                "up": { "texture": "#0", "uv": [ 9.0, 6.5, 13.0, 7.0 ] },
                "down": { "texture": "#0", "uv": [ 2.0, 4.5, 6.0, 5.0 ] }
            }
        },
        {
            "name": "Element",
            "from": [ 8.0, 8.0, 13.0 ], 
            "to": [ 16.0, 10.0, 14.0 ], 
            "faces": {
                "north": { "texture": "#0", "uv": [ 2.0, 5.0, 6.0, 6.0 ] },
                "east": { "texture": "#0", "uv": [ 14.5, 9.5, 14.0, 10.5 ] },
                "south": { "texture": "#0", "uv": [ 7.5, 9.0, 8.0, 10.0 ] },
                "west": { "texture": "#0", "uv": [ 14.5, 9.5, 14.0, 10.5 ] },
                "up": { "texture": "#0", "uv": [ 2.0, 5.0, 6.0, 5.5 ] },
                "down": { "texture": "#0", "uv": [ 2.0, 5.5, 6.0, 6.0 ] }
            }
        },
        {
            "name": "Element",
            "from": [ 0.0, 7.0, 13.0 ], 
            "to": [ 8.0, 8.0, 14.0 ], 
            "faces": {
                "north": { "texture": "#0", "uv": [ 2.0, 6.0, 6.0, 6.5 ] },
                "east": { "texture": "#0", "uv": [ 15.0, 10.5, 14.5, 11.0 ] },
                "south": { "texture": "#0", "uv": [ 7.0, 10.5, 7.5, 11.0 ] },
                "west": { "texture": "#0", "uv": [ 15.0, 10.5, 14.5, 11.0 ] },
                "up": { "texture": "#0", "uv": [ 2.0, 6.0, 2.5, 6.5 ] },
                "down": { "texture": "#0", "uv": [ 2.0, 6.0, 2.5, 6.5 ] }
            }
        },
        {
            "name": "Element",
            "from": [ 0.0, 6.0, 13.0 ], 
            "to": [ 8.0, 7.0, 14.0 ], 
            "faces": {
                "north": { "texture": "#0", "uv": [ 2.0, 6.5, 6.0, 7.0 ] },
                "east": { "texture": "#0", "uv": [ 15.0, 11.0, 14.5, 11.5 ] },
                "south": { "texture": "#0", "uv": [ 7.0, 11.0, 7.5, 11.5 ] },
                "west": { "texture": "#0", "uv": [ 15.0, 11.0, 14.5, 11.5 ] },
                "up": { "texture": "#0", "uv": [ 2.0, 6.5, 6.0, 7.0 ] },
                "down": { "texture": "#0", "uv": [ 2.0, 6.5, 6.0, 7.0 ] }
            }
        },
        {
            "name": "Element",
            "from": [ 0.0, 5.0, 13.0 ], 
            "to": [ 8.0, 6.0, 14.0 ], 
            "faces": {
                "north": { "texture": "#0", "uv": [ 2.0, 7.0, 6.0, 7.5 ] },
                "east": { "texture": "#0", "uv": [ 15.0, 11.0, 14.5, 11.5 ] },
                "south": { "texture": "#0", "uv": [ 7.0, 11.0, 7.5, 11.5 ] },
                "west": { "texture": "#0", "uv": [ 15.0, 11.0, 14.5, 11.5 ] },
                "up": { "texture": "#0", "uv": [ 2.0, 7.0, 6.0, 7.5 ] },
                "down": { "texture": "#0", "uv": [ 2.0, 7.0, 6.0, 7.5 ] }
            }
        },
        {
            "name": "Element",
            "from": [ 8.0, 7.0, 13.0 ], 
            "to": [ 16.0, 8.0, 14.0 ], 
            "faces": {
                "north": { "texture": "#0", "uv": [ 6.0, 6.0, 2.0, 6.5 ] },
                "east": { "texture": "#0", "uv": [ 15.0, 10.5, 14.5, 11.0 ] },
                "south": { "texture": "#0", "uv": [ 7.0, 10.5, 7.5, 11.0 ] },
                "west": { "texture": "#0", "uv": [ 15.0, 10.5, 14.5, 11.0 ] },
                "up": { "texture": "#0", "uv": [ 2.0, 6.0, 2.5, 6.5 ] },
                "down": { "texture": "#0", "uv": [ 2.0, 6.0, 2.5, 6.5 ] }
            }
        },
        {
            "name": "Element",
            "from": [ 8.0, 5.0, 13.0 ], 
            "to": [ 16.0, 6.0, 14.0 ], 
            "faces": {
                "north": { "texture": "#0", "uv": [ 6.0, 7.0, 2.0, 7.5 ] },
                "east": { "texture": "#0", "uv": [ 15.0, 11.0, 14.5, 11.5 ] },
                "south": { "texture": "#0", "uv": [ 7.0, 11.0, 7.5, 11.5 ] },
                "west": { "texture": "#0", "uv": [ 15.0, 11.0, 14.5, 11.5 ] },
                "up": { "texture": "#0", "uv": [ 2.0, 7.0, 6.0, 7.5 ] },
                "down": { "texture": "#0", "uv": [ 2.0, 7.0, 6.0, 7.5 ] }
            }
        },
        {
            "name": "Element",
            "from": [ 8.0, 6.0, 13.0 ], 
            "to": [ 16.0, 7.0, 14.0 ], 
            "faces": {
                "north": { "texture": "#0", "uv": [ 6.0, 6.5, 2.0, 7.0 ] },
                "east": { "texture": "#0", "uv": [ 15.0, 11.0, 14.5, 11.5 ] },
                "south": { "texture": "#0", "uv": [ 7.0, 11.0, 7.5, 11.5 ] },
                "west": { "texture": "#0", "uv": [ 15.0, 11.0, 14.5, 11.5 ] },
                "up": { "texture": "#0", "uv": [ 2.0, 6.5, 6.0, 7.0 ] },
                "down": { "texture": "#0", "uv": [ 2.0, 6.5, 6.0, 7.0 ] }
            }
        },
        {
            "name": "Element",
            "from": [ 8.0, 4.0, 13.0 ], 
            "to": [ 16.0, 5.0, 14.0 ], 
            "faces": {
                "north": { "texture": "#0", "uv": [ 7.0, 11.5, 7.5, 12.0 ] },
                "east": { "texture": "#0", "uv": [ 14.5, 12.0, 14.0, 12.5 ] },
                "south": { "texture": "#0", "uv": [ 6.0, 7.5, 2.0, 8.0 ] },
                "west": { "texture": "#0", "uv": [ 14.5, 12.0, 14.0, 12.5 ] },
                "up": { "texture": "#0", "uv": [ 2.0, 7.5, 6.0, 8.0 ] },
                "down": { "texture": "#0", "uv": [ 7.0, 11.5, 7.5, 12.0 ] }
            }
        },
        {
            "name": "Element",
            "from": [ 8.0, 3.0, 13.0 ], 
            "to": [ 16.0, 4.0, 14.0 ], 
            "faces": {
                "north": { "texture": "#0", "uv": [ 7.0, 12.0, 7.5, 12.5 ] },
                "east": { "texture": "#0", "uv": [ 14.5, 12.0, 14.0, 12.5 ] },
                "south": { "texture": "#0", "uv": [ 6.0, 8.0, 2.0, 8.5 ] },
                "west": { "texture": "#0", "uv": [ 14.5, 12.0, 14.0, 12.5 ] },
                "up": { "texture": "#0", "uv": [ 2.0, 8.0, 6.0, 8.5 ] },
                "down": { "texture": "#0", "uv": [ 2.0, 8.0, 6.0, 8.5 ] }
            }
        },
        {
            "name": "Element",
            "from": [ 8.0, 0.0, 13.0 ], 
            "to": [ 15.0, 1.0, 14.0 ], 
            "faces": {
                "north": { "texture": "#0", "uv": [ 2.5, 9.5, 6.0, 10.0 ] },
                "east": { "texture": "#0", "uv": [ 14.5, 14.0, 13.5, 14.5 ] },
                "south": { "texture": "#0", "uv": [ 6.0, 9.5, 2.5, 10.0 ] },
                "west": { "texture": "#0", "uv": [ 13.5, 14.0, 14.5, 14.5 ] },
                "up": { "texture": "#0", "uv": [ 2.5, 9.5, 6.0, 10.0 ] },
                "down": { "texture": "#0", "uv": [ 2.5, 9.5, 6.0, 10.0 ] }
            }
        },
        {
            "name": "Element",
            "from": [ 0.0, 9.0, 0.0 ], 
            "to": [ 1.0, 12.0, 13.0 ], 
            "faces": {
                "north": { "texture": "#0", "uv": [ 0.0, 14.5, 0.5, 16.0 ] },
                "east": { "texture": "#0", "uv": [ 0.0, 14.5, 6.5, 16.0 ] },
                "south": { "texture": "#0", "uv": [ 7.5, 14.5, 8.0, 16.0 ] },
                "west": { "texture": "#0", "uv": [ 0.0, 14.5, 6.5, 16.0 ] },
                "up": { "texture": "#0", "uv": [ 0.0, 14.5, 8.0, 15.0 ] },
                "down": { "texture": "#0", "uv": [ 0.0, 14.5, 8.0, 15.0 ] }
            }
        },
        {
            "name": "Element",
            "from": [ 15.0, 9.0, 0.0 ], 
            "to": [ 16.0, 12.0, 13.0 ], 
            "faces": {
                "north": { "texture": "#0", "uv": [ 0.0, 14.5, 0.5, 16.0 ] },
                "east": { "texture": "#0", "uv": [ 0.0, 14.5, 6.5, 16.0 ] },
                "south": { "texture": "#0", "uv": [ 7.5, 14.5, 8.0, 16.0 ] },
                "west": { "texture": "#0", "uv": [ 0.0, 14.5, 6.5, 16.0 ] },
                "up": { "texture": "#0", "uv": [ 0.0, 14.5, 8.0, 15.0 ] },
                "down": { "texture": "#0", "uv": [ 0.0, 14.5, 8.0, 15.0 ] }
            }
        },
        {
            "name": "Element",
            "from": [ 1.0, 9.5, 0.0 ], 
            "to": [ 15.0, 11.5, 1.0 ], 
            "faces": {
                "north": { "texture": "#0", "uv": [ 0.0, 15.0, 0.5, 16.0 ] },
                "east": { "texture": "#0", "uv": [ 0.0, 15.0, 0.5, 16.0 ] },
                "south": { "texture": "#0", "uv": [ 0.0, 15.0, 0.5, 16.0 ] },
                "west": { "texture": "#0", "uv": [ 0.0, 15.0, 0.5, 16.0 ] },
                "up": { "texture": "#0", "uv": [ 0.0, 14.5, 5.5, 15.0 ], "rotation": 90 },
                "down": { "texture": "#0", "uv": [ 0.0, 14.5, 5.5, 15.0 ] }
            }
        },
        {
            "name": "Element",
            "from": [ 1.0, 3.5, 0.0 ], 
            "to": [ 15.0, 5.5, 1.0 ], 
            "faces": {
                "north": { "texture": "#0", "uv": [ 0.0, 15.0, 0.5, 16.0 ] },
                "east": { "texture": "#0", "uv": [ 0.0, 15.0, 0.5, 16.0 ] },
                "south": { "texture": "#0", "uv": [ 0.0, 15.0, 0.5, 16.0 ] },
                "west": { "texture": "#0", "uv": [ 0.0, 15.0, 0.5, 16.0 ] },
                "up": { "texture": "#0", "uv": [ 0.0, 14.5, 5.5, 15.0 ], "rotation": 90 },
                "down": { "texture": "#0", "uv": [ 0.0, 14.5, 5.5, 15.0 ] }
            }
        },
        {
            "name": "Element",
            "from": [ 0.0, 3.0, 0.0 ], 
            "to": [ 1.0, 6.0, 13.0 ], 
            "faces": {
                "north": { "texture": "#0", "uv": [ 0.0, 14.5, 0.5, 16.0 ] },
                "east": { "texture": "#0", "uv": [ 0.0, 14.5, 6.5, 16.0 ] },
                "south": { "texture": "#0", "uv": [ 7.5, 14.5, 8.0, 16.0 ] },
                "west": { "texture": "#0", "uv": [ 0.0, 14.5, 6.5, 16.0 ] },
                "up": { "texture": "#0", "uv": [ 0.0, 14.5, 8.0, 15.0 ] },
                "down": { "texture": "#0", "uv": [ 0.0, 14.5, 8.0, 15.0 ] }
            }
        },
        {
            "name": "Element",
            "from": [ 15.0, 3.0, 0.0 ], 
            "to": [ 16.0, 6.0, 13.0 ], 
            "faces": {
                "north": { "texture": "#0", "uv": [ 0.0, 14.5, 0.5, 16.0 ] },
                "east": { "texture": "#0", "uv": [ 0.0, 14.5, 6.5, 16.0 ] },
                "south": { "texture": "#0", "uv": [ 7.5, 14.5, 8.0, 16.0 ] },
                "west": { "texture": "#0", "uv": [ 0.0, 14.5, 6.5, 16.0 ] },
                "up": { "texture": "#0", "uv": [ 0.0, 14.5, 8.0, 15.0 ] },
                "down": { "texture": "#0", "uv": [ 0.0, 14.5, 8.0, 15.0 ] }
            }
        },
        {
            "name": "Cube",
            "from": [ -1.5000000074505806, 10.100000001490116, -1.5000000074505806 ], 
            "to": [ 17.49999999254942, 13.100000001490116, 17.49999999254942 ], 
            "faces": {
                "north": { "texture": "#1", "uv": [ 0.0, 14.499999999999998, 16.0, 16.0 ] },
                "east": { "texture": "#1", "uv": [ 0.0, 14.5, 16.0, 16.5 ] },
                "south": { "texture": "#1", "uv": [ 0.0, 14.499999999999998, 16.0, 15.999999999999995 ] },
                "west": { "texture": "#1", "uv": [ 0.0, 14.5, 16.0, 16.0 ] },
                "up": { "texture": "#1", "uv": [ 0.0, 0.0, 16.0, 8.5 ] },
                "down": { "texture": "#1", "uv": [ 0.0, 0.0, 16.0, 8.5 ] }
            }
        },
        {
            "name": "Cube",
            "from": [ 8.0, 11.0, 13.0 ], 
            "to": [ 16.0, 12.0, 14.0 ], 
            "faces": {
                "north": { "texture": "#0", "uv": [ 12.0, 8.5, 11.5, 9.0 ] },
                "east": { "texture": "#0", "uv": [ 14.0, 8.5, 13.5, 9.0 ] },
                "south": { "texture": "#0", "uv": [ 12.0, 8.5, 11.5, 9.0 ] },
                "west": { "texture": "#0", "uv": [ 14.0, 8.5, 13.5, 9.0 ] },
                "up": { "texture": "#0", "uv": [ 8.5, 9.0, 9.0, 9.5 ] },
                "down": { "texture": "#0", "uv": [ 8.5, 9.0, 9.0, 9.5 ] }
            }
        },
        {
            "name": "Cube",
            "from": [ -2.5000000074505806, 10.100000001490116, -0.5000000074505806 ], 
            "to": [ 18.49999999254942, 12.100000001490116, 16.49999999254942 ], 
            "faces": {
                "north": { "texture": "#1", "uv": [ 0.0, 14.499999999999998, 16.0, 16.0 ] },
                "east": { "texture": "#1", "uv": [ 0.0, 14.5, 16.0, 15.999999999999995 ] },
                "south": { "texture": "#1", "uv": [ 0.0, 14.499999999999998, 16.0, 15.999999999999995 ] },
                "west": { "texture": "#1", "uv": [ 0.0, 14.5, 16.0, 16.0 ] },
                "up": { "texture": "#1", "uv": [ 0.0, 0.0, 16.0, 8.5 ] },
                "down": { "texture": "#1", "uv": [ 0.0, 0.0, 16.0, 8.5 ] }
            }
        },
        {
            "name": "Cube",
            "from": [ -0.5000000074505806, 10.100000001490116, -2.5000000074505806 ], 
            "to": [ 16.49999999254942, 12.100000001490116, 18.49999999254942 ], 
            "faces": {
                "north": { "texture": "#1", "uv": [ 0.0, 14.499999999999998, 16.0, 16.0 ] },
                "east": { "texture": "#1", "uv": [ 0.0, 14.5, 16.0, 16.5 ] },
                "south": { "texture": "#1", "uv": [ 0.0, 14.499999999999998, 16.0, 15.999999999999995 ] },
                "west": { "texture": "#1", "uv": [ 0.0, 14.5, 16.0, 16.0 ] },
                "up": { "texture": "#1", "uv": [ 0.0, 0.0, 16.0, 8.5 ] },
                "down": { "texture": "#1", "uv": [ 0.0, 0.0, 16.0, 8.5 ] }
            }
        },
        {
            "name": "Cube",
            "from": [ 1.4999999776482582, 13.100000001490116, 1.4999999776482582 ], 
            "to": [ 14.499999977648258, 27.100000001490116, 14.499999977648258 ], 
            "faces": {
                "north": { "texture": "#1", "uv": [ 0.0, 0.0, 16.0, 15.999999999999998 ] },
                "east": { "texture": "#1", "uv": [ 0.0, 0.0, 16.0, 15.999999999999995 ] },
                "south": { "texture": "#1", "uv": [ 0.0, 0.0, 16.0, 15.999999999999995 ] },
                "west": { "texture": "#1", "uv": [ 0.0, 0.0, 16.0, 16.0 ] },
                "up": { "texture": "#1", "uv": [ 0.0, 0.0, 16.0, 8.5 ] },
                "down": { "texture": "#1", "uv": [ 0.0, 0.0, 16.0, 8.5 ] }
            }
        },
        {
            "name": "Cube",
            "from": [ 1.9999999850988388, 13.0, 0.4999999776482582 ], 
            "to": [ 13.999999985098839, 26.50000000745058, 15.499999977648258 ], 
            "faces": {
                "north": { "texture": "#1", "uv": [ 0.0, 1.0, 16.0, 16.0 ] },
                "east": { "texture": "#1", "uv": [ 0.0, 1.0, 16.0, 16.0 ] },
                "south": { "texture": "#1", "uv": [ 0.0, 1.0, 16.0, 15.999999999999991 ] },
                "west": { "texture": "#1", "uv": [ 0.0, 1.0, 16.0, 16.0 ] },
                "up": { "texture": "#1", "uv": [ 0.0, 0.0, 16.0, 8.5 ] },
                "down": { "texture": "#1", "uv": [ 0.0, 0.0, 16.0, 8.5 ] }
            }
        },
        {
            "name": "Cube",
            "from": [ 0.5, 13.0, 2.0 ], 
            "to": [ 15.5, 26.50000000745058, 14.0 ], 
            "faces": {
                "north": { "texture": "#1", "uv": [ 0.0, 1.0, 16.0, 16.0 ] },
                "east": { "texture": "#1", "uv": [ 0.0, 1.0, 16.0, 16.0 ] },
                "south": { "texture": "#1", "uv": [ 0.0, 1.0, 16.0, 15.999999999999991 ] },
                "west": { "texture": "#1", "uv": [ 0.0, 1.0, 16.0, 16.0 ] },
                "up": { "texture": "#1", "uv": [ 0.0, 0.0, 16.0, 8.5 ] },
                "down": { "texture": "#1", "uv": [ 0.0, 0.0, 16.0, 8.5 ] }
            }
        },
        {
            "name": "Cube",
            "from": [ 9.0, 4.0, 17.0 ], 
            "to": [ 10.0, 6.0, 18.0 ], 
            "faces": {
                "north": { "texture": "#2", "uv": [ 5.0, 7.0, 5.500000000000002, 9.0 ] },
                "east": { "texture": "#2", "uv": [ 5.0, 7.0, 5.5, 9.0 ] },
                "south": { "texture": "#2", "uv": [ 5.0, 7.0, 5.499999999999998, 9.0 ] },
                "west": { "texture": "#2", "uv": [ 5.0, 7.0, 5.499999999999998, 9.0 ] },
                "up": { "texture": "#2", "uv": [ 5.0, 7.0, 5.499999999999998, 9.0 ] },
                "down": { "texture": "#2", "uv": [ 5.0, 7.0, 5.500000000000002, 9.0 ] }
            }
        },
        {
            "name": "Cube",
            "from": [ 14.0, 4.0, 17.0 ], 
            "to": [ 15.0, 7.0, 18.0 ], 
            "faces": {
                "north": { "texture": "#2", "uv": [ 5.0, 7.0, 5.500000000000002, 9.0 ] },
                "east": { "texture": "#2", "uv": [ 5.0, 7.0, 5.5, 9.0 ] },
                "south": { "texture": "#2", "uv": [ 5.0, 7.0, 5.499999999999998, 9.0 ] },
                "west": { "texture": "#2", "uv": [ 5.0, 7.0, 5.499999999999998, 9.0 ] },
                "up": { "texture": "#2", "uv": [ 5.0, 7.0, 5.499999999999998, 9.0 ] },
                "down": { "texture": "#2", "uv": [ 5.0, 7.0, 5.500000000000002, 9.0 ] }
            }
        },
        {
            "name": "Cube",
            "from": [ 10.0, 6.0, 17.0 ], 
            "to": [ 11.0, 7.0, 18.0 ], 
            "faces": {
                "north": { "texture": "#2", "uv": [ 5.0, 7.0, 5.500000000000002, 9.0 ] },
                "east": { "texture": "#2", "uv": [ 5.0, 7.0, 5.5, 9.0 ] },
                "south": { "texture": "#2", "uv": [ 5.0, 7.0, 5.499999999999998, 9.0 ] },
                "west": { "texture": "#2", "uv": [ 5.0, 7.0, 5.499999999999998, 9.0 ] },
                "up": { "texture": "#2", "uv": [ 5.0, 7.0, 5.499999999999998, 9.0 ] },
                "down": { "texture": "#2", "uv": [ 5.0, 7.0, 5.500000000000002, 9.0 ] }
            }
        },
        {
            "name": "Cube",
            "from": [ 11.0, 7.0, 17.0 ], 
            "to": [ 14.0, 8.0, 18.0 ], 
            "faces": {
                "north": { "texture": "#2", "uv": [ 5.0, 7.0, 5.500000000000002, 9.0 ] },
                "east": { "texture": "#2", "uv": [ 5.0, 7.0, 5.5, 9.0 ] },
                "south": { "texture": "#2", "uv": [ 5.0, 7.0, 5.499999999999998, 9.0 ] },
                "west": { "texture": "#2", "uv": [ 5.0, 7.0, 5.499999999999998, 9.0 ] },
                "up": { "texture": "#2", "uv": [ 5.0, 7.0, 5.499999999999998, 9.0 ] },
                "down": { "texture": "#2", "uv": [ 5.0, 7.0, 5.500000000000002, 9.0 ] }
            }
        },
        {
            "name": "Cube",
            "from": [ 10.0, 3.0, 17.0 ], 
            "to": [ 14.0, 4.0, 18.0 ], 
            "faces": {
                "north": { "texture": "#2", "uv": [ 5.0, 7.0, 5.500000000000002, 9.0 ] },
                "east": { "texture": "#2", "uv": [ 5.0, 7.0, 5.5, 9.0 ] },
                "south": { "texture": "#2", "uv": [ 5.0, 7.0, 5.499999999999998, 9.0 ] },
                "west": { "texture": "#2", "uv": [ 5.0, 7.0, 5.499999999999998, 9.0 ] },
                "up": { "texture": "#2", "uv": [ 5.0, 7.0, 5.499999999999998, 9.0 ] },
                "down": { "texture": "#2", "uv": [ 5.0, 7.0, 5.500000000000002, 9.0 ] }
            }
        },
        {
            "name": "Cube",
            "from": [ 15.0, 5.0, 16.0 ], 
            "to": [ 16.0, 6.0, 17.0 ], 
            "faces": {
                "north": { "texture": "#2", "uv": [ 5.0, 7.0, 5.500000000000002, 9.0 ] },
                "east": { "texture": "#2", "uv": [ 5.0, 7.0, 5.5, 9.0 ] },
                "south": { "texture": "#2", "uv": [ 5.0, 7.0, 5.499999999999998, 9.0 ] },
                "west": { "texture": "#2", "uv": [ 5.0, 7.0, 5.499999999999998, 9.0 ] },
                "up": { "texture": "#2", "uv": [ 5.0, 7.0, 5.499999999999998, 9.0 ] },
                "down": { "texture": "#2", "uv": [ 5.0, 7.0, 5.500000000000002, 9.0 ] }
            }
        },
        {
            "name": "Cube",
            "from": [ 16.0, 5.0, 11.0 ], 
            "to": [ 17.0, 6.0, 16.0 ], 
            "faces": {
                "north": { "texture": "#2", "uv": [ 5.0, 7.0, 5.500000000000002, 9.0 ] },
                "east": { "texture": "#2", "uv": [ 5.0, 7.0, 5.5, 9.0 ] },
                "south": { "texture": "#2", "uv": [ 5.0, 7.0, 5.499999999999998, 9.0 ] },
                "west": { "texture": "#2", "uv": [ 5.0, 7.0, 5.499999999999998, 9.0 ] },
                "up": { "texture": "#2", "uv": [ 5.0, 7.0, 5.499999999999998, 9.0 ] },
                "down": { "texture": "#2", "uv": [ 5.0, 7.0, 5.500000000000002, 9.0 ] }
            }
        },
        {
            "name": "Cube",
            "from": [ 14.0, 6.0, 10.0 ], 
            "to": [ 17.0, 7.0, 11.0 ], 
            "faces": {
                "north": { "texture": "#2", "uv": [ 5.0, 7.0, 5.500000000000002, 9.0 ] },
                "east": { "texture": "#2", "uv": [ 5.0, 7.0, 5.5, 9.0 ] },
                "south": { "texture": "#2", "uv": [ 5.0, 7.0, 5.499999999999998, 9.0 ] },
                "west": { "texture": "#2", "uv": [ 5.0, 7.0, 5.499999999999998, 9.0 ] },
                "up": { "texture": "#2", "uv": [ 5.0, 7.0, 5.499999999999998, 9.0 ] },
                "down": { "texture": "#2", "uv": [ 5.0, 7.0, 5.500000000000002, 9.0 ] }
            }
        },
        {
            "name": "Cube",
            "from": [ 2.4999999925494194, 26.49999999254942, 2.5000000074505806 ], 
            "to": [ 13.49999999254942, 27.49999999254942, 13.50000000745058 ], 
            "faces": {
                "north": { "texture": "#1", "uv": [ 0.0, 0.0, 11.0, 1.0 ] },
                "east": { "texture": "#1", "uv": [ 0.0, 0.0, 11.0, 1.0 ] },
                "south": { "texture": "#1", "uv": [ 0.0, 0.0, 11.0, 1.0 ] },
                "west": { "texture": "#1", "uv": [ 0.0, 0.0, 11.0, 1.0 ] },
                "up": { "texture": "#1", "uv": [ 0.0, 0.0, 9.0, 4.0 ] },
                "down": { "texture": "#1", "uv": [ 0.0, 0.0, 12.0, 6.0 ] }
            }
        }
    ],"display":{"head":{"rotation":[0,180,0],"translation":[0,0.7,-0.8],"scale":[1.2,1.2,1.2]},"fixed":{"rotation":[0,180,0],"translation":[0,0.1,1.5],"scale":[1.4,1.4,1.4]},"gui":{"rotation":[-30,135,0],"translation":[0,-1.5,0],"scale":[0.8,0.8,0.8]}}}