{
  "__comment": "Designed by - with BDcraft Cubik PRO 0.95 Beta - http://bdcraft.net",
  "textures": {
    "particle": "entity/referee_skin_s",
    "texture": "entity/librarian_skin_s",
    "referee skin": "entity/referee_skin",
    "black_stripes": "entity/black_stripes_s",
    "white_stripes": "entity/white_stripes_s",
    "stripes": "entity/stripes_s"
  },
  "elements": [
    {
      "__comment": "Nose",
      "from": [
        6.5,
        0,
        -2
      ],
      "to": [
        9.5,
        6,
        0.5
      ],
      "faces": {
        "down": {
          "uv": [
            7,
            0.5,
            7.5,
            0
          ],
          "texture": "#texture"
        },
        "up": {
          "uv": [
            6.5,
            0,
            7,
            0.5
          ],
          "texture": "#texture"
        },
        "north": {
          "uv": [
            6.5,
            0.5,
            7,
            1.5
          ],
          "texture": "#texture"
        },
        "south": {
          "uv": [
            7.5,
            1.5,
            8,
            0.5
          ],
          "texture": "#texture"
        },
        "west": {
          "uv": [
            6,
            0.5,
            6.5,
            1.5
          ],
          "texture": "#texture"
        },
        "east": {
          "uv": [
            7.5,
            0.5,
            7,
            1.5
          ],
          "texture": "#texture"
        }
      }
    },
    {
      "from": [
        1,
        1,
        0.5
      ],
      "to": [
        15,
        17.5,
        14.5
      ],
      "faces": {
        "down": {
          "uv": [
            6,
            2,
            4,
            0
          ],
          "texture": "#texture"
        },
        "up": {
          "uv": [
            2,
            0,
            4,
            2
          ],
          "texture": "#texture"
        },
        "north": {
          "uv": [
            2,
            2,
            4,
            4.5
          ],
          "texture": "#texture"
        },
        "south": {
          "uv": [
            4,
            2,
            6,
            4.5
          ],
          "texture": "#texture"
        },
        "west": {
          "uv": [
            4,
            2,
            6,
            4.5
          ],
          "texture": "#texture"
        },
        "east": {
          "uv": [
            6,
            2,
            8,
            4.5
          ],
          "texture": "#texture"
        }
      }
    },
    {
      "__comment": "HatLip",
      "from": [
        0.5,
        12.5,
        -3
      ],
      "to": [
        15.5,
        13.5,
        0
      ],
      "faces": {
        "down": {
          "uv": [
            7,
            10,
            8,
            9
          ],
          "texture": "#referee skin"
        },
        "up": {
          "uv": [
            0,
            11.5,
            16,
            15
          ],
          "texture": "#stripes"
        },
        "north": {
          "uv": [
            6.5,
            12,
            7.5,
            12.5
          ],
          "texture": "#referee skin"
        },
        "west": {
          "uv": [
            6.5,
            12,
            7,
            12.5
          ],
          "texture": "#referee skin"
        },
        "east": {
          "uv": [
            7.5,
            12,
            7,
            12.5
          ],
          "texture": "#referee skin"
        }
      }
    },
    {
      "__comment": "HatBase",
      "from": [
        0.5,
        12.5,
        0
      ],
      "to": [
        15.5,
        18,
        15
      ],
      "faces": {
        "down": {
          "uv": [
            5.5,
            9,
            6.5,
            8
          ],
          "texture": "#stripes"
        },
        "up": {
          "uv": [
            0,
            11.5,
            16,
            15
          ],
          "texture": "#stripes"
        },
        "north": {
          "uv": [
            0,
            0,
            16,
            6.5
          ],
          "texture": "#stripes"
        },
        "south": {
          "uv": [
            0,
            11,
            16,
            16
          ],
          "texture": "#stripes"
        },
        "west": {
          "uv": [
            0,
            12,
            16,
            16
          ],
          "texture": "#white_stripes"
        },
        "east": {
          "uv": [
            0,
            0,
            16,
            16
          ],
          "texture": "#black_stripes"
        }
      }
    }
  ]
}