{

  "Botmun.crystal": {

    "category": "master",

    "stream": true,

    "sounds": [

      "Botmun/crystal",

      "Botmun/crystalB",

      "Botmun/crystalC",

      "Botmun/crystalD"

    ]
  },

  "Botmun.pain": {

    "category": "master",

    "sounds": [

      "Botmun/pain1",

      "Botmun/pain2",

      "Botmun/pain3",

      "Botmun/pain4",

      "Botmun/pain5"

    ]
  },

  "Botmun.select": {

    "category": "master",

    "sounds": [

      "Botmun/select",

      "Botmun/selectB",

      "Botmun/selectC"
    ]
  },

  "Botmun.smashed": {

    "category": "master",

    "sounds": [

      "Botmun/smashed",

      "Botmun/smashedB",

      "Botmun/smashedC",

      "Botmun/smashedD"

    ]
  },

  "Botmun.taunt": {

    "category": "master",

    "sounds": [

      "Botmun/taunt",

      "Botmun/tauntB",

      "Botmun/tauntC"

    ]
  },

  "Bulk.active": {

    "category": "master",

    "sounds": [
      "Bulk/active"

    ]
  },

  "Bulk.car.impact": {

    "category": "master",

    "sounds": [

      "Bulk/car_impact"

    ]
  },

  "Bulk.charge": {

    "category": "master",

    "sounds": [

      "Bulk/charge"

    ]
  },

  "Bulk.crystal": {

    "category": "master",

    "stream": true,

    "sounds": [

      "Bulk/crystal"
    ]
  },

  "Bulk.pain": {

    "category": "master",

    "sounds": [

      "Bulk/pain1",

      "Bulk/pain2"

    ]
  },

  "Bulk.passive": {

    "category": "master",

    "sounds": [

      "Bulk/passive"

    ]
  },

  "Bulk.select": {

    "category": "master",

    "sounds": [

      "Bulk/select"
    ]
  },

  "Bulk.smashed": {

    "category": "master",

    "sounds": [

      "Bulk/smashed"

    ]
  },

  "Bulk.taunt": {

    "category": "master",

    "sounds": [

      "Bulk/taunt"

    ]
  },

  "CakeMonster.crystal": {

    "category": "master",

    "stream": true,

    "sounds": [

      "CakeMonster/crystal"

    ]
  },

  "CakeMonster.defecake.activation": {

    "category": "master",

    "sounds": [

      "CakeMonster/defecake_activation"

    ]
  },

  "CakeMonster.pain": {

    "category": "master",

    "sounds": [

      "CakeMonster/pain1",

      "CakeMonster/pain2"

    ]
  },

  "CakeMonster.reguricake.activation": {

    "category": "master",

    "sounds": [

      "CakeMonster/reguricake_activation"

    ]
  },

  "CakeMonster.select": {

    "category": "master",

    "sounds": [

      "CakeMonster/select"
    ]
  },

  "CakeMonster.smashed": {

    "category": "master",

    "sounds": [

      "CakeMonster/smashed"

    ]
  },

  "CakeMonster.taunt": {

    "category": "master",

    "sounds": [

      "CakeMonster/taunt"

    ]
  },

  "DuskCrawler.crystal": {
    "category": "master",

    "stream": true,

    "sounds": [

      "DuskCrawler/crystal"
    ]
  },

  "DuskCrawler.pain": {

    "category": "master",

    "sounds": [

      "DuskCrawler/pain1",

      "DuskCrawler/pain2"

    ]
  },

  "DuskCrawler.select": {

    "category": "master",

    "sounds": [

      "DuskCrawler/select"

    ]
  },

  "DuskCrawler.smashed": {

    "category": "master",

    "sounds": [

      "DuskCrawler/smashed"

    ]
  },

  "DuskCrawler.taunt": {

    "category": "master",

    "sounds": [

      "DuskCrawler/taunt"

    ]
  },

  "FrostMage.crystal": {

    "category": "master",

    "stream": true,

    "sounds": [

      "FrostMage/crystal"

    ]
  },

  "FrostMage.freezingbreath.activation": {

    "category": "master",

    "sounds": [

      "FrostMage/freezingbreath_activation"

    ]
  },

  "FrostMage.frostbolt.activation": {

    "category": "master",

    "sounds": [

      "FrostMage/frostbolt_activation"

    ]
  },

  "FrostMage.frostbolt.impact": {

    "category": "master",

    "sounds": [

      "FrostMage/frostbolt_impact"

    ]
  },

  "FrostMage.icebarrier.activation": {

    "category": "master",

    "sounds": [

      "FrostMage/icebarrier_activation"

    ]
  },

  "FrostMage.pain": {

    "category": "master",

    "sounds": [

      "FrostMage/pain1",

      "FrostMage/pain2"

    ]
  },

  "FrostMage.select": {

    "category": "master",

    "sounds": [

      "FrostMage/select"
    ]
  },

  "FrostMage.smashed": {

    "category": "master",

    "sounds": [

      "FrostMage/smashed"

    ]
  },

  "FrostMage.taunt": {

    "category": "master",

    "sounds": [

      "FrostMage/taunt"

    ]
  },

  "GeneralCluck.bazookafire": {

    "category": "master",

    "sounds": [

      "GeneralCluck/bazookafire"

    ]
  },

  "GeneralCluck.crystal": {

    "category": "master",

    "stream": true,

    "sounds": [

      "GeneralCluck/crystal"

    ]
  },

  "GeneralCluck.pain": {

    "category": "master",

    "sounds": [

      "GeneralCluck/pain1",

      "GeneralCluck/pain2"

    ]
  },

  "GeneralCluck.select": {

    "category": "master",

    "sounds": [

      "GeneralCluck/select"
    ]
  },

  "GeneralCluck.smashed": {

    "category": "master",

    "sounds": [

      "GeneralCluck/smashed"

    ]
  },

  "GeneralCluck.taunt": {

    "category": "master",

    "sounds": [

      "GeneralCluck/taunt"

    ]
  },

  "Goku.crystal": {

    "category": "master",

    "stream": true,

    "sounds": [

      "Goku/crystal"

    ]
  },

  "Goku.kiblast": {

    "category": "master",

    "sounds": [

      "Goku/kiblast"

    ]
  },
  "Goku.pain": {

    "category": "master",

    "sounds": [

      "Goku/pain1",

      "Goku/pain2"

    ]
  },

  "Goku.select": {

    "category": "master",

    "sounds": [

      "Goku/select"
    ]
  },

  "Goku.smashed": {

    "category": "master",

    "sounds": [

      "Goku/smashed"

    ]
  },

  "Goku.taunt": {

    "category": "master",

    "sounds": [

      "Goku/taunt"

    ]
  },

  "Goku.teleport": {

    "category": "master",

    "sounds": [

      "Goku/teleport"

    ]
  },

  "GreenHood.crystal": {

    "category": "master",

    "stream": true,

    "sounds": [

      "GreenHood/crystal"
    ]
  },

  "GreenHood.pain": {

    "category": "master",

    "sounds": [

      "GreenHood/pain1",

      "GreenHood/pain2"

    ]
  },

  "GreenHood.select": {

    "category": "master",

    "sounds": [

      "GreenHood/select"
    ]
  },

  "GreenHood.smashed": {

    "category": "master",

    "sounds": [

      "GreenHood/smashed"

    ]
  },

  "GreenHood.taunt": {

    "category": "master",

    "sounds": [

      "GreenHood/taunt"

    ]
  },

  "Jestress.active": {

    "category": "master",

    "sounds": [

      "Jestress/active"

    ]
  },

  "Jestress.crystal": {

    "category": "master",

    "stream": true,

    "sounds": [

      "Jestress/crystal"

    ]
  },

  "Jestress.pain": {

    "category": "master",

    "sounds": [

      "Jestress/pain1",

      "Jestress/pain2"

    ]
  },

  "Jestress.pitch": {

    "category": "master",

    "sounds": [

      "Jestress/pitch1"

    ]
  },

  "Jestress.select": {

    "category": "master",

    "stream": true,

    "sounds": [

      "Jestress/select"

    ]
  },

  "Jestress.smashed": {

    "category": "master",

    "sounds": [

      "Jestress/smashed"

    ]
  },

  "Jestress.taunt": {

    "category": "master",

    "sounds": [

      "Jestress/taunt"

    ]
  },

  "Marauder.forcejump": {

    "category": "master",

    "sounds": [

      "Marauder/forcejump"

    ]
  },

  "Marauder.forcelightning.activation": {

    "category": "master",

    "sounds": [

      "Marauder/forcelightning_activation"

    ]
  },

  "Marauder.forcelightning.impact": {

    "category": "master",

    "sounds": [

      "Marauder/forcelightning_impact1",

      "Marauder/forcelightning_impact2",

      "Marauder/forcelightning_impact3"

    ]
  },

  "Marauder.forceunleashed": {

    "category": "master",

    "stream": true,

    "sounds": [

      "Marauder/forceunleashed"
    ]
  },

  "Marauder.grip.activation": {

    "category": "master",

    "sounds": [

      "Marauder/grip_activation"

    ]
  },

  "Marauder.grip.impactA": {

    "category": "master",

    "sounds": [

      "Marauder/grip_impactA"

    ]
  },

  "Marauder.grip.impactB": {

    "category": "master",

    "sounds": [

      "Marauder/grip_impactB"

    ]
  },

  "Marauder.pain": {

    "category": "master",

    "sounds": [

      "Marauder/pain1",

      "Marauder/pain2"

    ]
  },

  "Marauder.select": {

    "category": "master",

    "sounds": [

      "Marauder/select"
    ]
  },

  "Marauder.smashed": {

    "category": "master",

    "sounds": [

      "Marauder/smashed"

    ]
  },

  "Marauder.taunt": {

    "category": "master",

    "sounds": [

      "Marauder/taunt"

    ]
  },

  "MrMonster.active": {

    "category": "master",

    "sounds": [

      "MrMonster/active1",

      "MrMonster/active2"

    ]
  },

  "MrMonster.crystal": {

    "category": "master",

    "stream": true,

    "sounds": [

      "MrMonster/crystal"

    ]
  },

  "MrMonster.pain": {

    "category": "master",

    "sounds": [

      "MrMonster/pain1",

      "MrMonster/pain2"

    ]
  },

  "MrMonster.select": {

    "category": "master",

    "sounds": [

      "MrMonster/select"
    ]
  },

  "MrMonster.smashed": {

    "category": "master",

    "sounds": [

      "MrMonster/smashed"

    ]
  },

  "MrMonster.taunt": {

    "category": "master",

    "sounds": [

      "MrMonster/taunt"

    ]
  },

  "Pug.intruders.activation": {

    "category": "master",

    "stream": true,

    "sounds": [

      "Pug/intruders_activation"

    ]
  },

  "ShoopDaWhoop.active": {

    "category": "master",

    "sounds": [

      "ShoopDaWhoop/active"

    ]
  },

  "ShoopDaWhoop.chargedbeam.big": {

    "category": "master",

    "sounds": [

      "ShoopDaWhoop/chargedbeam_big",

      "ShoopDaWhoop/chargedbeam_big2",

      "ShoopDaWhoop/chargedbeam_big3"

    ]
  },

  "ShoopDaWhoop.chargedbeam.small": {

    "category": "master",

    "sounds": [

      "ShoopDaWhoop/chargedbeam_small",

      "ShoopDaWhoop/chargedbeam_small2",

      "ShoopDaWhoop/chargedbeam_small3"

    ]
  },

  "ShoopDaWhoop.crystal": {

    "category": "master",

    "stream": true,

    "sounds": [

      "ShoopDaWhoop/crystal",

      "ShoopDaWhoop/crystalB"

    ]
  },

  "ShoopDaWhoop.pain": {

    "category": "master",

    "sounds": [

      "ShoopDaWhoop/pain1",

      "ShoopDaWhoop/pain2"

    ]
  },

  "ShoopDaWhoop.select": {

    "category": "master",

    "sounds": [

      "ShoopDaWhoop/select"
    ]
  },

  "ShoopDaWhoop.smashed": {

    "category": "master",

    "sounds": [
      "ShoopDaWhoop/smashed"

    ]
  },

  "ShoopDaWhoop.taunt": {

    "category": "master",

    "sounds": [

      "ShoopDaWhoop/taunt"

    ]
  },

  "Skullfire.crystal": {

    "category": "master",

    "stream": true,

    "sounds": [

      "Skullfire/crystal"
    ]
  },

  "Skullfire.explodegrenade": {

    "category": "master",

    "sounds": [

      "Skullfire/explodegrenade"

    ]
  },

  "Skullfire.grenadethrow": {

    "category": "master",

    "sounds": [

      "Skullfire/grenadethrow"

    ]
  },

  "Skullfire.magnumshot": {

    "category": "master",

    "sounds": [
      "Skullfire/magnumshot01"

    ]
  },

  "Skullfire.pain": {

    "category": "master",

    "sounds": [

      "Skullfire/pain1",

      "Skullfire/pain2"

    ]
  },

  "Skullfire.select": {

    "category": "master",

    "sounds": [

      "Skullfire/select"
    ]
  },

  "Skullfire.smashed": {

    "category": "master",

    "sounds": [

      "Skullfire/smashed"

    ]
  },

  "Skullfire.taunt": {

    "category": "master",

    "sounds": [

      "Skullfire/taunt"

    ]
  },

  "SmashCrystal.SmashCrystalSpawn": {

    "category": "master",

    "sounds": [

      "SmashCrystal/SmashCrystalSpawn"
    ]
  },

  "SmashCrystal.notready": {

    "category": "master",

    "sounds": [

      "SmashCrystal/notready"

    ]
  },

  "Spooderman.crystal": {

    "category": "master",

    "stream": true,

    "sounds": [

      "Spooderman/crystal",

      "Spooderman/crystalB",

      "Spooderman/crystalC"

    ]
  },

  "Spooderman.pain": {

    "category": "master",

    "sounds": [

      "Spooderman/pain1",

      "Spooderman/pain2",

      "Spooderman/pain3",

      "Spooderman/pain4",

      "Spooderman/pain5"

    ]
  },

  "Spooderman.select": {

    "category": "master",

    "sounds": [

      "Spooderman/select",

      "Spooderman/selectB"
    ]
  },

  "Spooderman.smashed": {

    "category": "master",

    "sounds": [

      "Spooderman/smashed"

    ]
  },

  "Spooderman.taunt": {

    "category": "master",

    "sounds": [

      "Spooderman/taunt",

      "Spooderman/tauntB",

      "Spooderman/tauntC"

    ]
  },

  "Tinman.active": {

    "category": "master",

    "sounds": [

      "Tinman/active"

    ]
  },

  "Tinman.blastershot": {

    "category": "master",

    "sounds": [

      "Tinman/blastershot1"
    ]
  },

  "Tinman.crystal": {

    "category": "master",

    "stream": true,

    "sounds": [

      "Tinman/crystal"

    ]
  },

  "Tinman.pain": {

    "category": "master",

    "sounds": [

      "Tinman/pain1",

      "Tinman/pain2"

    ]
  },

  "Tinman.passive": {

    "category": "master",

    "sounds": [

      "Tinman/passive"

    ]
  },

  "Tinman.select": {

    "category": "master",

    "sounds": [

      "Tinman/select"
    ]
  },

  "Tinman.smashed": {

    "category": "master",

    "sounds": [

      "Tinman/smashed"

    ]
  },

  "Tinman.taunt": {

    "category": "master",

    "sounds": [

      "Tinman/taunt"

    ]
  },

  "announcer.joingame": {

    "category": "master",

    "sounds": [

      "announcer/joingame1",

      "announcer/joingame1",

      "announcer/joingame1",

      "announcer/joingame1",

      "announcer/joingame2",

      "announcer/joingame2",

      "announcer/joingame2",

      "announcer/joingame2",

      "announcer/joingame3",

      "announcer/joingame3",

      "announcer/joingame3",

      "announcer/joingame3",

      "announcer/joingame4",

      "announcer/joingame4",

      "announcer/joingame4",

      "announcer/joingame4"

    ]
  },

  "announcer.select": {

    "category": "master",

    "sounds": [

      "announcer/select1",

      "announcer/select2",

      "announcer/select3",

      "announcer/select4",

      "announcer/select5",

      "announcer/select6",

      "announcer/select7",

      "announcer/select8",

      "announcer/select9"

    ]
  },

  "announcer.startgame": {

    "category": "master",

    "sounds": [
      "announcer/startgame1",

      "announcer/startgame1",

      "announcer/startgame1",

      "announcer/startgame2",

      "announcer/startgame2",

      "announcer/startgame2",

      "announcer/startgame3",

      "announcer/startgame3",
 
      "announcer/startgame3",

      "announcer/startgameCluck"
    ]
  },

  "melee.explosion": {

    "category": "master",

    "sounds": [

      "melee/explosion1",

      "melee/explosion2"

    ]
  },

  "melee.marauder.meleehit": {

    "category": "master",

    "sounds": [

      "melee/marauder_meleehit1",

      "melee/marauder_meleehit2"

    ]
  },

  "melee.marauder.meleemiss": {

    "category": "master",

    "sounds": [

      "melee/marauder_meleemiss1",

      "melee/marauder_meleemiss2",

      "melee/marauder_meleemiss3"

    ]
  },

  "melee.pistolwhip": {

    "category": "master",

    "sounds": [

      "melee/pistolwhip"

    ]
  },

  "melee.punch.meleehit": {

    "category": "master",

    "sounds": [

      "melee/punch_meleehit1",

      "melee/punch_meleehit2"

    ]
  },

  "melee.punch.meleemiss": {

    "category": "master",

    "sounds": [

      "melee/punch_meleemiss1",

      "melee/punch_meleemiss2"

    ]
  },

  "melee.reload": {

    "category": "master",

    "sounds": [

      "melee/reload"

    ]
  },

  "melee.resupply": {

    "category": "master",

    "sounds": [

      "melee/resupply"

    ]
  },

  "melee.sword.meleehit": {

    "category": "master",

    "sounds": [

      "melee/sword_meleehit1"

    ]
  },

  "melee.sword.meleemiss": {

    "category": "master",

    "sounds": [

      "melee/sword_meleemiss1"

    ]
  },

  "Dogsong":  {

    "category": "master",

    "sounds": [

      "Pug/smash3"

    ]
  },

  "DunkedOn": {

    "category": "master",

    "sounds": [

      "Pug/smash1"

    ]
  },

  "Rickroll": {

    "category": "master",

    "sounds": [

      "Pug/smash2"

    ]
  },

  "mob.wolf.bark": {

    "category": "master",

    "replace":  true,

    "sounds": [

      "Pug/select",

      "Pug/select2",

      "Pug/select3"

    ]
  },

  "mob.wolf.growl": {

    "category": "master",

    "replace":  true,

    "sounds": [

      "Pug/growl1",

      "Pug/growl2",

      "Pug/growl3"

    ]
  },
  "Pug.select": {

    "category": "master",

    "sounds": [

      "Pug/select",

      "Pug/select2",

      "Pug/select3"

    ]
  },

  "mob.wolf.hurt": {

    "category": "master",

    "replace": true,

    "sounds": [

      "Pug/pain1",

      "Pug/pain2",

      "Pug/pain3"
    ]
  },

  "Pug.pain": {

    "category": "master",

    "sounds": [

      "Pug/pain1",

      "Pug/pain2",

      "Pug/pain3",

      "Pug/pain4"

    ]
  },

  "mob.wolf.howl": {

    "category": "master",

    "replace": true,

    "sounds": [

      "Pug/smashed",

      "Pug/smashed2"

    ]
  },

  "Pug.smashed": {

    "category": "master",

    "sounds": [

      "Pug/smashed",

      "Pug/smashed2"

    ]
  },

  "Pug.crystal": {

    "category": "master",

    "sounds": [

      "Pug/intruders_activation"
    ]
  },

  "Sanic.crystal": {

    "category": "master",

    "stream": true,

    "sounds": [

      "Sanic/crystal",

      "Sanic/crystal2",

      "Sanic/crystal3",

      "Sanic/crystal4"

    ]
  },

  "Sanic.pain": {

    "category": "master",

    "sounds": [

      "Sanic/pain1",

      "Sanic/pain2",

      "Sanic/pain3",

      "Sanic/pain4",

      "Sanic/pain5",

      "Sanic/pain6",

      "Sanic/pain7",

      "Sanic/pain8",

      "Sanic/pain9"

    ]
  },

  "Sanic.select": {

    "category": "master",

    "sounds": [

      "Sanic/select",

      "Sanic/select2",

      "Sanic/select3"

    ]
  },

  "Sanic.smashed": {

    "category": "master",

    "sounds": [

      "Sanic/smashed",

      "Sanic/smashed2",

      "Sanic/smashed3",

      "Sanic/smashed4"

    ]
  },

  "Sanic.taunt": {

    "category": "master",

    "sounds": [

      "Sanic/taunt",

      "Sanic/taunt2",

      "Sanic/taunt3"

    ]
  },

  "Sanic.theme": {

    "category": "master",

    "sounds": [

      "Sanic/theme"

    ]
  },

  "Sanic.munch": {

    "category": "master",

    "sounds": [

      "Sanic/munch",

      "Sanic/munch2"

    ]
  },

  "Sanic.sizzle": {

    "category": "master",

    "sounds": [

      "Sanic/sizzle"

    ]
  },

  "SgtShield.crystal": {

    "category": "master",

    "stream": true,

    "sounds": [
      "SgtShield/crystal"

    ]
  },

  "SgtShield.pain": {

    "category": "master",

    "sounds": [

      "SgtShield/pain1",

      "SgtShield/pain2"

    ]
  },

  "SgtShield.reflect": {

    "category": "master",

    "sounds": [

      "SgtShield/reflect"

    ]
  },

  "SgtShield.select": {

    "category": "master",

    "sounds": [

      "SgtShield/select"
    ]
  },

  "SgtShield.smashed": {

    "category": "master",

    "sounds": [

      "SgtShield/smashed"

    ]
  },

  "SgtShield.taunt": {

    "category": "master",

    "sounds": [

      "SgtShield/taunt"
    ]
  },

  "announcer.crystaldamage": {

    "category": "master",

    "sounds": [

      "announcer/crystaldamage1",

      "announcer/crystaldamage2",

      "announcer/crystaldamage3",

      "announcer/crystaldamage4"

      ]
  },

  "announcer.maxknockback": {

    "category": "master",

    "sounds": [

      "announcer/maxknockback1",

      "announcer/maxknockback2",

      "announcer/maxknockback3",

      "announcer/maxknockback4",

      "announcer/maxknockback5"

      ]
  },

  "announcer.smashed": {

    "category": "master",

    "sounds": [

      "announcer/smashed1",

      "announcer/smashed2",

      "announcer/smashed3",

      "announcer/smashed4"

      ]
  },

  "music.game": {

    "category": "music",

    "stream": true,

    "replace":  true,

    "sounds": [

      "Music/Current/Aether",

      "Music/Current/Necro",

      "Music/Current/Legend"

      ]
  },

  "music.game.creative":  {

    "category": "music",

    "replace":  true,

    "sounds": [

      "Music/NOTHING."

      ]
  }
,

  "Vanoom.select":  {

    "category": "master",

    "sounds": [

      "=)/Master Skin Sounds/Vanoom/select",

      "=)/Master Skin Sounds/Vanoom/selectB",

      "=)/Master Skin Sounds/Vanoom/selectC",

      "=)/Master Skin Sounds/Vanoom/selectD",

      "=)/Master Skin Sounds/Vanoom/selectE"

      ]
  },

  "Vanoom.crystal": {

    "category": "master",

    "stream": true,

    "sounds": [

      "=)/Master Skin Sounds/Vanoom/crystal",

      "=)/Master Skin Sounds/Vanoom/crystalB",

      "=)/Master Skin Sounds/Vanoom/crystalC",

      "=)/Master Skin Sounds/Vanoom/crystalD",

      "=)/Master Skin Sounds/Vanoom/crystalE"

      ]
  },

  "Vanoom.pain": {

    "category": "master",

    "sounds": [

      "=)/Master Skin Sounds/Vanoom/pain1",

      "=)/Master Skin Sounds/Vanoom/pain2",

      "=)/Master Skin Sounds/Vanoom/pain3",

      "=)/Master Skin Sounds/Vanoom/pain4",

      "=)/Master Skin Sounds/Vanoom/pain5",

      "=)/Master Skin Sounds/Vanoom/pain6",

      "=)/Master Skin Sounds/Vanoom/pain7",

      "=)/Master Skin Sounds/Vanoom/pain8",

      "=)/Master Skin Sounds/Vanoom/pain9"

      ]
  },

  "Vanoom.smashed": {

    "category": "master",

    "sounds": [

      "=)/Master Skin Sounds/Vanoom/smashed",

      "=)/Master Skin Sounds/Vanoom/smashedB",

      "=)/Master Skin Sounds/Vanoom/smashedC",

      "=)/Master Skin Sounds/Vanoom/smashedD",

      "=)/Master Skin Sounds/Vanoom/smashedE"

      ]
  },
  "Vanoom.taunt": {

    "category": "master",

    "sounds": [

      "=)/Master Skin Sounds/Vanoom/smashed",

      "=)/Master Skin Sounds/Vanoom/smashedB",

      "=)/Master Skin Sounds/Vanoom/smashedC",

      "=)/Master Skin Sounds/Vanoom/smashedD",

      "=)/Master Skin Sounds/Vanoom/smashedE"

      ]
  },

  "Rooban.select":  {
    "category": "master",
    "sounds": [
      "Rooban/select",
      "Rooban/selectB",
      "Rooban/selectC",
      "Rooban/selectD",
      "Rooban/selectE"
      ]
  },
  "Rooban.crystal": {
    "category": "master",
    "stream": true,
    "sounds": [
      "Rooban/crystal",
      "Rooban/crystalB",
      "Rooban/crystalC",
      "Rooban/crystalD",
      "Rooban/crystalE"
      ]
  },
  "Rooban.pain": {
    "category": "master",
    "sounds": [
      "Rooban/pain1",
      "Rooban/pain2",
      "Rooban/pain3",
      "Rooban/pain4",
      "Rooban/pain5",
      "Rooban/pain6",
      "Rooban/pain7",
      "Rooban/pain8",
      "Rooban/pain9"
      ]
  },
  "Rooban.smashed": {
    "category": "master",
    "sounds": [
      "Rooban/smashed",
      "Rooban/smashedB",
      "Rooban/smashedC",
      "Rooban/smashedD",
      "Rooban/smashedE"
      ]
  },
  "Rooban.taunt": {
    "category": "master",
    "sounds": [
      "Rooban/taunt",
      "Rooban/tauntB",
      "Rooban/tauntC",
      "Rooban/tauntD",
      "Rooban/tauntE"
      ]
  },
  "Sherderr.select":  {
    "category": "master",
    "sounds": [
      "Sherderr/select",
      "Sherderr/selectB",
      "Sherderr/selectC",
      "Sherderr/selectD",
      "Sherderr/selectE"
      ]
  },
  "Sherderr.crystal": {
    "category": "master",
    "stream": true,
    "sounds": [
      "Sherderr/crystal",
      "Sherderr/crystalB",
      "Sherderr/crystalC",
      "Sherderr/crystalD",
      "Sherderr/crystalE"
      ]
  },
  "Sherderr.pain": {
    "category": "master",
    "sounds": [
      "Sherderr/pain1",
      "Sherderr/pain2",
      "Sherderr/pain3",
      "Sherderr/pain4",
      "Sherderr/pain5",
      "Sherderr/pain6",
      "Sherderr/pain7",
      "Sherderr/pain8",
      "Sherderr/pain9"
      ]
  },
  "Sherderr.smashed": {
    "category": "master",
    "sounds": [
      "Sherderr/smashed",
      "Sherderr/smashedB",
      "Sherderr/smashedC",
      "Sherderr/smashedD",
      "Sherderr/smashedE"
      ]
  },
  "Sherderr.taunt": {
    "category": "master",
    "sounds": [
      "Sherderr/taunt",
      "Sherderr/tauntB",
      "Sherderr/tauntC",
      "Sherderr/tauntD",
      "Sherderr/tauntE"
      ]
  },
  "Sherderr.munch": {
    "category": "master",
    "sounds": [
      "Sherderr/munch"
      ]
  },
  "Sherderr.sizzle": {
    "category": "master",
    "sounds": [
      "Sherderr/sizzle"
      ]
  },
  "Sherderr.theme": {
    "category": "master",
    "sounds": [
      "Sherderr/theme"
      ]
  }

}