{
  "CakeMonster.crystal": {
    "category": "master",
    "sounds": [
      "CakeMonster/crystal"
    ]
  },
  "CakeMonster.defecake.activation": {
    "category": "master",
    "sounds": [
      "CakeMonster/defecake_activation"
    ]
  },
  "CakeMonster.pain": {
    "category": "master",
    "sounds": [
      "CakeMonster/pain1",
      "CakeMonster/pain2"
    ]
  },
  "CakeMonster.reguricake.activation": {
    "category": "master",
    "sounds": [
      "CakeMonster/reguricake_activation"
    ]
  },
  "CakeMonster.select": {
    "category": "master",
    "sounds": [
      "CakeMonster/select"
    ]
  },
  "CakeMonster.smashed": {
    "category": "master",
    "sounds": [
      "CakeMonster/smashed"
    ]
  },
  "CakeMonster.taunt": {
    "category": "master",
    "sounds": [
      "CakeMonster/taunt"
    ]
  },
  "ChefMonster.crystal": {
    "category": "master",
    "sounds": [
      "ChefMonster/crystal"
    ]
  },
  "ChefMonster.defecake.activation": {
    "category": "master",
    "sounds": [
      "ChefMonster/defecake_activation"
    ]
  },
  "ChefMonster.pain": {
    "category": "master",
    "sounds": [
      "ChefMonster/pain1",
      "ChefMonster/pain2"
    ]
  },
  "ChefMonster.reguricake.activation": {
    "category": "master",
    "sounds": [
      "ChefMonster/reguricake_activation"
    ]
  },
  "ChefMonster.select": {
    "category": "master",
    "sounds": [
      "ChefMonster/select"
    ]
  },
  "ChefMonster.smashed": {
    "category": "master",
    "sounds": [
      "ChefMonster/smashed"
    ]
  },
  "ChefMonster.taunt": {
    "category": "master",
    "sounds": [
      "ChefMonster/taunt"
    ]
  }
}