{
"__comment": "Designed by Bamatois with BDcraft Cubik PRO 0.93 Beta - http://bdcraft.net",
"textures": {
    "particle": "items/yellow_snow",
    "texture": "items/yellow_snow"
},
"elements": [ 
{
    "from": [ 6, 13.5, 6.5 ],
    "to": [ 9, 14, 9.5 ],
    "faces": {
        "down":  { "uv": [ 10, 9.5, 7, 6.5 ], "texture": "#texture" },
        "up":    { "uv": [ 6, 6.5, 9, 9.5 ], "texture": "#texture" },
        "north": { "uv": [ 6.5, 2, 9.5, 2.5 ], "texture": "#texture" },
        "south": { "uv": [ 6.5, 2, 9.5, 2.5 ], "texture": "#texture" },
        "west":  { "uv": [ 6.5, 2, 9.5, 2.5 ], "texture": "#texture" },
        "east":  { "uv": [ 6.5, 2, 9.5, 2.5 ], "texture": "#texture" }
    }
},
{
    "from": [ 6, 2, 6.5 ],
    "to": [ 9, 2.5, 9.5 ],
    "faces": {
        "down":  { "uv": [ 10, 9.5, 7, 6.5 ], "texture": "#texture" },
        "up":    { "uv": [ 6, 6.5, 9, 9.5 ], "texture": "#texture" },
        "north": { "uv": [ 6.5, 13.5, 9.5, 14 ], "texture": "#texture" },
        "south": { "uv": [ 6.5, 13.5, 9.5, 14 ], "texture": "#texture" },
        "west":  { "uv": [ 6.5, 13.5, 9.5, 14 ], "texture": "#texture" },
        "east":  { "uv": [ 6.5, 13.5, 9.5, 14 ], "texture": "#texture" }
    }
},
{
    "from": [ 6, 2.5, 5.5 ],
    "to": [ 9, 3, 6.5 ],
    "faces": {
        "down":  { "uv": [ 10, 6.5, 7, 5.5 ], "texture": "#texture" },
        "up":    { "uv": [ 6, 5.5, 9, 6.5 ], "texture": "#texture" },
        "north": { "uv": [ 7, 13, 10, 13.5 ], "texture": "#texture" },
        "south": { "uv": [ 6, 13, 9, 13.5 ], "texture": "#texture" },
        "west":  { "uv": [ 5.5, 13, 6.5, 13.5 ], "texture": "#texture" },
        "east":  { "uv": [ 9.5, 13, 10.5, 13.5 ], "texture": "#texture" }
    }
},
{
    "from": [ 6, 2.5, 9.5 ],
    "to": [ 9, 3, 10.5 ],
    "faces": {
        "down":  { "uv": [ 10, 10.5, 7, 9.5 ], "texture": "#texture" },
        "up":    { "uv": [ 6, 9.5, 9, 10.5 ], "texture": "#texture" },
        "north": { "uv": [ 7, 13, 10, 13.5 ], "texture": "#texture" },
        "south": { "uv": [ 6, 13, 9, 13.5 ], "texture": "#texture" },
        "west":  { "uv": [ 9.5, 13, 10.5, 13.5 ], "texture": "#texture" },
        "east":  { "uv": [ 5.5, 13, 6.5, 13.5 ], "texture": "#texture" }
    }
},
{
    "from": [ 6, 3, 10.5 ],
    "to": [ 9, 3.5, 11.5 ],
    "faces": {
        "down":  { "uv": [ 10, 11.5, 7, 10.5 ], "texture": "#texture" },
        "up":    { "uv": [ 6, 10.5, 9, 11.5 ], "texture": "#texture" },
        "north": { "uv": [ 7, 12.5, 10, 13 ], "texture": "#texture" },
        "south": { "uv": [ 6, 12.5, 9, 13 ], "texture": "#texture" },
        "west":  { "uv": [ 10.5, 12.5, 11.5, 13 ], "texture": "#texture" },
        "east":  { "uv": [ 4.5, 12.5, 5.5, 13 ], "texture": "#texture" }
    }
},
{
    "from": [ 6, 3.5, 11.5 ],
    "to": [ 9, 4, 12 ],
    "faces": {
        "down":  { "uv": [ 10, 12, 7, 11.5 ], "texture": "#texture" },
        "up":    { "uv": [ 6, 11.5, 9, 12 ], "texture": "#texture" },
        "north": { "uv": [ 7, 12, 10, 12.5 ], "texture": "#texture" },
        "south": { "uv": [ 6, 12, 9, 12.5 ], "texture": "#texture" },
        "west":  { "uv": [ 11.5, 12, 12, 12.5 ], "texture": "#texture" },
        "east":  { "uv": [ 4, 12, 4.5, 12.5 ], "texture": "#texture" }
    }
},
{
    "from": [ 6, 4, 12 ],
    "to": [ 9, 4.5, 12.5 ],
    "faces": {
        "down":  { "uv": [ 10, 12.5, 7, 12 ], "texture": "#texture" },
        "up":    { "uv": [ 6, 12, 9, 12.5 ], "texture": "#texture" },
        "north": { "uv": [ 7, 11.5, 10, 12 ], "texture": "#texture" },
        "south": { "uv": [ 6, 11.5, 9, 12 ], "texture": "#texture" },
        "west":  { "uv": [ 12, 11.5, 12.5, 12 ], "texture": "#texture" },
        "east":  { "uv": [ 3.5, 11.5, 4, 12 ], "texture": "#texture" }
    }
},
{
    "from": [ 6, 4.5, 12.5 ],
    "to": [ 9, 5.5, 13 ],
    "faces": {
        "down":  { "uv": [ 10, 13, 7, 12.5 ], "texture": "#texture" },
        "up":    { "uv": [ 6, 12.5, 9, 13 ], "texture": "#texture" },
        "north": { "uv": [ 7, 10.5, 10, 11.5 ], "texture": "#texture" },
        "south": { "uv": [ 6, 10.5, 9, 11.5 ], "texture": "#texture" },
        "west":  { "uv": [ 12.5, 10.5, 13, 11.5 ], "texture": "#texture" },
        "east":  { "uv": [ 3, 10.5, 3.5, 11.5 ], "texture": "#texture" }
    }
},
{
    "from": [ 6, 5.5, 13 ],
    "to": [ 9, 6.5, 13.5 ],
    "faces": {
        "down":  { "uv": [ 10, 13.5, 7, 13 ], "texture": "#texture" },
        "up":    { "uv": [ 6, 13, 9, 13.5 ], "texture": "#texture" },
        "north": { "uv": [ 7, 9.5, 10, 10.5 ], "texture": "#texture" },
        "south": { "uv": [ 6, 9.5, 9, 10.5 ], "texture": "#texture" },
        "west":  { "uv": [ 13, 9.5, 13.5, 10.5 ], "texture": "#texture" },
        "east":  { "uv": [ 2.5, 9.5, 3, 10.5 ], "texture": "#texture" }
    }
},
{
    "from": [ 6, 6.5, 13.5 ],
    "to": [ 9, 9.5, 14 ],
    "faces": {
        "down":  { "uv": [ 9.5, 14, 6.5, 13.5 ], "texture": "#texture" },
        "up":    { "uv": [ 6.5, 13.5, 9.5, 14 ], "texture": "#texture" },
        "north": { "uv": [ 7, 6.5, 10, 9.5 ], "texture": "#texture" },
        "south": { "uv": [ 6, 6.5, 9, 9.5 ], "texture": "#texture" },
        "west":  { "uv": [ 13.5, 6.5, 14, 9.5 ], "texture": "#texture" },
        "east":  { "uv": [ 2, 6.5, 2.5, 9.5 ], "texture": "#texture" }
    }
},
{
    "from": [ 6, 9.5, 13 ],
    "to": [ 9, 10.5, 13.5 ],
    "faces": {
        "down":  { "uv": [ 10, 13.5, 7, 13 ], "texture": "#texture" },
        "up":    { "uv": [ 6, 13, 9, 13.5 ], "texture": "#texture" },
        "north": { "uv": [ 7, 5.5, 10, 6.5 ], "texture": "#texture" },
        "south": { "uv": [ 6, 5.5, 9, 6.5 ], "texture": "#texture" },
        "west":  { "uv": [ 13, 5.5, 13.5, 6.5 ], "texture": "#texture" },
        "east":  { "uv": [ 2.5, 5.5, 3, 6.5 ], "texture": "#texture" }
    }
},
{
    "from": [ 6, 10.5, 12.5 ],
    "to": [ 9, 11.5, 13 ],
    "faces": {
        "down":  { "uv": [ 10, 13, 7, 12.5 ], "texture": "#texture" },
        "up":    { "uv": [ 6, 12.5, 9, 13 ], "texture": "#texture" },
        "north": { "uv": [ 7, 4.5, 10, 5.5 ], "texture": "#texture" },
        "south": { "uv": [ 6, 4.5, 9, 5.5 ], "texture": "#texture" },
        "west":  { "uv": [ 12.5, 4.5, 13, 5.5 ], "texture": "#texture" },
        "east":  { "uv": [ 3, 4.5, 3.5, 5.5 ], "texture": "#texture" }
    }
},
{
    "from": [ 6, 11.5, 12 ],
    "to": [ 9, 12, 12.5 ],
    "faces": {
        "down":  { "uv": [ 10, 12.5, 7, 12 ], "texture": "#texture" },
        "up":    { "uv": [ 6, 12, 9, 12.5 ], "texture": "#texture" },
        "north": { "uv": [ 7, 4, 10, 4.5 ], "texture": "#texture" },
        "south": { "uv": [ 6, 4, 9, 4.5 ], "texture": "#texture" },
        "west":  { "uv": [ 12, 4, 12.5, 4.5 ], "texture": "#texture" },
        "east":  { "uv": [ 3.5, 4, 4, 4.5 ], "texture": "#texture" }
    }
},
{
    "from": [ 6, 12, 11.5 ],
    "to": [ 9, 12.5, 12 ],
    "faces": {
        "down":  { "uv": [ 10, 12, 7, 11.5 ], "texture": "#texture" },
        "up":    { "uv": [ 6, 11.5, 9, 12 ], "texture": "#texture" },
        "north": { "uv": [ 7, 3.5, 10, 4 ], "texture": "#texture" },
        "south": { "uv": [ 6, 3.5, 9, 4 ], "texture": "#texture" },
        "west":  { "uv": [ 11.5, 3.5, 12, 4 ], "texture": "#texture" },
        "east":  { "uv": [ 4, 3.5, 4.5, 4 ], "texture": "#texture" }
    }
},
{
    "from": [ 6, 13, 9.5 ],
    "to": [ 9, 13.5, 10.5 ],
    "faces": {
        "down":  { "uv": [ 10, 10.5, 7, 9.5 ], "texture": "#texture" },
        "up":    { "uv": [ 6, 9.5, 9, 10.5 ], "texture": "#texture" },
        "north": { "uv": [ 7, 2.5, 10, 3 ], "texture": "#texture" },
        "south": { "uv": [ 6, 2.5, 9, 3 ], "texture": "#texture" },
        "west":  { "uv": [ 9.5, 2.5, 10.5, 3 ], "texture": "#texture" },
        "east":  { "uv": [ 5.5, 2.5, 6.5, 3 ], "texture": "#texture" }
    }
},
{
    "from": [ 6, 12.5, 10.5 ],
    "to": [ 9, 13, 11.5 ],
    "faces": {
        "down":  { "uv": [ 10, 11.5, 7, 10.5 ], "texture": "#texture" },
        "up":    { "uv": [ 6, 10.5, 9, 11.5 ], "texture": "#texture" },
        "north": { "uv": [ 7, 3, 10, 3.5 ], "texture": "#texture" },
        "south": { "uv": [ 6, 3, 9, 3.5 ], "texture": "#texture" },
        "west":  { "uv": [ 10.5, 3, 11.5, 3.5 ], "texture": "#texture" },
        "east":  { "uv": [ 4.5, 3, 5.5, 3.5 ], "texture": "#texture" }
    }
},
{
    "from": [ 6, 3, 4.5 ],
    "to": [ 9, 3.5, 5.5 ],
    "faces": {
        "down":  { "uv": [ 10, 5.5, 7, 4.5 ], "texture": "#texture" },
        "up":    { "uv": [ 6, 4.5, 9, 5.5 ], "texture": "#texture" },
        "north": { "uv": [ 7, 12.5, 10, 13 ], "texture": "#texture" },
        "south": { "uv": [ 6, 12.5, 9, 13 ], "texture": "#texture" },
        "west":  { "uv": [ 4.5, 12.5, 5.5, 13 ], "texture": "#texture" },
        "east":  { "uv": [ 10.5, 12.5, 11.5, 13 ], "texture": "#texture" }
    }
},
{
    "from": [ 6, 3.5, 4 ],
    "to": [ 9, 4, 4.5 ],
    "faces": {
        "down":  { "uv": [ 10, 4.5, 7, 4 ], "texture": "#texture" },
        "up":    { "uv": [ 6, 4, 9, 4.5 ], "texture": "#texture" },
        "north": { "uv": [ 7, 12, 10, 12.5 ], "texture": "#texture" },
        "south": { "uv": [ 6, 12, 9, 12.5 ], "texture": "#texture" },
        "west":  { "uv": [ 4, 12, 4.5, 12.5 ], "texture": "#texture" },
        "east":  { "uv": [ 11.5, 12, 12, 12.5 ], "texture": "#texture" }
    }
},
{
    "from": [ 6, 4, 3.5 ],
    "to": [ 9, 4.5, 4 ],
    "faces": {
        "down":  { "uv": [ 10, 4, 7, 3.5 ], "texture": "#texture" },
        "up":    { "uv": [ 6, 3.5, 9, 4 ], "texture": "#texture" },
        "north": { "uv": [ 7, 11.5, 10, 12 ], "texture": "#texture" },
        "south": { "uv": [ 6, 11.5, 9, 12 ], "texture": "#texture" },
        "west":  { "uv": [ 3.5, 11.5, 4, 12 ], "texture": "#texture" },
        "east":  { "uv": [ 12, 11.5, 12.5, 12 ], "texture": "#texture" }
    }
},
{
    "from": [ 6, 4.5, 3 ],
    "to": [ 9, 5.5, 3.5 ],
    "faces": {
        "down":  { "uv": [ 10, 3.5, 7, 3 ], "texture": "#texture" },
        "up":    { "uv": [ 6, 3, 9, 3.5 ], "texture": "#texture" },
        "north": { "uv": [ 7, 10.5, 10, 11.5 ], "texture": "#texture" },
        "south": { "uv": [ 6, 10.5, 9, 11.5 ], "texture": "#texture" },
        "west":  { "uv": [ 3, 10.5, 3.5, 11.5 ], "texture": "#texture" },
        "east":  { "uv": [ 12.5, 10.5, 13, 11.5 ], "texture": "#texture" }
    }
},
{
    "from": [ 6, 5.5, 2.5 ],
    "to": [ 9, 6.5, 3 ],
    "faces": {
        "down":  { "uv": [ 10, 3, 7, 2.5 ], "texture": "#texture" },
        "up":    { "uv": [ 6, 2.5, 9, 3 ], "texture": "#texture" },
        "north": { "uv": [ 7, 9.5, 10, 10.5 ], "texture": "#texture" },
        "south": { "uv": [ 6, 9.5, 9, 10.5 ], "texture": "#texture" },
        "west":  { "uv": [ 2.5, 9.5, 3, 10.5 ], "texture": "#texture" },
        "east":  { "uv": [ 13, 9.5, 13.5, 10.5 ], "texture": "#texture" }
    }
},
{
    "from": [ 6, 6.5, 2 ],
    "to": [ 9, 9.5, 2.5 ],
    "faces": {
        "down":  { "uv": [ 9.5, 2.5, 6.5, 2 ], "texture": "#texture" },
        "up":    { "uv": [ 6.5, 2, 9.5, 2.5 ], "texture": "#texture" },
        "north": { "uv": [ 7, 6.5, 10, 9.5 ], "texture": "#texture" },
        "south": { "uv": [ 6, 6.5, 9, 9.5 ], "texture": "#texture" },
        "west":  { "uv": [ 2, 6.5, 2.5, 9.5 ], "texture": "#texture" },
        "east":  { "uv": [ 13.5, 6.5, 14, 9.5 ], "texture": "#texture" }
    }
},
{
    "from": [ 6, 9.5, 2.5 ],
    "to": [ 9, 10.5, 3 ],
    "faces": {
        "down":  { "uv": [ 10, 3, 7, 2.5 ], "texture": "#texture" },
        "up":    { "uv": [ 6, 2.5, 9, 3 ], "texture": "#texture" },
        "north": { "uv": [ 7, 5.5, 10, 6.5 ], "texture": "#texture" },
        "south": { "uv": [ 6, 5.5, 9, 6.5 ], "texture": "#texture" },
        "west":  { "uv": [ 2.5, 5.5, 3, 6.5 ], "texture": "#texture" },
        "east":  { "uv": [ 13, 5.5, 13.5, 6.5 ], "texture": "#texture" }
    }
},
{
    "from": [ 6, 10.5, 3 ],
    "to": [ 9, 11.5, 3.5 ],
    "faces": {
        "down":  { "uv": [ 10, 3.5, 7, 3 ], "texture": "#texture" },
        "up":    { "uv": [ 6, 3, 9, 3.5 ], "texture": "#texture" },
        "north": { "uv": [ 7, 4.5, 10, 5.5 ], "texture": "#texture" },
        "south": { "uv": [ 6, 4.5, 9, 5.5 ], "texture": "#texture" },
        "west":  { "uv": [ 3, 4.5, 3.5, 5.5 ], "texture": "#texture" },
        "east":  { "uv": [ 12.5, 4.5, 13, 5.5 ], "texture": "#texture" }
    }
},
{
    "from": [ 6, 11.5, 3.5 ],
    "to": [ 9, 12, 4 ],
    "faces": {
        "down":  { "uv": [ 10, 4, 7, 3.5 ], "texture": "#texture" },
        "up":    { "uv": [ 6, 3.5, 9, 4 ], "texture": "#texture" },
        "north": { "uv": [ 7, 4, 10, 4.5 ], "texture": "#texture" },
        "south": { "uv": [ 6, 4, 9, 4.5 ], "texture": "#texture" },
        "west":  { "uv": [ 3.5, 4, 4, 4.5 ], "texture": "#texture" },
        "east":  { "uv": [ 12, 4, 12.5, 4.5 ], "texture": "#texture" }
    }
},
{
    "from": [ 6, 12, 4 ],
    "to": [ 9, 12.5, 4.5 ],
    "faces": {
        "down":  { "uv": [ 10, 4.5, 7, 4 ], "texture": "#texture" },
        "up":    { "uv": [ 6, 4, 9, 4.5 ], "texture": "#texture" },
        "north": { "uv": [ 7, 3.5, 10, 4 ], "texture": "#texture" },
        "south": { "uv": [ 6, 3.5, 9, 4 ], "texture": "#texture" },
        "west":  { "uv": [ 4, 3.5, 4.5, 4 ], "texture": "#texture" },
        "east":  { "uv": [ 11.5, 3.5, 12, 4 ], "texture": "#texture" }
    }
},
{
    "from": [ 6, 12.5, 4.5 ],
    "to": [ 9, 13, 5.5 ],
    "faces": {
        "down":  { "uv": [ 10, 5.5, 7, 4.5 ], "texture": "#texture" },
        "up":    { "uv": [ 6, 4.5, 9, 5.5 ], "texture": "#texture" },
        "north": { "uv": [ 7, 3, 10, 3.5 ], "texture": "#texture" },
        "south": { "uv": [ 6, 3, 9, 3.5 ], "texture": "#texture" },
        "west":  { "uv": [ 4.5, 3, 5.5, 3.5 ], "texture": "#texture" },
        "east":  { "uv": [ 10.5, 3, 11.5, 3.5 ], "texture": "#texture" }
    }
},
{
    "from": [ 6, 13, 5.5 ],
    "to": [ 9, 13.5, 6.5 ],
    "faces": {
        "down":  { "uv": [ 10, 6.5, 7, 5.5 ], "texture": "#texture" },
        "up":    { "uv": [ 6, 5.5, 9, 6.5 ], "texture": "#texture" },
        "north": { "uv": [ 7, 2.5, 10, 3 ], "texture": "#texture" },
        "south": { "uv": [ 6, 2.5, 9, 3 ], "texture": "#texture" },
        "west":  { "uv": [ 5.5, 2.5, 6.5, 3 ], "texture": "#texture" },
        "east":  { "uv": [ 9.5, 2.5, 10.5, 3 ], "texture": "#texture" }
    }
},
{
    "from": [ 5, 13, 6.5 ],
    "to": [ 10, 13.5, 9.5 ],
    "faces": {
        "down":  { "uv": [ 11, 9.5, 6, 6.5 ], "texture": "#texture" },
        "up":    { "uv": [ 5, 6.5, 10, 9.5 ], "texture": "#texture" },
        "north": { "uv": [ 5.5, 2.5, 10.5, 3 ], "texture": "#texture" },
        "south": { "uv": [ 5.5, 2.5, 10.5, 3 ], "texture": "#texture" },
        "west":  { "uv": [ 6.5, 2.5, 9.5, 3 ], "texture": "#texture" },
        "east":  { "uv": [ 6.5, 2.5, 9.5, 3 ], "texture": "#texture" }
    }
},
{
    "from": [ 5, 12.5, 5.5 ],
    "to": [ 10, 13, 6.5 ],
    "faces": {
        "down":  { "uv": [ 11, 6.5, 6, 5.5 ], "texture": "#texture" },
        "up":    { "uv": [ 5, 5.5, 10, 6.5 ], "texture": "#texture" },
        "north": { "uv": [ 6, 3, 11, 3.5 ], "texture": "#texture" },
        "south": { "uv": [ 5, 3, 10, 3.5 ], "texture": "#texture" },
        "west":  { "uv": [ 5.5, 3, 6.5, 3.5 ], "texture": "#texture" },
        "east":  { "uv": [ 9.5, 3, 10.5, 3.5 ], "texture": "#texture" }
    }
},
{
    "from": [ 5, 12, 4.5 ],
    "to": [ 10, 12.5, 5.5 ],
    "faces": {
        "down":  { "uv": [ 11, 5.5, 6, 4.5 ], "texture": "#texture" },
        "up":    { "uv": [ 5, 4.5, 10, 5.5 ], "texture": "#texture" },
        "north": { "uv": [ 6, 3.5, 11, 4 ], "texture": "#texture" },
        "south": { "uv": [ 5, 3.5, 10, 4 ], "texture": "#texture" },
        "west":  { "uv": [ 4.5, 3.5, 5.5, 4 ], "texture": "#texture" },
        "east":  { "uv": [ 10.5, 3.5, 11.5, 4 ], "texture": "#texture" }
    }
},
{
    "from": [ 5, 11.5, 4 ],
    "to": [ 10, 12, 4.5 ],
    "faces": {
        "down":  { "uv": [ 11, 4.5, 6, 4 ], "texture": "#texture" },
        "up":    { "uv": [ 5, 4, 10, 4.5 ], "texture": "#texture" },
        "north": { "uv": [ 6, 4, 11, 4.5 ], "texture": "#texture" },
        "south": { "uv": [ 5, 4, 10, 4.5 ], "texture": "#texture" },
        "west":  { "uv": [ 4, 4, 4.5, 4.5 ], "texture": "#texture" },
        "east":  { "uv": [ 11.5, 4, 12, 4.5 ], "texture": "#texture" }
    }
},
{
    "from": [ 5, 10.5, 3.5 ],
    "to": [ 10, 11.5, 4 ],
    "faces": {
        "down":  { "uv": [ 11, 4, 6, 3.5 ], "texture": "#texture" },
        "up":    { "uv": [ 5, 3.5, 10, 4 ], "texture": "#texture" },
        "north": { "uv": [ 6, 4.5, 11, 5.5 ], "texture": "#texture" },
        "south": { "uv": [ 5, 4.5, 10, 5.5 ], "texture": "#texture" },
        "west":  { "uv": [ 3.5, 4.5, 4, 5.5 ], "texture": "#texture" },
        "east":  { "uv": [ 12, 4.5, 12.5, 5.5 ], "texture": "#texture" }
    }
},
{
    "from": [ 5, 9.5, 3 ],
    "to": [ 10, 10.5, 3.5 ],
    "faces": {
        "down":  { "uv": [ 11, 3.5, 6, 3 ], "texture": "#texture" },
        "up":    { "uv": [ 5, 3, 10, 3.5 ], "texture": "#texture" },
        "north": { "uv": [ 6, 5.5, 11, 6.5 ], "texture": "#texture" },
        "south": { "uv": [ 5, 5.5, 10, 6.5 ], "texture": "#texture" },
        "west":  { "uv": [ 3, 5.5, 3.5, 6.5 ], "texture": "#texture" },
        "east":  { "uv": [ 12.5, 5.5, 13, 6.5 ], "texture": "#texture" }
    }
},
{
    "from": [ 5, 6.5, 2.5 ],
    "to": [ 10, 9.5, 3 ],
    "faces": {
        "down":  { "uv": [ 10.5, 3, 5.5, 2.5 ], "texture": "#texture" },
        "up":    { "uv": [ 5.5, 2.5, 10.5, 3 ], "texture": "#texture" },
        "north": { "uv": [ 6, 6.5, 11, 9.5 ], "texture": "#texture" },
        "south": { "uv": [ 5, 6.5, 10, 9.5 ], "texture": "#texture" },
        "west":  { "uv": [ 2.5, 6.5, 3, 9.5 ], "texture": "#texture" },
        "east":  { "uv": [ 13, 6.5, 13.5, 9.5 ], "texture": "#texture" }
    }
},
{
    "from": [ 5, 5.5, 3 ],
    "to": [ 10, 6.5, 3.5 ],
    "faces": {
        "down":  { "uv": [ 11, 3.5, 6, 3 ], "texture": "#texture" },
        "up":    { "uv": [ 5, 3, 10, 3.5 ], "texture": "#texture" },
        "north": { "uv": [ 6, 9.5, 11, 10.5 ], "texture": "#texture" },
        "south": { "uv": [ 5, 9.5, 10, 10.5 ], "texture": "#texture" },
        "west":  { "uv": [ 3, 9.5, 3.5, 10.5 ], "texture": "#texture" },
        "east":  { "uv": [ 12.5, 9.5, 13, 10.5 ], "texture": "#texture" }
    }
},
{
    "from": [ 5, 4.5, 3.5 ],
    "to": [ 10, 5.5, 4 ],
    "faces": {
        "down":  { "uv": [ 11, 4, 6, 3.5 ], "texture": "#texture" },
        "up":    { "uv": [ 5, 3.5, 10, 4 ], "texture": "#texture" },
        "north": { "uv": [ 6, 10.5, 11, 11.5 ], "texture": "#texture" },
        "south": { "uv": [ 5, 10.5, 10, 11.5 ], "texture": "#texture" },
        "west":  { "uv": [ 3.5, 10.5, 4, 11.5 ], "texture": "#texture" },
        "east":  { "uv": [ 12, 10.5, 12.5, 11.5 ], "texture": "#texture" }
    }
},
{
    "from": [ 5, 4.5, 12 ],
    "to": [ 10, 5.5, 12.5 ],
    "faces": {
        "down":  { "uv": [ 11, 12.5, 6, 12 ], "texture": "#texture" },
        "up":    { "uv": [ 5, 12, 10, 12.5 ], "texture": "#texture" },
        "north": { "uv": [ 6, 10.5, 11, 11.5 ], "texture": "#texture" },
        "south": { "uv": [ 5, 10.5, 10, 11.5 ], "texture": "#texture" },
        "west":  { "uv": [ 12, 10.5, 12.5, 11.5 ], "texture": "#texture" },
        "east":  { "uv": [ 3.5, 10.5, 4, 11.5 ], "texture": "#texture" }
    }
},
{
    "from": [ 5, 5.5, 12.5 ],
    "to": [ 10, 6.5, 13 ],
    "faces": {
        "down":  { "uv": [ 11, 13, 6, 12.5 ], "texture": "#texture" },
        "up":    { "uv": [ 5, 12.5, 10, 13 ], "texture": "#texture" },
        "north": { "uv": [ 6, 9.5, 11, 10.5 ], "texture": "#texture" },
        "south": { "uv": [ 5, 9.5, 10, 10.5 ], "texture": "#texture" },
        "west":  { "uv": [ 12.5, 9.5, 13, 10.5 ], "texture": "#texture" },
        "east":  { "uv": [ 3, 9.5, 3.5, 10.5 ], "texture": "#texture" }
    }
},
{
    "from": [ 5, 9.5, 12.5 ],
    "to": [ 10, 10.5, 13 ],
    "faces": {
        "down":  { "uv": [ 11, 13, 6, 12.5 ], "texture": "#texture" },
        "up":    { "uv": [ 5, 12.5, 10, 13 ], "texture": "#texture" },
        "north": { "uv": [ 6, 5.5, 11, 6.5 ], "texture": "#texture" },
        "south": { "uv": [ 5, 5.5, 10, 6.5 ], "texture": "#texture" },
        "west":  { "uv": [ 12.5, 5.5, 13, 6.5 ], "texture": "#texture" },
        "east":  { "uv": [ 3, 5.5, 3.5, 6.5 ], "texture": "#texture" }
    }
},
{
    "from": [ 5, 10.5, 12 ],
    "to": [ 10, 11.5, 12.5 ],
    "faces": {
        "down":  { "uv": [ 11, 12.5, 6, 12 ], "texture": "#texture" },
        "up":    { "uv": [ 5, 12, 10, 12.5 ], "texture": "#texture" },
        "north": { "uv": [ 6, 4.5, 11, 5.5 ], "texture": "#texture" },
        "south": { "uv": [ 5, 4.5, 10, 5.5 ], "texture": "#texture" },
        "west":  { "uv": [ 12, 4.5, 12.5, 5.5 ], "texture": "#texture" },
        "east":  { "uv": [ 3.5, 4.5, 4, 5.5 ], "texture": "#texture" }
    }
},
{
    "from": [ 5, 6.5, 13 ],
    "to": [ 10, 9.5, 13.5 ],
    "faces": {
        "down":  { "uv": [ 10.5, 13.5, 5.5, 13 ], "texture": "#texture" },
        "up":    { "uv": [ 5.5, 13, 10.5, 13.5 ], "texture": "#texture" },
        "north": { "uv": [ 6, 6.5, 11, 9.5 ], "texture": "#texture" },
        "south": { "uv": [ 5, 6.5, 10, 9.5 ], "texture": "#texture" },
        "west":  { "uv": [ 13, 6.5, 13.5, 9.5 ], "texture": "#texture" },
        "east":  { "uv": [ 2.5, 6.5, 3, 9.5 ], "texture": "#texture" }
    }
},
{
    "from": [ 5, 6.5, 13 ],
    "to": [ 10, 9.5, 13.5 ],
    "faces": {
        "down":  { "uv": [ 11, 13.5, 6, 13 ], "texture": "#texture" },
        "up":    { "uv": [ 5, 13, 10, 13.5 ], "texture": "#texture" },
        "north": { "uv": [ 6, 6.5, 11, 9.5 ], "texture": "#texture" },
        "south": { "uv": [ 5, 6.5, 10, 9.5 ], "texture": "#texture" },
        "west":  { "uv": [ 13, 6.5, 13.5, 9.5 ], "texture": "#texture" },
        "east":  { "uv": [ 2.5, 6.5, 3, 9.5 ], "texture": "#texture" }
    }
},
{
    "from": [ 5, 2.5, 6.5 ],
    "to": [ 10, 3, 9.5 ],
    "faces": {
        "down":  { "uv": [ 11, 9.5, 6, 6.5 ], "texture": "#texture" },
        "up":    { "uv": [ 5, 6.5, 10, 9.5 ], "texture": "#texture" },
        "north": { "uv": [ 5.5, 13, 10.5, 13.5 ], "texture": "#texture" },
        "south": { "uv": [ 5.5, 13, 10.5, 13.5 ], "texture": "#texture" },
        "west":  { "uv": [ 6.5, 13, 9.5, 13.5 ], "texture": "#texture" },
        "east":  { "uv": [ 6.5, 13, 9.5, 13.5 ], "texture": "#texture" }
    }
},
{
    "from": [ 5, 3, 5.5 ],
    "to": [ 10, 3.5, 6.5 ],
    "faces": {
        "down":  { "uv": [ 11, 6.5, 6, 5.5 ], "texture": "#texture" },
        "up":    { "uv": [ 5, 5.5, 10, 6.5 ], "texture": "#texture" },
        "north": { "uv": [ 6, 12.5, 11, 13 ], "texture": "#texture" },
        "south": { "uv": [ 5, 12.5, 10, 13 ], "texture": "#texture" },
        "west":  { "uv": [ 5.5, 12.5, 6.5, 13 ], "texture": "#texture" },
        "east":  { "uv": [ 9.5, 12.5, 10.5, 13 ], "texture": "#texture" }
    }
},
{
    "from": [ 5, 3, 9.5 ],
    "to": [ 10, 3.5, 10.5 ],
    "faces": {
        "down":  { "uv": [ 11, 10.5, 6, 9.5 ], "texture": "#texture" },
        "up":    { "uv": [ 5, 9.5, 10, 10.5 ], "texture": "#texture" },
        "north": { "uv": [ 6, 12.5, 11, 13 ], "texture": "#texture" },
        "south": { "uv": [ 5, 12.5, 10, 13 ], "texture": "#texture" },
        "west":  { "uv": [ 9.5, 12.5, 10.5, 13 ], "texture": "#texture" },
        "east":  { "uv": [ 5.5, 12.5, 6.5, 13 ], "texture": "#texture" }
    }
},
{
    "from": [ 5, 3.5, 10.5 ],
    "to": [ 10, 4, 11.5 ],
    "faces": {
        "down":  { "uv": [ 11, 11.5, 6, 10.5 ], "texture": "#texture" },
        "up":    { "uv": [ 5, 10.5, 10, 11.5 ], "texture": "#texture" },
        "north": { "uv": [ 6, 12, 11, 12.5 ], "texture": "#texture" },
        "south": { "uv": [ 5, 12, 10, 12.5 ], "texture": "#texture" },
        "west":  { "uv": [ 10.5, 12, 11.5, 12.5 ], "texture": "#texture" },
        "east":  { "uv": [ 4.5, 12, 5.5, 12.5 ], "texture": "#texture" }
    }
},
{
    "from": [ 5, 3.5, 4.5 ],
    "to": [ 10, 4, 5.5 ],
    "faces": {
        "down":  { "uv": [ 11, 5.5, 6, 4.5 ], "texture": "#texture" },
        "up":    { "uv": [ 5, 4.5, 10, 5.5 ], "texture": "#texture" },
        "north": { "uv": [ 6, 12, 11, 12.5 ], "texture": "#texture" },
        "south": { "uv": [ 5, 12, 10, 12.5 ], "texture": "#texture" },
        "west":  { "uv": [ 4.5, 12, 5.5, 12.5 ], "texture": "#texture" },
        "east":  { "uv": [ 10.5, 12, 11.5, 12.5 ], "texture": "#texture" }
    }
},
{
    "from": [ 5, 12, 10.5 ],
    "to": [ 10, 12.5, 11.5 ],
    "faces": {
        "down":  { "uv": [ 11, 11.5, 6, 10.5 ], "texture": "#texture" },
        "up":    { "uv": [ 5, 10.5, 10, 11.5 ], "texture": "#texture" },
        "north": { "uv": [ 6, 3.5, 11, 4 ], "texture": "#texture" },
        "south": { "uv": [ 5, 3.5, 10, 4 ], "texture": "#texture" },
        "west":  { "uv": [ 10.5, 3.5, 11.5, 4 ], "texture": "#texture" },
        "east":  { "uv": [ 4.5, 3.5, 5.5, 4 ], "texture": "#texture" }
    }
},
{
    "from": [ 5, 12.5, 9.5 ],
    "to": [ 10, 13, 10.5 ],
    "faces": {
        "down":  { "uv": [ 11, 10.5, 6, 9.5 ], "texture": "#texture" },
        "up":    { "uv": [ 5, 9.5, 10, 10.5 ], "texture": "#texture" },
        "north": { "uv": [ 6, 3, 11, 3.5 ], "texture": "#texture" },
        "south": { "uv": [ 5, 3, 10, 3.5 ], "texture": "#texture" },
        "west":  { "uv": [ 9.5, 3, 10.5, 3.5 ], "texture": "#texture" },
        "east":  { "uv": [ 5.5, 3, 6.5, 3.5 ], "texture": "#texture" }
    }
},
{
    "from": [ 5, 11.5, 11.5 ],
    "to": [ 10, 12, 12 ],
    "faces": {
        "down":  { "uv": [ 11, 12, 6, 11.5 ], "texture": "#texture" },
        "up":    { "uv": [ 5, 11.5, 10, 12 ], "texture": "#texture" },
        "north": { "uv": [ 6, 4, 11, 4.5 ], "texture": "#texture" },
        "south": { "uv": [ 5, 4, 10, 4.5 ], "texture": "#texture" },
        "west":  { "uv": [ 11.5, 4, 12, 4.5 ], "texture": "#texture" },
        "east":  { "uv": [ 4, 4, 4.5, 4.5 ], "texture": "#texture" }
    }
},
{
    "from": [ 5, 4, 11.5 ],
    "to": [ 10, 4.5, 12 ],
    "faces": {
        "down":  { "uv": [ 11, 12, 6, 11.5 ], "texture": "#texture" },
        "up":    { "uv": [ 5, 11.5, 10, 12 ], "texture": "#texture" },
        "north": { "uv": [ 6, 11.5, 11, 12 ], "texture": "#texture" },
        "south": { "uv": [ 5, 11.5, 10, 12 ], "texture": "#texture" },
        "west":  { "uv": [ 11.5, 11.5, 12, 12 ], "texture": "#texture" },
        "east":  { "uv": [ 4, 11.5, 4.5, 12 ], "texture": "#texture" }
    }
},
{
    "from": [ 5, 4, 4 ],
    "to": [ 10, 4.5, 4.5 ],
    "faces": {
        "down":  { "uv": [ 11, 4.5, 6, 4 ], "texture": "#texture" },
        "up":    { "uv": [ 5, 4, 10, 4.5 ], "texture": "#texture" },
        "north": { "uv": [ 6, 11.5, 11, 12 ], "texture": "#texture" },
        "south": { "uv": [ 5, 11.5, 10, 12 ], "texture": "#texture" },
        "west":  { "uv": [ 4, 11.5, 4.5, 12 ], "texture": "#texture" },
        "east":  { "uv": [ 11.5, 11.5, 12, 12 ], "texture": "#texture" }
    }
},
{
    "from": [ 4, 12.5, 6.5 ],
    "to": [ 11, 13, 9.5 ],
    "faces": {
        "down":  { "uv": [ 12, 9.5, 5, 6.5 ], "texture": "#texture" },
        "up":    { "uv": [ 4, 6.5, 11, 9.5 ], "texture": "#texture" },
        "north": { "uv": [ 4.5, 3, 11.5, 3.5 ], "texture": "#texture" },
        "south": { "uv": [ 4.5, 3, 11.5, 3.5 ], "texture": "#texture" },
        "west":  { "uv": [ 6.5, 3, 9.5, 3.5 ], "texture": "#texture" },
        "east":  { "uv": [ 6.5, 3, 9.5, 3.5 ], "texture": "#texture" }
    }
},
{
    "from": [ 4, 3.5, 5.5 ],
    "to": [ 11, 4, 6.5 ],
    "faces": {
        "down":  { "uv": [ 12, 6.5, 5, 5.5 ], "texture": "#texture" },
        "up":    { "uv": [ 4, 5.5, 11, 6.5 ], "texture": "#texture" },
        "north": { "uv": [ 5, 12, 12, 12.5 ], "texture": "#texture" },
        "south": { "uv": [ 4, 12, 11, 12.5 ], "texture": "#texture" },
        "west":  { "uv": [ 5.5, 12, 6.5, 12.5 ], "texture": "#texture" },
        "east":  { "uv": [ 9.5, 12, 10.5, 12.5 ], "texture": "#texture" }
    }
},
{
    "from": [ 4, 3.5, 9.5 ],
    "to": [ 11, 4, 10.5 ],
    "faces": {
        "down":  { "uv": [ 12, 10.5, 5, 9.5 ], "texture": "#texture" },
        "up":    { "uv": [ 4, 9.5, 11, 10.5 ], "texture": "#texture" },
        "north": { "uv": [ 5, 12, 12, 12.5 ], "texture": "#texture" },
        "south": { "uv": [ 4, 12, 11, 12.5 ], "texture": "#texture" },
        "west":  { "uv": [ 9.5, 12, 10.5, 12.5 ], "texture": "#texture" },
        "east":  { "uv": [ 5.5, 12, 6.5, 12.5 ], "texture": "#texture" }
    }
},
{
    "from": [ 4, 4, 10.5 ],
    "to": [ 11, 4.5, 11.5 ],
    "faces": {
        "down":  { "uv": [ 12, 11.5, 5, 10.5 ], "texture": "#texture" },
        "up":    { "uv": [ 4, 10.5, 11, 11.5 ], "texture": "#texture" },
        "north": { "uv": [ 5, 11.5, 12, 12 ], "texture": "#texture" },
        "south": { "uv": [ 4, 11.5, 11, 12 ], "texture": "#texture" },
        "west":  { "uv": [ 10.5, 11.5, 11.5, 12 ], "texture": "#texture" },
        "east":  { "uv": [ 4.5, 11.5, 5.5, 12 ], "texture": "#texture" }
    }
},
{
    "from": [ 4, 4, 4.5 ],
    "to": [ 11, 4.5, 5.5 ],
    "faces": {
        "down":  { "uv": [ 12, 5.5, 5, 4.5 ], "texture": "#texture" },
        "up":    { "uv": [ 4, 4.5, 11, 5.5 ], "texture": "#texture" },
        "north": { "uv": [ 5, 11.5, 12, 12 ], "texture": "#texture" },
        "south": { "uv": [ 4, 11.5, 11, 12 ], "texture": "#texture" },
        "west":  { "uv": [ 4.5, 11.5, 5.5, 12 ], "texture": "#texture" },
        "east":  { "uv": [ 10.5, 11.5, 11.5, 12 ], "texture": "#texture" }
    }
},
{
    "from": [ 4, 11.5, 4.5 ],
    "to": [ 11, 12, 5.5 ],
    "faces": {
        "down":  { "uv": [ 12, 5.5, 5, 4.5 ], "texture": "#texture" },
        "up":    { "uv": [ 4, 4.5, 11, 5.5 ], "texture": "#texture" },
        "north": { "uv": [ 5, 4, 12, 4.5 ], "texture": "#texture" },
        "south": { "uv": [ 4, 4, 11, 4.5 ], "texture": "#texture" },
        "west":  { "uv": [ 4.5, 4, 5.5, 4.5 ], "texture": "#texture" },
        "east":  { "uv": [ 10.5, 4, 11.5, 4.5 ], "texture": "#texture" }
    }
},
{
    "from": [ 4, 12, 5.5 ],
    "to": [ 11, 12.5, 6.5 ],
    "faces": {
        "down":  { "uv": [ 12, 6.5, 5, 5.5 ], "texture": "#texture" },
        "up":    { "uv": [ 4, 5.5, 11, 6.5 ], "texture": "#texture" },
        "north": { "uv": [ 5, 3.5, 12, 4 ], "texture": "#texture" },
        "south": { "uv": [ 4, 3.5, 11, 4 ], "texture": "#texture" },
        "west":  { "uv": [ 5.5, 3.5, 6.5, 4 ], "texture": "#texture" },
        "east":  { "uv": [ 9.5, 3.5, 10.5, 4 ], "texture": "#texture" }
    }
},
{
    "from": [ 4, 12, 9.5 ],
    "to": [ 11, 12.5, 10.5 ],
    "faces": {
        "down":  { "uv": [ 12, 10.5, 5, 9.5 ], "texture": "#texture" },
        "up":    { "uv": [ 4, 9.5, 11, 10.5 ], "texture": "#texture" },
        "north": { "uv": [ 5, 3.5, 12, 4 ], "texture": "#texture" },
        "south": { "uv": [ 4, 3.5, 11, 4 ], "texture": "#texture" },
        "west":  { "uv": [ 9.5, 3.5, 10.5, 4 ], "texture": "#texture" },
        "east":  { "uv": [ 5.5, 3.5, 6.5, 4 ], "texture": "#texture" }
    }
},
{
    "from": [ 4, 11.5, 10.5 ],
    "to": [ 11, 12, 11.5 ],
    "faces": {
        "down":  { "uv": [ 12, 11.5, 5, 10.5 ], "texture": "#texture" },
        "up":    { "uv": [ 4, 10.5, 11, 11.5 ], "texture": "#texture" },
        "north": { "uv": [ 5, 4, 12, 4.5 ], "texture": "#texture" },
        "south": { "uv": [ 4, 4, 11, 4.5 ], "texture": "#texture" },
        "west":  { "uv": [ 10.5, 4, 11.5, 4.5 ], "texture": "#texture" },
        "east":  { "uv": [ 4.5, 4, 5.5, 4.5 ], "texture": "#texture" }
    }
},
{
    "from": [ 4, 10.5, 4 ],
    "to": [ 11, 11.5, 4.5 ],
    "faces": {
        "down":  { "uv": [ 12, 4.5, 5, 4 ], "texture": "#texture" },
        "up":    { "uv": [ 4, 4, 11, 4.5 ], "texture": "#texture" },
        "north": { "uv": [ 5, 4.5, 12, 5.5 ], "texture": "#texture" },
        "south": { "uv": [ 4, 4.5, 11, 5.5 ], "texture": "#texture" },
        "west":  { "uv": [ 4, 4.5, 4.5, 5.5 ], "texture": "#texture" },
        "east":  { "uv": [ 11.5, 4.5, 12, 5.5 ], "texture": "#texture" }
    }
},
{
    "from": [ 4, 9.5, 3.5 ],
    "to": [ 11, 10.5, 4 ],
    "faces": {
        "down":  { "uv": [ 12, 4, 5, 3.5 ], "texture": "#texture" },
        "up":    { "uv": [ 4, 3.5, 11, 4 ], "texture": "#texture" },
        "north": { "uv": [ 5, 5.5, 12, 6.5 ], "texture": "#texture" },
        "south": { "uv": [ 4, 5.5, 11, 6.5 ], "texture": "#texture" },
        "west":  { "uv": [ 3.5, 5.5, 4, 6.5 ], "texture": "#texture" },
        "east":  { "uv": [ 12, 5.5, 12.5, 6.5 ], "texture": "#texture" }
    }
},
{
    "from": [ 4, 6.5, 3 ],
    "to": [ 11, 9.5, 3.5 ],
    "faces": {
        "down":  { "uv": [ 11.5, 3.5, 4.5, 3 ], "texture": "#texture" },
        "up":    { "uv": [ 4.5, 3, 11.5, 3.5 ], "texture": "#texture" },
        "north": { "uv": [ 5, 6.5, 12, 9.5 ], "texture": "#texture" },
        "south": { "uv": [ 4, 6.5, 11, 9.5 ], "texture": "#texture" },
        "west":  { "uv": [ 3, 6.5, 3.5, 9.5 ], "texture": "#texture" },
        "east":  { "uv": [ 12.5, 6.5, 13, 9.5 ], "texture": "#texture" }
    }
},
{
    "from": [ 4, 6.5, 12.5 ],
    "to": [ 11, 9.5, 13 ],
    "faces": {
        "down":  { "uv": [ 11.5, 13, 4.5, 12.5 ], "texture": "#texture" },
        "up":    { "uv": [ 4.5, 12.5, 11.5, 13 ], "texture": "#texture" },
        "north": { "uv": [ 5, 6.5, 12, 9.5 ], "texture": "#texture" },
        "south": { "uv": [ 4, 6.5, 11, 9.5 ], "texture": "#texture" },
        "west":  { "uv": [ 12.5, 6.5, 13, 9.5 ], "texture": "#texture" },
        "east":  { "uv": [ 3, 6.5, 3.5, 9.5 ], "texture": "#texture" }
    }
},
{
    "from": [ 4, 5.5, 3.5 ],
    "to": [ 11, 6.5, 4 ],
    "faces": {
        "down":  { "uv": [ 12, 4, 5, 3.5 ], "texture": "#texture" },
        "up":    { "uv": [ 4, 3.5, 11, 4 ], "texture": "#texture" },
        "north": { "uv": [ 5, 9.5, 12, 10.5 ], "texture": "#texture" },
        "south": { "uv": [ 4, 9.5, 11, 10.5 ], "texture": "#texture" },
        "west":  { "uv": [ 3.5, 9.5, 4, 10.5 ], "texture": "#texture" },
        "east":  { "uv": [ 12, 9.5, 12.5, 10.5 ], "texture": "#texture" }
    }
},
{
    "from": [ 4, 4.5, 4 ],
    "to": [ 11, 5.5, 4.5 ],
    "faces": {
        "down":  { "uv": [ 12, 4.5, 5, 4 ], "texture": "#texture" },
        "up":    { "uv": [ 4, 4, 11, 4.5 ], "texture": "#texture" },
        "north": { "uv": [ 5, 10.5, 12, 11.5 ], "texture": "#texture" },
        "south": { "uv": [ 4, 10.5, 11, 11.5 ], "texture": "#texture" },
        "west":  { "uv": [ 4, 10.5, 4.5, 11.5 ], "texture": "#texture" },
        "east":  { "uv": [ 11.5, 10.5, 12, 11.5 ], "texture": "#texture" }
    }
},
{
    "from": [ 4, 4.5, 11.5 ],
    "to": [ 11, 5.5, 12 ],
    "faces": {
        "down":  { "uv": [ 12, 12, 5, 11.5 ], "texture": "#texture" },
        "up":    { "uv": [ 4, 11.5, 11, 12 ], "texture": "#texture" },
        "north": { "uv": [ 5, 10.5, 12, 11.5 ], "texture": "#texture" },
        "south": { "uv": [ 4, 10.5, 11, 11.5 ], "texture": "#texture" },
        "west":  { "uv": [ 11.5, 10.5, 12, 11.5 ], "texture": "#texture" },
        "east":  { "uv": [ 4, 10.5, 4.5, 11.5 ], "texture": "#texture" }
    }
},
{
    "from": [ 4, 5.5, 12 ],
    "to": [ 11, 6.5, 12.5 ],
    "faces": {
        "down":  { "uv": [ 12, 12.5, 5, 12 ], "texture": "#texture" },
        "up":    { "uv": [ 4, 12, 11, 12.5 ], "texture": "#texture" },
        "north": { "uv": [ 5, 9.5, 12, 10.5 ], "texture": "#texture" },
        "south": { "uv": [ 4, 9.5, 11, 10.5 ], "texture": "#texture" },
        "west":  { "uv": [ 12, 9.5, 12.5, 10.5 ], "texture": "#texture" },
        "east":  { "uv": [ 3.5, 9.5, 4, 10.5 ], "texture": "#texture" }
    }
},
{
    "from": [ 4, 9.5, 12 ],
    "to": [ 11, 10.5, 12.5 ],
    "faces": {
        "down":  { "uv": [ 12, 12.5, 5, 12 ], "texture": "#texture" },
        "up":    { "uv": [ 4, 12, 11, 12.5 ], "texture": "#texture" },
        "north": { "uv": [ 5, 5.5, 12, 6.5 ], "texture": "#texture" },
        "south": { "uv": [ 4, 5.5, 11, 6.5 ], "texture": "#texture" },
        "west":  { "uv": [ 12, 5.5, 12.5, 6.5 ], "texture": "#texture" },
        "east":  { "uv": [ 3.5, 5.5, 4, 6.5 ], "texture": "#texture" }
    }
},
{
    "from": [ 4, 10.5, 11.5 ],
    "to": [ 11, 11.5, 12 ],
    "faces": {
        "down":  { "uv": [ 12, 12, 5, 11.5 ], "texture": "#texture" },
        "up":    { "uv": [ 4, 11.5, 11, 12 ], "texture": "#texture" },
        "north": { "uv": [ 5, 4.5, 12, 5.5 ], "texture": "#texture" },
        "south": { "uv": [ 4, 4.5, 11, 5.5 ], "texture": "#texture" },
        "west":  { "uv": [ 11.5, 4.5, 12, 5.5 ], "texture": "#texture" },
        "east":  { "uv": [ 4, 4.5, 4.5, 5.5 ], "texture": "#texture" }
    }
},
{
    "from": [ 3.5, 12, 6.5 ],
    "to": [ 11.5, 12.5, 9.5 ],
    "faces": {
        "down":  { "uv": [ 12.5, 9.5, 4.5, 6.5 ], "texture": "#texture" },
        "up":    { "uv": [ 3.5, 6.5, 11.5, 9.5 ], "texture": "#texture" },
        "north": { "uv": [ 4, 3.5, 12, 4 ], "texture": "#texture" },
        "south": { "uv": [ 4, 3.5, 12, 4 ], "texture": "#texture" },
        "west":  { "uv": [ 6.5, 3.5, 9.5, 4 ], "texture": "#texture" },
        "east":  { "uv": [ 6.5, 3.5, 9.5, 4 ], "texture": "#texture" }
    }
},
{
    "from": [ 3.5, 3.5, 6.5 ],
    "to": [ 11.5, 4, 9.5 ],
    "faces": {
        "down":  { "uv": [ 12.5, 9.5, 4.5, 6.5 ], "texture": "#texture" },
        "up":    { "uv": [ 3.5, 6.5, 11.5, 9.5 ], "texture": "#texture" },
        "north": { "uv": [ 4, 12, 12, 12.5 ], "texture": "#texture" },
        "south": { "uv": [ 4, 12, 12, 12.5 ], "texture": "#texture" },
        "west":  { "uv": [ 6.5, 12, 9.5, 12.5 ], "texture": "#texture" },
        "east":  { "uv": [ 6.5, 12, 9.5, 12.5 ], "texture": "#texture" }
    }
},
{
    "from": [ 3.5, 6.5, 3.5 ],
    "to": [ 11.5, 9.5, 4 ],
    "faces": {
        "down":  { "uv": [ 12, 4, 4, 3.5 ], "texture": "#texture" },
        "up":    { "uv": [ 4, 3.5, 12, 4 ], "texture": "#texture" },
        "north": { "uv": [ 4.5, 6.5, 12.5, 9.5 ], "texture": "#texture" },
        "south": { "uv": [ 3.5, 6.5, 11.5, 9.5 ], "texture": "#texture" },
        "west":  { "uv": [ 3.5, 6.5, 4, 9.5 ], "texture": "#texture" },
        "east":  { "uv": [ 12, 6.5, 12.5, 9.5 ], "texture": "#texture" }
    }
},
{
    "from": [ 3.5, 6.5, 12 ],
    "to": [ 11.5, 9.5, 12.5 ],
    "faces": {
        "down":  { "uv": [ 12, 12.5, 4, 12 ], "texture": "#texture" },
        "up":    { "uv": [ 4, 12, 12, 12.5 ], "texture": "#texture" },
        "north": { "uv": [ 4.5, 6.5, 12.5, 9.5 ], "texture": "#texture" },
        "south": { "uv": [ 3.5, 6.5, 11.5, 9.5 ], "texture": "#texture" },
        "west":  { "uv": [ 12, 6.5, 12.5, 9.5 ], "texture": "#texture" },
        "east":  { "uv": [ 3.5, 6.5, 4, 9.5 ], "texture": "#texture" }
    }
},
{
    "from": [ 3.5, 9.5, 11.5 ],
    "to": [ 11.5, 10.5, 12 ],
    "faces": {
        "down":  { "uv": [ 12.5, 12, 4.5, 11.5 ], "texture": "#texture" },
        "up":    { "uv": [ 3.5, 11.5, 11.5, 12 ], "texture": "#texture" },
        "north": { "uv": [ 4.5, 5.5, 12.5, 6.5 ], "texture": "#texture" },
        "south": { "uv": [ 3.5, 5.5, 11.5, 6.5 ], "texture": "#texture" },
        "west":  { "uv": [ 11.5, 5.5, 12, 6.5 ], "texture": "#texture" },
        "east":  { "uv": [ 4, 5.5, 4.5, 6.5 ], "texture": "#texture" }
    }
},
{
    "from": [ 3.5, 10.5, 11 ],
    "to": [ 11.5, 11.5, 11.5 ],
    "faces": {
        "down":  { "uv": [ 12.5, 11.5, 4.5, 11 ], "texture": "#texture" },
        "up":    { "uv": [ 3.5, 11, 11.5, 11.5 ], "texture": "#texture" },
        "north": { "uv": [ 4.5, 4.5, 12.5, 5.5 ], "texture": "#texture" },
        "south": { "uv": [ 3.5, 4.5, 11.5, 5.5 ], "texture": "#texture" },
        "west":  { "uv": [ 11, 4.5, 11.5, 5.5 ], "texture": "#texture" },
        "east":  { "uv": [ 4.5, 4.5, 5, 5.5 ], "texture": "#texture" }
    }
},
{
    "from": [ 3.5, 5.5, 11.5 ],
    "to": [ 11.5, 6.5, 12 ],
    "faces": {
        "down":  { "uv": [ 12.5, 12, 4.5, 11.5 ], "texture": "#texture" },
        "up":    { "uv": [ 3.5, 11.5, 11.5, 12 ], "texture": "#texture" },
        "north": { "uv": [ 4.5, 9.5, 12.5, 10.5 ], "texture": "#texture" },
        "south": { "uv": [ 3.5, 9.5, 11.5, 10.5 ], "texture": "#texture" },
        "west":  { "uv": [ 11.5, 9.5, 12, 10.5 ], "texture": "#texture" },
        "east":  { "uv": [ 4, 9.5, 4.5, 10.5 ], "texture": "#texture" }
    }
},
{
    "from": [ 3.5, 4.5, 11 ],
    "to": [ 11.5, 5.5, 11.5 ],
    "faces": {
        "down":  { "uv": [ 12.5, 11.5, 4.5, 11 ], "texture": "#texture" },
        "up":    { "uv": [ 3.5, 11, 11.5, 11.5 ], "texture": "#texture" },
        "north": { "uv": [ 4.5, 10.5, 12.5, 11.5 ], "texture": "#texture" },
        "south": { "uv": [ 3.5, 10.5, 11.5, 11.5 ], "texture": "#texture" },
        "west":  { "uv": [ 11, 10.5, 11.5, 11.5 ], "texture": "#texture" },
        "east":  { "uv": [ 4.5, 10.5, 5, 11.5 ], "texture": "#texture" }
    }
},
{
    "from": [ 3.5, 4.5, 4.5 ],
    "to": [ 11.5, 5.5, 5 ],
    "faces": {
        "down":  { "uv": [ 12.5, 5, 4.5, 4.5 ], "texture": "#texture" },
        "up":    { "uv": [ 3.5, 4.5, 11.5, 5 ], "texture": "#texture" },
        "north": { "uv": [ 4.5, 10.5, 12.5, 11.5 ], "texture": "#texture" },
        "south": { "uv": [ 3.5, 10.5, 11.5, 11.5 ], "texture": "#texture" },
        "west":  { "uv": [ 4.5, 10.5, 5, 11.5 ], "texture": "#texture" },
        "east":  { "uv": [ 11, 10.5, 11.5, 11.5 ], "texture": "#texture" }
    }
},
{
    "from": [ 3.5, 5.5, 4 ],
    "to": [ 11.5, 6.5, 4.5 ],
    "faces": {
        "down":  { "uv": [ 12.5, 4.5, 4.5, 4 ], "texture": "#texture" },
        "up":    { "uv": [ 3.5, 4, 11.5, 4.5 ], "texture": "#texture" },
        "north": { "uv": [ 4.5, 9.5, 12.5, 10.5 ], "texture": "#texture" },
        "south": { "uv": [ 3.5, 9.5, 11.5, 10.5 ], "texture": "#texture" },
        "west":  { "uv": [ 4, 9.5, 4.5, 10.5 ], "texture": "#texture" },
        "east":  { "uv": [ 11.5, 9.5, 12, 10.5 ], "texture": "#texture" }
    }
},
{
    "from": [ 3.5, 9.5, 4 ],
    "to": [ 11.5, 10.5, 4.5 ],
    "faces": {
        "down":  { "uv": [ 12.5, 4.5, 4.5, 4 ], "texture": "#texture" },
        "up":    { "uv": [ 3.5, 4, 11.5, 4.5 ], "texture": "#texture" },
        "north": { "uv": [ 4.5, 5.5, 12.5, 6.5 ], "texture": "#texture" },
        "south": { "uv": [ 3.5, 5.5, 11.5, 6.5 ], "texture": "#texture" },
        "west":  { "uv": [ 4, 5.5, 4.5, 6.5 ], "texture": "#texture" },
        "east":  { "uv": [ 11.5, 5.5, 12, 6.5 ], "texture": "#texture" }
    }
},
{
    "from": [ 3.5, 10.5, 4.5 ],
    "to": [ 11.5, 11.5, 5 ],
    "faces": {
        "down":  { "uv": [ 12.5, 5, 4.5, 4.5 ], "texture": "#texture" },
        "up":    { "uv": [ 3.5, 4.5, 11.5, 5 ], "texture": "#texture" },
        "north": { "uv": [ 4.5, 4.5, 12.5, 5.5 ], "texture": "#texture" },
        "south": { "uv": [ 3.5, 4.5, 11.5, 5.5 ], "texture": "#texture" },
        "west":  { "uv": [ 4.5, 4.5, 5, 5.5 ], "texture": "#texture" },
        "east":  { "uv": [ 11, 4.5, 11.5, 5.5 ], "texture": "#texture" }
    }
},
{
    "from": [ 3.5, 11.5, 5.5 ],
    "to": [ 11.5, 12, 6.5 ],
    "faces": {
        "down":  { "uv": [ 12.5, 6.5, 4.5, 5.5 ], "texture": "#texture" },
        "up":    { "uv": [ 3.5, 5.5, 11.5, 6.5 ], "texture": "#texture" },
        "north": { "uv": [ 4.5, 4, 12.5, 4.5 ], "texture": "#texture" },
        "south": { "uv": [ 3.5, 4, 11.5, 4.5 ], "texture": "#texture" },
        "west":  { "uv": [ 5.5, 4, 6.5, 4.5 ], "texture": "#texture" },
        "east":  { "uv": [ 9.5, 4, 10.5, 4.5 ], "texture": "#texture" }
    }
},
{
    "from": [ 3.5, 11, 5 ],
    "to": [ 11.5, 11.5, 5.5 ],
    "faces": {
        "down":  { "uv": [ 12.5, 5.5, 4.5, 5 ], "texture": "#texture" },
        "up":    { "uv": [ 3.5, 5, 11.5, 5.5 ], "texture": "#texture" },
        "north": { "uv": [ 4.5, 4.5, 12.5, 5 ], "texture": "#texture" },
        "south": { "uv": [ 3.5, 4.5, 11.5, 5 ], "texture": "#texture" },
        "west":  { "uv": [ 5, 4.5, 5.5, 5 ], "texture": "#texture" },
        "east":  { "uv": [ 10.5, 4.5, 11, 5 ], "texture": "#texture" }
    }
},
{
    "from": [ 3.5, 11.5, 9.5 ],
    "to": [ 11.5, 12, 10.5 ],
    "faces": {
        "down":  { "uv": [ 12.5, 10.5, 4.5, 9.5 ], "texture": "#texture" },
        "up":    { "uv": [ 3.5, 9.5, 11.5, 10.5 ], "texture": "#texture" },
        "north": { "uv": [ 4.5, 4, 12.5, 4.5 ], "texture": "#texture" },
        "south": { "uv": [ 3.5, 4, 11.5, 4.5 ], "texture": "#texture" },
        "west":  { "uv": [ 9.5, 4, 10.5, 4.5 ], "texture": "#texture" },
        "east":  { "uv": [ 5.5, 4, 6.5, 4.5 ], "texture": "#texture" }
    }
},
{
    "from": [ 3.5, 11, 10.5 ],
    "to": [ 11.5, 11.5, 11 ],
    "faces": {
        "down":  { "uv": [ 12.5, 11, 4.5, 10.5 ], "texture": "#texture" },
        "up":    { "uv": [ 3.5, 10.5, 11.5, 11 ], "texture": "#texture" },
        "north": { "uv": [ 4.5, 4.5, 12.5, 5 ], "texture": "#texture" },
        "south": { "uv": [ 3.5, 4.5, 11.5, 5 ], "texture": "#texture" },
        "west":  { "uv": [ 10.5, 4.5, 11, 5 ], "texture": "#texture" },
        "east":  { "uv": [ 5, 4.5, 5.5, 5 ], "texture": "#texture" }
    }
},
{
    "from": [ 3.5, 4.5, 10.5 ],
    "to": [ 11.5, 5, 11 ],
    "faces": {
        "down":  { "uv": [ 12.5, 11, 4.5, 10.5 ], "texture": "#texture" },
        "up":    { "uv": [ 3.5, 10.5, 11.5, 11 ], "texture": "#texture" },
        "north": { "uv": [ 4.5, 11, 12.5, 11.5 ], "texture": "#texture" },
        "south": { "uv": [ 3.5, 11, 11.5, 11.5 ], "texture": "#texture" },
        "west":  { "uv": [ 10.5, 11, 11, 11.5 ], "texture": "#texture" },
        "east":  { "uv": [ 5, 11, 5.5, 11.5 ], "texture": "#texture" }
    }
},
{
    "from": [ 3.5, 4, 9.5 ],
    "to": [ 11.5, 4.5, 10.5 ],
    "faces": {
        "down":  { "uv": [ 12.5, 10.5, 4.5, 9.5 ], "texture": "#texture" },
        "up":    { "uv": [ 3.5, 9.5, 11.5, 10.5 ], "texture": "#texture" },
        "north": { "uv": [ 4.5, 11.5, 12.5, 12 ], "texture": "#texture" },
        "south": { "uv": [ 3.5, 11.5, 11.5, 12 ], "texture": "#texture" },
        "west":  { "uv": [ 9.5, 11.5, 10.5, 12 ], "texture": "#texture" },
        "east":  { "uv": [ 5.5, 11.5, 6.5, 12 ], "texture": "#texture" }
    }
},
{
    "from": [ 3.5, 4, 5.5 ],
    "to": [ 11.5, 4.5, 6.5 ],
    "faces": {
        "down":  { "uv": [ 12.5, 6.5, 4.5, 5.5 ], "texture": "#texture" },
        "up":    { "uv": [ 3.5, 5.5, 11.5, 6.5 ], "texture": "#texture" },
        "north": { "uv": [ 4.5, 11.5, 12.5, 12 ], "texture": "#texture" },
        "south": { "uv": [ 3.5, 11.5, 11.5, 12 ], "texture": "#texture" },
        "west":  { "uv": [ 5.5, 11.5, 6.5, 12 ], "texture": "#texture" },
        "east":  { "uv": [ 9.5, 11.5, 10.5, 12 ], "texture": "#texture" }
    }
},
{
    "from": [ 3.5, 4.5, 5 ],
    "to": [ 11.5, 5, 5.5 ],
    "faces": {
        "down":  { "uv": [ 12.5, 5.5, 4.5, 5 ], "texture": "#texture" },
        "up":    { "uv": [ 3.5, 5, 11.5, 5.5 ], "texture": "#texture" },
        "north": { "uv": [ 4.5, 11, 12.5, 11.5 ], "texture": "#texture" },
        "south": { "uv": [ 3.5, 11, 11.5, 11.5 ], "texture": "#texture" },
        "west":  { "uv": [ 5, 11, 5.5, 11.5 ], "texture": "#texture" },
        "east":  { "uv": [ 10.5, 11, 11, 11.5 ], "texture": "#texture" }
    }
},
{
    "from": [ 3, 11.5, 6.5 ],
    "to": [ 12, 12, 9.5 ],
    "faces": {
        "down":  { "uv": [ 13, 9.5, 4, 6.5 ], "texture": "#texture" },
        "up":    { "uv": [ 3, 6.5, 12, 9.5 ], "texture": "#texture" },
        "north": { "uv": [ 3.5, 4, 12.5, 4.5 ], "texture": "#texture" },
        "south": { "uv": [ 3.5, 4, 12.5, 4.5 ], "texture": "#texture" },
        "west":  { "uv": [ 6.5, 4, 9.5, 4.5 ], "texture": "#texture" },
        "east":  { "uv": [ 6.5, 4, 9.5, 4.5 ], "texture": "#texture" }
    }
},
{
    "from": [ 3, 4, 6.5 ],
    "to": [ 12, 4.5, 9.5 ],
    "faces": {
        "down":  { "uv": [ 13, 9.5, 4, 6.5 ], "texture": "#texture" },
        "up":    { "uv": [ 3, 6.5, 12, 9.5 ], "texture": "#texture" },
        "north": { "uv": [ 3.5, 11.5, 12.5, 12 ], "texture": "#texture" },
        "south": { "uv": [ 3.5, 11.5, 12.5, 12 ], "texture": "#texture" },
        "west":  { "uv": [ 6.5, 11.5, 9.5, 12 ], "texture": "#texture" },
        "east":  { "uv": [ 6.5, 11.5, 9.5, 12 ], "texture": "#texture" }
    }
},
{
    "from": [ 3, 6.5, 4 ],
    "to": [ 12, 9.5, 4.5 ],
    "faces": {
        "down":  { "uv": [ 12.5, 4.5, 3.5, 4 ], "texture": "#texture" },
        "up":    { "uv": [ 3.5, 4, 12.5, 4.5 ], "texture": "#texture" },
        "north": { "uv": [ 4, 6.5, 13, 9.5 ], "texture": "#texture" },
        "south": { "uv": [ 3, 6.5, 12, 9.5 ], "texture": "#texture" },
        "west":  { "uv": [ 4, 6.5, 4.5, 9.5 ], "texture": "#texture" },
        "east":  { "uv": [ 11.5, 6.5, 12, 9.5 ], "texture": "#texture" }
    }
},
{
    "from": [ 3, 6.5, 11.5 ],
    "to": [ 12, 9.5, 12 ],
    "faces": {
        "down":  { "uv": [ 12.5, 12, 3.5, 11.5 ], "texture": "#texture" },
        "up":    { "uv": [ 3.5, 11.5, 12.5, 12 ], "texture": "#texture" },
        "north": { "uv": [ 4, 6.5, 13, 9.5 ], "texture": "#texture" },
        "south": { "uv": [ 3, 6.5, 12, 9.5 ], "texture": "#texture" },
        "west":  { "uv": [ 11.5, 6.5, 12, 9.5 ], "texture": "#texture" },
        "east":  { "uv": [ 4, 6.5, 4.5, 9.5 ], "texture": "#texture" }
    }
},
{
    "from": [ 3, 9.5, 11 ],
    "to": [ 12, 10.5, 11.5 ],
    "faces": {
        "down":  { "uv": [ 13, 11.5, 4, 11 ], "texture": "#texture" },
        "up":    { "uv": [ 3, 11, 12, 11.5 ], "texture": "#texture" },
        "north": { "uv": [ 4, 5.5, 13, 6.5 ], "texture": "#texture" },
        "south": { "uv": [ 3, 5.5, 12, 6.5 ], "texture": "#texture" },
        "west":  { "uv": [ 11, 5.5, 11.5, 6.5 ], "texture": "#texture" },
        "east":  { "uv": [ 4.5, 5.5, 5, 6.5 ], "texture": "#texture" }
    }
},
{
    "from": [ 3, 5.5, 11 ],
    "to": [ 12, 6.5, 11.5 ],
    "faces": {
        "down":  { "uv": [ 13, 11.5, 4, 11 ], "texture": "#texture" },
        "up":    { "uv": [ 3, 11, 12, 11.5 ], "texture": "#texture" },
        "north": { "uv": [ 4, 9.5, 13, 10.5 ], "texture": "#texture" },
        "south": { "uv": [ 3, 9.5, 12, 10.5 ], "texture": "#texture" },
        "west":  { "uv": [ 11, 9.5, 11.5, 10.5 ], "texture": "#texture" },
        "east":  { "uv": [ 4.5, 9.5, 5, 10.5 ], "texture": "#texture" }
    }
},
{
    "from": [ 3, 5.5, 4.5 ],
    "to": [ 12, 6.5, 5 ],
    "faces": {
        "down":  { "uv": [ 13, 5, 4, 4.5 ], "texture": "#texture" },
        "up":    { "uv": [ 3, 4.5, 12, 5 ], "texture": "#texture" },
        "north": { "uv": [ 4, 9.5, 13, 10.5 ], "texture": "#texture" },
        "south": { "uv": [ 3, 9.5, 12, 10.5 ], "texture": "#texture" },
        "west":  { "uv": [ 4.5, 9.5, 5, 10.5 ], "texture": "#texture" },
        "east":  { "uv": [ 11, 9.5, 11.5, 10.5 ], "texture": "#texture" }
    }
},
{
    "from": [ 3, 9.5, 4.5 ],
    "to": [ 12, 10.5, 5 ],
    "faces": {
        "down":  { "uv": [ 13, 5, 4, 4.5 ], "texture": "#texture" },
        "up":    { "uv": [ 3, 4.5, 12, 5 ], "texture": "#texture" },
        "north": { "uv": [ 4, 5.5, 13, 6.5 ], "texture": "#texture" },
        "south": { "uv": [ 3, 5.5, 12, 6.5 ], "texture": "#texture" },
        "west":  { "uv": [ 4.5, 5.5, 5, 6.5 ], "texture": "#texture" },
        "east":  { "uv": [ 11, 5.5, 11.5, 6.5 ], "texture": "#texture" }
    }
},
{
    "from": [ 3, 10.5, 5 ],
    "to": [ 12, 11, 5.5 ],
    "faces": {
        "down":  { "uv": [ 13, 5.5, 4, 5 ], "texture": "#texture" },
        "up":    { "uv": [ 3, 5, 12, 5.5 ], "texture": "#texture" },
        "north": { "uv": [ 4, 5, 13, 5.5 ], "texture": "#texture" },
        "south": { "uv": [ 3, 5, 12, 5.5 ], "texture": "#texture" },
        "west":  { "uv": [ 5, 5, 5.5, 5.5 ], "texture": "#texture" },
        "east":  { "uv": [ 10.5, 5, 11, 5.5 ], "texture": "#texture" }
    }
},
{
    "from": [ 3, 11, 5.5 ],
    "to": [ 12, 11.5, 6.5 ],
    "faces": {
        "down":  { "uv": [ 13, 6.5, 4, 5.5 ], "texture": "#texture" },
        "up":    { "uv": [ 3, 5.5, 12, 6.5 ], "texture": "#texture" },
        "north": { "uv": [ 4, 4.5, 13, 5 ], "texture": "#texture" },
        "south": { "uv": [ 3, 4.5, 12, 5 ], "texture": "#texture" },
        "west":  { "uv": [ 5.5, 4.5, 6.5, 5 ], "texture": "#texture" },
        "east":  { "uv": [ 9.5, 4.5, 10.5, 5 ], "texture": "#texture" }
    }
},
{
    "from": [ 3, 10.5, 10.5 ],
    "to": [ 12, 11, 11 ],
    "faces": {
        "down":  { "uv": [ 13, 11, 4, 10.5 ], "texture": "#texture" },
        "up":    { "uv": [ 3, 10.5, 12, 11 ], "texture": "#texture" },
        "north": { "uv": [ 4, 5, 13, 5.5 ], "texture": "#texture" },
        "south": { "uv": [ 3, 5, 12, 5.5 ], "texture": "#texture" },
        "west":  { "uv": [ 10.5, 5, 11, 5.5 ], "texture": "#texture" },
        "east":  { "uv": [ 5, 5, 5.5, 5.5 ], "texture": "#texture" }
    }
},
{
    "from": [ 3, 11, 9.5 ],
    "to": [ 12, 11.5, 10.5 ],
    "faces": {
        "down":  { "uv": [ 13, 10.5, 4, 9.5 ], "texture": "#texture" },
        "up":    { "uv": [ 3, 9.5, 12, 10.5 ], "texture": "#texture" },
        "north": { "uv": [ 4, 4.5, 13, 5 ], "texture": "#texture" },
        "south": { "uv": [ 3, 4.5, 12, 5 ], "texture": "#texture" },
        "west":  { "uv": [ 9.5, 4.5, 10.5, 5 ], "texture": "#texture" },
        "east":  { "uv": [ 5.5, 4.5, 6.5, 5 ], "texture": "#texture" }
    }
},
{
    "from": [ 3, 4.5, 5.5 ],
    "to": [ 12, 5, 6.5 ],
    "faces": {
        "down":  { "uv": [ 13, 6.5, 4, 5.5 ], "texture": "#texture" },
        "up":    { "uv": [ 3, 5.5, 12, 6.5 ], "texture": "#texture" },
        "north": { "uv": [ 4, 11, 13, 11.5 ], "texture": "#texture" },
        "south": { "uv": [ 3, 11, 12, 11.5 ], "texture": "#texture" },
        "west":  { "uv": [ 5.5, 11, 6.5, 11.5 ], "texture": "#texture" },
        "east":  { "uv": [ 9.5, 11, 10.5, 11.5 ], "texture": "#texture" }
    }
},
{
    "from": [ 3, 4.5, 9.5 ],
    "to": [ 12, 5, 10.5 ],
    "faces": {
        "down":  { "uv": [ 13, 10.5, 4, 9.5 ], "texture": "#texture" },
        "up":    { "uv": [ 3, 9.5, 12, 10.5 ], "texture": "#texture" },
        "north": { "uv": [ 4, 11, 13, 11.5 ], "texture": "#texture" },
        "south": { "uv": [ 3, 11, 12, 11.5 ], "texture": "#texture" },
        "west":  { "uv": [ 9.5, 11, 10.5, 11.5 ], "texture": "#texture" },
        "east":  { "uv": [ 5.5, 11, 6.5, 11.5 ], "texture": "#texture" }
    }
},
{
    "from": [ 3, 5, 10.5 ],
    "to": [ 12, 5.5, 11 ],
    "faces": {
        "down":  { "uv": [ 13, 11, 4, 10.5 ], "texture": "#texture" },
        "up":    { "uv": [ 3, 10.5, 12, 11 ], "texture": "#texture" },
        "north": { "uv": [ 4, 10.5, 13, 11 ], "texture": "#texture" },
        "south": { "uv": [ 3, 10.5, 12, 11 ], "texture": "#texture" },
        "west":  { "uv": [ 10.5, 10.5, 11, 11 ], "texture": "#texture" },
        "east":  { "uv": [ 5, 10.5, 5.5, 11 ], "texture": "#texture" }
    }
},
{
    "from": [ 3, 5, 5 ],
    "to": [ 12, 5.5, 5.5 ],
    "faces": {
        "down":  { "uv": [ 13, 5.5, 4, 5 ], "texture": "#texture" },
        "up":    { "uv": [ 3, 5, 12, 5.5 ], "texture": "#texture" },
        "north": { "uv": [ 4, 10.5, 13, 11 ], "texture": "#texture" },
        "south": { "uv": [ 3, 10.5, 12, 11 ], "texture": "#texture" },
        "west":  { "uv": [ 5, 10.5, 5.5, 11 ], "texture": "#texture" },
        "east":  { "uv": [ 10.5, 10.5, 11, 11 ], "texture": "#texture" }
    }
},
{
    "from": [ 2.5, 10.5, 6.5 ],
    "to": [ 12.5, 11.5, 9.5 ],
    "faces": {
        "down":  { "uv": [ 13.5, 9.5, 3.5, 6.5 ], "texture": "#texture" },
        "up":    { "uv": [ 2.5, 6.5, 12.5, 9.5 ], "texture": "#texture" },
        "north": { "uv": [ 3, 4.5, 13, 5.5 ], "texture": "#texture" },
        "south": { "uv": [ 3, 4.5, 13, 5.5 ], "texture": "#texture" },
        "west":  { "uv": [ 6.5, 4.5, 9.5, 5.5 ], "texture": "#texture" },
        "east":  { "uv": [ 6.5, 4.5, 9.5, 5.5 ], "texture": "#texture" }
    }
},
{
    "from": [ 2.5, 4.5, 6.5 ],
    "to": [ 12.5, 5.5, 9.5 ],
    "faces": {
        "down":  { "uv": [ 13.5, 9.5, 3.5, 6.5 ], "texture": "#texture" },
        "up":    { "uv": [ 2.5, 6.5, 12.5, 9.5 ], "texture": "#texture" },
        "north": { "uv": [ 3, 10.5, 13, 11.5 ], "texture": "#texture" },
        "south": { "uv": [ 3, 10.5, 13, 11.5 ], "texture": "#texture" },
        "west":  { "uv": [ 6.5, 10.5, 9.5, 11.5 ], "texture": "#texture" },
        "east":  { "uv": [ 6.5, 10.5, 9.5, 11.5 ], "texture": "#texture" }
    }
},
{
    "from": [ 2.5, 5, 5.5 ],
    "to": [ 12.5, 6, 6.5 ],
    "faces": {
        "down":  { "uv": [ 13.5, 6.5, 3.5, 5.5 ], "texture": "#texture" },
        "up":    { "uv": [ 2.5, 5.5, 12.5, 6.5 ], "texture": "#texture" },
        "north": { "uv": [ 3, 10, 13, 11 ], "texture": "#texture" },
        "south": { "uv": [ 3, 10, 13, 11 ], "texture": "#texture" },
        "west":  { "uv": [ 5.5, 10, 6.5, 11 ], "texture": "#texture" },
        "east":  { "uv": [ 9.5, 10, 10.5, 11 ], "texture": "#texture" }
    }
},
{
    "from": [ 2.5, 10, 5.5 ],
    "to": [ 12.5, 11, 6.5 ],
    "faces": {
        "down":  { "uv": [ 13.5, 6.5, 3.5, 5.5 ], "texture": "#texture" },
        "up":    { "uv": [ 2.5, 5.5, 12.5, 6.5 ], "texture": "#texture" },
        "north": { "uv": [ 3, 5, 13, 6 ], "texture": "#texture" },
        "south": { "uv": [ 3, 5, 13, 6 ], "texture": "#texture" },
        "west":  { "uv": [ 5.5, 5, 6.5, 6 ], "texture": "#texture" },
        "east":  { "uv": [ 9.5, 5, 10.5, 6 ], "texture": "#texture" }
    }
},
{
    "from": [ 2.5, 10, 9.5 ],
    "to": [ 12.5, 11, 10.5 ],
    "faces": {
        "down":  { "uv": [ 13.5, 10.5, 3.5, 9.5 ], "texture": "#texture" },
        "up":    { "uv": [ 2.5, 9.5, 12.5, 10.5 ], "texture": "#texture" },
        "north": { "uv": [ 3, 5, 13, 6 ], "texture": "#texture" },
        "south": { "uv": [ 3, 5, 13, 6 ], "texture": "#texture" },
        "west":  { "uv": [ 9.5, 5, 10.5, 6 ], "texture": "#texture" },
        "east":  { "uv": [ 5.5, 5, 6.5, 6 ], "texture": "#texture" }
    }
},
{
    "from": [ 2.5, 5, 9.5 ],
    "to": [ 12.5, 6, 10.5 ],
    "faces": {
        "down":  { "uv": [ 13.5, 10.5, 3.5, 9.5 ], "texture": "#texture" },
        "up":    { "uv": [ 2.5, 9.5, 12.5, 10.5 ], "texture": "#texture" },
        "north": { "uv": [ 3, 10, 13, 11 ], "texture": "#texture" },
        "south": { "uv": [ 3, 10, 13, 11 ], "texture": "#texture" },
        "west":  { "uv": [ 9.5, 10, 10.5, 11 ], "texture": "#texture" },
        "east":  { "uv": [ 5.5, 10, 6.5, 11 ], "texture": "#texture" }
    }
},
{
    "from": [ 2.5, 6.5, 10.5 ],
    "to": [ 12.5, 9.5, 11.5 ],
    "faces": {
        "down":  { "uv": [ 13, 11.5, 3, 10.5 ], "texture": "#texture" },
        "up":    { "uv": [ 3, 10.5, 13, 11.5 ], "texture": "#texture" },
        "north": { "uv": [ 3.5, 6.5, 13.5, 9.5 ], "texture": "#texture" },
        "south": { "uv": [ 2.5, 6.5, 12.5, 9.5 ], "texture": "#texture" },
        "west":  { "uv": [ 10.5, 6.5, 11.5, 9.5 ], "texture": "#texture" },
        "east":  { "uv": [ 4.5, 6.5, 5.5, 9.5 ], "texture": "#texture" }
    }
},
{
    "from": [ 2.5, 6.5, 4.5 ],
    "to": [ 12.5, 9.5, 5.5 ],
    "faces": {
        "down":  { "uv": [ 13, 5.5, 3, 4.5 ], "texture": "#texture" },
        "up":    { "uv": [ 3, 4.5, 13, 5.5 ], "texture": "#texture" },
        "north": { "uv": [ 3.5, 6.5, 13.5, 9.5 ], "texture": "#texture" },
        "south": { "uv": [ 2.5, 6.5, 12.5, 9.5 ], "texture": "#texture" },
        "west":  { "uv": [ 4.5, 6.5, 5.5, 9.5 ], "texture": "#texture" },
        "east":  { "uv": [ 10.5, 6.5, 11.5, 9.5 ], "texture": "#texture" }
    }
},
{
    "from": [ 2.5, 9.5, 5 ],
    "to": [ 12.5, 10.5, 5.5 ],
    "faces": {
        "down":  { "uv": [ 13, 5.5, 3, 5 ], "texture": "#texture" },
        "up":    { "uv": [ 3, 5, 13, 5.5 ], "texture": "#texture" },
        "north": { "uv": [ 3.5, 5.5, 13.5, 6.5 ], "texture": "#texture" },
        "south": { "uv": [ 2.5, 5.5, 12.5, 6.5 ], "texture": "#texture" },
        "west":  { "uv": [ 5, 5.5, 5.5, 6.5 ], "texture": "#texture" },
        "east":  { "uv": [ 10.5, 5.5, 11, 6.5 ], "texture": "#texture" }
    }
},
{
    "from": [ 2.5, 9.5, 5.5 ],
    "to": [ 12.5, 10, 6 ],
    "faces": {
        "down":  { "uv": [ 13.5, 6, 3.5, 5.5 ], "texture": "#texture" },
        "up":    { "uv": [ 2.5, 5.5, 12.5, 6 ], "texture": "#texture" },
        "north": { "uv": [ 3.5, 6, 13.5, 6.5 ], "texture": "#texture" },
        "south": { "uv": [ 2.5, 6, 12.5, 6.5 ], "texture": "#texture" },
        "west":  { "uv": [ 5.5, 6, 6, 6.5 ], "texture": "#texture" },
        "east":  { "uv": [ 10, 6, 10.5, 6.5 ], "texture": "#texture" }
    }
},
{
    "from": [ 2.5, 9.5, 10 ],
    "to": [ 12.5, 10, 10.5 ],
    "faces": {
        "down":  { "uv": [ 13.5, 10.5, 3.5, 10 ], "texture": "#texture" },
        "up":    { "uv": [ 2.5, 10, 12.5, 10.5 ], "texture": "#texture" },
        "north": { "uv": [ 3.5, 6, 13.5, 6.5 ], "texture": "#texture" },
        "south": { "uv": [ 2.5, 6, 12.5, 6.5 ], "texture": "#texture" },
        "west":  { "uv": [ 10, 6, 10.5, 6.5 ], "texture": "#texture" },
        "east":  { "uv": [ 5.5, 6, 6, 6.5 ], "texture": "#texture" }
    }
},
{
    "from": [ 2.5, 9.5, 10.5 ],
    "to": [ 12.5, 10.5, 11 ],
    "faces": {
        "down":  { "uv": [ 13, 11, 3, 10.5 ], "texture": "#texture" },
        "up":    { "uv": [ 3, 10.5, 13, 11 ], "texture": "#texture" },
        "north": { "uv": [ 3.5, 5.5, 13.5, 6.5 ], "texture": "#texture" },
        "south": { "uv": [ 2.5, 5.5, 12.5, 6.5 ], "texture": "#texture" },
        "west":  { "uv": [ 10.5, 5.5, 11, 6.5 ], "texture": "#texture" },
        "east":  { "uv": [ 5, 5.5, 5.5, 6.5 ], "texture": "#texture" }
    }
},
{
    "from": [ 2.5, 5.5, 10.5 ],
    "to": [ 12.5, 6.5, 11 ],
    "faces": {
        "down":  { "uv": [ 13, 11, 3, 10.5 ], "texture": "#texture" },
        "up":    { "uv": [ 3, 10.5, 13, 11 ], "texture": "#texture" },
        "north": { "uv": [ 3.5, 9.5, 13.5, 10.5 ], "texture": "#texture" },
        "south": { "uv": [ 2.5, 9.5, 12.5, 10.5 ], "texture": "#texture" },
        "west":  { "uv": [ 10.5, 9.5, 11, 10.5 ], "texture": "#texture" },
        "east":  { "uv": [ 5, 9.5, 5.5, 10.5 ], "texture": "#texture" }
    }
},
{
    "from": [ 2.5, 6, 10 ],
    "to": [ 12.5, 6.5, 10.5 ],
    "faces": {
        "down":  { "uv": [ 13.5, 10.5, 3.5, 10 ], "texture": "#texture" },
        "up":    { "uv": [ 2.5, 10, 12.5, 10.5 ], "texture": "#texture" },
        "north": { "uv": [ 3.5, 9.5, 13.5, 10 ], "texture": "#texture" },
        "south": { "uv": [ 2.5, 9.5, 12.5, 10 ], "texture": "#texture" },
        "west":  { "uv": [ 10, 9.5, 10.5, 10 ], "texture": "#texture" },
        "east":  { "uv": [ 5.5, 9.5, 6, 10 ], "texture": "#texture" }
    }
},
{
    "from": [ 2.5, 6, 5.5 ],
    "to": [ 12.5, 6.5, 6 ],
    "faces": {
        "down":  { "uv": [ 13.5, 6, 3.5, 5.5 ], "texture": "#texture" },
        "up":    { "uv": [ 2.5, 5.5, 12.5, 6 ], "texture": "#texture" },
        "north": { "uv": [ 3.5, 9.5, 13.5, 10 ], "texture": "#texture" },
        "south": { "uv": [ 2.5, 9.5, 12.5, 10 ], "texture": "#texture" },
        "west":  { "uv": [ 5.5, 9.5, 6, 10 ], "texture": "#texture" },
        "east":  { "uv": [ 10, 9.5, 10.5, 10 ], "texture": "#texture" }
    }
},
{
    "from": [ 2.5, 5.5, 5 ],
    "to": [ 12.5, 6.5, 5.5 ],
    "faces": {
        "down":  { "uv": [ 13, 5.5, 3, 5 ], "texture": "#texture" },
        "up":    { "uv": [ 3, 5, 13, 5.5 ], "texture": "#texture" },
        "north": { "uv": [ 3.5, 9.5, 13.5, 10.5 ], "texture": "#texture" },
        "south": { "uv": [ 2.5, 9.5, 12.5, 10.5 ], "texture": "#texture" },
        "west":  { "uv": [ 5, 9.5, 5.5, 10.5 ], "texture": "#texture" },
        "east":  { "uv": [ 10.5, 9.5, 11, 10.5 ], "texture": "#texture" }
    }
},
{
    "from": [ 2, 5.5, 6.5 ],
    "to": [ 13, 6.5, 9.5 ],
    "faces": {
        "down":  { "uv": [ 14, 9.5, 3, 6.5 ], "texture": "#texture" },
        "up":    { "uv": [ 2, 6.5, 13, 9.5 ], "texture": "#texture" },
        "north": { "uv": [ 2.5, 9.5, 13.5, 10.5 ], "texture": "#texture" },
        "south": { "uv": [ 2.5, 9.5, 13.5, 10.5 ], "texture": "#texture" },
        "west":  { "uv": [ 6.5, 9.5, 9.5, 10.5 ], "texture": "#texture" },
        "east":  { "uv": [ 6.5, 9.5, 9.5, 10.5 ], "texture": "#texture" }
    }
},
{
    "from": [ 2, 6.5, 5.5 ],
    "to": [ 13, 9.5, 6.5 ],
    "faces": {
        "down":  { "uv": [ 13.5, 6.5, 2.5, 5.5 ], "texture": "#texture" },
        "up":    { "uv": [ 2.5, 5.5, 13.5, 6.5 ], "texture": "#texture" },
        "north": { "uv": [ 3, 6.5, 14, 9.5 ], "texture": "#texture" },
        "south": { "uv": [ 2, 6.5, 13, 9.5 ], "texture": "#texture" },
        "west":  { "uv": [ 5.5, 6.5, 6.5, 9.5 ], "texture": "#texture" },
        "east":  { "uv": [ 9.5, 6.5, 10.5, 9.5 ], "texture": "#texture" }
    }
},
{
    "from": [ 2, 6.5, 9.5 ],
    "to": [ 13, 9.5, 10.5 ],
    "faces": {
        "down":  { "uv": [ 13.5, 10.5, 2.5, 9.5 ], "texture": "#texture" },
        "up":    { "uv": [ 2.5, 9.5, 13.5, 10.5 ], "texture": "#texture" },
        "north": { "uv": [ 3, 6.5, 14, 9.5 ], "texture": "#texture" },
        "south": { "uv": [ 2, 6.5, 13, 9.5 ], "texture": "#texture" },
        "west":  { "uv": [ 9.5, 6.5, 10.5, 9.5 ], "texture": "#texture" },
        "east":  { "uv": [ 5.5, 6.5, 6.5, 9.5 ], "texture": "#texture" }
    }
},
{
    "from": [ 2, 9.5, 9.5 ],
    "to": [ 13, 10, 10 ],
    "faces": {
        "down":  { "uv": [ 13.5, 10, 2.5, 9.5 ], "texture": "#texture" },
        "up":    { "uv": [ 2.5, 9.5, 13.5, 10 ], "texture": "#texture" },
        "north": { "uv": [ 2.5, 6, 13.5, 6.5 ], "texture": "#texture" },
        "south": { "uv": [ 2.5, 6, 13.5, 6.5 ], "texture": "#texture" },
        "west":  { "uv": [ 9.5, 6, 10, 6.5 ], "texture": "#texture" },
        "east":  { "uv": [ 6, 6, 6.5, 6.5 ], "texture": "#texture" }
    }
},
{
    "from": [ 2, 9.5, 6 ],
    "to": [ 13, 10, 6.5 ],
    "faces": {
        "down":  { "uv": [ 13.5, 6.5, 2.5, 6 ], "texture": "#texture" },
        "up":    { "uv": [ 2.5, 6, 13.5, 6.5 ], "texture": "#texture" },
        "north": { "uv": [ 2.5, 6, 13.5, 6.5 ], "texture": "#texture" },
        "south": { "uv": [ 2.5, 6, 13.5, 6.5 ], "texture": "#texture" },
        "west":  { "uv": [ 6, 6, 6.5, 6.5 ], "texture": "#texture" },
        "east":  { "uv": [ 9.5, 6, 10, 6.5 ], "texture": "#texture" }
    }
},
{
    "from": [ 2, 6, 6 ],
    "to": [ 13, 6.5, 6.5 ],
    "faces": {
        "down":  { "uv": [ 13.5, 6.5, 2.5, 6 ], "texture": "#texture" },
        "up":    { "uv": [ 2.5, 6, 13.5, 6.5 ], "texture": "#texture" },
        "north": { "uv": [ 2.5, 9.5, 13.5, 10 ], "texture": "#texture" },
        "south": { "uv": [ 2.5, 9.5, 13.5, 10 ], "texture": "#texture" },
        "west":  { "uv": [ 6, 9.5, 6.5, 10 ], "texture": "#texture" },
        "east":  { "uv": [ 9.5, 9.5, 10, 10 ], "texture": "#texture" }
    }
},
{
    "from": [ 2, 6, 9.5 ],
    "to": [ 13, 6.5, 10 ],
    "faces": {
        "down":  { "uv": [ 13.5, 10, 2.5, 9.5 ], "texture": "#texture" },
        "up":    { "uv": [ 2.5, 9.5, 13.5, 10 ], "texture": "#texture" },
        "north": { "uv": [ 2.5, 9.5, 13.5, 10 ], "texture": "#texture" },
        "south": { "uv": [ 2.5, 9.5, 13.5, 10 ], "texture": "#texture" },
        "west":  { "uv": [ 9.5, 9.5, 10, 10 ], "texture": "#texture" },
        "east":  { "uv": [ 6, 9.5, 6.5, 10 ], "texture": "#texture" }
    }
},
{
    "from": [ 1.5, 6.5, 6.5 ],
    "to": [ 13.5, 9.5, 9.5 ],
    "faces": {
        "down":  { "uv": [ 14, 9.5, 2, 6.5 ], "texture": "#texture" },
        "up":    { "uv": [ 2, 6.5, 14, 9.5 ], "texture": "#texture" },
        "north": { "uv": [ 2, 6.5, 14, 9.5 ], "texture": "#texture" },
        "south": { "uv": [ 2, 6.5, 14, 9.5 ], "texture": "#texture" },
        "west":  { "uv": [ 6.5, 6.5, 9.5, 9.5 ], "texture": "#texture" },
        "east":  { "uv": [ 6.5, 6.5, 9.5, 9.5 ], "texture": "#texture" }
    }
},
{
    "from": [ 2, 9.5, 6.5 ],
    "to": [ 13, 10.5, 9.5 ],
    "faces": {
        "down":  { "uv": [ 14, 9.5, 3, 6.5 ], "texture": "#texture" },
        "up":    { "uv": [ 2, 6.5, 13, 9.5 ], "texture": "#texture" },
        "north": { "uv": [ 2.5, 5.5, 13.5, 6.5 ], "texture": "#texture" },
        "south": { "uv": [ 2.5, 5.5, 13.5, 6.5 ], "texture": "#texture" },
        "west":  { "uv": [ 6.5, 5.5, 9.5, 6.5 ], "texture": "#texture" },
        "east":  { "uv": [ 6.5, 5.5, 9.5, 6.5 ], "texture": "#texture" }
    }
},
{
    "from": [ 4, 3, 6.5 ],
    "to": [ 11, 3.5, 9.5 ],
    "faces": {
        "down":  { "uv": [ 12, 9.5, 5, 6.5 ], "texture": "#texture" },
        "up":    { "uv": [ 4, 6.5, 11, 9.5 ], "texture": "#texture" },
        "north": { "uv": [ 4.5, 3, 11.5, 3.5 ], "texture": "#texture" },
        "south": { "uv": [ 4.5, 3, 11.5, 3.5 ], "texture": "#texture" },
        "west":  { "uv": [ 6.5, 3, 9.5, 3.5 ], "texture": "#texture" },
        "east":  { "uv": [ 6.5, 3, 9.5, 3.5 ], "texture": "#texture" }
    }
}
],
"display": {
    "thirdperson": {
        "rotation": [ 0, 0, 0 ],
        "translation": [ 0, 1.7, -1.2 ],
        "scale": [ 0.5, 0.5, 0.5 ]
    },
    "head": {
        "rotation": [ 0, 0, 0 ],
        "translation": [ 0.4, 0, 0 ],
        "scale": [ 2, 2, 2 ]
    },
    "ground": {
        "rotation": [ 0, 0, 0 ],
        "translation": [ 0, -12.3, 0 ],
        "scale": [ 1, 1, 1 ]
    },
    "fixed": {
        "rotation": [ 0, 0, 0 ],
        "translation": [ 0, 0, 0 ],
        "scale": [ 2, 2, 2 ]
    },
    "firstperson": {
        "rotation": [ 0, 0, 0 ],
        "translation": [ 0, 1.8, 0 ],
        "scale": [ 1.5, 1.5, 1.5 ]
    },
    "gui": {
        "rotation": [ 0, 0, 0 ],
        "translation": [ 0, 0, 0 ],
        "scale": [ 1.6, 1.6, 1.6 ]
    }
}
}