{
    "__comment": "Model generated using MrCrayfish's Model Creator (http://mrcrayfish.com/modelcreator/)",
    "textures": {
        "0": "blocks/PB_Front",
        "1": "blocks/PB_Right",
        "2": "blocks/PB_Back",
        "3": "blocks/PB_Left",
        "4": "blocks/PB_Top",
        "5": "blocks/PB_Low",
        "6": "blocks/baller_strap"
    },
    "elements": [
        {
            "name": "Head",
            "from": [ 0.0, 0.0, 0.0 ], 
            "to": [ 16.0, 16.0, 16.0 ], 
            "faces": {
                "north": { "texture": "#0", "uv": [ 0.0, 0.0, 16.0, 16.0 ] },
                "east": { "texture": "#1", "uv": [ 0.0, 0.0, 16.0, 16.0 ] },
                "south": { "texture": "#2", "uv": [ 0.0, 0.0, 16.0, 16.0 ] },
                "west": { "texture": "#3", "uv": [ 0.0, 0.0, 16.0, 16.0 ] },
                "up": { "texture": "#4", "uv": [ 0.0, 0.0, 16.0, 16.0 ] },
                "down": { "texture": "#5", "uv": [ 0.0, 0.0, 16.0, 16.0 ] }
            }
        },
        {
            "name": "GlassA",
            "from": [ 2.0, 6.0, -1.0 ], 
            "to": [ 14.0, 8.0, 0.0 ], 
            "faces": {
                "north": { "texture": "#0", "uv": [ 2.0, 8.0, 14.0, 10.0 ] },
                "east": { "texture": "#-1", "uv": [ 0.0, 0.0, 1.0, 2.0 ] },
                "south": { "texture": "#-1", "uv": [ 0.0, 0.0, 12.0, 2.0 ] },
                "west": { "texture": "#-1", "uv": [ 0.0, 0.0, 1.0, 2.0 ] },
                "up": { "texture": "#-1", "uv": [ 0.0, 0.0, 12.0, 1.0 ] },
                "down": { "texture": "#-1", "uv": [ 0.0, 0.0, 12.0, 1.0 ] }
            }
        },
        {
            "name": "GlassB",
            "from": [ 2.0, 4.0, -1.0 ], 
            "to": [ 6.0, 6.0, 0.0 ], 
            "faces": {
                "north": { "texture": "#0", "uv": [ 10.0, 10.0, 14.0, 12.0 ] },
                "east": { "texture": "#-1", "uv": [ 0.0, 0.0, 1.0, 2.0 ] },
                "south": { "texture": "#-1", "uv": [ 0.0, 0.0, 4.0, 2.0 ] },
                "west": { "texture": "#-1", "uv": [ 0.0, 0.0, 1.0, 2.0 ] },
                "up": { "texture": "#-1", "uv": [ 0.0, 0.0, 4.0, 1.0 ] },
                "down": { "texture": "#-1", "uv": [ 0.0, 0.0, 4.0, 1.0 ] }
            }
        },
        {
            "name": "GlassC",
            "from": [ 10.0, 4.0, -1.0 ], 
            "to": [ 14.0, 6.0, 0.0 ], 
            "faces": {
                "north": { "texture": "#0", "uv": [ 2.0, 10.0, 6.0, 12.0 ] },
                "east": { "texture": "#-1", "uv": [ 0.0, 0.0, 1.0, 2.0 ] },
                "south": { "texture": "#-1", "uv": [ 0.0, 0.0, 4.0, 2.0 ] },
                "west": { "texture": "#-1", "uv": [ 0.0, 0.0, 1.0, 2.0 ] },
                "up": { "texture": "#-1", "uv": [ 0.0, 0.0, 4.0, 1.0 ] },
                "down": { "texture": "#-1", "uv": [ 0.0, 0.0, 4.0, 1.0 ] }
            }
        },
        {
            "name": "Mask1",
            "from": [ 4.0, 0.0, -1.5000000074505806 ], 
            "to": [ 12.0, 2.0, 0.0 ], 
            "faces": {
                "north": { "texture": "#0", "uv": [ 4.0, 14.0, 12.0, 16.0 ] },
                "east": { "texture": "#6", "uv": [ 0.0, 2.0, 1.5000000074505806, 4.0 ] },
                "south": { "texture": "#6", "uv": [ 0.0, 0.0, 8.0, 2.0 ] },
                "west": { "texture": "#6", "uv": [ 0.0, 0.0, 1.5000000074505806, 2.0 ] },
                "up": { "texture": "#6", "uv": [ 0.0, 0.0, 8.0, 1.5000000074505806 ] },
                "down": { "texture": "#6", "uv": [ 0.0, 0.0, 8.0, 1.5000000074505806 ] }
            }
        },
        {
            "name": "Mask2",
            "from": [ 2.0, 2.0, -1.5000000074505806 ], 
            "to": [ 14.0, 4.0, 0.0 ], 
            "faces": {
                "north": { "texture": "#0", "uv": [ 2.0, 12.0, 14.0, 14.0 ] },
                "east": { "texture": "#6", "uv": [ 0.0, 2.0, 1.5000000074505806, 4.0 ] },
                "south": { "texture": "#6", "uv": [ 0.0, 0.0, 12.0, 2.0 ] },
                "west": { "texture": "#6", "uv": [ 0.0, 0.0, 1.5000000074505806, 2.0 ] },
                "up": { "texture": "#6", "uv": [ 0.0, 0.0, 12.0, 1.5000000074505806 ] },
                "down": { "texture": "#6", "uv": [ 0.0, 0.0, 12.0, 1.5000000074505806 ] }
            }
        },
        {
            "name": "Mask3",
            "from": [ 6.0, 4.0, -1.5000000074505806 ], 
            "to": [ 10.0, 6.0, 0.0 ], 
            "faces": {
                "north": { "texture": "#0", "uv": [ 6.0, 10.0, 10.0, 12.0 ] },
                "east": { "texture": "#6", "uv": [ 0.0, 2.0, 1.5000000074505806, 4.0 ] },
                "south": { "texture": "#6", "uv": [ 0.0, 0.0, 4.0, 2.0 ] },
                "west": { "texture": "#6", "uv": [ 0.0, 0.0, 1.5000000074505806, 2.0 ] },
                "up": { "texture": "#6", "uv": [ 0.0, 0.0, 4.0, 1.5000000074505806 ] },
                "down": { "texture": "#6", "uv": [ 0.0, 0.0, 4.0, 1.5000000074505806 ] }
            }
        },
        {
            "name": "Mask4",
            "from": [ 14.0, 4.0, -1.5000000074505806 ], 
            "to": [ 16.0, 10.0, 0.0 ], 
            "faces": {
                "north": { "texture": "#0", "uv": [ 0.0, 6.0, 2.0, 12.0 ] },
                "east": { "texture": "#6", "uv": [ 0.0, 0.0, 1.5000000074505806, 6.0 ] },
                "south": { "texture": "#6", "uv": [ 0.0, 0.0, 2.0, 6.0 ] },
                "west": { "texture": "#6", "uv": [ 0.0, 0.0, 1.5000000074505806, 6.0 ] },
                "up": { "texture": "#6", "uv": [ 0.0, 0.0, 2.0, 1.5000000074505806 ] },
                "down": { "texture": "#6", "uv": [ 0.0, 0.0, 2.0, 1.5000000074505806 ] }
            }
        },
        {
            "name": "Mask5",
            "from": [ 0.0, 4.0, -1.5000000074505806 ], 
            "to": [ 2.0, 10.0, 0.0 ], 
            "faces": {
                "north": { "texture": "#0", "uv": [ 14.0, 6.0, 16.0, 12.0 ] },
                "east": { "texture": "#6", "uv": [ 0.0, 0.0, 1.5000000074505806, 6.0 ] },
                "south": { "texture": "#6", "uv": [ 0.0, 0.0, 2.0, 6.0 ] },
                "west": { "texture": "#6", "uv": [ 0.0, 0.0, 1.5000000074505806, 6.0 ] },
                "up": { "texture": "#6", "uv": [ 0.0, 0.0, 2.0, 1.5000000074505806 ] },
                "down": { "texture": "#6", "uv": [ 0.0, 0.0, 2.0, 1.5000000074505806 ] }
            }
        },
        {
            "name": "Mask6",
            "from": [ 2.0, 8.0, -1.5000000074505806 ], 
            "to": [ 14.0, 12.0, 0.0 ], 
            "faces": {
                "north": { "texture": "#0", "uv": [ 2.0, 4.0, 14.0, 8.0 ] },
                "east": { "texture": "#6", "uv": [ 0.0, 0.0, 1.5000000074505806, 4.0 ] },
                "south": { "texture": "#6", "uv": [ 0.0, 0.0, 12.0, 4.0 ] },
                "west": { "texture": "#6", "uv": [ 0.0, 0.0, 1.5000000074505806, 4.0 ] },
                "up": { "texture": "#6", "uv": [ 0.0, 0.0, 12.0, 1.5000000074505806 ] },
                "down": { "texture": "#6", "uv": [ 0.0, 0.0, 12.0, 1.5000000074505806 ] }
            }
        },
        {
            "name": "M_Back",
            "from": [ 0.0, 6.0, 16.0 ], 
            "to": [ 16.0, 8.0, 17.50000000745058 ], 
            "faces": {
                "north": { "texture": "#6", "uv": [ 0.0, 0.0, 16.0, 2.0 ] },
                "east": { "texture": "#6", "uv": [ 0.0, 0.0, 1.5000000074505806, 2.0 ] },
                "south": { "texture": "#2", "uv": [ 0.0, 8.0, 16.0, 10.0 ] },
                "west": { "texture": "#6", "uv": [ 0.0, 0.0, 1.5000000074505806, 2.0 ] },
                "up": { "texture": "#6", "uv": [ 0.0, 0.0, 16.0, 1.5000000074505806 ] },
                "down": { "texture": "#6", "uv": [ 0.0, 0.0, 16.0, 1.5000000074505806 ] }
            }
        },
        {
            "name": "M_Side1",
            "from": [ -1.5000000074505806, 6.0, 0.0 ], 
            "to": [ 17.50000000745058, 10.0, 2.0 ], 
            "faces": {
                "north": { "texture": "#6", "uv": [ 0.0, 0.0, 16.00000001490116, 4.0 ] },
                "east": { "texture": "#1", "uv": [ 14.0, 6.0, 16.0, 10.0 ] },
                "south": { "texture": "#6", "uv": [ 0.0, 8.0, 16.00000001490116, 12.0 ] },
                "west": { "texture": "#3", "uv": [ 0.0, 6.0, 2.0, 10.0 ] },
                "up": { "texture": "#6", "uv": [ 0.0, 5.0, 16.00000001490116, 7.0 ] },
                "down": { "texture": "#6", "uv": [ 0.0, 0.0, 16.00000001490116, 2.0 ] }
            }
        },
        {
            "name": "M_Side2",
            "from": [ -1.5000000074505806, 8.0, 2.0 ], 
            "to": [ 17.49999999254942, 10.0, 10.0 ], 
            "faces": {
                "north": { "texture": "#6", "uv": [ 0.0, 0.0, 16.0, 2.0 ] },
                "east": { "texture": "#1", "uv": [ 6.0, 6.0, 14.0, 8.0 ] },
                "south": { "texture": "#6", "uv": [ 0.0, 0.0, 16.0, 2.0 ] },
                "west": { "texture": "#3", "uv": [ 2.0, 6.0, 10.0, 8.0 ] },
                "up": { "texture": "#6", "uv": [ 0.0, 0.0, 16.0, 8.0 ] },
                "down": { "texture": "#6", "uv": [ 0.0, 0.0, 16.0, 8.0 ] }
            }
        },
        {
            "name": "M_Side3",
            "from": [ -1.5000000074505806, 6.0, 10.0 ], 
            "to": [ 17.49999999254942, 8.0, 16.0 ], 
            "faces": {
                "north": { "texture": "#6", "uv": [ 0.0, 0.0, 16.0, 2.0 ] },
                "east": { "texture": "#1", "uv": [ 0.0, 8.0, 6.0, 10.0 ] },
                "south": { "texture": "#6", "uv": [ 0.0, 0.0, 16.0, 2.0 ] },
                "west": { "texture": "#3", "uv": [ 10.0, 8.0, 16.0, 10.0 ] },
                "up": { "texture": "#6", "uv": [ 0.0, 0.0, 16.0, 6.0 ] },
                "down": { "texture": "#6", "uv": [ 0.0, 0.0, 16.0, 6.0 ] }
            }
        }
    ]
}