{
    "__comment": "Model generated using MrCrayfish's Model Creator (http://mrcrayfish.com/modelcreator/)",
    "textures": {
        "particle": "items/sgtshield",
        "0": "items/sgtshield",
        "1": "items/sgtshield"
    },
    "elements": [
        {
            "name": "Element",
            "from": [ 4.0, 0.0, 7.5 ], 
            "to": [ 12.5, 9.0, 8.0 ], 
            "faces": {
                "north": { "texture": "#0", "uv": [ 4.0, 7.0, 12.5, 16.0 ] },
                "east": { "texture": "#0", "uv": [ 4.0, 7.0, 4.5, 16.0 ] },
                "south": { "texture": "#0", "uv": [ 4.0, 7.0, 12.5, 16.0 ] },
                "west": { "texture": "#0", "uv": [ 12.0, 7.0, 12.5, 16.0 ] },
                "up": { "texture": "#0", "uv": [ 4.0, 7.0, 12.5, 7.5 ] },
                "down": { "texture": "#0", "uv": [ 12.5, 16.0, 4.0, 15.5 ], "cullface": "down" }
            }
        },
        {
            "name": "Element",
            "from": [ 2.9999999925494194, 0.5, 7.5 ], 
            "to": [ 13.49999999254942, 7.999999992549419, 8.0 ], 
            "faces": {
                "north": { "texture": "#0", "uv": [ 3.5, 7.5, 13.0, 15.5 ] },
                "east": { "texture": "#0", "uv": [ 3.5, 7.5, 4.0, 15.5 ] },
                "south": { "texture": "#0", "uv": [ 3.5, 7.5, 13.0, 15.5 ] },
                "west": { "texture": "#0", "uv": [ 12.5, 7.5, 13.0, 15.5 ] },
                "up": { "texture": "#0", "uv": [ 3.5, 7.5, 13.0, 8.0 ] },
                "down": { "texture": "#0", "uv": [ 13.0, 15.5, 3.5, 15.0 ] }
            }
        },
        {
            "name": "Element",
            "from": [ 2.9999999925494194, 1.0, 8.0 ], 
            "to": [ 13.50000000745058, 8.0, 8.5 ], 
            "faces": {
                "east": { "texture": "#0", "uv": [ 12.5, 8.0, 13.0, 15.0 ] },
                "south": { "texture": "#0", "uv": [ 3.5, 8.0, 13.0, 15.0 ] },
                "west": { "texture": "#0", "uv": [ 3.5, 8.0, 4.0, 15.0 ] },
                "up": { "texture": "#0", "uv": [ 3.5, 8.0, 13.0, 8.5 ] },
                "down": { "texture": "#0", "uv": [ 13.0, 15.0, 3.5, 14.5 ] }
            }
        },
        {
            "name": "Element",
            "from": [ 4.0, 0.5, 8.0 ], 
            "to": [ 12.5, 8.5, 8.5 ], 
            "faces": {
                "east": { "texture": "#0", "uv": [ 12.0, 7.5, 12.5, 15.5 ] },
                "south": { "texture": "#0", "uv": [ 4.0, 7.5, 12.5, 15.5 ] },
                "west": { "texture": "#0", "uv": [ 4.0, 7.5, 4.5, 15.5 ] },
                "up": { "texture": "#0", "uv": [ 4.0, 7.5, 12.5, 8.0 ] },
                "down": { "texture": "#0", "uv": [ 12.5, 15.5, 4.0, 15.0 ] }
            }
        },
        {
            "name": "Element",
            "from": [ 6.5, 8.5, 8.0 ], 
            "to": [ 10.0, 9.0, 8.5 ], 
            "faces": {
                "east": { "texture": "#0", "uv": [ 10.0, 7.0, 10.5, 7.5 ] },
                "south": { "texture": "#0", "uv": [ 6.5, 7.0, 10.0, 7.5 ] },
                "west": { "texture": "#0", "uv": [ 6.0, 7.0, 6.5, 7.5 ] },
                "up": { "texture": "#0", "uv": [ 6.5, 7.0, 10.0, 7.5 ] }
            }
        },
        {
            "name": "Element",
            "from": [ 5.5, 0.0, 8.0 ], 
            "to": [ 11.0, 0.5, 8.5 ], 
            "faces": {
                "east": { "texture": "#0", "uv": [ 10.5, 15.5, 11.0, 16.0 ] },
                "south": { "texture": "#0", "uv": [ 5.5, 15.5, 11.0, 16.0 ] },
                "west": { "texture": "#0", "uv": [ 5.5, 15.5, 6.0, 16.0 ] },
                "down": { "texture": "#0", "uv": [ 11.0, 16.0, 5.5, 15.5 ], "cullface": "down" }
            }
        },
        {
            "name": "Element",
            "from": [ 4.0, 1.0, 8.5 ], 
            "to": [ 12.5, 8.0, 9.0 ], 
            "faces": {
                "east": { "texture": "#0", "uv": [ 12.0, 8.0, 12.5, 15.0 ] },
                "south": { "texture": "#0", "uv": [ 4.0, 8.0, 12.5, 15.0 ] },
                "west": { "texture": "#0", "uv": [ 4.0, 8.0, 4.5, 15.0 ] },
                "up": { "texture": "#0", "uv": [ 4.0, 8.0, 12.5, 8.5 ] },
                "down": { "texture": "#0", "uv": [ 12.5, 15.0, 4.0, 14.5 ] }
            }
        },
        {
            "name": "Element",
            "from": [ 6.5, 8.0, 8.5 ], 
            "to": [ 10.0, 8.5, 9.0 ], 
            "faces": {
                "east": { "texture": "#0", "uv": [ 6.5, 7.5, 7.0, 8.0 ] },
                "south": { "texture": "#0", "uv": [ 6.5, 7.5, 10.0, 8.0 ] },
                "west": { "texture": "#0", "uv": [ 6.5, 7.5, 7.0, 8.0 ] },
                "up": { "texture": "#0", "uv": [ 6.5, 8.5, 10.0, 9.0 ] }
            }
        },
        {
            "name": "Element",
            "from": [ 5.5, 0.5, 8.5 ], 
            "to": [ 11.0, 1.0, 9.0 ], 
            "faces": {
                "east": { "texture": "#0", "uv": [ 10.5, 15.0, 11.0, 15.5 ] },
                "south": { "texture": "#0", "uv": [ 5.5, 15.0, 11.0, 15.5 ] },
                "west": { "texture": "#0", "uv": [ 5.5, 15.0, 6.0, 15.5 ] },
                "down": { "texture": "#0", "uv": [ 11.0, 15.5, 5.5, 15.0 ] }
            }
        },
        {
            "name": "Element",
            "from": [ 4.9375, 5.5, 9.0 ], 
            "to": [ 6.9375, 7.0, 9.5 ], 
            "rotation": { "origin": [ 4.9375, 5.5, 9.0 ], "axis": "y", "angle": -22.5 },
            "faces": {
                "east": { "texture": "#0", "uv": [ 6.5, 9.0, 7.0, 10.5 ] },
                "south": { "texture": "#0", "uv": [ 5.0, 9.0, 7.0, 10.5 ] },
                "west": { "texture": "#0", "uv": [ 9.0, 9.0, 9.5, 10.5 ] },
                "up": { "texture": "#0", "uv": [ 5.0, 9.0, 7.0, 9.5 ] },
                "down": { "texture": "#0", "uv": [ 11.0, 9.5, 9.0, 9.0 ] }
            }
        },
        {
            "name": "Element",
            "from": [ 9.625, 5.5, 9.8125 ], 
            "to": [ 11.625, 7.0, 10.3125 ], 
            "rotation": { "origin": [ 9.625, 5.5, 9.8125 ], "axis": "y", "angle": 22.5 },
            "faces": {
                "north": { "texture": "#0", "uv": [ 9.5, 9.0, 11.5, 10.5 ] },
                "east": { "texture": "#0", "uv": [ 11.0, 9.0, 11.5, 10.5 ] },
                "south": { "texture": "#0", "uv": [ 9.5, 9.0, 11.5, 10.5 ] },
                "west": { "texture": "#0", "uv": [ 9.5, 9.0, 10.0, 10.5 ] },
                "up": { "texture": "#0", "uv": [ 9.5, 9.0, 11.5, 9.5 ] },
                "down": { "texture": "#0", "uv": [ 11.5, 10.5, 9.5, 10.0 ] }
            }
        },
        {
            "name": "Element",
            "from": [ 4.0, 4.0, 9.0 ], 
            "to": [ 7.0, 7.5, 9.5 ], 
            "faces": {
                "east": { "texture": "#0", "uv": [ 6.5, 8.5, 7.0, 12.0 ] },
                "south": { "texture": "#0", "uv": [ 4.0, 8.5, 7.0, 12.0 ] },
                "west": { "texture": "#0", "uv": [ 4.0, 8.5, 4.5, 12.0 ] },
                "up": { "texture": "#0", "uv": [ 4.0, 9.0, 7.0, 9.5 ] },
                "down": { "texture": "#0", "uv": [ 7.0, 12.0, 4.0, 11.5 ] }
            }
        },
        {
            "name": "Element",
            "from": [ 9.5, 4.0, 9.0 ], 
            "to": [ 12.5, 7.5, 9.5 ], 
            "faces": {
                "east": { "texture": "#0", "uv": [ 12.0, 8.5, 12.5, 12.0 ] },
                "south": { "texture": "#0", "uv": [ 9.5, 8.5, 12.5, 12.0 ] },
                "west": { "texture": "#0", "uv": [ 9.0, 8.5, 9.5, 12.0 ] },
                "up": { "texture": "#0", "uv": [ 9.5, 8.5, 12.5, 9.0 ] },
                "down": { "texture": "#0", "uv": [ 12.5, 12.0, 9.5, 11.5 ] }
            }
        },
        {
            "name": "Element",
            "from": [ 4.5, 1.5, 9.0 ], 
            "to": [ 12.0, 4.0, 9.5 ], 
            "faces": {
                "east": { "texture": "#0", "uv": [ 11.5, 12.0, 12.0, 14.5 ] },
                "south": { "texture": "#0", "uv": [ 4.5, 12.0, 12.0, 14.5 ] },
                "west": { "texture": "#0", "uv": [ 4.5, 12.0, 5.0, 14.5 ] },
                "up": { "texture": "#0", "uv": [ 4.5, 12.0, 12.0, 12.5 ] },
                "down": { "texture": "#0", "uv": [ 12.0, 14.5, 4.5, 14.0 ] }
            }
        },
        {
            "name": "Element",
            "from": [ 6.0, 1.0, 9.0 ], 
            "to": [ 10.5, 1.5, 9.5 ], 
            "faces": {
                "east": { "texture": "#0", "uv": [ 10.0, 14.5, 10.5, 15.0 ] },
                "south": { "texture": "#0", "uv": [ 6.0, 14.5, 10.5, 15.0 ] },
                "west": { "texture": "#0", "uv": [ 6.0, 14.5, 6.5, 15.0 ] },
                "down": { "texture": "#0", "uv": [ 10.5, 15.0, 6.0, 14.5 ] }
            }
        },
        {
            "name": "Element",
            "from": [ 6.5, 1.5, 9.5 ], 
            "to": [ 10.0, 4.0, 10.0 ], 
            "faces": {
                "east": { "texture": "#0", "uv": [ 9.5, 12.0, 10.0, 14.5 ] },
                "south": { "texture": "#0", "uv": [ 6.5, 12.0, 10.0, 14.5 ] },
                "west": { "texture": "#0", "uv": [ 6.5, 12.0, 7.0, 14.5 ] },
                "up": { "texture": "#0", "uv": [ 6.5, 12.0, 10.0, 12.5 ] },
                "down": { "texture": "#0", "uv": [ 10.0, 14.5, 6.5, 14.0 ] }
            }
        },
        {
            "name": "Element",
            "from": [ 6.0, 1.5, 9.5 ], 
            "to": [ 10.5, 3.0, 10.0 ], 
            "faces": {
                "east": { "texture": "#0", "uv": [ 10.0, 13.0, 10.5, 14.5 ] },
                "south": { "texture": "#0", "uv": [ 6.0, 13.0, 10.5, 14.5 ] },
                "west": { "texture": "#0", "uv": [ 6.0, 13.0, 6.5, 14.5 ] },
                "down": { "texture": "#0", "uv": [ 10.5, 14.5, 6.0, 14.0 ] }
            }
        },
        {
            "name": "Element",
            "from": [ 7.0, 1.0, 9.5 ], 
            "to": [ 9.5, 1.5, 10.0 ], 
            "faces": {
                "east": { "texture": "#0", "uv": [ 6.0, 14.5, 6.5, 15.0 ] },
                "south": { "texture": "#0", "uv": [ 7.0, 14.5, 9.5, 15.0 ] },
                "west": { "texture": "#0", "uv": [ 9.5, 14.5, 10.0, 15.0 ] }
            }
        },
        {
            "name": "Element",
            "from": [ 7.5, 4.5, 9.0 ], 
            "to": [ 9.0, 6.0, 10.5 ], 
            "faces": {
                "east": { "texture": "#0", "uv": [ 7.5, 10.0, 9.0, 11.5 ] },
                "south": { "texture": "#0", "uv": [ 7.5, 10.0, 9.0, 11.5 ] },
                "west": { "texture": "#0", "uv": [ 7.5, 10.0, 9.0, 11.5 ] },
                "up": { "texture": "#0", "uv": [ 7.5, 10.0, 9.0, 10.5 ] },
                "down": { "texture": "#0", "uv": [ 9.0, 11.5, 7.5, 11.0 ] }
            }
        },
        {
            "name": "Element",
            "from": [ 6.0, 5.0, 9.5 ], 
            "to": [ 7.5, 7.5, 10.0 ], 
            "faces": {
                "north": { "texture": "#0", "uv": [ 8.5, 8.5, 10.0, 11.0 ] },
                "east": { "texture": "#0", "uv": [ 6.0, 8.5, 6.5, 11.0 ] },
                "south": { "texture": "#0", "uv": [ 6.0, 8.5, 7.5, 11.0 ] },
                "west": { "texture": "#0", "uv": [ 9.5, 8.5, 10.0, 11.0 ] },
                "down": { "texture": "#0", "uv": [ 10.0, 10.0, 8.5, 9.5 ] }
            }
        },
        {
            "name": "Element",
            "from": [ 9.0, 5.0, 9.5 ], 
            "to": [ 10.5, 7.5, 10.0 ], 
            "faces": {
                "north": { "texture": "#0", "uv": [ 5.5, 8.5, 7.0, 11.0 ] },
                "east": { "texture": "#0", "uv": [ 6.0, 8.5, 6.5, 11.0 ] },
                "south": { "texture": "#0", "uv": [ 9.0, 8.5, 10.5, 11.0 ] },
                "west": { "texture": "#0", "uv": [ 9.5, 8.5, 10.0, 11.0 ] },
                "down": { "texture": "#0", "uv": [ 7.0, 10.0, 5.5, 9.5 ] }
            }
        },
        {
            "name": "Element",
            "from": [ 7.5, 6.0, 9.0 ], 
            "to": [ 9.0, 7.5, 10.0 ], 
            "faces": {
                "east": { "texture": "#0", "uv": [ 8.5, 8.5, 9.0, 10.0 ] },
                "south": { "texture": "#0", "uv": [ 7.5, 8.5, 9.0, 10.0 ] },
                "west": { "texture": "#0", "uv": [ 7.5, 8.5, 8.0, 10.0 ] },
                "up": { "texture": "#0", "uv": [ 7.5, 8.5, 9.0, 9.0 ] }
            }
        },
        {
            "name": "Element",
            "from": [ 7.0, 7.0, 9.0 ], 
            "to": [ 9.5, 8.5, 9.5 ], 
            "faces": {
                "north": { "texture": "#0", "uv": [ 7.0, 7.5, 9.5, 9.0 ] },
                "east": { "texture": "#0", "uv": [ 9.0, 7.5, 9.5, 9.0 ] },
                "south": { "texture": "#0", "uv": [ 7.0, 7.5, 9.5, 9.0 ] },
                "west": { "texture": "#0", "uv": [ 7.0, 7.5, 7.5, 9.0 ] },
                "up": { "texture": "#0", "uv": [ 7.0, 7.5, 9.5, 8.0 ] },
                "down": { "texture": "#0", "uv": [ 9.5, 9.0, 7.0, 8.5 ] }
            }
        },
        {
            "name": "Element",
            "from": [ 6.5, 3.0, 10.0 ], 
            "to": [ 10.0, 3.5, 10.5 ], 
            "faces": {
                "east": { "texture": "#0", "uv": [ 9.5, 12.5, 10.0, 13.0 ] },
                "south": { "texture": "#0", "uv": [ 6.5, 12.5, 10.0, 13.0 ] },
                "west": { "texture": "#0", "uv": [ 6.5, 12.5, 7.0, 13.0 ] },
                "up": { "texture": "#0", "uv": [ 6.5, 12.5, 10.0, 13.0 ] },
                "down": { "texture": "#0", "uv": [ 10.0, 13.0, 6.5, 12.5 ] }
            }
        },
        {
            "name": "Element",
            "from": [ 6.0, 2.5, 10.0 ], 
            "to": [ 7.0, 3.0, 10.5 ], 
            "faces": {
                "east": { "texture": "#0", "uv": [ 5.5, 13.0, 6.0, 13.5 ] },
                "south": { "texture": "#0", "uv": [ 6.0, 13.0, 7.0, 13.5 ] },
                "west": { "texture": "#0", "uv": [ 10.0, 13.0, 10.5, 13.5 ] },
                "up": { "texture": "#0", "uv": [ 6.0, 10.0, 7.0, 10.5 ] },
                "down": { "texture": "#0", "uv": [ 10.0, 10.5, 9.0, 10.0 ] }
            }
        },
        {
            "name": "Element",
            "from": [ 9.5, 2.5, 10.0 ], 
            "to": [ 10.5, 3.0, 10.5 ], 
            "faces": {
                "east": { "texture": "#0", "uv": [ 5.5, 13.0, 6.0, 13.5 ] },
                "south": { "texture": "#0", "uv": [ 9.5, 13.0, 10.5, 13.5 ] },
                "west": { "texture": "#0", "uv": [ 10.0, 13.0, 10.5, 13.5 ] },
                "up": { "texture": "#0", "uv": [ 9.5, 10.0, 10.5, 10.5 ] },
                "down": { "texture": "#0", "uv": [ 6.5, 10.5, 5.5, 10.0 ] }
            }
        },
        {
            "name": "Element",
            "from": [ 10.0, 2.0, 10.0 ], 
            "to": [ 10.5, 2.5, 10.5 ], 
            "faces": {
                "east": { "texture": "#0", "uv": [ 5.5, 13.5, 6.0, 14.0 ] },
                "south": { "texture": "#0", "uv": [ 10.0, 13.5, 10.5, 14.0 ] },
                "west": { "texture": "#0", "uv": [ 10.0, 13.5, 10.5, 14.0 ] },
                "down": { "texture": "#0", "uv": [ 6.0, 10.5, 5.5, 10.0 ] }
            }
        },
        {
            "name": "Element",
            "from": [ 6.0, 2.0, 10.0 ], 
            "to": [ 6.5, 2.5, 10.5 ], 
            "faces": {
                "east": { "texture": "#0", "uv": [ 5.5, 13.5, 6.0, 14.0 ] },
                "south": { "texture": "#0", "uv": [ 6.0, 13.5, 6.5, 14.0 ] },
                "west": { "texture": "#0", "uv": [ 10.0, 13.5, 10.5, 14.0 ] },
                "down": { "texture": "#0", "uv": [ 10.0, 10.5, 9.5, 10.0 ] }
            }
        },
        {
            "name": "Element",
            "from": [ 6.0, 3.0, 9.5 ], 
            "to": [ 10.5, 3.5, 10.0 ], 
            "faces": {
                "east": { "texture": "#0", "uv": [ 10.0, 12.5, 10.5, 13.0 ] },
                "south": { "texture": "#0", "uv": [ 6.0, 12.5, 10.5, 13.0 ] },
                "west": { "texture": "#0", "uv": [ 6.0, 12.5, 6.5, 13.0 ] },
                "up": { "texture": "#0", "uv": [ 6.0, 12.5, 10.5, 13.0 ] }
            }
        },
        {
            "name": "Element",
            "from": [ 5.5, 2.0, 9.5 ], 
            "to": [ 11.0, 3.0, 10.0 ], 
            "faces": {
                "east": { "texture": "#0", "uv": [ 11.0, 13.0, 11.5, 14.0 ] },
                "south": { "texture": "#0", "uv": [ 5.5, 13.0, 11.0, 14.0 ] },
                "west": { "texture": "#0", "uv": [ 5.0, 13.0, 5.5, 14.0 ] },
                "up": { "texture": "#0", "uv": [ 5.5, 13.0, 11.0, 13.5 ] },
                "down": { "texture": "#0", "uv": [ 11.0, 14.0, 5.5, 13.5 ] }
            }
        },
        {
            "name": "Element",
            "from": [ 6.5, 5.0, 10.0 ], 
            "to": [ 7.5, 7.5, 10.5 ], 
            "faces": {
                "east": { "texture": "#0", "uv": [ 7.0, 8.5, 7.5, 11.0 ] },
                "south": { "texture": "#0", "uv": [ 6.5, 8.5, 7.5, 11.0 ] },
                "west": { "texture": "#0", "uv": [ 6.5, 8.5, 7.0, 11.0 ] },
                "up": { "texture": "#0", "uv": [ 6.5, 8.5, 7.5, 9.0 ] },
                "down": { "texture": "#0", "uv": [ 7.5, 11.0, 6.5, 10.5 ] }
            }
        },
        {
            "name": "Element",
            "from": [ 9.0, 5.0, 10.0 ], 
            "to": [ 10.0, 7.5, 10.5 ], 
            "faces": {
                "east": { "texture": "#0", "uv": [ 9.5, 8.5, 10.0, 11.0 ] },
                "south": { "texture": "#0", "uv": [ 9.0, 8.5, 10.0, 11.0 ] },
                "west": { "texture": "#0", "uv": [ 9.0, 8.5, 9.5, 11.0 ] },
                "up": { "texture": "#0", "uv": [ 9.0, 8.5, 10.0, 9.0 ] },
                "down": { "texture": "#0", "uv": [ 10.0, 11.0, 9.0, 10.5 ] }
            }
        },
        {
            "name": "Element",
            "from": [ 5.0, 4.5, 9.5 ], 
            "to": [ 7.0, 5.0, 10.0 ], 
            "faces": {
                "east": { "texture": "#0", "uv": [ 6.5, 11.0, 7.0, 11.5 ] },
                "south": { "texture": "#0", "uv": [ 5.0, 11.0, 7.0, 11.5 ] },
                "west": { "texture": "#0", "uv": [ 5.0, 11.0, 5.5, 11.5 ] },
                "up": { "texture": "#0", "uv": [ 5.0, 11.0, 7.0, 11.5 ] },
                "down": { "texture": "#0", "uv": [ 5.0, 11.0, 7.0, 11.5 ] }
            }
        },
        {
            "name": "Element",
            "from": [ 9.5, 4.5, 9.5 ], 
            "to": [ 11.5, 5.0, 10.0 ], 
            "faces": {
                "east": { "texture": "#0", "uv": [ 11.0, 11.0, 11.5, 11.5 ] },
                "south": { "texture": "#0", "uv": [ 9.5, 11.0, 11.5, 11.5 ] },
                "west": { "texture": "#0", "uv": [ 9.5, 11.0, 10.0, 11.5 ] },
                "up": { "texture": "#0", "uv": [ 9.5, 11.0, 11.5, 11.5 ] },
                "down": { "texture": "#0", "uv": [ 9.5, 11.0, 11.5, 11.5 ] }
            }
        },
        {
            "name": "Element",
            "from": [ 6.5, 1.5, 10.0 ], 
            "to": [ 10.0, 2.0, 10.5 ], 
            "faces": {
                "east": { "texture": "#0", "uv": [ 10.0, 14.0, 10.5, 14.5 ] },
                "south": { "texture": "#0", "uv": [ 6.5, 14.0, 10.0, 14.5 ] },
                "west": { "texture": "#0", "uv": [ 6.0, 14.0, 6.5, 14.5 ] },
                "up": { "texture": "#0", "uv": [ 6.5, 14.0, 10.0, 14.5 ] },
                "down": { "texture": "#0", "uv": [ 10.0, 14.5, 6.5, 14.0 ] }
            }
        },
        {
            "name": "Element",
            "from": [ 7.0, 2.0, 10.0 ], 
            "to": [ 9.5, 2.5, 10.5 ], 
            "faces": {
                "east": { "texture": "#0", "uv": [ 9.0, 13.5, 9.5, 14.0 ] },
                "south": { "texture": "#0", "uv": [ 7.0, 13.5, 9.5, 14.0 ] },
                "west": { "texture": "#0", "uv": [ 7.0, 13.5, 7.5, 14.0 ] },
                "up": { "texture": "#0", "uv": [ 7.0, 13.5, 9.5, 14.0 ] }
            }
        },
        {
            "name": "Element",
            "from": [ 4.5, 7.5, 9.0 ], 
            "to": [ 12.0, 8.0, 9.5 ], 
            "faces": {
                "east": { "texture": "#0", "uv": [ 11.5, 8.0, 12.0, 8.5 ] },
                "south": { "texture": "#0", "uv": [ 4.5, 8.0, 12.0, 8.5 ] },
                "west": { "texture": "#0", "uv": [ 4.5, 8.0, 5.0, 8.5 ] },
                "up": { "texture": "#0", "uv": [ 4.5, 8.0, 12.0, 8.5 ] },
                "down": { "texture": "#0", "uv": [ 12.0, 8.5, 4.5, 8.0 ] }
            }
        },
        {
            "name": "Element",
            "from": [ 5.5, 7.5, 9.5 ], 
            "to": [ 11.0, 8.0, 10.0 ], 
            "faces": {
                "east": { "texture": "#0", "uv": [ 10.5, 8.0, 11.0, 8.5 ] },
                "south": { "texture": "#0", "uv": [ 5.5, 8.0, 11.0, 8.5 ] },
                "west": { "texture": "#0", "uv": [ 5.5, 8.0, 6.0, 8.5 ] },
                "up": { "texture": "#0", "uv": [ 5.5, 8.0, 11.0, 8.5 ] },
                "down": { "texture": "#0", "uv": [ 11.0, 8.5, 5.5, 8.0 ] }
            }
        },
        {
            "name": "Element",
            "from": [ 7.5, 4.5, 10.5 ], 
            "to": [ 9.0, 5.5, 11.0 ], 
            "faces": {
                "east": { "texture": "#0", "uv": [ 8.5, 10.5, 9.0, 11.5 ] },
                "south": { "texture": "#0", "uv": [ 7.5, 10.5, 9.0, 11.5 ] },
                "west": { "texture": "#0", "uv": [ 7.5, 10.5, 8.0, 11.5 ] },
                "up": { "texture": "#0", "uv": [ 7.5, 10.5, 9.0, 11.0 ] },
                "down": { "texture": "#0", "uv": [ 9.0, 11.5, 7.5, 11.0 ] }
            }
        },
        {
            "name": "Element",
            "from": [ 7.0, 0.0, 8.5 ], 
            "to": [ 9.5, 1.0, 10.0 ], 
            "faces": {
                "north": { "texture": "#0", "uv": [ 7.0, 15.0, 9.5, 16.0 ] },
                "east": { "texture": "#0", "uv": [ 9.0, 15.0, 10.5, 16.0 ] },
                "south": { "texture": "#0", "uv": [ 7.0, 15.0, 9.5, 16.0 ] },
                "west": { "texture": "#0", "uv": [ 6.0, 15.0, 7.5, 16.0 ] },
                "up": { "texture": "#0", "uv": [ 7.0, 13.5, 9.5, 15.0 ] },
                "down": { "texture": "#0", "uv": [ 9.5, 16.0, 7.0, 14.5 ], "cullface": "down" }
            }
        },
        {
            "name": "Element",
            "from": [ 7.5, 0.5, 10.0 ], 
            "to": [ 9.0, 1.5, 10.5 ], 
            "faces": {
                "north": { "texture": "#0", "uv": [ 7.5, 14.5, 9.0, 15.5 ] },
                "east": { "texture": "#0", "uv": [ 8.5, 14.5, 9.0, 15.5 ] },
                "south": { "texture": "#0", "uv": [ 7.5, 14.5, 9.0, 15.5 ] },
                "west": { "texture": "#0", "uv": [ 7.5, 14.5, 8.0, 15.5 ] },
                "down": { "texture": "#0", "uv": [ 9.0, 15.5, 7.5, 15.0 ] }
            }
        },
        {
            "name": "Element",
            "from": [ 3.5, 4.0, 8.5 ], 
            "to": [ 4.0, 6.0, 9.0 ], 
            "faces": {
                "south": { "texture": "#0", "uv": [ 5.0, 11.0, 7.0, 11.5 ] },
                "west": { "texture": "#0", "uv": [ 5.0, 11.0, 5.5, 11.5 ] },
                "up": { "texture": "#0", "uv": [ 5.0, 11.0, 7.0, 11.5 ] },
                "down": { "texture": "#0", "uv": [ 5.0, 11.0, 7.0, 11.5 ] }
            }
        },
        {
            "name": "Element",
            "from": [ 12.5, 4.0, 8.5 ], 
            "to": [ 13.0, 6.0, 9.0 ], 
            "faces": {
                "east": { "texture": "#0", "uv": [ 6.5, 11.0, 7.0, 11.5 ] },
                "south": { "texture": "#0", "uv": [ 5.0, 11.0, 7.0, 11.5 ] },
                "up": { "texture": "#0", "uv": [ 5.0, 11.0, 7.0, 11.5 ] },
                "down": { "texture": "#0", "uv": [ 5.0, 11.0, 7.0, 11.5 ] }
            }
        },
        {
            "name": "Element",
            "from": [ 4.0, 6.0, 1.0 ], 
            "to": [ 4.5, 7.5, 7.5 ], 
            "faces": {
                "north": { "texture": "#0", "uv": [ 0.0, 7.5, 0.5, 9.0 ] },
                "east": { "texture": "#0", "uv": [ 0.0, 7.5, 0.5, 9.0 ] },
                "west": { "texture": "#0", "uv": [ 0.0, 7.5, 0.5, 9.0 ] },
                "up": { "texture": "#0", "uv": [ 0.0, 7.5, 0.5, 8.0 ] },
                "down": { "texture": "#0", "uv": [ 0.0, 8.5, 0.5, 9.0 ] }
            }
        },
        {
            "name": "Element",
            "from": [ 12.0, 6.0, 1.0 ], 
            "to": [ 12.5, 7.5, 7.5 ], 
            "faces": {
                "north": { "texture": "#0", "uv": [ 0.0, 7.5, 0.5, 9.0 ] },
                "east": { "texture": "#0", "uv": [ 0.0, 7.5, 0.5, 9.0 ] },
                "west": { "texture": "#0", "uv": [ 0.0, 7.5, 0.5, 9.0 ] },
                "up": { "texture": "#0", "uv": [ 0.0, 7.5, 0.5, 8.0 ] },
                "down": { "texture": "#0", "uv": [ 0.0, 8.5, 0.5, 9.0 ] }
            }
        },
        {
            "name": "Element",
            "from": [ 4.0, 2.5, 1.0 ], 
            "to": [ 4.5, 4.0, 7.5 ], 
            "faces": {
                "north": { "texture": "#0", "uv": [ 0.0, 7.5, 0.5, 9.0 ] },
                "east": { "texture": "#0", "uv": [ 0.0, 7.5, 0.5, 9.0 ] },
                "west": { "texture": "#0", "uv": [ 0.0, 7.5, 0.5, 9.0 ] },
                "up": { "texture": "#0", "uv": [ 0.0, 7.5, 0.5, 8.0 ] },
                "down": { "texture": "#0", "uv": [ 0.0, 8.5, 0.5, 9.0 ] }
            }
        },
        {
            "name": "Element",
            "from": [ 12.0, 2.5, 1.0 ], 
            "to": [ 12.5, 4.0, 7.5 ], 
            "faces": {
                "north": { "texture": "#0", "uv": [ 0.0, 7.5, 0.5, 9.0 ] },
                "east": { "texture": "#0", "uv": [ 0.0, 7.5, 0.5, 9.0 ] },
                "west": { "texture": "#0", "uv": [ 0.0, 7.5, 0.5, 9.0 ] },
                "up": { "texture": "#0", "uv": [ 0.0, 7.5, 0.5, 8.0 ] },
                "down": { "texture": "#0", "uv": [ 0.0, 8.5, 0.5, 9.0 ] }
            }
        },
        {
            "name": "Element",
            "from": [ 4.5, 6.0, 1.0 ], 
            "to": [ 12.0, 7.5, 1.5 ], 
            "faces": {
                "north": { "texture": "#0", "uv": [ 0.0, 7.5, 0.5, 9.0 ] },
                "south": { "texture": "#0", "uv": [ 0.0, 7.5, 0.5, 9.0 ] },
                "up": { "texture": "#0", "uv": [ 0.0, 7.5, 0.5, 8.0 ] },
                "down": { "texture": "#0", "uv": [ 0.0, 8.5, 0.5, 9.0 ] }
            }
        },
        {
            "name": "Element",
            "from": [ 4.5, 2.5, 1.0 ], 
            "to": [ 12.0, 4.0, 1.5 ], 
            "faces": {
                "north": { "texture": "#0", "uv": [ 0.0, 7.5, 0.5, 9.0 ] },
                "south": { "texture": "#0", "uv": [ 0.0, 7.5, 0.5, 9.0 ] },
                "up": { "texture": "#0", "uv": [ 0.0, 7.5, 0.5, 8.0 ] },
                "down": { "texture": "#0", "uv": [ 0.0, 8.5, 0.5, 9.0 ] }
            }
        },
        {
            "name": "Cube",
            "from": [ 3.5000000074505806, 8.00000000745058, 7.5 ], 
            "to": [ 4.0, 8.50000000745058, 8.0 ], 
            "faces": {
                "east": { "texture": "#0", "uv": [ 4.5, 8.0, 5.0, 8.5 ] },
                "south": { "texture": "#0", "uv": [ 4.0, 8.0, 5.0, 8.5 ] },
                "west": { "texture": "#0", "uv": [ 4.0, 8.0, 4.5, 8.5 ] },
                "up": { "texture": "#0", "uv": [ 4.0, 8.0, 5.0, 8.5 ] },
                "down": { "texture": "#0", "uv": [ 4.0, 8.0, 5.0, 8.5 ] }
            }
        },
        {
            "name": "Cube",
            "from": [ 12.50000000745058, 8.00000000745058, 7.5 ], 
            "to": [ 13.0, 8.50000000745058, 8.0 ], 
            "faces": {
                "east": { "texture": "#0", "uv": [ 4.5, 8.0, 5.0, 8.5 ] },
                "south": { "texture": "#0", "uv": [ 4.0, 8.0, 5.0, 8.5 ] },
                "west": { "texture": "#0", "uv": [ 4.0, 8.0, 4.5, 8.5 ] },
                "up": { "texture": "#0", "uv": [ 4.0, 8.0, 5.0, 8.5 ] },
                "down": { "texture": "#0", "uv": [ 4.0, 8.0, 5.0, 8.5 ] }
            }
        }
    ],
"display": {
    "head": {
        "rotation": [ 0, 180, 0 ],
        "translation": [ 0.2, 3.2, -3.1 ],
        "scale": [ 2, 2, 2 ]
    },
    "fixed": {
        "rotation": [ 0, 180, 0 ],
        "translation": [ 0, 5.3, -1.1 ],
        "scale": [ 2.5, 2.5, 2.5 ]
    },
    "gui": {
        "rotation": [ -30, 135, 0 ],
        "translation": [ 0, 3.1, 0 ],
        "scale": [ 1.6, 1.6, 1.6 ]
    }
}
}