{

  "Botmun.crystal": {

    "category": "master",

    "stream": true,

    "sounds": [

      "Botmun/crystal",

      "Botmun/crystalB",

      "Botmun/crystalC",

      "Botmun/crystalD"

    ]
  },

  "Botmun.pain": {

    "category": "master",

    "sounds": [

      "Botmun/pain1",

      "Botmun/pain2",

      "Botmun/pain3",

      "Botmun/pain4",

      "Botmun/pain5"

    ]
  },

  "Botmun.select": {

    "category": "master",

    "sounds": [

      "Botmun/select",

      "Botmun/selectB",

      "Botmun/selectC"
    ]
  },

  "Botmun.smashed": {

    "category": "master",

    "sounds": [

      "Botmun/smashed",

      "Botmun/smashedB",

      "Botmun/smashedC",

      "Botmun/smashedD"

    ]
  },

  "Botmun.taunt": {

    "category": "master",

    "sounds": [

      "Botmun/taunt",

      "Botmun/tauntB",

      "Botmun/tauntC"

    ]
  }
}