{
    "__comment": "Model generated using MrCrayfish's Model Creator (http://mrcrayfish.com/modelcreator/)",
    "textures": {
        "0": "items/loli",
        "1": "items/loli"
    },
    "elements": [
        {
            "name": "stick",
            "from": [ 8.400000013411045, -1.0, 7.800000004470348 ], 
            "to": [ 8.900000005960464, 4.0, 8.299999997019768 ], 
            "faces": {
                "north": { "texture": "#0", "uv": [ 7.0, 11.0, 8.49999999254942, 16.0 ] },
                "east": { "texture": "#0", "uv": [ 8.2, 11.0, 7.099999998509883, 16.0 ] },
                "south": { "texture": "#0", "uv": [ 7.1, 11.0, 8.39999999254942, 16.0 ] },
                "west": { "texture": "#0", "uv": [ 7.1, 11.0, 8.4, 16.0 ] },
                "up": { "texture": "#0", "uv": [ 7.0, 11.0, 7.299999989569187, 11.699999995529652 ] },
                "down": { "texture": "#0", "uv": [ 8.0, 15.0, 8.299999989569187, 15.699999995529652 ] }
            }
        },
        {
            "name": "stick",
            "from": [ 8.099999994039536, -1.0, 7.700000002980232 ], 
            "to": [ 8.399999983608723, 4.0, 8.399999998509884 ], 
            "faces": {
                "north": { "texture": "#1", "uv": [ 8.0, 11.0, 8.299999989569187, 16.0 ] },
                "east": { "texture": "#1", "uv": [ 8.0, 11.0, 7.699999995529652, 16.0 ] },
                "south": { "texture": "#1", "uv": [ 8.0, 11.0, 8.299999989569187, 16.0 ] },
                "west": { "texture": "#1", "uv": [ 8.0, 11.0, 7.699999995529652, 16.0 ] },
                "up": { "texture": "#1", "uv": [ 8.0, 11.0, 8.299999989569187, 11.699999995529652 ] },
                "down": { "texture": "#1", "uv": [ 8.0, 16.0, 8.299999989569187, 15.699999995529652 ] }
            }
        },
        {
            "name": "stick",
            "from": [ 7.800000004470348, -1.0, 7.800000004470348 ], 
            "to": [ 8.099999994039536, 4.0, 8.299999997019768 ], 
            "faces": {
                "north": { "texture": "#1", "uv": [ 7.0, 11.0, 8.299999989569187, 16.0 ] },
                "east": { "texture": "#1", "uv": [ 7.0, 11.0, 7.699999995529652, 16.0 ] },
                "south": { "texture": "#1", "uv": [ 7.0, 11.0, 7.299999989569187, 16.0 ] },
                "west": { "texture": "#1", "uv": [ 7.0, 11.0, 7.699999995529652, 16.0 ] },
                "up": { "texture": "#1", "uv": [ 7.0, 11.0, 7.099999986588955, 11.49999999254942 ] },
                "down": { "texture": "#1", "uv": [ 7.0, 15.0, 7.099999986588955, 15.49999999254942 ] }
            }
        },
        {
            "name": "Cube",
            "from": [ 6.799999997019768, 4.0, 7.800000011920929 ], 
            "to": [ 9.299999989569187, 4.499999992549419, 8.300000004470348 ], 
            "faces": {
                "north": { "texture": "#0", "uv": [ 7.299999999999999, 10.600000000000001, 8.0, 11.0 ] },
                "east": { "texture": "#0", "uv": [ 7.0, 10.9, 8.0, 10.899999999999997 ] },
                "south": { "texture": "#0", "uv": [ 7.0, 2.0, 8.0, 2.0 ] },
                "west": { "texture": "#0", "uv": [ 7.0, 2.0, 8.0, 2.0 ] },
                "up": { "texture": "#0", "uv": [ 7.0, 2.0, 8.0, 2.0 ] },
                "down": { "texture": "#0", "uv": [ 7.0, 2.0, 8.0, 2.0 ] }
            }
        },
        {
            "name": "Cube",
            "from": [ 6.799999997019768, 4.499999992549419, 7.799999997019768 ], 
            "to": [ 9.299999989569187, 4.999999985098839, 8.299999989569187 ], 
            "faces": {
                "north": { "texture": "#0", "uv": [ 8.0, 9.0, 9.0, 9.0 ] },
                "east": { "texture": "#0", "uv": [ 8.0, 9.0, 9.0, 9.0 ] },
                "south": { "texture": "#0", "uv": [ 8.0, 9.0, 9.0, 9.0 ] },
                "west": { "texture": "#0", "uv": [ 8.0, 9.0, 9.0, 9.0 ] },
                "up": { "texture": "#0", "uv": [ 8.0, 9.0, 9.0, 9.0 ] },
                "down": { "texture": "#0", "uv": [ 8.0, 9.0, 9.0, 9.0 ] }
            }
        },
        {
            "name": "Cube",
            "from": [ 9.300000004470348, 4.499999992549419, 7.800000011920929 ], 
            "to": [ 10.299999989569187, 4.999999985098839, 8.300000004470348 ], 
            "faces": {
                "north": { "texture": "#0", "uv": [ 7.299999999999999, 10.600000000000001, 8.0, 11.0 ] },
                "east": { "texture": "#0", "uv": [ 7.0, 10.9, 8.0, 10.899999999999997 ] },
                "south": { "texture": "#0", "uv": [ 7.0, 2.0, 8.0, 2.0 ] },
                "west": { "texture": "#0", "uv": [ 7.0, 2.0, 8.0, 2.0 ] },
                "up": { "texture": "#0", "uv": [ 7.0, 2.0, 8.0, 2.0 ] },
                "down": { "texture": "#0", "uv": [ 7.0, 2.0, 8.0, 2.0 ] }
            }
        },
        {
            "name": "Cube",
            "from": [ 5.800000011920929, 4.499999992549419, 7.800000011920929 ], 
            "to": [ 6.799999997019768, 4.999999985098839, 8.300000004470348 ], 
            "faces": {
                "north": { "texture": "#0", "uv": [ 7.299999999999999, 10.600000000000001, 8.0, 11.0 ] },
                "east": { "texture": "#0", "uv": [ 7.0, 10.9, 8.0, 10.899999999999997 ] },
                "south": { "texture": "#0", "uv": [ 7.0, 2.0, 8.0, 2.0 ] },
                "west": { "texture": "#0", "uv": [ 7.0, 2.0, 8.0, 2.0 ] },
                "up": { "texture": "#0", "uv": [ 7.0, 2.0, 8.0, 2.0 ] },
                "down": { "texture": "#0", "uv": [ 7.0, 2.0, 8.0, 2.0 ] }
            }
        },
        {
            "name": "Cube",
            "from": [ 4.799999997019768, 5.0, 7.800000011920929 ], 
            "to": [ 6.299999989569187, 5.499999992549419, 8.300000004470348 ], 
            "faces": {
                "north": { "texture": "#0", "uv": [ 7.299999999999999, 10.600000000000001, 8.0, 11.0 ] },
                "east": { "texture": "#0", "uv": [ 7.0, 10.9, 8.0, 10.899999999999997 ] },
                "south": { "texture": "#0", "uv": [ 7.0, 2.0, 8.0, 2.0 ] },
                "west": { "texture": "#0", "uv": [ 7.0, 2.0, 8.0, 2.0 ] },
                "up": { "texture": "#0", "uv": [ 7.0, 2.0, 8.0, 2.0 ] },
                "down": { "texture": "#0", "uv": [ 7.0, 2.0, 8.0, 2.0 ] }
            }
        },
        {
            "name": "Cube",
            "from": [ 5.3000000193715096, 5.499999992549419, 7.800000011920929 ], 
            "to": [ 5.799999997019768, 6.499999977648258, 8.300000004470348 ], 
            "faces": {
                "north": { "texture": "#0", "uv": [ 7.299999999999999, 10.600000000000001, 8.0, 11.0 ] },
                "east": { "texture": "#0", "uv": [ 7.0, 10.9, 8.0, 10.899999999999997 ] },
                "south": { "texture": "#0", "uv": [ 7.0, 2.0, 8.0, 2.0 ] },
                "west": { "texture": "#0", "uv": [ 7.0, 2.0, 8.0, 2.0 ] },
                "up": { "texture": "#0", "uv": [ 7.0, 2.0, 8.0, 2.0 ] },
                "down": { "texture": "#0", "uv": [ 7.0, 2.0, 8.0, 2.0 ] }
            }
        },
        {
            "name": "Cube",
            "from": [ 4.800000011920929, 5.499999992549419, 7.800000011920929 ], 
            "to": [ 5.299999989569187, 6.999999970197678, 8.300000004470348 ], 
            "faces": {
                "north": { "texture": "#0", "uv": [ 7.299999999999999, 10.600000000000001, 8.0, 11.0 ] },
                "east": { "texture": "#0", "uv": [ 7.0, 10.9, 8.0, 10.899999999999997 ] },
                "south": { "texture": "#0", "uv": [ 7.0, 2.0, 8.0, 2.0 ] },
                "west": { "texture": "#0", "uv": [ 7.0, 2.0, 8.0, 2.0 ] },
                "up": { "texture": "#0", "uv": [ 7.0, 2.0, 8.0, 2.0 ] },
                "down": { "texture": "#0", "uv": [ 7.0, 2.0, 8.0, 2.0 ] }
            }
        },
        {
            "name": "Cube",
            "from": [ 4.300000004470348, 5.0, 7.799999997019768 ], 
            "to": [ 4.799999997019768, 6.0, 8.299999989569187 ], 
            "faces": {
                "north": { "texture": "#0", "uv": [ 7.0, 7.0, 7.0, 7.0 ] },
                "east": { "texture": "#0", "uv": [ 7.0, 7.0, 7.0, 7.0 ] },
                "south": { "texture": "#0", "uv": [ 7.0, 7.0, 7.0, 7.0 ] },
                "west": { "texture": "#0", "uv": [ 7.0, 7.0, 7.0, 7.0 ] },
                "up": { "texture": "#0", "uv": [ 7.0, 7.0, 7.0, 7.0 ] },
                "down": { "texture": "#0", "uv": [ 7.0, 7.0, 7.0, 7.0 ] }
            }
        },
        {
            "name": "Cube",
            "from": [ 3.7999999970197678, 6.0, 7.799999997019768 ], 
            "to": [ 4.299999989569187, 7.500000007450581, 8.299999989569187 ], 
            "faces": {
                "north": { "texture": "#0", "uv": [ 7.0, 7.0, 7.0, 7.0 ] },
                "east": { "texture": "#0", "uv": [ 7.0, 7.0, 7.0, 7.0 ] },
                "south": { "texture": "#0", "uv": [ 7.0, 7.0, 7.0, 7.0 ] },
                "west": { "texture": "#0", "uv": [ 7.0, 7.0, 7.0, 7.0 ] },
                "up": { "texture": "#0", "uv": [ 7.0, 7.0, 7.0, 7.0 ] },
                "down": { "texture": "#0", "uv": [ 7.0, 7.0, 7.0, 7.0 ] }
            }
        },
        {
            "name": "Cube",
            "from": [ 4.3000000193715096, 5.999999985098839, 7.800000011920929 ], 
            "to": [ 4.799999997019768, 10.49999999254942, 8.300000004470348 ], 
            "faces": {
                "north": { "texture": "#0", "uv": [ 7.299999999999999, 10.600000000000001, 8.0, 11.0 ] },
                "east": { "texture": "#0", "uv": [ 7.0, 10.9, 8.0, 10.899999999999997 ] },
                "south": { "texture": "#0", "uv": [ 7.0, 2.0, 8.0, 2.0 ] },
                "west": { "texture": "#0", "uv": [ 7.0, 2.0, 8.0, 2.0 ] },
                "up": { "texture": "#0", "uv": [ 7.0, 2.0, 8.0, 2.0 ] },
                "down": { "texture": "#0", "uv": [ 7.0, 2.0, 8.0, 2.0 ] }
            }
        },
        {
            "name": "Cube",
            "from": [ 3.3000000044703484, 6.999999985098839, 7.799999997019768 ], 
            "to": [ 3.7999999970197678, 7.999999985098839, 8.299999989569187 ], 
            "faces": {
                "north": { "texture": "#0", "uv": [ 7.0, 7.0, 7.0, 7.0 ] },
                "east": { "texture": "#0", "uv": [ 7.0, 7.0, 7.0, 7.0 ] },
                "south": { "texture": "#0", "uv": [ 7.0, 7.0, 7.0, 7.0 ] },
                "west": { "texture": "#0", "uv": [ 7.0, 7.0, 7.0, 7.0 ] },
                "up": { "texture": "#0", "uv": [ 7.0, 7.0, 7.0, 7.0 ] },
                "down": { "texture": "#0", "uv": [ 7.0, 7.0, 7.0, 7.0 ] }
            }
        },
        {
            "name": "Cube",
            "from": [ 3.80000002682209, 7.499999992549419, 7.800000011920929 ], 
            "to": [ 4.300000004470348, 9.49999999254942, 8.300000004470348 ], 
            "faces": {
                "north": { "texture": "#0", "uv": [ 7.299999999999999, 10.600000000000001, 8.0, 11.0 ] },
                "east": { "texture": "#0", "uv": [ 7.0, 10.9, 8.0, 10.899999999999997 ] },
                "south": { "texture": "#0", "uv": [ 7.0, 2.0, 8.0, 2.0 ] },
                "west": { "texture": "#0", "uv": [ 7.0, 2.0, 8.0, 2.0 ] },
                "up": { "texture": "#0", "uv": [ 7.0, 2.0, 8.0, 2.0 ] },
                "down": { "texture": "#0", "uv": [ 7.0, 2.0, 8.0, 2.0 ] }
            }
        },
        {
            "name": "Cube",
            "from": [ 3.3000000044703484, 7.999999985098839, 7.799999997019768 ], 
            "to": [ 3.7999999970197678, 8.999999985098839, 8.299999989569187 ], 
            "faces": {
                "north": { "texture": "#0", "uv": [ 7.0, 7.0, 7.0, 7.0 ] },
                "east": { "texture": "#0", "uv": [ 7.0, 7.0, 7.0, 7.0 ] },
                "south": { "texture": "#0", "uv": [ 7.0, 7.0, 7.0, 7.0 ] },
                "west": { "texture": "#0", "uv": [ 7.0, 7.0, 7.0, 7.0 ] },
                "up": { "texture": "#0", "uv": [ 7.0, 7.0, 7.0, 7.0 ] },
                "down": { "texture": "#0", "uv": [ 7.0, 7.0, 7.0, 7.0 ] }
            }
        },
        {
            "name": "Cube",
            "from": [ 3.800000011920929, 9.49999999254942, 7.799999997019768 ], 
            "to": [ 4.300000004470348, 11.0, 8.299999989569187 ], 
            "faces": {
                "north": { "texture": "#0", "uv": [ 7.0, 7.0, 7.0, 7.0 ] },
                "east": { "texture": "#0", "uv": [ 7.0, 7.0, 7.0, 7.0 ] },
                "south": { "texture": "#0", "uv": [ 7.0, 7.0, 7.0, 7.0 ] },
                "west": { "texture": "#0", "uv": [ 7.0, 7.0, 7.0, 7.0 ] },
                "up": { "texture": "#0", "uv": [ 7.0, 7.0, 7.0, 7.0 ] },
                "down": { "texture": "#0", "uv": [ 7.0, 7.0, 7.0, 7.0 ] }
            }
        },
        {
            "name": "Cube",
            "from": [ 4.800000011920929, 4.500000007450581, 7.799999997019768 ], 
            "to": [ 5.799999997019768, 5.0, 8.299999989569187 ], 
            "faces": {
                "north": { "texture": "#0", "uv": [ 7.0, 7.0, 7.0, 7.0 ] },
                "east": { "texture": "#0", "uv": [ 7.0, 7.0, 7.0, 7.0 ] },
                "south": { "texture": "#0", "uv": [ 7.0, 7.0, 7.0, 7.0 ] },
                "west": { "texture": "#0", "uv": [ 7.0, 7.0, 7.0, 7.0 ] },
                "up": { "texture": "#0", "uv": [ 7.0, 7.0, 7.0, 7.0 ] },
                "down": { "texture": "#0", "uv": [ 7.0, 7.0, 7.0, 7.0 ] }
            }
        },
        {
            "name": "Cube",
            "from": [ 5.80000002682209, 4.000000014901161, 7.799999997019768 ], 
            "to": [ 6.800000011920929, 4.500000007450581, 8.299999989569187 ], 
            "faces": {
                "north": { "texture": "#0", "uv": [ 7.0, 7.0, 7.0, 7.0 ] },
                "east": { "texture": "#0", "uv": [ 7.0, 7.0, 7.0, 7.0 ] },
                "south": { "texture": "#0", "uv": [ 7.0, 7.0, 7.0, 7.0 ] },
                "west": { "texture": "#0", "uv": [ 7.0, 7.0, 7.0, 7.0 ] },
                "up": { "texture": "#0", "uv": [ 7.0, 7.0, 7.0, 7.0 ] },
                "down": { "texture": "#0", "uv": [ 7.0, 7.0, 7.0, 7.0 ] }
            }
        },
        {
            "name": "Cube",
            "from": [ 3.3000000193715096, 8.999999985098839, 7.799999997019768 ], 
            "to": [ 3.800000011920929, 9.999999985098839, 8.299999989569187 ], 
            "faces": {
                "north": { "texture": "#0", "uv": [ 7.0, 7.0, 7.0, 7.0 ] },
                "east": { "texture": "#0", "uv": [ 7.0, 7.0, 7.0, 7.0 ] },
                "south": { "texture": "#0", "uv": [ 7.0, 7.0, 7.0, 7.0 ] },
                "west": { "texture": "#0", "uv": [ 7.0, 7.0, 7.0, 7.0 ] },
                "up": { "texture": "#0", "uv": [ 7.0, 7.0, 7.0, 7.0 ] },
                "down": { "texture": "#0", "uv": [ 7.0, 7.0, 7.0, 7.0 ] }
            }
        },
        {
            "name": "Cube",
            "from": [ 4.300000004470348, 10.49999999254942, 7.799999997019768 ], 
            "to": [ 4.799999997019768, 12.0, 8.299999989569187 ], 
            "faces": {
                "north": { "texture": "#0", "uv": [ 7.0, 7.0, 7.0, 7.0 ] },
                "east": { "texture": "#0", "uv": [ 7.0, 7.0, 7.0, 7.0 ] },
                "south": { "texture": "#0", "uv": [ 7.0, 7.0, 7.0, 7.0 ] },
                "west": { "texture": "#0", "uv": [ 7.0, 7.0, 7.0, 7.0 ] },
                "up": { "texture": "#0", "uv": [ 7.0, 7.0, 7.0, 7.0 ] },
                "down": { "texture": "#0", "uv": [ 7.0, 7.0, 7.0, 7.0 ] }
            }
        },
        {
            "name": "Cube",
            "from": [ 4.800000011920929, 11.999999985098839, 7.799999997019768 ], 
            "to": [ 5.800000011920929, 12.49999999254942, 8.299999989569187 ], 
            "faces": {
                "north": { "texture": "#0", "uv": [ 7.0, 7.0, 7.0, 7.0 ] },
                "east": { "texture": "#0", "uv": [ 7.0, 7.0, 7.0, 7.0 ] },
                "south": { "texture": "#0", "uv": [ 7.0, 7.0, 7.0, 7.0 ] },
                "west": { "texture": "#0", "uv": [ 7.0, 7.0, 7.0, 7.0 ] },
                "up": { "texture": "#0", "uv": [ 7.0, 7.0, 7.0, 7.0 ] },
                "down": { "texture": "#0", "uv": [ 7.0, 7.0, 7.0, 7.0 ] }
            }
        },
        {
            "name": "Cube",
            "from": [ 5.800000011920929, 12.499999977648258, 7.799999997019768 ], 
            "to": [ 6.800000011920929, 12.999999985098839, 8.299999989569187 ], 
            "faces": {
                "north": { "texture": "#0", "uv": [ 7.0, 7.0, 7.0, 7.0 ] },
                "east": { "texture": "#0", "uv": [ 7.0, 7.0, 7.0, 7.0 ] },
                "south": { "texture": "#0", "uv": [ 7.0, 7.0, 7.0, 7.0 ] },
                "west": { "texture": "#0", "uv": [ 7.0, 7.0, 7.0, 7.0 ] },
                "up": { "texture": "#0", "uv": [ 7.0, 7.0, 7.0, 7.0 ] },
                "down": { "texture": "#0", "uv": [ 7.0, 7.0, 7.0, 7.0 ] }
            }
        },
        {
            "name": "Cube",
            "from": [ 6.800000011920929, 12.999999970197678, 7.799999997019768 ], 
            "to": [ 9.30000001937151, 13.499999977648258, 8.299999989569187 ], 
            "faces": {
                "north": { "texture": "#0", "uv": [ 7.0, 7.0, 7.0, 7.0 ] },
                "east": { "texture": "#0", "uv": [ 7.0, 7.0, 7.0, 7.0 ] },
                "south": { "texture": "#0", "uv": [ 7.0, 7.0, 7.0, 7.0 ] },
                "west": { "texture": "#0", "uv": [ 7.0, 7.0, 7.0, 7.0 ] },
                "up": { "texture": "#0", "uv": [ 7.0, 7.0, 7.0, 7.0 ] },
                "down": { "texture": "#0", "uv": [ 7.0, 7.0, 7.0, 7.0 ] }
            }
        },
        {
            "name": "Cube",
            "from": [ 9.30000001937151, 12.499999977648258, 7.799999997019768 ], 
            "to": [ 10.30000001937151, 12.999999985098839, 8.299999989569187 ], 
            "faces": {
                "north": { "texture": "#0", "uv": [ 7.0, 7.0, 7.0, 7.0 ] },
                "east": { "texture": "#0", "uv": [ 7.0, 7.0, 7.0, 7.0 ] },
                "south": { "texture": "#0", "uv": [ 7.0, 7.0, 7.0, 7.0 ] },
                "west": { "texture": "#0", "uv": [ 7.0, 7.0, 7.0, 7.0 ] },
                "up": { "texture": "#0", "uv": [ 7.0, 7.0, 7.0, 7.0 ] },
                "down": { "texture": "#0", "uv": [ 7.0, 7.0, 7.0, 7.0 ] }
            }
        },
        {
            "name": "Cube",
            "from": [ 10.300000004470348, 11.999999985098839, 7.799999997019768 ], 
            "to": [ 11.300000004470348, 12.49999999254942, 8.299999989569187 ], 
            "faces": {
                "north": { "texture": "#0", "uv": [ 7.0, 7.0, 7.0, 7.0 ] },
                "east": { "texture": "#0", "uv": [ 7.0, 7.0, 7.0, 7.0 ] },
                "south": { "texture": "#0", "uv": [ 7.0, 7.0, 7.0, 7.0 ] },
                "west": { "texture": "#0", "uv": [ 7.0, 7.0, 7.0, 7.0 ] },
                "up": { "texture": "#0", "uv": [ 7.0, 7.0, 7.0, 7.0 ] },
                "down": { "texture": "#0", "uv": [ 7.0, 7.0, 7.0, 7.0 ] }
            }
        },
        {
            "name": "Cube",
            "from": [ 11.300000004470348, 10.49999999254942, 7.799999997019768 ], 
            "to": [ 11.799999997019768, 12.0, 8.299999989569187 ], 
            "faces": {
                "north": { "texture": "#0", "uv": [ 7.0, 7.0, 7.0, 7.0 ] },
                "east": { "texture": "#0", "uv": [ 7.0, 7.0, 7.0, 7.0 ] },
                "south": { "texture": "#0", "uv": [ 7.0, 7.0, 7.0, 7.0 ] },
                "west": { "texture": "#0", "uv": [ 7.0, 7.0, 7.0, 7.0 ] },
                "up": { "texture": "#0", "uv": [ 7.0, 7.0, 7.0, 7.0 ] },
                "down": { "texture": "#0", "uv": [ 7.0, 7.0, 7.0, 7.0 ] }
            }
        },
        {
            "name": "Cube",
            "from": [ 11.800000011920929, 9.49999999254942, 7.799999997019768 ], 
            "to": [ 12.300000004470348, 11.0, 8.299999989569187 ], 
            "faces": {
                "north": { "texture": "#0", "uv": [ 7.0, 7.0, 7.0, 7.0 ] },
                "east": { "texture": "#0", "uv": [ 7.0, 7.0, 7.0, 7.0 ] },
                "south": { "texture": "#0", "uv": [ 7.0, 7.0, 7.0, 7.0 ] },
                "west": { "texture": "#0", "uv": [ 7.0, 7.0, 7.0, 7.0 ] },
                "up": { "texture": "#0", "uv": [ 7.0, 7.0, 7.0, 7.0 ] },
                "down": { "texture": "#0", "uv": [ 7.0, 7.0, 7.0, 7.0 ] }
            }
        },
        {
            "name": "Cube",
            "from": [ 12.300000004470348, 7.999999985098839, 7.799999997019768 ], 
            "to": [ 12.799999997019768, 10.0, 8.299999989569187 ], 
            "faces": {
                "north": { "texture": "#0", "uv": [ 7.0, 7.0, 7.0, 7.0 ] },
                "east": { "texture": "#0", "uv": [ 7.0, 7.0, 7.0, 7.0 ] },
                "south": { "texture": "#0", "uv": [ 7.0, 7.0, 7.0, 7.0 ] },
                "west": { "texture": "#0", "uv": [ 7.0, 7.0, 7.0, 7.0 ] },
                "up": { "texture": "#0", "uv": [ 7.0, 7.0, 7.0, 7.0 ] },
                "down": { "texture": "#0", "uv": [ 7.0, 7.0, 7.0, 7.0 ] }
            }
        },
        {
            "name": "Cube",
            "from": [ 12.300000004470348, 6.999999985098839, 7.799999997019768 ], 
            "to": [ 12.799999997019768, 7.999999985098839, 8.299999989569187 ], 
            "faces": {
                "north": { "texture": "#0", "uv": [ 7.0, 7.0, 7.0, 7.0 ] },
                "east": { "texture": "#0", "uv": [ 7.0, 7.0, 7.0, 7.0 ] },
                "south": { "texture": "#0", "uv": [ 7.0, 7.0, 7.0, 7.0 ] },
                "west": { "texture": "#0", "uv": [ 7.0, 7.0, 7.0, 7.0 ] },
                "up": { "texture": "#0", "uv": [ 7.0, 7.0, 7.0, 7.0 ] },
                "down": { "texture": "#0", "uv": [ 7.0, 7.0, 7.0, 7.0 ] }
            }
        },
        {
            "name": "Cube",
            "from": [ 11.799999997019768, 6.0, 7.799999997019768 ], 
            "to": [ 12.299999989569187, 7.500000007450581, 8.299999989569187 ], 
            "faces": {
                "north": { "texture": "#0", "uv": [ 7.0, 7.0, 7.0, 7.0 ] },
                "east": { "texture": "#0", "uv": [ 7.0, 7.0, 7.0, 7.0 ] },
                "south": { "texture": "#0", "uv": [ 7.0, 7.0, 7.0, 7.0 ] },
                "west": { "texture": "#0", "uv": [ 7.0, 7.0, 7.0, 7.0 ] },
                "up": { "texture": "#0", "uv": [ 7.0, 7.0, 7.0, 7.0 ] },
                "down": { "texture": "#0", "uv": [ 7.0, 7.0, 7.0, 7.0 ] }
            }
        },
        {
            "name": "Cube",
            "from": [ 11.300000004470348, 5.0, 7.799999997019768 ], 
            "to": [ 11.799999997019768, 6.0, 8.299999989569187 ], 
            "faces": {
                "north": { "texture": "#0", "uv": [ 7.0, 7.0, 7.0, 7.0 ] },
                "east": { "texture": "#0", "uv": [ 7.0, 7.0, 7.0, 7.0 ] },
                "south": { "texture": "#0", "uv": [ 7.0, 7.0, 7.0, 7.0 ] },
                "west": { "texture": "#0", "uv": [ 7.0, 7.0, 7.0, 7.0 ] },
                "up": { "texture": "#0", "uv": [ 7.0, 7.0, 7.0, 7.0 ] },
                "down": { "texture": "#0", "uv": [ 7.0, 7.0, 7.0, 7.0 ] }
            }
        },
        {
            "name": "Cube",
            "from": [ 7.300000004470348, 5.0, 7.799999997019768 ], 
            "to": [ 9.299999959766865, 5.499999992549419, 8.299999989569187 ], 
            "faces": {
                "north": { "texture": "#0", "uv": [ 7.0, 7.0, 7.0, 7.0 ] },
                "east": { "texture": "#0", "uv": [ 7.0, 7.0, 7.0, 7.0 ] },
                "south": { "texture": "#0", "uv": [ 7.0, 7.0, 7.0, 7.0 ] },
                "west": { "texture": "#0", "uv": [ 7.0, 7.0, 7.0, 7.0 ] },
                "up": { "texture": "#0", "uv": [ 7.0, 7.0, 7.0, 7.0 ] },
                "down": { "texture": "#0", "uv": [ 7.0, 7.0, 7.0, 7.0 ] }
            }
        },
        {
            "name": "Cube",
            "from": [ 9.30000001937151, 4.000000014901161, 7.799999997019768 ], 
            "to": [ 10.300000004470348, 4.500000007450581, 8.299999989569187 ], 
            "faces": {
                "north": { "texture": "#0", "uv": [ 7.0, 7.0, 7.0, 7.0 ] },
                "east": { "texture": "#0", "uv": [ 7.0, 7.0, 7.0, 7.0 ] },
                "south": { "texture": "#0", "uv": [ 7.0, 7.0, 7.0, 7.0 ] },
                "west": { "texture": "#0", "uv": [ 7.0, 7.0, 7.0, 7.0 ] },
                "up": { "texture": "#0", "uv": [ 7.0, 7.0, 7.0, 7.0 ] },
                "down": { "texture": "#0", "uv": [ 7.0, 7.0, 7.0, 7.0 ] }
            }
        },
        {
            "name": "Cube",
            "from": [ 4.800000011920929, 9.50000000745058, 7.800000011920929 ], 
            "to": [ 5.299999989569187, 12.000000014901161, 8.300000004470348 ], 
            "faces": {
                "north": { "texture": "#0", "uv": [ 7.299999999999999, 10.600000000000001, 8.0, 11.0 ] },
                "east": { "texture": "#0", "uv": [ 7.0, 10.9, 8.0, 10.899999999999997 ] },
                "south": { "texture": "#0", "uv": [ 7.0, 2.0, 8.0, 2.0 ] },
                "west": { "texture": "#0", "uv": [ 7.0, 2.0, 8.0, 2.0 ] },
                "up": { "texture": "#0", "uv": [ 7.0, 2.0, 8.0, 2.0 ] },
                "down": { "texture": "#0", "uv": [ 7.0, 2.0, 8.0, 2.0 ] }
            }
        },
        {
            "name": "Cube",
            "from": [ 4.799999997019768, 7.500000007450581, 7.799999997019768 ], 
            "to": [ 5.399999991059303, 9.50000000745058, 8.299999989569187 ], 
            "faces": {
                "north": { "texture": "#0", "uv": [ 8.0, 9.0, 9.0, 9.0 ] },
                "east": { "texture": "#0", "uv": [ 8.0, 9.0, 9.0, 9.0 ] },
                "south": { "texture": "#0", "uv": [ 8.0, 9.0, 9.0, 9.0 ] },
                "west": { "texture": "#0", "uv": [ 8.0, 9.0, 9.0, 9.0 ] },
                "up": { "texture": "#0", "uv": [ 8.0, 9.0, 9.0, 9.0 ] },
                "down": { "texture": "#0", "uv": [ 8.0, 9.0, 9.0, 9.0 ] }
            }
        },
        {
            "name": "Cube",
            "from": [ 5.300000004470348, 10.50000000745058, 7.800000011920929 ], 
            "to": [ 5.799999982118607, 12.000000014901161, 8.300000004470348 ], 
            "faces": {
                "north": { "texture": "#0", "uv": [ 7.299999999999999, 10.600000000000001, 8.0, 11.0 ] },
                "east": { "texture": "#0", "uv": [ 7.0, 10.9, 8.0, 10.899999999999997 ] },
                "south": { "texture": "#0", "uv": [ 7.0, 2.0, 8.0, 2.0 ] },
                "west": { "texture": "#0", "uv": [ 7.0, 2.0, 8.0, 2.0 ] },
                "up": { "texture": "#0", "uv": [ 7.0, 2.0, 8.0, 2.0 ] },
                "down": { "texture": "#0", "uv": [ 7.0, 2.0, 8.0, 2.0 ] }
            }
        },
        {
            "name": "Cube",
            "from": [ 5.800000011920929, 11.500000022351742, 7.800000011920929 ], 
            "to": [ 6.799999997019768, 12.500000022351742, 8.300000004470348 ], 
            "faces": {
                "north": { "texture": "#0", "uv": [ 7.299999999999999, 10.600000000000001, 8.0, 11.0 ] },
                "east": { "texture": "#0", "uv": [ 7.0, 10.9, 8.0, 10.899999999999997 ] },
                "south": { "texture": "#0", "uv": [ 7.0, 2.0, 8.0, 2.0 ] },
                "west": { "texture": "#0", "uv": [ 7.0, 2.0, 8.0, 2.0 ] },
                "up": { "texture": "#0", "uv": [ 7.0, 2.0, 8.0, 2.0 ] },
                "down": { "texture": "#0", "uv": [ 7.0, 2.0, 8.0, 2.0 ] }
            }
        },
        {
            "name": "Cube",
            "from": [ 6.80000002682209, 12.000000029802322, 7.800000011920929 ], 
            "to": [ 9.30000003427267, 13.000000029802322, 8.300000004470348 ], 
            "faces": {
                "north": { "texture": "#0", "uv": [ 7.299999999999999, 10.600000000000001, 8.0, 11.0 ] },
                "east": { "texture": "#0", "uv": [ 7.0, 10.9, 8.0, 10.899999999999997 ] },
                "south": { "texture": "#0", "uv": [ 7.0, 2.0, 8.0, 2.0 ] },
                "west": { "texture": "#0", "uv": [ 7.0, 2.0, 8.0, 2.0 ] },
                "up": { "texture": "#0", "uv": [ 7.0, 2.0, 8.0, 2.0 ] },
                "down": { "texture": "#0", "uv": [ 7.0, 2.0, 8.0, 2.0 ] }
            }
        },
        {
            "name": "Cube",
            "from": [ 9.300000004470348, 11.500000022351742, 7.800000011920929 ], 
            "to": [ 10.299999989569187, 12.500000022351742, 8.300000004470348 ], 
            "faces": {
                "north": { "texture": "#0", "uv": [ 7.299999999999999, 10.600000000000001, 8.0, 11.0 ] },
                "east": { "texture": "#0", "uv": [ 7.0, 10.9, 8.0, 10.899999999999997 ] },
                "south": { "texture": "#0", "uv": [ 7.0, 2.0, 8.0, 2.0 ] },
                "west": { "texture": "#0", "uv": [ 7.0, 2.0, 8.0, 2.0 ] },
                "up": { "texture": "#0", "uv": [ 7.0, 2.0, 8.0, 2.0 ] },
                "down": { "texture": "#0", "uv": [ 7.0, 2.0, 8.0, 2.0 ] }
            }
        },
        {
            "name": "Cube",
            "from": [ 10.300000004470348, 10.500000022351742, 7.800000011920929 ], 
            "to": [ 11.299999989569187, 12.000000029802322, 8.300000004470348 ], 
            "faces": {
                "north": { "texture": "#0", "uv": [ 7.299999999999999, 10.600000000000001, 8.0, 11.0 ] },
                "east": { "texture": "#0", "uv": [ 7.0, 10.9, 8.0, 10.899999999999997 ] },
                "south": { "texture": "#0", "uv": [ 7.0, 2.0, 8.0, 2.0 ] },
                "west": { "texture": "#0", "uv": [ 7.0, 2.0, 8.0, 2.0 ] },
                "up": { "texture": "#0", "uv": [ 7.0, 2.0, 8.0, 2.0 ] },
                "down": { "texture": "#0", "uv": [ 7.0, 2.0, 8.0, 2.0 ] }
            }
        },
        {
            "name": "Cube",
            "from": [ 11.30000001937151, 5.999999985098839, 7.800000011920929 ], 
            "to": [ 11.799999997019768, 9.999999985098839, 8.300000004470348 ], 
            "faces": {
                "north": { "texture": "#0", "uv": [ 7.299999999999999, 10.600000000000001, 8.0, 11.0 ] },
                "east": { "texture": "#0", "uv": [ 7.0, 10.9, 8.0, 10.899999999999997 ] },
                "south": { "texture": "#0", "uv": [ 7.0, 2.0, 8.0, 2.0 ] },
                "west": { "texture": "#0", "uv": [ 7.0, 2.0, 8.0, 2.0 ] },
                "up": { "texture": "#0", "uv": [ 7.0, 2.0, 8.0, 2.0 ] },
                "down": { "texture": "#0", "uv": [ 7.0, 2.0, 8.0, 2.0 ] }
            }
        },
        {
            "name": "Cube",
            "from": [ 11.80000002682209, 7.499999992549419, 7.800000011920929 ], 
            "to": [ 12.300000004470348, 9.49999999254942, 8.300000004470348 ], 
            "faces": {
                "north": { "texture": "#0", "uv": [ 7.299999999999999, 10.600000000000001, 8.0, 11.0 ] },
                "east": { "texture": "#0", "uv": [ 7.0, 10.9, 8.0, 10.899999999999997 ] },
                "south": { "texture": "#0", "uv": [ 7.0, 2.0, 8.0, 2.0 ] },
                "west": { "texture": "#0", "uv": [ 7.0, 2.0, 8.0, 2.0 ] },
                "up": { "texture": "#0", "uv": [ 7.0, 2.0, 8.0, 2.0 ] },
                "down": { "texture": "#0", "uv": [ 7.0, 2.0, 8.0, 2.0 ] }
            }
        },
        {
            "name": "Cube",
            "from": [ 10.80000002682209, 9.49999999254942, 7.800000011920929 ], 
            "to": [ 11.300000004470348, 10.49999999254942, 8.300000004470348 ], 
            "faces": {
                "north": { "texture": "#0", "uv": [ 7.299999999999999, 10.600000000000001, 8.0, 11.0 ] },
                "east": { "texture": "#0", "uv": [ 7.0, 10.9, 8.0, 10.899999999999997 ] },
                "south": { "texture": "#0", "uv": [ 7.0, 2.0, 8.0, 2.0 ] },
                "west": { "texture": "#0", "uv": [ 7.0, 2.0, 8.0, 2.0 ] },
                "up": { "texture": "#0", "uv": [ 7.0, 2.0, 8.0, 2.0 ] },
                "down": { "texture": "#0", "uv": [ 7.0, 2.0, 8.0, 2.0 ] }
            }
        },
        {
            "name": "Cube",
            "from": [ 10.800000011920929, 5.499999992549419, 7.800000011920929 ], 
            "to": [ 11.299999989569187, 6.499999962747097, 8.300000004470348 ], 
            "faces": {
                "north": { "texture": "#0", "uv": [ 7.299999999999999, 10.600000000000001, 8.0, 11.0 ] },
                "east": { "texture": "#0", "uv": [ 7.0, 10.9, 8.0, 10.899999999999997 ] },
                "south": { "texture": "#0", "uv": [ 7.0, 2.0, 8.0, 2.0 ] },
                "west": { "texture": "#0", "uv": [ 7.0, 2.0, 8.0, 2.0 ] },
                "up": { "texture": "#0", "uv": [ 7.0, 2.0, 8.0, 2.0 ] },
                "down": { "texture": "#0", "uv": [ 7.0, 2.0, 8.0, 2.0 ] }
            }
        },
        {
            "name": "Cube",
            "from": [ 10.30000001937151, 5.499999992549419, 7.800000011920929 ], 
            "to": [ 10.799999997019768, 5.999999955296516, 8.300000004470348 ], 
            "faces": {
                "north": { "texture": "#0", "uv": [ 7.299999999999999, 10.600000000000001, 8.0, 11.0 ] },
                "east": { "texture": "#0", "uv": [ 7.0, 10.9, 8.0, 10.899999999999997 ] },
                "south": { "texture": "#0", "uv": [ 7.0, 2.0, 8.0, 2.0 ] },
                "west": { "texture": "#0", "uv": [ 7.0, 2.0, 8.0, 2.0 ] },
                "up": { "texture": "#0", "uv": [ 7.0, 2.0, 8.0, 2.0 ] },
                "down": { "texture": "#0", "uv": [ 7.0, 2.0, 8.0, 2.0 ] }
            }
        },
        {
            "name": "Cube",
            "from": [ 10.799999997019768, 7.500000007450581, 7.799999997019768 ], 
            "to": [ 11.299999989569187, 9.50000000745058, 8.299999989569187 ], 
            "faces": {
                "north": { "texture": "#0", "uv": [ 8.0, 9.0, 9.0, 9.0 ] },
                "east": { "texture": "#0", "uv": [ 8.0, 9.0, 9.0, 9.0 ] },
                "south": { "texture": "#0", "uv": [ 8.0, 9.0, 9.0, 9.0 ] },
                "west": { "texture": "#0", "uv": [ 8.0, 9.0, 9.0, 9.0 ] },
                "up": { "texture": "#0", "uv": [ 8.0, 9.0, 9.0, 9.0 ] },
                "down": { "texture": "#0", "uv": [ 8.0, 9.0, 9.0, 9.0 ] }
            }
        },
        {
            "name": "Cube",
            "from": [ 6.799999997019768, 11.49999999254942, 7.799999997019768 ], 
            "to": [ 9.299999989569187, 11.999999985098839, 8.299999989569187 ], 
            "faces": {
                "north": { "texture": "#0", "uv": [ 8.0, 9.0, 9.0, 9.0 ] },
                "east": { "texture": "#0", "uv": [ 8.0, 9.0, 9.0, 9.0 ] },
                "south": { "texture": "#0", "uv": [ 8.0, 9.0, 9.0, 9.0 ] },
                "west": { "texture": "#0", "uv": [ 8.0, 9.0, 9.0, 9.0 ] },
                "up": { "texture": "#0", "uv": [ 8.0, 9.0, 9.0, 9.0 ] },
                "down": { "texture": "#0", "uv": [ 8.0, 9.0, 9.0, 9.0 ] }
            }
        },
        {
            "name": "Cube",
            "from": [ 5.799999997019768, 10.999999985098839, 7.799999997019768 ], 
            "to": [ 10.299999989569187, 11.499999977648258, 8.299999989569187 ], 
            "faces": {
                "north": { "texture": "#0", "uv": [ 8.0, 9.0, 9.0, 9.0 ] },
                "east": { "texture": "#0", "uv": [ 8.0, 9.0, 9.0, 9.0 ] },
                "south": { "texture": "#0", "uv": [ 8.0, 9.0, 9.0, 9.0 ] },
                "west": { "texture": "#0", "uv": [ 8.0, 9.0, 9.0, 9.0 ] },
                "up": { "texture": "#0", "uv": [ 8.0, 9.0, 9.0, 9.0 ] },
                "down": { "texture": "#0", "uv": [ 8.0, 9.0, 9.0, 9.0 ] }
            }
        },
        {
            "name": "Cube",
            "from": [ 6.299999989569187, 4.999999985098839, 7.799999997019768 ], 
            "to": [ 7.299999989569187, 5.499999977648258, 8.299999989569187 ], 
            "faces": {
                "north": { "texture": "#0", "uv": [ 8.0, 9.0, 9.0, 9.0 ] },
                "east": { "texture": "#0", "uv": [ 8.0, 9.0, 9.0, 9.0 ] },
                "south": { "texture": "#0", "uv": [ 8.0, 9.0, 9.0, 9.0 ] },
                "west": { "texture": "#0", "uv": [ 8.0, 9.0, 9.0, 9.0 ] },
                "up": { "texture": "#0", "uv": [ 8.0, 9.0, 9.0, 9.0 ] },
                "down": { "texture": "#0", "uv": [ 8.0, 9.0, 9.0, 9.0 ] }
            }
        },
        {
            "name": "Cube",
            "from": [ 5.799999982118607, 5.499999992549419, 7.799999997019768 ], 
            "to": [ 6.799999982118607, 5.999999985098839, 8.299999989569187 ], 
            "faces": {
                "north": { "texture": "#0", "uv": [ 8.0, 9.0, 9.0, 9.0 ] },
                "east": { "texture": "#0", "uv": [ 8.0, 9.0, 9.0, 9.0 ] },
                "south": { "texture": "#0", "uv": [ 8.0, 9.0, 9.0, 9.0 ] },
                "west": { "texture": "#0", "uv": [ 8.0, 9.0, 9.0, 9.0 ] },
                "up": { "texture": "#0", "uv": [ 8.0, 9.0, 9.0, 9.0 ] },
                "down": { "texture": "#0", "uv": [ 8.0, 9.0, 9.0, 9.0 ] }
            }
        },
        {
            "name": "Cube",
            "from": [ 5.799999982118607, 6.0, 7.799999997019768 ], 
            "to": [ 6.299999974668026, 6.499999992549419, 8.299999989569187 ], 
            "faces": {
                "north": { "texture": "#0", "uv": [ 8.0, 9.0, 9.0, 9.0 ] },
                "east": { "texture": "#0", "uv": [ 8.0, 9.0, 9.0, 9.0 ] },
                "south": { "texture": "#0", "uv": [ 8.0, 9.0, 9.0, 9.0 ] },
                "west": { "texture": "#0", "uv": [ 8.0, 9.0, 9.0, 9.0 ] },
                "up": { "texture": "#0", "uv": [ 8.0, 9.0, 9.0, 9.0 ] },
                "down": { "texture": "#0", "uv": [ 8.0, 9.0, 9.0, 9.0 ] }
            }
        },
        {
            "name": "Cube",
            "from": [ 5.299999989569187, 6.499999992549419, 7.799999997019768 ], 
            "to": [ 5.799999982118607, 7.499999992549419, 8.299999989569187 ], 
            "faces": {
                "north": { "texture": "#0", "uv": [ 8.0, 9.0, 9.0, 9.0 ] },
                "east": { "texture": "#0", "uv": [ 8.0, 9.0, 9.0, 9.0 ] },
                "south": { "texture": "#0", "uv": [ 8.0, 9.0, 9.0, 9.0 ] },
                "west": { "texture": "#0", "uv": [ 8.0, 9.0, 9.0, 9.0 ] },
                "up": { "texture": "#0", "uv": [ 8.0, 9.0, 9.0, 9.0 ] },
                "down": { "texture": "#0", "uv": [ 8.0, 9.0, 9.0, 9.0 ] }
            }
        },
        {
            "name": "Cube",
            "from": [ 4.80000002682209, 7.0, 7.800000011920929 ], 
            "to": [ 5.300000004470348, 7.499999947845936, 8.300000004470348 ], 
            "faces": {
                "north": { "texture": "#0", "uv": [ 7.299999999999999, 10.600000000000001, 8.0, 11.0 ] },
                "east": { "texture": "#0", "uv": [ 7.0, 10.9, 8.0, 10.899999999999997 ] },
                "south": { "texture": "#0", "uv": [ 7.0, 2.0, 8.0, 2.0 ] },
                "west": { "texture": "#0", "uv": [ 7.0, 2.0, 8.0, 2.0 ] },
                "up": { "texture": "#0", "uv": [ 7.0, 2.0, 8.0, 2.0 ] },
                "down": { "texture": "#0", "uv": [ 7.0, 2.0, 8.0, 2.0 ] }
            }
        },
        {
            "name": "Cube",
            "from": [ 10.300000004470348, 4.500000007450581, 7.799999997019768 ], 
            "to": [ 11.299999989569187, 5.0, 8.299999989569187 ], 
            "faces": {
                "north": { "texture": "#0", "uv": [ 7.0, 7.0, 7.0, 7.0 ] },
                "east": { "texture": "#0", "uv": [ 7.0, 7.0, 7.0, 7.0 ] },
                "south": { "texture": "#0", "uv": [ 7.0, 7.0, 7.0, 7.0 ] },
                "west": { "texture": "#0", "uv": [ 7.0, 7.0, 7.0, 7.0 ] },
                "up": { "texture": "#0", "uv": [ 7.0, 7.0, 7.0, 7.0 ] },
                "down": { "texture": "#0", "uv": [ 7.0, 7.0, 7.0, 7.0 ] }
            }
        },
        {
            "name": "Cube",
            "from": [ 5.299999989569187, 9.49999999254942, 7.799999997019768 ], 
            "to": [ 5.799999982118607, 10.49999999254942, 8.299999989569187 ], 
            "faces": {
                "north": { "texture": "#0", "uv": [ 8.0, 9.0, 9.0, 9.0 ] },
                "east": { "texture": "#0", "uv": [ 8.0, 9.0, 9.0, 9.0 ] },
                "south": { "texture": "#0", "uv": [ 8.0, 9.0, 9.0, 9.0 ] },
                "west": { "texture": "#0", "uv": [ 8.0, 9.0, 9.0, 9.0 ] },
                "up": { "texture": "#0", "uv": [ 8.0, 9.0, 9.0, 9.0 ] },
                "down": { "texture": "#0", "uv": [ 8.0, 9.0, 9.0, 9.0 ] }
            }
        },
        {
            "name": "Cube",
            "from": [ 5.799999982118607, 10.500000022351742, 7.799999997019768 ], 
            "to": [ 6.299999974668026, 11.000000014901161, 8.299999989569187 ], 
            "faces": {
                "north": { "texture": "#0", "uv": [ 8.0, 9.0, 9.0, 9.0 ] },
                "east": { "texture": "#0", "uv": [ 8.0, 9.0, 9.0, 9.0 ] },
                "south": { "texture": "#0", "uv": [ 8.0, 9.0, 9.0, 9.0 ] },
                "west": { "texture": "#0", "uv": [ 8.0, 9.0, 9.0, 9.0 ] },
                "up": { "texture": "#0", "uv": [ 8.0, 9.0, 9.0, 9.0 ] },
                "down": { "texture": "#0", "uv": [ 8.0, 9.0, 9.0, 9.0 ] }
            }
        },
        {
            "name": "Cube",
            "from": [ 11.30000003427267, 10.0, 7.800000011920929 ], 
            "to": [ 11.800000011920929, 10.49999999254942, 8.300000004470348 ], 
            "faces": {
                "north": { "texture": "#0", "uv": [ 7.299999999999999, 10.600000000000001, 8.0, 11.0 ] },
                "east": { "texture": "#0", "uv": [ 7.0, 10.9, 8.0, 10.899999999999997 ] },
                "south": { "texture": "#0", "uv": [ 7.0, 2.0, 8.0, 2.0 ] },
                "west": { "texture": "#0", "uv": [ 7.0, 2.0, 8.0, 2.0 ] },
                "up": { "texture": "#0", "uv": [ 7.0, 2.0, 8.0, 2.0 ] },
                "down": { "texture": "#0", "uv": [ 7.0, 2.0, 8.0, 2.0 ] }
            }
        },
        {
            "name": "Cube",
            "from": [ 9.799999982118607, 10.500000022351742, 7.799999997019768 ], 
            "to": [ 10.299999974668026, 11.000000014901161, 8.299999989569187 ], 
            "faces": {
                "north": { "texture": "#0", "uv": [ 8.0, 9.0, 9.0, 9.0 ] },
                "east": { "texture": "#0", "uv": [ 8.0, 9.0, 9.0, 9.0 ] },
                "south": { "texture": "#0", "uv": [ 8.0, 9.0, 9.0, 9.0 ] },
                "west": { "texture": "#0", "uv": [ 8.0, 9.0, 9.0, 9.0 ] },
                "up": { "texture": "#0", "uv": [ 8.0, 9.0, 9.0, 9.0 ] },
                "down": { "texture": "#0", "uv": [ 8.0, 9.0, 9.0, 9.0 ] }
            }
        },
        {
            "name": "Cube",
            "from": [ 10.299999989569187, 9.49999999254942, 7.799999997019768 ], 
            "to": [ 10.799999982118607, 10.49999999254942, 8.299999989569187 ], 
            "faces": {
                "north": { "texture": "#0", "uv": [ 8.0, 9.0, 9.0, 9.0 ] },
                "east": { "texture": "#0", "uv": [ 8.0, 9.0, 9.0, 9.0 ] },
                "south": { "texture": "#0", "uv": [ 8.0, 9.0, 9.0, 9.0 ] },
                "west": { "texture": "#0", "uv": [ 8.0, 9.0, 9.0, 9.0 ] },
                "up": { "texture": "#0", "uv": [ 8.0, 9.0, 9.0, 9.0 ] },
                "down": { "texture": "#0", "uv": [ 8.0, 9.0, 9.0, 9.0 ] }
            }
        },
        {
            "name": "Cube",
            "from": [ 6.799999997019768, 5.499999992549419, 7.799999997019768 ], 
            "to": [ 7.799999982118607, 5.999999985098839, 8.299999989569187 ], 
            "faces": {
                "north": { "texture": "#0", "uv": [ 7.0, 7.0, 7.0, 7.0 ] },
                "east": { "texture": "#0", "uv": [ 7.0, 7.0, 7.0, 7.0 ] },
                "south": { "texture": "#0", "uv": [ 7.0, 7.0, 7.0, 7.0 ] },
                "west": { "texture": "#0", "uv": [ 7.0, 7.0, 7.0, 7.0 ] },
                "up": { "texture": "#0", "uv": [ 7.0, 7.0, 7.0, 7.0 ] },
                "down": { "texture": "#0", "uv": [ 7.0, 7.0, 7.0, 7.0 ] }
            }
        },
        {
            "name": "Cube",
            "from": [ 6.299999989569187, 6.0, 7.799999997019768 ], 
            "to": [ 7.299999974668026, 6.499999992549419, 8.299999989569187 ], 
            "faces": {
                "north": { "texture": "#0", "uv": [ 7.0, 7.0, 7.0, 7.0 ] },
                "east": { "texture": "#0", "uv": [ 7.0, 7.0, 7.0, 7.0 ] },
                "south": { "texture": "#0", "uv": [ 7.0, 7.0, 7.0, 7.0 ] },
                "west": { "texture": "#0", "uv": [ 7.0, 7.0, 7.0, 7.0 ] },
                "up": { "texture": "#0", "uv": [ 7.0, 7.0, 7.0, 7.0 ] },
                "down": { "texture": "#0", "uv": [ 7.0, 7.0, 7.0, 7.0 ] }
            }
        },
        {
            "name": "Cube",
            "from": [ 5.799999982118607, 6.500000007450581, 7.799999997019768 ], 
            "to": [ 6.799999967217445, 7.0, 8.299999989569187 ], 
            "faces": {
                "north": { "texture": "#0", "uv": [ 7.0, 7.0, 7.0, 7.0 ] },
                "east": { "texture": "#0", "uv": [ 7.0, 7.0, 7.0, 7.0 ] },
                "south": { "texture": "#0", "uv": [ 7.0, 7.0, 7.0, 7.0 ] },
                "west": { "texture": "#0", "uv": [ 7.0, 7.0, 7.0, 7.0 ] },
                "up": { "texture": "#0", "uv": [ 7.0, 7.0, 7.0, 7.0 ] },
                "down": { "texture": "#0", "uv": [ 7.0, 7.0, 7.0, 7.0 ] }
            }
        },
        {
            "name": "Cube",
            "from": [ 5.799999982118607, 7.000000014901161, 7.799999997019768 ], 
            "to": [ 6.299999959766865, 8.000000014901161, 8.299999989569187 ], 
            "faces": {
                "north": { "texture": "#0", "uv": [ 7.0, 7.0, 7.0, 7.0 ] },
                "east": { "texture": "#0", "uv": [ 7.0, 7.0, 7.0, 7.0 ] },
                "south": { "texture": "#0", "uv": [ 7.0, 7.0, 7.0, 7.0 ] },
                "west": { "texture": "#0", "uv": [ 7.0, 7.0, 7.0, 7.0 ] },
                "up": { "texture": "#0", "uv": [ 7.0, 7.0, 7.0, 7.0 ] },
                "down": { "texture": "#0", "uv": [ 7.0, 7.0, 7.0, 7.0 ] }
            }
        },
        {
            "name": "Cube",
            "from": [ 5.399999976158142, 7.500000022351742, 7.799999997019768 ], 
            "to": [ 5.8999999538064, 9.500000022351742, 8.299999989569187 ], 
            "faces": {
                "north": { "texture": "#0", "uv": [ 7.0, 7.0, 7.0, 7.0 ] },
                "east": { "texture": "#0", "uv": [ 7.0, 7.0, 7.0, 7.0 ] },
                "south": { "texture": "#0", "uv": [ 7.0, 7.0, 7.0, 7.0 ] },
                "west": { "texture": "#0", "uv": [ 7.0, 7.0, 7.0, 7.0 ] },
                "up": { "texture": "#0", "uv": [ 7.0, 7.0, 7.0, 7.0 ] },
                "down": { "texture": "#0", "uv": [ 7.0, 7.0, 7.0, 7.0 ] }
            }
        },
        {
            "name": "Cube",
            "from": [ 5.799999982118607, 9.0, 7.799999997019768 ], 
            "to": [ 6.299999959766865, 10.0, 8.299999989569187 ], 
            "faces": {
                "north": { "texture": "#0", "uv": [ 7.0, 7.0, 7.0, 7.0 ] },
                "east": { "texture": "#0", "uv": [ 7.0, 7.0, 7.0, 7.0 ] },
                "south": { "texture": "#0", "uv": [ 7.0, 7.0, 7.0, 7.0 ] },
                "west": { "texture": "#0", "uv": [ 7.0, 7.0, 7.0, 7.0 ] },
                "up": { "texture": "#0", "uv": [ 7.0, 7.0, 7.0, 7.0 ] },
                "down": { "texture": "#0", "uv": [ 7.0, 7.0, 7.0, 7.0 ] }
            }
        },
        {
            "name": "Cube",
            "from": [ 5.799999982118607, 10.000000014901161, 7.799999997019768 ], 
            "to": [ 6.799999967217445, 10.50000000745058, 8.299999989569187 ], 
            "faces": {
                "north": { "texture": "#0", "uv": [ 7.0, 7.0, 7.0, 7.0 ] },
                "east": { "texture": "#0", "uv": [ 7.0, 7.0, 7.0, 7.0 ] },
                "south": { "texture": "#0", "uv": [ 7.0, 7.0, 7.0, 7.0 ] },
                "west": { "texture": "#0", "uv": [ 7.0, 7.0, 7.0, 7.0 ] },
                "up": { "texture": "#0", "uv": [ 7.0, 7.0, 7.0, 7.0 ] },
                "down": { "texture": "#0", "uv": [ 7.0, 7.0, 7.0, 7.0 ] }
            }
        },
        {
            "name": "Cube",
            "from": [ 6.799999997019768, 10.500000022351742, 7.799999997019768 ], 
            "to": [ 9.299999989569187, 11.000000014901161, 8.299999989569187 ], 
            "faces": {
                "north": { "texture": "#0", "uv": [ 7.0, 7.0, 7.0, 7.0 ] },
                "east": { "texture": "#0", "uv": [ 7.0, 7.0, 7.0, 7.0 ] },
                "south": { "texture": "#0", "uv": [ 7.0, 7.0, 7.0, 7.0 ] },
                "west": { "texture": "#0", "uv": [ 7.0, 7.0, 7.0, 7.0 ] },
                "up": { "texture": "#0", "uv": [ 7.0, 7.0, 7.0, 7.0 ] },
                "down": { "texture": "#0", "uv": [ 7.0, 7.0, 7.0, 7.0 ] }
            }
        },
        {
            "name": "Cube",
            "from": [ 6.299999989569187, 10.500000022351742, 7.799999997019768 ], 
            "to": [ 6.799999982118607, 11.000000014901161, 8.299999989569187 ], 
            "faces": {
                "north": { "texture": "#0", "uv": [ 8.0, 9.0, 9.0, 9.0 ] },
                "east": { "texture": "#0", "uv": [ 8.0, 9.0, 9.0, 9.0 ] },
                "south": { "texture": "#0", "uv": [ 8.0, 9.0, 9.0, 9.0 ] },
                "west": { "texture": "#0", "uv": [ 8.0, 9.0, 9.0, 9.0 ] },
                "up": { "texture": "#0", "uv": [ 8.0, 9.0, 9.0, 9.0 ] },
                "down": { "texture": "#0", "uv": [ 8.0, 9.0, 9.0, 9.0 ] }
            }
        },
        {
            "name": "Cube",
            "from": [ 9.299999989569187, 10.500000022351742, 7.799999997019768 ], 
            "to": [ 9.799999982118607, 11.000000014901161, 8.299999989569187 ], 
            "faces": {
                "north": { "texture": "#0", "uv": [ 8.0, 9.0, 9.0, 9.0 ] },
                "east": { "texture": "#0", "uv": [ 8.0, 9.0, 9.0, 9.0 ] },
                "south": { "texture": "#0", "uv": [ 8.0, 9.0, 9.0, 9.0 ] },
                "west": { "texture": "#0", "uv": [ 8.0, 9.0, 9.0, 9.0 ] },
                "up": { "texture": "#0", "uv": [ 8.0, 9.0, 9.0, 9.0 ] },
                "down": { "texture": "#0", "uv": [ 8.0, 9.0, 9.0, 9.0 ] }
            }
        },
        {
            "name": "Cube",
            "from": [ 9.299999989569187, 10.000000014901161, 7.799999997019768 ], 
            "to": [ 10.299999974668026, 10.50000000745058, 8.299999989569187 ], 
            "faces": {
                "north": { "texture": "#0", "uv": [ 7.0, 7.0, 7.0, 7.0 ] },
                "east": { "texture": "#0", "uv": [ 7.0, 7.0, 7.0, 7.0 ] },
                "south": { "texture": "#0", "uv": [ 7.0, 7.0, 7.0, 7.0 ] },
                "west": { "texture": "#0", "uv": [ 7.0, 7.0, 7.0, 7.0 ] },
                "up": { "texture": "#0", "uv": [ 7.0, 7.0, 7.0, 7.0 ] },
                "down": { "texture": "#0", "uv": [ 7.0, 7.0, 7.0, 7.0 ] }
            }
        },
        {
            "name": "Cube",
            "from": [ 9.799999982118607, 9.0, 7.799999997019768 ], 
            "to": [ 10.299999959766865, 10.0, 8.299999989569187 ], 
            "faces": {
                "north": { "texture": "#0", "uv": [ 7.0, 7.0, 7.0, 7.0 ] },
                "east": { "texture": "#0", "uv": [ 7.0, 7.0, 7.0, 7.0 ] },
                "south": { "texture": "#0", "uv": [ 7.0, 7.0, 7.0, 7.0 ] },
                "west": { "texture": "#0", "uv": [ 7.0, 7.0, 7.0, 7.0 ] },
                "up": { "texture": "#0", "uv": [ 7.0, 7.0, 7.0, 7.0 ] },
                "down": { "texture": "#0", "uv": [ 7.0, 7.0, 7.0, 7.0 ] }
            }
        },
        {
            "name": "Cube",
            "from": [ 10.299999974668026, 7.500000022351742, 7.799999997019768 ], 
            "to": [ 10.799999952316284, 9.500000022351742, 8.299999989569187 ], 
            "faces": {
                "north": { "texture": "#0", "uv": [ 7.0, 7.0, 7.0, 7.0 ] },
                "east": { "texture": "#0", "uv": [ 7.0, 7.0, 7.0, 7.0 ] },
                "south": { "texture": "#0", "uv": [ 7.0, 7.0, 7.0, 7.0 ] },
                "west": { "texture": "#0", "uv": [ 7.0, 7.0, 7.0, 7.0 ] },
                "up": { "texture": "#0", "uv": [ 7.0, 7.0, 7.0, 7.0 ] },
                "down": { "texture": "#0", "uv": [ 7.0, 7.0, 7.0, 7.0 ] }
            }
        },
        {
            "name": "Cube",
            "from": [ 9.799999982118607, 7.500000007450581, 7.799999997019768 ], 
            "to": [ 10.299999959766865, 8.0, 8.299999989569187 ], 
            "faces": {
                "north": { "texture": "#0", "uv": [ 7.0, 7.0, 7.0, 7.0 ] },
                "east": { "texture": "#0", "uv": [ 7.0, 7.0, 7.0, 7.0 ] },
                "south": { "texture": "#0", "uv": [ 7.0, 7.0, 7.0, 7.0 ] },
                "west": { "texture": "#0", "uv": [ 7.0, 7.0, 7.0, 7.0 ] },
                "up": { "texture": "#0", "uv": [ 7.0, 7.0, 7.0, 7.0 ] },
                "down": { "texture": "#0", "uv": [ 7.0, 7.0, 7.0, 7.0 ] }
            }
        },
        {
            "name": "Cube",
            "from": [ 10.30000001937151, 6.0, 7.800000011920929 ], 
            "to": [ 10.799999997019768, 6.499999962747097, 8.300000004470348 ], 
            "faces": {
                "north": { "texture": "#0", "uv": [ 7.299999999999999, 10.600000000000001, 8.0, 11.0 ] },
                "east": { "texture": "#0", "uv": [ 7.0, 10.9, 8.0, 10.899999999999997 ] },
                "south": { "texture": "#0", "uv": [ 7.0, 2.0, 8.0, 2.0 ] },
                "west": { "texture": "#0", "uv": [ 7.0, 2.0, 8.0, 2.0 ] },
                "up": { "texture": "#0", "uv": [ 7.0, 2.0, 8.0, 2.0 ] },
                "down": { "texture": "#0", "uv": [ 7.0, 2.0, 8.0, 2.0 ] }
            }
        },
        {
            "name": "Cube",
            "from": [ 10.800000011920929, 6.499999992549419, 7.800000011920929 ], 
            "to": [ 11.299999989569187, 7.499999992549419, 8.300000004470348 ], 
            "faces": {
                "north": { "texture": "#0", "uv": [ 7.299999999999999, 10.600000000000001, 8.0, 11.0 ] },
                "east": { "texture": "#0", "uv": [ 7.0, 10.9, 8.0, 10.899999999999997 ] },
                "south": { "texture": "#0", "uv": [ 7.0, 2.0, 8.0, 2.0 ] },
                "west": { "texture": "#0", "uv": [ 7.0, 2.0, 8.0, 2.0 ] },
                "up": { "texture": "#0", "uv": [ 7.0, 2.0, 8.0, 2.0 ] },
                "down": { "texture": "#0", "uv": [ 7.0, 2.0, 8.0, 2.0 ] }
            }
        },
        {
            "name": "Cube",
            "from": [ 9.299999974668026, 7.0, 7.799999997019768 ], 
            "to": [ 10.299999959766865, 7.499999992549419, 8.299999989569187 ], 
            "faces": {
                "north": { "texture": "#0", "uv": [ 7.0, 7.0, 7.0, 7.0 ] },
                "east": { "texture": "#0", "uv": [ 7.0, 7.0, 7.0, 7.0 ] },
                "south": { "texture": "#0", "uv": [ 7.0, 7.0, 7.0, 7.0 ] },
                "west": { "texture": "#0", "uv": [ 7.0, 7.0, 7.0, 7.0 ] },
                "up": { "texture": "#0", "uv": [ 7.0, 7.0, 7.0, 7.0 ] },
                "down": { "texture": "#0", "uv": [ 7.0, 7.0, 7.0, 7.0 ] }
            }
        },
        {
            "name": "Cube",
            "from": [ 7.799999967217445, 6.5999999940395355, 7.799999997019768 ], 
            "to": [ 9.799999952316284, 7.099999986588955, 8.299999989569187 ], 
            "faces": {
                "north": { "texture": "#0", "uv": [ 7.0, 7.0, 7.0, 7.0 ] },
                "east": { "texture": "#0", "uv": [ 7.0, 7.0, 7.0, 7.0 ] },
                "south": { "texture": "#0", "uv": [ 7.0, 7.0, 7.0, 7.0 ] },
                "west": { "texture": "#0", "uv": [ 7.0, 7.0, 7.0, 7.0 ] },
                "up": { "texture": "#0", "uv": [ 7.0, 7.0, 7.0, 7.0 ] },
                "down": { "texture": "#0", "uv": [ 7.0, 7.0, 7.0, 7.0 ] }
            }
        },
        {
            "name": "Cube",
            "from": [ 7.299999974668026, 7.0, 7.799999997019768 ], 
            "to": [ 8.299999959766865, 7.499999992549419, 8.299999989569187 ], 
            "faces": {
                "north": { "texture": "#0", "uv": [ 7.0, 7.0, 7.0, 7.0 ] },
                "east": { "texture": "#0", "uv": [ 7.0, 7.0, 7.0, 7.0 ] },
                "south": { "texture": "#0", "uv": [ 7.0, 7.0, 7.0, 7.0 ] },
                "west": { "texture": "#0", "uv": [ 7.0, 7.0, 7.0, 7.0 ] },
                "up": { "texture": "#0", "uv": [ 7.0, 7.0, 7.0, 7.0 ] },
                "down": { "texture": "#0", "uv": [ 7.0, 7.0, 7.0, 7.0 ] }
            }
        },
        {
            "name": "Cube",
            "from": [ 6.799999967217445, 7.500000007450581, 7.799999997019768 ], 
            "to": [ 7.799999952316284, 8.0, 8.299999989569187 ], 
            "faces": {
                "north": { "texture": "#0", "uv": [ 7.0, 7.0, 7.0, 7.0 ] },
                "east": { "texture": "#0", "uv": [ 7.0, 7.0, 7.0, 7.0 ] },
                "south": { "texture": "#0", "uv": [ 7.0, 7.0, 7.0, 7.0 ] },
                "west": { "texture": "#0", "uv": [ 7.0, 7.0, 7.0, 7.0 ] },
                "up": { "texture": "#0", "uv": [ 7.0, 7.0, 7.0, 7.0 ] },
                "down": { "texture": "#0", "uv": [ 7.0, 7.0, 7.0, 7.0 ] }
            }
        },
        {
            "name": "Cube",
            "from": [ 6.799999967217445, 8.000000014901161, 7.799999997019768 ], 
            "to": [ 7.299999944865704, 9.000000014901161, 8.299999989569187 ], 
            "faces": {
                "north": { "texture": "#0", "uv": [ 7.0, 7.0, 7.0, 7.0 ] },
                "east": { "texture": "#0", "uv": [ 7.0, 7.0, 7.0, 7.0 ] },
                "south": { "texture": "#0", "uv": [ 7.0, 7.0, 7.0, 7.0 ] },
                "west": { "texture": "#0", "uv": [ 7.0, 7.0, 7.0, 7.0 ] },
                "up": { "texture": "#0", "uv": [ 7.0, 7.0, 7.0, 7.0 ] },
                "down": { "texture": "#0", "uv": [ 7.0, 7.0, 7.0, 7.0 ] }
            }
        },
        {
            "name": "Cube",
            "from": [ 6.799999967217445, 9.0, 7.799999997019768 ], 
            "to": [ 7.799999952316284, 9.49999999254942, 8.299999989569187 ], 
            "faces": {
                "north": { "texture": "#0", "uv": [ 7.0, 7.0, 7.0, 7.0 ] },
                "east": { "texture": "#0", "uv": [ 7.0, 7.0, 7.0, 7.0 ] },
                "south": { "texture": "#0", "uv": [ 7.0, 7.0, 7.0, 7.0 ] },
                "west": { "texture": "#0", "uv": [ 7.0, 7.0, 7.0, 7.0 ] },
                "up": { "texture": "#0", "uv": [ 7.0, 7.0, 7.0, 7.0 ] },
                "down": { "texture": "#0", "uv": [ 7.0, 7.0, 7.0, 7.0 ] }
            }
        },
        {
            "name": "Cube",
            "from": [ 7.499999977648258, 9.400000005960464, 7.799999997019768 ], 
            "to": [ 8.999999970197678, 9.899999998509884, 8.299999989569187 ], 
            "faces": {
                "north": { "texture": "#0", "uv": [ 7.0, 7.0, 7.0, 7.0 ] },
                "east": { "texture": "#0", "uv": [ 7.0, 7.0, 7.0, 7.0 ] },
                "south": { "texture": "#0", "uv": [ 7.0, 7.0, 7.0, 7.0 ] },
                "west": { "texture": "#0", "uv": [ 7.0, 7.0, 7.0, 7.0 ] },
                "up": { "texture": "#0", "uv": [ 7.0, 7.0, 7.0, 7.0 ] },
                "down": { "texture": "#0", "uv": [ 7.0, 7.0, 7.0, 7.0 ] }
            }
        },
        {
            "name": "Cube",
            "from": [ 8.999999970197678, 7.899999998509884, 7.799999997019768 ], 
            "to": [ 9.499999947845936, 9.399999991059303, 8.299999989569187 ], 
            "faces": {
                "north": { "texture": "#0", "uv": [ 7.0, 7.0, 7.0, 7.0 ] },
                "east": { "texture": "#0", "uv": [ 7.0, 7.0, 7.0, 7.0 ] },
                "south": { "texture": "#0", "uv": [ 7.0, 7.0, 7.0, 7.0 ] },
                "west": { "texture": "#0", "uv": [ 7.0, 7.0, 7.0, 7.0 ] },
                "up": { "texture": "#0", "uv": [ 7.0, 7.0, 7.0, 7.0 ] },
                "down": { "texture": "#0", "uv": [ 7.0, 7.0, 7.0, 7.0 ] }
            }
        },
        {
            "name": "Cube",
            "from": [ 7.999999985098839, 7.899999998509884, 7.799999997019768 ], 
            "to": [ 8.999999985098839, 8.399999991059303, 8.299999989569187 ], 
            "faces": {
                "north": { "texture": "#0", "uv": [ 7.0, 7.0, 7.0, 7.0 ] },
                "east": { "texture": "#0", "uv": [ 7.0, 7.0, 7.0, 7.0 ] },
                "south": { "texture": "#0", "uv": [ 7.0, 7.0, 7.0, 7.0 ] },
                "west": { "texture": "#0", "uv": [ 7.0, 7.0, 7.0, 7.0 ] },
                "up": { "texture": "#0", "uv": [ 7.0, 7.0, 7.0, 7.0 ] },
                "down": { "texture": "#0", "uv": [ 7.0, 7.0, 7.0, 7.0 ] }
            }
        },
        {
            "name": "Cube",
            "from": [ 7.999999985098839, 8.300000004470348, 7.799999997019768 ], 
            "to": [ 8.499999977648258, 8.799999997019768, 8.299999989569187 ], 
            "faces": {
                "north": { "texture": "#0", "uv": [ 7.0, 7.0, 7.0, 7.0 ] },
                "east": { "texture": "#0", "uv": [ 7.0, 7.0, 7.0, 7.0 ] },
                "south": { "texture": "#0", "uv": [ 7.0, 7.0, 7.0, 7.0 ] },
                "west": { "texture": "#0", "uv": [ 7.0, 7.0, 7.0, 7.0 ] },
                "up": { "texture": "#0", "uv": [ 7.0, 7.0, 7.0, 7.0 ] },
                "down": { "texture": "#0", "uv": [ 7.0, 7.0, 7.0, 7.0 ] }
            }
        },
        {
            "name": "Cube",
            "from": [ 6.299999989569187, 7.500000007450581, 7.799999997019768 ], 
            "to": [ 6.799999982118607, 10.000000014901161, 8.299999989569187 ], 
            "faces": {
                "north": { "texture": "#0", "uv": [ 8.0, 9.0, 9.0, 9.0 ] },
                "east": { "texture": "#0", "uv": [ 8.0, 9.0, 9.0, 9.0 ] },
                "south": { "texture": "#0", "uv": [ 8.0, 9.0, 9.0, 9.0 ] },
                "west": { "texture": "#0", "uv": [ 8.0, 9.0, 9.0, 9.0 ] },
                "up": { "texture": "#0", "uv": [ 8.0, 9.0, 9.0, 9.0 ] },
                "down": { "texture": "#0", "uv": [ 8.0, 9.0, 9.0, 9.0 ] }
            }
        },
        {
            "name": "Cube",
            "from": [ 7.300000004470348, 5.899999983608723, 7.799999997019768 ], 
            "to": [ 9.299999989569187, 6.599999979138374, 8.299999989569187 ], 
            "faces": {
                "north": { "texture": "#0", "uv": [ 8.0, 9.0, 9.0, 9.0 ] },
                "east": { "texture": "#0", "uv": [ 8.0, 9.0, 9.0, 9.0 ] },
                "south": { "texture": "#0", "uv": [ 8.0, 9.0, 9.0, 9.0 ] },
                "west": { "texture": "#0", "uv": [ 8.0, 9.0, 9.0, 9.0 ] },
                "up": { "texture": "#0", "uv": [ 8.0, 9.0, 9.0, 9.0 ] },
                "down": { "texture": "#0", "uv": [ 8.0, 9.0, 9.0, 9.0 ] }
            }
        },
        {
            "name": "Cube",
            "from": [ 7.799999997019768, 5.499999977648258, 7.799999997019768 ], 
            "to": [ 8.799999982118607, 5.999999970197678, 8.299999989569187 ], 
            "faces": {
                "north": { "texture": "#0", "uv": [ 8.0, 9.0, 9.0, 9.0 ] },
                "east": { "texture": "#0", "uv": [ 8.0, 9.0, 9.0, 9.0 ] },
                "south": { "texture": "#0", "uv": [ 8.0, 9.0, 9.0, 9.0 ] },
                "west": { "texture": "#0", "uv": [ 8.0, 9.0, 9.0, 9.0 ] },
                "up": { "texture": "#0", "uv": [ 8.0, 9.0, 9.0, 9.0 ] },
                "down": { "texture": "#0", "uv": [ 8.0, 9.0, 9.0, 9.0 ] }
            }
        },
        {
            "name": "Cube",
            "from": [ 6.799999982118607, 9.899999983608723, 7.799999997019768 ], 
            "to": [ 9.299999989569187, 10.499999977648258, 8.299999989569187 ], 
            "faces": {
                "north": { "texture": "#0", "uv": [ 8.0, 9.0, 9.0, 9.0 ] },
                "east": { "texture": "#0", "uv": [ 8.0, 9.0, 9.0, 9.0 ] },
                "south": { "texture": "#0", "uv": [ 8.0, 9.0, 9.0, 9.0 ] },
                "west": { "texture": "#0", "uv": [ 8.0, 9.0, 9.0, 9.0 ] },
                "up": { "texture": "#0", "uv": [ 8.0, 9.0, 9.0, 9.0 ] },
                "down": { "texture": "#0", "uv": [ 8.0, 9.0, 9.0, 9.0 ] }
            }
        },
        {
            "name": "Cube",
            "from": [ 10.299999989569187, 6.499999992549419, 7.799999997019768 ], 
            "to": [ 10.799999982118607, 7.499999992549419, 8.299999989569187 ], 
            "faces": {
                "north": { "texture": "#0", "uv": [ 8.0, 9.0, 9.0, 9.0 ] },
                "east": { "texture": "#0", "uv": [ 8.0, 9.0, 9.0, 9.0 ] },
                "south": { "texture": "#0", "uv": [ 8.0, 9.0, 9.0, 9.0 ] },
                "west": { "texture": "#0", "uv": [ 8.0, 9.0, 9.0, 9.0 ] },
                "up": { "texture": "#0", "uv": [ 8.0, 9.0, 9.0, 9.0 ] },
                "down": { "texture": "#0", "uv": [ 8.0, 9.0, 9.0, 9.0 ] }
            }
        },
        {
            "name": "Cube",
            "from": [ 9.799999982118607, 6.499999992549419, 7.799999997019768 ], 
            "to": [ 10.299999974668026, 6.999999985098839, 8.299999989569187 ], 
            "faces": {
                "north": { "texture": "#0", "uv": [ 8.0, 9.0, 9.0, 9.0 ] },
                "east": { "texture": "#0", "uv": [ 8.0, 9.0, 9.0, 9.0 ] },
                "south": { "texture": "#0", "uv": [ 8.0, 9.0, 9.0, 9.0 ] },
                "west": { "texture": "#0", "uv": [ 8.0, 9.0, 9.0, 9.0 ] },
                "up": { "texture": "#0", "uv": [ 8.0, 9.0, 9.0, 9.0 ] },
                "down": { "texture": "#0", "uv": [ 8.0, 9.0, 9.0, 9.0 ] }
            }
        },
        {
            "name": "Cube",
            "from": [ 7.299999989569187, 6.5999999940395355, 7.799999997019768 ], 
            "to": [ 7.799999982118607, 6.999999985098839, 8.299999989569187 ], 
            "faces": {
                "north": { "texture": "#0", "uv": [ 8.0, 9.0, 9.0, 9.0 ] },
                "east": { "texture": "#0", "uv": [ 8.0, 9.0, 9.0, 9.0 ] },
                "south": { "texture": "#0", "uv": [ 8.0, 9.0, 9.0, 9.0 ] },
                "west": { "texture": "#0", "uv": [ 8.0, 9.0, 9.0, 9.0 ] },
                "up": { "texture": "#0", "uv": [ 8.0, 9.0, 9.0, 9.0 ] },
                "down": { "texture": "#0", "uv": [ 8.0, 9.0, 9.0, 9.0 ] }
            }
        },
        {
            "name": "Cube",
            "from": [ 6.799999982118607, 6.499999992549419, 7.799999997019768 ], 
            "to": [ 7.299999974668026, 6.999999985098839, 8.299999989569187 ], 
            "faces": {
                "north": { "texture": "#0", "uv": [ 8.0, 9.0, 9.0, 9.0 ] },
                "east": { "texture": "#0", "uv": [ 8.0, 9.0, 9.0, 9.0 ] },
                "south": { "texture": "#0", "uv": [ 8.0, 9.0, 9.0, 9.0 ] },
                "west": { "texture": "#0", "uv": [ 8.0, 9.0, 9.0, 9.0 ] },
                "up": { "texture": "#0", "uv": [ 8.0, 9.0, 9.0, 9.0 ] },
                "down": { "texture": "#0", "uv": [ 8.0, 9.0, 9.0, 9.0 ] }
            }
        },
        {
            "name": "Cube",
            "from": [ 6.299999974668026, 7.0, 7.799999997019768 ], 
            "to": [ 7.299999974668026, 7.499999992549419, 8.299999989569187 ], 
            "faces": {
                "north": { "texture": "#0", "uv": [ 8.0, 9.0, 9.0, 9.0 ] },
                "east": { "texture": "#0", "uv": [ 8.0, 9.0, 9.0, 9.0 ] },
                "south": { "texture": "#0", "uv": [ 8.0, 9.0, 9.0, 9.0 ] },
                "west": { "texture": "#0", "uv": [ 8.0, 9.0, 9.0, 9.0 ] },
                "up": { "texture": "#0", "uv": [ 8.0, 9.0, 9.0, 9.0 ] },
                "down": { "texture": "#0", "uv": [ 8.0, 9.0, 9.0, 9.0 ] }
            }
        },
        {
            "name": "Cube",
            "from": [ 6.799999982118607, 9.49999999254942, 7.799999997019768 ], 
            "to": [ 7.499999977648258, 9.899999983608723, 8.299999989569187 ], 
            "faces": {
                "north": { "texture": "#0", "uv": [ 8.0, 9.0, 9.0, 9.0 ] },
                "east": { "texture": "#0", "uv": [ 8.0, 9.0, 9.0, 9.0 ] },
                "south": { "texture": "#0", "uv": [ 8.0, 9.0, 9.0, 9.0 ] },
                "west": { "texture": "#0", "uv": [ 8.0, 9.0, 9.0, 9.0 ] },
                "up": { "texture": "#0", "uv": [ 8.0, 9.0, 9.0, 9.0 ] },
                "down": { "texture": "#0", "uv": [ 8.0, 9.0, 9.0, 9.0 ] }
            }
        },
        {
            "name": "Cube",
            "from": [ 9.299999989569187, 9.899999998509884, 7.799999997019768 ], 
            "to": [ 9.799999982118607, 9.999999985098839, 8.299999989569187 ], 
            "faces": {
                "north": { "texture": "#0", "uv": [ 8.0, 9.0, 9.0, 9.0 ] },
                "east": { "texture": "#0", "uv": [ 8.0, 9.0, 9.0, 9.0 ] },
                "south": { "texture": "#0", "uv": [ 8.0, 9.0, 9.0, 9.0 ] },
                "west": { "texture": "#0", "uv": [ 8.0, 9.0, 9.0, 9.0 ] },
                "up": { "texture": "#0", "uv": [ 8.0, 9.0, 9.0, 9.0 ] },
                "down": { "texture": "#0", "uv": [ 8.0, 9.0, 9.0, 9.0 ] }
            }
        },
        {
            "name": "Cube",
            "from": [ 8.999999985098839, 9.399999991059303, 7.799999997019768 ], 
            "to": [ 9.799999982118607, 9.899999983608723, 8.299999989569187 ], 
            "faces": {
                "north": { "texture": "#0", "uv": [ 8.0, 9.0, 9.0, 9.0 ] },
                "east": { "texture": "#0", "uv": [ 8.0, 9.0, 9.0, 9.0 ] },
                "south": { "texture": "#0", "uv": [ 8.0, 9.0, 9.0, 9.0 ] },
                "west": { "texture": "#0", "uv": [ 8.0, 9.0, 9.0, 9.0 ] },
                "up": { "texture": "#0", "uv": [ 8.0, 9.0, 9.0, 9.0 ] },
                "down": { "texture": "#0", "uv": [ 8.0, 9.0, 9.0, 9.0 ] }
            }
        },
        {
            "name": "Cube",
            "from": [ 5.899999998509884, 7.999999970197678, 7.799999997019768 ], 
            "to": [ 6.299999989569187, 8.999999970197678, 8.299999989569187 ], 
            "faces": {
                "north": { "texture": "#0", "uv": [ 8.0, 9.0, 9.0, 9.0 ] },
                "east": { "texture": "#0", "uv": [ 8.0, 9.0, 9.0, 9.0 ] },
                "south": { "texture": "#0", "uv": [ 8.0, 9.0, 9.0, 9.0 ] },
                "west": { "texture": "#0", "uv": [ 8.0, 9.0, 9.0, 9.0 ] },
                "up": { "texture": "#0", "uv": [ 8.0, 9.0, 9.0, 9.0 ] },
                "down": { "texture": "#0", "uv": [ 8.0, 9.0, 9.0, 9.0 ] }
            }
        },
        {
            "name": "Cube",
            "from": [ 9.799999997019768, 7.999999970197678, 7.799999997019768 ], 
            "to": [ 10.299999989569187, 8.999999970197678, 8.299999989569187 ], 
            "faces": {
                "north": { "texture": "#0", "uv": [ 8.0, 9.0, 9.0, 9.0 ] },
                "east": { "texture": "#0", "uv": [ 8.0, 9.0, 9.0, 9.0 ] },
                "south": { "texture": "#0", "uv": [ 8.0, 9.0, 9.0, 9.0 ] },
                "west": { "texture": "#0", "uv": [ 8.0, 9.0, 9.0, 9.0 ] },
                "up": { "texture": "#0", "uv": [ 8.0, 9.0, 9.0, 9.0 ] },
                "down": { "texture": "#0", "uv": [ 8.0, 9.0, 9.0, 9.0 ] }
            }
        },
        {
            "name": "Cube",
            "from": [ 9.49999999254942, 7.499999962747097, 7.799999997019768 ], 
            "to": [ 9.799999982118607, 9.399999976158142, 8.299999989569187 ], 
            "faces": {
                "north": { "texture": "#0", "uv": [ 8.0, 9.0, 9.0, 9.0 ] },
                "east": { "texture": "#0", "uv": [ 8.0, 9.0, 9.0, 9.0 ] },
                "south": { "texture": "#0", "uv": [ 8.0, 9.0, 9.0, 9.0 ] },
                "west": { "texture": "#0", "uv": [ 8.0, 9.0, 9.0, 9.0 ] },
                "up": { "texture": "#0", "uv": [ 8.0, 9.0, 9.0, 9.0 ] },
                "down": { "texture": "#0", "uv": [ 8.0, 9.0, 9.0, 9.0 ] }
            }
        },
        {
            "name": "Cube",
            "from": [ 7.3000000193715096, 7.999999970197678, 7.799999997019768 ], 
            "to": [ 7.800000011920929, 8.999999970197678, 8.299999989569187 ], 
            "faces": {
                "north": { "texture": "#0", "uv": [ 8.0, 9.0, 9.0, 9.0 ] },
                "east": { "texture": "#0", "uv": [ 8.0, 9.0, 9.0, 9.0 ] },
                "south": { "texture": "#0", "uv": [ 8.0, 9.0, 9.0, 9.0 ] },
                "west": { "texture": "#0", "uv": [ 8.0, 9.0, 9.0, 9.0 ] },
                "up": { "texture": "#0", "uv": [ 8.0, 9.0, 9.0, 9.0 ] },
                "down": { "texture": "#0", "uv": [ 8.0, 9.0, 9.0, 9.0 ] }
            }
        },
        {
            "name": "Cube",
            "from": [ 8.500000022351742, 8.399999976158142, 7.799999997019768 ], 
            "to": [ 9.000000014901161, 9.399999976158142, 8.299999989569187 ], 
            "faces": {
                "north": { "texture": "#0", "uv": [ 8.0, 9.0, 9.0, 9.0 ] },
                "east": { "texture": "#0", "uv": [ 8.0, 9.0, 9.0, 9.0 ] },
                "south": { "texture": "#0", "uv": [ 8.0, 9.0, 9.0, 9.0 ] },
                "west": { "texture": "#0", "uv": [ 8.0, 9.0, 9.0, 9.0 ] },
                "up": { "texture": "#0", "uv": [ 8.0, 9.0, 9.0, 9.0 ] },
                "down": { "texture": "#0", "uv": [ 8.0, 9.0, 9.0, 9.0 ] }
            }
        },
        {
            "name": "Cube",
            "from": [ 8.30000001937151, 7.099999971687794, 7.799999997019768 ], 
            "to": [ 9.30000001937151, 7.499999977648258, 8.299999989569187 ], 
            "faces": {
                "north": { "texture": "#0", "uv": [ 8.0, 9.0, 9.0, 9.0 ] },
                "east": { "texture": "#0", "uv": [ 8.0, 9.0, 9.0, 9.0 ] },
                "south": { "texture": "#0", "uv": [ 8.0, 9.0, 9.0, 9.0 ] },
                "west": { "texture": "#0", "uv": [ 8.0, 9.0, 9.0, 9.0 ] },
                "up": { "texture": "#0", "uv": [ 8.0, 9.0, 9.0, 9.0 ] },
                "down": { "texture": "#0", "uv": [ 8.0, 9.0, 9.0, 9.0 ] }
            }
        },
        {
            "name": "Cube",
            "from": [ 7.800000011920929, 7.499999977648258, 7.799999997019768 ], 
            "to": [ 9.500000022351742, 7.899999983608723, 8.299999989569187 ], 
            "faces": {
                "north": { "texture": "#0", "uv": [ 8.0, 9.0, 9.0, 9.0 ] },
                "east": { "texture": "#0", "uv": [ 8.0, 9.0, 9.0, 9.0 ] },
                "south": { "texture": "#0", "uv": [ 8.0, 9.0, 9.0, 9.0 ] },
                "west": { "texture": "#0", "uv": [ 8.0, 9.0, 9.0, 9.0 ] },
                "up": { "texture": "#0", "uv": [ 8.0, 9.0, 9.0, 9.0 ] },
                "down": { "texture": "#0", "uv": [ 8.0, 9.0, 9.0, 9.0 ] }
            }
        },
        {
            "name": "Cube",
            "from": [ 7.800000011920929, 7.899999998509884, 7.799999997019768 ], 
            "to": [ 8.0, 9.400000005960464, 8.299999989569187 ], 
            "faces": {
                "north": { "texture": "#0", "uv": [ 8.0, 9.0, 9.0, 9.0 ] },
                "east": { "texture": "#0", "uv": [ 8.0, 9.0, 9.0, 9.0 ] },
                "south": { "texture": "#0", "uv": [ 8.0, 9.0, 9.0, 9.0 ] },
                "west": { "texture": "#0", "uv": [ 8.0, 9.0, 9.0, 9.0 ] },
                "up": { "texture": "#0", "uv": [ 8.0, 9.0, 9.0, 9.0 ] },
                "down": { "texture": "#0", "uv": [ 8.0, 9.0, 9.0, 9.0 ] }
            }
        },
        {
            "name": "Cube",
            "from": [ 8.000000014901161, 8.799999982118607, 7.799999997019768 ], 
            "to": [ 8.50000000745058, 9.399999976158142, 8.299999989569187 ], 
            "faces": {
                "north": { "texture": "#0", "uv": [ 8.0, 9.0, 9.0, 9.0 ] },
                "east": { "texture": "#0", "uv": [ 8.0, 9.0, 9.0, 9.0 ] },
                "south": { "texture": "#0", "uv": [ 8.0, 9.0, 9.0, 9.0 ] },
                "west": { "texture": "#0", "uv": [ 8.0, 9.0, 9.0, 9.0 ] },
                "up": { "texture": "#0", "uv": [ 8.0, 9.0, 9.0, 9.0 ] },
                "down": { "texture": "#0", "uv": [ 8.0, 9.0, 9.0, 9.0 ] }
            }
        },
        {
            "name": "Cube",
            "from": [ 9.799999997019768, 5.0, 7.800000011920929 ], 
            "to": [ 11.299999989569187, 5.499999992549419, 8.300000004470348 ], 
            "faces": {
                "north": { "texture": "#0", "uv": [ 7.299999999999999, 10.600000000000001, 8.0, 11.0 ] },
                "east": { "texture": "#0", "uv": [ 7.0, 10.9, 8.0, 10.899999999999997 ] },
                "south": { "texture": "#0", "uv": [ 7.0, 2.0, 8.0, 2.0 ] },
                "west": { "texture": "#0", "uv": [ 7.0, 2.0, 8.0, 2.0 ] },
                "up": { "texture": "#0", "uv": [ 7.0, 2.0, 8.0, 2.0 ] },
                "down": { "texture": "#0", "uv": [ 7.0, 2.0, 8.0, 2.0 ] }
            }
        },
        {
            "name": "Cube",
            "from": [ 9.300000004470348, 5.0, 7.799999997019768 ], 
            "to": [ 9.799999997019768, 5.499999992549419, 8.299999989569187 ], 
            "faces": {
                "north": { "texture": "#0", "uv": [ 8.0, 9.0, 9.0, 9.0 ] },
                "east": { "texture": "#0", "uv": [ 8.0, 9.0, 9.0, 9.0 ] },
                "south": { "texture": "#0", "uv": [ 8.0, 9.0, 9.0, 9.0 ] },
                "west": { "texture": "#0", "uv": [ 8.0, 9.0, 9.0, 9.0 ] },
                "up": { "texture": "#0", "uv": [ 8.0, 9.0, 9.0, 9.0 ] },
                "down": { "texture": "#0", "uv": [ 8.0, 9.0, 9.0, 9.0 ] }
            }
        },
        {
            "name": "Cube",
            "from": [ 8.80000002682209, 5.499999992549419, 7.799999997019768 ], 
            "to": [ 9.800000011920929, 5.899999983608723, 8.299999989569187 ], 
            "faces": {
                "north": { "texture": "#0", "uv": [ 7.0, 7.0, 7.0, 7.0 ] },
                "east": { "texture": "#0", "uv": [ 7.0, 7.0, 7.0, 7.0 ] },
                "south": { "texture": "#0", "uv": [ 7.0, 7.0, 7.0, 7.0 ] },
                "west": { "texture": "#0", "uv": [ 7.0, 7.0, 7.0, 7.0 ] },
                "up": { "texture": "#0", "uv": [ 7.0, 7.0, 7.0, 7.0 ] },
                "down": { "texture": "#0", "uv": [ 7.0, 7.0, 7.0, 7.0 ] }
            }
        },
        {
            "name": "Cube",
            "from": [ 9.30000003427267, 5.899999998509884, 7.799999997019768 ], 
            "to": [ 10.30000001937151, 6.199999988079071, 8.299999989569187 ], 
            "faces": {
                "north": { "texture": "#0", "uv": [ 7.0, 7.0, 7.0, 7.0 ] },
                "east": { "texture": "#0", "uv": [ 7.0, 7.0, 7.0, 7.0 ] },
                "south": { "texture": "#0", "uv": [ 7.0, 7.0, 7.0, 7.0 ] },
                "west": { "texture": "#0", "uv": [ 7.0, 7.0, 7.0, 7.0 ] },
                "up": { "texture": "#0", "uv": [ 7.0, 7.0, 7.0, 7.0 ] },
                "down": { "texture": "#0", "uv": [ 7.0, 7.0, 7.0, 7.0 ] }
            }
        },
        {
            "name": "Cube",
            "from": [ 9.800000011920929, 5.500000007450581, 7.799999997019768 ], 
            "to": [ 10.300000004470348, 5.899999998509884, 8.299999989569187 ], 
            "faces": {
                "north": { "texture": "#0", "uv": [ 8.0, 9.0, 9.0, 9.0 ] },
                "east": { "texture": "#0", "uv": [ 8.0, 9.0, 9.0, 9.0 ] },
                "south": { "texture": "#0", "uv": [ 8.0, 9.0, 9.0, 9.0 ] },
                "west": { "texture": "#0", "uv": [ 8.0, 9.0, 9.0, 9.0 ] },
                "up": { "texture": "#0", "uv": [ 8.0, 9.0, 9.0, 9.0 ] },
                "down": { "texture": "#0", "uv": [ 8.0, 9.0, 9.0, 9.0 ] }
            }
        },
        {
            "name": "Cube",
            "from": [ 9.299999974668026, 6.199999988079071, 7.799999997019768 ], 
            "to": [ 9.799999967217445, 6.599999979138374, 8.299999989569187 ], 
            "faces": {
                "north": { "texture": "#0", "uv": [ 8.0, 9.0, 9.0, 9.0 ] },
                "east": { "texture": "#0", "uv": [ 8.0, 9.0, 9.0, 9.0 ] },
                "south": { "texture": "#0", "uv": [ 8.0, 9.0, 9.0, 9.0 ] },
                "west": { "texture": "#0", "uv": [ 8.0, 9.0, 9.0, 9.0 ] },
                "up": { "texture": "#0", "uv": [ 8.0, 9.0, 9.0, 9.0 ] },
                "down": { "texture": "#0", "uv": [ 8.0, 9.0, 9.0, 9.0 ] }
            }
        },
        {
            "name": "Cube",
            "from": [ 9.799999982118607, 6.199999988079071, 7.799999997019768 ], 
            "to": [ 10.299999974668026, 6.499999977648258, 8.299999989569187 ], 
            "faces": {
                "north": { "texture": "#0", "uv": [ 8.0, 9.0, 9.0, 9.0 ] },
                "east": { "texture": "#0", "uv": [ 8.0, 9.0, 9.0, 9.0 ] },
                "south": { "texture": "#0", "uv": [ 8.0, 9.0, 9.0, 9.0 ] },
                "west": { "texture": "#0", "uv": [ 8.0, 9.0, 9.0, 9.0 ] },
                "up": { "texture": "#0", "uv": [ 8.0, 9.0, 9.0, 9.0 ] },
                "down": { "texture": "#0", "uv": [ 8.0, 9.0, 9.0, 9.0 ] }
    }
}
],
"display": {
    "thirdperson": {
        "rotation": [ 356, 270, 92 ],
        "translation": [ 0.00, 0.50, -4.50 ],
        "scale": [ 1.25, 1.25, 2.00 ]
    },
    "firstperson": {
        "rotation": [ 0, 54, 0 ],
        "translation": [ 0.00, 7.75, 0.25 ],
        "scale": [ 1.80, 1.80, 2.00 ]
    },
    "gui": {
        "rotation": [ 340, 138, 310 ],
        "translation": [ -1.00, 0.00, 0.00 ],
        "scale": [ 1.35, 1.35, 2.00 ]
    },
    "head": {
        "rotation": [ 0, 0, 0 ],
        "translation": [ 0.00, 0.00, 0.00 ],
        "scale": [ 1.00, 1.00, 1.00 ]
    }
}
}