{
  "GreenHood.crystal": {
    "category": "master",
    "sounds": [
      "GreenHood/crystal"
    ]
  },
  "GreenHood.pain": {
    "category": "master",
    "sounds": [
      "GreenHood/pain1",
      "GreenHood/pain2"
    ]
  },
  "GreenHood.select": {
    "category": "master",
    "sounds": [
      "GreenHood/select"
    ]
  },
  "GreenHood.smashed": {
    "category": "master",
    "sounds": [
      "GreenHood/smashed"
    ]
  },
  "GreenHood.taunt": {
    "category": "master",
    "sounds": [
      "GreenHood/taunt"
    ]
  }
}
