{
	"credit": "Made with Blockbench",
	"textures": {
		"particle": "blocks/lightning",
		"texture": "blocks/lightning"
	},
	"elements": [
		{
			"from": [12.49738, 7.49689, 14],
			"to": [15.49738, 11.49689, 17],
			"rotation": {"angle": 0, "axis": "z", "origin": [8.00024, 9.49714, 9.64151]},
			"faces": {
				"north": {"uv": [7.167, 8.5, 7.667, 9], "rotation": 90, "texture": "#texture"},
				"east": {"uv": [7.167, 8.5, 7.667, 9], "rotation": 270, "texture": "#texture"},
				"south": {"uv": [7.167, 8.5, 7.667, 9], "rotation": 270, "texture": "#texture"},
				"west": {"uv": [1.168, 1.5, 14.668, 15], "rotation": 270, "texture": "#texture"},
				"up": {"uv": [7.167, 8.5, 7.667, 9], "rotation": 270, "texture": "#texture"},
				"down": {"uv": [7.167, 8.5, 7.667, 9], "rotation": 270, "texture": "#texture"}
			}
		},
		{
			"from": [0.49738, 7.49689, 14],
			"to": [3.49738, 11.49689, 17],
			"rotation": {"angle": 0, "axis": "z", "origin": [8.00024, 9.49714, 9.64151]},
			"faces": {
				"north": {"uv": [7.167, 8.5, 7.667, 9], "rotation": 90, "texture": "#texture"},
				"east": {"uv": [7.167, 8.5, 7.667, 9], "rotation": 270, "texture": "#texture"},
				"south": {"uv": [7.167, 8.5, 7.667, 9], "rotation": 270, "texture": "#texture"},
				"west": {"uv": [1.168, 1.5, 14.668, 15], "rotation": 270, "texture": "#texture"},
				"up": {"uv": [7.167, 8.5, 7.667, 9], "rotation": 270, "texture": "#texture"},
				"down": {"uv": [7.167, 8.5, 7.667, 9], "rotation": 270, "texture": "#texture"}
			}
		},
		{
			"from": [12.49738, 7.49689, 12],
			"to": [14.49738, 11.49689, 14],
			"rotation": {"angle": 0, "axis": "z", "origin": [8.00024, 9.49714, 9.64151]},
			"faces": {
				"north": {"uv": [7.167, 8.5, 7.667, 9], "rotation": 90, "texture": "#texture"},
				"east": {"uv": [7.167, 8.5, 7.667, 9], "rotation": 270, "texture": "#texture"},
				"south": {"uv": [7.167, 8.5, 7.667, 9], "rotation": 270, "texture": "#texture"},
				"west": {"uv": [1.168, 1.5, 14.668, 15], "rotation": 270, "texture": "#texture"},
				"up": {"uv": [7.167, 8.5, 7.667, 9], "rotation": 270, "texture": "#texture"},
				"down": {"uv": [7.167, 8.5, 7.667, 9], "rotation": 270, "texture": "#texture"}
			}
		},
		{
			"from": [1.49738, 7.49689, 12],
			"to": [3.49738, 11.49689, 14],
			"rotation": {"angle": 0, "axis": "z", "origin": [8.00024, 9.49714, 9.64151]},
			"faces": {
				"north": {"uv": [7.167, 8.5, 7.667, 9], "rotation": 90, "texture": "#texture"},
				"east": {"uv": [7.167, 8.5, 7.667, 9], "rotation": 270, "texture": "#texture"},
				"south": {"uv": [7.167, 8.5, 7.667, 9], "rotation": 270, "texture": "#texture"},
				"west": {"uv": [1.168, 1.5, 14.668, 15], "rotation": 270, "texture": "#texture"},
				"up": {"uv": [7.167, 8.5, 7.667, 9], "rotation": 270, "texture": "#texture"},
				"down": {"uv": [7.167, 8.5, 7.667, 9], "rotation": 270, "texture": "#texture"}
			}
		},
		{
			"from": [9.49738, 7.49689, 12],
			"to": [11.49738, 11.49689, 15],
			"rotation": {"angle": 0, "axis": "z", "origin": [8.00024, 9.49714, 9.64151]},
			"faces": {
				"north": {"uv": [7.167, 8.5, 7.667, 9], "rotation": 90, "texture": "#texture"},
				"east": {"uv": [7.167, 8.5, 7.667, 9], "rotation": 270, "texture": "#texture"},
				"south": {"uv": [7.167, 8.5, 7.667, 9], "rotation": 270, "texture": "#texture"},
				"west": {"uv": [1.168, 1.5, 14.668, 15], "rotation": 270, "texture": "#texture"},
				"up": {"uv": [7.167, 8.5, 7.667, 9], "rotation": 270, "texture": "#texture"},
				"down": {"uv": [7.167, 8.5, 7.667, 9], "rotation": 270, "texture": "#texture"}
			}
		},
		{
			"from": [4.49738, 7.49689, 12],
			"to": [6.49738, 11.49689, 15],
			"rotation": {"angle": 0, "axis": "z", "origin": [8.00024, 9.49714, 9.64151]},
			"faces": {
				"north": {"uv": [7.167, 8.5, 7.667, 9], "rotation": 90, "texture": "#texture"},
				"east": {"uv": [7.167, 8.5, 7.667, 9], "rotation": 270, "texture": "#texture"},
				"south": {"uv": [7.167, 8.5, 7.667, 9], "rotation": 270, "texture": "#texture"},
				"west": {"uv": [1.168, 1.5, 14.668, 15], "rotation": 270, "texture": "#texture"},
				"up": {"uv": [7.167, 8.5, 7.667, 9], "rotation": 270, "texture": "#texture"},
				"down": {"uv": [7.167, 8.5, 7.667, 9], "rotation": 270, "texture": "#texture"}
			}
		},
		{
			"from": [6.49738, 7.49689, 12],
			"to": [9.49738, 11.49689, 14],
			"rotation": {"angle": 0, "axis": "z", "origin": [8.00024, 9.49714, 9.64151]},
			"faces": {
				"north": {"uv": [7.167, 8.5, 7.667, 9], "rotation": 90, "texture": "#texture"},
				"east": {"uv": [7.167, 8.5, 7.667, 9], "rotation": 270, "texture": "#texture"},
				"south": {"uv": [7.167, 8.5, 7.667, 9], "rotation": 270, "texture": "#texture"},
				"west": {"uv": [1.168, 1.5, 14.668, 15], "rotation": 270, "texture": "#texture"},
				"up": {"uv": [7.167, 8.5, 7.667, 9], "rotation": 270, "texture": "#texture"},
				"down": {"uv": [7.167, 8.5, 7.667, 9], "rotation": 270, "texture": "#texture"}
			}
		},
		{
			"from": [2.49738, 7.49689, 10],
			"to": [13.49738, 11.49689, 12],
			"rotation": {"angle": 0, "axis": "z", "origin": [8.00024, 9.49714, 9.64151]},
			"faces": {
				"north": {"uv": [7.167, 8.5, 7.667, 9], "rotation": 90, "texture": "#texture"},
				"east": {"uv": [7.167, 8.5, 7.667, 9], "rotation": 270, "texture": "#texture"},
				"south": {"uv": [7.167, 8.5, 7.667, 9], "rotation": 270, "texture": "#texture"},
				"west": {"uv": [1.168, 1.5, 14.668, 15], "rotation": 270, "texture": "#texture"},
				"up": {"uv": [7.167, 8.5, 7.667, 9], "rotation": 270, "texture": "#texture"},
				"down": {"uv": [7.167, 8.5, 7.667, 9], "rotation": 270, "texture": "#texture"}
			}
		},
		{
			"from": [1.49738, 7.49689, 9],
			"to": [14.49738, 11.49689, 10],
			"rotation": {"angle": 0, "axis": "z", "origin": [8.00024, 9.49714, 9.64151]},
			"faces": {
				"north": {"uv": [7.167, 8.5, 7.667, 9], "rotation": 90, "texture": "#texture"},
				"east": {"uv": [7.167, 8.5, 7.667, 9], "rotation": 270, "texture": "#texture"},
				"south": {"uv": [7.167, 8.5, 7.667, 9], "rotation": 270, "texture": "#texture"},
				"west": {"uv": [1.168, 1.5, 14.668, 15], "rotation": 270, "texture": "#texture"},
				"up": {"uv": [7.167, 8.5, 7.667, 9], "rotation": 270, "texture": "#texture"},
				"down": {"uv": [7.167, 8.5, 7.667, 9], "rotation": 270, "texture": "#texture"}
			}
		},
		{
			"from": [0.49738, 7.49689, 8],
			"to": [15.49738, 11.49689, 9],
			"rotation": {"angle": 0, "axis": "z", "origin": [8.00024, 9.49714, 9.64151]},
			"faces": {
				"north": {"uv": [7.167, 8.5, 7.667, 9], "rotation": 90, "texture": "#texture"},
				"east": {"uv": [7.167, 8.5, 7.667, 9], "rotation": 270, "texture": "#texture"},
				"south": {"uv": [7.167, 8.5, 7.667, 9], "rotation": 270, "texture": "#texture"},
				"west": {"uv": [1.168, 1.5, 14.668, 15], "rotation": 270, "texture": "#texture"},
				"up": {"uv": [7.167, 8.5, 7.667, 9], "rotation": 270, "texture": "#texture"},
				"down": {"uv": [7.167, 8.5, 7.667, 9], "rotation": 270, "texture": "#texture"}
			}
		},
		{
			"from": [-0.50262, 7.49689, 7],
			"to": [16.49738, 11.49689, 8],
			"rotation": {"angle": 0, "axis": "z", "origin": [8.00024, 9.49714, 9.64151]},
			"faces": {
				"north": {"uv": [7.167, 8.5, 7.667, 9], "rotation": 90, "texture": "#texture"},
				"east": {"uv": [7.167, 8.5, 7.667, 9], "rotation": 270, "texture": "#texture"},
				"south": {"uv": [7.167, 8.5, 7.667, 9], "rotation": 270, "texture": "#texture"},
				"west": {"uv": [1.168, 1.5, 14.668, 15], "rotation": 270, "texture": "#texture"},
				"up": {"uv": [7.167, 8.5, 7.667, 9], "rotation": 270, "texture": "#texture"},
				"down": {"uv": [7.167, 8.5, 7.667, 9], "rotation": 270, "texture": "#texture"}
			}
		},
		{
			"from": [-2.50262, 7.49689, 5],
			"to": [18.49738, 11.49689, 7],
			"rotation": {"angle": 0, "axis": "z", "origin": [8.00024, 9.49714, 9.64151]},
			"faces": {
				"north": {"uv": [7.167, 8.5, 7.667, 9], "rotation": 90, "texture": "#texture"},
				"east": {"uv": [7.167, 8.5, 7.667, 9], "rotation": 270, "texture": "#texture"},
				"south": {"uv": [7.167, 8.5, 7.667, 9], "rotation": 270, "texture": "#texture"},
				"west": {"uv": [1.168, 1.5, 14.668, 15], "rotation": 270, "texture": "#texture"},
				"up": {"uv": [7.167, 8.5, 7.667, 9], "rotation": 270, "texture": "#texture"},
				"down": {"uv": [7.167, 8.5, 7.667, 9], "rotation": 270, "texture": "#texture"}
			}
		},
		{
			"from": [4.49738, 7.49689, 3],
			"to": [11.49738, 11.49689, 5],
			"rotation": {"angle": 0, "axis": "z", "origin": [8.00024, 9.49714, 9.64151]},
			"faces": {
				"north": {"uv": [7.167, 8.5, 7.667, 9], "rotation": 90, "texture": "#texture"},
				"east": {"uv": [7.167, 8.5, 7.667, 9], "rotation": 270, "texture": "#texture"},
				"south": {"uv": [7.167, 8.5, 7.667, 9], "rotation": 270, "texture": "#texture"},
				"west": {"uv": [1.168, 1.5, 14.668, 15], "rotation": 270, "texture": "#texture"},
				"up": {"uv": [7.167, 8.5, 7.667, 9], "rotation": 270, "texture": "#texture"},
				"down": {"uv": [7.167, 8.5, 7.667, 9], "rotation": 270, "texture": "#texture"}
			}
		},
		{
			"from": [5.49738, 7.49689, 1],
			"to": [10.49738, 11.49689, 3],
			"rotation": {"angle": 0, "axis": "z", "origin": [8.00024, 9.49714, 9.64151]},
			"faces": {
				"north": {"uv": [7.167, 8.5, 7.667, 9], "rotation": 90, "texture": "#texture"},
				"east": {"uv": [7.167, 8.5, 7.667, 9], "rotation": 270, "texture": "#texture"},
				"south": {"uv": [7.167, 8.5, 7.667, 9], "rotation": 270, "texture": "#texture"},
				"west": {"uv": [1.168, 1.5, 14.668, 15], "rotation": 270, "texture": "#texture"},
				"up": {"uv": [7.167, 8.5, 7.667, 9], "rotation": 270, "texture": "#texture"},
				"down": {"uv": [7.167, 8.5, 7.667, 9], "rotation": 270, "texture": "#texture"}
			}
		},
		{
			"from": [6.49738, 7.49689, 0],
			"to": [9.49738, 11.49689, 1],
			"rotation": {"angle": 0, "axis": "z", "origin": [8.00024, 9.49714, 9.64151]},
			"faces": {
				"north": {"uv": [7.167, 8.5, 7.667, 9], "rotation": 90, "texture": "#texture"},
				"east": {"uv": [7.167, 8.5, 7.667, 9], "rotation": 270, "texture": "#texture"},
				"south": {"uv": [7.167, 8.5, 7.667, 9], "rotation": 270, "texture": "#texture"},
				"west": {"uv": [1.168, 1.5, 14.668, 15], "rotation": 270, "texture": "#texture"},
				"up": {"uv": [7.167, 8.5, 7.667, 9], "rotation": 270, "texture": "#texture"},
				"down": {"uv": [7.167, 8.5, 7.667, 9], "rotation": 270, "texture": "#texture"}
			}
		},
		{
			"from": [7.49738, 7.49689, -1],
			"to": [8.49738, 11.49689, 0],
			"rotation": {"angle": 0, "axis": "z", "origin": [8.00024, 9.49714, 9.64151]},
			"faces": {
				"north": {"uv": [7.167, 8.5, 7.667, 9], "rotation": 90, "texture": "#texture"},
				"east": {"uv": [7.167, 8.5, 7.667, 9], "rotation": 270, "texture": "#texture"},
				"south": {"uv": [7.167, 8.5, 7.667, 9], "rotation": 270, "texture": "#texture"},
				"west": {"uv": [1.168, 1.5, 14.668, 15], "rotation": 270, "texture": "#texture"},
				"up": {"uv": [7.167, 8.5, 7.667, 9], "rotation": 270, "texture": "#texture"},
				"down": {"uv": [7.167, 8.5, 7.667, 9], "rotation": 270, "texture": "#texture"}
			}
		},
		{
			"from": [11.49738, 7.49689, 12],
			"to": [12.49738, 11.49689, 16],
			"rotation": {"angle": 0, "axis": "z", "origin": [8.00024, 9.49714, 9.64151]},
			"faces": {
				"north": {"uv": [7.167, 8.5, 7.667, 9], "rotation": 90, "texture": "#texture"},
				"east": {"uv": [7.167, 8.5, 7.667, 9], "rotation": 270, "texture": "#texture"},
				"south": {"uv": [7.167, 8.5, 7.667, 9], "rotation": 270, "texture": "#texture"},
				"west": {"uv": [1.168, 1.5, 14.668, 15], "rotation": 270, "texture": "#texture"},
				"up": {"uv": [7.167, 8.5, 7.667, 9], "rotation": 270, "texture": "#texture"},
				"down": {"uv": [7.167, 8.5, 7.667, 9], "rotation": 270, "texture": "#texture"}
			}
		},
		{
			"from": [3.49738, 7.49689, 12],
			"to": [4.49738, 11.49689, 16],
			"rotation": {"angle": 0, "axis": "z", "origin": [8.00024, 9.49714, 9.64151]},
			"faces": {
				"north": {"uv": [7.167, 8.5, 7.667, 9], "rotation": 90, "texture": "#texture"},
				"east": {"uv": [7.167, 8.5, 7.667, 9], "rotation": 270, "texture": "#texture"},
				"south": {"uv": [7.167, 8.5, 7.667, 9], "rotation": 270, "texture": "#texture"},
				"west": {"uv": [1.168, 1.5, 14.668, 15], "rotation": 270, "texture": "#texture"},
				"up": {"uv": [7.167, 8.5, 7.667, 9], "rotation": 270, "texture": "#texture"},
				"down": {"uv": [7.167, 8.5, 7.667, 9], "rotation": 270, "texture": "#texture"}
			}
		}
	],
	"display": {
		"thirdperson_righthand": {
			"rotation": [107, 0, 0],
			"translation": [0, 4.5, 0],
			"scale": [0.6, 0.6, 0.6]
		},
		"firstperson_righthand": {
			"rotation": [17, 3, 23],
			"translation": [0, 1.25, 0.25],
			"scale": [0.5, 0.5, 0.5]
		},
		"gui": {
			"rotation": [90, 0, 0],
			"scale": [0.69, 0.69, 0.69]
		},
		"head": {
			"scale": [1.4, 1.4, 1.8]
		}
	},
	"groups": [
		{
			"name": "Star",
			"origin": [8, 8, 20],
			"children": [0, 1, 2, 3, 4, 5, 6, 7, 8, 9, 10, 11, 12, 13, 14, 15, 16, 17]
		}
	]
}