{
	"credit": "Made with Blockbench",
	"textures": {
		"0": "items/pianobow",
		"particle": "items/pianobow"
	},
	"elements": [
		{
			"from": [0, -16, 8],
			"to": [14, 24, 10],
			"rotation": {"angle": 0, "axis": "y", "origin": [8, 7, 8]},
			"faces": {
				"north": {"uv": [8, 1, 11.5, 11], "texture": "#0"},
				"east": {"uv": [3.25, 1, 3.75, 11], "texture": "#0"},
				"south": {"uv": [8, 1, 11.5, 11], "texture": "#0"},
				"west": {"uv": [11.5, 1, 12, 11], "texture": "#0"},
				"up": {"uv": [4.25, 11.5, 8, 12], "texture": "#0"},
				"down": {"uv": [4.25, 11.5, 8, 12], "texture": "#0"}
			}
		},
		{
			"from": [9.106, -16, 6.545],
			"to": [14, 24, 8.01],
			"rotation": {"angle": 0, "axis": "y", "origin": [8, 7, 8]},
			"faces": {
				"north": {"uv": [4.25, 1, 5.5, 11], "texture": "#0"},
				"east": {"uv": [3.75, 1, 4.25, 11], "texture": "#0"},
				"south": {"uv": [4.25, 1, 5.5, 11], "texture": "#0"},
				"west": {"uv": [3.75, 1, 4.25, 11], "texture": "#0"},
				"up": {"uv": [4.25, 11, 5.5, 11.5], "texture": "#0"},
				"down": {"uv": [4.25, 11, 5.5, 11.5], "texture": "#0"}
			}
		},
		{
			"from": [10.106, 0, 6.3],
			"to": [13, 8, 6.5],
			"rotation": {"angle": 0, "axis": "y", "origin": [8, 7, 8]},
			"faces": {
				"north": {"uv": [1.75, 0.75, 2.5, 2.75], "texture": "#0"},
				"east": {"uv": [2, 1, 2.25, 1.25], "texture": "#0"},
				"south": {"uv": [2, 1, 2.25, 1.25], "texture": "#0"},
				"west": {"uv": [2, 1, 2.25, 1.25], "texture": "#0"},
				"up": {"uv": [2, 1, 2.25, 1.25], "texture": "#0"},
				"down": {"uv": [2, 1, 2.25, 1.25], "texture": "#0"}
			}
		},
		{
			"from": [8, -16, 7],
			"to": [9, 24, 8],
			"rotation": {"angle": 0, "axis": "y", "origin": [8, 7, 8]},
			"faces": {
				"north": {"uv": [5.5, 1, 5.75, 11], "texture": "#0"},
				"east": {"uv": [5.5, 1, 5.75, 11], "texture": "#0"},
				"south": {"uv": [5.5, 1, 5.75, 11], "texture": "#0"},
				"west": {"uv": [5.5, 1, 5.75, 11], "texture": "#0"},
				"up": {"uv": [5.5, 11, 5.75, 11.25], "texture": "#0"},
				"down": {"uv": [5.5, 11, 5.75, 11.25], "texture": "#0"}
			}
		},
		{
			"from": [1, -16, 7],
			"to": [8, -14, 8],
			"rotation": {"angle": 0, "axis": "y", "origin": [8, 7, 8]},
			"faces": {
				"north": {"uv": [5.75, 10.5, 7.5, 11], "texture": "#0"},
				"east": {"uv": [5.75, 10.5, 7.5, 11], "texture": "#0"},
				"south": {"uv": [5.75, 10.5, 7.5, 11], "texture": "#0"},
				"west": {"uv": [5.75, 10.5, 7.5, 11], "texture": "#0"},
				"up": {"uv": [5.75, 10.5, 7.5, 11], "texture": "#0"},
				"down": {"uv": [5.75, 11.25, 7.5, 11.5], "texture": "#0"}
			}
		},
		{
			"from": [1, 22, 7],
			"to": [8, 24, 8],
			"rotation": {"angle": 0, "axis": "y", "origin": [8, 45, 8]},
			"faces": {
				"north": {"uv": [5.75, 1, 7.5, 1.5], "texture": "#0"},
				"east": {"uv": [5.75, 1, 7.5, 1.5], "texture": "#0"},
				"south": {"uv": [5.75, 1, 7.5, 1.5], "texture": "#0"},
				"west": {"uv": [5.75, 1, 7.5, 1.5], "texture": "#0"},
				"up": {"uv": [5.75, 11.25, 7.5, 11.5], "texture": "#0"},
				"down": {"uv": [5.75, 1, 7.5, 1.5], "texture": "#0"}
			}
		},
		{
			"from": [2.345, -16, 2.34],
			"to": [3.755, -14, 3.34],
			"rotation": {"angle": 45, "axis": "y", "origin": [8, 7, 8]},
			"faces": {
				"north": {"uv": [7.5, 10.5, 8, 11], "texture": "#0"},
				"east": {"uv": [7.5, 11, 8, 11.5], "texture": "#0"},
				"south": {"uv": [7.5, 11, 8, 11.5], "texture": "#0"},
				"west": {"uv": [7.5, 11, 8, 11.5], "texture": "#0"},
				"up": {"uv": [7.5, 11, 8, 11.5], "texture": "#0"},
				"down": {"uv": [7.5, 11, 8, 11.5], "texture": "#0"}
			}
		},
		{
			"from": [2.345, 22, 2.34],
			"to": [3.755, 24, 3.34],
			"rotation": {"angle": 45, "axis": "y", "origin": [8, 45, 8]},
			"faces": {
				"north": {"uv": [7.5, 10.5, 8, 11], "texture": "#0"},
				"east": {"uv": [7.5, 11, 8, 11.5], "texture": "#0"},
				"south": {"uv": [7.5, 11, 8, 11.5], "texture": "#0"},
				"west": {"uv": [7.5, 11, 8, 11.5], "texture": "#0"},
				"up": {"uv": [7.5, 11, 8, 11.5], "texture": "#0"},
				"down": {"uv": [7.5, 11, 8, 11.5], "texture": "#0"}
			}
		},
		{
			"from": [8.38, -16, 7.08],
			"to": [9.58, 24, 8.58],
			"rotation": {"angle": 22.5, "axis": "y", "origin": [8, 7, 8]},
			"faces": {
				"north": {"uv": [5.5, 1, 5.75, 11], "texture": "#0"},
				"east": {"uv": [0, 0, 1.5, 16], "texture": "#missing"},
				"south": {"uv": [0, 0, 1.2, 16], "texture": "#missing"},
				"west": {"uv": [0, 0, 1.5, 16], "texture": "#missing"},
				"up": {"uv": [5.5, 11, 5.75, 11.25], "texture": "#0"},
				"down": {"uv": [5.5, 11, 5.75, 11.25], "texture": "#0"}
			}
		},
		{
			"from": [1, -14, 7.5],
			"to": [8, 22, 8],
			"rotation": {"angle": 0, "axis": "y", "origin": [9, -3, 8]},
			"faces": {
				"north": {"uv": [0, 0, 1.75, 9], "texture": "#0"},
				"east": {"uv": [1.25, 0.25, 1.5, 0.5], "texture": "#0"},
				"south": {"uv": [1.25, 0.25, 1.5, 0.5], "texture": "#0"},
				"west": {"uv": [1.25, 0.25, 1.5, 0.5], "texture": "#0"},
				"up": {"uv": [1.25, 0.25, 1.5, 0.5], "texture": "#0"},
				"down": {"uv": [1.25, 0.25, 1.5, 0.5], "texture": "#0"}
			}
		},
		{
			"from": [4, -13, 7],
			"to": [8, -12, 8],
			"rotation": {"angle": 0, "axis": "y", "origin": [9, -3, 8]},
			"faces": {
				"north": {"uv": [2, 0.25, 2.25, 0.5], "texture": "#0"},
				"east": {"uv": [2, 0.25, 2.25, 0.5], "texture": "#0"},
				"south": {"uv": [2, 0.25, 2.25, 0.5], "texture": "#0"},
				"west": {"uv": [2, 0.25, 2.25, 0.5], "texture": "#0"},
				"up": {"uv": [2, 0.25, 2.25, 0.5], "texture": "#0"},
				"down": {"uv": [2, 0.25, 2.25, 0.5], "texture": "#0"}
			}
		},
		{
			"from": [4, -11, 7],
			"to": [8, -10, 8],
			"rotation": {"angle": 0, "axis": "y", "origin": [9, -3, 8]},
			"faces": {
				"north": {"uv": [2, 0.25, 2.25, 0.5], "texture": "#0"},
				"east": {"uv": [2, 0.25, 2.25, 0.5], "texture": "#0"},
				"south": {"uv": [2, 0.25, 2.25, 0.5], "texture": "#0"},
				"west": {"uv": [2, 0.25, 2.25, 0.5], "texture": "#0"},
				"up": {"uv": [2, 0.25, 2.25, 0.5], "texture": "#0"},
				"down": {"uv": [2, 0.25, 2.25, 0.5], "texture": "#0"}
			}
		},
		{
			"from": [4, -8, 7],
			"to": [8, -7, 8],
			"rotation": {"angle": 0, "axis": "y", "origin": [9, 2, 8]},
			"faces": {
				"north": {"uv": [2, 0.25, 2.25, 0.5], "texture": "#0"},
				"east": {"uv": [2, 0.25, 2.25, 0.5], "texture": "#0"},
				"south": {"uv": [2, 0.25, 2.25, 0.5], "texture": "#0"},
				"west": {"uv": [2, 0.25, 2.25, 0.5], "texture": "#0"},
				"up": {"uv": [2, 0.25, 2.25, 0.5], "texture": "#0"},
				"down": {"uv": [2, 0.25, 2.25, 0.5], "texture": "#0"}
			}
		},
		{
			"from": [4, -6, 7],
			"to": [8, -5, 8],
			"rotation": {"angle": 0, "axis": "y", "origin": [9, 2, 8]},
			"faces": {
				"north": {"uv": [2, 0.25, 2.25, 0.5], "texture": "#0"},
				"east": {"uv": [2, 0.25, 2.25, 0.5], "texture": "#0"},
				"south": {"uv": [2, 0.25, 2.25, 0.5], "texture": "#0"},
				"west": {"uv": [2, 0.25, 2.25, 0.5], "texture": "#0"},
				"up": {"uv": [2, 0.25, 2.25, 0.5], "texture": "#0"},
				"down": {"uv": [2, 0.25, 2.25, 0.5], "texture": "#0"}
			}
		},
		{
			"from": [4, -4, 7],
			"to": [8, -3, 8],
			"rotation": {"angle": 0, "axis": "y", "origin": [9, 2, 8]},
			"faces": {
				"north": {"uv": [2, 0.25, 2.25, 0.5], "texture": "#0"},
				"east": {"uv": [2, 0.25, 2.25, 0.5], "texture": "#0"},
				"south": {"uv": [2, 0.25, 2.25, 0.5], "texture": "#0"},
				"west": {"uv": [2, 0.25, 2.25, 0.5], "texture": "#0"},
				"up": {"uv": [2, 0.25, 2.25, 0.5], "texture": "#0"},
				"down": {"uv": [2, 0.25, 2.25, 0.5], "texture": "#0"}
			}
		},
		{
			"from": [4, -1, 7],
			"to": [8, 0, 8],
			"rotation": {"angle": 0, "axis": "y", "origin": [9, 9, 8]},
			"faces": {
				"north": {"uv": [2, 0.25, 2.25, 0.5], "texture": "#0"},
				"east": {"uv": [2, 0.25, 2.25, 0.5], "texture": "#0"},
				"south": {"uv": [2, 0.25, 2.25, 0.5], "texture": "#0"},
				"west": {"uv": [2, 0.25, 2.25, 0.5], "texture": "#0"},
				"up": {"uv": [2, 0.25, 2.25, 0.5], "texture": "#0"},
				"down": {"uv": [2, 0.25, 2.25, 0.5], "texture": "#0"}
			}
		},
		{
			"from": [4, 1, 7],
			"to": [8, 2, 8],
			"rotation": {"angle": 0, "axis": "y", "origin": [9, 9, 8]},
			"faces": {
				"north": {"uv": [2, 0.25, 2.25, 0.5], "texture": "#0"},
				"east": {"uv": [2, 0.25, 2.25, 0.5], "texture": "#0"},
				"south": {"uv": [2, 0.25, 2.25, 0.5], "texture": "#0"},
				"west": {"uv": [2, 0.25, 2.25, 0.5], "texture": "#0"},
				"up": {"uv": [2, 0.25, 2.25, 0.5], "texture": "#0"},
				"down": {"uv": [2, 0.25, 2.25, 0.5], "texture": "#0"}
			}
		},
		{
			"from": [4, 4, 7],
			"to": [8, 5, 8],
			"rotation": {"angle": 0, "axis": "y", "origin": [9, 14, 8]},
			"faces": {
				"north": {"uv": [2, 0.25, 2.25, 0.5], "texture": "#0"},
				"east": {"uv": [2, 0.25, 2.25, 0.5], "texture": "#0"},
				"south": {"uv": [2, 0.25, 2.25, 0.5], "texture": "#0"},
				"west": {"uv": [2, 0.25, 2.25, 0.5], "texture": "#0"},
				"up": {"uv": [2, 0.25, 2.25, 0.5], "texture": "#0"},
				"down": {"uv": [2, 0.25, 2.25, 0.5], "texture": "#0"}
			}
		},
		{
			"from": [4, 6, 7],
			"to": [8, 7, 8],
			"rotation": {"angle": 0, "axis": "y", "origin": [9, 14, 8]},
			"faces": {
				"north": {"uv": [2, 0.25, 2.25, 0.5], "texture": "#0"},
				"east": {"uv": [2, 0.25, 2.25, 0.5], "texture": "#0"},
				"south": {"uv": [2, 0.25, 2.25, 0.5], "texture": "#0"},
				"west": {"uv": [2, 0.25, 2.25, 0.5], "texture": "#0"},
				"up": {"uv": [2, 0.25, 2.25, 0.5], "texture": "#0"},
				"down": {"uv": [2, 0.25, 2.25, 0.5], "texture": "#0"}
			}
		},
		{
			"from": [4, 8, 7],
			"to": [8, 9, 8],
			"rotation": {"angle": 0, "axis": "y", "origin": [9, 14, 8]},
			"faces": {
				"north": {"uv": [2, 0.25, 2.25, 0.5], "texture": "#0"},
				"east": {"uv": [2, 0.25, 2.25, 0.5], "texture": "#0"},
				"south": {"uv": [2, 0.25, 2.25, 0.5], "texture": "#0"},
				"west": {"uv": [2, 0.25, 2.25, 0.5], "texture": "#0"},
				"up": {"uv": [2, 0.25, 2.25, 0.5], "texture": "#0"},
				"down": {"uv": [2, 0.25, 2.25, 0.5], "texture": "#0"}
			}
		},
		{
			"from": [4, 11, 7],
			"to": [8, 12, 8],
			"rotation": {"angle": 0, "axis": "y", "origin": [9, 19, 8]},
			"faces": {
				"north": {"uv": [2, 0.25, 2.25, 0.5], "texture": "#0"},
				"east": {"uv": [2, 0.25, 2.25, 0.5], "texture": "#0"},
				"south": {"uv": [2, 0.25, 2.25, 0.5], "texture": "#0"},
				"west": {"uv": [2, 0.25, 2.25, 0.5], "texture": "#0"},
				"up": {"uv": [2, 0.25, 2.25, 0.5], "texture": "#0"},
				"down": {"uv": [2, 0.25, 2.25, 0.5], "texture": "#0"}
			}
		},
		{
			"from": [4, 13, 7],
			"to": [8, 14, 8],
			"rotation": {"angle": 0, "axis": "y", "origin": [9, 19, 8]},
			"faces": {
				"north": {"uv": [2, 0.25, 2.25, 0.5], "texture": "#0"},
				"east": {"uv": [2, 0.25, 2.25, 0.5], "texture": "#0"},
				"south": {"uv": [2, 0.25, 2.25, 0.5], "texture": "#0"},
				"west": {"uv": [2, 0.25, 2.25, 0.5], "texture": "#0"},
				"up": {"uv": [2, 0.25, 2.25, 0.5], "texture": "#0"},
				"down": {"uv": [2, 0.25, 2.25, 0.5], "texture": "#0"}
			}
		},
		{
			"from": [4, 16, 7],
			"to": [8, 17, 8],
			"rotation": {"angle": 0, "axis": "y", "origin": [9, 26, 8]},
			"faces": {
				"north": {"uv": [2, 0.25, 2.25, 0.5], "texture": "#0"},
				"east": {"uv": [2, 0.25, 2.25, 0.5], "texture": "#0"},
				"south": {"uv": [2, 0.25, 2.25, 0.5], "texture": "#0"},
				"west": {"uv": [2, 0.25, 2.25, 0.5], "texture": "#0"},
				"up": {"uv": [2, 0.25, 2.25, 0.5], "texture": "#0"},
				"down": {"uv": [2, 0.25, 2.25, 0.5], "texture": "#0"}
			}
		},
		{
			"from": [4, 18, 7],
			"to": [8, 19, 8],
			"rotation": {"angle": 0, "axis": "y", "origin": [9, 26, 8]},
			"faces": {
				"north": {"uv": [2, 0.25, 2.25, 0.5], "texture": "#0"},
				"east": {"uv": [2, 0.25, 2.25, 0.5], "texture": "#0"},
				"south": {"uv": [2, 0.25, 2.25, 0.5], "texture": "#0"},
				"west": {"uv": [2, 0.25, 2.25, 0.5], "texture": "#0"},
				"up": {"uv": [2, 0.25, 2.25, 0.5], "texture": "#0"},
				"down": {"uv": [2, 0.25, 2.25, 0.5], "texture": "#0"}
			}
		},
		{
			"from": [4, 20, 7],
			"to": [8, 21, 8],
			"rotation": {"angle": 0, "axis": "y", "origin": [9, 26, 8]},
			"faces": {
				"north": {"uv": [2, 0.25, 2.25, 0.5], "texture": "#0"},
				"east": {"uv": [2, 0.25, 2.25, 0.5], "texture": "#0"},
				"south": {"uv": [2, 0.25, 2.25, 0.5], "texture": "#0"},
				"west": {"uv": [2, 0.25, 2.25, 0.5], "texture": "#0"},
				"up": {"uv": [2, 0.25, 2.25, 0.5], "texture": "#0"},
				"down": {"uv": [2, 0.25, 2.25, 0.5], "texture": "#0"}
			}
		},
		{
			"from": [10.5, 1.3, 6.1],
			"to": [12.5, 2.5, 7.1],
			"faces": {
				"north": {"uv": [2, 3, 2.25, 3.25], "texture": "#0"},
				"east": {"uv": [2, 3, 2.25, 3.25], "texture": "#0"},
				"south": {"uv": [2, 3, 2.25, 3.25], "texture": "#0"},
				"west": {"uv": [2, 3, 2.25, 3.25], "texture": "#0"},
				"up": {"uv": [2, 3, 2.25, 3.25], "texture": "#0"},
				"down": {"uv": [2, 3, 2.25, 3.25], "texture": "#0"}
			}
		},
		{
			"from": [10.5, 3.4, 6.1],
			"to": [12.5, 4.6, 7.1],
			"faces": {
				"north": {"uv": [2, 3.75, 2.25, 4], "texture": "#0"},
				"east": {"uv": [2, 3.75, 2.25, 4], "texture": "#0"},
				"south": {"uv": [2, 3.75, 2.25, 4], "texture": "#0"},
				"west": {"uv": [2, 3.75, 2.25, 4], "texture": "#0"},
				"up": {"uv": [2, 3.75, 2.25, 4], "texture": "#0"},
				"down": {"uv": [2, 3.75, 2.25, 4], "texture": "#0"}
			}
		},
		{
			"from": [10.5, 5.5, 6.1],
			"to": [12.5, 6.7, 7.1],
			"faces": {
				"north": {"uv": [2, 4.5, 2.25, 4.75], "texture": "#0"},
				"east": {"uv": [2, 4.5, 2.25, 4.75], "texture": "#0"},
				"south": {"uv": [2, 4.5, 2.25, 4.75], "texture": "#0"},
				"west": {"uv": [2, 4.5, 2.25, 4.75], "texture": "#0"},
				"up": {"uv": [2, 4.5, 2.25, 4.75], "texture": "#0"},
				"down": {"uv": [2, 4.5, 2.25, 4.75], "texture": "#0"}
			}
		}
	],
	"display": {
		"gui": {
			"rotation": [45, -45, 45],
			"translation": [-1,1,0],
			"scale": [0.6, 0.6, 0.6]
		},
	"firstperson": {
			"rotation": [0, 50, 10],
			"translation": [0, 8, 1],
			"scale": [0.8, 1, 0.9]
		},
	"thirdperson": {
			"rotation": [180, 90, -80],
			"translation": [0, 1, -3],
			"scale": [0.7, 0.7, 0.7]
		}
	},
	"groups": [
		{
			"name": "synth",
			"origin": [8, 8, 8],
			"children": [0, 1, 2, 3, 4, 5, 6, 7, 8, 9,
				{
					"name": "bkeys",
					"origin": [9, 26, 8],
					"children": [10, 11, 12, 13, 14, 15, 16, 17, 18, 19, 20, 21, 22, 23, 24]
				}
			]
		}, 25, 26, 27]
}
