{
	"credit": "Made with Blockbench",
	"textures": {
		"0": "blocks/mettaton_box",
		"particle": "blocks/mettaton_box"
	},
	"elements": [
		{
			"from": [-1.5, 8, 15],
			"to": [17.5, 19, 15.5],
			"rotation": {"angle": 0, "axis": "y", "origin": [8, 14, 8]},
			"faces": {
				"north": {"uv": [1, 6.5, 2, 7.5], "texture": "#0"},
				"east": {"uv": [1, 6.5, 2, 7.5], "texture": "#0"},
				"south": {"uv": [0.5, 0.5, 10, 6], "texture": "#0"},
				"west": {"uv": [1, 6.5, 2, 7.5], "texture": "#0"},
				"up": {"uv": [1, 6.5, 2, 7.5], "texture": "#0"},
				"down": {"uv": [1, 6.5, 2, 7.5], "texture": "#0"}
			}
		},
		{
			"from": [3.5, 4, 15],
			"to": [12.5, 5, 15.5],
			"rotation": {"angle": 0, "axis": "y", "origin": [8, 14, 8]},
			"faces": {
				"north": {"uv": [3, 7, 7.5, 7.5], "texture": "#0"},
				"east": {"uv": [3, 7, 7.5, 7.5], "texture": "#0"},
				"south": {"uv": [3, 7, 7.5, 7.5], "texture": "#0"},
				"west": {"uv": [3, 7, 7.5, 7.5], "texture": "#0"},
				"up": {"uv": [3, 7, 7.5, 7.5], "texture": "#0"},
				"down": {"uv": [3, 7, 7.5, 7.5], "texture": "#0"}
			}
		},
		{
			"from": [17.5, 7, 15],
			"to": [18.5, 20, 16],
			"rotation": {"angle": 0, "axis": "y", "origin": [8, 14, 8]},
			"faces": {
				"north": {"uv": [11.5, 2, 12, 2.5], "texture": "#0"},
				"east": {"uv": [11.5, 2, 12, 2.5], "texture": "#0"},
				"south": {"uv": [11.5, 2, 12, 2.5], "texture": "#0"},
				"west": {"uv": [11.5, 2, 12, 2.5], "texture": "#0"},
				"up": {"uv": [11.5, 2, 12, 2.5], "texture": "#0"},
				"down": {"uv": [11.5, 2, 12, 2.5], "texture": "#0"}
			}
		},
		{
			"from": [-2.5, 7, 15],
			"to": [-1.5, 20, 16],
			"rotation": {"angle": 0, "axis": "y", "origin": [8, 14, 8]},
			"faces": {
				"north": {"uv": [11.5, 2, 12, 2.5], "texture": "#0"},
				"east": {"uv": [11.5, 2, 12, 2.5], "texture": "#0"},
				"south": {"uv": [11.5, 2, 12, 2.5], "texture": "#0"},
				"west": {"uv": [11.5, 2, 12, 2.5], "texture": "#0"},
				"up": {"uv": [11.5, 2, 12, 2.5], "texture": "#0"},
				"down": {"uv": [11.5, 2, 12, 2.5], "texture": "#0"}
			}
		},
		{
			"from": [-1.5, 19, 15],
			"to": [17.5, 20, 16],
			"rotation": {"angle": 0, "axis": "y", "origin": [8, 14, 8]},
			"faces": {
				"north": {"uv": [11.5, 2, 12, 2.5], "texture": "#0"},
				"east": {"uv": [11.5, 2, 12, 2.5], "texture": "#0"},
				"south": {"uv": [11.5, 2, 12, 2.5], "texture": "#0"},
				"west": {"uv": [11.5, 2, 12, 2.5], "texture": "#0"},
				"up": {"uv": [11.5, 2, 12, 2.5], "texture": "#0"},
				"down": {"uv": [11.5, 2, 12, 2.5], "texture": "#0"}
			}
		},
		{
			"from": [-1.5, 7, 15],
			"to": [17.5, 8, 16],
			"rotation": {"angle": 0, "axis": "y", "origin": [8, 14, 8]},
			"faces": {
				"north": {"uv": [11.5, 2, 12, 2.5], "texture": "#0"},
				"east": {"uv": [11.5, 2, 12, 2.5], "texture": "#0"},
				"south": {"uv": [11.5, 2, 12, 2.5], "texture": "#0"},
				"west": {"uv": [11.5, 2, 12, 2.5], "texture": "#0"},
				"up": {"uv": [11.5, 2, 12, 2.5], "texture": "#0"},
				"down": {"uv": [11.5, 2, 12, 2.5], "texture": "#0"}
			}
		},
		{
			"from": [3.5, 5, 15],
			"to": [12.5, 6, 16],
			"rotation": {"angle": 0, "axis": "y", "origin": [8, 14, 8]},
			"faces": {
				"north": {"uv": [11.5, 2, 12, 2.5], "texture": "#0"},
				"east": {"uv": [11.5, 2, 12, 2.5], "texture": "#0"},
				"south": {"uv": [11.5, 2, 12, 2.5], "texture": "#0"},
				"west": {"uv": [11.5, 2, 12, 2.5], "texture": "#0"},
				"up": {"uv": [11.5, 2, 12, 2.5], "texture": "#0"},
				"down": {"uv": [11.5, 2, 12, 2.5], "texture": "#0"}
			}
		},
		{
			"from": [3.5, 3, 15],
			"to": [12.5, 4, 16],
			"rotation": {"angle": 0, "axis": "y", "origin": [8, 14, 8]},
			"faces": {
				"north": {"uv": [11.5, 2, 12, 2.5], "texture": "#0"},
				"east": {"uv": [11.5, 2, 12, 2.5], "texture": "#0"},
				"south": {"uv": [11.5, 2, 12, 2.5], "texture": "#0"},
				"west": {"uv": [11.5, 2, 12, 2.5], "texture": "#0"},
				"up": {"uv": [11.5, 2, 12, 2.5], "texture": "#0"},
				"down": {"uv": [11.5, 2, 12, 2.5], "texture": "#0"}
			}
		},
		{
			"from": [4.5, 4, 15],
			"to": [5.5, 5, 16],
			"rotation": {"angle": 0, "axis": "y", "origin": [8, 14, 8]},
			"faces": {
				"north": {"uv": [11.5, 2, 12, 2.5], "texture": "#0"},
				"east": {"uv": [11.5, 2, 12, 2.5], "texture": "#0"},
				"south": {"uv": [11.5, 2, 12, 2.5], "texture": "#0"},
				"west": {"uv": [11.5, 2, 12, 2.5], "texture": "#0"},
				"up": {"uv": [11.5, 2, 12, 2.5], "texture": "#0"},
				"down": {"uv": [11.5, 2, 12, 2.5], "texture": "#0"}
			}
		},
		{
			"from": [8.5, 4, 15],
			"to": [9.5, 5, 16],
			"rotation": {"angle": 0, "axis": "y", "origin": [12, 14, 8]},
			"faces": {
				"north": {"uv": [11.5, 2, 12, 2.5], "texture": "#0"},
				"east": {"uv": [11.5, 2, 12, 2.5], "texture": "#0"},
				"south": {"uv": [11.5, 2, 12, 2.5], "texture": "#0"},
				"west": {"uv": [11.5, 2, 12, 2.5], "texture": "#0"},
				"up": {"uv": [11.5, 2, 12, 2.5], "texture": "#0"},
				"down": {"uv": [11.5, 2, 12, 2.5], "texture": "#0"}
			}
		},
		{
			"from": [6.5, 4, 15],
			"to": [7.5, 5, 16],
			"rotation": {"angle": 0, "axis": "y", "origin": [8, 14, 8]},
			"faces": {
				"north": {"uv": [11.5, 2, 12, 2.5], "texture": "#0"},
				"east": {"uv": [11.5, 2, 12, 2.5], "texture": "#0"},
				"south": {"uv": [11.5, 2, 12, 2.5], "texture": "#0"},
				"west": {"uv": [11.5, 2, 12, 2.5], "texture": "#0"},
				"up": {"uv": [11.5, 2, 12, 2.5], "texture": "#0"},
				"down": {"uv": [11.5, 2, 12, 2.5], "texture": "#0"}
			}
		},
		{
			"from": [10.5, 4, 15],
			"to": [11.5, 5, 16],
			"rotation": {"angle": 0, "axis": "y", "origin": [12, 14, 8]},
			"faces": {
				"north": {"uv": [11.5, 2, 12, 2.5], "texture": "#0"},
				"east": {"uv": [11.5, 2, 12, 2.5], "texture": "#0"},
				"south": {"uv": [11.5, 2, 12, 2.5], "texture": "#0"},
				"west": {"uv": [11.5, 2, 12, 2.5], "texture": "#0"},
				"up": {"uv": [11.5, 2, 12, 2.5], "texture": "#0"},
				"down": {"uv": [11.5, 2, 12, 2.5], "texture": "#0"}
			}
		},
		{
			"from": [12.5, 3, 15],
			"to": [13.5, 6, 16],
			"rotation": {"angle": 0, "axis": "y", "origin": [12, 14, 8]},
			"faces": {
				"north": {"uv": [11.5, 2, 12, 2.5], "texture": "#0"},
				"east": {"uv": [11.5, 2, 12, 2.5], "texture": "#0"},
				"south": {"uv": [11.5, 2, 12, 2.5], "texture": "#0"},
				"west": {"uv": [11.5, 2, 12, 2.5], "texture": "#0"},
				"up": {"uv": [11.5, 2, 12, 2.5], "texture": "#0"},
				"down": {"uv": [11.5, 2, 12, 2.5], "texture": "#0"}
			}
		},
		{
			"from": [2.5, 3, 15],
			"to": [3.5, 6, 16],
			"rotation": {"angle": 0, "axis": "y", "origin": [12, 14, 8]},
			"faces": {
				"north": {"uv": [11.5, 2, 12, 2.5], "texture": "#0"},
				"east": {"uv": [11.5, 2, 12, 2.5], "texture": "#0"},
				"south": {"uv": [11.5, 2, 12, 2.5], "texture": "#0"},
				"west": {"uv": [11.5, 2, 12, 2.5], "texture": "#0"},
				"up": {"uv": [11.5, 2, 12, 2.5], "texture": "#0"},
				"down": {"uv": [11.5, 2, 12, 2.5], "texture": "#0"}
			}
		},
		{
			"from": [-1.5, 10, 15],
			"to": [17.5, 11, 16],
			"rotation": {"angle": 0, "axis": "y", "origin": [8, 14, 8]},
			"faces": {
				"north": {"uv": [11.5, 2, 12, 2.5], "texture": "#0"},
				"east": {"uv": [11.5, 2, 12, 2.5], "texture": "#0"},
				"south": {"uv": [11.5, 2, 12, 2.5], "texture": "#0"},
				"west": {"uv": [11.5, 2, 12, 2.5], "texture": "#0"},
				"up": {"uv": [11.5, 2, 12, 2.5], "texture": "#0"},
				"down": {"uv": [11.5, 2, 12, 2.5], "texture": "#0"}
			}
		},
		{
			"from": [-1.5, 13, 15],
			"to": [17.5, 14, 16],
			"rotation": {"angle": 0, "axis": "y", "origin": [8, 14, 8]},
			"faces": {
				"north": {"uv": [11.5, 2, 12, 2.5], "texture": "#0"},
				"east": {"uv": [11.5, 2, 12, 2.5], "texture": "#0"},
				"south": {"uv": [11.5, 2, 12, 2.5], "texture": "#0"},
				"west": {"uv": [11.5, 2, 12, 2.5], "texture": "#0"},
				"up": {"uv": [11.5, 2, 12, 2.5], "texture": "#0"},
				"down": {"uv": [11.5, 2, 12, 2.5], "texture": "#0"}
			}
		},
		{
			"from": [-1.5, 16, 15],
			"to": [17.5, 17, 16],
			"rotation": {"angle": 0, "axis": "y", "origin": [8, 14, 8]},
			"faces": {
				"north": {"uv": [11.5, 2, 12, 2.5], "texture": "#0"},
				"east": {"uv": [11.5, 2, 12, 2.5], "texture": "#0"},
				"south": {"uv": [11.5, 2, 12, 2.5], "texture": "#0"},
				"west": {"uv": [11.5, 2, 12, 2.5], "texture": "#0"},
				"up": {"uv": [11.5, 2, 12, 2.5], "texture": "#0"},
				"down": {"uv": [11.5, 2, 12, 2.5], "texture": "#0"}
			}
		},
		{
			"from": [1.5, 8, 15],
			"to": [2.5, 19, 16],
			"rotation": {"angle": 0, "axis": "y", "origin": [8, 14, 8]},
			"faces": {
				"north": {"uv": [11.5, 2, 12, 2.5], "texture": "#0"},
				"east": {"uv": [11.5, 2, 12, 2.5], "texture": "#0"},
				"south": {"uv": [11.5, 2, 12, 2.5], "texture": "#0"},
				"west": {"uv": [11.5, 2, 12, 2.5], "texture": "#0"},
				"up": {"uv": [11.5, 2, 12, 2.5], "texture": "#0"},
				"down": {"uv": [11.5, 2, 12, 2.5], "texture": "#0"}
			}
		},
		{
			"from": [5.5, 8, 15],
			"to": [6.5, 19, 16],
			"rotation": {"angle": 0, "axis": "y", "origin": [8, 14, 8]},
			"faces": {
				"north": {"uv": [11.5, 2, 12, 2.5], "texture": "#0"},
				"east": {"uv": [11.5, 2, 12, 2.5], "texture": "#0"},
				"south": {"uv": [11.5, 2, 12, 2.5], "texture": "#0"},
				"west": {"uv": [11.5, 2, 12, 2.5], "texture": "#0"},
				"up": {"uv": [11.5, 2, 12, 2.5], "texture": "#0"},
				"down": {"uv": [11.5, 2, 12, 2.5], "texture": "#0"}
			}
		},
		{
			"from": [9.5, 8, 15],
			"to": [10.5, 19, 16],
			"rotation": {"angle": 0, "axis": "y", "origin": [8, 14, 8]},
			"faces": {
				"north": {"uv": [11.5, 2, 12, 2.5], "texture": "#0"},
				"east": {"uv": [11.5, 2, 12, 2.5], "texture": "#0"},
				"south": {"uv": [11.5, 2, 12, 2.5], "texture": "#0"},
				"west": {"uv": [11.5, 2, 12, 2.5], "texture": "#0"},
				"up": {"uv": [11.5, 2, 12, 2.5], "texture": "#0"},
				"down": {"uv": [11.5, 2, 12, 2.5], "texture": "#0"}
			}
		},
		{
			"from": [13.5, 8, 15],
			"to": [14.5, 19, 16],
			"rotation": {"angle": 0, "axis": "y", "origin": [8, 14, 8]},
			"faces": {
				"north": {"uv": [11.5, 2, 12, 2.5], "texture": "#0"},
				"east": {"uv": [11.5, 2, 12, 2.5], "texture": "#0"},
				"south": {"uv": [11.5, 2, 12, 2.5], "texture": "#0"},
				"west": {"uv": [11.5, 2, 12, 2.5], "texture": "#0"},
				"up": {"uv": [11.5, 2, 12, 2.5], "texture": "#0"},
				"down": {"uv": [11.5, 2, 12, 2.5], "texture": "#0"}
			}
		},
		{
			"from": [-1.5, 0, -1],
			"to": [17.5, 20, 0],
			"faces": {
				"north": {"uv": [11.5, 0.5, 12, 1], "texture": "#0"},
				"east": {"uv": [11.5, 0.5, 12, 1], "texture": "#0"},
				"south": {"uv": [11.5, 0.5, 12, 1], "texture": "#0"},
				"west": {"uv": [11.5, 0.5, 12, 1], "texture": "#0"},
				"up": {"uv": [11.5, 0.5, 12, 1], "texture": "#0"},
				"down": {"uv": [11.5, 0.5, 12, 1], "texture": "#0"}
			}
		},
		{
			"from": [-3.5, 0, 0],
			"to": [19.5, 22, 15],
			"faces": {
				"north": {"uv": [11.5, 0.5, 12, 1], "texture": "#0"},
				"east": {"uv": [11.5, 0.5, 12, 1], "texture": "#0"},
				"south": {"uv": [11.5, 0.5, 12, 1], "texture": "#0"},
				"west": {"uv": [11.5, 0.5, 12, 1], "texture": "#0"},
				"up": {"uv": [11.5, 0.5, 12, 1], "texture": "#0"},
				"down": {"uv": [11.5, 0.5, 12, 1], "texture": "#0"}
			}
		},
		{
			"from": [-4.5, 0, 2],
			"to": [-3.5, 21, 13],
			"faces": {
				"north": {"uv": [11.5, 0.5, 12, 1], "texture": "#0"},
				"east": {"uv": [11.5, 0.5, 12, 1], "texture": "#0"},
				"south": {"uv": [11.5, 0.5, 12, 1], "texture": "#0"},
				"west": {"uv": [11.5, 0.5, 12, 1], "texture": "#0"},
				"up": {"uv": [11.5, 0.5, 12, 1], "texture": "#0"},
				"down": {"uv": [11.5, 0.5, 12, 1], "texture": "#0"}
			}
		},
		{
			"from": [19.5, 0, 2],
			"to": [20.5, 21, 13],
			"faces": {
				"north": {"uv": [11.5, 0.5, 12, 1], "texture": "#0"},
				"east": {"uv": [11.5, 0.5, 12, 1], "texture": "#0"},
				"south": {"uv": [11.5, 0.5, 12, 1], "texture": "#0"},
				"west": {"uv": [11.5, 0.5, 12, 1], "texture": "#0"},
				"up": {"uv": [11.5, 0.5, 12, 1], "texture": "#0"},
				"down": {"uv": [11.5, 0.5, 12, 1], "texture": "#0"}
			}
		},
		{
			"from": [-2.5, 22, 2],
			"to": [18.5, 23, 13],
			"faces": {
				"north": {"uv": [11.5, 0.5, 12, 1], "texture": "#0"},
				"east": {"uv": [11.5, 0.5, 12, 1], "texture": "#0"},
				"south": {"uv": [11.5, 0.5, 12, 1], "texture": "#0"},
				"west": {"uv": [11.5, 0.5, 12, 1], "texture": "#0"},
				"up": {"uv": [11.5, 0.5, 12, 1], "texture": "#0"},
				"down": {"uv": [11.5, 0.5, 12, 1], "texture": "#0"}
			}
		}
	],
	"display": {
		"gui": {
			"translation": [0, -1.7, 0],
			"scale": [0.5, 0.5, 0.5]
		},
		"head": {
			"rotation": [0, 180, 0],
			"translation": [0, -0.25, -0.6],
			"scale": [0.9, 0.9, 0.98]
		}
	},
	"groups": [0, 1, 2, 3, 4, 5, 6, 7, 8, 9, 10, 11, 12, 13, 14, 15, 16, 17, 18, 19, 20,
		{
			"name": "box",
			"origin": [8, 8, 8],
			"children": [21, 22, 23, 24, 25]
		}
	]
}