{
	"credit": "Made with Blockbench",
	"textures": {
		"0": "items/knife",
		"particle": "items/knife"
	},
	"elements": [
		{
			"from": [6.5, -6, 6],
			"to": [9.5, 3, 9],
			"faces": {
				"north": {"uv": [0.5, 10.5, 2, 15], "texture": "#0"},
				"east": {"uv": [0.5, 10.5, 2, 15], "texture": "#0"},
				"south": {"uv": [0.5, 10.5, 2, 15], "texture": "#0"},
				"west": {"uv": [0.5, 10.5, 2, 15], "texture": "#0"},
				"up": {"uv": [2.5, 10.5, 4, 12], "texture": "#0"},
				"down": {"uv": [2.5, 10.5, 4, 12], "texture": "#0"}
			}
		},
		{
			"from": [7.75, 3, 6.5],
			"to": [8.25, 4, 8.5],
			"faces": {
				"north": {"uv": [1, 0.5, 1.5, 1], "texture": "#0"},
				"east": {"uv": [1, 9.5, 2, 10], "rotation": 180, "texture": "#0"},
				"south": {"uv": [1, 0.5, 1.5, 1], "texture": "#0"},
				"west": {"uv": [1, 9.5, 2, 10], "texture": "#0"},
				"up": {"uv": [1, 0.5, 1.5, 1], "texture": "#0"},
				"down": {"uv": [1, 0.5, 1.5, 1], "texture": "#0"}
			}
		},
		{
			"from": [7.75, 5, 6.5],
			"to": [8.25, 13, 12.5],
			"faces": {
				"north": {"uv": [1, 0.5, 1.5, 1], "texture": "#0"},
				"east": {"uv": [1, 9, 4, 5], "rotation": 180, "texture": "#0"},
				"south": {"uv": [1, 0.5, 1.5, 1], "texture": "#0"},
				"west": {"uv": [1, 5, 4, 9], "texture": "#0"},
				"up": {"uv": [1, 0.5, 1.5, 1], "texture": "#0"},
				"down": {"uv": [1, 0.5, 1.5, 1], "texture": "#0"}
			}
		},
		{
			"from": [7.75, 13, 6.5],
			"to": [8.25, 16, 11.5],
			"faces": {
				"north": {"uv": [1, 0.5, 1.5, 1], "texture": "#0"},
				"east": {"uv": [1, 5, 3.5, 3.5], "rotation": 180, "texture": "#0"},
				"south": {"uv": [1, 0.5, 1.5, 1], "texture": "#0"},
				"west": {"uv": [1, 3.5, 3.5, 5], "texture": "#0"},
				"up": {"uv": [1, 0.5, 1.5, 1], "texture": "#0"},
				"down": {"uv": [1, 0.5, 1.5, 1], "texture": "#0"}
			}
		},
		{
			"from": [7.75, 16, 6.5],
			"to": [8.25, 18, 10.5],
			"faces": {
				"north": {"uv": [1, 0.5, 1.5, 1], "texture": "#0"},
				"east": {"uv": [1, 3.5, 3, 2.5], "rotation": 180, "texture": "#0"},
				"south": {"uv": [1, 0.5, 1.5, 1], "texture": "#0"},
				"west": {"uv": [1, 2.5, 3, 3.5], "texture": "#0"},
				"up": {"uv": [1, 0.5, 1.5, 1], "texture": "#0"},
				"down": {"uv": [1, 0.5, 1.5, 1], "texture": "#0"}
			}
		},
		{
			"from": [7.75, 18, 6.5],
			"to": [8.25, 20, 9.5],
			"faces": {
				"north": {"uv": [1, 0.5, 1.5, 1], "texture": "#0"},
				"east": {"uv": [1, 2.5, 2.5, 1.5], "rotation": 180, "texture": "#0"},
				"south": {"uv": [1, 0.5, 1.5, 1], "texture": "#0"},
				"west": {"uv": [1, 1.5, 2.5, 2.5], "texture": "#0"},
				"up": {"uv": [1, 0.5, 1.5, 1], "texture": "#0"},
				"down": {"uv": [1, 0.5, 1.5, 1], "texture": "#0"}
			}
		},
		{
			"from": [7.75, 20, 6.5],
			"to": [8.25, 21, 8.5],
			"faces": {
				"north": {"uv": [1, 0.5, 1.5, 1], "texture": "#0"},
				"east": {"uv": [1, 1, 2, 1.5], "rotation": 180, "texture": "#0"},
				"south": {"uv": [1, 0.5, 1.5, 1], "texture": "#0"},
				"west": {"uv": [1, 1, 2, 1.5], "texture": "#0"},
				"up": {"uv": [1, 0.5, 1.5, 1], "texture": "#0"},
				"down": {"uv": [1, 0.5, 1.5, 1], "texture": "#0"}
			}
		},
		{
			"from": [7.75, 21, 6.5],
			"to": [8.25, 22, 7.5],
			"faces": {
				"north": {"uv": [1, 0.5, 1.5, 1], "texture": "#0"},
				"east": {"uv": [1, 0.5, 1.5, 1], "texture": "#0"},
				"south": {"uv": [1, 0.5, 1.5, 1], "texture": "#0"},
				"west": {"uv": [1, 0.5, 1.5, 1], "texture": "#0"},
				"up": {"uv": [1, 0.5, 1.5, 1], "texture": "#0"},
				"down": {"uv": [1, 0.5, 1.5, 1], "texture": "#0"}
			}
		},
		{
			"from": [7.75, 4, 6.5],
			"to": [8.25, 5, 11.5],
			"faces": {
				"north": {"uv": [1, 0.5, 1.5, 1], "texture": "#0"},
				"east": {"uv": [1, 9.5, 3.5, 9], "rotation": 180, "texture": "#0"},
				"south": {"uv": [1, 0.5, 1.5, 1], "texture": "#0"},
				"west": {"uv": [1, 9, 3.5, 9.5], "texture": "#0"},
				"up": {"uv": [1, 0.5, 1.5, 1], "texture": "#0"},
				"down": {"uv": [1, 0.5, 1.5, 1], "texture": "#0"}
			}
		}
	],
	"display": {
		"thirdperson_righthand": {
			"rotation": [18, -180, 0],
			"translation": [0, 9.25, 2.25],
			"scale": [0.95, 1, 0.95]
		},
		"firstperson_righthand": {
			"rotation": [-18, -180, 0],
			"translation": [0.5, 6.75, 0],
			"scale": [0.57, 0.6, 0.53]
		},
		"gui": {
			"rotation": [65, -59, 92],
			"translation": [-0.75, 0, 0],
			"scale": [0.6, 0.6, 0.6]
		},
		"fixed": {
			"rotation": [-45, 90, 0],
			"translation": [0, 0.2, 0]
		}
	}
}