{
	"credit": "Made with Blockbench",
	"textures": {
		"0": "items/cakeknife",
		"particle": "items/cakeknife"
	},
	"elements": [
		{
			"from": [6.75, 0, 7.25],
			"to": [9.25, 8, 8.75],
			"rotation": {"angle": 0, "axis": "y", "origin": [9, 8, 6]},
			"faces": {
				"north": {"uv": [2.5, 6, 5, 14], "texture": "#0"},
				"east": {"uv": [2.5, 6, 5, 14], "texture": "#0"},
				"south": {"uv": [2.5, 6, 5, 14], "texture": "#0"},
				"west": {"uv": [2.5, 6, 5, 14], "texture": "#0"},
				"up": {"uv": [2.5, 6, 5, 14], "texture": "#0"},
				"down": {"uv": [2.5, 6, 5, 14], "texture": "#0"}
			}
		},
		{
			"from": [7, 8, 7.5],
			"to": [9, 14, 8.5],
			"rotation": {"angle": 0, "axis": "y", "origin": [9, 8, 6]},
			"faces": {
				"north": {"uv": [0, 6, 2, 12], "texture": "#0"},
				"east": {"uv": [0, 6, 2, 12], "texture": "#0"},
				"south": {"uv": [0, 6, 2, 12], "texture": "#0"},
				"west": {"uv": [0, 6, 2, 12], "texture": "#0"},
				"up": {"uv": [0, 6, 2, 12], "texture": "#0"},
				"down": {"uv": [0, 6, 2, 12], "texture": "#0"}
			}
		},
		{
			"from": [4.5, 15, 5.1],
			"to": [11.5, 18, 6.1],
			"rotation": {"angle": 22.5, "axis": "x", "origin": [9, 8, 6]},
			"faces": {
				"north": {"uv": [7.5, 3.5, 14.5, 5], "texture": "#0"},
				"east": {"uv": [6, 3.5, 7, 5], "texture": "#0"},
				"south": {"uv": [0, 3.5, 7, 5], "texture": "#0"},
				"west": {"uv": [0, 3.5, 1, 5], "texture": "#0"},
				"up": {"uv": [0, 3.5, 7, 4.5], "texture": "#0"},
				"down": {"uv": [0, 3.5, 7, 4.5], "texture": "#0"}
			}
		},
		{
			"from": [5, 18, 5.1],
			"to": [11, 20, 6.1],
			"rotation": {"angle": 22.5, "axis": "x", "origin": [9, 8, 6]},
			"faces": {
				"north": {"uv": [8, 2.5, 14, 3.5], "texture": "#0"},
				"east": {"uv": [5.5, 2.5, 6.5, 3.5], "texture": "#0"},
				"south": {"uv": [0.5, 2.5, 6.5, 3.5], "texture": "#0"},
				"west": {"uv": [0.5, 2.5, 1.5, 3.5], "texture": "#0"},
				"up": {"uv": [0.5, 2.5, 6.5, 3.5], "texture": "#0"},
				"down": {"uv": [0.5, 2.5, 6.5, 3.5], "texture": "#0"}
			}
		},
		{
			"from": [5, 14, 5.1],
			"to": [11, 15, 6.1],
			"rotation": {"angle": 22.5, "axis": "x", "origin": [9, 8, 6]},
			"faces": {
				"north": {"uv": [8, 5, 14, 5.5], "texture": "#0"},
				"east": {"uv": [13.5, 5, 14, 5.5], "texture": "#0"},
				"south": {"uv": [0.5, 5, 6.5, 5.5], "texture": "#0"},
				"west": {"uv": [8, 5, 8.5, 5.5], "texture": "#0"},
				"up": {"uv": [8, 5, 14, 5.5], "texture": "#0"},
				"down": {"uv": [8, 5, 14, 5.5], "texture": "#0"}
			}
		},
		{
			"from": [5.5, 20, 5.1],
			"to": [10.5, 21, 6.1],
			"rotation": {"angle": 22.5, "axis": "x", "origin": [9, 8, 6]},
			"faces": {
				"north": {"uv": [8.5, 2, 13.5, 2.5], "texture": "#0"},
				"east": {"uv": [5, 2, 6, 2.5], "texture": "#0"},
				"south": {"uv": [1, 2, 6, 2.5], "texture": "#0"},
				"west": {"uv": [1, 2, 2, 2.5], "texture": "#0"},
				"up": {"uv": [1, 2, 6, 3], "texture": "#0"},
				"down": {"uv": [1, 2, 6, 2.5], "texture": "#0"}
			}
		},
		{
			"from": [6, 21, 5.1],
			"to": [10, 22, 6.1],
			"rotation": {"angle": 22.5, "axis": "x", "origin": [9, 8, 6]},
			"faces": {
				"north": {"uv": [9, 1.5, 13, 2], "texture": "#0"},
				"east": {"uv": [4.5, 1.5, 5.5, 2], "texture": "#0"},
				"south": {"uv": [1.5, 1.5, 5.5, 2], "texture": "#0"},
				"west": {"uv": [1.5, 1.5, 2.5, 2], "texture": "#0"},
				"up": {"uv": [1.5, 1.5, 5.5, 2], "texture": "#0"},
				"down": {"uv": [1.5, 1.5, 5.5, 2], "texture": "#0"}
			}
		},
		{
			"from": [6.5, 22, 5.1],
			"to": [9.5, 23, 6.1],
			"rotation": {"angle": 22.5, "axis": "x", "origin": [9, 8, 6]},
			"faces": {
				"north": {"uv": [9.5, 1, 12.5, 1.5], "texture": "#0"},
				"east": {"uv": [4, 1, 5, 1.5], "texture": "#0"},
				"south": {"uv": [2, 1, 5, 1.5], "texture": "#0"},
				"west": {"uv": [2, 1, 3, 1.5], "texture": "#0"},
				"up": {"uv": [2, 1, 5, 1.5], "texture": "#0"},
				"down": {"uv": [2, 1, 5, 1.5], "texture": "#0"}
			}
		},
		{
			"from": [7, 23, 5.1],
			"to": [9, 24, 6.1],
			"rotation": {"angle": 22.5, "axis": "x", "origin": [9, 8, 6]},
			"faces": {
				"north": {"uv": [10, 0.5, 12, 1], "texture": "#0"},
				"east": {"uv": [3.5, 0.5, 4.5, 1], "texture": "#0"},
				"south": {"uv": [2.5, 0.5, 4.5, 1], "texture": "#0"},
				"west": {"uv": [2.5, 0.5, 3.5, 1], "texture": "#0"},
				"up": {"uv": [2.5, 0.5, 4.5, 1], "texture": "#0"},
				"down": {"uv": [0, 0, 2, 1], "texture": "#missing"}
			}
		},
		{
			"from": [7.5, 24, 5.1],
			"to": [8.5, 25, 6.1],
			"rotation": {"angle": 22.5, "axis": "x", "origin": [9, 8, 6]},
			"faces": {
				"north": {"uv": [10.5, 0, 11.5, 0.5], "texture": "#0"},
				"east": {"uv": [3, 0, 4, 0.5], "texture": "#0"},
				"south": {"uv": [3, 0, 4, 0.5], "texture": "#0"},
				"west": {"uv": [3, 0, 4, 0.5], "texture": "#0"},
				"up": {"uv": [3, 0, 4, 0.5], "texture": "#0"},
				"down": {"uv": [0, 0, 1, 1], "texture": "#missing"}
			}
		}
	],
	"display": {
		"thirdperson_righthand": {
			"rotation": [0, -90, 0],
			"translation": [0, 2.75, 0],
			"scale": [1, 1.13, 1]
		},
		"firstperson_righthand": {
			"rotation": [0, -90, 0],
			"translation": [2, 1, 0],
			"scale": [0.68, 0.75, 0.68]
		},
		"gui": {
			"rotation": [-27, 0, 41],
			"translation": [1.5, -2.5, 0],
			"scale": [0.78, 0.78, 0.78]
		}
	}
}