{
	"credit": "Made with Blockbench",
	"textures": {
		"0": "items/asgoretrident",
		"1": "items/glow",
		"particle": "items/asgoretrident"
	},
	"elements": [
		{
			"from": [7, -3, 7],
			"to": [9, 11, 9],
			"rotation": {"angle": 0, "axis": "y", "origin": [8, -1, 8]},
			"faces": {
				"north": {"uv": [1, 1, 4, 4], "texture": "#0"},
				"east": {"uv": [1, 1, 4, 4], "texture": "#0"},
				"south": {"uv": [1, 1, 4, 4], "texture": "#0"},
				"west": {"uv": [1, 1, 4, 4], "texture": "#0"},
				"up": {"uv": [1, 1, 4, 4], "texture": "#0"},
				"down": {"uv": [1, 1, 4, 4], "texture": "#0"}
			}
		},
		{
			"from": [7, 15, 7],
			"to": [9, 18, 9],
			"rotation": {"angle": 0, "axis": "y", "origin": [8, -1, 8]},
			"faces": {
				"north": {"uv": [1, 1, 4, 4], "texture": "#0"},
				"east": {"uv": [1, 1, 4, 4], "texture": "#0"},
				"south": {"uv": [1, 1, 4, 4], "texture": "#0"},
				"west": {"uv": [1, 1, 4, 4], "texture": "#0"},
				"up": {"uv": [1, 1, 4, 4], "texture": "#0"},
				"down": {"uv": [1, 1, 4, 4], "texture": "#0"}
			}
		},
		{
			"from": [6.5, 18, 1.5],
			"to": [9.5, 20, 14.5],
			"rotation": {"angle": 0, "axis": "y", "origin": [8, -2, 8]},
			"faces": {
				"north": {"uv": [1, 1, 4, 4], "texture": "#0"},
				"east": {"uv": [1, 1, 4, 4], "texture": "#0"},
				"south": {"uv": [1, 1, 4, 4], "texture": "#0"},
				"west": {"uv": [1, 1, 4, 4], "texture": "#0"},
				"up": {"uv": [1, 1, 4, 4], "texture": "#0"},
				"down": {"uv": [1, 1, 4, 4], "texture": "#0"}
			}
		},
		{
			"from": [6.5, 20, 7],
			"to": [9.5, 27, 9],
			"rotation": {"angle": 0, "axis": "y", "origin": [8, -2, 8]},
			"faces": {
				"north": {"uv": [1, 1, 4, 4], "texture": "#0"},
				"east": {"uv": [1, 1, 4, 4], "texture": "#0"},
				"south": {"uv": [1, 1, 4, 4], "texture": "#0"},
				"west": {"uv": [1, 1, 4, 4], "texture": "#0"},
				"up": {"uv": [1, 1, 4, 4], "texture": "#0"},
				"down": {"uv": [1, 1, 4, 4], "texture": "#0"}
			}
		},
		{
			"from": [7, 27, 7.5],
			"to": [9, 30, 8.5],
			"rotation": {"angle": 0, "axis": "y", "origin": [8, -2, 8]},
			"faces": {
				"north": {"uv": [1, 1, 4, 4], "texture": "#0"},
				"east": {"uv": [1, 1, 4, 4], "texture": "#0"},
				"south": {"uv": [1, 1, 4, 4], "texture": "#0"},
				"west": {"uv": [1, 1, 4, 4], "texture": "#0"},
				"up": {"uv": [1, 1, 4, 4], "texture": "#0"},
				"down": {"uv": [1, 1, 4, 4], "texture": "#0"}
			}
		},
		{
			"from": [7, 22.3, 13.5],
			"to": [9, 25.3, 14.5],
			"rotation": {"angle": 22.5, "axis": "x", "origin": [7.97644, 24.48947, 14.03407]},
			"faces": {
				"north": {"uv": [1, 1, 4, 4], "texture": "#0"},
				"east": {"uv": [1, 1, 4, 4], "texture": "#0"},
				"south": {"uv": [1, 1, 4, 4], "texture": "#0"},
				"west": {"uv": [1, 1, 4, 4], "texture": "#0"},
				"up": {"uv": [1, 1, 4, 4], "texture": "#0"},
				"down": {"uv": [1, 1, 4, 4], "texture": "#0"}
			}
		},
		{
			"from": [7, 22.3, 1.3],
			"to": [9, 25.3, 2.3],
			"rotation": {"angle": -22.5, "axis": "x", "origin": [7.95549, 24.51041, 2.03411]},
			"faces": {
				"north": {"uv": [1, 1, 4, 4], "texture": "#0"},
				"east": {"uv": [1, 1, 4, 4], "texture": "#0"},
				"south": {"uv": [1, 1, 4, 4], "texture": "#0"},
				"west": {"uv": [1, 1, 4, 4], "texture": "#0"},
				"up": {"uv": [1, 1, 4, 4], "texture": "#0"},
				"down": {"uv": [1, 1, 4, 4], "texture": "#0"}
			}
		},
		{
			"from": [6.5, 18, 13.3],
			"to": [9.5, 23, 14.8],
			"rotation": {"angle": -22.5, "axis": "x", "origin": [7.98211, 20.98992, 13.77796]},
			"faces": {
				"north": {"uv": [1, 1, 4, 4], "texture": "#0"},
				"east": {"uv": [1, 1, 4, 4], "texture": "#0"},
				"south": {"uv": [1, 1, 4, 4], "texture": "#0"},
				"west": {"uv": [1, 1, 4, 4], "texture": "#0"},
				"up": {"uv": [1, 1, 4, 4], "texture": "#0"},
				"down": {"uv": [1, 1, 4, 4], "texture": "#0"}
			}
		},
		{
			"from": [6.5, 18, 1.3],
			"to": [9.5, 23, 2.8],
			"rotation": {"angle": 22.5, "axis": "x", "origin": [7.96204, 21.00999, 2.27799]},
			"faces": {
				"north": {"uv": [1, 1, 4, 4], "texture": "#0"},
				"east": {"uv": [1, 1, 4, 4], "texture": "#0"},
				"south": {"uv": [1, 1, 4, 4], "texture": "#0"},
				"west": {"uv": [1, 1, 4, 4], "texture": "#0"},
				"up": {"uv": [1, 1, 4, 4], "texture": "#0"},
				"down": {"uv": [1, 1, 4, 4], "texture": "#0"}
			}
		},
		{
			"from": [6.5, -11, 6.5],
			"to": [9.5, -3, 9.5],
			"rotation": {"angle": 0, "axis": "y", "origin": [8, -1, 8]},
			"faces": {
				"north": {"uv": [12, 12, 15, 15], "texture": "#0"},
				"east": {"uv": [12, 12, 15, 15], "texture": "#0"},
				"south": {"uv": [12, 12, 15, 15], "texture": "#0"},
				"west": {"uv": [12, 12, 15, 15], "texture": "#0"},
				"up": {"uv": [12, 12, 15, 15], "texture": "#0"},
				"down": {"uv": [12, 12, 15, 15], "texture": "#0"}
			}
		},
		{
			"from": [6, -15, 6],
			"to": [10, -11, 10],
			"rotation": {"angle": 0, "axis": "y", "origin": [8, -1, 8]},
			"faces": {
				"north": {"uv": [1, 12, 4, 15], "texture": "#0"},
				"east": {"uv": [1, 12, 4, 15], "texture": "#0"},
				"south": {"uv": [1, 12, 4, 15], "texture": "#0"},
				"west": {"uv": [1, 12, 4, 15], "texture": "#0"},
				"up": {"uv": [1, 12, 4, 15], "texture": "#0"},
				"down": {"uv": [1, 12, 4, 15], "texture": "#0"}
			}
		},
		{
			"from": [6, 11, 6],
			"to": [10, 15, 10],
			"rotation": {"angle": 0, "axis": "y", "origin": [8, -1, 8]},
			"faces": {
				"north": {"uv": [12, 1, 15, 4], "texture": "#0"},
				"east": {"uv": [12, 1, 15, 4], "texture": "#0"},
				"south": {"uv": [12, 1, 15, 4], "texture": "#0"},
				"west": {"uv": [12, 1, 15, 4], "texture": "#0"},
				"up": {"uv": [12, 1, 15, 4], "texture": "#0"},
				"down": {"uv": [12, 1, 15, 4], "texture": "#0"}
			}
		},
		{
			"from": [5.5, -15.5, 5.5],
			"to": [10.5, -10.5, 10.5],
			"rotation": {"angle": 0, "axis": "y", "origin": [8, 6, 8]},
			"faces": {
				"north": {"uv": [0, 0, 5, 5], "texture": "#1"},
				"east": {"uv": [0, 0, 5, 5], "texture": "#1"},
				"south": {"uv": [0, 0, 5, 5], "texture": "#1"},
				"west": {"uv": [0, 0, 5, 5], "texture": "#1"},
				"up": {"uv": [0, 0, 5, 5], "texture": "#1"},
				"down": {"uv": [0, 0, 5, 5], "texture": "#1"}
			}
		},
		{
			"from": [5.5, 10.5, 5.5],
			"to": [10.5, 15.5, 10.5],
			"rotation": {"angle": 0, "axis": "y", "origin": [8, 6, 8]},
			"faces": {
				"north": {"uv": [0, 0, 5, 5], "texture": "#1"},
				"east": {"uv": [0, 0, 5, 5], "texture": "#1"},
				"south": {"uv": [0, 0, 5, 5], "texture": "#1"},
				"west": {"uv": [0, 0, 5, 5], "texture": "#1"},
				"up": {"uv": [0, 0, 5, 5], "texture": "#1"},
				"down": {"uv": [0, 0, 5, 5], "texture": "#1"}
			}
		},
		{
			"from": [6.5, -2.5, 6.5],
			"to": [9.5, 11.5, 9.5],
			"rotation": {"angle": 0, "axis": "y", "origin": [8, 6, 8]},
			"faces": {
				"north": {"uv": [0, 0, 3, 14], "texture": "#1"},
				"east": {"uv": [0, 0, 3, 14], "texture": "#1"},
				"south": {"uv": [0, 0, 3, 14], "texture": "#1"},
				"west": {"uv": [0, 0, 3, 14], "texture": "#1"},
				"up": {"uv": [0, 0, 3, 14], "texture": "#1"},
				"down": {"uv": [0, 0, 3, 14], "texture": "#1"}
			}
		},
		{
			"from": [6.5, 15.5, 6.5],
			"to": [9.5, 18, 9.5],
			"rotation": {"angle": 0, "axis": "y", "origin": [8, 6, 8]},
			"faces": {
				"north": {"uv": [0, 0, 3, 2.5], "texture": "#1"},
				"east": {"uv": [0, 0, 3, 2.5], "texture": "#1"},
				"south": {"uv": [0, 0, 3, 2.5], "texture": "#1"},
				"west": {"uv": [0, 0, 3, 2.5], "texture": "#1"},
				"up": {"uv": [0, 0, 3, 2.5], "texture": "#1"},
				"down": {"uv": [0, 0, 3, 2.5], "texture": "#1"}
			}
		},
		{
			"from": [6, 20.5, 6.5],
			"to": [10, 27.5, 9.5],
			"rotation": {"angle": 0, "axis": "y", "origin": [8, 6, 8]},
			"faces": {
				"north": {"uv": [0, 0, 3, 7], "texture": "#1"},
				"east": {"uv": [0, 0, 3, 7], "texture": "#1"},
				"south": {"uv": [0, 0, 3, 7], "texture": "#1"},
				"west": {"uv": [0, 0, 3, 7], "texture": "#1"},
				"up": {"uv": [0, 0, 3, 7], "texture": "#1"},
				"down": {"uv": [0, 0, 3, 7], "texture": "#1"}
			}
		},
		{
			"from": [6.5, 27.5, 7],
			"to": [9.5, 30.5, 9],
			"rotation": {"angle": 0, "axis": "y", "origin": [8, 6, 8]},
			"faces": {
				"north": {"uv": [0, 0, 3, 7], "texture": "#1"},
				"east": {"uv": [0, 0, 3, 7], "texture": "#1"},
				"south": {"uv": [0, 0, 3, 7], "texture": "#1"},
				"west": {"uv": [0, 0, 3, 7], "texture": "#1"},
				"up": {"uv": [0, 0, 3, 7], "texture": "#1"},
				"down": {"uv": [0, 0, 3, 7], "texture": "#1"}
			}
		},
		{
			"from": [6, 17.5, 12.8],
			"to": [10, 23.5, 15.3],
			"rotation": {"angle": -22.5, "axis": "x", "origin": [7.98211, 20.98992, 13.77796]},
			"faces": {
				"north": {"uv": [1, 1, 4, 4], "texture": "#1"},
				"east": {"uv": [1, 1, 4, 4], "texture": "#1"},
				"south": {"uv": [1, 1, 4, 4], "texture": "#1"},
				"west": {"uv": [1, 1, 4, 4], "texture": "#1"},
				"up": {"uv": [1, 1, 4, 4], "texture": "#1"},
				"down": {"uv": [1, 1, 4, 4], "texture": "#1"}
			}
		},
		{
			"from": [6, 17.5, 1.5],
			"to": [10, 20.5, 14.5],
			"rotation": {"angle": 0, "axis": "y", "origin": [8, 6, 8]},
			"faces": {
				"north": {"uv": [0, 0, 13, 3], "texture": "#1"},
				"east": {"uv": [0, 0, 13, 3], "texture": "#1"},
				"south": {"uv": [0, 0, 13, 3], "texture": "#1"},
				"west": {"uv": [0, 0, 13, 3], "texture": "#1"},
				"up": {"uv": [0, 0, 13, 3], "texture": "#1"},
				"down": {"uv": [0, 0, 13, 3], "texture": "#1"}
			}
		},
		{
			"from": [6, -10.5, 6],
			"to": [10, -2.5, 10],
			"rotation": {"angle": 0, "axis": "y", "origin": [8, 6, 8]},
			"faces": {
				"north": {"uv": [0, 0, 4, 8], "texture": "#1"},
				"east": {"uv": [0, 0, 4, 8], "texture": "#1"},
				"south": {"uv": [0, 0, 4, 8], "texture": "#1"},
				"west": {"uv": [0, 0, 4, 8], "texture": "#1"},
				"up": {"uv": [0, 0, 4, 8], "texture": "#1"},
				"down": {"uv": [0, 0, 4, 8], "texture": "#1"}
			}
		},
		{
			"from": [6, 17.5, 0.8],
			"to": [10, 23.5, 3.3],
			"rotation": {"angle": 22.5, "axis": "x", "origin": [7.96204, 21.00999, 2.27799]},
			"faces": {
				"north": {"uv": [1, 1, 4, 4], "texture": "#1"},
				"east": {"uv": [1, 1, 4, 4], "texture": "#1"},
				"south": {"uv": [1, 1, 4, 4], "texture": "#1"},
				"west": {"uv": [1, 1, 4, 4], "texture": "#1"},
				"up": {"uv": [1, 1, 4, 4], "texture": "#1"},
				"down": {"uv": [1, 1, 4, 4], "texture": "#1"}
			}
		},
		{
			"from": [6.5, 21.8, 0.8],
			"to": [9.5, 25.8, 2.8],
			"rotation": {"angle": -22.5, "axis": "x", "origin": [7.95549, 24.51041, 2.03411]},
			"faces": {
				"north": {"uv": [1, 1, 4, 4], "texture": "#1"},
				"east": {"uv": [1, 1, 4, 4], "texture": "#1"},
				"south": {"uv": [1, 1, 4, 4], "texture": "#1"},
				"west": {"uv": [1, 1, 4, 4], "texture": "#1"},
				"up": {"uv": [1, 1, 4, 4], "texture": "#1"},
				"down": {"uv": [1, 1, 4, 4], "texture": "#1"}
			}
		},
		{
			"from": [6.5, 21.9, 13],
			"to": [9.5, 25.8, 15],
			"rotation": {"angle": 22.5, "axis": "x", "origin": [7.97644, 24.48947, 14.03407]},
			"faces": {
				"north": {"uv": [1, 1, 4, 4], "texture": "#1"},
				"east": {"uv": [1, 1, 4, 4], "texture": "#1"},
				"south": {"uv": [1, 1, 4, 4], "texture": "#1"},
				"west": {"uv": [1, 1, 4, 4], "texture": "#1"},
				"up": {"uv": [1, 1, 4, 4], "texture": "#1"},
				"down": {"uv": [1, 1, 4, 4], "texture": "#1"}
			}
		}
	],
	"display": {
		"thirdperson_righthand": {
			"translation": [0, 12.5, 0],
			"scale": [0.85, 0.95, 0.85]
		},
		"firstperson_righthand": {
			"translation": [0.25, 1, 0],
			"scale": [0.45, 0.69, 0.4]
		},
		"gui": {
			"rotation": [-84, 53, 61],
			"translation": [-0.25, 0.25, 0],
			"scale": [0.39, 0.39, 0.39]
		}
	},
	"groups": [0, 1, 2, 3, 4, 5, 6, 7, 8, 9, 10, 11,
		{
			"name": "glow",
			"origin": [8, 8, 8],
			"children": [12, 13, 14, 15, 16, 17, 18, 19, 20, 21, 22, 23]
		}
	]
}