{
	"credit": "Made with Blockbench",
	"textures": {
		"2": "items/undynespear",
		"particle": "items/undynespear"
	},
	"elements": [
		{
			"from": [6.5, 21, 6.5],
			"to": [9.5, 25, 9.5],
			"faces": {
				"north": {"uv": [5, 1, 7, 3], "texture": "#2"},
				"east": {"uv": [5, 1, 7, 3], "texture": "#2"},
				"south": {"uv": [5, 1, 7, 3], "texture": "#2"},
				"west": {"uv": [5, 1, 7, 3], "texture": "#2"},
				"up": {"uv": [5, 1, 7, 3], "texture": "#2"},
				"down": {"uv": [5, 1, 7, 3], "texture": "#2"}
			}
		},
		{
			"from": [6.5, -7, 6.5],
			"to": [9.5, -2, 9.5],
			"faces": {
				"north": {"uv": [1, 5, 3, 7], "texture": "#2"},
				"east": {"uv": [1, 5, 3, 7], "texture": "#2"},
				"south": {"uv": [1, 5, 3, 7], "texture": "#2"},
				"west": {"uv": [1, 5, 3, 7], "texture": "#2"},
				"up": {"uv": [1, 5, 3, 7], "texture": "#2"},
				"down": {"uv": [1, 5, 3, 7], "texture": "#2"}
			}
		},
		{
			"from": [6, -11, 6],
			"to": [10, -7, 10],
			"faces": {
				"north": {"uv": [5, 5, 7, 7], "texture": "#2"},
				"east": {"uv": [5, 5, 7, 7], "texture": "#2"},
				"south": {"uv": [5, 5, 7, 7], "texture": "#2"},
				"west": {"uv": [5, 5, 7, 7], "texture": "#2"},
				"up": {"uv": [5, 5, 7, 7], "texture": "#2"},
				"down": {"uv": [5, 5, 7, 7], "texture": "#2"}
			}
		},
		{
			"from": [6, 13, 6],
			"to": [10, 17, 10],
			"faces": {
				"north": {"uv": [13, 1, 15, 3], "texture": "#2"},
				"east": {"uv": [13, 1, 15, 3], "texture": "#2"},
				"south": {"uv": [13, 1, 15, 3], "texture": "#2"},
				"west": {"uv": [13, 1, 15, 3], "texture": "#2"},
				"up": {"uv": [13, 1, 15, 3], "texture": "#2"},
				"down": {"uv": [13, 1, 15, 3], "texture": "#2"}
			}
		},
		{
			"from": [7, -2, 7],
			"to": [9, 13, 9],
			"faces": {
				"north": {"uv": [9, 1, 11, 3], "texture": "#2"},
				"east": {"uv": [9, 1, 11, 3], "texture": "#2"},
				"south": {"uv": [9, 1, 11, 3], "texture": "#2"},
				"west": {"uv": [9, 1, 11, 3], "texture": "#2"},
				"up": {"uv": [9, 1, 11, 3], "texture": "#2"},
				"down": {"uv": [9, 1, 11, 3], "texture": "#2"}
			}
		},
		{
			"from": [7, 17, 7],
			"to": [9, 21, 9],
			"faces": {
				"north": {"uv": [9, 1, 11, 3], "texture": "#2"},
				"east": {"uv": [9, 1, 11, 3], "texture": "#2"},
				"south": {"uv": [9, 1, 11, 3], "texture": "#2"},
				"west": {"uv": [9, 1, 11, 3], "texture": "#2"},
				"up": {"uv": [9, 1, 11, 3], "texture": "#2"},
				"down": {"uv": [9, 1, 11, 3], "texture": "#2"}
			}
		},
		{
			"from": [8, 24, 6],
			"to": [10, 30, 10],
			"rotation": {"angle": 22.5, "axis": "z", "origin": [8, 28, 8]},
			"faces": {
				"north": {"uv": [1, 1, 3, 3], "texture": "#2"},
				"east": {"uv": [1, 1, 3, 3], "texture": "#2"},
				"south": {"uv": [1, 1, 3, 3], "texture": "#2"},
				"west": {"uv": [1, 1, 3, 3], "texture": "#2"},
				"up": {"uv": [1, 1, 3, 3], "texture": "#2"},
				"down": {"uv": [1, 1, 3, 3], "texture": "#2"}
			}
		},
		{
			"from": [6.5, 24.31, 6],
			"to": [9.51, 28.31, 10],
			"rotation": {"angle": 0, "axis": "z", "origin": [8, 28, 8]},
			"faces": {
				"north": {"uv": [1, 1, 3, 3], "texture": "#2"},
				"east": {"uv": [1, 1, 3, 3], "texture": "#2"},
				"south": {"uv": [1, 1, 3, 3], "texture": "#2"},
				"west": {"uv": [1, 1, 3, 3], "texture": "#2"},
				"up": {"uv": [1, 1, 3, 3], "texture": "#2"},
				"down": {"uv": [1, 1, 3, 3], "texture": "#2"}
			}
		},
		{
			"from": [6, 24, 6],
			"to": [8, 30, 10],
			"rotation": {"angle": -22.5, "axis": "z", "origin": [8, 28, 8]},
			"faces": {
				"north": {"uv": [1, 1, 3, 3], "texture": "#2"},
				"east": {"uv": [1, 1, 3, 3], "texture": "#2"},
				"south": {"uv": [1, 1, 3, 3], "texture": "#2"},
				"west": {"uv": [1, 1, 3, 3], "texture": "#2"},
				"up": {"uv": [1, 1, 3, 3], "texture": "#2"},
				"down": {"uv": [1, 1, 3, 3], "texture": "#2"}
			}
		},
		{
			"from": [5.03, 23.95, 6],
			"to": [6.53, 25.48, 10],
			"rotation": {"angle": -45, "axis": "z", "origin": [14, 25, 6]},
			"faces": {
				"north": {"uv": [1, 1, 3, 3], "texture": "#2"},
				"east": {"uv": [1, 1, 3, 3], "texture": "#2"},
				"south": {"uv": [1, 1, 3, 3], "texture": "#2"},
				"west": {"uv": [1, 1, 3, 3], "texture": "#2"},
				"up": {"uv": [1, 1, 3, 3], "texture": "#2"},
				"down": {"uv": [1, 1, 3, 3], "texture": "#2"}
			}
		}
	],
	"display": {
		"thirdperson_righthand": {
			"rotation": [0, 90, 0],
			"translation": [0, 5.5, 0.25],
			"scale": [0.9, 0.93, 0.9]
		},
		"firstperson_righthand": {
			"rotation": [-8, -80, 0],
			"translation": [0.5, 3.25, 0],
			"scale": [0.4, 0.5, 0.4]
		},
		"gui": {
			"rotation": [0, 0, 39],
			"translation": [-0.25, -0.5, 0],
			"scale": [0.41, 0.41, 0.41]
		}
	},
	"groups": [0, 1, 2, 3, 4, 5,
		{
			"name": "group",
			"origin": [8, 8, 8],
			"children": [6, 7, 8, 9]
		}
	]
}