{
	"credit": "Made with Blockbench",
	"textures": {
		"1": "blocks/toriel_mask",
		"2": "blocks/toriel_ms"
	},
	"elements": [
		{
			"from": [-0.5, 13, 1],
			"to": [0.5, 16, 14],
			"rotation": {"angle": 0, "axis": "y", "origin": [8, 10, 8]},
			"faces": {
				"north": {"uv": [11, 0.5, 11.5, 2], "texture": "#1"},
				"east": {"uv": [16, 0.5, 11, 2], "texture": "#1"},
				"south": {"uv": [15.5, 0.5, 16, 2], "texture": "#1"},
				"west": {"uv": [11, 0.5, 16, 2], "texture": "#1"},
				"up": {"uv": [11, 0.5, 16, 1], "rotation": 90, "texture": "#1"},
				"down": {"uv": [11, 1.5, 16, 2], "rotation": 90, "texture": "#1"}
			}
		},
		{
			"from": [15.5, 13, 1],
			"to": [16.5, 16, 14],
			"rotation": {"angle": 0, "axis": "y", "origin": [8, 10, 8]},
			"faces": {
				"north": {"uv": [11, 0.5, 11.5, 2], "texture": "#1"},
				"east": {"uv": [16, 0.5, 11, 2], "texture": "#1"},
				"south": {"uv": [15.5, 0.5, 16, 2], "texture": "#1"},
				"west": {"uv": [11, 0.5, 16, 2], "texture": "#1"},
				"up": {"uv": [11, 0.5, 16, 1], "rotation": 90, "texture": "#1"},
				"down": {"uv": [11, 1.5, 16, 2], "rotation": 90, "texture": "#1"}
			}
		},
		{
			"from": [0.5, 13.5, 1],
			"to": [15.5, 15.5, 2],
			"rotation": {"angle": 0, "axis": "y", "origin": [8, 10, 8]},
			"faces": {
				"north": {"uv": [11, 1, 11.5, 2], "texture": "#1"},
				"east": {"uv": [11, 1, 11.5, 2], "texture": "#1"},
				"south": {"uv": [11, 1, 11.5, 2], "texture": "#1"},
				"west": {"uv": [11, 1, 11.5, 2], "texture": "#1"},
				"up": {"uv": [11, 1, 11.5, 2], "texture": "#1"},
				"down": {"uv": [11, 1, 11.5, 2], "texture": "#1"}
			}
		},
		{
			"from": [4.5, 0, 14],
			"to": [11.5, 1, 22],
			"faces": {
				"north": {"uv": [7.5, 3, 8, 3.5], "texture": "#2"},
				"east": {"uv": [7.5, 3, 8, 3.5], "texture": "#2"},
				"south": {"uv": [7.5, 3, 8, 3.5], "texture": "#2"},
				"west": {"uv": [7.5, 3, 8, 3.5], "texture": "#2"},
				"up": {"uv": [7.5, 3, 8, 3.5], "texture": "#2"},
				"down": {"uv": [7.5, 3, 8, 3.5], "texture": "#2"}
			}
		},
		{
			"from": [3.5, 1, 14],
			"to": [12.5, 2, 20],
			"faces": {
				"north": {"uv": [7.5, 3, 8, 3.5], "texture": "#2"},
				"east": {"uv": [7.5, 3, 8, 3.5], "texture": "#2"},
				"south": {"uv": [7.5, 3, 8, 3.5], "texture": "#2"},
				"west": {"uv": [7.5, 3, 8, 3.5], "texture": "#2"},
				"up": {"uv": [7.5, 3, 8, 3.5], "texture": "#2"},
				"down": {"uv": [7.5, 3, 8, 3.5], "texture": "#2"}
			}
		},
		{
			"from": [-4.5, -2, 14],
			"to": [-1.5, -1, 18],
			"faces": {
				"north": {"uv": [7.5, 3, 8, 3.5], "texture": "#2"},
				"east": {"uv": [7.5, 3, 8, 3.5], "texture": "#2"},
				"south": {"uv": [7.5, 3, 8, 3.5], "texture": "#2"},
				"west": {"uv": [7.5, 3, 8, 3.5], "texture": "#2"},
				"up": {"uv": [7.5, 3, 8, 3.5], "texture": "#2"},
				"down": {"uv": [7.5, 3, 8, 3.5], "texture": "#2"}
			}
		},
		{
			"from": [17.5, -2, 14],
			"to": [20.5, -1, 18],
			"rotation": {"angle": 0, "axis": "y", "origin": [8, 8, 24]},
			"faces": {
				"north": {"uv": [7.5, 3, 8, 3.5], "texture": "#2"},
				"east": {"uv": [7.5, 3, 8, 3.5], "texture": "#2"},
				"south": {"uv": [7.5, 3, 8, 3.5], "texture": "#2"},
				"west": {"uv": [7.5, 3, 8, 3.5], "texture": "#2"},
				"up": {"uv": [7.5, 3, 8, 3.5], "texture": "#2"},
				"down": {"uv": [7.5, 3, 8, 3.5], "texture": "#2"}
			}
		},
		{
			"from": [-4.5, -1, 18],
			"to": [-1.5, 1, 19],
			"faces": {
				"north": {"uv": [7.5, 3, 8, 3.5], "texture": "#2"},
				"east": {"uv": [7.5, 3, 8, 3.5], "texture": "#2"},
				"south": {"uv": [7.5, 3, 8, 3.5], "texture": "#2"},
				"west": {"uv": [7.5, 3, 8, 3.5], "texture": "#2"},
				"up": {"uv": [7.5, 3, 8, 3.5], "texture": "#2"},
				"down": {"uv": [7.5, 3, 8, 3.5], "texture": "#2"}
			}
		},
		{
			"from": [17.5, -1, 18],
			"to": [20.5, 1, 19],
			"rotation": {"angle": 0, "axis": "y", "origin": [8, 8, 29]},
			"faces": {
				"north": {"uv": [7.5, 3, 8, 3.5], "texture": "#2"},
				"east": {"uv": [7.5, 3, 8, 3.5], "texture": "#2"},
				"south": {"uv": [7.5, 3, 8, 3.5], "texture": "#2"},
				"west": {"uv": [7.5, 3, 8, 3.5], "texture": "#2"},
				"up": {"uv": [7.5, 3, 8, 3.5], "texture": "#2"},
				"down": {"uv": [7.5, 3, 8, 3.5], "texture": "#2"}
			}
		},
		{
			"from": [-5.5, 1, 18],
			"to": [-1.5, 3, 19],
			"faces": {
				"north": {"uv": [7.5, 3, 8, 3.5], "texture": "#2"},
				"east": {"uv": [7.5, 3, 8, 3.5], "texture": "#2"},
				"south": {"uv": [7.5, 3, 8, 3.5], "texture": "#2"},
				"west": {"uv": [7.5, 3, 8, 3.5], "texture": "#2"},
				"up": {"uv": [7.5, 3, 8, 3.5], "texture": "#2"},
				"down": {"uv": [7.5, 3, 8, 3.5], "texture": "#2"}
			}
		},
		{
			"from": [17.5, 1, 18],
			"to": [21.5, 3, 19],
			"rotation": {"angle": 0, "axis": "y", "origin": [8, 8, 29]},
			"faces": {
				"north": {"uv": [7.5, 3, 8, 3.5], "texture": "#2"},
				"east": {"uv": [7.5, 3, 8, 3.5], "texture": "#2"},
				"south": {"uv": [7.5, 3, 8, 3.5], "texture": "#2"},
				"west": {"uv": [7.5, 3, 8, 3.5], "texture": "#2"},
				"up": {"uv": [7.5, 3, 8, 3.5], "texture": "#2"},
				"down": {"uv": [7.5, 3, 8, 3.5], "texture": "#2"}
			}
		},
		{
			"from": [-4.5, 3, 19],
			"to": [-2.5, 4, 20],
			"faces": {
				"north": {"uv": [7.5, 3, 8, 3.5], "texture": "#2"},
				"east": {"uv": [7.5, 3, 8, 3.5], "texture": "#2"},
				"south": {"uv": [7.5, 3, 8, 3.5], "texture": "#2"},
				"west": {"uv": [7.5, 3, 8, 3.5], "texture": "#2"},
				"up": {"uv": [7.5, 3, 8, 3.5], "texture": "#2"},
				"down": {"uv": [7.5, 3, 8, 3.5], "texture": "#2"}
			}
		},
		{
			"from": [18.5, 3, 19],
			"to": [20.5, 4, 20],
			"rotation": {"angle": 0, "axis": "y", "origin": [8, 8, 31]},
			"faces": {
				"north": {"uv": [7.5, 3, 8, 3.5], "texture": "#2"},
				"east": {"uv": [7.5, 3, 8, 3.5], "texture": "#2"},
				"south": {"uv": [7.5, 3, 8, 3.5], "texture": "#2"},
				"west": {"uv": [7.5, 3, 8, 3.5], "texture": "#2"},
				"up": {"uv": [7.5, 3, 8, 3.5], "texture": "#2"},
				"down": {"uv": [7.5, 3, 8, 3.5], "texture": "#2"}
			}
		},
		{
			"from": [-5.5, 8, 20],
			"to": [-3.5, 9, 21],
			"faces": {
				"north": {"uv": [7.5, 3, 8, 3.5], "texture": "#2"},
				"east": {"uv": [7.5, 3, 8, 3.5], "texture": "#2"},
				"south": {"uv": [7.5, 3, 8, 3.5], "texture": "#2"},
				"west": {"uv": [7.5, 3, 8, 3.5], "texture": "#2"},
				"up": {"uv": [7.5, 3, 8, 3.5], "texture": "#2"},
				"down": {"uv": [7.5, 3, 8, 3.5], "texture": "#2"}
			}
		},
		{
			"from": [19.5, 8, 20],
			"to": [21.5, 9, 21],
			"rotation": {"angle": 0, "axis": "y", "origin": [8, 8, 37]},
			"faces": {
				"north": {"uv": [7.5, 3, 8, 3.5], "texture": "#2"},
				"east": {"uv": [7.5, 3, 8, 3.5], "texture": "#2"},
				"south": {"uv": [7.5, 3, 8, 3.5], "texture": "#2"},
				"west": {"uv": [7.5, 3, 8, 3.5], "texture": "#2"},
				"up": {"uv": [7.5, 3, 8, 3.5], "texture": "#2"},
				"down": {"uv": [7.5, 3, 8, 3.5], "texture": "#2"}
			}
		},
		{
			"from": [-5.5, 14, 20],
			"to": [-3.5, 17, 21],
			"faces": {
				"north": {"uv": [7.5, 3, 8, 3.5], "texture": "#2"},
				"east": {"uv": [7.5, 3, 8, 3.5], "texture": "#2"},
				"south": {"uv": [7.5, 3, 8, 3.5], "texture": "#2"},
				"west": {"uv": [7.5, 3, 8, 3.5], "texture": "#2"},
				"up": {"uv": [7.5, 3, 8, 3.5], "texture": "#2"},
				"down": {"uv": [7.5, 3, 8, 3.5], "texture": "#2"}
			}
		},
		{
			"from": [19.5, 14, 20],
			"to": [21.5, 17, 21],
			"rotation": {"angle": 0, "axis": "y", "origin": [8, 8, 33]},
			"faces": {
				"north": {"uv": [7.5, 3, 8, 3.5], "texture": "#2"},
				"east": {"uv": [7.5, 3, 8, 3.5], "texture": "#2"},
				"south": {"uv": [7.5, 3, 8, 3.5], "texture": "#2"},
				"west": {"uv": [7.5, 3, 8, 3.5], "texture": "#2"},
				"up": {"uv": [7.5, 3, 8, 3.5], "texture": "#2"},
				"down": {"uv": [7.5, 3, 8, 3.5], "texture": "#2"}
			}
		},
		{
			"from": [-4.5, 17, 20],
			"to": [-0.5, 18, 21],
			"faces": {
				"north": {"uv": [7.5, 3, 8, 3.5], "texture": "#2"},
				"east": {"uv": [7.5, 3, 8, 3.5], "texture": "#2"},
				"south": {"uv": [7.5, 3, 8, 3.5], "texture": "#2"},
				"west": {"uv": [7.5, 3, 8, 3.5], "texture": "#2"},
				"up": {"uv": [7.5, 3, 8, 3.5], "texture": "#2"},
				"down": {"uv": [7.5, 3, 8, 3.5], "texture": "#2"}
			}
		},
		{
			"from": [16.5, 17, 20],
			"to": [20.5, 18, 21],
			"rotation": {"angle": 0, "axis": "y", "origin": [8, 8, 33]},
			"faces": {
				"north": {"uv": [7.5, 3, 8, 3.5], "texture": "#2"},
				"east": {"uv": [7.5, 3, 8, 3.5], "texture": "#2"},
				"south": {"uv": [7.5, 3, 8, 3.5], "texture": "#2"},
				"west": {"uv": [7.5, 3, 8, 3.5], "texture": "#2"},
				"up": {"uv": [7.5, 3, 8, 3.5], "texture": "#2"},
				"down": {"uv": [7.5, 3, 8, 3.5], "texture": "#2"}
			}
		},
		{
			"from": [-4.5, 18, 20],
			"to": [-0.5, 19, 21],
			"faces": {
				"north": {"uv": [7.5, 3, 8, 3.5], "texture": "#2"},
				"east": {"uv": [7.5, 3, 8, 3.5], "texture": "#2"},
				"south": {"uv": [7.5, 3, 8, 3.5], "texture": "#2"},
				"west": {"uv": [7.5, 3, 8, 3.5], "texture": "#2"},
				"up": {"uv": [7.5, 3, 8, 3.5], "texture": "#2"},
				"down": {"uv": [7.5, 3, 8, 3.5], "texture": "#2"}
			}
		},
		{
			"from": [5.5, 18, 20],
			"to": [10.5, 19, 21],
			"faces": {
				"north": {"uv": [7.5, 3, 8, 3.5], "texture": "#2"},
				"east": {"uv": [7.5, 3, 8, 3.5], "texture": "#2"},
				"south": {"uv": [7.5, 3, 8, 3.5], "texture": "#2"},
				"west": {"uv": [7.5, 3, 8, 3.5], "texture": "#2"},
				"up": {"uv": [7.5, 3, 8, 3.5], "texture": "#2"},
				"down": {"uv": [7.5, 3, 8, 3.5], "texture": "#2"}
			}
		},
		{
			"from": [16.5, 18, 20],
			"to": [20.5, 19, 21],
			"rotation": {"angle": 0, "axis": "y", "origin": [8, 8, 33]},
			"faces": {
				"north": {"uv": [7.5, 3, 8, 3.5], "texture": "#2"},
				"east": {"uv": [7.5, 3, 8, 3.5], "texture": "#2"},
				"south": {"uv": [7.5, 3, 8, 3.5], "texture": "#2"},
				"west": {"uv": [7.5, 3, 8, 3.5], "texture": "#2"},
				"up": {"uv": [7.5, 3, 8, 3.5], "texture": "#2"},
				"down": {"uv": [7.5, 3, 8, 3.5], "texture": "#2"}
			}
		},
		{
			"from": [-3.5, 19, 20],
			"to": [19.5, 20, 21],
			"faces": {
				"north": {"uv": [7.5, 3, 8, 3.5], "texture": "#2"},
				"east": {"uv": [7.5, 3, 8, 3.5], "texture": "#2"},
				"south": {"uv": [7.5, 3, 8, 3.5], "texture": "#2"},
				"west": {"uv": [7.5, 3, 8, 3.5], "texture": "#2"},
				"up": {"uv": [7.5, 3, 8, 3.5], "texture": "#2"},
				"down": {"uv": [7.5, 3, 8, 3.5], "texture": "#2"}
			}
		},
		{
			"from": [-6.5, 9, 20],
			"to": [-3.5, 14, 21],
			"faces": {
				"north": {"uv": [7.5, 3, 8, 3.5], "texture": "#2"},
				"east": {"uv": [7.5, 3, 8, 3.5], "texture": "#2"},
				"south": {"uv": [7.5, 3, 8, 3.5], "texture": "#2"},
				"west": {"uv": [7.5, 3, 8, 3.5], "texture": "#2"},
				"up": {"uv": [7.5, 3, 8, 3.5], "texture": "#2"},
				"down": {"uv": [7.5, 3, 8, 3.5], "texture": "#2"}
			}
		},
		{
			"from": [19.5, 9, 20],
			"to": [22.5, 14, 21],
			"rotation": {"angle": 0, "axis": "y", "origin": [8, 8, 33]},
			"faces": {
				"north": {"uv": [7.5, 3, 8, 3.5], "texture": "#2"},
				"east": {"uv": [7.5, 3, 8, 3.5], "texture": "#2"},
				"south": {"uv": [7.5, 3, 8, 3.5], "texture": "#2"},
				"west": {"uv": [7.5, 3, 8, 3.5], "texture": "#2"},
				"up": {"uv": [7.5, 3, 8, 3.5], "texture": "#2"},
				"down": {"uv": [7.5, 3, 8, 3.5], "texture": "#2"}
			}
		},
		{
			"from": [-5.5, 4, 19],
			"to": [-2.5, 5, 20],
			"faces": {
				"north": {"uv": [7.5, 3, 8, 3.5], "texture": "#2"},
				"east": {"uv": [7.5, 3, 8, 3.5], "texture": "#2"},
				"south": {"uv": [7.5, 3, 8, 3.5], "texture": "#2"},
				"west": {"uv": [7.5, 3, 8, 3.5], "texture": "#2"},
				"up": {"uv": [7.5, 3, 8, 3.5], "texture": "#2"},
				"down": {"uv": [7.5, 3, 8, 3.5], "texture": "#2"}
			}
		},
		{
			"from": [18.5, 4, 19],
			"to": [21.5, 5, 20],
			"rotation": {"angle": 0, "axis": "y", "origin": [8, 8, 31]},
			"faces": {
				"north": {"uv": [7.5, 3, 8, 3.5], "texture": "#2"},
				"east": {"uv": [7.5, 3, 8, 3.5], "texture": "#2"},
				"south": {"uv": [7.5, 3, 8, 3.5], "texture": "#2"},
				"west": {"uv": [7.5, 3, 8, 3.5], "texture": "#2"},
				"up": {"uv": [7.5, 3, 8, 3.5], "texture": "#2"},
				"down": {"uv": [7.5, 3, 8, 3.5], "texture": "#2"}
			}
		},
		{
			"from": [-6.5, 5, 19],
			"to": [-2.5, 9, 20],
			"faces": {
				"north": {"uv": [7.5, 3, 8, 3.5], "texture": "#2"},
				"east": {"uv": [7.5, 3, 8, 3.5], "texture": "#2"},
				"south": {"uv": [7.5, 3, 8, 3.5], "texture": "#2"},
				"west": {"uv": [7.5, 3, 8, 3.5], "texture": "#2"},
				"up": {"uv": [7.5, 3, 8, 3.5], "texture": "#2"},
				"down": {"uv": [7.5, 3, 8, 3.5], "texture": "#2"}
			}
		},
		{
			"from": [18.5, 5, 19],
			"to": [22.5, 9, 20],
			"rotation": {"angle": 0, "axis": "y", "origin": [8, 8, 31]},
			"faces": {
				"north": {"uv": [7.5, 3, 8, 3.5], "texture": "#2"},
				"east": {"uv": [7.5, 3, 8, 3.5], "texture": "#2"},
				"south": {"uv": [7.5, 3, 8, 3.5], "texture": "#2"},
				"west": {"uv": [7.5, 3, 8, 3.5], "texture": "#2"},
				"up": {"uv": [7.5, 3, 8, 3.5], "texture": "#2"},
				"down": {"uv": [7.5, 3, 8, 3.5], "texture": "#2"}
			}
		},
		{
			"from": [-5.5, -1, 14],
			"to": [-0.5, 1, 18],
			"faces": {
				"north": {"uv": [7.5, 3, 8, 3.5], "texture": "#2"},
				"east": {"uv": [7.5, 3, 8, 3.5], "texture": "#2"},
				"south": {"uv": [7.5, 3, 8, 3.5], "texture": "#2"},
				"west": {"uv": [7.5, 3, 8, 3.5], "texture": "#2"},
				"up": {"uv": [7.5, 3, 8, 3.5], "texture": "#2"},
				"down": {"uv": [7.5, 3, 8, 3.5], "texture": "#2"}
			}
		},
		{
			"from": [16.5, -1, 14],
			"to": [21.5, 1, 18],
			"rotation": {"angle": 0, "axis": "y", "origin": [8, 8, 24]},
			"faces": {
				"north": {"uv": [7.5, 3, 8, 3.5], "texture": "#2"},
				"east": {"uv": [7.5, 3, 8, 3.5], "texture": "#2"},
				"south": {"uv": [7.5, 3, 8, 3.5], "texture": "#2"},
				"west": {"uv": [7.5, 3, 8, 3.5], "texture": "#2"},
				"up": {"uv": [7.5, 3, 8, 3.5], "texture": "#2"},
				"down": {"uv": [7.5, 3, 8, 3.5], "texture": "#2"}
			}
		},
		{
			"from": [-6.5, 1, 14],
			"to": [-0.5, 3, 18],
			"faces": {
				"north": {"uv": [7.5, 3, 8, 3.5], "texture": "#2"},
				"east": {"uv": [7.5, 3, 8, 3.5], "texture": "#2"},
				"south": {"uv": [7.5, 3, 8, 3.5], "texture": "#2"},
				"west": {"uv": [7.5, 3, 8, 3.5], "texture": "#2"},
				"up": {"uv": [7.5, 3, 8, 3.5], "texture": "#2"},
				"down": {"uv": [7.5, 3, 8, 3.5], "texture": "#2"}
			}
		},
		{
			"from": [16.5, 1, 14],
			"to": [22.5, 3, 18],
			"rotation": {"angle": 0, "axis": "y", "origin": [8, 8, 24]},
			"faces": {
				"north": {"uv": [7.5, 3, 8, 3.5], "texture": "#2"},
				"east": {"uv": [7.5, 3, 8, 3.5], "texture": "#2"},
				"south": {"uv": [7.5, 3, 8, 3.5], "texture": "#2"},
				"west": {"uv": [7.5, 3, 8, 3.5], "texture": "#2"},
				"up": {"uv": [7.5, 3, 8, 3.5], "texture": "#2"},
				"down": {"uv": [7.5, 3, 8, 3.5], "texture": "#2"}
			}
		},
		{
			"from": [-6.5, 3, 14],
			"to": [-1.5, 5, 19],
			"faces": {
				"north": {"uv": [7.5, 3, 8, 3.5], "texture": "#2"},
				"east": {"uv": [7.5, 3, 8, 3.5], "texture": "#2"},
				"south": {"uv": [7.5, 3, 8, 3.5], "texture": "#2"},
				"west": {"uv": [7.5, 3, 8, 3.5], "texture": "#2"},
				"up": {"uv": [7.5, 3, 8, 3.5], "texture": "#2"},
				"down": {"uv": [7.5, 3, 8, 3.5], "texture": "#2"}
			}
		},
		{
			"from": [17.5, 3, 14],
			"to": [22.5, 5, 19],
			"rotation": {"angle": 0, "axis": "y", "origin": [8, 8, 25]},
			"faces": {
				"north": {"uv": [7.5, 3, 8, 3.5], "texture": "#2"},
				"east": {"uv": [7.5, 3, 8, 3.5], "texture": "#2"},
				"south": {"uv": [7.5, 3, 8, 3.5], "texture": "#2"},
				"west": {"uv": [7.5, 3, 8, 3.5], "texture": "#2"},
				"up": {"uv": [7.5, 3, 8, 3.5], "texture": "#2"},
				"down": {"uv": [7.5, 3, 8, 3.5], "texture": "#2"}
			}
		},
		{
			"from": [-7.5, 9, 14],
			"to": [-2.5, 14, 20],
			"faces": {
				"north": {"uv": [7.5, 3, 8, 3.5], "texture": "#2"},
				"east": {"uv": [7.5, 3, 8, 3.5], "texture": "#2"},
				"south": {"uv": [7.5, 3, 8, 3.5], "texture": "#2"},
				"west": {"uv": [7.5, 3, 8, 3.5], "texture": "#2"},
				"up": {"uv": [7.5, 3, 8, 3.5], "texture": "#2"},
				"down": {"uv": [7.5, 3, 8, 3.5], "texture": "#2"}
			}
		},
		{
			"from": [18.5, 9, 14],
			"to": [23.5, 14, 20],
			"rotation": {"angle": 0, "axis": "y", "origin": [8, 8, 26]},
			"faces": {
				"north": {"uv": [7.5, 3, 8, 3.5], "texture": "#2"},
				"east": {"uv": [7.5, 3, 8, 3.5], "texture": "#2"},
				"south": {"uv": [7.5, 3, 8, 3.5], "texture": "#2"},
				"west": {"uv": [7.5, 3, 8, 3.5], "texture": "#2"},
				"up": {"uv": [7.5, 3, 8, 3.5], "texture": "#2"},
				"down": {"uv": [7.5, 3, 8, 3.5], "texture": "#2"}
			}
		},
		{
			"from": [-7.5, 8, 14],
			"to": [-2.5, 9, 19],
			"faces": {
				"north": {"uv": [7.5, 3, 8, 3.5], "texture": "#2"},
				"east": {"uv": [7.5, 3, 8, 3.5], "texture": "#2"},
				"south": {"uv": [7.5, 3, 8, 3.5], "texture": "#2"},
				"west": {"uv": [7.5, 3, 8, 3.5], "texture": "#2"},
				"up": {"uv": [7.5, 3, 8, 3.5], "texture": "#2"},
				"down": {"uv": [7.5, 3, 8, 3.5], "texture": "#2"}
			}
		},
		{
			"from": [18.5, 8, 14],
			"to": [23.5, 9, 19],
			"rotation": {"angle": 0, "axis": "y", "origin": [8, 8, 25]},
			"faces": {
				"north": {"uv": [7.5, 3, 8, 3.5], "texture": "#2"},
				"east": {"uv": [7.5, 3, 8, 3.5], "texture": "#2"},
				"south": {"uv": [7.5, 3, 8, 3.5], "texture": "#2"},
				"west": {"uv": [7.5, 3, 8, 3.5], "texture": "#2"},
				"up": {"uv": [7.5, 3, 8, 3.5], "texture": "#2"},
				"down": {"uv": [7.5, 3, 8, 3.5], "texture": "#2"}
			}
		},
		{
			"from": [-6.5, 14, 14],
			"to": [-2.5, 17, 20],
			"faces": {
				"north": {"uv": [7.5, 3, 8, 3.5], "texture": "#2"},
				"east": {"uv": [7.5, 3, 8, 3.5], "texture": "#2"},
				"south": {"uv": [7.5, 3, 8, 3.5], "texture": "#2"},
				"west": {"uv": [7.5, 3, 8, 3.5], "texture": "#2"},
				"up": {"uv": [7.5, 3, 8, 3.5], "texture": "#2"},
				"down": {"uv": [7.5, 3, 8, 3.5], "texture": "#2"}
			}
		},
		{
			"from": [18.5, 14, 14],
			"to": [22.5, 17, 20],
			"rotation": {"angle": 0, "axis": "y", "origin": [8, 8, 26]},
			"faces": {
				"north": {"uv": [7.5, 3, 8, 3.5], "texture": "#2"},
				"east": {"uv": [7.5, 3, 8, 3.5], "texture": "#2"},
				"south": {"uv": [7.5, 3, 8, 3.5], "texture": "#2"},
				"west": {"uv": [7.5, 3, 8, 3.5], "texture": "#2"},
				"up": {"uv": [7.5, 3, 8, 3.5], "texture": "#2"},
				"down": {"uv": [7.5, 3, 8, 3.5], "texture": "#2"}
			}
		},
		{
			"from": [-5.5, 17, 14],
			"to": [-0.5, 19, 20],
			"faces": {
				"north": {"uv": [7.5, 3, 8, 3.5], "texture": "#2"},
				"east": {"uv": [7.5, 3, 8, 3.5], "texture": "#2"},
				"south": {"uv": [7.5, 3, 8, 3.5], "texture": "#2"},
				"west": {"uv": [7.5, 3, 8, 3.5], "texture": "#2"},
				"up": {"uv": [7.5, 3, 8, 3.5], "texture": "#2"},
				"down": {"uv": [7.5, 3, 8, 3.5], "texture": "#2"}
			}
		},
		{
			"from": [16.5, 17, 14],
			"to": [21.5, 19, 20],
			"rotation": {"angle": 0, "axis": "y", "origin": [8, 8, 26]},
			"faces": {
				"north": {"uv": [7.5, 3, 8, 3.5], "texture": "#2"},
				"east": {"uv": [7.5, 3, 8, 3.5], "texture": "#2"},
				"south": {"uv": [7.5, 3, 8, 3.5], "texture": "#2"},
				"west": {"uv": [7.5, 3, 8, 3.5], "texture": "#2"},
				"up": {"uv": [7.5, 3, 8, 3.5], "texture": "#2"},
				"down": {"uv": [7.5, 3, 8, 3.5], "texture": "#2"}
			}
		},
		{
			"from": [-4.5, 19, 14],
			"to": [2.5, 20, 20],
			"faces": {
				"north": {"uv": [7.5, 3, 8, 3.5], "texture": "#2"},
				"east": {"uv": [7.5, 3, 8, 3.5], "texture": "#2"},
				"south": {"uv": [7.5, 3, 8, 3.5], "texture": "#2"},
				"west": {"uv": [7.5, 3, 8, 3.5], "texture": "#2"},
				"up": {"uv": [7.5, 3, 8, 3.5], "texture": "#2"},
				"down": {"uv": [7.5, 3, 8, 3.5], "texture": "#2"}
			}
		},
		{
			"from": [-3.5, 20, 14],
			"to": [19.5, 21, 20],
			"faces": {
				"north": {"uv": [7.5, 3, 8, 3.5], "texture": "#2"},
				"east": {"uv": [7.5, 3, 8, 3.5], "texture": "#2"},
				"south": {"uv": [7.5, 3, 8, 3.5], "texture": "#2"},
				"west": {"uv": [7.5, 3, 8, 3.5], "texture": "#2"},
				"up": {"uv": [7.5, 3, 8, 3.5], "texture": "#2"},
				"down": {"uv": [7.5, 3, 8, 3.5], "texture": "#2"}
			}
		},
		{
			"from": [-1.5, 21, 14],
			"to": [17.5, 22, 20],
			"faces": {
				"north": {"uv": [7.5, 3, 8, 3.5], "texture": "#2"},
				"east": {"uv": [7.5, 3, 8, 3.5], "texture": "#2"},
				"south": {"uv": [7.5, 3, 8, 3.5], "texture": "#2"},
				"west": {"uv": [7.5, 3, 8, 3.5], "texture": "#2"},
				"up": {"uv": [7.5, 3, 8, 3.5], "texture": "#2"},
				"down": {"uv": [7.5, 3, 8, 3.5], "texture": "#2"}
			}
		},
		{
			"from": [2.5, 22, 14],
			"to": [13.5, 23, 20],
			"faces": {
				"north": {"uv": [7.5, 3, 8, 3.5], "texture": "#2"},
				"east": {"uv": [7.5, 3, 8, 3.5], "texture": "#2"},
				"south": {"uv": [7.5, 3, 8, 3.5], "texture": "#2"},
				"west": {"uv": [7.5, 3, 8, 3.5], "texture": "#2"},
				"up": {"uv": [7.5, 3, 8, 3.5], "texture": "#2"},
				"down": {"uv": [7.5, 3, 8, 3.5], "texture": "#2"}
			}
		},
		{
			"from": [1.5, 22, 17],
			"to": [2.5, 23, 20],
			"faces": {
				"north": {"uv": [7.5, 3, 8, 3.5], "texture": "#2"},
				"east": {"uv": [7.5, 3, 8, 3.5], "texture": "#2"},
				"south": {"uv": [7.5, 3, 8, 3.5], "texture": "#2"},
				"west": {"uv": [7.5, 3, 8, 3.5], "texture": "#2"},
				"up": {"uv": [7.5, 3, 8, 3.5], "texture": "#2"},
				"down": {"uv": [7.5, 3, 8, 3.5], "texture": "#2"}
			}
		},
		{
			"from": [-1.5, 22, 17],
			"to": [1.5, 24, 20],
			"faces": {
				"north": {"uv": [7.5, 3, 8, 3.5], "texture": "#2"},
				"east": {"uv": [7.5, 3, 8, 3.5], "texture": "#2"},
				"south": {"uv": [7.5, 3, 8, 3.5], "texture": "#2"},
				"west": {"uv": [7.5, 3, 8, 3.5], "texture": "#2"},
				"up": {"uv": [7.5, 3, 8, 3.5], "texture": "#2"},
				"down": {"uv": [7.5, 3, 8, 3.5], "texture": "#2"}
			}
		},
		{
			"from": [14.5, 22, 17],
			"to": [17.5, 24, 20],
			"rotation": {"angle": 0, "axis": "y", "origin": [24, 8, 8]},
			"faces": {
				"north": {"uv": [7.5, 3, 8, 3.5], "texture": "#2"},
				"east": {"uv": [7.5, 3, 8, 3.5], "texture": "#2"},
				"south": {"uv": [7.5, 3, 8, 3.5], "texture": "#2"},
				"west": {"uv": [7.5, 3, 8, 3.5], "texture": "#2"},
				"up": {"uv": [7.5, 3, 8, 3.5], "texture": "#2"},
				"down": {"uv": [7.5, 3, 8, 3.5], "texture": "#2"}
			}
		},
		{
			"from": [-1.5, 24, 17],
			"to": [0.5, 26, 20],
			"faces": {
				"north": {"uv": [7.5, 3, 8, 3.5], "texture": "#2"},
				"east": {"uv": [7.5, 3, 8, 3.5], "texture": "#2"},
				"south": {"uv": [7.5, 3, 8, 3.5], "texture": "#2"},
				"west": {"uv": [7.5, 3, 8, 3.5], "texture": "#2"},
				"up": {"uv": [7.5, 3, 8, 3.5], "texture": "#2"},
				"down": {"uv": [7.5, 3, 8, 3.5], "texture": "#2"}
			}
		},
		{
			"from": [15.5, 24, 17],
			"to": [17.5, 26, 20],
			"rotation": {"angle": 0, "axis": "y", "origin": [25, 8, 8]},
			"faces": {
				"north": {"uv": [7.5, 3, 8, 3.5], "texture": "#2"},
				"east": {"uv": [7.5, 3, 8, 3.5], "texture": "#2"},
				"south": {"uv": [7.5, 3, 8, 3.5], "texture": "#2"},
				"west": {"uv": [7.5, 3, 8, 3.5], "texture": "#2"},
				"up": {"uv": [7.5, 3, 8, 3.5], "texture": "#2"},
				"down": {"uv": [7.5, 3, 8, 3.5], "texture": "#2"}
			}
		},
		{
			"from": [-0.5, 26, 19],
			"to": [1.5, 27, 21],
			"faces": {
				"north": {"uv": [7.5, 3, 8, 3.5], "texture": "#2"},
				"east": {"uv": [7.5, 3, 8, 3.5], "texture": "#2"},
				"south": {"uv": [7.5, 3, 8, 3.5], "texture": "#2"},
				"west": {"uv": [7.5, 3, 8, 3.5], "texture": "#2"},
				"up": {"uv": [7.5, 3, 8, 3.5], "texture": "#2"},
				"down": {"uv": [7.5, 3, 8, 3.5], "texture": "#2"}
			}
		},
		{
			"from": [14.5, 26, 19],
			"to": [16.5, 27, 21],
			"rotation": {"angle": 0, "axis": "y", "origin": [24, 8, 8]},
			"faces": {
				"north": {"uv": [7.5, 3, 8, 3.5], "texture": "#2"},
				"east": {"uv": [7.5, 3, 8, 3.5], "texture": "#2"},
				"south": {"uv": [7.5, 3, 8, 3.5], "texture": "#2"},
				"west": {"uv": [7.5, 3, 8, 3.5], "texture": "#2"},
				"up": {"uv": [7.5, 3, 8, 3.5], "texture": "#2"},
				"down": {"uv": [7.5, 3, 8, 3.5], "texture": "#2"}
			}
		},
		{
			"from": [-0.5, 22, 20],
			"to": [1.5, 24, 21],
			"faces": {
				"north": {"uv": [7.5, 3, 8, 3.5], "texture": "#2"},
				"east": {"uv": [7.5, 3, 8, 3.5], "texture": "#2"},
				"south": {"uv": [7.5, 3, 8, 3.5], "texture": "#2"},
				"west": {"uv": [7.5, 3, 8, 3.5], "texture": "#2"},
				"up": {"uv": [7.5, 3, 8, 3.5], "texture": "#2"},
				"down": {"uv": [7.5, 3, 8, 3.5], "texture": "#2"}
			}
		},
		{
			"from": [14.5, 22, 20],
			"to": [16.5, 24, 21],
			"rotation": {"angle": 0, "axis": "y", "origin": [23, 8, 8]},
			"faces": {
				"north": {"uv": [7.5, 3, 8, 3.5], "texture": "#2"},
				"east": {"uv": [7.5, 3, 8, 3.5], "texture": "#2"},
				"south": {"uv": [7.5, 3, 8, 3.5], "texture": "#2"},
				"west": {"uv": [7.5, 3, 8, 3.5], "texture": "#2"},
				"up": {"uv": [7.5, 3, 8, 3.5], "texture": "#2"},
				"down": {"uv": [7.5, 3, 8, 3.5], "texture": "#2"}
			}
		},
		{
			"from": [-0.5, 24, 20],
			"to": [0.5, 26, 21],
			"faces": {
				"north": {"uv": [7.5, 3, 8, 3.5], "texture": "#2"},
				"east": {"uv": [7.5, 3, 8, 3.5], "texture": "#2"},
				"south": {"uv": [7.5, 3, 8, 3.5], "texture": "#2"},
				"west": {"uv": [7.5, 3, 8, 3.5], "texture": "#2"},
				"up": {"uv": [7.5, 3, 8, 3.5], "texture": "#2"},
				"down": {"uv": [7.5, 3, 8, 3.5], "texture": "#2"}
			}
		},
		{
			"from": [15.5, 24, 20],
			"to": [16.5, 26, 21],
			"rotation": {"angle": 0, "axis": "y", "origin": [24, 8, 8]},
			"faces": {
				"north": {"uv": [7.5, 3, 8, 3.5], "texture": "#2"},
				"east": {"uv": [7.5, 3, 8, 3.5], "texture": "#2"},
				"south": {"uv": [7.5, 3, 8, 3.5], "texture": "#2"},
				"west": {"uv": [7.5, 3, 8, 3.5], "texture": "#2"},
				"up": {"uv": [7.5, 3, 8, 3.5], "texture": "#2"},
				"down": {"uv": [7.5, 3, 8, 3.5], "texture": "#2"}
			}
		},
		{
			"from": [13.5, 22, 17],
			"to": [14.5, 23, 20],
			"faces": {
				"north": {"uv": [7.5, 3, 8, 3.5], "texture": "#2"},
				"east": {"uv": [7.5, 3, 8, 3.5], "texture": "#2"},
				"south": {"uv": [7.5, 3, 8, 3.5], "texture": "#2"},
				"west": {"uv": [7.5, 3, 8, 3.5], "texture": "#2"},
				"up": {"uv": [7.5, 3, 8, 3.5], "texture": "#2"},
				"down": {"uv": [7.5, 3, 8, 3.5], "texture": "#2"}
			}
		},
		{
			"from": [3.5, 23, 14],
			"to": [12.5, 24, 20],
			"faces": {
				"north": {"uv": [7.5, 3, 8, 3.5], "texture": "#2"},
				"east": {"uv": [7.5, 3, 8, 3.5], "texture": "#2"},
				"south": {"uv": [7.5, 3, 8, 3.5], "texture": "#2"},
				"west": {"uv": [7.5, 3, 8, 3.5], "texture": "#2"},
				"up": {"uv": [7.5, 3, 8, 3.5], "texture": "#2"},
				"down": {"uv": [7.5, 3, 8, 3.5], "texture": "#2"}
			}
		},
		{
			"from": [3.5, 22, 20],
			"to": [12.5, 23, 21],
			"faces": {
				"north": {"uv": [7.5, 3, 8, 3.5], "texture": "#2"},
				"east": {"uv": [7.5, 3, 8, 3.5], "texture": "#2"},
				"south": {"uv": [7.5, 3, 8, 3.5], "texture": "#2"},
				"west": {"uv": [7.5, 3, 8, 3.5], "texture": "#2"},
				"up": {"uv": [7.5, 3, 8, 3.5], "texture": "#2"},
				"down": {"uv": [7.5, 3, 8, 3.5], "texture": "#2"}
			}
		},
		{
			"from": [2.5, 19, 14],
			"to": [13.5, 20, 15],
			"faces": {
				"north": {"uv": [7.5, 3, 8, 3.5], "texture": "#2"},
				"east": {"uv": [7.5, 3, 8, 3.5], "texture": "#2"},
				"south": {"uv": [7.5, 3, 8, 3.5], "texture": "#2"},
				"west": {"uv": [7.5, 3, 8, 3.5], "texture": "#2"},
				"up": {"uv": [7.5, 3, 8, 3.5], "texture": "#2"},
				"down": {"uv": [7.5, 3, 8, 3.5], "texture": "#2"}
			}
		},
		{
			"from": [1.5, 21, 20],
			"to": [14.5, 22, 21],
			"faces": {
				"north": {"uv": [7.5, 3, 8, 3.5], "texture": "#2"},
				"east": {"uv": [7.5, 3, 8, 3.5], "texture": "#2"},
				"south": {"uv": [7.5, 3, 8, 3.5], "texture": "#2"},
				"west": {"uv": [7.5, 3, 8, 3.5], "texture": "#2"},
				"up": {"uv": [7.5, 3, 8, 3.5], "texture": "#2"},
				"down": {"uv": [7.5, 3, 8, 3.5], "texture": "#2"}
			}
		},
		{
			"from": [-1.5, 20, 20],
			"to": [17.5, 21, 21],
			"faces": {
				"north": {"uv": [7.5, 3, 8, 3.5], "texture": "#2"},
				"east": {"uv": [7.5, 3, 8, 3.5], "texture": "#2"},
				"south": {"uv": [7.5, 3, 8, 3.5], "texture": "#2"},
				"west": {"uv": [7.5, 3, 8, 3.5], "texture": "#2"},
				"up": {"uv": [7.5, 3, 8, 3.5], "texture": "#2"},
				"down": {"uv": [7.5, 3, 8, 3.5], "texture": "#2"}
			}
		},
		{
			"from": [13.5, 19, 14],
			"to": [20.5, 20, 20],
			"rotation": {"angle": 0, "axis": "y", "origin": [8, 8, 26]},
			"faces": {
				"north": {"uv": [7.5, 3, 8, 3.5], "texture": "#2"},
				"east": {"uv": [7.5, 3, 8, 3.5], "texture": "#2"},
				"south": {"uv": [7.5, 3, 8, 3.5], "texture": "#2"},
				"west": {"uv": [7.5, 3, 8, 3.5], "texture": "#2"},
				"up": {"uv": [7.5, 3, 8, 3.5], "texture": "#2"},
				"down": {"uv": [7.5, 3, 8, 3.5], "texture": "#2"}
			}
		},
		{
			"from": [-7.5, 5, 14],
			"to": [-1.5, 8, 19],
			"faces": {
				"north": {"uv": [7.5, 3, 8, 3.5], "texture": "#2"},
				"east": {"uv": [7.5, 3, 8, 3.5], "texture": "#2"},
				"south": {"uv": [7.5, 3, 8, 3.5], "texture": "#2"},
				"west": {"uv": [7.5, 3, 8, 3.5], "texture": "#2"},
				"up": {"uv": [7.5, 3, 8, 3.5], "texture": "#2"},
				"down": {"uv": [7.5, 3, 8, 3.5], "texture": "#2"}
			}
		},
		{
			"from": [17.5, 5, 14],
			"to": [23.5, 8, 19],
			"rotation": {"angle": 0, "axis": "y", "origin": [8, 8, 25]},
			"faces": {
				"north": {"uv": [7.5, 3, 8, 3.5], "texture": "#2"},
				"east": {"uv": [7.5, 3, 8, 3.5], "texture": "#2"},
				"south": {"uv": [7.5, 3, 8, 3.5], "texture": "#2"},
				"west": {"uv": [7.5, 3, 8, 3.5], "texture": "#2"},
				"up": {"uv": [7.5, 3, 8, 3.5], "texture": "#2"},
				"down": {"uv": [7.5, 3, 8, 3.5], "texture": "#2"}
			}
		},
		{
			"from": [2.5, 2, 14],
			"to": [13.5, 3, 20],
			"faces": {
				"north": {"uv": [7.5, 3, 8, 3.5], "texture": "#2"},
				"east": {"uv": [7.5, 3, 8, 3.5], "texture": "#2"},
				"south": {"uv": [7.5, 3, 8, 3.5], "texture": "#2"},
				"west": {"uv": [7.5, 3, 8, 3.5], "texture": "#2"},
				"up": {"uv": [7.5, 3, 8, 3.5], "texture": "#2"},
				"down": {"uv": [7.5, 3, 8, 3.5], "texture": "#2"}
			}
		},
		{
			"from": [1.5, 3, 14],
			"to": [14.5, 5, 20],
			"faces": {
				"north": {"uv": [7.5, 3, 8, 3.5], "texture": "#2"},
				"east": {"uv": [7.5, 3, 8, 3.5], "texture": "#2"},
				"south": {"uv": [7.5, 3, 8, 3.5], "texture": "#2"},
				"west": {"uv": [7.5, 3, 8, 3.5], "texture": "#2"},
				"up": {"uv": [7.5, 3, 8, 3.5], "texture": "#2"},
				"down": {"uv": [7.5, 3, 8, 3.5], "texture": "#2"}
			}
		},
		{
			"from": [0.5, 5, 14],
			"to": [15.5, 8, 20],
			"faces": {
				"north": {"uv": [7.5, 3, 8, 3.5], "texture": "#2"},
				"east": {"uv": [7.5, 3, 8, 3.5], "texture": "#2"},
				"south": {"uv": [7.5, 3, 8, 3.5], "texture": "#2"},
				"west": {"uv": [7.5, 3, 8, 3.5], "texture": "#2"},
				"up": {"uv": [7.5, 3, 8, 3.5], "texture": "#2"},
				"down": {"uv": [7.5, 3, 8, 3.5], "texture": "#2"}
			}
		},
		{
			"from": [-0.5, 8, 14],
			"to": [16.5, 11, 20],
			"faces": {
				"north": {"uv": [7.5, 3, 8, 3.5], "texture": "#2"},
				"east": {"uv": [7.5, 3, 8, 3.5], "texture": "#2"},
				"south": {"uv": [7.5, 3, 8, 3.5], "texture": "#2"},
				"west": {"uv": [7.5, 3, 8, 3.5], "texture": "#2"},
				"up": {"uv": [7.5, 3, 8, 3.5], "texture": "#2"},
				"down": {"uv": [7.5, 3, 8, 3.5], "texture": "#2"}
			}
		},
		{
			"from": [-0.5, 11, 14],
			"to": [16.5, 19, 15],
			"faces": {
				"north": {"uv": [7.5, 3, 8, 3.5], "texture": "#2"},
				"east": {"uv": [7.5, 3, 8, 3.5], "texture": "#2"},
				"south": {"uv": [7.5, 3, 8, 3.5], "texture": "#2"},
				"west": {"uv": [7.5, 3, 8, 3.5], "texture": "#2"},
				"up": {"uv": [7.5, 3, 8, 3.5], "texture": "#2"},
				"down": {"uv": [7.5, 3, 8, 3.5], "texture": "#2"}
			}
		},
		{
			"from": [-1.5, 11, 14],
			"to": [-0.5, 17, 20],
			"faces": {
				"north": {"uv": [7.5, 3, 8, 3.5], "texture": "#2"},
				"east": {"uv": [7.5, 3, 8, 3.5], "texture": "#2"},
				"south": {"uv": [7.5, 3, 8, 3.5], "texture": "#2"},
				"west": {"uv": [7.5, 3, 8, 3.5], "texture": "#2"},
				"up": {"uv": [7.5, 3, 8, 3.5], "texture": "#2"},
				"down": {"uv": [7.5, 3, 8, 3.5], "texture": "#2"}
			}
		},
		{
			"from": [16.5, 11, 14],
			"to": [17.5, 17, 20],
			"rotation": {"angle": 0, "axis": "y", "origin": [24, 8, 8]},
			"faces": {
				"north": {"uv": [7.5, 3, 8, 3.5], "texture": "#2"},
				"east": {"uv": [7.5, 3, 8, 3.5], "texture": "#2"},
				"south": {"uv": [7.5, 3, 8, 3.5], "texture": "#2"},
				"west": {"uv": [7.5, 3, 8, 3.5], "texture": "#2"},
				"up": {"uv": [7.5, 3, 8, 3.5], "texture": "#2"},
				"down": {"uv": [7.5, 3, 8, 3.5], "texture": "#2"}
			}
		},
		{
			"from": [-0.5, 11, 20],
			"to": [0.5, 13, 21],
			"faces": {
				"north": {"uv": [7.5, 3, 8, 3.5], "texture": "#2"},
				"east": {"uv": [7.5, 3, 8, 3.5], "texture": "#2"},
				"south": {"uv": [7.5, 3, 8, 3.5], "texture": "#2"},
				"west": {"uv": [7.5, 3, 8, 3.5], "texture": "#2"},
				"up": {"uv": [7.5, 3, 8, 3.5], "texture": "#2"},
				"down": {"uv": [7.5, 3, 8, 3.5], "texture": "#2"}
			}
		},
		{
			"from": [15.5, 11, 20],
			"to": [16.5, 13, 21],
			"rotation": {"angle": 0, "axis": "y", "origin": [24, 8, 8]},
			"faces": {
				"north": {"uv": [7.5, 3, 8, 3.5], "texture": "#2"},
				"east": {"uv": [7.5, 3, 8, 3.5], "texture": "#2"},
				"south": {"uv": [7.5, 3, 8, 3.5], "texture": "#2"},
				"west": {"uv": [7.5, 3, 8, 3.5], "texture": "#2"},
				"up": {"uv": [7.5, 3, 8, 3.5], "texture": "#2"},
				"down": {"uv": [7.5, 3, 8, 3.5], "texture": "#2"}
			}
		},
		{
			"from": [0.5, 11, 20],
			"to": [1.5, 12, 21],
			"faces": {
				"north": {"uv": [7.5, 3, 8, 3.5], "texture": "#2"},
				"east": {"uv": [7.5, 3, 8, 3.5], "texture": "#2"},
				"south": {"uv": [7.5, 3, 8, 3.5], "texture": "#2"},
				"west": {"uv": [7.5, 3, 8, 3.5], "texture": "#2"},
				"up": {"uv": [7.5, 3, 8, 3.5], "texture": "#2"},
				"down": {"uv": [7.5, 3, 8, 3.5], "texture": "#2"}
			}
		},
		{
			"from": [14.5, 11, 20],
			"to": [15.5, 12, 21],
			"rotation": {"angle": 0, "axis": "y", "origin": [22, 8, 8]},
			"faces": {
				"north": {"uv": [7.5, 3, 8, 3.5], "texture": "#2"},
				"east": {"uv": [7.5, 3, 8, 3.5], "texture": "#2"},
				"south": {"uv": [7.5, 3, 8, 3.5], "texture": "#2"},
				"west": {"uv": [7.5, 3, 8, 3.5], "texture": "#2"},
				"up": {"uv": [7.5, 3, 8, 3.5], "texture": "#2"},
				"down": {"uv": [7.5, 3, 8, 3.5], "texture": "#2"}
			}
		},
		{
			"from": [0.5, 8, 20],
			"to": [15.5, 11, 21],
			"faces": {
				"north": {"uv": [7.5, 3, 8, 3.5], "texture": "#2"},
				"east": {"uv": [7.5, 3, 8, 3.5], "texture": "#2"},
				"south": {"uv": [7.5, 3, 8, 3.5], "texture": "#2"},
				"west": {"uv": [7.5, 3, 8, 3.5], "texture": "#2"},
				"up": {"uv": [7.5, 3, 8, 3.5], "texture": "#2"},
				"down": {"uv": [7.5, 3, 8, 3.5], "texture": "#2"}
			}
		},
		{
			"from": [4.5, 1, 20],
			"to": [5.5, 2, 23],
			"faces": {
				"north": {"uv": [7.5, 3, 8, 3.5], "texture": "#2"},
				"east": {"uv": [7.5, 3, 8, 3.5], "texture": "#2"},
				"south": {"uv": [7.5, 3, 8, 3.5], "texture": "#2"},
				"west": {"uv": [7.5, 3, 8, 3.5], "texture": "#2"},
				"up": {"uv": [7.5, 3, 8, 3.5], "texture": "#2"},
				"down": {"uv": [7.5, 3, 8, 3.5], "texture": "#2"}
			}
		},
		{
			"from": [4.5, 2, 20],
			"to": [5.5, 3, 24],
			"rotation": {"angle": 0, "axis": "y", "origin": [8, 9, 8]},
			"faces": {
				"north": {"uv": [7.5, 3, 8, 3.5], "texture": "#2"},
				"east": {"uv": [7.5, 3, 8, 3.5], "texture": "#2"},
				"south": {"uv": [7.5, 3, 8, 3.5], "texture": "#2"},
				"west": {"uv": [7.5, 3, 8, 3.5], "texture": "#2"},
				"up": {"uv": [7.5, 3, 8, 3.5], "texture": "#2"},
				"down": {"uv": [7.5, 3, 8, 3.5], "texture": "#2"}
			}
		},
		{
			"from": [3.5, 2, 20],
			"to": [4.5, 3, 23],
			"faces": {
				"north": {"uv": [7.5, 3, 8, 3.5], "texture": "#2"},
				"east": {"uv": [7.5, 3, 8, 3.5], "texture": "#2"},
				"south": {"uv": [7.5, 3, 8, 3.5], "texture": "#2"},
				"west": {"uv": [7.5, 3, 8, 3.5], "texture": "#2"},
				"up": {"uv": [7.5, 3, 8, 3.5], "texture": "#2"},
				"down": {"uv": [7.5, 3, 8, 3.5], "texture": "#2"}
			}
		},
		{
			"from": [3.5, 3, 20],
			"to": [4.5, 4, 24],
			"rotation": {"angle": 0, "axis": "y", "origin": [8, 9, 8]},
			"faces": {
				"north": {"uv": [7.5, 3, 8, 3.5], "texture": "#2"},
				"east": {"uv": [7.5, 3, 8, 3.5], "texture": "#2"},
				"south": {"uv": [7.5, 3, 8, 3.5], "texture": "#2"},
				"west": {"uv": [7.5, 3, 8, 3.5], "texture": "#2"},
				"up": {"uv": [7.5, 3, 8, 3.5], "texture": "#2"},
				"down": {"uv": [7.5, 3, 8, 3.5], "texture": "#2"}
			}
		},
		{
			"from": [11.5, 2, 20],
			"to": [12.5, 3, 23],
			"rotation": {"angle": 0, "axis": "y", "origin": [16, 8, 8]},
			"faces": {
				"north": {"uv": [7.5, 3, 8, 3.5], "texture": "#2"},
				"east": {"uv": [7.5, 3, 8, 3.5], "texture": "#2"},
				"south": {"uv": [7.5, 3, 8, 3.5], "texture": "#2"},
				"west": {"uv": [7.5, 3, 8, 3.5], "texture": "#2"},
				"up": {"uv": [7.5, 3, 8, 3.5], "texture": "#2"},
				"down": {"uv": [7.5, 3, 8, 3.5], "texture": "#2"}
			}
		},
		{
			"from": [11.5, 3, 20],
			"to": [12.5, 4, 24],
			"rotation": {"angle": 0, "axis": "y", "origin": [16, 9, 8]},
			"faces": {
				"north": {"uv": [7.5, 3, 8, 3.5], "texture": "#2"},
				"east": {"uv": [7.5, 3, 8, 3.5], "texture": "#2"},
				"south": {"uv": [7.5, 3, 8, 3.5], "texture": "#2"},
				"west": {"uv": [7.5, 3, 8, 3.5], "texture": "#2"},
				"up": {"uv": [7.5, 3, 8, 3.5], "texture": "#2"},
				"down": {"uv": [7.5, 3, 8, 3.5], "texture": "#2"}
			}
		},
		{
			"from": [2.5, 3, 20],
			"to": [3.5, 4, 23],
			"faces": {
				"north": {"uv": [7.5, 3, 8, 3.5], "texture": "#2"},
				"east": {"uv": [7.5, 3, 8, 3.5], "texture": "#2"},
				"south": {"uv": [7.5, 3, 8, 3.5], "texture": "#2"},
				"west": {"uv": [7.5, 3, 8, 3.5], "texture": "#2"},
				"up": {"uv": [7.5, 3, 8, 3.5], "texture": "#2"},
				"down": {"uv": [7.5, 3, 8, 3.5], "texture": "#2"}
			}
		},
		{
			"from": [2.5, 4, 20],
			"to": [3.5, 5, 24],
			"rotation": {"angle": 0, "axis": "y", "origin": [8, 9, 8]},
			"faces": {
				"north": {"uv": [7.5, 3, 8, 3.5], "texture": "#2"},
				"east": {"uv": [7.5, 3, 8, 3.5], "texture": "#2"},
				"south": {"uv": [7.5, 3, 8, 3.5], "texture": "#2"},
				"west": {"uv": [7.5, 3, 8, 3.5], "texture": "#2"},
				"up": {"uv": [7.5, 3, 8, 3.5], "texture": "#2"},
				"down": {"uv": [7.5, 3, 8, 3.5], "texture": "#2"}
			}
		},
		{
			"from": [1.5, 4, 20],
			"to": [2.5, 8, 24],
			"faces": {
				"north": {"uv": [7.5, 3, 8, 3.5], "texture": "#2"},
				"east": {"uv": [7.5, 3, 8, 3.5], "texture": "#2"},
				"south": {"uv": [7.5, 3, 8, 3.5], "texture": "#2"},
				"west": {"uv": [7.5, 3, 8, 3.5], "texture": "#2"},
				"up": {"uv": [7.5, 3, 8, 3.5], "texture": "#2"},
				"down": {"uv": [7.5, 3, 8, 3.5], "texture": "#2"}
			}
		},
		{
			"from": [2.5, 5, 20],
			"to": [13.5, 8, 25],
			"faces": {
				"north": {"uv": [7.5, 3, 8, 3.5], "texture": "#2"},
				"east": {"uv": [7.5, 3, 8, 3.5], "texture": "#2"},
				"south": {"uv": [7.5, 3, 8, 3.5], "texture": "#2"},
				"west": {"uv": [7.5, 3, 8, 3.5], "texture": "#2"},
				"up": {"uv": [7.5, 3, 8, 3.5], "texture": "#2"},
				"down": {"uv": [7.5, 3, 8, 3.5], "texture": "#2"}
			}
		},
		{
			"from": [13.5, 4, 20],
			"to": [14.5, 8, 24],
			"faces": {
				"north": {"uv": [7.5, 3, 8, 3.5], "texture": "#2"},
				"east": {"uv": [7.5, 3, 8, 3.5], "texture": "#2"},
				"south": {"uv": [7.5, 3, 8, 3.5], "texture": "#2"},
				"west": {"uv": [7.5, 3, 8, 3.5], "texture": "#2"},
				"up": {"uv": [7.5, 3, 8, 3.5], "texture": "#2"},
				"down": {"uv": [7.5, 3, 8, 3.5], "texture": "#2"}
			}
		},
		{
			"from": [12.5, 3, 20],
			"to": [13.5, 4, 23],
			"rotation": {"angle": 0, "axis": "y", "origin": [16, 8, 8]},
			"faces": {
				"north": {"uv": [7.5, 3, 8, 3.5], "texture": "#2"},
				"east": {"uv": [7.5, 3, 8, 3.5], "texture": "#2"},
				"south": {"uv": [7.5, 3, 8, 3.5], "texture": "#2"},
				"west": {"uv": [7.5, 3, 8, 3.5], "texture": "#2"},
				"up": {"uv": [7.5, 3, 8, 3.5], "texture": "#2"},
				"down": {"uv": [7.5, 3, 8, 3.5], "texture": "#2"}
			}
		},
		{
			"from": [12.5, 4, 20],
			"to": [13.5, 5, 24],
			"rotation": {"angle": 0, "axis": "y", "origin": [16, 9, 8]},
			"faces": {
				"north": {"uv": [7.5, 3, 8, 3.5], "texture": "#2"},
				"east": {"uv": [7.5, 3, 8, 3.5], "texture": "#2"},
				"south": {"uv": [7.5, 3, 8, 3.5], "texture": "#2"},
				"west": {"uv": [7.5, 3, 8, 3.5], "texture": "#2"},
				"up": {"uv": [7.5, 3, 8, 3.5], "texture": "#2"},
				"down": {"uv": [7.5, 3, 8, 3.5], "texture": "#2"}
			}
		},
		{
			"from": [10.5, 1, 20],
			"to": [11.5, 2, 23],
			"faces": {
				"north": {"uv": [7.5, 3, 8, 3.5], "texture": "#2"},
				"east": {"uv": [7.5, 3, 8, 3.5], "texture": "#2"},
				"south": {"uv": [7.5, 3, 8, 3.5], "texture": "#2"},
				"west": {"uv": [7.5, 3, 8, 3.5], "texture": "#2"},
				"up": {"uv": [7.5, 3, 8, 3.5], "texture": "#2"},
				"down": {"uv": [7.5, 3, 8, 3.5], "texture": "#2"}
			}
		},
		{
			"from": [10.5, 2, 20],
			"to": [11.5, 3, 24],
			"rotation": {"angle": 0, "axis": "y", "origin": [8, 9, 8]},
			"faces": {
				"north": {"uv": [7.5, 3, 8, 3.5], "texture": "#2"},
				"east": {"uv": [7.5, 3, 8, 3.5], "texture": "#2"},
				"south": {"uv": [7.5, 3, 8, 3.5], "texture": "#2"},
				"west": {"uv": [7.5, 3, 8, 3.5], "texture": "#2"},
				"up": {"uv": [7.5, 3, 8, 3.5], "texture": "#2"},
				"down": {"uv": [7.5, 3, 8, 3.5], "texture": "#2"}
			}
		},
		{
			"from": [4.5, 3, 23],
			"to": [11.5, 4, 25],
			"faces": {
				"north": {"uv": [7.5, 3, 8, 3.5], "texture": "#2"},
				"east": {"uv": [7.5, 3, 8, 3.5], "texture": "#2"},
				"south": {"uv": [7.5, 3, 8, 3.5], "texture": "#2"},
				"west": {"uv": [7.5, 3, 8, 3.5], "texture": "#2"},
				"up": {"uv": [7.5, 3, 8, 3.5], "texture": "#2"},
				"down": {"uv": [7.5, 3, 8, 3.5], "texture": "#2"}
			}
		},
		{
			"from": [3.5, 4, 23],
			"to": [12.5, 5, 25],
			"faces": {
				"north": {"uv": [7.5, 3, 8, 3.5], "texture": "#2"},
				"east": {"uv": [7.5, 3, 8, 3.5], "texture": "#2"},
				"south": {"uv": [7.5, 3, 8, 3.5], "texture": "#2"},
				"west": {"uv": [7.5, 3, 8, 3.5], "texture": "#2"},
				"up": {"uv": [7.5, 3, 8, 3.5], "texture": "#2"},
				"down": {"uv": [7.5, 3, 8, 3.5], "texture": "#2"}
			}
		},
		{
			"from": [4.5, 4, 25],
			"to": [11.5, 5, 26],
			"faces": {
				"north": {"uv": [7.5, 3, 8, 3.5], "texture": "#2"},
				"east": {"uv": [7.5, 3, 8, 3.5], "texture": "#2"},
				"south": {"uv": [7.5, 3, 8, 3.5], "texture": "#2"},
				"west": {"uv": [7.5, 3, 8, 3.5], "texture": "#2"},
				"up": {"uv": [7.5, 3, 8, 3.5], "texture": "#2"},
				"down": {"uv": [7.5, 3, 8, 3.5], "texture": "#2"}
			}
		},
		{
			"from": [3.5, 5, 25],
			"to": [12.5, 6, 26],
			"faces": {
				"north": {"uv": [7.5, 3, 8, 3.5], "texture": "#2"},
				"east": {"uv": [7.5, 3, 8, 3.5], "texture": "#2"},
				"south": {"uv": [7.5, 3, 8, 3.5], "texture": "#2"},
				"west": {"uv": [7.5, 3, 8, 3.5], "texture": "#2"},
				"up": {"uv": [7.5, 3, 8, 3.5], "texture": "#2"},
				"down": {"uv": [7.5, 3, 8, 3.5], "texture": "#2"}
			}
		},
		{
			"from": [3.5, 6, 25],
			"to": [5.5, 7, 26],
			"faces": {
				"north": {"uv": [7.5, 3, 8, 3.5], "texture": "#2"},
				"east": {"uv": [7.5, 3, 8, 3.5], "texture": "#2"},
				"south": {"uv": [7.5, 3, 8, 3.5], "texture": "#2"},
				"west": {"uv": [7.5, 3, 8, 3.5], "texture": "#2"},
				"up": {"uv": [7.5, 3, 8, 3.5], "texture": "#2"},
				"down": {"uv": [7.5, 3, 8, 3.5], "texture": "#2"}
			}
		},
		{
			"from": [4.5, 7, 25],
			"to": [11.5, 8, 26],
			"faces": {
				"north": {"uv": [7.5, 3, 8, 3.5], "texture": "#2"},
				"east": {"uv": [7.5, 3, 8, 3.5], "texture": "#2"},
				"south": {"uv": [7.5, 3, 8, 3.5], "texture": "#2"},
				"west": {"uv": [7.5, 3, 8, 3.5], "texture": "#2"},
				"up": {"uv": [7.5, 3, 8, 3.5], "texture": "#2"},
				"down": {"uv": [7.5, 3, 8, 3.5], "texture": "#2"}
			}
		},
		{
			"from": [10.5, 6, 25],
			"to": [12.5, 7, 26],
			"faces": {
				"north": {"uv": [7.5, 3, 8, 3.5], "texture": "#2"},
				"east": {"uv": [7.5, 3, 8, 3.5], "texture": "#2"},
				"south": {"uv": [7.5, 3, 8, 3.5], "texture": "#2"},
				"west": {"uv": [7.5, 3, 8, 3.5], "texture": "#2"},
				"up": {"uv": [7.5, 3, 8, 3.5], "texture": "#2"},
				"down": {"uv": [7.5, 3, 8, 3.5], "texture": "#2"}
			}
		},
		{
			"from": [5.5, 5, 26],
			"to": [10.5, 6, 27],
			"faces": {
				"north": {"uv": [7.5, 3, 8, 3.5], "texture": "#2"},
				"east": {"uv": [7.5, 3, 8, 3.5], "texture": "#2"},
				"south": {"uv": [7.5, 3, 8, 3.5], "texture": "#2"},
				"west": {"uv": [7.5, 3, 8, 3.5], "texture": "#2"},
				"up": {"uv": [7.5, 3, 8, 3.5], "texture": "#2"},
				"down": {"uv": [7.5, 3, 8, 3.5], "texture": "#2"}
			}
		},
		{
			"from": [5.5, 7, 26],
			"to": [10.5, 8, 27],
			"faces": {
				"north": {"uv": [7.5, 3, 8, 3.5], "texture": "#2"},
				"east": {"uv": [7.5, 3, 8, 3.5], "texture": "#2"},
				"south": {"uv": [7.5, 3, 8, 3.5], "texture": "#2"},
				"west": {"uv": [7.5, 3, 8, 3.5], "texture": "#2"},
				"up": {"uv": [7.5, 3, 8, 3.5], "texture": "#2"},
				"down": {"uv": [7.5, 3, 8, 3.5], "texture": "#2"}
			}
		},
		{
			"from": [5.5, 8, 25],
			"to": [10.5, 9, 26],
			"faces": {
				"north": {"uv": [7.5, 3, 8, 3.5], "texture": "#2"},
				"east": {"uv": [7.5, 3, 8, 3.5], "texture": "#2"},
				"south": {"uv": [7.5, 3, 8, 3.5], "texture": "#2"},
				"west": {"uv": [7.5, 3, 8, 3.5], "texture": "#2"},
				"up": {"uv": [7.5, 3, 8, 3.5], "texture": "#2"},
				"down": {"uv": [7.5, 3, 8, 3.5], "texture": "#2"}
			}
		},
		{
			"from": [5.5, 9, 24],
			"to": [10.5, 10, 25],
			"faces": {
				"north": {"uv": [7.5, 3, 8, 3.5], "texture": "#2"},
				"east": {"uv": [7.5, 3, 8, 3.5], "texture": "#2"},
				"south": {"uv": [7.5, 3, 8, 3.5], "texture": "#2"},
				"west": {"uv": [7.5, 3, 8, 3.5], "texture": "#2"},
				"up": {"uv": [7.5, 3, 8, 3.5], "texture": "#2"},
				"down": {"uv": [7.5, 3, 8, 3.5], "texture": "#2"}
			}
		},
		{
			"from": [5.5, 10, 21],
			"to": [10.5, 11, 22],
			"faces": {
				"north": {"uv": [7.5, 3, 8, 3.5], "texture": "#2"},
				"east": {"uv": [7.5, 3, 8, 3.5], "texture": "#2"},
				"south": {"uv": [7.5, 3, 8, 3.5], "texture": "#2"},
				"west": {"uv": [7.5, 3, 8, 3.5], "texture": "#2"},
				"up": {"uv": [7.5, 3, 8, 3.5], "texture": "#2"},
				"down": {"uv": [7.5, 3, 8, 3.5], "texture": "#2"}
			}
		},
		{
			"from": [7.5, 12, 21],
			"to": [8.5, 17, 22],
			"faces": {
				"north": {"uv": [7.5, 3, 8, 3.5], "texture": "#2"},
				"east": {"uv": [7.5, 3, 8, 3.5], "texture": "#2"},
				"south": {"uv": [7.5, 3, 8, 3.5], "texture": "#2"},
				"west": {"uv": [7.5, 3, 8, 3.5], "texture": "#2"},
				"up": {"uv": [7.5, 3, 8, 3.5], "texture": "#2"},
				"down": {"uv": [7.5, 3, 8, 3.5], "texture": "#2"}
			}
		},
		{
			"from": [-1.5, 13, 20],
			"to": [-0.5, 17, 21],
			"rotation": {"angle": 0, "axis": "y", "origin": [8, 7, 7]},
			"faces": {
				"north": {"uv": [7.5, 3, 8, 3.5], "texture": "#2"},
				"east": {"uv": [7.5, 3, 8, 3.5], "texture": "#2"},
				"south": {"uv": [7.5, 3, 8, 3.5], "texture": "#2"},
				"west": {"uv": [7.5, 3, 8, 3.5], "texture": "#2"},
				"up": {"uv": [7.5, 3, 8, 3.5], "texture": "#2"},
				"down": {"uv": [7.5, 3, 8, 3.5], "texture": "#2"}
			}
		},
		{
			"from": [16.5, 13, 20],
			"to": [17.5, 17, 21],
			"rotation": {"angle": 0, "axis": "y", "origin": [24, 7, 7]},
			"faces": {
				"north": {"uv": [7.5, 3, 8, 3.5], "texture": "#2"},
				"east": {"uv": [7.5, 3, 8, 3.5], "texture": "#2"},
				"south": {"uv": [7.5, 3, 8, 3.5], "texture": "#2"},
				"west": {"uv": [7.5, 3, 8, 3.5], "texture": "#2"},
				"up": {"uv": [7.5, 3, 8, 3.5], "texture": "#2"},
				"down": {"uv": [7.5, 3, 8, 3.5], "texture": "#2"}
			}
		},
		{
			"from": [6.5, 11, 21],
			"to": [9.5, 12, 22],
			"faces": {
				"north": {"uv": [7.5, 3, 8, 3.5], "texture": "#2"},
				"east": {"uv": [7.5, 3, 8, 3.5], "texture": "#2"},
				"south": {"uv": [7.5, 3, 8, 3.5], "texture": "#2"},
				"west": {"uv": [7.5, 3, 8, 3.5], "texture": "#2"},
				"up": {"uv": [7.5, 3, 8, 3.5], "texture": "#2"},
				"down": {"uv": [7.5, 3, 8, 3.5], "texture": "#2"}
			}
		},
		{
			"from": [2.5, 11, 20],
			"to": [13.5, 12, 21],
			"faces": {
				"north": {"uv": [7.5, 3, 8, 3.5], "texture": "#2"},
				"east": {"uv": [7.5, 3, 8, 3.5], "texture": "#2"},
				"south": {"uv": [7.5, 3, 8, 3.5], "texture": "#2"},
				"west": {"uv": [7.5, 3, 8, 3.5], "texture": "#2"},
				"up": {"uv": [7.5, 3, 8, 3.5], "texture": "#2"},
				"down": {"uv": [7.5, 3, 8, 3.5], "texture": "#2"}
			}
		},
		{
			"from": [5.5, 12, 20],
			"to": [10.5, 14, 21],
			"faces": {
				"north": {"uv": [7.5, 3, 8, 3.5], "texture": "#2"},
				"east": {"uv": [7.5, 3, 8, 3.5], "texture": "#2"},
				"south": {"uv": [7.5, 3, 8, 3.5], "texture": "#2"},
				"west": {"uv": [7.5, 3, 8, 3.5], "texture": "#2"},
				"up": {"uv": [7.5, 3, 8, 3.5], "texture": "#2"},
				"down": {"uv": [7.5, 3, 8, 3.5], "texture": "#2"}
			}
		},
		{
			"from": [6.5, 14, 20],
			"to": [9.5, 16, 21],
			"faces": {
				"north": {"uv": [7.5, 3, 8, 3.5], "texture": "#2"},
				"east": {"uv": [7.5, 3, 8, 3.5], "texture": "#2"},
				"south": {"uv": [7.5, 3, 8, 3.5], "texture": "#2"},
				"west": {"uv": [7.5, 3, 8, 3.5], "texture": "#2"},
				"up": {"uv": [7.5, 3, 8, 3.5], "texture": "#2"},
				"down": {"uv": [7.5, 3, 8, 3.5], "texture": "#2"}
			}
		},
		{
			"from": [6.5, 16, 20],
			"to": [9.5, 17, 21],
			"faces": {
				"north": {"uv": [7.5, 3, 8, 3.5], "texture": "#2"},
				"east": {"uv": [7.5, 3, 8, 3.5], "texture": "#2"},
				"south": {"uv": [7.5, 3, 8, 3.5], "texture": "#2"},
				"west": {"uv": [7.5, 3, 8, 3.5], "texture": "#2"},
				"up": {"uv": [7.5, 3, 8, 3.5], "texture": "#2"},
				"down": {"uv": [7.5, 3, 8, 3.5], "texture": "#2"}
			}
		},
		{
			"from": [4.5, 17, 20],
			"to": [11.5, 18, 22],
			"faces": {
				"north": {"uv": [7.5, 3, 8, 3.5], "texture": "#2"},
				"east": {"uv": [7.5, 3, 8, 3.5], "texture": "#2"},
				"south": {"uv": [7.5, 3, 8, 3.5], "texture": "#2"},
				"west": {"uv": [7.5, 3, 8, 3.5], "texture": "#2"},
				"up": {"uv": [7.5, 3, 8, 3.5], "texture": "#2"},
				"down": {"uv": [7.5, 3, 8, 3.5], "texture": "#2"}
			}
		},
		{
			"from": [-0.5, 18, 20],
			"to": [5.5, 19, 22],
			"faces": {
				"north": {"uv": [7.5, 3, 8, 3.5], "texture": "#2"},
				"east": {"uv": [7.5, 3, 8, 3.5], "texture": "#2"},
				"south": {"uv": [7.5, 3, 8, 3.5], "texture": "#2"},
				"west": {"uv": [7.5, 3, 8, 3.5], "texture": "#2"},
				"up": {"uv": [7.5, 3, 8, 3.5], "texture": "#2"},
				"down": {"uv": [7.5, 3, 8, 3.5], "texture": "#2"}
			}
		},
		{
			"from": [10.5, 18, 20],
			"to": [16.5, 19, 22],
			"faces": {
				"north": {"uv": [7.5, 3, 8, 3.5], "texture": "#2"},
				"east": {"uv": [7.5, 3, 8, 3.5], "texture": "#2"},
				"south": {"uv": [7.5, 3, 8, 3.5], "texture": "#2"},
				"west": {"uv": [7.5, 3, 8, 3.5], "texture": "#2"},
				"up": {"uv": [7.5, 3, 8, 3.5], "texture": "#2"},
				"down": {"uv": [7.5, 3, 8, 3.5], "texture": "#2"}
			}
		},
		{
			"from": [4.5, 9, 22],
			"to": [11.5, 10, 24],
			"faces": {
				"north": {"uv": [7.5, 3, 8, 3.5], "texture": "#2"},
				"east": {"uv": [7.5, 3, 8, 3.5], "texture": "#2"},
				"south": {"uv": [7.5, 3, 8, 3.5], "texture": "#2"},
				"west": {"uv": [7.5, 3, 8, 3.5], "texture": "#2"},
				"up": {"uv": [7.5, 3, 8, 3.5], "texture": "#2"},
				"down": {"uv": [7.5, 3, 8, 3.5], "texture": "#2"}
			}
		},
		{
			"from": [3.5, 8, 21],
			"to": [12.5, 9, 25],
			"faces": {
				"north": {"uv": [7.5, 3, 8, 3.5], "texture": "#2"},
				"east": {"uv": [7.5, 3, 8, 3.5], "texture": "#2"},
				"south": {"uv": [7.5, 3, 8, 3.5], "texture": "#2"},
				"west": {"uv": [7.5, 3, 8, 3.5], "texture": "#2"},
				"up": {"uv": [7.5, 3, 8, 3.5], "texture": "#2"},
				"down": {"uv": [7.5, 3, 8, 3.5], "texture": "#2"}
			}
		},
		{
			"from": [1.5, 8, 21],
			"to": [3.5, 9, 22],
			"faces": {
				"north": {"uv": [7.5, 3, 8, 3.5], "texture": "#2"},
				"east": {"uv": [7.5, 3, 8, 3.5], "texture": "#2"},
				"south": {"uv": [7.5, 3, 8, 3.5], "texture": "#2"},
				"west": {"uv": [7.5, 3, 8, 3.5], "texture": "#2"},
				"up": {"uv": [7.5, 3, 8, 3.5], "texture": "#2"},
				"down": {"uv": [7.5, 3, 8, 3.5], "texture": "#2"}
			}
		},
		{
			"from": [2.5, 9, 21],
			"to": [13.5, 10, 22],
			"faces": {
				"north": {"uv": [7.5, 3, 8, 3.5], "texture": "#2"},
				"east": {"uv": [7.5, 3, 8, 3.5], "texture": "#2"},
				"south": {"uv": [7.5, 3, 8, 3.5], "texture": "#2"},
				"west": {"uv": [7.5, 3, 8, 3.5], "texture": "#2"},
				"up": {"uv": [7.5, 3, 8, 3.5], "texture": "#2"},
				"down": {"uv": [7.5, 3, 8, 3.5], "texture": "#2"}
			}
		},
		{
			"from": [12.5, 8, 21],
			"to": [14.5, 9, 22],
			"rotation": {"angle": 0, "axis": "y", "origin": [19, 8, 8]},
			"faces": {
				"north": {"uv": [7.5, 3, 8, 3.5], "texture": "#2"},
				"east": {"uv": [7.5, 3, 8, 3.5], "texture": "#2"},
				"south": {"uv": [7.5, 3, 8, 3.5], "texture": "#2"},
				"west": {"uv": [7.5, 3, 8, 3.5], "texture": "#2"},
				"up": {"uv": [7.5, 3, 8, 3.5], "texture": "#2"},
				"down": {"uv": [7.5, 3, 8, 3.5], "texture": "#2"}
			}
		},
		{
			"from": [2.5, 8, 22],
			"to": [3.5, 9, 23],
			"faces": {
				"north": {"uv": [7.5, 3, 8, 3.5], "texture": "#2"},
				"east": {"uv": [7.5, 3, 8, 3.5], "texture": "#2"},
				"south": {"uv": [7.5, 3, 8, 3.5], "texture": "#2"},
				"west": {"uv": [7.5, 3, 8, 3.5], "texture": "#2"},
				"up": {"uv": [7.5, 3, 8, 3.5], "texture": "#2"},
				"down": {"uv": [7.5, 3, 8, 3.5], "texture": "#2"}
			}
		},
		{
			"from": [12.5, 8, 22],
			"to": [13.5, 9, 23],
			"rotation": {"angle": 0, "axis": "y", "origin": [19, 8, 8]},
			"faces": {
				"north": {"uv": [7.5, 3, 8, 3.5], "texture": "#2"},
				"east": {"uv": [7.5, 3, 8, 3.5], "texture": "#2"},
				"south": {"uv": [7.5, 3, 8, 3.5], "texture": "#2"},
				"west": {"uv": [7.5, 3, 8, 3.5], "texture": "#2"},
				"up": {"uv": [7.5, 3, 8, 3.5], "texture": "#2"},
				"down": {"uv": [7.5, 3, 8, 3.5], "texture": "#2"}
			}
		},
		{
			"from": [6.5, 6, 26],
			"to": [9.5, 7, 27],
			"faces": {
				"north": {"uv": [7.5, 3, 8, 3.5], "texture": "#2"},
				"east": {"uv": [7.5, 3, 8, 3.5], "texture": "#2"},
				"south": {"uv": [7.5, 3, 8, 3.5], "texture": "#2"},
				"west": {"uv": [7.5, 3, 8, 3.5], "texture": "#2"},
				"up": {"uv": [7.5, 3, 8, 3.5], "texture": "#2"},
				"down": {"uv": [7.5, 3, 8, 3.5], "texture": "#2"}
			}
		},
		{
			"from": [5.5, 0, 22],
			"to": [10.5, 1, 23],
			"faces": {
				"north": {"uv": [7.5, 3, 8, 3.5], "texture": "#2"},
				"east": {"uv": [7.5, 3, 8, 3.5], "texture": "#2"},
				"south": {"uv": [7.5, 3, 8, 3.5], "texture": "#2"},
				"west": {"uv": [7.5, 3, 8, 3.5], "texture": "#2"},
				"up": {"uv": [7.5, 3, 8, 3.5], "texture": "#2"},
				"down": {"uv": [7.5, 3, 8, 3.5], "texture": "#2"}
			}
		},
		{
			"from": [5.5, 1, 23],
			"to": [10.5, 2, 24],
			"faces": {
				"north": {"uv": [7.5, 3, 8, 3.5], "texture": "#2"},
				"east": {"uv": [7.5, 3, 8, 3.5], "texture": "#2"},
				"south": {"uv": [7.5, 3, 8, 3.5], "texture": "#2"},
				"west": {"uv": [7.5, 3, 8, 3.5], "texture": "#2"},
				"up": {"uv": [7.5, 3, 8, 3.5], "texture": "#2"},
				"down": {"uv": [7.5, 3, 8, 3.5], "texture": "#2"}
			}
		},
		{
			"from": [5.5, 2, 22],
			"to": [10.5, 3, 23],
			"faces": {
				"north": {"uv": [0.5, 1.5, 1, 2], "texture": "#2"},
				"east": {"uv": [0.5, 1.5, 1, 2], "texture": "#2"},
				"south": {"uv": [0.5, 1.5, 1, 2], "texture": "#2"},
				"west": {"uv": [0.5, 1.5, 1, 2], "texture": "#2"},
				"up": {"uv": [0.5, 1.5, 1, 2], "texture": "#2"},
				"down": {"uv": [0.5, 1.5, 1, 2], "texture": "#2"}
			}
		},
		{
			"from": [5.5, 6, 25],
			"to": [10.5, 7, 26],
			"faces": {
				"north": {"uv": [0.5, 1.5, 1, 2], "texture": "#2"},
				"east": {"uv": [0.5, 1.5, 1, 2], "texture": "#2"},
				"south": {"uv": [0.5, 1.5, 1, 2], "texture": "#2"},
				"west": {"uv": [0.5, 1.5, 1, 2], "texture": "#2"},
				"up": {"uv": [0.5, 1.5, 1, 2], "texture": "#2"},
				"down": {"uv": [0.5, 1.5, 1, 2], "texture": "#2"}
			}
		},
		{
			"from": [-0.5, 11, 19],
			"to": [16.5, 20, 20],
			"faces": {
				"north": {"uv": [7.5, 3, 8.5, 4], "texture": "#2"},
				"east": {"uv": [7.5, 3, 8.5, 4], "texture": "#2"},
				"south": {"uv": [3.5, 5, 12, 9.5], "texture": "#2"},
				"west": {"uv": [7.5, 3, 8.5, 4], "texture": "#2"},
				"up": {"uv": [7.5, 3, 8.5, 4], "texture": "#2"},
				"down": {"uv": [7.5, 3, 8.5, 4], "texture": "#2"}
			}
		}
	],
	"display": {
		"gui": {
			"translation": [0, -1.95, 0],
			"scale": [0.45, 0.45, 0.45]
		},
		"head": {
			"rotation": [0, 180, 0],
			"translation": [0, -2.25, 1.35],
			"scale": [0.9, 0.9, 0.9]
		},
		"fixed": {
			"rotation": [0, 180, 0],
			"translation": [0, 0, 3.7]
		}
	},
	"groups": [
		{
			"name": "mask",
			"origin": [8, 8, 8],
			"children": [0, 1, 2]
		},
		{
			"name": "face",
			"origin": [8, 8, 8],
			"children": [3, 4, 5, 6, 7, 8, 9, 10, 11, 12, 13, 14, 15, 16, 17, 18, 19, 20, 21, 22, 23, 24, 25, 26, 27, 28, 29, 30, 31, 32, 33, 34, 35, 36, 37, 38, 39, 40, 41, 42, 43, 44, 45, 46, 47, 48, 49, 50, 51, 52, 53, 54, 55, 56, 57, 58, 59, 60, 61, 62, 63, 64, 65, 66, 67, 68, 69, 70, 71, 72, 73, 74, 75, 76, 77, 78, 79, 80, 81, 82, 83, 84, 85, 86, 87, 88, 89, 90, 91, 92, 93, 94, 95, 96, 97, 98, 99, 100, 101, 102, 103, 104, 105, 106, 107, 108, 109, 110, 111, 112, 113, 114, 115, 116, 117, 118, 119, 120, 121, 122, 123, 124, 125, 126]
		},
		{
			"name": "void",
			"origin": [8, 8, 8],
			"children": [127, 128, 129]
		}
	]
}