{
    "__comment": "Model generated using MrCrayfish's Model Creator (https://mrcrayfish.com/tools?id=mc)",
    "textures": {
        "particle": "minecraft:items/doock",
        "doock": "minecraft:items/doock"
    },
    "display": {
        "gui": {
            "rotation": [ 0, 0, 0 ],
            "translation": [ -0.5, 0, 0 ],
            "scale": [ 1.5, 1.5, 1.5 ]
        },
        "ground": {
            "rotation": [ 0, 0, 0 ],
            "translation": [ 0, 3, 0 ],
            "scale": [ 0.75, 0.75, 0.75 ]
        },
        "fixed": {
            "rotation": [ 0, 180, 0 ],
            "translation": [ 0, 1, 0 ],
            "scale": [ 1.25, 1.25, 1.25 ]
        },
        "head": {
            "rotation": [ 0, 180, 0 ],
            "translation": [ 0, 0, 0 ],
            "scale": [ 1.5, 1.5, 1.5 ]
        },
        "firstperson": {
            "rotation": [ 0, 140, 0 ],
            "translation": [ -3, 6, 3 ],
            "scale": [ 1, 1, 1 ]
        },
        "thirdperson": {
            "rotation": [ 198, 346, 15 ],
            "translation": [ 0, 0,  -3],
            "scale": [ 0.6, 0.6, 0.6 ]
        }
    },
    "elements": [
        {
            "name": "Element",
            "from": [ 6, 0, 5 ], 
            "to": [ 10, 1, 12 ], 
            "faces": {
                "north": { "texture": "#doock", "uv": [ 6, 9, 10, 10 ] },
                "east": { "texture": "#doock", "uv": [ 4, 8, 11, 9 ] },
                "south": { "texture": "#doock", "uv": [ 6, 8, 10, 9 ] },
                "west": { "texture": "#doock", "uv": [ 5, 9, 12, 10 ] },
                "down": { "texture": "#doock", "uv": [ 6, 9, 10, 12 ] }
            }
        },
        {
            "name": "Element",
            "from": [ 6, 1, 4 ], 
            "to": [ 10, 2, 13 ], 
            "faces": {
                "north": { "texture": "#doock", "uv": [ 7, 9, 11, 10 ] },
                "east": { "texture": "#doock", "uv": [ 4, 10, 13, 11 ] },
                "south": { "texture": "#doock", "uv": [ 6, 8, 10, 9 ] },
                "west": { "texture": "#doock", "uv": [ 2, 10, 13, 11 ] },
                "down": { "texture": "#doock", "uv": [ 4, 7, 13, 13 ] }
            }
        },
        {
            "name": "Element",
            "from": [ 5, 1, 5 ], 
            "to": [ 11, 2, 12 ], 
            "faces": {
                "north": { "texture": "#doock", "uv": [ 5, 9, 11, 10 ] },
                "east": { "texture": "#doock", "uv": [ 4, 10, 12, 11 ] },
                "south": { "texture": "#doock", "uv": [ 5, 10, 12, 11 ] },
                "west": { "texture": "#doock", "uv": [ 4, 11, 12, 12 ] },
                "down": { "texture": "#doock", "uv": [ 5, 8, 11, 12 ] }
            }
        },
        {
            "name": "Element",
            "from": [ 6, 2, 13 ], 
            "to": [ 10, 5, 14 ], 
            "faces": {
                "east": { "texture": "#doock", "uv": [ 8, 10, 9, 13 ] },
                "south": { "texture": "#doock", "uv": [ 5, 9, 9, 12 ] },
                "west": { "texture": "#doock", "uv": [ 7, 9, 11, 12 ] },
                "up": { "texture": "#doock", "uv": [ 6, 8, 10, 9 ] },
                "down": { "texture": "#doock", "uv": [ 7, 8, 11, 9 ] }
            }
        },
        {
            "name": "Element",
            "from": [ 7, 3, 1 ], 
            "to": [ 9, 6, 2 ], 
            "faces": {
                "north": { "texture": "#doock", "uv": [ 6, 10, 8, 13 ] },
                "east": { "texture": "#doock", "uv": [ 8, 10, 9, 13 ] },
                "south": { "texture": "#doock", "uv": [ 7, 10, 9, 13 ] },
                "west": { "texture": "#doock", "uv": [ 5, 8, 6, 11 ] },
                "up": { "texture": "#doock", "uv": [ 6, 8, 10, 9 ] },
                "down": { "texture": "#doock", "uv": [ 5, 8, 7, 9 ] }
            }
        },
        {
            "name": "Element",
            "from": [ 6, 5, 12 ], 
            "to": [ 10, 6, 13 ], 
            "faces": {
                "east": { "texture": "#doock", "uv": [ 7, 10, 8, 11 ] },
                "south": { "texture": "#doock", "uv": [ 5, 9, 9, 10 ] },
                "west": { "texture": "#doock", "uv": [ 7, 9, 8, 10 ] },
                "up": { "texture": "#doock", "uv": [ 7, 9, 11, 10 ] }
            }
        },
        {
            "name": "Element",
            "from": [ 7, 10, 11 ], 
            "to": [ 9, 11, 12 ], 
            "faces": {
                "north": { "texture": "#doock", "uv": [ 7, 10, 9, 11 ] },
                "east": { "texture": "#doock", "uv": [ 11, 8, 12, 9 ] },
                "west": { "texture": "#doock", "uv": [ 7, 11, 8, 13 ] },
                "up": { "texture": "#doock", "uv": [ 5, 9, 8, 10 ] }
            }
        },
        {
            "name": "Element",
            "from": [ 6, 7, 13 ], 
            "to": [ 10, 9, 15 ], 
            "faces": {
                "east": { "texture": "#doock", "uv": [ 7, 8, 10, 10 ] },
                "south": { "texture": "#doock", "uv": [ 7, 7, 10, 11 ] },
                "west": { "texture": "#doock", "uv": [ 6, 10, 8, 12 ] },
                "down": { "texture": "#doock", "uv": [ 6, 8, 10, 10 ] }
            }
        },
        {
            "name": "Element",
            "from": [ 6, 7, 15 ], 
            "to": [ 10, 8, 16 ], 
            "faces": {
                "east": { "texture": "#doock", "uv": [ 2, 3, 3, 4 ] },
                "south": { "texture": "#doock", "uv": [ 0.5, 3.5, 4.5, 4.5 ] },
                "west": { "texture": "#doock", "uv": [ 2, 3, 3, 4 ] },
                "up": { "texture": "#doock", "uv": [ 0.5, 3.5, 4.5, 4.5 ] },
                "down": { "texture": "#doock", "uv": [ 1, 4, 4, 4 ] }
            }
        },
        {
            "name": "Element",
            "from": [ 7, 8, 10 ], 
            "to": [ 9, 10, 11 ], 
            "faces": {
                "north": { "texture": "#doock", "uv": [ 5, 9, 7, 11 ] },
                "east": { "texture": "#doock", "uv": [ 9, 10, 10, 12 ] },
                "west": { "texture": "#doock", "uv": [ 7, 8, 8, 11 ] },
                "up": { "texture": "#doock", "uv": [ 8, 9, 10, 10 ] },
                "down": { "texture": "#doock", "uv": [ 6, 9, 8, 10 ] }
            }
        },
        {
            "name": "Element",
            "from": [ 6, 7, 11 ], 
            "to": [ 10, 10, 13 ], 
            "faces": {
                "north": { "texture": "#doock", "uv": [ 5, 9, 9, 12 ] },
                "east": { "texture": "#doock", "uv": [ 5, 7, 7, 10 ] },
                "west": { "texture": "#doock", "uv": [ 7, 8, 9, 11 ] },
                "up": { "texture": "#doock", "uv": [ 7, 8, 11, 10 ] },
                "down": { "texture": "#doock", "uv": [ 6, 9, 10, 11 ] }
            }
        },
        {
            "name": "Element",
            "from": [ 7, 8, 15 ], 
            "to": [ 9, 9, 16 ], 
            "faces": {
                "east": { "texture": "#doock", "uv": [ 2, 4, 4, 4 ] },
                "south": { "texture": "#doock", "uv": [ 1, 4, 4, 4 ] },
                "west": { "texture": "#doock", "uv": [ 2, 3, 3, 4 ] },
                "up": { "texture": "#doock", "uv": [ 3, 3, 3, 4 ] }
            }
        },
        {
            "name": "Element",
            "from": [ 4, 4, 4 ], 
            "to": [ 5, 5, 5 ], 
            "faces": {
                "north": { "texture": "#doock", "uv": [ 4, 8, 5, 9 ] },
                "west": { "texture": "#doock", "uv": [ 8, 10, 9, 11 ] },
                "up": { "texture": "#doock", "uv": [ 8, 8, 10, 9 ] },
                "down": { "texture": "#doock", "uv": [ 6, 8, 8, 9 ] }
            }
        },
        {
            "name": "Element",
            "from": [ 7, 6, 10 ], 
            "to": [ 9, 7, 14 ], 
            "faces": {
                "east": { "texture": "#doock", "uv": [ 5, 9, 9, 10 ] },
                "south": { "texture": "#doock", "uv": [ 6, 10, 8, 11 ] },
                "west": { "texture": "#doock", "uv": [ 7, 12, 11, 13 ] },
                "up": { "texture": "#doock", "uv": [ 7, 9, 9, 13 ] },
                "down": { "texture": "#doock", "uv": [ 7, 8, 9, 12 ] }
            }
        },
        {
            "name": "Element",
            "from": [ 6, 6, 4 ], 
            "to": [ 10, 7, 10 ], 
            "faces": {
                "north": { "texture": "#doock", "uv": [ 5, 10, 9, 11 ] },
                "east": { "texture": "#doock", "uv": [ 5, 9, 11, 10 ] },
                "south": { "texture": "#doock", "uv": [ 6, 9, 10, 10 ] },
                "west": { "texture": "#doock", "uv": [ 4, 11, 11, 12 ] },
                "up": { "texture": "#doock", "uv": [ 6, 7, 10, 13 ] }
            }
        },
        {
            "name": "Element",
            "from": [ 5, 5, 4 ], 
            "to": [ 11, 6, 12 ], 
            "faces": {
                "north": { "texture": "#doock", "uv": [ 5, 9, 11, 10 ] },
                "east": { "texture": "#doock", "uv": [ 4, 8, 12, 9 ] },
                "south": { "texture": "#doock", "uv": [ 3, 9, 9, 10 ] },
                "west": { "texture": "#doock", "uv": [ 3, 10, 12, 11 ] },
                "up": { "texture": "#doock", "uv": [ 2, 9, 13, 12 ] }
            }
        },
        {
            "name": "Element",
            "from": [ 5, 2, 3 ], 
            "to": [ 11, 5, 13 ], 
            "faces": {
                "north": { "texture": "#doock", "uv": [ 6, 9, 12, 12 ] },
                "east": { "texture": "#doock", "uv": [ 3, 8, 13, 11 ] },
                "south": { "texture": "#doock", "uv": [ 5, 8, 11, 11 ] },
                "west": { "texture": "#doock", "uv": [ 3, 8, 13, 11 ] },
                "up": { "texture": "#doock", "uv": [ 5, 8, 11, 13 ] },
                "down": { "texture": "#doock", "uv": [ 4, 7, 11, 12 ] }
            }
        },
        {
            "name": "Element",
            "from": [ 11, 4, 4 ], 
            "to": [ 12, 5, 5 ], 
            "faces": {
                "north": { "texture": "#doock", "uv": [ 7, 8, 8, 9 ] },
                "east": { "texture": "#doock", "uv": [ 7, 10, 8, 11 ] },
                "up": { "texture": "#doock", "uv": [ 7, 10, 8, 12 ] },
                "down": { "texture": "#doock", "uv": [ 9, 7, 10, 8 ] }
            }
        },
        {
            "name": "Element",
            "from": [ 11, 2, 5 ], 
            "to": [ 12, 5, 11 ], 
            "faces": {
                "north": { "texture": "#doock", "uv": [ 9, 10, 10, 13 ] },
                "east": { "texture": "#doock", "uv": [ 7, 0.5, 14, 3.5 ] },
                "south": { "texture": "#doock", "uv": [ 7, 8, 8, 11 ] },
                "up": { "texture": "#doock", "uv": [ 8, 7, 9, 13 ] },
                "down": { "texture": "#doock", "uv": [ 7, 7, 8, 13 ] }
            }
        },
        {
            "name": "Element",
            "from": [ 11, 3, 11 ], 
            "to": [ 12, 5, 12 ], 
            "faces": {
                "east": { "texture": "#doock", "uv": [ 7, 8, 8, 10 ] },
                "south": { "texture": "#doock", "uv": [ 8, 10, 9, 12 ] },
                "up": { "texture": "#doock", "uv": [ 8, 11, 9, 12 ] },
                "down": { "texture": "#doock", "uv": [ 7, 9, 8, 10 ] }
            }
        },
        {
            "name": "Element",
            "from": [ 4, 2, 5 ], 
            "to": [ 5, 5, 11 ], 
            "faces": {
                "north": { "texture": "#doock", "uv": [ 7, 9, 8, 12 ] },
                "south": { "texture": "#doock", "uv": [ 6, 7, 7, 10 ] },
                "west": { "texture": "#doock", "uv": [ 14, 0.5, 7, 3.5 ] },
                "up": { "texture": "#doock", "uv": [ 8, 7, 9, 13 ] },
                "down": { "texture": "#doock", "uv": [ 8, 7, 9, 13 ] }
            }
        },
        {
            "name": "Element",
            "from": [ 4, 3, 11 ], 
            "to": [ 5, 5, 12 ], 
            "faces": {
                "south": { "texture": "#doock", "uv": [ 7, 9, 8, 11 ] },
                "west": { "texture": "#doock", "uv": [ 9, 9, 10, 11 ] },
                "up": { "texture": "#doock", "uv": [ 8, 10, 9, 11 ] },
                "down": { "texture": "#doock", "uv": [ 9, 7, 10, 8 ] }
            }
        },
        {
            "name": "Element",
            "from": [ 6, 5, 3 ], 
            "to": [ 10, 6, 4 ], 
            "faces": {
                "north": { "texture": "#doock", "uv": [ 6, 9, 10, 10 ] },
                "east": { "texture": "#doock", "uv": [ 5, 10, 6, 11 ] },
                "west": { "texture": "#doock", "uv": [ 4, 9, 5, 10 ] },
                "up": { "texture": "#doock", "uv": [ 6, 10, 10, 10 ] }
            }
        },
        {
            "name": "Element",
            "from": [ 6, 3, 2 ], 
            "to": [ 10, 5, 3 ], 
            "faces": {
                "north": { "texture": "#doock", "uv": [ 6, 10, 10, 12 ] },
                "east": { "texture": "#doock", "uv": [ 6, 9, 7, 11 ] },
                "west": { "texture": "#doock", "uv": [ 4, 9, 5, 11 ] },
                "up": { "texture": "#doock", "uv": [ 5, 10, 9, 11 ] },
                "down": { "texture": "#doock", "uv": [ 5, 9, 9, 10 ] }
            }
        },
        {
            "name": "Element",
            "from": [ 9, 9, 13 ], 
            "to": [ 10, 10, 15 ], 
            "faces": {
                "east": { "texture": "#doock", "uv": [ 7, 9, 9, 10 ] },
                "south": { "texture": "#doock", "uv": [ 3, 1.5, 4, 2.5 ] }
            }
        },
        {
            "name": "Element",
            "from": [ 6, 10, 12 ], 
            "to": [ 10, 11, 15 ], 
            "faces": {
                "north": { "texture": "#doock", "uv": [ 4, 9, 8, 10 ] },
                "east": { "texture": "#doock", "uv": [ 7, 9, 10, 10 ] },
                "south": { "texture": "#doock", "uv": [ 7, 10, 11, 11 ] },
                "west": { "texture": "#doock", "uv": [ 5, 8, 8, 9 ] },
                "up": { "texture": "#doock", "uv": [ 6, 9, 10, 12 ] },
                "down": { "texture": "#doock", "uv": [ 5, 7, 9, 10 ] }
            }
        },
        {
            "name": "Element",
            "from": [ 7, 9, 13 ], 
            "to": [ 9, 10, 15 ], 
            "faces": {
                "south": { "texture": "#doock", "uv": [ 8, 10, 10, 11 ] }
            }
        },
        {
            "name": "Element",
            "from": [ 6, 9, 13 ], 
            "to": [ 7, 10, 15 ], 
            "faces": {
                "south": { "texture": "#doock", "uv": [ 1, 1.5, 2, 2.5 ] },
                "west": { "texture": "#doock", "uv": [ 7, 7, 9, 8 ] }
            }
        }
    ]
}