{
	"__comment": "Model generated using MrCrayfish's Model Creator (http://mrcrayfish.com/modelcreator/)",
	"textures": {
		"particle": "blocks/blocks/botmon",
		"0": "items/botman"
	},
	"elements": [
		{
			"from": [ 4, 0.5, 12.5 ],
			"to": [ 12, 7.5, 13 ],
			"faces": {
				"down": { "uv": [ 4, 15, 12, 15.5 ], "texture": "#0" },
				"north": { "uv": [ 12, 8.5, 4, 15.5 ], "texture": "#0" },
				"south": { "uv": [ 4, 8.5, 12, 15.5 ], "texture": "#0" },
				"west": { "uv": [ 4, 8.5, 4.5, 15.5 ], "texture": "#0" },
				"east": { "uv": [ 11.5, 8.5, 12, 15.5 ], "texture": "#0" }
			}
		},
		{
			"from": [ 4, 0.5, 13 ],
			"to": [ 12, 7, 13.5 ],
			"faces": {
				"down": { "uv": [ 4, 15, 12, 15.5 ], "texture": "#0" },
				"up": { "uv": [ 4, 9, 12, 9.5 ], "texture": "#0" },
				"south": { "uv": [ 4, 9, 12, 15.5 ], "texture": "#0" },
				"west": { "uv": [ 4, 9, 4.5, 15.5 ], "texture": "#0" },
				"east": { "uv": [ 11.5, 9, 12, 15.5 ], "texture": "#0" }
			}
		},
		{
			"from": [ 4.5, 0.5, 13 ],
			"to": [ 11.5, 7.5, 13.5 ],
			"faces": {
				"down": { "uv": [ 4.5, 15, 11.5, 15.5 ], "texture": "#0" },
				"up": { "uv": [ 4.5, 8.5, 11.5, 9 ], "texture": "#0" },
				"south": { "uv": [ 4.5, 8.5, 11.5, 15.5 ], "texture": "#0" },
				"west": { "uv": [ 4.5, 8.5, 5, 15.5 ], "texture": "#0" },
				"east": { "uv": [ 11, 8.5, 11.5, 15.5 ], "texture": "#0" }
			}
		},
		{
			"from": [ 4.5, 4, 13.5 ],
			"to": [ 11.5, 7, 14 ],
			"faces": {
				"down": { "uv": [ 4.5, 11.5, 11.5, 12 ], "texture": "#0" },
				"up": { "uv": [ 4.5, 9, 11.5, 9.5 ], "texture": "#0" },
				"south": { "uv": [ 4.5, 9, 11.5, 12 ], "texture": "#0" },
				"west": { "uv": [ 4.5, 9, 5, 12 ], "texture": "#0" },
				"east": { "uv": [ 11, 9, 11.5, 12 ], "texture": "#0" }
			}
		},
		{
			"from": [ 4, 3.5, 13.5 ],
			"to": [ 6, 4, 14 ],
			"faces": {
				"up": { "uv": [ 4, 12, 6, 12.5 ], "texture": "#0" },
				"south": { "uv": [ 4, 12.5, 6, 12 ], "texture": "#0" },
				"west": { "uv": [ 4, 12, 4.5, 12.5 ], "texture": "#0" },
				"east": { "uv": [ 6, 12, 5.5, 12.5 ], "texture": "#0" }
			}
		},
		{
			"from": [ 10, 3.5, 13.5 ],
			"to": [ 12, 4, 14 ],
			"faces": {
				"up": { "uv": [ 10, 12, 12, 12.5 ], "texture": "#0" },
				"south": { "uv": [ 10, 12.5, 12, 12 ], "texture": "#0" },
				"west": { "uv": [ 10, 12, 10.5, 12.5 ], "texture": "#0" },
				"east": { "uv": [ 12, 12, 11.5, 12.5 ], "texture": "#0" }
			}
		},
		{
			"from": [ 4, 1.5, 13.5 ],
			"to": [ 6.5, 3.5, 14 ],
			"faces": {
				"down": { "uv": [ 4, 14, 5.5, 14.5 ], "texture": "#0" },
				"up": { "uv": [ 4, 12.5, 5.5, 13 ], "texture": "#0" },
				"south": { "uv": [ 4, 12.5, 5.5, 14.5 ], "texture": "#0" },
				"west": { "uv": [ 4, 12.5, 4.5, 14.5 ], "texture": "#0" },
				"east": { "uv": [ 5, 12.5, 5.5, 14.5 ], "texture": "#0" }
			}
		},
		{
			"from": [ 9.5, 1.5, 13.5 ],
			"to": [ 12, 3.5, 14 ],
			"faces": {
				"down": { "uv": [ 10.5, 14, 12, 14.5 ], "texture": "#0" },
				"up": { "uv": [ 10.5, 12, 12, 12.5 ], "texture": "#0" },
				"south": { "uv": [ 10.5, 12.5, 12, 14.5 ], "texture": "#0" },
				"west": { "uv": [ 10.5, 12.5, 11, 14.5 ], "texture": "#0" },
				"east": { "uv": [ 11.5, 12.5, 12, 14.5 ], "texture": "#0" }
			}
		},
		{
			"from": [ 4.5, 1, 13.5 ],
			"to": [ 6, 1.5, 14 ],
			"faces": {
				"down": { "uv": [ 4.5, 15, 5.5, 14.5 ], "texture": "#0" },
				"south": { "uv": [ 4.5, 15, 5.5, 14.5 ], "texture": "#0" },
				"west": { "uv": [ 4.5, 14.5, 5, 15 ], "texture": "#0" },
				"east": { "uv": [ 5.5, 14.5, 5, 15 ], "texture": "#0" }
			}
		},
		{
			"from": [ 10, 1, 13.5 ],
			"to": [ 11.5, 1.5, 14 ],
			"faces": {
				"down": { "uv": [ 4.5, 15, 5.5, 14.5 ], "texture": "#0" },
				"south": { "uv": [ 4.5, 15, 5.5, 14.5 ], "texture": "#0" },
				"west": { "uv": [ 4.5, 14.5, 5, 15 ], "texture": "#0" },
				"east": { "uv": [ 5.5, 14.5, 5, 15 ], "texture": "#0" }
			}
		},
		{
			"from": [ 5.5, 7, 13.5 ],
			"to": [ 10.5, 7.5, 14 ],
			"faces": {
				"up": { "uv": [ 5.5, 8.5, 10.5, 9 ], "texture": "#0" },
				"south": { "uv": [ 5.5, 9, 10.5, 8.5 ], "texture": "#0" },
				"west": { "uv": [ 5.5, 8.5, 6, 9 ], "texture": "#0" },
				"east": { "uv": [ 10.5, 8.5, 10, 9 ], "texture": "#0" }
			}
		},
		{
			"from": [ 5.5, 4, 14 ],
			"to": [ 10.5, 7, 14.5 ],
			"faces": {
				"up": { "uv": [ 5.5, 9, 10.5, 9.5 ], "texture": "#0" },
				"south": { "uv": [ 5.5, 9, 10.5, 12 ], "texture": "#0" },
				"west": { "uv": [ 5.5, 9, 6, 12 ], "texture": "#0" },
				"east": { "uv": [ 10, 9, 10.5, 12 ], "texture": "#0" }
			}
		},
		{
			"from": [ 5, 4.5, 14 ],
			"to": [ 11, 5.5, 14.5 ],
			"faces": {
				"down": { "uv": [ 5, 11, 11, 11.5 ], "texture": "#0" },
				"up": { "uv": [ 5, 10.5, 11, 11 ], "texture": "#0" },
				"south": { "uv": [ 5, 10.5, 11, 11.5 ], "texture": "#0" },
				"west": { "uv": [ 5, 10.5, 5.5, 11.5 ], "texture": "#0" },
				"east": { "uv": [ 10.5, 10.5, 11, 11.5 ], "texture": "#0" }
			}
		},
		{
			"from": [ 5.5, 6, 14.5 ],
			"to": [ 7, 6.5, 15 ],
			"faces": {
				"down": { "uv": [ 5.5, 10, 7, 9.5 ], "texture": "#0" },
				"up": { "uv": [ 5.5, 9.5, 7, 10 ], "texture": "#0" },
				"south": { "uv": [ 5.5, 10, 7, 9.5 ], "texture": "#0" },
				"west": { "uv": [ 5.5, 9.5, 6, 10 ], "texture": "#0" },
				"east": { "uv": [ 7, 9.5, 6.5, 10 ], "texture": "#0" }
			}
		},
		{
			"from": [ 6, 5.5, 14.5 ],
			"to": [ 7.5, 6, 15 ],
			"faces": {
				"down": { "uv": [ 5.5, 10, 7, 9.5 ], "texture": "#0" },
				"up": { "uv": [ 5.5, 9.5, 7, 10 ], "texture": "#0" },
				"south": { "uv": [ 5.5, 10, 7, 9.5 ], "texture": "#0" },
				"west": { "uv": [ 5.5, 9.5, 6, 10 ], "texture": "#0" },
				"east": { "uv": [ 7, 9.5, 6.5, 10 ], "texture": "#0" }
			}
		},
		{
			"from": [ 6.5, 5, 14.5 ],
			"to": [ 9.5, 5.5, 15 ],
			"faces": {
				"down": { "uv": [ 6.5, 11, 9.5, 10.5 ], "texture": "#0" },
				"up": { "uv": [ 6.5, 10.5, 9.5, 11 ], "texture": "#0" },
				"south": { "uv": [ 6.5, 11, 9.5, 10.5 ], "texture": "#0" },
				"west": { "uv": [ 6.5, 10.5, 7, 11 ], "texture": "#0" },
				"east": { "uv": [ 9.5, 10.5, 9, 11 ], "texture": "#0" }
			}
		},
		{
			"from": [ 9, 6, 14.5 ],
			"to": [ 10.5, 6.5, 15 ],
			"faces": {
				"down": { "uv": [ 9, 11.5, 10.5, 12 ], "texture": "#0" },
				"up": { "uv": [ 9, 9.5, 10.5, 10 ], "texture": "#0" },
				"south": { "uv": [ 9, 9.5, 10.5, 10 ], "texture": "#0" },
				"west": { "uv": [ 15, 10, 15.5, 10.5 ], "texture": "#0" },
				"east": { "uv": [ 15, 10, 15.5, 10.5 ], "texture": "#0" }
			}
		},
		{
			"from": [ 8.5, 5.5, 14.5 ],
			"to": [ 10, 6, 15 ],
			"faces": {
				"down": { "uv": [ 9, 11.5, 10.5, 12 ], "texture": "#0" },
				"up": { "uv": [ 9, 9.5, 10.5, 10 ], "texture": "#0" },
				"south": { "uv": [ 9, 9.5, 10.5, 10 ], "texture": "#0" },
				"west": { "uv": [ 15, 10, 15.5, 10.5 ], "texture": "#0" },
				"east": { "uv": [ 15, 10, 15.5, 10.5 ], "texture": "#0" }
			}
		},
		{
			"from": [ 5, 6, 14 ],
			"to": [ 11, 6.5, 14.5 ],
			"faces": {
				"down": { "uv": [ 5, 10, 11, 9.5 ], "texture": "#0" },
				"up": { "uv": [ 5, 9.5, 11, 10 ], "texture": "#0" },
				"south": { "uv": [ 5, 10, 11, 9.5 ], "texture": "#0" },
				"west": { "uv": [ 5, 9.5, 5.5, 10 ], "texture": "#0" },
				"east": { "uv": [ 11, 9.5, 10.5, 10 ], "texture": "#0" }
			}
		},
		{
			"from": [ 5, 3.5, 13.5 ],
			"to": [ 11, 4, 14.5 ],
			"faces": {
				"down": { "uv": [ 6, 12, 10, 12.5 ], "texture": "#0" },
				"up": { "uv": [ 6, 12, 10, 12.5 ], "texture": "#0" },
				"south": { "uv": [ 6, 12, 10, 12.5 ], "texture": "#0" },
				"west": { "uv": [ 6, 12, 6.5, 13 ], "texture": "#0" },
				"east": { "uv": [ 6, 12, 6.5, 13 ], "texture": "#0" }
			}
		},
		{
			"from": [ 5.5, 3, 13 ],
			"to": [ 10.5, 3.5, 14 ],
			"faces": {
				"up": { "uv": [ 5.5, 12.5, 10.5, 13 ], "texture": "#0" },
				"south": { "uv": [ 5.5, 13, 10.5, 12.5 ], "texture": "#0" },
				"west": { "uv": [ 5.5, 12.5, 6, 13 ], "texture": "#0" },
				"east": { "uv": [ 10.5, 12.5, 10, 13 ], "texture": "#0" }
			}
		},
		{
			"from": [ 5.5, 2, 13 ],
			"to": [ 10.5, 3, 14 ],
			"faces": {
				"down": { "uv": [ 5.5, 13.5, 10.5, 14 ], "texture": "#0" },
				"south": { "uv": [ 5.5, 13, 10.5, 14 ], "texture": "#0" },
				"west": { "uv": [ 5.5, 13, 6, 14 ], "texture": "#0" },
				"east": { "uv": [ 5.5, 13, 6, 14 ], "texture": "#0" }
			}
		},
		{
			"from": [ 4.5, 2, 13.5 ],
			"to": [ 6.5, 3.5, 14.5 ],
			"faces": {
				"down": { "uv": [ 6, 14, 6.5, 13 ], "texture": "#0" },
				"up": { "uv": [ 6, 13, 6.5, 14 ], "texture": "#0" },
				"south": { "uv": [ 6, 14, 6.5, 13.5 ], "texture": "#0" },
				"west": { "uv": [ 6, 13, 6.5, 13.5 ], "texture": "#0" },
				"east": { "uv": [ 6.5, 13, 6, 13.5 ], "texture": "#0" }
			}
		},
		{
			"from": [ 9.5, 2, 13.5 ],
			"to": [ 11.5, 3.5, 14.5 ],
			"faces": {
				"down": { "uv": [ 6, 14, 6.5, 13 ], "texture": "#0" },
				"up": { "uv": [ 6, 13, 6.5, 14 ], "texture": "#0" },
				"south": { "uv": [ 6, 14, 6.5, 13.5 ], "texture": "#0" },
				"west": { "uv": [ 6, 13, 6.5, 13.5 ], "texture": "#0" },
				"east": { "uv": [ 6.5, 13, 6, 13.5 ], "texture": "#0" }
			}
		},
		{
			"from": [ 7.5, 4, 14 ],
			"to": [ 8.5, 5, 15 ],
			"faces": {
				"down": { "uv": [ 7.5, 11.5, 8.5, 12 ], "texture": "#0" },
				"up": { "uv": [ 7.5, 11, 8.5, 11.5 ], "texture": "#0" },
				"south": { "uv": [ 7.5, 11, 8.5, 12 ], "texture": "#0" },
				"west": { "uv": [ 7.5, 11, 8, 12 ], "texture": "#0" },
				"east": { "uv": [ 8, 11, 8.5, 12 ], "texture": "#0" }
			}
		},
		{
			"from": [ 8, 0.5, 12 ],
			"to": [ 12.5, 7.5, 12.5 ],
			"faces": {
				"down": { "uv": [ 15, 15, 15.5, 15.5 ], "texture": "#0" },
				"up": { "uv": [ 14.5, 8.5, 15.5, 9 ], "texture": "#0" },
				"south": { "uv": [ 15, 8.5, 15.5, 15.5 ], "texture": "#0" },
				"east": { "uv": [ 15, 8.5, 15.5, 15.5 ], "texture": "#0" }
			}
		},
		{
			"from": [ 8, 1.5, 12.5 ],
			"to": [ 4.5, 7, 13 ],
			"faces": {
				"down": { "uv": [ 15, 14, 15.5, 14.5 ], "texture": "#0" },
				"up": { "uv": [ 15, 10.5, 15.5, 11 ], "texture": "#0" },
				"south": { "uv": [ 15, 10, 15.5, 14.5 ], "texture": "#0" },
				"east": { "uv": [ 15, 10, 15.5, 14.5 ], "texture": "#0" }
			}
		},
		{
			"from": [ 8, 2, 13 ],
			"to": [ 12.5, 3.5, 13.5 ],
			"faces": {
				"down": { "uv": [ 15, 12.5, 15.5, 13 ], "texture": "#0" },
				"up": { "uv": [ 15, 12.5, 15.5, 13 ], "texture": "#0" },
				"south": { "uv": [ 15, 12.5, 15.5, 13 ], "texture": "#0" },
				"east": { "uv": [ 15, 12.5, 15.5, 13.5 ], "texture": "#0" }
			}
		},
		{
			"from": [ 3.5, 0.5, 11 ],
			"to": [ 12.5, 7.5, 12 ],
			"faces": {
				"down": { "uv": [ 15, 11, 14.5, 10.5 ], "texture": "#0" },
				"up": { "uv": [ 14, 8.5, 15, 9 ], "texture": "#0", "rotation": 90 },
				"north": { "uv": [ 14, 8.5, 14.5, 15.5 ], "texture": "#0" },
				"south": { "uv": [ 14.5, 8.5, 15, 15.5 ], "texture": "#0" },
				"west": { "uv": [ 14, 8.5, 15, 15.5 ], "texture": "#0" },
				"east": { "uv": [ 15, 8.5, 14, 15.5 ], "texture": "#0" }
			}
		},
		{
			"from": [ 4, 0, 11 ],
			"to": [ 12, 0.5, 12.5 ],
			"faces": {
				"down": { "uv": [ 4, 11, 4.5, 10.5 ], "texture": "#0", "cullface": "down" },
				"up": { "uv": [ 4, 10.5, 4.5, 11 ], "texture": "#0" },
				"north": { "uv": [ 4, 10.5, 4.5, 11 ], "texture": "#0" },
				"south": { "uv": [ 4, 11, 4.5, 10.5 ], "texture": "#0" },
				"west": { "uv": [ 4, 10.5, 4.5, 11 ], "texture": "#0" },
				"east": { "uv": [ 4.5, 10.5, 4, 11 ], "texture": "#0" }
			}
		},
		{
			"from": [ 4.5, 0, 12.5 ],
			"to": [ 11.5, 0.5, 13 ],
			"faces": {
				"down": { "uv": [ 4, 11, 4.5, 10.5 ], "texture": "#0", "cullface": "down" },
				"south": { "uv": [ 4, 11, 4.5, 10.5 ], "texture": "#0" },
				"west": { "uv": [ 4, 10.5, 4.5, 11 ], "texture": "#0" },
				"east": { "uv": [ 4.5, 10.5, 4, 11 ], "texture": "#0" }
			}
		},
		{
			"from": [ 6, 0, 13 ],
			"to": [ 10, 0.5, 13.5 ],
			"faces": {
				"down": { "uv": [ 4, 11, 4.5, 10.5 ], "texture": "#0", "cullface": "down" },
				"south": { "uv": [ 4, 11, 4.5, 10.5 ], "texture": "#0" },
				"west": { "uv": [ 4, 10.5, 4.5, 11 ], "texture": "#0" },
				"east": { "uv": [ 4.5, 10.5, 4, 11 ], "texture": "#0" }
			}
		},
		{
			"from": [ 4, 7.5, 11 ],
			"to": [ 12, 8, 13 ],
			"faces": {
				"down": { "uv": [ 4, 8, 12, 8.5 ], "texture": "#0" },
				"up": { "uv": [ 4, 8, 12, 8.5 ], "texture": "#0" },
				"north": { "uv": [ 4, 8, 12, 8.5 ], "texture": "#0" },
				"south": { "uv": [ 4, 8, 12, 8.5 ], "texture": "#0" },
				"west": { "uv": [ 4.5, 8, 6.5, 8.5 ], "texture": "#0" },
				"east": { "uv": [ 4.5, 8, 6.5, 8.5 ], "texture": "#0" }
			}
		},
		{
			"from": [ 4.5, 7.5, 13 ],
			"to": [ 6.5, 8, 13.5 ],
			"faces": {
				"up": { "uv": [ 4.5, 8, 6.5, 8.5 ], "texture": "#0" },
				"south": { "uv": [ 4.5, 8.5, 6.5, 8 ], "texture": "#0" },
				"west": { "uv": [ 4.5, 8, 5, 8.5 ], "texture": "#0" },
				"east": { "uv": [ 6.5, 8, 6, 8.5 ], "texture": "#0" }
			}
		},
		{
			"from": [ 9.5, 7.5, 13 ],
			"to": [ 11.5, 8, 13.5 ],
			"faces": {
				"up": { "uv": [ 4.5, 8, 6.5, 8.5 ], "texture": "#0" },
				"south": { "uv": [ 4.5, 8.5, 6.5, 8 ], "texture": "#0" },
				"west": { "uv": [ 4.5, 8, 5, 8.5 ], "texture": "#0" },
				"east": { "uv": [ 6.5, 8, 6, 8.5 ], "texture": "#0" }
			}
		},
		{
			"from": [ 7, 8, 12.5 ],
			"to": [ 8.5, 8.5, 13 ],
			"faces": {
				"up": { "uv": [ 4.5, 7.5, 6, 8 ], "texture": "#0" },
				"south": { "uv": [ 4.5, 8, 6, 7.5 ], "texture": "#0" },
				"west": { "uv": [ 4.5, 7.5, 5, 8 ], "texture": "#0" },
				"east": { "uv": [ 6, 7.5, 5.5, 8 ], "texture": "#0" }
			}
		},
		{
			"from": [ 3.5, 5, 10.5 ],
			"to": [ 4, 6.5, 11 ],
			"faces": {
				"down": { "uv": [ 15.5, 1, 16, 0.5 ], "texture": "#0" },
				"up": { "uv": [ 15.5, 0.5, 16, 1 ], "texture": "#0" },
				"west": { "uv": [ 15.5, 0.5, 16, 1 ], "texture": "#0" },
				"east": { "uv": [ 16, 0.5, 15.5, 1 ], "texture": "#0" }
			}
		},
		{
			"from": [ 3.5, 1.5, 10.5 ],
			"to": [ 4, 3, 11 ],
			"faces": {
				"down": { "uv": [ 15.5, 1, 16, 0.5 ], "texture": "#0" },
				"up": { "uv": [ 15.5, 0.5, 16, 1 ], "texture": "#0" },
				"west": { "uv": [ 15.5, 0.5, 16, 1 ], "texture": "#0" },
				"east": { "uv": [ 16, 0.5, 15.5, 1 ], "texture": "#0" }
			}
		},
		{
			"from": [ 12, 1.5, 10.5 ],
			"to": [ 12.5, 3, 11 ],
			"faces": {
				"down": { "uv": [ 15.5, 1, 16, 0.5 ], "texture": "#0" },
				"up": { "uv": [ 15.5, 0.5, 16, 1 ], "texture": "#0" },
				"west": { "uv": [ 15.5, 0.5, 16, 1 ], "texture": "#0" },
				"east": { "uv": [ 16, 0.5, 15.5, 1 ], "texture": "#0" }
			}
		},
		{
			"from": [ 12, 5, 10.5 ],
			"to": [ 12.5, 6.5, 11 ],
			"faces": {
				"down": { "uv": [ 15.5, 1, 16, 0.5 ], "texture": "#0" },
				"up": { "uv": [ 15.5, 0.5, 16, 1 ], "texture": "#0" },
				"west": { "uv": [ 15.5, 0.5, 16, 1 ], "texture": "#0" },
				"east": { "uv": [ 16, 0.5, 15.5, 1 ], "texture": "#0" }
			}
		},
		{
			"from": [ 3.5, 5, 4 ],
			"to": [ 4, 6.5, 10.5 ],
			"faces": {
				"down": { "uv": [ 11.5, 1, 12, 1.5 ], "texture": "#0" },
				"up": { "uv": [ 11.5, 0, 12, 0.5 ], "texture": "#0" },
				"north": { "uv": [ 12, 0, 12.5, 1.5 ], "texture": "#0" },
				"west": { "uv": [ 11, 0, 11.5, 1.5 ], "texture": "#0" },
				"east": { "uv": [ 11, 0, 11.5, 1.5 ], "texture": "#0" }
			}
		},
		{
			"from": [ 3.5, 1.5, 4 ],
			"to": [ 4, 3, 10.5 ],
			"faces": {
				"down": { "uv": [ 11.5, 1, 12, 1.5 ], "texture": "#0" },
				"up": { "uv": [ 11.5, 0, 12, 0.5 ], "texture": "#0" },
				"north": { "uv": [ 12, 0, 12.5, 1.5 ], "texture": "#0" },
				"west": { "uv": [ 11, 0, 11.5, 1.5 ], "texture": "#0" },
				"east": { "uv": [ 11, 0, 11.5, 1.5 ], "texture": "#0" }
			}
		},
		{
			"from": [ 12, 1.5, 4 ],
			"to": [ 12.5, 3, 10.5 ],
			"faces": {
				"down": { "uv": [ 11.5, 1, 12, 1.5 ], "texture": "#0" },
				"up": { "uv": [ 11.5, 0, 12, 0.5 ], "texture": "#0" },
				"north": { "uv": [ 12, 0, 12.5, 1.5 ], "texture": "#0" },
				"west": { "uv": [ 11, 0, 11.5, 1.5 ], "texture": "#0" },
				"east": { "uv": [ 11, 0, 11.5, 1.5 ], "texture": "#0" }
			}
		},
		{
			"from": [ 12, 5, 4 ],
			"to": [ 12.5, 6.5, 10.5 ],
			"faces": {
				"down": { "uv": [ 11.5, 1, 12, 1.5 ], "texture": "#0" },
				"up": { "uv": [ 11.5, 0, 12, 0.5 ], "texture": "#0" },
				"north": { "uv": [ 12, 0, 12.5, 1.5 ], "texture": "#0" },
				"west": { "uv": [ 11, 0, 11.5, 1.5 ], "texture": "#0" },
				"east": { "uv": [ 11, 0, 11.5, 1.5 ], "texture": "#0" }
			}
		},
		{
			"from": [ 4, 5, 3.5 ],
			"to": [ 12, 6.5, 4 ],
			"faces": {
				"down": { "uv": [ 11.5, 1, 12, 1.5 ], "texture": "#0" },
				"up": { "uv": [ 11.5, 0, 12, 0.5 ], "texture": "#0" },
				"north": { "uv": [ 12, 0, 12.5, 1.5 ], "texture": "#0" },
				"south": { "uv": [ 12, 0, 12.5, 1.5 ], "texture": "#0" },
				"west": { "uv": [ 11, 0, 11.5, 1.5 ], "texture": "#0" },
				"east": { "uv": [ 11, 0, 11.5, 1.5 ], "texture": "#0" }
			}
		},
		{
			"from": [ 4, 1.5, 3.5 ],
			"to": [ 12, 3, 4 ],
			"faces": {
				"down": { "uv": [ 11.5, 1, 12, 1.5 ], "texture": "#0" },
				"up": { "uv": [ 11.5, 0, 12, 0.5 ], "texture": "#0" },
				"north": { "uv": [ 12, 0, 12.5, 1.5 ], "texture": "#0" },
				"south": { "uv": [ 12, 0, 12.5, 1.5 ], "texture": "#0" },
				"west": { "uv": [ 11, 0, 11.5, 1.5 ], "texture": "#0" },
				"east": { "uv": [ 11, 0, 11.5, 1.5 ], "texture": "#0" }
			}
		},
		{
			"from": [ 7, 5, 3 ],
			"to": [ 9, 6.5, 3.5 ],
			"faces": {
				"down": { "uv": [ 10, 1, 10.5, 0.5 ], "texture": "#0" },
				"up": { "uv": [ 10, 0.5, 10.5, 1 ], "texture": "#0" },
				"north": { "uv": [ 10, 0.5, 10.5, 1 ], "texture": "#0" },
				"west": { "uv": [ 10, 0.5, 10.5, 1 ], "texture": "#0" },
				"east": { "uv": [ 10.5, 0.5, 10, 1 ], "texture": "#0" }
			}
		},
		{
			"from": [ 7, 4.5, 3.5 ],
			"to": [ 9, 5, 4 ],
			"faces": {
				"down": { "uv": [ 10, 1, 10.5, 0.5 ], "texture": "#0" },
				"north": { "uv": [ 10, 0.5, 10.5, 1 ], "texture": "#0" },
				"south": { "uv": [ 10, 1, 10.5, 0.5 ], "texture": "#0" },
				"west": { "uv": [ 10, 0.5, 10.5, 1 ], "texture": "#0" },
				"east": { "uv": [ 10.5, 0.5, 10, 1 ], "texture": "#0" }
			}
		},
		{
			"from": [ 7, 6.5, 3.5 ],
			"to": [ 9, 7, 4 ],
			"faces": {
				"up": { "uv": [ 10, 0.5, 10.5, 1 ], "texture": "#0" },
				"north": { "uv": [ 10, 0.5, 10.5, 1 ], "texture": "#0" },
				"south": { "uv": [ 10, 1, 10.5, 0.5 ], "texture": "#0" },
				"west": { "uv": [ 10, 0.5, 10.5, 1 ], "texture": "#0" },
				"east": { "uv": [ 10.5, 0.5, 10, 1 ], "texture": "#0" }
			}
		},
		{
			"from": [ 7, 3, 3.5 ],
			"to": [ 9, 3.5, 4 ],
			"faces": {
				"up": { "uv": [ 10, 0.5, 10.5, 1 ], "texture": "#0" },
				"north": { "uv": [ 10, 0.5, 10.5, 1 ], "texture": "#0" },
				"south": { "uv": [ 10, 1, 10.5, 0.5 ], "texture": "#0" },
				"west": { "uv": [ 10, 0.5, 10.5, 1 ], "texture": "#0" },
				"east": { "uv": [ 10.5, 0.5, 10, 1 ], "texture": "#0" }
			}
		},
		{
			"from": [ 7, 1, 3.5 ],
			"to": [ 9, 1.5, 4 ],
			"faces": {
				"down": { "uv": [ 10, 1, 10.5, 0.5 ], "texture": "#0" },
				"north": { "uv": [ 10, 0.5, 10.5, 1 ], "texture": "#0" },
				"south": { "uv": [ 10, 1, 10.5, 0.5 ], "texture": "#0" },
				"west": { "uv": [ 10, 0.5, 10.5, 1 ], "texture": "#0" },
				"east": { "uv": [ 10.5, 0.5, 10, 1 ], "texture": "#0" }
			}
		},
		{
			"from": [ 7, 1.5, 3 ],
			"to": [ 9, 3, 3.5 ],
			"faces": {
				"down": { "uv": [ 10, 1, 10.5, 0.5 ], "texture": "#0" },
				"up": { "uv": [ 10, 0.5, 10.5, 1 ], "texture": "#0" },
				"north": { "uv": [ 10, 0.5, 10.5, 1 ], "texture": "#0" },
				"west": { "uv": [ 10, 0.5, 10.5, 1 ], "texture": "#0" },
				"east": { "uv": [ 10.5, 0.5, 10, 1 ], "texture": "#0" }
			}
		},
		{
			"from": [ 3.5, 2, 13 ],
			"to": [ 8, 3.5, 13.5 ],
			"faces": {
				"down": { "uv": [ 15, 12.5, 15.5, 13 ], "texture": "#0" },
				"up": { "uv": [ 15, 12.5, 15.5, 13 ], "texture": "#0" },
				"south": { "uv": [ 15, 12.5, 15.5, 13 ], "texture": "#0" },
				"west": { "uv": [ 15, 12.5, 15.5, 13.5 ], "texture": "#0" }
			}
		},
		{
			"from": [ 3.5, 1.5, 12.5 ],
			"to": [ 8, 6, 13 ],
			"faces": {
				"down": { "uv": [ 15, 14, 15.5, 14.5 ], "texture": "#0" },
				"up": { "uv": [ 15, 10.5, 15.5, 11 ], "texture": "#0" },
				"south": { "uv": [ 15, 10, 15.5, 14.5 ], "texture": "#0" },
				"west": { "uv": [ 15, 10, 15.5, 14.5 ], "texture": "#0" }
			}
		},
		{
			"from": [ 3.5, 0.5, 12 ],
			"to": [ 8, 7.5, 12.5 ],
			"faces": {
				"down": { "uv": [ 15, 15, 15.5, 15.5 ], "texture": "#0" },
				"up": { "uv": [ 14.5, 8.5, 15.5, 9 ], "texture": "#0" },
				"south": { "uv": [ 15, 8.5, 15.5, 15.5 ], "texture": "#0" },
				"west": { "uv": [ 15, 8.5, 15.5, 15.5 ], "texture": "#0" }
			}
		},
		{
			"from": [ 9, 3, 13.5 ],
			"to": [ 9.5, 3.5, 14.5 ],
			"faces": {
				"down": { "uv": [ 6, 14, 6.5, 13 ], "texture": "#0" },
				"south": { "uv": [ 6, 14, 6.5, 13.5 ], "texture": "#0" },
				"west": { "uv": [ 6, 13, 6.5, 13.5 ], "texture": "#0" }
			}
		},
		{
			"from": [ 6.5, 3, 13.5 ],
			"to": [ 7, 3.5, 14.5 ],
			"faces": {
				"down": { "uv": [ 6, 14, 6.5, 13 ], "texture": "#0" },
				"south": { "uv": [ 6, 14, 6.5, 13.5 ], "texture": "#0" },
				"east": { "uv": [ 6.5, 13, 6, 13.5 ], "texture": "#0" }
			}
		},
		{
			"from": [ 5, 9, 12.5 ],
			"to": [ 5.5, 9.5, 13 ],
			"faces": {
				"down": { "uv": [ 6.5, 5, 8, 5.5 ], "texture": "#0" },
				"up": { "uv": [ 6.5, 5, 8, 5.5 ], "texture": "#0" },
				"north": { "uv": [ 8, 5, 6.5, 5.5 ], "texture": "#0" },
				"south": { "uv": [ 6.5, 5, 8, 5.5 ], "texture": "#0" },
				"west": { "uv": [ 7, 5.5, 7.5, 6 ], "texture": "#0" },
				"east": { "uv": [ 9.5, 5.5, 10, 6 ], "texture": "#0" }
			}
		},
		{
			"from": [ 4.2667, 8, 12.2667 ],
			"to": [ 6.400033, 8.533334, 12.80003 ],
			"faces": {
				"down": { "uv": [ 7.5, 10, 9.633334, 10.53333 ], "texture": "#0" },
				"up": { "uv": [ 7.5, 9.499999, 9.633334, 10.03333 ], "texture": "#0" },
				"north": { "uv": [ 9.599999, 7.466666, 11.73333, 8 ], "texture": "#0" },
				"south": { "uv": [ 4.266667, 7.466666, 6.400001, 8 ], "texture": "#0" },
				"west": { "uv": [ 10.5, 7.5, 11.03333, 8.033334 ], "texture": "#0" },
				"east": { "uv": [ 5, 7.5, 5.533334, 8.033334 ], "texture": "#0" }
			}
		},
		{
			"from": [ 4.8, 8.533299, 12.2667 ],
			"to": [ 5.866664, 9.066633, 12.80003 ],
			"faces": {
				"down": { "uv": [ 5, 9, 7.133334, 9.533335 ], "texture": "#0" },
				"up": { "uv": [ 7, 9, 9.133334, 9.53333 ], "texture": "#0" },
				"north": { "uv": [ 9.999999, 8, 12.13333, 8.533334 ], "texture": "#0" },
				"south": { "uv": [ 4.266667, 7.466666, 6.400001, 8 ], "texture": "#0" },
				"west": { "uv": [ 10.5, 8, 11.03333, 8.533334 ], "texture": "#0" },
				"east": { "uv": [ 6, 9, 6.533334, 9.533334 ], "texture": "#0" }
			}
		},
		{
			"from": [ 5.3333, 9.0667, 12.2667 ],
			"to": [ 5.3343, 9.0677, 12.80003 ],
			"faces": {
				"down": { "uv": [ 4.266667, 3.199999, 6.400001, 3.733334 ], "texture": "#0" },
				"up": { "uv": [ 4.266667, 12.26667, 6.400001, 12.8 ], "texture": "#0" },
				"north": { "uv": [ 9.599999, 7.466666, 11.73333, 8 ], "texture": "#0" },
				"south": { "uv": [ 4.266667, 7.466666, 6.400001, 8 ], "texture": "#0" },
				"west": { "uv": [ 12.26667, 7.466666, 12.8, 8 ], "texture": "#0" },
				"east": { "uv": [ 3.199999, 7.466666, 3.733333, 8 ], "texture": "#0" }
			}
		},
		{
			"from": [ 9.599999, 8, 12.2667 ],
			"to": [ 11.73333, 8.533334, 12.80003 ],
			"faces": {
				"down": { "uv": [ 4.5, 9, 6.633334, 9.533335 ], "texture": "#0" },
				"up": { "uv": [ 6.5, 15, 8.633333, 15.53333 ], "texture": "#0" },
				"north": { "uv": [ 9.5, 9, 11.63333, 9.533334 ], "texture": "#0" },
				"south": { "uv": [ 4.266667, 7.466666, 6.400001, 8 ], "texture": "#0" },
				"west": { "uv": [ 10, 8.5, 10.53333, 9.033334 ], "texture": "#0" },
				"east": { "uv": [ 6, 8.5, 6.533334, 9.033334 ], "texture": "#0" }
			}
		},
		{
			"from": [ 10.1333, 8.533299, 12.2667 ],
			"to": [ 11.19997, 9.066633, 12.80003 ],
			"faces": {
				"down": { "uv": [ 4.266667, 3.199999, 6.400001, 3.733334 ], "texture": "#0" },
				"up": { "uv": [ 7, 15, 9.133333, 15.53333 ], "texture": "#0" },
				"north": { "uv": [ 9.599999, 7.466666, 11.73333, 8 ], "texture": "#0" },
				"south": { "uv": [ 4.266667, 7.466666, 6.400001, 8 ], "texture": "#0" },
				"west": { "uv": [ 10.5, 8, 11.03333, 8.533334 ], "texture": "#0" },
				"east": { "uv": [ 5, 7.5, 5.533334, 8.033334 ], "texture": "#0" }
			}
		},
		{
			"from": [ 5, 9, 12 ],
			"to": [ 5.5, 9.5, 12.5 ],
			"faces": {
				"down": { "uv": [ 4.266667, 3.199999, 6.400001, 3.733334 ], "texture": "#0" },
				"up": { "uv": [ 4.5, 9, 6.633334, 9.53333 ], "texture": "#0" },
				"north": { "uv": [ 9.599999, 7.466666, 11.73333, 8 ], "texture": "#0" },
				"south": { "uv": [ 4.266667, 7.466666, 6.400001, 8 ], "texture": "#0" },
				"west": { "uv": [ 11, 7.5, 11.53333, 8.033334 ], "texture": "#0" },
				"east": { "uv": [ 4.5, 7.5, 5.033334, 8.033334 ], "texture": "#0" }
			}
		},
		{
			"from": [ 10.5, 9, 12 ],
			"to": [ 11, 9.5, 12.5 ],
			"faces": {
				"down": { "uv": [ 4.5, 8.5, 6.633334, 9.033335 ], "texture": "#0" },
				"up": { "uv": [ 3.5, 12, 5.633334, 12.53333 ], "texture": "#0" },
				"north": { "uv": [ 9.599999, 7.466666, 11.73333, 8 ], "texture": "#0" },
				"south": { "uv": [ 4.266667, 7.466666, 6.400001, 8 ], "texture": "#0" },
				"west": { "uv": [ 11, 7.5, 11.53333, 8.033334 ], "texture": "#0" },
				"east": { "uv": [ 4.5, 7.5, 5.033334, 8.033334 ], "texture": "#0" }
			}
		}
	],
	"display": {
		"head": {
        "rotation": [ 0, 180, 0 ],
        "translation": [ 0, 4.3, -0.4 ],
        "scale": [ 2, 2, 2 ]
    },
    "gui": {
        "rotation": [ -30, 135, 0 ],
        "translation": [ 0, 2.2, 0 ],
        "scale": [ 1.5, 1.5, 1.5 ]
    }
}
}