{
	"__comment": "Model Created By CrypticMemes",
	"textures": {
		"control": "items/control",
		"animtexture": "items/errorterminal"
	},
	"elements": [
		{
			"from": [ 4.5, 0, 2.5 ],
			"to": [ 10.5, 2, 11.5 ],
			"faces": {
				"down": { "uv": [ 1, 3.5, 4, 12.5 ], "texture": "#control" },
				"up": { "uv": [ 1, 3.5, 4, 12.5 ], "texture": "#control" },
				"north": { "uv": [ 1, 3.5, 4, 12.5 ], "texture": "#control" },
				"south": { "uv": [ 1, 3.5, 4, 12.5 ], "texture": "#control" },
				"west": { "uv": [ 1, 3.5, 4, 12.5 ], "texture": "#control" },
				"east": { "uv": [ 1, 3.5, 4, 12.5 ], "texture": "#control" }
			}
		},
		{
			"from": [ 6.5, 0.3, 1.5 ],
			"to": [ 8.5, 1.8, 2.5 ],
			"faces": {
				"down": { "uv": [ 7, 12.5, 8, 13.5 ], "texture": "#control" },
				"up": { "uv": [ 7, 12.5, 8, 13.5 ], "texture": "#control" },
				"north": { "uv": [ 7, 12.5, 8, 13.5 ], "texture": "#control" },
				"south": { "uv": [ 7, 12.5, 8, 13.5 ], "texture": "#control" },
				"west": { "uv": [ 7, 12.5, 8, 13.5 ], "texture": "#control" },
				"east": { "uv": [ 7, 12.5, 8, 13.5 ], "texture": "#control" }
			}
		},
		{
			"from": [ 7, 0.5, -1 ],
			"to": [ 8, 1.5, 1.5 ],
			"faces": {
				"down": { "uv": [ 7, 12.5, 8, 13.5 ], "texture": "#control" },
				"up": { "uv": [ 7, 12.5, 8, 13.5 ], "texture": "#control" },
				"north": { "uv": [ 7, 12.5, 8, 13.5 ], "texture": "#control" },
				"south": { "uv": [ 7, 12.5, 8, 13.5 ], "texture": "#control" },
				"west": { "uv": [ 7, 12.5, 8, 13.5 ], "texture": "#control" },
				"east": { "uv": [ 7, 12.5, 8, 13.5 ], "texture": "#control" }
			}
		},
		{
			"from": [ 7.3, 0.71, -2 ],
			"to": [ 7.699998, 1.21, -1 ],
			"faces": {
				"down": { "uv": [ 7, 12.5, 8, 13.5 ], "texture": "#control" },
				"up": { "uv": [ 7, 12.5, 8, 13.5 ], "texture": "#control" },
				"north": { "uv": [ 7, 12.5, 8, 13.5 ], "texture": "#control" },
				"south": { "uv": [ 7, 12.5, 8, 13.5 ], "texture": "#control" },
				"west": { "uv": [ 7, 12.5, 8, 13.5 ], "texture": "#control" },
				"east": { "uv": [ 7, 12.5, 8, 13.5 ], "texture": "#control" }
			}
		},
		{
			"from": [ 7.14, 0.6, -2.5 ],
			"to": [ 7.84, 1.3, -1.8 ],
			"rotation": { "origin": [ 7.5, 0.5, -2.5 ], "axis": "z", "angle": 0 },
			"faces": {
				"down": { "uv": [ 7, 12.5, 8, 13.5 ], "texture": "#control" },
				"up": { "uv": [ 7, 12.5, 8, 13.5 ], "texture": "#control" },
				"north": { "uv": [ 7, 12.5, 8, 13.5 ], "texture": "#control" },
				"south": { "uv": [ 7, 12.5, 8, 13.5 ], "texture": "#control" },
				"west": { "uv": [ 7, 12.5, 8, 13.5 ], "texture": "#control" },
				"east": { "uv": [ 7, 12.5, 8, 13.5 ], "texture": "#control" }
			}
		},
		{
			"__comment": "Box7",
			"from": [ 5, 2, 3 ],
			"to": [ 10, 2.5, 7 ],
			"faces": {
				"down": { "uv": [ 5, 9, 10, 13 ], "texture": "#animtexture" },
				"up": { "uv": [ 4.5, 4, 15.5, 12.5 ], "texture": "#animtexture" },
				"north": { "uv": [ 6, 13.5, 11, 14 ], "texture": "#animtexture" },
				"south": { "uv": [ 5, 13.5, 10, 14 ], "texture": "#animtexture" },
				"west": { "uv": [ 3, 13.5, 7, 14 ], "texture": "#animtexture" },
				"east": { "uv": [ 3.5, 3.5, 11.5, 6 ], "texture": "#animtexture" }
			}
		},
		{
			"__comment": "Voxels-9B0000",
			"from": [ 6.4681, 1.8723, 8.3404 ],
			"to": [ 8.340441, 2.553151, 9.531889 ],
			"faces": {
				"down": { "uv": [ 13, 3.5, 15.08, 5.58 ], "texture": "#control" },
				"up": { "uv": [ 13, 3.5, 15.08, 5.58 ], "texture": "#control" },
				"north": { "uv": [ 13, 3.5, 15.08, 5.58 ], "texture": "#control" },
				"south": { "uv": [ 13, 3.5, 15.08, 5.58 ], "texture": "#control" },
				"west": { "uv": [ 13, 3.5, 15.08, 5.58 ], "texture": "#control" },
				"east": { "uv": [ 13, 3.5, 15.08, 5.58 ], "texture": "#control" }
			}
		},
		{
			"__comment": "Voxels-9B0000",
			"from": [ 6.6383, 1.8723, 8.170199 ],
			"to": [ 8.340427, 2.553151, 8.340412 ],
			"faces": {
				"down": { "uv": [ 13, 3.5, 15.08, 5.58 ], "texture": "#control" },
				"up": { "uv": [ 13, 3.5, 15.08, 5.58 ], "texture": "#control" },
				"north": { "uv": [ 13, 3.5, 15.08, 5.58 ], "texture": "#control" },
				"south": { "uv": [ 13, 3.5, 15.08, 5.58 ], "texture": "#control" },
				"west": { "uv": [ 13, 3.5, 15.08, 5.58 ], "texture": "#control" },
				"east": { "uv": [ 13, 3.5, 15.08, 5.58 ], "texture": "#control" }
			}
		},
		{
			"__comment": "Voxels-9B0000",
			"from": [ 6.6383, 1.8723, 9.531899 ],
			"to": [ 8.51064, 2.553151, 9.702112 ],
			"faces": {
				"down": { "uv": [ 13, 3.5, 15.08, 5.58 ], "texture": "#control" },
				"up": { "uv": [ 13, 3.5, 15.08, 5.58 ], "texture": "#control" },
				"north": { "uv": [ 13, 3.5, 15.08, 5.58 ], "texture": "#control" },
				"south": { "uv": [ 13, 3.5, 15.08, 5.58 ], "texture": "#control" },
				"west": { "uv": [ 13, 3.5, 15.08, 5.58 ], "texture": "#control" },
				"east": { "uv": [ 13, 3.5, 15.08, 5.58 ], "texture": "#control" }
			}
		},
		{
			"__comment": "Voxels-9B0000",
			"from": [ 6.6383, 1.8723, 9.7021 ],
			"to": [ 8.340427, 2.553151, 9.872313 ],
			"faces": {
				"down": { "uv": [ 13, 3.5, 15.08, 5.58 ], "texture": "#control" },
				"up": { "uv": [ 13, 3.5, 15.08, 5.58 ], "texture": "#control" },
				"north": { "uv": [ 13, 3.5, 15.08, 5.58 ], "texture": "#control" },
				"south": { "uv": [ 13, 3.5, 15.08, 5.58 ], "texture": "#control" },
				"west": { "uv": [ 13, 3.5, 15.08, 5.58 ], "texture": "#control" },
				"east": { "uv": [ 13, 3.5, 15.08, 5.58 ], "texture": "#control" }
			}
		},
		{
			"__comment": "Voxels-9B0000",
			"from": [ 6.8085, 1.8723, 8 ],
			"to": [ 8.170202, 2.553151, 8.170213 ],
			"faces": {
				"down": { "uv": [ 13, 3.5, 15.08, 5.58 ], "texture": "#control" },
				"up": { "uv": [ 13, 3.5, 15.08, 5.58 ], "texture": "#control" },
				"north": { "uv": [ 13, 3.5, 15.08, 5.58 ], "texture": "#control" },
				"south": { "uv": [ 13, 3.5, 15.08, 5.58 ], "texture": "#control" },
				"west": { "uv": [ 13, 3.5, 15.08, 5.58 ], "texture": "#control" },
				"east": { "uv": [ 13, 3.5, 15.08, 5.58 ], "texture": "#control" }
			}
		},
		{
			"__comment": "Voxels-9B0000",
			"from": [ 6.9787, 1.8723, 9.8723 ],
			"to": [ 7.999976, 2.553151, 10.04251 ],
			"faces": {
				"down": { "uv": [ 13, 3.5, 15.08, 5.58 ], "texture": "#control" },
				"up": { "uv": [ 13, 3.5, 15.08, 5.58 ], "texture": "#control" },
				"north": { "uv": [ 13, 3.5, 15.08, 5.58 ], "texture": "#control" },
				"south": { "uv": [ 13, 3.5, 15.08, 5.58 ], "texture": "#control" },
				"west": { "uv": [ 13, 3.5, 15.08, 5.58 ], "texture": "#control" },
				"east": { "uv": [ 13, 3.5, 15.08, 5.58 ], "texture": "#control" }
			}
		},
		{
			"__comment": "Voxels-9B0000",
			"from": [ 8.3404, 1.8723, 8.5106 ],
			"to": [ 8.510612, 2.553151, 9.531877 ],
			"faces": {
				"down": { "uv": [ 13, 3.5, 15.08, 5.58 ], "texture": "#control" },
				"up": { "uv": [ 13, 3.5, 15.08, 5.58 ], "texture": "#control" },
				"north": { "uv": [ 13, 3.5, 15.08, 5.58 ], "texture": "#control" },
				"south": { "uv": [ 13, 3.5, 15.08, 5.58 ], "texture": "#control" },
				"west": { "uv": [ 13, 3.5, 15.08, 5.58 ], "texture": "#control" },
				"east": { "uv": [ 13, 3.5, 15.08, 5.58 ], "texture": "#control" }
			}
		},
		{
			"__comment": "Voxels-9B0000",
			"from": [ 8.3404, 2.0426, 8.3404 ],
			"to": [ 8.510612, 2.553238, 8.510612 ],
			"faces": {
				"down": { "uv": [ 13, 3.5, 15.08, 5.58 ], "texture": "#control" },
				"up": { "uv": [ 13, 3.5, 15.08, 5.58 ], "texture": "#control" },
				"north": { "uv": [ 13, 3.5, 15.08, 5.58 ], "texture": "#control" },
				"south": { "uv": [ 13, 3.5, 15.08, 5.58 ], "texture": "#control" },
				"west": { "uv": [ 13, 3.5, 15.08, 5.58 ], "texture": "#control" },
				"east": { "uv": [ 13, 3.5, 15.08, 5.58 ], "texture": "#control" }
			}
		}
	],
"display": {
    "thirdperson": {
        "rotation": [ 0, 0, -91 ],
        "translation": [ 3.7, -0.5, -1.5 ],
        "scale": [ 1, 1, 1 ]
    },
    "head": {
        "rotation": [ 0, 180, 0 ],
        "translation": [ -0.1, 4.7, -0.4 ],
        "scale": [ 1.45, 1.45, 1.45 ]
    },
    "ground": {
        "rotation": [ 0, 0, 0 ],
        "translation": [ 0, 0, 0 ],
        "scale": [ 1.48, 1.26, 1.48 ]
    },
    "fixed": {
        "rotation": [ 90, 180, 0 ],
        "translation": [ -0.4, -1.4, -4.3 ],
        "scale": [ 1.89, 1.23, 1.64 ]
    },
    "firstperson": {
        "rotation": [ 54, -125, 0 ],
        "translation": [ -9.4, 7, -0.1 ],
        "scale": [ 1.45, 1.07, 1.45 ]
    },
    "gui": {
        "rotation": [ 72, 133, -4 ],
        "translation": [ -0.5, -3.1, 0 ],
        "scale": [ 1.2, 1.2, 1.2 ]
    }
}
}