{
  "DuskCrawler.crystal": {
    "category": "master",
    "sounds": [
      "DuskCrawler/crystal1",
      "DuskCrawler/crystal2",
      "DuskCrawler/crystal3"
    ]
  },
  "DuskCrawler.pain": {
    "category": "master",
    "sounds": [
      "DuskCrawler/pain1",
      "DuskCrawler/pain2",
      "DuskCrawler/pain3",
      "DuskCrawler/pain4"
    ]
  },
  "DuskCrawler.select": {
    "category": "master",
    "sounds": [
      "DuskCrawler/select"
    ]
  },
  "DuskCrawler.smashed": {
    "category": "master",
    "sounds": [
      "DuskCrawler/smashed"
    ]
  },
  "DuskCrawler.taunt": {
    "category": "master",
    "sounds": [
      "DuskCrawler/taunt1",
      "DuskCrawler/taunt2",
      "DuskCrawler/taunt3",
      "DuskCrawler/taunt4",
      "DuskCrawler/taunt5",
      "DuskCrawler/taunt6",
      "DuskCrawler/taunt7",
      "DuskCrawler/taunt8",
      "DuskCrawler/taunt9",
      "DuskCrawler/taunt10",
      "DuskCrawler/taunt11",
      "DuskCrawler/taunt12",
      "DuskCrawler/taunt13"
    ]
  }
}