{
	"__comment": "Designed by Cryptic with Cubik Studio - https://cubik.studio",
	"textures": {
		"particle": "blocks/e_particle",
		"texture": "blocks/e_texture",
		"crusade_helmet": "blocks/crusade_helmet",
		"vines_crusade_helmet": "blocks/vines_crusade_helmet"
	},
	"elements": [
		{
			"__comment": "Voxels-666666",
			"from": [ 1.5, 0, 7 ],
			"to": [ 14, 16.5, 8 ],
			"faces": {
				"down": { "uv": [ 4.96, 0.96, 7.04, 3.04 ], "texture": "#crusade_helmet" },
				"up": { "uv": [ 4.96, 0.96, 7.04, 3.04 ], "texture": "#crusade_helmet" },
				"north": { "uv": [ 4.96, 0.96, 7.04, 3.04 ], "texture": "#crusade_helmet" },
				"south": { "uv": [ 4.96, 0.96, 7.04, 3.04 ], "texture": "#crusade_helmet" },
				"west": { "uv": [ 4.96, 0.96, 7.04, 3.04 ], "texture": "#crusade_helmet" },
				"east": { "uv": [ 4.96, 0.96, 7.04, 3.04 ], "texture": "#crusade_helmet" }
			}
		},
		{
			"__comment": "Voxels-666666",
			"from": [ 2, 0, 5 ],
			"to": [ 14, 16.5, 7 ],
			"faces": {
				"down": { "uv": [ 4.96, 0.96, 7.04, 3.04 ], "texture": "#crusade_helmet" },
				"up": { "uv": [ 4.96, 0.96, 7.04, 3.04 ], "texture": "#crusade_helmet" },
				"north": { "uv": [ 4.96, 0.96, 7.04, 3.04 ], "texture": "#crusade_helmet" },
				"south": { "uv": [ 4.96, 0.96, 7.04, 3.04 ], "texture": "#crusade_helmet" },
				"west": { "uv": [ 4.96, 0.96, 7.04, 3.04 ], "texture": "#crusade_helmet" },
				"east": { "uv": [ 4.96, 0.96, 7.04, 3.04 ], "texture": "#crusade_helmet" }
			}
		},
		{
			"__comment": "Voxels-666666",
			"from": [ 2, 0, 8 ],
			"to": [ 14, 17, 9 ],
			"faces": {
				"down": { "uv": [ 4.96, 0.96, 7.04, 3.04 ], "texture": "#crusade_helmet" },
				"up": { "uv": [ 4.96, 0.96, 7.04, 3.04 ], "texture": "#crusade_helmet" },
				"north": { "uv": [ 4.96, 0.96, 7.04, 3.04 ], "texture": "#crusade_helmet" },
				"south": { "uv": [ 4.96, 0.96, 7.04, 3.04 ], "texture": "#crusade_helmet" },
				"west": { "uv": [ 4.96, 0.96, 7.04, 3.04 ], "texture": "#crusade_helmet" },
				"east": { "uv": [ 4.96, 0.96, 7.04, 3.04 ], "texture": "#crusade_helmet" }
			}
		},
		{
			"__comment": "Voxels-666666",
			"from": [ 2, 0, 9 ],
			"to": [ 14, 16.5, 10 ],
			"faces": {
				"down": { "uv": [ 4.96, 0.96, 7.04, 3.04 ], "texture": "#crusade_helmet" },
				"up": { "uv": [ 4.96, 0.96, 7.04, 3.04 ], "texture": "#crusade_helmet" },
				"north": { "uv": [ 4.96, 0.96, 7.04, 3.04 ], "texture": "#crusade_helmet" },
				"south": { "uv": [ 4.96, 0.96, 7.04, 3.04 ], "texture": "#crusade_helmet" },
				"west": { "uv": [ 4.96, 0.96, 7.04, 3.04 ], "texture": "#crusade_helmet" },
				"east": { "uv": [ 4.96, 0.96, 7.04, 3.04 ], "texture": "#crusade_helmet" }
			}
		},
		{
			"__comment": "Voxels-666666",
			"from": [ 2, 16.5, 6 ],
			"to": [ 14, 17, 8 ],
			"faces": {
				"down": { "uv": [ 4.96, 0.96, 7.04, 3.04 ], "texture": "#crusade_helmet" },
				"up": { "uv": [ 4.96, 0.96, 7.04, 3.04 ], "texture": "#crusade_helmet" },
				"north": { "uv": [ 4.96, 0.96, 7.04, 3.04 ], "texture": "#crusade_helmet" },
				"south": { "uv": [ 4.96, 0.96, 7.04, 3.04 ], "texture": "#crusade_helmet" },
				"west": { "uv": [ 4.96, 0.96, 7.04, 3.04 ], "texture": "#crusade_helmet" },
				"east": { "uv": [ 4.96, 0.96, 7.04, 3.04 ], "texture": "#crusade_helmet" }
			}
		},
		{
			"__comment": "Voxels-666666",
			"from": [ 2.5, 0, 4 ],
			"to": [ 13.5, 16.5, 5 ],
			"faces": {
				"down": { "uv": [ 4.96, 0.96, 7.04, 3.04 ], "texture": "#crusade_helmet" },
				"up": { "uv": [ 4.96, 0.96, 7.04, 3.04 ], "texture": "#crusade_helmet" },
				"north": { "uv": [ 4.96, 0.96, 7.04, 3.04 ], "texture": "#crusade_helmet" },
				"south": { "uv": [ 4.96, 0.96, 7.04, 3.04 ], "texture": "#crusade_helmet" },
				"west": { "uv": [ 4.96, 0.96, 7.04, 3.04 ], "texture": "#crusade_helmet" },
				"east": { "uv": [ 4.96, 0.96, 7.04, 3.04 ], "texture": "#crusade_helmet" }
			}
		},
		{
			"__comment": "Voxels-666666",
			"from": [ 2.5, 0, 10 ],
			"to": [ 13.5, 16.5, 11 ],
			"faces": {
				"down": { "uv": [ 4.96, 0.96, 7.04, 3.04 ], "texture": "#crusade_helmet" },
				"up": { "uv": [ 4.96, 0.96, 7.04, 3.04 ], "texture": "#crusade_helmet" },
				"north": { "uv": [ 4.96, 0.96, 7.04, 3.04 ], "texture": "#crusade_helmet" },
				"south": { "uv": [ 4.96, 0.96, 7.04, 3.04 ], "texture": "#crusade_helmet" },
				"west": { "uv": [ 4.96, 0.96, 7.04, 3.04 ], "texture": "#crusade_helmet" },
				"east": { "uv": [ 4.96, 0.96, 7.04, 3.04 ], "texture": "#crusade_helmet" }
			}
		},
		{
			"__comment": "Voxels-666666",
			"from": [ 2.5, 16.5, 5 ],
			"to": [ 13.5, 17, 6 ],
			"faces": {
				"down": { "uv": [ 4.96, 0.96, 7.04, 3.04 ], "texture": "#crusade_helmet" },
				"up": { "uv": [ 4.96, 0.96, 7.04, 3.04 ], "texture": "#crusade_helmet" },
				"north": { "uv": [ 4.96, 0.96, 7.04, 3.04 ], "texture": "#crusade_helmet" },
				"south": { "uv": [ 4.96, 0.96, 7.04, 3.04 ], "texture": "#crusade_helmet" },
				"west": { "uv": [ 4.96, 0.96, 7.04, 3.04 ], "texture": "#crusade_helmet" },
				"east": { "uv": [ 4.96, 0.96, 7.04, 3.04 ], "texture": "#crusade_helmet" }
			}
		},
		{
			"__comment": "Voxels-666666",
			"from": [ 2.5, 16.5, 9 ],
			"to": [ 13.5, 17, 10 ],
			"faces": {
				"down": { "uv": [ 4.96, 0.96, 7.04, 3.04 ], "texture": "#crusade_helmet" },
				"up": { "uv": [ 4.96, 0.96, 7.04, 3.04 ], "texture": "#crusade_helmet" },
				"north": { "uv": [ 4.96, 0.96, 7.04, 3.04 ], "texture": "#crusade_helmet" },
				"south": { "uv": [ 4.96, 0.96, 7.04, 3.04 ], "texture": "#crusade_helmet" },
				"west": { "uv": [ 4.96, 0.96, 7.04, 3.04 ], "texture": "#crusade_helmet" },
				"east": { "uv": [ 4.96, 0.96, 7.04, 3.04 ], "texture": "#crusade_helmet" }
			}
		},
		{
			"__comment": "Voxels-666666",
			"from": [ 3, 0, 3.5 ],
			"to": [ 13, 16.5, 4 ],
			"faces": {
				"down": { "uv": [ 4.96, 0.96, 7.04, 3.04 ], "texture": "#crusade_helmet" },
				"up": { "uv": [ 4.96, 0.96, 7.04, 3.04 ], "texture": "#crusade_helmet" },
				"north": { "uv": [ 4.96, 0.96, 7.04, 3.04 ], "texture": "#crusade_helmet" },
				"south": { "uv": [ 4.96, 0.96, 7.04, 3.04 ], "texture": "#crusade_helmet" },
				"west": { "uv": [ 4.96, 0.96, 7.04, 3.04 ], "texture": "#crusade_helmet" },
				"east": { "uv": [ 4.96, 0.96, 7.04, 3.04 ], "texture": "#crusade_helmet" }
			}
		},
		{
			"__comment": "Voxels-666666",
			"from": [ 3, 0, 11 ],
			"to": [ 13, 16.5, 11.5 ],
			"faces": {
				"down": { "uv": [ 4.96, 0.96, 7.04, 3.04 ], "texture": "#crusade_helmet" },
				"up": { "uv": [ 4.96, 0.96, 7.04, 3.04 ], "texture": "#crusade_helmet" },
				"north": { "uv": [ 4.96, 0.96, 7.04, 3.04 ], "texture": "#crusade_helmet" },
				"south": { "uv": [ 4.96, 0.96, 7.04, 3.04 ], "texture": "#crusade_helmet" },
				"west": { "uv": [ 4.96, 0.96, 7.04, 3.04 ], "texture": "#crusade_helmet" },
				"east": { "uv": [ 4.96, 0.96, 7.04, 3.04 ], "texture": "#crusade_helmet" }
			}
		},
		{
			"__comment": "Voxels-666666",
			"from": [ 3, 16.5, 4 ],
			"to": [ 13, 17, 5 ],
			"faces": {
				"down": { "uv": [ 4.96, 0.96, 7.04, 3.04 ], "texture": "#crusade_helmet" },
				"up": { "uv": [ 4.96, 0.96, 7.04, 3.04 ], "texture": "#crusade_helmet" },
				"north": { "uv": [ 4.96, 0.96, 7.04, 3.04 ], "texture": "#crusade_helmet" },
				"south": { "uv": [ 4.96, 0.96, 7.04, 3.04 ], "texture": "#crusade_helmet" },
				"west": { "uv": [ 4.96, 0.96, 7.04, 3.04 ], "texture": "#crusade_helmet" },
				"east": { "uv": [ 4.96, 0.96, 7.04, 3.04 ], "texture": "#crusade_helmet" }
			}
		},
		{
			"__comment": "Voxels-666666",
			"from": [ 3, 16.5, 10 ],
			"to": [ 13, 17, 11 ],
			"faces": {
				"down": { "uv": [ 4.96, 0.96, 7.04, 3.04 ], "texture": "#crusade_helmet" },
				"up": { "uv": [ 4.96, 0.96, 7.04, 3.04 ], "texture": "#crusade_helmet" },
				"north": { "uv": [ 4.96, 0.96, 7.04, 3.04 ], "texture": "#crusade_helmet" },
				"south": { "uv": [ 4.96, 0.96, 7.04, 3.04 ], "texture": "#crusade_helmet" },
				"west": { "uv": [ 4.96, 0.96, 7.04, 3.04 ], "texture": "#crusade_helmet" },
				"east": { "uv": [ 4.96, 0.96, 7.04, 3.04 ], "texture": "#crusade_helmet" }
			}
		},
		{
			"__comment": "Voxels-666666",
			"from": [ 3.5, 0, 3 ],
			"to": [ 12.5, 16.5, 3.5 ],
			"faces": {
				"down": { "uv": [ 4.96, 0.96, 7.04, 3.04 ], "texture": "#crusade_helmet" },
				"up": { "uv": [ 4.96, 0.96, 7.04, 3.04 ], "texture": "#crusade_helmet" },
				"north": { "uv": [ 4.96, 0.96, 7.04, 3.04 ], "texture": "#crusade_helmet" },
				"south": { "uv": [ 4.96, 0.96, 7.04, 3.04 ], "texture": "#crusade_helmet" },
				"west": { "uv": [ 4.96, 0.96, 7.04, 3.04 ], "texture": "#crusade_helmet" },
				"east": { "uv": [ 4.96, 0.96, 7.04, 3.04 ], "texture": "#crusade_helmet" }
			}
		},
		{
			"__comment": "Voxels-666666",
			"from": [ 3.5, 0, 11.5 ],
			"to": [ 12.5, 16.5, 12 ],
			"faces": {
				"down": { "uv": [ 4.96, 0.96, 7.04, 3.04 ], "texture": "#crusade_helmet" },
				"up": { "uv": [ 4.96, 0.96, 7.04, 3.04 ], "texture": "#crusade_helmet" },
				"north": { "uv": [ 4.96, 0.96, 7.04, 3.04 ], "texture": "#crusade_helmet" },
				"south": { "uv": [ 4.96, 0.96, 7.04, 3.04 ], "texture": "#crusade_helmet" },
				"west": { "uv": [ 4.96, 0.96, 7.04, 3.04 ], "texture": "#crusade_helmet" },
				"east": { "uv": [ 4.96, 0.96, 7.04, 3.04 ], "texture": "#crusade_helmet" }
			}
		},
		{
			"__comment": "Voxels-000000",
			"from": [ 3.5, 1, 12 ],
			"to": [ 4, 1.5, 12.5 ],
			"faces": {
				"down": { "uv": [ 8.96, 0.96, 11.04, 3.04 ], "texture": "#crusade_helmet" },
				"up": { "uv": [ 8.96, 0.96, 11.04, 3.04 ], "texture": "#crusade_helmet" },
				"north": { "uv": [ 8.96, 0.96, 11.04, 3.04 ], "texture": "#crusade_helmet" },
				"south": { "uv": [ 8.96, 0.96, 11.04, 3.04 ], "texture": "#crusade_helmet" },
				"west": { "uv": [ 8.96, 0.96, 11.04, 3.04 ], "texture": "#crusade_helmet" },
				"east": { "uv": [ 8.96, 0.96, 11.04, 3.04 ], "texture": "#crusade_helmet" }
			}
		},
		{
			"__comment": "Voxels-000000",
			"from": [ 3.5, 2, 12 ],
			"to": [ 4, 2.5, 12.5 ],
			"faces": {
				"down": { "uv": [ 8.96, 0.96, 11.04, 3.04 ], "texture": "#crusade_helmet" },
				"up": { "uv": [ 8.96, 0.96, 11.04, 3.04 ], "texture": "#crusade_helmet" },
				"north": { "uv": [ 8.96, 0.96, 11.04, 3.04 ], "texture": "#crusade_helmet" },
				"south": { "uv": [ 8.96, 0.96, 11.04, 3.04 ], "texture": "#crusade_helmet" },
				"west": { "uv": [ 8.96, 0.96, 11.04, 3.04 ], "texture": "#crusade_helmet" },
				"east": { "uv": [ 8.96, 0.96, 11.04, 3.04 ], "texture": "#crusade_helmet" }
			}
		},
		{
			"__comment": "Voxels-000000",
			"from": [ 3.5, 3, 12 ],
			"to": [ 4, 3.5, 12.5 ],
			"faces": {
				"down": { "uv": [ 8.96, 0.96, 11.04, 3.04 ], "texture": "#crusade_helmet" },
				"up": { "uv": [ 8.96, 0.96, 11.04, 3.04 ], "texture": "#crusade_helmet" },
				"north": { "uv": [ 8.96, 0.96, 11.04, 3.04 ], "texture": "#crusade_helmet" },
				"south": { "uv": [ 8.96, 0.96, 11.04, 3.04 ], "texture": "#crusade_helmet" },
				"west": { "uv": [ 8.96, 0.96, 11.04, 3.04 ], "texture": "#crusade_helmet" },
				"east": { "uv": [ 8.96, 0.96, 11.04, 3.04 ], "texture": "#crusade_helmet" }
			}
		},
		{
			"__comment": "Voxels-9B9B00",
			"from": [ 3.5, 6, 12 ],
			"to": [ 4, 10.5, 14 ],
			"faces": {
				"down": { "uv": [ 12.96, 0.96, 15.04, 3.04 ], "texture": "#crusade_helmet" },
				"up": { "uv": [ 12.96, 0.96, 15.04, 3.04 ], "texture": "#crusade_helmet" },
				"north": { "uv": [ 12.96, 0.96, 15.04, 3.04 ], "texture": "#crusade_helmet" },
				"south": { "uv": [ 12.96, 0.96, 15.04, 3.04 ], "texture": "#crusade_helmet" },
				"west": { "uv": [ 12.96, 0.96, 15.04, 3.04 ], "texture": "#crusade_helmet" },
				"east": { "uv": [ 12.96, 0.96, 15.04, 3.04 ], "texture": "#crusade_helmet" }
			}
		},
		{
			"__comment": "Voxels-000000",
			"from": [ 3.5, 7.5, 14 ],
			"to": [ 6.5, 9, 14.5 ],
			"faces": {
				"down": { "uv": [ 8.96, 0.96, 11.04, 3.04 ], "texture": "#crusade_helmet" },
				"up": { "uv": [ 8.96, 0.96, 11.04, 3.04 ], "texture": "#crusade_helmet" },
				"north": { "uv": [ 8.96, 0.96, 11.04, 3.04 ], "texture": "#crusade_helmet" },
				"south": { "uv": [ 8.96, 0.96, 11.04, 3.04 ], "texture": "#crusade_helmet" },
				"west": { "uv": [ 8.96, 0.96, 11.04, 3.04 ], "texture": "#crusade_helmet" },
				"east": { "uv": [ 8.96, 0.96, 11.04, 3.04 ], "texture": "#crusade_helmet" }
			}
		},
		{
			"__comment": "Voxels-666666",
			"from": [ 3.5, 16.5, 3.5 ],
			"to": [ 12.5, 17, 4 ],
			"faces": {
				"down": { "uv": [ 4.96, 0.96, 7.04, 3.04 ], "texture": "#crusade_helmet" },
				"up": { "uv": [ 4.96, 0.96, 7.04, 3.04 ], "texture": "#crusade_helmet" },
				"north": { "uv": [ 4.96, 0.96, 7.04, 3.04 ], "texture": "#crusade_helmet" },
				"south": { "uv": [ 4.96, 0.96, 7.04, 3.04 ], "texture": "#crusade_helmet" },
				"west": { "uv": [ 4.96, 0.96, 7.04, 3.04 ], "texture": "#crusade_helmet" },
				"east": { "uv": [ 4.96, 0.96, 7.04, 3.04 ], "texture": "#crusade_helmet" }
			}
		},
		{
			"__comment": "Voxels-666666",
			"from": [ 3.5, 16.5, 11 ],
			"to": [ 12.5, 17, 11.5 ],
			"faces": {
				"down": { "uv": [ 4.96, 0.96, 7.04, 3.04 ], "texture": "#crusade_helmet" },
				"up": { "uv": [ 4.96, 0.96, 7.04, 3.04 ], "texture": "#crusade_helmet" },
				"north": { "uv": [ 4.96, 0.96, 7.04, 3.04 ], "texture": "#crusade_helmet" },
				"south": { "uv": [ 4.96, 0.96, 7.04, 3.04 ], "texture": "#crusade_helmet" },
				"west": { "uv": [ 4.96, 0.96, 7.04, 3.04 ], "texture": "#crusade_helmet" },
				"east": { "uv": [ 4.96, 0.96, 7.04, 3.04 ], "texture": "#crusade_helmet" }
			}
		},
		{
			"__comment": "Voxels-666666",
			"from": [ 4, 0, 2.5 ],
			"to": [ 12, 16.5, 3 ],
			"faces": {
				"down": { "uv": [ 4.96, 0.96, 7.04, 3.04 ], "texture": "#crusade_helmet" },
				"up": { "uv": [ 4.96, 0.96, 7.04, 3.04 ], "texture": "#crusade_helmet" },
				"north": { "uv": [ 4.96, 0.96, 7.04, 3.04 ], "texture": "#crusade_helmet" },
				"south": { "uv": [ 4.96, 0.96, 7.04, 3.04 ], "texture": "#crusade_helmet" },
				"west": { "uv": [ 4.96, 0.96, 7.04, 3.04 ], "texture": "#crusade_helmet" },
				"east": { "uv": [ 4.96, 0.96, 7.04, 3.04 ], "texture": "#crusade_helmet" }
			}
		},
		{
			"__comment": "Voxels-666666",
			"from": [ 4, 0, 12 ],
			"to": [ 12, 6, 12.5 ],
			"faces": {
				"down": { "uv": [ 4.96, 0.96, 7.04, 3.04 ], "texture": "#crusade_helmet" },
				"up": { "uv": [ 4.96, 0.96, 7.04, 3.04 ], "texture": "#crusade_helmet" },
				"north": { "uv": [ 4.96, 0.96, 7.04, 3.04 ], "texture": "#crusade_helmet" },
				"south": { "uv": [ 4.96, 0.96, 7.04, 3.04 ], "texture": "#crusade_helmet" },
				"west": { "uv": [ 4.96, 0.96, 7.04, 3.04 ], "texture": "#crusade_helmet" },
				"east": { "uv": [ 4.96, 0.96, 7.04, 3.04 ], "texture": "#crusade_helmet" }
			}
		},
		{
			"__comment": "Voxels-000000",
			"from": [ 4, 1.5, 12.5 ],
			"to": [ 4.5, 2, 13 ],
			"faces": {
				"down": { "uv": [ 8.96, 0.96, 11.04, 3.04 ], "texture": "#crusade_helmet" },
				"up": { "uv": [ 8.96, 0.96, 11.04, 3.04 ], "texture": "#crusade_helmet" },
				"north": { "uv": [ 8.96, 0.96, 11.04, 3.04 ], "texture": "#crusade_helmet" },
				"south": { "uv": [ 8.96, 0.96, 11.04, 3.04 ], "texture": "#crusade_helmet" },
				"west": { "uv": [ 8.96, 0.96, 11.04, 3.04 ], "texture": "#crusade_helmet" },
				"east": { "uv": [ 8.96, 0.96, 11.04, 3.04 ], "texture": "#crusade_helmet" }
			}
		},
		{
			"__comment": "Voxels-000000",
			"from": [ 4, 2.5, 12.5 ],
			"to": [ 4.5, 3, 13 ],
			"faces": {
				"down": { "uv": [ 8.96, 0.96, 11.04, 3.04 ], "texture": "#crusade_helmet" },
				"up": { "uv": [ 8.96, 0.96, 11.04, 3.04 ], "texture": "#crusade_helmet" },
				"north": { "uv": [ 8.96, 0.96, 11.04, 3.04 ], "texture": "#crusade_helmet" },
				"south": { "uv": [ 8.96, 0.96, 11.04, 3.04 ], "texture": "#crusade_helmet" },
				"west": { "uv": [ 8.96, 0.96, 11.04, 3.04 ], "texture": "#crusade_helmet" },
				"east": { "uv": [ 8.96, 0.96, 11.04, 3.04 ], "texture": "#crusade_helmet" }
			}
		},
		{
			"__comment": "Voxels-000000",
			"from": [ 4, 3.5, 12.5 ],
			"to": [ 4.5, 4, 13 ],
			"faces": {
				"down": { "uv": [ 8.96, 0.96, 11.04, 3.04 ], "texture": "#crusade_helmet" },
				"up": { "uv": [ 8.96, 0.96, 11.04, 3.04 ], "texture": "#crusade_helmet" },
				"north": { "uv": [ 8.96, 0.96, 11.04, 3.04 ], "texture": "#crusade_helmet" },
				"south": { "uv": [ 8.96, 0.96, 11.04, 3.04 ], "texture": "#crusade_helmet" },
				"west": { "uv": [ 8.96, 0.96, 11.04, 3.04 ], "texture": "#crusade_helmet" },
				"east": { "uv": [ 8.96, 0.96, 11.04, 3.04 ], "texture": "#crusade_helmet" }
			}
		},
		{
			"__comment": "Voxels-666666",
			"from": [ 4, 6, 12 ],
			"to": [ 10, 16.5, 12.5 ],
			"faces": {
				"down": { "uv": [ 4.96, 0.96, 7.04, 3.04 ], "texture": "#crusade_helmet" },
				"up": { "uv": [ 4.96, 0.96, 7.04, 3.04 ], "texture": "#crusade_helmet" },
				"north": { "uv": [ 4.96, 0.96, 7.04, 3.04 ], "texture": "#crusade_helmet" },
				"south": { "uv": [ 4.96, 0.96, 7.04, 3.04 ], "texture": "#crusade_helmet" },
				"west": { "uv": [ 4.96, 0.96, 7.04, 3.04 ], "texture": "#crusade_helmet" },
				"east": { "uv": [ 4.96, 0.96, 7.04, 3.04 ], "texture": "#crusade_helmet" }
			}
		},
		{
			"__comment": "Voxels-9B9B00",
			"from": [ 4, 6, 12.5 ],
			"to": [ 6, 10.5, 14 ],
			"faces": {
				"down": { "uv": [ 12.96, 0.96, 15.04, 3.04 ], "texture": "#crusade_helmet" },
				"up": { "uv": [ 12.96, 0.96, 15.04, 3.04 ], "texture": "#crusade_helmet" },
				"north": { "uv": [ 12.96, 0.96, 15.04, 3.04 ], "texture": "#crusade_helmet" },
				"south": { "uv": [ 12.96, 0.96, 15.04, 3.04 ], "texture": "#crusade_helmet" },
				"west": { "uv": [ 12.96, 0.96, 15.04, 3.04 ], "texture": "#crusade_helmet" },
				"east": { "uv": [ 12.96, 0.96, 15.04, 3.04 ], "texture": "#crusade_helmet" }
			}
		},
		{
			"__comment": "Voxels-666666",
			"from": [ 4, 16.5, 3 ],
			"to": [ 12, 17, 3.5 ],
			"faces": {
				"down": { "uv": [ 4.96, 0.96, 7.04, 3.04 ], "texture": "#crusade_helmet" },
				"up": { "uv": [ 4.96, 0.96, 7.04, 3.04 ], "texture": "#crusade_helmet" },
				"north": { "uv": [ 4.96, 0.96, 7.04, 3.04 ], "texture": "#crusade_helmet" },
				"south": { "uv": [ 4.96, 0.96, 7.04, 3.04 ], "texture": "#crusade_helmet" },
				"west": { "uv": [ 4.96, 0.96, 7.04, 3.04 ], "texture": "#crusade_helmet" },
				"east": { "uv": [ 4.96, 0.96, 7.04, 3.04 ], "texture": "#crusade_helmet" }
			}
		},
		{
			"__comment": "Voxels-666666",
			"from": [ 4, 16.5, 11.5 ],
			"to": [ 12, 17, 12 ],
			"faces": {
				"down": { "uv": [ 4.96, 0.96, 7.04, 3.04 ], "texture": "#crusade_helmet" },
				"up": { "uv": [ 4.96, 0.96, 7.04, 3.04 ], "texture": "#crusade_helmet" },
				"north": { "uv": [ 4.96, 0.96, 7.04, 3.04 ], "texture": "#crusade_helmet" },
				"south": { "uv": [ 4.96, 0.96, 7.04, 3.04 ], "texture": "#crusade_helmet" },
				"west": { "uv": [ 4.96, 0.96, 7.04, 3.04 ], "texture": "#crusade_helmet" },
				"east": { "uv": [ 4.96, 0.96, 7.04, 3.04 ], "texture": "#crusade_helmet" }
			}
		},
		{
			"__comment": "Voxels-666666",
			"from": [ 4, 16, 2 ],
			"to": [ 11, 16.5, 2.5 ],
			"faces": {
				"down": { "uv": [ 4.96, 0.96, 7.04, 3.04 ], "texture": "#crusade_helmet" },
				"up": { "uv": [ 4.96, 0.96, 7.04, 3.04 ], "texture": "#crusade_helmet" },
				"north": { "uv": [ 4.96, 0.96, 7.04, 3.04 ], "texture": "#crusade_helmet" },
				"south": { "uv": [ 4.96, 0.96, 7.04, 3.04 ], "texture": "#crusade_helmet" },
				"west": { "uv": [ 4.96, 0.96, 7.04, 3.04 ], "texture": "#crusade_helmet" },
				"east": { "uv": [ 4.96, 0.96, 7.04, 3.04 ], "texture": "#crusade_helmet" }
			}
		},
		{
			"__comment": "Voxels-666666",
			"from": [ 4.5, 16.5, 12 ],
			"to": [ 11.5, 17, 12.5 ],
			"faces": {
				"down": { "uv": [ 4.96, 0.96, 7.04, 3.04 ], "texture": "#crusade_helmet" },
				"up": { "uv": [ 4.96, 0.96, 7.04, 3.04 ], "texture": "#crusade_helmet" },
				"north": { "uv": [ 4.96, 0.96, 7.04, 3.04 ], "texture": "#crusade_helmet" },
				"south": { "uv": [ 4.96, 0.96, 7.04, 3.04 ], "texture": "#crusade_helmet" },
				"west": { "uv": [ 4.96, 0.96, 7.04, 3.04 ], "texture": "#crusade_helmet" },
				"east": { "uv": [ 4.96, 0.96, 7.04, 3.04 ], "texture": "#crusade_helmet" }
			}
		},
		{
			"__comment": "Voxels-666666",
			"from": [ 5, 0, 2 ],
			"to": [ 11, 16.5, 2.5 ],
			"faces": {
				"down": { "uv": [ 4.96, 0.96, 7.04, 3.04 ], "texture": "#crusade_helmet" },
				"up": { "uv": [ 4.96, 0.96, 7.04, 3.04 ], "texture": "#crusade_helmet" },
				"north": { "uv": [ 4.96, 0.96, 7.04, 3.04 ], "texture": "#crusade_helmet" },
				"south": { "uv": [ 4.96, 0.96, 7.04, 3.04 ], "texture": "#crusade_helmet" },
				"west": { "uv": [ 4.96, 0.96, 7.04, 3.04 ], "texture": "#crusade_helmet" },
				"east": { "uv": [ 4.96, 0.96, 7.04, 3.04 ], "texture": "#crusade_helmet" }
			}
		},
		{
			"__comment": "Voxels-666666",
			"from": [ 5, 0, 12.5 ],
			"to": [ 11, 6, 13 ],
			"faces": {
				"down": { "uv": [ 4.96, 0.96, 7.04, 3.04 ], "texture": "#crusade_helmet" },
				"up": { "uv": [ 4.96, 0.96, 7.04, 3.04 ], "texture": "#crusade_helmet" },
				"north": { "uv": [ 4.96, 0.96, 7.04, 3.04 ], "texture": "#crusade_helmet" },
				"south": { "uv": [ 4.96, 0.96, 7.04, 3.04 ], "texture": "#crusade_helmet" },
				"west": { "uv": [ 4.96, 0.96, 7.04, 3.04 ], "texture": "#crusade_helmet" },
				"east": { "uv": [ 4.96, 0.96, 7.04, 3.04 ], "texture": "#crusade_helmet" }
			}
		},
		{
			"__comment": "Voxels-000000",
			"from": [ 5, 1.5, 13 ],
			"to": [ 5.5, 2, 13.5 ],
			"faces": {
				"down": { "uv": [ 8.96, 0.96, 11.04, 3.04 ], "texture": "#crusade_helmet" },
				"up": { "uv": [ 8.96, 0.96, 11.04, 3.04 ], "texture": "#crusade_helmet" },
				"north": { "uv": [ 8.96, 0.96, 11.04, 3.04 ], "texture": "#crusade_helmet" },
				"south": { "uv": [ 8.96, 0.96, 11.04, 3.04 ], "texture": "#crusade_helmet" },
				"west": { "uv": [ 8.96, 0.96, 11.04, 3.04 ], "texture": "#crusade_helmet" },
				"east": { "uv": [ 8.96, 0.96, 11.04, 3.04 ], "texture": "#crusade_helmet" }
			}
		},
		{
			"__comment": "Voxels-000000",
			"from": [ 5, 2.5, 13 ],
			"to": [ 5.5, 3, 13.5 ],
			"faces": {
				"down": { "uv": [ 8.96, 0.96, 11.04, 3.04 ], "texture": "#crusade_helmet" },
				"up": { "uv": [ 8.96, 0.96, 11.04, 3.04 ], "texture": "#crusade_helmet" },
				"north": { "uv": [ 8.96, 0.96, 11.04, 3.04 ], "texture": "#crusade_helmet" },
				"south": { "uv": [ 8.96, 0.96, 11.04, 3.04 ], "texture": "#crusade_helmet" },
				"west": { "uv": [ 8.96, 0.96, 11.04, 3.04 ], "texture": "#crusade_helmet" },
				"east": { "uv": [ 8.96, 0.96, 11.04, 3.04 ], "texture": "#crusade_helmet" }
			}
		},
		{
			"__comment": "Voxels-000000",
			"from": [ 5, 3.5, 13 ],
			"to": [ 5.5, 4, 13.5 ],
			"faces": {
				"down": { "uv": [ 8.96, 0.96, 11.04, 3.04 ], "texture": "#crusade_helmet" },
				"up": { "uv": [ 8.96, 0.96, 11.04, 3.04 ], "texture": "#crusade_helmet" },
				"north": { "uv": [ 8.96, 0.96, 11.04, 3.04 ], "texture": "#crusade_helmet" },
				"south": { "uv": [ 8.96, 0.96, 11.04, 3.04 ], "texture": "#crusade_helmet" },
				"west": { "uv": [ 8.96, 0.96, 11.04, 3.04 ], "texture": "#crusade_helmet" },
				"east": { "uv": [ 8.96, 0.96, 11.04, 3.04 ], "texture": "#crusade_helmet" }
			}
		},
		{
			"__comment": "Voxels-666666",
			"from": [ 5, 10.5, 12.5 ],
			"to": [ 11, 16.5, 13 ],
			"faces": {
				"down": { "uv": [ 4.96, 0.96, 7.04, 3.04 ], "texture": "#crusade_helmet" },
				"up": { "uv": [ 4.96, 0.96, 7.04, 3.04 ], "texture": "#crusade_helmet" },
				"north": { "uv": [ 4.96, 0.96, 7.04, 3.04 ], "texture": "#crusade_helmet" },
				"south": { "uv": [ 4.96, 0.96, 7.04, 3.04 ], "texture": "#crusade_helmet" },
				"west": { "uv": [ 4.96, 0.96, 7.04, 3.04 ], "texture": "#crusade_helmet" },
				"east": { "uv": [ 4.96, 0.96, 7.04, 3.04 ], "texture": "#crusade_helmet" }
			}
		},
		{
			"__comment": "Voxels-666666",
			"from": [ 5.5, 16.5, 2 ],
			"to": [ 10.5, 17, 2.5 ],
			"faces": {
				"down": { "uv": [ 4.96, 0.96, 7.04, 3.04 ], "texture": "#crusade_helmet" },
				"up": { "uv": [ 4.96, 0.96, 7.04, 3.04 ], "texture": "#crusade_helmet" },
				"north": { "uv": [ 4.96, 0.96, 7.04, 3.04 ], "texture": "#crusade_helmet" },
				"south": { "uv": [ 4.96, 0.96, 7.04, 3.04 ], "texture": "#crusade_helmet" },
				"west": { "uv": [ 4.96, 0.96, 7.04, 3.04 ], "texture": "#crusade_helmet" },
				"east": { "uv": [ 4.96, 0.96, 7.04, 3.04 ], "texture": "#crusade_helmet" }
			}
		},
		{
			"__comment": "Voxels-666666",
			"from": [ 5.5, 16.5, 12.5 ],
			"to": [ 10.5, 17, 13 ],
			"faces": {
				"down": { "uv": [ 4.96, 0.96, 7.04, 3.04 ], "texture": "#crusade_helmet" },
				"up": { "uv": [ 4.96, 0.96, 7.04, 3.04 ], "texture": "#crusade_helmet" },
				"north": { "uv": [ 4.96, 0.96, 7.04, 3.04 ], "texture": "#crusade_helmet" },
				"south": { "uv": [ 4.96, 0.96, 7.04, 3.04 ], "texture": "#crusade_helmet" },
				"west": { "uv": [ 4.96, 0.96, 7.04, 3.04 ], "texture": "#crusade_helmet" },
				"east": { "uv": [ 4.96, 0.96, 7.04, 3.04 ], "texture": "#crusade_helmet" }
			}
		},
		{
			"__comment": "Voxels-666666",
			"from": [ 6, 0, 1.5 ],
			"to": [ 10, 16.5, 2 ],
			"faces": {
				"down": { "uv": [ 4.96, 0.96, 7.04, 3.04 ], "texture": "#crusade_helmet" },
				"up": { "uv": [ 4.96, 0.96, 7.04, 3.04 ], "texture": "#crusade_helmet" },
				"north": { "uv": [ 4.96, 0.96, 7.04, 3.04 ], "texture": "#crusade_helmet" },
				"south": { "uv": [ 4.96, 0.96, 7.04, 3.04 ], "texture": "#crusade_helmet" },
				"west": { "uv": [ 4.96, 0.96, 7.04, 3.04 ], "texture": "#crusade_helmet" },
				"east": { "uv": [ 4.96, 0.96, 7.04, 3.04 ], "texture": "#crusade_helmet" }
			}
		},
		{
			"__comment": "Voxels-666666",
			"from": [ 6, 0, 13 ],
			"to": [ 10, 16.5, 13.5 ],
			"faces": {
				"down": { "uv": [ 4.96, 0.96, 7.04, 3.04 ], "texture": "#crusade_helmet" },
				"up": { "uv": [ 4.96, 0.96, 7.04, 3.04 ], "texture": "#crusade_helmet" },
				"north": { "uv": [ 4.96, 0.96, 7.04, 3.04 ], "texture": "#crusade_helmet" },
				"south": { "uv": [ 4.96, 0.96, 7.04, 3.04 ], "texture": "#crusade_helmet" },
				"west": { "uv": [ 4.96, 0.96, 7.04, 3.04 ], "texture": "#crusade_helmet" },
				"east": { "uv": [ 4.96, 0.96, 7.04, 3.04 ], "texture": "#crusade_helmet" }
			}
		},
		{
			"__comment": "Voxels-9B9B00",
			"from": [ 6, 0, 13.5 ],
			"to": [ 10, 13, 14 ],
			"faces": {
				"down": { "uv": [ 12.96, 0.96, 15.04, 3.04 ], "texture": "#crusade_helmet" },
				"up": { "uv": [ 12.96, 0.96, 15.04, 3.04 ], "texture": "#crusade_helmet" },
				"north": { "uv": [ 12.96, 0.96, 15.04, 3.04 ], "texture": "#crusade_helmet" },
				"south": { "uv": [ 12.96, 0.96, 15.04, 3.04 ], "texture": "#crusade_helmet" },
				"west": { "uv": [ 12.96, 0.96, 15.04, 3.04 ], "texture": "#crusade_helmet" },
				"east": { "uv": [ 12.96, 0.96, 15.04, 3.04 ], "texture": "#crusade_helmet" }
			}
		},
		{
			"__comment": "Voxels-666666",
			"from": [ 6, 6, 12.5 ],
			"to": [ 10, 10.5, 13 ],
			"faces": {
				"down": { "uv": [ 4.96, 0.96, 7.04, 3.04 ], "texture": "#crusade_helmet" },
				"up": { "uv": [ 4.96, 0.96, 7.04, 3.04 ], "texture": "#crusade_helmet" },
				"north": { "uv": [ 4.96, 0.96, 7.04, 3.04 ], "texture": "#crusade_helmet" },
				"south": { "uv": [ 4.96, 0.96, 7.04, 3.04 ], "texture": "#crusade_helmet" },
				"west": { "uv": [ 4.96, 0.96, 7.04, 3.04 ], "texture": "#crusade_helmet" },
				"east": { "uv": [ 4.96, 0.96, 7.04, 3.04 ], "texture": "#crusade_helmet" }
			}
		},
		{
			"__comment": "Voxels-9B9B00",
			"from": [ 6.5, 13, 13.5 ],
			"to": [ 9.5, 15, 14 ],
			"faces": {
				"down": { "uv": [ 12.96, 0.96, 15.04, 3.04 ], "texture": "#crusade_helmet" },
				"up": { "uv": [ 12.96, 0.96, 15.04, 3.04 ], "texture": "#crusade_helmet" },
				"north": { "uv": [ 12.96, 0.96, 15.04, 3.04 ], "texture": "#crusade_helmet" },
				"south": { "uv": [ 12.96, 0.96, 15.04, 3.04 ], "texture": "#crusade_helmet" },
				"west": { "uv": [ 12.96, 0.96, 15.04, 3.04 ], "texture": "#crusade_helmet" },
				"east": { "uv": [ 12.96, 0.96, 15.04, 3.04 ], "texture": "#crusade_helmet" }
			}
		},
		{
			"__comment": "Voxels-9B9B00",
			"from": [ 7, 15, 13.5 ],
			"to": [ 9, 16, 14 ],
			"faces": {
				"down": { "uv": [ 12.96, 0.96, 15.04, 3.04 ], "texture": "#crusade_helmet" },
				"up": { "uv": [ 12.96, 0.96, 15.04, 3.04 ], "texture": "#crusade_helmet" },
				"north": { "uv": [ 12.96, 0.96, 15.04, 3.04 ], "texture": "#crusade_helmet" },
				"south": { "uv": [ 12.96, 0.96, 15.04, 3.04 ], "texture": "#crusade_helmet" },
				"west": { "uv": [ 12.96, 0.96, 15.04, 3.04 ], "texture": "#crusade_helmet" },
				"east": { "uv": [ 12.96, 0.96, 15.04, 3.04 ], "texture": "#crusade_helmet" }
			}
		},
		{
			"__comment": "Voxels-9B9B00",
			"from": [ 7.5, 16, 13.5 ],
			"to": [ 8.5, 16.5, 14 ],
			"faces": {
				"down": { "uv": [ 12.96, 0.96, 15.04, 3.04 ], "texture": "#crusade_helmet" },
				"up": { "uv": [ 12.96, 0.96, 15.04, 3.04 ], "texture": "#crusade_helmet" },
				"north": { "uv": [ 12.96, 0.96, 15.04, 3.04 ], "texture": "#crusade_helmet" },
				"south": { "uv": [ 12.96, 0.96, 15.04, 3.04 ], "texture": "#crusade_helmet" },
				"west": { "uv": [ 12.96, 0.96, 15.04, 3.04 ], "texture": "#crusade_helmet" },
				"east": { "uv": [ 12.96, 0.96, 15.04, 3.04 ], "texture": "#crusade_helmet" }
			}
		},
		{
			"__comment": "Voxels-000000",
			"from": [ 9.5, 7.5, 14 ],
			"to": [ 12.5, 9, 14.5 ],
			"faces": {
				"down": { "uv": [ 8.96, 0.96, 11.04, 3.04 ], "texture": "#crusade_helmet" },
				"up": { "uv": [ 8.96, 0.96, 11.04, 3.04 ], "texture": "#crusade_helmet" },
				"north": { "uv": [ 8.96, 0.96, 11.04, 3.04 ], "texture": "#crusade_helmet" },
				"south": { "uv": [ 8.96, 0.96, 11.04, 3.04 ], "texture": "#crusade_helmet" },
				"west": { "uv": [ 8.96, 0.96, 11.04, 3.04 ], "texture": "#crusade_helmet" },
				"east": { "uv": [ 8.96, 0.96, 11.04, 3.04 ], "texture": "#crusade_helmet" }
			}
		},
		{
			"__comment": "Voxels-9B9B00",
			"from": [ 10, 6, 12 ],
			"to": [ 12.5, 10.5, 14 ],
			"faces": {
				"down": { "uv": [ 12.96, 0.96, 15.04, 3.04 ], "texture": "#crusade_helmet" },
				"up": { "uv": [ 12.96, 0.96, 15.04, 3.04 ], "texture": "#crusade_helmet" },
				"north": { "uv": [ 12.96, 0.96, 15.04, 3.04 ], "texture": "#crusade_helmet" },
				"south": { "uv": [ 12.96, 0.96, 15.04, 3.04 ], "texture": "#crusade_helmet" },
				"west": { "uv": [ 12.96, 0.96, 15.04, 3.04 ], "texture": "#crusade_helmet" },
				"east": { "uv": [ 12.96, 0.96, 15.04, 3.04 ], "texture": "#crusade_helmet" }
			}
		},
		{
			"__comment": "Voxels-666666",
			"from": [ 10, 10.5, 12 ],
			"to": [ 12, 16.5, 12.5 ],
			"faces": {
				"down": { "uv": [ 4.96, 0.96, 7.04, 3.04 ], "texture": "#crusade_helmet" },
				"up": { "uv": [ 4.96, 0.96, 7.04, 3.04 ], "texture": "#crusade_helmet" },
				"north": { "uv": [ 4.96, 0.96, 7.04, 3.04 ], "texture": "#crusade_helmet" },
				"south": { "uv": [ 4.96, 0.96, 7.04, 3.04 ], "texture": "#crusade_helmet" },
				"west": { "uv": [ 4.96, 0.96, 7.04, 3.04 ], "texture": "#crusade_helmet" },
				"east": { "uv": [ 4.96, 0.96, 7.04, 3.04 ], "texture": "#crusade_helmet" }
			}
		},
		{
			"__comment": "Voxels-000000",
			"from": [ 11, 1.5, 12.5 ],
			"to": [ 11.5, 2, 13 ],
			"faces": {
				"down": { "uv": [ 8.96, 0.96, 11.04, 3.04 ], "texture": "#crusade_helmet" },
				"up": { "uv": [ 8.96, 0.96, 11.04, 3.04 ], "texture": "#crusade_helmet" },
				"north": { "uv": [ 8.96, 0.96, 11.04, 3.04 ], "texture": "#crusade_helmet" },
				"south": { "uv": [ 8.96, 0.96, 11.04, 3.04 ], "texture": "#crusade_helmet" },
				"west": { "uv": [ 8.96, 0.96, 11.04, 3.04 ], "texture": "#crusade_helmet" },
				"east": { "uv": [ 8.96, 0.96, 11.04, 3.04 ], "texture": "#crusade_helmet" }
			}
		},
		{
			"__comment": "Voxels-000000",
			"from": [ 11, 2.5, 12.5 ],
			"to": [ 11.5, 3, 13 ],
			"faces": {
				"down": { "uv": [ 8.96, 0.96, 11.04, 3.04 ], "texture": "#crusade_helmet" },
				"up": { "uv": [ 8.96, 0.96, 11.04, 3.04 ], "texture": "#crusade_helmet" },
				"north": { "uv": [ 8.96, 0.96, 11.04, 3.04 ], "texture": "#crusade_helmet" },
				"south": { "uv": [ 8.96, 0.96, 11.04, 3.04 ], "texture": "#crusade_helmet" },
				"west": { "uv": [ 8.96, 0.96, 11.04, 3.04 ], "texture": "#crusade_helmet" },
				"east": { "uv": [ 8.96, 0.96, 11.04, 3.04 ], "texture": "#crusade_helmet" }
			}
		},
		{
			"__comment": "Voxels-000000",
			"from": [ 11, 3.5, 12.5 ],
			"to": [ 11.5, 4, 13 ],
			"faces": {
				"down": { "uv": [ 8.96, 0.96, 11.04, 3.04 ], "texture": "#crusade_helmet" },
				"up": { "uv": [ 8.96, 0.96, 11.04, 3.04 ], "texture": "#crusade_helmet" },
				"north": { "uv": [ 8.96, 0.96, 11.04, 3.04 ], "texture": "#crusade_helmet" },
				"south": { "uv": [ 8.96, 0.96, 11.04, 3.04 ], "texture": "#crusade_helmet" },
				"west": { "uv": [ 8.96, 0.96, 11.04, 3.04 ], "texture": "#crusade_helmet" },
				"east": { "uv": [ 8.96, 0.96, 11.04, 3.04 ], "texture": "#crusade_helmet" }
			}
		},
		{
			"__comment": "Voxels-000000",
			"from": [ 12, 1.5, 12 ],
			"to": [ 12.5, 2, 12.5 ],
			"faces": {
				"down": { "uv": [ 8.96, 0.96, 11.04, 3.04 ], "texture": "#crusade_helmet" },
				"up": { "uv": [ 8.96, 0.96, 11.04, 3.04 ], "texture": "#crusade_helmet" },
				"north": { "uv": [ 8.96, 0.96, 11.04, 3.04 ], "texture": "#crusade_helmet" },
				"south": { "uv": [ 8.96, 0.96, 11.04, 3.04 ], "texture": "#crusade_helmet" },
				"west": { "uv": [ 8.96, 0.96, 11.04, 3.04 ], "texture": "#crusade_helmet" },
				"east": { "uv": [ 8.96, 0.96, 11.04, 3.04 ], "texture": "#crusade_helmet" }
			}
		},
		{
			"__comment": "Voxels-000000",
			"from": [ 12, 2.5, 12 ],
			"to": [ 12.5, 3, 12.5 ],
			"faces": {
				"down": { "uv": [ 8.96, 0.96, 11.04, 3.04 ], "texture": "#crusade_helmet" },
				"up": { "uv": [ 8.96, 0.96, 11.04, 3.04 ], "texture": "#crusade_helmet" },
				"north": { "uv": [ 8.96, 0.96, 11.04, 3.04 ], "texture": "#crusade_helmet" },
				"south": { "uv": [ 8.96, 0.96, 11.04, 3.04 ], "texture": "#crusade_helmet" },
				"west": { "uv": [ 8.96, 0.96, 11.04, 3.04 ], "texture": "#crusade_helmet" },
				"east": { "uv": [ 8.96, 0.96, 11.04, 3.04 ], "texture": "#crusade_helmet" }
			}
		},
		{
			"__comment": "Voxels-000000",
			"from": [ 12, 3.5, 12 ],
			"to": [ 12.5, 4, 12.5 ],
			"faces": {
				"down": { "uv": [ 8.96, 0.96, 11.04, 3.04 ], "texture": "#crusade_helmet" },
				"up": { "uv": [ 8.96, 0.96, 11.04, 3.04 ], "texture": "#crusade_helmet" },
				"north": { "uv": [ 8.96, 0.96, 11.04, 3.04 ], "texture": "#crusade_helmet" },
				"south": { "uv": [ 8.96, 0.96, 11.04, 3.04 ], "texture": "#crusade_helmet" },
				"west": { "uv": [ 8.96, 0.96, 11.04, 3.04 ], "texture": "#crusade_helmet" },
				"east": { "uv": [ 8.96, 0.96, 11.04, 3.04 ], "texture": "#crusade_helmet" }
			}
		},
		{
			"__comment": "Voxels-000000",
			"from": [ 12.5, 1, 11.5 ],
			"to": [ 13, 1.5, 12 ],
			"faces": {
				"down": { "uv": [ 8.96, 0.96, 11.04, 3.04 ], "texture": "#crusade_helmet" },
				"up": { "uv": [ 8.96, 0.96, 11.04, 3.04 ], "texture": "#crusade_helmet" },
				"north": { "uv": [ 8.96, 0.96, 11.04, 3.04 ], "texture": "#crusade_helmet" },
				"south": { "uv": [ 8.96, 0.96, 11.04, 3.04 ], "texture": "#crusade_helmet" },
				"west": { "uv": [ 8.96, 0.96, 11.04, 3.04 ], "texture": "#crusade_helmet" },
				"east": { "uv": [ 8.96, 0.96, 11.04, 3.04 ], "texture": "#crusade_helmet" }
			}
		},
		{
			"__comment": "Voxels-000000",
			"from": [ 12.5, 2, 11.5 ],
			"to": [ 13, 2.5, 12 ],
			"faces": {
				"down": { "uv": [ 8.96, 0.96, 11.04, 3.04 ], "texture": "#crusade_helmet" },
				"up": { "uv": [ 8.96, 0.96, 11.04, 3.04 ], "texture": "#crusade_helmet" },
				"north": { "uv": [ 8.96, 0.96, 11.04, 3.04 ], "texture": "#crusade_helmet" },
				"south": { "uv": [ 8.96, 0.96, 11.04, 3.04 ], "texture": "#crusade_helmet" },
				"west": { "uv": [ 8.96, 0.96, 11.04, 3.04 ], "texture": "#crusade_helmet" },
				"east": { "uv": [ 8.96, 0.96, 11.04, 3.04 ], "texture": "#crusade_helmet" }
			}
		},
		{
			"__comment": "Voxels-000000",
			"from": [ 12.5, 3, 11.5 ],
			"to": [ 13, 3.5, 12 ],
			"faces": {
				"down": { "uv": [ 8.96, 0.96, 11.04, 3.04 ], "texture": "#crusade_helmet" },
				"up": { "uv": [ 8.96, 0.96, 11.04, 3.04 ], "texture": "#crusade_helmet" },
				"north": { "uv": [ 8.96, 0.96, 11.04, 3.04 ], "texture": "#crusade_helmet" },
				"south": { "uv": [ 8.96, 0.96, 11.04, 3.04 ], "texture": "#crusade_helmet" },
				"west": { "uv": [ 8.96, 0.96, 11.04, 3.04 ], "texture": "#crusade_helmet" },
				"east": { "uv": [ 8.96, 0.96, 11.04, 3.04 ], "texture": "#crusade_helmet" }
			}
		},
		{
			"__comment": "Voxels-3D7900",
			"from": [ 2, 15, 11 ],
			"to": [ 3, 16, 12 ],
			"faces": {
				"down": { "uv": [ 4.96, 0.96, 7.04, 3.04 ], "texture": "#vines_crusade_helmet" },
				"up": { "uv": [ 4.96, 0.96, 7.04, 3.04 ], "texture": "#vines_crusade_helmet" },
				"north": { "uv": [ 4.96, 0.96, 7.04, 3.04 ], "texture": "#vines_crusade_helmet" },
				"south": { "uv": [ 4.96, 0.96, 7.04, 3.04 ], "texture": "#vines_crusade_helmet" },
				"west": { "uv": [ 4.96, 0.96, 7.04, 3.04 ], "texture": "#vines_crusade_helmet" },
				"east": { "uv": [ 4.96, 0.96, 7.04, 3.04 ], "texture": "#vines_crusade_helmet" }
			}
		},
		{
			"__comment": "Voxels-3D7900",
			"from": [ 2, 16, 10 ],
			"to": [ 3, 18, 11 ],
			"faces": {
				"down": { "uv": [ 4.96, 0.96, 7.04, 3.04 ], "texture": "#vines_crusade_helmet" },
				"up": { "uv": [ 4.96, 0.96, 7.04, 3.04 ], "texture": "#vines_crusade_helmet" },
				"north": { "uv": [ 4.96, 0.96, 7.04, 3.04 ], "texture": "#vines_crusade_helmet" },
				"south": { "uv": [ 4.96, 0.96, 7.04, 3.04 ], "texture": "#vines_crusade_helmet" },
				"west": { "uv": [ 4.96, 0.96, 7.04, 3.04 ], "texture": "#vines_crusade_helmet" },
				"east": { "uv": [ 4.96, 0.96, 7.04, 3.04 ], "texture": "#vines_crusade_helmet" }
			}
		},
		{
			"__comment": "Voxels-224400",
			"from": [ 2, 17, 11 ],
			"to": [ 3, 18, 12 ],
			"faces": {
				"down": { "uv": [ 0.96, 4.96, 3.04, 7.04 ], "texture": "#vines_crusade_helmet" },
				"up": { "uv": [ 0.96, 4.96, 3.04, 7.04 ], "texture": "#vines_crusade_helmet" },
				"north": { "uv": [ 0.96, 4.96, 3.04, 7.04 ], "texture": "#vines_crusade_helmet" },
				"south": { "uv": [ 0.96, 4.96, 3.04, 7.04 ], "texture": "#vines_crusade_helmet" },
				"west": { "uv": [ 0.96, 4.96, 3.04, 7.04 ], "texture": "#vines_crusade_helmet" },
				"east": { "uv": [ 0.96, 4.96, 3.04, 7.04 ], "texture": "#vines_crusade_helmet" }
			}
		},
		{
			"__comment": "Voxels-3D7900",
			"from": [ 3, 14, 12 ],
			"to": [ 4, 15, 13 ],
			"faces": {
				"down": { "uv": [ 4.96, 0.96, 7.04, 3.04 ], "texture": "#vines_crusade_helmet" },
				"up": { "uv": [ 4.96, 0.96, 7.04, 3.04 ], "texture": "#vines_crusade_helmet" },
				"north": { "uv": [ 4.96, 0.96, 7.04, 3.04 ], "texture": "#vines_crusade_helmet" },
				"south": { "uv": [ 4.96, 0.96, 7.04, 3.04 ], "texture": "#vines_crusade_helmet" },
				"west": { "uv": [ 4.96, 0.96, 7.04, 3.04 ], "texture": "#vines_crusade_helmet" },
				"east": { "uv": [ 4.96, 0.96, 7.04, 3.04 ], "texture": "#vines_crusade_helmet" }
			}
		},
		{
			"__comment": "Voxels-224400",
			"from": [ 3, 14, 13 ],
			"to": [ 4, 15, 14 ],
			"faces": {
				"down": { "uv": [ 0.96, 4.96, 3.04, 7.04 ], "texture": "#vines_crusade_helmet" },
				"up": { "uv": [ 0.96, 4.96, 3.04, 7.04 ], "texture": "#vines_crusade_helmet" },
				"north": { "uv": [ 0.96, 4.96, 3.04, 7.04 ], "texture": "#vines_crusade_helmet" },
				"south": { "uv": [ 0.96, 4.96, 3.04, 7.04 ], "texture": "#vines_crusade_helmet" },
				"west": { "uv": [ 0.96, 4.96, 3.04, 7.04 ], "texture": "#vines_crusade_helmet" },
				"east": { "uv": [ 0.96, 4.96, 3.04, 7.04 ], "texture": "#vines_crusade_helmet" }
			}
		},
		{
			"__comment": "Voxels-224400",
			"from": [ 3, 17, 8 ],
			"to": [ 4, 18, 9 ],
			"faces": {
				"down": { "uv": [ 0.96, 4.96, 3.04, 7.04 ], "texture": "#vines_crusade_helmet" },
				"up": { "uv": [ 0.96, 4.96, 3.04, 7.04 ], "texture": "#vines_crusade_helmet" },
				"north": { "uv": [ 0.96, 4.96, 3.04, 7.04 ], "texture": "#vines_crusade_helmet" },
				"south": { "uv": [ 0.96, 4.96, 3.04, 7.04 ], "texture": "#vines_crusade_helmet" },
				"west": { "uv": [ 0.96, 4.96, 3.04, 7.04 ], "texture": "#vines_crusade_helmet" },
				"east": { "uv": [ 0.96, 4.96, 3.04, 7.04 ], "texture": "#vines_crusade_helmet" }
			}
		},
		{
			"__comment": "Voxels-3D7900",
			"from": [ 3, 17, 10 ],
			"to": [ 4, 18, 11 ],
			"faces": {
				"down": { "uv": [ 4.96, 0.96, 7.04, 3.04 ], "texture": "#vines_crusade_helmet" },
				"up": { "uv": [ 4.96, 0.96, 7.04, 3.04 ], "texture": "#vines_crusade_helmet" },
				"north": { "uv": [ 4.96, 0.96, 7.04, 3.04 ], "texture": "#vines_crusade_helmet" },
				"south": { "uv": [ 4.96, 0.96, 7.04, 3.04 ], "texture": "#vines_crusade_helmet" },
				"west": { "uv": [ 4.96, 0.96, 7.04, 3.04 ], "texture": "#vines_crusade_helmet" },
				"east": { "uv": [ 4.96, 0.96, 7.04, 3.04 ], "texture": "#vines_crusade_helmet" }
			}
		},
		{
			"__comment": "Voxels-3D7900",
			"from": [ 4, 0, 13 ],
			"to": [ 5, 3, 14 ],
			"faces": {
				"down": { "uv": [ 4.96, 0.96, 7.04, 3.04 ], "texture": "#vines_crusade_helmet" },
				"up": { "uv": [ 4.96, 0.96, 7.04, 3.04 ], "texture": "#vines_crusade_helmet" },
				"north": { "uv": [ 4.96, 0.96, 7.04, 3.04 ], "texture": "#vines_crusade_helmet" },
				"south": { "uv": [ 4.96, 0.96, 7.04, 3.04 ], "texture": "#vines_crusade_helmet" },
				"west": { "uv": [ 4.96, 0.96, 7.04, 3.04 ], "texture": "#vines_crusade_helmet" },
				"east": { "uv": [ 4.96, 0.96, 7.04, 3.04 ], "texture": "#vines_crusade_helmet" }
			}
		},
		{
			"__comment": "Voxels-224400",
			"from": [ 4, 0, 14 ],
			"to": [ 5, 1, 15 ],
			"faces": {
				"down": { "uv": [ 0.96, 4.96, 3.04, 7.04 ], "texture": "#vines_crusade_helmet" },
				"up": { "uv": [ 0.96, 4.96, 3.04, 7.04 ], "texture": "#vines_crusade_helmet" },
				"north": { "uv": [ 0.96, 4.96, 3.04, 7.04 ], "texture": "#vines_crusade_helmet" },
				"south": { "uv": [ 0.96, 4.96, 3.04, 7.04 ], "texture": "#vines_crusade_helmet" },
				"west": { "uv": [ 0.96, 4.96, 3.04, 7.04 ], "texture": "#vines_crusade_helmet" },
				"east": { "uv": [ 0.96, 4.96, 3.04, 7.04 ], "texture": "#vines_crusade_helmet" }
			}
		},
		{
			"__comment": "Voxels-3D7900",
			"from": [ 4, 12, 12 ],
			"to": [ 5, 13, 13 ],
			"faces": {
				"down": { "uv": [ 4.96, 0.96, 7.04, 3.04 ], "texture": "#vines_crusade_helmet" },
				"up": { "uv": [ 4.96, 0.96, 7.04, 3.04 ], "texture": "#vines_crusade_helmet" },
				"north": { "uv": [ 4.96, 0.96, 7.04, 3.04 ], "texture": "#vines_crusade_helmet" },
				"south": { "uv": [ 4.96, 0.96, 7.04, 3.04 ], "texture": "#vines_crusade_helmet" },
				"west": { "uv": [ 4.96, 0.96, 7.04, 3.04 ], "texture": "#vines_crusade_helmet" },
				"east": { "uv": [ 4.96, 0.96, 7.04, 3.04 ], "texture": "#vines_crusade_helmet" }
			}
		},
		{
			"__comment": "Voxels-3D7900",
			"from": [ 4, 13, 13 ],
			"to": [ 5, 14, 14 ],
			"faces": {
				"down": { "uv": [ 4.96, 0.96, 7.04, 3.04 ], "texture": "#vines_crusade_helmet" },
				"up": { "uv": [ 4.96, 0.96, 7.04, 3.04 ], "texture": "#vines_crusade_helmet" },
				"north": { "uv": [ 4.96, 0.96, 7.04, 3.04 ], "texture": "#vines_crusade_helmet" },
				"south": { "uv": [ 4.96, 0.96, 7.04, 3.04 ], "texture": "#vines_crusade_helmet" },
				"west": { "uv": [ 4.96, 0.96, 7.04, 3.04 ], "texture": "#vines_crusade_helmet" },
				"east": { "uv": [ 4.96, 0.96, 7.04, 3.04 ], "texture": "#vines_crusade_helmet" }
			}
		},
		{
			"__comment": "Voxels-3D7900",
			"from": [ 4, 17, 8 ],
			"to": [ 6, 18, 9 ],
			"faces": {
				"down": { "uv": [ 4.96, 0.96, 7.04, 3.04 ], "texture": "#vines_crusade_helmet" },
				"up": { "uv": [ 4.96, 0.96, 7.04, 3.04 ], "texture": "#vines_crusade_helmet" },
				"north": { "uv": [ 4.96, 0.96, 7.04, 3.04 ], "texture": "#vines_crusade_helmet" },
				"south": { "uv": [ 4.96, 0.96, 7.04, 3.04 ], "texture": "#vines_crusade_helmet" },
				"west": { "uv": [ 4.96, 0.96, 7.04, 3.04 ], "texture": "#vines_crusade_helmet" },
				"east": { "uv": [ 4.96, 0.96, 7.04, 3.04 ], "texture": "#vines_crusade_helmet" }
			}
		},
		{
			"__comment": "Voxels-3D7900",
			"from": [ 4, 17, 9 ],
			"to": [ 5, 18, 10 ],
			"faces": {
				"down": { "uv": [ 4.96, 0.96, 7.04, 3.04 ], "texture": "#vines_crusade_helmet" },
				"up": { "uv": [ 4.96, 0.96, 7.04, 3.04 ], "texture": "#vines_crusade_helmet" },
				"north": { "uv": [ 4.96, 0.96, 7.04, 3.04 ], "texture": "#vines_crusade_helmet" },
				"south": { "uv": [ 4.96, 0.96, 7.04, 3.04 ], "texture": "#vines_crusade_helmet" },
				"west": { "uv": [ 4.96, 0.96, 7.04, 3.04 ], "texture": "#vines_crusade_helmet" },
				"east": { "uv": [ 4.96, 0.96, 7.04, 3.04 ], "texture": "#vines_crusade_helmet" }
			}
		},
		{
			"__comment": "Voxels-3D7900",
			"from": [ 5, 3, 13 ],
			"to": [ 6, 5, 14 ],
			"faces": {
				"down": { "uv": [ 4.96, 0.96, 7.04, 3.04 ], "texture": "#vines_crusade_helmet" },
				"up": { "uv": [ 4.96, 0.96, 7.04, 3.04 ], "texture": "#vines_crusade_helmet" },
				"north": { "uv": [ 4.96, 0.96, 7.04, 3.04 ], "texture": "#vines_crusade_helmet" },
				"south": { "uv": [ 4.96, 0.96, 7.04, 3.04 ], "texture": "#vines_crusade_helmet" },
				"west": { "uv": [ 4.96, 0.96, 7.04, 3.04 ], "texture": "#vines_crusade_helmet" },
				"east": { "uv": [ 4.96, 0.96, 7.04, 3.04 ], "texture": "#vines_crusade_helmet" }
			}
		},
		{
			"__comment": "Voxels-3D7900",
			"from": [ 5, 11, 13 ],
			"to": [ 6, 12, 14 ],
			"faces": {
				"down": { "uv": [ 4.96, 0.96, 7.04, 3.04 ], "texture": "#vines_crusade_helmet" },
				"up": { "uv": [ 4.96, 0.96, 7.04, 3.04 ], "texture": "#vines_crusade_helmet" },
				"north": { "uv": [ 4.96, 0.96, 7.04, 3.04 ], "texture": "#vines_crusade_helmet" },
				"south": { "uv": [ 4.96, 0.96, 7.04, 3.04 ], "texture": "#vines_crusade_helmet" },
				"west": { "uv": [ 4.96, 0.96, 7.04, 3.04 ], "texture": "#vines_crusade_helmet" },
				"east": { "uv": [ 4.96, 0.96, 7.04, 3.04 ], "texture": "#vines_crusade_helmet" }
			}
		},
		{
			"__comment": "Voxels-224400",
			"from": [ 5, 11, 14 ],
			"to": [ 6, 12, 15 ],
			"faces": {
				"down": { "uv": [ 0.96, 4.96, 3.04, 7.04 ], "texture": "#vines_crusade_helmet" },
				"up": { "uv": [ 0.96, 4.96, 3.04, 7.04 ], "texture": "#vines_crusade_helmet" },
				"north": { "uv": [ 0.96, 4.96, 3.04, 7.04 ], "texture": "#vines_crusade_helmet" },
				"south": { "uv": [ 0.96, 4.96, 3.04, 7.04 ], "texture": "#vines_crusade_helmet" },
				"west": { "uv": [ 0.96, 4.96, 3.04, 7.04 ], "texture": "#vines_crusade_helmet" },
				"east": { "uv": [ 0.96, 4.96, 3.04, 7.04 ], "texture": "#vines_crusade_helmet" }
			}
		},
		{
			"__comment": "Voxels-3D7900",
			"from": [ 5, 16, 1 ],
			"to": [ 6, 17, 2 ],
			"faces": {
				"down": { "uv": [ 4.96, 0.96, 7.04, 3.04 ], "texture": "#vines_crusade_helmet" },
				"up": { "uv": [ 4.96, 0.96, 7.04, 3.04 ], "texture": "#vines_crusade_helmet" },
				"north": { "uv": [ 4.96, 0.96, 7.04, 3.04 ], "texture": "#vines_crusade_helmet" },
				"south": { "uv": [ 4.96, 0.96, 7.04, 3.04 ], "texture": "#vines_crusade_helmet" },
				"west": { "uv": [ 4.96, 0.96, 7.04, 3.04 ], "texture": "#vines_crusade_helmet" },
				"east": { "uv": [ 4.96, 0.96, 7.04, 3.04 ], "texture": "#vines_crusade_helmet" }
			}
		},
		{
			"__comment": "Voxels-3D7900",
			"from": [ 5, 17, 2 ],
			"to": [ 7, 18, 3 ],
			"faces": {
				"down": { "uv": [ 4.96, 0.96, 7.04, 3.04 ], "texture": "#vines_crusade_helmet" },
				"up": { "uv": [ 4.96, 0.96, 7.04, 3.04 ], "texture": "#vines_crusade_helmet" },
				"north": { "uv": [ 4.96, 0.96, 7.04, 3.04 ], "texture": "#vines_crusade_helmet" },
				"south": { "uv": [ 4.96, 0.96, 7.04, 3.04 ], "texture": "#vines_crusade_helmet" },
				"west": { "uv": [ 4.96, 0.96, 7.04, 3.04 ], "texture": "#vines_crusade_helmet" },
				"east": { "uv": [ 4.96, 0.96, 7.04, 3.04 ], "texture": "#vines_crusade_helmet" }
			}
		},
		{
			"__comment": "Voxels-FF0000",
			"from": [ 5, 17, 3 ],
			"to": [ 6, 18, 4 ],
			"faces": {
				"down": { "uv": [ 8.96, 0.96, 11.04, 3.04 ], "texture": "#vines_crusade_helmet" },
				"up": { "uv": [ 8.96, 0.96, 11.04, 3.04 ], "texture": "#vines_crusade_helmet" },
				"north": { "uv": [ 8.96, 0.96, 11.04, 3.04 ], "texture": "#vines_crusade_helmet" },
				"south": { "uv": [ 8.96, 0.96, 11.04, 3.04 ], "texture": "#vines_crusade_helmet" },
				"west": { "uv": [ 8.96, 0.96, 11.04, 3.04 ], "texture": "#vines_crusade_helmet" },
				"east": { "uv": [ 8.96, 0.96, 11.04, 3.04 ], "texture": "#vines_crusade_helmet" }
			}
		},
		{
			"__comment": "Voxels-3D7900",
			"from": [ 5, 17, 7 ],
			"to": [ 9, 18, 8 ],
			"faces": {
				"down": { "uv": [ 4.96, 0.96, 7.04, 3.04 ], "texture": "#vines_crusade_helmet" },
				"up": { "uv": [ 4.96, 0.96, 7.04, 3.04 ], "texture": "#vines_crusade_helmet" },
				"north": { "uv": [ 4.96, 0.96, 7.04, 3.04 ], "texture": "#vines_crusade_helmet" },
				"south": { "uv": [ 4.96, 0.96, 7.04, 3.04 ], "texture": "#vines_crusade_helmet" },
				"west": { "uv": [ 4.96, 0.96, 7.04, 3.04 ], "texture": "#vines_crusade_helmet" },
				"east": { "uv": [ 4.96, 0.96, 7.04, 3.04 ], "texture": "#vines_crusade_helmet" }
			}
		},
		{
			"__comment": "Voxels-224400",
			"from": [ 6, 4, 14 ],
			"to": [ 7, 5, 15 ],
			"faces": {
				"down": { "uv": [ 0.96, 4.96, 3.04, 7.04 ], "texture": "#vines_crusade_helmet" },
				"up": { "uv": [ 0.96, 4.96, 3.04, 7.04 ], "texture": "#vines_crusade_helmet" },
				"north": { "uv": [ 0.96, 4.96, 3.04, 7.04 ], "texture": "#vines_crusade_helmet" },
				"south": { "uv": [ 0.96, 4.96, 3.04, 7.04 ], "texture": "#vines_crusade_helmet" },
				"west": { "uv": [ 0.96, 4.96, 3.04, 7.04 ], "texture": "#vines_crusade_helmet" },
				"east": { "uv": [ 0.96, 4.96, 3.04, 7.04 ], "texture": "#vines_crusade_helmet" }
			}
		},
		{
			"__comment": "Voxels-3D7900",
			"from": [ 6, 5, 14 ],
			"to": [ 7, 7, 15 ],
			"faces": {
				"down": { "uv": [ 4.96, 0.96, 7.04, 3.04 ], "texture": "#vines_crusade_helmet" },
				"up": { "uv": [ 4.96, 0.96, 7.04, 3.04 ], "texture": "#vines_crusade_helmet" },
				"north": { "uv": [ 4.96, 0.96, 7.04, 3.04 ], "texture": "#vines_crusade_helmet" },
				"south": { "uv": [ 4.96, 0.96, 7.04, 3.04 ], "texture": "#vines_crusade_helmet" },
				"west": { "uv": [ 4.96, 0.96, 7.04, 3.04 ], "texture": "#vines_crusade_helmet" },
				"east": { "uv": [ 4.96, 0.96, 7.04, 3.04 ], "texture": "#vines_crusade_helmet" }
			}
		},
		{
			"__comment": "Voxels-3D7900",
			"from": [ 6, 7, 14 ],
			"to": [ 7, 8, 15 ],
			"faces": {
				"down": { "uv": [ 4.96, 0.96, 7.04, 3.04 ], "texture": "#vines_crusade_helmet" },
				"up": { "uv": [ 4.96, 0.96, 7.04, 3.04 ], "texture": "#vines_crusade_helmet" },
				"north": { "uv": [ 4.96, 0.96, 7.04, 3.04 ], "texture": "#vines_crusade_helmet" },
				"south": { "uv": [ 4.96, 0.96, 7.04, 3.04 ], "texture": "#vines_crusade_helmet" },
				"west": { "uv": [ 4.96, 0.96, 7.04, 3.04 ], "texture": "#vines_crusade_helmet" },
				"east": { "uv": [ 4.96, 0.96, 7.04, 3.04 ], "texture": "#vines_crusade_helmet" }
			}
		},
		{
			"__comment": "Voxels-224400",
			"from": [ 6, 7, 15 ],
			"to": [ 7, 8, 16 ],
			"faces": {
				"down": { "uv": [ 0.96, 4.96, 3.04, 7.04 ], "texture": "#vines_crusade_helmet" },
				"up": { "uv": [ 0.96, 4.96, 3.04, 7.04 ], "texture": "#vines_crusade_helmet" },
				"north": { "uv": [ 0.96, 4.96, 3.04, 7.04 ], "texture": "#vines_crusade_helmet" },
				"south": { "uv": [ 0.96, 4.96, 3.04, 7.04 ], "texture": "#vines_crusade_helmet" },
				"west": { "uv": [ 0.96, 4.96, 3.04, 7.04 ], "texture": "#vines_crusade_helmet" },
				"east": { "uv": [ 0.96, 4.96, 3.04, 7.04 ], "texture": "#vines_crusade_helmet" }
			}
		},
		{
			"__comment": "Voxels-3D7900",
			"from": [ 6, 10, 14 ],
			"to": [ 7, 11, 15 ],
			"faces": {
				"down": { "uv": [ 4.96, 0.96, 7.04, 3.04 ], "texture": "#vines_crusade_helmet" },
				"up": { "uv": [ 4.96, 0.96, 7.04, 3.04 ], "texture": "#vines_crusade_helmet" },
				"north": { "uv": [ 4.96, 0.96, 7.04, 3.04 ], "texture": "#vines_crusade_helmet" },
				"south": { "uv": [ 4.96, 0.96, 7.04, 3.04 ], "texture": "#vines_crusade_helmet" },
				"west": { "uv": [ 4.96, 0.96, 7.04, 3.04 ], "texture": "#vines_crusade_helmet" },
				"east": { "uv": [ 4.96, 0.96, 7.04, 3.04 ], "texture": "#vines_crusade_helmet" }
			}
		},
		{
			"__comment": "Voxels-3D7900",
			"from": [ 7, 8, 14 ],
			"to": [ 8, 10, 15 ],
			"faces": {
				"down": { "uv": [ 4.96, 0.96, 7.04, 3.04 ], "texture": "#vines_crusade_helmet" },
				"up": { "uv": [ 4.96, 0.96, 7.04, 3.04 ], "texture": "#vines_crusade_helmet" },
				"north": { "uv": [ 4.96, 0.96, 7.04, 3.04 ], "texture": "#vines_crusade_helmet" },
				"south": { "uv": [ 4.96, 0.96, 7.04, 3.04 ], "texture": "#vines_crusade_helmet" },
				"west": { "uv": [ 4.96, 0.96, 7.04, 3.04 ], "texture": "#vines_crusade_helmet" },
				"east": { "uv": [ 4.96, 0.96, 7.04, 3.04 ], "texture": "#vines_crusade_helmet" }
			}
		},
		{
			"__comment": "Voxels-3D7900",
			"from": [ 7, 17, 3 ],
			"to": [ 8, 18, 4 ],
			"faces": {
				"down": { "uv": [ 4.96, 0.96, 7.04, 3.04 ], "texture": "#vines_crusade_helmet" },
				"up": { "uv": [ 4.96, 0.96, 7.04, 3.04 ], "texture": "#vines_crusade_helmet" },
				"north": { "uv": [ 4.96, 0.96, 7.04, 3.04 ], "texture": "#vines_crusade_helmet" },
				"south": { "uv": [ 4.96, 0.96, 7.04, 3.04 ], "texture": "#vines_crusade_helmet" },
				"west": { "uv": [ 4.96, 0.96, 7.04, 3.04 ], "texture": "#vines_crusade_helmet" },
				"east": { "uv": [ 4.96, 0.96, 7.04, 3.04 ], "texture": "#vines_crusade_helmet" }
			}
		},
		{
			"__comment": "Voxels-3D7900",
			"from": [ 7, 17, 8 ],
			"to": [ 8, 18, 9 ],
			"faces": {
				"down": { "uv": [ 4.96, 0.96, 7.04, 3.04 ], "texture": "#vines_crusade_helmet" },
				"up": { "uv": [ 4.96, 0.96, 7.04, 3.04 ], "texture": "#vines_crusade_helmet" },
				"north": { "uv": [ 4.96, 0.96, 7.04, 3.04 ], "texture": "#vines_crusade_helmet" },
				"south": { "uv": [ 4.96, 0.96, 7.04, 3.04 ], "texture": "#vines_crusade_helmet" },
				"west": { "uv": [ 4.96, 0.96, 7.04, 3.04 ], "texture": "#vines_crusade_helmet" },
				"east": { "uv": [ 4.96, 0.96, 7.04, 3.04 ], "texture": "#vines_crusade_helmet" }
			}
		},
		{
			"__comment": "Voxels-3D7900",
			"from": [ 8, 7, 14 ],
			"to": [ 10, 8, 15 ],
			"faces": {
				"down": { "uv": [ 4.96, 0.96, 7.04, 3.04 ], "texture": "#vines_crusade_helmet" },
				"up": { "uv": [ 4.96, 0.96, 7.04, 3.04 ], "texture": "#vines_crusade_helmet" },
				"north": { "uv": [ 4.96, 0.96, 7.04, 3.04 ], "texture": "#vines_crusade_helmet" },
				"south": { "uv": [ 4.96, 0.96, 7.04, 3.04 ], "texture": "#vines_crusade_helmet" },
				"west": { "uv": [ 4.96, 0.96, 7.04, 3.04 ], "texture": "#vines_crusade_helmet" },
				"east": { "uv": [ 4.96, 0.96, 7.04, 3.04 ], "texture": "#vines_crusade_helmet" }
			}
		},
		{
			"__comment": "Voxels-224400",
			"from": [ 8, 8, 14 ],
			"to": [ 9, 9, 15 ],
			"faces": {
				"down": { "uv": [ 0.96, 4.96, 3.04, 7.04 ], "texture": "#vines_crusade_helmet" },
				"up": { "uv": [ 0.96, 4.96, 3.04, 7.04 ], "texture": "#vines_crusade_helmet" },
				"north": { "uv": [ 0.96, 4.96, 3.04, 7.04 ], "texture": "#vines_crusade_helmet" },
				"south": { "uv": [ 0.96, 4.96, 3.04, 7.04 ], "texture": "#vines_crusade_helmet" },
				"west": { "uv": [ 0.96, 4.96, 3.04, 7.04 ], "texture": "#vines_crusade_helmet" },
				"east": { "uv": [ 0.96, 4.96, 3.04, 7.04 ], "texture": "#vines_crusade_helmet" }
			}
		},
		{
			"__comment": "Voxels-3D7900",
			"from": [ 8, 10, 14 ],
			"to": [ 9, 11, 15 ],
			"faces": {
				"down": { "uv": [ 4.96, 0.96, 7.04, 3.04 ], "texture": "#vines_crusade_helmet" },
				"up": { "uv": [ 4.96, 0.96, 7.04, 3.04 ], "texture": "#vines_crusade_helmet" },
				"north": { "uv": [ 4.96, 0.96, 7.04, 3.04 ], "texture": "#vines_crusade_helmet" },
				"south": { "uv": [ 4.96, 0.96, 7.04, 3.04 ], "texture": "#vines_crusade_helmet" },
				"west": { "uv": [ 4.96, 0.96, 7.04, 3.04 ], "texture": "#vines_crusade_helmet" },
				"east": { "uv": [ 4.96, 0.96, 7.04, 3.04 ], "texture": "#vines_crusade_helmet" }
			}
		},
		{
			"__comment": "Voxels-FF0000",
			"from": [ 8, 12, 14 ],
			"to": [ 9, 13, 15 ],
			"faces": {
				"down": { "uv": [ 8.96, 0.96, 11.04, 3.04 ], "texture": "#vines_crusade_helmet" },
				"up": { "uv": [ 8.96, 0.96, 11.04, 3.04 ], "texture": "#vines_crusade_helmet" },
				"north": { "uv": [ 8.96, 0.96, 11.04, 3.04 ], "texture": "#vines_crusade_helmet" },
				"south": { "uv": [ 8.96, 0.96, 11.04, 3.04 ], "texture": "#vines_crusade_helmet" },
				"west": { "uv": [ 8.96, 0.96, 11.04, 3.04 ], "texture": "#vines_crusade_helmet" },
				"east": { "uv": [ 8.96, 0.96, 11.04, 3.04 ], "texture": "#vines_crusade_helmet" }
			}
		},
		{
			"__comment": "Voxels-224400",
			"from": [ 8, 17, 3 ],
			"to": [ 9, 18, 4 ],
			"faces": {
				"down": { "uv": [ 0.96, 4.96, 3.04, 7.04 ], "texture": "#vines_crusade_helmet" },
				"up": { "uv": [ 0.96, 4.96, 3.04, 7.04 ], "texture": "#vines_crusade_helmet" },
				"north": { "uv": [ 0.96, 4.96, 3.04, 7.04 ], "texture": "#vines_crusade_helmet" },
				"south": { "uv": [ 0.96, 4.96, 3.04, 7.04 ], "texture": "#vines_crusade_helmet" },
				"west": { "uv": [ 0.96, 4.96, 3.04, 7.04 ], "texture": "#vines_crusade_helmet" },
				"east": { "uv": [ 0.96, 4.96, 3.04, 7.04 ], "texture": "#vines_crusade_helmet" }
			}
		},
		{
			"__comment": "Voxels-3D7900",
			"from": [ 8, 17, 4 ],
			"to": [ 9, 18, 5 ],
			"faces": {
				"down": { "uv": [ 4.96, 0.96, 7.04, 3.04 ], "texture": "#vines_crusade_helmet" },
				"up": { "uv": [ 4.96, 0.96, 7.04, 3.04 ], "texture": "#vines_crusade_helmet" },
				"north": { "uv": [ 4.96, 0.96, 7.04, 3.04 ], "texture": "#vines_crusade_helmet" },
				"south": { "uv": [ 4.96, 0.96, 7.04, 3.04 ], "texture": "#vines_crusade_helmet" },
				"west": { "uv": [ 4.96, 0.96, 7.04, 3.04 ], "texture": "#vines_crusade_helmet" },
				"east": { "uv": [ 4.96, 0.96, 7.04, 3.04 ], "texture": "#vines_crusade_helmet" }
			}
		},
		{
			"__comment": "Voxels-3D7900",
			"from": [ 8, 17, 6 ],
			"to": [ 9, 18, 7 ],
			"faces": {
				"down": { "uv": [ 4.96, 0.96, 7.04, 3.04 ], "texture": "#vines_crusade_helmet" },
				"up": { "uv": [ 4.96, 0.96, 7.04, 3.04 ], "texture": "#vines_crusade_helmet" },
				"north": { "uv": [ 4.96, 0.96, 7.04, 3.04 ], "texture": "#vines_crusade_helmet" },
				"south": { "uv": [ 4.96, 0.96, 7.04, 3.04 ], "texture": "#vines_crusade_helmet" },
				"west": { "uv": [ 4.96, 0.96, 7.04, 3.04 ], "texture": "#vines_crusade_helmet" },
				"east": { "uv": [ 4.96, 0.96, 7.04, 3.04 ], "texture": "#vines_crusade_helmet" }
			}
		},
		{
			"__comment": "Voxels-3D7900",
			"from": [ 8, 17, 9 ],
			"to": [ 9, 18, 10 ],
			"faces": {
				"down": { "uv": [ 4.96, 0.96, 7.04, 3.04 ], "texture": "#vines_crusade_helmet" },
				"up": { "uv": [ 4.96, 0.96, 7.04, 3.04 ], "texture": "#vines_crusade_helmet" },
				"north": { "uv": [ 4.96, 0.96, 7.04, 3.04 ], "texture": "#vines_crusade_helmet" },
				"south": { "uv": [ 4.96, 0.96, 7.04, 3.04 ], "texture": "#vines_crusade_helmet" },
				"west": { "uv": [ 4.96, 0.96, 7.04, 3.04 ], "texture": "#vines_crusade_helmet" },
				"east": { "uv": [ 4.96, 0.96, 7.04, 3.04 ], "texture": "#vines_crusade_helmet" }
			}
		},
		{
			"__comment": "Voxels-3D7900",
			"from": [ 9, 11, 14 ],
			"to": [ 10, 12, 15 ],
			"faces": {
				"down": { "uv": [ 4.96, 0.96, 7.04, 3.04 ], "texture": "#vines_crusade_helmet" },
				"up": { "uv": [ 4.96, 0.96, 7.04, 3.04 ], "texture": "#vines_crusade_helmet" },
				"north": { "uv": [ 4.96, 0.96, 7.04, 3.04 ], "texture": "#vines_crusade_helmet" },
				"south": { "uv": [ 4.96, 0.96, 7.04, 3.04 ], "texture": "#vines_crusade_helmet" },
				"west": { "uv": [ 4.96, 0.96, 7.04, 3.04 ], "texture": "#vines_crusade_helmet" },
				"east": { "uv": [ 4.96, 0.96, 7.04, 3.04 ], "texture": "#vines_crusade_helmet" }
			}
		},
		{
			"__comment": "Voxels-3D7900",
			"from": [ 9, 16, 13 ],
			"to": [ 11, 17, 14 ],
			"faces": {
				"down": { "uv": [ 4.96, 0.96, 7.04, 3.04 ], "texture": "#vines_crusade_helmet" },
				"up": { "uv": [ 4.96, 0.96, 7.04, 3.04 ], "texture": "#vines_crusade_helmet" },
				"north": { "uv": [ 4.96, 0.96, 7.04, 3.04 ], "texture": "#vines_crusade_helmet" },
				"south": { "uv": [ 4.96, 0.96, 7.04, 3.04 ], "texture": "#vines_crusade_helmet" },
				"west": { "uv": [ 4.96, 0.96, 7.04, 3.04 ], "texture": "#vines_crusade_helmet" },
				"east": { "uv": [ 4.96, 0.96, 7.04, 3.04 ], "texture": "#vines_crusade_helmet" }
			}
		},
		{
			"__comment": "Voxels-3D7900",
			"from": [ 9, 17, 5 ],
			"to": [ 10, 18, 6 ],
			"faces": {
				"down": { "uv": [ 4.96, 0.96, 7.04, 3.04 ], "texture": "#vines_crusade_helmet" },
				"up": { "uv": [ 4.96, 0.96, 7.04, 3.04 ], "texture": "#vines_crusade_helmet" },
				"north": { "uv": [ 4.96, 0.96, 7.04, 3.04 ], "texture": "#vines_crusade_helmet" },
				"south": { "uv": [ 4.96, 0.96, 7.04, 3.04 ], "texture": "#vines_crusade_helmet" },
				"west": { "uv": [ 4.96, 0.96, 7.04, 3.04 ], "texture": "#vines_crusade_helmet" },
				"east": { "uv": [ 4.96, 0.96, 7.04, 3.04 ], "texture": "#vines_crusade_helmet" }
			}
		},
		{
			"__comment": "Voxels-FF0000",
			"from": [ 9, 17, 10 ],
			"to": [ 10, 18, 11 ],
			"faces": {
				"down": { "uv": [ 8.96, 0.96, 11.04, 3.04 ], "texture": "#vines_crusade_helmet" },
				"up": { "uv": [ 8.96, 0.96, 11.04, 3.04 ], "texture": "#vines_crusade_helmet" },
				"north": { "uv": [ 8.96, 0.96, 11.04, 3.04 ], "texture": "#vines_crusade_helmet" },
				"south": { "uv": [ 8.96, 0.96, 11.04, 3.04 ], "texture": "#vines_crusade_helmet" },
				"west": { "uv": [ 8.96, 0.96, 11.04, 3.04 ], "texture": "#vines_crusade_helmet" },
				"east": { "uv": [ 8.96, 0.96, 11.04, 3.04 ], "texture": "#vines_crusade_helmet" }
			}
		},
		{
			"__comment": "Voxels-3D7900",
			"from": [ 9, 17, 11 ],
			"to": [ 10, 18, 12 ],
			"faces": {
				"down": { "uv": [ 4.96, 0.96, 7.04, 3.04 ], "texture": "#vines_crusade_helmet" },
				"up": { "uv": [ 4.96, 0.96, 7.04, 3.04 ], "texture": "#vines_crusade_helmet" },
				"north": { "uv": [ 4.96, 0.96, 7.04, 3.04 ], "texture": "#vines_crusade_helmet" },
				"south": { "uv": [ 4.96, 0.96, 7.04, 3.04 ], "texture": "#vines_crusade_helmet" },
				"west": { "uv": [ 4.96, 0.96, 7.04, 3.04 ], "texture": "#vines_crusade_helmet" },
				"east": { "uv": [ 4.96, 0.96, 7.04, 3.04 ], "texture": "#vines_crusade_helmet" }
			}
		},
		{
			"__comment": "Voxels-3D7900",
			"from": [ 10, 6, 14 ],
			"to": [ 11, 7, 15 ],
			"faces": {
				"down": { "uv": [ 4.96, 0.96, 7.04, 3.04 ], "texture": "#vines_crusade_helmet" },
				"up": { "uv": [ 4.96, 0.96, 7.04, 3.04 ], "texture": "#vines_crusade_helmet" },
				"north": { "uv": [ 4.96, 0.96, 7.04, 3.04 ], "texture": "#vines_crusade_helmet" },
				"south": { "uv": [ 4.96, 0.96, 7.04, 3.04 ], "texture": "#vines_crusade_helmet" },
				"west": { "uv": [ 4.96, 0.96, 7.04, 3.04 ], "texture": "#vines_crusade_helmet" },
				"east": { "uv": [ 4.96, 0.96, 7.04, 3.04 ], "texture": "#vines_crusade_helmet" }
			}
		},
		{
			"__comment": "Voxels-3D7900",
			"from": [ 10, 11, 13 ],
			"to": [ 11, 13, 14 ],
			"faces": {
				"down": { "uv": [ 4.96, 0.96, 7.04, 3.04 ], "texture": "#vines_crusade_helmet" },
				"up": { "uv": [ 4.96, 0.96, 7.04, 3.04 ], "texture": "#vines_crusade_helmet" },
				"north": { "uv": [ 4.96, 0.96, 7.04, 3.04 ], "texture": "#vines_crusade_helmet" },
				"south": { "uv": [ 4.96, 0.96, 7.04, 3.04 ], "texture": "#vines_crusade_helmet" },
				"west": { "uv": [ 4.96, 0.96, 7.04, 3.04 ], "texture": "#vines_crusade_helmet" },
				"east": { "uv": [ 4.96, 0.96, 7.04, 3.04 ], "texture": "#vines_crusade_helmet" }
			}
		},
		{
			"__comment": "Voxels-3D7900",
			"from": [ 10, 14, 13 ],
			"to": [ 11, 16, 14 ],
			"faces": {
				"down": { "uv": [ 4.96, 0.96, 7.04, 3.04 ], "texture": "#vines_crusade_helmet" },
				"up": { "uv": [ 4.96, 0.96, 7.04, 3.04 ], "texture": "#vines_crusade_helmet" },
				"north": { "uv": [ 4.96, 0.96, 7.04, 3.04 ], "texture": "#vines_crusade_helmet" },
				"south": { "uv": [ 4.96, 0.96, 7.04, 3.04 ], "texture": "#vines_crusade_helmet" },
				"west": { "uv": [ 4.96, 0.96, 7.04, 3.04 ], "texture": "#vines_crusade_helmet" },
				"east": { "uv": [ 4.96, 0.96, 7.04, 3.04 ], "texture": "#vines_crusade_helmet" }
			}
		},
		{
			"__comment": "Voxels-224400",
			"from": [ 10, 15, 14 ],
			"to": [ 11, 17, 15 ],
			"faces": {
				"down": { "uv": [ 0.96, 4.96, 3.04, 7.04 ], "texture": "#vines_crusade_helmet" },
				"up": { "uv": [ 0.96, 4.96, 3.04, 7.04 ], "texture": "#vines_crusade_helmet" },
				"north": { "uv": [ 0.96, 4.96, 3.04, 7.04 ], "texture": "#vines_crusade_helmet" },
				"south": { "uv": [ 0.96, 4.96, 3.04, 7.04 ], "texture": "#vines_crusade_helmet" },
				"west": { "uv": [ 0.96, 4.96, 3.04, 7.04 ], "texture": "#vines_crusade_helmet" },
				"east": { "uv": [ 0.96, 4.96, 3.04, 7.04 ], "texture": "#vines_crusade_helmet" }
			}
		},
		{
			"__comment": "Voxels-3D7900",
			"from": [ 10, 17, 6 ],
			"to": [ 11, 18, 7 ],
			"faces": {
				"down": { "uv": [ 4.96, 0.96, 7.04, 3.04 ], "texture": "#vines_crusade_helmet" },
				"up": { "uv": [ 4.96, 0.96, 7.04, 3.04 ], "texture": "#vines_crusade_helmet" },
				"north": { "uv": [ 4.96, 0.96, 7.04, 3.04 ], "texture": "#vines_crusade_helmet" },
				"south": { "uv": [ 4.96, 0.96, 7.04, 3.04 ], "texture": "#vines_crusade_helmet" },
				"west": { "uv": [ 4.96, 0.96, 7.04, 3.04 ], "texture": "#vines_crusade_helmet" },
				"east": { "uv": [ 4.96, 0.96, 7.04, 3.04 ], "texture": "#vines_crusade_helmet" }
			}
		},
		{
			"__comment": "Voxels-3D7900",
			"from": [ 11, 5, 13 ],
			"to": [ 12, 6, 14 ],
			"faces": {
				"down": { "uv": [ 4.96, 0.96, 7.04, 3.04 ], "texture": "#vines_crusade_helmet" },
				"up": { "uv": [ 4.96, 0.96, 7.04, 3.04 ], "texture": "#vines_crusade_helmet" },
				"north": { "uv": [ 4.96, 0.96, 7.04, 3.04 ], "texture": "#vines_crusade_helmet" },
				"south": { "uv": [ 4.96, 0.96, 7.04, 3.04 ], "texture": "#vines_crusade_helmet" },
				"west": { "uv": [ 4.96, 0.96, 7.04, 3.04 ], "texture": "#vines_crusade_helmet" },
				"east": { "uv": [ 4.96, 0.96, 7.04, 3.04 ], "texture": "#vines_crusade_helmet" }
			}
		},
		{
			"__comment": "Voxels-224400",
			"from": [ 11, 11, 13 ],
			"to": [ 12, 12, 14 ],
			"faces": {
				"down": { "uv": [ 0.96, 4.96, 3.04, 7.04 ], "texture": "#vines_crusade_helmet" },
				"up": { "uv": [ 0.96, 4.96, 3.04, 7.04 ], "texture": "#vines_crusade_helmet" },
				"north": { "uv": [ 0.96, 4.96, 3.04, 7.04 ], "texture": "#vines_crusade_helmet" },
				"south": { "uv": [ 0.96, 4.96, 3.04, 7.04 ], "texture": "#vines_crusade_helmet" },
				"west": { "uv": [ 0.96, 4.96, 3.04, 7.04 ], "texture": "#vines_crusade_helmet" },
				"east": { "uv": [ 0.96, 4.96, 3.04, 7.04 ], "texture": "#vines_crusade_helmet" }
			}
		},
		{
			"__comment": "Voxels-3D7900",
			"from": [ 11, 13, 13 ],
			"to": [ 12, 14, 14 ],
			"faces": {
				"down": { "uv": [ 4.96, 0.96, 7.04, 3.04 ], "texture": "#vines_crusade_helmet" },
				"up": { "uv": [ 4.96, 0.96, 7.04, 3.04 ], "texture": "#vines_crusade_helmet" },
				"north": { "uv": [ 4.96, 0.96, 7.04, 3.04 ], "texture": "#vines_crusade_helmet" },
				"south": { "uv": [ 4.96, 0.96, 7.04, 3.04 ], "texture": "#vines_crusade_helmet" },
				"west": { "uv": [ 4.96, 0.96, 7.04, 3.04 ], "texture": "#vines_crusade_helmet" },
				"east": { "uv": [ 4.96, 0.96, 7.04, 3.04 ], "texture": "#vines_crusade_helmet" }
			}
		},
		{
			"__comment": "Voxels-224400",
			"from": [ 11, 17, 4 ],
			"to": [ 12, 18, 5 ],
			"faces": {
				"down": { "uv": [ 0.96, 4.96, 3.04, 7.04 ], "texture": "#vines_crusade_helmet" },
				"up": { "uv": [ 0.96, 4.96, 3.04, 7.04 ], "texture": "#vines_crusade_helmet" },
				"north": { "uv": [ 0.96, 4.96, 3.04, 7.04 ], "texture": "#vines_crusade_helmet" },
				"south": { "uv": [ 0.96, 4.96, 3.04, 7.04 ], "texture": "#vines_crusade_helmet" },
				"west": { "uv": [ 0.96, 4.96, 3.04, 7.04 ], "texture": "#vines_crusade_helmet" },
				"east": { "uv": [ 0.96, 4.96, 3.04, 7.04 ], "texture": "#vines_crusade_helmet" }
			}
		},
		{
			"__comment": "Voxels-3D7900",
			"from": [ 11, 17, 5 ],
			"to": [ 12, 18, 6 ],
			"faces": {
				"down": { "uv": [ 4.96, 0.96, 7.04, 3.04 ], "texture": "#vines_crusade_helmet" },
				"up": { "uv": [ 4.96, 0.96, 7.04, 3.04 ], "texture": "#vines_crusade_helmet" },
				"north": { "uv": [ 4.96, 0.96, 7.04, 3.04 ], "texture": "#vines_crusade_helmet" },
				"south": { "uv": [ 4.96, 0.96, 7.04, 3.04 ], "texture": "#vines_crusade_helmet" },
				"west": { "uv": [ 4.96, 0.96, 7.04, 3.04 ], "texture": "#vines_crusade_helmet" },
				"east": { "uv": [ 4.96, 0.96, 7.04, 3.04 ], "texture": "#vines_crusade_helmet" }
			}
		},
		{
			"__comment": "Voxels-FF0000",
			"from": [ 11, 17, 7 ],
			"to": [ 12, 18, 8 ],
			"faces": {
				"down": { "uv": [ 8.96, 0.96, 11.04, 3.04 ], "texture": "#vines_crusade_helmet" },
				"up": { "uv": [ 8.96, 0.96, 11.04, 3.04 ], "texture": "#vines_crusade_helmet" },
				"north": { "uv": [ 8.96, 0.96, 11.04, 3.04 ], "texture": "#vines_crusade_helmet" },
				"south": { "uv": [ 8.96, 0.96, 11.04, 3.04 ], "texture": "#vines_crusade_helmet" },
				"west": { "uv": [ 8.96, 0.96, 11.04, 3.04 ], "texture": "#vines_crusade_helmet" },
				"east": { "uv": [ 8.96, 0.96, 11.04, 3.04 ], "texture": "#vines_crusade_helmet" }
			}
		},
		{
			"__comment": "Voxels-3D7900",
			"from": [ 12, 4, 12 ],
			"to": [ 13, 5, 13 ],
			"faces": {
				"down": { "uv": [ 4.96, 0.96, 7.04, 3.04 ], "texture": "#vines_crusade_helmet" },
				"up": { "uv": [ 4.96, 0.96, 7.04, 3.04 ], "texture": "#vines_crusade_helmet" },
				"north": { "uv": [ 4.96, 0.96, 7.04, 3.04 ], "texture": "#vines_crusade_helmet" },
				"south": { "uv": [ 4.96, 0.96, 7.04, 3.04 ], "texture": "#vines_crusade_helmet" },
				"west": { "uv": [ 4.96, 0.96, 7.04, 3.04 ], "texture": "#vines_crusade_helmet" },
				"east": { "uv": [ 4.96, 0.96, 7.04, 3.04 ], "texture": "#vines_crusade_helmet" }
			}
		},
		{
			"__comment": "Voxels-224400",
			"from": [ 12, 4, 13 ],
			"to": [ 13, 5, 14 ],
			"faces": {
				"down": { "uv": [ 0.96, 4.96, 3.04, 7.04 ], "texture": "#vines_crusade_helmet" },
				"up": { "uv": [ 0.96, 4.96, 3.04, 7.04 ], "texture": "#vines_crusade_helmet" },
				"north": { "uv": [ 0.96, 4.96, 3.04, 7.04 ], "texture": "#vines_crusade_helmet" },
				"south": { "uv": [ 0.96, 4.96, 3.04, 7.04 ], "texture": "#vines_crusade_helmet" },
				"west": { "uv": [ 0.96, 4.96, 3.04, 7.04 ], "texture": "#vines_crusade_helmet" },
				"east": { "uv": [ 0.96, 4.96, 3.04, 7.04 ], "texture": "#vines_crusade_helmet" }
			}
		},
		{
			"__comment": "Voxels-3D7900",
			"from": [ 12, 17, 4 ],
			"to": [ 13, 18, 5 ],
			"faces": {
				"down": { "uv": [ 4.96, 0.96, 7.04, 3.04 ], "texture": "#vines_crusade_helmet" },
				"up": { "uv": [ 4.96, 0.96, 7.04, 3.04 ], "texture": "#vines_crusade_helmet" },
				"north": { "uv": [ 4.96, 0.96, 7.04, 3.04 ], "texture": "#vines_crusade_helmet" },
				"south": { "uv": [ 4.96, 0.96, 7.04, 3.04 ], "texture": "#vines_crusade_helmet" },
				"west": { "uv": [ 4.96, 0.96, 7.04, 3.04 ], "texture": "#vines_crusade_helmet" },
				"east": { "uv": [ 4.96, 0.96, 7.04, 3.04 ], "texture": "#vines_crusade_helmet" }
			}
		},
		{
			"__comment": "Voxels-3D7900",
			"from": [ 13, 4, 11 ],
			"to": [ 14, 5, 12 ],
			"faces": {
				"down": { "uv": [ 4.96, 0.96, 7.04, 3.04 ], "texture": "#vines_crusade_helmet" },
				"up": { "uv": [ 4.96, 0.96, 7.04, 3.04 ], "texture": "#vines_crusade_helmet" },
				"north": { "uv": [ 4.96, 0.96, 7.04, 3.04 ], "texture": "#vines_crusade_helmet" },
				"south": { "uv": [ 4.96, 0.96, 7.04, 3.04 ], "texture": "#vines_crusade_helmet" },
				"west": { "uv": [ 4.96, 0.96, 7.04, 3.04 ], "texture": "#vines_crusade_helmet" },
				"east": { "uv": [ 4.96, 0.96, 7.04, 3.04 ], "texture": "#vines_crusade_helmet" }
			}
		},
		{
			"__comment": "Voxels-3D7900",
			"from": [ 13, 13, 3 ],
			"to": [ 14, 14, 5 ],
			"faces": {
				"down": { "uv": [ 4.96, 0.96, 7.04, 3.04 ], "texture": "#vines_crusade_helmet" },
				"up": { "uv": [ 4.96, 0.96, 7.04, 3.04 ], "texture": "#vines_crusade_helmet" },
				"north": { "uv": [ 4.96, 0.96, 7.04, 3.04 ], "texture": "#vines_crusade_helmet" },
				"south": { "uv": [ 4.96, 0.96, 7.04, 3.04 ], "texture": "#vines_crusade_helmet" },
				"west": { "uv": [ 4.96, 0.96, 7.04, 3.04 ], "texture": "#vines_crusade_helmet" },
				"east": { "uv": [ 4.96, 0.96, 7.04, 3.04 ], "texture": "#vines_crusade_helmet" }
			}
		},
		{
			"__comment": "Voxels-3D7900",
			"from": [ 13, 14, 4 ],
			"to": [ 14, 17, 5 ],
			"faces": {
				"down": { "uv": [ 4.96, 0.96, 7.04, 3.04 ], "texture": "#vines_crusade_helmet" },
				"up": { "uv": [ 4.96, 0.96, 7.04, 3.04 ], "texture": "#vines_crusade_helmet" },
				"north": { "uv": [ 4.96, 0.96, 7.04, 3.04 ], "texture": "#vines_crusade_helmet" },
				"south": { "uv": [ 4.96, 0.96, 7.04, 3.04 ], "texture": "#vines_crusade_helmet" },
				"west": { "uv": [ 4.96, 0.96, 7.04, 3.04 ], "texture": "#vines_crusade_helmet" },
				"east": { "uv": [ 4.96, 0.96, 7.04, 3.04 ], "texture": "#vines_crusade_helmet" }
			}
		},
		{
			"__comment": "Voxels-3D7900",
			"from": [ 14, 5, 10 ],
			"to": [ 15, 6, 11 ],
			"faces": {
				"down": { "uv": [ 4.96, 0.96, 7.04, 3.04 ], "texture": "#vines_crusade_helmet" },
				"up": { "uv": [ 4.96, 0.96, 7.04, 3.04 ], "texture": "#vines_crusade_helmet" },
				"north": { "uv": [ 4.96, 0.96, 7.04, 3.04 ], "texture": "#vines_crusade_helmet" },
				"south": { "uv": [ 4.96, 0.96, 7.04, 3.04 ], "texture": "#vines_crusade_helmet" },
				"west": { "uv": [ 4.96, 0.96, 7.04, 3.04 ], "texture": "#vines_crusade_helmet" },
				"east": { "uv": [ 4.96, 0.96, 7.04, 3.04 ], "texture": "#vines_crusade_helmet" }
			}
		},
		{
			"__comment": "Voxels-3D7900",
			"from": [ 14, 6, 9 ],
			"to": [ 15, 7, 10 ],
			"faces": {
				"down": { "uv": [ 4.96, 0.96, 7.04, 3.04 ], "texture": "#vines_crusade_helmet" },
				"up": { "uv": [ 4.96, 0.96, 7.04, 3.04 ], "texture": "#vines_crusade_helmet" },
				"north": { "uv": [ 4.96, 0.96, 7.04, 3.04 ], "texture": "#vines_crusade_helmet" },
				"south": { "uv": [ 4.96, 0.96, 7.04, 3.04 ], "texture": "#vines_crusade_helmet" },
				"west": { "uv": [ 4.96, 0.96, 7.04, 3.04 ], "texture": "#vines_crusade_helmet" },
				"east": { "uv": [ 4.96, 0.96, 7.04, 3.04 ], "texture": "#vines_crusade_helmet" }
			}
		},
		{
			"__comment": "Voxels-3D7900",
			"from": [ 14, 7, 8 ],
			"to": [ 15, 8, 9 ],
			"faces": {
				"down": { "uv": [ 4.96, 0.96, 7.04, 3.04 ], "texture": "#vines_crusade_helmet" },
				"up": { "uv": [ 4.96, 0.96, 7.04, 3.04 ], "texture": "#vines_crusade_helmet" },
				"north": { "uv": [ 4.96, 0.96, 7.04, 3.04 ], "texture": "#vines_crusade_helmet" },
				"south": { "uv": [ 4.96, 0.96, 7.04, 3.04 ], "texture": "#vines_crusade_helmet" },
				"west": { "uv": [ 4.96, 0.96, 7.04, 3.04 ], "texture": "#vines_crusade_helmet" },
				"east": { "uv": [ 4.96, 0.96, 7.04, 3.04 ], "texture": "#vines_crusade_helmet" }
			}
		},
		{
			"__comment": "Voxels-224400",
			"from": [ 14, 7, 9 ],
			"to": [ 15, 8, 10 ],
			"faces": {
				"down": { "uv": [ 0.96, 4.96, 3.04, 7.04 ], "texture": "#vines_crusade_helmet" },
				"up": { "uv": [ 0.96, 4.96, 3.04, 7.04 ], "texture": "#vines_crusade_helmet" },
				"north": { "uv": [ 0.96, 4.96, 3.04, 7.04 ], "texture": "#vines_crusade_helmet" },
				"south": { "uv": [ 0.96, 4.96, 3.04, 7.04 ], "texture": "#vines_crusade_helmet" },
				"west": { "uv": [ 0.96, 4.96, 3.04, 7.04 ], "texture": "#vines_crusade_helmet" },
				"east": { "uv": [ 0.96, 4.96, 3.04, 7.04 ], "texture": "#vines_crusade_helmet" }
			}
		},
		{
			"__comment": "Voxels-3D7900",
			"from": [ 14, 8, 7 ],
			"to": [ 15, 9, 8 ],
			"faces": {
				"down": { "uv": [ 4.96, 0.96, 7.04, 3.04 ], "texture": "#vines_crusade_helmet" },
				"up": { "uv": [ 4.96, 0.96, 7.04, 3.04 ], "texture": "#vines_crusade_helmet" },
				"north": { "uv": [ 4.96, 0.96, 7.04, 3.04 ], "texture": "#vines_crusade_helmet" },
				"south": { "uv": [ 4.96, 0.96, 7.04, 3.04 ], "texture": "#vines_crusade_helmet" },
				"west": { "uv": [ 4.96, 0.96, 7.04, 3.04 ], "texture": "#vines_crusade_helmet" },
				"east": { "uv": [ 4.96, 0.96, 7.04, 3.04 ], "texture": "#vines_crusade_helmet" }
			}
		},
		{
			"__comment": "Voxels-3D7900",
			"from": [ 14, 9, 8 ],
			"to": [ 15, 11, 9 ],
			"faces": {
				"down": { "uv": [ 4.96, 0.96, 7.04, 3.04 ], "texture": "#vines_crusade_helmet" },
				"up": { "uv": [ 4.96, 0.96, 7.04, 3.04 ], "texture": "#vines_crusade_helmet" },
				"north": { "uv": [ 4.96, 0.96, 7.04, 3.04 ], "texture": "#vines_crusade_helmet" },
				"south": { "uv": [ 4.96, 0.96, 7.04, 3.04 ], "texture": "#vines_crusade_helmet" },
				"west": { "uv": [ 4.96, 0.96, 7.04, 3.04 ], "texture": "#vines_crusade_helmet" },
				"east": { "uv": [ 4.96, 0.96, 7.04, 3.04 ], "texture": "#vines_crusade_helmet" }
			}
		},
		{
			"__comment": "Voxels-3D7900",
			"from": [ 14, 11, 9 ],
			"to": [ 15, 12, 10 ],
			"faces": {
				"down": { "uv": [ 4.96, 0.96, 7.04, 3.04 ], "texture": "#vines_crusade_helmet" },
				"up": { "uv": [ 4.96, 0.96, 7.04, 3.04 ], "texture": "#vines_crusade_helmet" },
				"north": { "uv": [ 4.96, 0.96, 7.04, 3.04 ], "texture": "#vines_crusade_helmet" },
				"south": { "uv": [ 4.96, 0.96, 7.04, 3.04 ], "texture": "#vines_crusade_helmet" },
				"west": { "uv": [ 4.96, 0.96, 7.04, 3.04 ], "texture": "#vines_crusade_helmet" },
				"east": { "uv": [ 4.96, 0.96, 7.04, 3.04 ], "texture": "#vines_crusade_helmet" }
			}
		},
		{
			"__comment": "Voxels-3D7900",
			"from": [ 14, 12, 7 ],
			"to": [ 15, 13, 9 ],
			"faces": {
				"down": { "uv": [ 4.96, 0.96, 7.04, 3.04 ], "texture": "#vines_crusade_helmet" },
				"up": { "uv": [ 4.96, 0.96, 7.04, 3.04 ], "texture": "#vines_crusade_helmet" },
				"north": { "uv": [ 4.96, 0.96, 7.04, 3.04 ], "texture": "#vines_crusade_helmet" },
				"south": { "uv": [ 4.96, 0.96, 7.04, 3.04 ], "texture": "#vines_crusade_helmet" },
				"west": { "uv": [ 4.96, 0.96, 7.04, 3.04 ], "texture": "#vines_crusade_helmet" },
				"east": { "uv": [ 4.96, 0.96, 7.04, 3.04 ], "texture": "#vines_crusade_helmet" }
			}
		},
		{
			"__comment": "Voxels-3D7900",
			"from": [ 14, 13, 5 ],
			"to": [ 15, 15, 6 ],
			"faces": {
				"down": { "uv": [ 4.96, 0.96, 7.04, 3.04 ], "texture": "#vines_crusade_helmet" },
				"up": { "uv": [ 4.96, 0.96, 7.04, 3.04 ], "texture": "#vines_crusade_helmet" },
				"north": { "uv": [ 4.96, 0.96, 7.04, 3.04 ], "texture": "#vines_crusade_helmet" },
				"south": { "uv": [ 4.96, 0.96, 7.04, 3.04 ], "texture": "#vines_crusade_helmet" },
				"west": { "uv": [ 4.96, 0.96, 7.04, 3.04 ], "texture": "#vines_crusade_helmet" },
				"east": { "uv": [ 4.96, 0.96, 7.04, 3.04 ], "texture": "#vines_crusade_helmet" }
			}
		},
		{
			"__comment": "Voxels-3D7900",
			"from": [ 14, 13, 6 ],
			"to": [ 15, 14, 7 ],
			"faces": {
				"down": { "uv": [ 4.96, 0.96, 7.04, 3.04 ], "texture": "#vines_crusade_helmet" },
				"up": { "uv": [ 4.96, 0.96, 7.04, 3.04 ], "texture": "#vines_crusade_helmet" },
				"north": { "uv": [ 4.96, 0.96, 7.04, 3.04 ], "texture": "#vines_crusade_helmet" },
				"south": { "uv": [ 4.96, 0.96, 7.04, 3.04 ], "texture": "#vines_crusade_helmet" },
				"west": { "uv": [ 4.96, 0.96, 7.04, 3.04 ], "texture": "#vines_crusade_helmet" },
				"east": { "uv": [ 4.96, 0.96, 7.04, 3.04 ], "texture": "#vines_crusade_helmet" }
			}
		},
		{
			"__comment": "Voxels-224400",
			"from": [ 14, 13, 7 ],
			"to": [ 15, 14, 8 ],
			"faces": {
				"down": { "uv": [ 0.96, 4.96, 3.04, 7.04 ], "texture": "#vines_crusade_helmet" },
				"up": { "uv": [ 0.96, 4.96, 3.04, 7.04 ], "texture": "#vines_crusade_helmet" },
				"north": { "uv": [ 0.96, 4.96, 3.04, 7.04 ], "texture": "#vines_crusade_helmet" },
				"south": { "uv": [ 0.96, 4.96, 3.04, 7.04 ], "texture": "#vines_crusade_helmet" },
				"west": { "uv": [ 0.96, 4.96, 3.04, 7.04 ], "texture": "#vines_crusade_helmet" },
				"east": { "uv": [ 0.96, 4.96, 3.04, 7.04 ], "texture": "#vines_crusade_helmet" }
			}
		},
		{
			"__comment": "Voxels-224400",
			"from": [ 14, 14, 6 ],
			"to": [ 15, 15, 7 ],
			"faces": {
				"down": { "uv": [ 0.96, 4.96, 3.04, 7.04 ], "texture": "#vines_crusade_helmet" },
				"up": { "uv": [ 0.96, 4.96, 3.04, 7.04 ], "texture": "#vines_crusade_helmet" },
				"north": { "uv": [ 0.96, 4.96, 3.04, 7.04 ], "texture": "#vines_crusade_helmet" },
				"south": { "uv": [ 0.96, 4.96, 3.04, 7.04 ], "texture": "#vines_crusade_helmet" },
				"west": { "uv": [ 0.96, 4.96, 3.04, 7.04 ], "texture": "#vines_crusade_helmet" },
				"east": { "uv": [ 0.96, 4.96, 3.04, 7.04 ], "texture": "#vines_crusade_helmet" }
			}
		},
		{
			"__comment": "Voxels-224400",
			"from": [ 14, 15, 4 ],
			"to": [ 15, 16, 5 ],
			"faces": {
				"down": { "uv": [ 0.96, 4.96, 3.04, 7.04 ], "texture": "#vines_crusade_helmet" },
				"up": { "uv": [ 0.96, 4.96, 3.04, 7.04 ], "texture": "#vines_crusade_helmet" },
				"north": { "uv": [ 0.96, 4.96, 3.04, 7.04 ], "texture": "#vines_crusade_helmet" },
				"south": { "uv": [ 0.96, 4.96, 3.04, 7.04 ], "texture": "#vines_crusade_helmet" },
				"west": { "uv": [ 0.96, 4.96, 3.04, 7.04 ], "texture": "#vines_crusade_helmet" },
				"east": { "uv": [ 0.96, 4.96, 3.04, 7.04 ], "texture": "#vines_crusade_helmet" }
			}
		}
	],
	"display": {
		"head": {
			"rotation":  [ 0, 178, 0 ],
			"translation":  [ 0.0008, 2.0868, 0 ],
			"scale":  [ 2.0781, 1.591, 2.0434 ]
		}
	}
}