{
	"__comment": "Designed by Cryptic with Cubik Studio - https://cubik.studio",
	"textures": {
		"texture": "items/scythe_inside_ms",
		"texture1": "items/scythe_black",
		"texture2": "items/skeleton_head_ms"
	},
	"elements": [ 	 
		{
			"__comment": "Box2",
			"from": [ 6, -10, 7 ],
			"to": [ 7.5, 18.5, 8.5 ],
			"faces": {
				"down": { "uv": [ 6, 7.5, 7.5, 9 ], "texture": "#texture1" },
				"up": { "uv": [ 6, 7, 7.5, 8.5 ], "texture": "#texture1" },
				"north": { "uv": [ 8.5, 0, 10, 16 ], "texture": "#texture1" },
				"south": { "uv": [ 6, 0, 7.5, 16 ], "texture": "#texture1" },
				"west": { "uv": [ 7, 0, 8.5, 16 ], "texture": "#texture1" },
				"east": { "uv": [ 7.5, 0, 9, 16 ], "texture": "#texture1" }
			}
		},
		{
			"__comment": "Box3",
			"from": [ 5.5, -3, 6.5 ],
			"to": [ 8, 2.5, 9 ],
			"faces": {
				"down": { "uv": [ 5.5, 7, 8, 9.5 ], "texture": "#texture" },
				"up": { "uv": [ 5.5, 6.5, 8, 9 ], "texture": "#texture" },
				"north": { "uv": [ 8, 13.5, 10.5, 16 ], "texture": "#texture" },
				"south": { "uv": [ 5.5, 13.5, 8, 16 ], "texture": "#texture" },
				"west": { "uv": [ 6.5, 13.5, 9, 16 ], "texture": "#texture" },
				"east": { "uv": [ 7, 13.5, 9.5, 16 ], "texture": "#texture" }
			}
		},
		{
			"__comment": "Box4",
			"from": [ 5.5, 14, 6.5 ],
			"to": [ 11, 17.5, 9 ],
			"faces": {
				"down": { "uv": [ 5.5, 7, 11, 9.5 ], "texture": "#texture" },
				"up": { "uv": [ 5.5, 6.5, 11, 9 ], "texture": "#texture" },
				"north": { "uv": [ 5, 0, 10.5, 2 ], "texture": "#texture" },
				"south": { "uv": [ 5.5, 0, 11, 2 ], "texture": "#texture" },
				"west": { "uv": [ 6.5, 0, 9, 2 ], "texture": "#texture" },
				"east": { "uv": [ 7, 0, 9.5, 2 ], "texture": "#texture" }
			}
		},
		{
			"__comment": "Box4",
			"from": [ 9, 13.3, 6.9 ],
			"to": [ 14, 16.8, 8.7 ],
			"faces": {
				"down": { "uv": [ 7, 7, 12.5, 9.5 ], "texture": "#texture" },
				"up": { "uv": [ 7, 6.5, 12.5, 9 ], "texture": "#texture" },
				"north": { "uv": [ 3.5, 1.5, 9, 5 ], "texture": "#texture" },
				"south": { "uv": [ 7, 1.5, 12.5, 5 ], "texture": "#texture" },
				"west": { "uv": [ 6.5, 1.5, 9, 5 ], "texture": "#texture" },
				"east": { "uv": [ 7, 1.5, 9.5, 5 ], "texture": "#texture" }
			}
		},
		{
			"__comment": "Box4",
			"from": [ 12, 12.4, 7.2 ],
			"to": [ 15.5, 15.9, 8.5 ],
			"faces": {
				"down": { "uv": [ 7, 7, 12.5, 9.5 ], "texture": "#texture" },
				"up": { "uv": [ 7, 6.5, 12.5, 9 ], "texture": "#texture" },
				"north": { "uv": [ 3.5, 1.5, 9, 5 ], "texture": "#texture" },
				"south": { "uv": [ 7, 1.5, 12.5, 5 ], "texture": "#texture" },
				"west": { "uv": [ 6.5, 1.5, 9, 5 ], "texture": "#texture" },
				"east": { "uv": [ 7, 1.5, 9.5, 5 ], "texture": "#texture" }
			}
		},
		{
			"__comment": "Box7",
			"from": [ 14.5, 12, 7.4 ],
			"to": [ 17.5, 15, 8.4 ],
			"faces": {
				"down": { "uv": [ 14.5, 7.6, 16, 8.6 ], "texture": "#texture" },
				"up": { "uv": [ 14.5, 7.4, 16, 8.4 ], "texture": "#texture" },
				"north": { "uv": [ 0, 1, 1.5, 4 ], "texture": "#texture" },
				"south": { "uv": [ 14.5, 1, 16, 4 ], "texture": "#texture" },
				"west": { "uv": [ 7.4, 1, 8.4, 4 ], "texture": "#texture" },
				"east": { "uv": [ 7.6, 1, 8.6, 4 ], "texture": "#texture" }
			}
		},
		{
			"__comment": "Box8",
			"from": [ 5.5, -11.5, 6.5 ],
			"to": [ 8, -9, 9 ],
			"faces": {
				"down": { "uv": [ 0, 4.5, 4, 8 ], "texture": "#texture2" },
				"up": { "uv": [ 0, 4.5, 4, 8 ], "texture": "#texture2" },
				"north": { "uv": [ 4, 4.5, 8, 8 ], "texture": "#texture2" },
				"south": { "uv": [ 4, 4.5, 8, 8 ], "texture": "#texture2" },
				"west": { "uv": [ 4, 4.5, 8, 8 ], "texture": "#texture2" },
				"east": { "uv": [ 4, 4.5, 8, 8 ], "texture": "#texture2" }
			}
		},
		{
			"__comment": "Box9",
			"from": [ 16.5, 11.5, 7.6 ],
			"to": [ 19, 14, 8.2 ],
			"faces": {
				"down": { "uv": [ 0.5, 7.8, 3, 8.4 ], "texture": "#texture" },
				"up": { "uv": [ 0.5, 7.6, 3, 8.2 ], "texture": "#texture" },
				"north": { "uv": [ 13, 2, 15.5, 4.5 ], "texture": "#texture" },
				"south": { "uv": [ 0.5, 2, 3, 4.5 ], "texture": "#texture" },
				"west": { "uv": [ 7.6, 2, 8.2, 4.5 ], "texture": "#texture" },
				"east": { "uv": [ 7.8, 2, 8.4, 4.5 ], "texture": "#texture" }
			}
		},
		{
			"__comment": "Box10",
			"from": [ 18.5, 10.5, 7.7 ],
			"to": [ 19.5, 13, 8 ],
			"faces": {
				"down": { "uv": [ 2.5, 8, 3.5, 8.3 ], "texture": "#texture" },
				"up": { "uv": [ 2.5, 7.7, 3.5, 8 ], "texture": "#texture" },
				"north": { "uv": [ 12.5, 3, 13.5, 5.5 ], "texture": "#texture" },
				"south": { "uv": [ 2.5, 3, 3.5, 5.5 ], "texture": "#texture" },
				"west": { "uv": [ 7.7, 3, 8, 5.5 ], "texture": "#texture" },
				"east": { "uv": [ 8, 3, 8.3, 5.5 ], "texture": "#texture" }
			}
		},
		{
			"__comment": "Box10",
			"from": [ 6, 6.5, 7.3333 ],
			"to": [ 7.5, 17.5, 7.8333 ],
			"rotation": { "origin": [ 6, 6.5, 7 ], "axis": "z", "angle": -22.5 },
			"faces": {
				"down": { "uv": [ 4, 8.2, 5, 8.5 ], "texture": "#texture" },
				"up": { "uv": [ 4, 7.5, 5, 7.8 ], "texture": "#texture" },
				"north": { "uv": [ 11, 6, 12, 8.5 ], "texture": "#texture" },
				"south": { "uv": [ 4, 6, 5, 8.5 ], "texture": "#texture" },
				"west": { "uv": [ 7.5, 6, 7.8, 8.5 ], "texture": "#texture" },
				"east": { "uv": [ 8.2, 6, 8.5, 8.5 ], "texture": "#texture" }
			}
		},
		{
			"__comment": "Box10",
			"from": [ 6.5, 11, 7.8333 ],
			"to": [ 7, 16.5, 8.3333 ],
			"rotation": { "origin": [ 6.5, 11, 7.5 ], "axis": "z", "angle": -22.5 },
			"faces": {
				"down": { "uv": [ 4, 8.2, 5, 8.5 ], "texture": "#texture" },
				"up": { "uv": [ 4, 7.5, 5, 7.8 ], "texture": "#texture" },
				"north": { "uv": [ 11, 6, 12, 8.5 ], "texture": "#texture" },
				"south": { "uv": [ 4, 6, 5, 8.5 ], "texture": "#texture" },
				"west": { "uv": [ 7.5, 6, 7.8, 8.5 ], "texture": "#texture" },
				"east": { "uv": [ 8.2, 6, 8.5, 8.5 ], "texture": "#texture" }
			}
		},
		{
			"__comment": "Box16",
			"from": [ 7.5, 17.5, 7.5 ],
			"to": [ 11, 18, 8 ],
			"faces": {
				"down": { "uv": [ 7.5, 8, 11, 8.5 ], "texture": "#texture1" },
				"up": { "uv": [ 7.5, 7.5, 11, 8 ], "texture": "#texture1" },
				"north": { "uv": [ 5, 14, 8.5, 14.5 ], "texture": "#texture1" },
				"south": { "uv": [ 7.5, 14, 11, 14.5 ], "texture": "#texture1" },
				"west": { "uv": [ 7.5, 14, 8, 14.5 ], "texture": "#texture1" },
				"east": { "uv": [ 8, 14, 8.5, 14.5 ], "texture": "#texture1" }
			}
		},
		{
			"__comment": "Box17",
			"from": [ 11, 16.8, 7.5 ],
			"to": [ 14, 17.3, 8 ],
			"faces": {
				"down": { "uv": [ 11, 8, 14, 8.5 ], "texture": "#texture1" },
				"up": { "uv": [ 11, 7.5, 14, 8 ], "texture": "#texture1" },
				"north": { "uv": [ 2, 14.7, 5, 15.2 ], "texture": "#texture1" },
				"south": { "uv": [ 11, 14.7, 14, 15.2 ], "texture": "#texture1" },
				"west": { "uv": [ 7.5, 14.7, 8, 15.2 ], "texture": "#texture1" },
				"east": { "uv": [ 8, 14.7, 8.5, 15.2 ], "texture": "#texture1" }
			}
		},
		{
			"__comment": "Box18",
			"from": [ 14, 15.9, 7.5 ],
			"to": [ 15.5, 16.4, 8 ],
			"faces": {
				"down": { "uv": [ 14, 8, 15.5, 8.5 ], "texture": "#texture1" },
				"up": { "uv": [ 14, 7.5, 15.5, 8 ], "texture": "#texture1" },
				"north": { "uv": [ 0.5, 0, 2, 0.1000004 ], "texture": "#texture1" },
				"south": { "uv": [ 14, 0, 15.5, 0.1000004 ], "texture": "#texture1" },
				"west": { "uv": [ 7.5, 0, 8, 0.1000004 ], "texture": "#texture1" },
				"east": { "uv": [ 8, 0, 8.5, 0.1000004 ], "texture": "#texture1" }
			}
		},
		{
			"__comment": "Box19",
			"from": [ 15.5, 15, 7.5 ],
			"to": [ 17.5, 15.5, 8 ],
			"faces": {
				"down": { "uv": [ 15.5, 8, 16, 8.5 ], "texture": "#texture1" },
				"up": { "uv": [ 15.5, 7.5, 16, 8 ], "texture": "#texture1" },
				"north": { "uv": [ 0, 0.5, 0.5, 1 ], "texture": "#texture1" },
				"south": { "uv": [ 15.5, 0.5, 16, 1 ], "texture": "#texture1" },
				"west": { "uv": [ 7.5, 0.5, 8, 1 ], "texture": "#texture1" },
				"east": { "uv": [ 8, 0.5, 8.5, 1 ], "texture": "#texture1" }
			}
		},
		{
			"__comment": "Box20",
			"from": [ 17.5, 14, 7.5 ],
			"to": [ 19, 14.5, 8 ],
			"faces": {
				"down": { "uv": [ 1.5, 8, 3, 8.5 ], "texture": "#texture1" },
				"up": { "uv": [ 1.5, 7.5, 3, 8 ], "texture": "#texture1" },
				"north": { "uv": [ 13, 1.5, 14.5, 2 ], "texture": "#texture1" },
				"south": { "uv": [ 1.5, 1.5, 3, 2 ], "texture": "#texture1" },
				"west": { "uv": [ 7.5, 1.5, 8, 2 ], "texture": "#texture1" },
				"east": { "uv": [ 8, 1.5, 8.5, 2 ], "texture": "#texture1" }
			}
		},
		{
			"__comment": "Box23",
			"from": [ 10.5, 12.8, 7.5 ],
			"to": [ 12, 13.3, 8 ],
			"faces": {
				"down": { "uv": [ 10.5, 8, 12, 8.5 ], "texture": "#texture1" },
				"up": { "uv": [ 10.5, 7.5, 12, 8 ], "texture": "#texture1" },
				"north": { "uv": [ 4, 2.7, 5.5, 3.2 ], "texture": "#texture1" },
				"south": { "uv": [ 10.5, 2.7, 12, 3.2 ], "texture": "#texture1" },
				"west": { "uv": [ 7.5, 2.7, 8, 3.2 ], "texture": "#texture1" },
				"east": { "uv": [ 8, 2.7, 8.5, 3.2 ], "texture": "#texture1" }
			}
		},
		{
			"__comment": "Box24",
			"from": [ 12, 12, 7.5 ],
			"to": [ 14.5, 12.5, 8 ],
			"faces": {
				"down": { "uv": [ 12, 8, 14.5, 8.5 ], "texture": "#texture1" },
				"up": { "uv": [ 12, 7.5, 14.5, 8 ], "texture": "#texture1" },
				"north": { "uv": [ 1.5, 3.5, 4, 4 ], "texture": "#texture1" },
				"south": { "uv": [ 12, 3.5, 14.5, 4 ], "texture": "#texture1" },
				"west": { "uv": [ 7.5, 3.5, 8, 4 ], "texture": "#texture1" },
				"east": { "uv": [ 8, 3.5, 8.5, 4 ], "texture": "#texture1" }
			}
		},
		{
			"__comment": "Box25",
			"from": [ 14.5, 11.5, 7.5 ],
			"to": [ 16.5, 12, 8 ],
			"faces": {
				"down": { "uv": [ 14.5, 8, 16, 8.5 ], "texture": "#texture1" },
				"up": { "uv": [ 14.5, 7.5, 16, 8 ], "texture": "#texture1" },
				"north": { "uv": [ 0, 4, 1.5, 4.5 ], "texture": "#texture1" },
				"south": { "uv": [ 14.5, 4, 16, 4.5 ], "texture": "#texture1" },
				"west": { "uv": [ 7.5, 4, 8, 4.5 ], "texture": "#texture1" },
				"east": { "uv": [ 8, 4, 8.5, 4.5 ], "texture": "#texture1" }
			}
		},
		{
			"__comment": "Box26",
			"from": [ 16.5, 11, 7.5 ],
			"to": [ 18.5, 11.5, 8 ],
			"faces": {
				"down": { "uv": [ 0.5, 8, 2.5, 8.5 ], "texture": "#texture1" },
				"up": { "uv": [ 0.5, 7.5, 2.5, 8 ], "texture": "#texture1" },
				"north": { "uv": [ 13.5, 4.5, 15.5, 5 ], "texture": "#texture1" },
				"south": { "uv": [ 0.5, 4.5, 2.5, 5 ], "texture": "#texture1" },
				"west": { "uv": [ 7.5, 4.5, 8, 5 ], "texture": "#texture1" },
				"east": { "uv": [ 8, 4.5, 8.5, 5 ], "texture": "#texture1" }
			}
		},
		{
			"__comment": "Box27",
			"from": [ 8, 13.5, 7.5 ],
			"to": [ 9, 14, 8 ],
			"faces": {
				"down": { "uv": [ 8, 8, 9, 8.5 ], "texture": "#texture1" },
				"up": { "uv": [ 8, 7.5, 9, 8 ], "texture": "#texture1" },
				"north": { "uv": [ 7, 2, 8, 2.5 ], "texture": "#texture1" },
				"south": { "uv": [ 8, 2, 9, 2.5 ], "texture": "#texture1" },
				"west": { "uv": [ 7.5, 2, 8, 2.5 ], "texture": "#texture1" },
				"east": { "uv": [ 8, 2, 8.5, 2.5 ], "texture": "#texture1" }
			}
		},
		{
			"__comment": "Box25",
			"from": [ 11.8, 12, 7.5 ],
			"to": [ 12, 12.8, 8 ],
			"faces": {
				"down": { "uv": [ 11.8, 8, 12, 8.5 ], "texture": "#texture1" },
				"up": { "uv": [ 11.8, 7.5, 12, 8 ], "texture": "#texture1" },
				"north": { "uv": [ 4, 3.2, 4.2, 4 ], "texture": "#texture1" },
				"south": { "uv": [ 11.8, 3.2, 12, 4 ], "texture": "#texture1" },
				"west": { "uv": [ 7.5, 3.2, 8, 4 ], "texture": "#texture1" },
				"east": { "uv": [ 8, 3.2, 8.5, 4 ], "texture": "#texture1" }
			}
		},
		{
			"__comment": "Box25",
			"from": [ 14.3, 11.5, 7.5 ],
			"to": [ 14.5, 12, 8 ],
			"faces": {
				"down": { "uv": [ 11.5, 8, 11.7, 8.5 ], "texture": "#texture1" },
				"up": { "uv": [ 11.5, 7.5, 11.7, 8 ], "texture": "#texture1" },
				"north": { "uv": [ 4.3, 3.5, 4.5, 4 ], "texture": "#texture1" },
				"south": { "uv": [ 11.5, 3.5, 11.7, 4 ], "texture": "#texture1" },
				"west": { "uv": [ 7.5, 3.5, 8, 4 ], "texture": "#texture1" },
				"east": { "uv": [ 8, 3.5, 8.5, 4 ], "texture": "#texture1" }
			}
		},
		{
			"__comment": "Box25",
			"from": [ 11, 17.3, 7.5 ],
			"to": [ 11.2, 18, 8 ],
			"faces": {
				"down": { "uv": [ 11.5, 8, 11.7, 8.5 ], "texture": "#texture1" },
				"up": { "uv": [ 11.5, 7.5, 11.7, 8 ], "texture": "#texture1" },
				"north": { "uv": [ 4.3, 3.5, 4.5, 4 ], "texture": "#texture1" },
				"south": { "uv": [ 11.5, 3.5, 11.7, 4 ], "texture": "#texture1" },
				"west": { "uv": [ 7.5, 3.5, 8, 4 ], "texture": "#texture1" },
				"east": { "uv": [ 8, 3.5, 8.5, 4 ], "texture": "#texture1" }
			}
		},
		{
			"__comment": "Box25",
			"from": [ 14, 16.4, 7.5 ],
			"to": [ 14.2, 17.3, 8 ],
			"faces": {
				"down": { "uv": [ 11.5, 8, 11.7, 8.5 ], "texture": "#texture1" },
				"up": { "uv": [ 11.5, 7.5, 11.7, 8 ], "texture": "#texture1" },
				"north": { "uv": [ 4.3, 3.5, 4.5, 4 ], "texture": "#texture1" },
				"south": { "uv": [ 11.5, 3.5, 11.7, 4 ], "texture": "#texture1" },
				"west": { "uv": [ 7.5, 3.5, 8, 4 ], "texture": "#texture1" },
				"east": { "uv": [ 8, 3.5, 8.5, 4 ], "texture": "#texture1" }
			}
		},
		{
			"__comment": "Box25",
			"from": [ 15.5, 15.4, 7.5 ],
			"to": [ 15.7, 16.4, 8 ],
			"faces": {
				"down": { "uv": [ 11.5, 8, 11.7, 8.5 ], "texture": "#texture1" },
				"up": { "uv": [ 11.5, 7.5, 11.7, 8 ], "texture": "#texture1" },
				"north": { "uv": [ 4.3, 3.5, 4.5, 4 ], "texture": "#texture1" },
				"south": { "uv": [ 11.5, 3.5, 11.7, 4 ], "texture": "#texture1" },
				"west": { "uv": [ 7.5, 3.5, 8, 4 ], "texture": "#texture1" },
				"east": { "uv": [ 8, 3.5, 8.5, 4 ], "texture": "#texture1" }
			}
		},
		{
			"__comment": "Box25",
			"from": [ 17.5, 14.5, 7.5 ],
			"to": [ 17.7, 15.5, 8 ],
			"faces": {
				"down": { "uv": [ 11.5, 8, 11.7, 8.5 ], "texture": "#texture1" },
				"up": { "uv": [ 11.5, 7.5, 11.7, 8 ], "texture": "#texture1" },
				"north": { "uv": [ 4.3, 3.5, 4.5, 4 ], "texture": "#texture1" },
				"south": { "uv": [ 11.5, 3.5, 11.7, 4 ], "texture": "#texture1" },
				"west": { "uv": [ 7.5, 3.5, 8, 4 ], "texture": "#texture1" },
				"east": { "uv": [ 8, 3.5, 8.5, 4 ], "texture": "#texture1" }
			}
		},
		{
			"__comment": "Box25",
			"from": [ 19, 13, 7.5 ],
			"to": [ 19.2, 14.5, 8 ],
			"faces": {
				"down": { "uv": [ 11.5, 8, 11.7, 8.5 ], "texture": "#texture1" },
				"up": { "uv": [ 11.5, 7.5, 11.7, 8 ], "texture": "#texture1" },
				"north": { "uv": [ 4.3, 3.5, 4.5, 4 ], "texture": "#texture1" },
				"south": { "uv": [ 11.5, 3.5, 11.7, 4 ], "texture": "#texture1" },
				"west": { "uv": [ 7.5, 3.5, 8, 4 ], "texture": "#texture1" },
				"east": { "uv": [ 8, 3.5, 8.5, 4 ], "texture": "#texture1" }
			}
		},
		{
			"__comment": "Box25",
			"from": [ 5.5, 17.5, 7.5 ],
			"to": [ 6, 18, 8 ],
			"faces": {
				"down": { "uv": [ 11.5, 8, 11.7, 8.5 ], "texture": "#texture1" },
				"up": { "uv": [ 11.5, 7.5, 11.7, 8 ], "texture": "#texture1" },
				"north": { "uv": [ 4.3, 3.5, 4.5, 4 ], "texture": "#texture1" },
				"south": { "uv": [ 11.5, 3.5, 11.7, 4 ], "texture": "#texture1" },
				"west": { "uv": [ 7.5, 3.5, 8, 4 ], "texture": "#texture1" },
				"east": { "uv": [ 8, 3.5, 8.5, 4 ], "texture": "#texture1" }
			}
		},
		{
			"__comment": "Box25",
			"from": [ 5, 14, 7.5 ],
			"to": [ 5.5, 18, 8 ],
			"faces": {
				"down": { "uv": [ 11.5, 8, 11.7, 8.5 ], "texture": "#texture1" },
				"up": { "uv": [ 11.5, 7.5, 11.7, 8 ], "texture": "#texture1" },
				"north": { "uv": [ 4.3, 3.5, 4.5, 4 ], "texture": "#texture1" },
				"south": { "uv": [ 11.5, 3.5, 11.7, 4 ], "texture": "#texture1" },
				"west": { "uv": [ 7.5, 3.5, 8, 4 ], "texture": "#texture1" },
				"east": { "uv": [ 8, 3.5, 8.5, 4 ], "texture": "#texture1" }
			}
		},
		{
			"__comment": "Box25",
			"from": [ 5, 13.5, 7.5 ],
			"to": [ 6, 14, 8 ],
			"faces": {
				"down": { "uv": [ 11.5, 8, 11.7, 8.5 ], "texture": "#texture1" },
				"up": { "uv": [ 11.5, 7.5, 11.7, 8 ], "texture": "#texture1" },
				"north": { "uv": [ 4.3, 3.5, 4.5, 4 ], "texture": "#texture1" },
				"south": { "uv": [ 11.5, 3.5, 11.7, 4 ], "texture": "#texture1" },
				"west": { "uv": [ 7.5, 3.5, 8, 4 ], "texture": "#texture1" },
				"east": { "uv": [ 8, 3.5, 8.5, 4 ], "texture": "#texture1" }
			}
		}
	],
	"display": {
		"thirdperson": {
			"rotation":  [ 0, 276, 106 ],
			"translation":   [ -0.50, 0.00, -5.25 ],
			"scale": [ 1.07, 1.09, 1.08 ]
		},
		"firstperson": {
			"rotation":  [ 0, 64, 8 ],
			"translation":  [ -3.25, 7.50, 2.50 ],
			"scale":  [ 1.26, 1.30, 1.15 ]
		},
		"gui": {
			"rotation":  [ 0, 318, 42 ],
			"translation":   [ 0.00, 1.25, -1.50 ],
			"scale":  [ 1.25, 1.11, 1.16 ]
		}
	}
}