{
	"__comment": "Designed by Cryptic with Cubik Studio - https://cubik.studio",
	"textures": {
		"particle": "blocks/deusvult_mask_side_gold",
		"texture": "blocks/deusvult_mask_gold",
		"deusvult_mask": "blocks/deusvult_mask_gold",
		"deusvult_mask_side": "blocks/deusvult_mask_side_gold"
	},
	"elements": [ 	 
		{
			"__comment": "Box2",
			"from": [ 2, -0.5, 11 ],
			"to": [ 13.5, 12, 12 ],
			"faces": {
				"down": { "uv": [ 2, 13.5, 13.5, 14 ], "texture": "#deusvult_mask" },
				"up": { "uv": [ 2, 2, 13.5, 1.5 ], "texture": "#deusvult_mask" },
				"north": { "uv": [ 13.5, 1.5, 2, 14 ], "texture": "#deusvult_mask" },
				"south": { "uv": [ 2, 1.5, 13.5, 14 ], "texture": "#deusvult_mask" },
				"west": { "uv": [ 2, 1.5, 2.5, 14 ], "texture": "#deusvult_mask" },
				"east": { "uv": [ 13.5, 14, 13, 1.5 ], "texture": "#deusvult_mask", "rotation": 180 }
			}
		},
		{
			"__comment": "Box3",
			"from": [ 2.5, -1, 11 ],
			"to": [ 13, 12.5, 12 ],
			"faces": {
				"down": { "uv": [ 2.5, 14, 13, 14.5 ], "texture": "#deusvult_mask" },
				"up": { "uv": [ 2.5, 1.5, 13, 1 ], "texture": "#deusvult_mask" },
				"north": { "uv": [ 13, 1, 2.5, 14.5 ], "texture": "#deusvult_mask" },
				"south": { "uv": [ 2.5, 1, 13, 14.5 ], "texture": "#deusvult_mask" },
				"west": { "uv": [ 2.5, 1, 3, 14.5 ], "texture": "#deusvult_mask" },
				"east": { "uv": [ 13, 14.5, 12.5, 1 ], "texture": "#deusvult_mask", "rotation": 180 }
			}
		},
		{
			"__comment": "Box5",
			"from": [ 1.5, -0.5, 0 ],
			"to": [ 2.5, 12, 11.5 ],
			"faces": {
				"down": { "uv": [ 2, 13.5, 13.5, 14 ], "texture": "#deusvult_mask_side", "rotation": 270 },
				"up": { "uv": [ 2, 2, 13.5, 1.5 ], "texture": "#deusvult_mask_side", "rotation": 90 },
				"north": { "uv": [ 2, 1.5, 2.5, 14 ], "texture": "#deusvult_mask_side" },
				"south": { "uv": [ 13.5, 14, 13, 1.5 ], "texture": "#deusvult_mask_side", "rotation": 180 },
				"west": { "uv": [ 2, 1.5, 13.5, 14 ], "texture": "#deusvult_mask_side" },
				"east": { "uv": [ 13.5, 1.5, 2, 14 ], "texture": "#deusvult_mask_side" }
			}
		},
		{
			"__comment": "Box6",
			"from": [ 1.5, -1, 0.5 ],
			"to": [ 2.5, 12.5, 11 ],
			"faces": {
				"down": { "uv": [ 2.5, 14, 13, 14.5 ], "texture": "#deusvult_mask_side", "rotation": 270 },
				"up": { "uv": [ 2.5, 1.5, 13, 1 ], "texture": "#deusvult_mask_side", "rotation": 90 },
				"north": { "uv": [ 2.5, 1, 3, 14.5 ], "texture": "#deusvult_mask_side" },
				"south": { "uv": [ 13, 14.5, 12.5, 1 ], "texture": "#deusvult_mask_side", "rotation": 180 },
				"west": { "uv": [ 2.5, 1, 13, 14.5 ], "texture": "#deusvult_mask_side" },
				"east": { "uv": [ 13, 1, 2.5, 14.5 ], "texture": "#deusvult_mask_side" }
			}
		},
		{
			"__comment": "Box5",
			"from": [ 2, -0.5, -0.5 ],
			"to": [ 13.5, 12, 0.5 ],
			"faces": {
				"down": { "uv": [ 2, 13.5, 13.5, 14 ], "texture": "#deusvult_mask_side", "rotation": 180 },
				"up": { "uv": [ 2, 2, 13.5, 1.5 ], "texture": "#deusvult_mask_side", "rotation": 180 },
				"north": { "uv": [ 2, 1.5, 13.5, 14 ], "texture": "#deusvult_mask_side" },
				"south": { "uv": [ 13.5, 1.5, 2, 14 ], "texture": "#deusvult_mask_side" },
				"west": { "uv": [ 13.5, 14, 13, 1.5 ], "texture": "#deusvult_mask_side", "rotation": 180 },
				"east": { "uv": [ 2, 1.5, 2.5, 14 ], "texture": "#deusvult_mask_side" }
			}
		},
		{
			"__comment": "Box6",
			"from": [ 2.5, -1, -0.5 ],
			"to": [ 13, 12.5, 0.5 ],
			"faces": {
				"down": { "uv": [ 2.5, 14, 13, 14.5 ], "texture": "#deusvult_mask_side", "rotation": 180 },
				"up": { "uv": [ 2.5, 1.5, 13, 1 ], "texture": "#deusvult_mask_side", "rotation": 180 },
				"north": { "uv": [ 2.5, 1, 13, 14.5 ], "texture": "#deusvult_mask_side" },
				"south": { "uv": [ 13, 1, 2.5, 14.5 ], "texture": "#deusvult_mask_side" },
				"west": { "uv": [ 13, 14.5, 12.5, 1 ], "texture": "#deusvult_mask_side", "rotation": 180 },
				"east": { "uv": [ 2.5, 1, 3, 14.5 ], "texture": "#deusvult_mask_side" }
			}
		},
		{
			"__comment": "Box12",
			"from": [ 2.5, 12.5, 0.5 ],
			"to": [ 13, 13, 11 ],
			"faces": {
				"down": { "uv": [ 2.5, 3, 13, 13.5 ], "texture": "#deusvult_mask_side" },
				"up": { "uv": [ 2.5, 3, 13, 13.5 ], "texture": "#deusvult_mask_side" },
				"north": { "uv": [ 3, 3.5, 13.5, 4 ], "texture": "#deusvult_mask_side" },
				"south": { "uv": [ 3, 3.5, 13.5, 4 ], "texture": "#deusvult_mask_side" },
				"west": { "uv": [ 3, 3.5, 13.5, 4 ], "texture": "#deusvult_mask_side" },
				"east": { "uv": [ 3, 3.5, 13.5, 4 ], "texture": "#deusvult_mask_side" }
			}
		},
		{
			"__comment": "Box13",
			"from": [ 2.5, 5, 12 ],
			"to": [ 7, 6.5, 12.7 ],
			"faces": {
				"down": { "uv": [ 2.5, 7, 7, 8.5 ], "texture": "#texture" },
				"up": { "uv": [ 2.5, 7, 7, 8.5 ], "texture": "#texture" },
				"north": { "uv": [ 2.5, 7, 7, 8.5 ], "texture": "#texture" },
				"south": { "uv": [ 2.5, 7, 7, 8.5 ], "texture": "#texture" },
				"west": { "uv": [ 2.5, 7, 7, 8.5 ], "texture": "#texture" },
				"east": { "uv": [ 2.5, 7, 7, 8.5 ], "texture": "#texture" }
			}
		},
		{
			"__comment": "Box13",
			"from": [ 8.5, 5, 12 ],
			"to": [ 13, 6.5, 12.7 ],
			"faces": {
				"down": { "uv": [ 2.5, 7, 7, 8.5 ], "texture": "#texture" },
				"up": { "uv": [ 2.5, 7, 7, 8.5 ], "texture": "#texture" },
				"north": { "uv": [ 2.5, 7, 7, 8.5 ], "texture": "#texture" },
				"south": { "uv": [ 2.5, 7, 7, 8.5 ], "texture": "#texture" },
				"west": { "uv": [ 2.5, 7, 7, 8.5 ], "texture": "#texture" },
				"east": { "uv": [ 2.5, 7, 7, 8.5 ], "texture": "#texture" }
			}
		},
		{
			"__comment": "Box15",
			"from": [ 7, 0.5, 12 ],
			"to": [ 8.5, 11.5, 12.7 ],
			"faces": {
				"down": { "uv": [ 7.5, 2, 8, 13 ], "texture": "#texture" },
				"up": { "uv": [ 7.5, 2, 8, 13 ], "texture": "#texture" },
				"north": { "uv": [ 7.5, 2, 8, 13 ], "texture": "#texture" },
				"south": { "uv": [ 7, 2, 8.5, 13 ], "texture": "#texture" },
				"west": { "uv": [ 7.5, 2, 8, 13 ], "texture": "#texture" },
				"east": { "uv": [ 7.5, 2, 8, 13 ], "texture": "#texture" }
			}
		},
		{
			"__comment": "Box16",
			"from": [ 7.5, 11.5, 12 ],
			"to": [ 8, 12, 12.7 ],
			"faces": {
				"down": { "uv": [ 7.5, 1.5, 8, 2 ], "texture": "#texture" },
				"up": { "uv": [ 7.5, 1.5, 8, 2 ], "texture": "#texture" },
				"north": { "uv": [ 7.5, 1.5, 8, 2 ], "texture": "#texture" },
				"south": { "uv": [ 7.5, 1.5, 8, 2 ], "texture": "#texture" },
				"west": { "uv": [ 7.5, 1.5, 8, 2 ], "texture": "#texture" },
				"east": { "uv": [ 7.5, 1.5, 8, 2 ], "texture": "#texture" }
			}
		},
		{
			"__comment": "Box16",
			"from": [ 7.5, 0, 12 ],
			"to": [ 8, 0.5, 12.7 ],
			"faces": {
				"down": { "uv": [ 7.5, 1.5, 8, 2 ], "texture": "#texture" },
				"up": { "uv": [ 7.5, 1.5, 8, 2 ], "texture": "#texture" },
				"north": { "uv": [ 7.5, 1.5, 8, 2 ], "texture": "#texture" },
				"south": { "uv": [ 7.5, 1.5, 8, 2 ], "texture": "#texture" },
				"west": { "uv": [ 7.5, 1.5, 8, 2 ], "texture": "#texture" },
				"east": { "uv": [ 7.5, 1.5, 8, 2 ], "texture": "#texture" }
			}
		},
		{
			"__comment": "Box6",
			"from": [ 13, -1, 0.5 ],
			"to": [ 14, 12.5, 11 ],
			"faces": {
				"down": { "uv": [ 2.5, 14, 13, 14.5 ], "texture": "#deusvult_mask_side", "rotation": 270 },
				"up": { "uv": [ 2.5, 1.5, 13, 1 ], "texture": "#deusvult_mask_side", "rotation": 90 },
				"north": { "uv": [ 2.5, 1, 3, 14.5 ], "texture": "#deusvult_mask_side" },
				"south": { "uv": [ 13, 14.5, 12.5, 1 ], "texture": "#deusvult_mask_side", "rotation": 180 },
				"west": { "uv": [ 2.5, 1, 13, 14.5 ], "texture": "#deusvult_mask_side" },
				"east": { "uv": [ 13, 1, 2.5, 14.5 ], "texture": "#deusvult_mask_side" }
			}
		},
		{
			"__comment": "Box5",
			"from": [ 13, -0.5, 0 ],
			"to": [ 14, 12, 11.5 ],
			"faces": {
				"down": { "uv": [ 2, 13.5, 13.5, 14 ], "texture": "#deusvult_mask_side", "rotation": 270 },
				"up": { "uv": [ 2, 2, 13.5, 1.5 ], "texture": "#deusvult_mask_side", "rotation": 90 },
				"north": { "uv": [ 2, 1.5, 2.5, 14 ], "texture": "#deusvult_mask_side" },
				"south": { "uv": [ 13.5, 14, 13, 1.5 ], "texture": "#deusvult_mask_side", "rotation": 180 },
				"west": { "uv": [ 2, 1.5, 13.5, 14 ], "texture": "#deusvult_mask_side" },
				"east": { "uv": [ 13.5, 1.5, 2, 14 ], "texture": "#deusvult_mask_side" }
			}
		},
		{
			"__comment": "Box20",
			"from": [ 2.5, -1, 0.5 ],
			"to": [ 13, 0, 3 ],
			"faces": {
				"down": { "uv": [ 4, 6.5, 11, 11 ], "texture": "#deusvult_mask_side" },
				"up": { "uv": [ 4, 6.5, 11, 11 ], "texture": "#deusvult_mask_side" },
				"north": { "uv": [ 4, 6.5, 11, 11 ], "texture": "#deusvult_mask_side" },
				"south": { "uv": [ 4, 6.5, 11, 11 ], "texture": "#deusvult_mask_side" },
				"west": { "uv": [ 4, 6.5, 11, 11 ], "texture": "#deusvult_mask_side" },
				"east": { "uv": [ 4, 6.5, 11, 11 ], "texture": "#deusvult_mask_side" }
			}
		},
		{
			"__comment": "Box20",
			"from": [ 2.5, -1, 8.5 ],
			"to": [ 13, 0, 11 ],
			"faces": {
				"down": { "uv": [ 4, 6.5, 11, 11 ], "texture": "#deusvult_mask_side" },
				"up": { "uv": [ 4, 6.5, 11, 11 ], "texture": "#deusvult_mask_side" },
				"north": { "uv": [ 4, 6.5, 11, 11 ], "texture": "#deusvult_mask_side" },
				"south": { "uv": [ 4, 6.5, 11, 11 ], "texture": "#deusvult_mask_side" },
				"west": { "uv": [ 4, 6.5, 11, 11 ], "texture": "#deusvult_mask_side" },
				"east": { "uv": [ 4, 6.5, 11, 11 ], "texture": "#deusvult_mask_side" }
			}
		},
		{
			"__comment": "Box20",
			"from": [ 2.5, -1, 3 ],
			"to": [ 4.5, 0, 8.5 ],
			"faces": {
				"down": { "uv": [ 4, 6.5, 11, 11 ], "texture": "#deusvult_mask_side" },
				"up": { "uv": [ 4, 6.5, 11, 11 ], "texture": "#deusvult_mask_side" },
				"north": { "uv": [ 4, 6.5, 11, 11 ], "texture": "#deusvult_mask_side" },
				"south": { "uv": [ 4, 6.5, 11, 11 ], "texture": "#deusvult_mask_side" },
				"west": { "uv": [ 4, 6.5, 11, 11 ], "texture": "#deusvult_mask_side" },
				"east": { "uv": [ 4, 6.5, 11, 11 ], "texture": "#deusvult_mask_side" }
			}
		},
		{
			"__comment": "Box20",
			"from": [ 11, -1, 3 ],
			"to": [ 13, 0, 8.5 ],
			"faces": {
				"down": { "uv": [ 4, 6.5, 11, 11 ], "texture": "#deusvult_mask_side" },
				"up": { "uv": [ 4, 6.5, 11, 11 ], "texture": "#deusvult_mask_side" },
				"north": { "uv": [ 4, 6.5, 11, 11 ], "texture": "#deusvult_mask_side" },
				"south": { "uv": [ 4, 6.5, 11, 11 ], "texture": "#deusvult_mask_side" },
				"west": { "uv": [ 4, 6.5, 11, 11 ], "texture": "#deusvult_mask_side" },
				"east": { "uv": [ 4, 6.5, 11, 11 ], "texture": "#deusvult_mask_side" }
			}
		},
		{
			"__comment": "Box25",
			"from": [ 2, 6.5, 12 ],
			"to": [ 7, 12, 13 ],
			"faces": {
				"down": { "uv": [ 2.5, 3.5, 7, 4 ], "texture": "#texture" },
				"up": { "uv": [ 2.5, 12, 6.5, 12.5 ], "texture": "#texture" },
				"north": { "uv": [ 2.5, 1.5, 7, 7 ], "texture": "#texture" },
				"south": { "uv": [ 2.5, 1.5, 7, 7 ], "texture": "#texture" },
				"west": { "uv": [ 2.5, 1.5, 7, 7 ], "texture": "#texture" },
				"east": { "uv": [ 2.5, 1.5, 7, 7 ], "texture": "#texture" }
			}
		},
		{
			"__comment": "Box25",
			"from": [ 8.5, 6.5, 12 ],
			"to": [ 13.5, 12, 13 ],
			"faces": {
				"down": { "uv": [ 2.5, 3.5, 6.5, 4 ], "texture": "#texture" },
				"up": { "uv": [ 1.5, 12, 7, 12.5 ], "texture": "#texture" },
				"north": { "uv": [ 8.5, 1.5, 13, 7 ], "texture": "#texture" },
				"south": { "uv": [ 2.5, 8.5, 7, 14 ], "texture": "#texture" },
				"west": { "uv": [ 2.5, 1.5, 7, 7 ], "texture": "#texture" },
				"east": { "uv": [ 2.5, 1.5, 7, 7 ], "texture": "#texture" }
			}
		},
		{
			"__comment": "Box25",
			"from": [ 2, -0.5, 12 ],
			"to": [ 7, 5, 13 ],
			"faces": {
				"down": { "uv": [ 2.5, 3.5, 6.5, 4 ], "texture": "#texture" },
				"up": { "uv": [ 1.5, 12, 7, 12.5 ], "texture": "#texture" },
				"north": { "uv": [ 8.5, 1.5, 13, 7 ], "texture": "#texture" },
				"south": { "uv": [ 2.5, 8.5, 7, 14 ], "texture": "#texture" },
				"west": { "uv": [ 2.5, 1.5, 7, 7 ], "texture": "#texture" },
				"east": { "uv": [ 2.5, 1.5, 7, 7 ], "texture": "#texture" }
			}
		},
		{
			"__comment": "Box25",
			"from": [ 8.5, -0.5, 12 ],
			"to": [ 13.5, 5, 13 ],
			"faces": {
				"down": { "uv": [ 2.5, 3.5, 6.5, 4 ], "texture": "#texture" },
				"up": { "uv": [ 1.5, 12, 7, 12.5 ], "texture": "#texture" },
				"north": { "uv": [ 8.5, 1.5, 13, 7 ], "texture": "#texture" },
				"south": { "uv": [ 2.5, 8.5, 7, 14 ], "texture": "#texture" },
				"west": { "uv": [ 2.5, 1.5, 7, 7 ], "texture": "#texture" },
				"east": { "uv": [ 2.5, 1.5, 7, 7 ], "texture": "#texture" }
			}
		},
		{
			"__comment": "Box32",
			"from": [ 2, 5, 12 ],
			"to": [ 2.5, 6.5, 13 ],
			"faces": {
				"down": { "uv": [ 2.5, 10, 3, 11.5 ], "texture": "#texture" },
				"up": { "uv": [ 2.5, 10, 3, 11.5 ], "texture": "#texture" },
				"north": { "uv": [ 2.5, 10, 3, 11.5 ], "texture": "#texture" },
				"south": { "uv": [ 2.5, 10, 3, 11.5 ], "texture": "#texture" },
				"west": { "uv": [ 2, 7, 2.5, 8.5 ], "texture": "#texture" },
				"east": { "uv": [ 2.5, 10, 3, 11.5 ], "texture": "#texture" }
			}
		},
		{
			"__comment": "Box32",
			"from": [ 13, 5, 12 ],
			"to": [ 13.5, 6.5, 13 ],
			"faces": {
				"down": { "uv": [ 2.5, 10, 3, 11.5 ], "texture": "#texture" },
				"up": { "uv": [ 2.5, 10, 3, 11.5 ], "texture": "#texture" },
				"north": { "uv": [ 2.5, 10, 3, 11.5 ], "texture": "#texture" },
				"south": { "uv": [ 2.5, 10, 3, 11.5 ], "texture": "#texture" },
				"west": { "uv": [ 2.5, 10, 3, 11.5 ], "texture": "#texture" },
				"east": { "uv": [ 2.5, 10, 3, 11.5 ], "texture": "#texture" }
			}
		},
		{
			"__comment": "Box34",
			"from": [ 7, -0.5, 12 ],
			"to": [ 7.5, 0.5, 13 ],
			"faces": {
				"down": { "uv": [ 7, 13, 7.5, 14.5 ], "texture": "#texture" },
				"up": { "uv": [ 7, 13, 7.5, 14.5 ], "texture": "#texture" },
				"north": { "uv": [ 7, 13, 7.5, 14.5 ], "texture": "#texture" },
				"south": { "uv": [ 7, 13, 7.5, 14.5 ], "texture": "#texture" },
				"west": { "uv": [ 7, 13, 7.5, 14.5 ], "texture": "#texture" },
				"east": { "uv": [ 7, 13, 7.5, 14.5 ], "texture": "#texture" }
			}
		},
		{
			"__comment": "Box34",
			"from": [ 8, -0.5, 12 ],
			"to": [ 8.5, 0.5, 13 ],
			"faces": {
				"down": { "uv": [ 7, 13, 7.5, 14.5 ], "texture": "#texture" },
				"up": { "uv": [ 7, 13, 7.5, 14.5 ], "texture": "#texture" },
				"north": { "uv": [ 7, 13, 7.5, 14.5 ], "texture": "#texture" },
				"south": { "uv": [ 7, 13, 7.5, 14.5 ], "texture": "#texture" },
				"west": { "uv": [ 7, 13, 7.5, 14.5 ], "texture": "#texture" },
				"east": { "uv": [ 7, 13, 7.5, 14.5 ], "texture": "#texture" }
			}
		},
		{
			"__comment": "Box34",
			"from": [ 7.5, -0.5, 12 ],
			"to": [ 8, 0, 13 ],
			"faces": {
				"down": { "uv": [ 7, 13, 7.5, 14.5 ], "texture": "#texture" },
				"up": { "uv": [ 7, 13, 7.5, 14.5 ], "texture": "#texture" },
				"north": { "uv": [ 7, 13, 7.5, 14.5 ], "texture": "#texture" },
				"south": { "uv": [ 7, 13, 7.5, 14.5 ], "texture": "#texture" },
				"west": { "uv": [ 7, 13, 7.5, 14.5 ], "texture": "#texture" },
				"east": { "uv": [ 7, 13, 7.5, 14.5 ], "texture": "#texture" }
			}
		},
		{
			"__comment": "Box34",
			"from": [ 7, 11.5, 12 ],
			"to": [ 7.5, 12, 13 ],
			"faces": {
				"down": { "uv": [ 7, 13, 7.5, 14.5 ], "texture": "#texture" },
				"up": { "uv": [ 7, 13, 7.5, 14.5 ], "texture": "#texture" },
				"north": { "uv": [ 7, 13, 7.5, 14.5 ], "texture": "#texture" },
				"south": { "uv": [ 7, 13, 7.5, 14.5 ], "texture": "#texture" },
				"west": { "uv": [ 7, 13, 7.5, 14.5 ], "texture": "#texture" },
				"east": { "uv": [ 7, 13, 7.5, 14.5 ], "texture": "#texture" }
			}
		},
		{
			"__comment": "Box34",
			"from": [ 8, 11.5, 12 ],
			"to": [ 8.5, 12, 13 ],
			"faces": {
				"down": { "uv": [ 7, 13, 7.5, 14.5 ], "texture": "#texture" },
				"up": { "uv": [ 7, 13, 7.5, 14.5 ], "texture": "#texture" },
				"north": { "uv": [ 7, 13, 7.5, 14.5 ], "texture": "#texture" },
				"south": { "uv": [ 7, 13, 7.5, 14.5 ], "texture": "#texture" },
				"west": { "uv": [ 7, 13, 7.5, 14.5 ], "texture": "#texture" },
				"east": { "uv": [ 7, 13, 7.5, 14.5 ], "texture": "#texture" }
			}
		},
		{
			"__comment": "Box34",
			"from": [ 2.5, 12, 12 ],
			"to": [ 13, 12.5, 13 ],
			"faces": {
				"down": { "uv": [ 7, 13, 7.5, 14.5 ], "texture": "#texture" },
				"up": { "uv": [ 7, 13, 7.5, 14.5 ], "texture": "#texture" },
				"north": { "uv": [ 7, 13, 7.5, 14.5 ], "texture": "#texture" },
				"south": { "uv": [ 7, 13, 7.5, 14.5 ], "texture": "#texture" },
				"west": { "uv": [ 7, 13, 7.5, 14.5 ], "texture": "#texture" },
				"east": { "uv": [ 7, 13, 7.5, 14.5 ], "texture": "#texture" }
			}
		},
		{
			"__comment": "Box40",
			"from": [ 7, 0.5, 12.5 ],
			"to": [ 8.5, 1.5, 13.1 ],
			"faces": {
				"down": { "uv": [ 7, 12, 8.5, 13 ], "texture": "#texture" },
				"up": { "uv": [ 7, 12, 8.5, 13 ], "texture": "#texture" },
				"north": { "uv": [ 7, 12, 8.5, 13 ], "texture": "#texture" },
				"south": { "uv": [ 7, 12, 8.5, 13 ], "texture": "#texture" },
				"west": { "uv": [ 7, 12, 8.5, 13 ], "texture": "#texture" },
				"east": { "uv": [ 7, 12, 8.5, 13 ], "texture": "#texture" }
			}
		},
		{
			"__comment": "Box41",
			"from": [ 7, 1.5, 12 ],
			"to": [ 8.5, 2.5, 12.5 ],
			"faces": {
				"down": { "uv": [ 7, 3.5, 8.5, 4 ], "texture": "#texture" },
				"up": { "uv": [ 7, 12, 8.5, 12.5 ], "texture": "#texture" },
				"north": { "uv": [ 7.5, 13.5, 9, 14.5 ], "texture": "#texture" },
				"south": { "uv": [ 7, 13.5, 8.5, 14.5 ], "texture": "#texture" },
				"west": { "uv": [ 12, 13.5, 12.5, 14.5 ], "texture": "#texture" },
				"east": { "uv": [ 3.5, 13.5, 4, 14.5 ], "texture": "#texture" }
			}
		},
		{
			"__comment": "Box42",
			"from": [ 7.5, 0, 12.5 ],
			"to": [ 8, 0.5, 13 ],
			"faces": {
				"down": { "uv": [ 7.5, 13, 8, 13.5 ], "texture": "#texture" },
				"up": { "uv": [ 7.5, 13, 8, 13.5 ], "texture": "#texture" },
				"north": { "uv": [ 7.5, 13, 8, 13.5 ], "texture": "#texture" },
				"south": { "uv": [ 7.5, 13, 8, 13.5 ], "texture": "#texture" },
				"west": { "uv": [ 7.5, 13, 8, 13.5 ], "texture": "#texture" },
				"east": { "uv": [ 7.5, 13, 8, 13.5 ], "texture": "#texture" }
			}
		},
		{
			"__comment": "Box43",
			"from": [ 7, 1.5, 12.5 ],
			"to": [ 8.5, 2.5, 13.2 ],
			"faces": {
				"down": { "uv": [ 7, 11, 8.5, 12 ], "texture": "#texture" },
				"up": { "uv": [ 7, 11, 8.5, 12 ], "texture": "#texture" },
				"north": { "uv": [ 7, 11, 8.5, 12 ], "texture": "#texture" },
				"south": { "uv": [ 7, 11, 8.5, 12 ], "texture": "#texture" },
				"west": { "uv": [ 7, 11, 8.5, 12 ], "texture": "#texture" },
				"east": { "uv": [ 7, 11, 8.5, 12 ], "texture": "#texture" }
			}
		},
		{
			"__comment": "Box44",
			"from": [ 7, 2.5, 12.5 ],
			"to": [ 8.5, 3.5, 13.3 ],
			"faces": {
				"down": { "uv": [ 7, 10, 8.5, 11 ], "texture": "#texture" },
				"up": { "uv": [ 7, 10, 8.5, 11 ], "texture": "#texture" },
				"north": { "uv": [ 7, 10, 8.5, 11 ], "texture": "#texture" },
				"south": { "uv": [ 7, 10, 8.5, 11 ], "texture": "#texture" },
				"west": { "uv": [ 7, 10, 8.5, 11 ], "texture": "#texture" },
				"east": { "uv": [ 7, 10, 8.5, 11 ], "texture": "#texture" }
			}
		},
		{
			"__comment": "Box45",
			"from": [ 7, 3.5, 12.5 ],
			"to": [ 8.5, 4.5, 13.4 ],
			"faces": {
				"down": { "uv": [ 7, 9, 8.5, 10 ], "texture": "#texture" },
				"up": { "uv": [ 7, 9, 8.5, 10 ], "texture": "#texture" },
				"north": { "uv": [ 7, 9, 8.5, 10 ], "texture": "#texture" },
				"south": { "uv": [ 7, 9, 8.5, 10 ], "texture": "#texture" },
				"west": { "uv": [ 7, 9, 8.5, 10 ], "texture": "#texture" },
				"east": { "uv": [ 7, 9, 8.5, 10 ], "texture": "#texture" }
			}
		},
		{
			"__comment": "Box37",
			"from": [ 7, 4.5, 12.5 ],
			"to": [ 8.5, 5.5, 13.5 ],
			"faces": {
				"down": { "uv": [ 7, 8, 8.5, 9 ], "texture": "#texture" },
				"up": { "uv": [ 7, 8, 8.5, 9 ], "texture": "#texture" },
				"north": { "uv": [ 7, 8, 8.5, 9 ], "texture": "#texture" },
				"south": { "uv": [ 7, 8, 8.5, 9 ], "texture": "#texture" },
				"west": { "uv": [ 7, 8, 8.5, 9 ], "texture": "#texture" },
				"east": { "uv": [ 7, 8, 8.5, 9 ], "texture": "#texture" }
			}
		},
		{
			"__comment": "Box38",
			"from": [ 7, 5.5, 12.5 ],
			"to": [ 8.5, 6.5, 13.5 ],
			"faces": {
				"down": { "uv": [ 7, 7, 8.5, 8 ], "texture": "#texture" },
				"up": { "uv": [ 7, 7, 8.5, 8 ], "texture": "#texture" },
				"north": { "uv": [ 7, 7, 8.5, 8 ], "texture": "#texture" },
				"south": { "uv": [ 7, 7, 8.5, 8 ], "texture": "#texture" },
				"west": { "uv": [ 7, 7, 8.5, 8 ], "texture": "#texture" },
				"east": { "uv": [ 7, 7, 8.5, 8 ], "texture": "#texture" }
			}
		},
		{
			"__comment": "Box39",
			"from": [ 7, 6.5, 12.5 ],
			"to": [ 8.5, 7.5, 13.5 ],
			"faces": {
				"down": { "uv": [ 7, 6, 8.5, 7 ], "texture": "#texture" },
				"up": { "uv": [ 7, 6, 8.5, 7 ], "texture": "#texture" },
				"north": { "uv": [ 7, 6, 8.5, 7 ], "texture": "#texture" },
				"south": { "uv": [ 7, 6, 8.5, 7 ], "texture": "#texture" },
				"west": { "uv": [ 7, 6, 8.5, 7 ], "texture": "#texture" },
				"east": { "uv": [ 7, 6, 8.5, 7 ], "texture": "#texture" }
			}
		},
		{
			"__comment": "Box40",
			"from": [ 7, 7.5, 12.5 ],
			"to": [ 8.5, 8.5, 13.4 ],
			"faces": {
				"down": { "uv": [ 7, 5, 8.5, 6 ], "texture": "#texture" },
				"up": { "uv": [ 7, 5, 8.5, 6 ], "texture": "#texture" },
				"north": { "uv": [ 7, 5, 8.5, 6 ], "texture": "#texture" },
				"south": { "uv": [ 7, 5, 8.5, 6 ], "texture": "#texture" },
				"west": { "uv": [ 7, 5, 8.5, 6 ], "texture": "#texture" },
				"east": { "uv": [ 7, 5, 8.5, 6 ], "texture": "#texture" }
			}
		},
		{
			"__comment": "Box41",
			"from": [ 7, 8.5, 12.5 ],
			"to": [ 8.5, 9.5, 13.3 ],
			"faces": {
				"down": { "uv": [ 7, 3, 8.5, 3.5 ], "texture": "#texture" },
				"up": { "uv": [ 7, 4, 8.5, 5 ], "texture": "#texture" },
				"north": { "uv": [ 7, 4, 8.5, 5 ], "texture": "#texture" },
				"south": { "uv": [ 7, 4, 8.5, 5 ], "texture": "#texture" },
				"west": { "uv": [ 7, 4, 8.5, 5 ], "texture": "#texture" },
				"east": { "uv": [ 7, 4, 8.5, 5 ], "texture": "#texture" }
			}
		},
		{
			"__comment": "Box42",
			"from": [ 7, 9.5, 12.5 ],
			"to": [ 8.5, 10.5, 13.2 ],
			"faces": {
				"down": { "uv": [ 7, 3, 8.5, 4 ], "texture": "#texture" },
				"up": { "uv": [ 7, 3, 8.5, 4 ], "texture": "#texture" },
				"north": { "uv": [ 7, 3, 8.5, 4 ], "texture": "#texture" },
				"south": { "uv": [ 7, 3, 8.5, 4 ], "texture": "#texture" },
				"west": { "uv": [ 7, 3, 8.5, 4 ], "texture": "#texture" },
				"east": { "uv": [ 7, 3, 8.5, 4 ], "texture": "#texture" }
			}
		},
		{
			"__comment": "Box43",
			"from": [ 7, 10.5, 12.5 ],
			"to": [ 8.5, 11.5, 13.1 ],
			"faces": {
				"down": { "uv": [ 7, 2, 8.5, 3 ], "texture": "#texture" },
				"up": { "uv": [ 7, 2, 8.5, 3 ], "texture": "#texture" },
				"north": { "uv": [ 7, 2, 8.5, 3 ], "texture": "#texture" },
				"south": { "uv": [ 7, 2, 8.5, 3 ], "texture": "#texture" },
				"west": { "uv": [ 7, 2, 8.5, 3 ], "texture": "#texture" },
				"east": { "uv": [ 7, 2, 8.5, 3 ], "texture": "#texture" }
			}
		},
		{
			"__comment": "Box44",
			"from": [ 7.5, 11.5, 12.5 ],
			"to": [ 8, 12, 13 ],
			"faces": {
				"down": { "uv": [ 7.5, 1.5, 8, 2 ], "texture": "#texture" },
				"up": { "uv": [ 7.5, 1.5, 8, 2 ], "texture": "#texture" },
				"north": { "uv": [ 7.5, 1.5, 8, 2 ], "texture": "#texture" },
				"south": { "uv": [ 7.5, 1.5, 8, 2 ], "texture": "#texture" },
				"west": { "uv": [ 7.5, 1.5, 8, 2 ], "texture": "#texture" },
				"east": { "uv": [ 7.5, 1.5, 8, 2 ], "texture": "#texture" }
			}
		},
		{
			"__comment": "Box45",
			"from": [ 2.5, 5, 12.5 ],
			"to": [ 3.5, 6.5, 13 ],
			"faces": {
				"down": { "uv": [ 14.5, 14.5, 15.5, 15.5 ], "texture": "#deusvult_mask" },
				"up": { "uv": [ 14.5, 14.5, 15.5, 15.5 ], "texture": "#deusvult_mask" },
				"north": { "uv": [ 14.5, 14.5, 15.5, 15.5 ], "texture": "#deusvult_mask" },
				"south": { "uv": [ 14.5, 14.5, 15.5, 15.5 ], "texture": "#deusvult_mask" },
				"west": { "uv": [ 14.5, 14.5, 15.5, 15.5 ], "texture": "#deusvult_mask" },
				"east": { "uv": [ 14.5, 14.5, 15.5, 15.5 ], "texture": "#deusvult_mask" }
			}
		},
		{
			"__comment": "Box45",
			"from": [ 3.5, 5, 12.5 ],
			"to": [ 4.5, 6.5, 12.9 ],
			"faces": {
				"down": { "uv": [ 14.5, 14.5, 15.5, 15.5 ], "texture": "#texture" },
				"up": { "uv": [ 14.5, 14.5, 15.5, 15.5 ], "texture": "#texture" },
				"north": { "uv": [ 14.5, 14.5, 15.5, 15.5 ], "texture": "#texture" },
				"south": { "uv": [ 14.5, 14.5, 15.5, 15.5 ], "texture": "#texture" },
				"west": { "uv": [ 14.5, 14.5, 15.5, 15.5 ], "texture": "#texture", "rotation": 270 },
				"east": { "uv": [ 14.5, 14.5, 15.5, 15.5 ], "texture": "#texture" }
			}
		},
		{
			"__comment": "Box45",
			"from": [ 4.5, 5, 12.5 ],
			"to": [ 5.5, 6.5, 12.8 ],
			"faces": {
				"down": { "uv": [ 14.5, 14.5, 15.5, 15.5 ], "texture": "#texture" },
				"up": { "uv": [ 14.5, 14.5, 15.5, 15.5 ], "texture": "#texture" },
				"north": { "uv": [ 14.5, 14.5, 15.5, 15.5 ], "texture": "#texture" },
				"south": { "uv": [ 14.5, 14.5, 15.5, 15.5 ], "texture": "#texture" },
				"west": { "uv": [ 14.5, 14.5, 15.5, 15.5 ], "texture": "#texture", "rotation": 270 },
				"east": { "uv": [ 14.5, 14.5, 15.5, 15.5 ], "texture": "#texture" }
			}
		},
		{
			"__comment": "Box45",
			"from": [ 5.5, 5, 12.5 ],
			"to": [ 7, 6.5, 12.7 ],
			"faces": {
				"down": { "uv": [ 14.5, 14.5, 15.5, 15.5 ], "texture": "#texture" },
				"up": { "uv": [ 14.5, 14.5, 15.5, 15.5 ], "texture": "#texture" },
				"north": { "uv": [ 14.5, 14.5, 15.5, 15.5 ], "texture": "#texture" },
				"south": { "uv": [ 14.5, 14.5, 15.5, 15.5 ], "texture": "#texture" },
				"west": { "uv": [ 14.5, 14.5, 15.5, 15.5 ], "texture": "#texture", "rotation": 270 },
				"east": { "uv": [ 14.5, 14.5, 15.5, 15.5 ], "texture": "#texture" }
			}
		},
		{
			"__comment": "Box45",
			"from": [ 12, 5, 12.5 ],
			"to": [ 13, 6.5, 13 ],
			"faces": {
				"down": { "uv": [ 14.5, 14.5, 15.5, 15.5 ], "texture": "#deusvult_mask" },
				"up": { "uv": [ 14.5, 14.5, 15.5, 15.5 ], "texture": "#deusvult_mask" },
				"north": { "uv": [ 14.5, 14.5, 15.5, 15.5 ], "texture": "#deusvult_mask" },
				"south": { "uv": [ 14.5, 14.5, 15.5, 15.5 ], "texture": "#deusvult_mask" },
				"west": { "uv": [ 14.5, 14.5, 15.5, 15.5 ], "texture": "#deusvult_mask" },
				"east": { "uv": [ 14.5, 14.5, 15.5, 15.5 ], "texture": "#deusvult_mask" }
			}
		},
		{
			"__comment": "Box45",
			"from": [ 10, 5, 12.5 ],
			"to": [ 11, 6.5, 12.8 ],
			"faces": {
				"down": { "uv": [ 14.5, 14.5, 15.5, 15.5 ], "texture": "#texture" },
				"up": { "uv": [ 14.5, 14.5, 15.5, 15.5 ], "texture": "#texture" },
				"north": { "uv": [ 14.5, 14.5, 15.5, 15.5 ], "texture": "#texture" },
				"south": { "uv": [ 14.5, 14.5, 15.5, 15.5 ], "texture": "#texture" },
				"west": { "uv": [ 14.5, 14.5, 15.5, 15.5 ], "texture": "#texture" },
				"east": { "uv": [ 14.5, 14.5, 15.5, 15.5 ], "texture": "#texture" }
			}
		},
		{
			"__comment": "Box45",
			"from": [ 11, 5, 12.5 ],
			"to": [ 12, 6.5, 12.9 ],
			"faces": {
				"down": { "uv": [ 14.5, 14.5, 15.5, 15.5 ], "texture": "#texture" },
				"up": { "uv": [ 14.5, 14.5, 15.5, 15.5 ], "texture": "#texture" },
				"north": { "uv": [ 14.5, 14.5, 15.5, 15.5 ], "texture": "#texture" },
				"south": { "uv": [ 14.5, 14.5, 15.5, 15.5 ], "texture": "#texture" },
				"west": { "uv": [ 14.5, 14.5, 15.5, 15.5 ], "texture": "#texture" },
				"east": { "uv": [ 14.5, 14.5, 15.5, 15.5 ], "texture": "#texture" }
			}
		},
		{
			"__comment": "Box45",
			"from": [ 8.5, 5, 12.5 ],
			"to": [ 10, 6.5, 12.7 ],
			"faces": {
				"down": { "uv": [ 14.5, 14.5, 15.5, 15.5 ], "texture": "#texture" },
				"up": { "uv": [ 14.5, 14.5, 15.5, 15.5 ], "texture": "#texture" },
				"north": { "uv": [ 14.5, 14.5, 15.5, 15.5 ], "texture": "#texture" },
				"south": { "uv": [ 14.5, 14.5, 15.5, 15.5 ], "texture": "#texture" },
				"west": { "uv": [ 14.5, 14.5, 15.5, 15.5 ], "texture": "#texture" },
				"east": { "uv": [ 14.5, 14.5, 15.5, 15.5 ], "texture": "#texture" }
			}
		}
	],
"display": {
    "head": {
        "rotation": [ 0, 180, 0 ],
        "translation": [ 0, 1.9, -0.9 ],
        "scale": [ 1.61, 1.57, 1.39 ]
    },
    "fixed": {
        "rotation": [ 0, 180, 0 ],
        "translation": [ 0, 0, 0 ],
        "scale": [ 1, 1, 1 ]
    },
    "gui": {
        "rotation": [ -27, 135, 0 ],
        "translation": [ 0, 1.7, 0 ],
        "scale": [ 1.57, 1.54, 1 ]
    }
}
}