{
	"__comment": "Designed by Cryptic with Cubik Studio - https://cubik.studio",
	"textures": {
		"particle": "blocks/e_particle",
		"texture": "blocks/e_texture",
		"demoman": "blocks/demoman"
	},
	"elements": [ 	 
		{
			"__comment": "Box16",
			"from": [ 0, 10, 7 ],
			"to": [ 8, 14, 8 ],
			"faces": {
				"down": { "uv": [ 0, 5.5, 8, 6 ], "texture": "#demoman" },
				"up": { "uv": [ 0, 2.5, 8, 2 ], "texture": "#demoman" },
				"north": { "uv": [ 8, 2, 0, 6 ], "texture": "#demoman" },
				"south": { "uv": [ 0, 2, 8, 6 ], "texture": "#demoman" },
				"west": { "uv": [ 0, 2, 0.5, 6 ], "texture": "#demoman" },
				"east": { "uv": [ 8, 6, 7.5, 2 ], "texture": "#demoman", "rotation": 180 }
			}
		},
		{
			"__comment": "Box18",
			"from": [ 0.5, 7.5, 7 ],
			"to": [ 7.5, 15.5, 8 ],
			"faces": {
				"down": { "uv": [ 0.5, 8, 7.5, 8.5 ], "texture": "#demoman" },
				"up": { "uv": [ 0.5, 1, 7.5, 0.5 ], "texture": "#demoman" },
				"north": { "uv": [ 7.5, 0.5, 0.5, 8.5 ], "texture": "#demoman" },
				"south": { "uv": [ 0.5, 0.5, 7.5, 8.5 ], "texture": "#demoman" },
				"west": { "uv": [ 0.5, 0.5, 1, 8.5 ], "texture": "#demoman" },
				"east": { "uv": [ 7.5, 8.5, 7, 0.5 ], "texture": "#demoman", "rotation": 180 }
			}
		},
		{
			"__comment": "Box19",
			"from": [ 1, 6.5, 7 ],
			"to": [ 7, 16, 8 ],
			"faces": {
				"down": { "uv": [ 1, 9, 7, 9.5 ], "texture": "#demoman" },
				"up": { "uv": [ 1, 0.5, 7, 0 ], "texture": "#demoman" },
				"north": { "uv": [ 7, 0, 1, 9.5 ], "texture": "#demoman" },
				"south": { "uv": [ 1, 0, 7, 9.5 ], "texture": "#demoman" },
				"west": { "uv": [ 1, 0, 1.5, 9.5 ], "texture": "#demoman" },
				"east": { "uv": [ 7, 9.5, 6.5, 0 ], "texture": "#demoman", "rotation": 180 }
			}
		},
		{
			"__comment": "Box20",
			"from": [ 1.5, 6, 7 ],
			"to": [ 6.5, 6.5, 8 ],
			"faces": {
				"down": { "uv": [ 1.5, 9.5, 6.5, 10 ], "texture": "#demoman" },
				"up": { "uv": [ 1.5, 10, 6.5, 9.5 ], "texture": "#demoman" },
				"north": { "uv": [ 6.5, 9.5, 1.5, 10 ], "texture": "#demoman" },
				"south": { "uv": [ 1.5, 9.5, 6.5, 10 ], "texture": "#demoman" },
				"west": { "uv": [ 1.5, 9.5, 2, 10 ], "texture": "#demoman" },
				"east": { "uv": [ 6.5, 10, 6, 9.5 ], "texture": "#demoman", "rotation": 180 }
			}
		},
		{
			"__comment": "Box21",
			"from": [ 7.5, 9, 7 ],
			"to": [ 8, 10, 8 ],
			"faces": {
				"down": { "uv": [ 7.5, 6.5, 8, 7 ], "texture": "#demoman" },
				"up": { "uv": [ 7.5, 6.5, 8, 6 ], "texture": "#demoman" },
				"north": { "uv": [ 8, 6, 7.5, 7 ], "texture": "#demoman" },
				"south": { "uv": [ 7.5, 6, 8, 7 ], "texture": "#demoman" },
				"west": { "uv": [ 7.5, 6, 8, 7 ], "texture": "#demoman" },
				"east": { "uv": [ 8, 7, 7.5, 6 ], "texture": "#demoman", "rotation": 180 }
			}
		},
		{
			"__comment": "Box26",
			"from": [ 1.5, 6, 8 ],
			"to": [ 6.5, 7, 8.6 ],
			"faces": {
				"down": { "uv": [ 1.5, 7, 6.5, 8 ], "texture": "#demoman" },
				"up": { "uv": [ 1.5, 8, 6.5, 9 ], "texture": "#demoman" },
				"north": { "uv": [ 9.5, 9, 14.5, 10 ], "texture": "#demoman" },
				"south": { "uv": [ 1.5, 9, 6.5, 10 ], "texture": "#demoman" },
				"west": { "uv": [ 6, 9, 6.5, 10 ], "texture": "#demoman", "rotation": 270 },
				"east": { "uv": [ 6, 9, 6.5, 10 ], "texture": "#demoman", "rotation": 270 }
			}
		},
		{
			"__comment": "Box27",
			"from": [ 6.5, 6.5, 8 ],
			"to": [ 7, 7.5, 8.6 ],
			"faces": {
				"down": { "uv": [ 6.5, 7, 7, 8 ], "texture": "#demoman" },
				"up": { "uv": [ 6.5, 8, 7, 9 ], "texture": "#demoman" },
				"north": { "uv": [ 9, 8.5, 9.5, 9.5 ], "texture": "#demoman" },
				"south": { "uv": [ 6.5, 8.5, 7, 9.5 ], "texture": "#demoman" },
				"west": { "uv": [ 8, 8.5, 9, 9.5 ], "texture": "#demoman" },
				"east": { "uv": [ 6.5, 8.5, 7, 9.5 ], "texture": "#demoman" }
			}
		},
		{
			"__comment": "Box28",
			"from": [ 1, 6.5, 8 ],
			"to": [ 1.5, 7.5, 8.6 ],
			"faces": {
				"down": { "uv": [ 1, 7, 1.5, 8 ], "texture": "#demoman" },
				"up": { "uv": [ 1, 8, 1.5, 9 ], "texture": "#demoman" },
				"north": { "uv": [ 14.5, 8.5, 15, 9.5 ], "texture": "#demoman" },
				"south": { "uv": [ 1, 8.5, 1.5, 9.5 ], "texture": "#demoman" },
				"west": { "uv": [ 1, 8.5, 1.5, 9.5 ], "texture": "#demoman" },
				"east": { "uv": [ 7, 8.5, 8, 9.5 ], "texture": "#demoman" }
			}
		},
		{
			"__comment": "Box29",
			"from": [ 7, 7.5, 8 ],
			"to": [ 7.5, 10, 8.6 ],
			"faces": {
				"down": { "uv": [ 7, 7, 7.5, 8 ], "texture": "#demoman" },
				"up": { "uv": [ 7, 8, 7.5, 9 ], "texture": "#demoman" },
				"north": { "uv": [ 8.5, 6, 9, 8.5 ], "texture": "#demoman" },
				"south": { "uv": [ 7, 6, 7.5, 8.5 ], "texture": "#demoman" },
				"west": { "uv": [ 8, 6, 9, 8.5 ], "texture": "#demoman" },
				"east": { "uv": [ 7, 6, 7.5, 8.5 ], "texture": "#demoman" }
			}
		},
		{
			"__comment": "Box30",
			"from": [ 0.5, 7.5, 8 ],
			"to": [ 1, 10, 8.6 ],
			"faces": {
				"down": { "uv": [ 0.5, 7, 1, 8 ], "texture": "#demoman" },
				"up": { "uv": [ 0.5, 8, 1, 9 ], "texture": "#demoman" },
				"north": { "uv": [ 15, 6, 15.5, 8.5 ], "texture": "#demoman" },
				"south": { "uv": [ 0.5, 6, 1, 8.5 ], "texture": "#demoman" },
				"west": { "uv": [ 0.5, 6, 1, 8.5 ], "texture": "#demoman" },
				"east": { "uv": [ 7, 6, 8, 8.5 ], "texture": "#demoman" }
			}
		},
		{
			"__comment": "Box31",
			"from": [ 7.5, 10, 8 ],
			"to": [ 8, 12, 8.6 ],
			"faces": {
				"down": { "uv": [ 7.5, 7, 8, 8 ], "texture": "#demoman" },
				"up": { "uv": [ 7.5, 8, 8, 9 ], "texture": "#demoman" },
				"north": { "uv": [ 8, 4, 8.5, 6 ], "texture": "#demoman" },
				"south": { "uv": [ 7.5, 4, 8, 6 ], "texture": "#demoman" },
				"west": { "uv": [ 8, 4, 9, 6 ], "texture": "#demoman" },
				"east": { "uv": [ 7.5, 4, 8, 6 ], "texture": "#demoman" }
			}
		},
		{
			"__comment": "Box32",
			"from": [ 0, 10, 8 ],
			"to": [ 0.5, 12, 8.6 ],
			"faces": {
				"down": { "uv": [ 0, 5, 0.5, 6 ], "texture": "#demoman" },
				"up": { "uv": [ 0, 8, 0.5, 9 ], "texture": "#demoman" },
				"north": { "uv": [ 15.5, 4, 16, 6 ], "texture": "#demoman" },
				"south": { "uv": [ 0, 4, 0.5, 6 ], "texture": "#demoman" },
				"west": { "uv": [ 0, 4, 0.5, 6 ], "texture": "#demoman" },
				"east": { "uv": [ 7, 4, 8, 6 ], "texture": "#demoman" }
			}
		},
		{
			"__comment": "Box33",
			"from": [ 0.5, 10, 8 ],
			"to": [ 1, 11.5, 9 ],
			"faces": {
				"down": { "uv": [ 0.5, 7, 1, 8 ], "texture": "#demoman" },
				"up": { "uv": [ 0.5, 8, 1, 9 ], "texture": "#demoman" },
				"north": { "uv": [ 15, 4.5, 15.5, 6 ], "texture": "#demoman" },
				"south": { "uv": [ 0.5, 4.5, 1, 6 ], "texture": "#demoman" },
				"west": { "uv": [ 0.5, 4.5, 1, 6 ], "texture": "#demoman" },
				"east": { "uv": [ 7, 4.5, 8, 6 ], "texture": "#demoman" }
			}
		},
		{
			"__comment": "Box34",
			"from": [ 7, 10, 8 ],
			"to": [ 7.5, 10.5, 8.7 ],
			"faces": {
				"down": { "uv": [ 7, 7.3, 7.5, 8 ], "texture": "#demoman" },
				"up": { "uv": [ 7, 8, 7.5, 8.7 ], "texture": "#demoman" },
				"north": { "uv": [ 8.5, 5.5, 9, 6 ], "texture": "#demoman" },
				"south": { "uv": [ 7, 5.5, 7.5, 6 ], "texture": "#demoman" },
				"west": { "uv": [ 8, 5.5, 8.7, 6 ], "texture": "#demoman" },
				"east": { "uv": [ 7.3, 5.5, 8, 6 ], "texture": "#demoman" }
			}
		},
		{
			"__comment": "Box35",
			"from": [ 3, 11, 8 ],
			"to": [ 4, 11.5, 8.7 ],
			"faces": {
				"down": { "uv": [ 3, 7.3, 4, 8 ], "texture": "#demoman" },
				"up": { "uv": [ 3, 8, 4, 8.7 ], "texture": "#demoman" },
				"north": { "uv": [ 12, 4.5, 13, 5 ], "texture": "#demoman" },
				"south": { "uv": [ 3, 4.5, 4, 5 ], "texture": "#demoman" },
				"west": { "uv": [ 8, 4.5, 8.7, 5 ], "texture": "#demoman" },
				"east": { "uv": [ 7.3, 4.5, 8, 5 ], "texture": "#demoman" }
			}
		},
		{
			"__comment": "Box36",
			"from": [ 4, 10.5, 8 ],
			"to": [ 5, 11, 8.7 ],
			"faces": {
				"down": { "uv": [ 4, 7.3, 5, 8 ], "texture": "#demoman" },
				"up": { "uv": [ 4, 8, 5, 8.7 ], "texture": "#demoman" },
				"north": { "uv": [ 11, 5, 12, 5.5 ], "texture": "#demoman" },
				"south": { "uv": [ 4, 5, 5, 5.5 ], "texture": "#demoman" },
				"west": { "uv": [ 8, 5, 8.7, 5.5 ], "texture": "#demoman" },
				"east": { "uv": [ 7.3, 5, 8, 5.5 ], "texture": "#demoman" }
			}
		},
		{
			"__comment": "Box37",
			"from": [ 5, 10, 8 ],
			"to": [ 5.5, 10.5, 8.7 ],
			"faces": {
				"down": { "uv": [ 5, 7.3, 5.5, 8 ], "texture": "#demoman" },
				"up": { "uv": [ 5, 8, 5.5, 8.7 ], "texture": "#demoman" },
				"north": { "uv": [ 10.5, 5.5, 11, 6 ], "texture": "#demoman" },
				"south": { "uv": [ 5, 5.5, 5.5, 6 ], "texture": "#demoman" },
				"west": { "uv": [ 8, 5.5, 8.7, 6 ], "texture": "#demoman" },
				"east": { "uv": [ 7.3, 5.5, 8, 6 ], "texture": "#demoman" }
			}
		},
		{
			"__comment": "Box38",
			"from": [ 5.5, 9.5, 8 ],
			"to": [ 7, 10, 8.7 ],
			"faces": {
				"down": { "uv": [ 5.5, 7.3, 7, 8 ], "texture": "#demoman" },
				"up": { "uv": [ 5.5, 8, 7, 8.7 ], "texture": "#demoman" },
				"north": { "uv": [ 5.5, 6, 7, 6.5 ], "texture": "#demoman" },
				"south": { "uv": [ 5.5, 6, 7, 6.5 ], "texture": "#demoman", "rotation": 270 },
				"west": { "uv": [ 5.5, 6, 7, 6.5 ], "texture": "#demoman" },
				"east": { "uv": [ 5.5, 6, 7, 6.5 ], "texture": "#demoman" }
			}
		},
		{
			"__comment": "Box39",
			"from": [ 1, 9, 8 ],
			"to": [ 2, 11, 8.7 ],
			"faces": {
				"down": { "uv": [ 1, 7, 2, 8 ], "texture": "#demoman" },
				"up": { "uv": [ 1, 8, 2, 9 ], "texture": "#demoman" },
				"north": { "uv": [ 14, 5, 15, 7 ], "texture": "#demoman" },
				"south": { "uv": [ 1, 5, 2, 7 ], "texture": "#demoman" },
				"west": { "uv": [ 1, 5, 2, 7 ], "texture": "#demoman" },
				"east": { "uv": [ 7, 5, 8, 7 ], "texture": "#demoman" }
			}
		},
		{
			"__comment": "Box40",
			"from": [ 6, 9, 8 ],
			"to": [ 6.5, 9.5, 8.7 ],
			"faces": {
				"down": { "uv": [ 6, 7.3, 6.5, 8 ], "texture": "#demoman" },
				"up": { "uv": [ 6, 8, 6.5, 8.7 ], "texture": "#demoman" },
				"north": { "uv": [ 9.5, 6.5, 10, 7 ], "texture": "#demoman" },
				"south": { "uv": [ 6, 6.5, 6.5, 7 ], "texture": "#demoman" },
				"west": { "uv": [ 8, 6.5, 8.7, 7 ], "texture": "#demoman" },
				"east": { "uv": [ 7.3, 6.5, 8, 7 ], "texture": "#demoman" }
			}
		},
		{
			"__comment": "Box41",
			"from": [ 4.5, 9.5, 8 ],
			"to": [ 5.5, 10, 8.7 ],
			"faces": {
				"down": { "uv": [ 4.5, 7.3, 5.5, 8 ], "texture": "#demoman" },
				"up": { "uv": [ 4.5, 8, 5.5, 8.7 ], "texture": "#demoman" },
				"north": { "uv": [ 10.5, 6, 11.5, 6.5 ], "texture": "#demoman" },
				"south": { "uv": [ 4.5, 6, 5.5, 6.5 ], "texture": "#demoman" },
				"west": { "uv": [ 8, 6, 8.7, 6.5 ], "texture": "#demoman" },
				"east": { "uv": [ 7.3, 6, 8, 6.5 ], "texture": "#demoman" }
			}
		},
		{
			"__comment": "Box42",
			"from": [ 4, 10, 8 ],
			"to": [ 5, 10.5, 8.7 ],
			"faces": {
				"down": { "uv": [ 4, 7.3, 5, 8 ], "texture": "#demoman" },
				"up": { "uv": [ 4, 8, 5, 8.7 ], "texture": "#demoman" },
				"north": { "uv": [ 11, 5.5, 12, 6 ], "texture": "#demoman" },
				"south": { "uv": [ 4, 5.5, 5, 6 ], "texture": "#demoman" },
				"west": { "uv": [ 8, 5.5, 8.7, 6 ], "texture": "#demoman" },
				"east": { "uv": [ 7.3, 5.5, 8, 6 ], "texture": "#demoman" }
			}
		},
		{
			"__comment": "Box43",
			"from": [ 2, 10.5, 8 ],
			"to": [ 4, 11, 8.7 ],
			"faces": {
				"down": { "uv": [ 2, 7.3, 4, 8 ], "texture": "#demoman" },
				"up": { "uv": [ 2, 8, 4, 8.7 ], "texture": "#demoman" },
				"north": { "uv": [ 12, 5, 14, 5.5 ], "texture": "#demoman" },
				"south": { "uv": [ 2, 5, 4, 5.5 ], "texture": "#demoman" },
				"west": { "uv": [ 8, 5, 8.7, 5.5 ], "texture": "#demoman" },
				"east": { "uv": [ 7.3, 5, 8, 5.5 ], "texture": "#demoman" }
			}
		},
		{
			"__comment": "Box44",
			"from": [ 4, 9.5, 8 ],
			"to": [ 4.5, 10, 8.7 ],
			"faces": {
				"down": { "uv": [ 4, 7.3, 4.5, 8 ], "texture": "#demoman" },
				"up": { "uv": [ 4, 8, 4.5, 8.7 ], "texture": "#demoman" },
				"north": { "uv": [ 11.5, 6, 12, 6.5 ], "texture": "#demoman" },
				"south": { "uv": [ 4, 6, 4.5, 6.5 ], "texture": "#demoman" },
				"west": { "uv": [ 8, 6, 8.7, 6.5 ], "texture": "#demoman" },
				"east": { "uv": [ 7.3, 6, 8, 6.5 ], "texture": "#demoman" }
			}
		},
		{
			"__comment": "Box45",
			"from": [ 2, 9.5, 8 ],
			"to": [ 4, 10.5, 8.7 ],
			"faces": {
				"down": { "uv": [ 2, 7.3, 4, 8 ], "texture": "#demoman" },
				"up": { "uv": [ 2, 8, 4, 8.7 ], "texture": "#demoman" },
				"north": { "uv": [ 12, 5.5, 14, 6.5 ], "texture": "#demoman" },
				"south": { "uv": [ 2, 5.5, 4, 6.5 ], "texture": "#demoman" },
				"west": { "uv": [ 8, 5.5, 8.7, 6.5 ], "texture": "#demoman" },
				"east": { "uv": [ 7.3, 5.5, 8, 6.5 ], "texture": "#demoman" }
			}
		},
		{
			"__comment": "Box46",
			"from": [ 1, 7.5, 8 ],
			"to": [ 2, 9, 9 ],
			"faces": {
				"down": { "uv": [ 1, 7, 2, 8 ], "texture": "#demoman" },
				"up": { "uv": [ 2.5, 6.5, 6, 7.5 ], "texture": "#demoman" },
				"north": { "uv": [ 14, 7, 15, 8.5 ], "texture": "#demoman" },
				"south": { "uv": [ 1, 7, 2, 8.5 ], "texture": "#demoman" },
				"west": { "uv": [ 1, 7, 2, 8.5 ], "texture": "#demoman" },
				"east": { "uv": [ 7, 7, 8, 8.5 ], "texture": "#demoman" }
			}
		},
		{
			"__comment": "Box47",
			"from": [ 2, 8, 8 ],
			"to": [ 2.5, 9.5, 9 ],
			"faces": {
				"down": { "uv": [ 2, 7, 2.5, 8 ], "texture": "#demoman" },
				"up": { "uv": [ 2.5, 6.5, 6, 7.5 ], "texture": "#demoman" },
				"north": { "uv": [ 13.5, 6.5, 14, 8 ], "texture": "#demoman" },
				"south": { "uv": [ 2, 6.5, 2.5, 8 ], "texture": "#demoman" },
				"west": { "uv": [ 8, 6.5, 9, 8 ], "texture": "#demoman" },
				"east": { "uv": [ 7, 6.5, 8, 8 ], "texture": "#demoman" }
			}
		},
		{
			"__comment": "Box48",
			"from": [ 2.5, 8.5, 8 ],
			"to": [ 6, 9.5, 9 ],
			"faces": {
				"down": { "uv": [ 2.5, 7, 6, 8 ], "texture": "#demoman" },
				"up": { "uv": [ 2.5, 6.5, 6, 7.5 ], "texture": "#demoman" },
				"north": { "uv": [ 10, 6.5, 13.5, 7.5 ], "texture": "#demoman" },
				"south": { "uv": [ 2.5, 6.5, 6, 7.5 ], "texture": "#demoman" },
				"west": { "uv": [ 8, 6.5, 9, 7.5 ], "texture": "#demoman" },
				"east": { "uv": [ 7, 6.5, 8, 7.5 ], "texture": "#demoman" }
			}
		},
		{
			"__comment": "Box49",
			"from": [ 6.5, 7.5, 8 ],
			"to": [ 7, 9.5, 9 ],
			"faces": {
				"down": { "uv": [ 6.5, 7, 7, 8 ], "texture": "#demoman" },
				"up": { "uv": [ 6.5, 8, 7, 9 ], "texture": "#demoman" },
				"north": { "uv": [ 9, 6.5, 9.5, 8.5 ], "texture": "#demoman" },
				"south": { "uv": [ 6.5, 6.5, 7, 8.5 ], "texture": "#demoman" },
				"west": { "uv": [ 6.5, 6.5, 7, 8.5 ], "texture": "#demoman" },
				"east": { "uv": [ 6.5, 6.5, 7, 8.5 ], "texture": "#demoman" }
			}
		},
		{
			"__comment": "Box50",
			"from": [ 6, 8, 8 ],
			"to": [ 6.5, 9, 9 ],
			"faces": {
				"down": { "uv": [ 6, 7, 6.5, 8 ], "texture": "#demoman" },
				"up": { "uv": [ 2.5, 6.5, 6, 7.5 ], "texture": "#demoman" },
				"north": { "uv": [ 9.5, 7, 10, 8 ], "texture": "#demoman" },
				"south": { "uv": [ 6, 7, 6.5, 8 ], "texture": "#demoman" },
				"west": { "uv": [ 8, 7, 9, 8 ], "texture": "#demoman" },
				"east": { "uv": [ 7, 7, 8, 8 ], "texture": "#demoman" }
			}
		},
		{
			"__comment": "Box51",
			"from": [ 5.5, 7, 8 ],
			"to": [ 6.5, 7.5, 8.7 ],
			"faces": {
				"down": { "uv": [ 5.5, 7, 6.5, 8 ], "texture": "#demoman" },
				"up": { "uv": [ 5.5, 8, 6.5, 9 ], "texture": "#demoman" },
				"north": { "uv": [ 9.5, 8.5, 10.5, 9 ], "texture": "#demoman" },
				"south": { "uv": [ 5.5, 8.5, 6.5, 9 ], "texture": "#demoman" },
				"west": { "uv": [ 8, 8.5, 9, 9 ], "texture": "#demoman" },
				"east": { "uv": [ 5.5, 8.5, 6.5, 9 ], "texture": "#demoman" }
			}
		},
		{
			"__comment": "Box52",
			"from": [ 6, 7.5, 8 ],
			"to": [ 6.5, 8, 8.7 ],
			"faces": {
				"down": { "uv": [ 6, 7.3, 6.5, 8 ], "texture": "#demoman" },
				"up": { "uv": [ 6, 8, 6.5, 8.7 ], "texture": "#demoman" },
				"north": { "uv": [ 9.5, 8, 10, 8.5 ], "texture": "#demoman" },
				"south": { "uv": [ 6, 8, 6.5, 8.5 ], "texture": "#demoman" },
				"west": { "uv": [ 8, 8, 8.7, 8.5 ], "texture": "#demoman" },
				"east": { "uv": [ 7.3, 8, 8, 8.5 ], "texture": "#demoman" }
			}
		},
		{
			"__comment": "Box53",
			"from": [ 4.5, 7.5, 8 ],
			"to": [ 5.5, 8.5, 8.7 ],
			"faces": {
				"down": { "uv": [ 4.5, 7.3, 5.5, 8 ], "texture": "#demoman" },
				"up": { "uv": [ 4.5, 8, 5.5, 8.7 ], "texture": "#demoman" },
				"north": { "uv": [ 10.5, 7.5, 11.5, 8.5 ], "texture": "#demoman" },
				"south": { "uv": [ 4.5, 7.5, 5.5, 8.5 ], "texture": "#demoman" },
				"west": { "uv": [ 8, 7.5, 8.7, 8.5 ], "texture": "#demoman" },
				"east": { "uv": [ 7.3, 7.5, 8, 8.5 ], "texture": "#demoman" }
			}
		},
		{
			"__comment": "Box54",
			"from": [ 5.5, 8, 8 ],
			"to": [ 6, 8.5, 8.7 ],
			"faces": {
				"down": { "uv": [ 5.5, 7.3, 6, 8 ], "texture": "#demoman" },
				"up": { "uv": [ 5.5, 8, 6, 8.7 ], "texture": "#demoman" },
				"north": { "uv": [ 10, 7.5, 10.5, 8 ], "texture": "#demoman" },
				"south": { "uv": [ 5.5, 7.5, 6, 8 ], "texture": "#demoman" },
				"west": { "uv": [ 8, 7.5, 8.7, 8 ], "texture": "#demoman" },
				"east": { "uv": [ 7.3, 7.5, 8, 8 ], "texture": "#demoman" }
			}
		},
		{
			"__comment": "Box55",
			"from": [ 4, 8, 8 ],
			"to": [ 4.5, 8.5, 8.7 ],
			"faces": {
				"down": { "uv": [ 4, 7.3, 4.5, 8 ], "texture": "#demoman" },
				"up": { "uv": [ 4, 8, 4.5, 8.7 ], "texture": "#demoman" },
				"north": { "uv": [ 11.5, 7.5, 12, 8 ], "texture": "#demoman" },
				"south": { "uv": [ 4, 7.5, 4.5, 8 ], "texture": "#demoman" },
				"west": { "uv": [ 8, 7.5, 8.7, 8 ], "texture": "#demoman" },
				"east": { "uv": [ 7.3, 7.5, 8, 8 ], "texture": "#demoman" }
			}
		},
		{
			"__comment": "Box56",
			"from": [ 2.5, 7, 8 ],
			"to": [ 4, 7.5, 8.7 ],
			"faces": {
				"down": { "uv": [ 2.5, 7.3, 4, 8 ], "texture": "#demoman" },
				"up": { "uv": [ 2.5, 8, 4, 8.7 ], "texture": "#demoman" },
				"north": { "uv": [ 12, 8.5, 13.5, 9 ], "texture": "#demoman" },
				"south": { "uv": [ 2.5, 8.5, 4, 9 ], "texture": "#demoman" },
				"west": { "uv": [ 8, 8.5, 8.7, 9 ], "texture": "#demoman" },
				"east": { "uv": [ 7.3, 8.5, 8, 9 ], "texture": "#demoman" }
			}
		},
		{
			"__comment": "Box57",
			"from": [ 2.5, 8, 8 ],
			"to": [ 3.5, 8.5, 8.7 ],
			"faces": {
				"down": { "uv": [ 2.5, 7.3, 3.5, 8 ], "texture": "#demoman" },
				"up": { "uv": [ 2.5, 8, 3.5, 8.7 ], "texture": "#demoman" },
				"north": { "uv": [ 12.5, 7.5, 13.5, 8 ], "texture": "#demoman" },
				"south": { "uv": [ 2.5, 7.5, 3.5, 8 ], "texture": "#demoman" },
				"west": { "uv": [ 8, 7.5, 8.7, 8 ], "texture": "#demoman" },
				"east": { "uv": [ 7.3, 7.5, 8, 8 ], "texture": "#demoman" }
			}
		},
		{
			"__comment": "Box58",
			"from": [ 2, 7.5, 8 ],
			"to": [ 2.5, 8, 8.7 ],
			"faces": {
				"down": { "uv": [ 2, 7.3, 2.5, 8 ], "texture": "#demoman" },
				"up": { "uv": [ 2, 8, 2.5, 8.7 ], "texture": "#demoman" },
				"north": { "uv": [ 13.5, 8, 14, 8.5 ], "texture": "#demoman" },
				"south": { "uv": [ 2, 8, 2.5, 8.5 ], "texture": "#demoman" },
				"west": { "uv": [ 8, 8, 8.7, 8.5 ], "texture": "#demoman" },
				"east": { "uv": [ 7.3, 8, 8, 8.5 ], "texture": "#demoman" }
			}
		},
		{
			"__comment": "Box59",
			"from": [ 1.5, 7, 8 ],
			"to": [ 2, 7.5, 8.7 ],
			"faces": {
				"down": { "uv": [ 1.5, 7, 2, 8 ], "texture": "#demoman" },
				"up": { "uv": [ 1.5, 8, 2, 9 ], "texture": "#demoman" },
				"north": { "uv": [ 14, 8.5, 14.5, 9 ], "texture": "#demoman" },
				"south": { "uv": [ 1.5, 8.5, 2, 9 ], "texture": "#demoman" },
				"west": { "uv": [ 1.5, 8.5, 2, 9 ], "texture": "#demoman" },
				"east": { "uv": [ 7, 8.5, 8, 9 ], "texture": "#demoman" }
			}
		},
		{
			"__comment": "Box60",
			"from": [ 2, 7, 8 ],
			"to": [ 2.5, 7.5, 9 ],
			"faces": {
				"down": { "uv": [ 2, 7, 2.5, 8 ], "texture": "#demoman" },
				"up": { "uv": [ 2, 8.5, 2.5, 9 ], "texture": "#demoman" },
				"north": { "uv": [ 2, 8.5, 2.5, 9 ], "texture": "#demoman" },
				"south": { "uv": [ 2, 8.5, 2.5, 9 ], "texture": "#demoman" },
				"west": { "uv": [ 2, 8.5, 2.5, 9 ], "texture": "#demoman" },
				"east": { "uv": [ 2, 8.5, 2.5, 9 ], "texture": "#demoman" }
			}
		},
		{
			"__comment": "Box61",
			"from": [ 2.5, 7.5, 8 ],
			"to": [ 4.5, 8, 9 ],
			"faces": {
				"down": { "uv": [ 2.5, 7, 4.5, 8 ], "texture": "#demoman" },
				"up": { "uv": [ 2.5, 8, 4.5, 9 ], "texture": "#demoman" },
				"north": { "uv": [ 2.5, 8, 4.5, 8.5 ], "texture": "#demoman" },
				"south": { "uv": [ 2.5, 8, 4.5, 8.5 ], "texture": "#demoman" },
				"west": { "uv": [ 2.5, 8, 4.5, 8.5 ], "texture": "#demoman" },
				"east": { "uv": [ 2.5, 8, 4.5, 8.5 ], "texture": "#demoman" }
			}
		},
		{
			"__comment": "Box62",
			"from": [ 4, 7, 8 ],
			"to": [ 5.5, 7.5, 9 ],
			"faces": {
				"down": { "uv": [ 4, 7, 5.5, 8 ], "texture": "#demoman" },
				"up": { "uv": [ 4, 8, 5.5, 9 ], "texture": "#demoman" },
				"north": { "uv": [ 10.5, 8.5, 12, 9 ], "texture": "#demoman" },
				"south": { "uv": [ 4, 8.5, 5.5, 9 ], "texture": "#demoman" },
				"west": { "uv": [ 4, 8.5, 5.5, 9 ], "texture": "#demoman" },
				"east": { "uv": [ 4, 8.5, 5.5, 9 ], "texture": "#demoman" }
			}
		},
		{
			"__comment": "Box63",
			"from": [ 5.5, 7.5, 8 ],
			"to": [ 6, 8, 9 ],
			"faces": {
				"down": { "uv": [ 5.5, 7, 6, 8 ], "texture": "#demoman" },
				"up": { "uv": [ 5.5, 8, 6, 9 ], "texture": "#demoman" },
				"north": { "uv": [ 10, 8, 10.5, 8.5 ], "texture": "#demoman" },
				"south": { "uv": [ 5.5, 8, 6, 8.5 ], "texture": "#demoman" },
				"west": { "uv": [ 5.5, 8, 6, 8.5 ], "texture": "#demoman" },
				"east": { "uv": [ 5.5, 8, 6, 8.5 ], "texture": "#demoman" }
			}
		},
		{
			"__comment": "Box64",
			"from": [ 3.5, 8, 8 ],
			"to": [ 4, 8.5, 8.7 ],
			"faces": {
				"down": { "uv": [ 3.5, 7.3, 4, 8 ], "texture": "#demoman" },
				"up": { "uv": [ 3.5, 8, 4, 8.7 ], "texture": "#demoman" },
				"north": { "uv": [ 12, 7.5, 12.5, 8 ], "texture": "#demoman" },
				"south": { "uv": [ 3.5, 7.5, 4, 8 ], "texture": "#demoman" },
				"west": { "uv": [ 8, 7.5, 8.7, 8 ], "texture": "#demoman" },
				"east": { "uv": [ 7.3, 7.5, 8, 8 ], "texture": "#demoman" }
			}
		},
		{
			"__comment": "Box65",
			"from": [ 1, 11, 8 ],
			"to": [ 2, 12, 9 ],
			"faces": {
				"down": { "uv": [ 1, 4, 2, 5 ], "texture": "#demoman" },
				"up": { "uv": [ 1, 4, 2, 5 ], "texture": "#demoman" },
				"north": { "uv": [ 1, 4, 2, 5 ], "texture": "#demoman" },
				"south": { "uv": [ 1, 4, 2, 5 ], "texture": "#demoman" },
				"west": { "uv": [ 1, 4, 2, 5 ], "texture": "#demoman" },
				"east": { "uv": [ 1, 4, 2, 5 ], "texture": "#demoman" }
			}
		},
		{
			"__comment": "Box66",
			"from": [ 2.5, 11, 8 ],
			"to": [ 3, 11.5, 9 ],
			"faces": {
				"down": { "uv": [ 1, 4, 2, 5 ], "texture": "#demoman" },
				"up": { "uv": [ 1, 4, 2, 5 ], "texture": "#demoman" },
				"north": { "uv": [ 1, 4, 2, 5 ], "texture": "#demoman" },
				"south": { "uv": [ 1, 4, 2, 5 ], "texture": "#demoman" },
				"west": { "uv": [ 1, 4, 2, 5 ], "texture": "#demoman" },
				"east": { "uv": [ 1, 4, 2, 5 ], "texture": "#demoman" }
			}
		},
		{
			"__comment": "Box67",
			"from": [ 2, 11, 8 ],
			"to": [ 2.5, 12, 9 ],
			"faces": {
				"down": { "uv": [ 1, 4, 2, 5 ], "texture": "#demoman" },
				"up": { "uv": [ 1, 4, 2, 5 ], "texture": "#demoman" },
				"north": { "uv": [ 1, 4, 2, 5 ], "texture": "#demoman" },
				"south": { "uv": [ 2, 4, 2.5, 5 ], "texture": "#demoman", "rotation": 90 },
				"west": { "uv": [ 1, 4, 2, 5 ], "texture": "#demoman" },
				"east": { "uv": [ 1, 4, 2, 5 ], "texture": "#demoman" }
			}
		},
		{
			"__comment": "Box68",
			"from": [ 5.5, 10, 8 ],
			"to": [ 7, 13, 9.3 ],
			"faces": {
				"down": { "uv": [ 5.5, 3, 7, 6 ], "texture": "#demoman" },
				"up": { "uv": [ 5.5, 3, 7, 6 ], "texture": "#demoman" },
				"north": { "uv": [ 9, 3, 10.5, 6 ], "texture": "#demoman" },
				"south": { "uv": [ 5.5, 3, 7, 6 ], "texture": "#demoman" },
				"west": { "uv": [ 8, 3, 9.3, 6 ], "texture": "#demoman" },
				"east": { "uv": [ 6.7, 3, 8, 6 ], "texture": "#demoman" }
			}
		},
		{
			"__comment": "Box69",
			"from": [ 7, 10.5, 8 ],
			"to": [ 7.5, 13, 9.3 ],
			"faces": {
				"down": { "uv": [ 5.5, 3, 7, 6 ], "texture": "#demoman" },
				"up": { "uv": [ 5.5, 3, 7, 6 ], "texture": "#demoman" },
				"north": { "uv": [ 8.5, 3, 9, 5.5 ], "texture": "#demoman" },
				"south": { "uv": [ 7, 3, 7.5, 5.5 ], "texture": "#demoman" },
				"west": { "uv": [ 8, 3, 9.3, 5.5 ], "texture": "#demoman" },
				"east": { "uv": [ 6.7, 3, 8, 5.5 ], "texture": "#demoman" }
			}
		},
		{
			"__comment": "Box70",
			"from": [ 7.5, 12, 8 ],
			"to": [ 8, 13.5, 9 ],
			"faces": {
				"down": { "uv": [ 7.5, 7, 8, 8 ], "texture": "#demoman" },
				"up": { "uv": [ 7.5, 8, 8, 9 ], "texture": "#demoman" },
				"north": { "uv": [ 8, 2.5, 8.5, 4 ], "texture": "#demoman" },
				"south": { "uv": [ 7.5, 2.5, 8, 4 ], "texture": "#demoman" },
				"west": { "uv": [ 8, 2.5, 9, 4 ], "texture": "#demoman" },
				"east": { "uv": [ 7, 2.5, 8, 4 ], "texture": "#demoman" }
			}
		},
		{
			"__comment": "Box71",
			"from": [ 5, 10.5, 8 ],
			"to": [ 5.5, 12.5, 9.3 ],
			"faces": {
				"down": { "uv": [ 5.5, 3, 7, 6 ], "texture": "#demoman" },
				"up": { "uv": [ 5.5, 3, 7, 6 ], "texture": "#demoman" },
				"north": { "uv": [ 5.5, 3, 7, 6 ], "texture": "#demoman" },
				"south": { "uv": [ 5.5, 3, 7, 6 ], "texture": "#demoman" },
				"west": { "uv": [ 5.5, 3, 7, 6 ], "texture": "#demoman" },
				"east": { "uv": [ 5.5, 3, 7, 6 ], "texture": "#demoman" }
			}
		},
		{
			"__comment": "Box72",
			"from": [ 4.5, 11, 8 ],
			"to": [ 5, 12, 9.3 ],
			"faces": {
				"down": { "uv": [ 5.5, 3, 7, 6 ], "texture": "#demoman" },
				"up": { "uv": [ 5.5, 3, 7, 6 ], "texture": "#demoman" },
				"north": { "uv": [ 5.5, 3, 7, 6 ], "texture": "#demoman" },
				"south": { "uv": [ 5.5, 3, 7, 6 ], "texture": "#demoman" },
				"west": { "uv": [ 5.5, 3, 7, 6 ], "texture": "#demoman" },
				"east": { "uv": [ 5.5, 3, 7, 6 ], "texture": "#demoman" }
			}
		},
		{
			"__comment": "Box73",
			"from": [ 0, 12, 8 ],
			"to": [ 1, 14, 9 ],
			"faces": {
				"down": { "uv": [ 0, 7, 1, 8 ], "texture": "#demoman" },
				"up": { "uv": [ 1, 0, 7, 0.5 ], "texture": "#demoman" },
				"north": { "uv": [ 15, 2, 16, 4 ], "texture": "#demoman" },
				"south": { "uv": [ 1, 0, 7, 0.5 ], "texture": "#demoman" },
				"west": { "uv": [ 1, 0, 7, 0.5 ], "texture": "#demoman" },
				"east": { "uv": [ 1, 0, 7, 0.5 ], "texture": "#demoman" }
			}
		},
		{
			"__comment": "Box74",
			"from": [ 0.5, 11.5, 8 ],
			"to": [ 1, 12, 9 ],
			"faces": {
				"down": { "uv": [ 0.5, 7, 1, 8 ], "texture": "#demoman" },
				"up": { "uv": [ 0.5, 8, 1, 9 ], "texture": "#demoman" },
				"north": { "uv": [ 15, 4, 15.5, 4.5 ], "texture": "#demoman" },
				"south": { "uv": [ 0.5, 4, 1, 4.5 ], "texture": "#demoman" },
				"west": { "uv": [ 0.5, 4, 1, 4.5 ], "texture": "#demoman" },
				"east": { "uv": [ 7, 4, 8, 4.5 ], "texture": "#demoman" }
			}
		},
		{
			"__comment": "Box75",
			"from": [ 0.5, 14, 8 ],
			"to": [ 1.5, 15.5, 9 ],
			"faces": {
				"down": { "uv": [ 0.5, 7, 1.5, 8 ], "texture": "#demoman" },
				"up": { "uv": [ 1, 0, 7, 0.5 ], "texture": "#demoman" },
				"north": { "uv": [ 14.5, 0.5, 15.5, 2 ], "texture": "#demoman" },
				"south": { "uv": [ 0.5, 0.5, 1.5, 2 ], "texture": "#demoman" },
				"west": { "uv": [ 1, 0, 7, 0.5 ], "texture": "#demoman" },
				"east": { "uv": [ 1, 0, 7, 0.5 ], "texture": "#demoman" }
			}
		},
		{
			"__comment": "Box76",
			"from": [ 1, 15.5, 8 ],
			"to": [ 7, 16, 9 ],
			"faces": {
				"down": { "uv": [ 1, 7, 7, 8 ], "texture": "#demoman" },
				"up": { "uv": [ 1, 0, 7, 0.5 ], "texture": "#demoman" },
				"north": { "uv": [ 9, 0, 15, 0.5 ], "texture": "#demoman" },
				"south": { "uv": [ 1, 0, 7, 0.5 ], "texture": "#demoman" },
				"west": { "uv": [ 1, 0, 7, 0.5 ], "texture": "#demoman" },
				"east": { "uv": [ 1, 0, 7, 0.5 ], "texture": "#demoman" }
			}
		},
		{
			"__comment": "Box77",
			"from": [ 6.5, 13, 8 ],
			"to": [ 7.5, 15.5, 9 ],
			"faces": {
				"down": { "uv": [ 6.5, 7, 7.5, 8 ], "texture": "#demoman" },
				"up": { "uv": [ 6.5, 0.5, 7.5, 3 ], "texture": "#demoman" },
				"north": { "uv": [ 8.5, 0.5, 9.5, 3 ], "texture": "#demoman" },
				"south": { "uv": [ 6.5, 0.5, 7.5, 3 ], "texture": "#demoman" },
				"west": { "uv": [ 8, 0.5, 9, 3 ], "texture": "#demoman" },
				"east": { "uv": [ 6.5, 0.5, 7.5, 3 ], "texture": "#demoman" }
			}
		},
		{
			"__comment": "Box78",
			"from": [ 7.5, 13.5, 8 ],
			"to": [ 8, 14, 9 ],
			"faces": {
				"down": { "uv": [ 7.5, 7, 8, 8 ], "texture": "#demoman" },
				"up": { "uv": [ 7.5, 8, 8, 9 ], "texture": "#demoman" },
				"north": { "uv": [ 8, 2, 8.5, 2.5 ], "texture": "#demoman" },
				"south": { "uv": [ 7.5, 2, 8, 2.5 ], "texture": "#demoman" },
				"west": { "uv": [ 8, 2, 9, 2.5 ], "texture": "#demoman" },
				"east": { "uv": [ 7, 2, 8, 2.5 ], "texture": "#demoman" }
			}
		},
		{
			"__comment": "Box79",
			"from": [ 1, 12, 8 ],
			"to": [ 2, 14, 9 ],
			"faces": {
				"down": { "uv": [ 1, 7, 2, 8 ], "texture": "#demoman" },
				"up": { "uv": [ 1, 8, 2, 9 ], "texture": "#demoman" },
				"north": { "uv": [ 14, 2, 15, 4 ], "texture": "#demoman" },
				"south": { "uv": [ 1, 2, 2, 4 ], "texture": "#demoman" },
				"west": { "uv": [ 8, 2, 9, 4 ], "texture": "#demoman" },
				"east": { "uv": [ 7, 2, 8, 4 ], "texture": "#demoman" }
			}
		},
		{
			"__comment": "Box80",
			"from": [ 1.5, 14, 8 ],
			"to": [ 2.5, 15.5, 9 ],
			"faces": {
				"down": { "uv": [ 1.5, 7, 2.5, 8 ], "texture": "#demoman" },
				"up": { "uv": [ 1.5, 8, 2.5, 9 ], "texture": "#demoman" },
				"north": { "uv": [ 13.5, 0.5, 14.5, 2 ], "texture": "#demoman" },
				"south": { "uv": [ 1.5, 0.5, 2.5, 2 ], "texture": "#demoman" },
				"west": { "uv": [ 8, 0.5, 9, 2 ], "texture": "#demoman" },
				"east": { "uv": [ 7, 0.5, 8, 2 ], "texture": "#demoman" }
			}
		},
		{
			"__comment": "Box81",
			"from": [ 2, 12, 8 ],
			"to": [ 3, 14, 9 ],
			"faces": {
				"down": { "uv": [ 2, 7, 3, 8 ], "texture": "#demoman" },
				"up": { "uv": [ 2, 8, 3, 9 ], "texture": "#demoman" },
				"north": { "uv": [ 13, 2, 14, 4 ], "texture": "#demoman" },
				"south": { "uv": [ 2, 2, 3, 4 ], "texture": "#demoman" },
				"west": { "uv": [ 8, 2, 9, 4 ], "texture": "#demoman" },
				"east": { "uv": [ 7, 2, 8, 4 ], "texture": "#demoman" }
			}
		},
		{
			"__comment": "Box82",
			"from": [ 2.5, 14, 8 ],
			"to": [ 3.5, 15.5, 9 ],
			"faces": {
				"down": { "uv": [ 2.5, 7, 3.5, 8 ], "texture": "#demoman" },
				"up": { "uv": [ 2.5, 8, 3.5, 9 ], "texture": "#demoman" },
				"north": { "uv": [ 12.5, 0.5, 13.5, 2 ], "texture": "#demoman" },
				"south": { "uv": [ 2.5, 0.5, 3.5, 2 ], "texture": "#demoman" },
				"west": { "uv": [ 8, 0.5, 9, 2 ], "texture": "#demoman" },
				"east": { "uv": [ 7, 0.5, 8, 2 ], "texture": "#demoman" }
			}
		},
		{
			"__comment": "Box83",
			"from": [ 2.5, 11.5, 8 ],
			"to": [ 4, 12, 9 ],
			"faces": {
				"down": { "uv": [ 2.5, 7, 4, 8 ], "texture": "#demoman" },
				"up": { "uv": [ 2.5, 8, 4, 9 ], "texture": "#demoman" },
				"north": { "uv": [ 12, 4, 13.5, 4.5 ], "texture": "#demoman" },
				"south": { "uv": [ 2.5, 4, 4, 4.5 ], "texture": "#demoman" },
				"west": { "uv": [ 8, 4, 9, 4.5 ], "texture": "#demoman" },
				"east": { "uv": [ 7, 4, 8, 4.5 ], "texture": "#demoman" }
			}
		},
		{
			"__comment": "Box84",
			"from": [ 4, 11, 8 ],
			"to": [ 4.5, 12, 9 ],
			"faces": {
				"down": { "uv": [ 4, 7, 4.5, 8 ], "texture": "#demoman" },
				"up": { "uv": [ 4, 8, 4.5, 9 ], "texture": "#demoman" },
				"north": { "uv": [ 11.5, 4, 12, 5 ], "texture": "#demoman" },
				"south": { "uv": [ 4, 4, 4.5, 5 ], "texture": "#demoman" },
				"west": { "uv": [ 8, 4, 9, 5 ], "texture": "#demoman" },
				"east": { "uv": [ 7, 4, 8, 5 ], "texture": "#demoman" }
			}
		},
		{
			"__comment": "Box85",
			"from": [ 3, 12, 8 ],
			"to": [ 5, 14, 9 ],
			"faces": {
				"down": { "uv": [ 3, 7, 5, 8 ], "texture": "#demoman" },
				"up": { "uv": [ 3, 8, 5, 9 ], "texture": "#demoman" },
				"north": { "uv": [ 11, 2, 13, 4 ], "texture": "#demoman" },
				"south": { "uv": [ 3, 2, 5, 4 ], "texture": "#demoman" },
				"west": { "uv": [ 8, 2, 9, 4 ], "texture": "#demoman" },
				"east": { "uv": [ 7, 2, 8, 4 ], "texture": "#demoman" }
			}
		},
		{
			"__comment": "Box86",
			"from": [ 3.5, 14, 8 ],
			"to": [ 6.5, 15.5, 9 ],
			"faces": {
				"down": { "uv": [ 3.5, 7, 6.5, 8 ], "texture": "#demoman" },
				"up": { "uv": [ 3.5, 8, 6.5, 9 ], "texture": "#demoman" },
				"north": { "uv": [ 9.5, 0.5, 12.5, 2 ], "texture": "#demoman" },
				"south": { "uv": [ 3.5, 0.5, 6.5, 2 ], "texture": "#demoman" },
				"west": { "uv": [ 8, 0.5, 9, 2 ], "texture": "#demoman" },
				"east": { "uv": [ 7, 0.5, 8, 2 ], "texture": "#demoman" }
			}
		},
		{
			"__comment": "Box87",
			"from": [ 5, 12.5, 8 ],
			"to": [ 5.5, 13, 9 ],
			"faces": {
				"down": { "uv": [ 5, 7, 5.5, 8 ], "texture": "#demoman" },
				"up": { "uv": [ 5, 8, 5.5, 9 ], "texture": "#demoman" },
				"north": { "uv": [ 10.5, 3, 11, 3.5 ], "texture": "#demoman" },
				"south": { "uv": [ 5, 3, 5.5, 3.5 ], "texture": "#demoman" },
				"west": { "uv": [ 8, 3, 9, 3.5 ], "texture": "#demoman" },
				"east": { "uv": [ 7, 3, 8, 3.5 ], "texture": "#demoman" }
			}
		},
		{
			"__comment": "Box88",
			"from": [ 5, 13, 8 ],
			"to": [ 6.5, 14, 9 ],
			"faces": {
				"down": { "uv": [ 5, 7, 6.5, 8 ], "texture": "#demoman" },
				"up": { "uv": [ 5, 8, 6.5, 9 ], "texture": "#demoman" },
				"north": { "uv": [ 9.5, 2, 11, 3 ], "texture": "#demoman" },
				"south": { "uv": [ 5, 2, 6.5, 3 ], "texture": "#demoman" },
				"west": { "uv": [ 8, 2, 9, 3 ], "texture": "#demoman" },
				"east": { "uv": [ 7, 2, 8, 3 ], "texture": "#demoman" }
			}
		},
		{
			"__comment": "Box89",
			"from": [ 1, 12.5, 9 ],
			"to": [ 7, 15, 9.5 ],
			"faces": {
				"down": { "uv": [ 1, 1, 7, 3.5 ], "texture": "#demoman" },
				"up": { "uv": [ 1, 1, 7, 3.5 ], "texture": "#demoman" },
				"north": { "uv": [ 1, 1, 7, 3.5 ], "texture": "#demoman" },
				"south": { "uv": [ 1, 1, 7, 3.5 ], "texture": "#demoman" },
				"west": { "uv": [ 1, 1, 7, 3.5 ], "texture": "#demoman" },
				"east": { "uv": [ 1, 1, 7, 3.5 ], "texture": "#demoman" }
			}
		},
		{
			"__comment": "Box90",
			"from": [ 1.5, 15, 9 ],
			"to": [ 6.5, 15.5, 9.5 ],
			"faces": {
				"down": { "uv": [ 1.5, 0.5, 6.5, 1 ], "texture": "#demoman" },
				"up": { "uv": [ 1.5, 0.5, 6.5, 1 ], "texture": "#demoman" },
				"north": { "uv": [ 1.5, 0.5, 6.5, 1 ], "texture": "#demoman" },
				"south": { "uv": [ 1.5, 0.5, 6.5, 1 ], "texture": "#demoman" },
				"west": { "uv": [ 1.5, 0.5, 6.5, 1 ], "texture": "#demoman" },
				"east": { "uv": [ 1.5, 0.5, 6.5, 1 ], "texture": "#demoman" }
			}
		},
		{
			"__comment": "Box91",
			"from": [ 7, 12.5, 1.5 ],
			"to": [ 7.5, 14, 7 ],
			"faces": {
				"down": { "uv": [ 0, 15.5, 7.5, 16 ], "texture": "#demoman" },
				"up": { "uv": [ 0, 14.5, 7.5, 15 ], "texture": "#demoman" },
				"north": { "uv": [ 0, 14.5, 7.5, 16 ], "texture": "#demoman" },
				"south": { "uv": [ 0, 14.5, 7.5, 16 ], "texture": "#demoman" },
				"west": { "uv": [ 0, 14.5, 7.5, 16 ], "texture": "#demoman" },
				"east": { "uv": [ 0, 14.5, 7.5, 16 ], "texture": "#demoman" }
			}
		},
		{
			"__comment": "Box91",
			"from": [ 0.5, 12.5, 1.5 ],
			"to": [ 1, 14, 7 ],
			"faces": {
				"down": { "uv": [ 0, 15.5, 7.5, 16 ], "texture": "#demoman" },
				"up": { "uv": [ 0, 14.5, 7.5, 15 ], "texture": "#demoman" },
				"north": { "uv": [ 0, 14.5, 7.5, 16 ], "texture": "#demoman" },
				"south": { "uv": [ 0, 14.5, 7.5, 16 ], "texture": "#demoman" },
				"west": { "uv": [ 0, 14.5, 7.5, 16 ], "texture": "#demoman" },
				"east": { "uv": [ 0, 14.5, 7.5, 16 ], "texture": "#demoman" }
			}
		},
		{
			"__comment": "Box91",
			"from": [ 7, 7.5, 1.5 ],
			"to": [ 7.5, 9, 7 ],
			"faces": {
				"down": { "uv": [ 0, 15.5, 7.5, 16 ], "texture": "#demoman" },
				"up": { "uv": [ 0, 14.5, 7.5, 15 ], "texture": "#demoman" },
				"north": { "uv": [ 0, 14.5, 7.5, 16 ], "texture": "#demoman" },
				"south": { "uv": [ 0, 14.5, 7.5, 16 ], "texture": "#demoman" },
				"west": { "uv": [ 0, 14.5, 7.5, 16 ], "texture": "#demoman" },
				"east": { "uv": [ 0, 14.5, 7.5, 16 ], "texture": "#demoman" }
			}
		},
		{
			"__comment": "Box91",
			"from": [ 0.5, 7.5, 1.5 ],
			"to": [ 1, 9, 7 ],
			"faces": {
				"down": { "uv": [ 0, 15.5, 7.5, 16 ], "texture": "#demoman" },
				"up": { "uv": [ 0, 14.5, 7.5, 15 ], "texture": "#demoman" },
				"north": { "uv": [ 0, 14.5, 7.5, 16 ], "texture": "#demoman" },
				"south": { "uv": [ 0, 14.5, 7.5, 16 ], "texture": "#demoman" },
				"west": { "uv": [ 0, 14.5, 7.5, 16 ], "texture": "#demoman" },
				"east": { "uv": [ 0, 14.5, 7.5, 16 ], "texture": "#demoman" }
			}
		},
		{
			"__comment": "Box91",
			"from": [ 1, 7.5, 1.5 ],
			"to": [ 7, 9, 2 ],
			"faces": {
				"down": { "uv": [ 0, 15.5, 7.5, 16 ], "texture": "#demoman", "rotation": 90 },
				"up": { "uv": [ 0, 14.5, 7.5, 15 ], "texture": "#demoman", "rotation": 270 },
				"north": { "uv": [ 0, 14.5, 7.5, 16 ], "texture": "#demoman" },
				"south": { "uv": [ 0, 14.5, 7.5, 16 ], "texture": "#demoman" },
				"west": { "uv": [ 0, 14.5, 7.5, 16 ], "texture": "#demoman" },
				"east": { "uv": [ 0, 14.5, 7.5, 16 ], "texture": "#demoman" }
			}
		},
		{
			"__comment": "Box91",
			"from": [ 1, 12.5, 1.5 ],
			"to": [ 7, 14, 2 ],
			"faces": {
				"down": { "uv": [ 0, 15.5, 7.5, 16 ], "texture": "#demoman", "rotation": 90 },
				"up": { "uv": [ 0, 14.5, 7.5, 15 ], "texture": "#demoman", "rotation": 270 },
				"north": { "uv": [ 0, 14.5, 7.5, 16 ], "texture": "#demoman" },
				"south": { "uv": [ 0, 14.5, 7.5, 16 ], "texture": "#demoman" },
				"west": { "uv": [ 0, 14.5, 7.5, 16 ], "texture": "#demoman" },
				"east": { "uv": [ 0, 14.5, 7.5, 16 ], "texture": "#demoman" }
			}
		}
	],
"display": {
    "head": {
        "rotation": [ 0, 180, 0 ],
        "translation": [ -5, -2.6, -3.7 ],
        "scale": [ 2.43, 2.27, 2.49 ]
    },
    "gui": {
        "rotation": [ -30, 135, 0 ],
        "translation": [ -4, -4.4, 0 ],
        "scale": [ 1.8, 1.8, 1 ]
    }
}
}