{
	"__comment": "Model generated using MrCrayfish's Model Creator (http://mrcrayfish.com/modelcreator/)",
	"textures": {
		"particle": "blocks/blocks/e_particle",
		"0": "blocks/e_texture",
		"-1": "items/portal_gun"
	},
	"elements": [
		{
			"from": [ 12, 3, 1.5 ],
			"to": [ 13, 8.5, 10.5 ],
			"faces": {
				"down": { "uv": [ 2.5, 6.5, 6.5, 4.5 ], "texture": "#-1" },
				"up": { "uv": [ 2.5, 6.5, 6.5, 4.5 ], "texture": "#-1" },
				"north": { "uv": [ 2.5, 6.5, 6.5, 4.5 ], "texture": "#-1" },
				"south": { "uv": [ 2.5, 6.5, 6.5, 4.5 ], "texture": "#-1" },
				"west": { "uv": [ 2.5, 6.5, 6.5, 4.5 ], "texture": "#-1" },
				"east": { "uv": [ 2.5, 6.5, 6.5, 4.5 ], "texture": "#-1" }
			}
		},
		{
			"from": [ 6.5, 8.5, 1.5 ],
			"to": [ 9, 9, 10.5 ],
			"faces": {
				"down": { "uv": [ 2.5, 6.5, 6.5, 4.5 ], "texture": "#-1" },
				"up": { "uv": [ 2.5, 6.5, 6.5, 4.5 ], "texture": "#-1" },
				"north": { "uv": [ 2.5, 6.5, 6.5, 4.5 ], "texture": "#-1" },
				"south": { "uv": [ 2.5, 6.5, 6.5, 4.5 ], "texture": "#-1" },
				"west": { "uv": [ 2.5, 6.5, 6.5, 4.5 ], "texture": "#-1" },
				"east": { "uv": [ 2.5, 6.5, 6.5, 4.5 ], "texture": "#-1" }
			}
		},
		{
			"from": [ 6, 3, 1.5 ],
			"to": [ 7, 8.5, 10.5 ],
			"faces": {
				"down": { "uv": [ 2.5, 6.5, 6.5, 4.5 ], "texture": "#-1" },
				"up": { "uv": [ 2.5, 6.5, 6.5, 4.5 ], "texture": "#-1" },
				"north": { "uv": [ 2.5, 6.5, 6.5, 4.5 ], "texture": "#-1" },
				"south": { "uv": [ 2.5, 6.5, 6.5, 4.5 ], "texture": "#-1" },
				"west": { "uv": [ 2.5, 6.5, 6.5, 4.5 ], "texture": "#-1" },
				"east": { "uv": [ 2.5, 6.5, 6.5, 4.5 ], "texture": "#-1" }
			}
		},
		{
			"from": [ 10, 8.5, 1.5 ],
			"to": [ 12.5, 9, 10.5 ],
			"faces": {
				"down": { "uv": [ 0, 2, 5.5, 7.5 ], "texture": "#-1" },
				"up": { "uv": [ 4, 0.5, 5.5, 6.5 ], "texture": "#-1" },
				"north": { "uv": [ 2.5, 3, 5.5, 4 ], "texture": "#-1" },
				"south": { "uv": [ 1.5, 2.5, 6.5, 6.5 ], "texture": "#-1" },
				"west": { "uv": [ 1.5, 6.5, 7, 1.5 ], "texture": "#-1" },
				"east": { "uv": [ 2.5, 6.5, 6.5, 4.5 ], "texture": "#-1" }
			}
		},
		{
			"from": [ 13, 3.5, 1.5 ],
			"to": [ 13.5, 8.5, 10.5 ],
			"faces": {
				"down": { "uv": [ 2.5, 6.5, 6.5, 4.5 ], "texture": "#-1" },
				"up": { "uv": [ 2.5, 6.5, 6.5, 4.5 ], "texture": "#-1" },
				"north": { "uv": [ 2.5, 6.5, 6.5, 4.5 ], "texture": "#-1" },
				"south": { "uv": [ 2.5, 6.5, 6.5, 4.5 ], "texture": "#-1" },
				"west": { "uv": [ 2.5, 6.5, 6.5, 4.5 ], "texture": "#-1" },
				"east": { "uv": [ 2.5, 6.5, 6.5, 4.5 ], "texture": "#-1" }
			}
		},
		{
			"from": [ 5.5, 3.5, 1.5 ],
			"to": [ 6, 8.5, 10.5 ],
			"faces": {
				"down": { "uv": [ 2.5, 6.5, 6.5, 4.5 ], "texture": "#-1" },
				"up": { "uv": [ 2.5, 6.5, 6.5, 4.5 ], "texture": "#-1" },
				"north": { "uv": [ 2.5, 6.5, 6.5, 4.5 ], "texture": "#-1" },
				"south": { "uv": [ 2.5, 6.5, 6.5, 4.5 ], "texture": "#-1" },
				"west": { "uv": [ 2.5, 6.5, 6.5, 4.5 ], "texture": "#-1" },
				"east": { "uv": [ 2.5, 6.5, 6.5, 4.5 ], "texture": "#-1" }
			}
		},
		{
			"from": [ 7, 3.5, 1 ],
			"to": [ 8, 8.5, 1.5 ],
			"faces": {
				"down": { "uv": [ 2.5, 6.5, 6.5, 4.5 ], "texture": "#-1" },
				"up": { "uv": [ 2.5, 6.5, 6.5, 4.5 ], "texture": "#-1" },
				"north": { "uv": [ 2.5, 6.5, 6.5, 4.5 ], "texture": "#-1" },
				"south": { "uv": [ 2.5, 6.5, 6.5, 4.5 ], "texture": "#-1" },
				"west": { "uv": [ 2.5, 6.5, 6.5, 4.5 ], "texture": "#-1" },
				"east": { "uv": [ 2.5, 6.5, 6.5, 4.5 ], "texture": "#-1" }
			}
		},
		{
			"from": [ 11, 3.5, 1 ],
			"to": [ 12, 8.5, 1.5 ],
			"faces": {
				"down": { "uv": [ 2.5, 6.5, 6.5, 4.5 ], "texture": "#-1" },
				"up": { "uv": [ 2.5, 6.5, 6.5, 4.5 ], "texture": "#-1" },
				"north": { "uv": [ 2.5, 6.5, 6.5, 4.5 ], "texture": "#-1" },
				"south": { "uv": [ 2.5, 6.5, 6.5, 4.5 ], "texture": "#-1" },
				"west": { "uv": [ 2.5, 6.5, 6.5, 4.5 ], "texture": "#-1" },
				"east": { "uv": [ 2.5, 6.5, 6.5, 4.5 ], "texture": "#-1" }
			}
		},
		{
			"from": [ 8, 7.5, 1 ],
			"to": [ 11, 8.5, 1.5 ],
			"faces": {
				"down": { "uv": [ 2.5, 6.5, 6.5, 4.5 ], "texture": "#-1" },
				"up": { "uv": [ 2.5, 6.5, 6.5, 4.5 ], "texture": "#-1" },
				"north": { "uv": [ 2.5, 6.5, 6.5, 4.5 ], "texture": "#-1" },
				"south": { "uv": [ 2.5, 6.5, 6.5, 4.5 ], "texture": "#-1" },
				"west": { "uv": [ 2.5, 6.5, 6.5, 4.5 ], "texture": "#-1" },
				"east": { "uv": [ 2.5, 6.5, 6.5, 4.5 ], "texture": "#-1" }
			}
		},
		{
			"from": [ 8, 3.5, 1 ],
			"to": [ 11, 4.5, 1.5 ],
			"faces": {
				"down": { "uv": [ 2.5, 6.5, 6.5, 4.5 ], "texture": "#-1" },
				"up": { "uv": [ 2.5, 6.5, 6.5, 4.5 ], "texture": "#-1" },
				"north": { "uv": [ 2.5, 6.5, 6.5, 4.5 ], "texture": "#-1" },
				"south": { "uv": [ 2.5, 6.5, 6.5, 4.5 ], "texture": "#-1" },
				"west": { "uv": [ 2.5, 6.5, 6.5, 4.5 ], "texture": "#-1" },
				"east": { "uv": [ 2.5, 6.5, 6.5, 4.5 ], "texture": "#-1" }
			}
		},
		{
			"from": [ 9, 8.5, 5.5 ],
			"to": [ 10, 9, 6.5 ],
			"faces": {
				"down": { "uv": [ 11.5, 12.5, 12.5, 13.5 ], "texture": "#-1" },
				"up": { "uv": [ 12, 11.5, 13, 12.5 ], "texture": "#-1" },
				"north": { "uv": [ 12, 12, 13, 13 ], "texture": "#-1" },
				"south": { "uv": [ 11.5, 10.5, 12.5, 11.5 ], "texture": "#-1" },
				"west": { "uv": [ 10.5, 11.5, 11.5, 12.5 ], "texture": "#-1" },
				"east": { "uv": [ 11, 11.5, 12, 12.5 ], "texture": "#-1" }
			}
		},
		{
			"from": [ 8.5, 8, 2 ],
			"to": [ 10.5, 8.5, 10 ],
			"faces": {
				"down": { "uv": [ 11.5, 10.5, 13, 14.5 ], "texture": "#-1" },
				"up": { "uv": [ 9.5, 10.5, 12, 13 ], "texture": "#-1" },
				"north": { "uv": [ 10, 10, 12, 10.5 ], "texture": "#-1" },
				"south": { "uv": [ 10, 11.5, 12, 12 ], "texture": "#-1" },
				"west": { "uv": [ 12, 11.5, 15.5, 12.5 ], "texture": "#-1" },
				"east": { "uv": [ 2.5, 7.5, 14.5, 8 ], "texture": "#-1" }
			}
		},
		{
			"from": [ 8, 4.5, -3 ],
			"to": [ 11, 5, 2 ],
			"faces": {
				"down": { "uv": [ 1, 12.5, 4, 14.5 ], "texture": "#-1" },
				"up": { "uv": [ 1.5, 9.5, 4.5, 11.5 ], "texture": "#-1" },
				"north": { "uv": [ 2, 10, 4.5, 13 ], "texture": "#-1" },
				"south": { "uv": [ 1, 11, 5, 14 ], "texture": "#-1" },
				"west": { "uv": [ 0.5, 11, 5.5, 14 ], "texture": "#-1" },
				"east": { "uv": [ 1.5, 10, 6.5, 14 ], "texture": "#-1" }
			}
		},
		{
			"from": [ 8, 7, -3 ],
			"to": [ 11, 7.5, 1.5 ],
			"faces": {
				"down": { "uv": [ 4, 14, 7, 15 ], "texture": "#-1" },
				"up": { "uv": [ 0, 8, 8, 16 ], "texture": "#-1" },
				"north": { "uv": [ 4.5, 11, 7.5, 11.5 ], "texture": "#-1" },
				"south": { "uv": [ 8, 11, 11, 11.5 ], "texture": "#-1" },
				"west": { "uv": [ 0, 11, 1, 11.5 ], "texture": "#-1" },
				"east": { "uv": [ 4.5, 11, 5.5, 11.5 ], "texture": "#-1" }
			}
		},
		{
			"from": [ 8, 5, -3 ],
			"to": [ 8.5, 7, 1 ],
			"faces": {
				"down": { "uv": [ 6.5, 11.5, 7.5, 12 ], "texture": "#-1", "rotation": 90 },
				"up": { "uv": [ 1, 8.5, 4.5, 14 ], "texture": "#-1", "rotation": 270 },
				"north": { "uv": [ 4, 11, 7, 11.5 ], "texture": "#-1", "rotation": 270 },
				"south": { "uv": [ 4, 11, 7, 11.5 ], "texture": "#-1", "rotation": 90 },
				"west": { "uv": [ 0, 8, 8, 16 ], "texture": "#-1", "rotation": 90 },
				"east": { "uv": [ 5.5, 12.5, 2.5, 11.5 ], "texture": "#-1", "rotation": 270 }
			}
		},
		{
			"from": [ 10.5, 5, -3 ],
			"to": [ 11, 7, 1 ],
			"faces": {
				"down": { "uv": [ 15, 11, 16, 11.5 ], "texture": "#-1", "rotation": 90 },
				"up": { "uv": [ 1, 11.5, 0, 11 ], "texture": "#-1", "rotation": 270 },
				"north": { "uv": [ 5, 11, 8, 11.5 ], "texture": "#-1", "rotation": 270 },
				"south": { "uv": [ 8, 11, 11, 11.5 ], "texture": "#-1", "rotation": 90 },
				"west": { "uv": [ 4, 13, 7, 14 ], "texture": "#-1", "rotation": 90 },
				"east": { "uv": [ 0, 16, 8, 8 ], "texture": "#-1", "rotation": 270 }
			}
		},
		{
			"from": [ 7.8, 4.3, -4 ],
			"to": [ 11.3, 7.8, -3 ],
			"faces": {
				"down": { "uv": [ 11, 3, 14.5, 4 ], "texture": "#-1" },
				"up": { "uv": [ 12, 2, 15.5, 3 ], "texture": "#-1" },
				"north": { "uv": [ 9.5, 3, 13, 6.5 ], "texture": "#-1" },
				"south": { "uv": [ 11.5, 2, 15, 5.5 ], "texture": "#-1" },
				"west": { "uv": [ 12, 3, 13, 6.5 ], "texture": "#-1" },
				"east": { "uv": [ 9.5, 0, 12, 5.5 ], "texture": "#-1" }
			}
		},
		{
			"from": [ 8, 4.5, -4.5 ],
			"to": [ 11, 7.5, -4 ],
			"faces": {
				"down": { "uv": [ 12.5, 3.5, 15.5, 4 ], "texture": "#-1" },
				"up": { "uv": [ 11, 4.5, 14, 5 ], "texture": "#-1" },
				"north": { "uv": [ 12, 2, 15, 5 ], "texture": "#-1" },
				"south": { "uv": [ 12, 2, 15, 5 ], "texture": "#-1" },
				"west": { "uv": [ 12.5, 1.5, 13, 4.5 ], "texture": "#-1" },
				"east": { "uv": [ 12, 3, 12.5, 6 ], "texture": "#-1" }
			}
		},
		{
			"from": [ 8.5, 5, -5.5 ],
			"to": [ 10.5, 7, -3.5 ],
			"faces": {
				"down": { "uv": [ 12.5, 3, 15, 5 ], "texture": "#-1" },
				"up": { "uv": [ 12.5, 3, 15, 5 ], "texture": "#-1" },
				"north": { "uv": [ 12.5, 3, 15, 5 ], "texture": "#-1" },
				"south": { "uv": [ 12.5, 3, 15, 5 ], "texture": "#-1" },
				"west": { "uv": [ 12.5, 3, 15, 5 ], "texture": "#-1" },
				"east": { "uv": [ 12.5, 3, 15, 5 ], "texture": "#-1" }
			}
		},
		{
			"__comment": "Cube20",
			"from": [ 7.5, 4, -5 ],
			"to": [ 8.5, 6, -1.5 ],
			"faces": {
				"down": { "uv": [ 2.5, 6.5, 6.5, 4.5 ], "texture": "#-1" },
				"up": { "uv": [ 2.5, 6.5, 6.5, 4.5 ], "texture": "#-1" },
				"north": { "uv": [ 2.5, 6.5, 6.5, 4.5 ], "texture": "#-1" },
				"south": { "uv": [ 2.5, 6.5, 6.5, 4.5 ], "texture": "#-1" },
				"west": { "uv": [ 2.5, 6.5, 6.5, 4.5 ], "texture": "#-1" },
				"east": { "uv": [ 2.5, 6.5, 6.5, 4.5 ], "texture": "#-1" }
			}
		},
		{
			"__comment": "Cube20",
			"from": [ 10.5, 4, -5 ],
			"to": [ 11.5, 6, -1.5 ],
			"faces": {
				"down": { "uv": [ 1, 1, 6, 7 ], "texture": "#-1" },
				"up": { "uv": [ 1.5, 1, 5.5, 7 ], "texture": "#-1" },
				"north": { "uv": [ 1, 1.5, 6, 7.5 ], "texture": "#-1" },
				"south": { "uv": [ 3, 2, 5.5, 5.5 ], "texture": "#-1" },
				"west": { "uv": [ 2.5, 3, 5, 7 ], "texture": "#-1" },
				"east": { "uv": [ 3, 3.5, 3.5, 6 ], "texture": "#-1" }
			}
		},
		{
			"__comment": "Cube22",
			"from": [ 7.5, 3, -5 ],
			"to": [ 11.5, 4, -1.5 ],
			"faces": {
				"down": { "uv": [ 2.5, 6.5, 6.5, 4.5 ], "texture": "#-1" },
				"up": { "uv": [ 2.5, 6.5, 6.5, 4.5 ], "texture": "#-1" },
				"north": { "uv": [ 2.5, 6.5, 6.5, 4.5 ], "texture": "#-1" },
				"south": { "uv": [ 2.5, 6.5, 6.5, 4.5 ], "texture": "#-1" },
				"west": { "uv": [ 2.5, 6.5, 6.5, 4.5 ], "texture": "#-1" },
				"east": { "uv": [ 2.5, 6.5, 6.5, 4.5 ], "texture": "#-1" }
			}
		},
		{
			"__comment": "Cube23",
			"from": [ 5.5, 4, -4 ],
			"to": [ 6, 4.5, -1 ],
			"rotation": { "origin": [ 5.5, 4, -4 ], "axis": "y", "angle": 45 },
			"faces": {
				"down": { "uv": [ 15, 6, 15.5, 7.5 ], "texture": "#-1" },
				"up": { "uv": [ 15, 6, 15.5, 7.5 ], "texture": "#-1" },
				"north": { "uv": [ 15, 6, 15.5, 7.5 ], "texture": "#-1" },
				"south": { "uv": [ 15, 6, 15.5, 7.5 ], "texture": "#-1" },
				"west": { "uv": [ 15, 6, 15.5, 7.5 ], "texture": "#-1" },
				"east": { "uv": [ 15, 6, 15.5, 7.5 ], "texture": "#-1" }
			}
		},
		{
			"__comment": "Cube23",
			"from": [ 6.7613, 4, -6.8918 ],
			"to": [ 7.2613, 4.5, -3.8918 ],
			"rotation": { "origin": [ 6.5, 4, -7 ], "axis": "y", "angle": -22.5 },
			"faces": {
				"down": { "uv": [ 15, 6, 15.5, 7.5 ], "texture": "#-1" },
				"up": { "uv": [ 15, 6, 15.5, 7.5 ], "texture": "#-1" },
				"north": { "uv": [ 15, 6, 15.5, 7.5 ], "texture": "#-1" },
				"south": { "uv": [ 15, 6, 15.5, 7.5 ], "texture": "#-1" },
				"west": { "uv": [ 15, 6, 15.5, 7.5 ], "texture": "#-1" },
				"east": { "uv": [ 15, 6, 15.5, 7.5 ], "texture": "#-1" }
			}
		},
		{
			"__comment": "Cube23",
			"from": [ 13.5, 4, -4.5 ],
			"to": [ 14, 4.5, -1.5 ],
			"rotation": { "origin": [ 13.5, 4, -4.5 ], "axis": "y", "angle": -45 },
			"faces": {
				"down": { "uv": [ 15, 6, 15.5, 7.5 ], "texture": "#-1" },
				"up": { "uv": [ 15, 6, 15.5, 7.5 ], "texture": "#-1" },
				"north": { "uv": [ 15, 6, 15.5, 7.5 ], "texture": "#-1" },
				"south": { "uv": [ 15, 6, 15.5, 7.5 ], "texture": "#-1" },
				"west": { "uv": [ 15, 6, 15.5, 7.5 ], "texture": "#-1" },
				"east": { "uv": [ 15, 6, 15.5, 7.5 ], "texture": "#-1" }
			}
		},
		{
			"__comment": "Cube23",
			"from": [ 12.231, 4, -6.8733 ],
			"to": [ 12.731, 4.5, -3.8733 ],
			"rotation": { "origin": [ 12.5, 4, -7 ], "axis": "y", "angle": 22.5 },
			"faces": {
				"down": { "uv": [ 15, 6, 15.5, 7.5 ], "texture": "#-1" },
				"up": { "uv": [ 15, 6, 15.5, 7.5 ], "texture": "#-1" },
				"north": { "uv": [ 15, 6, 15.5, 7.5 ], "texture": "#-1" },
				"south": { "uv": [ 15, 6, 15.5, 7.5 ], "texture": "#-1" },
				"west": { "uv": [ 15, 6, 15.5, 7.5 ], "texture": "#-1" },
				"east": { "uv": [ 15, 6, 15.5, 7.5 ], "texture": "#-1" }
			}
		},
		{
			"__comment": "Cube28",
			"from": [ 9.5, 8.5, -6 ],
			"to": [ 10, 9, -3.5 ],
			"rotation": { "origin": [ 9.5, 8.5, -6 ], "axis": "x", "angle": 22.5 },
			"faces": {
				"down": { "uv": [ 15, 6, 15.5, 7.5 ], "texture": "#-1" },
				"up": { "uv": [ 15, 6, 15.5, 7.5 ], "texture": "#-1" },
				"north": { "uv": [ 15, 6, 15.5, 7.5 ], "texture": "#-1" },
				"south": { "uv": [ 15, 6, 15.5, 7.5 ], "texture": "#-1" },
				"west": { "uv": [ 15, 6, 15.5, 7.5 ], "texture": "#-1" },
				"east": { "uv": [ 15, 6, 15.5, 7.5 ], "texture": "#-1" }
			}
		},
		{
			"__comment": "Cube28",
			"from": [ 9.5, 7.491, -7.8738 ],
			"to": [ 10, 7.991, -5.3738 ],
			"rotation": { "origin": [ 9.5, 7.5, -8 ], "axis": "x", "angle": -22.5 },
			"faces": {
				"down": { "uv": [ 15, 6, 15.5, 7.5 ], "texture": "#-1" },
				"up": { "uv": [ 15, 6, 15.5, 7.5 ], "texture": "#-1" },
				"north": { "uv": [ 15, 6, 15.5, 7.5 ], "texture": "#-1" },
				"south": { "uv": [ 15, 6, 15.5, 7.5 ], "texture": "#-1" },
				"west": { "uv": [ 15, 6, 15.5, 7.5 ], "texture": "#-1" },
				"east": { "uv": [ 15, 6, 15.5, 7.5 ], "texture": "#-1" }
			}
		},
		{
			"__comment": "Cube30",
			"from": [ 9, 5.5, -3 ],
			"to": [ 10, 6.5, 1.5 ],
			"faces": {
				"down": { "uv": [ 10, 14, 11, 15.5 ], "texture": "#-1" },
				"up": { "uv": [ 11.5, 11, 12.5, 12.5 ], "texture": "#-1" },
				"north": { "uv": [ 10, 10, 11, 11 ], "texture": "#-1" },
				"south": { "uv": [ 9, 9.5, 10, 10.5 ], "texture": "#-1" },
				"west": { "uv": [ 9.5, 11, 11, 12 ], "texture": "#-1" },
				"east": { "uv": [ 12.5, 10.5, 14, 11.5 ], "texture": "#-1" }
			}
		},
		{
			"__comment": "Cube30",
			"from": [ 8.5, 4.5, 9 ],
			"to": [ 10.5, 8, 10 ],
			"rotation": { "origin": [ 8.5, 4.5, 9 ], "axis": "x", "angle": -22.5 },
			"faces": {
				"down": { "uv": [ 12.5, 3, 15, 5 ], "texture": "#-1" },
				"up": { "uv": [ 12.5, 3, 15, 5 ], "texture": "#-1" },
				"north": { "uv": [ 12.5, 3, 15, 5 ], "texture": "#-1" },
				"south": { "uv": [ 12.5, 3, 15, 5 ], "texture": "#-1" },
				"west": { "uv": [ 12.5, 3, 15, 5 ], "texture": "#-1" },
				"east": { "uv": [ 12.5, 3, 15, 5 ], "texture": "#-1" }
			}
		},
		{
			"__comment": "Cube31",
			"from": [ 6.5, 3.5, 1.6 ],
			"to": [ 12.5, 8, 5.6 ],
			"faces": {
				"down": { "uv": [ 12.5, 3, 15, 5 ], "texture": "#-1" },
				"up": { "uv": [ 12.5, 3, 15, 5 ], "texture": "#-1" },
				"north": { "uv": [ 12.5, 3, 15, 5 ], "texture": "#-1" },
				"south": { "uv": [ 12.5, 3, 15, 5 ], "texture": "#-1" },
				"west": { "uv": [ 12.5, 3, 15, 5 ], "texture": "#-1" },
				"east": { "uv": [ 12.5, 3, 15, 5 ], "texture": "#-1" }
			}
		},
		{
			"from": [ 9, 8.5, 10 ],
			"to": [ 10, 9, 10.5 ],
			"faces": {
				"down": { "uv": [ 2.5, 6.5, 6.5, 4.5 ], "texture": "#-1" },
				"up": { "uv": [ 2.5, 6.5, 6.5, 4.5 ], "texture": "#-1" },
				"north": { "uv": [ 2.5, 6.5, 6.5, 4.5 ], "texture": "#-1" },
				"south": { "uv": [ 2.5, 6.5, 6.5, 4.5 ], "texture": "#-1" },
				"west": { "uv": [ 2.5, 6.5, 6.5, 4.5 ], "texture": "#-1" },
				"east": { "uv": [ 2.5, 6.5, 6.5, 4.5 ], "texture": "#-1" }
			}
		},
		{
			"__comment": "Cube33",
			"from": [ 8, 4, -1.5 ],
			"to": [ 11, 4.5, 1 ],
			"faces": {
				"down": { "uv": [ 12.5, 2.5, 9.5, 1.5 ], "texture": "#-1", "rotation": 270 },
				"up": { "uv": [ 12.5, 2.5, 9.5, 1.5 ], "texture": "#-1", "rotation": 270 },
				"north": { "uv": [ 12.5, 2.5, 9.5, 1.5 ], "texture": "#-1", "rotation": 270 },
				"south": { "uv": [ 12.5, 2.5, 9.5, 1.5 ], "texture": "#-1", "rotation": 270 },
				"west": { "uv": [ 12.5, 2.5, 9.5, 1.5 ], "texture": "#-1", "rotation": 270 },
				"east": { "uv": [ 12.5, 2.5, 9.5, 1.5 ], "texture": "#-1", "rotation": 270 }
			}
		},
		{
			"__comment": "Cube33",
			"from": [ 7.5, 4, -1.5 ],
			"to": [ 8, 5.5, 1 ],
			"faces": {
				"down": { "uv": [ 12.5, 2.5, 9.5, 1.5 ], "texture": "#-1", "rotation": 270 },
				"up": { "uv": [ 12.5, 2.5, 9.5, 1.5 ], "texture": "#-1", "rotation": 270 },
				"north": { "uv": [ 12.5, 2.5, 9.5, 1.5 ], "texture": "#-1", "rotation": 270 },
				"south": { "uv": [ 12.5, 2.5, 9.5, 1.5 ], "texture": "#-1", "rotation": 270 },
				"west": { "uv": [ 12.5, 2.5, 9.5, 1.5 ], "texture": "#-1", "rotation": 270 },
				"east": { "uv": [ 12.5, 2.5, 9.5, 1.5 ], "texture": "#-1", "rotation": 270 }
			}
		},
		{
			"__comment": "Cube33",
			"from": [ 11, 4, -1.5 ],
			"to": [ 11.5, 5.5, 1 ],
			"faces": {
				"down": { "uv": [ 12.5, 2.5, 9.5, 1.5 ], "texture": "#-1", "rotation": 270 },
				"up": { "uv": [ 12.5, 2.5, 9.5, 1.5 ], "texture": "#-1", "rotation": 270 },
				"north": { "uv": [ 12.5, 2.5, 9.5, 1.5 ], "texture": "#-1", "rotation": 270 },
				"south": { "uv": [ 12.5, 2.5, 9.5, 1.5 ], "texture": "#-1", "rotation": 270 },
				"west": { "uv": [ 12.5, 2.5, 9.5, 1.5 ], "texture": "#-1", "rotation": 270 },
				"east": { "uv": [ 12.5, 2.5, 9.5, 1.5 ], "texture": "#-1", "rotation": 270 }
			}
		},
		{
			"__comment": "Cube23",
			"from": [ 7, 3.8, -2.7 ],
			"to": [ 8, 4.8, -1.7 ],
			"faces": {
				"down": { "uv": [ 12.5, 3, 15, 5 ], "texture": "#-1" },
				"up": { "uv": [ 12.5, 3, 15, 5 ], "texture": "#-1" },
				"north": { "uv": [ 12.5, 3, 15, 5 ], "texture": "#-1" },
				"south": { "uv": [ 12.5, 3, 15, 5 ], "texture": "#-1" },
				"west": { "uv": [ 12.5, 3, 15, 5 ], "texture": "#-1" },
				"east": { "uv": [ 12.5, 3, 15, 5 ], "texture": "#-1" }
			}
		},
		{
			"__comment": "Cube23",
			"from": [ 11, 3.8, -2.7 ],
			"to": [ 12, 4.8, -1.7 ],
			"faces": {
				"down": { "uv": [ 12.5, 3, 15, 5 ], "texture": "#-1" },
				"up": { "uv": [ 12.5, 3, 15, 5 ], "texture": "#-1" },
				"north": { "uv": [ 12.5, 3, 15, 5 ], "texture": "#-1" },
				"south": { "uv": [ 12.5, 3, 15, 5 ], "texture": "#-1" },
				"west": { "uv": [ 12.5, 3, 15, 5 ], "texture": "#-1" },
				"east": { "uv": [ 12.5, 3, 15, 5 ], "texture": "#-1" }
			}
		},
		{
			"__comment": "Cube23",
			"from": [ 9, 7.3, -4 ],
			"to": [ 10, 8.299999, -3 ],
			"faces": {
				"down": { "uv": [ 12.5, 3, 15, 5 ], "texture": "#-1" },
				"up": { "uv": [ 12.5, 3, 15, 5 ], "texture": "#-1" },
				"north": { "uv": [ 12.5, 3, 15, 5 ], "texture": "#-1" },
				"south": { "uv": [ 12.5, 3, 15, 5 ], "texture": "#-1" },
				"west": { "uv": [ 12.5, 3, 15, 5 ], "texture": "#-1" },
				"east": { "uv": [ 12.5, 3, 15, 5 ], "texture": "#-1" }
			}
		},
		{
			"__comment": "Cube23",
			"from": [ 7.4332, 4, -2.491 ],
			"to": [ 7.9332, 4.5, 0.5090001 ],
			"rotation": { "origin": [ 7, 4, -2.5 ], "axis": "y", "angle": -45 },
			"faces": {
				"down": { "uv": [ 15, 6, 15.5, 7.5 ], "texture": "#-1" },
				"up": { "uv": [ 15, 6, 15.5, 7.5 ], "texture": "#-1" },
				"north": { "uv": [ 15, 6, 15.5, 7.5 ], "texture": "#-1" },
				"south": { "uv": [ 15, 6, 15.5, 7.5 ], "texture": "#-1" },
				"west": { "uv": [ 15, 6, 15.5, 7.5 ], "texture": "#-1" },
				"east": { "uv": [ 15, 6, 15.5, 7.5 ], "texture": "#-1" }
			}
		},
		{
			"from": [ 5, 3.9, 2.5 ],
			"to": [ 6, 5, 3.5 ],
			"faces": {
				"down": { "uv": [ 0, 2, 5.5, 7.5 ], "texture": "#-1" },
				"up": { "uv": [ 4, 0.5, 5.5, 6.5 ], "texture": "#-1" },
				"north": { "uv": [ 2.5, 3, 5.5, 4 ], "texture": "#-1" },
				"south": { "uv": [ 1.5, 2.5, 6.5, 6.5 ], "texture": "#-1" },
				"west": { "uv": [ 1.5, 6.5, 7, 1.5 ], "texture": "#-1" },
				"east": { "uv": [ 2.5, 6.5, 6.5, 4.5 ], "texture": "#-1" }
			}
		},
		{
			"from": [ 13, 3.89, 2.5 ],
			"to": [ 14, 4.99, 3.5 ],
			"faces": {
				"down": { "uv": [ 0, 2, 5.5, 7.5 ], "texture": "#-1" },
				"up": { "uv": [ 4, 0.5, 5.5, 6.5 ], "texture": "#-1" },
				"north": { "uv": [ 2.5, 3, 5.5, 4 ], "texture": "#-1" },
				"south": { "uv": [ 1.5, 2.5, 6.5, 6.5 ], "texture": "#-1" },
				"west": { "uv": [ 1.5, 6.5, 7, 1.5 ], "texture": "#-1" },
				"east": { "uv": [ 2.5, 6.5, 6.5, 4.5 ], "texture": "#-1" }
			}
		},
		{
			"from": [ 9, 8.5, 1 ],
			"to": [ 10, 9, 2 ],
			"faces": {
				"down": { "uv": [ 0, 2, 5.5, 7.5 ], "texture": "#-1" },
				"up": { "uv": [ 4, 0.5, 5.5, 6.5 ], "texture": "#-1" },
				"north": { "uv": [ 2.5, 3, 5.5, 4 ], "texture": "#-1" },
				"south": { "uv": [ 1.5, 2.5, 6.5, 6.5 ], "texture": "#-1" },
				"west": { "uv": [ 1.5, 6.5, 7, 1.5 ], "texture": "#-1" },
				"east": { "uv": [ 2.5, 6.5, 6.5, 4.5 ], "texture": "#-1" }
			}
		},
		{
			"__comment": "Cube23",
			"from": [ 5.5688, 4, -0.2898 ],
			"to": [ 6.0688, 4.5, 1.2102 ],
			"rotation": { "origin": [ 5.5, 4, -0.5 ], "axis": "y", "angle": -45 },
			"faces": {
				"down": { "uv": [ 15, 6, 15.5, 7.5 ], "texture": "#-1" },
				"up": { "uv": [ 15, 6, 15.5, 7.5 ], "texture": "#-1" },
				"north": { "uv": [ 15, 6, 15.5, 7.5 ], "texture": "#-1" },
				"south": { "uv": [ 15, 6, 15.5, 7.5 ], "texture": "#-1" },
				"west": { "uv": [ 15, 6, 15.5, 7.5 ], "texture": "#-1" },
				"east": { "uv": [ 15, 6, 15.5, 7.5 ], "texture": "#-1" }
			}
		},
		{
			"__comment": "Cube23",
			"from": [ 4.3, 4, 0.7 ],
			"to": [ 4.8, 4.5, 2.2 ],
			"faces": {
				"down": { "uv": [ 15, 6, 15.5, 7.5 ], "texture": "#-1" },
				"up": { "uv": [ 15, 6, 15.5, 7.5 ], "texture": "#-1" },
				"north": { "uv": [ 15, 6, 15.5, 7.5 ], "texture": "#-1" },
				"south": { "uv": [ 15, 6, 15.5, 7.5 ], "texture": "#-1" },
				"west": { "uv": [ 15, 6, 15.5, 7.5 ], "texture": "#-1" },
				"east": { "uv": [ 15, 6, 15.5, 7.5 ], "texture": "#-1" }
			}
		},
		{
			"__comment": "Cube23",
			"from": [ 4.2454, 4, 2.5336 ],
			"to": [ 4.7454, 4.5, 4.0336 ],
			"rotation": { "origin": [ 4, 4, 2.5 ], "axis": "y", "angle": 45 },
			"faces": {
				"down": { "uv": [ 15, 6, 15.5, 7.5 ], "texture": "#-1" },
				"up": { "uv": [ 15, 6, 15.5, 7.5 ], "texture": "#-1" },
				"north": { "uv": [ 15, 6, 15.5, 7.5 ], "texture": "#-1" },
				"south": { "uv": [ 15, 6, 15.5, 7.5 ], "texture": "#-1" },
				"west": { "uv": [ 15, 6, 15.5, 7.5 ], "texture": "#-1" },
				"east": { "uv": [ 15, 6, 15.5, 7.5 ], "texture": "#-1" }
			}
		},
		{
			"__comment": "Cube23",
			"from": [ 14.3, 4, 0.7 ],
			"to": [ 14.8, 4.5, 2.2 ],
			"faces": {
				"down": { "uv": [ 15, 6, 15.5, 7.5 ], "texture": "#-1" },
				"up": { "uv": [ 15, 6, 15.5, 7.5 ], "texture": "#-1" },
				"north": { "uv": [ 15, 6, 15.5, 7.5 ], "texture": "#-1" },
				"south": { "uv": [ 15, 6, 15.5, 7.5 ], "texture": "#-1" },
				"west": { "uv": [ 15, 6, 15.5, 7.5 ], "texture": "#-1" },
				"east": { "uv": [ 15, 6, 15.5, 7.5 ], "texture": "#-1" }
			}
		},
		{
			"__comment": "Cube23",
			"from": [ 13.2546, 4, 1.9664 ],
			"to": [ 13.7546, 4.5, 3.4664 ],
			"rotation": { "origin": [ 14, 4, 3.5 ], "axis": "y", "angle": -45 },
			"faces": {
				"down": { "uv": [ 15, 6, 15.5, 7.5 ], "texture": "#-1", "rotation": 180 },
				"up": { "uv": [ 15, 6, 15.5, 7.5 ], "texture": "#-1", "rotation": 180 },
				"north": { "uv": [ 15, 6, 15.5, 7.5 ], "texture": "#-1" },
				"south": { "uv": [ 15, 6, 15.5, 7.5 ], "texture": "#-1" },
				"west": { "uv": [ 15, 6, 15.5, 7.5 ], "texture": "#-1" },
				"east": { "uv": [ 15, 6, 15.5, 7.5 ], "texture": "#-1" }
			}
		},
		{
			"__comment": "Cube23",
			"from": [ 13.3586, 4, -0.1414 ],
			"to": [ 13.8586, 4.5, 1.3586 ],
			"rotation": { "origin": [ 13.5, 4, 0 ], "axis": "y", "angle": 45 },
			"faces": {
				"down": { "uv": [ 15, 6, 15.5, 7.5 ], "texture": "#-1" },
				"up": { "uv": [ 15, 6, 15.5, 7.5 ], "texture": "#-1" },
				"north": { "uv": [ 15, 6, 15.5, 7.5 ], "texture": "#-1" },
				"south": { "uv": [ 15, 6, 15.5, 7.5 ], "texture": "#-1" },
				"west": { "uv": [ 15, 6, 15.5, 7.5 ], "texture": "#-1" },
				"east": { "uv": [ 15, 6, 15.5, 7.5 ], "texture": "#-1" }
			}
		},
		{
			"__comment": "Cube23",
			"from": [ 12.3586, 4, -1.1414 ],
			"to": [ 12.8586, 4.5, 0.3586 ],
			"rotation": { "origin": [ 12.5, 4, -1 ], "axis": "y", "angle": 45 },
			"faces": {
				"down": { "uv": [ 15, 6, 15.5, 7.5 ], "texture": "#-1" },
				"up": { "uv": [ 15, 6, 15.5, 7.5 ], "texture": "#-1" },
				"north": { "uv": [ 15, 6, 15.5, 7.5 ], "texture": "#-1" },
				"south": { "uv": [ 15, 6, 15.5, 7.5 ], "texture": "#-1" },
				"west": { "uv": [ 15, 6, 15.5, 7.5 ], "texture": "#-1" },
				"east": { "uv": [ 15, 6, 15.5, 7.5 ], "texture": "#-1" }
			}
		},
		{
			"__comment": "Cube23",
			"from": [ 11.3586, 4, -2.1414 ],
			"to": [ 11.8586, 4.5, -0.6413999 ],
			"rotation": { "origin": [ 11.5, 4, -2 ], "axis": "y", "angle": 45 },
			"faces": {
				"down": { "uv": [ 15, 6, 15.5, 7.5 ], "texture": "#-1" },
				"up": { "uv": [ 15, 6, 15.5, 7.5 ], "texture": "#-1" },
				"north": { "uv": [ 15, 6, 15.5, 7.5 ], "texture": "#-1" },
				"south": { "uv": [ 15, 6, 15.5, 7.5 ], "texture": "#-1" },
				"west": { "uv": [ 15, 6, 15.5, 7.5 ], "texture": "#-1" },
				"east": { "uv": [ 15, 6, 15.5, 7.5 ], "texture": "#-1" }
			}
		},
		{
			"__comment": "Cube23",
			"from": [ 9.2, 9.387899, 0.2521 ],
			"to": [ 9.7, 9.887899, 1.7521 ],
			"rotation": { "origin": [ 9, 9.5, 0 ], "axis": "x", "angle": 22.5 },
			"faces": {
				"down": { "uv": [ 15, 6, 15.5, 7.5 ], "texture": "#-1" },
				"up": { "uv": [ 15, 6, 15.5, 7.5 ], "texture": "#-1" },
				"north": { "uv": [ 15, 6, 15.5, 7.5 ], "texture": "#-1" },
				"south": { "uv": [ 15, 6, 15.5, 7.5 ], "texture": "#-1" },
				"west": { "uv": [ 15, 6, 15.5, 7.5 ], "texture": "#-1" },
				"east": { "uv": [ 15, 6, 15.5, 7.5 ], "texture": "#-1" }
			}
		},
		{
			"__comment": "Cube23",
			"from": [ 9.2, 8.7801, -1.0912 ],
			"to": [ 9.7, 9.2801, 0.4088 ],
			"rotation": { "origin": [ 9, 9.5, -1 ], "axis": "x", "angle": -22.5 },
			"faces": {
				"down": { "uv": [ 15, 6, 15.5, 7.5 ], "texture": "#-1" },
				"up": { "uv": [ 15, 6, 15.5, 7.5 ], "texture": "#-1" },
				"north": { "uv": [ 15, 6, 15.5, 7.5 ], "texture": "#-1" },
				"south": { "uv": [ 15, 6, 15.5, 7.5 ], "texture": "#-1" },
				"west": { "uv": [ 15, 6, 15.5, 7.5 ], "texture": "#-1" },
				"east": { "uv": [ 15, 6, 15.5, 7.5 ], "texture": "#-1" }
			}
		},
		{
			"__comment": "Cube23",
			"from": [ 9.2, 7.7993, -3.3763 ],
			"to": [ 9.7, 8.299299, -0.3762999 ],
			"rotation": { "origin": [ 9, 8.5, -3.5 ], "axis": "x", "angle": -22.5 },
			"faces": {
				"down": { "uv": [ 15, 6, 15.5, 7.5 ], "texture": "#-1" },
				"up": { "uv": [ 15, 6, 15.5, 7.5 ], "texture": "#-1" },
				"north": { "uv": [ 15, 6, 15.5, 7.5 ], "texture": "#-1" },
				"south": { "uv": [ 15, 6, 15.5, 7.5 ], "texture": "#-1" },
				"west": { "uv": [ 15, 6, 15.5, 7.5 ], "texture": "#-1" },
				"east": { "uv": [ 15, 6, 15.5, 7.5 ], "texture": "#-1" }
			}
		}
	],
	"display": {
		"thirdperson": {
			"rotation":  [ 96, 194, 0 ],
			"translation":  [ 0.25, 0.00, -2.25 ],
			"scale":  [ 1.00, 1.00, 1.00 ]
		},
		"firstperson": {
			"rotation":  [ 0, 324, 0 ],
			"translation":   [ -6.25, 4.75, 1.75 ],
			"scale":   [ 1.35, 1.35, 1.40 ]
		},
		"gui": {
			"rotation":  [ 52, 62, 28 ],
			"translation":  [ 2.00, -2.50, 2.75 ],
			"scale":  [ 1.48, 1.71, 1.48 ]
		},
		"ground": {
			"translation":  [ -1.391, 0, 4.8695 ],
			"scale":  [ 1.1391, 1.2434, 1.2086 ]
		},
		"fixed": {
			"rotation": [ 0, 88, 0 ],
			"translation": [ 2.25, 1.00, 1.25 ],
			"scale": [ 1.23, 1.35, 1.34 ]
		}
	}
}