{
	"__comment": "Designed by Cryptic with Cubik Studio - https://cubik.studio",
	"textures": {
		"particle": "blocks/e_particle",
		"texture": "blocks/e_texture",
		"demoman": "blocks/demonman"
	},
	"elements": [ 	 
		{
			"__comment": "Demoman",
			"from": [ 0, 10, 7 ],
			"to": [ 8, 14, 8 ],
			"faces": {
				"down": { "uv": [ 0, 5.5, 8, 6 ], "texture": "#demoman" },
				"up": { "uv": [ 0, 2.5, 8, 2 ], "texture": "#demoman" },
				"north": { "uv": [ 8, 2, 0, 6 ], "texture": "#demoman" },
				"south": { "uv": [ 0, 2, 8, 6 ], "texture": "#demoman" },
				"west": { "uv": [ 0, 2, 0.5, 6 ], "texture": "#demoman" },
				"east": { "uv": [ 8, 6, 7.5, 2 ], "texture": "#demoman", "rotation": 180 }
			}
		},
		{
			"__comment": "Demoman1",
			"from": [ 0.5, 7.5, 7 ],
			"to": [ 7.5, 15.5, 8 ],
			"faces": {
				"down": { "uv": [ 0.5, 8, 7.5, 8.5 ], "texture": "#demoman" },
				"up": { "uv": [ 0.5, 1, 7.5, 0.5 ], "texture": "#demoman" },
				"north": { "uv": [ 7.5, 0.5, 0.5, 8.5 ], "texture": "#demoman" },
				"south": { "uv": [ 0.5, 0.5, 7.5, 8.5 ], "texture": "#demoman" },
				"west": { "uv": [ 0.5, 0.5, 1, 8.5 ], "texture": "#demoman" },
				"east": { "uv": [ 7.5, 8.5, 7, 0.5 ], "texture": "#demoman", "rotation": 180 }
			}
		},
		{
			"__comment": "Demoman2",
			"from": [ 1, 6.5, 7 ],
			"to": [ 7, 16, 8 ],
			"faces": {
				"down": { "uv": [ 1, 9, 7, 9.5 ], "texture": "#demoman" },
				"up": { "uv": [ 1, 0.5, 7, 0 ], "texture": "#demoman" },
				"north": { "uv": [ 7, 0, 1, 9.5 ], "texture": "#demoman" },
				"south": { "uv": [ 1, 0, 7, 9.5 ], "texture": "#demoman" },
				"west": { "uv": [ 1, 0, 1.5, 9.5 ], "texture": "#demoman" },
				"east": { "uv": [ 7, 9.5, 6.5, 0 ], "texture": "#demoman", "rotation": 180 }
			}
		},
		{
			"__comment": "Demoman3",
			"from": [ 1.5, 6, 7 ],
			"to": [ 6.5, 6.5, 8 ],
			"faces": {
				"down": { "uv": [ 1.5, 9.5, 6.5, 10 ], "texture": "#demoman" },
				"up": { "uv": [ 1.5, 10, 6.5, 9.5 ], "texture": "#demoman" },
				"north": { "uv": [ 6.5, 9.5, 1.5, 10 ], "texture": "#demoman" },
				"south": { "uv": [ 1.5, 9.5, 6.5, 10 ], "texture": "#demoman" },
				"west": { "uv": [ 1.5, 9.5, 2, 10 ], "texture": "#demoman" },
				"east": { "uv": [ 6.5, 10, 6, 9.5 ], "texture": "#demoman", "rotation": 180 }
			}
		},
		{
			"__comment": "Demoman4",
			"from": [ 7.5, 9, 7 ],
			"to": [ 8, 10, 8 ],
			"faces": {
				"down": { "uv": [ 7.5, 6.5, 8, 7 ], "texture": "#demoman" },
				"up": { "uv": [ 7.5, 6.5, 8, 6 ], "texture": "#demoman" },
				"north": { "uv": [ 8, 6, 7.5, 7 ], "texture": "#demoman" },
				"south": { "uv": [ 7.5, 6, 8, 7 ], "texture": "#demoman" },
				"west": { "uv": [ 7.5, 6, 8, 7 ], "texture": "#demoman" },
				"east": { "uv": [ 8, 7, 7.5, 6 ], "texture": "#demoman", "rotation": 180 }
			}
		},
		{
			"__comment": "Demoman5",
			"from": [ 1.5, 6, 8 ],
			"to": [ 6.5, 7, 8.6 ],
			"faces": {
				"down": { "uv": [ 1.5, 7, 6.5, 8 ], "texture": "#demoman" },
				"up": { "uv": [ 1.5, 8, 6.5, 9 ], "texture": "#demoman" },
				"north": { "uv": [ 9.5, 9, 14.5, 10 ], "texture": "#demoman" },
				"south": { "uv": [ 1.5, 9, 6.5, 10 ], "texture": "#demoman" },
				"west": { "uv": [ 6, 9, 6.5, 10 ], "texture": "#demoman", "rotation": 270 },
				"east": { "uv": [ 6, 9, 6.5, 10 ], "texture": "#demoman", "rotation": 270 }
			}
		},
		{
			"__comment": "Demoman6",
			"from": [ 6.5, 6.5, 8 ],
			"to": [ 7, 7.5, 8.6 ],
			"faces": {
				"down": { "uv": [ 6.5, 7, 7, 8 ], "texture": "#demoman" },
				"up": { "uv": [ 6.5, 8, 7, 9 ], "texture": "#demoman" },
				"north": { "uv": [ 9, 8.5, 9.5, 9.5 ], "texture": "#demoman" },
				"south": { "uv": [ 6.5, 8.5, 7, 9.5 ], "texture": "#demoman" },
				"west": { "uv": [ 8, 8.5, 9, 9.5 ], "texture": "#demoman" },
				"east": { "uv": [ 6.5, 8.5, 7, 9.5 ], "texture": "#demoman" }
			}
		},
		{
			"__comment": "Demoman7",
			"from": [ 1, 6.5, 8 ],
			"to": [ 1.5, 7.5, 8.6 ],
			"faces": {
				"down": { "uv": [ 1, 7, 1.5, 8 ], "texture": "#demoman" },
				"up": { "uv": [ 1, 8, 1.5, 9 ], "texture": "#demoman" },
				"north": { "uv": [ 14.5, 8.5, 15, 9.5 ], "texture": "#demoman" },
				"south": { "uv": [ 1, 8.5, 1.5, 9.5 ], "texture": "#demoman" },
				"west": { "uv": [ 1, 8.5, 1.5, 9.5 ], "texture": "#demoman" },
				"east": { "uv": [ 7, 8.5, 8, 9.5 ], "texture": "#demoman" }
			}
		},
		{
			"__comment": "Demoman8",
			"from": [ 7, 7.5, 8 ],
			"to": [ 7.5, 10, 8.6 ],
			"faces": {
				"down": { "uv": [ 7, 7, 7.5, 8 ], "texture": "#demoman" },
				"up": { "uv": [ 7, 8, 7.5, 9 ], "texture": "#demoman" },
				"north": { "uv": [ 8.5, 6, 9, 8.5 ], "texture": "#demoman" },
				"south": { "uv": [ 7, 6, 7.5, 8.5 ], "texture": "#demoman" },
				"west": { "uv": [ 8, 6, 9, 8.5 ], "texture": "#demoman" },
				"east": { "uv": [ 7, 6, 7.5, 8.5 ], "texture": "#demoman" }
			}
		},
		{
			"__comment": "Demoman9",
			"from": [ 0.5, 7.5, 8 ],
			"to": [ 1, 10, 8.6 ],
			"faces": {
				"down": { "uv": [ 0.5, 7, 1, 8 ], "texture": "#demoman" },
				"up": { "uv": [ 0.5, 8, 1, 9 ], "texture": "#demoman" },
				"north": { "uv": [ 15, 6, 15.5, 8.5 ], "texture": "#demoman" },
				"south": { "uv": [ 0.5, 6, 1, 8.5 ], "texture": "#demoman" },
				"west": { "uv": [ 0.5, 6, 1, 8.5 ], "texture": "#demoman" },
				"east": { "uv": [ 7, 6, 8, 8.5 ], "texture": "#demoman" }
			}
		},
		{
			"__comment": "Demoman10",
			"from": [ 7.5, 10, 8 ],
			"to": [ 8, 12, 8.6 ],
			"faces": {
				"down": { "uv": [ 7.5, 7, 8, 8 ], "texture": "#demoman" },
				"up": { "uv": [ 7.5, 8, 8, 9 ], "texture": "#demoman" },
				"north": { "uv": [ 8, 4, 8.5, 6 ], "texture": "#demoman" },
				"south": { "uv": [ 7.5, 4, 8, 6 ], "texture": "#demoman" },
				"west": { "uv": [ 8, 4, 9, 6 ], "texture": "#demoman" },
				"east": { "uv": [ 7.5, 4, 8, 6 ], "texture": "#demoman" }
			}
		},
		{
			"__comment": "Demoman11",
			"from": [ 0, 10, 8 ],
			"to": [ 0.5, 12, 8.6 ],
			"faces": {
				"down": { "uv": [ 0, 5, 0.5, 6 ], "texture": "#demoman" },
				"up": { "uv": [ 0, 8, 0.5, 9 ], "texture": "#demoman" },
				"north": { "uv": [ 15.5, 4, 16, 6 ], "texture": "#demoman" },
				"south": { "uv": [ 0, 4, 0.5, 6 ], "texture": "#demoman" },
				"west": { "uv": [ 0, 4, 0.5, 6 ], "texture": "#demoman" },
				"east": { "uv": [ 7, 4, 8, 6 ], "texture": "#demoman" }
			}
		},
		{
			"__comment": "Demoman12",
			"from": [ 0.5, 10, 8 ],
			"to": [ 1, 11.5, 9 ],
			"faces": {
				"down": { "uv": [ 0.5, 7, 1, 8 ], "texture": "#demoman" },
				"up": { "uv": [ 0.5, 8, 1, 9 ], "texture": "#demoman" },
				"north": { "uv": [ 15, 4.5, 15.5, 6 ], "texture": "#demoman" },
				"south": { "uv": [ 0.5, 4.5, 1, 6 ], "texture": "#demoman" },
				"west": { "uv": [ 0.5, 4.5, 1, 6 ], "texture": "#demoman" },
				"east": { "uv": [ 7, 4.5, 8, 6 ], "texture": "#demoman" }
			}
		},
		{
			"__comment": "Demoman13",
			"from": [ 7, 10, 8 ],
			"to": [ 7.5, 10.5, 8.7 ],
			"faces": {
				"down": { "uv": [ 7, 7.3, 7.5, 8 ], "texture": "#demoman" },
				"up": { "uv": [ 7, 8, 7.5, 8.7 ], "texture": "#demoman" },
				"north": { "uv": [ 8.5, 5.5, 9, 6 ], "texture": "#demoman" },
				"south": { "uv": [ 7, 5.5, 7.5, 6 ], "texture": "#demoman" },
				"west": { "uv": [ 8, 5.5, 8.7, 6 ], "texture": "#demoman" },
				"east": { "uv": [ 7.3, 5.5, 8, 6 ], "texture": "#demoman" }
			}
		},
		{
			"__comment": "Demoman14",
			"from": [ 3, 11, 8 ],
			"to": [ 4, 11.5, 8.7 ],
			"faces": {
				"down": { "uv": [ 3, 7.3, 4, 8 ], "texture": "#demoman" },
				"up": { "uv": [ 3, 8, 4, 8.7 ], "texture": "#demoman" },
				"north": { "uv": [ 12, 4.5, 13, 5 ], "texture": "#demoman" },
				"south": { "uv": [ 3, 4.5, 4, 5 ], "texture": "#demoman" },
				"west": { "uv": [ 8, 4.5, 8.7, 5 ], "texture": "#demoman" },
				"east": { "uv": [ 7.3, 4.5, 8, 5 ], "texture": "#demoman" }
			}
		},
		{
			"__comment": "Demoman15",
			"from": [ 4, 10.5, 8 ],
			"to": [ 5, 11, 8.7 ],
			"faces": {
				"down": { "uv": [ 4, 7.3, 5, 8 ], "texture": "#demoman" },
				"up": { "uv": [ 4, 8, 5, 8.7 ], "texture": "#demoman" },
				"north": { "uv": [ 11, 5, 12, 5.5 ], "texture": "#demoman" },
				"south": { "uv": [ 4, 5, 5, 5.5 ], "texture": "#demoman" },
				"west": { "uv": [ 8, 5, 8.7, 5.5 ], "texture": "#demoman" },
				"east": { "uv": [ 7.3, 5, 8, 5.5 ], "texture": "#demoman" }
			}
		},
		{
			"__comment": "Demoman16",
			"from": [ 5, 10, 8 ],
			"to": [ 5.5, 10.5, 8.7 ],
			"faces": {
				"down": { "uv": [ 5, 7.3, 5.5, 8 ], "texture": "#demoman" },
				"up": { "uv": [ 5, 8, 5.5, 8.7 ], "texture": "#demoman" },
				"north": { "uv": [ 10.5, 5.5, 11, 6 ], "texture": "#demoman" },
				"south": { "uv": [ 5, 5.5, 5.5, 6 ], "texture": "#demoman" },
				"west": { "uv": [ 8, 5.5, 8.7, 6 ], "texture": "#demoman" },
				"east": { "uv": [ 7.3, 5.5, 8, 6 ], "texture": "#demoman" }
			}
		},
		{
			"__comment": "Demoman17",
			"from": [ 5.5, 9.5, 8 ],
			"to": [ 7, 10, 8.7 ],
			"faces": {
				"down": { "uv": [ 5.5, 7.3, 7, 8 ], "texture": "#demoman" },
				"up": { "uv": [ 5.5, 8, 7, 8.7 ], "texture": "#demoman" },
				"north": { "uv": [ 5.5, 6, 7, 6.5 ], "texture": "#demoman" },
				"south": { "uv": [ 5.5, 6, 7, 6.5 ], "texture": "#demoman", "rotation": 270 },
				"west": { "uv": [ 5.5, 6, 7, 6.5 ], "texture": "#demoman" },
				"east": { "uv": [ 5.5, 6, 7, 6.5 ], "texture": "#demoman" }
			}
		},
		{
			"__comment": "Demoman18",
			"from": [ 1, 9, 8 ],
			"to": [ 2, 11, 8.7 ],
			"faces": {
				"down": { "uv": [ 1, 7, 2, 8 ], "texture": "#demoman" },
				"up": { "uv": [ 1, 8, 2, 9 ], "texture": "#demoman" },
				"north": { "uv": [ 14, 5, 15, 7 ], "texture": "#demoman" },
				"south": { "uv": [ 1, 5, 2, 7 ], "texture": "#demoman" },
				"west": { "uv": [ 1, 5, 2, 7 ], "texture": "#demoman" },
				"east": { "uv": [ 7, 5, 8, 7 ], "texture": "#demoman" }
			}
		},
		{
			"__comment": "Demoman19",
			"from": [ 6, 9, 8 ],
			"to": [ 6.5, 9.5, 8.7 ],
			"faces": {
				"down": { "uv": [ 6, 7.3, 6.5, 8 ], "texture": "#demoman" },
				"up": { "uv": [ 6, 8, 6.5, 8.7 ], "texture": "#demoman" },
				"north": { "uv": [ 9.5, 6.5, 10, 7 ], "texture": "#demoman" },
				"south": { "uv": [ 6, 6.5, 6.5, 7 ], "texture": "#demoman" },
				"west": { "uv": [ 8, 6.5, 8.7, 7 ], "texture": "#demoman" },
				"east": { "uv": [ 7.3, 6.5, 8, 7 ], "texture": "#demoman" }
			}
		},
		{
			"__comment": "Demoman20",
			"from": [ 4.5, 9.5, 8 ],
			"to": [ 5.5, 10, 8.7 ],
			"faces": {
				"down": { "uv": [ 4.5, 7.3, 5.5, 8 ], "texture": "#demoman" },
				"up": { "uv": [ 4.5, 8, 5.5, 8.7 ], "texture": "#demoman" },
				"north": { "uv": [ 10.5, 6, 11.5, 6.5 ], "texture": "#demoman" },
				"south": { "uv": [ 4.5, 6, 5.5, 6.5 ], "texture": "#demoman" },
				"west": { "uv": [ 8, 6, 8.7, 6.5 ], "texture": "#demoman" },
				"east": { "uv": [ 7.3, 6, 8, 6.5 ], "texture": "#demoman" }
			}
		},
		{
			"__comment": "Demoman21",
			"from": [ 4, 10, 8 ],
			"to": [ 5, 10.5, 8.7 ],
			"faces": {
				"down": { "uv": [ 4, 7.3, 5, 8 ], "texture": "#demoman" },
				"up": { "uv": [ 4, 8, 5, 8.7 ], "texture": "#demoman" },
				"north": { "uv": [ 11, 5.5, 12, 6 ], "texture": "#demoman" },
				"south": { "uv": [ 4, 5.5, 5, 6 ], "texture": "#demoman" },
				"west": { "uv": [ 8, 5.5, 8.7, 6 ], "texture": "#demoman" },
				"east": { "uv": [ 7.3, 5.5, 8, 6 ], "texture": "#demoman" }
			}
		},
		{
			"__comment": "Demoman22",
			"from": [ 2, 10.5, 8 ],
			"to": [ 4, 11, 8.7 ],
			"faces": {
				"down": { "uv": [ 2, 7.3, 4, 8 ], "texture": "#demoman" },
				"up": { "uv": [ 2, 8, 4, 8.7 ], "texture": "#demoman" },
				"north": { "uv": [ 12, 5, 14, 5.5 ], "texture": "#demoman" },
				"south": { "uv": [ 2, 5, 4, 5.5 ], "texture": "#demoman" },
				"west": { "uv": [ 8, 5, 8.7, 5.5 ], "texture": "#demoman" },
				"east": { "uv": [ 7.3, 5, 8, 5.5 ], "texture": "#demoman" }
			}
		},
		{
			"__comment": "Demoman23",
			"from": [ 4, 9.5, 8 ],
			"to": [ 4.5, 10, 8.7 ],
			"faces": {
				"down": { "uv": [ 4, 7.3, 4.5, 8 ], "texture": "#demoman" },
				"up": { "uv": [ 4, 8, 4.5, 8.7 ], "texture": "#demoman" },
				"north": { "uv": [ 11.5, 6, 12, 6.5 ], "texture": "#demoman" },
				"south": { "uv": [ 4, 6, 4.5, 6.5 ], "texture": "#demoman" },
				"west": { "uv": [ 8, 6, 8.7, 6.5 ], "texture": "#demoman" },
				"east": { "uv": [ 7.3, 6, 8, 6.5 ], "texture": "#demoman" }
			}
		},
		{
			"__comment": "Demoman24",
			"from": [ 2, 9.5, 8 ],
			"to": [ 4, 10.5, 8.7 ],
			"faces": {
				"down": { "uv": [ 2, 7.3, 4, 8 ], "texture": "#demoman" },
				"up": { "uv": [ 2, 8, 4, 8.7 ], "texture": "#demoman" },
				"north": { "uv": [ 12, 5.5, 14, 6.5 ], "texture": "#demoman" },
				"south": { "uv": [ 2, 5.5, 4, 6.5 ], "texture": "#demoman" },
				"west": { "uv": [ 8, 5.5, 8.7, 6.5 ], "texture": "#demoman" },
				"east": { "uv": [ 7.3, 5.5, 8, 6.5 ], "texture": "#demoman" }
			}
		},
		{
			"__comment": "Demoman25",
			"from": [ 1, 7.5, 8 ],
			"to": [ 2, 9, 9 ],
			"faces": {
				"down": { "uv": [ 1, 7, 2, 8 ], "texture": "#demoman" },
				"up": { "uv": [ 2.5, 6.5, 6, 7.5 ], "texture": "#demoman" },
				"north": { "uv": [ 14, 7, 15, 8.5 ], "texture": "#demoman" },
				"south": { "uv": [ 1, 7, 2, 8.5 ], "texture": "#demoman" },
				"west": { "uv": [ 1, 7, 2, 8.5 ], "texture": "#demoman" },
				"east": { "uv": [ 7, 7, 8, 8.5 ], "texture": "#demoman" }
			}
		},
		{
			"__comment": "Demoman26",
			"from": [ 2, 8, 8 ],
			"to": [ 2.5, 9.5, 9 ],
			"faces": {
				"down": { "uv": [ 2, 7, 2.5, 8 ], "texture": "#demoman" },
				"up": { "uv": [ 2.5, 6.5, 6, 7.5 ], "texture": "#demoman" },
				"north": { "uv": [ 13.5, 6.5, 14, 8 ], "texture": "#demoman" },
				"south": { "uv": [ 2, 6.5, 2.5, 8 ], "texture": "#demoman" },
				"west": { "uv": [ 8, 6.5, 9, 8 ], "texture": "#demoman" },
				"east": { "uv": [ 7, 6.5, 8, 8 ], "texture": "#demoman" }
			}
		},
		{
			"__comment": "Demoman27",
			"from": [ 2.5, 8.5, 8 ],
			"to": [ 6, 9.5, 9 ],
			"faces": {
				"down": { "uv": [ 2.5, 7, 6, 8 ], "texture": "#demoman" },
				"up": { "uv": [ 2.5, 6.5, 6, 7.5 ], "texture": "#demoman" },
				"north": { "uv": [ 10, 6.5, 13.5, 7.5 ], "texture": "#demoman" },
				"south": { "uv": [ 2.5, 6.5, 6, 7.5 ], "texture": "#demoman" },
				"west": { "uv": [ 8, 6.5, 9, 7.5 ], "texture": "#demoman" },
				"east": { "uv": [ 7, 6.5, 8, 7.5 ], "texture": "#demoman" }
			}
		},
		{
			"__comment": "Demoman28",
			"from": [ 6.5, 7.5, 8 ],
			"to": [ 7, 9.5, 9 ],
			"faces": {
				"down": { "uv": [ 6.5, 7, 7, 8 ], "texture": "#demoman" },
				"up": { "uv": [ 6.5, 8, 7, 9 ], "texture": "#demoman" },
				"north": { "uv": [ 9, 6.5, 9.5, 8.5 ], "texture": "#demoman" },
				"south": { "uv": [ 6.5, 6.5, 7, 8.5 ], "texture": "#demoman" },
				"west": { "uv": [ 6.5, 6.5, 7, 8.5 ], "texture": "#demoman" },
				"east": { "uv": [ 6.5, 6.5, 7, 8.5 ], "texture": "#demoman" }
			}
		},
		{
			"__comment": "Demoman29",
			"from": [ 6, 8, 8 ],
			"to": [ 6.5, 9, 9 ],
			"faces": {
				"down": { "uv": [ 6, 7, 6.5, 8 ], "texture": "#demoman" },
				"up": { "uv": [ 2.5, 6.5, 6, 7.5 ], "texture": "#demoman" },
				"north": { "uv": [ 9.5, 7, 10, 8 ], "texture": "#demoman" },
				"south": { "uv": [ 6, 7, 6.5, 8 ], "texture": "#demoman" },
				"west": { "uv": [ 8, 7, 9, 8 ], "texture": "#demoman" },
				"east": { "uv": [ 7, 7, 8, 8 ], "texture": "#demoman" }
			}
		},
		{
			"__comment": "Demoman30",
			"from": [ 5.5, 7, 8 ],
			"to": [ 6.5, 7.5, 8.7 ],
			"faces": {
				"down": { "uv": [ 5.5, 7, 6.5, 8 ], "texture": "#demoman" },
				"up": { "uv": [ 5.5, 8, 6.5, 9 ], "texture": "#demoman" },
				"north": { "uv": [ 9.5, 8.5, 10.5, 9 ], "texture": "#demoman" },
				"south": { "uv": [ 5.5, 8.5, 6.5, 9 ], "texture": "#demoman" },
				"west": { "uv": [ 8, 8.5, 9, 9 ], "texture": "#demoman" },
				"east": { "uv": [ 5.5, 8.5, 6.5, 9 ], "texture": "#demoman" }
			}
		},
		{
			"__comment": "Demoman31",
			"from": [ 6, 7.5, 8 ],
			"to": [ 6.5, 8, 8.7 ],
			"faces": {
				"down": { "uv": [ 6, 7.3, 6.5, 8 ], "texture": "#demoman" },
				"up": { "uv": [ 6, 8, 6.5, 8.7 ], "texture": "#demoman" },
				"north": { "uv": [ 9.5, 8, 10, 8.5 ], "texture": "#demoman" },
				"south": { "uv": [ 6, 8, 6.5, 8.5 ], "texture": "#demoman" },
				"west": { "uv": [ 8, 8, 8.7, 8.5 ], "texture": "#demoman" },
				"east": { "uv": [ 7.3, 8, 8, 8.5 ], "texture": "#demoman" }
			}
		},
		{
			"__comment": "Demoman32",
			"from": [ 4.5, 7.5, 8 ],
			"to": [ 5.5, 8.5, 8.7 ],
			"faces": {
				"down": { "uv": [ 4.5, 7.3, 5.5, 8 ], "texture": "#demoman" },
				"up": { "uv": [ 4.5, 8, 5.5, 8.7 ], "texture": "#demoman" },
				"north": { "uv": [ 10.5, 7.5, 11.5, 8.5 ], "texture": "#demoman" },
				"south": { "uv": [ 4.5, 7.5, 5.5, 8.5 ], "texture": "#demoman" },
				"west": { "uv": [ 8, 7.5, 8.7, 8.5 ], "texture": "#demoman" },
				"east": { "uv": [ 7.3, 7.5, 8, 8.5 ], "texture": "#demoman" }
			}
		},
		{
			"__comment": "Demoman33",
			"from": [ 5.5, 8, 8 ],
			"to": [ 6, 8.5, 8.7 ],
			"faces": {
				"down": { "uv": [ 5.5, 7.3, 6, 8 ], "texture": "#demoman" },
				"up": { "uv": [ 5.5, 8, 6, 8.7 ], "texture": "#demoman" },
				"north": { "uv": [ 10, 7.5, 10.5, 8 ], "texture": "#demoman" },
				"south": { "uv": [ 5.5, 7.5, 6, 8 ], "texture": "#demoman" },
				"west": { "uv": [ 8, 7.5, 8.7, 8 ], "texture": "#demoman" },
				"east": { "uv": [ 7.3, 7.5, 8, 8 ], "texture": "#demoman" }
			}
		},
		{
			"__comment": "Demoman34",
			"from": [ 4, 8, 8 ],
			"to": [ 4.5, 8.5, 8.7 ],
			"faces": {
				"down": { "uv": [ 4, 7.3, 4.5, 8 ], "texture": "#demoman" },
				"up": { "uv": [ 4, 8, 4.5, 8.7 ], "texture": "#demoman" },
				"north": { "uv": [ 11.5, 7.5, 12, 8 ], "texture": "#demoman" },
				"south": { "uv": [ 4, 7.5, 4.5, 8 ], "texture": "#demoman" },
				"west": { "uv": [ 8, 7.5, 8.7, 8 ], "texture": "#demoman" },
				"east": { "uv": [ 7.3, 7.5, 8, 8 ], "texture": "#demoman" }
			}
		},
		{
			"__comment": "Demoman35",
			"from": [ 2.5, 7, 8 ],
			"to": [ 4, 7.5, 9 ],
			"faces": {
				"down": { "uv": [ 2.5, 7, 4, 8 ], "texture": "#demoman" },
				"up": { "uv": [ 2.5, 8, 4, 9 ], "texture": "#demoman" },
				"north": { "uv": [ 12, 8.5, 13.5, 9 ], "texture": "#demoman" },
				"south": { "uv": [ 2.5, 8.5, 4, 9 ], "texture": "#demoman" },
				"west": { "uv": [ 8, 8.5, 9, 9 ], "texture": "#demoman" },
				"east": { "uv": [ 7, 8.5, 8, 9 ], "texture": "#demoman" }
			}
		},
		{
			"__comment": "Demoman36",
			"from": [ 2.5, 8, 8 ],
			"to": [ 3.5, 8.5, 8.7 ],
			"faces": {
				"down": { "uv": [ 2.5, 7.3, 3.5, 8 ], "texture": "#demoman" },
				"up": { "uv": [ 2.5, 8, 3.5, 8.7 ], "texture": "#demoman" },
				"north": { "uv": [ 12.5, 7.5, 13.5, 8 ], "texture": "#demoman" },
				"south": { "uv": [ 2.5, 7.5, 3.5, 8 ], "texture": "#demoman" },
				"west": { "uv": [ 8, 7.5, 8.7, 8 ], "texture": "#demoman" },
				"east": { "uv": [ 7.3, 7.5, 8, 8 ], "texture": "#demoman" }
			}
		},
		{
			"__comment": "Demoman37",
			"from": [ 2, 7.5, 8 ],
			"to": [ 2.5, 8, 9 ],
			"faces": {
				"down": { "uv": [ 2, 7, 2.5, 8 ], "texture": "#demoman" },
				"up": { "uv": [ 2, 8, 2.5, 9 ], "texture": "#demoman" },
				"north": { "uv": [ 13.5, 8, 14, 8.5 ], "texture": "#demoman" },
				"south": { "uv": [ 2, 8, 2.5, 8.5 ], "texture": "#demoman" },
				"west": { "uv": [ 8, 8, 9, 8.5 ], "texture": "#demoman" },
				"east": { "uv": [ 7, 8, 8, 8.5 ], "texture": "#demoman" }
			}
		},
		{
			"__comment": "Demoman38",
			"from": [ 1.5, 7, 8 ],
			"to": [ 2, 7.5, 8.7 ],
			"faces": {
				"down": { "uv": [ 1.5, 7, 2, 8 ], "texture": "#demoman" },
				"up": { "uv": [ 1.5, 8, 2, 9 ], "texture": "#demoman" },
				"north": { "uv": [ 14, 8.5, 14.5, 9 ], "texture": "#demoman" },
				"south": { "uv": [ 1.5, 8.5, 2, 9 ], "texture": "#demoman" },
				"west": { "uv": [ 1.5, 8.5, 2, 9 ], "texture": "#demoman" },
				"east": { "uv": [ 7, 8.5, 8, 9 ], "texture": "#demoman" }
			}
		},
		{
			"__comment": "Demoman39",
			"from": [ 2, 7, 8 ],
			"to": [ 2.5, 7.5, 8.7 ],
			"faces": {
				"down": { "uv": [ 2, 7, 2.5, 8 ], "texture": "#demoman" },
				"up": { "uv": [ 2, 8.5, 2.5, 9 ], "texture": "#demoman" },
				"north": { "uv": [ 2, 8.5, 2.5, 9 ], "texture": "#demoman" },
				"south": { "uv": [ 2, 8.5, 2.5, 9 ], "texture": "#demoman" },
				"west": { "uv": [ 2, 8.5, 2.5, 9 ], "texture": "#demoman" },
				"east": { "uv": [ 2, 8.5, 2.5, 9 ], "texture": "#demoman" }
			}
		},
		{
			"__comment": "Demoman40",
			"from": [ 2.5, 7.5, 8 ],
			"to": [ 4.5, 8, 8.7 ],
			"faces": {
				"down": { "uv": [ 2.5, 7, 4.5, 8 ], "texture": "#demoman" },
				"up": { "uv": [ 2.5, 8, 4.5, 9 ], "texture": "#demoman" },
				"north": { "uv": [ 2.5, 8, 4.5, 8.5 ], "texture": "#demoman" },
				"south": { "uv": [ 2.5, 8, 4.5, 8.5 ], "texture": "#demoman" },
				"west": { "uv": [ 2.5, 8, 4.5, 8.5 ], "texture": "#demoman" },
				"east": { "uv": [ 2.5, 8, 4.5, 8.5 ], "texture": "#demoman" }
			}
		},
		{
			"__comment": "Demoman41",
			"from": [ 4, 7, 8 ],
			"to": [ 5.5, 7.5, 9 ],
			"faces": {
				"down": { "uv": [ 4, 7, 5.5, 8 ], "texture": "#demoman" },
				"up": { "uv": [ 4, 8, 5.5, 9 ], "texture": "#demoman" },
				"north": { "uv": [ 10.5, 8.5, 12, 9 ], "texture": "#demoman" },
				"south": { "uv": [ 4, 8.5, 5.5, 9 ], "texture": "#demoman" },
				"west": { "uv": [ 4, 8.5, 5.5, 9 ], "texture": "#demoman" },
				"east": { "uv": [ 4, 8.5, 5.5, 9 ], "texture": "#demoman" }
			}
		},
		{
			"__comment": "Demoman42",
			"from": [ 5.5, 7.5, 8 ],
			"to": [ 6, 8, 8.7 ],
			"faces": {
				"down": { "uv": [ 5.5, 7, 6, 8 ], "texture": "#demoman" },
				"up": { "uv": [ 5.5, 8, 6, 9 ], "texture": "#demoman" },
				"north": { "uv": [ 10, 8, 10.5, 8.5 ], "texture": "#demoman" },
				"south": { "uv": [ 5.5, 8, 6, 8.5 ], "texture": "#demoman" },
				"west": { "uv": [ 5.5, 8, 6, 8.5 ], "texture": "#demoman" },
				"east": { "uv": [ 5.5, 8, 6, 8.5 ], "texture": "#demoman" }
			}
		},
		{
			"__comment": "Demoman43",
			"from": [ 3.5, 8, 8 ],
			"to": [ 4, 8.5, 8.7 ],
			"faces": {
				"down": { "uv": [ 3.5, 7.3, 4, 8 ], "texture": "#demoman" },
				"up": { "uv": [ 3.5, 8, 4, 8.7 ], "texture": "#demoman" },
				"north": { "uv": [ 12, 7.5, 12.5, 8 ], "texture": "#demoman" },
				"south": { "uv": [ 3.5, 7.5, 4, 8 ], "texture": "#demoman" },
				"west": { "uv": [ 8, 7.5, 8.7, 8 ], "texture": "#demoman" },
				"east": { "uv": [ 7.3, 7.5, 8, 8 ], "texture": "#demoman" }
			}
		},
		{
			"__comment": "Demoman44",
			"from": [ 1, 11, 8 ],
			"to": [ 2, 12, 9 ],
			"faces": {
				"down": { "uv": [ 1, 4, 2, 5 ], "texture": "#demoman" },
				"up": { "uv": [ 1, 4, 2, 5 ], "texture": "#demoman" },
				"north": { "uv": [ 1, 4, 2, 5 ], "texture": "#demoman" },
				"south": { "uv": [ 1, 4, 2, 5 ], "texture": "#demoman" },
				"west": { "uv": [ 1, 4, 2, 5 ], "texture": "#demoman" },
				"east": { "uv": [ 1, 4, 2, 5 ], "texture": "#demoman" }
			}
		},
		{
			"__comment": "Demoman45",
			"from": [ 2.5, 11, 8 ],
			"to": [ 3, 11.5, 9 ],
			"faces": {
				"down": { "uv": [ 1, 4, 2, 5 ], "texture": "#demoman" },
				"up": { "uv": [ 1, 4, 2, 5 ], "texture": "#demoman" },
				"north": { "uv": [ 1, 4, 2, 5 ], "texture": "#demoman" },
				"south": { "uv": [ 1, 4, 2, 5 ], "texture": "#demoman" },
				"west": { "uv": [ 1, 4, 2, 5 ], "texture": "#demoman" },
				"east": { "uv": [ 1, 4, 2, 5 ], "texture": "#demoman" }
			}
		},
		{
			"__comment": "Demoman46",
			"from": [ 2, 11, 8 ],
			"to": [ 2.5, 12, 9 ],
			"faces": {
				"down": { "uv": [ 1, 4, 2, 5 ], "texture": "#demoman" },
				"up": { "uv": [ 1, 4, 2, 5 ], "texture": "#demoman" },
				"north": { "uv": [ 1, 4, 2, 5 ], "texture": "#demoman" },
				"south": { "uv": [ 2, 4, 2.5, 5 ], "texture": "#demoman", "rotation": 90 },
				"west": { "uv": [ 1, 4, 2, 5 ], "texture": "#demoman" },
				"east": { "uv": [ 1, 4, 2, 5 ], "texture": "#demoman" }
			}
		},
		{
			"__comment": "Demoman47",
			"from": [ 5.5, 10, 8 ],
			"to": [ 7, 13, 9.3 ],
			"faces": {
				"down": { "uv": [ 5.5, 3, 7, 6 ], "texture": "#demoman" },
				"up": { "uv": [ 5.5, 3, 7, 6 ], "texture": "#demoman" },
				"north": { "uv": [ 9, 3, 10.5, 6 ], "texture": "#demoman" },
				"south": { "uv": [ 5.5, 3, 7, 6 ], "texture": "#demoman" },
				"west": { "uv": [ 8, 3, 9.3, 6 ], "texture": "#demoman" },
				"east": { "uv": [ 6.7, 3, 8, 6 ], "texture": "#demoman" }
			}
		},
		{
			"__comment": "Demoman48",
			"from": [ 7, 10.5, 8 ],
			"to": [ 7.5, 13, 9.3 ],
			"faces": {
				"down": { "uv": [ 5.5, 3, 7, 6 ], "texture": "#demoman" },
				"up": { "uv": [ 5.5, 3, 7, 6 ], "texture": "#demoman" },
				"north": { "uv": [ 8.5, 3, 9, 5.5 ], "texture": "#demoman" },
				"south": { "uv": [ 7, 3, 7.5, 5.5 ], "texture": "#demoman" },
				"west": { "uv": [ 8, 3, 9.3, 5.5 ], "texture": "#demoman" },
				"east": { "uv": [ 6.7, 3, 8, 5.5 ], "texture": "#demoman" }
			}
		},
		{
			"__comment": "Demoman49",
			"from": [ 7.5, 12, 8 ],
			"to": [ 8, 13.5, 9 ],
			"faces": {
				"down": { "uv": [ 7.5, 7, 8, 8 ], "texture": "#demoman" },
				"up": { "uv": [ 7.5, 8, 8, 9 ], "texture": "#demoman" },
				"north": { "uv": [ 8, 2.5, 8.5, 4 ], "texture": "#demoman" },
				"south": { "uv": [ 7.5, 2.5, 8, 4 ], "texture": "#demoman" },
				"west": { "uv": [ 8, 2.5, 9, 4 ], "texture": "#demoman" },
				"east": { "uv": [ 7, 2.5, 8, 4 ], "texture": "#demoman" }
			}
		},
		{
			"__comment": "Demoman50",
			"from": [ 5, 10.5, 8 ],
			"to": [ 5.5, 12.5, 9.3 ],
			"faces": {
				"down": { "uv": [ 5.5, 3, 7, 6 ], "texture": "#demoman" },
				"up": { "uv": [ 5.5, 3, 7, 6 ], "texture": "#demoman" },
				"north": { "uv": [ 5.5, 3, 7, 6 ], "texture": "#demoman" },
				"south": { "uv": [ 5.5, 3, 7, 6 ], "texture": "#demoman" },
				"west": { "uv": [ 5.5, 3, 7, 6 ], "texture": "#demoman" },
				"east": { "uv": [ 5.5, 3, 7, 6 ], "texture": "#demoman" }
			}
		},
		{
			"__comment": "Demoman51",
			"from": [ 4.5, 11, 8 ],
			"to": [ 5, 12, 9.3 ],
			"faces": {
				"down": { "uv": [ 5.5, 3, 7, 6 ], "texture": "#demoman" },
				"up": { "uv": [ 5.5, 3, 7, 6 ], "texture": "#demoman" },
				"north": { "uv": [ 5.5, 3, 7, 6 ], "texture": "#demoman" },
				"south": { "uv": [ 5.5, 3, 7, 6 ], "texture": "#demoman" },
				"west": { "uv": [ 5.5, 3, 7, 6 ], "texture": "#demoman" },
				"east": { "uv": [ 5.5, 3, 7, 6 ], "texture": "#demoman" }
			}
		},
		{
			"__comment": "Demoman52",
			"from": [ 0, 12, 8 ],
			"to": [ 1, 14, 9 ],
			"faces": {
				"down": { "uv": [ 0, 7, 1, 8 ], "texture": "#demoman" },
				"up": { "uv": [ 1, 0, 7, 0.5 ], "texture": "#demoman" },
				"north": { "uv": [ 15, 2, 16, 4 ], "texture": "#demoman" },
				"south": { "uv": [ 1, 0, 7, 0.5 ], "texture": "#demoman" },
				"west": { "uv": [ 1, 0, 7, 0.5 ], "texture": "#demoman" },
				"east": { "uv": [ 1, 0, 7, 0.5 ], "texture": "#demoman" }
			}
		},
		{
			"__comment": "Demoman53",
			"from": [ 0.5, 11.5, 8 ],
			"to": [ 1, 12, 9 ],
			"faces": {
				"down": { "uv": [ 0.5, 7, 1, 8 ], "texture": "#demoman" },
				"up": { "uv": [ 0.5, 8, 1, 9 ], "texture": "#demoman" },
				"north": { "uv": [ 15, 4, 15.5, 4.5 ], "texture": "#demoman" },
				"south": { "uv": [ 0.5, 4, 1, 4.5 ], "texture": "#demoman" },
				"west": { "uv": [ 0.5, 4, 1, 4.5 ], "texture": "#demoman" },
				"east": { "uv": [ 7, 4, 8, 4.5 ], "texture": "#demoman" }
			}
		},
		{
			"__comment": "Demoman54",
			"from": [ 0.5, 14, 8 ],
			"to": [ 1.5, 15.5, 9 ],
			"faces": {
				"down": { "uv": [ 0.5, 7, 1.5, 8 ], "texture": "#demoman" },
				"up": { "uv": [ 1, 0, 7, 0.5 ], "texture": "#demoman" },
				"north": { "uv": [ 14.5, 0.5, 15.5, 2 ], "texture": "#demoman" },
				"south": { "uv": [ 0.5, 0.5, 1.5, 2 ], "texture": "#demoman" },
				"west": { "uv": [ 1, 0, 7, 0.5 ], "texture": "#demoman" },
				"east": { "uv": [ 1, 0, 7, 0.5 ], "texture": "#demoman" }
			}
		},
		{
			"__comment": "Demoman55",
			"from": [ 1, 15.5, 8 ],
			"to": [ 7, 16, 9 ],
			"faces": {
				"down": { "uv": [ 1, 7, 7, 8 ], "texture": "#demoman" },
				"up": { "uv": [ 1, 0, 7, 0.5 ], "texture": "#demoman" },
				"north": { "uv": [ 9, 0, 15, 0.5 ], "texture": "#demoman" },
				"south": { "uv": [ 1, 0, 7, 0.5 ], "texture": "#demoman" },
				"west": { "uv": [ 1, 0, 7, 0.5 ], "texture": "#demoman" },
				"east": { "uv": [ 1, 0, 7, 0.5 ], "texture": "#demoman" }
			}
		},
		{
			"__comment": "Demoman56",
			"from": [ 6.5, 13, 8 ],
			"to": [ 7.5, 15.5, 9 ],
			"faces": {
				"down": { "uv": [ 6.5, 7, 7.5, 8 ], "texture": "#demoman" },
				"up": { "uv": [ 6.5, 0.5, 7.5, 3 ], "texture": "#demoman" },
				"north": { "uv": [ 8.5, 0.5, 9.5, 3 ], "texture": "#demoman" },
				"south": { "uv": [ 6.5, 0.5, 7.5, 3 ], "texture": "#demoman" },
				"west": { "uv": [ 8, 0.5, 9, 3 ], "texture": "#demoman" },
				"east": { "uv": [ 6.5, 0.5, 7.5, 3 ], "texture": "#demoman" }
			}
		},
		{
			"__comment": "Demoman57",
			"from": [ 7.5, 13.5, 8 ],
			"to": [ 8, 14, 9 ],
			"faces": {
				"down": { "uv": [ 7.5, 7, 8, 8 ], "texture": "#demoman" },
				"up": { "uv": [ 7.5, 8, 8, 9 ], "texture": "#demoman" },
				"north": { "uv": [ 8, 2, 8.5, 2.5 ], "texture": "#demoman" },
				"south": { "uv": [ 7.5, 2, 8, 2.5 ], "texture": "#demoman" },
				"west": { "uv": [ 8, 2, 9, 2.5 ], "texture": "#demoman" },
				"east": { "uv": [ 7, 2, 8, 2.5 ], "texture": "#demoman" }
			}
		},
		{
			"__comment": "Demoman58",
			"from": [ 1, 12, 8 ],
			"to": [ 2, 14, 9 ],
			"faces": {
				"down": { "uv": [ 1, 7, 2, 8 ], "texture": "#demoman" },
				"up": { "uv": [ 1, 8, 2, 9 ], "texture": "#demoman" },
				"north": { "uv": [ 14, 2, 15, 4 ], "texture": "#demoman" },
				"south": { "uv": [ 1, 2, 2, 4 ], "texture": "#demoman" },
				"west": { "uv": [ 8, 2, 9, 4 ], "texture": "#demoman" },
				"east": { "uv": [ 7, 2, 8, 4 ], "texture": "#demoman" }
			}
		},
		{
			"__comment": "Demoman59",
			"from": [ 1.5, 14, 8 ],
			"to": [ 2.5, 15.5, 9 ],
			"faces": {
				"down": { "uv": [ 1.5, 7, 2.5, 8 ], "texture": "#demoman" },
				"up": { "uv": [ 1.5, 8, 2.5, 9 ], "texture": "#demoman" },
				"north": { "uv": [ 13.5, 0.5, 14.5, 2 ], "texture": "#demoman" },
				"south": { "uv": [ 1.5, 0.5, 2.5, 2 ], "texture": "#demoman" },
				"west": { "uv": [ 8, 0.5, 9, 2 ], "texture": "#demoman" },
				"east": { "uv": [ 7, 0.5, 8, 2 ], "texture": "#demoman" }
			}
		},
		{
			"__comment": "Demoman60",
			"from": [ 2, 12, 8 ],
			"to": [ 3, 14, 9 ],
			"faces": {
				"down": { "uv": [ 2, 7, 3, 8 ], "texture": "#demoman" },
				"up": { "uv": [ 2, 8, 3, 9 ], "texture": "#demoman" },
				"north": { "uv": [ 13, 2, 14, 4 ], "texture": "#demoman" },
				"south": { "uv": [ 2, 2, 3, 4 ], "texture": "#demoman" },
				"west": { "uv": [ 8, 2, 9, 4 ], "texture": "#demoman" },
				"east": { "uv": [ 7, 2, 8, 4 ], "texture": "#demoman" }
			}
		},
		{
			"__comment": "Demoman61",
			"from": [ 2.5, 14, 8 ],
			"to": [ 3.5, 15.5, 9 ],
			"faces": {
				"down": { "uv": [ 2.5, 7, 3.5, 8 ], "texture": "#demoman" },
				"up": { "uv": [ 2.5, 8, 3.5, 9 ], "texture": "#demoman" },
				"north": { "uv": [ 12.5, 0.5, 13.5, 2 ], "texture": "#demoman" },
				"south": { "uv": [ 2.5, 0.5, 3.5, 2 ], "texture": "#demoman" },
				"west": { "uv": [ 8, 0.5, 9, 2 ], "texture": "#demoman" },
				"east": { "uv": [ 7, 0.5, 8, 2 ], "texture": "#demoman" }
			}
		},
		{
			"__comment": "Demoman62",
			"from": [ 2.5, 11.5, 8 ],
			"to": [ 4, 12, 9 ],
			"faces": {
				"down": { "uv": [ 2.5, 7, 4, 8 ], "texture": "#demoman" },
				"up": { "uv": [ 2.5, 8, 4, 9 ], "texture": "#demoman" },
				"north": { "uv": [ 12, 4, 13.5, 4.5 ], "texture": "#demoman" },
				"south": { "uv": [ 2.5, 4, 4, 4.5 ], "texture": "#demoman" },
				"west": { "uv": [ 8, 4, 9, 4.5 ], "texture": "#demoman" },
				"east": { "uv": [ 7, 4, 8, 4.5 ], "texture": "#demoman" }
			}
		},
		{
			"__comment": "Demoman63",
			"from": [ 4, 11, 8 ],
			"to": [ 4.5, 12, 9 ],
			"faces": {
				"down": { "uv": [ 4, 7, 4.5, 8 ], "texture": "#demoman" },
				"up": { "uv": [ 4, 8, 4.5, 9 ], "texture": "#demoman" },
				"north": { "uv": [ 11.5, 4, 12, 5 ], "texture": "#demoman" },
				"south": { "uv": [ 4, 4, 4.5, 5 ], "texture": "#demoman" },
				"west": { "uv": [ 8, 4, 9, 5 ], "texture": "#demoman" },
				"east": { "uv": [ 7, 4, 8, 5 ], "texture": "#demoman" }
			}
		},
		{
			"__comment": "Demoman64",
			"from": [ 3, 12, 8 ],
			"to": [ 5, 14, 9 ],
			"faces": {
				"down": { "uv": [ 3, 7, 5, 8 ], "texture": "#demoman" },
				"up": { "uv": [ 3, 8, 5, 9 ], "texture": "#demoman" },
				"north": { "uv": [ 11, 2, 13, 4 ], "texture": "#demoman" },
				"south": { "uv": [ 3, 2, 5, 4 ], "texture": "#demoman" },
				"west": { "uv": [ 8, 2, 9, 4 ], "texture": "#demoman" },
				"east": { "uv": [ 7, 2, 8, 4 ], "texture": "#demoman" }
			}
		},
		{
			"__comment": "Demoman65",
			"from": [ 3.5, 14, 8 ],
			"to": [ 6.5, 15.5, 9 ],
			"faces": {
				"down": { "uv": [ 3.5, 7, 6.5, 8 ], "texture": "#demoman" },
				"up": { "uv": [ 3.5, 8, 6.5, 9 ], "texture": "#demoman" },
				"north": { "uv": [ 9.5, 0.5, 12.5, 2 ], "texture": "#demoman" },
				"south": { "uv": [ 3.5, 0.5, 6.5, 2 ], "texture": "#demoman" },
				"west": { "uv": [ 8, 0.5, 9, 2 ], "texture": "#demoman" },
				"east": { "uv": [ 7, 0.5, 8, 2 ], "texture": "#demoman" }
			}
		},
		{
			"__comment": "Demoman66",
			"from": [ 5, 12.5, 8 ],
			"to": [ 5.5, 13, 9 ],
			"faces": {
				"down": { "uv": [ 5, 7, 5.5, 8 ], "texture": "#demoman" },
				"up": { "uv": [ 5, 8, 5.5, 9 ], "texture": "#demoman" },
				"north": { "uv": [ 10.5, 3, 11, 3.5 ], "texture": "#demoman" },
				"south": { "uv": [ 5, 3, 5.5, 3.5 ], "texture": "#demoman" },
				"west": { "uv": [ 8, 3, 9, 3.5 ], "texture": "#demoman" },
				"east": { "uv": [ 7, 3, 8, 3.5 ], "texture": "#demoman" }
			}
		},
		{
			"__comment": "Demoman67",
			"from": [ 5, 13, 8 ],
			"to": [ 6.5, 14, 9 ],
			"faces": {
				"down": { "uv": [ 5, 7, 6.5, 8 ], "texture": "#demoman" },
				"up": { "uv": [ 5, 8, 6.5, 9 ], "texture": "#demoman" },
				"north": { "uv": [ 9.5, 2, 11, 3 ], "texture": "#demoman" },
				"south": { "uv": [ 5, 2, 6.5, 3 ], "texture": "#demoman" },
				"west": { "uv": [ 8, 2, 9, 3 ], "texture": "#demoman" },
				"east": { "uv": [ 7, 2, 8, 3 ], "texture": "#demoman" }
			}
		},
		{
			"__comment": "Demoman68",
			"from": [ 1, 12.5, 9 ],
			"to": [ 7, 15, 9.5 ],
			"faces": {
				"down": { "uv": [ 1, 1, 7, 3.5 ], "texture": "#demoman" },
				"up": { "uv": [ 1, 1, 7, 3.5 ], "texture": "#demoman" },
				"north": { "uv": [ 1, 1, 7, 3.5 ], "texture": "#demoman" },
				"south": { "uv": [ 1, 1, 7, 3.5 ], "texture": "#demoman" },
				"west": { "uv": [ 1, 1, 7, 3.5 ], "texture": "#demoman" },
				"east": { "uv": [ 1, 1, 7, 3.5 ], "texture": "#demoman" }
			}
		},
		{
			"__comment": "Demoman69",
			"from": [ 1.5, 15, 9 ],
			"to": [ 6.5, 15.5, 9.5 ],
			"faces": {
				"down": { "uv": [ 1.5, 0.5, 6.5, 1 ], "texture": "#demoman" },
				"up": { "uv": [ 1.5, 0.5, 6.5, 1 ], "texture": "#demoman" },
				"north": { "uv": [ 1.5, 0.5, 6.5, 1 ], "texture": "#demoman" },
				"south": { "uv": [ 1.5, 0.5, 6.5, 1 ], "texture": "#demoman" },
				"west": { "uv": [ 1.5, 0.5, 6.5, 1 ], "texture": "#demoman" },
				"east": { "uv": [ 1.5, 0.5, 6.5, 1 ], "texture": "#demoman" }
			}
		},
		{
			"__comment": "Demoman70",
			"from": [ 7, 12.5, 1.5 ],
			"to": [ 7.5, 14, 7 ],
			"faces": {
				"down": { "uv": [ 0, 15.5, 7.5, 16 ], "texture": "#demoman" },
				"up": { "uv": [ 0, 14.5, 7.5, 15 ], "texture": "#demoman" },
				"north": { "uv": [ 0, 14.5, 7.5, 16 ], "texture": "#demoman" },
				"south": { "uv": [ 0, 14.5, 7.5, 16 ], "texture": "#demoman" },
				"west": { "uv": [ 0, 14.5, 7.5, 16 ], "texture": "#demoman" },
				"east": { "uv": [ 0, 14.5, 7.5, 16 ], "texture": "#demoman" }
			}
		},
		{
			"__comment": "Demoman71",
			"from": [ 0.5, 12.5, 1.5 ],
			"to": [ 1, 14, 7 ],
			"faces": {
				"down": { "uv": [ 0, 15.5, 7.5, 16 ], "texture": "#demoman" },
				"up": { "uv": [ 0, 14.5, 7.5, 15 ], "texture": "#demoman" },
				"north": { "uv": [ 0, 14.5, 7.5, 16 ], "texture": "#demoman" },
				"south": { "uv": [ 0, 14.5, 7.5, 16 ], "texture": "#demoman" },
				"west": { "uv": [ 0, 14.5, 7.5, 16 ], "texture": "#demoman" },
				"east": { "uv": [ 0, 14.5, 7.5, 16 ], "texture": "#demoman" }
			}
		},
		{
			"__comment": "Demoman72",
			"from": [ 7, 7.5, 1.5 ],
			"to": [ 7.5, 9, 7 ],
			"faces": {
				"down": { "uv": [ 0, 15.5, 7.5, 16 ], "texture": "#demoman" },
				"up": { "uv": [ 0, 14.5, 7.5, 15 ], "texture": "#demoman" },
				"north": { "uv": [ 0, 14.5, 7.5, 16 ], "texture": "#demoman" },
				"south": { "uv": [ 0, 14.5, 7.5, 16 ], "texture": "#demoman" },
				"west": { "uv": [ 0, 14.5, 7.5, 16 ], "texture": "#demoman" },
				"east": { "uv": [ 0, 14.5, 7.5, 16 ], "texture": "#demoman" }
			}
		},
		{
			"__comment": "Demoman73",
			"from": [ 0.5, 7.5, 1.5 ],
			"to": [ 1, 9, 7 ],
			"faces": {
				"down": { "uv": [ 0, 15.5, 7.5, 16 ], "texture": "#demoman" },
				"up": { "uv": [ 0, 14.5, 7.5, 15 ], "texture": "#demoman" },
				"north": { "uv": [ 0, 14.5, 7.5, 16 ], "texture": "#demoman" },
				"south": { "uv": [ 0, 14.5, 7.5, 16 ], "texture": "#demoman" },
				"west": { "uv": [ 0, 14.5, 7.5, 16 ], "texture": "#demoman" },
				"east": { "uv": [ 0, 14.5, 7.5, 16 ], "texture": "#demoman" }
			}
		},
		{
			"__comment": "Demoman74",
			"from": [ 1, 7.5, 1.5 ],
			"to": [ 7, 9, 2 ],
			"faces": {
				"down": { "uv": [ 0, 15.5, 7.5, 16 ], "texture": "#demoman", "rotation": 90 },
				"up": { "uv": [ 0, 14.5, 7.5, 15 ], "texture": "#demoman", "rotation": 270 },
				"north": { "uv": [ 0, 14.5, 7.5, 16 ], "texture": "#demoman" },
				"south": { "uv": [ 0, 14.5, 7.5, 16 ], "texture": "#demoman" },
				"west": { "uv": [ 0, 14.5, 7.5, 16 ], "texture": "#demoman" },
				"east": { "uv": [ 0, 14.5, 7.5, 16 ], "texture": "#demoman" }
			}
		},
		{
			"__comment": "Demoman75",
			"from": [ 1, 12.5, 1.5 ],
			"to": [ 7, 14, 2 ],
			"faces": {
				"down": { "uv": [ 0, 15.5, 7.5, 16 ], "texture": "#demoman", "rotation": 90 },
				"up": { "uv": [ 0, 14.5, 7.5, 15 ], "texture": "#demoman", "rotation": 270 },
				"north": { "uv": [ 0, 14.5, 7.5, 16 ], "texture": "#demoman" },
				"south": { "uv": [ 0, 14.5, 7.5, 16 ], "texture": "#demoman" },
				"west": { "uv": [ 0, 14.5, 7.5, 16 ], "texture": "#demoman" },
				"east": { "uv": [ 0, 14.5, 7.5, 16 ], "texture": "#demoman" }
			}
		},
		{
			"__comment": "Box98",
			"from": [ 3.5, 15.5, 6.25 ],
			"to": [ 8, 16, 10.25 ],
			"rotation": { "origin": [ 3.5, 15.5, 6.25 ], "axis": "z", "angle": -22.5 },
			"faces": {
				"down": { "uv": [ 8.5, 5, 12, 8 ], "texture": "#demoman" },
				"up": { "uv": [ 8.5, 5, 12, 8 ], "texture": "#demoman" },
				"north": { "uv": [ 8, 13, 12.5, 13.5 ], "texture": "#demoman" },
				"south": { "uv": [ 8, 13, 12.5, 13.5 ], "texture": "#demoman" },
				"west": { "uv": [ 8, 13, 12.5, 13.5 ], "texture": "#demoman" },
				"east": { "uv": [ 8, 13, 12.5, 13.5 ], "texture": "#demoman" }
			}
		},
		{
			"__comment": "Box80",
			"from": [ 4, 16, 6.75 ],
			"to": [ 7.5, 21, 9.75 ],
			"rotation": { "origin": [ 3.5, 15.5, 6.25 ], "axis": "z", "angle": -22.5 },
			"faces": {
				"down": { "uv": [ 8.5, 5, 12, 8 ], "texture": "#demoman" },
				"up": { "uv": [ 8.5, 5, 12, 8 ], "texture": "#demoman" },
				"north": { "uv": [ 8.5, 8, 12, 13 ], "texture": "#demoman" },
				"south": { "uv": [ 8.5, 8, 12, 13 ], "texture": "#demoman" },
				"west": { "uv": [ 8.5, 8, 12, 13 ], "texture": "#demoman" },
				"east": { "uv": [ 8.5, 8, 12, 13 ], "texture": "#demoman" }
			}
		},
		{
			"__comment": "Box81",
			"from": [ 6.5877, 21.0205, 6.75 ],
			"to": [ 7.0877, 24.5205, 9.75 ],
			"rotation": { "origin": [ 13.25, 25.5, 6.25 ], "axis": "z", "angle": 22.5 },
			"faces": {
				"down": { "uv": [ 11.5, 3.5, 8.5, 3 ], "texture": "#demoman", "rotation": 90 },
				"up": { "uv": [ 8.5, 3, 11.5, 3.5 ], "texture": "#demoman", "rotation": 270 },
				"north": { "uv": [ 8.5, 3, 11.5, 3.5 ], "texture": "#demoman", "rotation": 90 },
				"south": { "uv": [ 8.5, 3, 11.5, 3.5 ], "texture": "#demoman", "rotation": 270 },
				"west": { "uv": [ 8.5, 5, 12, 8 ], "texture": "#demoman", "rotation": 270 },
				"east": { "uv": [ 12, 8, 8.5, 5 ], "texture": "#demoman", "rotation": 90 }
			}
		},
		{
			"__comment": "Box82",
			"from": [ 4.5, 21.75, 8.125 ],
			"to": [ 5.5, 22.75, 9.125 ],
			"rotation": { "origin": [ 3.5, 15.5, 6.25 ], "axis": "z", "angle": -22.5 },
			"faces": {
				"down": { "uv": [ 4.5, 13, 6, 14 ], "texture": "#demoman" },
				"up": { "uv": [ 4.5, 13, 6, 14 ], "texture": "#demoman" },
				"north": { "uv": [ 4.5, 13, 6, 14 ], "texture": "#demoman" },
				"south": { "uv": [ 4.5, 11, 6, 12.5 ], "texture": "#demoman" },
				"west": { "uv": [ 4.5, 13, 6, 14 ], "texture": "#demoman" },
				"east": { "uv": [ 4.5, 13, 6, 14 ], "texture": "#demoman" }
			}
		},
		{
			"__comment": "Box83",
			"from": [ 4.75, 21.5, 8.375 ],
			"to": [ 5.25, 22, 8.875 ],
			"rotation": { "origin": [ 3.5, 15.5, 6.25 ], "axis": "z", "angle": -22.5 },
			"faces": {
				"down": { "uv": [ 4.5, 13, 6, 14 ], "texture": "#demoman" },
				"up": { "uv": [ 4.5, 13, 6, 14 ], "texture": "#demoman" },
				"north": { "uv": [ 4.5, 13, 6, 14 ], "texture": "#demoman" },
				"south": { "uv": [ 4.5, 13, 6, 14 ], "texture": "#demoman" },
				"west": { "uv": [ 4.5, 13, 6, 14 ], "texture": "#demoman" },
				"east": { "uv": [ 4.5, 13, 6, 14 ], "texture": "#demoman" }
			}
		},
		{
			"__comment": "Box84",
			"from": [ 4.5, 21.25, 8.125 ],
			"to": [ 5.5, 21.55, 9.125 ],
			"rotation": { "origin": [ 3.5, 15.5, 6.25 ], "axis": "z", "angle": -22.5 },
			"faces": {
				"down": { "uv": [ 4.5, 13, 6, 14 ], "texture": "#demoman" },
				"up": { "uv": [ 4.5, 13, 6, 14 ], "texture": "#demoman" },
				"north": { "uv": [ 4.5, 13, 6, 14 ], "texture": "#demoman" },
				"south": { "uv": [ 4.5, 13, 6, 14 ], "texture": "#demoman" },
				"west": { "uv": [ 4.5, 13, 6, 14 ], "texture": "#demoman" },
				"east": { "uv": [ 4.5, 13, 6, 14 ], "texture": "#demoman" }
			}
		}
	],
"display": {
    "head": {
        "rotation": [ 0, 180, 0 ],
        "translation": [ -5, -2.6, -3.7 ],
        "scale": [ 2.43, 2.27, 2.49 ]
    },
    "gui": {
        "rotation": [ -30, 135, 0 ],
        "translation": [ -4, -4.4, 0 ],
        "scale": [ 1.8, 1.8, 1 ]
    }
}
}