{
	"__comment": "Designed by Cryptic with Cubik Studio - https://cubik.studio",
	"textures": {
		"particle": "blocks/e_particle",
		"texture": "items/eyelander",
		"eyelander": "items/eyelander"
	},
	"elements": [ 	 
		{
			"__comment": "Box1",
			"from": [ 6.5, 2.75, 7.25 ],
			"to": [ 9.5, 16.25, 7.75 ],
			"faces": {
				"down": { "uv": [ 1.5, 15.5, 4.5, 16 ], "texture": "#eyelander" },
				"up": { "uv": [ 1.5, 3, 4.5, 2.5 ], "texture": "#eyelander" },
				"north": { "uv": [ 4.5, 2.5, 1.5, 16 ], "texture": "#eyelander" },
				"south": { "uv": [ 1.5, 2.5, 4.5, 16 ], "texture": "#eyelander" },
				"west": { "uv": [ 1.5, 2.5, 2, 16 ], "texture": "#eyelander" },
				"east": { "uv": [ 4.5, 16, 4, 2.5 ], "texture": "#eyelander", "rotation": 180 }
			}
		},
		{
			"__comment": "Box2",
			"from": [ 7, 16.25, 7.25 ],
			"to": [ 9, 17.25, 7.75 ],
			"faces": {
				"down": { "uv": [ 2, 2.5, 4, 2 ], "texture": "#eyelander" },
				"up": { "uv": [ 2, 2, 4, 2.5 ], "texture": "#eyelander" },
				"north": { "uv": [ 4, 2, 2, 2.5 ], "texture": "#eyelander" },
				"south": { "uv": [ 2, 2, 4, 2.5 ], "texture": "#eyelander" },
				"west": { "uv": [ 2, 2, 2.5, 2.5 ], "texture": "#eyelander", "rotation": 270 },
				"east": { "uv": [ 4, 2.5, 3.5, 2 ], "texture": "#eyelander", "rotation": 270 }
			}
		},
		{
			"__comment": "Box3",
			"from": [ 7.5, 17.25, 7.25 ],
			"to": [ 8.5, 17.75, 7.75 ],
			"faces": {
				"down": { "uv": [ 2.5, 2, 3.5, 1.5 ], "texture": "#eyelander" },
				"up": { "uv": [ 2.5, 1.5, 3.5, 2 ], "texture": "#eyelander" },
				"north": { "uv": [ 3.5, 1.5, 2.5, 2 ], "texture": "#eyelander" },
				"south": { "uv": [ 2.5, 1.5, 3.5, 2 ], "texture": "#eyelander" },
				"west": { "uv": [ 2.5, 1.5, 3, 2 ], "texture": "#eyelander", "rotation": 270 },
				"east": { "uv": [ 3.5, 2, 3, 1.5 ], "texture": "#eyelander", "rotation": 270 }
			}
		},
		{
			"__comment": "Box4",
			"from": [ 4, -0.375, 7.25 ],
			"to": [ 4.5, -0.07499999, 7.75 ],
			"faces": {
				"down": { "uv": [ 5, 6, 5.5, 5.5 ], "texture": "#eyelander" },
				"up": { "uv": [ 5, 5.5, 5.5, 6 ], "texture": "#eyelander" },
				"north": { "uv": [ 5.5, 5.5, 5, 6 ], "texture": "#eyelander" },
				"south": { "uv": [ 5, 5.5, 5.5, 6 ], "texture": "#eyelander" },
				"west": { "uv": [ 5, 5.5, 5.5, 6 ], "texture": "#eyelander", "rotation": 270 },
				"east": { "uv": [ 5.5, 6, 5, 5.5 ], "texture": "#eyelander", "rotation": 270 }
			}
		},
		{
			"__comment": "Box6",
			"from": [ 6.25, 0, 7 ],
			"to": [ 9.75, 4.5, 8 ],
			"faces": {
				"down": { "uv": [ 6, 15.5, 9.5, 16 ], "texture": "#eyelander" },
				"up": { "uv": [ 6, 13, 9.5, 12.5 ], "texture": "#eyelander" },
				"north": { "uv": [ 9.5, 12.5, 6, 16 ], "texture": "#eyelander" },
				"south": { "uv": [ 6, 12.5, 9.5, 16 ], "texture": "#eyelander" },
				"west": { "uv": [ 6, 12.5, 6.5, 16 ], "texture": "#eyelander" },
				"east": { "uv": [ 9.5, 16, 9, 12.5 ], "texture": "#eyelander", "rotation": 180 }
			}
		},
		{
			"__comment": "Box9",
			"from": [ 7.375, -5.5, 6.875 ],
			"to": [ 8.675, -0.5, 8.175 ],
			"faces": {
				"down": { "uv": [ 11.5, 15.5, 12.5, 16 ], "texture": "#eyelander" },
				"up": { "uv": [ 11.5, 11.5, 12.5, 11 ], "texture": "#eyelander" },
				"north": { "uv": [ 12.5, 11, 11.5, 16 ], "texture": "#eyelander" },
				"south": { "uv": [ 11.5, 11, 12.5, 16 ], "texture": "#eyelander" },
				"west": { "uv": [ 11.5, 11, 12, 16 ], "texture": "#eyelander" },
				"east": { "uv": [ 12.5, 16, 12, 11 ], "texture": "#eyelander", "rotation": 180 }
			}
		},
		{
			"__comment": "Box10",
			"from": [ 7.75, 1.125, 6.75 ],
			"to": [ 8.25, 2.125, 8.25 ],
			"faces": {
				"down": { "uv": [ 5.5, 7, 9, 7.5 ], "texture": "#texture" },
				"up": { "uv": [ 5.5, 7, 9, 7.5 ], "texture": "#texture" },
				"north": { "uv": [ 5.5, 7, 9, 7.5 ], "texture": "#texture" },
				"south": { "uv": [ 5.5, 7, 9, 7.5 ], "texture": "#texture" },
				"west": { "uv": [ 5.5, 7, 9, 7.5 ], "texture": "#texture" },
				"east": { "uv": [ 5.5, 7, 9, 7.5 ], "texture": "#texture" }
			}
		},
		{
			"__comment": "Box11",
			"from": [ 6.25, -0.5, 6.75 ],
			"to": [ 9.75, 0, 8.25 ],
			"faces": {
				"down": { "uv": [ 5.5, 7, 9, 7.5 ], "texture": "#texture" },
				"up": { "uv": [ 5.5, 7, 9, 7.5 ], "texture": "#texture" },
				"north": { "uv": [ 5.5, 7, 9, 7.5 ], "texture": "#texture" },
				"south": { "uv": [ 5.5, 7, 9, 7.5 ], "texture": "#texture" },
				"west": { "uv": [ 5.5, 7, 9, 7.5 ], "texture": "#texture" },
				"east": { "uv": [ 5.5, 7, 9, 7.5 ], "texture": "#texture" }
			}
		},
		{
			"__comment": "Box10",
			"from": [ 7.25, 0, 6.75 ],
			"to": [ 8.75, 1.5, 8.25 ],
			"faces": {
				"down": { "uv": [ 5.5, 7, 9, 7.5 ], "texture": "#texture" },
				"up": { "uv": [ 5.5, 7, 9, 7.5 ], "texture": "#texture" },
				"north": { "uv": [ 5.5, 7, 9, 7.5 ], "texture": "#texture" },
				"south": { "uv": [ 5.5, 7, 9, 7.5 ], "texture": "#texture" },
				"west": { "uv": [ 5.5, 7, 9, 7.5 ], "texture": "#texture" },
				"east": { "uv": [ 5.5, 7, 9, 7.5 ], "texture": "#texture" }
			}
		},
		{
			"__comment": "Box13",
			"from": [ 4.5, -0.5, 7 ],
			"to": [ 6.5, 0, 8 ],
			"faces": {
				"down": { "uv": [ 5.5, 6.5, 7, 7.5 ], "texture": "#texture" },
				"up": { "uv": [ 5.5, 6.5, 7, 7.5 ], "texture": "#texture" },
				"north": { "uv": [ 5.5, 6.5, 7, 7.5 ], "texture": "#texture" },
				"south": { "uv": [ 5.5, 6.5, 7, 7.5 ], "texture": "#texture" },
				"west": { "uv": [ 5.5, 6.5, 7, 7.5 ], "texture": "#texture" },
				"east": { "uv": [ 5.5, 6.5, 7, 7.5 ], "texture": "#texture" }
			}
		},
		{
			"__comment": "Box13",
			"from": [ 9.5, -0.5, 7 ],
			"to": [ 11.5, 0, 8 ],
			"faces": {
				"down": { "uv": [ 5.5, 6.5, 7, 7.5 ], "texture": "#texture" },
				"up": { "uv": [ 5.5, 6.5, 7, 7.5 ], "texture": "#texture" },
				"north": { "uv": [ 5.5, 6.5, 7, 7.5 ], "texture": "#texture" },
				"south": { "uv": [ 5.5, 6.5, 7, 7.5 ], "texture": "#texture" },
				"west": { "uv": [ 5.5, 6.5, 7, 7.5 ], "texture": "#texture" },
				"east": { "uv": [ 5.5, 6.5, 7, 7.5 ], "texture": "#texture" }
			}
		},
		{
			"__comment": "Box4",
			"from": [ 11.5, -0.375, 7.25 ],
			"to": [ 12, -0.07499999, 7.75 ],
			"faces": {
				"down": { "uv": [ 5, 6, 5.5, 5.5 ], "texture": "#eyelander" },
				"up": { "uv": [ 5, 5.5, 5.5, 6 ], "texture": "#eyelander" },
				"north": { "uv": [ 5.5, 5.5, 5, 6 ], "texture": "#eyelander" },
				"south": { "uv": [ 5, 5.5, 5.5, 6 ], "texture": "#eyelander" },
				"west": { "uv": [ 5, 5.5, 5.5, 6 ], "texture": "#eyelander", "rotation": 270 },
				"east": { "uv": [ 5.5, 6, 5, 5.5 ], "texture": "#eyelander", "rotation": 270 }
			}
		},
		{
			"__comment": "Box16",
			"from": [ 7.125, -4, 6.625 ],
			"to": [ 8.925, -3.5, 8.425 ],
			"faces": {
				"down": { "uv": [ 11.5, 14, 12.5, 14.5 ], "texture": "#texture" },
				"up": { "uv": [ 11.5, 14, 12.5, 14.5 ], "texture": "#texture" },
				"north": { "uv": [ 11.5, 14, 12.5, 14.5 ], "texture": "#texture" },
				"south": { "uv": [ 11.5, 14, 12.5, 14.5 ], "texture": "#texture" },
				"west": { "uv": [ 11.5, 14, 12.5, 14.5 ], "texture": "#texture" },
				"east": { "uv": [ 11.5, 14, 12.5, 14.5 ], "texture": "#texture" }
			}
		},
		{
			"__comment": "Box17",
			"from": [ 7.32, -5.75, 6.84 ],
			"to": [ 8.719999, -4, 8.24 ],
			"faces": {
				"down": { "uv": [ 11.5, 12, 12.5, 14 ], "texture": "#texture" },
				"up": { "uv": [ 11.5, 12, 12.5, 14 ], "texture": "#texture" },
				"north": { "uv": [ 11.5, 12, 12.5, 14 ], "texture": "#texture" },
				"south": { "uv": [ 11.5, 12, 12.5, 14 ], "texture": "#texture" },
				"west": { "uv": [ 11.5, 12, 12.5, 14 ], "texture": "#texture" },
				"east": { "uv": [ 11.5, 12, 12.5, 14 ], "texture": "#texture" }
			}
		},
		{
			"__comment": "Box17",
			"from": [ 7.32, -3.5, 6.84 ],
			"to": [ 8.719999, -1.5, 8.24 ],
			"faces": {
				"down": { "uv": [ 11.5, 12, 12.5, 14 ], "texture": "#texture" },
				"up": { "uv": [ 11.5, 12, 12.5, 14 ], "texture": "#texture" },
				"north": { "uv": [ 11.5, 12, 12.5, 14 ], "texture": "#texture" },
				"south": { "uv": [ 11.5, 12, 12.5, 14 ], "texture": "#texture" },
				"west": { "uv": [ 11.5, 12, 12.5, 14 ], "texture": "#texture" },
				"east": { "uv": [ 11.5, 12, 12.5, 14 ], "texture": "#texture" }
			}
		},
		{
			"__comment": "Box19",
			"from": [ 7.26, -7.25, 6.79 ],
			"to": [ 8.76, -5.75, 8.29 ],
			"faces": {
				"down": { "uv": [ 2.5, 4.75, 3.5, 5.75 ], "texture": "#texture" },
				"up": { "uv": [ 2.5, 4.75, 3.5, 5.75 ], "texture": "#texture" },
				"north": { "uv": [ 2.5, 4.75, 3.5, 5.75 ], "texture": "#texture" },
				"south": { "uv": [ 2.5, 4.75, 3.5, 5.75 ], "texture": "#texture" },
				"west": { "uv": [ 2.5, 4.75, 3.5, 5.75 ], "texture": "#texture" },
				"east": { "uv": [ 2.5, 4.75, 3.5, 5.75 ], "texture": "#texture" }
			}
		},
		{
			"__comment": "Box20",
			"from": [ 7.5, -7, 6.5 ],
			"to": [ 8.5, -6, 8.5 ],
			"faces": {
				"down": { "uv": [ 2.5, 4.75, 3.5, 5.75 ], "texture": "#texture" },
				"up": { "uv": [ 2.5, 4.75, 3.5, 5.75 ], "texture": "#texture" },
				"north": { "uv": [ 2.5, 4.75, 3.5, 5.75 ], "texture": "#texture" },
				"south": { "uv": [ 2.5, 4.75, 3.5, 5.75 ], "texture": "#texture" },
				"west": { "uv": [ 2.5, 4.75, 3.5, 5.75 ], "texture": "#texture" },
				"east": { "uv": [ 2.5, 4.75, 3.5, 5.75 ], "texture": "#texture" }
			}
		},
		{
			"__comment": "Box20",
			"from": [ 7, -7, 7 ],
			"to": [ 9, -6, 8 ],
			"faces": {
				"down": { "uv": [ 2.5, 4.75, 3.5, 5.75 ], "texture": "#texture" },
				"up": { "uv": [ 2.5, 4.75, 3.5, 5.75 ], "texture": "#texture" },
				"north": { "uv": [ 2.5, 4.75, 3.5, 5.75 ], "texture": "#texture" },
				"south": { "uv": [ 2.5, 4.75, 3.5, 5.75 ], "texture": "#texture" },
				"west": { "uv": [ 2.5, 4.75, 3.5, 5.75 ], "texture": "#texture" },
				"east": { "uv": [ 2.5, 4.75, 3.5, 5.75 ], "texture": "#texture" }
			}
		}
	],
	"display": {
		"thirdperson": {
			"rotation":  [ 0, 272, 100 ],
			"translation":  [ -0.25, -0.50, -7.00 ],
			"scale":  [ 1.00, 1.13, 1.00 ]
		},
		"firstperson": {
			"rotation":  [ 0, 60, 10 ],
			"translation": [ -1.00, 9.00, 3.25 ],
			"scale":   [ 1.22, 1.55, 1.21 ]
		},
		"gui": {
			"rotation":  [ 28, 318, 38 ],
			"translation": [ 0.00, 0.00, 0.00 ],
			"scale":   [ 1.00, 1.00, 1.00 ]
		}
	}
}