{
	"__comment": "Designed by Hypixel minecraft server with BDcraft Cubik PRO 0.92 Beta - http://bdcraft.net",
	"textures": {
		"texture": "items/golden_sword",
		"blade": "items/blade_blue",
		"energyblade_ani2": "items/unstablesabre_blue",
		"particle": "items/luke_saber_decal"
	},
	"elements": [ 	 
		{
			"from": [ 8, 0, 7.375 ],
			"to": [ 9.5, 0.5, 8.625 ],
			"faces": {
				"up": { "uv": [ 8, 3, 9.5, 3.5 ], "texture": "#texture" },
				"north": { "uv": [ 9.5, 3, 8, 3.5 ], "texture": "#texture" },
				"south": { "uv": [ 8, 3, 9.5, 3.5 ], "texture": "#texture" },
				"west": { "uv": [ 8, 3, 8.5, 3.5 ], "texture": "#texture" },
				"east": { "uv": [ 9, 3, 9.5, 3.5 ], "texture": "#texture" }
			}
		},
		{
			"from": [ 8.75, 0.5, 7.375 ],
			"to": [ 9.5, 1, 8.625 ],
			"faces": {
				"up": { "uv": [ 8.75, 2.5, 9.5, 3.5 ], "texture": "#texture" },
				"north": { "uv": [ 9.5, 2.5, 8.75, 3 ], "texture": "#texture" },
				"south": { "uv": [ 8.75, 2.5, 9.5, 3 ], "texture": "#texture" },
				"west": { "uv": [ 8.5, 2.5, 9, 3 ], "texture": "#texture" },
				"east": { "uv": [ 9, 2.5, 9.5, 3 ], "texture": "#texture" }
			}
		},
		{
			"from": [ 8.25, 0, 7.25 ],
			"to": [ 9.25, 0.5, 8.75 ],
			"faces": {
				"up": { "uv": [ 8.25, 3, 9.25, 3.5 ], "texture": "#texture" },
				"north": { "uv": [ 9.25, 3, 8.25, 3.5 ], "texture": "#texture" },
				"south": { "uv": [ 8.25, 3, 9.25, 3.5 ], "texture": "#texture" },
				"west": { "uv": [ 8, 3, 8.5, 3.5 ], "texture": "#texture" },
				"east": { "uv": [ 9, 3, 9.5, 3.5 ], "texture": "#texture" }
			}
		},
		{
			"from": [ 7.25, -1.5, 6.5 ],
			"to": [ 8.75, 0, 9.5 ],
			"faces": {
				"down": { "uv": [ 7, 3.5, 9, 4 ], "texture": "#texture", "rotation": 90 },
				"up": { "uv": [ 7, 4.5, 9, 5 ], "texture": "#texture", "rotation": 90 },
				"north": { "uv": [ 7, 3.5, 9, 4 ], "texture": "#texture", "rotation": 90 },
				"south": { "uv": [ 7, 3.5, 9, 4 ], "texture": "#texture", "rotation": 90 },
				"west": { "uv": [ 7, 3.5, 9, 4 ], "texture": "#texture", "rotation": 90 },
				"east": { "uv": [ 7, 3.5, 9, 4 ], "texture": "#texture", "rotation": 90 }
			}
		},
		{
			"from": [ 6.75, -1.5, 6.75 ],
			"to": [ 9.25, 0, 9.25 ],
			"faces": {
				"down": { "uv": [ 7, 3.5, 9, 4 ], "texture": "#texture", "rotation": 90 },
				"up": { "uv": [ 7, 4.5, 9, 5 ], "texture": "#texture", "rotation": 90 },
				"north": { "uv": [ 7, 3.5, 9, 4 ], "texture": "#texture", "rotation": 90 },
				"south": { "uv": [ 7, 3.5, 9, 4 ], "texture": "#texture", "rotation": 90 },
				"west": { "uv": [ 7, 3.5, 9, 4 ], "texture": "#texture", "rotation": 90 },
				"east": { "uv": [ 7, 3.5, 9, 4 ], "texture": "#texture", "rotation": 90 }
			}
		},
		{
			"from": [ 7, -3.5, 7.5 ],
			"to": [ 9, -1.5, 8.5 ],
			"faces": {
				"north": { "uv": [ 9, 5, 7, 7 ], "texture": "#texture" },
				"south": { "uv": [ 7, 5, 9, 7 ], "texture": "#texture" },
				"west": { "uv": [ 7, 5, 7.5, 7 ], "texture": "#texture" },
				"east": { "uv": [ 8.5, 5, 9, 7 ], "texture": "#texture" }
			}
		},
		{
			"from": [ 7.5, -3.5, 7 ],
			"to": [ 8.5, -1.5, 9 ],
			"faces": {
				"north": { "uv": [ 8.5, 5, 7.5, 6.5 ], "texture": "#texture" },
				"south": { "uv": [ 8.5, 5, 7.5, 6.5 ], "texture": "#texture" },
				"west": { "uv": [ 8.5, 5, 7.5, 6.5 ], "texture": "#texture" },
				"east": { "uv": [ 8.5, 5, 7.5, 6.5 ], "texture": "#texture" }
			}
		},
		{
			"from": [ 7.25, -3.5, 7.25 ],
			"to": [ 8.75, -1.5, 8.75 ],
			"faces": {
				"north": { "uv": [ 8.75, 5, 7.25, 7 ], "texture": "#texture" },
				"south": { "uv": [ 7.25, 5, 8.75, 7 ], "texture": "#texture" },
				"west": { "uv": [ 7, 5, 7.5, 7 ], "texture": "#texture" },
				"east": { "uv": [ 8.5, 5, 9, 7 ], "texture": "#texture" }
			}
		},
		{
			"from": [ 7, -5, 7 ],
			"to": [ 9, -3.5, 9 ],
			"faces": {
				"down": { "uv": [ 8.5, 5.5, 7.5, 6 ], "texture": "#texture" },
				"up": { "uv": [ 8.5, 5.5, 7.5, 6 ], "texture": "#texture" },
				"north": { "uv": [ 8.5, 5.5, 7.5, 6 ], "texture": "#texture" },
				"south": { "uv": [ 8.5, 5.5, 7.5, 6 ], "texture": "#texture" },
				"west": { "uv": [ 8.5, 5.5, 7.5, 6 ], "texture": "#texture" },
				"east": { "uv": [ 8.5, 5.5, 7.5, 6 ], "texture": "#texture" }
			}
		},
		{
			"from": [ 6.7, -4.6, 7.5 ],
			"to": [ 7.7, -3.6, 8.5 ],
			"faces": {
				"down": { "uv": [ 6.5, 7.5, 7, 8 ], "texture": "#texture" },
				"up": { "uv": [ 6.5, 7.5, 7, 8 ], "texture": "#texture" },
				"north": { "uv": [ 6.5, 7.5, 7, 8 ], "texture": "#texture" },
				"south": { "uv": [ 6.5, 7.5, 7, 8 ], "texture": "#texture" },
				"west": { "uv": [ 6.5, 7.5, 7, 8 ], "texture": "#texture" },
				"east": { "uv": [ 6.5, 7.5, 7, 8 ], "texture": "#texture" }
			}
		},
		{
			"from": [ 7.25, -6, 7.25 ],
			"to": [ 8.75, -5, 8.75 ],
			"faces": {
				"north": { "uv": [ 8.75, 8.5, 7.25, 9.5 ], "texture": "#texture" },
				"south": { "uv": [ 7.25, 8.5, 8.75, 9.5 ], "texture": "#texture" },
				"west": { "uv": [ 7, 8.5, 7.5, 9.5 ], "texture": "#texture" },
				"east": { "uv": [ 8.5, 8.5, 9, 9.5 ], "texture": "#texture" }
			}
		},
		{
			"from": [ 7, -6, 7.5 ],
			"to": [ 9, -5, 8.5 ],
			"faces": {
				"north": { "uv": [ 9, 8.5, 7, 9.5 ], "texture": "#texture" },
				"south": { "uv": [ 7, 8.5, 9, 9.5 ], "texture": "#texture" },
				"west": { "uv": [ 7, 8.5, 7.5, 9.5 ], "texture": "#texture" },
				"east": { "uv": [ 8.5, 8.5, 9, 9.5 ], "texture": "#texture" }
			}
		},
		{
			"from": [ 7.5, -6, 7 ],
			"to": [ 8.5, -5, 9 ],
			"faces": {
				"north": { "uv": [ 8.5, 9, 7.5, 9.5 ], "texture": "#texture" },
				"south": { "uv": [ 8.5, 9, 7.5, 9.5 ], "texture": "#texture" },
				"west": { "uv": [ 8.5, 9, 7.5, 9.5 ], "texture": "#texture" },
				"east": { "uv": [ 8.5, 9, 7.5, 9.5 ], "texture": "#texture" }
			}
		},
		{
			"from": [ 7, -11, 7.5 ],
			"to": [ 9, -10, 8.5 ],
			"faces": {
				"down": { "uv": [ 7, 14, 9, 14.5 ], "texture": "#texture" },
				"north": { "uv": [ 7, 13.5, 9, 14.5 ], "texture": "#texture" },
				"south": { "uv": [ 7, 13.5, 9, 14.5 ], "texture": "#texture" },
				"west": { "uv": [ 7, 13.5, 7.5, 14.5 ], "texture": "#texture" },
				"east": { "uv": [ 7, 13.5, 7.5, 14.5 ], "texture": "#texture" }
			}
		},
		{
			"from": [ 7.25, -11, 7.25 ],
			"to": [ 8.75, -10, 8.75 ],
			"faces": {
				"down": { "uv": [ 7.25, 14, 8.75, 14.5 ], "texture": "#texture" },
				"north": { "uv": [ 7.25, 13.5, 8.75, 14.5 ], "texture": "#texture" },
				"south": { "uv": [ 7.25, 13.5, 8.75, 14.5 ], "texture": "#texture" },
				"west": { "uv": [ 7.25, 13.5, 8.75, 14.5 ], "texture": "#texture" },
				"east": { "uv": [ 7.25, 13.5, 8.75, 14.5 ], "texture": "#texture" }
			}
		},
		{
			"from": [ 7.5, -11, 7 ],
			"to": [ 8.5, -10, 9 ],
			"faces": {
				"down": { "uv": [ 7.5, 14, 8.5, 14.5 ], "texture": "#texture" },
				"north": { "uv": [ 7.5, 13.5, 8.5, 14.5 ], "texture": "#texture" },
				"south": { "uv": [ 7.5, 13.5, 8.5, 14.5 ], "texture": "#texture" },
				"west": { "uv": [ 7, 13.5, 9, 14.5 ], "texture": "#texture" },
				"east": { "uv": [ 7, 13.5, 9, 14.5 ], "texture": "#texture" }
			}
		},
		{
			"from": [ 7, 0, 7 ],
			"to": [ 9, 23, 9 ],
			"faces": {
				"down": { "uv": [ 0, 6.75, 0.5, 7.25 ], "texture": "#energyblade_ani2" },
				"up": { "uv": [ 0, 6.75, 0.5, 7.25 ], "texture": "#energyblade_ani2" },
				"north": { "uv": [ 4, 6, 12.5, 10 ], "texture": "#energyblade_ani2", "rotation": 90 },
				"south": { "uv": [ 12.5, 6, 4, 10 ], "texture": "#energyblade_ani2", "rotation": 90 },
				"west": { "uv": [ 4, 6, 12.5, 10 ], "texture": "#energyblade_ani2", "rotation": 90 },
				"east": { "uv": [ 12.5, 6, 4, 10 ], "texture": "#energyblade_ani2", "rotation": 90 }
			}
		},
		{
			"from": [ 8.5, 0, 7.5 ],
			"to": [ 9, 23, 8.5 ],
			"faces": {
				"down": { "uv": [ 2.25, 3.75, 2.75, 4.25 ], "texture": "#blade" },
				"up": { "uv": [ 2.25, 3.75, 2.75, 4.25 ], "texture": "#blade" },
				"north": { "uv": [ 2.25, 3.75, 2.5, 16 ], "texture": "#blade" },
				"south": { "uv": [ 2.25, 3.75, 2.5, 16 ], "texture": "#blade" },
				"west": { "uv": [ 2.25, 3.75, 2.5, 16 ], "texture": "#blade" },
				"east": { "uv": [ 2.25, 3.75, 2.5, 16 ], "texture": "#blade" }
			}
		},
		{
			"from": [ 7.5, 0, 7 ],
			"to": [ 8.5, 23, 7.5 ],
			"faces": {
				"down": { "uv": [ 2.25, 3.75, 2.75, 4.25 ], "texture": "#blade" },
				"up": { "uv": [ 2.25, 3.75, 2.75, 4.25 ], "texture": "#blade" },
				"north": { "uv": [ 2.25, 3.75, 2.5, 16 ], "texture": "#blade" },
				"south": { "uv": [ 2.25, 3.75, 2.5, 16 ], "texture": "#blade" },
				"west": { "uv": [ 2.25, 3.75, 2.5, 16 ], "texture": "#blade" },
				"east": { "uv": [ 2.25, 3.75, 2.5, 16 ], "texture": "#blade" }
			}
		},
		{
			"from": [ 7.5, 0, 8.5 ],
			"to": [ 8.5, 23, 9 ],
			"faces": {
				"down": { "uv": [ 2.25, 3.75, 2.75, 4.25 ], "texture": "#blade" },
				"up": { "uv": [ 2.25, 3.75, 2.75, 4.25 ], "texture": "#blade" },
				"north": { "uv": [ 2.25, 3.75, 2.5, 16 ], "texture": "#blade" },
				"south": { "uv": [ 2.25, 3.75, 2.5, 16 ], "texture": "#blade" },
				"west": { "uv": [ 2.25, 3.75, 2.5, 16 ], "texture": "#blade" },
				"east": { "uv": [ 2.25, 3.75, 2.5, 16 ], "texture": "#blade" }
			}
		},
		{
			"from": [ 7, 0, 7.5 ],
			"to": [ 7.5, 23, 8.5 ],
			"faces": {
				"down": { "uv": [ 2.25, 3.75, 2.75, 4.25 ], "texture": "#blade" },
				"up": { "uv": [ 2.25, 3.75, 2.75, 4.25 ], "texture": "#blade" },
				"north": { "uv": [ 2.25, 3.75, 2.5, 16 ], "texture": "#blade" },
				"south": { "uv": [ 2.25, 3.75, 2.5, 16 ], "texture": "#blade" },
				"west": { "uv": [ 2.25, 3.75, 2.5, 16 ], "texture": "#blade" },
				"east": { "uv": [ 2.25, 3.75, 2.5, 16 ], "texture": "#blade" }
			}
		},
		{
			"from": [ 7, 0, 7 ],
			"to": [ 7.5, 23, 7.5 ],
			"faces": {
				"down": { "uv": [ 6.5, 3.75, 7, 4.25 ], "texture": "#blade" },
				"up": { "uv": [ 6.5, 3.75, 7, 4.25 ], "texture": "#blade" },
				"north": { "uv": [ 10.5, 3.75, 10.75, 16 ], "texture": "#blade" },
				"south": { "uv": [ 6.75, 3.75, 7, 16 ], "texture": "#blade" },
				"west": { "uv": [ 11.25, 3.75, 11.5, 16 ], "texture": "#blade" },
				"east": { "uv": [ 9, 3.75, 9.25, 16 ], "texture": "#blade" }
			}
		},
		{
			"from": [ 8.5, 0, 7 ],
			"to": [ 9, 23, 7.5 ],
			"faces": {
				"down": { "uv": [ 6.5, 3.75, 7, 4.25 ], "texture": "#blade" },
				"up": { "uv": [ 6.5, 3.75, 7, 4.25 ], "texture": "#blade" },
				"north": { "uv": [ 9.75, 3.75, 10, 16 ], "texture": "#blade" },
				"south": { "uv": [ 7.5, 3.75, 7.75, 16 ], "texture": "#blade" },
				"west": { "uv": [ 11.25, 3.75, 11.5, 16 ], "texture": "#blade" },
				"east": { "uv": [ 9, 3.75, 9.25, 16 ], "texture": "#blade" }
			}
		},
		{
			"from": [ 8.5, 0, 8.5 ],
			"to": [ 9, 23, 9 ],
			"faces": {
				"down": { "uv": [ 6.5, 3.75, 7, 4.25 ], "texture": "#blade" },
				"up": { "uv": [ 6.5, 3.75, 7, 4.25 ], "texture": "#blade" },
				"north": { "uv": [ 9.75, 3.75, 10, 16 ], "texture": "#blade" },
				"south": { "uv": [ 7.5, 3.75, 7.75, 16 ], "texture": "#blade" },
				"west": { "uv": [ 12, 3.75, 12.25, 16 ], "texture": "#blade" },
				"east": { "uv": [ 8.25, 3.75, 8.5, 16 ], "texture": "#blade" }
			}
		},
		{
			"from": [ 7, 0, 8.5 ],
			"to": [ 7.5, 23, 9 ],
			"faces": {
				"down": { "uv": [ 6.5, 3.75, 7, 4.25 ], "texture": "#blade" },
				"up": { "uv": [ 6.5, 3.75, 7, 4.25 ], "texture": "#blade" },
				"north": { "uv": [ 10.5, 3.75, 10.75, 16 ], "texture": "#blade" },
				"south": { "uv": [ 6.75, 3.75, 7, 16 ], "texture": "#blade" },
				"west": { "uv": [ 12, 3.75, 12.25, 16 ], "texture": "#blade" },
				"east": { "uv": [ 8.25, 3.75, 8.5, 16 ], "texture": "#blade" }
			}
		},
		{
			"from": [ 7.5, 0, 9 ],
			"to": [ 8.5, 23, 9.25 ],
			"faces": {
				"down": { "uv": [ 6.5, 3.75, 7, 4.25 ], "texture": "#blade" },
				"up": { "uv": [ 6.5, 3.75, 7, 4.25 ], "texture": "#blade" },
				"north": { "uv": [ 10, 3.75, 10.5, 16 ], "texture": "#blade" },
				"south": { "uv": [ 7, 3.75, 7.5, 16 ], "texture": "#blade" },
				"west": { "uv": [ 12.25, 3.75, 12.5, 16 ], "texture": "#blade" },
				"east": { "uv": [ 8, 3.75, 8.25, 16 ], "texture": "#blade" }
			}
		},
		{
			"from": [ 7.5, 0, 6.75 ],
			"to": [ 8.5, 23, 7 ],
			"faces": {
				"down": { "uv": [ 6.5, 3.75, 7, 4.25 ], "texture": "#blade" },
				"up": { "uv": [ 6.5, 3.75, 7, 4.25 ], "texture": "#blade" },
				"north": { "uv": [ 10, 3.75, 10.5, 16 ], "texture": "#blade" },
				"south": { "uv": [ 7, 3.75, 7.5, 16 ], "texture": "#blade" },
				"west": { "uv": [ 11, 3.75, 11.25, 16 ], "texture": "#blade" },
				"east": { "uv": [ 9.25, 3.75, 9.5, 16 ], "texture": "#blade" }
			}
		},
		{
			"from": [ 6.75, 0, 7.5 ],
			"to": [ 7, 23, 8.5 ],
			"faces": {
				"down": { "uv": [ 6.5, 3.75, 7, 4.25 ], "texture": "#blade" },
				"up": { "uv": [ 6.5, 3.75, 7, 4.25 ], "texture": "#blade" },
				"north": { "uv": [ 10.75, 3.75, 11, 16 ], "texture": "#blade" },
				"south": { "uv": [ 6.5, 3.75, 6.75, 16 ], "texture": "#blade" },
				"west": { "uv": [ 11.5, 3.75, 12, 16 ], "texture": "#blade" },
				"east": { "uv": [ 8.5, 3.75, 9, 16 ], "texture": "#blade" }
			}
		},
		{
			"from": [ 9, 0, 7.5 ],
			"to": [ 9.25, 23, 8.5 ],
			"faces": {
				"down": { "uv": [ 6.5, 3.75, 7, 4.25 ], "texture": "#blade" },
				"up": { "uv": [ 6.5, 3.75, 7, 4.25 ], "texture": "#blade" },
				"north": { "uv": [ 9.5, 3.75, 9.75, 16 ], "texture": "#blade" },
				"south": { "uv": [ 7.75, 3.75, 8, 16 ], "texture": "#blade" },
				"west": { "uv": [ 11.5, 3.75, 12, 16 ], "texture": "#blade" },
				"east": { "uv": [ 8.5, 3.75, 9, 16 ], "texture": "#blade" }
			}
		},
		{
			"from": [ 7, 0, 7.5 ],
			"to": [ 7.5, 23, 8.5 ],
			"faces": {
				"down": { "uv": [ 2.25, 3.75, 2.75, 4.25 ], "texture": "#blade" },
				"up": { "uv": [ 2.25, 3.75, 2.75, 4.25 ], "texture": "#blade" },
				"north": { "uv": [ 2.25, 3.75, 2.5, 16 ], "texture": "#blade" },
				"south": { "uv": [ 2.25, 3.75, 2.5, 16 ], "texture": "#blade" },
				"west": { "uv": [ 2.25, 3.75, 2.5, 16 ], "texture": "#blade" },
				"east": { "uv": [ 2.25, 3.75, 2.5, 16 ], "texture": "#blade" }
			}
		},
		{
			"from": [ 7.5, 0, 7 ],
			"to": [ 8.5, 23, 7.5 ],
			"faces": {
				"down": { "uv": [ 2.25, 3.75, 2.75, 4.25 ], "texture": "#blade" },
				"up": { "uv": [ 2.25, 3.75, 2.75, 4.25 ], "texture": "#blade" },
				"north": { "uv": [ 2.25, 3.75, 2.5, 16 ], "texture": "#blade" },
				"south": { "uv": [ 2.25, 3.75, 2.5, 16 ], "texture": "#blade" },
				"west": { "uv": [ 2.25, 3.75, 2.5, 16 ], "texture": "#blade" },
				"east": { "uv": [ 2.25, 3.75, 2.5, 16 ], "texture": "#blade" }
			}
		},
		{
			"from": [ 8.5, 0, 7.5 ],
			"to": [ 9, 23, 8.5 ],
			"faces": {
				"down": { "uv": [ 2.25, 3.75, 2.75, 4.25 ], "texture": "#blade" },
				"up": { "uv": [ 2.25, 3.75, 2.75, 4.25 ], "texture": "#blade" },
				"north": { "uv": [ 2.25, 3.75, 2.5, 16 ], "texture": "#blade" },
				"south": { "uv": [ 2.25, 3.75, 2.5, 16 ], "texture": "#blade" },
				"west": { "uv": [ 2.25, 3.75, 2.5, 16 ], "texture": "#blade" },
				"east": { "uv": [ 2.25, 3.75, 2.5, 16 ], "texture": "#blade" }
			}
		},
		{
			"from": [ 7.5, 0, 8.5 ],
			"to": [ 8.5, 23, 9 ],
			"faces": {
				"down": { "uv": [ 2.25, 3.75, 2.75, 4.25 ], "texture": "#blade" },
				"up": { "uv": [ 2.25, 3.75, 2.75, 4.25 ], "texture": "#blade" },
				"north": { "uv": [ 2.25, 3.75, 2.5, 16 ], "texture": "#blade" },
				"south": { "uv": [ 2.25, 3.75, 2.5, 16 ], "texture": "#blade" },
				"west": { "uv": [ 2.25, 3.75, 2.5, 16 ], "texture": "#blade" },
				"east": { "uv": [ 2.25, 3.75, 2.5, 16 ], "texture": "#blade" }
			}
		},
		{
			"from": [ 8, 0, 6.5 ],
			"to": [ 10, 23, 8.5 ],
			"rotation": { "origin": [ 8, 0, 6.5 ], "axis": "y", "angle": -45 },
			"faces": {
				"down": { "uv": [ 13, 0, 4, 5 ], "texture": "#energyblade_ani2", "rotation": 270 },
				"up": { "uv": [ 3.5, 0, 12.5, 5 ], "texture": "#energyblade_ani2", "rotation": 270 },
				"north": { "uv": [ 4, 6.5, 12, 9.5 ], "texture": "#energyblade_ani2", "rotation": 90 },
				"south": { "uv": [ 12, 6.5, 4, 9.5 ], "texture": "#energyblade_ani2", "rotation": 90 },
				"west": { "uv": [ 4, 6, 12, 9.5 ], "texture": "#energyblade_ani2", "rotation": 90 },
				"east": { "uv": [ 12, 6, 4, 9.5 ], "texture": "#energyblade_ani2", "rotation": 90 }
			}
		},
		{
			"from": [ 7, 23, 7.5 ],
			"to": [ 7.5, 23.5, 8.5 ],
			"faces": {
				"down": { "uv": [ 6.5, 3.75, 7, 4.25 ], "texture": "#blade" },
				"up": { "uv": [ 6.5, 3.75, 7, 4.25 ], "texture": "#blade" },
				"north": { "uv": [ 10.5, 3.75, 10.75, 4 ], "texture": "#blade" },
				"south": { "uv": [ 6.75, 3.75, 7, 4 ], "texture": "#blade" },
				"west": { "uv": [ 11.25, 3.75, 11.5, 4 ], "texture": "#blade" },
				"east": { "uv": [ 9, 3.75, 9.25, 4 ], "texture": "#blade" }
			}
		},
		{
			"from": [ 7.5, 23, 7 ],
			"to": [ 8.5, 23.5, 7.5 ],
			"faces": {
				"down": { "uv": [ 6.5, 3.75, 7, 4.25 ], "texture": "#blade" },
				"up": { "uv": [ 6.5, 3.75, 7, 4.25 ], "texture": "#blade" },
				"north": { "uv": [ 10.5, 3.75, 10.75, 4 ], "texture": "#blade" },
				"south": { "uv": [ 6.75, 3.75, 7, 4 ], "texture": "#blade" },
				"west": { "uv": [ 11.25, 3.75, 11.5, 4 ], "texture": "#blade" },
				"east": { "uv": [ 9, 3.75, 9.25, 4 ], "texture": "#blade" }
			}
		},
		{
			"from": [ 8.5, 23, 7.5 ],
			"to": [ 9, 23.5, 8.5 ],
			"faces": {
				"down": { "uv": [ 6.5, 3.75, 7, 4.25 ], "texture": "#blade" },
				"up": { "uv": [ 6.5, 3.75, 7, 4.25 ], "texture": "#blade" },
				"north": { "uv": [ 10.5, 3.75, 10.75, 4 ], "texture": "#blade" },
				"south": { "uv": [ 6.75, 3.75, 7, 4 ], "texture": "#blade" },
				"west": { "uv": [ 11.25, 3.75, 11.5, 4 ], "texture": "#blade" },
				"east": { "uv": [ 9, 3.75, 9.25, 4 ], "texture": "#blade" }
			}
		},
		{
			"from": [ 7.5, 23, 8.5 ],
			"to": [ 8.5, 23.5, 9 ],
			"faces": {
				"down": { "uv": [ 6.5, 3.75, 7, 4.25 ], "texture": "#blade" },
				"up": { "uv": [ 6.5, 3.75, 7, 4.25 ], "texture": "#blade" },
				"north": { "uv": [ 10.5, 3.75, 10.75, 4 ], "texture": "#blade" },
				"south": { "uv": [ 6.75, 3.75, 7, 4 ], "texture": "#blade" },
				"west": { "uv": [ 11.25, 3.75, 11.5, 4 ], "texture": "#blade" },
				"east": { "uv": [ 9, 3.75, 9.25, 4 ], "texture": "#blade" }
			}
		},
		{
			"from": [ 7.5, 23, 7.5 ],
			"to": [ 8.5, 24, 8.5 ],
			"faces": {
				"down": { "uv": [ 6.5, 3.75, 7, 4.25 ], "texture": "#blade" },
				"up": { "uv": [ 6.5, 3.75, 7, 4.25 ], "texture": "#blade" },
				"north": { "uv": [ 10.5, 3.75, 10.75, 4 ], "texture": "#blade" },
				"south": { "uv": [ 6.75, 3.75, 7, 4 ], "texture": "#blade" },
				"west": { "uv": [ 11.25, 3.75, 11.5, 4 ], "texture": "#blade" },
				"east": { "uv": [ 9, 3.75, 9.25, 4 ], "texture": "#blade" }
			}
		},
		{
			"__comment": "Box67",
			"from": [ 7.5, -5.3, 9 ],
			"to": [ 8.5, -3.3, 9.5 ],
			"faces": {
				"down": { "uv": [ 10.5, 6.5, 11, 9 ], "texture": "#particle" },
				"up": { "uv": [ 10.5, 6.5, 11, 9 ], "texture": "#particle" },
				"north": { "uv": [ 10.5, 6.5, 11, 9 ], "texture": "#particle" },
				"south": { "uv": [ 4.5, 2, 10.5, 13.5 ], "texture": "#particle" },
				"west": { "uv": [ 10.5, 6.5, 11, 9 ], "texture": "#particle" },
				"east": { "uv": [ 10.5, 6.5, 11, 9 ], "texture": "#particle" }
			}
		},
		{
			"__comment": "Box68",
			"from": [ 6.5, -1.5, 7 ],
			"to": [ 7, 0, 9 ],
			"faces": {
				"down": { "uv": [ 7, 3.5, 9, 4 ], "texture": "#texture", "rotation": 90 },
				"up": { "uv": [ 7, 4.5, 9, 5 ], "texture": "#texture", "rotation": 90 },
				"north": { "uv": [ 7, 3.5, 9, 4 ], "texture": "#texture", "rotation": 90 },
				"south": { "uv": [ 7, 3.5, 9, 4 ], "texture": "#texture", "rotation": 90 },
				"west": { "uv": [ 7, 3.5, 9, 4 ], "texture": "#texture", "rotation": 90 },
				"east": { "uv": [ 7, 3.5, 9, 4 ], "texture": "#texture", "rotation": 90 }
			}
		},
		{
			"__comment": "Box68",
			"from": [ 9, -1.5, 7 ],
			"to": [ 9.5, 0, 9 ],
			"faces": {
				"down": { "uv": [ 7, 3.5, 9, 4 ], "texture": "#texture", "rotation": 90 },
				"up": { "uv": [ 7, 4.5, 9, 5 ], "texture": "#texture", "rotation": 90 },
				"north": { "uv": [ 7, 3.5, 9, 4 ], "texture": "#texture", "rotation": 90 },
				"south": { "uv": [ 7, 3.5, 9, 4 ], "texture": "#texture", "rotation": 90 },
				"west": { "uv": [ 7, 3.5, 9, 4 ], "texture": "#texture", "rotation": 90 },
				"east": { "uv": [ 7, 3.5, 9, 4 ], "texture": "#texture", "rotation": 90 }
			}
		},
		{
			"__comment": "Box47",
			"from": [ 9, 0, 7 ],
			"to": [ 9.5, 1, 9 ],
			"faces": {
				"down": { "uv": [ 8.5, 3.5, 9, 4.5 ], "texture": "#texture" },
				"up": { "uv": [ 8.5, 3.5, 9, 4.5 ], "texture": "#texture" },
				"north": { "uv": [ 8.5, 3.5, 9, 4.5 ], "texture": "#texture" },
				"south": { "uv": [ 8.5, 3.5, 9, 4.5 ], "texture": "#texture" },
				"west": { "uv": [ 8.5, 3.5, 9, 4.5 ], "texture": "#texture" },
				"east": { "uv": [ 8.5, 3.5, 9, 4.5 ], "texture": "#texture" }
			}
		},
		{
			"__comment": "Box48",
			"from": [ 9, 1, 7.35 ],
			"to": [ 9.5, 2.3, 8.55 ],
			"faces": {
				"down": { "uv": [ 8.5, 2.5, 9, 3.5 ], "texture": "#texture" },
				"up": { "uv": [ 8.5, 2.5, 9, 3.5 ], "texture": "#texture" },
				"north": { "uv": [ 8.5, 2.5, 9, 3.5 ], "texture": "#texture" },
				"south": { "uv": [ 8.5, 2.5, 9, 3.5 ], "texture": "#texture" },
				"west": { "uv": [ 8.5, 2.5, 9, 3.5 ], "texture": "#texture" },
				"east": { "uv": [ 8.5, 2.5, 9, 3.5 ], "texture": "#texture" }
			}
		},
		{
			"__comment": "Box49",
			"from": [ 8.5, -4.9, 8.5 ],
			"to": [ 8.8, -3.6, 9.3 ],
			"faces": {
				"down": { "uv": [ 8.5, 7, 8.8, 8.5 ], "texture": "#texture" },
				"up": { "uv": [ 8.5, 7, 8.8, 8.5 ], "texture": "#texture" },
				"north": { "uv": [ 8.5, 7, 8.8, 8.5 ], "texture": "#texture" },
				"south": { "uv": [ 8.5, 7, 8.8, 8.5 ], "texture": "#texture" },
				"west": { "uv": [ 8.5, 7, 8.8, 8.5 ], "texture": "#texture" },
				"east": { "uv": [ 8.5, 7, 8.8, 8.5 ], "texture": "#texture" }
			}
		},
		{
			"__comment": "Box50",
			"from": [ 6.8, -4.9, 7.25 ],
			"to": [ 7.3, -3.4, 8.75 ],
			"faces": {
				"down": { "uv": [ 8, 3.5, 8.5, 4.5 ], "texture": "#texture" },
				"up": { "uv": [ 8, 3.5, 8.5, 4.5 ], "texture": "#texture" },
				"north": { "uv": [ 8, 3.5, 8.5, 4.5 ], "texture": "#texture" },
				"south": { "uv": [ 8, 3.5, 8.5, 4.5 ], "texture": "#texture" },
				"west": { "uv": [ 8, 3.5, 8.5, 4.5 ], "texture": "#texture" },
				"east": { "uv": [ 8, 3.5, 8.5, 4.5 ], "texture": "#texture" }
			}
		},
		{
			"__comment": "Box51",
			"from": [ 10, -1.2, 8.099999 ],
			"to": [ 10.5, -0.3999999, 8.4 ],
			"faces": {
				"down": { "uv": [ 9, 3.5, 10, 4.5 ], "texture": "#texture" },
				"up": { "uv": [ 9, 3.5, 10, 4.5 ], "texture": "#texture" },
				"north": { "uv": [ 9, 3.5, 10, 4.5 ], "texture": "#texture" },
				"south": { "uv": [ 9, 3.5, 10, 4.5 ], "texture": "#texture" },
				"west": { "uv": [ 9, 3.5, 10, 4.5 ], "texture": "#texture" },
				"east": { "uv": [ 9, 3.5, 10, 4.5 ], "texture": "#texture" }
			}
		},
		{
			"__comment": "Box51",
			"from": [ 9.5, -1.3, 7.5 ],
			"to": [ 10, -0.3, 8.5 ],
			"faces": {
				"down": { "uv": [ 9, 3.5, 10, 4.5 ], "texture": "#texture" },
				"up": { "uv": [ 9, 3.5, 10, 4.5 ], "texture": "#texture" },
				"north": { "uv": [ 9, 3.5, 10, 4.5 ], "texture": "#texture" },
				"south": { "uv": [ 9, 3.5, 10, 4.5 ], "texture": "#texture" },
				"west": { "uv": [ 9, 3.5, 10, 4.5 ], "texture": "#texture" },
				"east": { "uv": [ 9, 3.5, 10, 4.5 ], "texture": "#texture" }
			}
		},
		{
			"__comment": "Box51",
			"from": [ 10, -1.2, 7.6 ],
			"to": [ 10.5, -0.3999999, 7.9 ],
			"faces": {
				"down": { "uv": [ 9, 3.5, 10, 4.5 ], "texture": "#texture" },
				"up": { "uv": [ 9, 3.5, 10, 4.5 ], "texture": "#texture" },
				"north": { "uv": [ 9, 3.5, 10, 4.5 ], "texture": "#texture" },
				"south": { "uv": [ 9, 3.5, 10, 4.5 ], "texture": "#texture" },
				"west": { "uv": [ 9, 3.5, 10, 4.5 ], "texture": "#texture" },
				"east": { "uv": [ 9, 3.5, 10, 4.5 ], "texture": "#texture" }
			}
		},
		{
			"__comment": "Box54",
			"from": [ 9, -2.5, 7.7 ],
			"to": [ 9.3, -2, 8.2 ],
			"faces": {
				"down": { "uv": [ 9, 5, 9.5, 5.5 ], "texture": "#texture" },
				"up": { "uv": [ 9, 5, 9.5, 5.5 ], "texture": "#texture" },
				"north": { "uv": [ 9, 5, 9.5, 5.5 ], "texture": "#texture" },
				"south": { "uv": [ 9, 5, 9.5, 5.5 ], "texture": "#texture" },
				"west": { "uv": [ 9, 5, 9.5, 5.5 ], "texture": "#texture" },
				"east": { "uv": [ 9, 5, 9.5, 5.5 ], "texture": "#texture" }
			}
		},
		{
			"__comment": "Box55",
			"from": [ 9, -2.75, 7.44 ],
			"to": [ 9.2, -1.75, 8.44 ],
			"faces": {
				"down": { "uv": [ 8, 4.5, 8.5, 5 ], "texture": "#texture" },
				"up": { "uv": [ 8, 4.5, 8.5, 5 ], "texture": "#texture" },
				"north": { "uv": [ 8, 4.5, 8.5, 5 ], "texture": "#texture" },
				"south": { "uv": [ 8, 4.5, 8.5, 5 ], "texture": "#texture" },
				"west": { "uv": [ 8, 4.5, 8.5, 5 ], "texture": "#texture" },
				"east": { "uv": [ 8, 4.5, 8.5, 5 ], "texture": "#texture" }
			}
		},
		{
			"__comment": "Box56",
			"from": [ 7, -10, 7 ],
			"to": [ 9, -6, 9 ],
			"faces": {
				"down": { "uv": [ 6.5, 9.5, 9.5, 13.5 ], "texture": "#texture" },
				"up": { "uv": [ 6.5, 9.5, 7, 13 ], "texture": "#texture" },
				"north": { "uv": [ 6.5, 9.5, 9.5, 13.5 ], "texture": "#texture" },
				"south": { "uv": [ 6.5, 9.5, 9.5, 13.5 ], "texture": "#texture" },
				"west": { "uv": [ 6.5, 9.5, 9.5, 13.5 ], "texture": "#texture" },
				"east": { "uv": [ 6.5, 9.5, 9.5, 13.5 ], "texture": "#texture" }
			}
		},
		{
			"__comment": "Box54",
			"from": [ 6.5, -9.5, 7.5 ],
			"to": [ 7, -6, 8.5 ],
			"faces": {
				"down": { "uv": [ 6.5, 11, 7, 12.5 ], "texture": "#texture" },
				"up": { "uv": [ 6.5, 11, 7, 12.5 ], "texture": "#texture" },
				"north": { "uv": [ 6.5, 11, 7, 12.5 ], "texture": "#texture" },
				"south": { "uv": [ 6.5, 11, 7, 12.5 ], "texture": "#texture" },
				"west": { "uv": [ 6.5, 11, 7, 12.5 ], "texture": "#texture" },
				"east": { "uv": [ 6.5, 11, 7, 12.5 ], "texture": "#texture" }
			}
		},
		{
			"__comment": "Box54",
			"from": [ 9, -9.5, 7.5 ],
			"to": [ 9.5, -6, 8.5 ],
			"faces": {
				"down": { "uv": [ 6.5, 11, 7, 12.5 ], "texture": "#texture" },
				"up": { "uv": [ 6.5, 11, 7, 12.5 ], "texture": "#texture" },
				"north": { "uv": [ 6.5, 11, 7, 12.5 ], "texture": "#texture" },
				"south": { "uv": [ 6.5, 11, 7, 12.5 ], "texture": "#texture" },
				"west": { "uv": [ 6.5, 11, 7, 12.5 ], "texture": "#texture" },
				"east": { "uv": [ 6.5, 11, 7, 12.5 ], "texture": "#texture" }
			}
		},
		{
			"__comment": "Box54",
			"from": [ 7.8, -9.5, 9 ],
			"to": [ 8.299999, -6, 9.5 ],
			"faces": {
				"down": { "uv": [ 6.5, 11, 7, 12.5 ], "texture": "#texture" },
				"up": { "uv": [ 6.5, 11, 7, 12.5 ], "texture": "#texture" },
				"north": { "uv": [ 6.5, 11, 7, 12.5 ], "texture": "#texture" },
				"south": { "uv": [ 6.5, 11, 7, 12.5 ], "texture": "#texture" },
				"west": { "uv": [ 6.5, 11, 7, 12.5 ], "texture": "#texture" },
				"east": { "uv": [ 6.5, 11, 7, 12.5 ], "texture": "#texture" }
			}
		},
		{
			"__comment": "Box54",
			"from": [ 7.8, -9.5, 6.5 ],
			"to": [ 8.299999, -6, 7 ],
			"faces": {
				"down": { "uv": [ 6.5, 11, 7, 12.5 ], "texture": "#texture" },
				"up": { "uv": [ 6.5, 11, 7, 12.5 ], "texture": "#texture" },
				"north": { "uv": [ 6.5, 11, 7, 12.5 ], "texture": "#texture" },
				"south": { "uv": [ 6.5, 11, 7, 12.5 ], "texture": "#texture" },
				"west": { "uv": [ 6.5, 11, 7, 12.5 ], "texture": "#texture" },
				"east": { "uv": [ 6.5, 11, 7, 12.5 ], "texture": "#texture" }
			}
		}
	],
"display": {
    "thirdperson": {
        "rotation": [ -7, 80, -91 ],
        "translation": [ 1.3, 0.6, -7.2 ],
        "scale": [ 1, 1, 1 ]
    },
    "firstperson": {
        "rotation": [ 0, 30, -13 ],
        "translation": [ 0, 12, 0.9 ],
        "scale": [ 1.5, 1.5, 1.5 ]
    },
    "gui": {
        "rotation": [ 30, -45, 45 ],
        "translation": [ 0, 1.2, -0.7 ],
        "scale": [ 0.8, 0.8, 0.8 ]
    }
}
}