{
	"__comment": "Designed by Cryptic with Cubik Studio - https://cubik.studio",
	"textures": {
		"particle": "blocks/e_particle",
		"texture": "blocks/e_texture",
		"toastmonster": "blocks/toastmonster"
	},
	"elements": [
		{
			"__comment": "Voxels-835626",
			"from": [ 3, 13, 10 ],
			"to": [ 13, 14, 12 ],
			"faces": {
				"down": { "uv": [ 4.96, 0.96, 7.04, 3.04 ], "texture": "#toastmonster" },
				"up": { "uv": [ 4.96, 0.96, 7.04, 3.04 ], "texture": "#toastmonster" },
				"north": { "uv": [ 4.96, 0.96, 7.04, 3.04 ], "texture": "#toastmonster" },
				"south": { "uv": [ 4.96, 0.96, 7.04, 3.04 ], "texture": "#toastmonster" },
				"west": { "uv": [ 4.96, 0.96, 7.04, 3.04 ], "texture": "#toastmonster" },
				"east": { "uv": [ 4.96, 0.96, 7.04, 3.04 ], "texture": "#toastmonster" }
			}
		},
		{
			"__comment": "Voxels-835626",
			"from": [ 3, 14, 10 ],
			"to": [ 5, 15, 12 ],
			"faces": {
				"down": { "uv": [ 4.96, 0.96, 7.04, 3.04 ], "texture": "#toastmonster" },
				"up": { "uv": [ 4.96, 0.96, 7.04, 3.04 ], "texture": "#toastmonster" },
				"north": { "uv": [ 4.96, 0.96, 7.04, 3.04 ], "texture": "#toastmonster" },
				"south": { "uv": [ 4.96, 0.96, 7.04, 3.04 ], "texture": "#toastmonster" },
				"west": { "uv": [ 4.96, 0.96, 7.04, 3.04 ], "texture": "#toastmonster" },
				"east": { "uv": [ 4.96, 0.96, 7.04, 3.04 ], "texture": "#toastmonster" }
			}
		},
		{
			"__comment": "Voxels-835626",
			"from": [ 4, 5, 10 ],
			"to": [ 12, 6, 12 ],
			"faces": {
				"down": { "uv": [ 4.96, 0.96, 7.04, 3.04 ], "texture": "#toastmonster" },
				"up": { "uv": [ 4.96, 0.96, 7.04, 3.04 ], "texture": "#toastmonster" },
				"north": { "uv": [ 4.96, 0.96, 7.04, 3.04 ], "texture": "#toastmonster" },
				"south": { "uv": [ 4.96, 0.96, 7.04, 3.04 ], "texture": "#toastmonster" },
				"west": { "uv": [ 4.96, 0.96, 7.04, 3.04 ], "texture": "#toastmonster" },
				"east": { "uv": [ 4.96, 0.96, 7.04, 3.04 ], "texture": "#toastmonster" }
			}
		},
		{
			"__comment": "Voxels-835626",
			"from": [ 4, 6, 10 ],
			"to": [ 5, 13, 12 ],
			"faces": {
				"down": { "uv": [ 4.96, 0.96, 7.04, 3.04 ], "texture": "#toastmonster" },
				"up": { "uv": [ 4.96, 0.96, 7.04, 3.04 ], "texture": "#toastmonster" },
				"north": { "uv": [ 4.96, 0.96, 7.04, 3.04 ], "texture": "#toastmonster" },
				"south": { "uv": [ 4.96, 0.96, 7.04, 3.04 ], "texture": "#toastmonster" },
				"west": { "uv": [ 4.96, 0.96, 7.04, 3.04 ], "texture": "#toastmonster" },
				"east": { "uv": [ 4.96, 0.96, 7.04, 3.04 ], "texture": "#toastmonster" }
			}
		},
		{
			"__comment": "Voxels-D5C199",
			"from": [ 5, 6, 10 ],
			"to": [ 11, 13, 12 ],
			"faces": {
				"down": { "uv": [ 8.96, 0.96, 11.04, 3.04 ], "texture": "#toastmonster" },
				"up": { "uv": [ 8.96, 0.96, 11.04, 3.04 ], "texture": "#toastmonster" },
				"north": { "uv": [ 8.96, 0.96, 11.04, 3.04 ], "texture": "#toastmonster" },
				"south": { "uv": [ 8.96, 0.96, 11.04, 3.04 ], "texture": "#toastmonster" },
				"west": { "uv": [ 8.96, 0.96, 11.04, 3.04 ], "texture": "#toastmonster" },
				"east": { "uv": [ 8.96, 0.96, 11.04, 3.04 ], "texture": "#toastmonster" }
			}
		},
		{
			"__comment": "Voxels-000000",
			"from": [ 5, 8, 12 ],
			"to": [ 6, 9, 13 ],
			"faces": {
				"down": { "uv": [ 12.96, 0.96, 15.04, 3.04 ], "texture": "#toastmonster" },
				"up": { "uv": [ 12.96, 0.96, 15.04, 3.04 ], "texture": "#toastmonster" },
				"north": { "uv": [ 12.96, 0.96, 15.04, 3.04 ], "texture": "#toastmonster" },
				"south": { "uv": [ 12.96, 0.96, 15.04, 3.04 ], "texture": "#toastmonster" },
				"west": { "uv": [ 12.96, 0.96, 15.04, 3.04 ], "texture": "#toastmonster" },
				"east": { "uv": [ 12.96, 0.96, 15.04, 3.04 ], "texture": "#toastmonster" }
			}
		},
		{
			"__comment": "Voxels-000000",
			"from": [ 5, 10, 12 ],
			"to": [ 6, 11, 13 ],
			"faces": {
				"down": { "uv": [ 12.96, 0.96, 15.04, 3.04 ], "texture": "#toastmonster" },
				"up": { "uv": [ 12.96, 0.96, 15.04, 3.04 ], "texture": "#toastmonster" },
				"north": { "uv": [ 12.96, 0.96, 15.04, 3.04 ], "texture": "#toastmonster" },
				"south": { "uv": [ 12.96, 0.96, 15.04, 3.04 ], "texture": "#toastmonster" },
				"west": { "uv": [ 12.96, 0.96, 15.04, 3.04 ], "texture": "#toastmonster" },
				"east": { "uv": [ 12.96, 0.96, 15.04, 3.04 ], "texture": "#toastmonster" }
			}
		},
		{
			"__comment": "Voxels-000000",
			"from": [ 5, 13, 12 ],
			"to": [ 7, 14, 13 ],
			"faces": {
				"down": { "uv": [ 12.96, 0.96, 15.04, 3.04 ], "texture": "#toastmonster" },
				"up": { "uv": [ 12.96, 0.96, 15.04, 3.04 ], "texture": "#toastmonster" },
				"north": { "uv": [ 12.96, 0.96, 15.04, 3.04 ], "texture": "#toastmonster" },
				"south": { "uv": [ 12.96, 0.96, 15.04, 3.04 ], "texture": "#toastmonster" },
				"west": { "uv": [ 12.96, 0.96, 15.04, 3.04 ], "texture": "#toastmonster" },
				"east": { "uv": [ 12.96, 0.96, 15.04, 3.04 ], "texture": "#toastmonster" }
			}
		},
		{
			"__comment": "Voxels-000000",
			"from": [ 6, 7, 12 ],
			"to": [ 7, 8, 13 ],
			"faces": {
				"down": { "uv": [ 12.96, 0.96, 15.04, 3.04 ], "texture": "#toastmonster" },
				"up": { "uv": [ 12.96, 0.96, 15.04, 3.04 ], "texture": "#toastmonster" },
				"north": { "uv": [ 12.96, 0.96, 15.04, 3.04 ], "texture": "#toastmonster" },
				"south": { "uv": [ 12.96, 0.96, 15.04, 3.04 ], "texture": "#toastmonster" },
				"west": { "uv": [ 12.96, 0.96, 15.04, 3.04 ], "texture": "#toastmonster" },
				"east": { "uv": [ 12.96, 0.96, 15.04, 3.04 ], "texture": "#toastmonster" }
			}
		},
		{
			"__comment": "Voxels-DFDFDF",
			"from": [ 6, 10, 12 ],
			"to": [ 7, 11, 13 ],
			"faces": {
				"down": { "uv": [ 0.96, 4.96, 3.04, 7.04 ], "texture": "#toastmonster" },
				"up": { "uv": [ 0.96, 4.96, 3.04, 7.04 ], "texture": "#toastmonster" },
				"north": { "uv": [ 0.96, 4.96, 3.04, 7.04 ], "texture": "#toastmonster" },
				"south": { "uv": [ 0.96, 4.96, 3.04, 7.04 ], "texture": "#toastmonster" },
				"west": { "uv": [ 0.96, 4.96, 3.04, 7.04 ], "texture": "#toastmonster" },
				"east": { "uv": [ 0.96, 4.96, 3.04, 7.04 ], "texture": "#toastmonster" }
			}
		},
		{
			"__comment": "Voxels-000000",
			"from": [ 7, 8, 12 ],
			"to": [ 9, 9, 13 ],
			"faces": {
				"down": { "uv": [ 12.96, 0.96, 15.04, 3.04 ], "texture": "#toastmonster" },
				"up": { "uv": [ 12.96, 0.96, 15.04, 3.04 ], "texture": "#toastmonster" },
				"north": { "uv": [ 12.96, 0.96, 15.04, 3.04 ], "texture": "#toastmonster" },
				"south": { "uv": [ 12.96, 0.96, 15.04, 3.04 ], "texture": "#toastmonster" },
				"west": { "uv": [ 12.96, 0.96, 15.04, 3.04 ], "texture": "#toastmonster" },
				"east": { "uv": [ 12.96, 0.96, 15.04, 3.04 ], "texture": "#toastmonster" }
			}
		},
		{
			"__comment": "Voxels-000000",
			"from": [ 9, 7, 12 ],
			"to": [ 10, 8, 13 ],
			"faces": {
				"down": { "uv": [ 12.96, 0.96, 15.04, 3.04 ], "texture": "#toastmonster" },
				"up": { "uv": [ 12.96, 0.96, 15.04, 3.04 ], "texture": "#toastmonster" },
				"north": { "uv": [ 12.96, 0.96, 15.04, 3.04 ], "texture": "#toastmonster" },
				"south": { "uv": [ 12.96, 0.96, 15.04, 3.04 ], "texture": "#toastmonster" },
				"west": { "uv": [ 12.96, 0.96, 15.04, 3.04 ], "texture": "#toastmonster" },
				"east": { "uv": [ 12.96, 0.96, 15.04, 3.04 ], "texture": "#toastmonster" }
			}
		},
		{
			"__comment": "Voxels-DFDFDF",
			"from": [ 9, 10, 12 ],
			"to": [ 10, 11, 13 ],
			"faces": {
				"down": { "uv": [ 0.96, 4.96, 3.04, 7.04 ], "texture": "#toastmonster" },
				"up": { "uv": [ 0.96, 4.96, 3.04, 7.04 ], "texture": "#toastmonster" },
				"north": { "uv": [ 0.96, 4.96, 3.04, 7.04 ], "texture": "#toastmonster" },
				"south": { "uv": [ 0.96, 4.96, 3.04, 7.04 ], "texture": "#toastmonster" },
				"west": { "uv": [ 0.96, 4.96, 3.04, 7.04 ], "texture": "#toastmonster" },
				"east": { "uv": [ 0.96, 4.96, 3.04, 7.04 ], "texture": "#toastmonster" }
			}
		},
		{
			"__comment": "Voxels-000000",
			"from": [ 9, 12, 12 ],
			"to": [ 11, 13, 13 ],
			"faces": {
				"down": { "uv": [ 12.96, 0.96, 15.04, 3.04 ], "texture": "#toastmonster" },
				"up": { "uv": [ 12.96, 0.96, 15.04, 3.04 ], "texture": "#toastmonster" },
				"north": { "uv": [ 12.96, 0.96, 15.04, 3.04 ], "texture": "#toastmonster" },
				"south": { "uv": [ 12.96, 0.96, 15.04, 3.04 ], "texture": "#toastmonster" },
				"west": { "uv": [ 12.96, 0.96, 15.04, 3.04 ], "texture": "#toastmonster" },
				"east": { "uv": [ 12.96, 0.96, 15.04, 3.04 ], "texture": "#toastmonster" }
			}
		},
		{
			"__comment": "Voxels-000000",
			"from": [ 10, 8, 12 ],
			"to": [ 11, 9, 13 ],
			"faces": {
				"down": { "uv": [ 12.96, 0.96, 15.04, 3.04 ], "texture": "#toastmonster" },
				"up": { "uv": [ 12.96, 0.96, 15.04, 3.04 ], "texture": "#toastmonster" },
				"north": { "uv": [ 12.96, 0.96, 15.04, 3.04 ], "texture": "#toastmonster" },
				"south": { "uv": [ 12.96, 0.96, 15.04, 3.04 ], "texture": "#toastmonster" },
				"west": { "uv": [ 12.96, 0.96, 15.04, 3.04 ], "texture": "#toastmonster" },
				"east": { "uv": [ 12.96, 0.96, 15.04, 3.04 ], "texture": "#toastmonster" }
			}
		},
		{
			"__comment": "Voxels-000000",
			"from": [ 10, 10, 12 ],
			"to": [ 11, 11, 13 ],
			"faces": {
				"down": { "uv": [ 12.96, 0.96, 15.04, 3.04 ], "texture": "#toastmonster" },
				"up": { "uv": [ 12.96, 0.96, 15.04, 3.04 ], "texture": "#toastmonster" },
				"north": { "uv": [ 12.96, 0.96, 15.04, 3.04 ], "texture": "#toastmonster" },
				"south": { "uv": [ 12.96, 0.96, 15.04, 3.04 ], "texture": "#toastmonster" },
				"west": { "uv": [ 12.96, 0.96, 15.04, 3.04 ], "texture": "#toastmonster" },
				"east": { "uv": [ 12.96, 0.96, 15.04, 3.04 ], "texture": "#toastmonster" }
			}
		},
		{
			"__comment": "Voxels-835626",
			"from": [ 11, 6, 10 ],
			"to": [ 12, 13, 12 ],
			"faces": {
				"down": { "uv": [ 4.96, 0.96, 7.04, 3.04 ], "texture": "#toastmonster" },
				"up": { "uv": [ 4.96, 0.96, 7.04, 3.04 ], "texture": "#toastmonster" },
				"north": { "uv": [ 4.96, 0.96, 7.04, 3.04 ], "texture": "#toastmonster" },
				"south": { "uv": [ 4.96, 0.96, 7.04, 3.04 ], "texture": "#toastmonster" },
				"west": { "uv": [ 4.96, 0.96, 7.04, 3.04 ], "texture": "#toastmonster" },
				"east": { "uv": [ 4.96, 0.96, 7.04, 3.04 ], "texture": "#toastmonster" }
			}
		},
		{
			"__comment": "Voxels-835626",
			"from": [ 11, 14, 10 ],
			"to": [ 13, 15, 12 ],
			"faces": {
				"down": { "uv": [ 4.96, 0.96, 7.04, 3.04 ], "texture": "#toastmonster" },
				"up": { "uv": [ 4.96, 0.96, 7.04, 3.04 ], "texture": "#toastmonster" },
				"north": { "uv": [ 4.96, 0.96, 7.04, 3.04 ], "texture": "#toastmonster" },
				"south": { "uv": [ 4.96, 0.96, 7.04, 3.04 ], "texture": "#toastmonster" },
				"west": { "uv": [ 4.96, 0.96, 7.04, 3.04 ], "texture": "#toastmonster" },
				"east": { "uv": [ 4.96, 0.96, 7.04, 3.04 ], "texture": "#toastmonster" }
			}
		}
	],
	"display": {
		"head": {
			"rotation":  [ -90, -177, -2 ],
			"translation":  [ 0, 4.8702, 0 ],
			"scale":  [ 2.6694, 2.565, 2.5303 ]
		}
	}
}