{
"__comment": "Designed by Hypixel minecraft server with BDcraft Cubik PRO 0.95 Beta - http://bdcraft.net",
"textures": {
    "texture": "blocks/botmanhand"
},
"elements": [ 
{
    "from": [ 6.5, 3, 9 ],
    "to": [ 10, 8, 11.5 ],
    "faces": {
        "down":  { "uv": [ 13.5, 3, 16, 6.5 ], "texture": "#texture" },
        "up":    { "uv": [ 13.5, 3, 16, 6.5 ], "rotation": 90, "texture": "#texture" },
        "north": { "uv": [ 14, 6.5, 13.5, 11.5 ], "texture": "#texture" },
        "south": { "uv": [ 10, 0, 13.5, 5 ], "texture": "#texture" },
        "west":  { "uv": [ 13.5, 6.5, 16, 11.5 ], "texture": "#texture" },
        "east":  { "uv": [ 16, 6.5, 13.5, 11.5 ], "texture": "#texture" }
    }
},
{
    "from": [ 7.4375, -2.5, 6 ],
    "to": [ 13.4375, 5, 11 ],
    "rotation": { "origin": [ 7.4375, 5, 6 ], "axis": "z", "angle": 22.5 },
    "faces": {
        "down":  { "uv": [ 0, 13, 6, 8.5 ], "texture": "#texture" },
        "up":    { "uv": [ 7.5, 6, 13.5, 11 ], "texture": "#texture" },
        "north": { "uv": [ 6, 8.5, 0, 16 ], "texture": "#texture" },
        "south": { "uv": [ 0, 8.5, 6, 16 ], "texture": "#texture" },
        "west":  { "uv": [ 1.5, 10.5, 2, 11 ], "texture": "#texture" },
        "east":  { "uv": [ 0, 0, 5, 7.5 ], "texture": "#texture" }
    }
},
{
    "from": [ 6, 0.5, 8.5625 ],
    "to": [ 10.5, 3, 13.0625 ],
    "rotation": { "origin": [ 6, 0.5, 8.5625 ], "axis": "y", "angle": 22.5 },
    "faces": {
        "down":  { "uv": [ 9, 5, 13.5, 9.5 ], "texture": "#texture" },
        "up":    { "uv": [ 5.5, 0, 6, 0.5 ], "texture": "#texture" },
        "north": { "uv": [ 13.5, 12, 9, 9.5 ], "texture": "#texture" },
        "south": { "uv": [ 5.5, 0, 10, 2.5 ], "texture": "#texture" },
        "west":  { "uv": [ 6.5, 5, 9, 9.5 ], "rotation": 90, "texture": "#texture" },
        "east":  { "uv": [ 6.5, 5, 9, 9.5 ], "rotation": 90, "texture": "#texture" }
    }
},
{
    "from": [ 7, 3, 7 ],
    "to": [ 13, 8, 9 ],
    "faces": {
        "down":  { "uv": [ 13.5, 5.5, 15.5, 11.5 ], "rotation": 90, "texture": "#texture" },
        "up":    { "uv": [ 13.5, 0, 15.5, 6 ], "rotation": 90, "texture": "#texture" },
        "north": { "uv": [ 14, 6.5, 14.5, 11.5 ], "texture": "#texture" },
        "south": { "uv": [ 7, 8, 13, 13 ], "texture": "#texture" },
        "west":  { "uv": [ 14, 6.5, 16, 11.5 ], "texture": "#texture" },
        "east":  { "uv": [ 14, 6.5, 16, 11.5 ], "texture": "#texture" }
    }
},
{
    "from": [ 7.5, 5, 5 ],
    "to": [ 13, 7.5, 7 ],
    "faces": {
        "down":  { "uv": [ 14, 5.5, 16, 11 ], "rotation": 90, "texture": "#texture" },
        "up":    { "uv": [ 16, 0, 14, 5.5 ], "rotation": 90, "texture": "#texture" },
        "north": { "uv": [ 10, 0, 15.5, 2.5 ], "texture": "#texture" },
        "south": { "uv": [ 10, 0, 15.5, 2.5 ], "texture": "#texture" },
        "west":  { "uv": [ 14, 6.5, 16, 9 ], "texture": "#texture" },
        "east":  { "uv": [ 14, 6.5, 16, 9 ], "texture": "#texture" }
    }
},
{
    "from": [ 10, 5.5, 9 ],
    "to": [ 13, 8, 11.5 ],
    "faces": {
        "down":  { "uv": [ 13, 0, 13.5, 3 ], "rotation": 90, "texture": "#texture" },
        "up":    { "uv": [ 13.5, 0, 16, 3 ], "rotation": 90, "texture": "#texture" },
        "north": { "uv": [ 13.5, 0, 16, 3 ], "rotation": 90, "texture": "#texture" },
        "south": { "uv": [ 13.5, 0, 16, 3 ], "rotation": 90, "texture": "#texture" },
        "west":  { "uv": [ 13.5, 4.5, 16, 7 ], "texture": "#texture" },
        "east":  { "uv": [ 16, 4.5, 13.5, 7 ], "texture": "#texture" }
    }
},
{
    "from": [ 7.4375, 3, 5 ],
    "to": [ 9.9375, 5, 7 ],
    "rotation": { "origin": [ 7.4375, 5, 5 ], "axis": "x", "angle": -22.5 },
    "faces": {
        "down":  { "uv": [ 13.5, 9.5, 16, 11.5 ], "texture": "#texture" },
        "up":    { "uv": [ 7.5, 5, 10, 7 ], "texture": "#texture" },
        "north": { "uv": [ 13.5, 9, 16, 11 ], "texture": "#texture" },
        "south": { "uv": [ 7.5, 11, 10, 13 ], "texture": "#texture" },
        "west":  { "uv": [ 14, 8.5, 16, 10.5 ], "texture": "#texture" },
        "east":  { "uv": [ 14, 8.5, 16, 10.5 ], "texture": "#texture" }
    }
},
{
    "from": [ 10, -1.5, 5.5 ],
    "to": [ 13, 6, 7.5 ],
    "rotation": { "origin": [ 10, 6, 5.5 ], "axis": "z", "angle": 22.5 },
    "faces": {
        "down":  { "uv": [ 3, 11, 6, 13 ], "texture": "#texture" },
        "up":    { "uv": [ 10, 5.5, 13, 7.5 ], "texture": "#texture" },
        "north": { "uv": [ 13, 3.5, 16, 11 ], "texture": "#texture" },
        "south": { "uv": [ 2, 0, 5, 7.5 ], "texture": "#texture" },
        "west":  { "uv": [ 16, 3.5, 14, 11 ], "texture": "#texture" },
        "east":  { "uv": [ 15, 3.5, 13, 11 ], "texture": "#texture" }
    }
},
{
    "from": [ 9.5, 6, 5.5 ],
    "to": [ 11.5, 10, 8 ],
    "rotation": { "origin": [ 9.5, 10, 5.5 ], "axis": "z", "angle": 22.5 },
    "faces": {
        "down":  { "uv": [ 2.5, 1, 1.5, 0 ], "texture": "#texture" },
        "up":    { "uv": [ 1.5, 0, 2.5, 1 ], "texture": "#texture" },
        "north": { "uv": [ 1.5, 0, 2.5, 3 ], "texture": "#texture" },
        "south": { "uv": [ 2.5, 0, 1.5, 3 ], "texture": "#texture" },
        "west":  { "uv": [ 1.5, 0, 2.5, 3 ], "texture": "#texture" },
        "east":  { "uv": [ 2.5, 0, 1.5, 3 ], "texture": "#texture" }
    }
},
{
    "from": [ 9.5, 6, 8.5 ],
    "to": [ 11.5, 10, 11 ],
    "rotation": { "origin": [ 9.5, 10, 8.5 ], "axis": "z", "angle": 22.5 },
    "faces": {
        "down":  { "uv": [ 2.5, 1, 1.5, 0 ], "texture": "#texture" },
        "up":    { "uv": [ 1.5, 0, 2.5, 1 ], "texture": "#texture" },
        "north": { "uv": [ 1.5, 0, 2.5, 3 ], "texture": "#texture" },
        "south": { "uv": [ 2.5, 0, 1.5, 3 ], "texture": "#texture" },
        "west":  { "uv": [ 1.5, 0, 2.5, 3 ], "texture": "#texture" },
        "east":  { "uv": [ 2.5, 0, 1.5, 3 ], "texture": "#texture" }
    }
},
{
    "from": [ 8, 9, 9 ],
    "to": [ 9, 12, 10.5 ],
    "rotation": { "origin": [ 8, 12, 9 ], "axis": "z", "angle": 45 },
    "faces": {
        "down":  { "uv": [ 2.5, 1, 1.5, 0 ], "texture": "#texture" },
        "up":    { "uv": [ 1.5, 0, 2.5, 1 ], "texture": "#texture" },
        "north": { "uv": [ 1.5, 0, 2.5, 3 ], "texture": "#texture" },
        "south": { "uv": [ 2.5, 0, 1.5, 3 ], "texture": "#texture" },
        "west":  { "uv": [ 1.5, 0, 2.5, 3 ], "texture": "#texture" },
        "east":  { "uv": [ 2.5, 0, 1.5, 3 ], "texture": "#texture" }
    }
},
{
    "from": [ 8, 9, 6 ],
    "to": [ 9, 12, 7.5 ],
    "rotation": { "origin": [ 8, 12, 6 ], "axis": "z", "angle": 45 },
    "faces": {
        "down":  { "uv": [ 2.5, 1, 1.5, 0 ], "texture": "#texture" },
        "up":    { "uv": [ 1.5, 0, 2.5, 1 ], "texture": "#texture" },
        "north": { "uv": [ 1.5, 0, 2.5, 3 ], "texture": "#texture" },
        "south": { "uv": [ 2.5, 0, 1.5, 3 ], "texture": "#texture" },
        "west":  { "uv": [ 1.5, 0, 2.5, 3 ], "texture": "#texture" },
        "east":  { "uv": [ 2.5, 0, 1.5, 3 ], "texture": "#texture" }
    }
}
],
"display":{"thirdperson":{"rotation":[0,171,-22],"translation":[0.7,6.5,-0.3],"scale":[1.25,1.25,1.25]},"firstperson":{"rotation":[-62,-14,-40],"translation":[-6.1,6.3,-4],"scale":[1.5,1.5,1.5]},"gui":{"rotation":[0,180,0],"translation":[2.5,4.6,0.7],"scale":[2,2,2]}}}