{
    "__comment": "Model generated using MrCrayfish's Model Creator (http://mrcrayfish.com/modelcreator/)",
    "textures": {
        "particle": "blocks/blocks/botman",
        "0": "blocks/botman"
    },
    "elements": [
        {
            "name": "Cube",
            "from": [ 3.0, 0.0, 3.0 ], 
            "to": [ 13.0, 12.0, 13.0 ], 
            "faces": {
                "north": { "texture": "#0", "uv": [ 1.0, 3.0, 1.0, 14.0 ] },
                "east": { "texture": "#0", "uv": [ 3.0, 3.0, 13.0, 15.0 ] },
                "south": { "texture": "#0", "uv": [ 1.0, 3.0, 1.0, 14.0 ] },
                "west": { "texture": "#0", "uv": [ 2.5, 3.0, 13.0, 15.0 ] },
                "up": { "texture": "#0", "uv": [ 7.0, 14.0, 8.0, 15.0 ] },
                "down": { "texture": "#0", "uv": [ 7.0, 14.0, 8.0, 15.0 ] }
            }
        },
        {
            "name": "Cube",
            "from": [ 7.0, 5.799999997019768, 15.50000000745058 ], 
            "to": [ 9.0, 10.800000011920929, 17.50000000745058 ], 
            "rotation": { "origin": [ 1.0, 0.0, 0.0 ], "axis": "x", "angle": -22.5 },
            "faces": {
                "north": { "texture": "#0", "uv": [ 7.0, 14.0, 8.0, 15.000000014901161 ] },
                "east": { "texture": "#0", "uv": [ 7.0, 14.0, 8.0, 15.000000014901161 ] },
                "south": { "texture": "#0", "uv": [ 7.0, 14.0, 8.0, 15.000000014901161 ] },
                "west": { "texture": "#0", "uv": [ 7.0, 14.0, 8.0, 15.000000014901161 ] },
                "up": { "texture": "#0", "uv": [ 7.0, 14.0, 9.0, 16.0 ] },
                "down": { "texture": "#0", "uv": [ 6.0, 14.0, 8.0, 16.0 ] }
            }
        },
        {
            "name": "Cube",
            "from": [ 7.0, 2.7999999970197678, 18.200000017881393 ], 
            "to": [ 9.0, 4.800000011920929, 20.200000017881393 ], 
            "rotation": { "origin": [ 1.0, 0.0, 0.0 ], "axis": "x", "angle": -45.0 },
            "faces": {
                "north": { "texture": "#0", "uv": [ 6.0, 14.0, 8.0, 16.00000001490116 ] },
                "east": { "texture": "#0", "uv": [ 6.0, 14.0, 8.0, 16.00000001490116 ] },
                "south": { "texture": "#0", "uv": [ 7.0, 14.0, 9.0, 16.00000001490116 ] },
                "west": { "texture": "#0", "uv": [ 6.0, 14.0, 8.0, 16.00000001490116 ] },
                "up": { "texture": "#0", "uv": [ 6.0, 14.0, 8.0, 16.0 ] },
                "down": { "texture": "#0", "uv": [ 6.0, 14.0, 8.0, 16.0 ] }
            }
        },
        {
            "name": "Cube",
            "from": [ 7.0, 15.700000010430813, 6.0 ], 
            "to": [ 9.0, 17.700000010430813, 11.0 ], 
            "faces": {
                "north": { "texture": "#0", "uv": [ 6.0, 14.0, 8.0, 16.0 ] },
                "east": { "texture": "#0", "uv": [ 5.0, 14.0, 10.0, 16.0 ] },
                "south": { "texture": "#0", "uv": [ 7.0, 14.0, 9.0, 16.0 ] },
                "west": { "texture": "#0", "uv": [ 5.0, 14.0, 10.0, 16.0 ] },
                "up": { "texture": "#0", "uv": [ 7.0, 14.0, 8.0, 15.0 ] },
                "down": { "texture": "#0", "uv": [ 6.0, 14.0, 8.0, 15.0 ] }
            }
        },
        {
            "name": "Cube",
            "from": [ 4.0, 12.0, 3.0 ], 
            "to": [ 12.0, 13.0, 13.0 ], 
            "faces": {
                "north": { "texture": "#0", "uv": [ 3.0, 14.0, 11.0, 15.0 ] },
                "east": { "texture": "#0", "uv": [ 3.0, 14.0, 13.0, 15.0 ] },
                "south": { "texture": "#0", "uv": [ 4.0, 14.0, 12.0, 15.0 ] },
                "west": { "texture": "#0", "uv": [ 3.0, 14.0, 13.0, 15.0 ] },
                "up": { "texture": "#0", "uv": [ 7.0, 14.0, 8.0, 15.0 ] },
                "down": { "texture": "#0", "uv": [ 7.0, 15.0, 8.0, 16.0 ] }
            }
        },
        {
            "name": "Cube",
            "from": [ 4.0, 0.0, 2.0 ], 
            "to": [ 12.0, 12.0, 14.0 ], 
            "faces": {
                "north": { "texture": "#0", "uv": [ 1.0, 3.0, 1.0, 14.0 ] },
                "east": { "texture": "#0", "uv": [ 2.0, 3.0, 14.0, 15.0 ] },
                "south": { "texture": "#0", "uv": [ 1.0, 3.0, 1.0, 14.0 ] },
                "west": { "texture": "#0", "uv": [ 2.5, 3.0, 14.0, 15.0 ] },
                "up": { "texture": "#0", "uv": [ 7.0, 14.0, 8.0, 15.0 ] },
                "down": { "texture": "#0", "uv": [ 7.0, 14.0, 8.0, 15.0 ] }
            }
        },
        {
            "name": "Cube",
            "from": [ 5.0, 13.0, 3.6000000089406967 ], 
            "to": [ 11.299999989569187, 18.0, 6.600000008940697 ], 
            "faces": {
                "north": { "texture": "#0", "uv": [ 7.0, 14.0, 8.299999989569187, 15.0 ] },
                "east": { "texture": "#0", "uv": [ 7.0, 15.0, 8.0, 16.0 ] },
                "south": { "texture": "#0", "uv": [ 6.0, 14.0, 7.299999989569187, 15.0 ] },
                "west": { "texture": "#0", "uv": [ 7.0, 15.0, 8.0, 16.0 ] },
                "up": { "texture": "#0", "uv": [ 7.0, 14.0, 8.299999989569187, 15.0 ] },
                "down": { "texture": "#0", "uv": [ 7.0, 15.0, 8.299999989569187, 16.0 ] }
            }
        },
        {
            "name": "Cube",
            "from": [ 4.900000013411045, 13.0, 5.600000008940697 ], 
            "to": [ 11.50000000745058, 16.0, 8.600000008940697 ], 
            "faces": {
                "north": { "texture": "#0", "uv": [ 7.0, 14.0, 8.299999989569187, 15.0 ] },
                "east": { "texture": "#0", "uv": [ 7.0, 15.0, 8.0, 16.0 ] },
                "south": { "texture": "#0", "uv": [ 6.0, 14.0, 7.299999989569187, 15.0 ] },
                "west": { "texture": "#0", "uv": [ 7.0, 15.0, 8.0, 16.0 ] },
                "up": { "texture": "#0", "uv": [ 7.0, 14.0, 8.299999989569187, 15.0 ] },
                "down": { "texture": "#0", "uv": [ 7.0, 15.0, 8.299999989569187, 16.0 ] }
            }
        },
        {
            "name": "Cube",
            "from": [ 5.100000016391277, 13.0, 6.600000008940697 ], 
            "to": [ 11.300000004470348, 14.0, 9.600000008940697 ], 
            "faces": {
                "north": { "texture": "#0", "uv": [ 7.0, 14.0, 8.299999989569187, 15.0 ] },
                "east": { "texture": "#0", "uv": [ 7.0, 15.0, 8.0, 16.0 ] },
                "south": { "texture": "#0", "uv": [ 6.0, 14.0, 7.299999989569187, 15.0 ] },
                "west": { "texture": "#0", "uv": [ 7.0, 15.0, 8.0, 16.0 ] },
                "up": { "texture": "#0", "uv": [ 7.0, 14.0, 8.299999989569187, 15.0 ] },
                "down": { "texture": "#0", "uv": [ 7.0, 15.0, 8.299999989569187, 16.0 ] }
            }
        },
        {
            "name": "Cube",
            "from": [ 7.000000014901161, 17.899999998509884, 4.100000001490116 ], 
            "to": [ 9.200000002980232, 19.200000002980232, 6.100000001490116 ], 
            "faces": {
                "north": { "texture": "#0", "uv": [ 13.0, 10.0, 14.299999989569187, 11.0 ] },
                "east": { "texture": "#0", "uv": [ 13.0, 10.0, 14.0, 11.0 ] },
                "south": { "texture": "#0", "uv": [ 13.0, 10.0, 14.299999989569187, 11.0 ] },
                "west": { "texture": "#0", "uv": [ 13.0, 10.0, 14.0, 11.0 ] },
                "up": { "texture": "#0", "uv": [ 13.0, 10.0, 14.299999989569187, 11.0 ] },
                "down": { "texture": "#0", "uv": [ 13.0, 10.0, 14.299999989569187, 11.0 ] }
            }
        }
    ],
"display": {
    "thirdperson": {
        "rotation": [ 0, 0, 0 ],
        "translation": [ 0.00, 0.00, 0.00 ],
        "scale": [ 0.00, 0.00, 0.00 ]
    },
    "firstperson": {
        "rotation": [ 0, 0, 0 ],
        "translation": [ 0.00, 4.25, 1.75 ],
        "scale": [ 1.00, 1.00, 1.00 ]
    },
    "gui": {
        "rotation": [ 0, 0, 0 ],
        "translation": [ 0.00, 0.00, 0.00 ],
        "scale": [ 1.00, 1.00, 1.00 ]
    },
    "head": {
        "rotation": [ 0, 90, 0 ],
        "translation": [ 0.50, -5.00, 0.00 ],
        "scale": [ 2.00, 2.00, 2.00 ]
    }
}
}