{
"__comment": "Designed by Hypixel minecraft server with BDcraft Cubik PRO 0.90 Beta - http://bdcraft.net",
"textures": {
    "particle": "items/vanoom",
    "texture": "items/vanoom"
},
"elements": [ 
{
    "from": [ 2.5, 4.5, 14 ],
    "to": [ 13, 11, 14.5 ],
    "faces": {
        "down":  { "uv": [ 2.5, 11, 13, 11.5 ], "texture": "#texture" },
        "up":    { "uv": [ 2.5, 5, 13, 5.5 ], "texture": "#texture" },
        "north": { "uv": [ 13, 5, 2.5, 11.5 ], "texture": "#texture" },
        "south": { "uv": [ 2.5, 5, 13, 11.5 ], "texture": "#texture" },
        "west":  { "uv": [ 2.5, 5, 3, 11.5 ], "texture": "#texture" },
        "east":  { "uv": [ 12.5, 5, 13, 11.5 ], "texture": "#texture" }
    }
},
{
    "from": [ 3, 11, 14 ],
    "to": [ 12.5, 11.5, 14.5 ],
    "faces": {
        "up":    { "uv": [ 3, 4.5, 12.5, 5 ], "texture": "#texture" },
        "south": { "uv": [ 3, 4.5, 12.5, 5 ], "texture": "#texture" },
        "west":  { "uv": [ 3, 4.5, 3.5, 5 ], "texture": "#texture" },
        "east":  { "uv": [ 12, 4.5, 12.5, 5 ], "texture": "#texture" }
    }
},
{
    "from": [ 4, 11.5, 13 ],
    "to": [ 11.5, 12, 14 ],
    "faces": {
        "up":    { "uv": [ 4, 4, 11.5, 4.5 ], "texture": "#texture" },
        "south": { "uv": [ 4, 4, 11.5, 4.5 ], "texture": "#texture" },
        "west":  { "uv": [ 4, 4, 4.5, 4.5 ], "texture": "#texture" },
        "east":  { "uv": [ 11, 4, 11.5, 4.5 ], "texture": "#texture" }
    }
},
{
    "from": [ 2.5, 4, 12.5 ],
    "to": [ 13, 4.5, 13 ],
    "faces": {
        "down":  { "uv": [ 14.5, 12, 15, 11.5 ], "texture": "#texture" },
        "north": { "uv": [ 14.5, 11.5, 15, 12 ], "texture": "#texture" },
        "west":  { "uv": [ 14.5, 11.5, 15, 12 ], "texture": "#texture" },
        "east":  { "uv": [ 15, 11.5, 14.5, 12 ], "texture": "#texture" }
    }
},
{
    "from": [ 3, 3.5, 12.5 ],
    "to": [ 12.5, 4, 13 ],
    "faces": {
        "down":  { "uv": [ 14.5, 12.5, 15, 12 ], "texture": "#texture" },
        "north": { "uv": [ 14.5, 12, 15, 12.5 ], "texture": "#texture" },
        "west":  { "uv": [ 14.5, 12, 15, 12.5 ], "texture": "#texture" },
        "east":  { "uv": [ 15, 12, 14.5, 12.5 ], "texture": "#texture" }
    }
},
{
    "from": [ 3.5, 3, 12.5 ],
    "to": [ 12, 3.5, 13 ],
    "faces": {
        "down":  { "uv": [ 14.5, 13, 15, 12.5 ], "texture": "#texture" },
        "north": { "uv": [ 14.5, 12.5, 15, 13 ], "texture": "#texture" },
        "south": { "uv": [ 14.5, 13, 15, 12.5 ], "texture": "#texture" },
        "west":  { "uv": [ 14.5, 12.5, 15, 13 ], "texture": "#texture" },
        "east":  { "uv": [ 15, 12.5, 14.5, 13 ], "texture": "#texture" }
    }
},
{
    "from": [ 2, 5, 13 ],
    "to": [ 2.5, 10.5, 14 ],
    "faces": {
        "down":  { "uv": [ 15, 11.5, 15.5, 10.5 ], "texture": "#texture" },
        "up":    { "uv": [ 15, 5.5, 15.5, 6 ], "texture": "#texture" },
        "south": { "uv": [ 15.5, 5.5, 16, 11 ], "texture": "#texture" },
        "west":  { "uv": [ 15, 5.5, 16, 11 ], "texture": "#texture" },
        "east":  { "uv": [ 16, 5.5, 15, 11 ], "texture": "#texture" }
    }
},
{
    "from": [ 2, 4.5, 12.5 ],
    "to": [ 13.5, 11, 13 ],
    "faces": {
        "down":  { "uv": [ 14.5, 11, 15, 11.5 ], "texture": "#texture" },
        "up":    { "uv": [ 14.5, 4.5, 15, 5 ], "texture": "#texture" },
        "north": { "uv": [ 14.5, 5, 15, 11.5 ], "texture": "#texture" },
        "south": { "uv": [ 14.5, 5, 15, 11.5 ], "texture": "#texture" },
        "west":  { "uv": [ 14.5, 5, 15, 11.5 ], "texture": "#texture" },
        "east":  { "uv": [ 14.5, 5, 15, 11.5 ], "texture": "#texture" }
    }
},
{
    "from": [ 5, 12, 13 ],
    "to": [ 10.5, 12.5, 13.5 ],
    "faces": {
        "up":    { "uv": [ 5, 3.5, 10.5, 4 ], "texture": "#texture" },
        "south": { "uv": [ 5, 3.5, 10.5, 4 ], "texture": "#texture" },
        "west":  { "uv": [ 5, 3.5, 5.5, 4 ], "texture": "#texture" },
        "east":  { "uv": [ 10, 3.5, 10.5, 4 ], "texture": "#texture" }
    }
},
{
    "from": [ 5.5, 11.5, 14 ],
    "to": [ 10, 12, 14.5 ],
    "faces": {
        "up":    { "uv": [ 5.5, 4, 6, 4.5 ], "texture": "#texture" },
        "south": { "uv": [ 5.5, 4.5, 6, 4 ], "texture": "#texture" },
        "west":  { "uv": [ 5.5, 4, 6, 4.5 ], "texture": "#texture" },
        "east":  { "uv": [ 6, 4, 5.5, 4.5 ], "texture": "#texture" }
    }
},
{
    "from": [ 7, 12, 13.5 ],
    "to": [ 8.5, 12.5, 14 ],
    "faces": {
        "up":    { "uv": [ 7, 3.5, 7.5, 4 ], "texture": "#texture" },
        "south": { "uv": [ 7, 4, 7.5, 3.5 ], "texture": "#texture" },
        "west":  { "uv": [ 7, 3.5, 7.5, 4 ], "texture": "#texture" },
        "east":  { "uv": [ 7.5, 3.5, 7, 4 ], "texture": "#texture" }
    }
},
{
    "from": [ 2.5, 11, 12.5 ],
    "to": [ 13, 11.5, 13 ],
    "faces": {
        "up":    { "uv": [ 14.5, 4, 15, 4.5 ], "texture": "#texture" },
        "north": { "uv": [ 14.5, 4, 15, 4.5 ], "texture": "#texture" },
        "south": { "uv": [ 14.5, 4.5, 15, 4 ], "texture": "#texture" },
        "west":  { "uv": [ 14.5, 4, 15, 4.5 ], "texture": "#texture" },
        "east":  { "uv": [ 15, 4, 14.5, 4.5 ], "texture": "#texture" }
    }
},
{
    "from": [ 13, 5, 13 ],
    "to": [ 13.5, 10.5, 14 ],
    "faces": {
        "down":  { "uv": [ 15, 11.5, 15.5, 10.5 ], "texture": "#texture" },
        "up":    { "uv": [ 15, 5.5, 15.5, 6 ], "texture": "#texture" },
        "south": { "uv": [ 15.5, 5.5, 16, 11 ], "texture": "#texture" },
        "west":  { "uv": [ 15, 5.5, 16, 11 ], "texture": "#texture" },
        "east":  { "uv": [ 16, 5.5, 15, 11 ], "texture": "#texture" }
    }
},
{
    "from": [ 2.5, 10.5, 13 ],
    "to": [ 13, 11, 14 ],
    "faces": {
        "down":  { "uv": [ 15.5, 5, 16, 4.5 ], "texture": "#texture" },
        "up":    { "uv": [ 15.5, 4.5, 16, 5 ], "texture": "#texture" },
        "west":  { "uv": [ 15.5, 4.5, 16, 5 ], "texture": "#texture" },
        "east":  { "uv": [ 16, 4.5, 15.5, 5 ], "texture": "#texture" }
    }
},
{
    "from": [ 3, 11, 13 ],
    "to": [ 12.5, 11.5, 14 ],
    "faces": {
        "up":    { "uv": [ 15.5, 4.5, 16, 5 ], "texture": "#texture" },
        "west":  { "uv": [ 15.5, 4.5, 16, 5 ], "texture": "#texture" },
        "east":  { "uv": [ 16, 4.5, 15.5, 5 ], "texture": "#texture" }
    }
},
{
    "from": [ 3, 11.5, 12.5 ],
    "to": [ 12.5, 12, 13 ],
    "faces": {
        "up":    { "uv": [ 14.5, 4, 15, 4.5 ], "texture": "#texture" },
        "north": { "uv": [ 14.5, 4, 15, 4.5 ], "texture": "#texture" },
        "south": { "uv": [ 14.5, 4.5, 15, 4 ], "texture": "#texture" },
        "west":  { "uv": [ 14.5, 4, 15, 4.5 ], "texture": "#texture" },
        "east":  { "uv": [ 15, 4, 14.5, 4.5 ], "texture": "#texture" }
    }
},
{
    "from": [ 4, 12, 12.5 ],
    "to": [ 11.5, 12.5, 13 ],
    "faces": {
        "up":    { "uv": [ 14.5, 4, 15, 4.5 ], "texture": "#texture" },
        "north": { "uv": [ 14.5, 4, 15, 4.5 ], "texture": "#texture" },
        "south": { "uv": [ 14.5, 4.5, 15, 4 ], "texture": "#texture" },
        "west":  { "uv": [ 14.5, 4, 15, 4.5 ], "texture": "#texture" },
        "east":  { "uv": [ 15, 4, 14.5, 4.5 ], "texture": "#texture" }
    }
},
{
    "from": [ 2.5, 4, 13 ],
    "to": [ 13, 5, 14 ],
    "faces": {
        "down":  { "uv": [ 3, 12, 3.5, 11.5 ], "texture": "#texture" },
        "up":    { "uv": [ 3, 11.5, 3.5, 12 ], "texture": "#texture" },
        "north": { "uv": [ 3, 11.5, 3.5, 12 ], "texture": "#texture" },
        "south": { "uv": [ 3, 12, 3.5, 11.5 ], "texture": "#texture" },
        "west":  { "uv": [ 3, 11.5, 3.5, 12 ], "texture": "#texture" },
        "east":  { "uv": [ 3.5, 11.5, 3, 12 ], "texture": "#texture" }
    }
},
{
    "from": [ 3, 4, 14 ],
    "to": [ 12.5, 4.5, 14.5 ],
    "faces": {
        "down":  { "uv": [ 3, 11.5, 12.5, 12 ], "texture": "#texture" },
        "south": { "uv": [ 3, 11.5, 12.5, 12 ], "texture": "#texture" },
        "west":  { "uv": [ 3, 11.5, 3.5, 12 ], "texture": "#texture" },
        "east":  { "uv": [ 3, 11.5, 3.5, 12 ], "texture": "#texture" }
    }
},
{
    "from": [ 3, 3.5, 13 ],
    "to": [ 12.5, 4, 14 ],
    "faces": {
        "down":  { "uv": [ 3, 12, 12.5, 12.5 ], "texture": "#texture" },
        "south": { "uv": [ 3, 12, 12.5, 12.5 ], "texture": "#texture" },
        "west":  { "uv": [ 3, 12, 3.5, 12.5 ], "texture": "#texture" },
        "east":  { "uv": [ 3, 12, 3.5, 12.5 ], "texture": "#texture" }
    }
},
{
    "from": [ 4, 3, 13 ],
    "to": [ 11.5, 3.5, 13.5 ],
    "faces": {
        "down":  { "uv": [ 4, 12.5, 6.5, 13 ], "texture": "#texture" },
        "south": { "uv": [ 9, 12.5, 11.5, 13 ], "texture": "#texture" },
        "west":  { "uv": [ 4, 12.5, 4.5, 13 ], "texture": "#texture" },
        "east":  { "uv": [ 11, 12.5, 11.5, 13 ], "texture": "#texture" }
    }
},
{
    "from": [ 4, 3.5, 14 ],
    "to": [ 11.5, 4, 14.5 ],
    "faces": {
        "down":  { "uv": [ 4, 12, 11.5, 12.5 ], "texture": "#texture" },
        "south": { "uv": [ 4, 12, 11.5, 12.5 ], "texture": "#texture" },
        "west":  { "uv": [ 4, 12, 4.5, 12.5 ], "texture": "#texture" },
        "east":  { "uv": [ 4, 12, 4.5, 12.5 ], "texture": "#texture" }
    }
},
{
    "from": [ 5, 3, 13.5 ],
    "to": [ 10.5, 3.5, 14 ],
    "faces": {
        "down":  { "uv": [ 5, 12.5, 6.5, 13 ], "texture": "#texture" },
        "south": { "uv": [ 5, 12.5, 6.5, 13 ], "texture": "#texture" },
        "west":  { "uv": [ 6, 12.5, 6.5, 13 ], "texture": "#texture" },
        "east":  { "uv": [ 9, 12.5, 9.5, 13 ], "texture": "#texture" }
    }
},
{
    "from": [ 3, 8.5, 14.5 ],
    "to": [ 12.5, 10.5, 15 ],
    "faces": {
        "down":  { "uv": [ 3, 7, 12.5, 7.5 ], "texture": "#texture" },
        "up":    { "uv": [ 3, 5.5, 12.5, 6 ], "texture": "#texture" },
        "south": { "uv": [ 3, 5.5, 12.5, 7.5 ], "texture": "#texture" },
        "west":  { "uv": [ 3, 5.5, 3.5, 7.5 ], "texture": "#texture" },
        "east":  { "uv": [ 3, 5.5, 3.5, 7.5 ], "texture": "#texture" }
    }
},
{
    "from": [ 4.5, 10.5, 14.5 ],
    "to": [ 11, 11, 15 ],
    "faces": {
        "up":    { "uv": [ 4.5, 5, 11, 5.5 ], "texture": "#texture" },
        "south": { "uv": [ 4.5, 5, 11, 5.5 ], "texture": "#texture" },
        "west":  { "uv": [ 5, 5, 5.5, 5.5 ], "texture": "#texture" },
        "east":  { "uv": [ 5, 5, 5.5, 5.5 ], "texture": "#texture" }
    }
},
{
    "from": [ 2.5, 9, 14.5 ],
    "to": [ 13, 10, 15 ],
    "faces": {
        "down":  { "uv": [ 2.5, 6.5, 13, 7 ], "texture": "#texture" },
        "up":    { "uv": [ 2.5, 6, 13, 6.5 ], "texture": "#texture" },
        "south": { "uv": [ 2.5, 6, 13, 7 ], "texture": "#texture" },
        "west":  { "uv": [ 2.5, 6, 3, 7 ], "texture": "#texture" },
        "east":  { "uv": [ 12.5, 6, 13, 7 ], "texture": "#texture" }
    }
},
{
    "from": [ 3.5, 6, 14.5 ],
    "to": [ 12, 8.5, 15 ],
    "faces": {
        "down":  { "uv": [ 3.5, 9.5, 12, 10 ], "texture": "#texture" },
        "south": { "uv": [ 3.5, 7.5, 12, 10 ], "texture": "#texture" },
        "west":  { "uv": [ 3.5, 7.5, 4, 10 ], "texture": "#texture" },
        "east":  { "uv": [ 11.5, 7.5, 12, 10 ], "texture": "#texture" }
    }
},
{
    "from": [ 3, 6.5, 14.5 ],
    "to": [ 12.5, 7.5, 15 ],
    "faces": {
        "down":  { "uv": [ 3, 9, 12.5, 9.5 ], "texture": "#texture" },
        "up":    { "uv": [ 3, 8.5, 12.5, 9 ], "texture": "#texture" },
        "south": { "uv": [ 3, 8.5, 12.5, 9.5 ], "texture": "#texture" },
        "west":  { "uv": [ 3, 8.5, 3.5, 9.5 ], "texture": "#texture" },
        "east":  { "uv": [ 12, 8.5, 12.5, 9.5 ], "texture": "#texture" }
    }
},
{
    "from": [ 4, 5, 14.5 ],
    "to": [ 11.5, 6, 15 ],
    "faces": {
        "down":  { "uv": [ 4, 10.5, 11.5, 11 ], "texture": "#texture" },
        "south": { "uv": [ 4, 10, 11.5, 11 ], "texture": "#texture" },
        "west":  { "uv": [ 4, 10, 4.5, 11 ], "texture": "#texture" },
        "east":  { "uv": [ 11, 10, 11.5, 11 ], "texture": "#texture" }
    }
},
{
    "from": [ 4.5, 4.5, 14.5 ],
    "to": [ 11, 5, 15 ],
    "faces": {
        "down":  { "uv": [ 4.5, 11, 11, 11.5 ], "texture": "#texture" },
        "south": { "uv": [ 4.5, 11, 11, 11.5 ], "texture": "#texture" },
        "west":  { "uv": [ 10.5, 11, 11, 11.5 ], "texture": "#texture" },
        "east":  { "uv": [ 10.5, 11, 11, 11.5 ], "texture": "#texture" }
    }
},
{
    "from": [ 5, 4, 14.5 ],
    "to": [ 10.5, 4.5, 15 ],
    "faces": {
        "down":  { "uv": [ 5, 11.5, 10.5, 12 ], "texture": "#texture" },
        "south": { "uv": [ 5, 11.5, 10.5, 12 ], "texture": "#texture" },
        "west":  { "uv": [ 10.5, 11.5, 11, 12 ], "texture": "#texture" },
        "east":  { "uv": [ 10.5, 11.5, 11, 12 ], "texture": "#texture" }
    }
},
{
    "from": [ 4, 8, 15 ],
    "to": [ 11.5, 9, 15.5 ],
    "faces": {
        "down":  { "uv": [ 4, 7.5, 11.5, 8 ], "texture": "#texture" },
        "up":    { "uv": [ 4, 7, 11.5, 7.5 ], "texture": "#texture" },
        "north": { "uv": [ 4, 7, 11.5, 8 ], "texture": "#texture" },
        "south": { "uv": [ 4, 7, 11.5, 8 ], "texture": "#texture" },
        "west":  { "uv": [ 4, 7, 4.5, 8 ], "texture": "#texture" },
        "east":  { "uv": [ 11, 7, 11.5, 8 ], "texture": "#texture" }
    }
},
{
    "from": [ 4.5, 9, 15 ],
    "to": [ 11, 10, 15.5 ],
    "faces": {
        "up":    { "uv": [ 4.5, 6, 11, 6.5 ], "texture": "#texture" },
        "south": { "uv": [ 4.5, 6, 11, 7 ], "texture": "#texture" },
        "west":  { "uv": [ 4.5, 6, 5, 7 ], "texture": "#texture" },
        "east":  { "uv": [ 4.5, 6, 5, 7 ], "texture": "#texture" }
    }
},
{
    "from": [ 5, 10, 15 ],
    "to": [ 10.5, 10.5, 15.5 ],
    "faces": {
        "up":    { "uv": [ 5, 5.5, 10.5, 6 ], "texture": "#texture" },
        "south": { "uv": [ 5, 5.5, 10.5, 6 ], "texture": "#texture" },
        "west":  { "uv": [ 10, 5.5, 10.5, 6 ], "texture": "#texture" },
        "east":  { "uv": [ 10, 5.5, 10.5, 6 ], "texture": "#texture" }
    }
},
{
    "from": [ 5, 6.5, 15 ],
    "to": [ 10.5, 8, 15.5 ],
    "faces": {
        "south": { "uv": [ 5, 8, 10.5, 9.5 ], "texture": "#texture" },
        "west":  { "uv": [ 5, 8, 5.5, 9.5 ], "texture": "#texture" },
        "east":  { "uv": [ 10, 8, 10.5, 9.5 ], "texture": "#texture" }
    }
},
{
    "from": [ 4.5, 5.5, 15 ],
    "to": [ 11, 6.5, 15.5 ],
    "faces": {
        "down":  { "uv": [ 4.5, 10, 11, 10.5 ], "texture": "#texture" },
        "up":    { "uv": [ 4.5, 9.5, 11, 10 ], "texture": "#texture" },
        "north": { "uv": [ 11, 9.5, 4.5, 10.5 ], "texture": "#texture" },
        "south": { "uv": [ 4.5, 9.5, 11, 10.5 ], "texture": "#texture" },
        "west":  { "uv": [ 4.5, 9.5, 5, 10.5 ], "texture": "#texture" },
        "east":  { "uv": [ 4.5, 9.5, 5, 10.5 ], "texture": "#texture" }
    }
},
{
    "from": [ 5, 5, 15 ],
    "to": [ 10.5, 5.5, 15.5 ],
    "faces": {
        "down":  { "uv": [ 5, 10.5, 10.5, 11 ], "texture": "#texture" },
        "south": { "uv": [ 5, 10.5, 10.5, 11 ], "texture": "#texture" },
        "west":  { "uv": [ 10, 10.5, 10.5, 11 ], "texture": "#texture" },
        "east":  { "uv": [ 10, 10.5, 10.5, 11 ], "texture": "#texture" }
    }
},
{
    "from": [ 6, 4.5, 15 ],
    "to": [ 9.5, 5, 15.5 ],
    "faces": {
        "down":  { "uv": [ 6, 11, 9.5, 11.5 ], "texture": "#texture" },
        "south": { "uv": [ 6, 11, 9.5, 11.5 ], "texture": "#texture" },
        "west":  { "uv": [ 6, 11, 6.5, 11.5 ], "texture": "#texture" },
        "east":  { "uv": [ 9, 11, 9.5, 11.5 ], "texture": "#texture" }
    }
},
{
    "from": [ 6.5, 5.5, 15.5 ],
    "to": [ 9, 8.5, 16 ],
    "faces": {
        "down":  { "uv": [ 6.5, 10, 9, 10.5 ], "texture": "#texture" },
        "up":    { "uv": [ 6.5, 7.5, 9, 8 ], "texture": "#texture" },
        "north": { "uv": [ 9, 7.5, 6.5, 10.5 ], "texture": "#texture" },
        "south": { "uv": [ 6.5, 7.5, 9, 10.5 ], "texture": "#texture", "cullface": "south" },
        "west":  { "uv": [ 6.5, 7.5, 7, 10.5 ], "texture": "#texture" },
        "east":  { "uv": [ 8.5, 7.5, 9, 10.5 ], "texture": "#texture" }
    }
},
{
    "from": [ 6, 6, 15.5 ],
    "to": [ 9.5, 8, 16 ],
    "faces": {
        "down":  { "uv": [ 6, 9.5, 9.5, 10 ], "texture": "#texture" },
        "up":    { "uv": [ 6, 8, 9.5, 8.5 ], "texture": "#texture" },
        "north": { "uv": [ 6, 8, 9.5, 10 ], "texture": "#texture" },
        "south": { "uv": [ 6, 8, 9.5, 10 ], "texture": "#texture", "cullface": "south" },
        "west":  { "uv": [ 6, 8, 6.5, 10 ], "texture": "#texture" },
        "east":  { "uv": [ 6, 8, 6.5, 10 ], "texture": "#texture" }
    }
},
{
    "from": [ 7, 8.5, 15.5 ],
    "to": [ 8.5, 9.5, 16 ],
    "faces": {
        "up":    { "uv": [ 7, 6.5, 8.5, 7 ], "texture": "#texture" },
        "north": { "uv": [ 7, 6.5, 8.5, 7.5 ], "texture": "#texture" },
        "south": { "uv": [ 7, 6.5, 8.5, 7.5 ], "texture": "#texture", "cullface": "south" },
        "west":  { "uv": [ 7, 6.5, 7.5, 7.5 ], "texture": "#texture" },
        "east":  { "uv": [ 7, 6.5, 7.5, 7.5 ], "texture": "#texture" }
    }
},
{
    "from": [ 4.5, 12.5, 12.5 ],
    "to": [ 5, 13, 13 ],
    "faces": {
        "up":    { "uv": [ 4.5, 3, 5, 3.5 ], "texture": "#texture" },
        "north": { "uv": [ 4.5, 3, 5, 3.5 ], "texture": "#texture" },
        "south": { "uv": [ 4.5, 3.5, 5, 3 ], "texture": "#texture" },
        "west":  { "uv": [ 4.5, 3, 5, 3.5 ], "texture": "#texture" },
        "east":  { "uv": [ 5, 3, 4.5, 3.5 ], "texture": "#texture" }
    }
},
{
    "from": [ 6.5, 12.5, 13 ],
    "to": [ 7, 13, 13.5 ],
    "faces": {
        "up":    { "uv": [ 4.5, 3, 5, 3.5 ], "texture": "#texture" },
        "north": { "uv": [ 4.5, 3, 5, 3.5 ], "texture": "#texture" },
        "south": { "uv": [ 4.5, 3.5, 5, 3 ], "texture": "#texture" },
        "west":  { "uv": [ 4.5, 3, 5, 3.5 ], "texture": "#texture" },
        "east":  { "uv": [ 5, 3, 4.5, 3.5 ], "texture": "#texture" }
    }
},
{
    "from": [ 8.5, 12.5, 13 ],
    "to": [ 9, 13, 13.5 ],
    "faces": {
        "up":    { "uv": [ 4.5, 3, 5, 3.5 ], "texture": "#texture" },
        "north": { "uv": [ 4.5, 3, 5, 3.5 ], "texture": "#texture" },
        "south": { "uv": [ 4.5, 3.5, 5, 3 ], "texture": "#texture" },
        "west":  { "uv": [ 4.5, 3, 5, 3.5 ], "texture": "#texture" },
        "east":  { "uv": [ 5, 3, 4.5, 3.5 ], "texture": "#texture" }
    }
},
{
    "from": [ 10.5, 12.5, 12.5 ],
    "to": [ 11, 13, 13 ],
    "faces": {
        "up":    { "uv": [ 4.5, 3, 5, 3.5 ], "texture": "#texture" },
        "north": { "uv": [ 4.5, 3, 5, 3.5 ], "texture": "#texture" },
        "south": { "uv": [ 4.5, 3.5, 5, 3 ], "texture": "#texture" },
        "west":  { "uv": [ 4.5, 3, 5, 3.5 ], "texture": "#texture" },
        "east":  { "uv": [ 5, 3, 4.5, 3.5 ], "texture": "#texture" }
    }
},
{
    "from": [ 3, 11.5, 13 ],
    "to": [ 3.5, 12, 13.5 ],
    "faces": {
        "up":    { "uv": [ 4.5, 3, 5, 3.5 ], "texture": "#texture" },
        "south": { "uv": [ 4.5, 3.5, 5, 3 ], "texture": "#texture" },
        "west":  { "uv": [ 4.5, 3, 5, 3.5 ], "texture": "#texture" },
        "east":  { "uv": [ 5, 3, 4.5, 3.5 ], "texture": "#texture" }
    }
},
{
    "from": [ 12, 11.5, 13 ],
    "to": [ 12.5, 12, 13.5 ],
    "faces": {
        "up":    { "uv": [ 4.5, 3, 5, 3.5 ], "texture": "#texture" },
        "south": { "uv": [ 4.5, 3.5, 5, 3 ], "texture": "#texture" },
        "west":  { "uv": [ 4.5, 3, 5, 3.5 ], "texture": "#texture" },
        "east":  { "uv": [ 5, 3, 4.5, 3.5 ], "texture": "#texture" }
    }
},
{
    "from": [ 4.5, 2.5, 12.5 ],
    "to": [ 5, 3, 13 ],
    "faces": {
        "down":  { "uv": [ 4.5, 13.5, 5, 13 ], "texture": "#texture" },
        "north": { "uv": [ 4.5, 13, 5, 13.5 ], "texture": "#texture" },
        "south": { "uv": [ 4.5, 13.5, 5, 13 ], "texture": "#texture" },
        "west":  { "uv": [ 4.5, 13, 5, 13.5 ], "texture": "#texture" },
        "east":  { "uv": [ 5, 13, 4.5, 13.5 ], "texture": "#texture" }
    }
},
{
    "from": [ 6.5, 2.5, 13 ],
    "to": [ 7, 3, 13.5 ],
    "faces": {
        "down":  { "uv": [ 4.5, 13.5, 5, 13 ], "texture": "#texture" },
        "north": { "uv": [ 4.5, 13, 5, 13.5 ], "texture": "#texture" },
        "south": { "uv": [ 4.5, 13.5, 5, 13 ], "texture": "#texture" },
        "west":  { "uv": [ 4.5, 13, 5, 13.5 ], "texture": "#texture" },
        "east":  { "uv": [ 5, 13, 4.5, 13.5 ], "texture": "#texture" }
    }
},
{
    "from": [ 8.5, 2.5, 13 ],
    "to": [ 9, 3, 13.5 ],
    "faces": {
        "down":  { "uv": [ 4.5, 13.5, 5, 13 ], "texture": "#texture" },
        "north": { "uv": [ 4.5, 13, 5, 13.5 ], "texture": "#texture" },
        "south": { "uv": [ 4.5, 13.5, 5, 13 ], "texture": "#texture" },
        "west":  { "uv": [ 4.5, 13, 5, 13.5 ], "texture": "#texture" },
        "east":  { "uv": [ 5, 13, 4.5, 13.5 ], "texture": "#texture" }
    }
},
{
    "from": [ 10.5, 2.5, 12.5 ],
    "to": [ 11, 3, 13 ],
    "faces": {
        "down":  { "uv": [ 4.5, 13.5, 5, 13 ], "texture": "#texture" },
        "north": { "uv": [ 4.5, 13, 5, 13.5 ], "texture": "#texture" },
        "south": { "uv": [ 4.5, 13.5, 5, 13 ], "texture": "#texture" },
        "west":  { "uv": [ 4.5, 13, 5, 13.5 ], "texture": "#texture" },
        "east":  { "uv": [ 5, 13, 4.5, 13.5 ], "texture": "#texture" }
    }
},
{
    "from": [ 2, 9.5, 12 ],
    "to": [ 3, 11, 12.5 ],
    "faces": {
        "down":  { "uv": [ 15.5, 1, 16, 0.5 ], "texture": "#texture" },
        "up":    { "uv": [ 15.5, 0.5, 16, 1 ], "texture": "#texture" },
        "north": { "uv": [ 15.5, 0.5, 16, 1 ], "texture": "#texture" },
        "west":  { "uv": [ 15.5, 0.5, 16, 1 ], "texture": "#texture" },
        "east":  { "uv": [ 16, 0.5, 15.5, 1 ], "texture": "#texture" }
    }
},
{
    "from": [ 12.5, 9.5, 12 ],
    "to": [ 13.5, 11, 12.5 ],
    "faces": {
        "down":  { "uv": [ 15.5, 1, 16, 0.5 ], "texture": "#texture" },
        "up":    { "uv": [ 15.5, 0.5, 16, 1 ], "texture": "#texture" },
        "north": { "uv": [ 15.5, 0.5, 16, 1 ], "texture": "#texture" },
        "west":  { "uv": [ 15.5, 0.5, 16, 1 ], "texture": "#texture" },
        "east":  { "uv": [ 16, 0.5, 15.5, 1 ], "texture": "#texture" }
    }
},
{
    "from": [ 12.5, 5, 12 ],
    "to": [ 13.5, 6.5, 12.5 ],
    "faces": {
        "down":  { "uv": [ 15.5, 1, 16, 0.5 ], "texture": "#texture" },
        "up":    { "uv": [ 15.5, 0.5, 16, 1 ], "texture": "#texture" },
        "north": { "uv": [ 15.5, 0.5, 16, 1 ], "texture": "#texture" },
        "west":  { "uv": [ 15.5, 0.5, 16, 1 ], "texture": "#texture" },
        "east":  { "uv": [ 16, 0.5, 15.5, 1 ], "texture": "#texture" }
    }
},
{
    "from": [ 2, 5, 12 ],
    "to": [ 3, 6.5, 12.5 ],
    "faces": {
        "down":  { "uv": [ 15.5, 1, 16, 0.5 ], "texture": "#texture" },
        "up":    { "uv": [ 15.5, 0.5, 16, 1 ], "texture": "#texture" },
        "north": { "uv": [ 15.5, 0.5, 16, 1 ], "texture": "#texture" },
        "west":  { "uv": [ 15.5, 0.5, 16, 1 ], "texture": "#texture" },
        "east":  { "uv": [ 16, 0.5, 15.5, 1 ], "texture": "#texture" }
    }
},
{
    "from": [ 3, 9.5, 3 ],
    "to": [ 3.5, 11, 12.5 ],
    "faces": {
        "down":  { "uv": [ 11.5, 1, 12, 1.5 ], "texture": "#texture" },
        "up":    { "uv": [ 11.5, 0, 12, 0.5 ], "texture": "#texture" },
        "north": { "uv": [ 11.5, 0, 12, 1.5 ], "texture": "#texture" },
        "west":  { "uv": [ 11.5, 0, 12, 1.5 ], "texture": "#texture" },
        "east":  { "uv": [ 11.5, 0, 12, 1.5 ], "texture": "#texture" }
    }
},
{
    "from": [ 3, 5, 3 ],
    "to": [ 3.5, 6.5, 12.5 ],
    "faces": {
        "down":  { "uv": [ 11.5, 1, 12, 1.5 ], "texture": "#texture" },
        "up":    { "uv": [ 11.5, 0, 12, 0.5 ], "texture": "#texture" },
        "north": { "uv": [ 11.5, 0, 12, 1.5 ], "texture": "#texture" },
        "west":  { "uv": [ 11.5, 0, 12, 1.5 ], "texture": "#texture" },
        "east":  { "uv": [ 11.5, 0, 12, 1.5 ], "texture": "#texture" }
    }
},
{
    "from": [ 12, 9.5, 3 ],
    "to": [ 12.5, 11, 12.5 ],
    "faces": {
        "down":  { "uv": [ 11.5, 1, 12, 1.5 ], "texture": "#texture" },
        "up":    { "uv": [ 11.5, 0, 12, 0.5 ], "texture": "#texture" },
        "north": { "uv": [ 11.5, 0, 12, 1.5 ], "texture": "#texture" },
        "west":  { "uv": [ 11.5, 0, 12, 1.5 ], "texture": "#texture" },
        "east":  { "uv": [ 11.5, 0, 12, 1.5 ], "texture": "#texture" }
    }
},
{
    "from": [ 12, 5, 3 ],
    "to": [ 12.5, 6.5, 12.5 ],
    "faces": {
        "down":  { "uv": [ 11.5, 1, 12, 1.5 ], "texture": "#texture" },
        "up":    { "uv": [ 11.5, 0, 12, 0.5 ], "texture": "#texture" },
        "north": { "uv": [ 11.5, 0, 12, 1.5 ], "texture": "#texture" },
        "west":  { "uv": [ 11.5, 0, 12, 1.5 ], "texture": "#texture" },
        "east":  { "uv": [ 11.5, 0, 12, 1.5 ], "texture": "#texture" }
    }
},
{
    "from": [ 3.5, 9.5, 3 ],
    "to": [ 12, 11, 3.5 ],
    "faces": {
        "down":  { "uv": [ 11, 1, 11.5, 1.5 ], "texture": "#texture" },
        "up":    { "uv": [ 11, 0, 11.5, 0.5 ], "texture": "#texture" },
        "north": { "uv": [ 11, 0, 11.5, 1.5 ], "texture": "#texture" },
        "south": { "uv": [ 11, 0, 11.5, 1.5 ], "texture": "#texture" },
        "west":  { "uv": [ 11, 0, 11.5, 1.5 ], "texture": "#texture" },
        "east":  { "uv": [ 11, 0, 11.5, 1.5 ], "texture": "#texture" }
    }
},
{
    "from": [ 3.5, 5, 3 ],
    "to": [ 12, 6.5, 3.5 ],
    "faces": {
        "down":  { "uv": [ 11, 1, 11.5, 1.5 ], "texture": "#texture" },
        "up":    { "uv": [ 11, 0, 11.5, 0.5 ], "texture": "#texture" },
        "north": { "uv": [ 11, 0, 11.5, 1.5 ], "texture": "#texture" },
        "south": { "uv": [ 11, 0, 11.5, 1.5 ], "texture": "#texture" },
        "west":  { "uv": [ 11, 0, 11.5, 1.5 ], "texture": "#texture" },
        "east":  { "uv": [ 11, 0, 11.5, 1.5 ], "texture": "#texture" }
    }
},
{
    "from": [ 7, 9.5, 2.5 ],
    "to": [ 8.5, 11, 3 ],
    "faces": {
        "down":  { "uv": [ 10.5, 0.5, 11, 0 ], "texture": "#texture" },
        "up":    { "uv": [ 10.5, 0, 11, 0.5 ], "texture": "#texture" },
        "north": { "uv": [ 10.5, 0, 11, 0.5 ], "texture": "#texture" },
        "west":  { "uv": [ 10.5, 0, 11, 0.5 ], "texture": "#texture" },
        "east":  { "uv": [ 11, 0, 10.5, 0.5 ], "texture": "#texture" }
    }
},
{
    "from": [ 7, 11, 3 ],
    "to": [ 8.5, 11.5, 3.5 ],
    "faces": {
        "up":    { "uv": [ 10.5, 0, 11, 0.5 ], "texture": "#texture" },
        "north": { "uv": [ 10.5, 0, 11, 0.5 ], "texture": "#texture" },
        "south": { "uv": [ 10.5, 0.5, 11, 0 ], "texture": "#texture" },
        "west":  { "uv": [ 10.5, 0, 11, 0.5 ], "texture": "#texture" },
        "east":  { "uv": [ 11, 0, 10.5, 0.5 ], "texture": "#texture" }
    }
},
{
    "from": [ 7, 6.5, 3 ],
    "to": [ 8.5, 7, 3.5 ],
    "faces": {
        "up":    { "uv": [ 10.5, 0, 11, 0.5 ], "texture": "#texture" },
        "north": { "uv": [ 10.5, 0, 11, 0.5 ], "texture": "#texture" },
        "south": { "uv": [ 10.5, 0.5, 11, 0 ], "texture": "#texture" },
        "west":  { "uv": [ 10.5, 0, 11, 0.5 ], "texture": "#texture" },
        "east":  { "uv": [ 11, 0, 10.5, 0.5 ], "texture": "#texture" }
    }
},
{
    "from": [ 7, 5, 2.5 ],
    "to": [ 8.5, 6.5, 3 ],
    "faces": {
        "down":  { "uv": [ 10.5, 0.5, 11, 0 ], "texture": "#texture" },
        "up":    { "uv": [ 10.5, 0, 11, 0.5 ], "texture": "#texture" },
        "north": { "uv": [ 10.5, 0, 11, 0.5 ], "texture": "#texture" },
        "west":  { "uv": [ 10.5, 0, 11, 0.5 ], "texture": "#texture" },
        "east":  { "uv": [ 11, 0, 10.5, 0.5 ], "texture": "#texture" }
    }
},
{
    "from": [ 7, 9, 3 ],
    "to": [ 8.5, 9.5, 3.5 ],
    "faces": {
        "down":  { "uv": [ 10.5, 0.5, 11, 0 ], "texture": "#texture" },
        "north": { "uv": [ 10.5, 0, 11, 0.5 ], "texture": "#texture" },
        "south": { "uv": [ 10.5, 0.5, 11, 0 ], "texture": "#texture" },
        "west":  { "uv": [ 10.5, 0, 11, 0.5 ], "texture": "#texture" },
        "east":  { "uv": [ 11, 0, 10.5, 0.5 ], "texture": "#texture" }
    }
},
{
    "from": [ 7, 4.5, 3 ],
    "to": [ 8.5, 5, 3.5 ],
    "faces": {
        "down":  { "uv": [ 10.5, 0.5, 11, 0 ], "texture": "#texture" },
        "north": { "uv": [ 10.5, 0, 11, 0.5 ], "texture": "#texture" },
        "south": { "uv": [ 10.5, 0.5, 11, 0 ], "texture": "#texture" },
        "west":  { "uv": [ 10.5, 0, 11, 0.5 ], "texture": "#texture" },
        "east":  { "uv": [ 11, 0, 10.5, 0.5 ], "texture": "#texture" }
    }
},
{
    "from": [ 6.5, 3.5, 14 ],
    "to": [ 9, 4.5, 15.5 ],
    "faces": {
        "down":  { "uv": [ 6.5, 12, 9, 12.5 ], "texture": "#texture" },
        "up":    { "uv": [ 6.5, 11, 9, 11.5 ], "texture": "#texture" },
        "north": { "uv": [ 9, 11.5, 6.5, 12.5 ], "texture": "#texture" },
        "south": { "uv": [ 6.5, 11.5, 9, 12.5 ], "texture": "#texture" },
        "west":  { "uv": [ 6.5, 11, 7, 12 ], "texture": "#texture" },
        "east":  { "uv": [ 8.5, 11, 9, 12 ], "texture": "#texture" }
    }
},
{
    "from": [ 7.0625, 3, 15 ],
    "to": [ 9.0625, 4, 16 ],
    "faces": {
        "down":  { "uv": [ 7, 13, 9, 13.5 ], "texture": "#texture" },
        "up":    { "uv": [ 7, 12.5, 9, 13 ], "texture": "#texture" },
        "north": { "uv": [ 9, 12.5, 7, 13.5 ], "texture": "#texture" },
        "south": { "uv": [ 7, 12.5, 9, 13.5 ], "texture": "#texture", "cullface": "south" },
        "west":  { "uv": [ 7, 12.5, 7.5, 13.5 ], "texture": "#texture" },
        "east":  { "uv": [ 8.5, 12.5, 9, 13.5 ], "texture": "#texture" }
    }
},
{
    "from": [ 7.0625, 4, 15.5 ],
    "to": [ 8.0625, 5, 16 ],
    "faces": {
        "up":    { "uv": [ 7.0625, 11, 8.0625, 11.5 ], "texture": "#texture" },
        "north": { "uv": [ 7.9375, 11, 8.9375, 12 ], "texture": "#texture" },
        "south": { "uv": [ 7.0625, 11, 8.0625, 12 ], "texture": "#texture", "cullface": "south" },
        "west":  { "uv": [ 8.5, 11, 9, 12 ], "texture": "#texture" },
        "east":  { "uv": [ 8.5, 11, 9, 12 ], "texture": "#texture" }
    }
},
{
    "from": [ 7.5, 2.5, 15.3125 ],
    "to": [ 9.5, 3.5, 16.3125 ],
    "faces": {
        "down":  { "uv": [ 7.5, 13.5, 9.5, 14 ], "texture": "#texture", "cullface": "south" },
        "up":    { "uv": [ 7.5, 13, 9.5, 13.5 ], "texture": "#texture", "cullface": "south" },
        "north": { "uv": [ 7.5, 13, 9.5, 14 ], "texture": "#texture", "cullface": "south" },
        "south": { "uv": [ 7.5, 13, 9.5, 14 ], "texture": "#texture", "cullface": "south" },
        "west":  { "uv": [ 7.5625, 13, 8.0625, 14 ], "texture": "#texture", "cullface": "south" },
        "east":  { "uv": [ 9.0625, 13, 9.5625, 14 ], "texture": "#texture", "cullface": "south" }
    }
},
{
    "from": [ 8, 1.5, 15.75 ],
    "to": [ 9.5, 2.5, 16.6875 ],
    "faces": {
        "down":  { "uv": [ 8, 14.5, 9.5, 15 ], "texture": "#texture", "cullface": "south" },
        "up":    { "uv": [ 8, 14, 9.5, 14.5 ], "texture": "#texture", "cullface": "south" },
        "north": { "uv": [ 9.5, 14, 8, 15 ], "texture": "#texture", "cullface": "south" },
        "south": { "uv": [ 8, 14, 9.5, 15 ], "texture": "#texture", "cullface": "south" },
        "west":  { "uv": [ 8, 14, 8.5, 15 ], "texture": "#texture", "cullface": "south" },
        "east":  { "uv": [ 9, 14, 9.5, 15 ], "texture": "#texture", "cullface": "south" }
    }
},
{
    "from": [ 7.5, 1, 15.5 ],
    "to": [ 9.5, 1.5, 16 ],
    "faces": {
        "down":  { "uv": [ 7.5, 15, 9.5, 15.5 ], "texture": "#texture" },
        "up":    { "uv": [ 7.5, 15, 9.5, 15.5 ], "texture": "#texture" },
        "north": { "uv": [ 7.5, 15, 9.5, 15.5 ], "texture": "#texture" },
        "south": { "uv": [ 7.5, 15, 9.5, 15.5 ], "texture": "#texture", "cullface": "south" },
        "west":  { "uv": [ 7.5, 15, 8, 15.5 ], "texture": "#texture" },
        "east":  { "uv": [ 9, 15, 9.5, 15.5 ], "texture": "#texture" }
    }
},
{
    "from": [ 7, 0.5, 15.1875 ],
    "to": [ 9, 1, 15.6875 ],
    "faces": {
        "down":  { "uv": [ 7, 15.5, 9, 16 ], "texture": "#texture" },
        "up":    { "uv": [ 7, 15.5, 9, 16 ], "texture": "#texture" },
        "north": { "uv": [ 7, 15.5, 9, 16 ], "texture": "#texture" },
        "south": { "uv": [ 7, 15.5, 9, 16 ], "texture": "#texture" },
        "west":  { "uv": [ 7, 15.5, 7.5, 16 ], "texture": "#texture" },
        "east":  { "uv": [ 8.5, 15.5, 9, 16 ], "texture": "#texture" }
    }
}
],
"display":{"head":{"rotation":[0,180,0],"translation":[-0.2,0.3,-0.2],"scale":[2,2,1.51]},"fixed":{"rotation":[0,180,0],"translation":[0,0.2,4.7],"scale":[2.29,2.29,2]},"firstperson":{"rotation":[-37,-99,13],"translation":[0,0,0],"scale":[2,2,2]},"gui":{"rotation":[-30,135,0],"translation":[0,0,-0.3],"scale":[1.6,1.6,1.6]}}
}