{"__comment":"Designed by Hypixel minecraft server with BDcraft Cubik PRO 0.93 Beta - http://bdcraft.net","textures":{"particle":"blocks/piggy","texture":"blocks/piggy"},"elements":[{"from":[-1,7.5,9.5],"to":[3.5,9,10],"faces":{"down":{"uv":[0,6,4.5,6.5],"texture":"#texture"},"up":{"uv":[0,5,4.5,5.5],"texture":"#texture"},"north":{"uv":[4.5,5,0,6.5],"texture":"#texture"},"south":{"uv":[0,5,4.5,6.5],"texture":"#texture"},"west":{"uv":[0,5,0.5,6.5],"texture":"#texture"},"east":{"uv":[4,5,4.5,6.5],"texture":"#texture"}}},{"from":[-1,9,9.5],"to":[2,9.5,10],"faces":{"down":{"uv":[0,4.5,3,5],"texture":"#texture"},"up":{"uv":[0,4.5,3,5],"texture":"#texture"},"north":{"uv":[0,4.5,3,5],"texture":"#texture"},"south":{"uv":[0,4.5,3,5],"texture":"#texture"},"west":{"uv":[0,4.5,0.5,5],"texture":"#texture"},"east":{"uv":[2.5,4.5,3,5],"texture":"#texture"}}},{"from":[-1,9.5,9.5],"to":[0,10,10],"faces":{"down":{"uv":[0,4,1,4.5],"texture":"#texture"},"up":{"uv":[0,4,1,4.5],"texture":"#texture"},"north":{"uv":[0,4,1,4.5],"texture":"#texture"},"south":{"uv":[0,4,1,4.5],"texture":"#texture"},"west":{"uv":[0,4,0.5,4.5],"texture":"#texture"},"east":{"uv":[0.5,4,1,4.5],"texture":"#texture"}}},{"from":[-0.5,7,9.5],"to":[3.5,7.5,10],"faces":{"down":{"uv":[0.5,6.5,4.5,7],"texture":"#texture"},"up":{"uv":[0.5,6.5,4.5,7],"texture":"#texture"},"north":{"uv":[4.5,6.5,0.5,7],"texture":"#texture"},"south":{"uv":[0.5,6.5,4.5,7],"texture":"#texture"},"west":{"uv":[0.5,6.5,1,7],"texture":"#texture"},"east":{"uv":[4,6.5,4.5,7],"texture":"#texture"}}},{"from":[0,6.5,9.5],"to":[3.5,7,10],"faces":{"down":{"uv":[1,7,4.5,7.5],"texture":"#texture"},"up":{"uv":[1,7,4.5,7.5],"texture":"#texture"},"north":{"uv":[4.5,7,1,7.5],"texture":"#texture"},"south":{"uv":[1,7,4.5,7.5],"texture":"#texture"},"west":{"uv":[1,7,1.5,7.5],"texture":"#texture"},"east":{"uv":[4,7,4.5,7.5],"texture":"#texture"}}},{"from":[0,6,10],"to":[3.5,6.5,10.5],"faces":{"down":{"uv":[1,7.5,4.5,8],"texture":"#texture"},"up":{"uv":[1,7.5,4.5,8],"texture":"#texture"},"north":{"uv":[4.5,7.5,1,8],"texture":"#texture"},"south":{"uv":[1,7.5,4.5,8],"texture":"#texture"},"west":{"uv":[1,7.5,1.5,8],"texture":"#texture"},"east":{"uv":[4,7.5,4.5,8],"texture":"#texture"}}},{"from":[0.5,5.5,10],"to":[3.5,6,10.5],"faces":{"down":{"uv":[1.5,8,4.5,8.5],"texture":"#texture"},"up":{"uv":[1.5,8,4.5,8.5],"texture":"#texture"},"north":{"uv":[4.5,8,1.5,8.5],"texture":"#texture"},"south":{"uv":[1.5,8,4.5,8.5],"texture":"#texture"},"west":{"uv":[1.5,8,2,8.5],"texture":"#texture"},"east":{"uv":[4,8,4.5,8.5],"texture":"#texture"}}},{"from":[1,5,10.5],"to":[3.5,5.5,11],"faces":{"down":{"uv":[2,8.5,4.5,9],"texture":"#texture"},"up":{"uv":[2,8.5,4.5,9],"texture":"#texture"},"north":{"uv":[4.5,8.5,2,9],"texture":"#texture"},"south":{"uv":[2,8.5,4.5,9],"texture":"#texture"},"west":{"uv":[2,8.5,4.5,9],"texture":"#texture"},"east":{"uv":[2,8.5,4.5,9],"texture":"#texture"}}},{"from":[2,4.5,11],"to":[3.5,5,12],"faces":{"down":{"uv":[3,9,4.5,9.5],"texture":"#texture"},"up":{"uv":[3,9,4.5,9.5],"texture":"#texture"},"north":{"uv":[3,9,4.5,9.5],"texture":"#texture"},"south":{"uv":[3,9,4.5,9.5],"texture":"#texture"},"west":{"uv":[3,9,3.5,9.5],"texture":"#texture"},"east":{"uv":[4,9,4.5,9.5],"texture":"#texture"}}},{"from":[2,5,11],"to":[3.5,5.5,11.5],"faces":{"down":{"uv":[2,8.5,4.5,9],"texture":"#texture"},"up":{"uv":[2,8.5,4.5,9],"texture":"#texture"},"north":{"uv":[4.5,8.5,2,9],"texture":"#texture"},"south":{"uv":[2,8.5,4.5,9],"texture":"#texture"},"west":{"uv":[2,8.5,4.5,9],"texture":"#texture"},"east":{"uv":[2,8.5,4.5,9],"texture":"#texture"}}},{"from":[1,5.5,10.5],"to":[3.5,6,11],"faces":{"down":{"uv":[2,8,4.5,8.5],"texture":"#texture"},"up":{"uv":[2,8,4.5,8.5],"texture":"#texture"},"north":{"uv":[4.5,8,2,8.5],"texture":"#texture"},"south":{"uv":[2,8,4.5,8.5],"texture":"#texture"},"west":{"uv":[2,8,2.5,8.5],"texture":"#texture"},"east":{"uv":[4,8,4.5,8.5],"texture":"#texture"}}},{"from":[2,5.5,11],"to":[3.5,6,11.5],"faces":{"down":{"uv":[3,8,4.5,8.5],"texture":"#texture"},"up":{"uv":[3,8,4.5,8.5],"texture":"#texture"},"north":{"uv":[4.5,8,3,8.5],"texture":"#texture"},"south":{"uv":[3,8,4.5,8.5],"texture":"#texture"},"west":{"uv":[3,8,3.5,8.5],"texture":"#texture"},"east":{"uv":[4,8,4.5,8.5],"texture":"#texture"}}},{"from":[3,6,11],"to":[3.5,6.5,11.5],"faces":{"down":{"uv":[4,7.5,4.5,8],"texture":"#texture"},"up":{"uv":[4,7.5,4.5,8],"texture":"#texture"},"north":{"uv":[4,7.5,4.5,8],"texture":"#texture"},"south":{"uv":[4,7.5,4.5,8],"texture":"#texture"},"west":{"uv":[4,7.5,4.5,8],"texture":"#texture"},"east":{"uv":[4,7.5,4.5,8],"texture":"#texture"}}},{"from":[2.5,6,10.5],"to":[3,6.5,11],"faces":{"down":{"uv":[3,8,4.5,8.5],"texture":"#texture"},"up":{"uv":[3,8,4.5,8.5],"texture":"#texture"},"north":{"uv":[4.5,8,3,8.5],"texture":"#texture"},"south":{"uv":[3,8,4.5,8.5],"texture":"#texture"},"west":{"uv":[3,8,3.5,8.5],"texture":"#texture"},"east":{"uv":[4,8,4.5,8.5],"texture":"#texture"}}},{"from":[3,6.5,10],"to":[3.5,8,10.5],"faces":{"down":{"uv":[3,8,4.5,8.5],"texture":"#texture"},"up":{"uv":[3,8,4.5,8.5],"texture":"#texture"},"north":{"uv":[4.5,8,3,8.5],"texture":"#texture"},"south":{"uv":[3,8,4.5,8.5],"texture":"#texture"},"west":{"uv":[3,8,3.5,8.5],"texture":"#texture"},"east":{"uv":[4,8,4.5,8.5],"texture":"#texture"}}},{"from":[3,6.5,10.5],"to":[3.5,8,11],"faces":{"down":{"uv":[4,7,4.5,7.5],"texture":"#texture"},"up":{"uv":[4,6,4.5,6.5],"texture":"#texture"},"north":{"uv":[4.5,6,4,7.5],"texture":"#texture"},"south":{"uv":[4,6,4.5,7.5],"texture":"#texture"},"west":{"uv":[4,6,4.5,7.5],"texture":"#texture"},"east":{"uv":[4,6,4.5,7.5],"texture":"#texture"}}},{"from":[1.5,6.5,10],"to":[3,7,10.5],"faces":{"down":{"uv":[2.5,7,4,7.5],"texture":"#texture"},"up":{"uv":[2.5,7,4,7.5],"texture":"#texture"},"north":{"uv":[4,7,2.5,7.5],"texture":"#texture"},"south":{"uv":[4,7,2.5,7.5],"texture":"#texture"},"west":{"uv":[2.5,7,3,7.5],"texture":"#texture"},"east":{"uv":[2.5,7,3,7.5],"texture":"#texture"}}},{"from":[2,7,10],"to":[3,7.5,10.5],"faces":{"down":{"uv":[3,6.5,4,7],"texture":"#texture"},"up":{"uv":[3,6.5,4,7],"texture":"#texture"},"north":{"uv":[4,6.5,3,7],"texture":"#texture"},"south":{"uv":[4,6.5,3,7],"texture":"#texture"},"west":{"uv":[3,6.5,3.5,7],"texture":"#texture"},"east":{"uv":[3.5,6.5,4,7],"texture":"#texture"}}},{"from":[0,6.5,10],"to":[1,7,10.5],"faces":{"down":{"uv":[0.5,6,1,7],"texture":"#texture"},"up":{"uv":[0.5,6,1,7],"texture":"#texture"},"north":{"uv":[1,6,1.5,7],"texture":"#texture"},"south":{"uv":[1,6,1.5,7],"texture":"#texture"},"west":{"uv":[0.5,6.5,1.5,7],"texture":"#texture"},"east":{"uv":[0.5,6.5,1.5,7],"texture":"#texture"}}},{"from":[-0.5,7,10],"to":[0.5,7.5,10.5],"faces":{"down":{"uv":[0.5,6,1,7],"texture":"#texture"},"up":{"uv":[0.5,6,1,7],"texture":"#texture"},"north":{"uv":[1,6,1.5,7],"texture":"#texture"},"south":{"uv":[1,6,1.5,7],"texture":"#texture"},"west":{"uv":[0.5,6.5,1.5,7],"texture":"#texture"},"east":{"uv":[0.5,6.5,1.5,7],"texture":"#texture"}}},{"from":[-1,7.5,10],"to":[0.5,8,10.5],"faces":{"down":{"uv":[0.5,6,1,7],"texture":"#texture"},"up":{"uv":[0.5,6,1,7],"texture":"#texture"},"north":{"uv":[1,6,1.5,7],"texture":"#texture"},"south":{"uv":[1,6,1.5,7],"texture":"#texture"},"west":{"uv":[0.5,6.5,1.5,7],"texture":"#texture"},"east":{"uv":[0.5,6.5,1.5,7],"texture":"#texture"}}},{"from":[-1,8,10],"to":[0,8.5,10.5],"faces":{"down":{"uv":[0.5,6,1,7],"texture":"#texture"},"up":{"uv":[0.5,6,1,7],"texture":"#texture"},"north":{"uv":[1,6,1.5,7],"texture":"#texture"},"south":{"uv":[1,6,1.5,7],"texture":"#texture"},"west":{"uv":[0.5,6.5,1.5,7],"texture":"#texture"},"east":{"uv":[0.5,6.5,1.5,7],"texture":"#texture"}}},{"from":[-1,8.5,10],"to":[-0.5,9.5,10.5],"faces":{"down":{"uv":[0.5,6,1,7],"texture":"#texture"},"up":{"uv":[0.5,6,1,7],"texture":"#texture"},"north":{"uv":[1,6,1.5,7],"texture":"#texture"},"south":{"uv":[1,6,1.5,7],"texture":"#texture"},"west":{"uv":[0.5,6.5,1.5,7],"texture":"#texture"},"east":{"uv":[0.5,6.5,1.5,7],"texture":"#texture"}}},{"from":[-0.5,9,10],"to":[1,9.5,10.5],"faces":{"down":{"uv":[0.5,4.5,1.5,5],"texture":"#texture"},"up":{"uv":[0.5,4.5,1.5,5],"texture":"#texture"},"north":{"uv":[0.5,4.5,1.5,5],"texture":"#texture"},"south":{"uv":[0.5,4.5,1.5,5],"texture":"#texture"},"west":{"uv":[0.5,4.5,1.5,5],"texture":"#texture"},"east":{"uv":[0.5,4.5,1.5,5],"texture":"#texture"}}},{"from":[1,8.5,10],"to":[3.5,9,10.5],"faces":{"down":{"uv":[0.5,4.5,1.5,5],"texture":"#texture"},"up":{"uv":[0.5,4.5,1.5,5],"texture":"#texture"},"north":{"uv":[0.5,4.5,1.5,5],"texture":"#texture"},"south":{"uv":[0.5,4.5,1.5,5],"texture":"#texture"},"west":{"uv":[0.5,4.5,1.5,5],"texture":"#texture"},"east":{"uv":[0.5,4.5,1.5,5],"texture":"#texture"}}},{"from":[2.5,8,10],"to":[3.5,8.5,10.5],"faces":{"down":{"uv":[0.5,6,1,7],"texture":"#texture"},"up":{"uv":[0.5,6,1,7],"texture":"#texture"},"north":{"uv":[1,6,1.5,7],"texture":"#texture"},"south":{"uv":[1,6,1.5,7],"texture":"#texture"},"west":{"uv":[0.5,6.5,1.5,7],"texture":"#texture"},"east":{"uv":[0.5,6.5,1.5,7],"texture":"#texture"}}},{"from":[3,8,10.5],"to":[3.5,8.5,11.5],"faces":{"down":{"uv":[0.5,6,1,7],"texture":"#texture"},"up":{"uv":[0.5,6,1,7],"texture":"#texture"},"north":{"uv":[1,6,1.5,7],"texture":"#texture"},"south":{"uv":[1,6,1.5,7],"texture":"#texture"},"west":{"uv":[0.5,6.5,1.5,7],"texture":"#texture"},"east":{"uv":[0.5,6.5,1.5,7],"texture":"#texture"}}},{"from":[12.5,4.5,11],"to":[14,5,12],"faces":{"down":{"uv":[3,9,4.5,9.5],"texture":"#texture"},"up":{"uv":[3,9,4.5,9.5],"texture":"#texture"},"north":{"uv":[3,9,4.5,9.5],"texture":"#texture"},"south":{"uv":[3,9,4.5,9.5],"texture":"#texture"},"west":{"uv":[3,9,3.5,9.5],"texture":"#texture"},"east":{"uv":[4,9,4.5,9.5],"texture":"#texture"}}},{"from":[12.5,5,11],"to":[14,5.5,11.5],"faces":{"down":{"uv":[2,8.5,4.5,9],"texture":"#texture"},"up":{"uv":[2,8.5,4.5,9],"texture":"#texture"},"north":{"uv":[4.5,8.5,2,9],"texture":"#texture"},"south":{"uv":[2,8.5,4.5,9],"texture":"#texture"},"west":{"uv":[2,8.5,4.5,9],"texture":"#texture"},"east":{"uv":[2,8.5,4.5,9],"texture":"#texture"}}},{"from":[12.5,5,10.5],"to":[15,5.5,11],"faces":{"down":{"uv":[2,8.5,4.5,9],"texture":"#texture"},"up":{"uv":[2,8.5,4.5,9],"texture":"#texture"},"north":{"uv":[4.5,8.5,2,9],"texture":"#texture"},"south":{"uv":[2,8.5,4.5,9],"texture":"#texture"},"west":{"uv":[2,8.5,4.5,9],"texture":"#texture"},"east":{"uv":[2,8.5,4.5,9],"texture":"#texture"}}},{"from":[12.5,5.5,10],"to":[15.5,6,10.5],"faces":{"down":{"uv":[1.5,8,4.5,8.5],"texture":"#texture"},"up":{"uv":[1.5,8,4.5,8.5],"texture":"#texture"},"north":{"uv":[1.5,8,4.5,8.5],"texture":"#texture"},"south":{"uv":[4.5,8,1.5,8.5],"texture":"#texture"},"west":{"uv":[1.5,8,2,8.5],"texture":"#texture"},"east":{"uv":[4,8,4.5,8.5],"texture":"#texture"}}},{"from":[12.5,5.5,11],"to":[14,6,11.5],"faces":{"down":{"uv":[3,8,4.5,8.5],"texture":"#texture"},"up":{"uv":[3,8,4.5,8.5],"texture":"#texture"},"north":{"uv":[4.5,8,3,8.5],"texture":"#texture"},"south":{"uv":[3,8,4.5,8.5],"texture":"#texture"},"west":{"uv":[3,8,3.5,8.5],"texture":"#texture"},"east":{"uv":[4,8,4.5,8.5],"texture":"#texture"}}},{"from":[12.5,6,10],"to":[16,6.5,10.5],"faces":{"down":{"uv":[1,7.5,4.5,8],"texture":"#texture"},"up":{"uv":[1,7.5,4.5,8],"texture":"#texture"},"north":{"uv":[1,7.5,4.5,8],"texture":"#texture"},"south":{"uv":[4.5,7.5,1,8],"texture":"#texture"},"west":{"uv":[4,7.5,4.5,8],"texture":"#texture"},"east":{"uv":[1,7.5,1.5,8],"texture":"#texture"}}},{"from":[12.5,6,11],"to":[13,7,11.5],"faces":{"down":{"uv":[4,7.5,4.5,8],"texture":"#texture"},"up":{"uv":[4,7.5,4.5,8],"texture":"#texture"},"north":{"uv":[4,7.5,4.5,8],"texture":"#texture"},"south":{"uv":[4,7.5,4.5,8],"texture":"#texture"},"west":{"uv":[4,7.5,4.5,8],"texture":"#texture"},"east":{"uv":[4,7.5,4.5,8],"texture":"#texture"}}},{"from":[12.5,6.5,10.5],"to":[13,8,11],"faces":{"down":{"uv":[4,7,4.5,7.5],"texture":"#texture"},"up":{"uv":[4,6,4.5,6.5],"texture":"#texture"},"north":{"uv":[4.5,6,4,7.5],"texture":"#texture"},"south":{"uv":[4,6.5,4.5,8],"texture":"#texture"},"west":{"uv":[4,6,4.5,7.5],"texture":"#texture"},"east":{"uv":[4,6,4.5,7.5],"texture":"#texture"}}},{"from":[12.5,8,10.5],"to":[13,8.5,11.5],"faces":{"down":{"uv":[0.5,6,1,7],"texture":"#texture"},"up":{"uv":[0.5,6,1,7],"texture":"#texture"},"north":{"uv":[1,6,1.5,7],"texture":"#texture"},"south":{"uv":[1,6,1.5,7],"texture":"#texture"},"west":{"uv":[0.5,6.5,1.5,7],"texture":"#texture"},"east":{"uv":[0.5,6.5,1.5,7],"texture":"#texture"}}},{"from":[12.5,8.5,10],"to":[15,9,10.5],"faces":{"down":{"uv":[0.5,4.5,1.5,5],"texture":"#texture"},"up":{"uv":[0.5,4.5,1.5,5],"texture":"#texture"},"north":{"uv":[0.5,4.5,1.5,5],"texture":"#texture"},"south":{"uv":[0.5,4.5,1.5,5],"texture":"#texture"},"west":{"uv":[0.5,4.5,1.5,5],"texture":"#texture"},"east":{"uv":[0.5,4.5,1.5,5],"texture":"#texture"}}},{"from":[14,9,9.5],"to":[17,9.5,10],"faces":{"down":{"uv":[0,4.5,3,5],"texture":"#texture"},"up":{"uv":[0,4.5,3,5],"texture":"#texture"},"north":{"uv":[0,4.5,3,5],"texture":"#texture"},"south":{"uv":[3,4.5,0,5],"texture":"#texture"},"west":{"uv":[0,4.5,0.5,5],"texture":"#texture"},"east":{"uv":[2.5,4.5,3,5],"texture":"#texture"}}},{"from":[16,9.5,9.5],"to":[17,10,10],"faces":{"down":{"uv":[0,4,1,4.5],"texture":"#texture"},"up":{"uv":[0,4,1,4.5],"texture":"#texture"},"north":{"uv":[0,4,1,4.5],"texture":"#texture"},"south":{"uv":[0,4,1,4.5],"texture":"#texture"},"west":{"uv":[0,4,0.5,4.5],"texture":"#texture"},"east":{"uv":[0.5,4,1,4.5],"texture":"#texture"}}},{"from":[16.5,8.5,10],"to":[17,9.5,10.5],"faces":{"down":{"uv":[0.5,6,1,7],"texture":"#texture"},"up":{"uv":[0.5,6,1,7],"texture":"#texture"},"north":{"uv":[1,6,1.5,7],"texture":"#texture"},"south":{"uv":[1,6,1.5,7],"texture":"#texture"},"west":{"uv":[0.5,6.5,1.5,7],"texture":"#texture"},"east":{"uv":[0.5,6.5,1.5,7],"texture":"#texture"}}},{"from":[15,9,10],"to":[16.5,9.5,10.5],"faces":{"down":{"uv":[0.5,4.5,1.5,5],"texture":"#texture"},"up":{"uv":[0.5,4.5,1.5,5],"texture":"#texture"},"north":{"uv":[0.5,4.5,1.5,5],"texture":"#texture"},"south":{"uv":[0.5,4.5,1.5,5],"texture":"#texture"},"west":{"uv":[0.5,4.5,1.5,5],"texture":"#texture"},"east":{"uv":[0.5,4.5,1.5,5],"texture":"#texture"}}},{"from":[12.5,6.5,9.5],"to":[16,7,10],"faces":{"down":{"uv":[1,7,4.5,7.5],"texture":"#texture"},"up":{"uv":[1,7,4.5,7.5],"texture":"#texture"},"north":{"uv":[1,7,4.5,7.5],"texture":"#texture"},"south":{"uv":[4.5,7,1,7.5],"texture":"#texture"},"west":{"uv":[4,7,4.5,7.5],"texture":"#texture"},"east":{"uv":[1,7,1.5,7.5],"texture":"#texture"}}},{"from":[13,6.5,10],"to":[14.5,7,10.5],"faces":{"down":{"uv":[2.5,7,4,7.5],"texture":"#texture"},"up":{"uv":[2.5,7,4,7.5],"texture":"#texture"},"north":{"uv":[4,7,2.5,7.5],"texture":"#texture"},"south":{"uv":[4,7,2.5,7.5],"texture":"#texture"},"west":{"uv":[2.5,7,3,7.5],"texture":"#texture"},"east":{"uv":[2.5,7,3,7.5],"texture":"#texture"}}},{"from":[15,6.5,10],"to":[16,7,10.5],"faces":{"down":{"uv":[0.5,6,1,7],"texture":"#texture"},"up":{"uv":[0.5,6,1,7],"texture":"#texture"},"north":{"uv":[1,6,1.5,7],"texture":"#texture"},"south":{"uv":[1,6,1.5,7],"texture":"#texture"},"west":{"uv":[0.5,6.5,1.5,7],"texture":"#texture"},"east":{"uv":[0.5,6.5,1.5,7],"texture":"#texture"}}},{"from":[12.5,7,9.5],"to":[16.5,7.5,10],"faces":{"down":{"uv":[0.5,6.5,4.5,7],"texture":"#texture"},"up":{"uv":[0.5,6.5,4.5,7],"texture":"#texture"},"north":{"uv":[0.5,6.5,4.5,7],"texture":"#texture"},"south":{"uv":[4.5,6.5,0.5,7],"texture":"#texture"},"west":{"uv":[4,6.5,4.5,7],"texture":"#texture"},"east":{"uv":[0.5,6.5,1,7],"texture":"#texture"}}},{"from":[15.5,7,10],"to":[16.5,7.5,10.5],"faces":{"down":{"uv":[0.5,6,1,7],"texture":"#texture"},"up":{"uv":[0.5,6,1,7],"texture":"#texture"},"north":{"uv":[1,6,1.5,7],"texture":"#texture"},"south":{"uv":[1,6,1.5,7],"texture":"#texture"},"west":{"uv":[0.5,6.5,1.5,7],"texture":"#texture"},"east":{"uv":[0.5,6.5,1.5,7],"texture":"#texture"}}},{"from":[15.5,7.5,10],"to":[17,8,10.5],"faces":{"down":{"uv":[0.5,6,1,7],"texture":"#texture"},"up":{"uv":[0.5,6,1,7],"texture":"#texture"},"north":{"uv":[1,6,1.5,7],"texture":"#texture"},"south":{"uv":[1,6,1.5,7],"texture":"#texture"},"west":{"uv":[0.5,6.5,1.5,7],"texture":"#texture"},"east":{"uv":[0.5,6.5,1.5,7],"texture":"#texture"}}},{"from":[16,8,10],"to":[17,8.5,10.5],"faces":{"down":{"uv":[0.5,6,1,7],"texture":"#texture"},"up":{"uv":[0.5,6,1,7],"texture":"#texture"},"north":{"uv":[1,6,1.5,7],"texture":"#texture"},"south":{"uv":[1,6,1.5,7],"texture":"#texture"},"west":{"uv":[0.5,6.5,1.5,7],"texture":"#texture"},"east":{"uv":[0.5,6.5,1.5,7],"texture":"#texture"}}},{"from":[12.5,8,10],"to":[13.5,8.5,10.5],"faces":{"down":{"uv":[0.5,6,1,7],"texture":"#texture"},"up":{"uv":[0.5,6,1,7],"texture":"#texture"},"north":{"uv":[1,6,1.5,7],"texture":"#texture"},"south":{"uv":[1,6,1.5,7],"texture":"#texture"},"west":{"uv":[0.5,6.5,1.5,7],"texture":"#texture"},"east":{"uv":[0.5,6.5,1.5,7],"texture":"#texture"}}},{"from":[12.5,6.5,10],"to":[13,8,10.5],"faces":{"down":{"uv":[3,8,4.5,8.5],"texture":"#texture"},"up":{"uv":[3,8,4.5,8.5],"texture":"#texture"},"north":{"uv":[4.5,8,3,8.5],"texture":"#texture"},"south":{"uv":[3,8,4.5,8.5],"texture":"#texture"},"west":{"uv":[3,8,3.5,8.5],"texture":"#texture"},"east":{"uv":[4,8,4.5,8.5],"texture":"#texture"}}},{"from":[12.5,5.5,10.5],"to":[15,6,11],"faces":{"down":{"uv":[2,8,4.5,8.5],"texture":"#texture"},"up":{"uv":[2,8,4.5,8.5],"texture":"#texture"},"north":{"uv":[2,8,4.5,8.5],"texture":"#texture"},"south":{"uv":[4.5,8,2,8.5],"texture":"#texture"},"west":{"uv":[2,8,2.5,8.5],"texture":"#texture"},"east":{"uv":[4,8,4.5,8.5],"texture":"#texture"}}},{"from":[13,6,10.5],"to":[13.5,6.5,11],"faces":{"down":{"uv":[3,8,4.5,8.5],"texture":"#texture"},"up":{"uv":[3,8,4.5,8.5],"texture":"#texture"},"north":{"uv":[4.5,8,3,8.5],"texture":"#texture"},"south":{"uv":[3,8,4.5,8.5],"texture":"#texture"},"west":{"uv":[3,8,3.5,8.5],"texture":"#texture"},"east":{"uv":[4,8,4.5,8.5],"texture":"#texture"}}},{"from":[6.5,5,13],"to":[9.5,5.5,16],"faces":{"down":{"uv":[5,12.5,8,13],"rotation":270,"texture":"#texture"},"up":{"uv":[5,12.5,8,13],"rotation":90,"texture":"#texture"},"north":{"uv":[7.5,8.5,10.5,9],"texture":"#texture"},"south":{"uv":[7.5,8.5,10.5,9],"texture":"#texture"},"west":{"uv":[5,12.5,8,13],"texture":"#texture"},"east":{"uv":[6,12.5,9,13],"texture":"#texture"}}},{"from":[3.5,4.5,11],"to":[12.5,6.5,12],"faces":{"down":{"uv":[4.5,9,13.5,9.5],"texture":"#texture"},"up":{"uv":[4.5,7.5,13.5,8],"texture":"#texture"},"north":{"uv":[13.5,7.5,4.5,9.5],"texture":"#texture"},"south":{"uv":[4.5,7.5,13.5,9.5],"texture":"#texture"},"west":{"uv":[4.5,7.5,5,9.5],"texture":"#texture"},"east":{"uv":[4.5,7.5,5,9.5],"texture":"#texture"}}},{"from":[7,3.5,13],"to":[9,5.5,16.5],"faces":{"down":{"uv":[8,10,10,10.5],"texture":"#texture"},"up":{"uv":[8,8.5,10,9],"texture":"#texture"},"north":{"uv":[10,8.5,8,10.5],"texture":"#texture"},"south":{"uv":[8,8.5,10,10.5],"texture":"#texture"},"west":{"uv":[8,8.5,8.5,10.5],"texture":"#texture"},"east":{"uv":[9.5,8.5,10,10.5],"texture":"#texture"}}},{"from":[6.5,3.5,13],"to":[9.5,5,16.5],"faces":{"down":{"uv":[7.5,10,10.5,10.5],"texture":"#texture"},"up":{"uv":[7.5,9,10.5,9.5],"texture":"#texture"},"north":{"uv":[10.5,9,7.5,10.5],"texture":"#texture"},"south":{"uv":[7.5,9,10.5,10.5],"texture":"#texture"},"west":{"uv":[7.5,9,8,10.5],"texture":"#texture"},"east":{"uv":[7.5,9,8,10.5],"texture":"#texture"}}},{"from":[6,3.5,13],"to":[10,5,16],"faces":{"down":{"uv":[5.5,12.5,8.5,13],"rotation":270,"texture":"#texture"},"up":{"uv":[5.5,12.5,8.5,13],"rotation":90,"texture":"#texture"},"north":{"uv":[11,9,7,10.5],"texture":"#texture"},"south":{"uv":[7,9,11,10.5],"texture":"#texture"},"west":{"uv":[5.5,12.5,8.5,14],"texture":"#texture"},"east":{"uv":[9.5,12.5,12.5,14],"texture":"#texture"}}},{"from":[7,5.5,13],"to":[9,6,16],"faces":{"down":{"uv":[5.5,12.5,8.5,13],"rotation":270,"texture":"#texture"},"up":{"uv":[5.5,12.5,8.5,13],"rotation":90,"texture":"#texture"},"north":{"uv":[8,8,10,8.5],"texture":"#texture"},"south":{"uv":[8,8,10,8.5],"texture":"#texture"},"west":{"uv":[5.5,12.5,8.5,13],"texture":"#texture"},"east":{"uv":[5.5,12.5,8.5,13],"texture":"#texture"}}},{"from":[7,6,12],"to":[9,6.5,15],"faces":{"down":{"uv":[8,7.5,10,8],"texture":"#texture"},"up":{"uv":[8,7.5,10,8],"texture":"#texture"},"north":{"uv":[10,7.5,8,8],"texture":"#texture"},"south":{"uv":[8,7.5,10,8],"texture":"#texture"},"west":{"uv":[8,7.5,8.5,8],"texture":"#texture"},"east":{"uv":[9.5,7.5,10,8],"texture":"#texture"}}},{"from":[7,6.5,12],"to":[9,7,14],"faces":{"down":{"uv":[8,7,10,7.5],"texture":"#texture"},"up":{"uv":[8,7,10,7.5],"texture":"#texture"},"north":{"uv":[10,7,8,7.5],"texture":"#texture"},"south":{"uv":[8,7,10,7.5],"texture":"#texture"},"west":{"uv":[8,7,8.5,7.5],"texture":"#texture"},"east":{"uv":[8,7,8.5,7.5],"texture":"#texture"}}},{"from":[6.5,5.5,13],"to":[9.5,6.5,14],"faces":{"down":{"uv":[7.5,8,10.5,8.5],"texture":"#texture"},"up":{"uv":[7.5,8,10.5,8.5],"texture":"#texture"},"north":{"uv":[10.5,8,7.5,8.5],"texture":"#texture"},"south":{"uv":[7.5,8,10.5,8.5],"texture":"#texture"},"west":{"uv":[7.5,8,8,8.5],"texture":"#texture"},"east":{"uv":[7.5,8,8,8.5],"texture":"#texture"}}},{"from":[6,5,13],"to":[10,5.5,13.5],"faces":{"down":{"uv":[7.5,8,10.5,8.5],"texture":"#texture"},"up":{"uv":[7.5,8,10.5,8.5],"texture":"#texture"},"north":{"uv":[10.5,8,7.5,8.5],"texture":"#texture"},"south":{"uv":[7.5,8,10.5,8.5],"texture":"#texture"},"west":{"uv":[7.5,8,8,8.5],"texture":"#texture"},"east":{"uv":[7.5,8,8,8.5],"texture":"#texture"}}},{"from":[5.5,4.5,13],"to":[10.5,5,13.5],"faces":{"down":{"uv":[7.5,8,10.5,8.5],"texture":"#texture"},"up":{"uv":[7.5,8,10.5,8.5],"texture":"#texture"},"north":{"uv":[10.5,8,7.5,8.5],"texture":"#texture"},"south":{"uv":[7.5,8,10.5,8.5],"texture":"#texture"},"west":{"uv":[7.5,8,8,8.5],"texture":"#texture"},"east":{"uv":[7.5,8,8,8.5],"texture":"#texture"}}},{"from":[6.5,5.5,14],"to":[9.5,6,14.5],"faces":{"down":{"uv":[7.5,8,10.5,8.5],"texture":"#texture"},"up":{"uv":[7.5,8,10.5,8.5],"texture":"#texture"},"north":{"uv":[10.5,8,7.5,8.5],"texture":"#texture"},"south":{"uv":[7.5,8,10.5,8.5],"texture":"#texture"},"west":{"uv":[7.5,8,8,8.5],"texture":"#texture"},"east":{"uv":[7.5,8,8,8.5],"texture":"#texture"}}},{"from":[6,6.5,13],"to":[10,7,13.5],"faces":{"down":{"uv":[7,7,11,7.5],"texture":"#texture"},"up":{"uv":[7,7,11,7.5],"texture":"#texture"},"north":{"uv":[11,7,7,7.5],"texture":"#texture"},"south":{"uv":[7,7,11,7.5],"texture":"#texture"},"west":{"uv":[7.5,7.5,8,8],"texture":"#texture"},"east":{"uv":[7.5,8,8,8.5],"texture":"#texture"}}},{"from":[7.5,6,15],"to":[8.5,6.5,15.5],"faces":{"down":{"uv":[8,8.5,8.5,8],"rotation":270,"texture":"#texture"},"up":{"uv":[8,8,8.5,8.5],"rotation":90,"texture":"#texture"},"north":{"uv":[8,8,8.5,8.5],"texture":"#texture"},"south":{"uv":[8,8.5,8.5,8],"texture":"#texture"},"west":{"uv":[8,8,8.5,8.5],"texture":"#texture"},"east":{"uv":[8.5,8,8,8.5],"texture":"#texture"}}},{"from":[5,4.5,12],"to":[6,7,13],"faces":{"down":{"uv":[6,9,7,9.5],"texture":"#texture"},"up":{"uv":[6,7,7,8],"texture":"#texture"},"north":{"uv":[6,7,7,9.5],"texture":"#texture"},"south":{"uv":[6,7,7,9.5],"texture":"#texture"},"west":{"uv":[6,7,7,9.5],"texture":"#texture"},"east":{"uv":[6,7,7,9.5],"texture":"#texture"}}},{"from":[5.5,5.5,13],"to":[6.5,6.5,13.5],"faces":{"down":{"uv":[6.5,8,7.5,8.5],"texture":"#texture"},"up":{"uv":[6.5,7.5,7.5,8],"texture":"#texture"},"north":{"uv":[6.5,7.5,7.5,8.5],"texture":"#texture"},"south":{"uv":[6.5,7.5,7.5,8.5],"texture":"#texture"},"west":{"uv":[6.5,7.5,7,8.5],"texture":"#texture"},"east":{"uv":[7,7.5,7.5,8.5],"texture":"#texture"}}},{"from":[9.5,5.5,13],"to":[10.5,6.5,13.5],"faces":{"down":{"uv":[6.5,8,7.5,8.5],"texture":"#texture"},"up":{"uv":[6.5,7.5,7.5,8],"texture":"#texture"},"north":{"uv":[7.5,7.5,6.5,8.5],"texture":"#texture"},"south":{"uv":[7.5,7.5,6.5,8.5],"texture":"#texture"},"west":{"uv":[7,7.5,7.5,8.5],"texture":"#texture"},"east":{"uv":[6.5,7.5,7,8.5],"texture":"#texture"}}},{"from":[11,5.5,12],"to":[11.5,6.5,12.5],"faces":{"down":{"uv":[12,8,12.5,8.5],"texture":"#texture"},"up":{"uv":[12,7.5,12.5,8],"texture":"#texture"},"north":{"uv":[12,7.5,12.5,8.5],"texture":"#texture"},"south":{"uv":[12,7.5,12.5,8.5],"texture":"#texture"},"west":{"uv":[12,7.5,12.5,8.5],"texture":"#texture"},"east":{"uv":[12,7.5,12.5,8.5],"texture":"#texture"}}},{"from":[4.5,5.5,12],"to":[5,6.5,12.5],"faces":{"down":{"uv":[12,8,12.5,8.5],"texture":"#texture"},"up":{"uv":[12,7.5,12.5,8],"texture":"#texture"},"north":{"uv":[12,7.5,12.5,8.5],"texture":"#texture"},"south":{"uv":[12,7.5,12.5,8.5],"texture":"#texture"},"west":{"uv":[12,7.5,12.5,8.5],"texture":"#texture"},"east":{"uv":[12,7.5,12.5,8.5],"texture":"#texture"}}},{"from":[10,4.5,12],"to":[11,7,13],"faces":{"down":{"uv":[6,9,7,9.5],"texture":"#texture"},"up":{"uv":[6,7,7,8],"texture":"#texture"},"north":{"uv":[6,7,7,9.5],"texture":"#texture"},"south":{"uv":[6,7,7,9.5],"texture":"#texture"},"west":{"uv":[6,7,7,9.5],"texture":"#texture"},"east":{"uv":[6,7,7,9.5],"texture":"#texture"}}},{"from":[5,7,12.5],"to":[11,7.5,13],"faces":{"down":{"uv":[6,6.5,12,7],"texture":"#texture"},"up":{"uv":[6,6.5,12,7],"texture":"#texture"},"north":{"uv":[12,6.5,6,7],"texture":"#texture"},"south":{"uv":[6,6.5,12,7],"texture":"#texture"},"west":{"uv":[6,6.5,6.5,7],"texture":"#texture"},"east":{"uv":[6,6.5,6.5,7],"texture":"#texture"}}},{"from":[7.5,7,13],"to":[8.5,7.5,13.5],"faces":{"down":{"uv":[9,7,9.5,6.5],"rotation":270,"texture":"#texture"},"up":{"uv":[9,6.5,9.5,7],"rotation":90,"texture":"#texture"},"north":{"uv":[9,6.5,9.5,7],"texture":"#texture"},"south":{"uv":[9,7,9.5,6.5],"texture":"#texture"},"west":{"uv":[9,6.5,9.5,7],"texture":"#texture"},"east":{"uv":[9.5,6.5,9,7],"texture":"#texture"}}},{"from":[4.5,6.5,12],"to":[11.5,7,12.5],"faces":{"down":{"uv":[5.5,7,12.5,7.5],"texture":"#texture"},"up":{"uv":[5.5,7,12.5,7.5],"texture":"#texture"},"north":{"uv":[5.5,7,12.5,7.5],"texture":"#texture"},"south":{"uv":[5.5,7,12.5,7.5],"texture":"#texture"},"west":{"uv":[12.5,7.5,13,8],"texture":"#texture"},"east":{"uv":[12.5,7.5,13,8],"texture":"#texture"}}},{"from":[5.5,3,12],"to":[10.5,4.5,14],"faces":{"down":{"uv":[6.5,10.5,11.5,11],"texture":"#texture"},"up":{"uv":[6.5,9.5,11.5,10],"texture":"#texture"},"north":{"uv":[6.5,9.5,11.5,11],"texture":"#texture"},"south":{"uv":[6.5,9.5,11.5,11],"texture":"#texture"},"west":{"uv":[5.5,9.5,7.5,11],"texture":"#texture"},"east":{"uv":[10.5,9.5,12.5,11],"texture":"#texture"}}},{"from":[5.5,3.5,14],"to":[10.5,4,15],"faces":{"down":{"uv":[6.5,10,11.5,10.5],"texture":"#texture"},"up":{"uv":[6.5,10,11.5,10.5],"texture":"#texture"},"north":{"uv":[6.5,10,11.5,10.5],"texture":"#texture"},"south":{"uv":[6.5,10,11.5,10.5],"texture":"#texture"},"west":{"uv":[6.5,9.5,7.5,10],"texture":"#texture"},"east":{"uv":[6.5,9.5,7.5,10],"texture":"#texture"}}},{"from":[5,3,12],"to":[11,4.5,13],"faces":{"down":{"uv":[6,10.5,12,11],"texture":"#texture"},"up":{"uv":[6,9.5,12,10],"texture":"#texture"},"north":{"uv":[6,9.5,12,11],"texture":"#texture"},"south":{"uv":[6,9.5,12,11],"texture":"#texture"},"west":{"uv":[6,9.5,6.5,11],"texture":"#texture"},"east":{"uv":[6,9.5,6.5,11],"texture":"#texture"}}},{"from":[6.5,3,14],"to":[9.5,3.5,16.5],"faces":{"down":{"uv":[7.5,11,8,10.5],"texture":"#texture"},"up":{"uv":[7.5,10.5,8,11],"texture":"#texture"},"north":{"uv":[7.5,10.5,8,11],"texture":"#texture"},"south":{"uv":[7.5,11,8,10.5],"texture":"#texture"},"west":{"uv":[7.5,10.5,8,11],"texture":"#texture"},"east":{"uv":[8,10.5,7.5,11],"texture":"#texture"}}},{"from":[6,2.5,13],"to":[10,3,15],"faces":{"down":{"uv":[7.5,11,8,10.5],"texture":"#texture"},"up":{"uv":[7.5,10.5,8,11],"texture":"#texture"},"north":{"uv":[7.5,10.5,8,11],"texture":"#texture"},"south":{"uv":[7.5,11,8,10.5],"texture":"#texture"},"west":{"uv":[7.5,10.5,8,11],"texture":"#texture"},"east":{"uv":[8,10.5,7.5,11],"texture":"#texture"}}},{"from":[5.5,2.5,12.5],"to":[10.5,3,13],"faces":{"down":{"uv":[7.5,11,8,10.5],"texture":"#texture"},"up":{"uv":[7.5,10.5,8,11],"texture":"#texture"},"north":{"uv":[7.5,10.5,8,11],"texture":"#texture"},"south":{"uv":[7.5,11,8,10.5],"texture":"#texture"},"west":{"uv":[7.5,10.5,8,11],"texture":"#texture"},"east":{"uv":[8,10.5,7.5,11],"texture":"#texture"}}},{"from":[5,2.5,12],"to":[11,3,12.5],"faces":{"down":{"uv":[7.5,11,8,10.5],"texture":"#texture"},"up":{"uv":[7.5,10.5,8,11],"texture":"#texture"},"north":{"uv":[7.5,10.5,8,11],"texture":"#texture"},"south":{"uv":[7.5,11,8,10.5],"texture":"#texture"},"west":{"uv":[7.5,10.5,8,11],"texture":"#texture"},"east":{"uv":[8,10.5,7.5,11],"texture":"#texture"}}},{"from":[6,3,14],"to":[10,3.5,15],"faces":{"down":{"uv":[7,10,11,10.5],"texture":"#texture"},"up":{"uv":[7,10,11,10.5],"texture":"#texture"},"north":{"uv":[7,10,11,10.5],"texture":"#texture"},"south":{"uv":[7,10,11,10.5],"texture":"#texture"},"west":{"uv":[7,10,7.5,10.5],"texture":"#texture"},"east":{"uv":[7,10,7.5,10.5],"texture":"#texture"}}},{"from":[12.5,7.5,9.5],"to":[17,9,10],"faces":{"down":{"uv":[4.5,6,0,6.5],"texture":"#texture"},"up":{"uv":[4.5,5,0,5.5],"texture":"#texture"},"north":{"uv":[0,5,4.5,6.5],"texture":"#texture"},"south":{"uv":[4.5,5,0,6.5],"texture":"#texture"},"west":{"uv":[4,5,4.5,6.5],"texture":"#texture"},"east":{"uv":[0,5,0.5,6.5],"texture":"#texture"}}},{"from":[3.5,6.5,11],"to":[4.5,7.5,12.5],"faces":{"down":{"uv":[4.5,7,5.5,7.5],"texture":"#texture"},"up":{"uv":[4.5,6.5,5.5,7],"texture":"#texture"},"north":{"uv":[5.5,6.5,4.5,7.5],"texture":"#texture"},"south":{"uv":[4.5,6.5,5.5,7.5],"texture":"#texture"},"west":{"uv":[4.5,6.5,5,7.5],"texture":"#texture"},"east":{"uv":[5,6.5,5.5,7.5],"texture":"#texture"}}},{"from":[3,7,11],"to":[3.5,8,11.5],"faces":{"down":{"uv":[4.5,5,5,5.5],"texture":"#texture"},"up":{"uv":[4.5,4.5,5,5],"texture":"#texture"},"north":{"uv":[5,4.5,4.5,5.5],"texture":"#texture"},"south":{"uv":[5,4.5,4.5,5.5],"texture":"#texture"},"west":{"uv":[4.5,4.5,5,5.5],"texture":"#texture"},"east":{"uv":[4.5,4.5,5,5.5],"texture":"#texture"}}},{"from":[12.5,7,11],"to":[13,8,11.5],"faces":{"down":{"uv":[4.5,5,5,5.5],"texture":"#texture"},"up":{"uv":[4.5,4.5,5,5],"texture":"#texture"},"north":{"uv":[5,4.5,4.5,5.5],"texture":"#texture"},"south":{"uv":[5,4.5,4.5,5.5],"texture":"#texture"},"west":{"uv":[4.5,4.5,5,5.5],"texture":"#texture"},"east":{"uv":[4.5,4.5,5,5.5],"texture":"#texture"}}},{"from":[11.5,6.5,11],"to":[12.5,7.5,12.5],"faces":{"down":{"uv":[12.5,7,13.5,7.5],"texture":"#texture"},"up":{"uv":[12.5,6.5,13.5,7],"texture":"#texture"},"north":{"uv":[12.5,6.5,13.5,7.5],"texture":"#texture"},"south":{"uv":[12.5,6.5,13.5,7.5],"texture":"#texture"},"west":{"uv":[12.5,6.5,13,7.5],"texture":"#texture"},"east":{"uv":[13,6.5,13.5,7.5],"texture":"#texture"}}},{"from":[12.5,6.5,11.5],"to":[13,7.5,12],"faces":{"down":{"uv":[12.5,6,13,6.5],"texture":"#texture"},"up":{"uv":[12.5,5.5,13,6],"texture":"#texture"},"north":{"uv":[12.5,5.5,13,6.5],"texture":"#texture"},"south":{"uv":[12.5,5.5,13,6.5],"texture":"#texture"},"west":{"uv":[12.5,5.5,13,6.5],"texture":"#texture"},"east":{"uv":[12.5,5.5,13,6.5],"texture":"#texture"}}},{"from":[4.5,7,11],"to":[11.5,8.5,12.5],"faces":{"down":{"uv":[5.5,6.5,12.5,7],"texture":"#texture"},"up":{"uv":[5.5,5.5,12.5,6],"texture":"#texture"},"north":{"uv":[12.5,5.5,5.5,7],"texture":"#texture"},"south":{"uv":[5.5,5.5,12.5,7],"texture":"#texture"},"west":{"uv":[5.5,5.5,6,7],"texture":"#texture"},"east":{"uv":[5.5,5.5,6,7],"texture":"#texture"}}},{"from":[6,7.5,12.5],"to":[10,8,13],"faces":{"down":{"uv":[7,6,11,6.5],"texture":"#texture"},"up":{"uv":[7,6,11,6.5],"texture":"#texture"},"north":{"uv":[7,6,11,6.5],"texture":"#texture"},"south":{"uv":[7,6,11,6.5],"texture":"#texture"},"west":{"uv":[7,6,7.5,6.5],"texture":"#texture"},"east":{"uv":[7,6,7.5,6.5],"texture":"#texture"}}},{"from":[3.5,7.5,11],"to":[12.5,8.5,12],"faces":{"down":{"uv":[4.5,6,13.5,6.5],"texture":"#texture"},"up":{"uv":[4.5,5.5,13.5,6],"texture":"#texture"},"north":{"uv":[13.5,5.5,4.5,6.5],"texture":"#texture"},"south":{"uv":[4.5,5.5,13.5,6.5],"texture":"#texture"},"west":{"uv":[4.5,5.5,5,6.5],"texture":"#texture"},"east":{"uv":[4.5,5.5,5,6.5],"texture":"#texture"}}},{"from":[4.5,3,12],"to":[11.5,3.5,12.5],"faces":{"down":{"uv":[7.5,11,8,10.5],"texture":"#texture"},"up":{"uv":[7.5,10.5,8,11],"texture":"#texture"},"north":{"uv":[7.5,10.5,8,11],"texture":"#texture"},"south":{"uv":[7.5,11,8,10.5],"texture":"#texture"},"west":{"uv":[7.5,10.5,8,11],"texture":"#texture"},"east":{"uv":[8,10.5,7.5,11],"texture":"#texture"}}},{"from":[6.5,2,14.5],"to":[9.5,3,16],"faces":{"down":{"uv":[7.5,11.5,10.5,12],"texture":"#texture"},"up":{"uv":[7.5,11,10.5,11.5],"texture":"#texture"},"north":{"uv":[7.5,11,10.5,12],"texture":"#texture"},"south":{"uv":[7.5,11,10.5,12],"texture":"#texture"},"west":{"uv":[7,12,8,13],"texture":"#texture"},"east":{"uv":[10,12,11,13],"texture":"#texture"}}},{"from":[6,1.5,12],"to":[10,2.5,15],"faces":{"down":{"uv":[7,12.5,11,13],"texture":"#texture"},"up":{"uv":[7,12,11,12.5],"texture":"#texture"},"north":{"uv":[11,12,7,13],"texture":"#texture"},"south":{"uv":[7,12,11,13],"texture":"#texture"},"west":{"uv":[6.5,12,7.5,13],"texture":"#texture"},"east":{"uv":[10.5,12,11.5,13],"texture":"#texture"}}},{"from":[7,1.5,13],"to":[9,2,15.5],"faces":{"down":{"uv":[7.5,11,8,10.5],"texture":"#texture"},"up":{"uv":[7.5,10.5,8,11],"texture":"#texture"},"north":{"uv":[7.5,10.5,8,11],"texture":"#texture"},"south":{"uv":[7.5,11,8,10.5],"texture":"#texture"},"west":{"uv":[7.5,10.5,8,11],"texture":"#texture"},"east":{"uv":[8,10.5,7.5,11],"texture":"#texture"}}},{"from":[7,1,12.5],"to":[9,1.5,15],"faces":{"down":{"uv":[7.5,11,8,10.5],"texture":"#texture"},"up":{"uv":[7.5,10.5,8,11],"texture":"#texture"},"north":{"uv":[7.5,10.5,8,11],"texture":"#texture"},"south":{"uv":[7.5,11,8,10.5],"texture":"#texture"},"west":{"uv":[7.5,10.5,8,11],"texture":"#texture"},"east":{"uv":[8,10.5,7.5,11],"texture":"#texture"}}},{"from":[6.5,1,11.5],"to":[9.5,1.5,14],"faces":{"down":{"uv":[7.5,11,8,10.5],"texture":"#texture"},"up":{"uv":[7.5,10.5,8,11],"texture":"#texture"},"north":{"uv":[7.5,10.5,8,11],"texture":"#texture"},"south":{"uv":[7.5,11,8,10.5],"texture":"#texture"},"west":{"uv":[7.5,10.5,8,11],"texture":"#texture"},"east":{"uv":[8,10.5,7.5,11],"texture":"#texture"}}},{"from":[5,1.5,11.5],"to":[11,2.5,13.5],"faces":{"down":{"uv":[6,12,12,12.5],"texture":"#texture"},"up":{"uv":[6,11.5,12,12],"texture":"#texture"},"north":{"uv":[12,11.5,6,12.5],"texture":"#texture"},"south":{"uv":[6,11.5,12,12.5],"texture":"#texture"},"west":{"uv":[6,11.5,6.5,12.5],"texture":"#texture"},"east":{"uv":[6,11.5,6.5,12.5],"texture":"#texture"}}},{"from":[3.5,1,11],"to":[12.5,3.5,12],"faces":{"down":{"uv":[4.5,12.5,13.5,13],"texture":"#texture"},"up":{"uv":[4.5,10.5,13.5,11],"texture":"#texture"},"north":{"uv":[13.5,10.5,4.5,13],"texture":"#texture"},"south":{"uv":[4.5,10.5,13.5,13],"texture":"#texture"},"west":{"uv":[5,11.5,6,14],"texture":"#texture"},"east":{"uv":[6,11.5,5,14],"texture":"#texture"}}},{"from":[4,1,12],"to":[12,3,12.5],"faces":{"down":{"uv":[5,12.5,13,13],"texture":"#texture"},"up":{"uv":[5,11,13,11.5],"texture":"#texture"},"north":{"uv":[13,11,5,13],"texture":"#texture"},"south":{"uv":[5,11,13,13],"texture":"#texture"},"west":{"uv":[5,11,5.5,13],"texture":"#texture"},"east":{"uv":[5,11,5.5,13],"texture":"#texture"}}},{"from":[4.5,1,12.5],"to":[11.5,2.5,13],"faces":{"down":{"uv":[5.5,12.5,12.5,13],"texture":"#texture"},"up":{"uv":[5.5,11.5,12.5,12],"texture":"#texture"},"north":{"uv":[5.5,11.5,12.5,13],"texture":"#texture"},"south":{"uv":[5.5,11.5,12.5,13],"texture":"#texture"},"west":{"uv":[5.5,11.5,6,13],"texture":"#texture"},"east":{"uv":[5.5,11.5,6,13],"texture":"#texture"}}},{"from":[3.5,1.5,12],"to":[12.5,2.5,12.5],"faces":{"down":{"uv":[5,11.5,5.5,11],"texture":"#texture"},"up":{"uv":[5,11,5.5,11.5],"texture":"#texture"},"north":{"uv":[5,11,5.5,11.5],"texture":"#texture"},"south":{"uv":[5,11.5,5.5,11],"texture":"#texture"},"west":{"uv":[5,11,5.5,11.5],"texture":"#texture"},"east":{"uv":[5.5,11,5,11.5],"texture":"#texture"}}},{"from":[6,1,13],"to":[10,1.5,13.5],"faces":{"down":{"uv":[5,11.5,5.5,11],"texture":"#texture"},"up":{"uv":[5,11,5.5,11.5],"texture":"#texture"},"north":{"uv":[5,11,5.5,11.5],"texture":"#texture"},"south":{"uv":[5,11.5,5.5,11],"texture":"#texture"},"west":{"uv":[5,11,5.5,11.5],"texture":"#texture"},"east":{"uv":[5.5,11,5,11.5],"texture":"#texture"}}},{"from":[4,0,11],"to":[12,1,12],"faces":{"down":{"uv":[5,13.5,13,14],"texture":"#texture"},"up":{"uv":[5,13,13,13.5],"texture":"#texture"},"north":{"uv":[13,13,5,14],"texture":"#texture"},"south":{"uv":[5,13,13,14],"texture":"#texture"},"west":{"uv":[5,13,5.5,14],"texture":"#texture"},"east":{"uv":[5,13,5.5,14],"texture":"#texture"}}},{"from":[4,3.5,11],"to":[12,4.5,12],"faces":{"down":{"uv":[5,10,13,10.5],"texture":"#texture"},"up":{"uv":[5,9.5,13,10],"texture":"#texture"},"north":{"uv":[13,9.5,5,10.5],"texture":"#texture"},"south":{"uv":[5,9.5,13,10.5],"texture":"#texture"},"west":{"uv":[5,9.5,5.5,10.5],"texture":"#texture"},"east":{"uv":[5,9.5,5.5,10.5],"texture":"#texture"}}},{"from":[3.5,3.5,11],"to":[12.5,4.5,11.5],"faces":{"down":{"uv":[5,11.5,5.5,11],"texture":"#texture"},"up":{"uv":[5,11,5.5,11.5],"texture":"#texture"},"north":{"uv":[5,11,5.5,11.5],"texture":"#texture"},"south":{"uv":[5,11.5,5.5,11],"texture":"#texture"},"west":{"uv":[5,11,5.5,11.5],"texture":"#texture"},"east":{"uv":[5.5,11,5,11.5],"texture":"#texture"}}},{"from":[4.5,0.5,12],"to":[11.5,1,12.5],"faces":{"down":{"uv":[5.5,13.5,12.5,13],"texture":"#texture"},"up":{"uv":[5.5,13,12.5,13.5],"texture":"#texture"},"north":{"uv":[5.5,13,12.5,13.5],"texture":"#texture"},"south":{"uv":[5.5,13.5,12.5,13],"texture":"#texture"},"west":{"uv":[5.5,13,6,13.5],"texture":"#texture"},"east":{"uv":[12.5,13,12,13.5],"texture":"#texture"}}},{"from":[6.5,0.5,12.5],"to":[9.5,1,13.5],"faces":{"down":{"uv":[7.5,13.5,10.5,13],"texture":"#texture"},"up":{"uv":[7.5,13,10.5,13.5],"texture":"#texture"},"north":{"uv":[7.5,13,10.5,13.5],"texture":"#texture"},"south":{"uv":[7.5,13.5,10.5,13],"texture":"#texture"},"west":{"uv":[7.5,13,8,13.5],"texture":"#texture"},"east":{"uv":[10.5,13,10,13.5],"texture":"#texture"}}},{"from":[5.5,0.5,12.5],"to":[10.5,1,13],"faces":{"down":{"uv":[5.5,13.5,12.5,13],"texture":"#texture"},"up":{"uv":[5.5,13,12.5,13.5],"texture":"#texture"},"north":{"uv":[5.5,13,12.5,13.5],"texture":"#texture"},"south":{"uv":[5.5,13.5,12.5,13],"texture":"#texture"},"west":{"uv":[5.5,13,6,13.5],"texture":"#texture"},"east":{"uv":[12.5,13,12,13.5],"texture":"#texture"}}},{"from":[5,0,12],"to":[11,0.5,12.5],"faces":{"down":{"uv":[5.5,13.5,6,13],"texture":"#texture"},"up":{"uv":[5.5,13,6,13.5],"texture":"#texture"},"north":{"uv":[5.5,13,6,13.5],"texture":"#texture"},"south":{"uv":[5.5,13.5,6,13],"texture":"#texture"},"west":{"uv":[5.5,13,6,13.5],"texture":"#texture"},"east":{"uv":[6,13,5.5,13.5],"texture":"#texture"}}},{"from":[6.5,0,12.5],"to":[9.5,0.5,13],"faces":{"down":{"uv":[5.5,13.5,6,13],"texture":"#texture"},"up":{"uv":[5.5,13,6,13.5],"texture":"#texture"},"north":{"uv":[5.5,13,6,13.5],"texture":"#texture"},"south":{"uv":[5.5,13.5,6,13],"texture":"#texture"},"west":{"uv":[5.5,13,6,13.5],"texture":"#texture"},"east":{"uv":[6,13,5.5,13.5],"texture":"#texture"}}},{"from":[4.5,-0.5,11],"to":[11.5,0,12],"faces":{"down":{"uv":[5.5,14,12.5,14.5],"texture":"#texture"},"up":{"uv":[5.5,14,12.5,14.5],"texture":"#texture"},"north":{"uv":[12.5,14,5.5,14.5],"texture":"#texture"},"south":{"uv":[5.5,14,12.5,14.5],"texture":"#texture"},"west":{"uv":[6,14,6.5,15],"texture":"#texture"},"east":{"uv":[6,14,6.5,15],"texture":"#texture"}}},{"from":[6,-1,11],"to":[10,-0.5,12],"faces":{"down":{"uv":[5.5,14,12.5,14.5],"texture":"#texture"},"up":{"uv":[5.5,14,12.5,14.5],"texture":"#texture"},"north":{"uv":[12.5,14,5.5,14.5],"texture":"#texture"},"south":{"uv":[5.5,14,12.5,14.5],"texture":"#texture"},"west":{"uv":[6,14,6.5,15],"texture":"#texture"},"east":{"uv":[6,14,6.5,15],"texture":"#texture"}}},{"from":[3.5,1.5,10.5],"to":[12.5,8.5,11],"faces":{"down":{"uv":[5.5,14,12.5,14.5],"texture":"#texture"},"up":{"uv":[5.5,14,12.5,14.5],"texture":"#texture"},"north":{"uv":[12.5,14,5.5,14.5],"texture":"#texture"},"south":{"uv":[5.5,14,12.5,14.5],"texture":"#texture"},"west":{"uv":[6,14,6.5,15],"texture":"#texture"},"east":{"uv":[6,14,6.5,15],"texture":"#texture"}}},{"from":[4,0.5,10.5],"to":[12,1.5,11],"faces":{"down":{"uv":[5.5,14,12.5,14.5],"texture":"#texture"},"up":{"uv":[5.5,14,12.5,14.5],"texture":"#texture"},"north":{"uv":[12.5,14,5.5,14.5],"texture":"#texture"},"south":{"uv":[5.5,14,12.5,14.5],"texture":"#texture"},"west":{"uv":[6,14,6.5,15],"texture":"#texture"},"east":{"uv":[6,14,6.5,15],"texture":"#texture"}}},{"from":[4.5,0,10.5],"to":[11.5,0.5,11],"faces":{"down":{"uv":[5.5,14,12.5,14.5],"texture":"#texture"},"up":{"uv":[5.5,14,12.5,14.5],"texture":"#texture"},"north":{"uv":[12.5,14,5.5,14.5],"texture":"#texture"},"south":{"uv":[5.5,14,12.5,14.5],"texture":"#texture"},"west":{"uv":[6,14,6.5,15],"texture":"#texture"},"east":{"uv":[6,14,6.5,15],"texture":"#texture"}}},{"from":[5.5,-0.5,10.5],"to":[10.5,0,11],"faces":{"down":{"uv":[5.5,14,12.5,14.5],"texture":"#texture"},"up":{"uv":[5.5,14,12.5,14.5],"texture":"#texture"},"north":{"uv":[12.5,14,5.5,14.5],"texture":"#texture"},"south":{"uv":[5.5,14,12.5,14.5],"texture":"#texture"},"west":{"uv":[6,14,6.5,15],"texture":"#texture"},"east":{"uv":[6,14,6.5,15],"texture":"#texture"}}},{"from":[6.5,-0.5,12],"to":[9.5,0,12.5],"faces":{"down":{"uv":[5.5,13.5,6,13],"texture":"#texture"},"up":{"uv":[5.5,13,6,13.5],"texture":"#texture"},"north":{"uv":[5.5,13,6,13.5],"texture":"#texture"},"south":{"uv":[5.5,13.5,6,13],"texture":"#texture"},"west":{"uv":[5.5,13,6,13.5],"texture":"#texture"},"east":{"uv":[6,13,5.5,13.5],"texture":"#texture"}}},{"from":[3.5,8.5,10.5],"to":[12,9.5,11.5],"faces":{"down":{"uv":[4.5,5,13,5.5],"texture":"#texture"},"up":{"uv":[4.5,4.5,13,5],"texture":"#texture"},"north":{"uv":[13,4.5,4.5,5.5],"texture":"#texture"},"south":{"uv":[4.5,4.5,13,5.5],"texture":"#texture"},"west":{"uv":[4.5,4.5,5,5.5],"texture":"#texture"},"east":{"uv":[12.5,4.5,13,5.5],"texture":"#texture"}}},{"from":[4,9.5,10.5],"to":[11.5,10,11.5],"faces":{"down":{"uv":[5,4,12.5,4.5],"texture":"#texture"},"up":{"uv":[5,4,12.5,4.5],"texture":"#texture"},"north":{"uv":[12.5,4,5,4.5],"texture":"#texture"},"south":{"uv":[5,4,12.5,4.5],"texture":"#texture"},"west":{"uv":[5,4,5.5,4.5],"texture":"#texture"},"east":{"uv":[5,4,5.5,4.5],"texture":"#texture"}}},{"from":[4,10,10.5],"to":[10.5,11.5,11.5],"faces":{"down":{"uv":[5,3.5,11.5,4],"texture":"#texture"},"up":{"uv":[5,2.5,11.5,3],"texture":"#texture"},"north":{"uv":[11.5,2.5,5,4],"texture":"#texture"},"south":{"uv":[5,2.5,11.5,4],"texture":"#texture"},"west":{"uv":[5,2.5,5.5,4],"texture":"#texture"},"east":{"uv":[11,2.5,11.5,4],"texture":"#texture"}}},{"from":[4.5,11.5,10.5],"to":[11.5,12,11.5],"faces":{"down":{"uv":[5.5,2,12.5,2.5],"texture":"#texture"},"up":{"uv":[5.5,2,12.5,2.5],"texture":"#texture"},"north":{"uv":[12.5,2,5.5,2.5],"texture":"#texture"},"south":{"uv":[5.5,2,12.5,2.5],"texture":"#texture"},"west":{"uv":[5.5,2,6,2.5],"texture":"#texture"},"east":{"uv":[12,2,12.5,2.5],"texture":"#texture"}}},{"from":[5,12,10.5],"to":[11,12.5,11.5],"faces":{"down":{"uv":[6,1.5,12,2],"texture":"#texture"},"up":{"uv":[6,1.5,12,2],"texture":"#texture"},"north":{"uv":[12,1.5,6,2],"texture":"#texture"},"south":{"uv":[6,1.5,12,2],"texture":"#texture"},"west":{"uv":[6,1.5,6.5,2],"texture":"#texture"},"east":{"uv":[11.5,1.5,12,2],"texture":"#texture"}}},{"from":[5.5,12.5,10.5],"to":[10.5,13,11.5],"faces":{"down":{"uv":[6.5,1,11.5,1.5],"texture":"#texture"},"up":{"uv":[6.5,1,11.5,1.5],"texture":"#texture"},"north":{"uv":[11.5,1,6.5,1.5],"texture":"#texture"},"south":{"uv":[6.5,1,11.5,1.5],"texture":"#texture"},"west":{"uv":[6.5,1,7,1.5],"texture":"#texture"},"east":{"uv":[11,1,11.5,1.5],"texture":"#texture"}}},{"from":[6.5,13,10.5],"to":[9.5,13.5,11],"faces":{"down":{"uv":[7.5,0.5,10.5,1],"texture":"#texture"},"up":{"uv":[7.5,0.5,10.5,1],"texture":"#texture"},"north":{"uv":[10.5,0.5,7.5,1],"texture":"#texture"},"south":{"uv":[7.5,0.5,10.5,1],"texture":"#texture"},"west":{"uv":[7.5,0.5,8,1],"texture":"#texture"},"east":{"uv":[10,0.5,10.5,1],"texture":"#texture"}}},{"from":[6,8.5,11.5],"to":[8,11,12],"faces":{"down":{"uv":[7,5,9,5.5],"texture":"#texture"},"up":{"uv":[7,3,9,3.5],"texture":"#texture"},"north":{"uv":[9,3,7,5.5],"texture":"#texture"},"south":{"uv":[7,3,9,5.5],"texture":"#texture"},"west":{"uv":[7,3,7.5,5.5],"texture":"#texture"},"east":{"uv":[8.5,3,9,5.5],"texture":"#texture"}}},{"from":[6.5,10,11.5],"to":[8.5,12.5,12],"faces":{"down":{"uv":[7.5,3.5,9.5,4],"texture":"#texture"},"up":{"uv":[7.5,1.5,9.5,2],"texture":"#texture"},"north":{"uv":[9.5,1.5,7.5,4],"texture":"#texture"},"south":{"uv":[7.5,1.5,9.5,4],"texture":"#texture"},"west":{"uv":[7,2,7.5,4.5],"texture":"#texture"},"east":{"uv":[9,1.5,9.5,4],"texture":"#texture"}}},{"from":[7.5,11.5,11.5],"to":[9.5,13,12],"faces":{"down":{"uv":[8.5,2,10.5,2.5],"texture":"#texture"},"up":{"uv":[8.5,1,10.5,1.5],"texture":"#texture"},"north":{"uv":[10.5,1,8.5,2.5],"texture":"#texture"},"south":{"uv":[8.5,1,10.5,2.5],"texture":"#texture"},"west":{"uv":[8.5,1,9,2.5],"texture":"#texture"},"east":{"uv":[10,1,10.5,2.5],"texture":"#texture"}}},{"from":[9.5,11.5,11.5],"to":[10.5,12.5,12],"faces":{"down":{"uv":[10.5,2,11.5,2.5],"texture":"#texture"},"up":{"uv":[10.5,1.5,11.5,2],"texture":"#texture"},"north":{"uv":[11.5,1.5,10.5,2.5],"texture":"#texture"},"south":{"uv":[10.5,1.5,11.5,2.5],"texture":"#texture"},"west":{"uv":[10.5,1.5,11,2.5],"texture":"#texture"},"east":{"uv":[11,1.5,11.5,2.5],"texture":"#texture"}}},{"from":[10.5,11.5,11.5],"to":[11,12,12],"faces":{"down":{"uv":[11.5,2.5,12,2],"texture":"#texture"},"up":{"uv":[11.5,2,12,2.5],"texture":"#texture"},"north":{"uv":[11.5,2,12,2.5],"texture":"#texture"},"south":{"uv":[11.5,2.5,12,2],"texture":"#texture"},"west":{"uv":[11.5,2,12,2.5],"texture":"#texture"},"east":{"uv":[12,2,11.5,2.5],"texture":"#texture"}}},{"from":[4.5,10,11.5],"to":[6,11.5,12],"faces":{"down":{"uv":[5.5,3.5,7,4],"texture":"#texture"},"up":{"uv":[5.5,2.5,7,3],"texture":"#texture"},"north":{"uv":[7,2.5,5.5,4],"texture":"#texture"},"south":{"uv":[5.5,2.5,7,4],"texture":"#texture"},"west":{"uv":[5.5,2.5,6,4],"texture":"#texture"},"east":{"uv":[6.5,2.5,7,4],"texture":"#texture"}}},{"from":[4.5,8.5,11.5],"to":[5.5,10,12],"faces":{"down":{"uv":[6,5,7,5.5],"texture":"#texture"},"up":{"uv":[5.5,4,6.5,4.5],"texture":"#texture"},"north":{"uv":[6.5,4,5.5,5.5],"texture":"#texture"},"south":{"uv":[5.5,4,6.5,5.5],"texture":"#texture"},"west":{"uv":[5.5,4,6,5.5],"texture":"#texture"},"east":{"uv":[6,4,6.5,5.5],"texture":"#texture"}}},{"from":[5,10.5,11.5],"to":[6,12,12],"faces":{"down":{"uv":[6,3,7,3.5],"texture":"#texture"},"up":{"uv":[6,2,7,2.5],"texture":"#texture"},"north":{"uv":[7,2,6,3.5],"texture":"#texture"},"south":{"uv":[6,2,7,3.5],"texture":"#texture"},"west":{"uv":[6,2,6.5,3.5],"texture":"#texture"},"east":{"uv":[6.5,2,7,3.5],"texture":"#texture"}}},{"from":[8.5,8.5,11.5],"to":[10.5,11,12],"faces":{"down":{"uv":[9.5,5,11.5,5.5],"texture":"#texture"},"up":{"uv":[9.5,3,11.5,3.5],"texture":"#texture"},"north":{"uv":[11.5,3,9.5,5.5],"texture":"#texture"},"south":{"uv":[9.5,3,11.5,5.5],"texture":"#texture"},"west":{"uv":[9.5,3,10,5.5],"texture":"#texture"},"east":{"uv":[11,3,11.5,5.5],"texture":"#texture"}}},{"from":[9,11,11.5],"to":[10,11.5,12],"faces":{"down":{"uv":[10,3,11,2.5],"texture":"#texture"},"up":{"uv":[10,2.5,11,3],"texture":"#texture"},"north":{"uv":[10,2.5,11,3],"texture":"#texture"},"south":{"uv":[10,3,11,2.5],"texture":"#texture"},"west":{"uv":[10,2.5,10.5,3],"texture":"#texture"},"east":{"uv":[11,2.5,10.5,3],"texture":"#texture"}}},{"from":[10.5,8.5,11.5],"to":[11.5,9.5,12],"faces":{"down":{"uv":[11.5,5,12.5,5.5],"texture":"#texture"},"up":{"uv":[11.5,4.5,12.5,5],"texture":"#texture"},"north":{"uv":[11.5,4.5,12.5,5.5],"texture":"#texture"},"south":{"uv":[11.5,4.5,12.5,5.5],"texture":"#texture"},"west":{"uv":[11.5,4.5,12,5.5],"texture":"#texture"},"east":{"uv":[12,4.5,12.5,5.5],"texture":"#texture"}}},{"from":[6.5,8.5,12],"to":[8,11.5,12.5],"faces":{"down":{"uv":[7.5,5,9,5.5],"texture":"#texture"},"up":{"uv":[7.5,2.5,9,3],"texture":"#texture"},"north":{"uv":[9,2.5,7.5,5.5],"texture":"#texture"},"south":{"uv":[7.5,2.5,9,5.5],"texture":"#texture"},"west":{"uv":[7.5,2.5,8,5.5],"texture":"#texture"},"east":{"uv":[8.5,2.5,9,5.5],"texture":"#texture"}}},{"from":[6,8.5,12],"to":[6.5,10,12.5],"faces":{"down":{"uv":[7,5,7.5,5.5],"texture":"#texture"},"up":{"uv":[7,4,7.5,4.5],"texture":"#texture"},"north":{"uv":[7,4,7.5,5.5],"texture":"#texture"},"south":{"uv":[7,4,7.5,5.5],"texture":"#texture"},"west":{"uv":[7,4,7.5,5.5],"texture":"#texture"},"east":{"uv":[7,4,7.5,5.5],"texture":"#texture"}}},{"from":[7,10,12],"to":[8.5,12.5,12.5],"faces":{"down":{"uv":[8,3.5,9.5,4],"texture":"#texture"},"up":{"uv":[8,1.5,9.5,2],"texture":"#texture"},"north":{"uv":[9.5,1.5,8,4],"texture":"#texture"},"south":{"uv":[8,1.5,9.5,4],"texture":"#texture"},"west":{"uv":[8,1.5,8.5,4],"texture":"#texture"},"east":{"uv":[9,1.5,9.5,4],"texture":"#texture"}}},{"from":[8,11.5,12],"to":[9.5,13,12.5],"faces":{"down":{"uv":[9,2,10.5,2.5],"texture":"#texture"},"up":{"uv":[9,1,10.5,1.5],"texture":"#texture"},"north":{"uv":[10.5,1,9,2.5],"texture":"#texture"},"south":{"uv":[9,1,10.5,2.5],"texture":"#texture"},"west":{"uv":[9,1,9.5,2.5],"texture":"#texture"},"east":{"uv":[10,1,10.5,2.5],"texture":"#texture"}}},{"from":[9.5,11.5,12],"to":[10,12.5,12.5],"faces":{"down":{"uv":[10.5,2,11,2.5],"texture":"#texture"},"up":{"uv":[10.5,1.5,11,2],"texture":"#texture"},"north":{"uv":[10.5,1.5,11,2.5],"texture":"#texture"},"south":{"uv":[10.5,1.5,11,2.5],"texture":"#texture"},"west":{"uv":[10.5,1.5,11,2.5],"texture":"#texture"},"east":{"uv":[10.5,1.5,11,2.5],"texture":"#texture"}}},{"from":[10,11.5,12],"to":[10.5,12,12.5],"faces":{"down":{"uv":[11,2.5,11.5,2],"texture":"#texture"},"up":{"uv":[11,2,11.5,2.5],"texture":"#texture"},"north":{"uv":[11,2,11.5,2.5],"texture":"#texture"},"south":{"uv":[11,2.5,11.5,2],"texture":"#texture"},"west":{"uv":[11,2,11.5,2.5],"texture":"#texture"},"east":{"uv":[11.5,2,11,2.5],"texture":"#texture"}}},{"from":[9,8.5,12],"to":[10,10,12.5],"faces":{"down":{"uv":[10,5,11,5.5],"texture":"#texture"},"up":{"uv":[10,4,11,4.5],"texture":"#texture"},"north":{"uv":[11,4,10,5.5],"texture":"#texture"},"south":{"uv":[10,4,11,5.5],"texture":"#texture"},"west":{"uv":[10,4,10.5,5.5],"texture":"#texture"},"east":{"uv":[10.5,4,11,5.5],"texture":"#texture"}}},{"from":[6.5,8.5,12.5],"to":[7.5,11,13],"faces":{"down":{"uv":[7.5,5,8.5,5.5],"texture":"#texture"},"up":{"uv":[7.5,3,8.5,3.5],"texture":"#texture"},"north":{"uv":[8.5,3,7.5,5.5],"texture":"#texture"},"south":{"uv":[7.5,3,8.5,5.5],"texture":"#texture"},"west":{"uv":[7.5,3,8,5.5],"texture":"#texture"},"east":{"uv":[8,3,8.5,5.5],"texture":"#texture"}}},{"from":[7,10.5,12.5],"to":[8,12,13],"faces":{"down":{"uv":[8,3,9,3.5],"texture":"#texture"},"up":{"uv":[8,2,9,2.5],"texture":"#texture"},"north":{"uv":[9,2,8,3.5],"texture":"#texture"},"south":{"uv":[8,2,9,3.5],"texture":"#texture"},"west":{"uv":[8,2,8.5,3.5],"texture":"#texture"},"east":{"uv":[8.5,2,9,3.5],"texture":"#texture"}}},{"from":[3.5,9.5,10.5],"to":[4,10.5,11],"faces":{"down":{"uv":[5,3.5,5.5,3],"texture":"#texture"},"up":{"uv":[5,3,5.5,3.5],"texture":"#texture"},"north":{"uv":[5,3,5.5,3.5],"texture":"#texture"},"south":{"uv":[5,3.5,5.5,3],"texture":"#texture"},"west":{"uv":[5,3,5.5,3.5],"texture":"#texture"},"east":{"uv":[5.5,3,5,3.5],"texture":"#texture"}}},{"from":[10.5,10,10.5],"to":[11,10.5,11],"faces":{"down":{"uv":[5,3.5,5.5,3],"texture":"#texture"},"up":{"uv":[5,3,5.5,3.5],"texture":"#texture"},"north":{"uv":[5,3,5.5,3.5],"texture":"#texture"},"south":{"uv":[5,3.5,5.5,3],"texture":"#texture"},"west":{"uv":[5,3,5.5,3.5],"texture":"#texture"},"east":{"uv":[5.5,3,5,3.5],"texture":"#texture"}}},{"from":[12,8.5,10.5],"to":[12.5,9,11],"faces":{"down":{"uv":[5,3.5,5.5,3],"texture":"#texture"},"up":{"uv":[5,3,5.5,3.5],"texture":"#texture"},"north":{"uv":[5,3,5.5,3.5],"texture":"#texture"},"south":{"uv":[5,3.5,5.5,3],"texture":"#texture"},"west":{"uv":[5,3,5.5,3.5],"texture":"#texture"},"east":{"uv":[5.5,3,5,3.5],"texture":"#texture"}}},{"from":[11,11,10.5],"to":[11.5,11.5,11],"faces":{"down":{"uv":[5,3.5,5.5,3],"texture":"#texture"},"up":{"uv":[5,3,5.5,3.5],"texture":"#texture"},"north":{"uv":[5,3,5.5,3.5],"texture":"#texture"},"south":{"uv":[5,3.5,5.5,3],"texture":"#texture"},"west":{"uv":[5,3,5.5,3.5],"texture":"#texture"},"east":{"uv":[5.5,3,5,3.5],"texture":"#texture"}}},{"from":[7,9.5,13],"to":[7.5,11.5,13.5],"faces":{"down":{"uv":[8,4,8.5,4.5],"texture":"#texture"},"up":{"uv":[8,2.5,8.5,3],"texture":"#texture"},"north":{"uv":[8,2.5,8.5,4.5],"texture":"#texture"},"south":{"uv":[8,2.5,8.5,4.5],"texture":"#texture"},"west":{"uv":[8,2.5,8.5,4.5],"texture":"#texture"},"east":{"uv":[8,2.5,8.5,4.5],"texture":"#texture"}}},{"from":[7.5,11.5,10],"to":[9.5,13,10.5],"faces":{"down":{"uv":[8.5,2,10.5,2.5],"texture":"#texture"},"up":{"uv":[8.5,1,10.5,1.5],"texture":"#texture"},"north":{"uv":[10.5,1,8.5,2.5],"texture":"#texture"},"south":{"uv":[8.5,1,10.5,2.5],"texture":"#texture"},"west":{"uv":[8.5,1,9,2.5],"texture":"#texture"},"east":{"uv":[10,1,10.5,2.5],"texture":"#texture"}}},{"from":[9,11,10],"to":[10,11.5,10.5],"faces":{"down":{"uv":[10,3,11,2.5],"texture":"#texture"},"up":{"uv":[10,2.5,11,3],"texture":"#texture"},"north":{"uv":[10,2.5,11,3],"texture":"#texture"},"south":{"uv":[10,3,11,2.5],"texture":"#texture"},"west":{"uv":[10,2.5,10.5,3],"texture":"#texture"},"east":{"uv":[11,2.5,10.5,3],"texture":"#texture"}}},{"from":[10.5,11.5,10],"to":[11,12,10.5],"faces":{"down":{"uv":[11.5,2.5,12,2],"texture":"#texture"},"up":{"uv":[11.5,2,12,2.5],"texture":"#texture"},"north":{"uv":[11.5,2,12,2.5],"texture":"#texture"},"south":{"uv":[11.5,2.5,12,2],"texture":"#texture"},"west":{"uv":[11.5,2,12,2.5],"texture":"#texture"},"east":{"uv":[12,2,11.5,2.5],"texture":"#texture"}}},{"from":[9.5,11.5,10],"to":[10.5,12.5,10.5],"faces":{"down":{"uv":[10.5,2,11.5,2.5],"texture":"#texture"},"up":{"uv":[10.5,1.5,11.5,2],"texture":"#texture"},"north":{"uv":[11.5,1.5,10.5,2.5],"texture":"#texture"},"south":{"uv":[10.5,1.5,11.5,2.5],"texture":"#texture"},"west":{"uv":[10.5,1.5,11,2.5],"texture":"#texture"},"east":{"uv":[11,1.5,11.5,2.5],"texture":"#texture"}}},{"from":[8.5,8.5,10],"to":[10.5,11,10.5],"faces":{"down":{"uv":[9.5,5,11.5,5.5],"texture":"#texture"},"up":{"uv":[9.5,3,11.5,3.5],"texture":"#texture"},"north":{"uv":[11.5,3,9.5,5.5],"texture":"#texture"},"south":{"uv":[9.5,3,11.5,5.5],"texture":"#texture"},"west":{"uv":[9.5,3,10,5.5],"texture":"#texture"},"east":{"uv":[11,3,11.5,5.5],"texture":"#texture"}}},{"from":[6.5,10,10],"to":[8.5,12.5,10.5],"faces":{"down":{"uv":[7.5,3.5,9.5,4],"texture":"#texture"},"up":{"uv":[7.5,1.5,9.5,2],"texture":"#texture"},"north":{"uv":[9.5,1.5,7.5,4],"texture":"#texture"},"south":{"uv":[7.5,1.5,9.5,4],"texture":"#texture"},"west":{"uv":[7,2,7.5,4.5],"texture":"#texture"},"east":{"uv":[9,1.5,9.5,4],"texture":"#texture"}}},{"from":[6,8.5,10],"to":[8,11,10.5],"faces":{"down":{"uv":[7,5,9,5.5],"texture":"#texture"},"up":{"uv":[7,3,9,3.5],"texture":"#texture"},"north":{"uv":[9,3,7,5.5],"texture":"#texture"},"south":{"uv":[7,3,9,5.5],"texture":"#texture"},"west":{"uv":[7,3,7.5,5.5],"texture":"#texture"},"east":{"uv":[8.5,3,9,5.5],"texture":"#texture"}}},{"from":[5,10.5,10],"to":[6,12,10.5],"faces":{"down":{"uv":[6,3,7,3.5],"texture":"#texture"},"up":{"uv":[6,2,7,2.5],"texture":"#texture"},"north":{"uv":[7,2,6,3.5],"texture":"#texture"},"south":{"uv":[6,2,7,3.5],"texture":"#texture"},"west":{"uv":[6,2,6.5,3.5],"texture":"#texture"},"east":{"uv":[6.5,2,7,3.5],"texture":"#texture"}}},{"from":[4.5,10,10],"to":[6,11.5,10.5],"faces":{"down":{"uv":[5.5,3.5,7,4],"texture":"#texture"},"up":{"uv":[5.5,2.5,7,3],"texture":"#texture"},"north":{"uv":[7,2.5,5.5,4],"texture":"#texture"},"south":{"uv":[5.5,2.5,7,4],"texture":"#texture"},"west":{"uv":[5.5,2.5,6,4],"texture":"#texture"},"east":{"uv":[6.5,2.5,7,4],"texture":"#texture"}}},{"from":[4.5,8.5,10],"to":[5.5,10,10.5],"faces":{"down":{"uv":[6,5,7,5.5],"texture":"#texture"},"up":{"uv":[5.5,4,6.5,4.5],"texture":"#texture"},"north":{"uv":[6.5,4,5.5,5.5],"texture":"#texture"},"south":{"uv":[5.5,4,6.5,5.5],"texture":"#texture"},"west":{"uv":[5.5,4,6,5.5],"texture":"#texture"},"east":{"uv":[6,4,6.5,5.5],"texture":"#texture"}}},{"from":[7.5,13,11],"to":[9,13.5,11.5],"faces":{"down":{"uv":[8.5,0.5,10,1],"texture":"#texture"},"up":{"uv":[8.5,0.5,10,1],"texture":"#texture"},"north":{"uv":[10,0.5,8.5,1],"texture":"#texture"},"south":{"uv":[8.5,0.5,10,1],"texture":"#texture"},"west":{"uv":[8.5,0.5,9,1],"texture":"#texture"},"east":{"uv":[9.5,0.5,10,1],"texture":"#texture"}}},{"from":[-0.5,9,9],"to":[1.5,9.5,9.5],"faces":{"down":{"uv":[5.5,13.5,6,13],"texture":"#texture"},"up":{"uv":[5.5,13,6,13.5],"texture":"#texture"},"north":{"uv":[5.5,13,6,13.5],"texture":"#texture"},"south":{"uv":[5.5,13.5,6,13],"texture":"#texture"},"west":{"uv":[5.5,13,6,13.5],"texture":"#texture"},"east":{"uv":[6,13,5.5,13.5],"texture":"#texture"}}},{"from":[-0.5,7.5,9],"to":[3,9,9.5],"faces":{"down":{"uv":[5.5,13.5,6,13],"texture":"#texture"},"up":{"uv":[5.5,13,6,13.5],"texture":"#texture"},"north":{"uv":[5.5,13,6,13.5],"texture":"#texture"},"south":{"uv":[5.5,13.5,6,13],"texture":"#texture"},"west":{"uv":[5.5,13,6,13.5],"texture":"#texture"},"east":{"uv":[6,13,5.5,13.5],"texture":"#texture"}}},{"from":[0,6.5,9],"to":[3.5,8,9.5],"faces":{"down":{"uv":[5.5,13.5,6,13],"texture":"#texture"},"up":{"uv":[5.5,13,6,13.5],"texture":"#texture"},"north":{"uv":[5.5,13,6,13.5],"texture":"#texture"},"south":{"uv":[5.5,13.5,6,13],"texture":"#texture"},"west":{"uv":[5.5,13,6,13.5],"texture":"#texture"},"east":{"uv":[6,13,5.5,13.5],"texture":"#texture"}}},{"from":[0.5,5.5,9.5],"to":[3.5,6.5,10],"faces":{"down":{"uv":[5.5,13.5,6,13],"texture":"#texture"},"up":{"uv":[5.5,13,6,13.5],"texture":"#texture"},"north":{"uv":[5.5,13,6,13.5],"texture":"#texture"},"south":{"uv":[5.5,13.5,6,13],"texture":"#texture"},"west":{"uv":[5.5,13,6,13.5],"texture":"#texture"},"east":{"uv":[6,13,5.5,13.5],"texture":"#texture"}}},{"from":[1.5,5,10],"to":[3.5,5.5,10.5],"faces":{"down":{"uv":[5.5,13.5,6,13],"texture":"#texture"},"up":{"uv":[5.5,13,6,13.5],"texture":"#texture"},"north":{"uv":[5.5,13,6,13.5],"texture":"#texture"},"south":{"uv":[5.5,13.5,6,13],"texture":"#texture"},"west":{"uv":[5.5,13,6,13.5],"texture":"#texture"},"east":{"uv":[6,13,5.5,13.5],"texture":"#texture"}}},{"from":[12.5,5,10],"to":[14.5,5.5,10.5],"faces":{"down":{"uv":[5.5,13.5,6,13],"texture":"#texture"},"up":{"uv":[5.5,13,6,13.5],"texture":"#texture"},"north":{"uv":[5.5,13,6,13.5],"texture":"#texture"},"south":{"uv":[5.5,13.5,6,13],"texture":"#texture"},"west":{"uv":[5.5,13,6,13.5],"texture":"#texture"},"east":{"uv":[6,13,5.5,13.5],"texture":"#texture"}}},{"from":[12.5,5.5,9.5],"to":[15.5,6.5,10],"faces":{"down":{"uv":[5.5,13.5,6,13],"texture":"#texture"},"up":{"uv":[5.5,13,6,13.5],"texture":"#texture"},"north":{"uv":[5.5,13,6,13.5],"texture":"#texture"},"south":{"uv":[5.5,13.5,6,13],"texture":"#texture"},"west":{"uv":[5.5,13,6,13.5],"texture":"#texture"},"east":{"uv":[6,13,5.5,13.5],"texture":"#texture"}}},{"from":[12.5,6.5,9],"to":[16,8,9.5],"faces":{"down":{"uv":[5.5,13.5,6,13],"texture":"#texture"},"up":{"uv":[5.5,13,6,13.5],"texture":"#texture"},"north":{"uv":[5.5,13,6,13.5],"texture":"#texture"},"south":{"uv":[5.5,13.5,6,13],"texture":"#texture"},"west":{"uv":[5.5,13,6,13.5],"texture":"#texture"},"east":{"uv":[6,13,5.5,13.5],"texture":"#texture"}}},{"from":[13,7.5,9],"to":[16.5,9,9.5],"faces":{"down":{"uv":[5.5,13.5,6,13],"texture":"#texture"},"up":{"uv":[5.5,13,6,13.5],"texture":"#texture"},"north":{"uv":[5.5,13,6,13.5],"texture":"#texture"},"south":{"uv":[5.5,13.5,6,13],"texture":"#texture"},"west":{"uv":[5.5,13,6,13.5],"texture":"#texture"},"east":{"uv":[6,13,5.5,13.5],"texture":"#texture"}}},{"from":[14.5,9,9],"to":[16.5,9.5,9.5],"faces":{"down":{"uv":[5.5,13.5,6,13],"texture":"#texture"},"up":{"uv":[5.5,13,6,13.5],"texture":"#texture"},"north":{"uv":[5.5,13,6,13.5],"texture":"#texture"},"south":{"uv":[5.5,13.5,6,13],"texture":"#texture"},"west":{"uv":[5.5,13,6,13.5],"texture":"#texture"},"east":{"uv":[6,13,5.5,13.5],"texture":"#texture"}}},{"from":[12.5,6,9],"to":[15,6.5,9.5],"faces":{"down":{"uv":[5.5,13.5,6,13],"texture":"#texture"},"up":{"uv":[5.5,13,6,13.5],"texture":"#texture"},"north":{"uv":[5.5,13,6,13.5],"texture":"#texture"},"south":{"uv":[5.5,13.5,6,13],"texture":"#texture"},"west":{"uv":[5.5,13,6,13.5],"texture":"#texture"},"east":{"uv":[6,13,5.5,13.5],"texture":"#texture"}}},{"from":[1,6,9],"to":[3.5,6.5,9.5],"faces":{"down":{"uv":[5.5,13.5,6,13],"texture":"#texture"},"up":{"uv":[5.5,13,6,13.5],"texture":"#texture"},"north":{"uv":[5.5,13,6,13.5],"texture":"#texture"},"south":{"uv":[5.5,13.5,6,13],"texture":"#texture"},"west":{"uv":[5.5,13,6,13.5],"texture":"#texture"},"east":{"uv":[6,13,5.5,13.5],"texture":"#texture"}}},{"from":[3.5,2.5,10],"to":[12.5,8.5,10.5],"faces":{"down":{"uv":[5.5,14,12.5,14.5],"texture":"#texture"},"up":{"uv":[5.5,14,12.5,14.5],"texture":"#texture"},"north":{"uv":[12.5,14,5.5,14.5],"texture":"#texture"},"south":{"uv":[5.5,14,12.5,14.5],"texture":"#texture"},"west":{"uv":[6,14,6.5,15],"texture":"#texture"},"east":{"uv":[6,14,6.5,15],"texture":"#texture"}}},{"from":[3.5,6,9.5],"to":[12.5,8.5,10],"faces":{"down":{"uv":[5.5,14,12.5,14.5],"texture":"#texture"},"up":{"uv":[5.5,14,12.5,14.5],"texture":"#texture"},"north":{"uv":[12.5,14,5.5,14.5],"texture":"#texture"},"south":{"uv":[5.5,14,12.5,14.5],"texture":"#texture"},"west":{"uv":[6,14,6.5,15],"texture":"#texture"},"east":{"uv":[6,14,6.5,15],"texture":"#texture"}}},{"from":[4,5.5,3],"to":[4.5,7,10],"faces":{"down":{"uv":[3,15.5,3.5,16],"texture":"#texture"},"up":{"uv":[3,14.5,3.5,15],"texture":"#texture"},"north":{"uv":[3,14.5,3.5,16],"texture":"#texture"},"south":{"uv":[3,14.5,3.5,16],"texture":"#texture"},"west":{"uv":[3,14.5,3.5,16],"texture":"#texture"},"east":{"uv":[3,14.5,3.5,16],"texture":"#texture"}}},{"from":[4,2,3],"to":[4.5,3.5,10.5],"faces":{"down":{"uv":[3,15.5,3.5,16],"texture":"#texture"},"up":{"uv":[3,14.5,3.5,15],"texture":"#texture"},"north":{"uv":[3,14.5,3.5,16],"texture":"#texture"},"south":{"uv":[3,14.5,3.5,16],"texture":"#texture"},"west":{"uv":[3,14.5,3.5,16],"texture":"#texture"},"east":{"uv":[3,14.5,3.5,16],"texture":"#texture"}}},{"from":[11.5,5.5,3],"to":[12,7,10],"faces":{"down":{"uv":[3,15.5,3.5,16],"texture":"#texture"},"up":{"uv":[3,14.5,3.5,15],"texture":"#texture"},"north":{"uv":[3,14.5,3.5,16],"texture":"#texture"},"south":{"uv":[3,14.5,3.5,16],"texture":"#texture"},"west":{"uv":[3,14.5,3.5,16],"texture":"#texture"},"east":{"uv":[3,14.5,3.5,16],"texture":"#texture"}}},{"from":[11.5,2,3],"to":[12,3.5,10.5],"faces":{"down":{"uv":[3,15.5,3.5,16],"texture":"#texture"},"up":{"uv":[3,14.5,3.5,15],"texture":"#texture"},"north":{"uv":[3,14.5,3.5,16],"texture":"#texture"},"south":{"uv":[3,14.5,3.5,16],"texture":"#texture"},"west":{"uv":[3,14.5,3.5,16],"texture":"#texture"},"east":{"uv":[3,14.5,3.5,16],"texture":"#texture"}}},{"from":[4.5,5.5,2.5],"to":[11.5,7,3],"faces":{"down":{"uv":[3,15.5,3.5,16],"texture":"#texture"},"up":{"uv":[0.5,14.5,1,15],"texture":"#texture"},"north":{"uv":[0.5,14.5,1,16],"texture":"#texture"},"south":{"uv":[0.5,14.5,1,16],"texture":"#texture"},"west":{"uv":[0.5,14.5,1,16],"texture":"#texture"},"east":{"uv":[0.5,14.5,1,16],"texture":"#texture"}}},{"from":[4.5,2,2.5],"to":[11.5,3.5,3],"faces":{"down":{"uv":[3,15.5,3.5,16],"texture":"#texture"},"up":{"uv":[0.5,14.5,1,15],"texture":"#texture"},"north":{"uv":[0.5,14.5,1,16],"texture":"#texture"},"south":{"uv":[0.5,14.5,1,16],"texture":"#texture"},"west":{"uv":[0.5,14.5,1,16],"texture":"#texture"},"east":{"uv":[0.5,14.5,1,16],"texture":"#texture"}}},{"from":[7,5.5,2],"to":[9,7,2.5],"faces":{"down":{"uv":[0,15,0.5,14.5],"texture":"#texture"},"up":{"uv":[0,14.5,0.5,15],"texture":"#texture"},"north":{"uv":[0,14.5,0.5,15],"texture":"#texture"},"south":{"uv":[0,15,0.5,14.5],"texture":"#texture"},"west":{"uv":[0,14.5,0.5,15],"texture":"#texture"},"east":{"uv":[0.5,14.5,0,15],"texture":"#texture"}}},{"from":[7,7,2.5],"to":[9,7.5,3],"faces":{"down":{"uv":[0,15,0.5,14.5],"texture":"#texture"},"up":{"uv":[0,14.5,0.5,15],"texture":"#texture"},"north":{"uv":[0,14.5,0.5,15],"texture":"#texture"},"south":{"uv":[0,15,0.5,14.5],"texture":"#texture"},"west":{"uv":[0,14.5,0.5,15],"texture":"#texture"},"east":{"uv":[0.5,14.5,0,15],"texture":"#texture"}}},{"from":[7,5,2.5],"to":[9,5.5,3],"faces":{"down":{"uv":[0,15,0.5,14.5],"texture":"#texture"},"up":{"uv":[0,14.5,0.5,15],"texture":"#texture"},"north":{"uv":[0,14.5,0.5,15],"texture":"#texture"},"south":{"uv":[0,15,0.5,14.5],"texture":"#texture"},"west":{"uv":[0,14.5,0.5,15],"texture":"#texture"},"east":{"uv":[0.5,14.5,0,15],"texture":"#texture"}}},{"from":[7,3.5,2.5],"to":[9,4,3],"faces":{"down":{"uv":[0,15,0.5,14.5],"texture":"#texture"},"up":{"uv":[0,14.5,0.5,15],"texture":"#texture"},"north":{"uv":[0,14.5,0.5,15],"texture":"#texture"},"south":{"uv":[0,15,0.5,14.5],"texture":"#texture"},"west":{"uv":[0,14.5,0.5,15],"texture":"#texture"},"east":{"uv":[0.5,14.5,0,15],"texture":"#texture"}}},{"from":[7,1.5,2.5],"to":[9,2,3],"faces":{"down":{"uv":[0,15,0.5,14.5],"texture":"#texture"},"up":{"uv":[0,14.5,0.5,15],"texture":"#texture"},"north":{"uv":[0,14.5,0.5,15],"texture":"#texture"},"south":{"uv":[0,15,0.5,14.5],"texture":"#texture"},"west":{"uv":[0,14.5,0.5,15],"texture":"#texture"},"east":{"uv":[0.5,14.5,0,15],"texture":"#texture"}}},{"from":[7,2,2],"to":[9,3.5,2.5],"faces":{"down":{"uv":[0,15,0.5,14.5],"texture":"#texture"},"up":{"uv":[0,14.5,0.5,15],"texture":"#texture"},"north":{"uv":[0,14.5,0.5,15],"texture":"#texture"},"south":{"uv":[0,15,0.5,14.5],"texture":"#texture"},"west":{"uv":[0,14.5,0.5,15],"texture":"#texture"},"east":{"uv":[0.5,14.5,0,15],"texture":"#texture"}}}],"display":{"head":{"rotation":[0,180,0],"translation":[0,3.8,-1],"scale":[1.95,1.95,1.95]},"fixed":{"rotation":[0,180,0],"translation":[0,2.8,1.4],"scale":[2,2,2]},"gui":{"rotation":[-30,135,0],"translation":[0,1.4,0],"scale":[1.2,1.2,1.2]}}}