{
  "Skullfire.crystal": {
    "category": "master",
    "sounds": [
      "Skullfire/crystal"
    ]
  },
  "Skullfire.explodegrenade": {
    "category": "master",
    "sounds": [
      "Skullfire/explodegrenade"
    ]
  },
  "Skullfire.grenadethrow": {
    "category": "master",
    "sounds": [
      "Skullfire/grenadethrow"
    ]
  },
  "Skullfire.magnumshot": {
    "category": "master",
    "sounds": [
      "Skullfire/magnumshot01"
    ]
  },
  "Skullfire.pain": {
    "category": "master",
    "sounds": [
      "Skullfire/pain1",
      "Skullfire/pain2"
    ]
  },
  "Skullfire.select": {
    "category": "master",
    "sounds": [
      "Skullfire/select"
    ]
  },
  "Skullfire.smashed": {
    "category": "master",
    "sounds": [
      "Skullfire/smashed1",
      "Skullfire/smashed2",
      "Skullfire/smashed3"
    ]
  },
  "Skullfire.taunt": {
    "category": "master",
    "sounds": [
      "Skullfire/taunt"
    ]
  }
}